total_bucket,bets,wins,losses,pushes,units,avg_edge,median_edge,avg_odds,win_rate,roi
5.5,24,20,4,0,12.348731037935153,0.053489645065219193,0.0319675140806463,-125.45833333333333,0.8333333333333334,0.5145304599139647
6.5,120,87,33,0,41.65784889115901,0.054396584144489495,0.04406922954900435,-117.75,0.725,0.34714874075965846
