odds_bucket,bets,wins,losses,pushes,units,avg_edge,median_edge,avg_odds,win_rate,roi
minus_109_to_plus_100,29,21,8,0,12.196700902583254,0.052769551440378405,0.0444852216751068,-62.689655172413794,0.7241379310344828,0.42057589319252603
minus_124_to_minus_110,78,61,17,0,36.058019886214915,0.05418172969360615,0.0436532374229019,-115.08974358974359,0.782051282051282,0.46228230623352456
minus_149_to_minus_125,48,35,13,0,13.365121784143344,0.048259607586562676,0.034571528559697404,-132.75,0.7291666666666666,0.278440037169653
minus_199_to_minus_150,25,21,4,0,8.110375187366786,0.02802645459540899,0.0229189189189189,-172.04,0.84,0.32441500749467145
minus_200_or_lower,66,51,15,0,6.772511420689986,0.04180360741269547,0.0359836099504685,-234.8939393939394,0.7727272727272727,0.10261380940439373
plus_101_to_plus_125,2,2,0,0,2.0700000000000003,0.0485922336723596,0.0485922336723596,103.5,1.0,1.0350000000000001
plus_126_to_plus_150,1,1,0,0,1.42,0.0103713184506022,0.0103713184506022,142.0,1.0,1.42
