market_type,bets,wins,losses,pushes,units,avg_edge,median_edge,avg_odds,win_rate,roi
moneyline,24,20,4,0,9.463718587424971,0.018192598245476786,0.017324675324675153,-141.04166666666666,0.8333333333333334,0.3943216078093738
puck_line,81,65,16,0,16.522430664479153,0.041879560187040324,0.0369119638565531,-198.71604938271605,0.8024691358024691,0.20398062548739695
total,144,107,37,0,54.006579929094165,0.054245427631277786,0.0421370704363246,-119.03472222222223,0.7430555555555556,0.3750456939520428
