edge_bucket,bets,wins,losses,pushes,units,avg_edge,median_edge,avg_odds,win_rate,roi
0.00_to_0.0099,18,13,5,0,4.959308679318766,0.005914248638139811,0.00566114828399675,-131.27777777777777,0.7222222222222222,0.27551714885104256
0.01_to_0.0199,42,32,10,0,12.80937407061895,0.014870234747522783,0.01531278164580525,-144.47619047619048,0.7619047619047619,0.3049850969194988
0.02_to_0.0299,39,31,8,0,13.28356368368889,0.025074511923676816,0.024901214207659,-146.87179487179486,0.7948717948717948,0.3406041970176638
0.03_to_0.0399,38,26,12,0,5.089601049780336,0.034399084015774774,0.0333473364974131,-166.94736842105263,0.6842105263157895,0.13393686973106148
0.04_to_0.0499,31,24,7,0,11.600518965653748,0.04519368319956697,0.0452041480322285,-132.06451612903226,0.7741935483870968,0.37421028921463706
0.05_to_0.0749,29,24,5,0,8.252283552345501,0.06475588877595288,0.065534805447976,-174.6206896551724,0.8275862068965517,0.28456150180501727
0.075_to_0.0999,30,23,7,0,10.811329984927516,0.08703581082712047,0.08708308600954845,-145.16666666666666,0.7666666666666667,0.36037766616425054
0.10_plus,22,19,3,0,13.186749194664579,0.1242787064062534,0.1196284792971649,-118.45454545454545,0.8636363636363636,0.5993976906665718
