side_group,bets,wins,losses,pushes,units,avg_edge,median_edge,avg_odds,win_rate,roi
AWAY,65,54,11,0,16.473166776582445,0.039356048926258956,0.0329654871580866,-193.83076923076922,0.8307692307692308,0.25343333502434534
HOME,40,31,9,0,9.512982475321678,0.03176808882087192,0.025335648148148003,-172.05,0.775,0.23782456188304196
OVER,27,21,6,0,11.301111990316105,0.052056868665825005,0.0332966814928656,-124.74074074074075,0.7777777777777778,0.41855970334504095
UNDER,117,86,31,0,42.70546793877806,0.05475047970022842,0.0436532374229019,-117.71794871794872,0.7350427350427351,0.3650039994767355
