league,market_type,side_group,variable,Win,Loss,Push,Total,bets_excluding_pushes,bets_including_pushes,Win_Pct,units,roi,avg_odds,avg_ev,avg_kelly,avg_win_prob
nhl,total,OVER,0.0_to_5.5,2,0,0,2,2,2,1.0,1.6463414634146343,0.8231707317073171,-121.5,0.08017981837388274,0.0975616831516407,0.5934759949149324
nhl,total,UNDER,0.0_to_5.5,3,1,0,4,4,4,0.75,2.0023809523809524,0.5005952380952381,52.5,0.05657512298685542,0.05517441547751315,0.5221165465388504
nhl,total,UNDER,6.0_to_6.5,7,4,0,11,11,11,0.6363636363636364,1.8997453912208013,0.1727041264746183,-82.0,0.06081746678337709,0.07156189837475589,0.5734809196941637
