league,market_type,side_group,variable,Win,Loss,Push,Total,bets_excluding_pushes,bets_including_pushes,Win_Pct,units,roi,avg_odds,avg_ev,avg_kelly,avg_win_prob
nhl,total,ALL,0.55_to_0.6,7,3,0,10,10,10,0.7,2.573705902254483,0.2573705902254483,-124.2,0.06289910530690904,0.07795804255008973,0.5886628529420131
nhl,total,ALL,0.5_to_0.55,5,2,0,7,7,7,0.7142857142857143,2.9747619047619045,0.4249659863945578,43.857142857142854,0.060951601463320695,0.060488783547821647,0.528154251885848
