league,market_type,side_group,variable,Win,Loss,Push,Total,bets_excluding_pushes,bets_including_pushes,Win_Pct,units,roi,avg_odds,avg_ev,avg_kelly,avg_win_prob
nhl,total,ALL,0.0_to_5.5,5,1,0,6,6,6,0.8333333333333334,3.6487224157955866,0.6081204026325978,-5.5,0.0644433547825312,0.06930350470222234,0.5459030293308779
nhl,total,ALL,6.0_to_6.5,7,4,0,11,11,11,0.6363636363636364,1.8997453912208013,0.1727041264746183,-82.0,0.06081746678337709,0.07156189837475589,0.5734809196941637
