league,market_type,side_group,variable,Win,Loss,Push,Total,bets_excluding_pushes,bets_including_pushes,Win_Pct,units,roi,avg_odds,avg_ev,avg_kelly,avg_win_prob
nhl,total,ALL,0.05_to_0.075,11,5,0,16,16,16,0.6875,4.7151344736830545,0.2946959046051909,-50.9375,0.05998745603530465,0.06796977551439215,0.5615550959272231
nhl,total,ALL,0.075_to_0.1,1,0,0,1,1,1,1.0,0.8333333333333334,0.8333333333333334,-120.0,0.0958529667474608,0.1154855021053743,0.5988267577854977
