league,market_type,side_group,variable,Win,Loss,Push,Total,bets_excluding_pushes,bets_including_pushes,Win_Pct,units,roi,avg_odds,avg_ev,avg_kelly,avg_win_prob
nhl,total,ALL,OVER,2,0,0,2,2,2,1.0,1.6463414634146343,0.8231707317073171,-121.5,0.08017981837388274,0.0975616831516407,0.5934759949149324
nhl,total,ALL,UNDER,10,5,0,15,15,15,0.6666666666666666,3.9021263436017537,0.26014175624011693,-46.13333333333333,0.05968617510430464,0.06719190293549114,0.5597837535194136
