tree
version=v4
num_class=1
num_tree_per_iteration=1
label_index=0
max_feature_idx=37
objective=regression
feature_names=home_flag team_drives_roll3_mean team_drives_roll5_mean team_drives_ewm5 team_drives_season_to_date team_extra_point_attempts_lag1 team_extra_point_attempts_roll3_mean team_extra_point_attempts_roll5_mean team_extra_point_attempts_ewm5 team_extra_point_attempts_season_to_date team_points_per_drive_roll3_mean team_points_per_drive_roll5_mean team_points_per_drive_ewm5 team_red_zone_drives_roll3_mean team_red_zone_drives_roll5_mean team_red_zone_td_rate_roll3_mean team_red_zone_td_rate_roll5_mean team_off_epa_per_play_roll3_mean team_off_success_rate_roll3_mean opponent_points_per_drive_allowed_roll3_mean opponent_points_per_drive_allowed_roll5_mean opponent_red_zone_td_rate_allowed_roll3_mean opponent_red_zone_td_rate_allowed_roll5_mean matchup_expected_team_plays matchup_off_epa_vs_def_epa environment_divisional_game_flag environment_neutral_site_flag environment_temperature environment_wind environment_international_flag environment_weather_missing_flag environment_travel_missing_flag environment_team_rest_days environment_opponent_rest_days environment_team_miles_traveled environment_opponent_miles_traveled environment_team_time_zones_crossed environment_opponent_time_zones_crossed
feature_infos=[0:1] [8:16] [8:14.800000000000001] [8:14.865794470563653] [6:16] [0:10] [0:6.333333333333333] [0:6] [0:6] [0:8] [0.25641025641025644:4.2222222222222223] [0.33333333333333331:4.2222222222222223] [0.33333333333333331:4.2222222222222223] [0.66666666666666663:7.333333333333333] [1.3999999999999999:7] [0:1] [0:1] [-0.49774329166853981:0.44448121961232651] [0.26334650856389991:0.59701492537313428] [0.33333333333333331:4.2222222222222223] [0.33333333333333331:4.2222222222222223] [0:1] [0:1] [49.5:78.5] [-0.66009375668216697:0.79030825619748946] [0:1] [0:1] [1:97] [0:71] [0:1] [0:1] none [4:17] [4:17] [0:2719.8000000000002] [0:2719.8000000000002] [0:3] [0:3]
tree_sizes=2671 2865 2861 2855 2870 2865 2868 2876 2856 2870 2887 2869 2862 2868 2869 2863 2870 2887 2873 2865 2868 2878 2861 2878 2871 2886 2868 2882 2885 2873 2862 2874 2868 2875 2879 2859 2867 2878 2876 2852 2896 2879 2860 2881 2887 2868 2893 2893 2868

Tree=0
num_leaves=31
num_cat=0
split_feature=9 8 7 35 20 4 8 17 35 23 35 28 23 23 21 27 9 28 10 17 28 27 9 21 27 9 23 28 8 11
split_gain=546.389 134.43 81.9593 61.744 45.7504 38.2259 36.3429 33.7449 32.3397 30.7894 29.3953 26.8166 26.4517 26.3836 26.3354 24.4797 21.4558 21.3337 19.647 18.5786 18.1786 17.8029 17.7188 21.987 17.5846 19.6096 17.4779 17.1073 16.3807 15.1051
threshold=2.577380952380953 1.9153787761053656 3.7750000000000004 256.80000000000007 2.213521478521479 11.269696969696971 2.8022090941084707 0.085117786048459557 198.30000000000004 63.416666666666679 384.30000000000001 4.5000000000000009 64.250000000000014 67.208333333333357 0.63194444444444453 41.500000000000007 2.4226190476190479 6.5000000000000009 2.2434343434343442 -0.15155806050707477 5.5000000000000009 57.500000000000007 1.8062500000000001 0.61031746031746048 58.500000000000007 1.8708333333333336 63.083333333333343 11.500000000000002 4.0015383274205822 2.1474747474747482
decision_type=10 8 10 2 8 10 10 10 2 10 2 10 8 10 10 8 8 10 10 10 10 8 10 10 8 8 10 8 10 8
left_child=1 4 7 5 19 12 11 9 24 15 13 18 21 -4 -9 -2 -8 -14 22 -1 -17 -3 -5 -24 25 -6 -12 -16 -28 -11
right_child=2 3 10 6 8 -7 16 14 -10 29 26 -13 17 -15 27 20 -18 -19 -20 -21 -22 -23 23 -25 -26 -27 28 -29 -30 -31
leaf_value=2.3203059488587123 2.367110460058929 2.3320260447944046 2.358853317355055 2.3408451543798656 2.3213420749546545 2.326325260080254 2.3806763942471836 2.357416108353525 2.3427422064823626 2.3406435617721293 2.3694676028234718 2.3438624652775917 2.3529730628154546 2.3860094149073081 2.3915866503903653 2.3526948760311619 2.355733837000455 2.340773865567257 2.3730714986530508 2.3316720369073289 2.3426590114885015 2.3423151732777097 2.3589529372350224 2.337429788181709 2.3370282253832406 2.3376169541169589 2.3778442262712143 2.3679434581950884 2.4035866505493111 2.3592679406432167
leaf_weight=190 70 220 150 98 169 139 52 129 675 41 56 481 314 41 45 385 77 219 44 406 281 485 263 51 542 110 44 71 45 889
leaf_count=190 70 220 150 98 169 139 52 129 675 41 56 481 314 41 45 385 77 219 44 406 281 485 263 51 542 110 44 71 45 889
internal_value=2.34665 2.34066 2.35875 2.34544 2.33508 2.34124 2.35086 2.35635 2.33788 2.35482 2.37241 2.3488 2.34292 2.36468 2.36674 2.35023 2.36579 2.34796 2.35402 2.32805 2.34846 2.3391 2.35198 2.35546 2.33388 2.32776 2.3826 2.37712 2.39086 2.35845
internal_weight=6782 4535 2247 2443 2092 1377 1066 1911 1496 1666 336 937 1238 191 245 736 129 533 456 596 666 705 412 314 821 279 145 116 89 930
internal_count=6782 4535 2247 2443 2092 1377 1066 1911 1496 1666 336 937 1238 191 245 736 129 533 456 596 666 705 412 314 821 279 145 116 89 930
is_linear=0
shrinkage=1


Tree=1
num_leaves=31
num_cat=0
split_feature=9 8 7 0 20 8 17 20 35 19 35 17 23 21 28 23 20 27 13 6 17 23 27 9 23 28 8 2 14 5
split_gain=514.097 126.485 77.1155 58.1718 43.0466 34.5341 31.7506 30.9505 30.4285 29.4299 27.658 26.6694 24.8243 24.779 22.3803 21.5445 30.3797 28.2305 18.6815 18.0807 17.4806 16.7694 16.5454 18.4507 16.4449 16.0963 15.4126 15.2291 15.0008 14.8849
threshold=2.577380952380953 1.9153787761053656 3.7750000000000004 1.0000000180025095e-35 2.213521478521479 2.2892434256620553 0.085117786048459557 2.2203535353535355 198.30000000000004 1.842045454545455 384.30000000000001 -1.0000000180025095e-35 67.208333333333357 0.63194444444444453 6.5000000000000009 63.416666666666679 2.3569849758085053 41.500000000000007 3.8333333333333335 2.1666666666666674 -0.15155806050707477 63.916666666666679 58.500000000000007 1.8708333333333336 63.083333333333343 11.500000000000002 4.0015383274205822 11.550000000000002 3.7750000000000004 1.5000000000000002
decision_type=10 8 10 2 8 8 10 8 2 8 2 8 10 10 10 10 8 8 10 10 10 8 8 8 10 8 10 8 10 10
left_child=1 4 6 7 20 18 9 -3 22 -2 12 -7 -4 -8 21 16 -11 -18 27 -20 -1 28 23 -6 -12 -15 -26 -5 -9 -24
right_child=2 3 10 5 8 11 13 14 -10 15 24 -13 -14 25 -16 -17 17 -19 19 -21 -22 -23 29 -25 26 -27 -28 -29 -30 -31
leaf_value=-0.025556547723318401 -0.0063270088020435048 -0.015229353487966545 0.011834400022029876 -0.018582953594881914 -0.024551504695203882 -0.012795765155553817 0.010440306822920953 -0.0068984970830856486 -0.0037933772722880043 0.029010390469973737 0.02213025799819401 0.010023789747791775 0.038175814224452508 0.043585734049479165 -0.0092555728554725644 0.012091996339454607 0.023124617035018988 0.0011320166549305939 0.025403791644224308 -0.0010204459395673539 -0.014531441870434529 0.0056767003873691834 -0.0056537044056824276 -0.0087648717300458385 0.030255581682378595 0.020651837050075263 0.055225733776887255 -0.0022286148877306415 0.012522128035382525 -0.016048347367905082
leaf_weight=190 121 251 150 58 169 50 129 282 675 44 56 590 41 45 364 886 58 557 41 54 406 272 350 110 44 71 45 440 41 192
leaf_count=190 121 251 150 58 169 50 129 282 675 44 56 590 41 45 364 886 58 557 41 54 406 272 350 110 44 71 45 440 41 192
internal_value=-8.46347e-11 -0.00581404 0.0117342 -0.00117773 -0.0112282 0.00340819 0.00940377 -0.00585083 -0.008512 0.00792086 0.0249883 0.00824101 0.0174888 0.0194875 -0.00339618 0.00903672 0.00492901 0.00320612 -0.00180767 0.0103837 -0.0180462 0.000188393 -0.0123915 -0.0183274 0.0348669 0.0295486 0.0428809 -0.00413334 -0.00443334 -0.00933594
internal_weight=6782 4535 2247 2443 2092 1233 1911 1210 1496 1666 336 640 191 245 959 1545 659 615 593 95 596 595 821 279 145 116 89 498 323 542
internal_count=6782 4535 2247 2443 2092 1233 1911 1210 1496 1666 336 640 191 245 959 1545 659 615 593 95 596 595 821 279 145 116 89 498 323 542
is_linear=0
shrinkage=0.03


Tree=2
num_leaves=31
num_cat=0
split_feature=9 8 8 35 4 4 8 7 35 23 28 23 9 11 28 34 33 23 21 10 22 19 27 9 21 33 9 7 22 4
split_gain=483.714 119.01 72.7304 55.0824 40.5101 35.2477 33.3162 31.3944 26.0455 25.2304 25.1326 23.86 20.1949 19.4287 18.9741 18.8155 19.1528 18.7153 18.5191 18.2451 18.1713 18.9853 16.7021 16.5756 20.4191 14.3113 13.4895 13.1325 13.0133 13.0579
threshold=2.577380952380953 1.9153787761053656 3.2624559354895402 256.80000000000007 10.792857142857146 11.269696969696971 2.8022090941084707 4.1000000000000005 198.30000000000004 58.750000000000007 4.5000000000000009 64.250000000000014 2.4226190476190479 1.838675213675214 6.5000000000000009 106.40000000000002 6.5000000000000009 64.083333333333357 0.65515873015873027 2.2434343434343442 0.52714285714285725 1.9824138824138828 57.500000000000007 1.8062500000000001 0.61031746031746048 9.5000000000000018 2.2403846153846159 2.5500000000000003 0.72976190476190494 11.240384615384617
decision_type=10 8 10 2 10 10 10 10 2 10 10 8 8 10 10 2 2 10 10 10 8 10 8 10 10 2 10 10 10 10
left_child=1 4 9 5 8 11 10 18 -1 -2 19 22 -8 28 -13 20 -17 -9 -4 23 -11 -22 -3 -5 -25 -24 -10 -12 29 -6
right_child=2 3 7 6 13 -7 12 17 26 15 27 14 -14 -15 -16 16 -18 -19 -20 -21 21 -23 25 24 -26 -27 -28 -29 -30 -31
leaf_value=-0.011928728406825221 -0.0062070536850827984 -0.013974910375746814 0.013975900945520233 -0.0056764380907525823 -0.029982937574386595 -0.019430163303296343 0.032715236584727581 0.019768620400744324 -0.0051306304720140274 -0.0054400780498981473 -0.005441674477453206 0.0060194234540508051 0.0085166815155512318 -0.0039356503305555896 -0.0054853601284223057 0.015926418422624981 0.0024750421670096004 0.04130111046708547 0.029568503315632159 0.025418320115316997 0.011610222247653994 0.028707974608127886 -0.0024015950859941509 0.011825163494724738 -0.0089163956747335543 -0.020531129691489906 0.012218383703120918 0.0064378975911272892 -0.008196545441945393 -0.018466900199030835
leaf_weight=831 113 220 566 98 128 139 52 68 651 50 373 314 77 79 219 116 533 78 78 44 580 65 442 263 51 43 43 108 72 288
leaf_count=831 113 220 566 98 128 139 52 68 651 50 373 314 77 79 219 116 533 78 78 44 580 65 442 263 51 43 43 108 72 288
internal_value=1.11396e-10 -0.00563962 0.0113821 -0.0011424 -0.0108914 -0.00510589 0.00397741 0.018712 -0.00834585 0.00740783 0.00200955 -0.00349759 0.0182711 -0.0177378 0.00129232 0.00855253 0.00487929 0.0312723 0.0158644 0.0070557 0.0119827 0.0133333 -0.0071189 0.00509464 0.00845631 -0.00400896 -0.00405569 -0.00277433 -0.0199722 -0.0220103
internal_weight=6782 4535 2247 2443 2092 1377 1066 790 1525 1457 937 1238 129 567 533 1344 649 146 644 456 695 645 705 412 314 485 694 481 488 416
internal_count=6782 4535 2247 2443 2092 1377 1066 790 1525 1457 937 1238 129 567 533 1344 649 146 644 456 695 645 705 412 314 485 694 481 488 416
is_linear=0
shrinkage=0.03


Tree=3
num_leaves=31
num_cat=0
split_feature=9 8 7 0 20 8 17 20 35 19 35 17 23 21 28 23 20 27 13 6 17 9 27 28 23 23 6 7 14 8
split_gain=455.127 111.977 69.0725 51.9278 38.9128 31.276 29.0177 28.2113 27.212 27.2082 25.9806 24.6942 22.7634 22.3676 20.2001 19.9589 28.3544 26.497 17.4309 17.0138 16.1129 15.7872 16.5964 15.1355 15.0335 14.7706 14.2753 18.0855 14.1829 14.1701
threshold=2.577380952380953 1.9153787761053656 3.7750000000000004 1.0000000180025095e-35 2.213521478521479 2.2892434256620553 0.085117786048459557 2.2203535353535355 198.30000000000004 1.842045454545455 384.30000000000001 -1.0000000180025095e-35 67.208333333333357 0.63194444444444453 6.5000000000000009 63.416666666666679 2.3569849758085053 41.500000000000007 3.8333333333333335 2.1666666666666674 -0.15155806050707477 2.0312500000000004 58.500000000000007 11.500000000000002 63.083333333333343 63.916666666666679 2.4166666666666674 2.3666666666666671 3.7750000000000004 4.0015383274205822
decision_type=10 8 10 2 8 8 10 8 2 8 2 8 10 10 10 10 8 8 10 10 10 8 8 8 10 8 8 10 10 10
left_child=1 4 6 7 20 18 9 -3 21 -2 12 -7 -4 -8 25 16 -11 -18 -5 -20 -1 22 -6 -15 -12 28 27 -13 -9 -26
right_child=2 3 10 5 8 11 13 14 -10 15 24 26 -14 23 -16 -17 17 -19 19 -21 -22 -23 -24 -25 29 -27 -28 -29 -30 -31
leaf_value=-0.02425753073159017 -0.0062820169255753192 -0.014477215246612808 0.010901461756229401 -0.0039855085061975271 -0.020372917918364205 -0.012418876969814301 0.0098794366731200112 -0.0065088651535358836 -0.003519857883453369 0.027801590839570216 0.020981162073356766 0.003241974724964662 0.036125758152182511 0.041645916700363161 -0.0087464801475896931 0.011431112573324421 0.022169516333218276 0.00086286633511205974 0.024607388050090974 -0.001025350855456458 -0.013672531772716878 -0.0035400962934159395 -0.010296672240425559 0.01940702817809414 0.02871556953273036 0.0053765477448263592 0.0062102955671222617 0.022451440810709069 0.012374925220884927 0.05265812536080678
leaf_weight=190 121 251 150 498 225 50 129 282 675 44 56 66 41 45 364 886 58 557 41 54 406 171 425 71 44 272 391 133 41 45
leaf_count=190 121 251 150 498 225 50 129 282 675 44 56 66 41 45 364 886 58 557 41 54 406 171 425 71 44 272 391 133 41 45
internal_value=-9.62358e-12 -0.00547043 0.0110407 -0.00110813 -0.0105646 0.00322469 0.00883515 -0.00552331 -0.00798212 0.0074175 0.0235846 0.0078239 0.0163161 0.0184752 -0.0031798 0.00849041 0.00453675 0.00287227 -0.00173904 0.0100372 -0.0170469 -0.0116509 -0.0137846 0.0280342 0.0331589 0.000225702 0.00953939 0.0160805 -0.00411185 0.0408214
internal_weight=6782 4535 2247 2443 2092 1233 1911 1210 1496 1666 336 640 191 245 959 1545 659 615 593 95 596 821 650 116 145 595 590 199 323 89
internal_count=6782 4535 2247 2443 2092 1233 1911 1210 1496 1666 336 640 191 245 959 1545 659 615 593 95 596 821 650 116 145 595 590 199 323 89
is_linear=0
shrinkage=0.03


Tree=4
num_leaves=31
num_cat=0
split_feature=9 8 8 35 20 4 35 8 7 28 23 23 17 9 9 34 33 34 27 10 22 19 28 21 9 27 9 21 15 33
split_gain=428.229 105.359 65.5657 49.1922 36.6579 32.5015 31.5542 30.8743 28.0922 23.565 23.3869 21.531 19.4619 18.9696 18.2378 17.5567 17.9382 17.4802 17.4767 16.9345 16.9248 17.1101 16.8858 16.6091 15.6662 15.6602 15.5213 19.1185 15.3697 13.4643
threshold=2.577380952380953 1.9153787761053656 3.2624559354895402 256.80000000000007 1.9305477855477859 11.269696969696971 198.30000000000004 2.8022090941084707 4.1000000000000005 4.5000000000000009 58.750000000000007 64.250000000000014 -0.15433576209720543 2.4226190476190479 2.0312500000000004 106.40000000000002 6.5000000000000009 172.20000000000002 58.500000000000007 2.2434343434343442 0.52714285714285725 1.9824138824138828 6.5000000000000009 0.65515873015873027 2.2403846153846159 57.500000000000007 1.8062500000000001 0.61031746031746048 0.58809523809523823 9.5000000000000018
decision_type=10 8 10 2 8 10 2 10 10 10 10 8 10 8 8 2 2 2 8 10 8 10 10 10 10 8 10 10 10 2
left_child=1 4 10 5 12 11 14 9 23 19 -2 25 -1 -9 18 20 -17 -10 -6 26 -12 -22 -13 -4 -8 -3 -5 -28 -20 -27
right_child=2 3 8 7 6 -7 24 13 17 -11 15 22 -14 -15 -16 16 -18 -19 28 -21 21 -23 -24 -25 -26 29 27 -29 -30 -31
leaf_value=-0.028041231427774871 -0.0061720782254649472 -0.013354848776351321 0.013186779721465633 -0.0055568949270005125 -0.020732879916705735 -0.018575415433310778 -0.0049943067368708157 0.031522451014472888 0.039512607404275937 -0.0027632098479231284 -0.0054630870401859277 0.0057334280061494009 -0.013841625162981507 0.0080694751112492056 -0.0037618042930724132 0.015180930675103746 0.0021630601380824145 0.018734053692647388 -0.0092781175419086835 0.024446089044213293 0.011019180927810996 0.027250616463331073 -0.0051197942438190929 0.027953440180191625 0.012210097312927244 -0.0021456748617989987 0.011378822878513047 -0.0086913018892793084 -0.028058580780445142 -0.019730494937231374
leaf_weight=129 113 220 566 98 246 139 722 52 76 481 50 314 266 77 189 116 533 70 446 44 580 65 219 78 51 442 263 51 43 43
leaf_count=129 113 220 566 98 246 139 722 52 76 481 50 314 266 77 189 116 533 70 446 44 580 65 219 78 51 442 263 51 43 43
internal_value=-5.4248e-11 -0.00530632 0.0107095 -0.00107489 -0.0102477 -0.00482047 -0.00833176 0.00376345 0.0176689 0.00186907 0.00693597 -0.00327609 -0.018479 0.0175234 -0.0120734 0.00803807 0.00448983 0.0295503 -0.0142107 0.00675532 0.0113515 0.0126549 0.00127404 0.0149753 -0.00385922 -0.00671612 0.00486602 0.00811903 -0.0109296 -0.00370474
internal_weight=6782 4535 2247 2443 2092 1377 1697 1066 790 937 1457 1238 395 129 924 1344 649 146 735 456 695 645 533 644 773 705 412 314 489 485
internal_count=6782 4535 2247 2443 2092 1377 1697 1066 790 937 1457 1238 395 129 924 1344 649 146 735 456 695 645 533 644 773 705 412 314 489 485
is_linear=0
shrinkage=0.03


Tree=5
num_leaves=31
num_cat=0
split_feature=9 8 7 0 4 8 17 20 19 35 17 35 23 21 34 23 28 11 13 27 8 6 23 25 28 19 23 6 28 9
split_gain=402.92 99.1321 61.8634 46.3541 35.1624 28.5741 26.5286 25.711 25.1529 23.779 22.8872 21.9341 21.2666 20.1893 18.5439 23.9973 18.2329 17.8063 16.2708 16.0554 18.048 16.0272 15.646 15.048 14.2318 14.048 13.9922 13.7585 17.4575 13.8097
threshold=2.577380952380953 1.9153787761053656 3.7750000000000004 1.0000000180025095e-35 10.792857142857146 2.2892434256620553 0.085117786048459557 2.2203535353535355 1.842045454545455 384.30000000000001 -1.0000000180025095e-35 198.30000000000004 67.208333333333357 0.63194444444444453 87.000000000000014 60.916666666666679 6.5000000000000009 1.838675213675214 3.8333333333333335 47.500000000000007 2.6515874386570411 2.1666666666666674 66.208333333333357 1.0000000180025095e-35 11.500000000000002 1.9285113035113037 63.083333333333343 2.4166666666666674 5.5000000000000009 2.4226190476190479
decision_type=10 8 10 2 10 8 10 8 8 2 8 2 10 10 2 10 10 10 10 8 10 10 10 2 8 8 10 8 10 10
left_child=1 4 6 7 11 18 8 -3 -2 12 -7 -1 -4 -8 19 -16 -9 -6 25 20 -10 -20 23 -21 -15 -5 -11 28 -12 -29
right_child=2 3 9 5 17 10 13 16 14 26 27 -13 -14 24 15 -17 -18 -19 21 22 -22 -23 -24 -25 -26 -27 -28 29 -30 -31
leaf_value=-0.010856648937459457 -0.0062265060534161965 -0.013762063509914503 0.010072156220674514 -0.020685959480157712 -0.018457884025744727 -0.012040944921970368 0.0093517477637113534 0.00025854499099635278 0.0081432471105030609 0.019670691538069929 0.024361248314380645 -0.0036316898447979425 0.03445304837168716 0.039798942446708681 -0.0072016464514056524 0.0070455641740160739 -0.0082655669363972898 -0.0031054825571518907 0.023825614575932665 0.010290177072620721 0.030783173715415064 -0.0010528365108701916 0.016544738747571647 -0.0013203906548487675 0.018234187268035513 -0.0023546531972530376 0.038811422077457552 0.0091354114646764132 0.0065898796825697931 -0.0037873594522476193
leaf_weight=831 121 251 150 41 488 50 129 595 56 56 100 694 41 45 127 656 364 79 41 289 73 54 190 154 71 457 89 291 99 100
leaf_count=831 121 251 150 41 488 50 129 595 56 56 100 694 41 45 127 656 364 79 41 289 73 54 190 154 71 457 89 291 99 100
internal_value=-5.97189e-11 -0.00514713 0.0103882 -0.00104264 -0.00994027 0.00305105 0.00830091 -0.00521414 0.00694543 0.0222594 0.0074471 -0.0075687 0.0153058 0.0175182 0.00797702 0.00473471 -0.00297688 -0.0163188 -0.00169343 0.0113087 0.020955 0.00968418 0.00934285 0.006254 0.0265998 -0.00386386 0.0314191 0.00909863 0.0155202 0.00583035
internal_weight=6782 4535 2247 2443 2092 1233 1911 1210 1666 336 640 1525 191 245 1545 783 959 567 593 762 129 95 633 443 116 498 145 590 199 391
internal_count=6782 4535 2247 2443 2092 1233 1911 1210 1666 336 640 1525 191 245 1545 783 959 567 593 762 129 95 633 443 116 498 145 590 199 391
is_linear=0
shrinkage=0.03


Tree=6
num_leaves=31
num_cat=0
split_feature=9 8 8 35 20 4 8 6 35 28 23 20 27 3 27 14 2 19 10 23 10 23 9 21 4 23 17 4 9 27
split_gain=379.108 93.2734 59.1001 43.8697 33.5678 29.8169 28.6955 26.6771 22.9083 21.7101 21.3399 20.3776 21.3382 19.2617 18.128 17.5568 16.5076 16.9126 21.475 16.0645 15.7453 14.95 14.4969 17.8239 14.2453 14.2124 14.0624 15.8389 13.9573 14.6077
threshold=2.577380952380953 1.9153787761053656 3.2624559354895402 256.80000000000007 2.213521478521479 11.269696969696971 2.8022090941084707 4.416666666666667 198.30000000000004 4.5000000000000009 58.750000000000007 1.6552020202020203 57.500000000000007 11.102523860167606 42.500000000000007 4.1000000000000005 11.900000000000002 1.8573232323232323 2.4702982202982207 66.416666666666686 2.2434343434343442 63.416666666666679 1.8062500000000001 0.61031746031746048 10.792857142857146 63.083333333333343 -0.14970602546067605 11.14835164835165 2.0312500000000004 58.500000000000007
decision_type=10 8 10 2 8 10 10 10 2 10 10 8 8 8 10 10 10 10 10 10 10 10 10 10 8 10 10 10 8 8
left_child=1 4 10 5 24 11 9 13 28 20 -2 -3 19 -4 -8 -14 17 21 -19 -13 22 -12 -5 -24 -1 -9 27 -26 29 -6
right_child=2 3 7 6 8 -7 14 25 -10 -11 16 12 15 -15 -16 -17 -18 18 -20 -21 -22 -23 23 -25 26 -27 -28 -29 -30 -31
leaf_value=-0.0079071124097344226 -0.00602733481774288 -0.019553998312912879 0.026623034394278967 -0.0054734055971612733 -0.018796875798702237 -0.017723148130684447 0.006973321731776407 0.017227243626346953 -0.0031492351108127169 -0.0027148049344887602 0.0029094397309441236 -0.011842132657216483 -0.00096422117053663443 0.012154263430686384 0.02966337093817336 0.013908433552029765 -0.009729393683373928 0.026071815146133302 0.0014957384951412678 0.0036081200379591716 0.023479765233668414 0.0098477993342611526 0.010890966847595605 -0.0084877254156505363 -0.038459256803447549 0.037636398160457607 -0.014208828057970068 -0.018829390459356055 -0.0029833637256371347 -0.0093435811642338228
leaf_weight=157 113 64 97 98 225 139 73 52 675 481 477 271 746 566 56 79 48 96 48 78 44 675 263 51 55 75 271 113 171 425
leaf_count=157 113 64 97 98 225 139 73 52 675 481 477 271 746 566 56 79 48 96 48 78 44 675 263 51 55 75 271 113 171 425
internal_value=-7.71204e-11 -0.00499271 0.0100765 -0.00101136 -0.00964206 -0.00454851 0.00355774 0.0166839 -0.00724345 0.00173142 0.00649393 -0.00306929 -0.00217064 0.0142711 0.0168233 0.000459948 0.00754669 0.00818654 0.0178798 -0.00838907 0.00642142 0.00697488 0.00459965 0.00774347 -0.0156627 0.0292799 -0.0184364 -0.0252558 -0.0106096 -0.0126159
internal_weight=6782 4535 2247 2443 2092 1377 1066 790 1496 937 1457 1238 1174 663 129 825 1344 1296 144 349 456 1152 412 314 596 127 439 168 821 650
internal_count=6782 4535 2247 2443 2092 1377 1066 790 1496 937 1457 1238 1174 663 129 825 1344 1296 144 349 456 1152 412 314 596 127 439 168 821 650
is_linear=0
shrinkage=0.03


Tree=7
num_leaves=31
num_cat=0
split_feature=9 8 7 0 20 35 8 17 20 19 35 17 23 28 24 34 23 17 28 9 27 13 6 27 8 9 23 25 15 28
split_gain=356.702 87.7609 55.6218 41.4217 31.9166 26.979 26.0602 24.3529 23.2304 23.2287 22.3263 21.1988 19.9646 19.6773 17.4898 17.4557 21.8822 17.1605 16.904 16.226 15.619 15.179 15.0915 15.0067 16.8868 14.6887 14.4416 14.215 14.1079 13.883
threshold=2.577380952380953 1.9153787761053656 3.7750000000000004 1.0000000180025095e-35 1.9305477855477859 198.30000000000004 2.2892434256620553 0.085117786048459557 2.2203535353535355 1.842045454545455 384.30000000000001 -1.0000000180025095e-35 67.208333333333357 11.500000000000002 0.085106294861939755 87.000000000000014 60.916666666666679 -0.15433576209720543 6.5000000000000009 2.0312500000000004 58.500000000000007 3.8333333333333335 2.1666666666666674 47.500000000000007 2.6515874386570411 2.2403846153846159 66.208333333333357 1.0000000180025095e-35 0.58809523809523823 4.5000000000000009
decision_type=10 8 10 2 8 2 8 10 8 8 2 8 10 10 10 2 10 10 10 8 8 10 10 8 10 10 10 2 10 10
left_child=1 4 7 8 17 19 21 9 -3 -2 12 -8 -4 14 -9 23 -17 -1 -10 20 -6 -5 -23 24 -11 -7 27 -25 -22 -16
right_child=2 3 10 6 5 25 11 13 18 15 -12 -13 -14 -15 29 16 -18 -19 -20 -21 28 22 -24 26 -26 -27 -28 -29 -30 -31
leaf_value=-0.026012454944294553 -0.0061617280013305095 -0.013049446149057601 0.0092219210982322688 -0.003738568692681301 -0.01920657314541863 -0.0045285512789712381 -0.01166848731637001 0.038659831479191775 0.00031754123463350182 0.0076533614790865352 0.029906211622830092 0.0086764165769189078 0.032844673206166526 4.428216639687033e-05 0.0091983343438899259 -0.0070562099823801537 0.0065486277635322838 -0.012678800515998574 -0.0078900526316611312 -0.003185045827948858 -0.0083567288357580712 0.023069442699595197 -0.0010718492335743375 0.0097748723079589001 0.029552844807709734 0.012130434039761039 0.015738721061693994 -0.001509741467314881 -0.026349772592616633 0.027669073984026907
leaf_weight=129 121 251 150 498 246 722 50 40 595 56 145 590 41 51 94 127 656 266 364 189 446 41 54 289 73 51 190 154 43 60
leaf_count=129 121 251 150 498 246 722 50 40 595 56 145 590 41 51 94 127 656 266 364 189 446 41 54 289 73 51 190 154 43 60
internal_value=-3.05186e-11 -0.00484293 0.00977423 -0.00098102 -0.0093528 -0.00756505 0.00288874 0.00779507 -0.00492434 0.00649636 0.0210307 0.00708697 0.0142928 0.0166263 0.0209855 0.0074877 0.00434197 -0.0170333 -0.00279775 -0.0110248 -0.0130408 -0.00164223 0.00934702 0.0107201 0.0200461 -0.00342945 0.00881958 0.005852 -0.00993894 0.0163947
internal_weight=6782 4535 2247 2443 2092 1697 1233 1911 1210 1666 336 640 191 245 194 1545 783 395 959 924 735 593 95 762 129 773 633 443 489 154
internal_count=6782 4535 2247 2443 2092 1697 1233 1911 1210 1666 336 640 191 245 194 1545 783 395 959 924 735 593 95 762 129 773 633 443 489 154
is_linear=0
shrinkage=0.03


Tree=8
num_leaves=31
num_cat=0
split_feature=9 8 8 35 4 4 8 6 9 9 23 23 35 3 28 20 11 2 19 10 28 9 27 3 23 27 33 8 9 23
split_gain=335.621 82.5742 53.4463 39.1389 30.1213 27.4243 26.5193 24.5315 21.7947 19.6208 19.4643 19.3871 18.4241 17.9057 16.7517 16.4942 16.3211 15.3209 15.3565 20.5238 14.6229 13.5464 16.9888 19.6694 13.5345 13.5114 14.3874 13.3576 13.8839 13.229
threshold=2.577380952380953 1.9153787761053656 3.2624559354895402 256.80000000000007 10.792857142857146 11.269696969696971 2.4448141352090809 4.416666666666667 2.379807692307693 2.4494949494949503 58.750000000000007 64.250000000000014 198.30000000000004 11.102523860167606 6.5000000000000009 2.213521478521479 1.838675213675214 11.900000000000002 1.8573232323232323 2.4702982202982207 6.5000000000000009 4.1291666666666673 56.500000000000007 11.647324817585391 63.416666666666679 56.500000000000007 9.5000000000000018 2.8022090941084707 2.4226190476190479 63.083333333333343
decision_type=10 8 10 2 10 10 8 10 10 10 10 8 2 8 10 8 10 10 10 10 10 10 10 8 10 8 2 10 8 10
left_child=1 4 10 5 12 11 8 13 -5 15 -2 25 -1 -4 -10 -8 -6 18 24 -20 -13 22 23 -15 -12 -3 -27 -17 -29 -9
right_child=2 3 7 6 16 -7 9 29 14 -11 17 20 -14 21 -16 27 -18 -19 19 -21 -22 -23 -24 -25 -26 26 -28 28 -30 -31
leaf_value=-0.0098906366198932213 -0.0058842621176643708 -0.012536224958143737 0.025359841413104656 -0.0028647849553233976 -0.017023758447622175 -0.016927577281812968 -0.0020197290122509004 0.016215069431525009 0.019650948460285481 -0.0021036591184766668 0.0026731584188323348 0.0055935408545147837 -0.0032689418401086021 -0.0059771047085523605 -0.001335820511716311 0.011642841508514003 -0.0023255788657484174 -0.0095640257000923143 0.024941034447401762 0.00091541232541203488 -0.0045062965440423519 0.025278719177371574 0.0021848252432983971 0.016431950258486198 0.0092748940865198769 -0.001808693637450536 -0.019423107708925788 0.038746094873973298 0.014352940959589822 0.035905436408519745
leaf_weight=831 113 209 97 546 488 139 50 52 78 95 477 314 694 40 61 152 79 48 96 48 219 57 172 297 675 450 46 42 42 75
leaf_count=831 113 209 97 546 488 139 50 52 78 95 477 314 694 40 61 152 79 48 96 48 219 57 172 297 675 450 46 42 42 75
internal_value=-6.45966e-12 -0.00469764 0.009481 -0.000951589 -0.00907222 -0.00429258 0.00336412 0.0157644 -0.000164794 0.00970876 0.00607408 -0.00287395 -0.00687722 0.0134507 0.0104409 0.0136325 -0.0149759 0.00707951 0.00769593 0.0169325 0.0014437 0.0114097 0.00985657 0.0137721 0.00654136 -0.00613822 -0.00344229 0.0169486 0.0265495 0.0278432
internal_weight=6782 4535 2247 2443 2092 1377 1066 790 685 381 1457 1238 1525 663 139 286 567 1344 1296 144 533 566 509 337 1152 705 496 236 84 127
internal_count=6782 4535 2247 2443 2092 1377 1066 790 685 381 1457 1238 1525 663 139 286 567 1344 1296 144 533 566 509 337 1152 705 496 236 84 127
is_linear=0
shrinkage=0.03


Tree=9
num_leaves=31
num_cat=0
split_feature=9 8 8 0 20 35 8 6 20 17 23 3 17 28 9 34 33 22 27 19 13 6 9 6 7 2 15 9 27 19
split_gain=315.786 77.6941 50.2876 36.9798 29.1878 24.2775 23.3617 23.0817 21.1697 19.7106 18.3139 16.8474 15.9011 15.2415 15.2161 14.7631 16.5899 15.4085 14.716 14.4475 14.2551 14.2147 13.7786 13.6165 17.0008 13.2556 13.1365 12.7458 15.9847 18.6168
threshold=2.577380952380953 1.9153787761053656 3.2624559354895402 1.0000000180025095e-35 1.9305477855477859 198.30000000000004 2.2892434256620553 4.416666666666667 2.2203535353535355 -1.0000000180025095e-35 58.750000000000007 11.102523860167606 -0.15433576209720543 6.5000000000000009 2.0312500000000004 106.40000000000002 6.5000000000000009 0.52714285714285725 58.500000000000007 1.9824138824138828 3.8333333333333335 2.1666666666666674 2.2403846153846159 2.4166666666666674 2.3666666666666671 11.550000000000002 0.58809523809523823 4.1291666666666673 56.500000000000007 1.5821428571428573
decision_type=10 8 10 2 8 2 8 10 8 8 10 8 10 10 8 2 2 8 8 10 10 10 10 8 10 8 10 10 10 10
left_child=1 4 10 8 12 14 20 11 -3 -8 -2 -4 -1 -10 18 17 -17 -12 -6 -19 25 -22 -7 24 -11 -5 -20 28 29 -13
right_child=2 3 7 6 5 22 9 -9 13 23 15 27 -14 -15 -16 16 -18 19 26 -21 21 -23 -24 -25 -26 -27 -28 -29 -30 -31
leaf_value=-0.024788256848967353 -0.0057077342403673492 -0.012405310551602525 0.024599046310813156 -0.017069073568644195 -0.018309563460146509 -0.0042318523737119506 -0.011376885098218917 0.027007941221158335 0.0003392813178170629 0.0021817601810802112 -0.0061381850123405452 0.016197590987230167 -0.011953207044337029 -0.0074542622632541491 -0.0027805268717190574 0.013894872588330302 0.001375776182084325 0.0096461135452163629 -0.0077870184126322571 0.02456122614328678 0.022410753420213373 -0.0010187127855088975 0.011902825376566718 0.004989541839913029 0.0208062632012188 -0.0018111337250606579 -0.025149605366033174 0.024520357298223595 0.0021192807929460394 -0.0041560106011147195
leaf_weight=129 113 251 97 58 246 722 50 127 595 66 50 290 266 364 189 116 533 580 446 65 41 54 51 391 133 440 43 57 172 47
leaf_count=129 113 251 97 58 246 722 50 127 595 66 50 290 266 364 189 116 533 580 446 65 41 54 51 391 133 440 43 57 172 47
internal_value=-1.07771e-11 -0.00455671 0.00919657 -0.000923042 -0.00880005 -0.00709044 0.00273335 0.0152915 -0.00464894 0.00670827 0.00589186 0.0130471 -0.0161449 -0.00261885 -0.0103724 0.00686712 0.0036134 0.00990549 -0.0123246 0.0111492 -0.00155662 0.00909295 -0.00316734 0.00824092 0.0146293 -0.00358816 -0.00931379 0.0110674 0.00956087 0.013359
internal_weight=6782 4535 2247 2443 2092 1697 1233 790 1210 640 1457 663 395 959 924 1344 649 695 735 645 593 95 773 590 199 498 489 566 509 337
internal_count=6782 4535 2247 2443 2092 1697 1233 790 1210 640 1457 663 395 959 924 1344 649 695 735 645 593 95 773 590 199 498 489 566 509 337
is_linear=0
shrinkage=0.03


Tree=10
num_leaves=31
num_cat=0
split_feature=9 7 8 23 17 35 14 27 17 28 35 21 27 23 34 23 28 34 23 7 27 22 23 35 22 9 21 34 3 23
split_gain=297.415 64.1249 52.811 35.3558 35.2264 27.7309 27.5317 25.8183 24.3684 22.6795 21.4323 20.3325 18.9752 18.5947 18.0468 16.5868 18.1326 16.5774 16.5087 16.4206 16.1188 15.2016 14.6784 14.5423 16.7589 14.4201 13.1136 13.0484 12.76 12.69
threshold=2.3452380952380958 3.7750000000000004 2.0475921912058905 62.083333333333343 -0.095097628372307411 1.0000000180025095e-35 3.9000000000000004 55.500000000000007 0.14407151763604911 7.5000000000000009 384.30000000000001 0.62738095238095248 59.500000000000007 67.208333333333357 469.20000000000005 59.416666666666679 6.5000000000000009 1085.6000000000001 67.083333333333357 2.7750000000000004 53.500000000000007 0.45357142857142857 61.416666666666679 224.60000000000002 0.73214285714285732 1.8819444444444446 0.5194444444444446 289.80000000000007 11.402076321935533 63.083333333333343
decision_type=10 10 8 8 8 2 8 8 10 10 2 10 8 10 2 10 10 2 10 10 8 10 10 2 10 10 10 2 8 10
left_child=2 4 6 12 -2 8 21 17 15 -5 13 18 14 -3 -4 -6 -17 -8 -7 -11 -13 -1 -22 26 -25 28 -23 -27 -14 -12
right_child=1 10 3 9 5 11 7 -9 -10 19 29 20 25 -15 -16 16 -18 -19 -20 -21 22 23 -24 24 -26 27 -28 -29 -30 -31
leaf_value=-0.023632238772258445 -0.020184846181184685 0.0079847427571056694 -0.0093550453159738992 0.0060384736303708058 -0.0088584463336205087 0.0059819239805846943 -0.0099887256121093566 -0.0038008021498423311 0.018177466280758382 -0.0074736385901526701 0.016887682857257981 0.035181795441827104 0.017711893298796244 0.030766413051907606 -0.032162328630685806 0.0060256805315127351 -0.0019275663087242527 -0.027235204310793622 0.014954917835521287 0.0096918638902051095 -0.00085959597676992406 -0.0038850344816113219 0.022601836837828158 -0.0093942387111973572 0.011122479790023395 -0.0012730939725858976 -0.018670475085102421 -0.015856039971113206 -0.0019075429728887612 0.035076842496792479
leaf_weight=106 47 151 102 597 118 902 418 1206 88 246 56 43 42 41 45 674 418 57 232 63 40 68 60 244 42 113 262 108 103 90
leaf_count=106 47 151 102 597 118 902 418 1206 88 246 56 43 42 41 45 674 418 57 232 63 40 68 60 244 42 113 262 108 103 90
internal_value=6.2718e-11 0.00713876 -0.00552871 -0.000939653 0.00555339 0.00602318 -0.00823861 -0.00613412 0.00293521 0.00262367 0.0194371 0.00916193 -0.00723277 0.0128496 -0.0163369 0.00182669 0.00298131 -0.0120583 0.00781767 -0.00397388 0.019822 -0.0131384 0.0132173 -0.0113326 -0.00638129 -0.0035762 -0.0156238 -0.0083996 0.00377533 0.0281002
internal_weight=6782 2960 3822 1419 2622 2575 2403 1681 1298 906 338 1277 513 192 147 1210 1092 475 1134 309 143 722 100 616 286 366 330 221 145 146
internal_count=6782 2960 3822 1419 2622 2575 2403 1681 1298 906 338 1277 513 192 147 1210 1092 475 1134 309 143 722 100 616 286 366 330 221 145 146
is_linear=0
shrinkage=0.03


Tree=11
num_leaves=31
num_cat=0
split_feature=9 8 8 35 20 4 8 35 35 35 7 28 20 27 14 27 23 17 10 23 10 2 27 35 4 9 19 10 9 21
split_gain=281.509 68.6887 45.3927 33.8441 26.2997 24.9112 23.8774 22.2041 21.9021 32.9533 19.948 19.5583 17.7245 18.602 17.4164 17.0038 16.6634 14.7037 14.536 14.2433 14.2082 14.0893 14.0251 13.7195 15.1092 13.7052 13.4747 19.5129 13.2517 16.4449
threshold=2.577380952380953 1.9153787761053656 3.2624559354895402 256.80000000000007 1.9305477855477859 11.269696969696971 2.8022090941084707 198.30000000000004 1760.4000000000003 106.40000000000002 3.7750000000000004 4.5000000000000009 1.6172222222222223 57.500000000000007 4.1000000000000005 42.500000000000007 58.750000000000007 -0.15433576209720543 2.2434343434343442 66.416666666666686 1.167540792540793 11.900000000000002 53.500000000000007 2325.0500000000006 10.773504273504276 2.2403846153846159 1.8573232323232323 2.4702982202982207 1.8062500000000001 0.61031746031746048
decision_type=10 8 10 2 8 10 10 2 2 2 10 10 8 8 10 10 10 10 10 10 8 10 8 2 8 10 10 10 10 10
left_child=1 4 16 5 17 12 11 20 9 -4 22 18 -3 19 -15 -8 -2 -1 28 -14 -6 26 -11 24 -9 -26 -18 -28 -5 -30
right_child=2 3 8 6 7 -7 15 23 -10 10 -12 -13 13 14 -16 -17 21 -19 -20 -21 -22 -23 -24 -25 25 -27 27 -29 29 -31
leaf_value=-0.023575710219352744 -0.0055211883915209136 -0.019448841942681205 0.010238888864692352 -0.0054681309510250485 -0.026249590138594309 -0.016034672943164973 0.00568855297075559 0.014108533941361369 -0.0051657561212778095 0.031066608941832254 0.031233190122349506 -0.0027586135045158636 -0.0108527203169736 -0.00086003609011583873 0.013703036900700592 0.027663815234388621 0.0059832503879442816 -0.011233375796249934 0.022303240156986495 0.003671771391079976 -0.0089663104847734695 -0.0094869144260883321 0.011339110894636673 -0.020026441421359776 -0.0042501260717399411 0.013059039684859188 0.02352573400363326 9.9275670945644367e-05 0.010191696464108876 -0.0084222499412648817
leaf_weight=129 113 54 422 98 45 139 73 49 48 43 145 481 275 749 82 56 1152 266 44 78 879 48 132 40 640 44 96 48 263 51
leaf_count=129 113 54 422 98 45 139 73 49 48 43 145 481 275 749 82 56 1152 266 44 78 879 48 132 40 640 44 96 48 263 51
internal_value=-2.55091e-11 -0.00430231 0.00868312 -0.000885707 -0.00829215 -0.0039925 0.00312748 -0.00666932 0.0144738 0.0157443 0.0230045 0.00146153 -0.00264043 -0.00187383 0.000576994 0.0152282 0.00554336 -0.0152642 0.00591304 -0.00764334 -0.00980803 0.00647364 0.0161864 -0.00291749 -0.00198385 -0.00313667 0.00706477 0.0157169 0.00416263 0.00716841
internal_weight=6782 4535 2247 2443 2092 1377 1066 1697 790 742 320 937 1238 1184 831 129 1457 395 456 353 924 1344 175 773 733 684 1296 144 412 314
internal_count=6782 4535 2247 2443 2092 1377 1066 1697 790 742 320 937 1238 1184 831 129 1457 395 456 353 924 1344 175 773 733 684 1296 144 412 314
is_linear=0
shrinkage=0.03


Tree=12
num_leaves=31
num_cat=0
split_feature=9 8 8 0 20 6 8 27 17 35 35 8 23 3 23 23 5 19 18 13 6 6 7 23 34 9 9 28 20 15
split_gain=264.872 64.6292 42.71 31.9959 25.1128 20.7447 20.4961 19.1471 18.1984 16.8173 16.4207 16.5705 16.4733 15.5379 15.2861 14.7897 14.2616 13.7378 13.7413 13.2272 13.5298 13.1696 15.9435 13.1004 13.8325 12.6442 12.3844 12.3889 12.2441 12.8975
threshold=2.577380952380953 1.9153787761053656 3.2624559354895402 1.0000000180025095e-35 2.213521478521479 4.416666666666667 2.2892434256620553 57.500000000000007 -1.0000000180025095e-35 197.65000000000001 1142.4500000000003 2.5949545396375746 63.416666666666679 11.102523860167606 66.416666666666686 58.916666666666679 2.5000000000000004 1.842045454545455 0.47075387870043367 3.8333333333333335 2.1666666666666674 2.4166666666666674 2.3666666666666671 63.083333333333343 228.90000000000001 2.4226190476190479 2.1180555555555558 3.5000000000000004 1.7020357420357424 0.59285714285714297
decision_type=10 8 10 2 8 10 8 8 8 2 2 10 10 8 10 8 10 10 8 10 10 8 10 10 2 10 10 10 8 8
left_child=1 4 10 7 -1 13 19 14 -8 16 12 -12 17 -4 -3 -9 23 18 -2 -5 -21 22 -10 -6 -25 -23 -24 -28 -17 -30
right_child=2 3 5 6 9 -7 8 15 21 -11 11 -13 -14 -15 -16 28 -18 -19 -20 20 -22 25 26 24 -26 -27 27 -29 29 -31
leaf_value=-0.013250907691720647 -0.01603375749455558 -0.013457840368475603 0.023005754880069458 -0.0034332363047154552 -0.011974029976874589 0.025147081960843302 -0.011112417250871658 -0.012495261409452982 0.0019662147895856338 -0.0025170637885165528 0.0020030811461417574 0.017858811802492883 0.0071755191451301804 0.010010649630595853 0.0023291711444440094 -0.014251873700155151 -0.023793747064967952 0.011797793828524077 3.2367625657249896e-05 0.021775124182061449 -0.0010829758147398632 0.0077027416935901045 0.0065272268652915959 -0.016054685123159853 -0.0014339825331612869 -0.0046626736611127852 0.038720405861735342 0.01641843269853031 0.013196339539506217 -0.00073250034498050811
leaf_weight=596 54 276 97 498 360 127 50 105 66 687 92 167 641 566 69 54 54 78 425 41 54 291 42 71 324 100 40 51 66 640
leaf_count=596 54 276 97 498 360 127 50 105 66 687 92 167 641 566 69 54 54 78 425 41 54 291 42 71 324 100 40 51 66 640
internal_value=3.22489e-11 -0.00417324 0.00842263 -0.000859136 -0.00804339 0.0140396 0.00254195 -0.00432487 0.00626512 -0.00596874 0.00537706 0.0122267 0.00389622 0.0119119 -0.0103004 -0.00194156 -0.00889988 0.000122372 -0.00177884 -0.00147631 0.0087821 0.0077378 0.0140205 -0.00783463 -0.00406201 0.00454023 0.0200023 0.0262215 -0.000483478 0.000569629
internal_weight=6782 4535 2247 2443 2092 790 1233 1210 640 1496 1457 259 1198 663 345 865 809 557 479 593 95 590 199 755 395 391 133 91 760 706
internal_count=6782 4535 2247 2443 2092 790 1233 1210 640 1496 1457 259 1198 663 345 865 809 557 479 593 95 590 199 755 395 391 133 91 760 706
is_linear=0
shrinkage=0.03


Tree=13
num_leaves=31
num_cat=0
split_feature=9 7 8 23 17 17 34 14 27 28 35 23 23 27 34 34 7 28 22 9 24 34 33 23 35 22 19 27 4 21
split_gain=250.441 54.0006 44.239 32.3428 31.9002 24.8145 24.925 23.7437 23.7385 20.7808 19.031 17.491 17.3287 16.8225 16.1979 15.3262 15.273 14.8139 13.8762 13.6676 12.9859 14.2134 14.9016 17.3979 12.7759 15.5653 12.4992 12.3543 13.2352 12.2272
threshold=2.3452380952380958 3.7750000000000004 2.0475921912058905 62.083333333333343 -0.095097628372307411 0.080697313460637174 113.95 3.9000000000000004 55.500000000000007 7.5000000000000009 384.30000000000001 67.208333333333357 67.083333333333357 59.500000000000007 469.20000000000005 1085.6000000000001 2.7750000000000004 11.500000000000002 0.45357142857142857 1.8397435897435901 0.047156001384485745 228.90000000000001 6.5000000000000009 59.416666666666679 224.60000000000002 0.73214285714285732 2.1116161616161619 64.500000000000014 10.464102564102566 0.5194444444444446
decision_type=10 10 8 8 8 10 2 8 8 10 2 10 10 8 2 2 10 10 10 8 10 2 2 10 2 10 8 10 10 10
left_child=2 4 7 13 -2 6 12 18 15 -5 11 -3 -6 14 -4 -9 -11 27 -1 -15 21 -8 -23 -24 29 -26 -10 28 -7 -20
right_child=1 10 3 9 5 17 20 8 26 16 -12 -13 -14 19 -16 -17 -18 -19 24 -21 -22 22 23 -25 25 -27 -28 -29 -30 -31
leaf_value=-0.022129771734394552 -0.019397008184422838 0.0069108061975990702 -0.0088498383015394207 0.0058036398513233237 0.0056705059656887808 -0.00022930961102247239 -0.012106031738221645 -0.0092898454998383683 0.0075914298691626258 -0.0071556901786385511 0.025999951710643832 0.029006050665204116 0.014787216978737071 0.0095139007294764277 -0.030457270214955014 -0.025872717370328147 0.0093991629424549274 -0.00013958126306533813 -0.0030656204969786546 -0.0060419356388146757 -0.011642963459545916 0.01101695525470902 -0.013045000989522252 0.0025891571293603505 -0.008641366537843571 0.011131214637841497 -0.0042134674628522377 0.031626618330071611 0.017633048907986709 -0.017342597413665922
leaf_weight=106 47 151 102 597 901 48 60 418 87 246 146 41 237 61 45 57 63 59 68 305 66 170 70 755 244 42 1119 41 168 262
leaf_count=106 47 151 102 597 901 48 60 418 87 246 146 41 237 61 45 57 63 59 68 305 66 170 70 755 244 42 1119 41 168 262
internal_value=-1.0876e-12 0.0065508 -0.00507335 -0.000873208 0.00509595 0.00554301 0.00444154 -0.00755359 -0.00559924 0.0025349 0.0178366 0.0116291 0.00756915 -0.00689221 -0.0154644 -0.0112798 -0.00378043 0.0134171 -0.0121038 -0.0034493 0.0012665 0.00207411 0.00292919 0.00126262 -0.0103786 -0.0057377 -0.00336187 0.0165293 0.0136636 -0.0144007
internal_weight=6782 2960 3822 1419 2622 2575 2259 2403 1681 906 338 192 1138 513 147 475 309 316 722 366 1121 1055 995 825 616 286 1206 257 216 330
internal_count=6782 2960 3822 1419 2622 2575 2259 2403 1681 906 338 192 1138 513 147 475 309 316 722 366 1121 1055 995 825 616 286 1206 257 216 330
is_linear=0
shrinkage=0.03


Tree=14
num_leaves=31
num_cat=0
split_feature=9 8 7 35 4 4 8 23 28 19 27 28 8 9 20 27 9 25 9 14 23 11 10 3 35 23 9 21 35 14
split_gain=236.149 57.0471 39.0023 29.5434 22.9597 22.9457 21.7999 21.7624 17.6971 17.4929 17.7042 21.4577 16.6956 16.474 15.8398 15.6985 15.2323 17.1286 15.1145 15.1098 14.2982 14.2251 13.4338 13.1459 12.553 12.2497 12.2481 15.2305 11.7615 17.829
threshold=2.577380952380953 1.9153787761053656 4.1000000000000005 256.80000000000007 11.269696969696971 10.792857142857146 2.8022090941084707 63.416666666666679 4.5000000000000009 1.8830197580197583 41.500000000000007 6.5000000000000009 4.0015383274205822 2.4226190476190479 1.6552020202020203 57.500000000000007 2.2403846153846159 1.0000000180025095e-35 3.2403846153846159 4.1000000000000005 64.083333333333357 1.838675213675214 2.2434343434343442 11.985014063021712 198.30000000000004 66.416666666666686 1.8062500000000001 0.61031746031746048 87.000000000000014 4.9000000000000012
decision_type=10 8 10 2 10 10 10 10 10 10 8 10 10 8 8 8 10 2 10 10 10 10 10 10 2 10 10 10 2 10
left_child=1 5 7 4 14 16 8 9 22 10 -2 -12 23 -8 -3 25 24 -18 -11 -17 -4 -7 26 28 -1 -16 -5 -28 -9 -30
right_child=2 3 20 6 -6 21 13 12 -10 18 11 -13 -14 -15 15 19 17 -19 -20 -21 -22 -23 -24 -25 -26 -27 27 -29 29 -31
leaf_value=-0.0090509208882893471 0.014832488389576182 -0.016965309823863208 0.012943855549978173 -0.0053763504934554191 -0.0152903905618105 -0.014641103270028519 0.027530784532427788 0.0064928331067053121 -0.0026834334312258539 0.0059888649958631263 0.0042486997679356603 -0.0064473937997278179 0.027824509289454329 0.0056748917002182502 -0.009988241183581827 -0.0007040589144977743 0.017831730491974774 -0.006755627200883978 0.026350216006531434 0.013093249950605101 0.031691591865741289 -0.0009191046975835968 0.021321828697215425 -0.007688987029761802 -0.0033950665806021007 0.0035034061739077937 0.0096817918422104285 -0.0082317113087457764 0.010942811521767045 0.029146203059289191
leaf_weight=772 85 64 69 98 139 488 52 534 481 92 465 265 44 77 271 746 51 51 51 79 78 79 44 41 651 78 263 51 469 54
leaf_count=772 85 64 69 98 139 488 52 534 481 92 465 265 44 77 271 746 51 51 51 79 78 79 44 41 651 78 263 51 469 54
internal_value=1.92389e-11 -0.00394047 0.00795284 -0.00082683 -0.00372952 -0.00757652 0.00292271 0.00690712 0.00133089 0.00357274 0.00187466 0.000365871 0.00970427 0.014485 -0.00243149 -0.00163919 -0.00566073 0.00553805 0.0132506 0.000617138 0.0228916 -0.0127292 0.00556529 0.00897814 -0.00646346 -0.00697292 0.00388255 0.00677227 0.00962464 0.0128223
internal_weight=6782 4535 2247 2443 1377 2092 1066 2100 937 958 815 730 1142 129 1238 1174 1525 102 143 825 147 567 456 1098 1423 349 412 314 1057 523
internal_count=6782 4535 2247 2443 1377 2092 1066 2100 937 958 815 730 1142 129 1238 1174 1525 102 143 825 147 567 456 1098 1423 349 412 314 1057 523
is_linear=0
shrinkage=0.03


Tree=15
num_leaves=31
num_cat=0
split_feature=9 9 8 23 14 4 19 6 21 12 17 28 23 27 35 9 27 8 6 5 18 21 27 9 23 14 34 27 8 37
split_gain=222.478 49.291 39.2798 30.1728 29.3752 25.685 25.4684 24.5852 25.9081 21.445 19.3797 19.0923 18.7558 21.9601 17.8028 21.3654 17.4117 17.2592 19.2741 16.5935 15.2835 16.8119 15.2576 15.05 15.6667 15.0557 14.9589 14.7926 17.1086 14.76
threshold=2.3452380952380958 3.0690476190476197 2.0475921912058905 62.083333333333343 4.9000000000000012 10.925824175824177 1.5655270655270657 4.416666666666667 0.66071428571428581 1.3470641458155486 -0.095097628372307411 7.5000000000000009 63.416666666666679 41.500000000000007 365.55000000000001 2.4226190476190479 54.500000000000007 2.720394796551886 3.8333333333333335 3.5000000000000004 0.44144099662834557 0.5361111111111112 59.500000000000007 2.1291666666666669 68.750000000000014 3.9000000000000004 469.20000000000005 75.500000000000014 2.4589506844070042 1.5000000000000002
decision_type=10 10 8 8 10 10 8 10 10 8 8 10 10 10 2 10 8 10 10 10 8 8 8 10 10 8 2 10 10 2
left_child=2 4 9 22 10 -6 -3 8 12 -1 -2 -5 13 19 20 -16 -11 -14 -19 -8 -12 -22 26 24 25 -18 -4 28 29 -17
right_child=1 6 3 11 5 -7 7 -9 -10 16 14 -13 17 -15 15 27 23 18 -20 -21 21 -23 -24 -25 -26 -27 -28 -29 -30 -31
leaf_value=-0.01627716705353149 -0.017447987087937288 -0.00603920952143038 -0.0084447823946966847 0.0056009135241784037 0.0042441134154796601 0.030330220650542868 0.028868611603975296 0.026797322097044544 0.027223064603238572 -0.010710156421631471 -0.012203651436522037 -0.0035855547620833499 -0.0046952046557914373 -0.0029829064677547477 0.023280205499558219 0.019315993311631419 -0.011601101731619804 0.01959190221883917 0.005041472923395963 0.0049518656212350597 0.019018443638974047 0.00064027128858047547 -0.0033587269826990656 0.0046489217369393866 0.0062378649939047659 -0.0044813289409558451 -0.029209400450189906 -0.0068466091766414871 0.0028578858695379118 0.0020464682714505626
leaf_weight=210 43 68 102 597 70 66 42 103 82 578 79 309 43 179 63 137 363 279 116 69 47 956 366 143 95 1014 45 83 369 66
leaf_count=210 43 68 102 597 70 66 42 103 82 578 79 309 43 179 63 137 363 279 116 69 47 956 366 143 95 1014 45 83 369 66
internal_value=4.21473e-11 0.00617427 -0.00478174 -0.000824014 0.00344861 0.0169035 0.0116728 0.012992 0.0112365 -0.00711883 0.00245573 0.00246778 0.00943582 0.003518 0.00293121 0.00659374 -0.00624184 0.013354 0.0153189 0.0140014 0.000500811 0.00150146 -0.00663759 -0.00464265 -0.00554529 -0.00635822 -0.0148013 0.00498878 0.00670615 0.0137013
internal_weight=6782 2960 3822 1419 1979 136 981 913 810 2403 1843 906 728 290 1800 718 2193 438 395 111 1082 1003 513 1615 1472 1377 147 655 572 203
internal_count=6782 2960 3822 1419 1979 136 981 913 810 2403 1843 906 728 290 1800 718 2193 438 395 111 1082 1003 513 1615 1472 1377 147 655 572 203
is_linear=0
shrinkage=0.03


Tree=16
num_leaves=31
num_cat=0
split_feature=9 8 8 0 20 35 35 7 35 23 27 28 7 35 8 23 9 11 27 17 9 9 8 8 35 4 9 11 19 23
split_gain=210.513 50.3091 35.2919 27.3225 21.3681 20.4884 28.7306 18.7736 18.3711 16.9412 16.8457 16.4136 16.4023 14.7788 15.2348 14.2376 13.4241 13.3838 13.2833 13.0506 12.9511 12.9631 15.971 12.9389 12.8812 14.414 11.6067 10.6218 10.9423 10.58
threshold=2.577380952380953 1.9153787761053656 3.2624559354895402 1.0000000180025095e-35 1.9305477855477859 1760.4000000000003 106.40000000000002 2.9000000000000004 198.30000000000004 66.583333333333357 59.500000000000007 6.5000000000000009 3.7750000000000004 1142.4500000000003 2.6258079717173426 58.750000000000007 2.3923076923076927 2.0032002208318 53.500000000000007 -0.15433576209720543 2.0312500000000004 1.0312500000000002 1.3769066410044244 3.0509913600071132 2325.0500000000006 10.773504273504276 2.2403846153846159 2.4201976495726503 1.8030303030303034 58.916666666666679
decision_type=10 8 10 2 8 2 2 10 2 10 8 10 10 2 10 10 8 8 8 10 8 10 10 10 2 8 10 10 8 8
left_child=1 4 13 9 19 6 -4 11 20 10 -3 -5 18 15 -15 -2 -9 -13 -8 -1 21 -6 -23 -16 25 -10 -27 28 -17 -12
right_child=2 3 5 7 8 -7 12 16 24 -11 29 17 -14 14 23 27 -18 -19 -20 -21 -22 22 -24 -25 -26 26 -28 -29 -30 -31
leaf_value=-0.021249836204725123 -0.007937848337234989 -0.011623492853752538 0.0087029348342057087 0.0040531964593323207 -0.001693039474315768 -0.0063804909959435463 0.028921426513860392 0.025289244532585142 0.014362905338710668 0.0029395124725849027 -0.011968626127961804 -0.016987591636808293 0.028084219990105463 0.0022115284248309976 0.022732605477625675 -0.0084334494106805147 0.0055669167419759233 -0.0014064118301121435 0.0097227229177951815 -0.0096220017594278312 -0.0015231394566713817 -0.019570957194769478 -0.0089630789840792081 0.0039275234684031058 -0.018837577253580092 -0.0035055483748437834 0.0124233863028613 0.012831464318128732 0.0041236008611486479 -0.0014503559002318096
leaf_weight=129 93 306 422 661 129 48 43 50 49 251 102 57 145 102 110 67 82 383 132 266 189 183 423 47 40 640 44 117 921 551
leaf_count=129 93 306 422 661 129 48 43 50 49 251 102 57 145 102 110 67 82 383 132 266 189 183 423 47 40 640 44 117 921 551
internal_value=2.00422e-12 -0.00372045 0.00750878 -0.000796461 -0.00713502 0.0126147 0.0138435 0.00234644 -0.00567224 -0.00399911 -0.00581516 0.00106468 0.0206226 0.0047403 0.0112384 0.00333544 0.0130375 -0.00342488 0.0144401 -0.0134194 -0.00852721 -0.0103283 -0.0121664 0.0171031 -0.00225956 -0.0013549 -0.00248088 0.00428423 0.00327206 -0.00309333
internal_weight=6782 4535 2247 2443 2092 790 742 1233 1697 1210 959 1101 320 1457 259 1198 132 440 175 395 924 735 606 157 773 733 684 1105 988 653
internal_count=6782 4535 2247 2443 2092 790 742 1233 1697 1210 959 1101 320 1457 259 1198 132 440 175 395 924 735 606 157 773 733 684 1105 988 653
is_linear=0
shrinkage=0.03


Tree=17
num_leaves=31
num_cat=0
split_feature=9 8 7 34 28 7 3 23 20 34 2 21 9 24 27 21 28 35 24 27 23 18 28 23 23 7 28 8 25 9
split_gain=198.072 47.3359 33.6997 25.751 23.4156 24.2033 20.4985 21.788 20.1686 18.6033 16.7941 16.4851 17.3742 16.4492 18.3633 16.1107 15.3683 14.3353 14.1285 13.7103 13.3915 12.7123 13.3753 11.8586 11.6244 17.1515 19.1809 17.1707 14.3698 16.4288
threshold=2.577380952380953 1.9153787761053656 4.1000000000000005 255.05000000000004 6.5000000000000009 2.5500000000000003 12.086278931862676 63.416666666666679 2.213521478521479 1760.4000000000003 11.100000000000001 0.45515873015873021 3.2403846153846159 0.10559618998578396 41.500000000000007 0.71458333333333346 5.5000000000000009 1226.1000000000001 0.16105579928074712 57.500000000000007 64.083333333333357 0.38992100175287753 5.5000000000000009 58.250000000000007 62.708333333333343 1.7750000000000001 10.500000000000002 1.4951704190028956 1.0000000180025095e-35 1.851648351648352
decision_type=10 8 10 2 10 10 10 10 8 2 10 10 10 10 8 10 10 2 10 8 10 10 10 8 10 10 10 10 2 10
left_child=1 8 6 4 -3 10 7 11 -1 19 -6 13 15 14 -2 -13 -16 24 -9 21 -4 22 -5 -21 -10 26 -26 -28 29 -27
right_child=2 3 20 9 5 -7 -8 18 17 -11 -12 12 -14 -15 16 -17 -18 -19 -20 23 -22 -23 -24 -25 25 28 27 -29 -30 -31
leaf_value=-0.011587791877640325 0.017068048935869464 0.0051498368939887863 0.011542505181354025 0.0021759260501434553 -0.0043790223464498599 0.007049142859876156 -0.011275312291650935 0.0087111235781779321 -0.0093508188912709202 0.0044751008571182159 -0.022660872285755782 0.010698538890906741 0.022083088066670802 -0.015947476809329175 0.0048942761605276774 -0.011476677278193032 -0.0048485019382308514 0.0026144817861586964 0.021799841981381178 -0.016640576496720315 0.029686104191037326 -0.025054114411274593 -0.014686620953290359 -0.0025300785510104667 -0.0037578654974320174 0.00033277795347104591 -0.029102301723876241 -0.0050751048250465974 -0.0051336391885911138 0.021039145278223488
leaf_weight=596 69 822 69 67 347 160 58 1028 580 181 52 105 77 47 340 41 255 191 80 59 78 54 115 586 354 83 59 49 121 59
leaf_count=596 69 822 69 67 347 160 58 1028 580 181 52 105 77 47 340 41 255 191 80 59 78 54 115 586 354 83 59 49 121 59
internal_value=-5.13135e-11 -0.00360883 0.00728351 -0.000772567 0.00192842 -0.00280863 0.00631148 0.00681101 -0.00692097 -0.00428486 -0.00676162 0.00343581 0.0105525 0.00120373 0.00241774 0.00447125 0.0007188 -0.00506173 0.00965616 -0.00608458 0.0211697 -0.0122716 -0.00847898 -0.00382081 -0.00618522 -0.00365275 -0.0071342 -0.0182011 0.00246297 0.00893613
internal_weight=6782 4535 2247 2443 1381 559 2100 2042 2092 1062 399 934 223 711 664 146 595 1496 1108 881 147 236 182 645 1305 725 462 108 263 142
internal_count=6782 4535 2247 2443 1381 559 2100 2042 2092 1062 399 934 223 711 664 146 595 1496 1108 881 147 236 182 645 1305 725 462 108 263 142
is_linear=0
shrinkage=0.03


Tree=18
num_leaves=31
num_cat=0
split_feature=9 8 7 13 17 35 28 35 35 28 9 25 32 22 7 17 9 23 35 35 35 20 27 34 34 8 14 34 23 34
split_gain=187.194 42.1067 33.9197 29.4897 27.1578 24.3121 23.1603 22.0803 26.8761 20.9962 18.2938 19.3667 30.6849 17.6008 17.4948 17.0382 17.0051 16.013 15.4936 28.9542 14.3441 15.6983 13.5688 13.2986 13.9962 13.0241 13.0072 12.1612 11.9641 11.8589
threshold=2.3452380952380958 3.2624559354895402 2.9000000000000004 4.166666666666667 -0.095097628372307411 414.55000000000001 6.5000000000000009 1760.4000000000003 106.40000000000002 12.500000000000002 1.720779220779221 1.0000000180025095e-35 6.5000000000000009 0.39476190476190481 3.7750000000000004 0.14765729727949409 2.4226190476190479 66.416666666666686 2191.4500000000003 924.4000000000002 224.60000000000002 1.9542424242424243 75.500000000000014 220.95000000000002 1056.9000000000003 1.3769066410044244 4.9000000000000012 331.60000000000008 62.708333333333343 113.95
decision_type=10 10 8 8 8 2 10 2 2 10 8 2 2 10 10 10 10 10 2 2 2 10 10 2 2 10 10 2 10 2
left_child=2 4 3 9 -2 15 10 8 27 13 -5 12 -12 -1 -10 17 -7 -6 19 25 -15 -22 26 -4 -25 -8 -18 -3 -27 -19
right_child=1 7 23 6 5 16 18 -9 14 -11 11 -13 -14 20 -16 -17 22 29 -20 -21 21 -23 -24 24 -26 28 -28 -29 -30 -31
leaf_value=-0.023042254442205794 -0.019614215418696401 -0.003061208989667265 0.014222644622388638 -0.0059651413494843063 -0.0015263122963596223 0.022548767260529779 -0.016142673649674942 -0.0078860818684101108 0.013001592796845514 -0.022495593180879948 0.024797205358743666 -0.0041388600058950894 0.0022960605174303056 -0.010411048434250347 0.026925820026495684 0.016795812175899257 0.007134890484809875 0.017640470171516591 -0.024341713806917499 0.0047786719015529078 -0.0090612802230382594 0.0031950872996360951 -0.0038689539907500142 -0.011125327725377348 0.011393715931993464 -0.011427876899139053 0.024781179796904324 0.010123533574453166 -0.0035003801606394149 0.0033553469269758177
leaf_weight=65 45 76 114 458 887 66 155 50 183 100 60 383 600 457 146 61 625 66 43 186 176 202 96 54 46 279 40 367 444 252
leaf_count=65 45 76 114 458 887 66 155 50 183 100 60 383 600 457 146 61 625 66 43 186 176 202 96 54 46 279 40 367 444 252
internal_value=1.87543e-11 0.00566354 -0.00438621 -0.0050745 0.00344492 0.0039407 -0.00339504 0.0114341 0.0126854 -0.00945453 -0.000967188 0.0012275 0.00434162 -0.00800553 0.0191807 0.00132743 0.00794118 0.000544381 -0.00668701 -0.00597352 -0.006835 -0.00251158 0.00667429 0.00721834 -0.000766568 -0.00825132 0.00819632 0.00786159 -0.00655954 0.00632018
internal_weight=6782 2960 3822 3608 2138 2093 2608 822 772 1000 1501 1043 660 900 329 1266 827 1205 1107 1064 835 378 761 214 100 878 665 443 723 318
internal_count=6782 2960 3822 3608 2138 2093 2608 822 772 1000 1501 1043 660 900 329 1266 827 1205 1107 1064 835 378 761 214 100 878 665 443 723 318
is_linear=0
shrinkage=0.03


Tree=19
num_leaves=31
num_cat=0
split_feature=9 8 6 34 28 7 23 4 34 2 28 27 3 27 4 11 9 23 9 25 8 18 28 5 35 34 21 19 8 8
split_gain=176.589 41.9277 31.1736 23.4036 21.4188 22.3307 19.241 18.3149 17.2377 15.3811 15.3518 16.9646 21.8273 12.8089 12.6717 17.1183 12.4062 16.0346 12.3524 15.2444 12.0612 11.8535 12.4679 11.7779 11.3943 16.8116 15.9437 13.1133 11.3918 14.264
threshold=2.577380952380953 1.9153787761053656 4.416666666666667 255.05000000000004 6.5000000000000009 2.5500000000000003 63.416666666666679 10.792857142857146 1760.4000000000003 11.100000000000001 5.5000000000000009 41.500000000000007 11.025315136747599 57.500000000000007 11.184659090909092 1.8341647241647243 3.1291666666666669 60.583333333333343 2.2403846153846159 1.0000000180025095e-35 4.0015383274205822 0.38992100175287753 5.5000000000000009 4.5000000000000009 87.000000000000014 2145.7500000000005 0.66468253968253976 1.9824138824138828 2.720394796551886 2.4682668127921894
decision_type=10 8 10 2 10 10 10 10 2 10 10 10 8 8 10 10 10 10 10 2 10 10 10 10 2 2 10 8 10 10
left_child=1 7 6 4 -3 9 10 18 13 -6 16 -12 -13 21 -9 -16 -2 -18 -1 -20 24 22 -5 -4 25 -8 27 -26 29 -29
right_child=2 3 23 8 5 -7 20 14 -10 -11 11 12 -14 -15 15 -17 17 -19 19 -21 -22 -23 -24 -25 26 -27 -28 28 -30 -31
leaf_value=-0.0055359871922753276 0.0029928259745888087 0.0049177572299746704 0.033646857793132465 0.0021502482065402749 -0.0042106470575164305 0.006774949626065791 0.0035439599173409599 -0.018250107608470914 0.0043457560471737581 -0.021706471143003836 0.010903502103075923 0.013185976429419084 -0.0073887102260734088 -0.0036308853002481683 -0.010690895877303635 0.0075938668260175091 0.0014841753819159098 0.019851321308450263 0.016869425054858712 -0.0063261988583733046 0.023498635766036967 -0.024142333481084074 -0.014130236928229746 0.014546390073601064 -0.0056366433721521626 0.023268754226820808 0.029310223354026676 0.01298087265756395 0.014463058367226887 -0.0055092404569898326
leaf_weight=1423 345 822 45 67 347 160 525 161 181 52 83 55 297 645 353 53 70 110 51 51 47 54 115 82 46 42 40 81 309 70
leaf_count=1423 345 822 45 67 347 160 525 161 181 52 83 55 297 645 353 53 70 110 51 51 47 54 115 82 46 42 40 81 309 70
internal_value=6.18139e-12 -0.00340751 0.0068772 -0.000738182 0.00183675 -0.00269381 0.00601233 -0.00652471 -0.00408657 -0.0064908 0.00287066 -0.00129707 -0.00417392 -0.00581898 -0.0111282 -0.00830397 0.00632393 0.0127085 -0.00481312 0.00527161 0.00861234 -0.0117991 -0.00813687 0.0213143 0.00798372 0.00500506 0.0110769 0.00963558 0.0111628 0.0044093
internal_weight=6782 4535 2247 2443 1381 559 2120 2092 1062 399 960 435 352 881 567 406 525 180 1525 102 1160 236 182 127 1113 567 546 506 460 151
internal_count=6782 4535 2247 2443 1381 559 2120 2092 1062 399 960 435 352 881 567 406 525 180 1525 102 1160 236 182 127 1113 567 546 506 460 151
is_linear=0
shrinkage=0.03


Tree=20
num_leaves=31
num_cat=0
split_feature=9 9 7 13 14 4 19 28 21 7 28 24 22 17 23 25 23 8 9 35 9 8 8 18 21 27 8 27 8 35
split_gain=166.347 38.2623 31.0892 26.458 25.7295 23.8158 23.3976 21.1056 20.954 24.693 19.4971 17.0999 16.5135 16.157 15.4588 16.9758 15.1118 14.6314 14.3273 14.2109 19.3786 14.0236 13.9716 13.6673 15.7871 13.6553 13.0036 12.8722 16.8718 14.1332
threshold=2.3452380952380958 3.0690476190476197 2.9000000000000004 4.166666666666667 4.9000000000000012 10.925824175824177 1.5655270655270657 8.5000000000000018 0.66468253968253976 4.1000000000000005 12.500000000000002 0.084025767935869508 0.39476190476190481 -0.095097628372307411 62.416666666666679 1.0000000180025095e-35 63.416666666666679 2.720394796551886 1.8819444444444446 365.55000000000001 2.4226190476190479 0.89844137602829433 1.7571468484316313 0.44144099662834557 0.5361111111111112 41.500000000000007 3.3724293703859858 75.500000000000014 2.4589506844070042 1605.5000000000002
decision_type=10 10 8 8 10 10 8 10 10 10 10 10 10 8 10 2 10 10 8 2 10 10 10 8 8 10 10 10 10 2
left_child=2 4 3 10 13 -6 -3 14 9 16 12 -10 -1 -2 -5 18 25 -18 22 23 -21 -14 -16 -15 -25 26 -8 28 29 -22
right_child=1 6 -4 7 5 -7 8 -9 11 -11 -12 -13 21 19 15 -17 17 -19 -20 20 27 -23 -24 24 -26 -27 -28 -29 -30 -31
leaf_value=-0.022111018347625546 -0.016165374396152274 -0.006793334602433092 0.0069750556624799129 -0.0048739312602868344 0.0033396840499980104 0.028458689071915365 0.021363523420360353 -0.0072673979804227891 0.039486934437257482 0.022904097348647682 -0.021509357869438826 0.013229705312346317 -0.021197883852809254 -0.011743043372525444 0.0033776777554303406 -0.0040487684679272416 -0.0051365997624951733 0.013324192733041884 0.0069292605592280012 0.021606315232458567 0.016655956835834526 -0.0053900828001617962 -0.0111949040455387 0.018191887603161181 0.00038266172850792875 -0.0025343207107575909 0.00034474867467696845 -0.0068543275508535914 0.0019665661914561824 -0.003244590774178505
leaf_weight=65 43 68 214 707 70 66 54 798 41 114 100 49 54 79 160 408 43 381 441 63 163 781 94 47 956 179 52 83 369 40
leaf_count=65 43 68 214 707 70 66 54 798 41 114 100 49 54 79 160 408 43 381 441 63 163 781 94 47 956 179 52 83 369 40
internal_value=1.83792e-11 0.00533887 -0.00413476 -0.00479372 0.00293743 0.0155298 0.0101834 -0.00320293 0.0114478 0.00994487 -0.00894249 0.0251913 -0.00754617 0.0020082 -0.00141097 0.000808716 0.00786115 0.011452 0.0036603 0.00244235 0.00571461 -0.00641238 -0.00201532 0.000270927 0.00121719 0.002519 0.0110524 0.00418609 0.00578811 0.0127347
internal_weight=6782 2960 3822 3608 1979 136 981 2608 913 823 1000 90 900 1843 1810 1103 709 424 695 1800 718 835 254 1082 1003 285 106 655 572 203
internal_count=6782 2960 3822 3608 1979 136 981 2608 913 823 1000 90 900 1843 1810 1103 709 424 695 1800 718 835 254 1082 1003 285 106 655 572 203
is_linear=0
shrinkage=0.03


Tree=21
num_leaves=31
num_cat=0
split_feature=9 8 6 34 28 7 23 20 35 34 2 28 27 3 27 35 4 9 8 17 9 23 18 28 5 7 23 8 3 35
split_gain=157.437 37.5696 28.3607 21.7982 19.6078 20.5884 17.4362 16.7357 16.1459 16.1288 14.1075 14.0671 15.7446 20.3569 12.0112 11.9012 13.6605 11.863 16.6097 11.7959 11.2108 14.9956 11.1089 11.6552 11.0636 10.9031 10.8951 10.8218 11.2189 11.1071
threshold=2.577380952380953 1.9153787761053656 4.416666666666667 255.05000000000004 6.5000000000000009 2.5500000000000003 63.416666666666679 1.9305477855477859 198.30000000000004 1760.4000000000003 11.100000000000001 5.5000000000000009 41.500000000000007 11.001638196106047 57.500000000000007 2325.0500000000006 10.773504273504276 1.0312500000000002 1.3769066410044244 -0.15433576209720543 3.1291666666666669 60.583333333333343 0.38992100175287753 5.5000000000000009 4.5000000000000009 3.5500000000000003 58.250000000000007 4.0015383274205822 11.985014063021712 87.000000000000014
decision_type=10 8 10 2 10 10 10 8 2 2 10 10 10 8 8 2 8 10 10 10 10 10 10 10 10 10 8 10 10 2
left_child=1 7 6 4 -3 10 11 19 17 14 -6 20 -13 -14 22 16 -10 -9 -19 -1 -2 -22 23 -5 -4 -15 -16 28 29 -8
right_child=2 3 24 9 5 -7 27 8 15 -11 -12 12 13 25 26 -17 -18 18 -20 -21 21 -23 -24 -25 -26 -27 -28 -29 -30 -31
leaf_value=-0.019174315672541079 0.0028170034341190174 0.0047422930878335537 0.032216647217671077 0.0021027211350069116 -0.004002516389923755 0.0065514978943392631 0.0051094897398258621 -0.00077907225939505276 0.01449674401052144 0.0042344563861907514 -0.020758337474589307 0.010442106822528035 0.013052665563124531 -0.0046464587109429495 -0.01576701077869383 -0.017609183588996529 -0.0019008824144277655 -0.01676691771728488 -0.0065595523044962214 -0.0081195415165695468 0.0011981864550283975 0.018960264212705871 -0.023338056716860994 -0.013638229890362076 0.013704431273224876 -0.020385666470578375 -0.0022418392245552848 0.022244372582261231 -0.0076613728595631468 0.011219847554523021
leaf_weight=129 345 822 45 67 347 160 539 186 49 181 52 83 53 252 59 40 684 195 543 266 70 110 54 115 82 47 586 47 42 532
leaf_count=129 345 822 45 67 347 160 539 186 49 181 52 83 53 252 59 40 684 195 543 266 70 110 54 115 82 47 586 47 42 532
internal_value=8.34313e-12 -0.00321742 0.00649355 -0.000690629 0.00179442 -0.00254037 0.00566863 -0.00616817 -0.00487361 -0.00392213 -0.00618623 0.00267794 -0.0013116 -0.00408308 -0.00559789 -0.0016743 -0.000804725 -0.0075501 -0.00925662 -0.0117298 0.00598356 0.0120528 -0.0113889 -0.00784348 0.0202639 -0.00712051 -0.00347903 0.00814369 0.00754824 0.0081447
internal_weight=6782 4535 2247 2443 1381 559 2120 2092 1697 1062 399 960 435 352 881 773 733 924 738 395 525 180 236 182 127 299 645 1160 1113 1071
internal_count=6782 4535 2247 2443 1381 559 2120 2092 1697 1062 399 960 435 352 881 773 733 924 738 395 525 180 236 182 127 299 645 1160 1113 1071
is_linear=0
shrinkage=0.03


Tree=22
num_leaves=31
num_cat=0
split_feature=9 9 14 27 35 19 14 21 7 6 23 9 28 22 2 16 7 23 8 23 34 23 27 8 9 8 9 8 6 27
split_gain=148.655 38.6798 27.1831 28.5777 22.3885 21.902 20.1668 19.5669 22.431 17.4674 16.2944 19.1745 16.1297 15.2845 15.1239 15.1022 18.8047 13.7356 13.7153 13.5187 12.4055 12.2768 12.1215 12.2904 11.9581 20.9887 11.8739 11.8353 17.7353 11.5084
threshold=2.26969696969697 3.0690476190476197 3.7750000000000004 88.500000000000014 316.75000000000006 1.5655270655270657 4.9000000000000012 0.66468253968253976 4.1000000000000005 3.8333333333333335 60.416666666666679 1.8944444444444446 15.500000000000002 0.49023809523809531 11.900000000000002 0.64642857142857169 2.4500000000000006 63.416666666666679 2.720394796551886 66.416666666666686 384.30000000000001 67.083333333333357 41.500000000000007 3.3724293703859858 2.4226190476190479 2.6097162390302686 3.1483516483516487 1.8651102872613101 2.8333333333333335 75.500000000000014
decision_type=10 10 8 8 2 8 10 10 10 10 10 8 8 10 10 10 8 10 10 10 2 10 10 10 10 10 10 10 10 10
left_child=2 4 13 15 9 -3 24 8 17 14 -5 -12 -9 -1 19 16 -4 22 -19 -2 -18 -21 23 -7 25 -6 -20 -13 -29 -26
right_child=1 5 3 10 6 7 -8 12 -10 -11 11 27 -14 -15 -16 -17 20 18 26 21 -22 -23 -24 -25 29 -27 -28 28 -30 -31
leaf_value=-0.017575840687308952 -0.0019738408548142057 -0.00680193898432395 -0.0056530088302926282 -0.0059486578520255044 0.0061969085342504756 0.020379365715715622 0.023698854694312269 0.036275246629313106 0.02174561567825118 0.013683568366532084 -0.0023158969812923005 -0.00051744301463956021 0.01084954667100033 -0.0070938902203264804 -0.016098954885133677 -0.019363088386931588 0.0079865344138030543 -0.0052291894097660861 0.026429943582233117 0.018348739486601616 -0.0054312287259734035 0.0025287764494823029 -0.0024459297713620705 -5.4883102958018965e-05 0.0046393473336262068 0.030769909605747318 0.010609688031324466 0.015950891115133044 -0.00013847628439014607 -0.0072059854439326691
leaf_weight=159 902 68 1603 197 132 54 55 47 114 79 270 107 43 589 56 63 166 43 49 54 99 242 179 52 609 41 332 206 88 84
leaf_count=159 902 68 1603 197 132 54 55 47 114 79 270 107 43 589 56 63 166 43 49 54 99 242 179 52 609 41 332 206 88 84
internal_value=-7.9721e-12 0.00465078 -0.00424169 -0.00288404 0.00248665 0.00962322 0.00608366 0.0108466 0.00939422 1.3892e-06 0.00163727 0.00386444 0.0241274 -0.00932201 -0.000860566 -0.0049164 -0.00442918 0.00740824 0.0108317 -0.000148254 0.00297386 0.00541485 0.00231512 0.010355 0.00496492 0.0120206 0.0126443 0.00802576 0.011135 0.00320355
internal_weight=6782 3235 3547 2799 2254 981 921 913 823 1333 868 671 90 748 1254 1931 1868 709 424 1198 265 296 285 106 866 173 381 401 294 693
internal_count=6782 3235 3547 2799 2254 981 921 913 823 1333 868 671 90 748 1254 1931 1868 709 424 1198 265 296 285 106 866 173 381 401 294 693
is_linear=0
shrinkage=0.03


Tree=23
num_leaves=31
num_cat=0
split_feature=9 8 6 34 28 7 3 3 23 10 33 34 27 28 3 2 23 8 27 9 15 15 20 23 5 22 23 8 0 23
split_gain=140.574 33.1538 25.6832 19.8331 17.9534 18.5949 16.1672 25.8266 17.6216 15.4164 15.4011 15.2385 13.3773 16.9109 25.5752 13.0156 11.1085 15.2532 13.0595 15.4313 12.8215 10.9592 14.4998 12.1355 10.4053 10.0387 10.0219 10.7063 9.93784 9.93695
threshold=2.577380952380953 1.9153787761053656 4.416666666666667 255.05000000000004 6.5000000000000009 2.5500000000000003 12.086278931862676 11.647324817585391 63.416666666666679 1.1858724608724611 13.500000000000002 1760.4000000000003 41.500000000000007 6.5000000000000009 11.025315136747599 11.100000000000001 66.416666666666686 1.9697792709074744 58.500000000000007 2.0312500000000004 0.59285714285714297 0.52579365079365092 2.2649786324786327 63.208333333333343 4.5000000000000009 0.72428571428571431 59.208333333333343 2.7301359310289643 1.0000000180025095e-35 59.916666666666679
decision_type=10 8 10 2 10 10 10 10 10 8 2 2 8 10 8 10 8 10 8 10 8 10 10 10 10 10 10 10 2 10
left_child=1 9 6 4 -3 15 7 8 10 -1 12 16 28 -14 -15 -6 17 -5 19 -19 -20 25 23 -23 -4 -11 -22 -28 -2 -16
right_child=2 3 24 11 5 -7 -8 -9 -10 21 -12 -13 13 14 29 -17 -18 18 20 -21 26 22 -24 -25 -26 -27 27 -29 -30 -31
leaf_value=-0.014389385382639447 0.0036487172730267046 0.0045245827432640277 0.030831835943895079 0.010262021869421004 -0.0038114238090233427 0.0061964128380641338 -0.009999792441725731 0.023978793011868702 0.0077389982971362769 -0.0044278563735955017 -0.015036797523498534 0.0041792947659011698 0.0049007317321053869 0.017268650982438065 0.002556318868290294 -0.019905787271519117 0.00070080038645993113 -0.028442612776702101 0.0062501428481798781 -0.0094643889125003381 -0.018735594848791757 -0.0089233682918433508 0.00101643456093071 -0.023162761947321819 0.012878848553305809 0.010102779918604277 -0.0025781091062490602 -0.015617604040213532 0.022759329351782796 -0.012135114802845886
leaf_weight=173 48 822 45 42 347 160 60 68 1092 1557 45 181 493 41 55 52 207 55 69 129 63 157 79 82 82 44 242 74 50 168
leaf_count=173 48 822 45 42 347 160 60 68 1092 1557 45 181 493 41 55 52 207 55 69 129 63 157 79 82 82 44 242 74 50 168
internal_value=2.02696e-11 -0.00304024 0.00613595 -0.000666577 0.00170381 -0.00244408 0.00535093 0.00579804 0.00517741 -0.00581216 0.00206936 -0.00374898 0.00296968 0.00161952 -0.00450791 -0.00590893 -0.00537783 -0.00724471 -0.00840813 -0.0151372 -0.00564439 -0.00503891 -0.0101258 -0.0138089 0.0192401 -0.00402851 -0.00780989 -0.00563166 0.013399 -0.00851167
internal_weight=6782 4535 2247 2443 1381 559 2120 2060 1992 2092 900 1062 855 757 264 399 881 674 632 184 448 1919 318 239 127 1601 379 316 98 223
internal_count=6782 4535 2247 2443 1381 559 2120 2060 1992 2092 900 1062 855 757 264 399 881 674 632 184 448 1919 318 239 127 1601 379 316 98 223
is_linear=0
shrinkage=0.03


Tree=24
num_leaves=31
num_cat=0
split_feature=9 9 7 17 19 35 14 21 7 23 11 6 24 18 18 28 22 27 8 28 25 23 8 4 15 9 3 35 9 8
split_gain=132.464 35.0041 25.3946 21.2071 20.7036 20.6037 18.784 18.1669 20.4685 17.4591 16.3751 16.1862 15.9739 14.5645 16.2053 13.8384 12.4316 12.5204 13.9874 13.4989 12.5922 12.3386 12.8756 12.1172 12.1168 15.722 13.188 15.108 11.4786 19.6162
threshold=2.26969696969697 3.0690476190476197 2.9000000000000004 -0.15155806050707477 1.5655270655270657 316.75000000000006 4.9000000000000012 0.66468253968253976 4.1000000000000005 55.750000000000007 2.3993700743700748 3.8333333333333335 0.084025767935869508 0.44144099662834557 0.45782935932206897 11.500000000000002 0.5675 54.500000000000007 1.2635007709787489 4.5000000000000009 1.0000000180025095e-35 63.416666666666679 2.720394796551886 11.781746031746033 0.52301587301587316 1.7928571428571431 10.789680981482633 228.90000000000001 2.4226190476190479 2.6097162390302686
decision_type=10 10 10 8 8 2 10 10 10 8 10 10 10 8 8 10 8 8 10 10 2 10 10 8 8 10 10 2 10 10
left_child=2 5 3 -1 -3 11 28 8 21 -5 15 13 -9 -2 -15 16 23 18 -18 20 -20 -6 -23 -11 25 -19 -26 -28 29 -7
right_child=1 4 -4 9 7 6 -8 12 -10 10 -12 -13 -14 14 -16 -17 17 24 19 -21 -22 22 -24 -25 26 -27 27 -29 -30 -31
leaf_value=-0.012305482956532811 -0.010268768034875392 -0.0068490196545334427 0.0075249486959471212 -0.019098488486117938 0.0021861664135205119 0.005985113687135956 0.022782678438858551 0.036923704534405612 0.02070917949227518 -0.0051972554538646833 0.015329084530836198 0.013118164769456356 0.011545675319847555 0.017285208040848373 -0.00053168576228096454 -0.0084613459376482701 -0.018328866573076134 -0.00020666276072633675 0.012074838051119367 -0.0076152466942428377 -0.0065055840086760157 -0.0053034381949624348 0.012014288266563391 -0.019030003875519175 -0.00074844457958260599 0.020520578718410346 -0.021948254605818347 -0.0011299140426093964 0.0029767164755693243 0.029741115933511315
leaf_weight=291 133 68 164 66 285 132 55 41 114 248 41 79 49 48 1073 474 73 87 74 306 59 43 381 74 1411 53 59 67 693 41
leaf_count=291 133 68 164 66 285 132 55 41 114 248 41 79 49 48 1073 474 73 87 74 306 59 43 381 74 1411 53 59 67 693 41
internal_value=8.29601e-12 0.0043902 -0.00400403 -0.00456293 0.00912047 0.00233146 0.00578212 0.0103099 0.00891045 -0.00383424 -0.00350132 -5.26781e-05 0.0231068 -0.00088242 0.000231214 -0.00375996 -0.00287248 -0.00206289 -0.00616907 -0.00414705 0.0038324 0.00701333 0.010258 -0.00837621 -0.00080924 0.00764008 -0.00157886 -0.0108782 0.00470241 0.0116151
internal_weight=6782 3235 3547 3383 981 2254 921 913 823 3092 3026 1333 90 1254 1121 2985 2511 2189 512 439 133 709 424 322 1677 140 1537 126 866 173
internal_count=6782 3235 3547 3383 981 2254 921 913 823 3092 3026 1333 90 1254 1121 2985 2511 2189 512 439 133 709 424 322 1677 140 1537 126 866 173
is_linear=0
shrinkage=0.03


Tree=25
num_leaves=31
num_cat=0
split_feature=9 8 6 34 28 7 34 27 14 22 34 12 28 23 25 27 23 2 6 23 9 25 23 22 23 8 27 9 15 34
split_gain=125.518 29.4815 23.234 18.205 16.4424 16.9965 15.6141 22.6801 22.5089 22.7433 14.2611 14.0295 12.8869 17.2299 12.1251 13.6406 12.6736 12.0038 11.0269 10.8985 10.7421 12.8626 11.7416 10.3746 10.3383 14.3937 12.1963 14.3386 12.0693 10.1231
threshold=2.577380952380953 1.9153787761053656 4.416666666666667 255.05000000000004 6.5000000000000009 2.5500000000000003 87.000000000000014 47.500000000000007 5.1000000000000005 0.51380952380952383 1760.4000000000003 1.3470641458155486 6.5000000000000009 59.416666666666679 1.0000000180025095e-35 66.500000000000014 66.208333333333357 11.100000000000001 2.5833333333333335 61.750000000000007 2.2403846153846159 1.0000000180025095e-35 55.916666666666679 0.51690476190476209 66.416666666666686 1.9697792709074744 58.500000000000007 2.0312500000000004 0.59285714285714297 988.55000000000007
decision_type=10 8 10 2 10 10 2 8 10 8 2 8 10 10 2 10 10 10 10 10 10 2 10 10 8 10 8 10 8 2
left_child=1 11 6 4 -3 17 7 18 9 -9 24 23 13 -8 -11 16 19 -6 -2 -16 22 -22 -13 -1 25 -5 27 -27 -28 -15
right_child=2 3 -4 10 5 -7 12 8 -10 14 -12 20 -14 29 15 -17 -18 -19 -20 -21 21 -23 -24 -25 -26 26 28 -29 -30 -31
leaf_value=-0.023607078665738988 0.0049923438521531907 0.004336003844701025 0.018261759003631653 0.01004194939242942 -0.0036312299406408232 0.0059278210764750839 -0.01059034631440514 -0.017178923484197882 0.021130329825743838 0.0078775700775280677 0.0040821576661826493 -0.02075325070252252 -0.0016273102299733595 0.0032883817234082135 0.0097749867158777575 -0.013736497045687909 0.016433272308111192 -0.019087324806104543 0.021109659359014279 -0.0077287781134594315 0.013237925232388079 -0.0058574429402748745 -0.0048807037746227567 -0.0087334687571612099 0.0007007052652213884 -0.027423085436732931 0.0061166222936109354 -0.0091291718467593538 -0.0075247377268281967 0.011298597006783312
leaf_weight=58 52 822 127 42 347 160 57 43 76 509 181 43 418 334 51 53 50 52 144 86 64 63 1709 155 207 55 69 129 379 247
leaf_count=58 52 822 127 42 347 160 57 43 76 509 181 43 418 334 51 53 50 52 144 86 64 63 1709 155 207 55 69 129 379 247
internal_value=3.70443e-11 -0.00287282 0.00579805 -0.000634472 0.00163655 -0.00233296 0.0050514 0.00761632 0.00553499 0.00403847 -0.00358765 -0.00548671 0.00246705 0.00514957 0.00525656 -0.000302172 0.00350542 -0.00564556 0.0168336 -0.00121278 -0.00465956 0.00376542 -0.00527027 -0.0127836 -0.0051634 -0.00696439 -0.00809456 -0.0145975 -0.00542372 0.00669376
internal_weight=6782 4535 2247 2443 1381 559 2120 1064 868 792 1062 2092 1056 638 749 240 187 399 196 137 1879 127 1752 213 881 674 632 184 448 581
internal_count=6782 4535 2247 2443 1381 559 2120 1064 868 792 1062 2092 1056 638 749 240 187 399 196 137 1879 127 1752 213 881 674 632 184 448 581
is_linear=0
shrinkage=0.03


Tree=26
num_leaves=31
num_cat=0
split_feature=9 8 6 20 14 9 35 8 9 12 3 3 23 33 18 8 9 23 27 35 8 23 33 8 23 18 4 9 23 22
split_gain=118.1 27.8051 21.8608 17.1219 19.6344 21.6423 16.211 18.279 22.0456 15.6438 14.8291 24.0548 15.7731 14.533 14.4702 14.4224 15.3 15.7266 13.1362 12.3322 18.2644 13.5445 12.0469 11.9018 11.8746 20.0306 11.5491 10.9385 10.1219 9.83262
threshold=2.577380952380953 2.0552034903773415 4.416666666666667 2.1530186480186488 4.7333333333333343 2.5358974358974362 396.4500000000001 2.4375181305807154 2.4580419580419588 1.3470641458155486 12.086278931862676 11.647324817585391 63.416666666666679 13.500000000000002 0.49101040704606708 2.0355672558141986 2.2182539682539688 55.750000000000007 57.500000000000007 606.20000000000016 3.2964877743563012 59.416666666666679 7.5000000000000009 3.4125545921844549 58.916666666666679 0.40541131549895199 11.031250000000002 2.4330357142857149 63.083333333333343 0.51690476190476209
decision_type=10 8 10 8 10 10 2 10 10 8 10 10 10 2 10 10 10 10 8 2 10 10 2 10 10 10 8 8 10 10
left_child=1 9 10 14 5 6 18 8 -8 29 11 12 13 19 22 16 17 -11 -5 20 -2 -21 24 -23 -3 -26 -27 -9 -4 -1
right_child=2 3 28 4 -6 -7 7 27 -10 15 -12 -13 -14 -15 -16 -17 -18 -19 -20 21 -22 23 -24 -25 25 26 -28 -29 -30 -31
leaf_value=-0.023036556478246446 -0.0030252403755423049 -0.016722958881948743 0.0075425383520240962 -0.0068678348572049517 0.020552990972671818 -0.014239434249788881 -0.0024548066650395806 0.016931237269948413 0.020638658224150189 -0.021879166991085462 -0.0098018673136830315 0.022874106095336813 0.007152612904882426 -0.014828475673993428 0.0085799822956323622 -0.017365489709191023 0.0037901779579168015 -0.0041368707150388926 0.0012340676793098999 0.019921431995355166 0.0088092815848412331 0.0078518082844729747 -0.019423356080866035 -0.010253176045853917 0.014321033965411166 0.00083327695727348323 -0.015933637040046356 0.0044115482317283747 0.024766055396199228 -0.0086589404300320885
leaf_weight=59 426 62 52 249 46 83 276 143 43 46 60 68 1092 45 54 72 220 1995 651 65 162 161 68 41 52 76 72 112 75 156
leaf_count=59 426 62 52 249 46 83 276 143 43 46 60 68 1092 45 54 72 220 1995 651 65 162 161 68 41 52 76 72 112 75 156
internal_value=9.35528e-12 -0.00278663 0.00562411 -0.000126545 0.00123646 0.000665774 0.00150508 0.00544459 0.000658106 -0.00486104 0.00489986 0.00532807 0.0047291 0.00178858 -0.00581638 -0.00414744 -0.00372652 -0.00453675 -0.00100746 0.00266316 0.000235291 0.00800994 -0.00817215 0.00417703 -0.00525199 -0.001696 -0.0073236 0.0114324 0.0177139 -0.0126044
internal_weight=6782 4535 2247 1987 1603 1557 1474 574 319 2548 2120 2060 1992 900 384 2333 2261 2041 900 855 588 267 330 202 262 200 148 255 127 215
internal_count=6782 4535 2247 1987 1603 1557 1474 574 319 2548 2120 2060 1992 900 384 2333 2261 2041 900 855 588 267 330 202 262 200 148 255 127 215
is_linear=0
shrinkage=0.03


Tree=27
num_leaves=31
num_cat=0
split_feature=9 9 7 14 4 20 19 28 8 35 35 8 4 2 21 23 7 24 6 17 28 23 3 25 23 8 9 27 23 23
split_gain=111.162 26.8372 24.3488 21.0716 21.4458 20.0568 19.4281 19.0905 19.6303 19.2522 26.8104 18.2149 16.8656 21.1749 16.8089 18.4507 20.8543 15.0747 14.9094 13.9239 12.9844 16.6319 12.1318 11.9603 12.3231 11.7896 12.9755 15.6617 11.6923 11.4001
threshold=2.3452380952380958 3.0690476190476197 2.9000000000000004 4.9000000000000012 10.925824175824177 1.5651814851814854 1.5655270655270657 6.5000000000000009 2.2550572310409587 2278.2000000000003 924.4000000000002 1.3769066410044244 10.133928571428573 11.225000000000001 0.66468253968253976 63.083333333333343 4.1000000000000005 0.084025767935869508 2.5833333333333335 -0.095097628372307411 3.5000000000000004 63.083333333333343 10.709267794081768 1.0000000180025095e-35 68.208333333333357 2.720394796551886 3.1483516483516487 56.500000000000007 67.416666666666686 61.916666666666679
decision_type=10 10 10 10 10 8 8 10 8 2 2 8 8 8 10 10 10 10 10 8 8 10 8 2 10 10 10 10 10 8
left_child=2 3 5 19 -5 -1 -3 8 12 10 11 -9 -7 -14 15 -8 25 -16 -13 -2 -15 -22 -10 24 -23 -17 -27 -28 -29 -24
right_child=1 6 -4 4 -6 7 14 9 22 -11 -12 18 13 20 17 16 -18 -19 -20 -21 21 23 29 -25 -26 26 27 28 -30 -31
leaf_value=-0.012334839150978705 -0.015358748616174211 -0.0070481451951405578 0.007328500509221147 0.0021811769610004766 0.026017574798315762 0.014838578819661684 0.0021863712517881553 -0.015230221085002316 0.018810505143056315 -0.025353833600878718 0.0037685673879786917 -0.003708478657813187 -0.011021593252117646 -0.008320535197472681 0.03530553620126916 -0.0056246368857947255 0.026112137537351563 0.010652133265928346 -0.014120631550482455 0.001915262822061777 -0.0044107355771830486 0.003827260741605781 -0.0047736703613494979 -0.0026035801539054282 0.018256075103113899 0.024419562833176717 0.013585247490385716 0.0065146174495841593 -0.012524771009172712 0.0059040548910733555
leaf_weight=238 43 68 182 70 66 46 293 214 45 45 236 731 282 232 41 44 76 49 149 1800 492 260 134 195 67 54 220 94 42 274
leaf_count=238 43 68 182 70 66 46 293 214 45 45 236 731 282 232 41 44 76 49 149 1800 492 260 134 195 67 54 220 94 42 274
internal_value=-1.32001e-11 0.00436435 -0.00338003 0.00235315 0.0137488 -0.00391546 0.00842161 -0.00332645 -0.00147553 -0.00605504 -0.00540207 -0.00738038 -0.00305935 -0.00359816 0.00957379 0.00822769 0.0115675 0.0218831 -0.00547145 0.00151223 -0.00191806 -0.000453191 0.00402762 0.00327691 0.00678362 0.00913273 0.0107164 0.00863789 0.000634806 0.00239715
internal_weight=6782 2960 3822 1979 136 3640 981 3402 2027 1375 1330 1094 1574 1528 913 823 530 90 880 1843 1246 1014 453 522 327 454 410 356 136 408
internal_count=6782 2960 3822 1979 136 3640 981 3402 2027 1375 1330 1094 1574 1528 913 823 530 90 880 1843 1246 1014 453 522 327 454 410 356 136 408
is_linear=0
shrinkage=0.03


Tree=28
num_leaves=31
num_cat=0
split_feature=9 35 17 8 6 9 8 23 35 34 27 14 22 17 28 23 8 9 6 28 9 28 19 13 9 4 25 27 23 35
split_gain=104.849 25.9786 24.5753 22.1127 19.971 18.746 17.4662 16.452 14.7396 14.3442 21.2075 20.4772 21.1915 13.948 12.1308 15.8822 11.6673 12.966 11.3122 12.7483 12.595 11.2921 11.1856 21.9232 13.8677 11.7623 11.1788 12.7245 11.7572 10.9266
threshold=2.577380952380953 220.95000000000002 -0.15433576209720543 2.2892434256620553 4.416666666666667 1.0954545454545457 1.3769066410044244 62.708333333333343 2301.1000000000008 87.000000000000014 47.500000000000007 5.1000000000000005 0.51380952380952383 -1.0000000180025095e-35 6.5000000000000009 59.416666666666679 2.7713576711208154 2.379807692307693 2.4166666666666674 4.5000000000000009 2.4226190476190479 13.500000000000002 1.8573232323232323 4.166666666666667 0.96153846153846168 10.925824175824177 1.0000000180025095e-35 66.500000000000014 66.208333333333357 1199.9500000000003
decision_type=10 2 8 10 10 10 10 10 2 2 8 10 8 8 10 10 10 10 10 10 10 10 8 10 10 10 2 10 10 2
left_child=1 2 -1 8 9 -4 -7 16 22 10 -2 12 -12 -5 15 -11 17 21 19 -15 -20 -8 23 25 -24 -3 -14 28 -28 -26
right_child=4 3 5 13 -6 6 7 -9 -10 14 11 -13 26 18 -16 -17 -18 -19 20 -21 -22 -23 24 -25 29 -27 27 -29 -30 -31
leaf_value=-0.016017340694498096 0.015978423265778287 -0.0032351479073986409 0.0023471103685423008 -0.010680158266332 0.016854614511014908 -0.013380292848252304 -0.0067563090930593374 -0.0015611915446807388 -0.015731768642059142 -0.010379234136719453 -0.01685539703383002 0.019927605782194355 0.0073178197852242551 0.020651081550953 -0.0018424748083906311 0.0062151421551078093 -0.019432916883448722 0.0042244768545932161 0.0064205769075493871 0.0048242453470522043 -0.0065668448445561165 -0.022565660027268512 -0.0097188723321974743 0.011435469482527221 -0.0011286862342425412 -0.019104685995210247 -0.0014031681907873085 -0.01351162056596774 0.015592883509397507 0.0055032800904546786
leaf_weight=162 196 72 361 48 127 205 536 977 68 57 43 76 509 86 418 581 67 91 257 98 91 44 127 43 789 101 137 53 50 312
leaf_count=162 196 72 361 48 127 205 536 977 68 57 43 76 509 86 418 581 67 91 257 98 91 44 127 43 789 101 137 53 50 312
internal_value=-3.11808e-12 -0.00262565 -0.00472681 -0.00017195 0.00529921 -0.00392494 -0.00510422 -0.00411495 -0.00208224 0.00460697 0.00706537 0.00505274 0.00362536 0.00480798 0.00212995 0.00473257 -0.00749573 -0.00630379 0.0062054 0.0122216 0.00302444 -0.00795564 -0.00143946 -0.00773509 -0.00033209 -0.0125 0.00480115 -0.000536274 0.00314123 0.000750672
internal_weight=6782 4535 2443 2092 2247 2281 1920 1715 1512 2120 1064 868 792 580 1056 638 738 671 532 184 348 580 1444 216 1228 173 749 240 187 1101
internal_count=6782 4535 2443 2092 2247 2281 1920 1715 1512 2120 1064 868 792 580 1056 638 738 671 532 184 348 580 1444 216 1228 173 749 240 187 1101
is_linear=0
shrinkage=0.03


Tree=29
num_leaves=31
num_cat=0
split_feature=9 9 7 18 19 24 13 28 35 14 21 23 7 28 6 8 2 27 23 24 22 35 24 23 23 9 8 8 9 27
split_gain=99.1536 27.3379 20.5305 20.4242 18.3007 17.5125 17.4861 19.8613 16.9332 15.8418 15.5983 17.2599 19.165 14.878 14.4979 13.7673 13.1938 12.1633 17.2288 13.7643 11.6612 11.5611 11.5335 11.2512 11.6638 11.2005 17.3718 11.0651 12.1824 14.4367
threshold=2.26969696969697 3.0690476190476197 2.6333333333333337 0.48078043380407148 1.5655270655270657 0.047156001384485745 4.166666666666667 12.500000000000002 316.75000000000006 4.9000000000000012 0.66468253968253976 63.083333333333343 4.1000000000000005 15.500000000000002 3.8333333333333335 2.4770543964415199 11.900000000000002 89.500000000000014 62.416666666666679 0.049251263078384129 0.39476190476190481 224.60000000000002 -0.080467393107477567 66.416666666666686 67.083333333333357 2.4226190476190479 2.6097162390302686 2.720394796551886 3.1483516483516487 56.500000000000007
decision_type=10 10 8 10 8 10 8 10 2 10 10 10 10 8 10 10 10 8 10 10 10 2 10 10 10 10 10 10 10 10
left_child=2 8 3 6 -3 15 7 20 14 25 11 -6 27 -12 16 -4 23 19 -19 -8 -1 -22 -23 -2 -25 26 -10 -13 -29 -30
right_child=1 4 5 -5 10 -7 17 -9 9 -11 13 12 -14 -15 -16 -17 -18 18 -20 -21 21 22 -24 24 -26 -27 -28 28 29 -31
leaf_value=-0.019197780604886468 -0.0019678780211841978 -0.0070355506986379624 -0.0038639405802697747 0.011104491626868 0.0019570381115842292 -0.013043653803432117 -0.0049656653268056981 -0.021436792460231419 0.0056459404155611986 0.020719605674459175 0.032621605096662301 -0.0056003702702847385 0.024973510881199649 0.0082023927621370143 0.012282594424448436 0.011470583155140525 -0.015200544888419765 -0.0055056189522580349 0.0046112572067297936 0.011177453061147612 -0.0089169658362684909 0.0032170037568567114 -0.0080569647292258115 0.017379597938723037 0.0019596502652838212 0.0024109423960442149 0.028001612421216033 0.02350831197367774 0.012966518284160304 0.00053282970233875157
leaf_weight=61 902 68 74 77 293 46 1591 90 132 55 47 44 76 43 79 183 56 258 367 49 414 198 139 54 242 693 41 54 220 136
leaf_count=61 902 68 74 77 293 46 1591 90 132 55 47 44 76 43 79 183 56 258 367 49 414 198 139 54 242 693 41 54 220 136
internal_value=2.4829e-11 0.00379831 -0.0034642 -0.00416175 0.00797863 0.00400388 -0.00453292 -0.00806536 0.00197892 0.00510716 0.00909688 0.00780016 0.0110304 0.0209546 -0.000182444 0.00705519 -0.000967722 -0.00312618 0.000435011 -0.00448334 -0.0065833 -0.00555869 -0.00143309 -0.000302414 0.00477275 0.0041156 0.0109441 0.00869632 0.0102306 0.00821657
internal_weight=6782 3235 3547 3244 981 303 3167 902 2254 921 913 823 530 90 1333 257 1254 2265 625 1640 812 751 337 1198 296 866 173 454 410 356
internal_count=6782 3235 3547 3244 981 303 3167 902 2254 921 913 823 530 90 1333 257 1254 2265 625 1640 812 751 337 1198 296 866 173 454 410 356
is_linear=0
shrinkage=0.03


Tree=30
num_leaves=31
num_cat=0
split_feature=9 20 14 25 27 6 7 24 9 3 3 23 33 23 3 27 34 27 28 3 1 35 27 27 7 6 7 12 5 34
split_gain=93.6394 23.5787 23.2137 20.6915 20.9935 18.1437 16.9644 16.6627 17.2157 13.3237 22.1591 13.3661 13.6128 12.1001 24.4021 15.0415 12.3066 11.9153 15.1284 23.3846 11.7331 11.4173 19.2755 22.0325 14.8652 11.2454 11.054 13.1229 9.90798 9.8547
threshold=2.577380952380953 2.2203535353535355 4.7333333333333343 1.0000000180025095e-35 54.500000000000007 4.416666666666667 0.90000000000000013 0.19458759782668564 1.7735042735042736 12.086278931862676 11.647324817585391 63.416666666666679 13.500000000000002 62.416666666666679 10.864184113911238 81.500000000000014 951.25000000000011 41.500000000000007 6.5000000000000009 11.025315136747599 12.16666666666667 313.45000000000005 68.500000000000014 48.500000000000007 2.1000000000000005 1.8333333333333337 2.1000000000000005 1.442020519834593 4.5000000000000009 2115.1500000000001
decision_type=10 8 10 2 8 10 8 10 10 10 10 10 2 8 8 8 2 8 10 8 10 2 8 10 10 10 10 10 10 2
left_child=1 7 3 6 -5 9 -3 20 -9 10 11 12 17 14 -8 -15 -17 -2 -19 -20 -1 -16 23 -23 -24 -25 27 -22 -7 -13
right_child=5 2 -4 4 -6 28 13 8 -10 -11 -12 29 -14 15 21 16 -18 18 19 -21 26 22 24 25 -26 -27 -28 -29 -30 -31
leaf_value=-0.0061683057760736635 0.012161677696419005 -0.01649179383971781 0.019465531688183543 -0.010371911827564383 -0.0019969985876382083 0.027333339979251223 0.019124354599664609 -0.011330175663730719 0.01273492775917924 -0.0095873892232775683 0.021594472740064645 0.0058192553835384611 -0.014610122243563334 -1.3358701977892422e-05 -0.007316130425950914 0.0098977828970083295 -0.00046087350994348522 0.0041479208190976424 0.016072021635567268 -0.0085795055510217294 -0.020062749349330632 -0.0054935290952844006 -0.013039418669928492 0.028834316089402796 0.003740044397915282 0.0076045168016819244 -0.028772923142183569 0.00060861672167308054 0.0098146162089812229 0.020156793524821599
leaf_weight=840 98 53 48 390 871 45 45 41 77 60 68 1047 45 821 370 331 150 493 41 223 59 62 113 43 82 47 40 52 82 45
leaf_count=840 98 53 48 390 871 45 45 41 77 60 68 1047 45 821 370 331 150 493 41 223 59 62 113 43 82 47 40 52 82 45
internal_value=-2.22452e-11 -0.00248133 -0.00125059 -0.00154496 -0.00458718 0.00500794 0.000267146 -0.0062834 0.00437332 0.00434813 0.00475402 0.00417914 0.00147226 0.000697487 -0.00230506 0.00245474 0.00666743 0.0023187 0.00104445 -0.00475105 -0.00755232 -0.00365 0.000259131 0.00826769 -0.00598344 0.0177476 -0.0152515 -0.0103789 0.016022 0.00641009
internal_weight=6782 4535 3426 3378 1261 2247 2117 1109 118 2120 2060 1992 900 2064 762 1302 481 855 757 264 991 717 347 152 195 90 151 111 127 1092
internal_count=6782 4535 3426 3378 1261 2247 2117 1109 118 2120 2060 1992 900 2064 762 1302 481 855 757 264 991 717 347 152 195 90 151 111 127 1092
is_linear=0
shrinkage=0.03


Tree=31
num_leaves=31
num_cat=0
split_feature=9 9 7 28 8 21 8 14 23 35 7 14 6 35 9 27 27 17 32 25 34 36 4 15 8 28 5 27 8 23
split_gain=88.7283 22.0615 20.7428 17.561 16.7947 15.6978 15.1073 14.4517 16.7522 21.2186 14.8379 14.1446 13.6739 13.5833 15.7833 14.1387 12.2642 12.1876 12.931 11.6669 11.8735 12.2074 11.5999 13.7037 10.802 15.9848 10.925 11.914 12.414 12.2658
threshold=2.3452380952380958 3.1180555555555558 2.9000000000000004 10.500000000000002 1.3769066410044244 0.5448412698412699 3.8846248120647453 5.5500000000000007 63.416666666666679 1085.6000000000001 3.9000000000000004 3.5500000000000003 3.1666666666666674 414.55000000000001 2.4226190476190479 75.500000000000014 77.500000000000014 0.028102668720190366 6.5000000000000009 1.0000000180025095e-35 509.80000000000001 1.0000000180025095e-35 11.129166666666668 0.49920634920634926 2.2356953816221465 3.5000000000000004 1.5000000000000002 58.500000000000007 1.5048043972826 68.083333333333357
decision_type=10 10 10 10 8 8 10 8 10 2 10 8 10 2 10 10 8 8 2 2 2 2 8 10 10 8 8 8 10 10
left_child=2 6 3 11 -5 16 13 -7 -9 10 12 -1 -10 -2 -15 -16 -3 -6 -19 24 22 -22 -21 -24 25 -13 27 28 -27 -29
right_child=1 5 -4 4 17 7 -8 8 9 -11 -12 19 -14 14 15 -17 -18 18 -20 20 21 -23 23 -25 -26 26 -28 29 -30 -31
leaf_value=-0.0069720217413441615 -0.00014845277219829184 -0.016454724222421644 0.0068640356110715927 -0.017112241604847696 -0.014133841738998182 0.018639503056374303 0.020435402891132978 0.0014781071787112225 0.014214309839593185 0.025358846394659636 0.019526459038830719 -0.011262863839934157 -2.58615065831691e-06 0.018717040548868039 0.0051520242631607153 -0.0078169195925773573 0.0057347423627096055 0.010888068400180109 -0.0050705129145928694 0.0089185881653490156 -0.01931228847757285 -0.0040680482988911014 -0.0024280585041169516 -0.018390739858501922 0.0043412382631852339 0.0052419555869598223 -0.0033842545520266897 0.0034338443942053495 -0.014423855411461912 0.020520885501589092
leaf_weight=526 1231 40 182 140 115 122 40 263 91 77 78 132 184 68 629 86 51 52 377 72 86 105 558 53 389 52 497 379 65 42
leaf_count=526 1231 40 182 140 115 122 40 263 91 77 78 132 184 68 629 86 51 52 377 72 86 105 558 53 389 52 497 379 65 42
internal_value=1.90506e-11 0.00389918 -0.00301977 -0.00351396 -0.00784577 0.00779886 0.00217906 0.00911838 0.00744223 0.01109 0.00797759 -0.00251161 0.00470191 0.00181648 0.00490565 0.00359212 -0.00401887 -0.00546102 -0.00313614 -0.0015461 -0.00431971 -0.0109319 -0.00247061 -0.00381271 1.18281e-05 -0.00143131 -0.000177429 0.00278501 -0.00568349 0.00513849
internal_weight=6782 2960 3822 3640 684 906 2054 815 693 430 353 2956 275 2014 783 715 91 544 429 2430 874 191 683 611 1556 1167 1035 538 117 421
internal_count=6782 2960 3822 3640 684 906 2054 815 693 430 353 2956 275 2014 783 715 91 544 429 2430 874 191 683 611 1556 1167 1035 538 117 421
is_linear=0
shrinkage=0.03


Tree=32
num_leaves=31
num_cat=0
split_feature=9 34 8 8 35 35 15 17 9 8 34 17 17 6 7 35 23 27 12 35 35 21 28 23 27 9 34 33 6 33
split_gain=83.5301 22.3112 21.8143 16.6208 17.5029 21.799 16.4602 20.2348 15.4064 14.2986 14.221 15.2749 12.9492 13.6365 13.2343 11.3365 11.2647 11.1728 11.1328 11.2157 13.5128 10.7759 15.3811 15.7321 10.7514 10.6771 10.3474 9.90134 9.89068 10.7332
threshold=2.577380952380953 113.95 2.2892434256620553 3.2624559354895402 1760.4000000000003 106.40000000000002 0.59960317460317469 -0.16121656698255324 1.0954545454545457 0.89844137602829433 1760.4000000000003 0.020605009562931178 -1.0000000180025095e-35 2.4166666666666674 2.3666666666666671 2301.1000000000008 62.416666666666679 88.500000000000014 1.9841300982594243 1142.4500000000003 2301.1000000000008 0.64027777777777795 3.5000000000000004 62.416666666666679 83.500000000000014 2.1180555555555558 346.00000000000006 8.5000000000000018 2.8333333333333335 6.5000000000000009
decision_type=10 2 8 10 2 2 10 8 10 10 2 10 8 8 10 2 10 8 8 2 2 10 10 10 8 10 2 2 10 2
left_child=1 2 9 18 5 -5 7 -3 17 -1 11 16 -4 14 -14 -11 26 -9 -2 28 -21 22 -7 -24 -18 -16 -10 -8 29 -20
right_child=3 6 12 4 -6 21 27 8 10 15 -12 -13 13 -15 25 -17 24 -19 19 20 -22 -23 23 -25 -26 -27 -28 -29 -30 -31
leaf_value=-0.015103282710307673 -0.0093054605401479279 -0.016934804709726258 -0.010041578924283385 0.0048918993684123335 -0.0093228990584611898 0.00487281492058219 -0.0088119540733650401 -0.0011689299937769852 -0.0016142017260898608 -0.0010053723634968021 0.0030009059611724553 0.010415856308407254 0.0011446693539619445 0.002381517963828864 0.0048609045147895817 -0.013797042220401077 -0.0062562836293115999 0.010726464858624893 0.0142252399960717 0.012515518554300069 -0.0062025830309305873 0.028379605011068631 0.0038673250632750436 0.025268114224965259 0.0012457031522750516 0.023115936312014643 -0.012130003542316421 -0.024775498020462691 -0.00089025292251173444 0.0030833944699638549
leaf_weight=73 65 95 52 422 48 119 278 181 111 1532 224 54 68 405 42 65 493 117 91 200 42 48 43 110 264 92 349 40 522 537
leaf_count=73 65 95 52 422 48 119 278 181 111 1532 224 54 68 405 42 65 493 117 91 200 42 48 43 110 264 92 349 40 522 537
internal_value=2.28167e-11 -0.00234356 -0.000295648 0.00472989 0.00823387 0.00936962 -0.00450567 -0.00344214 -0.00272725 -0.00211951 -0.00396881 -0.00519715 0.00432627 0.00555713 0.0119241 -0.00152601 -0.00588992 0.00350141 0.00283 0.00339667 0.00926692 0.0152746 0.012962 0.0192535 -0.00364 0.0173942 -0.00959249 -0.0108199 0.00216136 0.0046979
internal_weight=6782 4535 2329 2247 790 742 2206 1888 1793 1670 1495 1271 659 607 202 1597 1217 298 1457 1392 242 320 272 153 757 134 460 318 1150 628
internal_count=6782 4535 2329 2247 790 742 2206 1888 1793 1670 1495 1271 659 607 202 1597 1217 298 1457 1392 242 320 272 153 757 134 460 318 1150 628
is_linear=0
shrinkage=0.03


Tree=33
num_leaves=31
num_cat=0
split_feature=9 9 7 28 13 21 35 14 8 1 14 23 35 7 6 23 9 18 24 27 34 6 28 34 27 34 9 9 4 27
split_gain=79.0425 22.1902 17.5534 15.8338 15.2139 14.5769 14.48 14.5116 13.8842 13.8476 13.4233 15.4201 19.8327 13.6865 13.0532 12.1943 15.2818 18.1352 16.5629 17.1508 16.9116 14.5747 15.4304 13.1301 13.043 13.0234 12.2773 13.2861 11.8994 13.1083
threshold=2.26969696969697 3.1180555555555558 2.9000000000000004 11.500000000000002 2.1666666666666674 0.5448412698412699 414.55000000000001 4.9000000000000012 1.3769066410044244 12.16666666666667 5.5500000000000007 63.416666666666679 1085.6000000000001 3.9000000000000004 3.1666666666666674 62.250000000000007 1.7928571428571431 0.39358963479660741 0.07029027350121847 44.500000000000007 228.90000000000001 1.8333333333333337 3.5000000000000004 255.05000000000004 53.500000000000007 810.00000000000011 1.8257575757575759 1.6547619047619049 10.696153846153846 40.500000000000007
decision_type=10 10 8 10 8 8 2 10 10 10 8 10 2 10 10 10 8 10 8 10 2 10 8 2 8 2 10 10 8 10
left_child=2 6 3 4 -1 -3 -2 -8 -5 15 -7 -12 13 14 -13 23 17 21 20 -20 -18 22 -17 28 -25 -21 27 -26 -6 -30
right_child=1 5 -4 8 9 10 7 -9 -10 -11 11 12 -14 -15 -16 16 18 -19 19 25 -22 -23 -24 24 26 -27 -28 -29 29 -31
leaf_value=-0.017649329344742001 -2.8864821651138088e-05 -0.0040130066576894823 0.0056332988350899244 -0.017621924515421453 0.010124874140892642 0.017822639801478409 0.0038473444567061958 0.019619797541028154 -0.0058196646693707919 -0.010916564481113082 0.0013090304736784542 0.013669762766950732 0.024325828516444603 0.018613524286506266 -0.00022067580696033393 -0.013792861127294598 0.022051466461271048 -0.013241217172346179 0.0056697396538827726 -0.0061767671034436353 6.9938649456681949e-05 -0.010266476728996311 0.0044781995980219319 -0.018679601516341789 -0.0050414536033867524 0.0071548209258590839 -0.011713547455234388 0.01220700396063666 -0.0080819960465438323 0.0012724579771177149
leaf_weight=60 1433 91 196 114 72 122 840 56 421 161 263 91 77 78 184 48 72 139 345 321 56 114 312 84 177 83 173 52 241 306
leaf_count=60 1433 91 196 114 72 122 840 56 421 161 263 91 77 78 184 48 72 139 345 321 56 114 312 84 177 83 173 52 241 306
internal_value=-1.53609e-12 0.0033913 -0.003093 -0.0036034 -0.00270455 0.00737499 0.00184161 0.00483312 -0.00833454 -0.00237919 0.00864653 0.00703112 0.0105309 0.00752181 0.0043758 -0.00184951 -7.85076e-05 -0.00371251 0.00246156 0.000757234 0.0124345 -0.000918222 0.00204206 -0.00423756 -0.0079282 -0.00343785 -0.00568163 -0.00112477 -0.0013399 -0.00284897
internal_weight=6782 3235 3547 3351 2816 906 2329 896 535 2756 815 693 430 353 275 2595 1490 613 877 749 128 474 360 1105 486 404 402 229 619 547
internal_count=6782 3235 3547 3351 2816 906 2329 896 535 2756 815 693 430 353 275 2595 1490 613 877 749 128 474 360 1105 486 404 402 229 619 547
is_linear=0
shrinkage=0.03


Tree=34
num_leaves=31
num_cat=0
split_feature=9 6 20 8 35 23 17 35 21 22 9 27 8 9 28 23 34 8 17 6 5 34 7 34 23 5 21 19 35 15
split_gain=74.4312 19.3728 18.2375 18.8506 29.1711 20.4497 17.6153 15.7725 14.7244 15.9164 14.2623 13.6706 17.4949 15.2701 13.4468 14.408 13.8364 18.1654 13.2958 11.2278 11.2064 14.6523 11.8147 17.0618 10.4478 10.4173 10.1884 13.6054 17.4428 13.5017
threshold=2.3452380952380958 4.416666666666667 1.5651814851814854 2.4375181305807154 613.35000000000002 61.916666666666679 -0.095097628372307411 1.0000000180025095e-35 0.62738095238095248 0.63285714285714301 2.1602564102564106 54.500000000000007 1.1771490801874989 1.3798076923076925 6.5000000000000009 59.416666666666679 988.55000000000007 3.7214814512349643 0.091425207043363696 3.1666666666666674 1.5000000000000002 1108.1000000000001 2.7083333333333335 1794.6500000000003 55.750000000000007 3.5000000000000004 0.40138888888888896 1.7338827838827842 425.30000000000001 0.67817460317460321
decision_type=10 10 8 8 2 8 8 2 10 10 10 8 10 10 10 10 2 10 10 10 10 2 10 2 10 10 8 8 2 10
left_child=2 6 -1 11 5 -5 -2 14 -9 -10 -6 12 -4 -14 15 -8 17 19 -11 -17 -18 -22 -23 -24 -13 -7 -26 28 -28 -29
right_child=1 -3 3 4 10 25 7 8 9 18 -12 24 13 -15 -16 16 20 -19 -20 -21 21 22 23 -25 26 -27 27 29 -30 -31
leaf_value=-0.010649824190756042 -0.014963852000073529 0.014987234504224033 -0.018199269470265681 -0.011540656371071236 0.007551327015344912 0.0070553798193210039 -0.008396064852734645 0.0045341255763205867 0.028911825261930833 -0.0047085049477490516 0.02669371769428253 -0.014443584856719283 0.01074913471328238 -0.0061727130503501527 -0.0025452212921350543 0.0025706067190480394 0.023066727519035338 0.02066978202201426 0.016646965930811487 -0.0085099873456515752 0.022056615299412184 -0.0054762267321348188 0.0004796350071596545 0.02142759952504756 -0.012902914148888417 -0.0044157392766914867 0.018426886180429446 -0.0012943079668303826 -0.0058145190127701918 -0.013066890664949428
leaf_weight=247 48 128 102 128 117 190 83 1228 47 44 50 59 52 623 548 296 47 40 65 114 49 78 86 59 70 114 68 1866 44 92
leaf_count=247 48 128 102 128 117 190 83 1228 47 44 50 59 52 623 548 296 47 40 65 114 49 78 86 59 70 114 68 1866 44 92
internal_value=5.39794e-12 0.00357124 -0.0027658 -0.00222108 0.00263458 -0.00148166 0.00305527 0.00336594 0.00563702 0.0143188 0.0132826 -0.00319842 -0.00661901 -0.0048691 0.00112081 0.00347878 0.00476046 0.00137234 0.00802641 -0.000510339 0.00953994 0.00720259 0.00393871 0.00900329 -0.00198978 0.00275371 -0.00164642 -0.00126577 0.00890348 -0.00184746
internal_weight=6782 2960 3822 3575 599 432 2832 2784 1384 156 167 2976 777 675 1400 852 769 450 109 410 319 272 223 145 2199 304 2140 2070 112 1958
internal_count=6782 2960 3822 3575 599 432 2832 2784 1384 156 167 2976 777 675 1400 852 769 450 109 410 319 272 223 145 2199 304 2140 2070 112 1958
is_linear=0
shrinkage=0.03


Tree=35
num_leaves=31
num_cat=0
split_feature=9 34 8 34 15 6 17 9 17 7 8 3 3 17 6 7 23 33 35 27 23 11 22 8 34 34 24 10 7 5
split_gain=70.4264 19.8564 18.322 15.5863 16.5343 14.6486 14.378 16.7982 14.4283 14.0454 12.8091 12.1036 20.254 11.9815 13.0074 12.2176 11.6585 13.5716 12.681 22.5321 17.1039 11.0407 14.4132 12.8616 15.2979 10.8285 10.6156 11.2335 10.8221 16.5417
threshold=2.577380952380953 113.95 2.2892434256620553 1773.8500000000001 0.59960317460317469 4.416666666666667 -0.15433576209720543 1.0954545454545457 0.020605009562931178 1.7750000000000001 0.89844137602829433 12.086278931862676 11.647324817585391 -1.0000000180025095e-35 2.4166666666666674 2.3666666666666671 64.416666666666686 13.500000000000002 606.20000000000016 46.500000000000007 59.583333333333343 1.509568764568765 0.53690476190476211 1.360602645085393 1479.45 2355.8000000000006 0.15319500955400905 2.3467754467754474 3.2916666666666674 2.5000000000000004
decision_type=10 2 8 2 10 10 8 10 10 8 10 10 10 8 8 10 10 2 2 8 10 8 8 10 2 2 10 10 10 10
left_child=1 2 10 4 6 11 -3 -8 21 -5 -1 12 16 -4 15 -15 17 18 -2 -20 -21 -9 -23 -24 -25 -11 27 28 -18 -30
right_child=5 3 13 9 -6 -7 7 8 -10 25 -12 -13 -14 14 -16 -17 26 -19 19 20 -22 22 23 24 -26 -27 -28 -29 29 -31
leaf_value=-0.014180339673304393 6.9819907813022526e-05 -0.016198069942183792 -0.0098046932251264259 -0.0072208430942717113 -0.012193921248085405 0.014239642498904736 0.003763137670905619 0.0083018473505973821 0.01034418020190464 0.0095751449589218402 -0.0013297056635072962 -0.0095319517366588107 0.020237334697123834 0.0010611482249463305 0.0020983840398214478 0.016674002062028914 0.0040972357615828509 -0.013013073344122279 0.028013553686621714 0.01740852532936121 1.9893241554217517e-05 -0.023139962382644392 -0.01485761438568051 -0.0033792845985756137 -0.018426479923037382 -0.0054803082851791066 0.019555642792023719 -0.0083189754834508186 0.028153988420963286 0.0076605325066177775
leaf_weight=73 720 84 52 108 266 127 244 50 54 175 1597 60 68 68 405 134 584 55 41 67 212 43 117 943 65 57 50 51 45 167
leaf_count=73 720 84 52 108 266 127 244 50 54 175 1597 60 68 68 405 134 584 55 41 67 212 43 117 943 65 57 50 51 45 167
internal_value=1.04025e-11 -0.00215191 -0.000219935 -0.0041916 -0.005268 0.00434308 -0.00411656 -0.00344714 -0.00483024 0.00171595 -0.00189144 0.00375021 0.00413707 0.0040159 0.00519987 0.0114182 0.00358747 0.00151022 0.00227828 0.00724733 0.00419566 -0.005503 -0.00609396 -0.00544242 -0.00434959 0.00587618 0.00612323 0.00533029 0.0062048 0.0120106
internal_weight=6782 4535 2329 2206 1866 2247 1600 1516 1272 340 1670 2120 2060 659 607 202 1992 1095 1040 320 279 1218 1168 1125 1008 232 897 847 796 212
internal_count=6782 4535 2329 2206 1866 2247 1600 1516 1272 340 1670 2120 2060 659 607 202 1992 1095 1040 320 279 1218 1168 1125 1008 232 897 847 796 212
is_linear=0
shrinkage=0.03


Tree=36
num_leaves=31
num_cat=0
split_feature=9 9 7 1 28 19 14 11 15 7 5 8 23 9 24 34 10 27 35 8 28 9 6 35 8 35 34 28 2 10
split_gain=66.3573 19.2853 15.6372 14.6565 14.3725 14.1593 23.7127 16.0086 23.3437 13.837 16.0233 13.491 12.9139 15.8499 16.5165 15.9031 15.0683 14.3239 13.6667 12.7945 12.7613 14.297 13.5229 14.0068 12.8778 12.7194 12.5735 12.0887 11.1093 12.7388
threshold=2.26969696969697 3.1180555555555558 2.9000000000000004 12.16666666666667 11.500000000000002 2.5843241725594672 5.5500000000000007 2.6168975468975475 0.66534391534391546 3.9000000000000004 3.5000000000000004 3.8846248120647453 62.250000000000007 1.7928571428571431 0.07029027350121847 228.90000000000001 1.7793650793650795 44.500000000000007 1388.4000000000003 1.3769066410044244 3.5000000000000004 1.1483516483516485 1.8333333333333337 630.95000000000016 1.2811378632432342 564.80000000000007 810.00000000000011 1.5000000000000002 11.775000000000002 1.5397241647241648
decision_type=10 10 10 10 10 10 10 10 10 10 10 10 8 8 8 2 10 10 2 8 8 10 10 2 10 2 2 8 10 8
left_child=2 11 3 4 12 6 7 8 9 -3 -11 25 18 16 15 -15 20 -16 27 -6 -14 24 23 -23 -22 -2 -19 -1 29 -29
right_child=1 5 -4 -5 19 -7 -8 -9 -10 10 -12 -13 13 14 17 -17 -18 26 -20 -21 21 22 -24 -25 -26 -27 -28 28 -30 -31
leaf_value=0.0098696761739186269 -0.00020658923336077203 0.0051295827938491441 0.0062129372703025069 -0.011367363927509071 -0.01666001366218552 0.0242715398222208 -0.014944456306427878 0.02059963166751988 -0.014357367334305308 0.031432408965760612 0.0092262654887128835 0.018934938601450995 -0.013367623736303817 0.021598513478489768 0.0052223696823192525 0.0003464462713704311 -0.017449514599266244 -0.0055935492222544863 0.0047215733330878886 -0.004973218887792878 -0.0014446916075592691 -0.0042303842757288636 -0.013217705435606398 0.0096834843630265247 0.021024615233764053 0.0045515554160156365 0.0072068513082019208 -0.016224001029334148 0.0056709998239636086 -0.0056872420330447227
leaf_weight=44 1535 556 164 190 106 40 46 73 48 41 102 40 79 73 355 56 65 335 133 412 44 207 88 95 48 754 87 119 66 781
leaf_count=44 1535 556 164 190 106 40 46 73 48 41 102 40 79 73 355 56 65 335 133 412 44 207 88 95 48 754 87 119 66 781
internal_value=2.22879e-11 0.00310728 -0.00283396 -0.00327253 -0.00279085 0.00682107 0.00601505 0.00719082 0.00588046 0.00727018 0.0155931 0.00166258 -0.00190514 -0.000104681 0.00243178 0.0123728 -0.00377566 0.000781336 -0.00431835 -0.00736473 -0.00219134 -0.000359547 -0.00286902 0.000146495 0.0102784 0.00136075 -0.0029546 -0.00550875 -0.00620922 -0.00708044
internal_weight=6782 3235 3547 3383 3193 906 866 820 747 699 143 2329 2675 1532 906 129 626 777 1143 518 561 482 390 302 92 2289 422 1010 966 900
internal_count=6782 3235 3547 3383 3193 906 866 820 747 699 143 2329 2675 1532 906 129 626 777 1143 518 561 482 390 302 92 2289 422 1010 966 900
is_linear=0
shrinkage=0.03


Tree=37
num_leaves=31
num_cat=0
split_feature=9 20 14 25 27 24 9 7 21 34 7 27 19 23 3 22 23 28 8 34 3 27 34 27 8 8 27 34 8 1
split_gain=62.6721 18.6424 20.6312 18.1599 18.091 14.3998 15.634 14.1407 13.7141 15.2426 16.8821 12.8543 11.3141 11.8239 11.9204 11.2903 12.5457 15.9792 18.964 13.3483 10.9816 12.2117 10.7537 10.6218 10.4021 32.6401 12.4359 9.93284 11.6468 9.50361
threshold=2.577380952380953 2.2203535353535355 4.7333333333333343 1.0000000180025095e-35 54.500000000000007 0.19458759782668564 1.7735042735042736 0.90000000000000013 0.39087301587301593 87.000000000000014 3.7750000000000004 47.500000000000007 2.2138888888888895 62.416666666666679 11.102523860167606 0.50690476190476208 59.416666666666679 6.5000000000000009 3.9654176745796197 988.55000000000007 11.173099131058093 25.500000000000004 1173.0500000000002 65.500000000000014 3.4444448555703482 3.2824263541613257 44.500000000000007 1167.3000000000002 2.7930731511810474 12.16666666666667
decision_type=10 8 10 2 8 10 10 8 8 2 10 8 8 8 8 8 10 10 10 2 8 10 2 8 10 10 10 2 10 10
left_child=1 5 3 7 -5 29 -7 -3 -2 10 11 -10 -9 14 -14 -11 23 18 19 -18 -15 22 -22 -17 25 26 -19 -21 -29 -1
right_child=8 2 -4 4 -6 6 -8 12 9 15 -12 -13 13 20 -16 16 17 24 -20 27 21 -23 -24 -25 -26 -27 -28 28 -30 -31
leaf_value=-0.0053447349254773678 -0.0097023520051013855 -0.014816276423351928 0.018594217412173746 -0.0094331546981926417 -0.0016587242602512889 -0.010468763694609057 0.012464207164798078 0.014428574968543318 0.01301114950800337 0.016873543611304328 0.015937057727887467 0.0038016704231701496 0.012431403551095475 -0.013020323238721706 -0.0035067482742045771 0.0024128759946934011 -0.00038501892314368003 -0.016275229714133522 0.022316732422194695 0.02053480400600367 0.010248298620724161 0.0008736710324498486 -0.0023670628036444002 -0.017411956272221037 -0.011099840714445999 0.025212817152098908 -2.7302147568883122e-05 0.016649975303945869 6.2049838739472462e-05 -0.013519482363157269
leaf_weight=840 63 53 48 390 871 41 77 54 166 44 162 765 45 41 687 43 296 55 55 54 276 883 78 56 93 41 185 58 111 151
leaf_count=840 63 53 48 390 871 41 77 54 166 44 162 765 45 41 687 43 296 55 55 54 276 883 78 56 93 41 185 58 111 151
internal_value=-1.35827e-11 -0.00202998 -0.000935634 -0.00121315 -0.00406319 -0.00541073 0.00449597 0.000484495 0.00409701 0.00449507 0.00699902 0.00544375 0.000877392 0.000513331 -0.00252694 0.00198652 0.00136089 0.00242212 0.00556606 0.00379094 0.00225471 0.002761 0.00746864 -0.00880117 -0.00240307 0.000475221 -0.00375079 0.00933393 0.00575495 -0.00659033
internal_weight=6782 4535 3426 3378 1261 1109 118 2117 2247 2184 1093 931 2064 2010 732 1091 1047 948 574 519 1278 1237 354 99 374 281 240 223 169 991
internal_count=6782 4535 3426 3378 1261 1109 118 2117 2247 2184 1093 931 2064 2010 732 1091 1047 948 574 519 1278 1237 354 99 374 281 240 223 169 991
is_linear=0
shrinkage=0.03


Tree=38
num_leaves=31
num_cat=0
split_feature=9 9 7 35 34 4 20 22 19 14 11 15 22 27 8 8 7 5 8 35 9 8 27 18 23 10 24 24 27 20
split_gain=59.1633 17.3526 14.4813 14.7236 16.8965 14.3093 14.6406 14.2826 13.3658 22.3445 14.9283 21.61 13.0061 13.6268 15.5452 12.9702 12.5373 15.1232 12.4674 11.6287 10.5384 11.5841 10.8284 10.5237 10.3627 13.4879 11.7023 12.2544 11.6842 10.5407
threshold=2.26969696969697 3.1180555555555558 2.9000000000000004 2235.7000000000003 113.95 10.720779220779223 2.0807165057165062 0.73214285714285732 2.5843241725594672 5.5500000000000007 2.6168975468975475 0.66534391534391546 0.53166666666666684 54.500000000000007 1.360602645085393 2.4448141352090809 3.9000000000000004 3.5000000000000004 3.8846248120647453 564.80000000000007 2.4226190476190479 2.3939388122218066 75.500000000000014 0.45330758730866066 58.750000000000007 1.9961392773892774 0.19458759782668564 0.047156001384485745 60.500000000000007 2.0659440559440561
decision_type=10 10 10 2 2 8 8 10 10 10 10 10 8 8 10 8 10 10 10 2 10 10 10 10 10 10 10 10 8 8
left_child=2 18 3 4 5 -1 -7 15 9 10 11 16 -6 14 -14 -8 -3 -18 19 24 21 -21 23 -22 25 28 27 29 -2 -26
right_child=1 8 -4 -5 12 6 7 -9 -10 -11 -12 -13 13 -15 -16 -17 17 -19 -20 20 22 -23 -24 -25 26 -27 -28 -29 -30 -31
leaf_value=0.0084669498110872127 -0.0017402867500374956 0.0048492029437748382 0.0060301790646527234 -0.015138452500418833 -0.0124051590844418 -0.0076329562355437093 -0.0017608166635429984 0.017116279655269215 0.023411231126636265 -0.014672163790699256 0.019763523538354529 -0.013922149422214715 -0.021590416316520162 -0.0022901711019178736 -0.0059494812330658717 0.0084178536065987169 0.030197173704097909 0.0086237749073188753 0.018167774350382384 0.0054440210225141566 0.0027078180002847976 0.023501998350328328 -0.008221093534606776 0.016784493127378702 0.013806460309359761 0.0064635527969860449 0.012984774649143218 -0.0092380409080441254 -0.022663722974729947 0.0002463004256412709
leaf_weight=142 41 556 164 89 186 284 1065 42 40 46 73 48 71 1084 294 126 41 102 40 92 487 49 73 53 54 41 65 119 58 1157
leaf_count=142 41 556 164 89 186 284 1065 42 40 46 73 48 71 1084 294 126 41 102 40 92 487 49 73 53 54 41 65 119 58 1157
internal_value=1.49544e-12 0.00293401 -0.00267593 -0.00309799 -0.00277267 -0.000639656 -0.00149209 -7.76451e-05 0.00645681 0.0056737 0.00681505 0.00554967 -0.00493699 -0.00397834 -0.00899196 -0.00068398 0.00688679 0.0148092 0.00156362 0.00127346 0.00432439 0.0117195 0.0026234 0.00408942 -0.000225173 -0.00800601 0.0005557 -5.17357e-05 -0.0139985 0.000850965
internal_weight=6782 3235 3547 3383 3294 1659 1517 1233 906 866 820 747 1635 1449 365 1191 699 143 2329 2289 754 141 613 540 1535 140 1395 1330 99 1211
internal_count=6782 3235 3547 3383 3294 1659 1517 1233 906 866 820 747 1635 1449 365 1191 699 143 2329 2289 754 141 613 540 1535 140 1395 1330 99 1211
is_linear=0
shrinkage=0.03


Tree=39
num_leaves=31
num_cat=0
split_feature=9 34 35 8 34 15 28 17 23 8 28 28 19 23 27 7 1 19 33 11 27 3 19 23 23 11 34 12 34 8
split_gain=55.879 16.9904 16.8606 15.8088 14.4802 15.1485 13.5248 13.3014 12.9454 23.3561 24.3157 13.7076 15.3342 12.8516 21.2379 12.6395 11.9767 14.7575 11.7189 11.255 12.4128 11.7637 10.6517 10.4112 14.0625 10.3171 10.2597 10.235 10.1283 9.88126
threshold=2.577380952380953 113.95 2235.7000000000003 2.2892434256620553 1773.8500000000001 0.59960317460317469 13.500000000000002 0.020605009562931178 63.416666666666679 4.0015383274205822 8.5000000000000018 15.500000000000002 1.8830197580197583 62.416666666666679 78.500000000000014 1.7750000000000001 10.583333333333334 1.3312289562289565 13.500000000000002 2.3815811965811968 41.500000000000007 11.286168625944823 2.1516835016835025 66.708333333333357 61.416666666666679 2.2482090132090136 2145.7500000000005 1.6503290515620679 2355.8000000000006 2.3564222543993947
decision_type=10 2 2 8 2 10 10 10 10 10 8 10 10 8 8 8 8 10 2 8 8 8 10 10 8 10 2 10 2 10
left_child=1 2 3 -1 5 7 16 13 11 26 -11 12 18 -3 -15 -6 -5 23 19 -2 -21 -22 -19 24 -18 -14 -10 -16 -17 -26
right_child=8 4 -4 6 15 -7 -8 -9 9 10 -12 -13 25 14 27 28 17 22 -20 20 21 -23 -24 -25 29 -27 -28 -29 -30 -31
leaf_value=-0.0011271387225120562 -0.0097880409504861043 -0.0077720484495778577 -0.011228426156852107 0.01999484893010587 -0.0065872204197674165 -0.011470393520041151 -0.010609801144776295 0.0096613651793450109 0.0040622295841809446 0.033226519924334501 0.0052653878049826932 -0.013069219815411736 0.022674428308580782 -0.0059526037764633727 0.0048345956298862028 0.0094143744454852178 0.00050296535765802534 -0.014772130974314429 -0.014857852373804364 0.014480424497119138 0.014622837329904237 -2.8765407147013657e-05 0.0054297818225331421 -0.0023209339109334075 0.027063047692179678 0.0056863403343937954 0.019175381500806124 -0.010665126513733074 -0.0051461557259685113 0.010642567117639045
leaf_weight=1591 73 590 117 49 108 266 49 64 1079 55 57 56 47 549 354 175 111 55 42 71 54 569 41 88 40 102 42 43 57 188
leaf_count=1591 73 590 117 49 108 266 49 64 1079 55 57 56 47 549 354 175 111 55 42 71 54 569 41 88 40 102 42 43 57 188
internal_value=6.81756e-12 -0.00191681 -0.0001297 0.000457349 -0.00380357 -0.00484107 0.0045168 -0.00373895 0.0038686 0.00593357 0.0189963 0.00135764 0.00220096 -0.00429729 -0.00213016 0.00189048 0.00581261 0.00448387 0.000572088 0.00141701 0.00259564 0.0012412 -0.00614423 0.00687333 0.00926004 0.011045 0.00462847 0.00315578 0.005837 0.0135234
internal_weight=6782 4535 2329 2212 2206 1866 621 1600 2247 1233 112 1014 958 1536 946 340 572 523 809 767 694 623 96 427 339 149 1121 397 232 228
internal_count=6782 4535 2329 2212 2206 1866 621 1600 2247 1233 112 1014 958 1536 946 340 572 523 809 767 694 623 96 427 339 149 1121 397 232 228
is_linear=0
shrinkage=0.03


Tree=40
num_leaves=31
num_cat=0
split_feature=9 17 20 34 8 4 27 35 21 28 8 34 14 34 15 15 36 23 27 9 9 9 23 8 8 24 34 22 35 27
split_gain=52.8104 16.6334 15.7764 15.9027 25.6765 16.7819 15.5524 14.6624 16.4517 15.9222 18.9545 18.3463 15.783 13.438 12.026 13.1027 11.5198 16.34 11.7289 19.0894 11.1244 10.8384 10.6421 10.3866 16.8683 10.0434 10.3009 9.77627 10.5932 10.6196
threshold=2.3452380952380958 -0.095097628372307411 1.5651814851814854 228.90000000000001 2.4448141352090809 10.696153846153846 57.500000000000007 1.0000000180025095e-35 0.62738095238095248 6.5000000000000009 3.8846248120647453 988.55000000000007 4.9000000000000012 1167.3000000000002 0.60634920634920642 0.69920634920634928 1.0000000180025095e-35 68.208333333333357 61.500000000000007 1.9045454545454548 4.1291666666666673 2.26969696969697 66.583333333333357 1.3322393711436262 1.5479380815595511 0.03295946468281017 423.60000000000008 0.53690476190476211 2316.4000000000005 76.500000000000014
decision_type=10 8 8 2 8 8 8 2 10 10 10 2 10 2 10 10 2 10 10 8 10 8 10 10 10 8 2 8 2 10
left_child=2 -2 -1 4 5 -4 23 9 20 10 11 25 -10 -13 16 -16 18 21 19 -8 27 22 -18 -5 -25 -3 -27 -9 29 -29
right_child=1 7 3 6 -6 -7 14 8 12 -11 -12 13 -14 -15 15 -17 17 -19 -20 -21 -22 -23 -24 24 -26 26 -28 28 -30 -31
leaf_value=-0.0096625026696934724 -0.014508094755001366 0.012751949549448199 0.0089866745048092569 -0.019793518598636855 0.007914001278362226 -0.0023569439275426519 -0.0097668237212513165 -0.0053352461546203314 0.0065543593284382948 -0.0027428113940533624 0.017609075310872867 0.018419293944840317 0.025445027056232312 0.0043331380552262995 -0.019532003776936712 -0.0014952933826892036 -0.0010810663546564133 0.015953990144074937 -0.010069686959491071 0.010227208758746697 0.018781697848082882 0.0072245692618583381 -0.017077385901314454 0.011266106869094074 -0.0095334012222059485 0.0037747771678299739 -0.0059906086853500134 0.0061413301350064682 -0.0088229999209151547 -0.0038541451669385973
leaf_weight=247 48 41 127 69 309 1549 84 98 96 569 80 80 68 256 72 73 430 61 213 88 46 133 41 40 286 145 295 981 51 106
leaf_count=247 48 41 127 69 309 1549 84 98 96 569 80 80 68 256 72 73 430 61 213 88 46 133 41 40 286 145 295 981 51 106
internal_value=-1.1683e-11 0.00300816 -0.00232971 -0.00182308 -3.23285e-05 -0.00149737 -0.00405871 0.00329689 0.00544033 0.0011827 0.00367279 0.00230816 0.0143871 0.00768698 -0.00235288 -0.0104515 -0.00123451 0.00115644 -0.00536432 0.000462681 0.00429582 -0.000338019 -0.00247353 -0.0092194 -0.00698131 -0.00144918 -0.00277247 0.0037567 0.00453966 0.00516661
internal_weight=6782 2960 3822 3575 1985 1676 1590 2912 1446 1466 897 817 164 336 1195 145 1050 665 385 172 1282 604 471 395 326 481 440 1236 1138 1087
internal_count=6782 2960 3822 3575 1985 1676 1590 2912 1446 1466 897 817 164 336 1195 145 1050 665 385 172 1282 604 471 395 326 481 440 1236 1138 1087
is_linear=0
shrinkage=0.03


Tree=41
num_leaves=31
num_cat=0
split_feature=9 20 14 25 27 24 9 7 21 34 7 27 19 23 3 22 23 28 8 34 3 27 8 8 27 34 27 28 6 34
split_gain=49.8155 15.8591 18.6889 16.8153 16.1578 13.1935 14.2947 12.769 12.5286 13.4019 14.3948 11.6814 10.8218 10.5517 10.8718 10.5364 11.2728 14.1761 15.8345 11.6847 10.323 10.5022 10.1992 30.306 11.776 10.1688 9.70644 9.18426 9.14162 8.87886
threshold=2.577380952380953 2.2203535353535355 4.7333333333333343 1.0000000180025095e-35 54.500000000000007 0.19458759782668564 1.7735042735042736 0.90000000000000013 0.39087301587301593 87.000000000000014 3.7750000000000004 47.500000000000007 2.2138888888888895 62.416666666666679 11.102523860167606 0.50690476190476208 59.416666666666679 6.5000000000000009 3.9654176745796197 988.55000000000007 11.173099131058093 25.500000000000004 3.4444448555703482 3.2824263541613257 44.500000000000007 1173.0500000000002 65.500000000000014 12.500000000000002 2.5833333333333335 1167.3000000000002
decision_type=10 8 10 2 8 10 10 8 8 2 10 8 8 8 8 8 10 10 10 2 8 10 10 10 10 2 8 10 10 2
left_child=1 5 3 7 -5 27 -7 -3 -2 10 11 28 -9 14 -14 -11 26 18 19 -18 -15 25 23 24 -19 -22 -17 -1 -10 -21
right_child=8 2 -4 4 -6 6 -8 12 9 15 -12 -13 13 20 -16 16 17 22 -20 29 21 -23 -24 -25 -26 -27 -28 -29 -30 -31
leaf_value=-0.0051222023490954966 -0.0095367867836640002 -0.013970719922579965 0.017787369517609477 -0.0088820485030659101 -0.0015347308839849612 -0.0097547019704631189 0.012173978369320174 0.014195439207057159 0.0012802051798421509 0.016062374304641379 0.014634422131844243 0.0033795406940945552 0.011999480109661818 -0.012578538492458258 -0.0032215017564027918 0.0021637943542973936 -0.00048537439868055483 -0.015871965619650753 0.020350029061463746 0.019197741732415226 0.0097908939340192336 0.00097194840403280031 -0.011073817826747413 0.024224483534330276 -6.0967364826717895e-05 -0.0024765804180732136 -0.016787573800289207 -0.014978642736541781 0.016714821937374578 0.0052240238576774772
leaf_weight=897 63 53 48 390 871 41 77 54 49 44 162 765 45 41 687 43 296 55 55 54 276 883 93 41 185 78 56 94 117 169
leaf_count=897 63 53 48 390 871 41 77 54 49 44 162 765 45 41 687 43 296 55 55 54 276 883 93 41 185 78 56 94 117 169
internal_value=-2.27238e-11 -0.00180983 -0.000800473 -0.0010646 -0.0038071 -0.004928 0.00455469 0.000568982 0.00365268 0.00403315 0.00638105 0.00494491 0.000942336 0.000586283 -0.00228579 0.00168094 0.00107656 0.00208251 0.00504376 0.00342171 0.00223132 0.00272219 -0.00246229 0.000387782 -0.00368432 0.00708789 -0.00855617 -0.00605712 0.0121588 0.00860779
internal_weight=6782 4535 3426 3378 1261 1109 118 2117 2247 2184 1093 931 2064 2010 732 1091 1047 948 574 519 1278 1237 374 281 240 354 99 991 166 223
internal_count=6782 4535 3426 3378 1261 1109 118 2117 2247 2184 1093 931 2064 2010 732 1091 1047 948 574 519 1278 1237 374 281 240 354 99 991 166 223
is_linear=0
shrinkage=0.03


Tree=42
num_leaves=31
num_cat=0
split_feature=9 9 19 7 35 34 18 21 24 23 8 35 9 27 24 3 15 27 6 23 17 35 9 35 18 5 8 9 6 11
split_gain=47.0856 14.3529 15.5844 12.6827 13.424 14.2203 13.8382 12.0004 14.2141 12.4447 13.1701 13.7436 13.285 12.4382 11.6636 17.9112 11.4842 16.1606 18.5421 17.9203 10.3778 9.95304 13.7787 10.0325 9.84337 9.76551 9.60781 9.52941 12.8544 9.51324
threshold=2.26969696969697 3.0690476190476197 1.5655270655270657 2.9000000000000004 2235.7000000000003 113.95 0.48078043380407148 0.66468253968253976 0.084025767935869508 63.083333333333343 2.720394796551886 988.55000000000007 3.1483516483516487 56.500000000000007 0.19458759782668564 11.140141378669385 0.54801587301587307 82.500000000000014 2.1666666666666674 62.416666666666679 -0.028873220642671713 564.80000000000007 2.4226190476190479 929.50000000000011 0.39756706178760143 4.5000000000000009 0.89844137602829433 2.6547619047619051 2.4166666666666674 1.5310739260739263
decision_type=10 10 8 10 2 2 10 10 10 10 10 2 10 10 10 10 10 8 10 10 10 2 10 2 10 10 8 10 10 10
left_child=3 14 -3 4 5 6 26 9 -9 -4 -11 12 -12 -14 21 -16 17 20 -19 -20 -7 -2 23 -23 29 -15 -1 28 -24 -18
right_child=1 2 7 -5 -6 16 -8 8 -10 10 11 -13 13 25 15 -17 24 18 19 -21 -22 22 27 -25 -26 -27 -28 -29 -30 -31
leaf_value=-0.011842928281852178 -0.00064250787975792271 -0.0082087456150090003 0.00057944079899187784 0.0057603116268746379 -0.014279019574849248 -0.0065596036732019263 0.015894301087847756 0.030112743346792894 0.0061733631336852455 -0.0074330832741477271 0.023395596044819528 0.020009104685481401 0.0098403998679849631 -0.007218065395230247 0.00093628806682924436 0.024594817301258443 -0.011371184396208264 -0.0022118536327980108 -0.0022319213367998597 0.021426996384911676 0.009099867878481745 0.024676392783478992 0.0029008836803033197 0.0069484074576757846 -0.013093775571032893 0.010070643872022628 -0.00047941621129862164 0.0049671635685340021 -0.011329286550123666 0.009071487898805311
leaf_weight=70 1435 68 293 164 89 797 45 41 49 44 41 94 215 93 72 48 40 380 50 68 40 41 139 96 218 43 1544 326 97 42
leaf_count=70 1435 68 293 164 89 797 45 41 49 44 41 94 215 93 72 48 40 380 50 68 40 41 139 96 218 43 1544 326 97 42
internal_value=-1.52535e-11 0.00261746 0.00564644 -0.00238722 -0.0027822 -0.00247157 -0.000514756 0.00667838 0.0170791 0.005541 0.00828389 0.00970683 0.00723639 0.00534884 0.00129917 0.0103997 -0.0044571 -0.00326522 0.00101393 0.011402 -0.00581124 0.000787422 0.00372297 0.0122539 -0.00976096 -0.00175178 -0.000972258 0.00164338 -0.00294796 -0.000900547
internal_weight=6782 3235 981 3547 3383 3294 1659 913 90 823 530 486 392 351 2254 120 1635 1335 498 118 837 2134 699 137 300 136 1614 562 236 82
internal_count=6782 3235 981 3547 3383 3294 1659 913 90 823 530 486 392 351 2254 120 1635 1335 498 118 837 2134 699 137 300 136 1614 562 236 82
is_linear=0
shrinkage=0.03


Tree=43
num_leaves=31
num_cat=0
split_feature=9 17 20 34 8 4 27 35 7 9 3 28 8 27 34 23 8 27 36 27 37 15 15 9 27 27 23 27 24 9
split_gain=44.5342 15.3853 14.479 14.3722 23.3279 15.8015 13.932 12.709 13.7135 14.1514 13.5446 14.1285 16.4318 15.073 13.6608 12.7305 19.786 15.8044 11.5114 13.7282 11.3232 10.9644 13.7329 10.8439 19.5964 17.9565 10.5703 14.3202 14.0324 13.872
threshold=2.3452380952380958 -0.095097628372307411 1.5651814851814854 228.90000000000001 2.4448141352090809 10.696153846153846 57.500000000000007 400.45000000000005 3.7750000000000004 2.4226190476190479 10.365409114290733 6.5000000000000009 2.3860932115642197 53.500000000000007 1020.1000000000001 65.416666666666686 2.8298240231269629 48.500000000000007 2.5000000000000004 75.500000000000014 1.0000000180025095e-35 0.60634920634920642 0.69920634920634928 2.7928571428571431 44.500000000000007 49.500000000000007 63.083333333333343 81.500000000000014 -0.066613797095297342 2.1742424242424243
decision_type=10 8 8 2 8 8 8 2 10 10 8 8 10 10 2 10 10 8 2 10 2 10 10 10 10 10 10 8 10 8
left_child=2 -2 -1 4 5 -4 -5 10 9 -9 -3 12 13 -12 23 -13 -17 -18 21 -20 -10 26 -23 25 -25 -14 28 -28 -8 -29
right_child=1 7 3 6 -6 -7 18 8 20 -11 11 15 14 -15 -16 16 17 -19 19 -21 -22 22 -24 24 -26 -27 27 29 -30 -31
leaf_value=-0.0091641929700521946 -0.014083857629448174 0.01279442017773787 0.0088251293972721242 -0.0086638023421636932 0.0076225695628853686 -0.0021821523013782792 -0.0077238289142775611 0.017581536866613286 0.02707777582471757 0.003303995597433725 0.030244173299521206 -0.0033123244596100312 -0.023624616984108632 0.0060410314500331875 0.010167922727066835 -0.0042771897038047235 -0.0069630448222160338 0.012829553157863939 0.0084721385983761791 -0.0093885452409877487 0.0086683429484255611 -0.021855114238982596 -0.0018876953612292002 0.02147829231165815 -0.0020738455602718935 0.0026529492348432542 -0.0051122915089380607 0.00060019585659558123 0.010392667696009888 0.015576624327472276
leaf_weight=247 48 90 127 395 309 1549 366 67 43 926 40 752 44 55 139 178 45 188 161 51 100 62 62 40 155 50 201 165 43 84
leaf_count=247 48 90 127 395 309 1549 366 67 43 926 40 752 44 55 139 178 45 188 161 51 100 62 62 40 155 50 201 165 43 84
internal_value=1.69422e-12 0.00276241 -0.00213939 -0.00165404 4.83685e-05 -0.00134807 -0.00377937 0.0030401 0.00551817 0.00426733 0.00145502 0.000849719 0.00494496 0.0162318 0.0024397 -0.000991908 0.00325372 0.00900695 -0.00216485 0.00417546 0.014204 -0.00353224 -0.0118714 -0.00127734 0.00275736 -0.00964719 -0.00232845 0.000844218 -0.00581916 0.00565248
internal_weight=6782 2960 3822 3575 1985 1676 1590 2912 1136 993 1776 1686 523 95 428 1163 411 233 1195 212 143 983 124 289 195 94 859 450 409 249
internal_count=6782 2960 3822 3575 1985 1676 1590 2912 1136 993 1776 1686 523 95 428 1163 411 233 1195 212 143 983 124 289 195 94 859 450 409 249
is_linear=0
shrinkage=0.03


Tree=44
num_leaves=31
num_cat=0
split_feature=9 20 14 25 27 9 24 23 20 20 18 9 7 21 34 7 27 19 22 23 28 8 34 8 8 27 23 3 3 23
split_gain=42.0911 14.4421 17.2506 15.7423 14.8517 12.2228 18.8904 12.327 13.4759 13.1274 15.3612 11.8026 11.6639 11.6235 11.7617 12.3116 10.9503 10.1367 9.89826 10.3831 12.9854 14.6126 10.6213 9.91222 28.1664 10.9826 9.60186 10.1323 9.73887 9.60013
threshold=2.577380952380953 2.2203535353535355 4.7333333333333343 1.0000000180025095e-35 54.500000000000007 1.6547619047619049 0.20396577906213229 64.416666666666686 1.8651531801531804 1.841794871794872 0.42566682992693 1.8819444444444446 0.90000000000000013 0.39087301587301593 87.000000000000014 3.7750000000000004 47.500000000000007 2.2138888888888895 0.50690476190476208 59.416666666666679 6.5000000000000009 3.9654176745796197 988.55000000000007 3.4444448555703482 3.2824263541613257 44.500000000000007 62.416666666666679 11.079564022454681 11.173099131058093 61.916666666666679
decision_type=10 8 10 2 8 10 10 10 10 10 10 10 8 8 2 10 8 8 8 10 10 10 2 10 10 10 8 8 8 10
left_child=1 5 3 12 -5 -1 7 9 -9 11 29 -7 -3 -2 15 16 -15 -14 -16 -20 21 22 -21 24 25 -22 27 -19 -28 -11
right_child=13 2 -4 4 -6 6 -8 8 -10 10 -12 -13 17 14 18 -17 -18 26 19 20 23 -23 -24 -25 -26 -27 28 -29 -30 -31
leaf_value=-0.0084221882906861372 -0.0093465459107288287 -0.01326985820934598 0.017157837185077369 -0.0084732271789197018 -0.0014291231209320259 0.0093971240850673488 0.012480229413292061 -0.0045257318049137085 0.014937721175068626 0.0030445521461096273 -0.020492971615749412 -0.005422816422783373 0.01380999339537488 0.011579928151668464 0.015459570322524416 0.013556395807751902 0.00307982030222375 0.012027432429929113 -0.0083101441711187357 -0.00054900721294453008 -0.015335568438876759 0.019438140477646478 0.0081205318390387589 -0.010939165669222992 0.023339919022670606 -6.6536737454904083e-05 -0.012176849865241021 -0.0029828179280142839 0.0026847064215482852 -0.014992165877060456
leaf_weight=454 63 53 48 390 871 66 72 70 59 67 96 181 54 166 44 162 765 43 99 296 55 55 223 93 41 185 41 689 1237 44
leaf_count=454 63 53 48 390 871 66 72 70 59 67 96 181 54 166 44 162 765 43 99 296 55 55 223 93 41 185 41 689 1237 44
internal_value=-2.98409e-11 -0.00166361 -0.000700398 -0.000954156 -0.00360771 -0.00463921 -0.00201712 -0.00380753 0.00437616 -0.00613285 -0.0117053 -0.00146283 0.000626446 0.00335757 0.00372403 0.00592357 0.00459541 0.000983279 0.00152045 0.000934665 0.0019001 0.00473427 0.00317605 -0.00244966 0.00036004 -0.00356569 0.000638681 -0.00210107 0.00220793 -0.00410514
internal_weight=6782 4535 3426 3378 1261 1109 655 583 129 454 207 247 2117 2247 2184 1093 931 2064 1091 1047 948 574 519 374 281 240 2010 732 1278 111
internal_count=6782 4535 3426 3378 1261 1109 655 583 129 454 207 247 2117 2247 2184 1093 931 2064 1091 1047 948 574 519 374 281 240 2010 732 1278 111
is_linear=0
shrinkage=0.03


Tree=45
num_leaves=31
num_cat=0
split_feature=9 17 20 34 8 4 27 35 6 3 28 8 27 15 34 9 23 8 27 14 14 19 8 8 27 8 36 27 34 27
split_gain=39.7307 14.2313 13.4599 13.6056 21.701 14.9758 12.7768 11.4934 12.8182 12.6559 12.9701 15.5966 14.2243 13.5155 12.7144 12.4539 11.8108 18.4275 14.6434 11.0777 13.3365 14.6677 10.9068 22.5829 20.227 14.4001 10.7886 12.9067 10.6271 12.2886
threshold=2.3452380952380958 -0.095097628372307411 1.5651814851814854 228.90000000000001 2.4448141352090809 10.696153846153846 57.500000000000007 400.45000000000005 4.416666666666667 10.365409114290733 6.5000000000000009 2.3860932115642197 53.500000000000007 0.71785714285714308 1020.1000000000001 2.4226190476190479 65.416666666666686 2.8298240231269629 48.500000000000007 4.9000000000000012 4.4500000000000011 2.0555833055833062 2.703473150380721 2.4589506844070042 69.500000000000014 2.2167079243710837 2.5000000000000004 75.500000000000014 178.35000000000002 49.500000000000007
decision_type=10 8 8 2 8 8 8 2 10 8 8 10 10 8 2 10 10 10 8 10 10 10 10 10 10 10 2 10 2 10
left_child=2 -2 -1 4 5 -4 -5 9 15 -3 11 12 -11 -13 28 -9 -12 -18 -19 20 21 22 23 24 25 -17 -8 -28 -15 -30
right_child=1 7 3 6 -6 -7 26 8 -10 10 16 13 -14 14 -16 19 17 18 -20 -21 -22 -23 -24 -25 -26 -27 27 -29 29 -31
leaf_value=-0.0087938124573787649 -0.01359298376712104 0.012329975041250387 0.0086605742427073116 -0.0082981915027109457 0.0074089372702376933 -0.0020552394700738955 -0.0033982622084972407 0.017077814457354259 0.0200845168299973 0.029315971825271844 -0.0032157577066855665 -0.014336751636117695 0.0058041103468699888 0.0093486123824421362 0.011718397663207725 0.0011013528467579321 -0.004159108279796128 -0.0067113681435585024 0.012340396152254431 0.013260600120958053 -0.010400927588630182 0.021431612938642503 0.0058129691493172099 -0.011033185204021802 -0.012894109325564425 0.018574862949004987 0.0082296640758391087 -0.009088352326961124 -0.015986781352515911 0.0011910883551172445
leaf_weight=247 48 90 127 395 309 1549 983 67 50 40 752 40 55 79 128 88 178 45 188 99 65 40 468 131 46 82 161 51 53 128
leaf_count=247 48 90 127 395 309 1549 983 67 50 40 752 40 55 79 128 88 178 45 188 99 65 40 468 131 46 82 161 51 53 128
internal_value=5.82085e-12 0.00260919 -0.00202072 -0.00155276 0.000103621 -0.00124324 -0.00362063 0.00287625 0.00523283 0.0013689 0.000783785 0.00470755 0.0157038 0.00226679 0.00397849 0.00454905 -0.000980729 0.00310867 0.00866087 0.00372527 0.00269919 0.00369511 0.0028246 -0.00120582 0.0047543 0.00952975 -0.0020745 0.00406354 0.000168078 -0.0038389
internal_weight=6782 2960 3822 3575 1985 1676 1590 2912 1136 1776 1686 523 95 428 388 1086 1163 411 233 1019 920 855 815 347 216 170 1195 212 260 181
internal_count=6782 2960 3822 3575 1985 1676 1590 2912 1136 1776 1686 523 95 428 388 1086 1163 411 233 1019 920 855 815 347 216 170 1195 212 260 181
is_linear=0
shrinkage=0.03


Tree=46
num_leaves=31
num_cat=0
split_feature=9 28 23 9 21 20 11 35 35 12 20 5 18 9 34 37 35 8 27 21 24 23 8 28 15 10 27 28 33 24
split_gain=37.6508 13.5825 13.6597 14.6145 18.3186 13.6808 17.6345 13.0768 21.9906 17.9182 15.1053 12.2442 12.0826 13.0855 11.3603 11.1949 17.1549 15.0031 11.0597 10.789 10.7252 11.105 20.2921 24.4049 14.2635 16.8039 13.2699 16.0766 10.5087 10.2497
threshold=2.577380952380953 6.5000000000000009 64.708333333333357 1.7735042735042736 0.54226190476190483 2.213521478521479 1.9652525252525253 2278.2000000000003 945.45000000000016 2.2480051715160774 1.9658730158730158 1.5000000000000002 0.41075793784135955 1.4330357142857146 255.05000000000004 1.0000000180025095e-35 773.20000000000016 1.3769066410044244 80.500000000000014 0.39087301587301593 0.31864672917360543 63.416666666666679 4.0015383274205822 8.5000000000000018 0.82916666666666683 2.8916407666407671 41.500000000000007 5.5000000000000009 7.5000000000000009 0.15051556171797223
decision_type=10 10 8 10 8 8 10 2 2 10 8 10 10 10 2 2 2 10 10 8 10 10 10 8 10 10 8 10 2 8
left_child=1 2 5 12 -5 -1 14 8 9 15 -10 -6 13 -4 18 17 -17 -3 -7 -2 21 24 -23 -24 25 26 -21 29 -12 -28
right_child=19 7 3 4 11 6 -8 -9 10 -11 28 -13 -14 -15 -16 16 -18 -19 -20 20 -22 22 23 -25 -26 -27 27 -29 -30 -31
leaf_value=-0.0055267078469636794 -0.0090640387284968583 -0.013452274429893822 0.0052987720704347381 0.025118603171644414 0.01183210469665937 0.0027277723914899284 0.014777521244857622 -0.018005810657346789 -0.012345915540520634 0.01297140059354715 0.0098866962366982516 0.0014159641165185618 -0.01550567516564008 -0.0075469629751004951 -0.004159350031789061 0.0077732950014873375 -0.013193355038457987 -0.0047680937500062682 -0.013540043458342551 0.011465137749910355 0.017124505289556349 0.0039084191003866085 0.031789234814544515 0.0029944255315841966 0.018313154501840474 -0.019002953660907221 0.012630125249602964 -0.0056595474505386411 -0.0062441088868813079 0.0010362682804465294
leaf_weight=583 63 218 183 41 140 630 69 55 42 50 209 370 51 117 518 124 49 1002 40 95 51 1080 54 52 40 40 84 313 44 375
leaf_count=583 63 218 183 41 140 630 69 55 42 50 209 370 51 117 518 124 49 1002 40 95 51 1080 54 52 40 40 84 313 44 375
internal_value=-9.69515e-12 -0.00157341 -0.000245775 0.00277844 0.00582625 -0.0017283 3.34133e-05 -0.00360374 -0.00314798 -0.00467376 0.00431542 0.0042753 -0.00200601 0.000288935 -0.000822936 -0.00530712 0.00183476 -0.00631986 0.00175656 0.00317553 0.0035286 0.00320352 0.00513779 0.0176635 0.000781086 7.89715e-06 0.000884984 -0.000416978 0.00708134 0.00315802
internal_weight=6782 4535 2742 902 551 1840 1257 1793 1738 1443 295 510 351 300 1188 1393 173 1220 670 2247 2184 2133 1186 106 947 907 867 772 253 459
internal_count=6782 4535 2742 902 551 1840 1257 1793 1738 1443 295 510 351 300 1188 1393 173 1220 670 2247 2184 2133 1186 106 947 907 867 772 253 459
is_linear=0
shrinkage=0.03


Tree=47
num_leaves=31
num_cat=0
split_feature=9 28 34 8 35 8 24 4 23 27 32 8 21 34 35 14 14 8 27 27 35 34 25 27 33 36 25 23 27 6
split_gain=35.4257 12.9593 15.9786 14.0629 12.8043 12.5952 12.0316 20.242 11.7727 11.1726 11.2939 10.4252 10.1514 10.5315 11.0984 14.1305 11.1529 11.5398 11.7542 14.1705 10.7575 9.96265 9.86618 15.7848 11.1879 9.84915 18.5921 18.6855 9.84436 10.7486
threshold=2.577380952380953 9.5000000000000018 255.05000000000004 1.3769066410044244 2235.7000000000003 1.8375791682052414 -0.080467393107477567 10.825757575757578 63.708333333333343 57.500000000000007 6.5000000000000009 1.2811378632432342 0.39087301587301593 87.000000000000014 190.45000000000002 4.9000000000000012 4.4500000000000011 2.7125367679691625 76.500000000000014 64.500000000000014 1079.5500000000002 197.65000000000001 1.0000000180025095e-35 38.500000000000007 7.5000000000000009 1.0000000180025095e-35 1.0000000180025095e-35 65.416666666666686 62.500000000000007 1.8333333333333337
decision_type=10 10 2 8 2 8 10 10 8 10 2 10 8 2 2 10 10 10 10 10 2 2 2 10 2 2 2 8 10 10
left_child=1 2 4 11 5 6 -1 -8 -4 22 -11 -3 -2 14 -14 16 17 -16 19 -19 -17 -7 24 -24 -5 26 27 -10 -12 -30
right_child=12 3 8 9 -6 21 7 -9 25 10 28 -13 13 -15 15 20 -18 18 -20 -21 -22 -23 23 -25 -26 -27 -28 -29 29 -31
leaf_value=0.0004588188683494247 -0.0087921172276227942 -0.0080787827899088949 -0.0052162469782660315 0.00081856497502351389 -0.010026444490385157 0.0030168385126241822 0.0040525619293514054 -0.019597342289114174 0.018146970613266932 0.013775250860014741 0.0076133897136254564 -0.025390018150210379 0.017625663428334517 0.001337587805204503 -0.00056880628033889147 0.021627664846712597 -0.0085850981887051602 0.0062042312509035811 -0.0064473084567321665 0.020316755950450897 0.0028482187158343467 0.014874588641721536 -0.0019513076771050688 -0.020449217187481061 -0.014950332411636527 0.0026931656294259918 -0.015363608489582396 -0.0060870377562667532 -0.010938978446647525 0.00014515418294963617
leaf_weight=637 63 123 875 183 88 1025 57 76 44 49 87 42 64 1091 281 73 64 438 54 75 44 68 75 93 52 438 92 82 120 229
leaf_count=637 63 123 875 183 88 1025 57 76 44 49 87 42 64 1091 281 73 64 438 54 75 44 68 75 93 52 438 92 82 120 229
internal_value=-3.6745e-12 -0.00152621 -0.000644303 -0.00444245 0.00115596 0.00168416 -0.00125472 -0.00946167 -0.00293843 -0.00294801 0.000119413 -0.0124853 0.00308027 0.00342274 0.00550408 0.00475016 0.00349098 0.00440238 0.00686606 0.00826747 0.0145653 0.00375456 -0.00663957 -0.0121912 -0.00267072 9.98234e-05 -0.00511065 0.00237563 -0.0014153 -0.00366601
internal_weight=6782 4535 3482 1053 1951 1863 770 133 1531 888 485 165 2247 2184 1093 1029 912 848 567 513 117 1093 403 168 235 656 218 126 436 349
internal_count=6782 4535 3482 1053 1951 1863 770 133 1531 888 485 165 2247 2184 1093 1029 912 848 567 513 117 1093 403 168 235 656 218 126 436 349
is_linear=0
shrinkage=0.03


Tree=48
num_leaves=31
num_cat=0
split_feature=9 1 4 3 35 23 6 28 22 24 36 23 2 14 10 12 10 23 8 27 34 34 34 28 34 23 14 10 13 20
split_gain=33.3792 12.039 11.6416 21.9084 14.0373 13.4592 13.0127 12.5571 19.6019 13.0932 11.7864 10.7918 14.2876 11.4481 10.174 10.751 15.898 10.951 15.9791 9.91318 9.88473 9.81954 11.6015 9.65664 10.7564 10.9684 10.6837 22.8151 13.3163 11.9935
threshold=2.26969696969697 12.16666666666667 10.211111111111112 10.34571388487751 400.45000000000005 59.416666666666679 4.416666666666667 6.5000000000000009 0.65380952380952395 0.15856574921729411 1.5000000000000002 65.208333333333357 11.366666666666669 3.9000000000000004 2.6157731157731163 2.1880671383253092 1.9496891996892001 65.583333333333357 2.1033592166285446 46.500000000000007 178.35000000000002 1739.0000000000002 1313.7000000000003 1.5000000000000002 346.00000000000006 60.916666666666679 3.7750000000000004 1.7683501683501686 4.166666666666667 1.6172222222222223
decision_type=10 10 8 8 2 10 10 8 8 10 2 8 10 8 10 10 10 10 10 8 2 2 2 10 2 10 8 8 8 10
left_child=1 11 -2 -4 5 -5 -6 8 -7 14 20 23 13 -13 15 16 17 -9 -19 -20 -10 22 -15 26 25 -25 -1 -28 -29 -30
right_child=2 -3 3 4 6 7 -8 9 10 -11 -12 12 -14 21 -16 -17 -18 18 19 -21 -22 -23 -24 24 -26 -27 27 28 29 -31
leaf_value=-0.0052464800548098775 -0.0083743724644511595 -0.0092367334494234191 0.018008321169298142 -0.0070448793651303274 0.004007746748862704 -0.012839363633978123 0.020112229148124126 -0.0031742020748017062 0.013167710569634864 0.0118966154676339 0.015745551051281458 -0.011401673927640832 0.015048761620757078 0.001125520601559274 -0.015888613317070938 0.011461917548891035 -0.019942773291841149 -0.014374448228627443 -0.0068184168002335356 0.0079773976788338682 0.0016496890865485456 0.013055202377767397 -0.015476813040906564 0.0017303691475649727 -0.0074934160504464406 -0.0047892819756910326 0.020599116106491743 -0.015855548553125456 -3.4314151322822779e-05 0.01476531660285863
leaf_weight=263 91 196 80 192 1151 49 47 581 89 73 109 71 62 715 41 62 40 40 48 270 272 58 40 383 543 590 54 43 474 55
leaf_count=263 91 196 80 192 1151 49 47 581 89 73 109 71 62 715 41 62 40 40 48 270 272 58 40 383 543 590 54 43 474 55
internal_value=3.97807e-12 -0.00200996 0.00220381 0.00250998 0.00210533 0.000478313 0.00463956 0.00134119 0.0052173 -0.000400544 0.0070998 -0.00158726 0.00112725 0.000150857 -0.0012302 -0.00065288 -0.00142011 -0.000631071 0.00349619 0.00574407 0.00448931 0.00115975 0.000245927 -0.00265501 -0.00411073 -0.00222297 -0.000172591 0.00195909 0.000199369 0.0015044
internal_weight=6782 3547 3235 3144 3064 1866 1198 1674 519 1155 470 3351 946 884 1082 1041 979 939 358 318 361 813 755 2405 1516 973 889 626 572 529
internal_count=6782 3547 3235 3144 3064 1866 1198 1674 519 1155 470 3351 946 884 1082 1041 979 939 358 318 361 813 755 2405 1516 973 889 626 572 529
is_linear=0
shrinkage=0.03


end of trees

feature_importances:
team_extra_point_attempts_season_to_date=158
team_extra_point_attempts_ewm5=149
matchup_expected_team_plays=146
environment_temperature=122
environment_opponent_miles_traveled=101
environment_wind=86
environment_team_miles_traveled=85
team_extra_point_attempts_roll5_mean=64
team_extra_point_attempts_roll3_mean=47
team_off_epa_per_play_roll3_mean=47
opponent_points_per_drive_allowed_roll5_mean=43
opponent_red_zone_td_rate_allowed_roll3_mean=39
team_red_zone_drives_roll5_mean=37
team_drives_ewm5=35
team_drives_season_to_date=35
opponent_points_per_drive_allowed_roll3_mean=35
opponent_red_zone_td_rate_allowed_roll5_mean=27
matchup_off_epa_vs_def_epa=27
team_red_zone_td_rate_roll3_mean=22
team_points_per_drive_roll3_mean=19
environment_divisional_game_flag=19
team_off_success_rate_roll3_mean=17
environment_opponent_rest_days=17
team_points_per_drive_roll5_mean=16
team_drives_roll5_mean=15
team_extra_point_attempts_lag1=15
team_red_zone_drives_roll3_mean=12
home_flag=8
team_points_per_drive_ewm5=8
team_drives_roll3_mean=6
environment_team_time_zones_crossed=6
environment_team_rest_days=3
environment_opponent_time_zones_crossed=3
team_red_zone_td_rate_roll5_mean=1

parameters:
[boosting: gbdt]
[objective: regression]
[metric: rmse]
[tree_learner: serial]
[device_type: cpu]
[data_sample_strategy: bagging]
[data: ]
[valid: ]
[num_iterations: 49]
[learning_rate: 0.03]
[num_leaves: 31]
[num_threads: 1]
[seed: 24024]
[deterministic: 1]
[force_col_wise: 1]
[force_row_wise: 0]
[histogram_pool_size: -1]
[max_depth: -1]
[min_data_in_leaf: 40]
[min_sum_hessian_in_leaf: 0.001]
[bagging_fraction: 1]
[pos_bagging_fraction: 1]
[neg_bagging_fraction: 1]
[bagging_freq: 0]
[bagging_seed: 24024]
[bagging_by_query: 0]
[feature_fraction: 1]
[feature_fraction_bynode: 1]
[feature_fraction_seed: 24024]
[extra_trees: 0]
[extra_seed: 8483]
[early_stopping_round: 0]
[early_stopping_min_delta: 0]
[first_metric_only: 0]
[max_delta_step: 0]
[lambda_l1: 0]
[lambda_l2: 0]
[linear_lambda: 0]
[min_gain_to_split: 0]
[drop_rate: 0.1]
[max_drop: 50]
[skip_drop: 0.5]
[xgboost_dart_mode: 0]
[uniform_drop: 0]
[drop_seed: 27597]
[top_rate: 0.2]
[other_rate: 0.1]
[min_data_per_group: 100]
[max_cat_threshold: 32]
[cat_l2: 10]
[cat_smooth: 10]
[max_cat_to_onehot: 4]
[top_k: 20]
[monotone_constraints: ]
[monotone_constraints_method: basic]
[monotone_penalty: 0]
[feature_contri: ]
[forcedsplits_filename: ]
[refit_decay_rate: 0.9]
[cegb_tradeoff: 1]
[cegb_penalty_split: 0]
[cegb_penalty_feature_lazy: ]
[cegb_penalty_feature_coupled: ]
[path_smooth: 0]
[interaction_constraints: ]
[verbosity: -1]
[saved_feature_importance_type: 0]
[use_quantized_grad: 0]
[num_grad_quant_bins: 4]
[quant_train_renew_leaf: 0]
[stochastic_rounding: 1]
[linear_tree: 0]
[max_bin: 255]
[max_bin_by_feature: ]
[min_data_in_bin: 3]
[bin_construct_sample_cnt: 200000]
[data_random_seed: 24024]
[is_enable_sparse: 1]
[enable_bundle: 1]
[use_missing: 1]
[zero_as_missing: 0]
[feature_pre_filter: 1]
[pre_partition: 0]
[two_round: 0]
[header: 0]
[label_column: ]
[weight_column: ]
[group_column: ]
[ignore_column: ]
[categorical_feature: ]
[forcedbins_filename: ]
[precise_float_parser: 0]
[parser_config_file: ]
[objective_seed: 14575]
[num_class: 1]
[is_unbalance: 0]
[scale_pos_weight: 1]
[sigmoid: 1]
[boost_from_average: 1]
[reg_sqrt: 0]
[alpha: 0.9]
[fair_c: 1]
[poisson_max_delta_step: 0.7]
[tweedie_variance_power: 1.5]
[lambdarank_truncation_level: 30]
[lambdarank_norm: 1]
[label_gain: ]
[lambdarank_position_bias_regularization: 0]
[eval_at: ]
[multi_error_top_k: 1]
[auc_mu_weights: ]
[num_machines: 1]
[local_listen_port: 12400]
[time_out: 120]
[machine_list_filename: ]
[machines: ]
[gpu_platform_id: -1]
[gpu_device_id: -1]
[gpu_use_dp: 0]
[num_gpu: 1]

end of parameters

pandas_categorical:[]
