league,market_type,bucket_dimension,bucket,bets,wins,losses,pushes,total,win_pct,units_flat,roi_flat,units_kelly,roi_kelly,avg_ev,avg_edge_vs_market_pp,avg_kelly_pct,avg_model_prob,avg_odds_american
nba,moneyline,dow,FRI,9,7,2,0,9,0.7778,4.4566,0.4952,0.039873,0.377,0.0302,3.7363,0.047,0.5967,-89.6
nba,moneyline,dow,MON,7,2,5,0,7,0.2857,-4.2199,-0.6028,-0.100007,-0.6912,0.0295,4.4685,0.0827,0.6946,-229.1
nba,moneyline,dow,SAT,5,3,2,0,5,0.6,0.3484,0.0697,-0.008017,-0.1351,0.0246,3.8544,0.0475,0.6472,-158.4
nba,moneyline,dow,SUN,11,7,4,0,11,0.6364,6.3859,0.5805,0.008334,0.0633,0.0256,3.3219,0.0479,0.5315,-36.1
nba,moneyline,dow,THU,6,4,2,0,6,0.6667,3.1163,0.5194,-0.001778,-0.03,0.0312,3.4438,0.0395,0.5103,2.7
nba,moneyline,dow,TUE,5,3,2,0,5,0.6,1.1912,0.2382,0.019274,0.3984,0.032,3.3464,0.0387,0.48,41.0
nba,moneyline,dow,WED,9,7,2,0,9,0.7778,5.2083,0.5787,0.031916,0.2866,0.0274,3.6835,0.0495,0.587,-83.8
