league,market_type,bucket_dimension,bucket,bets,wins,losses,pushes,total,win_pct,units_flat,roi_flat,units_kelly,roi_kelly,avg_ev,avg_edge_vs_market_pp,avg_kelly_pct,avg_model_prob,avg_odds_american
nba,moneyline,dow,FRI,12,8,4,0,12,0.6667,3.6831,0.3069,0.031486,0.2625,0.0289,3.3997,0.04,0.5467,-20.3
nba,moneyline,dow,MON,16,7,9,0,16,0.4375,-4.3246,-0.2703,-0.118031,-0.6816,0.0226,3.5835,0.0433,0.6028,-126.2
nba,moneyline,dow,SAT,9,7,2,0,9,0.7778,3.8166,0.4241,0.0053,0.076,0.0187,3.2724,0.031,0.5876,-108.8
nba,moneyline,dow,SUN,17,8,9,0,17,0.4706,6.2059,0.3651,-0.01337,-0.0855,0.0226,2.9998,0.0368,0.5009,3.1
nba,moneyline,dow,THU,13,7,6,0,13,0.5385,1.7882,0.1376,-0.008513,-0.1066,0.0217,3.0051,0.0246,0.5237,-9.8
nba,moneyline,dow,TUE,11,6,5,0,11,0.5455,1.4336,0.1303,0.030091,0.4593,0.0191,2.8728,0.0238,0.5002,-5.4
nba,moneyline,dow,WED,14,11,3,0,14,0.7857,12.6478,0.9034,0.035248,0.3214,0.0236,3.1203,0.0313,0.5339,-23.6
