league,market_type,bucket_dimension,bucket,bets,wins,losses,pushes,total,win_pct,units_flat,roi_flat,units_kelly,roi_kelly,avg_ev,avg_edge_vs_market_pp,avg_kelly_pct,avg_model_prob,avg_odds_american
nba,moneyline,ev,0.00_to_0.0099,16,11,5,0,16,0.6875,2.1675,0.1355,-0.000959,-0.0425,0.0035,2.4363,0.0056,0.5824,-101.4
nba,moneyline,ev,0.01_to_0.0199,21,9,12,0,21,0.4286,-3.2489,-0.1547,-0.055311,-0.4495,0.0146,2.8282,0.0234,0.5471,-64.0
nba,moneyline,ev,0.02_to_0.0299,40,25,15,0,40,0.625,14.8594,0.3715,0.018915,0.05,0.0244,3.3381,0.0379,0.5418,-32.8
nba,moneyline,ev,0.03_to_0.0399,27,15,12,0,27,0.5556,7.9446,0.2942,-0.016476,-0.0484,0.0354,3.7985,0.0504,0.5354,-21.4
nba,moneyline,ev,0.05_to_0.0749,1,1,0,0,1,1.0,2.41,2.41,0.013422,2.41,0.0537,2.7048,0.0223,0.309,241.0
