league,market_type,bucket_dimension,bucket,bets,wins,losses,pushes,total,win_pct,units_flat,roi_flat,units_kelly,roi_kelly,avg_ev,avg_edge_vs_market_pp,avg_kelly_pct,avg_model_prob,avg_odds_american
nba,moneyline,month,APR,6,5,1,0,6,0.8333,4.35,0.725,0.030695,0.5575,0.0286,3.5027,0.0367,0.5237,-19.2
nba,moneyline,month,DEC,5,2,3,0,5,0.4,-0.7533,-0.1507,-0.030009,-0.4481,0.0309,3.467,0.0536,0.5334,-36.0
nba,moneyline,month,FEB,7,4,3,0,7,0.5714,0.6037,0.0862,-0.011833,-0.1132,0.0321,3.9771,0.0597,0.5903,-74.0
nba,moneyline,month,JAN,13,8,5,0,13,0.6154,3.5615,0.274,0.032943,0.2757,0.0273,3.07,0.0368,0.5028,19.8
nba,moneyline,month,MAR,9,6,3,0,9,0.6667,2.2279,0.2475,0.015126,0.1829,0.0237,3.6286,0.0368,0.5748,-79.0
nba,moneyline,month,NOV,11,8,3,0,11,0.7273,4.9481,0.4498,-0.004701,-0.0289,0.0277,3.8437,0.0591,0.6187,-129.4
nba,moneyline,month,OCT,2,2,0,0,2,1.0,2.749,1.3745,0.022516,0.695,0.045,4.15,0.0648,0.5415,-27.0
