league,market_type,bucket_dimension,bucket,bets,wins,losses,pushes,total,win_pct,units_flat,roi_flat,units_kelly,roi_kelly,avg_ev,avg_edge_vs_market_pp,avg_kelly_pct,avg_model_prob,avg_odds_american
nba,moneyline,dow,FRI,81,39,42,0,81,0.4815,6.0385,0.0745,0.315757,0.2298,0.1271,5.2822,0.0691,0.4726,107.8
nba,moneyline,dow,MON,65,27,38,0,65,0.4154,-9.0245,-0.1388,-0.248771,-0.2117,0.0885,5.0022,0.0733,0.5252,19.5
nba,moneyline,dow,SAT,64,23,41,0,64,0.3594,-10.8791,-0.17,-0.164434,-0.1358,0.1313,6.0762,0.0844,0.4655,112.8
nba,moneyline,dow,SUN,74,32,42,0,74,0.4324,3.0351,0.041,-0.034003,-0.0267,0.0996,5.3074,0.0703,0.4853,63.9
nba,moneyline,dow,THU,50,21,29,0,50,0.42,-4.6807,-0.0936,-0.072449,-0.0857,0.1004,5.3235,0.0723,0.485,81.2
nba,moneyline,dow,TUE,54,19,35,0,54,0.3519,-8.1564,-0.151,0.060292,0.0811,0.0948,4.4606,0.0559,0.4208,145.5
nba,moneyline,dow,WED,64,37,27,0,64,0.5781,24.3402,0.3803,0.37848,0.3213,0.1059,5.5733,0.0804,0.4718,92.7
