league,market_type,bucket_dimension,bucket,bets,wins,losses,pushes,total,win_pct,units_flat,roi_flat,units_kelly,roi_kelly,avg_ev,avg_edge_vs_market_pp,avg_kelly_pct,avg_model_prob,avg_odds_american
nba,moneyline,month,APR,10,6,4,0,10,0.6,0.3918,0.0392,0.006062,0.0847,0.0211,3.3964,0.0286,0.5708,-66.3
nba,moneyline,month,DEC,16,10,6,0,16,0.625,8.4657,0.5291,0.000591,0.0059,0.0201,2.6382,0.0252,0.4819,42.8
nba,moneyline,month,FEB,12,7,5,0,12,0.5833,0.914,0.0762,-0.0331,-0.3189,0.022,3.4682,0.0346,0.5972,-113.9
nba,moneyline,month,JAN,27,16,11,0,27,0.5926,8.2347,0.305,0.005713,0.0265,0.0221,3.054,0.032,0.5369,-39.3
nba,moneyline,month,MAR,16,9,7,0,16,0.5625,5.0938,0.3184,0.01842,0.16,0.0226,3.2302,0.0288,0.5221,-10.4
nba,moneyline,month,NOV,17,10,7,0,17,0.5882,1.3313,0.0783,-0.033433,-0.1757,0.0227,3.4894,0.0448,0.5903,-93.4
nba,moneyline,month,OCT,7,3,4,0,7,0.4286,-0.2986,-0.0427,-0.004662,-0.0644,0.0301,3.7008,0.0414,0.5396,-64.6
