league,market_type,bucket_dimension,bucket,bets,wins,losses,pushes,total,win_pct,units_flat,roi_flat,units_kelly,roi_kelly,avg_ev,avg_edge_vs_market_pp,avg_kelly_pct,avg_model_prob,avg_odds_american
nba,moneyline,win_prob,0.20_to_0.30,34,5,29,0,34,0.1471,-10.17,-0.2991,-0.184331,-0.422,0.2118,4.9189,0.0514,0.2477,395.8
nba,moneyline,win_prob,0.30_to_0.40,49,18,31,0,49,0.3673,10.57,0.2157,0.221416,0.3582,0.1268,4.7191,0.0505,0.3436,230.7
nba,moneyline,win_prob,0.40_to_0.50,43,18,25,0,43,0.4186,4.17,0.097,0.22071,0.2678,0.1303,6.0955,0.0767,0.4393,157.7
nba,moneyline,win_prob,0.50_to_0.60,23,12,11,0,23,0.5217,1.9103,0.0831,0.040618,0.0718,0.1257,7.4348,0.1007,0.5498,7.9
nba,moneyline,win_prob,0.60_to_0.70,34,17,17,0,34,0.5,-5.5446,-0.1631,0.016685,0.0237,0.0625,5.7448,0.0871,0.6419,-150.2
nba,moneyline,win_prob,0.70_to_0.80,16,10,6,0,16,0.625,-1.855,-0.1159,-0.092234,-0.2042,0.0714,7.1484,0.1334,0.7386,-235.6
nba,moneyline,win_prob,0.80_to_0.90,6,6,0,0,6,1.0,1.5861,0.2643,0.059361,0.2663,0.042,6.3693,0.1572,0.8247,-386.7
nba,moneyline,win_prob,below_0.20,11,2,9,0,11,0.1818,2.99,0.2718,-0.040188,-0.4475,0.1962,3.3592,0.0327,0.1738,593.9
