league,market_type,bucket_dimension,bucket,bets,wins,losses,pushes,total,win_pct,units_flat,roi_flat,units_kelly,roi_kelly,avg_ev,avg_edge_vs_market_pp,avg_kelly_pct,avg_model_prob,avg_odds_american
nba,moneyline,kelly,0.0_to_2.5pct,103,49,54,0,103,0.4757,24.4289,0.2372,0.046328,0.1503,0.0219,2.2713,0.012,0.4334,104.3
nba,moneyline,kelly,10_to_20pct,76,41,35,0,76,0.5395,7.5931,0.0999,0.398475,0.1512,0.1734,8.5976,0.1387,0.5769,-2.4
nba,moneyline,kelly,2.5_to_5pct,126,41,85,0,126,0.3254,-18.4626,-0.1465,-0.195682,-0.1624,0.0907,3.7632,0.0382,0.399,172.6
nba,moneyline,kelly,20pct_plus,31,22,9,0,31,0.7097,6.8398,0.2206,0.34199,0.2206,0.186,12.0583,0.2498,0.7064,-137.7
nba,moneyline,kelly,5_to_10pct,118,46,72,0,118,0.3898,-19.2261,-0.1629,-0.348272,-0.1643,0.1373,5.681,0.0719,0.4706,101.8
