league,market_type,side_group,bucket_dimension,bucket,bets,wins,losses,pushes,total,win_pct,units_flat,roi_flat,units_kelly,roi_kelly,avg_ev,avg_edge_vs_market_pp,avg_kelly_pct,avg_model_prob,avg_odds_american
nba,moneyline,AWAY,ev,0.00_to_0.0099,14,9,5,0,14,0.6429,1.2257,0.0876,-0.002721,-0.1524,0.0035,2.3371,0.0051,0.5676,-84.1
nba,moneyline,AWAY,ev,0.01_to_0.0199,15,9,6,0,15,0.6,2.7511,0.1834,0.012704,0.2308,0.0138,2.5067,0.0147,0.5049,-3.7
nba,moneyline,AWAY,ev,0.02_to_0.0299,7,3,4,0,7,0.4286,1.85,0.2643,6e-06,0.0002,0.0232,2.3869,0.0158,0.4026,136.7
nba,moneyline,AWAY,ev,0.03_to_0.0399,3,2,1,0,3,0.6667,2.05,0.6833,0.012564,0.7941,0.0354,2.5638,0.0211,0.387,170.7
nba,moneyline,AWAY,ev,0.05_to_0.0749,1,1,0,0,1,1.0,2.41,2.41,0.013422,2.41,0.0537,2.7048,0.0223,0.309,241.0
nba,moneyline,HOME,ev,0.01_to_0.0199,4,0,4,0,4,0.0,-4.0,-1.0,-0.06195,-1.0,0.0189,4.2038,0.0619,0.738,-330.0
nba,moneyline,HOME,ev,0.02_to_0.0299,26,17,9,0,26,0.6538,11.0692,0.4257,0.005909,0.0213,0.0249,3.4534,0.0426,0.56,-56.4
nba,moneyline,HOME,ev,0.03_to_0.0399,22,13,9,0,22,0.5909,7.8946,0.3588,-0.017724,-0.0566,0.0356,4.041,0.057,0.5669,-63.6
