league,market_type,bucket_dimension,bucket,bets,wins,losses,pushes,total,win_pct,units_flat,roi_flat,units_kelly,roi_kelly,avg_ev,avg_edge_vs_market_pp,avg_kelly_pct,avg_model_prob,avg_odds_american
nba,moneyline,month,APR,6,5,1,0,6,0.8333,4.35,0.725,0.030695,0.5575,0.0286,3.5027,0.0367,0.5237,-19.2
nba,moneyline,month,DEC,6,3,3,0,6,0.5,0.6467,0.1078,-0.022609,-0.3129,0.0307,3.3104,0.0482,0.516,-6.7
nba,moneyline,month,FEB,7,4,3,0,7,0.5714,0.6037,0.0862,-0.011833,-0.1132,0.0321,3.9771,0.0597,0.5903,-74.0
nba,moneyline,month,JAN,14,9,5,0,14,0.6429,6.0115,0.4294,0.041693,0.3388,0.0278,3.0025,0.0352,0.4884,35.9
nba,moneyline,month,MAR,9,6,3,0,9,0.6667,2.2279,0.2475,0.015126,0.1829,0.0237,3.6286,0.0368,0.5748,-79.0
nba,moneyline,month,NOV,12,8,4,0,12,0.6667,3.9481,0.329,-0.007526,-0.0456,0.0271,3.689,0.0551,0.5969,-103.1
nba,moneyline,month,OCT,2,2,0,0,2,1.0,2.749,1.3745,0.022516,0.695,0.045,4.15,0.0648,0.5415,-27.0
