league,market_type,bucket_dimension,bucket,bets,wins,losses,pushes,total,win_pct,units_flat,roi_flat,units_kelly,roi_kelly,avg_ev,avg_edge_vs_market_pp,avg_kelly_pct,avg_model_prob,avg_odds_american
nba,moneyline,dow,FRI,9,7,2,0,9,0.7778,4.4566,0.4952,0.05005,0.5236,0.031,3.4936,0.0425,0.554,-37.3
nba,moneyline,dow,MON,8,3,5,0,8,0.375,-2.3199,-0.29,-0.090174,-0.6034,0.0285,4.2805,0.0747,0.6635,-195.0
nba,moneyline,dow,SAT,8,6,2,0,8,0.75,5.8584,0.7323,0.013423,0.1875,0.0261,3.3243,0.0358,0.5457,-30.1
nba,moneyline,dow,SUN,12,7,5,0,12,0.5833,2.0259,0.1688,0.032769,0.292,0.0259,3.0825,0.0374,0.4924,23.8
nba,moneyline,dow,THU,7,4,3,0,7,0.5714,2.1163,0.3023,-0.00481,-0.0773,0.0301,3.2666,0.0356,0.487,30.1
nba,moneyline,dow,TUE,4,3,1,0,4,0.75,2.1912,0.5478,0.021687,0.4718,0.0339,3.7358,0.046,0.5272,-11.8
nba,moneyline,dow,WED,8,7,1,0,8,0.875,6.2083,0.776,0.045116,0.4596,0.0283,3.6123,0.0491,0.5674,-60.5
