league,market_type,bucket_dimension,bucket,bets,wins,losses,pushes,total,win_pct,units_flat,roi_flat,units_kelly,roi_kelly,avg_ev,avg_edge_vs_market_pp,avg_kelly_pct,avg_model_prob,avg_odds_american
nba,moneyline,dow,FRI,14,9,5,0,14,0.6429,3.1733,0.2267,0.034762,0.2626,0.0273,3.3411,0.0378,0.5434,-19.1
nba,moneyline,dow,MON,18,8,10,0,18,0.4444,-5.0445,-0.2803,-0.116205,-0.5846,0.022,3.6442,0.0442,0.6137,-140.2
nba,moneyline,dow,SAT,11,7,4,0,11,0.6364,1.8166,0.1651,-0.012293,-0.1408,0.0196,3.3465,0.0318,0.5887,-98.7
nba,moneyline,dow,SUN,18,9,9,0,18,0.5,8.1559,0.4531,-0.00672,-0.0421,0.0228,2.9611,0.0355,0.4924,13.7
nba,moneyline,dow,THU,16,9,7,0,16,0.5625,1.9808,0.1238,-0.008334,-0.0846,0.0216,3.0876,0.0246,0.5339,-21.2
nba,moneyline,dow,TUE,12,6,6,0,12,0.5,0.4336,0.0361,0.025807,0.3697,0.0201,2.8521,0.0233,0.4887,10.5
nba,moneyline,dow,WED,16,13,3,0,16,0.8125,13.617,0.8511,0.042576,0.3442,0.0225,3.1906,0.0309,0.553,-48.0
