league,market_type,bucket_dimension,bucket,bets,wins,losses,pushes,total,win_pct,units_flat,roi_flat,units_kelly,roi_kelly,avg_ev,avg_edge_vs_market_pp,avg_kelly_pct,avg_model_prob,avg_odds_american
nba,moneyline,win_prob,0.20_to_0.30,2,0,2,0,2,0.0,-2.0,-1.0,-0.004922,-1.0,0.0314,1.694,0.0098,0.253,317.5
nba,moneyline,win_prob,0.30_to_0.40,11,7,4,0,11,0.6364,10.64,0.9673,0.044854,1.0513,0.0319,2.2817,0.0155,0.3372,207.7
nba,moneyline,win_prob,0.40_to_0.50,7,5,2,0,7,0.7143,5.32,0.76,0.026028,0.777,0.0268,2.4576,0.0191,0.4284,140.3
nba,moneyline,win_prob,0.50_to_0.60,1,0,1,0,1,0.0,-1.0,-1.0,-0.0062,-1.0,0.0221,3.567,0.0248,0.54,-112.0
nba,moneyline,win_prob,0.60_to_0.70,10,9,1,0,10,0.9,4.2044,0.4204,0.045943,0.384,0.0269,4.009,0.0479,0.656,-178.4
nba,moneyline,win_prob,0.70_to_0.80,13,7,6,0,13,0.5385,-3.4872,-0.2682,-0.04477,-0.1792,0.0285,4.8826,0.0769,0.7496,-272.5
nba,moneyline,win_prob,0.80_to_0.90,7,4,3,0,7,0.5714,-1.9504,-0.2786,-0.077655,-0.3839,0.0268,5.3335,0.1156,0.8317,-438.9
nba,moneyline,win_prob,below_0.20,1,1,0,0,1,1.0,4.76,4.76,0.00632,4.76,0.0253,1.1111,0.0053,0.178,476.0
