league,market_type,bucket_dimension,bucket,bets,wins,losses,pushes,total,win_pct,units_flat,roi_flat,units_kelly,roi_kelly,avg_ev,avg_edge_vs_market_pp,avg_kelly_pct,avg_model_prob,avg_odds_american
nba,moneyline,month,APR,18,13,5,0,18,0.7222,14.202,0.789,0.246405,1.1621,0.069,4.5664,0.0516,0.5229,4.1
nba,moneyline,month,DEC,80,38,42,0,80,0.475,21.6565,0.2707,0.23531,0.2018,0.095,4.6744,0.0586,0.4531,108.0
nba,moneyline,month,FEB,54,23,31,0,54,0.4259,-3.936,-0.0729,0.109173,0.1082,0.1202,5.7823,0.0804,0.4499,135.4
nba,moneyline,month,JAN,93,43,50,0,93,0.4624,6.6732,0.0718,0.159108,0.1077,0.0919,4.9423,0.0678,0.4778,71.3
nba,moneyline,month,MAR,60,25,35,0,60,0.4167,-3.9859,-0.0664,-0.1175,-0.1461,0.0924,4.5623,0.055,0.462,104.2
nba,moneyline,month,NOV,109,44,65,0,109,0.4037,-18.843,-0.1729,-0.229535,-0.102,0.1297,5.9564,0.0864,0.4894,85.6
nba,moneyline,month,OCT,40,13,27,0,40,0.325,-14.5937,-0.3648,-0.160121,-0.1779,0.1319,6.367,0.0958,0.5182,45.5
