league,market_type,bucket_dimension,bucket,bets,wins,losses,pushes,total,win_pct,units_flat,roi_flat,units_kelly,roi_kelly,avg_ev,avg_edge_vs_market_pp,avg_kelly_pct,avg_model_prob,avg_odds_american
nba,moneyline,win_prob,0.20_to_0.30,64,12,52,0,64,0.1875,-11.5,-0.1797,-0.300783,-0.4356,0.1712,4.2702,0.0432,0.2525,370.8
nba,moneyline,win_prob,0.30_to_0.40,92,31,61,0,92,0.337,7.87,0.0855,0.172821,0.1598,0.1155,4.475,0.047,0.3476,223.3
nba,moneyline,win_prob,0.40_to_0.50,82,33,49,0,82,0.4024,2.13,0.026,0.1597,0.1191,0.109,5.418,0.0655,0.4424,151.4
nba,moneyline,win_prob,0.50_to_0.60,57,29,28,0,57,0.5088,1.628,0.0286,0.19168,0.1633,0.0953,6.4413,0.0836,0.5495,3.1
nba,moneyline,win_prob,0.60_to_0.70,64,38,26,0,64,0.5938,-1.8782,-0.0293,0.059859,0.0485,0.0566,5.4678,0.0818,0.6478,-159.0
nba,moneyline,win_prob,0.70_to_0.80,52,37,15,0,52,0.7115,0.5782,0.0111,0.117317,0.0817,0.064,6.8075,0.126,0.7485,-248.6
nba,moneyline,win_prob,0.80_to_0.90,19,15,4,0,19,0.7895,-0.0148,-0.0008,-0.017021,-0.026,0.0405,6.3022,0.1564,0.8325,-414.1
nba,moneyline,win_prob,below_0.20,24,4,20,0,24,0.1667,2.36,0.0983,-0.140734,-0.6729,0.2151,3.567,0.0349,0.1769,590.2
