league,market_type,bucket_dimension,bucket,bets,wins,losses,pushes,total,win_pct,units_flat,roi_flat,units_kelly,roi_kelly,avg_ev,avg_edge_vs_market_pp,avg_kelly_pct,avg_model_prob,avg_odds_american
nba,moneyline,odds,minus_100_to_plus_100,2,1,1,0,2,0.5,0.0,0.0,-0.0255,-0.7612,0.067,5.5239,0.067,0.5335,100.0
nba,moneyline,odds,minus_124_to_minus_110,7,4,3,0,7,0.5714,0.4058,0.058,0.020169,0.1832,0.0532,5.2702,0.0629,0.5691,-117.6
nba,moneyline,odds,minus_149_to_minus_125,17,8,9,0,17,0.4706,-3.204,-0.1885,-0.102014,-0.2731,0.0762,6.5956,0.1032,0.6233,-138.0
nba,moneyline,odds,minus_199_to_minus_150,20,10,10,0,20,0.5,-3.8353,-0.1918,-0.010557,-0.0239,0.0574,5.67,0.0946,0.6547,-162.9
nba,moneyline,odds,minus_200_or_lower,22,16,6,0,22,0.7273,-0.5598,-0.0254,-0.001177,-0.0023,0.0344,5.2065,0.0968,0.7556,-284.9
nba,moneyline,odds,plus_101_to_plus_125,8,4,4,0,8,0.5,0.72,0.09,-0.035051,-0.1688,0.1369,8.1375,0.1183,0.5256,116.5
nba,moneyline,odds,plus_126_to_plus_150,22,9,13,0,22,0.4091,-0.18,-0.0082,0.063559,0.1628,0.1012,5.4884,0.0713,0.456,141.6
nba,moneyline,odds,plus_151_to_plus_200,36,16,20,0,36,0.4444,8.12,0.2256,0.320069,0.447,0.1406,6.2985,0.08,0.4141,176.1
nba,moneyline,odds,plus_201_or_higher,82,20,62,0,82,0.2439,2.19,0.0267,0.012538,0.0112,0.189,5.0714,0.0547,0.2779,355.7
