league,market_type,side_group,bucket_dimension,bucket,bets,wins,losses,pushes,total,win_pct,units_flat,roi_flat,units_kelly,roi_kelly,avg_ev,avg_edge_vs_market_pp,avg_kelly_pct,avg_model_prob,avg_odds_american
nba,moneyline,AWAY,dow,FRI,35,15,20,0,35,0.4286,2.9893,0.0854,0.274937,0.4009,0.1655,6.1187,0.0813,0.4341,167.7
nba,moneyline,AWAY,dow,MON,39,15,24,0,39,0.3846,-8.4848,-0.2176,-0.239511,-0.3635,0.1044,5.1068,0.0681,0.504,49.8
nba,moneyline,AWAY,dow,SAT,28,11,17,0,28,0.3929,3.2181,0.1149,0.111363,0.1958,0.1739,6.4419,0.0874,0.397,220.7
nba,moneyline,AWAY,dow,SUN,34,11,23,0,34,0.3235,-3.0435,-0.0895,-0.083667,-0.1271,0.1271,5.9959,0.08,0.4451,123.1
nba,moneyline,AWAY,dow,THU,23,9,14,0,23,0.3913,-5.3195,-0.2313,-0.114749,-0.2744,0.0965,5.5419,0.078,0.5193,35.6
nba,moneyline,AWAY,dow,TUE,27,8,19,0,27,0.2963,-6.2967,-0.2332,0.07182,0.1673,0.1119,4.9616,0.0652,0.4181,147.9
nba,moneyline,AWAY,dow,WED,30,19,11,0,30,0.6333,20.5938,0.6865,0.221843,0.4485,0.1098,5.2491,0.0669,0.4321,135.7
