league,market_type,bucket_dimension,bucket,bets,wins,losses,pushes,total,win_pct,units_flat,roi_flat,units_kelly,roi_kelly,avg_ev,avg_edge_vs_market_pp,avg_kelly_pct,avg_model_prob,avg_odds_american
nba,moneyline,ev,0.00_to_0.0099,16,11,5,0,16,0.6875,2.1675,0.1355,-0.000959,-0.0425,0.0035,2.4363,0.0056,0.5824,-101.4
nba,moneyline,ev,0.01_to_0.0199,20,9,11,0,20,0.45,-2.2489,-0.1124,-0.053422,-0.4409,0.0147,2.8739,0.0242,0.5564,-76.2
nba,moneyline,ev,0.02_to_0.0299,37,22,15,0,37,0.5946,11.7981,0.3189,-8.7e-05,-0.0002,0.0244,3.3226,0.0382,0.5407,-30.8
nba,moneyline,ev,0.03_to_0.0399,26,15,11,0,26,0.5769,8.9446,0.344,-0.012192,-0.0363,0.0356,3.8436,0.0517,0.5421,-29.3
nba,moneyline,ev,0.05_to_0.0749,1,1,0,0,1,1.0,2.41,2.41,0.013422,2.41,0.0537,2.7048,0.0223,0.309,241.0
