league,market_type,side_group,bucket_dimension,bucket,bets,wins,losses,pushes,total,win_pct,units_flat,roi_flat,units_kelly,roi_kelly,avg_ev,avg_edge_vs_market_pp,avg_kelly_pct,avg_model_prob,avg_odds_american
nba,moneyline,AWAY,ev,0.00_to_0.0099,12,8,4,0,12,0.6667,6.1891,0.5158,0.00054,0.0274,0.0041,2.3531,0.0066,0.5554,-53.8
nba,moneyline,AWAY,ev,0.01_to_0.0199,20,13,7,0,20,0.65,2.6378,0.1319,0.018228,0.1513,0.0143,2.9001,0.0241,0.5786,-86.3
nba,moneyline,AWAY,ev,0.02_to_0.0299,14,5,9,0,14,0.3571,-1.627,-0.1162,-0.038426,-0.3946,0.0243,2.9925,0.0278,0.5151,-11.1
nba,moneyline,AWAY,ev,0.03_to_0.0399,9,5,4,0,9,0.5556,0.4371,0.0486,-0.000679,-0.0053,0.0341,3.8935,0.0567,0.5841,-94.2
nba,moneyline,AWAY,ev,0.04_to_0.0499,12,3,9,0,12,0.25,-7.0249,-0.5854,-0.061851,-0.4236,0.0432,3.8311,0.0487,0.5027,12.6
nba,moneyline,AWAY,ev,0.05_to_0.0749,21,11,10,0,21,0.5238,0.1123,0.0053,0.059635,0.1399,0.0636,4.7899,0.0836,0.5132,28.8
nba,moneyline,AWAY,ev,0.075_to_0.0999,16,6,10,0,16,0.375,3.0047,0.1878,-0.013827,-0.0583,0.088,4.6108,0.0593,0.3996,164.8
nba,moneyline,AWAY,ev,0.10_plus,112,37,75,0,112,0.3304,-0.0724,-0.0006,0.278416,0.1016,0.2084,7.437,0.1025,0.3874,241.5
