league,market_type,bucket_dimension,bucket,bets,wins,losses,pushes,total,win_pct,units_flat,roi_flat,units_kelly,roi_kelly,avg_ev,avg_edge_vs_market_pp,avg_kelly_pct,avg_model_prob,avg_odds_american
nba,moneyline,month,APR,10,6,4,0,10,0.6,0.3918,0.0392,0.006062,0.0847,0.0211,3.3964,0.0286,0.5708,-66.3
nba,moneyline,month,DEC,16,10,6,0,16,0.625,8.4657,0.5291,0.000591,0.0059,0.0201,2.6382,0.0252,0.4819,42.8
nba,moneyline,month,FEB,13,8,5,0,13,0.6154,1.2473,0.0959,-0.024433,-0.1882,0.023,3.6226,0.0399,0.611,-128.2
nba,moneyline,month,JAN,27,16,11,0,27,0.5926,8.2347,0.305,0.005713,0.0265,0.0221,3.054,0.032,0.5369,-39.3
nba,moneyline,month,MAR,17,9,8,0,17,0.5294,4.0938,0.2408,0.009051,0.0727,0.0236,3.2724,0.0293,0.5212,-3.6
nba,moneyline,month,NOV,17,10,7,0,17,0.5882,1.3313,0.0783,-0.033433,-0.1757,0.0227,3.4894,0.0448,0.5903,-93.4
nba,moneyline,month,OCT,7,3,4,0,7,0.4286,-0.2986,-0.0427,-0.004662,-0.0644,0.0301,3.7008,0.0414,0.5396,-64.6
