league,market_type,bucket_dimension,bucket,bets,wins,losses,pushes,total,win_pct,units_flat,roi_flat,units_kelly,roi_kelly,avg_ev,avg_edge_vs_market_pp,avg_kelly_pct,avg_model_prob,avg_odds_american
nba,moneyline,dow,FRI,12,8,4,0,12,0.6667,3.6831,0.3069,0.031486,0.2625,0.0289,3.3997,0.04,0.5467,-20.3
nba,moneyline,dow,MON,18,8,10,0,18,0.4444,-5.0445,-0.2803,-0.116205,-0.5846,0.022,3.6442,0.0442,0.6137,-140.2
nba,moneyline,dow,SAT,11,7,4,0,11,0.6364,1.8166,0.1651,-0.012293,-0.1408,0.0196,3.3465,0.0318,0.5887,-98.7
nba,moneyline,dow,SUN,17,8,9,0,17,0.4706,6.2059,0.3651,-0.01337,-0.0855,0.0226,2.9998,0.0368,0.5009,3.1
nba,moneyline,dow,THU,15,8,7,0,15,0.5333,1.3597,0.0906,-0.015522,-0.1786,0.0211,3.0121,0.0232,0.5271,-11.9
nba,moneyline,dow,TUE,11,6,5,0,11,0.5455,1.4336,0.1303,0.030091,0.4593,0.0191,2.8728,0.0238,0.5002,-5.4
nba,moneyline,dow,WED,16,13,3,0,16,0.8125,13.617,0.8511,0.042576,0.3442,0.0225,3.1906,0.0309,0.553,-48.0
