league,market_type,bucket_dimension,bucket,bets,wins,losses,pushes,total,win_pct,units_flat,roi_flat,units_kelly,roi_kelly,avg_ev,avg_edge_vs_market_pp,avg_kelly_pct,avg_model_prob,avg_odds_american
nba,moneyline,month,APR,5,4,1,0,5,0.8,2.45,0.49,0.021145,0.4227,0.0267,3.6458,0.04,0.5568,-61.0
nba,moneyline,month,DEC,6,3,3,0,6,0.5,4.0067,0.6678,-0.022376,-0.334,0.0321,2.9926,0.0447,0.4467,84.8
nba,moneyline,month,FEB,6,4,2,0,6,0.6667,1.6037,0.2673,-0.009606,-0.0939,0.0339,4.3439,0.0682,0.6382,-125.8
nba,moneyline,month,JAN,13,8,5,0,13,0.6154,3.5615,0.274,0.006762,0.0464,0.027,3.2973,0.0448,0.5448,-44.2
nba,moneyline,month,MAR,8,5,3,0,8,0.625,1.0879,0.136,0.010015,0.13,0.0238,3.6623,0.0385,0.5799,-96.0
nba,moneyline,month,NOV,11,7,4,0,11,0.6364,2.0281,0.1844,-0.025661,-0.1485,0.0268,4.0275,0.0628,0.6562,-174.1
nba,moneyline,month,OCT,3,2,1,0,3,0.6667,1.749,0.583,0.009316,0.2043,0.0365,4.1844,0.0608,0.609,-108.0
