league,market_type,bucket_dimension,bucket,bets,wins,losses,pushes,total,win_pct,units_flat,roi_flat,units_kelly,roi_kelly,avg_ev,avg_edge_vs_market_pp,avg_kelly_pct,avg_model_prob,avg_odds_american
nba,moneyline,win_prob,0.20_to_0.30,2,0,2,0,2,0.0,-2.0,-1.0,-0.004922,-1.0,0.0314,1.694,0.0098,0.253,317.5
nba,moneyline,win_prob,0.30_to_0.40,15,7,8,0,15,0.4667,6.26,0.4173,0.040098,0.9205,0.0236,1.9931,0.0116,0.3435,199.9
nba,moneyline,win_prob,0.40_to_0.50,14,10,4,0,14,0.7143,9.38,0.67,0.030608,0.5852,0.02,2.3494,0.0149,0.4409,132.4
nba,moneyline,win_prob,0.50_to_0.60,22,12,10,0,22,0.5455,0.201,0.0091,-0.015227,-0.1068,0.0226,3.4758,0.0259,0.5475,-88.8
nba,moneyline,win_prob,0.60_to_0.70,14,10,4,0,14,0.7143,1.9574,0.1398,0.015566,0.1251,0.0209,3.4085,0.0355,0.6391,-168.9
nba,moneyline,win_prob,0.70_to_0.80,15,9,6,0,15,0.6,-2.8873,-0.1925,-0.04082,-0.1852,0.0217,4.4168,0.0588,0.7527,-284.3
nba,moneyline,win_prob,0.80_to_0.90,6,3,3,0,6,0.5,-2.2305,-0.3718,-0.083658,-0.4626,0.0272,5.356,0.1206,0.837,-452.5
nba,moneyline,win_prob,below_0.20,4,3,1,0,4,0.75,14.57,3.6425,0.020566,4.0615,0.0267,1.0455,0.0051,0.1645,525.8
