league,market_type,bucket_dimension,bucket,bets,wins,losses,pushes,total,win_pct,units_flat,roi_flat,units_kelly,roi_kelly,avg_ev,avg_edge_vs_market_pp,avg_kelly_pct,avg_model_prob,avg_odds_american
nba,moneyline,ev,0.00_to_0.0099,37,20,17,0,37,0.5405,5.4237,0.1466,-0.00707,-0.1085,0.0047,2.2954,0.007,0.5428,-39.5
nba,moneyline,ev,0.01_to_0.0199,47,24,23,0,47,0.5106,-2.9377,-0.0625,-0.045994,-0.1547,0.0143,2.8734,0.0253,0.5625,-75.2
nba,moneyline,ev,0.02_to_0.0299,37,20,17,0,37,0.5405,3.2854,0.0888,-0.048557,-0.1254,0.0244,3.4846,0.0419,0.5811,-86.9
nba,moneyline,ev,0.03_to_0.0399,31,19,12,0,31,0.6129,9.8368,0.3173,-0.035288,-0.0724,0.0354,4.159,0.0636,0.5908,-94.7
nba,moneyline,ev,0.04_to_0.0499,21,7,14,0,21,0.3333,-7.3127,-0.3482,-0.070192,-0.2801,0.0436,3.7231,0.0477,0.491,32.6
nba,moneyline,ev,0.05_to_0.0749,63,33,30,0,63,0.5238,4.7481,0.0754,0.154979,0.1336,0.0628,4.7236,0.0747,0.5059,44.1
nba,moneyline,ev,0.075_to_0.0999,33,17,16,0,33,0.5152,5.3796,0.163,0.085865,0.1119,0.0864,5.7075,0.0978,0.501,46.2
nba,moneyline,ev,0.10_plus,185,59,126,0,185,0.3189,-17.2501,-0.0932,0.209097,0.0475,0.2069,7.3716,0.1022,0.3844,249.9
