league,market_type,side_group,bucket_dimension,bucket,bets,wins,losses,pushes,total,win_pct,units_flat,roi_flat,units_kelly,roi_kelly,avg_ev,avg_edge_vs_market_pp,avg_kelly_pct,avg_model_prob,avg_odds_american
nba,moneyline,AWAY,ev,0.00_to_0.0099,16,11,5,0,16,0.6875,2.1675,0.1355,-0.000959,-0.0425,0.0035,2.4363,0.0056,0.5824,-101.4
nba,moneyline,AWAY,ev,0.01_to_0.0199,16,9,7,0,16,0.5625,1.7511,0.1094,0.008528,0.144,0.0136,2.5414,0.0148,0.5109,-12.7
nba,moneyline,AWAY,ev,0.02_to_0.0299,7,3,4,0,7,0.4286,1.85,0.2643,6e-06,0.0002,0.0232,2.3869,0.0158,0.4026,136.7
nba,moneyline,AWAY,ev,0.03_to_0.0399,3,2,1,0,3,0.6667,2.05,0.6833,0.012564,0.7941,0.0354,2.5638,0.0211,0.387,170.7
nba,moneyline,AWAY,ev,0.05_to_0.0749,1,1,0,0,1,1.0,2.41,2.41,0.013422,2.41,0.0537,2.7048,0.0223,0.309,241.0
nba,moneyline,HOME,ev,0.01_to_0.0199,4,0,4,0,4,0.0,-4.0,-1.0,-0.06195,-1.0,0.0189,4.2038,0.0619,0.738,-330.0
nba,moneyline,HOME,ev,0.02_to_0.0299,30,19,11,0,30,0.6333,9.9481,0.3316,-9.3e-05,-0.0003,0.0246,3.5409,0.0434,0.5729,-69.9
nba,moneyline,HOME,ev,0.03_to_0.0399,23,13,10,0,23,0.5652,6.8946,0.2998,-0.024756,-0.0773,0.0356,4.0105,0.0557,0.5623,-55.4
