league,market_type,bucket_dimension,bucket,bets,wins,losses,pushes,total,win_pct,units_flat,roi_flat,units_kelly,roi_kelly,avg_ev,avg_edge_vs_market_pp,avg_kelly_pct,avg_model_prob,avg_odds_american
nba,moneyline,ev,0.00_to_0.0099,14,9,5,0,14,0.6429,1.2257,0.0876,-0.002721,-0.1524,0.0035,2.3371,0.0051,0.5676,-84.1
nba,moneyline,ev,0.01_to_0.0199,19,9,10,0,19,0.4737,-1.2489,-0.0657,-0.049245,-0.4209,0.0149,2.864,0.0246,0.5539,-72.4
nba,moneyline,ev,0.02_to_0.0299,33,20,13,0,33,0.6061,12.9192,0.3915,0.005915,0.0194,0.0245,3.2272,0.0369,0.5266,-15.4
nba,moneyline,ev,0.03_to_0.0399,25,15,10,0,25,0.6,9.9446,0.3978,-0.00516,-0.0157,0.0356,3.8638,0.0527,0.5453,-35.5
nba,moneyline,ev,0.05_to_0.0749,1,1,0,0,1,1.0,2.41,2.41,0.013422,2.41,0.0537,2.7048,0.0223,0.309,241.0
