league,market_type,bucket_dimension,bucket,bets,wins,losses,pushes,total,win_pct,units_flat,roi_flat,units_kelly,roi_kelly,avg_ev,avg_edge_vs_market_pp,avg_kelly_pct,avg_model_prob,avg_odds_american
nba,moneyline,win_prob,0.20_to_0.30,2,0,2,0,2,0.0,-2.0,-1.0,-0.004922,-1.0,0.0314,1.694,0.0098,0.253,317.5
nba,moneyline,win_prob,0.30_to_0.40,18,8,10,0,18,0.4444,6.21,0.345,0.040576,0.7635,0.0237,2.0411,0.0118,0.3458,197.7
nba,moneyline,win_prob,0.40_to_0.50,16,10,6,0,16,0.625,7.38,0.4613,0.01794,0.2761,0.0213,2.4566,0.0162,0.4452,130.4
nba,moneyline,win_prob,0.50_to_0.60,23,12,11,0,23,0.5217,-0.799,-0.0347,-0.024596,-0.1618,0.0234,3.4962,0.0264,0.5457,-80.3
nba,moneyline,win_prob,0.60_to_0.70,19,14,5,0,19,0.7368,3.239,0.1705,0.029354,0.1834,0.0198,3.4591,0.0337,0.6392,-169.4
nba,moneyline,win_prob,0.70_to_0.80,18,11,7,0,18,0.6111,-3.1836,-0.1769,-0.04237,-0.161,0.0216,4.4164,0.0585,0.7501,-280.7
nba,moneyline,win_prob,0.80_to_0.90,7,4,3,0,7,0.5714,-1.9504,-0.2786,-0.077655,-0.3839,0.0268,5.3335,0.1156,0.8317,-438.9
nba,moneyline,win_prob,below_0.20,4,3,1,0,4,0.75,14.57,3.6425,0.020566,4.0615,0.0267,1.0455,0.0051,0.1645,525.8
