league,market_type,side_group,bucket_dimension,bucket,bets,wins,losses,pushes,total,win_pct,units_flat,roi_flat,units_kelly,roi_kelly,avg_ev,avg_edge_vs_market_pp,avg_kelly_pct,avg_model_prob,avg_odds_american
nba,moneyline,AWAY,ev,0.00_to_0.0099,16,11,5,0,16,0.6875,2.1675,0.1355,-0.000959,-0.0425,0.0035,2.4363,0.0056,0.5824,-101.4
nba,moneyline,AWAY,ev,0.01_to_0.0199,17,9,8,0,17,0.5294,0.7511,0.0442,0.006639,0.1086,0.0136,2.5045,0.0144,0.5022,-1.4
nba,moneyline,AWAY,ev,0.02_to_0.0299,8,4,4,0,8,0.5,3.8,0.475,0.006656,0.2148,0.0236,2.3765,0.0155,0.3957,144.0
nba,moneyline,AWAY,ev,0.03_to_0.0399,4,2,2,0,4,0.5,1.05,0.2625,0.00828,0.4119,0.0345,2.5792,0.0201,0.3808,174.2
nba,moneyline,AWAY,ev,0.05_to_0.0749,1,1,0,0,1,1.0,2.41,2.41,0.013422,2.41,0.0537,2.7048,0.0223,0.309,241.0
nba,moneyline,HOME,ev,0.01_to_0.0199,4,0,4,0,4,0.0,-4.0,-1.0,-0.06195,-1.0,0.0189,4.2038,0.0619,0.738,-330.0
nba,moneyline,HOME,ev,0.02_to_0.0299,32,21,11,0,32,0.6562,11.0594,0.3456,0.01226,0.0353,0.0247,3.5785,0.0434,0.5783,-76.9
nba,moneyline,HOME,ev,0.03_to_0.0399,23,13,10,0,23,0.5652,6.8946,0.2998,-0.024756,-0.0773,0.0356,4.0105,0.0557,0.5623,-55.4
