tree
version=v4
num_class=1
num_tree_per_iteration=1
label_index=0
max_feature_idx=76
objective=regression
feature_names=home_flag role_depth_rank_pregame role_depth_starter_flag_pregame role_injury_out_flag role_injury_doubtful_flag role_injury_questionable_flag role_prior_offense_snap_pct role_snap_pct_roll3 role_snap_pct_roll5 role_snap_pct_ewm5 role_prior_offense_participation role_participation_roll3 role_participation_roll5 role_depth_rank_change role_snap_share_change role_participation_change role_team_change_flag role_games_with_current_team_before_game role_starter_promotion_flag role_starter_demotion_flag role_teammate_out_count_position role_teammate_unavailable_snap_share_position role_role_history_games role_role_missing_flag history_no_nfl_history_flag history_new_team_flag history_history_games player_carries_lag1 player_carries_roll3_mean player_carries_roll5_mean player_carries_roll8_mean player_carries_ewm3 player_carries_ewm5 player_carries_season_to_date player_carries_career_prior player_carry_share_lag1 player_carry_share_roll3_mean player_carry_share_roll5_mean player_carry_share_roll8_mean player_carry_share_ewm3 player_carry_share_ewm5 player_carry_share_season_to_date player_carry_share_career_prior player_red_zone_carries_lag1 player_red_zone_carries_roll3_mean player_red_zone_carries_roll5_mean player_red_zone_carries_ewm5 player_red_zone_carries_season_to_date player_goal_line_carries_lag1 player_goal_line_carries_roll3_mean player_goal_line_carries_roll5_mean player_goal_line_carries_ewm5 player_goal_line_carries_season_to_date team_goal_line_rush_attempts_roll3_mean team_goal_line_rush_attempts_roll5_mean team_red_zone_rush_attempts_roll3_mean team_red_zone_rush_attempts_roll5_mean team_rush_attempts_roll3_mean team_rush_rate_roll3_mean opponent_goal_line_rush_attempts_allowed_roll3_mean opponent_red_zone_rush_attempts_allowed_roll3_mean opponent_red_zone_td_rate_allowed_roll3_mean matchup_expected_team_rush_attempts matchup_rush_rate_vs_opponent environment_divisional_game_flag environment_neutral_site_flag environment_temperature environment_wind environment_international_flag environment_weather_missing_flag environment_travel_missing_flag environment_team_rest_days environment_opponent_rest_days environment_team_miles_traveled environment_opponent_miles_traveled environment_team_time_zones_crossed environment_opponent_time_zones_crossed
feature_infos=[0:1] [1:3] [0:1] none none [0:1] [0:1] [0:1] [0:1] [0:1] [0:1] [0.011245346098320794:0.97804706708816302] [0.012658227848101266:0.96166777812196069] [-2:2] [-1:1] [-0.86337899543378993:0.84695980762624523] [0:1] [0:173] [0:1] [0:1] [0:3] [0:1.49] [0:182] [0:1] [0:1] [0:1] [0:211] [0:37] [0:32] [0:29.399999618530273] [0:27.875] [0:30.727367401123047] [0:29.368961334228516] [0:30] [0:19.901409149169922] [0:1] [0:0.90718388557434082] [0:0.89825773239135742] [0:0.8684762716293335] [0:0.88660717010498047] [0:0.87644636631011963] [0:0.85185188055038452] [0:0.83675593137741089] [0:14] [0:8.3333330154418945] [0:7.1999998092651367] [0:7.3570256233215332] [0:8.5] [0:5] [0:3.6666667461395264] [0:3] [0:3] [0:4] [0:5] [0:5] [0:13] [0.5:13] [14.333333333333334:44] [0.21801718133271417:0.69255104975553639] [0:5] [0:13.333333333333334] [0:1] [15.166666666666666:39] [-0.33869845316010089:0.32239332687438665] [0:1] [0:1] [6:93] [0:44] [0:1] [0:1] none [4:15] [4:15] [0:2719.8000000000002] [0:2719.8000000000002] [0:3] [0:3]
tree_sizes=2777 2870 2855 2871 2865 2870 2859 2865 2879 2885 2877 2883 2882 2893 2887 2878 2864 2898 2887 2870 2909 2900 2882 2891 2895 2901 2877 2907 2894 2887 2903 2923 2899 2883 2879 2894 2913 2893 2904 2909 2902 2904 2895 2925 2921 2924 2907 2924 2915 2926 2911 2933 2906 2905 2900 2905 2913 2898 2935 2909 2907 2902 2911 2901 2921 2914 2912 2904 2918 2938 2917 2922 2919 2921 2925 2917 2946 2916 2923 2914 2931 2935 2921 2916 2938 2938 2931 2935 2913 2933 2916 2958 2946 2923 2944 2963 2938 2962 2941 2949 2940 2940 2930 2951 2952 2965 2950 2967 2928 2943 2953 2942 2922 2938 2956 2940 2955 2932 2934 2930 2935 2940 2934 2933 2952 2935 2960 2982 2933 2991 2969

Tree=0
num_leaves=31
num_cat=0
split_feature=36 30 39 41 46 34 6 34 32 34 15 22 41 46 22 17 43 37 15 58 42 52 61 35 75 17 17 45 46 46
split_gain=332.01 39.0205 28.7962 6.61555 5.29383 4.01235 2.71793 2.91491 2.22429 2.15083 1.97653 1.81615 1.77957 1.67263 1.61574 1.453 1.42143 1.56372 1.42357 1.75968 1.34003 1.31818 1.25259 1.24306 1.24252 1.24154 1.40689 1.21966 2.011 1.70238
threshold=0.27872946858406072 1.7749999761581423 0.45862835645675665 0.58194017410278331 0.74939018487930309 6.773156166076661 0.15500000000000003 4.8032259941101083 16.784743309021 0.99494948983192455 0.17310455349248452 27.500000000000004 0.34428149461746221 1.9259926080703738 57.500000000000007 51.500000000000007 2.5000000000000004 0.5907002091407777 0.023139378161810862 0.35952387019235876 0.36760981380939489 0.74166667461395275 0.54365079365079372 0.26538620889186865 1.0000000180025095e-35 17.500000000000004 34.500000000000007 1.1926172375679018 1.736383378505707 2.4628357887268071
decision_type=10 10 10 10 8 10 10 10 10 8 10 2 8 10 2 2 10 10 10 2 10 8 10 8 2 2 2 8 10 10
left_child=1 9 5 16 10 -2 -6 -8 11 -1 -3 -5 -7 15 27 -9 18 20 19 -4 -18 -16 -22 -15 -12 -21 -27 -14 -29 -30
right_child=2 4 3 8 6 12 7 13 -10 -11 24 -13 14 23 21 -17 17 -19 -20 25 22 -23 -24 -25 -26 26 -28 28 29 -31
leaf_value=0.088943236496443936 0.095080811979790902 0.091562720902643044 0.10760043866590865 0.10264108914364754 0.091568839667823809 0.098441470190578487 0.093527957947437665 0.095062736837030898 0.11255912182076905 0.090438458189090354 0.093360523007336771 0.1096067962426108 0.10443502858960553 0.096980169691283119 0.10100775579839327 0.099961602035227443 0.10102997809876381 0.11163067235156277 0.10598632726520457 0.097249422644370587 0.10330018010466674 0.10748687672460838 0.10828035857188166 0.10333605773028283 0.099180096268184817 0.10672636043929852 0.099137914649937348 0.095409107232144019 0.10500071956793591 0.098518470198952948
leaf_weight=9567 158 1489 41 45 232 250 495 337 183 952 111 134 55 58 50 65 45 48 154 60 66 65 146 53 47 43 45 74 67 80
leaf_count=9567 158 1489 41 45 232 250 495 337 183 952 111 134 55 58 50 65 45 48 154 60 66 65 146 53 47 43 45 74 67 80
internal_value=0.0915544 0.0899265 0.103618 0.106985 0.0930159 0.0993628 0.0944965 0.0951703 0.110233 0.0890786 0.0919013 0.107856 0.100418 0.096755 0.101682 0.0958548 0.10517 0.10666 0.103845 0.102101 0.105732 0.10467 0.10673 0.100015 0.0950917 0.100577 0.102846 0.100437 0.0994425 0.101473
internal_weight=15215 13406 1809 1010 2887 799 1240 1008 362 10519 1647 179 641 513 391 402 648 305 343 189 257 115 212 111 158 148 88 276 221 147
internal_count=15215 13406 1809 1010 2887 799 1240 1008 362 10519 1647 179 641 513 391 402 648 305 343 189 257 115 212 111 158 148 88 276 221 147
is_linear=0
shrinkage=1


Tree=1
num_leaves=31
num_cat=0
split_feature=36 30 39 41 46 34 9 41 32 34 6 15 22 41 22 43 37 15 58 42 52 21 61 75 17 17 45 46 15 6
split_gain=312.388 36.7144 27.0943 6.22457 4.98096 3.77522 2.56853 2.64919 2.09284 2.02372 1.9532 1.85972 1.70882 1.6744 1.52025 1.33742 1.4713 1.33944 1.65568 1.26083 1.24028 1.18239 1.17856 1.16909 1.16816 1.32375 1.14758 1.89215 1.68081 1.0948
threshold=0.27872946858406072 1.7749999761581423 0.45862835645675665 0.58194017410278331 0.74939018487930309 6.773156166076661 0.18435950396599524 0.23020574450492862 16.784743309021 0.99494948983192455 0.91500000000000015 0.17310455349248452 27.500000000000004 0.34428149461746221 57.500000000000007 2.5000000000000004 0.5907002091407777 0.023139378161810862 0.35952387019235876 0.36760981380939489 0.74166667461395275 0.25500000000000006 0.54365079365079372 1.0000000180025095e-35 17.500000000000004 34.500000000000007 1.1926172375679018 1.736383378505707 -0.0011944064102422378 0.38500000000000006
decision_type=10 10 10 10 8 10 10 10 10 8 10 10 2 8 2 10 10 10 2 10 8 2 10 2 2 2 8 10 10 10
left_child=1 9 5 15 11 -2 -6 21 12 -1 -9 29 -5 -7 26 17 19 18 -4 -17 -16 -8 -21 -13 -20 -26 -15 -28 -29 -3
right_child=2 4 3 8 6 13 7 10 -10 -11 -12 23 -14 14 20 16 -18 -19 24 22 -22 -23 -24 -25 25 -27 27 28 -30 -31
leaf_value=-0.0025328164727112536 0.0034206317242565032 -0.00067808024700859496 0.015564669610523597 0.010754100521405538 -0.00081290497364389981 0.006680470161437988 0.0021716537624097512 0.0043272636756630598 0.020374592176226319 -0.0010824513992200753 0.0098331902978511954 0.0017519514182129422 0.017510836517521694 0.012494222012433139 0.0091697673574090005 0.0091913227240244533 0.019473996423184873 0.013998981270116643 0.0055241838879883289 0.011393419195982543 0.015454514278815343 0.0074661913868039843 0.016224192013479258 0.0073969375453096751 0.014716814118762349 0.0073560214340686794 0.0037390781838346171 0.0064779277831316 0.012895074173187216 0.00097248144056617922
leaf_weight=9567 158 870 41 45 151 250 745 226 183 952 78 111 134 55 50 45 48 154 60 66 65 40 146 47 43 45 74 75 72 619
leaf_count=9567 158 870 41 45 151 250 745 226 183 952 78 111 134 55 50 45 48 154 60 66 65 40 146 47 43 45 74 75 72 619
internal_value=7.52159e-12 -0.00157907 0.0117021 0.0149676 0.0014177 0.00757418 0.00285382 0.00336224 0.0181186 -0.00240155 0.00573997 0.000336466 0.0158122 0.00859799 0.00982403 0.0132073 0.0146527 0.0119221 0.0102299 0.0137522 0.012722 0.00244144 0.0147203 0.00343116 0.00875199 0.0109528 0.00861654 0.0076515 0.00962102 8.08341e-06
internal_weight=15215 13406 1809 1010 2887 799 1240 1089 362 10519 304 1647 179 641 391 648 305 343 189 257 115 785 212 158 148 88 276 221 147 1489
internal_count=15215 13406 1809 1010 2887 799 1240 1089 362 10519 304 1647 179 641 391 648 305 343 189 257 115 785 212 158 148 88 276 221 147 1489
is_linear=0
shrinkage=0.03


Tree=2
num_leaves=31
num_cat=0
split_feature=39 30 39 46 41 34 6 34 42 30 32 54 34 66 26 22 22 28 61 52 66 60 14 10 22 55 22 43 28 15
split_gain=294.001 39.041 19.9462 5.91067 5.8567 2.82686 2.41143 2.26345 2.20719 2.16398 1.96915 1.94602 1.90694 1.8533 1.82557 1.60783 1.49829 1.39877 1.39351 1.3059 1.57087 1.54084 1.51315 1.57561 1.28851 1.28043 1.20839 1.29576 1.19156 1.55268
threshold=0.30364717543125158 1.7749999761581423 0.45862835645675665 1.2999671697616579 0.58194017410278331 6.773156166076661 0.31500000000000006 6.6695401668548593 0.2895734310150147 5.2678570747375497 16.784743309021 1.5500000000000003 0.99494948983192455 56.500000000000007 88.500000000000014 27.500000000000004 48.500000000000007 13.416666507720949 0.34722222222222227 0.70714285969734203 65.500000000000014 5.8333333333333348 -0.019999999999999931 0.62871870397643603 75.500000000000014 5.416666666666667 49.500000000000007 1.0091742873191836 11.500000000000002 0.056159254469685636
decision_type=10 10 10 8 10 10 10 10 10 10 10 10 8 10 2 2 2 10 8 8 8 10 10 10 2 8 2 10 10 10
left_child=1 12 5 6 19 -2 14 -5 16 18 15 -11 -1 17 -3 -6 -9 26 -8 20 -4 22 -21 25 -18 -24 27 -7 29 -28
right_child=2 3 4 7 10 13 9 8 -10 11 -12 -13 -14 -15 -16 -17 24 -19 -20 21 -22 -23 23 -25 -26 -27 28 -29 -30 -31
leaf_value=-0.0024568319485390512 0.0035677197132388066 -0.00030853064148992374 0.014142954255438456 0.002484335503558244 0.010431477382779121 0.011363462933472224 0.0051439137631035465 0.0053086316713999056 0.0021015177392645886 0.0063079026517159536 0.019763354297544136 0.00030494930275848934 -0.001048263139811224 0.0057605013806135089 0.0050180174227132173 0.016985511541811386 0.014608271679905959 0.0056049566343426699 0.00095316598123711788 0.010174609556794166 0.0097533387276007941 0.017572666317397768 0.020195725032916435 0.009922790796291537 0.0076761976629495616 0.013538202519456926 0.0076479116619610392 0.0064596340747084466 0.016361196884999471 0.015253417521715162
leaf_weight=9567 116 1143 118 269 45 98 77 87 76 159 183 70 951 141 61 134 43 62 984 105 194 86 52 41 55 52 61 96 49 40
leaf_count=9567 116 1143 118 269 45 98 77 87 76 159 183 70 951 141 61 134 43 62 984 105 194 86 52 41 55 52 61 96 49 40
internal_value=4.2162e-11 -0.00146577 0.0118646 0.00153834 0.0145186 0.00782156 0.000926924 0.00441547 0.0064058 0.00182814 0.0175751 0.00447294 -0.00232947 0.00872366 -3.8664e-05 0.0153378 0.00817404 0.00975273 0.0012573 0.0128111 0.0114135 0.0141089 0.0129173 0.0149034 0.0107178 0.016867 0.0105003 0.00893683 0.0125224 0.01066
internal_weight=15215 13542 1673 3024 1010 663 2494 530 261 1290 362 229 10518 547 1204 179 185 406 1061 648 312 336 250 145 98 104 344 194 150 101
internal_count=15215 13542 1673 3024 1010 663 2494 530 261 1290 362 229 10518 547 1204 179 185 406 1061 648 312 336 250 145 98 104 344 194 150 101
is_linear=0
shrinkage=0.03


Tree=3
num_leaves=31
num_cat=0
split_feature=36 30 39 40 46 34 6 34 41 34 15 41 46 47 1 22 32 41 51 71 60 39 52 30 75 45 46 46 52 44
split_gain=276.799 32.4495 23.9108 5.54558 4.49553 3.35722 2.38529 2.52962 1.8257 1.79107 1.72427 1.53189 1.46898 1.39939 1.90895 1.37106 1.31997 1.90882 1.21186 1.26294 1.32591 1.20604 1.1544 1.14053 1.0912 1.0743 1.79861 1.58798 1.04668 1.22091
threshold=0.27872946858406072 1.7749999761581423 0.45862835645675665 0.60093805193901073 0.74939018487930309 6.773156166076661 0.15500000000000003 4.8032259941101083 0.58194017410278331 0.99494948983192455 0.17310455349248452 0.34428149461746221 1.9259926080703738 0.98437500000000011 1.5000000000000002 57.500000000000007 7.0003247261047372 0.23020574450492862 1.4435868859291079 7.5000000000000009 5.5000000000000009 0.51329976320266735 0.74166667461395275 8.7750000953674334 1.0000000180025095e-35 1.1926172375679018 1.736383378505707 2.4628357887268071 0.68990385532379161 1.8333333134651186
decision_type=10 10 10 10 8 10 10 10 10 8 10 8 10 8 8 2 10 10 10 2 10 10 8 10 2 8 10 10 10 10
left_child=1 9 5 13 10 -2 -6 -8 -5 -1 -3 28 16 -4 18 25 17 -9 19 20 -15 -22 -17 -14 -12 -13 -27 -28 29 -7
right_child=2 4 3 8 6 11 7 12 -10 -11 24 15 23 14 -16 22 -18 -19 -20 -21 21 -23 -24 -25 -26 26 27 -29 -30 -31
leaf_value=-0.0023831270779513681 0.0032206672151820566 -1.2454079417793281e-05 0.0070934475976519463 0.013081202392394726 -4.7345207522398437e-05 0.0067398881881696278 0.0017965826766960548 0.0035697481679645452 0.018285482619571816 -0.0010186755216187414 0.0016613055886449039 0.011880820825695991 0.0054396471852327091 0.011020363412606409 0.0093845805797283938 0.0086007425531744956 0.0017310613229870795 0.0092588112081744157 0.018323118299245832 0.016301806914093702 0.019058204918372922 0.012828564792024818 0.014664016313277756 0.01168199240988077 0.0071150029751848665 0.0033807803881732192 0.012522642021414948 0.0062619861373677853 0.0093510534488399268 0.0014216005017882898
leaf_weight=9567 158 1489 41 78 232 122 495 176 273 952 111 55 68 234 118 50 150 76 45 92 41 88 65 43 47 74 67 80 71 57
leaf_count=9567 158 1489 41 78 232 122 495 176 273 952 111 55 68 234 118 50 150 76 45 92 41 88 65 43 47 74 67 80 71 57
internal_value=-3.11808e-11 -0.0014864 0.0110153 0.014083 0.00133094 0.00713753 0.00269528 0.00332652 0.017129 -0.00225964 0.000303744 0.00810299 0.00480278 0.0124607 0.0128168 0.0092757 0.00395922 0.0052855 0.0136267 0.0131623 0.0123666 0.0148085 0.0120278 0.00785785 0.00328361 0.00812898 0.00719527 0.00911548 0.00626889 0.00504636
internal_weight=15215 13406 1809 1010 2887 799 1240 1008 351 10519 1647 641 513 659 618 391 402 252 500 455 363 129 115 111 158 276 221 147 250 179
internal_count=15215 13406 1809 1010 2887 799 1240 1008 351 10519 1647 641 513 659 618 391 402 252 500 455 363 129 115 111 158 276 221 147 250 179
is_linear=0
shrinkage=0.03


Tree=4
num_leaves=31
num_cat=0
split_feature=36 31 39 40 30 22 34 10 29 41 15 41 10 61 47 1 22 42 47 51 71 60 39 52 34 66 61 21 46 55
split_gain=260.44 30.6045 22.4976 5.21783 4.13361 3.75322 3.15881 2.10896 2.03118 1.7178 1.6652 1.44135 1.3402 1.71568 1.31668 1.79614 1.29003 1.25833 1.41507 1.14024 1.1883 1.24755 1.13476 1.08618 1.08487 1.08182 1.04554 1.04056 1.0246 1.25276
threshold=0.27872946858406072 1.7513331174850466 0.45862835645675665 0.60093805193901073 5.2678570747375497 48.500000000000007 6.773156166076661 0.13853769992383858 0.90000000596046459 0.58194017410278331 0.14934851690322809 0.34428149461746221 0.35624311132105185 0.34722222222222227 0.98437500000000011 1.5000000000000002 57.500000000000007 0.2895734310150147 0.77909159660339367 1.4435868859291079 7.5000000000000009 5.5000000000000009 0.51329976320266735 0.74166667461395275 6.773156166076661 66.500000000000014 0.51547619047619053 0.095000000000000015 1.9893539547920229 4.5833333333333348
decision_type=10 10 10 10 10 2 10 10 8 10 10 8 10 10 8 8 2 10 8 10 2 10 10 8 10 8 10 2 8 10
left_child=1 8 6 14 12 7 -2 -6 -1 -5 17 -8 -3 -14 -4 19 -13 18 -7 20 21 26 -23 -18 -20 -26 -16 -15 29 -9
right_child=2 4 3 9 5 10 11 28 -10 -11 -12 16 13 27 15 -17 23 -19 24 -21 -22 22 -24 -25 25 -27 -28 -29 -30 -31
leaf_value=-0.00230499789733782 0.0031240471966470346 -0.00028220382496785886 0.0068806440128785801 0.012688766290935185 -0.0015262551731626752 0.0011090833641761958 0.0060808228629827491 0.0041048768343744978 -0.00090088119425358823 0.017736918744886969 0.011241574406970378 0.0078851117007434374 0.0049788371416238635 0.00067642995080998021 0.0077699560068547717 0.0091030431014754009 0.0083427201502025133 0.00097038359349143916 0.0038971162067148197 0.017773424794276554 0.01581275268052907 0.01848645877910823 0.012443707952783866 0.014224095816795642 0.01222226555943489 0.0062243333155825985 0.012067014940504758 0.0046908067995982787 0.0062284042319515715 0.0002392572742996749
leaf_weight=9631 158 836 41 78 142 43 250 142 1026 273 43 276 104 927 75 118 50 58 58 45 92 41 88 65 50 59 159 62 64 161
leaf_count=9631 158 836 41 78 142 43 250 142 1026 273 43 276 104 927 75 118 50 58 58 45 92 41 88 65 50 59 159 62 64 161
internal_value=2.96383e-12 -0.00144181 0.0106849 0.0136605 0.00138043 0.00316469 0.0069234 0.0015782 -0.00216982 0.0166151 0.00576123 0.0078599 0.000621958 0.00131352 0.0120869 0.0124322 0.00899742 0.00488192 0.00596225 0.0132179 0.0127674 0.0119956 0.0143643 0.011667 0.00721187 0.00897568 0.0106898 0.00092809 0.00277938 0.00205087
internal_weight=15215 13406 1809 1010 2749 820 799 509 10657 351 311 641 1929 1093 659 618 391 268 210 500 455 363 129 115 167 109 234 989 367 303
internal_count=15215 13406 1809 1010 2749 820 799 509 10657 351 311 641 1929 1093 659 618 391 268 210 500 455 363 129 115 167 109 234 989 367 303
is_linear=0
shrinkage=0.03


Tree=5
num_leaves=31
num_cat=0
split_feature=39 31 39 40 30 15 12 34 34 22 66 66 46 38 35 41 74 28 10 51 14 7 38 67 46 41 22 56 63 28
split_gain=245.142 32.6363 16.5396 4.91638 4.76235 3.78272 3.23592 2.34118 1.9224 1.75841 1.70905 1.57582 1.49545 1.38164 1.37231 1.69852 1.34097 1.32943 1.23743 1.20631 1.48479 1.36137 1.15937 1.12524 1.08746 1.2935 1.07738 1.23271 2.29414 1.08218
threshold=0.30364717543125158 1.7513331174850466 0.45862835645675665 0.6148575246334077 5.2678570747375497 0.21363891689556938 0.41581149315319033 6.773156166076661 0.99494948983192455 55.500000000000007 56.500000000000007 65.500000000000014 0.54981938004493724 0.12003367766737939 0.42678572237491613 0.50708290934562694 826.45000000000016 13.416666507720949 0.13853769992383858 0.97546473145484935 -0.019999999999999931 0.57166666666666688 0.55406951904296886 4.5000000000000009 2.2743445634841923 0.62770295143127453 49.500000000000007 4.1000000000000005 0.01910045137184813 11.500000000000002
decision_type=10 10 10 10 10 10 10 10 8 2 10 10 8 10 10 8 2 10 10 10 8 10 10 10 10 10 2 10 2 10
left_child=1 8 7 14 12 6 9 -2 -1 18 17 -8 -3 -14 -4 16 -16 26 -6 20 22 -21 -17 -22 25 -5 27 -9 -29 -28
right_child=2 4 3 24 5 -7 11 10 -10 -11 -12 -13 13 -15 15 19 -18 -19 -20 21 23 -23 -24 -25 -26 -27 29 28 -30 -31
leaf_value=-0.0022428706207081373 0.0032811260730798903 -0.00017298207533119912 0.0071134408563375473 0.0097721651808491787 -0.0015924101622847766 0.011348124422437074 0.0044002628908586883 0.011875912904225546 -0.00092953761768702623 0.0042940087717386983 0.0051277895763199377 0.010340677467174828 0.0002333339206664495 0.0025448039239435866 0.0090033799170810263 0.0061603279709815982 0.01379778888229638 0.0049178454937833923 0.0017195280860084414 0.019431633133779873 0.012100881328540189 0.013181766040419061 0.012921408452093601 0.017197846608056178 0.017553239406562896 0.016820776441468382 0.0098247816966901911 0.0028128225664081782 0.010606426875760305 0.01525802067499988
leaf_weight=9536 116 995 51 42 154 49 247 58 1121 155 141 48 426 513 187 50 73 62 298 55 105 73 42 62 217 53 101 69 67 49
leaf_count=9536 116 995 51 42 154 49 247 58 1121 155 141 48 426 513 187 50 73 62 298 55 105 73 42 62 217 53 101 69 67 49
internal_value=5.46821e-11 -0.00133845 0.010834 0.0132507 0.00149213 0.00323032 0.00278933 0.00715234 -0.00210472 0.00153667 0.00797329 0.00536684 0.000637419 0.00149615 0.0118513 0.0122248 0.0103495 0.0089615 0.000591124 0.0134847 0.0123072 0.0158673 0.00924691 0.0139932 0.0163814 0.0137045 0.0096903 0.00821401 0.00665232 0.0115996
internal_weight=15215 13542 1673 1010 2885 951 902 663 10657 607 547 295 1934 939 698 647 260 406 452 387 259 128 92 167 312 95 344 194 136 150
internal_count=15215 13542 1673 1010 2885 951 902 663 10657 607 547 295 1934 939 698 647 260 406 452 387 259 128 92 167 312 95 344 194 136 150
is_linear=0
shrinkage=0.03


Tree=6
num_leaves=31
num_cat=0
split_feature=36 30 39 41 46 34 9 41 32 6 15 34 22 41 22 43 37 15 58 42 21 61 22 53 22 22 52 9 30 63
split_gain=230.686 27.1415 19.8795 4.64428 3.81084 2.81914 2.07035 2.11523 1.70602 1.7014 1.55063 1.48349 1.45672 1.32456 1.16519 1.14678 1.33479 1.17613 1.32839 1.10023 1.09725 1.05467 1.05097 1.04017 1.08889 1.03368 1.02374 1.01535 1.01047 1.29557
threshold=0.27872946858406072 1.7749999761581423 0.45862835645675665 0.58194017410278331 0.74939018487930309 6.773156166076661 0.18435950396599524 0.23020574450492862 16.784743309021 0.91500000000000015 0.17310455349248452 0.99494948983192455 27.500000000000004 0.34428149461746221 57.500000000000007 2.5000000000000004 0.5907002091407777 0.02044534761865369 0.35952387019235876 0.36760981380939489 0.25500000000000006 0.54365079365079372 62.500000000000007 2.1666666666666674 54.500000000000007 30.500000000000004 0.74166667461395275 0.56299632078380224 11.145833492279055 0.019901322668737485
decision_type=10 10 10 10 8 10 10 10 10 10 10 8 2 8 2 10 10 8 2 10 2 10 2 10 2 2 8 10 10 2
left_child=1 11 5 15 10 -2 -6 20 12 -9 -3 -1 -5 -7 28 17 19 18 -4 -17 -8 -21 25 24 -23 -19 -16 -20 29 -15
right_child=2 4 3 8 6 13 7 9 -10 -11 -12 -13 -14 14 26 16 -18 22 27 21 -22 23 -24 -25 -26 -27 -28 -29 -30 -31
leaf_value=-0.0021765132423159691 0.0029309222540712053 -2.5918704574543652e-05 0.013385307462885975 0.0088224765956401822 -0.00081614833867905154 0.0056994370687007898 0.0018496205032671857 0.0037384294692954395 0.017611831032869511 0.0088772051638135539 0.0030997776357999328 -0.00093473446136731805 0.015060933139175177 0.0069567076316965158 0.0078051713615655905 0.0075528904298941286 0.017263275764416903 0.013438006304204464 0.010397442110947201 0.009570557223632932 0.0069499830789864058 0.015342472387262836 0.015402789912440559 0.017758552273735403 0.0090060196318866113 0.0073606304543198274 0.01351500210395226 0.0052632502147129607 0.0059268706880418439 0.013495158891638983
leaf_weight=9567 158 1489 40 45 151 250 745 226 183 78 158 952 134 67 50 45 48 48 56 66 40 52 55 48 46 53 65 91 163 46
leaf_count=9567 158 1489 40 45 151 250 745 226 183 78 158 952 134 67 50 45 48 48 56 66 40 52 55 48 46 53 65 91 163 46
internal_value=4.76545e-11 -0.00135696 0.010056 0.0128532 0.00121968 0.00652019 0.00247583 0.0029323 0.015575 0.00505693 0.000273936 -0.00206413 0.0134926 0.00740491 0.00849537 0.0113327 0.012671 0.0101426 0.0085381 0.0118134 0.00210951 0.0127177 0.012066 0.0141404 0.0123682 0.0102489 0.0110325 0.00721913 0.00743825 0.00961838
internal_weight=15215 13406 1809 1010 2887 799 1240 1089 362 304 1647 10519 179 641 391 648 305 343 187 257 785 212 156 146 98 101 115 147 276 113
internal_count=15215 13406 1809 1010 2887 799 1240 1089 362 304 1647 10519 179 641 391 648 305 343 187 257 785 212 156 146 98 101 115 147 276 113
is_linear=0
shrinkage=0.03


Tree=7
num_leaves=31
num_cat=0
split_feature=39 31 39 40 30 22 15 34 45 7 28 29 66 30 46 45 15 1 71 60 51 38 28 48 29 53 60 63 43 41
split_gain=217.161 28.9372 14.6004 4.37585 4.25063 3.56664 2.68869 2.07243 1.88339 1.82539 1.91463 1.7165 1.59025 1.54917 1.34824 1.313 1.67232 1.47345 1.48146 1.50015 1.29169 1.28087 1.26013 1.21844 1.2015 1.02458 1.00133 1.13778 1.06865 1.76756
threshold=0.30364717543125158 1.7513331174850466 0.45862835645675665 0.6148575246334077 5.2678570747375497 41.500000000000007 0.17671900415841449 6.773156166076661 1.2176489830017092 0.36416666666666669 5.8333332538604745 0.90000000596046459 56.500000000000007 9.9375000000000018 0.54981938004493724 1.7083333134651186 0.071851503376589562 1.5000000000000002 7.5000000000000009 5.5000000000000009 0.38737884163856512 0.12003367766737939 13.416666507720949 0.37819932401180273 15.500000000000002 1.5833333333333337 5.8333333333333348 -0.073255152495713113 2.5000000000000004 0.60591968894004833
decision_type=10 10 10 10 10 2 10 10 10 10 10 8 10 10 8 10 8 8 2 10 8 10 10 10 10 10 10 2 10 10
left_child=1 11 7 15 14 9 8 -2 -7 -6 -11 -1 22 25 -3 16 20 18 19 23 -4 -16 -9 -17 -21 -10 28 -28 29 -5
right_child=2 4 3 26 5 6 -8 12 13 10 -12 -13 -14 -15 21 17 -18 -19 -20 24 -22 -23 -24 -25 -26 -27 27 -29 -30 -31
leaf_value=-0.002105560685242897 0.003095633381463844 -0.00017137910994752568 0.0091252827923744909 0.0072219489477574816 -0.00010611376776045542 0.0022508587952757226 0.012316942976378812 0.0091730698337236967 0.0075455992809824032 0.0092755000825439169 0.0020287319257855417 -0.00081478185537788603 0.0047654520228822177 0.011454067719834191 0.0001975820675282411 0.0075619301803666961 0.012902599675871897 0.008534278372758405 0.016125249593738424 0.017132348176925927 0.0025765646467121634 0.0024231608127031411 0.0045266726285579702 0.012141836388871955 0.010794414386153221 0.0027042434444384915 0.014602881520645828 0.021549000127071685 0.016359472220795132 0.015148174802408272
leaf_weight=9631 116 995 80 40 311 207 41 344 74 42 150 1026 141 42 426 87 64 94 89 67 41 513 62 131 45 84 41 44 118 69
leaf_count=9631 116 995 80 40 311 207 41 344 74 42 150 1026 141 42 426 87 64 94 89 67 41 513 62 131 45 84 41 44 118 69
internal_value=-3.8903e-11 -0.00125975 0.0101969 0.0124676 0.00140559 0.00304774 0.00499447 0.00673788 0.00425683 0.00131388 0.00361396 -0.00198129 0.00751027 0.00633301 0.000598102 0.0111474 0.00898069 0.0119288 0.0126903 0.0117639 0.0069063 0.00141347 0.00846352 0.0103141 0.0145859 0.00497171 0.0154211 0.0181985 0.0143811 0.0122395
internal_weight=15215 13542 1673 1010 2885 951 448 663 407 503 192 10657 547 200 1934 698 185 513 419 330 121 939 406 218 112 158 312 85 227 109
internal_count=15215 13542 1673 1010 2885 951 448 663 407 503 192 10657 547 200 1934 698 185 513 419 330 121 939 406 218 112 158 312 85 227 109
is_linear=0
shrinkage=0.03


Tree=8
num_leaves=31
num_cat=0
split_feature=36 30 39 41 46 34 6 34 32 15 6 34 17 12 11 7 50 41 22 52 66 60 14 10 55 10 6 45 46 15
split_gain=204.39 24.0418 17.5483 4.15179 3.36715 2.50681 1.93615 1.98265 1.54372 1.43365 1.37832 1.32329 1.25535 1.2325 1.48578 1.29757 1.31144 1.22406 1.08391 1.03588 1.36841 1.31017 1.31905 1.50371 1.20415 1.05399 1.01026 0.988505 1.68561 1.5732
threshold=0.27872946858406072 1.7749999761581423 0.45862835645675665 0.58194017410278331 0.74939018487930309 6.773156166076661 0.15500000000000003 4.8032259941101083 16.784743309021 0.17310455349248452 0.6150000000000001 0.99494948983192455 40.500000000000007 0.41581149315319033 0.21122913217755609 0.94833333333333336 0.45000000298023229 0.34428149461746221 57.500000000000007 0.70714285969734203 65.500000000000014 5.8333333333333348 -0.019999999999999931 0.62871870397643603 5.416666666666667 0.44294755877034359 0.38500000000000006 1.1926172375679018 1.736383378505707 -0.0011944064102422378
decision_type=10 10 10 10 8 10 10 10 10 8 10 8 2 10 10 10 8 8 2 8 8 10 10 10 8 10 10 8 10 10
left_child=1 11 5 19 9 -2 -6 -8 10 26 -5 -1 -12 14 -9 16 -15 -7 27 20 -4 22 -21 24 -24 -22 -3 -19 -29 -30
right_child=2 4 3 8 6 17 7 13 -10 -11 12 -13 -14 15 -16 -17 -18 18 -20 21 25 -23 23 -25 -26 -27 -28 28 29 -31
leaf_value=-0.0020489841401016276 0.0027588607158653346 -0.00072206515464669381 0.01195868943770558 0.0088348080188428088 -0.00014242819622801295 0.0053382420292496686 0.0015427788884350747 0.0068777974711900407 0.016604544753819461 0.0027622485771530963 0.012320473386121361 -0.00087617094773298292 0.018762889077387202 0.0054320637976199805 0.0017588385733465354 0.0034224671176047001 0.011851838304428383 0.010605347562919963 0.010473031795421696 0.0081522726982033687 0.0037789042920551514 0.015005795385601907 0.017713677284236139 0.0077017154880776638 0.011257515621120826 0.0090593229644000527 0.00087569680247528872 0.002418061059874457 0.0049288840517401691 0.011137218841662008
leaf_weight=9567 158 852 118 57 232 250 495 66 183 183 81 952 41 71 225 103 48 55 115 105 44 86 52 41 52 150 612 74 75 72
leaf_count=9567 158 852 118 57 232 250 495 66 183 183 81 952 41 71 225 103 48 55 115 105 44 86 52 41 52 150 612 74 75 72
internal_value=1.29509e-11 -0.00127727 0.00946553 0.0120936 0.00114777 0.00614347 0.00232854 0.00289725 0.014667 0.000258785 0.0126862 -0.00194284 0.0144855 0.0042042 0.00291984 0.00588774 0.00802155 0.00697775 0.00802602 0.0106559 0.0094112 0.0118118 0.010713 0.0125674 0.0144856 0.0078617 -5.41483e-05 0.00700644 0.00611078 0.0079697
internal_weight=15215 13406 1809 1010 2887 799 1240 1008 362 1647 179 10519 122 513 291 222 119 641 391 648 312 336 250 145 104 194 1464 276 221 147
internal_count=15215 13406 1809 1010 2887 799 1240 1008 362 1647 179 10519 122 513 291 222 119 641 391 648 312 336 250 145 104 194 1464 276 221 147
is_linear=0
shrinkage=0.03


Tree=9
num_leaves=31
num_cat=0
split_feature=39 31 41 46 36 37 35 30 15 29 30 34 45 46 66 36 6 57 14 43 52 8 61 51 12 22 51 76 6 17
split_gain=192.357 25.6465 12.9371 3.81435 2.78695 2.55355 1.74847 1.61645 1.57035 1.52329 1.51759 1.50637 1.48439 1.45549 1.37096 1.31481 1.26254 1.17963 1.1588 1.20429 1.71873 1.15087 1.38163 1.62741 1.3019 1.00595 1.98281 1.10985 1.02721 1.44134
threshold=0.30364717543125158 1.7513331174850466 0.50708290934562694 1.2999671697616579 0.46129806339740759 0.56954333186149608 0.21807064861059192 9.9375000000000018 0.18534916693802242 0.90000000596046459 4.7321429252624521 6.773156166076661 1.7083333134651186 0.53482487797737133 56.500000000000007 0.22891054302453998 0.025000000000000005 32.833333333333336 -0.010000000000000002 1.6207243204116824 0.78174602985382091 0.47100000000000009 0.54880952380952386 0.29460220038890844 0.52284302148899442 40.500000000000007 0.65552279353141796 1.0000000180025095e-35 0.70500000000000007 54.500000000000007
decision_type=10 10 10 8 10 10 8 10 10 8 10 10 10 10 10 8 10 2 8 10 8 10 10 10 10 2 10 2 10 2
left_child=1 9 4 8 11 12 -5 15 13 -1 -10 -2 -4 -3 18 -8 -15 -18 -13 -20 -21 -6 24 -24 -23 26 -7 28 -27 -30
right_child=2 3 5 6 21 25 7 -9 10 -11 -12 14 -14 16 -16 -17 17 -19 19 20 -22 22 23 -25 -26 27 -28 -29 29 -31
leaf_value=-0.0019819682298568334 0.0029435098433011286 -0.00026975800895477192 0.0067579643242061133 0.0018310466320730569 0.0061933698937296864 0.0079067953971167244 0.007170178448182663 0.010162363028526307 0.0018227618616074323 -0.00076600593999463914 0.0077221226864136183 0.0056260052763311003 0.011717800630500954 -0.0019407197629863564 0.0041379363514309703 0.0024289156005103539 0.0020365413467780774 -0.00075642228612433308 0.01152430738583207 0.0039087943165846493 0.010851355813443661 0.010950707712882134 0.0066047662281908271 0.013389909892034729 0.0035684131475728609 0.016272170584272133 0.014780056664187993 0.018247300196439029 0.0082648170771723508 0.015939695174689402
leaf_weight=9631 111 1004 72 254 75 59 84 50 160 1026 52 145 221 99 129 141 880 161 100 69 60 43 41 142 43 89 105 80 49 40
leaf_count=9631 111 1004 72 254 75 59 84 50 160 1026 52 145 221 99 129 141 880 161 100 69 60 43 41 142 43 89 105 80 49 40
internal_value=1.56335e-11 -0.00118562 0.00959694 0.0013236 0.00731785 0.0126506 0.00362566 0.00528324 0.000806705 -0.0018649 0.00326977 0.0061067 0.010499 0.000563155 0.00680474 0.00419899 0.0012967 0.00160458 0.00772457 0.00905336 0.00713789 0.00947961 0.0103959 0.0118697 0.00725956 0.0141445 0.0123074 0.0153123 0.0139932 0.0117142
internal_weight=15215 13542 1673 2885 958 715 529 275 2356 10657 212 614 293 2144 503 225 1140 1041 374 229 129 344 269 183 86 422 164 258 178 89
internal_count=15215 13542 1673 2885 958 715 529 275 2356 10657 212 614 293 2144 503 225 1140 1041 374 229 129 344 269 183 86 422 164 258 178 89
is_linear=0
shrinkage=0.03


Tree=10
num_leaves=31
num_cat=0
split_feature=36 30 39 40 30 22 34 7 10 61 21 41 15 34 35 41 74 33 39 28 66 52 42 47 61 51 14 7 67 55
split_gain=181.146 21.3038 15.5252 3.73649 3.06939 3.03923 2.23753 1.69158 1.55342 1.64614 1.30632 1.29342 1.2425 1.17475 1.16829 1.20031 1.21145 1.16121 1.3582 1.75373 1.59049 1.29109 1.14749 1.23393 1.14728 1.10381 1.5107 1.2941 1.11699 1.01892
threshold=0.27872946858406072 1.7749999761581423 0.45862835645675665 0.60093805193901073 5.2678570747375497 48.500000000000007 6.773156166076661 0.31166666666666681 0.35624311132105185 0.35634920634920642 0.095000000000000015 0.58194017410278331 0.14934851690322809 0.99494948983192455 0.42678572237491613 0.50708290934562694 826.45000000000016 15.527777671813967 0.31093423068523413 13.416666507720949 61.500000000000007 0.65476191043853771 0.2895734310150147 0.77909159660339367 0.77579365079365081 0.97546473145484935 -0.019999999999999931 0.57166666666666688 4.5000000000000009 4.8333333333333348
decision_type=10 10 10 10 10 2 10 10 10 10 2 10 10 8 10 8 2 8 10 10 10 10 10 8 10 10 8 10 10 10
left_child=1 13 6 14 8 7 -2 -6 -3 -10 -11 -5 22 -1 -4 16 29 18 21 20 24 -8 23 -7 -20 26 -17 -27 -28 -16
right_child=2 4 3 11 5 12 17 -9 9 10 -12 -13 -14 -15 15 25 -18 -19 19 -21 -22 -23 -24 -25 -26 27 28 -29 -30 -31
leaf_value=-0.0019289871070191718 0.00258871149224571 -0.00041958941239670012 0.0056899499170043888 0.010476222104536225 -0.00038254075929884321 0.00073763691100545907 0.0013994780877097086 0.0030750214608108745 0.004822772575828891 0.00058272593265229998 0.0051853711978863863 0.014856646313488094 0.0096235308559103443 -0.00082395385078177976 0.0054934091177402111 0.0070159409204497928 0.012129412952504338 0.010742439467798579 0.0094918544703944657 0.0024949723477266836 0.003899815562483552 0.0075579830599909132 0.00044783694348458583 0.0063812054673741967 0.0043534693753589752 0.017457862979230972 0.010144914718111976 0.01115062145710881 0.01547627013076895 0.0099712868057848774
leaf_weight=9567 158 962 51 78 278 44 88 235 104 935 59 273 44 952 99 80 73 55 261 67 77 47 58 168 46 52 96 67 56 85
leaf_count=9567 158 962 51 78 278 44 88 235 104 935 59 273 44 952 99 80 73 55 261 67 77 47 58 168 46 52 96 67 56 85
internal_value=-1.31726e-11 -0.00120246 0.00891107 0.011383 0.00108033 0.00262417 0.00578637 0.00120133 0.000460538 0.00123165 0.000855921 0.0138832 0.00494875 -0.00182898 0.0100513 0.0104171 0.00885935 0.00657456 0.00618338 0.00697358 0.007755 0.00354355 0.00418694 0.0052099 0.00872193 0.0115577 0.0103528 0.0139067 0.0121091 0.00756199
internal_weight=15215 13406 1809 1010 2887 827 799 513 2060 1098 994 351 314 10519 659 608 257 641 586 451 384 135 270 212 307 351 232 119 152 184
internal_count=15215 13406 1809 1010 2887 827 799 513 2060 1098 994 351 314 10519 659 608 257 641 586 451 384 135 270 212 307 351 232 119 152 184
is_linear=0
shrinkage=0.03


Tree=11
num_leaves=31
num_cat=0
split_feature=36 31 39 40 30 22 34 10 15 32 35 41 74 10 61 42 47 33 39 28 66 52 61 7 73 7 17 51 14 7
split_gain=170.44 20.0571 14.6076 3.51798 2.92675 2.87267 2.10529 1.56813 1.267 1.16709 1.15069 1.3186 1.16793 1.11808 1.5329 1.0957 1.10757 1.09258 1.27793 1.65008 1.49649 1.21478 1.07948 0.989119 1.28932 1.1271 1.22863 0.968697 1.2288 1.17369
threshold=0.27872946858406072 1.6428373456001284 0.45862835645675665 0.6148575246334077 5.2678570747375497 48.500000000000007 6.773156166076661 0.13853769992383858 0.14934851690322809 0.77597734332084667 0.42678572237491613 0.50708290934562694 826.45000000000016 0.35624311132105185 0.34722222222222227 0.2895734310150147 0.77909159660339367 15.527777671813967 0.31093423068523413 13.416666507720949 61.500000000000007 0.65476191043853771 0.77579365079365081 0.41833333333333339 384.30000000000001 0.62166666666666681 18.500000000000004 0.97546473145484935 -0.019999999999999931 0.57166666666666688
decision_type=10 10 10 10 10 2 10 10 10 8 10 8 2 10 10 10 8 8 10 10 10 10 10 10 2 10 2 10 8 10
left_child=1 9 6 10 13 7 -2 -6 15 -1 -4 12 -12 -3 -15 16 -7 18 21 20 22 -8 23 24 -20 26 -25 28 -13 -29
right_child=2 4 3 -5 5 8 17 -9 -10 -11 11 27 -14 14 -16 -17 -18 -19 19 -21 -22 -23 -24 25 -26 -27 -28 29 -30 -31
leaf_value=-0.0018755020526661935 0.0025110501899749419 -0.00034349795866926963 0.0055192514443222216 0.013689733237350503 -0.0014822521191877379 0.00079393206337510151 0.0013574937760660595 0.0022304806968055117 0.0096322552461263738 -0.00084887410121128849 0.0072911425925950638 0.0074706213650010201 0.011765530525311214 0.0045344883544104443 0.00072924864904699795 0.00043440185487270355 0.0061897692822718191 0.010420166247270322 0.015111438436433672 0.0024201232050771395 0.0037828210654196801 0.0073312435552794876 0.0042228652690739733 0.0099989556939322106 0.0078186747506260867 0.011635116724406971 0.0038577668111107939 0.016754434196786447 0.011788392451865051 0.010951329705700891
leaf_weight=9457 158 880 51 312 142 43 88 367 43 1114 187 92 73 105 1029 58 168 55 48 67 77 47 46 49 40 51 73 55 167 73
leaf_count=9457 158 880 51 312 142 43 88 367 43 1114 187 92 73 105 1029 58 168 55 48 67 77 47 46 49 40 51 73 55 167 73
internal_value=-5.41368e-11 -0.00116638 0.00864374 0.0110415 0.00107434 0.00258406 0.00561278 0.00119471 0.00485065 -0.00176731 0.00985775 0.0101997 0.00854741 0.000458908 0.00108159 0.0040863 0.00509014 0.00637733 0.00599788 0.00676437 0.00752235 0.00343724 0.00846028 0.0092071 0.0117965 0.00788992 0.00632431 0.0113098 0.0102547 0.0134449
internal_weight=15215 13406 1809 1010 2835 821 799 509 312 10571 698 647 260 2014 1134 269 211 641 586 451 384 135 307 261 88 173 122 387 259 128
internal_count=15215 13406 1809 1010 2835 821 799 509 312 10571 698 647 260 2014 1134 269 211 641 586 451 384 135 307 261 88 173 122 387 259 128
is_linear=0
shrinkage=0.03


Tree=12
num_leaves=31
num_cat=0
split_feature=36 30 39 41 46 30 6 33 14 26 35 17 32 56 8 6 33 59 7 17 46 43 34 50 61 46 12 57 32 62
split_gain=160.367 18.9182 13.7443 3.34143 2.73258 2.00303 1.84769 2.08175 1.74448 1.70766 1.51298 1.46118 1.37663 1.32011 1.25759 1.24833 1.22983 1.2275 1.19607 1.11908 1.10885 2.15651 1.043 1.00543 0.980146 1.15731 1.16132 1.14277 1.41145 1.51211
threshold=0.27872946858406072 1.7749999761581423 0.45862835645675665 0.58194017410278331 1.9259926080703738 9.6458334922790545 0.29500000000000004 5.1742422580719003 -0.064999999999999988 88.500000000000014 0.26538620889186865 10.500000000000002 16.784743309021 3.4500000000000006 0.39100000000000007 0.6150000000000001 13.677083492279055 1.8333333333333337 0.2416666666666667 40.500000000000007 1.7053346037864687 2.5000000000000004 0.99494948983192455 0.25233936309814459 0.34722222222222227 1.736383378505707 0.49093760607856457 24.833333333333339 14.960904121398928 27.916666666666671
decision_type=10 10 10 10 8 10 10 10 10 2 10 2 10 10 10 10 8 10 10 2 10 10 8 10 10 10 10 2 10 2
left_child=1 22 5 24 6 8 9 18 23 -3 -6 -9 15 -13 -7 -5 20 -10 -8 -17 -16 -22 -1 -2 -4 26 -26 -27 29 -29
right_child=2 4 3 12 10 14 7 11 17 -11 -12 13 -14 -15 16 19 -18 -19 -20 -21 21 -23 -24 -25 25 27 -28 28 -30 -31
leaf_value=-0.0018160265097940703 -0.0019192430178724951 -0.00037093281016621008 0.0055894183800979094 0.0074830934189652146 0.0025803555793515063 0.011165722293349412 0.0051326965803986995 0.000695307812408397 0.0037837129137639341 0.0046658593544270845 0.0082677895201777579 0.0099427487381867005 0.014848593853291918 0.0039466559511999932 0.0032337755591354588 0.010816585887913351 0.009350496915907695 0.0084412704190860201 0.00071747815779720739 0.016899296117083327 0.010224958257428529 0.0035643321771005334 -0.00077480001602040112 0.0039717426151037218 0.0097447590517361505 0.013097668385777909 0.0044462031641160134 0.0042602286844606128 0.011161949116039304 0.011111575704143973
leaf_weight=9567 62 1134 55 57 123 52 58 95 174 64 64 42 183 155 132 81 87 72 1152 41 87 88 952 45 89 117 64 71 203 49
leaf_count=9567 62 1134 55 57 123 52 58 95 174 64 64 42 183 155 132 81 87 72 1152 41 87 88 952 45 89 117 64 71 203 49
internal_value=-3.86822e-12 -0.00113139 0.00838442 0.0107102 0.00101978 0.0054444 0.000776885 0.00147777 0.00375601 -0.000101855 0.00452686 0.00375131 0.0130189 0.00522501 0.00678072 0.0111483 0.00620199 0.0051469 0.000929117 0.0128608 0.00530974 0.00687561 -0.00172179 0.000558274 0.00942053 0.00977586 0.00752837 0.0105574 0.00963721 0.00705786
internal_weight=15215 13406 1809 1010 2887 799 2700 1502 353 1198 187 292 362 197 446 179 394 246 1210 122 307 175 10519 107 648 593 153 440 323 120
internal_count=15215 13406 1809 1010 2887 799 2700 1502 353 1198 187 292 362 197 446 179 394 246 1210 122 307 175 10519 107 648 593 153 440 323 120
is_linear=0
shrinkage=0.03


Tree=13
num_leaves=31
num_cat=0
split_feature=36 31 39 40 30 6 15 34 51 10 61 41 62 40 22 35 57 58 33 14 42 51 15 36 33 39 28 66 52 61
split_gain=150.889 17.8129 12.932 3.149 2.63564 2.72044 2.09384 1.9162 1.14225 1.3626 1.32842 1.13875 1.0918 1.03856 1.03472 1.02169 1.08026 1.80796 1.25475 1.07819 1.22614 1.21525 1.07184 1.04014 0.993819 1.16965 1.57873 1.38155 1.12222 1.0144
threshold=0.27872946858406072 1.6428373456001284 0.45862835645675665 0.60093805193901073 5.1458332538604745 0.17500000000000002 0.18534916693802242 6.773156166076661 0.058528175577521331 0.2091287747309962 0.34722222222222227 0.58194017410278331 25.250000000000004 0.031239474192261699 48.500000000000007 0.42678572237491613 21.166666666666668 0.35834546765862546 16.585714340209964 0.25500000000000012 0.36760981380939489 1.1224123835563662 0.078051539565169456 0.50629922747612011 15.527777671813967 0.31093423068523413 13.416666507720949 61.500000000000007 0.65476191043853771 0.77579365079365081
decision_type=10 10 10 10 10 10 10 10 8 10 10 10 2 8 2 10 2 2 8 10 10 10 10 10 8 10 10 10 10 10
left_child=1 13 7 15 8 -6 14 -2 -3 -10 -11 -5 -12 -1 -7 -4 -17 -18 19 20 -19 22 23 -22 25 28 27 29 -9 -27
right_child=2 4 3 11 5 6 -8 24 9 10 12 -13 -14 -15 -16 16 17 18 -20 -21 21 -23 -24 -25 -26 26 -28 -29 -30 -31
leaf_value=-0.0017635016464256808 0.0023219057778485967 -0.00032415855537105048 0.0050878719536258891 0.0094874220871581476 -0.00022833779162491661 0.0016587971380267966 0.0081194514054850394 0.0011998879604718901 -0.0010362979109798159 0.0052474453832421983 0.0031599551337686453 0.013597593259700872 0.0005456931018403598 -0.00077722335539207597 0.0043438385385333707 0.0053735819011210247 0.015460562121588734 0.0046864744115548279 0.012125621458677493 0.013230846991762519 0.0029030375042930242 0.012287405687448094 0.011745519092742431 0.0082106183496459088 0.0098662600571458991 0.0087484320041177586 0.0021325930123175705 0.0035302394802694194 0.0069415292928510517 0.003916783308529335
leaf_weight=9502 158 966 51 78 249 298 77 88 210 84 198 273 525 1069 228 52 48 77 115 40 48 73 47 108 55 261 67 77 47 46
leaf_count=9502 158 966 51 78 249 298 77 88 210 84 198 273 525 1069 228 52 48 77 115 40 48 73 47 108 55 261 67 77 47 46
internal_value=7.0438e-12 -0.00109745 0.00813289 0.0103889 0.0010142 0.00240969 0.00349903 0.00528107 0.000414617 0.00111634 0.00167651 0.0126842 0.00126163 -0.00166376 0.00282266 0.00916641 0.00950853 0.00989525 0.00936939 0.00856286 0.00803391 0.0089678 0.00777405 0.00657752 0.00601047 0.00564858 0.00638187 0.00712328 0.00319883 0.00802447
internal_weight=15215 13406 1809 1010 2835 852 603 799 1983 1017 807 351 723 10571 526 659 608 556 508 393 353 276 203 156 641 586 451 384 135 307
internal_count=15215 13406 1809 1010 2835 852 603 799 1983 1017 807 351 723 10571 526 659 608 556 508 393 353 276 203 156 641 586 451 384 135 307
is_linear=0
shrinkage=0.03


Tree=14
num_leaves=31
num_cat=0
split_feature=36 30 36 41 46 34 20 9 41 6 60 37 42 47 15 42 15 52 34 76 67 38 27 11 21 40 35 17 34 33
split_gain=141.972 16.7957 12.201 3.417 2.52005 1.92401 1.56904 1.49606 1.56906 1.44074 1.42032 1.37479 1.33559 1.32983 1.18182 1.17943 1.17866 1.57657 1.48874 1.12018 1.09565 1.59759 1.08172 1.04767 1.01126 0.993552 1.38974 0.947399 0.930541 0.882651
threshold=0.27872946858406072 1.7749999761581423 0.46129806339740759 0.58194017410278331 0.74939018487930309 6.773156166076661 1.0000000180025095e-35 0.18435950396599524 0.23020574450492862 0.91500000000000015 5.5000000000000009 0.48628744482994085 0.36760981380939489 2.0333333015441899 0.17310455349248452 0.43121056258678442 0.076307245386192754 0.24952830374240878 9.6446962356567401 1.0000000180025095e-35 3.5000000000000004 0.5433221459388734 18.500000000000004 0.50559510799460494 0.25500000000000006 0.25495575368404394 0.21132376790046695 40.500000000000007 0.99494948983192455 15.035714149475099
decision_type=10 10 10 10 8 10 2 10 10 10 10 10 10 8 8 10 10 10 10 2 10 10 10 10 2 10 10 2 8 8
left_child=1 28 5 10 14 -2 16 -6 24 25 11 19 -13 15 -3 -12 29 -18 -19 -4 21 -14 27 -22 -9 26 -10 -5 -1 -7
right_child=2 4 3 22 7 6 -8 8 9 -11 13 12 20 -15 -16 -17 17 18 -20 -21 23 -23 -24 -25 -26 -27 -28 -29 -30 -31
leaf_value=-0.0017098306882256211 0.0021734950359270071 -9.081106205455592e-05 0.0025863946715126867 0.0095097328216697165 -0.00081451700420569109 0.0041598381520589331 0.010453289693496265 0.001413763263556581 0.0020673447847366334 0.0077172736873706944 0.011788295079455818 0.0039433955621842121 0.010929448972701242 0.012951362509883416 0.0024662848055118421 0.0050122028231620788 0.0032630086690187453 0.0052476414665579797 0.01247276477346366 0.0088963099230313682 0.014745265381072055 0.0047782121473114543 0.014494059127493119 0.00922946071690014 0.0063101914208382364 0.0013099189037033779 0.0094044566846319608 0.013582839926732157 -0.00072634065163736583 0.0088370011076331148
leaf_weight=9567 157 1464 69 130 151 394 61 745 52 78 43 44 76 117 183 50 51 42 66 40 55 76 142 71 40 132 42 85 952 40
leaf_count=9567 157 1464 69 130 151 394 61 745 52 78 43 44 76 117 183 50 51 42 66 40 55 76 142 71 40 132 42 85 952 40
internal_value=-2.52527e-11 -0.00106453 0.0078889 0.0101099 0.000962382 0.00515581 0.00587175 0.00198388 0.00237191 0.0042018 0.00879985 0.00781412 0.00879992 0.0108229 0.000193311 0.00814523 0.00540046 0.00761017 0.00966299 0.00490196 0.00956857 0.00785383 0.0124621 0.0116372 0.00166326 0.00298849 0.00534563 0.01112 -0.00162082 0.00459091
internal_weight=15215 13406 1809 998 2887 811 654 1240 1089 304 641 431 322 210 1647 93 593 159 108 109 278 152 357 126 785 226 94 215 10519 434
internal_count=15215 13406 1809 998 2887 811 654 1240 1089 304 641 431 322 210 1647 93 593 159 108 109 278 152 357 126 785 226 94 215 10519 434
is_linear=0
shrinkage=0.03


Tree=15
num_leaves=31
num_cat=0
split_feature=36 31 36 41 30 6 15 34 21 60 37 42 47 33 15 22 42 29 76 67 30 60 57 22 14 73 11 15 50 61
split_gain=133.581 15.814 11.4799 3.21506 2.28735 2.45707 1.94253 1.8103 1.48729 1.33638 1.29354 1.25665 1.25124 1.21163 1.41199 1.11176 1.10972 1.07514 1.05398 1.0309 1.51536 1.15479 1.03048 1.1844 1.30916 1.0566 0.985755 0.985753 0.986747 1.31906
threshold=0.27872946858406072 1.7513331174850466 0.46129806339740759 0.58194017410278331 5.1458332538604745 0.17500000000000002 0.18534916693802242 6.773156166076661 0.075000000000000025 5.5000000000000009 0.48628744482994085 0.36760981380939489 2.0333333015441899 15.527777671813967 0.063996483790727185 54.500000000000007 0.43121056258678442 0.90000000596046459 1.0000000180025095e-35 3.5000000000000004 15.187500000000002 3.8333333333333335 26.833333333333339 40.500000000000007 -0.024999999999999963 197.65000000000001 0.50559510799460494 -0.14166205955524708 0.18333333730697635 0.34722222222222227
decision_type=10 10 10 10 10 10 10 10 2 10 10 10 8 8 10 2 10 8 2 10 10 8 2 2 10 2 10 8 8 10
left_child=1 17 7 9 27 -6 -7 -2 13 10 18 -12 16 14 -9 -16 -11 -1 -4 20 21 -13 23 24 -5 -25 -21 -3 -29 -30
right_child=2 4 3 22 5 6 -8 8 -10 12 11 19 -14 -15 15 -17 -18 -19 -20 26 -22 -23 -24 25 -26 -27 -28 28 29 -31
leaf_value=-0.0016542536608991612 0.0021082902119560227 -0.0016637338907332033 0.0025088028431586597 0.0040990753620635811 -0.00022511919081631687 0.0026708047860302029 0.0077726281272223231 0.0038858800523550751 0.010836928502676334 0.011434646163915478 0.0038250937613404606 0.013340534826225423 0.012562821697300443 0.0095018107191260359 0.0053718425184488298 0.010546864170966477 0.0048618366971611973 -0.0006326976710418512 0.0086294205368030816 0.014302907220257276 0.0039596341116750824 0.0065778630437985566 0.013866590125766807 0.014904118766609046 0.011591652596510167 0.0088852789509941688 0.0089525768807498917 -4.9410258490809408e-05 0.0050771491380431988 0.00099950353125476772
leaf_weight=9631 157 185 69 41 248 526 77 388 47 43 44 47 117 56 105 58 50 1026 40 55 61 44 161 70 43 42 71 892 79 742
leaf_count=9631 157 185 69 41 248 526 77 388 47 43 44 47 117 56 105 58 50 1026 40 55 61 44 161 70 43 42 71 892 79 742
internal_value=3.79297e-11 -0.00103259 0.00765224 0.00980659 0.000996132 0.00228849 0.00332228 0.00500114 0.0056956 0.00853585 0.0075797 0.00853592 0.0104982 0.0052975 0.00487021 0.00721326 0.00790088 -0.0015559 0.0047549 0.00928152 0.00761822 0.0100707 0.0120882 0.0106274 0.00793456 0.0126471 0.011288 0.000416682 0.000641362 0.00139187
internal_weight=15215 13406 1809 998 2749 851 603 811 654 641 431 322 210 607 551 163 93 10657 109 278 152 91 357 196 84 112 126 1898 1713 821
internal_count=15215 13406 1809 998 2749 851 603 811 654 641 431 322 210 607 551 163 93 10657 109 278 152 91 357 196 84 112 126 1898 1713 821
is_linear=0
shrinkage=0.03


Tree=16
num_leaves=31
num_cat=0
split_feature=36 30 39 37 46 38 14 6 43 61 41 17 41 30 60 21 50 22 60 73 37 14 47 6 59 15 15 30 43 1
split_gain=125.687 14.9041 10.811 2.72302 2.29868 1.71155 1.79041 1.55041 1.54322 1.76558 1.53844 2.09156 1.50753 1.40862 1.29051 1.25424 1.11556 1.07144 1.0604 1.04093 1.03024 0.952279 0.927873 1.07075 0.923877 1.53173 1.09804 0.921034 0.916972 0.906431
threshold=0.27872946858406072 1.7749999761581423 0.45862835645675665 0.56954333186149608 1.9259926080703738 0.36642375588417059 -0.064999999999999988 0.03500000000000001 2.5000000000000004 0.69246031746031744 0.21855383366346362 51.500000000000007 0.60591968894004833 9.1875000000000018 5.8333333333333348 0.115 0.25233936309814459 50.500000000000007 4.166666666666667 938.25000000000011 0.4026529341936112 0.14500000000000002 4.4476189613342294 0.72500000000000009 1.8333333333333337 0.021783668622651787 0.054787651373017242 16.535714149475101 1.0091742873191836 1.5000000000000002
decision_type=10 10 10 10 8 10 10 10 10 10 10 2 10 10 8 2 10 2 8 2 10 10 8 10 10 10 10 10 8 8
left_child=1 -1 5 22 7 6 16 -3 9 12 15 -12 14 18 -5 -9 -2 20 -6 -10 -7 -17 23 29 25 -8 -26 -14 -27 -4
right_child=2 4 3 8 13 17 24 10 19 -11 11 -13 27 -15 -16 21 -18 -19 -20 -21 -22 -23 -24 -25 26 28 -28 -29 -30 -31
leaf_value=-0.0015256468154725856 -0.0022580721729900687 -0.0013676553933044612 0.0075658874318266494 0.0023010817048796321 -0.000245315465595453 0.0078777444068538517 0.0068136369565437579 0.00041309038245937441 0.011914615277742064 0.01386882719889161 0.0018509802393548722 0.0086077234262422198 0.013946555979376616 0.0089622597316546086 0.0093126627573344306 0.0016666332421933904 0.0033882667580919881 0.0083442760524633057 0.0049403594541980551 0.017164129211408332 0.0035951347676235318 0.0071883121877908702 0.01231152521060189 0.010078756474271542 0.0040170279146323718 0.0046129353351213711 0.010796737311364605 0.0079011585860280318 -0.00048693235963582988 0.0038618835240602492
leaf_weight=10519 64 295 287 54 62 76 87 1895 199 61 336 47 43 42 42 85 62 143 83 41 151 42 41 119 43 55 43 48 75 75
leaf_count=10519 64 295 287 54 62 76 87 1895 199 61 336 47 43 42 42 85 62 143 83 41 151 42 41 119 43 55 43 48 75 75
internal_value=1.29759e-11 -0.00100161 0.00742267 0.00948543 0.000907748 0.00481518 0.0035257 0.000684968 0.0110965 0.00943688 0.000936745 0.00268014 0.00799116 0.00412436 0.00536865 0.000606518 0.000520285 0.00631028 0.00272304 0.0128114 0.00502896 0.0034927 0.0079793 0.00761003 0.00477548 0.00373262 0.00740688 0.0107578 0.0016707 0.00679848
internal_weight=15215 13406 1809 1010 2887 799 429 2700 488 248 2405 383 187 187 96 2022 126 370 145 240 227 127 522 481 303 217 86 91 130 362
internal_count=15215 13406 1809 1010 2887 799 429 2700 488 248 2405 383 187 187 96 2022 126 370 145 240 227 127 522 481 303 217 86 91 130 362
is_linear=0
shrinkage=0.03


Tree=17
num_leaves=31
num_cat=0
split_feature=36 31 36 41 30 22 33 15 34 60 10 37 47 42 42 15 56 67 30 11 42 47 31 76 51 10 61 62 27 41
split_gain=118.259 14.0613 10.2259 2.8498 2.14051 2.31078 1.70533 1.35031 1.49435 1.24647 1.21388 1.19351 1.15289 1.15088 1.04863 1.04186 1.01823 1.0473 1.67533 0.996702 0.989002 1.06135 0.985296 0.981092 0.980432 1.22936 1.18121 1.0314 0.969931 0.953967
threshold=0.27872946858406072 1.6428373456001284 0.46129806339740759 0.58194017410278331 5.1458332538604745 48.500000000000007 12.964285850524904 0.20097001763668434 6.773156166076661 5.5000000000000009 0.13853769992383858 0.48628744482994085 2.0333333015441899 0.36760981380939489 0.43121056258678442 0.14934851690322809 7.3000000000000016 3.5000000000000004 14.687500000000002 0.50559510799460494 0.2895734310150147 0.77909159660339367 12.100129127502443 1.0000000180025095e-35 0.058528175577521331 0.2091287747309962 0.34722222222222227 25.250000000000004 18.500000000000004 0.44433523714542394
decision_type=10 10 10 10 10 2 10 10 10 10 10 10 8 10 10 10 8 10 10 10 10 8 10 2 8 10 10 2 10 10
left_child=1 -1 6 9 24 10 7 8 -2 11 -6 23 14 -13 -11 20 17 18 -15 -19 21 -7 -8 -4 -3 -26 -27 -28 -5 -10
right_child=2 4 3 28 5 15 22 -9 29 12 -12 13 -14 16 -16 -17 -18 19 -20 -21 -22 -23 -24 -25 25 26 27 -29 -30 -31
leaf_value=-0.0014747205114645984 0.00079199001719137182 -0.00032019970140286853 0.0022330415475627649 0.010110571364842376 -0.0013665864672008398 0.0003334228631675891 0.011553983049733298 0.0081786898798667466 0.0048406652276773701 0.010874039856500402 0.0018360133761245953 0.0035237480128522624 0.011913894934173769 0.010938152734838101 0.004484733476489782 0.0083925910045703246 0.0044416860880197159 0.014990613170840005 0.0041431985569426854 0.0091125307489058061 -1.3150296591479203e-05 0.0054543578008455886 0.0060619776835665103 0.0081382431458914654 -0.0010303176843694279 0.0049137123248406819 0.0030003036022412054 0.00045937546076519145 0.013305509284820775 0.00020331737289035862
leaf_weight=10571 131 966 69 215 148 46 42 65 431 43 380 44 117 69 50 45 42 47 62 58 58 175 98 40 210 84 198 525 142 44
leaf_count=10571 131 966 69 215 148 46 42 65 431 43 380 44 117 69 50 45 42 47 62 58 58 175 98 40 210 84 198 525 142 44
internal_value=3.19804e-11 -0.000971564 0.00719999 0.00923327 0.000904582 0.00216219 0.00469788 0.00406951 0.00362875 0.00803689 0.000938315 0.00711346 0.00993212 0.00803196 0.00743893 0.00415665 0.00874549 0.00951143 0.00772222 0.0117437 0.00347343 0.00438846 0.00770958 0.00440009 0.000364248 0.00101437 0.00154645 0.00115523 0.0113814 0.0044111
internal_weight=15215 13406 1809 998 2835 852 811 671 606 641 528 431 210 322 93 324 278 236 131 105 279 221 140 109 1983 1017 807 723 357 475
internal_count=15215 13406 1809 998 2835 852 811 671 606 641 528 431 210 322 93 324 278 236 131 105 279 221 140 109 1983 1017 807 723 357 475
is_linear=0
shrinkage=0.03


Tree=18
num_leaves=31
num_cat=0
split_feature=39 34 37 46 39 7 15 43 61 37 43 32 33 42 10 60 48 61 34 38 15 51 57 58 60 47 58 9 12 56
split_gain=111.324 15.0671 7.73739 2.78491 2.41862 2.03109 1.52093 1.38239 1.61405 1.31654 1.58129 1.29324 1.2863 1.10107 1.23963 1.55137 1.13631 1.41318 1.09351 1.08429 1.06729 1.0521 0.997931 1.95997 1.05845 1.13982 1.11433 1.07252 1.65847 1.11166
threshold=0.30364717543125158 2.4869931936264043 0.56954333186149608 0.53482487797737133 0.44973623752594 0.20416666666666672 0.18534916693802242 2.5000000000000004 0.69246031746031744 0.68853041529655468 1.0091742873191836 7.0003247261047372 13.809091091156008 0.14629815518856051 0.47512376237623766 4.8333333333333348 0.24563692510128024 0.56984126984126993 0.91704893112182628 0.22568487375974658 0.16952261337958016 0.065843626856803908 21.166666666666668 0.35834546765862546 5.5000000000000009 3.1909091472625737 0.40518504484021733 0.48747515869438246 0.48779864250863875 4.5500000000000007
decision_type=10 10 10 8 10 10 10 10 10 10 8 10 10 10 10 8 10 10 8 8 10 10 2 2 8 8 2 10 10 10
left_child=1 18 4 20 11 -5 13 8 9 10 12 -2 -4 -7 -15 -16 17 -17 -1 -8 -3 -22 -6 -24 25 27 -26 -25 29 -29
right_child=2 3 7 5 22 6 19 -9 -10 -11 -12 -13 -14 14 15 16 -18 -19 -20 -21 21 -23 23 24 26 -27 -28 28 -30 -31
leaf_value=-0.001520893000843895 -0.00026792110875248907 -0.00037056622147787403 0.0051302290521562099 -0.00039735099771107081 0.0028423597966320811 0.00087702556599744198 0.0034906604160603724 0.01208827242499683 0.01316110918206758 0.011862120919395237 0.0024580242855046859 0.0050684430277541928 0.012600129659673788 0.0017160280001660188 0.0023399907643572317 0.012200452192969943 0.0026648987388859192 0.0047641725342153851 -0.0005560875042671411 0.0095439008646076781 0.00050955613118571202 0.0064543671214154783 0.013894290568870166 0.00098872527107596395 0.0048643564014900012 0.0093794888936865484 0.010569508605816912 0.012665876983556637 0.0036754342814027847 0.0057615660349043399
leaf_weight=9543 44 1049 42 297 40 463 76 240 61 48 61 575 41 450 181 46 45 46 1189 41 74 42 43 45 41 76 124 43 108 41
leaf_count=9543 44 1049 42 297 40 463 76 240 61 48 61 575 41 450 181 46 45 46 1189 41 74 42 43 45 41 76 124 43 108 41
internal_value=9.1348e-12 -0.000901958 0.00730085 0.00105365 0.00598213 0.00184844 0.00234325 0.0104572 0.00890998 0.00755936 0.0061251 0.00468912 0.00882018 0.00203258 0.00272922 0.00416299 0.00657148 0.00848231 -0.001414 0.00561188 -6.86124e-05 0.00266199 0.00740881 0.0077594 0.00720752 0.00618255 0.00915186 0.00515737 0.00613439 0.00929592
internal_weight=15215 13542 1673 2810 1180 1645 1348 493 253 192 144 619 83 1231 768 318 137 92 10732 117 1165 116 561 521 478 313 165 237 192 84
internal_count=15215 13542 1673 2810 1180 1645 1348 493 253 192 144 619 83 1231 768 318 137 92 10732 117 1165 116 561 521 478 313 165 237 192 84
is_linear=0
shrinkage=0.03


Tree=19
num_leaves=31
num_cat=0
split_feature=36 30 41 36 46 43 71 30 6 41 17 35 34 21 20 17 63 9 11 49 8 33 54 51 58 10 14 61 14 32
split_gain=104.754 12.4808 9.09936 2.13438 2.00417 1.42996 1.50816 1.51012 1.359 1.32901 1.90148 1.29548 1.25929 1.1822 1.13814 1.1376 1.12849 0.978635 1.6367 1.14697 0.953423 1.22997 0.94865 0.941496 0.921159 1.18734 1.01509 0.895468 0.883997 0.837218
threshold=0.27872946858406072 1.7749999761581423 0.50708290934562694 0.46129806339740759 1.9259926080703738 4.5000000000000009 9.5000000000000018 12.437500000000002 0.03500000000000001 0.21855383366346362 51.500000000000007 0.26538620889186865 6.773156166076661 0.115 1.0000000180025095e-35 38.500000000000007 -0.031872263238409547 0.33331351928059755 0.34040123519086707 0.58333334326744091 0.47100000000000009 13.160256385803224 1.1000000000000003 0.6083335578441621 0.36165524348526479 0.61185250219490794 -0.019999999999999973 0.61031746031746048 0.14500000000000002 7.0003247261047372
decision_type=10 10 10 10 8 10 2 10 10 10 2 10 10 2 2 2 2 10 10 10 10 10 8 10 2 10 10 10 10 10
left_child=1 -1 3 12 8 6 7 -4 -3 13 29 -6 -2 -10 17 24 -17 -14 19 -19 -5 22 -22 -24 -9 26 27 -26 -15 -11
right_child=2 4 5 20 11 -7 -8 15 9 10 -12 -13 14 28 -16 16 -18 18 -20 -21 21 -23 23 -25 25 -27 -28 -29 -30 -31
leaf_value=-0.0013939526646922769 0.0017555643381971504 -0.0012969146100646359 0.0041641969461547763 0.0040266208827495573 0.002035175169386515 0.011963505897670984 0.012791022170518695 0.011702958205947652 0.0003658325046123961 0.0027351111012914801 0.0081327718659304077 0.0072979435554589144 0.00069447487978072 0.0015963151489987093 0.0089441370591521272 0.013905100562343639 0.0087983756936977024 0.0054396440573036674 0.0039859163679088214 0.012255237069446593 0.01159276801479768 0.0043639981652856524 0.0042105860866606237 0.0095692818344105032 0.0029663433615919636 0.0031298549191521134 0.01101180138924974 0.0091251550827707566 0.0069163488756333073 -0.00045613028176806191
leaf_weight=10519 155 295 74 75 123 155 71 40 1895 226 47 64 58 85 54 63 102 50 395 40 79 68 50 72 43 59 64 42 42 110
leaf_count=10519 155 295 74 75 123 155 71 40 1895 226 47 64 58 85 54 63 102 50 395 40 79 68 50 72 43 59 64 42 42 110
internal_value=-3.49471e-11 -0.000914408 0.00677643 0.00506031 0.000832848 0.00941439 0.0087063 0.00811078 0.000624829 0.000860552 0.00248094 0.00383634 0.0041649 0.000553623 0.00479044 0.00881792 0.0107482 0.00437736 0.00481779 0.0084688 0.00701772 0.00785167 0.00903157 0.0073731 0.00753365 0.00673186 0.00815815 0.00600952 0.0033557 0.00169036
internal_weight=15215 13406 1809 1096 2887 713 558 487 2700 2405 383 187 752 2022 597 413 165 543 485 90 344 269 201 122 248 208 149 85 127 336
internal_count=15215 13406 1809 1096 2887 713 558 487 2700 2405 383 187 752 2022 597 413 165 543 485 90 344 269 201 122 248 208 149 85 127 336
is_linear=0
shrinkage=0.03


Tree=20
num_leaves=31
num_cat=0
split_feature=39 34 37 46 39 7 47 43 61 47 37 43 32 63 33 21 42 34 15 62 26 73 10 43 61 60 33 46 6 17
split_gain=98.6072 13.4014 6.93678 2.52651 2.12955 1.85706 1.43057 1.26859 1.50222 1.23314 1.21894 1.4647 1.21726 1.21438 1.20944 1.06898 1.08524 0.989018 0.988931 1.0172 0.980383 0.966289 0.948776 1.56189 1.17724 1.72634 1.39782 1.1713 0.880287 0.864261
threshold=0.30364717543125158 2.4869931936264043 0.56954333186149608 0.53482487797737133 0.45862835645675665 0.20416666666666672 2.5916665792465214 2.5000000000000004 0.69246031746031744 2.2928571701049809 0.68853041529655468 1.0091742873191836 7.0003247261047372 -0.12309166526878564 13.809091091156008 0.25500000000000006 0.12924330681562426 0.91704893112182628 0.16952261337958016 27.250000000000004 114.50000000000001 938.25000000000011 0.47512376237623766 1.0091742873191836 0.53253968253968265 5.166666666666667 6.5166666507720956 1.2334799170494082 0.79500000000000015 33.500000000000007
decision_type=10 10 10 8 10 10 10 10 10 10 10 8 10 2 10 2 8 8 10 2 2 2 10 8 10 10 10 8 10 2
left_child=1 17 4 18 12 -5 9 8 10 13 11 14 -2 -7 -4 16 -15 -1 -3 -20 22 28 23 -18 25 -24 -26 -25 29 -9
right_child=2 3 7 5 -6 6 -8 21 -10 -11 -12 -13 -14 15 -16 -17 20 -19 19 -21 -22 -23 24 27 26 -27 -28 -29 -30 -31
leaf_value=-0.0014334476224935231 -0.00033267646689306605 -0.00036412032049422724 0.0047103796657341135 -0.00039493604685471518 0.0070534507710427775 0.0049529047147370874 0.0067936797242145984 0.0097023788560069921 0.012478856216566485 -0.0031028338939678378 0.011214850619435311 0.0021652765023964836 0.004832858290198693 3.7398715349999102e-05 0.011953674722008588 0.0062013963214596927 -0.00032556722602910469 -0.00051589660904204982 0.0047511075374980765 -0.0010386593453586101 0.0062529935775434264 0.015616057619634199 0.0030380084417760368 0.00016960692405700682 0.00043608645671712503 0.010285763059343611 0.0061687109953894904 0.0064464029940691859 0.0074089581063507418 0.014406196815980364
leaf_weight=9543 44 1049 42 297 522 128 59 78 61 41 48 61 614 273 41 49 270 1189 72 44 51 41 100 45 175 42 49 66 57 64
leaf_count=9543 44 1049 42 297 522 128 59 78 61 41 48 61 614 273 41 49 270 1189 72 44 51 41 100 45 175 42 49 66 57 64
internal_value=1.59783e-11 -0.00084888 0.00687121 0.000995466 0.00562258 0.00175249 0.00222562 0.00985982 0.00837763 0.00201653 0.00707464 0.00569457 0.00448744 0.00218472 0.00828839 0.00186835 0.00167011 -0.00133179 -7.34622e-05 0.00255499 0.00222867 0.0114223 0.00195392 0.000906015 0.00304477 0.00518171 0.0016901 0.00390176 0.0105583 0.0118224
internal_weight=15215 13542 1673 2810 1180 1645 1348 493 253 1289 192 144 658 1248 83 1120 1071 10732 1165 116 798 240 747 381 366 142 224 111 199 142
internal_count=15215 13542 1673 2810 1180 1645 1348 493 253 1289 192 144 658 1248 83 1120 1071 10732 1165 116 798 240 747 381 366 142 224 111 199 142
is_linear=0
shrinkage=0.03


Tree=21
num_leaves=31
num_cat=0
split_feature=39 34 37 6 47 39 7 38 43 61 41 60 33 37 43 55 30 46 61 63 30 57 58 55 74 35 73 34 73 6
split_gain=92.7795 12.6094 6.52682 2.40148 2.02679 2.00782 1.34661 1.19421 1.19361 1.41344 1.16339 1.2699 1.05746 1.05604 1.02452 1.27803 0.997592 0.970629 1.18623 1.10809 1.06059 0.933969 1.82954 0.996581 1.49177 1.02919 0.950352 0.930567 0.909181 0.828262
threshold=0.30364717543125158 2.4869931936264043 0.56954333186149608 0.29500000000000004 2.5916665792465214 0.44973623752594 0.2416666666666667 0.38481689989566809 2.5000000000000004 0.69246031746031744 0.60591968894004833 5.8333333333333348 5.2613637447357187 0.28645950555801397 1.2292855381965639 4.8333333333333348 16.312500000000004 0.34584817290306097 0.34722222222222227 -0.12690735507082979 9.9375000000000018 21.166666666666668 0.35834546765862546 7.166666666666667 398.10000000000008 0.49444444477558142 1380.0500000000002 0.91704893112182628 938.25000000000011 0.79500000000000015
decision_type=10 10 10 10 10 10 10 10 10 10 10 8 10 10 10 10 10 8 8 2 10 2 2 8 2 10 2 8 2 10
left_child=1 27 5 14 6 7 -5 12 9 10 11 -4 -2 -14 -3 -16 -12 -8 -19 -20 -21 -7 -23 24 26 -26 -24 -1 29 -10
right_child=2 3 8 4 -6 21 17 -9 28 -11 16 -13 13 -15 15 -17 -18 18 19 20 -22 22 23 -25 25 -27 -28 -29 -30 -31
leaf_value=-0.0013904442134934265 -0.0011387955294112147 -0.00028389816457420299 0.0016861964517125958 0.0055667729807707166 0.0075920727729009317 0.0023361004181206226 -0.00014636571389555142 0.0057447605583128402 0.011467737202191542 0.012104490480584198 0.012858917539939283 0.0085148337336127151 0.0070321634170763632 0.0027745311308395946 0.0068906718383475053 0.00058263678635869711 0.0065571849615886227 0.0050942353360103757 0.0044458566332126366 0.00090269288976214349 0.0054406201444110094 0.013020199854143483 0.0033861336609554765 0.0094434843430380253 0.0040848102437895401 0.0094823552413125997 0.0083899864195180786 -0.00050041967885423042 0.015147575863705175 0.0071866892643370909
leaf_weight=9543 46 1147 57 72 52 40 302 276 142 61 40 43 68 229 41 98 52 89 102 858 49 43 183 88 43 122 42 1189 41 57
leaf_count=9543 46 1147 57 72 52 40 302 276 142 61 40 43 68 229 41 98 52 89 102 858 49 43 183 88 43 122 42 1189 41 57
internal_value=4.00525e-12 -0.000823413 0.00666507 0.000965602 0.00177123 0.0054539 0.0015656 0.00427581 0.00956403 0.00812631 0.0068624 0.00462251 0.00309379 0.00374934 1.08746e-05 0.00244328 0.00929707 0.00135983 0.0017741 0.00148125 0.00114785 0.00675379 0.00709296 0.00655975 0.00590907 0.00807572 0.00432019 -0.00129184 0.0110796 0.0102415
internal_weight=15215 13542 1673 2810 1524 1180 1472 619 493 253 192 100 343 297 1286 139 92 1400 1098 1009 907 561 521 478 390 165 225 10732 240 199
internal_count=15215 13542 1673 2810 1524 1180 1472 619 493 253 192 100 343 297 1286 139 92 1400 1098 1009 907 561 521 478 390 165 225 10732 240 199
is_linear=0
shrinkage=0.03


Tree=22
num_leaves=31
num_cat=0
split_feature=36 31 41 30 22 15 47 22 36 61 45 71 43 22 51 12 67 7 47 47 63 63 59 31 17 53 51 63 74 58
split_gain=87.3728 10.7284 7.44654 1.7855 2.13304 1.72968 1.49163 1.46467 1.4474 1.32921 1.28398 1.55939 1.22696 1.58407 1.35208 1.22588 1.1956 1.16926 1.16394 1.42301 1.27091 1.22283 0.97724 1.44112 1.86224 1.25726 0.976205 0.927531 0.907467 1.06021
threshold=0.28266076743602758 1.7513331174850466 0.50708290934562694 5.1458332538604745 48.500000000000007 0.062575798703546473 0.77909159660339367 10.500000000000002 0.46129806339740759 0.5547619047619049 1.7083333134651186 8.5000000000000018 4.5000000000000009 57.500000000000007 0.65552279353141796 0.44468638199488825 3.5000000000000004 0.36416666666666669 1.1252376437187197 1.0091742873191836 -0.097533359615230283 0.053466066346436976 1.8333333333333337 9.9183478355407733 37.500000000000007 1.1666666666666667 0.86969935894012462 0.021637212027662948 307.30000000000007 0.38871535469896129
decision_type=10 10 10 10 2 10 8 2 10 10 10 2 10 2 10 10 10 10 10 8 2 2 10 10 2 10 10 2 2 2
left_child=1 -1 5 -3 17 6 -2 -7 18 -10 16 12 13 14 -12 -11 -4 -5 19 -8 -20 -22 23 -9 25 -25 -16 -15 29 -6
right_child=2 3 10 4 28 7 8 22 9 15 11 -13 -14 27 26 -17 -18 -19 20 -21 21 -23 -24 24 -26 -27 -28 -29 -30 -31
leaf_value=-0.0012607281046659187 0.00027870067354777582 0.00031652257958132967 0.0035324064099725772 -0.00024552400424626876 0.001157734102981035 0.0010873826290480793 0.0031367194684127626 0.0014536695508286356 0.0031497889717754263 0.0038151798735965377 0.0024412336179853548 0.012977563027949893 0.011123102496150792 0.011391819776413408 0.011372013946196862 0.0098061349359340969 0.0093236943224275642 0.0026468376175212073 0.0074567341140937054 0.010361685545981995 -2.2794683908770798e-05 0.0039451242111889374 0.0096107417395804064 0.013871120698750019 0.0023529093289769002 0.0069328438342352834 0.00558669623759176 0.0070901397994633667 0.0021171465609222651 0.0065480188865938201
leaf_weight=10657 92 1900 77 348 43 40 59 48 78 44 70 85 127 111 42 102 55 197 40 42 157 126 100 40 44 57 70 76 149 139
leaf_count=10657 92 1900 77 348 43 40 59 48 78 44 70 85 127 111 42 102 55 197 40 42 157 126 100 40 44 57 70 76 149 139
internal_value=-2.93771e-11 -0.00082802 0.00624174 0.000833137 0.00195365 0.00465794 0.00385331 0.00646775 0.00436082 0.00631151 0.00861634 0.00922315 0.00857975 0.0077044 0.00571198 0.00800064 0.00594544 0.000799972 0.00333027 0.00614116 0.00245132 0.00174384 0.00721244 0.0059435 0.00747195 0.00979399 0.00775619 0.00964354 0.00385321 0.00527449
internal_weight=15215 13433 1782 2776 876 1069 740 329 648 224 713 581 496 369 182 146 132 545 424 101 323 283 289 189 141 97 112 187 331 182
internal_count=15215 13433 1782 2776 876 1069 740 329 648 224 713 581 496 369 182 146 132 545 424 101 323 283 289 189 141 97 112 187 331 182
is_linear=0
shrinkage=0.03


Tree=23
num_leaves=31
num_cat=0
split_feature=36 31 41 30 22 15 47 22 36 61 11 27 30 63 30 30 12 47 47 63 63 66 46 14 15 34 36 50 42 42
split_gain=82.209 10.0999 7.00645 1.73604 2.10207 1.62745 1.40347 1.37811 1.36186 1.25065 1.21633 1.21136 1.17449 1.22742 1.6321 1.20806 1.15343 1.09515 1.33891 1.1958 1.15056 1.07986 1.00476 0.928558 1.06406 1.34122 0.928506 0.924698 0.907773 1.15216
threshold=0.28266076743602758 1.6428373456001284 0.50708290934562694 5.2678570747375497 48.500000000000007 0.062575798703546473 0.77909159660339367 10.500000000000002 0.46129806339740759 0.5547619047619049 0.34040123519086707 18.500000000000004 12.437500000000002 0.022447955217338198 15.687500000000002 11.312500000000002 0.44468638199488825 1.1252376437187197 1.0091742873191836 -0.097533359615230283 0.053466066346436976 65.500000000000014 0.78818327188491832 0.2950000000000001 0.17671900415841449 11.327429294586183 0.42341271042823797 0.63333335518836986 0.2895734310150147 0.26536835730075842
decision_type=10 10 10 10 2 10 8 2 10 10 10 10 10 2 10 10 10 10 8 2 2 10 10 10 10 10 10 10 10 8
left_child=1 -1 5 -3 10 6 -2 -7 17 -10 -5 12 15 21 -15 -4 -11 18 -8 -19 -21 -14 -12 24 25 26 -9 -24 29 -6
right_child=2 3 11 4 28 7 8 23 9 16 22 -13 13 14 -16 -17 -18 19 -20 20 -22 -23 27 -25 -26 -27 -28 -29 -30 -31
leaf_value=-0.0012312055265465923 0.00027033959636869637 0.00029912981664806246 0.007817424698067562 -0.00027103902964985797 0.0037371734818812496 0.0010547611517831683 0.0030426178304320674 0.0030618011266092902 0.0030552952879896529 0.0037007244676351544 0.0068994579645918633 0.010239795176702184 0.010172876306018664 0.0019313904719560271 0.0085754500010914014 0.00053262898139655587 0.0095119508358595117 0.0072330320659093556 0.010050834904125491 -2.2110841622587984e-05 0.0038267704381030939 0.0051412868123177601 -0.00030705138334426386 0.010626424281642987 0.0021578865795534976 0.010575445283971288 0.0083540828682173284 0.0048798494692891834 0.00089644039534542651 0.00904533356676499
leaf_weight=10571 92 2016 42 350 202 40 59 70 78 44 41 215 232 56 82 40 102 40 42 157 126 46 87 52 47 68 52 48 73 45
leaf_count=10571 92 2016 42 350 202 40 59 70 78 44 41 215 232 56 82 40 102 40 42 157 126 46 87 52 47 68 52 48 73 45
internal_value=2.56882e-11 -0.000803179 0.00605449 0.000777767 0.00191835 0.00451821 0.00373771 0.00627372 0.00422999 0.00612216 0.000751965 0.00835785 0.00754536 0.00819219 0.00587931 0.00426387 0.00776062 0.00323036 0.00595693 0.00237778 0.00169153 0.00934031 0.00278635 0.00699607 0.00619953 0.00719931 0.00531753 0.00153718 0.00383559 0.00470425
internal_weight=15215 13433 1782 2862 846 1069 740 329 648 224 526 713 498 416 138 82 146 424 101 323 283 278 176 289 237 190 122 135 320 247
internal_count=15215 13433 1782 2862 846 1069 740 329 648 224 526 713 498 416 138 82 146 424 101 323 283 278 176 289 237 190 122 135 320 247
is_linear=0
shrinkage=0.03


Tree=24
num_leaves=31
num_cat=0
split_feature=39 34 37 10 41 32 46 46 36 1 48 66 34 21 34 6 7 46 62 47 26 47 17 37 33 42 74 32 29 41
split_gain=77.3872 10.6587 5.5388 2.49731 2.06788 1.80023 1.45517 1.33929 1.32047 1.70612 1.27211 1.39026 1.09654 1.06799 0.990577 0.960816 1.08758 0.836871 1.11988 0.827996 0.816355 1.29755 0.812434 0.797052 0.729748 0.89893 0.724978 1.39693 1.67541 1.37798
threshold=0.30364717543125158 2.7549999952316289 0.56954333186149608 0.47512376237623766 0.20991626381874087 7.0003247261047372 1.2999671697616579 1.4408228993415835 0.46129806339740759 1.5000000000000002 0.24563692510128024 85.500000000000014 10.784921646118166 0.075000000000000025 0.99494948983192455 0.49500000000000005 0.61833333333333351 1.8231105804443362 27.250000000000004 2.2583333253860478 91.500000000000014 0.34523810446262365 13.500000000000002 0.55682554841041576 13.677083492279055 0.24131906777620318 232.75000000000003 14.960904121398928 13.09999990463257 0.50009870529174816
decision_type=10 10 10 10 10 10 10 10 10 8 10 8 10 2 8 10 10 10 2 10 2 10 2 10 10 10 2 10 10 8
left_child=1 14 5 6 -5 -2 20 -8 13 23 11 -6 19 24 -1 -14 -17 -9 -19 -4 -3 -22 -18 26 25 -7 29 28 -28 -10
right_child=2 3 12 4 10 8 7 17 9 -11 -12 -13 15 -15 -16 16 22 18 -20 -21 21 -23 -24 -25 -26 -27 27 -29 -30 -31
leaf_value=-0.0012731676744969676 -0.00084658331359210219 -0.00028048950667931312 0.0024909416958689688 0.0014679873908629538 0.0095354820903338165 0.00043363117632300901 0.0061424098379211497 -0.0010868296754710813 0.0031081803082286014 0.0029523516425064632 0.0018545285970168678 0.0031484590884712006 0.0049617174868471919 0.0087472148761153206 -0.0003991040572288612 0.013195187175830065 0.0054893913981504741 0.006784993336058971 0.00041466236469291502 0.008595022327266633 -0.00073959811079886656 0.0054755927180334674 0.0097451922351170853 0.0036261780560016632 0.0066732829856208532 0.0040513609374662352 0.01040303826195133 0.013512672225479036 0.0029899156749572443 0.008436903832719991
leaf_weight=9569 46 1360 40 709 71 72 64 85 69 105 76 54 40 45 1329 71 48 41 63 40 62 59 254 48 77 437 68 48 46 119
leaf_count=9569 46 1360 40 709 71 72 64 85 69 105 76 54 40 45 1329 71 48 41 63 40 62 59 254 48 77 437 68 48 46 119
internal_value=1.49139e-11 -0.000752015 0.00608714 0.000956719 0.00222943 0.0049714 0.000288801 0.00239147 0.0052074 0.006354 0.00491532 0.00677629 0.00875768 0.0042934 -0.00116658 0.00938038 0.00985423 0.00112131 0.00292604 0.00554298 -7.03989e-05 0.00229095 0.00906877 0.00725142 0.00395138 0.00353962 0.00774859 0.00921945 0.00741178 0.00648115
internal_weight=15215 13542 1673 2644 910 1180 1734 253 1134 503 201 125 493 631 10898 413 373 189 104 80 1481 121 302 398 586 509 350 162 114 188
internal_count=15215 13542 1673 2644 910 1180 1734 253 1134 503 201 125 493 631 10898 413 373 189 104 80 1481 121 302 398 586 509 350 162 114 188
is_linear=0
shrinkage=0.03


Tree=25
num_leaves=31
num_cat=0
split_feature=36 31 41 30 15 12 15 22 47 51 36 61 45 71 47 43 22 51 60 22 14 45 63 33 63 52 51 59 31 17
split_gain=72.8232 9.0128 6.18138 1.88977 1.98504 1.61781 1.50823 1.28119 1.2691 1.28328 1.3657 1.48647 1.15634 1.45865 1.18796 1.11401 1.45667 1.2545 1.01402 0.973018 0.940507 0.993543 1.00185 0.939128 0.938825 0.983302 0.918268 0.915969 1.28565 1.7325
threshold=0.28266076743602758 1.247260630130768 0.50708290934562694 5.1458332538604745 0.21363891689556938 0.41581149315319033 0.062575798703546473 10.500000000000002 0.77909159660339367 0.063364826142787947 0.46989712119102484 0.5547619047619049 1.7083333134651186 8.5000000000000018 1.6306818127632143 4.5000000000000009 57.500000000000007 0.65552279353141796 4.8333333333333348 55.500000000000007 -0.034999999999999969 0.55000001192092907 -0.12309166526878564 15.527777671813967 -0.10673743962514627 0.24952830374240878 0.86969935894012462 1.8333333333333337 9.9183478355407733 37.500000000000007
decision_type=10 8 10 10 10 10 10 2 8 8 10 10 10 2 10 10 2 10 8 2 10 8 2 8 2 10 10 10 10 2
left_child=1 -1 6 20 5 19 8 -8 -2 -10 23 -12 14 15 -4 16 17 -14 -7 -5 -3 -22 -23 24 -11 -26 -19 28 -9 -30
right_child=2 3 12 4 -6 18 7 27 9 10 11 -13 13 -15 -16 -17 -18 26 -20 -21 21 22 -24 -25 25 -27 -28 -29 29 -31
leaf_value=-0.0012075033376326874 0.00020682190342441849 -0.00062607784777677202 0.0080056602215128284 -0.00021232070859284401 0.0070933978928852887 0.0016931327681879709 0.00091329434188082816 0.0011726254061795772 0.0091090229530705179 0.0064718967035594507 0.0019538284529794434 0.0076816738250370074 0.0019202613938333734 0.012068865234744462 0.0023031804935946579 0.010238943626759501 0.0088409199609475984 0.010546716003944832 0.0055510089611886318 0.0026129883716537339 -0.00010826454170885672 0.0046452402911688149 0.0010160765002441147 0.0066848171855065407 -0.0022642233237928273 0.0023352281212191245 0.0049357038103044031 0.0089637710263486946 0.0090966962954778345 0.0019195002097297797
leaf_weight=10042 92 883 70 424 59 137 40 48 41 41 61 123 70 85 62 127 187 42 111 148 863 76 690 47 49 286 70 100 97 44
leaf_count=10042 92 883 70 424 59 137 40 48 41 41 61 123 70 85 62 127 187 42 111 148 863 76 690 47 49 286 70 100 97 44
internal_value=-1.30751e-11 -0.00075594 0.0056984 0.000581304 0.00177853 0.00139612 0.0042554 0.00594539 0.00350404 0.00397216 0.00362519 0.00578277 0.00786189 0.00843775 0.00532722 0.00781548 0.00698139 0.00507077 0.00341984 0.000518703 0.000162369 0.000589748 0.00137615 0.00268667 0.0021869 0.00166247 0.00703983 0.00664187 0.00541335 0.006857
internal_weight=15215 13433 1782 3391 879 820 1069 329 740 648 607 184 713 581 132 496 369 182 248 572 2512 1629 766 423 376 335 112 289 189 141
internal_count=15215 13433 1782 3391 879 820 1069 329 740 648 607 184 713 581 132 496 369 182 248 572 2512 1629 766 423 376 335 112 289 189 141
is_linear=0
shrinkage=0.03


Tree=26
num_leaves=31
num_cat=0
split_feature=36 34 41 6 47 15 22 46 45 71 15 14 56 57 17 34 7 58 42 61 32 27 54 31 53 22 8 7 36 57
split_gain=68.5194 8.50641 5.81606 2.00379 1.54136 1.41909 1.20547 1.20383 1.088 1.3726 1.22106 1.18737 1.09584 1.2596 1.07899 1.01239 0.999766 0.979915 0.930039 1.27983 0.915476 1.41023 1.47771 1.16049 0.900284 0.85542 1.45641 0.831361 1.20867 0.800564
threshold=0.28266076743602758 2.4869931936264043 0.50708290934562694 0.39500000000000007 2.5916665792465214 0.062575798703546473 10.500000000000002 0.45529428124427801 1.7083333134651186 7.5000000000000009 -0.14852284189975382 0.090000000000000011 3.9000000000000004 27.166666666666668 38.500000000000007 8.5505051612854022 0.30166666666666681 0.49225487546857399 0.37672290205955511 0.41666666666666669 14.960904121398928 12.500000000000002 1.9000000000000001 10.422442436218263 0.83333333333333337 54.500000000000007 0.2722500000000001 0.43166666666666675 0.42341271042823797 25.500000000000004
decision_type=10 10 10 10 10 10 2 10 10 2 10 8 10 2 2 10 10 2 10 8 10 10 8 10 8 2 10 10 10 2
left_child=1 -1 5 15 16 7 -7 -2 11 10 -10 -4 -12 14 -14 -3 -5 -15 -9 -20 21 22 23 -21 -8 -17 -27 -26 -29 -11
right_child=2 3 8 4 -6 6 24 18 9 29 12 -13 13 17 -16 25 -18 -19 19 20 -22 -23 -24 -25 27 26 -28 28 -30 -31
leaf_value=-0.0011123431889523629 -0.0015972302981266161 -0.00029073603199049244 0.0030165636212872672 0.0057616821945981776 0.0071370879833896955 0.00088589551672339437 0.0091725862144692982 0.0026209128719970713 0.0032944774608078754 0.013777824292102685 0.010838249826263035 0.0089313802495598789 0.0020941834474797359 0.010890660283115246 0.0076472084614778715 0.00018581607565283775 0.0012936647412273101 0.0063805282551428963 -9.4779115170240391e-05 0.0051074088872833691 0.0090338308639669167 0.0012235079732506649 0.0015887348632247227 0.010847332850632975 0.0086239021147290866 0.0081727413434003089 0.0010674821464892695 0.0012615860909016788 0.0065962286722542869 0.0089844694818499715
leaf_weight=10728 41 1274 84 47 45 40 79 357 57 52 93 48 64 92 62 130 1099 82 42 66 54 73 46 61 54 42 68 67 89 79
leaf_count=10728 41 1274 84 47 45 40 79 357 57 52 93 48 64 92 62 130 1099 82 42 66 54 73 46 61 54 42 68 67 89 79
internal_value=7.4906e-12 -0.000733262 0.00552745 0.000770169 0.00169077 0.00412774 0.00576703 0.00339892 0.00762603 0.00818461 0.00739787 0.00516741 0.00799302 0.007111 0.00482662 4.59725e-05 0.00147691 0.0087652 0.00369197 0.00481 0.00549667 0.00472022 0.00619571 0.00786438 0.00644261 0.00183333 0.0037804 0.00541563 0.00430507 0.0108872
internal_weight=15215 13433 1782 2705 1191 1069 329 740 713 581 450 132 393 300 126 1514 1146 174 699 342 300 246 173 127 289 240 110 210 156 131
internal_count=15215 13433 1782 2705 1191 1069 329 740 713 581 450 132 393 300 126 1514 1146 174 699 342 300 246 173 127 289 240 110 210 156 131
is_linear=0
shrinkage=0.03


Tree=27
num_leaves=31
num_cat=0
split_feature=36 31 41 30 15 51 15 32 8 47 51 36 61 22 27 30 63 30 30 51 66 34 61 14 15 34 14 45 52 22
split_gain=64.4699 8.07173 5.47233 1.71029 1.82679 1.51787 1.33522 1.32293 1.30682 1.15483 1.20974 1.2482 1.3911 1.13423 1.05141 1.03687 1.16518 1.49516 1.14051 1.00624 1.00482 0.929182 0.918346 0.8672 0.994261 1.21712 0.856619 0.9137 0.821562 1.27547
threshold=0.28266076743602758 1.247260630130768 0.50708290934562694 5.1458332538604745 0.21363891689556938 0.85843947529792797 0.062575798703546473 7.0003247261047372 0.31675000000000009 0.77909159660339367 0.063364826142787947 0.46989712119102484 0.64841269841269855 10.500000000000002 18.500000000000004 12.437500000000002 0.022447955217338198 15.687500000000002 11.312500000000002 0.84512493014335643 65.500000000000014 11.155828952789308 0.78055555555555567 0.2950000000000001 0.17671900415841449 11.327429294586183 -0.034999999999999969 0.45000000298023229 0.63068181276321422 42.500000000000007
decision_type=10 8 10 10 10 10 10 10 10 8 8 10 10 2 10 10 2 10 10 8 10 10 10 10 10 10 10 8 8 2
left_child=1 -1 6 26 5 7 9 8 -5 -2 -11 22 19 -8 15 18 20 -18 -4 -13 -17 -9 28 24 25 -15 -3 -28 -12 -30
right_child=2 3 14 4 -6 -7 13 21 -10 10 11 12 -14 23 -16 16 17 -19 -20 -21 -22 -23 -24 -25 -26 -27 27 -29 29 -31
leaf_value=-0.0011386026759453679 0.00015168684494236241 -0.00059676585775944536 0.0070098354880298889 0.00031099958786246726 0.0067918148843603109 0.0052793534881069876 0.00085931866639293723 -0.0016443538436189638 0.003445768838939376 0.0087309880354782422 0.0015401287131302848 0.0055071752586148002 0.0085101505257905666 0.0046533892000262004 0.0091505543454441906 0.0091698063709893547 0.0012159017511554078 0.0075751220085090261 -6.8369579210411752e-05 -0.00052290097810328009 0.0043161937169244758 0.0030120882994316995 -0.0013976699793420266 0.0097576985300446926 0.0015727324713952838 0.0096621462879257335 -0.00013011574597774649 0.0012912868650032665 0.0016978621007115945 0.0065585438989616369
leaf_weight=10042 92 883 42 245 59 79 40 215 234 41 179 66 78 122 215 232 56 82 40 40 46 47 48 52 47 68 834 795 89 107
leaf_count=10042 92 883 42 245 59 79 40 215 234 41 179 66 78 122 215 232 56 82 40 40 46 47 48 52 47 68 834 795 89 107
internal_value=-1.51979e-11 -0.000711264 0.00536162 0.000554242 0.0016932 0.00132635 0.00400391 0.000904908 0.00184239 0.00329695 0.0037435 0.00340662 0.00546929 0.00559401 0.00739725 0.0066403 0.00724805 0.00499457 0.00355705 0.00323167 0.00836669 -0.000809038 0.00250938 0.00624934 0.00547957 0.006446 0.000155698 0.000563571 0.00300949 0.0043514
internal_weight=15215 13433 1782 3391 879 820 1069 741 479 740 648 607 184 329 713 498 416 138 82 106 278 262 423 289 237 190 2512 1629 375 196
internal_count=15215 13433 1782 3391 879 820 1069 741 479 740 648 607 184 329 713 498 416 138 82 106 278 262 423 289 237 190 2512 1629 375 196
is_linear=0
shrinkage=0.03


Tree=28
num_leaves=31
num_cat=0
split_feature=36 31 41 41 17 42 14 13 36 43 71 8 14 22 31 11 14 62 33 35 45 12 61 17 29 66 58 72 62 46
split_gain=60.6688 7.42217 5.32664 1.51277 1.73067 1.40383 1.40917 1.22275 1.06742 1.00163 1.20303 1.1929 1.08119 1.54333 1.43343 1.25178 0.968759 0.953626 0.906856 1.11571 0.975017 0.853583 1.60341 1.15286 0.834011 0.901867 0.798181 0.770875 0.74467 0.737488
threshold=0.27872946858406072 1.247260630130768 0.50708290934562694 0.21855383366346362 51.500000000000007 0.1816997975111008 0.27500000000000008 -1.0000000180025095e-35 0.46129806339740759 4.5000000000000009 9.5000000000000018 0.73100000000000021 -0.020000000000000004 83.500000000000014 12.87296772003174 0.53237585219240013 0.22500000000000003 24.416666666666671 12.964285850524904 0.34654632210731512 0.73067337274551403 0.4241766965134392 0.54880952380952386 41.500000000000007 16.500000000000004 66.500000000000014 0.4284629553185953 9.5000000000000018 24.416666666666671 1.736383378505707
decision_type=10 8 10 10 2 10 10 10 10 10 2 10 8 2 10 10 10 2 8 10 10 10 10 2 10 8 2 2 2 10
left_child=1 -1 5 16 7 -2 8 -5 17 10 11 12 24 14 -14 -16 -3 -7 20 -20 -19 26 -23 -24 25 -4 -10 29 -18 -22
right_child=2 3 9 4 -6 6 -8 -9 21 -11 -12 -13 13 -15 15 -17 28 18 19 -21 27 22 23 -25 -26 -27 -28 -29 -30 -31
leaf_value=-0.0011044445263993109 -0.0013448099891344707 8.0997429291733127e-05 0.0050420553772011767 -0.0014076496882213128 0.0066052000860508994 0.00026837409221309609 0.0080576441019169377 0.0021823987953893437 -0.00051121866423636667 0.0093087803098192857 0.010230890797634781 0.0087520236284595668 0.0096371412350107783 0.011147362303454429 0.0058244689181447028 -0.00074451007813747434 0.0052083779912855893 0.007180128561502153 0.009975648682331667 0.0036783195642372288 0.0013997258838000042 0.0025829853431205262 0.0092789849606342602 0.0035539460756144549 0.0066539818466641006 -0.0003171408705126781 0.0054101781866380148 -0.0010498955548379799 0.0011615432646627036 0.0041557793414662815
leaf_weight=10042 45 2596 50 111 64 94 74 370 40 155 71 113 46 52 69 42 54 44 40 69 154 80 120 43 50 65 42 49 169 202
leaf_count=10042 45 2596 50 111 64 94 74 370 40 155 71 113 46 52 69 42 54 44 40 69 154 80 120 43 50 65 42 49 169 202
internal_value=3.30409e-11 -0.000695885 0.00515701 0.00052372 0.00197059 0.003844 0.00406617 0.00135393 0.00376385 0.00717533 0.00658271 0.00605083 0.0052347 0.0066679 0.00518425 0.00333891 0.000243995 0.00306375 0.00353465 0.00598927 0.00293877 0.00516836 0.00606147 0.0077687 0.00341932 0.00201294 0.00252169 0.00247798 0.00214149 0.00296355
internal_weight=15215 13406 1809 3364 545 1096 1051 481 977 713 558 487 374 209 157 111 2819 652 558 109 449 325 243 163 165 115 82 405 223 356
internal_count=15215 13406 1809 3364 545 1096 1051 481 977 713 558 487 374 209 157 111 2819 652 558 109 449 325 243 163 165 115 82 405 223 356
is_linear=0
shrinkage=0.03


Tree=29
num_leaves=31
num_cat=0
split_feature=39 34 37 10 41 32 21 48 66 31 51 58 34 36 1 21 6 7 31 34 37 17 37 45 47 42 10 74 32 29
split_gain=57.1002 8.03607 4.33617 2.10272 1.68722 1.51752 1.36588 1.22928 1.30571 1.13662 1.12129 0.991927 0.955429 0.918778 1.52806 0.952643 0.845435 1.03243 0.784864 0.781843 0.765691 0.741045 0.730487 1.00783 0.706906 0.695007 0.999925 0.680043 1.22755 1.56575
threshold=0.30364717543125158 2.7549999952316289 0.56954333186149608 0.47512376237623766 0.20991626381874087 7.0003247261047372 0.115 0.24563692510128024 85.500000000000014 3.6679769754409794 0.53581550717353832 0.4126224415204679 10.784921646118166 0.46129806339740759 1.5000000000000002 0.075000000000000025 0.49500000000000005 0.61833333333333351 5.8074734210968026 0.4907375723123551 0.55682554841041576 13.500000000000002 0.21212167292833331 1.6333333253860476 2.2583333253860478 0.5275787115097047 0.65496715927750426 232.75000000000003 14.960904121398928 13.09999990463257
decision_type=10 10 10 10 10 10 2 10 8 10 10 2 10 10 8 2 10 10 10 8 10 2 10 8 10 10 10 2 10 10
left_child=1 19 5 6 22 -2 10 8 -6 -8 -3 -12 24 15 20 -7 -14 -18 -11 -1 27 -19 23 -5 -4 -23 -27 -15 29 -29
right_child=2 3 12 4 7 13 9 -9 -10 18 11 -13 16 14 -16 -17 17 21 -20 -21 -22 25 -24 -25 -26 26 -28 28 -30 -31
leaf_value=-0.0011241446047121492 -0.0011001136105345641 -0.00030212724317606074 0.0017708533722907303 0.0012711185114319702 0.0089350217593912509 0.0033727858262558729 -1.2775349314324557e-05 0.0014228632107475088 0.0027452645326654116 0.0083325150143355124 0.0051969227228456961 0.00042702726906899253 0.0040280227877665317 0.0055237010130633974 0.002195396425468581 0.007902241177468872 0.011872540078007839 0.0044335907377535478 0.002494121826318807 -0.00045973519060247761 0.0027107373013859613 0.011017503438412513 -0.0023380246505384211 0.006127192930931725 0.0074109585536643856 0.0090887106577560422 0.004384511862805144 0.0093729500987512222 0.012200321645941585 0.0022065426707875142
leaf_weight=8959 46 1423 40 622 71 586 64 76 54 40 65 99 40 188 105 45 71 48 43 1939 48 71 46 41 40 122 61 68 48 46
leaf_count=8959 46 1423 40 622 71 586 64 76 54 40 65 99 40 188 105 45 71 48 43 1939 48 71 46 41 40 122 61 68 48 46
internal_value=2.59582e-11 -0.000645967 0.00522874 0.000837726 0.00200557 0.00424154 0.000224844 0.00443168 0.00626105 0.00299136 -3.14123e-05 0.00231753 0.00759164 0.00445822 0.00541464 0.00369581 0.00817289 0.00861738 0.00530781 -0.00100593 0.00626394 0.0078521 0.00131777 0.00157142 0.00459091 0.00849811 0.00752064 0.00675124 0.00817578 0.00648124
internal_weight=15215 13542 1673 2644 910 1180 1734 201 125 147 1587 164 493 1134 503 631 413 373 83 10898 398 302 709 663 80 254 183 350 162 114
internal_count=15215 13542 1673 2644 910 1180 1734 201 125 147 1587 164 493 1134 503 631 413 373 83 10898 398 302 709 663 80 254 183 350 162 114
is_linear=0
shrinkage=0.03


Tree=30
num_leaves=31
num_cat=0
split_feature=36 30 37 15 36 1 46 30 21 33 34 14 22 61 73 7 8 53 7 63 11 6 7 17 6 10 61 39 37 74
split_gain=53.7519 6.76509 4.61335 1.55507 1.34374 1.6313 1.1522 1.12667 1.09953 0.913943 0.909514 0.878673 0.875379 0.826961 0.802925 1.00308 1.02019 0.899233 1.06558 0.963437 0.826979 0.712353 0.834374 0.843498 0.762164 0.808613 0.709652 1.57439 0.705216 0.677957
threshold=0.28266076743602758 1.7749999761581423 0.56954333186149608 0.18534916693802242 0.46129806339740759 1.5000000000000002 0.72444313764572155 5.9375000000000009 0.20500000000000004 6.0312500000000009 9.2627878189086932 0.2950000000000001 6.5000000000000009 0.78452380952380962 310.10000000000008 0.27166666666666678 0.97100000000000009 1.1666666666666667 0.90833333333333333 0.022447955217338198 0.16698225572778772 0.49500000000000005 0.61833333333333351 13.500000000000002 0.79500000000000015 0.53756720430107541 0.35912698412698418 0.12696565687656405 0.55682554841041576 232.75000000000003
decision_type=10 8 10 10 10 8 10 10 2 8 10 10 2 8 2 10 10 8 10 2 10 10 10 2 10 10 10 10 10 2
left_child=1 -1 4 6 8 28 26 -5 9 -2 -4 13 -8 -11 20 -16 17 -17 19 -19 -14 -12 -23 -24 25 -25 27 -3 29 -6
right_child=2 3 10 7 5 -7 12 -9 -10 11 21 -13 14 -15 15 16 -18 18 -20 -21 -22 22 23 24 -26 -27 -28 -29 -30 -31
leaf_value=-0.001018134075337172 -0.00088562752102624683 -0.00038725631174288297 0.0031954381980954906 0.0016717289465551192 0.0052857422809548943 0.0018838267780019022 -0.001002808126625484 0.006259084883408832 0.0080167594322701902 0.0033213907828084726 0.0044954259815748856 0.0072554657707611719 0.0049286610838025812 4.444731971178251e-05 -0.00016112125595100225 0.0073939634708906797 0.00080379694066149115 -0.0019255632577940473 0.0071978061147965492 0.0043206198144521884 0.00046880951045273698 0.011071697460500071 0.0040797908794802593 0.0062093053802847855 0.0061076453754949208 0.01073922955210499 -0.00031509580928468017 0.0061895334631204601 0.0026294152898481116 0.0079305104389614245
leaf_weight=10334 53 95 43 195 189 108 154 64 40 565 53 45 40 79 96 68 94 43 40 46 580 74 53 50 98 122 1534 50 48 162
leaf_count=10334 53 95 43 195 189 108 154 64 40 565 53 45 40 79 96 68 94 43 40 46 580 74 53 50 98 122 1534 50 48 162
internal_value=7.41976e-12 -0.000649455 0.0048957 0.000579949 0.0039517 0.00515466 0.000377005 0.00280528 0.00317177 0.00291059 0.00736389 0.0032026 0.00110367 0.00291941 0.00142582 0.00249804 0.00337529 0.00460229 0.00313071 0.0013028 0.000756542 0.00776221 0.00819833 0.00754003 0.00821926 0.00942239 -0.000125473 0.0018806 0.00604 0.0065064
internal_weight=15215 13433 1782 3099 1289 507 2840 259 782 742 493 689 1161 644 1007 387 291 197 129 89 620 450 397 323 270 172 1679 145 399 351
internal_count=15215 13433 1782 3099 1289 507 2840 259 782 742 493 689 1161 644 1007 387 291 197 129 89 620 450 397 323 270 172 1679 145 399 351
is_linear=0
shrinkage=0.03


Tree=31
num_leaves=31
num_cat=0
split_feature=31 40 36 1 21 30 15 38 35 47 75 59 46 15 42 6 61 63 22 46 66 15 55 52 37 46 14 29 43 14
split_gain=50.5841 6.09421 5.07281 1.6122 1.5263 1.50746 1.34165 1.63513 1.11544 1.13407 0.950079 0.996493 0.921006 0.962742 0.882331 0.974944 1.31847 1.22513 1.07177 0.898754 0.817608 0.942371 0.811799 0.945074 1.12244 0.799635 1.17308 1.14817 1.23125 1.06039
threshold=7.7742302417755136 0.059224752709269531 0.46129806339740759 1.5000000000000002 0.16500000000000004 9.6458334922790545 0.18534916693802242 0.22568487375974658 0.85880398750305187 0.98437500000000011 1.0000000180025095e-35 1.5833333333333337 0.51602235436439525 0.14020291267621546 0.14629815518856051 0.18500000000000003 0.53253968253968265 -0.12309166526878564 72.500000000000014 0.76841130852699291 56.500000000000007 0.0063069049168192901 8.1666666666666696 0.36356022953987127 0.2985657155513764 1.6329848170280459 -0.039999999999999945 12.09999990463257 2.5000000000000004 -0.17499999999999993
decision_type=10 10 8 8 2 10 10 10 8 8 2 10 8 8 10 10 10 2 2 10 10 10 8 10 10 10 10 10 10 8
left_child=1 -1 4 8 5 22 12 -8 9 -4 11 -5 -3 14 20 -16 18 -18 19 -17 -14 -22 23 -2 -25 -7 29 28 -28 -27
right_child=2 6 3 10 -6 25 7 -9 -10 -11 -12 -13 13 -15 15 16 17 -19 -20 -21 21 -23 -24 24 -26 26 27 -29 -30 -31
leaf_value=-0.00097709800590474092 0.00027800439427105281 -0.00026527707253712926 0.0014818208125737926 -0.0011427065463586975 0.0084538421348863569 0.0020360691867398546 0.0015956494015485503 0.0081155117361673274 0.011475334653281606 0.0066013419409687371 0.0066939235782331749 0.0050127233090106306 -0.00037739432232232874 -0.0015574569972161959 7.6198342066366692e-05 0.006473364914953708 0.0053909635391189824 0.00042512127654565398 0.0081326193406301376 0.0016224861785092135 0.00028596570891029429 0.0048312896440055831 -0.0024388155420976025 0.0065313742469464029 0.00079800598789006463 0.0059146840511480484 0.011873736642301081 0.0035308423545211552 0.0054182618330590997 -0.00021074383533490238
leaf_weight=10527 169 1102 41 56 43 161 197 42 40 776 46 41 454 133 206 50 54 260 51 110 106 67 49 63 60 41 45 93 65 67
leaf_count=10527 169 1102 41 56 43 161 197 42 40 776 46 41 454 133 206 50 54 260 51 110 106 67 49 63 60 41 45 93 65 67
internal_value=-1.12572e-11 -0.000644755 0.00464077 0.00609186 0.00294558 0.00265424 0.00059062 0.0027414 0.00658391 0.00634443 0.00314301 0.00145907 0.00039238 0.000878455 0.00111702 0.00182523 0.00251152 0.00127912 0.00434552 0.00313839 0.000291343 0.00204629 0.00113442 0.00173404 0.00373461 0.00375225 0.00464069 0.0059846 0.00805914 0.00211465
internal_weight=15215 13359 1856 1000 856 813 2832 239 857 817 143 97 2593 1491 1358 731 525 314 211 160 627 173 341 292 123 472 311 203 110 108
internal_count=15215 13359 1856 1000 856 813 2832 239 857 817 143 97 2593 1491 1358 731 525 314 211 160 627 173 341 292 123 472 311 203 110 108
is_linear=0
shrinkage=0.03


Tree=32
num_leaves=31
num_cat=0
split_feature=36 34 41 6 7 32 15 22 46 45 71 47 43 22 51 51 51 33 43 30 46 59 31 17 53 56 8 63 34 51
split_gain=47.6422 6.03804 4.1414 1.67009 1.38433 1.28258 1.14162 1.05383 1.04219 0.930203 1.24401 1.12092 0.929078 1.24473 1.14819 0.918621 0.991478 0.905295 0.867796 1.25721 1.06593 0.853664 1.08473 1.56871 1.0965 0.852662 0.830875 0.823562 0.760166 0.884839
threshold=0.28266076743602758 2.4869931936264043 0.50708290934562694 0.39500000000000007 0.28833333333333339 9.1134347915649432 0.062575798703546473 10.500000000000002 0.45529428124427801 1.7083333134651186 8.5000000000000018 1.6306818127632143 4.5000000000000009 57.500000000000007 0.65552279353141796 0.065618135035038008 0.13168839365243915 4.8819444179534921 1.2332035899162295 3.9375000000000004 1.4408228993415835 1.8333333333333337 9.9183478355407733 37.500000000000007 1.1666666666666667 5.366666666666668 0.34100000000000008 0.021637212027662948 7.2992539405822763 0.58227470517158519
decision_type=10 8 10 10 8 10 10 2 10 10 2 10 10 2 10 10 10 10 10 10 10 10 10 2 10 10 10 2 10 10
left_child=1 -1 6 18 -5 -6 8 -8 -2 11 12 -4 13 14 -11 -10 -17 -18 -3 -20 -21 22 -9 24 -24 -16 -19 -15 29 -28
right_child=2 3 9 4 5 -7 7 21 15 10 -12 -13 -14 27 25 16 17 26 19 20 -22 -23 23 -25 -26 -27 28 -29 -30 -31
leaf_value=-0.00094443659183550605 -0.0018743834081219465 -0.0002512350053447916 0.0067083541722302992 0.0068799521337922021 0.0010686434235945782 0.0062352148642142611 0.00033446116716368126 0.00044864274183055382 0.0068831207159942443 0.00077982928499529527 0.010249767154475729 0.001169109892160181 0.0085349520598354892 0.0089263654007526068 0.0077832573652267456 -0.0014100165222771465 0.0063853652394292026 -0.0014424976533869416 -0.0015536012208427895 0.0059236073634914453 0.00059095129262723574 0.0077714721992611889 0.01160874006897211 0.00097167138729921799 0.0051292057531444647 0.0024235881255431605 0.0032018364480925058 0.0048729416446555039 0.0035831748733736193 -0.0025900085478327995
leaf_weight=10543 41 1494 70 41 1108 45 40 48 52 70 85 62 127 111 68 48 66 41 66 74 62 100 40 44 57 44 53 76 396 43
leaf_count=10543 41 1494 70 41 1108 45 40 48 52 70 85 62 127 111 68 48 66 41 66 74 62 100 40 44 57 44 53 76 396 43
internal_value=8.3341e-12 -0.000611432 0.00460908 0.000603399 0.00146291 0.00127029 0.00342795 0.00489826 0.00277425 0.00637994 0.00689643 0.00410659 0.00632177 0.00556005 0.00379389 0.00304692 0.0027386 0.00307104 -1.70805e-06 0.0018438 0.00349254 0.00552993 0.00434393 0.00566998 0.00780118 0.00567767 0.00266064 0.00727898 0.00300257 0.000607573
internal_weight=15215 13433 1782 2890 1194 1153 1069 329 740 713 581 132 496 369 182 699 647 599 1696 202 136 289 189 141 97 112 533 187 492 96
internal_count=15215 13433 1782 2890 1194 1153 1069 329 740 713 581 132 496 369 182 699 647 599 1696 202 136 289 189 141 97 112 533 187 492 96
is_linear=0
shrinkage=0.03


Tree=33
num_leaves=31
num_cat=0
split_feature=36 31 37 30 22 15 33 37 39 51 17 37 55 52 43 43 32 22 58 73 52 36 74 58 58 7 31 55 37 33
split_gain=44.8265 5.7249 3.94659 1.284 1.53656 1.16563 1.24935 1.53512 1.44875 1.65385 1.20933 1.09847 1.07013 1.34624 0.846737 1.30309 1.1595 0.944014 0.83083 0.829428 0.818224 0.98082 0.794384 1.00701 0.904554 0.785648 0.798018 1.25382 0.778075 1.09911
threshold=0.28266076743602758 1.247260630130768 0.56954333186149608 5.1458332538604745 48.500000000000007 0.062575798703546473 12.964285850524904 0.4789107888936997 0.38293164968490606 1.1489225029945376 18.500000000000004 0.4407400935888291 3.1666666666666674 0.36356022953987127 2.5000000000000004 1.0091742873191836 16.098092079162601 49.500000000000007 0.39788833193486045 938.25000000000011 0.57738095521926891 0.50629922747612011 307.30000000000007 0.38871535469896129 0.40864628144119475 0.36416666666666669 6.3328013420104989 4.416666666666667 0.37896494567394262 10.183333396911623
decision_type=10 8 10 10 2 10 8 10 10 8 2 10 8 10 10 8 10 2 2 2 10 10 2 2 2 10 10 8 10 10
left_child=1 -1 5 -3 25 6 7 11 -8 10 -10 28 18 -14 15 17 -17 -4 -7 -16 -12 -22 23 -6 -24 -5 27 -27 -2 -30
right_child=2 3 14 4 22 12 8 -9 9 -11 20 -13 13 -15 19 16 -18 -19 -20 -21 21 -23 24 -25 -26 26 -28 -29 29 -31
leaf_value=-0.00095298182675561166 0.001102079709262685 0.00012736211535683981 0.0050741366831605393 -0.00037499623020902746 0.00043681856075471101 0.0049328535015229135 0.0092902044096263136 0.0053498265975051454 -0.0015956936470148237 0.0074156077951192858 0.0066831812865155585 -0.0024852321102837873 0.0013377206908906092 0.0054679946261187847 0.0072296759733273853 -0.00070635784145755068 0.0058419028042270889 0.0097684379731072107 0.011009975777166645 0.011915627112839279 -0.00098377057700417938 0.0053769548863638189 0.0053105338308960196 0.0056443153902814595 4.2386699129234659e-05 0.0079663012140407802 0.00039912088793714464 0.00050080257872468781 0.0069208384709882323 0.0009732691239979531
leaf_weight=10042 285 2512 83 349 44 40 48 108 55 75 51 58 104 224 199 45 53 72 41 41 48 40 40 139 110 41 116 40 58 54
leaf_count=10042 285 2512 83 349 44 40 48 108 55 75 51 58 104 224 199 45 53 72 41 41 48 40 40 139 110 41 116 40 58 54
internal_value=-1.26599e-11 -0.00059309 0.0044708 0.000472684 0.00145954 0.00359768 0.00298265 0.00213445 0.00448907 0.00363237 0.00216977 0.00137124 0.00492097 0.0041584 0.00675368 0.00554275 0.00283505 0.00725472 0.00800893 0.00803019 0.00365971 0.00190747 0.00306566 0.00439224 0.00144723 0.00047999 0.00199466 0.00427964 0.00193465 0.00405326
internal_weight=15215 13433 1782 3391 879 1289 880 563 317 269 194 455 409 328 493 253 98 155 81 240 139 88 333 183 150 546 197 81 397 112
internal_count=15215 13433 1782 3391 879 1289 880 563 317 269 194 455 409 328 493 253 98 155 81 240 139 88 333 183 150 546 197 81 397 112
is_linear=0
shrinkage=0.03


Tree=34
num_leaves=31
num_cat=0
split_feature=39 34 37 10 41 32 21 48 54 66 31 51 63 53 34 14 28 41 37 47 51 46 46 6 63 36 61 47 22 0
split_gain=42.1889 6.0379 3.28488 1.808 1.40048 1.27885 1.24382 1.16849 1.2415 1.1807 1.00444 0.962279 0.94344 0.890804 0.829818 0.804688 0.868864 0.762619 0.754742 1.06641 0.879365 1.26311 1.55562 1.38066 1.28856 1.22629 1.59802 0.975884 0.957533 1.32803
threshold=0.30364717543125158 2.7549999952316289 0.56954333186149608 0.47512376237623766 0.20991626381874087 7.0003247261047372 0.115 0.24563692510128024 1.7750000000000001 37.500000000000007 3.6679769754409794 0.53581550717353832 0.091655701990490765 2.1666666666666674 9.2627878189086932 0.2950000000000001 10.500000000000002 0.20575125515460971 0.37028267979621893 4.3166668415069589 0.065618135035038008 1.736383378505707 2.4628357887268071 0.44500000000000006 0.021323503837023614 0.45570570230484014 0.54880952380952386 2.226495742797852 35.500000000000007 1.0000000180025095e-35
decision_type=10 10 10 10 10 10 2 10 10 10 10 10 2 10 10 10 10 8 10 8 10 10 10 10 2 10 10 10 2 2
left_child=1 -1 5 6 -5 -2 11 8 9 -6 -8 -3 13 -13 -4 18 -17 -12 -7 20 -20 24 23 -23 -22 -24 -27 -25 -28 -30
right_child=2 3 14 4 7 15 10 -9 -10 -11 17 12 -14 -15 -16 16 -18 -19 19 -21 21 22 25 27 -26 26 28 -29 29 -31
leaf_value=-0.00086727140714040285 -0.0012684019541610841 -0.00033281349690888893 0.0025694315132230171 0.0011870995335223756 0.004459606878226623 0.0022047816670831594 -2.1544206538237629e-05 0.0010906152403300725 0.0016789630557908566 0.011661444590426982 0.0078906065389150511 0.0054583789624273781 -0.0017840382350342613 0.00019078064551378816 0.0069315321037225052 0.0033977004860686819 0.0093735218293806329 0.0021388876757451464 0.0076145142875611782 0.0077470873433810004 -9.7975847596416668e-08 0.010603097403207078 -0.0001472175406384652 0.0069598305547753205 0.0053476332569594625 -0.00012427672411182097 0.0095357955888506363 0.0016842448418819397 0.0010766040361063047 0.0079440433607298015
leaf_weight=10898 46 1423 43 709 42 261 64 76 43 40 41 75 42 47 450 41 47 42 49 65 147 52 83 78 56 56 44 53 55 47
leaf_count=10898 46 1423 43 709 42 261 64 76 43 40 41 75 42 47 450 41 47 42 49 65 147 52 83 78 56 56 44 53 55 47
internal_value=-2.05895e-11 -0.000555253 0.00449446 0.00073082 0.00181373 0.00363522 0.000162509 0.0040241 0.00580765 0.0079727 0.00280251 -8.20278e-05 0.002094 0.00342906 0.00655106 0.00383413 0.00658933 0.0049801 0.00360234 0.004067 0.00373477 0.00345145 0.0043087 0.00646717 0.00147514 0.00292274 0.00418415 0.00482543 0.0058367 0.00424101
internal_weight=15215 13542 1673 2644 910 1180 1734 201 125 82 147 1587 164 122 493 1134 88 83 1046 785 720 671 468 183 203 285 202 131 146 102
internal_count=15215 13542 1673 2644 910 1180 1734 201 125 82 147 1587 164 122 493 1134 88 83 1046 785 720 671 468 183 203 285 202 131 146 102
is_linear=0
shrinkage=0.03


Tree=35
num_leaves=31
num_cat=0
split_feature=36 31 41 15 62 42 14 34 33 60 1 51 22 66 11 73 29 30 30 33 29 36 36 45 52 74 41 41 66 58
split_gain=39.7031 5.12746 3.51805 1.19268 1.18282 1.05164 1.10787 0.962576 0.935826 0.886401 0.959651 0.914358 1.41638 1.14495 0.867536 0.798038 0.929794 1.08361 0.788992 0.715262 0.808521 0.85858 0.701799 0.648337 1.37284 0.892595 0.865655 1.30959 1.08144 0.879025
threshold=0.28266076743602758 1.247260630130768 0.50708290934562694 0.18534916693802242 24.083333333333339 0.1816997975111008 0.27500000000000008 13.103571414947512 10.035714149475099 5.8333333333333348 1.5000000000000002 0.76244714856147777 40.500000000000007 51.500000000000007 0.52358408861678829 606.20000000000016 17.300000190734867 14.812500000000002 5.5357143878936776 13.607692718505861 15.675000190734865 0.66158595681190502 0.59372588992118847 3.3666666746139531 0.63068181276321422 236.80000000000004 0.44433523714542394 0.42310929298400884 53.500000000000007 0.47815186974974716
decision_type=10 8 10 10 2 10 10 10 10 10 8 10 2 8 10 2 10 10 10 10 10 10 10 8 8 2 10 8 10 2
left_child=1 -1 5 7 -5 -2 22 8 -3 10 11 12 -4 -13 -14 16 17 -15 -6 -11 -21 -22 23 24 26 -26 27 28 29 -7
right_child=2 3 9 4 18 6 -8 -9 -10 19 -12 13 14 15 -16 -17 -18 -19 -20 20 21 -23 -24 -25 25 -27 -28 -29 -30 -31
leaf_value=-0.00089876355449013373 -0.0014773248248668605 0.00014949155914653967 0.0012542445374031862 0.0059403833957208732 0.00032352470059985997 0.004286668043537065 0.0068999630137113847 0.0047845586828355272 0.0046588017605245112 0.003960009231232106 0.00097202899338056628 0.0026350397190877369 0.0094135071152940085 0.0085464967363513989 0.0040458137429959604 0.011079533325570009 0.0095140978516567321 0.002031776270725661 0.0043129806761961365 0.010716817072171666 0.0041727411037458008 0.0099063772950321437 0.0057867951947566752 0.00022507098416826922 0.0030700238192958688 0.006292006947575199 -0.00057380537154500953 0.0074892460703849788 -0.00046132950301534521 0.00028838878287427614
leaf_weight=10042 43 3003 90 62 183 175 72 42 42 42 45 49 47 40 64 49 63 54 59 73 57 40 77 80 161 149 91 45 107 69
leaf_count=10042 43 3003 90 62 183 175 72 42 42 42 45 49 47 40 64 49 63 54 59 73 57 40 77 80 161 149 91 45 107 69
internal_value=2.39469e-11 -0.000558168 0.00420756 0.000450463 0.00224334 0.00311894 0.00331157 0.000273905 0.000211689 0.00583972 0.00515163 0.00556409 0.00405099 0.00675678 0.00631862 0.00773719 0.00669404 0.004804 0.00129616 0.0074658 0.00833194 0.00653713 0.00304075 0.00279965 0.00305808 0.00461865 0.00206469 0.00267101 0.00205329 0.00315601
internal_weight=15215 13433 1782 3391 304 1069 1026 3087 3045 713 501 456 201 255 111 206 157 94 242 212 170 97 954 877 797 310 487 396 351 244
internal_count=15215 13433 1782 3391 304 1069 1026 3087 3045 713 501 456 201 255 111 206 157 94 242 212 170 97 954 877 797 310 487 396 351 244
is_linear=0
shrinkage=0.03


Tree=36
num_leaves=31
num_cat=0
split_feature=39 34 37 10 28 32 21 54 41 58 37 35 51 58 1 14 15 52 73 73 12 14 14 45 31 15 22 9 46 55
split_gain=37.3622 5.39867 2.95294 1.69116 1.31552 1.18471 1.17117 1.05421 1.20164 1.40837 0.847363 0.899312 0.827678 1.10684 0.788646 0.971055 0.840421 0.975764 0.875608 1.68605 1.78883 1.32373 1.23556 1.15354 1.0481 1.01218 0.937735 0.876946 1.08583 0.871806
threshold=0.30364717543125158 2.7549999952316289 0.56954333186149608 0.47512376237623766 9.166666507720949 7.0003247261047372 0.48500000000000004 2.1000000000000005 0.20991626381874087 0.41342045706264002 0.21212167292833331 0.26574409008026129 0.53581550717353832 0.4126224415204679 2.5000000000000004 0.2950000000000001 0.18534916693802242 1.4833333492279055 241.85000000000002 628.05000000000007 0.44468638199488825 -0.024999999999999963 0.080000000000000002 1.5500000119209292 15.560148715972902 -0.051441936441936419 47.500000000000007 0.42800060466637363 1.3213611245155337 6.8333333333333348
decision_type=10 10 10 10 10 10 2 10 10 2 8 10 10 2 8 10 10 10 2 2 10 10 8 10 10 10 2 10 10 10
left_child=1 -1 5 6 7 -2 12 8 10 -10 11 -5 -3 -14 15 16 17 18 22 21 26 -20 24 -22 27 -25 -21 -7 -29 -30
right_child=2 3 -4 4 -6 14 -8 -9 9 -11 -12 -13 13 -15 -16 -17 -18 -19 19 20 23 -23 -24 25 -26 -27 -28 28 29 -31
leaf_value=-0.00081756567698711092 -0.0013048020912253338 -0.00023306014453819608 0.00617948356756216 0.0013030698253705944 0.006522281977291009 0.0062109095239530092 0.004262141747400164 -0.00090335093547609885 0.0086840257394385154 0.0022258851103224724 -0.0023452108716318274 0.005491032986079945 0.0049398618151762471 6.2523184668853747e-05 0.00065450101355580908 0.0069748700468119712 -0.00044759731739759442 0.0078706920212871217 -0.0038769818442788992 -0.0011695749966394422 0.010323446728172713 0.002285900397564297 0.0071983446884486407 0.0080702762039644368 0.0071040794970550838 0.0021793365080042611 0.0045436562301318451 -0.0015290231778482466 0.0042689878348741803 -0.00025283891433740366
leaf_weight=10898 46 1497 493 485 49 58 60 141 47 86 51 51 68 109 76 81 45 49 55 70 40 73 108 42 63 70 41 57 155 51
leaf_count=10898 46 1497 493 485 49 58 60 141 47 86 51 51 68 109 76 81 45 49 55 70 40 73 108 42 63 70 41 57 155 51
internal_value=1.9454e-11 -0.000522526 0.00422956 0.000693564 0.0017409 0.00341488 0.000143923 0.00146879 0.00193333 0.00450809 0.00134996 0.00170155 -3.68304e-06 0.0019363 0.00360633 0.00381838 0.00355668 0.00375002 0.00352135 0.00246164 0.00383598 -0.000362213 0.00436353 0.00595028 0.00356623 0.00438844 0.000940718 0.00287189 0.00213553 0.00314951
internal_weight=15215 13542 1673 2644 910 1180 1734 861 720 133 587 536 1674 177 1134 1058 977 932 883 391 263 128 492 152 384 112 111 321 263 206
internal_count=15215 13542 1673 2644 910 1180 1734 861 720 133 587 536 1674 177 1134 1058 977 932 883 391 263 128 492 152 384 112 111 321 263 206
is_linear=0
shrinkage=0.03


Tree=37
num_leaves=31
num_cat=0
split_feature=36 35 41 50 42 15 17 7 45 47 61 15 35 59 56 46 61 53 60 1 51 22 66 11 15 51 62 73 29 30
split_gain=35.1706 4.64233 3.1446 0.997025 0.964386 1.03616 0.930689 0.950067 0.875109 1.10076 0.876828 1.0212 1.21593 1.35395 1.1668 0.993208 0.859245 0.856507 0.837548 0.888317 0.84663 1.31885 1.07564 0.819069 0.797149 1.26197 1.34173 0.752927 0.866927 1.01788
threshold=0.28266076743602758 0.048199767246842391 0.50708290934562694 1.2250000238418581 0.1816997975111008 0.062575798703546473 7.5000000000000009 0.41833333333333339 3.5499999523162846 3.1339285373687749 0.71458333333333346 -0.018893269696340833 0.40270270407199865 0.83333333333333337 4.3250000000000011 1.7682427167892458 0.52976190476190488 1.1666666666666667 5.8333333333333348 1.5000000000000002 0.76244714856147777 40.500000000000007 51.500000000000007 0.52358408861678829 0.18534916693802242 0.065843626856803908 26.083333333333339 606.20000000000016 17.300000190734867 14.812500000000002
decision_type=10 10 10 8 10 10 2 10 8 8 10 8 10 10 8 10 8 10 10 8 10 2 8 10 10 10 2 2 10 10
left_child=1 -1 4 24 -2 8 -7 -8 9 10 11 12 13 -6 -13 -15 -14 -9 19 20 21 -4 -22 -23 -3 -26 -27 28 29 -24
right_child=2 3 18 -5 5 6 7 17 -10 -11 -12 14 16 15 -16 -17 -18 -19 -20 -21 22 23 27 -25 25 26 -28 -29 -30 -31
leaf_value=-0.00081771992004844255 -0.0014705644184073736 0.00029775320875024468 0.0010764688634080811 0.0051834662154135172 0.0070150533914566044 0.0011151100703563285 0.0089009253981189342 0.006837826707647948 -0.0010179743639556534 0.0064397727305750682 0.00030954428303188512 0.0041535013698985879 0.0033193107375076836 -0.001445548887486043 -0.00087556787714129314 0.004015282257108615 0.008824730639274303 0.0028472714733146129 0.0070838552475676279 0.00081310042490561794 0.0023838353172248722 0.0089705739085106772 0.0081180714243091635 0.0037549763651622925 0.00011985589659250362 0.0075977856013923883 0.001644334962655758 0.010575637339367247 0.0090389483151513909 0.0018040507033260332
leaf_weight=10537 43 2548 90 41 45 58 53 79 59 67 140 71 42 69 100 53 65 125 212 45 49 47 40 64 164 56 87 49 63 54
leaf_count=10537 43 2548 90 41 45 58 53 79 59 67 140 71 42 69 100 53 65 125 212 45 49 47 40 64 164 56 87 49 63 54
internal_value=-1.8702e-11 -0.000525343 0.00396012 0.000538462 0.0029309 0.00311537 0.00454769 0.00532236 0.0024808 0.0027974 0.00238024 0.0030317 0.00416702 0.00256733 0.00121253 0.000926779 0.00666372 0.00439263 0.00550322 0.00483436 0.0052312 0.00377521 0.00637886 0.00596338 0.000471756 0.00191593 0.00397576 0.00732913 0.00631589 0.00449087
internal_weight=15215 13433 1782 2896 1069 1026 315 257 711 652 585 445 274 167 171 122 107 204 713 501 456 201 255 111 2855 307 143 206 157 94
internal_count=15215 13433 1782 2896 1069 1026 315 257 711 652 585 445 274 167 171 122 107 204 713 501 456 201 255 111 2855 307 143 206 157 94
is_linear=0
shrinkage=0.03


Tree=38
num_leaves=31
num_cat=0
split_feature=31 35 40 30 22 1 14 52 57 10 15 35 36 45 53 30 76 61 29 55 42 37 35 30 52 29 56 15 27 55
split_gain=33.1285 5.69541 2.18641 1.67694 2.08671 1.34461 1.17596 1.22967 1.03399 1.0108 0.969669 1.07728 1.12912 1.10668 0.983717 0.923628 1.1664 0.925373 1.1167 1.17606 1.35372 0.933732 0.874267 0.861874 0.969997 0.832457 0.819367 1.07732 1.09962 0.803613
threshold=9.5494818687438983 0.060915276408195503 0.60093805193901073 5.2678570747375497 42.500000000000007 2.5000000000000004 0.27500000000000008 1.4833333492279055 27.166666666666668 0.15285947712418305 0.19484247967479679 0.36899313330650335 0.13485035300254825 0.82916665077209484 2.1666666666666674 10.687500000000002 1.0000000180025095e-35 0.34722222222222227 13.09999990463257 8.1666666666666696 0.36760981380939489 0.4789107888936997 0.17445652186870578 12.562500000000002 0.82575756311416637 7.1562435626983651 3.4500000000000006 0.031589889484626328 16.500000000000004 4.166666666666667
decision_type=10 10 8 10 2 8 10 10 2 10 10 10 10 10 10 10 2 10 10 10 10 10 10 10 8 10 10 8 10 10
left_child=1 -1 5 -3 8 6 7 15 9 -5 11 12 -6 -14 -15 16 29 -17 21 20 -20 23 -11 24 -19 -24 -22 28 -28 -2
right_child=2 3 -4 4 10 -7 -8 -9 -10 22 -12 -13 13 14 -16 17 -18 18 19 -21 26 -23 25 -25 -26 -27 27 -29 -30 -31
leaf_value=-0.00077682122786821531 -0.0028405002549290654 0.00019948987677976813 0.0062624264719334096 -0.0015611940622329711 0.0069285907178390314 -0.00030533505976200102 0.0072141701435713577 0.0074820604027171162 -0.00079335403355324397 0.0066694933761443408 0.0077317931810393934 0.0070450902578886596 -0.00154053316116333 0.0037457585168047414 -0.00081622387897888461 7.8202315352179788e-05 0.0052815697110932449 0.0086537599368602964 -0.0021712454874068497 0.0073027749644276095 0.0063902821403462439 0.0082150296484730361 0.0041707098449574242 0.0016554551947047002 0.0025594437103718518 -5.165715518585862e-05 0.002386655026369474 -0.00028642357495355314 0.0080928040668368333 0.0016919138363930357
leaf_weight=10876 50 1840 358 62 41 75 86 67 276 42 40 48 75 177 56 55 58 57 48 53 60 87 76 64 40 94 110 83 42 119
leaf_count=10876 50 1840 358 62 41 75 86 67 276 42 40 48 75 177 56 55 58 57 48 53 60 87 76 64 40 94 110 83 42 119
internal_value=-2.25766e-11 -0.000465001 0.00421423 0.000734629 0.00173226 0.00357882 0.00384881 0.00355734 0.000502686 0.00180819 0.00327977 0.0028312 0.00225164 0.00162906 0.00264932 0.00327337 0.00161077 0.00381331 0.0041323 0.00314369 0.00250103 0.00571088 0.00279357 0.00435771 0.00614064 0.00183599 0.00326127 0.00246237 0.00396335 0.000350963
internal_weight=15215 13703 1512 2827 987 1154 1079 993 550 274 437 397 349 308 233 926 227 699 644 396 343 248 212 161 97 170 295 235 152 169
internal_count=15215 13703 1512 2827 987 1154 1079 993 550 274 437 397 349 308 233 926 227 699 644 396 343 248 212 161 97 170 295 235 152 169
is_linear=0
shrinkage=0.03


Tree=39
num_leaves=31
num_cat=0
split_feature=31 35 40 30 22 1 50 14 57 15 35 36 52 6 14 36 63 61 7 36 61 54 33 75 42 34 49 51 34 8
split_gain=31.1706 5.36934 2.05719 1.58059 1.78223 1.26514 1.13934 1.09306 1.00003 0.978715 1.09177 1.0862 1.07089 0.872108 1.08092 0.822453 0.803665 1.04102 1.06058 1.4111 1.0638 1.52463 0.82555 0.939881 0.804205 0.884578 0.80521 1.38579 0.774534 0.772767
threshold=9.5494818687438983 0.048199767246842391 0.60093805193901073 5.2678570747375497 42.500000000000007 2.5000000000000004 1.5500000119209292 0.27500000000000008 27.166666666666668 0.19484247967479679 0.36899313330650335 0.13485035300254825 0.51666668057441723 0.14500000000000005 -0.12000000000000001 0.24796897917985919 -0.12309166526878564 0.29444444444444451 0.36416666666666669 0.46989712119102484 0.61031746031746048 0.90000000000000013 12.345237731933596 1.0000000180025095e-35 0.47659222781658178 7.0717990398406991 0.3280863910913468 0.59138077497482311 9.9798698425292987 0.61550000000000016
decision_type=10 10 8 10 2 8 10 10 2 10 10 10 8 10 10 10 2 10 10 10 10 10 10 2 10 10 10 10 10 10
left_child=1 -1 5 -3 8 6 7 16 13 10 11 -6 -13 -5 -15 -14 -2 -18 -19 24 21 -21 -22 -24 25 -20 -27 -28 -29 -23
right_child=2 3 -4 4 9 -7 -8 -9 -10 -11 -12 12 15 14 -16 -17 17 18 19 20 22 29 23 -25 -26 26 27 28 -30 -31
leaf_value=-0.00077663282267664445 0.00023324335961566342 0.0001754863239597431 0.0060745536626704228 -0.001621099672534249 0.006434862552718682 -0.00029617508351802824 0.0072256000325656849 0.0068022313031057512 -0.00078764801995167806 0.007499839385971427 0.0068337375414557755 0.00011595486495189549 0.00095224841497838504 0.0070636000894010072 0.0016142555060719259 0.0061144593850419411 -0.0010574279302223162 0.0081564591154456145 -0.001069907405940087 0.0073931564664577731 0.0086747709643861214 0.0033810123819730258 0.0063762537451441748 0.0010477961227297783 -0.00086483619044251409 0.0071391799241643066 -0.0011516518415883184 0.0071553501288213256 0.0025238224943002156 -0.0011937827239820703
leaf_weight=10536 77 2163 358 55 44 75 78 81 279 40 48 205 51 40 181 61 44 45 46 51 73 73 97 43 69 44 60 53 84 61
leaf_count=10536 77 2163 358 55 44 75 78 81 279 40 48 205 51 40 181 61 44 45 46 51 73 73 97 43 69 44 60 53 84 61
internal_value=2.00807e-11 -0.000451051 0.0040878 0.000632097 0.00161581 0.00347146 0.00373334 0.00346122 0.000478937 0.00302108 0.00258306 0.00201787 0.00140479 0.00175929 0.00260056 0.00376381 0.00316706 0.00343504 0.00368243 0.00341542 0.00464285 0.00297862 0.00608831 0.00473966 0.00204317 0.00274231 0.00346996 0.00265043 0.00431558 0.00129846
internal_weight=15215 13703 1512 3167 1004 1154 1079 1001 555 449 409 361 317 276 221 112 920 843 799 754 398 185 213 140 356 287 241 197 137 134
internal_count=15215 13703 1512 3167 1004 1154 1079 1001 555 449 409 361 317 276 221 112 920 843 799 754 398 185 213 140 356 287 241 197 137 134
is_linear=0
shrinkage=0.03


Tree=40
num_leaves=31
num_cat=0
split_feature=31 34 37 6 47 6 30 1 14 63 61 27 42 33 54 31 63 63 52 63 62 10 28 66 42 42 34 61 12 47
split_gain=29.3284 5.08069 1.93906 1.52647 1.21842 1.23022 1.06061 0.929661 1.18654 0.926278 1.06468 1.00272 0.938144 2.12303 1.05044 1.18495 0.90776 0.87346 0.971567 0.904377 0.91475 0.799628 0.781059 0.91764 0.782941 0.774152 1.11679 0.744956 1.06005 0.73177
threshold=9.5494818687438983 2.8547711372375493 0.56954333186149608 0.18500000000000003 0.69615384936332714 0.21500000000000002 12.562500000000002 2.5000000000000004 0.27500000000000008 -0.12309166526878564 0.52579365079365092 5.5000000000000009 0.24520900845527652 7.7928571701049814 1.9000000000000001 5.0430703163146982 -0.11588661388515416 -0.046952038298065678 1.5227272510528567 0.057350263523475588 24.416666666666671 0.41206791995148578 12.833333492279055 59.500000000000007 0.47659222781658178 0.36760981380939489 12.00675678253174 0.82777777777777795 0.55196856805102035 1.3452380895614626
decision_type=10 10 8 10 10 10 10 8 10 2 10 10 10 10 8 10 2 2 8 2 2 10 10 8 10 10 10 8 10 10
left_child=1 -1 7 -3 27 -6 -4 8 16 11 12 -7 14 -14 15 -11 -2 25 19 20 -19 -8 23 -22 -24 -18 -27 -5 -29 -21
right_child=2 3 6 4 5 9 21 -9 -10 10 -12 -13 13 -15 -16 -17 17 18 -20 29 22 -23 24 -25 -26 26 -28 28 -30 -31
leaf_value=-0.00072486185995818651 -0.00022193179076620892 -0.00039183663422609591 0.0009973446080504462 9.8037638321227428e-05 0.0064215499770772805 0.0015474179182675175 0.0020345211456811361 -0.00020181517019423085 0.0069507713327184324 0.0063264893506795672 0.00057203345364616881 0.0072614729511909755 0.010286624639161995 0.0015509761779779387 -0.001049554934380231 -2.1207934478297828e-05 0.0020706552794066868 0.0054066150400625627 0.0063491708176511832 0.0074336900934576988 0.0023340637028217317 0.0063342205556126538 0.0040015221708604408 -0.002846764670452103 -0.00056707317185289451 0.010774785254786654 0.0043508686439599842 -0.00032209175988100468 0.0065845951046794651 0.003163999670434463
leaf_weight=10985 67 785 43 818 51 59 43 67 80 59 581 52 42 62 81 48 41 46 68 43 50 411 93 80 53 41 60 40 40 226
leaf_count=10985 67 785 43 818 51 59 43 67 80 59 581 52 42 62 81 48 41 46 68 43 50 411 93 80 53 41 60 40 40 226
internal_value=-9.00029e-13 -0.00043752 0.00396517 0.000723796 0.00117686 0.00187843 0.00550047 0.00321339 0.00345476 0.00164296 0.00131476 0.00422427 0.00279257 0.00507883 0.00152782 0.00347892 0.00313255 0.00341314 0.00295328 0.00256255 0.00148992 0.00592698 0.000837133 -0.000854138 0.00234306 0.00554729 0.0069586 0.000368257 0.00313125 0.00384652
internal_weight=15215 13703 1512 2718 1933 1035 497 1015 948 984 873 111 292 104 188 107 868 801 659 591 322 454 276 130 146 142 101 898 80 269
internal_count=15215 13703 1512 2718 1933 1035 497 1015 948 984 873 111 292 104 188 107 868 801 659 591 322 454 276 130 146 142 101 898 80 269
is_linear=0
shrinkage=0.03


Tree=41
num_leaves=31
num_cat=0
split_feature=36 40 41 15 51 62 42 15 45 47 62 22 61 15 53 46 56 35 67 46 71 43 8 22 31 33 30 66 46 22
split_gain=27.6526 3.79757 2.52781 0.900638 0.891394 1.21763 0.849671 0.899166 0.865076 0.992743 0.844342 0.914075 0.827169 0.976817 1.19479 1.35947 1.07913 0.986165 0.970877 0.818856 0.799671 0.884892 0.890847 0.908128 1.03005 1.10215 0.894511 0.766704 0.753272 1.25888
threshold=0.28266076743602758 0.031239474192261699 0.50708290934562694 0.18534916693802242 0.065843626856803908 26.083333333333339 0.1816997975111008 0.062575798703546473 3.5499999523162846 3.1339285373687749 27.416666666666671 57.500000000000007 0.71458333333333346 -0.018893269696340833 2.1666666666666674 1.736383378505707 4.3250000000000011 0.41421362757682806 4.5000000000000009 1.5927801728248598 8.5000000000000018 4.5000000000000009 0.74100000000000021 83.500000000000014 12.87296772003174 16.585714340209964 17.562500000000004 66.500000000000014 1.1594261527061465 25.500000000000004
decision_type=10 10 10 10 8 2 10 10 8 8 2 2 10 8 10 10 8 10 10 10 2 10 10 2 10 10 10 8 8 2
left_child=1 -1 6 28 -5 -6 -2 8 9 12 11 19 13 14 15 17 -15 18 -8 -9 21 22 23 24 -4 -26 -24 -22 -3 -30
right_child=2 3 20 4 5 -7 7 10 -10 -11 -12 -13 -14 16 -16 -17 -18 -19 -20 -21 27 -23 26 -25 25 -27 -28 -29 29 -31
leaf_value=-0.0007696987507114936 -0.0015427294052964033 1.1774295727249053e-05 0.005120038764121441 0.00035174323988655594 0.0068284828325764074 0.0013742707636688024 0.0044430666330565766 0.0017612429086251982 -0.0013079736104740175 0.0059445132982375018 0.0026524603763077208 0.0093233907520771028 7.8097392139690248e-05 0.0037711817052372741 9.4118984094981495e-06 0.0077851562821414583 -0.0010652815447505417 0.0066398147957096266 -0.0019057420390131681 0.0071960668042302129 0.010230874035547934 0.0066783879890341229 0.0087365428353659812 0.0059753021875067662 -0.00024065067364311638 0.0044201965767013676 0.0029448094815015791 0.004937458878980493 -0.00079947992035793881 0.0021875378405747485
leaf_weight=9856 43 2684 91 163 61 93 41 56 59 67 169 45 140 71 58 86 100 43 46 45 46 131 60 85 139 68 40 53 189 387
leaf_count=9856 43 2684 91 163 61 93 41 56 59 67 169 45 140 71 58 86 100 43 46 45 46 131 60 85 139 68 40 53 189 387
internal_value=-5.94829e-12 -0.000465823 0.00351144 0.000371472 0.00189804 0.00353471 0.00258867 0.00276182 0.00217068 0.00248547 0.0040961 0.00576716 0.0020893 0.00272204 0.00383242 0.00485897 0.000942841 0.00292318 0.00108623 0.0041827 0.00489496 0.00449153 0.00389841 0.00324007 0.00245989 0.00129045 0.00641985 0.00739703 0.00022303 0.00120742
internal_weight=15215 13433 1782 3577 317 154 1069 1026 711 652 315 146 585 445 274 216 171 130 87 101 713 614 483 383 298 207 100 99 3260 576
internal_count=15215 13433 1782 3577 317 154 1069 1026 711 652 315 146 585 445 274 216 171 130 87 101 713 614 483 383 298 207 100 99 3260 576
is_linear=0
shrinkage=0.03


Tree=42
num_leaves=31
num_cat=0
split_feature=36 34 37 31 15 38 41 15 55 52 33 39 51 37 17 37 34 66 58 41 34 62 61 64 39 62 42 34 38 14
split_gain=26.0183 3.59273 2.40081 0.898115 0.819637 1.05913 0.907077 0.817608 0.963517 1.17635 0.904045 1.4895 1.36622 1.16749 1.10489 1.06628 0.748019 0.747187 0.727806 0.719441 0.700906 0.698342 0.690994 0.795641 1.17601 1.01999 0.856125 0.646572 0.762571 0.628583
threshold=0.28266076743602758 1.7071428894996645 0.56954333186149608 10.626955986022951 0.18534916693802242 0.22568487375974658 0.1497825086116791 0.062575798703546473 3.1666666666666674 0.36356022953987127 12.964285850524904 0.38293164968490606 1.1489225029945376 0.4789107888936997 16.500000000000004 0.4407400935888291 3.1126984357833867 67.500000000000014 0.39788833193486045 0.3916477113962174 10.784921646118166 26.583333333333339 0.78055555555555567 1.0000000180025095e-35 0.38293164968490606 25.416666666666671 0.297733023762703 13.716598510742189 0.60089123249053966 -0.054999999999999986
decision_type=10 8 10 10 10 10 8 10 8 10 8 10 8 10 2 10 10 8 2 8 10 2 10 2 10 2 10 10 10 10
left_child=1 -1 7 4 -3 6 16 10 18 19 13 -12 14 15 -13 22 -6 -16 -9 -10 -4 -11 23 24 26 -25 -2 28 -22 -15
right_child=2 3 20 -5 5 -7 -8 8 9 21 11 12 -14 29 17 -17 -18 -19 -20 -21 27 -23 -24 25 -26 -27 -28 -29 -30 -31
leaf_value=-0.00074049343556495699 0.0037303726876584385 0.00019131949674058943 0.002616486553946743 0.0048512628357857464 0.00064871897945156342 0.0060494541976114976 -0.0012064577144709355 0.0038844442069530484 0.0029207426186580701 0.0066949545264244079 0.0083596494357334444 -0.0026550855947425588 0.0060613318553310817 0.006417568458308434 0.005197704719000701 -0.0029766438575461506 0.0050961267569514567 0.00082422868477116369 0.0095723149861867834 -0.0020705439391381602 0.0051354339930782412 0.0031455489000205526 -0.001588208072585985 -0.0039004025682806967 0.006615537979756482 0.00181934555457469 -0.00093142884052716771 0.0049825640282520614 0.010200889201494446 0.0018275379717350006
leaf_weight=9979 78 3136 80 40 77 46 94 40 53 75 48 48 75 58 59 58 61 87 41 51 53 149 60 40 60 94 65 306 54 50
leaf_count=9979 78 3136 80 40 77 46 94 40 53 75 48 48 75 58 59 58 61 87 41 51 53 149 60 40 60 94 65 306 54 50
internal_value=-2.84787e-12 -0.000451848 0.0034061 0.000382082 0.000329719 0.00189095 0.00106641 0.00272511 0.00383338 0.00310979 0.00221001 0.00349146 0.00262278 0.00148849 0.00129345 0.000822908 0.0026146 0.00259159 0.00676349 0.000473092 0.00518663 0.00433397 0.00137801 0.00190612 0.00309044 0.000111958 0.00161137 0.00568448 0.00769183 0.00429255
internal_weight=15215 13433 1782 3454 3414 278 232 1289 409 328 880 317 269 563 194 455 138 146 81 104 493 224 397 337 203 134 143 413 107 108
internal_count=15215 13433 1782 3454 3414 278 232 1289 409 328 880 317 269 563 194 455 138 146 81 104 493 224 397 337 203 134 143 413 107 108
is_linear=0
shrinkage=0.03


Tree=43
num_leaves=31
num_cat=0
split_feature=30 36 33 22 15 1 47 7 52 14 29 38 35 75 59 22 54 47 31 42 22 30 34 66 14 61 33 17 39 14
split_gain=24.5727 4.18939 1.94387 1.50536 1.99999 1.06204 1.01326 0.990746 0.960318 1.45725 1.11012 0.934758 0.924893 0.919803 0.912686 0.909328 0.864541 1.05428 0.913161 0.911082 0.87124 0.802173 1.20047 0.845137 0.772199 0.719594 0.71169 0.755957 0.679567 0.875758
threshold=5.6458332538604745 0.46129806339740759 0.96875000000000011 48.500000000000007 0.20762169557350282 1.5000000000000002 0.98437500000000011 0.31166666666666681 0.51666668057441723 -0.20499999999999999 8.4499998092651385 0.49974617362022405 0.13100686669349673 1.0000000180025095e-35 1.5833333333333337 80.500000000000014 1.7083333333333337 2.6076922416687016 6.3328013420104989 0.42241369187831884 19.500000000000004 13.291666507720949 12.189169883728029 58.500000000000007 -0.044999999999999978 0.3083333333333334 5.1742422580719003 12.500000000000002 0.16490651667118075 0.34500000000000014
decision_type=10 10 10 2 10 8 8 10 8 10 10 8 10 2 10 2 8 10 10 10 2 10 10 8 8 10 10 2 8 10
left_child=2 3 -1 7 8 6 -3 -2 9 -5 12 16 -11 14 -7 -14 18 20 -9 -20 -18 22 23 -10 -4 -8 28 -28 29 -26
right_child=1 5 24 4 -6 13 25 11 21 10 -12 -13 15 -15 -16 -17 17 -19 19 -21 -22 -23 -24 -25 26 -27 27 -29 -30 -31
leaf_value=-0.0007185394635600363 -0.00052456785113580765 4.3236320702041065e-05 -0.00068556746149522993 0.0063018617862402359 0.0088567170790059754 -0.0022923218961139876 0.0011461366588165136 0.0067852242697714537 0.0067037183087428698 -0.001859545981278643 -0.0021318626104656494 -0.0023081435579806564 0.00051851840456947681 0.0053870890264709785 0.0035985816224682623 0.0061934954134954343 0.0027393098572482824 0.0045437481953515945 0.0015094104972476624 0.0060730680526467039 -0.0015297682120541287 0.0076105898586896863 -0.0016451961701241088 0.0023032200465639753 0.0004475600716253555 0.0050911764713555798 -3.5632855053675379e-05 0.0044173024426691415 -0.00092986531877003542 0.0039084259833654629
leaf_weight=10140 279 41 661 43 47 56 44 49 68 40 99 50 48 45 41 54 61 51 219 48 146 41 40 93 1421 767 59 82 313 69
leaf_count=10140 279 41 661 43 47 56 44 49 68 40 99 50 48 45 41 54 61 51 219 48 146 41 40 93 1421 767 59 82 313 69
internal_value=-1.62841e-11 0.00273863 -0.000530751 0.00172472 0.00292744 0.00424419 0.00464452 0.000961534 0.00239764 0.00121437 0.000306645 0.00162599 0.00200673 0.00184219 0.000197648 0.00352292 0.00196869 0.000680166 0.00302071 0.00232984 -0.000271731 0.00378628 0.00300619 0.00416182 0.00020022 0.00487714 0.000501406 0.00255402 0.000340885 0.000607828
internal_weight=15215 2470 12745 1476 573 994 852 903 526 284 241 624 142 142 97 102 574 258 316 267 207 242 201 161 2605 811 1944 141 1803 1490
internal_count=15215 2470 12745 1476 573 994 852 903 526 284 241 624 142 142 97 102 574 258 316 267 207 242 201 161 2605 811 1944 141 1803 1490
is_linear=0
shrinkage=0.03


Tree=44
num_leaves=31
num_cat=0
split_feature=30 36 33 22 15 1 47 7 52 14 29 75 59 35 30 34 66 14 67 56 56 9 27 41 37 73 61 52 22 21
split_gain=23.1205 3.9418 1.82899 1.4164 1.88179 0.99927 0.953372 0.944444 0.903563 1.37113 1.0482 0.865442 0.858746 0.797914 0.754764 1.12953 0.795189 0.727451 0.689237 0.674985 0.66413 0.733852 0.720588 0.808537 1.22849 0.793281 0.739187 0.681357 0.643088 0.629516
threshold=5.6458332538604745 0.46129806339740759 0.96875000000000011 48.500000000000007 0.20762169557350282 1.5000000000000002 0.98437500000000011 0.25166666666666676 0.51666668057441723 -0.20499999999999999 8.2666664123535174 1.0000000180025095e-35 1.5833333333333337 0.13714733719825747 13.291666507720949 12.189169883728029 58.500000000000007 -0.034999999999999969 3.5000000000000004 5.6333333333333337 3.4500000000000006 0.92667763438781736 3.5000000000000004 0.38440726697444921 0.4026529341936112 695.45000000000016 0.69246031746031744 0.30881692469120031 80.500000000000014 0.14500000000000005
decision_type=10 10 10 2 10 8 8 10 8 10 10 2 10 10 10 10 8 8 8 10 8 10 10 10 10 2 10 8 2 2
left_child=2 3 -1 7 8 6 -3 -2 9 -5 13 12 -7 -11 15 16 -10 -4 -8 -18 27 22 -22 25 -25 26 -24 -9 -15 -19
right_child=1 5 17 4 -6 11 18 20 14 10 -12 -13 -14 28 -16 -17 19 29 -20 -21 21 -23 23 24 -26 -27 -28 -29 -30 -31
leaf_value=-0.00069698327564298216 -0.00094677345231665596 4.1939306368188156e-05 -0.00061695054080337279 0.0061128058986803296 0.0085910156040274084 -0.0022235522252906643 0.0017429329131846316 0.0051245932988350906 0.0065026067291824689 -0.0012813933756808903 -0.0018981298328273827 0.0052254764065146446 0.0034906241250019974 0.00091416404559844882 0.0073822721425534747 -0.0015958402252290397 -0.00034930708291737927 0.00036173391310943213 0.0049868190034113103 0.0047625873636137298 0.0034083534788121195 0.0035919485848217481 -0.001077526885054765 0.0057035110602155327 -0.00010606346632304945 -0.0037965214528958313 0.0028680763860880316 0.00088399696117267006 0.0060061545782171344 0.0026160328271759656
leaf_weight=10140 190 41 720 43 47 56 64 79 68 43 108 45 41 41 41 40 46 1766 747 47 68 83 155 50 95 64 59 60 49 119
leaf_count=10140 190 41 720 43 47 56 64 79 68 43 108 45 41 41 41 40 46 1766 747 47 68 83 155 50 95 64 59 60 49 119
internal_value=-1.06782e-11 0.00265647 -0.000514828 0.00167298 0.00283962 0.00411687 0.00450519 0.000932688 0.00232571 0.00117794 0.000297445 0.00178692 0.000191718 0.00208032 0.00367269 0.00291601 0.00403696 0.000194213 0.00473083 0.00223412 0.00143353 0.000982965 0.000541935 8.11395e-05 0.00189724 -0.000866106 1.02796e-05 0.00329412 0.00368647 0.000504048
internal_weight=15215 2470 12745 1476 573 994 852 903 526 284 241 142 97 133 242 201 161 2605 811 93 713 574 491 423 145 278 214 139 90 1885
internal_count=15215 2470 12745 1476 573 994 852 903 526 284 241 142 97 133 242 201 161 2605 811 93 713 574 491 423 145 278 214 139 90 1885
is_linear=0
shrinkage=0.03


Tree=45
num_leaves=31
num_cat=0
split_feature=31 42 36 51 51 1 50 60 6 14 52 15 10 46 9 59 9 48 34 52 43 37 59 67 41 15 36 34 63 8
split_gain=21.7766 3.88987 1.56622 1.42692 1.31778 1.00884 1.02599 0.973153 0.942639 0.899602 0.882251 0.9622 1.09083 0.867167 0.833584 0.821473 0.994162 0.983347 0.865658 0.848743 0.82637 0.746529 0.689551 0.748707 1.25279 1.00458 0.988191 0.784594 0.74176 0.725175
threshold=9.5494818687438983 0.12924330681562426 0.64163926243782055 0.14814826846122744 0.16461051255464557 2.5000000000000004 1.5500000119209292 5.8333333333333348 0.17500000000000002 0.27500000000000008 0.16025641560554507 0.21363891689556938 0.20554346434515428 2.2743445634841923 0.99502560364180415 1.5833333333333337 0.40329001720098262 0.37819932401180273 7.0052630901336679 0.63068181276321422 1.0091742873191836 0.65815097093582164 3.8333333333333335 2.5000000000000004 0.50708290934562694 -0.13853629204133863 0.60190629959106456 12.00675678253174 -0.090457267065337618 0.60266666666666679
decision_type=10 10 8 8 8 8 10 8 10 10 8 10 10 10 10 8 10 10 10 10 10 10 8 10 8 8 10 10 2 10
left_child=1 14 5 -3 -5 6 9 13 -6 22 -10 12 -12 -4 -1 17 -17 19 -18 20 -14 -15 23 25 -25 -2 27 -26 -27 -29
right_child=2 3 7 4 8 -7 -8 -9 10 -11 11 -13 15 21 -16 16 18 -19 -20 -21 -22 -23 -24 24 26 28 -28 29 -30 -31
leaf_value=-0.00061115790305345762 -0.0016171021643476408 -3.2077763875184411e-05 0.0013268981445881147 0.0067434394407237686 -0.00039946539819521725 -0.00040355495973735267 0.00629734193906188 0.0081595700272790537 -0.00093897502337183267 0.0058864992165139742 0.0062761629496681246 0.0058667611823243603 -0.00063157094241533839 0.0085369886398315425 0.0016854779523176452 -5.0331585513180993e-05 0.0026376520309179105 -0.0014388567092143657 0.0070208358507703184 0.0052535962929949158 0.0044161747656762595 0.0040398606017344827 -0.0012064743682276458 0.002418131779729655 0.0099554800294572483 -0.00080249804397166335 0.0016495906786863194 0.0078989578985298667 0.0030009088579549632 0.00251314362945656
leaf_weight=11607 61 880 62 43 212 76 87 82 91 84 47 59 108 50 144 83 147 136 56 50 40 99 40 280 48 53 43 45 357 45
leaf_count=11607 61 880 62 43 212 76 87 82 91 84 47 59 108 50 144 83 147 136 56 50 40 99 40 280 48 53 43 45 357 45
internal_value=-1.43141e-11 -0.000377006 0.00341675 0.000863156 0.00159805 0.00294337 0.00316592 0.00538617 0.00138303 0.00290793 0.00184557 0.00219459 0.00186977 0.00430836 -0.000583014 0.00153574 0.00271582 0.000525247 0.00384681 0.00187433 0.000732685 0.00554896 0.00265052 0.00281606 0.00367552 0.00197484 0.00562066 0.00685803 0.00250925 0.00520605
internal_weight=15215 13703 1512 1952 1072 1219 1143 293 1029 1056 817 726 667 211 11751 620 286 334 203 198 148 149 972 932 461 471 181 138 410 90
internal_count=15215 13703 1512 1952 1072 1219 1143 293 1029 1056 817 726 667 211 11751 620 286 334 203 198 148 149 972 932 461 471 181 138 410 90
is_linear=0
shrinkage=0.03


Tree=46
num_leaves=31
num_cat=0
split_feature=30 36 45 22 15 1 36 7 47 15 52 47 15 42 61 73 50 75 64 47 59 47 63 52 31 33 6 40 30 43
split_gain=20.4968 3.5111 1.69675 1.31587 1.73709 0.912968 0.911176 1.0952 0.877395 0.852456 1.44161 1.04929 0.835703 0.841436 0.936736 1.16884 1.26255 0.805059 0.800029 1.61809 0.798429 0.754401 0.746131 0.739453 0.73924 0.936372 1.43611 1.36179 1.03292 0.895951
threshold=5.6458332538604745 0.46129806339740759 0.22500000149011615 48.500000000000007 0.20762169557350282 1.5000000000000002 0.45131339132785803 0.36166666666666675 0.98437500000000011 -0.20899911925181183 0.51666668057441723 1.8257576227188113 -0.10594342251950946 0.12924330681562426 0.53253968253968265 281.65000000000003 0.22080000489950183 1.0000000180025095e-35 1.0000000180025095e-35 2.0333333015441899 1.5833333333333337 2.5773808956146245 -0.11588661388515416 1.3038461208343508 6.3328013420104989 9.2678570747375506 0.87500000000000011 0.35756644606590277 11.812500000000002 2.5000000000000004
decision_type=10 10 8 2 10 8 8 10 8 10 8 10 8 10 10 2 8 2 2 8 10 8 2 8 10 10 10 10 10 8
left_child=2 3 -1 6 9 8 7 -2 -3 -5 11 -11 -4 -14 15 -15 -17 20 19 -12 -7 -20 -16 -21 -9 29 27 -27 -29 -26
right_child=1 5 12 4 -6 17 -8 24 -10 10 18 -13 13 14 22 16 -18 -19 21 23 -22 -23 -24 -25 25 26 -28 28 -30 -31
leaf_value=-0.00064457808927708673 -0.00018050762668111653 -3.1025496016188364e-05 -0.0011649524781239937 0.0062009793951768762 0.0082233316683150981 -0.0022150003171658938 -0.0035101226362876776 0.0048412863876936682 0.0044671477885795102 0.001201274328742106 0.0093418661266565332 -0.0037971331215585053 5.4178919549958607e-05 0.0010744678739692782 0.0031561827978217284 0.0026411647192435338 0.0094354185461997982 0.0049688805813590687 -0.001157288240501657 -0.00042656991071999076 0.0032948428240218539 0.0043482308124397863 -0.00014854390648488672 0.0052092869078809263 0.001117490408136151 -0.002742353088384413 0.008000775089487433 0.0063609760089976984 0.001088327521413385 -0.0036467966826065723
leaf_weight=10505 365 41 316 44 47 56 41 70 811 212 50 46 1279 143 76 64 40 45 48 40 41 42 322 44 156 46 40 56 83 46
leaf_count=10505 365 41 316 44 47 56 41 70 811 212 50 46 1279 143 76 64 40 45 48 40 41 42 322 44 156 46 40 56 83 46
internal_value=-9.90096e-12 0.00250121 -0.000484738 0.001573 0.00269748 0.00387951 0.000859462 0.0010673 0.00425069 0.00220373 0.00183883 0.000310085 0.00026487 0.000499706 0.00138316 0.00283441 0.00525434 0.00165245 0.00359962 0.00506895 0.000113902 0.00141195 0.000482509 0.00252555 0.00198369 0.00151523 0.00284635 0.00173188 0.00321256 3.25537e-05
internal_weight=15215 2470 12745 1476 573 994 903 862 852 526 482 258 2240 1924 645 247 104 142 224 134 97 90 398 84 497 427 225 185 139 202
internal_count=15215 2470 12745 1476 573 994 903 862 852 526 482 258 2240 1924 645 247 104 142 224 134 97 90 398 84 497 427 225 185 139 202
is_linear=0
shrinkage=0.03


Tree=47
num_leaves=31
num_cat=0
split_feature=36 35 37 15 55 52 33 34 45 51 30 46 46 48 63 47 29 45 21 43 6 61 42 30 17 55 41 58 32 33
split_gain=19.3237 2.76058 1.85917 0.714945 0.917524 0.976848 0.719492 0.814983 0.882016 0.904237 0.715077 0.915214 1.02449 0.958045 0.862468 1.01942 1.22943 0.710125 1.00334 0.706176 0.705107 1.2501 1.07986 0.701329 0.698184 0.691308 0.679247 0.66681 0.657374 1.13507
threshold=0.28266076743602758 0.03637566231191159 0.56954333186149608 0.062575798703546473 3.1666666666666674 0.36356022953987127 16.585714340209964 15.82803249359131 3.3666666746139531 1.1489225029945376 13.937500000000002 1.736383378505707 2.0582270622253422 0.37819932401180273 -0.10673743962514627 1.1720595359802248 9.0999999046325701 0.29166667163372045 0.48500000000000004 2.5000000000000004 0.89500000000000013 0.32519841269841271 0.24520900845527652 5.6458332538604745 27.500000000000004 2.5833333333333335 0.3916477113962174 0.39788833193486045 7.0003247261047372 4.4083333015441903
decision_type=10 10 10 10 8 10 8 10 10 10 10 10 10 10 2 10 10 8 2 10 10 10 8 10 2 10 8 2 10 10
left_child=1 -1 3 6 27 26 7 8 9 10 11 13 -13 14 -2 16 -16 23 20 -14 28 -22 25 -3 -8 -23 -6 -5 29 -19
right_child=2 17 -4 4 5 -7 24 -9 -10 -11 -12 12 19 -15 15 -17 -18 18 -20 -21 21 22 -24 -25 -26 -27 -28 -29 -30 -31
leaf_value=-0.00063724471068653276 0.0046873134955425153 -0.00035305113620160003 0.0045022322214539135 0.0034760199340526012 0.0026419145146490265 0.003781903607068995 0.0014224722181878438 0.0050475192309282386 -0.0020433105884406426 0.0050991687502284517 -0.0017058692636111607 0.0062307535619898274 0.0039445644011083117 -0.002974405504230942 -0.00055187156082995767 -0.0017325305272683953 0.0059202685743570318 -0.00024186687562994808 0.004514381389133632 -7.8299786210717518e-05 0.0058013919855539609 0.0038266195294757686 0.0045119843950628168 0.0035039211606437506 0.0066579236951880508 0.00027509347702327528 -0.0022079421448356965 0.0089203291481769649 -0.0012311951970567011 0.0018090082146691782
leaf_weight=10084 55 1189 493 40 53 224 41 56 65 61 65 66 73 56 56 99 50 686 60 85 52 54 70 44 52 570 51 41 248 376
leaf_count=10084 55 1189 493 40 53 224 41 56 65 61 65 66 73 56 56 99 50 686 60 85 52 54 70 44 52 570 51 41 248 376
internal_value=-1.65599e-11 -0.000389402 0.00293537 0.0023361 0.00337246 0.00266635 0.00185443 0.00155955 0.00129234 0.0016179 0.00126689 0.00162472 0.00309164 0.000584885 0.0013515 0.000456527 0.00250102 0.000356865 0.000690333 0.00178037 0.000578736 0.00131495 0.000978789 -0.000215414 0.00434982 0.000582437 0.000263619 0.00623178 0.000159489 0.000484243
internal_weight=15215 13433 1782 1289 409 328 880 787 731 666 605 540 224 316 260 205 106 3349 2116 158 2056 746 694 1233 93 624 104 81 1310 1062
internal_count=15215 13433 1782 1289 409 328 880 787 731 666 605 540 224 316 260 205 106 3349 2116 158 2056 746 694 1233 93 624 104 81 1310 1062
is_linear=0
shrinkage=0.03


Tree=48
num_leaves=31
num_cat=0
split_feature=31 34 36 6 7 13 36 62 1 50 60 14 57 33 43 30 61 12 46 37 42 67 7 47 36 42 43 29 51 73
split_gain=18.2514 3.30082 1.37052 1.19938 1.47592 0.925471 0.960789 1.34465 0.916415 0.943854 0.913125 0.83008 0.824199 0.78257 0.717539 0.872093 0.787549 0.91867 0.68529 0.704051 0.680288 0.649766 0.648443 0.830916 0.834496 0.973737 0.772754 1.34217 1.18185 0.718818
threshold=9.5494818687438983 2.8547711372375493 0.64163926243782055 0.40500000000000008 0.3083333333333334 -1.0000000180025095e-35 0.29563187062740331 25.916666666666671 2.5000000000000004 1.5500000119209292 5.8333333333333348 0.27500000000000008 22.500000000000004 4.4833333492279062 1.2332035899162295 3.9375000000000004 0.64841269841269855 0.25695794389575505 2.2743445634841923 0.65815097093582164 0.297733023762703 6.5000000000000009 0.36416666666666669 0.77909159660339367 0.46989712119102484 0.45847061276435858 2.5000000000000004 12.09999990463257 0.65552279353141796 1341.5500000000002
decision_type=10 8 8 10 8 10 10 2 8 10 10 10 2 10 10 10 10 8 10 10 8 10 10 8 10 10 10 10 10 2
left_child=1 -1 8 12 -5 -6 20 -8 9 11 18 22 13 -3 -14 -16 17 -17 -4 -20 -7 -15 -2 -24 25 26 27 -25 -28 -26
right_child=2 3 10 4 5 6 7 -9 -10 -11 -12 -13 14 21 15 16 -18 -19 19 -21 -22 -23 23 24 29 -27 28 -29 -30 -31
leaf_value=-0.00058654434912217153 0.0057299743507057427 0.00026930840289006468 0.0014835888508926418 0.006685683811930093 -0.0019839673403014499 0.0012379784538111729 0.00064065717670018778 0.0067435404014858334 -0.00050475438952593034 0.0059007512999634292 0.0078002005942950127 0.0055110038184959971 -0.00050915423677365781 0.005268557432427769 -0.0019927237832880747 0.0078101133177406147 2.6292525231838225e-05 0.0014936229378678077 0.0080198227152228352 0.0036525152423277948 -0.001642064291431948 0.00066551370708190871 -0.0018009148648178036 0.0057571342662547011 0.0028299985164144253 -0.0014329369527544698 -0.003200622580337281 5.9894783888012172e-05 0.0027444812628583835 0.0065224863686335248
leaf_weight=10800 50 183 68 44 82 832 64 66 76 87 76 84 1244 69 49 40 60 43 50 99 81 46 44 98 453 87 49 60 78 53
leaf_count=10800 50 183 68 44 82 832 64 66 76 87 76 84 1244 69 49 40 60 43 50 99 81 46 44 98 453 87 49 60 78 53
internal_value=1.09151e-11 -0.000345145 0.00312799 0.00055293 0.0012956 0.00108478 0.00132605 0.00373904 0.00268518 0.00289728 0.00497027 0.00264984 5.22515e-05 0.00148801 -0.000245699 0.00146127 0.00264481 0.00453771 0.00397914 0.00511805 0.000982465 0.00342734 0.00240258 0.00222213 0.00242374 0.00134507 0.00219309 0.00359363 0.000450701 0.00321676
internal_weight=15215 13703 1512 2903 1169 1125 1043 130 1219 1143 293 1056 1734 298 1436 192 143 83 217 149 913 115 972 922 878 372 285 158 127 506
internal_count=15215 13703 1512 2903 1169 1125 1043 130 1219 1143 293 1056 1734 298 1436 192 143 83 217 149 913 115 972 922 878 372 285 158 127 506
is_linear=0
shrinkage=0.03


Tree=49
num_leaves=31
num_cat=0
split_feature=30 35 46 34 29 15 62 55 74 47 15 30 62 37 40 55 46 15 51 67 39 33 47 32 45 55 22 61 6 34
split_gain=17.1876 3.18569 1.53699 1.37244 1.52283 1.31396 1.28052 0.980189 1.01419 1.0213 0.965311 1.40026 1.02889 0.95431 0.806835 0.803467 0.767377 1.03471 0.889287 0.650928 0.776795 0.633595 0.791378 0.626477 0.723926 0.710701 0.686358 0.633605 0.586974 0.617422
threshold=9.6458334922790545 0.03637566231191159 1.736383378505707 10.916164875030519 11.700000286102297 0.073593073593073641 27.416666666666671 2.8333333333333335 1906.5000000000002 4.4476189613342294 0.21363891689556938 4.7321429252624521 26.416666666666671 0.7267574965953828 0.41184891760349279 1.8333333333333337 1.9893539547920229 0.18534916693802242 0.6083335578441621 7.5000000000000009 0.47751228511333471 3.6794872283935551 0.48333333432674414 9.5867457389831561 0.29166667163372045 8.1666666666666696 132.50000000000003 0.54365079365079372 0.025000000000000005 2.7549999952316289
decision_type=10 10 10 10 10 8 2 10 2 10 10 10 2 8 10 10 10 8 10 10 10 8 10 10 8 10 2 10 10 10
left_child=1 -1 3 4 6 15 -2 -4 9 13 14 21 -13 16 23 -5 18 -18 -9 20 -17 22 -12 24 -3 26 28 -27 -26 -30
right_child=2 10 7 5 -6 -7 -8 8 -10 -11 11 12 -14 -15 -16 19 17 -19 -20 -21 -22 -23 -24 -25 25 27 -28 -29 29 -31
leaf_value=-0.00060913929316231395 -0.00047052261685686454 -0.00032896848372632274 0.007001533223036047 0.0051165407759194469 -0.0036814648839267523 0.0067360454435782648 0.0058008601640661553 0.0025052515570074319 0.0071331339059097151 0.0065465789480524993 0.00036687216166263588 0.0085810624663831617 0.0024356901120455537 0.0071707966419952834 0.0038155116700248691 0.0015969483554363251 0.0026559654443253744 -0.0013735088360096728 0.0084266811276652968 0.0037012745135209775 -0.0037799274708543505 -0.0017852918823152335 0.0053321984871290626 -0.002612958775995218 -0.001455338662575691 0.00091928015983143408 0.0037708393703979339 -0.002642435161396861 -0.00033921703305876178 0.0011008556450380362
leaf_weight=10075 84 1142 74 49 74 65 45 50 62 74 104 41 61 44 57 57 640 63 42 44 42 67 40 69 109 77 67 108 334 1355
leaf_count=10075 84 1142 74 49 74 65 45 50 62 74 104 41 61 44 57 57 640 63 42 44 42 67 40 69 109 77 67 108 334 1355
internal_value=-7.60479e-12 -0.000334566 0.00303881 0.00159297 -0.000250806 0.00304933 0.00171717 0.00367283 0.00342019 0.00316805 0.000427296 0.0020199 0.00490589 0.00287007 0.00027706 0.00180123 0.00263204 0.00229486 0.00520851 0.000665211 -0.00068415 0.000624778 0.00174613 0.00021521 0.000276345 0.00061355 0.000789477 -0.00115999 0.000678381 0.000816081
internal_weight=15215 13706 1509 460 203 257 129 1049 975 913 3631 313 102 839 3318 192 795 703 92 143 99 211 144 3261 3192 2050 1865 185 1798 1689
internal_count=15215 13706 1509 460 203 257 129 1049 975 913 3631 313 102 839 3318 192 795 703 92 143 99 211 144 3261 3192 2050 1865 185 1798 1689
is_linear=0
shrinkage=0.03


Tree=50
num_leaves=31
num_cat=0
split_feature=30 36 33 22 15 36 7 15 52 47 60 42 29 33 29 37 67 30 59 22 64 17 56 31 33 6 40 30 43 10
split_gain=16.2049 2.77003 1.35108 1.18625 1.5504 0.849443 0.961818 0.819557 1.30329 0.979824 0.809735 1.11693 0.886505 0.882698 0.815666 0.764666 0.820533 0.907687 0.870712 0.735699 0.860111 0.727709 0.724563 0.722251 0.842413 1.29844 1.26431 0.937182 0.826768 0.711618
threshold=5.6458332538604745 0.46129806339740759 0.96875000000000011 48.500000000000007 0.20762169557350282 0.45131339132785803 0.36166666666666675 -0.20899911925181183 0.51666668057441723 1.8257576227188113 5.8333333333333348 0.36760981380939489 12.900000095367433 14.17424249649048 15.675000190734865 0.48628744482994085 3.5000000000000004 13.812500000000002 0.83333333333333337 66.500000000000014 1.0000000180025095e-35 11.500000000000002 5.6333333333333337 6.3328013420104989 9.2678570747375506 0.87500000000000011 0.35756644606590277 11.812500000000002 2.5000000000000004 0.65496715927750426
decision_type=10 10 10 2 10 8 10 10 8 10 10 10 10 8 10 10 8 10 8 2 2 2 10 10 10 10 10 10 8 10
left_child=2 3 -1 5 7 6 -2 -5 9 -9 11 12 -3 -12 -15 -13 -17 18 -18 22 -21 -19 -10 -8 28 26 -26 -28 -25 -23
right_child=1 10 -4 4 -6 -7 23 8 19 -11 13 15 -14 14 -16 16 17 21 -20 20 -22 29 -24 24 25 -27 27 -29 -30 -31
leaf_value=-0.00058756836099803616 -0.00024664511204990623 0.0030870532648987134 0.00017839735787855229 0.0059200776368379593 0.0076876510436488105 -0.0034969290409509728 0.0046060580752257793 0.0010505576947932394 -0.0015557458901474641 -0.0037795668390943949 0.0029047005945725033 0.00061381043987227728 -0.0024245783640874613 0.0091315117121898905 0.0046513297796517495 -0.00026475543837721754 0.0094192250669002525 6.7954083959407657e-05 0.0043349389792964243 0.0067764865399266658 0.0017047706509617214 0.0047636042590229171 0.0036635764402065734 0.0009543277588314735 -0.0027898171189767512 0.0074821491586044425 0.0059469712403370069 0.00092461339242935888 -0.0036223214597481748 0.0014705766405603742
leaf_weight=10140 365 48 2605 44 47 41 70 212 43 46 122 77 58 58 99 41 50 51 77 78 49 234 54 156 46 40 56 83 46 79
leaf_count=10140 365 48 2605 44 47 41 70 212 43 46 122 77 58 58 99 41 50 51 77 78 49 234 54 156 46 40 56 83 46 79
internal_value=-1.22495e-11 0.00222397 -0.00043101 0.00139952 0.00246718 0.000722038 0.000922708 0.00200072 0.00164293 0.000189373 0.00344821 0.00291334 7.12548e-05 0.00481893 0.00630643 0.00340802 0.00381245 0.0041529 0.00633663 0.00331712 0.00481968 0.003391 0.00134986 0.00178149 0.00131845 0.00258101 0.00152131 0.00294801 -8.78795e-05 0.00393246
internal_weight=15215 2470 12745 1476 573 903 862 526 482 258 994 715 106 279 157 609 532 491 127 224 127 364 97 497 427 225 185 139 202 313
internal_count=15215 2470 12745 1476 573 903 862 526 482 258 994 715 106 279 157 609 532 491 127 224 127 364 97 497 427 225 185 139 202 313
is_linear=0
shrinkage=0.03


Tree=51
num_leaves=31
num_cat=0
split_feature=31 35 37 51 10 42 51 61 38 11 74 66 31 28 46 37 58 46 15 63 15 34 35 40 61 52 61 53 31 59
split_gain=15.263 2.79946 1.22993 0.963227 0.845471 0.904453 1.3223 0.79764 1.04127 1.17285 1.13525 0.868767 0.844972 1.33576 1.0519 1.00588 0.971157 0.968546 1.07286 0.836896 0.832924 0.819064 1.40968 1.07998 1.0917 0.761707 0.781487 0.758681 0.741179 0.752816
threshold=9.5494818687438983 0.03637566231191159 0.68853041529655468 0.14814826846122744 0.14933950934980275 0.12924330681562426 0.19212801009416583 0.34722222222222227 0.38481689989566809 0.34040123519086707 1785.8500000000001 43.500000000000007 15.560148715972902 13.833333492279055 1.2623813152313235 0.50283727049827587 0.49225487546857399 2.3473540544509892 -0.071129450518643098 0.033855148949488524 0.074931824931824945 7.7372124195098886 0.43534001708030706 0.3482059389352799 0.58809523809523823 0.45804196596145635 0.37063492063492071 2.8333333333333335 4.1575489044189462 1.5833333333333337
decision_type=10 10 8 8 10 10 8 10 10 10 2 10 10 10 10 10 2 10 10 2 10 10 10 10 10 8 10 10 10 8
left_child=1 -1 7 -3 -5 -6 -7 11 21 -10 12 -2 13 14 -11 -15 19 18 -16 -14 -18 22 -9 24 -23 26 -8 28 -27 -30
right_child=2 3 -4 4 5 6 25 8 9 10 -12 -13 16 15 17 -17 20 -19 -20 -21 -22 23 -24 -25 -26 27 -28 -29 29 -31
leaf_value=-0.00057260192032076497 0.0027205875613971757 -9.9666266968207697e-06 0.0054198438888354416 -0.00072416560573352348 0.00011215610415847213 0.0054544185069048913 0.0041107690318123152 -3.0548992143435909e-05 0.0070677676783217225 -0.00085244628864358058 0.0069645146941766144 -0.0025894805618251362 0.0038744841381700991 -0.0036635156106561997 0.0092674187693575563 0.0013015349107515066 0.00365486294752412 0.0017938396270530154 0.0038089420228469657 0.0082850818865795126 -0.001443818155010896 -0.0019666315200738606 0.006858983629902538 -0.0026665932240967564 0.0042793572774869112 -0.0005992664988426601 -7.0264791247269531e-05 -0.0014460468181777138 0.0020493778185505839 0.0049799343588061793
leaf_weight=10082 57 2128 152 222 405 82 46 55 68 53 60 54 106 52 44 125 92 130 123 61 42 40 52 78 68 51 321 43 186 137
leaf_count=10082 57 2128 152 222 405 82 46 55 68 53 60 54 106 52 44 125 92 130 123 61 42 40 52 78 68 51 321 43 186 137
internal_value=5.71304e-12 -0.000315626 0.00286047 0.000399874 0.000984028 0.00128239 0.00182967 0.00257442 0.00279101 0.00327055 0.00297977 0.000137311 0.00269102 0.00196675 0.00304082 -0.000157124 0.00395911 0.00373557 0.0052471 0.00548554 0.00205677 0.00122636 0.00331764 2.33159e-05 0.00196603 0.00145055 0.000453788 0.0023278 0.00276169 0.00329237
internal_weight=15215 13703 1512 3621 1493 1271 866 1360 1249 956 888 111 828 527 350 177 301 297 167 167 134 293 107 186 108 784 367 417 374 323
internal_count=15215 13703 1512 3621 1493 1271 866 1360 1249 956 888 111 828 527 350 177 301 297 167 167 134 293 107 186 108 784 367 417 374 323
is_linear=0
shrinkage=0.03


Tree=52
num_leaves=31
num_cat=0
split_feature=30 36 45 22 15 36 7 15 52 47 1 15 33 47 75 59 56 66 64 47 47 52 75 73 29 17 17 61 17 41
split_gain=14.3761 2.45626 1.24707 1.10282 1.45039 0.799397 0.884232 0.766178 1.19651 0.923326 0.758774 0.752667 0.75664 0.743812 0.736211 0.744317 0.709817 0.815984 0.698259 1.50781 0.683548 0.677423 0.628595 0.774408 0.741067 0.865202 0.582776 0.886405 0.850071 0.627931
threshold=5.6458332538604745 0.46129806339740759 0.22500000149011615 48.500000000000007 0.20762169557350282 0.45131339132785803 0.31166666666666681 -0.20899911925181183 0.51666668057441723 1.8257576227188113 1.5000000000000002 -0.10594342251950946 6.0312500000000009 0.98437500000000011 1.0000000180025095e-35 1.1666666666666667 3.3250000000000006 84.500000000000014 1.0000000180025095e-35 2.0333333015441899 2.5773808956146245 1.3038461208343508 1.5000000000000002 929.50000000000011 13.09999990463257 11.500000000000002 31.500000000000004 0.66904761904761911 17.500000000000004 0.58194017410278331
decision_type=10 10 8 2 10 8 10 10 8 10 8 8 10 8 2 10 8 8 2 8 8 8 2 2 10 2 2 8 2 10
left_child=2 3 -1 5 7 6 -2 -5 9 -9 13 -4 -13 -3 15 -12 17 -8 19 -10 -20 -21 23 24 -15 -26 27 28 -27 -28
right_child=1 10 11 4 -6 -7 16 8 18 -11 14 12 -14 22 -16 -17 -18 -19 20 21 -22 -23 -24 -25 25 26 29 -29 -30 -31
leaf_value=-0.00054299338499012298 -0.00054023735802769327 -0.00035639217168819613 -0.0011202484223095676 0.0056862018325112076 0.0073970935667092173 -0.0034276495937530585 0.0066439555122633463 0.00099394129591396513 0.00865227437093854 -0.0036948590887629466 -0.003138250229795548 0.00035559568210965375 0.0038643985280865114 0.005795097109697632 0.0043886928608020143 0.0021403866394791959 0.0010570781329380615 0.0011122845322825016 -0.0013345802400726824 -0.00075326321669854225 0.0039060298932184065 0.0046410291934047224 0.0060250784404519376 0.00037843364301476287 0.00029728182107210157 0.003156452974506509 0.0012844696379033847 0.002201135487505986 0.0085161842410697748 0.0042418641441368627
leaf_weight=10505 276 41 316 44 47 41 48 212 50 46 44 1867 57 132 45 53 490 48 48 40 42 44 99 66 75 41 120 62 76 140
leaf_count=10505 276 41 316 44 47 41 48 212 50 46 44 1867 57 132 45 53 490 48 48 40 42 44 99 66 75 41 120 62 76 140
internal_value=-4.33418e-12 0.00209473 -0.000405961 0.00131837 0.0023478 0.000665148 0.000859817 0.00189663 0.00155069 0.000157954 0.00324754 0.000236683 0.000459547 0.00358593 0.00121724 -0.000254047 0.00151923 0.00387812 0.00315483 0.00452753 0.00111104 0.00207232 0.00378523 0.00347379 0.00379003 0.00327511 0.00378385 0.0051012 0.00663799 0.00287691
internal_weight=15215 2470 12745 1476 573 903 862 526 482 258 994 2240 1924 852 142 97 586 96 224 134 90 84 811 712 646 514 439 179 117 260
internal_count=15215 2470 12745 1476 573 903 862 526 482 258 994 2240 1924 852 142 97 586 96 224 134 90 84 811 712 646 514 439 179 117 260
is_linear=0
shrinkage=0.03


Tree=53
num_leaves=31
num_cat=0
split_feature=30 35 46 34 29 15 62 56 34 61 15 44 15 30 62 55 61 51 47 29 8 66 66 58 40 66 73 32 33 34
split_gain=13.5643 2.54427 1.32577 1.21598 1.42395 1.21715 1.17934 0.872988 1.17263 1.10547 1.14256 1.05898 0.858492 1.1899 0.946811 0.740868 0.714272 0.889382 0.697125 0.778793 1.39127 0.84979 0.837912 0.703415 0.655219 0.618125 0.645472 0.611151 0.605122 0.774038
threshold=9.6458334922790545 0.03637566231191159 1.736383378505707 10.916164875030519 11.700000286102297 0.073593073593073641 27.416666666666671 3.9000000000000004 16.804761886596683 0.34722222222222227 0.18534916693802242 1.8333333134651186 0.21363891689556938 4.7321429252624521 26.416666666666671 1.8333333333333337 0.51031746031746039 0.67306825518608104 4.4476189613342294 13.09999990463257 0.7290000000000002 67.500000000000014 45.500000000000007 0.51959850606909441 0.41184891760349279 69.500000000000014 178.30000000000004 9.5867457389831561 3.6794872283935551 3.0712472200393681
decision_type=10 10 10 10 10 8 2 10 10 10 8 10 10 10 2 10 10 10 10 10 10 8 10 2 10 8 2 10 8 10
left_child=1 -1 3 4 6 15 -2 11 9 -9 18 -4 24 28 -15 -5 -13 -18 19 23 21 22 -21 25 27 -11 -27 -3 29 -14
right_child=2 12 7 5 -6 -7 -8 8 -10 10 -12 16 13 14 -16 -17 17 -19 -20 20 -22 -23 -24 -25 -26 26 -28 -29 -30 -31
leaf_value=-0.00054259584106819208 -0.00057522666973194901 0.00024660778145592035 0.00860101283206181 0.0047098761719024298 -0.0036961693200912023 0.006275881927675352 0.0054432994003097207 -0.0023608393594622612 0.0057473646449136793 0.0031977121912641448 -0.0012467505531385539 0.0069650633976032781 0.00026020494999714415 0.0080714799477378044 0.0021763114854082707 0.00043546635110478302 -0.00079071046045282845 0.0047313447219009194 0.0060029844521671868 -0.00035878841175387304 0.0057905783005631883 -0.00051596799303057052 0.0048596535572626937 0.0012413342944101282 0.0034306655248234927 0.0094057603476738385 0.0042373249026795108 -0.0026071363160103233 -0.0017558157755367791 0.005066259569206903
leaf_weight=10075 84 3192 55 49 74 65 45 41 110 80 60 44 101 41 61 143 45 63 66 45 65 159 72 57 57 44 43 69 67 43
leaf_count=10075 84 3192 55 49 74 65 45 41 110 80 60 44 101 41 61 143 45 63 66 45 65 159 72 57 57 44 43 69 67 43
internal_value=-1.36053e-11 -0.000297217 0.00269957 0.00135674 -0.000378754 0.00272758 0.00152426 0.00328842 0.00285931 0.00242531 0.00270929 0.00503387 0.000383642 0.00188555 0.00454594 0.00152633 0.00374313 0.00243049 0.00308546 0.00274465 0.00184193 0.000911995 0.00285256 0.00411889 0.000241961 0.00510105 0.00685125 0.000186225 0.00059948 0.00169535
internal_weight=15215 13706 1509 460 203 257 129 1049 842 732 691 207 3631 313 102 192 152 108 631 565 341 276 117 224 3318 167 87 3261 211 144
internal_count=15215 13706 1509 460 203 257 129 1049 842 732 691 207 3631 313 102 192 152 108 631 565 341 276 117 224 3318 167 87 3261 211 144
is_linear=0
shrinkage=0.03


Tree=54
num_leaves=31
num_cat=0
split_feature=34 35 33 37 37 11 52 21 14 17 42 30 39 17 66 12 63 53 74 35 38 47 58 47 22 17 10 11 22 74
split_gain=12.7972 2.31855 1.41351 1.02693 1.06009 1.00287 0.961596 1.23725 0.827381 0.804721 0.886147 0.789174 1.11462 0.78909 0.785303 0.785214 0.710751 0.69454 0.699651 1.14057 1.34265 0.797259 1.04914 0.781675 1.17859 0.730763 0.797317 1.4507 0.673926 0.700274
threshold=6.773156166076661 0.3647450208663941 0.96875000000000011 0.5907002091407777 0.27277515828609472 0.70018323196747445 0.63961037993431102 0.12500000000000003 0.22500000000000003 76.500000000000014 0.2895734310150147 11.937500000000002 0.33785384893417364 17.500000000000004 34.500000000000007 0.43235070108351009 0.023267713741464722 2.8333333333333335 236.80000000000004 0.43050193786621099 0.42377534508705145 3.2583333253860478 0.49582341477582259 1.8619047403335574 35.500000000000007 52.500000000000007 0.52833065810593915 0.42986738102118988 40.500000000000007 1321.0000000000002
decision_type=10 8 10 8 10 10 8 2 10 2 10 10 10 2 10 10 2 8 2 10 8 8 2 10 2 2 10 10 2 2
left_child=2 6 -1 4 -3 9 7 11 -4 10 -6 12 28 16 15 -15 -8 18 19 -12 -21 22 23 -20 -25 26 27 -22 -2 -30
right_child=1 3 8 -5 5 -7 13 -9 -10 -11 17 -13 -14 14 -16 -17 -18 -19 21 20 25 -23 -24 24 -26 -27 -28 -29 29 -31
leaf_value=-0.00052464999821924454 -0.001363004684044516 0.0070706793529594809 8.3005565586901107e-05 0.0041887607329990709 -0.0013650763016499457 -0.0024455965510228783 0.002611113084370599 0.0053755526153779608 0.0019757841998068368 0.005768426785341881 0.0045242498122155667 -0.0031327327259171468 0.005059570018867296 -0.00083567346610567141 0.0057346490955370172 0.0043787821779414171 -0.0025928029087795451 0.0056412921947511761 0.0016459787123807772 -0.004586690161377192 0.00036616313069224183 0.0071671384448418387 -0.0014815991663208873 0.0093239692139734567 0.0026545794317988972 -0.0022558089546774597 -0.00028783202449101481 0.0071387574425263497 0.00030723755124785089 0.0045699727144092317
leaf_weight=10176 203 41 2588 400 61 41 51 41 226 58 75 65 42 51 83 53 44 55 97 42 59 40 46 41 57 44 79 55 261 40
leaf_count=10176 203 41 2588 400 61 41 51 41 226 58 75 65 42 51 83 53 44 55 97 42 59 40 46 41 57 44 79 55 261 40
internal_value=-1.00449e-11 0.00210224 -0.000360084 0.00292595 0.00235904 0.00213177 0.000963689 0.000330629 0.00023502 0.00236375 0.00210081 -7.90135e-06 0.000364102 0.00242736 0.00355846 0.00182169 0.000200878 0.00240721 0.00212709 0.00123988 0.000356989 0.00324479 0.00259378 0.00355515 0.00544483 0.00123308 0.00202848 0.00363364 -2.71866e-05 0.000873714
internal_weight=15215 2225 12990 1291 891 850 934 652 2814 809 751 611 546 282 187 104 95 690 635 354 279 281 241 195 98 237 193 114 504 301
internal_count=15215 2225 12990 1291 891 850 934 652 2814 809 751 611 546 282 187 104 95 690 635 354 279 281 241 195 98 237 193 114 504 301
is_linear=0
shrinkage=0.03


Tree=55
num_leaves=31
num_cat=0
split_feature=35 34 52 15 41 35 34 22 66 37 42 44 1 30 57 11 10 52 8 62 7 28 31 47 30 56 21 17 57 61
split_gain=12.0904 2.21666 2.09511 1.16702 1.37194 1.95791 1.07082 0.917286 1.33337 0.892937 0.927897 1.52561 1.30441 1.06587 1.36924 1.00324 0.883998 1.05553 0.824528 1.00716 0.801718 0.786545 0.921184 0.752289 0.663968 0.646923 0.645662 0.630427 0.624165 0.518113
threshold=0.21132376790046695 11.155828952789308 0.45804196596145635 0.0084325340139293509 0.34428149461746221 0.26975052058696752 5.0119047164917001 88.500000000000014 34.500000000000007 0.5907002091407777 0.47659222781658178 2.1666666269302373 1.5000000000000002 12.437500000000002 24.166666666666668 0.49638860631994591 0.58123821495914529 0.85164836049079906 0.46266666666666673 26.583333333333339 0.99166666666666681 13.166666507720949 10.422442436218263 1.2928571105003359 15.550000190734865 2.4500000000000006 0.21500000000000005 16.500000000000004 21.166666666666668 0.34722222222222227
decision_type=10 10 10 10 10 10 8 2 10 10 10 8 10 10 2 10 10 8 10 2 10 10 10 8 10 10 2 2 2 10
left_child=6 2 26 21 5 -5 20 28 -9 10 11 12 23 -12 -15 -13 17 -16 -6 -20 -1 22 -4 -3 -19 -22 -2 -7 -8 -30
right_child=1 9 3 4 18 27 7 8 -10 -11 13 15 -14 14 16 -17 -18 24 19 -21 25 -23 -24 -25 -26 -27 -28 -29 29 -31
leaf_value=-0.00049907423223733045 0.00013433818562239957 0.00093759374859343672 0.00036106948860951011 0.0074742986561685066 0.0096807496449910109 -0.0029396194630923367 0.0028024624021653131 -0.0010196351523442965 0.0058688568984243007 0.0042655997818436455 -0.0025633241566009185 -0.00093918124685086395 0.0087450615540146832 0.0067976838309938706 -0.00070603307839483024 0.0041526888161897658 -0.0025460543521694488 0.0015305124296156583 0.0081150206289285869 0.0021998686747004589 0.0037446972005197713 -0.0013614688588566353 0.0049172178529469021 0.0057920725785700952 0.0062358140791131346 0.00035279003204191357 0.0032312159389257431 0.0017411825544826807 0.0024849393188624697 -0.00026708889632455761
leaf_weight=11371 893 56 93 41 40 45 79 41 66 338 55 83 65 45 75 60 48 53 44 63 58 77 70 59 55 397 65 61 68 651
leaf_count=11371 893 56 93 41 40 45 79 41 66 338 55 83 65 45 75 60 48 53 44 63 58 77 70 59 55 397 65 61 68 651
internal_value=8.81898e-12 0.00191453 0.00118378 0.00268953 0.00395666 0.00190732 -0.000373552 0.000621033 0.00322934 0.00301359 0.00236653 0.00351045 0.00534815 0.00125026 0.00201022 0.00119727 0.00107759 0.00202806 0.006006 0.00463227 -0.000449664 0.0011373 0.0023177 0.00342815 0.00392673 0.000785165 0.00034446 -0.00024595 0.000271298 -6.81363e-06
internal_weight=15215 2484 1492 534 294 147 12731 905 107 992 654 323 180 331 276 143 231 183 147 107 11826 240 163 115 108 455 958 106 798 719
internal_count=15215 2484 1492 534 294 147 12731 905 107 992 654 323 180 331 276 143 231 183 147 107 11826 240 163 115 108 455 958 106 798 719
is_linear=0
shrinkage=0.03


Tree=56
num_leaves=31
num_cat=0
split_feature=30 31 22 45 22 17 57 50 47 66 10 55 29 38 14 15 34 43 64 28 55 60 33 15 33 46 52 34 46 44
split_gain=11.3856 1.94095 1.33315 1.03822 0.879716 1.0538 0.855103 0.965878 0.886531 1.0538 0.844206 0.865056 1.15109 1.22141 1.09894 0.897057 0.72681 0.710763 0.839418 0.780948 0.713552 0.708243 0.882661 0.691088 0.675439 0.606235 0.582423 1.09704 0.573612 0.76515
threshold=5.6458332538604745 15.560148715972902 52.500000000000007 0.22500000149011615 97.500000000000014 9.5000000000000018 24.500000000000004 1.3666666746139529 1.8944444060325625 66.500000000000014 0.14359351988217969 3.8333333333333335 7.2249999046325692 0.39279143512248998 0.039999999999999959 -0.045830885233059136 8.7077174186706561 2.5000000000000004 1.0000000180025095e-35 18.166666984558109 4.166666666666667 4.416666666666667 12.964285850524904 -0.10594342251950946 6.0312500000000009 1.3213611245155337 0.79285714030265819 12.189169883728029 1.7682427167892458 1.8333333134651186
decision_type=10 10 2 8 2 2 2 8 10 8 10 8 10 10 8 10 10 10 2 10 10 8 10 8 10 10 10 10 10 10
left_child=3 2 10 -1 5 -3 21 8 9 25 -2 12 -12 -14 15 -15 -11 18 19 -7 -19 -4 -23 -5 -25 -8 -10 -28 -13 -30
right_child=1 4 6 23 -6 17 7 -9 26 16 11 28 13 14 -16 -17 -18 20 -20 -21 -22 22 -24 24 -26 -27 27 -29 29 -31
leaf_value=-0.00048631006811188267 -0.0011178452294146599 -0.00048773238367791621 0.005670725003740675 -0.001075146630689313 0.0077369938176352435 0.0063120224616828972 0.0025063530961051583 0.0051768064162752122 -0.0021232348481347533 0.0032646091029164379 0.0057537733410329868 -0.00036840527134418121 -0.0015472644329329122 0.0029067974204995805 0.0054634065181016923 -0.002725020564626902 -0.00088021817537856854 0.0077724725594196251 -0.001741415939759463 0.00059288458499525277 0.0038406731522367668 0.00073013119127475815 0.0060500264385851413 0.00034042901307120959 0.0036556108315524299 0.0071149148594359954 0.0048067184467799956 -0.0019717372183433988 0.0051121059457533233 0.00086117747263399073
leaf_weight=10505 172 62 111 316 41 44 54 64 89 64 72 329 83 70 81 40 94 51 40 42 224 89 41 1867 57 49 42 44 43 335
leaf_count=10505 172 62 111 316 41 44 54 64 89 64 72 329 83 70 81 40 94 51 40 42 224 89 41 1867 57 49 42 44 43 335
internal_value=-5.48843e-12 0.00186416 0.00143836 -0.000361278 0.00352511 0.00315214 0.00244281 0.00173528 0.00123011 0.00233781 0.000830775 0.00114907 0.00237821 0.0014912 0.00281158 0.000858864 0.000798699 0.00371491 0.001849 0.00351896 0.00456984 0.00391072 0.00240794 0.000225091 0.000438644 0.00469878 -0.000421955 0.00133867 0.000547538 0.00134475
internal_weight=15215 2470 1966 12745 504 463 741 500 436 261 1225 1053 346 274 191 110 158 401 126 86 275 241 130 2240 1924 103 175 86 707 378
internal_count=15215 2470 1966 12745 504 463 741 500 436 261 1225 1053 346 274 191 110 158 401 126 86 275 241 130 2240 1924 103 175 86 707 378
is_linear=0
shrinkage=0.03


Tree=57
num_leaves=31
num_cat=0
split_feature=35 34 52 15 41 35 34 22 66 37 42 44 1 67 10 30 42 74 60 8 62 28 31 63 7 28 53 56 21 17
split_gain=10.7403 1.98995 1.90646 1.0879 1.26949 1.84516 0.961778 0.848011 1.24194 0.803371 0.883124 1.44031 1.23229 1.02326 1.44645 1.57479 1.04855 0.936387 0.922258 0.778058 0.937641 0.751951 0.858306 0.74036 0.735219 0.719856 0.632841 0.611206 0.604503 0.582737
threshold=0.21132376790046695 11.155828952789308 0.45804196596145635 0.0084325340139293509 0.34428149461746221 0.26975052058696752 5.0119047164917001 88.500000000000014 34.500000000000007 0.5907002091407777 0.47659222781658178 2.1666666269302373 1.5000000000000002 8.5000000000000018 0.57343137254901977 15.812500000000002 0.5895596742630006 398.10000000000008 4.8333333333333348 0.46266666666666673 26.583333333333339 13.166666507720949 10.422442436218263 0.021323503837023614 0.99166666666666681 11.500000000000002 1.1666666666666667 2.4500000000000006 0.21500000000000005 16.500000000000004
decision_type=10 10 10 10 10 10 8 2 10 10 10 8 10 10 10 10 10 2 8 10 2 10 10 2 10 10 10 10 2 2
left_child=6 2 28 21 5 -5 24 -8 -9 10 11 12 25 14 15 16 18 23 -12 -6 -21 22 -4 -13 -1 -3 -15 -26 -2 -7
right_child=1 9 3 4 19 29 7 8 -10 -11 13 17 -14 26 -16 -17 -18 -19 -20 20 -22 -23 -24 -25 27 -27 -28 -29 -30 -31
leaf_value=-0.00047152647458897494 0.00010813659898522711 0.001294174901319339 0.00031523691279993903 0.0072048525221464106 0.009312913579400629 -0.0028796014573114611 0.00025424179316435315 -0.0010023224172068803 0.0056458092497831038 0.0040333665142210538 0.0014564555692600041 -0.0036713097806620808 0.0084352946950552558 0.0067581091047031801 -0.004005375994663489 0.0058380450219748421 0.0036658142099893366 0.0042639216903667398 -0.0044652578896576802 0.007769166367467154 0.0020618109187732141 -0.001393441083272556 0.0047131398908594356 0.0017827339353971182 0.0036349721503411902 0.0061224236525595187 0.0014542867163786801 0.00033802935656544844 0.0031046816007449076 0.0016206755253686006
leaf_weight=11371 893 68 93 41 40 45 798 41 66 338 41 42 65 40 57 53 43 53 56 44 63 77 70 48 58 47 41 397 65 61
leaf_count=11371 893 68 93 41 40 45 798 41 66 338 41 42 65 40 57 53 43 53 56 44 63 77 70 48 58 47 41 397 65 61
internal_value=4.28247e-12 0.00180446 0.00111209 0.00254845 0.00377188 0.00180053 -0.000352077 0.000590512 0.00309839 0.00284581 0.00223206 0.00334804 0.00513362 0.00114305 0.000193601 0.00143371 -0.000233641 0.00110045 -0.00196227 0.00574322 0.00440876 0.00104976 0.00220391 -0.000762486 -0.000424209 0.00326746 0.00407346 0.000758299 0.000311451 -0.000289819
internal_weight=15215 2484 1492 534 294 147 12731 905 107 992 654 323 180 331 250 193 140 143 97 147 107 240 163 90 11826 115 81 455 958 106
internal_count=15215 2484 1492 534 294 147 12731 905 107 992 654 323 180 331 250 193 140 143 97 147 107 240 163 90 11826 115 81 455 958 106
is_linear=0
shrinkage=0.03


Tree=58
num_leaves=31
num_cat=0
split_feature=31 35 35 52 51 42 67 41 74 67 38 48 10 54 51 42 53 28 29 15 61 30 33 54 30 33 63 63 36 66
split_gain=10.114 1.92157 0.945378 0.757771 0.730749 0.720926 1.23284 1.15272 0.773315 0.747417 0.965538 0.728983 0.715618 0.745549 0.992272 0.813202 0.742089 0.914714 0.707629 0.702394 0.683641 0.660135 1.17339 1.19018 1.06479 0.903125 0.834413 0.874453 0.801803 0.905703
threshold=9.5494818687438983 0.03637566231191159 0.85880398750305187 1.6125000119209292 0.14814826846122744 0.30715137720108038 8.5000000000000018 0.45086555182933813 1785.8500000000001 2.5000000000000004 0.36642375588417059 0.24563692510128024 0.14933950934980275 1.9000000000000001 0.187122717499733 0.24520900845527652 0.41666666666666669 8.8333334922790545 8.7750000953674334 0.17671900415841449 0.36150793650793661 17.687500000000004 16.585714340209964 1.2250000000000003 19.062500000000004 14.881944656372072 -0.11852305813766888 -0.046952038298065678 0.57806020975112926 42.500000000000007
decision_type=10 10 8 10 10 10 8 8 2 8 10 10 10 10 10 10 10 10 10 10 8 10 8 8 10 10 2 2 10 10
left_child=1 -1 3 5 -3 6 -2 11 9 -7 -11 -8 -6 14 -14 -15 -16 18 19 -18 -12 22 25 -24 -23 26 -22 -28 29 -29
right_child=2 4 -4 -5 12 8 7 -9 -10 10 20 -13 13 15 16 -17 17 -19 -20 -21 21 24 23 -25 -26 -27 27 28 -30 -31
leaf_value=-0.00046983285852521511 0.0035892282395269086 -1.6655673476499177e-05 0.00687914379069116 0.0048564786098355042 -0.00072257941394909472 -0.001049962835686822 0.0023570495730798158 -0.0051612228427718324 0.0051045347829782508 -0.0013686625097515219 -0.00039488034060923381 -0.001911974765271658 0.0046818259409789386 -0.00059489177709790713 0.0040060051482308789 0.0026093580059011229 0.00051067597828113116 0.0040836888156831263 -0.0030938299440524792 0.0041773238255140869 0.00031406756435324883 -0.0023619836727286586 0.0093589650072595648 0.0032769666181237836 0.0032625255745876093 0.00021692919200008107 0.0060222364332188257 0.00087518014981469606 0.0066211492902683942 0.0046370433068368576
leaf_weight=10082 88 2150 40 91 221 62 84 41 86 59 64 63 87 329 81 91 491 75 44 52 76 54 51 67 69 113 110 160 44 90
leaf_count=10082 88 2150 40 91 221 62 84 41 86 59 64 63 87 329 81 91 491 75 44 52 76 54 51 67 69 113 110 160 44 90
internal_value=9.69183e-12 -0.00025693 0.00232851 0.00220485 0.00033586 0.00203012 0.000658622 -0.000713151 0.00237269 0.00214213 0.00234893 0.000527468 0.000851093 0.00112932 0.0016505 9.93623e-05 0.00129555 0.000963914 0.000565305 0.00086181 0.00259319 0.00282249 0.00317354 0.00590563 0.000793229 0.00262988 0.00319793 0.00374044 0.00288671 0.00222945
internal_weight=15215 13703 1512 1472 3621 1381 276 188 1105 1019 957 147 1471 1250 830 420 743 662 587 543 898 834 711 118 123 593 480 404 294 250
internal_count=15215 13703 1512 1472 3621 1381 276 188 1105 1019 957 147 1471 1250 830 420 743 662 587 543 898 834 711 118 123 593 480 404 294 250
is_linear=0
shrinkage=0.03


Tree=59
num_leaves=31
num_cat=0
split_feature=35 34 52 15 41 35 34 22 66 22 34 61 30 41 46 43 41 52 58 8 62 66 27 54 28 31 7 53 49 8
split_gain=9.54016 1.76692 1.74579 1.0177 1.16872 1.72903 0.874249 0.783051 1.17374 0.757401 0.79604 1.40904 1.12639 0.910434 0.848359 0.880336 0.936293 1.04246 0.744827 0.72494 0.882133 0.720306 0.771721 0.877292 0.714894 0.790846 0.675182 0.653014 0.642808 0.637095
threshold=0.21132376790046695 11.155828952789308 0.45804196596145635 0.0084325340139293509 0.34428149461746221 0.26975052058696752 5.0119047164917001 88.500000000000014 34.500000000000007 99.500000000000014 11.841052532196047 0.65178571428571441 12.645833492279055 0.53975039720535289 1.5297768712043764 2.5000000000000004 0.54561588168144237 0.87083333730697643 0.49582341477582259 0.46266666666666673 26.583333333333339 62.500000000000007 10.500000000000002 1.3666666666666669 13.166666507720949 10.422442436218263 0.99166666666666681 2.4166666666666674 0.83333334326744091 0.49100000000000005
decision_type=10 10 10 10 10 10 8 2 10 2 10 10 10 8 8 10 8 10 2 10 2 10 10 10 10 10 10 10 10 10
left_child=6 2 -2 24 5 -5 26 -8 -9 10 11 -3 13 29 -14 21 18 -18 -17 -6 -21 22 -16 -24 25 -4 -1 -19 -25 -12
right_child=1 9 3 4 19 -7 7 8 -10 -11 12 -13 14 -15 15 16 17 27 -20 20 -22 -23 23 28 -26 -27 -28 -29 -30 -31
leaf_value=-0.00044593998729498265 0.00028208545676971125 0.0022289738131614474 0.00028563722427333552 0.0069460413209730528 0.0089432086114902623 -0.00030894953094176808 0.00024371655720909288 -0.0010097682566904439 0.0054532468894665891 0.0054999796048107357 -0.00064999342231506787 0.0089110574225584657 0.0056184314707802101 -0.0039949075534809154 0.0046913892749903922 0.0033588874642737207 0.0076102662339472939 0.0015205110526033516 -0.0014920517772239129 0.0074688379407267681 0.0019329973812481124 -0.002782821625471115 0.0030898550377012443 -0.0042950450128628288 -0.0014090203565988362 0.0045071742021412188 0.00073260318471507707 0.0061128706707641841 0.0010503825623678362 0.0037325347021824737
leaf_weight=11371 958 77 93 41 40 106 798 41 66 79 72 45 77 41 54 63 67 87 52 44 63 40 65 40 77 70 455 41 41 51
leaf_count=11371 958 77 93 41 40 106 798 41 66 79 72 45 77 41 54 63 67 87 52 44 63 40 65 40 77 70 455 41 41 51
internal_value=-9.39779e-12 0.00170066 0.00104825 0.00242275 0.00360604 0.00171455 -0.000331824 0.00056685 0.00297676 0.00268192 0.00243808 0.00469368 0.00209019 -0.000123363 0.00266917 0.00225627 0.00331233 0.00457846 0.00116542 0.00549752 0.00420942 0.000892194 0.0016272 0.000493866 0.000973216 0.00209857 -0.000400596 0.0029915 -0.00158933 0.00116715
internal_weight=15215 2484 1492 534 294 147 12731 905 107 992 913 122 791 164 627 550 310 195 115 147 107 240 200 146 240 163 11826 128 81 123
internal_count=15215 2484 1492 534 294 147 12731 905 107 992 913 122 791 164 627 550 310 195 115 147 107 240 200 146 240 163 11826 128 81 123
is_linear=0
shrinkage=0.03


Tree=60
num_leaves=31
num_cat=0
split_feature=35 33 22 31 35 9 45 11 57 30 34 57 56 51 47 27 22 14 57 44 67 58 35 15 38 17 56 1 6 22
split_gain=8.97633 1.67832 1.05244 1.01842 1.16264 0.896132 1.0413 0.886968 0.86156 0.830558 0.823689 0.784159 0.760714 0.709359 0.828438 1.04728 1.21233 0.829781 1.18834 0.810351 1.11192 0.959628 1.06544 0.770063 0.667235 0.719078 0.631675 0.69634 1.12049 0.868128
threshold=0.21132376790046695 13.607692718505861 40.500000000000007 12.100129127502443 0.46247655153274542 0.54614705004670017 2.1000000238418584 0.8309753388066643 25.500000000000004 13.937500000000002 0.4907375723123551 31.833333333333339 5.1000000000000005 0.048903945833444602 1.1252376437187197 12.500000000000002 89.500000000000014 0.069999999999999993 24.500000000000004 1.1368560194969179 7.5000000000000009 0.38635173574828757 0.2788888961076737 0.023139378161810862 0.53035864233970653 9.5000000000000018 5.6333333333333337 1.5000000000000002 0.28500000000000009 12.500000000000002
decision_type=10 10 2 10 10 10 8 10 2 10 8 2 10 10 8 10 2 10 2 10 8 2 10 10 10 2 8 10 10 2
left_child=10 2 5 -3 11 26 12 13 -8 -6 -1 -5 -7 -4 17 16 19 18 -15 -16 -21 -22 -23 -17 -11 -26 27 -2 -29 -30
right_child=1 3 7 4 9 6 8 -9 -10 24 -12 -13 -14 14 15 23 -18 -19 -20 20 21 22 -24 -25 25 -27 -28 28 29 -31
leaf_value=-0.00047879998520644563 -0.00066200509641294448 0.0069617721445571915 0.00014933784999753228 -0.0024056474440952848 0.0058437113833196205 -0.00036589039087401491 0.0074629683099513826 -0.0016823437177975263 0.0020820926821751282 -5.0314654962026644e-05 4.9182815177230274e-05 0.0029651864971965551 0.0041086573197051529 -0.00055464204512536519 0.00066311095133782011 -0.0025596437670174052 -0.00037202722579240797 0.0072236473390405054 0.0057075561992824073 0.0091355664525614236 0.0076426026639528563 0.0059019171377254079 -0.00014884823224326567 0.0017254755532865047 -0.00026903568068519234 0.003674358550303678 -0.0014582843241650006 -0.0011560368698231782 0.00073503986595628351 0.005429407244978042
leaf_weight=8947 223 52 124 63 87 167 43 56 71 70 3784 40 43 50 52 64 75 61 60 43 40 43 67 92 48 313 215 79 65 78
leaf_count=8947 223 52 124 63 87 167 43 56 71 70 3784 40 43 50 52 64 75 61 60 43 40 43 67 92 48 313 215 79 65 78
internal_value=1.44279e-11 0.00164964 0.00117427 0.00292883 0.00259113 0.000511271 0.00180341 0.00196314 0.00411172 0.00316996 -0.000321869 -0.000319887 0.000550327 0.00222793 0.0026263 0.00198288 0.00296538 0.00441733 0.0028611 0.00398704 0.00488261 0.00366342 0.00221645 -3.25221e-05 0.00263025 0.00315003 -0.000123051 0.000522061 0.00171146 0.0032956
internal_weight=15215 2484 1811 673 621 984 324 827 114 518 12731 103 210 771 647 476 320 171 110 245 193 150 110 156 431 361 660 445 222 143
internal_count=15215 2484 1811 673 621 984 324 827 114 518 12731 103 210 771 647 476 320 171 110 245 193 150 110 156 431 361 660 445 222 143
is_linear=0
shrinkage=0.03


Tree=61
num_leaves=31
num_cat=0
split_feature=30 31 22 45 22 17 57 50 42 8 63 52 67 55 51 15 52 29 62 44 33 45 60 62 14 47 74 12 35 41
split_gain=8.46778 1.55167 1.11683 0.81959 0.788568 0.919922 0.775589 0.846054 0.874254 1.11475 1.00795 0.805757 0.77402 0.744033 1.13312 0.836429 0.827421 0.789435 0.885534 0.751586 0.706863 1.10243 0.688828 0.901102 0.686424 0.810355 1.00191 0.663445 0.642773 0.92616
threshold=5.6458332538604745 15.560148715972902 52.500000000000007 0.22500000149011615 97.500000000000014 9.5000000000000018 24.500000000000004 1.3666666746139529 0.28089921176433569 0.59900000000000009 0.019901322668737485 0.69615384936332714 8.5000000000000018 3.8333333333333335 0.72457522153854381 0.4291290358312318 0.72077924013137828 13.09999990463257 27.583333333333339 0.41666667163372045 9.9087305068969744 0.7855023741722108 5.8333333333333348 23.916666666666671 0.10500000000000002 0.98437500000000011 423.60000000000008 0.33722565942175503 0.69631093740463268 0.54561588168144237
decision_type=10 10 2 8 2 2 2 8 8 10 2 8 10 8 10 8 8 10 2 10 10 10 8 2 10 8 2 10 10 10
left_child=3 2 13 -1 5 -3 24 8 12 10 11 -10 27 14 16 19 17 18 20 -15 21 -2 23 -7 25 -4 -27 -8 29 -25
right_child=1 4 6 -5 -6 22 7 -9 9 -11 -12 -13 -14 15 -16 -17 -18 -19 -20 -21 -22 -23 -24 28 -26 26 -28 -29 -30 -31
leaf_value=-0.00042265512328461941 0.0054621015790978387 -0.00066120789592875341 -0.0010048310131561464 0.00020941806733441938 0.0070804415192993117 0.0065597619249352385 -0.0015264051487403256 0.0046934427667292763 0.0010928106958977878 -0.0025012072976407351 -0.0009963305656565352 0.0068053545621223743 0.006247096652431147 -0.0022097506065820826 0.0060715479194186628 -0.0034085438786582512 -0.0027418684231680489 -0.0017269637525780125 -0.00028783239905207759 0.0007480033718103128 0.0067836788996646644 -0.00018726386091630183 0.0052751642902306205 0.00078714682687340033 0.0067135696592075479 0.0017667483031278946 0.0067605203986167905 0.0031399540287218516 -0.00023342179914078351 0.005373763873428106
leaf_weight=10505 58 62 41 2240 41 42 42 64 50 103 80 40 42 87 48 55 43 50 76 695 46 67 111 84 49 91 60 79 89 75
leaf_count=10505 58 62 41 2240 41 42 42 64 50 103 80 40 42 87 48 55 43 50 76 695 46 67 111 84 49 91 60 79 89 75
internal_value=-1.03793e-11 0.00160765 0.00122694 -0.000311565 0.00309273 0.0027396 0.00214629 0.00147246 0.000999654 -3.83739e-05 0.00145381 0.00363172 0.00273819 0.000670824 0.00175674 0.000167436 0.00114759 0.00171071 0.0024066 0.000418944 0.00360412 0.00243404 0.00326541 0.00249617 0.00354428 0.00273545 0.00375103 0.00152023 0.00180798 0.00295065
internal_weight=15215 2470 1966 12745 504 463 741 500 436 273 170 90 163 1225 388 837 340 297 247 782 171 125 401 290 241 192 151 121 248 159
internal_count=15215 2470 1966 12745 504 463 741 500 436 273 170 90 163 1225 388 837 340 297 247 782 171 125 401 290 241 192 151 121 248 159
is_linear=0
shrinkage=0.03


Tree=62
num_leaves=31
num_cat=0
split_feature=35 34 52 15 41 35 34 22 66 8 51 22 34 61 30 41 46 43 41 52 58 66 27 54 28 31 7 53 12 8
split_gain=7.99411 1.51566 1.54139 0.928361 1.06157 1.60799 0.762261 0.719392 1.09304 0.683386 0.853476 0.680224 0.750135 1.32039 1.01044 0.847965 0.806573 0.811697 0.834553 0.974439 0.685514 0.676451 0.711712 0.813099 0.664905 0.723968 0.610066 0.607605 0.613233 0.595798
threshold=0.21132376790046695 11.155828952789308 0.45804196596145635 0.0084325340139293509 0.34428149461746221 0.26975052058696752 5.0119047164917001 88.500000000000014 34.500000000000007 0.46266666666666673 0.75321388244628917 99.500000000000014 11.841052532196047 0.65178571428571441 12.645833492279055 0.53975039720535289 1.5297768712043764 2.5000000000000004 0.54561588168144237 0.87083333730697643 0.49582341477582259 62.500000000000007 10.500000000000002 1.3666666666666669 13.166666507720949 10.422442436218263 0.99166666666666681 2.4166666666666674 0.60482434672315921 0.49100000000000005
decision_type=10 10 10 10 10 10 8 2 10 10 10 2 10 10 10 8 8 10 8 10 2 10 10 10 10 10 10 10 10 10
left_child=6 2 -2 24 5 -5 26 -8 -9 -6 -11 12 13 -3 15 29 -16 21 20 -20 -19 22 -18 -24 25 -4 -1 28 -21 -14
right_child=1 11 3 4 9 -7 7 8 -10 10 -12 -13 14 -15 16 -17 17 18 19 27 -22 -23 23 -25 -26 -27 -28 -29 -30 -31
leaf_value=-0.00041106744723925408 0.0002326077363859193 0.0020381972897652685 0.00021031864227787138 0.0066165670986988627 0.008522389309946447 -0.00037986045984445877 0.00022567440149955507 -0.0010017721609371464 0.0052351055802269415 0.0011707453674171119 0.0065314972166987976 0.0051362143347299175 -0.0007115463199443184 0.0085066429302096368 0.0053208761515742917 -0.0039360987830043921 0.0043876669041088062 0.0031340264362127827 0.0071832046584476396 -0.001308345149071621 -0.0015197599716842748 -0.0028286395668983455 0.0028558536508263874 -0.0016488916532102005 -0.001437831593710663 0.0042494161514831444 0.00070920433443817459 0.0057285581990258721 0.003732028366997838 0.0035265620737610489
leaf_weight=11371 958 77 93 41 40 106 798 41 66 52 55 79 72 45 77 41 54 63 67 42 52 40 65 81 77 70 455 41 45 51
leaf_count=11371 958 77 93 41 40 106 798 41 66 52 55 79 72 45 77 41 54 63 67 42 52 40 65 81 77 70 455 41 45 51
internal_value=1.27795e-11 0.00155677 0.000952523 0.00224406 0.00337422 0.00157152 -0.000303749 0.000535395 0.00284527 0.00517692 0.00392627 0.00246559 0.0022345 0.0044241 0.00189679 -0.000199736 0.00244517 0.00204257 0.00305662 0.00425198 0.00102971 0.000732745 0.00144502 0.000356646 0.000859607 0.0019449 -0.000367965 0.00271767 0.00129874 0.00104572
internal_weight=15215 2484 1492 534 294 147 12731 905 107 147 107 992 913 122 791 164 627 550 310 195 115 240 200 146 240 163 11826 128 87 123
internal_count=15215 2484 1492 534 294 147 12731 905 107 147 107 992 913 122 791 164 627 550 310 195 115 240 200 146 240 163 11826 128 87 123
is_linear=0
shrinkage=0.03


Tree=63
num_leaves=31
num_cat=0
split_feature=35 34 52 52 15 41 32 48 12 22 34 1 35 8 11 60 22 34 61 30 41 46 43 41 52 58 66 27 54 49
split_gain=7.52165 1.42608 1.4503 0.8795 0.850225 0.880128 1.49566 0.821999 1.14378 0.718197 0.717211 0.700086 1.38738 0.948873 1.51319 0.677597 0.640023 0.705802 1.24235 0.950725 0.797851 0.758904 0.763726 0.78523 0.91685 0.645 0.636473 0.66965 0.765045 0.584596
threshold=0.21132376790046695 11.155828952789308 0.45804196596145635 1.5227272510528567 0.0084325340139293509 0.34428149461746221 7.8927214145660409 0.37819932401180273 0.46603073799553513 34.500000000000007 5.0119047164917001 1.5000000000000002 0.16869919002056125 0.49900000000000005 0.79213319609542265 4.166666666666667 99.500000000000014 11.841052532196047 0.65178571428571441 12.645833492279055 0.53975039720535289 1.5297768712043764 2.5000000000000004 0.54561588168144237 0.87083333730697643 0.49582341477582259 62.500000000000007 10.500000000000002 1.3666666666666669 0.83333334326744091
decision_type=10 10 10 10 10 10 10 10 10 2 8 8 10 8 8 10 2 10 10 10 8 8 10 8 10 2 10 10 10 10
left_child=10 2 -2 4 7 6 -6 8 -4 -7 -1 12 13 -12 -15 -9 17 18 -3 20 -19 -21 26 25 -25 -24 27 -23 -29 -30
right_child=1 16 3 -5 5 9 -8 15 -10 -11 11 -13 -14 14 -16 -17 -18 19 -20 21 -22 22 23 24 -26 -27 -28 28 29 -31
leaf_value=-0.00035692653844259653 0.00022562952577048962 0.0019770513482198311 -0.00093648723271839757 0.0062908381781389194 0.0040410548311283255 0.0073658325223045218 -0.0022769051659852265 -0.0038968731256147074 0.0052476779753832439 0.0028531326810541514 0.00039767470762685489 -4.0596377310486364e-05 -0.0019680611926185731 0.0087714445684105163 0.0020942358233566796 0.00073845736096700421 0.004982127840925432 0.0010143466140484301 0.0082514435357103743 0.0051612499008535755 -0.0038180158384962053 0.0042560369323695743 0.0030400056997106207 0.0069677084886621849 0.002636139181558974 -0.0014741670607159342 -0.0027437804136425255 0.0027701780713485697 -0.004179716414655559 0.00091793267473737458
leaf_weight=11826 958 77 51 43 77 54 60 51 57 77 81 624 68 48 84 64 79 123 45 77 41 54 63 67 128 52 40 65 40 41
leaf_count=11826 958 77 51 43 77 54 60 51 57 77 81 624 68 48 84 64 79 123 45 77 41 54 63 67 128 52 40 65 40 41
internal_value=8.89566e-12 0.00151007 0.000923948 0.00217674 0.00181644 0.0029552 0.00127407 0.000447881 0.00232738 0.00471333 -0.000294636 0.000519333 0.00176274 0.00295379 0.00452231 -0.00131721 0.00239162 0.00216747 0.00429138 0.00183989 -0.000193744 0.00237181 0.00198129 0.00296492 0.00412442 0.000998815 0.000710762 0.00140167 0.000345946 -0.00159942
internal_weight=15215 2484 1492 534 491 268 137 223 108 131 12731 905 281 213 132 115 992 913 122 791 164 627 550 310 195 115 240 200 146 81
internal_count=15215 2484 1492 534 491 268 137 223 108 131 12731 905 281 213 132 115 992 913 122 791 164 627 550 310 195 115 240 200 146 81
is_linear=0
shrinkage=0.03


Tree=64
num_leaves=31
num_cat=0
split_feature=31 35 35 30 40 27 6 52 51 43 45 48 42 58 74 73 59 6 8 30 50 32 9 64 29 43 9 59 47 22
split_gain=7.09213 1.42569 0.807698 0.667788 0.732924 0.852662 0.669649 0.604968 0.653696 1.03254 0.893385 0.879801 1.01665 0.989295 0.896982 1.07653 0.718642 0.691564 1.00558 0.77517 0.637431 0.721386 0.816071 0.882068 0.682941 0.741584 0.608721 0.588936 0.672764 0.561399
threshold=9.5494818687438983 0.03637566231191159 0.85880398750305187 12.062500000000002 0.32327470183372503 8.5000000000000018 0.36500000000000005 1.6125000119209292 0.065843626856803908 1.6207243204116824 1.6333333253860476 1.5000000000000002 0.35686583817005163 0.40003701498737293 1611.1000000000001 1370.7500000000002 1.4166666666666667 0.57500000000000007 0.55900000000000016 12.312500000000002 0.63333335518836986 11.906790733337404 0.55226453171659717 1.0000000180025095e-35 12.22499990463257 2.5000000000000004 0.54614705004670017 0.83333333333333337 1.2928571105003359 49.500000000000007
decision_type=10 10 8 10 10 10 10 10 8 10 10 10 10 2 2 2 10 10 10 10 10 10 10 2 10 10 10 8 8 2
left_child=1 -1 7 4 -3 6 -6 8 9 -2 17 13 -13 26 15 20 -14 27 -19 -20 21 -15 -23 -24 -22 -26 -12 -10 -29 -21
right_child=2 3 -4 -5 5 -7 -8 -9 10 -11 11 12 16 14 -16 -17 -18 18 19 29 24 22 23 -25 25 -27 -28 28 -30 -31
leaf_value=-0.00039853647171134127 0.0076504474860139005 0.00024631155133220101 0.0061561062759719794 -0.0034208571443031001 0.0013812184178580839 -0.00035880154743790627 0.0063575994632786735 0.0042048121432538372 0.0013488643419719776 0.00099635471633180623 0.001333637800378104 -0.0033173263375423493 0.0030269037311130734 -0.00098799811735675162 0.0056699536059983072 0.0053663538787181355 -0.00075947720969382377 0.0048906987976669427 -0.0029920168966054914 -0.00070503911325742099 0.0028009316669777035 0.0069005450736066053 -0.00082024963321164252 0.0051566864727647039 -0.0023802433884702622 0.0013539648959758105 0.0053376989506683506 2.5291178051544269e-07 -0.0049369030986983684 0.0042595115303993222
leaf_weight=10082 41 3415 40 43 45 65 53 91 49 43 45 52 107 44 50 56 78 53 49 41 60 42 50 40 117 81 142 46 54 41
leaf_count=10082 41 3415 40 43 45 65 53 91 49 43 45 52 107 44 50 56 78 53 49 41 60 42 50 40 117 81 142 46 54 41
internal_value=-4.90614e-12 -0.00021515 0.00194987 0.000295455 0.000340117 0.00230543 0.00407253 0.00183557 0.00167945 0.00424419 0.00151334 0.0019761 0.00038877 0.00249357 0.00184233 0.00145176 0.00143048 0.000173708 0.00140398 -6.68289e-06 0.000946646 0.00233867 0.00344756 0.00183617 -2.95124e-06 -0.000852613 0.00437415 -0.00134555 -0.00266581 0.00177724
internal_weight=15215 13703 1512 3621 3578 163 98 1472 1381 84 1297 964 237 727 540 490 185 333 184 131 434 176 132 90 258 198 187 149 100 82
internal_count=15215 13703 1512 3621 3578 163 98 1472 1381 84 1297 964 237 727 540 490 185 333 184 131 434 176 132 90 258 198 187 149 100 82
is_linear=0
shrinkage=0.03


Tree=65
num_leaves=31
num_cat=0
split_feature=35 22 22 34 52 34 22 35 35 41 1 34 55 45 10 27 28 51 21 43 7 56 58 47 57 41 10 15 15 17
split_gain=6.69755 1.29878 1.27134 1.02289 1.31981 0.656565 0.664512 0.719863 0.648767 0.628951 1.01548 1.10184 0.633228 0.689947 0.619096 0.807055 0.679913 0.781401 0.601145 0.577025 0.560409 0.574401 0.526028 0.90915 0.520277 0.518142 0.63662 0.568096 0.60595 0.680583
threshold=0.21132376790046695 17.500000000000004 19.500000000000004 11.155828952789308 1.5227272510528567 5.0119047164917001 81.500000000000014 0.11834733933210374 0.6792857050895692 0.58194017410278331 1.5000000000000002 12.325150489807131 3.4166666666666674 1.7749999761581423 0.65496715927750426 17.500000000000004 12.833333492279055 0.61999207735061657 0.27500000000000008 0.98437500000000011 0.99166666666666681 2.4500000000000006 0.34561831417426997 0.8383084535598756 21.166666666666668 0.5509513020515443 0.32120811287477963 -0.057278480988183521 0.062575798703546473 10.500000000000002
decision_type=10 2 2 10 10 8 2 8 10 8 10 10 10 10 10 10 10 8 2 10 10 10 2 10 2 8 10 8 10 2
left_child=5 8 -3 4 18 20 24 -8 25 10 12 -12 13 -5 16 -16 -11 -18 22 -14 -1 -22 23 -4 -7 26 -2 -28 -29 -30
right_child=1 2 3 9 -6 6 7 -9 -10 14 11 -13 19 -15 15 -17 17 -19 -20 -21 21 -23 -24 -25 -26 -27 27 28 29 -31
leaf_value=-0.00037893640061843851 -0.0012847734047595919 0.005728471536241786 -0.00060354048758745182 0.0011931995584662737 0.0063396843443624673 0.0025168768159653009 0.0004532495730027959 0.0048550695223642179 0.0034223543389757371 0.00074647482787258918 0.0083653766484931107 0.0017961010825820268 -0.0028178945072068018 0.0059544688872992992 -0.0018284100531600416 0.003750950479879975 0.0081005247433980302 0.0038259982616456445 0.0042071618410674007 0.00095836924175293368 0.0034834925888170458 0.00028735598835446673 0.00036629968279525501 0.0050374022480100394 -9.7676410718206371e-05 -0.0028606628800003694 0.0042704479142906034 -0.0011671995254512004 0.00026841426074698371 0.0050159172613971998
leaf_weight=11371 169 71 45 70 40 76 74 61 49 40 40 54 42 45 40 56 54 134 44 274 58 397 831 60 694 58 42 107 77 42
leaf_count=11371 169 71 45 70 40 76 74 61 49 40 40 54 42 45 40 56 54 134 44 274 58 397 831 60 694 58 42 107 77 42
internal_value=2.71811e-12 0.00142495 0.0017882 0.00163852 0.000998218 -0.000278027 0.000500768 0.00244222 0.000129513 0.00240778 0.00176633 0.00459154 0.00115015 0.0030563 0.00344718 0.00142622 0.00429812 0.00505379 0.000780199 0.000456461 -0.000337626 0.000694776 0.000619102 0.00261986 0.000160383 -0.000196445 0.000157158 0.00106644 0.000471 0.001944
internal_weight=15215 2484 1940 1869 1020 12731 905 135 544 849 525 94 431 115 324 96 228 188 980 316 11826 455 936 105 770 495 437 268 226 119
internal_count=15215 2484 1940 1869 1020 12731 905 135 544 849 525 94 431 115 324 96 228 188 980 316 11826 455 936 105 770 495 437 268 226 119
is_linear=0
shrinkage=0.03


Tree=66
num_leaves=31
num_cat=0
split_feature=35 22 22 34 52 34 41 14 46 33 15 41 1 34 63 57 34 38 7 66 10 27 28 51 33 27 15 47 35 42
split_gain=6.30172 1.22203 1.1962 0.962433 1.24181 0.626854 0.614964 0.905128 0.800885 0.738663 0.726596 0.59178 0.95546 1.03672 0.620404 1.08299 0.770328 0.609422 0.583654 1.03034 0.582507 0.759358 0.63973 0.735221 0.571313 0.871914 0.604805 0.642407 0.826924 1.2769
threshold=0.21132376790046695 17.500000000000004 19.500000000000004 11.155828952789308 1.5227272510528567 0.4907375723123551 0.36480844020843511 0.080000000000000002 2.028334498405457 7.4083333015441903 -0.050190402147335104 0.58194017410278331 1.5000000000000002 12.325150489807131 -0.054273290567852149 22.833333333333339 16.804761886596683 0.5433221459388734 0.6116666666666668 45.500000000000007 0.65496715927750426 17.500000000000004 12.833333492279055 0.61999207735061657 14.881944656372072 13.500000000000002 0.32672714744566739 0.71457257866859447 0.24283374845981601 0.30715137720108038
decision_type=10 2 2 10 10 8 10 8 8 10 10 8 10 10 2 2 10 10 10 10 10 10 10 8 8 10 10 10 10 10
left_child=5 6 -3 4 24 -1 8 10 9 -2 -8 12 14 -14 15 -5 17 18 19 -16 22 -22 -13 -24 26 -26 27 -4 -29 -30
right_child=1 2 3 11 -6 -7 7 -9 -10 -11 -12 20 13 -15 16 -17 -18 -19 -20 -21 21 -23 23 -25 25 -27 -28 28 29 -31
leaf_value=-0.00040658874999004375 -0.00064271501658114398 0.0055566174451681504 -0.00074980240498233384 -0.00089672117834977273 0.0061494938121177253 5.4008632979058432e-05 0.0026917795749614015 0.0041493728519608709 -0.0044440534384921192 0.0032753966562449931 -0.0027092104528427998 0.00072408058075234291 0.008114415282849223 0.0017422180234765014 -0.002340495989715492 0.0051059396110328011 0.004096697421310554 -0.0025927095584172225 0.0031949552469726266 0.0029747647863741103 -0.0017735577500425279 0.0036384220208440505 0.0078575089987781305 0.0037112183014014321 0.00066159161053352294 -0.004406200181907953 0.0046491332883015274 0.0040477021208552774 -0.00036197853896019472 0.0025802037419305874
leaf_weight=8947 287 71 173 42 40 3784 40 73 42 51 51 40 40 54 89 76 44 70 58 52 40 56 54 134 91 46 40 86 314 230
leaf_count=8947 287 71 173 42 40 3784 40 73 42 51 51 40 40 54 89 76 44 70 58 52 40 56 54 134 91 46 40 86 314 230
internal_value=7.8084e-12 0.0013822 0.00173456 0.00158936 0.000968271 -0.000269687 0.000125628 0.00166101 -0.000537011 -5.15207e-05 -0.000335149 0.00233555 0.00171334 0.00445379 0.00111565 0.0029694 0.000416792 -0.000185125 0.000661764 -0.000380258 0.00334377 0.00138343 0.00416918 0.00490217 0.000756793 -0.00104 0.0010488 0.000869455 0.00131411 0.000881959
internal_weight=15215 2484 1940 1869 1020 12731 544 164 380 338 91 849 525 94 431 118 313 269 199 141 324 96 228 188 980 137 843 803 630 544
internal_count=15215 2484 1940 1869 1020 12731 544 164 380 338 91 849 525 94 431 118 313 269 199 141 324 96 228 188 980 137 843 803 630 544
is_linear=0
shrinkage=0.03


Tree=67
num_leaves=31
num_cat=0
split_feature=30 31 22 11 7 56 14 10 59 40 33 45 22 17 7 8 28 61 27 46 61 51 45 66 47 45 42 60 7 60
split_gain=5.9298 1.15346 0.915635 0.706805 0.89064 0.887428 0.951681 1.15913 0.787311 0.73845 0.710527 0.761125 0.669186 0.807362 0.667271 0.883424 0.886807 0.698749 0.683447 0.997391 0.761664 0.967055 1.4588 0.728683 0.688078 0.635651 0.632124 0.615471 0.790544 0.613573
threshold=5.6458332538604745 15.560148715972902 52.500000000000007 0.6844053562514304 0.67500000000000016 5.6333333333333337 -0.20499999999999999 0.47092630155510484 2.1666666666666674 0.38271743059158331 10.035714149475099 1.6333333253860476 97.500000000000014 9.5000000000000018 0.9683333333333336 0.7290000000000002 15.500000000000002 0.40357142857142869 3.5000000000000004 2.3473540544509892 0.52976190476190488 0.13168839365243915 1.4499999880790713 62.500000000000007 3.1339285373687749 0.22500000149011615 0.33788920938968664 3.8333333333333335 0.71166666666666678 5.8333333333333348
decision_type=10 10 2 10 8 8 10 10 10 10 10 10 2 2 10 10 10 8 10 10 8 10 10 8 8 8 10 8 10 8
left_child=25 2 3 4 5 6 26 -8 9 -9 11 -5 13 -3 15 16 17 -4 -19 20 -20 -22 -23 -24 -21 -1 -2 -6 -29 -15
right_child=1 12 14 10 27 -7 7 8 -10 -11 -12 -13 -14 29 -16 -17 -18 18 19 24 21 22 23 -25 -26 -27 -28 28 -30 -31
leaf_value=-0.00035855904562502518 0.0016332182440361596 -0.00088552844211188769 -0.00083855126730420372 0.0038448396211732986 -0.0051778090198058629 -0.00063497351075557287 -0.00012942995240249026 -0.0016761482530273496 0.0063848505447196323 0.0033058314058170822 0.0059284734539687628 -0.0016427910588681697 0.0062992188538901683 0.0020670184075535307 -0.00087375323811214264 0.0050237486566766165 -0.0025210382698512657 -0.00037886552935974163 0.0066818658373693912 -0.0012691961446921274 0.0068968809736163718 -0.0011134533510592421 0.0075398423602018733 0.0022765244244886879 0.003248153881626731 0.00019808618420003247 0.0069012155542831598 -0.0033198821180044336 0.0024181769387796523 0.0046898236133258884
leaf_weight=10505 41 62 66 46 40 349 372 40 43 81 40 45 41 290 73 84 41 66 67 71 46 76 40 58 53 2240 41 47 40 111
leaf_count=10505 41 62 66 46 40 349 372 40 43 81 40 45 41 290 73 84 41 66 67 71 46 76 40 58 53 2240 41 47 40 111
internal_value=-1.39557e-11 0.00134532 0.00101708 0.000513542 0.00026418 0.000574388 0.00125734 0.000796879 0.00289802 0.0016589 0.002596 0.00113118 0.00262574 0.00230044 0.00184951 0.00214712 0.00173335 0.00205459 0.0024549 0.00290995 0.00388136 0.00302848 0.0020058 0.00442482 0.000661607 -0.000260726 0.00426722 -0.00209779 -0.000681694 0.00279303
internal_weight=15215 2470 1966 1225 1094 967 618 536 164 121 131 91 504 463 741 668 584 543 477 411 287 220 174 98 124 12745 82 127 87 401
internal_count=15215 2470 1966 1225 1094 967 618 536 164 121 131 91 504 463 741 668 584 543 477 411 287 220 174 98 124 12745 82 127 87 401
is_linear=0
shrinkage=0.03


Tree=68
num_leaves=31
num_cat=0
split_feature=35 22 22 21 36 50 35 32 11 32 33 42 30 30 54 10 43 30 15 36 55 50 30 8 46 32 67 63 43 51
split_gain=5.61059 1.08893 1.13233 0.867305 0.921671 0.848849 0.701118 0.697509 0.695498 0.656811 0.647448 1.0419 0.770838 0.783309 0.716723 0.909492 0.622923 0.865423 0.625276 0.599611 0.598319 0.846919 1.13942 0.747046 1.00872 0.707344 0.632141 0.915981 0.597429 0.713002
threshold=0.21132376790046695 17.500000000000004 19.500000000000004 0.27500000000000008 0.46989712119102484 1.4499999880790713 0.44590643048286444 13.340093135833742 0.37798542903226379 11.906790733337404 11.690476417541506 0.35686583817005163 12.312500000000002 13.687500000000002 1.2250000000000003 0.51923393062633572 2.5000000000000004 17.937500000000004 -0.013519927141189587 0.61582541465759288 4.166666666666667 0.63333335518836986 9.9375000000000018 0.40900000000000009 0.97248461842536937 8.5028185844421404 8.5000000000000018 -0.0093176513505071317 0.98437500000000011 0.76244714856147777
decision_type=10 2 2 2 10 10 10 10 10 10 10 10 10 10 10 10 8 10 10 10 10 10 10 10 10 10 8 2 10 10
left_child=-1 -2 -3 4 5 6 7 9 -6 20 28 -12 -13 -14 15 -15 18 -18 -16 -17 23 25 -23 24 -4 -22 -25 -28 -10 -30
right_child=1 2 3 -5 8 -7 -8 -9 10 -11 11 12 13 14 16 19 17 -19 -20 -21 21 22 -24 26 -26 -27 27 -29 29 -31
leaf_value=-0.00025446862911583272 0.00011803093999119214 0.0053554504094514201 0.0014668650029656979 0.0047476882839076959 -0.0016436969981778683 0.004960698771423527 -0.0010704909073862583 -0.0028267621183086459 0.0014055900398774871 0.0042305686397446415 -0.0021402783738449214 -0.0015613179860104406 0.0056636220989200996 0.00061841287384075772 0.001531787337933449 0.0024025026343914924 0.0041278068225263902 -0.00045789664986753653 -0.0034742636100908871 0.0066166318855248388 0.00041282216268705157 8.3417528227943446e-05 0.0063506363944283552 -0.0022808115626685318 0.0068008118971354435 -0.0026444113677751052 -0.00020588194976009849 0.0054704383341595527 0.008486608372524726 0.0029571813656153476
leaf_weight=12731 544 71 78 71 41 42 183 41 42 59 51 42 68 63 47 49 92 62 43 80 205 69 42 48 54 102 71 40 43 41
leaf_count=12731 544 71 78 71 41 42 183 41 42 59 51 42 68 63 47 49 92 62 43 80 205 69 42 48 54 102 71 40 43 41
internal_value=-1.19605e-11 0.0013042 0.00163682 0.00149556 0.00136713 0.000783286 0.000606419 0.000985745 0.00215732 0.00118928 0.00237287 0.00196043 0.00234347 0.00266887 0.00220179 0.00357299 0.00112283 0.00228161 -0.000859993 0.00501592 0.000936194 0.000209046 0.0024548 0.00198069 0.00364893 -0.000602936 0.000595729 0.00183964 0.00432701 0.00578772
internal_weight=15215 2484 1940 1869 1798 1034 992 809 764 768 723 597 546 504 436 192 244 154 90 129 709 418 111 291 132 307 159 111 126 84
internal_count=15215 2484 1940 1869 1798 1034 992 809 764 768 723 597 546 504 436 192 244 154 90 129 709 418 111 291 132 307 159 111 126 84
is_linear=0
shrinkage=0.03


Tree=69
num_leaves=31
num_cat=0
split_feature=30 10 31 12 14 15 55 17 22 17 55 8 56 47 37 60 62 35 41 50 62 6 7 14 47 30 10 15 17 11
split_gain=5.30379 1.14746 0.820222 0.844178 0.657456 0.680733 1.00726 1.17318 0.614631 0.679655 0.586149 0.643129 0.848783 0.751515 0.636822 0.580062 0.773848 0.68732 0.76719 0.574713 0.672527 0.713598 0.611159 0.568347 1.00889 0.8537 0.676353 0.886121 0.628161 1.22005
threshold=5.2678570747375497 0.14359351988217969 15.560148715972902 0.18424606892510506 -0.34499999999999992 0.21363891689556938 3.8333333333333335 21.500000000000004 97.500000000000014 9.5000000000000018 1.8333333333333337 0.31675000000000009 2.3000000000000003 1.6076923012733462 0.22914776206016543 5.8333333333333348 23.916666666666671 0.69631093740463268 0.54561588168144237 0.18333333730697635 24.250000000000004 0.89500000000000013 0.99166666666666681 -1.0000000180025095e-35 3.4083334207534794 5.7750000953674325 0.27806414662084772 -0.11473575229682266 56.500000000000007 0.78178255273904929
decision_type=10 10 10 10 8 10 10 2 2 2 8 10 10 8 10 8 2 10 10 8 2 8 10 10 10 10 8 8 2 10
left_child=19 -2 3 -3 -5 10 -7 -8 9 -4 -6 13 -13 14 -12 16 -11 18 -18 -1 21 -21 -23 26 25 -25 27 -14 -27 -30
right_child=1 2 8 4 5 6 7 -9 -10 15 11 12 23 -15 -16 -17 17 -19 -20 20 -22 22 -24 24 -26 28 -28 -29 29 -31
leaf_value=-0.00033219952714314108 -0.00079642687777155318 0.0053986286517323512 -0.00075564821028879651 0.0041607792195627238 0.0032138261617952395 0.0060117167479505663 0.0040559773584111372 -0.0025598085659245648 0.0060272056536703573 0.0057031750698973019 -0.0016036182893223541 -0.0022428556835278868 0.0055024296790361403 -0.0043947782708952821 0.0024434346657530486 0.0044876049018863782 0.00051219552347902208 -0.00081127227524693086 0.0046866611998135346 0.00028504814260215034 -3.5302951365369352e-05 0.0049498806238174433 0.00097544753207610209 0.005393980670986431 0.0052974324951284239 0.00047952201430841043 -0.00016018316352040422 -0.00015013350746952568 0.0053424859367795794 -0.00081525750996661365
leaf_weight=10977 228 41 61 59 83 57 52 45 41 42 86 75 48 45 59 111 84 89 75 191 1315 75 65 42 61 477 458 52 73 48
leaf_count=10977 228 41 61 59 83 57 52 45 41 42 86 75 48 45 59 111 84 89 75 191 1315 75 65 42 61 477 458 52 73 48
internal_value=-3.56624e-12 0.00123607 0.0014321 0.00114158 0.00104568 0.000941309 0.00284667 0.000986798 0.00250696 0.00219455 0.000758716 0.000625006 0.000857589 -0.00100797 4.31136e-05 0.00264334 0.00193743 0.00129968 0.00248128 -0.000253814 0.000268934 0.00147761 0.00310461 0.00104229 0.00161097 0.00125961 0.00032786 0.0025631 0.000969233 0.00289974
internal_weight=15215 2592 2364 1861 1820 1761 154 97 503 462 1607 1524 1334 190 145 401 290 248 159 12623 1646 331 140 1259 701 640 558 100 598 121
internal_count=15215 2592 2364 1861 1820 1761 154 97 503 462 1607 1524 1334 190 145 401 290 248 159 12623 1646 331 140 1259 701 640 558 100 598 121
is_linear=0
shrinkage=0.03


Tree=70
num_leaves=31
num_cat=0
split_feature=34 7 17 66 22 47 73 60 21 67 33 35 9 46 38 57 47 33 12 34 10 28 7 62 29 30 14 51 10 36
split_gain=4.99799 1.06681 1.08846 0.978723 1.06623 0.860107 0.961005 0.747642 0.792286 0.724212 0.712601 0.701542 1.10395 1.06355 1.13488 0.711113 1.49629 0.680972 1.09084 1.03304 1.13882 0.903021 0.834023 0.828259 0.871104 1.25321 0.653729 0.837599 0.624427 0.591535
threshold=6.773156166076661 0.50833333333333353 56.500000000000007 54.500000000000007 85.500000000000014 0.77909159660339367 1360.0500000000002 5.8333333333333348 0.075000000000000025 9.5000000000000018 0.51666668057441723 0.37354651093482977 0.42800060466637363 1.0484602451324465 0.41585738956928259 23.500000000000004 0.80476191639900219 11.690476417541506 0.53357580545603578 9.4802594184875506 0.83522947640594714 11.500000000000002 0.59500000000000008 27.583333333333339 14.900000095367433 17.812500000000004 0.22500000000000003 0.065843626856803908 0.6583822167335599 0.64163926243782055
decision_type=10 10 2 10 2 8 2 10 2 10 10 10 8 10 10 2 10 10 10 10 10 10 10 2 10 10 10 10 10 8
left_child=10 2 3 11 -5 -3 7 8 17 29 -1 12 15 -13 -15 16 -2 18 22 20 -20 -21 -7 -19 -25 -26 -12 -28 -8 -9
right_child=1 5 -4 4 -6 6 28 9 -10 -11 26 13 -14 14 -16 -17 -18 23 19 21 -22 -23 -24 24 25 -27 27 -29 -30 -31
leaf_value=-0.00035454215007139103 -0.00037942664524496985 -0.0021621555412809053 0.0043116155495359137 -0.0020407095876414263 0.0031168572171482926 0.0023744177916669284 0.0058874894937034697 0.0015889967645687812 0.0051882602856494486 0.0065840816951046382 3.1694979139572019e-05 0.0067885981220751996 -0.0022863926489598454 -0.0022808402973525928 0.0030474969662113182 0.00036548549852208394 0.0076307517253771063 0.0014224559955227259 0.0058741230488969726 -0.0048322764545588237 -0.0008589280642918311 0.0014641365320308178 0.0078485963718835702 -0.003671234507407797 0.0027877593094741016 -0.0038030627081170679 9.854787186643963e-05 0.0035115574951405108 0.0015266808812421831 0.0052308363610735304
leaf_weight=9696 43 45 66 224 43 60 90 176 44 45 3031 40 113 53 112 267 41 260 52 41 40 41 43 76 74 40 148 115 44 52
leaf_count=9696 43 45 66 224 43 60 90 176 44 45 3031 40 113 53 112 267 41 260 52 41 40 41 43 76 74 40 148 115 44 52
internal_value=2.97505e-12 0.00131378 0.000588043 0.000325484 -0.00121009 0.00190837 0.00206387 0.00175689 0.00127917 0.00310605 -0.000225031 0.000938336 0.000292603 0.0023999 0.00133597 0.00112288 0.0035303 0.00104258 0.00221285 0.000764388 0.00294671 -0.00168407 0.00465975 0.000322214 -0.00118338 0.00047519 0.000156188 0.00159093 0.00445558 0.00241959
internal_weight=15215 2225 1002 936 267 1223 1178 1044 771 273 12990 669 464 205 165 351 84 727 277 174 92 82 103 450 190 114 3294 263 134 228
internal_count=15215 2225 1002 936 267 1223 1178 1044 771 273 12990 669 464 205 165 351 84 727 277 174 92 82 103 450 190 114 3294 263 134 228
is_linear=0
shrinkage=0.03


Tree=71
num_leaves=31
num_cat=0
split_feature=35 22 21 31 22 66 33 34 56 43 14 7 63 71 28 22 6 7 60 56 44 36 45 51 54 61 44 46 27 62
split_gain=4.71762 0.967414 1.06975 0.804236 1.10868 0.763953 0.685273 0.673872 1.06316 0.731408 0.636002 0.536386 0.698846 0.63873 0.761533 1.02479 0.52747 0.514155 1.47068 0.56702 0.513067 0.499006 1.24302 0.471325 1.02402 0.893683 0.736416 1.46023 0.81458 1.36504
threshold=0.21132376790046695 12.500000000000002 0.24500000000000002 15.560148715972902 23.500000000000004 80.500000000000014 16.585714340209964 16.804761886596683 3.9000000000000004 2.5000000000000004 0.10000000000000007 0.99166666666666681 0.050827068247459591 7.5000000000000009 3.5833333730697636 35.500000000000007 0.74500000000000011 0.53166666666666684 4.8333333333333348 3.7000000000000006 2.5833333730697636 0.58673414587974559 1.7749999761581423 0.28864696621894842 1.5500000000000003 0.34722222222222227 2.1666666269302373 1.736383378505707 8.5000000000000018 27.250000000000004
decision_type=10 2 2 10 2 8 10 10 8 10 10 10 2 2 10 2 10 10 8 8 10 10 10 10 10 10 10 10 10 2
left_child=11 17 3 6 -5 -4 21 8 -6 -10 -11 20 13 14 15 -13 -9 19 -19 -2 -1 23 -23 24 -3 -25 27 28 29 -27
right_child=1 2 5 4 7 -7 -8 16 9 10 -12 12 -14 -15 -16 -17 -18 18 -20 -21 -22 22 -24 25 -26 26 -28 -29 -30 -31
leaf_value=-0.00028435189961205549 0.0012227646489045582 0.0011229033147935399 0.0076887067225648136 0.0063780259231238489 0.0042709160202393332 0.0020275435981651144 0.0046367482480903464 0.0057705498887225988 -0.0026998270670196317 0.0023874774326915417 -0.0018023020531172337 0.0063961318829807183 -0.0011556707720917004 -0.0010637022659182548 -0.00023400108851901776 0.0016872474816726876 0.0013557292418781577 -0.0010288305006719925 0.0060542401971250045 -0.0017856896377085704 0.0029248882532119749 -0.0051372830772639377 0.0012641686136619402 -0.0023072036243272278 -0.0018780336704560749 0.00060987917466029037 0.00065601034030869198 0.0047902501540482735 -0.00020491083796130295 0.0064743151830846503
leaf_weight=12190 80 388 41 56 73 45 45 60 61 112 46 59 130 75 91 141 41 74 41 191 45 42 78 53 139 93 344 162 161 58
leaf_count=12190 80 388 41 56 73 45 45 60 61 112 46 59 130 75 91 141 41 74 41 191 45 42 78 53 139 93 344 162 161 58
internal_value=4.62742e-12 0.00119592 0.00144987 0.00130981 0.00242888 0.00472647 0.000988341 0.00186615 0.00113554 9.04207e-05 0.00116767 -0.000233341 0.0007338 0.00140492 0.00204117 0.00307637 0.00397839 -0.00018434 0.00149644 -0.000897585 -0.000272548 0.000880187 -0.000976339 0.00103955 0.000331385 0.00146802 0.00171262 0.00247945 0.00127961 0.00286244
internal_weight=15215 2484 2098 2012 449 86 1563 393 292 219 158 12731 496 366 291 200 101 386 115 271 12235 1518 120 1398 527 871 818 474 312 151
internal_count=15215 2484 2098 2012 449 86 1563 393 292 219 158 12731 496 366 291 200 101 386 115 271 12235 1518 120 1398 527 871 818 474 312 151
is_linear=0
shrinkage=0.03


Tree=72
num_leaves=31
num_cat=0
split_feature=30 8 8 55 15 32 39 63 31 66 12 26 46 48 59 44 10 60 62 58 41 36 42 1 41 32 14 31 30 66
split_gain=4.46992 0.866433 1.03292 1.27016 0.692215 0.640348 1.61118 0.95154 0.910579 0.816559 0.69566 0.68346 0.763255 1.22898 1.00129 0.831984 0.805364 0.802025 0.729831 0.779712 0.778206 1.27573 0.850635 0.678896 1.01155 0.774372 0.767728 0.731868 0.766049 0.798926
threshold=5.6458332538604745 0.31675000000000009 0.28450000000000009 3.8333333333333335 0.010808537938687775 7.0003247261047372 0.26536835730075842 0.050827068247459591 4.5036373138427743 44.500000000000007 0.76786626219444132 112.50000000000001 1.736383378505707 0.2569864690303803 2.8333333333333335 1.8333333134651186 0.82070417145044028 3.8333333333333335 22.416666666666671 0.46577574025680207 0.35012891888618475 0.33644232153892523 0.4865070134401322 1.5000000000000002 0.43757475912570959 11.681679725646974 -1.0000000180025095e-35 14.36384153366089 17.937500000000004 32.500000000000007
decision_type=10 10 8 10 10 10 8 2 10 10 10 2 10 8 8 10 10 10 2 2 10 10 10 8 10 10 10 10 10 10
left_child=-1 2 3 -2 -5 7 10 8 -3 -10 -7 12 13 14 18 -14 23 -15 -8 20 21 -20 -22 25 -25 26 -17 -27 -29 -30
right_child=1 5 -4 4 -6 6 11 -9 9 -11 -12 -13 15 17 -16 16 -18 -19 19 -21 22 -23 -24 24 -26 27 -28 28 29 -31
leaf_value=-0.00022636724670741686 0.0045436121494724195 0.00031350239579166686 -0.002430511065644258 -0.0020193069621920585 0.0016868890404521701 -0.0029323610623029216 0.0045243267903513299 -0.00024715512660482237 0.0033368443651790062 0.0083276833133662451 0.0015895466692745685 0.0048080581592188937 0.0038168218659443988 -0.0044492788414399204 0.0055280448340768503 0.0015400151463180053 -0.0022953319398220629 0.00030071825853415898 -0.0020136056088709406 0.0026206047875025579 -0.0035310993888415395 0.005337463318435258 0.0010356526114528291 0.0016306468275364577 -0.0030500787914159795 0.00016897029784833273 0.0069850164491476281 0.0032087978089832391 0.002435883910987507 -0.0024163562737297842
leaf_weight=12745 65 42 122 100 83 113 41 62 70 51 42 54 162 65 44 41 48 63 42 93 100 43 58 126 62 189 54 309 74 52
leaf_count=12745 65 42 122 100 83 113 41 62 70 51 42 54 162 65 44 41 48 63 42 93 100 43 58 126 62 189 54 309 74 52
internal_value=-1.29774e-12 0.00116804 -0.000170558 0.000941193 -0.000338355 0.00140388 0.00122241 0.00291615 0.00411937 0.00544042 -0.00170707 0.00148641 0.00137874 0.000462818 0.00124548 0.00182891 0.0014917 -0.00211139 0.000745653 0.000284564 -0.000609476 0.00170517 -0.0018547 0.00169211 8.70033e-05 0.00211181 0.00463507 0.00172766 0.00240488 0.000433372
internal_weight=15215 2470 370 248 183 2100 1875 225 163 121 155 1720 1666 549 421 1117 955 128 377 336 243 85 158 907 188 719 95 624 435 126
internal_count=15215 2470 370 248 183 2100 1875 225 163 121 155 1720 1666 549 421 1117 955 128 377 336 243 85 158 907 188 719 95 624 435 126
is_linear=0
shrinkage=0.03


Tree=73
num_leaves=31
num_cat=0
split_feature=34 26 7 66 73 7 36 74 56 15 35 51 50 51 17 6 41 71 38 35 6 33 73 17 35 14 51 41 12 62
split_gain=4.23297 0.976774 1.08465 1.13043 0.868264 0.783286 1.2905 0.869927 0.855392 0.673488 1.44196 0.820856 1.47813 0.726845 0.860245 0.815202 0.917705 0.763221 0.763137 0.73547 0.655054 0.631871 0.626925 0.626138 0.618389 0.607189 0.775317 0.600014 0.630774 0.58056
threshold=6.773156166076661 114.50000000000001 0.50833333333333353 57.500000000000007 1370.7500000000002 0.42416666666666675 0.34270945191383367 1225.5000000000002 4.3250000000000011 -0.096804598353139135 0.48435972630977636 0.28580057621002203 0.18333333730697635 0.3799914568662644 17.500000000000004 0.78500000000000014 0.56056475639343273 7.5000000000000009 0.47261498868465429 0.6792857050895692 0.68500000000000016 0.51666668057441723 500.50000000000006 34.500000000000007 0.45080643892288214 0.22500000000000003 0.065843626856803908 0.42310929298400884 0.37210765989569006 28.583333333333339
decision_type=10 2 10 10 2 8 10 2 10 8 8 10 10 10 2 10 8 2 10 8 10 10 2 2 10 10 10 8 10 2
left_child=21 2 3 5 9 6 7 -2 -8 10 22 12 -11 18 19 16 20 -17 -13 -15 -16 -1 -4 -18 27 -23 -27 28 -7 -6
right_child=1 -3 4 -5 29 24 8 -9 -10 11 -12 13 -14 14 15 17 23 -19 -20 -21 -22 25 -24 -25 -26 26 -28 -29 -30 -31
leaf_value=-0.00032904851682765676 6.4204609153246627e-05 0.0045515073667966605 -0.0034077452806472452 -0.0014820870813062263 0.0022647007995674128 -0.002553118627945908 0.0072742133047431707 0.0043054063070346324 0.0022348546033706999 0.0029923605796561312 0.0030208873318042606 0.0078252224705647674 -0.0030830659049276548 -0.0013576821603887115 0.00082920059184383207 -8.3498414314817635e-05 0.0085949530501384288 0.0045558711827346464 0.0019650880373083056 0.0032974329497665166 0.0048548517471073936 3.1902316944807009e-05 0.0010910085516516121 0.0039578311787428037 0.0015524043574335117 9.8785882236788396e-05 0.0033824516586635424 -0.0047203994333380609 0.0019439633801364555 0.0062172514535004976
leaf_weight=9696 297 76 92 233 79 61 50 51 77 67 82 40 78 112 116 144 40 41 40 42 53 3031 40 76 87 148 115 41 52 58
leaf_count=9696 297 76 92 233 79 61 50 51 77 67 82 40 78 112 116 144 40 41 40 42 53 3031 40 76 87 148 115 41 52 58
internal_value=1.251e-13 0.00120906 0.00109085 0.000332962 0.00169022 0.000923614 0.0016304 0.00068576 0.00421885 0.00140052 -0.000103549 0.00177963 -0.0002758 0.00220298 0.00185783 0.00249544 0.00350206 0.000944686 0.00489516 -8.81053e-05 0.00209168 -0.000207094 -0.00204449 0.00555684 -0.000469425 0.000151882 0.00153461 -0.00161163 -0.000483665 0.00393804
internal_weight=15215 2225 2149 949 1200 716 475 348 127 1063 214 849 145 704 624 470 285 185 80 154 169 12990 132 116 241 3294 263 154 113 137
internal_count=15215 2225 2149 949 1200 716 475 348 127 1063 214 849 145 704 624 470 285 185 80 154 169 12990 132 116 241 3294 263 154 113 137
is_linear=0
shrinkage=0.03


Tree=74
num_leaves=31
num_cat=0
split_feature=34 21 7 17 47 60 66 22 47 67 17 47 14 46 35 33 6 57 35 33 10 42 74 37 10 33 43 63 46 40
split_gain=3.9828 0.956707 0.945408 0.911903 0.789201 0.79607 0.759416 0.877689 0.683589 0.785819 0.65961 0.755851 0.644999 0.623151 0.616753 0.613187 0.607001 0.713961 0.653352 0.594528 0.590742 0.675036 0.636773 0.692282 1.07084 0.812958 0.714317 0.880766 0.668307 0.635808
threshold=6.773156166076661 0.38500000000000006 0.50833333333333353 56.500000000000007 0.77909159660339367 5.8333333333333348 54.500000000000007 85.500000000000014 1.2364718914031985 9.5000000000000018 26.500000000000004 1.1252376437187197 -0.014999999999999956 1.7682427167892458 0.58032256364822399 7.1742422580719003 0.15500000000000003 22.166666666666668 0.21132376790046695 0.51666668057441723 0.83975308641975321 0.27014015614986425 1785.8500000000001 0.48628744482994085 0.60817776539426027 13.033333301544191 4.5000000000000009 -0.043970757446991908 2.3473540544509892 0.589809149503708
decision_type=10 2 10 2 8 10 10 2 10 10 2 10 10 10 10 8 10 2 10 10 10 10 2 10 10 10 10 2 10 10
left_child=19 2 3 6 -4 15 10 -8 -7 12 16 -12 -10 -13 -14 -6 -2 -18 -19 -1 21 -17 23 -23 25 -25 27 -26 -27 -30
right_child=1 -3 4 -5 5 8 7 -9 9 -11 11 13 14 -15 -16 20 17 18 -20 -21 -22 22 -24 24 26 28 -28 -29 29 -31
leaf_value=-0.00031917706332059971 -0.00074511172306357008 0.0056041668725828097 -0.0023456609153816865 0.0038219952139143757 0.0047681487774984405 0.0066999597229608675 -0.0019637923311391797 0.0027654586359858514 -0.00026832213420908204 0.0058588031728644494 0.0017572697349216627 -0.0047486160758882763 0.0052189654422303035 -0.00042489893231540917 0.0011274585503020457 0.0050212249213031357 0.0051591354250334776 -0.0012844548374414445 0.0020968200415053084 0.00014732520190366153 -0.0022899942627436546 -0.00067565638751973609 0.0038729003175873964 0.0049270386008320602 0.0019186171051114797 -0.00090760474586311509 0.0024003291396158082 -0.0035450166548731958 0.00084803401286314632 0.0050954645374340227
leaf_weight=9696 99 43 43 65 44 41 222 42 86 52 69 50 63 75 70 42 52 66 233 3294 43 195 68 91 40 68 56 79 70 58
leaf_count=9696 99 43 43 65 44 41 222 42 86 52 69 50 63 75 70 42 52 66 233 3294 43 195 68 91 40 68 56 79 70 58
internal_value=-3.23962e-12 0.00117279 0.00108546 0.000389378 0.00164566 0.00179286 0.000143651 -0.00121141 0.00308974 0.00254354 0.000699142 -0.000763127 0.00175635 -0.00215439 0.00306554 0.00131906 0.00132954 0.0019147 0.00135045 -0.000200882 0.0011317 0.00132353 0.00110932 0.000823282 0.00145595 0.00258377 -0.000393675 -0.0017085 0.00149583 0.00277265
internal_weight=15215 2225 2182 973 1209 1166 908 264 312 271 644 194 219 125 133 854 450 351 299 12990 810 767 725 657 462 287 175 119 196 128
internal_count=15215 2225 2182 973 1209 1166 908 264 312 271 644 194 219 125 133 854 450 351 299 12990 810 767 725 657 462 287 175 119 196 128
is_linear=0
shrinkage=0.03


Tree=75
num_leaves=31
num_cat=0
split_feature=30 10 12 8 47 74 8 34 56 7 56 28 22 32 21 74 47 36 30 67 42 52 49 34 46 61 9 22 66 29
split_gain=3.7549 0.865426 0.711298 0.871428 1.08082 0.759015 0.729758 0.620564 0.987248 0.520246 0.479817 1.3376 0.989904 0.784265 0.782512 0.700507 0.689507 0.666131 1.0692 1.34371 0.565099 0.539086 0.761473 0.503 0.676238 0.578938 0.784774 0.900455 0.626576 0.568217
threshold=5.2678570747375497 0.14359351988217969 0.21591275585832956 0.31675000000000009 1.2364718914031985 170.30000000000004 0.29100000000000009 16.804761886596683 4.1000000000000005 0.32833333333333342 3.9000000000000004 11.500000000000002 76.500000000000014 7.0751082897186288 0.075000000000000025 307.30000000000007 4.8452382087707528 0.51303920149803173 12.312500000000002 12.500000000000002 0.27014015614986425 0.30881692469120031 0.58333334326744091 12.189169883728029 4.2026875019073495 0.68611111111111112 0.48747515869438246 69.500000000000014 48.500000000000007 13.675000190734865
decision_type=10 10 10 10 10 2 10 10 8 10 8 10 2 10 2 2 10 8 10 8 10 8 10 10 10 10 10 2 8 10
left_child=-1 9 5 4 6 -3 -4 10 -9 -2 11 13 17 15 16 -5 23 -13 -19 -20 -15 -22 -23 25 -25 28 -27 -28 -12 -30
right_child=1 2 3 7 -6 -7 -8 8 -10 -11 14 12 -14 20 -16 -17 -18 18 19 -21 21 22 -24 24 -26 26 27 -29 29 -31
leaf_value=-0.00021356041795291331 -0.0014651056124518314 0.00092172800901938563 0.002893281780294518 0.0052112490660510954 -0.0038483288710046072 0.0063500246436012028 -0.002150565968560321 0.00017049645511981319 0.0048017831410298931 0.0020499828504398467 0.0024083308283387953 0.0052518754497275881 0.0064418072899913078 -0.0034759969695005565 0.0037017396105382639 -6.0970105317442918e-05 0.0042695225750406579 -0.0026916590142388674 0.005625922294819485 -0.00051266205892898137 0.0026347943361509931 -0.0038428868854695816 0.0014023094522362608 -0.00090984468853204771 0.0029026344575686378 0.0049301908724009988 0.0023547464158218644 -0.0026201635438271543 0.00042390229250752149 -0.0022087764775810333
leaf_weight=12623 180 44 67 48 69 49 42 68 106 48 113 53 68 48 79 43 45 43 69 60 55 47 53 328 48 66 128 44 390 91
leaf_count=12623 180 44 67 48 69 49 42 68 106 48 113 53 68 48 79 43 45 43 69 60 55 47 53 328 48 66 128 44 390 91
internal_value=3.36277e-13 0.00104004 0.00121028 0.00110497 -0.000910161 0.0037818 0.000949781 0.00127635 0.00299186 -0.000725087 0.0011208 0.00183538 0.0032699 0.000405751 0.000805887 0.00271998 0.000623307 0.00231128 0.00140516 0.00277077 -0.000631662 0.000249164 -0.00106293 0.000487479 -0.000423145 0.000899011 0.00214921 0.0010821 0.000398089 -7.41721e-05
internal_weight=15215 2592 2364 2271 178 93 109 2093 174 228 1919 587 293 294 1332 91 1253 225 172 129 203 155 100 1208 376 832 238 172 594 481
internal_count=15215 2592 2364 2271 178 93 109 2093 174 228 1919 587 293 294 1332 91 1253 225 172 129 203 155 100 1208 376 832 238 172 594 481
is_linear=0
shrinkage=0.03


Tree=76
num_leaves=31
num_cat=0
split_feature=30 35 41 62 46 34 37 14 52 44 56 42 9 15 62 17 30 71 47 47 26 47 34 63 52 17 61 66 74 15
split_gain=3.5679 0.84015 0.725044 0.738583 0.680514 1.13891 1.61275 0.990291 1.39248 0.661098 0.741315 1.13654 0.581431 0.653734 1.01178 0.659664 0.858678 0.605255 0.723329 1.0217 0.661817 0.795536 0.590355 0.672126 0.713333 0.652676 0.7133 0.714154 0.915022 0.977355
threshold=9.6458334922790545 0.03637566231191159 0.26536835730075842 21.583333333333339 1.736383378505707 10.916164875030519 0.4026529341936112 0.075000000000000025 0.18465909361839297 1.8333333134651186 3.9000000000000004 0.44510561227798467 0.095333451878948025 0.21363891689556938 24.083333333333339 20.500000000000004 4.7321429252624521 7.5000000000000009 2.1483516693115239 2.654761910438538 127.50000000000001 0.5419580638408662 2.9264665842056279 -0.12309166526878564 0.17424242943525317 5.5000000000000009 0.65376984126984139 40.500000000000007 837.80000000000007 -0.014328493896315879
decision_type=10 10 8 2 10 10 8 8 10 10 10 8 8 10 2 2 10 2 10 10 2 10 10 2 10 2 10 10 2 10
left_child=1 -1 -2 -4 5 6 -5 8 -7 10 -6 -12 -3 17 -15 16 -16 18 20 -20 22 -22 -14 24 -24 -25 27 28 -27 -30
right_child=2 12 3 4 9 7 -8 -9 -10 -11 11 -13 13 14 15 -17 -18 -19 19 -21 21 -23 23 25 -26 26 -28 -29 29 -31
leaf_value=-0.00029343877910144127 -0.0022830842720701337 0.0020676046442240476 0.0051621849229377403 0.0018018683826697892 0.0064492809979452021 0.0049306320542977615 -0.004008451985816161 0.0048328667009164663 -0.0014007594107210428 0.0014771884021191552 0.0050869085791767858 -0.0016823945077499602 -0.00044513341006410269 0.0047388846235377575 0.0001239319040292972 -0.001787201466441557 0.0046879363486712631 -0.00079438000125336083 -0.0053092228475958101 0.00039492896106094118 0.00056787406519344711 0.0048689668066799639 0.00055066432062612501 -0.00084759734677511075 0.0043303414721445862 -0.00062139197924657706 -0.00037581938836008828 0.0024422895516011309 0.0062160693923401277 0.00024764350454868942
leaf_weight=10075 47 150 48 76 54 44 99 66 108 877 49 41 790 67 114 74 55 638 50 65 103 62 98 318 83 237 344 282 43 58
leaf_count=10075 47 150 48 76 54 44 99 66 108 877 49 41 790 67 114 74 55 638 50 65 103 62 98 318 83 237 344 282 43 58
internal_value=4.10757e-12 -0.000152434 0.00138453 0.00150244 0.0013782 0.000317405 -0.00148511 0.00176438 0.000432012 0.00178652 0.00367043 0.00200311 0.000238816 0.000160011 0.00147489 0.000574946 0.00160926 3.14671e-05 0.000239477 -0.00208514 0.000350036 0.00218404 0.000215721 0.000572574 0.00228389 0.000330961 0.000719739 0.0013276 0.000397587 0.00278866
internal_weight=15215 13706 1509 1462 1414 393 175 218 152 1021 144 90 3631 3481 310 243 169 3171 2533 115 2418 165 2253 1463 181 1282 964 620 338 101
internal_count=15215 13706 1509 1462 1414 393 175 218 152 1021 144 90 3631 3481 310 243 169 3171 2533 115 2418 165 2253 1463 181 1282 964 620 338 101
is_linear=0
shrinkage=0.03


Tree=77
num_leaves=31
num_cat=0
split_feature=30 35 41 62 46 34 37 14 52 74 46 35 15 60 50 35 50 29 31 55 51 66 66 44 9 15 62 17 30 71
split_gain=3.35704 0.790497 0.682194 0.694933 0.640296 1.0716 1.51744 0.931764 1.31018 0.660161 0.632931 0.852165 0.731263 0.630192 0.600823 0.663892 0.646978 0.925464 0.887732 0.821966 0.688048 0.577631 0.572239 0.561791 0.548457 0.610717 0.951983 0.620678 0.80793 0.558554
threshold=9.6458334922790545 0.03637566231191159 0.26536835730075842 21.583333333333339 1.736383378505707 10.916164875030519 0.4026529341936112 0.075000000000000025 0.18465909361839297 1906.5000000000002 1.9893539547920229 0.505102038383484 0.22022844578605108 2.5000000000000004 1.5500000119209292 0.75378787517547619 0.70833334326744091 13.09999990463257 13.915698528289797 4.8333333333333348 0.63084894418716442 76.500000000000014 49.500000000000007 3.8333333730697636 0.090026963224650258 0.21363891689556938 24.083333333333339 20.500000000000004 4.7321429252624521 7.5000000000000009
decision_type=10 10 8 2 10 10 8 8 10 2 10 10 8 10 10 8 10 10 10 10 10 8 10 10 8 10 2 2 10 2
left_child=1 -1 -2 -4 5 6 -5 8 -7 10 11 -6 13 -12 15 16 19 22 -19 21 -21 -15 -18 -16 -3 29 -27 28 -28 -26
right_child=2 24 3 4 9 7 -8 -9 -10 -11 12 -13 -14 14 23 -17 17 18 -20 20 -22 -23 -24 -25 25 26 27 -29 -30 -31
leaf_value=-0.0002846356267206574 -0.002214591780954853 0.0021151907426485818 0.0050073194445576516 0.0017478123196939888 0.0062175822323096274 0.004782712978141551 -0.003888198421760039 0.0046878806963054969 -0.0013587366041610948 0.0045664485782870778 -0.00098455476699330427 0.0010069454909535124 -0.0022019131603435828 0.0025732667211488614 0.0065190696011164359 0.004519582893360745 0.0046285733237470443 -0.00396907270088855 0.00028925998887345864 0.0023172848637181298 0.0070489715545305181 -0.0024625481688985373 -5.2317616995424032e-05 0.0021418931733974268 0.00023491473079772032 0.0045967180829550791 0.00012021393858288463 -0.0017335854644408902 0.0045472983836450358 -0.00075646612117270698
leaf_weight=10075 47 134 48 76 57 44 99 66 108 69 84 56 52 41 42 55 57 59 174 81 42 41 40 71 2547 67 114 74 55 640
leaf_count=10075 47 134 48 76 57 44 99 66 108 69 84 56 52 41 42 55 57 59 174 81 42 41 40 71 2547 67 114 74 55 640
internal_value=-4.71582e-12 -0.000147861 0.00134299 0.00145736 0.00133685 0.000307883 -0.00144056 0.00171145 0.000419051 0.00173292 0.00152755 0.00363532 0.00124367 0.00147133 0.00176478 0.00138096 0.0010583 0.000236036 -0.00078903 0.00238193 0.00393298 5.53593e-05 0.00269831 0.00376881 0.000231651 0.000159477 0.00143065 0.000557697 0.00156098 3.58298e-05
internal_weight=15215 13706 1509 1462 1414 393 175 218 152 1021 952 113 839 787 703 590 535 330 233 205 123 82 97 113 3631 3497 310 243 169 3187
internal_count=15215 13706 1509 1462 1414 393 175 218 152 1021 952 113 839 787 703 590 535 330 233 205 123 82 97 113 3631 3497 310 243 169 3187
is_linear=0
shrinkage=0.03


Tree=78
num_leaves=31
num_cat=0
split_feature=34 21 1 26 45 9 56 14 22 73 52 6 12 39 11 55 47 62 47 61 39 14 47 33 14 51 36 61 63 58
split_gain=3.16887 0.899337 0.827053 1.5376 0.834435 0.925587 0.837985 0.934832 0.79513 0.749852 0.672887 0.844682 0.956274 0.689455 1.11157 0.768769 1.09683 0.583795 0.561478 0.574672 0.502956 0.496935 0.730602 0.4965 0.531107 0.719278 0.549865 0.459236 0.546641 0.585423
threshold=6.773156166076661 0.38500000000000006 2.5000000000000004 114.50000000000001 1.7749999761581423 0.73417229488379399 3.9000000000000004 -0.12000000000000001 55.500000000000007 587.25000000000011 0.33170334994792944 0.58500000000000008 0.48779864250863875 0.21389954537153247 0.52076696498200914 4.416666666666667 0.90454545617103588 27.583333333333339 4.8452382087707528 0.58809523809523823 0.42191964387893682 -0.12999999999999989 1.2583333253860476 0.51666668057441723 0.22500000000000003 0.065843626856803908 0.15136889368295672 0.36746031746031754 -0.10449922832415927 0.49225487546857399
decision_type=10 2 8 2 10 10 10 10 2 2 10 10 10 10 8 8 8 2 8 10 10 8 8 10 10 10 10 10 2 2
left_child=23 2 3 4 5 10 7 -6 -7 -9 13 20 -13 -2 15 16 -15 -17 27 -20 -12 -4 -23 -1 -25 -26 -27 -8 -29 -30
right_child=1 -3 21 -5 6 8 18 9 -10 -11 11 12 -14 14 -16 17 -18 -19 19 -21 -22 22 -24 24 25 26 -28 28 29 -31
leaf_value=-0.00028728738514329584 -0.0012049701186113578 0.0053425674783715675 0.0014578176744131221 0.0062651425650200017 -0.00050082693119411889 0.0057729379682147763 -0.0014810658432543279 0.005722601097077131 0.00038890984912331284 0.0012979875219985841 -0.0017250782275824981 0.0043697044649161397 -0.0020393768259195483 0.0011217661229893563 -0.0024596109262739235 0.0024799106552210802 0.0068344810864598045 -0.0023613328956998882 0.0059769368491002488 0.0011232809309402237 -0.0056177149415016173 3.8607447790220763e-06 -0.0038708600260849513 2.681341284629205e-05 4.9263766362659028e-05 0.0054168310657971433 0.0012602471383135825 -0.0012727745702224118 0.0020801756594618867 0.00029420420504521345
leaf_weight=9696 129 43 74 52 46 47 66 111 52 50 118 40 44 60 52 51 61 40 42 46 40 117 70 3031 148 54 61 77 428 269
leaf_count=9696 129 43 74 52 46 47 66 111 52 50 118 40 44 60 52 51 61 40 42 46 40 117 70 3031 148 54 61 77 428 269
internal_value=-4.19863e-12 0.00104611 0.00096144 0.00117673 0.00103515 0.000246907 0.00154491 0.00327087 0.00294496 0.0043485 -0.000173735 -0.00141823 0.00101257 0.000592597 0.00147095 0.00243505 0.00400173 0.000351892 0.00115992 0.0034398 -0.00271056 -0.000623103 -0.00144657 -0.000179183 0.000139024 0.00143222 0.00321203 0.000921074 0.00112591 0.0013909
internal_weight=15215 2225 2182 1921 1869 734 1135 207 99 161 635 242 84 393 264 212 121 91 928 88 158 261 187 12990 3294 263 115 840 774 697
internal_count=15215 2225 2182 1921 1869 734 1135 207 99 161 635 242 84 393 264 212 121 91 928 88 158 261 187 12990 3294 263 115 840 774 697
is_linear=0
shrinkage=0.03


Tree=79
num_leaves=31
num_cat=0
split_feature=30 34 56 56 45 34 17 34 63 21 51 61 32 36 7 47 61 38 11 54 22 9 32 22 32 38 32 66 10 22
split_gain=2.98338 0.63618 0.763412 0.616951 1.14391 0.934098 0.841241 0.934149 1.39006 0.79419 0.777548 0.991885 0.824634 0.682924 0.86469 0.607234 0.609189 1.27579 0.6293 0.766915 0.704862 0.613239 0.628029 0.639796 0.743382 0.914188 0.942508 0.662128 0.601201 0.586696
threshold=5.6458332538604745 16.804761886596683 4.1000000000000005 3.9000000000000004 2.7749999761581425 11.030943870544435 40.500000000000007 14.59339761734009 -0.043970757446991908 0.35500000000000004 0.097203452140092864 0.65376984126984139 6.8473880290985116 0.40254954993724829 0.56500000000000017 4.8452382087707528 0.34722222222222227 0.39279143512248998 0.61364692643413055 1.2916666666666667 75.500000000000014 0.68181431309719953 16.784743309021 51.500000000000007 13.123526096343996 0.29410834610462194 6.8473880290985116 41.500000000000007 0.46791352093342492 34.500000000000007
decision_type=10 10 8 8 10 10 2 10 2 2 10 10 10 10 10 10 8 8 10 8 2 10 10 2 10 10 10 10 10 2
left_child=-1 3 -3 4 5 10 7 8 -7 15 11 -2 -12 -14 -15 16 17 -5 21 -20 -21 22 23 29 25 26 -25 -27 -10 -18
right_child=1 2 -4 9 -6 6 -8 -9 28 -11 12 -13 13 14 -16 -17 18 -19 19 20 -22 -23 -24 24 -26 27 -28 -29 -30 -31
leaf_value=-0.00018493464701798394 0.0052799485789404976 0.00024119064832727114 0.0042006357811832061 0.0014045266664408623 0.0064360554879758407 0.0063162648063153021 0.0053016854532063002 -0.0017497657150961458 -0.0023250231491401792 0.0045702066995935249 0.0025810162016543848 -0.0007507320794344802 -0.0034490155976977239 0.00313015777781402 -0.0021130764452011687 0.0035778060068304722 0.00020992021834519638 -0.0056233444842307464 0.0042537842774273537 0.0015875601878742108 -0.0026369751638478851 -0.0026998721657913514 0.0035625677470117805 0.0025690986718982459 -0.0010456905346654822 0.0020364450879949087 -0.0030388414789447372 0.0063957043339569978 0.0028763264743611214 -0.0016753941407790533
leaf_weight=12745 54 72 112 47 41 60 75 55 40 42 58 45 89 48 69 52 445 46 76 185 44 66 50 60 96 79 49 52 40 223
leaf_count=12745 54 72 112 47 41 60 75 55 40 42 58 45 89 48 69 52 445 46 76 185 44 66 50 60 96 79 49 52 40 223
internal_value=1.59182e-12 0.000954248 0.00265129 0.000817653 0.00157984 0.0012653 0.00260155 0.00156303 0.00286449 0.000498972 0.000271394 0.00253873 -0.000578857 -0.00146853 3.7994e-05 0.00039006 0.000280862 -0.00207162 0.000434393 0.00164249 0.000775859 0.000105402 0.000281065 0.000117643 0.00118545 0.00207791 4.80981e-05 0.00376684 0.000275652 -0.000419459
internal_weight=15215 2470 184 2286 674 633 270 195 140 1612 363 99 264 206 117 1570 1518 93 1425 305 229 1120 1054 1004 336 240 109 131 80 668
internal_count=15215 2470 184 2286 674 633 270 195 140 1612 363 99 264 206 117 1570 1518 93 1425 305 229 1120 1054 1004 336 240 109 131 80 668
is_linear=0
shrinkage=0.03


Tree=80
num_leaves=31
num_cat=0
split_feature=35 22 22 21 38 51 30 30 66 22 11 11 46 64 51 54 6 32 43 55 41 33 30 7 7 47 47 54 22 32
split_gain=2.83724 0.731992 1.06382 0.687066 0.610401 0.53192 0.501799 1.42557 0.548139 0.480182 0.792071 0.659369 0.863811 0.849108 0.802367 1.16713 1.06743 0.794456 0.683894 0.750602 0.90577 0.683511 0.946084 0.601714 0.844357 0.548058 0.656184 0.614639 0.512975 0.512282
threshold=0.21132376790046695 17.500000000000004 19.500000000000004 0.27500000000000008 0.74276381731033336 0.003704578499309719 17.687500000000004 16.812500000000004 75.500000000000014 39.500000000000007 0.61364692643413055 0.8309753388066643 2.4628357887268071 1.0000000180025095e-35 0.5715303122997285 1.4500000000000002 0.36500000000000005 13.123526096343996 0.81893274188041698 3.4166666666666674 0.28303788602352148 8.3038463592529315 12.133928775787355 0.65166666666666684 0.59500000000000008 2.5773808956146245 2.9258241653442387 1.7750000000000001 67.500000000000014 6.3964354991912851
decision_type=10 2 2 2 10 10 10 10 8 2 10 10 10 2 10 8 10 10 10 8 10 8 10 8 10 10 10 10 2 10
left_child=-1 -2 -3 4 5 -4 7 9 -8 10 23 12 13 14 15 16 -11 -16 -15 -20 -21 -18 -23 24 29 -14 -27 -28 -29 -7
right_child=1 2 3 -5 -6 6 8 -9 -10 11 -12 -13 25 18 17 -17 21 -19 19 20 -22 22 -24 -25 -26 26 27 28 -30 -31
leaf_value=-0.00018095810951197005 -4.5076595706632358e-05 0.0048045245463579477 -0.001194001383962905 0.0039577840703447732 0.0042172134116292004 0.0024158112018755297 -0.0032381205271025571 0.0051686163861304514 0.00087622432572328861 -0.00091833769530057902 0.0026030757727341786 -0.0018308589078093829 -0.0015056948620523955 0.0026457792486995458 0.0067074275175790961 -0.00093264321003247192 0.0073654607052986432 0.0016336018592119216 -0.0039031645322088588 -0.0022769316107682557 0.0034277392479337074 -1.3488580783208212e-05 0.0062093269972260607 -0.003969171328470111 0.0036972169442426252 0.0044572736924913311 -0.0023016178582540964 -0.00082791899191215633 0.0037101921871961919 -0.0012105360628352961
leaf_weight=12731 544 71 107 71 50 41 51 75 68 40 93 57 111 100 82 81 52 42 43 46 55 45 43 40 46 42 55 40 51 242
leaf_count=12731 544 71 107 71 50 41 51 75 68 40 93 57 111 100 82 81 52 42 43 46 55 45 43 40 46 42 55 40 51 242
internal_value=-2.99106e-13 0.000927447 0.00120015 0.00106323 0.00094893 0.000855443 0.000989076 0.00113576 -0.000887066 0.000926736 0.000128766 0.00130101 0.00149338 0.00212443 0.00300192 0.00205793 0.00340369 0.00498887 0.000739872 -0.000583675 0.000829572 0.00463856 0.00302721 -0.000494841 -7.24301e-05 0.000165844 0.00115276 0.000202151 0.00171542 -0.000685164
internal_weight=15215 2484 1940 1869 1798 1748 1641 1522 119 1447 462 985 928 629 385 261 180 124 244 144 101 140 88 369 329 299 188 146 91 283
internal_count=15215 2484 1940 1869 1798 1748 1641 1522 119 1447 462 985 928 629 385 261 180 124 244 144 101 140 88 369 329 299 188 146 91 283
is_linear=0
shrinkage=0.03


Tree=81
num_leaves=31
num_cat=0
split_feature=30 35 41 62 46 59 34 37 42 74 46 35 15 60 52 9 15 62 17 30 47 34 34 42 32 71 22 50 35 50
split_gain=2.69503 0.660664 0.610788 0.644067 0.569501 1.00273 1.14893 1.02163 0.752371 0.627034 0.581306 0.804801 0.675673 0.59074 0.540678 0.529782 0.542856 0.88111 0.582448 0.741305 0.550199 0.682649 0.603596 0.977869 0.578703 0.569164 0.562877 0.527405 0.581104 0.612364
threshold=9.6458334922790545 0.03637566231191159 0.26536835730075842 21.583333333333339 1.736383378505707 2.5833333333333335 10.916164875030519 0.4026529341936112 0.4406298846006394 1906.5000000000002 1.9893539547920229 0.505102038383484 0.22022844578605108 2.5000000000000004 0.5419580638408662 0.095333451878948025 0.21363891689556938 24.083333333333339 20.500000000000004 4.7321429252624521 1.8819444179534914 9.4802594184875506 11.50568199157715 0.30715137720108038 5.192929983139039 7.5000000000000009 137.50000000000003 1.5500000119209292 0.75378787517547619 0.70833334326744091
decision_type=10 10 8 2 10 10 10 8 10 2 10 10 8 10 10 8 10 2 2 10 10 10 10 10 10 2 2 10 8 10
left_child=1 -1 -2 -4 5 6 7 -5 -8 10 11 -6 13 -12 -10 -3 20 -18 19 -19 22 24 25 -24 -22 26 -17 28 29 -15
right_child=2 15 3 4 9 -7 8 -9 14 -11 12 -13 -14 27 -16 16 17 18 -20 -21 21 -23 23 -25 -26 -27 -28 -29 -30 -31
leaf_value=-0.00025752136506620917 -0.0021629398102138903 0.0019601416401565075 0.0047290965879801658 0.00057561155231226056 0.0058983493020365891 0.0039042640808283494 0.004716008889621922 -0.0044287042717703366 0.0017860120813274988 0.0043305651528720299 -0.0010620968790525304 0.00083458829055806354 -0.0022151935460547412 0.0022260491446841782 -0.001929710272344805 0.00017378057211595163 0.0043833817900227967 8.9427264603345009e-05 -0.0017219800731116855 0.0043300475630570542 -0.0036376262503827724 -0.0048688577953726053 0.0060510259028524159 -0.00011367474496364593 0.00036592559167709118 -0.00079047220382206726 0.0027202402703739976 0.0034773868728280727 0.0041765979326922782 0.00013834469980263911
leaf_weight=10075 47 150 48 63 57 57 42 88 80 69 84 56 52 205 63 2200 67 114 74 55 43 42 40 55 133 577 81 113 55 330
leaf_count=10075 47 150 48 63 57 57 42 88 80 69 84 56 52 205 63 2200 67 114 74 55 43 42 40 55 133 577 81 113 55 330
internal_value=-3.81772e-12 -0.000132482 0.00120331 0.00131153 0.00119552 0.000225095 -0.00039905 -0.00234081 0.00118585 0.00156905 0.0013689 0.00338887 0.00109684 0.00131567 0.000149016 0.000214467 0.000139244 0.00133744 0.000497616 0.00146951 2.2107e-05 -0.0014323 0.000129476 0.00248199 -0.000612215 5.12786e-05 0.000264207 0.00159979 0.00124018 0.000938306
internal_weight=15215 13706 1509 1462 1414 393 336 151 185 1021 952 113 839 787 143 3631 3481 310 243 169 3171 218 2953 95 176 2858 2281 703 590 535
internal_count=15215 13706 1509 1462 1414 393 336 151 185 1021 952 113 839 787 143 3631 3481 310 243 169 3171 218 2953 95 176 2858 2281 703 590 535
is_linear=0
shrinkage=0.03


Tree=82
num_leaves=31
num_cat=0
split_feature=30 42 14 41 62 60 46 58 34 17 15 52 22 11 10 44 27 27 55 54 48 42 8 53 8 27 62 7 10 57
split_gain=2.53576 0.62498 0.590059 0.57469 0.606002 0.558504 0.585254 0.967323 0.995139 0.964435 0.780854 0.845184 0.568025 0.637105 0.844425 0.645582 0.8799 0.684532 0.620883 0.777846 0.627239 0.675588 0.58541 0.574035 0.653062 0.559288 0.530848 0.528205 1.54924 0.49621
threshold=9.6458334922790545 0.019748071208596233 -0.059999999999999977 0.26536835730075842 21.583333333333339 8.5833333333333339 1.736383378505707 0.46244537648954814 10.916164875030519 22.500000000000004 0.059966540530886535 0.56696429848670971 12.500000000000002 0.34321692255579511 0.30992957746478877 1.8333333134651186 12.500000000000002 17.500000000000004 4.166666666666667 1.2250000000000003 1.5000000000000002 0.46689589321613317 0.64225000000000021 2.4166666666666674 0.54633333333333345 12.500000000000002 27.583333333333339 0.77500000000000024 0.57343137254901977 32.833333333333336
decision_type=10 10 10 8 2 10 10 2 10 2 8 10 2 10 10 10 10 10 10 10 10 10 10 8 10 10 2 10 10 2
left_child=1 -1 -3 -2 -5 6 7 8 -6 -9 11 -10 -8 14 -14 16 -15 18 22 -20 23 -22 -17 24 -21 -26 -19 28 -28 -4
right_child=3 2 29 4 5 -7 12 9 10 -11 -12 -13 13 15 -16 17 -18 26 19 20 21 -23 -24 -25 25 -27 27 -29 -30 -31
leaf_value=-0.00026589709439826391 -0.0020980515862081914 -0.00038546703092856105 0.00053140913276173015 0.0045872236596187568 -0.0030500446868398667 0.003967628238234119 -0.0015375599829818714 0.0061415742058306931 0.0012225018607130377 0.00025473355690934762 0.00391721126663944 -0.0041601460547436298 0.0011181885981932282 0.0065420812927186487 0.0071705425903201099 0.00082067564071621748 0.0011505950552721817 0.0039549562433624967 0.0035128232854895474 -0.0028154178734403103 -0.0047245025986283112 0.00057153463404139746 -0.0036242749439552423 0.00391077308091335 0.0036385225645213758 -0.00090934625624989468 0.0031256428716005757 0.0041092720898450348 -0.0040474020901750379 -0.00064236468769630179
leaf_weight=9388 47 1230 2720 48 114 61 55 40 73 67 46 41 42 48 41 48 63 102 82 45 41 46 60 50 53 45 64 40 47 368
leaf_count=9388 47 1230 2720 48 114 61 55 40 73 67 46 41 42 48 41 48 63 102 82 45 41 46 60 50 53 45 64 40 47 368
internal_value=7.00386e-12 -0.000128507 0.000170199 0.00116721 0.00127218 0.00115965 0.00103305 3.64656e-05 -0.000908163 0.00245542 0.000617927 -0.000713363 0.00142369 0.0016013 0.00410791 0.00135184 0.00348205 0.0010248 0.000347531 0.000943103 0.000190543 -0.0019243 -0.00164874 0.00114387 0.000176415 0.00155022 0.00228296 0.00115354 8.84076e-05 0.000391529
internal_weight=15215 13706 4318 1509 1462 1414 1353 381 274 107 160 114 972 917 83 834 111 723 470 362 280 87 108 193 143 98 253 151 111 3088
internal_count=15215 13706 4318 1509 1462 1414 1353 381 274 107 160 114 972 917 83 834 111 723 470 362 280 87 108 193 143 98 253 151 111 3088
is_linear=0
shrinkage=0.03


Tree=83
num_leaves=31
num_cat=0
split_feature=34 21 26 12 66 73 35 9 36 47 49 66 60 52 17 39 41 55 17 51 7 15 10 72 66 43 22 10 75 54
split_gain=2.40334 0.796207 0.739968 0.789822 0.903408 0.848605 0.772981 0.624855 0.588214 0.989487 0.761677 1.2093 1.04446 0.603114 0.581582 0.790938 0.715005 0.6313 0.621352 0.739621 0.809865 0.618267 0.808105 0.976329 0.569588 0.560272 0.541786 0.503302 0.478545 0.471794
threshold=6.773156166076661 0.38500000000000006 114.50000000000001 0.43235070108351009 56.500000000000007 1370.7500000000002 0.45080643892288214 0.51848275753426043 0.25650483369827276 1.1980683207511904 0.37819932401180273 37.500000000000007 4.8333333333333348 0.33170334994792944 17.500000000000004 0.60585370659828197 0.53287982940673839 4.166666666666667 31.500000000000004 0.65552279353141796 0.6083333333333335 -0.10117438867438865 0.83975308641975321 8.5000000000000018 75.500000000000014 2.5000000000000004 55.500000000000007 0.23265838011226947 1.0000000180025095e-35 1.7750000000000001
decision_type=10 2 2 10 10 2 8 8 10 8 10 10 10 10 2 8 8 10 2 10 10 10 10 2 10 10 2 10 2 10
left_child=-1 2 3 4 7 14 -7 8 26 -10 13 12 -12 -11 15 16 17 -5 19 20 -16 -20 23 28 29 -19 -2 -28 -23 -6
right_child=1 -3 -4 5 24 6 -8 -9 9 10 11 -13 -14 -15 18 -17 -18 25 21 -21 -22 22 -24 -25 -26 -27 27 -29 -30 -31
leaf_value=-0.00015604631706489375 -0.0014268739068216377 0.0049536446871799094 0.003759571262076497 -0.002740799392340705 -0.0038111828226596121 0.006860828503434147 0.0019405906971871525 -0.0024290682566352187 0.0043984657850409488 0.0013068355757154917 0.0032782078661363228 0.006518213608568268 -0.0021443560236554231 -0.0028632426043243512 -0.0025283579862734771 0.0024710271977043401 -0.003970633329097497 0.0034861912520136682 -0.001214365809804426 0.0041783852353529608 0.0033697235812856388 0.0017474386354664614 -0.0024051007487751702 0.0057693331518385094 0.0004895758529686752 -0.0011724394644677108 0.0039354068014238559 -0.00065587459894066505 -0.00099236027836065058 -0.000446207222295925
leaf_weight=12990 143 43 75 51 100 42 91 55 89 57 66 42 62 69 40 72 59 52 106 129 44 299 47 48 85 42 42 44 71 60
leaf_count=12990 143 43 75 51 100 42 91 55 89 57 66 42 62 69 40 72 59 52 106 129 44 299 47 48 85 42 42 44 71 60
internal_value=7.04357e-12 0.00091103 0.000831363 0.000727132 6.35406e-05 0.00123553 0.00349435 0.000634309 0.000908716 0.00162485 0.000790887 0.00210104 0.000651653 -0.000976779 0.000952116 -0.000232227 -0.00118632 -5.33881e-05 0.00136905 0.00275186 0.000561113 0.000853226 0.00132455 0.00174391 -0.00149501 0.00140468 -0.000295259 0.00158638 0.00122169 -0.00254932
internal_weight=15215 2225 2182 2107 914 1193 133 669 614 385 296 170 128 126 1060 276 204 145 784 213 84 571 465 418 245 94 229 86 370 160
internal_count=15215 2225 2182 2107 914 1193 133 669 614 385 296 170 128 126 1060 276 204 145 784 213 84 571 465 418 245 94 229 86 370 160
is_linear=0
shrinkage=0.03


Tree=84
num_leaves=31
num_cat=0
split_feature=30 10 12 31 14 55 14 58 7 22 17 43 64 28 55 67 42 8 44 52 36 56 8 55 63 35 57 35 36 34
split_gain=2.27038 0.634525 0.736023 0.480344 0.594424 0.502049 0.578294 0.736265 0.47037 0.464658 0.522571 0.511617 0.602309 0.661544 0.476717 0.457133 0.912046 0.462793 0.807787 0.550044 0.887173 0.540003 0.568239 1.36071 0.781087 0.578198 1.00222 0.989155 0.681332 0.665333
threshold=5.2678570747375497 0.14359351988217969 0.18424606892510506 15.560148715972902 -0.34499999999999992 1.8333333333333337 0.27500000000000008 0.45574407618525276 0.32833333333333342 97.500000000000014 9.5000000000000018 2.5000000000000004 1.0000000180025095e-35 18.166666984558109 4.166666666666667 3.5000000000000004 0.41383072733879095 0.31675000000000009 1.5833333134651186 0.2264957278966904 0.21421884745359424 2.3000000000000003 0.40900000000000009 5.8333333333333348 -0.040503659381473121 0.16869919002056125 28.500000000000004 0.21132376790046695 0.23791210353374484 6.3385417461395273
decision_type=10 10 10 10 8 8 10 2 10 2 2 10 2 10 10 8 10 10 8 10 10 10 10 10 2 8 2 10 10 10
left_child=-1 8 -3 4 -4 -6 15 -8 -2 10 -5 12 13 -12 -13 16 -7 18 19 20 -17 -19 23 24 -23 26 -24 -27 -29 -30
right_child=1 2 3 9 5 6 7 -9 -10 -11 11 14 -14 -15 -16 17 -18 21 -20 -21 -22 22 25 -25 -26 27 -28 28 29 -31
leaf_value=-0.00016606220390075411 -0.0014063490573316812 0.0049390112926683775 0.0036193939246497732 -0.0011537786934249956 0.0027407778271784384 0.00061756930013577788 0.0043532150481151383 -0.00024300239133563908 0.0019359991955570875 0.0047655392283710036 0.0042288304551303469 0.0051697077399448441 -0.0027977737611508927 -0.0010349627675688162 0.0019559817631982566 -0.0014171879818396908 -0.0051928028053371241 -0.0020412486987188456 -0.0047032064708267774 -0.002160549217449694 0.0047864718853337009 0.0012187228389844602 0.0063196457913145421 -0.0012525743630430952 0.0061152874134889198 -0.0037178489720483994 -5.1385845243930813e-05 0.0034337565091184592 -0.0024678074169189553 0.00053677782869978599
leaf_weight=12623 180 41 59 61 90 62 73 55 48 41 44 51 40 42 224 42 40 65 41 58 41 49 40 64 73 53 50 66 73 726
leaf_count=12623 180 41 59 61 90 62 73 55 48 41 44 51 40 42 224 42 40 65 41 58 41 49 40 64 73 53 50 66 73 726
internal_value=4.05828e-13 0.00080872 0.000954492 0.000884166 0.000657378 0.000558139 0.000440583 0.00237828 -0.000702697 0.00170475 0.00143312 0.00182664 0.000243565 0.00165814 0.00255198 0.000279841 -0.00166101 0.000417222 -0.000996812 8.09333e-05 0.00164727 0.000621634 0.000766598 0.00229015 0.00414863 0.000485466 0.00278018 0.000260493 0.000504253 0.000262266
internal_weight=15215 2592 2364 2323 1820 1761 1671 128 228 503 462 401 126 86 275 1543 102 1441 182 141 83 1259 1194 186 122 1008 90 918 865 799
internal_count=15215 2592 2364 2323 1820 1761 1671 128 228 503 462 401 126 86 275 1543 102 1441 182 141 83 1259 1194 186 122 1008 90 918 865 799
is_linear=0
shrinkage=0.03


Tree=85
num_leaves=31
num_cat=0
split_feature=27 21 45 26 56 34 61 14 73 17 17 46 9 33 12 56 17 41 34 63 75 11 41 14 31 58 29 35 36 33
split_gain=2.14604 0.792492 0.653237 0.874872 0.851912 0.796212 0.776589 0.732831 0.845938 0.649689 0.771133 0.78185 0.67484 0.807498 0.767618 0.950735 0.726588 1.45725 0.658627 0.634072 0.668834 0.662899 1.04701 0.894587 1.00084 0.67035 0.632609 0.573932 0.725762 0.525778
threshold=5.5000000000000009 0.31500000000000006 1.7083333134651186 115.50000000000001 3.9000000000000004 16.804761886596683 0.34722222222222227 -0.12000000000000001 587.25000000000011 81.500000000000014 49.500000000000007 1.2623813152313235 0.73417229488379399 6.5166666507720956 0.50522453630558506 3.2250000000000005 19.500000000000004 0.28303788602352148 10.244345664978029 -0.12690735507082979 1.5000000000000002 0.34321692255579511 0.34428149461746221 0.10000000000000007 11.604003906250002 0.47461249428011482 7.1562435626983651 0.5178799331188203 0.35061050951480871 16.585714340209964
decision_type=10 2 10 2 10 10 10 10 2 2 2 10 10 8 10 8 2 10 10 2 2 10 10 10 10 2 8 10 10 10
left_child=-1 2 3 9 7 6 -6 -4 -9 10 12 -12 14 -14 15 27 17 26 -19 -8 21 22 -21 29 -25 -26 -17 28 -2 -23
right_child=1 -3 4 -5 5 -7 19 8 -10 -11 11 -13 13 -15 -16 16 -18 18 -20 20 -22 23 -24 24 25 -27 -28 -29 -30 -31
leaf_value=-0.00015658400247367643 0.0010207171162027258 0.0038265254554387764 -0.00066733574228627337 0.0041606339940335598 -0.0029184675717895681 0.0032280241489422981 -0.0026683711207917205 0.0051452292175554627 0.00065805690464648323 -0.0034669608072094293 0.00018720926814957668 0.0053270820228382941 -0.00045525614959253391 0.0040693186950200881 -0.0031502612753372106 -0.00041379528226092525 -0.0023366055856694286 0.0059511630740863349 0.00076041974804618145 -0.00014418018087744713 0.0034540104658646116 0.00045395943228793541 0.0059952189245028415 0.0018464912016960709 -0.00094399346948363053 -0.0061014781848643899 -0.0042624471641759922 -0.00096029594549382072 0.0055103100519269125 0.0030973918596417342
leaf_weight=12752 86 76 42 48 55 111 46 121 55 46 57 50 71 71 84 211 178 44 44 50 86 413 50 44 43 48 47 53 52 81
leaf_count=12752 86 76 42 48 55 111 46 121 55 46 57 50 71 71 84 211 178 44 44 50 86 413 50 44 43 48 47 53 52 81
internal_value=3.38907e-12 0.000810702 0.000714681 0.000196499 0.00118999 0.000828436 0.000537656 0.00289329 0.00374299 2.25699e-05 0.000175736 0.00258902 -9.86752e-05 0.00180703 -0.000437361 -0.000118643 -0.000779107 2.21498e-05 0.00335579 0.000758431 0.000951845 0.000656665 0.00292552 0.000295957 -0.00186827 -0.00366442 -0.00111491 0.00169331 0.00271245 0.000887397
internal_weight=15215 2463 2387 1142 1245 1027 916 218 176 1094 1048 107 941 142 799 715 524 346 88 861 815 729 100 629 135 91 258 191 138 494
internal_count=15215 2463 2387 1142 1245 1027 916 218 176 1094 1048 107 941 142 799 715 524 346 88 861 815 729 100 629 135 91 258 191 138 494
is_linear=0
shrinkage=0.03


Tree=86
num_leaves=31
num_cat=0
split_feature=35 22 21 66 51 61 60 7 47 36 7 63 71 28 22 12 38 57 7 44 33 34 74 30 6 73 56 62 31 6
split_gain=2.02123 0.607332 0.854635 0.668111 0.574569 0.471812 0.446519 1.3062 0.463017 0.536744 0.432994 0.643653 0.562297 0.742567 0.980821 0.419549 0.418147 0.398685 0.395449 0.385685 0.453606 0.429385 0.570593 0.850414 0.602405 0.597149 0.529147 0.535888 0.899244 0.502364
threshold=0.21132376790046695 12.500000000000002 0.24500000000000002 80.500000000000014 0.003704578499309719 0.73472222222222239 4.8333333333333348 0.54166666666666685 2.174242496490479 0.35627859830856329 0.99166666666666681 0.050827068247459591 7.5000000000000009 3.5833333730697636 47.500000000000007 0.31661484145762014 0.74276381731033336 26.166666666666668 0.25416666666666671 2.5833333730697636 9.1742424964904803 5.0119047164917001 198.30000000000004 8.5625000000000018 0.32500000000000007 602.30000000000007 2.9000000000000004 27.083333333333339 3.2970443964004521 0.115
decision_type=10 2 2 8 10 8 8 10 8 10 10 2 2 10 2 10 10 2 10 10 10 8 2 10 8 2 10 2 10 10
left_child=10 6 4 -4 5 15 8 -8 9 18 19 12 13 14 -12 -3 -6 -15 -2 20 21 -1 23 24 29 -26 -24 28 -28 -23
right_child=1 2 3 -5 16 -7 7 -9 -10 -11 11 -13 -14 17 -16 -17 -18 -19 -20 -21 -22 22 26 -25 25 -27 27 -29 -30 -31
leaf_value=-0.00023264056302994536 0.00035247908905148504 6.1918751802295452e-05 0.0066828952475291919 0.0013887401272853215 0.00092019648427151782 0.0015006043624598531 -0.00069446058244389177 0.0055212640862275916 -0.0040506133005568171 0.0025020305431879514 0.0058113068245141432 -0.0010971131644283349 -0.00095593238137662402 -0.0020875446153804655 0.001420875228075094 -0.0040248004668571339 0.0036484921780916358 0.0019034410649683415 -0.0027977976357797161 0.0025842809105912842 -0.0029675376506627729 0.0014186637456479825 -0.0027504734494792882 0.0051803647379080452 0.0046613929459247095 0.00064190312073780938 -0.00065391283607884741 -0.0011068812736310064 0.003821602456170965 -0.0015179299233624567
leaf_weight=11364 65 40 41 45 1823 45 118 41 41 41 71 130 75 50 129 52 52 41 80 45 53 95 67 45 58 78 89 150 74 117
leaf_count=11364 65 40 41 45 1823 45 118 41 41 41 71 130 75 50 129 52 52 41 80 45 53 95 67 45 58 78 89 150 74 117
internal_value=3.37328e-12 0.000782797 0.000984007 0.0039127 0.000858824 -0.00101668 -0.000310827 0.000908336 -0.00116478 -0.000528653 -0.000152735 0.000716209 0.00136029 0.00195725 0.00297948 -0.00224797 0.000995861 -0.000289408 -0.0013856 -0.000187961 -0.000198195 -0.000186102 0.000498069 0.00129954 0.000797714 0.0023561 -0.000330825 0.000187119 0.00137792 -0.000202004
internal_weight=15215 2484 2098 86 2012 137 386 159 227 186 12731 496 366 291 200 92 1875 91 145 12235 12190 12137 773 393 348 136 380 313 163 212
internal_count=15215 2484 2098 86 2012 137 386 159 227 186 12731 496 366 291 200 92 1875 91 145 12235 12190 12137 773 393 348 136 380 313 163 212
is_linear=0
shrinkage=0.03


Tree=87
num_leaves=31
num_cat=0
split_feature=30 41 62 60 42 14 47 22 74 74 62 10 51 52 15 55 42 30 55 35 61 22 46 45 62 47 39 36 32 56
split_gain=1.90224 0.541215 0.566334 0.523623 0.522332 0.54037 0.503922 0.607132 0.53571 0.532197 0.63512 0.920147 0.593785 1.13971 0.805579 0.801316 0.713766 0.884687 0.625736 0.6649 0.601189 0.539371 0.511886 0.504233 0.498373 0.63725 0.497745 0.509493 0.491738 0.490206
threshold=9.6458334922790545 0.26536835730075842 21.583333333333339 8.4166666666666696 0.019748071208596233 -0.059999999999999977 4.2613637447357187 70.500000000000014 1918.2500000000002 1008.8000000000001 25.250000000000004 0.51266025641025648 0.065618135035038008 0.37439477443695074 0.098547553088451284 4.8333333333333348 0.44510561227798467 12.803571224212648 4.5833333333333348 0.59317129850387584 0.71944444444444466 20.500000000000004 1.736383378505707 3.1000000238418584 29.250000000000004 3.2583333253860478 0.28292745351791387 0.38932472467422491 17.189797401428226 3.5500000000000003
decision_type=10 8 2 10 10 10 8 2 2 2 2 10 10 10 10 8 10 10 10 10 10 2 10 10 2 10 10 10 10 10
left_child=4 -2 -3 6 -1 26 8 -8 9 12 -11 -12 -4 14 15 29 20 -18 19 -19 21 -15 -23 -24 25 -20 -6 -28 -21 -14
right_child=1 2 3 -5 5 -7 7 -9 -10 10 11 -13 13 16 -16 -17 17 18 24 28 -22 22 23 -25 -26 -27 27 -29 -30 -31
leaf_value=-0.00023690432174393962 -0.002157791236296613 0.0043175195427056674 0.004178456415379928 0.003699894630830855 -0.00019241478796200924 0.0003735803631702836 0.0013587364196280111 0.0055588141735643144 0.0032144204681473121 -0.004215065545055928 -0.0024225528716229866 0.0029609519440048143 -0.00018910141543231228 -0.0013056538084848842 -0.0051951741226721644 0.0026435797722078858 -0.0027719939204261584 0.0044608128086353338 -0.00081202843824688053 -0.0010911200809592412 0.0048285964910800639 -0.00071124065481126307 0.0043088683629641305 0.00048489789183561998 -0.0020020442940976197 0.0038321555973961949 -0.004333685667677359 2.5322576768176499e-05 0.0030725142000010237 -0.0045229401511549042
leaf_weight=9388 47 48 44 62 1132 3088 118 42 70 43 62 53 55 47 41 50 68 72 65 59 65 40 100 45 82 45 55 43 45 41
leaf_count=9388 47 48 44 62 1132 3088 118 42 70 43 62 53 55 47 41 50 68 72 65 59 65 40 100 45 82 45 55 43 45 41
internal_value=5.54293e-12 0.00101095 0.00111281 0.00100403 -0.000111303 0.000161774 0.0008804 0.00246126 0.000668205 0.00050935 -0.00110453 5.85407e-05 0.000773865 0.000611037 -0.00147949 -0.000436042 0.00114436 0.000371714 0.000952617 0.00224469 0.00227862 0.00156419 0.00229328 0.00312212 -0.000231784 0.00108787 -0.000369982 -0.00242106 0.000710452 -0.00204001
internal_weight=15215 1509 1462 1414 13706 4318 1352 160 1192 1122 158 115 964 920 187 146 733 436 368 176 297 232 185 145 192 110 1230 98 104 96
internal_count=15215 1509 1462 1414 13706 4318 1352 160 1192 1122 158 115 964 920 187 146 733 436 368 176 297 232 185 145 192 110 1230 98 104 96
is_linear=0
shrinkage=0.03


Tree=88
num_leaves=31
num_cat=0
split_feature=34 26 47 47 7 12 60 15 66 51 67 74 14 56 10 43 15 51 71 7 51 48 67 47 29 12 43 42 9 14
split_gain=1.8091 0.722058 0.62717 0.573689 0.613243 0.978768 0.790609 0.719185 0.627034 0.634027 0.553862 0.520878 0.503846 0.498215 0.497163 0.489814 0.775354 0.664976 0.702288 0.584983 0.706859 0.676314 0.945219 0.814891 0.727444 0.727048 0.719106 0.55171 0.489193 0.399178
threshold=6.2034482955932626 114.50000000000001 0.73030304908752453 0.8383084535598756 0.50833333333333353 0.21591275585832956 5.8333333333333348 -0.20197945779218232 61.500000000000007 1.2283374071121218 9.5000000000000018 509.80000000000001 0.18500000000000008 8.1000000000000014 0.36749699879951986 4.5000000000000009 0.076307245386192754 1.2028059959411623 6.5000000000000009 0.55416666666666681 0.187122717499733 0.37819932401180273 9.5000000000000018 2.174242496490479 12.09999990463257 0.56932573430420763 2.5000000000000004 0.4508932232856751 0.65659507140887385 0.020000000000000014
decision_type=10 2 8 8 10 8 10 8 10 10 10 2 8 8 10 10 10 10 2 10 10 10 8 8 10 10 10 10 10 10
left_child=-1 2 12 -4 5 -5 13 -7 9 29 -8 -10 -2 14 -6 17 27 18 28 -20 -21 23 -23 24 -22 -25 -24 -17 -16 -9
right_child=1 -3 3 4 6 7 10 8 11 -11 -12 -13 -14 -15 15 16 -18 -19 19 20 21 22 26 25 -26 -27 -28 -29 -30 -31
leaf_value=-0.0001414272284364947 -0.0010955864108627897 0.0036340652947240556 0.0036939794960762222 0.003345225682854652 0.0039834150133791135 0.0030897427265936472 0.001880032929110238 -0.001336090775523731 -0.0041999564551667354 0.0028272797580082285 0.0051420161277545909 -0.00010504351282353573 0.00252020266558975 -0.0014350688520112427 0.0011301127815619111 -0.0018865637476556004 0.0054183551045704865 -0.0022564805657728699 0.0034114988218061624 -0.0032518230678344317 0.0062769070915553874 0.0020883021689951419 -0.0052667449559801478 -0.0032541001072629938 0.0010239253545712146 0.0019530508384235543 -8.7152156978845594e-05 0.0029308832258633944 0.0054941016654375674 0.0004483822166108556
leaf_weight=12819 261 76 62 75 46 53 263 235 69 59 57 47 40 87 50 40 49 74 48 55 46 54 52 43 49 55 45 46 43 217
leaf_count=12819 261 76 62 75 46 53 263 235 69 59 57 47 40 87 50 40 49 74 48 55 46 54 52 43 49 55 45 46 43 217
internal_value=2.80143e-12 0.000756659 0.000662399 0.000852851 0.000762841 9.277e-05 0.00118373 -0.000265957 -0.000549612 -9.75986e-05 0.00246107 -0.00254081 -0.000615083 0.000720289 0.000956158 0.000770239 0.00240635 0.000410507 0.000775983 0.000282503 -9.39172e-05 0.000410981 -0.00109288 0.00158757 0.00356747 -0.000331719 -0.00286384 0.00069021 0.00314787 -0.000479386
internal_weight=15215 2396 2320 2019 1957 755 1202 680 627 511 320 116 301 882 795 749 135 614 540 447 399 344 151 193 95 98 97 86 93 452
internal_count=15215 2396 2320 2019 1957 755 1202 680 627 511 320 116 301 882 795 749 135 614 540 447 399 344 151 193 95 98 97 86 93 452
is_linear=0
shrinkage=0.03


Tree=89
num_leaves=31
num_cat=0
split_feature=35 21 66 1 15 47 56 32 10 11 34 36 56 22 61 46 52 62 12 53 53 54 53 47 10 58 22 73 35 14
split_gain=1.72529 0.553451 0.973825 0.592254 0.602472 0.569564 0.552411 0.595069 0.436128 0.424493 0.457933 0.569176 0.621124 0.436526 0.901215 0.868136 0.912477 0.874021 0.782557 0.864396 0.663467 0.720083 0.631543 0.657962 0.75844 0.626912 0.61618 0.616079 0.741809 0.604267
threshold=0.21132376790046695 0.17500000000000002 61.500000000000007 2.5000000000000004 -0.076646566530664303 4.8452382087707528 3.7000000000000006 7.6347768306732187 0.40852642738149331 0.84822000944631781 2.9264665842056279 0.16600523889064792 4.1000000000000005 40.500000000000007 0.29444444444444451 2.556793332099915 0.37439477443695074 24.583333333333339 0.6366183162925716 2.8333333333333335 2.1666666666666674 1.2250000000000003 2.1666666666666674 1.0091742873191836 0.63759057971014499 0.49441983351723745 36.500000000000007 384.30000000000001 0.4555336087942124 -0.20499999999999999
decision_type=10 2 8 8 8 10 8 10 10 8 10 10 10 2 10 8 10 2 10 10 10 10 10 8 10 2 2 2 10 10
left_child=-1 3 -3 5 -5 9 -6 -8 -4 10 -2 12 -12 14 -13 29 -17 -18 19 22 21 -19 23 -16 26 -23 27 28 -25 -15
right_child=1 2 8 4 6 -7 7 -9 -10 -11 11 13 -14 15 18 16 17 20 -20 -21 -22 25 -24 24 -26 -27 -28 -29 -30 -31
leaf_value=-0.00014111114495819605 -0.0013528750419359783 0.0065276019321754575 0.0031527323545888063 0.0020786144760521976 0.00075100242296922146 0.0038299081764287418 -0.0011905395804205907 -0.0053714682832360265 -0.0011304719327017664 -0.0020794605836272238 0.0059282127985867059 -0.0037382275881827809 0.00085013840671466744 0.0052144212163984776 -0.0014608150668322078 -0.0038312913081608711 0.0042046914655057823 0.001397505622423653 0.002593016241067894 0.0043384888020227665 0.0017155237097794178 -0.00084970667468920597 -0.0025964437329567707 0.00061061032845274258 -0.0027323844511588304 -0.0056452131898341966 -0.0020483283071619706 0.0001269338961365983 0.0046381576022352369 0.0016052321893860711
leaf_weight=12731 87 40 40 55 69 54 96 45 46 48 41 48 46 45 155 48 51 56 133 40 109 59 86 69 46 42 41 109 102 578
leaf_count=12731 87 40 40 55 69 54 96 45 46 48 41 48 46 45 155 48 51 56 133 40 109 59 86 69 46 42 41 109 102 578
internal_value=-9.29675e-13 0.000723223 0.00266041 0.000619709 -0.000716471 0.000788886 -0.00144852 -0.00252488 0.000861716 0.000708349 0.000775559 0.000872814 0.00324325 0.000759315 0.000251682 0.00118525 2.34467e-05 0.000607129 0.0004969 6.66788e-05 -8.26288e-05 -0.00133103 -0.000214361 0.000178089 0.000870269 -0.00284388 0.00138654 0.0018895 0.00301301 0.00186593
internal_weight=15215 2484 126 2358 265 2093 210 141 86 2039 1991 1904 87 1817 829 988 365 317 781 648 266 157 608 522 367 101 321 280 171 623
internal_count=15215 2484 126 2358 265 2093 210 141 86 2039 1991 1904 87 1817 829 988 365 317 781 648 266 157 608 522 367 101 321 280 171 623
is_linear=0
shrinkage=0.03


Tree=90
num_leaves=31
num_cat=0
split_feature=27 21 31 30 30 66 56 34 22 43 66 22 11 47 46 7 7 17 64 34 32 33 42 67 45 61 46 55 72 74
split_gain=1.63232 0.69058 0.537264 0.551338 0.872639 0.624867 0.566495 0.742826 0.645771 0.724247 0.508269 0.436402 1.00168 1.0399 0.719078 0.6549 0.726464 0.609207 0.601292 0.744358 0.593506 0.750058 0.852802 1.00155 0.54563 0.831676 0.77775 0.800702 0.752692 0.620552
threshold=5.5000000000000009 0.31500000000000006 15.560148715972902 17.937500000000004 18.812500000000004 76.500000000000014 3.9000000000000004 16.804761886596683 24.500000000000004 2.5000000000000004 51.500000000000007 66.500000000000014 0.31818728298510751 2.8397434949874882 2.556793332099915 0.78166666666666684 0.67500000000000016 23.500000000000004 1.0000000180025095e-35 6.6695401668548593 6.0368788242340097 7.7928571701049814 0.3285194337368012 5.5000000000000009 3.1000000238418584 0.65515873015873027 1.7053346037864687 1.8333333333333337 9.5000000000000018 1053.6000000000001
decision_type=10 2 10 10 10 8 8 10 2 10 10 2 10 10 10 10 10 2 2 10 10 8 10 10 8 10 10 8 2 2
left_child=-1 2 11 6 -5 -6 -4 8 -8 -10 -11 15 -13 14 20 16 24 -18 19 -17 -14 -22 -23 -24 26 -26 27 -2 29 -28
right_child=1 -3 3 4 5 -7 7 -9 9 10 -12 12 13 -15 -16 18 17 -19 -20 -21 21 22 23 -25 25 -27 28 -29 -30 -31
leaf_value=-0.00013656214562813204 0.0035708084413305515 0.0035222802634694069 0.0042397353347306222 -0.0036258479565122099 -0.0015176437222980893 0.0032342414528300817 0.0036789646248935777 0.0051445351815044239 -0.0035288213871332796 -0.00043413724744232826 0.0036685800605586595 0.0041805399778276318 -0.0017386555465230022 0.0040412062856082153 -0.0036302942161758737 0.00062991504091769457 -0.0053532604793352732 -0.00067375719967869023 -0.00067489922512322666 0.0047900026597082609 0.0041018390406388789 -0.0031823111511766911 -0.00043417302220334094 0.0054174377471208571 -0.0045965329927550452 0.0011336946663795971 0.0014180411281619941 -0.00062240936882158491 -0.0024007942755706608 0.0053613338140608641
leaf_weight=12752 44 76 88 43 40 66 51 41 43 77 42 82 83 65 45 80 42 62 72 75 60 48 77 40 53 40 248 598 40 42
leaf_count=12752 44 76 88 43 40 66 51 41 43 77 42 82 83 65 45 80 42 62 72 75 60 48 77 40 53 40 248 598 40 42
internal_value=1.66603e-12 0.00070704 0.000617406 0.00150184 -2.11898e-05 0.00144108 0.00216539 0.00144672 0.000734928 -0.000191898 0.00101388 0.000388366 0.00114887 0.000554144 -8.79492e-05 0.000115978 -0.000170355 -0.00256356 0.00159053 0.00264286 0.000429601 0.00122945 0.000184941 0.00156638 6.33472e-05 -0.00213192 0.000273388 -0.000335024 0.00145703 0.00198914
internal_weight=15215 2463 2387 491 149 106 342 254 213 162 119 1896 500 418 353 1396 1169 104 227 155 308 225 165 117 1065 93 972 642 330 290
internal_count=15215 2463 2387 491 149 106 342 254 213 162 119 1896 500 418 353 1396 1169 104 227 155 308 225 165 117 1065 93 972 642 330 290
is_linear=0
shrinkage=0.03


Tree=91
num_leaves=31
num_cat=0
split_feature=47 34 6 10 1 21 14 47 54 6 75 73 45 58 48 42 17 35 51 62 32 74 22 43 38 33 22 6 31 29
split_gain=1.54361 0.726423 0.622201 1.50823 0.898823 0.837847 0.528729 0.515734 0.423214 0.566713 0.810038 0.785274 0.595604 0.509286 0.63222 0.461311 0.639553 0.839258 0.789291 0.582458 0.578853 0.42616 0.39297 0.377962 0.370053 0.356267 0.522596 0.710754 0.553153 0.693046
threshold=0.71415561437606823 14.212406158447267 0.17500000000000002 0.17792998477929986 1.0000000180025095e-35 0.37500000000000006 0.02499999999999997 4.8452382087707528 0.90000000000000013 0.51500000000000012 1.0000000180025095e-35 224.60000000000002 1.7083333134651186 0.43522794192303788 0.015686274971812967 0.12696690112352374 66.500000000000014 0.18561584502458575 0.45161201059818273 22.083333333333339 4.2797904014587411 826.45000000000016 95.500000000000014 2.5000000000000004 0.097677219659090056 17.759614944458011 72.500000000000014 0.58500000000000008 17.527915954589847 13.09999990463257
decision_type=10 10 10 10 10 2 8 10 10 10 2 2 10 2 10 10 2 10 10 2 10 2 2 10 10 10 2 10 10 10
left_child=1 -1 -2 -4 6 7 -5 8 9 11 13 -6 -12 14 -11 20 19 -18 -19 -17 21 24 25 -20 -10 26 28 -28 29 -21
right_child=2 -3 3 4 5 -7 -8 -9 15 10 12 -13 -14 -15 -16 16 17 18 23 22 -22 -23 -24 -25 -26 -27 27 -29 -30 -31
leaf_value=-0.00015937138630823662 -0.00063533669749561402 0.0035773813107268923 0.0059965321892986485 0.00017120902058343553 -0.0021742181976737041 0.0048024797407181371 -0.0044091943297826222 0.0035588990318189775 -0.00064021958834736749 0.0036012269377059649 -0.0018928591860458257 0.0020699381481972521 0.0027024503382430836 0.0053124960326296211 -0.00090113070850237839 0.0033893943620829045 0.0060270275470868835 -0.0024347477301489562 0.0041187557991361244 0.00057740129278312138 -0.0040539199913420323 -0.0025128439236052178 -0.0017860040848166976 0.00077869949081251692 0.0025114472191780806 -0.0013725450624172623 0.004161884996390558 -0.00070096006084765703 0.0028459282871335745 -0.0013064285942254686
leaf_weight=12315 312 47 49 43 77 46 48 56 76 89 60 80 44 73 41 56 41 40 60 756 41 49 79 62 60 95 76 42 73 229
leaf_count=12315 312 47 49 43 77 46 48 56 76 89 60 80 44 73 41 56 41 40 60 756 41 49 79 62 60 95 76 42 73 229
internal_value=-7.55102e-12 -0.000145164 0.000628995 0.000784237 0.000681748 0.000792668 -0.00224483 0.000714345 0.000645056 0.00145451 0.00220427 -1.15908e-05 5.13102e-05 0.00330727 0.00218125 0.000440377 0.000618646 0.00219272 0.00122231 0.000391379 -0.000828805 -0.00011405 0.000267017 0.00242135 0.000750222 0.000394624 0.00053738 0.00243104 0.000326178 0.000139435
internal_weight=15215 12362 2853 2541 2492 2401 91 2355 2299 464 307 157 104 203 130 1835 1609 203 162 1406 226 185 1350 122 136 1271 1176 118 1058 985
internal_count=15215 12362 2853 2541 2492 2401 91 2355 2299 464 307 157 104 203 130 1835 1609 203 162 1406 226 185 1350 122 136 1271 1176 118 1058 985
is_linear=0
shrinkage=0.03


Tree=92
num_leaves=31
num_cat=0
split_feature=27 26 15 15 27 62 46 44 35 66 36 48 46 54 28 75 15 73 11 45 52 1 32 28 51 42 66 35 63 63
split_gain=1.46175 0.578737 0.514923 0.543215 1.07354 0.812195 0.777971 0.934326 0.630596 0.611782 0.582837 0.756321 0.925747 0.650153 0.636296 0.582459 0.600964 0.658193 0.872594 0.756934 0.729252 0.715285 0.685714 0.645761 0.823036 0.610776 0.584399 0.563916 0.671263 0.549752
threshold=5.5000000000000009 114.50000000000001 0.4291290358312318 0.21363891689556938 8.5000000000000018 29.083333333333339 1.736383378505707 1.8333333134651186 0.39767442643642431 36.500000000000007 0.16186818480491641 0.24563692510128024 1.4408228993415835 1.7750000000000001 12.500000000000002 1.5000000000000002 -0.14852284189975382 220.95000000000002 0.79213319609542265 4.0999999046325692 1.3205128312110903 1.5000000000000002 11.681679725646974 15.500000000000002 0.76244714856147777 0.50007337331771862 52.500000000000007 0.53001201152801525 -0.095627335639822605 0.0084891567592084733
decision_type=8 2 10 10 10 2 10 10 10 8 8 10 10 10 10 2 8 2 10 10 10 8 10 10 10 10 8 10 2 2
left_child=-1 2 3 6 -5 -6 9 8 -8 -2 13 14 -13 -11 27 16 -9 18 19 21 26 22 -18 24 -24 -25 -19 28 -12 -28
right_child=1 -3 -4 4 5 -7 7 15 -10 10 11 12 -14 -15 -16 -17 17 20 -20 -21 -22 -23 23 25 -26 -27 29 -29 -30 -31
leaf_value=-0.00013497856361571387 0.0027472631658681411 0.0030050480108087261 -0.0025879811517813284 0.0060733084428183579 0.0024631460567138023 -0.0020370904995467174 0.0057347590941935773 -0.0017695994319916336 0.0017861329305630465 0.0036874832859372392 0.0021783149984830447 -0.00087591672856751439 -0.0054862839658744635 -0.00052532384579535569 0.0019702867172674225 0.002729131034450672 0.0061372232732345468 0.001839373562038325 -0.0026174815215001049 -0.0012461849284027854 0.0029643863136880099 -9.1618646069296765e-05 0.0040050954467151312 0.0066555115462026805 -0.0014642922951338382 0.0022550131443422284 -0.0036134227268874294 -0.003451790136613828 -0.00059060253249955104 -0.00038527575629007698
leaf_weight=12567 66 90 46 47 105 55 56 99 104 68 93 143 54 64 118 112 53 49 44 62 48 84 40 44 65 80 86 51 516 106
leaf_count=12567 66 90 46 47 105 55 56 99 104 68 93 143 54 64 118 112 53 49 44 62 48 84 40 44 65 80 86 51 516 106
internal_value=-2.62675e-12 0.000640587 0.000557397 0.000614995 0.00208713 0.00091619 0.000482791 0.00104383 0.00316815 -5.86385e-05 -0.000225928 -0.000479211 -0.00213967 0.00164491 -5.87597e-05 0.000694147 0.000429126 0.000715163 0.00140554 0.00181912 -0.000412366 0.00233837 0.0030622 0.00235052 0.000619284 0.00381648 -0.00108491 -0.000421529 -0.000167763 -0.00183122
internal_weight=15215 2648 2558 2512 207 160 2305 1132 160 1173 1107 975 197 132 778 972 860 761 472 428 289 366 282 229 105 124 241 660 609 192
internal_count=15215 2648 2558 2512 207 160 2305 1132 160 1173 1107 975 197 132 778 972 860 761 472 428 289 366 282 229 105 124 241 660 609 192
is_linear=0
shrinkage=0.03


Tree=93
num_leaves=31
num_cat=0
split_feature=30 10 12 74 8 47 8 7 74 8 49 63 60 11 45 9 67 33 29 22 39 47 47 51 71 74 22 74 15 32
split_gain=1.39293 0.561436 0.723548 0.681205 0.566781 0.947569 0.676407 0.464237 0.42335 0.449425 0.98246 0.989756 0.570917 0.590976 1.00007 0.838834 0.679208 0.603206 0.677574 0.653297 0.566055 0.513192 0.69089 0.565322 0.452626 0.465776 0.449491 0.653043 0.516007 0.550294
threshold=5.2678570747375497 0.14359351988217969 0.21591275585832956 170.30000000000004 0.31675000000000009 1.2364718914031985 0.29100000000000009 0.32833333333333342 2328.9000000000001 0.37900000000000006 0.36241255700588232 0.01910045137184813 5.8333333333333348 0.42093885208874199 2.5499999523162846 0.53603841245580608 13.500000000000002 13.160256385803224 15.675000190734865 69.500000000000014 0.33785384893417364 3.1339285373687749 3.6124999523162846 0.0098743382841348665 7.5000000000000009 750.65000000000009 11.500000000000002 564.80000000000007 0.25801590162621169 16.784743309021
decision_type=8 8 8 2 8 10 10 10 2 8 10 2 10 10 10 10 8 10 10 2 8 8 8 10 2 2 2 2 10 10
left_child=-1 7 3 -3 5 6 -4 -2 9 10 11 -6 21 14 16 -15 -14 19 -19 20 -17 23 -23 -11 25 -24 27 -25 29 -28
right_child=1 2 4 -5 8 -7 -8 -9 -10 12 -12 -13 13 15 -16 17 -18 18 -20 -21 -22 22 24 26 -26 -27 28 -29 -30 -31
leaf_value=-0.00013563200186271341 -0.0014517122069863896 0.00062580933455716481 0.0026218717639793212 0.0057683432117408631 0.0030267692453985625 -0.0037418488670221488 -0.0022341035200016835 0.0018503259494900704 0.0038262557359412309 0.0030044582887337758 0.0052420390757625217 -0.0028437288939628909 -0.0008575868782978172 0.0059009379284132432 -0.0039754274925000443 0.0039720417428365414 0.0032924465474206952 0.0051558867724858879 0.0011784805774458504 -0.0030335539318621157 -0.0001957801537803159 0.0033633260062895715 0.00080275799660721253 -0.0038535632818603696 0.0034318651840454196 -0.0020168373264217126 -0.0004126583091378704 0.00099057718680705883 0.0031081038964507371 0.0019591866298155347
leaf_weight=12438 190 44 67 49 59 69 42 48 40 52 61 46 70 46 43 47 72 68 89 40 78 100 197 67 41 72 795 40 46 99
leaf_count=12438 190 44 67 49 59 69 42 48 40 52 61 46 70 46 43 47 72 68 89 40 78 100 197 67 41 72 795 40 46 99
internal_value=-5.28615e-12 0.000607487 0.000738086 0.00333532 0.000639336 -0.000990756 0.000750762 -0.000785755 0.000767271 0.000712352 0.00221405 0.000454932 0.000591459 0.00141606 3.2874e-05 0.00211142 0.00124666 0.00157006 0.00290118 0.000303472 0.00137132 0.000289268 0.00119505 -4.86487e-05 0.000495605 4.80708e-05 -0.000200283 -0.00204267 9.435e-06 -0.000150004
internal_weight=15215 2777 2539 93 2446 178 109 238 2268 2228 166 105 2062 553 185 368 142 322 157 165 125 1509 410 1099 310 269 1047 107 940 894
internal_count=15215 2777 2539 93 2446 178 109 238 2268 2228 166 105 2062 553 185 368 142 322 157 165 125 1509 410 1099 310 269 1047 107 940 894
is_linear=0
shrinkage=0.03


Tree=94
num_leaves=31
num_cat=0
split_feature=47 34 6 10 1 21 14 47 8 11 15 73 14 6 54 54 42 62 73 44 10 11 52 52 46 66 66 32 38 61
split_gain=1.32765 0.670212 0.541791 1.41121 0.83386 0.783062 0.499273 0.483171 0.396467 0.727208 1.4253 0.588071 0.774931 0.708934 0.766556 0.579633 0.559849 0.551115 0.570262 1.36819 0.542024 0.533513 0.667628 0.933503 0.925343 0.593009 0.543494 0.537841 0.490409 0.555091
threshold=0.71415561437606823 14.212406158447267 0.17500000000000002 0.17792998477929986 1.0000000180025095e-35 0.37500000000000006 0.02499999999999997 4.8452382087707528 0.54633333333333345 0.46940797575068682 0.043971748986133881 444.90000000000003 -0.15999999999999992 0.51500000000000012 0.90000000000000013 1.1000000000000003 0.54734209179878246 31.250000000000004 1029.2000000000003 2.5833333730697636 0.60817776539426027 0.83706744652339349 0.86190477013587963 0.62019231915473949 1.3968678712844851 44.500000000000007 73.500000000000014 15.251773834228517 0.12219329923391344 0.63194444444444453
decision_type=10 10 10 10 10 2 8 10 10 10 10 2 8 10 10 10 10 2 2 10 10 10 10 10 10 10 8 10 10 10
left_child=1 -1 -2 -4 6 7 -5 8 -6 10 -10 13 -13 -11 16 -16 -15 18 19 -14 -20 22 23 24 28 27 -25 -24 -17 -30
right_child=2 -3 3 4 5 -7 -8 -9 9 11 -12 12 17 14 15 21 -18 -19 20 -21 -22 -23 25 26 -26 -27 -28 -29 29 -31
leaf_value=-0.00014827375934543214 -0.00059646937602127962 0.0034409921883328002 0.0057700682963643755 0.00015800453679159631 0.00012991489967635296 0.0046124001531659261 -0.0042929787036700869 0.0034134691341647081 0.0062614143542090396 -0.0035453128152793003 -0.0010254530034726483 0.0053492736170689262 0.0036928991439053784 0.0039898273959646331 -0.0026373464004559948 -0.00042351182798544562 -9.0409842260340419e-05 0.0041255734157748525 0.0021124524476006626 -0.0023000197642249983 -0.001624094677832106 -0.001986432989648023 -0.0015379893184742995 0.0064396003757239036 -0.0019165302278364405 -0.002843596931779757 0.0016581569868139921 0.0025889499112963675 0.0057352593864003817 0.00087816374748945234
leaf_weight=12315 312 47 49 43 965 46 48 56 61 42 40 45 120 85 66 45 47 50 50 48 116 77 54 46 85 72 40 60 45 40
leaf_count=12315 312 47 49 43 965 46 48 56 61 42 40 45 120 85 66 45 47 50 50 48 116 77 54 46 85 72 40 60 45 40
internal_value=1.58635e-12 -0.000134627 0.000583338 0.000728203 0.000629065 0.000735901 -0.00218977 0.000660182 0.000593116 0.00092819 0.00337553 0.000727719 0.00162464 0.000249138 0.000458281 2.27372e-05 0.00253702 0.00118816 0.000748427 0.00198064 -0.000498629 0.000334024 0.000700913 0.00157408 0.000517442 -0.000712115 0.00421567 0.000634084 0.00210889 0.00344957
internal_weight=15215 12362 2853 2541 2492 2401 91 2355 2299 1334 101 1233 429 804 762 630 132 384 334 168 166 564 487 301 215 186 86 114 130 85
internal_count=15215 12362 2853 2541 2492 2401 91 2355 2299 1334 101 1233 429 804 762 630 132 384 334 168 166 564 487 301 215 186 86 114 130 85
is_linear=0
shrinkage=0.03


Tree=95
num_leaves=31
num_cat=0
split_feature=47 34 6 10 1 21 27 47 8 11 15 11 14 15 73 11 73 14 62 54 42 54 11 52 66 39 10 50 55 14
split_gain=1.24919 0.630603 0.509771 1.32781 0.784579 0.736783 0.471377 0.454615 0.373036 0.68423 1.34107 0.56913 0.585979 0.474736 0.557155 0.646579 0.751228 0.621535 0.57288 0.53756 0.523995 0.499078 0.465801 0.564227 1.05092 0.932445 0.793847 0.460936 0.513199 0.609797
threshold=0.71415561437606823 14.212406158447267 0.17500000000000002 0.17792998477929986 1.0000000180025095e-35 0.37500000000000006 8.5000000000000018 4.8452382087707528 0.54633333333333345 0.46940797575068682 0.043971748986133881 0.48246597164356203 0.31500000000000011 0.19045211613462376 444.90000000000003 0.51800785421475082 670.15000000000009 -0.099999999999999992 24.916666666666671 0.90000000000000013 0.54734209179878246 1.1000000000000003 0.83706744652339349 1.105555593967438 26.500000000000004 0.58574938774108898 0.51923393062633572 1.3666666746139529 4.166666666666667 0.039999999999999959
decision_type=10 10 10 10 10 2 10 10 10 10 10 10 10 8 2 10 2 10 2 10 10 10 10 10 10 10 10 10 8 10
left_child=1 -1 -2 -4 6 7 -5 8 27 10 -10 -11 13 14 19 -16 -17 -18 -19 20 -13 -21 23 25 -25 26 -23 28 29 -6
right_child=2 -3 3 4 5 -7 -8 -9 9 11 -12 12 -14 -15 15 16 17 18 -20 21 -22 22 -24 24 -26 -27 -28 -29 -30 -31
leaf_value=-0.00014382554034432496 -0.00057857527854279246 0.0033377624054419549 0.0055969661557856865 -8.0462490441277626e-05 -0.00036294938073140278 0.0044740281958618889 -0.0044053144397777182 0.0033110650282885349 0.0060735719084174782 -0.0027694067621331026 -0.00099468946026172499 0.0036409066579068026 0.0041084764346955936 -0.0025200086741242558 0.0053413120597251692 0.0039203445890362001 0.0037691581776986521 0.0025871812158988583 -0.0009674452153880784 -0.0026326486077464994 -0.00030327048506587745 -0.0032227313973286998 -0.0019268399992256196 0.0013973306377931516 -0.005156173420837149 0.0040985871449112895 0.0010323400548999991 0.0026724164024926719 -0.00052964477161526486 0.0024028871649659799
leaf_weight=12315 312 47 49 48 145 46 43 56 61 41 40 77 47 40 40 77 45 54 167 61 50 47 77 49 40 75 246 60 618 142
leaf_count=12315 312 47 49 48 145 46 43 56 61 41 40 77 47 40 40 77 45 54 167 61 50 47 77 49 40 75 246 60 618 142
internal_value=4.94628e-12 -0.000130589 0.000565838 0.000706357 0.000610193 0.000713824 -0.00212407 0.000640376 0.000575323 0.000900345 0.00327426 0.000705888 0.000825424 0.000690661 0.000806884 0.00173179 0.00131085 0.000555476 -9.8894e-05 0.000316249 0.00208808 -6.19406e-05 0.000231717 0.000595413 -0.00154806 0.00111381 0.000349786 0.000126017 -4.28046e-05 0.00100551
internal_weight=15215 12362 2853 2541 2492 2401 91 2355 2299 1334 101 1233 1192 1145 1105 383 343 266 221 722 127 595 534 457 89 368 293 965 905 287
internal_count=15215 12362 2853 2541 2492 2401 91 2355 2299 1334 101 1233 1192 1145 1105 383 343 266 221 722 127 595 534 457 89 368 293 965 905 287
is_linear=0
shrinkage=0.03


Tree=96
num_leaves=31
num_cat=0
split_feature=34 26 73 28 11 60 9 33 7 12 66 32 48 50 7 52 38 14 35 17 66 56 40 56 1 11 74 21 45 48
split_gain=1.1818 0.611063 0.71751 0.518516 0.499557 0.872652 0.797944 0.596795 0.666116 0.581914 0.514573 1.0588 0.817163 0.499258 0.61392 0.781268 1.00943 0.619784 0.83359 0.493597 0.477063 0.59591 0.571638 0.856012 0.486631 0.458827 0.454988 0.448412 0.48844 0.968903
threshold=4.2512626647949228 114.50000000000001 281.65000000000003 5.4166667461395273 0.42685337219545333 5.8333333333333348 0.53603841245580608 13.160256385803224 0.64500000000000013 0.51770155832702691 68.500000000000014 10.718366622924806 0.015686274971812967 1.4499999880790713 0.44833333333333342 0.68990385532379161 0.45248524844646459 0.22500000000000003 0.43826219439506536 38.500000000000007 58.500000000000007 4.1000000000000005 0.35756644606590277 4.2250000000000005 1.5000000000000002 0.79213319609542265 359.50000000000006 0.13500000000000004 1.6333333253860476 0.20413333922624591
decision_type=8 2 2 10 10 10 10 10 10 10 10 10 10 10 10 10 10 10 10 2 10 8 10 8 8 10 2 2 10 8
left_child=3 4 -3 -1 13 10 -7 9 -9 -8 27 -12 -13 14 17 16 26 20 -19 -10 22 -22 -2 -24 -23 -11 -16 28 29 -6
right_child=1 2 -4 -5 5 6 7 8 19 25 11 12 -14 -15 15 -17 -18 18 -20 -21 21 24 23 -25 -26 -27 -28 -29 -30 -31
leaf_value=-0.00011411763853026179 7.8475623968408595e-05 0.00073988157282791917 0.0056708602395585993 -0.0017780333463298648 3.3664109682893913e-05 0.0057248599696508107 -0.0021547716779501311 0.0062020974937917247 0.0002919598916746877 0.002993334527740157 0.005754633663182563 -0.0026029513269028763 0.0027194478924803694 0.0031281250865852579 -0.00031048049417431233 -0.0043757726139098891 0.0032451743871206415 0.0045691387335268351 -0.0005832044778275304 0.0044282785642426464 -0.0025306629122213552 0.0024785027915442529 0.0054468667837594921 0.00036878021640515679 -0.0008765012567820853 -0.00068503762828186153 -0.0042869979619669417 0.0032332235451322045 0.00049640253078921332 -0.0038240498301456683
leaf_weight=11790 867 67 44 171 219 47 56 41 74 76 47 47 58 47 61 61 48 65 50 40 131 55 47 82 133 51 45 40 575 80
leaf_count=11790 867 67 44 171 219 47 56 41 74 76 47 47 58 47 61 61 48 65 50 40 131 55 47 82 133 51 45 40 575 80
internal_value=-2.75464e-12 0.000506912 0.0026945 -0.000137906 0.000429653 0.000838074 0.00206229 0.00155299 0.00292272 0.000392838 0.000395934 0.00201222 0.000337041 7.9406e-05 -7.70028e-06 -0.00150236 -0.000364194 0.000217022 0.00232899 0.0017433 3.23249e-05 -0.000977348 0.000355704 0.00221894 0.000105016 0.00151619 -0.00199862 0.000127143 -1.50115e-05 -0.0009985
internal_weight=15215 3254 111 11961 3143 1451 385 338 155 183 1066 152 105 1692 1645 215 154 1430 115 114 1315 319 996 129 188 127 106 914 874 299
internal_count=15215 3254 111 11961 3143 1451 385 338 155 183 1066 152 105 1692 1645 215 154 1430 115 114 1315 319 996 129 188 127 106 914 874 299
is_linear=0
shrinkage=0.03


Tree=97
num_leaves=31
num_cat=0
split_feature=46 21 17 51 31 30 30 56 66 35 36 34 22 35 42 66 34 30 38 61 47 51 33 41 32 39 29 43 51 28
split_gain=1.12875 0.513095 0.585625 0.522722 0.493239 0.578065 0.762449 0.558588 0.534398 0.488377 0.642884 0.456925 0.651625 0.524389 0.384692 0.653422 0.984806 0.486654 0.443717 0.580028 0.894491 0.442176 0.428987 0.399357 0.399101 0.661079 0.593737 0.566908 0.950643 0.615287
threshold=0.53482487797737133 0.16500000000000004 7.5000000000000009 0.49361379444599157 15.560148715972902 17.937500000000004 18.812500000000004 3.9000000000000004 76.500000000000014 0.37354651093482977 0.20625920593738559 15.82803249359131 24.500000000000004 0.58434957265853893 0.12924330681562426 54.500000000000007 3.5770794153213505 3.0625000000000004 0.16051175445318225 0.61388888888888904 0.71457257866859447 0.34206037223339086 4.4833333492279062 0.167036347091198 7.0003247261047372 0.26501476764678961 7.2249999046325692 2.5000000000000004 0.28864696621894842 14.833333492279055
decision_type=10 2 2 10 10 10 10 10 8 10 10 10 2 10 10 10 10 10 10 8 10 10 8 10 10 10 10 10 10 10
left_child=9 4 -3 -4 14 7 -7 -6 -8 10 -1 12 -9 -14 15 17 -17 -2 19 20 -16 -21 23 -20 26 -26 -24 29 -29 -27
right_child=1 2 3 -5 5 6 8 11 -10 -11 -12 -13 13 -15 18 16 -18 -19 22 21 -22 -23 24 -25 25 27 -28 28 -30 -31
leaf_value=-0.00013068506803632154 -0.00021443967923889278 -0.00013846972886391956 0.0053137606956948661 0.00118812819584631 0.0040909130445548466 -0.0036437349096157174 -0.001599554363870993 0.0035134953935757156 0.0028342057622614361 0.0023934813175069659 -0.0020945931667167889 0.0033251358208287018 0.0015151845467718025 -0.0023247248459326688 -5.8579406929465957e-05 -4.9691542184778616e-05 0.005208361870268496 -0.0021885187518332276 -0.00012714352064272937 0.0015821135498709598 0.0049666070959065107 -0.0025037190746515989 0.00081581574797382926 -0.0035500692622736098 -0.0016267912259156053 0.0011149466553696914 0.0044224979108928334 -0.0042003785260868341 4.9052091454270112e-05 -0.0015229289886918378
leaf_weight=11484 284 69 59 52 84 43 40 46 63 68 152 69 57 73 53 147 41 186 85 59 80 40 384 48 165 752 46 55 342 89
leaf_count=11484 284 69 59 52 84 43 40 46 63 68 152 69 57 73 53 147 41 186 85 59 80 40 384 48 165 752 46 55 342 89
internal_value=-4.85725e-12 0.000471777 0.00203189 0.00338103 0.000387472 0.00128262 -0.00028841 0.00197979 0.00111236 -0.000141525 -0.000156339 0.00125598 0.000444781 -0.000641072 0.000238594 -0.000397762 0.00109701 -0.000995671 0.000429095 0.00166991 0.00296409 -6.87279e-05 0.000282671 -0.00136249 0.000402041 0.000156973 0.00120165 0.000394713 -0.00053966 0.00083579
internal_weight=15215 3511 180 111 3331 475 146 329 103 11704 11636 245 176 130 2856 658 188 470 2198 232 133 99 1966 133 1833 1403 430 1238 397 841
internal_count=15215 3511 180 111 3331 475 146 329 103 11704 11636 245 176 130 2856 658 188 470 2198 232 133 99 1966 133 1833 1403 430 1238 397 841
is_linear=0
shrinkage=0.03


Tree=98
num_leaves=31
num_cat=0
split_feature=27 26 15 15 27 62 46 44 35 66 36 48 46 54 28 35 63 61 75 15 73 48 52 57 58 30 33 66 63 62
split_gain=1.06742 0.527982 0.488329 0.500186 1.00043 0.738233 0.64684 0.873063 0.605286 0.565209 0.561337 0.692322 0.87262 0.611539 0.543132 0.545459 0.612574 0.538026 0.532041 0.565001 0.635751 0.816973 0.630744 0.599438 1.52862 0.565896 1.14928 0.55191 0.511829 0.977856
threshold=5.5000000000000009 114.50000000000001 0.4291290358312318 0.21363891689556938 8.5000000000000018 29.083333333333339 1.736383378505707 1.8333333134651186 0.39767442643642431 36.500000000000007 0.16186818480491641 0.24563692510128024 1.4408228993415835 1.7750000000000001 12.500000000000002 0.53001201152801525 -0.095627335639822605 0.68611111111111112 1.5000000000000002 -0.14852284189975382 220.95000000000002 1.5000000000000002 1.3205128312110903 26.833333333333339 0.50017311915743101 10.291666507720949 11.809091091156008 52.500000000000007 0.0084891567592084733 28.083333333333339
decision_type=8 2 10 10 10 2 10 10 10 8 8 10 10 10 10 10 2 8 2 8 2 10 10 2 2 10 10 8 2 2
left_child=-1 2 3 6 -5 -6 9 8 -8 -2 13 14 -13 -11 15 16 -12 -16 19 -9 21 25 27 -23 -25 -21 -27 -22 29 -29
right_child=1 -3 -4 4 5 -7 7 18 -10 10 11 12 -14 -15 17 -17 -18 -19 -20 20 22 23 -24 24 -26 26 -28 28 -30 -31
leaf_value=-0.00011534437298693348 0.00260047021956945 0.0028058064455787337 -0.0025951306342714181 0.0057847185678621552 0.0022811401053997021 -0.0020093007443938403 0.0054768235103360248 -0.0018144827434849557 0.0016082499360737319 0.0035596836785621502 0.0020519784250627119 -0.00086757766121959353 -0.0053437002587856516 -0.00052610292448662221 0.00032035992982295842 -0.0034190290423986667 -0.00059312559550541431 0.0045997981487307694 0.0025156461928677997 -0.00012777773120130101 0.0017030062020414185 -0.0029782992270351812 0.0026270595306414181 0.0041088610220467673 -0.0029186641390417487 0.0067055676438083703 0.0017439882387537927 -0.00030948334539841331 -0.0004689153518202662 -0.0067091448693959548
leaf_weight=12567 66 90 46 47 105 55 56 99 104 68 93 143 54 64 78 51 516 40 112 72 49 55 48 60 52 55 178 42 106 44
leaf_count=12567 66 90 46 47 105 55 56 99 104 68 93 143 54 64 78 51 516 40 112 72 49 55 48 60 52 55 178 42 106 44
internal_value=-3.15308e-12 0.000547407 0.000467948 0.000524039 0.00193667 0.000806301 0.000397178 0.000908754 0.00296225 -9.65164e-05 -0.000257312 -0.00050588 -0.00209454 0.0015787 -0.000103611 -0.000438772 -0.000189193 0.00177102 0.00057073 0.000317439 0.000594785 0.00127329 -0.000513355 -0.000413445 0.000846081 0.00219684 0.00291518 -0.00113883 -0.00186409 -0.00358373
internal_weight=15215 2648 2558 2512 207 160 2305 1132 160 1173 1107 975 197 132 778 660 609 118 972 860 761 472 289 167 112 305 233 241 192 86
internal_count=15215 2648 2558 2512 207 160 2305 1132 160 1173 1107 975 197 132 778 660 609 118 972 860 761 472 289 167 112 305 233 241 192 86
is_linear=0
shrinkage=0.03


Tree=99
num_leaves=31
num_cat=0
split_feature=34 26 38 48 6 62 39 46 46 61 62 61 30 41 14 63 46 10 47 55 35 33 50 51 66 47 17 6 43 67
split_gain=1.0255 0.614247 0.87349 0.709261 0.584732 0.600298 0.583514 0.621614 0.982571 0.565655 0.53763 0.603908 0.507478 0.469757 0.460543 0.808748 0.947235 0.425407 0.439069 0.397375 0.441851 0.590873 0.388415 0.680358 0.739199 0.708531 0.572095 0.664616 0.549469 0.890264
threshold=3.0712472200393681 114.50000000000001 0.095873873680830016 0.26814013719558721 0.50500000000000012 21.916666666666671 0.61837598681449901 1.2999671697616579 1.3968678712844851 0.37063492063492071 30.083333333333339 0.65515873015873027 11.145833492279055 0.37130598723888403 0.080000000000000002 0.11047979375166452 1.6812400817871096 0.35329985652797707 2.174242496490479 1.5000000000000002 0.34654632210731512 8.5166668891906756 1.6333333253860476 1.2527139186859133 70.500000000000014 2.8062499761581425 31.500000000000004 0.7350000000000001 1.0260282158851626 8.5000000000000018
decision_type=8 2 8 10 8 2 8 10 10 10 2 10 10 8 8 2 10 10 8 10 10 10 10 10 8 10 2 10 10 8
left_child=-1 4 -3 -4 6 13 7 12 -9 -10 14 -12 19 -6 15 16 -11 18 -18 -2 21 -21 23 25 -25 28 -27 -28 -7 -30
right_child=1 2 3 -5 5 22 -8 8 9 10 11 -13 -14 -15 -16 -17 17 -19 -20 20 -22 -23 -24 24 -26 26 27 -29 29 -31
leaf_value=-0.00015123462019740581 0.0019474816466926743 -0.0011921310591253829 0.0055582434052358501 0.00061358116567134847 0.00066395765306746075 0.00087072707653696379 -0.0024545150830648666 0.0046474889506536877 -0.0029318898462806827 -0.0022615946181442428 0.00079582884472298931 -0.0034384365353733299 -0.0030993944142352447 0.0049769133981317276 0.0035102539632872148 -0.0030383799578313055 0.0055586749712343919 0.00039145913013877962 0.0018623472414300089 -0.00027927946944344848 0.0018373667004890171 -0.0033150967699093897 0.0027523480754503061 -0.0040022294953099037 0.00041887789311540591 0.0041214963513299483 -0.0013612507910357187 0.0029611648672393386 0.0013753326239696305 -0.0011408865847472858
leaf_weight=11049 76 47 69 42 41 936 86 57 40 46 77 50 55 51 74 41 55 54 61 1067 82 61 71 61 77 88 59 70 189 383
leaf_count=11049 76 47 69 42 41 936 86 57 40 46 77 50 55 51 74 41 55 54 61 1067 82 61 71 61 77 88 59 70 189 383
internal_value=-1.68919e-12 0.000401102 0.00223582 0.00368729 0.000328776 0.000687175 -3.75808e-05 7.20481e-05 0.000916413 0.000489362 0.000788161 -0.000871205 -0.000277409 0.00305484 0.00142484 0.000824366 0.00155757 0.00259099 0.00361492 -0.000156718 -0.000288883 -0.00044345 0.000574546 0.000491549 -0.00153538 0.000653703 0.0022565 0.000984246 0.000423063 -0.000309478
internal_weight=15215 4166 158 111 4008 2026 1982 1896 555 498 458 127 1341 92 331 257 216 170 116 1286 1210 1128 1934 1863 138 1725 217 129 1508 572
internal_count=15215 4166 158 111 4008 2026 1982 1896 555 498 458 127 1341 92 331 257 216 170 116 1286 1210 1128 1934 1863 138 1725 217 129 1508 572
is_linear=0
shrinkage=0.03


Tree=100
num_leaves=31
num_cat=0
split_feature=34 26 38 52 6 62 39 46 46 61 62 61 32 41 30 45 14 60 51 63 40 33 66 15 50 52 17 62 50 48
split_gain=0.964893 0.577945 0.821867 0.675354 0.550174 0.56482 0.549028 0.584876 0.924502 0.532225 0.505856 0.568217 0.480206 0.441995 0.436856 0.682279 0.564014 0.710352 0.440972 0.428283 0.387506 0.408489 0.370725 0.554311 0.745209 0.724375 0.774398 0.58841 0.408225 0.770733
threshold=3.0712472200393681 114.50000000000001 0.095873873680830016 0.28596669435501104 0.50500000000000012 21.916666666666671 0.61837598681449901 1.2999671697616579 1.3968678712844851 0.37063492063492071 30.083333333333339 0.65515873015873027 10.000125885009767 0.37130598723888403 15.291666507720949 2.5499999523162846 0.080000000000000002 5.166666666666667 0.66594654321670543 -0.18339258007349118 0.15884141623973849 8.0454545021057147 68.500000000000014 0.29307041985452204 0.18333333730697635 0.62019231915473949 24.500000000000004 29.083333333333339 1.6333333253860476 1.5000000000000002
decision_type=8 2 8 8 8 2 8 10 10 10 2 10 10 8 10 10 8 10 10 2 10 8 10 8 8 8 2 2 10 10
left_child=20 4 -3 -4 6 13 7 12 -9 -10 14 -12 19 -6 15 16 17 18 -11 -2 -1 -22 28 24 -24 26 -26 -27 29 -7
right_child=1 2 3 -5 5 22 -8 8 9 10 11 -13 -14 -15 -16 -17 -18 -19 -20 -21 21 -23 23 -25 25 27 -28 -29 -30 -31
leaf_value=-0.00012708688636944135 0.0027896742180509621 -0.0011563671356503 0.0065760087700826777 0.0017509878604956295 0.00064403889837061476 0.00055062552651024676 -0.002380879617967578 0.0045080642659511222 -0.0028439330958899517 -0.0033293047940955969 0.00077195399356159294 -0.0033352834403514858 -0.0030676854492323298 0.0048276060655274809 -0.00117161163375439 0.0041684017289878314 0.0035877565547035866 0.0030922588109970088 0.00061881934691752699 -0.00025559406551106054 -0.0029853443487352408 0.00049273353188912918 0.0052655684742154022 -0.0012207638416439294 0.0021291555636903134 0.0012582249664946606 -0.0036013716878369449 0.0057534728328755592 0.00272450119300629 -0.0013615431378351112
leaf_weight=10916 43 47 42 69 41 1340 86 57 40 53 77 50 53 51 51 81 52 45 49 1245 86 47 53 55 41 76 44 40 64 221
leaf_count=10916 43 47 42 69 41 1340 86 57 40 53 77 50 53 51 51 81 52 45 49 1245 86 47 53 55 41 76 44 40 64 221
internal_value=-3.45467e-12 0.000389069 0.00216874 0.00357667 0.000318912 0.00066656 -3.64534e-05 6.98866e-05 0.000888921 0.000474681 0.000764517 -0.000845069 -0.000269087 0.00296319 0.00138209 0.00184723 0.000902432 -4.74786e-05 -0.00143266 -0.000153928 -0.000146698 -0.00175625 0.00055731 0.00150981 0.00210108 0.00126666 -0.000837235 0.00280831 0.000376188 0.000279909
internal_weight=15215 4166 158 111 4008 2026 1982 1896 555 498 458 127 1341 92 331 280 199 147 102 1288 11049 133 1934 309 254 201 85 116 1625 1561
internal_count=15215 4166 158 111 4008 2026 1982 1896 555 498 458 127 1341 92 331 280 199 147 102 1288 11049 133 1934 309 254 201 85 116 1625 1561
is_linear=0
shrinkage=0.03


Tree=101
num_leaves=31
num_cat=0
split_feature=34 26 8 10 34 33 47 9 54 54 14 14 74 14 14 45 52 41 63 40 58 71 56 14 29 57 15 8 38 51
split_gain=0.918216 0.543721 0.440851 0.601315 0.661292 0.75733 0.812696 0.683795 0.508965 0.72306 0.602527 0.470878 0.92607 0.521527 0.656261 0.569197 0.853205 0.797198 0.82994 0.773818 0.66626 0.8002 0.758294 0.751068 0.691489 0.821536 0.654245 0.652903 0.626094 0.584196
threshold=6.2034482955932626 114.50000000000001 0.73300000000000021 0.65496715927750426 9.7918920516967791 10.035714149475099 1.8819444179534914 0.82224628102608377 3.1000000000000005 2.4500000000000006 -0.020000000000000004 -0.26499999999999985 241.85000000000002 0.27500000000000008 0.34500000000000014 1.6333333253860476 0.29836615920066839 0.30928359925746923 -0.021255333184616278 0.45486529171466833 0.50091861547805194 7.5000000000000009 4.9000000000000012 -0.14999999999999991 12.900000095367433 27.833333333333339 0.1005350099695005 0.58700000000000019 0.18710909038782123 1.2028059959411623
decision_type=8 2 10 10 10 10 8 10 10 8 10 8 2 10 10 8 10 8 2 10 2 2 10 8 8 2 10 10 10 10
left_child=-1 2 8 -4 5 6 -5 -6 9 11 -11 12 -2 15 -15 16 17 28 -19 -18 21 23 -23 -17 25 27 29 -25 -13 -26
right_child=1 -3 3 4 7 -7 -8 -9 -10 10 -12 13 -14 14 -16 20 19 18 -20 -21 -22 22 -24 24 26 -27 -28 -29 -30 -31
leaf_value=-0.00010533707976315888 0.0049784072252133712 0.0030154672617975034 0.0033267904577009818 0.0031714035128601464 0.0015111828253429847 0.0052256432239411645 -0.0015033256009464031 -0.002626562607815353 -0.002794164099614136 0.00058774407768806254 0.0042194625005125995 0.00075500713751441048 -0.00049143513897433879 0.0046265114091184672 -0.00016842779367127352 -0.0031304570915177462 -0.0010868348551623854 0.0036393204142129228 -0.00043710698694761455 -0.0046908645028195962 -0.0011703647077964568 0.005203894891901247 0.00049654943868517878 -0.00058304855872071191 -0.00021451625892501556 0.0052199363997871328 -0.0035988847572090369 0.0039189290443197066 -0.0020483563671381596 0.0032890220133301156
leaf_weight=12634 52 76 102 65 64 46 69 82 48 91 75 124 60 49 54 50 219 93 87 71 185 67 57 89 243 56 42 43 170 52
leaf_count=12634 52 76 102 65 64 46 69 82 48 91 75 124 60 49 54 50 219 93 87 71 185 67 57 89 243 56 42 43 170 52
internal_value=4.43599e-12 0.000515625 0.000439782 0.0013165 0.000687512 0.0019044 0.000764267 -0.000812756 0.00025912 0.000331351 0.00222858 0.000162301 0.00204813 4.16768e-05 0.00211266 -8.77596e-05 -0.000687486 9.66852e-05 0.00166905 -0.0019692 0.000430556 0.000854262 0.00304003 0.000382895 0.0007175 0.00217521 -9.57017e-05 0.000883505 -0.000865985 0.000403057
internal_weight=15215 2581 2505 428 326 180 134 146 2077 2029 166 1863 112 1751 103 1648 764 474 180 290 884 699 124 575 525 188 337 132 294 295
internal_count=15215 2581 2505 428 326 180 134 146 2077 2029 166 1863 112 1751 103 1648 764 474 180 290 884 699 124 575 525 188 337 132 294 295
is_linear=0
shrinkage=0.03


Tree=102
num_leaves=31
num_cat=0
split_feature=45 21 11 66 15 31 30 30 56 66 55 29 61 17 11 34 22 35 6 47 61 42 30 55 22 56 63 15 59 62
split_gain=0.878153 0.559299 0.649714 0.837954 0.543386 0.472845 0.555896 0.68586 0.510515 0.501518 0.453251 0.489177 0.444851 0.440524 0.428207 0.421869 0.602362 0.491392 0.377299 0.978755 0.693103 0.612083 0.823426 0.50045 0.488601 0.481764 0.726544 0.5113 0.476048 0.472326
threshold=0.22500000149011615 0.16500000000000004 0.30319967212922644 56.500000000000007 0.039140578662236074 15.560148715972902 17.937500000000004 18.812500000000004 3.9000000000000004 76.500000000000014 8.1666666666666696 10.266666412353517 0.54365079365079372 24.500000000000004 0.49638860631994591 15.82803249359131 24.500000000000004 0.58434957265853893 0.91500000000000015 2.5916665792465214 0.32519841269841271 0.27604804933071142 7.0759737491607675 2.5833333333333335 76.500000000000014 3.7000000000000006 -0.12858060358988566 0.04619190400989568 2.4166666666666674 31.250000000000004
decision_type=10 2 8 8 10 10 10 10 10 8 10 10 10 2 8 10 2 10 10 10 8 10 10 10 2 10 2 10 10 2
left_child=-1 5 4 -4 -3 10 8 -8 -7 -9 18 12 13 -12 -5 16 -10 -18 24 20 -20 22 23 -22 -2 -25 -27 28 -28 -26
right_child=1 2 3 14 -6 6 7 9 15 -11 11 -13 -14 -15 -16 -17 17 -19 19 -21 21 -23 -24 25 29 26 27 -29 -30 -31
leaf_value=-0.0001441651319801599 -0.00011922285551239196 0.0015574223266876473 0.0039919609417715532 -0.0027965341736045151 0.0061503828012130475 0.0038701040198118007 -0.0035547539556052446 -0.0016710209007142112 0.0033308832258310008 0.0026241760088929105 -0.001883600895576503 0.0018146438099211082 -0.0024492544475239967 0.0022912567003319658 0.0010766844016176706 0.0031481036179415557 0.0014237579007289911 -0.0022933745169884537 0.0040686541423201562 0.0052211163636245546 0.0027605055916038426 -0.0030828712965277109 0.004315519435901422 -0.0016641913461158187 0.00064098803126752524 0.0040260353145877949 0.0011552131243218156 -0.0017353377497328498 -0.0021500344461073046 0.0038197660933625192
leaf_weight=10867 2049 49 44 54 44 84 43 40 46 63 46 48 159 45 49 69 57 73 48 43 66 44 49 123 401 46 266 107 46 47
leaf_count=10867 2049 49 44 54 44 84 43 40 46 63 46 48 159 45 49 69 57 73 48 43 66 44 49 123 401 46 266 107 46 47
internal_value=6.80766e-12 0.000360313 0.00176801 0.000526469 0.00373044 0.000278072 0.0011682 -0.000372412 0.00185187 0.000956138 0.000161692 -0.000959287 -0.00149188 0.000180889 -0.000953935 0.00115991 0.000380446 -0.000663555 0.000261857 0.000812669 0.000574225 0.000349683 0.000564523 0.000283485 7.70034e-05 5.45248e-06 0.0004471 5.41861e-05 0.000667901 0.000974476
internal_weight=15215 4348 240 147 93 4108 475 146 329 103 3633 298 250 91 103 245 176 130 3335 838 795 747 703 654 2497 588 465 419 312 448
internal_count=15215 4348 240 147 93 4108 475 146 329 103 3633 298 250 91 103 245 176 130 3335 838 795 747 703 654 2497 588 465 419 312 448
is_linear=0
shrinkage=0.03


Tree=103
num_leaves=31
num_cat=0
split_feature=46 35 31 21 17 51 12 49 26 22 56 71 51 62 34 74 34 38 8 15 73 8 61 59 73 15 35 10 41 35
split_gain=0.826848 0.468695 0.526414 0.419326 0.512044 0.413588 0.406387 0.511133 0.886786 0.678925 0.832671 0.678539 0.793581 0.966499 0.930118 0.497245 0.469136 0.455691 0.744129 0.492668 0.443653 0.411681 0.456855 0.51257 0.354057 0.594723 0.722635 0.601222 0.562229 0.82221
threshold=0.51602235436439525 0.37354651093482977 6.3328013420104989 0.16500000000000004 7.5000000000000009 0.49361379444599157 0.40796380277494038 0.36762271821498876 93.500000000000014 90.500000000000014 6.7000000000000002 6.5000000000000009 0.69681391119956981 27.416666666666671 8.8452901840209979 1301.3000000000002 6.2034482955932626 0.43087260425090795 0.28450000000000009 0.090589257833261119 366.30000000000007 0.20100000000000004 0.51031746031746039 1.4166666666666667 487.05000000000001 -0.12040646499167844 0.54692083597183239 0.27806414662084772 0.10551607236266138 0.44281046092510229
decision_type=10 10 10 2 2 10 10 10 2 2 10 2 10 2 10 2 10 10 10 8 2 10 8 8 2 8 8 10 8 10
left_child=1 2 -1 6 -5 -6 7 8 15 10 11 -9 13 -13 -14 17 -17 18 21 20 -20 -2 -23 -24 25 26 27 -8 -26 -30
right_child=3 -3 -4 4 5 -7 24 9 -10 -11 -12 12 14 -15 -16 16 -18 -19 19 -21 -22 22 23 -25 28 -27 -28 -29 29 -31
leaf_value=-0.00012333900021381213 -0.0013009842157815441 0.0023796230451718194 -0.0031779655397814865 -0.00021766266302646338 0.0047232813717889002 0.0010818010821150473 0.00077736062889282654 -0.0012200254510918802 0.0031836434122981569 -0.0020352293464999931 -0.0010907085634971735 0.0024357212473842082 -0.0021655864090375275 0.0083354851935149698 0.0033915162958543408 -0.00080273544543409993 0.002610192234472682 0.0013838335953187198 -0.0028879735890937888 -0.0043888827979012765 -0.00011757714115083217 -0.0016976379018276929 2.9892979756645532e-05 0.0039961304997696593 -0.0014417685784728212 0.00056147863869659184 0.0021446185481063156 -0.0035240871382548528 0.0024504717656979587 0.00025434068158281952
leaf_weight=11533 198 67 51 70 61 52 41 44 56 65 96 64 46 41 66 73 72 64 115 81 95 50 69 51 68 1164 43 102 331 286
leaf_count=11533 198 67 51 70 61 52 41 44 56 65 96 64 46 41 66 73 72 64 115 81 95 50 69 51 68 1164 43 102 331 286
internal_value=2.91563e-12 -0.000122317 -0.000136787 0.000399863 0.00179857 0.00304756 0.000324156 -8.02594e-05 -0.00047534 0.000784799 0.00129825 0.00217695 0.00286573 0.00473944 0.00110913 -0.000711404 0.00089196 -0.00103296 -0.00126767 -0.00240133 -0.0016347 -0.000371227 0.000711667 0.00171554 0.000591647 0.000309774 -0.00126541 -0.0022908 0.00114716 0.00143249
internal_weight=15215 11651 11584 3564 183 113 3381 1346 924 422 357 261 217 105 112 868 145 723 659 291 210 368 170 120 2035 1350 186 143 685 617
internal_count=15215 11651 11584 3564 183 113 3381 1346 924 422 357 261 217 105 112 868 145 723 659 291 210 368 170 120 2035 1350 186 143 685 617
is_linear=0
shrinkage=0.03


Tree=104
num_leaves=31
num_cat=0
split_feature=34 26 38 48 6 62 39 46 46 61 30 62 61 46 30 52 58 41 57 40 33 59 66 50 52 17 17 71 14 74
split_gain=0.783579 0.519061 0.74691 0.652726 0.463728 0.535549 0.508997 0.512867 0.86887 0.49761 0.468201 0.464615 0.519253 0.413703 0.554182 0.557128 0.513464 0.412225 0.371632 0.371027 0.379752 0.366586 0.475582 0.628826 0.75021 0.648814 0.536447 0.341557 0.413709 0.330349
threshold=3.0712472200393681 114.50000000000001 0.095873873680830016 0.26814013719558721 0.50500000000000012 21.916666666666671 0.61837598681449901 1.2999671697616579 1.3968678712844851 0.37063492063492071 11.145833492279055 30.083333333333339 0.65515873015873027 1.6812400817871096 15.062500000000002 0.80625000596046459 0.43498501194191103 0.37130598723888403 32.500000000000007 0.15884141623973849 8.0454545021057147 1.0000000180025095e-35 68.500000000000014 0.18333333730697635 0.62019231915473949 17.500000000000004 21.500000000000004 8.5000000000000018 0.17000000000000001 928.75000000000011
decision_type=8 2 8 10 8 2 8 10 10 10 10 2 10 10 10 8 2 8 2 10 8 8 10 8 8 2 2 2 8 2
left_child=19 4 -3 -4 6 17 7 10 -9 -10 18 13 -13 -11 15 16 -15 -6 -2 -1 -21 -7 27 -24 26 -26 -25 29 -29 -23
right_child=1 2 3 -5 5 21 -8 8 9 11 -12 12 -14 14 -16 -17 -18 -19 -20 20 -22 22 23 24 25 -27 -28 28 -30 -31
leaf_value=-0.00011300877145992864 5.8485441609398531e-05 -0.0011326654841925235 0.0051742198966119599 0.00043071794456669261 0.00059993515972320624 -0.0014659693683838335 -0.0022994690345123758 0.0043357854449239215 -0.0027832454805029557 -0.00073183935122485722 -0.0029677399594167419 0.00070909589807224729 -0.0032171937289182093 -0.00044185439696196806 -0.00088521935611321891 0.0048276645148342305 0.0031862774796783924 0.0046401580149198277 -0.0014434904879645296 -0.0028922272484403016 0.00046127635747828384 0.00046297191728798435 0.0044294313276186581 0.0013440766358481986 0.00020698660171440089 0.0042406663462201035 -0.0032763567430024241 0.00082562391508475574 0.0042466637723874755 -0.00065118759967447751
leaf_weight=10916 1115 47 69 42 41 82 86 57 40 71 55 77 50 66 53 66 75 51 171 86 47 1065 60 42 68 76 49 142 41 309
leaf_count=10916 1115 47 69 42 41 82 86 57 40 71 55 77 50 66 53 66 75 51 171 86 47 1065 60 42 68 76 49 142 41 309
internal_value=4.91389e-13 0.000350613 0.00203719 0.00337938 0.000284127 0.000603296 -4.21281e-05 6.02618e-05 0.000827221 0.000425638 -0.00025716 0.00070589 -0.000836687 0.00129776 0.00185199 0.00255282 0.001488 0.00283962 -0.000141233 -0.000132198 -0.00170715 0.000496914 0.000583824 0.00168828 0.000988406 0.00233587 -0.00114385 0.000374566 0.00159209 0.000212408
internal_weight=15215 4166 158 111 4008 2026 1982 1896 555 498 1341 458 127 331 260 207 141 92 1286 11049 133 1934 1852 295 235 144 91 1557 183 1374
internal_count=15215 4166 158 111 4008 2026 1982 1896 555 498 1341 458 127 331 260 207 141 92 1286 11049 133 1934 1852 295 235 144 91 1557 183 1374
is_linear=0
shrinkage=0.03


Tree=105
num_leaves=31
num_cat=0
split_feature=45 21 11 66 15 31 30 30 66 56 14 47 15 48 61 58 59 33 55 71 34 37 50 12 49 47 22 14 14 37
split_gain=0.747991 0.502926 0.614232 0.776954 0.509741 0.430994 0.521462 0.63685 0.47517 0.470808 0.435111 0.59271 0.581011 0.533904 1.08002 0.704148 0.564831 0.45242 0.477016 0.470331 0.611947 0.461508 0.467944 0.456048 0.823877 0.752763 0.595001 0.531265 0.489693 0.88728
threshold=0.22500000149011615 0.16500000000000004 0.30319967212922644 56.500000000000007 0.039140578662236074 15.560148715972902 17.937500000000004 18.812500000000004 76.500000000000014 3.9000000000000004 -1.0000000180025095e-35 3.4083334207534794 0.096869370643880459 0.015686274971812967 0.40833333333333344 0.45851386811839673 1.8333333333333337 14.292857170104982 5.8333333333333348 6.5000000000000009 10.436508178710939 0.4329256564378739 0.90000000596046459 0.37210765989569006 0.36969061195850378 1.6770833134651186 71.500000000000014 -0.049999999999999996 -0.054999999999999986 0.46654234826564794
decision_type=10 2 8 8 10 10 10 10 8 10 10 10 10 10 8 2 10 10 8 2 10 10 10 8 10 8 2 10 8 10
left_child=-1 5 4 -4 -3 10 9 -8 -9 -7 17 12 13 14 -12 -15 -17 18 19 20 -2 22 -20 24 25 26 27 -21 29 -25
right_child=1 2 3 -5 -6 6 7 8 -10 -11 11 -13 -14 15 -16 16 -18 -19 21 23 -22 -23 -24 28 -26 -27 -28 -29 -30 -31
leaf_value=-0.00013305257306572794 -0.0023842863113808948 0.0014708339723245221 0.0037972187530249356 -0.00096525529961246368 0.0059193277917802328 0.003704692106423733 -0.0034542910372405201 -0.0016647697943262755 0.0025160733778916656 0.00110202665108123 0.0036839810989369622 0.0030200629306368918 -0.00038839715686207705 -0.0013504755122059058 0.00067201028929213692 9.6918191705452331e-05 0.0041695711852728643 -0.0022751221595512278 -0.00088752270444448632 -0.00033811322483553053 0.0018943707376900241 0.002015151230576025 -0.0043005580860190091 -0.00038862839374584303 0.004307414312320559 -0.0030545132008514232 0.0044966727945693705 0.0031214165282859043 -0.001492880122755103 0.0033435383441348123
leaf_weight=10867 113 49 44 103 44 84 43 40 63 245 122 76 689 224 880 101 44 93 376 146 41 44 40 209 69 42 43 55 147 79
leaf_count=10867 113 49 44 103 44 84 43 40 63 245 122 76 689 224 880 101 44 93 376 146 41 44 40 209 69 42 43 55 147 79
internal_value=-1.86467e-12 0.00033254 0.00166741 0.000460247 0.0035755 0.000254553 0.00110437 -0.000387758 0.000892445 0.00176654 0.000143443 0.000418295 0.000322307 0.000679473 0.00103874 -0.000296088 0.00133276 -0.000248731 -0.000114504 0.000271504 -0.00124516 -0.000906661 -0.0012157 0.000567158 0.00136505 0.000655177 0.00129373 0.000608524 -8.39935e-05 0.000635126
internal_weight=15215 4348 240 147 93 4108 475 146 103 329 3633 2136 2060 1371 1002 369 145 1497 1404 944 154 460 416 790 355 286 244 201 435 288
internal_count=15215 4348 240 147 93 4108 475 146 103 329 3633 2136 2060 1371 1002 369 145 1497 1404 944 154 460 416 790 355 286 244 201 435 288
is_linear=0
shrinkage=0.03


Tree=106
num_leaves=31
num_cat=0
split_feature=28 22 74 73 12 11 47 47 74 59 35 42 21 14 34 45 54 40 33 11 17 60 63 55 39 50 43 45 67 63
split_gain=0.71057 0.448542 0.750111 0.863507 0.446414 0.577774 0.432739 1.24655 0.641953 0.699657 0.475979 0.433136 0.375676 0.604314 0.564198 0.406065 0.438393 0.605768 0.888763 0.440587 0.58278 0.470732 0.682388 0.985796 0.876895 0.356921 0.872607 1.10973 0.738555 0.765442
threshold=11.500000000000002 76.500000000000014 1026.9000000000003 1008.8000000000001 0.42136041983796169 0.52358408861678829 2.5916665792465214 2.3452380895614628 398.10000000000008 1.5833333333333337 0.60188680887222301 0.019748071208596233 0.115 0.16500000000000001 2.8547711372375493 2.3666666746139531 2.1000000000000005 0.22326622903347018 5.9666666984558114 0.81495135771132088 98.500000000000014 5.5000000000000009 0.049923186759716638 4.416666666666667 0.14673126488924029 0.77500000596046459 4.5000000000000009 3.4500000476837163 9.5000000000000018 -0.10758033118763878
decision_type=8 2 2 2 10 10 10 10 2 10 10 10 2 10 10 10 10 10 10 10 2 8 2 10 10 8 10 10 10 2
left_child=6 25 3 4 -3 -6 7 10 9 -8 11 -1 15 -14 -15 16 19 18 -18 20 -13 22 23 24 -21 28 27 -27 29 -2
right_child=1 2 -4 -5 5 -7 8 -9 -10 -11 -12 12 13 14 -16 -17 17 -19 -20 21 -22 -23 -24 -25 -26 26 -28 -29 -30 -31
leaf_value=-0.00016895184561707349 -0.0029925847380441063 -0.0027572605945169926 0.0050764294993132352 0.0043165798963240853 0.0032130812006429411 -0.0010013064572504207 0.00063743888828737122 -0.0043254370572826557 -0.0012886119784065047 0.0056307777217791781 -0.0031422700003095089 1.0519036084141426e-06 0.00039825966574673382 0.00054170023323968049 0.0052808373364118429 0.0022973598076030614 -0.00066313818102770364 -0.003101299317215307 0.0038336620445168297 0.0031162282868343241 0.0028114509448299509 -0.00030484845978207887 -0.00043594897927149481 0.0054039104547547664 -0.0016683064279114377 -1.6687964836475313e-05 0.0021300928048069846 -0.0038756985450016123 0.0037474559824668655 0.0010573946976587555
leaf_weight=9205 49 42 50 53 52 67 56 62 49 46 45 2834 265 40 52 75 494 80 43 85 68 152 92 76 58 444 132 79 76 294
leaf_count=9205 49 42 50 53 52 67 56 62 49 46 45 2834 265 40 52 75 494 80 43 85 68 152 92 76 58 444 132 79 76 294
internal_value=-6.0215e-12 0.00066025 0.00176814 0.00099517 -9.82128e-05 0.000840275 -6.36604e-05 -8.12316e-05 0.00153358 0.00288934 -6.19737e-05 -5.17957e-05 0.000192523 0.00112552 0.00322034 0.000110423 6.92324e-05 -0.000665878 -0.000303059 0.000204021 6.69055e-05 0.00106344 0.00173218 0.00264299 0.00117565 0.000387921 -4.94922e-05 -0.000599598 0.0010717 0.000478826
internal_weight=15215 1338 264 214 161 119 13877 13726 151 102 13664 13619 4414 357 92 4057 3982 617 537 3365 2902 463 311 219 143 1074 655 523 419 343
internal_count=15215 1338 264 214 161 119 13877 13726 151 102 13664 13619 4414 357 92 4057 3982 617 537 3365 2902 463 311 219 143 1074 655 523 419 343
is_linear=0
shrinkage=0.03


Tree=107
num_leaves=31
num_cat=0
split_feature=30 51 51 14 37 6 41 31 40 17 62 6 38 66 38 40 42 47 7 67 40 42 60 63 76 15 14 14 15 9
split_gain=0.671065 0.438583 0.921949 1.03365 0.396984 0.445462 0.567643 0.749552 0.680609 0.393833 0.378319 0.54344 0.368133 0.629699 0.514989 0.614873 0.384987 0.631397 0.405374 0.665249 0.438432 0.613313 0.539293 0.452887 0.397602 1.14991 0.317521 0.573698 0.399285 0.582212
threshold=5.6458332538604745 0.70412403345108043 0.48065549135208135 0.050000000000000037 0.13366734236478808 0.14500000000000005 0.18125048279762271 5.5020296573638925 0.21913827955722812 29.500000000000004 22.083333333333339 0.65500000000000014 0.18710909038782123 66.500000000000014 0.19937907159328463 0.23904631286859515 0.2083748131990433 0.51666668057441723 0.9883333333333334 3.5000000000000004 0.16422788798809054 0.14332164824008944 5.5000000000000009 0.046718056646255397 1.0000000180025095e-35 0.0043384152079804237 0.44500000000000012 0.2950000000000001 0.17671900415841449 0.51405626945922178
decision_type=8 10 10 10 8 8 8 8 10 2 2 8 10 8 10 10 10 8 10 8 8 10 8 2 2 10 10 10 10 10
left_child=1 2 12 9 -2 -6 -7 8 -8 -4 11 -9 16 -14 -15 -16 18 -18 -1 -20 21 22 23 24 25 -21 27 28 -12 -30
right_child=4 -3 3 -5 5 6 7 10 -10 -11 26 -13 13 14 15 -17 17 -19 19 20 -22 -23 -24 -25 -26 -27 -28 -29 29 -31
leaf_value=-0.00013209151552092129 0.002805702260304843 -0.0022020711961456322 -0.00097630790773440494 0.0055158525475046847 -0.0010257492384444626 -0.0020645167042752481 0.00096563050354068916 0.00037556289829999989 0.0056605707609560336 0.0027961853512097146 0.00041868590556195124 0.0049043368802564897 -0.0030610927235444679 -0.0028089093335944672 0.0032462991221940941 -0.00095798935728068921 -0.00045065576210618019 0.0044027937948703764 0.0044673994677141308 6.3522179112877951e-05 -0.0019334700495981778 0.0042714201895202074 -0.0012758765935735857 -0.00091016331412753124 0.00042161392006300277 0.0070426993244992837 -0.0022838674576487394 0.0029729633296282322 0.0012513847835361957 -0.0032483080992331873
leaf_weight=11469 62 88 66 55 189 76 66 57 48 40 1892 41 102 46 56 71 52 45 40 43 61 41 115 61 67 42 40 76 43 65
leaf_count=11469 62 88 66 55 189 76 66 57 48 40 1892 41 102 46 56 71 52 45 40 43 61 41 115 61 67 42 40 76 43 65
internal_value=1.70009e-12 -9.1602e-05 -7.6711e-05 0.00217878 0.000433341 0.000376617 0.00048687 0.000570162 0.00294245 0.000447274 0.000448012 0.00227025 -0.000106208 -0.00119151 -8.92157e-05 0.00089587 -8.14105e-05 0.00180094 -9.67039e-05 0.000766829 0.00042259 0.000812074 0.000379656 0.00127349 0.00214982 0.00351206 0.000363617 0.000414628 0.000317412 -0.00145676
internal_weight=15215 12560 12472 161 2655 2593 2404 2328 114 106 2214 98 12311 275 173 127 12036 97 11939 470 430 369 328 213 152 85 2116 2076 2000 108
internal_count=15215 12560 12472 161 2655 2593 2404 2328 114 106 2214 98 12311 275 173 127 12036 97 11939 470 430 369 328 213 152 85 2116 2076 2000 108
is_linear=0
shrinkage=0.03


Tree=108
num_leaves=31
num_cat=0
split_feature=28 62 22 74 73 56 54 29 29 33 50 67 63 43 45 71 62 42 38 30 52 8 29 34 66 29 33 10 31 31
split_gain=0.645308 0.435965 0.492904 0.76417 1.07206 0.46952 0.672147 0.418584 0.396193 0.606779 0.384788 0.678827 0.627614 0.591866 0.929587 0.557234 0.704951 0.531044 0.509364 0.754819 0.479405 0.456786 0.797619 0.47228 0.383439 0.317718 0.467825 0.847688 0.594442 0.495996
threshold=11.500000000000002 32.916666666666679 76.500000000000014 1026.9000000000003 1008.8000000000001 3.9000000000000004 1.9000000000000001 12.900000095367433 11.449999809265138 11.809091091156008 0.77500000596046459 9.5000000000000018 -0.10758033118763878 4.5000000000000009 3.4500000476837163 6.5000000000000009 29.916666666666671 0.4508932232856751 0.39279143512248998 14.062500000000002 0.45804196596145635 0.73100000000000021 13.449999809265138 14.212406158447267 61.500000000000007 10.900000095367433 10.369318008422853 0.61577311577311589 10.840735912323 9.5494818687438983
decision_type=8 2 2 2 2 10 10 10 10 8 8 10 2 10 10 2 2 10 10 10 8 10 10 10 8 10 10 10 10 10
left_child=7 2 10 4 5 -4 -7 8 25 -10 11 12 -2 14 21 -14 18 -15 -17 20 -20 22 24 -24 -12 26 28 29 -1 -28
right_child=1 -3 3 -5 -6 6 -8 -9 9 -11 13 -13 15 17 -16 16 -18 -19 19 -21 -22 -23 23 -25 -26 -27 27 -29 -30 -31
leaf_value=-6.1687378682975244e-05 -0.0025824438029543517 -0.0014901696370414844 0.0022761970560769645 0.005369089720770717 0.0049939807012145008 -0.0034804612934489598 0.0015065780879799709 -0.0026968089811917808 0.0045754197911758504 -0.00021326533815061504 0.0032656624463852494 0.0038618270100527247 0.0043497107297714261 -0.00048247135486453776 -0.0036058329228156557 -0.0031150225181098483 0.0042287421184591945 0.0035536560062056693 0.00027076006773859261 -0.0017859514375132594 0.0046746355743909427 0.0024606630260184887 -0.0046493564723990854 -0.00058476699937908146 6.9153305429596159e-05 -0.0023604921065270897 -0.0019767897363219939 0.0052979435292413316 -0.0036794744121910229 0.0022703333521261809
leaf_weight=13491 47 82 49 48 49 56 43 54 42 55 40 71 42 50 72 41 40 71 45 66 44 62 50 53 217 54 49 41 41 50
leaf_count=13491 47 82 49 48 49 56 43 54 42 55 40 71 42 50 72 41 40 71 45 66 44 62 50 53 217 54 49 41 41 50
internal_value=-1.95821e-12 0.0006292 0.000767566 0.00197482 0.0011478 -0.000125604 -0.00131437 -6.06665e-05 -5.03684e-05 0.00186019 0.000475006 0.00120437 0.000623822 5.36494e-06 -0.000455236 0.00116589 0.000599276 0.00188583 -0.000141431 0.000645131 0.00244796 8.23066e-05 -0.000327299 -0.00255787 0.000566664 -6.387e-05 -5.47991e-05 0.0016705 -7.26487e-05 0.000168222
internal_weight=15215 1338 1256 245 197 148 99 13877 13823 97 1011 396 325 615 494 278 236 121 196 155 89 422 360 103 257 13726 13672 140 13532 99
internal_count=15215 1338 1256 245 197 148 99 13877 13823 97 1011 396 325 615 494 278 236 121 196 155 89 422 360 103 257 13726 13672 140 13532 99
is_linear=0
shrinkage=0.03


Tree=109
num_leaves=31
num_cat=0
split_feature=51 51 21 51 31 43 29 52 61 62 37 34 36 31 57 14 61 34 60 12 36 49 61 34 37 62 47 7 41 74
split_gain=0.617621 0.795502 0.48534 0.43208 0.589394 0.924205 0.4245 0.406339 0.703786 0.404986 0.387117 0.717158 0.541289 0.384715 0.383816 0.341157 0.511049 0.402462 0.376337 0.634768 0.644548 0.64705 0.49914 0.527848 0.699627 0.610612 0.598399 0.764291 1.06167 0.529627
threshold=0.14814826846122744 0.15549142658710483 0.48500000000000004 0.13662759214639666 9.5494818687438983 1.0091742873191836 8.7750000953674334 0.16025641560554507 0.74801587301587313 28.916666666666671 0.24119641631841662 10.784921646118166 0.16981337219476703 2.9168347120285039 17.500000000000004 0.27500000000000008 0.5194444444444446 6.3385417461395273 4.416666666666667 0.42136041983796169 0.41159510612487799 0.83333334326744091 0.41388888888888892 4.2512626647949228 0.11812871322035791 26.916666666666671 1.8819444179534914 0.62833333333333352 0.32471364736557012 269.90000000000003
decision_type=10 10 2 10 10 8 10 8 10 2 10 10 10 10 2 10 8 10 8 10 8 10 8 10 8 2 10 10 8 2
left_child=3 -2 7 4 6 -6 -1 8 10 13 12 -12 -3 -5 -9 18 -17 -18 -16 20 -20 -22 -21 24 -24 29 27 -27 -29 -25
right_child=1 2 -4 9 5 -7 -8 14 -10 -11 11 -13 -14 -15 15 16 17 -19 19 22 21 -23 23 25 -26 26 -28 28 -30 -31
leaf_value=-8.866600251156773e-05 0.0038897380526912839 -0.0013643051232112215 0.003030469326848357 -0.0010653710846857327 0.0042615159336661162 -0.00059625211981723884 -0.0026614940930800193 0.0031622703148009761 0.0025124979627263893 0.00049474558950033645 -0.0052570975382919775 -0.00017191527556860818 0.0025896861255168915 -0.0052007136780302969 -0.0001365006076055281 0.0038406259679525604 -0.0018607962337721671 0.0021604385809041557 0.00035583420593794142 0.0033980507462556602 -0.0046418504900176006 -9.2851850320585072e-05 0.0013292426901773131 0.001411187786746908 -0.0024976805619457191 0.0061777863744646305 0.0010663487755951759 0.0050547887254939515 -0.0016116977968188219 -0.0021250642626546323
leaf_weight=11800 57 141 58 41 71 70 58 44 51 43 52 48 40 40 1173 61 42 48 378 79 53 60 87 81 85 58 238 43 43 72
leaf_count=11800 57 141 58 41 71 70 58 44 51 43 52 48 40 40 1173 61 42 48 378 79 53 60 87 81 85 58 238 43 43 72
internal_value=-6.34244e-12 0.00037847 0.000312526 -9.65298e-05 -7.83228e-05 0.00184986 -0.00010125 0.000259573 -0.000729708 -0.00185834 -0.00131815 -0.00281621 -0.000490495 -0.00310752 0.000383747 0.000336744 0.0017207 0.000283862 0.000251447 0.0006078 -0.00023846 -0.00222645 0.00113644 0.000883732 -0.000561969 0.00134852 0.00198994 0.00351642 0.00172155 -0.000252931
internal_weight=15215 3092 3035 12123 11999 141 11858 2977 332 124 281 100 181 81 2645 2601 151 90 2450 1277 491 113 786 707 172 535 382 144 86 153
internal_count=15215 3092 3035 12123 11999 141 11858 2977 332 124 281 100 181 81 2645 2601 151 90 2450 1277 491 113 786 707 172 535 382 144 86 153
is_linear=0
shrinkage=0.03


Tree=110
num_leaves=31
num_cat=0
split_feature=34 26 22 41 37 6 42 29 47 38 28 62 6 10 1 43 11 7 59 38 37 73 42 6 12 63 61 15 1 15
split_gain=0.590277 0.54292 0.745123 0.603953 0.903649 0.352603 0.555342 0.957351 0.424698 0.460108 0.586548 0.451517 0.417667 0.678737 0.759513 0.472061 0.429433 0.544314 0.541047 0.548011 0.695862 0.649939 0.632199 0.561563 0.559088 0.677261 0.513384 0.507003 0.605714 0.594617
threshold=2.5517857074737553 114.50000000000001 121.50000000000001 0.096302349120378508 0.2086913734674454 0.03500000000000001 0.069169871509075179 2.1000000238418584 0.69615384936332714 0.42377534508705145 8.416666507720949 30.250000000000004 0.15500000000000003 0.16024691358024692 1.0000000180025095e-35 1.2176489830017092 0.21122913217755609 0.50833333333333353 3.1666666666666674 0.34767113626003271 0.4026529341936112 599.4000000000002 0.30715137720108038 0.43500000000000005 0.41581149315319033 0.010979701172683572 0.60634920634920642 0.016003761884741289 1.5000000000000002 -0.047192228061793268
decision_type=8 2 2 10 10 8 8 10 8 10 10 2 8 8 10 10 8 8 8 10 10 2 10 10 10 2 10 10 10 8
left_child=-1 5 -3 -4 -5 -2 7 -7 9 10 11 -8 -10 -14 15 -15 26 18 19 22 23 24 27 -21 25 -22 -16 29 -29 -18
right_child=1 2 3 4 -6 6 8 -9 12 -11 -12 -13 13 14 16 -17 17 -19 -20 20 21 -23 -24 -25 -26 -27 -28 28 -30 -31
leaf_value=-0.00012329515017446059 -0.00080862561963706994 0.0041632729113101957 -0.0018944927439864341 0.0049712196551263332 -0.0010424159962514584 0.00049123746509614741 -5.1097608294946195e-05 0.0059303837961384226 -0.001007443086735988 -0.0034195647261491633 0.0028941642318496409 -0.0017908534649069662 0.0036750486292639523 -0.000607198497510693 0.0051050001215189695 -0.004530845589470118 0.00034052753032566129 0.00076531502666428235 -0.0029285451586329144 0.0056217044157286485 0.0053095832903107456 -0.0023864907497593846 -0.0031251247849707537 0.00076801925011706063 -0.0013399985867400407 0.00013059665112102284 0.00048094580227390251 -0.0020739893665861178 0.0018705479410591021 -0.0032820155250986938
leaf_weight=10600 286 75 58 46 44 95 784 42 178 41 53 162 59 89 40 40 88 1692 60 45 44 65 76 41 49 47 47 46 147 76
leaf_count=10600 286 75 58 46 44 95 784 42 178 41 53 162 59 89 40 40 88 1692 60 45 44 65 76 41 49 47 47 46 147 76
internal_value=3.79746e-12 0.000283191 0.00172724 0.000492765 0.00203122 0.000209871 0.000280814 0.00215871 0.000215993 -0.000304798 -0.000176965 -0.000349026 0.000400911 0.000492036 0.000422275 -0.00182383 0.000535325 0.000462534 -0.000190917 3.59588e-05 0.00104276 9.2575e-05 -0.000640668 0.00330774 0.00124357 0.00263472 0.00260695 -0.000111764 0.000930399 -0.00133821
internal_weight=15215 4615 223 148 90 4392 4106 137 3969 1040 999 946 2929 2751 2692 129 2563 2476 784 724 291 205 433 86 140 91 87 357 193 164
internal_count=15215 4615 223 148 90 4392 4106 137 3969 1040 999 946 2929 2751 2692 129 2563 2476 784 724 291 205 433 86 140 91 87 357 193 164
is_linear=0
shrinkage=0.03


Tree=111
num_leaves=31
num_cat=0
split_feature=28 62 22 31 61 73 52 61 42 29 15 66 35 38 43 63 58 51 37 42 6 60 29 41 8 60 29 33 10 31
split_gain=0.560409 0.408704 0.459706 0.841442 0.668838 0.673947 0.717008 0.482934 0.515428 0.400129 0.396367 0.377338 0.621755 0.680282 0.744761 0.58725 0.61335 0.550222 0.463714 0.446691 0.383205 0.494509 0.365637 0.587639 0.347408 0.313288 0.305529 0.422119 0.802907 0.563298
threshold=11.500000000000002 32.916666666666679 57.500000000000007 11.834432601928713 0.46547619047619049 927.30000000000007 0.42261904478073126 0.61031746031746048 0.53617241978645336 12.900000095367433 0.040112880077668812 65.500000000000014 0.75378787517547619 0.53035864233970653 2.5000000000000004 0.095676346304300261 0.45328833044350286 0.41854801774024969 0.51179721951484691 0.54734209179878246 0.70500000000000007 4.166666666666667 11.449999809265138 0.44433523714542394 0.59900000000000009 3.8333333333333335 10.900000095367433 10.369318008422853 0.61577311577311589 10.840735912323
decision_type=8 2 2 10 10 2 8 10 10 10 10 8 10 10 10 2 2 8 10 10 8 10 10 8 10 10 10 10 10 10
left_child=9 2 11 -4 -5 6 -6 8 -8 22 24 15 13 17 -15 16 18 -13 -2 -20 21 -19 26 -24 -9 -22 27 29 -29 -1
right_child=1 -3 3 4 5 -7 7 10 -10 -11 -12 12 -14 14 -16 -17 -18 20 19 -21 25 -23 23 -25 -26 -27 -28 28 -30 -31
leaf_value=-5.6826810842862052e-05 -0.00053964155651628975 -0.0014656868093170044 0.0052946971856216163 0.0035559015672702293 -0.0039258917262777679 0.0032725092826685941 0.0010438688889872736 0.0046759110347227044 -0.003684677726456097 -0.0026339099349247086 -0.00068491575935774522 0.0025279329988174139 0.0027431703103919986 -0.0041916989273606585 5.4950905622730793e-05 0.0043433893739205339 -0.0018603329568923938 -0.0031693763851047786 0.0053401338931161734 0.00091172086098018415 0.0023790828132581325 0.00023521411094676564 0.0042990095134979736 -0.00038324115303112194 0.00088415846831842572 -0.00052094887572098263 -0.0023115716481374371 0.00012625314154182419 0.005118642082301581 -0.003578566836715653
leaf_weight=13491 50 82 47 77 40 61 41 43 42 54 46 75 61 78 71 46 63 73 41 41 62 81 45 52 44 73 54 99 41 41
leaf_count=13491 50 82 47 77 40 61 41 43 42 54 46 75 61 78 71 46 63 73 41 41 62 81 45 52 44 73 54 99 41 41
internal_value=-1.95927e-12 0.000586351 0.000720321 0.00150056 0.00104796 0.000438772 -0.000236455 0.000446774 -0.00134889 -5.65351e-05 0.00156738 0.000298133 -0.000120141 -0.000460613 -0.00216813 0.00129435 0.000575092 0.000238343 0.00173745 0.00312593 -0.000355842 -0.00137865 -4.64665e-05 0.00178894 0.00275824 0.000810918 -5.94371e-05 -5.05419e-05 0.00158831 -6.74972e-05
internal_weight=15215 1338 1256 441 394 317 256 216 83 13877 133 815 574 513 149 241 195 364 132 82 289 154 13823 97 87 135 13726 13672 140 13532
internal_count=15215 1338 1256 441 394 317 256 216 83 13877 133 815 574 513 149 241 195 364 132 82 289 154 13823 97 87 135 13726 13672 140 13532
is_linear=0
shrinkage=0.03


Tree=112
num_leaves=31
num_cat=0
split_feature=34 52 54 34 61 59 27 30 29 51 46 53 74 71 6 14 54 6 73 30 66 40 36 35 8 75 63 34 60 32
split_gain=0.545665 0.558361 0.507189 0.449615 0.909426 0.813418 0.543929 0.466027 0.826544 0.719577 0.549135 0.503209 0.658907 0.491165 0.5398 0.710103 0.609972 0.686283 0.526529 0.402923 1.13691 0.689341 0.865761 0.717644 0.567794 0.491851 0.492977 0.373206 0.361051 0.348794
threshold=11.155828952789308 1.6125000119209292 2.9000000000000004 12.189169883728029 0.69861111111111129 0.83333333333333337 10.500000000000002 12.645833492279055 8.7750000953674334 0.55556046962738048 1.5297768712043764 2.4166666666666674 269.90000000000003 7.5000000000000009 0.51500000000000012 -0.245 0.63333333333333341 0.77500000000000013 178.30000000000004 12.562500000000002 42.500000000000007 0.38271743059158331 0.5719754993915559 0.51564025878906261 0.59900000000000009 1.0000000180025095e-35 0.0084891567592084733 9.1065759658813494 4.416666666666667 14.960904121398928
decision_type=8 10 10 8 10 10 10 8 10 10 8 8 2 2 8 10 10 10 2 10 10 10 10 10 10 2 2 10 8 10
left_child=1 19 3 4 5 -2 -7 8 -5 -10 28 13 -13 14 15 -12 -16 29 -15 21 -21 23 25 -1 -22 26 27 -23 -9 -18
right_child=2 -3 -4 7 -6 6 -8 10 9 -11 11 12 -14 18 16 -17 17 -19 -20 20 24 22 -24 -25 -26 -27 -28 -29 -30 -31
leaf_value=-6.2470843691752735e-05 0.0039030268735950812 0.0034848129402380436 -0.0022538613885020216 0.001983437238321189 0.0048284842169788829 -0.0032585442664466147 0.0010774686473887412 0.0011280998728442483 -0.0041468072421848778 0.00032495552971101315 0.00031576842069625855 0.0042698546460914338 -0.00046963219411819325 0.0037255188421561167 0.0032604517911306837 -0.0041186851726916548 -0.00059486082925393083 -0.0028847780518911101 -0.00028270669178002408 -0.003714100220288659 0.003247022686248764 0.0021581053764720519 -0.0019226359540842615 -0.00390008464529687 -0.001391813646769151 0.005190015449188649 0.0038469925302227858 -0.0014537276787792936 0.0051342413623351605 0.0016337897263538951
leaf_weight=13398 48 40 54 62 68 46 60 41 75 57 65 66 44 65 55 65 123 66 54 97 47 52 53 44 48 44 57 51 40 130
leaf_count=13398 48 40 54 62 68 46 60 41 75 57 65 66 44 65 55 65 123 66 54 97 47 52 53 44 48 44 57 51 40 130
internal_value=2.90208e-12 -5.45431e-05 0.000591775 0.000716706 0.00193891 0.000662989 -0.000804197 0.00044753 -0.000873789 -0.00221582 0.000762439 0.000503416 0.00237406 0.000173126 -0.000236181 -0.00190146 0.000342659 -0.000160409 0.00190666 -6.47349e-05 -0.0014295 -4.56068e-05 0.00149347 -7.50326e-05 0.00090319 0.00238098 0.0016085 0.000369722 0.00310644 0.000550296
internal_weight=15215 13931 1284 1230 222 154 106 1008 194 132 814 733 110 623 504 130 374 319 119 13891 192 13699 257 13442 95 204 160 103 81 253
internal_count=15215 13931 1284 1230 222 154 106 1008 194 132 814 733 110 623 504 130 374 319 119 13891 192 13699 257 13442 95 204 160 103 81 253
is_linear=0
shrinkage=0.03


Tree=113
num_leaves=31
num_cat=0
split_feature=45 9 21 14 6 42 40 26 52 55 62 9 17 34 62 58 30 67 74 54 75 15 21 28 63 28 41 28 33 63
split_gain=0.529165 0.451095 0.380565 0.87446 0.351732 0.30911 0.617346 0.393221 0.654443 0.400957 0.365182 0.332077 0.318693 0.756816 0.440654 0.732779 0.467015 0.419702 0.433591 0.638072 0.511395 0.428516 0.418643 0.421583 0.400881 0.495513 0.394364 0.415319 0.464138 0.578565
threshold=0.22500000149011615 0.07338710161570107 0.47500000000000009 0.16 0.075000000000000025 0.12072905525565149 0.15550549328327182 114.50000000000001 0.28436657786369329 1.8333333333333337 23.750000000000004 0.9970470000155337 10.500000000000002 3.4934889078140263 29.916666666666671 0.48438034218525644 9.291666507720949 11.500000000000002 510.30000000000001 0.77500000000000013 1.0000000180025095e-35 0.028417844130978701 0.10500000000000002 21.500000000000004 -0.063814750631195807 8.8333334922790545 0.10551607236266138 19.166666984558109 16.585714340209964 0.057350263523475588
decision_type=10 8 2 10 10 8 10 2 10 8 2 10 2 10 2 2 10 10 2 8 2 10 2 10 2 10 8 10 10 2
left_child=-1 -2 4 -4 -3 6 11 9 -9 10 -7 -6 14 -14 17 -16 -17 18 19 -11 -21 -22 23 26 -20 -26 -15 28 -28 -30
right_child=1 2 3 -5 5 7 -8 8 -10 12 -12 -13 13 22 15 16 -18 -19 24 20 21 -23 -24 -25 25 -27 27 -29 29 -31
leaf_value=-0.000111910441276819 0.0031718701816862449 -0.00074749764255406591 -0.00019328202120959758 0.0055143642020411788 -0.00011866220367296891 -3.8188153744808266e-06 -0.0027547111419531016 0.0048262554220855234 0.00031634581134948011 0.002395244464732525 0.003596279235334805 0.0023582575978854528 0.0036893070267979052 -0.002471072890330106 0.0035403682918033813 -0.0022063447751279452 0.0019785142256878315 -0.0027634241262450812 0.0034696335056796667 -0.0027918280383649589 -0.0016851253493836049 0.0023084363341331483 0.0026368300034336637 0.0028321383535665897 -0.0012564466651882244 0.0025783451710341744 0.00025373263398176748 -0.0018431054013913874 0.0006120146640940853 0.0051467934865504494
leaf_weight=10867 48 323 61 40 771 42 78 48 73 41 64 52 64 48 66 60 40 75 40 144 57 42 71 57 89 46 1620 79 69 40
leaf_count=10867 48 323 61 40 771 42 78 48 73 41 64 52 64 48 66 60 40 75 40 144 57 42 71 57 89 46 1620 79 69 40
internal_value=3.4671e-12 0.000279699 0.000247414 0.00206717 0.000203643 0.000282905 -0.000203914 0.000430341 0.0021054 0.000359324 0.00216983 3.78382e-05 0.000289487 0.000478366 -0.000263119 0.00108689 -0.000532401 -0.000682785 -0.000342812 -0.00106661 -0.0016507 9.11294e-06 0.000374787 0.000290833 0.000831803 5.02231e-05 0.000212786 0.000284039 0.000381231 0.00227615
internal_weight=15215 4348 4300 101 4199 3876 901 2975 121 2854 106 823 2748 2048 700 166 100 534 459 284 243 99 1984 1913 175 135 1856 1808 1729 109
internal_count=15215 4348 4300 101 4199 3876 901 2975 121 2854 106 823 2748 2048 700 166 100 534 459 284 243 99 1984 1913 175 135 1856 1808 1729 109
is_linear=0
shrinkage=0.03


Tree=114
num_leaves=31
num_cat=0
split_feature=34 26 22 41 37 6 42 29 47 61 38 28 62 6 10 1 43 11 7 59 30 11 74 51 33 41 74 34 66 61
split_gain=0.4981 0.494846 0.70439 0.563139 0.858284 0.313022 0.533936 0.898461 0.374939 0.444978 0.506265 0.489954 0.522004 0.368925 0.648285 0.702249 0.432247 0.412203 0.492811 0.502684 0.497945 0.804249 0.874919 0.759836 0.65927 0.668909 0.547362 0.551442 0.524261 0.483127
threshold=2.5517857074737553 114.50000000000001 121.50000000000001 0.096302349120378508 0.2086913734674454 0.03500000000000001 0.069169871509075179 2.1000000238418584 0.69615384936332714 0.83968253968253981 0.40037995576858526 8.416666507720949 30.250000000000004 0.15500000000000003 0.16024691358024692 1.0000000180025095e-35 1.2176489830017092 0.21122913217755609 0.50833333333333353 3.1666666666666674 9.6458334922790545 0.34321692255579511 269.90000000000003 0.39448978006839758 8.5166668891906756 0.2792725414037705 232.75000000000003 3.9320132732391362 72.500000000000014 0.60634920634920642
decision_type=8 2 2 10 10 8 8 10 8 8 10 10 2 8 8 10 10 8 8 8 10 10 2 10 8 10 2 10 8 10
left_child=-1 5 -3 -4 -5 -2 7 -7 9 10 11 12 -8 -10 -15 16 -16 29 19 20 24 22 -22 -23 25 26 27 -19 -26 -17
right_child=1 2 3 4 -6 6 8 -9 13 -11 -12 -13 -14 14 15 17 -18 18 -20 -21 21 23 -24 -25 28 -27 -28 -29 -30 -31
leaf_value=-0.00011325997022938264 -0.00076948745540909825 0.0040072886899113654 -0.0018666645248645339 0.0047893329126679372 -0.0010714117564599621 0.00048296180328256201 -0.0001266906894292196 0.0057521625874297957 -0.00095645397755034852 0.0023053155393738829 -0.0036665936778964739 0.0027193370728713011 -0.0020509875529244833 0.0035636063023486123 -0.00061093800858165448 0.0049463024055585265 -0.0043654810963198541 0.0037037518881261346 0.00071012851966106155 -0.0028385264151147569 0.0007023882775583529 0.0026315130277071146 0.0063124134908006946 -0.001435339736876505 -0.0046880897238022754 0.0033373880297021597 -0.0021221639725997627 -0.00043019283928069337 -0.00078922175419555139 0.0004605764756969949
leaf_weight=10600 286 75 58 46 44 95 743 42 178 56 42 46 153 59 89 40 40 40 1692 60 58 60 44 133 54 49 107 106 73 47
leaf_count=10600 286 75 58 46 44 95 743 42 178 56 42 46 153 59 89 40 40 40 1692 60 58 60 44 133 54 49 107 106 73 47
internal_value=3.34297e-12 0.000260142 0.00163878 0.000438518 0.00192408 0.000190143 0.000256985 0.00209834 0.000193426 -0.000295906 -0.000443943 -0.000300258 -0.000455282 0.000367174 0.000452817 0.000384639 -0.00177514 0.000493344 0.000422028 -0.00019974 1.89439e-05 0.000967713 0.0031224 -0.000171033 -0.000633473 0.000129173 -0.000492181 0.000702395 -0.00244701 0.00252298
internal_weight=15215 4615 223 148 90 4392 4106 137 3969 1040 984 942 896 2929 2751 2692 129 2563 2476 784 724 295 102 193 429 302 253 146 127 87
internal_count=15215 4615 223 148 90 4392 4106 137 3969 1040 984 942 896 2929 2751 2692 129 2563 2476 784 724 295 102 193 429 302 253 146 127 87
is_linear=0
shrinkage=0.03


Tree=115
num_leaves=31
num_cat=0
split_feature=45 9 21 14 42 40 26 50 17 34 21 32 39 62 58 27 45 22 22 54 10 39 41 28 28 33 33 9 35 22
split_gain=0.472925 0.4274 0.356226 0.819458 0.322367 0.593611 0.381654 0.889362 0.447693 0.621938 0.469148 0.439351 0.796431 0.401595 0.461796 0.399623 0.422754 0.826102 0.727516 0.452081 1.05547 0.384613 0.381966 0.342198 0.400097 0.470792 0.567189 0.333759 0.323028 0.320245
threshold=0.22500000149011615 0.07338710161570107 0.47500000000000009 0.16 0.12072905525565149 0.15550549328327182 114.50000000000001 0.24952830374240878 10.500000000000002 3.4934889078140263 0.10500000000000002 16.098092079162601 0.56727895140647899 29.916666666666671 0.48153180848833027 9.5000000000000018 1.2332035899162295 60.500000000000007 40.500000000000007 1.1000000000000003 0.19462481962481967 0.22761926054954532 0.10551607236266138 21.500000000000004 19.166666984558109 16.585714340209964 17.759614944458011 0.9970470000155337 0.6792857050895692 93.500000000000014
decision_type=10 8 2 10 10 10 2 10 2 10 2 10 10 2 2 10 10 2 2 10 10 10 8 10 10 10 10 10 10 2
left_child=-1 -2 4 -4 5 27 8 -8 11 -10 22 12 13 15 -15 16 17 19 -18 20 -6 -16 -11 24 25 29 -27 -3 -26 -24
right_child=1 2 3 -5 6 -7 7 -9 9 10 -12 -13 -14 14 21 -17 18 -19 -20 -21 -22 -23 23 -25 28 26 -28 -29 -30 -31
leaf_value=-0.00010579645988846192 0.0030796064058085902 -0.00018471689430612419 -0.00019461233138305241 0.0053306188305141397 -0.0017671493762077724 -0.0027264512771809544 0.0055897054875769263 0.00015574643039144575 0.0032450671478485068 -0.0020177849125666697 0.0026484732577335781 -0.0030155304205768249 0.0038268251961765826 0.0027747679045423863 -0.0022859984855832798 -0.0022012955013831904 -0.0010235186896076604 -0.0040239135644658183 0.003693783825729042 -0.0011891051036985339 0.004340970984677661 0.0015336051287696412 0.00039568605492318055 0.002642876120228458 0.00015280030807480216 0.004631261088721016 0.00041894594927064396 0.0022839790783249418 -0.0036598440729430875 -0.0012777302424762059
leaf_weight=10867 48 945 61 40 49 81 41 80 72 61 81 51 43 70 49 132 62 61 56 148 53 46 1600 59 40 51 66 52 40 110
leaf_count=10867 48 945 61 40 49 81 41 80 72 61 81 51 43 70 49 132 62 61 56 148 53 46 1600 59 40 51 66 52 40 110
internal_value=-4.2559e-12 0.000264418 0.000232993 0.0019936 0.000190644 -0.000256617 0.000345129 0.00199701 0.000278504 0.000503269 0.000409621 -0.000319043 -0.000140212 -0.000375175 0.000925853 -0.00075783 -0.000313686 -0.000893779 0.0012152 -0.000130026 0.00140668 -0.000436506 0.000320155 0.000392696 0.000323078 0.000414008 0.00225508 -5.59584e-05 -0.00175352 0.000288039
internal_weight=15215 4348 4300 101 4199 1078 3121 121 3000 2180 2108 820 769 726 165 561 429 311 118 250 102 95 2027 1966 1907 1827 117 997 80 1710
internal_count=15215 4348 4300 101 4199 1078 3121 121 3000 2180 2108 820 769 726 165 561 429 311 118 250 102 95 2027 1966 1907 1827 117 997 80 1710
is_linear=0
shrinkage=0.03


Tree=116
num_leaves=31
num_cat=0
split_feature=34 26 10 22 41 37 6 42 29 47 61 38 28 62 6 10 1 43 11 55 7 59 30 11 74 51 33 41 40 66
split_gain=0.446708 0.452054 0.681714 0.971063 0.495596 0.747176 0.289277 0.50713 0.844344 0.347999 0.416062 0.476191 0.46007 0.491913 0.338521 0.614268 0.659662 0.40679 0.385171 0.469333 0.457448 0.470748 0.46094 0.757309 0.824356 0.714657 0.624963 0.624712 0.534679 0.493627
threshold=2.5517857074737553 114.50000000000001 0.81678403755868556 120.50000000000001 0.096302349120378508 0.2264988794922829 0.03500000000000001 0.069169871509075179 2.1000000238418584 0.69615384936332714 0.83968253968253981 0.40037995576858526 8.416666507720949 30.250000000000004 0.15500000000000003 0.16024691358024692 1.0000000180025095e-35 1.2176489830017092 0.21122913217755609 5.8333333333333348 0.50833333333333353 3.1666666666666674 9.6458334922790545 0.34321692255579511 269.90000000000003 0.39448978006839758 8.5166668891906756 0.2792725414037705 0.23904631286859515 72.500000000000014
decision_type=8 2 10 2 10 10 8 8 10 8 8 10 10 2 8 8 10 10 8 8 8 8 10 10 2 10 8 10 10 8
left_child=-1 6 3 -3 -5 -6 -2 8 -8 10 11 12 13 -9 -11 -16 17 -17 19 -18 21 22 26 24 -24 -25 27 28 -20 -28
right_child=1 2 -4 4 5 -7 7 9 -10 14 -12 -13 -14 -15 15 16 18 -19 20 -21 -22 -23 23 25 -26 -27 29 -29 -30 -31
leaf_value=-0.00010725814518299095 -0.00074306166808974069 0.0056685857967074425 -0.0017348980630437533 -0.0018408763725310563 0.0051666592564433818 -0.00056242399183767183 0.00047227305213087481 -0.00012469455374161618 0.0055803189400051318 -0.0009187580274648211 0.0022256268700584767 -0.0035582719417288898 0.0026326050707543998 -0.0019927045819806114 0.0034592669502974058 -0.00059903794564725307 0.00035189424843891809 -0.004241341971326619 0.0002126362789772093 0.0047660786440459693 0.00067881987497290174 -0.0027513850042596459 0.00066847961379921646 0.002539597569964826 0.0061139884061942049 -0.0014044973643516764 -0.0045542161532729454 0.0032290737880203793 -0.0032507028456777334 -0.00077097395218092275
leaf_weight=10600 286 56 45 40 40 42 95 743 42 178 56 42 46 153 59 89 46 40 203 41 1692 60 58 60 44 133 54 49 50 73
leaf_count=10600 286 56 45 40 40 42 95 743 42 178 56 42 46 153 59 89 46 40 203 41 1692 60 58 60 44 133 54 49 50 73
internal_value=3.51186e-12 0.000246357 0.00156404 0.00239804 0.000896799 0.00223225 0.000179453 0.00024371 0.00203824 0.000181767 -0.000289658 -0.000432804 -0.000293452 -0.000443674 0.000349156 0.000431194 0.000364829 -0.00172843 0.000470186 0.00243214 0.000401248 -0.000197796 1.38272e-05 0.000926661 0.00301752 -0.000178354 -0.000613879 0.000128658 -0.000471818 -0.0023796
internal_weight=15215 4615 223 178 122 82 4392 4106 137 3969 1040 984 942 896 2929 2751 2692 129 2563 87 2476 784 724 295 102 193 429 302 253 127
internal_count=15215 4615 223 178 122 82 4392 4106 137 3969 1040 984 942 896 2929 2751 2692 129 2563 87 2476 784 724 295 102 193 429 302 253 127
is_linear=0
shrinkage=0.03


Tree=117
num_leaves=31
num_cat=0
split_feature=34 56 45 42 21 7 66 31 40 11 14 50 51 47 66 45 67 61 45 46 72 30 10 34 55 73 35 36 50 8
split_gain=0.430716 0.604337 0.452873 0.331759 0.350955 0.387597 0.747562 0.712433 0.649186 0.390212 0.342642 0.389491 0.685446 0.73988 0.620304 0.437923 0.387975 0.341341 0.614777 1.19954 0.449613 0.490876 0.465884 0.365917 0.319479 0.321894 0.465533 0.785221 0.666727 0.56768
threshold=16.804761886596683 4.1000000000000005 2.7083333730697636 0.019748071208596233 0.115 0.37583333333333341 50.500000000000007 3.6679769754409794 0.039683144539594657 0.42685337219545333 -0.0099999999999999239 1.6333333253860476 1.2527139186859133 3.0871211290359502 29.500000000000004 3.1000000238418584 11.500000000000002 0.32658730158730159 0.98437500000000011 0.33311530947685247 13.500000000000002 13.937500000000002 0.57343137254901977 3.9320132732391362 1.1666666666666667 1243.7500000000002 0.51564025878906261 0.42943949997425085 0.45000000298023229 0.47450000000000009
decision_type=10 8 10 10 2 8 8 10 10 8 8 10 10 10 10 10 8 8 10 10 2 10 10 10 8 2 10 10 10 10
left_child=3 -2 -3 -1 10 7 -7 8 -6 -8 -5 12 13 15 -14 17 -15 18 19 -12 21 24 -23 -22 -19 26 27 -26 29 -28
right_child=1 2 -4 4 5 6 9 -9 -10 -11 11 -13 14 16 -16 -17 -18 20 -20 -21 23 22 -24 -25 25 -27 28 -29 -30 -31
leaf_value=-0.00012683871725234283 -0.0007016802152308325 0.0053315438167759925 0.001371522180631127 -0.00020245102112201731 0.0032059175662624722 0.003570392214354466 -0.0031422195697520324 0.004257902975939214 -0.0010998047548346221 8.6298761184976886e-05 -0.00038757006433315393 0.0028692727772375711 0.00045596442092210056 0.00073209625526214953 -0.004556251437496394 -0.0024840696012744536 0.0046458800172187245 0.0027102313650151093 -0.00038982764396765457 0.0066693905919142388 -0.0002160099847242236 0.0044333923879858791 0.00047564469972404385 -0.0038419555647428642 0.00031965854642496762 -0.00073910117726594491 -0.0056240095510147504 0.0043281187003788848 0.0012028627561396987 -0.0007849188870750367
leaf_weight=9394 72 41 71 2070 52 44 47 75 80 119 41 52 40 40 50 52 53 45 73 46 60 49 59 43 1945 313 40 45 56 48
leaf_count=9394 72 41 71 2070 52 44 47 75 80 119 41 52 40 40 50 52 53 45 73 46 60 49 59 43 1945 313 40 45 56 48
internal_value=1.01451e-12 0.00144267 0.00282117 -1.76602e-05 0.000164285 0.0010018 9.37261e-05 0.00192302 0.000596389 -0.0008278 9.73801e-05 0.000294412 0.000251193 0.000328381 -0.0023286 0.000244341 0.00296253 0.000293896 0.00164028 0.0033437 0.0002142 0.00029121 0.00227129 -0.00172975 0.000205396 0.000159332 0.000291108 0.000410302 -0.00135608 -0.00298451
internal_weight=15215 184 112 15031 5637 417 210 207 132 166 5220 3150 3098 3008 90 2915 93 2863 160 87 2703 2600 108 103 2492 2447 2134 1990 144 88
internal_count=15215 184 112 15031 5637 417 210 207 132 166 5220 3150 3098 3008 90 2915 93 2863 160 87 2703 2600 108 103 2492 2447 2134 1990 144 88
is_linear=0
shrinkage=0.03


Tree=118
num_leaves=31
num_cat=0
split_feature=34 56 45 42 21 14 66 14 34 47 14 50 51 47 66 45 67 61 45 46 72 30 10 67 15 66 43 8 62 50
split_gain=0.40526 0.568621 0.426109 0.312152 0.330214 0.366023 0.447593 0.404176 0.70894 0.342081 0.322392 0.366472 0.644936 0.696153 0.583644 0.412042 0.365046 0.321167 0.578444 1.12865 0.423041 0.461865 0.43835 0.353007 0.301303 0.359761 0.563764 0.469581 0.61916 0.702353
threshold=16.804761886596683 4.1000000000000005 2.7083333730697636 0.019748071208596233 0.115 0.155 80.500000000000014 0.090000000000000011 8.5505051612854022 1.0000000180025095e-35 -0.0099999999999999239 1.6333333253860476 1.2527139186859133 3.0871211290359502 29.500000000000004 3.1000000238418584 11.500000000000002 0.32658730158730159 0.98437500000000011 0.33311530947685247 13.500000000000002 13.937500000000002 0.57343137254901977 11.500000000000002 0.094917339065742387 61.500000000000007 1.6207243204116824 0.52633333333333343 28.916666666666671 0.18333333730697635
decision_type=10 8 10 10 2 10 8 8 10 8 8 10 10 10 10 10 8 8 10 10 2 10 10 8 10 8 10 10 2 10
left_child=3 -2 -3 -1 10 7 -7 8 9 -6 -5 12 13 15 -14 17 -15 18 19 -12 21 24 -23 -22 -19 26 -26 28 29 -27
right_child=1 2 -4 4 5 6 -8 -9 -10 -11 11 -13 14 16 -16 -17 -18 20 -20 -21 23 22 -24 -25 25 27 -28 -29 -30 -31
leaf_value=-0.00012303355670757537 -0.0006806298170704395 0.0051715974709325716 0.0013303765245306659 -0.00019637749419274293 0.0019168317569877768 0.0042016399225685746 0.00055229450354627406 -0.0019978693358671776 0.0039850318322907086 -0.00080628069332585879 -0.00037594300717478843 0.0027831945453698818 0.00044228555448353287 0.00071013338726334037 -0.0044195638795557898 -0.0024095475358458665 0.0045065036363337394 0.00042085703345074018 -0.00037813288274489036 0.006469308938831091 0.00048186246192128193 0.0043003906095780585 0.00046137534871192298 -0.0031060662787527806 -0.00033826627295523409 0.00013771248773540839 -0.0034578245839414494 -0.0010054575983667745 -0.0011952751337160024 0.0034659331513749851
leaf_weight=9394 72 41 71 2070 61 60 61 52 53 130 41 52 40 40 50 52 53 1717 73 46 41 49 59 62 189 121 72 192 93 108
leaf_count=9394 72 41 71 2070 61 60 61 52 53 130 41 52 40 40 50 52 53 1717 73 46 41 49 59 62 189 121 72 192 93 108
internal_value=-7.82073e-13 0.00139939 0.00273654 -1.71304e-05 0.000159356 0.000971741 0.00236189 0.000403472 0.000915233 6.34044e-05 9.44587e-05 0.00028558 0.000243657 0.000318529 -0.00225874 0.000237011 0.00287366 0.00028508 0.00159107 0.00324339 0.000207774 0.000282474 0.00220315 -0.00167786 0.000199234 -0.000291768 -0.00119883 0.000168824 0.000869017 0.00170735
internal_weight=15215 184 112 15031 5637 417 121 296 244 191 5220 3150 3098 3008 90 2915 93 2863 160 87 2703 2600 108 103 2492 775 261 514 322 229
internal_count=15215 184 112 15031 5637 417 121 296 244 191 5220 3150 3098 3008 90 2915 93 2863 160 87 2703 2600 108 103 2492 775 261 514 322 229
is_linear=0
shrinkage=0.03


Tree=119
num_leaves=31
num_cat=0
split_feature=34 56 45 42 21 7 66 31 40 12 17 53 14 50 51 47 66 73 45 67 73 47 49 43 56 45 35 62 55 54
split_gain=0.381309 0.535015 0.400926 0.293704 0.310698 0.365942 0.692264 0.662739 0.610423 0.383056 0.307697 0.880809 0.288995 0.355029 0.638154 0.686876 0.436213 0.392228 0.418394 0.367388 0.359641 0.581963 0.626342 0.613626 0.568145 0.5307 0.957837 0.728107 0.4921 1.17423
threshold=16.804761886596683 4.1000000000000005 2.7083333730697636 0.019748071208596233 0.115 0.37583333333333341 50.500000000000007 3.6679769754409794 0.039683144539594657 0.54366623782802848 102.50000000000001 0.83333333333333337 -0.0099999999999999239 1.6333333253860476 1.2527139186859133 3.0871211290359502 31.500000000000004 1341.5500000000002 3.1000000238418584 11.500000000000002 253.50000000000003 1.5166666507720949 0.37819932401180273 0.98437500000000011 2.7083333333333335 0.7855023741722108 0.24068965017795566 28.083333333333339 5.5833333333333348 1.7083333333333337
decision_type=10 8 10 10 2 8 8 10 10 8 2 10 8 10 10 10 10 2 10 8 2 8 10 10 8 10 10 2 10 10
left_child=3 -2 -3 -1 10 7 -7 8 -6 -8 12 -12 -5 14 15 17 -16 18 20 -17 -14 24 23 -23 -22 28 27 -27 -26 -30
right_child=1 2 -4 4 5 6 9 -9 -10 -11 11 -13 13 -15 16 19 -18 -19 -20 -21 21 22 -24 -25 25 26 -28 -29 29 -31
leaf_value=-0.00011934255549498973 -0.00066021093865856531 0.005016449571973303 0.0012904652087411409 -0.00021868100052399196 0.0030886060213491033 0.0034058595228601586 -0.001882625733851455 0.0040896896343678235 -0.001086591579252854 0.0011399735090451249 0.0049466029630804605 -0.00054997319993204796 0.00010676110036915274 0.0026996987520788722 2.1565026836469768e-05 0.00068882940578623671 -0.0042006206134220167 -0.00075942690738756613 -0.0026450563647917335 0.0045293420821647433 0.0040054842705527938 0.00059304803153690025 0.0014290708230276193 -0.0038106091716326772 -0.00034021070085968959 0.0018567106533529502 0.00025789858306659203 0.0068115739009397868 0.0054143774991855026 -0.00088457255232098845
leaf_weight=9394 72 41 71 2041 52 44 108 75 80 58 44 65 1589 52 40 40 49 342 42 51 63 49 84 68 274 56 113 51 50 57
leaf_count=9394 72 41 71 2041 52 44 108 75 80 58 44 65 1589 52 40 40 49 342 42 51 63 49 84 68 274 56 113 51 50 57
internal_value=-3.96962e-12 0.0013574 0.00265444 -1.66165e-05 0.000154575 0.000942589 6.0251e-05 0.00183771 0.000558183 -0.000826537 9.16249e-05 0.00166883 5.79886e-05 0.000241924 0.000199577 0.00027562 -0.00230301 0.000193355 0.000323904 0.0028412 0.000374718 0.000866953 -0.000547364 -0.00196634 0.00129508 0.00101096 0.00218413 0.00421837 0.000333545 0.00205886
internal_weight=15215 184 112 15031 5637 417 210 207 132 166 5220 109 5111 3070 3018 2929 89 2838 2496 91 2454 865 201 117 664 601 220 107 381 107
internal_count=15215 184 112 15031 5637 417 210 207 132 166 5220 109 5111 3070 3018 2929 89 2838 2496 91 2454 865 201 117 664 601 220 107 381 107
is_linear=0
shrinkage=0.03


Tree=120
num_leaves=31
num_cat=0
split_feature=28 29 62 22 56 54 42 47 66 52 9 37 30 36 29 29 6 15 51 29 38 39 47 60 29 33 29 33 10 31
split_gain=0.377022 0.395334 0.373867 0.397288 0.698538 0.77528 0.502626 0.444655 0.343443 0.707583 0.663123 0.653077 0.954938 0.527055 0.754403 0.51651 0.732666 0.608657 0.583379 0.511544 0.500741 0.695953 0.457031 0.510999 0.293294 0.575094 0.298642 0.338555 0.733336 0.51805
threshold=11.500000000000002 12.900000095367433 32.916666666666679 76.500000000000014 3.9000000000000004 2.1000000000000005 0.5275787115097047 3.1483516693115239 65.500000000000014 0.83974358439445507 0.49785091157117417 0.68853041529655468 14.812500000000002 0.42943949997425085 14.900000095367433 13.09999990463257 0.52500000000000013 -0.027662963919745095 0.80749055743217479 14.900000095367433 0.61286866664886486 0.56727895140647899 2.0333333015441899 4.8333333333333348 11.449999809265138 11.809091091156008 10.900000095367433 10.369318008422853 0.61577311577311589 10.840735912323
decision_type=8 10 2 2 10 10 10 10 8 10 8 10 10 8 10 10 8 10 8 10 10 8 10 10 10 8 10 10 10 10
left_child=1 24 3 8 6 7 -5 -6 9 10 -2 12 13 -10 15 16 -15 -17 -18 -11 21 -14 23 -12 26 -26 27 29 -29 -1
right_child=2 -3 -4 4 5 -7 -8 -9 11 19 22 -13 20 14 -16 17 18 -19 -20 -21 -22 -23 -24 -25 25 -27 -28 28 -30 -31
leaf_value=-4.4137333193032804e-05 -0.00098798496385469389 -0.0026082568817461529 -0.0014816986328763206 0.0061766569942322573 -0.0024096886741358839 0.0035932327527552843 0.0015341007336974143 0.0014992400804307137 0.0029144051236160576 0.001572004855344338 0.0042798362337828928 0.0025929834792850076 -0.0032262489844310598 -0.002293547480194657 0.0031523544978546468 0.00017392568138893693 0.0038584195197943383 -0.0048367721775139216 9.6036784679574125e-05 -0.0028248540637168013 -0.0049584578346718658 0.0016596169486133891 0.0052253714791531186 3.3442470196046325e-06 0.0042508616915022546 -0.00041111998319287194 -0.0022745900730498964 3.1234971106503953e-05 0.0048024300204181089 -0.003421471337219927
leaf_weight=13491 46 54 82 43 67 51 41 43 62 42 45 77 65 81 57 40 51 48 136 55 47 44 58 57 42 55 54 99 41 41
leaf_count=13491 46 54 82 43 67 51 41 43 62 42 45 77 65 81 57 40 51 48 136 55 47 44 58 57 42 55 54 99 41 41
internal_value=2.56844e-12 -4.63713e-05 0.000480938 0.000609071 0.00169293 0.000535857 0.00391065 -0.000881653 0.000346416 0.00119163 0.00218644 -1.53086e-05 -0.000333595 0.000335226 -5.19631e-05 -0.000565014 8.97875e-05 -0.00255918 0.00112214 -0.000921059 -0.00237007 -0.00125397 0.00309909 0.00189003 -3.63632e-05 0.00160747 -4.798e-05 -3.91856e-05 0.00142851 -5.43702e-05
internal_weight=15215 13877 1338 1256 245 161 84 110 1011 303 206 708 631 475 413 356 268 88 187 97 156 109 160 102 13823 97 13726 13672 140 13532
internal_count=15215 13877 1338 1256 245 161 84 110 1011 303 206 708 631 475 413 356 268 88 187 97 156 109 160 102 13823 97 13726 13672 140 13532
is_linear=0
shrinkage=0.03


Tree=121
num_leaves=31
num_cat=0
split_feature=34 54 52 34 61 59 27 34 56 74 53 74 30 66 40 36 35 8 75 63 53 47 22 53 17 63 73 15 58 45
split_gain=0.364171 0.484834 0.446187 0.426207 0.836226 0.751324 0.512598 0.438438 0.732467 0.456596 0.505167 0.836904 0.418648 1.02317 0.57947 0.803664 0.643948 0.492511 0.454734 0.458158 0.414576 0.74237 0.517089 0.58128 0.638398 0.561046 0.511264 0.508131 0.386181 0.360185
threshold=11.155828952789308 2.9000000000000004 1.6125000119209292 12.189169883728029 0.69861111111111129 0.83333333333333337 10.500000000000002 12.639373779296877 3.9000000000000004 1925.7000000000003 2.1666666666666674 505.30000000000007 12.562500000000002 42.500000000000007 0.38271743059158331 0.5719754993915559 0.51564025878906261 0.59900000000000009 1.0000000180025095e-35 0.0084891567592084733 1.5833333333333337 4.4476189613342294 28.500000000000004 0.83333333333333337 36.500000000000007 0.054592173094395825 839.10000000000002 -0.0050252353418506748 0.43601993335107436 2.6333333253860478
decision_type=8 10 10 8 10 10 10 8 10 2 8 2 10 10 10 10 10 10 2 2 10 8 2 10 2 2 2 10 2 10
left_child=2 3 12 4 5 -2 -7 8 -5 10 20 29 14 -14 16 18 -1 -15 19 -16 22 28 25 27 -25 26 -9 -24 -22 -12
right_child=1 -3 -4 7 -6 6 -8 9 -10 -11 11 -13 13 17 15 -17 -18 -19 -20 -21 21 -23 23 24 -26 -27 -28 -29 -30 -31
leaf_value=-4.925104995821513e-05 0.0036859766166890042 -0.002298773670465582 0.0031193610043264925 0.001593436579718146 0.0045663983283071394 -0.0032206290788219672 0.00098865552456118156 -0.00050008665711026297 -0.0034383512038568204 0.0033182713227784808 0.001546254413187853 -0.0013272363847742477 -0.0036121202023584663 0.002951043434837397 0.00029502989291394291 -0.0019143835528982135 -0.0036844838304783811 -0.0013693302299361675 0.0049329864889891308 0.0036472518918545622 -0.0004074078577104956 0.0016223433059885312 -0.0017700591325759886 0.0046920166467981674 0.00061067508396637788 0.0023792546024409733 -0.0043909397747899804 0.0016670973935688381 -0.0038445695471263641 0.0047416555931392521
leaf_weight=13398 48 54 40 43 68 46 60 110 66 51 64 54 97 47 103 53 44 48 44 57 48 57 75 70 68 41 42 80 76 63
leaf_count=13398 48 54 40 43 68 46 60 110 66 51 64 54 97 47 103 53 44 48 44 57 48 57 75 70 68 41 42 80 76 63
internal_value=1.88717e-12 0.000483444 -4.45583e-05 0.00060559 0.00179555 0.00057206 -0.000838015 0.000343516 -0.00145333 0.000561376 0.000395572 0.00180118 -5.36691e-05 -0.00144481 -3.41713e-05 0.00137693 -6.11503e-05 0.000768118 0.00223202 0.00148926 1.41403e-05 -0.00121143 0.000470578 0.00126478 0.00268092 -0.000735127 -0.00157519 3.95714e-06 -0.00251406 0.00313137
internal_weight=15215 1284 13931 1230 222 154 106 1008 109 899 848 181 13891 192 13699 257 13442 95 204 160 667 181 486 293 138 193 152 155 124 127
internal_count=15215 1284 13931 1230 222 154 106 1008 109 899 848 181 13891 192 13699 257 13442 95 204 160 667 181 486 293 138 193 152 155 124 127
is_linear=0
shrinkage=0.03


Tree=122
num_leaves=31
num_cat=0
split_feature=34 56 45 42 9 14 54 10 56 15 15 61 38 47 45 30 45 52 58 39 12 62 62 34 33 58 66 46 57 63
split_gain=0.345663 0.490987 0.387016 0.263203 0.310142 0.577053 0.498769 0.326782 0.267402 0.267392 0.41479 0.472208 0.717409 0.51582 0.587017 0.949667 0.518932 0.824461 0.707454 0.79071 0.691927 0.659701 0.776134 0.711428 0.578548 0.551812 0.515437 0.494958 0.425153 0.660516
threshold=16.804761886596683 4.1000000000000005 2.7083333730697636 0.019748071208596233 0.085177404331080578 0.02 1.4500000000000002 0.12922201138519926 4.1000000000000005 0.0043384152079804237 -0.013519927141189587 0.74523809523809537 0.095873873680830016 0.71457257866859447 3.3666666746139531 15.062500000000002 2.5499999523162846 0.57738095521926891 0.38163817850490594 0.31093423068523413 0.52013758376798513 25.916666666666671 27.250000000000004 9.9798698425292987 12.031250000000002 0.52178272163566286 78.500000000000014 0.80767914652824413 25.166666666666668 -0.037566908344059589
decision_type=10 8 10 10 8 8 8 10 8 10 10 10 10 8 10 10 8 8 2 10 10 2 2 10 8 2 8 10 2 2
left_child=3 -2 -3 -1 5 8 -7 -6 -5 10 11 13 -13 27 16 -16 17 18 20 25 -15 -19 -23 -24 -21 -20 -18 28 29 -9
right_child=1 2 -4 4 7 6 -8 9 -10 -11 -12 12 -14 14 15 -17 26 21 19 24 -22 22 23 -25 -26 -27 -28 -29 -30 -31
leaf_value=-0.00011306666170627795 -0.00064041600523826966 0.0048555943081382566 0.0011948160627778149 0.0014258937103052932 -0.0005521897968222819 0.0055423830190628031 0.0010580053252681177 -0.00018185856113691004 -0.0010655999263482435 0.00039995747803264487 -0.0009990037537108247 0.0014431432311633422 -0.00159801239468756 0.0017470834669886064 -0.0045862619665761788 0.0012214514740004107 0.00074977245483109174 -0.0025269743840077093 -0.0010611066152491878 0.0052196222332377843 0.0068242000493919479 0.0041013621266133022 0.0011381203079547145 -0.0036214331568529207 0.00048562026266673849 0.0028525886366643554 0.0042823643927893985 -0.0030892242863774298 -0.00073076524334946566 0.0029488296903048953
leaf_weight=9394 72 41 71 72 615 41 49 186 84 2464 351 93 280 61 45 58 68 98 155 52 40 42 76 45 42 41 82 52 355 90
leaf_count=9394 72 41 71 72 615 41 49 186 84 2464 351 93 280 61 45 58 68 98 155 52 40 42 76 45 42 41 82 52 355 90
internal_value=1.70589e-12 0.0012924 0.00253492 -1.58207e-05 0.000146239 0.00118794 0.00310089 9.87039e-05 8.43202e-05 0.000182519 -4.92152e-05 0.000120788 -0.000839762 0.000346408 0.00081612 -0.0013159 0.00108993 0.000723907 0.0015955 0.000842417 0.00375782 -0.000581815 0.000587668 -0.000631962 0.00310443 -0.000242425 0.00268092 -0.000275977 -4.41405e-05 0.000839018
internal_weight=15215 184 112 15031 5637 246 90 5391 156 4776 2312 1961 373 1588 905 103 802 652 391 290 101 261 163 121 94 196 150 683 631 276
internal_count=15215 184 112 15031 5637 246 90 5391 156 4776 2312 1961 373 1588 905 103 802 652 391 290 101 261 163 121 94 196 150 683 631 276
is_linear=0
shrinkage=0.03


Tree=123
num_leaves=31
num_cat=0
split_feature=34 54 52 34 61 59 27 34 56 74 15 53 74 52 66 49 53 12 62 30 66 40 36 35 75 74 47 8 63 45
split_gain=0.328712 0.44929 0.416154 0.401802 0.793683 0.704208 0.48302 0.409349 0.684139 0.424557 0.4879 0.520407 0.762477 0.518995 0.689485 0.643277 0.67636 0.615533 0.587523 0.400331 0.960984 0.531978 0.755619 0.609625 0.504899 0.59792 0.554388 0.462396 0.351731 0.34906
threshold=11.155828952789308 2.9000000000000004 1.6125000119209292 12.189169883728029 0.69861111111111129 0.83333333333333337 10.500000000000002 12.639373779296877 3.9000000000000004 1925.7000000000003 0.19045211613462376 2.1666666666666674 522.05000000000007 0.55050507187843334 63.500000000000007 0.58333334326744091 1.5833333333333337 0.5628213379935314 28.416666666666671 12.562500000000002 42.500000000000007 0.38271743059158331 0.58673414587974559 0.51564025878906261 1.0000000180025095e-35 172.25000000000003 1.3452380895614626 0.59900000000000009 -0.023889042109936861 2.6333333253860478
decision_type=8 10 10 8 10 8 10 8 10 2 10 8 2 10 8 10 10 10 2 10 10 10 10 10 2 2 10 10 2 10
left_child=2 3 19 4 5 -2 -7 8 -5 10 11 13 29 14 -9 -15 -17 -16 -18 21 -21 23 24 -1 25 -23 -27 -22 -28 -13
right_child=1 -3 -4 7 -6 6 -8 9 -10 -11 -12 12 -14 15 17 16 18 -19 -20 20 27 22 -24 -25 -26 26 28 -29 -30 -31
leaf_value=-4.6337848139830449e-05 0.0036012540293976348 -0.0022189857143287855 0.0030132473454577845 0.0015307531627111657 0.0044317224656012563 -0.0031253285322378837 0.00094614945741400844 0.0039532006468813302 -0.0033322038725865158 0.0031913499136948407 -0.0023075908608734606 0.0017852681131334976 -0.0010131312983439249 -0.0033027438957021751 -0.00035021174026571788 0.0014140168095456204 0.00062233088091015812 0.0034880493038698382 -0.0038152542983278114 -0.0035119166684615395 0.0028482624266217365 -0.0015359466654626885 -0.0023089592293078121 -0.0035833643842488527 0.0048730779370913897 0.005257652939819708 -0.0010218251310288905 -0.001337942309328355 0.0029566057585179804 0.0050635876506567
leaf_weight=13398 47 54 40 43 68 46 61 59 66 51 57 60 51 67 206 137 50 46 58 97 47 48 43 44 45 41 40 48 40 57
leaf_count=13398 47 54 40 43 68 46 61 59 66 51 57 60 51 67 206 137 50 46 58 97 47 48 43 44 45 41 40 48 40 57
internal_value=-3.63684e-12 0.000459306 -4.23335e-05 0.000576889 0.00173228 0.000540318 -0.000804206 0.000322428 -0.00141379 0.000532937 0.000373057 0.000566226 0.00204804 0.000166635 0.00103391 -0.000697858 1.44984e-05 0.000350423 -0.00176082 -5.11323e-05 -0.0014115 -3.20658e-05 0.00131997 -5.79157e-05 0.00204915 0.00129722 0.00242112 0.000733127 0.00096739 0.0033824
internal_weight=15215 1284 13931 1230 222 154 107 1008 109 899 848 791 168 623 311 312 245 252 108 13891 192 13699 257 13442 214 169 121 95 80 117
internal_count=15215 1284 13931 1230 222 154 107 1008 109 899 848 791 168 623 311 312 245 252 108 13891 192 13699 257 13442 214 169 121 95 80 117
is_linear=0
shrinkage=0.03


Tree=124
num_leaves=31
num_cat=0
split_feature=34 56 45 42 9 35 40 33 17 7 35 50 9 21 14 15 40 11 17 28 44 44 27 34 50 30 33 46 61 73
split_gain=0.317984 0.454823 0.368772 0.242869 0.294776 0.568692 0.806164 0.44577 0.300896 0.793337 0.630263 0.440777 0.289473 0.328473 0.283468 0.561494 0.562258 0.532141 0.37357 0.395576 0.286055 0.485038 0.731559 0.588615 0.392014 0.301884 0.741546 0.412735 0.82571 0.66339
threshold=16.804761886596683 4.1000000000000005 2.7083333730697636 0.019748071208596233 0.095333451878948025 0.035098522901535041 0.045997742563486106 1.7207792401313784 84.500000000000014 0.94833333333333336 0.17445652186870578 0.37819932401180273 0.16883279148492852 0.72500000000000009 0.28500000000000009 0.4291290358312318 0.14287818968296054 0.48528754366534343 24.500000000000004 6.8333332538604745 5.5000000000000009 4.1666667461395273 17.500000000000004 16.332051277160648 1.5500000119209292 17.687500000000004 16.585714340209964 2.4628357887268071 0.65912698412698423 241.85000000000002
decision_type=10 8 10 10 8 10 10 10 2 10 10 10 10 2 10 8 10 10 2 10 10 10 10 10 10 10 10 8 8 2
left_child=3 -2 -3 -1 5 -5 -7 -8 12 11 -11 -10 -6 14 20 17 -17 18 19 -16 21 23 -23 24 25 26 27 -14 -29 -30
right_child=1 2 -4 4 8 6 7 -9 9 10 -12 -13 13 -15 15 16 -18 -19 -20 -21 -22 22 -24 -25 -26 -27 -28 28 29 -31
leaf_value=-0.00010858811149214035 -0.00062069514785738041 0.0047007788399734147 0.0011273246203404917 -9.8530999743021448e-05 -0.00065569544411417033 0.0059023191636904723 -0.0011072687325166895 0.003145757016858884 0.004244931889600896 0.00091069553467169613 -0.0037978244209662076 0.00086401585843970071 8.0956603290274591e-05 0.0024172609194435856 0.0003385572305952127 0.0011030039932502776 -0.0036905331825837491 0.0040026087958518579 -0.0013959440181497483 0.0041016126687570317 -0.0022820281563326718 -0.00050418819209366089 0.0044131192744160733 -0.0032739012517101532 0.002850273050452498 -0.0024970710242903506 0.0035890708932688887 -0.0022970536565027977 0.0026905097472607283 -0.0011735449914403002
leaf_weight=9394 72 41 71 169 488 43 47 42 72 71 40 67 3531 55 65 49 40 67 48 41 48 53 56 49 44 43 52 196 74 87
leaf_count=9394 72 41 71 169 488 43 47 42 72 71 40 67 3531 55 65 49 40 67 48 41 48 53 56 49 44 43 52 196 74 87
internal_value=-1.43559e-12 0.00123958 0.00243546 -1.51741e-05 0.000140499 0.00105391 0.00252939 0.000899777 8.89743e-05 0.00110508 -0.000786068 0.00261528 3.90279e-05 0.000112761 8.48616e-05 0.000960541 -0.00105139 0.00177078 0.000799786 0.00179408 2.0732e-05 4.71435e-05 0.00202213 -5.67148e-06 3.40959e-05 2.98574e-06 3.02706e-05 -1.73265e-05 -0.000989421 0.00060248
internal_weight=15215 184 112 15031 5637 301 132 89 5336 250 111 139 5086 4598 4543 310 89 221 154 106 4233 4185 109 4076 4027 3983 3940 3888 357 161
internal_count=15215 184 112 15031 5637 301 132 89 5336 250 111 139 5086 4598 4543 310 89 221 154 106 4233 4185 109 4076 4027 3983 3940 3888 357 161
is_linear=0
shrinkage=0.03


Tree=125
num_leaves=31
num_cat=0
split_feature=34 26 10 22 41 37 31 9 37 28 44 50 56 44 49 22 54 28 63 9 61 63 31 51 60 42 22 62 7 73
split_gain=0.307755 0.395788 0.623934 0.876376 0.445829 0.724634 0.309029 0.295638 0.362315 0.248679 0.36116 0.286481 0.403225 0.344808 0.467118 0.293397 0.58521 0.357916 0.353613 0.314813 1.02771 0.84528 0.727101 1.03385 1.19543 0.926253 0.623258 0.516672 0.491541 0.433915
threshold=2.5517857074737553 114.50000000000001 0.81678403755868556 120.50000000000001 0.096302349120378508 0.2264988794922829 2.5153640508651738 0.99502560364180415 0.064387973397970213 22.833333015441898 5.5000000000000009 1.5500000119209292 6.7000000000000002 4.1666667461395273 1.1666666865348818 95.500000000000014 1.2250000000000003 19.166666984558109 -0.026709970531808177 0.7309074275495856 0.5448412698412699 -0.12858060358988566 11.14205312728882 0.63084894418716442 5.166666666666667 0.14629815518856051 77.500000000000014 24.416666666666671 0.74833333333333341 1102.0000000000002
decision_type=8 2 10 2 10 10 10 10 10 10 10 10 10 10 10 2 10 10 2 10 10 2 10 10 8 8 2 2 10 2
left_child=6 9 3 -3 -5 -6 7 -1 -9 10 11 13 -13 15 -15 17 18 19 -17 28 22 -22 23 24 27 -26 29 -21 -2 -23
right_child=1 2 -4 4 5 -7 -8 8 -10 -11 -12 12 -14 14 -16 16 -18 -19 -20 20 21 26 -24 -25 25 -27 -28 -29 -30 -31
leaf_value=-7.9746694377067311e-05 5.9913587592543585e-05 0.0053423130831548142 -0.0017186038220922152 -0.001787447428330779 0.0049655679082497954 -0.00067642799778176201 -0.0011939993371243168 -0.00017131240530447527 0.0037736956570297475 0.0024121117216350813 -0.0025542265847325325 0.0033749586054533398 -0.00030131309417774898 0.0043055058645493369 -9.825014480156824e-05 0.0025353085417754765 -0.0030830547909022538 -0.002005316571116314 -0.001240555788865503 0.0030888969694142757 0.0031352897985808311 0.00025073968361244897 0.0052667154419674157 -0.0026875264395741704 0.0019721301412209871 0.0079981832396747027 -0.0032029146448309931 -0.00077149881194009601 -0.0032084388791450433 -0.002688434230736815
leaf_weight=10293 2967 56 45 40 40 42 223 44 40 43 45 58 50 41 46 41 77 70 49 46 62 346 51 47 48 44 70 97 42 52
leaf_count=10293 2967 56 45 40 40 42 223 44 40 43 45 58 50 41 46 41 77 70 49 46 62 346 51 47 48 44 70 97 42 52
internal_value=-4.27227e-12 0.000204482 0.00143743 0.00223531 0.000809138 0.00207577 -8.90268e-05 -6.52812e-05 0.00170726 0.00014188 0.000119434 0.000147388 0.00167298 0.000108121 0.00197708 6.85491e-05 -0.00116308 0.000120726 0.00047956 0.000159162 0.000664271 -0.000156337 0.00197035 0.00137419 0.00218654 0.00485416 -0.000592407 0.000470307 1.42935e-05 -0.000133273
internal_weight=15215 4615 223 178 122 82 10600 10377 84 4392 4349 4304 108 4196 87 4109 167 3942 90 3872 863 530 333 282 235 92 468 143 3009 398
internal_count=15215 4615 223 178 122 82 10600 10377 84 4392 4349 4304 108 4196 87 4109 167 3942 90 3872 863 530 333 282 235 92 468 143 3009 398
is_linear=0
shrinkage=0.03


Tree=126
num_leaves=31
num_cat=0
split_feature=45 9 15 14 61 33 56 36 35 15 31 32 28 44 37 37 33 30 73 15 33 33 50 60 35 48 51 54 29 55
split_gain=0.295629 0.397736 0.300131 0.582714 0.592308 0.414408 0.348455 0.254411 0.616085 0.386258 0.242618 0.231484 0.223296 0.450857 0.256059 0.36817 0.480006 0.994278 0.401175 0.352583 0.296794 0.559719 0.535984 0.615528 0.354147 0.76516 0.751889 0.608923 0.463006 0.497397
threshold=0.22500000149011615 0.07338710161570107 0.4291290358312318 0.32500000000000012 0.52976190476190488 8.5166668891906756 4.7000000000000002 0.18199048191308978 0.21132376790046695 0.041256962555136951 3.5806820392608647 3.2656452655792241 22.833333015441898 5.5000000000000009 0.7267574965953828 0.65815097093582164 16.585714340209964 17.687500000000004 178.30000000000004 0.024324324324324315 14.763888835906984 14.17424249649048 1.1000000238418581 5.5000000000000009 0.58898946642875682 1.5000000000000002 0.59138077497482311 0.90000000000000013 14.900000095367433 8.1666666666666696
decision_type=10 8 8 10 8 8 8 10 10 8 10 10 10 10 10 10 10 10 2 10 10 10 10 10 10 10 10 8 10 10
left_child=7 -2 3 12 -5 -6 -4 8 10 -9 11 -1 13 14 15 16 20 19 -17 -18 21 24 23 -22 28 26 27 -26 29 -3
right_child=1 2 6 4 5 -7 -8 9 -10 -11 -12 -13 -14 -15 -16 18 17 -19 -20 -21 22 -23 -24 -25 25 -27 -28 -29 -30 -31
leaf_value=-7.7773000377557065e-05 0.0029247956891776993 0.00026425139643190349 0.00046862406126008582 0.005092237589361016 0.0027985869309063564 -0.0014438009052537381 -0.002488549900765065 -0.0027122097201758948 0.003223741755766027 0.00019963383526972879 -0.0015163772372262818 0.0017909506130963564 0.0023654046996564762 -0.0028457728996872903 0.0021527757726164114 4.5667061965693442e-05 0.0057990306319764132 -0.0012425042526288466 -0.0039400369742112916 0.0019562071904407016 -0.0040739183974287966 0.0028177582795246387 0.0014200113582832272 0.0006160771956201643 0.00070172591458844095 -0.0048233714117668566 0.0027523913558644168 -0.0041535748967385672 0.0026865356051447718 -0.0010642669975117732
leaf_weight=10487 48 2894 65 43 43 40 80 82 51 82 105 60 41 45 58 51 44 55 41 42 68 71 50 40 46 40 52 47 66 278
leaf_count=10487 48 2894 65 43 43 40 80 82 51 82 105 60 41 45 58 51 44 55 41 42 68 71 50 40 46 40 52 47 66 278
internal_value=-2.39066e-12 0.000209059 0.000178744 0.000225565 0.00223455 0.000754063 -0.00116292 -8.36467e-05 -6.56785e-05 -0.00125629 -8.14277e-05 -6.71422e-05 0.000162737 0.000140092 0.000174168 0.000144629 0.000190113 0.00190766 -0.00173057 0.0039223 0.0001238 0.000181311 -0.00114799 -0.00233688 0.000126626 -0.00115 -0.00013665 -0.00175203 0.000199564 0.000147818
internal_weight=15215 4348 4300 4155 126 83 145 10867 10703 164 10652 10547 4029 3988 3943 3885 3793 141 92 86 3652 3494 158 108 3423 185 145 93 3238 3172
internal_count=15215 4348 4300 4155 126 83 145 10867 10703 164 10652 10547 4029 3988 3943 3885 3793 141 92 86 3652 3494 158 108 3423 185 145 93 3238 3172
is_linear=0
shrinkage=0.03


Tree=127
num_leaves=31
num_cat=0
split_feature=34 61 61 14 35 27 33 50 61 35 27 27 38 45 58 52 45 42 47 47 40 52 33 33 46 46 46 46 1 30
split_gain=0.286049 0.441297 0.571242 0.514277 0.22381 0.253104 0.283054 0.792791 0.517965 0.357918 0.436829 0.429218 0.517716 0.348913 1.17828 0.703641 0.449846 0.898952 0.550863 0.705029 0.449466 0.256403 0.345298 0.749837 0.254904 0.365158 0.691171 1.02523 1.18636 0.709706
threshold=16.804761886596683 0.60833333333333339 0.48611111111111122 0.030000000000000023 0.81365740299224865 24.500000000000004 16.585714340209964 0.63333335518836986 0.56984126984126993 0.70659971237182628 16.500000000000004 17.500000000000004 0.49299123883247381 3.1000000238418584 0.45328833044350286 0.96875000000000011 2.5499999523162846 0.4865070134401322 2.9258241653442387 2.5505050420761113 0.48961943387985235 1.0954545736312868 14.881944656372072 13.607692718505861 2.4628357887268071 1.6812400817871096 1.4408228993415835 1.2999671697616579 1.5000000000000002 12.937500000000002
decision_type=10 8 10 10 10 10 10 10 10 10 10 10 8 10 2 10 10 10 10 8 8 10 10 10 10 10 10 10 10 10
left_child=4 2 -2 -3 5 6 9 -8 -9 11 -11 13 -13 16 20 -16 21 18 19 -18 -15 22 23 24 25 26 27 29 -29 -1
right_child=1 3 -4 -5 -6 -7 7 8 -10 10 -12 12 -14 14 15 -17 17 -19 -20 -21 -22 -23 -24 -25 -26 -27 -28 28 -30 -31
leaf_value=-4.052801996660926e-05 0.0025325137129984794 0.0048548648864318164 -0.0021442948850361921 0.00022678978973999619 0.002009809850430002 -0.002173602764817829 0.0045102151031506822 0.002288807911235233 -0.002056134102930283 0.00027197319234526429 -0.0039122510808420946 -0.00011053734333128543 0.0035155710215194094 0.00333931294668998 -0.006496364777399735 -0.0011311689734760544 0.0018424583054211449 -0.0021318967004909234 -0.0001595736322376658 0.006797786188311874 -0.00095315933951338667 -0.0021804219245910644 -0.0027774309675867963 0.0036107439156073855 -0.0021300333963993646 0.00095431651250517814 -0.0018512802470904137 0.00016421567975602886 0.0053661969581255964 -0.0038144345035155611
leaf_weight=13238 40 47 57 40 49 49 47 43 58 43 47 74 68 42 44 44 73 51 51 40 46 50 41 51 52 334 189 94 68 45
leaf_count=13238 40 47 57 40 49 49 47 43 58 43 47 74 68 42 44 44 73 51 51 40 46 50 41 51 52 334 189 94 68 45
internal_value=-4.54777e-12 0.00117568 -0.000215714 0.00272701 -1.4392e-05 -2.10123e-05 -1.3949e-05 0.00129151 -0.000206307 -2.70168e-05 -0.00191312 -1.54653e-05 0.00162591 -3.14809e-05 -0.00135912 -0.00381377 -1.52282e-05 0.00134673 0.00242849 0.00359656 0.00109552 -3.59046e-05 -2.83064e-05 -2.02961e-05 -3.35046e-05 -2.56996e-05 -4.97076e-05 -2.43824e-05 0.00234776 -5.33132e-05
internal_weight=15215 184 97 87 15031 14982 14933 148 101 14785 90 14695 142 14553 176 88 14377 215 164 113 88 14162 14112 14071 14020 13968 13634 13445 162 13283
internal_count=15215 184 97 87 15031 14982 14933 148 101 14785 90 14695 142 14553 176 88 14377 215 164 113 88 14162 14112 14071 14020 13968 13634 13445 162 13283
is_linear=0
shrinkage=0.03


Tree=128
num_leaves=31
num_cat=0
split_feature=34 40 33 26 73 64 10 66 58 7 62 12 48 58 66 56 8 28 9 71 34 11 61 55 8 54 63 75 58 45
split_gain=0.273178 0.349354 0.323037 0.292744 0.598174 0.387293 0.238595 0.546652 0.616494 0.499031 0.508766 0.438468 0.414827 0.758254 0.67398 0.472999 0.399415 0.420052 0.615821 0.562574 0.465499 0.52004 0.678723 0.535148 0.587375 0.564171 0.676563 0.37776 0.475146 0.671655
threshold=3.0712472200393681 0.15884141623973849 8.0454545021057147 114.50000000000001 423.60000000000008 1.0000000180025095e-35 0.46791352093342492 68.500000000000014 0.36901082751108111 0.61416666666666686 27.083333333333339 0.79548324955172822 1.5000000000000002 0.41179883737928785 31.500000000000004 5.6333333333333337 0.44700000000000006 11.166666507720949 0.57407533934132893 9.5000000000000018 9.4802594184875506 0.7749680595872398 0.60833333333333339 4.5833333333333348 0.98100000000000021 2.1000000000000005 0.023267713741464722 1.5000000000000002 0.40140655025565525 1.7083333134651186
decision_type=8 10 8 2 2 2 8 10 2 8 2 8 10 2 10 10 8 8 8 2 10 8 10 10 10 10 2 2 2 10
left_child=1 -1 -3 6 5 -5 -2 12 -9 -10 -11 -12 16 -14 15 -15 -8 18 -18 27 21 22 -20 -23 -25 26 -26 28 29 -19
right_child=3 2 -4 4 -6 -7 7 8 9 10 11 -13 13 14 -16 -17 17 19 20 -21 -22 23 -24 24 25 -27 -28 -29 -30 -31
leaf_value=-5.9435658074370058e-05 -5.7440498869612678e-05 -0.0026993229664688885 0.00039364079053097581 0.0017738995630422541 0.0040353115068541634 -0.0019121828075984249 0.0023839448967815512 0.0045375898509071423 0.0032278492119019991 -0.0018070181474710504 0.0029419086225654766 -0.00072644529316355196 -0.0037428583378115526 -0.00083794209756888444 -0.0022153895437162755 0.003402591603968678 -0.003067360970089794 -0.00056325489951466968 0.0042203789825240772 0.0033807681934179168 -0.0022131752968472364 -0.0013512448293937218 -0.00038630533049691394 -0.00098517542143109382 0.0060915601501862204 -0.00068191230829272947 0.00072929186420515174 0.0026641300125491048 -0.00049183693863451478 0.0036128215507081111
leaf_weight=10916 2156 86 47 58 54 46 84 52 65 72 69 51 65 40 68 58 64 66 63 69 73 185 53 92 45 42 40 63 300 73
leaf_count=10916 2156 86 47 58 54 46 84 52 65 72 69 51 65 40 68 58 64 66 63 69 73 185 53 92 45 42 40 63 300 73
internal_value=1.96673e-12 -7.8056e-05 -0.00160632 0.000207019 0.00147362 0.000143517 0.000157088 0.00040683 0.00155858 0.000955828 0.000186655 0.00138286 0.000176181 -0.000996102 7.94346e-05 0.00167176 0.000382581 0.00024568 -0.00027158 0.000840846 3.01569e-05 0.000345086 0.0021156 -0.000163279 0.000840253 0.00216261 0.00356814 0.000491734 0.000179977 0.00162994
internal_weight=15215 11049 133 4166 158 104 4008 1852 309 257 192 120 1543 231 166 98 1312 1228 657 571 593 520 116 404 219 127 85 502 439 139
internal_count=15215 11049 133 4166 158 104 4008 1852 309 257 192 120 1543 231 166 98 1312 1228 657 571 593 520 116 404 219 127 85 502 439 139
is_linear=0
shrinkage=0.03


Tree=129
num_leaves=31
num_cat=0
split_feature=34 54 46 35 37 61 37 30 33 41 7 30 54 38 58 41 41 55 40 48 67 54 46 33 45 45 67 1 42 38
split_gain=0.262106 0.418865 0.668491 0.206382 0.247326 0.751232 0.386839 0.305858 0.855232 0.284988 0.57815 0.49157 0.432191 0.278534 0.774796 0.445495 0.411345 0.855417 0.664313 1.05196 0.961098 0.92451 0.382036 0.510394 0.549587 1.00385 0.598388 0.384572 0.296901 0.450262
threshold=16.804761886596683 1.1000000000000003 2.5867437124252324 0.81365740299224865 0.65815097093582164 0.57182539682539701 0.63200917840003978 17.687500000000004 16.585714340209964 0.5509513020515443 0.68166666666666675 16.062500000000004 1.1000000000000003 0.52532204985618602 0.37590773561585195 0.50708290934562694 0.4615876972675324 5.5833333333333348 0.42109999060630804 1.5000000000000002 8.5000000000000018 1.5500000000000003 2.9959117174148564 12.741666793823244 2.3666666746139531 2.1000000238418584 8.5000000000000018 1.5000000000000002 0.3978197723627091 0.34767113626003271
decision_type=10 8 10 10 10 8 10 10 10 10 10 10 10 10 2 10 10 10 10 10 8 8 10 10 10 10 8 8 10 10
left_child=3 -2 -3 4 6 -6 7 8 9 11 12 13 -11 15 -15 16 18 -18 22 20 -20 -22 23 24 25 28 -26 -28 29 -1
right_child=1 2 -4 -5 5 -7 -8 -9 -10 10 -12 -13 -14 14 -16 -17 17 -19 19 -21 21 -23 -24 -25 26 -27 27 -29 -30 -31
leaf_value=-3.5281625028795007e-05 -0.0010386092984117567 0.0046931748912454798 0.00027883779557764921 0.0019300147891044615 0.0013079633166392644 -0.0039860656869579814 0.0028647751840097562 -0.002544917422671651 0.0031019707158490826 -0.0047819042620856475 0.0011705468694812485 0.0033071764167398213 -0.0008880216236515292 0.0019333793475962012 -0.0031910414050356777 0.0024113186889478718 -0.0036776109939054042 0.0015288016249736149 -0.00080399041021009905 -0.0020714079324776927 0.0062659337469754186 0.0010462423478468106 -0.0021839088538694634 0.0032033319068564608 0.0046554790234760099 -0.0038600897278276182 0.0023764130993830885 -0.0016369483347183891 -0.0015135789792292003 0.0020593524105366199
leaf_weight=13456 56 52 76 49 45 52 42 43 79 46 56 40 58 40 79 68 77 45 50 54 74 52 74 44 46 62 44 42 121 93
leaf_count=13456 56 52 76 49 45 52 42 43 79 46 56 40 58 40 79 68 77 45 50 54 74 52 74 44 46 62 44 42 121 93
internal_value=1.2926e-12 0.00112541 0.00207216 -1.37765e-05 -2.01339e-05 -0.00153007 -1.02941e-05 -1.84295e-05 -1.1089e-05 -2.77952e-05 -0.00128701 -1.39586e-05 -0.00261032 -2.31071e-05 -0.00146855 -1.11638e-05 -2.2656e-05 -0.00175721 -7.76601e-06 0.00159143 0.00271525 0.00411178 -3.40723e-05 -2.26337e-05 -3.28719e-05 -5.13908e-05 0.00189365 0.000416399 -3.41165e-05 -2.09041e-05
internal_weight=15215 184 128 15031 14982 97 14885 14843 14800 14721 160 14561 104 14521 119 14402 14334 122 14212 230 176 126 13982 13908 13864 13732 132 86 13670 13549
internal_count=15215 184 128 15031 14982 97 14885 14843 14800 14721 160 14561 104 14521 119 14402 14334 122 14212 230 176 126 13982 13908 13864 13732 132 86 13670 13549
is_linear=0
shrinkage=0.03


Tree=130
num_leaves=31
num_cat=0
split_feature=51 51 51 31 43 29 62 21 31 52 61 52 37 34 36 38 57 17 49 63 48 6 47 7 41 12 14 67 26 22
split_gain=0.254001 0.738522 0.404246 0.414903 0.811812 0.415047 0.383625 0.381756 0.351907 0.305353 0.638617 0.373261 0.371705 0.6124 0.510149 0.31385 0.281855 0.259492 0.584125 0.862628 0.614218 0.761082 0.584301 0.518043 0.420147 0.698165 0.418262 0.33942 0.27443 0.44661
threshold=0.14814826846122744 0.15549142658710483 0.13662759214639666 9.5494818687438983 1.0091742873191836 8.7750000953674334 28.916666666666671 0.48500000000000004 2.9168347120285039 0.16025641560554507 0.74801587301587313 0.19375000149011615 0.24119641631841662 10.784921646118166 0.16981337219476703 0.16588089615106585 17.500000000000004 10.500000000000002 0.32298186421394354 -0.023889042109936861 0.35277912020683294 0.44500000000000006 1.3452380895614626 0.62166666666666681 0.36480844020843511 0.52564081499370674 0.32500000000000012 2.5000000000000004 92.500000000000014 65.500000000000014
decision_type=10 10 10 10 8 10 2 2 10 8 10 8 10 10 10 10 2 2 10 2 10 10 10 8 10 10 10 8 2 2
left_child=2 -2 3 5 -5 -1 8 9 -4 10 12 15 14 -14 -3 -11 -13 18 -18 20 21 -20 -21 -22 -24 -26 27 -19 29 -29
right_child=1 7 6 4 -6 -7 -8 -9 -10 11 -12 16 13 -15 -16 -17 17 26 19 22 23 -23 24 -25 25 -27 -28 28 -30 -31
leaf_value=-5.1086266204257001e-05 0.0036258913346223142 -0.0013232033900876946 -0.0010286794834565825 0.003833746819061712 -0.00071907066893098616 -0.0025951068880486075 0.00052416626894629965 0.0025896883894014973 -0.0049837640267796817 0.00057517566438764324 0.0023630731239202706 0.0025785791932410275 -0.0050094258710025588 -0.00031030419049784543 0.0025153676304034886 0.0040191705604749059 -0.0023970367118420306 -0.0015662655475015719 0.00029969096164770274 0.00020983915680013065 0.0014093435165686012 0.0053204605896331244 -0.0036477591357029536 -0.0028085587830282747 0.0016649880409240723 -0.0036163520504061768 0.0028067233154581766 0.0002030391377255892 -0.00068767419234099024 0.0014851106727754655
leaf_weight=11800 57 141 41 71 70 58 43 58 40 55 51 43 52 48 40 42 107 89 49 211 76 61 85 40 50 41 59 1118 206 313
leaf_count=11800 57 141 41 71 70 58 43 58 40 55 51 43 52 48 40 42 107 89 49 211 76 61 85 40 50 41 59 1118 206 313
internal_value=-1.40407e-12 0.00024271 -6.19038e-05 -4.42931e-05 0.00157348 -6.35296e-05 -0.00176603 0.000179171 -0.00298181 0.000132208 -0.000725376 0.000239852 -0.00128591 -0.00275385 -0.0004749 0.00206639 0.000170317 0.000128978 -0.000351787 5.21405e-06 0.00147788 0.00308394 -0.000854792 -4.51056e-05 -0.00213114 -0.000714517 0.000322899 0.000237995 0.000336088 0.000483464
internal_weight=15215 3092 12123 11999 141 11858 124 3035 81 2977 332 2645 281 100 181 97 2548 2505 720 613 226 110 387 116 176 91 1785 1726 1637 1431
internal_count=15215 3092 12123 11999 141 11858 124 3035 81 2977 332 2645 281 100 181 97 2548 2505 720 613 226 110 387 116 176 91 1785 1726 1637 1431
is_linear=0
shrinkage=0.03


end of trees

feature_importances:
player_carries_career_prior=178
player_carries_roll8_mean=149
role_participation_change=148
role_role_history_games=145
player_red_zone_carries_season_to_date=127
player_carry_share_season_to_date=112
opponent_red_zone_td_rate_allowed_roll3_mean=112
player_red_zone_carries_ewm5=110
player_carry_share_lag1=107
role_snap_share_change=104
environment_temperature=101
player_goal_line_carries_ewm5=99
player_carries_season_to_date=98
player_carry_share_roll3_mean=97
player_carry_share_career_prior=92
player_goal_line_carries_season_to_date=91
role_games_with_current_team_before_game=82
player_carries_ewm3=80
matchup_expected_team_rush_attempts=80
role_prior_offense_snap_pct=77
role_snap_pct_roll3=77
role_prior_offense_participation=76
player_red_zone_carries_roll5_mean=75
player_carry_share_roll5_mean=71
matchup_rush_rate_vs_opponent=71
player_red_zone_carries_lag1=62
team_red_zone_rush_attempts_roll5_mean=61
player_carries_roll5_mean=58
player_carry_share_ewm3=56
role_teammate_unavailable_snap_share_position=54
player_carries_ewm5=53
environment_opponent_miles_traveled=53
opponent_red_zone_rush_attempts_allowed_roll3_mean=52
team_red_zone_rush_attempts_roll3_mean=51
team_rush_rate_roll3_mean=51
role_snap_pct_roll5=50
role_participation_roll3=50
player_carries_roll3_mean=50
environment_team_miles_traveled=49
team_goal_line_rush_attempts_roll5_mean=47
player_carry_share_roll8_mean=46
player_carry_share_ewm5=42
role_participation_roll5=41
player_goal_line_carries_roll5_mean=41
role_depth_rank_pregame=40
role_snap_pct_ewm5=39
environment_wind=38
player_carries_lag1=36
team_rush_attempts_roll3_mean=31
opponent_goal_line_rush_attempts_allowed_roll3_mean=31
history_history_games=27
player_goal_line_carries_lag1=27
team_goal_line_rush_attempts_roll3_mean=27
environment_team_rest_days=25
player_red_zone_carries_roll3_mean=23
environment_team_time_zones_crossed=20
player_goal_line_carries_roll3_mean=14
environment_divisional_game_flag=10
environment_opponent_time_zones_crossed=6
environment_opponent_rest_days=5
role_depth_rank_change=2
role_teammate_out_count_position=2
home_flag=1

parameters:
[boosting: gbdt]
[objective: regression]
[metric: rmse]
[tree_learner: serial]
[device_type: cpu]
[data_sample_strategy: bagging]
[data: ]
[valid: ]
[num_iterations: 131]
[learning_rate: 0.03]
[num_leaves: 31]
[num_threads: 1]
[seed: 24024]
[deterministic: 1]
[force_col_wise: 1]
[force_row_wise: 0]
[histogram_pool_size: -1]
[max_depth: -1]
[min_data_in_leaf: 40]
[min_sum_hessian_in_leaf: 0.001]
[bagging_fraction: 1]
[pos_bagging_fraction: 1]
[neg_bagging_fraction: 1]
[bagging_freq: 0]
[bagging_seed: 24024]
[bagging_by_query: 0]
[feature_fraction: 1]
[feature_fraction_bynode: 1]
[feature_fraction_seed: 24024]
[extra_trees: 0]
[extra_seed: 8483]
[early_stopping_round: 0]
[early_stopping_min_delta: 0]
[first_metric_only: 0]
[max_delta_step: 0]
[lambda_l1: 0]
[lambda_l2: 0]
[linear_lambda: 0]
[min_gain_to_split: 0]
[drop_rate: 0.1]
[max_drop: 50]
[skip_drop: 0.5]
[xgboost_dart_mode: 0]
[uniform_drop: 0]
[drop_seed: 27597]
[top_rate: 0.2]
[other_rate: 0.1]
[min_data_per_group: 100]
[max_cat_threshold: 32]
[cat_l2: 10]
[cat_smooth: 10]
[max_cat_to_onehot: 4]
[top_k: 20]
[monotone_constraints: ]
[monotone_constraints_method: basic]
[monotone_penalty: 0]
[feature_contri: ]
[forcedsplits_filename: ]
[refit_decay_rate: 0.9]
[cegb_tradeoff: 1]
[cegb_penalty_split: 0]
[cegb_penalty_feature_lazy: ]
[cegb_penalty_feature_coupled: ]
[path_smooth: 0]
[interaction_constraints: ]
[verbosity: -1]
[saved_feature_importance_type: 0]
[use_quantized_grad: 0]
[num_grad_quant_bins: 4]
[quant_train_renew_leaf: 0]
[stochastic_rounding: 1]
[linear_tree: 0]
[max_bin: 255]
[max_bin_by_feature: ]
[min_data_in_bin: 3]
[bin_construct_sample_cnt: 200000]
[data_random_seed: 24024]
[is_enable_sparse: 1]
[enable_bundle: 1]
[use_missing: 1]
[zero_as_missing: 0]
[feature_pre_filter: 1]
[pre_partition: 0]
[two_round: 0]
[header: 0]
[label_column: ]
[weight_column: ]
[group_column: ]
[ignore_column: ]
[categorical_feature: ]
[forcedbins_filename: ]
[precise_float_parser: 0]
[parser_config_file: ]
[objective_seed: 14575]
[num_class: 1]
[is_unbalance: 0]
[scale_pos_weight: 1]
[sigmoid: 1]
[boost_from_average: 1]
[reg_sqrt: 0]
[alpha: 0.9]
[fair_c: 1]
[poisson_max_delta_step: 0.7]
[tweedie_variance_power: 1.5]
[lambdarank_truncation_level: 30]
[lambdarank_norm: 1]
[label_gain: ]
[lambdarank_position_bias_regularization: 0]
[eval_at: ]
[multi_error_top_k: 1]
[auc_mu_weights: ]
[num_machines: 1]
[local_listen_port: 12400]
[time_out: 120]
[machine_list_filename: ]
[machines: ]
[gpu_platform_id: -1]
[gpu_device_id: -1]
[gpu_use_dp: 0]
[num_gpu: 1]

end of parameters

pandas_categorical:[]
