league,market_type,bucket_dimension,bucket,bets,wins,losses,pushes,total,win_pct,units_flat,roi_flat,units_kelly,roi_kelly,avg_ev,avg_edge_vs_market_pp,avg_kelly_pct,avg_model_prob,avg_odds_american
ncaam,total,edge_vs_market,10pp_plus,724,360,358,6,724,0.5014,-27.6914,-0.0382,-1.186586,-0.0337,0.283,17.0454,0.3087,0.6694,-105.8
ncaam,total,edge_vs_market,1_to_2pp,10,4,6,0,10,0.4,-2.125,-0.2125,0.002207,0.1578,0.0055,1.6591,0.0056,0.5112,-43.5
ncaam,total,edge_vs_market,2_to_3pp,240,122,117,1,240,0.5105,-5.2557,-0.0219,-0.02682,-0.0476,0.0086,2.6585,0.0094,0.5267,-106.0
ncaam,total,edge_vs_market,3_to_5pp,555,292,255,8,555,0.5338,12.0129,0.0216,0.192473,0.0381,0.0333,3.9978,0.0364,0.5401,-107.7
ncaam,total,edge_vs_market,5_to_7pp,486,241,243,2,486,0.4979,-22.5811,-0.0465,-0.318896,-0.0336,0.0714,5.9859,0.0781,0.5597,-107.8
ncaam,total,edge_vs_market,7_to_10pp,474,232,238,4,474,0.4936,-26.0653,-0.055,-0.818867,-0.0547,0.1156,8.3293,0.1264,0.5829,-107.4
