league,market_type,side_group,bucket_dimension,bucket,bets,wins,losses,pushes,total,win_pct,units_flat,roi_flat,units_kelly,roi_kelly,avg_ev,avg_edge_vs_market_pp,avg_kelly_pct,avg_model_prob,avg_odds_american
ncaam,total,UNDER,dow,FRI,13,7,5,1,13,0.5833,1.5042,0.1157,0.014956,0.1197,0.0354,4.0013,0.0384,0.5393,-108.8
ncaam,total,UNDER,dow,MON,12,6,6,0,12,0.5,-0.4208,-0.0351,-0.011596,-0.098,0.0365,4.0019,0.0394,0.5381,-74.8
ncaam,total,UNDER,dow,SAT,75,41,34,0,75,0.5467,3.7666,0.0502,0.018492,0.025,0.0361,4.1319,0.0395,0.5407,-103.8
ncaam,total,UNDER,dow,SUN,20,12,8,0,20,0.6,2.9915,0.1496,0.03615,0.1765,0.0375,4.2357,0.041,0.5412,-109.0
ncaam,total,UNDER,dow,THU,42,23,18,1,42,0.561,3.2609,0.0776,0.045149,0.1116,0.0356,3.9979,0.0385,0.538,-103.4
ncaam,total,UNDER,dow,TUE,18,11,7,0,18,0.6111,3.0909,0.1717,0.032835,0.182,0.0369,4.225,0.0401,0.54,-108.7
ncaam,total,UNDER,dow,WED,27,16,11,0,27,0.5926,3.672,0.136,0.020227,0.0786,0.035,3.9893,0.0381,0.5395,-101.5
