league,market_type,bucket_dimension,bucket,bets,wins,losses,pushes,total,win_pct,units_flat,roi_flat,units_kelly,roi_kelly,avg_ev,avg_edge_vs_market_pp,avg_kelly_pct,avg_model_prob,avg_odds_american
ncaam,total,odds,minus_100_to_plus_100,19,10,9,0,19,0.5263,1.0,0.0526,0.009894,0.0191,0.1745,10.222,0.1745,0.5872,100.0
ncaam,total,odds,minus_109_to_minus_101,740,370,367,3,740,0.502,-19.0288,-0.0257,-0.931047,-0.0469,0.1356,9.0705,0.1439,0.5849,-106.2
ncaam,total,odds,minus_124_to_minus_110,1713,859,837,17,1713,0.5065,-62.102,-0.0363,-1.434803,-0.0322,0.1217,8.7482,0.1349,0.5898,-110.9
ncaam,total,odds,minus_149_to_minus_125,3,2,1,0,3,0.6667,0.5752,0.1917,0.055287,0.7444,0.255,17.2161,0.3197,0.7019,-127.3
ncaam,total,odds,plus_101_to_plus_125,13,9,3,1,13,0.75,6.38,0.4908,0.07068,0.2025,0.1428,8.7391,0.1385,0.5604,104.1
ncaam,total,odds,plus_126_to_plus_150,1,1,0,0,1,1.0,1.47,1.47,0.0735,1.47,0.3071,14.2773,0.2089,0.5292,147.0
