league,market_type,bucket_dimension,bucket,bets,wins,losses,pushes,total,win_pct,units_flat,roi_flat,units_kelly,roi_kelly,avg_ev,avg_edge_vs_market_pp,avg_kelly_pct,avg_model_prob,avg_odds_american
ncaam,total,dow,FRI,253,125,126,2,253,0.498,-11.6118,-0.0459,-0.171255,-0.0225,0.1681,11.0467,0.184,0.6108,-107.3
ncaam,total,dow,MON,148,72,73,3,148,0.4966,-7.3347,-0.0496,-0.336768,-0.0784,0.1407,9.6367,0.1539,0.596,-106.8
ncaam,total,dow,SAT,791,415,374,2,791,0.526,6.0563,0.0077,0.626597,0.0304,0.1192,8.4875,0.1301,0.5843,-107.3
ncaam,total,dow,SUN,203,116,85,2,203,0.5771,20.9059,0.103,0.620647,0.1188,0.1219,8.6297,0.1333,0.5863,-106.6
ncaam,total,dow,THU,383,174,204,5,383,0.4603,-44.8076,-0.117,-0.770326,-0.0895,0.0984,7.4085,0.1074,0.5738,-107.9
ncaam,total,dow,TUE,284,141,140,3,284,0.5018,-10.5915,-0.0373,-0.89512,-0.1101,0.1586,10.5407,0.1731,0.6046,-106.4
ncaam,total,dow,WED,427,208,215,4,427,0.4917,-24.3222,-0.057,-1.230265,-0.1131,0.1168,8.3233,0.127,0.5826,-104.5
