league,market_type,bucket_dimension,bucket,bets,wins,losses,pushes,total,win_pct,units_flat,roi_flat,units_kelly,roi_kelly,avg_ev,avg_edge_vs_market_pp,avg_kelly_pct,avg_model_prob,avg_odds_american
ncaam,total,win_prob,0.40_to_0.50,1,1,0,0,1,1.0,1.13,1.13,0.013856,1.13,0.0554,4.7329,0.049,0.4955,113.0
ncaam,total,win_prob,0.50_to_0.60,1760,884,861,15,1760,0.5066,-51.4694,-0.0292,-1.254929,-0.0418,0.0627,5.5212,0.0682,0.5547,-106.7
ncaam,total,win_prob,0.60_to_0.70,569,288,276,5,569,0.5106,-12.9043,-0.0227,-0.492324,-0.018,0.2182,13.6868,0.2386,0.6368,-107.5
ncaam,total,win_prob,0.70_to_0.80,102,53,48,1,102,0.5248,0.7692,0.0075,0.038461,0.0075,0.4271,24.5649,0.466,0.7448,-105.3
ncaam,total,win_prob,0.80_to_0.90,46,20,26,0,46,0.4348,-7.6712,-0.1668,-0.383559,-0.1668,0.6086,34.0407,0.6659,0.8404,-109.5
ncaam,total,win_prob,0.90_plus,11,5,6,0,11,0.4545,-1.5599,-0.1418,-0.077994,-0.1418,0.8099,44.5725,0.8852,0.9454,-91.5
