league,market_type,bucket_dimension,bucket,bets,wins,losses,pushes,total,win_pct,units_flat,roi_flat,units_kelly,roi_kelly,avg_ev,avg_edge_vs_market_pp,avg_kelly_pct,avg_model_prob,avg_odds_american
ncaam,total,month,APR,7,5,2,0,7,0.7143,2.5103,0.3586,0.100858,0.6933,0.0798,6.578,0.0893,0.5664,-110.3
ncaam,total,month,DEC,329,155,172,2,329,0.474,-30.1501,-0.0916,-0.808971,-0.098,0.1042,7.7116,0.114,0.5771,-108.3
ncaam,total,month,FEB,678,347,323,8,678,0.5179,-5.2527,-0.0077,-0.034659,-0.0024,0.0835,6.6026,0.091,0.5655,-105.7
ncaam,total,month,JAN,653,335,314,4,653,0.5162,-7.0195,-0.0107,-0.495857,-0.0347,0.0862,6.7456,0.0942,0.5671,-106.6
ncaam,total,month,MAR,374,188,186,0,374,0.5027,-14.8423,-0.0397,-0.588577,-0.0532,0.1429,9.8481,0.1569,0.5983,-109.9
ncaam,total,month,NOV,448,221,220,7,448,0.5011,-16.9513,-0.0378,-0.329282,-0.0191,0.2539,15.4549,0.2763,0.6536,-104.5
