league,market_type,bucket_dimension,bucket,bets,wins,losses,pushes,total,win_pct,units_flat,roi_flat,units_kelly,roi_kelly,avg_ev,avg_edge_vs_market_pp,avg_kelly_pct,avg_model_prob,avg_odds_american
ncaam,total,kelly,0.0_to_2.5pct,348,172,172,4,348,0.5,-14.7712,-0.0424,-0.047157,-0.0479,0.0103,2.8182,0.0113,0.5283,-107.4
ncaam,total,kelly,10_to_20pct,652,311,335,6,652,0.4814,-51.0691,-0.0783,-1.873609,-0.0816,0.1288,9.0098,0.1408,0.5897,-107.0
ncaam,total,kelly,2.5_to_5pct,373,201,168,4,373,0.5447,16.1594,0.0433,0.16958,0.049,0.034,4.0108,0.0371,0.5398,-106.1
ncaam,total,kelly,20pct_plus,546,281,261,4,546,0.5185,-2.8951,-0.0053,-0.144756,-0.0053,0.3219,19.0665,0.351,0.6896,-105.5
ncaam,total,kelly,5_to_10pct,570,286,281,3,570,0.5044,-19.1295,-0.0336,-0.260547,-0.0245,0.0683,5.8072,0.0746,0.5579,-107.6
