league,market_type,bucket_dimension,bucket,bets,wins,losses,pushes,total,win_pct,units_flat,roi_flat,units_kelly,roi_kelly,avg_ev,avg_edge_vs_market_pp,avg_kelly_pct,avg_model_prob,avg_odds_american
ncaam,total,ev,0.00_to_0.0099,142,68,74,0,142,0.4789,-11.6684,-0.0822,-0.015077,-0.0905,0.0043,2.4884,0.0047,0.5244,-106.5
ncaam,total,ev,0.01_to_0.0199,199,98,97,4,199,0.5026,-7.9047,-0.0397,-0.056878,-0.0727,0.0143,3.0465,0.0157,0.5315,-109.1
ncaam,total,ev,0.02_to_0.0299,135,73,60,2,135,0.5489,6.9938,0.0518,0.037357,0.0397,0.0255,3.5687,0.0279,0.5356,-105.0
ncaam,total,ev,0.03_to_0.0399,129,70,58,1,129,0.5469,5.889,0.0457,0.061866,0.0512,0.0342,4.0333,0.0375,0.5406,-106.5
ncaam,total,ev,0.04_to_0.0499,170,92,77,1,170,0.5444,7.1838,0.0423,0.084605,0.0408,0.0447,4.5581,0.0487,0.5451,-108.0
ncaam,total,ev,0.05_to_0.0749,336,158,175,3,336,0.4745,-30.6845,-0.0913,-0.524771,-0.0901,0.0633,5.5785,0.0693,0.5558,-106.6
ncaam,total,ev,0.075_to_0.0999,291,157,134,0,291,0.5395,9.7095,0.0334,0.219685,0.0314,0.088,6.8438,0.0963,0.5682,-108.7
ncaam,total,ev,0.10_plus,1087,535,542,10,1087,0.4968,-51.2241,-0.0471,-1.963276,-0.0415,0.2293,14.231,0.2501,0.6413,-105.8
