league,market_type,side_group,variable,Win,Loss,Push,Total,bets_excluding_pushes,bets_including_pushes,Win_Pct,units,roi,avg_odds,avg_ev,avg_kelly,avg_win_prob
nhl,moneyline,AWAY,0.55_to_0.6,3,1,0,4,4,4,0.75,1.857142857142857,0.46428571428571425,-105.0,0.0934862869241584,0.09840661781490365,0.5607621984226454
nhl,moneyline,AWAY,0.6_to_0.65,1,0,0,1,1,1,1.0,0.6493506493506493,0.6493506493506493,-154.0,0.0364631280400233,0.0560971200615746,0.6281594715394082
nhl,moneyline,AWAY,0.7_to_1.0,1,0,0,1,1,1,1.0,0.390625,0.390625,-256.0,0.0510922601395928,0.1310057952297252,0.7561814821148151
nhl,moneyline,HOME,0.65_to_0.7,3,0,0,3,3,3,1.0,1.5518207282913163,0.5172735760971054,-194.33333333333334,0.016768788296141434,0.030279030150455365,0.6705249667637743
nhl,moneyline,HOME,0.6_to_0.65,2,3,0,5,5,5,0.4,-1.571069182389937,-0.3142138364779874,-142.0,0.05863159633512764,0.07784800222519378,0.6190675643239414
nhl,moneyline,HOME,0.7_to_1.0,1,0,0,1,1,1,1.0,0.5586592178770949,0.5586592178770949,-179.0,0.2045355682944818,0.365242086240146,0.772138184804155
