league,market_type,side_group,variable,Win,Loss,Push,Total,bets_excluding_pushes,bets_including_pushes,Win_Pct,units,roi,avg_odds,avg_ev,avg_kelly,avg_win_prob
nhl,moneyline,AWAY,0.05_to_0.1,2,1,0,3,3,3,0.6666666666666666,0.6017316017316017,0.20057720057720055,-121.33333333333333,0.06549945117881807,0.07485175072102697,0.5786232811962867
nhl,moneyline,AWAY,0.1_to_0.2,3,0,0,3,3,3,1.0,2.2953869047619047,0.7651289682539683,-155.33333333333334,0.08833406077993183,0.11872471146261117,0.630506634585315
nhl,moneyline,HOME,0.01_to_0.02,0,1,0,1,1,1,0.0,-1.0,-1.0,-156.0,0.0125305226349303,0.0195789416170786,0.6173966601432502
nhl,moneyline,HOME,0.05_to_0.1,1,1,0,2,2,2,0.5,-0.4285714285714286,-0.2142857142857143,-155.0,0.052930810793855504,0.07985035577238345,0.6375326491173025
nhl,moneyline,HOME,0.0_to_0.01,3,0,0,3,3,3,1.0,1.609322974472808,0.5364409914909359,-189.0,0.0035059816222509665,0.006926880442988367,0.6542502750229896
nhl,moneyline,HOME,0.1_to_0.2,1,1,0,2,2,2,0.5,-0.19999999999999996,-0.09999999999999998,-130.0,0.10727712873733415,0.1400084035432622,0.6258499692321027
nhl,moneyline,HOME,0.2_to_0.5,1,0,0,1,1,1,1.0,0.5586592178770949,0.5586592178770949,-179.0,0.2045355682944818,0.365242086240146,0.772138184804155
