league,market_type,side_group,variable,Win,Loss,Push,Total,bets_excluding_pushes,bets_including_pushes,Win_Pct,units,roi,avg_odds,avg_ev,avg_kelly,avg_win_prob
nhl,moneyline,ALL,0.01_to_0.02,0,1,0,1,1,1,0.0,-1.0,-1.0,-156.0,0.0125305226349303,0.0195789416170786,0.6173966601432502
nhl,moneyline,ALL,0.03_to_0.04,1,0,0,1,1,1,1.0,0.6493506493506493,0.6493506493506493,-154.0,0.0364631280400233,0.0560971200615746,0.6281594715394082
nhl,moneyline,ALL,0.04_to_0.05,1,0,0,1,1,1,1.0,0.5714285714285714,0.5714285714285714,-175.0,0.0412978577916907,0.0724523820906855,0.6632470431794208
nhl,moneyline,ALL,0.05_to_0.075,1,1,0,2,2,2,0.5,-0.609375,-0.3046875,-195.5,0.057828011967806556,0.1091270623419033,0.6839998685849995
nhl,moneyline,ALL,0.075_to_0.1,2,1,0,3,3,3,0.6666666666666666,0.7523809523809524,0.2507936507936508,-111.66666666666667,0.08597538730165594,0.09694060087072583,0.5725499270551019
nhl,moneyline,ALL,0.0_to_0.01,3,0,0,3,3,3,1.0,1.609322974472808,0.5364409914909359,-189.0,0.0035059816222509665,0.006926880442988367,0.6542502750229896
nhl,moneyline,ALL,0.1_to_999,3,1,0,4,4,4,0.75,1.4634211226389997,0.3658552806597499,-131.0,0.13377720289020398,0.18701589049352688,0.637309283948409
