league,market_type,side_group,variable,Win,Loss,Push,Total,bets_excluding_pushes,bets_including_pushes,Win_Pct,units,roi,avg_odds,avg_ev,avg_kelly,avg_win_prob
nhl,puck_line,ALL,AWAY,94,56,0,150,150,150,0.6266666666666667,-4.590796904836866,-0.03060531269891244,-179.82666666666665,0.17351168256440244,0.2987932618978847,0.749271761536745
nhl,puck_line,ALL,HOME,45,24,0,69,69,69,0.6521739130434783,-3.4642464410332305,-0.05020647015990189,-223.66666666666666,0.15932391876957366,0.3427933579129655,0.7942215163622218
