league,market_type,side_group,variable,Win,Loss,Push,Total,bets_excluding_pushes,bets_including_pushes,Win_Pct,units,roi,avg_odds,avg_ev,avg_kelly,avg_win_prob
nhl,puck_line,AWAY,AWAY,85,45,0,130,130,130,0.6538461538461539,-1.704153146019193,-0.013108870353993793,-199.23076923076923,0.15599002806572304,0.2980877383151194,0.760899097977529
nhl,puck_line,HOME,HOME,45,24,0,69,69,69,0.6521739130434783,-3.4642464410332305,-0.05020647015990189,-223.66666666666666,0.15932391876957366,0.3427933579129655,0.7942215163622218
