league,market_type,side_group,variable,Win,Loss,Push,Total,bets_excluding_pushes,bets_including_pushes,Win_Pct,units,roi,avg_odds,avg_ev,avg_kelly,avg_win_prob
nhl,puck_line,ALL,0.55_to_0.6,1,0,0,1,1,1,1.0,1.42,1.42,142.0,0.3990254810202192,0.2810038598733938,0.578109702900917
nhl,puck_line,ALL,0.65_to_0.7,8,9,0,17,17,17,0.47058823529411764,-2.3066437588176716,-0.1356849269892748,-86.47058823529412,0.2623079992509092,0.29943394886975816,0.6836604104441725
nhl,puck_line,ALL,0.6_to_0.65,0,2,0,2,2,2,0.0,-2.0,-1.0,127.0,0.4448936339153482,0.3481011565289508,0.6367724064905673
nhl,puck_line,ALL,0.7_to_1.0,130,69,0,199,199,199,0.6532663316582915,-5.1683995870524235,-0.025971857221368962,-207.7035175879397,0.1571460002193195,0.3135886817937696,0.7724531023420707
