league,market_type,side_group,variable,Win,Loss,Push,Total,bets_excluding_pushes,bets_including_pushes,Win_Pct,units,roi,avg_odds,avg_ev,avg_kelly,avg_win_prob
nhl,puck_line,ALL,-999_to_-200,80,32,0,112,112,112,0.7142857142857143,1.8898572160569613,0.016873725143365725,-238.14285714285714,0.13794264180957772,0.32638853251904015,0.7997241064307328
