league,market_type,side_group,variable,Win,Loss,Push,Total,bets_excluding_pushes,bets_including_pushes,Win_Pct,units,roi,avg_odds,avg_ev,avg_kelly,avg_win_prob
nhl,puck_line,AWAY,0.02_to_0.05,1,0,0,1,1,1,1.0,0.44052863436123346,0.44052863436123346,-227.0,0.0181128312578491,0.0411655255860206,0.7070227994846174
nhl,puck_line,AWAY,0.05_to_0.1,1,0,0,1,1,1,1.0,0.4291845493562232,0.4291845493562232,-233.0,0.0280623674668876,0.0652613196904361,0.718924732494327
nhl,puck_line,AWAY,0.1_to_0.2,7,4,0,11,11,11,0.6363636363636364,-0.5651082978309981,-0.051373481620999834,-203.0,0.082762696364108,0.16631702850126476,0.7249663025112661
nhl,puck_line,AWAY,0.2_to_0.5,76,41,0,117,117,117,0.6495726495726496,-2.0087580319056526,-0.01716887206756968,-198.35042735042734,0.16514648538302623,0.31466232326645427,0.7650966314314179
nhl,puck_line,HOME,0.1_to_0.2,2,2,0,4,4,4,0.5,-1.1792432287566372,-0.2948108071891593,-227.25,0.08150843837447665,0.18301317191579444,0.7491036719214497
nhl,puck_line,HOME,0.2_to_0.5,39,22,0,61,61,61,0.639344262295082,-4.345667477982875,-0.07124045045873566,-224.9016393442623,0.15752688394311318,0.3420186330941913,0.7944305365462764
nhl,puck_line,HOME,0.5_to_999,4,0,0,4,4,4,1.0,2.0606642657062824,0.5151660664265706,-201.25,0.26454418026819304,0.514388097396444,0.8361518029961634
