league,market_type,side_group,variable,Win,Loss,Push,Total,bets_excluding_pushes,bets_including_pushes,Win_Pct,units,roi,avg_odds,avg_ev,avg_kelly,avg_win_prob
nhl,puck_line,ALL,0.02_to_0.05,1,0,0,1,1,1,1.0,0.44052863436123346,0.44052863436123346,-227.0,0.0181128312578491,0.0411655255860206,0.7070227994846174
nhl,puck_line,ALL,0.05_to_0.1,1,0,0,1,1,1,1.0,0.4291845493562232,0.4291845493562232,-233.0,0.0280623674668876,0.0652613196904361,0.718924732494327
nhl,puck_line,ALL,0.1_to_0.2,9,6,0,15,15,15,0.6,-1.7443515265876353,-0.11629010177250902,-209.46666666666667,0.08242822756687299,0.17076933341180603,0.7314029343539817
nhl,puck_line,ALL,0.2_to_0.5,115,63,0,178,178,178,0.6460674157303371,-6.354425509888529,-0.03569901971847488,-207.4494382022472,0.16253527365361783,0.32403723843213944,0.7751492618359481
nhl,puck_line,ALL,0.5_to_999,4,0,0,4,4,4,1.0,2.0606642657062824,0.5151660664265706,-201.25,0.26454418026819304,0.514388097396444,0.8361518029961634
