league,market_type,side_group,variable,Win,Loss,Push,Total,bets_excluding_pushes,bets_including_pushes,Win_Pct,units,roi,avg_odds,avg_ev,avg_kelly,avg_win_prob
nhl,puck_line,AWAY,AWAY,44,16,0,60,60,60,0.7333333333333333,2.712018277071338,0.04520030461785563,-236.08333333333334,0.12963083783173676,0.3069544262366103,0.7922092960427496
nhl,puck_line,HOME,HOME,36,16,0,52,52,52,0.6923076923076923,-0.8221610610143768,-0.01581078963489186,-240.51923076923077,0.14753318486093264,0.34881250130645935,0.8083950414937902
