league,market_type,side_group,variable,Win,Loss,Push,Total,bets_excluding_pushes,bets_including_pushes,Win_Pct,units,roi,avg_odds,avg_ev,avg_kelly,avg_win_prob
nhl,puck_line,AWAY,0.55_to_0.6,1,0,0,1,1,1,1.0,1.42,1.42,142.0,0.3990254810202192,0.2810038598733938,0.578109702900917
nhl,puck_line,AWAY,0.65_to_0.7,8,9,0,17,17,17,0.47058823529411764,-2.3066437588176716,-0.1356849269892748,-86.47058823529412,0.2623079992509092,0.29943394886975816,0.6836604104441725
nhl,puck_line,AWAY,0.6_to_0.65,0,2,0,2,2,2,0.0,-2.0,-1.0,127.0,0.4448936339153482,0.3481011565289508,0.6367724064905673
nhl,puck_line,AWAY,0.7_to_1.0,85,45,0,130,130,130,0.6538461538461539,-1.704153146019193,-0.013108870353993793,-199.23076923076923,0.15599002806572304,0.2980877383151194,0.760899097977529
nhl,puck_line,HOME,0.7_to_1.0,45,24,0,69,69,69,0.6521739130434783,-3.4642464410332305,-0.05020647015990189,-223.66666666666666,0.15932391876957366,0.3427933579129655,0.7942215163622218
