league,market_type,side_group,variable,Win,Loss,Push,Total,bets_excluding_pushes,bets_including_pushes,Win_Pct,units,roi,avg_odds,avg_ev,avg_kelly,avg_win_prob
nhl,puck_line,AWAY,0.02_to_0.05,1,0,0,1,1,1,1.0,0.44052863436123346,0.44052863436123346,-227.0,0.0181128312578491,0.0411655255860206,0.7070227994846174
nhl,puck_line,AWAY,0.05_to_0.1,1,0,0,1,1,1,1.0,0.4291845493562232,0.4291845493562232,-233.0,0.0280623674668876,0.0652613196904361,0.718924732494327
nhl,puck_line,AWAY,0.1_to_0.2,7,5,0,12,12,12,0.5833333333333334,-1.565108297830998,-0.1304256914859165,-201.5,0.08204587656391572,0.16390185309557306,0.7226780315639961
nhl,puck_line,AWAY,0.2_to_0.5,85,51,0,136,136,136,0.625,-3.8954017907233243,-0.028642660225906797,-177.1764705882353,0.18379431372918117,0.3143069132519071,0.7521520611747415
nhl,puck_line,HOME,0.1_to_0.2,2,2,0,4,4,4,0.5,-1.1792432287566372,-0.2948108071891593,-227.25,0.08150843837447665,0.18301317191579444,0.7491036719214497
nhl,puck_line,HOME,0.2_to_0.5,39,22,0,61,61,61,0.639344262295082,-4.345667477982875,-0.07124045045873566,-224.9016393442623,0.15752688394311318,0.3420186330941913,0.7944305365462764
nhl,puck_line,HOME,0.5_to_999,4,0,0,4,4,4,1.0,2.0606642657062824,0.5151660664265706,-201.25,0.26454418026819304,0.514388097396444,0.8361518029961634
