league,market_type,side_group,variable,Win,Loss,Push,Total,bets_excluding_pushes,bets_including_pushes,Win_Pct,units,roi,avg_odds,avg_ev,avg_kelly,avg_win_prob
nhl,puck_line,ALL,AWAY,94,55,0,149,149,149,0.6308724832214765,-3.5907969048368655,-0.02409930808615346,-179.69127516778522,0.17409433695844875,0.2996348787179846,0.7494382557848596
nhl,puck_line,ALL,HOME,45,24,0,69,69,69,0.6521739130434783,-3.4642464410332305,-0.05020647015990189,-223.66666666666666,0.15932391876957366,0.3427933579129655,0.7942215163622218
