league,market_type,side_group,variable,Win,Loss,Push,Total,bets_excluding_pushes,bets_including_pushes,Win_Pct,units,roi,avg_odds,avg_ev,avg_kelly,avg_win_prob
nhl,puck_line,AWAY,-124_to_-110,1,3,0,4,4,4,0.25,-2.180327868852459,-0.5450819672131147,-121.0,0.30722631071965584,0.37235850206537024,0.7162834045593427
nhl,puck_line,AWAY,-149_to_-125,8,4,0,12,12,12,0.6666666666666666,1.6113990054546146,0.13428325045455122,-142.16666666666666,0.22797413781859108,0.3221571600264607,0.7201834807263005
nhl,puck_line,AWAY,-199_to_-150,32,22,0,54,54,54,0.5925925925925926,-3.8472425596926874,-0.07124523258690162,-176.75925925925927,0.15807886077663097,0.27738556441092393,0.7384627701400152
nhl,puck_line,AWAY,-999_to_-200,44,16,0,60,60,60,0.7333333333333333,2.712018277071338,0.04520030461785563,-236.08333333333334,0.12963083783173676,0.3069544262366103,0.7922092960427496
nhl,puck_line,HOME,-124_to_-110,1,0,0,1,1,1,1.0,0.8333333333333334,0.8333333333333334,-120.0,0.3084053890278768,0.3715727578649117,0.7149756224196048
nhl,puck_line,HOME,-149_to_-125,1,2,0,3,3,3,0.3333333333333333,-1.3197278911564627,-0.43990929705215426,-139.0,0.2810091427189611,0.39363085735700026,0.7454447831626313
nhl,puck_line,HOME,-199_to_-150,7,6,0,13,13,13,0.5384615384615384,-2.1556908221957243,-0.16582237093813262,-183.76923076923077,0.16693784347287124,0.3047712537017557,0.7548794230314401
nhl,puck_line,HOME,-999_to_-200,36,16,0,52,52,52,0.6923076923076923,-0.8221610610143768,-0.01581078963489186,-240.51923076923077,0.14753318486093264,0.34881250130645935,0.8083950414937902
