league,market_type,side_group,variable,Win,Loss,Push,Total,bets_excluding_pushes,bets_including_pushes,Win_Pct,units,roi,avg_odds,avg_ev,avg_kelly,avg_win_prob
nhl,puck_line,ALL,0.02_to_0.05,1,0,0,1,1,1,1.0,0.44052863436123346,0.44052863436123346,-227.0,0.0181128312578491,0.0411655255860206,0.7070227994846174
nhl,puck_line,ALL,0.05_to_0.1,1,0,0,1,1,1,1.0,0.4291845493562232,0.4291845493562232,-233.0,0.0280623674668876,0.0652613196904361,0.718924732494327
nhl,puck_line,ALL,0.1_to_0.2,9,7,0,16,16,16,0.5625,-2.7443515265876353,-0.1715219704117272,-207.9375,0.08191151701655595,0.16867968280062842,0.7292844416533595
nhl,puck_line,ALL,0.2_to_0.5,124,73,0,197,197,197,0.6294416243654822,-8.2410692687062,-0.04183283892744264,-191.9543147208122,0.17566074409999263,0.3228876995990103,0.7652433657314097
nhl,puck_line,ALL,0.5_to_999,4,0,0,4,4,4,1.0,2.0606642657062824,0.5151660664265706,-201.25,0.26454418026819304,0.514388097396444,0.8361518029961634
