league,market_type,side_group,variable,Win,Loss,Push,Total,bets_excluding_pushes,bets_including_pushes,Win_Pct,units,roi,avg_odds,avg_ev,avg_kelly,avg_win_prob
nhl,puck_line,AWAY,0.01_to_0.02,1,0,0,1,1,1,1.0,0.44052863436123346,0.44052863436123346,-227.0,0.0181128312578491,0.0411655255860206,0.7070227994846174
nhl,puck_line,AWAY,0.02_to_0.03,1,0,0,1,1,1,1.0,0.4291845493562232,0.4291845493562232,-233.0,0.0280623674668876,0.0652613196904361,0.718924732494327
nhl,puck_line,AWAY,0.04_to_0.05,1,0,0,1,1,1,1.0,0.44052863436123346,0.44052863436123346,-227.0,0.044856297157928,0.1019461299043818,0.7255946508041167
nhl,puck_line,AWAY,0.05_to_0.075,1,1,0,2,2,2,0.5,-0.5391705069124424,-0.2695852534562212,-201.0,0.0624149243117948,0.12374245079668744,0.7085716727849547
nhl,puck_line,AWAY,0.075_to_0.1,6,3,0,9,9,9,0.6666666666666666,-0.06564077243800748,-0.0072934191597786085,-203.44444444444446,0.09094233309262689,0.18511167386815286,0.7312808823789934
nhl,puck_line,AWAY,0.1_to_999,84,51,0,135,135,135,0.6222222222222222,-4.296227443565106,-0.03182390698937116,-176.6962962962963,0.18448676936643682,0.31499062212883044,0.7519710121642976
nhl,puck_line,HOME,0.05_to_0.075,1,0,0,1,1,1,1.0,0.38022813688212925,0.38022813688212925,-263.0,0.0662926846404732,0.1744544332644035,0.7726758584351257
nhl,puck_line,HOME,0.075_to_0.1,4,5,0,9,9,9,0.4444444444444444,-3.4598187683249826,-0.38442430759166474,-251.33333333333334,0.09092392954842503,0.22908779790410755,0.7779176375547165
nhl,puck_line,HOME,0.1_to_999,40,19,0,59,59,59,0.6779661016949152,-0.3846558095903768,-0.006519589993057234,-218.77966101694915,0.1713346160088862,0.3629914759592076,0.7970737293655209
