league,market_type,side_group,variable,Win,Loss,Push,Total,bets_excluding_pushes,bets_including_pushes,Win_Pct,units,roi,avg_odds,avg_ev,avg_kelly,avg_win_prob
nhl,puck_line,ALL,0.7_to_1.0,130,69,0,199,199,199,0.6532663316582915,-5.1683995870524235,-0.025971857221368962,-207.7035175879397,0.1571460002193195,0.3135886817937696,0.7724531023420707
