league,market_type,side_group,variable,Win,Loss,Push,Total,bets_excluding_pushes,bets_including_pushes,Win_Pct,units,roi,avg_odds,avg_ev,avg_kelly,avg_win_prob
nhl,puck_line,ALL,0.02_to_0.05,1,0,0,1,1,1,1.0,0.44052863436123346,0.44052863436123346,-227.0,0.0181128312578491,0.0411655255860206,0.7070227994846174
nhl,puck_line,ALL,0.05_to_0.1,1,0,0,1,1,1,1.0,0.4291845493562232,0.4291845493562232,-233.0,0.0280623674668876,0.0652613196904361,0.718924732494327
nhl,puck_line,ALL,0.1_to_0.2,5,4,0,9,9,9,0.5555555555555556,-1.8170556082202887,-0.20189506758003206,-220.66666666666666,0.07416268207532621,0.16264947626988507,0.7382882300628617
nhl,puck_line,ALL,0.2_to_0.5,70,28,0,98,98,98,0.7142857142857143,1.4568074836970484,0.014865382486704576,-240.48979591836735,0.1431347075801501,0.341240568439819,0.8056856133154446
nhl,puck_line,ALL,0.5_to_999,3,0,0,3,3,3,1.0,1.380392156862745,0.46013071895424834,-219.33333333333334,0.2362450674717744,0.5145559344416071,0.8471227375945971
