league,market_type,side_group,variable,Win,Loss,Push,Total,bets_excluding_pushes,bets_including_pushes,Win_Pct,units,roi,avg_odds,avg_ev,avg_kelly,avg_win_prob
nhl,puck_line,ALL,0.01_to_0.02,1,0,0,1,1,1,1.0,0.44052863436123346,0.44052863436123346,-227.0,0.0181128312578491,0.0411655255860206,0.7070227994846174
nhl,puck_line,ALL,0.02_to_0.03,1,0,0,1,1,1,1.0,0.4291845493562232,0.4291845493562232,-233.0,0.0280623674668876,0.0652613196904361,0.718924732494327
nhl,puck_line,ALL,0.04_to_0.05,1,0,0,1,1,1,1.0,0.44052863436123346,0.44052863436123346,-227.0,0.044856297157928,0.1019461299043818,0.7255946508041167
nhl,puck_line,ALL,0.05_to_0.075,2,1,0,3,3,3,0.6666666666666666,-0.15894237003031314,-0.05298079001010438,-221.66666666666666,0.06370751108802093,0.1406464449525928,0.729939734668345
nhl,puck_line,ALL,0.075_to_0.1,10,9,0,19,19,19,0.5263157894736842,-4.52545954076299,-0.23818208109278893,-225.94736842105263,0.09071013376952454,0.20532566324491275,0.7530131998932134
nhl,puck_line,ALL,0.1_to_999,124,70,0,194,194,194,0.6391752577319587,-4.680883253155483,-0.024128264191523106,-189.49484536082474,0.18048688767522295,0.32958881994322353,0.7656878179110614
