league,market_type,side_group,variable,Win,Loss,Push,Total,bets_excluding_pushes,bets_including_pushes,Win_Pct,units,roi,avg_odds,avg_ev,avg_kelly,avg_win_prob
nhl,puck_line,ALL,0.01_to_0.02,1,0,0,1,1,1,1.0,0.44052863436123346,0.44052863436123346,-227.0,0.0181128312578491,0.0411655255860206,0.7070227994846174
nhl,puck_line,ALL,0.02_to_0.03,1,0,0,1,1,1,1.0,0.4291845493562232,0.4291845493562232,-233.0,0.0280623674668876,0.0652613196904361,0.718924732494327
nhl,puck_line,ALL,0.04_to_0.05,1,0,0,1,1,1,1.0,0.44052863436123346,0.44052863436123346,-227.0,0.044856297157928,0.1019461299043818,0.7255946508041167
nhl,puck_line,ALL,0.05_to_0.075,2,0,0,2,2,2,1.0,0.8410576299696868,0.4205288149848434,-240.0,0.058480837251131054,0.14230220561240703,0.7461560764305042
nhl,puck_line,ALL,0.075_to_0.1,10,9,0,19,19,19,0.5263157894736842,-4.52545954076299,-0.23818208109278893,-225.94736842105263,0.09071013376952454,0.20532566324491275,0.7530131998932134
nhl,puck_line,ALL,0.1_to_999,115,60,0,175,175,175,0.6571428571428571,-2.794239494337811,-0.01596708282478749,-204.98857142857142,0.16766039046650677,0.3314856153651494,0.7758117841854684
