league,market_type,side_group,variable,Win,Loss,Push,Total,bets_excluding_pushes,bets_including_pushes,Win_Pct,units,roi,avg_odds,avg_ev,avg_kelly,avg_win_prob
nhl,puck_line,ALL,-109_to_100,1,3,0,4,4,4,0.25,-2.0476190476190474,-0.5119047619047619,-55.25,0.32459179355643514,0.3410339086254617,0.6785402661772709
nhl,puck_line,ALL,-124_to_-110,4,5,0,9,9,9,0.4444444444444444,-1.5845721752706785,-0.1760635750300754,-118.44444444444444,0.29321828176375025,0.34828512073277984,0.7017526979827539
nhl,puck_line,ALL,-149_to_-125,12,8,0,20,20,20,0.6,0.5708733935004311,0.028543669675021553,-139.5,0.22961340688148751,0.3194256301194053,0.7155490146108082
nhl,puck_line,ALL,-199_to_-150,40,29,0,69,69,69,0.5797101449275363,-6.353582732537762,-0.09208090916721394,-177.8695652173913,0.15826133272697068,0.27960398566953115,0.7402679291190265
nhl,puck_line,ALL,-999_to_-200,80,32,0,112,112,112,0.7142857142857143,1.8898572160569613,0.016873725143365725,-238.14285714285714,0.13794264180957772,0.32638853251904015,0.7997241064307328
nhl,puck_line,ALL,101_to_125,1,2,0,3,3,3,0.3333333333333333,-0.95,-0.31666666666666665,111.0,0.40143950682521273,0.36188093140051536,0.6643745114455504
nhl,puck_line,ALL,126_to_150,1,1,0,2,2,2,0.5,0.41999999999999993,0.20999999999999996,141.0,0.45828828536119426,0.3253416048303288,0.6052113284717437
