league,market_type,side_group,variable,Win,Loss,Push,Total,bets_excluding_pushes,bets_including_pushes,Win_Pct,units,roi,avg_odds,avg_ev,avg_kelly,avg_win_prob
nhl,puck_line,AWAY,0.01_to_0.02,1,0,0,1,1,1,1.0,0.44052863436123346,0.44052863436123346,-227.0,0.0181128312578491,0.0411655255860206,0.7070227994846174
nhl,puck_line,AWAY,0.02_to_0.03,1,0,0,1,1,1,1.0,0.4291845493562232,0.4291845493562232,-233.0,0.0280623674668876,0.0652613196904361,0.718924732494327
nhl,puck_line,AWAY,0.04_to_0.05,1,0,0,1,1,1,1.0,0.44052863436123346,0.44052863436123346,-227.0,0.044856297157928,0.1019461299043818,0.7255946508041167
nhl,puck_line,AWAY,0.05_to_0.075,1,0,0,1,1,1,1.0,0.4608294930875576,0.4608294930875576,-217.0,0.0506689898617889,0.1101499779604106,0.7196362944258828
nhl,puck_line,AWAY,0.075_to_0.1,6,4,0,10,10,10,0.6,-1.0656407724380075,-0.10656407724380075,-203.1,0.09051771756851411,0.1839397420516374,0.7305992059978605
nhl,puck_line,AWAY,0.1_to_999,75,41,0,116,116,116,0.646551724137931,-2.4095836847474335,-0.020772273144374426,-197.97413793103448,0.1657916033371931,0.31546108282161983,0.7649975189645795
nhl,puck_line,HOME,0.05_to_0.075,1,0,0,1,1,1,1.0,0.38022813688212925,0.38022813688212925,-263.0,0.0662926846404732,0.1744544332644035,0.7726758584351257
nhl,puck_line,HOME,0.075_to_0.1,4,5,0,9,9,9,0.4444444444444444,-3.4598187683249826,-0.38442430759166474,-251.33333333333334,0.09092392954842503,0.22908779790410755,0.7779176375547165
nhl,puck_line,HOME,0.1_to_999,40,19,0,59,59,59,0.6779661016949152,-0.3846558095903768,-0.006519589993057234,-218.77966101694915,0.1713346160088862,0.3629914759592076,0.7970737293655209
