league,market_type,side_group,variable,Win,Loss,Push,Total,bets_excluding_pushes,bets_including_pushes,Win_Pct,units,roi,avg_odds,avg_ev,avg_kelly,avg_win_prob
nhl,puck_line,ALL,-124_to_-110,2,3,0,5,5,5,0.4,-1.3469945355191255,-0.2693989071038251,-120.8,0.30746212638130005,0.37220135322527853,0.7160218481313951
nhl,puck_line,ALL,-149_to_-125,9,6,0,15,15,15,0.6,0.29167111429815185,0.019444740953210124,-141.53333333333333,0.23858113879866505,0.3364518994925686,0.7252357412135666
nhl,puck_line,ALL,-199_to_-150,39,28,0,67,67,67,0.582089552238806,-6.002933381888411,-0.08959602062520017,-178.11940298507463,0.15979776786694624,0.2826992056166077,0.7416480908502917
nhl,puck_line,ALL,-999_to_-200,80,32,0,112,112,112,0.7142857142857143,1.8898572160569613,0.016873725143365725,-238.14285714285714,0.13794264180957772,0.32638853251904015,0.7997241064307328
