bets,wins,losses,pushes,win_rate,units,roi,avg_edge,median_edge,avg_odds
515,322,191,2,0.6276803118908382,69.10264394272531,0.13417989115092294,0.0872274722697914,0.0524101109129815,-133.54174757281552
