season,week,game_id,game_date,game_time,player_id,player_name,team,opponent,position,target,projection,low,high,probability_1_plus,probability_2_plus,eligibility_status,eligibility_reason,role_status,injury_game_status,depth_rank,model_architecture,model_version,feature_asof,generated_at
2026,2,401872932,2026-09-17,20:15,00-0031237,Teddy Bridgewater,DET,BUF,QB,rushing_yards,5.1,-5.6,20.2,,,eligible,eligible_current_role,roster_only,,,direct_component_blend,20260908_1821_rushing_yards_blend,2026-09-20T12:24:48+00:00,2026-09-20T12:25:10+00:00
2026,2,401872932,2026-09-17,20:15,00-0033106,Jared Goff,DET,BUF,QB,passing_yards,252.5,159.0,358.7,,,eligible,eligible_current_role,starter,Active,1.0,direct_component_blend,20260908_1821_passing_yards_blend,2026-09-20T12:24:48+00:00,2026-09-20T12:25:10+00:00
2026,2,401872932,2026-09-17,20:15,00-0033106,Jared Goff,DET,BUF,QB,passing_tds,1.589,,,0.8125,0.5119047619047619,eligible,eligible_current_role,starter,Active,1.0,direct_component_blend,20260908_1821_passing_tds_blend,2026-09-20T12:24:48+00:00,2026-09-20T12:25:10+00:00
2026,2,401872932,2026-09-17,20:15,00-0033106,Jared Goff,DET,BUF,QB,rushing_yards,3.2,-7.5,18.3,,,eligible,eligible_current_role,starter,Active,1.0,direct_component_blend,20260908_1821_rushing_yards_blend,2026-09-20T12:24:48+00:00,2026-09-20T12:25:10+00:00
2026,2,401872932,2026-09-17,20:15,00-0033294,Chuck Clark,DET,BUF,DB,tackles,3.6,1.5,6.3,0.9385545200441588,0.8269995212186589,eligible,eligible_current_role,starter,,1.0,direct,20260908_1821_tackles_direct,2026-09-20T12:24:48+00:00,2026-09-20T12:25:10+00:00
2026,2,401872932,2026-09-17,20:15,00-0033949,Joshua Dobbs,DET,BUF,QB,rushing_yards,8.4,-4.4,26.4,,,eligible,eligible_current_role,backup,,2.0,direct_component_blend,20260908_1821_rushing_yards_blend,2026-09-20T12:24:48+00:00,2026-09-20T12:25:10+00:00
2026,2,401872932,2026-09-17,20:15,00-0034270,Tyler Conklin,DET,BUF,TE,rushing_yards,0.0,-10.7,15.0,,,eligible,eligible_current_role,backup,,3.0,direct_component_blend,20260908_1821_rushing_yards_blend,2026-09-20T12:24:48+00:00,2026-09-20T12:25:10+00:00
2026,2,401872932,2026-09-17,20:15,00-0034270,Tyler Conklin,DET,BUF,TE,receiving_yards,7.2,-10.0,36.0,,,eligible,eligible_current_role,backup,,3.0,direct_component_blend,20260908_1821_receiving_yards_blend,2026-09-20T12:24:48+00:00,2026-09-20T12:25:10+00:00
2026,2,401872932,2026-09-17,20:15,00-0034377,Avonte Maddox,DET,BUF,DB,tackles,3.8,1.2,7.3,0.9473239599249849,0.8438382529723254,eligible,eligible_current_role,starter,,1.0,direct,20260908_1821_tackles_direct,2026-09-20T12:24:48+00:00,2026-09-20T12:25:10+00:00
2026,2,401872932,2026-09-17,20:15,00-0034384,D.J. Reed,DET,BUF,DB,tackles,4.4,1.7,7.8,0.9677755867096409,0.8918459778341331,eligible,questionable_flag,starter,Questionable,1.0,direct,20260908_1821_tackles_direct,2026-09-20T12:24:48+00:00,2026-09-20T12:25:10+00:00
2026,2,401872932,2026-09-17,20:15,00-0034440,Justin Jackson,DET,BUF,RB,rushing_yards,15.0,-15.3,57.5,,,eligible,eligible_current_role,roster_only,,,direct_component_blend,20260908_1821_rushing_yards_blend,2026-09-20T12:24:48+00:00,2026-09-20T12:25:10+00:00
2026,2,401872932,2026-09-17,20:15,00-0034440,Justin Jackson,DET,BUF,RB,receiving_yards,3.4,-19.3,43.9,,,eligible,eligible_current_role,roster_only,,,direct_component_blend,20260908_1821_receiving_yards_blend,2026-09-20T12:24:48+00:00,2026-09-20T12:25:10+00:00
2026,2,401872932,2026-09-17,20:15,00-0034577,Kyle Allen,BUF,DET,QB,rushing_yards,4.1,-6.6,19.1,,,eligible,eligible_current_role,backup,,2.0,direct_component_blend,20260908_1821_rushing_yards_blend,2026-09-20T12:24:48+00:00,2026-09-20T12:25:10+00:00
2026,2,401872932,2026-09-17,20:15,00-0034827,DJ Moore,BUF,DET,WR,rushing_yards,0.8,-9.9,15.9,,,eligible,eligible_current_role,starter,Active,1.0,direct_component_blend,20260908_1821_rushing_yards_blend,2026-09-20T12:24:48+00:00,2026-09-20T12:25:10+00:00
2026,2,401872932,2026-09-17,20:15,00-0034827,DJ Moore,BUF,DET,WR,receiving_yards,38.9,12.3,88.1,,,eligible,eligible_current_role,starter,Active,1.0,direct_component_blend,20260908_1821_receiving_yards_blend,2026-09-20T12:24:48+00:00,2026-09-20T12:25:10+00:00
2026,2,401872932,2026-09-17,20:15,00-0034832,Bradley Chubb,BUF,DET,LB,tackles,3.0,0.1,7.1,0.9077092796485303,0.7575733861781153,eligible,eligible_current_role,starter,,1.0,direct,20260908_1821_tackles_direct,2026-09-20T12:24:48+00:00,2026-09-20T12:25:10+00:00
2026,2,401872932,2026-09-17,20:15,00-0034857,Josh Allen,BUF,DET,QB,passing_yards,208.0,114.5,314.2,,,eligible,eligible_current_role,starter,Active,1.0,direct_component_blend,20260908_1821_passing_yards_blend,2026-09-20T12:24:48+00:00,2026-09-20T12:25:10+00:00
2026,2,401872932,2026-09-17,20:15,00-0034857,Josh Allen,BUF,DET,QB,passing_tds,1.464,,,0.8049529834350585,0.46863171866658154,eligible,eligible_current_role,starter,Active,1.0,direct_component_blend,20260908_1821_passing_tds_blend,2026-09-20T12:24:48+00:00,2026-09-20T12:25:10+00:00
2026,2,401872932,2026-09-17,20:15,00-0034857,Josh Allen,BUF,DET,QB,rushing_yards,34.1,21.3,52.0,,,eligible,eligible_current_role,starter,Active,1.0,direct_component_blend,20260908_1821_rushing_yards_blend,2026-09-20T12:24:48+00:00,2026-09-20T12:25:10+00:00
2026,2,401872932,2026-09-17,20:15,00-0035230,Ed Oliver,BUF,DET,DL,tackles,2.1,0.2,4.6,0.8158441707609777,0.5648449859401892,eligible,eligible_current_role,starter,,1.0,direct,20260908_1821_tackles_direct,2026-09-20T12:24:48+00:00,2026-09-20T12:25:10+00:00
2026,2,401872932,2026-09-17,20:15,00-0035253,C.J. Gardner-Johnson,BUF,DET,DB,tackles,4.3,1.6,7.8,0.965537180024346,0.8861790197067168,eligible,eligible_current_role,starter,,1.0,direct,20260908_1821_tackles_direct,2026-09-20T12:24:48+00:00,2026-09-20T12:25:10+00:00
2026,2,401872932,2026-09-17,20:15,00-0035500,Greg Dortch,BUF,DET,WR,rushing_yards,0.8,-9.9,15.8,,,eligible,eligible_current_role,backup,,6.0,direct_component_blend,20260908_1821_rushing_yards_blend,2026-09-20T12:24:48+00:00,2026-09-20T12:25:10+00:00
2026,2,401872932,2026-09-17,20:15,00-0035500,Greg Dortch,BUF,DET,WR,receiving_yards,14.5,-12.2,63.7,,,eligible,eligible_current_role,backup,,6.0,direct_component_blend,20260908_1821_receiving_yards_blend,2026-09-20T12:24:48+00:00,2026-09-20T12:25:10+00:00
2026,2,401872932,2026-09-17,20:15,00-0035537,Ty Johnson,BUF,DET,RB,rushing_yards,11.3,-10.7,42.3,,,eligible,questionable_flag,backup,Questionable,3.0,direct_component_blend,20260908_1821_rushing_yards_blend,2026-09-20T12:24:48+00:00,2026-09-20T12:25:10+00:00
2026,2,401872932,2026-09-17,20:15,00-0035537,Ty Johnson,BUF,DET,RB,receiving_yards,10.5,-6.6,39.3,,,eligible,questionable_flag,backup,Questionable,3.0,direct_component_blend,20260908_1821_receiving_yards_blend,2026-09-20T12:24:48+00:00,2026-09-20T12:25:10+00:00
2026,2,401872932,2026-09-17,20:15,00-0035544,Tom Kennedy,DET,BUF,WR,rushing_yards,0.0,-10.8,15.0,,,eligible,eligible_current_role,backup,Active,4.0,direct_component_blend,20260908_1821_rushing_yards_blend,2026-09-20T12:24:48+00:00,2026-09-20T12:25:10+00:00
2026,2,401872932,2026-09-17,20:15,00-0035544,Tom Kennedy,DET,BUF,WR,receiving_yards,1.0,-16.2,29.8,,,eligible,eligible_current_role,backup,Active,4.0,direct_component_blend,20260908_1821_receiving_yards_blend,2026-09-20T12:24:48+00:00,2026-09-20T12:25:10+00:00
2026,2,401872932,2026-09-17,20:15,00-0035637,Rock Ya-Sin,DET,BUF,DB,tackles,3.6,1.0,7.1,0.9387160700645227,0.8273012250545029,eligible,eligible_current_role,starter,,1.0,direct,20260908_1821_tackles_direct,2026-09-20T12:24:48+00:00,2026-09-20T12:25:10+00:00
2026,2,401872932,2026-09-17,20:15,00-0035667,Greg Gaines,BUF,DET,DL,tackles,1.3,0.0,3.8,0.631992037036138,0.33855039528567893,eligible,eligible_current_role,backup,,2.0,direct,20260908_1821_tackles_direct,2026-09-20T12:24:48+00:00,2026-09-20T12:25:10+00:00
2026,2,401872932,2026-09-17,20:15,00-0035689,Dawson Knox,BUF,DET,TE,rushing_yards,0.0,-10.8,15.0,,,eligible,eligible_current_role,backup,Active,2.0,direct_component_blend,20260908_1821_rushing_yards_blend,2026-09-20T12:24:48+00:00,2026-09-20T12:25:10+00:00
2026,2,401872932,2026-09-17,20:15,00-0035689,Dawson Knox,BUF,DET,TE,receiving_yards,23.2,6.0,52.0,,,eligible,eligible_current_role,backup,Active,2.0,direct_component_blend,20260908_1821_receiving_yards_blend,2026-09-20T12:24:48+00:00,2026-09-20T12:25:10+00:00
2026,2,401872932,2026-09-17,20:15,00-0035707,Devin White,DET,BUF,LB,tackles,6.7,3.8,10.7,0.983495145631068,0.9631067961165048,eligible,eligible_current_role,backup,,2.0,direct,20260908_1821_tackles_direct,2026-09-20T12:24:48+00:00,2026-09-20T12:25:10+00:00
2026,2,401872932,2026-09-17,20:15,00-0035895,Joe Bachie,DET,BUF,LB,tackles,1.0,0.0,3.5,0.5533745720557588,0.2639459523514294,eligible,eligible_current_role,backup,,2.0,direct,20260908_1821_tackles_direct,2026-09-20T12:24:48+00:00,2026-09-20T12:25:10+00:00
2026,2,401872932,2026-09-17,20:15,00-0035933,Michael Hoecht,BUF,DET,LB,tackles,2.7,0.7,5.1,0.880805927407491,0.6899019742058277,eligible,eligible_current_role,backup,Active,2.0,direct,20260908_1821_tackles_direct,2026-09-20T12:24:48+00:00,2026-09-20T12:25:10+00:00
2026,2,401872932,2026-09-17,20:15,00-0036037,Sam Franklin Jr.,BUF,DET,DB,tackles,0.7,0.0,3.1,0.3940102625722978,0.11770917470991152,eligible,eligible_current_role,backup,,2.0,direct,20260908_1821_tackles_direct,2026-09-20T12:24:48+00:00,2026-09-20T12:25:10+00:00
2026,2,401872932,2026-09-17,20:15,00-0036124,Khalil Dorsey,DET,BUF,DB,tackles,0.8,0.0,3.3,0.4350833979313399,0.16874174280009716,eligible,eligible_current_role,backup,,2.0,direct,20260908_1821_tackles_direct,2026-09-20T12:24:48+00:00,2026-09-20T12:25:10+00:00
2026,2,401872932,2026-09-17,20:15,00-0036162,Tyler Bass,BUF,DET,K,kicking_points,8.0,3.0,13.9,,,eligible,eligible_current_role,starter,Active,1.0,component,20260908_1821_kicking_points_component,2026-09-20T12:24:48+00:00,2026-09-20T12:25:10+00:00
2026,2,401872932,2026-09-17,20:15,00-0036335,D.J. Wonnum,DET,BUF,LB,tackles,2.4,0.5,4.9,0.8605451028228537,0.6474901929796423,eligible,eligible_current_role,starter,,1.0,direct,20260908_1821_tackles_direct,2026-09-20T12:24:48+00:00,2026-09-20T12:25:10+00:00
2026,2,401872932,2026-09-17,20:15,00-0036378,Michael Danna,BUF,DET,LB,tackles,1.8,0.0,4.3,0.7724073775679745,0.4974228503822913,eligible,eligible_current_role,backup,Active,3.0,direct,20260908_1821_tackles_direct,2026-09-20T12:24:48+00:00,2026-09-20T12:25:10+00:00
2026,2,401872932,2026-09-17,20:15,00-0036624,Alim McNeill,DET,BUF,DL,tackles,1.6,0.0,4.3,0.7404597588977351,0.45817269801577154,eligible,eligible_current_role,starter,,1.0,direct,20260908_1821_tackles_direct,2026-09-20T12:24:48+00:00,2026-09-20T12:25:10+00:00
2026,2,401872932,2026-09-17,20:15,00-0036754,Brock Wright,DET,BUF,TE,rushing_yards,0.0,-10.8,14.9,,,eligible,eligible_current_role,backup,,2.0,direct_component_blend,20260908_1821_rushing_yards_blend,2026-09-20T12:24:48+00:00,2026-09-20T12:25:10+00:00
2026,2,401872932,2026-09-17,20:15,00-0036754,Brock Wright,DET,BUF,TE,receiving_yards,15.2,-4.5,49.4,,,eligible,eligible_current_role,backup,,2.0,direct_component_blend,20260908_1821_receiving_yards_blend,2026-09-20T12:24:48+00:00,2026-09-20T12:25:10+00:00
2026,2,401872932,2026-09-17,20:15,00-0036888,Damar Hamlin,BUF,DET,DB,tackles,1.4,0.0,5.0,0.661553247049107,0.3686762557818103,eligible,eligible_current_role,backup,,2.0,direct,20260908_1821_tackles_direct,2026-09-20T12:24:48+00:00,2026-09-20T12:25:10+00:00
2026,2,401872932,2026-09-17,20:15,00-0036914,Greg Rousseau,BUF,DET,LB,tackles,2.7,0.0,6.7,0.8813317484149966,0.6910569209343312,eligible,eligible_current_role,starter,Active,1.0,direct,20260908_1821_tackles_direct,2026-09-20T12:24:48+00:00,2026-09-20T12:25:10+00:00
2026,2,401872932,2026-09-17,20:15,00-0036963,Amon-Ra St. Brown,DET,BUF,WR,rushing_yards,0.0,-10.7,15.1,,,eligible,eligible_current_role,starter,Active,1.0,direct_component_blend,20260908_1821_rushing_yards_blend,2026-09-20T12:24:48+00:00,2026-09-20T12:25:10+00:00
2026,2,401872932,2026-09-17,20:15,00-0036963,Amon-Ra St. Brown,DET,BUF,WR,receiving_yards,63.3,36.7,112.5,,,eligible,eligible_current_role,starter,Active,1.0,direct_component_blend,20260908_1821_receiving_yards_blend,2026-09-20T12:24:48+00:00,2026-09-20T12:25:10+00:00
2026,2,401872932,2026-09-17,20:15,00-0036964,Derrick Barnes,DET,BUF,LB,tackles,5.1,2.1,9.1,0.980671219569755,0.9335736088298081,eligible,eligible_current_role,starter,Active,1.0,direct,20260908_1821_tackles_direct,2026-09-20T12:24:48+00:00,2026-09-20T12:25:10+00:00
2026,2,401872932,2026-09-17,20:15,00-0036988,Josh Palmer,BUF,DET,WR,rushing_yards,0.0,-10.8,15.0,,,eligible,eligible_current_role,backup,Active,4.0,direct_component_blend,20260908_1821_rushing_yards_blend,2026-09-20T12:24:48+00:00,2026-09-20T12:25:10+00:00
2026,2,401872932,2026-09-17,20:15,00-0036988,Josh Palmer,BUF,DET,WR,receiving_yards,17.4,0.2,46.2,,,eligible,eligible_current_role,backup,Active,4.0,direct_component_blend,20260908_1821_receiving_yards_blend,2026-09-20T12:24:48+00:00,2026-09-20T12:25:10+00:00
2026,2,401872932,2026-09-17,20:15,00-0037034,Dee Alford,BUF,DET,DB,tackles,3.8,1.6,6.5,0.9451132161307946,0.8394998851215724,eligible,eligible_current_role,starter,,1.0,direct,20260908_1821_tackles_direct,2026-09-20T12:24:48+00:00,2026-09-20T12:25:10+00:00
2026,2,401872932,2026-09-17,20:15,00-0037236,Aidan Hutchinson,DET,BUF,DL,tackles,3.1,0.9,5.8,0.9100509549521794,0.7641703502568034,eligible,eligible_current_role,starter,Active,1.0,direct,20260908_1821_tackles_direct,2026-09-20T12:24:48+00:00,2026-09-20T12:25:10+00:00
2026,2,401872932,2026-09-17,20:15,00-0037240,Jameson Williams,DET,BUF,WR,rushing_yards,0.2,-10.5,15.3,,,eligible,eligible_current_role,backup,Active,2.0,direct_component_blend,20260908_1821_rushing_yards_blend,2026-09-20T12:24:48+00:00,2026-09-20T12:25:10+00:00
2026,2,401872932,2026-09-17,20:15,00-0037240,Jameson Williams,DET,BUF,WR,receiving_yards,48.1,21.5,97.3,,,eligible,eligible_current_role,backup,Active,2.0,direct_component_blend,20260908_1821_receiving_yards_blend,2026-09-20T12:24:48+00:00,2026-09-20T12:25:10+00:00
2026,2,401872932,2026-09-17,20:15,00-0037248,James Cook,BUF,DET,RB,rushing_yards,68.1,46.1,99.1,,,eligible,eligible_current_role,starter,Active,1.0,direct_component_blend,20260908_1821_rushing_yards_blend,2026-09-20T12:24:48+00:00,2026-09-20T12:25:10+00:00
2026,2,401872932,2026-09-17,20:15,00-0037248,James Cook,BUF,DET,RB,receiving_yards,15.0,-2.2,43.8,,,eligible,eligible_current_role,starter,Active,1.0,direct_component_blend,20260908_1821_receiving_yards_blend,2026-09-20T12:24:48+00:00,2026-09-20T12:25:10+00:00
2026,2,401872932,2026-09-17,20:15,00-0037254,Terrel Bernard,BUF,DET,LB,tackles,4.1,2.1,6.5,0.9594174399445806,0.8711318471735633,eligible,eligible_current_role,recent_defensive_participant,Active,,direct,20260908_1821_tackles_direct,2026-09-20T12:24:48+00:00,2026-09-20T12:25:10+00:00
2026,2,401872932,2026-09-17,20:15,00-0037261,Khalil Shakir,BUF,DET,WR,rushing_yards,0.0,-10.8,15.0,,,eligible,eligible_current_role,backup,Active,2.0,direct_component_blend,20260908_1821_rushing_yards_blend,2026-09-20T12:24:48+00:00,2026-09-20T12:25:10+00:00
2026,2,401872932,2026-09-17,20:15,00-0037261,Khalil Shakir,BUF,DET,WR,receiving_yards,35.3,8.6,84.5,,,eligible,eligible_current_role,backup,Active,2.0,direct_component_blend,20260908_1821_receiving_yards_blend,2026-09-20T12:24:48+00:00,2026-09-20T12:25:10+00:00
2026,2,401872932,2026-09-17,20:15,00-0037288,Christian Benford,BUF,DET,DB,tackles,3.5,0.8,7.0,0.9301237586695018,0.8116431952620581,eligible,eligible_current_role,starter,,1.0,direct,20260908_1821_tackles_direct,2026-09-20T12:24:48+00:00,2026-09-20T12:25:10+00:00
2026,2,401872932,2026-09-17,20:15,00-0037289,Malcolm Rodriguez,DET,BUF,LB,tackles,3.0,1.0,5.4,0.9038731008013223,0.7469766264155518,eligible,eligible_current_role,starter,,1.0,direct,20260908_1821_tackles_direct,2026-09-20T12:24:48+00:00,2026-09-20T12:25:10+00:00
2026,2,401872932,2026-09-17,20:15,00-0037356,Ben Stille,DET,BUF,DL,tackles,1.2,0.0,3.7,0.5776681301113107,0.28698627164859675,eligible,eligible_current_role,recent_defensive_participant,,,direct,20260908_1821_tackles_direct,2026-09-20T12:24:48+00:00,2026-09-20T12:25:10+00:00
2026,2,401872932,2026-09-17,20:15,00-0037524,Tay Martin,DET,BUF,WR,rushing_yards,0.0,-10.8,15.0,,,eligible,eligible_current_role,backup,,5.0,direct_component_blend,20260908_1821_rushing_yards_blend,2026-09-20T12:24:48+00:00,2026-09-20T12:25:10+00:00
2026,2,401872932,2026-09-17,20:15,00-0037524,Tay Martin,DET,BUF,WR,receiving_yards,8.4,-8.7,37.3,,,eligible,eligible_current_role,backup,,5.0,direct_component_blend,20260908_1821_receiving_yards_blend,2026-09-20T12:24:48+00:00,2026-09-20T12:25:10+00:00
2026,2,401872932,2026-09-17,20:15,00-0038125,Roger McCreary,DET,BUF,DB,tackles,3.0,0.9,5.8,0.9061690376985103,0.7532881135216292,eligible,eligible_current_role,starter,,1.0,direct,20260908_1821_tackles_direct,2026-09-20T12:24:48+00:00,2026-09-20T12:25:10+00:00
2026,2,401872932,2026-09-17,20:15,00-0038557,Dorian Williams,BUF,DET,LB,tackles,2.9,0.9,5.3,0.8972675008328369,0.7292961105296515,eligible,eligible_current_role,recent_defensive_participant,,,direct,20260908_1821_tackles_direct,2026-09-20T12:24:48+00:00,2026-09-20T12:25:10+00:00
2026,2,401872932,2026-09-17,20:15,00-0038660,Trevor Nowaske,DET,BUF,LB,tackles,1.1,0.0,3.6,0.5611414153765915,0.2711119713617302,eligible,eligible_current_role,backup,,3.0,direct,20260908_1821_tackles_direct,2026-09-20T12:24:48+00:00,2026-09-20T12:25:10+00:00
2026,2,401872932,2026-09-17,20:15,00-0038820,Christian Izien,DET,BUF,DB,tackles,3.8,1.1,7.3,0.9440062280463055,0.8373522836988315,eligible,eligible_current_role,backup,Active,2.0,direct,20260908_1821_tackles_direct,2026-09-20T12:24:48+00:00,2026-09-20T12:25:10+00:00
2026,2,401872932,2026-09-17,20:15,00-0038896,Jacob Saylors,DET,BUF,RB,rushing_yards,0.8,-9.9,15.9,,,eligible,eligible_current_role,backup,Active,3.0,direct_component_blend,20260908_1821_rushing_yards_blend,2026-09-20T12:24:48+00:00,2026-09-20T12:25:10+00:00
2026,2,401872932,2026-09-17,20:15,00-0038896,Jacob Saylors,DET,BUF,RB,receiving_yards,0.4,-16.8,29.2,,,eligible,eligible_current_role,backup,Active,3.0,direct_component_blend,20260908_1821_receiving_yards_blend,2026-09-20T12:24:48+00:00,2026-09-20T12:25:10+00:00
2026,2,401872932,2026-09-17,20:15,00-0038933,Dalton Kincaid,BUF,DET,TE,rushing_yards,0.0,-10.8,15.0,,,eligible,eligible_current_role,starter,Active,1.0,direct_component_blend,20260908_1821_rushing_yards_blend,2026-09-20T12:24:48+00:00,2026-09-20T12:25:10+00:00
2026,2,401872932,2026-09-17,20:15,00-0038933,Dalton Kincaid,BUF,DET,TE,receiving_yards,26.5,9.3,55.3,,,eligible,eligible_current_role,starter,Active,1.0,direct_component_blend,20260908_1821_receiving_yards_blend,2026-09-20T12:24:48+00:00,2026-09-20T12:25:10+00:00
2026,2,401872932,2026-09-17,20:15,00-0038940,Tyler Lacy,DET,BUF,DL,tackles,1.6,0.0,4.0,0.7458321089662677,0.46520136074435214,eligible,eligible_current_role,backup,,2.0,direct,20260908_1821_tackles_direct,2026-09-20T12:24:48+00:00,2026-09-20T12:25:10+00:00
2026,2,401872932,2026-09-17,20:15,00-0039018,Jack Campbell,DET,BUF,LB,tackles,7.5,5.4,12.4,0.983495145631068,0.9631067961165048,eligible,eligible_current_role,starter,Active,1.0,direct,20260908_1821_tackles_direct,2026-09-20T12:24:48+00:00,2026-09-20T12:25:10+00:00
2026,2,401872932,2026-09-17,20:15,00-0039065,Sam LaPorta,DET,BUF,TE,rushing_yards,0.0,-10.8,14.9,,,eligible,eligible_current_role,starter,Active,1.0,direct_component_blend,20260908_1821_rushing_yards_blend,2026-09-20T12:24:48+00:00,2026-09-20T12:25:10+00:00
2026,2,401872932,2026-09-17,20:15,00-0039065,Sam LaPorta,DET,BUF,TE,receiving_yards,43.2,23.5,77.5,,,eligible,eligible_current_role,starter,Active,1.0,direct_component_blend,20260908_1821_receiving_yards_blend,2026-09-20T12:24:48+00:00,2026-09-20T12:25:10+00:00
2026,2,401872932,2026-09-17,20:15,00-0039139,Jahmyr Gibbs,DET,BUF,RB,rushing_yards,65.8,43.8,96.7,,,eligible,eligible_current_role,starter,Active,1.0,direct_component_blend,20260908_1821_rushing_yards_blend,2026-09-20T12:24:48+00:00,2026-09-20T12:25:10+00:00
2026,2,401872932,2026-09-17,20:15,00-0039139,Jahmyr Gibbs,DET,BUF,RB,receiving_yards,34.4,17.2,63.2,,,eligible,eligible_current_role,starter,Active,1.0,direct_component_blend,20260908_1821_receiving_yards_blend,2026-09-20T12:24:48+00:00,2026-09-20T12:25:10+00:00
2026,2,401872932,2026-09-17,20:15,00-0039172,Jake Bates,DET,BUF,K,kicking_points,7.6,2.6,13.5,,,eligible,eligible_current_role,starter,Active,1.0,component,20260908_1821_kicking_points_component,2026-09-20T12:24:48+00:00,2026-09-20T12:25:10+00:00
2026,2,401872932,2026-09-17,20:15,00-0039364,Sione Vaki,DET,BUF,RB,rushing_yards,2.0,-8.7,17.1,,,eligible,eligible_current_role,backup,Active,2.0,direct_component_blend,20260908_1821_rushing_yards_blend,2026-09-20T12:24:48+00:00,2026-09-20T12:25:10+00:00
2026,2,401872932,2026-09-17,20:15,00-0039364,Sione Vaki,DET,BUF,RB,receiving_yards,1.3,-15.8,30.1,,,eligible,eligible_current_role,backup,Active,2.0,direct_component_blend,20260908_1821_receiving_yards_blend,2026-09-20T12:24:48+00:00,2026-09-20T12:25:10+00:00
2026,2,401872932,2026-09-17,20:15,00-0039396,Mekhi Wingo,DET,BUF,DL,tackles,1.4,0.0,3.9,0.6663266104424844,0.37370297951066295,eligible,eligible_current_role,backup,Active,2.0,direct,20260908_1821_tackles_direct,2026-09-20T12:24:48+00:00,2026-09-20T12:25:10+00:00
2026,2,401872932,2026-09-17,20:15,00-0039471,Frank Gore Jr.,BUF,DET,RB,rushing_yards,12.4,-17.9,54.9,,,eligible,eligible_current_role,backup,Active,4.0,direct_component_blend,20260908_1821_rushing_yards_blend,2026-09-20T12:24:48+00:00,2026-09-20T12:25:10+00:00
2026,2,401872932,2026-09-17,20:15,00-0039471,Frank Gore Jr.,BUF,DET,RB,receiving_yards,2.0,-20.6,42.6,,,eligible,eligible_current_role,backup,Active,4.0,direct_component_blend,20260908_1821_receiving_yards_blend,2026-09-20T12:24:48+00:00,2026-09-20T12:25:10+00:00
2026,2,401872932,2026-09-17,20:15,00-0039660,Thomas Harper,DET,BUF,DB,tackles,2.6,0.7,5.1,0.8782874454617703,0.6844110280713136,eligible,eligible_current_role,backup,,2.0,direct,20260908_1821_tackles_direct,2026-09-20T12:24:48+00:00,2026-09-20T12:25:10+00:00
2026,2,401872932,2026-09-17,20:15,00-0039862,Ennis Rakestraw Jr.,DET,BUF,DB,tackles,1.0,0.0,3.4,0.531868319860872,0.24544184530677465,eligible,eligible_current_role,backup,Active,3.0,direct,20260908_1821_tackles_direct,2026-09-20T12:24:48+00:00,2026-09-20T12:25:10+00:00
2026,2,401872932,2026-09-17,20:15,00-0039872,Cole Bishop,BUF,DET,DB,tackles,5.0,2.2,8.4,0.9800683758788299,0.927893644453366,eligible,questionable_flag,starter,Questionable,1.0,direct,20260908_1821_tackles_direct,2026-09-20T12:24:48+00:00,2026-09-20T12:25:10+00:00
2026,2,401872932,2026-09-17,20:15,00-0039873,DeWayne Carter,BUF,DET,DL,tackles,2.2,0.3,4.7,0.8331924416529887,0.5954290971884941,eligible,eligible_current_role,backup,,2.0,direct,20260908_1821_tackles_direct,2026-09-20T12:24:48+00:00,2026-09-20T12:25:10+00:00
2026,2,401872932,2026-09-17,20:15,00-0039875,Ray Davis,BUF,DET,RB,rushing_yards,6.1,-4.6,21.2,,,eligible,eligible_current_role,backup,Active,2.0,direct_component_blend,20260908_1821_rushing_yards_blend,2026-09-20T12:24:48+00:00,2026-09-20T12:25:10+00:00
2026,2,401872932,2026-09-17,20:15,00-0039875,Ray Davis,BUF,DET,RB,receiving_yards,2.7,-14.5,31.5,,,eligible,eligible_current_role,backup,Active,2.0,direct_component_blend,20260908_1821_receiving_yards_blend,2026-09-20T12:24:48+00:00,2026-09-20T12:25:10+00:00
2026,2,401872932,2026-09-17,20:15,00-0039879,Javon Solomon,BUF,DET,LB,tackles,1.0,0.0,3.5,0.5444668265859428,0.2559237498859349,eligible,eligible_current_role,backup,,3.0,direct,20260908_1821_tackles_direct,2026-09-20T12:24:48+00:00,2026-09-20T12:25:10+00:00
2026,2,401872932,2026-09-17,20:15,00-0039901,Keon Coleman,BUF,DET,WR,rushing_yards,0.0,-10.8,15.0,,,eligible,eligible_current_role,backup,Active,3.0,direct_component_blend,20260908_1821_rushing_yards_blend,2026-09-20T12:24:48+00:00,2026-09-20T12:25:10+00:00
2026,2,401872932,2026-09-17,20:15,00-0039901,Keon Coleman,BUF,DET,WR,receiving_yards,23.6,-3.0,72.8,,,eligible,eligible_current_role,backup,Active,3.0,direct_component_blend,20260908_1821_receiving_yards_blend,2026-09-20T12:24:48+00:00,2026-09-20T12:25:10+00:00
2026,2,401872932,2026-09-17,20:15,00-0040132,Landon Jackson,BUF,DET,DL,tackles,0.7,0.0,4.3,0.4218413468064189,0.15130411745458164,eligible,eligible_current_role,backup,,2.0,direct,20260908_1821_tackles_direct,2026-09-20T12:24:48+00:00,2026-09-20T12:25:10+00:00
2026,2,401872932,2026-09-17,20:15,00-0040192,Jordan Hancock,BUF,DET,DB,tackles,1.3,0.0,3.8,0.5995346867506453,0.30735757435284833,eligible,eligible_current_role,backup,Active,2.0,direct,20260908_1821_tackles_direct,2026-09-20T12:24:48+00:00,2026-09-20T12:25:10+00:00
2026,2,401872932,2026-09-17,20:15,00-0040194,Jackson Hawes,BUF,DET,TE,rushing_yards,0.0,-10.8,15.0,,,eligible,eligible_current_role,backup,Active,3.0,direct_component_blend,20260908_1821_rushing_yards_blend,2026-09-20T12:24:48+00:00,2026-09-20T12:25:10+00:00
2026,2,401872932,2026-09-17,20:15,00-0040194,Jackson Hawes,BUF,DET,TE,receiving_yards,7.4,-9.8,36.2,,,eligible,eligible_current_role,backup,Active,3.0,direct_component_blend,20260908_1821_receiving_yards_blend,2026-09-20T12:24:48+00:00,2026-09-20T12:25:10+00:00
2026,2,401872932,2026-09-17,20:15,00-0040363,Keleki Latu,BUF,DET,TE,rushing_yards,0.0,-11.8,16.5,,,eligible,eligible_current_role,backup,,4.0,direct_component_blend,20260908_1821_rushing_yards_blend,2026-09-20T12:24:48+00:00,2026-09-20T12:25:10+00:00
2026,2,401872932,2026-09-17,20:15,00-0040363,Keleki Latu,BUF,DET,TE,receiving_yards,2.6,-16.1,34.5,,,eligible,eligible_current_role,backup,,4.0,direct_component_blend,20260908_1821_receiving_yards_blend,2026-09-20T12:24:48+00:00,2026-09-20T12:25:10+00:00
2026,2,401872932,2026-09-17,20:15,00-0040390,Jackson Meeks,DET,BUF,TE,rushing_yards,0.0,-14.8,20.6,,,eligible,eligible_current_role,backup,,4.0,direct_component_blend,20260908_1821_rushing_yards_blend,2026-09-20T12:24:48+00:00,2026-09-20T12:25:10+00:00
2026,2,401872932,2026-09-17,20:15,00-0040390,Jackson Meeks,DET,BUF,TE,receiving_yards,2.5,-20.1,43.1,,,eligible,eligible_current_role,backup,,4.0,direct_component_blend,20260908_1821_receiving_yards_blend,2026-09-20T12:24:48+00:00,2026-09-20T12:25:10+00:00
2026,2,401872932,2026-09-17,20:15,00-0040669,Isaac TeSlaa,DET,BUF,WR,rushing_yards,0.0,-10.8,15.0,,,eligible,eligible_current_role,backup,Active,3.0,direct_component_blend,20260908_1821_rushing_yards_blend,2026-09-20T12:24:48+00:00,2026-09-20T12:25:10+00:00
2026,2,401872932,2026-09-17,20:15,00-0040669,Isaac TeSlaa,DET,BUF,WR,receiving_yards,17.6,-9.0,66.8,,,eligible,eligible_current_role,backup,Active,3.0,direct_component_blend,20260908_1821_receiving_yards_blend,2026-09-20T12:24:48+00:00,2026-09-20T12:25:10+00:00
2026,2,401872932,2026-09-17,20:15,00-0040672,Tyleik Williams,DET,BUF,DL,tackles,1.6,0.0,4.0,0.7379117512750384,0.4550541503047271,eligible,eligible_current_role,starter,,1.0,direct,20260908_1821_tackles_direct,2026-09-20T12:24:48+00:00,2026-09-20T12:25:10+00:00
2026,2,401872932,2026-09-17,20:15,00-0040709,Maxwell Hairston,BUF,DET,DB,tackles,2.6,0.5,5.4,0.8778989290496105,0.6835698856742055,eligible,eligible_current_role,starter,,1.0,direct,20260908_1821_tackles_direct,2026-09-20T12:24:48+00:00,2026-09-20T12:25:10+00:00
2026,2,401872932,2026-09-17,20:15,00-0040710,Deone Walker,BUF,DET,DL,tackles,2.4,0.5,4.9,0.857630214574167,0.641694976517696,eligible,eligible_current_role,starter,,1.0,direct,20260908_1821_tackles_direct,2026-09-20T12:24:48+00:00,2026-09-20T12:25:10+00:00
2026,2,401872932,2026-09-17,20:15,00-0040724,T.J. Sanders,BUF,DET,DL,tackles,1.9,0.0,4.4,0.7802649964504554,0.5075865818831976,eligible,questionable_flag,starter,Questionable,1.0,direct,20260908_1821_tackles_direct,2026-09-20T12:24:48+00:00,2026-09-20T12:25:10+00:00
2026,2,401872932,2026-09-17,20:15,00-0040761,Ahmed Hassanein,DET,BUF,DL,tackles,1.0,0.0,4.5,0.5477370848762978,0.2588582249270692,eligible,eligible_current_role,backup,Active,4.0,direct,20260908_1821_tackles_direct,2026-09-20T12:24:48+00:00,2026-09-20T12:25:10+00:00
2026,2,401872932,2026-09-17,20:15,00-0041036,TJ Parker,BUF,DET,LB,tackles,1.6,0.0,5.0,0.7326376107756032,0.4486511500326835,eligible,eligible_current_role,backup,,2.0,direct,20260908_1821_tackles_direct,2026-09-20T12:24:48+00:00,2026-09-20T12:25:10+00:00
2026,2,401872932,2026-09-17,20:15,00-0041086,Jalon Kilgore,BUF,DET,DB,tackles,1.9,0.0,5.9,0.7790710948933337,0.5060221207060646,eligible,eligible_current_role,backup,Active,3.0,direct,20260908_1821_tackles_direct,2026-09-20T12:24:48+00:00,2026-09-20T12:25:10+00:00
2026,2,401872932,2026-09-17,20:15,00-0041391,Davison Igbinosun,BUF,DET,DB,tackles,2.1,0.0,6.1,0.8221778050692797,0.575823563901487,eligible,eligible_current_role,backup,,2.0,direct,20260908_1821_tackles_direct,2026-09-20T12:24:48+00:00,2026-09-20T12:25:10+00:00
2026,2,401872932,2026-09-17,20:15,00-0041441,Derrick Moore,DET,BUF,LB,tackles,1.6,0.0,5.1,0.7351461978219334,0.4516879557101765,eligible,eligible_current_role,backup,Active,2.0,direct,20260908_1821_tackles_direct,2026-09-20T12:24:48+00:00,2026-09-20T12:25:10+00:00
2026,2,401872932,2026-09-17,20:15,00-0041442,Jimmy Rolder,DET,BUF,LB,tackles,1.6,0.0,5.1,0.7351461978219334,0.4516879557101765,eligible,eligible_current_role,backup,Active,2.0,direct,20260908_1821_tackles_direct,2026-09-20T12:24:48+00:00,2026-09-20T12:25:10+00:00
2026,2,401872932,2026-09-17,20:15,00-0041443,Skyler Bell,BUF,DET,WR,rushing_yards,0.0,-14.7,20.7,,,eligible,eligible_current_role,backup,Active,5.0,direct_component_blend,20260908_1821_rushing_yards_blend,2026-09-20T12:24:48+00:00,2026-09-20T12:25:10+00:00
2026,2,401872932,2026-09-17,20:15,00-0041443,Skyler Bell,BUF,DET,WR,receiving_yards,6.4,-16.3,46.9,,,eligible,eligible_current_role,backup,Active,5.0,direct_component_blend,20260908_1821_receiving_yards_blend,2026-09-20T12:24:48+00:00,2026-09-20T12:25:10+00:00
2026,2,401872932,2026-09-17,20:15,00-0041444,Kaleb Elarms-Orr,BUF,DET,LB,tackles,1.3,0.0,4.8,0.6115498258464451,0.31868383785529586,eligible,eligible_current_role,recent_defensive_participant,,,direct,20260908_1821_tackles_direct,2026-09-20T12:24:48+00:00,2026-09-20T12:25:10+00:00
2026,2,401872932,2026-09-17,20:15,00-0041445,Keith Abney II,DET,BUF,DB,tackles,2.1,0.0,6.1,0.8232258532222659,0.577660552748622,eligible,eligible_current_role,backup,,2.0,direct,20260908_1821_tackles_direct,2026-09-20T12:24:48+00:00,2026-09-20T12:25:10+00:00
2026,2,401872932,2026-09-17,20:15,00-0041447,Skyler Gill-Howard,DET,BUF,DL,tackles,1.2,0.0,4.7,0.5684386616090514,0.2780141858804604,eligible,eligible_current_role,backup,,2.0,direct,20260908_1821_tackles_direct,2026-09-20T12:24:48+00:00,2026-09-20T12:25:10+00:00
2026,2,401872932,2026-09-17,20:15,00-0041459,Eric O'Neill,DET,BUF,DL,tackles,1.2,0.0,4.7,0.5680418198143464,0.2776345297273516,eligible,eligible_current_role,backup,,3.0,direct,20260908_1821_tackles_direct,2026-09-20T12:24:48+00:00,2026-09-20T12:25:10+00:00
2026,2,401872933,2026-09-20,13:00,00-0025565,Nick Folk,ATL,CAR,K,kicking_points,7.2,2.5,12.7,,,eligible,eligible_current_role,starter,Active,1.0,component,20260908_1821_kicking_points_component,2026-09-20T12:24:48+00:00,2026-09-20T12:25:10+00:00
2026,2,401872933,2026-09-20,13:00,00-0031576,Za'Darius Smith,ATL,CAR,LB,tackles,1.8,0.0,4.3,0.7737186672166952,0.49909750508102324,eligible,eligible_current_role,starter,Active,1.0,direct,20260908_1821_tackles_direct,2026-09-20T12:24:48+00:00,2026-09-20T12:25:10+00:00
2026,2,401872933,2026-09-20,13:00,00-0031610,Darren Waller,CAR,ATL,TE,rushing_yards,0.0,-10.8,15.0,,,eligible,eligible_current_role,backup,Active,3.0,direct_component_blend,20260908_1821_rushing_yards_blend,2026-09-20T12:24:48+00:00,2026-09-20T12:25:10+00:00
2026,2,401872933,2026-09-20,13:00,00-0031610,Darren Waller,CAR,ATL,TE,receiving_yards,18.2,-1.5,52.4,,,eligible,eligible_current_role,backup,Active,3.0,direct_component_blend,20260908_1821_receiving_yards_blend,2026-09-20T12:24:48+00:00,2026-09-20T12:25:10+00:00
2026,2,401872933,2026-09-20,13:00,00-0032392,Austin Hooper,ATL,CAR,TE,rushing_yards,0.0,-10.8,15.0,,,eligible,eligible_current_role,backup,,3.0,direct_component_blend,20260908_1821_rushing_yards_blend,2026-09-20T12:24:48+00:00,2026-09-20T12:25:10+00:00
2026,2,401872933,2026-09-20,13:00,00-0032392,Austin Hooper,ATL,CAR,TE,receiving_yards,14.3,-2.9,43.1,,,eligible,eligible_current_role,backup,,3.0,direct_component_blend,20260908_1821_receiving_yards_blend,2026-09-20T12:24:48+00:00,2026-09-20T12:25:10+00:00
2026,2,401872933,2026-09-20,13:00,00-0033662,Cooper Rush,ATL,CAR,QB,rushing_yards,2.8,-7.9,17.8,,,eligible,eligible_current_role,backup,Active,3.0,direct_component_blend,20260908_1821_rushing_yards_blend,2026-09-20T12:24:48+00:00,2026-09-20T12:25:10+00:00
2026,2,401872933,2026-09-20,13:00,00-0033945,Samson Ebukam,ATL,CAR,DL,tackles,1.9,0.0,4.4,0.7756904478081957,0.501631701135524,eligible,eligible_current_role,starter,,1.0,direct,20260908_1821_tackles_direct,2026-09-20T12:24:48+00:00,2026-09-20T12:25:10+00:00
2026,2,401872933,2026-09-20,13:00,00-0034639,Mike Ford,ATL,CAR,DB,tackles,0.7,0.0,3.2,0.40903337554074826,0.1353429810736874,eligible,eligible_current_role,backup,,2.0,direct,20260908_1821_tackles_direct,2026-09-20T12:24:48+00:00,2026-09-20T12:25:10+00:00
2026,2,401872933,2026-09-20,13:00,00-0034675,Jessie Bates,ATL,CAR,DB,tackles,5.5,2.8,9.0,0.9820913016320364,0.9476335248228904,eligible,eligible_current_role,starter,,1.0,direct,20260908_1821_tackles_direct,2026-09-20T12:24:48+00:00,2026-09-20T12:25:10+00:00
2026,2,401872933,2026-09-20,13:00,00-0034843,Mike Hughes,ATL,CAR,DB,tackles,2.4,0.0,6.0,0.8618591538860016,0.6501262311287563,eligible,eligible_current_role,starter,,1.0,direct,20260908_1821_tackles_direct,2026-09-20T12:24:48+00:00,2026-09-20T12:25:10+00:00
2026,2,401872933,2026-09-20,13:00,00-0035208,Olamide Zaccheaus,ATL,CAR,WR,rushing_yards,0.0,-10.8,15.0,,,eligible,eligible_current_role,backup,Active,3.0,direct_component_blend,20260908_1821_rushing_yards_blend,2026-09-20T12:24:48+00:00,2026-09-20T12:25:10+00:00
2026,2,401872933,2026-09-20,13:00,00-0035208,Olamide Zaccheaus,ATL,CAR,WR,receiving_yards,21.5,4.3,50.3,,,eligible,eligible_current_role,backup,Active,3.0,direct_component_blend,20260908_1821_receiving_yards_blend,2026-09-20T12:24:48+00:00,2026-09-20T12:25:10+00:00
2026,2,401872933,2026-09-20,13:00,00-0035251,Will Grier,CAR,ATL,QB,rushing_yards,10.5,-3.6,30.2,,,eligible,eligible_current_role,roster_only,,,direct_component_blend,20260908_1821_rushing_yards_blend,2026-09-20T12:24:48+00:00,2026-09-20T12:25:10+00:00
2026,2,401872933,2026-09-20,13:00,00-0035277,Mike Jackson,CAR,ATL,DB,tackles,3.9,1.2,7.4,0.9495994211420263,0.8483545660363037,eligible,eligible_current_role,starter,,1.0,direct,20260908_1821_tackles_direct,2026-09-20T12:24:48+00:00,2026-09-20T12:25:10+00:00
2026,2,401872933,2026-09-20,13:00,00-0035669,Nick Scott,CAR,ATL,DB,tackles,5.1,2.4,8.5,0.9806314808790777,0.9331945340394913,eligible,eligible_current_role,starter,,1.0,direct,20260908_1821_tackles_direct,2026-09-20T12:24:48+00:00,2026-09-20T12:25:10+00:00
2026,2,401872933,2026-09-20,13:00,00-0035687,Bobby Okereke,CAR,ATL,LB,tackles,7.0,4.3,11.3,0.983495145631068,0.9631067961165048,eligible,eligible_current_role,recent_defensive_participant,,,direct,20260908_1821_tackles_direct,2026-09-20T12:24:48+00:00,2026-09-20T12:25:10+00:00
2026,2,401872933,2026-09-20,13:00,00-0036204,LaCale London,ATL,CAR,DL,tackles,2.0,0.1,4.5,0.7998949154379883,0.5380895868721117,eligible,eligible_current_role,starter,,1.0,direct,20260908_1821_tackles_direct,2026-09-20T12:24:48+00:00,2026-09-20T12:25:10+00:00
2026,2,401872933,2026-09-20,13:00,00-0036212,Tua Tagovailoa,ATL,CAR,QB,rushing_yards,5.1,-5.6,20.1,,,eligible,questionable_flag,backup,Questionable,2.0,direct_component_blend,20260908_1821_rushing_yards_blend,2026-09-20T12:24:48+00:00,2026-09-20T12:25:10+00:00
2026,2,401872933,2026-09-20,13:00,00-0036220,Derrick Brown,CAR,ATL,DL,tackles,3.4,1.3,6.2,0.9285671622034245,0.8088857414355636,eligible,eligible_current_role,starter,Active,1.0,direct,20260908_1821_tackles_direct,2026-09-20T12:24:48+00:00,2026-09-20T12:25:10+00:00
2026,2,401872933,2026-09-20,13:00,00-0036265,AJ Dillon,CAR,ATL,RB,rushing_yards,18.0,7.2,33.0,,,eligible,eligible_current_role,backup,Active,3.0,direct_component_blend,20260908_1821_rushing_yards_blend,2026-09-20T12:24:48+00:00,2026-09-20T12:25:10+00:00
2026,2,401872933,2026-09-20,13:00,00-0036265,AJ Dillon,CAR,ATL,RB,receiving_yards,2.5,-14.7,31.3,,,eligible,eligible_current_role,backup,Active,3.0,direct_component_blend,20260908_1821_receiving_yards_blend,2026-09-20T12:24:48+00:00,2026-09-20T12:25:10+00:00
2026,2,401872933,2026-09-20,13:00,00-0036281,C.J. Henderson,ATL,CAR,DB,tackles,3.5,1.3,6.2,0.9299361587049088,0.8113096544411027,eligible,eligible_current_role,backup,,2.0,direct,20260908_1821_tackles_direct,2026-09-20T12:24:48+00:00,2026-09-20T12:25:10+00:00
2026,2,401872933,2026-09-20,13:00,00-0036285,A.J. Terrell,ATL,CAR,DB,tackles,4.0,1.4,7.5,0.9552904761249517,0.8613120594174507,eligible,eligible_current_role,starter,Active,1.0,direct,20260908_1821_tackles_direct,2026-09-20T12:24:48+00:00,2026-09-20T12:25:10+00:00
2026,2,401872933,2026-09-20,13:00,00-0036305,Trevis Gipson,CAR,ATL,LB,tackles,1.6,0.0,4.0,0.7453634004355028,0.4646607355783399,eligible,eligible_current_role,backup,,2.0,direct,20260908_1821_tackles_direct,2026-09-20T12:24:48+00:00,2026-09-20T12:25:10+00:00
2026,2,401872933,2026-09-20,13:00,00-0036429,Charlie Woerner,ATL,CAR,TE,rushing_yards,0.0,-10.8,15.0,,,eligible,eligible_current_role,backup,,2.0,direct_component_blend,20260908_1821_rushing_yards_blend,2026-09-20T12:24:48+00:00,2026-09-20T12:25:10+00:00
2026,2,401872933,2026-09-20,13:00,00-0036429,Charlie Woerner,ATL,CAR,TE,receiving_yards,7.9,-9.2,36.7,,,eligible,eligible_current_role,backup,,2.0,direct_component_blend,20260908_1821_receiving_yards_blend,2026-09-20T12:24:48+00:00,2026-09-20T12:25:10+00:00
2026,2,401872933,2026-09-20,13:00,00-0036463,Chris Blair,ATL,CAR,WR,rushing_yards,0.0,-11.8,16.5,,,eligible,eligible_current_role,backup,,5.0,direct_component_blend,20260908_1821_rushing_yards_blend,2026-09-20T12:24:48+00:00,2026-09-20T12:25:10+00:00
2026,2,401872933,2026-09-20,13:00,00-0036463,Chris Blair,ATL,CAR,WR,receiving_yards,0.7,-18.0,32.6,,,eligible,eligible_current_role,backup,,5.0,direct_component_blend,20260908_1821_receiving_yards_blend,2026-09-20T12:24:48+00:00,2026-09-20T12:25:10+00:00
2026,2,401872933,2026-09-20,13:00,00-0036555,Chuba Hubbard,CAR,ATL,RB,rushing_yards,30.8,8.8,61.8,,,eligible,eligible_current_role,starter,Active,1.0,direct_component_blend,20260908_1821_rushing_yards_blend,2026-09-20T12:24:48+00:00,2026-09-20T12:25:10+00:00
2026,2,401872933,2026-09-20,13:00,00-0036555,Chuba Hubbard,CAR,ATL,RB,receiving_yards,10.4,-6.8,39.2,,,eligible,eligible_current_role,starter,Active,1.0,direct_component_blend,20260908_1821_receiving_yards_blend,2026-09-20T12:24:48+00:00,2026-09-20T12:25:10+00:00
2026,2,401872933,2026-09-20,13:00,00-0036825,Feleipe Franks,CAR,ATL,TE,rushing_yards,0.0,-10.7,15.0,,,eligible,eligible_current_role,backup,,4.0,direct_component_blend,20260908_1821_rushing_yards_blend,2026-09-20T12:24:48+00:00,2026-09-20T12:25:10+00:00
2026,2,401872933,2026-09-20,13:00,00-0036825,Feleipe Franks,CAR,ATL,TE,receiving_yards,1.6,-15.5,30.4,,,eligible,eligible_current_role,backup,,4.0,direct_component_blend,20260908_1821_receiving_yards_blend,2026-09-20T12:24:48+00:00,2026-09-20T12:25:10+00:00
2026,2,401872933,2026-09-20,13:00,00-0036903,Bobby Brown III,CAR,ATL,DL,tackles,2.2,0.2,4.7,0.8245187291350455,0.5799347673485075,eligible,questionable_flag,starter,Questionable,1.0,direct,20260908_1821_tackles_direct,2026-09-20T12:24:48+00:00,2026-09-20T12:25:10+00:00
2026,2,401872933,2026-09-20,13:00,00-0036934,Jaelan Phillips,CAR,ATL,LB,tackles,3.3,0.3,7.3,0.9176706968000417,0.786378292876619,eligible,eligible_current_role,starter,Active,1.0,direct,20260908_1821_tackles_direct,2026-09-20T12:24:48+00:00,2026-09-20T12:25:10+00:00
2026,2,401872933,2026-09-20,13:00,00-0036944,Jaycee Horn,CAR,ATL,DB,tackles,3.7,1.0,7.2,0.9398812184250139,0.8294860967648869,eligible,eligible_current_role,starter,,1.0,direct,20260908_1821_tackles_direct,2026-09-20T12:24:48+00:00,2026-09-20T12:25:10+00:00
2026,2,401872933,2026-09-20,13:00,00-0036962,Tre'von Moehrig,CAR,ATL,DB,tackles,5.3,2.6,8.7,0.9814021616371464,0.9406767675559669,eligible,eligible_current_role,starter,,1.0,direct,20260908_1821_tackles_direct,2026-09-20T12:24:48+00:00,2026-09-20T12:25:10+00:00
2026,2,401872933,2026-09-20,13:00,00-0036970,Kyle Pitts,ATL,CAR,TE,rushing_yards,0.0,-10.8,15.0,,,eligible,eligible_current_role,starter,Active,1.0,direct_component_blend,20260908_1821_rushing_yards_blend,2026-09-20T12:24:48+00:00,2026-09-20T12:25:10+00:00
2026,2,401872933,2026-09-20,13:00,00-0036970,Kyle Pitts,ATL,CAR,TE,receiving_yards,47.2,27.5,81.5,,,eligible,eligible_current_role,starter,Active,1.0,direct_component_blend,20260908_1821_receiving_yards_blend,2026-09-20T12:24:48+00:00,2026-09-20T12:25:10+00:00
2026,2,401872933,2026-09-20,13:00,00-0036990,Divine Deablo,ATL,CAR,LB,tackles,6.2,3.3,10.2,0.9834416776535051,0.9622843340087489,eligible,eligible_current_role,recent_defensive_participant,,,direct,20260908_1821_tackles_direct,2026-09-20T12:24:48+00:00,2026-09-20T12:25:10+00:00
2026,2,401872933,2026-09-20,13:00,00-0037005,Tommy Tremble,CAR,ATL,TE,rushing_yards,0.0,-10.8,15.0,,,eligible,eligible_current_role,starter,Active,1.0,direct_component_blend,20260908_1821_rushing_yards_blend,2026-09-20T12:24:48+00:00,2026-09-20T12:25:10+00:00
2026,2,401872933,2026-09-20,13:00,00-0037005,Tommy Tremble,CAR,ATL,TE,receiving_yards,12.9,-4.2,41.8,,,eligible,eligible_current_role,starter,Active,1.0,direct_component_blend,20260908_1821_receiving_yards_blend,2026-09-20T12:24:48+00:00,2026-09-20T12:25:10+00:00
2026,2,401872933,2026-09-20,13:00,00-0037007,Patrick Jones II,CAR,ATL,LB,tackles,2.5,0.5,5.0,0.8658701362683174,0.6582654094100239,eligible,questionable_flag,starter,Questionable,1.0,direct,20260908_1821_tackles_direct,2026-09-20T12:24:48+00:00,2026-09-20T12:25:10+00:00
2026,2,401872933,2026-09-20,13:00,00-0037179,Jeremiah Moon,CAR,ATL,LB,tackles,0.7,0.0,3.2,0.4085400582947697,0.13474553307630605,eligible,eligible_current_role,recent_defensive_participant,,,direct,20260908_1821_tackles_direct,2026-09-20T12:24:48+00:00,2026-09-20T12:25:10+00:00
2026,2,401872933,2026-09-20,13:00,00-0037238,Drake London,ATL,CAR,WR,rushing_yards,1.3,-9.4,16.3,,,eligible,eligible_current_role,starter,Active,1.0,direct_component_blend,20260908_1821_rushing_yards_blend,2026-09-20T12:24:48+00:00,2026-09-20T12:25:10+00:00
2026,2,401872933,2026-09-20,13:00,00-0037238,Drake London,ATL,CAR,WR,receiving_yards,58.0,31.3,107.2,,,eligible,eligible_current_role,starter,Active,1.0,direct_component_blend,20260908_1821_receiving_yards_blend,2026-09-20T12:24:48+00:00,2026-09-20T12:25:10+00:00
2026,2,401872933,2026-09-20,13:00,00-0037244,Devin Lloyd,CAR,ATL,LB,tackles,5.2,2.2,9.2,0.9810508628116243,0.9372308871883667,eligible,eligible_current_role,recent_defensive_participant,Active,,direct,20260908_1821_tackles_direct,2026-09-20T12:24:48+00:00,2026-09-20T12:25:10+00:00
2026,2,401872933,2026-09-20,13:00,00-0037317,Nick Muse,ATL,CAR,TE,rushing_yards,0.1,-11.7,16.6,,,eligible,eligible_current_role,backup,Active,4.0,direct_component_blend,20260908_1821_rushing_yards_blend,2026-09-20T12:24:48+00:00,2026-09-20T12:25:10+00:00
2026,2,401872933,2026-09-20,13:00,00-0037317,Nick Muse,ATL,CAR,TE,receiving_yards,5.7,-12.9,37.6,,,eligible,eligible_current_role,backup,Active,4.0,direct_component_blend,20260908_1821_receiving_yards_blend,2026-09-20T12:24:48+00:00,2026-09-20T12:25:10+00:00
2026,2,401872933,2026-09-20,13:00,00-0037614,John Metchie III,CAR,ATL,WR,rushing_yards,0.1,-10.7,15.1,,,eligible,eligible_current_role,backup,Active,5.0,direct_component_blend,20260908_1821_rushing_yards_blend,2026-09-20T12:24:48+00:00,2026-09-20T12:25:10+00:00
2026,2,401872933,2026-09-20,13:00,00-0037614,John Metchie III,CAR,ATL,WR,receiving_yards,23.0,-3.6,72.2,,,eligible,eligible_current_role,backup,Active,5.0,direct_component_blend,20260908_1821_receiving_yards_blend,2026-09-20T12:24:48+00:00,2026-09-20T12:25:10+00:00
2026,2,401872933,2026-09-20,13:00,00-0037741,Jahan Dotson,ATL,CAR,WR,rushing_yards,0.0,-10.8,15.0,,,eligible,eligible_current_role,backup,Active,2.0,direct_component_blend,20260908_1821_rushing_yards_blend,2026-09-20T12:24:48+00:00,2026-09-20T12:25:10+00:00
2026,2,401872933,2026-09-20,13:00,00-0037741,Jahan Dotson,ATL,CAR,WR,receiving_yards,14.5,-2.6,43.3,,,eligible,eligible_current_role,backup,Active,2.0,direct_component_blend,20260908_1821_receiving_yards_blend,2026-09-20T12:24:48+00:00,2026-09-20T12:25:10+00:00
2026,2,401872933,2026-09-20,13:00,00-0037746,Brian Robinson,ATL,CAR,RB,rushing_yards,24.8,2.8,55.7,,,eligible,eligible_current_role,backup,Active,2.0,direct_component_blend,20260908_1821_rushing_yards_blend,2026-09-20T12:24:48+00:00,2026-09-20T12:25:10+00:00
2026,2,401872933,2026-09-20,13:00,00-0037746,Brian Robinson,ATL,CAR,RB,receiving_yards,3.0,-14.2,31.8,,,eligible,eligible_current_role,backup,Active,2.0,direct_component_blend,20260908_1821_receiving_yards_blend,2026-09-20T12:24:48+00:00,2026-09-20T12:25:10+00:00
2026,2,401872933,2026-09-20,13:00,00-0037815,Cameron Thomas,ATL,CAR,DL,tackles,1.4,0.0,3.9,0.6667227461710652,0.3741222296474238,eligible,eligible_current_role,backup,,2.0,direct,20260908_1821_tackles_direct,2026-09-20T12:24:48+00:00,2026-09-20T12:25:10+00:00
2026,2,401872933,2026-09-20,13:00,00-0038101,Akayleb Evans,CAR,ATL,DB,tackles,0.8,0.0,3.3,0.45951635167573945,0.1917484342864196,eligible,eligible_current_role,backup,Active,2.0,direct,20260908_1821_tackles_direct,2026-09-20T12:24:48+00:00,2026-09-20T12:25:10+00:00
2026,2,401872933,2026-09-20,13:00,00-0038102,Kenny Pickett,CAR,ATL,QB,rushing_yards,8.7,-2.0,23.7,,,eligible,eligible_current_role,backup,,2.0,direct_component_blend,20260908_1821_rushing_yards_blend,2026-09-20T12:24:48+00:00,2026-09-20T12:25:10+00:00
2026,2,401872933,2026-09-20,13:00,00-0038493,Claudin Cherelus,CAR,ATL,LB,tackles,3.8,1.8,6.2,0.9456501112889735,0.8405473433130813,eligible,eligible_current_role,recent_defensive_participant,,,direct,20260908_1821_tackles_direct,2026-09-20T12:24:48+00:00,2026-09-20T12:25:10+00:00
2026,2,401872933,2026-09-20,13:00,00-0038542,Bijan Robinson,ATL,CAR,RB,rushing_yards,82.6,60.6,113.5,,,eligible,eligible_current_role,starter,Active,1.0,direct_component_blend,20260908_1821_rushing_yards_blend,2026-09-20T12:24:48+00:00,2026-09-20T12:25:10+00:00
2026,2,401872933,2026-09-20,13:00,00-0038542,Bijan Robinson,ATL,CAR,RB,receiving_yards,34.3,17.1,63.1,,,eligible,eligible_current_role,starter,Active,1.0,direct_component_blend,20260908_1821_receiving_yards_blend,2026-09-20T12:24:48+00:00,2026-09-20T12:25:10+00:00
2026,2,401872933,2026-09-20,13:00,00-0038580,Yasir Abdullah,ATL,CAR,LB,tackles,0.8,0.0,3.3,0.43530094539184977,0.16903637864575632,eligible,eligible_current_role,backup,,3.0,direct,20260908_1821_tackles_direct,2026-09-20T12:24:48+00:00,2026-09-20T12:25:10+00:00
2026,2,401872933,2026-09-20,13:00,00-0038628,DeMarcco Hellams,ATL,CAR,DB,tackles,0.8,0.0,3.3,0.4602842700016806,0.19226792648683755,eligible,eligible_current_role,backup,,2.0,direct,20260908_1821_tackles_direct,2026-09-20T12:24:48+00:00,2026-09-20T12:25:10+00:00
2026,2,401872933,2026-09-20,13:00,00-0038791,Thomas Incoom,CAR,ATL,LB,tackles,0.9,0.0,3.3,0.47412559509645663,0.20180886654911837,eligible,eligible_current_role,backup,,3.0,direct,20260908_1821_tackles_direct,2026-09-20T12:24:48+00:00,2026-09-20T12:25:10+00:00
2026,2,401872933,2026-09-20,13:00,00-0038840,Brycen Tremayne,CAR,ATL,WR,rushing_yards,0.0,-10.8,15.0,,,eligible,eligible_current_role,backup,,4.0,direct_component_blend,20260908_1821_rushing_yards_blend,2026-09-20T12:24:48+00:00,2026-09-20T12:25:10+00:00
2026,2,401872933,2026-09-20,13:00,00-0038840,Brycen Tremayne,CAR,ATL,WR,receiving_yards,3.0,-14.2,31.8,,,eligible,eligible_current_role,backup,,4.0,direct_component_blend,20260908_1821_receiving_yards_blend,2026-09-20T12:24:48+00:00,2026-09-20T12:25:10+00:00
2026,2,401872933,2026-09-20,13:00,00-0039002,Sydney Brown,ATL,CAR,DB,tackles,1.2,0.0,3.7,0.5750130491790127,0.28437702794664654,eligible,eligible_current_role,backup,,2.0,direct,20260908_1821_tackles_direct,2026-09-20T12:24:48+00:00,2026-09-20T12:25:10+00:00
2026,2,401872933,2026-09-20,13:00,00-0039070,Gervon Dexter Sr.,ATL,CAR,DL,tackles,2.5,0.5,4.9,0.8622554752726416,0.650924181488843,eligible,eligible_current_role,starter,,1.0,direct,20260908_1821_tackles_direct,2026-09-20T12:24:48+00:00,2026-09-20T12:25:10+00:00
2026,2,401872933,2026-09-20,13:00,00-0039150,Bryce Young,CAR,ATL,QB,passing_yards,202.8,109.3,309.0,,,eligible,eligible_current_role,starter,Active,1.0,direct_component_blend,20260908_1821_passing_yards_blend,2026-09-20T12:24:48+00:00,2026-09-20T12:25:10+00:00
2026,2,401872933,2026-09-20,13:00,00-0039150,Bryce Young,CAR,ATL,QB,passing_tds,1.419,,,0.7830848892750716,0.39285714285714285,eligible,eligible_current_role,starter,Active,1.0,direct_component_blend,20260908_1821_passing_tds_blend,2026-09-20T12:24:48+00:00,2026-09-20T12:25:10+00:00
2026,2,401872933,2026-09-20,13:00,00-0039150,Bryce Young,CAR,ATL,QB,rushing_yards,18.8,6.1,36.8,,,eligible,eligible_current_role,starter,Active,1.0,direct_component_blend,20260908_1821_rushing_yards_blend,2026-09-20T12:24:48+00:00,2026-09-20T12:25:10+00:00
2026,2,401872933,2026-09-20,13:00,00-0039342,Xavier Legette,CAR,ATL,WR,rushing_yards,0.0,-10.7,15.0,,,eligible,eligible_current_role,backup,Active,3.0,direct_component_blend,20260908_1821_rushing_yards_blend,2026-09-20T12:24:48+00:00,2026-09-20T12:25:10+00:00
2026,2,401872933,2026-09-20,13:00,00-0039342,Xavier Legette,CAR,ATL,WR,receiving_yards,18.2,1.1,47.0,,,eligible,eligible_current_role,backup,Active,3.0,direct_component_blend,20260908_1821_receiving_yards_blend,2026-09-20T12:24:48+00:00,2026-09-20T12:25:10+00:00
2026,2,401872933,2026-09-20,13:00,00-0039344,Jonathon Brooks,CAR,ATL,RB,rushing_yards,10.0,-14.2,44.0,,,eligible,eligible_current_role,backup,Active,2.0,direct_component_blend,20260908_1821_rushing_yards_blend,2026-09-20T12:24:48+00:00,2026-09-20T12:25:10+00:00
2026,2,401872933,2026-09-20,13:00,00-0039344,Jonathon Brooks,CAR,ATL,RB,receiving_yards,3.6,-15.0,35.6,,,eligible,eligible_current_role,backup,Active,2.0,direct_component_blend,20260908_1821_receiving_yards_blend,2026-09-20T12:24:48+00:00,2026-09-20T12:25:10+00:00
2026,2,401872933,2026-09-20,13:00,00-0039356,Ja'Tavion Sanders,CAR,ATL,TE,rushing_yards,0.0,-10.8,14.9,,,eligible,eligible_current_role,backup,Active,5.0,direct_component_blend,20260908_1821_rushing_yards_blend,2026-09-20T12:24:48+00:00,2026-09-20T12:25:10+00:00
2026,2,401872933,2026-09-20,13:00,00-0039356,Ja'Tavion Sanders,CAR,ATL,TE,receiving_yards,6.4,-10.8,35.2,,,eligible,eligible_current_role,backup,Active,5.0,direct_component_blend,20260908_1821_receiving_yards_blend,2026-09-20T12:24:48+00:00,2026-09-20T12:25:10+00:00
2026,2,401872933,2026-09-20,13:00,00-0039380,Chau Smith-Wade,CAR,ATL,DB,tackles,3.8,1.1,7.3,0.945029250038271,0.8393364203016453,eligible,eligible_current_role,starter,,1.0,direct,20260908_1821_tackles_direct,2026-09-20T12:24:48+00:00,2026-09-20T12:25:10+00:00
2026,2,401872933,2026-09-20,13:00,00-0039491,Jalen Coker,CAR,ATL,WR,rushing_yards,0.0,-10.8,15.0,,,eligible,questionable_flag,backup,Questionable,2.0,direct_component_blend,20260908_1821_rushing_yards_blend,2026-09-20T12:24:48+00:00,2026-09-20T12:25:10+00:00
2026,2,401872933,2026-09-20,13:00,00-0039491,Jalen Coker,CAR,ATL,WR,receiving_yards,32.3,15.1,61.1,,,eligible,questionable_flag,backup,Questionable,2.0,direct_component_blend,20260908_1821_receiving_yards_blend,2026-09-20T12:24:48+00:00,2026-09-20T12:25:10+00:00
2026,2,401872933,2026-09-20,13:00,00-0039837,Bralen Trice,ATL,CAR,LB,tackles,1.1,0.0,4.7,0.5656860700078962,0.27539103034071455,eligible,eligible_current_role,recent_defensive_participant,,,direct,20260908_1821_tackles_direct,2026-09-20T12:24:48+00:00,2026-09-20T12:25:10+00:00
2026,2,401872933,2026-09-20,13:00,00-0039859,Brandon Dorlus,ATL,CAR,DL,tackles,1.4,0.0,3.9,0.6701971864234056,0.37781322288433705,eligible,eligible_current_role,starter,Active,1.0,direct,20260908_1821_tackles_direct,2026-09-20T12:24:48+00:00,2026-09-20T12:25:10+00:00
2026,2,401872933,2026-09-20,13:00,00-0039889,Maason Smith,ATL,CAR,DL,tackles,1.3,0.0,3.8,0.6403372302396564,0.3468836500954078,eligible,eligible_current_role,backup,,2.0,direct,20260908_1821_tackles_direct,2026-09-20T12:24:48+00:00,2026-09-20T12:25:10+00:00
2026,2,401872933,2026-09-20,13:00,00-0039917,Michael Penix Jr.,ATL,CAR,QB,passing_yards,201.3,107.8,307.5,,,eligible,questionable_flag,starter,Questionable,1.0,direct_component_blend,20260908_1821_passing_yards_blend,2026-09-20T12:24:48+00:00,2026-09-20T12:25:10+00:00
2026,2,401872933,2026-09-20,13:00,00-0039917,Michael Penix Jr.,ATL,CAR,QB,passing_tds,1.188,,,0.6547619047619048,0.39285714285714285,eligible,questionable_flag,starter,Questionable,1.0,direct_component_blend,20260908_1821_passing_tds_blend,2026-09-20T12:24:48+00:00,2026-09-20T12:25:10+00:00
2026,2,401872933,2026-09-20,13:00,00-0039917,Michael Penix Jr.,ATL,CAR,QB,rushing_yards,5.8,-4.9,20.8,,,eligible,questionable_flag,starter,Questionable,1.0,direct_component_blend,20260908_1821_rushing_yards_blend,2026-09-20T12:24:48+00:00,2026-09-20T12:25:10+00:00
2026,2,401872933,2026-09-20,13:00,00-0040056,Jared Ivey,ATL,CAR,DL,tackles,0.7,0.0,4.2,0.4092583935884252,0.13561591777902415,eligible,eligible_current_role,backup,,2.0,direct,20260908_1821_tackles_direct,2026-09-20T12:24:48+00:00,2026-09-20T12:25:10+00:00
2026,2,401872933,2026-09-20,13:00,00-0040124,Tetairoa McMillan,CAR,ATL,WR,rushing_yards,0.0,-10.8,15.0,,,eligible,eligible_current_role,starter,Active,1.0,direct_component_blend,20260908_1821_rushing_yards_blend,2026-09-20T12:24:48+00:00,2026-09-20T12:25:10+00:00
2026,2,401872933,2026-09-20,13:00,00-0040124,Tetairoa McMillan,CAR,ATL,WR,receiving_yards,48.5,21.8,97.6,,,eligible,eligible_current_role,starter,Active,1.0,direct_component_blend,20260908_1821_receiving_yards_blend,2026-09-20T12:24:48+00:00,2026-09-20T12:25:10+00:00
2026,2,401872933,2026-09-20,13:00,00-0040136,Princely Umanmielen,CAR,ATL,LB,tackles,1.6,0.0,4.0,0.7424516049557461,0.46101510467385387,eligible,eligible_current_role,backup,Active,2.0,direct,20260908_1821_tackles_direct,2026-09-20T12:24:48+00:00,2026-09-20T12:25:10+00:00
2026,2,401872933,2026-09-20,13:00,00-0040148,Xavier Watts,ATL,CAR,DB,tackles,5.1,2.4,8.6,0.9808419277246215,0.9352099627517284,eligible,eligible_current_role,starter,,1.0,direct,20260908_1821_tackles_direct,2026-09-20T12:24:48+00:00,2026-09-20T12:25:10+00:00
2026,2,401872933,2026-09-20,13:00,00-0040156,Billy Bowman Jr.,ATL,CAR,DB,tackles,4.0,1.3,7.4,0.9516589799663906,0.8528648662396712,eligible,questionable_flag,starter,Questionable,1.0,direct,20260908_1821_tackles_direct,2026-09-20T12:24:48+00:00,2026-09-20T12:25:10+00:00
2026,2,401872933,2026-09-20,13:00,00-0040159,Lathan Ransom,CAR,ATL,DB,tackles,1.8,0.0,4.6,0.7695642351983423,0.49382068623395636,eligible,eligible_current_role,backup,,2.0,direct,20260908_1821_tackles_direct,2026-09-20T12:24:48+00:00,2026-09-20T12:25:10+00:00
2026,2,401872933,2026-09-20,13:00,00-0040174,Cam Jackson,CAR,ATL,DL,tackles,1.1,0.0,3.9,0.5673205070034361,0.2769457293738472,eligible,eligible_current_role,backup,Active,2.0,direct,20260908_1821_tackles_direct,2026-09-20T12:24:48+00:00,2026-09-20T12:25:10+00:00
2026,2,401872933,2026-09-20,13:00,00-0040187,Mitchell Evans,CAR,ATL,TE,rushing_yards,0.1,-10.6,15.1,,,eligible,eligible_current_role,backup,Active,2.0,direct_component_blend,20260908_1821_rushing_yards_blend,2026-09-20T12:24:48+00:00,2026-09-20T12:25:10+00:00
2026,2,401872933,2026-09-20,13:00,00-0040187,Mitchell Evans,CAR,ATL,TE,receiving_yards,10.3,-6.8,39.1,,,eligible,eligible_current_role,backup,Active,2.0,direct_component_blend,20260908_1821_receiving_yards_blend,2026-09-20T12:24:48+00:00,2026-09-20T12:25:10+00:00
2026,2,401872933,2026-09-20,13:00,00-0040279,Ryan Fitzgerald,CAR,ATL,K,kicking_points,6.9,2.2,12.3,,,eligible,eligible_current_role,starter,Active,1.0,component,20260908_1821_kicking_points_component,2026-09-20T12:24:48+00:00,2026-09-20T12:25:10+00:00
2026,2,401872933,2026-09-20,13:00,00-0040458,TeRah Edwards,CAR,ATL,DL,tackles,1.1,0.0,4.6,0.5541742451477369,0.26467532138837113,eligible,eligible_current_role,backup,,2.0,direct,20260908_1821_tackles_direct,2026-09-20T12:24:48+00:00,2026-09-20T12:25:10+00:00
2026,2,401872933,2026-09-20,13:00,00-0041044,Zachariah Branch,ATL,CAR,WR,rushing_yards,0.0,-14.8,20.7,,,eligible,eligible_current_role,backup,Active,4.0,direct_component_blend,20260908_1821_rushing_yards_blend,2026-09-20T12:24:48+00:00,2026-09-20T12:25:10+00:00
2026,2,401872933,2026-09-20,13:00,00-0041044,Zachariah Branch,ATL,CAR,WR,receiving_yards,5.9,-16.7,46.5,,,eligible,eligible_current_role,backup,Active,4.0,direct_component_blend,20260908_1821_receiving_yards_blend,2026-09-20T12:24:48+00:00,2026-09-20T12:25:10+00:00
2026,2,401872933,2026-09-20,13:00,00-0041063,Will Lee III,CAR,ATL,DB,tackles,2.2,0.0,6.1,0.8259358502867352,0.5824378936432413,eligible,eligible_current_role,backup,,2.0,direct,20260908_1821_tackles_direct,2026-09-20T12:24:48+00:00,2026-09-20T12:25:10+00:00
2026,2,401872933,2026-09-20,13:00,00-0041066,Kendal Daniels,ATL,CAR,LB,tackles,1.2,0.0,4.8,0.5866258698678419,0.29560552563244624,eligible,questionable_flag,recent_defensive_participant,Questionable,,direct,20260908_1821_tackles_direct,2026-09-20T12:24:48+00:00,2026-09-20T12:25:10+00:00
2026,2,401872933,2026-09-20,13:00,00-0041076,Zakee Wheatley,CAR,ATL,DB,tackles,2.2,0.0,6.1,0.8259358502867352,0.5824378936432413,eligible,eligible_current_role,backup,Active,2.0,direct,20260908_1821_tackles_direct,2026-09-20T12:24:48+00:00,2026-09-20T12:25:10+00:00
2026,2,401872933,2026-09-20,13:00,00-0041112,Harold Perkins Jr.,ATL,CAR,LB,tackles,1.3,0.0,4.9,0.6306830809205749,0.33725522769431193,eligible,eligible_current_role,recent_defensive_participant,,,direct,20260908_1821_tackles_direct,2026-09-20T12:24:48+00:00,2026-09-20T12:25:10+00:00
2026,2,401872933,2026-09-20,13:00,00-0041148,Aaron Hall,CAR,ATL,DL,tackles,1.2,0.0,4.7,0.5708327833795475,0.2803152390049303,eligible,eligible_current_role,backup,,2.0,direct,20260908_1821_tackles_direct,2026-09-20T12:24:48+00:00,2026-09-20T12:25:10+00:00
2026,2,401872933,2026-09-20,13:00,00-0041149,Haynes King,CAR,ATL,QB,rushing_yards,9.3,-8.2,34.0,,,eligible,eligible_current_role,backup,Active,3.0,direct_component_blend,20260908_1821_rushing_yards_blend,2026-09-20T12:24:48+00:00,2026-09-20T12:25:10+00:00
2026,2,401872933,2026-09-20,13:00,00-0041188,Malcolm DeWalt IV,ATL,CAR,DB,tackles,1.9,0.0,5.9,0.7807210339348127,0.5081861084009112,eligible,eligible_current_role,backup,Active,3.0,direct,20260908_1821_tackles_direct,2026-09-20T12:24:48+00:00,2026-09-20T12:25:10+00:00
2026,2,401872933,2026-09-20,13:00,00-0041194,Jack Strand,ATL,CAR,QB,rushing_yards,9.6,-8.0,34.3,,,eligible,eligible_current_role,backup,Active,4.0,direct_component_blend,20260908_1821_rushing_yards_blend,2026-09-20T12:24:48+00:00,2026-09-20T12:25:10+00:00
2026,2,401872933,2026-09-20,13:00,00-0041469,Avieon Terrell,ATL,CAR,DB,tackles,1.9,0.0,5.9,0.7807210339348127,0.5081861084009112,eligible,eligible_current_role,backup,,3.0,direct,20260908_1821_tackles_direct,2026-09-20T12:24:48+00:00,2026-09-20T12:25:10+00:00
2026,2,401872933,2026-09-20,13:00,00-0041478,Lee Hunter,CAR,ATL,DL,tackles,1.4,0.0,4.9,0.6545011006709149,0.36133392874315645,eligible,eligible_current_role,starter,,1.0,direct,20260908_1821_tackles_direct,2026-09-20T12:24:48+00:00,2026-09-20T12:25:10+00:00
2026,2,401872934,2026-09-20,12:00,00-0026158,Joe Flacco,CIN,HOU,QB,rushing_yards,4.2,-6.5,19.2,,,eligible,eligible_current_role,backup,,2.0,direct_component_blend,20260908_1821_rushing_yards_blend,2026-09-20T12:24:48+00:00,2026-09-20T12:25:10+00:00
2026,2,401872934,2026-09-20,12:00,00-0031364,Jadeveon Clowney,HOU,CIN,DL,tackles,1.9,0.0,4.4,0.7785881213411608,0.5053913264400517,eligible,questionable_flag,backup,Questionable,2.0,direct,20260908_1821_tackles_direct,2026-09-20T12:24:48+00:00,2026-09-20T12:25:10+00:00
2026,2,401872934,2026-09-20,12:00,00-0031565,Danielle Hunter,HOU,CIN,DL,tackles,2.9,1.0,5.4,0.9011930154145394,0.739720071215652,eligible,eligible_current_role,starter,,1.0,direct,20260908_1821_tackles_direct,2026-09-20T12:24:48+00:00,2026-09-20T12:25:10+00:00
2026,2,401872934,2026-09-20,12:00,00-0032265,Mario Edwards,HOU,CIN,DL,tackles,1.2,0.0,3.7,0.5727382491480854,0.2821597189326107,eligible,eligible_current_role,backup,,2.0,direct,20260908_1821_tackles_direct,2026-09-20T12:24:48+00:00,2026-09-20T12:25:10+00:00
2026,2,401872934,2026-09-20,12:00,00-0032726,Ka'imi Fairbairn,HOU,CIN,K,kicking_points,7.2,2.6,12.4,,,eligible,eligible_current_role,starter,Active,1.0,component,20260908_1821_kicking_points_component,2026-09-20T12:24:48+00:00,2026-09-20T12:25:10+00:00
2026,2,401872934,2026-09-20,12:00,00-0032759,Sheldon Rankins,HOU,CIN,DL,tackles,1.9,0.0,4.4,0.780349636773807,0.5076977721658829,eligible,eligible_current_role,starter,,1.0,direct,20260908_1821_tackles_direct,2026-09-20T12:24:48+00:00,2026-09-20T12:25:10+00:00
2026,2,401872934,2026-09-20,12:00,00-0033523,Jonathan Allen,CIN,HOU,DL,tackles,3.2,1.1,5.9,0.9160869011078726,0.7816630204753114,eligible,eligible_current_role,starter,,1.0,direct,20260908_1821_tackles_direct,2026-09-20T12:24:48+00:00,2026-09-20T12:25:10+00:00
2026,2,401872934,2026-09-20,12:00,00-0033526,Samaje Perine,CIN,HOU,RB,rushing_yards,18.5,-3.5,49.4,,,eligible,eligible_current_role,backup,Active,2.0,direct_component_blend,20260908_1821_rushing_yards_blend,2026-09-20T12:24:48+00:00,2026-09-20T12:25:10+00:00
2026,2,401872934,2026-09-20,12:00,00-0033526,Samaje Perine,CIN,HOU,RB,receiving_yards,8.4,-8.8,37.2,,,eligible,eligible_current_role,backup,Active,2.0,direct_component_blend,20260908_1821_receiving_yards_blend,2026-09-20T12:24:48+00:00,2026-09-20T12:25:10+00:00
2026,2,401872934,2026-09-20,12:00,00-0034278,Tremon Smith,HOU,CIN,DB,tackles,1.8,0.0,4.2,0.7663040500398787,0.4897378927530412,eligible,eligible_current_role,backup,,2.0,direct,20260908_1821_tackles_direct,2026-09-20T12:24:48+00:00,2026-09-20T12:25:10+00:00
2026,2,401872934,2026-09-20,12:00,00-0034383,Dalton Schultz,HOU,CIN,TE,rushing_yards,0.0,-10.8,15.0,,,eligible,eligible_current_role,starter,Active,1.0,direct_component_blend,20260908_1821_rushing_yards_blend,2026-09-20T12:24:48+00:00,2026-09-20T12:25:10+00:00
2026,2,401872934,2026-09-20,12:00,00-0034383,Dalton Schultz,HOU,CIN,TE,receiving_yards,34.5,14.8,68.8,,,eligible,eligible_current_role,starter,Active,1.0,direct_component_blend,20260908_1821_receiving_yards_blend,2026-09-20T12:24:48+00:00,2026-09-20T12:25:10+00:00
2026,2,401872934,2026-09-20,12:00,00-0034446,Jalen Davis,CIN,HOU,DB,tackles,3.8,1.6,6.5,0.9451882752577108,0.8396460895362327,eligible,eligible_current_role,starter,,1.0,direct,20260908_1821_tackles_direct,2026-09-20T12:24:48+00:00,2026-09-20T12:25:10+00:00
2026,2,401872934,2026-09-20,12:00,00-0034613,Tanner Hudson,CIN,HOU,TE,rushing_yards,0.0,-10.8,15.0,,,eligible,eligible_current_role,roster_only,,,direct_component_blend,20260908_1821_rushing_yards_blend,2026-09-20T12:24:48+00:00,2026-09-20T12:25:10+00:00
2026,2,401872934,2026-09-20,12:00,00-0034613,Tanner Hudson,CIN,HOU,TE,receiving_yards,9.7,-7.5,38.5,,,eligible,eligible_current_role,roster_only,,,direct_component_blend,20260908_1821_receiving_yards_blend,2026-09-20T12:24:48+00:00,2026-09-20T12:25:10+00:00
2026,2,401872934,2026-09-20,12:00,00-0034754,Oren Burks,CIN,HOU,LB,tackles,2.2,0.3,4.7,0.8365056432690896,0.6014597903704914,eligible,eligible_current_role,starter,,1.0,direct,20260908_1821_tackles_direct,2026-09-20T12:24:48+00:00,2026-09-20T12:25:10+00:00
2026,2,401872934,2026-09-20,12:00,00-0034800,B.J. Hill,CIN,HOU,DL,tackles,1.9,0.0,4.4,0.7754382830692041,0.5013065298031663,eligible,eligible_current_role,backup,,2.0,direct,20260908_1821_tackles_direct,2026-09-20T12:24:48+00:00,2026-09-20T12:25:10+00:00
2026,2,401872934,2026-09-20,12:00,00-0034829,Mike Gesicki,CIN,HOU,TE,rushing_yards,0.0,-10.8,15.0,,,eligible,eligible_current_role,starter,Active,1.0,direct_component_blend,20260908_1821_rushing_yards_blend,2026-09-20T12:24:48+00:00,2026-09-20T12:25:10+00:00
2026,2,401872934,2026-09-20,12:00,00-0034829,Mike Gesicki,CIN,HOU,TE,receiving_yards,20.5,3.4,49.3,,,eligible,eligible_current_role,starter,Active,1.0,direct_component_blend,20260908_1821_receiving_yards_blend,2026-09-20T12:24:48+00:00,2026-09-20T12:25:10+00:00
2026,2,401872934,2026-09-20,12:00,00-0034981,Foster Moreau,HOU,CIN,TE,rushing_yards,0.0,-10.8,15.0,,,eligible,eligible_current_role,backup,,2.0,direct_component_blend,20260908_1821_rushing_yards_blend,2026-09-20T12:24:48+00:00,2026-09-20T12:25:10+00:00
2026,2,401872934,2026-09-20,12:00,00-0034981,Foster Moreau,HOU,CIN,TE,receiving_yards,11.5,-5.7,40.3,,,eligible,eligible_current_role,backup,,2.0,direct_component_blend,20260908_1821_receiving_yards_blend,2026-09-20T12:24:48+00:00,2026-09-20T12:25:10+00:00
2026,2,401872934,2026-09-20,12:00,00-0035166,Azeez Al-Shaair,HOU,CIN,LB,tackles,6.8,4.1,11.0,0.983495145631068,0.9631067961165048,eligible,eligible_current_role,starter,Active,1.0,direct,20260908_1821_tackles_direct,2026-09-20T12:24:48+00:00,2026-09-20T12:25:10+00:00
2026,2,401872934,2026-09-20,12:00,00-0035631,Drew Sample,CIN,HOU,TE,rushing_yards,0.0,-10.8,15.0,,,eligible,eligible_current_role,backup,Active,2.0,direct_component_blend,20260908_1821_rushing_yards_blend,2026-09-20T12:24:48+00:00,2026-09-20T12:25:10+00:00
2026,2,401872934,2026-09-20,12:00,00-0035631,Drew Sample,CIN,HOU,TE,receiving_yards,10.6,-6.6,39.4,,,eligible,eligible_current_role,backup,Active,2.0,direct_component_blend,20260908_1821_receiving_yards_blend,2026-09-20T12:24:48+00:00,2026-09-20T12:25:10+00:00
2026,2,401872934,2026-09-20,12:00,00-0035683,Dexter Lawrence,CIN,HOU,DL,tackles,2.4,0.3,5.2,0.8566979281830112,0.6398563736360178,eligible,eligible_current_role,starter,,1.0,direct,20260908_1821_tackles_direct,2026-09-20T12:24:48+00:00,2026-09-20T12:25:10+00:00
2026,2,401872934,2026-09-20,12:00,00-0035685,David Montgomery,HOU,CIN,RB,rushing_yards,30.7,8.7,61.6,,,eligible,eligible_current_role,starter,Active,1.0,direct_component_blend,20260908_1821_rushing_yards_blend,2026-09-20T12:24:48+00:00,2026-09-20T12:25:10+00:00
2026,2,401872934,2026-09-20,12:00,00-0035685,David Montgomery,HOU,CIN,RB,receiving_yards,9.1,-8.1,37.9,,,eligible,eligible_current_role,starter,Active,1.0,direct_component_blend,20260908_1821_receiving_yards_blend,2026-09-20T12:24:48+00:00,2026-09-20T12:25:10+00:00
2026,2,401872934,2026-09-20,12:00,00-0036231,Kyle Dugger,CIN,HOU,DB,tackles,4.1,1.4,7.5,0.9564954606630056,0.864154074705336,eligible,eligible_current_role,backup,,2.0,direct,20260908_1821_tackles_direct,2026-09-20T12:24:48+00:00,2026-09-20T12:25:10+00:00
2026,2,401872934,2026-09-20,12:00,00-0036410,Tee Higgins,CIN,HOU,WR,rushing_yards,0.0,-10.8,15.0,,,eligible,eligible_current_role,backup,Active,2.0,direct_component_blend,20260908_1821_rushing_yards_blend,2026-09-20T12:24:48+00:00,2026-09-20T12:25:10+00:00
2026,2,401872934,2026-09-20,12:00,00-0036410,Tee Higgins,CIN,HOU,WR,receiving_yards,46.9,20.3,96.1,,,eligible,eligible_current_role,backup,Active,2.0,direct_component_blend,20260908_1821_receiving_yards_blend,2026-09-20T12:24:48+00:00,2026-09-20T12:25:10+00:00
2026,2,401872934,2026-09-20,12:00,00-0036442,Joe Burrow,CIN,HOU,QB,passing_yards,259.4,165.9,365.6,,,eligible,questionable_flag,starter,Questionable,1.0,direct_component_blend,20260908_1821_passing_yards_blend,2026-09-20T12:24:48+00:00,2026-09-20T12:25:10+00:00
2026,2,401872934,2026-09-20,12:00,00-0036442,Joe Burrow,CIN,HOU,QB,passing_tds,1.821,,,0.8365757347268905,0.5335740275092269,eligible,questionable_flag,starter,Questionable,1.0,direct_component_blend,20260908_1821_passing_tds_blend,2026-09-20T12:24:48+00:00,2026-09-20T12:25:10+00:00
2026,2,401872934,2026-09-20,12:00,00-0036442,Joe Burrow,CIN,HOU,QB,rushing_yards,8.4,-4.4,26.3,,,eligible,questionable_flag,starter,Questionable,1.0,direct_component_blend,20260908_1821_rushing_yards_blend,2026-09-20T12:24:48+00:00,2026-09-20T12:25:10+00:00
2026,2,401872934,2026-09-20,12:00,00-0036554,Nico Collins,HOU,CIN,WR,rushing_yards,1.2,-9.5,16.3,,,eligible,questionable_flag,starter,Questionable,1.0,direct_component_blend,20260908_1821_rushing_yards_blend,2026-09-20T12:24:48+00:00,2026-09-20T12:25:10+00:00
2026,2,401872934,2026-09-20,12:00,00-0036554,Nico Collins,HOU,CIN,WR,receiving_yards,55.2,28.6,104.4,,,eligible,questionable_flag,starter,Questionable,1.0,direct_component_blend,20260908_1821_receiving_yards_blend,2026-09-20T12:24:48+00:00,2026-09-20T12:25:10+00:00
2026,2,401872934,2026-09-20,12:00,00-0036556,Brevin Jordan,HOU,CIN,TE,rushing_yards,0.0,-10.8,15.0,,,eligible,eligible_current_role,backup,Active,5.0,direct_component_blend,20260908_1821_rushing_yards_blend,2026-09-20T12:24:48+00:00,2026-09-20T12:25:10+00:00
2026,2,401872934,2026-09-20,12:00,00-0036556,Brevin Jordan,HOU,CIN,TE,receiving_yards,11.2,-6.0,40.0,,,eligible,eligible_current_role,backup,Active,5.0,direct_component_blend,20260908_1821_receiving_yards_blend,2026-09-20T12:24:48+00:00,2026-09-20T12:25:10+00:00
2026,2,401872934,2026-09-20,12:00,00-0036642,Tedarrell Slaton,CIN,HOU,DL,tackles,2.0,0.1,4.5,0.8017034578765254,0.5410619322902214,eligible,eligible_current_role,backup,,2.0,direct,20260908_1821_tackles_direct,2026-09-20T12:24:48+00:00,2026-09-20T12:25:10+00:00
2026,2,401872934,2026-09-20,12:00,00-0036854,Evan McPherson,CIN,HOU,K,kicking_points,7.6,2.6,13.5,,,eligible,eligible_current_role,starter,Active,1.0,component,20260908_1821_kicking_points_component,2026-09-20T12:24:48+00:00,2026-09-20T12:25:10+00:00
2026,2,401872934,2026-09-20,12:00,00-0036883,Tommy Togiai,HOU,CIN,DL,tackles,3.3,1.3,5.7,0.9194469250785083,0.7917331178314436,eligible,eligible_current_role,starter,,1.0,direct,20260908_1821_tackles_direct,2026-09-20T12:24:48+00:00,2026-09-20T12:25:10+00:00
2026,2,401872934,2026-09-20,12:00,00-0036898,Davis Mills,HOU,CIN,QB,rushing_yards,6.3,-6.4,24.3,,,eligible,eligible_current_role,backup,,2.0,direct_component_blend,20260908_1821_rushing_yards_blend,2026-09-20T12:24:48+00:00,2026-09-20T12:25:10+00:00
2026,2,401872934,2026-09-20,12:00,00-0036900,Ja'Marr Chase,CIN,HOU,WR,rushing_yards,0.0,-10.7,15.1,,,eligible,eligible_current_role,starter,Active,1.0,direct_component_blend,20260908_1821_rushing_yards_blend,2026-09-20T12:24:48+00:00,2026-09-20T12:25:10+00:00
2026,2,401872934,2026-09-20,12:00,00-0036900,Ja'Marr Chase,CIN,HOU,WR,receiving_yards,75.9,49.3,125.1,,,eligible,eligible_current_role,starter,Active,1.0,direct_component_blend,20260908_1821_receiving_yards_blend,2026-09-20T12:24:48+00:00,2026-09-20T12:25:10+00:00
2026,2,401872934,2026-09-20,12:00,00-0037082,Dominique Robinson,HOU,CIN,DL,tackles,1.2,0.0,3.7,0.5749063623476854,0.2842726629465287,eligible,eligible_current_role,backup,Active,2.0,direct,20260908_1821_tackles_direct,2026-09-20T12:24:48+00:00,2026-09-20T12:25:10+00:00
2026,2,401872934,2026-09-20,12:00,00-0037130,Reed Blankenship,HOU,CIN,DB,tackles,5.1,2.3,8.5,0.9805375846491661,0.9323015462768066,eligible,eligible_current_role,starter,,1.0,direct,20260908_1821_tackles_direct,2026-09-20T12:24:48+00:00,2026-09-20T12:25:10+00:00
2026,2,401872934,2026-09-20,12:00,00-0037193,Bryan Cook,CIN,HOU,DB,tackles,4.9,2.2,8.3,0.9798018522895223,0.9254278922623308,eligible,eligible_current_role,starter,,1.0,direct,20260908_1821_tackles_direct,2026-09-20T12:24:48+00:00,2026-09-20T12:25:10+00:00
2026,2,401872934,2026-09-20,12:00,00-0037237,Derek Stingley Jr.,HOU,CIN,DB,tackles,3.4,0.7,6.9,0.9229999858847886,0.7992035607522198,eligible,eligible_current_role,starter,,1.0,direct,20260908_1821_tackles_direct,2026-09-20T12:24:48+00:00,2026-09-20T12:25:10+00:00
2026,2,401872934,2026-09-20,12:00,00-0037246,Jalen Pitre,HOU,CIN,DB,tackles,5.5,2.8,9.0,0.9821053218515087,0.9477780783360888,eligible,eligible_current_role,starter,,1.0,direct,20260908_1821_tackles_direct,2026-09-20T12:24:48+00:00,2026-09-20T12:25:10+00:00
2026,2,401872934,2026-09-20,12:00,00-0037457,Jake Hansen,HOU,CIN,LB,tackles,1.0,0.0,3.4,0.524462211153362,0.2394823271776603,eligible,eligible_current_role,backup,Active,2.0,direct,20260908_1821_tackles_direct,2026-09-20T12:24:48+00:00,2026-09-20T12:25:10+00:00
2026,2,401872934,2026-09-20,12:00,00-0037633,Jacob Hummel,HOU,CIN,LB,tackles,0.9,0.0,3.3,0.47306153250443594,0.20106335621411045,eligible,eligible_current_role,starter,Doubtful,1.0,direct,20260908_1821_tackles_direct,2026-09-20T12:24:48+00:00,2026-09-20T12:25:10+00:00
2026,2,401872934,2026-09-20,12:00,00-0037743,Daxton Hill,CIN,HOU,DB,tackles,4.6,1.9,8.1,0.9739594702397658,0.9080351486102904,eligible,eligible_current_role,starter,Active,1.0,direct,20260908_1821_tackles_direct,2026-09-20T12:24:48+00:00,2026-09-20T12:25:10+00:00
2026,2,401872934,2026-09-20,12:00,00-0038127,Logan Hall,HOU,CIN,DL,tackles,2.1,0.1,4.6,0.807443579622623,0.5505984198437822,eligible,eligible_current_role,backup,,2.0,direct,20260908_1821_tackles_direct,2026-09-20T12:24:48+00:00,2026-09-20T12:25:10+00:00
2026,2,401872934,2026-09-20,12:00,00-0038133,Boye Mafe,CIN,HOU,DL,tackles,2.1,0.2,4.6,0.8149728181487492,0.563350816212438,eligible,eligible_current_role,starter,,1.0,direct,20260908_1821_tackles_direct,2026-09-20T12:24:48+00:00,2026-09-20T12:25:10+00:00
2026,2,401872934,2026-09-20,12:00,00-0038546,Myles Murphy,CIN,HOU,DL,tackles,2.5,0.6,5.0,0.8680253947664777,0.6626983246711938,eligible,eligible_current_role,starter,Active,1.0,direct,20260908_1821_tackles_direct,2026-09-20T12:24:48+00:00,2026-09-20T12:25:10+00:00
2026,2,401872934,2026-09-20,12:00,00-0038549,DJ Turner II,CIN,HOU,DB,tackles,3.2,1.0,5.9,0.9154805998614858,0.7798723024026205,eligible,eligible_current_role,starter,Active,1.0,direct,20260908_1821_tackles_direct,2026-09-20T12:24:48+00:00,2026-09-20T12:25:10+00:00
2026,2,401872934,2026-09-20,12:00,00-0038560,Jordan Battle,CIN,HOU,DB,tackles,6.1,3.4,9.6,0.983290417984085,0.9605548648386413,eligible,eligible_current_role,starter,,1.0,direct,20260908_1821_tackles_direct,2026-09-20T12:24:48+00:00,2026-09-20T12:25:10+00:00
2026,2,401872934,2026-09-20,12:00,00-0038597,Chase Brown,CIN,HOU,RB,rushing_yards,57.6,35.6,88.5,,,eligible,eligible_current_role,starter,Active,1.0,direct_component_blend,20260908_1821_rushing_yards_blend,2026-09-20T12:24:48+00:00,2026-09-20T12:25:10+00:00
2026,2,401872934,2026-09-20,12:00,00-0038597,Chase Brown,CIN,HOU,RB,receiving_yards,21.7,4.5,50.5,,,eligible,eligible_current_role,starter,Active,1.0,direct_component_blend,20260908_1821_receiving_yards_blend,2026-09-20T12:24:48+00:00,2026-09-20T12:25:10+00:00
2026,2,401872934,2026-09-20,12:00,00-0038608,Kayshon Boutte,HOU,CIN,WR,rushing_yards,0.0,-10.8,15.0,,,eligible,eligible_current_role,backup,Active,3.0,direct_component_blend,20260908_1821_rushing_yards_blend,2026-09-20T12:24:48+00:00,2026-09-20T12:25:10+00:00
2026,2,401872934,2026-09-20,12:00,00-0038608,Kayshon Boutte,HOU,CIN,WR,receiving_yards,22.7,5.6,51.6,,,eligible,eligible_current_role,backup,Active,3.0,direct_component_blend,20260908_1821_receiving_yards_blend,2026-09-20T12:24:48+00:00,2026-09-20T12:25:10+00:00
2026,2,401872934,2026-09-20,12:00,00-0038618,Xavier Hutchinson,HOU,CIN,WR,rushing_yards,0.4,-10.3,15.5,,,eligible,eligible_current_role,backup,Active,2.0,direct_component_blend,20260908_1821_rushing_yards_blend,2026-09-20T12:24:48+00:00,2026-09-20T12:25:10+00:00
2026,2,401872934,2026-09-20,12:00,00-0038618,Xavier Hutchinson,HOU,CIN,WR,receiving_yards,17.7,0.6,46.5,,,eligible,eligible_current_role,backup,Active,2.0,direct_component_blend,20260908_1821_receiving_yards_blend,2026-09-20T12:24:48+00:00,2026-09-20T12:25:10+00:00
2026,2,401872934,2026-09-20,12:00,00-0038619,Andrei Iosivas,CIN,HOU,WR,rushing_yards,0.0,-10.7,15.0,,,eligible,eligible_current_role,backup,Active,3.0,direct_component_blend,20260908_1821_rushing_yards_blend,2026-09-20T12:24:48+00:00,2026-09-20T12:25:10+00:00
2026,2,401872934,2026-09-20,12:00,00-0038619,Andrei Iosivas,CIN,HOU,WR,receiving_yards,23.8,6.6,52.6,,,eligible,eligible_current_role,backup,Active,3.0,direct_component_blend,20260908_1821_receiving_yards_blend,2026-09-20T12:24:48+00:00,2026-09-20T12:25:10+00:00
2026,2,401872934,2026-09-20,12:00,00-0038642,D.J. Ivey,CIN,HOU,DB,tackles,3.4,1.2,6.1,0.9266809186834161,0.8055744280631909,eligible,eligible_current_role,backup,,2.0,direct,20260908_1821_tackles_direct,2026-09-20T12:24:48+00:00,2026-09-20T12:25:10+00:00
2026,2,401872934,2026-09-20,12:00,00-0038728,Jared Wayne,HOU,CIN,WR,rushing_yards,0.0,-11.8,16.5,,,eligible,eligible_current_role,backup,,5.0,direct_component_blend,20260908_1821_rushing_yards_blend,2026-09-20T12:24:48+00:00,2026-09-20T12:25:10+00:00
2026,2,401872934,2026-09-20,12:00,00-0038728,Jared Wayne,HOU,CIN,WR,receiving_yards,12.7,-6.0,44.6,,,eligible,eligible_current_role,backup,,5.0,direct_component_blend,20260908_1821_receiving_yards_blend,2026-09-20T12:24:48+00:00,2026-09-20T12:25:10+00:00
2026,2,401872934,2026-09-20,12:00,00-0039108,Will Anderson Jr.,HOU,CIN,DL,tackles,2.3,0.4,4.8,0.8471430321815467,0.6214118212630438,eligible,eligible_current_role,starter,Active,1.0,direct,20260908_1821_tackles_direct,2026-09-20T12:24:48+00:00,2026-09-20T12:25:10+00:00
2026,2,401872934,2026-09-20,12:00,00-0039163,C.J. Stroud,HOU,CIN,QB,passing_yards,238.4,144.9,344.6,,,eligible,eligible_current_role,starter,Active,1.0,direct_component_blend,20260908_1821_passing_yards_blend,2026-09-20T12:24:48+00:00,2026-09-20T12:25:10+00:00
2026,2,401872934,2026-09-20,12:00,00-0039163,C.J. Stroud,HOU,CIN,QB,passing_tds,1.584,,,0.8125,0.5119047619047619,eligible,eligible_current_role,starter,Active,1.0,direct_component_blend,20260908_1821_passing_tds_blend,2026-09-20T12:24:48+00:00,2026-09-20T12:25:10+00:00
2026,2,401872934,2026-09-20,12:00,00-0039163,C.J. Stroud,HOU,CIN,QB,rushing_yards,12.2,-0.5,30.2,,,eligible,eligible_current_role,starter,Active,1.0,direct_component_blend,20260908_1821_rushing_yards_blend,2026-09-20T12:24:48+00:00,2026-09-20T12:25:10+00:00
2026,2,401872934,2026-09-20,12:00,00-0039313,Swayze Bozeman,CIN,HOU,LB,tackles,1.1,0.0,3.5,0.5571433330288379,0.2674002560695985,eligible,eligible_current_role,backup,,2.0,direct,20260908_1821_tackles_direct,2026-09-20T12:24:48+00:00,2026-09-20T12:25:10+00:00
2026,2,401872934,2026-09-20,12:00,00-0039343,Kamari Lassiter,HOU,CIN,DB,tackles,4.7,2.0,8.2,0.9764277793582097,0.9147486806749268,eligible,eligible_current_role,starter,,1.0,direct,20260908_1821_tackles_direct,2026-09-20T12:24:48+00:00,2026-09-20T12:25:10+00:00
2026,2,401872934,2026-09-20,12:00,00-0039359,Cade Stover,HOU,CIN,TE,rushing_yards,0.3,-10.4,15.4,,,eligible,eligible_current_role,backup,,4.0,direct_component_blend,20260908_1821_rushing_yards_blend,2026-09-20T12:24:48+00:00,2026-09-20T12:25:10+00:00
2026,2,401872934,2026-09-20,12:00,00-0039359,Cade Stover,HOU,CIN,TE,receiving_yards,11.3,-5.9,40.1,,,eligible,eligible_current_role,backup,,4.0,direct_component_blend,20260908_1821_receiving_yards_blend,2026-09-20T12:24:48+00:00,2026-09-20T12:25:10+00:00
2026,2,401872934,2026-09-20,12:00,00-0039375,Josh Newton,CIN,HOU,DB,tackles,1.9,0.0,4.5,0.7879591084065057,0.5188476593295249,eligible,eligible_current_role,backup,Active,2.0,direct,20260908_1821_tackles_direct,2026-09-20T12:24:48+00:00,2026-09-20T12:25:10+00:00
2026,2,401872934,2026-09-20,12:00,00-0039395,Jamal Hill,HOU,CIN,LB,tackles,1.0,0.0,3.4,0.5150143494573463,0.23204008651001598,eligible,eligible_current_role,backup,,2.0,direct,20260908_1821_tackles_direct,2026-09-20T12:24:48+00:00,2026-09-20T12:25:10+00:00
2026,2,401872934,2026-09-20,12:00,00-0039402,Jaden Crumedy,HOU,CIN,DL,tackles,1.7,0.0,4.1,0.7596073067281813,0.4815069536939768,eligible,eligible_current_role,backup,Active,3.0,direct,20260908_1821_tackles_direct,2026-09-20T12:24:48+00:00,2026-09-20T12:25:10+00:00
2026,2,401872934,2026-09-20,12:00,00-0039603,British Brooks,HOU,CIN,RB,rushing_yards,1.9,-8.8,17.0,,,eligible,eligible_current_role,backup,Active,3.0,direct_component_blend,20260908_1821_rushing_yards_blend,2026-09-20T12:24:48+00:00,2026-09-20T12:25:10+00:00
2026,2,401872934,2026-09-20,12:00,00-0039603,British Brooks,HOU,CIN,RB,receiving_yards,1.2,-16.0,30.0,,,eligible,eligible_current_role,backup,Active,3.0,direct_component_blend,20260908_1821_receiving_yards_blend,2026-09-20T12:24:48+00:00,2026-09-20T12:25:10+00:00
2026,2,401872934,2026-09-20,12:00,00-0039632,PJ Jules,CIN,HOU,DB,tackles,0.9,0.0,3.4,0.5117217792894776,0.22948798858487413,eligible,eligible_current_role,backup,,2.0,direct,20260908_1821_tackles_direct,2026-09-20T12:24:48+00:00,2026-09-20T12:25:10+00:00
2026,2,401872934,2026-09-20,12:00,00-0039752,Cedric Johnson,CIN,HOU,DL,tackles,2.1,0.2,4.6,0.8130496718837484,0.5600666824940043,eligible,eligible_current_role,backup,,3.0,direct,20260908_1821_tackles_direct,2026-09-20T12:24:48+00:00,2026-09-20T12:25:10+00:00
2026,2,401872934,2026-09-20,12:00,00-0039814,Erick All,CIN,HOU,TE,rushing_yards,0.0,-10.8,15.0,,,eligible,eligible_current_role,backup,Active,3.0,direct_component_blend,20260908_1821_rushing_yards_blend,2026-09-20T12:24:48+00:00,2026-09-20T12:25:10+00:00
2026,2,401872934,2026-09-20,12:00,00-0039814,Erick All,CIN,HOU,TE,receiving_yards,9.4,-7.8,38.2,,,eligible,eligible_current_role,backup,Active,3.0,direct_component_blend,20260908_1821_receiving_yards_blend,2026-09-20T12:24:48+00:00,2026-09-20T12:25:10+00:00
2026,2,401872934,2026-09-20,12:00,00-0039838,Calen Bullock,HOU,CIN,DB,tackles,3.8,1.1,7.3,0.9449823108025778,0.8392450801250247,eligible,eligible_current_role,starter,,1.0,direct,20260908_1821_tackles_direct,2026-09-20T12:24:48+00:00,2026-09-20T12:25:10+00:00
2026,2,401872934,2026-09-20,12:00,00-0039908,Kris Jenkins,CIN,HOU,DL,tackles,2.1,0.2,4.6,0.8197184929652916,0.5715357987331892,eligible,eligible_current_role,backup,,3.0,direct,20260908_1821_tackles_direct,2026-09-20T12:24:48+00:00,2026-09-20T12:25:10+00:00
2026,2,401872934,2026-09-20,12:00,00-0040138,Jaylin Noel,HOU,CIN,WR,rushing_yards,0.2,-10.5,15.3,,,eligible,eligible_current_role,backup,Active,4.0,direct_component_blend,20260908_1821_rushing_yards_blend,2026-09-20T12:24:48+00:00,2026-09-20T12:25:10+00:00
2026,2,401872934,2026-09-20,12:00,00-0040138,Jaylin Noel,HOU,CIN,WR,receiving_yards,12.4,-4.7,41.2,,,eligible,eligible_current_role,backup,Active,4.0,direct_component_blend,20260908_1821_receiving_yards_blend,2026-09-20T12:24:48+00:00,2026-09-20T12:25:10+00:00
2026,2,401872934,2026-09-20,12:00,00-0040149,Jaylin Smith,HOU,CIN,DB,tackles,1.9,0.0,4.7,0.7793859980582636,0.5064340492203001,eligible,eligible_current_role,backup,,2.0,direct,20260908_1821_tackles_direct,2026-09-20T12:24:48+00:00,2026-09-20T12:25:10+00:00
2026,2,401872934,2026-09-20,12:00,00-0040157,Barrett Carter,CIN,HOU,LB,tackles,6.3,3.4,10.3,0.983495145631068,0.9631067961165048,eligible,eligible_current_role,starter,,1.0,direct,20260908_1821_tackles_direct,2026-09-20T12:24:48+00:00,2026-09-20T12:25:10+00:00
2026,2,401872934,2026-09-20,12:00,00-0040208,Tahj Brooks,CIN,HOU,RB,rushing_yards,5.7,-16.3,36.7,,,eligible,eligible_current_role,backup,,3.0,direct_component_blend,20260908_1821_rushing_yards_blend,2026-09-20T12:24:48+00:00,2026-09-20T12:25:10+00:00
2026,2,401872934,2026-09-20,12:00,00-0040208,Tahj Brooks,CIN,HOU,RB,receiving_yards,1.9,-15.2,30.7,,,eligible,eligible_current_role,backup,,3.0,direct_component_blend,20260908_1821_receiving_yards_blend,2026-09-20T12:24:48+00:00,2026-09-20T12:25:10+00:00
2026,2,401872934,2026-09-20,12:00,00-0040534,Ke'Shawn Williams,CIN,HOU,WR,rushing_yards,0.4,-10.3,15.5,,,eligible,eligible_current_role,backup,Active,6.0,direct_component_blend,20260908_1821_rushing_yards_blend,2026-09-20T12:24:48+00:00,2026-09-20T12:25:10+00:00
2026,2,401872934,2026-09-20,12:00,00-0040534,Ke'Shawn Williams,CIN,HOU,WR,receiving_yards,2.4,-14.7,31.3,,,eligible,eligible_current_role,backup,Active,6.0,direct_component_blend,20260908_1821_receiving_yards_blend,2026-09-20T12:24:48+00:00,2026-09-20T12:25:10+00:00
2026,2,401872934,2026-09-20,12:00,00-0040583,Woody Marks,HOU,CIN,RB,rushing_yards,56.7,34.7,87.6,,,eligible,eligible_current_role,backup,Active,2.0,direct_component_blend,20260908_1821_rushing_yards_blend,2026-09-20T12:24:48+00:00,2026-09-20T12:25:10+00:00
2026,2,401872934,2026-09-20,12:00,00-0040583,Woody Marks,HOU,CIN,RB,receiving_yards,10.0,-7.2,38.8,,,eligible,eligible_current_role,backup,Active,2.0,direct_component_blend,20260908_1821_receiving_yards_blend,2026-09-20T12:24:48+00:00,2026-09-20T12:25:10+00:00
2026,2,401872934,2026-09-20,12:00,00-0040738,Demetrius Knight Jr.,CIN,HOU,LB,tackles,5.3,3.2,7.6,0.9813583236697686,0.9402433234017589,eligible,eligible_current_role,starter,Active,1.0,direct,20260908_1821_tackles_direct,2026-09-20T12:24:48+00:00,2026-09-20T12:25:10+00:00
2026,2,401872934,2026-09-20,12:00,00-0040756,Shemar Stewart,CIN,HOU,DL,tackles,1.8,0.0,4.3,0.7693984559374758,0.4936118549859836,eligible,eligible_current_role,backup,Active,2.0,direct,20260908_1821_tackles_direct,2026-09-20T12:24:48+00:00,2026-09-20T12:25:10+00:00
2026,2,401872934,2026-09-20,12:00,00-0040785,Dohnte Meyers,CIN,HOU,WR,rushing_yards,1.6,-13.2,22.3,,,eligible,eligible_current_role,backup,Active,5.0,direct_component_blend,20260908_1821_rushing_yards_blend,2026-09-20T12:24:48+00:00,2026-09-20T12:25:10+00:00
2026,2,401872934,2026-09-20,12:00,00-0040785,Dohnte Meyers,CIN,HOU,WR,receiving_yards,6.8,-15.8,47.4,,,eligible,eligible_current_role,backup,Active,5.0,direct_component_blend,20260908_1821_receiving_yards_blend,2026-09-20T12:24:48+00:00,2026-09-20T12:25:10+00:00
2026,2,401872934,2026-09-20,12:00,00-0041069,Colbie Young,CIN,HOU,WR,rushing_yards,0.0,-14.7,20.7,,,eligible,eligible_current_role,backup,Active,4.0,direct_component_blend,20260908_1821_rushing_yards_blend,2026-09-20T12:24:48+00:00,2026-09-20T12:25:10+00:00
2026,2,401872934,2026-09-20,12:00,00-0041069,Colbie Young,CIN,HOU,WR,receiving_yards,7.1,-15.5,47.7,,,eligible,eligible_current_role,backup,Active,4.0,direct_component_blend,20260908_1821_receiving_yards_blend,2026-09-20T12:24:48+00:00,2026-09-20T12:25:10+00:00
2026,2,401872934,2026-09-20,12:00,00-0041116,Jack Endries,CIN,HOU,TE,rushing_yards,0.0,-14.8,20.6,,,eligible,eligible_current_role,backup,Active,4.0,direct_component_blend,20260908_1821_rushing_yards_blend,2026-09-20T12:24:48+00:00,2026-09-20T12:25:10+00:00
2026,2,401872934,2026-09-20,12:00,00-0041116,Jack Endries,CIN,HOU,TE,receiving_yards,4.4,-18.2,45.0,,,eligible,eligible_current_role,backup,Active,4.0,direct_component_blend,20260908_1821_receiving_yards_blend,2026-09-20T12:24:48+00:00,2026-09-20T12:25:10+00:00
2026,2,401872934,2026-09-20,12:00,00-0041118,Landon Robinson,CIN,HOU,DL,tackles,1.2,0.0,4.7,0.570150656564084,0.2796577696657055,eligible,eligible_current_role,backup,Active,4.0,direct,20260908_1821_tackles_direct,2026-09-20T12:24:48+00:00,2026-09-20T12:25:10+00:00
2026,2,401872934,2026-09-20,12:00,00-0041305,Sabastian Harsh,HOU,CIN,DL,tackles,1.2,0.0,4.7,0.570117026682012,0.2796253938406769,eligible,eligible_current_role,backup,,3.0,direct,20260908_1821_tackles_direct,2026-09-20T12:24:48+00:00,2026-09-20T12:25:10+00:00
2026,2,401872934,2026-09-20,12:00,00-0041313,Collin Wright,HOU,CIN,DB,tackles,1.9,0.0,5.9,0.7810351626022108,0.508599704014829,eligible,eligible_current_role,backup,Active,3.0,direct,20260908_1821_tackles_direct,2026-09-20T12:24:48+00:00,2026-09-20T12:25:10+00:00
2026,2,401872934,2026-09-20,12:00,00-0041449,Aiden Fisher,HOU,CIN,LB,tackles,2.2,0.0,5.7,0.8260841213592434,0.5827004216679074,eligible,eligible_current_role,starter,Active,1.0,direct,20260908_1821_tackles_direct,2026-09-20T12:24:48+00:00,2026-09-20T12:25:10+00:00
2026,2,401872934,2026-09-20,12:00,00-0041464,Tacario Davis,CIN,HOU,DB,tackles,2.3,0.0,6.3,0.8496958533925091,0.6262703080069963,eligible,eligible_current_role,backup,,2.0,direct,20260908_1821_tackles_direct,2026-09-20T12:24:48+00:00,2026-09-20T12:25:10+00:00
2026,2,401872934,2026-09-20,12:00,00-0041465,Wade Woodaz,HOU,CIN,LB,tackles,1.7,0.0,5.2,0.7568249944250721,0.4781470615341719,eligible,eligible_current_role,backup,Active,2.0,direct,20260908_1821_tackles_direct,2026-09-20T12:24:48+00:00,2026-09-20T12:25:10+00:00
2026,2,401872934,2026-09-20,12:00,00-0041466,Kamari Ramsey,HOU,CIN,DB,tackles,2.2,0.0,6.1,0.8273682091523837,0.5849790446707359,eligible,eligible_current_role,backup,,2.0,direct,20260908_1821_tackles_direct,2026-09-20T12:24:48+00:00,2026-09-20T12:25:10+00:00
2026,2,401872934,2026-09-20,12:00,00-0041472,Marlin Klein,HOU,CIN,TE,rushing_yards,0.0,-14.8,20.6,,,eligible,eligible_current_role,backup,,3.0,direct_component_blend,20260908_1821_rushing_yards_blend,2026-09-20T12:24:48+00:00,2026-09-20T12:25:10+00:00
2026,2,401872934,2026-09-20,12:00,00-0041472,Marlin Klein,HOU,CIN,TE,receiving_yards,4.8,-17.9,45.3,,,eligible,eligible_current_role,backup,,3.0,direct_component_blend,20260908_1821_receiving_yards_blend,2026-09-20T12:24:48+00:00,2026-09-20T12:25:10+00:00
2026,2,401872934,2026-09-20,12:00,00-0041546,Cashius Howell,CIN,HOU,DL,tackles,1.2,0.0,4.7,0.5712148684717501,0.28068416218208164,eligible,eligible_current_role,backup,,2.0,direct,20260908_1821_tackles_direct,2026-09-20T12:24:48+00:00,2026-09-20T12:25:10+00:00
2026,2,401872935,2026-09-20,13:00,00-0031595,Michael Burton,CLE,TB,RB,rushing_yards,6.5,-4.2,21.6,,,eligible,eligible_current_role,starter,,1.0,direct_component_blend,20260908_1821_rushing_yards_blend,2026-09-20T12:24:48+00:00,2026-09-20T12:25:10+00:00
2026,2,401872935,2026-09-20,13:00,00-0031595,Michael Burton,CLE,TB,RB,receiving_yards,4.3,-12.9,33.1,,,eligible,eligible_current_role,starter,,1.0,direct_component_blend,20260908_1821_receiving_yards_blend,2026-09-20T12:24:48+00:00,2026-09-20T12:25:10+00:00
2026,2,401872935,2026-09-20,13:00,00-0031957,Rakeem Nunez-Roches,TB,CLE,DL,tackles,1.4,0.0,3.9,0.6759494154190057,0.3839789927074809,eligible,eligible_current_role,backup,,2.0,direct,20260908_1821_tackles_direct,2026-09-20T12:24:48+00:00,2026-09-20T12:25:10+00:00
2026,2,401872935,2026-09-20,13:00,00-0032399,Miles Killebrew,TB,CLE,DB,tackles,0.7,0.0,3.2,0.4179754206521306,0.1463943401794893,eligible,questionable_flag,backup,Questionable,2.0,direct,20260908_1821_tackles_direct,2026-09-20T12:24:48+00:00,2026-09-20T12:25:10+00:00
2026,2,401872935,2026-09-20,13:00,00-0032889,A'Shawn Robinson,TB,CLE,DL,tackles,3.5,1.3,6.2,0.9320532549112879,0.8150934618357235,eligible,eligible_current_role,starter,,1.0,direct,20260908_1821_tackles_direct,2026-09-20T12:24:48+00:00,2026-09-20T12:25:10+00:00
2026,2,401872935,2026-09-20,13:00,00-0033131,Maliek Collins,CLE,TB,DL,tackles,1.6,0.0,4.0,0.7489052823476942,0.46876869608441,eligible,questionable_flag,starter,Questionable,1.0,direct,20260908_1821_tackles_direct,2026-09-20T12:24:48+00:00,2026-09-20T12:25:10+00:00
2026,2,401872935,2026-09-20,13:00,00-0033537,Deshaun Watson,CLE,TB,QB,passing_yards,205.2,111.7,311.4,,,eligible,eligible_current_role,starter,Active,1.0,direct_component_blend,20260908_1821_passing_yards_blend,2026-09-20T12:24:48+00:00,2026-09-20T12:25:10+00:00
2026,2,401872935,2026-09-20,13:00,00-0033537,Deshaun Watson,CLE,TB,QB,passing_tds,1.246,,,0.6765515406739397,0.39285714285714285,eligible,eligible_current_role,starter,Active,1.0,direct_component_blend,20260908_1821_passing_tds_blend,2026-09-20T12:24:48+00:00,2026-09-20T12:25:10+00:00
2026,2,401872935,2026-09-20,13:00,00-0033537,Deshaun Watson,CLE,TB,QB,rushing_yards,17.6,4.9,35.6,,,eligible,eligible_current_role,starter,Active,1.0,direct_component_blend,20260908_1821_rushing_yards_blend,2026-09-20T12:24:48+00:00,2026-09-20T12:25:10+00:00
2026,2,401872935,2026-09-20,13:00,00-0033876,Derek Barnett,CLE,TB,DL,tackles,1.1,0.0,3.6,0.5594529655881396,0.269538485004195,eligible,eligible_current_role,backup,,2.0,direct,20260908_1821_tackles_direct,2026-09-20T12:24:48+00:00,2026-09-20T12:25:10+00:00
2026,2,401872935,2026-09-20,13:00,00-0033914,Alex Anzalone,TB,CLE,LB,tackles,4.9,1.9,8.8,0.97969188201096,0.9244180764547878,eligible,eligible_current_role,recent_defensive_participant,,,direct,20260908_1821_tackles_direct,2026-09-20T12:24:48+00:00,2026-09-20T12:25:10+00:00
2026,2,401872935,2026-09-20,13:00,00-0033921,Chris Godwin Jr.,TB,CLE,WR,rushing_yards,0.7,-10.0,15.8,,,eligible,eligible_current_role,backup,Active,2.0,direct_component_blend,20260908_1821_rushing_yards_blend,2026-09-20T12:24:48+00:00,2026-09-20T12:25:10+00:00
2026,2,401872935,2026-09-20,13:00,00-0033921,Chris Godwin Jr.,TB,CLE,WR,receiving_yards,48.3,21.7,97.5,,,eligible,eligible_current_role,backup,Active,2.0,direct_component_blend,20260908_1821_receiving_yards_blend,2026-09-20T12:24:48+00:00,2026-09-20T12:25:10+00:00
2026,2,401872935,2026-09-20,13:00,00-0033964,Al-Quadin Muhammad,TB,CLE,LB,tackles,1.7,0.0,4.1,0.7547368075090537,0.47564790268073887,eligible,eligible_current_role,backup,,2.0,direct,20260908_1821_tackles_direct,2026-09-20T12:24:48+00:00,2026-09-20T12:25:10+00:00
2026,2,401872935,2026-09-20,13:00,00-0034773,Vita Vea,TB,CLE,DL,tackles,2.4,0.3,5.1,0.8527857040740002,0.6322177408772764,eligible,eligible_current_role,starter,,1.0,direct,20260908_1821_tackles_direct,2026-09-20T12:24:48+00:00,2026-09-20T12:25:10+00:00
2026,2,401872935,2026-09-20,13:00,00-0034855,Baker Mayfield,TB,CLE,QB,passing_yards,208.7,115.3,315.0,,,eligible,eligible_current_role,starter,Active,1.0,direct_component_blend,20260908_1821_passing_yards_blend,2026-09-20T12:24:48+00:00,2026-09-20T12:25:10+00:00
2026,2,401872935,2026-09-20,13:00,00-0034855,Baker Mayfield,TB,CLE,QB,passing_tds,1.658,,,0.8125,0.5119047619047619,eligible,eligible_current_role,starter,Active,1.0,direct_component_blend,20260908_1821_passing_tds_blend,2026-09-20T12:24:48+00:00,2026-09-20T12:25:10+00:00
2026,2,401872935,2026-09-20,13:00,00-0034855,Baker Mayfield,TB,CLE,QB,rushing_yards,14.1,1.3,32.1,,,eligible,eligible_current_role,starter,Active,1.0,direct_component_blend,20260908_1821_rushing_yards_blend,2026-09-20T12:24:48+00:00,2026-09-20T12:25:10+00:00
2026,2,401872935,2026-09-20,13:00,00-0034856,Denzel Ward,CLE,TB,DB,tackles,3.4,0.8,6.9,0.9255778975998642,0.8036529349009846,eligible,eligible_current_role,starter,,1.0,direct,20260908_1821_tackles_direct,2026-09-20T12:24:48+00:00,2026-09-20T12:25:10+00:00
2026,2,401872935,2026-09-20,13:00,00-0035254,Anthony Nelson,TB,CLE,LB,tackles,1.2,0.0,3.8,0.5798290461811815,0.2891269423994556,eligible,eligible_current_role,backup,,2.0,direct,20260908_1821_tackles_direct,2026-09-20T12:24:48+00:00,2026-09-20T12:25:10+00:00
2026,2,401872935,2026-09-20,13:00,00-0035358,Chase McLaughlin,TB,CLE,K,kicking_points,7.1,2.0,12.9,,,eligible,eligible_current_role,starter,Active,1.0,component,20260908_1821_kicking_points_component,2026-09-20T12:24:48+00:00,2026-09-20T12:25:10+00:00
2026,2,401872935,2026-09-20,13:00,00-0035680,Quincy Williams,CLE,TB,LB,tackles,6.7,3.8,10.8,0.983495145631068,0.9631067961165048,eligible,eligible_current_role,starter,,1.0,direct,20260908_1821_tackles_direct,2026-09-20T12:24:48+00:00,2026-09-20T12:25:10+00:00
2026,2,401872935,2026-09-20,13:00,00-0036282,Grant Delpit,CLE,TB,DB,tackles,5.4,2.7,8.9,0.9818456770041145,0.9451215551318851,eligible,eligible_current_role,starter,,1.0,direct,20260908_1821_tackles_direct,2026-09-20T12:24:48+00:00,2026-09-20T12:25:10+00:00
2026,2,401872935,2026-09-20,13:00,00-0036287,Noah Igbinoghene,CLE,TB,DB,tackles,2.9,0.8,5.6,0.8984270801424064,0.7323507618438592,eligible,eligible_current_role,backup,Active,2.0,direct,20260908_1821_tackles_direct,2026-09-20T12:24:48+00:00,2026-09-20T12:25:10+00:00
2026,2,401872935,2026-09-20,13:00,00-0036306,Daniel Thomas,CLE,TB,DB,tackles,2.9,0.7,5.6,0.8974510914484853,0.7297783961490991,eligible,eligible_current_role,backup,Active,3.0,direct,20260908_1821_tackles_direct,2026-09-20T12:24:48+00:00,2026-09-20T12:25:10+00:00
2026,2,401872935,2026-09-20,13:00,00-0036407,Jerry Jeudy,CLE,TB,WR,rushing_yards,0.0,-10.8,14.9,,,eligible,eligible_current_role,starter,Active,1.0,direct_component_blend,20260908_1821_rushing_yards_blend,2026-09-20T12:24:48+00:00,2026-09-20T12:25:10+00:00
2026,2,401872935,2026-09-20,13:00,00-0036407,Jerry Jeudy,CLE,TB,WR,receiving_yards,49.1,22.5,98.3,,,eligible,eligible_current_role,starter,Active,1.0,direct_component_blend,20260908_1821_receiving_yards_blend,2026-09-20T12:24:48+00:00,2026-09-20T12:25:10+00:00
2026,2,401872935,2026-09-20,13:00,00-0036411,Antoine Winfield Jr.,TB,CLE,DB,tackles,5.7,3.0,9.2,0.9825659944663921,0.9526046659723197,eligible,eligible_current_role,starter,,1.0,direct,20260908_1821_tackles_direct,2026-09-20T12:24:48+00:00,2026-09-20T12:25:10+00:00
2026,2,401872935,2026-09-20,13:00,00-0036630,Tylan Wallace,CLE,TB,WR,rushing_yards,0.0,-10.8,14.9,,,eligible,eligible_current_role,backup,,5.0,direct_component_blend,20260908_1821_rushing_yards_blend,2026-09-20T12:24:48+00:00,2026-09-20T12:25:10+00:00
2026,2,401872935,2026-09-20,13:00,00-0036630,Tylan Wallace,CLE,TB,WR,receiving_yards,4.4,-12.7,33.2,,,eligible,eligible_current_role,backup,,5.0,direct_component_blend,20260908_1821_receiving_yards_blend,2026-09-20T12:24:48+00:00,2026-09-20T12:25:10+00:00
2026,2,401872935,2026-09-20,13:00,00-0036919,Kenny Gainwell,TB,CLE,RB,rushing_yards,25.8,3.8,56.7,,,eligible,eligible_current_role,backup,Active,2.0,direct_component_blend,20260908_1821_rushing_yards_blend,2026-09-20T12:24:48+00:00,2026-09-20T12:25:10+00:00
2026,2,401872935,2026-09-20,13:00,00-0036919,Kenny Gainwell,TB,CLE,RB,receiving_yards,16.6,-0.5,45.4,,,eligible,eligible_current_role,backup,Active,2.0,direct_component_blend,20260908_1821_receiving_yards_blend,2026-09-20T12:24:48+00:00,2026-09-20T12:25:10+00:00
2026,2,401872935,2026-09-20,13:00,00-0036974,Tyson Campbell,CLE,TB,DB,tackles,4.5,1.8,8.0,0.9717225999007705,0.902081670809147,eligible,questionable_flag,starter,Questionable,1.0,direct,20260908_1821_tackles_direct,2026-09-20T12:24:48+00:00,2026-09-20T12:25:10+00:00
2026,2,401872935,2026-09-20,13:00,00-0037268,Zyon McCollum,TB,CLE,DB,tackles,3.6,1.0,7.1,0.9381044795036733,0.8261606069415138,eligible,eligible_current_role,starter,,1.0,direct,20260908_1821_tackles_direct,2026-09-20T12:24:48+00:00,2026-09-20T12:25:10+00:00
2026,2,401872935,2026-09-20,13:00,00-0037311,Ko Kieft,TB,CLE,TE,rushing_yards,0.0,-10.8,15.0,,,eligible,eligible_current_role,backup,,3.0,direct_component_blend,20260908_1821_rushing_yards_blend,2026-09-20T12:24:48+00:00,2026-09-20T12:25:10+00:00
2026,2,401872935,2026-09-20,13:00,00-0037311,Ko Kieft,TB,CLE,TE,receiving_yards,2.5,-14.7,31.3,,,eligible,eligible_current_role,backup,,3.0,direct_component_blend,20260908_1821_receiving_yards_blend,2026-09-20T12:24:48+00:00,2026-09-20T12:25:10+00:00
2026,2,401872935,2026-09-20,13:00,00-0037665,Sam Williams,CLE,TB,DL,tackles,1.3,0.0,3.8,0.6079794788858184,0.3152915988774547,eligible,eligible_current_role,backup,,2.0,direct,20260908_1821_tackles_direct,2026-09-20T12:24:48+00:00,2026-09-20T12:25:10+00:00
2026,2,401872935,2026-09-20,13:00,00-0038129,Cade Otton,TB,CLE,TE,rushing_yards,0.0,-10.8,15.0,,,eligible,eligible_current_role,starter,Active,1.0,direct_component_blend,20260908_1821_rushing_yards_blend,2026-09-20T12:24:48+00:00,2026-09-20T12:25:10+00:00
2026,2,401872935,2026-09-20,13:00,00-0038129,Cade Otton,TB,CLE,TE,receiving_yards,27.2,10.0,56.0,,,eligible,eligible_current_role,starter,Active,1.0,direct_component_blend,20260908_1821_receiving_yards_blend,2026-09-20T12:24:48+00:00,2026-09-20T12:25:10+00:00
2026,2,401872935,2026-09-20,13:00,00-0038428,Andre Szmyt,CLE,TB,K,kicking_points,6.6,1.9,12.0,,,eligible,eligible_current_role,starter,Active,1.0,component,20260908_1821_kicking_points_component,2026-09-20T12:24:48+00:00,2026-09-20T12:25:10+00:00
2026,2,401872935,2026-09-20,13:00,00-0038565,Mekhi Blackmon,CLE,TB,DB,tackles,3.5,0.8,7.0,0.9306675339900027,0.8126118985925441,eligible,eligible_current_role,backup,,2.0,direct,20260908_1821_tackles_direct,2026-09-20T12:24:48+00:00,2026-09-20T12:25:10+00:00
2026,2,401872935,2026-09-20,13:00,00-0038574,Isaiah McGuire,CLE,TB,DL,tackles,1.4,0.0,3.9,0.6815094470801666,0.3900048341744209,eligible,eligible_current_role,starter,,1.0,direct,20260908_1821_tackles_direct,2026-09-20T12:24:48+00:00,2026-09-20T12:25:10+00:00
2026,2,401872935,2026-09-20,13:00,00-0038710,Blake Whiteheart,CLE,TB,TE,rushing_yards,0.0,-10.8,14.9,,,eligible,eligible_current_role,backup,,2.0,direct_component_blend,20260908_1821_rushing_yards_blend,2026-09-20T12:24:48+00:00,2026-09-20T12:25:10+00:00
2026,2,401872935,2026-09-20,13:00,00-0038710,Blake Whiteheart,CLE,TB,TE,receiving_yards,8.4,-8.8,37.2,,,eligible,eligible_current_role,backup,,2.0,direct_component_blend,20260908_1821_receiving_yards_blend,2026-09-20T12:24:48+00:00,2026-09-20T12:25:10+00:00
2026,2,401872935,2026-09-20,13:00,00-0038715,Ronnie Hickman Jr.,CLE,TB,DB,tackles,5.2,2.5,8.7,0.9812034026267541,0.938719520804334,eligible,eligible_current_role,starter,,1.0,direct,20260908_1821_tackles_direct,2026-09-20T12:24:48+00:00,2026-09-20T12:25:10+00:00
2026,2,401872935,2026-09-20,13:00,00-0038794,Jaleel McLaughlin,CLE,TB,RB,rushing_yards,22.4,0.4,53.3,,,eligible,eligible_current_role,backup,Active,3.0,direct_component_blend,20260908_1821_rushing_yards_blend,2026-09-20T12:24:48+00:00,2026-09-20T12:25:10+00:00
2026,2,401872935,2026-09-20,13:00,00-0038794,Jaleel McLaughlin,CLE,TB,RB,receiving_yards,4.1,-13.1,32.9,,,eligible,eligible_current_role,backup,Active,3.0,direct_component_blend,20260908_1821_receiving_yards_blend,2026-09-20T12:24:48+00:00,2026-09-20T12:25:10+00:00
2026,2,401872935,2026-09-20,13:00,00-0038951,Sean Tucker,TB,CLE,RB,rushing_yards,13.8,-8.2,44.8,,,eligible,eligible_current_role,backup,Active,3.0,direct_component_blend,20260908_1821_rushing_yards_blend,2026-09-20T12:24:48+00:00,2026-09-20T12:25:10+00:00
2026,2,401872935,2026-09-20,13:00,00-0038951,Sean Tucker,TB,CLE,RB,receiving_yards,1.3,-15.9,30.1,,,eligible,eligible_current_role,backup,Active,3.0,direct_component_blend,20260908_1821_receiving_yards_blend,2026-09-20T12:24:48+00:00,2026-09-20T12:25:10+00:00
2026,2,401872935,2026-09-20,13:00,00-0039049,SirVocea Dennis,TB,CLE,LB,tackles,5.7,2.7,9.7,0.9825857881836922,0.9528156193360503,eligible,eligible_current_role,recent_defensive_participant,,,direct,20260908_1821_tackles_direct,2026-09-20T12:24:48+00:00,2026-09-20T12:25:10+00:00
2026,2,401872935,2026-09-20,13:00,00-0039050,Payne Durham,TB,CLE,TE,rushing_yards,0.0,-10.8,15.0,,,eligible,eligible_current_role,backup,,2.0,direct_component_blend,20260908_1821_rushing_yards_blend,2026-09-20T12:24:48+00:00,2026-09-20T12:25:10+00:00
2026,2,401872935,2026-09-20,13:00,00-0039050,Payne Durham,TB,CLE,TE,receiving_yards,1.7,-15.4,30.5,,,eligible,eligible_current_role,backup,,2.0,direct_component_blend,20260908_1821_receiving_yards_blend,2026-09-20T12:24:48+00:00,2026-09-20T12:25:10+00:00
2026,2,401872935,2026-09-20,13:00,00-0039063,Calijah Kancey,TB,CLE,DL,tackles,1.4,0.0,3.9,0.6537182962702771,0.3605250330646905,eligible,eligible_current_role,starter,,1.0,direct,20260908_1821_tackles_direct,2026-09-20T12:24:48+00:00,2026-09-20T12:25:10+00:00
2026,2,401872935,2026-09-20,13:00,00-0039068,Yaya Diaby,TB,CLE,LB,tackles,2.9,0.0,7.0,0.8984964887346765,0.7325342460562072,eligible,eligible_current_role,starter,,1.0,direct,20260908_1821_tackles_direct,2026-09-20T12:24:48+00:00,2026-09-20T12:25:10+00:00
2026,2,401872935,2026-09-20,13:00,00-0039361,Bucky Irving,TB,CLE,RB,rushing_yards,54.1,32.1,85.0,,,eligible,eligible_current_role,starter,Active,1.0,direct_component_blend,20260908_1821_rushing_yards_blend,2026-09-20T12:24:48+00:00,2026-09-20T12:25:10+00:00
2026,2,401872935,2026-09-20,13:00,00-0039361,Bucky Irving,TB,CLE,RB,receiving_yards,18.0,0.8,46.8,,,eligible,eligible_current_role,starter,Active,1.0,direct_component_blend,20260908_1821_receiving_yards_blend,2026-09-20T12:24:48+00:00,2026-09-20T12:25:10+00:00
2026,2,401872935,2026-09-20,13:00,00-0039417,Myles Harden,CLE,TB,DB,tackles,3.2,0.6,6.7,0.9158034506552601,0.7808248709487857,eligible,eligible_current_role,starter,,1.0,direct,20260908_1821_tackles_direct,2026-09-20T12:24:48+00:00,2026-09-20T12:25:10+00:00
2026,2,401872935,2026-09-20,13:00,00-0039515,Winston Reid,CLE,TB,LB,tackles,3.8,1.8,6.2,0.945493486617161,0.8402413750180705,eligible,eligible_current_role,backup,,2.0,direct,20260908_1821_tackles_direct,2026-09-20T12:24:48+00:00,2026-09-20T12:25:10+00:00
2026,2,401872935,2026-09-20,13:00,00-0039589,Kameron Johnson,TB,CLE,WR,rushing_yards,0.1,-10.6,15.1,,,eligible,eligible_current_role,backup,,6.0,direct_component_blend,20260908_1821_rushing_yards_blend,2026-09-20T12:24:48+00:00,2026-09-20T12:25:10+00:00
2026,2,401872935,2026-09-20,13:00,00-0039589,Kameron Johnson,TB,CLE,WR,receiving_yards,0.5,-16.7,29.3,,,eligible,eligible_current_role,backup,,6.0,direct_component_blend,20260908_1821_receiving_yards_blend,2026-09-20T12:24:48+00:00,2026-09-20T12:25:10+00:00
2026,2,401872935,2026-09-20,13:00,00-0039846,Tykee Smith,TB,CLE,DB,tackles,4.3,2.0,6.9,0.9640230111515956,0.8823974783584331,eligible,eligible_current_role,starter,,1.0,direct,20260908_1821_tackles_direct,2026-09-20T12:24:48+00:00,2026-09-20T12:25:10+00:00
2026,2,401872935,2026-09-20,13:00,00-0039852,Jared Verse,CLE,TB,DL,tackles,3.0,0.9,5.8,0.9059422244412517,0.7526605888282678,eligible,eligible_current_role,starter,,1.0,direct,20260908_1821_tackles_direct,2026-09-20T12:24:48+00:00,2026-09-20T12:25:10+00:00
2026,2,401872935,2026-09-20,13:00,00-0039855,Jalen McMillan,TB,CLE,WR,rushing_yards,0.6,-10.1,15.7,,,eligible,eligible_current_role,backup,Active,3.0,direct_component_blend,20260908_1821_rushing_yards_blend,2026-09-20T12:24:48+00:00,2026-09-20T12:25:10+00:00
2026,2,401872935,2026-09-20,13:00,00-0039855,Jalen McMillan,TB,CLE,WR,receiving_yards,35.0,8.4,84.2,,,eligible,eligible_current_role,backup,Active,3.0,direct_component_blend,20260908_1821_receiving_yards_blend,2026-09-20T12:24:48+00:00,2026-09-20T12:25:10+00:00
2026,2,401872935,2026-09-20,13:00,00-0039895,Mike Hall Jr.,CLE,TB,DL,tackles,1.2,0.0,3.7,0.5720931580767542,0.2815339697753266,eligible,eligible_current_role,backup,,2.0,direct,20260908_1821_tackles_direct,2026-09-20T12:24:48+00:00,2026-09-20T12:25:10+00:00
2026,2,401872935,2026-09-20,13:00,00-0039920,Malachi Corley,CLE,TB,WR,rushing_yards,2.6,-8.1,17.7,,,eligible,eligible_current_role,backup,,6.0,direct_component_blend,20260908_1821_rushing_yards_blend,2026-09-20T12:24:48+00:00,2026-09-20T12:25:10+00:00
2026,2,401872935,2026-09-20,13:00,00-0039920,Malachi Corley,CLE,TB,WR,receiving_yards,10.1,-7.1,38.9,,,eligible,eligible_current_role,backup,,6.0,direct_component_blend,20260908_1821_receiving_yards_blend,2026-09-20T12:24:48+00:00,2026-09-20T12:25:10+00:00
2026,2,401872935,2026-09-20,13:00,00-0040089,Kevin Knowles,TB,CLE,DB,tackles,1.1,0.0,3.9,0.5632198975189303,0.273061014792554,eligible,eligible_current_role,backup,,3.0,direct,20260908_1821_tackles_direct,2026-09-20T12:24:48+00:00,2026-09-20T12:25:10+00:00
2026,2,401872935,2026-09-20,13:00,00-0040129,Emeka Egbuka,TB,CLE,WR,rushing_yards,0.0,-10.7,15.1,,,eligible,eligible_current_role,starter,Active,1.0,direct_component_blend,20260908_1821_rushing_yards_blend,2026-09-20T12:24:48+00:00,2026-09-20T12:25:10+00:00
2026,2,401872935,2026-09-20,13:00,00-0040129,Emeka Egbuka,TB,CLE,WR,receiving_yards,54.2,27.6,103.4,,,eligible,eligible_current_role,starter,Active,1.0,direct_component_blend,20260908_1821_receiving_yards_blend,2026-09-20T12:24:48+00:00,2026-09-20T12:25:10+00:00
2026,2,401872935,2026-09-20,13:00,00-0040143,Jacob Parrish,TB,CLE,DB,tackles,4.5,1.8,8.0,0.9724075954769649,0.9038923537095264,eligible,questionable_flag,starter,Questionable,1.0,direct,20260908_1821_tackles_direct,2026-09-20T12:24:48+00:00,2026-09-20T12:25:10+00:00
2026,2,401872935,2026-09-20,13:00,00-0040158,David Walker,TB,CLE,LB,tackles,1.1,0.0,4.6,0.561329020786728,0.27128734491538686,eligible,eligible_current_role,backup,,3.0,direct,20260908_1821_tackles_direct,2026-09-20T12:24:48+00:00,2026-09-20T12:25:10+00:00
2026,2,401872935,2026-09-20,13:00,00-0040183,Elijah Roberts,TB,CLE,DL,tackles,1.5,0.0,3.9,0.6922205237241007,0.40180016916899475,eligible,eligible_current_role,backup,,2.0,direct,20260908_1821_tackles_direct,2026-09-20T12:24:48+00:00,2026-09-20T12:25:10+00:00
2026,2,401872935,2026-09-20,13:00,00-0040218,Jimmy Horn Jr.,CLE,TB,WR,rushing_yards,1.1,-9.7,16.1,,,eligible,eligible_current_role,roster_only,,,direct_component_blend,20260908_1821_rushing_yards_blend,2026-09-20T12:24:48+00:00,2026-09-20T12:25:10+00:00
2026,2,401872935,2026-09-20,13:00,00-0040218,Jimmy Horn Jr.,CLE,TB,WR,receiving_yards,9.1,-8.1,37.9,,,eligible,eligible_current_role,roster_only,,,direct_component_blend,20260908_1821_receiving_yards_blend,2026-09-20T12:24:48+00:00,2026-09-20T12:25:10+00:00
2026,2,401872935,2026-09-20,13:00,00-0040237,Tez Johnson,TB,CLE,WR,rushing_yards,0.5,-10.2,15.6,,,eligible,eligible_current_role,backup,,5.0,direct_component_blend,20260908_1821_rushing_yards_blend,2026-09-20T12:24:48+00:00,2026-09-20T12:25:10+00:00
2026,2,401872935,2026-09-20,13:00,00-0040237,Tez Johnson,TB,CLE,WR,receiving_yards,7.2,-10.0,36.0,,,eligible,eligible_current_role,backup,,5.0,direct_component_blend,20260908_1821_receiving_yards_blend,2026-09-20T12:24:48+00:00,2026-09-20T12:25:10+00:00
2026,2,401872935,2026-09-20,13:00,00-0040255,Adin Huntington,CLE,TB,DL,tackles,1.1,0.0,3.6,0.5600022099261848,0.2700493705583018,eligible,eligible_current_role,backup,,2.0,direct,20260908_1821_tackles_direct,2026-09-20T12:24:48+00:00,2026-09-20T12:25:10+00:00
2026,2,401872935,2026-09-20,13:00,00-0040261,Easton Mascarenas-Arnold,CLE,TB,LB,tackles,1.2,0.0,3.7,0.5769439038151548,0.28627226441011366,eligible,eligible_current_role,starter,,1.0,direct,20260908_1821_tackles_direct,2026-09-20T12:24:48+00:00,2026-09-20T12:25:10+00:00
2026,2,401872935,2026-09-20,13:00,00-0040263,Donovan McMillon,CLE,TB,DB,tackles,0.8,0.0,3.2,0.43426490052287303,0.16763560408307276,eligible,eligible_current_role,backup,,2.0,direct,20260908_1821_tackles_direct,2026-09-20T12:24:48+00:00,2026-09-20T12:25:10+00:00
2026,2,401872935,2026-09-20,13:00,00-0040384,Elijah Simmons,TB,CLE,DL,tackles,0.9,0.0,3.4,0.5135288632269648,0.23088604098012722,eligible,eligible_current_role,backup,Active,3.0,direct,20260908_1821_tackles_direct,2026-09-20T12:24:48+00:00,2026-09-20T12:25:10+00:00
2026,2,401872935,2026-09-20,13:00,00-0040429,Josh Williams,TB,CLE,RB,rushing_yards,4.3,-7.5,20.8,,,eligible,eligible_current_role,roster_only,,,direct_component_blend,20260908_1821_rushing_yards_blend,2026-09-20T12:24:48+00:00,2026-09-20T12:25:10+00:00
2026,2,401872935,2026-09-20,13:00,00-0040429,Josh Williams,TB,CLE,RB,receiving_yards,0.1,-18.5,32.1,,,eligible,eligible_current_role,roster_only,,,direct_component_blend,20260908_1821_receiving_yards_blend,2026-09-20T12:24:48+00:00,2026-09-20T12:25:10+00:00
2026,2,401872935,2026-09-20,13:00,00-0040466,Raheim Sanders,CLE,TB,RB,rushing_yards,20.3,-3.9,54.4,,,eligible,eligible_current_role,backup,Active,2.0,direct_component_blend,20260908_1821_rushing_yards_blend,2026-09-20T12:24:48+00:00,2026-09-20T12:25:10+00:00
2026,2,401872935,2026-09-20,13:00,00-0040466,Raheim Sanders,CLE,TB,RB,receiving_yards,7.4,-11.2,39.3,,,eligible,eligible_current_role,backup,Active,2.0,direct_component_blend,20260908_1821_receiving_yards_blend,2026-09-20T12:24:48+00:00,2026-09-20T12:25:10+00:00
2026,2,401872935,2026-09-20,13:00,00-0040579,Carson Schwesinger,CLE,TB,LB,tackles,8.3,6.9,13.9,0.983495145631068,0.9631067961165048,eligible,eligible_current_role,starter,Active,1.0,direct,20260908_1821_tackles_direct,2026-09-20T12:24:48+00:00,2026-09-20T12:25:10+00:00
2026,2,401872935,2026-09-20,13:00,00-0040663,Harold Fannin Jr.,CLE,TB,TE,rushing_yards,0.2,-10.5,15.3,,,eligible,eligible_current_role,starter,Active,1.0,direct_component_blend,20260908_1821_rushing_yards_blend,2026-09-20T12:24:48+00:00,2026-09-20T12:25:10+00:00
2026,2,401872935,2026-09-20,13:00,00-0040663,Harold Fannin Jr.,CLE,TB,TE,receiving_yards,40.9,21.2,75.1,,,eligible,eligible_current_role,starter,Active,1.0,direct_component_blend,20260908_1821_receiving_yards_blend,2026-09-20T12:24:48+00:00,2026-09-20T12:25:10+00:00
2026,2,401872935,2026-09-20,13:00,00-0040668,Shedeur Sanders,CLE,TB,QB,rushing_yards,13.8,1.0,31.7,,,eligible,eligible_current_role,backup,,2.0,direct_component_blend,20260908_1821_rushing_yards_blend,2026-09-20T12:24:48+00:00,2026-09-20T12:25:10+00:00
2026,2,401872935,2026-09-20,13:00,00-0040685,Mason Graham,CLE,TB,DL,tackles,2.7,0.6,5.5,0.888028324051151,0.7060344111691482,eligible,eligible_current_role,starter,,1.0,direct,20260908_1821_tackles_direct,2026-09-20T12:24:48+00:00,2026-09-20T12:25:10+00:00
2026,2,401872935,2026-09-20,13:00,00-0040747,Benjamin Morrison,TB,CLE,DB,tackles,3.7,1.1,7.2,0.9434523942357586,0.8362838156227614,eligible,eligible_current_role,starter,,1.0,direct,20260908_1821_tackles_direct,2026-09-20T12:24:48+00:00,2026-09-20T12:25:10+00:00
2026,2,401872935,2026-09-20,13:00,00-0040782,Isaiah Bond,CLE,TB,WR,rushing_yards,0.6,-10.1,15.6,,,eligible,eligible_current_role,backup,,4.0,direct_component_blend,20260908_1821_rushing_yards_blend,2026-09-20T12:24:48+00:00,2026-09-20T12:25:10+00:00
2026,2,401872935,2026-09-20,13:00,00-0040782,Isaiah Bond,CLE,TB,WR,receiving_yards,12.7,-4.4,41.5,,,eligible,eligible_current_role,backup,,4.0,direct_component_blend,20260908_1821_receiving_yards_blend,2026-09-20T12:24:48+00:00,2026-09-20T12:25:10+00:00
2026,2,401872935,2026-09-20,13:00,00-0040784,Quinshon Judkins,CLE,TB,RB,rushing_yards,32.3,10.3,63.2,,,eligible,eligible_current_role,starter,Active,1.0,direct_component_blend,20260908_1821_rushing_yards_blend,2026-09-20T12:24:48+00:00,2026-09-20T12:25:10+00:00
2026,2,401872935,2026-09-20,13:00,00-0040784,Quinshon Judkins,CLE,TB,RB,receiving_yards,14.7,-2.5,43.5,,,eligible,eligible_current_role,starter,Active,1.0,direct_component_blend,20260908_1821_receiving_yards_blend,2026-09-20T12:24:48+00:00,2026-09-20T12:25:10+00:00
2026,2,401872935,2026-09-20,13:00,00-0041031,Rueben Bain Jr.,TB,CLE,LB,tackles,2.2,0.0,5.7,0.8297147327417306,0.5891664303860299,eligible,eligible_current_role,starter,Active,1.0,direct,20260908_1821_tackles_direct,2026-09-20T12:24:48+00:00,2026-09-20T12:25:10+00:00
2026,2,401872935,2026-09-20,13:00,00-0041037,Denzel Boston,CLE,TB,WR,rushing_yards,0.0,-14.8,20.6,,,eligible,eligible_current_role,backup,Active,3.0,direct_component_blend,20260908_1821_rushing_yards_blend,2026-09-20T12:24:48+00:00,2026-09-20T12:25:10+00:00
2026,2,401872935,2026-09-20,13:00,00-0041037,Denzel Boston,CLE,TB,WR,receiving_yards,7.3,-15.3,47.9,,,eligible,eligible_current_role,backup,Active,3.0,direct_component_blend,20260908_1821_receiving_yards_blend,2026-09-20T12:24:48+00:00,2026-09-20T12:25:10+00:00
2026,2,401872935,2026-09-20,13:00,00-0041048,Ted Hurst III,TB,CLE,WR,rushing_yards,0.0,-14.8,20.6,,,eligible,eligible_current_role,backup,Active,4.0,direct_component_blend,20260908_1821_rushing_yards_blend,2026-09-20T12:24:48+00:00,2026-09-20T12:25:10+00:00
2026,2,401872935,2026-09-20,13:00,00-0041048,Ted Hurst III,TB,CLE,WR,receiving_yards,5.7,-17.0,46.2,,,eligible,eligible_current_role,backup,Active,4.0,direct_component_blend,20260908_1821_receiving_yards_blend,2026-09-20T12:24:48+00:00,2026-09-20T12:25:10+00:00
2026,2,401872935,2026-09-20,13:00,00-0041057,Keionte Scott,TB,CLE,DB,tackles,2.3,0.0,6.2,0.8402913935170147,0.6084292902288511,eligible,eligible_current_role,backup,Active,2.0,direct,20260908_1821_tackles_direct,2026-09-20T12:24:48+00:00,2026-09-20T12:25:10+00:00
2026,2,401872935,2026-09-20,13:00,00-0041075,Justin Jefferson,CLE,TB,LB,tackles,1.7,0.0,5.2,0.7585580791488191,0.4802358594185693,eligible,eligible_current_role,backup,Active,2.0,direct,20260908_1821_tackles_direct,2026-09-20T12:24:48+00:00,2026-09-20T12:25:10+00:00
2026,2,401872935,2026-09-20,13:00,00-0041079,DeMonte Capehart,TB,CLE,DL,tackles,1.2,0.0,4.7,0.5690404815332336,0.278590895697259,eligible,eligible_current_role,backup,Active,2.0,direct,20260908_1821_tackles_direct,2026-09-20T12:24:48+00:00,2026-09-20T12:25:10+00:00
2026,2,401872935,2026-09-20,13:00,00-0041092,Taylen Green,CLE,TB,QB,rushing_yards,8.2,-9.4,32.8,,,eligible,eligible_current_role,backup,Active,3.0,direct_component_blend,20260908_1821_rushing_yards_blend,2026-09-20T12:24:48+00:00,2026-09-20T12:25:10+00:00
2026,2,401872935,2026-09-20,13:00,00-0041094,Bauer Sharp,TB,CLE,TE,rushing_yards,0.0,-14.8,20.6,,,eligible,eligible_current_role,backup,,4.0,direct_component_blend,20260908_1821_rushing_yards_blend,2026-09-20T12:24:48+00:00,2026-09-20T12:25:10+00:00
2026,2,401872935,2026-09-20,13:00,00-0041094,Bauer Sharp,TB,CLE,TE,receiving_yards,4.6,-18.1,45.1,,,eligible,eligible_current_role,backup,,4.0,direct_component_blend,20260908_1821_receiving_yards_blend,2026-09-20T12:24:48+00:00,2026-09-20T12:25:10+00:00
2026,2,401872935,2026-09-20,13:00,00-0041115,Toriano Pride Jr.,CLE,TB,DB,tackles,2.2,0.0,6.1,0.8243762288160399,0.5796836635028212,eligible,eligible_current_role,backup,Active,2.0,direct,20260908_1821_tackles_direct,2026-09-20T12:24:48+00:00,2026-09-20T12:25:10+00:00
2026,2,401872935,2026-09-20,13:00,00-0041131,Carsen Ryan,CLE,TB,TE,rushing_yards,0.0,-14.8,20.6,,,eligible,eligible_current_role,backup,,3.0,direct_component_blend,20260908_1821_rushing_yards_blend,2026-09-20T12:24:48+00:00,2026-09-20T12:25:10+00:00
2026,2,401872935,2026-09-20,13:00,00-0041131,Carsen Ryan,CLE,TB,TE,receiving_yards,5.2,-17.5,45.7,,,eligible,eligible_current_role,backup,,3.0,direct_component_blend,20260908_1821_receiving_yards_blend,2026-09-20T12:24:48+00:00,2026-09-20T12:25:10+00:00
2026,2,401872935,2026-09-20,13:00,00-0041251,Jalon Daniels,TB,CLE,QB,rushing_yards,9.3,-8.2,34.0,,,eligible,eligible_current_role,backup,Active,2.0,direct_component_blend,20260908_1821_rushing_yards_blend,2026-09-20T12:24:48+00:00,2026-09-20T12:25:10+00:00
2026,2,401872935,2026-09-20,13:00,00-0041253,Ayden Garnes,TB,CLE,DB,tackles,2.3,0.0,6.2,0.8402913935170147,0.6084292902288511,eligible,eligible_current_role,backup,Active,2.0,direct,20260908_1821_tackles_direct,2026-09-20T12:24:48+00:00,2026-09-20T12:25:10+00:00
2026,2,401872935,2026-09-20,13:00,00-0041471,Emmanuel McNeil-Warren,CLE,TB,DB,tackles,2.2,0.0,6.1,0.8243762288160399,0.5796836635028212,eligible,eligible_current_role,backup,,2.0,direct,20260908_1821_tackles_direct,2026-09-20T12:24:48+00:00,2026-09-20T12:25:10+00:00
2026,2,401872935,2026-09-20,13:00,00-0041502,Josiah Trotter,TB,CLE,LB,tackles,1.4,0.0,4.9,0.6599622725180813,0.36701109969231194,eligible,eligible_current_role,recent_defensive_participant,Active,,direct,20260908_1821_tackles_direct,2026-09-20T12:24:48+00:00,2026-09-20T12:25:10+00:00
2026,2,401872935,2026-09-20,13:00,00-0041547,KC Concepcion,CLE,TB,WR,rushing_yards,1.6,-13.1,22.3,,,eligible,eligible_current_role,backup,Active,2.0,direct_component_blend,20260908_1821_rushing_yards_blend,2026-09-20T12:24:48+00:00,2026-09-20T12:25:10+00:00
2026,2,401872935,2026-09-20,13:00,00-0041547,KC Concepcion,CLE,TB,WR,receiving_yards,9.6,-13.1,50.2,,,eligible,eligible_current_role,backup,Active,2.0,direct_component_blend,20260908_1821_receiving_yards_blend,2026-09-20T12:24:48+00:00,2026-09-20T12:25:10+00:00
2026,2,401872936,2026-09-20,13:00,00-0028118,Tyrod Taylor,GB,NYJ,QB,rushing_yards,15.9,3.1,33.8,,,eligible,eligible_current_role,backup,,2.0,direct_component_blend,20260908_1821_rushing_yards_blend,2026-09-20T12:24:48+00:00,2026-09-20T12:25:10+00:00
2026,2,401872936,2026-09-20,13:00,00-0029607,Demario Davis,NYJ,GB,LB,tackles,6.8,3.9,10.9,0.983495145631068,0.9631067961165048,eligible,eligible_current_role,starter,Active,1.0,direct,20260908_1821_tackles_direct,2026-09-20T12:24:48+00:00,2026-09-20T12:25:10+00:00
2026,2,401872936,2026-09-20,13:00,00-0030565,Geno Smith,NYJ,GB,QB,passing_yards,192.5,99.0,298.7,,,eligible,eligible_current_role,starter,Active,1.0,direct_component_blend,20260908_1821_passing_yards_blend,2026-09-20T12:24:48+00:00,2026-09-20T12:25:10+00:00
2026,2,401872936,2026-09-20,13:00,00-0030565,Geno Smith,NYJ,GB,QB,passing_tds,0.929,,,0.6316617708352545,0.26139067608523664,eligible,eligible_current_role,starter,Active,1.0,direct_component_blend,20260908_1821_passing_tds_blend,2026-09-20T12:24:48+00:00,2026-09-20T12:25:10+00:00
2026,2,401872936,2026-09-20,13:00,00-0030565,Geno Smith,NYJ,GB,QB,rushing_yards,8.1,-2.7,23.1,,,eligible,eligible_current_role,starter,Active,1.0,direct_component_blend,20260908_1821_rushing_yards_blend,2026-09-20T12:24:48+00:00,2026-09-20T12:25:10+00:00
2026,2,401872936,2026-09-20,13:00,00-0033051,David Onyemata,NYJ,GB,DL,tackles,2.2,0.2,4.7,0.8261992278300697,0.5829043112041563,eligible,eligible_current_role,backup,,2.0,direct,20260908_1821_tackles_direct,2026-09-20T12:24:48+00:00,2026-09-20T12:25:10+00:00
2026,2,401872936,2026-09-20,13:00,00-0033109,Javon Hargrave,GB,NYJ,DL,tackles,2.3,0.4,4.8,0.8508271882594003,0.6284393373668555,eligible,questionable_flag,starter,Questionable,1.0,direct,20260908_1821_tackles_direct,2026-09-20T12:24:48+00:00,2026-09-20T12:25:10+00:00
2026,2,401872936,2026-09-20,13:00,00-0033858,Jonnu Smith,GB,NYJ,TE,rushing_yards,4.1,-6.6,19.2,,,eligible,eligible_current_role,backup,Active,2.0,direct_component_blend,20260908_1821_rushing_yards_blend,2026-09-20T12:24:48+00:00,2026-09-20T12:25:10+00:00
2026,2,401872936,2026-09-20,13:00,00-0033858,Jonnu Smith,GB,NYJ,TE,receiving_yards,18.0,0.8,46.8,,,eligible,eligible_current_role,backup,Active,2.0,direct_component_blend,20260908_1821_receiving_yards_blend,2026-09-20T12:24:48+00:00,2026-09-20T12:25:10+00:00
2026,2,401872936,2026-09-20,13:00,00-0034431,Zaire Franklin,GB,NYJ,LB,tackles,6.7,3.8,10.7,0.983495145631068,0.9631067961165048,eligible,eligible_current_role,recent_defensive_participant,Active,,direct,20260908_1821_tackles_direct,2026-09-20T12:24:48+00:00,2026-09-20T12:25:10+00:00
2026,2,401872936,2026-09-20,13:00,00-0034782,Harrison Phillips,NYJ,GB,DL,tackles,3.3,1.3,5.7,0.9176183792131926,0.7862216517348296,eligible,eligible_current_role,starter,,1.0,direct,20260908_1821_tackles_direct,2026-09-20T12:24:48+00:00,2026-09-20T12:25:10+00:00
2026,2,401872936,2026-09-20,13:00,00-0034789,Minkah Fitzpatrick,NYJ,GB,DB,tackles,5.3,2.6,8.8,0.9815226972164846,0.941873836749809,eligible,eligible_current_role,starter,Doubtful,1.0,direct,20260908_1821_tackles_direct,2026-09-20T12:24:48+00:00,2026-09-20T12:25:10+00:00
2026,2,401872936,2026-09-20,13:00,00-0034794,Jason Sanders,NYJ,GB,K,kicking_points,6.9,2.4,12.2,,,eligible,eligible_current_role,starter,Active,1.0,component,20260908_1821_kicking_points_component,2026-09-20T12:24:48+00:00,2026-09-20T12:25:10+00:00
2026,2,401872936,2026-09-20,13:00,00-0034959,Andrew Beck,NYJ,GB,RB,rushing_yards,1.6,-9.1,16.7,,,eligible,eligible_current_role,backup,,4.0,direct_component_blend,20260908_1821_rushing_yards_blend,2026-09-20T12:24:48+00:00,2026-09-20T12:25:10+00:00
2026,2,401872936,2026-09-20,13:00,00-0034959,Andrew Beck,NYJ,GB,RB,receiving_yards,3.2,-14.0,32.0,,,eligible,eligible_current_role,backup,,4.0,direct_component_blend,20260908_1821_receiving_yards_blend,2026-09-20T12:24:48+00:00,2026-09-20T12:25:10+00:00
2026,2,401872936,2026-09-20,13:00,00-0035133,Keisean Nixon,GB,NYJ,DB,tackles,5.0,2.2,8.4,0.9801516297147571,0.9286693680105644,eligible,eligible_current_role,starter,Active,1.0,direct,20260908_1821_tackles_direct,2026-09-20T12:24:48+00:00,2026-09-20T12:25:10+00:00
2026,2,401872936,2026-09-20,13:00,00-0036264,Jordan Love,GB,NYJ,QB,passing_yards,221.5,128.1,327.7,,,eligible,eligible_current_role,starter,Active,1.0,direct_component_blend,20260908_1821_passing_yards_blend,2026-09-20T12:24:48+00:00,2026-09-20T12:25:10+00:00
2026,2,401872936,2026-09-20,13:00,00-0036264,Jordan Love,GB,NYJ,QB,passing_tds,1.502,,,0.8125,0.5027003016346296,eligible,eligible_current_role,starter,Active,1.0,direct_component_blend,20260908_1821_passing_tds_blend,2026-09-20T12:24:48+00:00,2026-09-20T12:25:10+00:00
2026,2,401872936,2026-09-20,13:00,00-0036264,Jordan Love,GB,NYJ,QB,rushing_yards,9.6,-1.2,24.6,,,eligible,eligible_current_role,starter,Active,1.0,direct_component_blend,20260908_1821_rushing_yards_blend,2026-09-20T12:24:48+00:00,2026-09-20T12:25:10+00:00
2026,2,401872936,2026-09-20,13:00,00-0036388,Xavier McKinney,GB,NYJ,DB,tackles,6.1,3.5,9.6,0.983310995130612,0.9607885163646528,eligible,eligible_current_role,starter,,1.0,direct,20260908_1821_tackles_direct,2026-09-20T12:24:48+00:00,2026-09-20T12:25:10+00:00
2026,2,401872936,2026-09-20,13:00,00-0036500,Jamien Sherwood,NYJ,GB,LB,tackles,7.1,4.5,11.5,0.983495145631068,0.9631067961165048,eligible,questionable_flag,starter,Questionable,1.0,direct,20260908_1821_tackles_direct,2026-09-20T12:24:48+00:00,2026-09-20T12:25:10+00:00
2026,2,401872936,2026-09-20,13:00,00-0036625,Benjamin St-Juste,GB,NYJ,DB,tackles,2.9,0.7,5.6,0.8967528705686834,0.7279468642279867,eligible,eligible_current_role,backup,,2.0,direct,20260908_1821_tackles_direct,2026-09-20T12:24:48+00:00,2026-09-20T12:25:10+00:00
2026,2,401872936,2026-09-20,13:00,00-0036658,Isaiah McDuffie,GB,NYJ,LB,tackles,5.2,3.1,7.5,0.9810268147140041,0.9369972345259876,eligible,eligible_current_role,recent_defensive_participant,,,direct,20260908_1821_tackles_direct,2026-09-20T12:24:48+00:00,2026-09-20T12:25:10+00:00
2026,2,401872936,2026-09-20,13:00,00-0036842,Kene Nwangwu,NYJ,GB,RB,rushing_yards,10.6,-0.1,25.6,,,eligible,questionable_flag,backup,Questionable,4.0,direct_component_blend,20260908_1821_rushing_yards_blend,2026-09-20T12:24:48+00:00,2026-09-20T12:25:10+00:00
2026,2,401872936,2026-09-20,13:00,00-0036842,Kene Nwangwu,NYJ,GB,RB,receiving_yards,2.6,-14.6,31.4,,,eligible,questionable_flag,backup,Questionable,4.0,direct_component_blend,20260908_1821_receiving_yards_blend,2026-09-20T12:24:48+00:00,2026-09-20T12:25:10+00:00
2026,2,401872936,2026-09-20,13:00,00-0036902,Joseph Ossai,NYJ,GB,LB,tackles,2.8,0.0,6.9,0.8914833023704202,0.7143505352641364,eligible,questionable_flag,backup,Questionable,3.0,direct,20260908_1821_tackles_direct,2026-09-20T12:24:48+00:00,2026-09-20T12:25:10+00:00
2026,2,401872936,2026-09-20,13:00,00-0036941,Andre Cisco,NYJ,GB,DB,tackles,4.2,1.5,7.6,0.9609230219228317,0.8747771848935048,eligible,eligible_current_role,backup,,2.0,direct,20260908_1821_tackles_direct,2026-09-20T12:24:48+00:00,2026-09-20T12:25:10+00:00
2026,2,401872936,2026-09-20,13:00,00-0036986,Nahshon Wright,NYJ,GB,DB,tackles,4.3,1.6,7.8,0.9659077004063082,0.8871106187929407,eligible,eligible_current_role,starter,Active,1.0,direct,20260908_1821_tackles_direct,2026-09-20T12:24:48+00:00,2026-09-20T12:25:10+00:00
2026,2,401872936,2026-09-20,13:00,00-0036987,Brandon Stephens,NYJ,GB,DB,tackles,4.3,1.6,7.8,0.9658835778720547,0.887049891298273,eligible,eligible_current_role,starter,,1.0,direct,20260908_1821_tackles_direct,2026-09-20T12:24:48+00:00,2026-09-20T12:25:10+00:00
2026,2,401872936,2026-09-20,13:00,00-0037075,Devonte Wyatt,GB,NYJ,DL,tackles,2.5,0.5,5.0,0.8658428350552658,0.6582095267439709,eligible,questionable_flag,starter,Questionable,1.0,direct,20260908_1821_tackles_direct,2026-09-20T12:24:48+00:00,2026-09-20T12:25:10+00:00
2026,2,401872936,2026-09-20,13:00,00-0037083,Kingsley Enagbare,NYJ,GB,LB,tackles,3.1,0.2,7.2,0.9112043287880995,0.7674572137147384,eligible,eligible_current_role,starter,,1.0,direct,20260908_1821_tackles_direct,2026-09-20T12:24:48+00:00,2026-09-20T12:25:10+00:00
2026,2,401872936,2026-09-20,13:00,00-0037091,Bo Melton,GB,NYJ,WR,rushing_yards,0.9,-9.8,16.0,,,eligible,eligible_current_role,backup,Active,5.0,direct_component_blend,20260908_1821_rushing_yards_blend,2026-09-20T12:24:48+00:00,2026-09-20T12:25:10+00:00
2026,2,401872936,2026-09-20,13:00,00-0037091,Bo Melton,GB,NYJ,WR,receiving_yards,12.3,-4.8,41.2,,,eligible,eligible_current_role,backup,Active,5.0,direct_component_blend,20260908_1821_receiving_yards_blend,2026-09-20T12:24:48+00:00,2026-09-20T12:25:10+00:00
2026,2,401872936,2026-09-20,13:00,00-0037094,Jonathan Ford,GB,NYJ,DL,tackles,0.8,0.0,3.3,0.44382758959561924,0.18079722226060752,eligible,eligible_current_role,backup,,2.0,direct,20260908_1821_tackles_direct,2026-09-20T12:24:48+00:00,2026-09-20T12:25:10+00:00
2026,2,401872936,2026-09-20,13:00,00-0037526,Marcelino McCrary-Ball,NYJ,GB,LB,tackles,3.5,1.5,5.9,0.9312316273548763,0.8136198160746967,eligible,eligible_current_role,backup,,2.0,direct,20260908_1821_tackles_direct,2026-09-20T12:24:48+00:00,2026-09-20T12:25:10+00:00
2026,2,401872936,2026-09-20,13:00,00-0037740,Garrett Wilson,NYJ,GB,WR,rushing_yards,0.0,-10.7,15.0,,,eligible,eligible_current_role,starter,Active,1.0,direct_component_blend,20260908_1821_rushing_yards_blend,2026-09-20T12:24:48+00:00,2026-09-20T12:25:10+00:00
2026,2,401872936,2026-09-20,13:00,00-0037740,Garrett Wilson,NYJ,GB,WR,receiving_yards,51.6,24.9,100.8,,,eligible,eligible_current_role,starter,Active,1.0,direct_component_blend,20260908_1821_receiving_yards_blend,2026-09-20T12:24:48+00:00,2026-09-20T12:25:10+00:00
2026,2,401872936,2026-09-20,13:00,00-0037755,Jelani Woods,NYJ,GB,TE,rushing_yards,0.0,-10.8,15.0,,,eligible,eligible_current_role,backup,,5.0,direct_component_blend,20260908_1821_rushing_yards_blend,2026-09-20T12:24:48+00:00,2026-09-20T12:25:10+00:00
2026,2,401872936,2026-09-20,13:00,00-0037755,Jelani Woods,NYJ,GB,TE,receiving_yards,10.0,-7.1,38.8,,,eligible,eligible_current_role,backup,,5.0,direct_component_blend,20260908_1821_receiving_yards_blend,2026-09-20T12:24:48+00:00,2026-09-20T12:25:10+00:00
2026,2,401872936,2026-09-20,13:00,00-0037805,Jeremy Ruckert,NYJ,GB,TE,rushing_yards,0.0,-10.8,15.0,,,eligible,eligible_current_role,backup,Active,3.0,direct_component_blend,20260908_1821_rushing_yards_blend,2026-09-20T12:24:48+00:00,2026-09-20T12:25:10+00:00
2026,2,401872936,2026-09-20,13:00,00-0037805,Jeremy Ruckert,NYJ,GB,TE,receiving_yards,12.5,-4.6,41.4,,,eligible,eligible_current_role,backup,Active,3.0,direct_component_blend,20260908_1821_receiving_yards_blend,2026-09-20T12:24:48+00:00,2026-09-20T12:25:10+00:00
2026,2,401872936,2026-09-20,13:00,00-0038090,Skyy Moore,GB,NYJ,WR,rushing_yards,0.5,-10.2,15.6,,,eligible,eligible_current_role,backup,Active,4.0,direct_component_blend,20260908_1821_rushing_yards_blend,2026-09-20T12:24:48+00:00,2026-09-20T12:25:10+00:00
2026,2,401872936,2026-09-20,13:00,00-0038090,Skyy Moore,GB,NYJ,WR,receiving_yards,5.0,-12.2,33.8,,,eligible,eligible_current_role,backup,Active,4.0,direct_component_blend,20260908_1821_receiving_yards_blend,2026-09-20T12:24:48+00:00,2026-09-20T12:25:10+00:00
2026,2,401872936,2026-09-20,13:00,00-0038120,Breece Hall,NYJ,GB,RB,rushing_yards,68.3,46.3,99.3,,,eligible,eligible_current_role,starter,Active,1.0,direct_component_blend,20260908_1821_rushing_yards_blend,2026-09-20T12:24:48+00:00,2026-09-20T12:25:10+00:00
2026,2,401872936,2026-09-20,13:00,00-0038120,Breece Hall,NYJ,GB,RB,receiving_yards,14.8,-2.4,43.6,,,eligible,eligible_current_role,starter,Active,1.0,direct_component_blend,20260908_1821_receiving_yards_blend,2026-09-20T12:24:48+00:00,2026-09-20T12:25:10+00:00
2026,2,401872936,2026-09-20,13:00,00-0038123,Dane Belton,NYJ,GB,DB,tackles,6.3,3.6,9.8,0.983495145631068,0.9631067961165048,eligible,eligible_current_role,starter,,1.0,direct,20260908_1821_tackles_direct,2026-09-20T12:24:48+00:00,2026-09-20T12:25:10+00:00
2026,2,401872936,2026-09-20,13:00,00-0038124,Christian Watson,GB,NYJ,WR,rushing_yards,0.3,-10.4,15.4,,,eligible,eligible_current_role,starter,,1.0,direct_component_blend,20260908_1821_rushing_yards_blend,2026-09-20T12:24:48+00:00,2026-09-20T12:25:10+00:00
2026,2,401872936,2026-09-20,13:00,00-0038124,Christian Watson,GB,NYJ,WR,receiving_yards,47.6,21.0,96.8,,,eligible,eligible_current_role,starter,,1.0,direct_component_blend,20260908_1821_receiving_yards_blend,2026-09-20T12:24:48+00:00,2026-09-20T12:25:10+00:00
2026,2,401872936,2026-09-20,13:00,00-0038398,Karl Brooks,GB,NYJ,DL,tackles,2.4,0.3,5.2,0.8548325233213975,0.6361988245816362,eligible,eligible_current_role,starter,,1.0,direct,20260908_1821_tackles_direct,2026-09-20T12:24:48+00:00,2026-09-20T12:25:10+00:00
2026,2,401872936,2026-09-20,13:00,00-0038408,Carrington Valentine,GB,NYJ,DB,tackles,2.7,0.1,6.3,0.8844573544247031,0.6979845920875621,eligible,eligible_current_role,backup,,2.0,direct,20260908_1821_tackles_direct,2026-09-20T12:24:48+00:00,2026-09-20T12:25:10+00:00
2026,2,401872936,2026-09-20,13:00,00-0038463,Brenton Cox Jr.,GB,NYJ,LB,tackles,1.3,0.0,3.8,0.6239703083744362,0.33066326844222704,eligible,eligible_current_role,backup,,2.0,direct,20260908_1821_tackles_direct,2026-09-20T12:24:48+00:00,2026-09-20T12:25:10+00:00
2026,2,401872936,2026-09-20,13:00,00-0038589,Josh Whyle,GB,NYJ,TE,rushing_yards,0.0,-10.7,15.0,,,eligible,eligible_current_role,backup,Active,3.0,direct_component_blend,20260908_1821_rushing_yards_blend,2026-09-20T12:24:48+00:00,2026-09-20T12:25:10+00:00
2026,2,401872936,2026-09-20,13:00,00-0038589,Josh Whyle,GB,NYJ,TE,receiving_yards,8.7,-8.5,37.5,,,eligible,eligible_current_role,backup,Active,3.0,direct_component_blend,20260908_1821_receiving_yards_blend,2026-09-20T12:24:48+00:00,2026-09-20T12:25:10+00:00
2026,2,401872936,2026-09-20,13:00,00-0038685,Chris Brooks,GB,NYJ,RB,rushing_yards,10.9,0.2,26.0,,,eligible,eligible_current_role,backup,Active,2.0,direct_component_blend,20260908_1821_rushing_yards_blend,2026-09-20T12:24:48+00:00,2026-09-20T12:25:10+00:00
2026,2,401872936,2026-09-20,13:00,00-0038685,Chris Brooks,GB,NYJ,RB,receiving_yards,6.6,-10.6,35.4,,,eligible,eligible_current_role,backup,Active,2.0,direct_component_blend,20260908_1821_receiving_yards_blend,2026-09-20T12:24:48+00:00,2026-09-20T12:25:10+00:00
2026,2,401872936,2026-09-20,13:00,00-0038996,Tucker Kraft,GB,NYJ,TE,rushing_yards,0.0,-10.7,15.0,,,eligible,eligible_current_role,starter,Active,1.0,direct_component_blend,20260908_1821_rushing_yards_blend,2026-09-20T12:24:48+00:00,2026-09-20T12:25:10+00:00
2026,2,401872936,2026-09-20,13:00,00-0038996,Tucker Kraft,GB,NYJ,TE,receiving_yards,37.1,17.4,71.3,,,eligible,eligible_current_role,starter,Active,1.0,direct_component_blend,20260908_1821_receiving_yards_blend,2026-09-20T12:24:48+00:00,2026-09-20T12:25:10+00:00
2026,2,401872936,2026-09-20,13:00,00-0039112,Lukas Van Ness,GB,NYJ,LB,tackles,2.5,0.6,5.0,0.870264535694028,0.6673491214039504,eligible,questionable_flag,starter,Questionable,1.0,direct,20260908_1821_tackles_direct,2026-09-20T12:24:48+00:00,2026-09-20T12:25:10+00:00
2026,2,401872936,2026-09-20,13:00,00-0039142,Will McDonald IV,NYJ,GB,LB,tackles,2.5,0.0,6.6,0.8705363026324688,0.6679167938302704,eligible,questionable_flag,starter,,1.0,direct,20260908_1821_tackles_direct,2026-09-20T12:24:48+00:00,2026-09-20T12:25:10+00:00
2026,2,401872936,2026-09-20,13:00,00-0039146,Jayden Reed,GB,NYJ,WR,rushing_yards,2.6,-8.1,17.6,,,eligible,eligible_current_role,backup,,2.0,direct_component_blend,20260908_1821_rushing_yards_blend,2026-09-20T12:24:48+00:00,2026-09-20T12:25:10+00:00
2026,2,401872936,2026-09-20,13:00,00-0039146,Jayden Reed,GB,NYJ,WR,receiving_yards,36.1,9.4,85.3,,,eligible,eligible_current_role,backup,,2.0,direct_component_blend,20260908_1821_receiving_yards_blend,2026-09-20T12:24:48+00:00,2026-09-20T12:25:10+00:00
2026,2,401872936,2026-09-20,13:00,00-0039263,McCallan Castles,GB,NYJ,TE,rushing_yards,0.0,-14.7,20.7,,,eligible,eligible_current_role,roster_only,,,direct_component_blend,20260908_1821_rushing_yards_blend,2026-09-20T12:24:48+00:00,2026-09-20T12:25:10+00:00
2026,2,401872936,2026-09-20,13:00,00-0039263,McCallan Castles,GB,NYJ,TE,receiving_yards,4.3,-18.4,44.9,,,eligible,eligible_current_role,roster_only,,,direct_component_blend,20260908_1821_receiving_yards_blend,2026-09-20T12:24:48+00:00,2026-09-20T12:25:10+00:00
2026,2,401872936,2026-09-20,13:00,00-0039284,Braiden McGregor,NYJ,GB,LB,tackles,2.0,0.0,4.5,0.7908661935996892,0.5234754564401061,eligible,eligible_current_role,backup,,2.0,direct,20260908_1821_tackles_direct,2026-09-20T12:24:48+00:00,2026-09-20T12:25:10+00:00
2026,2,401872936,2026-09-20,13:00,00-0039347,Trevin Wallace,NYJ,GB,LB,tackles,4.9,1.9,8.8,0.9797622005156728,0.9250632848597674,eligible,eligible_current_role,backup,Active,2.0,direct,20260908_1821_tackles_direct,2026-09-20T12:24:48+00:00,2026-09-20T12:25:10+00:00
2026,2,401872936,2026-09-20,13:00,00-0039372,Jarvis Brownlee Jr.,NYJ,GB,DB,tackles,4.3,2.0,6.9,0.9639951142920117,0.8823281850590482,eligible,eligible_current_role,starter,Active,1.0,direct,20260908_1821_tackles_direct,2026-09-20T12:24:48+00:00,2026-09-20T12:25:10+00:00
2026,2,401872936,2026-09-20,13:00,00-0039431,Jowon Briggs,NYJ,GB,DL,tackles,2.4,0.3,5.1,0.8514701542593088,0.6296764590222697,eligible,eligible_current_role,backup,,3.0,direct,20260908_1821_tackles_direct,2026-09-20T12:24:48+00:00,2026-09-20T12:25:10+00:00
2026,2,401872936,2026-09-20,13:00,00-0039451,Isaiah Williams,NYJ,GB,WR,rushing_yards,0.2,-10.5,15.3,,,eligible,eligible_current_role,backup,Active,4.0,direct_component_blend,20260908_1821_rushing_yards_blend,2026-09-20T12:24:48+00:00,2026-09-20T12:25:10+00:00
2026,2,401872936,2026-09-20,13:00,00-0039451,Isaiah Williams,NYJ,GB,WR,receiving_yards,16.4,-10.2,65.6,,,eligible,eligible_current_role,backup,Active,4.0,direct_component_blend,20260908_1821_receiving_yards_blend,2026-09-20T12:24:48+00:00,2026-09-20T12:25:10+00:00
2026,2,401872936,2026-09-20,13:00,00-0039789,Qwan'tez Stiggers,NYJ,GB,DB,tackles,4.6,1.9,8.1,0.9745170416168443,0.9095379263969318,eligible,eligible_current_role,backup,Active,2.0,direct,20260908_1821_tackles_direct,2026-09-20T12:24:48+00:00,2026-09-20T12:25:10+00:00
2026,2,401872936,2026-09-20,13:00,00-0039794,Braelon Allen,NYJ,GB,RB,rushing_yards,22.1,0.1,53.0,,,eligible,eligible_current_role,backup,Active,2.0,direct_component_blend,20260908_1821_rushing_yards_blend,2026-09-20T12:24:48+00:00,2026-09-20T12:25:10+00:00
2026,2,401872936,2026-09-20,13:00,00-0039794,Braelon Allen,NYJ,GB,RB,receiving_yards,4.1,-13.0,33.0,,,eligible,eligible_current_role,backup,Active,2.0,direct_component_blend,20260908_1821_receiving_yards_blend,2026-09-20T12:24:48+00:00,2026-09-20T12:25:10+00:00
2026,2,401872936,2026-09-20,13:00,00-0039798,Isaiah Davis,NYJ,GB,RB,rushing_yards,18.6,-3.4,49.5,,,eligible,eligible_current_role,backup,Active,3.0,direct_component_blend,20260908_1821_rushing_yards_blend,2026-09-20T12:24:48+00:00,2026-09-20T12:25:10+00:00
2026,2,401872936,2026-09-20,13:00,00-0039798,Isaiah Davis,NYJ,GB,RB,receiving_yards,6.7,-10.5,35.5,,,eligible,eligible_current_role,backup,Active,3.0,direct_component_blend,20260908_1821_receiving_yards_blend,2026-09-20T12:24:48+00:00,2026-09-20T12:25:10+00:00
2026,2,401872936,2026-09-20,13:00,00-0039811,MarShawn Lloyd,GB,NYJ,RB,rushing_yards,20.1,-4.1,54.1,,,eligible,eligible_current_role,starter,Active,1.0,direct_component_blend,20260908_1821_rushing_yards_blend,2026-09-20T12:24:48+00:00,2026-09-20T12:25:10+00:00
2026,2,401872936,2026-09-20,13:00,00-0039811,MarShawn Lloyd,GB,NYJ,RB,receiving_yards,4.6,-14.1,36.5,,,eligible,eligible_current_role,starter,Active,1.0,direct_component_blend,20260908_1821_receiving_yards_blend,2026-09-20T12:24:48+00:00,2026-09-20T12:25:10+00:00
2026,2,401872936,2026-09-20,13:00,00-0039813,Evan Williams,GB,NYJ,DB,tackles,5.2,2.5,8.6,0.9810368031514055,0.9370942491021552,eligible,eligible_current_role,starter,,1.0,direct,20260908_1821_tackles_direct,2026-09-20T12:24:48+00:00,2026-09-20T12:25:10+00:00
2026,2,401872936,2026-09-20,13:00,00-0039818,Kitan Oladapo,GB,NYJ,DB,tackles,0.6,0.0,3.1,0.39088263821532493,0.11445198836081474,eligible,eligible_current_role,backup,,2.0,direct,20260908_1821_tackles_direct,2026-09-20T12:24:48+00:00,2026-09-20T12:25:10+00:00
2026,2,401872936,2026-09-20,13:00,00-0039831,Kamal Hadden,GB,NYJ,DB,tackles,1.1,0.0,3.6,0.5670077002079301,0.27664753260247266,eligible,eligible_current_role,backup,,2.0,direct,20260908_1821_tackles_direct,2026-09-20T12:24:48+00:00,2026-09-20T12:25:10+00:00
2026,2,401872936,2026-09-20,13:00,00-0039850,Edgerrin Cooper,GB,NYJ,LB,tackles,6.6,3.6,10.6,0.983495145631068,0.9631067961165048,eligible,eligible_current_role,recent_defensive_participant,Active,,direct,20260908_1821_tackles_direct,2026-09-20T12:24:48+00:00,2026-09-20T12:25:10+00:00
2026,2,401872936,2026-09-20,13:00,00-0039867,Javon Bullard,GB,NYJ,DB,tackles,4.8,2.1,8.2,0.9783273687399154,0.9200291390918818,eligible,eligible_current_role,starter,,1.0,direct,20260908_1821_tackles_direct,2026-09-20T12:24:48+00:00,2026-09-20T12:25:10+00:00
2026,2,401872936,2026-09-20,13:00,00-0039886,T'Vondre Sweat,NYJ,GB,DL,tackles,2.5,0.5,5.0,0.8637400022982438,0.6539252535994245,eligible,eligible_current_role,starter,,1.0,direct,20260908_1821_tackles_direct,2026-09-20T12:24:48+00:00,2026-09-20T12:25:10+00:00
2026,2,401872936,2026-09-20,13:00,00-0039890,Adonai Mitchell,NYJ,GB,WR,rushing_yards,0.0,-10.8,15.0,,,eligible,eligible_current_role,backup,Active,2.0,direct_component_blend,20260908_1821_rushing_yards_blend,2026-09-20T12:24:48+00:00,2026-09-20T12:25:10+00:00
2026,2,401872936,2026-09-20,13:00,00-0039890,Adonai Mitchell,NYJ,GB,WR,receiving_yards,42.5,15.9,91.7,,,eligible,eligible_current_role,backup,Active,2.0,direct_component_blend,20260908_1821_receiving_yards_blend,2026-09-20T12:24:48+00:00,2026-09-20T12:25:10+00:00
2026,2,401872936,2026-09-20,13:00,00-0040010,Barryn Sorrell,GB,NYJ,LB,tackles,1.1,0.0,3.5,0.554596723030281,0.2650614331338652,eligible,questionable_flag,starter,Questionable,1.0,direct,20260908_1821_tackles_direct,2026-09-20T12:24:48+00:00,2026-09-20T12:25:10+00:00
2026,2,401872936,2026-09-20,13:00,00-0040016,Warren Brinson,GB,NYJ,DL,tackles,1.6,0.0,4.1,0.7531067435139963,0.4737102663363311,eligible,questionable_flag,backup,Questionable,2.0,direct,20260908_1821_tackles_direct,2026-09-20T12:24:48+00:00,2026-09-20T12:25:10+00:00
2026,2,401872936,2026-09-20,13:00,00-0040133,Azareye'h Thomas,NYJ,GB,DB,tackles,3.9,1.2,7.4,0.9494099879000901,0.8479953557129426,eligible,eligible_current_role,backup,,2.0,direct,20260908_1821_tackles_direct,2026-09-20T12:24:48+00:00,2026-09-20T12:25:10+00:00
2026,2,401872936,2026-09-20,13:00,00-0040142,Kaleb Johnson,GB,NYJ,RB,rushing_yards,9.4,-1.3,24.5,,,eligible,eligible_current_role,backup,Active,3.0,direct_component_blend,20260908_1821_rushing_yards_blend,2026-09-20T12:24:48+00:00,2026-09-20T12:25:10+00:00
2026,2,401872936,2026-09-20,13:00,00-0040142,Kaleb Johnson,GB,NYJ,RB,receiving_yards,1.6,-15.6,30.4,,,eligible,eligible_current_role,backup,Active,3.0,direct_component_blend,20260908_1821_receiving_yards_blend,2026-09-20T12:24:48+00:00,2026-09-20T12:25:10+00:00
2026,2,401872936,2026-09-20,13:00,00-0040165,Malachi Moore,NYJ,GB,DB,tackles,5.6,2.9,9.0,0.9822101241563644,0.9488628090011109,eligible,eligible_current_role,backup,,2.0,direct,20260908_1821_tackles_direct,2026-09-20T12:24:48+00:00,2026-09-20T12:25:10+00:00
2026,2,401872936,2026-09-20,13:00,00-0040186,Francisco Mauigoa,NYJ,GB,LB,tackles,2.9,0.9,5.4,0.8994077210991693,0.7349499375265646,eligible,eligible_current_role,starter,,1.0,direct,20260908_1821_tackles_direct,2026-09-20T12:24:48+00:00,2026-09-20T12:25:10+00:00
2026,2,401872936,2026-09-20,13:00,00-0040397,Jordan Clark,NYJ,GB,DB,tackles,2.7,0.4,5.8,0.8859951018910003,0.7014330109196592,eligible,eligible_current_role,backup,,4.0,direct,20260908_1821_tackles_direct,2026-09-20T12:24:48+00:00,2026-09-20T12:25:10+00:00
2026,2,401872936,2026-09-20,13:00,00-0040582,Arian Smith,NYJ,GB,WR,rushing_yards,0.2,-10.5,15.3,,,eligible,eligible_current_role,backup,,5.0,direct_component_blend,20260908_1821_rushing_yards_blend,2026-09-20T12:24:48+00:00,2026-09-20T12:25:10+00:00
2026,2,401872936,2026-09-20,13:00,00-0040582,Arian Smith,NYJ,GB,WR,receiving_yards,4.8,-12.4,33.6,,,eligible,eligible_current_role,backup,,5.0,direct_component_blend,20260908_1821_receiving_yards_blend,2026-09-20T12:24:48+00:00,2026-09-20T12:25:10+00:00
2026,2,401872936,2026-09-20,13:00,00-0040598,Mark Redman,GB,NYJ,TE,rushing_yards,0.0,-14.7,20.7,,,eligible,eligible_current_role,backup,,4.0,direct_component_blend,20260908_1821_rushing_yards_blend,2026-09-20T12:24:48+00:00,2026-09-20T12:25:10+00:00
2026,2,401872936,2026-09-20,13:00,00-0040598,Mark Redman,GB,NYJ,TE,receiving_yards,4.5,-18.1,45.1,,,eligible,eligible_current_role,backup,,4.0,direct_component_blend,20260908_1821_receiving_yards_blend,2026-09-20T12:24:48+00:00,2026-09-20T12:25:10+00:00
2026,2,401872936,2026-09-20,13:00,00-0040667,Matthew Golden,GB,NYJ,WR,rushing_yards,1.3,-9.4,16.4,,,eligible,eligible_current_role,backup,Active,3.0,direct_component_blend,20260908_1821_rushing_yards_blend,2026-09-20T12:24:48+00:00,2026-09-20T12:25:10+00:00
2026,2,401872936,2026-09-20,13:00,00-0040667,Matthew Golden,GB,NYJ,WR,receiving_yards,19.1,1.9,47.9,,,eligible,eligible_current_role,backup,Active,3.0,direct_component_blend,20260908_1821_receiving_yards_blend,2026-09-20T12:24:48+00:00,2026-09-20T12:25:10+00:00
2026,2,401872936,2026-09-20,13:00,00-0040689,Anthony Campbell,GB,NYJ,DL,tackles,1.1,0.0,4.6,0.5542762144810607,0.2647684641874566,eligible,eligible_current_role,backup,Active,2.0,direct,20260908_1821_tackles_direct,2026-09-20T12:24:48+00:00,2026-09-20T12:25:10+00:00
2026,2,401872936,2026-09-20,13:00,00-0040736,Mason Taylor,NYJ,GB,TE,rushing_yards,0.0,-10.8,15.0,,,eligible,eligible_current_role,starter,Active,1.0,direct_component_blend,20260908_1821_rushing_yards_blend,2026-09-20T12:24:48+00:00,2026-09-20T12:25:10+00:00
2026,2,401872936,2026-09-20,13:00,00-0040736,Mason Taylor,NYJ,GB,TE,receiving_yards,27.0,7.3,61.2,,,eligible,eligible_current_role,starter,Active,1.0,direct_component_blend,20260908_1821_receiving_yards_blend,2026-09-20T12:24:48+00:00,2026-09-20T12:25:10+00:00
2026,2,401872936,2026-09-20,13:00,00-0040869,Chris McClellan,GB,NYJ,DL,tackles,1.2,0.0,4.7,0.5687240911752739,0.27828756307623,eligible,eligible_current_role,backup,,3.0,direct,20260908_1821_tackles_direct,2026-09-20T12:24:48+00:00,2026-09-20T12:25:10+00:00
2026,2,401872936,2026-09-20,13:00,00-0040877,Dani Dennis-Sutton,GB,NYJ,LB,tackles,1.3,0.0,4.8,0.6028886441844342,0.3104937135719642,eligible,eligible_current_role,backup,,3.0,direct,20260908_1821_tackles_direct,2026-09-20T12:24:48+00:00,2026-09-20T12:25:10+00:00
2026,2,401872936,2026-09-20,13:00,00-0040899,Trey Smack,GB,NYJ,K,kicking_points,7.6,1.1,15.1,,,eligible,eligible_current_role,starter,Active,1.0,component,20260908_1821_kicking_points_component,2026-09-20T12:24:48+00:00,2026-09-20T12:25:10+00:00
2026,2,401872936,2026-09-20,13:00,00-0040937,Dominic Richardson,NYJ,GB,RB,rushing_yards,16.2,-14.0,58.7,,,eligible,eligible_current_role,roster_only,,,direct_component_blend,20260908_1821_rushing_yards_blend,2026-09-20T12:24:48+00:00,2026-09-20T12:25:10+00:00
2026,2,401872936,2026-09-20,13:00,00-0040937,Dominic Richardson,NYJ,GB,RB,receiving_yards,2.8,-19.8,43.4,,,eligible,eligible_current_role,roster_only,,,direct_component_blend,20260908_1821_receiving_yards_blend,2026-09-20T12:24:48+00:00,2026-09-20T12:25:10+00:00
2026,2,401872936,2026-09-20,13:00,00-0040948,J. Michael Sturdivant,GB,NYJ,WR,rushing_yards,0.1,-14.6,20.8,,,eligible,eligible_current_role,backup,,6.0,direct_component_blend,20260908_1821_rushing_yards_blend,2026-09-20T12:24:48+00:00,2026-09-20T12:25:10+00:00
2026,2,401872936,2026-09-20,13:00,00-0040948,J. Michael Sturdivant,GB,NYJ,WR,receiving_yards,7.2,-15.4,47.8,,,eligible,eligible_current_role,backup,,6.0,direct_component_blend,20260908_1821_receiving_yards_blend,2026-09-20T12:24:48+00:00,2026-09-20T12:25:10+00:00
2026,2,401872936,2026-09-20,13:00,00-0041026,David Bailey,NYJ,GB,LB,tackles,1.6,0.0,5.0,0.7302920054285086,0.4458258224545118,eligible,eligible_current_role,backup,,2.0,direct,20260908_1821_tackles_direct,2026-09-20T12:24:48+00:00,2026-09-20T12:25:10+00:00
2026,2,401872936,2026-09-20,13:00,00-0041032,Kenyon Sadiq,NYJ,GB,TE,rushing_yards,0.8,-14.0,21.5,,,eligible,eligible_current_role,backup,Active,2.0,direct_component_blend,20260908_1821_rushing_yards_blend,2026-09-20T12:24:48+00:00,2026-09-20T12:25:10+00:00
2026,2,401872936,2026-09-20,13:00,00-0041032,Kenyon Sadiq,NYJ,GB,TE,receiving_yards,5.0,-17.6,45.6,,,eligible,eligible_current_role,backup,Active,2.0,direct_component_blend,20260908_1821_receiving_yards_blend,2026-09-20T12:24:48+00:00,2026-09-20T12:25:10+00:00
2026,2,401872936,2026-09-20,13:00,00-0041038,D'Angelo Ponds,NYJ,GB,DB,tackles,2.1,0.0,6.1,0.8162095844387478,0.5654727392988513,eligible,questionable_flag,backup,Questionable,2.0,direct,20260908_1821_tackles_direct,2026-09-20T12:24:48+00:00,2026-09-20T12:25:10+00:00
2026,2,401872936,2026-09-20,13:00,00-0041056,Cade Klubnik,NYJ,GB,QB,rushing_yards,9.2,-8.4,33.9,,,eligible,eligible_current_role,backup,,2.0,direct_component_blend,20260908_1821_rushing_yards_blend,2026-09-20T12:24:48+00:00,2026-09-20T12:25:10+00:00
2026,2,401872936,2026-09-20,13:00,00-0041470,Brandon Cisse,GB,NYJ,DB,tackles,3.0,0.2,6.9,0.904493166900642,0.7486723567004258,eligible,eligible_current_role,starter,Active,1.0,direct,20260908_1821_tackles_direct,2026-09-20T12:24:48+00:00,2026-09-20T12:25:10+00:00
2026,2,401872936,2026-09-20,13:00,00-0041511,Omar Cooper Jr.,NYJ,GB,WR,rushing_yards,0.0,-14.8,20.6,,,eligible,questionable_flag,backup,Questionable,3.0,direct_component_blend,20260908_1821_rushing_yards_blend,2026-09-20T12:24:48+00:00,2026-09-20T12:25:10+00:00
2026,2,401872936,2026-09-20,13:00,00-0041511,Omar Cooper Jr.,NYJ,GB,WR,receiving_yards,6.5,-16.2,47.1,,,eligible,questionable_flag,backup,Questionable,3.0,direct_component_blend,20260908_1821_receiving_yards_blend,2026-09-20T12:24:48+00:00,2026-09-20T12:25:10+00:00
2026,2,401872936,2026-09-20,13:00,00-0041549,Darrell Jackson Jr.,NYJ,GB,DL,tackles,1.2,0.0,4.7,0.5691307283053011,0.27867747614505756,eligible,eligible_current_role,backup,,2.0,direct,20260908_1821_tackles_direct,2026-09-20T12:24:48+00:00,2026-09-20T12:25:10+00:00
2026,2,401872936,2026-09-20,13:00,00-0041577,Connor Hulstein,NYJ,GB,TE,rushing_yards,0.0,-14.8,20.7,,,eligible,eligible_current_role,roster_only,,,direct_component_blend,20260908_1821_rushing_yards_blend,2026-09-20T12:24:48+00:00,2026-09-20T12:25:10+00:00
2026,2,401872936,2026-09-20,13:00,00-0041577,Connor Hulstein,NYJ,GB,TE,receiving_yards,3.3,-19.3,43.9,,,eligible,eligible_current_role,roster_only,,,direct_component_blend,20260908_1821_receiving_yards_blend,2026-09-20T12:24:48+00:00,2026-09-20T12:25:10+00:00
2026,2,401872937,2026-09-20,12:00,00-0028986,Case Keenum,CHI,MIN,QB,rushing_yards,5.7,-5.0,20.7,,,eligible,eligible_current_role,backup,,3.0,direct_component_blend,20260908_1821_rushing_yards_blend,2026-09-20T12:24:48+00:00,2026-09-20T12:25:10+00:00
2026,2,401872937,2026-09-20,12:00,00-0029606,Harrison Smith,MIN,CHI,DB,tackles,4.6,1.9,8.1,0.9749726529010264,0.9107717290111345,eligible,eligible_current_role,starter,Active,1.0,direct,20260908_1821_tackles_direct,2026-09-20T12:24:48+00:00,2026-09-20T12:25:10+00:00
2026,2,401872937,2026-09-20,12:00,00-0030035,Adam Thielen,MIN,CHI,WR,rushing_yards,0.0,-10.8,15.0,,,eligible,eligible_current_role,roster_only,,,direct_component_blend,20260908_1821_rushing_yards_blend,2026-09-20T12:24:48+00:00,2026-09-20T12:25:10+00:00
2026,2,401872937,2026-09-20,12:00,00-0030035,Adam Thielen,MIN,CHI,WR,receiving_yards,23.2,6.0,52.0,,,eligible,eligible_current_role,roster_only,,,direct_component_blend,20260908_1821_receiving_yards_blend,2026-09-20T12:24:48+00:00,2026-09-20T12:25:10+00:00
2026,2,401872937,2026-09-20,12:00,00-0031203,Cairo Santos,CHI,MIN,K,kicking_points,7.6,3.0,12.8,,,eligible,eligible_current_role,starter,Active,1.0,component,20260908_1821_kicking_points_component,2026-09-20T12:24:48+00:00,2026-09-20T12:25:10+00:00
2026,2,401872937,2026-09-20,12:00,00-0031360,Kyle Van Noy,MIN,CHI,LB,tackles,1.7,0.0,4.2,0.764791677398536,0.48786094590899903,eligible,eligible_current_role,recent_defensive_participant,,,direct,20260908_1821_tackles_direct,2026-09-20T12:24:48+00:00,2026-09-20T12:25:10+00:00
2026,2,401872937,2026-09-20,12:00,00-0031583,Grady Jarrett,CHI,MIN,DL,tackles,3.0,1.0,5.4,0.9026108021112278,0.743544276922038,eligible,eligible_current_role,starter,,1.0,direct,20260908_1821_tackles_direct,2026-09-20T12:24:48+00:00,2026-09-20T12:25:10+00:00
2026,2,401872937,2026-09-20,12:00,00-0032464,Kalif Raymond,CHI,MIN,WR,rushing_yards,0.0,-10.8,15.0,,,eligible,eligible_current_role,backup,Active,3.0,direct_component_blend,20260908_1821_rushing_yards_blend,2026-09-20T12:24:48+00:00,2026-09-20T12:25:10+00:00
2026,2,401872937,2026-09-20,12:00,00-0032464,Kalif Raymond,CHI,MIN,WR,receiving_yards,13.4,-3.8,42.2,,,eligible,eligible_current_role,backup,Active,3.0,direct_component_blend,20260908_1821_receiving_yards_blend,2026-09-20T12:24:48+00:00,2026-09-20T12:25:10+00:00
2026,2,401872937,2026-09-20,12:00,00-0032918,C.J. Ham,MIN,CHI,RB,rushing_yards,1.0,-9.7,16.1,,,eligible,eligible_current_role,roster_only,,,direct_component_blend,20260908_1821_rushing_yards_blend,2026-09-20T12:24:48+00:00,2026-09-20T12:25:10+00:00
2026,2,401872937,2026-09-20,12:00,00-0032918,C.J. Ham,MIN,CHI,RB,receiving_yards,5.1,-12.1,33.9,,,eligible,eligible_current_role,roster_only,,,direct_component_blend,20260908_1821_receiving_yards_blend,2026-09-20T12:24:48+00:00,2026-09-20T12:25:10+00:00
2026,2,401872937,2026-09-20,12:00,00-0032950,Carson Wentz,MIN,CHI,QB,rushing_yards,7.0,-5.8,24.9,,,eligible,eligible_current_role,backup,Active,2.0,direct_component_blend,20260908_1821_rushing_yards_blend,2026-09-20T12:24:48+00:00,2026-09-20T12:25:10+00:00
2026,2,401872937,2026-09-20,12:00,00-0033293,Aaron Jones,MIN,CHI,RB,rushing_yards,58.9,36.9,89.8,,,eligible,eligible_current_role,starter,Active,1.0,direct_component_blend,20260908_1821_rushing_yards_blend,2026-09-20T12:24:48+00:00,2026-09-20T12:25:10+00:00
2026,2,401872937,2026-09-20,12:00,00-0033293,Aaron Jones,MIN,CHI,RB,receiving_yards,19.9,2.7,48.7,,,eligible,eligible_current_role,starter,Active,1.0,direct_component_blend,20260908_1821_receiving_yards_blend,2026-09-20T12:24:48+00:00,2026-09-20T12:25:10+00:00
2026,2,401872937,2026-09-20,12:00,00-0033336,Eric Wilson,MIN,CHI,LB,tackles,5.5,2.5,9.5,0.9820138644874973,0.9468374421870135,eligible,eligible_current_role,recent_defensive_participant,,,direct,20260908_1821_tackles_direct,2026-09-20T12:24:48+00:00,2026-09-20T12:25:10+00:00
2026,2,401872937,2026-09-20,12:00,00-0033579,Xavier Woods,CHI,MIN,DB,tackles,2.7,0.5,5.4,0.8812936399011176,0.6909731167655814,eligible,questionable_flag,starter,Questionable,1.0,direct,20260908_1821_tackles_direct,2026-09-20T12:24:48+00:00,2026-09-20T12:25:10+00:00
2026,2,401872937,2026-09-20,12:00,00-0034320,Kentavius Street,CHI,MIN,DL,tackles,2.0,0.0,4.5,0.7910335571127693,0.5237430167459829,eligible,eligible_current_role,starter,,1.0,direct,20260908_1821_tackles_direct,2026-09-20T12:24:48+00:00,2026-09-20T12:25:10+00:00
2026,2,401872937,2026-09-20,12:00,00-0034407,Ray-Ray McCloud,CHI,MIN,WR,rushing_yards,0.0,-10.7,15.1,,,eligible,eligible_current_role,roster_only,,,direct_component_blend,20260908_1821_rushing_yards_blend,2026-09-20T12:24:48+00:00,2026-09-20T12:25:10+00:00
2026,2,401872937,2026-09-20,12:00,00-0034407,Ray-Ray McCloud,CHI,MIN,WR,receiving_yards,10.5,-6.7,39.3,,,eligible,eligible_current_role,roster_only,,,direct_component_blend,20260908_1821_receiving_yards_blend,2026-09-20T12:24:48+00:00,2026-09-20T12:25:10+00:00
2026,2,401872937,2026-09-20,12:00,00-0035228,Kyler Murray,MIN,CHI,QB,passing_yards,200.6,107.1,306.8,,,eligible,questionable_flag,starter,Questionable,1.0,direct_component_blend,20260908_1821_passing_yards_blend,2026-09-20T12:24:48+00:00,2026-09-20T12:25:10+00:00
2026,2,401872937,2026-09-20,12:00,00-0035228,Kyler Murray,MIN,CHI,QB,passing_tds,1.367,,,0.7530261161856435,0.39285714285714285,eligible,questionable_flag,starter,Questionable,1.0,direct_component_blend,20260908_1821_passing_tds_blend,2026-09-20T12:24:48+00:00,2026-09-20T12:25:10+00:00
2026,2,401872937,2026-09-20,12:00,00-0035228,Kyler Murray,MIN,CHI,QB,rushing_yards,18.4,5.6,36.4,,,eligible,questionable_flag,starter,Questionable,1.0,direct_component_blend,20260908_1821_rushing_yards_blend,2026-09-20T12:24:48+00:00,2026-09-20T12:25:10+00:00
2026,2,401872937,2026-09-20,12:00,00-0035229,T.J. Hockenson,MIN,CHI,TE,rushing_yards,0.0,-10.8,14.9,,,eligible,eligible_current_role,starter,Active,1.0,direct_component_blend,20260908_1821_rushing_yards_blend,2026-09-20T12:24:48+00:00,2026-09-20T12:25:10+00:00
2026,2,401872937,2026-09-20,12:00,00-0035229,T.J. Hockenson,MIN,CHI,TE,receiving_yards,28.8,11.6,57.6,,,eligible,eligible_current_role,starter,Active,1.0,direct_component_blend,20260908_1821_receiving_yards_blend,2026-09-20T12:24:48+00:00,2026-09-20T12:25:10+00:00
2026,2,401872937,2026-09-20,12:00,00-0035236,Byron Murphy,MIN,CHI,DB,tackles,3.7,1.0,7.2,0.9400305582506001,0.8297672788286986,eligible,eligible_current_role,starter,,1.0,direct,20260908_1821_tackles_direct,2026-09-20T12:24:48+00:00,2026-09-20T12:25:10+00:00
2026,2,401872937,2026-09-20,12:00,00-0035249,Josh Oliver,MIN,CHI,TE,rushing_yards,0.0,-10.8,14.9,,,eligible,eligible_current_role,backup,Active,2.0,direct_component_blend,20260908_1821_rushing_yards_blend,2026-09-20T12:24:48+00:00,2026-09-20T12:25:10+00:00
2026,2,401872937,2026-09-20,12:00,00-0035249,Josh Oliver,MIN,CHI,TE,receiving_yards,14.9,-2.2,43.7,,,eligible,eligible_current_role,backup,Active,2.0,direct_component_blend,20260908_1821_receiving_yards_blend,2026-09-20T12:24:48+00:00,2026-09-20T12:25:10+00:00
2026,2,401872937,2026-09-20,12:00,00-0035272,Andrew Van Ginkel,MIN,CHI,LB,tackles,4.0,1.0,8.0,0.9548758548525087,0.8603387751813769,eligible,questionable_flag,starter,Questionable,1.0,direct,20260908_1821_tackles_direct,2026-09-20T12:24:48+00:00,2026-09-20T12:25:10+00:00
2026,2,401872937,2026-09-20,12:00,00-0035276,Blake Cashman,MIN,CHI,LB,tackles,6.4,3.5,10.5,0.983495145631068,0.9631067961165048,eligible,questionable_flag,recent_defensive_participant,Questionable,,direct,20260908_1821_tackles_direct,2026-09-20T12:24:48+00:00,2026-09-20T12:25:10+00:00
2026,2,401872937,2026-09-20,12:00,00-0035357,Cam Lewis,CHI,MIN,DB,tackles,4.2,2.0,6.9,0.961550319342915,0.876306493423803,eligible,eligible_current_role,starter,,1.0,direct,20260908_1821_tackles_direct,2026-09-20T12:24:48+00:00,2026-09-20T12:25:10+00:00
2026,2,401872937,2026-09-20,12:00,00-0035386,T.J. Edwards,CHI,MIN,LB,tackles,7.2,4.8,11.8,0.983495145631068,0.9631067961165048,eligible,eligible_current_role,starter,Active,1.0,direct,20260908_1821_tackles_direct,2026-09-20T12:24:48+00:00,2026-09-20T12:25:10+00:00
2026,2,401872937,2026-09-20,12:00,00-0035525,Devin Bush,CHI,MIN,LB,tackles,6.8,4.0,11.0,0.983495145631068,0.9631067961165048,eligible,eligible_current_role,starter,Active,1.0,direct,20260908_1821_tackles_direct,2026-09-20T12:24:48+00:00,2026-09-20T12:25:10+00:00
2026,2,401872937,2026-09-20,12:00,00-0035647,Montez Sweat,CHI,MIN,DL,tackles,2.4,0.5,4.9,0.8571592421908157,0.640765257797142,eligible,eligible_current_role,starter,,1.0,direct,20260908_1821_tackles_direct,2026-09-20T12:24:48+00:00,2026-09-20T12:25:10+00:00
2026,2,401872937,2026-09-20,12:00,00-0035795,James Pierre,MIN,CHI,DB,tackles,4.3,1.6,7.7,0.964508959578275,0.8836066980168507,eligible,eligible_current_role,starter,,1.0,direct,20260908_1821_tackles_direct,2026-09-20T12:24:48+00:00,2026-09-20T12:25:10+00:00
2026,2,401872937,2026-09-20,12:00,00-0036222,Isaiah Rodgers,MIN,CHI,DB,tackles,3.4,0.7,6.9,0.9231781318983867,0.7995092047525019,eligible,eligible_current_role,recent_defensive_participant,Active,,direct,20260908_1821_tackles_direct,2026-09-20T12:24:48+00:00,2026-09-20T12:25:10+00:00
2026,2,401872937,2026-09-20,12:00,00-0036259,Jauan Jennings,MIN,CHI,WR,rushing_yards,0.0,-10.8,14.9,,,eligible,eligible_current_role,backup,Active,3.0,direct_component_blend,20260908_1821_rushing_yards_blend,2026-09-20T12:24:48+00:00,2026-09-20T12:25:10+00:00
2026,2,401872937,2026-09-20,12:00,00-0036259,Jauan Jennings,MIN,CHI,WR,receiving_yards,26.7,0.1,75.9,,,eligible,eligible_current_role,backup,Active,3.0,direct_component_blend,20260908_1821_receiving_yards_blend,2026-09-20T12:24:48+00:00,2026-09-20T12:25:10+00:00
2026,2,401872937,2026-09-20,12:00,00-0036275,D'Andre Swift,CHI,MIN,RB,rushing_yards,47.9,25.9,78.8,,,eligible,questionable_flag,starter,Questionable,1.0,direct_component_blend,20260908_1821_rushing_yards_blend,2026-09-20T12:24:48+00:00,2026-09-20T12:25:10+00:00
2026,2,401872937,2026-09-20,12:00,00-0036275,D'Andre Swift,CHI,MIN,RB,receiving_yards,12.8,-4.3,41.7,,,eligible,questionable_flag,starter,Questionable,1.0,direct_component_blend,20260908_1821_receiving_yards_blend,2026-09-20T12:24:48+00:00,2026-09-20T12:25:10+00:00
2026,2,401872937,2026-09-20,12:00,00-0036290,Cole Kmet,CHI,MIN,TE,rushing_yards,0.0,-10.8,15.0,,,eligible,eligible_current_role,backup,Active,2.0,direct_component_blend,20260908_1821_rushing_yards_blend,2026-09-20T12:24:48+00:00,2026-09-20T12:25:10+00:00
2026,2,401872937,2026-09-20,12:00,00-0036290,Cole Kmet,CHI,MIN,TE,receiving_yards,20.6,3.4,49.4,,,eligible,eligible_current_role,backup,Active,2.0,direct_component_blend,20260908_1821_receiving_yards_blend,2026-09-20T12:24:48+00:00,2026-09-20T12:25:10+00:00
2026,2,401872937,2026-09-20,12:00,00-0036292,Jaylon Johnson,CHI,MIN,DB,tackles,2.6,0.5,5.4,0.874518060124361,0.6763153956848839,eligible,eligible_current_role,starter,,1.0,direct,20260908_1821_tackles_direct,2026-09-20T12:24:48+00:00,2026-09-20T12:25:10+00:00
2026,2,401872937,2026-09-20,12:00,00-0036322,Justin Jefferson,MIN,CHI,WR,rushing_yards,0.0,-10.8,14.9,,,eligible,eligible_current_role,starter,Active,1.0,direct_component_blend,20260908_1821_rushing_yards_blend,2026-09-20T12:24:48+00:00,2026-09-20T12:25:10+00:00
2026,2,401872937,2026-09-20,12:00,00-0036322,Justin Jefferson,MIN,CHI,WR,receiving_yards,66.8,40.2,116.0,,,eligible,eligible_current_role,starter,Active,1.0,direct_component_blend,20260908_1821_receiving_yards_blend,2026-09-20T12:24:48+00:00,2026-09-20T12:25:10+00:00
2026,2,401872937,2026-09-20,12:00,00-0036337,James Lynch,CHI,MIN,DL,tackles,0.9,0.0,3.4,0.5063045485062214,0.22533506163244288,eligible,eligible_current_role,backup,,3.0,direct,20260908_1821_tackles_direct,2026-09-20T12:24:48+00:00,2026-09-20T12:25:10+00:00
2026,2,401872937,2026-09-20,12:00,00-0036348,Josh Metellus,MIN,CHI,DB,tackles,5.6,2.9,9.1,0.9823471816896351,0.9502928809141461,eligible,eligible_current_role,starter,,1.0,direct,20260908_1821_tackles_direct,2026-09-20T12:24:48+00:00,2026-09-20T12:25:10+00:00
2026,2,401872937,2026-09-20,12:00,00-0036366,Neville Gallimore,CHI,MIN,DL,tackles,1.8,0.0,4.2,0.7656217813800126,0.48888983131260405,eligible,eligible_current_role,backup,Active,2.0,direct,20260908_1821_tackles_direct,2026-09-20T12:24:48+00:00,2026-09-20T12:25:10+00:00
2026,2,401872937,2026-09-20,12:00,00-0036425,DeeJay Dallas,MIN,CHI,RB,rushing_yards,5.9,-4.8,20.9,,,eligible,eligible_current_role,backup,Active,3.0,direct_component_blend,20260908_1821_rushing_yards_blend,2026-09-20T12:24:48+00:00,2026-09-20T12:25:10+00:00
2026,2,401872937,2026-09-20,12:00,00-0036425,DeeJay Dallas,MIN,CHI,RB,receiving_yards,2.0,-15.1,30.9,,,eligible,eligible_current_role,backup,Active,3.0,direct_component_blend,20260908_1821_receiving_yards_blend,2026-09-20T12:24:48+00:00,2026-09-20T12:25:10+00:00
2026,2,401872937,2026-09-20,12:00,00-0036480,Dayo Odeyingbo,CHI,MIN,DL,tackles,2.1,0.1,4.9,0.8230474525891618,0.5773474433721693,eligible,questionable_flag,starter,Questionable,1.0,direct,20260908_1821_tackles_direct,2026-09-20T12:24:48+00:00,2026-09-20T12:25:10+00:00
2026,2,401872937,2026-09-20,12:00,00-0037096,Elijah Hicks,CHI,MIN,DB,tackles,1.1,0.0,3.6,0.5662514012319513,0.27592783089122874,eligible,eligible_current_role,backup,,2.0,direct,20260908_1821_tackles_direct,2026-09-20T12:24:48+00:00,2026-09-20T12:25:10+00:00
2026,2,401872937,2026-09-20,12:00,00-0037109,Jack Sanborn,CHI,MIN,LB,tackles,1.4,0.0,3.9,0.6710918755394233,0.3787677101581525,eligible,eligible_current_role,backup,,2.0,direct,20260908_1821_tackles_direct,2026-09-20T12:24:48+00:00,2026-09-20T12:25:10+00:00
2026,2,401872937,2026-09-20,12:00,00-0037129,Josh Blackwell,CHI,MIN,DB,tackles,0.7,0.0,3.1,0.39400843138515723,0.11770709495129526,eligible,eligible_current_role,backup,,2.0,direct,20260908_1821_tackles_direct,2026-09-20T12:24:48+00:00,2026-09-20T12:25:10+00:00
2026,2,401872937,2026-09-20,12:00,00-0037271,D'Marco Jackson,CHI,MIN,LB,tackles,1.1,0.0,3.6,0.566671920481906,0.27632777903910133,eligible,eligible_current_role,starter,,1.0,direct,20260908_1821_tackles_direct,2026-09-20T12:24:48+00:00,2026-09-20T12:25:10+00:00
2026,2,401872937,2026-09-20,12:00,00-0037301,Theo Jackson,MIN,CHI,DB,tackles,2.8,0.6,5.5,0.8898349116969665,0.7101763960599188,eligible,eligible_current_role,backup,,2.0,direct,20260908_1821_tackles_direct,2026-09-20T12:24:48+00:00,2026-09-20T12:25:10+00:00
2026,2,401872937,2026-09-20,12:00,00-0037380,Kaden Davis,CHI,MIN,WR,rushing_yards,0.0,-11.8,16.5,,,eligible,eligible_current_role,roster_only,,,direct_component_blend,20260908_1821_rushing_yards_blend,2026-09-20T12:24:48+00:00,2026-09-20T12:25:10+00:00
2026,2,401872937,2026-09-20,12:00,00-0037380,Kaden Davis,CHI,MIN,WR,receiving_yards,2.9,-15.7,34.9,,,eligible,eligible_current_role,roster_only,,,direct_component_blend,20260908_1821_receiving_yards_blend,2026-09-20T12:24:48+00:00,2026-09-20T12:25:10+00:00
2026,2,401872937,2026-09-20,12:00,00-0037843,Daniel Hardy,CHI,MIN,DL,tackles,0.7,0.0,3.2,0.40289031539306586,0.12799310690204282,eligible,eligible_current_role,backup,,2.0,direct,20260908_1821_tackles_direct,2026-09-20T12:24:48+00:00,2026-09-20T12:25:10+00:00
2026,2,401872937,2026-09-20,12:00,00-0038416,Tyson Bagent,CHI,MIN,QB,rushing_yards,5.4,-5.3,20.4,,,eligible,eligible_current_role,backup,Active,2.0,direct_component_blend,20260908_1821_rushing_yards_blend,2026-09-20T12:24:48+00:00,2026-09-20T12:25:10+00:00
2026,2,401872937,2026-09-20,12:00,00-0038568,Clark Phillips III,CHI,MIN,DB,tackles,0.8,0.0,3.5,0.4309347765151678,0.16317402302957243,eligible,eligible_current_role,backup,,2.0,direct,20260908_1821_tackles_direct,2026-09-20T12:24:48+00:00,2026-09-20T12:25:10+00:00
2026,2,401872937,2026-09-20,12:00,00-0038578,Jay Ward,MIN,CHI,DB,tackles,2.6,0.5,5.4,0.8776317415223763,0.6829923285212411,eligible,eligible_current_role,backup,,2.0,direct,20260908_1821_tackles_direct,2026-09-20T12:24:48+00:00,2026-09-20T12:25:10+00:00
2026,2,401872937,2026-09-20,12:00,00-0038778,Jalen Redmond,MIN,CHI,DL,tackles,2.9,0.7,5.6,0.8964106363951558,0.7270517673483549,eligible,eligible_current_role,starter,,1.0,direct,20260908_1821_tackles_direct,2026-09-20T12:24:48+00:00,2026-09-20T12:25:10+00:00
2026,2,401872937,2026-09-20,12:00,00-0038807,Ivan Pace Jr.,MIN,CHI,LB,tackles,1.0,0.0,3.4,0.5316088585246048,0.24523117120719906,eligible,eligible_current_role,recent_defensive_participant,,,direct,20260908_1821_tackles_direct,2026-09-20T12:24:48+00:00,2026-09-20T12:25:10+00:00
2026,2,401872937,2026-09-20,12:00,00-0038994,Jordan Addison,MIN,CHI,WR,rushing_yards,2.5,-8.2,17.5,,,eligible,eligible_current_role,backup,Active,2.0,direct_component_blend,20260908_1821_rushing_yards_blend,2026-09-20T12:24:48+00:00,2026-09-20T12:25:10+00:00
2026,2,401872937,2026-09-20,12:00,00-0038994,Jordan Addison,MIN,CHI,WR,receiving_yards,27.7,10.6,56.5,,,eligible,eligible_current_role,backup,Active,2.0,direct_component_blend,20260908_1821_receiving_yards_blend,2026-09-20T12:24:48+00:00,2026-09-20T12:25:10+00:00
2026,2,401872937,2026-09-20,12:00,00-0039021,Roschon Johnson,CHI,MIN,RB,rushing_yards,3.2,-7.5,18.3,,,eligible,eligible_current_role,backup,,3.0,direct_component_blend,20260908_1821_rushing_yards_blend,2026-09-20T12:24:48+00:00,2026-09-20T12:25:10+00:00
2026,2,401872937,2026-09-20,12:00,00-0039021,Roschon Johnson,CHI,MIN,RB,receiving_yards,0.5,-16.7,29.3,,,eligible,eligible_current_role,backup,,3.0,direct_component_blend,20260908_1821_receiving_yards_blend,2026-09-20T12:24:48+00:00,2026-09-20T12:25:10+00:00
2026,2,401872937,2026-09-20,12:00,00-0039071,Tyrique Stevenson,CHI,MIN,DB,tackles,3.1,1.1,5.6,0.9118667915707026,0.7693566272598437,eligible,eligible_current_role,starter,Active,1.0,direct,20260908_1821_tackles_direct,2026-09-20T12:24:48+00:00,2026-09-20T12:25:10+00:00
2026,2,401872937,2026-09-20,12:00,00-0039404,Will Reichard,MIN,CHI,K,kicking_points,6.7,2.2,12.0,,,eligible,eligible_current_role,starter,Active,1.0,component,20260908_1821_kicking_points_component,2026-09-20T12:24:48+00:00,2026-09-20T12:25:10+00:00
2026,2,401872937,2026-09-20,12:00,00-0039421,Levi Drake Rodriguez,MIN,CHI,DL,tackles,2.3,0.4,4.8,0.8461557610985311,0.6195460014613565,eligible,eligible_current_role,starter,,1.0,direct,20260908_1821_tackles_direct,2026-09-20T12:24:48+00:00,2026-09-20T12:25:10+00:00
2026,2,401872937,2026-09-20,12:00,00-0039461,Jamree Kromah,CHI,MIN,DL,tackles,1.0,0.0,4.5,0.5526634323893423,0.2632989451843732,eligible,eligible_current_role,backup,Active,3.0,direct,20260908_1821_tackles_direct,2026-09-20T12:24:48+00:00,2026-09-20T12:25:10+00:00
2026,2,401872937,2026-09-20,12:00,00-0039718,Bo Richter,MIN,CHI,LB,tackles,0.8,0.0,3.2,0.4266529394459026,0.1575281723656346,eligible,eligible_current_role,backup,,2.0,direct,20260908_1821_tackles_direct,2026-09-20T12:24:48+00:00,2026-09-20T12:25:10+00:00
2026,2,401872937,2026-09-20,12:00,00-0039840,Austin Booker,CHI,MIN,DL,tackles,3.0,0.9,5.8,0.9068640664287367,0.7552166424040887,eligible,eligible_current_role,backup,,2.0,direct,20260908_1821_tackles_direct,2026-09-20T12:24:48+00:00,2026-09-20T12:25:10+00:00
2026,2,401872937,2026-09-20,12:00,00-0039918,Caleb Williams,CHI,MIN,QB,passing_yards,203.4,109.9,309.6,,,eligible,eligible_current_role,starter,Active,1.0,direct_component_blend,20260908_1821_passing_yards_blend,2026-09-20T12:24:48+00:00,2026-09-20T12:25:10+00:00
2026,2,401872937,2026-09-20,12:00,00-0039918,Caleb Williams,CHI,MIN,QB,passing_tds,1.529,,,0.8125,0.5061957636428767,eligible,eligible_current_role,starter,Active,1.0,direct_component_blend,20260908_1821_passing_tds_blend,2026-09-20T12:24:48+00:00,2026-09-20T12:25:10+00:00
2026,2,401872937,2026-09-20,12:00,00-0039918,Caleb Williams,CHI,MIN,QB,rushing_yards,22.1,9.3,40.0,,,eligible,eligible_current_role,starter,Active,1.0,direct_component_blend,20260908_1821_rushing_yards_blend,2026-09-20T12:24:48+00:00,2026-09-20T12:25:10+00:00
2026,2,401872937,2026-09-20,12:00,00-0039919,Rome Odunze,CHI,MIN,WR,rushing_yards,0.0,-10.8,15.0,,,eligible,eligible_current_role,starter,Active,1.0,direct_component_blend,20260908_1821_rushing_yards_blend,2026-09-20T12:24:48+00:00,2026-09-20T12:25:10+00:00
2026,2,401872937,2026-09-20,12:00,00-0039919,Rome Odunze,CHI,MIN,WR,receiving_yards,46.9,20.3,96.1,,,eligible,eligible_current_role,starter,Active,1.0,direct_component_blend,20260908_1821_receiving_yards_blend,2026-09-20T12:24:48+00:00,2026-09-20T12:25:10+00:00
2026,2,401872937,2026-09-20,12:00,00-0039923,J.J. McCarthy,MIN,CHI,QB,rushing_yards,14.5,1.7,32.4,,,eligible,eligible_current_role,backup,Active,3.0,direct_component_blend,20260908_1821_rushing_yards_blend,2026-09-20T12:24:48+00:00,2026-09-20T12:25:10+00:00
2026,2,401872937,2026-09-20,12:00,00-0039924,Dallas Turner,MIN,CHI,LB,tackles,3.0,0.1,7.1,0.9074404798827016,0.7568225015378116,eligible,eligible_current_role,starter,,1.0,direct,20260908_1821_tackles_direct,2026-09-20T12:24:48+00:00,2026-09-20T12:25:10+00:00
2026,2,401872937,2026-09-20,12:00,00-0040126,Colston Loveland,CHI,MIN,TE,rushing_yards,0.0,-10.7,15.0,,,eligible,eligible_current_role,starter,Active,1.0,direct_component_blend,20260908_1821_rushing_yards_blend,2026-09-20T12:24:48+00:00,2026-09-20T12:25:10+00:00
2026,2,401872937,2026-09-20,12:00,00-0040126,Colston Loveland,CHI,MIN,TE,receiving_yards,34.9,15.2,69.1,,,eligible,eligible_current_role,starter,Active,1.0,direct_component_blend,20260908_1821_receiving_yards_blend,2026-09-20T12:24:48+00:00,2026-09-20T12:25:10+00:00
2026,2,401872937,2026-09-20,12:00,00-0040154,Tai Felton,MIN,CHI,WR,rushing_yards,0.0,-10.8,15.0,,,eligible,eligible_current_role,backup,,4.0,direct_component_blend,20260908_1821_rushing_yards_blend,2026-09-20T12:24:48+00:00,2026-09-20T12:25:10+00:00
2026,2,401872937,2026-09-20,12:00,00-0040154,Tai Felton,MIN,CHI,WR,receiving_yards,1.0,-16.2,29.8,,,eligible,eligible_current_role,backup,,4.0,direct_component_blend,20260908_1821_receiving_yards_blend,2026-09-20T12:24:48+00:00,2026-09-20T12:25:10+00:00
2026,2,401872937,2026-09-20,12:00,00-0040173,Tyrion Ingram-Dawkins,MIN,CHI,DL,tackles,0.9,0.0,3.3,0.4702591824619718,0.1991096234981632,eligible,eligible_current_role,backup,,2.0,direct,20260908_1821_tackles_direct,2026-09-20T12:24:48+00:00,2026-09-20T12:25:10+00:00
2026,2,401872937,2026-09-20,12:00,00-0040215,Gavin Bartholomew,MIN,CHI,TE,rushing_yards,0.0,-14.8,20.6,,,eligible,eligible_current_role,backup,,3.0,direct_component_blend,20260908_1821_rushing_yards_blend,2026-09-20T12:24:48+00:00,2026-09-20T12:25:10+00:00
2026,2,401872937,2026-09-20,12:00,00-0040215,Gavin Bartholomew,MIN,CHI,TE,receiving_yards,5.3,-17.3,45.9,,,eligible,eligible_current_role,backup,,3.0,direct_component_blend,20260908_1821_receiving_yards_blend,2026-09-20T12:24:48+00:00,2026-09-20T12:25:10+00:00
2026,2,401872937,2026-09-20,12:00,00-0040236,Kyle Monangai,CHI,MIN,RB,rushing_yards,41.6,19.6,72.5,,,eligible,questionable_flag,backup,Questionable,2.0,direct_component_blend,20260908_1821_rushing_yards_blend,2026-09-20T12:24:48+00:00,2026-09-20T12:25:10+00:00
2026,2,401872937,2026-09-20,12:00,00-0040236,Kyle Monangai,CHI,MIN,RB,receiving_yards,11.2,-6.0,40.0,,,eligible,questionable_flag,backup,Questionable,2.0,direct_component_blend,20260908_1821_receiving_yards_blend,2026-09-20T12:24:48+00:00,2026-09-20T12:25:10+00:00
2026,2,401872937,2026-09-20,12:00,00-0040277,Jahdae Walker,CHI,MIN,WR,rushing_yards,0.0,-10.8,15.0,,,eligible,eligible_current_role,backup,Active,5.0,direct_component_blend,20260908_1821_rushing_yards_blend,2026-09-20T12:24:48+00:00,2026-09-20T12:25:10+00:00
2026,2,401872937,2026-09-20,12:00,00-0040277,Jahdae Walker,CHI,MIN,WR,receiving_yards,12.4,-4.7,41.2,,,eligible,eligible_current_role,backup,Active,5.0,direct_component_blend,20260908_1821_receiving_yards_blend,2026-09-20T12:24:48+00:00,2026-09-20T12:25:10+00:00
2026,2,401872937,2026-09-20,12:00,00-0040496,Chaz Chambliss,MIN,CHI,LB,tackles,0.7,0.0,3.2,0.4056045045822961,0.13121647128878544,eligible,eligible_current_role,backup,,2.0,direct,20260908_1821_tackles_direct,2026-09-20T12:24:48+00:00,2026-09-20T12:25:10+00:00
2026,2,401872937,2026-09-20,12:00,00-0040498,Dontae Fleming,MIN,CHI,WR,rushing_yards,0.0,-14.7,20.7,,,eligible,eligible_current_role,roster_only,,,direct_component_blend,20260908_1821_rushing_yards_blend,2026-09-20T12:24:48+00:00,2026-09-20T12:25:10+00:00
2026,2,401872937,2026-09-20,12:00,00-0040498,Dontae Fleming,MIN,CHI,WR,receiving_yards,6.8,-28.9,75.4,,,eligible,eligible_current_role,roster_only,,,direct_component_blend,20260908_1821_receiving_yards_blend,2026-09-20T12:24:48+00:00,2026-09-20T12:25:10+00:00
2026,2,401872937,2026-09-20,12:00,00-0040504,Bryson Nesbit,MIN,CHI,TE,rushing_yards,0.0,-14.8,20.6,,,eligible,eligible_current_role,roster_only,,,direct_component_blend,20260908_1821_rushing_yards_blend,2026-09-20T12:24:48+00:00,2026-09-20T12:25:10+00:00
2026,2,401872937,2026-09-20,12:00,00-0040504,Bryson Nesbit,MIN,CHI,TE,receiving_yards,5.2,-17.5,45.7,,,eligible,eligible_current_role,roster_only,,,direct_component_blend,20260908_1821_receiving_yards_blend,2026-09-20T12:24:48+00:00,2026-09-20T12:25:10+00:00
2026,2,401872937,2026-09-20,12:00,00-0040506,Myles Price,MIN,CHI,WR,rushing_yards,0.0,-10.7,15.0,,,eligible,eligible_current_role,backup,Active,5.0,direct_component_blend,20260908_1821_rushing_yards_blend,2026-09-20T12:24:48+00:00,2026-09-20T12:25:10+00:00
2026,2,401872937,2026-09-20,12:00,00-0040506,Myles Price,MIN,CHI,WR,receiving_yards,0.6,-16.5,29.4,,,eligible,eligible_current_role,backup,Active,5.0,direct_component_blend,20260908_1821_receiving_yards_blend,2026-09-20T12:24:48+00:00,2026-09-20T12:25:10+00:00
2026,2,401872937,2026-09-20,12:00,00-0040507,Zemaiah Vaughn,MIN,CHI,DB,tackles,1.4,0.0,5.3,0.6633073192288487,0.37051804606426164,eligible,eligible_current_role,backup,Active,2.0,direct,20260908_1821_tackles_direct,2026-09-20T12:24:48+00:00,2026-09-20T12:25:10+00:00
2026,2,401872937,2026-09-20,12:00,00-0040624,Elijah Williams,MIN,CHI,DL,tackles,0.8,0.0,3.3,0.4402180119682164,0.17576758137870013,eligible,eligible_current_role,backup,Active,2.0,direct,20260908_1821_tackles_direct,2026-09-20T12:24:48+00:00,2026-09-20T12:25:10+00:00
2026,2,401872937,2026-09-20,12:00,00-0040735,Luther Burden III,CHI,MIN,WR,rushing_yards,1.4,-9.3,16.4,,,eligible,eligible_current_role,backup,Active,2.0,direct_component_blend,20260908_1821_rushing_yards_blend,2026-09-20T12:24:48+00:00,2026-09-20T12:25:10+00:00
2026,2,401872937,2026-09-20,12:00,00-0040735,Luther Burden III,CHI,MIN,WR,receiving_yards,40.0,13.4,89.2,,,eligible,eligible_current_role,backup,Active,2.0,direct_component_blend,20260908_1821_receiving_yards_blend,2026-09-20T12:24:48+00:00,2026-09-20T12:25:10+00:00
2026,2,401872937,2026-09-20,12:00,00-0041033,Caleb Banks,MIN,CHI,DL,tackles,1.3,0.0,4.9,0.6358246632661421,0.3423611611894121,eligible,eligible_current_role,starter,,1.0,direct,20260908_1821_tackles_direct,2026-09-20T12:24:48+00:00,2026-09-20T12:25:10+00:00
2026,2,401872937,2026-09-20,12:00,00-0041046,Domonique Orange,MIN,CHI,DL,tackles,1.2,0.0,4.7,0.5683303459331049,0.27791051145024964,eligible,eligible_current_role,backup,,2.0,direct,20260908_1821_tackles_direct,2026-09-20T12:24:48+00:00,2026-09-20T12:25:10+00:00
2026,2,401872937,2026-09-20,12:00,00-0041051,Zavion Thomas,CHI,MIN,WR,rushing_yards,0.1,-14.7,20.8,,,eligible,eligible_current_role,backup,,4.0,direct_component_blend,20260908_1821_rushing_yards_blend,2026-09-20T12:24:48+00:00,2026-09-20T12:25:10+00:00
2026,2,401872937,2026-09-20,12:00,00-0041051,Zavion Thomas,CHI,MIN,WR,receiving_yards,7.1,-15.6,47.7,,,eligible,eligible_current_role,backup,,4.0,direct_component_blend,20260908_1821_receiving_yards_blend,2026-09-20T12:24:48+00:00,2026-09-20T12:25:10+00:00
2026,2,401872937,2026-09-20,12:00,00-0041054,Jakobe Thomas,MIN,CHI,DB,tackles,1.9,0.0,5.9,0.780854935309767,0.5083623460504954,eligible,eligible_current_role,backup,Active,3.0,direct,20260908_1821_tackles_direct,2026-09-20T12:24:48+00:00,2026-09-20T12:25:10+00:00
2026,2,401872937,2026-09-20,12:00,00-0041060,Malik Muhammad,CHI,MIN,DB,tackles,2.0,0.0,6.0,0.8023300935169497,0.5420953876098538,eligible,questionable_flag,backup,Questionable,2.0,direct,20260908_1821_tackles_direct,2026-09-20T12:24:48+00:00,2026-09-20T12:25:10+00:00
2026,2,401872937,2026-09-20,12:00,00-0041081,Max Bredeson,MIN,CHI,RB,rushing_yards,16.3,-13.9,58.9,,,eligible,eligible_current_role,starter,,1.0,direct_component_blend,20260908_1821_rushing_yards_blend,2026-09-20T12:24:48+00:00,2026-09-20T12:25:10+00:00
2026,2,401872937,2026-09-20,12:00,00-0041081,Max Bredeson,MIN,CHI,RB,receiving_yards,4.3,-18.4,44.8,,,eligible,eligible_current_role,starter,,1.0,direct_component_blend,20260908_1821_receiving_yards_blend,2026-09-20T12:24:48+00:00,2026-09-20T12:25:10+00:00
2026,2,401872937,2026-09-20,12:00,00-0041083,Charles Demmings,MIN,CHI,DB,tackles,3.0,0.1,6.9,0.9026975942299048,0.7437794375912424,eligible,eligible_current_role,starter,,1.0,direct,20260908_1821_tackles_direct,2026-09-20T12:24:48+00:00,2026-09-20T12:25:10+00:00
2026,2,401872937,2026-09-20,12:00,00-0041085,Keyshaun Elliott,CHI,MIN,LB,tackles,1.6,0.0,5.1,0.7428922849946931,0.46182538837661674,eligible,eligible_current_role,backup,Active,2.0,direct,20260908_1821_tackles_direct,2026-09-20T12:24:48+00:00,2026-09-20T12:25:10+00:00
2026,2,401872937,2026-09-20,12:00,00-0041104,Demond Claiborne,MIN,CHI,RB,rushing_yards,14.4,-15.9,56.9,,,eligible,eligible_current_role,backup,Active,2.0,direct_component_blend,20260908_1821_rushing_yards_blend,2026-09-20T12:24:48+00:00,2026-09-20T12:25:10+00:00
2026,2,401872937,2026-09-20,12:00,00-0041104,Demond Claiborne,MIN,CHI,RB,receiving_yards,3.3,-19.4,43.9,,,eligible,eligible_current_role,backup,Active,2.0,direct_component_blend,20260908_1821_receiving_yards_blend,2026-09-20T12:24:48+00:00,2026-09-20T12:25:10+00:00
2026,2,401872937,2026-09-20,12:00,00-0041110,Jordan van den Berg,CHI,MIN,DL,tackles,1.2,0.0,4.7,0.5695172395721059,0.27904857795121496,eligible,eligible_current_role,backup,,2.0,direct,20260908_1821_tackles_direct,2026-09-20T12:24:48+00:00,2026-09-20T12:25:10+00:00
2026,2,401872937,2026-09-20,12:00,00-0041171,Jayden Loving,CHI,MIN,DL,tackles,1.2,0.0,4.7,0.5694949594030605,0.27902717314912767,eligible,eligible_current_role,backup,Active,3.0,direct,20260908_1821_tackles_direct,2026-09-20T12:24:48+00:00,2026-09-20T12:25:10+00:00
2026,2,401872937,2026-09-20,12:00,00-0041172,Miller Moss,CHI,MIN,QB,rushing_yards,9.2,-8.4,33.9,,,eligible,eligible_current_role,roster_only,,,direct_component_blend,20260908_1821_rushing_yards_blend,2026-09-20T12:24:48+00:00,2026-09-20T12:25:10+00:00
2026,2,401872937,2026-09-20,12:00,00-0041175,Skyler Thomas,CHI,MIN,DB,tackles,2.2,0.0,6.1,0.8282823701679519,0.5866067468886488,eligible,eligible_current_role,backup,,2.0,direct,20260908_1821_tackles_direct,2026-09-20T12:24:48+00:00,2026-09-20T12:25:10+00:00
2026,2,401872937,2026-09-20,12:00,00-0041265,Squirrel White,CHI,MIN,WR,rushing_yards,0.1,-14.7,20.8,,,eligible,eligible_current_role,roster_only,,,direct_component_blend,20260908_1821_rushing_yards_blend,2026-09-20T12:24:48+00:00,2026-09-20T12:25:10+00:00
2026,2,401872937,2026-09-20,12:00,00-0041265,Squirrel White,CHI,MIN,WR,receiving_yards,7.0,-15.6,47.6,,,eligible,eligible_current_role,roster_only,,,direct_component_blend,20260908_1821_receiving_yards_blend,2026-09-20T12:24:48+00:00,2026-09-20T12:25:10+00:00
2026,2,401872937,2026-09-20,12:00,00-0041354,Jacob Thomas,MIN,CHI,DB,tackles,1.9,0.0,5.9,0.780854935309767,0.5083623460504954,eligible,eligible_current_role,backup,Active,3.0,direct,20260908_1821_tackles_direct,2026-09-20T12:24:48+00:00,2026-09-20T12:25:10+00:00
2026,2,401872937,2026-09-20,12:00,00-0041538,Dillon Thieneman,CHI,MIN,DB,tackles,3.0,0.2,6.9,0.9062782524541173,0.7535905972862954,eligible,eligible_current_role,starter,Active,1.0,direct,20260908_1821_tackles_direct,2026-09-20T12:24:48+00:00,2026-09-20T12:25:10+00:00
2026,2,401872937,2026-09-20,12:00,00-0041558,Sam Roush,CHI,MIN,TE,rushing_yards,0.0,-14.8,20.7,,,eligible,eligible_current_role,backup,,3.0,direct_component_blend,20260908_1821_rushing_yards_blend,2026-09-20T12:24:48+00:00,2026-09-20T12:25:10+00:00
2026,2,401872937,2026-09-20,12:00,00-0041558,Sam Roush,CHI,MIN,TE,receiving_yards,4.1,-18.6,44.7,,,eligible,eligible_current_role,backup,,3.0,direct_component_blend,20260908_1821_receiving_yards_blend,2026-09-20T12:24:48+00:00,2026-09-20T12:25:10+00:00
2026,2,401872938,2026-09-20,13:00,00-0026190,Calais Campbell,BAL,NO,DL,tackles,2.1,0.1,4.6,0.8092412299758933,0.553617645884566,eligible,eligible_current_role,starter,,1.0,direct,20260908_1821_tackles_direct,2026-09-20T12:24:48+00:00,2026-09-20T12:25:10+00:00
2026,2,401872938,2026-09-20,13:00,00-0027962,Cameron Jordan,NO,BAL,LB,tackles,1.9,0.0,4.5,0.7871074327150442,0.5174988801348396,eligible,questionable_flag,starter,Questionable,1.0,direct,20260908_1821_tackles_direct,2026-09-20T12:24:48+00:00,2026-09-20T12:25:10+00:00
2026,2,401872938,2026-09-20,13:00,00-0030070,John Jenkins,BAL,NO,DL,tackles,1.7,0.0,4.2,0.7601304101409333,0.48214251927047413,eligible,eligible_current_role,backup,,2.0,direct,20260908_1821_tackles_direct,2026-09-20T12:24:48+00:00,2026-09-20T12:25:10+00:00
2026,2,401872938,2026-09-20,13:00,00-0032398,Chris Moore,BAL,NO,WR,rushing_yards,0.0,-10.8,15.0,,,eligible,eligible_current_role,roster_only,Active,,direct_component_blend,20260908_1821_rushing_yards_blend,2026-09-20T12:24:48+00:00,2026-09-20T12:25:10+00:00
2026,2,401872938,2026-09-20,13:00,00-0032398,Chris Moore,BAL,NO,WR,receiving_yards,9.2,-8.0,38.0,,,eligible,eligible_current_role,roster_only,Active,,direct_component_blend,20260908_1821_receiving_yards_blend,2026-09-20T12:24:48+00:00,2026-09-20T12:25:10+00:00
2026,2,401872938,2026-09-20,13:00,00-0032764,Derrick Henry,BAL,NO,RB,rushing_yards,100.2,78.2,131.1,,,eligible,eligible_current_role,starter,Active,1.0,direct_component_blend,20260908_1821_rushing_yards_blend,2026-09-20T12:24:48+00:00,2026-09-20T12:25:10+00:00
2026,2,401872938,2026-09-20,13:00,00-0032764,Derrick Henry,BAL,NO,RB,receiving_yards,6.1,-11.1,34.9,,,eligible,eligible_current_role,starter,Active,1.0,direct_component_blend,20260908_1821_receiving_yards_blend,2026-09-20T12:24:48+00:00,2026-09-20T12:25:10+00:00
2026,2,401872938,2026-09-20,13:00,00-0033281,Marlon Humphrey,BAL,NO,DB,tackles,3.8,1.2,7.3,0.9463223618971319,0.8418643823410978,eligible,eligible_current_role,starter,,1.0,direct,20260908_1821_tackles_direct,2026-09-20T12:24:48+00:00,2026-09-20T12:25:10+00:00
2026,2,401872938,2026-09-20,13:00,00-0033548,Chidobe Awuzie,BAL,NO,DB,tackles,2.6,0.7,5.1,0.8781192922389061,0.6840467822639164,eligible,eligible_current_role,backup,,2.0,direct,20260908_1821_tackles_direct,2026-09-20T12:24:48+00:00,2026-09-20T12:25:10+00:00
2026,2,401872938,2026-09-20,13:00,00-0033860,Davon Godchaux,NO,BAL,DL,tackles,2.3,0.4,4.8,0.8500177920548896,0.6268865362453155,eligible,eligible_current_role,starter,,1.0,direct,20260908_1821_tackles_direct,2026-09-20T12:24:48+00:00,2026-09-20T12:25:10+00:00
2026,2,401872938,2026-09-20,13:00,00-0033906,Alvin Kamara,NO,BAL,RB,rushing_yards,27.0,5.0,57.9,,,eligible,eligible_current_role,backup,Active,2.0,direct_component_blend,20260908_1821_rushing_yards_blend,2026-09-20T12:24:48+00:00,2026-09-20T12:25:10+00:00
2026,2,401872938,2026-09-20,13:00,00-0033906,Alvin Kamara,NO,BAL,RB,receiving_yards,11.9,-5.3,40.7,,,eligible,eligible_current_role,backup,Active,2.0,direct_component_blend,20260908_1821_receiving_yards_blend,2026-09-20T12:24:48+00:00,2026-09-20T12:25:10+00:00
2026,2,401872938,2026-09-20,13:00,00-0033935,Trey Hendrickson,BAL,NO,LB,tackles,1.4,0.0,3.9,0.6629567383296893,0.37014943446757465,eligible,questionable_flag,starter,Questionable,1.0,direct,20260908_1821_tackles_direct,2026-09-20T12:24:48+00:00,2026-09-20T12:25:10+00:00
2026,2,401872938,2026-09-20,13:00,00-0034161,Daniel Carlson,NO,BAL,K,kicking_points,6.7,2.0,12.1,,,eligible,eligible_current_role,starter,Active,1.0,component,20260908_1821_kicking_points_component,2026-09-20T12:24:48+00:00,2026-09-20T12:25:10+00:00
2026,2,401872938,2026-09-20,13:00,00-0034361,Justin Reid,NO,BAL,DB,tackles,5.3,3.1,8.0,0.9815795505720598,0.9424412103354834,eligible,eligible_current_role,starter,,1.0,direct,20260908_1821_tackles_direct,2026-09-20T12:24:48+00:00,2026-09-20T12:25:10+00:00
2026,2,401872938,2026-09-20,13:00,00-0034753,Mark Andrews,BAL,NO,TE,rushing_yards,0.4,-10.3,15.4,,,eligible,eligible_current_role,starter,Active,1.0,direct_component_blend,20260908_1821_rushing_yards_blend,2026-09-20T12:24:48+00:00,2026-09-20T12:25:10+00:00
2026,2,401872938,2026-09-20,13:00,00-0034753,Mark Andrews,BAL,NO,TE,receiving_yards,33.3,16.2,62.1,,,eligible,eligible_current_role,starter,Active,1.0,direct_component_blend,20260908_1821_receiving_yards_blend,2026-09-20T12:24:48+00:00,2026-09-20T12:25:10+00:00
2026,2,401872938,2026-09-20,13:00,00-0034760,Nathan Shepherd,NO,BAL,DL,tackles,2.2,0.3,4.7,0.8357150206970781,0.6000149223024316,eligible,eligible_current_role,backup,,2.0,direct,20260908_1821_tackles_direct,2026-09-20T12:24:48+00:00,2026-09-20T12:25:10+00:00
2026,2,401872938,2026-09-20,13:00,00-0034796,Lamar Jackson,BAL,NO,QB,passing_yards,188.5,95.0,294.7,,,eligible,eligible_current_role,starter,Active,1.0,direct_component_blend,20260908_1821_passing_yards_blend,2026-09-20T12:24:48+00:00,2026-09-20T12:25:10+00:00
2026,2,401872938,2026-09-20,13:00,00-0034796,Lamar Jackson,BAL,NO,QB,passing_tds,1.589,,,0.8125,0.5119047619047619,eligible,eligible_current_role,starter,Active,1.0,direct_component_blend,20260908_1821_passing_tds_blend,2026-09-20T12:24:48+00:00,2026-09-20T12:25:10+00:00
2026,2,401872938,2026-09-20,13:00,00-0034796,Lamar Jackson,BAL,NO,QB,rushing_yards,27.4,14.6,45.3,,,eligible,eligible_current_role,starter,Active,1.0,direct_component_blend,20260908_1821_rushing_yards_blend,2026-09-20T12:24:48+00:00,2026-09-20T12:25:10+00:00
2026,2,401872938,2026-09-20,13:00,00-0034798,Durham Smythe,BAL,NO,TE,rushing_yards,0.0,-10.8,15.0,,,eligible,eligible_current_role,backup,,2.0,direct_component_blend,20260908_1821_rushing_yards_blend,2026-09-20T12:24:48+00:00,2026-09-20T12:25:10+00:00
2026,2,401872938,2026-09-20,13:00,00-0034798,Durham Smythe,BAL,NO,TE,receiving_yards,5.1,-12.0,33.9,,,eligible,eligible_current_role,backup,,2.0,direct_component_blend,20260908_1821_receiving_yards_blend,2026-09-20T12:24:48+00:00,2026-09-20T12:25:10+00:00
2026,2,401872938,2026-09-20,13:00,00-0034874,Roquan Smith,BAL,NO,LB,tackles,7.0,4.3,11.3,0.983495145631068,0.9631067961165048,eligible,eligible_current_role,recent_defensive_participant,Active,,direct,20260908_1821_tackles_direct,2026-09-20T12:24:48+00:00,2026-09-20T12:25:10+00:00
2026,2,401872938,2026-09-20,13:00,00-0034975,Justice Hill,BAL,NO,RB,rushing_yards,8.4,-2.3,23.4,,,eligible,eligible_current_role,backup,Active,2.0,direct_component_blend,20260908_1821_rushing_yards_blend,2026-09-20T12:24:48+00:00,2026-09-20T12:25:10+00:00
2026,2,401872938,2026-09-20,13:00,00-0034975,Justice Hill,BAL,NO,RB,receiving_yards,6.8,-10.3,35.6,,,eligible,eligible_current_role,backup,Active,2.0,direct_component_blend,20260908_1821_receiving_yards_blend,2026-09-20T12:24:48+00:00,2026-09-20T12:25:10+00:00
2026,2,401872938,2026-09-20,13:00,00-0035316,Kaden Elliss,NO,BAL,LB,tackles,5.9,2.9,9.8,0.9828460284117777,0.9556195361025819,eligible,eligible_current_role,recent_defensive_participant,Active,,direct,20260908_1821_tackles_direct,2026-09-20T12:24:48+00:00,2026-09-20T12:25:10+00:00
2026,2,401872938,2026-09-20,13:00,00-0035402,Carl Granderson,NO,BAL,LB,tackles,2.7,0.8,5.2,0.8875813783578911,0.7050187765624117,eligible,eligible_current_role,starter,,1.0,direct,20260908_1821_tackles_direct,2026-09-20T12:24:48+00:00,2026-09-20T12:25:10+00:00
2026,2,401872938,2026-09-20,13:00,00-0035644,Noah Fant,NO,BAL,TE,rushing_yards,0.0,-10.8,14.9,,,eligible,eligible_current_role,backup,Active,2.0,direct_component_blend,20260908_1821_rushing_yards_blend,2026-09-20T12:24:48+00:00,2026-09-20T12:25:10+00:00
2026,2,401872938,2026-09-20,13:00,00-0035644,Noah Fant,NO,BAL,TE,receiving_yards,11.2,-6.0,40.0,,,eligible,eligible_current_role,backup,Active,2.0,direct_component_blend,20260908_1821_receiving_yards_blend,2026-09-20T12:24:48+00:00,2026-09-20T12:25:10+00:00
2026,2,401872938,2026-09-20,13:00,00-0035993,Tyler Huntley,BAL,NO,QB,rushing_yards,22.9,10.2,40.9,,,eligible,eligible_current_role,backup,,2.0,direct_component_blend,20260908_1821_rushing_yards_blend,2026-09-20T12:24:48+00:00,2026-09-20T12:25:10+00:00
2026,2,401872938,2026-09-20,13:00,00-0036040,Juwan Johnson,NO,BAL,TE,rushing_yards,0.0,-10.8,14.9,,,eligible,questionable_flag,starter,Questionable,1.0,direct_component_blend,20260908_1821_rushing_yards_blend,2026-09-20T12:24:48+00:00,2026-09-20T12:25:10+00:00
2026,2,401872938,2026-09-20,13:00,00-0036040,Juwan Johnson,NO,BAL,TE,receiving_yards,34.1,14.4,68.4,,,eligible,questionable_flag,starter,Questionable,1.0,direct_component_blend,20260908_1821_receiving_yards_blend,2026-09-20T12:24:48+00:00,2026-09-20T12:25:10+00:00
2026,2,401872938,2026-09-20,13:00,00-0036081,Broderick Washington,BAL,NO,DL,tackles,1.8,0.0,4.2,0.7654238935910644,0.4886442642057098,eligible,eligible_current_role,backup,,2.0,direct,20260908_1821_tackles_direct,2026-09-20T12:24:48+00:00,2026-09-20T12:25:10+00:00
2026,2,401872938,2026-09-20,13:00,00-0036130,Nnamdi Madubuike,BAL,NO,DL,tackles,2.2,0.3,4.7,0.8298785462583873,0.589459898699187,eligible,questionable_flag,starter,Questionable,1.0,direct,20260908_1821_tackles_direct,2026-09-20T12:24:48+00:00,2026-09-20T12:25:10+00:00
2026,2,401872938,2026-09-20,13:00,00-0036193,Anfernee Jennings,NO,BAL,LB,tackles,2.8,0.9,5.3,0.8930296597705698,0.7182998669396261,eligible,eligible_current_role,backup,,2.0,direct,20260908_1821_tackles_direct,2026-09-20T12:24:48+00:00,2026-09-20T12:25:10+00:00
2026,2,401872938,2026-09-20,13:00,00-0036253,Julian Blackmon,NO,BAL,DB,tackles,4.6,1.9,8.1,0.9739874855520864,0.9081104713803234,eligible,eligible_current_role,starter,,1.0,direct,20260908_1821_tackles_direct,2026-09-20T12:24:48+00:00,2026-09-20T12:25:10+00:00
2026,2,401872938,2026-09-20,13:00,00-0036302,Jaylinn Hawkins,BAL,NO,DB,tackles,3.8,1.2,7.3,0.947017364031767,0.8432325461710143,eligible,eligible_current_role,starter,,1.0,direct,20260908_1821_tackles_direct,2026-09-20T12:24:48+00:00,2026-09-20T12:25:10+00:00
2026,2,401872938,2026-09-20,13:00,00-0036321,Chase Young,NO,BAL,LB,tackles,2.6,0.7,5.1,0.878608156060637,0.6851065522691694,eligible,eligible_current_role,starter,,1.0,direct,20260908_1821_tackles_direct,2026-09-20T12:24:48+00:00,2026-09-20T12:25:10+00:00
2026,2,401872938,2026-09-20,13:00,00-0036550,Rashod Bateman,BAL,NO,WR,rushing_yards,0.0,-10.7,15.0,,,eligible,eligible_current_role,backup,Active,2.0,direct_component_blend,20260908_1821_rushing_yards_blend,2026-09-20T12:24:48+00:00,2026-09-20T12:25:10+00:00
2026,2,401872938,2026-09-20,13:00,00-0036550,Rashod Bateman,BAL,NO,WR,receiving_yards,16.2,-0.9,45.0,,,eligible,eligible_current_role,backup,Active,2.0,direct_component_blend,20260908_1821_receiving_yards_blend,2026-09-20T12:24:48+00:00,2026-09-20T12:25:10+00:00
2026,2,401872938,2026-09-20,13:00,00-0036867,Chris Rumph II,NO,BAL,LB,tackles,1.7,0.0,4.1,0.7562543016796883,0.47746214814856774,eligible,eligible_current_role,backup,Active,3.0,direct,20260908_1821_tackles_direct,2026-09-20T12:24:48+00:00,2026-09-20T12:25:10+00:00
2026,2,401872938,2026-09-20,13:00,00-0036927,Pete Werner,NO,BAL,LB,tackles,3.5,1.5,5.9,0.9328541309623496,0.816536334418491,eligible,eligible_current_role,recent_defensive_participant,Active,,direct,20260908_1821_tackles_direct,2026-09-20T12:24:48+00:00,2026-09-20T12:25:10+00:00
2026,2,401872938,2026-09-20,13:00,00-0036973,Travis Etienne,NO,BAL,RB,rushing_yards,40.9,18.9,71.8,,,eligible,eligible_current_role,starter,Active,1.0,direct_component_blend,20260908_1821_rushing_yards_blend,2026-09-20T12:24:48+00:00,2026-09-20T12:25:10+00:00
2026,2,401872938,2026-09-20,13:00,00-0036973,Travis Etienne,NO,BAL,RB,receiving_yards,22.7,5.6,51.5,,,eligible,eligible_current_role,starter,Active,1.0,direct_component_blend,20260908_1821_receiving_yards_blend,2026-09-20T12:24:48+00:00,2026-09-20T12:25:10+00:00
2026,2,401872938,2026-09-20,13:00,00-0037013,Zach Wilson,NO,BAL,QB,rushing_yards,4.6,-6.1,19.6,,,eligible,eligible_current_role,backup,Active,3.0,direct_component_blend,20260908_1821_rushing_yards_blend,2026-09-20T12:24:48+00:00,2026-09-20T12:25:10+00:00
2026,2,401872938,2026-09-20,13:00,00-0037231,Kevin Austin Jr.,NO,BAL,WR,rushing_yards,0.0,-10.8,14.9,,,eligible,eligible_current_role,roster_only,,,direct_component_blend,20260908_1821_rushing_yards_blend,2026-09-20T12:24:48+00:00,2026-09-20T12:25:10+00:00
2026,2,401872938,2026-09-20,13:00,00-0037231,Kevin Austin Jr.,NO,BAL,WR,receiving_yards,27.6,1.0,76.8,,,eligible,eligible_current_role,roster_only,,,direct_component_blend,20260908_1821_receiving_yards_blend,2026-09-20T12:24:48+00:00,2026-09-20T12:25:10+00:00
2026,2,401872938,2026-09-20,13:00,00-0037239,Chris Olave,NO,BAL,WR,rushing_yards,0.0,-10.8,14.9,,,eligible,questionable_flag,starter,Questionable,1.0,direct_component_blend,20260908_1821_rushing_yards_blend,2026-09-20T12:24:48+00:00,2026-09-20T12:25:10+00:00
2026,2,401872938,2026-09-20,13:00,00-0037239,Chris Olave,NO,BAL,WR,receiving_yards,54.2,27.6,103.4,,,eligible,questionable_flag,starter,Questionable,1.0,direct_component_blend,20260908_1821_receiving_yards_blend,2026-09-20T12:24:48+00:00,2026-09-20T12:25:10+00:00
2026,2,401872938,2026-09-20,13:00,00-0037250,Martin Emerson,NO,BAL,DB,tackles,3.1,0.4,6.6,0.908141455730154,0.7587833766147823,eligible,eligible_current_role,backup,,2.0,direct,20260908_1821_tackles_direct,2026-09-20T12:24:48+00:00,2026-09-20T12:25:10+00:00
2026,2,401872938,2026-09-20,13:00,00-0037283,John Ridgeway,NO,BAL,DL,tackles,1.6,0.0,4.0,0.7368710015312784,0.4537850992079927,eligible,eligible_current_role,backup,Active,2.0,direct,20260908_1821_tackles_direct,2026-09-20T12:24:48+00:00,2026-09-20T12:25:10+00:00
2026,2,401872938,2026-09-20,13:00,00-0037756,Travis Jones,BAL,NO,DL,tackles,2.5,0.4,5.3,0.8705683554980594,0.6679837926316002,eligible,eligible_current_role,starter,,1.0,direct,20260908_1821_tackles_direct,2026-09-20T12:24:48+00:00,2026-09-20T12:25:10+00:00
2026,2,401872938,2026-09-20,13:00,00-0038038,Kyle Hamilton,BAL,NO,DB,tackles,5.5,2.8,9.0,0.9820401631974328,0.9471073651286362,eligible,eligible_current_role,starter,Active,1.0,direct,20260908_1821_tackles_direct,2026-09-20T12:24:48+00:00,2026-09-20T12:25:10+00:00
2026,2,401872938,2026-09-20,13:00,00-0038387,Colby Wooden,NO,BAL,DL,tackles,2.7,0.8,5.2,0.8849839494967212,0.699162460494546,eligible,eligible_current_role,starter,,1.0,direct,20260908_1821_tackles_direct,2026-09-20T12:24:48+00:00,2026-09-20T12:25:10+00:00
2026,2,401872938,2026-09-20,13:00,00-0038504,Trenton Simpson,BAL,NO,LB,tackles,4.1,2.0,6.5,0.9566210923787483,0.8644515497843608,eligible,eligible_current_role,recent_defensive_participant,,,direct,20260908_1821_tackles_direct,2026-09-20T12:24:48+00:00,2026-09-20T12:25:10+00:00
2026,2,401872938,2026-09-20,13:00,00-0038505,Tavius Robinson,BAL,NO,LB,tackles,2.7,0.7,5.2,0.882448600344681,0.6935199864789737,eligible,eligible_current_role,starter,,1.0,direct,20260908_1821_tackles_direct,2026-09-20T12:24:48+00:00,2026-09-20T12:25:10+00:00
2026,2,401872938,2026-09-20,13:00,00-0038541,Tyree Wilson,NO,BAL,LB,tackles,2.1,0.2,4.6,0.8217482588006505,0.5750723558262872,eligible,eligible_current_role,backup,,3.0,direct,20260908_1821_tackles_direct,2026-09-20T12:24:48+00:00,2026-09-20T12:25:10+00:00
2026,2,401872938,2026-09-20,13:00,00-0038551,Kendre Miller,NO,BAL,RB,rushing_yards,13.1,-8.9,44.0,,,eligible,eligible_current_role,backup,Active,3.0,direct_component_blend,20260908_1821_rushing_yards_blend,2026-09-20T12:24:48+00:00,2026-09-20T12:25:10+00:00
2026,2,401872938,2026-09-20,13:00,00-0038551,Kendre Miller,NO,BAL,RB,receiving_yards,1.7,-15.4,30.5,,,eligible,eligible_current_role,backup,Active,3.0,direct_component_blend,20260908_1821_receiving_yards_blend,2026-09-20T12:24:48+00:00,2026-09-20T12:25:10+00:00
2026,2,401872938,2026-09-20,13:00,00-0038588,Jordan Howden,NO,BAL,DB,tackles,1.4,0.0,5.0,0.6596876241382982,0.3667241617886059,eligible,eligible_current_role,backup,,2.0,direct,20260908_1821_tackles_direct,2026-09-20T12:24:48+00:00,2026-09-20T12:25:10+00:00
2026,2,401872938,2026-09-20,13:00,00-0039064,Zay Flowers,BAL,NO,WR,rushing_yards,1.3,-9.4,16.3,,,eligible,questionable_flag,starter,Questionable,1.0,direct_component_blend,20260908_1821_rushing_yards_blend,2026-09-20T12:24:48+00:00,2026-09-20T12:25:10+00:00
2026,2,401872938,2026-09-20,13:00,00-0039064,Zay Flowers,BAL,NO,WR,receiving_yards,57.5,30.9,106.7,,,eligible,questionable_flag,starter,Questionable,1.0,direct_component_blend,20260908_1821_receiving_yards_blend,2026-09-20T12:24:48+00:00,2026-09-20T12:25:10+00:00
2026,2,401872938,2026-09-20,13:00,00-0039232,Nate Wiggins,BAL,NO,DB,tackles,3.6,1.0,7.1,0.9379860781652195,0.8259402765365813,eligible,eligible_current_role,starter,,1.0,direct,20260908_1821_tackles_direct,2026-09-20T12:24:48+00:00,2026-09-20T12:25:10+00:00
2026,2,401872938,2026-09-20,13:00,00-0039234,T.J. Tampa,BAL,NO,DB,tackles,1.4,0.0,3.9,0.646852137907085,0.353481760688157,eligible,questionable_flag,backup,Questionable,2.0,direct,20260908_1821_tackles_direct,2026-09-20T12:24:48+00:00,2026-09-20T12:25:10+00:00
2026,2,401872938,2026-09-20,13:00,00-0039357,Decamerion Richardson,NO,BAL,DB,tackles,0.6,0.0,3.1,0.39088263821532493,0.11445198836081474,eligible,eligible_current_role,backup,,3.0,direct,20260908_1821_tackles_direct,2026-09-20T12:24:48+00:00,2026-09-20T12:25:10+00:00
2026,2,401872938,2026-09-20,13:00,00-0039376,Spencer Rattler,NO,BAL,QB,rushing_yards,9.2,-1.6,24.2,,,eligible,eligible_current_role,backup,,2.0,direct_component_blend,20260908_1821_rushing_yards_blend,2026-09-20T12:24:48+00:00,2026-09-20T12:25:10+00:00
2026,2,401872938,2026-09-20,13:00,00-0039401,Khristian Boyd,NO,BAL,DL,tackles,1.2,0.0,3.7,0.5704843476680164,0.2799792129254245,eligible,eligible_current_role,backup,Active,4.0,direct,20260908_1821_tackles_direct,2026-09-20T12:24:48+00:00,2026-09-20T12:25:10+00:00
2026,2,401872938,2026-09-20,13:00,00-0039424,Devaughn Vele,NO,BAL,WR,rushing_yards,0.0,-10.8,14.9,,,eligible,eligible_current_role,backup,Active,2.0,direct_component_blend,20260908_1821_rushing_yards_blend,2026-09-20T12:24:48+00:00,2026-09-20T12:25:10+00:00
2026,2,401872938,2026-09-20,13:00,00-0039424,Devaughn Vele,NO,BAL,WR,receiving_yards,33.2,6.6,82.4,,,eligible,eligible_current_role,backup,Active,2.0,direct_component_blend,20260908_1821_receiving_yards_blend,2026-09-20T12:24:48+00:00,2026-09-20T12:25:10+00:00
2026,2,401872938,2026-09-20,13:00,00-0039518,Treyton Welch,NO,BAL,TE,rushing_yards,0.0,-14.9,20.6,,,eligible,eligible_current_role,backup,Active,4.0,direct_component_blend,20260908_1821_rushing_yards_blend,2026-09-20T12:24:48+00:00,2026-09-20T12:25:10+00:00
2026,2,401872938,2026-09-20,13:00,00-0039518,Treyton Welch,NO,BAL,TE,receiving_yards,3.8,-18.9,44.4,,,eligible,eligible_current_role,backup,Active,4.0,direct_component_blend,20260908_1821_receiving_yards_blend,2026-09-20T12:24:48+00:00,2026-09-20T12:25:10+00:00
2026,2,401872938,2026-09-20,13:00,00-0039725,Jayden Price,NO,BAL,DB,tackles,1.1,0.0,5.0,0.5599602514874695,0.2700103097932,eligible,eligible_current_role,backup,,3.0,direct,20260908_1821_tackles_direct,2026-09-20T12:24:48+00:00,2026-09-20T12:25:10+00:00
2026,2,401872938,2026-09-20,13:00,00-0039792,Devontez Walker,BAL,NO,WR,rushing_yards,0.0,-10.7,15.0,,,eligible,eligible_current_role,backup,Active,3.0,direct_component_blend,20260908_1821_rushing_yards_blend,2026-09-20T12:24:48+00:00,2026-09-20T12:25:10+00:00
2026,2,401872938,2026-09-20,13:00,00-0039792,Devontez Walker,BAL,NO,WR,receiving_yards,7.8,-9.3,36.6,,,eligible,eligible_current_role,backup,Active,3.0,direct_component_blend,20260908_1821_receiving_yards_blend,2026-09-20T12:24:48+00:00,2026-09-20T12:25:10+00:00
2026,2,401872938,2026-09-20,13:00,00-0039796,Rasheen Ali,BAL,NO,RB,rushing_yards,1.3,-9.4,16.4,,,eligible,eligible_current_role,backup,,3.0,direct_component_blend,20260908_1821_rushing_yards_blend,2026-09-20T12:24:48+00:00,2026-09-20T12:25:10+00:00
2026,2,401872938,2026-09-20,13:00,00-0039796,Rasheen Ali,BAL,NO,RB,receiving_yards,3.8,-13.3,32.7,,,eligible,eligible_current_role,backup,,3.0,direct_component_blend,20260908_1821_receiving_yards_blend,2026-09-20T12:24:48+00:00,2026-09-20T12:25:10+00:00
2026,2,401872938,2026-09-20,13:00,00-0039860,Kool-Aid McKinstry,NO,BAL,DB,tackles,4.1,1.4,7.5,0.9562242789452232,0.8635127179483093,eligible,eligible_current_role,starter,,1.0,direct,20260908_1821_tackles_direct,2026-09-20T12:24:48+00:00,2026-09-20T12:25:10+00:00
2026,2,401872938,2026-09-20,13:00,00-0039907,Ja'Lynn Polk,NO,BAL,WR,rushing_yards,0.0,-10.8,15.0,,,eligible,eligible_current_role,roster_only,,,direct_component_blend,20260908_1821_rushing_yards_blend,2026-09-20T12:24:48+00:00,2026-09-20T12:25:10+00:00
2026,2,401872938,2026-09-20,13:00,00-0039907,Ja'Lynn Polk,NO,BAL,WR,receiving_yards,8.0,-9.1,36.8,,,eligible,eligible_current_role,roster_only,,,direct_component_blend,20260908_1821_receiving_yards_blend,2026-09-20T12:24:48+00:00,2026-09-20T12:25:10+00:00
2026,2,401872938,2026-09-20,13:00,00-0040074,Tyler Loop,BAL,NO,K,kicking_points,7.8,3.2,13.0,,,eligible,eligible_current_role,starter,Active,1.0,component,20260908_1821_kicking_points_component,2026-09-20T12:24:48+00:00,2026-09-20T12:25:10+00:00
2026,2,401872938,2026-09-20,13:00,00-0040075,LaJohntay Wester,BAL,NO,WR,rushing_yards,0.1,-10.6,15.1,,,eligible,eligible_current_role,backup,,5.0,direct_component_blend,20260908_1821_rushing_yards_blend,2026-09-20T12:24:48+00:00,2026-09-20T12:25:10+00:00
2026,2,401872938,2026-09-20,13:00,00-0040075,LaJohntay Wester,BAL,NO,WR,receiving_yards,3.9,-13.2,32.7,,,eligible,eligible_current_role,backup,,5.0,direct_component_blend,20260908_1821_receiving_yards_blend,2026-09-20T12:24:48+00:00,2026-09-20T12:25:10+00:00
2026,2,401872938,2026-09-20,13:00,00-0040076,Aeneas Peebles,BAL,NO,DL,tackles,0.6,0.0,3.1,0.39088263821532493,0.11445198836081474,eligible,eligible_current_role,backup,,2.0,direct,20260908_1821_tackles_direct,2026-09-20T12:24:48+00:00,2026-09-20T12:25:10+00:00
2026,2,401872938,2026-09-20,13:00,00-0040104,Keondre Jackson,BAL,NO,DB,tackles,0.6,0.0,3.1,0.39088263821532493,0.11445198836081474,eligible,questionable_flag,backup,Questionable,2.0,direct,20260908_1821_tackles_direct,2026-09-20T12:24:48+00:00,2026-09-20T12:25:10+00:00
2026,2,401872938,2026-09-20,13:00,00-0040155,Danny Stutsman,NO,BAL,LB,tackles,3.1,1.1,5.5,0.9103367176427706,0.7649823584743258,eligible,eligible_current_role,recent_defensive_participant,,,direct,20260908_1821_tackles_direct,2026-09-20T12:24:48+00:00,2026-09-20T12:25:10+00:00
2026,2,401872938,2026-09-20,13:00,00-0040166,Quincy Riley,NO,BAL,DB,tackles,2.8,0.2,6.3,0.8897482449300312,0.7099609801936617,eligible,eligible_current_role,starter,Active,1.0,direct,20260908_1821_tackles_direct,2026-09-20T12:24:48+00:00,2026-09-20T12:25:10+00:00
2026,2,401872938,2026-09-20,13:00,00-0040202,Devin Neal,NO,BAL,RB,rushing_yards,22.2,0.2,53.1,,,eligible,eligible_current_role,roster_only,,,direct_component_blend,20260908_1821_rushing_yards_blend,2026-09-20T12:24:48+00:00,2026-09-20T12:25:10+00:00
2026,2,401872938,2026-09-20,13:00,00-0040202,Devin Neal,NO,BAL,RB,receiving_yards,7.8,-9.4,36.6,,,eligible,eligible_current_role,roster_only,,,direct_component_blend,20260908_1821_receiving_yards_blend,2026-09-20T12:24:48+00:00,2026-09-20T12:25:10+00:00
2026,2,401872938,2026-09-20,13:00,00-0040293,Michael Reid,NO,BAL,DB,tackles,1.4,0.0,5.4,0.6862254262822811,0.39516758829688575,eligible,eligible_current_role,backup,,2.0,direct,20260908_1821_tackles_direct,2026-09-20T12:24:48+00:00,2026-09-20T12:25:10+00:00
2026,2,401872938,2026-09-20,13:00,00-0040636,Keyon Martin,BAL,NO,DB,tackles,1.0,0.0,3.4,0.5170244082718894,0.23360858391442282,eligible,eligible_current_role,backup,,2.0,direct,20260908_1821_tackles_direct,2026-09-20T12:24:48+00:00,2026-09-20T12:25:10+00:00
2026,2,401872938,2026-09-20,13:00,00-0040642,Vernon Broughton,NO,BAL,DL,tackles,1.7,0.0,4.4,0.7571310135380834,0.4785149211961816,eligible,eligible_current_role,backup,,2.0,direct,20260908_1821_tackles_direct,2026-09-20T12:24:48+00:00,2026-09-20T12:25:10+00:00
2026,2,401872938,2026-09-20,13:00,00-0040643,Jonas Sanker,NO,BAL,DB,tackles,4.9,2.2,8.3,0.9798154469328815,0.9255530290793175,eligible,eligible_current_role,starter,Active,1.0,direct,20260908_1821_tackles_direct,2026-09-20T12:24:48+00:00,2026-09-20T12:25:10+00:00
2026,2,401872938,2026-09-20,13:00,00-0040688,Malaki Starks,BAL,NO,DB,tackles,5.1,2.4,8.6,0.9807596492069949,0.9344196430367164,eligible,eligible_current_role,starter,Active,1.0,direct,20260908_1821_tackles_direct,2026-09-20T12:24:48+00:00,2026-09-20T12:25:10+00:00
2026,2,401872938,2026-09-20,13:00,00-0040722,Mike Green,BAL,NO,LB,tackles,1.8,0.0,4.3,0.769870849582467,0.4942072747301177,eligible,eligible_current_role,backup,,2.0,direct,20260908_1821_tackles_direct,2026-09-20T12:24:48+00:00,2026-09-20T12:25:10+00:00
2026,2,401872938,2026-09-20,13:00,00-0040743,Tyler Shough,NO,BAL,QB,passing_yards,199.1,105.6,305.3,,,eligible,eligible_current_role,starter,Active,1.0,direct_component_blend,20260908_1821_passing_yards_blend,2026-09-20T12:24:48+00:00,2026-09-20T12:25:10+00:00
2026,2,401872938,2026-09-20,13:00,00-0040743,Tyler Shough,NO,BAL,QB,passing_tds,1.409,,,0.7771820095813764,0.39285714285714285,eligible,eligible_current_role,starter,Active,1.0,direct_component_blend,20260908_1821_passing_tds_blend,2026-09-20T12:24:48+00:00,2026-09-20T12:25:10+00:00
2026,2,401872938,2026-09-20,13:00,00-0040743,Tyler Shough,NO,BAL,QB,rushing_yards,13.8,1.0,31.7,,,eligible,eligible_current_role,starter,Active,1.0,direct_component_blend,20260908_1821_rushing_yards_blend,2026-09-20T12:24:48+00:00,2026-09-20T12:25:10+00:00
2026,2,401872938,2026-09-20,13:00,00-0040876,Elijah Sarratt,BAL,NO,WR,rushing_yards,0.1,-14.6,20.8,,,eligible,eligible_current_role,backup,Active,4.0,direct_component_blend,20260908_1821_rushing_yards_blend,2026-09-20T12:24:48+00:00,2026-09-20T12:25:10+00:00
2026,2,401872938,2026-09-20,13:00,00-0040876,Elijah Sarratt,BAL,NO,WR,receiving_yards,7.2,-15.4,47.8,,,eligible,eligible_current_role,backup,Active,4.0,direct_component_blend,20260908_1821_receiving_yards_blend,2026-09-20T12:24:48+00:00,2026-09-20T12:25:10+00:00
2026,2,401872938,2026-09-20,13:00,00-0040879,Matthew Hibner,BAL,NO,TE,rushing_yards,0.0,-14.8,20.6,,,eligible,eligible_current_role,backup,Active,3.0,direct_component_blend,20260908_1821_rushing_yards_blend,2026-09-20T12:24:48+00:00,2026-09-20T12:25:10+00:00
2026,2,401872938,2026-09-20,13:00,00-0040879,Matthew Hibner,BAL,NO,TE,receiving_yards,4.3,-18.4,44.8,,,eligible,eligible_current_role,backup,Active,3.0,direct_component_blend,20260908_1821_receiving_yards_blend,2026-09-20T12:24:48+00:00,2026-09-20T12:25:10+00:00
2026,2,401872938,2026-09-20,13:00,00-0040885,Chandler Rivers,BAL,NO,DB,tackles,1.9,0.0,5.8,0.7768189917409581,0.5030908937004741,eligible,eligible_current_role,backup,Active,3.0,direct,20260908_1821_tackles_direct,2026-09-20T12:24:48+00:00,2026-09-20T12:25:10+00:00
2026,2,401872938,2026-09-20,13:00,00-0040887,Josh Cuevas,BAL,NO,TE,rushing_yards,0.0,-14.8,20.7,,,eligible,eligible_current_role,backup,,4.0,direct_component_blend,20260908_1821_rushing_yards_blend,2026-09-20T12:24:48+00:00,2026-09-20T12:25:10+00:00
2026,2,401872938,2026-09-20,13:00,00-0040887,Josh Cuevas,BAL,NO,TE,receiving_yards,4.0,-18.7,44.5,,,eligible,eligible_current_role,backup,,4.0,direct_component_blend,20260908_1821_receiving_yards_blend,2026-09-20T12:24:48+00:00,2026-09-20T12:25:10+00:00
2026,2,401872938,2026-09-20,13:00,00-0040978,Ethan Burke,BAL,NO,LB,tackles,1.2,0.0,4.8,0.5745422484541455,0.2839167514360453,eligible,eligible_current_role,backup,,3.0,direct,20260908_1821_tackles_direct,2026-09-20T12:24:48+00:00,2026-09-20T12:25:10+00:00
2026,2,401872938,2026-09-20,13:00,00-0040981,Joe Fagnano,BAL,NO,QB,rushing_yards,9.6,-7.9,34.3,,,eligible,eligible_current_role,backup,Active,3.0,direct_component_blend,20260908_1821_rushing_yards_blend,2026-09-20T12:24:48+00:00,2026-09-20T12:25:10+00:00
2026,2,401872938,2026-09-20,13:00,00-0041041,Oscar Delp,NO,BAL,TE,rushing_yards,0.0,-14.8,20.6,,,eligible,questionable_flag,backup,Questionable,3.0,direct_component_blend,20260908_1821_rushing_yards_blend,2026-09-20T12:24:48+00:00,2026-09-20T12:25:10+00:00
2026,2,401872938,2026-09-20,13:00,00-0041041,Oscar Delp,NO,BAL,TE,receiving_yards,3.7,-18.9,44.3,,,eligible,questionable_flag,backup,Questionable,3.0,direct_component_blend,20260908_1821_receiving_yards_blend,2026-09-20T12:24:48+00:00,2026-09-20T12:25:10+00:00
2026,2,401872938,2026-09-20,13:00,00-0041067,Bryce Lance,NO,BAL,WR,rushing_yards,0.0,-14.8,20.6,,,eligible,eligible_current_role,backup,Active,4.0,direct_component_blend,20260908_1821_rushing_yards_blend,2026-09-20T12:24:48+00:00,2026-09-20T12:25:10+00:00
2026,2,401872938,2026-09-20,13:00,00-0041067,Bryce Lance,NO,BAL,WR,receiving_yards,6.6,-16.1,47.2,,,eligible,eligible_current_role,backup,Active,4.0,direct_component_blend,20260908_1821_receiving_yards_blend,2026-09-20T12:24:48+00:00,2026-09-20T12:25:10+00:00
2026,2,401872938,2026-09-20,13:00,00-0041099,Barion Brown,NO,BAL,WR,rushing_yards,0.7,-14.0,21.4,,,eligible,eligible_current_role,backup,,3.0,direct_component_blend,20260908_1821_rushing_yards_blend,2026-09-20T12:24:48+00:00,2026-09-20T12:25:10+00:00
2026,2,401872938,2026-09-20,13:00,00-0041099,Barion Brown,NO,BAL,WR,receiving_yards,5.7,-17.0,46.2,,,eligible,eligible_current_role,backup,,3.0,direct_component_blend,20260908_1821_receiving_yards_blend,2026-09-20T12:24:48+00:00,2026-09-20T12:25:10+00:00
2026,2,401872938,2026-09-20,13:00,00-0041326,CJ Donaldson,NO,BAL,RB,rushing_yards,11.6,-18.6,54.1,,,eligible,eligible_current_role,roster_only,,,direct_component_blend,20260908_1821_rushing_yards_blend,2026-09-20T12:24:48+00:00,2026-09-20T12:25:10+00:00
2026,2,401872938,2026-09-20,13:00,00-0041326,CJ Donaldson,NO,BAL,RB,receiving_yards,4.1,-18.6,44.6,,,eligible,eligible_current_role,roster_only,,,direct_component_blend,20260908_1821_receiving_yards_blend,2026-09-20T12:24:48+00:00,2026-09-20T12:25:10+00:00
2026,2,401872938,2026-09-20,13:00,00-0041390,Christen Miller,NO,BAL,DL,tackles,1.2,0.0,4.7,0.5677189386066305,0.27732599884011844,eligible,eligible_current_role,backup,,3.0,direct,20260908_1821_tackles_direct,2026-09-20T12:24:48+00:00,2026-09-20T12:25:10+00:00
2026,2,401872938,2026-09-20,13:00,00-0041494,Zion Young,BAL,NO,LB,tackles,1.5,0.0,5.0,0.7046516864155555,0.41580677506973857,eligible,eligible_current_role,backup,,2.0,direct,20260908_1821_tackles_direct,2026-09-20T12:24:48+00:00,2026-09-20T12:25:10+00:00
2026,2,401872939,2026-09-20,12:00,00-0027973,Andy Dalton,PHI,TEN,QB,rushing_yards,4.9,-5.9,19.9,,,eligible,eligible_current_role,backup,,2.0,direct_component_blend,20260908_1821_rushing_yards_blend,2026-09-20T12:24:48+00:00,2026-09-20T12:25:10+00:00
2026,2,401872939,2026-09-20,12:00,00-0032580,Jonathan Jones,PHI,TEN,DB,tackles,3.8,1.2,7.3,0.946267588898409,0.8417568423010193,eligible,eligible_current_role,backup,Active,2.0,direct,20260908_1821_tackles_direct,2026-09-20T12:24:48+00:00,2026-09-20T12:25:10+00:00
2026,2,401872939,2026-09-20,12:00,00-0033246,Johnny Mundt,PHI,TEN,TE,rushing_yards,0.0,-10.8,15.0,,,eligible,eligible_current_role,backup,,2.0,direct_component_blend,20260908_1821_rushing_yards_blend,2026-09-20T12:24:48+00:00,2026-09-20T12:25:10+00:00
2026,2,401872939,2026-09-20,12:00,00-0033246,Johnny Mundt,PHI,TEN,TE,receiving_yards,9.3,-7.9,38.1,,,eligible,eligible_current_role,backup,,2.0,direct_component_blend,20260908_1821_receiving_yards_blend,2026-09-20T12:24:48+00:00,2026-09-20T12:25:10+00:00
2026,2,401872939,2026-09-20,12:00,00-0033787,Jake Elliott,PHI,TEN,K,kicking_points,7.2,2.1,13.0,,,eligible,eligible_current_role,starter,Active,1.0,component,20260908_1821_kicking_points_component,2026-09-20T12:24:48+00:00,2026-09-20T12:25:10+00:00
2026,2,401872939,2026-09-20,12:00,00-0033869,Mitchell Trubisky,TEN,PHI,QB,rushing_yards,5.4,-5.3,20.5,,,eligible,eligible_current_role,backup,Active,2.0,direct_component_blend,20260908_1821_rushing_yards_blend,2026-09-20T12:24:48+00:00,2026-09-20T12:25:10+00:00
2026,2,401872939,2026-09-20,12:00,00-0033870,Solomon Thomas,TEN,PHI,DL,tackles,1.2,0.0,3.7,0.5736429646806662,0.2830395661179615,eligible,eligible_current_role,backup,,2.0,direct,20260908_1821_tackles_direct,2026-09-20T12:24:48+00:00,2026-09-20T12:25:10+00:00
2026,2,401872939,2026-09-20,12:00,00-0034163,Jacob Martin,TEN,PHI,DL,tackles,2.1,0.0,4.9,0.8209025685166917,0.5735962327478795,eligible,eligible_current_role,backup,,2.0,direct,20260908_1821_tackles_direct,2026-09-20T12:24:48+00:00,2026-09-20T12:25:10+00:00
2026,2,401872939,2026-09-20,12:00,00-0034351,Dallas Goedert,PHI,TEN,TE,rushing_yards,0.0,-10.7,15.1,,,eligible,eligible_current_role,starter,Active,1.0,direct_component_blend,20260908_1821_rushing_yards_blend,2026-09-20T12:24:48+00:00,2026-09-20T12:25:10+00:00
2026,2,401872939,2026-09-20,12:00,00-0034351,Dallas Goedert,PHI,TEN,TE,receiving_yards,50.5,30.8,84.7,,,eligible,eligible_current_role,starter,Active,1.0,direct_component_blend,20260908_1821_receiving_yards_blend,2026-09-20T12:24:48+00:00,2026-09-20T12:25:10+00:00
2026,2,401872939,2026-09-20,12:00,00-0034805,John Franklin-Myers,TEN,PHI,DL,tackles,1.3,0.0,3.8,0.6091584399446888,0.3164092418075115,eligible,eligible_current_role,starter,,1.0,direct,20260908_1821_tackles_direct,2026-09-20T12:24:48+00:00,2026-09-20T12:25:10+00:00
2026,2,401872939,2026-09-20,12:00,00-0034837,Calvin Ridley,TEN,PHI,WR,rushing_yards,0.1,-10.7,15.1,,,eligible,eligible_current_role,backup,Active,3.0,direct_component_blend,20260908_1821_rushing_yards_blend,2026-09-20T12:24:48+00:00,2026-09-20T12:25:10+00:00
2026,2,401872939,2026-09-20,12:00,00-0034837,Calvin Ridley,TEN,PHI,WR,receiving_yards,27.2,0.6,76.4,,,eligible,eligible_current_role,backup,Active,3.0,direct_component_blend,20260908_1821_receiving_yards_blend,2026-09-20T12:24:48+00:00,2026-09-20T12:25:10+00:00
2026,2,401872939,2026-09-20,12:00,00-0034844,Saquon Barkley,PHI,TEN,RB,rushing_yards,62.3,40.3,93.2,,,eligible,eligible_current_role,starter,Active,1.0,direct_component_blend,20260908_1821_rushing_yards_blend,2026-09-20T12:24:48+00:00,2026-09-20T12:25:10+00:00
2026,2,401872939,2026-09-20,12:00,00-0034844,Saquon Barkley,PHI,TEN,RB,receiving_yards,11.7,-5.4,40.6,,,eligible,eligible_current_role,starter,Active,1.0,direct_component_blend,20260908_1821_receiving_yards_blend,2026-09-20T12:24:48+00:00,2026-09-20T12:25:10+00:00
2026,2,401872939,2026-09-20,12:00,00-0034993,Marcus Epps,PHI,TEN,DB,tackles,4.6,1.9,8.1,0.9751967944459858,0.9113806676373218,eligible,eligible_current_role,starter,Active,1.0,direct,20260908_1821_tackles_direct,2026-09-20T12:24:48+00:00,2026-09-20T12:25:10+00:00
2026,2,401872939,2026-09-20,12:00,00-0035192,Joey Slye,TEN,PHI,K,kicking_points,7.4,2.8,12.6,,,eligible,eligible_current_role,starter,Active,1.0,component,20260908_1821_kicking_points_component,2026-09-20T12:24:48+00:00,2026-09-20T12:25:10+00:00
2026,2,401872939,2026-09-20,12:00,00-0035261,Tony Pollard,TEN,PHI,RB,rushing_yards,57.7,35.7,88.6,,,eligible,eligible_current_role,starter,Active,1.0,direct_component_blend,20260908_1821_rushing_yards_blend,2026-09-20T12:24:48+00:00,2026-09-20T12:25:10+00:00
2026,2,401872939,2026-09-20,12:00,00-0035261,Tony Pollard,TEN,PHI,RB,receiving_yards,9.5,-7.7,38.3,,,eligible,eligible_current_role,starter,Active,1.0,direct_component_blend,20260908_1821_receiving_yards_blend,2026-09-20T12:24:48+00:00,2026-09-20T12:25:10+00:00
2026,2,401872939,2026-09-20,12:00,00-0035632,Amani Hooker,TEN,PHI,DB,tackles,4.8,2.1,8.3,0.9789901006272784,0.9218966860286941,eligible,eligible_current_role,starter,Active,1.0,direct,20260908_1821_tackles_direct,2026-09-20T12:24:48+00:00,2026-09-20T12:25:10+00:00
2026,2,401872939,2026-09-20,12:00,00-0035643,Jeffery Simmons,TEN,PHI,DL,tackles,3.5,1.3,6.2,0.9299180362960829,0.8112774517262431,eligible,eligible_current_role,starter,,1.0,direct,20260908_1821_tackles_direct,2026-09-20T12:24:48+00:00,2026-09-20T12:25:10+00:00
2026,2,401872939,2026-09-20,12:00,00-0035662,Marquise Brown,PHI,TEN,WR,rushing_yards,0.0,-10.8,15.0,,,eligible,eligible_current_role,backup,Active,5.0,direct_component_blend,20260908_1821_rushing_yards_blend,2026-09-20T12:24:48+00:00,2026-09-20T12:25:10+00:00
2026,2,401872939,2026-09-20,12:00,00-0035662,Marquise Brown,PHI,TEN,WR,receiving_yards,23.3,6.1,52.1,,,eligible,eligible_current_role,backup,Active,5.0,direct_component_blend,20260908_1821_receiving_yards_blend,2026-09-20T12:24:48+00:00,2026-09-20T12:25:10+00:00
2026,2,401872939,2026-09-20,12:00,00-0035672,Cody Barton,TEN,PHI,LB,tackles,5.1,2.0,9.0,0.9805657029994281,0.9325685665780061,eligible,eligible_current_role,starter,,1.0,direct,20260908_1821_tackles_direct,2026-09-20T12:24:48+00:00,2026-09-20T12:25:10+00:00
2026,2,401872939,2026-09-20,12:00,00-0036192,A.J. Epenesa,PHI,TEN,DL,tackles,1.5,0.0,4.0,0.728290616090312,0.443425863271243,eligible,eligible_current_role,backup,,2.0,direct,20260908_1821_tackles_direct,2026-09-20T12:24:48+00:00,2026-09-20T12:25:10+00:00
2026,2,401872939,2026-09-20,12:00,00-0036224,Jonathan Greenard,PHI,TEN,LB,tackles,2.2,0.2,4.7,0.8237110682696559,0.5785130111298038,eligible,questionable_flag,starter,Questionable,1.0,direct,20260908_1821_tackles_direct,2026-09-20T12:24:48+00:00,2026-09-20T12:25:10+00:00
2026,2,401872939,2026-09-20,12:00,00-0036266,Jordan Elliott,TEN,PHI,DL,tackles,1.7,0.0,4.2,0.7606276987625964,0.482747865376228,eligible,eligible_current_role,starter,,1.0,direct,20260908_1821_tackles_direct,2026-09-20T12:24:48+00:00,2026-09-20T12:25:10+00:00
2026,2,401872939,2026-09-20,12:00,00-0036389,Jalen Hurts,PHI,TEN,QB,passing_yards,200.1,106.6,306.3,,,eligible,eligible_current_role,starter,Active,1.0,direct_component_blend,20260908_1821_passing_yards_blend,2026-09-20T12:24:48+00:00,2026-09-20T12:25:10+00:00
2026,2,401872939,2026-09-20,12:00,00-0036389,Jalen Hurts,PHI,TEN,QB,passing_tds,1.188,,,0.6547619047619048,0.39285714285714285,eligible,eligible_current_role,starter,Active,1.0,direct_component_blend,20260908_1821_passing_tds_blend,2026-09-20T12:24:48+00:00,2026-09-20T12:25:10+00:00
2026,2,401872939,2026-09-20,12:00,00-0036389,Jalen Hurts,PHI,TEN,QB,rushing_yards,25.4,12.6,43.3,,,eligible,eligible_current_role,starter,Active,1.0,direct_component_blend,20260908_1821_rushing_yards_blend,2026-09-20T12:24:48+00:00,2026-09-20T12:25:10+00:00
2026,2,401872939,2026-09-20,12:00,00-0036418,Zack Baun,PHI,TEN,LB,tackles,6.7,3.8,10.8,0.983495145631068,0.9631067961165048,eligible,eligible_current_role,recent_defensive_participant,Active,,direct,20260908_1821_tackles_direct,2026-09-20T12:24:48+00:00,2026-09-20T12:25:10+00:00
2026,2,401872939,2026-09-20,12:00,00-0036421,Terrell Burgess,TEN,PHI,DB,tackles,1.2,0.0,3.7,0.5729232238789043,0.282339394556713,eligible,eligible_current_role,backup,,3.0,direct,20260908_1821_tackles_direct,2026-09-20T12:24:48+00:00,2026-09-20T12:25:10+00:00
2026,2,401872939,2026-09-20,12:00,00-0036501,Michael Carter II,PHI,TEN,DB,tackles,1.9,0.0,4.4,0.7792987571921259,0.5063198773563449,eligible,eligible_current_role,backup,,2.0,direct,20260908_1821_tackles_direct,2026-09-20T12:24:48+00:00,2026-09-20T12:25:10+00:00
2026,2,401872939,2026-09-20,12:00,00-0036876,Kylen Granson,TEN,PHI,TE,rushing_yards,0.0,-10.8,15.0,,,eligible,eligible_current_role,backup,,3.0,direct_component_blend,20260908_1821_rushing_yards_blend,2026-09-20T12:24:48+00:00,2026-09-20T12:25:10+00:00
2026,2,401872939,2026-09-20,12:00,00-0036876,Kylen Granson,TEN,PHI,TE,receiving_yards,6.0,-11.2,34.8,,,eligible,eligible_current_role,backup,,3.0,direct_component_blend,20260908_1821_receiving_yards_blend,2026-09-20T12:24:48+00:00,2026-09-20T12:25:10+00:00
2026,2,401872939,2026-09-20,12:00,00-0036912,DeVonta Smith,PHI,TEN,WR,rushing_yards,0.0,-10.8,15.0,,,eligible,eligible_current_role,starter,Active,1.0,direct_component_blend,20260908_1821_rushing_yards_blend,2026-09-20T12:24:48+00:00,2026-09-20T12:25:10+00:00
2026,2,401872939,2026-09-20,12:00,00-0036912,DeVonta Smith,PHI,TEN,WR,receiving_yards,54.2,27.6,103.4,,,eligible,eligible_current_role,starter,Active,1.0,direct_component_blend,20260908_1821_receiving_yards_blend,2026-09-20T12:24:48+00:00,2026-09-20T12:25:10+00:00
2026,2,401872939,2026-09-20,12:00,00-0036980,Elijah Moore,PHI,TEN,WR,rushing_yards,0.6,-10.1,15.6,,,eligible,eligible_current_role,backup,Active,6.0,direct_component_blend,20260908_1821_rushing_yards_blend,2026-09-20T12:24:48+00:00,2026-09-20T12:25:10+00:00
2026,2,401872939,2026-09-20,12:00,00-0036980,Elijah Moore,PHI,TEN,WR,receiving_yards,10.5,-6.7,39.3,,,eligible,eligible_current_role,backup,Active,6.0,direct_component_blend,20260908_1821_receiving_yards_blend,2026-09-20T12:24:48+00:00,2026-09-20T12:25:10+00:00
2026,2,401872939,2026-09-20,12:00,00-0037073,Jordan Davis,PHI,TEN,DL,tackles,3.3,1.3,5.7,0.9202933330065264,0.7943104634488782,eligible,eligible_current_role,starter,,1.0,direct,20260908_1821_tackles_direct,2026-09-20T12:24:48+00:00,2026-09-20T12:25:10+00:00
2026,2,401872939,2026-09-20,12:00,00-0037079,Riq Woolen,PHI,TEN,DB,tackles,2.9,0.8,5.7,0.8996972293649833,0.735720098452326,eligible,eligible_current_role,starter,,1.0,direct,20260908_1821_tackles_direct,2026-09-20T12:24:48+00:00,2026-09-20T12:25:10+00:00
2026,2,401872939,2026-09-20,12:00,00-0037132,Britain Covey,PHI,TEN,WR,rushing_yards,0.0,-10.7,15.1,,,eligible,eligible_current_role,backup,Active,7.0,direct_component_blend,20260908_1821_rushing_yards_blend,2026-09-20T12:24:48+00:00,2026-09-20T12:25:10+00:00
2026,2,401872939,2026-09-20,12:00,00-0037132,Britain Covey,PHI,TEN,WR,receiving_yards,0.3,-16.8,29.1,,,eligible,eligible_current_role,backup,Active,7.0,direct_component_blend,20260908_1821_receiving_yards_blend,2026-09-20T12:24:48+00:00,2026-09-20T12:25:10+00:00
2026,2,401872939,2026-09-20,12:00,00-0037155,Tony Adams,TEN,PHI,DB,tackles,3.9,1.7,6.6,0.9491946969284999,0.8475633529585322,eligible,eligible_current_role,backup,,2.0,direct,20260908_1821_tackles_direct,2026-09-20T12:24:48+00:00,2026-09-20T12:25:10+00:00
2026,2,401872939,2026-09-20,12:00,00-0037594,Julius Chestnut,TEN,PHI,RB,rushing_yards,2.2,-8.5,17.2,,,eligible,eligible_current_role,backup,,3.0,direct_component_blend,20260908_1821_rushing_yards_blend,2026-09-20T12:24:48+00:00,2026-09-20T12:25:10+00:00
2026,2,401872939,2026-09-20,12:00,00-0037594,Julius Chestnut,TEN,PHI,RB,receiving_yards,0.0,-17.2,28.8,,,eligible,eligible_current_role,backup,,3.0,direct_component_blend,20260908_1821_receiving_yards_blend,2026-09-20T12:24:48+00:00,2026-09-20T12:25:10+00:00
2026,2,401872939,2026-09-20,12:00,00-0037663,Jermaine Johnson II,TEN,PHI,LB,tackles,2.6,0.7,5.1,0.8770310677604714,0.6816965861438858,eligible,eligible_current_role,starter,,1.0,direct,20260908_1821_tackles_direct,2026-09-20T12:24:48+00:00,2026-09-20T12:25:10+00:00
2026,2,401872939,2026-09-20,12:00,00-0037758,Cordale Flott,TEN,PHI,DB,tackles,2.7,0.1,6.3,0.8879362417054372,0.705824971280289,eligible,eligible_current_role,starter,,1.0,direct,20260908_1821_tackles_direct,2026-09-20T12:24:48+00:00,2026-09-20T12:25:10+00:00
2026,2,401872939,2026-09-20,12:00,00-0038115,Daniel Bellinger,TEN,PHI,TE,rushing_yards,0.0,-10.8,15.0,,,eligible,eligible_current_role,backup,Active,2.0,direct_component_blend,20260908_1821_rushing_yards_blend,2026-09-20T12:24:48+00:00,2026-09-20T12:25:10+00:00
2026,2,401872939,2026-09-20,12:00,00-0038115,Daniel Bellinger,TEN,PHI,TE,receiving_yards,24.0,6.8,52.8,,,eligible,eligible_current_role,backup,Active,2.0,direct_component_blend,20260908_1821_receiving_yards_blend,2026-09-20T12:24:48+00:00,2026-09-20T12:25:10+00:00
2026,2,401872939,2026-09-20,12:00,00-0038116,Arnold Ebiketie,PHI,TEN,LB,tackles,1.2,0.0,3.7,0.570727315756262,0.28021348670492446,eligible,eligible_current_role,backup,,3.0,direct,20260908_1821_tackles_direct,2026-09-20T12:24:48+00:00,2026-09-20T12:25:10+00:00
2026,2,401872939,2026-09-20,12:00,00-0038117,Wan'Dale Robinson,TEN,PHI,WR,rushing_yards,0.1,-10.6,15.1,,,eligible,eligible_current_role,backup,Active,2.0,direct_component_blend,20260908_1821_rushing_yards_blend,2026-09-20T12:24:48+00:00,2026-09-20T12:25:10+00:00
2026,2,401872939,2026-09-20,12:00,00-0038117,Wan'Dale Robinson,TEN,PHI,WR,receiving_yards,36.8,10.2,86.0,,,eligible,eligible_current_role,backup,Active,2.0,direct_component_blend,20260908_1821_receiving_yards_blend,2026-09-20T12:24:48+00:00,2026-09-20T12:25:10+00:00
2026,2,401872939,2026-09-20,12:00,00-0038121,Alontae Taylor,TEN,PHI,DB,tackles,5.0,2.3,8.5,0.9804851818690412,0.93180480603955,eligible,eligible_current_role,starter,,1.0,direct,20260908_1821_tackles_direct,2026-09-20T12:24:48+00:00,2026-09-20T12:25:10+00:00
2026,2,401872939,2026-09-20,12:00,00-0038386,Jalen Carter,PHI,TEN,DL,tackles,2.3,0.2,5.1,0.8433716430759428,0.6141633996151586,eligible,questionable_flag,starter,Questionable,1.0,direct,20260908_1821_tackles_direct,2026-09-20T12:24:48+00:00,2026-09-20T12:25:10+00:00
2026,2,401872939,2026-09-20,12:00,00-0038393,Dontayvion Wicks,PHI,TEN,WR,rushing_yards,0.0,-10.8,15.0,,,eligible,eligible_current_role,backup,Active,2.0,direct_component_blend,20260908_1821_rushing_yards_blend,2026-09-20T12:24:48+00:00,2026-09-20T12:25:10+00:00
2026,2,401872939,2026-09-20,12:00,00-0038393,Dontayvion Wicks,PHI,TEN,WR,receiving_yards,15.4,-1.8,44.2,,,eligible,eligible_current_role,backup,Active,2.0,direct_component_blend,20260908_1821_receiving_yards_blend,2026-09-20T12:24:48+00:00,2026-09-20T12:25:10+00:00
2026,2,401872939,2026-09-20,12:00,00-0038400,Tanner McKee,PHI,TEN,QB,rushing_yards,3.5,-7.2,18.6,,,eligible,eligible_current_role,backup,Active,3.0,direct_component_blend,20260908_1821_rushing_yards_blend,2026-09-20T12:24:48+00:00,2026-09-20T12:25:10+00:00
2026,2,401872939,2026-09-20,12:00,00-0038407,Jaylon Jones,TEN,PHI,DB,tackles,1.3,0.0,3.8,0.6165353263773515,0.3234587565929152,eligible,eligible_current_role,backup,,2.0,direct,20260908_1821_tackles_direct,2026-09-20T12:24:48+00:00,2026-09-20T12:25:10+00:00
2026,2,401872939,2026-09-20,12:00,00-0038412,Moro Ojomo,PHI,TEN,DL,tackles,2.1,0.1,4.9,0.8230697260424227,0.5773865260196127,eligible,eligible_current_role,starter,,1.0,direct,20260908_1821_tackles_direct,2026-09-20T12:24:48+00:00,2026-09-20T12:25:10+00:00
2026,2,401872939,2026-09-20,12:00,00-0038498,E.J. Jenkins,PHI,TEN,TE,rushing_yards,0.0,-11.9,16.5,,,eligible,eligible_current_role,backup,,3.0,direct_component_blend,20260908_1821_rushing_yards_blend,2026-09-20T12:24:48+00:00,2026-09-20T12:25:10+00:00
2026,2,401872939,2026-09-20,12:00,00-0038498,E.J. Jenkins,PHI,TEN,TE,receiving_yards,3.8,-14.8,35.8,,,eligible,eligible_current_role,backup,,3.0,direct_component_blend,20260908_1821_receiving_yards_blend,2026-09-20T12:24:48+00:00,2026-09-20T12:25:10+00:00
2026,2,401872939,2026-09-20,12:00,00-0038514,Truman Jones,TEN,PHI,DL,tackles,1.1,0.0,3.6,0.5632663438555026,0.27310472165037464,eligible,eligible_current_role,backup,,3.0,direct,20260908_1821_tackles_direct,2026-09-20T12:24:48+00:00,2026-09-20T12:25:10+00:00
2026,2,401872939,2026-09-20,12:00,00-0038555,Tank Bigsby,PHI,TEN,RB,rushing_yards,11.9,-10.1,42.8,,,eligible,eligible_current_role,backup,Active,2.0,direct_component_blend,20260908_1821_rushing_yards_blend,2026-09-20T12:24:48+00:00,2026-09-20T12:25:10+00:00
2026,2,401872939,2026-09-20,12:00,00-0038555,Tank Bigsby,PHI,TEN,RB,receiving_yards,1.8,-15.4,30.6,,,eligible,eligible_current_role,backup,Active,2.0,direct_component_blend,20260908_1821_receiving_yards_blend,2026-09-20T12:24:48+00:00,2026-09-20T12:25:10+00:00
2026,2,401872939,2026-09-20,12:00,00-0038600,Owen Pappoe,TEN,PHI,LB,tackles,1.0,0.0,3.4,0.5315255456341786,0.24516355317995137,eligible,eligible_current_role,backup,Active,2.0,direct,20260908_1821_tackles_direct,2026-09-20T12:24:48+00:00,2026-09-20T12:25:10+00:00
2026,2,401872939,2026-09-20,12:00,00-0038978,Byron Young,PHI,TEN,DL,tackles,1.6,0.0,4.1,0.7540380666643267,0.47481590520314754,eligible,eligible_current_role,backup,,2.0,direct,20260908_1821_tackles_direct,2026-09-20T12:24:48+00:00,2026-09-20T12:25:10+00:00
2026,2,401872939,2026-09-20,12:00,00-0039013,Nolan Smith,PHI,TEN,LB,tackles,2.5,0.6,5.0,0.867152076914166,0.660896991688735,eligible,eligible_current_role,starter,,1.0,direct,20260908_1821_tackles_direct,2026-09-20T12:24:48+00:00,2026-09-20T12:25:10+00:00
2026,2,401872939,2026-09-20,12:00,00-0039032,Tyjae Spears,TEN,PHI,RB,rushing_yards,20.7,-1.3,51.6,,,eligible,eligible_current_role,backup,Active,2.0,direct_component_blend,20260908_1821_rushing_yards_blend,2026-09-20T12:24:48+00:00,2026-09-20T12:25:10+00:00
2026,2,401872939,2026-09-20,12:00,00-0039032,Tyjae Spears,TEN,PHI,RB,receiving_yards,17.8,0.6,46.6,,,eligible,eligible_current_role,backup,Active,2.0,direct_component_blend,20260908_1821_receiving_yards_blend,2026-09-20T12:24:48+00:00,2026-09-20T12:25:10+00:00
2026,2,401872939,2026-09-20,12:00,00-0039140,Kelee Ringo,PHI,TEN,DB,tackles,1.1,0.0,3.6,0.5651094785816413,0.2748445703095041,eligible,eligible_current_role,backup,,2.0,direct,20260908_1821_tackles_direct,2026-09-20T12:24:48+00:00,2026-09-20T12:25:10+00:00
2026,2,401872939,2026-09-20,12:00,00-0039430,James Williams,TEN,PHI,LB,tackles,1.2,0.0,3.7,0.5754136533999296,0.2847692439092565,eligible,questionable_flag,starter,Questionable,1.0,direct,20260908_1821_tackles_direct,2026-09-20T12:24:48+00:00,2026-09-20T12:25:10+00:00
2026,2,401872939,2026-09-20,12:00,00-0039648,David Martin-Robinson,TEN,PHI,TE,rushing_yards,0.0,-10.8,15.0,,,eligible,eligible_current_role,backup,,4.0,direct_component_blend,20260908_1821_rushing_yards_blend,2026-09-20T12:24:48+00:00,2026-09-20T12:25:10+00:00
2026,2,401872939,2026-09-20,12:00,00-0039648,David Martin-Robinson,TEN,PHI,TE,receiving_yards,3.1,-14.0,31.9,,,eligible,eligible_current_role,backup,,4.0,direct_component_blend,20260908_1821_receiving_yards_blend,2026-09-20T12:24:48+00:00,2026-09-20T12:25:10+00:00
2026,2,401872939,2026-09-20,12:00,00-0039740,Jalyx Hunt,PHI,TEN,LB,tackles,3.1,1.1,5.5,0.9081658257233772,0.7588517071320942,eligible,eligible_current_role,backup,,2.0,direct,20260908_1821_tackles_direct,2026-09-20T12:24:48+00:00,2026-09-20T12:25:10+00:00
2026,2,401872939,2026-09-20,12:00,00-0039746,Will Shipley,PHI,TEN,RB,rushing_yards,4.8,-5.9,19.9,,,eligible,eligible_current_role,backup,Active,3.0,direct_component_blend,20260908_1821_rushing_yards_blend,2026-09-20T12:24:48+00:00,2026-09-20T12:25:10+00:00
2026,2,401872939,2026-09-20,12:00,00-0039746,Will Shipley,PHI,TEN,RB,receiving_yards,2.6,-14.6,31.4,,,eligible,eligible_current_role,backup,Active,3.0,direct_component_blend,20260908_1821_receiving_yards_blend,2026-09-20T12:24:48+00:00,2026-09-20T12:25:10+00:00
2026,2,401872939,2026-09-20,12:00,00-0039841,Cooper DeJean,PHI,TEN,DB,tackles,5.0,2.3,8.4,0.9803039566779954,0.9300957010639078,eligible,questionable_flag,starter,Questionable,1.0,direct,20260908_1821_tackles_direct,2026-09-20T12:24:48+00:00,2026-09-20T12:25:10+00:00
2026,2,401872939,2026-09-20,12:00,00-0039858,Cedric Gray,TEN,PHI,LB,tackles,7.8,5.9,12.9,0.983495145631068,0.9631067961165048,eligible,questionable_flag,starter,Questionable,1.0,direct,20260908_1821_tackles_direct,2026-09-20T12:24:48+00:00,2026-09-20T12:25:10+00:00
2026,2,401872939,2026-09-20,12:00,00-0039888,Quinyon Mitchell,PHI,TEN,DB,tackles,3.2,0.6,6.7,0.9161159108053879,0.7817488978454945,eligible,eligible_current_role,starter,,1.0,direct,20260908_1821_tackles_direct,2026-09-20T12:24:48+00:00,2026-09-20T12:25:10+00:00
2026,2,401872939,2026-09-20,12:00,00-0040020,Micah Robinson,TEN,PHI,DB,tackles,0.7,0.0,3.2,0.4040509751346687,0.1293668702710138,eligible,eligible_current_role,backup,,2.0,direct,20260908_1821_tackles_direct,2026-09-20T12:24:48+00:00,2026-09-20T12:25:10+00:00
2026,2,401872939,2026-09-20,12:00,00-0040024,Darius Cooper,PHI,TEN,WR,rushing_yards,0.0,-10.8,15.0,,,eligible,eligible_current_role,backup,,4.0,direct_component_blend,20260908_1821_rushing_yards_blend,2026-09-20T12:24:48+00:00,2026-09-20T12:25:10+00:00
2026,2,401872939,2026-09-20,12:00,00-0040024,Darius Cooper,PHI,TEN,WR,receiving_yards,7.5,-9.7,36.3,,,eligible,eligible_current_role,backup,,4.0,direct_component_blend,20260908_1821_receiving_yards_blend,2026-09-20T12:24:48+00:00,2026-09-20T12:25:10+00:00
2026,2,401872939,2026-09-20,12:00,00-0040041,Nazir Stackhouse,TEN,PHI,DL,tackles,0.8,0.0,3.3,0.4478935774800896,0.18400966203949404,eligible,eligible_current_role,backup,,3.0,direct,20260908_1821_tackles_direct,2026-09-20T12:24:48+00:00,2026-09-20T12:25:10+00:00
2026,2,401872939,2026-09-20,12:00,00-0040071,Mac McWilliams,PHI,TEN,DB,tackles,1.2,0.0,4.0,0.5728097798287564,0.28222918735383185,eligible,eligible_current_role,backup,,2.0,direct,20260908_1821_tackles_direct,2026-09-20T12:24:48+00:00,2026-09-20T12:25:10+00:00
2026,2,401872939,2026-09-20,12:00,00-0040141,Kevin Winston Jr.,TEN,PHI,DB,tackles,3.4,1.2,6.1,0.9267082995733306,0.8056222643552771,eligible,eligible_current_role,starter,Active,1.0,direct,20260908_1821_tackles_direct,2026-09-20T12:24:48+00:00,2026-09-20T12:25:10+00:00
2026,2,401872939,2026-09-20,12:00,00-0040170,Elic Ayomanor,TEN,PHI,WR,rushing_yards,0.0,-10.8,15.0,,,eligible,eligible_current_role,backup,Active,5.0,direct_component_blend,20260908_1821_rushing_yards_blend,2026-09-20T12:24:48+00:00,2026-09-20T12:25:10+00:00
2026,2,401872939,2026-09-20,12:00,00-0040170,Elic Ayomanor,TEN,PHI,WR,receiving_yards,29.6,2.9,78.8,,,eligible,eligible_current_role,backup,Active,5.0,direct_component_blend,20260908_1821_receiving_yards_blend,2026-09-20T12:24:48+00:00,2026-09-20T12:25:10+00:00
2026,2,401872939,2026-09-20,12:00,00-0040201,Marcus Harris,TEN,PHI,DB,tackles,2.6,0.1,6.2,0.8801256534781721,0.6884121785100561,eligible,eligible_current_role,starter,,1.0,direct,20260908_1821_tackles_direct,2026-09-20T12:24:48+00:00,2026-09-20T12:25:10+00:00
2026,2,401872939,2026-09-20,12:00,00-0040584,Gunnar Helm,TEN,PHI,TE,rushing_yards,0.0,-10.8,15.0,,,eligible,eligible_current_role,starter,Active,1.0,direct_component_blend,20260908_1821_rushing_yards_blend,2026-09-20T12:24:48+00:00,2026-09-20T12:25:10+00:00
2026,2,401872939,2026-09-20,12:00,00-0040584,Gunnar Helm,TEN,PHI,TE,receiving_yards,20.0,2.9,48.8,,,eligible,eligible_current_role,starter,Active,1.0,direct_component_blend,20260908_1821_receiving_yards_blend,2026-09-20T12:24:48+00:00,2026-09-20T12:25:10+00:00
2026,2,401872939,2026-09-20,12:00,00-0040662,Ty Robinson,PHI,TEN,DL,tackles,0.6,0.0,3.4,0.39088263821532493,0.11445198836081474,eligible,eligible_current_role,backup,,2.0,direct,20260908_1821_tackles_direct,2026-09-20T12:24:48+00:00,2026-09-20T12:25:10+00:00
2026,2,401872939,2026-09-20,12:00,00-0040676,Cam Ward,TEN,PHI,QB,passing_yards,197.0,103.5,303.2,,,eligible,eligible_current_role,starter,Active,1.0,direct_component_blend,20260908_1821_passing_yards_blend,2026-09-20T12:24:48+00:00,2026-09-20T12:25:10+00:00
2026,2,401872939,2026-09-20,12:00,00-0040676,Cam Ward,TEN,PHI,QB,passing_tds,1.234,,,0.6681544772279587,0.39285714285714285,eligible,eligible_current_role,starter,Active,1.0,direct_component_blend,20260908_1821_passing_tds_blend,2026-09-20T12:24:48+00:00,2026-09-20T12:25:10+00:00
2026,2,401872939,2026-09-20,12:00,00-0040676,Cam Ward,TEN,PHI,QB,rushing_yards,10.7,-2.1,28.6,,,eligible,eligible_current_role,starter,Active,1.0,direct_component_blend,20260908_1821_rushing_yards_blend,2026-09-20T12:24:48+00:00,2026-09-20T12:25:10+00:00
2026,2,401872939,2026-09-20,12:00,00-0040705,Chimere Dike,TEN,PHI,WR,rushing_yards,1.0,-9.7,16.1,,,eligible,eligible_current_role,backup,Active,4.0,direct_component_blend,20260908_1821_rushing_yards_blend,2026-09-20T12:24:48+00:00,2026-09-20T12:25:10+00:00
2026,2,401872939,2026-09-20,12:00,00-0040705,Chimere Dike,TEN,PHI,WR,receiving_yards,29.4,2.8,78.6,,,eligible,eligible_current_role,backup,Active,4.0,direct_component_blend,20260908_1821_receiving_yards_blend,2026-09-20T12:24:48+00:00,2026-09-20T12:25:10+00:00
2026,2,401872939,2026-09-20,12:00,00-0040708,Jihaad Campbell,PHI,TEN,LB,tackles,4.1,2.0,6.5,0.9573979253763595,0.8662959387308168,eligible,eligible_current_role,recent_defensive_participant,Active,,direct,20260908_1821_tackles_direct,2026-09-20T12:24:48+00:00,2026-09-20T12:25:10+00:00
2026,2,401872939,2026-09-20,12:00,00-0040749,Andrew Mukuba,PHI,TEN,DB,tackles,3.6,1.0,7.1,0.938315061694721,0.8265528649515947,eligible,eligible_current_role,starter,,1.0,direct,20260908_1821_tackles_direct,2026-09-20T12:24:48+00:00,2026-09-20T12:25:10+00:00
2026,2,401872939,2026-09-20,12:00,00-0040752,Oluwafemi Oladejo,TEN,PHI,LB,tackles,1.9,0.0,4.4,0.7800997898450116,0.507369660197262,eligible,eligible_current_role,backup,,3.0,direct,20260908_1821_tackles_direct,2026-09-20T12:24:48+00:00,2026-09-20T12:25:10+00:00
2026,2,401872939,2026-09-20,12:00,00-0040867,Makai Lemon,PHI,TEN,WR,rushing_yards,0.0,-14.8,20.6,,,eligible,eligible_current_role,backup,Active,3.0,direct_component_blend,20260908_1821_rushing_yards_blend,2026-09-20T12:24:48+00:00,2026-09-20T12:25:10+00:00
2026,2,401872939,2026-09-20,12:00,00-0040867,Makai Lemon,PHI,TEN,WR,receiving_yards,6.1,-16.6,46.7,,,eligible,eligible_current_role,backup,Active,3.0,direct_component_blend,20260908_1821_receiving_yards_blend,2026-09-20T12:24:48+00:00,2026-09-20T12:25:10+00:00
2026,2,401872939,2026-09-20,12:00,00-0040886,Nicholas Singleton,TEN,PHI,RB,rushing_yards,15.0,-15.3,57.5,,,eligible,eligible_current_role,backup,Active,4.0,direct_component_blend,20260908_1821_rushing_yards_blend,2026-09-20T12:24:48+00:00,2026-09-20T12:25:10+00:00
2026,2,401872939,2026-09-20,12:00,00-0040886,Nicholas Singleton,TEN,PHI,RB,receiving_yards,3.2,-19.5,43.7,,,eligible,eligible_current_role,backup,Active,4.0,direct_component_blend,20260908_1821_receiving_yards_blend,2026-09-20T12:24:48+00:00,2026-09-20T12:25:10+00:00
2026,2,401872939,2026-09-20,12:00,00-0040891,Cole Payton,PHI,TEN,QB,rushing_yards,9.1,-8.4,33.8,,,eligible,eligible_current_role,backup,Active,4.0,direct_component_blend,20260908_1821_rushing_yards_blend,2026-09-20T12:24:48+00:00,2026-09-20T12:25:10+00:00
2026,2,401872939,2026-09-20,12:00,00-0040892,Jackie Marshall,TEN,PHI,DL,tackles,1.2,0.0,4.7,0.5694071340513918,0.27894281375085106,eligible,eligible_current_role,backup,Active,2.0,direct,20260908_1821_tackles_direct,2026-09-20T12:24:48+00:00,2026-09-20T12:25:10+00:00
2026,2,401872939,2026-09-20,12:00,00-0041438,Carnell Tate,TEN,PHI,WR,rushing_yards,0.0,-14.8,20.6,,,eligible,eligible_current_role,starter,Active,1.0,direct_component_blend,20260908_1821_rushing_yards_blend,2026-09-20T12:24:48+00:00,2026-09-20T12:25:10+00:00
2026,2,401872939,2026-09-20,12:00,00-0041438,Carnell Tate,TEN,PHI,WR,receiving_yards,13.7,-9.0,54.2,,,eligible,eligible_current_role,starter,Active,1.0,direct_component_blend,20260908_1821_receiving_yards_blend,2026-09-20T12:24:48+00:00,2026-09-20T12:25:10+00:00
2026,2,401872939,2026-09-20,12:00,00-0041479,Anthony Hill Jr.,TEN,PHI,LB,tackles,1.7,0.0,5.2,0.7600048685655112,0.48198987497608864,eligible,eligible_current_role,backup,Active,2.0,direct,20260908_1821_tackles_direct,2026-09-20T12:24:48+00:00,2026-09-20T12:25:10+00:00
2026,2,401872939,2026-09-20,12:00,00-0041508,Keldric Faulk,TEN,PHI,LB,tackles,1.7,0.0,5.2,0.7600048685655112,0.48198987497608864,eligible,eligible_current_role,backup,Active,2.0,direct,20260908_1821_tackles_direct,2026-09-20T12:24:48+00:00,2026-09-20T12:25:10+00:00
2026,2,401872940,2026-09-20,14:05,00-0031898,Alex Singleton,DEN,JAX,LB,tackles,7.2,4.9,11.8,0.983495145631068,0.9631067961165048,eligible,eligible_current_role,recent_defensive_participant,Active,,direct,20260908_1821_tackles_direct,2026-09-20T12:24:48+00:00,2026-09-20T12:25:10+00:00
2026,2,401872940,2026-09-20,14:05,00-0032104,Ameer Abdullah,JAX,DEN,RB,rushing_yards,9.1,-1.6,24.2,,,eligible,eligible_current_role,backup,,4.0,direct_component_blend,20260908_1821_rushing_yards_blend,2026-09-20T12:24:48+00:00,2026-09-20T12:25:10+00:00
2026,2,401872940,2026-09-20,14:05,00-0032104,Ameer Abdullah,JAX,DEN,RB,receiving_yards,3.6,-13.6,32.4,,,eligible,eligible_current_role,backup,,4.0,direct_component_blend,20260908_1821_receiving_yards_blend,2026-09-20T12:24:48+00:00,2026-09-20T12:25:10+00:00
2026,2,401872940,2026-09-20,14:05,00-0032164,Arik Armstead,JAX,DEN,DL,tackles,1.7,0.0,4.2,0.7614141379147231,0.483707479858901,eligible,eligible_current_role,starter,,1.0,direct,20260908_1821_tackles_direct,2026-09-20T12:24:48+00:00,2026-09-20T12:25:10+00:00
2026,2,401872940,2026-09-20,14:05,00-0032569,Wil Lutz,DEN,JAX,K,kicking_points,7.6,2.6,13.5,,,eligible,eligible_current_role,starter,Active,1.0,component,20260908_1821_kicking_points_component,2026-09-20T12:24:48+00:00,2026-09-20T12:25:10+00:00
2026,2,401872940,2026-09-20,14:05,00-0033038,Eric Murray,JAX,DEN,DB,tackles,4.5,1.8,8.0,0.9722475772414844,0.9034684086505679,eligible,eligible_current_role,starter,,1.0,direct,20260908_1821_tackles_direct,2026-09-20T12:24:48+00:00,2026-09-20T12:25:10+00:00
2026,2,401872940,2026-09-20,14:05,00-0033297,D.J. Jones,DEN,JAX,DL,tackles,2.2,0.3,4.7,0.830884792614192,0.5912658625194058,eligible,eligible_current_role,starter,,1.0,direct,20260908_1821_tackles_direct,2026-09-20T12:24:48+00:00,2026-09-20T12:25:10+00:00
2026,2,401872940,2026-09-20,14:05,00-0033319,Nick Mullens,JAX,DEN,QB,rushing_yards,4.5,-8.3,22.4,,,eligible,eligible_current_role,roster_only,,,direct_component_blend,20260908_1821_rushing_yards_blend,2026-09-20T12:24:48+00:00,2026-09-20T12:25:10+00:00
2026,2,401872940,2026-09-20,14:05,00-0033881,Evan Engram,DEN,JAX,TE,rushing_yards,0.0,-10.8,15.0,,,eligible,eligible_current_role,starter,Active,1.0,direct_component_blend,20260908_1821_rushing_yards_blend,2026-09-20T12:24:48+00:00,2026-09-20T12:25:10+00:00
2026,2,401872940,2026-09-20,14:05,00-0033881,Evan Engram,DEN,JAX,TE,receiving_yards,28.8,11.7,57.6,,,eligible,eligible_current_role,starter,Active,1.0,direct_component_blend,20260908_1821_receiving_yards_blend,2026-09-20T12:24:48+00:00,2026-09-20T12:25:10+00:00
2026,2,401872940,2026-09-20,14:05,00-0033928,Jourdan Lewis,JAX,DEN,DB,tackles,3.4,1.2,6.1,0.9235197620320189,0.800096088339815,eligible,eligible_current_role,starter,,1.0,direct,20260908_1821_tackles_direct,2026-09-20T12:24:48+00:00,2026-09-20T12:25:10+00:00
2026,2,401872940,2026-09-20,14:05,00-0034348,Courtland Sutton,DEN,JAX,WR,rushing_yards,0.0,-10.8,15.0,,,eligible,eligible_current_role,backup,Active,2.0,direct_component_blend,20260908_1821_rushing_yards_blend,2026-09-20T12:24:48+00:00,2026-09-20T12:25:10+00:00
2026,2,401872940,2026-09-20,14:05,00-0034348,Courtland Sutton,DEN,JAX,WR,receiving_yards,49.4,22.8,98.6,,,eligible,eligible_current_role,backup,Active,2.0,direct_component_blend,20260908_1821_receiving_yards_blend,2026-09-20T12:24:48+00:00,2026-09-20T12:25:10+00:00
2026,2,401872940,2026-09-20,14:05,00-0034413,Foye Oluokun,JAX,DEN,LB,tackles,7.2,4.8,11.7,0.983495145631068,0.9631067961165048,eligible,questionable_flag,starter,Questionable,1.0,direct,20260908_1821_tackles_direct,2026-09-20T12:24:48+00:00,2026-09-20T12:25:10+00:00
2026,2,401872940,2026-09-20,14:05,00-0034473,Dennis Gardeck,JAX,DEN,LB,tackles,2.0,0.1,4.5,0.8045905594417632,0.5458388128069706,eligible,eligible_current_role,starter,,1.0,direct,20260908_1821_tackles_direct,2026-09-20T12:24:48+00:00,2026-09-20T12:25:10+00:00
2026,2,401872940,2026-09-20,14:05,00-0034657,Matt Dickerson,JAX,DEN,DL,tackles,1.6,0.0,4.1,0.7501939217798755,0.4702763432893376,eligible,eligible_current_role,backup,,2.0,direct,20260908_1821_tackles_direct,2026-09-20T12:24:48+00:00,2026-09-20T12:25:10+00:00
2026,2,401872940,2026-09-20,14:05,00-0034960,Jakobi Meyers,JAX,DEN,WR,rushing_yards,1.3,-9.4,16.4,,,eligible,questionable_flag,backup,Questionable,3.0,direct_component_blend,20260908_1821_rushing_yards_blend,2026-09-20T12:24:48+00:00,2026-09-20T12:25:10+00:00
2026,2,401872940,2026-09-20,14:05,00-0034960,Jakobi Meyers,JAX,DEN,WR,receiving_yards,49.3,22.7,98.5,,,eligible,questionable_flag,backup,Questionable,3.0,direct_component_blend,20260908_1821_receiving_yards_blend,2026-09-20T12:24:48+00:00,2026-09-20T12:25:10+00:00
2026,2,401872940,2026-09-20,14:05,00-0035240,Jahlani Tavai,JAX,DEN,LB,tackles,4.2,2.2,6.6,0.962977771373617,0.8798102856369338,eligible,eligible_current_role,backup,,2.0,direct,20260908_1821_tackles_direct,2026-09-20T12:24:48+00:00,2026-09-20T12:25:10+00:00
2026,2,401872940,2026-09-20,14:05,00-0035248,Zach Allen,DEN,JAX,DL,tackles,2.1,0.1,4.9,0.8232936352345974,0.5777795609777363,eligible,eligible_current_role,starter,Active,1.0,direct,20260908_1821_tackles_direct,2026-09-20T12:24:48+00:00,2026-09-20T12:25:10+00:00
2026,2,401872940,2026-09-20,14:05,00-0035264,Jarrett Stidham,DEN,JAX,QB,rushing_yards,4.3,-6.4,19.4,,,eligible,eligible_current_role,backup,Active,2.0,direct_component_blend,20260908_1821_rushing_yards_blend,2026-09-20T12:24:48+00:00,2026-09-20T12:25:10+00:00
2026,2,401872940,2026-09-20,14:05,00-0035406,Lil'Jordan Humphrey,DEN,JAX,WR,rushing_yards,0.0,-10.8,15.0,,,eligible,eligible_current_role,backup,Active,6.0,direct_component_blend,20260908_1821_rushing_yards_blend,2026-09-20T12:24:48+00:00,2026-09-20T12:25:10+00:00
2026,2,401872940,2026-09-20,14:05,00-0035406,Lil'Jordan Humphrey,DEN,JAX,WR,receiving_yards,18.5,1.4,47.4,,,eligible,eligible_current_role,backup,Active,6.0,direct_component_blend,20260908_1821_receiving_yards_blend,2026-09-20T12:24:48+00:00,2026-09-20T12:25:10+00:00
2026,2,401872940,2026-09-20,14:05,00-0035642,Josh Hines-Allen,JAX,DEN,DL,tackles,2.8,0.7,5.6,0.8920265597319176,0.7157342486256336,eligible,eligible_current_role,starter,,1.0,direct,20260908_1821_tackles_direct,2026-09-20T12:24:48+00:00,2026-09-20T12:25:10+00:00
2026,2,401872940,2026-09-20,14:05,00-0035763,Malcolm Roach,DEN,JAX,DL,tackles,2.0,0.1,4.6,0.8062797895995386,0.5486521673255624,eligible,eligible_current_role,backup,,2.0,direct,20260908_1821_tackles_direct,2026-09-20T12:24:48+00:00,2026-09-20T12:25:10+00:00
2026,2,401872940,2026-09-20,14:05,00-0036158,J.K. Dobbins,DEN,JAX,RB,rushing_yards,47.7,25.7,78.7,,,eligible,eligible_current_role,starter,Active,1.0,direct_component_blend,20260908_1821_rushing_yards_blend,2026-09-20T12:24:48+00:00,2026-09-20T12:25:10+00:00
2026,2,401872940,2026-09-20,14:05,00-0036158,J.K. Dobbins,DEN,JAX,RB,receiving_yards,7.2,-10.0,36.0,,,eligible,eligible_current_role,starter,Active,1.0,direct_component_blend,20260908_1821_receiving_yards_blend,2026-09-20T12:24:48+00:00,2026-09-20T12:25:10+00:00
2026,2,401872940,2026-09-20,14:05,00-0036221,Brandon Jones,DEN,JAX,DB,tackles,4.9,2.2,8.3,0.979759354315477,0.9250371351661669,eligible,eligible_current_role,starter,Active,1.0,direct,20260908_1821_tackles_direct,2026-09-20T12:24:48+00:00,2026-09-20T12:25:10+00:00
2026,2,401872940,2026-09-20,14:05,00-0036262,DaVon Hamilton,JAX,DEN,DL,tackles,2.2,0.3,4.7,0.8291925193106618,0.5882318955093125,eligible,eligible_current_role,starter,,1.0,direct,20260908_1821_tackles_direct,2026-09-20T12:24:48+00:00,2026-09-20T12:25:10+00:00
2026,2,401872940,2026-09-20,14:05,00-0036422,Adam Trautman,DEN,JAX,TE,rushing_yards,0.0,-10.8,14.9,,,eligible,eligible_current_role,backup,Active,2.0,direct_component_blend,20260908_1821_rushing_yards_blend,2026-09-20T12:24:48+00:00,2026-09-20T12:25:10+00:00
2026,2,401872940,2026-09-20,14:05,00-0036422,Adam Trautman,DEN,JAX,TE,receiving_yards,15.2,-2.0,44.0,,,eligible,eligible_current_role,backup,Active,2.0,direct_component_blend,20260908_1821_receiving_yards_blend,2026-09-20T12:24:48+00:00,2026-09-20T12:25:10+00:00
2026,2,401872940,2026-09-20,14:05,00-0036428,Justin Strnad,DEN,JAX,LB,tackles,3.4,1.4,5.8,0.9229156245270983,0.7990589158320327,eligible,eligible_current_role,recent_defensive_participant,,,direct,20260908_1821_tackles_direct,2026-09-20T12:24:48+00:00,2026-09-20T12:25:10+00:00
2026,2,401872940,2026-09-20,14:05,00-0036564,Talanoa Hufanga,DEN,JAX,DB,tackles,5.3,2.6,8.8,0.9815634160991291,0.9422800128586163,eligible,eligible_current_role,starter,Active,1.0,direct,20260908_1821_tackles_direct,2026-09-20T12:24:48+00:00,2026-09-20T12:25:10+00:00
2026,2,401872940,2026-09-20,14:05,00-0036590,Quintin Morris,JAX,DEN,TE,rushing_yards,0.0,-10.8,15.0,,,eligible,eligible_current_role,backup,,3.0,direct_component_blend,20260908_1821_rushing_yards_blend,2026-09-20T12:24:48+00:00,2026-09-20T12:25:10+00:00
2026,2,401872940,2026-09-20,14:05,00-0036590,Quintin Morris,JAX,DEN,TE,receiving_yards,2.8,-14.4,31.6,,,eligible,eligible_current_role,backup,,3.0,direct_component_blend,20260908_1821_receiving_yards_blend,2026-09-20T12:24:48+00:00,2026-09-20T12:25:10+00:00
2026,2,401872940,2026-09-20,14:05,00-0036613,Jaylen Waddle,DEN,JAX,WR,rushing_yards,0.3,-10.4,15.4,,,eligible,eligible_current_role,starter,Active,1.0,direct_component_blend,20260908_1821_rushing_yards_blend,2026-09-20T12:24:48+00:00,2026-09-20T12:25:10+00:00
2026,2,401872940,2026-09-20,14:05,00-0036613,Jaylen Waddle,DEN,JAX,WR,receiving_yards,25.9,-0.7,75.1,,,eligible,eligible_current_role,starter,Active,1.0,direct_component_blend,20260908_1821_receiving_yards_blend,2026-09-20T12:24:48+00:00,2026-09-20T12:25:10+00:00
2026,2,401872940,2026-09-20,14:05,00-0036683,Devon Key,DEN,JAX,DB,tackles,1.0,0.0,3.4,0.521274895261721,0.236951721574308,eligible,eligible_current_role,backup,,2.0,direct,20260908_1821_tackles_direct,2026-09-20T12:24:48+00:00,2026-09-20T12:25:10+00:00
2026,2,401872940,2026-09-20,14:05,00-0036727,Adam Prentice,DEN,JAX,RB,rushing_yards,2.9,-7.8,18.0,,,eligible,eligible_current_role,roster_only,,,direct_component_blend,20260908_1821_rushing_yards_blend,2026-09-20T12:24:48+00:00,2026-09-20T12:25:10+00:00
2026,2,401872940,2026-09-20,14:05,00-0036727,Adam Prentice,DEN,JAX,RB,receiving_yards,3.8,-13.4,32.6,,,eligible,eligible_current_role,roster_only,,,direct_component_blend,20260908_1821_receiving_yards_blend,2026-09-20T12:24:48+00:00,2026-09-20T12:25:10+00:00
2026,2,401872940,2026-09-20,14:05,00-0036874,Pat Surtain II,DEN,JAX,DB,tackles,3.3,0.7,6.8,0.9195915537681734,0.7921723252485169,eligible,eligible_current_role,starter,,1.0,direct,20260908_1821_tackles_direct,2026-09-20T12:24:48+00:00,2026-09-20T12:25:10+00:00
2026,2,401872940,2026-09-20,14:05,00-0036879,Sam Ehlinger,DEN,JAX,QB,rushing_yards,8.2,-4.5,26.2,,,eligible,eligible_current_role,backup,,3.0,direct_component_blend,20260908_1821_rushing_yards_blend,2026-09-20T12:24:48+00:00,2026-09-20T12:25:10+00:00
2026,2,401872940,2026-09-20,14:05,00-0036971,Trevor Lawrence,JAX,DEN,QB,passing_yards,228.5,135.0,334.7,,,eligible,eligible_current_role,starter,Active,1.0,direct_component_blend,20260908_1821_passing_yards_blend,2026-09-20T12:24:48+00:00,2026-09-20T12:25:10+00:00
2026,2,401872940,2026-09-20,14:05,00-0036971,Trevor Lawrence,JAX,DEN,QB,passing_tds,1.464,,,0.8049529834350585,0.46863171866658154,eligible,eligible_current_role,starter,Active,1.0,direct_component_blend,20260908_1821_passing_tds_blend,2026-09-20T12:24:48+00:00,2026-09-20T12:25:10+00:00
2026,2,401872940,2026-09-20,14:05,00-0036971,Trevor Lawrence,JAX,DEN,QB,rushing_yards,16.9,4.1,34.8,,,eligible,eligible_current_role,starter,Active,1.0,direct_component_blend,20260908_1821_rushing_yards_blend,2026-09-20T12:24:48+00:00,2026-09-20T12:25:10+00:00
2026,2,401872940,2026-09-20,14:05,00-0037085,Tyler Badie,DEN,JAX,RB,rushing_yards,1.8,-8.9,16.8,,,eligible,eligible_current_role,backup,,4.0,direct_component_blend,20260908_1821_rushing_yards_blend,2026-09-20T12:24:48+00:00,2026-09-20T12:25:10+00:00
2026,2,401872940,2026-09-20,14:05,00-0037085,Tyler Badie,DEN,JAX,RB,receiving_yards,4.8,-12.4,33.6,,,eligible,eligible_current_role,backup,,4.0,direct_component_blend,20260908_1821_receiving_yards_blend,2026-09-20T12:24:48+00:00,2026-09-20T12:25:10+00:00
2026,2,401872940,2026-09-20,14:05,00-0037235,Travon Walker,JAX,DEN,DL,tackles,2.8,0.7,5.5,0.8911707100111701,0.7135561619094517,eligible,eligible_current_role,starter,,1.0,direct,20260908_1821_tackles_direct,2026-09-20T12:24:48+00:00,2026-09-20T12:25:10+00:00
2026,2,401872940,2026-09-20,14:05,00-0037249,Nik Bonitto,DEN,JAX,LB,tackles,2.3,0.4,4.9,0.8513105076902149,0.6293689857245729,eligible,eligible_current_role,starter,,1.0,direct,20260908_1821_tackles_direct,2026-09-20T12:24:48+00:00,2026-09-20T12:25:10+00:00
2026,2,401872940,2026-09-20,14:05,00-0037294,Jordan Jackson,DEN,JAX,DL,tackles,1.0,0.0,3.5,0.5405295871114675,0.2525544185444471,eligible,eligible_current_role,backup,,2.0,direct,20260908_1821_tackles_direct,2026-09-20T12:24:48+00:00,2026-09-20T12:25:10+00:00
2026,2,401872940,2026-09-20,14:05,00-0037313,Montaric Brown,JAX,DEN,DB,tackles,4.1,1.4,7.6,0.9581688806624169,0.8681349633993101,eligible,eligible_current_role,starter,,1.0,direct,20260908_1821_tackles_direct,2026-09-20T12:24:48+00:00,2026-09-20T12:25:10+00:00
2026,2,401872940,2026-09-20,14:05,00-0037384,Ja'Quan McMillian,DEN,JAX,DB,tackles,3.6,1.4,6.3,0.9360165836185333,0.822298069209164,eligible,eligible_current_role,starter,,1.0,direct,20260908_1821_tackles_direct,2026-09-20T12:24:48+00:00,2026-09-20T12:25:10+00:00
2026,2,401872940,2026-09-20,14:05,00-0037752,Tycen Anderson,DEN,JAX,DB,tackles,1.6,0.0,4.0,0.7448516277373226,0.4640714735234981,eligible,eligible_current_role,backup,,3.0,direct,20260908_1821_tackles_direct,2026-09-20T12:24:48+00:00,2026-09-20T12:25:10+00:00
2026,2,401872940,2026-09-20,14:05,00-0037799,Dondrea Tillman,DEN,JAX,LB,tackles,1.9,0.0,4.4,0.7783732834217638,0.5051111182633387,eligible,eligible_current_role,backup,,2.0,direct,20260908_1821_tackles_direct,2026-09-20T12:24:48+00:00,2026-09-20T12:25:10+00:00
2026,2,401872940,2026-09-20,14:05,00-0038106,Eyioma Uwazurike,DEN,JAX,DL,tackles,1.9,0.0,4.4,0.7819797657429273,0.5098465121169665,eligible,eligible_current_role,starter,,1.0,direct,20260908_1821_tackles_direct,2026-09-20T12:24:48+00:00,2026-09-20T12:25:10+00:00
2026,2,401872940,2026-09-20,14:05,00-0038552,Riley Moss,DEN,JAX,DB,tackles,5.2,2.5,8.7,0.9811896658341551,0.9385849933979489,eligible,eligible_current_role,starter,Active,1.0,direct,20260908_1821_tackles_direct,2026-09-20T12:24:48+00:00,2026-09-20T12:25:10+00:00
2026,2,401872940,2026-09-20,14:05,00-0038570,Ventrell Miller,JAX,DEN,LB,tackles,1.1,0.0,3.6,0.5582186118934854,0.26839370974663723,eligible,eligible_current_role,starter,Active,1.0,direct,20260908_1821_tackles_direct,2026-09-20T12:24:48+00:00,2026-09-20T12:25:10+00:00
2026,2,401872940,2026-09-20,14:05,00-0038596,Antonio Johnson,JAX,DEN,DB,tackles,3.8,1.6,6.5,0.9439627764788667,0.8372683129636028,eligible,eligible_current_role,starter,,1.0,direct,20260908_1821_tackles_direct,2026-09-20T12:24:48+00:00,2026-09-20T12:25:10+00:00
2026,2,401872940,2026-09-20,14:05,00-0038605,JL Skinner,DEN,JAX,DB,tackles,0.6,0.0,3.1,0.39088263821532493,0.11445198836081474,eligible,eligible_current_role,backup,,2.0,direct,20260908_1821_tackles_direct,2026-09-20T12:24:48+00:00,2026-09-20T12:25:10+00:00
2026,2,401872940,2026-09-20,14:05,00-0038606,Parker Washington,JAX,DEN,WR,rushing_yards,0.2,-10.5,15.2,,,eligible,eligible_current_role,backup,Active,2.0,direct_component_blend,20260908_1821_rushing_yards_blend,2026-09-20T12:24:48+00:00,2026-09-20T12:25:10+00:00
2026,2,401872940,2026-09-20,14:05,00-0038606,Parker Washington,JAX,DEN,WR,receiving_yards,41.9,15.3,91.1,,,eligible,eligible_current_role,backup,Active,2.0,direct_component_blend,20260908_1821_receiving_yards_blend,2026-09-20T12:24:48+00:00,2026-09-20T12:25:10+00:00
2026,2,401872940,2026-09-20,14:05,00-0038611,Chris Rodriguez Jr.,JAX,DEN,RB,rushing_yards,34.3,12.3,65.2,,,eligible,eligible_current_role,backup,Active,2.0,direct_component_blend,20260908_1821_rushing_yards_blend,2026-09-20T12:24:48+00:00,2026-09-20T12:25:10+00:00
2026,2,401872940,2026-09-20,14:05,00-0038611,Chris Rodriguez Jr.,JAX,DEN,RB,receiving_yards,4.8,-12.4,33.6,,,eligible,eligible_current_role,backup,Active,2.0,direct_component_blend,20260908_1821_receiving_yards_blend,2026-09-20T12:24:48+00:00,2026-09-20T12:25:10+00:00
2026,2,401872940,2026-09-20,14:05,00-0038616,Christian Braswell,JAX,DEN,DB,tackles,1.2,0.0,3.7,0.5724246306324416,0.2818553365627258,eligible,eligible_current_role,backup,,2.0,direct,20260908_1821_tackles_direct,2026-09-20T12:24:48+00:00,2026-09-20T12:25:10+00:00
2026,2,401872940,2026-09-20,14:05,00-0038783,Nate Adkins,DEN,JAX,TE,rushing_yards,0.0,-10.8,14.9,,,eligible,eligible_current_role,backup,,3.0,direct_component_blend,20260908_1821_rushing_yards_blend,2026-09-20T12:24:48+00:00,2026-09-20T12:25:10+00:00
2026,2,401872940,2026-09-20,14:05,00-0038783,Nate Adkins,DEN,JAX,TE,receiving_yards,4.0,-13.1,32.9,,,eligible,eligible_current_role,backup,,3.0,direct_component_blend,20260908_1821_receiving_yards_blend,2026-09-20T12:24:48+00:00,2026-09-20T12:25:10+00:00
2026,2,401872940,2026-09-20,14:05,00-0038935,Brenton Strange,JAX,DEN,TE,rushing_yards,0.0,-10.8,15.0,,,eligible,eligible_current_role,starter,Active,1.0,direct_component_blend,20260908_1821_rushing_yards_blend,2026-09-20T12:24:48+00:00,2026-09-20T12:25:10+00:00
2026,2,401872940,2026-09-20,14:05,00-0038935,Brenton Strange,JAX,DEN,TE,receiving_yards,29.4,9.7,63.7,,,eligible,eligible_current_role,starter,Active,1.0,direct_component_blend,20260908_1821_receiving_yards_blend,2026-09-20T12:24:48+00:00,2026-09-20T12:25:10+00:00
2026,2,401872940,2026-09-20,14:05,00-0038976,Marvin Mims Jr.,DEN,JAX,WR,rushing_yards,1.3,-9.5,16.3,,,eligible,questionable_flag,backup,Questionable,3.0,direct_component_blend,20260908_1821_rushing_yards_blend,2026-09-20T12:24:48+00:00,2026-09-20T12:25:10+00:00
2026,2,401872940,2026-09-20,14:05,00-0038976,Marvin Mims Jr.,DEN,JAX,WR,receiving_yards,16.0,-10.6,65.2,,,eligible,questionable_flag,backup,Questionable,3.0,direct_component_blend,20260908_1821_receiving_yards_blend,2026-09-20T12:24:48+00:00,2026-09-20T12:25:10+00:00
2026,2,401872940,2026-09-20,14:05,00-0039353,Jarrian Jones,JAX,DEN,DB,tackles,2.8,0.2,6.4,0.8948268429733015,0.7229316629301398,eligible,eligible_current_role,backup,,2.0,direct,20260908_1821_tackles_direct,2026-09-20T12:24:48+00:00,2026-09-20T12:25:10+00:00
2026,2,401872940,2026-09-20,14:05,00-0039371,Kris Abrams-Draine,DEN,JAX,DB,tackles,0.9,0.0,3.3,0.4671759235692109,0.19697615715784947,eligible,eligible_current_role,backup,,2.0,direct,20260908_1821_tackles_direct,2026-09-20T12:24:48+00:00,2026-09-20T12:25:10+00:00
2026,2,401872940,2026-09-20,14:05,00-0039409,Cam Little,JAX,DEN,K,kicking_points,7.7,3.1,12.9,,,eligible,eligible_current_role,starter,Active,1.0,component,20260908_1821_kicking_points_component,2026-09-20T12:24:48+00:00,2026-09-20T12:25:10+00:00
2026,2,401872940,2026-09-20,14:05,00-0039534,Carter Bradley,JAX,DEN,QB,rushing_yards,9.1,-8.4,33.8,,,eligible,eligible_current_role,roster_only,,,direct_component_blend,20260908_1821_rushing_yards_blend,2026-09-20T12:24:48+00:00,2026-09-20T12:25:10+00:00
2026,2,401872940,2026-09-20,14:05,00-0039732,Bo Nix,DEN,JAX,QB,passing_yards,224.9,131.4,331.1,,,eligible,eligible_current_role,starter,Active,1.0,direct_component_blend,20260908_1821_passing_yards_blend,2026-09-20T12:24:48+00:00,2026-09-20T12:25:10+00:00
2026,2,401872940,2026-09-20,14:05,00-0039732,Bo Nix,DEN,JAX,QB,passing_tds,1.52,,,0.8125,0.5050751847051088,eligible,eligible_current_role,starter,Active,1.0,direct_component_blend,20260908_1821_passing_tds_blend,2026-09-20T12:24:48+00:00,2026-09-20T12:25:10+00:00
2026,2,401872940,2026-09-20,14:05,00-0039732,Bo Nix,DEN,JAX,QB,rushing_yards,16.5,3.7,34.4,,,eligible,eligible_current_role,starter,Active,1.0,direct_component_blend,20260908_1821_rushing_yards_blend,2026-09-20T12:24:48+00:00,2026-09-20T12:25:10+00:00
2026,2,401872940,2026-09-20,14:05,00-0039733,Ruke Orhorhoro,JAX,DEN,DL,tackles,1.4,0.0,3.9,0.6567207874597258,0.36363422046817795,eligible,eligible_current_role,backup,,3.0,direct,20260908_1821_tackles_direct,2026-09-20T12:24:48+00:00,2026-09-20T12:25:10+00:00
2026,2,401872940,2026-09-20,14:05,00-0039809,Jonah Elliss,DEN,JAX,LB,tackles,2.1,0.2,4.6,0.810962034309114,0.5565226621530489,eligible,eligible_current_role,starter,,1.0,direct,20260908_1821_tackles_direct,2026-09-20T12:24:48+00:00,2026-09-20T12:25:10+00:00
2026,2,401872940,2026-09-20,14:05,00-0039868,Troy Franklin,DEN,JAX,WR,rushing_yards,0.9,-9.8,15.9,,,eligible,eligible_current_role,backup,Active,5.0,direct_component_blend,20260908_1821_rushing_yards_blend,2026-09-20T12:24:48+00:00,2026-09-20T12:25:10+00:00
2026,2,401872940,2026-09-20,14:05,00-0039868,Troy Franklin,DEN,JAX,WR,receiving_yards,22.9,-3.7,72.1,,,eligible,eligible_current_role,backup,Active,5.0,direct_component_blend,20260908_1821_receiving_yards_blend,2026-09-20T12:24:48+00:00,2026-09-20T12:25:10+00:00
2026,2,401872940,2026-09-20,14:05,00-0039893,Brian Thomas Jr.,JAX,DEN,WR,rushing_yards,0.1,-10.6,15.1,,,eligible,questionable_flag,starter,Questionable,1.0,direct_component_blend,20260908_1821_rushing_yards_blend,2026-09-20T12:24:48+00:00,2026-09-20T12:25:10+00:00
2026,2,401872940,2026-09-20,14:05,00-0039893,Brian Thomas Jr.,JAX,DEN,WR,receiving_yards,42.2,15.5,91.3,,,eligible,questionable_flag,starter,Questionable,1.0,direct_component_blend,20260908_1821_receiving_yards_blend,2026-09-20T12:24:48+00:00,2026-09-20T12:25:10+00:00
2026,2,401872940,2026-09-20,14:05,00-0040134,Pat Bryant,DEN,JAX,WR,rushing_yards,0.0,-10.8,15.0,,,eligible,eligible_current_role,backup,Active,4.0,direct_component_blend,20260908_1821_rushing_yards_blend,2026-09-20T12:24:48+00:00,2026-09-20T12:25:10+00:00
2026,2,401872940,2026-09-20,14:05,00-0040134,Pat Bryant,DEN,JAX,WR,receiving_yards,27.0,0.4,76.2,,,eligible,eligible_current_role,backup,Active,4.0,direct_component_blend,20260908_1821_receiving_yards_blend,2026-09-20T12:24:48+00:00,2026-09-20T12:25:10+00:00
2026,2,401872940,2026-09-20,14:05,00-0040145,Caleb Ransaw,JAX,DEN,DB,tackles,1.4,0.0,5.3,0.6518910625645775,0.35864161534990485,eligible,eligible_current_role,backup,,2.0,direct,20260908_1821_tackles_direct,2026-09-20T12:24:48+00:00,2026-09-20T12:25:10+00:00
2026,2,401872940,2026-09-20,14:05,00-0040153,Sai'vion Jones,DEN,JAX,DL,tackles,1.0,0.0,4.5,0.527885451115396,0.2422230597172822,eligible,eligible_current_role,backup,,2.0,direct,20260908_1821_tackles_direct,2026-09-20T12:24:48+00:00,2026-09-20T12:25:10+00:00
2026,2,401872940,2026-09-20,14:05,00-0040168,Que Robinson,DEN,JAX,LB,tackles,1.9,0.0,4.4,0.7776746633816676,0.504201552619007,eligible,eligible_current_role,backup,,2.0,direct,20260908_1821_tackles_direct,2026-09-20T12:24:48+00:00,2026-09-20T12:25:10+00:00
2026,2,401872940,2026-09-20,14:05,00-0040213,Rayuan Lane III,JAX,DEN,DB,tackles,0.9,0.0,3.3,0.4797303443665548,0.20576928608810188,eligible,eligible_current_role,backup,,2.0,direct,20260908_1821_tackles_direct,2026-09-20T12:24:48+00:00,2026-09-20T12:25:10+00:00
2026,2,401872940,2026-09-20,14:05,00-0040234,Quinn Ewers,JAX,DEN,QB,rushing_yards,5.6,-8.4,25.4,,,eligible,eligible_current_role,backup,Active,2.0,direct_component_blend,20260908_1821_rushing_yards_blend,2026-09-20T12:24:48+00:00,2026-09-20T12:25:10+00:00
2026,2,401872940,2026-09-20,14:05,00-0040238,LeQuint Allen Jr.,JAX,DEN,RB,rushing_yards,6.3,-15.7,37.2,,,eligible,questionable_flag,backup,Questionable,3.0,direct_component_blend,20260908_1821_rushing_yards_blend,2026-09-20T12:24:48+00:00,2026-09-20T12:25:10+00:00
2026,2,401872940,2026-09-20,14:05,00-0040238,LeQuint Allen Jr.,JAX,DEN,RB,receiving_yards,1.9,-15.3,30.7,,,eligible,questionable_flag,backup,Questionable,3.0,direct_component_blend,20260908_1821_receiving_yards_blend,2026-09-20T12:24:48+00:00,2026-09-20T12:25:10+00:00
2026,2,401872940,2026-09-20,14:05,00-0040326,Branson Combs,JAX,DEN,LB,tackles,0.7,0.0,3.2,0.40538649916192104,0.1309561684343022,eligible,eligible_current_role,backup,,2.0,direct,20260908_1821_tackles_direct,2026-09-20T12:24:48+00:00,2026-09-20T12:25:10+00:00
2026,2,401872940,2026-09-20,14:05,00-0040342,Danny Striggow,JAX,DEN,DL,tackles,0.8,0.0,3.2,0.43409100228795794,0.16740108023227881,eligible,eligible_current_role,backup,,2.0,direct,20260908_1821_tackles_direct,2026-09-20T12:24:48+00:00,2026-09-20T12:25:10+00:00
2026,2,401872940,2026-09-20,14:05,00-0040634,Jordan Turner,DEN,JAX,LB,tackles,0.9,0.0,3.7,0.5101394899605823,0.2282690885387913,eligible,eligible_current_role,recent_defensive_participant,,,direct,20260908_1821_tackles_direct,2026-09-20T12:24:48+00:00,2026-09-20T12:25:10+00:00
2026,2,401872940,2026-09-20,14:05,00-0040718,Travis Hunter,JAX,DEN,WR,rushing_yards,1.0,-9.7,16.0,,,eligible,eligible_current_role,starter,Active,1.0,direct_component_blend,20260908_1821_rushing_yards_blend,2026-09-20T12:24:48+00:00,2026-09-20T12:25:10+00:00
2026,2,401872940,2026-09-20,14:05,00-0040718,Travis Hunter,JAX,DEN,WR,receiving_yards,38.5,11.9,87.7,,,eligible,eligible_current_role,starter,Active,1.0,direct_component_blend,20260908_1821_receiving_yards_blend,2026-09-20T12:24:48+00:00,2026-09-20T12:25:10+00:00
2026,2,401872940,2026-09-20,14:05,00-0040719,Bhayshul Tuten,JAX,DEN,RB,rushing_yards,17.3,-4.7,48.2,,,eligible,eligible_current_role,starter,Active,1.0,direct_component_blend,20260908_1821_rushing_yards_blend,2026-09-20T12:24:48+00:00,2026-09-20T12:25:10+00:00
2026,2,401872940,2026-09-20,14:05,00-0040719,Bhayshul Tuten,JAX,DEN,RB,receiving_yards,4.4,-12.7,33.2,,,eligible,eligible_current_role,starter,Active,1.0,direct_component_blend,20260908_1821_receiving_yards_blend,2026-09-20T12:24:48+00:00,2026-09-20T12:25:10+00:00
2026,2,401872940,2026-09-20,14:05,00-0040720,Jahdae Barron,DEN,JAX,DB,tackles,2.1,0.2,4.6,0.8181478642510863,0.5688140231277865,eligible,eligible_current_role,backup,,2.0,direct,20260908_1821_tackles_direct,2026-09-20T12:24:48+00:00,2026-09-20T12:25:10+00:00
2026,2,401872940,2026-09-20,14:05,00-0040723,Jack Kiser,JAX,DEN,LB,tackles,1.7,0.0,4.2,0.7635478130138108,0.4863252146535625,eligible,eligible_current_role,backup,Active,2.0,direct,20260908_1821_tackles_direct,2026-09-20T12:24:48+00:00,2026-09-20T12:25:10+00:00
2026,2,401872940,2026-09-20,14:05,00-0040730,RJ Harvey,DEN,JAX,RB,rushing_yards,32.1,10.1,63.0,,,eligible,questionable_flag,backup,Questionable,2.0,direct_component_blend,20260908_1821_rushing_yards_blend,2026-09-20T12:24:48+00:00,2026-09-20T12:25:10+00:00
2026,2,401872940,2026-09-20,14:05,00-0040730,RJ Harvey,DEN,JAX,RB,receiving_yards,20.5,3.4,49.3,,,eligible,questionable_flag,backup,Questionable,2.0,direct_component_blend,20260908_1821_receiving_yards_blend,2026-09-20T12:24:48+00:00,2026-09-20T12:25:10+00:00
2026,2,401872940,2026-09-20,14:05,00-0041045,Albert Regis,JAX,DEN,DL,tackles,1.2,0.0,4.7,0.5697033772963327,0.27922746421365696,eligible,eligible_current_role,backup,,2.0,direct,20260908_1821_tackles_direct,2026-09-20T12:24:48+00:00,2026-09-20T12:25:10+00:00
2026,2,401872940,2026-09-20,14:05,00-0041055,Jalen Huskey,JAX,DEN,DB,tackles,1.9,0.0,5.8,0.7769816276971929,0.5033017091758276,eligible,eligible_current_role,backup,Active,3.0,direct,20260908_1821_tackles_direct,2026-09-20T12:24:48+00:00,2026-09-20T12:25:10+00:00
2026,2,401872940,2026-09-20,14:05,00-0041059,Wesley Williams,JAX,DEN,DL,tackles,1.2,0.0,4.7,0.5685187147217011,0.2780908326640286,eligible,eligible_current_role,backup,Active,3.0,direct,20260908_1821_tackles_direct,2026-09-20T12:24:48+00:00,2026-09-20T12:25:10+00:00
2026,2,401872940,2026-09-20,14:05,00-0041084,Tanner Koziol,JAX,DEN,TE,rushing_yards,0.0,-14.8,20.6,,,eligible,eligible_current_role,backup,Active,4.0,direct_component_blend,20260908_1821_rushing_yards_blend,2026-09-20T12:24:48+00:00,2026-09-20T12:25:10+00:00
2026,2,401872940,2026-09-20,14:05,00-0041084,Tanner Koziol,JAX,DEN,TE,receiving_yards,4.1,-18.6,44.6,,,eligible,eligible_current_role,backup,Active,4.0,direct_component_blend,20260908_1821_receiving_yards_blend,2026-09-20T12:24:48+00:00,2026-09-20T12:25:10+00:00
2026,2,401872940,2026-09-20,14:05,00-0041100,Josh Cameron,JAX,DEN,WR,rushing_yards,0.0,-14.8,20.6,,,eligible,eligible_current_role,backup,Active,4.0,direct_component_blend,20260908_1821_rushing_yards_blend,2026-09-20T12:24:48+00:00,2026-09-20T12:25:10+00:00
2026,2,401872940,2026-09-20,14:05,00-0041100,Josh Cameron,JAX,DEN,WR,receiving_yards,6.5,-16.1,47.1,,,eligible,eligible_current_role,backup,Active,4.0,direct_component_blend,20260908_1821_receiving_yards_blend,2026-09-20T12:24:48+00:00,2026-09-20T12:25:10+00:00
2026,2,401872940,2026-09-20,14:05,00-0041106,C.J. Williams,JAX,DEN,WR,rushing_yards,0.0,-14.7,20.7,,,eligible,eligible_current_role,backup,Active,6.0,direct_component_blend,20260908_1821_rushing_yards_blend,2026-09-20T12:24:48+00:00,2026-09-20T12:25:10+00:00
2026,2,401872940,2026-09-20,14:05,00-0041106,C.J. Williams,JAX,DEN,WR,receiving_yards,6.8,-15.9,47.3,,,eligible,eligible_current_role,backup,Active,6.0,direct_component_blend,20260908_1821_receiving_yards_blend,2026-09-20T12:24:48+00:00,2026-09-20T12:25:10+00:00
2026,2,401872940,2026-09-20,14:05,00-0041133,Dallen Bentley,DEN,JAX,TE,rushing_yards,0.0,-14.8,20.6,,,eligible,eligible_current_role,backup,,4.0,direct_component_blend,20260908_1821_rushing_yards_blend,2026-09-20T12:24:48+00:00,2026-09-20T12:25:10+00:00
2026,2,401872940,2026-09-20,14:05,00-0041133,Dallen Bentley,DEN,JAX,TE,receiving_yards,4.7,-17.9,45.3,,,eligible,eligible_current_role,backup,,4.0,direct_component_blend,20260908_1821_receiving_yards_blend,2026-09-20T12:24:48+00:00,2026-09-20T12:25:10+00:00
2026,2,401872940,2026-09-20,14:05,00-0041206,Alex Bullock,JAX,DEN,WR,rushing_yards,0.0,-14.7,20.7,,,eligible,eligible_current_role,roster_only,,,direct_component_blend,20260908_1821_rushing_yards_blend,2026-09-20T12:24:48+00:00,2026-09-20T12:25:10+00:00
2026,2,401872940,2026-09-20,14:05,00-0041206,Alex Bullock,JAX,DEN,WR,receiving_yards,6.7,-15.9,47.3,,,eligible,eligible_current_role,roster_only,,,direct_component_blend,20260908_1821_receiving_yards_blend,2026-09-20T12:24:48+00:00,2026-09-20T12:25:10+00:00
2026,2,401872940,2026-09-20,14:05,00-0041218,Bryan Thomas Jr.,JAX,DEN,DL,tackles,1.2,0.0,4.7,0.5701801240616327,0.27968614128560393,eligible,eligible_current_role,backup,Active,2.0,direct,20260908_1821_tackles_direct,2026-09-20T12:24:48+00:00,2026-09-20T12:25:10+00:00
2026,2,401872940,2026-09-20,14:05,00-0041496,Jonah Coleman,DEN,JAX,RB,rushing_yards,9.6,-20.6,52.1,,,eligible,eligible_current_role,backup,Active,3.0,direct_component_blend,20260908_1821_rushing_yards_blend,2026-09-20T12:24:48+00:00,2026-09-20T12:25:10+00:00
2026,2,401872940,2026-09-20,14:05,00-0041496,Jonah Coleman,DEN,JAX,RB,receiving_yards,3.2,-19.4,43.8,,,eligible,eligible_current_role,backup,Active,3.0,direct_component_blend,20260908_1821_receiving_yards_blend,2026-09-20T12:24:48+00:00,2026-09-20T12:25:10+00:00
2026,2,401872940,2026-09-20,14:05,00-0041503,Nate Boerkircher,JAX,DEN,TE,rushing_yards,0.0,-14.8,20.6,,,eligible,eligible_current_role,backup,Active,2.0,direct_component_blend,20260908_1821_rushing_yards_blend,2026-09-20T12:24:48+00:00,2026-09-20T12:25:10+00:00
2026,2,401872940,2026-09-20,14:05,00-0041503,Nate Boerkircher,JAX,DEN,TE,receiving_yards,6.3,-16.3,46.9,,,eligible,eligible_current_role,backup,Active,2.0,direct_component_blend,20260908_1821_receiving_yards_blend,2026-09-20T12:24:48+00:00,2026-09-20T12:25:10+00:00
2026,2,401872940,2026-09-20,14:05,00-0041552,Tyler Onyedim,DEN,JAX,DL,tackles,1.1,0.0,4.7,0.5669434879626065,0.2765863576279236,eligible,eligible_current_role,backup,,3.0,direct,20260908_1821_tackles_direct,2026-09-20T12:24:48+00:00,2026-09-20T12:25:10+00:00
2026,2,401872941,2026-09-20,13:05,00-0029604,Kirk Cousins,LV,LAC,QB,passing_yards,200.6,107.1,306.8,,,eligible,eligible_current_role,starter,Active,1.0,direct_component_blend,20260908_1821_passing_yards_blend,2026-09-20T12:24:48+00:00,2026-09-20T12:25:10+00:00
2026,2,401872941,2026-09-20,13:05,00-0029604,Kirk Cousins,LV,LAC,QB,passing_tds,1.565,,,0.8125,0.5106545493346148,eligible,eligible_current_role,starter,Active,1.0,direct_component_blend,20260908_1821_passing_tds_blend,2026-09-20T12:24:48+00:00,2026-09-20T12:25:10+00:00
2026,2,401872941,2026-09-20,13:05,00-0029604,Kirk Cousins,LV,LAC,QB,rushing_yards,3.7,-7.0,18.7,,,eligible,eligible_current_role,starter,Active,1.0,direct_component_blend,20260908_1821_rushing_yards_blend,2026-09-20T12:24:48+00:00,2026-09-20T12:25:10+00:00
2026,2,401872941,2026-09-20,13:05,00-0030294,Tony Jefferson,LAC,LV,DB,tackles,4.1,1.4,7.6,0.9585557507950294,0.8690610752589039,eligible,eligible_current_role,backup,,2.0,direct,20260908_1821_tackles_direct,2026-09-20T12:24:48+00:00,2026-09-20T12:25:10+00:00
2026,2,401872941,2026-09-20,13:05,00-0031040,Khalil Mack,LAC,LV,LB,tackles,2.9,0.0,7.0,0.8978721000689366,0.7308862714134364,eligible,eligible_current_role,starter,,1.0,direct,20260908_1821_tackles_direct,2026-09-20T12:24:48+00:00,2026-09-20T12:25:10+00:00
2026,2,401872941,2026-09-20,13:05,00-0032146,Bud Dupree,LAC,LV,LB,tackles,1.3,0.0,3.8,0.5905448364227504,0.29904750953610104,eligible,eligible_current_role,backup,,2.0,direct,20260908_1821_tackles_direct,2026-09-20T12:24:48+00:00,2026-09-20T12:25:10+00:00
2026,2,401872941,2026-09-20,13:05,00-0033381,Adam Butler,LV,LAC,DL,tackles,1.8,0.0,4.3,0.7734560367926394,0.49876142020682607,eligible,eligible_current_role,starter,,1.0,direct,20260908_1821_tackles_direct,2026-09-20T12:24:48+00:00,2026-09-20T12:25:10+00:00
2026,2,401872941,2026-09-20,13:05,00-0033546,Dalvin Tomlinson,LAC,LV,DL,tackles,1.8,0.0,4.3,0.7690913907888979,0.493225394887039,eligible,questionable_flag,starter,Questionable,1.0,direct,20260908_1821_tackles_direct,2026-09-20T12:24:48+00:00,2026-09-20T12:25:10+00:00
2026,2,401872941,2026-09-20,13:05,00-0033885,David Njoku,LAC,LV,TE,rushing_yards,0.0,-10.8,14.9,,,eligible,eligible_current_role,backup,Active,2.0,direct_component_blend,20260908_1821_rushing_yards_blend,2026-09-20T12:24:48+00:00,2026-09-20T12:25:10+00:00
2026,2,401872941,2026-09-20,13:05,00-0033885,David Njoku,LAC,LV,TE,receiving_yards,12.1,-5.1,40.9,,,eligible,eligible_current_role,backup,Active,2.0,direct_component_blend,20260908_1821_receiving_yards_blend,2026-09-20T12:24:48+00:00,2026-09-20T12:25:10+00:00
2026,2,401872941,2026-09-20,13:05,00-0034275,Foley Fatukasi,LV,LAC,DL,tackles,1.1,0.0,3.6,0.5663268869570413,0.2759995830292017,eligible,eligible_current_role,backup,,2.0,direct,20260908_1821_tackles_direct,2026-09-20T12:24:48+00:00,2026-09-20T12:25:10+00:00
2026,2,401872941,2026-09-20,13:05,00-0034356,Donte Jackson,LAC,LV,DB,tackles,2.3,0.2,5.1,0.8445339601066315,0.6163422155498404,eligible,eligible_current_role,starter,,1.0,direct,20260908_1821_tackles_direct,2026-09-20T12:24:48+00:00,2026-09-20T12:25:10+00:00
2026,2,401872941,2026-09-20,13:05,00-0034365,Ian Thomas,LV,LAC,TE,rushing_yards,0.0,-10.8,14.9,,,eligible,eligible_current_role,backup,Active,3.0,direct_component_blend,20260908_1821_rushing_yards_blend,2026-09-20T12:24:48+00:00,2026-09-20T12:25:10+00:00
2026,2,401872941,2026-09-20,13:05,00-0034365,Ian Thomas,LV,LAC,TE,receiving_yards,7.3,-9.8,36.1,,,eligible,eligible_current_role,backup,Active,3.0,direct_component_blend,20260908_1821_receiving_yards_blend,2026-09-20T12:24:48+00:00,2026-09-20T12:25:10+00:00
2026,2,401872941,2026-09-20,13:05,00-0034376,Taron Johnson,LV,LAC,DB,tackles,4.6,2.3,7.2,0.9733629948720925,0.9064360083451276,eligible,eligible_current_role,starter,,1.0,direct,20260908_1821_tackles_direct,2026-09-20T12:24:48+00:00,2026-09-20T12:25:10+00:00
2026,2,401872941,2026-09-20,13:05,00-0034790,Derwin James,LAC,LV,DB,tackles,6.3,3.7,9.8,0.983495145631068,0.9631067961165048,eligible,eligible_current_role,starter,Active,1.0,direct,20260908_1821_tackles_direct,2026-09-20T12:24:48+00:00,2026-09-20T12:25:10+00:00
2026,2,401872941,2026-09-20,13:05,00-0034973,Maxx Crosby,LV,LAC,DL,tackles,3.7,1.6,6.4,0.9432085974542941,0.8358147238939151,eligible,eligible_current_role,starter,Active,1.0,direct,20260908_1821_tackles_direct,2026-09-20T12:24:48+00:00,2026-09-20T12:25:10+00:00
2026,2,401872941,2026-09-20,13:05,00-0035125,Alec Ingold,LAC,LV,RB,rushing_yards,2.3,-8.4,17.4,,,eligible,eligible_current_role,starter,,1.0,direct_component_blend,20260908_1821_rushing_yards_blend,2026-09-20T12:24:48+00:00,2026-09-20T12:25:10+00:00
2026,2,401872941,2026-09-20,13:05,00-0035125,Alec Ingold,LAC,LV,RB,receiving_yards,5.3,-11.9,34.1,,,eligible,eligible_current_role,starter,,1.0,direct_component_blend,20260908_1821_receiving_yards_blend,2026-09-20T12:24:48+00:00,2026-09-20T12:25:10+00:00
2026,2,401872941,2026-09-20,13:05,00-0035202,Del'Shawn Phillips,LAC,LV,LB,tackles,1.9,0.0,4.4,0.7793949496654677,0.506445766377898,eligible,eligible_current_role,recent_defensive_participant,,,direct,20260908_1821_tackles_direct,2026-09-20T12:24:48+00:00,2026-09-20T12:25:10+00:00
2026,2,401872941,2026-09-20,13:05,00-0035269,Matt Gay,LV,LAC,K,kicking_points,6.7,1.6,12.5,,,eligible,eligible_current_role,starter,Active,1.0,component,20260908_1821_kicking_points_component,2026-09-20T12:24:48+00:00,2026-09-20T12:25:10+00:00
2026,2,401872941,2026-09-20,13:05,00-0035345,Chris Myarick,LV,LAC,TE,rushing_yards,0.0,-10.7,15.0,,,eligible,eligible_current_role,roster_only,,,direct_component_blend,20260908_1821_rushing_yards_blend,2026-09-20T12:24:48+00:00,2026-09-20T12:25:10+00:00
2026,2,401872941,2026-09-20,13:05,00-0035345,Chris Myarick,LV,LAC,TE,receiving_yards,1.9,-15.2,30.8,,,eligible,eligible_current_role,roster_only,,,direct_component_blend,20260908_1821_receiving_yards_blend,2026-09-20T12:24:48+00:00,2026-09-20T12:25:10+00:00
2026,2,401872941,2026-09-20,13:05,00-0035589,Gary Jennings,LAC,LV,WR,rushing_yards,0.1,-14.7,20.7,,,eligible,eligible_current_role,backup,Active,6.0,direct_component_blend,20260908_1821_rushing_yards_blend,2026-09-20T12:24:48+00:00,2026-09-20T12:25:10+00:00
2026,2,401872941,2026-09-20,13:05,00-0035589,Gary Jennings,LAC,LV,WR,receiving_yards,7.1,-15.5,47.7,,,eligible,eligible_current_role,backup,Active,6.0,direct_component_blend,20260908_1821_receiving_yards_blend,2026-09-20T12:24:48+00:00,2026-09-20T12:25:10+00:00
2026,2,401872941,2026-09-20,13:05,00-0035891,Cody White,LV,LAC,WR,rushing_yards,0.0,-10.8,15.0,,,eligible,eligible_current_role,roster_only,,,direct_component_blend,20260908_1821_rushing_yards_blend,2026-09-20T12:24:48+00:00,2026-09-20T12:25:10+00:00
2026,2,401872941,2026-09-20,13:05,00-0035891,Cody White,LV,LAC,WR,receiving_yards,3.4,-13.7,32.2,,,eligible,eligible_current_role,roster_only,,,direct_component_blend,20260908_1821_receiving_yards_blend,2026-09-20T12:24:48+00:00,2026-09-20T12:25:10+00:00
2026,2,401872941,2026-09-20,13:05,00-0036181,Teair Tart,LAC,LV,DL,tackles,1.9,0.0,4.5,0.7878762416016823,0.5187162863835374,eligible,questionable_flag,starter,Questionable,1.0,direct,20260908_1821_tackles_direct,2026-09-20T12:24:48+00:00,2026-09-20T12:25:10+00:00
2026,2,401872941,2026-09-20,13:05,00-0036293,Jeremy Chinn,LV,LAC,DB,tackles,6.3,3.6,9.8,0.983495145631068,0.9631067961165048,eligible,eligible_current_role,starter,,1.0,direct,20260908_1821_tackles_direct,2026-09-20T12:24:48+00:00,2026-09-20T12:25:10+00:00
2026,2,401872941,2026-09-20,13:05,00-0036338,Troy Dye,LAC,LV,LB,tackles,2.1,0.2,4.7,0.8231131399685298,0.5774627109229189,eligible,eligible_current_role,recent_defensive_participant,,,direct,20260908_1821_tackles_direct,2026-09-20T12:24:48+00:00,2026-09-20T12:25:10+00:00
2026,2,401872941,2026-09-20,13:05,00-0036355,Justin Herbert,LAC,LV,QB,passing_yards,226.5,133.0,332.7,,,eligible,eligible_current_role,starter,Active,1.0,direct_component_blend,20260908_1821_passing_yards_blend,2026-09-20T12:24:48+00:00,2026-09-20T12:25:10+00:00
2026,2,401872941,2026-09-20,13:05,00-0036355,Justin Herbert,LAC,LV,QB,passing_tds,1.597,,,0.8125,0.5119047619047619,eligible,eligible_current_role,starter,Active,1.0,direct_component_blend,20260908_1821_passing_tds_blend,2026-09-20T12:24:48+00:00,2026-09-20T12:25:10+00:00
2026,2,401872941,2026-09-20,13:05,00-0036355,Justin Herbert,LAC,LV,QB,rushing_yards,21.1,8.3,39.0,,,eligible,eligible_current_role,starter,Active,1.0,direct_component_blend,20260908_1821_rushing_yards_blend,2026-09-20T12:24:48+00:00,2026-09-20T12:25:10+00:00
2026,2,401872941,2026-09-20,13:05,00-0036423,Albert Okwuegbunam,LV,LAC,TE,rushing_yards,0.0,-10.8,14.9,,,eligible,eligible_current_role,roster_only,,,direct_component_blend,20260908_1821_rushing_yards_blend,2026-09-20T12:24:48+00:00,2026-09-20T12:25:10+00:00
2026,2,401872941,2026-09-20,13:05,00-0036423,Albert Okwuegbunam,LV,LAC,TE,receiving_yards,18.7,1.6,47.5,,,eligible,eligible_current_role,roster_only,,,direct_component_blend,20260908_1821_receiving_yards_blend,2026-09-20T12:24:48+00:00,2026-09-20T12:25:10+00:00
2026,2,401872941,2026-09-20,13:05,00-0036479,Kwity Paye,LV,LAC,DL,tackles,2.3,0.3,4.8,0.8406396921975532,0.6090747916990539,eligible,eligible_current_role,starter,Active,1.0,direct,20260908_1821_tackles_direct,2026-09-20T12:24:48+00:00,2026-09-20T12:25:10+00:00
2026,2,401872941,2026-09-20,13:05,00-0036901,Eric Stokes,LV,LAC,DB,tackles,3.5,0.9,7.0,0.9318451035155177,0.8147194986446334,eligible,eligible_current_role,starter,,1.0,direct,20260908_1821_tackles_direct,2026-09-20T12:24:48+00:00,2026-09-20T12:25:10+00:00
2026,2,401872941,2026-09-20,13:05,00-0036922,Patrick Johnson,LV,LAC,LB,tackles,1.3,0.0,3.8,0.6113198825236095,0.3184646816573546,eligible,eligible_current_role,backup,,2.0,direct,20260908_1821_tackles_direct,2026-09-20T12:24:48+00:00,2026-09-20T12:25:10+00:00
2026,2,401872941,2026-09-20,13:05,00-0036989,Malcolm Koonce,LV,LAC,DL,tackles,1.7,0.0,4.1,0.7593085650281435,0.481144538000291,eligible,eligible_current_role,backup,,2.0,direct,20260908_1821_tackles_direct,2026-09-20T12:24:48+00:00,2026-09-20T12:25:10+00:00
2026,2,401872941,2026-09-20,13:05,00-0036992,Elijah Molden,LAC,LV,DB,tackles,3.7,1.5,6.4,0.9393243857135244,0.8284399712984942,eligible,questionable_flag,starter,Questionable,1.0,direct,20260908_1821_tackles_direct,2026-09-20T12:24:48+00:00,2026-09-20T12:25:10+00:00
2026,2,401872941,2026-09-20,13:05,00-0037012,Trey Lance,LAC,LV,QB,rushing_yards,8.3,-4.5,26.2,,,eligible,eligible_current_role,backup,,2.0,direct_component_blend,20260908_1821_rushing_yards_blend,2026-09-20T12:24:48+00:00,2026-09-20T12:25:10+00:00
2026,2,401872941,2026-09-20,13:05,00-0037074,Quay Walker,LV,LAC,LB,tackles,6.9,4.1,11.1,0.983495145631068,0.9631067961165048,eligible,eligible_current_role,recent_defensive_participant,Active,,direct,20260908_1821_tackles_direct,2026-09-20T12:24:48+00:00,2026-09-20T12:25:10+00:00
2026,2,401872941,2026-09-20,13:05,00-0037093,Dareke Young,LV,LAC,WR,rushing_yards,0.0,-10.7,15.0,,,eligible,eligible_current_role,backup,,5.0,direct_component_blend,20260908_1821_rushing_yards_blend,2026-09-20T12:24:48+00:00,2026-09-20T12:25:10+00:00
2026,2,401872941,2026-09-20,13:05,00-0037093,Dareke Young,LV,LAC,WR,receiving_yards,3.9,-13.2,32.7,,,eligible,eligible_current_role,backup,,5.0,direct_component_blend,20260908_1821_receiving_yards_blend,2026-09-20T12:24:48+00:00,2026-09-20T12:25:10+00:00
2026,2,401872941,2026-09-20,13:05,00-0037224,Cameron Dicker,LAC,LV,K,kicking_points,7.4,2.3,13.3,,,eligible,eligible_current_role,starter,Active,1.0,component,20260908_1821_kicking_points_component,2026-09-20T12:24:48+00:00,2026-09-20T12:25:10+00:00
2026,2,401872941,2026-09-20,13:05,00-0037262,Thomas Booker,LV,LAC,DL,tackles,2.1,0.2,4.6,0.8150869975034651,0.563546387579142,eligible,eligible_current_role,backup,,2.0,direct,20260908_1821_tackles_direct,2026-09-20T12:24:48+00:00,2026-09-20T12:25:10+00:00
2026,2,401872941,2026-09-20,13:05,00-0037291,Jalen Nailor,LV,LAC,WR,rushing_yards,0.0,-10.8,15.0,,,eligible,eligible_current_role,backup,Active,2.0,direct_component_blend,20260908_1821_rushing_yards_blend,2026-09-20T12:24:48+00:00,2026-09-20T12:25:10+00:00
2026,2,401872941,2026-09-20,13:05,00-0037291,Jalen Nailor,LV,LAC,WR,receiving_yards,16.5,-0.7,45.3,,,eligible,eligible_current_role,backup,Active,2.0,direct_component_blend,20260908_1821_receiving_yards_blend,2026-09-20T12:24:48+00:00,2026-09-20T12:25:10+00:00
2026,2,401872941,2026-09-20,13:05,00-0037304,Connor Heyward,LV,LAC,RB,rushing_yards,7.3,-14.7,38.2,,,eligible,eligible_current_role,starter,,1.0,direct_component_blend,20260908_1821_rushing_yards_blend,2026-09-20T12:24:48+00:00,2026-09-20T12:25:10+00:00
2026,2,401872941,2026-09-20,13:05,00-0037304,Connor Heyward,LV,LAC,RB,receiving_yards,1.8,-15.3,30.6,,,eligible,eligible_current_role,starter,,1.0,direct_component_blend,20260908_1821_receiving_yards_blend,2026-09-20T12:24:48+00:00,2026-09-20T12:25:10+00:00
2026,2,401872941,2026-09-20,13:05,00-0037320,Deane Leonard,LAC,LV,DB,tackles,0.7,0.0,3.2,0.42546001769412073,0.15597326181748147,eligible,questionable_flag,backup,Questionable,2.0,direct,20260908_1821_tackles_direct,2026-09-20T12:24:48+00:00,2026-09-20T12:25:10+00:00
2026,2,401872941,2026-09-20,13:05,00-0037461,Tristin McCollum,LV,LAC,DB,tackles,1.6,0.0,4.4,0.7534148923293346,0.4740756754836332,eligible,eligible_current_role,backup,,3.0,direct,20260908_1821_tackles_direct,2026-09-20T12:24:48+00:00,2026-09-20T12:25:10+00:00
2026,2,401872941,2026-09-20,13:05,00-0037512,Isaiah Pola-Mao,LV,LAC,DB,tackles,4.3,1.6,7.8,0.9668833005530831,0.889575679274379,eligible,eligible_current_role,backup,,2.0,direct,20260908_1821_tackles_direct,2026-09-20T12:24:48+00:00,2026-09-20T12:25:10+00:00
2026,2,401872941,2026-09-20,13:05,00-0037615,Nakobe Dean,LV,LAC,LB,tackles,3.7,1.7,6.1,0.9427301336777268,0.8348962982237542,eligible,eligible_current_role,recent_defensive_participant,Active,,direct,20260908_1821_tackles_direct,2026-09-20T12:24:48+00:00,2026-09-20T12:25:10+00:00
2026,2,401872941,2026-09-20,13:05,00-0038046,Charlie Kolar,LAC,LV,TE,rushing_yards,0.0,-10.8,15.0,,,eligible,eligible_current_role,starter,Active,1.0,direct_component_blend,20260908_1821_rushing_yards_blend,2026-09-20T12:24:48+00:00,2026-09-20T12:25:10+00:00
2026,2,401872941,2026-09-20,13:05,00-0038046,Charlie Kolar,LAC,LV,TE,receiving_yards,6.5,-10.6,35.3,,,eligible,eligible_current_role,starter,Active,1.0,direct_component_blend,20260908_1821_receiving_yards_blend,2026-09-20T12:24:48+00:00,2026-09-20T12:25:10+00:00
2026,2,401872941,2026-09-20,13:05,00-0038414,Kendall Williamson,LAC,LV,DB,tackles,0.8,0.0,3.3,0.45287955251547757,0.1873011303786261,eligible,eligible_current_role,backup,,4.0,direct,20260908_1821_tackles_direct,2026-09-20T12:24:48+00:00,2026-09-20T12:25:10+00:00
2026,2,401872941,2026-09-20,13:05,00-0038454,Keaton Mitchell,LAC,LV,RB,rushing_yards,24.0,2.0,55.0,,,eligible,eligible_current_role,backup,Active,2.0,direct_component_blend,20260908_1821_rushing_yards_blend,2026-09-20T12:24:48+00:00,2026-09-20T12:25:10+00:00
2026,2,401872941,2026-09-20,13:05,00-0038454,Keaton Mitchell,LAC,LV,RB,receiving_yards,3.3,-13.9,32.1,,,eligible,eligible_current_role,backup,Active,2.0,direct_component_blend,20260908_1821_receiving_yards_blend,2026-09-20T12:24:48+00:00,2026-09-20T12:25:10+00:00
2026,2,401872941,2026-09-20,13:05,00-0038544,Quentin Johnston,LAC,LV,WR,rushing_yards,0.0,-10.8,15.0,,,eligible,eligible_current_role,backup,Active,2.0,direct_component_blend,20260908_1821_rushing_yards_blend,2026-09-20T12:24:48+00:00,2026-09-20T12:25:10+00:00
2026,2,401872941,2026-09-20,13:05,00-0038544,Quentin Johnston,LAC,LV,WR,receiving_yards,41.8,15.1,91.0,,,eligible,eligible_current_role,backup,Active,2.0,direct_component_blend,20260908_1821_receiving_yards_blend,2026-09-20T12:24:48+00:00,2026-09-20T12:25:10+00:00
2026,2,401872941,2026-09-20,13:05,00-0038553,Daiyan Henley,LAC,LV,LB,tackles,6.6,3.6,10.6,0.983495145631068,0.9631067961165048,eligible,eligible_current_role,recent_defensive_participant,Active,,direct,20260908_1821_tackles_direct,2026-09-20T12:24:48+00:00,2026-09-20T12:25:10+00:00
2026,2,401872941,2026-09-20,13:05,00-0038563,Tre Tucker,LV,LAC,WR,rushing_yards,1.6,-9.1,16.7,,,eligible,eligible_current_role,starter,Active,1.0,direct_component_blend,20260908_1821_rushing_yards_blend,2026-09-20T12:24:48+00:00,2026-09-20T12:25:10+00:00
2026,2,401872941,2026-09-20,13:05,00-0038563,Tre Tucker,LV,LAC,WR,receiving_yards,40.4,13.8,89.6,,,eligible,eligible_current_role,starter,Active,1.0,direct_component_blend,20260908_1821_receiving_yards_blend,2026-09-20T12:24:48+00:00,2026-09-20T12:25:10+00:00
2026,2,401872941,2026-09-20,13:05,00-0038573,Derius Davis,LAC,LV,WR,rushing_yards,0.5,-10.2,15.6,,,eligible,eligible_current_role,backup,Active,5.0,direct_component_blend,20260908_1821_rushing_yards_blend,2026-09-20T12:24:48+00:00,2026-09-20T12:25:10+00:00
2026,2,401872941,2026-09-20,13:05,00-0038573,Derius Davis,LAC,LV,WR,receiving_yards,1.3,-15.9,30.1,,,eligible,eligible_current_role,backup,Active,5.0,direct_component_blend,20260908_1821_receiving_yards_blend,2026-09-20T12:24:48+00:00,2026-09-20T12:25:10+00:00
2026,2,401872941,2026-09-20,13:05,00-0038579,Aidan O'Connell,LV,LAC,QB,rushing_yards,11.3,-1.5,29.2,,,eligible,eligible_current_role,backup,Active,3.0,direct_component_blend,20260908_1821_rushing_yards_blend,2026-09-20T12:24:48+00:00,2026-09-20T12:25:10+00:00
2026,2,401872941,2026-09-20,13:05,00-0038594,Darrell Luter Jr.,LV,LAC,DB,tackles,3.4,0.8,6.9,0.9257100533843733,0.8038825850943045,eligible,eligible_current_role,backup,Active,3.0,direct,20260908_1821_tackles_direct,2026-09-20T12:24:48+00:00,2026-09-20T12:25:10+00:00
2026,2,401872941,2026-09-20,13:05,00-0039066,Michael Mayer,LV,LAC,TE,rushing_yards,0.0,-10.8,15.0,,,eligible,eligible_current_role,backup,Active,2.0,direct_component_blend,20260908_1821_rushing_yards_blend,2026-09-20T12:24:48+00:00,2026-09-20T12:25:10+00:00
2026,2,401872941,2026-09-20,13:05,00-0039066,Michael Mayer,LV,LAC,TE,receiving_yards,27.5,7.8,61.7,,,eligible,eligible_current_role,backup,Active,2.0,direct_component_blend,20260908_1821_receiving_yards_blend,2026-09-20T12:24:48+00:00,2026-09-20T12:25:10+00:00
2026,2,401872941,2026-09-20,13:05,00-0039111,Tuli Tuipulotu,LAC,LV,LB,tackles,3.2,0.3,7.2,0.9150932808373863,0.778732429543798,eligible,eligible_current_role,starter,,1.0,direct,20260908_1821_tackles_direct,2026-09-20T12:24:48+00:00,2026-09-20T12:25:10+00:00
2026,2,401872941,2026-09-20,13:05,00-0039338,Brock Bowers,LV,LAC,TE,rushing_yards,0.0,-10.7,15.1,,,eligible,questionable_flag,starter,Questionable,1.0,direct_component_blend,20260908_1821_rushing_yards_blend,2026-09-20T12:24:48+00:00,2026-09-20T12:25:10+00:00
2026,2,401872941,2026-09-20,13:05,00-0039338,Brock Bowers,LV,LAC,TE,receiving_yards,44.1,24.4,78.3,,,eligible,questionable_flag,starter,Questionable,1.0,direct_component_blend,20260908_1821_receiving_yards_blend,2026-09-20T12:24:48+00:00,2026-09-20T12:25:10+00:00
2026,2,401872941,2026-09-20,13:05,00-0039366,Tarheeb Still,LAC,LV,DB,tackles,4.0,1.3,7.5,0.952321008710528,0.8543920328724222,eligible,eligible_current_role,starter,,1.0,direct,20260908_1821_tackles_direct,2026-09-20T12:24:48+00:00,2026-09-20T12:25:10+00:00
2026,2,401872941,2026-09-20,13:05,00-0039369,Cam Hart,LAC,LV,DB,tackles,3.6,1.0,7.1,0.9375483499439932,0.8251270816236609,eligible,eligible_current_role,starter,,1.0,direct,20260908_1821_tackles_direct,2026-09-20T12:24:48+00:00,2026-09-20T12:25:10+00:00
2026,2,401872941,2026-09-20,13:05,00-0039374,Tommy Eichenberg,LV,LAC,LB,tackles,1.6,0.0,4.0,0.7311375021167412,0.44684266725634103,eligible,eligible_current_role,recent_defensive_participant,,,direct,20260908_1821_tackles_direct,2026-09-20T12:24:48+00:00,2026-09-20T12:25:10+00:00
2026,2,401872941,2026-09-20,13:05,00-0039391,Kimani Vidal,LAC,LV,RB,rushing_yards,40.4,18.4,71.3,,,eligible,eligible_current_role,backup,Active,3.0,direct_component_blend,20260908_1821_rushing_yards_blend,2026-09-20T12:24:48+00:00,2026-09-20T12:25:10+00:00
2026,2,401872941,2026-09-20,13:05,00-0039391,Kimani Vidal,LAC,LV,RB,receiving_yards,9.7,-7.5,38.5,,,eligible,eligible_current_role,backup,Active,3.0,direct_component_blend,20260908_1821_receiving_yards_blend,2026-09-20T12:24:48+00:00,2026-09-20T12:25:10+00:00
2026,2,401872941,2026-09-20,13:05,00-0039407,Dylan Laube,LV,LAC,RB,rushing_yards,1.1,-9.6,16.2,,,eligible,eligible_current_role,backup,Active,3.0,direct_component_blend,20260908_1821_rushing_yards_blend,2026-09-20T12:24:48+00:00,2026-09-20T12:25:10+00:00
2026,2,401872941,2026-09-20,13:05,00-0039407,Dylan Laube,LV,LAC,RB,receiving_yards,0.2,-16.9,29.0,,,eligible,eligible_current_role,backup,Active,3.0,direct_component_blend,20260908_1821_receiving_yards_blend,2026-09-20T12:24:48+00:00,2026-09-20T12:25:10+00:00
2026,2,401872941,2026-09-20,13:05,00-0039423,Jonah Laulu,LV,LAC,DL,tackles,2.9,0.8,5.7,0.9014976259356721,0.7405389772853591,eligible,eligible_current_role,starter,,1.0,direct,20260908_1821_tackles_direct,2026-09-20T12:24:48+00:00,2026-09-20T12:25:10+00:00
2026,2,401872941,2026-09-20,13:05,00-0039835,Justin Eboigbe,LAC,LV,DL,tackles,1.3,0.0,3.8,0.6251463654658568,0.33181213453973,eligible,eligible_current_role,backup,,2.0,direct,20260908_1821_tackles_direct,2026-09-20T12:24:48+00:00,2026-09-20T12:25:10+00:00
2026,2,401872941,2026-09-20,13:05,00-0039915,Ladd McConkey,LAC,LV,WR,rushing_yards,0.0,-10.7,15.0,,,eligible,questionable_flag,starter,Questionable,1.0,direct_component_blend,20260908_1821_rushing_yards_blend,2026-09-20T12:24:48+00:00,2026-09-20T12:25:10+00:00
2026,2,401872941,2026-09-20,13:05,00-0039915,Ladd McConkey,LAC,LV,WR,receiving_yards,55.3,38.2,84.1,,,eligible,questionable_flag,starter,Questionable,1.0,direct_component_blend,20260908_1821_receiving_yards_blend,2026-09-20T12:24:48+00:00,2026-09-20T12:25:10+00:00
2026,2,401872941,2026-09-20,13:05,00-0040122,Ashton Jeanty,LV,LAC,RB,rushing_yards,72.1,50.1,103.0,,,eligible,eligible_current_role,starter,Active,1.0,direct_component_blend,20260908_1821_rushing_yards_blend,2026-09-20T12:24:48+00:00,2026-09-20T12:25:10+00:00
2026,2,401872941,2026-09-20,13:05,00-0040122,Ashton Jeanty,LV,LAC,RB,receiving_yards,22.7,5.5,51.5,,,eligible,eligible_current_role,starter,Active,1.0,direct_component_blend,20260908_1821_receiving_yards_blend,2026-09-20T12:24:48+00:00,2026-09-20T12:25:10+00:00
2026,2,401872941,2026-09-20,13:05,00-0040144,Jamaree Caldwell,LAC,LV,DL,tackles,1.8,0.0,4.3,0.7715425462766875,0.496322983974988,eligible,eligible_current_role,starter,,1.0,direct,20260908_1821_tackles_direct,2026-09-20T12:24:48+00:00,2026-09-20T12:25:10+00:00
2026,2,401872941,2026-09-20,13:05,00-0040169,Tonka Hemingway,LV,LAC,DL,tackles,1.5,0.0,4.0,0.7217654201793737,0.4356691712464388,eligible,eligible_current_role,starter,,1.0,direct,20260908_1821_tackles_direct,2026-09-20T12:24:48+00:00,2026-09-20T12:25:10+00:00
2026,2,401872941,2026-09-20,13:05,00-0040189,Oronde Gadsden II,LAC,LV,TE,rushing_yards,0.0,-10.8,14.9,,,eligible,eligible_current_role,backup,Active,3.0,direct_component_blend,20260908_1821_rushing_yards_blend,2026-09-20T12:24:48+00:00,2026-09-20T12:25:10+00:00
2026,2,401872941,2026-09-20,13:05,00-0040189,Oronde Gadsden II,LAC,LV,TE,receiving_yards,28.3,8.6,62.6,,,eligible,eligible_current_role,backup,Active,3.0,direct_component_blend,20260908_1821_receiving_yards_blend,2026-09-20T12:24:48+00:00,2026-09-20T12:25:10+00:00
2026,2,401872941,2026-09-20,13:05,00-0040199,JJ Pegues,LV,LAC,DL,tackles,1.2,0.0,3.7,0.5704626167542743,0.2799582688096406,eligible,eligible_current_role,backup,Active,2.0,direct,20260908_1821_tackles_direct,2026-09-20T12:24:48+00:00,2026-09-20T12:25:10+00:00
2026,2,401872941,2026-09-20,13:05,00-0040221,R.J. Mickens,LAC,LV,DB,tackles,2.0,0.0,4.9,0.8063863045597618,0.5488300242545064,eligible,eligible_current_role,backup,Active,3.0,direct,20260908_1821_tackles_direct,2026-09-20T12:24:48+00:00,2026-09-20T12:25:10+00:00
2026,2,401872941,2026-09-20,13:05,00-0040641,Darien Porter,LV,LAC,DB,tackles,3.6,1.0,7.1,0.9371201020036976,0.8243335614008181,eligible,questionable_flag,starter,Questionable,1.0,direct,20260908_1821_tackles_direct,2026-09-20T12:24:48+00:00,2026-09-20T12:25:10+00:00
2026,2,401872941,2026-09-20,13:05,00-0040666,Omarion Hampton,LAC,LV,RB,rushing_yards,58.4,36.4,89.4,,,eligible,eligible_current_role,starter,Active,1.0,direct_component_blend,20260908_1821_rushing_yards_blend,2026-09-20T12:24:48+00:00,2026-09-20T12:25:10+00:00
2026,2,401872941,2026-09-20,13:05,00-0040666,Omarion Hampton,LAC,LV,RB,receiving_yards,19.9,2.7,48.7,,,eligible,eligible_current_role,starter,Active,1.0,direct_component_blend,20260908_1821_receiving_yards_blend,2026-09-20T12:24:48+00:00,2026-09-20T12:25:10+00:00
2026,2,401872941,2026-09-20,13:05,00-0040727,Tre Harris,LAC,LV,WR,rushing_yards,0.5,-10.2,15.6,,,eligible,eligible_current_role,backup,Active,3.0,direct_component_blend,20260908_1821_rushing_yards_blend,2026-09-20T12:24:48+00:00,2026-09-20T12:25:10+00:00
2026,2,401872941,2026-09-20,13:05,00-0040727,Tre Harris,LAC,LV,WR,receiving_yards,17.9,0.7,46.7,,,eligible,eligible_current_role,backup,Active,3.0,direct_component_blend,20260908_1821_receiving_yards_blend,2026-09-20T12:24:48+00:00,2026-09-20T12:25:10+00:00
2026,2,401872941,2026-09-20,13:05,00-0040729,Jack Bech,LV,LAC,WR,rushing_yards,0.0,-10.8,15.0,,,eligible,eligible_current_role,backup,Active,3.0,direct_component_blend,20260908_1821_rushing_yards_blend,2026-09-20T12:24:48+00:00,2026-09-20T12:25:10+00:00
2026,2,401872941,2026-09-20,13:05,00-0040729,Jack Bech,LV,LAC,WR,receiving_yards,23.4,-3.3,72.6,,,eligible,eligible_current_role,backup,Active,3.0,direct_component_blend,20260908_1821_receiving_yards_blend,2026-09-20T12:24:48+00:00,2026-09-20T12:25:10+00:00
2026,2,401872941,2026-09-20,13:05,00-0040868,Treydan Stukes,LV,LAC,DB,tackles,3.0,0.2,6.9,0.9058071822263395,0.7522873908578082,eligible,eligible_current_role,starter,Active,1.0,direct,20260908_1821_tackles_direct,2026-09-20T12:24:48+00:00,2026-09-20T12:25:10+00:00
2026,2,401872941,2026-09-20,13:05,00-0040878,Mike Washington Jr.,LV,LAC,RB,rushing_yards,15.2,-15.1,57.7,,,eligible,eligible_current_role,backup,Active,2.0,direct_component_blend,20260908_1821_rushing_yards_blend,2026-09-20T12:24:48+00:00,2026-09-20T12:25:10+00:00
2026,2,401872941,2026-09-20,13:05,00-0040878,Mike Washington Jr.,LV,LAC,RB,receiving_yards,2.8,-19.8,43.4,,,eligible,eligible_current_role,backup,Active,2.0,direct_component_blend,20260908_1821_receiving_yards_blend,2026-09-20T12:24:48+00:00,2026-09-20T12:25:10+00:00
2026,2,401872941,2026-09-20,13:05,00-0040883,Dalton Johnson,LV,LAC,DB,tackles,2.2,0.0,6.1,0.8257596694970851,0.5821261043888671,eligible,eligible_current_role,backup,Active,2.0,direct,20260908_1821_tackles_direct,2026-09-20T12:24:48+00:00,2026-09-20T12:25:10+00:00
2026,2,401872941,2026-09-20,13:05,00-0040889,Hezekiah Masses,LV,LAC,DB,tackles,2.2,0.0,6.1,0.8257596694970851,0.5821261043888671,eligible,eligible_current_role,backup,,2.0,direct,20260908_1821_tackles_direct,2026-09-20T12:24:48+00:00,2026-09-20T12:25:10+00:00
2026,2,401872941,2026-09-20,13:05,00-0040894,Malik Benson,LV,LAC,WR,rushing_yards,0.2,-14.5,20.9,,,eligible,eligible_current_role,backup,Active,4.0,direct_component_blend,20260908_1821_rushing_yards_blend,2026-09-20T12:24:48+00:00,2026-09-20T12:25:10+00:00
2026,2,401872941,2026-09-20,13:05,00-0040894,Malik Benson,LV,LAC,WR,receiving_yards,5.7,-17.0,46.3,,,eligible,eligible_current_role,backup,Active,4.0,direct_component_blend,20260908_1821_receiving_yards_blend,2026-09-20T12:24:48+00:00,2026-09-20T12:25:10+00:00
2026,2,401872941,2026-09-20,13:05,00-0041004,Chase Roberts,LV,LAC,WR,rushing_yards,0.1,-14.7,20.8,,,eligible,eligible_current_role,roster_only,,,direct_component_blend,20260908_1821_rushing_yards_blend,2026-09-20T12:24:48+00:00,2026-09-20T12:25:10+00:00
2026,2,401872941,2026-09-20,13:05,00-0041004,Chase Roberts,LV,LAC,WR,receiving_yards,6.3,-16.4,46.8,,,eligible,eligible_current_role,roster_only,,,direct_component_blend,20260908_1821_receiving_yards_blend,2026-09-20T12:24:48+00:00,2026-09-20T12:25:10+00:00
2026,2,401872941,2026-09-20,13:05,00-0041064,Genesis Smith,LAC,LV,DB,tackles,2.2,0.0,6.2,0.8305409589257403,0.5906481272133542,eligible,eligible_current_role,backup,,2.0,direct,20260908_1821_tackles_direct,2026-09-20T12:24:48+00:00,2026-09-20T12:25:10+00:00
2026,2,401872941,2026-09-20,13:05,00-0041072,Nick Barrett,LAC,LV,DL,tackles,1.2,0.0,4.7,0.5708607535838209,0.28034222986362917,eligible,eligible_current_role,backup,,2.0,direct,20260908_1821_tackles_direct,2026-09-20T12:24:48+00:00,2026-09-20T12:25:10+00:00
2026,2,401872941,2026-09-20,13:05,00-0041374,Sincere Brown,LAC,LV,WR,rushing_yards,0.0,-14.7,20.7,,,eligible,eligible_current_role,roster_only,,,direct_component_blend,20260908_1821_rushing_yards_blend,2026-09-20T12:24:48+00:00,2026-09-20T12:25:10+00:00
2026,2,401872941,2026-09-20,13:05,00-0041374,Sincere Brown,LAC,LV,WR,receiving_yards,6.9,-15.8,47.4,,,eligible,eligible_current_role,roster_only,,,direct_component_blend,20260908_1821_receiving_yards_blend,2026-09-20T12:24:48+00:00,2026-09-20T12:25:10+00:00
2026,2,401872941,2026-09-20,13:05,00-0041381,Rodney Shelley,LAC,LV,DB,tackles,2.2,0.0,6.2,0.8305409589257403,0.5906481272133542,eligible,eligible_current_role,backup,,2.0,direct,20260908_1821_tackles_direct,2026-09-20T12:24:48+00:00,2026-09-20T12:25:10+00:00
2026,2,401872941,2026-09-20,13:05,00-0041544,Akheem Mesidor,LAC,LV,LB,tackles,1.6,0.0,5.1,0.7490183335618777,0.46890067997612717,eligible,eligible_current_role,backup,,2.0,direct,20260908_1821_tackles_direct,2026-09-20T12:24:48+00:00,2026-09-20T12:25:10+00:00
2026,2,401872941,2026-09-20,13:05,00-0041550,Brenen Thompson,LAC,LV,WR,rushing_yards,0.1,-14.7,20.7,,,eligible,eligible_current_role,backup,,4.0,direct_component_blend,20260908_1821_rushing_yards_blend,2026-09-20T12:24:48+00:00,2026-09-20T12:25:10+00:00
2026,2,401872941,2026-09-20,13:05,00-0041550,Brenen Thompson,LAC,LV,WR,receiving_yards,7.1,-15.5,47.7,,,eligible,eligible_current_role,backup,,4.0,direct_component_blend,20260908_1821_receiving_yards_blend,2026-09-20T12:24:48+00:00,2026-09-20T12:25:10+00:00
2026,2,401872941,2026-09-20,13:05,00-0041562,Fernando Mendoza,LV,LAC,QB,rushing_yards,8.9,-8.7,33.6,,,eligible,eligible_current_role,backup,Active,2.0,direct_component_blend,20260908_1821_rushing_yards_blend,2026-09-20T12:24:48+00:00,2026-09-20T12:25:10+00:00
2026,2,401872941,2026-09-20,13:05,00-0041563,Jermod McCoy,LV,LAC,DB,tackles,2.2,0.0,6.1,0.8257596694970851,0.5821261043888671,eligible,eligible_current_role,backup,,2.0,direct,20260908_1821_tackles_direct,2026-09-20T12:24:48+00:00,2026-09-20T12:25:10+00:00
2026,2,401872942,2026-09-20,13:25,00-0029892,Kyle Juszczyk,SF,MIA,RB,rushing_yards,0.6,-10.1,15.7,,,eligible,questionable_flag,starter,Questionable,1.0,direct_component_blend,20260908_1821_rushing_yards_blend,2026-09-20T12:24:48+00:00,2026-09-20T12:25:10+00:00
2026,2,401872942,2026-09-20,13:25,00-0029892,Kyle Juszczyk,SF,MIA,RB,receiving_yards,10.5,-6.7,39.3,,,eligible,questionable_flag,starter,Questionable,1.0,direct_component_blend,20260908_1821_receiving_yards_blend,2026-09-20T12:24:48+00:00,2026-09-20T12:25:10+00:00
2026,2,401872942,2026-09-20,13:25,00-0031408,Mike Evans,SF,MIA,WR,rushing_yards,0.0,-10.7,15.0,,,eligible,eligible_current_role,starter,,1.0,direct_component_blend,20260908_1821_rushing_yards_blend,2026-09-20T12:24:48+00:00,2026-09-20T12:25:10+00:00
2026,2,401872942,2026-09-20,13:25,00-0031408,Mike Evans,SF,MIA,WR,receiving_yards,56.1,29.5,105.3,,,eligible,eligible_current_role,starter,,1.0,direct_component_blend,20260908_1821_receiving_yards_blend,2026-09-20T12:24:48+00:00,2026-09-20T12:25:10+00:00
2026,2,401872942,2026-09-20,13:25,00-0032775,Demarcus Robinson,SF,MIA,WR,rushing_yards,0.0,-10.7,15.0,,,eligible,eligible_current_role,backup,Active,3.0,direct_component_blend,20260908_1821_rushing_yards_blend,2026-09-20T12:24:48+00:00,2026-09-20T12:25:10+00:00
2026,2,401872942,2026-09-20,13:25,00-0032775,Demarcus Robinson,SF,MIA,WR,receiving_yards,15.7,-1.5,44.5,,,eligible,eligible_current_role,backup,Active,3.0,direct_component_blend,20260908_1821_receiving_yards_blend,2026-09-20T12:24:48+00:00,2026-09-20T12:25:10+00:00
2026,2,401872942,2026-09-20,13:25,00-0033280,Christian McCaffrey,SF,MIA,RB,rushing_yards,70.1,48.1,101.0,,,eligible,eligible_current_role,starter,,1.0,direct_component_blend,20260908_1821_rushing_yards_blend,2026-09-20T12:24:48+00:00,2026-09-20T12:25:10+00:00
2026,2,401872942,2026-09-20,13:25,00-0033280,Christian McCaffrey,SF,MIA,RB,receiving_yards,37.6,20.4,66.4,,,eligible,eligible_current_role,starter,,1.0,direct_component_blend,20260908_1821_receiving_yards_blend,2026-09-20T12:24:48+00:00,2026-09-20T12:25:10+00:00
2026,2,401872942,2026-09-20,13:25,00-0033288,George Kittle,SF,MIA,TE,rushing_yards,0.0,-10.7,15.0,,,eligible,questionable_flag,starter,Questionable,1.0,direct_component_blend,20260908_1821_rushing_yards_blend,2026-09-20T12:24:48+00:00,2026-09-20T12:25:10+00:00
2026,2,401872942,2026-09-20,13:25,00-0033288,George Kittle,SF,MIA,TE,receiving_yards,58.7,39.0,92.9,,,eligible,questionable_flag,starter,Questionable,1.0,direct_component_blend,20260908_1821_receiving_yards_blend,2026-09-20T12:24:48+00:00,2026-09-20T12:25:10+00:00
2026,2,401872942,2026-09-20,13:25,00-0034173,Eddy Pineiro,SF,MIA,K,kicking_points,8.1,3.5,13.3,,,eligible,questionable_flag,starter,Questionable,1.0,component,20260908_1821_kicking_points_component,2026-09-20T12:24:48+00:00,2026-09-20T12:25:10+00:00
2026,2,401872942,2026-09-20,13:25,00-0034285,Zach Sieler,MIA,SF,DL,tackles,2.7,0.5,5.4,0.8809810981171743,0.6902863995934826,eligible,eligible_current_role,starter,,1.0,direct,20260908_1821_tackles_direct,2026-09-20T12:24:48+00:00,2026-09-20T12:25:10+00:00
2026,2,401872942,2026-09-20,13:25,00-0034391,Siran Neal,SF,MIA,DB,tackles,0.7,0.0,3.2,0.4083595817132278,0.1345272776256447,eligible,eligible_current_role,backup,,2.0,direct,20260908_1821_tackles_direct,2026-09-20T12:24:48+00:00,2026-09-20T12:25:10+00:00
2026,2,401872942,2026-09-20,13:25,00-0034779,Ronnie Harrison,MIA,SF,LB,tackles,2.2,0.3,4.7,0.8372613761849469,0.6028443139946569,eligible,questionable_flag,backup,Questionable,2.0,direct,20260908_1821_tackles_direct,2026-09-20T12:24:48+00:00,2026-09-20T12:25:10+00:00
2026,2,401872942,2026-09-20,13:25,00-0034807,Ogbo Okoronkwo,SF,MIA,DL,tackles,1.0,0.0,3.5,0.5463647619223404,0.2576339496518101,eligible,eligible_current_role,recent_defensive_participant,,,direct,20260908_1821_tackles_direct,2026-09-20T12:24:48+00:00,2026-09-20T12:25:10+00:00
2026,2,401872942,2026-09-20,13:25,00-0034815,Fred Warner,SF,MIA,LB,tackles,5.3,2.3,9.3,0.981496830849725,0.9416162894304971,eligible,eligible_current_role,starter,,1.0,direct,20260908_1821_tackles_direct,2026-09-20T12:24:48+00:00,2026-09-20T12:25:10+00:00
2026,2,401872942,2026-09-20,13:25,00-0034854,KhaDarel Hodge,SF,MIA,WR,rushing_yards,0.0,-10.8,14.9,,,eligible,eligible_current_role,backup,Active,6.0,direct_component_blend,20260908_1821_rushing_yards_blend,2026-09-20T12:24:48+00:00,2026-09-20T12:25:10+00:00
2026,2,401872942,2026-09-20,13:25,00-0034854,KhaDarel Hodge,SF,MIA,WR,receiving_yards,3.4,-13.7,32.2,,,eligible,eligible_current_role,backup,Active,6.0,direct_component_blend,20260908_1821_receiving_yards_blend,2026-09-20T12:24:48+00:00,2026-09-20T12:25:10+00:00
2026,2,401872942,2026-09-20,13:25,00-0034982,Dre Greenlaw,SF,MIA,LB,tackles,5.6,3.5,8.0,0.9822839977068926,0.9496319580331879,eligible,eligible_current_role,starter,Active,1.0,direct,20260908_1821_tackles_direct,2026-09-20T12:24:48+00:00,2026-09-20T12:25:10+00:00
2026,2,401872942,2026-09-20,13:25,00-0035413,Luke Gifford,SF,MIA,LB,tackles,2.2,0.3,4.7,0.8308998038609867,0.5912928470276934,eligible,eligible_current_role,starter,,1.0,direct,20260908_1821_tackles_direct,2026-09-20T12:24:48+00:00,2026-09-20T12:25:10+00:00
2026,2,401872942,2026-09-20,13:25,00-0035692,Clelin Ferrell,MIA,SF,DL,tackles,1.9,0.0,4.4,0.7780525470233599,0.5046932278719827,eligible,eligible_current_role,recent_defensive_participant,,,direct,20260908_1821_tackles_direct,2026-09-20T12:24:48+00:00,2026-09-20T12:25:10+00:00
2026,2,401872942,2026-09-20,13:25,00-0035717,Nick Bosa,SF,MIA,DL,tackles,2.9,0.9,5.3,0.8956864007184488,0.7251632185622956,eligible,eligible_current_role,starter,Active,1.0,direct,20260908_1821_tackles_direct,2026-09-20T12:24:48+00:00,2026-09-20T12:25:10+00:00
2026,2,401872942,2026-09-20,13:25,00-0035719,Deebo Samuel Sr.,SF,MIA,WR,rushing_yards,6.0,-4.7,21.0,,,eligible,eligible_current_role,backup,Active,2.0,direct_component_blend,20260908_1821_rushing_yards_blend,2026-09-20T12:24:48+00:00,2026-09-20T12:25:10+00:00
2026,2,401872942,2026-09-20,13:25,00-0035719,Deebo Samuel Sr.,SF,MIA,WR,receiving_yards,40.0,13.3,89.2,,,eligible,eligible_current_role,backup,Active,2.0,direct_component_blend,20260908_1821_receiving_yards_blend,2026-09-20T12:24:48+00:00,2026-09-20T12:25:10+00:00
2026,2,401872942,2026-09-20,13:25,00-0036159,Joshua Uche,MIA,SF,LB,tackles,1.2,0.0,3.7,0.5749792059527224,0.2843439172499653,eligible,eligible_current_role,starter,,1.0,direct,20260908_1821_tackles_direct,2026-09-20T12:24:48+00:00,2026-09-20T12:25:10+00:00
2026,2,401872942,2026-09-20,13:25,00-0036329,Ashtyn Davis,SF,MIA,DB,tackles,4.1,1.4,7.6,0.9586617598111501,0.8693152322189437,eligible,eligible_current_role,backup,,3.0,direct,20260908_1821_tackles_direct,2026-09-20T12:24:48+00:00,2026-09-20T12:25:10+00:00
2026,2,401872942,2026-09-20,13:25,00-0036341,Khalid Kareem,SF,MIA,DL,tackles,1.1,0.0,3.6,0.5605370784844688,0.27054777496231464,eligible,questionable_flag,backup,Questionable,2.0,direct,20260908_1821_tackles_direct,2026-09-20T12:24:48+00:00,2026-09-20T12:25:10+00:00
2026,2,401872942,2026-09-20,13:25,00-0036362,Willie Gay Jr.,MIA,SF,LB,tackles,3.1,1.1,5.5,0.9085590959690647,0.7599558787054596,eligible,eligible_current_role,starter,,1.0,direct,20260908_1821_tackles_direct,2026-09-20T12:24:48+00:00,2026-09-20T12:25:10+00:00
2026,2,401872942,2026-09-20,13:25,00-0036409,Jordyn Brooks,MIA,SF,LB,tackles,7.3,5.0,11.9,0.983495145631068,0.9631067961165048,eligible,eligible_current_role,starter,Active,1.0,direct,20260908_1821_tackles_direct,2026-09-20T12:24:48+00:00,2026-09-20T12:25:10+00:00
2026,2,401872942,2026-09-20,13:25,00-0036563,Deommodore Lenoir,SF,MIA,DB,tackles,3.7,1.1,7.2,0.9427413603190019,0.8349178150391617,eligible,eligible_current_role,starter,Active,1.0,direct,20260908_1821_tackles_direct,2026-09-20T12:24:48+00:00,2026-09-20T12:25:10+00:00
2026,2,401872942,2026-09-20,13:25,00-0036677,Zayne Anderson,MIA,SF,DB,tackles,1.0,0.0,3.4,0.5300473823472481,0.24396621823695264,eligible,eligible_current_role,starter,,1.0,direct,20260908_1821_tackles_direct,2026-09-20T12:24:48+00:00,2026-09-20T12:25:10+00:00
2026,2,401872942,2026-09-20,13:25,00-0036682,Malik Herring,MIA,SF,DL,tackles,0.9,0.0,3.4,0.4942237932624331,0.2162765491988091,eligible,eligible_current_role,backup,,2.0,direct,20260908_1821_tackles_direct,2026-09-20T12:24:48+00:00,2026-09-20T12:25:10+00:00
2026,2,401872942,2026-09-20,13:25,00-0036816,Riley Patterson,MIA,SF,K,kicking_points,6.8,2.1,12.3,,,eligible,eligible_current_role,starter,Active,1.0,component,20260908_1821_kicking_points_component,2026-09-20T12:24:48+00:00,2026-09-20T12:25:10+00:00
2026,2,401872942,2026-09-20,13:25,00-0036844,Garret Wallow,SF,MIA,LB,tackles,0.7,0.0,3.2,0.40700517332501646,0.13289475500586273,eligible,eligible_current_role,backup,,2.0,direct,20260908_1821_tackles_direct,2026-09-20T12:24:48+00:00,2026-09-20T12:25:10+00:00
2026,2,401872942,2026-09-20,13:25,00-0036887,Luke Farrell,SF,MIA,TE,rushing_yards,0.0,-10.8,15.0,,,eligible,eligible_current_role,backup,Active,2.0,direct_component_blend,20260908_1821_rushing_yards_blend,2026-09-20T12:24:48+00:00,2026-09-20T12:25:10+00:00
2026,2,401872942,2026-09-20,13:25,00-0036887,Luke Farrell,SF,MIA,TE,receiving_yards,6.6,-10.5,35.4,,,eligible,eligible_current_role,backup,Active,2.0,direct_component_blend,20260908_1821_receiving_yards_blend,2026-09-20T12:24:48+00:00,2026-09-20T12:25:10+00:00
2026,2,401872942,2026-09-20,13:25,00-0036942,Osa Odighizuwa,SF,MIA,DL,tackles,2.2,0.1,5.0,0.8263826064461499,0.5832292813092478,eligible,eligible_current_role,starter,,1.0,direct,20260908_1821_tackles_direct,2026-09-20T12:24:48+00:00,2026-09-20T12:25:10+00:00
2026,2,401872942,2026-09-20,13:25,00-0036972,Mac Jones,SF,MIA,QB,rushing_yards,5.8,-7.0,23.7,,,eligible,eligible_current_role,backup,,2.0,direct_component_blend,20260908_1821_rushing_yards_blend,2026-09-20T12:24:48+00:00,2026-09-20T12:25:10+00:00
2026,2,401872942,2026-09-20,13:25,00-0037252,Greg Dulcich,MIA,SF,TE,rushing_yards,0.0,-10.7,15.0,,,eligible,eligible_current_role,starter,Active,1.0,direct_component_blend,20260908_1821_rushing_yards_blend,2026-09-20T12:24:48+00:00,2026-09-20T12:25:10+00:00
2026,2,401872942,2026-09-20,13:25,00-0037252,Greg Dulcich,MIA,SF,TE,receiving_yards,26.2,9.0,55.0,,,eligible,eligible_current_role,starter,Active,1.0,direct_component_blend,20260908_1821_receiving_yards_blend,2026-09-20T12:24:48+00:00,2026-09-20T12:25:10+00:00
2026,2,401872942,2026-09-20,13:25,00-0037666,Jalen Tolbert,MIA,SF,WR,rushing_yards,0.0,-10.8,15.0,,,eligible,eligible_current_role,backup,Active,5.0,direct_component_blend,20260908_1821_rushing_yards_blend,2026-09-20T12:24:48+00:00,2026-09-20T12:25:10+00:00
2026,2,401872942,2026-09-20,13:25,00-0037666,Jalen Tolbert,MIA,SF,WR,receiving_yards,21.9,4.7,50.7,,,eligible,eligible_current_role,backup,Active,5.0,direct_component_blend,20260908_1821_receiving_yards_blend,2026-09-20T12:24:48+00:00,2026-09-20T12:25:10+00:00
2026,2,401872942,2026-09-20,13:25,00-0037834,Brock Purdy,SF,MIA,QB,passing_yards,233.3,139.8,339.5,,,eligible,eligible_current_role,starter,,1.0,direct_component_blend,20260908_1821_passing_yards_blend,2026-09-20T12:24:48+00:00,2026-09-20T12:25:10+00:00
2026,2,401872942,2026-09-20,13:25,00-0037834,Brock Purdy,SF,MIA,QB,passing_tds,1.589,,,0.8125,0.5119047619047619,eligible,eligible_current_role,starter,,1.0,direct_component_blend,20260908_1821_passing_tds_blend,2026-09-20T12:24:48+00:00,2026-09-20T12:25:10+00:00
2026,2,401872942,2026-09-20,13:25,00-0037834,Brock Purdy,SF,MIA,QB,rushing_yards,13.8,1.0,31.7,,,eligible,eligible_current_role,starter,,1.0,direct_component_blend,20260908_1821_rushing_yards_blend,2026-09-20T12:24:48+00:00,2026-09-20T12:25:10+00:00
2026,2,401872942,2026-09-20,13:25,00-0038039,Jack Jones,SF,MIA,DB,tackles,4.0,1.3,7.5,0.9549653655469423,0.8605486952832226,eligible,eligible_current_role,backup,,2.0,direct,20260908_1821_tackles_direct,2026-09-20T12:24:48+00:00,2026-09-20T12:25:10+00:00
2026,2,401872942,2026-09-20,13:25,00-0038128,Malik Willis,MIA,SF,QB,passing_yards,180.3,86.9,286.5,,,eligible,eligible_current_role,starter,Active,1.0,direct_component_blend,20260908_1821_passing_yards_blend,2026-09-20T12:24:48+00:00,2026-09-20T12:25:10+00:00
2026,2,401872942,2026-09-20,13:25,00-0038128,Malik Willis,MIA,SF,QB,passing_tds,1.063,,,0.6547619047619048,0.3292760872437342,eligible,eligible_current_role,starter,Active,1.0,direct_component_blend,20260908_1821_passing_tds_blend,2026-09-20T12:24:48+00:00,2026-09-20T12:25:10+00:00
2026,2,401872942,2026-09-20,13:25,00-0038128,Malik Willis,MIA,SF,QB,rushing_yards,20.5,7.7,38.4,,,eligible,eligible_current_role,starter,Active,1.0,direct_component_blend,20260908_1821_rushing_yards_blend,2026-09-20T12:24:48+00:00,2026-09-20T12:25:10+00:00
2026,2,401872942,2026-09-20,13:25,00-0038521,Reese Taylor,MIA,SF,DB,tackles,0.6,0.0,3.4,0.39088263821532493,0.11445198836081474,eligible,eligible_current_role,backup,Active,2.0,direct,20260908_1821_tackles_direct,2026-09-20T12:24:48+00:00,2026-09-20T12:25:10+00:00
2026,2,401872942,2026-09-20,13:25,00-0038554,Ji'Ayir Brown,SF,MIA,DB,tackles,4.6,1.9,8.1,0.9740169234870464,0.9081896399552408,eligible,eligible_current_role,starter,,1.0,direct,20260908_1821_tackles_direct,2026-09-20T12:24:48+00:00,2026-09-20T12:25:10+00:00
2026,2,401872942,2026-09-20,13:25,00-0038603,Rob Beal Jr.,MIA,SF,DL,tackles,1.5,0.0,4.0,0.7111391080985698,0.423255595816331,eligible,eligible_current_role,backup,,2.0,direct,20260908_1821_tackles_direct,2026-09-20T12:24:48+00:00,2026-09-20T12:25:10+00:00
2026,2,401872942,2026-09-20,13:25,00-0038643,Brayden Willis,SF,MIA,TE,rushing_yards,0.0,-10.7,15.0,,,eligible,eligible_current_role,backup,Active,3.0,direct_component_blend,20260908_1821_rushing_yards_blend,2026-09-20T12:24:48+00:00,2026-09-20T12:25:10+00:00
2026,2,401872942,2026-09-20,13:25,00-0038643,Brayden Willis,SF,MIA,TE,receiving_yards,0.6,-16.5,29.4,,,eligible,eligible_current_role,backup,Active,3.0,direct_component_blend,20260908_1821_receiving_yards_blend,2026-09-20T12:24:48+00:00,2026-09-20T12:25:10+00:00
2026,2,401872942,2026-09-20,13:25,00-0038824,Ryan Miller,MIA,SF,WR,rushing_yards,0.0,-10.8,15.0,,,eligible,eligible_current_role,backup,,6.0,direct_component_blend,20260908_1821_rushing_yards_blend,2026-09-20T12:24:48+00:00,2026-09-20T12:25:10+00:00
2026,2,401872942,2026-09-20,13:25,00-0038824,Ryan Miller,MIA,SF,WR,receiving_yards,3.0,-14.2,31.8,,,eligible,eligible_current_role,backup,,6.0,direct_component_blend,20260908_1821_receiving_yards_blend,2026-09-20T12:24:48+00:00,2026-09-20T12:25:10+00:00
2026,2,401872942,2026-09-20,13:25,00-0039040,De'Von Achane,MIA,SF,RB,rushing_yards,53.9,31.9,84.9,,,eligible,eligible_current_role,starter,Active,1.0,direct_component_blend,20260908_1821_rushing_yards_blend,2026-09-20T12:24:48+00:00,2026-09-20T12:25:10+00:00
2026,2,401872942,2026-09-20,13:25,00-0039040,De'Von Achane,MIA,SF,RB,receiving_yards,27.9,10.7,56.7,,,eligible,eligible_current_role,starter,Active,1.0,direct_component_blend,20260908_1821_receiving_yards_blend,2026-09-20T12:24:48+00:00,2026-09-20T12:25:10+00:00
2026,2,401872942,2026-09-20,13:25,00-0039148,Keion White,SF,MIA,DL,tackles,1.8,0.0,4.2,0.7657775571357615,0.48908326871932456,eligible,questionable_flag,starter,Questionable,1.0,direct,20260908_1821_tackles_direct,2026-09-20T12:24:48+00:00,2026-09-20T12:25:10+00:00
2026,2,401872942,2026-09-20,13:25,00-0039156,Julius Brents,MIA,SF,DB,tackles,4.0,1.8,6.7,0.953555092138969,0.8572538169186386,eligible,eligible_current_role,starter,,1.0,direct,20260908_1821_tackles_direct,2026-09-20T12:24:48+00:00,2026-09-20T12:25:10+00:00
2026,2,401872942,2026-09-20,13:25,00-0039345,Renardo Green,SF,MIA,DB,tackles,4.0,1.3,7.5,0.9535562523735709,0.857256516771192,eligible,eligible_current_role,starter,Active,1.0,direct,20260908_1821_tackles_direct,2026-09-20T12:24:48+00:00,2026-09-20T12:25:10+00:00
2026,2,401872942,2026-09-20,13:25,00-0039360,Malik Mustapha,SF,MIA,DB,tackles,5.6,2.9,9.1,0.9823457730394347,0.9502781146231051,eligible,eligible_current_role,starter,,1.0,direct,20260908_1821_tackles_direct,2026-09-20T12:24:48+00:00,2026-09-20T12:25:10+00:00
2026,2,401872942,2026-09-20,13:25,00-0039365,Jacob Cowing,SF,MIA,WR,rushing_yards,0.3,-10.4,15.3,,,eligible,eligible_current_role,backup,Active,4.0,direct_component_blend,20260908_1821_rushing_yards_blend,2026-09-20T12:24:48+00:00,2026-09-20T12:25:10+00:00
2026,2,401872942,2026-09-20,13:25,00-0039365,Jacob Cowing,SF,MIA,WR,receiving_yards,8.9,-8.3,37.7,,,eligible,eligible_current_role,backup,Active,4.0,direct_component_blend,20260908_1821_receiving_yards_blend,2026-09-20T12:24:48+00:00,2026-09-20T12:25:10+00:00
2026,2,401872942,2026-09-20,13:25,00-0039383,Jaylin Simpson,MIA,SF,DB,tackles,0.8,0.0,4.7,0.43876909313480006,0.17376974793418876,eligible,eligible_current_role,backup,,2.0,direct,20260908_1821_tackles_direct,2026-09-20T12:24:48+00:00,2026-09-20T12:25:10+00:00
2026,2,401872942,2026-09-20,13:25,00-0039390,Marcellas Dial Jr.,MIA,SF,DB,tackles,3.1,0.9,5.8,0.9079665597153322,0.7582933040911616,eligible,eligible_current_role,backup,,2.0,direct,20260908_1821_tackles_direct,2026-09-20T12:24:48+00:00,2026-09-20T12:25:10+00:00
2026,2,401872942,2026-09-20,13:25,00-0039435,Tatum Bethune,SF,MIA,LB,tackles,6.5,3.5,10.5,0.983495145631068,0.9631067961165048,eligible,eligible_current_role,backup,Active,2.0,direct,20260908_1821_tackles_direct,2026-09-20T12:24:48+00:00,2026-09-20T12:25:10+00:00
2026,2,401872942,2026-09-20,13:25,00-0039532,Julius Wood,MIA,SF,DB,tackles,1.2,0.0,3.9,0.5688493468836398,0.2784076113739716,eligible,eligible_current_role,backup,,2.0,direct,20260908_1821_tackles_direct,2026-09-20T12:24:48+00:00,2026-09-20T12:25:10+00:00
2026,2,401872942,2026-09-20,13:25,00-0039874,Jaylen Wright,MIA,SF,RB,rushing_yards,16.1,-5.9,47.0,,,eligible,eligible_current_role,backup,Active,2.0,direct_component_blend,20260908_1821_rushing_yards_blend,2026-09-20T12:24:48+00:00,2026-09-20T12:25:10+00:00
2026,2,401872942,2026-09-20,13:25,00-0039874,Jaylen Wright,MIA,SF,RB,receiving_yards,3.1,-14.0,32.0,,,eligible,eligible_current_role,backup,Active,2.0,direct_component_blend,20260908_1821_receiving_yards_blend,2026-09-20T12:24:48+00:00,2026-09-20T12:25:10+00:00
2026,2,401872942,2026-09-20,13:25,00-0039880,Malik Washington,MIA,SF,WR,rushing_yards,1.1,-9.6,16.1,,,eligible,eligible_current_role,starter,Active,1.0,direct_component_blend,20260908_1821_rushing_yards_blend,2026-09-20T12:24:48+00:00,2026-09-20T12:25:10+00:00
2026,2,401872942,2026-09-20,13:25,00-0039880,Malik Washington,MIA,SF,WR,receiving_yards,23.1,6.0,51.9,,,eligible,eligible_current_role,starter,Active,1.0,direct_component_blend,20260908_1821_receiving_yards_blend,2026-09-20T12:24:48+00:00,2026-09-20T12:25:10+00:00
2026,2,401872942,2026-09-20,13:25,00-0039911,Chop Robinson,MIA,SF,LB,tackles,1.6,0.0,4.0,0.745904776767679,0.4652852596840917,eligible,questionable_flag,starter,Questionable,1.0,direct,20260908_1821_tackles_direct,2026-09-20T12:24:48+00:00,2026-09-20T12:25:10+00:00
2026,2,401872942,2026-09-20,13:25,00-0040014,Kyle McCord,MIA,SF,QB,rushing_yards,8.5,-9.1,33.1,,,eligible,eligible_current_role,backup,,2.0,direct_component_blend,20260908_1821_rushing_yards_blend,2026-09-20T12:24:48+00:00,2026-09-20T12:25:10+00:00
2026,2,401872942,2026-09-20,13:25,00-0040066,Jackson Woodard,MIA,SF,LB,tackles,0.8,0.0,4.3,0.44031903169692277,0.17590732113396843,eligible,eligible_current_role,backup,,2.0,direct,20260908_1821_tackles_direct,2026-09-20T12:24:48+00:00,2026-09-20T12:25:10+00:00
2026,2,401872942,2026-09-20,13:25,00-0040152,Upton Stout,SF,MIA,DB,tackles,4.6,2.4,7.3,0.974431507977671,0.9093068885408448,eligible,eligible_current_role,starter,,1.0,direct,20260908_1821_tackles_direct,2026-09-20T12:24:48+00:00,2026-09-20T12:25:10+00:00
2026,2,401872942,2026-09-20,13:25,00-0040172,Jordan Watkins,SF,MIA,WR,rushing_yards,0.0,-11.8,16.5,,,eligible,eligible_current_role,backup,Active,5.0,direct_component_blend,20260908_1821_rushing_yards_blend,2026-09-20T12:24:48+00:00,2026-09-20T12:25:10+00:00
2026,2,401872942,2026-09-20,13:25,00-0040172,Jordan Watkins,SF,MIA,WR,receiving_yards,7.0,-11.7,38.9,,,eligible,eligible_current_role,backup,Active,5.0,direct_component_blend,20260908_1821_receiving_yards_blend,2026-09-20T12:24:48+00:00,2026-09-20T12:25:10+00:00
2026,2,401872942,2026-09-20,13:25,00-0040175,Jordan Phillips,MIA,SF,DL,tackles,1.5,0.0,4.0,0.7274202441114411,0.4423852318378161,eligible,eligible_current_role,recent_defensive_participant,,,direct,20260908_1821_tackles_direct,2026-09-20T12:24:48+00:00,2026-09-20T12:25:10+00:00
2026,2,401872942,2026-09-20,13:25,00-0040177,Jordan James,SF,MIA,RB,rushing_yards,8.1,-22.2,50.6,,,eligible,eligible_current_role,backup,Active,3.0,direct_component_blend,20260908_1821_rushing_yards_blend,2026-09-20T12:24:48+00:00,2026-09-20T12:25:10+00:00
2026,2,401872942,2026-09-20,13:25,00-0040177,Jordan James,SF,MIA,RB,receiving_yards,1.5,-21.2,42.0,,,eligible,eligible_current_role,backup,Active,3.0,direct_component_blend,20260908_1821_receiving_yards_blend,2026-09-20T12:24:48+00:00,2026-09-20T12:25:10+00:00
2026,2,401872942,2026-09-20,13:25,00-0040178,Jason Marshall Jr.,MIA,SF,DB,tackles,4.0,1.3,7.5,0.9531330781847046,0.8562729638814194,eligible,eligible_current_role,starter,,1.0,direct,20260908_1821_tackles_direct,2026-09-20T12:24:48+00:00,2026-09-20T12:25:10+00:00
2026,2,401872942,2026-09-20,13:25,00-0040182,Dante Trader Jr.,MIA,SF,DB,tackles,2.7,0.5,5.4,0.8806737511684161,0.6896121215414842,eligible,eligible_current_role,backup,,2.0,direct,20260908_1821_tackles_direct,2026-09-20T12:24:48+00:00,2026-09-20T12:25:10+00:00
2026,2,401872942,2026-09-20,13:25,00-0040185,Marques Sigle,SF,MIA,DB,tackles,0.9,0.0,3.4,0.49273439271508856,0.21517885192254063,eligible,eligible_current_role,backup,Active,2.0,direct,20260908_1821_tackles_direct,2026-09-20T12:24:48+00:00,2026-09-20T12:25:10+00:00
2026,2,401872942,2026-09-20,13:25,00-0040198,Ollie Gordon II,MIA,SF,RB,rushing_yards,8.5,-2.3,23.5,,,eligible,eligible_current_role,backup,Active,3.0,direct_component_blend,20260908_1821_rushing_yards_blend,2026-09-20T12:24:48+00:00,2026-09-20T12:25:10+00:00
2026,2,401872942,2026-09-20,13:25,00-0040198,Ollie Gordon II,MIA,SF,RB,receiving_yards,2.4,-14.8,31.2,,,eligible,eligible_current_role,backup,Active,3.0,direct_component_blend,20260908_1821_receiving_yards_blend,2026-09-20T12:24:48+00:00,2026-09-20T12:25:10+00:00
2026,2,401872942,2026-09-20,13:25,00-0040248,Zeek Biggers,MIA,SF,DL,tackles,1.9,0.0,4.4,0.7775023848670678,0.5039776371465428,eligible,eligible_current_role,backup,,2.0,direct,20260908_1821_tackles_direct,2026-09-20T12:24:48+00:00,2026-09-20T12:25:10+00:00
2026,2,401872942,2026-09-20,13:25,00-0040398,Brady Cook,MIA,SF,QB,rushing_yards,7.6,-5.2,25.5,,,eligible,eligible_current_role,backup,Active,3.0,direct_component_blend,20260908_1821_rushing_yards_blend,2026-09-20T12:24:48+00:00,2026-09-20T12:25:10+00:00
2026,2,401872942,2026-09-20,13:25,00-0040589,Kurtis Rourke,SF,MIA,QB,rushing_yards,8.8,-8.8,33.5,,,eligible,eligible_current_role,backup,Active,3.0,direct_component_blend,20260908_1821_rushing_yards_blend,2026-09-20T12:24:48+00:00,2026-09-20T12:25:10+00:00
2026,2,401872942,2026-09-20,13:25,00-0040655,Keith Cooper Jr.,MIA,SF,DL,tackles,0.7,0.0,4.2,0.39803986217249615,0.1223264540988958,eligible,eligible_current_role,backup,,2.0,direct,20260908_1821_tackles_direct,2026-09-20T12:24:48+00:00,2026-09-20T12:25:10+00:00
2026,2,401872942,2026-09-20,13:25,00-0040711,CJ West,SF,MIA,DL,tackles,1.3,0.0,3.8,0.5908283856451839,0.29930750230332404,eligible,eligible_current_role,backup,,2.0,direct,20260908_1821_tackles_direct,2026-09-20T12:24:48+00:00,2026-09-20T12:25:10+00:00
2026,2,401872942,2026-09-20,13:25,00-0041052,Kaelon Black,SF,MIA,RB,rushing_yards,14.8,-15.5,57.3,,,eligible,eligible_current_role,backup,Active,2.0,direct_component_blend,20260908_1821_rushing_yards_blend,2026-09-20T12:24:48+00:00,2026-09-20T12:25:10+00:00
2026,2,401872942,2026-09-20,13:25,00-0041052,Kaelon Black,SF,MIA,RB,receiving_yards,3.7,-18.9,44.3,,,eligible,eligible_current_role,backup,Active,2.0,direct_component_blend,20260908_1821_receiving_yards_blend,2026-09-20T12:24:48+00:00,2026-09-20T12:25:10+00:00
2026,2,401872942,2026-09-20,13:25,00-0041068,Ephesians Prysock,SF,MIA,DB,tackles,2.1,0.0,6.1,0.8199781567258135,0.5719870152077368,eligible,eligible_current_role,backup,Active,2.0,direct,20260908_1821_tackles_direct,2026-09-20T12:24:48+00:00,2026-09-20T12:25:10+00:00
2026,2,401872942,2026-09-20,13:25,00-0041077,Justin Joly,MIA,SF,TE,rushing_yards,0.0,-14.8,20.6,,,eligible,eligible_current_role,backup,Active,4.0,direct_component_blend,20260908_1821_rushing_yards_blend,2026-09-20T12:24:48+00:00,2026-09-20T12:25:10+00:00
2026,2,401872942,2026-09-20,13:25,00-0041077,Justin Joly,MIA,SF,TE,receiving_yards,4.8,-17.8,45.4,,,eligible,eligible_current_role,backup,Active,4.0,direct_component_blend,20260908_1821_receiving_yards_blend,2026-09-20T12:24:48+00:00,2026-09-20T12:25:10+00:00
2026,2,401872942,2026-09-20,13:25,00-0041078,Jaden Dugger,SF,MIA,LB,tackles,1.6,0.0,5.1,0.7498562415233433,0.4698805940279435,eligible,eligible_current_role,backup,,2.0,direct,20260908_1821_tackles_direct,2026-09-20T12:24:48+00:00,2026-09-20T12:25:10+00:00
2026,2,401872942,2026-09-20,13:25,00-0041161,Le'Veon Moss,MIA,SF,RB,rushing_yards,13.7,-16.5,56.2,,,eligible,eligible_current_role,roster_only,,,direct_component_blend,20260908_1821_rushing_yards_blend,2026-09-20T12:24:48+00:00,2026-09-20T12:25:10+00:00
2026,2,401872942,2026-09-20,13:25,00-0041161,Le'Veon Moss,MIA,SF,RB,receiving_yards,4.0,-18.7,44.6,,,eligible,eligible_current_role,roster_only,,,direct_component_blend,20260908_1821_receiving_yards_blend,2026-09-20T12:24:48+00:00,2026-09-20T12:25:10+00:00
2026,2,401872942,2026-09-20,13:25,00-0041363,James Thompson Jr.,SF,MIA,DL,tackles,1.1,0.0,4.7,0.5639651512060745,0.2737631223146714,eligible,eligible_current_role,recent_defensive_participant,,,direct,20260908_1821_tackles_direct,2026-09-20T12:24:48+00:00,2026-09-20T12:25:10+00:00
2026,2,401872942,2026-09-20,13:25,00-0041436,DJ Herman,MIA,SF,RB,rushing_yards,14.2,-16.1,56.7,,,eligible,eligible_current_role,starter,,1.0,direct_component_blend,20260908_1821_rushing_yards_blend,2026-09-20T12:24:48+00:00,2026-09-20T12:25:10+00:00
2026,2,401872942,2026-09-20,13:25,00-0041436,DJ Herman,MIA,SF,RB,receiving_yards,4.3,-18.3,44.9,,,eligible,eligible_current_role,starter,,1.0,direct_component_blend,20260908_1821_receiving_yards_blend,2026-09-20T12:24:48+00:00,2026-09-20T12:25:10+00:00
2026,2,401872942,2026-09-20,13:25,00-0041522,Jacob Rodriguez,MIA,SF,LB,tackles,2.2,0.0,5.8,0.8352369065779763,0.5991429306399727,eligible,eligible_current_role,starter,Active,1.0,direct,20260908_1821_tackles_direct,2026-09-20T12:24:48+00:00,2026-09-20T12:25:10+00:00
2026,2,401872942,2026-09-20,13:25,00-0041523,Caleb Douglas,MIA,SF,WR,rushing_yards,0.0,-14.8,20.6,,,eligible,eligible_current_role,backup,Active,2.0,direct_component_blend,20260908_1821_rushing_yards_blend,2026-09-20T12:24:48+00:00,2026-09-20T12:25:10+00:00
2026,2,401872942,2026-09-20,13:25,00-0041523,Caleb Douglas,MIA,SF,WR,receiving_yards,10.1,-12.5,50.7,,,eligible,eligible_current_role,backup,Active,2.0,direct_component_blend,20260908_1821_receiving_yards_blend,2026-09-20T12:24:48+00:00,2026-09-20T12:25:10+00:00
2026,2,401872942,2026-09-20,13:25,00-0041524,Will Kacmarek,MIA,SF,TE,rushing_yards,0.0,-14.8,20.6,,,eligible,eligible_current_role,backup,Active,2.0,direct_component_blend,20260908_1821_rushing_yards_blend,2026-09-20T12:24:48+00:00,2026-09-20T12:25:10+00:00
2026,2,401872942,2026-09-20,13:25,00-0041524,Will Kacmarek,MIA,SF,TE,receiving_yards,7.7,-14.9,48.3,,,eligible,eligible_current_role,backup,Active,2.0,direct_component_blend,20260908_1821_receiving_yards_blend,2026-09-20T12:24:48+00:00,2026-09-20T12:25:10+00:00
2026,2,401872942,2026-09-20,13:25,00-0041525,Chris Bell,MIA,SF,WR,rushing_yards,0.0,-14.8,20.6,,,eligible,eligible_current_role,backup,Active,3.0,direct_component_blend,20260908_1821_rushing_yards_blend,2026-09-20T12:24:48+00:00,2026-09-20T12:25:10+00:00
2026,2,401872942,2026-09-20,13:25,00-0041525,Chris Bell,MIA,SF,WR,receiving_yards,6.7,-15.9,47.3,,,eligible,eligible_current_role,backup,Active,3.0,direct_component_blend,20260908_1821_receiving_yards_blend,2026-09-20T12:24:48+00:00,2026-09-20T12:25:10+00:00
2026,2,401872942,2026-09-20,13:25,00-0041528,Michael Taaffe,MIA,SF,DB,tackles,3.0,0.2,6.9,0.9037633295114823,0.7466770985084168,eligible,eligible_current_role,starter,,1.0,direct,20260908_1821_tackles_direct,2026-09-20T12:24:48+00:00,2026-09-20T12:25:10+00:00
2026,2,401872942,2026-09-20,13:25,00-0041529,Kevin Coleman Jr.,MIA,SF,WR,rushing_yards,0.0,-14.8,20.6,,,eligible,eligible_current_role,backup,Active,4.0,direct_component_blend,20260908_1821_rushing_yards_blend,2026-09-20T12:24:48+00:00,2026-09-20T12:25:10+00:00
2026,2,401872942,2026-09-20,13:25,00-0041529,Kevin Coleman Jr.,MIA,SF,WR,receiving_yards,6.7,-16.0,47.2,,,eligible,eligible_current_role,backup,Active,4.0,direct_component_blend,20260908_1821_receiving_yards_blend,2026-09-20T12:24:48+00:00,2026-09-20T12:25:10+00:00
2026,2,401872942,2026-09-20,13:25,00-0041533,Chris Johnson,MIA,SF,DB,tackles,3.0,0.2,6.9,0.9037633295114823,0.7466770985084168,eligible,eligible_current_role,starter,Active,1.0,direct,20260908_1821_tackles_direct,2026-09-20T12:24:48+00:00,2026-09-20T12:25:10+00:00
2026,2,401872942,2026-09-20,13:25,00-0041556,Romello Height,SF,MIA,DL,tackles,1.2,0.0,4.7,0.5682245682336512,0.27780930210633287,eligible,eligible_current_role,backup,,2.0,direct,20260908_1821_tackles_direct,2026-09-20T12:24:48+00:00,2026-09-20T12:25:10+00:00
2026,2,401872942,2026-09-20,13:25,00-0041557,Gracen Halton,SF,MIA,DL,tackles,1.3,0.0,4.9,0.6280695093611548,0.3346787576094492,eligible,eligible_current_role,starter,,1.0,direct,20260908_1821_tackles_direct,2026-09-20T12:24:48+00:00,2026-09-20T12:25:10+00:00
2026,2,401872942,2026-09-20,13:25,00-0041579,Seydou Traore,MIA,SF,TE,rushing_yards,0.0,-14.8,20.6,,,eligible,questionable_flag,backup,Questionable,3.0,direct_component_blend,20260908_1821_rushing_yards_blend,2026-09-20T12:24:48+00:00,2026-09-20T12:25:10+00:00
2026,2,401872942,2026-09-20,13:25,00-0041579,Seydou Traore,MIA,SF,TE,receiving_yards,4.4,-18.3,44.9,,,eligible,questionable_flag,backup,Questionable,3.0,direct_component_blend,20260908_1821_receiving_yards_blend,2026-09-20T12:24:48+00:00,2026-09-20T12:25:10+00:00
2026,2,401872942,2026-09-20,13:25,THO581952,James Thompson Jr.,SF,MIA,DT,tackles,1.2,0.0,4.7,0.5688970767904888,0.27845337004448517,eligible,eligible_current_role,backup,,2.0,direct,20260908_1821_tackles_direct,2026-09-20T12:24:48+00:00,2026-09-20T12:25:10+00:00
2026,2,401872943,2026-09-20,13:25,00-0031411,DeMarcus Lawrence,SEA,ARI,LB,tackles,3.3,0.4,7.3,0.9200983187426531,0.7937151380804908,eligible,eligible_current_role,starter,,1.0,direct,20260908_1821_tackles_direct,2026-09-20T12:24:48+00:00,2026-09-20T12:25:10+00:00
2026,2,401872943,2026-09-20,13:25,00-0031492,Jason Myers,SEA,ARI,K,kicking_points,7.8,2.7,13.6,,,eligible,eligible_current_role,starter,,1.0,component,20260908_1821_kicking_points_component,2026-09-20T12:24:48+00:00,2026-09-20T12:25:10+00:00
2026,2,401872943,2026-09-20,13:25,00-0031933,Leonard Williams,SEA,ARI,DL,tackles,3.0,0.9,5.8,0.9067180569072922,0.7548107998683088,eligible,eligible_current_role,starter,Active,1.0,direct,20260908_1821_tackles_direct,2026-09-20T12:24:48+00:00,2026-09-20T12:25:10+00:00
2026,2,401872943,2026-09-20,13:25,00-0032052,Dante Fowler Jr.,SEA,ARI,LB,tackles,1.2,0.0,3.7,0.5705437179224352,0.280036441283518,eligible,eligible_current_role,backup,,2.0,direct,20260908_1821_tackles_direct,2026-09-20T12:24:48+00:00,2026-09-20T12:25:10+00:00
2026,2,401872943,2026-09-20,13:25,00-0032387,Jarran Reed,SEA,ARI,DL,tackles,2.2,0.2,4.7,0.8250335823862665,0.5808429182972691,eligible,eligible_current_role,starter,,1.0,direct,20260908_1821_tackles_direct,2026-09-20T12:24:48+00:00,2026-09-20T12:25:10+00:00
2026,2,401872943,2026-09-20,13:25,00-0033066,Andrew Billings,ARI,SEA,DL,tackles,1.5,0.0,3.9,0.6948037653113153,0.4046823966617733,eligible,eligible_current_role,backup,Active,2.0,direct,20260908_1821_tackles_direct,2026-09-20T12:24:48+00:00,2026-09-20T12:25:10+00:00
2026,2,401872943,2026-09-20,13:25,00-0033119,Jacoby Brissett,ARI,SEA,QB,passing_yards,205.4,111.9,311.6,,,eligible,eligible_current_role,starter,Active,1.0,direct_component_blend,20260908_1821_passing_yards_blend,2026-09-20T12:24:48+00:00,2026-09-20T12:25:10+00:00
2026,2,401872943,2026-09-20,13:25,00-0033119,Jacoby Brissett,ARI,SEA,QB,passing_tds,1.206,,,0.6547619047619048,0.39285714285714285,eligible,eligible_current_role,starter,Active,1.0,direct_component_blend,20260908_1821_passing_tds_blend,2026-09-20T12:24:48+00:00,2026-09-20T12:25:10+00:00
2026,2,401872943,2026-09-20,13:25,00-0033119,Jacoby Brissett,ARI,SEA,QB,rushing_yards,7.4,-3.3,22.5,,,eligible,eligible_current_role,starter,Active,1.0,direct_component_blend,20260908_1821_rushing_yards_blend,2026-09-20T12:24:48+00:00,2026-09-20T12:25:10+00:00
2026,2,401872943,2026-09-20,13:25,00-0033307,Kendrick Bourne,ARI,SEA,WR,rushing_yards,0.0,-10.8,15.0,,,eligible,eligible_current_role,backup,Active,3.0,direct_component_blend,20260908_1821_rushing_yards_blend,2026-09-20T12:24:48+00:00,2026-09-20T12:25:10+00:00
2026,2,401872943,2026-09-20,13:25,00-0033307,Kendrick Bourne,ARI,SEA,WR,receiving_yards,18.5,1.4,47.3,,,eligible,eligible_current_role,backup,Active,3.0,direct_component_blend,20260908_1821_receiving_yards_blend,2026-09-20T12:24:48+00:00,2026-09-20T12:25:10+00:00
2026,2,401872943,2026-09-20,13:25,00-0033576,Eric Saubert,SEA,ARI,TE,rushing_yards,0.0,-10.7,15.0,,,eligible,eligible_current_role,backup,,2.0,direct_component_blend,20260908_1821_rushing_yards_blend,2026-09-20T12:24:48+00:00,2026-09-20T12:25:10+00:00
2026,2,401872943,2026-09-20,13:25,00-0033576,Eric Saubert,SEA,ARI,TE,receiving_yards,6.4,-10.7,35.3,,,eligible,eligible_current_role,backup,,2.0,direct_component_blend,20260908_1821_receiving_yards_blend,2026-09-20T12:24:48+00:00,2026-09-20T12:25:10+00:00
2026,2,401872943,2026-09-20,13:25,00-0033890,Budda Baker,ARI,SEA,DB,tackles,6.8,4.3,10.5,0.983495145631068,0.9631067961165048,eligible,eligible_current_role,starter,Active,1.0,direct,20260908_1821_tackles_direct,2026-09-20T12:24:48+00:00,2026-09-20T12:25:10+00:00
2026,2,401872943,2026-09-20,13:25,00-0033908,Cooper Kupp,SEA,ARI,WR,rushing_yards,0.0,-10.7,15.0,,,eligible,questionable_flag,backup,Questionable,3.0,direct_component_blend,20260908_1821_rushing_yards_blend,2026-09-20T12:24:48+00:00,2026-09-20T12:25:10+00:00
2026,2,401872943,2026-09-20,13:25,00-0033908,Cooper Kupp,SEA,ARI,WR,receiving_yards,37.5,10.9,86.7,,,eligible,questionable_flag,backup,Questionable,3.0,direct_component_blend,20260908_1821_receiving_yards_blend,2026-09-20T12:24:48+00:00,2026-09-20T12:25:10+00:00
2026,2,401872943,2026-09-20,13:25,00-0034350,Uchenna Nwosu,SEA,ARI,LB,tackles,2.3,0.4,4.8,0.8473401523780935,0.6217852253629298,eligible,eligible_current_role,starter,,1.0,direct,20260908_1821_tackles_direct,2026-09-20T12:24:48+00:00,2026-09-20T12:25:10+00:00
2026,2,401872943,2026-09-20,13:25,00-0034381,Josh Sweat,ARI,SEA,LB,tackles,1.4,0.0,3.9,0.6883383835239267,0.397496285746611,eligible,eligible_current_role,starter,,1.0,direct,20260908_1821_tackles_direct,2026-09-20T12:24:48+00:00,2026-09-20T12:25:10+00:00
2026,2,401872943,2026-09-20,13:25,00-0034974,Julian Love,SEA,ARI,DB,tackles,5.3,2.6,8.8,0.981586038978463,0.9425060760923578,eligible,eligible_current_role,starter,Active,1.0,direct,20260908_1821_tackles_direct,2026-09-20T12:24:48+00:00,2026-09-20T12:25:10+00:00
2026,2,401872943,2026-09-20,13:25,00-0035144,Mack Wilson,ARI,SEA,LB,tackles,6.1,3.1,10.1,0.9832433236878446,0.96002195617944,eligible,eligible_current_role,starter,,1.0,direct,20260908_1821_tackles_direct,2026-09-20T12:24:48+00:00,2026-09-20T12:25:10+00:00
2026,2,401872943,2026-09-20,13:25,00-0035289,Gardner Minshew,ARI,SEA,QB,rushing_yards,6.0,-4.7,21.1,,,eligible,eligible_current_role,backup,,2.0,direct_component_blend,20260908_1821_rushing_yards_blend,2026-09-20T12:24:48+00:00,2026-09-20T12:25:10+00:00
2026,2,401872943,2026-09-20,13:25,00-0035378,Andrew Wingard,ARI,SEA,DB,tackles,5.0,2.3,8.5,0.9804070785989044,0.9310665734567212,eligible,eligible_current_role,starter,,1.0,direct,20260908_1821_tackles_direct,2026-09-20T12:24:48+00:00,2026-09-20T12:25:10+00:00
2026,2,401872943,2026-09-20,13:25,00-0035636,L.J. Collier,ARI,SEA,DL,tackles,1.5,0.0,3.9,0.697620815904813,0.40784235946083613,eligible,eligible_current_role,backup,,2.0,direct,20260908_1821_tackles_direct,2026-09-20T12:24:48+00:00,2026-09-20T12:25:10+00:00
2026,2,401872943,2026-09-20,13:25,00-0035704,Drew Lock,SEA,ARI,QB,passing_yards,177.1,69.6,299.3,,,eligible,eligible_current_role,backup,Active,2.0,direct_component_blend,20260908_1821_passing_yards_blend,2026-09-20T12:24:48+00:00,2026-09-20T12:25:10+00:00
2026,2,401872943,2026-09-20,13:25,00-0035704,Drew Lock,SEA,ARI,QB,passing_tds,0.799,,,0.5518369876751714,0.24187590848053794,eligible,eligible_current_role,backup,Active,2.0,direct_component_blend,20260908_1821_passing_tds_blend,2026-09-20T12:24:48+00:00,2026-09-20T12:25:10+00:00
2026,2,401872943,2026-09-20,13:25,00-0035704,Drew Lock,SEA,ARI,QB,rushing_yards,10.6,-3.9,31.0,,,eligible,eligible_current_role,backup,Active,2.0,direct_component_blend,20260908_1821_rushing_yards_blend,2026-09-20T12:24:48+00:00,2026-09-20T12:25:10+00:00
2026,2,401872943,2026-09-20,13:25,00-0036331,Devin Duvernay,ARI,SEA,WR,rushing_yards,0.1,-10.6,15.1,,,eligible,eligible_current_role,backup,,6.0,direct_component_blend,20260908_1821_rushing_yards_blend,2026-09-20T12:24:48+00:00,2026-09-20T12:25:10+00:00
2026,2,401872943,2026-09-20,13:25,00-0036331,Devin Duvernay,ARI,SEA,WR,receiving_yards,4.7,-12.4,33.5,,,eligible,eligible_current_role,backup,,6.0,direct_component_blend,20260908_1821_receiving_yards_blend,2026-09-20T12:24:48+00:00,2026-09-20T12:25:10+00:00
2026,2,401872943,2026-09-20,13:25,00-0036568,Roy Lopez,ARI,SEA,DL,tackles,2.0,0.1,4.5,0.8041666760893723,0.5451349943999995,eligible,questionable_flag,starter,Questionable,1.0,direct,20260908_1821_tackles_direct,2026-09-20T12:24:48+00:00,2026-09-20T12:25:10+00:00
2026,2,401872943,2026-09-20,13:25,00-0036646,Simi Fehoko,ARI,SEA,WR,rushing_yards,0.0,-10.7,15.1,,,eligible,eligible_current_role,backup,,5.0,direct_component_blend,20260908_1821_rushing_yards_blend,2026-09-20T12:24:48+00:00,2026-09-20T12:25:10+00:00
2026,2,401872943,2026-09-20,13:25,00-0036646,Simi Fehoko,ARI,SEA,WR,receiving_yards,5.1,-12.0,34.0,,,eligible,eligible_current_role,backup,,5.0,direct_component_blend,20260908_1821_receiving_yards_blend,2026-09-20T12:24:48+00:00,2026-09-20T12:25:10+00:00
2026,2,401872943,2026-09-20,13:25,00-0036933,Zaven Collins,ARI,SEA,LB,tackles,2.8,0.8,5.2,0.8890934466700284,0.7084643470663021,eligible,eligible_current_role,starter,,1.0,direct,20260908_1821_tackles_direct,2026-09-20T12:24:48+00:00,2026-09-20T12:25:10+00:00
2026,2,401872943,2026-09-20,13:25,00-0036994,Ernest Jones,SEA,ARI,LB,tackles,6.8,4.1,11.0,0.983495145631068,0.9631067961165048,eligible,eligible_current_role,recent_defensive_participant,Active,,direct,20260908_1821_tackles_direct,2026-09-20T12:24:48+00:00,2026-09-20T12:25:10+00:00
2026,2,401872943,2026-09-20,13:25,00-0036995,Baron Browning,ARI,SEA,LB,tackles,2.2,0.3,4.7,0.8290942316856497,0.588056173185296,eligible,eligible_current_role,backup,,2.0,direct,20260908_1821_tackles_direct,2026-09-20T12:24:48+00:00,2026-09-20T12:25:10+00:00
2026,2,401872943,2026-09-20,13:25,00-0037004,Hunter Long,ARI,SEA,TE,rushing_yards,0.0,-10.8,15.0,,,eligible,eligible_current_role,backup,,3.0,direct_component_blend,20260908_1821_rushing_yards_blend,2026-09-20T12:24:48+00:00,2026-09-20T12:25:10+00:00
2026,2,401872943,2026-09-20,13:25,00-0037004,Hunter Long,ARI,SEA,TE,receiving_yards,9.4,-7.7,38.2,,,eligible,eligible_current_role,backup,,3.0,direct_component_blend,20260908_1821_receiving_yards_blend,2026-09-20T12:24:48+00:00,2026-09-20T12:25:10+00:00
2026,2,401872943,2026-09-20,13:25,00-0037137,Josh Jobe,SEA,ARI,DB,tackles,3.2,0.6,6.8,0.9172083669552301,0.7849961611020534,eligible,eligible_current_role,starter,Active,1.0,direct,20260908_1821_tackles_direct,2026-09-20T12:24:48+00:00,2026-09-20T12:25:10+00:00
2026,2,401872943,2026-09-20,13:25,00-0037157,Bam Knight,ARI,SEA,RB,rushing_yards,15.1,-6.9,46.0,,,eligible,eligible_current_role,backup,Active,3.0,direct_component_blend,20260908_1821_rushing_yards_blend,2026-09-20T12:24:48+00:00,2026-09-20T12:25:10+00:00
2026,2,401872943,2026-09-20,13:25,00-0037157,Bam Knight,ARI,SEA,RB,receiving_yards,7.7,-9.5,36.5,,,eligible,eligible_current_role,backup,Active,3.0,direct_component_blend,20260908_1821_receiving_yards_blend,2026-09-20T12:24:48+00:00,2026-09-20T12:25:10+00:00
2026,2,401872943,2026-09-20,13:25,00-0037263,Tyler Allgeier,ARI,SEA,RB,rushing_yards,32.1,10.1,63.1,,,eligible,eligible_current_role,backup,Active,2.0,direct_component_blend,20260908_1821_rushing_yards_blend,2026-09-20T12:24:48+00:00,2026-09-20T12:25:10+00:00
2026,2,401872943,2026-09-20,13:25,00-0037263,Tyler Allgeier,ARI,SEA,RB,receiving_yards,5.5,-11.7,34.3,,,eligible,eligible_current_role,backup,Active,2.0,direct_component_blend,20260908_1821_receiving_yards_blend,2026-09-20T12:24:48+00:00,2026-09-20T12:25:10+00:00
2026,2,401872943,2026-09-20,13:25,00-0037323,Rodney Thomas,SEA,ARI,DB,tackles,1.1,0.0,3.6,0.5654908226771435,0.275205869560624,eligible,eligible_current_role,recent_defensive_participant,,,direct,20260908_1821_tackles_direct,2026-09-20T12:24:48+00:00,2026-09-20T12:25:10+00:00
2026,2,401872943,2026-09-20,13:25,00-0037545,Rashid Shaheed,SEA,ARI,WR,rushing_yards,1.4,-9.3,16.5,,,eligible,eligible_current_role,backup,Active,2.0,direct_component_blend,20260908_1821_rushing_yards_blend,2026-09-20T12:24:48+00:00,2026-09-20T12:25:10+00:00
2026,2,401872943,2026-09-20,13:25,00-0037545,Rashid Shaheed,SEA,ARI,WR,receiving_yards,14.4,-2.8,43.2,,,eligible,eligible_current_role,backup,Active,2.0,direct_component_blend,20260908_1821_receiving_yards_blend,2026-09-20T12:24:48+00:00,2026-09-20T12:25:10+00:00
2026,2,401872943,2026-09-20,13:25,00-0037596,Jack Gibbens,ARI,SEA,LB,tackles,5.4,2.4,9.4,0.981713840899238,0.9437885923584575,eligible,questionable_flag,starter,Questionable,1.0,direct,20260908_1821_tackles_direct,2026-09-20T12:24:48+00:00,2026-09-20T12:25:10+00:00
2026,2,401872943,2026-09-20,13:25,00-0037744,Trey McBride,ARI,SEA,TE,rushing_yards,0.0,-10.8,15.0,,,eligible,eligible_current_role,starter,Active,1.0,direct_component_blend,20260908_1821_rushing_yards_blend,2026-09-20T12:24:48+00:00,2026-09-20T12:25:10+00:00
2026,2,401872943,2026-09-20,13:25,00-0037744,Trey McBride,ARI,SEA,TE,receiving_yards,60.6,40.9,94.9,,,eligible,eligible_current_role,starter,Active,1.0,direct_component_blend,20260908_1821_receiving_yards_blend,2026-09-20T12:24:48+00:00,2026-09-20T12:25:10+00:00
2026,2,401872943,2026-09-20,13:25,00-0037745,Velus Jones Jr.,SEA,ARI,RB,rushing_yards,8.5,-2.2,23.5,,,eligible,eligible_current_role,roster_only,,,direct_component_blend,20260908_1821_rushing_yards_blend,2026-09-20T12:24:48+00:00,2026-09-20T12:25:10+00:00
2026,2,401872943,2026-09-20,13:25,00-0037745,Velus Jones Jr.,SEA,ARI,RB,receiving_yards,0.9,-16.3,29.7,,,eligible,eligible_current_role,roster_only,,,direct_component_blend,20260908_1821_receiving_yards_blend,2026-09-20T12:24:48+00:00,2026-09-20T12:25:10+00:00
2026,2,401872943,2026-09-20,13:25,00-0038488,Brady Russell,SEA,ARI,RB,rushing_yards,0.5,-10.2,15.5,,,eligible,eligible_current_role,starter,Active,1.0,direct_component_blend,20260908_1821_rushing_yards_blend,2026-09-20T12:24:48+00:00,2026-09-20T12:25:10+00:00
2026,2,401872943,2026-09-20,13:25,00-0038488,Brady Russell,SEA,ARI,RB,receiving_yards,2.7,-14.5,31.5,,,eligible,eligible_current_role,starter,Active,1.0,direct_component_blend,20260908_1821_receiving_yards_blend,2026-09-20T12:24:48+00:00,2026-09-20T12:25:10+00:00
2026,2,401872943,2026-09-20,13:25,00-0038543,Jaxon Smith-Njigba,SEA,ARI,WR,rushing_yards,0.2,-10.5,15.2,,,eligible,eligible_current_role,starter,,1.0,direct_component_blend,20260908_1821_rushing_yards_blend,2026-09-20T12:24:48+00:00,2026-09-20T12:25:10+00:00
2026,2,401872943,2026-09-20,13:25,00-0038543,Jaxon Smith-Njigba,SEA,ARI,WR,receiving_yards,73.5,46.8,122.7,,,eligible,eligible_current_role,starter,,1.0,direct_component_blend,20260908_1821_receiving_yards_blend,2026-09-20T12:24:48+00:00,2026-09-20T12:25:10+00:00
2026,2,401872943,2026-09-20,13:25,00-0038559,Michael Wilson,ARI,SEA,WR,rushing_yards,0.0,-10.8,15.0,,,eligible,eligible_current_role,starter,Active,1.0,direct_component_blend,20260908_1821_rushing_yards_blend,2026-09-20T12:24:48+00:00,2026-09-20T12:25:10+00:00
2026,2,401872943,2026-09-20,13:25,00-0038559,Michael Wilson,ARI,SEA,WR,receiving_yards,55.8,29.2,105.0,,,eligible,eligible_current_role,starter,Active,1.0,direct_component_blend,20260908_1821_receiving_yards_blend,2026-09-20T12:24:48+00:00,2026-09-20T12:25:10+00:00
2026,2,401872943,2026-09-20,13:25,00-0038567,Chad Ryland,ARI,SEA,K,kicking_points,6.9,2.2,12.4,,,eligible,eligible_current_role,starter,Active,1.0,component,20260908_1821_kicking_points_component,2026-09-20T12:24:48+00:00,2026-09-20T12:25:10+00:00
2026,2,401872943,2026-09-20,13:25,00-0038591,Mike Morris,SEA,ARI,DL,tackles,1.0,0.0,3.4,0.5356883302196666,0.24855961864317594,eligible,eligible_current_role,backup,Active,2.0,direct,20260908_1821_tackles_direct,2026-09-20T12:24:48+00:00,2026-09-20T12:25:10+00:00
2026,2,401872943,2026-09-20,13:25,00-0038623,Dante Stills,ARI,SEA,DL,tackles,2.2,0.3,4.7,0.8323532600913895,0.5939116318569698,eligible,eligible_current_role,starter,,1.0,direct,20260908_1821_tackles_direct,2026-09-20T12:24:48+00:00,2026-09-20T12:25:10+00:00
2026,2,401872943,2026-09-20,13:25,00-0038640,Jalen Brooks,ARI,SEA,WR,rushing_yards,0.0,-10.8,15.0,,,eligible,eligible_current_role,backup,,4.0,direct_component_blend,20260908_1821_rushing_yards_blend,2026-09-20T12:24:48+00:00,2026-09-20T12:25:10+00:00
2026,2,401872943,2026-09-20,13:25,00-0038640,Jalen Brooks,ARI,SEA,WR,receiving_yards,10.3,-6.9,39.1,,,eligible,eligible_current_role,backup,,4.0,direct_component_blend,20260908_1821_receiving_yards_blend,2026-09-20T12:24:48+00:00,2026-09-20T12:25:10+00:00
2026,2,401872943,2026-09-20,13:25,00-0038694,Brandon Pili,SEA,ARI,DL,tackles,1.0,0.0,3.4,0.5155724958078576,0.23247482194531105,eligible,eligible_current_role,backup,,2.0,direct,20260908_1821_tackles_direct,2026-09-20T12:24:48+00:00,2026-09-20T12:25:10+00:00
2026,2,401872943,2026-09-20,13:25,00-0038764,Patrick O'Connell,SEA,ARI,LB,tackles,1.2,0.0,3.7,0.5716449651783879,0.28110000224944554,eligible,eligible_current_role,recent_defensive_participant,,,direct,20260908_1821_tackles_direct,2026-09-20T12:24:48+00:00,2026-09-20T12:25:10+00:00
2026,2,401872943,2026-09-20,13:25,00-0038765,Ty Okada,SEA,ARI,DB,tackles,3.6,1.4,6.3,0.9346986884702376,0.8198842927728209,eligible,questionable_flag,starter,Questionable,1.0,direct,20260908_1821_tackles_direct,2026-09-20T12:24:48+00:00,2026-09-20T12:25:10+00:00
2026,2,401872943,2026-09-20,13:25,00-0038782,Eku Leota,ARI,SEA,LB,tackles,0.6,0.0,3.1,0.39088263821532493,0.11445198836081474,eligible,eligible_current_role,backup,,3.0,direct,20260908_1821_tackles_direct,2026-09-20T12:24:48+00:00,2026-09-20T12:25:10+00:00
2026,2,401872943,2026-09-20,13:25,00-0038797,Emanuel Wilson,SEA,ARI,RB,rushing_yards,24.3,2.3,55.2,,,eligible,eligible_current_role,backup,Active,3.0,direct_component_blend,20260908_1821_rushing_yards_blend,2026-09-20T12:24:48+00:00,2026-09-20T12:25:10+00:00
2026,2,401872943,2026-09-20,13:25,00-0038797,Emanuel Wilson,SEA,ARI,RB,receiving_yards,4.1,-13.1,32.9,,,eligible,eligible_current_role,backup,Active,3.0,direct_component_blend,20260908_1821_receiving_yards_blend,2026-09-20T12:24:48+00:00,2026-09-20T12:25:10+00:00
2026,2,401872943,2026-09-20,13:25,00-0038866,AJ Finley,SEA,ARI,DB,tackles,0.8,0.0,3.2,0.4300440303219693,0.16199114502969936,eligible,eligible_current_role,backup,,2.0,direct,20260908_1821_tackles_direct,2026-09-20T12:24:48+00:00,2026-09-20T12:25:10+00:00
2026,2,401872943,2026-09-20,13:25,00-0038922,Drake Thomas,SEA,ARI,LB,tackles,5.1,2.1,9.1,0.9808129744276557,0.9349315055547097,eligible,eligible_current_role,recent_defensive_participant,Active,,direct,20260908_1821_tackles_direct,2026-09-20T12:24:48+00:00,2026-09-20T12:25:10+00:00
2026,2,401872943,2026-09-20,13:25,00-0038984,Kei'Trel Clark,ARI,SEA,DB,tackles,0.9,0.0,3.4,0.5010487207114257,0.22135996597897822,eligible,eligible_current_role,backup,,2.0,direct,20260908_1821_tackles_direct,2026-09-20T12:24:48+00:00,2026-09-20T12:25:10+00:00
2026,2,401872943,2026-09-20,13:25,00-0039007,Garrett Williams,ARI,SEA,DB,tackles,2.3,0.2,5.1,0.8405784123536686,0.6089611689366917,eligible,questionable_flag,backup,Questionable,2.0,direct,20260908_1821_tackles_direct,2026-09-20T12:24:48+00:00,2026-09-20T12:25:10+00:00
2026,2,401872943,2026-09-20,13:25,00-0039041,Elijah Higgins,ARI,SEA,TE,rushing_yards,0.0,-10.8,15.0,,,eligible,eligible_current_role,backup,,2.0,direct_component_blend,20260908_1821_rushing_yards_blend,2026-09-20T12:24:48+00:00,2026-09-20T12:25:10+00:00
2026,2,401872943,2026-09-20,13:25,00-0039041,Elijah Higgins,ARI,SEA,TE,receiving_yards,15.6,-1.6,44.4,,,eligible,eligible_current_role,backup,,2.0,direct_component_blend,20260908_1821_receiving_yards_blend,2026-09-20T12:24:48+00:00,2026-09-20T12:25:10+00:00
2026,2,401872943,2026-09-20,13:25,00-0039047,Derick Hall,SEA,ARI,LB,tackles,2.0,0.1,4.6,0.8066283605057164,0.5492344089763603,eligible,eligible_current_role,backup,,2.0,direct,20260908_1821_tackles_direct,2026-09-20T12:24:48+00:00,2026-09-20T12:25:10+00:00
2026,2,401872943,2026-09-20,13:25,00-0039169,Devon Witherspoon,SEA,ARI,DB,tackles,5.7,3.0,9.1,0.9824753396702309,0.9516424538450335,eligible,eligible_current_role,starter,Active,1.0,direct,20260908_1821_tackles_direct,2026-09-20T12:24:48+00:00,2026-09-20T12:25:10+00:00
2026,2,401872943,2026-09-20,13:25,00-0039239,Kalen King,ARI,SEA,DB,tackles,0.8,0.0,4.7,0.4395126310033668,0.1747934672417109,eligible,eligible_current_role,backup,,2.0,direct,20260908_1821_tackles_direct,2026-09-20T12:24:48+00:00,2026-09-20T12:25:10+00:00
2026,2,401872943,2026-09-20,13:25,00-0039299,George Holani,SEA,ARI,RB,rushing_yards,12.2,-9.8,43.1,,,eligible,eligible_current_role,backup,Active,2.0,direct_component_blend,20260908_1821_rushing_yards_blend,2026-09-20T12:24:48+00:00,2026-09-20T12:25:10+00:00
2026,2,401872943,2026-09-20,13:25,00-0039299,George Holani,SEA,ARI,RB,receiving_yards,1.3,-15.8,30.1,,,eligible,eligible_current_role,backup,Active,2.0,direct_component_blend,20260908_1821_receiving_yards_blend,2026-09-20T12:24:48+00:00,2026-09-20T12:25:10+00:00
2026,2,401872943,2026-09-20,13:25,00-0039309,Byron Murphy II,SEA,ARI,DL,tackles,3.0,0.9,5.8,0.9075514048663873,0.7571322108346173,eligible,eligible_current_role,starter,,1.0,direct,20260908_1821_tackles_direct,2026-09-20T12:24:48+00:00,2026-09-20T12:25:10+00:00
2026,2,401872943,2026-09-20,13:25,00-0039793,AJ Barner,SEA,ARI,TE,rushing_yards,0.3,-10.4,15.4,,,eligible,eligible_current_role,starter,Active,1.0,direct_component_blend,20260908_1821_rushing_yards_blend,2026-09-20T12:24:48+00:00,2026-09-20T12:25:10+00:00
2026,2,401872943,2026-09-20,13:25,00-0039793,AJ Barner,SEA,ARI,TE,receiving_yards,30.9,11.2,65.1,,,eligible,eligible_current_role,starter,Active,1.0,direct_component_blend,20260908_1821_receiving_yards_blend,2026-09-20T12:24:48+00:00,2026-09-20T12:25:10+00:00
2026,2,401872943,2026-09-20,13:25,00-0039795,Nehemiah Pritchett,SEA,ARI,DB,tackles,1.1,0.0,3.7,0.5674540407858827,0.27707312030237474,eligible,eligible_current_role,backup,Active,2.0,direct,20260908_1821_tackles_direct,2026-09-20T12:24:48+00:00,2026-09-20T12:25:10+00:00
2026,2,401872943,2026-09-20,13:25,00-0039807,Max Melton,ARI,SEA,DB,tackles,1.4,0.0,4.2,0.6541329780124018,0.36095338503532154,eligible,questionable_flag,starter,Questionable,1.0,direct,20260908_1821_tackles_direct,2026-09-20T12:24:48+00:00,2026-09-20T12:25:10+00:00
2026,2,401872943,2026-09-20,13:25,00-0039815,Tyrice Knight,SEA,ARI,LB,tackles,1.9,0.0,4.4,0.7846872048711487,0.513683165055914,eligible,eligible_current_role,recent_defensive_participant,,,direct,20260908_1821_tackles_direct,2026-09-20T12:24:48+00:00,2026-09-20T12:25:10+00:00
2026,2,401872943,2026-09-20,13:25,00-0039849,Marvin Harrison Jr.,ARI,SEA,WR,rushing_yards,0.0,-10.8,15.0,,,eligible,eligible_current_role,backup,Active,2.0,direct_component_blend,20260908_1821_rushing_yards_blend,2026-09-20T12:24:48+00:00,2026-09-20T12:25:10+00:00
2026,2,401872943,2026-09-20,13:25,00-0039849,Marvin Harrison Jr.,ARI,SEA,WR,receiving_yards,25.3,8.1,54.1,,,eligible,eligible_current_role,backup,Active,2.0,direct_component_blend,20260908_1821_receiving_yards_blend,2026-09-20T12:24:48+00:00,2026-09-20T12:25:10+00:00
2026,2,401872943,2026-09-20,13:25,00-0039854,Darius Robinson,ARI,SEA,DL,tackles,2.4,0.5,4.9,0.8562579443708264,0.6389911377234545,eligible,eligible_current_role,backup,,2.0,direct,20260908_1821_tackles_direct,2026-09-20T12:24:48+00:00,2026-09-20T12:25:10+00:00
2026,2,401872943,2026-09-20,13:25,00-0039864,Dadrion Taylor-Demerson,ARI,SEA,DB,tackles,4.0,1.3,7.5,0.9523760051704668,0.8545191492090009,eligible,questionable_flag,backup,Questionable,2.0,direct,20260908_1821_tackles_direct,2026-09-20T12:24:48+00:00,2026-09-20T12:25:10+00:00
2026,2,401872943,2026-09-20,13:25,00-0040058,Nick Kallerup,SEA,ARI,TE,rushing_yards,0.0,-10.7,15.0,,,eligible,eligible_current_role,backup,Active,4.0,direct_component_blend,20260908_1821_rushing_yards_blend,2026-09-20T12:24:48+00:00,2026-09-20T12:25:10+00:00
2026,2,401872943,2026-09-20,13:25,00-0040058,Nick Kallerup,SEA,ARI,TE,receiving_yards,2.5,-14.7,31.3,,,eligible,eligible_current_role,backup,Active,4.0,direct_component_blend,20260908_1821_receiving_yards_blend,2026-09-20T12:24:48+00:00,2026-09-20T12:25:10+00:00
2026,2,401872943,2026-09-20,13:25,00-0040061,Connor O'Toole,SEA,ARI,LB,tackles,1.0,0.0,3.5,0.553404457999538,0.2639731762965256,eligible,eligible_current_role,backup,,3.0,direct,20260908_1821_tackles_direct,2026-09-20T12:24:48+00:00,2026-09-20T12:25:10+00:00
2026,2,401872943,2026-09-20,13:25,00-0040137,Jordan Burch,ARI,SEA,LB,tackles,1.8,0.0,4.3,0.772628527249181,0.49770468921710476,eligible,eligible_current_role,backup,,2.0,direct,20260908_1821_tackles_direct,2026-09-20T12:24:48+00:00,2026-09-20T12:25:10+00:00
2026,2,401872943,2026-09-20,13:25,00-0040195,Denzel Burke,ARI,SEA,DB,tackles,3.9,1.2,7.4,0.9478435100261429,0.8448677169145942,eligible,eligible_current_role,starter,,1.0,direct,20260908_1821_tackles_direct,2026-09-20T12:24:48+00:00,2026-09-20T12:25:10+00:00
2026,2,401872943,2026-09-20,13:25,00-0040621,Montorie Foster Jr,SEA,ARI,WR,rushing_yards,0.0,-14.7,20.7,,,eligible,eligible_current_role,backup,,5.0,direct_component_blend,20260908_1821_rushing_yards_blend,2026-09-20T12:24:48+00:00,2026-09-20T12:25:10+00:00
2026,2,401872943,2026-09-20,13:25,00-0040621,Montorie Foster Jr,SEA,ARI,WR,receiving_yards,6.8,-15.8,47.4,,,eligible,eligible_current_role,backup,,5.0,direct_component_blend,20260908_1821_receiving_yards_blend,2026-09-20T12:24:48+00:00,2026-09-20T12:25:10+00:00
2026,2,401872943,2026-09-20,13:25,00-0040645,Cody Simon,ARI,SEA,LB,tackles,5.5,2.5,9.5,0.9821460240924987,0.9481984750873079,eligible,questionable_flag,backup,Questionable,2.0,direct,20260908_1821_tackles_direct,2026-09-20T12:24:48+00:00,2026-09-20T12:25:10+00:00
2026,2,401872943,2026-09-20,13:25,00-0040647,Rylie Mills,SEA,ARI,DL,tackles,0.9,0.0,3.6,0.4779703138025938,0.20451951358334025,eligible,eligible_current_role,backup,,2.0,direct,20260908_1821_tackles_direct,2026-09-20T12:24:48+00:00,2026-09-20T12:25:10+00:00
2026,2,401872943,2026-09-20,13:25,00-0040648,Tory Horton,SEA,ARI,WR,rushing_yards,0.0,-10.7,15.0,,,eligible,eligible_current_role,backup,Active,4.0,direct_component_blend,20260908_1821_rushing_yards_blend,2026-09-20T12:24:48+00:00,2026-09-20T12:25:10+00:00
2026,2,401872943,2026-09-20,13:25,00-0040648,Tory Horton,SEA,ARI,WR,receiving_yards,24.8,7.6,53.6,,,eligible,eligible_current_role,backup,Active,4.0,direct_component_blend,20260908_1821_receiving_yards_blend,2026-09-20T12:24:48+00:00,2026-09-20T12:25:10+00:00
2026,2,401872943,2026-09-20,13:25,00-0040673,Jalen Milroe,SEA,ARI,QB,rushing_yards,3.8,-8.0,20.3,,,eligible,eligible_current_role,backup,Active,3.0,direct_component_blend,20260908_1821_rushing_yards_blend,2026-09-20T12:24:48+00:00,2026-09-20T12:25:10+00:00
2026,2,401872943,2026-09-20,13:25,00-0040706,Walter Nolen,ARI,SEA,DL,tackles,1.4,0.0,3.9,0.681585468975777,0.3900876799841869,eligible,eligible_current_role,starter,,1.0,direct,20260908_1821_tackles_direct,2026-09-20T12:24:48+00:00,2026-09-20T12:25:10+00:00
2026,2,401872943,2026-09-20,13:25,00-0040733,Nick Emmanwori,SEA,ARI,DB,tackles,5.3,2.5,8.7,0.9812791866572654,0.9394633984451984,eligible,questionable_flag,starter,Questionable,1.0,direct,20260908_1821_tackles_direct,2026-09-20T12:24:48+00:00,2026-09-20T12:25:10+00:00
2026,2,401872943,2026-09-20,13:25,00-0040739,Elijah Arroyo,SEA,ARI,TE,rushing_yards,0.0,-10.7,15.0,,,eligible,eligible_current_role,backup,Active,3.0,direct_component_blend,20260908_1821_rushing_yards_blend,2026-09-20T12:24:48+00:00,2026-09-20T12:25:10+00:00
2026,2,401872943,2026-09-20,13:25,00-0040739,Elijah Arroyo,SEA,ARI,TE,receiving_yards,7.2,-10.0,36.0,,,eligible,eligible_current_role,backup,Active,3.0,direct_component_blend,20260908_1821_receiving_yards_blend,2026-09-20T12:24:48+00:00,2026-09-20T12:25:10+00:00
2026,2,401872943,2026-09-20,13:25,00-0040751,Will Johnson,ARI,SEA,DB,tackles,3.5,0.9,7.1,0.9336597903745832,0.8179943492357691,eligible,eligible_current_role,starter,Active,1.0,direct,20260908_1821_tackles_direct,2026-09-20T12:24:48+00:00,2026-09-20T12:25:10+00:00
2026,2,401872943,2026-09-20,13:25,00-0040873,Julian Neal,SEA,ARI,DB,tackles,2.2,0.0,6.1,0.8253764416294989,0.5814484840171811,eligible,eligible_current_role,backup,,2.0,direct,20260908_1821_tackles_direct,2026-09-20T12:24:48+00:00,2026-09-20T12:25:10+00:00
2026,2,401872943,2026-09-20,13:25,00-0041027,Jeremiyah Love,ARI,SEA,RB,rushing_yards,16.5,-13.7,59.0,,,eligible,eligible_current_role,starter,Active,1.0,direct_component_blend,20260908_1821_rushing_yards_blend,2026-09-20T12:24:48+00:00,2026-09-20T12:25:10+00:00
2026,2,401872943,2026-09-20,13:25,00-0041027,Jeremiyah Love,ARI,SEA,RB,receiving_yards,4.7,-17.9,45.3,,,eligible,eligible_current_role,starter,Active,1.0,direct_component_blend,20260908_1821_receiving_yards_blend,2026-09-20T12:24:48+00:00,2026-09-20T12:25:10+00:00
2026,2,401872943,2026-09-20,13:25,00-0041070,Reggie Virgil,ARI,SEA,WR,rushing_yards,0.0,-14.7,20.7,,,eligible,eligible_current_role,backup,Active,7.0,direct_component_blend,20260908_1821_rushing_yards_blend,2026-09-20T12:24:48+00:00,2026-09-20T12:25:10+00:00
2026,2,401872943,2026-09-20,13:25,00-0041070,Reggie Virgil,ARI,SEA,WR,receiving_yards,6.9,-15.7,47.5,,,eligible,eligible_current_role,backup,Active,7.0,direct_component_blend,20260908_1821_receiving_yards_blend,2026-09-20T12:24:48+00:00,2026-09-20T12:25:10+00:00
2026,2,401872943,2026-09-20,13:25,00-0041093,Karson Sharar,ARI,SEA,LB,tackles,1.6,0.0,5.1,0.7391654089010447,0.4565864578915665,eligible,eligible_current_role,backup,,2.0,direct,20260908_1821_tackles_direct,2026-09-20T12:24:48+00:00,2026-09-20T12:25:10+00:00
2026,2,401872943,2026-09-20,13:25,00-0041370,Wydett Williams Jr.,ARI,SEA,DB,tackles,2.3,0.0,6.2,0.8410582677133925,0.6098515038948592,eligible,eligible_current_role,backup,,2.0,direct,20260908_1821_tackles_direct,2026-09-20T12:24:48+00:00,2026-09-20T12:25:10+00:00
2026,2,401872943,2026-09-20,13:25,00-0041382,Avery Smith,SEA,ARI,DB,tackles,1.9,0.0,5.9,0.7817907482800124,0.5095966490875271,eligible,eligible_current_role,backup,,3.0,direct,20260908_1821_tackles_direct,2026-09-20T12:24:48+00:00,2026-09-20T12:25:10+00:00
2026,2,401872943,2026-09-20,13:25,00-0041512,Jadarian Price,SEA,ARI,RB,rushing_yards,18.1,-12.2,60.6,,,eligible,eligible_current_role,starter,,1.0,direct_component_blend,20260908_1821_rushing_yards_blend,2026-09-20T12:24:48+00:00,2026-09-20T12:25:10+00:00
2026,2,401872943,2026-09-20,13:25,00-0041512,Jadarian Price,SEA,ARI,RB,receiving_yards,4.4,-18.2,45.0,,,eligible,eligible_current_role,starter,,1.0,direct_component_blend,20260908_1821_receiving_yards_blend,2026-09-20T12:24:48+00:00,2026-09-20T12:25:10+00:00
2026,2,401872943,2026-09-20,13:25,00-0041561,Carson Beck,ARI,SEA,QB,rushing_yards,9.3,-8.3,34.0,,,eligible,eligible_current_role,backup,Active,3.0,direct_component_blend,20260908_1821_rushing_yards_blend,2026-09-20T12:24:48+00:00,2026-09-20T12:25:10+00:00
2026,2,401872944,2026-09-20,15:25,00-0027940,Von Miller,DAL,WSH,LB,tackles,1.3,0.0,3.8,0.6086454619058178,0.31592264102401285,eligible,eligible_current_role,backup,,2.0,direct,20260908_1821_tackles_direct,2026-09-20T12:24:48+00:00,2026-09-20T12:25:10+00:00
2026,2,401872944,2026-09-20,15:25,00-0031588,Stefon Diggs,WSH,DAL,WR,rushing_yards,0.0,-10.8,15.0,,,eligible,eligible_current_role,backup,Active,2.0,direct_component_blend,20260908_1821_rushing_yards_blend,2026-09-20T12:24:48+00:00,2026-09-20T12:25:10+00:00
2026,2,401872944,2026-09-20,15:25,00-0031588,Stefon Diggs,WSH,DAL,WR,receiving_yards,36.9,10.2,86.0,,,eligible,eligible_current_role,backup,Active,2.0,direct_component_blend,20260908_1821_receiving_yards_blend,2026-09-20T12:24:48+00:00,2026-09-20T12:25:10+00:00
2026,2,401872944,2026-09-20,15:25,00-0032268,Marcus Mariota,WSH,DAL,QB,rushing_yards,20.1,7.3,38.1,,,eligible,eligible_current_role,backup,,2.0,direct_component_blend,20260908_1821_rushing_yards_blend,2026-09-20T12:24:48+00:00,2026-09-20T12:25:10+00:00
2026,2,401872944,2026-09-20,15:25,00-0033077,Dak Prescott,DAL,WSH,QB,passing_yards,252.5,159.0,358.7,,,eligible,eligible_current_role,starter,Active,1.0,direct_component_blend,20260908_1821_passing_yards_blend,2026-09-20T12:24:48+00:00,2026-09-20T12:25:10+00:00
2026,2,401872944,2026-09-20,15:25,00-0033077,Dak Prescott,DAL,WSH,QB,passing_tds,1.982,,,0.8571428571428571,0.5535714285714286,eligible,eligible_current_role,starter,Active,1.0,direct_component_blend,20260908_1821_passing_tds_blend,2026-09-20T12:24:48+00:00,2026-09-20T12:25:10+00:00
2026,2,401872944,2026-09-20,15:25,00-0033077,Dak Prescott,DAL,WSH,QB,rushing_yards,12.4,-0.3,30.4,,,eligible,eligible_current_role,starter,Active,1.0,direct_component_blend,20260908_1821_rushing_yards_blend,2026-09-20T12:24:48+00:00,2026-09-20T12:25:10+00:00
2026,2,401872944,2026-09-20,15:25,00-0033093,Jonathan Bullard,DAL,WSH,DL,tackles,1.2,0.0,3.8,0.5826635749905539,0.29195835753895294,eligible,eligible_current_role,backup,,2.0,direct,20260908_1821_tackles_direct,2026-09-20T12:24:48+00:00,2026-09-20T12:25:10+00:00
2026,2,401872944,2026-09-20,15:25,00-0033120,Kenny Clark,DAL,WSH,DL,tackles,2.6,0.5,5.4,0.8787815062794305,0.6854829431780871,eligible,eligible_current_role,starter,,1.0,direct,20260908_1821_tackles_direct,2026-09-20T12:24:48+00:00,2026-09-20T12:25:10+00:00
2026,2,401872944,2026-09-20,15:25,00-0033551,Rasul Douglas,WSH,DAL,DB,tackles,4.2,1.5,7.7,0.9633281397018344,0.8806754551745554,eligible,eligible_current_role,starter,,1.0,direct,20260908_1821_tackles_direct,2026-09-20T12:24:48+00:00,2026-09-20T12:25:10+00:00
2026,2,401872944,2026-09-20,15:25,00-0033877,Malik Hooker,DAL,WSH,DB,tackles,3.5,0.9,7.1,0.9338582089563735,0.8183544469893782,eligible,eligible_current_role,starter,Doubtful,1.0,direct,20260908_1821_tackles_direct,2026-09-20T12:24:48+00:00,2026-09-20T12:25:10+00:00
2026,2,401872944,2026-09-20,15:25,00-0033918,Fabian Moreau,WSH,DAL,DB,tackles,2.1,0.2,4.7,0.8221559081977764,0.5757852460668471,eligible,eligible_current_role,backup,,2.0,direct,20260908_1821_tackles_direct,2026-09-20T12:24:48+00:00,2026-09-20T12:25:10+00:00
2026,2,401872944,2026-09-20,15:25,00-0034302,Frankie Luvu,WSH,DAL,LB,tackles,5.0,2.0,8.9,0.9802072433949851,0.9291890518991555,eligible,questionable_flag,recent_defensive_participant,Questionable,,direct,20260908_1821_tackles_direct,2026-09-20T12:24:48+00:00,2026-09-20T12:25:10+00:00
2026,2,401872944,2026-09-20,15:25,00-0034333,Daron Payne,WSH,DAL,DL,tackles,2.5,0.6,5.0,0.8688135158702289,0.6643299592022139,eligible,eligible_current_role,starter,Active,1.0,direct,20260908_1821_tackles_direct,2026-09-20T12:24:48+00:00,2026-09-20T12:25:10+00:00
2026,2,401872944,2026-09-20,15:25,00-0034373,Dorance Armstrong,WSH,DAL,LB,tackles,1.6,0.0,4.1,0.7540041759615879,0.4747756052323275,eligible,questionable_flag,starter,Questionable,1.0,direct,20260908_1821_tackles_direct,2026-09-20T12:24:48+00:00,2026-09-20T12:25:10+00:00
2026,2,401872944,2026-09-20,15:25,00-0034397,Tim Settle,WSH,DAL,DL,tackles,1.6,0.0,4.1,0.7537718295735577,0.4744994527753247,eligible,eligible_current_role,starter,,1.0,direct,20260908_1821_tackles_direct,2026-09-20T12:24:48+00:00,2026-09-20T12:25:10+00:00
2026,2,401872944,2026-09-20,15:25,00-0034465,Jeremy Reaves,WSH,DAL,DB,tackles,4.4,2.2,7.1,0.969623711087927,0.8965981821702635,eligible,eligible_current_role,starter,,1.0,direct,20260908_1821_tackles_direct,2026-09-20T12:24:48+00:00,2026-09-20T12:25:10+00:00
2026,2,401872944,2026-09-20,15:25,00-0034780,Isaac Yiadom,WSH,DAL,DB,tackles,0.9,0.0,3.4,0.48894420433811503,0.21240411702295242,eligible,eligible_current_role,backup,,3.0,direct,20260908_1821_tackles_direct,2026-09-20T12:24:48+00:00,2026-09-20T12:25:10+00:00
2026,2,401872944,2026-09-20,15:25,00-0034967,Rashan Gary,DAL,WSH,LB,tackles,2.1,0.2,4.6,0.8155489175995244,0.5643382612485635,eligible,eligible_current_role,starter,,1.0,direct,20260908_1821_tackles_direct,2026-09-20T12:24:48+00:00,2026-09-20T12:25:10+00:00
2026,2,401872944,2026-09-20,15:25,00-0035227,P.J. Locke,DAL,WSH,DB,tackles,4.0,1.3,7.4,0.9520673637839102,0.8538062684507661,eligible,eligible_current_role,backup,,2.0,direct,20260908_1821_tackles_direct,2026-09-20T12:24:48+00:00,2026-09-20T12:25:10+00:00
2026,2,401872944,2026-09-20,15:25,00-0035279,Charles Omenihu,WSH,DAL,DL,tackles,1.5,0.0,4.0,0.7058494009681481,0.4171746997500567,eligible,questionable_flag,backup,Questionable,2.0,direct,20260908_1821_tackles_direct,2026-09-20T12:24:48+00:00,2026-09-20T12:25:10+00:00
2026,2,401872944,2026-09-20,15:25,00-0035409,Shy Tuttle,WSH,DAL,DL,tackles,1.0,0.0,3.5,0.5510126550562716,0.2618028675871253,eligible,eligible_current_role,backup,,2.0,direct,20260908_1821_tackles_direct,2026-09-20T12:24:48+00:00,2026-09-20T12:25:10+00:00
2026,2,401872944,2026-09-20,15:25,00-0035639,Parris Campbell,DAL,WSH,WR,rushing_yards,0.0,-10.7,15.0,,,eligible,eligible_current_role,roster_only,,,direct_component_blend,20260908_1821_rushing_yards_blend,2026-09-20T12:24:48+00:00,2026-09-20T12:25:10+00:00
2026,2,401872944,2026-09-20,15:25,00-0035639,Parris Campbell,DAL,WSH,WR,receiving_yards,2.7,-14.5,31.5,,,eligible,eligible_current_role,roster_only,,,direct_component_blend,20260908_1821_receiving_yards_blend,2026-09-20T12:24:48+00:00,2026-09-20T12:25:10+00:00
2026,2,401872944,2026-09-20,15:25,00-0035659,Terry McLaurin,WSH,DAL,WR,rushing_yards,0.0,-10.8,15.0,,,eligible,eligible_current_role,starter,Active,1.0,direct_component_blend,20260908_1821_rushing_yards_blend,2026-09-20T12:24:48+00:00,2026-09-20T12:25:10+00:00
2026,2,401872944,2026-09-20,15:25,00-0035659,Terry McLaurin,WSH,DAL,WR,receiving_yards,61.6,35.0,110.8,,,eligible,eligible_current_role,starter,Active,1.0,direct_component_blend,20260908_1821_receiving_yards_blend,2026-09-20T12:24:48+00:00,2026-09-20T12:25:10+00:00
2026,2,401872944,2026-09-20,15:25,00-0035705,Jalen Thompson,DAL,WSH,DB,tackles,5.7,3.0,9.1,0.9824160181174227,0.9510162399011184,eligible,eligible_current_role,starter,,1.0,direct,20260908_1821_tackles_direct,2026-09-20T12:24:48+00:00,2026-09-20T12:25:10+00:00
2026,2,401872944,2026-09-20,15:25,00-0035718,Quinnen Williams,DAL,WSH,DL,tackles,2.7,0.8,5.2,0.8873576756596785,0.7045113204168164,eligible,eligible_current_role,starter,,1.0,direct,20260908_1821_tackles_direct,2026-09-20T12:24:48+00:00,2026-09-20T12:25:10+00:00
2026,2,401872944,2026-09-20,15:25,00-0036260,Javon Kinlaw,WSH,DAL,DL,tackles,2.8,0.8,5.2,0.8897426325321608,0.7099481657387444,eligible,eligible_current_role,starter,,1.0,direct,20260908_1821_tackles_direct,2026-09-20T12:24:48+00:00,2026-09-20T12:25:10+00:00
2026,2,401872944,2026-09-20,15:25,00-0036286,K'Lavon Chaisson,WSH,DAL,LB,tackles,2.2,0.3,4.7,0.8274708094023805,0.5851614994474447,eligible,questionable_flag,backup,Questionable,2.0,direct,20260908_1821_tackles_direct,2026-09-20T12:24:48+00:00,2026-09-20T12:25:10+00:00
2026,2,401872944,2026-09-20,15:25,00-0036358,CeeDee Lamb,DAL,WSH,WR,rushing_yards,0.8,-9.9,15.9,,,eligible,eligible_current_role,starter,Active,1.0,direct_component_blend,20260908_1821_rushing_yards_blend,2026-09-20T12:24:48+00:00,2026-09-20T12:25:10+00:00
2026,2,401872944,2026-09-20,15:25,00-0036358,CeeDee Lamb,DAL,WSH,WR,receiving_yards,68.6,41.9,117.8,,,eligible,eligible_current_role,starter,Active,1.0,direct_component_blend,20260908_1821_receiving_yards_blend,2026-09-20T12:24:48+00:00,2026-09-20T12:25:10+00:00
2026,2,401872944,2026-09-20,15:25,00-0036375,Amik Robertson,WSH,DAL,DB,tackles,2.7,0.8,5.2,0.8882187483558711,0.7064678469643244,eligible,eligible_current_role,starter,,1.0,direct,20260908_1821_tackles_direct,2026-09-20T12:24:48+00:00,2026-09-20T12:25:10+00:00
2026,2,401872944,2026-09-20,15:25,00-0036626,Dyami Brown,WSH,DAL,WR,rushing_yards,0.3,-10.4,15.4,,,eligible,eligible_current_role,backup,Active,4.0,direct_component_blend,20260908_1821_rushing_yards_blend,2026-09-20T12:24:48+00:00,2026-09-20T12:25:10+00:00
2026,2,401872944,2026-09-20,15:25,00-0036626,Dyami Brown,WSH,DAL,WR,receiving_yards,6.4,-10.7,35.3,,,eligible,eligible_current_role,backup,Active,4.0,direct_component_blend,20260908_1821_receiving_yards_blend,2026-09-20T12:24:48+00:00,2026-09-20T12:25:10+00:00
2026,2,401872944,2026-09-20,15:25,00-0036628,John Bates,WSH,DAL,TE,rushing_yards,0.0,-10.8,14.9,,,eligible,eligible_current_role,backup,Active,2.0,direct_component_blend,20260908_1821_rushing_yards_blend,2026-09-20T12:24:48+00:00,2026-09-20T12:25:10+00:00
2026,2,401872944,2026-09-20,15:25,00-0036628,John Bates,WSH,DAL,TE,receiving_yards,7.3,-9.9,36.1,,,eligible,eligible_current_role,backup,Active,2.0,direct_component_blend,20260908_1821_receiving_yards_blend,2026-09-20T12:24:48+00:00,2026-09-20T12:25:10+00:00
2026,2,401872944,2026-09-20,15:25,00-0036940,Odafe Oweh,WSH,DAL,LB,tackles,1.8,0.0,4.2,0.7667471321534806,0.49028981581117226,eligible,questionable_flag,starter,Questionable,1.0,direct,20260908_1821_tackles_direct,2026-09-20T12:24:48+00:00,2026-09-20T12:25:10+00:00
2026,2,401872944,2026-09-20,15:25,00-0036997,Javonte Williams,DAL,WSH,RB,rushing_yards,59.4,37.4,90.3,,,eligible,eligible_current_role,starter,Active,1.0,direct_component_blend,20260908_1821_rushing_yards_blend,2026-09-20T12:24:48+00:00,2026-09-20T12:25:10+00:00
2026,2,401872944,2026-09-20,15:25,00-0036997,Javonte Williams,DAL,WSH,RB,receiving_yards,15.3,-1.9,44.1,,,eligible,eligible_current_role,starter,Active,1.0,direct_component_blend,20260908_1821_receiving_yards_blend,2026-09-20T12:24:48+00:00,2026-09-20T12:25:10+00:00
2026,2,401872944,2026-09-20,15:25,00-0037077,Sam Howell,DAL,WSH,QB,rushing_yards,9.9,-0.8,24.9,,,eligible,eligible_current_role,backup,,2.0,direct_component_blend,20260908_1821_rushing_yards_blend,2026-09-20T12:24:48+00:00,2026-09-20T12:25:10+00:00
2026,2,401872944,2026-09-20,15:25,00-0037120,Tyler Goodson,DAL,WSH,RB,rushing_yards,11.3,0.6,26.4,,,eligible,eligible_current_role,backup,Active,3.0,direct_component_blend,20260908_1821_rushing_yards_blend,2026-09-20T12:24:48+00:00,2026-09-20T12:25:10+00:00
2026,2,401872944,2026-09-20,15:25,00-0037120,Tyler Goodson,DAL,WSH,RB,receiving_yards,2.1,-15.0,30.9,,,eligible,eligible_current_role,backup,Active,3.0,direct_component_blend,20260908_1821_receiving_yards_blend,2026-09-20T12:24:48+00:00,2026-09-20T12:25:10+00:00
2026,2,401872944,2026-09-20,15:25,00-0037247,George Pickens,DAL,WSH,WR,rushing_yards,0.0,-10.8,14.9,,,eligible,eligible_current_role,backup,Active,2.0,direct_component_blend,20260908_1821_rushing_yards_blend,2026-09-20T12:24:48+00:00,2026-09-20T12:25:10+00:00
2026,2,401872944,2026-09-20,15:25,00-0037247,George Pickens,DAL,WSH,WR,receiving_yards,54.8,28.2,104.0,,,eligible,eligible_current_role,backup,Active,2.0,direct_component_blend,20260908_1821_receiving_yards_blend,2026-09-20T12:24:48+00:00,2026-09-20T12:25:10+00:00
2026,2,401872944,2026-09-20,15:25,00-0037256,Rachaad White,WSH,DAL,RB,rushing_yards,25.4,3.4,56.3,,,eligible,eligible_current_role,backup,Active,2.0,direct_component_blend,20260908_1821_rushing_yards_blend,2026-09-20T12:24:48+00:00,2026-09-20T12:25:10+00:00
2026,2,401872944,2026-09-20,15:25,00-0037256,Rachaad White,WSH,DAL,RB,receiving_yards,9.0,-8.2,37.8,,,eligible,eligible_current_role,backup,Active,2.0,direct_component_blend,20260908_1821_receiving_yards_blend,2026-09-20T12:24:48+00:00,2026-09-20T12:25:10+00:00
2026,2,401872944,2026-09-20,15:25,00-0037270,Otito Ogbonnia,DAL,WSH,DL,tackles,1.4,0.0,3.9,0.6693445468281226,0.3769051368748494,eligible,eligible_current_role,starter,,1.0,direct,20260908_1821_tackles_direct,2026-09-20T12:24:48+00:00,2026-09-20T12:25:10+00:00
2026,2,401872944,2026-09-20,15:25,00-0037275,DaRon Bland,DAL,WSH,DB,tackles,5.1,2.4,8.6,0.9807652012107769,0.9344728765524402,eligible,eligible_current_role,starter,,1.0,direct,20260908_1821_tackles_direct,2026-09-20T12:24:48+00:00,2026-09-20T12:25:10+00:00
2026,2,401872944,2026-09-20,15:25,00-0037310,James Houston,DAL,WSH,LB,tackles,1.4,0.0,3.9,0.6810483900392725,0.3895026556737665,eligible,questionable_flag,backup,Questionable,3.0,direct,20260908_1821_tackles_direct,2026-09-20T12:24:48+00:00,2026-09-20T12:25:10+00:00
2026,2,401872944,2026-09-20,15:25,00-0037561,Markquese Bell,DAL,WSH,DB,tackles,2.8,0.6,5.5,0.8896805573044674,0.709806458271702,eligible,eligible_current_role,backup,,2.0,direct,20260908_1821_tackles_direct,2026-09-20T12:24:48+00:00,2026-09-20T12:25:10+00:00
2026,2,401872944,2026-09-20,15:25,00-0037616,Nick Cross,WSH,DAL,DB,tackles,6.4,3.7,9.9,0.983495145631068,0.9631067961165048,eligible,eligible_current_role,starter,Active,1.0,direct,20260908_1821_tackles_direct,2026-09-20T12:24:48+00:00,2026-09-20T12:25:10+00:00
2026,2,401872944,2026-09-20,15:25,00-0037692,Brandon Aubrey,DAL,WSH,K,kicking_points,7.8,3.3,13.1,,,eligible,eligible_current_role,starter,Active,1.0,component,20260908_1821_kicking_points_component,2026-09-20T12:24:48+00:00,2026-09-20T12:25:10+00:00
2026,2,401872944,2026-09-20,15:25,00-0037742,Treylon Burks,WSH,DAL,WR,rushing_yards,0.0,-10.7,15.0,,,eligible,eligible_current_role,backup,,6.0,direct_component_blend,20260908_1821_rushing_yards_blend,2026-09-20T12:24:48+00:00,2026-09-20T12:25:10+00:00
2026,2,401872944,2026-09-20,15:25,00-0037742,Treylon Burks,WSH,DAL,WR,receiving_yards,22.7,5.6,51.6,,,eligible,eligible_current_role,backup,,6.0,direct_component_blend,20260908_1821_receiving_yards_blend,2026-09-20T12:24:48+00:00,2026-09-20T12:25:10+00:00
2026,2,401872944,2026-09-20,15:25,00-0037801,KaVontae Turpin,DAL,WSH,WR,rushing_yards,1.8,-8.9,16.8,,,eligible,eligible_current_role,backup,Active,4.0,direct_component_blend,20260908_1821_rushing_yards_blend,2026-09-20T12:24:48+00:00,2026-09-20T12:25:10+00:00
2026,2,401872944,2026-09-20,15:25,00-0037801,KaVontae Turpin,DAL,WSH,WR,receiving_yards,11.6,-5.6,40.4,,,eligible,eligible_current_role,backup,Active,4.0,direct_component_blend,20260908_1821_receiving_yards_blend,2026-09-20T12:24:48+00:00,2026-09-20T12:25:10+00:00
2026,2,401872944,2026-09-20,15:25,00-0037809,Chig Okonkwo,WSH,DAL,TE,rushing_yards,0.0,-10.8,15.0,,,eligible,questionable_flag,starter,Questionable,1.0,direct_component_blend,20260908_1821_rushing_yards_blend,2026-09-20T12:24:48+00:00,2026-09-20T12:25:10+00:00
2026,2,401872944,2026-09-20,15:25,00-0037809,Chig Okonkwo,WSH,DAL,TE,receiving_yards,26.8,7.1,61.0,,,eligible,questionable_flag,starter,Questionable,1.0,direct_component_blend,20260908_1821_receiving_yards_blend,2026-09-20T12:24:48+00:00,2026-09-20T12:25:10+00:00
2026,2,401872944,2026-09-20,15:25,00-0037819,Leo Chenal,WSH,DAL,LB,tackles,3.2,1.2,5.7,0.91612390609154,0.7817725694572345,eligible,eligible_current_role,recent_defensive_participant,,,direct,20260908_1821_tackles_direct,2026-09-20T12:24:48+00:00,2026-09-20T12:25:10+00:00
2026,2,401872944,2026-09-20,15:25,00-0037839,Cobie Durant,DAL,WSH,DB,tackles,2.6,0.0,6.2,0.8780667431658123,0.6839330130647141,eligible,eligible_current_role,starter,,1.0,direct,20260908_1821_tackles_direct,2026-09-20T12:24:48+00:00,2026-09-20T12:25:10+00:00
2026,2,401872944,2026-09-20,15:25,00-0038041,Jake Ferguson,DAL,WSH,TE,rushing_yards,0.0,-10.8,14.9,,,eligible,eligible_current_role,starter,Active,1.0,direct_component_blend,20260908_1821_rushing_yards_blend,2026-09-20T12:24:48+00:00,2026-09-20T12:25:10+00:00
2026,2,401872944,2026-09-20,15:25,00-0038041,Jake Ferguson,DAL,WSH,TE,receiving_yards,18.8,1.7,47.6,,,eligible,eligible_current_role,starter,Active,1.0,direct_component_blend,20260908_1821_receiving_yards_blend,2026-09-20T12:24:48+00:00,2026-09-20T12:25:10+00:00
2026,2,401872944,2026-09-20,15:25,00-0038100,Percy Butler,WSH,DAL,DB,tackles,1.0,0.0,3.5,0.5391677517921782,0.2514257413749548,eligible,eligible_current_role,backup,,3.0,direct,20260908_1821_tackles_direct,2026-09-20T12:24:48+00:00,2026-09-20T12:25:10+00:00
2026,2,401872944,2026-09-20,15:25,00-0038547,Luke Schoonmaker,DAL,WSH,TE,rushing_yards,0.0,-10.8,14.9,,,eligible,eligible_current_role,backup,Active,3.0,direct_component_blend,20260908_1821_rushing_yards_blend,2026-09-20T12:24:48+00:00,2026-09-20T12:25:10+00:00
2026,2,401872944,2026-09-20,15:25,00-0038547,Luke Schoonmaker,DAL,WSH,TE,receiving_yards,8.2,-9.0,37.0,,,eligible,eligible_current_role,backup,Active,3.0,direct_component_blend,20260908_1821_receiving_yards_blend,2026-09-20T12:24:48+00:00,2026-09-20T12:25:10+00:00
2026,2,401872944,2026-09-20,15:25,00-0038556,DeMarvion Overshown,DAL,WSH,LB,tackles,2.2,0.3,4.7,0.8368456297232792,0.6020822406236082,eligible,questionable_flag,recent_defensive_participant,Questionable,,direct,20260908_1821_tackles_direct,2026-09-20T12:24:48+00:00,2026-09-20T12:25:10+00:00
2026,2,401872944,2026-09-20,15:25,00-0038624,Ameer Speed,DAL,WSH,DB,tackles,0.6,0.0,3.1,0.39088263821532493,0.11445198836081474,eligible,eligible_current_role,backup,,3.0,direct,20260908_1821_tackles_direct,2026-09-20T12:24:48+00:00,2026-09-20T12:25:10+00:00
2026,2,401872944,2026-09-20,15:25,00-0038625,Dee Winters,DAL,WSH,LB,tackles,5.5,2.5,9.5,0.9820087896579816,0.9467854067922602,eligible,eligible_current_role,recent_defensive_participant,,,direct,20260908_1821_tackles_direct,2026-09-20T12:24:48+00:00,2026-09-20T12:25:10+00:00
2026,2,401872944,2026-09-20,15:25,00-0038705,Emari Demercado,DAL,WSH,RB,rushing_yards,22.3,0.3,53.2,,,eligible,eligible_current_role,backup,Active,2.0,direct_component_blend,20260908_1821_rushing_yards_blend,2026-09-20T12:24:48+00:00,2026-09-20T12:25:10+00:00
2026,2,401872944,2026-09-20,15:25,00-0038705,Emari Demercado,DAL,WSH,RB,receiving_yards,10.8,-6.4,39.6,,,eligible,eligible_current_role,backup,Active,2.0,direct_component_blend,20260908_1821_receiving_yards_blend,2026-09-20T12:24:48+00:00,2026-09-20T12:25:10+00:00
2026,2,401872944,2026-09-20,15:25,00-0038738,Hunter Luepke,DAL,WSH,RB,rushing_yards,12.3,-9.7,43.3,,,eligible,eligible_current_role,starter,Active,1.0,direct_component_blend,20260908_1821_rushing_yards_blend,2026-09-20T12:24:48+00:00,2026-09-20T12:25:10+00:00
2026,2,401872944,2026-09-20,15:25,00-0038738,Hunter Luepke,DAL,WSH,RB,receiving_yards,9.8,-7.4,38.6,,,eligible,eligible_current_role,starter,Active,1.0,direct_component_blend,20260908_1821_receiving_yards_blend,2026-09-20T12:24:48+00:00,2026-09-20T12:25:10+00:00
2026,2,401872944,2026-09-20,15:25,00-0038742,Tyrus Wheat,DAL,WSH,LB,tackles,0.9,0.0,3.3,0.4749610351230547,0.2023956187388295,eligible,eligible_current_role,backup,Active,3.0,direct,20260908_1821_tackles_direct,2026-09-20T12:24:48+00:00,2026-09-20T12:25:10+00:00
2026,2,401872944,2026-09-20,15:25,00-0039062,Jonathan Mingo,DAL,WSH,WR,rushing_yards,0.0,-10.8,14.9,,,eligible,eligible_current_role,backup,Active,5.0,direct_component_blend,20260908_1821_rushing_yards_blend,2026-09-20T12:24:48+00:00,2026-09-20T12:25:10+00:00
2026,2,401872944,2026-09-20,15:25,00-0039062,Jonathan Mingo,DAL,WSH,WR,receiving_yards,5.2,-12.0,34.0,,,eligible,eligible_current_role,backup,Active,5.0,direct_component_blend,20260908_1821_receiving_yards_blend,2026-09-20T12:24:48+00:00,2026-09-20T12:25:10+00:00
2026,2,401872944,2026-09-20,15:25,00-0039149,Quan Martin,WSH,DAL,DB,tackles,3.4,0.8,6.9,0.9273765905316589,0.8067919098779589,eligible,eligible_current_role,backup,,2.0,direct,20260908_1821_tackles_direct,2026-09-20T12:24:48+00:00,2026-09-20T12:25:10+00:00
2026,2,401872944,2026-09-20,15:25,00-0039355,Luke McCaffrey,WSH,DAL,WR,rushing_yards,0.0,-10.8,15.0,,,eligible,eligible_current_role,backup,,7.0,direct_component_blend,20260908_1821_rushing_yards_blend,2026-09-20T12:24:48+00:00,2026-09-20T12:25:10+00:00
2026,2,401872944,2026-09-20,15:25,00-0039355,Luke McCaffrey,WSH,DAL,WR,receiving_yards,6.2,-11.0,35.0,,,eligible,eligible_current_role,backup,,7.0,direct_component_blend,20260908_1821_receiving_yards_blend,2026-09-20T12:24:48+00:00,2026-09-20T12:25:10+00:00
2026,2,401872944,2026-09-20,15:25,00-0039387,Caelen Carson,DAL,WSH,DB,tackles,2.6,0.6,5.0,0.8723563421288602,0.6717366804514817,eligible,eligible_current_role,backup,Active,2.0,direct,20260908_1821_tackles_direct,2026-09-20T12:24:48+00:00,2026-09-20T12:25:10+00:00
2026,2,401872944,2026-09-20,15:25,00-0039410,Ryan Flournoy,DAL,WSH,WR,rushing_yards,0.0,-10.8,15.0,,,eligible,eligible_current_role,backup,Active,3.0,direct_component_blend,20260908_1821_rushing_yards_blend,2026-09-20T12:24:48+00:00,2026-09-20T12:25:10+00:00
2026,2,401872944,2026-09-20,15:25,00-0039410,Ryan Flournoy,DAL,WSH,WR,receiving_yards,20.7,-6.0,69.9,,,eligible,eligible_current_role,backup,Active,3.0,direct_component_blend,20260908_1821_receiving_yards_blend,2026-09-20T12:24:48+00:00,2026-09-20T12:25:10+00:00
2026,2,401872944,2026-09-20,15:25,00-0039412,Javontae Jean-Baptiste,WSH,DAL,LB,tackles,1.7,0.0,4.1,0.7594585434824938,0.4813264328134935,eligible,eligible_current_role,backup,,3.0,direct,20260908_1821_tackles_direct,2026-09-20T12:24:48+00:00,2026-09-20T12:25:10+00:00
2026,2,401872944,2026-09-20,15:25,00-0039530,Brevyn Spann-Ford,DAL,WSH,TE,rushing_yards,0.0,-10.8,14.9,,,eligible,eligible_current_role,backup,Active,2.0,direct_component_blend,20260908_1821_rushing_yards_blend,2026-09-20T12:24:48+00:00,2026-09-20T12:25:10+00:00
2026,2,401872944,2026-09-20,15:25,00-0039530,Brevyn Spann-Ford,DAL,WSH,TE,receiving_yards,7.7,-9.5,36.5,,,eligible,eligible_current_role,backup,Active,2.0,direct_component_blend,20260908_1821_receiving_yards_blend,2026-09-20T12:24:48+00:00,2026-09-20T12:25:10+00:00
2026,2,401872944,2026-09-20,15:25,00-0039681,Tyler Owens,WSH,DAL,DB,tackles,0.7,0.0,3.2,0.41289491968100867,0.14006361382413493,eligible,eligible_current_role,backup,Active,2.0,direct,20260908_1821_tackles_direct,2026-09-20T12:24:48+00:00,2026-09-20T12:25:10+00:00
2026,2,401872944,2026-09-20,15:25,00-0039686,Colson Yankoff,WSH,DAL,TE,rushing_yards,0.0,-10.8,14.9,,,eligible,eligible_current_role,backup,,4.0,direct_component_blend,20260908_1821_rushing_yards_blend,2026-09-20T12:24:48+00:00,2026-09-20T12:25:10+00:00
2026,2,401872944,2026-09-20,15:25,00-0039686,Colson Yankoff,WSH,DAL,TE,receiving_yards,1.8,-15.3,30.7,,,eligible,eligible_current_role,backup,,4.0,direct_component_blend,20260908_1821_receiving_yards_blend,2026-09-20T12:24:48+00:00,2026-09-20T12:25:10+00:00
2026,2,401872944,2026-09-20,15:25,00-0039898,Mike Sainristil,WSH,DAL,DB,tackles,4.9,2.2,8.3,0.9796326407363326,0.9238601788824178,eligible,eligible_current_role,starter,,1.0,direct,20260908_1821_tackles_direct,2026-09-20T12:24:48+00:00,2026-09-20T12:25:10+00:00
2026,2,401872944,2026-09-20,15:25,00-0039910,Jayden Daniels,WSH,DAL,QB,passing_yards,192.7,99.2,298.9,,,eligible,eligible_current_role,starter,Active,1.0,direct_component_blend,20260908_1821_passing_yards_blend,2026-09-20T12:24:48+00:00,2026-09-20T12:25:10+00:00
2026,2,401872944,2026-09-20,15:25,00-0039910,Jayden Daniels,WSH,DAL,QB,passing_tds,1.464,,,0.8049529834350585,0.46863171866658154,eligible,eligible_current_role,starter,Active,1.0,direct_component_blend,20260908_1821_passing_tds_blend,2026-09-20T12:24:48+00:00,2026-09-20T12:25:10+00:00
2026,2,401872944,2026-09-20,15:25,00-0039910,Jayden Daniels,WSH,DAL,QB,rushing_yards,34.3,21.5,52.3,,,eligible,eligible_current_role,starter,Active,1.0,direct_component_blend,20260908_1821_rushing_yards_blend,2026-09-20T12:24:48+00:00,2026-09-20T12:25:10+00:00
2026,2,401872944,2026-09-20,15:25,00-0039912,Ben Sinnott,WSH,DAL,TE,rushing_yards,0.0,-10.8,14.9,,,eligible,eligible_current_role,backup,Active,3.0,direct_component_blend,20260908_1821_rushing_yards_blend,2026-09-20T12:24:48+00:00,2026-09-20T12:25:10+00:00
2026,2,401872944,2026-09-20,15:25,00-0039912,Ben Sinnott,WSH,DAL,TE,receiving_yards,12.2,-5.0,41.0,,,eligible,eligible_current_role,backup,Active,3.0,direct_component_blend,20260908_1821_receiving_yards_blend,2026-09-20T12:24:48+00:00,2026-09-20T12:25:10+00:00
2026,2,401872944,2026-09-20,15:25,00-0040008,Shavon Revel Jr.,DAL,WSH,DB,tackles,3.7,1.0,7.2,0.9409358249304348,0.8314773949894088,eligible,eligible_current_role,backup,,2.0,direct,20260908_1821_tackles_direct,2026-09-20T12:24:48+00:00,2026-09-20T12:25:10+00:00
2026,2,401872944,2026-09-20,15:25,00-0040011,Shemar James,DAL,WSH,LB,tackles,5.0,2.9,7.3,0.9801590622637101,0.9287387517375504,eligible,eligible_current_role,recent_defensive_participant,,,direct,20260908_1821_tackles_direct,2026-09-20T12:24:48+00:00,2026-09-20T12:25:10+00:00
2026,2,401872944,2026-09-20,15:25,00-0040045,Alijah Clark,DAL,WSH,DB,tackles,1.1,0.0,3.5,0.5572661791206499,0.26751357584159924,eligible,eligible_current_role,backup,,3.0,direct,20260908_1821_tackles_direct,2026-09-20T12:24:48+00:00,2026-09-20T12:25:10+00:00
2026,2,401872944,2026-09-20,15:25,00-0040164,Jaylin Lane,WSH,DAL,WR,rushing_yards,0.0,-10.8,15.0,,,eligible,questionable_flag,backup,Questionable,5.0,direct_component_blend,20260908_1821_rushing_yards_blend,2026-09-20T12:24:48+00:00,2026-09-20T12:25:10+00:00
2026,2,401872944,2026-09-20,15:25,00-0040164,Jaylin Lane,WSH,DAL,WR,receiving_yards,4.1,-13.0,33.0,,,eligible,questionable_flag,backup,Questionable,5.0,direct_component_blend,20260908_1821_receiving_yards_blend,2026-09-20T12:24:48+00:00,2026-09-20T12:25:10+00:00
2026,2,401872944,2026-09-20,15:25,00-0040242,Jacory Croskey-Merritt,WSH,DAL,RB,rushing_yards,57.8,35.8,88.7,,,eligible,eligible_current_role,starter,Active,1.0,direct_component_blend,20260908_1821_rushing_yards_blend,2026-09-20T12:24:48+00:00,2026-09-20T12:25:10+00:00
2026,2,401872944,2026-09-20,15:25,00-0040242,Jacory Croskey-Merritt,WSH,DAL,RB,receiving_yards,4.8,-12.4,33.6,,,eligible,eligible_current_role,starter,Active,1.0,direct_component_blend,20260908_1821_receiving_yards_blend,2026-09-20T12:24:48+00:00,2026-09-20T12:25:10+00:00
2026,2,401872944,2026-09-20,15:25,00-0040552,Joshua Simon,WSH,DAL,TE,rushing_yards,0.0,-14.8,20.6,,,eligible,eligible_current_role,roster_only,,,direct_component_blend,20260908_1821_rushing_yards_blend,2026-09-20T12:24:48+00:00,2026-09-20T12:25:10+00:00
2026,2,401872944,2026-09-20,15:25,00-0040552,Joshua Simon,WSH,DAL,TE,receiving_yards,4.1,-18.6,44.6,,,eligible,eligible_current_role,roster_only,,,direct_component_blend,20260908_1821_receiving_yards_blend,2026-09-20T12:24:48+00:00,2026-09-20T12:25:10+00:00
2026,2,401872944,2026-09-20,15:25,00-0040702,Mitch Van Vooren,DAL,WSH,TE,rushing_yards,0.0,-14.8,20.6,,,eligible,eligible_current_role,roster_only,,,direct_component_blend,20260908_1821_rushing_yards_blend,2026-09-20T12:24:48+00:00,2026-09-20T12:25:10+00:00
2026,2,401872944,2026-09-20,15:25,00-0040702,Mitch Van Vooren,DAL,WSH,TE,receiving_yards,3.9,-18.7,44.5,,,eligible,eligible_current_role,roster_only,,,direct_component_blend,20260908_1821_receiving_yards_blend,2026-09-20T12:24:48+00:00,2026-09-20T12:25:10+00:00
2026,2,401872944,2026-09-20,15:25,00-0040725,Donovan Ezeiruaku,DAL,WSH,LB,tackles,2.5,0.5,5.0,0.8634761165760714,0.6533903826225597,eligible,eligible_current_role,starter,Active,1.0,direct,20260908_1821_tackles_direct,2026-09-20T12:24:48+00:00,2026-09-20T12:25:10+00:00
2026,2,401872944,2026-09-20,15:25,00-0040865,Caleb Downs,DAL,WSH,DB,tackles,3.0,0.2,6.9,0.9049775116136856,0.7500014283961077,eligible,eligible_current_role,starter,Active,1.0,direct,20260908_1821_tackles_direct,2026-09-20T12:24:48+00:00,2026-09-20T12:25:10+00:00
2026,2,401872944,2026-09-20,15:25,00-0040872,Jaishawn Barham,DAL,WSH,LB,tackles,1.4,0.0,4.9,0.6484136576845927,0.35507544250274653,eligible,eligible_current_role,recent_defensive_participant,,,direct,20260908_1821_tackles_direct,2026-09-20T12:24:48+00:00,2026-09-20T12:25:10+00:00
2026,2,401872944,2026-09-20,15:25,00-0040880,LT Overton,DAL,WSH,DL,tackles,1.2,0.0,4.7,0.5697710202728535,0.27929249930656197,eligible,eligible_current_role,backup,,2.0,direct,20260908_1821_tackles_direct,2026-09-20T12:24:48+00:00,2026-09-20T12:25:10+00:00
2026,2,401872944,2026-09-20,15:25,00-0040930,Camden Brown,DAL,WSH,WR,rushing_yards,0.0,-14.7,20.7,,,eligible,eligible_current_role,backup,Active,6.0,direct_component_blend,20260908_1821_rushing_yards_blend,2026-09-20T12:24:48+00:00,2026-09-20T12:25:10+00:00
2026,2,401872944,2026-09-20,15:25,00-0040930,Camden Brown,DAL,WSH,WR,receiving_yards,6.7,-16.0,47.3,,,eligible,eligible_current_role,backup,Active,6.0,direct_component_blend,20260908_1821_receiving_yards_blend,2026-09-20T12:24:48+00:00,2026-09-20T12:25:10+00:00
2026,2,401872944,2026-09-20,15:25,00-0041028,Sonny Styles,WSH,DAL,LB,tackles,1.4,0.0,4.9,0.6549339874797315,0.3617817659483075,eligible,eligible_current_role,recent_defensive_participant,Active,,direct,20260908_1821_tackles_direct,2026-09-20T12:24:48+00:00,2026-09-20T12:25:10+00:00
2026,2,401872944,2026-09-20,15:25,00-0041040,Antonio Williams,WSH,DAL,WR,rushing_yards,0.0,-14.8,20.6,,,eligible,eligible_current_role,backup,Active,3.0,direct_component_blend,20260908_1821_rushing_yards_blend,2026-09-20T12:24:48+00:00,2026-09-20T12:25:10+00:00
2026,2,401872944,2026-09-20,15:25,00-0041040,Antonio Williams,WSH,DAL,WR,receiving_yards,6.9,-15.7,47.5,,,eligible,eligible_current_role,backup,Active,3.0,direct_component_blend,20260908_1821_receiving_yards_blend,2026-09-20T12:24:48+00:00,2026-09-20T12:25:10+00:00
2026,2,401872944,2026-09-20,15:25,00-0041074,Joshua Josephs,WSH,DAL,LB,tackles,1.7,0.0,5.2,0.7565706484335709,0.4778416322100294,eligible,eligible_current_role,backup,,2.0,direct,20260908_1821_tackles_direct,2026-09-20T12:24:48+00:00,2026-09-20T12:25:10+00:00
2026,2,401872944,2026-09-20,15:25,00-0041096,Kaytron Allen,WSH,DAL,RB,rushing_yards,11.5,-18.8,54.0,,,eligible,eligible_current_role,backup,Active,3.0,direct_component_blend,20260908_1821_rushing_yards_blend,2026-09-20T12:24:48+00:00,2026-09-20T12:25:10+00:00
2026,2,401872944,2026-09-20,15:25,00-0041096,Kaytron Allen,WSH,DAL,RB,receiving_yards,2.9,-19.8,43.4,,,eligible,eligible_current_role,backup,Active,3.0,direct_component_blend,20260908_1821_receiving_yards_blend,2026-09-20T12:24:48+00:00,2026-09-20T12:25:10+00:00
2026,2,401872944,2026-09-20,15:25,00-0041117,Athan Kaliakmanis,WSH,DAL,QB,rushing_yards,8.3,-9.2,33.0,,,eligible,eligible_current_role,backup,,3.0,direct_component_blend,20260908_1821_rushing_yards_blend,2026-09-20T12:24:48+00:00,2026-09-20T12:25:10+00:00
2026,2,401872944,2026-09-20,15:25,00-0041182,Drew Stevens,WSH,DAL,K,kicking_points,6.8,0.3,14.3,,,eligible,eligible_current_role,starter,Active,1.0,component,20260908_1821_kicking_points_component,2026-09-20T12:24:48+00:00,2026-09-20T12:25:10+00:00
2026,2,401872944,2026-09-20,15:25,00-0041537,Malachi Lawrence,DAL,WSH,LB,tackles,1.7,0.0,5.1,0.7544163713988227,0.47526609236359135,eligible,eligible_current_role,backup,,2.0,direct,20260908_1821_tackles_direct,2026-09-20T12:24:48+00:00,2026-09-20T12:25:10+00:00
2026,2,401872945,2026-09-20,19:20,00-0026836,Kenneth Harris,IND,KC,CB,tackles,1.9,0.0,5.9,0.7819647044046237,0.5098265955971905,eligible,eligible_current_role,recent_defensive_participant,,,direct,20260908_1821_tackles_direct,2026-09-20T12:24:48+00:00,2026-09-20T12:25:10+00:00
2026,2,401872945,2026-09-20,19:20,00-0030279,Keenan Allen,IND,KC,WR,rushing_yards,0.0,-10.8,15.0,,,eligible,eligible_current_role,backup,Active,3.0,direct_component_blend,20260908_1821_rushing_yards_blend,2026-09-20T12:24:48+00:00,2026-09-20T12:25:10+00:00
2026,2,401872945,2026-09-20,19:20,00-0030279,Keenan Allen,IND,KC,WR,receiving_yards,20.5,-6.2,69.6,,,eligible,eligible_current_role,backup,Active,3.0,direct_component_blend,20260908_1821_receiving_yards_blend,2026-09-20T12:24:48+00:00,2026-09-20T12:25:10+00:00
2026,2,401872945,2026-09-20,19:20,00-0030506,Travis Kelce,KC,IND,TE,rushing_yards,0.0,-10.8,14.9,,,eligible,eligible_current_role,starter,Active,1.0,direct_component_blend,20260908_1821_rushing_yards_blend,2026-09-20T12:24:48+00:00,2026-09-20T12:25:10+00:00
2026,2,401872945,2026-09-20,19:20,00-0030506,Travis Kelce,KC,IND,TE,receiving_yards,40.2,20.6,74.5,,,eligible,eligible_current_role,starter,Active,1.0,direct_component_blend,20260908_1821_receiving_yards_blend,2026-09-20T12:24:48+00:00,2026-09-20T12:25:10+00:00
2026,2,401872945,2026-09-20,19:20,00-0032378,DeForest Buckner,IND,KC,DL,tackles,3.3,1.3,5.7,0.9190115090191275,0.790413784736219,eligible,eligible_current_role,starter,,1.0,direct,20260908_1821_tackles_direct,2026-09-20T12:24:48+00:00,2026-09-20T12:25:10+00:00
2026,2,401872945,2026-09-20,19:20,00-0032762,Chris Jones,KC,IND,DL,tackles,1.7,0.0,4.1,0.7543500245383684,0.47518709377612817,eligible,questionable_flag,starter,Questionable,1.0,direct,20260908_1821_tackles_direct,2026-09-20T12:24:48+00:00,2026-09-20T12:25:10+00:00
2026,2,401872945,2026-09-20,19:20,00-0032951,Laquon Treadwell,IND,KC,WR,rushing_yards,0.0,-10.8,15.0,,,eligible,eligible_current_role,backup,,5.0,direct_component_blend,20260908_1821_rushing_yards_blend,2026-09-20T12:24:48+00:00,2026-09-20T12:25:10+00:00
2026,2,401872945,2026-09-20,19:20,00-0032951,Laquon Treadwell,IND,KC,WR,receiving_yards,1.7,-15.4,30.5,,,eligible,eligible_current_role,backup,,5.0,direct_component_blend,20260908_1821_receiving_yards_blend,2026-09-20T12:24:48+00:00,2026-09-20T12:25:10+00:00
2026,2,401872945,2026-09-20,19:20,00-0033217,Mo Alie-Cox,IND,KC,TE,rushing_yards,0.0,-10.8,15.0,,,eligible,eligible_current_role,backup,,2.0,direct_component_blend,20260908_1821_rushing_yards_blend,2026-09-20T12:24:48+00:00,2026-09-20T12:25:10+00:00
2026,2,401872945,2026-09-20,19:20,00-0033217,Mo Alie-Cox,IND,KC,TE,receiving_yards,10.8,-6.4,39.6,,,eligible,eligible_current_role,backup,,2.0,direct_component_blend,20260908_1821_receiving_yards_blend,2026-09-20T12:24:48+00:00,2026-09-20T12:25:10+00:00
2026,2,401872945,2026-09-20,19:20,00-0033303,Harrison Butker,KC,IND,K,kicking_points,7.2,2.5,12.6,,,eligible,eligible_current_role,starter,Active,1.0,component,20260908_1821_kicking_points_component,2026-09-20T12:24:48+00:00,2026-09-20T12:25:10+00:00
2026,2,401872945,2026-09-20,19:20,00-0033873,Patrick Mahomes,KC,IND,QB,passing_yards,219.8,126.3,326.0,,,eligible,eligible_current_role,starter,Active,1.0,direct_component_blend,20260908_1821_passing_yards_blend,2026-09-20T12:24:48+00:00,2026-09-20T12:25:10+00:00
2026,2,401872945,2026-09-20,19:20,00-0033873,Patrick Mahomes,KC,IND,QB,passing_tds,1.8,,,0.8324230259551584,0.5297083066823088,eligible,eligible_current_role,starter,Active,1.0,direct_component_blend,20260908_1821_passing_tds_blend,2026-09-20T12:24:48+00:00,2026-09-20T12:25:10+00:00
2026,2,401872945,2026-09-20,19:20,00-0033873,Patrick Mahomes,KC,IND,QB,rushing_yards,18.8,6.0,36.7,,,eligible,eligible_current_role,starter,Active,1.0,direct_component_blend,20260908_1821_rushing_yards_blend,2026-09-20T12:24:48+00:00,2026-09-20T12:25:10+00:00
2026,2,401872945,2026-09-20,19:20,00-0033952,Grover Stewart,IND,KC,DL,tackles,2.6,0.7,5.1,0.8763817030974268,0.6802999641361651,eligible,eligible_current_role,starter,,1.0,direct,20260908_1821_tackles_direct,2026-09-20T12:24:48+00:00,2026-09-20T12:25:10+00:00
2026,2,401872945,2026-09-20,19:20,00-0034485,Jonathan Owens,IND,KC,DB,tackles,1.0,0.0,3.4,0.5308196040058483,0.24459117137916778,eligible,eligible_current_role,backup,,2.0,direct,20260908_1821_tackles_direct,2026-09-20T12:24:48+00:00,2026-09-20T12:25:10+00:00
2026,2,401872945,2026-09-20,19:20,00-0034573,Charvarius Ward,IND,KC,DB,tackles,4.1,1.4,7.6,0.9590700433094126,0.8702956586749465,eligible,eligible_current_role,starter,Active,1.0,direct,20260908_1821_tackles_direct,2026-09-20T12:24:48+00:00,2026-09-20T12:25:10+00:00
2026,2,401872945,2026-09-20,19:20,00-0034825,Arden Key,IND,KC,DL,tackles,1.6,0.0,4.0,0.7478419015488236,0.4675298607226379,eligible,eligible_current_role,starter,,1.0,direct,20260908_1821_tackles_direct,2026-09-20T12:24:48+00:00,2026-09-20T12:25:10+00:00
2026,2,401872945,2026-09-20,19:20,00-0035021,Ashton Dulin,IND,KC,WR,rushing_yards,0.4,-10.3,15.5,,,eligible,questionable_flag,backup,Questionable,4.0,direct_component_blend,20260908_1821_rushing_yards_blend,2026-09-20T12:24:48+00:00,2026-09-20T12:25:10+00:00
2026,2,401872945,2026-09-20,19:20,00-0035021,Ashton Dulin,IND,KC,WR,receiving_yards,3.0,-14.1,31.8,,,eligible,questionable_flag,backup,Questionable,4.0,direct_component_blend,20260908_1821_receiving_yards_blend,2026-09-20T12:24:48+00:00,2026-09-20T12:25:10+00:00
2026,2,401872945,2026-09-20,19:20,00-0035262,Drue Tranquill,KC,IND,LB,tackles,6.7,3.7,10.7,0.983495145631068,0.9631067961165048,eligible,eligible_current_role,starter,Active,1.0,direct,20260908_1821_tackles_direct,2026-09-20T12:24:48+00:00,2026-09-20T12:25:10+00:00
2026,2,401872945,2026-09-20,19:20,00-0035674,Jerry Tillery,IND,KC,DL,tackles,1.4,0.0,3.9,0.6444891622413526,0.3510791325392691,eligible,eligible_current_role,backup,,2.0,direct,20260908_1821_tackles_direct,2026-09-20T12:24:48+00:00,2026-09-20T12:25:10+00:00
2026,2,401872945,2026-09-20,19:20,00-0035710,Daniel Jones,IND,KC,QB,passing_yards,203.4,109.9,309.6,,,eligible,eligible_current_role,starter,Active,1.0,direct_component_blend,20260908_1821_passing_yards_blend,2026-09-20T12:24:48+00:00,2026-09-20T12:25:10+00:00
2026,2,401872945,2026-09-20,19:20,00-0035710,Daniel Jones,IND,KC,QB,passing_tds,1.188,,,0.6547619047619048,0.39285714285714285,eligible,eligible_current_role,starter,Active,1.0,direct_component_blend,20260908_1821_passing_tds_blend,2026-09-20T12:24:48+00:00,2026-09-20T12:25:10+00:00
2026,2,401872945,2026-09-20,19:20,00-0035710,Daniel Jones,IND,KC,QB,rushing_yards,11.1,0.4,26.1,,,eligible,eligible_current_role,starter,Active,1.0,direct_component_blend,20260908_1821_rushing_yards_blend,2026-09-20T12:24:48+00:00,2026-09-20T12:25:10+00:00
2026,2,401872945,2026-09-20,19:20,00-0036032,Sean McKeon,IND,KC,TE,rushing_yards,0.0,-10.7,15.0,,,eligible,questionable_flag,roster_only,Questionable,,direct_component_blend,20260908_1821_rushing_yards_blend,2026-09-20T12:24:48+00:00,2026-09-20T12:25:10+00:00
2026,2,401872945,2026-09-20,19:20,00-0036032,Sean McKeon,IND,KC,TE,receiving_yards,1.8,-15.4,30.6,,,eligible,questionable_flag,roster_only,Questionable,,direct_component_blend,20260908_1821_receiving_yards_blend,2026-09-20T12:24:48+00:00,2026-09-20T12:25:10+00:00
2026,2,401872945,2026-09-20,19:20,00-0036223,Jonathan Taylor,IND,KC,RB,rushing_yards,85.2,63.2,116.1,,,eligible,eligible_current_role,starter,Active,1.0,direct_component_blend,20260908_1821_rushing_yards_blend,2026-09-20T12:24:48+00:00,2026-09-20T12:25:10+00:00
2026,2,401872945,2026-09-20,19:20,00-0036223,Jonathan Taylor,IND,KC,RB,receiving_yards,18.5,1.4,47.3,,,eligible,eligible_current_role,starter,Active,1.0,direct_component_blend,20260908_1821_receiving_yards_blend,2026-09-20T12:24:48+00:00,2026-09-20T12:25:10+00:00
2026,2,401872945,2026-09-20,19:20,00-0036298,Akeem Davis-Gaither,IND,KC,LB,tackles,5.9,2.9,9.9,0.9829051272841385,0.9562645831011087,eligible,eligible_current_role,starter,,1.0,direct,20260908_1821_tackles_direct,2026-09-20T12:24:48+00:00,2026-09-20T12:25:10+00:00
2026,2,401872945,2026-09-20,19:20,00-0036374,L'Jarius Sneed,KC,IND,DB,tackles,4.6,1.9,8.0,0.9732729668347953,0.9061953937641186,eligible,eligible_current_role,starter,Active,1.0,direct,20260908_1821_tackles_direct,2026-09-20T12:24:48+00:00,2026-09-20T12:25:10+00:00
2026,2,401872945,2026-09-20,19:20,00-0036380,Alohi Gilman,KC,IND,DB,tackles,4.8,2.1,8.2,0.9779949214145544,0.9190973801709792,eligible,eligible_current_role,starter,Active,1.0,direct,20260908_1821_tackles_direct,2026-09-20T12:24:48+00:00,2026-09-20T12:25:10+00:00
2026,2,401872945,2026-09-20,19:20,00-0036416,Kristian Fulton,KC,IND,DB,tackles,3.2,1.0,5.9,0.9131686765246493,0.7731144726876356,eligible,eligible_current_role,backup,,2.0,direct,20260908_1821_tackles_direct,2026-09-20T12:24:48+00:00,2026-09-20T12:25:10+00:00
2026,2,401872945,2026-09-20,19:20,00-0036621,Nick Bolton,KC,IND,LB,tackles,7.4,5.1,12.1,0.983495145631068,0.9631067961165048,eligible,eligible_current_role,starter,Active,1.0,direct,20260908_1821_tackles_direct,2026-09-20T12:24:48+00:00,2026-09-20T12:25:10+00:00
2026,2,401872945,2026-09-20,19:20,00-0036629,Camryn Bynum,IND,KC,DB,tackles,5.0,2.3,8.5,0.9803850178892598,0.9308585118733887,eligible,eligible_current_role,starter,,1.0,direct,20260908_1821_tackles_direct,2026-09-20T12:24:48+00:00,2026-09-20T12:25:10+00:00
2026,2,401872945,2026-09-20,19:20,00-0036637,Noah Gray,KC,IND,TE,rushing_yards,0.0,-10.8,14.9,,,eligible,eligible_current_role,backup,Active,2.0,direct_component_blend,20260908_1821_rushing_yards_blend,2026-09-20T12:24:48+00:00,2026-09-20T12:25:10+00:00
2026,2,401872945,2026-09-20,19:20,00-0036637,Noah Gray,KC,IND,TE,receiving_yards,9.5,-7.7,38.3,,,eligible,eligible_current_role,backup,Active,2.0,direct_component_blend,20260908_1821_receiving_yards_blend,2026-09-20T12:24:48+00:00,2026-09-20T12:25:10+00:00
2026,2,401872945,2026-09-20,19:20,00-0036909,Khyiris Tonga,KC,IND,DL,tackles,1.6,0.0,4.0,0.7491481503121837,0.4690523035749607,eligible,eligible_current_role,starter,,1.0,direct,20260908_1821_tackles_direct,2026-09-20T12:24:48+00:00,2026-09-20T12:25:10+00:00
2026,2,401872945,2026-09-20,19:20,00-0036945,Justin Fields,KC,IND,QB,rushing_yards,36.3,23.5,54.3,,,eligible,eligible_current_role,backup,,2.0,direct_component_blend,20260908_1821_rushing_yards_blend,2026-09-20T12:24:48+00:00,2026-09-20T12:25:10+00:00
2026,2,401872945,2026-09-20,19:20,00-0037190,Sauce Gardner,IND,KC,DB,tackles,3.1,0.5,6.7,0.9113808900313382,0.7679626195065968,eligible,eligible_current_role,starter,Active,1.0,direct,20260908_1821_tackles_direct,2026-09-20T12:24:48+00:00,2026-09-20T12:25:10+00:00
2026,2,401872945,2026-09-20,19:20,00-0037192,George Karlaftis,KC,IND,DL,tackles,2.3,0.2,5.0,0.8395279876641318,0.6070170178443339,eligible,eligible_current_role,starter,,1.0,direct,20260908_1821_tackles_direct,2026-09-20T12:24:48+00:00,2026-09-20T12:25:10+00:00
2026,2,401872945,2026-09-20,19:20,00-0037208,Jack Cochrane,KC,IND,LB,tackles,1.0,0.0,3.4,0.527530081245131,0.24193743683497695,eligible,eligible_current_role,backup,,2.0,direct,20260908_1821_tackles_direct,2026-09-20T12:24:48+00:00,2026-09-20T12:25:10+00:00
2026,2,401872945,2026-09-20,19:20,00-0037292,Andrew Ogletree,IND,KC,TE,rushing_yards,0.0,-10.8,15.0,,,eligible,eligible_current_role,backup,Active,3.0,direct_component_blend,20260908_1821_rushing_yards_blend,2026-09-20T12:24:48+00:00,2026-09-20T12:25:10+00:00
2026,2,401872945,2026-09-20,19:20,00-0037292,Andrew Ogletree,IND,KC,TE,receiving_yards,4.2,-13.0,33.0,,,eligible,eligible_current_role,backup,Active,3.0,direct_component_blend,20260908_1821_receiving_yards_blend,2026-09-20T12:24:48+00:00,2026-09-20T12:25:10+00:00
2026,2,401872945,2026-09-20,19:20,00-0037324,Chris Oladokun,KC,IND,QB,rushing_yards,6.4,-5.3,23.0,,,eligible,eligible_current_role,roster_only,,,direct_component_blend,20260908_1821_rushing_yards_blend,2026-09-20T12:24:48+00:00,2026-09-20T12:25:10+00:00
2026,2,401872945,2026-09-20,19:20,00-0037664,Alec Pierce,IND,KC,WR,rushing_yards,0.0,-10.7,15.0,,,eligible,questionable_flag,starter,Questionable,1.0,direct_component_blend,20260908_1821_rushing_yards_blend,2026-09-20T12:24:48+00:00,2026-09-20T12:25:10+00:00
2026,2,401872945,2026-09-20,19:20,00-0037664,Alec Pierce,IND,KC,WR,receiving_yards,40.5,23.3,69.3,,,eligible,questionable_flag,starter,Questionable,1.0,direct_component_blend,20260908_1821_receiving_yards_blend,2026-09-20T12:24:48+00:00,2026-09-20T12:25:10+00:00
2026,2,401872945,2026-09-20,19:20,00-0037753,Cam Taylor-Britt,IND,KC,DB,tackles,2.2,0.1,5.0,0.836287243789733,0.6010602993109364,eligible,eligible_current_role,backup,Active,2.0,direct,20260908_1821_tackles_direct,2026-09-20T12:24:48+00:00,2026-09-20T12:25:10+00:00
2026,2,401872945,2026-09-20,19:20,00-0038104,Tyquan Thornton,KC,IND,WR,rushing_yards,0.0,-10.7,15.0,,,eligible,eligible_current_role,backup,Active,3.0,direct_component_blend,20260908_1821_rushing_yards_blend,2026-09-20T12:24:48+00:00,2026-09-20T12:25:10+00:00
2026,2,401872945,2026-09-20,19:20,00-0038104,Tyquan Thornton,KC,IND,WR,receiving_yards,16.7,-0.5,45.5,,,eligible,eligible_current_role,backup,Active,3.0,direct_component_blend,20260908_1821_receiving_yards_blend,2026-09-20T12:24:48+00:00,2026-09-20T12:25:10+00:00
2026,2,401872945,2026-09-20,19:20,00-0038107,Micheal Clemons,IND,KC,DL,tackles,1.6,0.0,4.1,0.7523884213895268,0.4728600567624899,eligible,eligible_current_role,backup,,2.0,direct,20260908_1821_tackles_direct,2026-09-20T12:24:48+00:00,2026-09-20T12:25:10+00:00
2026,2,401872945,2026-09-20,19:20,00-0038134,Kenneth Walker III,KC,IND,RB,rushing_yards,48.6,26.6,79.5,,,eligible,eligible_current_role,starter,Active,1.0,direct_component_blend,20260908_1821_rushing_yards_blend,2026-09-20T12:24:48+00:00,2026-09-20T12:25:10+00:00
2026,2,401872945,2026-09-20,19:20,00-0038134,Kenneth Walker III,KC,IND,RB,receiving_yards,13.9,-3.3,42.7,,,eligible,eligible_current_role,starter,Active,1.0,direct_component_blend,20260908_1821_receiving_yards_blend,2026-09-20T12:24:48+00:00,2026-09-20T12:25:10+00:00
2026,2,401872945,2026-09-20,19:20,00-0038145,Thomas Odukoya,KC,IND,TE,rushing_yards,0.0,-14.8,20.6,,,eligible,eligible_current_role,roster_only,,,direct_component_blend,20260908_1821_rushing_yards_blend,2026-09-20T12:24:48+00:00,2026-09-20T12:25:10+00:00
2026,2,401872945,2026-09-20,19:20,00-0038145,Thomas Odukoya,KC,IND,TE,receiving_yards,1.9,-20.7,42.5,,,eligible,eligible_current_role,roster_only,,,direct_component_blend,20260908_1821_receiving_yards_blend,2026-09-20T12:24:48+00:00,2026-09-20T12:25:10+00:00
2026,2,401872945,2026-09-20,19:20,00-0038489,Ben VanSumeren,KC,IND,RB,rushing_yards,1.6,-9.1,16.7,,,eligible,eligible_current_role,starter,,1.0,direct_component_blend,20260908_1821_rushing_yards_blend,2026-09-20T12:24:48+00:00,2026-09-20T12:25:10+00:00
2026,2,401872945,2026-09-20,19:20,00-0038489,Ben VanSumeren,KC,IND,RB,receiving_yards,0.8,-16.4,29.6,,,eligible,eligible_current_role,starter,,1.0,direct_component_blend,20260908_1821_receiving_yards_blend,2026-09-20T12:24:48+00:00,2026-09-20T12:25:10+00:00
2026,2,401872945,2026-09-20,19:20,00-0038519,Nikko Remigio,KC,IND,WR,rushing_yards,0.0,-10.7,15.0,,,eligible,eligible_current_role,backup,Active,6.0,direct_component_blend,20260908_1821_rushing_yards_blend,2026-09-20T12:24:48+00:00,2026-09-20T12:25:10+00:00
2026,2,401872945,2026-09-20,19:20,00-0038519,Nikko Remigio,KC,IND,WR,receiving_yards,2.6,-14.6,31.4,,,eligible,eligible_current_role,backup,Active,6.0,direct_component_blend,20260908_1821_receiving_yards_blend,2026-09-20T12:24:48+00:00,2026-09-20T12:25:10+00:00
2026,2,401872945,2026-09-20,19:20,00-0038982,Chamarri Conner,KC,IND,DB,tackles,5.8,3.1,9.3,0.9827606804559125,0.954693557634933,eligible,questionable_flag,starter,,1.0,direct,20260908_1821_tackles_direct,2026-09-20T12:24:48+00:00,2026-09-20T12:25:10+00:00
2026,2,401872945,2026-09-20,19:20,00-0038997,Josh Downs,IND,KC,WR,rushing_yards,0.0,-10.8,15.0,,,eligible,eligible_current_role,backup,Active,2.0,direct_component_blend,20260908_1821_rushing_yards_blend,2026-09-20T12:24:48+00:00,2026-09-20T12:25:10+00:00
2026,2,401872945,2026-09-20,19:20,00-0038997,Josh Downs,IND,KC,WR,receiving_yards,29.6,2.9,78.7,,,eligible,eligible_current_role,backup,Active,2.0,direct_component_blend,20260908_1821_receiving_yards_blend,2026-09-20T12:24:48+00:00,2026-09-20T12:25:10+00:00
2026,2,401872945,2026-09-20,19:20,00-0039006,Felix Anudike-Uzomah,KC,IND,DL,tackles,1.7,0.0,4.1,0.7552057013838879,0.4762074131777967,eligible,eligible_current_role,starter,,1.0,direct,20260908_1821_tackles_direct,2026-09-20T12:24:48+00:00,2026-09-20T12:25:10+00:00
2026,2,401872945,2026-09-20,19:20,00-0039031,Adetomiwa Adebawore,IND,KC,DL,tackles,1.8,0.0,4.3,0.7707306686758795,0.49529377701588884,eligible,eligible_current_role,backup,,2.0,direct,20260908_1821_tackles_direct,2026-09-20T12:24:48+00:00,2026-09-20T12:25:10+00:00
2026,2,401872945,2026-09-20,19:20,00-0039067,Rashee Rice,KC,IND,WR,rushing_yards,0.2,-10.5,15.3,,,eligible,eligible_current_role,starter,Active,1.0,direct_component_blend,20260908_1821_rushing_yards_blend,2026-09-20T12:24:48+00:00,2026-09-20T12:25:10+00:00
2026,2,401872945,2026-09-20,19:20,00-0039067,Rashee Rice,KC,IND,WR,receiving_yards,76.3,49.6,125.4,,,eligible,eligible_current_role,starter,Active,1.0,direct_component_blend,20260908_1821_receiving_yards_blend,2026-09-20T12:24:48+00:00,2026-09-20T12:25:10+00:00
2026,2,401872945,2026-09-20,19:20,00-0039164,Anthony Richardson,IND,KC,QB,rushing_yards,14.6,1.8,32.6,,,eligible,eligible_current_role,backup,Active,2.0,direct_component_blend,20260908_1821_rushing_yards_blend,2026-09-20T12:24:48+00:00,2026-09-20T12:25:10+00:00
2026,2,401872945,2026-09-20,19:20,00-0039178,Austin Ajiake,IND,KC,LB,tackles,1.1,0.0,3.6,0.5644723764540164,0.27424197159678443,eligible,eligible_current_role,backup,Active,2.0,direct,20260908_1821_tackles_direct,2026-09-20T12:24:48+00:00,2026-09-20T12:25:10+00:00
2026,2,401872945,2026-09-20,19:20,00-0039324,Christian Roland-Wallace,KC,IND,DB,tackles,3.0,0.8,5.7,0.9030998470394838,0.7448709380453729,eligible,eligible_current_role,backup,,2.0,direct,20260908_1821_tackles_direct,2026-09-20T12:24:48+00:00,2026-09-20T12:25:10+00:00
2026,2,401872945,2026-09-20,19:20,00-0039340,Laiatu Latu,IND,KC,DL,tackles,2.3,0.3,4.8,0.8405698629702144,0.6089453187912871,eligible,eligible_current_role,starter,,1.0,direct,20260908_1821_tackles_direct,2026-09-20T12:24:48+00:00,2026-09-20T12:25:10+00:00
2026,2,401872945,2026-09-20,19:20,00-0039377,Jaylon Carlies,IND,KC,LB,tackles,1.0,0.0,3.4,0.5155985654675928,0.23249514239198976,eligible,eligible_current_role,starter,,1.0,direct,20260908_1821_tackles_direct,2026-09-20T12:24:48+00:00,2026-09-20T12:25:10+00:00
2026,2,401872945,2026-09-20,19:20,00-0039433,Marcus Harris,KC,IND,DL,tackles,1.0,0.0,4.5,0.5477096351472188,0.2588336822877339,eligible,eligible_current_role,recent_defensive_participant,,,direct,20260908_1821_tackles_direct,2026-09-20T12:24:48+00:00,2026-09-20T12:25:10+00:00
2026,2,401872945,2026-09-20,19:20,00-0039576,Spencer Shrader,IND,KC,K,kicking_points,7.3,2.3,13.2,,,eligible,eligible_current_role,starter,Active,1.0,component,20260908_1821_kicking_points_component,2026-09-20T12:24:48+00:00,2026-09-20T12:25:10+00:00
2026,2,401872945,2026-09-20,19:20,00-0039824,Jared Wiley,KC,IND,TE,rushing_yards,0.0,-11.9,16.5,,,eligible,eligible_current_role,backup,,4.0,direct_component_blend,20260908_1821_rushing_yards_blend,2026-09-20T12:24:48+00:00,2026-09-20T12:25:10+00:00
2026,2,401872945,2026-09-20,19:20,00-0039824,Jared Wiley,KC,IND,TE,receiving_yards,3.5,-15.2,35.4,,,eligible,eligible_current_role,backup,,4.0,direct_component_blend,20260908_1821_receiving_yards_blend,2026-09-20T12:24:48+00:00,2026-09-20T12:25:10+00:00
2026,2,401872945,2026-09-20,19:20,00-0039825,Jaden Hicks,KC,IND,DB,tackles,2.4,0.3,5.2,0.8560781997537551,0.6386381211541547,eligible,eligible_current_role,backup,,2.0,direct,20260908_1821_tackles_direct,2026-09-20T12:24:48+00:00,2026-09-20T12:25:10+00:00
2026,2,401872945,2026-09-20,19:20,00-0039894,Xavier Worthy,KC,IND,WR,rushing_yards,2.8,-7.9,17.9,,,eligible,eligible_current_role,backup,Active,2.0,direct_component_blend,20260908_1821_rushing_yards_blend,2026-09-20T12:24:48+00:00,2026-09-20T12:25:10+00:00
2026,2,401872945,2026-09-20,19:20,00-0039894,Xavier Worthy,KC,IND,WR,receiving_yards,29.9,12.7,58.7,,,eligible,eligible_current_role,backup,Active,2.0,direct_component_blend,20260908_1821_receiving_yards_blend,2026-09-20T12:24:48+00:00,2026-09-20T12:25:10+00:00
2026,2,401872945,2026-09-20,19:20,00-0040072,Jeffrey Bassa,KC,IND,LB,tackles,1.3,0.0,3.8,0.6401225064573427,0.34666757440032425,eligible,eligible_current_role,starter,,1.0,direct,20260908_1821_tackles_direct,2026-09-20T12:24:48+00:00,2026-09-20T12:25:10+00:00
2026,2,401872945,2026-09-20,19:20,00-0040078,Brashard Smith,KC,IND,RB,rushing_yards,4.5,-6.2,19.5,,,eligible,eligible_current_role,backup,Active,3.0,direct_component_blend,20260908_1821_rushing_yards_blend,2026-09-20T12:24:48+00:00,2026-09-20T12:25:10+00:00
2026,2,401872945,2026-09-20,19:20,00-0040078,Brashard Smith,KC,IND,RB,receiving_yards,5.0,-12.2,33.8,,,eligible,eligible_current_role,backup,Active,3.0,direct_component_blend,20260908_1821_receiving_yards_blend,2026-09-20T12:24:48+00:00,2026-09-20T12:25:10+00:00
2026,2,401872945,2026-09-20,19:20,00-0040081,Jake Briningstool,KC,IND,TE,rushing_yards,0.0,-14.8,20.6,,,eligible,eligible_current_role,backup,Active,3.0,direct_component_blend,20260908_1821_rushing_yards_blend,2026-09-20T12:24:48+00:00,2026-09-20T12:25:10+00:00
2026,2,401872945,2026-09-20,19:20,00-0040081,Jake Briningstool,KC,IND,TE,receiving_yards,4.4,-18.2,45.0,,,eligible,eligible_current_role,backup,Active,3.0,direct_component_blend,20260908_1821_receiving_yards_blend,2026-09-20T12:24:48+00:00,2026-09-20T12:25:10+00:00
2026,2,401872945,2026-09-20,19:20,00-0040128,Tyler Warren,IND,KC,TE,rushing_yards,0.5,-10.2,15.6,,,eligible,eligible_current_role,starter,Active,1.0,direct_component_blend,20260908_1821_rushing_yards_blend,2026-09-20T12:24:48+00:00,2026-09-20T12:25:10+00:00
2026,2,401872945,2026-09-20,19:20,00-0040128,Tyler Warren,IND,KC,TE,receiving_yards,51.6,31.9,85.8,,,eligible,eligible_current_role,starter,Active,1.0,direct_component_blend,20260908_1821_receiving_yards_blend,2026-09-20T12:24:48+00:00,2026-09-20T12:25:10+00:00
2026,2,401872945,2026-09-20,19:20,00-0040139,Justin Walley,IND,KC,DB,tackles,2.9,0.1,6.8,0.8999630682621815,0.7364284365013843,eligible,eligible_current_role,starter,,1.0,direct,20260908_1821_tackles_direct,2026-09-20T12:24:48+00:00,2026-09-20T12:25:10+00:00
2026,2,401872945,2026-09-20,19:20,00-0040179,DJ Giddens,IND,KC,RB,rushing_yards,12.2,1.5,27.2,,,eligible,questionable_flag,backup,Questionable,3.0,direct_component_blend,20260908_1821_rushing_yards_blend,2026-09-20T12:24:48+00:00,2026-09-20T12:25:10+00:00
2026,2,401872945,2026-09-20,19:20,00-0040179,DJ Giddens,IND,KC,RB,receiving_yards,0.2,-16.9,29.0,,,eligible,questionable_flag,backup,Questionable,3.0,direct_component_blend,20260908_1821_receiving_yards_blend,2026-09-20T12:24:48+00:00,2026-09-20T12:25:10+00:00
2026,2,401872945,2026-09-20,19:20,00-0040206,Riley Leonard,IND,KC,QB,rushing_yards,1.4,-9.3,16.4,,,eligible,eligible_current_role,backup,Active,3.0,direct_component_blend,20260908_1821_rushing_yards_blend,2026-09-20T12:24:48+00:00,2026-09-20T12:25:10+00:00
2026,2,401872945,2026-09-20,19:20,00-0040207,Tim Smith,IND,KC,DL,tackles,1.0,0.0,4.5,0.5501137402022046,0.260991605961199,eligible,eligible_current_role,backup,,3.0,direct,20260908_1821_tackles_direct,2026-09-20T12:24:48+00:00,2026-09-20T12:25:10+00:00
2026,2,401872945,2026-09-20,19:20,00-0040235,Hunter Wohler,IND,KC,DB,tackles,1.5,0.0,5.4,0.7283291490380881,0.4434719768703288,eligible,eligible_current_role,backup,,2.0,direct,20260908_1821_tackles_direct,2026-09-20T12:24:48+00:00,2026-09-20T12:25:10+00:00
2026,2,401872945,2026-09-20,19:20,00-0040352,Coleman Owen,IND,KC,WR,rushing_yards,0.1,-11.7,16.6,,,eligible,eligible_current_role,roster_only,,,direct_component_blend,20260908_1821_rushing_yards_blend,2026-09-20T12:24:48+00:00,2026-09-20T12:25:10+00:00
2026,2,401872945,2026-09-20,19:20,00-0040352,Coleman Owen,IND,KC,WR,receiving_yards,1.0,-17.6,33.0,,,eligible,eligible_current_role,roster_only,,,direct_component_blend,20260908_1821_receiving_yards_blend,2026-09-20T12:24:48+00:00,2026-09-20T12:25:10+00:00
2026,2,401872945,2026-09-20,19:20,00-0040640,Ashton Gillotte,KC,IND,DL,tackles,2.2,0.3,4.7,0.8315826109281944,0.5925216166511853,eligible,eligible_current_role,backup,Active,2.0,direct,20260908_1821_tackles_direct,2026-09-20T12:24:48+00:00,2026-09-20T12:25:10+00:00
2026,2,401872945,2026-09-20,19:20,00-0040646,Jalen Royals,KC,IND,WR,rushing_yards,0.0,-11.9,16.5,,,eligible,eligible_current_role,backup,,5.0,direct_component_blend,20260908_1821_rushing_yards_blend,2026-09-20T12:24:48+00:00,2026-09-20T12:25:10+00:00
2026,2,401872945,2026-09-20,19:20,00-0040646,Jalen Royals,KC,IND,WR,receiving_yards,2.4,-16.2,34.4,,,eligible,eligible_current_role,backup,,5.0,direct_component_blend,20260908_1821_receiving_yards_blend,2026-09-20T12:24:48+00:00,2026-09-20T12:25:10+00:00
2026,2,401872945,2026-09-20,19:20,00-0040670,Nohl Williams,KC,IND,DB,tackles,4.3,1.6,7.8,0.9649480111422164,0.884702780256906,eligible,eligible_current_role,starter,,1.0,direct,20260908_1821_tackles_direct,2026-09-20T12:24:48+00:00,2026-09-20T12:25:10+00:00
2026,2,401872945,2026-09-20,19:20,00-0040744,Jaylahn Tuimoloau,IND,KC,DL,tackles,0.8,0.0,3.3,0.4402604788438511,0.17582631830989942,eligible,eligible_current_role,backup,,2.0,direct,20260908_1821_tackles_direct,2026-09-20T12:24:48+00:00,2026-09-20T12:25:10+00:00
2026,2,401872945,2026-09-20,19:20,00-0040890,Cyrus Allen,KC,IND,WR,rushing_yards,0.0,-14.8,20.6,,,eligible,eligible_current_role,backup,Active,4.0,direct_component_blend,20260908_1821_rushing_yards_blend,2026-09-20T12:24:48+00:00,2026-09-20T12:25:10+00:00
2026,2,401872945,2026-09-20,19:20,00-0040890,Cyrus Allen,KC,IND,WR,receiving_yards,6.0,-16.6,46.6,,,eligible,eligible_current_role,backup,Active,4.0,direct_component_blend,20260908_1821_receiving_yards_blend,2026-09-20T12:24:48+00:00,2026-09-20T12:25:10+00:00
2026,2,401872945,2026-09-20,19:20,00-0040906,Garrett Nussmeier,KC,IND,QB,rushing_yards,8.7,-8.8,33.4,,,eligible,eligible_current_role,backup,,3.0,direct_component_blend,20260908_1821_rushing_yards_blend,2026-09-20T12:24:48+00:00,2026-09-20T12:25:10+00:00
2026,2,401872945,2026-09-20,19:20,00-0040928,Kapena Gushiken,IND,KC,DB,tackles,2.2,0.0,6.1,0.8239956238633931,0.5790135249073007,eligible,eligible_current_role,backup,,2.0,direct,20260908_1821_tackles_direct,2026-09-20T12:24:48+00:00,2026-09-20T12:25:10+00:00
2026,2,401872945,2026-09-20,19:20,00-0040957,Xavier Nwankpa,KC,IND,DB,tackles,2.1,0.0,6.1,0.8218405416184137,0.5752336612428051,eligible,eligible_current_role,backup,,2.0,direct,20260908_1821_tackles_direct,2026-09-20T12:24:48+00:00,2026-09-20T12:25:10+00:00
2026,2,401872945,2026-09-20,19:20,00-0040964,EJ Smith,KC,IND,RB,rushing_yards,14.6,-15.7,57.1,,,eligible,eligible_current_role,roster_only,,,direct_component_blend,20260908_1821_rushing_yards_blend,2026-09-20T12:24:48+00:00,2026-09-20T12:25:10+00:00
2026,2,401872945,2026-09-20,19:20,00-0040964,EJ Smith,KC,IND,RB,receiving_yards,3.2,-19.4,43.8,,,eligible,eligible_current_role,roster_only,,,direct_component_blend,20260908_1821_receiving_yards_blend,2026-09-20T12:24:48+00:00,2026-09-20T12:25:10+00:00
2026,2,401872945,2026-09-20,19:20,00-0041013,Emmett Johnson,KC,IND,RB,rushing_yards,13.9,-16.4,56.4,,,eligible,eligible_current_role,backup,Active,2.0,direct_component_blend,20260908_1821_rushing_yards_blend,2026-09-20T12:24:48+00:00,2026-09-20T12:25:10+00:00
2026,2,401872945,2026-09-20,19:20,00-0041013,Emmett Johnson,KC,IND,RB,receiving_yards,4.4,-18.2,45.0,,,eligible,eligible_current_role,backup,Active,2.0,direct_component_blend,20260908_1821_receiving_yards_blend,2026-09-20T12:24:48+00:00,2026-09-20T12:25:10+00:00
2026,2,401872945,2026-09-20,19:20,00-0041039,CJ Allen,IND,KC,LB,tackles,1.6,0.0,5.0,0.7327249984497207,0.44875667425531607,eligible,eligible_current_role,backup,,2.0,direct,20260908_1821_tackles_direct,2026-09-20T12:24:48+00:00,2026-09-20T12:25:10+00:00
2026,2,401872945,2026-09-20,19:20,00-0041043,A.J. Haulcy,IND,KC,DB,tackles,3.0,0.2,6.9,0.9035597090613524,0.7461220192603032,eligible,eligible_current_role,starter,Active,1.0,direct,20260908_1821_tackles_direct,2026-09-20T12:24:48+00:00,2026-09-20T12:25:10+00:00
2026,2,401872945,2026-09-20,19:20,00-0041080,George Gumbs Jr.,IND,KC,DL,tackles,1.2,0.0,4.7,0.5680275486693152,0.2776208858937558,eligible,eligible_current_role,backup,Active,3.0,direct,20260908_1821_tackles_direct,2026-09-20T12:24:48+00:00,2026-09-20T12:25:10+00:00
2026,2,401872945,2026-09-20,19:20,00-0041111,Caden Curry,IND,KC,DL,tackles,1.1,0.0,4.7,0.5674456189524206,0.27706508422939724,eligible,eligible_current_role,backup,,3.0,direct,20260908_1821_tackles_direct,2026-09-20T12:24:48+00:00,2026-09-20T12:25:10+00:00
2026,2,401872945,2026-09-20,19:20,00-0041125,Seth McGowan,IND,KC,RB,rushing_yards,11.7,-18.5,54.3,,,eligible,eligible_current_role,backup,Active,2.0,direct_component_blend,20260908_1821_rushing_yards_blend,2026-09-20T12:24:48+00:00,2026-09-20T12:25:10+00:00
2026,2,401872945,2026-09-20,19:20,00-0041125,Seth McGowan,IND,KC,RB,receiving_yards,3.1,-19.6,43.6,,,eligible,eligible_current_role,backup,Active,2.0,direct_component_blend,20260908_1821_receiving_yards_blend,2026-09-20T12:24:48+00:00,2026-09-20T12:25:10+00:00
2026,2,401872945,2026-09-20,19:20,00-0041132,Deion Burks,IND,KC,WR,rushing_yards,0.1,-14.6,20.8,,,eligible,eligible_current_role,backup,,6.0,direct_component_blend,20260908_1821_rushing_yards_blend,2026-09-20T12:24:48+00:00,2026-09-20T12:25:10+00:00
2026,2,401872945,2026-09-20,19:20,00-0041132,Deion Burks,IND,KC,WR,receiving_yards,5.6,-17.0,46.2,,,eligible,eligible_current_role,backup,,6.0,direct_component_blend,20260908_1821_receiving_yards_blend,2026-09-20T12:24:48+00:00,2026-09-20T12:25:10+00:00
2026,2,401872945,2026-09-20,19:20,00-0041227,Tahj Chambers,IND,KC,LB,tackles,1.6,0.0,5.0,0.7327249984497207,0.44875667425531607,eligible,eligible_current_role,backup,,2.0,direct,20260908_1821_tackles_direct,2026-09-20T12:24:48+00:00,2026-09-20T12:25:10+00:00
2026,2,401872945,2026-09-20,19:20,00-0041256,Jack Pyburn,KC,IND,LB,tackles,1.4,0.0,4.9,0.6575970357325135,0.3645449929283533,eligible,eligible_current_role,backup,,3.0,direct,20260908_1821_tackles_direct,2026-09-20T12:24:48+00:00,2026-09-20T12:25:10+00:00
2026,2,401872945,2026-09-20,19:20,00-0041358,Bryson Eason,KC,IND,DL,tackles,1.2,0.0,4.7,0.5712867311183288,0.28075360152816553,eligible,eligible_current_role,backup,,2.0,direct,20260908_1821_tackles_direct,2026-09-20T12:24:48+00:00,2026-09-20T12:25:10+00:00
2026,2,401872945,2026-09-20,19:20,00-0041497,Jadon Canady,KC,IND,DB,tackles,2.1,0.0,6.1,0.8218405416184137,0.5752336612428051,eligible,eligible_current_role,backup,,2.0,direct,20260908_1821_tackles_direct,2026-09-20T12:24:48+00:00,2026-09-20T12:25:10+00:00
2026,2,401872945,2026-09-20,19:20,00-0041501,R Mason Thomas,KC,IND,DL,tackles,1.2,0.0,4.7,0.5697419809562906,0.27926457777717734,eligible,eligible_current_role,backup,Active,2.0,direct,20260908_1821_tackles_direct,2026-09-20T12:24:48+00:00,2026-09-20T12:25:10+00:00
2026,2,401872945,2026-09-20,19:20,00-0041518,Bryce Boettcher,IND,KC,LB,tackles,2.0,0.0,5.6,0.8042084344208338,0.5452042921230685,eligible,eligible_current_role,starter,,1.0,direct,20260908_1821_tackles_direct,2026-09-20T12:24:48+00:00,2026-09-20T12:25:10+00:00
2026,2,401872945,2026-09-20,19:20,00-0041543,Mansoor Delane,KC,IND,DB,tackles,3.0,0.1,6.9,0.9024019836671758,0.7429789921543152,eligible,eligible_current_role,starter,Active,1.0,direct,20260908_1821_tackles_direct,2026-09-20T12:24:48+00:00,2026-09-20T12:25:10+00:00
2026,2,401872945,2026-09-20,19:20,00-0041545,Peter Woods,KC,IND,DL,tackles,1.2,0.0,4.7,0.5706108424458187,0.28010115771715494,eligible,eligible_current_role,backup,,2.0,direct,20260908_1821_tackles_direct,2026-09-20T12:24:48+00:00,2026-09-20T12:25:10+00:00
2026,2,401872946,2026-09-20,13:00,00-0023459,Aaron Rodgers,PIT,NE,QB,passing_yards,224.5,131.0,330.7,,,eligible,eligible_current_role,starter,Active,1.0,direct_component_blend,20260908_1821_passing_yards_blend,2026-09-20T12:24:48+00:00,2026-09-20T12:25:10+00:00
2026,2,401872946,2026-09-20,13:00,00-0023459,Aaron Rodgers,PIT,NE,QB,passing_tds,1.589,,,0.8125,0.5119047619047619,eligible,eligible_current_role,starter,Active,1.0,direct_component_blend,20260908_1821_passing_tds_blend,2026-09-20T12:24:48+00:00,2026-09-20T12:25:10+00:00
2026,2,401872946,2026-09-20,13:00,00-0023459,Aaron Rodgers,PIT,NE,QB,rushing_yards,5.2,-5.5,20.2,,,eligible,eligible_current_role,starter,Active,1.0,direct_component_blend,20260908_1821_rushing_yards_blend,2026-09-20T12:24:48+00:00,2026-09-20T12:25:10+00:00
2026,2,401872946,2026-09-20,13:00,00-0027969,Cameron Heyward,PIT,NE,DL,tackles,3.2,1.2,5.6,0.9153389185913127,0.7794549702966027,eligible,eligible_current_role,starter,,1.0,direct,20260908_1821_tackles_direct,2026-09-20T12:24:48+00:00,2026-09-20T12:25:10+00:00
2026,2,401872946,2026-09-20,13:00,00-0031054,DaQuan Jones,NE,PIT,DL,tackles,1.8,0.0,4.3,0.7735271645117676,0.49885240783022355,eligible,eligible_current_role,backup,Active,2.0,direct,20260908_1821_tackles_direct,2026-09-20T12:24:48+00:00,2026-09-20T12:25:10+00:00
2026,2,401872946,2026-09-20,13:00,00-0031136,Chris Boswell,PIT,NE,K,kicking_points,7.1,2.0,12.9,,,eligible,eligible_current_role,starter,Active,1.0,component,20260908_1821_kicking_points_component,2026-09-20T12:24:48+00:00,2026-09-20T12:25:10+00:00
2026,2,401872946,2026-09-20,13:00,00-0033055,Jalen Ramsey,PIT,NE,DB,tackles,3.9,1.3,7.4,0.950457027589325,0.8501062443863436,eligible,eligible_current_role,starter,Active,1.0,direct,20260908_1821_tackles_direct,2026-09-20T12:24:48+00:00,2026-09-20T12:25:10+00:00
2026,2,401872946,2026-09-20,13:00,00-0033090,Hunter Henry,NE,PIT,TE,rushing_yards,0.0,-10.8,14.9,,,eligible,eligible_current_role,starter,Active,1.0,direct_component_blend,20260908_1821_rushing_yards_blend,2026-09-20T12:24:48+00:00,2026-09-20T12:25:10+00:00
2026,2,401872946,2026-09-20,13:00,00-0033090,Hunter Henry,NE,PIT,TE,receiving_yards,33.4,13.7,67.7,,,eligible,eligible_current_role,starter,Active,1.0,direct_component_blend,20260908_1821_receiving_yards_blend,2026-09-20T12:24:48+00:00,2026-09-20T12:25:10+00:00
2026,2,401872946,2026-09-20,13:00,00-0033132,Kevin Byard,NE,PIT,DB,tackles,5.5,2.8,8.9,0.9819779724550662,0.9464697725972502,eligible,eligible_current_role,starter,Active,1.0,direct,20260908_1821_tackles_direct,2026-09-20T12:24:48+00:00,2026-09-20T12:25:10+00:00
2026,2,401872946,2026-09-20,13:00,00-0033555,Mack Hollins,NE,PIT,WR,rushing_yards,0.0,-10.8,15.0,,,eligible,eligible_current_role,backup,Active,3.0,direct_component_blend,20260908_1821_rushing_yards_blend,2026-09-20T12:24:48+00:00,2026-09-20T12:25:10+00:00
2026,2,401872946,2026-09-20,13:00,00-0033555,Mack Hollins,NE,PIT,WR,receiving_yards,38.7,12.0,87.9,,,eligible,eligible_current_role,backup,Active,3.0,direct_component_blend,20260908_1821_receiving_yards_blend,2026-09-20T12:24:48+00:00,2026-09-20T12:25:10+00:00
2026,2,401872946,2026-09-20,13:00,00-0033757,Robert Tonyan,PIT,NE,TE,rushing_yards,0.0,-10.8,14.9,,,eligible,eligible_current_role,backup,,3.0,direct_component_blend,20260908_1821_rushing_yards_blend,2026-09-20T12:24:48+00:00,2026-09-20T12:25:10+00:00
2026,2,401872946,2026-09-20,13:00,00-0033757,Robert Tonyan,PIT,NE,TE,receiving_yards,3.7,-13.5,32.5,,,eligible,eligible_current_role,backup,,3.0,direct_component_blend,20260908_1821_receiving_yards_blend,2026-09-20T12:24:48+00:00,2026-09-20T12:25:10+00:00
2026,2,401872946,2026-09-20,13:00,00-0033886,T.J. Watt,PIT,NE,LB,tackles,3.6,0.6,7.6,0.9350246057209102,0.8204795116162087,eligible,eligible_current_role,starter,Active,1.0,direct,20260908_1821_tackles_direct,2026-09-20T12:24:48+00:00,2026-09-20T12:25:10+00:00
2026,2,401872946,2026-09-20,13:00,00-0033941,Rayshawn Jenkins,PIT,NE,DB,tackles,3.4,1.4,5.8,0.9258076773638543,0.8040523275065137,eligible,eligible_current_role,starter,,1.0,direct,20260908_1821_tackles_direct,2026-09-20T12:24:48+00:00,2026-09-20T12:25:10+00:00
2026,2,401872946,2026-09-20,13:00,00-0034720,Robert Spillane,NE,PIT,LB,tackles,6.0,3.0,10.0,0.9831144127539109,0.9585758316368537,eligible,questionable_flag,recent_defensive_participant,Questionable,,direct,20260908_1821_tackles_direct,2026-09-20T12:24:48+00:00,2026-09-20T12:25:10+00:00
2026,2,401872946,2026-09-20,13:00,00-0034771,Mason Rudolph,PIT,NE,QB,rushing_yards,3.5,-7.2,18.5,,,eligible,eligible_current_role,backup,,2.0,direct_component_blend,20260908_1821_rushing_yards_blend,2026-09-20T12:24:48+00:00,2026-09-20T12:25:10+00:00
2026,2,401872946,2026-09-20,13:00,00-0034778,Carlton Davis III,NE,PIT,DB,tackles,3.6,1.5,6.4,0.9389404658866195,0.8277207915663521,eligible,questionable_flag,starter,Questionable,1.0,direct,20260908_1821_tackles_direct,2026-09-20T12:24:48+00:00,2026-09-20T12:25:10+00:00
2026,2,401872946,2026-09-20,13:00,00-0034810,Sebastian Joseph-Day,PIT,NE,DL,tackles,1.7,0.0,4.1,0.759300221730239,0.4811344221628524,eligible,eligible_current_role,backup,,2.0,direct,20260908_1821_tackles_direct,2026-09-20T12:24:48+00:00,2026-09-20T12:25:10+00:00
2026,2,401872946,2026-09-20,13:00,00-0034971,Jalen Hurd,NE,PIT,WR,rushing_yards,0.0,-14.7,20.7,,,eligible,eligible_current_role,roster_only,,,direct_component_blend,20260908_1821_rushing_yards_blend,2026-09-20T12:24:48+00:00,2026-09-20T12:25:10+00:00
2026,2,401872946,2026-09-20,13:00,00-0034971,Jalen Hurd,NE,PIT,WR,receiving_yards,7.9,-14.8,48.5,,,eligible,eligible_current_role,roster_only,,,direct_component_blend,20260908_1821_receiving_yards_blend,2026-09-20T12:24:48+00:00,2026-09-20T12:25:10+00:00
2026,2,401872946,2026-09-20,13:00,00-0035286,Cole Holcomb,PIT,NE,LB,tackles,1.1,0.0,3.6,0.5586916059868723,0.2688318273991912,eligible,eligible_current_role,recent_defensive_participant,,,direct,20260908_1821_tackles_direct,2026-09-20T12:24:48+00:00,2026-09-20T12:25:10+00:00
2026,2,401872946,2026-09-20,13:00,00-0035640,DK Metcalf,PIT,NE,WR,rushing_yards,0.0,-10.8,15.0,,,eligible,eligible_current_role,starter,Active,1.0,direct_component_blend,20260908_1821_rushing_yards_blend,2026-09-20T12:24:48+00:00,2026-09-20T12:25:10+00:00
2026,2,401872946,2026-09-20,13:00,00-0035640,DK Metcalf,PIT,NE,WR,receiving_yards,61.0,34.4,110.2,,,eligible,eligible_current_role,starter,Active,1.0,direct_component_blend,20260908_1821_receiving_yards_blend,2026-09-20T12:24:48+00:00,2026-09-20T12:25:10+00:00
2026,2,401872946,2026-09-20,13:00,00-0035678,Dre'Mont Jones,NE,PIT,LB,tackles,2.3,0.0,6.4,0.8464606006334068,0.6201213359235653,eligible,questionable_flag,starter,Questionable,1.0,direct,20260908_1821_tackles_direct,2026-09-20T12:24:48+00:00,2026-09-20T12:25:10+00:00
2026,2,401872946,2026-09-20,13:00,00-0035699,Jamel Dean,PIT,NE,DB,tackles,3.5,0.9,7.0,0.9318146469806641,0.8146648166178699,eligible,eligible_current_role,starter,,1.0,direct,20260908_1821_tackles_direct,2026-09-20T12:24:48+00:00,2026-09-20T12:25:10+00:00
2026,2,401872946,2026-09-20,13:00,00-0036139,Rico Dowdle,PIT,NE,RB,rushing_yards,33.6,11.6,64.5,,,eligible,eligible_current_role,backup,Active,2.0,direct_component_blend,20260908_1821_rushing_yards_blend,2026-09-20T12:24:48+00:00,2026-09-20T12:25:10+00:00
2026,2,401872946,2026-09-20,13:00,00-0036139,Rico Dowdle,PIT,NE,RB,receiving_yards,13.4,-3.8,42.2,,,eligible,eligible_current_role,backup,Active,2.0,direct_component_blend,20260908_1821_receiving_yards_blend,2026-09-20T12:24:48+00:00,2026-09-20T12:25:10+00:00
2026,2,401872946,2026-09-20,13:00,00-0036187,Reggie Gilliam,NE,PIT,RB,rushing_yards,2.2,-8.5,17.2,,,eligible,eligible_current_role,starter,,1.0,direct_component_blend,20260908_1821_rushing_yards_blend,2026-09-20T12:24:48+00:00,2026-09-20T12:25:10+00:00
2026,2,401872946,2026-09-20,13:00,00-0036187,Reggie Gilliam,NE,PIT,RB,receiving_yards,2.4,-14.8,31.2,,,eligible,eligible_current_role,starter,,1.0,direct_component_blend,20260908_1821_receiving_yards_blend,2026-09-20T12:24:48+00:00,2026-09-20T12:25:10+00:00
2026,2,401872946,2026-09-20,13:00,00-0036252,Michael Pittman,PIT,NE,WR,rushing_yards,0.0,-10.8,15.0,,,eligible,questionable_flag,backup,Questionable,2.0,direct_component_blend,20260908_1821_rushing_yards_blend,2026-09-20T12:24:48+00:00,2026-09-20T12:25:10+00:00
2026,2,401872946,2026-09-20,13:00,00-0036252,Michael Pittman,PIT,NE,WR,receiving_yards,31.5,4.8,80.6,,,eligible,questionable_flag,backup,Questionable,2.0,direct_component_blend,20260908_1821_receiving_yards_blend,2026-09-20T12:24:48+00:00,2026-09-20T12:25:10+00:00
2026,2,401872946,2026-09-20,13:00,00-0036323,Patrick Queen,PIT,NE,LB,tackles,6.6,3.6,10.6,0.983495145631068,0.9631067961165048,eligible,eligible_current_role,recent_defensive_participant,,,direct,20260908_1821_tackles_direct,2026-09-20T12:24:48+00:00,2026-09-20T12:25:10+00:00
2026,2,401872946,2026-09-20,13:00,00-0036333,Alex Highsmith,PIT,NE,LB,tackles,3.8,0.8,7.8,0.9454594053817766,0.8401748407441222,eligible,eligible_current_role,starter,,1.0,direct,20260908_1821_tackles_direct,2026-09-20T12:24:48+00:00,2026-09-20T12:25:10+00:00
2026,2,401872946,2026-09-20,13:00,00-0036504,Brandin Echols,PIT,NE,DB,tackles,2.0,0.1,4.5,0.7989302668564681,0.5365104158452225,eligible,eligible_current_role,backup,Active,2.0,direct,20260908_1821_tackles_direct,2026-09-20T12:24:48+00:00,2026-09-20T12:25:10+00:00
2026,2,401872946,2026-09-20,13:00,00-0036617,Asante Samuel Jr.,PIT,NE,DB,tackles,3.2,0.5,6.7,0.9142514539343385,0.7762657606337076,eligible,eligible_current_role,backup,Active,2.0,direct,20260908_1821_tackles_direct,2026-09-20T12:24:48+00:00,2026-09-20T12:25:10+00:00
2026,2,401872946,2026-09-20,13:00,00-0036813,Christian Elliss,NE,PIT,LB,tackles,4.8,1.8,8.8,0.9786549880759575,0.9209506551741878,eligible,eligible_current_role,recent_defensive_participant,,,direct,20260908_1821_tackles_direct,2026-09-20T12:24:48+00:00,2026-09-20T12:25:10+00:00
2026,2,401872946,2026-09-20,13:00,00-0036862,Ben Skowronek,PIT,NE,WR,rushing_yards,0.0,-10.8,15.0,,,eligible,eligible_current_role,backup,Active,5.0,direct_component_blend,20260908_1821_rushing_yards_blend,2026-09-20T12:24:48+00:00,2026-09-20T12:25:10+00:00
2026,2,401872946,2026-09-20,13:00,00-0036862,Ben Skowronek,PIT,NE,WR,receiving_yards,1.0,-16.2,29.8,,,eligible,eligible_current_role,backup,Active,5.0,direct_component_blend,20260908_1821_receiving_yards_blend,2026-09-20T12:24:48+00:00,2026-09-20T12:25:10+00:00
2026,2,401872946,2026-09-20,13:00,00-0036875,Rhamondre Stevenson,NE,PIT,RB,rushing_yards,36.5,14.5,67.4,,,eligible,eligible_current_role,starter,Active,1.0,direct_component_blend,20260908_1821_rushing_yards_blend,2026-09-20T12:24:48+00:00,2026-09-20T12:25:10+00:00
2026,2,401872946,2026-09-20,13:00,00-0036875,Rhamondre Stevenson,NE,PIT,RB,receiving_yards,19.9,2.7,48.7,,,eligible,eligible_current_role,starter,Active,1.0,direct_component_blend,20260908_1821_receiving_yards_blend,2026-09-20T12:24:48+00:00,2026-09-20T12:25:10+00:00
2026,2,401872946,2026-09-20,13:00,00-0036894,Pat Freiermuth,PIT,NE,TE,rushing_yards,0.0,-10.8,14.9,,,eligible,eligible_current_role,backup,Active,2.0,direct_component_blend,20260908_1821_rushing_yards_blend,2026-09-20T12:24:48+00:00,2026-09-20T12:25:10+00:00
2026,2,401872946,2026-09-20,13:00,00-0036894,Pat Freiermuth,PIT,NE,TE,receiving_yards,28.8,9.1,63.0,,,eligible,eligible_current_role,backup,Active,2.0,direct_component_blend,20260908_1821_receiving_yards_blend,2026-09-20T12:24:48+00:00,2026-09-20T12:25:10+00:00
2026,2,401872946,2026-09-20,13:00,00-0036916,Milton Williams,NE,PIT,DL,tackles,1.6,0.0,4.0,0.7482202246209535,0.4679700619890268,eligible,eligible_current_role,starter,,1.0,direct,20260908_1821_tackles_direct,2026-09-20T12:24:48+00:00,2026-09-20T12:25:10+00:00
2026,2,401872946,2026-09-20,13:00,00-0036981,Christian Barmore,NE,PIT,DL,tackles,1.9,0.0,4.7,0.779801383225018,0.5069782003227098,eligible,eligible_current_role,starter,,1.0,direct,20260908_1821_tackles_direct,2026-09-20T12:24:48+00:00,2026-09-20T12:25:10+00:00
2026,2,401872946,2026-09-20,13:00,00-0037228,Jaylen Warren,PIT,NE,RB,rushing_yards,45.8,23.8,76.7,,,eligible,eligible_current_role,starter,Active,1.0,direct_component_blend,20260908_1821_rushing_yards_blend,2026-09-20T12:24:48+00:00,2026-09-20T12:25:10+00:00
2026,2,401872946,2026-09-20,13:00,00-0037228,Jaylen Warren,PIT,NE,RB,receiving_yards,9.8,-7.4,38.6,,,eligible,eligible_current_role,starter,Active,1.0,direct_component_blend,20260908_1821_receiving_yards_blend,2026-09-20T12:24:48+00:00,2026-09-20T12:25:10+00:00
2026,2,401872946,2026-09-20,13:00,00-0037253,Marcus Jones,NE,PIT,DB,tackles,3.2,1.0,5.9,0.9141352193885471,0.7759263291979259,eligible,eligible_current_role,starter,,1.0,direct,20260908_1821_tackles_direct,2026-09-20T12:24:48+00:00,2026-09-20T12:25:10+00:00
2026,2,401872946,2026-09-20,13:00,00-0037617,Hassan Haskins,NE,PIT,RB,rushing_yards,6.8,-3.9,21.8,,,eligible,eligible_current_role,roster_only,,,direct_component_blend,20260908_1821_rushing_yards_blend,2026-09-20T12:24:48+00:00,2026-09-20T12:25:10+00:00
2026,2,401872946,2026-09-20,13:00,00-0037617,Hassan Haskins,NE,PIT,RB,receiving_yards,4.5,-12.7,33.3,,,eligible,eligible_current_role,roster_only,,,direct_component_blend,20260908_1821_receiving_yards_blend,2026-09-20T12:24:48+00:00,2026-09-20T12:25:10+00:00
2026,2,401872946,2026-09-20,13:00,00-0037816,Romeo Doubs,NE,PIT,WR,rushing_yards,0.0,-10.8,15.0,,,eligible,eligible_current_role,starter,Active,1.0,direct_component_blend,20260908_1821_rushing_yards_blend,2026-09-20T12:24:48+00:00,2026-09-20T12:25:10+00:00
2026,2,401872946,2026-09-20,13:00,00-0037816,Romeo Doubs,NE,PIT,WR,receiving_yards,38.5,11.9,87.7,,,eligible,eligible_current_role,starter,Active,1.0,direct_component_blend,20260908_1821_receiving_yards_blend,2026-09-20T12:24:48+00:00,2026-09-20T12:25:10+00:00
2026,2,401872946,2026-09-20,13:00,00-0038135,Jaquan Brisker,PIT,NE,DB,tackles,6.1,3.4,9.6,0.9832240314684935,0.959804376874704,eligible,eligible_current_role,starter,Active,1.0,direct,20260908_1821_tackles_direct,2026-09-20T12:24:48+00:00,2026-09-20T12:25:10+00:00
2026,2,401872946,2026-09-20,13:00,00-0038476,Tommy DeVito,NE,PIT,QB,rushing_yards,11.1,-1.7,29.1,,,eligible,eligible_current_role,backup,,2.0,direct_component_blend,20260908_1821_rushing_yards_blend,2026-09-20T12:24:48+00:00,2026-09-20T12:25:10+00:00
2026,2,401872946,2026-09-20,13:00,00-0038558,Darnell Washington,PIT,NE,TE,rushing_yards,0.0,-10.8,14.9,,,eligible,eligible_current_role,starter,Active,1.0,direct_component_blend,20260908_1821_rushing_yards_blend,2026-09-20T12:24:48+00:00,2026-09-20T12:25:10+00:00
2026,2,401872946,2026-09-20,13:00,00-0038558,Darnell Washington,PIT,NE,TE,receiving_yards,13.3,-3.9,42.1,,,eligible,eligible_current_role,starter,Active,1.0,direct_component_blend,20260908_1821_receiving_yards_blend,2026-09-20T12:24:48+00:00,2026-09-20T12:25:10+00:00
2026,2,401872946,2026-09-20,13:00,00-0038564,Cameron Latu,NE,PIT,TE,rushing_yards,0.0,-10.8,15.0,,,eligible,eligible_current_role,backup,,4.0,direct_component_blend,20260908_1821_rushing_yards_blend,2026-09-20T12:24:48+00:00,2026-09-20T12:25:10+00:00
2026,2,401872946,2026-09-20,13:00,00-0038564,Cameron Latu,NE,PIT,TE,receiving_yards,6.6,-10.6,35.4,,,eligible,eligible_current_role,backup,,4.0,direct_component_blend,20260908_1821_receiving_yards_blend,2026-09-20T12:24:48+00:00,2026-09-20T12:25:10+00:00
2026,2,401872946,2026-09-20,13:00,00-0038577,Nick Herbig,PIT,NE,LB,tackles,2.0,0.1,4.5,0.8008106149260991,0.5395926306527312,eligible,eligible_current_role,backup,,2.0,direct,20260908_1821_tackles_direct,2026-09-20T12:24:48+00:00,2026-09-20T12:25:10+00:00
2026,2,401872946,2026-09-20,13:00,00-0038621,DeMario Douglas,NE,PIT,WR,rushing_yards,0.4,-10.3,15.5,,,eligible,eligible_current_role,backup,Active,2.0,direct_component_blend,20260908_1821_rushing_yards_blend,2026-09-20T12:24:48+00:00,2026-09-20T12:25:10+00:00
2026,2,401872946,2026-09-20,13:00,00-0038621,DeMario Douglas,NE,PIT,WR,receiving_yards,12.2,-4.9,41.0,,,eligible,eligible_current_role,backup,Active,2.0,direct_component_blend,20260908_1821_receiving_yards_blend,2026-09-20T12:24:48+00:00,2026-09-20T12:25:10+00:00
2026,2,401872946,2026-09-20,13:00,00-0038653,Cory Durden,NE,PIT,DL,tackles,1.9,0.0,4.4,0.7775828760950233,0.504082235204029,eligible,eligible_current_role,starter,,1.0,direct,20260908_1821_tackles_direct,2026-09-20T12:24:48+00:00,2026-09-20T12:25:10+00:00
2026,2,401872946,2026-09-20,13:00,00-0039110,Keeanu Benton,PIT,NE,DL,tackles,2.4,0.5,4.9,0.8577878080022591,0.642006481188729,eligible,eligible_current_role,starter,,1.0,direct,20260908_1821_tackles_direct,2026-09-20T12:24:48+00:00,2026-09-20T12:25:10+00:00
2026,2,401872946,2026-09-20,13:00,00-0039147,Christian Gonzalez,NE,PIT,DB,tackles,3.9,1.3,7.4,0.9512549672074386,0.8519356050162775,eligible,eligible_current_role,starter,Active,1.0,direct,20260908_1821_tackles_direct,2026-09-20T12:24:48+00:00,2026-09-20T12:25:10+00:00
2026,2,401872946,2026-09-20,13:00,00-0039167,Joey Porter Jr.,PIT,NE,DB,tackles,3.6,0.9,7.1,0.9353689347445739,0.8211095717418077,eligible,questionable_flag,starter,Questionable,1.0,direct,20260908_1821_tackles_direct,2026-09-20T12:24:48+00:00,2026-09-20T12:25:10+00:00
2026,2,401872946,2026-09-20,13:00,00-0039289,Leonard Taylor III,NE,PIT,DL,tackles,1.2,0.0,3.7,0.567780627980777,0.2773849209871702,eligible,eligible_current_role,backup,,2.0,direct,20260908_1821_tackles_direct,2026-09-20T12:24:48+00:00,2026-09-20T12:25:10+00:00
2026,2,401872946,2026-09-20,13:00,00-0039692,Dell Pettus,NE,PIT,DB,tackles,2.4,0.5,4.9,0.8620583060384486,0.6505270328170937,eligible,eligible_current_role,backup,,2.0,direct,20260908_1821_tackles_direct,2026-09-20T12:24:48+00:00,2026-09-20T12:25:10+00:00
2026,2,401872946,2026-09-20,13:00,00-0039739,Roman Wilson,PIT,NE,WR,rushing_yards,0.0,-10.8,15.0,,,eligible,eligible_current_role,backup,Active,3.0,direct_component_blend,20260908_1821_rushing_yards_blend,2026-09-20T12:24:48+00:00,2026-09-20T12:25:10+00:00
2026,2,401872946,2026-09-20,13:00,00-0039739,Roman Wilson,PIT,NE,WR,receiving_yards,9.0,-8.2,37.8,,,eligible,eligible_current_role,backup,Active,3.0,direct_component_blend,20260908_1821_receiving_yards_blend,2026-09-20T12:24:48+00:00,2026-09-20T12:25:10+00:00
2026,2,401872946,2026-09-20,13:00,00-0039741,Payton Wilson,PIT,NE,LB,tackles,4.2,2.2,6.6,0.9630410821550819,0.8799664670317614,eligible,eligible_current_role,recent_defensive_participant,Active,,direct,20260908_1821_tackles_direct,2026-09-20T12:24:48+00:00,2026-09-20T12:25:10+00:00
2026,2,401872946,2026-09-20,13:00,00-0039770,Charles Woods,NE,PIT,DB,tackles,1.9,0.0,4.4,0.7778441827044011,0.5044220291714305,eligible,eligible_current_role,backup,,2.0,direct,20260908_1821_tackles_direct,2026-09-20T12:24:48+00:00,2026-09-20T12:25:10+00:00
2026,2,401872946,2026-09-20,13:00,00-0039851,Drake Maye,NE,PIT,QB,passing_yards,231.0,137.6,337.3,,,eligible,eligible_current_role,starter,,1.0,direct_component_blend,20260908_1821_passing_yards_blend,2026-09-20T12:24:48+00:00,2026-09-20T12:25:10+00:00
2026,2,401872946,2026-09-20,13:00,00-0039851,Drake Maye,NE,PIT,QB,passing_tds,1.464,,,0.8049529834350585,0.46863171866658154,eligible,eligible_current_role,starter,,1.0,direct_component_blend,20260908_1821_passing_tds_blend,2026-09-20T12:24:48+00:00,2026-09-20T12:25:10+00:00
2026,2,401872946,2026-09-20,13:00,00-0039851,Drake Maye,NE,PIT,QB,rushing_yards,19.8,7.0,37.7,,,eligible,eligible_current_role,starter,,1.0,direct_component_blend,20260908_1821_rushing_yards_blend,2026-09-20T12:24:48+00:00,2026-09-20T12:25:10+00:00
2026,2,401872946,2026-09-20,13:00,00-0040131,Kyle Williams,NE,PIT,WR,rushing_yards,0.0,-10.8,15.0,,,eligible,eligible_current_role,backup,Active,4.0,direct_component_blend,20260908_1821_rushing_yards_blend,2026-09-20T12:24:48+00:00,2026-09-20T12:25:10+00:00
2026,2,401872946,2026-09-20,13:00,00-0040131,Kyle Williams,NE,PIT,WR,receiving_yards,21.9,4.7,50.7,,,eligible,eligible_current_role,backup,Active,4.0,direct_component_blend,20260908_1821_receiving_yards_blend,2026-09-20T12:24:48+00:00,2026-09-20T12:25:10+00:00
2026,2,401872946,2026-09-20,13:00,00-0040160,Jack Sawyer,PIT,NE,LB,tackles,1.9,0.0,4.4,0.7812106456310725,0.5088309764208008,eligible,eligible_current_role,backup,,2.0,direct,20260908_1821_tackles_direct,2026-09-20T12:24:48+00:00,2026-09-20T12:25:10+00:00
2026,2,401872946,2026-09-20,13:00,00-0040171,Joshua Farmer,NE,PIT,DL,tackles,1.0,0.0,3.4,0.5266981077331452,0.24126975423961036,eligible,eligible_current_role,backup,,3.0,direct,20260908_1821_tackles_direct,2026-09-20T12:24:48+00:00,2026-09-20T12:25:10+00:00
2026,2,401872946,2026-09-20,13:00,00-0040188,Yahya Black,PIT,NE,DL,tackles,1.8,0.0,4.3,0.7744187289084676,0.4999950327182655,eligible,eligible_current_role,backup,,2.0,direct,20260908_1821_tackles_direct,2026-09-20T12:24:48+00:00,2026-09-20T12:25:10+00:00
2026,2,401872946,2026-09-20,13:00,00-0040200,Andy Borregales,NE,PIT,K,kicking_points,8.2,3.7,13.5,,,eligible,eligible_current_role,starter,Active,1.0,component,20260908_1821_kicking_points_component,2026-09-20T12:24:48+00:00,2026-09-20T12:25:10+00:00
2026,2,401872946,2026-09-20,13:00,00-0040203,Will Howard,PIT,NE,QB,rushing_yards,8.7,-8.8,33.4,,,eligible,eligible_current_role,backup,Active,3.0,direct_component_blend,20260908_1821_rushing_yards_blend,2026-09-20T12:24:48+00:00,2026-09-20T12:25:10+00:00
2026,2,401872946,2026-09-20,13:00,00-0040204,Jaylen Reed,NE,PIT,DB,tackles,4.0,1.6,7.0,0.9531646778501467,0.8563463279516157,eligible,eligible_current_role,backup,,2.0,direct,20260908_1821_tackles_direct,2026-09-20T12:24:48+00:00,2026-09-20T12:25:10+00:00
2026,2,401872946,2026-09-20,13:00,00-0040556,Corey Kiner,NE,PIT,RB,rushing_yards,11.1,-13.1,45.1,,,eligible,eligible_current_role,backup,Active,3.0,direct_component_blend,20260908_1821_rushing_yards_blend,2026-09-20T12:24:48+00:00,2026-09-20T12:25:10+00:00
2026,2,401872946,2026-09-20,13:00,00-0040556,Corey Kiner,NE,PIT,RB,receiving_yards,1.8,-16.8,33.8,,,eligible,eligible_current_role,backup,Active,3.0,direct_component_blend,20260908_1821_receiving_yards_blend,2026-09-20T12:24:48+00:00,2026-09-20T12:25:10+00:00
2026,2,401872946,2026-09-20,13:00,00-0040563,Efton Chism III,NE,PIT,WR,rushing_yards,0.0,-10.8,15.0,,,eligible,eligible_current_role,backup,Active,5.0,direct_component_blend,20260908_1821_rushing_yards_blend,2026-09-20T12:24:48+00:00,2026-09-20T12:25:10+00:00
2026,2,401872946,2026-09-20,13:00,00-0040563,Efton Chism III,NE,PIT,WR,receiving_yards,9.7,-7.5,38.5,,,eligible,eligible_current_role,backup,Active,5.0,direct_component_blend,20260908_1821_receiving_yards_blend,2026-09-20T12:24:48+00:00,2026-09-20T12:25:10+00:00
2026,2,401872946,2026-09-20,13:00,00-0040568,Lan Larison,NE,PIT,RB,rushing_yards,10.0,-20.2,52.5,,,eligible,eligible_current_role,roster_only,,,direct_component_blend,20260908_1821_rushing_yards_blend,2026-09-20T12:24:48+00:00,2026-09-20T12:25:10+00:00
2026,2,401872946,2026-09-20,13:00,00-0040568,Lan Larison,NE,PIT,RB,receiving_yards,2.4,-20.3,42.9,,,eligible,eligible_current_role,roster_only,,,direct_component_blend,20260908_1821_receiving_yards_blend,2026-09-20T12:24:48+00:00,2026-09-20T12:25:10+00:00
2026,2,401872946,2026-09-20,13:00,00-0040574,Elijah Ponder,NE,PIT,LB,tackles,2.7,0.7,5.1,0.8817563464788825,0.6919917151688275,eligible,eligible_current_role,starter,,1.0,direct,20260908_1821_tackles_direct,2026-09-20T12:24:48+00:00,2026-09-20T12:25:10+00:00
2026,2,401872946,2026-09-20,13:00,00-0040678,Derrick Harmon,PIT,NE,DL,tackles,2.3,0.4,4.8,0.8481157589368112,0.6232572867003882,eligible,eligible_current_role,starter,,1.0,direct,20260908_1821_tackles_direct,2026-09-20T12:24:48+00:00,2026-09-20T12:25:10+00:00
2026,2,401872946,2026-09-20,13:00,00-0040716,Craig Woodson,NE,PIT,DB,tackles,4.4,1.7,7.9,0.9695309927796232,0.8963581156137712,eligible,eligible_current_role,starter,Active,1.0,direct,20260908_1821_tackles_direct,2026-09-20T12:24:48+00:00,2026-09-20T12:25:10+00:00
2026,2,401872946,2026-09-20,13:00,00-0040734,TreVeyon Henderson,NE,PIT,RB,rushing_yards,50.2,28.2,81.2,,,eligible,eligible_current_role,backup,Active,2.0,direct_component_blend,20260908_1821_rushing_yards_blend,2026-09-20T12:24:48+00:00,2026-09-20T12:25:10+00:00
2026,2,401872946,2026-09-20,13:00,00-0040734,TreVeyon Henderson,NE,PIT,RB,receiving_yards,11.9,-5.3,40.7,,,eligible,eligible_current_role,backup,Active,2.0,direct_component_blend,20260908_1821_receiving_yards_blend,2026-09-20T12:24:48+00:00,2026-09-20T12:25:10+00:00
2026,2,401872946,2026-09-20,13:00,00-0041088,Karon Prunty,NE,PIT,DB,tackles,2.1,0.0,6.1,0.8231825365640457,0.577584512422227,eligible,eligible_current_role,backup,Active,2.0,direct,20260908_1821_tackles_direct,2026-09-20T12:24:48+00:00,2026-09-20T12:25:10+00:00
2026,2,401872946,2026-09-20,13:00,00-0041123,Behren Morton,NE,PIT,QB,rushing_yards,8.2,-9.3,32.9,,,eligible,eligible_current_role,backup,Active,3.0,direct_component_blend,20260908_1821_rushing_yards_blend,2026-09-20T12:24:48+00:00,2026-09-20T12:25:10+00:00
2026,2,401872946,2026-09-20,13:00,00-0041261,Kevin Jobity Jr.,PIT,NE,DL,tackles,1.2,0.0,4.7,0.5689217715472266,0.27847704775030113,eligible,eligible_current_role,backup,Active,3.0,direct,20260908_1821_tackles_direct,2026-09-20T12:24:48+00:00,2026-09-20T12:25:10+00:00
2026,2,401872946,2026-09-20,13:00,00-0041314,Tanner Arkin,NE,PIT,TE,rushing_yards,0.0,-14.8,20.6,,,eligible,eligible_current_role,backup,,3.0,direct_component_blend,20260908_1821_rushing_yards_blend,2026-09-20T12:24:48+00:00,2026-09-20T12:25:10+00:00
2026,2,401872946,2026-09-20,13:00,00-0041314,Tanner Arkin,NE,PIT,TE,receiving_yards,4.4,-18.3,44.9,,,eligible,eligible_current_role,backup,,3.0,direct_component_blend,20260908_1821_receiving_yards_blend,2026-09-20T12:24:48+00:00,2026-09-20T12:25:10+00:00
2026,2,401872946,2026-09-20,13:00,00-0041316,Channing Canada,NE,PIT,DB,tackles,2.1,0.0,6.1,0.8231825365640457,0.577584512422227,eligible,eligible_current_role,backup,,2.0,direct,20260908_1821_tackles_direct,2026-09-20T12:24:48+00:00,2026-09-20T12:25:10+00:00
2026,2,401872946,2026-09-20,13:00,00-0041393,Daylen Everette,PIT,NE,DB,tackles,2.3,0.0,6.2,0.8424771915500668,0.612492364882109,eligible,eligible_current_role,backup,,2.0,direct,20260908_1821_tackles_direct,2026-09-20T12:24:48+00:00,2026-09-20T12:25:10+00:00
2026,2,401872946,2026-09-20,13:00,00-0041395,Eli Raridon,NE,PIT,TE,rushing_yards,0.0,-14.8,20.6,,,eligible,eligible_current_role,backup,Active,2.0,direct_component_blend,20260908_1821_rushing_yards_blend,2026-09-20T12:24:48+00:00,2026-09-20T12:25:10+00:00
2026,2,401872946,2026-09-20,13:00,00-0041395,Eli Raridon,NE,PIT,TE,receiving_yards,7.8,-14.9,48.3,,,eligible,eligible_current_role,backup,Active,2.0,direct_component_blend,20260908_1821_receiving_yards_blend,2026-09-20T12:24:48+00:00,2026-09-20T12:25:10+00:00
2026,2,401872946,2026-09-20,13:00,00-0041397,Kaden Wetjen,PIT,NE,WR,rushing_yards,0.0,-14.8,20.6,,,eligible,eligible_current_role,backup,,6.0,direct_component_blend,20260908_1821_rushing_yards_blend,2026-09-20T12:24:48+00:00,2026-09-20T12:25:10+00:00
2026,2,401872946,2026-09-20,13:00,00-0041397,Kaden Wetjen,PIT,NE,WR,receiving_yards,6.3,-16.3,46.9,,,eligible,eligible_current_role,backup,,6.0,direct_component_blend,20260908_1821_receiving_yards_blend,2026-09-20T12:24:48+00:00,2026-09-20T12:25:10+00:00
2026,2,401872946,2026-09-20,13:00,00-0041398,Riley Nowakowski,PIT,NE,TE,rushing_yards,0.0,-14.8,20.6,,,eligible,eligible_current_role,starter,,1.0,direct_component_blend,20260908_1821_rushing_yards_blend,2026-09-20T12:24:48+00:00,2026-09-20T12:25:10+00:00
2026,2,401872946,2026-09-20,13:00,00-0041398,Riley Nowakowski,PIT,NE,TE,receiving_yards,9.2,-13.4,49.8,,,eligible,eligible_current_role,starter,,1.0,direct_component_blend,20260908_1821_receiving_yards_blend,2026-09-20T12:24:48+00:00,2026-09-20T12:25:10+00:00
2026,2,401872946,2026-09-20,13:00,00-0041401,Robert Spears-Jennings,PIT,NE,DB,tackles,2.3,0.0,6.2,0.8424771915500668,0.612492364882109,eligible,eligible_current_role,backup,,2.0,direct,20260908_1821_tackles_direct,2026-09-20T12:24:48+00:00,2026-09-20T12:25:10+00:00
2026,2,401872946,2026-09-20,13:00,00-0041402,Quintayvious Hutchins,NE,PIT,LB,tackles,1.6,0.0,5.1,0.7520990455880701,0.4725181778571473,eligible,eligible_current_role,backup,,2.0,direct,20260908_1821_tackles_direct,2026-09-20T12:24:48+00:00,2026-09-20T12:25:10+00:00
2026,2,401872946,2026-09-20,13:00,00-0041489,Germie Bernard,PIT,NE,WR,rushing_yards,0.0,-14.7,20.7,,,eligible,eligible_current_role,backup,Active,4.0,direct_component_blend,20260908_1821_rushing_yards_blend,2026-09-20T12:24:48+00:00,2026-09-20T12:25:10+00:00
2026,2,401872946,2026-09-20,13:00,00-0041489,Germie Bernard,PIT,NE,WR,receiving_yards,6.8,-15.8,47.4,,,eligible,eligible_current_role,backup,Active,4.0,direct_component_blend,20260908_1821_receiving_yards_blend,2026-09-20T12:24:48+00:00,2026-09-20T12:25:10+00:00
2026,2,401872946,2026-09-20,13:00,00-0041490,Eli Heidenreich,PIT,NE,RB,rushing_yards,11.4,-18.8,53.9,,,eligible,eligible_current_role,backup,,3.0,direct_component_blend,20260908_1821_rushing_yards_blend,2026-09-20T12:24:48+00:00,2026-09-20T12:25:10+00:00
2026,2,401872946,2026-09-20,13:00,00-0041490,Eli Heidenreich,PIT,NE,RB,receiving_yards,3.0,-19.7,43.5,,,eligible,eligible_current_role,backup,,3.0,direct_component_blend,20260908_1821_receiving_yards_blend,2026-09-20T12:24:48+00:00,2026-09-20T12:25:10+00:00
2026,2,401872946,2026-09-20,13:00,00-0041565,Drew Allar,PIT,NE,QB,rushing_yards,8.7,-8.8,33.4,,,eligible,eligible_current_role,backup,Active,4.0,direct_component_blend,20260908_1821_rushing_yards_blend,2026-09-20T12:24:48+00:00,2026-09-20T12:25:10+00:00
2026,2,401872946,2026-09-20,13:00,00-0041569,Gabe Jacas,NE,PIT,LB,tackles,1.6,0.0,5.1,0.7474291152072687,0.4670502427851494,eligible,eligible_current_role,backup,,2.0,direct,20260908_1821_tackles_direct,2026-09-20T12:24:48+00:00,2026-09-20T12:25:10+00:00
2026,2,401872947,2026-09-21,17:15,00-0026498,Matthew Stafford,LAR,NYG,QB,passing_yards,247.5,154.0,353.7,,,eligible,eligible_current_role,starter,,1.0,direct_component_blend,20260908_1821_passing_yards_blend,2026-09-20T12:24:48+00:00,2026-09-20T12:25:10+00:00
2026,2,401872947,2026-09-21,17:15,00-0026498,Matthew Stafford,LAR,NYG,QB,passing_tds,1.62,,,0.8125,0.5119047619047619,eligible,eligible_current_role,starter,,1.0,direct_component_blend,20260908_1821_passing_tds_blend,2026-09-20T12:24:48+00:00,2026-09-20T12:25:10+00:00
2026,2,401872947,2026-09-21,17:15,00-0026498,Matthew Stafford,LAR,NYG,QB,rushing_yards,2.5,-8.2,17.6,,,eligible,eligible_current_role,starter,,1.0,direct_component_blend,20260908_1821_rushing_yards_blend,2026-09-20T12:24:48+00:00,2026-09-20T12:25:10+00:00
2026,2,401872947,2026-09-21,17:15,00-0031235,Odell Beckham Jr.,NYG,LAR,WR,rushing_yards,0.0,-14.7,20.7,,,eligible,eligible_current_role,backup,Active,4.0,direct_component_blend,20260908_1821_rushing_yards_blend,2026-09-20T12:24:48+00:00,2026-09-20T12:25:10+00:00
2026,2,401872947,2026-09-21,17:15,00-0031235,Odell Beckham Jr.,NYG,LAR,WR,receiving_yards,7.3,-15.3,47.9,,,eligible,eligible_current_role,backup,Active,4.0,direct_component_blend,20260908_1821_receiving_yards_blend,2026-09-20T12:24:48+00:00,2026-09-20T12:25:10+00:00
2026,2,401872947,2026-09-21,17:15,00-0031270,Shelby Harris,NYG,LAR,DL,tackles,2.3,0.2,5.1,0.8438634674977934,0.6150843296169867,eligible,eligible_current_role,starter,,1.0,direct,20260908_1821_tackles_direct,2026-09-20T12:24:48+00:00,2026-09-20T12:25:10+00:00
2026,2,401872947,2026-09-21,17:15,00-0031381,Davante Adams,LAR,NYG,WR,rushing_yards,0.0,-10.8,15.0,,,eligible,eligible_current_role,backup,,2.0,direct_component_blend,20260908_1821_rushing_yards_blend,2026-09-20T12:24:48+00:00,2026-09-20T12:25:10+00:00
2026,2,401872947,2026-09-21,17:15,00-0031381,Davante Adams,LAR,NYG,WR,receiving_yards,49.0,22.4,98.2,,,eligible,eligible_current_role,backup,,2.0,direct_component_blend,20260908_1821_receiving_yards_blend,2026-09-20T12:24:48+00:00,2026-09-20T12:25:10+00:00
2026,2,401872947,2026-09-21,17:15,00-0031388,Aaron Donald,LAR,NYG,DL,tackles,1.3,0.0,4.9,0.6297867366430818,0.3363701733481403,eligible,eligible_current_role,starter,Active,1.0,direct,20260908_1821_tackles_direct,2026-09-20T12:24:48+00:00,2026-09-20T12:25:10+00:00
2026,2,401872947,2026-09-21,17:15,00-0031484,Chris Manhertz,NYG,LAR,TE,rushing_yards,0.0,-10.8,14.9,,,eligible,eligible_current_role,backup,,3.0,direct_component_blend,20260908_1821_rushing_yards_blend,2026-09-20T12:24:48+00:00,2026-09-20T12:25:10+00:00
2026,2,401872947,2026-09-21,17:15,00-0031484,Chris Manhertz,NYG,LAR,TE,receiving_yards,5.8,-11.4,34.6,,,eligible,eligible_current_role,backup,,3.0,direct_component_blend,20260908_1821_receiving_yards_blend,2026-09-20T12:24:48+00:00,2026-09-20T12:25:10+00:00
2026,2,401872947,2026-09-21,17:15,00-0031503,Jameis Winston,NYG,LAR,QB,rushing_yards,6.4,-6.4,24.3,,,eligible,eligible_current_role,backup,,2.0,direct_component_blend,20260908_1821_rushing_yards_blend,2026-09-20T12:24:48+00:00,2026-09-20T12:25:10+00:00
2026,2,401872947,2026-09-21,17:15,00-0032424,DJ Reader,NYG,LAR,DL,tackles,1.9,0.0,4.4,0.780455219529022,0.5078365261557986,eligible,eligible_current_role,starter,,1.0,direct,20260908_1821_tackles_direct,2026-09-20T12:24:48+00:00,2026-09-20T12:25:10+00:00
2026,2,401872947,2026-09-21,17:15,00-0033110,Tyler Higbee,LAR,NYG,TE,rushing_yards,0.0,-10.8,15.0,,,eligible,eligible_current_role,backup,Active,2.0,direct_component_blend,20260908_1821_rushing_yards_blend,2026-09-20T12:24:48+00:00,2026-09-20T12:25:10+00:00
2026,2,401872947,2026-09-21,17:15,00-0033110,Tyler Higbee,LAR,NYG,TE,receiving_yards,18.1,1.0,46.9,,,eligible,eligible_current_role,backup,Active,2.0,direct_component_blend,20260908_1821_receiving_yards_blend,2026-09-20T12:24:48+00:00,2026-09-20T12:25:10+00:00
2026,2,401872947,2026-09-21,17:15,00-0033347,Josh Tupou,NYG,LAR,DL,tackles,1.6,0.0,4.0,0.7322727138354679,0.4482107273296701,eligible,eligible_current_role,backup,,3.0,direct,20260908_1821_tackles_direct,2026-09-20T12:24:48+00:00,2026-09-20T12:25:10+00:00
2026,2,401872947,2026-09-21,17:15,00-0033376,Patrick Ricard,NYG,LAR,RB,rushing_yards,2.0,-8.7,17.0,,,eligible,eligible_current_role,starter,,1.0,direct_component_blend,20260908_1821_rushing_yards_blend,2026-09-20T12:24:48+00:00,2026-09-20T12:25:10+00:00
2026,2,401872947,2026-09-21,17:15,00-0033376,Patrick Ricard,NYG,LAR,RB,receiving_yards,5.0,-12.2,33.8,,,eligible,eligible_current_role,starter,,1.0,direct_component_blend,20260908_1821_receiving_yards_blend,2026-09-20T12:24:48+00:00,2026-09-20T12:25:10+00:00
2026,2,401872947,2026-09-21,17:15,00-0034234,Poona Ford,LAR,NYG,DL,tackles,2.2,0.3,4.7,0.8347460107329218,0.5982490059798182,eligible,eligible_current_role,starter,,1.0,direct,20260908_1821_tackles_direct,2026-09-20T12:24:48+00:00,2026-09-20T12:25:10+00:00
2026,2,401872947,2026-09-21,17:15,00-0034248,Elijah Campbell,NYG,LAR,DB,tackles,0.9,0.0,3.4,0.4881772418427728,0.21184587998301654,eligible,eligible_current_role,backup,,3.0,direct,20260908_1821_tackles_direct,2026-09-20T12:24:48+00:00,2026-09-20T12:25:10+00:00
2026,2,401872947,2026-09-21,17:15,00-0034419,Braxton Berrios,NYG,LAR,WR,rushing_yards,0.0,-10.7,15.0,,,eligible,eligible_current_role,roster_only,,,direct_component_blend,20260908_1821_rushing_yards_blend,2026-09-20T12:24:48+00:00,2026-09-20T12:25:10+00:00
2026,2,401872947,2026-09-21,17:15,00-0034419,Braxton Berrios,NYG,LAR,WR,receiving_yards,3.8,-13.3,32.6,,,eligible,eligible_current_role,roster_only,,,direct_component_blend,20260908_1821_receiving_yards_blend,2026-09-20T12:24:48+00:00,2026-09-20T12:25:10+00:00
2026,2,401872947,2026-09-21,17:15,00-0034673,Tremaine Edmunds,NYG,LAR,LB,tackles,6.8,4.0,11.0,0.983495145631068,0.9631067961165048,eligible,eligible_current_role,recent_defensive_participant,Active,,direct,20260908_1821_tackles_direct,2026-09-20T12:24:48+00:00,2026-09-20T12:25:10+00:00
2026,2,401872947,2026-09-21,17:15,00-0035250,Devin Singletary,NYG,LAR,RB,rushing_yards,26.4,4.4,57.3,,,eligible,eligible_current_role,backup,Active,2.0,direct_component_blend,20260908_1821_rushing_yards_blend,2026-09-20T12:24:48+00:00,2026-09-20T12:25:10+00:00
2026,2,401872947,2026-09-21,17:15,00-0035250,Devin Singletary,NYG,LAR,RB,receiving_yards,8.9,-8.2,37.7,,,eligible,eligible_current_role,backup,Active,2.0,direct_component_blend,20260908_1821_receiving_yards_blend,2026-09-20T12:24:48+00:00,2026-09-20T12:25:10+00:00
2026,2,401872947,2026-09-21,17:15,00-0035713,Brian Burns,NYG,LAR,LB,tackles,3.0,0.1,7.1,0.9069782800841081,0.7555343683774994,eligible,eligible_current_role,starter,,1.0,direct,20260908_1821_tackles_direct,2026-09-20T12:24:48+00:00,2026-09-20T12:25:10+00:00
2026,2,401872947,2026-09-21,17:15,00-0036244,Colby Parkinson,LAR,NYG,TE,rushing_yards,0.0,-10.8,15.0,,,eligible,eligible_current_role,starter,Active,1.0,direct_component_blend,20260908_1821_rushing_yards_blend,2026-09-20T12:24:48+00:00,2026-09-20T12:25:10+00:00
2026,2,401872947,2026-09-21,17:15,00-0036244,Colby Parkinson,LAR,NYG,TE,receiving_yards,25.3,5.6,59.6,,,eligible,eligible_current_role,starter,Active,1.0,direct_component_blend,20260908_1821_receiving_yards_blend,2026-09-20T12:24:48+00:00,2026-09-20T12:25:10+00:00
2026,2,401872947,2026-09-21,17:15,00-0036309,Darnell Mooney,NYG,LAR,WR,rushing_yards,0.0,-10.8,15.0,,,eligible,eligible_current_role,backup,Active,3.0,direct_component_blend,20260908_1821_rushing_yards_blend,2026-09-20T12:24:48+00:00,2026-09-20T12:25:10+00:00
2026,2,401872947,2026-09-21,17:15,00-0036309,Darnell Mooney,NYG,LAR,WR,receiving_yards,25.3,8.2,54.1,,,eligible,eligible_current_role,backup,Active,3.0,direct_component_blend,20260908_1821_receiving_yards_blend,2026-09-20T12:24:48+00:00,2026-09-20T12:25:10+00:00
2026,2,401872947,2026-09-21,17:15,00-0036349,Kam Curl,LAR,NYG,DB,tackles,5.7,3.1,9.2,0.9826295086189776,0.9532826939509748,eligible,questionable_flag,starter,Questionable,1.0,direct,20260908_1821_tackles_direct,2026-09-20T12:24:48+00:00,2026-09-20T12:25:10+00:00
2026,2,401872947,2026-09-21,17:15,00-0036502,Jason Pinnock,NYG,LAR,DB,tackles,1.8,0.0,4.3,0.7736626086241031,0.49902573899975167,eligible,eligible_current_role,backup,Active,2.0,direct,20260908_1821_tackles_direct,2026-09-20T12:24:48+00:00,2026-09-20T12:25:10+00:00
2026,2,401872947,2026-09-21,17:15,00-0036587,Ar'Darius Washington,NYG,LAR,DB,tackles,1.7,0.0,4.1,0.7570300161421452,0.4783934683591319,eligible,eligible_current_role,backup,,2.0,direct,20260908_1821_tackles_direct,2026-09-20T12:24:48+00:00,2026-09-20T12:25:10+00:00
2026,2,401872947,2026-09-21,17:15,00-0036849,Tutu Atwell,LAR,NYG,WR,rushing_yards,0.0,-10.7,15.0,,,eligible,eligible_current_role,backup,Active,6.0,direct_component_blend,20260908_1821_rushing_yards_blend,2026-09-20T12:24:48+00:00,2026-09-20T12:25:10+00:00
2026,2,401872947,2026-09-21,17:15,00-0036849,Tutu Atwell,LAR,NYG,WR,receiving_yards,10.3,-6.9,39.1,,,eligible,eligible_current_role,backup,Active,6.0,direct_component_blend,20260908_1821_receiving_yards_blend,2026-09-20T12:24:48+00:00,2026-09-20T12:25:10+00:00
2026,2,401872947,2026-09-21,17:15,00-0036893,Najee Harris,NYG,LAR,RB,rushing_yards,22.1,0.1,53.0,,,eligible,eligible_current_role,backup,Active,4.0,direct_component_blend,20260908_1821_rushing_yards_blend,2026-09-20T12:24:48+00:00,2026-09-20T12:25:10+00:00
2026,2,401872947,2026-09-21,17:15,00-0036893,Najee Harris,NYG,LAR,RB,receiving_yards,7.0,-10.1,35.8,,,eligible,eligible_current_role,backup,Active,4.0,direct_component_blend,20260908_1821_receiving_yards_blend,2026-09-20T12:24:48+00:00,2026-09-20T12:25:10+00:00
2026,2,401872947,2026-09-21,17:15,00-0036937,Paulson Adebo,NYG,LAR,DB,tackles,5.0,2.3,8.5,0.9803631155081636,0.9306521406003274,eligible,eligible_current_role,backup,Active,2.0,direct,20260908_1821_tackles_direct,2026-09-20T12:24:48+00:00,2026-09-20T12:25:10+00:00
2026,2,401872947,2026-09-21,17:15,00-0036982,Chauncey Golston,NYG,LAR,DL,tackles,2.2,0.2,4.7,0.8248002345175643,0.5804311379446994,eligible,eligible_current_role,starter,,1.0,direct,20260908_1821_tackles_direct,2026-09-20T12:24:48+00:00,2026-09-20T12:25:10+00:00
2026,2,401872947,2026-09-21,17:15,00-0036996,Greg Newsome II,NYG,LAR,DB,tackles,3.3,0.7,6.9,0.922400598122874,0.7981771534895302,eligible,eligible_current_role,starter,Active,1.0,direct,20260908_1821_tackles_direct,2026-09-20T12:24:48+00:00,2026-09-20T12:25:10+00:00
2026,2,401872947,2026-09-21,17:15,00-0036998,Jevon Holland,NYG,LAR,DB,tackles,5.2,2.5,8.7,0.9812329391394579,0.9390090987567347,eligible,eligible_current_role,starter,,1.0,direct,20260908_1821_tackles_direct,2026-09-20T12:24:48+00:00,2026-09-20T12:25:10+00:00
2026,2,401872947,2026-09-21,17:15,00-0037191,Trent McDuffie,LAR,NYG,DB,tackles,3.2,1.1,6.0,0.9168476145604092,0.7839209696490261,eligible,eligible_current_role,starter,Active,1.0,direct,20260908_1821_tackles_direct,2026-09-20T12:24:48+00:00,2026-09-20T12:25:10+00:00
2026,2,401872947,2026-09-21,17:15,00-0037195,Jaylen Watson,LAR,NYG,DB,tackles,3.7,1.1,7.2,0.9427431580956138,0.834921260778363,eligible,eligible_current_role,starter,Active,1.0,direct,20260908_1821_tackles_direct,2026-09-20T12:24:48+00:00,2026-09-20T12:25:10+00:00
2026,2,401872947,2026-09-21,17:15,00-0037557,Ronnie Rivers,LAR,NYG,RB,rushing_yards,8.4,-2.3,23.4,,,eligible,eligible_current_role,backup,Active,3.0,direct_component_blend,20260908_1821_rushing_yards_blend,2026-09-20T12:24:48+00:00,2026-09-20T12:25:10+00:00
2026,2,401872947,2026-09-21,17:15,00-0037557,Ronnie Rivers,LAR,NYG,RB,receiving_yards,1.8,-15.3,30.7,,,eligible,eligible_current_role,backup,Active,3.0,direct_component_blend,20260908_1821_receiving_yards_blend,2026-09-20T12:24:48+00:00,2026-09-20T12:25:10+00:00
2026,2,401872947,2026-09-21,17:15,00-0037587,Nate Landman,LAR,NYG,LB,tackles,5.8,2.8,9.8,0.982803251454298,0.9551546205216821,eligible,questionable_flag,recent_defensive_participant,Questionable,,direct,20260908_1821_tackles_direct,2026-09-20T12:24:48+00:00,2026-09-20T12:25:10+00:00
2026,2,401872947,2026-09-21,17:15,00-0037611,Kayvon Thibodeaux,NYG,LAR,LB,tackles,2.6,0.0,6.7,0.8726221068237561,0.6722971323691351,eligible,eligible_current_role,backup,,2.0,direct,20260908_1821_tackles_direct,2026-09-20T12:24:48+00:00,2026-09-20T12:25:10+00:00
2026,2,401872947,2026-09-21,17:15,00-0037838,Isaiah Likely,NYG,LAR,TE,rushing_yards,0.0,-10.8,14.9,,,eligible,eligible_current_role,starter,Active,1.0,direct_component_blend,20260908_1821_rushing_yards_blend,2026-09-20T12:24:48+00:00,2026-09-20T12:25:10+00:00
2026,2,401872947,2026-09-21,17:15,00-0037838,Isaiah Likely,NYG,LAR,TE,receiving_yards,25.3,8.1,54.1,,,eligible,eligible_current_role,starter,Active,1.0,direct_component_blend,20260908_1821_receiving_yards_blend,2026-09-20T12:24:48+00:00,2026-09-20T12:25:10+00:00
2026,2,401872947,2026-09-21,17:15,00-0037840,Kyren Williams,LAR,NYG,RB,rushing_yards,61.8,39.8,92.8,,,eligible,eligible_current_role,starter,,1.0,direct_component_blend,20260908_1821_rushing_yards_blend,2026-09-20T12:24:48+00:00,2026-09-20T12:25:10+00:00
2026,2,401872947,2026-09-21,17:15,00-0037840,Kyren Williams,LAR,NYG,RB,receiving_yards,15.9,-1.3,44.7,,,eligible,eligible_current_role,starter,,1.0,direct_component_blend,20260908_1821_receiving_yards_blend,2026-09-20T12:24:48+00:00,2026-09-20T12:25:10+00:00
2026,2,401872947,2026-09-21,17:15,00-0037841,Quentin Lake,LAR,NYG,DB,tackles,5.0,2.2,8.4,0.980085212073972,0.928050301651071,eligible,eligible_current_role,starter,,1.0,direct,20260908_1821_tackles_direct,2026-09-20T12:24:48+00:00,2026-09-20T12:25:10+00:00
2026,2,401872947,2026-09-21,17:15,00-0038359,Xavier Smith,LAR,NYG,WR,rushing_yards,0.0,-10.8,15.0,,,eligible,eligible_current_role,backup,Active,5.0,direct_component_blend,20260908_1821_rushing_yards_blend,2026-09-20T12:24:48+00:00,2026-09-20T12:25:10+00:00
2026,2,401872947,2026-09-21,17:15,00-0038359,Xavier Smith,LAR,NYG,WR,receiving_yards,19.0,1.8,47.8,,,eligible,eligible_current_role,backup,Active,5.0,direct_component_blend,20260908_1821_receiving_yards_blend,2026-09-20T12:24:48+00:00,2026-09-20T12:25:10+00:00
2026,2,401872947,2026-09-21,17:15,00-0038986,Nic Jones,NYG,LAR,DB,tackles,1.1,0.0,3.6,0.5649880369084465,0.27472960762995774,eligible,eligible_current_role,backup,Active,2.0,direct,20260908_1821_tackles_direct,2026-09-20T12:24:48+00:00,2026-09-20T12:25:10+00:00
2026,2,401872947,2026-09-21,17:15,00-0039000,Deonte Banks,NYG,LAR,DB,tackles,3.3,1.1,6.0,0.9179812104691085,0.7873092427468243,eligible,eligible_current_role,starter,,1.0,direct,20260908_1821_tackles_direct,2026-09-20T12:24:48+00:00,2026-09-20T12:25:10+00:00
2026,2,401872947,2026-09-21,17:15,00-0039061,Desjuan Johnson,LAR,NYG,LB,tackles,2.0,0.0,4.5,0.7884965611826876,0.5197004380146427,eligible,eligible_current_role,starter,,1.0,direct,20260908_1821_tackles_direct,2026-09-20T12:24:48+00:00,2026-09-20T12:25:10+00:00
2026,2,401872947,2026-09-21,17:15,00-0039074,Davis Allen,LAR,NYG,TE,rushing_yards,0.0,-10.8,14.9,,,eligible,eligible_current_role,backup,Active,4.0,direct_component_blend,20260908_1821_rushing_yards_blend,2026-09-20T12:24:48+00:00,2026-09-20T12:25:10+00:00
2026,2,401872947,2026-09-21,17:15,00-0039074,Davis Allen,LAR,NYG,TE,receiving_yards,12.6,-4.5,41.4,,,eligible,eligible_current_role,backup,Active,4.0,direct_component_blend,20260908_1821_receiving_yards_blend,2026-09-20T12:24:48+00:00,2026-09-20T12:25:10+00:00
2026,2,401872947,2026-09-21,17:15,00-0039075,Puka Nacua,LAR,NYG,WR,rushing_yards,1.0,-9.7,16.1,,,eligible,eligible_current_role,starter,,1.0,direct_component_blend,20260908_1821_rushing_yards_blend,2026-09-20T12:24:48+00:00,2026-09-20T12:25:10+00:00
2026,2,401872947,2026-09-21,17:15,00-0039075,Puka Nacua,LAR,NYG,WR,receiving_yards,76.3,49.7,125.5,,,eligible,eligible_current_role,starter,,1.0,direct_component_blend,20260908_1821_receiving_yards_blend,2026-09-20T12:24:48+00:00,2026-09-20T12:25:10+00:00
2026,2,401872947,2026-09-21,17:15,00-0039107,Stetson Bennett,LAR,NYG,QB,rushing_yards,9.1,-8.5,33.8,,,eligible,eligible_current_role,backup,Active,2.0,direct_component_blend,20260908_1821_rushing_yards_blend,2026-09-20T12:24:48+00:00,2026-09-20T12:25:10+00:00
2026,2,401872947,2026-09-21,17:15,00-0039137,Byron Young,LAR,NYG,LB,tackles,3.8,0.8,7.8,0.9460929633717757,0.8414142619665811,eligible,eligible_current_role,starter,Active,1.0,direct,20260908_1821_tackles_direct,2026-09-20T12:24:48+00:00,2026-09-20T12:25:10+00:00
2026,2,401872947,2026-09-21,17:15,00-0039138,Kobie Turner,LAR,NYG,DL,tackles,2.8,0.7,5.6,0.8933272374940151,0.7190636617010656,eligible,eligible_current_role,starter,Active,1.0,direct,20260908_1821_tackles_direct,2026-09-20T12:24:48+00:00,2026-09-20T12:25:10+00:00
2026,2,401872947,2026-09-21,17:15,00-0039151,Emmanuel Forbes,LAR,NYG,DB,tackles,3.0,0.4,6.6,0.9059309020003116,0.752629286399397,eligible,eligible_current_role,backup,,2.0,direct,20260908_1821_tackles_direct,2026-09-20T12:24:48+00:00,2026-09-20T12:25:10+00:00
2026,2,401872947,2026-09-21,17:15,00-0039176,Basil Okoye,NYG,LAR,DL,tackles,1.1,0.0,3.6,0.564329601764011,0.27410710305809916,eligible,eligible_current_role,backup,,2.0,direct,20260908_1821_tackles_direct,2026-09-20T12:24:48+00:00,2026-09-20T12:25:10+00:00
2026,2,401872947,2026-09-21,17:15,00-0039337,Malik Nabers,NYG,LAR,WR,rushing_yards,0.0,-10.8,15.0,,,eligible,eligible_current_role,starter,Active,1.0,direct_component_blend,20260908_1821_rushing_yards_blend,2026-09-20T12:24:48+00:00,2026-09-20T12:25:10+00:00
2026,2,401872947,2026-09-21,17:15,00-0039337,Malik Nabers,NYG,LAR,WR,receiving_yards,57.5,30.9,106.7,,,eligible,eligible_current_role,starter,Active,1.0,direct_component_blend,20260908_1821_receiving_yards_blend,2026-09-20T12:24:48+00:00,2026-09-20T12:25:10+00:00
2026,2,401872947,2026-09-21,17:15,00-0039384,Tyrone Tracy Jr.,NYG,LAR,RB,rushing_yards,36.1,14.1,67.0,,,eligible,questionable_flag,backup,Questionable,3.0,direct_component_blend,20260908_1821_rushing_yards_blend,2026-09-20T12:24:48+00:00,2026-09-20T12:25:10+00:00
2026,2,401872947,2026-09-21,17:15,00-0039384,Tyrone Tracy Jr.,NYG,LAR,RB,receiving_yards,10.6,-6.6,39.4,,,eligible,questionable_flag,backup,Questionable,3.0,direct_component_blend,20260908_1821_receiving_yards_blend,2026-09-20T12:24:48+00:00,2026-09-20T12:25:10+00:00
2026,2,401872947,2026-09-21,17:15,00-0039498,Harrison Mevis,LAR,NYG,K,kicking_points,8.0,3.5,13.3,,,eligible,eligible_current_role,starter,,1.0,component,20260908_1821_kicking_points_component,2026-09-20T12:24:48+00:00,2026-09-20T12:25:10+00:00
2026,2,401872947,2026-09-21,17:15,00-0039734,Braden Fiske,LAR,NYG,DL,tackles,1.2,0.0,3.7,0.5741027675367809,0.283487743073716,eligible,eligible_current_role,backup,,2.0,direct,20260908_1821_tackles_direct,2026-09-20T12:24:48+00:00,2026-09-20T12:25:10+00:00
2026,2,401872947,2026-09-21,17:15,00-0039738,Blake Corum,LAR,NYG,RB,rushing_yards,38.7,16.7,69.6,,,eligible,eligible_current_role,backup,,2.0,direct_component_blend,20260908_1821_rushing_yards_blend,2026-09-20T12:24:48+00:00,2026-09-20T12:25:10+00:00
2026,2,401872947,2026-09-21,17:15,00-0039738,Blake Corum,LAR,NYG,RB,receiving_yards,3.6,-13.5,32.4,,,eligible,eligible_current_role,backup,,2.0,direct_component_blend,20260908_1821_receiving_yards_blend,2026-09-20T12:24:48+00:00,2026-09-20T12:25:10+00:00
2026,2,401872947,2026-09-21,17:15,00-0039749,Tyler Davis,LAR,NYG,DL,tackles,2.2,0.3,4.7,0.8295054830907069,0.588791782072239,eligible,eligible_current_role,backup,Active,2.0,direct,20260908_1821_tackles_direct,2026-09-20T12:24:48+00:00,2026-09-20T12:25:10+00:00
2026,2,401872947,2026-09-21,17:15,00-0039751,Jordan Whittington,LAR,NYG,WR,rushing_yards,0.0,-10.8,15.0,,,eligible,eligible_current_role,backup,Active,3.0,direct_component_blend,20260908_1821_rushing_yards_blend,2026-09-20T12:24:48+00:00,2026-09-20T12:25:10+00:00
2026,2,401872947,2026-09-21,17:15,00-0039751,Jordan Whittington,LAR,NYG,WR,receiving_yards,6.4,-10.8,35.2,,,eligible,eligible_current_role,backup,Active,3.0,direct_component_blend,20260908_1821_receiving_yards_blend,2026-09-20T12:24:48+00:00,2026-09-20T12:25:10+00:00
2026,2,401872947,2026-09-21,17:15,00-0039772,Josh Wallace,LAR,NYG,DB,tackles,3.1,0.9,5.8,0.9090834003595173,0.7614323401602437,eligible,eligible_current_role,backup,,2.0,direct,20260908_1821_tackles_direct,2026-09-20T12:24:48+00:00,2026-09-20T12:25:10+00:00
2026,2,401872947,2026-09-21,17:15,00-0039774,Omar Speights,LAR,NYG,LB,tackles,4.4,1.4,8.4,0.9693176620975364,0.895806434707614,eligible,questionable_flag,recent_defensive_participant,Questionable,,direct,20260908_1821_tackles_direct,2026-09-20T12:24:48+00:00,2026-09-20T12:25:10+00:00
2026,2,401872947,2026-09-21,17:15,00-0039776,Jaylen McCollough,LAR,NYG,DB,tackles,3.6,0.9,7.1,0.9353918542751112,0.8211515549237471,eligible,eligible_current_role,backup,,2.0,direct,20260908_1821_tackles_direct,2026-09-20T12:24:48+00:00,2026-09-20T12:25:10+00:00
2026,2,401872947,2026-09-21,17:15,00-0039821,Andru Phillips,NYG,LAR,DB,tackles,3.8,1.6,6.5,0.9459549217370549,0.8411437476374897,eligible,eligible_current_role,starter,Active,1.0,direct,20260908_1821_tackles_direct,2026-09-20T12:24:48+00:00,2026-09-20T12:25:10+00:00
2026,2,401872947,2026-09-21,17:15,00-0039834,Kamren Kinchens,LAR,NYG,DB,tackles,4.4,2.1,7.0,0.9675345999228525,0.8912313104040818,eligible,questionable_flag,starter,Questionable,1.0,direct,20260908_1821_tackles_direct,2026-09-20T12:24:48+00:00,2026-09-20T12:25:10+00:00
2026,2,401872947,2026-09-21,17:15,00-0039847,Theo Johnson,NYG,LAR,TE,rushing_yards,0.0,-10.8,14.9,,,eligible,eligible_current_role,backup,Active,2.0,direct_component_blend,20260908_1821_rushing_yards_blend,2026-09-20T12:24:48+00:00,2026-09-20T12:25:10+00:00
2026,2,401872947,2026-09-21,17:15,00-0039847,Theo Johnson,NYG,LAR,TE,receiving_yards,27.9,8.2,62.1,,,eligible,eligible_current_role,backup,Active,2.0,direct_component_blend,20260908_1821_receiving_yards_blend,2026-09-20T12:24:48+00:00,2026-09-20T12:25:10+00:00
2026,2,401872947,2026-09-21,17:15,00-0039861,Tyler Nubin,NYG,LAR,DB,tackles,5.6,2.9,9.1,0.9823742319068143,0.9505767181196814,eligible,eligible_current_role,starter,,1.0,direct,20260908_1821_tackles_direct,2026-09-20T12:24:48+00:00,2026-09-20T12:25:10+00:00
2026,2,401872947,2026-09-21,17:15,00-0040225,Thomas Fidone II,NYG,LAR,TE,rushing_yards,0.0,-11.8,16.5,,,eligible,eligible_current_role,backup,Active,4.0,direct_component_blend,20260908_1821_rushing_yards_blend,2026-09-20T12:24:48+00:00,2026-09-20T12:25:10+00:00
2026,2,401872947,2026-09-21,17:15,00-0040225,Thomas Fidone II,NYG,LAR,TE,receiving_yards,2.1,-16.5,34.1,,,eligible,eligible_current_role,backup,Active,4.0,direct_component_blend,20260908_1821_receiving_yards_blend,2026-09-20T12:24:48+00:00,2026-09-20T12:25:10+00:00
2026,2,401872947,2026-09-21,17:15,00-0040580,Josaiah Stewart,LAR,NYG,LB,tackles,1.4,0.0,3.9,0.6791249294200598,0.38741252424430267,eligible,eligible_current_role,backup,,2.0,direct,20260908_1821_tackles_direct,2026-09-20T12:24:48+00:00,2026-09-20T12:25:10+00:00
2026,2,401872947,2026-09-21,17:15,00-0040585,Ty Hamilton,LAR,NYG,DL,tackles,0.9,0.0,3.4,0.5018461018995993,0.22195964086603878,eligible,eligible_current_role,backup,,2.0,direct,20260908_1821_tackles_direct,2026-09-20T12:24:48+00:00,2026-09-20T12:25:10+00:00
2026,2,401872947,2026-09-21,17:15,00-0040590,Konata Mumpfield,LAR,NYG,WR,rushing_yards,0.0,-10.8,15.0,,,eligible,eligible_current_role,backup,Active,4.0,direct_component_blend,20260908_1821_rushing_yards_blend,2026-09-20T12:24:48+00:00,2026-09-20T12:25:10+00:00
2026,2,401872947,2026-09-21,17:15,00-0040590,Konata Mumpfield,LAR,NYG,WR,receiving_yards,17.2,-9.4,66.4,,,eligible,eligible_current_role,backup,Active,4.0,direct_component_blend,20260908_1821_receiving_yards_blend,2026-09-20T12:24:48+00:00,2026-09-20T12:25:10+00:00
2026,2,401872947,2026-09-21,17:15,00-0040613,Shaun Dolac,LAR,NYG,LB,tackles,0.8,0.0,3.2,0.42889231479898493,0.16046824889450736,eligible,eligible_current_role,recent_defensive_participant,,,direct,20260908_1821_tackles_direct,2026-09-20T12:24:48+00:00,2026-09-20T12:25:10+00:00
2026,2,401872947,2026-09-21,17:15,00-0040677,Abdul Carter,NYG,LAR,LB,tackles,3.5,0.5,7.5,0.9315176637050014,0.8141320886593142,eligible,eligible_current_role,starter,,1.0,direct,20260908_1821_tackles_direct,2026-09-20T12:24:48+00:00,2026-09-20T12:25:10+00:00
2026,2,401872947,2026-09-21,17:15,00-0040691,Jaxson Dart,NYG,LAR,QB,passing_yards,175.6,82.1,281.8,,,eligible,eligible_current_role,starter,Active,1.0,direct_component_blend,20260908_1821_passing_yards_blend,2026-09-20T12:24:48+00:00,2026-09-20T12:25:10+00:00
2026,2,401872947,2026-09-21,17:15,00-0040691,Jaxson Dart,NYG,LAR,QB,passing_tds,1.188,,,0.6547619047619048,0.39285714285714285,eligible,eligible_current_role,starter,Active,1.0,direct_component_blend,20260908_1821_passing_tds_blend,2026-09-20T12:24:48+00:00,2026-09-20T12:25:10+00:00
2026,2,401872947,2026-09-21,17:15,00-0040691,Jaxson Dart,NYG,LAR,QB,rushing_yards,28.9,16.1,46.8,,,eligible,eligible_current_role,starter,Active,1.0,direct_component_blend,20260908_1821_rushing_yards_blend,2026-09-20T12:24:48+00:00,2026-09-20T12:25:10+00:00
2026,2,401872947,2026-09-21,17:15,00-0040694,Darius Alexander,NYG,LAR,DL,tackles,1.7,0.0,4.2,0.7617640059192368,0.4841352933287184,eligible,eligible_current_role,backup,,2.0,direct,20260908_1821_tackles_direct,2026-09-20T12:24:48+00:00,2026-09-20T12:25:10+00:00
2026,2,401872947,2026-09-21,17:15,00-0040715,Cam Skattebo,NYG,LAR,RB,rushing_yards,36.4,14.4,67.4,,,eligible,eligible_current_role,starter,Active,1.0,direct_component_blend,20260908_1821_rushing_yards_blend,2026-09-20T12:24:48+00:00,2026-09-20T12:25:10+00:00
2026,2,401872947,2026-09-21,17:15,00-0040715,Cam Skattebo,NYG,LAR,RB,receiving_yards,14.9,-2.3,43.7,,,eligible,eligible_current_role,starter,Active,1.0,direct_component_blend,20260908_1821_receiving_yards_blend,2026-09-20T12:24:48+00:00,2026-09-20T12:25:10+00:00
2026,2,401872947,2026-09-21,17:15,00-0040737,Terrance Ferguson,LAR,NYG,TE,rushing_yards,0.0,-10.8,15.0,,,eligible,eligible_current_role,backup,Active,3.0,direct_component_blend,20260908_1821_rushing_yards_blend,2026-09-20T12:24:48+00:00,2026-09-20T12:25:10+00:00
2026,2,401872947,2026-09-21,17:15,00-0040737,Terrance Ferguson,LAR,NYG,TE,receiving_yards,14.7,-2.5,43.5,,,eligible,eligible_current_role,backup,Active,3.0,direct_component_blend,20260908_1821_receiving_yards_blend,2026-09-20T12:24:48+00:00,2026-09-20T12:25:10+00:00
2026,2,401872947,2026-09-21,17:15,00-0041042,Malachi Fields,NYG,LAR,WR,rushing_yards,0.0,-14.8,20.6,,,eligible,eligible_current_role,backup,Active,2.0,direct_component_blend,20260908_1821_rushing_yards_blend,2026-09-20T12:24:48+00:00,2026-09-20T12:25:10+00:00
2026,2,401872947,2026-09-21,17:15,00-0041042,Malachi Fields,NYG,LAR,WR,receiving_yards,9.2,-13.4,49.8,,,eligible,eligible_current_role,backup,Active,2.0,direct_component_blend,20260908_1821_receiving_yards_blend,2026-09-20T12:24:48+00:00,2026-09-20T12:25:10+00:00
2026,2,401872947,2026-09-21,17:15,00-0041095,Bobby Jamison-Travis,NYG,LAR,DL,tackles,1.2,0.0,4.7,0.5709958782660495,0.28047265853830383,eligible,eligible_current_role,backup,Active,2.0,direct,20260908_1821_tackles_direct,2026-09-20T12:24:48+00:00,2026-09-20T12:25:10+00:00
2026,2,401872947,2026-09-21,17:15,00-0041145,Dominic Zvada,NYG,LAR,K,kicking_points,7.2,0.7,14.7,,,eligible,eligible_current_role,starter,Active,1.0,component,20260908_1821_kicking_points_component,2026-09-20T12:24:48+00:00,2026-09-20T12:25:10+00:00
2026,2,401872947,2026-09-21,17:15,00-0041399,CJ Daniels,LAR,NYG,WR,rushing_yards,0.1,-14.7,20.7,,,eligible,eligible_current_role,backup,Active,7.0,direct_component_blend,20260908_1821_rushing_yards_blend,2026-09-20T12:24:48+00:00,2026-09-20T12:25:10+00:00
2026,2,401872947,2026-09-21,17:15,00-0041399,CJ Daniels,LAR,NYG,WR,receiving_yards,7.6,-15.0,48.2,,,eligible,eligible_current_role,backup,Active,7.0,direct_component_blend,20260908_1821_receiving_yards_blend,2026-09-20T12:24:48+00:00,2026-09-20T12:25:10+00:00
2026,2,401872947,2026-09-21,17:15,00-0041404,Wesley Bailey,LAR,NYG,LB,tackles,1.7,0.0,5.2,0.7593648385944644,0.4812127750907623,eligible,eligible_current_role,backup,,2.0,direct,20260908_1821_tackles_direct,2026-09-20T12:24:48+00:00,2026-09-20T12:25:10+00:00
2026,2,401872947,2026-09-21,17:15,00-0041462,Colton Hood,NYG,LAR,DB,tackles,2.2,0.0,6.1,0.8279739938763059,0.5860571549101761,eligible,eligible_current_role,backup,Active,2.0,direct,20260908_1821_tackles_direct,2026-09-20T12:24:48+00:00,2026-09-20T12:25:10+00:00
2026,2,401872947,2026-09-21,17:15,00-0041509,Arvell Reese,NYG,LAR,LB,tackles,1.3,0.0,4.9,0.6342812792713494,0.34082325122547863,eligible,eligible_current_role,recent_defensive_participant,,,direct,20260908_1821_tackles_direct,2026-09-20T12:24:48+00:00,2026-09-20T12:25:10+00:00
2026,2,401872947,2026-09-21,17:15,00-0041510,Max Klare,LAR,NYG,TE,rushing_yards,0.0,-14.8,20.7,,,eligible,eligible_current_role,backup,Active,5.0,direct_component_blend,20260908_1821_rushing_yards_blend,2026-09-20T12:24:48+00:00,2026-09-20T12:25:10+00:00
2026,2,401872947,2026-09-21,17:15,00-0041510,Max Klare,LAR,NYG,TE,receiving_yards,4.3,-18.3,44.9,,,eligible,eligible_current_role,backup,Active,5.0,direct_component_blend,20260908_1821_receiving_yards_blend,2026-09-20T12:24:48+00:00,2026-09-20T12:25:10+00:00
2026,2,401872947,2026-09-21,17:15,00-0041568,Ty Simpson,LAR,NYG,QB,rushing_yards,9.0,-8.6,33.7,,,eligible,eligible_current_role,backup,Active,3.0,direct_component_blend,20260908_1821_rushing_yards_blend,2026-09-20T12:24:48+00:00,2026-09-20T12:25:10+00:00
