season,week,game_id,player_id,player_name,team,opponent,position,passing_yards,passing_yards_low,passing_yards_high,passing_tds,passing_tds_prob_1plus,rushing_yards,rushing_yards_low,rushing_yards_high,receiving_yards,receiving_yards_low,receiving_yards_high,kicking_points,kicking_points_low,kicking_points_high,tackles,tackles_low,tackles_high,injury_game_status,role_status,generated_at
2026,2,401872932,00-0038848,Anthony Kendall,BUF,DET,DB,0.0,0.0,0.0,0.0,0.0,0.0,0.0,0.0,0.0,0.0,0.0,0.0,0.0,0.0,0.0,0.0,0.0,,roster_only,2026-09-15T19:45:44+00:00
2026,2,401872932,00-0035253,C.J. Gardner-Johnson,BUF,DET,DB,0.0,0.0,0.0,0.0,0.0,0.0,0.0,0.0,0.0,0.0,0.0,0.0,0.0,0.0,4.4,1.7,7.8,,starter,2026-09-15T19:45:44+00:00
2026,2,401872932,00-0037288,Christian Benford,BUF,DET,DB,0.0,0.0,0.0,0.0,0.0,0.0,0.0,0.0,0.0,0.0,0.0,0.0,0.0,0.0,3.5,0.9,7.1,,starter,2026-09-15T19:45:44+00:00
2026,2,401872932,00-0039872,Cole Bishop,BUF,DET,DB,0.0,0.0,0.0,0.0,0.0,0.0,0.0,0.0,0.0,0.0,0.0,0.0,0.0,0.0,5.5,2.8,9.0,Active,starter,2026-09-15T19:45:44+00:00
2026,2,401872932,00-0039322,D.J. Miller,BUF,DET,DB,0.0,0.0,0.0,0.0,0.0,0.0,0.0,0.0,0.0,0.0,0.0,0.0,0.0,0.0,0.0,0.0,0.0,,roster_only,2026-09-15T19:45:44+00:00
2026,2,401872932,00-0036888,Damar Hamlin,BUF,DET,DB,0.0,0.0,0.0,0.0,0.0,0.0,0.0,0.0,0.0,0.0,0.0,0.0,0.0,0.0,1.4,0.0,5.0,,backup,2026-09-15T19:45:44+00:00
2026,2,401872932,00-0041391,Davison Igbinosun,BUF,DET,DB,0.0,0.0,0.0,0.0,0.0,0.0,0.0,0.0,0.0,0.0,0.0,0.0,0.0,0.0,2.3,0.0,6.2,,backup,2026-09-15T19:45:44+00:00
2026,2,401872932,00-0037034,Dee Alford,BUF,DET,DB,0.0,0.0,0.0,0.0,0.0,0.0,0.0,0.0,0.0,0.0,0.0,0.0,0.0,0.0,3.9,1.7,6.6,,starter,2026-09-15T19:45:44+00:00
2026,2,401872932,00-0040197,Dorian Strong,BUF,DET,DB,0.0,0.0,0.0,0.0,0.0,0.0,0.0,0.0,0.0,0.0,0.0,0.0,0.0,0.0,0.0,0.0,0.0,Out,backup,2026-09-15T19:45:44+00:00
2026,2,401872932,00-0036199,Geno Stone,BUF,DET,DB,0.0,0.0,0.0,0.0,0.0,0.0,0.0,0.0,0.0,0.0,0.0,0.0,0.0,0.0,0.0,0.0,0.0,,roster_only,2026-09-15T19:45:44+00:00
2026,2,401872932,00-0041086,Jalon Kilgore,BUF,DET,DB,0.0,0.0,0.0,0.0,0.0,0.0,0.0,0.0,0.0,0.0,0.0,0.0,0.0,0.0,2.0,0.0,5.9,Active,backup,2026-09-15T19:45:44+00:00
2026,2,401872932,00-0041269,Jordan Dunbar,BUF,DET,DB,0.0,0.0,0.0,0.0,0.0,0.0,0.0,0.0,0.0,0.0,0.0,0.0,0.0,0.0,0.0,0.0,0.0,,roster_only,2026-09-15T19:45:44+00:00
2026,2,401872932,00-0040192,Jordan Hancock,BUF,DET,DB,0.0,0.0,0.0,0.0,0.0,0.0,0.0,0.0,0.0,0.0,0.0,0.0,0.0,0.0,1.4,0.0,3.9,Active,backup,2026-09-15T19:45:44+00:00
2026,2,401872932,00-0041275,Kani Walker,BUF,DET,DB,0.0,0.0,0.0,0.0,0.0,0.0,0.0,0.0,0.0,0.0,0.0,0.0,0.0,0.0,0.0,0.0,0.0,,roster_only,2026-09-15T19:45:44+00:00
2026,2,401872932,00-0040709,Maxwell Hairston,BUF,DET,DB,0.0,0.0,0.0,0.0,0.0,0.0,0.0,0.0,0.0,0.0,0.0,0.0,0.0,0.0,2.7,0.6,5.5,,starter,2026-09-15T19:45:44+00:00
2026,2,401872932,00-0036037,Sam Franklin Jr.,BUF,DET,DB,0.0,0.0,0.0,0.0,0.0,0.0,0.0,0.0,0.0,0.0,0.0,0.0,0.0,0.0,0.7,0.0,3.2,,backup,2026-09-15T19:45:44+00:00
2026,2,401872932,00-0039469,Te'Cory Couch,BUF,DET,DB,0.0,0.0,0.0,0.0,0.0,0.0,0.0,0.0,0.0,0.0,0.0,0.0,0.0,0.0,0.0,0.0,0.0,,roster_only,2026-09-15T19:45:44+00:00
2026,2,401872932,00-0040364,Wande Owens,BUF,DET,DB,0.0,0.0,0.0,0.0,0.0,0.0,0.0,0.0,0.0,0.0,0.0,0.0,0.0,0.0,0.0,0.0,0.0,,roster_only,2026-09-15T19:45:44+00:00
2026,2,401872932,00-0039873,DeWayne Carter,BUF,DET,DL,0.0,0.0,0.0,0.0,0.0,0.0,0.0,0.0,0.0,0.0,0.0,0.0,0.0,0.0,2.3,0.4,4.8,,backup,2026-09-15T19:45:44+00:00
2026,2,401872932,00-0040710,Deone Walker,BUF,DET,DL,0.0,0.0,0.0,0.0,0.0,0.0,0.0,0.0,0.0,0.0,0.0,0.0,0.0,0.0,2.4,0.5,4.9,,starter,2026-09-15T19:45:44+00:00
2026,2,401872932,00-0035230,Ed Oliver,BUF,DET,DL,0.0,0.0,0.0,0.0,0.0,0.0,0.0,0.0,0.0,0.0,0.0,0.0,0.0,0.0,2.1,0.2,4.6,,starter,2026-09-15T19:45:44+00:00
2026,2,401872932,00-0035667,Greg Gaines,BUF,DET,DL,0.0,0.0,0.0,0.0,0.0,0.0,0.0,0.0,0.0,0.0,0.0,0.0,0.0,0.0,1.4,0.0,3.9,,backup,2026-09-15T19:45:44+00:00
2026,2,401872932,00-0040132,Landon Jackson,BUF,DET,DL,0.0,0.0,0.0,0.0,0.0,0.0,0.0,0.0,0.0,0.0,0.0,0.0,0.0,0.0,0.8,0.0,4.3,,backup,2026-09-15T19:45:44+00:00
2026,2,401872932,00-0038099,Phidarian Mathis,BUF,DET,DL,0.0,0.0,0.0,0.0,0.0,0.0,0.0,0.0,0.0,0.0,0.0,0.0,0.0,0.0,0.0,0.0,0.0,,backup,2026-09-15T19:45:44+00:00
2026,2,401872932,00-0040724,T.J. Sanders,BUF,DET,DL,0.0,0.0,0.0,0.0,0.0,0.0,0.0,0.0,0.0,0.0,0.0,0.0,0.0,0.0,0.0,0.0,0.0,Out,starter,2026-09-15T19:45:44+00:00
2026,2,401872932,00-0039930,Travis Clayton,BUF,DET,DL,0.0,0.0,0.0,0.0,0.0,0.0,0.0,0.0,0.0,0.0,0.0,0.0,0.0,0.0,0.0,0.0,0.0,,roster_only,2026-09-15T19:45:44+00:00
2026,2,401872932,00-0041091,Zane Durant,BUF,DET,DL,0.0,0.0,0.0,0.0,0.0,0.0,0.0,0.0,0.0,0.0,0.0,0.0,0.0,0.0,0.0,0.0,0.0,,backup,2026-09-15T19:45:44+00:00
2026,2,401872932,00-0036162,Tyler Bass,BUF,DET,K,0.0,0.0,0.0,0.0,0.0,0.0,0.0,0.0,0.0,0.0,0.0,8.0,3.0,13.9,0.0,0.0,0.0,Active,starter,2026-09-15T19:45:44+00:00
2026,2,401872932,00-0038635,Andre Jones Jr.,BUF,DET,LB,0.0,0.0,0.0,0.0,0.0,0.0,0.0,0.0,0.0,0.0,0.0,0.0,0.0,0.0,0.0,0.0,0.0,,roster_only,2026-09-15T19:45:44+00:00
2026,2,401872932,00-0034832,Bradley Chubb,BUF,DET,LB,0.0,0.0,0.0,0.0,0.0,0.0,0.0,0.0,0.0,0.0,0.0,0.0,0.0,0.0,3.0,0.1,7.1,,starter,2026-09-15T19:45:44+00:00
2026,2,401872932,00-0041268,Cade Denhoff,BUF,DET,LB,0.0,0.0,0.0,0.0,0.0,0.0,0.0,0.0,0.0,0.0,0.0,0.0,0.0,0.0,0.0,0.0,0.0,,roster_only,2026-09-15T19:45:44+00:00
2026,2,401872932,00-0035020,Demetrius Flannigan-Fowles,BUF,DET,LB,0.0,0.0,0.0,0.0,0.0,0.0,0.0,0.0,0.0,0.0,0.0,0.0,0.0,0.0,0.0,0.0,0.0,,roster_only,2026-09-15T19:45:44+00:00
2026,2,401872932,00-0038557,Dorian Williams,BUF,DET,LB,0.0,0.0,0.0,0.0,0.0,0.0,0.0,0.0,0.0,0.0,0.0,0.0,0.0,0.0,2.9,0.9,5.3,,recent_defensive_participant,2026-09-15T19:45:44+00:00
2026,2,401872932,00-0036914,Greg Rousseau,BUF,DET,LB,0.0,0.0,0.0,0.0,0.0,0.0,0.0,0.0,0.0,0.0,0.0,0.0,0.0,0.0,2.7,0.0,6.7,,starter,2026-09-15T19:45:44+00:00
2026,2,401872932,00-0039879,Javon Solomon,BUF,DET,LB,0.0,0.0,0.0,0.0,0.0,0.0,0.0,0.0,0.0,0.0,0.0,0.0,0.0,0.0,1.1,0.0,3.5,,backup,2026-09-15T19:45:44+00:00
2026,2,401872932,00-0039277,Jimmy Ciarlo,BUF,DET,LB,0.0,0.0,0.0,0.0,0.0,0.0,0.0,0.0,0.0,0.0,0.0,0.0,0.0,0.0,0.0,0.0,0.0,,roster_only,2026-09-15T19:45:44+00:00
2026,2,401872932,00-0039763,Joe Andreessen,BUF,DET,LB,0.0,0.0,0.0,0.0,0.0,0.0,0.0,0.0,0.0,0.0,0.0,0.0,0.0,0.0,0.0,0.0,0.0,,roster_only,2026-09-15T19:45:44+00:00
2026,2,401872932,00-0041444,Kaleb Elarms-Orr,BUF,DET,LB,0.0,0.0,0.0,0.0,0.0,0.0,0.0,0.0,0.0,0.0,0.0,0.0,0.0,0.0,1.4,0.0,4.9,,recent_defensive_participant,2026-09-15T19:45:44+00:00
2026,2,401872932,00-0040362,Keonta Jenkins,BUF,DET,LB,0.0,0.0,0.0,0.0,0.0,0.0,0.0,0.0,0.0,0.0,0.0,0.0,0.0,0.0,0.0,0.0,0.0,,roster_only,2026-09-15T19:45:44+00:00
2026,2,401872932,00-0036378,Michael Danna,BUF,DET,LB,0.0,0.0,0.0,0.0,0.0,0.0,0.0,0.0,0.0,0.0,0.0,0.0,0.0,0.0,1.8,0.0,4.3,Active,backup,2026-09-15T19:45:44+00:00
2026,2,401872932,00-0035933,Michael Hoecht,BUF,DET,LB,0.0,0.0,0.0,0.0,0.0,0.0,0.0,0.0,0.0,0.0,0.0,0.0,0.0,0.0,2.7,0.7,5.1,Active,backup,2026-09-15T19:45:44+00:00
2026,2,401872932,00-0038853,Otis Reese,BUF,DET,LB,0.0,0.0,0.0,0.0,0.0,0.0,0.0,0.0,0.0,0.0,0.0,0.0,0.0,0.0,0.0,0.0,0.0,,roster_only,2026-09-15T19:45:44+00:00
2026,2,401872932,00-0031550,Shaq Thompson,BUF,DET,LB,0.0,0.0,0.0,0.0,0.0,0.0,0.0,0.0,0.0,0.0,0.0,0.0,0.0,0.0,0.0,0.0,0.0,,roster_only,2026-09-15T19:45:44+00:00
2026,2,401872932,00-0041036,TJ Parker,BUF,DET,LB,0.0,0.0,0.0,0.0,0.0,0.0,0.0,0.0,0.0,0.0,0.0,0.0,0.0,0.0,1.6,0.0,5.1,,backup,2026-09-15T19:45:44+00:00
2026,2,401872932,00-0037254,Terrel Bernard,BUF,DET,LB,0.0,0.0,0.0,0.0,0.0,0.0,0.0,0.0,0.0,0.0,0.0,0.0,0.0,0.0,4.1,2.1,6.5,Active,recent_defensive_participant,2026-09-15T19:45:44+00:00
2026,2,401872932,00-0041223,Theron Gaines,BUF,DET,LB,0.0,0.0,0.0,0.0,0.0,0.0,0.0,0.0,0.0,0.0,0.0,0.0,0.0,0.0,0.0,0.0,0.0,,roster_only,2026-09-15T19:45:44+00:00
2026,2,401872932,00-0034857,Josh Allen,BUF,DET,QB,208.0,114.5,314.2,1.464,0.8049529834350585,32.4,19.7,50.4,0.0,0.0,0.0,0.0,0.0,0.0,0.0,0.0,0.0,Active,starter,2026-09-15T19:45:44+00:00
2026,2,401872932,00-0034577,Kyle Allen,BUF,DET,QB,0.0,0.0,0.0,0.0,0.0,3.7,-7.0,18.7,0.0,0.0,0.0,0.0,0.0,0.0,0.0,0.0,0.0,,backup,2026-09-15T19:45:44+00:00
2026,2,401872932,00-0036679,Shane Buechele,BUF,DET,QB,0.0,0.0,0.0,0.0,0.0,0.0,0.0,0.0,0.0,0.0,0.0,0.0,0.0,0.0,0.0,0.0,0.0,,roster_only,2026-09-15T19:45:44+00:00
2026,2,401872932,00-0040567,Brock Lampe,BUF,DET,RB,0.0,0.0,0.0,0.0,0.0,0.0,0.0,0.0,0.0,0.0,0.0,0.0,0.0,0.0,0.0,0.0,0.0,,roster_only,2026-09-15T19:45:44+00:00
2026,2,401872932,00-0039471,Frank Gore Jr.,BUF,DET,RB,0.0,0.0,0.0,0.0,0.0,11.4,-18.8,53.9,1.9,-20.8,42.5,0.0,0.0,0.0,0.0,0.0,0.0,,roster_only,2026-09-15T19:45:44+00:00
2026,2,401872932,00-0039466,Ian Wheeler,BUF,DET,RB,0.0,0.0,0.0,0.0,0.0,0.0,0.0,0.0,0.0,0.0,0.0,0.0,0.0,0.0,0.0,0.0,0.0,,roster_only,2026-09-15T19:45:44+00:00
2026,2,401872932,00-0037248,James Cook,BUF,DET,RB,0.0,0.0,0.0,0.0,0.0,74.5,52.5,105.4,17.7,0.6,46.6,0.0,0.0,0.0,0.0,0.0,0.0,Active,starter,2026-09-15T19:45:44+00:00
2026,2,401872932,00-0039875,Ray Davis,BUF,DET,RB,0.0,0.0,0.0,0.0,0.0,5.8,-4.9,20.9,2.7,-14.5,31.5,0.0,0.0,0.0,0.0,0.0,0.0,Active,backup,2026-09-15T19:45:44+00:00
2026,2,401872932,00-0035537,Ty Johnson,BUF,DET,RB,0.0,0.0,0.0,0.0,0.0,0.0,0.0,0.0,0.0,0.0,0.0,0.0,0.0,0.0,0.0,0.0,0.0,Out,backup,2026-09-15T19:45:44+00:00
2026,2,401872932,00-0038933,Dalton Kincaid,BUF,DET,TE,0.0,0.0,0.0,0.0,0.0,0.0,-10.8,14.9,25.3,8.2,54.2,0.0,0.0,0.0,0.0,0.0,0.0,Active,starter,2026-09-15T19:45:44+00:00
2026,2,401872932,00-0035689,Dawson Knox,BUF,DET,TE,0.0,0.0,0.0,0.0,0.0,0.0,-10.8,15.0,22.0,4.9,50.8,0.0,0.0,0.0,0.0,0.0,0.0,Active,backup,2026-09-15T19:45:44+00:00
2026,2,401872932,00-0040194,Jackson Hawes,BUF,DET,TE,0.0,0.0,0.0,0.0,0.0,0.0,-10.8,15.0,6.9,-10.3,35.7,0.0,0.0,0.0,0.0,0.0,0.0,Active,backup,2026-09-15T19:45:44+00:00
2026,2,401872932,00-0040363,Keleki Latu,BUF,DET,TE,0.0,0.0,0.0,0.0,0.0,0.0,-11.9,16.5,2.3,-16.3,34.3,0.0,0.0,0.0,0.0,0.0,0.0,,backup,2026-09-15T19:45:44+00:00
2026,2,401872932,00-0034827,DJ Moore,BUF,DET,WR,0.0,0.0,0.0,0.0,0.0,0.9,-9.8,16.0,45.0,18.3,94.2,0.0,0.0,0.0,0.0,0.0,0.0,Active,starter,2026-09-15T19:45:44+00:00
2026,2,401872932,00-0035500,Greg Dortch,BUF,DET,WR,0.0,0.0,0.0,0.0,0.0,0.7,-10.0,15.7,14.0,-12.6,63.2,0.0,0.0,0.0,0.0,0.0,0.0,,roster_only,2026-09-15T19:45:44+00:00
2026,2,401872932,00-0041272,Ja'Mori Maclin,BUF,DET,WR,0.0,0.0,0.0,0.0,0.0,0.0,0.0,0.0,0.0,0.0,0.0,0.0,0.0,0.0,0.0,0.0,0.0,,roster_only,2026-09-15T19:45:44+00:00
2026,2,401872932,00-0036988,Josh Palmer,BUF,DET,WR,0.0,0.0,0.0,0.0,0.0,0.0,-10.8,15.0,16.9,-0.2,45.7,0.0,0.0,0.0,0.0,0.0,0.0,Active,backup,2026-09-15T19:45:44+00:00
2026,2,401872932,00-0039901,Keon Coleman,BUF,DET,WR,0.0,0.0,0.0,0.0,0.0,0.0,-10.8,15.0,23.4,-3.3,72.6,0.0,0.0,0.0,0.0,0.0,0.0,Active,backup,2026-09-15T19:45:44+00:00
2026,2,401872932,00-0037261,Khalil Shakir,BUF,DET,WR,0.0,0.0,0.0,0.0,0.0,0.0,-10.8,15.0,35.6,8.9,84.8,0.0,0.0,0.0,0.0,0.0,0.0,Active,backup,2026-09-15T19:45:44+00:00
2026,2,401872932,00-0041274,Max Tomczak,BUF,DET,WR,0.0,0.0,0.0,0.0,0.0,0.0,0.0,0.0,0.0,0.0,0.0,0.0,0.0,0.0,0.0,0.0,0.0,,roster_only,2026-09-15T19:45:44+00:00
2026,2,401872932,00-0040406,Quentin Skinner,BUF,DET,WR,0.0,0.0,0.0,0.0,0.0,0.0,0.0,0.0,0.0,0.0,0.0,0.0,0.0,0.0,0.0,0.0,0.0,,roster_only,2026-09-15T19:45:44+00:00
2026,2,401872932,00-0041443,Skyler Bell,BUF,DET,WR,0.0,0.0,0.0,0.0,0.0,0.0,-14.7,20.7,6.2,-16.4,46.8,0.0,0.0,0.0,0.0,0.0,0.0,Active,backup,2026-09-15T19:45:44+00:00
2026,2,401872932,00-0040361,Stephen Gosnell,BUF,DET,WR,0.0,0.0,0.0,0.0,0.0,0.0,0.0,0.0,0.0,0.0,0.0,0.0,0.0,0.0,0.0,0.0,0.0,,roster_only,2026-09-15T19:45:44+00:00
2026,2,401872932,00-0034487,Trent Sherfield,BUF,DET,WR,0.0,0.0,0.0,0.0,0.0,0.0,0.0,0.0,0.0,0.0,0.0,0.0,0.0,0.0,0.0,0.0,0.0,,roster_only,2026-09-15T19:45:44+00:00
2026,2,401872932,00-0038679,Tyrell Shavers,BUF,DET,WR,0.0,0.0,0.0,0.0,0.0,0.0,0.0,0.0,0.0,0.0,0.0,0.0,0.0,0.0,0.0,0.0,0.0,Out,backup,2026-09-15T19:45:44+00:00
2026,2,401872932,00-0041454,Aamaris Brown,DET,BUF,DB,0.0,0.0,0.0,0.0,0.0,0.0,0.0,0.0,0.0,0.0,0.0,0.0,0.0,0.0,0.0,0.0,0.0,,roster_only,2026-09-15T19:45:44+00:00
2026,2,401872932,00-0034377,Avonte Maddox,DET,BUF,DB,0.0,0.0,0.0,0.0,0.0,0.0,0.0,0.0,0.0,0.0,0.0,0.0,0.0,0.0,3.8,1.2,7.3,,starter,2026-09-15T19:45:44+00:00
2026,2,401872932,00-0039141,Brian Branch,DET,BUF,DB,0.0,0.0,0.0,0.0,0.0,0.0,0.0,0.0,0.0,0.0,0.0,0.0,0.0,0.0,0.0,0.0,0.0,,backup,2026-09-15T19:45:44+00:00
2026,2,401872932,00-0038820,Christian Izien,DET,BUF,DB,0.0,0.0,0.0,0.0,0.0,0.0,0.0,0.0,0.0,0.0,0.0,0.0,0.0,0.0,3.8,1.1,7.3,Active,backup,2026-09-15T19:45:44+00:00
2026,2,401872932,00-0033294,Chuck Clark,DET,BUF,DB,0.0,0.0,0.0,0.0,0.0,0.0,0.0,0.0,0.0,0.0,0.0,0.0,0.0,0.0,3.6,1.5,6.3,,starter,2026-09-15T19:45:44+00:00
2026,2,401872932,00-0034384,D.J. Reed,DET,BUF,DB,0.0,0.0,0.0,0.0,0.0,0.0,0.0,0.0,0.0,0.0,0.0,0.0,0.0,0.0,4.7,2.0,8.2,Active,starter,2026-09-15T19:45:44+00:00
2026,2,401872932,00-0040233,Dan Jackson,DET,BUF,DB,0.0,0.0,0.0,0.0,0.0,0.0,0.0,0.0,0.0,0.0,0.0,0.0,0.0,0.0,0.0,0.0,0.0,,roster_only,2026-09-15T19:45:44+00:00
2026,2,401872932,00-0038956,Ekow Boye-Doe,DET,BUF,DB,0.0,0.0,0.0,0.0,0.0,0.0,0.0,0.0,0.0,0.0,0.0,0.0,0.0,0.0,0.0,0.0,0.0,,roster_only,2026-09-15T19:45:44+00:00
2026,2,401872932,00-0039862,Ennis Rakestraw Jr.,DET,BUF,DB,0.0,0.0,0.0,0.0,0.0,0.0,0.0,0.0,0.0,0.0,0.0,0.0,0.0,0.0,1.0,0.0,3.5,Active,backup,2026-09-15T19:45:44+00:00
2026,2,401872932,00-0038604,Eric Scott Jr.,DET,BUF,DB,0.0,0.0,0.0,0.0,0.0,0.0,0.0,0.0,0.0,0.0,0.0,0.0,0.0,0.0,0.0,0.0,0.0,,roster_only,2026-09-15T19:45:44+00:00
2026,2,401872932,00-0039060,Jason Taylor II,DET,BUF,DB,0.0,0.0,0.0,0.0,0.0,0.0,0.0,0.0,0.0,0.0,0.0,0.0,0.0,0.0,0.0,0.0,0.0,,roster_only,2026-09-15T19:45:44+00:00
2026,2,401872932,00-0041445,Keith Abney II,DET,BUF,DB,0.0,0.0,0.0,0.0,0.0,0.0,0.0,0.0,0.0,0.0,0.0,0.0,0.0,0.0,3.0,0.2,6.9,,starter,2026-09-15T19:45:44+00:00
2026,2,401872932,00-0037667,Kerby Joseph,DET,BUF,DB,0.0,0.0,0.0,0.0,0.0,0.0,0.0,0.0,0.0,0.0,0.0,0.0,0.0,0.0,0.0,0.0,0.0,,backup,2026-09-15T19:45:44+00:00
2026,2,401872932,00-0036124,Khalil Dorsey,DET,BUF,DB,0.0,0.0,0.0,0.0,0.0,0.0,0.0,0.0,0.0,0.0,0.0,0.0,0.0,0.0,0.8,0.0,3.3,,backup,2026-09-15T19:45:44+00:00
2026,2,401872932,00-0038966,Natrone Brooks,DET,BUF,DB,0.0,0.0,0.0,0.0,0.0,0.0,0.0,0.0,0.0,0.0,0.0,0.0,0.0,0.0,0.0,0.0,0.0,,roster_only,2026-09-15T19:45:44+00:00
2026,2,401872932,00-0038841,Nick Whiteside,DET,BUF,DB,0.0,0.0,0.0,0.0,0.0,0.0,0.0,0.0,0.0,0.0,0.0,0.0,0.0,0.0,0.0,0.0,0.0,,roster_only,2026-09-15T19:45:44+00:00
2026,2,401872932,00-0035637,Rock Ya-Sin,DET,BUF,DB,0.0,0.0,0.0,0.0,0.0,0.0,0.0,0.0,0.0,0.0,0.0,0.0,0.0,0.0,3.7,1.0,7.2,,backup,2026-09-15T19:45:44+00:00
2026,2,401872932,00-0038125,Roger McCreary,DET,BUF,DB,0.0,0.0,0.0,0.0,0.0,0.0,0.0,0.0,0.0,0.0,0.0,0.0,0.0,0.0,3.0,0.9,5.8,,starter,2026-09-15T19:45:44+00:00
2026,2,401872932,00-0039245,Ryan Cooper Jr.,DET,BUF,DB,0.0,0.0,0.0,0.0,0.0,0.0,0.0,0.0,0.0,0.0,0.0,0.0,0.0,0.0,0.0,0.0,0.0,,roster_only,2026-09-15T19:45:44+00:00
2026,2,401872932,00-0039660,Thomas Harper,DET,BUF,DB,0.0,0.0,0.0,0.0,0.0,0.0,0.0,0.0,0.0,0.0,0.0,0.0,0.0,0.0,2.6,0.7,5.1,,backup,2026-09-15T19:45:44+00:00
2026,2,401872932,00-0019730,Anthony Lucas,DET,BUF,DE,0.0,0.0,0.0,0.0,0.0,0.0,0.0,0.0,0.0,0.0,0.0,0.0,0.0,0.0,0.0,0.0,0.0,,roster_only,2026-09-15T19:45:44+00:00
2026,2,401872932,00-0040761,Ahmed Hassanein,DET,BUF,DL,0.0,0.0,0.0,0.0,0.0,0.0,0.0,0.0,0.0,0.0,0.0,0.0,0.0,0.0,1.0,0.0,4.5,Active,backup,2026-09-15T19:45:44+00:00
2026,2,401872932,00-0037236,Aidan Hutchinson,DET,BUF,DL,0.0,0.0,0.0,0.0,0.0,0.0,0.0,0.0,0.0,0.0,0.0,0.0,0.0,0.0,3.1,1.0,5.8,,starter,2026-09-15T19:45:44+00:00
2026,2,401872932,00-0036624,Alim McNeill,DET,BUF,DL,0.0,0.0,0.0,0.0,0.0,0.0,0.0,0.0,0.0,0.0,0.0,0.0,0.0,0.0,1.6,0.0,4.3,,starter,2026-09-15T19:45:44+00:00
2026,2,401872932,00-0041458,Anthony Lucas,DET,BUF,DL,0.0,0.0,0.0,0.0,0.0,0.0,0.0,0.0,0.0,0.0,0.0,0.0,0.0,0.0,0.0,0.0,0.0,,roster_only,2026-09-15T19:45:44+00:00
2026,2,401872932,00-0037356,Ben Stille,DET,BUF,DL,0.0,0.0,0.0,0.0,0.0,0.0,0.0,0.0,0.0,0.0,0.0,0.0,0.0,0.0,1.2,0.0,3.8,,backup,2026-09-15T19:45:44+00:00
2026,2,401872932,00-0038661,Chris Smith,DET,BUF,DL,0.0,0.0,0.0,0.0,0.0,0.0,0.0,0.0,0.0,0.0,0.0,0.0,0.0,0.0,0.0,0.0,0.0,,roster_only,2026-09-15T19:45:44+00:00
2026,2,401872932,00-0041459,Eric O'Neill,DET,BUF,DL,0.0,0.0,0.0,0.0,0.0,0.0,0.0,0.0,0.0,0.0,0.0,0.0,0.0,0.0,1.2,0.0,4.7,,backup,2026-09-15T19:45:44+00:00
2026,2,401872932,00-0036954,Levi Onwuzurike,DET,BUF,DL,0.0,0.0,0.0,0.0,0.0,0.0,0.0,0.0,0.0,0.0,0.0,0.0,0.0,0.0,0.0,0.0,0.0,,roster_only,2026-09-15T19:45:44+00:00
2026,2,401872932,00-0039396,Mekhi Wingo,DET,BUF,DL,0.0,0.0,0.0,0.0,0.0,0.0,0.0,0.0,0.0,0.0,0.0,0.0,0.0,0.0,1.4,0.0,3.9,Active,backup,2026-09-15T19:45:44+00:00
2026,2,401872932,00-0036926,Payton Turner,DET,BUF,DL,0.0,0.0,0.0,0.0,0.0,0.0,0.0,0.0,0.0,0.0,0.0,0.0,0.0,0.0,0.0,0.0,0.0,Injured Reserve,backup,2026-09-15T19:45:44+00:00
2026,2,401872932,00-0041447,Skyler Gill-Howard,DET,BUF,DL,0.0,0.0,0.0,0.0,0.0,0.0,0.0,0.0,0.0,0.0,0.0,0.0,0.0,0.0,1.2,0.0,4.7,,backup,2026-09-15T19:45:44+00:00
2026,2,401872932,00-0040672,Tyleik Williams,DET,BUF,DL,0.0,0.0,0.0,0.0,0.0,0.0,0.0,0.0,0.0,0.0,0.0,0.0,0.0,0.0,1.6,0.0,4.1,,starter,2026-09-15T19:45:44+00:00
2026,2,401872932,00-0038940,Tyler Lacy,DET,BUF,DL,0.0,0.0,0.0,0.0,0.0,0.0,0.0,0.0,0.0,0.0,0.0,0.0,0.0,0.0,1.6,0.0,4.1,,backup,2026-09-15T19:45:44+00:00
2026,2,401872932,00-0041448,Tyre West,DET,BUF,DL,0.0,0.0,0.0,0.0,0.0,0.0,0.0,0.0,0.0,0.0,0.0,0.0,0.0,0.0,0.0,0.0,0.0,,roster_only,2026-09-15T19:45:44+00:00
2026,2,401872932,00-0039172,Jake Bates,DET,BUF,K,0.0,0.0,0.0,0.0,0.0,0.0,0.0,0.0,0.0,0.0,0.0,7.6,2.6,13.5,0.0,0.0,0.0,Active,starter,2026-09-15T19:45:44+00:00
2026,2,401872932,00-0036716,Amen Ogbongbemiga,DET,BUF,LB,0.0,0.0,0.0,0.0,0.0,0.0,0.0,0.0,0.0,0.0,0.0,0.0,0.0,0.0,0.0,0.0,0.0,,roster_only,2026-09-15T19:45:44+00:00
2026,2,401872932,00-0036335,D.J. Wonnum,DET,BUF,LB,0.0,0.0,0.0,0.0,0.0,0.0,0.0,0.0,0.0,0.0,0.0,0.0,0.0,0.0,2.4,0.5,4.9,,starter,2026-09-15T19:45:44+00:00
2026,2,401872932,00-0037281,Damone Clark,DET,BUF,LB,0.0,0.0,0.0,0.0,0.0,0.0,0.0,0.0,0.0,0.0,0.0,0.0,0.0,0.0,0.0,0.0,0.0,,backup,2026-09-15T19:45:44+00:00
2026,2,401872932,00-0036964,Derrick Barnes,DET,BUF,LB,0.0,0.0,0.0,0.0,0.0,0.0,0.0,0.0,0.0,0.0,0.0,0.0,0.0,0.0,5.1,2.1,9.0,,starter,2026-09-15T19:45:44+00:00
2026,2,401872932,00-0041441,Derrick Moore,DET,BUF,LB,0.0,0.0,0.0,0.0,0.0,0.0,0.0,0.0,0.0,0.0,0.0,0.0,0.0,0.0,1.6,0.0,5.1,Active,backup,2026-09-15T19:45:44+00:00
2026,2,401872932,00-0035707,Devin White,DET,BUF,LB,0.0,0.0,0.0,0.0,0.0,0.0,0.0,0.0,0.0,0.0,0.0,0.0,0.0,0.0,6.7,3.8,10.7,,backup,2026-09-15T19:45:44+00:00
2026,2,401872932,00-0039018,Jack Campbell,DET,BUF,LB,0.0,0.0,0.0,0.0,0.0,0.0,0.0,0.0,0.0,0.0,0.0,0.0,0.0,0.0,7.5,5.5,12.4,,starter,2026-09-15T19:45:44+00:00
2026,2,401872932,00-0041442,Jimmy Rolder,DET,BUF,LB,0.0,0.0,0.0,0.0,0.0,0.0,0.0,0.0,0.0,0.0,0.0,0.0,0.0,0.0,1.6,0.0,5.1,Active,backup,2026-09-15T19:45:44+00:00
2026,2,401872932,00-0035895,Joe Bachie,DET,BUF,LB,0.0,0.0,0.0,0.0,0.0,0.0,0.0,0.0,0.0,0.0,0.0,0.0,0.0,0.0,1.1,0.0,3.5,,backup,2026-09-15T19:45:44+00:00
2026,2,401872932,00-0037289,Malcolm Rodriguez,DET,BUF,LB,0.0,0.0,0.0,0.0,0.0,0.0,0.0,0.0,0.0,0.0,0.0,0.0,0.0,0.0,3.0,1.0,5.5,Active,starter,2026-09-15T19:45:44+00:00
2026,2,401872932,00-0038660,Trevor Nowaske,DET,BUF,LB,0.0,0.0,0.0,0.0,0.0,0.0,0.0,0.0,0.0,0.0,0.0,0.0,0.0,0.0,1.2,0.0,3.7,,backup,2026-09-15T19:45:44+00:00
2026,2,401872932,00-0033106,Jared Goff,DET,BUF,QB,252.5,159.0,358.7,1.589,0.8125,3.2,-7.5,18.3,0.0,0.0,0.0,0.0,0.0,0.0,0.0,0.0,0.0,Active,starter,2026-09-15T19:45:44+00:00
2026,2,401872932,00-0033949,Joshua Dobbs,DET,BUF,QB,0.0,0.0,0.0,0.0,0.0,8.4,-4.4,26.4,0.0,0.0,0.0,0.0,0.0,0.0,0.0,0.0,0.0,,backup,2026-09-15T19:45:44+00:00
2026,2,401872932,00-0041453,Luke Altmyer,DET,BUF,QB,0.0,0.0,0.0,0.0,0.0,0.0,0.0,0.0,0.0,0.0,0.0,0.0,0.0,0.0,0.0,0.0,0.0,,roster_only,2026-09-15T19:45:44+00:00
2026,2,401872932,00-0031237,Teddy Bridgewater,DET,BUF,QB,0.0,0.0,0.0,0.0,0.0,5.1,-5.6,20.2,0.0,0.0,0.0,0.0,0.0,0.0,0.0,0.0,0.0,,roster_only,2026-09-15T19:45:44+00:00
2026,2,401872932,00-0037197,Isiah Pacheco,DET,BUF,RB,0.0,0.0,0.0,0.0,0.0,0.0,0.0,0.0,0.0,0.0,0.0,0.0,0.0,0.0,0.0,0.0,0.0,Injured Reserve,backup,2026-09-15T19:45:44+00:00
2026,2,401872932,00-0039652,Jabari Small,DET,BUF,RB,0.0,0.0,0.0,0.0,0.0,0.0,0.0,0.0,0.0,0.0,0.0,0.0,0.0,0.0,0.0,0.0,0.0,,roster_only,2026-09-15T19:45:44+00:00
2026,2,401872932,00-0038896,Jacob Saylors,DET,BUF,RB,0.0,0.0,0.0,0.0,0.0,0.8,-9.9,15.9,0.4,-16.8,29.2,0.0,0.0,0.0,0.0,0.0,0.0,Active,backup,2026-09-15T19:45:44+00:00
2026,2,401872932,00-0039139,Jahmyr Gibbs,DET,BUF,RB,0.0,0.0,0.0,0.0,0.0,65.8,43.8,96.7,34.4,17.2,63.2,0.0,0.0,0.0,0.0,0.0,0.0,Active,starter,2026-09-15T19:45:44+00:00
2026,2,401872932,00-0034440,Justin Jackson,DET,BUF,RB,0.0,0.0,0.0,0.0,0.0,15.0,-15.3,57.5,3.4,-19.3,43.9,0.0,0.0,0.0,0.0,0.0,0.0,,roster_only,2026-09-15T19:45:44+00:00
2026,2,401872932,00-0041572,Roydell Williams,DET,BUF,RB,0.0,0.0,0.0,0.0,0.0,0.0,0.0,0.0,0.0,0.0,0.0,0.0,0.0,0.0,0.0,0.0,0.0,,roster_only,2026-09-15T19:45:44+00:00
2026,2,401872932,00-0039364,Sione Vaki,DET,BUF,RB,0.0,0.0,0.0,0.0,0.0,2.0,-8.7,17.1,1.3,-15.8,30.1,0.0,0.0,0.0,0.0,0.0,0.0,Active,backup,2026-09-15T19:45:44+00:00
2026,2,401872932,00-0036754,Brock Wright,DET,BUF,TE,0.0,0.0,0.0,0.0,0.0,0.0,-10.8,14.9,15.2,-4.5,49.4,0.0,0.0,0.0,0.0,0.0,0.0,,backup,2026-09-15T19:45:44+00:00
2026,2,401872932,00-0040390,Jackson Meeks,DET,BUF,TE,0.0,0.0,0.0,0.0,0.0,0.0,-14.8,20.6,2.5,-20.1,43.1,0.0,0.0,0.0,0.0,0.0,0.0,,backup,2026-09-15T19:45:44+00:00
2026,2,401872932,00-0039065,Sam LaPorta,DET,BUF,TE,0.0,0.0,0.0,0.0,0.0,0.0,-10.8,14.9,43.2,23.5,77.5,0.0,0.0,0.0,0.0,0.0,0.0,Active,starter,2026-09-15T19:45:44+00:00
2026,2,401872932,00-0040697,Thomas Gordon,DET,BUF,TE,0.0,0.0,0.0,0.0,0.0,0.0,0.0,0.0,0.0,0.0,0.0,0.0,0.0,0.0,0.0,0.0,0.0,,roster_only,2026-09-15T19:45:44+00:00
2026,2,401872932,00-0034270,Tyler Conklin,DET,BUF,TE,0.0,0.0,0.0,0.0,0.0,0.0,-10.7,15.0,7.2,-10.0,36.0,0.0,0.0,0.0,0.0,0.0,0.0,,backup,2026-09-15T19:45:44+00:00
2026,2,401872932,00-0040387,Zach Horton,DET,BUF,TE,0.0,0.0,0.0,0.0,0.0,0.0,0.0,0.0,0.0,0.0,0.0,0.0,0.0,0.0,0.0,0.0,0.0,,roster_only,2026-09-15T19:45:44+00:00
2026,2,401872932,00-0036963,Amon-Ra St. Brown,DET,BUF,WR,0.0,0.0,0.0,0.0,0.0,0.0,-10.7,15.1,63.3,36.7,112.5,0.0,0.0,0.0,0.0,0.0,0.0,Active,starter,2026-09-15T19:45:44+00:00
2026,2,401872932,00-0040241,Dominic Lovett,DET,BUF,WR,0.0,0.0,0.0,0.0,0.0,0.0,0.0,0.0,0.0,0.0,0.0,0.0,0.0,0.0,0.0,0.0,0.0,,roster_only,2026-09-15T19:45:44+00:00
2026,2,401872932,00-0040669,Isaac TeSlaa,DET,BUF,WR,0.0,0.0,0.0,0.0,0.0,0.0,-10.8,15.0,17.6,-9.0,66.8,0.0,0.0,0.0,0.0,0.0,0.0,Active,backup,2026-09-15T19:45:44+00:00
2026,2,401872932,00-0037240,Jameson Williams,DET,BUF,WR,0.0,0.0,0.0,0.0,0.0,0.2,-10.5,15.3,48.1,21.5,97.3,0.0,0.0,0.0,0.0,0.0,0.0,Active,backup,2026-09-15T19:45:44+00:00
2026,2,401872932,00-0041446,Kendrick Law,DET,BUF,WR,0.0,0.0,0.0,0.0,0.0,0.0,0.0,0.0,0.0,0.0,0.0,0.0,0.0,0.0,0.0,0.0,0.0,,backup,2026-09-15T19:45:44+00:00
2026,2,401872932,00-0038181,Lucky Jackson,DET,BUF,WR,0.0,0.0,0.0,0.0,0.0,0.0,0.0,0.0,0.0,0.0,0.0,0.0,0.0,0.0,0.0,0.0,0.0,,roster_only,2026-09-15T19:45:44+00:00
2026,2,401872932,00-0038911,Malik Cunningham,DET,BUF,WR,0.0,0.0,0.0,0.0,0.0,0.0,0.0,0.0,0.0,0.0,0.0,0.0,0.0,0.0,0.0,0.0,0.0,,roster_only,2026-09-15T19:45:44+00:00
2026,2,401872932,00-0036491,Tarik Black,DET,BUF,WR,0.0,0.0,0.0,0.0,0.0,0.0,0.0,0.0,0.0,0.0,0.0,0.0,0.0,0.0,0.0,0.0,0.0,,roster_only,2026-09-15T19:45:44+00:00
2026,2,401872932,00-0037524,Tay Martin,DET,BUF,WR,0.0,0.0,0.0,0.0,0.0,0.0,-10.8,15.0,8.4,-8.7,37.3,0.0,0.0,0.0,0.0,0.0,0.0,,backup,2026-09-15T19:45:44+00:00
2026,2,401872932,00-0035544,Tom Kennedy,DET,BUF,WR,0.0,0.0,0.0,0.0,0.0,0.0,-10.8,15.0,1.0,-16.2,29.8,0.0,0.0,0.0,0.0,0.0,0.0,Active,backup,2026-09-15T19:45:44+00:00
2026,2,401872933,00-0036285,A.J. Terrell,ATL,CAR,DB,0.0,0.0,0.0,0.0,0.0,0.0,0.0,0.0,0.0,0.0,0.0,0.0,0.0,0.0,4.1,1.4,7.5,,starter,2026-09-15T19:45:44+00:00
2026,2,401872933,00-0039685,A.J. Woods,ATL,CAR,DB,0.0,0.0,0.0,0.0,0.0,0.0,0.0,0.0,0.0,0.0,0.0,0.0,0.0,0.0,0.0,0.0,0.0,,roster_only,2026-09-15T19:45:44+00:00
2026,2,401872933,00-0041469,Avieon Terrell,ATL,CAR,DB,0.0,0.0,0.0,0.0,0.0,0.0,0.0,0.0,0.0,0.0,0.0,0.0,0.0,0.0,2.0,0.0,5.9,,backup,2026-09-15T19:45:44+00:00
2026,2,401872933,00-0040156,Billy Bowman Jr.,ATL,CAR,DB,0.0,0.0,0.0,0.0,0.0,0.0,0.0,0.0,0.0,0.0,0.0,0.0,0.0,0.0,0.0,0.0,0.0,Out,starter,2026-09-15T19:45:44+00:00
2026,2,401872933,00-0036281,C.J. Henderson,ATL,CAR,DB,0.0,0.0,0.0,0.0,0.0,0.0,0.0,0.0,0.0,0.0,0.0,0.0,0.0,0.0,3.7,1.5,6.4,,backup,2026-09-15T19:45:44+00:00
2026,2,401872933,00-0040546,Cobee Bryant,ATL,CAR,DB,0.0,0.0,0.0,0.0,0.0,0.0,0.0,0.0,0.0,0.0,0.0,0.0,0.0,0.0,0.0,0.0,0.0,,roster_only,2026-09-15T19:45:44+00:00
2026,2,401872933,00-0036394,Darnay Holmes,ATL,CAR,DB,0.0,0.0,0.0,0.0,0.0,0.0,0.0,0.0,0.0,0.0,0.0,0.0,0.0,0.0,0.0,0.0,0.0,,roster_only,2026-09-15T19:45:44+00:00
2026,2,401872933,00-0036956,Darren Hall,ATL,CAR,DB,0.0,0.0,0.0,0.0,0.0,0.0,0.0,0.0,0.0,0.0,0.0,0.0,0.0,0.0,0.0,0.0,0.0,,roster_only,2026-09-15T19:45:44+00:00
2026,2,401872933,00-0038628,DeMarcco Hellams,ATL,CAR,DB,0.0,0.0,0.0,0.0,0.0,0.0,0.0,0.0,0.0,0.0,0.0,0.0,0.0,0.0,0.9,0.0,3.3,,backup,2026-09-15T19:45:44+00:00
2026,2,401872933,00-0038587,Jammie Robinson,ATL,CAR,DB,0.0,0.0,0.0,0.0,0.0,0.0,0.0,0.0,0.0,0.0,0.0,0.0,0.0,0.0,0.0,0.0,0.0,,roster_only,2026-09-15T19:45:44+00:00
2026,2,401872933,00-0034675,Jessie Bates,ATL,CAR,DB,0.0,0.0,0.0,0.0,0.0,0.0,0.0,0.0,0.0,0.0,0.0,0.0,0.0,0.0,5.6,2.9,9.0,,starter,2026-09-15T19:45:44+00:00
2026,2,401872933,00-0041188,Malcolm DeWalt IV,ATL,CAR,DB,0.0,0.0,0.0,0.0,0.0,0.0,0.0,0.0,0.0,0.0,0.0,0.0,0.0,0.0,2.0,0.0,5.9,Active,backup,2026-09-15T19:45:44+00:00
2026,2,401872933,00-0034639,Mike Ford,ATL,CAR,DB,0.0,0.0,0.0,0.0,0.0,0.0,0.0,0.0,0.0,0.0,0.0,0.0,0.0,0.0,0.8,0.0,3.2,,backup,2026-09-15T19:45:44+00:00
2026,2,401872933,00-0034843,Mike Hughes,ATL,CAR,DB,0.0,0.0,0.0,0.0,0.0,0.0,0.0,0.0,0.0,0.0,0.0,0.0,0.0,0.0,2.5,0.0,6.1,,starter,2026-09-15T19:45:44+00:00
2026,2,401872933,00-0039002,Sydney Brown,ATL,CAR,DB,0.0,0.0,0.0,0.0,0.0,0.0,0.0,0.0,0.0,0.0,0.0,0.0,0.0,0.0,1.2,0.0,3.8,,backup,2026-09-15T19:45:44+00:00
2026,2,401872933,00-0040148,Xavier Watts,ATL,CAR,DB,0.0,0.0,0.0,0.0,0.0,0.0,0.0,0.0,0.0,0.0,0.0,0.0,0.0,0.0,5.2,2.5,8.7,,starter,2026-09-15T19:45:44+00:00
2026,2,401872933,00-0041484,Anterio Thompson,ATL,CAR,DL,0.0,0.0,0.0,0.0,0.0,0.0,0.0,0.0,0.0,0.0,0.0,0.0,0.0,0.0,0.0,0.0,0.0,,backup,2026-09-15T19:45:44+00:00
2026,2,401872933,00-0039859,Brandon Dorlus,ATL,CAR,DL,0.0,0.0,0.0,0.0,0.0,0.0,0.0,0.0,0.0,0.0,0.0,0.0,0.0,0.0,1.4,0.0,3.9,Active,starter,2026-09-15T19:45:44+00:00
2026,2,401872933,00-0036850,Cameron Sample,ATL,CAR,DL,0.0,0.0,0.0,0.0,0.0,0.0,0.0,0.0,0.0,0.0,0.0,0.0,0.0,0.0,0.0,0.0,0.0,,roster_only,2026-09-15T19:45:44+00:00
2026,2,401872933,00-0037815,Cameron Thomas,ATL,CAR,DL,0.0,0.0,0.0,0.0,0.0,0.0,0.0,0.0,0.0,0.0,0.0,0.0,0.0,0.0,1.4,0.0,3.9,,backup,2026-09-15T19:45:44+00:00
2026,2,401872933,00-0041184,Carlos Allen Jr.,ATL,CAR,DL,0.0,0.0,0.0,0.0,0.0,0.0,0.0,0.0,0.0,0.0,0.0,0.0,0.0,0.0,0.0,0.0,0.0,,roster_only,2026-09-15T19:45:44+00:00
2026,2,401872933,00-0034371,Da'Shawn Hand,ATL,CAR,DL,0.0,0.0,0.0,0.0,0.0,0.0,0.0,0.0,0.0,0.0,0.0,0.0,0.0,0.0,0.0,0.0,0.0,Out,backup,2026-09-15T19:45:44+00:00
2026,2,401872933,00-0038893,Devonnsha Maxwell,ATL,CAR,DL,0.0,0.0,0.0,0.0,0.0,0.0,0.0,0.0,0.0,0.0,0.0,0.0,0.0,0.0,0.0,0.0,0.0,,roster_only,2026-09-15T19:45:44+00:00
2026,2,401872933,00-0039070,Gervon Dexter Sr.,ATL,CAR,DL,0.0,0.0,0.0,0.0,0.0,0.0,0.0,0.0,0.0,0.0,0.0,0.0,0.0,0.0,2.5,0.5,4.9,,starter,2026-09-15T19:45:44+00:00
2026,2,401872933,00-0040056,Jared Ivey,ATL,CAR,DL,0.0,0.0,0.0,0.0,0.0,0.0,0.0,0.0,0.0,0.0,0.0,0.0,0.0,0.0,0.7,0.0,4.2,,backup,2026-09-15T19:45:44+00:00
2026,2,401872933,00-0038462,Keshawn Banks,ATL,CAR,DL,0.0,0.0,0.0,0.0,0.0,0.0,0.0,0.0,0.0,0.0,0.0,0.0,0.0,0.0,0.0,0.0,0.0,,roster_only,2026-09-15T19:45:44+00:00
2026,2,401872933,00-0036204,LaCale London,ATL,CAR,DL,0.0,0.0,0.0,0.0,0.0,0.0,0.0,0.0,0.0,0.0,0.0,0.0,0.0,0.0,2.0,0.1,4.5,,starter,2026-09-15T19:45:44+00:00
2026,2,401872933,00-0039889,Maason Smith,ATL,CAR,DL,0.0,0.0,0.0,0.0,0.0,0.0,0.0,0.0,0.0,0.0,0.0,0.0,0.0,0.0,1.3,0.0,3.8,,backup,2026-09-15T19:45:44+00:00
2026,2,401872933,00-0033945,Samson Ebukam,ATL,CAR,DL,0.0,0.0,0.0,0.0,0.0,0.0,0.0,0.0,0.0,0.0,0.0,0.0,0.0,0.0,1.9,0.0,4.4,,starter,2026-09-15T19:45:44+00:00
2026,2,401872933,00-0038937,Zacch Pickens,ATL,CAR,DL,0.0,0.0,0.0,0.0,0.0,0.0,0.0,0.0,0.0,0.0,0.0,0.0,0.0,0.0,0.0,0.0,0.0,,roster_only,2026-09-15T19:45:44+00:00
2026,2,401872933,00-0038980,Zach Harrison,ATL,CAR,DL,0.0,0.0,0.0,0.0,0.0,0.0,0.0,0.0,0.0,0.0,0.0,0.0,0.0,0.0,0.0,0.0,0.0,,roster_only,2026-09-15T19:45:44+00:00
2026,2,401872933,00-0025565,Nick Folk,ATL,CAR,K,0.0,0.0,0.0,0.0,0.0,0.0,0.0,0.0,0.0,0.0,0.0,7.2,2.5,12.7,0.0,0.0,0.0,Active,starter,2026-09-15T19:45:44+00:00
2026,2,401872933,00-0039837,Bralen Trice,ATL,CAR,LB,0.0,0.0,0.0,0.0,0.0,0.0,0.0,0.0,0.0,0.0,0.0,0.0,0.0,0.0,1.1,0.0,4.6,,backup,2026-09-15T19:45:44+00:00
2026,2,401872933,00-0037823,Christian Harris,ATL,CAR,LB,0.0,0.0,0.0,0.0,0.0,0.0,0.0,0.0,0.0,0.0,0.0,0.0,0.0,0.0,0.0,0.0,0.0,Active,roster_only,2026-09-15T19:45:44+00:00
2026,2,401872933,00-0041409,Daveren Rayner,ATL,CAR,LB,0.0,0.0,0.0,0.0,0.0,0.0,0.0,0.0,0.0,0.0,0.0,0.0,0.0,0.0,0.0,0.0,0.0,,roster_only,2026-09-15T19:45:44+00:00
2026,2,401872933,00-0037808,DeAngelo Malone,ATL,CAR,LB,0.0,0.0,0.0,0.0,0.0,0.0,0.0,0.0,0.0,0.0,0.0,0.0,0.0,0.0,0.0,0.0,0.0,,backup,2026-09-15T19:45:44+00:00
2026,2,401872933,00-0036990,Divine Deablo,ATL,CAR,LB,0.0,0.0,0.0,0.0,0.0,0.0,0.0,0.0,0.0,0.0,0.0,0.0,0.0,0.0,6.2,3.2,10.2,,recent_defensive_participant,2026-09-15T19:45:44+00:00
2026,2,401872933,00-0041112,Harold Perkins Jr.,ATL,CAR,LB,0.0,0.0,0.0,0.0,0.0,0.0,0.0,0.0,0.0,0.0,0.0,0.0,0.0,0.0,1.3,0.0,4.9,,recent_defensive_participant,2026-09-15T19:45:44+00:00
2026,2,401872933,00-0039370,JD Bertrand,ATL,CAR,LB,0.0,0.0,0.0,0.0,0.0,0.0,0.0,0.0,0.0,0.0,0.0,0.0,0.0,0.0,0.0,0.0,0.0,,roster_only,2026-09-15T19:45:44+00:00
2026,2,401872933,00-0040577,Jalon Walker,ATL,CAR,LB,0.0,0.0,0.0,0.0,0.0,0.0,0.0,0.0,0.0,0.0,0.0,0.0,0.0,0.0,0.0,0.0,0.0,,backup,2026-09-15T19:45:44+00:00
2026,2,401872933,00-0040578,James Pearce Jr.,ATL,CAR,LB,0.0,0.0,0.0,0.0,0.0,0.0,0.0,0.0,0.0,0.0,0.0,0.0,0.0,0.0,0.0,0.0,0.0,,backup,2026-09-15T19:45:44+00:00
2026,2,401872933,00-0034801,Josh Woods,ATL,CAR,LB,0.0,0.0,0.0,0.0,0.0,0.0,0.0,0.0,0.0,0.0,0.0,0.0,0.0,0.0,0.0,0.0,0.0,,roster_only,2026-09-15T19:45:44+00:00
2026,2,401872933,00-0041066,Kendal Daniels,ATL,CAR,LB,0.0,0.0,0.0,0.0,0.0,0.0,0.0,0.0,0.0,0.0,0.0,0.0,0.0,0.0,1.3,0.0,4.9,Active,recent_defensive_participant,2026-09-15T19:45:44+00:00
2026,2,401872933,00-0040554,Malik Verdon,ATL,CAR,LB,0.0,0.0,0.0,0.0,0.0,0.0,0.0,0.0,0.0,0.0,0.0,0.0,0.0,0.0,0.0,0.0,0.0,,roster_only,2026-09-15T19:45:44+00:00
2026,2,401872933,00-0038580,Yasir Abdullah,ATL,CAR,LB,0.0,0.0,0.0,0.0,0.0,0.0,0.0,0.0,0.0,0.0,0.0,0.0,0.0,0.0,0.8,0.0,3.2,,backup,2026-09-15T19:45:44+00:00
2026,2,401872933,00-0031576,Za'Darius Smith,ATL,CAR,LB,0.0,0.0,0.0,0.0,0.0,0.0,0.0,0.0,0.0,0.0,0.0,0.0,0.0,0.0,1.8,0.0,4.3,Active,starter,2026-09-15T19:45:44+00:00
2026,2,401872933,00-0033662,Cooper Rush,ATL,CAR,QB,149.6,42.1,271.7,0.669,0.4662400792126802,4.1,-10.4,24.5,0.0,0.0,0.0,0.0,0.0,0.0,0.0,0.0,0.0,Active,backup,2026-09-15T19:45:44+00:00
2026,2,401872933,00-0041194,Jack Strand,ATL,CAR,QB,0.0,0.0,0.0,0.0,0.0,9.2,-8.3,33.9,0.0,0.0,0.0,0.0,0.0,0.0,0.0,0.0,0.0,Active,backup,2026-09-15T19:45:44+00:00
2026,2,401872933,00-0039917,Michael Penix Jr.,ATL,CAR,QB,0.0,0.0,0.0,0.0,0.0,0.0,0.0,0.0,0.0,0.0,0.0,0.0,0.0,0.0,0.0,0.0,0.0,Out,starter,2026-09-15T19:45:44+00:00
2026,2,401872933,00-0036212,Tua Tagovailoa,ATL,CAR,QB,0.0,0.0,0.0,0.0,0.0,0.0,0.0,0.0,0.0,0.0,0.0,0.0,0.0,0.0,0.0,0.0,0.0,Out,backup,2026-09-15T19:45:44+00:00
2026,2,401872933,00-0038542,Bijan Robinson,ATL,CAR,RB,0.0,0.0,0.0,0.0,0.0,88.2,66.1,119.1,38.9,21.7,67.7,0.0,0.0,0.0,0.0,0.0,0.0,Active,starter,2026-09-15T19:45:44+00:00
2026,2,401872933,00-0037746,Brian Robinson,ATL,CAR,RB,0.0,0.0,0.0,0.0,0.0,23.8,1.8,54.8,3.3,-13.9,32.1,0.0,0.0,0.0,0.0,0.0,0.0,Active,backup,2026-09-15T19:45:44+00:00
2026,2,401872933,00-0041191,Cash Jones,ATL,CAR,RB,0.0,0.0,0.0,0.0,0.0,0.0,0.0,0.0,0.0,0.0,0.0,0.0,0.0,0.0,0.0,0.0,0.0,,roster_only,2026-09-15T19:45:44+00:00
2026,2,401872933,00-0036984,Trey Sermon,ATL,CAR,RB,0.0,0.0,0.0,0.0,0.0,0.0,0.0,0.0,0.0,0.0,0.0,0.0,0.0,0.0,0.0,0.0,0.0,Injured Reserve,backup,2026-09-15T19:45:44+00:00
2026,2,401872933,00-0037120,Tyler Goodson,ATL,CAR,RB,0.0,0.0,0.0,0.0,0.0,0.0,0.0,0.0,0.0,0.0,0.0,0.0,0.0,0.0,0.0,0.0,0.0,,roster_only,2026-09-15T19:45:44+00:00
2026,2,401872933,00-0032392,Austin Hooper,ATL,CAR,TE,0.0,0.0,0.0,0.0,0.0,0.0,-10.8,14.9,13.7,-3.5,42.5,0.0,0.0,0.0,0.0,0.0,0.0,,backup,2026-09-15T19:45:44+00:00
2026,2,401872933,00-0036429,Charlie Woerner,ATL,CAR,TE,0.0,0.0,0.0,0.0,0.0,0.0,-10.8,14.9,7.6,-9.6,36.4,0.0,0.0,0.0,0.0,0.0,0.0,,backup,2026-09-15T19:45:44+00:00
2026,2,401872933,00-0041195,Jack Velling,ATL,CAR,TE,0.0,0.0,0.0,0.0,0.0,0.0,0.0,0.0,0.0,0.0,0.0,0.0,0.0,0.0,0.0,0.0,0.0,,roster_only,2026-09-15T19:45:44+00:00
2026,2,401872933,00-0036970,Kyle Pitts,ATL,CAR,TE,0.0,0.0,0.0,0.0,0.0,0.0,-10.8,14.9,45.8,26.1,80.0,0.0,0.0,0.0,0.0,0.0,0.0,Active,starter,2026-09-15T19:45:44+00:00
2026,2,401872933,00-0037317,Nick Muse,ATL,CAR,TE,0.0,0.0,0.0,0.0,0.0,0.0,-11.8,16.5,5.3,-13.3,37.3,0.0,0.0,0.0,0.0,0.0,0.0,,roster_only,2026-09-15T19:45:44+00:00
2026,2,401872933,00-0040438,Antwane Wells Jr.,ATL,CAR,WR,0.0,0.0,0.0,0.0,0.0,0.0,0.0,0.0,0.0,0.0,0.0,0.0,0.0,0.0,0.0,0.0,0.0,,roster_only,2026-09-15T19:45:44+00:00
2026,2,401872933,00-0040432,Beaux Collins,ATL,CAR,WR,0.0,0.0,0.0,0.0,0.0,0.0,0.0,0.0,0.0,0.0,0.0,0.0,0.0,0.0,0.0,0.0,0.0,,backup,2026-09-15T19:45:44+00:00
2026,2,401872933,00-0036463,Chris Blair,ATL,CAR,WR,0.0,0.0,0.0,0.0,0.0,0.0,-11.9,16.5,0.6,-18.1,32.5,0.0,0.0,0.0,0.0,0.0,0.0,,backup,2026-09-15T19:45:44+00:00
2026,2,401872933,00-0037238,Drake London,ATL,CAR,WR,0.0,0.0,0.0,0.0,0.0,1.2,-9.5,16.3,54.8,28.1,104.0,0.0,0.0,0.0,0.0,0.0,0.0,Active,starter,2026-09-15T19:45:44+00:00
2026,2,401872933,00-0038953,Dylan Drummond,ATL,CAR,WR,0.0,0.0,0.0,0.0,0.0,0.0,0.0,0.0,0.0,0.0,0.0,0.0,0.0,0.0,0.0,0.0,0.0,,roster_only,2026-09-15T19:45:44+00:00
2026,2,401872933,00-0037741,Jahan Dotson,ATL,CAR,WR,0.0,0.0,0.0,0.0,0.0,0.0,-10.8,15.0,13.9,-3.3,42.7,0.0,0.0,0.0,0.0,0.0,0.0,Active,backup,2026-09-15T19:45:44+00:00
2026,2,401872933,00-0041266,Keelan Marion,ATL,CAR,WR,0.0,0.0,0.0,0.0,0.0,0.0,0.0,0.0,0.0,0.0,0.0,0.0,0.0,0.0,0.0,0.0,0.0,,roster_only,2026-09-15T19:45:44+00:00
2026,2,401872933,00-0035208,Olamide Zaccheaus,ATL,CAR,WR,0.0,0.0,0.0,0.0,0.0,0.0,-10.8,15.0,20.7,3.5,49.5,0.0,0.0,0.0,0.0,0.0,0.0,Active,backup,2026-09-15T19:45:44+00:00
2026,2,401872933,00-0041185,Vinny Anthony II,ATL,CAR,WR,0.0,0.0,0.0,0.0,0.0,0.0,0.0,0.0,0.0,0.0,0.0,0.0,0.0,0.0,0.0,0.0,0.0,,roster_only,2026-09-15T19:45:44+00:00
2026,2,401872933,00-0041044,Zachariah Branch,ATL,CAR,WR,0.0,0.0,0.0,0.0,0.0,0.0,-14.8,20.6,5.6,-17.0,46.2,0.0,0.0,0.0,0.0,0.0,0.0,Active,backup,2026-09-15T19:45:44+00:00
2026,2,401872933,00-0038101,Akayleb Evans,CAR,ATL,DB,0.0,0.0,0.0,0.0,0.0,0.0,0.0,0.0,0.0,0.0,0.0,0.0,0.0,0.0,0.8,0.0,3.3,Active,backup,2026-09-15T19:45:44+00:00
2026,2,401872933,00-0041150,Cam Miller,CAR,ATL,DB,0.0,0.0,0.0,0.0,0.0,0.0,0.0,0.0,0.0,0.0,0.0,0.0,0.0,0.0,0.0,0.0,0.0,,roster_only,2026-09-15T19:45:44+00:00
2026,2,401872933,00-0039380,Chau Smith-Wade,CAR,ATL,DB,0.0,0.0,0.0,0.0,0.0,0.0,0.0,0.0,0.0,0.0,0.0,0.0,0.0,0.0,3.8,1.1,7.3,,starter,2026-09-15T19:45:44+00:00
2026,2,401872933,00-0040296,Corey Thornton,CAR,ATL,DB,0.0,0.0,0.0,0.0,0.0,0.0,0.0,0.0,0.0,0.0,0.0,0.0,0.0,0.0,0.0,0.0,0.0,,roster_only,2026-09-15T19:45:44+00:00
2026,2,401872933,00-0041283,DeCarlos Nicholson,CAR,ATL,DB,0.0,0.0,0.0,0.0,0.0,0.0,0.0,0.0,0.0,0.0,0.0,0.0,0.0,0.0,0.0,0.0,0.0,,roster_only,2026-09-15T19:45:44+00:00
2026,2,401872933,00-0039601,Demani Richardson,CAR,ATL,DB,0.0,0.0,0.0,0.0,0.0,0.0,0.0,0.0,0.0,0.0,0.0,0.0,0.0,0.0,0.0,0.0,0.0,,roster_only,2026-09-15T19:45:44+00:00
2026,2,401872933,00-0041153,Devonta Smith,CAR,ATL,DB,0.0,0.0,0.0,0.0,0.0,0.0,0.0,0.0,0.0,0.0,0.0,0.0,0.0,0.0,0.0,0.0,0.0,,roster_only,2026-09-15T19:45:44+00:00
2026,2,401872933,00-0036356,Isaiah Simmons,CAR,ATL,DB,0.0,0.0,0.0,0.0,0.0,0.0,0.0,0.0,0.0,0.0,0.0,0.0,0.0,0.0,0.0,0.0,0.0,,roster_only,2026-09-15T19:45:44+00:00
2026,2,401872933,00-0036944,Jaycee Horn,CAR,ATL,DB,0.0,0.0,0.0,0.0,0.0,0.0,0.0,0.0,0.0,0.0,0.0,0.0,0.0,0.0,3.7,1.0,7.2,,starter,2026-09-15T19:45:44+00:00
2026,2,401872933,00-0040159,Lathan Ransom,CAR,ATL,DB,0.0,0.0,0.0,0.0,0.0,0.0,0.0,0.0,0.0,0.0,0.0,0.0,0.0,0.0,1.8,0.0,4.6,,backup,2026-09-15T19:45:44+00:00
2026,2,401872933,00-0035277,Mike Jackson,CAR,ATL,DB,0.0,0.0,0.0,0.0,0.0,0.0,0.0,0.0,0.0,0.0,0.0,0.0,0.0,0.0,3.9,1.2,7.4,,starter,2026-09-15T19:45:44+00:00
2026,2,401872933,00-0035669,Nick Scott,CAR,ATL,DB,0.0,0.0,0.0,0.0,0.0,0.0,0.0,0.0,0.0,0.0,0.0,0.0,0.0,0.0,5.1,2.4,8.5,,starter,2026-09-15T19:45:44+00:00
2026,2,401872933,00-0036962,Tre'von Moehrig,CAR,ATL,DB,0.0,0.0,0.0,0.0,0.0,0.0,0.0,0.0,0.0,0.0,0.0,0.0,0.0,0.0,5.3,2.6,8.7,,starter,2026-09-15T19:45:44+00:00
2026,2,401872933,00-0039586,Tyrek Funderburk,CAR,ATL,DB,0.0,0.0,0.0,0.0,0.0,0.0,0.0,0.0,0.0,0.0,0.0,0.0,0.0,0.0,0.0,0.0,0.0,,roster_only,2026-09-15T19:45:44+00:00
2026,2,401872933,00-0041063,Will Lee III,CAR,ATL,DB,0.0,0.0,0.0,0.0,0.0,0.0,0.0,0.0,0.0,0.0,0.0,0.0,0.0,0.0,2.2,0.0,6.1,,backup,2026-09-15T19:45:44+00:00
2026,2,401872933,00-0041076,Zakee Wheatley,CAR,ATL,DB,0.0,0.0,0.0,0.0,0.0,0.0,0.0,0.0,0.0,0.0,0.0,0.0,0.0,0.0,2.2,0.0,6.1,Active,backup,2026-09-15T19:45:44+00:00
2026,2,401872933,00-0040044,Zion Childress,CAR,ATL,DB,0.0,0.0,0.0,0.0,0.0,0.0,0.0,0.0,0.0,0.0,0.0,0.0,0.0,0.0,0.0,0.0,0.0,,roster_only,2026-09-15T19:45:44+00:00
2026,2,401872933,00-0041148,Aaron Hall,CAR,ATL,DL,0.0,0.0,0.0,0.0,0.0,0.0,0.0,0.0,0.0,0.0,0.0,0.0,0.0,0.0,1.2,0.0,4.7,,backup,2026-09-15T19:45:44+00:00
2026,2,401872933,00-0039783,Anthony Goodlow,CAR,ATL,DL,0.0,0.0,0.0,0.0,0.0,0.0,0.0,0.0,0.0,0.0,0.0,0.0,0.0,0.0,0.0,0.0,0.0,,roster_only,2026-09-15T19:45:44+00:00
2026,2,401872933,00-0036903,Bobby Brown III,CAR,ATL,DL,0.0,0.0,0.0,0.0,0.0,0.0,0.0,0.0,0.0,0.0,0.0,0.0,0.0,0.0,2.3,0.3,4.8,Active,starter,2026-09-15T19:45:44+00:00
2026,2,401872933,00-0040174,Cam Jackson,CAR,ATL,DL,0.0,0.0,0.0,0.0,0.0,0.0,0.0,0.0,0.0,0.0,0.0,0.0,0.0,0.0,1.2,0.0,3.9,Active,backup,2026-09-15T19:45:44+00:00
2026,2,401872933,00-0036220,Derrick Brown,CAR,ATL,DL,0.0,0.0,0.0,0.0,0.0,0.0,0.0,0.0,0.0,0.0,0.0,0.0,0.0,0.0,3.4,1.3,6.2,Active,starter,2026-09-15T19:45:44+00:00
2026,2,401872933,00-0039946,Kyon Barrs,CAR,ATL,DL,0.0,0.0,0.0,0.0,0.0,0.0,0.0,0.0,0.0,0.0,0.0,0.0,0.0,0.0,0.0,0.0,0.0,,roster_only,2026-09-15T19:45:44+00:00
2026,2,401872933,00-0037203,LaBryan Ray,CAR,ATL,DL,0.0,0.0,0.0,0.0,0.0,0.0,0.0,0.0,0.0,0.0,0.0,0.0,0.0,0.0,0.0,0.0,0.0,,roster_only,2026-09-15T19:45:44+00:00
2026,2,401872933,00-0041478,Lee Hunter,CAR,ATL,DL,0.0,0.0,0.0,0.0,0.0,0.0,0.0,0.0,0.0,0.0,0.0,0.0,0.0,0.0,1.4,0.0,4.9,,starter,2026-09-15T19:45:44+00:00
2026,2,401872933,00-0041151,Parker Petersen,CAR,ATL,DL,0.0,0.0,0.0,0.0,0.0,0.0,0.0,0.0,0.0,0.0,0.0,0.0,0.0,0.0,0.0,0.0,0.0,,roster_only,2026-09-15T19:45:44+00:00
2026,2,401872933,00-0040458,TeRah Edwards,CAR,ATL,DL,0.0,0.0,0.0,0.0,0.0,0.0,0.0,0.0,0.0,0.0,0.0,0.0,0.0,0.0,1.1,0.0,4.6,,backup,2026-09-15T19:45:44+00:00
2026,2,401872933,00-0035890,Tershawn Wharton,CAR,ATL,DL,0.0,0.0,0.0,0.0,0.0,0.0,0.0,0.0,0.0,0.0,0.0,0.0,0.0,0.0,0.0,0.0,0.0,,backup,2026-09-15T19:45:44+00:00
2026,2,401872933,00-0041487,Tywone Malone,CAR,ATL,DL,0.0,0.0,0.0,0.0,0.0,0.0,0.0,0.0,0.0,0.0,0.0,0.0,0.0,0.0,0.0,0.0,0.0,,roster_only,2026-09-15T19:45:44+00:00
2026,2,401872933,00-0040279,Ryan Fitzgerald,CAR,ATL,K,0.0,0.0,0.0,0.0,0.0,0.0,0.0,0.0,0.0,0.0,0.0,6.9,2.2,12.3,0.0,0.0,0.0,Active,starter,2026-09-15T19:45:44+00:00
2026,2,401872933,00-0040289,Bam Martin-Scott,CAR,ATL,LB,0.0,0.0,0.0,0.0,0.0,0.0,0.0,0.0,0.0,0.0,0.0,0.0,0.0,0.0,0.0,0.0,0.0,,roster_only,2026-09-15T19:45:44+00:00
2026,2,401872933,00-0035687,Bobby Okereke,CAR,ATL,LB,0.0,0.0,0.0,0.0,0.0,0.0,0.0,0.0,0.0,0.0,0.0,0.0,0.0,0.0,7.0,4.4,11.4,,recent_defensive_participant,2026-09-15T19:45:44+00:00
2026,2,401872933,00-0036045,Cam Gill,CAR,ATL,LB,0.0,0.0,0.0,0.0,0.0,0.0,0.0,0.0,0.0,0.0,0.0,0.0,0.0,0.0,0.0,0.0,0.0,,roster_only,2026-09-15T19:45:44+00:00
2026,2,401872933,00-0038493,Claudin Cherelus,CAR,ATL,LB,0.0,0.0,0.0,0.0,0.0,0.0,0.0,0.0,0.0,0.0,0.0,0.0,0.0,0.0,4.1,2.0,6.5,,recent_defensive_participant,2026-09-15T19:45:44+00:00
2026,2,401872933,00-0037244,Devin Lloyd,CAR,ATL,LB,0.0,0.0,0.0,0.0,0.0,0.0,0.0,0.0,0.0,0.0,0.0,0.0,0.0,0.0,5.2,2.2,9.2,Active,recent_defensive_participant,2026-09-15T19:45:44+00:00
2026,2,401872933,00-0041154,Isaiah Smith,CAR,ATL,LB,0.0,0.0,0.0,0.0,0.0,0.0,0.0,0.0,0.0,0.0,0.0,0.0,0.0,0.0,0.0,0.0,0.0,,roster_only,2026-09-15T19:45:44+00:00
2026,2,401872933,00-0041119,Jackson Kuwatch,CAR,ATL,LB,0.0,0.0,0.0,0.0,0.0,0.0,0.0,0.0,0.0,0.0,0.0,0.0,0.0,0.0,0.0,0.0,0.0,,roster_only,2026-09-15T19:45:44+00:00
2026,2,401872933,00-0036934,Jaelan Phillips,CAR,ATL,LB,0.0,0.0,0.0,0.0,0.0,0.0,0.0,0.0,0.0,0.0,0.0,0.0,0.0,0.0,3.3,0.3,7.3,Active,starter,2026-09-15T19:45:44+00:00
2026,2,401872933,00-0037179,Jeremiah Moon,CAR,ATL,LB,0.0,0.0,0.0,0.0,0.0,0.0,0.0,0.0,0.0,0.0,0.0,0.0,0.0,0.0,0.7,0.0,3.2,,backup,2026-09-15T19:45:44+00:00
2026,2,401872933,00-0039637,Maema Njongmeta,CAR,ATL,LB,0.0,0.0,0.0,0.0,0.0,0.0,0.0,0.0,0.0,0.0,0.0,0.0,0.0,0.0,0.0,0.0,0.0,,roster_only,2026-09-15T19:45:44+00:00
2026,2,401872933,00-0040763,Mapalo Mwansa,CAR,ATL,LB,0.0,0.0,0.0,0.0,0.0,0.0,0.0,0.0,0.0,0.0,0.0,0.0,0.0,0.0,0.0,0.0,0.0,,roster_only,2026-09-15T19:45:44+00:00
2026,2,401872933,00-0040746,Nic Scourton,CAR,ATL,LB,0.0,0.0,0.0,0.0,0.0,0.0,0.0,0.0,0.0,0.0,0.0,0.0,0.0,0.0,0.0,0.0,0.0,,backup,2026-09-15T19:45:44+00:00
2026,2,401872933,00-0037007,Patrick Jones II,CAR,ATL,LB,0.0,0.0,0.0,0.0,0.0,0.0,0.0,0.0,0.0,0.0,0.0,0.0,0.0,0.0,0.0,0.0,0.0,Out,starter,2026-09-15T19:45:44+00:00
2026,2,401872933,00-0040136,Princely Umanmielen,CAR,ATL,LB,0.0,0.0,0.0,0.0,0.0,0.0,0.0,0.0,0.0,0.0,0.0,0.0,0.0,0.0,1.8,0.0,4.2,Active,backup,2026-09-15T19:45:44+00:00
2026,2,401872933,00-0038791,Thomas Incoom,CAR,ATL,LB,0.0,0.0,0.0,0.0,0.0,0.0,0.0,0.0,0.0,0.0,0.0,0.0,0.0,0.0,0.9,0.0,3.3,,backup,2026-09-15T19:45:44+00:00
2026,2,401872933,00-0036305,Trevis Gipson,CAR,ATL,LB,0.0,0.0,0.0,0.0,0.0,0.0,0.0,0.0,0.0,0.0,0.0,0.0,0.0,0.0,1.7,0.0,4.1,,backup,2026-09-15T19:45:44+00:00
2026,2,401872933,00-0035352,Tyrel Dodson,CAR,ATL,LB,0.0,0.0,0.0,0.0,0.0,0.0,0.0,0.0,0.0,0.0,0.0,0.0,0.0,0.0,0.0,0.0,0.0,Active,roster_only,2026-09-15T19:45:44+00:00
2026,2,401872933,00-0039150,Bryce Young,CAR,ATL,QB,202.8,109.3,309.0,1.419,0.7830848892750716,18.7,6.0,36.7,0.0,0.0,0.0,0.0,0.0,0.0,0.0,0.0,0.0,Active,starter,2026-09-15T19:45:44+00:00
2026,2,401872933,00-0041149,Haynes King,CAR,ATL,QB,0.0,0.0,0.0,0.0,0.0,9.3,-8.3,33.9,0.0,0.0,0.0,0.0,0.0,0.0,0.0,0.0,0.0,Active,backup,2026-09-15T19:45:44+00:00
2026,2,401872933,00-0038102,Kenny Pickett,CAR,ATL,QB,0.0,0.0,0.0,0.0,0.0,8.6,-2.1,23.7,0.0,0.0,0.0,0.0,0.0,0.0,0.0,0.0,0.0,,backup,2026-09-15T19:45:44+00:00
2026,2,401872933,00-0035251,Will Grier,CAR,ATL,QB,0.0,0.0,0.0,0.0,0.0,10.4,-3.6,30.1,0.0,0.0,0.0,0.0,0.0,0.0,0.0,0.0,0.0,,roster_only,2026-09-15T19:45:44+00:00
2026,2,401872933,00-0036265,AJ Dillon,CAR,ATL,RB,0.0,0.0,0.0,0.0,0.0,17.9,7.2,32.9,2.4,-14.8,31.2,0.0,0.0,0.0,0.0,0.0,0.0,Active,backup,2026-09-15T19:45:44+00:00
2026,2,401872933,00-0040260,Ahmani Marshall,CAR,ATL,RB,0.0,0.0,0.0,0.0,0.0,0.0,0.0,0.0,0.0,0.0,0.0,0.0,0.0,0.0,0.0,0.0,0.0,,roster_only,2026-09-15T19:45:44+00:00
2026,2,401872933,00-0040394,Anthony Tyus III,CAR,ATL,RB,0.0,0.0,0.0,0.0,0.0,0.0,0.0,0.0,0.0,0.0,0.0,0.0,0.0,0.0,0.0,0.0,0.0,,roster_only,2026-09-15T19:45:44+00:00
2026,2,401872933,00-0036555,Chuba Hubbard,CAR,ATL,RB,0.0,0.0,0.0,0.0,0.0,30.7,8.7,61.6,10.2,-6.9,39.0,0.0,0.0,0.0,0.0,0.0,0.0,Active,starter,2026-09-15T19:45:44+00:00
2026,2,401872933,00-0039344,Jonathon Brooks,CAR,ATL,RB,0.0,0.0,0.0,0.0,0.0,9.9,-14.3,43.9,3.6,-15.1,35.5,0.0,0.0,0.0,0.0,0.0,0.0,Active,backup,2026-09-15T19:45:44+00:00
2026,2,401872933,00-0041485,Miles Davis,CAR,ATL,RB,0.0,0.0,0.0,0.0,0.0,0.0,0.0,0.0,0.0,0.0,0.0,0.0,0.0,0.0,0.0,0.0,0.0,,roster_only,2026-09-15T19:45:44+00:00
2026,2,401872933,00-0040644,Trevor Etienne,CAR,ATL,RB,0.0,0.0,0.0,0.0,0.0,0.0,0.0,0.0,0.0,0.0,0.0,0.0,0.0,0.0,0.0,0.0,0.0,,backup,2026-09-15T19:45:44+00:00
2026,2,401872933,00-0040392,Caden Prieskorn,CAR,ATL,TE,0.0,0.0,0.0,0.0,0.0,0.0,0.0,0.0,0.0,0.0,0.0,0.0,0.0,0.0,0.0,0.0,0.0,,roster_only,2026-09-15T19:45:44+00:00
2026,2,401872933,00-0031610,Darren Waller,CAR,ATL,TE,0.0,0.0,0.0,0.0,0.0,0.0,-10.8,15.0,17.9,-1.8,52.1,0.0,0.0,0.0,0.0,0.0,0.0,Active,backup,2026-09-15T19:45:44+00:00
2026,2,401872933,00-0036825,Feleipe Franks,CAR,ATL,TE,0.0,0.0,0.0,0.0,0.0,0.0,-10.7,15.0,1.5,-15.6,30.4,0.0,0.0,0.0,0.0,0.0,0.0,,backup,2026-09-15T19:45:44+00:00
2026,2,401872933,00-0039356,Ja'Tavion Sanders,CAR,ATL,TE,0.0,0.0,0.0,0.0,0.0,0.0,-10.8,14.9,6.2,-10.9,35.1,0.0,0.0,0.0,0.0,0.0,0.0,Active,backup,2026-09-15T19:45:44+00:00
2026,2,401872933,00-0040187,Mitchell Evans,CAR,ATL,TE,0.0,0.0,0.0,0.0,0.0,0.1,-10.6,15.1,10.1,-7.1,38.9,0.0,0.0,0.0,0.0,0.0,0.0,Active,backup,2026-09-15T19:45:44+00:00
2026,2,401872933,00-0037005,Tommy Tremble,CAR,ATL,TE,0.0,0.0,0.0,0.0,0.0,0.0,-10.8,15.0,12.7,-4.5,41.5,0.0,0.0,0.0,0.0,0.0,0.0,Active,starter,2026-09-15T19:45:44+00:00
2026,2,401872933,00-0038840,Brycen Tremayne,CAR,ATL,WR,0.0,0.0,0.0,0.0,0.0,0.0,-10.8,15.0,2.9,-14.3,31.7,0.0,0.0,0.0,0.0,0.0,0.0,,backup,2026-09-15T19:45:44+00:00
2026,2,401872933,00-0039394,Casey Washington,CAR,ATL,WR,0.0,0.0,0.0,0.0,0.0,0.0,0.0,0.0,0.0,0.0,0.0,0.0,0.0,0.0,0.0,0.0,0.0,,roster_only,2026-09-15T19:45:44+00:00
2026,2,401872933,00-0041047,Chris Brazzell II,CAR,ATL,WR,0.0,0.0,0.0,0.0,0.0,0.0,0.0,0.0,0.0,0.0,0.0,0.0,0.0,0.0,0.0,0.0,0.0,,backup,2026-09-15T19:45:44+00:00
2026,2,401872933,00-0033589,David Moore,CAR,ATL,WR,0.0,0.0,0.0,0.0,0.0,0.0,0.0,0.0,0.0,0.0,0.0,0.0,0.0,0.0,0.0,0.0,0.0,,roster_only,2026-09-15T19:45:44+00:00
2026,2,401872933,00-0038667,Elijah Cooks,CAR,ATL,WR,0.0,0.0,0.0,0.0,0.0,0.0,0.0,0.0,0.0,0.0,0.0,0.0,0.0,0.0,0.0,0.0,0.0,,roster_only,2026-09-15T19:45:44+00:00
2026,2,401872933,00-0040265,Ja'Seem Reed,CAR,ATL,WR,0.0,0.0,0.0,0.0,0.0,0.0,0.0,0.0,0.0,0.0,0.0,0.0,0.0,0.0,0.0,0.0,0.0,,roster_only,2026-09-15T19:45:44+00:00
2026,2,401872933,00-0039491,Jalen Coker,CAR,ATL,WR,0.0,0.0,0.0,0.0,0.0,0.0,-10.8,15.0,31.7,14.5,60.5,0.0,0.0,0.0,0.0,0.0,0.0,Questionable,backup,2026-09-15T19:45:44+00:00
2026,2,401872933,00-0040218,Jimmy Horn Jr.,CAR,ATL,WR,0.0,0.0,0.0,0.0,0.0,1.4,-9.3,16.5,8.2,-9.0,37.0,0.0,0.0,0.0,0.0,0.0,0.0,,backup,2026-09-15T19:45:44+00:00
2026,2,401872933,00-0037614,John Metchie III,CAR,ATL,WR,0.0,0.0,0.0,0.0,0.0,0.0,-10.7,15.1,22.6,-4.0,71.8,0.0,0.0,0.0,0.0,0.0,0.0,Active,backup,2026-09-15T19:45:44+00:00
2026,2,401872933,00-0040531,Roc Taylor,CAR,ATL,WR,0.0,0.0,0.0,0.0,0.0,0.0,0.0,0.0,0.0,0.0,0.0,0.0,0.0,0.0,0.0,0.0,0.0,,roster_only,2026-09-15T19:45:44+00:00
2026,2,401872933,00-0040124,Tetairoa McMillan,CAR,ATL,WR,0.0,0.0,0.0,0.0,0.0,0.0,-10.8,15.0,47.6,20.9,96.8,0.0,0.0,0.0,0.0,0.0,0.0,Active,starter,2026-09-15T19:45:44+00:00
2026,2,401872933,00-0039342,Xavier Legette,CAR,ATL,WR,0.0,0.0,0.0,0.0,0.0,0.0,-10.7,15.0,17.9,0.7,46.7,0.0,0.0,0.0,0.0,0.0,0.0,Active,backup,2026-09-15T19:45:44+00:00
2026,2,401872934,00-0040372,Bralyn Lux,CIN,HOU,DB,0.0,0.0,0.0,0.0,0.0,0.0,0.0,0.0,0.0,0.0,0.0,0.0,0.0,0.0,0.0,0.0,0.0,,roster_only,2026-09-15T19:45:44+00:00
2026,2,401872934,00-0037193,Bryan Cook,CIN,HOU,DB,0.0,0.0,0.0,0.0,0.0,0.0,0.0,0.0,0.0,0.0,0.0,0.0,0.0,0.0,4.9,2.2,8.3,,starter,2026-09-15T19:45:44+00:00
2026,2,401872934,00-0041249,Ceyair Wright,CIN,HOU,DB,0.0,0.0,0.0,0.0,0.0,0.0,0.0,0.0,0.0,0.0,0.0,0.0,0.0,0.0,0.0,0.0,0.0,,roster_only,2026-09-15T19:45:44+00:00
2026,2,401872934,00-0038642,D.J. Ivey,CIN,HOU,DB,0.0,0.0,0.0,0.0,0.0,0.0,0.0,0.0,0.0,0.0,0.0,0.0,0.0,0.0,3.4,1.2,6.1,,backup,2026-09-15T19:45:44+00:00
2026,2,401872934,00-0038549,DJ Turner II,CIN,HOU,DB,0.0,0.0,0.0,0.0,0.0,0.0,0.0,0.0,0.0,0.0,0.0,0.0,0.0,0.0,3.2,1.0,5.9,Active,starter,2026-09-15T19:45:44+00:00
2026,2,401872934,00-0039414,Daijahn Anthony,CIN,HOU,DB,0.0,0.0,0.0,0.0,0.0,0.0,0.0,0.0,0.0,0.0,0.0,0.0,0.0,0.0,0.0,0.0,0.0,,roster_only,2026-09-15T19:45:44+00:00
2026,2,401872934,00-0037743,Daxton Hill,CIN,HOU,DB,0.0,0.0,0.0,0.0,0.0,0.0,0.0,0.0,0.0,0.0,0.0,0.0,0.0,0.0,4.6,1.9,8.1,Active,starter,2026-09-15T19:45:44+00:00
2026,2,401872934,00-0037307,Ja'Sir Taylor,CIN,HOU,DB,0.0,0.0,0.0,0.0,0.0,0.0,0.0,0.0,0.0,0.0,0.0,0.0,0.0,0.0,0.0,0.0,0.0,Injured Reserve,backup,2026-09-15T19:45:44+00:00
2026,2,401872934,00-0034446,Jalen Davis,CIN,HOU,DB,0.0,0.0,0.0,0.0,0.0,0.0,0.0,0.0,0.0,0.0,0.0,0.0,0.0,0.0,3.8,1.6,6.5,,starter,2026-09-15T19:45:44+00:00
2026,2,401872934,00-0040518,Jalen Kimber,CIN,HOU,DB,0.0,0.0,0.0,0.0,0.0,0.0,0.0,0.0,0.0,0.0,0.0,0.0,0.0,0.0,0.0,0.0,0.0,,roster_only,2026-09-15T19:45:44+00:00
2026,2,401872934,00-0038560,Jordan Battle,CIN,HOU,DB,0.0,0.0,0.0,0.0,0.0,0.0,0.0,0.0,0.0,0.0,0.0,0.0,0.0,0.0,6.1,3.4,9.6,,starter,2026-09-15T19:45:44+00:00
2026,2,401872934,00-0039375,Josh Newton,CIN,HOU,DB,0.0,0.0,0.0,0.0,0.0,0.0,0.0,0.0,0.0,0.0,0.0,0.0,0.0,0.0,1.9,0.0,4.5,Active,backup,2026-09-15T19:45:44+00:00
2026,2,401872934,00-0036231,Kyle Dugger,CIN,HOU,DB,0.0,0.0,0.0,0.0,0.0,0.0,0.0,0.0,0.0,0.0,0.0,0.0,0.0,0.0,4.1,1.4,7.5,,backup,2026-09-15T19:45:44+00:00
2026,2,401872934,00-0040983,Matthew McDoom,CIN,HOU,DB,0.0,0.0,0.0,0.0,0.0,0.0,0.0,0.0,0.0,0.0,0.0,0.0,0.0,0.0,0.0,0.0,0.0,,roster_only,2026-09-15T19:45:44+00:00
2026,2,401872934,00-0039632,PJ Jules,CIN,HOU,DB,0.0,0.0,0.0,0.0,0.0,0.0,0.0,0.0,0.0,0.0,0.0,0.0,0.0,0.0,0.9,0.0,3.4,,backup,2026-09-15T19:45:44+00:00
2026,2,401872934,00-0037844,Russ Yeast,CIN,HOU,DB,0.0,0.0,0.0,0.0,0.0,0.0,0.0,0.0,0.0,0.0,0.0,0.0,0.0,0.0,0.0,0.0,0.0,,roster_only,2026-09-15T19:45:44+00:00
2026,2,401872934,00-0041464,Tacario Davis,CIN,HOU,DB,0.0,0.0,0.0,0.0,0.0,0.0,0.0,0.0,0.0,0.0,0.0,0.0,0.0,0.0,2.3,0.0,6.3,,backup,2026-09-15T19:45:44+00:00
2026,2,401872934,00-0040251,Trikweze Bridges,CIN,HOU,DB,0.0,0.0,0.0,0.0,0.0,0.0,0.0,0.0,0.0,0.0,0.0,0.0,0.0,0.0,0.0,0.0,0.0,,roster_only,2026-09-15T19:45:44+00:00
2026,2,401872934,00-0040018,Antwaun Powell-Ryland,CIN,HOU,DL,0.0,0.0,0.0,0.0,0.0,0.0,0.0,0.0,0.0,0.0,0.0,0.0,0.0,0.0,0.0,0.0,0.0,,roster_only,2026-09-15T19:45:44+00:00
2026,2,401872934,00-0034800,B.J. Hill,CIN,HOU,DL,0.0,0.0,0.0,0.0,0.0,0.0,0.0,0.0,0.0,0.0,0.0,0.0,0.0,0.0,1.9,0.0,4.4,,backup,2026-09-15T19:45:44+00:00
2026,2,401872934,00-0038133,Boye Mafe,CIN,HOU,DL,0.0,0.0,0.0,0.0,0.0,0.0,0.0,0.0,0.0,0.0,0.0,0.0,0.0,0.0,2.1,0.2,4.6,,starter,2026-09-15T19:45:44+00:00
2026,2,401872934,00-0041546,Cashius Howell,CIN,HOU,DL,0.0,0.0,0.0,0.0,0.0,0.0,0.0,0.0,0.0,0.0,0.0,0.0,0.0,0.0,1.2,0.0,4.8,,backup,2026-09-15T19:45:44+00:00
2026,2,401872934,00-0039752,Cedric Johnson,CIN,HOU,DL,0.0,0.0,0.0,0.0,0.0,0.0,0.0,0.0,0.0,0.0,0.0,0.0,0.0,0.0,2.2,0.2,4.7,,backup,2026-09-15T19:45:44+00:00
2026,2,401872934,00-0035683,Dexter Lawrence,CIN,HOU,DL,0.0,0.0,0.0,0.0,0.0,0.0,0.0,0.0,0.0,0.0,0.0,0.0,0.0,0.0,2.4,0.3,5.2,,starter,2026-09-15T19:45:44+00:00
2026,2,401872934,00-0040369,Howard Cross III,CIN,HOU,DL,0.0,0.0,0.0,0.0,0.0,0.0,0.0,0.0,0.0,0.0,0.0,0.0,0.0,0.0,0.0,0.0,0.0,,roster_only,2026-09-15T19:45:44+00:00
2026,2,401872934,00-0039143,Isaiah Foskey,CIN,HOU,DL,0.0,0.0,0.0,0.0,0.0,0.0,0.0,0.0,0.0,0.0,0.0,0.0,0.0,0.0,0.0,0.0,0.0,,roster_only,2026-09-15T19:45:44+00:00
2026,2,401872934,00-0033523,Jonathan Allen,CIN,HOU,DL,0.0,0.0,0.0,0.0,0.0,0.0,0.0,0.0,0.0,0.0,0.0,0.0,0.0,0.0,3.2,1.1,6.0,,starter,2026-09-15T19:45:44+00:00
2026,2,401872934,00-0039908,Kris Jenkins,CIN,HOU,DL,0.0,0.0,0.0,0.0,0.0,0.0,0.0,0.0,0.0,0.0,0.0,0.0,0.0,0.0,2.2,0.2,4.7,,backup,2026-09-15T19:45:44+00:00
2026,2,401872934,00-0041118,Landon Robinson,CIN,HOU,DL,0.0,0.0,0.0,0.0,0.0,0.0,0.0,0.0,0.0,0.0,0.0,0.0,0.0,0.0,1.2,0.0,4.7,Active,backup,2026-09-15T19:45:44+00:00
2026,2,401872934,00-0039354,McKinnley Jackson,CIN,HOU,DL,0.0,0.0,0.0,0.0,0.0,0.0,0.0,0.0,0.0,0.0,0.0,0.0,0.0,0.0,0.0,0.0,0.0,,roster_only,2026-09-15T19:45:44+00:00
2026,2,401872934,00-0038546,Myles Murphy,CIN,HOU,DL,0.0,0.0,0.0,0.0,0.0,0.0,0.0,0.0,0.0,0.0,0.0,0.0,0.0,0.0,2.5,0.6,5.0,Active,starter,2026-09-15T19:45:44+00:00
2026,2,401872934,00-0040756,Shemar Stewart,CIN,HOU,DL,0.0,0.0,0.0,0.0,0.0,0.0,0.0,0.0,0.0,0.0,0.0,0.0,0.0,0.0,0.0,0.0,0.0,Out,backup,2026-09-15T19:45:44+00:00
2026,2,401872934,00-0036642,Tedarrell Slaton,CIN,HOU,DL,0.0,0.0,0.0,0.0,0.0,0.0,0.0,0.0,0.0,0.0,0.0,0.0,0.0,0.0,2.1,0.1,4.6,,backup,2026-09-15T19:45:44+00:00
2026,2,401872934,00-0036854,Evan McPherson,CIN,HOU,K,0.0,0.0,0.0,0.0,0.0,0.0,0.0,0.0,0.0,0.0,0.0,7.6,2.6,13.5,0.0,0.0,0.0,Active,starter,2026-09-15T19:45:44+00:00
2026,2,401872934,00-0040157,Barrett Carter,CIN,HOU,LB,0.0,0.0,0.0,0.0,0.0,0.0,0.0,0.0,0.0,0.0,0.0,0.0,0.0,0.0,6.3,3.4,10.3,,starter,2026-09-15T19:45:44+00:00
2026,2,401872934,00-0040738,Demetrius Knight Jr.,CIN,HOU,LB,0.0,0.0,0.0,0.0,0.0,0.0,0.0,0.0,0.0,0.0,0.0,0.0,0.0,0.0,5.3,3.2,7.6,,starter,2026-09-15T19:45:44+00:00
2026,2,401872934,00-0041243,Eric Gentry,CIN,HOU,LB,0.0,0.0,0.0,0.0,0.0,0.0,0.0,0.0,0.0,0.0,0.0,0.0,0.0,0.0,0.0,0.0,0.0,,roster_only,2026-09-15T19:45:44+00:00
2026,2,401872934,00-0040472,Garmon Randolph,CIN,HOU,LB,0.0,0.0,0.0,0.0,0.0,0.0,0.0,0.0,0.0,0.0,0.0,0.0,0.0,0.0,0.0,0.0,0.0,,roster_only,2026-09-15T19:45:44+00:00
2026,2,401872934,00-0041242,Jack Dingle,CIN,HOU,LB,0.0,0.0,0.0,0.0,0.0,0.0,0.0,0.0,0.0,0.0,0.0,0.0,0.0,0.0,0.0,0.0,0.0,,roster_only,2026-09-15T19:45:44+00:00
2026,2,401872934,00-0035363,Joe Giles-Harris,CIN,HOU,LB,0.0,0.0,0.0,0.0,0.0,0.0,0.0,0.0,0.0,0.0,0.0,0.0,0.0,0.0,2.4,0.5,4.9,,backup,2026-09-15T19:45:44+00:00
2026,2,401872934,00-0034754,Oren Burks,CIN,HOU,LB,0.0,0.0,0.0,0.0,0.0,0.0,0.0,0.0,0.0,0.0,0.0,0.0,0.0,0.0,2.2,0.3,4.7,,starter,2026-09-15T19:45:44+00:00
2026,2,401872934,00-0038890,Shaka Heyward,CIN,HOU,LB,0.0,0.0,0.0,0.0,0.0,0.0,0.0,0.0,0.0,0.0,0.0,0.0,0.0,0.0,0.0,0.0,0.0,,roster_only,2026-09-15T19:45:44+00:00
2026,2,401872934,00-0039313,Swayze Bozeman,CIN,HOU,LB,0.0,0.0,0.0,0.0,0.0,0.0,0.0,0.0,0.0,0.0,0.0,0.0,0.0,0.0,1.1,0.0,3.5,,backup,2026-09-15T19:45:44+00:00
2026,2,401872934,00-0036442,Joe Burrow,CIN,HOU,QB,259.4,165.9,365.6,1.821,0.8365757347268905,8.5,-4.2,26.5,0.0,0.0,0.0,0.0,0.0,0.0,0.0,0.0,0.0,Active,starter,2026-09-15T19:45:44+00:00
2026,2,401872934,00-0026158,Joe Flacco,CIN,HOU,QB,0.0,0.0,0.0,0.0,0.0,4.2,-6.5,19.2,0.0,0.0,0.0,0.0,0.0,0.0,0.0,0.0,0.0,,backup,2026-09-15T19:45:44+00:00
2026,2,401872934,00-0026300,Josh Johnson,CIN,HOU,QB,0.0,0.0,0.0,0.0,0.0,0.0,0.0,0.0,0.0,0.0,0.0,0.0,0.0,0.0,0.0,0.0,0.0,,roster_only,2026-09-15T19:45:44+00:00
2026,2,401872934,00-0038391,Sean Clifford,CIN,HOU,QB,0.0,0.0,0.0,0.0,0.0,0.0,0.0,0.0,0.0,0.0,0.0,0.0,0.0,0.0,0.0,0.0,0.0,,roster_only,2026-09-15T19:45:44+00:00
2026,2,401872934,00-0038597,Chase Brown,CIN,HOU,RB,0.0,0.0,0.0,0.0,0.0,57.3,35.3,88.3,21.7,4.6,50.5,0.0,0.0,0.0,0.0,0.0,0.0,Active,starter,2026-09-15T19:45:44+00:00
2026,2,401872934,00-0041244,Jamal Haynes,CIN,HOU,RB,0.0,0.0,0.0,0.0,0.0,0.0,0.0,0.0,0.0,0.0,0.0,0.0,0.0,0.0,0.0,0.0,0.0,,roster_only,2026-09-15T19:45:44+00:00
2026,2,401872934,00-0039266,Kendall Milton,CIN,HOU,RB,0.0,0.0,0.0,0.0,0.0,0.0,0.0,0.0,0.0,0.0,0.0,0.0,0.0,0.0,0.0,0.0,0.0,,roster_only,2026-09-15T19:45:44+00:00
2026,2,401872934,00-0041241,Kentrel Bullock,CIN,HOU,RB,0.0,0.0,0.0,0.0,0.0,0.0,0.0,0.0,0.0,0.0,0.0,0.0,0.0,0.0,0.0,0.0,0.0,,roster_only,2026-09-15T19:45:44+00:00
2026,2,401872934,00-0033526,Samaje Perine,CIN,HOU,RB,0.0,0.0,0.0,0.0,0.0,18.5,-3.5,49.4,8.4,-8.7,37.2,0.0,0.0,0.0,0.0,0.0,0.0,Active,backup,2026-09-15T19:45:44+00:00
2026,2,401872934,00-0040208,Tahj Brooks,CIN,HOU,RB,0.0,0.0,0.0,0.0,0.0,5.7,-16.3,36.7,1.9,-15.2,30.8,0.0,0.0,0.0,0.0,0.0,0.0,Active,backup,2026-09-15T19:45:44+00:00
2026,2,401872934,00-0035631,Drew Sample,CIN,HOU,TE,0.0,0.0,0.0,0.0,0.0,0.0,-10.8,15.0,10.6,-6.5,39.4,0.0,0.0,0.0,0.0,0.0,0.0,Active,backup,2026-09-15T19:45:44+00:00
2026,2,401872934,00-0039814,Erick All,CIN,HOU,TE,0.0,0.0,0.0,0.0,0.0,0.0,-10.8,15.0,9.4,-7.8,38.2,0.0,0.0,0.0,0.0,0.0,0.0,Active,backup,2026-09-15T19:45:44+00:00
2026,2,401872934,00-0041116,Jack Endries,CIN,HOU,TE,0.0,0.0,0.0,0.0,0.0,0.0,-14.8,20.6,4.4,-18.2,45.0,0.0,0.0,0.0,0.0,0.0,0.0,Active,backup,2026-09-15T19:45:44+00:00
2026,2,401872934,00-0041246,Josh Kattus,CIN,HOU,TE,0.0,0.0,0.0,0.0,0.0,0.0,0.0,0.0,0.0,0.0,0.0,0.0,0.0,0.0,0.0,0.0,0.0,,roster_only,2026-09-15T19:45:44+00:00
2026,2,401872934,00-0034829,Mike Gesicki,CIN,HOU,TE,0.0,0.0,0.0,0.0,0.0,0.0,-10.8,15.0,20.6,3.4,49.4,0.0,0.0,0.0,0.0,0.0,0.0,Active,starter,2026-09-15T19:45:44+00:00
2026,2,401872934,00-0034613,Tanner Hudson,CIN,HOU,TE,0.0,0.0,0.0,0.0,0.0,0.0,-10.8,15.0,9.7,-7.5,38.5,0.0,0.0,0.0,0.0,0.0,0.0,,roster_only,2026-09-15T19:45:44+00:00
2026,2,401872934,00-0038619,Andrei Iosivas,CIN,HOU,WR,0.0,0.0,0.0,0.0,0.0,0.0,-10.7,15.0,23.8,6.7,52.6,0.0,0.0,0.0,0.0,0.0,0.0,Active,backup,2026-09-15T19:45:44+00:00
2026,2,401872934,00-0041069,Colbie Young,CIN,HOU,WR,0.0,0.0,0.0,0.0,0.0,0.0,-14.7,20.7,7.2,-15.5,47.7,0.0,0.0,0.0,0.0,0.0,0.0,Active,backup,2026-09-15T19:45:44+00:00
2026,2,401872934,00-0040785,Dohnte Meyers,CIN,HOU,WR,0.0,0.0,0.0,0.0,0.0,1.6,-13.2,22.3,6.8,-15.8,47.4,0.0,0.0,0.0,0.0,0.0,0.0,Active,backup,2026-09-15T19:45:44+00:00
2026,2,401872934,00-0036900,Ja'Marr Chase,CIN,HOU,WR,0.0,0.0,0.0,0.0,0.0,0.0,-10.7,15.1,76.1,49.5,125.3,0.0,0.0,0.0,0.0,0.0,0.0,Active,starter,2026-09-15T19:45:44+00:00
2026,2,401872934,00-0040375,Jordan Moore,CIN,HOU,WR,0.0,0.0,0.0,0.0,0.0,0.0,0.0,0.0,0.0,0.0,0.0,0.0,0.0,0.0,0.0,0.0,0.0,,roster_only,2026-09-15T19:45:44+00:00
2026,2,401872934,00-0040534,Ke'Shawn Williams,CIN,HOU,WR,0.0,0.0,0.0,0.0,0.0,0.4,-10.3,15.5,2.5,-14.7,31.3,0.0,0.0,0.0,0.0,0.0,0.0,Active,backup,2026-09-15T19:45:44+00:00
2026,2,401872934,00-0037422,Kendric Pryor,CIN,HOU,WR,0.0,0.0,0.0,0.0,0.0,0.0,0.0,0.0,0.0,0.0,0.0,0.0,0.0,0.0,0.0,0.0,0.0,,roster_only,2026-09-15T19:45:44+00:00
2026,2,401872934,00-0041248,Noah Thomas,CIN,HOU,WR,0.0,0.0,0.0,0.0,0.0,0.0,0.0,0.0,0.0,0.0,0.0,0.0,0.0,0.0,0.0,0.0,0.0,,roster_only,2026-09-15T19:45:44+00:00
2026,2,401872934,00-0036410,Tee Higgins,CIN,HOU,WR,0.0,0.0,0.0,0.0,0.0,0.0,-10.8,15.0,47.0,20.4,96.2,0.0,0.0,0.0,0.0,0.0,0.0,Active,backup,2026-09-15T19:45:44+00:00
2026,2,401872934,00-0039473,Xavier Johnson,CIN,HOU,WR,0.0,0.0,0.0,0.0,0.0,0.0,0.0,0.0,0.0,0.0,0.0,0.0,0.0,0.0,0.0,0.0,0.0,,roster_only,2026-09-15T19:45:44+00:00
2026,2,401872934,00-0040411,Alijah Huzzie,HOU,CIN,DB,0.0,0.0,0.0,0.0,0.0,0.0,0.0,0.0,0.0,0.0,0.0,0.0,0.0,0.0,0.0,0.0,0.0,,roster_only,2026-09-15T19:45:44+00:00
2026,2,401872934,00-0036241,Bryce Hall,HOU,CIN,DB,0.0,0.0,0.0,0.0,0.0,0.0,0.0,0.0,0.0,0.0,0.0,0.0,0.0,0.0,0.0,0.0,0.0,,roster_only,2026-09-15T19:45:44+00:00
2026,2,401872934,00-0039838,Calen Bullock,HOU,CIN,DB,0.0,0.0,0.0,0.0,0.0,0.0,0.0,0.0,0.0,0.0,0.0,0.0,0.0,0.0,3.8,1.1,7.3,,starter,2026-09-15T19:45:44+00:00
2026,2,401872934,00-0041313,Collin Wright,HOU,CIN,DB,0.0,0.0,0.0,0.0,0.0,0.0,0.0,0.0,0.0,0.0,0.0,0.0,0.0,0.0,1.9,0.0,5.9,Active,backup,2026-09-15T19:45:44+00:00
2026,2,401872934,00-0037237,Derek Stingley Jr.,HOU,CIN,DB,0.0,0.0,0.0,0.0,0.0,0.0,0.0,0.0,0.0,0.0,0.0,0.0,0.0,0.0,3.4,0.7,6.9,,starter,2026-09-15T19:45:44+00:00
2026,2,401872934,00-0034091,George Odum,HOU,CIN,DB,0.0,0.0,0.0,0.0,0.0,0.0,0.0,0.0,0.0,0.0,0.0,0.0,0.0,0.0,0.9,0.0,3.3,,backup,2026-09-15T19:45:44+00:00
2026,2,401872934,00-0037661,Ja'Marcus Ingram,HOU,CIN,DB,0.0,0.0,0.0,0.0,0.0,0.0,0.0,0.0,0.0,0.0,0.0,0.0,0.0,0.0,0.0,0.0,0.0,,backup,2026-09-15T19:45:44+00:00
2026,2,401872934,00-0037246,Jalen Pitre,HOU,CIN,DB,0.0,0.0,0.0,0.0,0.0,0.0,0.0,0.0,0.0,0.0,0.0,0.0,0.0,0.0,5.5,2.8,9.0,,starter,2026-09-15T19:45:44+00:00
2026,2,401872934,00-0040149,Jaylin Smith,HOU,CIN,DB,0.0,0.0,0.0,0.0,0.0,0.0,0.0,0.0,0.0,0.0,0.0,0.0,0.0,0.0,1.9,0.0,4.7,,backup,2026-09-15T19:45:44+00:00
2026,2,401872934,00-0039343,Kamari Lassiter,HOU,CIN,DB,0.0,0.0,0.0,0.0,0.0,0.0,0.0,0.0,0.0,0.0,0.0,0.0,0.0,0.0,4.7,2.0,8.2,,starter,2026-09-15T19:45:44+00:00
2026,2,401872934,00-0041466,Kamari Ramsey,HOU,CIN,DB,0.0,0.0,0.0,0.0,0.0,0.0,0.0,0.0,0.0,0.0,0.0,0.0,0.0,0.0,2.2,0.0,6.1,,backup,2026-09-15T19:45:44+00:00
2026,2,401872934,00-0034355,M.J. Stewart,HOU,CIN,DB,0.0,0.0,0.0,0.0,0.0,0.0,0.0,0.0,0.0,0.0,0.0,0.0,0.0,0.0,0.0,0.0,0.0,,backup,2026-09-15T19:45:44+00:00
2026,2,401872934,00-0037130,Reed Blankenship,HOU,CIN,DB,0.0,0.0,0.0,0.0,0.0,0.0,0.0,0.0,0.0,0.0,0.0,0.0,0.0,0.0,5.1,2.3,8.5,,starter,2026-09-15T19:45:44+00:00
2026,2,401872934,00-0041304,Stephen Hall,HOU,CIN,DB,0.0,0.0,0.0,0.0,0.0,0.0,0.0,0.0,0.0,0.0,0.0,0.0,0.0,0.0,0.0,0.0,0.0,,roster_only,2026-09-15T19:45:44+00:00
2026,2,401872934,00-0034278,Tremon Smith,HOU,CIN,DB,0.0,0.0,0.0,0.0,0.0,0.0,0.0,0.0,0.0,0.0,0.0,0.0,0.0,0.0,1.8,0.0,4.2,,backup,2026-09-15T19:45:44+00:00
2026,2,401872934,00-0038724,Ali Gaye,HOU,CIN,DL,0.0,0.0,0.0,0.0,0.0,0.0,0.0,0.0,0.0,0.0,0.0,0.0,0.0,0.0,0.0,0.0,0.0,,backup,2026-09-15T19:45:44+00:00
2026,2,401872934,00-0031565,Danielle Hunter,HOU,CIN,DL,0.0,0.0,0.0,0.0,0.0,0.0,0.0,0.0,0.0,0.0,0.0,0.0,0.0,0.0,2.9,1.0,5.4,,starter,2026-09-15T19:45:44+00:00
2026,2,401872934,00-0038638,Derek Parish,HOU,CIN,DL,0.0,0.0,0.0,0.0,0.0,0.0,0.0,0.0,0.0,0.0,0.0,0.0,0.0,0.0,0.0,0.0,0.0,,roster_only,2026-09-15T19:45:44+00:00
2026,2,401872934,00-0041302,Dominic Bailey,HOU,CIN,DL,0.0,0.0,0.0,0.0,0.0,0.0,0.0,0.0,0.0,0.0,0.0,0.0,0.0,0.0,0.0,0.0,0.0,,roster_only,2026-09-15T19:45:44+00:00
2026,2,401872934,00-0037082,Dominique Robinson,HOU,CIN,DL,0.0,0.0,0.0,0.0,0.0,0.0,0.0,0.0,0.0,0.0,0.0,0.0,0.0,0.0,1.2,0.0,3.7,Active,backup,2026-09-15T19:45:44+00:00
2026,2,401872934,00-0039009,Dylan Horton,HOU,CIN,DL,0.0,0.0,0.0,0.0,0.0,0.0,0.0,0.0,0.0,0.0,0.0,0.0,0.0,0.0,0.0,0.0,0.0,,backup,2026-09-15T19:45:44+00:00
2026,2,401872934,00-0039402,Jaden Crumedy,HOU,CIN,DL,0.0,0.0,0.0,0.0,0.0,0.0,0.0,0.0,0.0,0.0,0.0,0.0,0.0,0.0,1.7,0.0,4.1,Active,backup,2026-09-15T19:45:44+00:00
2026,2,401872934,00-0031364,Jadeveon Clowney,HOU,CIN,DL,0.0,0.0,0.0,0.0,0.0,0.0,0.0,0.0,0.0,0.0,0.0,0.0,0.0,0.0,1.9,0.0,4.5,Active,backup,2026-09-15T19:45:44+00:00
2026,2,401872934,00-0040414,Junior Tafuna,HOU,CIN,DL,0.0,0.0,0.0,0.0,0.0,0.0,0.0,0.0,0.0,0.0,0.0,0.0,0.0,0.0,0.0,0.0,0.0,,roster_only,2026-09-15T19:45:44+00:00
2026,2,401872934,00-0041440,Kayden McDonald,HOU,CIN,DL,0.0,0.0,0.0,0.0,0.0,0.0,0.0,0.0,0.0,0.0,0.0,0.0,0.0,0.0,0.0,0.0,0.0,Injured Reserve,backup,2026-09-15T19:45:44+00:00
2026,2,401872934,00-0040229,Kyonte Hamilton,HOU,CIN,DL,0.0,0.0,0.0,0.0,0.0,0.0,0.0,0.0,0.0,0.0,0.0,0.0,0.0,0.0,0.0,0.0,0.0,,roster_only,2026-09-15T19:45:44+00:00
2026,2,401872934,00-0038127,Logan Hall,HOU,CIN,DL,0.0,0.0,0.0,0.0,0.0,0.0,0.0,0.0,0.0,0.0,0.0,0.0,0.0,0.0,2.1,0.1,4.6,,backup,2026-09-15T19:45:44+00:00
2026,2,401872934,00-0032265,Mario Edwards,HOU,CIN,DL,0.0,0.0,0.0,0.0,0.0,0.0,0.0,0.0,0.0,0.0,0.0,0.0,0.0,0.0,1.2,0.0,3.7,,backup,2026-09-15T19:45:44+00:00
2026,2,401872934,00-0041305,Sabastian Harsh,HOU,CIN,DL,0.0,0.0,0.0,0.0,0.0,0.0,0.0,0.0,0.0,0.0,0.0,0.0,0.0,0.0,1.2,0.0,4.7,,backup,2026-09-15T19:45:44+00:00
2026,2,401872934,00-0032759,Sheldon Rankins,HOU,CIN,DL,0.0,0.0,0.0,0.0,0.0,0.0,0.0,0.0,0.0,0.0,0.0,0.0,0.0,0.0,1.9,0.0,4.4,,starter,2026-09-15T19:45:44+00:00
2026,2,401872934,00-0039427,Solomon Byrd,HOU,CIN,DL,0.0,0.0,0.0,0.0,0.0,0.0,0.0,0.0,0.0,0.0,0.0,0.0,0.0,0.0,0.0,0.0,0.0,,backup,2026-09-15T19:45:44+00:00
2026,2,401872934,00-0036883,Tommy Togiai,HOU,CIN,DL,0.0,0.0,0.0,0.0,0.0,0.0,0.0,0.0,0.0,0.0,0.0,0.0,0.0,0.0,3.3,1.3,5.7,,starter,2026-09-15T19:45:44+00:00
2026,2,401872934,00-0039108,Will Anderson Jr.,HOU,CIN,DL,0.0,0.0,0.0,0.0,0.0,0.0,0.0,0.0,0.0,0.0,0.0,0.0,0.0,0.0,2.3,0.4,4.8,,starter,2026-09-15T19:45:44+00:00
2026,2,401872934,00-0032726,Ka'imi Fairbairn,HOU,CIN,K,0.0,0.0,0.0,0.0,0.0,0.0,0.0,0.0,0.0,0.0,0.0,7.2,2.6,12.4,0.0,0.0,0.0,Active,starter,2026-09-15T19:45:44+00:00
2026,2,401872934,00-0041449,Aiden Fisher,HOU,CIN,LB,0.0,0.0,0.0,0.0,0.0,0.0,0.0,0.0,0.0,0.0,0.0,0.0,0.0,0.0,1.5,0.0,5.0,Active,backup,2026-09-15T19:45:44+00:00
2026,2,401872934,00-0035166,Azeez Al-Shaair,HOU,CIN,LB,0.0,0.0,0.0,0.0,0.0,0.0,0.0,0.0,0.0,0.0,0.0,0.0,0.0,0.0,6.8,3.9,10.9,,starter,2026-09-15T19:45:44+00:00
2026,2,401872934,00-0039902,Chris Braswell,HOU,CIN,LB,0.0,0.0,0.0,0.0,0.0,0.0,0.0,0.0,0.0,0.0,0.0,0.0,0.0,0.0,0.0,0.0,0.0,,roster_only,2026-09-15T19:45:44+00:00
2026,2,401872934,00-0034987,E.J. Speed,HOU,CIN,LB,0.0,0.0,0.0,0.0,0.0,0.0,0.0,0.0,0.0,0.0,0.0,0.0,0.0,0.0,0.0,0.0,0.0,,backup,2026-09-15T19:45:44+00:00
2026,2,401872934,00-0038599,Henry To'oTo'o,HOU,CIN,LB,0.0,0.0,0.0,0.0,0.0,0.0,0.0,0.0,0.0,0.0,0.0,0.0,0.0,0.0,5.9,2.9,9.9,Questionable,starter,2026-09-15T19:45:44+00:00
2026,2,401872934,00-0037633,Jacob Hummel,HOU,CIN,LB,0.0,0.0,0.0,0.0,0.0,0.0,0.0,0.0,0.0,0.0,0.0,0.0,0.0,0.0,0.8,0.0,3.3,Doubtful,starter,2026-09-15T19:45:44+00:00
2026,2,401872934,00-0037457,Jake Hansen,HOU,CIN,LB,0.0,0.0,0.0,0.0,0.0,0.0,0.0,0.0,0.0,0.0,0.0,0.0,0.0,0.0,0.9,0.0,3.4,Active,backup,2026-09-15T19:45:44+00:00
2026,2,401872934,00-0039395,Jamal Hill,HOU,CIN,LB,0.0,0.0,0.0,0.0,0.0,0.0,0.0,0.0,0.0,0.0,0.0,0.0,0.0,0.0,0.0,0.0,0.0,,roster_only,2026-09-15T19:45:44+00:00
2026,2,401872934,00-0040413,K.C. Ossai,HOU,CIN,LB,0.0,0.0,0.0,0.0,0.0,0.0,0.0,0.0,0.0,0.0,0.0,0.0,0.0,0.0,0.0,0.0,0.0,,backup,2026-09-15T19:45:44+00:00
2026,2,401872934,00-0039054,Marte Mapu,HOU,CIN,LB,0.0,0.0,0.0,0.0,0.0,0.0,0.0,0.0,0.0,0.0,0.0,0.0,0.0,0.0,0.0,0.0,0.0,,roster_only,2026-09-15T19:45:44+00:00
2026,2,401872934,00-0041465,Wade Woodaz,HOU,CIN,LB,0.0,0.0,0.0,0.0,0.0,0.0,0.0,0.0,0.0,0.0,0.0,0.0,0.0,0.0,1.5,0.0,5.0,Active,backup,2026-09-15T19:45:44+00:00
2026,2,401872934,00-0039163,C.J. Stroud,HOU,CIN,QB,239.1,145.6,345.3,1.584,0.8125,12.2,-0.6,30.1,0.0,0.0,0.0,0.0,0.0,0.0,0.0,0.0,0.0,Active,starter,2026-09-15T19:45:44+00:00
2026,2,401872934,00-0036898,Davis Mills,HOU,CIN,QB,0.0,0.0,0.0,0.0,0.0,6.3,-6.5,24.2,0.0,0.0,0.0,0.0,0.0,0.0,0.0,0.0,0.0,,backup,2026-09-15T19:45:44+00:00
2026,2,401872934,00-0040211,Graham Mertz,HOU,CIN,QB,0.0,0.0,0.0,0.0,0.0,0.0,0.0,0.0,0.0,0.0,0.0,0.0,0.0,0.0,0.0,0.0,0.0,,backup,2026-09-15T19:45:44+00:00
2026,2,401872934,00-0041156,Mark Gronowski,HOU,CIN,QB,0.0,0.0,0.0,0.0,0.0,0.0,0.0,0.0,0.0,0.0,0.0,0.0,0.0,0.0,0.0,0.0,0.0,,roster_only,2026-09-15T19:45:44+00:00
2026,2,401872934,00-0039603,British Brooks,HOU,CIN,RB,0.0,0.0,0.0,0.0,0.0,1.9,-8.8,16.9,0.9,-16.2,29.7,0.0,0.0,0.0,0.0,0.0,0.0,Active,backup,2026-09-15T19:45:44+00:00
2026,2,401872934,00-0035685,David Montgomery,HOU,CIN,RB,0.0,0.0,0.0,0.0,0.0,30.5,8.5,61.4,8.1,-9.0,36.9,0.0,0.0,0.0,0.0,0.0,0.0,Active,starter,2026-09-15T19:45:44+00:00
2026,2,401872934,00-0038622,Deuce Vaughn,HOU,CIN,RB,0.0,0.0,0.0,0.0,0.0,0.0,0.0,0.0,0.0,0.0,0.0,0.0,0.0,0.0,0.0,0.0,0.0,,roster_only,2026-09-15T19:45:44+00:00
2026,2,401872934,00-0039405,Jawhar Jordan,HOU,CIN,RB,0.0,0.0,0.0,0.0,0.0,0.0,0.0,0.0,0.0,0.0,0.0,0.0,0.0,0.0,0.0,0.0,0.0,,roster_only,2026-09-15T19:45:44+00:00
2026,2,401872934,00-0041312,Noah Whittington,HOU,CIN,RB,0.0,0.0,0.0,0.0,0.0,0.0,0.0,0.0,0.0,0.0,0.0,0.0,0.0,0.0,0.0,0.0,0.0,,roster_only,2026-09-15T19:45:44+00:00
2026,2,401872934,00-0038458,Owen Wright,HOU,CIN,RB,0.0,0.0,0.0,0.0,0.0,0.0,0.0,0.0,0.0,0.0,0.0,0.0,0.0,0.0,0.0,0.0,0.0,,roster_only,2026-09-15T19:45:44+00:00
2026,2,401872934,00-0040583,Woody Marks,HOU,CIN,RB,0.0,0.0,0.0,0.0,0.0,55.9,33.9,86.9,8.8,-8.4,37.6,0.0,0.0,0.0,0.0,0.0,0.0,Active,backup,2026-09-15T19:45:44+00:00
2026,2,401872934,00-0036556,Brevin Jordan,HOU,CIN,TE,0.0,0.0,0.0,0.0,0.0,0.0,-10.8,15.0,9.8,-7.3,38.6,0.0,0.0,0.0,0.0,0.0,0.0,Active,backup,2026-09-15T19:45:44+00:00
2026,2,401872934,00-0039359,Cade Stover,HOU,CIN,TE,0.0,0.0,0.0,0.0,0.0,0.3,-10.4,15.4,9.9,-7.3,38.7,0.0,0.0,0.0,0.0,0.0,0.0,,backup,2026-09-15T19:45:44+00:00
2026,2,401872934,00-0034383,Dalton Schultz,HOU,CIN,TE,0.0,0.0,0.0,0.0,0.0,0.0,-10.8,15.0,31.0,11.3,65.2,0.0,0.0,0.0,0.0,0.0,0.0,Active,starter,2026-09-15T19:45:44+00:00
2026,2,401872934,00-0034981,Foster Moreau,HOU,CIN,TE,0.0,0.0,0.0,0.0,0.0,0.0,-10.8,15.0,9.8,-7.4,38.6,0.0,0.0,0.0,0.0,0.0,0.0,,backup,2026-09-15T19:45:44+00:00
2026,2,401872934,00-0040792,Layne Pryor,HOU,CIN,TE,0.0,0.0,0.0,0.0,0.0,0.0,0.0,0.0,0.0,0.0,0.0,0.0,0.0,0.0,0.0,0.0,0.0,,roster_only,2026-09-15T19:45:44+00:00
2026,2,401872934,00-0041535,Louis Hansen,HOU,CIN,TE,0.0,0.0,0.0,0.0,0.0,0.0,0.0,0.0,0.0,0.0,0.0,0.0,0.0,0.0,0.0,0.0,0.0,,roster_only,2026-09-15T19:45:44+00:00
2026,2,401872934,00-0041472,Marlin Klein,HOU,CIN,TE,0.0,0.0,0.0,0.0,0.0,0.0,-14.8,20.6,3.8,-18.8,44.4,0.0,0.0,0.0,0.0,0.0,0.0,,backup,2026-09-15T19:45:44+00:00
2026,2,401872934,00-0037340,Zaire Mitchell-Paden,HOU,CIN,TE,0.0,0.0,0.0,0.0,0.0,0.0,0.0,0.0,0.0,0.0,0.0,0.0,0.0,0.0,0.0,0.0,0.0,,roster_only,2026-09-15T19:45:44+00:00
2026,2,401872934,00-0041309,Daniel Sobkowicz,HOU,CIN,WR,0.0,0.0,0.0,0.0,0.0,0.0,0.0,0.0,0.0,0.0,0.0,0.0,0.0,0.0,0.0,0.0,0.0,,roster_only,2026-09-15T19:45:44+00:00
2026,2,401872934,00-0038728,Jared Wayne,HOU,CIN,WR,0.0,0.0,0.0,0.0,0.0,0.0,-11.8,16.5,13.1,-5.5,45.1,0.0,0.0,0.0,0.0,0.0,0.0,,backup,2026-09-15T19:45:44+00:00
2026,2,401872934,00-0040130,Jayden Higgins,HOU,CIN,WR,0.0,0.0,0.0,0.0,0.0,0.0,0.0,0.0,0.0,0.0,0.0,0.0,0.0,0.0,0.0,0.0,0.0,Injured Reserve,backup,2026-09-15T19:45:44+00:00
2026,2,401872934,00-0040138,Jaylin Noel,HOU,CIN,WR,0.0,0.0,0.0,0.0,0.0,0.3,-10.4,15.3,12.5,-4.6,41.3,0.0,0.0,0.0,0.0,0.0,0.0,Active,backup,2026-09-15T19:45:44+00:00
2026,2,401872934,00-0040049,Josh Kelly,HOU,CIN,WR,0.0,0.0,0.0,0.0,0.0,0.0,0.0,0.0,0.0,0.0,0.0,0.0,0.0,0.0,0.0,0.0,0.0,,roster_only,2026-09-15T19:45:44+00:00
2026,2,401872934,00-0038608,Kayshon Boutte,HOU,CIN,WR,0.0,0.0,0.0,0.0,0.0,0.0,-10.7,15.0,23.1,6.0,52.0,0.0,0.0,0.0,0.0,0.0,0.0,Active,backup,2026-09-15T19:45:44+00:00
2026,2,401872934,00-0041467,Lewis Bond,HOU,CIN,WR,0.0,0.0,0.0,0.0,0.0,0.0,0.0,0.0,0.0,0.0,0.0,0.0,0.0,0.0,0.0,0.0,0.0,,roster_only,2026-09-15T19:45:44+00:00
2026,2,401872934,00-0038839,Mitchell Tinsley,HOU,CIN,WR,0.0,0.0,0.0,0.0,0.0,0.0,0.0,0.0,0.0,0.0,0.0,0.0,0.0,0.0,0.0,0.0,0.0,,roster_only,2026-09-15T19:45:44+00:00
2026,2,401872934,00-0036554,Nico Collins,HOU,CIN,WR,0.0,0.0,0.0,0.0,0.0,1.8,-8.9,16.8,79.3,52.6,128.4,0.0,0.0,0.0,0.0,0.0,0.0,Active,starter,2026-09-15T19:45:44+00:00
2026,2,401872934,00-0038977,Tank Dell,HOU,CIN,WR,0.0,0.0,0.0,0.0,0.0,0.0,0.0,0.0,0.0,0.0,0.0,0.0,0.0,0.0,0.0,0.0,0.0,Injured Reserve,backup,2026-09-15T19:45:44+00:00
2026,2,401872934,00-0041308,Treyvhon Saunders,HOU,CIN,WR,0.0,0.0,0.0,0.0,0.0,0.0,0.0,0.0,0.0,0.0,0.0,0.0,0.0,0.0,0.0,0.0,0.0,,roster_only,2026-09-15T19:45:44+00:00
2026,2,401872934,00-0038618,Xavier Hutchinson,HOU,CIN,WR,0.0,0.0,0.0,0.0,0.0,0.5,-10.2,15.5,17.7,0.6,46.5,0.0,0.0,0.0,0.0,0.0,0.0,Active,backup,2026-09-15T19:45:44+00:00
2026,2,401872935,00-0039513,Chris Edmonds,CLE,TB,DB,0.0,0.0,0.0,0.0,0.0,0.0,0.0,0.0,0.0,0.0,0.0,0.0,0.0,0.0,0.0,0.0,0.0,,roster_only,2026-09-15T19:45:44+00:00
2026,2,401872935,00-0034966,D'Angelo Ross,CLE,TB,DB,0.0,0.0,0.0,0.0,0.0,0.0,0.0,0.0,0.0,0.0,0.0,0.0,0.0,0.0,0.6,0.0,3.1,,backup,2026-09-15T19:45:44+00:00
2026,2,401872935,00-0038105,Damarri Mathis,CLE,TB,DB,0.0,0.0,0.0,0.0,0.0,0.0,0.0,0.0,0.0,0.0,0.0,0.0,0.0,0.0,0.0,0.0,0.0,,backup,2026-09-15T19:45:44+00:00
2026,2,401872935,00-0036306,Daniel Thomas,CLE,TB,DB,0.0,0.0,0.0,0.0,0.0,0.0,0.0,0.0,0.0,0.0,0.0,0.0,0.0,0.0,2.9,0.7,5.6,Active,backup,2026-09-15T19:45:44+00:00
2026,2,401872935,00-0034856,Denzel Ward,CLE,TB,DB,0.0,0.0,0.0,0.0,0.0,0.0,0.0,0.0,0.0,0.0,0.0,0.0,0.0,0.0,3.4,0.8,6.9,,starter,2026-09-15T19:45:44+00:00
2026,2,401872935,00-0040263,Donovan McMillon,CLE,TB,DB,0.0,0.0,0.0,0.0,0.0,0.0,0.0,0.0,0.0,0.0,0.0,0.0,0.0,0.0,0.8,0.0,3.2,,backup,2026-09-15T19:45:44+00:00
2026,2,401872935,00-0041471,Emmanuel McNeil-Warren,CLE,TB,DB,0.0,0.0,0.0,0.0,0.0,0.0,0.0,0.0,0.0,0.0,0.0,0.0,0.0,0.0,2.2,0.0,6.1,,backup,2026-09-15T19:45:44+00:00
2026,2,401872935,00-0036282,Grant Delpit,CLE,TB,DB,0.0,0.0,0.0,0.0,0.0,0.0,0.0,0.0,0.0,0.0,0.0,0.0,0.0,0.0,5.4,2.7,8.9,,starter,2026-09-15T19:45:44+00:00
2026,2,401872935,00-0041332,Jeremiah McClendon,CLE,TB,DB,0.0,0.0,0.0,0.0,0.0,0.0,0.0,0.0,0.0,0.0,0.0,0.0,0.0,0.0,0.0,0.0,0.0,,roster_only,2026-09-15T19:45:44+00:00
2026,2,401872935,00-0038565,Mekhi Blackmon,CLE,TB,DB,0.0,0.0,0.0,0.0,0.0,0.0,0.0,0.0,0.0,0.0,0.0,0.0,0.0,0.0,3.5,0.8,7.0,,backup,2026-09-15T19:45:44+00:00
2026,2,401872935,00-0041411,Michael Coats Jr.,CLE,TB,DB,0.0,0.0,0.0,0.0,0.0,0.0,0.0,0.0,0.0,0.0,0.0,0.0,0.0,0.0,0.0,0.0,0.0,,roster_only,2026-09-15T19:45:44+00:00
2026,2,401872935,00-0036087,Myles Bryant,CLE,TB,DB,0.0,0.0,0.0,0.0,0.0,0.0,0.0,0.0,0.0,0.0,0.0,0.0,0.0,0.0,0.0,0.0,0.0,,roster_only,2026-09-15T19:45:44+00:00
2026,2,401872935,00-0039417,Myles Harden,CLE,TB,DB,0.0,0.0,0.0,0.0,0.0,0.0,0.0,0.0,0.0,0.0,0.0,0.0,0.0,0.0,3.2,0.6,6.7,,starter,2026-09-15T19:45:44+00:00
2026,2,401872935,00-0041278,Nate Evans,CLE,TB,DB,0.0,0.0,0.0,0.0,0.0,0.0,0.0,0.0,0.0,0.0,0.0,0.0,0.0,0.0,0.0,0.0,0.0,,roster_only,2026-09-15T19:45:44+00:00
2026,2,401872935,00-0036287,Noah Igbinoghene,CLE,TB,DB,0.0,0.0,0.0,0.0,0.0,0.0,0.0,0.0,0.0,0.0,0.0,0.0,0.0,0.0,2.9,0.8,5.6,Active,backup,2026-09-15T19:45:44+00:00
2026,2,401872935,00-0038715,Ronnie Hickman Jr.,CLE,TB,DB,0.0,0.0,0.0,0.0,0.0,0.0,0.0,0.0,0.0,0.0,0.0,0.0,0.0,0.0,5.2,2.5,8.7,,starter,2026-09-15T19:45:44+00:00
2026,2,401872935,00-0041115,Toriano Pride Jr.,CLE,TB,DB,0.0,0.0,0.0,0.0,0.0,0.0,0.0,0.0,0.0,0.0,0.0,0.0,0.0,0.0,2.2,0.0,6.1,Active,backup,2026-09-15T19:45:44+00:00
2026,2,401872935,00-0036974,Tyson Campbell,CLE,TB,DB,0.0,0.0,0.0,0.0,0.0,0.0,0.0,0.0,0.0,0.0,0.0,0.0,0.0,0.0,4.9,2.1,8.3,,starter,2026-09-15T19:45:44+00:00
2026,2,401872935,00-0041286,Zion Washington,CLE,TB,DB,0.0,0.0,0.0,0.0,0.0,0.0,0.0,0.0,0.0,0.0,0.0,0.0,0.0,0.0,0.0,0.0,0.0,,roster_only,2026-09-15T19:45:44+00:00
2026,2,401872935,00-0040255,Adin Huntington,CLE,TB,DL,0.0,0.0,0.0,0.0,0.0,0.0,0.0,0.0,0.0,0.0,0.0,0.0,0.0,0.0,1.1,0.0,3.6,,backup,2026-09-15T19:45:44+00:00
2026,2,401872935,00-0037251,Alex Wright,CLE,TB,DL,0.0,0.0,0.0,0.0,0.0,0.0,0.0,0.0,0.0,0.0,0.0,0.0,0.0,0.0,0.0,0.0,0.0,,backup,2026-09-15T19:45:44+00:00
2026,2,401872935,00-0035857,Chris Williams,CLE,TB,DL,0.0,0.0,0.0,0.0,0.0,0.0,0.0,0.0,0.0,0.0,0.0,0.0,0.0,0.0,0.0,0.0,0.0,,roster_only,2026-09-15T19:45:44+00:00
2026,2,401872935,00-0040088,Coziah Izzard,CLE,TB,DL,0.0,0.0,0.0,0.0,0.0,0.0,0.0,0.0,0.0,0.0,0.0,0.0,0.0,0.0,0.0,0.0,0.0,,roster_only,2026-09-15T19:45:44+00:00
2026,2,401872935,00-0033876,Derek Barnett,CLE,TB,DL,0.0,0.0,0.0,0.0,0.0,0.0,0.0,0.0,0.0,0.0,0.0,0.0,0.0,0.0,1.1,0.0,3.6,,backup,2026-09-15T19:45:44+00:00
2026,2,401872935,00-0039764,Elijah Chatman,CLE,TB,DL,0.0,0.0,0.0,0.0,0.0,0.0,0.0,0.0,0.0,0.0,0.0,0.0,0.0,0.0,0.0,0.0,0.0,,backup,2026-09-15T19:45:44+00:00
2026,2,401872935,00-0038574,Isaiah McGuire,CLE,TB,DL,0.0,0.0,0.0,0.0,0.0,0.0,0.0,0.0,0.0,0.0,0.0,0.0,0.0,0.0,1.5,0.0,3.9,,starter,2026-09-15T19:45:44+00:00
2026,2,401872935,00-0040594,Jamil Muhammad,CLE,TB,DL,0.0,0.0,0.0,0.0,0.0,0.0,0.0,0.0,0.0,0.0,0.0,0.0,0.0,0.0,0.0,0.0,0.0,,roster_only,2026-09-15T19:45:44+00:00
2026,2,401872935,00-0039852,Jared Verse,CLE,TB,DL,0.0,0.0,0.0,0.0,0.0,0.0,0.0,0.0,0.0,0.0,0.0,0.0,0.0,0.0,3.0,0.9,5.8,,starter,2026-09-15T19:45:44+00:00
2026,2,401872935,00-0036249,Julian Okwara,CLE,TB,DL,0.0,0.0,0.0,0.0,0.0,0.0,0.0,0.0,0.0,0.0,0.0,0.0,0.0,0.0,0.0,0.0,0.0,,roster_only,2026-09-15T19:45:44+00:00
2026,2,401872935,00-0037832,Kalia Davis,CLE,TB,DL,0.0,0.0,0.0,0.0,0.0,0.0,0.0,0.0,0.0,0.0,0.0,0.0,0.0,0.0,0.0,0.0,0.0,Injured Reserve,backup,2026-09-15T19:45:44+00:00
2026,2,401872935,00-0041285,Khordae Sydnor,CLE,TB,DL,0.0,0.0,0.0,0.0,0.0,0.0,0.0,0.0,0.0,0.0,0.0,0.0,0.0,0.0,0.0,0.0,0.0,,roster_only,2026-09-15T19:45:44+00:00
2026,2,401872935,00-0041279,Logan Fano,CLE,TB,DL,0.0,0.0,0.0,0.0,0.0,0.0,0.0,0.0,0.0,0.0,0.0,0.0,0.0,0.0,0.0,0.0,0.0,,roster_only,2026-09-15T19:45:44+00:00
2026,2,401872935,00-0033131,Maliek Collins,CLE,TB,DL,0.0,0.0,0.0,0.0,0.0,0.0,0.0,0.0,0.0,0.0,0.0,0.0,0.0,0.0,1.6,0.0,4.1,Active,starter,2026-09-15T19:45:44+00:00
2026,2,401872935,00-0040685,Mason Graham,CLE,TB,DL,0.0,0.0,0.0,0.0,0.0,0.0,0.0,0.0,0.0,0.0,0.0,0.0,0.0,0.0,2.8,0.7,5.5,,starter,2026-09-15T19:45:44+00:00
2026,2,401872935,00-0039895,Mike Hall Jr.,CLE,TB,DL,0.0,0.0,0.0,0.0,0.0,0.0,0.0,0.0,0.0,0.0,0.0,0.0,0.0,0.0,1.2,0.0,3.7,,backup,2026-09-15T19:45:44+00:00
2026,2,401872935,00-0041385,Nadame Tucker,CLE,TB,DL,0.0,0.0,0.0,0.0,0.0,0.0,0.0,0.0,0.0,0.0,0.0,0.0,0.0,0.0,0.0,0.0,0.0,,roster_only,2026-09-15T19:45:44+00:00
2026,2,401872935,00-0040684,Patrick Jenkins,CLE,TB,DL,0.0,0.0,0.0,0.0,0.0,0.0,0.0,0.0,0.0,0.0,0.0,0.0,0.0,0.0,0.0,0.0,0.0,,roster_only,2026-09-15T19:45:44+00:00
2026,2,401872935,00-0036705,Sam Kamara,CLE,TB,DL,0.0,0.0,0.0,0.0,0.0,0.0,0.0,0.0,0.0,0.0,0.0,0.0,0.0,0.0,0.0,0.0,0.0,,roster_only,2026-09-15T19:45:44+00:00
2026,2,401872935,00-0037665,Sam Williams,CLE,TB,DL,0.0,0.0,0.0,0.0,0.0,0.0,0.0,0.0,0.0,0.0,0.0,0.0,0.0,0.0,1.4,0.0,3.9,Active,backup,2026-09-15T19:45:44+00:00
2026,2,401872935,00-0038405,Travis Bell,CLE,TB,DL,0.0,0.0,0.0,0.0,0.0,0.0,0.0,0.0,0.0,0.0,0.0,0.0,0.0,0.0,0.0,0.0,0.0,,roster_only,2026-09-15T19:45:44+00:00
2026,2,401872935,00-0041288,Tyreak Sapp,CLE,TB,DL,0.0,0.0,0.0,0.0,0.0,0.0,0.0,0.0,0.0,0.0,0.0,0.0,0.0,0.0,0.0,0.0,0.0,,roster_only,2026-09-15T19:45:44+00:00
2026,2,401872935,00-0039400,Zion Logue,CLE,TB,DL,0.0,0.0,0.0,0.0,0.0,0.0,0.0,0.0,0.0,0.0,0.0,0.0,0.0,0.0,0.0,0.0,0.0,,roster_only,2026-09-15T19:45:44+00:00
2026,2,401872935,00-0038428,Andre Szmyt,CLE,TB,K,0.0,0.0,0.0,0.0,0.0,0.0,0.0,0.0,0.0,0.0,0.0,6.6,1.9,12.0,0.0,0.0,0.0,Active,starter,2026-09-15T19:45:44+00:00
2026,2,401872935,00-0040579,Carson Schwesinger,CLE,TB,LB,0.0,0.0,0.0,0.0,0.0,0.0,0.0,0.0,0.0,0.0,0.0,0.0,0.0,0.0,8.3,6.9,13.9,Active,starter,2026-09-15T19:45:44+00:00
2026,2,401872935,00-0040261,Easton Mascarenas-Arnold,CLE,TB,LB,0.0,0.0,0.0,0.0,0.0,0.0,0.0,0.0,0.0,0.0,0.0,0.0,0.0,0.0,1.2,0.0,3.7,,starter,2026-09-15T19:45:44+00:00
2026,2,401872935,00-0039878,Edefuan Ulofoshio,CLE,TB,LB,0.0,0.0,0.0,0.0,0.0,0.0,0.0,0.0,0.0,0.0,0.0,0.0,0.0,0.0,0.0,0.0,0.0,Injured Reserve,backup,2026-09-15T19:45:44+00:00
2026,2,401872935,00-0036915,Jeremiah Owusu-Koramoah,CLE,TB,LB,0.0,0.0,0.0,0.0,0.0,0.0,0.0,0.0,0.0,0.0,0.0,0.0,0.0,0.0,0.0,0.0,0.0,Out,backup,2026-09-15T19:45:44+00:00
2026,2,401872935,00-0041075,Justin Jefferson,CLE,TB,LB,0.0,0.0,0.0,0.0,0.0,0.0,0.0,0.0,0.0,0.0,0.0,0.0,0.0,0.0,1.7,0.0,5.2,Active,backup,2026-09-15T19:45:44+00:00
2026,2,401872935,00-0038958,Markees Watts,CLE,TB,LB,0.0,0.0,0.0,0.0,0.0,0.0,0.0,0.0,0.0,0.0,0.0,0.0,0.0,0.0,0.0,0.0,0.0,,roster_only,2026-09-15T19:45:44+00:00
2026,2,401872935,00-0039406,Nathaniel Watson,CLE,TB,LB,0.0,0.0,0.0,0.0,0.0,0.0,0.0,0.0,0.0,0.0,0.0,0.0,0.0,0.0,3.8,1.8,6.2,,backup,2026-09-15T19:45:44+00:00
2026,2,401872935,00-0035680,Quincy Williams,CLE,TB,LB,0.0,0.0,0.0,0.0,0.0,0.0,0.0,0.0,0.0,0.0,0.0,0.0,0.0,0.0,6.7,3.8,10.8,,starter,2026-09-15T19:45:44+00:00
2026,2,401872935,00-0039515,Winston Reid,CLE,TB,LB,0.0,0.0,0.0,0.0,0.0,0.0,0.0,0.0,0.0,0.0,0.0,0.0,0.0,0.0,3.8,1.8,6.2,,backup,2026-09-15T19:45:44+00:00
2026,2,401872935,00-0033537,Deshaun Watson,CLE,TB,QB,204.4,110.9,310.6,1.241,0.6730356199810898,18.3,5.6,36.3,0.0,0.0,0.0,0.0,0.0,0.0,0.0,0.0,0.0,Active,starter,2026-09-15T19:45:44+00:00
2026,2,401872935,00-0040704,Dillon Gabriel,CLE,TB,QB,0.0,0.0,0.0,0.0,0.0,0.0,0.0,0.0,0.0,0.0,0.0,0.0,0.0,0.0,0.0,0.0,0.0,Injured Reserve,backup,2026-09-15T19:45:44+00:00
2026,2,401872935,00-0040668,Shedeur Sanders,CLE,TB,QB,0.0,0.0,0.0,0.0,0.0,14.1,1.3,32.1,0.0,0.0,0.0,0.0,0.0,0.0,0.0,0.0,0.0,,backup,2026-09-15T19:45:44+00:00
2026,2,401872935,00-0041092,Taylen Green,CLE,TB,QB,0.0,0.0,0.0,0.0,0.0,8.5,-9.1,33.1,0.0,0.0,0.0,0.0,0.0,0.0,0.0,0.0,0.0,Active,backup,2026-09-15T19:45:44+00:00
2026,2,401872935,00-0040162,Dylan Sampson,CLE,TB,RB,0.0,0.0,0.0,0.0,0.0,0.0,0.0,0.0,0.0,0.0,0.0,0.0,0.0,0.0,0.0,0.0,0.0,Out,backup,2026-09-15T19:45:44+00:00
2026,2,401872935,00-0038794,Jaleel McLaughlin,CLE,TB,RB,0.0,0.0,0.0,0.0,0.0,0.0,0.0,0.0,0.0,0.0,0.0,0.0,0.0,0.0,0.0,0.0,0.0,,roster_only,2026-09-15T19:45:44+00:00
2026,2,401872935,00-0031595,Michael Burton,CLE,TB,RB,0.0,0.0,0.0,0.0,0.0,6.7,-4.0,21.8,4.5,-12.7,33.3,0.0,0.0,0.0,0.0,0.0,0.0,,starter,2026-09-15T19:45:44+00:00
2026,2,401872935,00-0040784,Quinshon Judkins,CLE,TB,RB,0.0,0.0,0.0,0.0,0.0,33.7,11.7,64.6,15.0,-2.1,43.9,0.0,0.0,0.0,0.0,0.0,0.0,Active,starter,2026-09-15T19:45:44+00:00
2026,2,401872935,00-0040466,Raheim Sanders,CLE,TB,RB,0.0,0.0,0.0,0.0,0.0,19.4,-4.8,53.4,7.4,-11.2,39.4,0.0,0.0,0.0,0.0,0.0,0.0,Active,backup,2026-09-15T19:45:44+00:00
2026,2,401872935,00-0038710,Blake Whiteheart,CLE,TB,TE,0.0,0.0,0.0,0.0,0.0,0.0,-10.8,14.9,8.5,-8.7,37.3,0.0,0.0,0.0,0.0,0.0,0.0,,backup,2026-09-15T19:45:44+00:00
2026,2,401872935,00-0041131,Carsen Ryan,CLE,TB,TE,0.0,0.0,0.0,0.0,0.0,0.0,-14.8,20.6,5.3,-17.3,45.9,0.0,0.0,0.0,0.0,0.0,0.0,,backup,2026-09-15T19:45:44+00:00
2026,2,401872935,00-0041576,Drew Biber,CLE,TB,TE,0.0,0.0,0.0,0.0,0.0,0.0,0.0,0.0,0.0,0.0,0.0,0.0,0.0,0.0,0.0,0.0,0.0,,roster_only,2026-09-15T19:45:44+00:00
2026,2,401872935,00-0040663,Harold Fannin Jr.,CLE,TB,TE,0.0,0.0,0.0,0.0,0.0,0.3,-10.4,15.3,41.6,21.9,75.9,0.0,0.0,0.0,0.0,0.0,0.0,Active,starter,2026-09-15T19:45:44+00:00
2026,2,401872935,00-0040457,Jermaine Terry,CLE,TB,TE,0.0,0.0,0.0,0.0,0.0,0.0,0.0,0.0,0.0,0.0,0.0,0.0,0.0,0.0,0.0,0.0,0.0,,roster_only,2026-09-15T19:45:44+00:00
2026,2,401872935,00-0041087,Joe Royer,CLE,TB,TE,0.0,0.0,0.0,0.0,0.0,0.0,0.0,0.0,0.0,0.0,0.0,0.0,0.0,0.0,0.0,0.0,0.0,,backup,2026-09-15T19:45:44+00:00
2026,2,401872935,00-0039275,Messiah Swinson,CLE,TB,TE,0.0,0.0,0.0,0.0,0.0,0.0,0.0,0.0,0.0,0.0,0.0,0.0,0.0,0.0,0.0,0.0,0.0,,roster_only,2026-09-15T19:45:44+00:00
2026,2,401872935,00-0041215,Ben Patterson,CLE,TB,WR,0.0,0.0,0.0,0.0,0.0,0.0,0.0,0.0,0.0,0.0,0.0,0.0,0.0,0.0,0.0,0.0,0.0,,roster_only,2026-09-15T19:45:44+00:00
2026,2,401872935,00-0039650,Bryce Oliver,CLE,TB,WR,0.0,0.0,0.0,0.0,0.0,0.0,-10.8,15.0,6.5,-10.6,35.3,0.0,0.0,0.0,0.0,0.0,0.0,,roster_only,2026-09-15T19:45:44+00:00
2026,2,401872935,00-0039386,Bub Means,CLE,TB,WR,0.0,0.0,0.0,0.0,0.0,0.0,0.0,0.0,0.0,0.0,0.0,0.0,0.0,0.0,0.0,0.0,0.0,,roster_only,2026-09-15T19:45:44+00:00
2026,2,401872935,00-0041037,Denzel Boston,CLE,TB,WR,0.0,0.0,0.0,0.0,0.0,0.0,-14.8,20.6,7.5,-15.2,48.0,0.0,0.0,0.0,0.0,0.0,0.0,Active,backup,2026-09-15T19:45:44+00:00
2026,2,401872935,00-0040259,Gage Larvadain,CLE,TB,WR,0.0,0.0,0.0,0.0,0.0,0.0,0.0,0.0,0.0,0.0,0.0,0.0,0.0,0.0,0.0,0.0,0.0,,roster_only,2026-09-15T19:45:44+00:00
2026,2,401872935,00-0040782,Isaiah Bond,CLE,TB,WR,0.0,0.0,0.0,0.0,0.0,0.6,-10.1,15.7,13.0,-4.2,41.8,0.0,0.0,0.0,0.0,0.0,0.0,Active,backup,2026-09-15T19:45:44+00:00
2026,2,401872935,00-0039379,Jamari Thrash,CLE,TB,WR,0.0,0.0,0.0,0.0,0.0,0.0,0.0,0.0,0.0,0.0,0.0,0.0,0.0,0.0,0.0,0.0,0.0,,roster_only,2026-09-15T19:45:44+00:00
2026,2,401872935,00-0036407,Jerry Jeudy,CLE,TB,WR,0.0,0.0,0.0,0.0,0.0,0.0,-10.8,15.0,49.6,22.9,98.8,0.0,0.0,0.0,0.0,0.0,0.0,Active,starter,2026-09-15T19:45:44+00:00
2026,2,401872935,00-0041547,KC Concepcion,CLE,TB,WR,0.0,0.0,0.0,0.0,0.0,1.6,-13.1,22.3,9.8,-12.9,50.4,0.0,0.0,0.0,0.0,0.0,0.0,Active,backup,2026-09-15T19:45:44+00:00
2026,2,401872935,00-0041287,Kole Wilson,CLE,TB,WR,0.0,0.0,0.0,0.0,0.0,0.0,0.0,0.0,0.0,0.0,0.0,0.0,0.0,0.0,0.0,0.0,0.0,,roster_only,2026-09-15T19:45:44+00:00
2026,2,401872935,00-0040617,Luke Floriea,CLE,TB,WR,0.0,0.0,0.0,0.0,0.0,0.0,0.0,0.0,0.0,0.0,0.0,0.0,0.0,0.0,0.0,0.0,0.0,,roster_only,2026-09-15T19:45:44+00:00
2026,2,401872935,00-0039920,Malachi Corley,CLE,TB,WR,0.0,0.0,0.0,0.0,0.0,2.7,-8.0,17.8,10.3,-6.9,39.1,0.0,0.0,0.0,0.0,0.0,0.0,,backup,2026-09-15T19:45:44+00:00
2026,2,401872935,00-0036630,Tylan Wallace,CLE,TB,WR,0.0,0.0,0.0,0.0,0.0,0.0,-10.8,14.9,4.6,-12.6,33.4,0.0,0.0,0.0,0.0,0.0,0.0,,backup,2026-09-15T19:45:44+00:00
2026,2,401872935,00-0036411,Antoine Winfield Jr.,TB,CLE,DB,0.0,0.0,0.0,0.0,0.0,0.0,0.0,0.0,0.0,0.0,0.0,0.0,0.0,0.0,5.7,3.0,9.2,,starter,2026-09-15T19:45:44+00:00
2026,2,401872935,00-0041253,Ayden Garnes,TB,CLE,DB,0.0,0.0,0.0,0.0,0.0,0.0,0.0,0.0,0.0,0.0,0.0,0.0,0.0,0.0,2.3,0.0,6.2,Active,backup,2026-09-15T19:45:44+00:00
2026,2,401872935,00-0040747,Benjamin Morrison,TB,CLE,DB,0.0,0.0,0.0,0.0,0.0,0.0,0.0,0.0,0.0,0.0,0.0,0.0,0.0,0.0,3.7,1.1,7.2,,starter,2026-09-15T19:45:44+00:00
2026,2,401872935,00-0036993,Ifeatu Melifonwu,TB,CLE,DB,0.0,0.0,0.0,0.0,0.0,0.0,0.0,0.0,0.0,0.0,0.0,0.0,0.0,0.0,3.6,0.9,7.1,,backup,2026-09-15T19:45:44+00:00
2026,2,401872935,00-0040425,JJ Roberts,TB,CLE,DB,0.0,0.0,0.0,0.0,0.0,0.0,0.0,0.0,0.0,0.0,0.0,0.0,0.0,0.0,0.0,0.0,0.0,,roster_only,2026-09-15T19:45:44+00:00
2026,2,401872935,00-0040143,Jacob Parrish,TB,CLE,DB,0.0,0.0,0.0,0.0,0.0,0.0,0.0,0.0,0.0,0.0,0.0,0.0,0.0,0.0,4.5,1.8,8.0,Questionable,starter,2026-09-15T19:45:44+00:00
2026,2,401872935,00-0039051,Josh Hayes,TB,CLE,DB,0.0,0.0,0.0,0.0,0.0,0.0,0.0,0.0,0.0,0.0,0.0,0.0,0.0,0.0,0.0,0.0,0.0,Injured Reserve,backup,2026-09-15T19:45:44+00:00
2026,2,401872935,00-0041057,Keionte Scott,TB,CLE,DB,0.0,0.0,0.0,0.0,0.0,0.0,0.0,0.0,0.0,0.0,0.0,0.0,0.0,0.0,2.3,0.0,6.2,Active,backup,2026-09-15T19:45:44+00:00
2026,2,401872935,00-0040089,Kevin Knowles,TB,CLE,DB,0.0,0.0,0.0,0.0,0.0,0.0,0.0,0.0,0.0,0.0,0.0,0.0,0.0,0.0,1.1,0.0,3.9,,backup,2026-09-15T19:45:44+00:00
2026,2,401872935,00-0032399,Miles Killebrew,TB,CLE,DB,0.0,0.0,0.0,0.0,0.0,0.0,0.0,0.0,0.0,0.0,0.0,0.0,0.0,0.0,0.7,0.0,3.2,,backup,2026-09-15T19:45:44+00:00
2026,2,401872935,00-0037984,Pepe Williams,TB,CLE,DB,0.0,0.0,0.0,0.0,0.0,0.0,0.0,0.0,0.0,0.0,0.0,0.0,0.0,0.0,0.0,0.0,0.0,,roster_only,2026-09-15T19:45:44+00:00
2026,2,401872935,00-0039596,Rashad Wisdom,TB,CLE,DB,0.0,0.0,0.0,0.0,0.0,0.0,0.0,0.0,0.0,0.0,0.0,0.0,0.0,0.0,0.0,0.0,0.0,,roster_only,2026-09-15T19:45:44+00:00
2026,2,401872935,00-0040319,Robert McDaniel,TB,CLE,DB,0.0,0.0,0.0,0.0,0.0,0.0,0.0,0.0,0.0,0.0,0.0,0.0,0.0,0.0,0.0,0.0,0.0,,roster_only,2026-09-15T19:45:44+00:00
2026,2,401872935,00-0040423,Roman Parodie,TB,CLE,DB,0.0,0.0,0.0,0.0,0.0,0.0,0.0,0.0,0.0,0.0,0.0,0.0,0.0,0.0,0.0,0.0,0.0,,roster_only,2026-09-15T19:45:44+00:00
2026,2,401872935,00-0035239,Sean Murphy-Bunting,TB,CLE,DB,0.0,0.0,0.0,0.0,0.0,0.0,0.0,0.0,0.0,0.0,0.0,0.0,0.0,0.0,0.0,0.0,0.0,,roster_only,2026-09-15T19:45:44+00:00
2026,2,401872935,00-0040992,Silas Walters,TB,CLE,DB,0.0,0.0,0.0,0.0,0.0,0.0,0.0,0.0,0.0,0.0,0.0,0.0,0.0,0.0,0.0,0.0,0.0,,roster_only,2026-09-15T19:45:44+00:00
2026,2,401872935,00-0039846,Tykee Smith,TB,CLE,DB,0.0,0.0,0.0,0.0,0.0,0.0,0.0,0.0,0.0,0.0,0.0,0.0,0.0,0.0,4.3,2.0,6.9,,starter,2026-09-15T19:45:44+00:00
2026,2,401872935,00-0041592,Xavier Williams,TB,CLE,DB,0.0,0.0,0.0,0.0,0.0,0.0,0.0,0.0,0.0,0.0,0.0,0.0,0.0,0.0,0.0,0.0,0.0,,roster_only,2026-09-15T19:45:44+00:00
2026,2,401872935,00-0037268,Zyon McCollum,TB,CLE,DB,0.0,0.0,0.0,0.0,0.0,0.0,0.0,0.0,0.0,0.0,0.0,0.0,0.0,0.0,3.6,1.0,7.1,,starter,2026-09-15T19:45:44+00:00
2026,2,401872935,00-0032889,A'Shawn Robinson,TB,CLE,DL,0.0,0.0,0.0,0.0,0.0,0.0,0.0,0.0,0.0,0.0,0.0,0.0,0.0,0.0,3.5,1.3,6.2,,starter,2026-09-15T19:45:44+00:00
2026,2,401872935,00-0039063,Calijah Kancey,TB,CLE,DL,0.0,0.0,0.0,0.0,0.0,0.0,0.0,0.0,0.0,0.0,0.0,0.0,0.0,0.0,1.4,0.0,3.9,,starter,2026-09-15T19:45:44+00:00
2026,2,401872935,00-0041079,DeMonte Capehart,TB,CLE,DL,0.0,0.0,0.0,0.0,0.0,0.0,0.0,0.0,0.0,0.0,0.0,0.0,0.0,0.0,1.2,0.0,4.7,Active,backup,2026-09-15T19:45:44+00:00
2026,2,401872935,00-0041339,Deshawn McKnight,TB,CLE,DL,0.0,0.0,0.0,0.0,0.0,0.0,0.0,0.0,0.0,0.0,0.0,0.0,0.0,0.0,0.0,0.0,0.0,,backup,2026-09-15T19:45:44+00:00
2026,2,401872935,00-0040183,Elijah Roberts,TB,CLE,DL,0.0,0.0,0.0,0.0,0.0,0.0,0.0,0.0,0.0,0.0,0.0,0.0,0.0,0.0,1.5,0.0,3.9,,backup,2026-09-15T19:45:44+00:00
2026,2,401872935,00-0040384,Elijah Simmons,TB,CLE,DL,0.0,0.0,0.0,0.0,0.0,0.0,0.0,0.0,0.0,0.0,0.0,0.0,0.0,0.0,0.9,0.0,3.4,Active,backup,2026-09-15T19:45:44+00:00
2026,2,401872935,00-0040105,Jayson Jones,TB,CLE,DL,0.0,0.0,0.0,0.0,0.0,0.0,0.0,0.0,0.0,0.0,0.0,0.0,0.0,0.0,0.0,0.0,0.0,,roster_only,2026-09-15T19:45:44+00:00
2026,2,401872935,00-0041254,Josiah Green,TB,CLE,DL,0.0,0.0,0.0,0.0,0.0,0.0,0.0,0.0,0.0,0.0,0.0,0.0,0.0,0.0,0.0,0.0,0.0,,roster_only,2026-09-15T19:45:44+00:00
2026,2,401872935,00-0031957,Rakeem Nunez-Roches,TB,CLE,DL,0.0,0.0,0.0,0.0,0.0,0.0,0.0,0.0,0.0,0.0,0.0,0.0,0.0,0.0,1.4,0.0,3.9,,backup,2026-09-15T19:45:44+00:00
2026,2,401872935,00-0041500,Travis Shaw,TB,CLE,DL,0.0,0.0,0.0,0.0,0.0,0.0,0.0,0.0,0.0,0.0,0.0,0.0,0.0,0.0,0.0,0.0,0.0,,roster_only,2026-09-15T19:45:44+00:00
2026,2,401872935,00-0034773,Vita Vea,TB,CLE,DL,0.0,0.0,0.0,0.0,0.0,0.0,0.0,0.0,0.0,0.0,0.0,0.0,0.0,0.0,2.4,0.3,5.2,,starter,2026-09-15T19:45:44+00:00
2026,2,401872935,00-0038748,B.T. Potter,TB,CLE,K,0.0,0.0,0.0,0.0,0.0,0.0,0.0,0.0,0.0,0.0,0.0,0.0,0.0,0.0,0.0,0.0,0.0,,kicker_role,2026-09-15T19:45:44+00:00
2026,2,401872935,00-0035358,Chase McLaughlin,TB,CLE,K,0.0,0.0,0.0,0.0,0.0,0.0,0.0,0.0,0.0,0.0,0.0,7.1,2.0,12.9,0.0,0.0,0.0,Active,starter,2026-09-15T19:45:44+00:00
2026,2,401872935,00-0033964,Al-Quadin Muhammad,TB,CLE,LB,0.0,0.0,0.0,0.0,0.0,0.0,0.0,0.0,0.0,0.0,0.0,0.0,0.0,0.0,1.7,0.0,4.1,,backup,2026-09-15T19:45:44+00:00
2026,2,401872935,00-0033914,Alex Anzalone,TB,CLE,LB,0.0,0.0,0.0,0.0,0.0,0.0,0.0,0.0,0.0,0.0,0.0,0.0,0.0,0.0,4.9,1.9,8.8,,recent_defensive_participant,2026-09-15T19:45:44+00:00
2026,2,401872935,00-0035254,Anthony Nelson,TB,CLE,LB,0.0,0.0,0.0,0.0,0.0,0.0,0.0,0.0,0.0,0.0,0.0,0.0,0.0,0.0,1.2,0.0,3.8,,backup,2026-09-15T19:45:44+00:00
2026,2,401872935,00-0041338,Caden Fordham,TB,CLE,LB,0.0,0.0,0.0,0.0,0.0,0.0,0.0,0.0,0.0,0.0,0.0,0.0,0.0,0.0,0.0,0.0,0.0,,roster_only,2026-09-15T19:45:44+00:00
2026,2,401872935,00-0035942,Christian Rozeboom,TB,CLE,LB,0.0,0.0,0.0,0.0,0.0,0.0,0.0,0.0,0.0,0.0,0.0,0.0,0.0,0.0,0.0,0.0,0.0,Active,roster_only,2026-09-15T19:45:44+00:00
2026,2,401872935,00-0040158,David Walker,TB,CLE,LB,0.0,0.0,0.0,0.0,0.0,0.0,0.0,0.0,0.0,0.0,0.0,0.0,0.0,0.0,1.1,0.0,4.6,,backup,2026-09-15T19:45:44+00:00
2026,2,401872935,00-0041424,Javin Wright,TB,CLE,LB,0.0,0.0,0.0,0.0,0.0,0.0,0.0,0.0,0.0,0.0,0.0,0.0,0.0,0.0,0.0,0.0,0.0,,roster_only,2026-09-15T19:45:44+00:00
2026,2,401872935,00-0040416,John Bullock,TB,CLE,LB,0.0,0.0,0.0,0.0,0.0,0.0,0.0,0.0,0.0,0.0,0.0,0.0,0.0,0.0,0.0,0.0,0.0,,roster_only,2026-09-15T19:45:44+00:00
2026,2,401872935,00-0041502,Josiah Trotter,TB,CLE,LB,0.0,0.0,0.0,0.0,0.0,0.0,0.0,0.0,0.0,0.0,0.0,0.0,0.0,0.0,1.4,0.0,4.9,Active,recent_defensive_participant,2026-09-15T19:45:44+00:00
2026,2,401872935,00-0039877,Mohamed Kamara,TB,CLE,LB,0.0,0.0,0.0,0.0,0.0,0.0,0.0,0.0,0.0,0.0,0.0,0.0,0.0,0.0,0.0,0.0,0.0,Injured Reserve,backup,2026-09-15T19:45:44+00:00
2026,2,401872935,00-0040625,Nick Jackson,TB,CLE,LB,0.0,0.0,0.0,0.0,0.0,0.0,0.0,0.0,0.0,0.0,0.0,0.0,0.0,0.0,0.0,0.0,0.0,,roster_only,2026-09-15T19:45:44+00:00
2026,2,401872935,00-0041031,Rueben Bain Jr.,TB,CLE,LB,0.0,0.0,0.0,0.0,0.0,0.0,0.0,0.0,0.0,0.0,0.0,0.0,0.0,0.0,2.2,0.0,5.7,Active,starter,2026-09-15T19:45:44+00:00
2026,2,401872935,00-0039049,SirVocea Dennis,TB,CLE,LB,0.0,0.0,0.0,0.0,0.0,0.0,0.0,0.0,0.0,0.0,0.0,0.0,0.0,0.0,5.7,2.7,9.7,,recent_defensive_participant,2026-09-15T19:45:44+00:00
2026,2,401872935,00-0041434,Yasir Holmes,TB,CLE,LB,0.0,0.0,0.0,0.0,0.0,0.0,0.0,0.0,0.0,0.0,0.0,0.0,0.0,0.0,0.0,0.0,0.0,,roster_only,2026-09-15T19:45:44+00:00
2026,2,401872935,00-0039068,Yaya Diaby,TB,CLE,LB,0.0,0.0,0.0,0.0,0.0,0.0,0.0,0.0,0.0,0.0,0.0,0.0,0.0,0.0,2.9,0.0,7.0,,starter,2026-09-15T19:45:44+00:00
2026,2,401872935,00-0034855,Baker Mayfield,TB,CLE,QB,208.7,115.3,315.0,1.658,0.8125,13.6,0.8,31.5,0.0,0.0,0.0,0.0,0.0,0.0,0.0,0.0,0.0,Active,starter,2026-09-15T19:45:44+00:00
2026,2,401872935,00-0040415,Connor Bazelak,TB,CLE,QB,0.0,0.0,0.0,0.0,0.0,0.0,0.0,0.0,0.0,0.0,0.0,0.0,0.0,0.0,0.0,0.0,0.0,,roster_only,2026-09-15T19:45:44+00:00
2026,2,401872935,00-0035282,Easton Stick,TB,CLE,QB,0.0,0.0,0.0,0.0,0.0,0.0,0.0,0.0,0.0,0.0,0.0,0.0,0.0,0.0,0.0,0.0,0.0,,roster_only,2026-09-15T19:45:44+00:00
2026,2,401872935,00-0041251,Jalon Daniels,TB,CLE,QB,0.0,0.0,0.0,0.0,0.0,8.8,-8.8,33.5,0.0,0.0,0.0,0.0,0.0,0.0,0.0,0.0,0.0,Active,backup,2026-09-15T19:45:44+00:00
2026,2,401872935,00-0041595,Barika Kpeenu,TB,CLE,RB,0.0,0.0,0.0,0.0,0.0,0.0,0.0,0.0,0.0,0.0,0.0,0.0,0.0,0.0,0.0,0.0,0.0,,roster_only,2026-09-15T19:45:44+00:00
2026,2,401872935,00-0039361,Bucky Irving,TB,CLE,RB,0.0,0.0,0.0,0.0,0.0,60.1,38.1,91.0,21.8,4.7,50.6,0.0,0.0,0.0,0.0,0.0,0.0,Active,starter,2026-09-15T19:45:44+00:00
2026,2,401872935,00-0040429,Josh Williams,TB,CLE,RB,0.0,0.0,0.0,0.0,0.0,4.0,-7.8,20.5,0.2,-18.4,32.2,0.0,0.0,0.0,0.0,0.0,0.0,,roster_only,2026-09-15T19:45:44+00:00
2026,2,401872935,00-0036919,Kenny Gainwell,TB,CLE,RB,0.0,0.0,0.0,0.0,0.0,25.4,3.4,56.4,17.3,0.1,46.1,0.0,0.0,0.0,0.0,0.0,0.0,Active,backup,2026-09-15T19:45:44+00:00
2026,2,401872935,00-0038951,Sean Tucker,TB,CLE,RB,0.0,0.0,0.0,0.0,0.0,0.0,0.0,0.0,0.0,0.0,0.0,0.0,0.0,0.0,0.0,0.0,0.0,Out,backup,2026-09-15T19:45:44+00:00
2026,2,401872935,00-0041094,Bauer Sharp,TB,CLE,TE,0.0,0.0,0.0,0.0,0.0,0.0,-14.8,20.6,4.3,-18.4,44.8,0.0,0.0,0.0,0.0,0.0,0.0,,backup,2026-09-15T19:45:44+00:00
2026,2,401872935,00-0040566,CJ Dippre,TB,CLE,TE,0.0,0.0,0.0,0.0,0.0,0.0,0.0,0.0,0.0,0.0,0.0,0.0,0.0,0.0,0.0,0.0,0.0,,roster_only,2026-09-15T19:45:44+00:00
2026,2,401872935,00-0038129,Cade Otton,TB,CLE,TE,0.0,0.0,0.0,0.0,0.0,0.0,-10.8,14.9,26.1,9.0,55.0,0.0,0.0,0.0,0.0,0.0,0.0,Active,starter,2026-09-15T19:45:44+00:00
2026,2,401872935,00-0039754,Devin Culp,TB,CLE,TE,0.0,0.0,0.0,0.0,0.0,0.0,0.0,0.0,0.0,0.0,0.0,0.0,0.0,0.0,0.0,0.0,0.0,,roster_only,2026-09-15T19:45:44+00:00
2026,2,401872935,00-0037311,Ko Kieft,TB,CLE,TE,0.0,0.0,0.0,0.0,0.0,0.0,-10.8,14.9,2.3,-14.8,31.1,0.0,0.0,0.0,0.0,0.0,0.0,,backup,2026-09-15T19:45:44+00:00
2026,2,401872935,00-0039050,Payne Durham,TB,CLE,TE,0.0,0.0,0.0,0.0,0.0,0.0,-10.8,14.9,1.6,-15.6,30.4,0.0,0.0,0.0,0.0,0.0,0.0,,backup,2026-09-15T19:45:44+00:00
2026,2,401872935,00-0033921,Chris Godwin Jr.,TB,CLE,WR,0.0,0.0,0.0,0.0,0.0,0.8,-9.9,15.8,49.4,22.7,98.5,0.0,0.0,0.0,0.0,0.0,0.0,Active,backup,2026-09-15T19:45:44+00:00
2026,2,401872935,00-0035359,David Sills,TB,CLE,WR,0.0,0.0,0.0,0.0,0.0,0.0,0.0,0.0,0.0,0.0,0.0,0.0,0.0,0.0,0.0,0.0,0.0,Injured Reserve,backup,2026-09-15T19:45:44+00:00
2026,2,401872935,00-0041435,Dean Patterson IV,TB,CLE,WR,0.0,0.0,0.0,0.0,0.0,0.0,0.0,0.0,0.0,0.0,0.0,0.0,0.0,0.0,0.0,0.0,0.0,,roster_only,2026-09-15T19:45:44+00:00
2026,2,401872935,00-0037570,Dennis Houston,TB,CLE,WR,0.0,0.0,0.0,0.0,0.0,0.0,0.0,0.0,0.0,0.0,0.0,0.0,0.0,0.0,0.0,0.0,0.0,,roster_only,2026-09-15T19:45:44+00:00
2026,2,401872935,00-0040129,Emeka Egbuka,TB,CLE,WR,0.0,0.0,0.0,0.0,0.0,0.0,-10.7,15.1,61.1,34.5,110.3,0.0,0.0,0.0,0.0,0.0,0.0,Active,starter,2026-09-15T19:45:44+00:00
2026,2,401872935,00-0041257,Eric Rivers Jr.,TB,CLE,WR,0.0,0.0,0.0,0.0,0.0,0.0,0.0,0.0,0.0,0.0,0.0,0.0,0.0,0.0,0.0,0.0,0.0,,roster_only,2026-09-15T19:45:44+00:00
2026,2,401872935,00-0040419,Garrett Greene,TB,CLE,WR,0.0,0.0,0.0,0.0,0.0,0.0,0.0,0.0,0.0,0.0,0.0,0.0,0.0,0.0,0.0,0.0,0.0,,roster_only,2026-09-15T19:45:44+00:00
2026,2,401872935,00-0039855,Jalen McMillan,TB,CLE,WR,0.0,0.0,0.0,0.0,0.0,0.0,0.0,0.0,0.0,0.0,0.0,0.0,0.0,0.0,0.0,0.0,0.0,Out,backup,2026-09-15T19:45:44+00:00
2026,2,401872935,00-0039392,Jha'Quan Jackson,TB,CLE,WR,0.0,0.0,0.0,0.0,0.0,0.0,0.0,0.0,0.0,0.0,0.0,0.0,0.0,0.0,0.0,0.0,0.0,,roster_only,2026-09-15T19:45:44+00:00
2026,2,401872935,00-0039589,Kameron Johnson,TB,CLE,WR,0.0,0.0,0.0,0.0,0.0,0.0,-10.7,15.1,1.0,-16.1,29.8,0.0,0.0,0.0,0.0,0.0,0.0,,backup,2026-09-15T19:45:44+00:00
2026,2,401872935,00-0041599,Matthew Henry,TB,CLE,WR,0.0,0.0,0.0,0.0,0.0,0.0,0.0,0.0,0.0,0.0,0.0,0.0,0.0,0.0,0.0,0.0,0.0,,roster_only,2026-09-15T19:45:44+00:00
2026,2,401872935,00-0041048,Ted Hurst III,TB,CLE,WR,0.0,0.0,0.0,0.0,0.0,0.0,-14.8,20.6,6.4,-16.3,46.9,0.0,0.0,0.0,0.0,0.0,0.0,Active,backup,2026-09-15T19:45:44+00:00
2026,2,401872935,00-0040237,Tez Johnson,TB,CLE,WR,0.0,0.0,0.0,0.0,0.0,0.5,-10.2,15.6,7.8,-9.3,36.6,0.0,0.0,0.0,0.0,0.0,0.0,Active,backup,2026-09-15T19:45:44+00:00
2026,2,401872936,00-0036625,Benjamin St-Juste,GB,NYJ,DB,0.0,0.0,0.0,0.0,0.0,0.0,0.0,0.0,0.0,0.0,0.0,0.0,0.0,0.0,2.9,0.8,5.6,,backup,2026-09-15T19:45:44+00:00
2026,2,401872936,00-0041470,Brandon Cisse,GB,NYJ,DB,0.0,0.0,0.0,0.0,0.0,0.0,0.0,0.0,0.0,0.0,0.0,0.0,0.0,0.0,2.8,0.0,6.7,Questionable,starter,2026-09-15T19:45:44+00:00
2026,2,401872936,00-0038408,Carrington Valentine,GB,NYJ,DB,0.0,0.0,0.0,0.0,0.0,0.0,0.0,0.0,0.0,0.0,0.0,0.0,0.0,0.0,2.7,0.1,6.3,,backup,2026-09-15T19:45:44+00:00
2026,2,401872936,00-0040896,Domani Jackson,GB,NYJ,DB,0.0,0.0,0.0,0.0,0.0,0.0,0.0,0.0,0.0,0.0,0.0,0.0,0.0,0.0,0.0,0.0,0.0,,roster_only,2026-09-15T19:45:44+00:00
2026,2,401872936,00-0039813,Evan Williams,GB,NYJ,DB,0.0,0.0,0.0,0.0,0.0,0.0,0.0,0.0,0.0,0.0,0.0,0.0,0.0,0.0,5.2,2.5,8.7,,starter,2026-09-15T19:45:44+00:00
2026,2,401872936,00-0039867,Javon Bullard,GB,NYJ,DB,0.0,0.0,0.0,0.0,0.0,0.0,0.0,0.0,0.0,0.0,0.0,0.0,0.0,0.0,4.8,2.1,8.3,,starter,2026-09-15T19:45:44+00:00
2026,2,401872936,00-0040033,Johnathan Baldwin,GB,NYJ,DB,0.0,0.0,0.0,0.0,0.0,0.0,0.0,0.0,0.0,0.0,0.0,0.0,0.0,0.0,0.0,0.0,0.0,,backup,2026-09-15T19:45:44+00:00
2026,2,401872936,00-0038523,Kahlef Hailassie,GB,NYJ,DB,0.0,0.0,0.0,0.0,0.0,0.0,0.0,0.0,0.0,0.0,0.0,0.0,0.0,0.0,0.0,0.0,0.0,,roster_only,2026-09-15T19:45:44+00:00
2026,2,401872936,00-0039831,Kamal Hadden,GB,NYJ,DB,0.0,0.0,0.0,0.0,0.0,0.0,0.0,0.0,0.0,0.0,0.0,0.0,0.0,0.0,1.1,0.0,3.6,,backup,2026-09-15T19:45:44+00:00
2026,2,401872936,00-0035133,Keisean Nixon,GB,NYJ,DB,0.0,0.0,0.0,0.0,0.0,0.0,0.0,0.0,0.0,0.0,0.0,0.0,0.0,0.0,5.0,2.3,8.4,,starter,2026-09-15T19:45:44+00:00
2026,2,401872936,00-0039818,Kitan Oladapo,GB,NYJ,DB,0.0,0.0,0.0,0.0,0.0,0.0,0.0,0.0,0.0,0.0,0.0,0.0,0.0,0.0,0.6,0.0,3.1,,backup,2026-09-15T19:45:44+00:00
2026,2,401872936,00-0039418,MJ Devonshire,GB,NYJ,DB,0.0,0.0,0.0,0.0,0.0,0.0,0.0,0.0,0.0,0.0,0.0,0.0,0.0,0.0,0.0,0.0,0.0,,roster_only,2026-09-15T19:45:44+00:00
2026,2,401872936,00-0039488,Mark Perry,GB,NYJ,DB,0.0,0.0,0.0,0.0,0.0,0.0,0.0,0.0,0.0,0.0,0.0,0.0,0.0,0.0,0.0,0.0,0.0,,roster_only,2026-09-15T19:45:44+00:00
2026,2,401872936,00-0041493,Marlon Jones,GB,NYJ,DB,0.0,0.0,0.0,0.0,0.0,0.0,0.0,0.0,0.0,0.0,0.0,0.0,0.0,0.0,0.0,0.0,0.0,,roster_only,2026-09-15T19:45:44+00:00
2026,2,401872936,00-0040968,Murvin Kenion,GB,NYJ,DB,0.0,0.0,0.0,0.0,0.0,0.0,0.0,0.0,0.0,0.0,0.0,0.0,0.0,0.0,0.0,0.0,0.0,,roster_only,2026-09-15T19:45:44+00:00
2026,2,401872936,00-0039959,Tra Fluellen,GB,NYJ,DB,0.0,0.0,0.0,0.0,0.0,0.0,0.0,0.0,0.0,0.0,0.0,0.0,0.0,0.0,0.0,0.0,0.0,,roster_only,2026-09-15T19:45:44+00:00
2026,2,401872936,00-0038494,Trey Dean III,GB,NYJ,DB,0.0,0.0,0.0,0.0,0.0,0.0,0.0,0.0,0.0,0.0,0.0,0.0,0.0,0.0,0.0,0.0,0.0,,backup,2026-09-15T19:45:44+00:00
2026,2,401872936,00-0036388,Xavier McKinney,GB,NYJ,DB,0.0,0.0,0.0,0.0,0.0,0.0,0.0,0.0,0.0,0.0,0.0,0.0,0.0,0.0,6.1,3.5,9.6,,starter,2026-09-15T19:45:44+00:00
2026,2,401872936,00-0040689,Anthony Campbell,GB,NYJ,DL,0.0,0.0,0.0,0.0,0.0,0.0,0.0,0.0,0.0,0.0,0.0,0.0,0.0,0.0,1.1,0.0,4.6,Active,backup,2026-09-15T19:45:44+00:00
2026,2,401872936,00-0040869,Chris McClellan,GB,NYJ,DL,0.0,0.0,0.0,0.0,0.0,0.0,0.0,0.0,0.0,0.0,0.0,0.0,0.0,0.0,1.2,0.0,4.7,,backup,2026-09-15T19:45:44+00:00
2026,2,401872936,00-0037075,Devonte Wyatt,GB,NYJ,DL,0.0,0.0,0.0,0.0,0.0,0.0,0.0,0.0,0.0,0.0,0.0,0.0,0.0,0.0,2.8,0.8,5.2,Active,starter,2026-09-15T19:45:44+00:00
2026,2,401872936,00-0033109,Javon Hargrave,GB,NYJ,DL,0.0,0.0,0.0,0.0,0.0,0.0,0.0,0.0,0.0,0.0,0.0,0.0,0.0,0.0,2.5,0.6,5.0,Active,starter,2026-09-15T19:45:44+00:00
2026,2,401872936,00-0037094,Jonathan Ford,GB,NYJ,DL,0.0,0.0,0.0,0.0,0.0,0.0,0.0,0.0,0.0,0.0,0.0,0.0,0.0,0.0,0.8,0.0,3.3,,backup,2026-09-15T19:45:44+00:00
2026,2,401872936,00-0038506,Jordon Riley,GB,NYJ,DL,0.0,0.0,0.0,0.0,0.0,0.0,0.0,0.0,0.0,0.0,0.0,0.0,0.0,0.0,0.0,0.0,0.0,,backup,2026-09-15T19:45:44+00:00
2026,2,401872936,00-0038398,Karl Brooks,GB,NYJ,DL,0.0,0.0,0.0,0.0,0.0,0.0,0.0,0.0,0.0,0.0,0.0,0.0,0.0,0.0,2.4,0.3,5.2,,starter,2026-09-15T19:45:44+00:00
2026,2,401872936,00-0040016,Warren Brinson,GB,NYJ,DL,0.0,0.0,0.0,0.0,0.0,0.0,0.0,0.0,0.0,0.0,0.0,0.0,0.0,0.0,0.0,0.0,0.0,Out,backup,2026-09-15T19:45:44+00:00
2026,2,401872936,00-0040003,Lenny Krieg,GB,NYJ,K,0.0,0.0,0.0,0.0,0.0,0.0,0.0,0.0,0.0,0.0,0.0,0.0,0.0,0.0,0.0,0.0,0.0,,kicker_role,2026-09-15T19:45:44+00:00
2026,2,401872936,00-0040899,Trey Smack,GB,NYJ,K,0.0,0.0,0.0,0.0,0.0,0.0,0.0,0.0,0.0,0.0,0.0,7.6,1.1,15.1,0.0,0.0,0.0,Active,starter,2026-09-15T19:45:44+00:00
2026,2,401872936,00-0041355,Arden Walker,GB,NYJ,LB,0.0,0.0,0.0,0.0,0.0,0.0,0.0,0.0,0.0,0.0,0.0,0.0,0.0,0.0,0.0,0.0,0.0,,roster_only,2026-09-15T19:45:44+00:00
2026,2,401872936,00-0037364,Arron Mosby,GB,NYJ,LB,0.0,0.0,0.0,0.0,0.0,0.0,0.0,0.0,0.0,0.0,0.0,0.0,0.0,0.0,0.0,0.0,0.0,,roster_only,2026-09-15T19:45:44+00:00
2026,2,401872936,00-0040010,Barryn Sorrell,GB,NYJ,LB,0.0,0.0,0.0,0.0,0.0,0.0,0.0,0.0,0.0,0.0,0.0,0.0,0.0,0.0,1.1,0.0,3.6,Active,starter,2026-09-15T19:45:44+00:00
2026,2,401872936,00-0038463,Brenton Cox Jr.,GB,NYJ,LB,0.0,0.0,0.0,0.0,0.0,0.0,0.0,0.0,0.0,0.0,0.0,0.0,0.0,0.0,1.4,0.0,3.9,,backup,2026-09-15T19:45:44+00:00
2026,2,401872936,00-0040012,Collin Oliver,GB,NYJ,LB,0.0,0.0,0.0,0.0,0.0,0.0,0.0,0.0,0.0,0.0,0.0,0.0,0.0,0.0,0.0,0.0,0.0,,backup,2026-09-15T19:45:44+00:00
2026,2,401872936,00-0040877,Dani Dennis-Sutton,GB,NYJ,LB,0.0,0.0,0.0,0.0,0.0,0.0,0.0,0.0,0.0,0.0,0.0,0.0,0.0,0.0,1.4,0.0,4.9,,backup,2026-09-15T19:45:44+00:00
2026,2,401872936,00-0039850,Edgerrin Cooper,GB,NYJ,LB,0.0,0.0,0.0,0.0,0.0,0.0,0.0,0.0,0.0,0.0,0.0,0.0,0.0,0.0,6.7,3.8,10.8,,recent_defensive_participant,2026-09-15T19:45:44+00:00
2026,2,401872936,00-0036658,Isaiah McDuffie,GB,NYJ,LB,0.0,0.0,0.0,0.0,0.0,0.0,0.0,0.0,0.0,0.0,0.0,0.0,0.0,0.0,5.3,3.2,7.6,,recent_defensive_participant,2026-09-15T19:45:44+00:00
2026,2,401872936,00-0036157,Kristian Welch,GB,NYJ,LB,0.0,0.0,0.0,0.0,0.0,0.0,0.0,0.0,0.0,0.0,0.0,0.0,0.0,0.0,0.0,0.0,0.0,,roster_only,2026-09-15T19:45:44+00:00
2026,2,401872936,00-0039112,Lukas Van Ness,GB,NYJ,LB,0.0,0.0,0.0,0.0,0.0,0.0,0.0,0.0,0.0,0.0,0.0,0.0,0.0,0.0,3.0,1.0,5.4,,starter,2026-09-15T19:45:44+00:00
2026,2,401872936,00-0036932,Micah Parsons,GB,NYJ,LB,0.0,0.0,0.0,0.0,0.0,0.0,0.0,0.0,0.0,0.0,0.0,0.0,0.0,0.0,0.0,0.0,0.0,,backup,2026-09-15T19:45:44+00:00
2026,2,401872936,00-0036648,Nick Niemann,GB,NYJ,LB,0.0,0.0,0.0,0.0,0.0,0.0,0.0,0.0,0.0,0.0,0.0,0.0,0.0,0.0,0.0,0.0,0.0,,roster_only,2026-09-15T19:45:44+00:00
2026,2,401872936,00-0040944,Nyjalik Kelly,GB,NYJ,LB,0.0,0.0,0.0,0.0,0.0,0.0,0.0,0.0,0.0,0.0,0.0,0.0,0.0,0.0,0.0,0.0,0.0,,roster_only,2026-09-15T19:45:44+00:00
2026,2,401872936,00-0040947,TJ Quinn,GB,NYJ,LB,0.0,0.0,0.0,0.0,0.0,0.0,0.0,0.0,0.0,0.0,0.0,0.0,0.0,0.0,0.0,0.0,0.0,,roster_only,2026-09-15T19:45:44+00:00
2026,2,401872936,00-0039812,Ty'Ron Hopper,GB,NYJ,LB,0.0,0.0,0.0,0.0,0.0,0.0,0.0,0.0,0.0,0.0,0.0,0.0,0.0,0.0,0.0,0.0,0.0,Out,roster_only,2026-09-15T19:45:44+00:00
2026,2,401872936,00-0034431,Zaire Franklin,GB,NYJ,LB,0.0,0.0,0.0,0.0,0.0,0.0,0.0,0.0,0.0,0.0,0.0,0.0,0.0,0.0,6.7,3.8,10.8,,recent_defensive_participant,2026-09-15T19:45:44+00:00
2026,2,401872936,00-0036264,Jordan Love,GB,NYJ,QB,221.5,128.1,327.7,1.52,0.8125,8.8,-1.9,23.8,0.0,0.0,0.0,0.0,0.0,0.0,0.0,0.0,0.0,Active,starter,2026-09-15T19:45:44+00:00
2026,2,401872936,00-0039577,Kedon Slovis,GB,NYJ,QB,0.0,0.0,0.0,0.0,0.0,0.0,0.0,0.0,0.0,0.0,0.0,0.0,0.0,0.0,0.0,0.0,0.0,,roster_only,2026-09-15T19:45:44+00:00
2026,2,401872936,00-0028118,Tyrod Taylor,GB,NYJ,QB,0.0,0.0,0.0,0.0,0.0,14.7,1.9,32.6,0.0,0.0,0.0,0.0,0.0,0.0,0.0,0.0,0.0,,backup,2026-09-15T19:45:44+00:00
2026,2,401872936,00-0038685,Chris Brooks,GB,NYJ,RB,0.0,0.0,0.0,0.0,0.0,10.6,-0.1,25.6,7.1,-10.1,35.9,0.0,0.0,0.0,0.0,0.0,0.0,Active,backup,2026-09-15T19:45:44+00:00
2026,2,401872936,00-0040651,Damien Martinez,GB,NYJ,RB,0.0,0.0,0.0,0.0,0.0,0.0,0.0,0.0,0.0,0.0,0.0,0.0,0.0,0.0,0.0,0.0,0.0,,roster_only,2026-09-15T19:45:44+00:00
2026,2,401872936,00-0041139,Damon Bankston,GB,NYJ,RB,0.0,0.0,0.0,0.0,0.0,0.0,0.0,0.0,0.0,0.0,0.0,0.0,0.0,0.0,0.0,0.0,0.0,,roster_only,2026-09-15T19:45:44+00:00
2026,2,401872936,00-0040946,Jaden Nixon,GB,NYJ,RB,0.0,0.0,0.0,0.0,0.0,0.0,0.0,0.0,0.0,0.0,0.0,0.0,0.0,0.0,0.0,0.0,0.0,,roster_only,2026-09-15T19:45:44+00:00
2026,2,401872936,00-0035700,Josh Jacobs,GB,NYJ,RB,0.0,0.0,0.0,0.0,0.0,0.0,0.0,0.0,0.0,0.0,0.0,0.0,0.0,0.0,0.0,0.0,0.0,Out,backup,2026-09-15T19:45:44+00:00
2026,2,401872936,00-0040142,Kaleb Johnson,GB,NYJ,RB,0.0,0.0,0.0,0.0,0.0,9.3,-1.4,24.4,1.7,-15.5,30.5,0.0,0.0,0.0,0.0,0.0,0.0,Active,backup,2026-09-15T19:45:44+00:00
2026,2,401872936,00-0039811,MarShawn Lloyd,GB,NYJ,RB,0.0,0.0,0.0,0.0,0.0,23.3,-0.9,57.3,6.5,-12.1,38.4,0.0,0.0,0.0,0.0,0.0,0.0,Active,starter,2026-09-15T19:45:44+00:00
2026,2,401872936,00-0038098,Pierre Strong,GB,NYJ,RB,0.0,0.0,0.0,0.0,0.0,0.0,0.0,0.0,0.0,0.0,0.0,0.0,0.0,0.0,0.0,0.0,0.0,,roster_only,2026-09-15T19:45:44+00:00
2026,2,401872936,00-0008818,Marlon Jones,GB,NYJ,RCB,0.0,0.0,0.0,0.0,0.0,0.0,0.0,0.0,0.0,0.0,0.0,0.0,0.0,0.0,0.0,0.0,0.0,,backup,2026-09-15T19:45:44+00:00
2026,2,401872936,00-0040628,Drake Dabney,GB,NYJ,TE,0.0,0.0,0.0,0.0,0.0,0.0,0.0,0.0,0.0,0.0,0.0,0.0,0.0,0.0,0.0,0.0,0.0,,roster_only,2026-09-15T19:45:44+00:00
2026,2,401872936,00-0033858,Jonnu Smith,GB,NYJ,TE,0.0,0.0,0.0,0.0,0.0,3.9,-6.8,18.9,17.7,0.6,46.6,0.0,0.0,0.0,0.0,0.0,0.0,Active,backup,2026-09-15T19:45:44+00:00
2026,2,401872936,00-0038589,Josh Whyle,GB,NYJ,TE,0.0,0.0,0.0,0.0,0.0,0.0,-10.8,15.0,7.8,-9.4,36.6,0.0,0.0,0.0,0.0,0.0,0.0,Questionable,backup,2026-09-15T19:45:44+00:00
2026,2,401872936,00-0039144,Luke Musgrave,GB,NYJ,TE,0.0,0.0,0.0,0.0,0.0,0.0,0.0,0.0,0.0,0.0,0.0,0.0,0.0,0.0,0.0,0.0,0.0,,backup,2026-09-15T19:45:44+00:00
2026,2,401872936,00-0040598,Mark Redman,GB,NYJ,TE,0.0,0.0,0.0,0.0,0.0,0.0,-14.7,20.7,4.4,-18.2,45.0,0.0,0.0,0.0,0.0,0.0,0.0,,backup,2026-09-15T19:45:44+00:00
2026,2,401872936,00-0039263,McCallan Castles,GB,NYJ,TE,0.0,0.0,0.0,0.0,0.0,0.0,-14.7,20.7,4.2,-18.5,44.7,0.0,0.0,0.0,0.0,0.0,0.0,,roster_only,2026-09-15T19:45:44+00:00
2026,2,401872936,00-0039936,Thomas Yassmin,GB,NYJ,TE,0.0,0.0,0.0,0.0,0.0,0.0,0.0,0.0,0.0,0.0,0.0,0.0,0.0,0.0,0.0,0.0,0.0,,backup,2026-09-15T19:45:44+00:00
2026,2,401872936,00-0038996,Tucker Kraft,GB,NYJ,TE,0.0,0.0,0.0,0.0,0.0,0.0,-10.7,15.0,36.6,17.0,70.9,0.0,0.0,0.0,0.0,0.0,0.0,Active,starter,2026-09-15T19:45:44+00:00
2026,2,401872936,00-0037091,Bo Melton,GB,NYJ,WR,0.0,0.0,0.0,0.0,0.0,0.8,-9.9,15.8,12.2,-5.0,41.0,0.0,0.0,0.0,0.0,0.0,0.0,Active,backup,2026-09-15T19:45:44+00:00
2026,2,401872936,00-0041179,Chris Hilton Jr.,GB,NYJ,WR,0.0,0.0,0.0,0.0,0.0,0.0,0.0,0.0,0.0,0.0,0.0,0.0,0.0,0.0,0.0,0.0,0.0,,roster_only,2026-09-15T19:45:44+00:00
2026,2,401872936,00-0038124,Christian Watson,GB,NYJ,WR,0.0,0.0,0.0,0.0,0.0,0.3,-10.5,15.3,47.0,20.4,96.2,0.0,0.0,0.0,0.0,0.0,0.0,Active,starter,2026-09-15T19:45:44+00:00
2026,2,401872936,00-0040558,Isaiah Neyor,GB,NYJ,WR,0.0,0.0,0.0,0.0,0.0,0.0,0.0,0.0,0.0,0.0,0.0,0.0,0.0,0.0,0.0,0.0,0.0,,roster_only,2026-09-15T19:45:44+00:00
2026,2,401872936,00-0040948,J. Michael Sturdivant,GB,NYJ,WR,0.0,0.0,0.0,0.0,0.0,0.1,-14.6,20.8,7.1,-15.6,47.6,0.0,0.0,0.0,0.0,0.0,0.0,Active,backup,2026-09-15T19:45:44+00:00
2026,2,401872936,00-0039146,Jayden Reed,GB,NYJ,WR,0.0,0.0,0.0,0.0,0.0,2.3,-8.4,17.3,35.6,9.0,84.8,0.0,0.0,0.0,0.0,0.0,0.0,Active,backup,2026-09-15T19:45:44+00:00
2026,2,401872936,00-0040239,Kaden Prather,GB,NYJ,WR,0.0,0.0,0.0,0.0,0.0,0.0,0.0,0.0,0.0,0.0,0.0,0.0,0.0,0.0,0.0,0.0,0.0,,roster_only,2026-09-15T19:45:44+00:00
2026,2,401872936,00-0040616,Kisean Johnson,GB,NYJ,WR,0.0,0.0,0.0,0.0,0.0,0.0,0.0,0.0,0.0,0.0,0.0,0.0,0.0,0.0,0.0,0.0,0.0,,roster_only,2026-09-15T19:45:44+00:00
2026,2,401872936,00-0040667,Matthew Golden,GB,NYJ,WR,0.0,0.0,0.0,0.0,0.0,1.1,-9.6,16.2,18.8,1.6,47.6,0.0,0.0,0.0,0.0,0.0,0.0,Active,backup,2026-09-15T19:45:44+00:00
2026,2,401872936,00-0040009,Savion Williams,GB,NYJ,WR,0.0,0.0,0.0,0.0,0.0,0.0,0.0,0.0,0.0,0.0,0.0,0.0,0.0,0.0,0.0,0.0,0.0,,backup,2026-09-15T19:45:44+00:00
2026,2,401872936,00-0038090,Skyy Moore,GB,NYJ,WR,0.0,0.0,0.0,0.0,0.0,0.5,-10.2,15.5,4.9,-12.3,33.7,0.0,0.0,0.0,0.0,0.0,0.0,Active,backup,2026-09-15T19:45:44+00:00
2026,2,401872936,00-0036941,Andre Cisco,NYJ,GB,DB,0.0,0.0,0.0,0.0,0.0,0.0,0.0,0.0,0.0,0.0,0.0,0.0,0.0,0.0,4.2,1.5,7.7,,backup,2026-09-15T19:45:44+00:00
2026,2,401872936,00-0040133,Azareye'h Thomas,NYJ,GB,DB,0.0,0.0,0.0,0.0,0.0,0.0,0.0,0.0,0.0,0.0,0.0,0.0,0.0,0.0,3.9,1.3,7.4,,backup,2026-09-15T19:45:44+00:00
2026,2,401872936,00-0036987,Brandon Stephens,NYJ,GB,DB,0.0,0.0,0.0,0.0,0.0,0.0,0.0,0.0,0.0,0.0,0.0,0.0,0.0,0.0,4.3,1.7,7.8,,starter,2026-09-15T19:45:44+00:00
2026,2,401872936,00-0041038,D'Angelo Ponds,NYJ,GB,DB,0.0,0.0,0.0,0.0,0.0,0.0,0.0,0.0,0.0,0.0,0.0,0.0,0.0,0.0,0.0,0.0,0.0,Out,backup,2026-09-15T19:45:44+00:00
2026,2,401872936,00-0038123,Dane Belton,NYJ,GB,DB,0.0,0.0,0.0,0.0,0.0,0.0,0.0,0.0,0.0,0.0,0.0,0.0,0.0,0.0,6.4,3.7,9.9,,starter,2026-09-15T19:45:44+00:00
2026,2,401872936,00-0040396,Dean Clark,NYJ,GB,DB,0.0,0.0,0.0,0.0,0.0,0.0,0.0,0.0,0.0,0.0,0.0,0.0,0.0,0.0,0.0,0.0,0.0,,roster_only,2026-09-15T19:45:44+00:00
2026,2,401872936,00-0039285,Jarius Monroe,NYJ,GB,DB,0.0,0.0,0.0,0.0,0.0,0.0,0.0,0.0,0.0,0.0,0.0,0.0,0.0,0.0,0.0,0.0,0.0,,roster_only,2026-09-15T19:45:44+00:00
2026,2,401872936,00-0039372,Jarvis Brownlee Jr.,NYJ,GB,DB,0.0,0.0,0.0,0.0,0.0,0.0,0.0,0.0,0.0,0.0,0.0,0.0,0.0,0.0,4.3,2.1,7.0,Active,starter,2026-09-15T19:45:44+00:00
2026,2,401872936,00-0040397,Jordan Clark,NYJ,GB,DB,0.0,0.0,0.0,0.0,0.0,0.0,0.0,0.0,0.0,0.0,0.0,0.0,0.0,0.0,0.0,0.0,0.0,,roster_only,2026-09-15T19:45:44+00:00
2026,2,401872936,00-0040499,Keenan Garber,NYJ,GB,DB,0.0,0.0,0.0,0.0,0.0,0.0,0.0,0.0,0.0,0.0,0.0,0.0,0.0,0.0,0.0,0.0,0.0,,roster_only,2026-09-15T19:45:44+00:00
2026,2,401872936,00-0040165,Malachi Moore,NYJ,GB,DB,0.0,0.0,0.0,0.0,0.0,0.0,0.0,0.0,0.0,0.0,0.0,0.0,0.0,0.0,5.6,2.9,9.1,,backup,2026-09-15T19:45:44+00:00
2026,2,401872936,00-0034789,Minkah Fitzpatrick,NYJ,GB,DB,0.0,0.0,0.0,0.0,0.0,0.0,0.0,0.0,0.0,0.0,0.0,0.0,0.0,0.0,5.1,2.4,8.5,Questionable,starter,2026-09-15T19:45:44+00:00
2026,2,401872936,00-0041196,Mory Bamba,NYJ,GB,DB,0.0,0.0,0.0,0.0,0.0,0.0,0.0,0.0,0.0,0.0,0.0,0.0,0.0,0.0,0.0,0.0,0.0,,roster_only,2026-09-15T19:45:44+00:00
2026,2,401872936,00-0036986,Nahshon Wright,NYJ,GB,DB,0.0,0.0,0.0,0.0,0.0,0.0,0.0,0.0,0.0,0.0,0.0,0.0,0.0,0.0,4.3,1.6,7.8,Active,starter,2026-09-15T19:45:44+00:00
2026,2,401872936,00-0039789,Qwan'tez Stiggers,NYJ,GB,DB,0.0,0.0,0.0,0.0,0.0,0.0,0.0,0.0,0.0,0.0,0.0,0.0,0.0,0.0,4.6,1.9,8.1,Active,backup,2026-09-15T19:45:44+00:00
2026,2,401872936,00-0037830,Samuel Womack,NYJ,GB,DB,0.0,0.0,0.0,0.0,0.0,0.0,0.0,0.0,0.0,0.0,0.0,0.0,0.0,0.0,0.0,0.0,0.0,,roster_only,2026-09-15T19:45:44+00:00
2026,2,401872936,00-0041010,Tanner Wall,NYJ,GB,DB,0.0,0.0,0.0,0.0,0.0,0.0,0.0,0.0,0.0,0.0,0.0,0.0,0.0,0.0,0.0,0.0,0.0,,roster_only,2026-09-15T19:45:44+00:00
2026,2,401872936,00-0036885,Tre Brown,NYJ,GB,DB,0.0,0.0,0.0,0.0,0.0,0.0,0.0,0.0,0.0,0.0,0.0,0.0,0.0,0.0,0.0,0.0,0.0,Injured Reserve,backup,2026-09-15T19:45:44+00:00
2026,2,401872936,00-0041120,VJ Payne,NYJ,GB,DB,0.0,0.0,0.0,0.0,0.0,0.0,0.0,0.0,0.0,0.0,0.0,0.0,0.0,0.0,0.0,0.0,0.0,Injured Reserve,backup,2026-09-15T19:45:44+00:00
2026,2,401872936,EKE080143,Paschal Ekeji,NYJ,GB,DE,0.0,0.0,0.0,0.0,0.0,0.0,0.0,0.0,0.0,0.0,0.0,0.0,0.0,0.0,0.0,0.0,0.0,,roster_only,2026-09-15T19:45:44+00:00
2026,2,401872936,00-0041012,Anthony Dunn,NYJ,GB,DL,0.0,0.0,0.0,0.0,0.0,0.0,0.0,0.0,0.0,0.0,0.0,0.0,0.0,0.0,0.0,0.0,0.0,,roster_only,2026-09-15T19:45:44+00:00
2026,2,401872936,00-0041549,Darrell Jackson Jr.,NYJ,GB,DL,0.0,0.0,0.0,0.0,0.0,0.0,0.0,0.0,0.0,0.0,0.0,0.0,0.0,0.0,1.2,0.0,4.7,,backup,2026-09-15T19:45:44+00:00
2026,2,401872936,00-0033051,David Onyemata,NYJ,GB,DL,0.0,0.0,0.0,0.0,0.0,0.0,0.0,0.0,0.0,0.0,0.0,0.0,0.0,0.0,2.2,0.3,4.7,,backup,2026-09-15T19:45:44+00:00
2026,2,401872936,00-0034782,Harrison Phillips,NYJ,GB,DL,0.0,0.0,0.0,0.0,0.0,0.0,0.0,0.0,0.0,0.0,0.0,0.0,0.0,0.0,3.3,1.3,5.7,,starter,2026-09-15T19:45:44+00:00
2026,2,401872936,00-0036788,Jack Heflin,NYJ,GB,DL,0.0,0.0,0.0,0.0,0.0,0.0,0.0,0.0,0.0,0.0,0.0,0.0,0.0,0.0,0.0,0.0,0.0,,roster_only,2026-09-15T19:45:44+00:00
2026,2,401872936,00-0039431,Jowon Briggs,NYJ,GB,DL,0.0,0.0,0.0,0.0,0.0,0.0,0.0,0.0,0.0,0.0,0.0,0.0,0.0,0.0,2.4,0.3,5.2,,backup,2026-09-15T19:45:44+00:00
2026,2,401872936,00-0037431,Kingsley Jonathan,NYJ,GB,DL,0.0,0.0,0.0,0.0,0.0,0.0,0.0,0.0,0.0,0.0,0.0,0.0,0.0,0.0,0.0,0.0,0.0,Injured Reserve,backup,2026-09-15T19:45:44+00:00
2026,2,401872936,00-0040404,Payton Page,NYJ,GB,DL,0.0,0.0,0.0,0.0,0.0,0.0,0.0,0.0,0.0,0.0,0.0,0.0,0.0,0.0,0.0,0.0,0.0,,roster_only,2026-09-15T19:45:44+00:00
2026,2,401872936,00-0039886,T'Vondre Sweat,NYJ,GB,DL,0.0,0.0,0.0,0.0,0.0,0.0,0.0,0.0,0.0,0.0,0.0,0.0,0.0,0.0,2.5,0.6,5.0,,starter,2026-09-15T19:45:44+00:00
2026,2,401872936,00-0038905,Blake Grupe,NYJ,GB,K,0.0,0.0,0.0,0.0,0.0,0.0,0.0,0.0,0.0,0.0,0.0,0.0,0.0,0.0,0.0,0.0,0.0,Active,backup,2026-09-15T19:45:44+00:00
2026,2,401872936,00-0034794,Jason Sanders,NYJ,GB,K,0.0,0.0,0.0,0.0,0.0,0.0,0.0,0.0,0.0,0.0,0.0,6.9,2.4,12.1,0.0,0.0,0.0,Active,starter,2026-09-15T19:45:44+00:00
2026,2,401872936,00-0039284,Braiden McGregor,NYJ,GB,LB,0.0,0.0,0.0,0.0,0.0,0.0,0.0,0.0,0.0,0.0,0.0,0.0,0.0,0.0,2.1,0.2,4.7,,backup,2026-09-15T19:45:44+00:00
2026,2,401872936,00-0041515,Chase Wilson,NYJ,GB,LB,0.0,0.0,0.0,0.0,0.0,0.0,0.0,0.0,0.0,0.0,0.0,0.0,0.0,0.0,0.0,0.0,0.0,,roster_only,2026-09-15T19:45:44+00:00
2026,2,401872936,00-0041026,David Bailey,NYJ,GB,LB,0.0,0.0,0.0,0.0,0.0,0.0,0.0,0.0,0.0,0.0,0.0,0.0,0.0,0.0,1.4,0.0,4.9,,recent_defensive_participant,2026-09-15T19:45:44+00:00
2026,2,401872936,BAI173035,David Bailey,NYJ,GB,LB,0.0,0.0,0.0,0.0,0.0,0.0,0.0,0.0,0.0,0.0,0.0,0.0,0.0,0.0,1.7,0.0,5.2,,backup,2026-09-15T19:45:44+00:00
2026,2,401872936,00-0029607,Demario Davis,NYJ,GB,LB,0.0,0.0,0.0,0.0,0.0,0.0,0.0,0.0,0.0,0.0,0.0,0.0,0.0,0.0,6.8,4.0,11.0,,starter,2026-09-15T19:45:44+00:00
2026,2,401872936,00-0040186,Francisco Mauigoa,NYJ,GB,LB,0.0,0.0,0.0,0.0,0.0,0.0,0.0,0.0,0.0,0.0,0.0,0.0,0.0,0.0,3.2,1.2,5.6,,starter,2026-09-15T19:45:44+00:00
2026,2,401872936,00-0041410,Jaden Keller,NYJ,GB,LB,0.0,0.0,0.0,0.0,0.0,0.0,0.0,0.0,0.0,0.0,0.0,0.0,0.0,0.0,0.0,0.0,0.0,,roster_only,2026-09-15T19:45:44+00:00
2026,2,401872936,00-0036500,Jamien Sherwood,NYJ,GB,LB,0.0,0.0,0.0,0.0,0.0,0.0,0.0,0.0,0.0,0.0,0.0,0.0,0.0,0.0,7.4,5.2,12.2,,starter,2026-09-15T19:45:44+00:00
2026,2,401872936,00-0036902,Joseph Ossai,NYJ,GB,LB,0.0,0.0,0.0,0.0,0.0,0.0,0.0,0.0,0.0,0.0,0.0,0.0,0.0,0.0,0.0,0.0,0.0,Out,backup,2026-09-15T19:45:44+00:00
2026,2,401872936,00-0037083,Kingsley Enagbare,NYJ,GB,LB,0.0,0.0,0.0,0.0,0.0,0.0,0.0,0.0,0.0,0.0,0.0,0.0,0.0,0.0,3.3,0.4,7.3,,starter,2026-09-15T19:45:44+00:00
2026,2,401872936,00-0037526,Marcelino McCrary-Ball,NYJ,GB,LB,0.0,0.0,0.0,0.0,0.0,0.0,0.0,0.0,0.0,0.0,0.0,0.0,0.0,0.0,4.0,1.9,6.4,,backup,2026-09-15T19:45:44+00:00
2026,2,401872936,00-0036300,Mykal Walker,NYJ,GB,LB,0.0,0.0,0.0,0.0,0.0,0.0,0.0,0.0,0.0,0.0,0.0,0.0,0.0,0.0,0.0,0.0,0.0,,roster_only,2026-09-15T19:45:44+00:00
2026,2,401872936,00-0039447,Nate Lynn,NYJ,GB,LB,0.0,0.0,0.0,0.0,0.0,0.0,0.0,0.0,0.0,0.0,0.0,0.0,0.0,0.0,0.0,0.0,0.0,,roster_only,2026-09-15T19:45:44+00:00
2026,2,401872936,00-0040793,Paschal Ekeji,NYJ,GB,LB,0.0,0.0,0.0,0.0,0.0,0.0,0.0,0.0,0.0,0.0,0.0,0.0,0.0,0.0,0.0,0.0,0.0,,roster_only,2026-09-15T19:45:44+00:00
2026,2,401872936,00-0039347,Trevin Wallace,NYJ,GB,LB,0.0,0.0,0.0,0.0,0.0,0.0,0.0,0.0,0.0,0.0,0.0,0.0,0.0,0.0,5.0,2.0,9.0,Active,backup,2026-09-15T19:45:44+00:00
2026,2,401872936,00-0035617,Troy Reeder,NYJ,GB,LB,0.0,0.0,0.0,0.0,0.0,0.0,0.0,0.0,0.0,0.0,0.0,0.0,0.0,0.0,0.0,0.0,0.0,,roster_only,2026-09-15T19:45:44+00:00
2026,2,401872936,00-0040196,Tyler Baron,NYJ,GB,LB,0.0,0.0,0.0,0.0,0.0,0.0,0.0,0.0,0.0,0.0,0.0,0.0,0.0,0.0,0.0,0.0,0.0,,backup,2026-09-15T19:45:44+00:00
2026,2,401872936,00-0039142,Will McDonald IV,NYJ,GB,LB,0.0,0.0,0.0,0.0,0.0,0.0,0.0,0.0,0.0,0.0,0.0,0.0,0.0,0.0,2.6,0.0,6.7,,starter,2026-09-15T19:45:44+00:00
2026,2,401872936,00-0038108,Bailey Zappe,NYJ,GB,QB,0.0,0.0,0.0,0.0,0.0,0.0,0.0,0.0,0.0,0.0,0.0,0.0,0.0,0.0,0.0,0.0,0.0,,roster_only,2026-09-15T19:45:44+00:00
2026,2,401872936,00-0041056,Cade Klubnik,NYJ,GB,QB,0.0,0.0,0.0,0.0,0.0,8.6,-9.0,33.3,0.0,0.0,0.0,0.0,0.0,0.0,0.0,0.0,0.0,,backup,2026-09-15T19:45:44+00:00
2026,2,401872936,00-0030565,Geno Smith,NYJ,GB,QB,192.5,99.0,298.7,0.929,0.6316617708352545,7.5,-3.2,22.6,0.0,0.0,0.0,0.0,0.0,0.0,0.0,0.0,0.0,Active,starter,2026-09-15T19:45:44+00:00
2026,2,401872936,HEN032810,Al-Jay Henderson,NYJ,GB,RB,0.0,0.0,0.0,0.0,0.0,0.0,0.0,0.0,0.0,0.0,0.0,0.0,0.0,0.0,0.0,0.0,0.0,,roster_only,2026-09-15T19:45:44+00:00
2026,2,401872936,00-0034959,Andrew Beck,NYJ,GB,RB,0.0,0.0,0.0,0.0,0.0,1.7,-9.0,16.8,4.3,-12.9,33.1,0.0,0.0,0.0,0.0,0.0,0.0,,starter,2026-09-15T19:45:44+00:00
2026,2,401872936,00-0039794,Braelon Allen,NYJ,GB,RB,0.0,0.0,0.0,0.0,0.0,21.5,-0.5,52.4,4.2,-12.9,33.1,0.0,0.0,0.0,0.0,0.0,0.0,Active,backup,2026-09-15T19:45:44+00:00
2026,2,401872936,00-0038120,Breece Hall,NYJ,GB,RB,0.0,0.0,0.0,0.0,0.0,73.1,51.1,104.1,17.4,0.3,46.3,0.0,0.0,0.0,0.0,0.0,0.0,Active,starter,2026-09-15T19:45:44+00:00
2026,2,401872936,00-0041239,Chip Trayanum,NYJ,GB,RB,0.0,0.0,0.0,0.0,0.0,0.0,0.0,0.0,0.0,0.0,0.0,0.0,0.0,0.0,0.0,0.0,0.0,,backup,2026-09-15T19:45:44+00:00
2026,2,401872936,00-0040937,Dominic Richardson,NYJ,GB,RB,0.0,0.0,0.0,0.0,0.0,15.0,-15.3,57.5,2.9,-19.7,43.5,0.0,0.0,0.0,0.0,0.0,0.0,,roster_only,2026-09-15T19:45:44+00:00
2026,2,401872936,00-0039798,Isaiah Davis,NYJ,GB,RB,0.0,0.0,0.0,0.0,0.0,18.3,-3.7,49.2,6.8,-10.4,35.6,0.0,0.0,0.0,0.0,0.0,0.0,Active,backup,2026-09-15T19:45:44+00:00
2026,2,401872936,00-0036842,Kene Nwangwu,NYJ,GB,RB,0.0,0.0,0.0,0.0,0.0,0.0,0.0,0.0,0.0,0.0,0.0,0.0,0.0,0.0,0.0,0.0,0.0,Out,backup,2026-09-15T19:45:44+00:00
2026,2,401872936,00-0041237,Chase Curtis,NYJ,GB,TE,0.0,0.0,0.0,0.0,0.0,0.0,0.0,0.0,0.0,0.0,0.0,0.0,0.0,0.0,0.0,0.0,0.0,,roster_only,2026-09-15T19:45:44+00:00
2026,2,401872936,00-0041577,Connor Hulstein,NYJ,GB,TE,0.0,0.0,0.0,0.0,0.0,0.0,-14.8,20.6,3.2,-19.4,43.8,0.0,0.0,0.0,0.0,0.0,0.0,,roster_only,2026-09-15T19:45:44+00:00
2026,2,401872936,00-0037755,Jelani Woods,NYJ,GB,TE,0.0,0.0,0.0,0.0,0.0,0.0,-10.8,14.9,9.9,-7.3,38.7,0.0,0.0,0.0,0.0,0.0,0.0,,backup,2026-09-15T19:45:44+00:00
2026,2,401872936,00-0037805,Jeremy Ruckert,NYJ,GB,TE,0.0,0.0,0.0,0.0,0.0,0.0,-10.8,14.9,12.4,-4.8,41.2,0.0,0.0,0.0,0.0,0.0,0.0,Active,backup,2026-09-15T19:45:44+00:00
2026,2,401872936,00-0041032,Kenyon Sadiq,NYJ,GB,TE,0.0,0.0,0.0,0.0,0.0,0.7,-14.0,21.4,4.9,-17.7,45.5,0.0,0.0,0.0,0.0,0.0,0.0,Active,backup,2026-09-15T19:45:44+00:00
2026,2,401872936,00-0040736,Mason Taylor,NYJ,GB,TE,0.0,0.0,0.0,0.0,0.0,0.0,-10.8,14.9,26.6,6.9,60.8,0.0,0.0,0.0,0.0,0.0,0.0,Active,starter,2026-09-15T19:45:44+00:00
2026,2,401872936,00-0039890,Adonai Mitchell,NYJ,GB,WR,0.0,0.0,0.0,0.0,0.0,0.0,-10.8,15.0,41.9,15.2,91.0,0.0,0.0,0.0,0.0,0.0,0.0,Active,backup,2026-09-15T19:45:44+00:00
2026,2,401872936,00-0040582,Arian Smith,NYJ,GB,WR,0.0,0.0,0.0,0.0,0.0,0.2,-10.5,15.2,4.7,-12.5,33.5,0.0,0.0,0.0,0.0,0.0,0.0,,backup,2026-09-15T19:45:44+00:00
2026,2,401872936,00-0040324,Cam Camper,NYJ,GB,WR,0.0,0.0,0.0,0.0,0.0,0.0,0.0,0.0,0.0,0.0,0.0,0.0,0.0,0.0,0.0,0.0,0.0,,roster_only,2026-09-15T19:45:44+00:00
2026,2,401872936,00-0041199,Caullin Lacy,NYJ,GB,WR,0.0,0.0,0.0,0.0,0.0,0.0,0.0,0.0,0.0,0.0,0.0,0.0,0.0,0.0,0.0,0.0,0.0,,roster_only,2026-09-15T19:45:44+00:00
2026,2,401872936,00-0037740,Garrett Wilson,NYJ,GB,WR,0.0,0.0,0.0,0.0,0.0,0.0,-10.8,15.0,50.4,23.7,99.5,0.0,0.0,0.0,0.0,0.0,0.0,Active,starter,2026-09-15T19:45:44+00:00
2026,2,401872936,00-0039451,Isaiah Williams,NYJ,GB,WR,0.0,0.0,0.0,0.0,0.0,0.2,-10.5,15.2,16.2,-10.5,65.3,0.0,0.0,0.0,0.0,0.0,0.0,Active,backup,2026-09-15T19:45:44+00:00
2026,2,401872936,00-0040405,Jamaal Pritchett,NYJ,GB,WR,0.0,0.0,0.0,0.0,0.0,0.0,0.0,0.0,0.0,0.0,0.0,0.0,0.0,0.0,0.0,0.0,0.0,,roster_only,2026-09-15T19:45:44+00:00
2026,2,401872936,00-0040247,Junior Bergen,NYJ,GB,WR,0.0,0.0,0.0,0.0,0.0,0.0,0.0,0.0,0.0,0.0,0.0,0.0,0.0,0.0,0.0,0.0,0.0,,roster_only,2026-09-15T19:45:44+00:00
2026,2,401872936,00-0041267,Malik McClain,NYJ,GB,WR,0.0,0.0,0.0,0.0,0.0,0.0,0.0,0.0,0.0,0.0,0.0,0.0,0.0,0.0,0.0,0.0,0.0,,roster_only,2026-09-15T19:45:44+00:00
2026,2,401872936,00-0041511,Omar Cooper Jr.,NYJ,GB,WR,0.0,0.0,0.0,0.0,0.0,0.0,-14.8,20.6,6.4,-16.3,46.9,0.0,0.0,0.0,0.0,0.0,0.0,Questionable,backup,2026-09-15T19:45:44+00:00
2026,2,401872936,00-0040553,Quincy Skinner Jr.,NYJ,GB,WR,0.0,0.0,0.0,0.0,0.0,0.0,0.0,0.0,0.0,0.0,0.0,0.0,0.0,0.0,0.0,0.0,0.0,,roster_only,2026-09-15T19:45:44+00:00
2026,2,401872936,00-0033375,Tim Patrick,NYJ,GB,WR,0.0,0.0,0.0,0.0,0.0,0.0,0.0,0.0,0.0,0.0,0.0,0.0,0.0,0.0,0.0,0.0,0.0,Injured Reserve,backup,2026-09-15T19:45:44+00:00
2026,2,401872937,00-0038411,Anthony Johnson,CHI,MIN,DB,0.0,0.0,0.0,0.0,0.0,0.0,0.0,0.0,0.0,0.0,0.0,0.0,0.0,0.0,0.0,0.0,0.0,,roster_only,2026-09-15T19:45:44+00:00
2026,2,401872937,00-0039454,Beanie Bishop,CHI,MIN,DB,0.0,0.0,0.0,0.0,0.0,0.0,0.0,0.0,0.0,0.0,0.0,0.0,0.0,0.0,0.0,0.0,0.0,,roster_only,2026-09-15T19:45:44+00:00
2026,2,401872937,00-0035357,Cam Lewis,CHI,MIN,DB,0.0,0.0,0.0,0.0,0.0,0.0,0.0,0.0,0.0,0.0,0.0,0.0,0.0,0.0,4.4,2.2,7.1,,starter,2026-09-15T19:45:44+00:00
2026,2,401872937,00-0038568,Clark Phillips III,CHI,MIN,DB,0.0,0.0,0.0,0.0,0.0,0.0,0.0,0.0,0.0,0.0,0.0,0.0,0.0,0.0,0.8,0.0,3.6,,backup,2026-09-15T19:45:44+00:00
2026,2,401872937,00-0038136,Coby Bryant,CHI,MIN,DB,0.0,0.0,0.0,0.0,0.0,0.0,0.0,0.0,0.0,0.0,0.0,0.0,0.0,0.0,0.0,0.0,0.0,,backup,2026-09-15T19:45:44+00:00
2026,2,401872937,00-0037395,Dallis Flowers,CHI,MIN,DB,0.0,0.0,0.0,0.0,0.0,0.0,0.0,0.0,0.0,0.0,0.0,0.0,0.0,0.0,0.0,0.0,0.0,Injured Reserve,backup,2026-09-15T19:45:44+00:00
2026,2,401872937,00-0039378,Deantre Prince,CHI,MIN,DB,0.0,0.0,0.0,0.0,0.0,0.0,0.0,0.0,0.0,0.0,0.0,0.0,0.0,0.0,0.0,0.0,0.0,,roster_only,2026-09-15T19:45:44+00:00
2026,2,401872937,00-0041538,Dillon Thieneman,CHI,MIN,DB,0.0,0.0,0.0,0.0,0.0,0.0,0.0,0.0,0.0,0.0,0.0,0.0,0.0,0.0,3.1,0.3,7.0,,starter,2026-09-15T19:45:44+00:00
2026,2,401872937,00-0040550,Dontae Manning,CHI,MIN,DB,0.0,0.0,0.0,0.0,0.0,0.0,0.0,0.0,0.0,0.0,0.0,0.0,0.0,0.0,0.0,0.0,0.0,,roster_only,2026-09-15T19:45:44+00:00
2026,2,401872937,00-0037096,Elijah Hicks,CHI,MIN,DB,0.0,0.0,0.0,0.0,0.0,0.0,0.0,0.0,0.0,0.0,0.0,0.0,0.0,0.0,1.2,0.0,3.7,Active,backup,2026-09-15T19:45:44+00:00
2026,2,401872937,00-0036292,Jaylon Johnson,CHI,MIN,DB,0.0,0.0,0.0,0.0,0.0,0.0,0.0,0.0,0.0,0.0,0.0,0.0,0.0,0.0,2.7,0.6,5.4,Active,starter,2026-09-15T19:45:44+00:00
2026,2,401872937,00-0037129,Josh Blackwell,CHI,MIN,DB,0.0,0.0,0.0,0.0,0.0,0.0,0.0,0.0,0.0,0.0,0.0,0.0,0.0,0.0,0.7,0.0,3.1,,backup,2026-09-15T19:45:44+00:00
2026,2,401872937,00-0038696,Keidron Smith,CHI,MIN,DB,0.0,0.0,0.0,0.0,0.0,0.0,0.0,0.0,0.0,0.0,0.0,0.0,0.0,0.0,0.0,0.0,0.0,,roster_only,2026-09-15T19:45:44+00:00
2026,2,401872937,00-0038111,Kyler Gordon,CHI,MIN,DB,0.0,0.0,0.0,0.0,0.0,0.0,0.0,0.0,0.0,0.0,0.0,0.0,0.0,0.0,0.0,0.0,0.0,Out,backup,2026-09-15T19:45:44+00:00
2026,2,401872937,00-0041060,Malik Muhammad,CHI,MIN,DB,0.0,0.0,0.0,0.0,0.0,0.0,0.0,0.0,0.0,0.0,0.0,0.0,0.0,0.0,2.3,0.0,6.3,,backup,2026-09-15T19:45:44+00:00
2026,2,401872937,00-0041021,Marlen Sewell,CHI,MIN,DB,0.0,0.0,0.0,0.0,0.0,0.0,0.0,0.0,0.0,0.0,0.0,0.0,0.0,0.0,0.0,0.0,0.0,,roster_only,2026-09-15T19:45:44+00:00
2026,2,401872937,00-0041175,Skyler Thomas,CHI,MIN,DB,0.0,0.0,0.0,0.0,0.0,0.0,0.0,0.0,0.0,0.0,0.0,0.0,0.0,0.0,2.3,0.0,6.3,,backup,2026-09-15T19:45:44+00:00
2026,2,401872937,00-0039071,Tyrique Stevenson,CHI,MIN,DB,0.0,0.0,0.0,0.0,0.0,0.0,0.0,0.0,0.0,0.0,0.0,0.0,0.0,0.0,3.2,1.2,5.7,Active,starter,2026-09-15T19:45:44+00:00
2026,2,401872937,00-0041300,William Wright,CHI,MIN,DB,0.0,0.0,0.0,0.0,0.0,0.0,0.0,0.0,0.0,0.0,0.0,0.0,0.0,0.0,0.0,0.0,0.0,,roster_only,2026-09-15T19:45:44+00:00
2026,2,401872937,00-0033579,Xavier Woods,CHI,MIN,DB,0.0,0.0,0.0,0.0,0.0,0.0,0.0,0.0,0.0,0.0,0.0,0.0,0.0,0.0,0.0,0.0,0.0,Out,starter,2026-09-15T19:45:44+00:00
2026,2,401872937,00-0039840,Austin Booker,CHI,MIN,DL,0.0,0.0,0.0,0.0,0.0,0.0,0.0,0.0,0.0,0.0,0.0,0.0,0.0,0.0,3.1,0.9,5.8,Active,backup,2026-09-15T19:45:44+00:00
2026,2,401872937,00-0037843,Daniel Hardy,CHI,MIN,DL,0.0,0.0,0.0,0.0,0.0,0.0,0.0,0.0,0.0,0.0,0.0,0.0,0.0,0.0,0.7,0.0,3.2,,backup,2026-09-15T19:45:44+00:00
2026,2,401872937,00-0036480,Dayo Odeyingbo,CHI,MIN,DL,0.0,0.0,0.0,0.0,0.0,0.0,0.0,0.0,0.0,0.0,0.0,0.0,0.0,0.0,2.2,0.1,5.0,,starter,2026-09-15T19:45:44+00:00
2026,2,401872937,00-0031583,Grady Jarrett,CHI,MIN,DL,0.0,0.0,0.0,0.0,0.0,0.0,0.0,0.0,0.0,0.0,0.0,0.0,0.0,0.0,3.0,1.0,5.4,,starter,2026-09-15T19:45:44+00:00
2026,2,401872937,00-0036337,James Lynch,CHI,MIN,DL,0.0,0.0,0.0,0.0,0.0,0.0,0.0,0.0,0.0,0.0,0.0,0.0,0.0,0.0,1.0,0.0,3.4,,backup,2026-09-15T19:45:44+00:00
2026,2,401872937,00-0039461,Jamree Kromah,CHI,MIN,DL,0.0,0.0,0.0,0.0,0.0,0.0,0.0,0.0,0.0,0.0,0.0,0.0,0.0,0.0,1.0,0.0,4.5,Active,backup,2026-09-15T19:45:44+00:00
2026,2,401872937,00-0041171,Jayden Loving,CHI,MIN,DL,0.0,0.0,0.0,0.0,0.0,0.0,0.0,0.0,0.0,0.0,0.0,0.0,0.0,0.0,1.2,0.0,4.7,Active,backup,2026-09-15T19:45:44+00:00
2026,2,401872937,00-0038716,Jeremiah Martin,CHI,MIN,DL,0.0,0.0,0.0,0.0,0.0,0.0,0.0,0.0,0.0,0.0,0.0,0.0,0.0,0.0,0.0,0.0,0.0,,roster_only,2026-09-15T19:45:44+00:00
2026,2,401872937,00-0041110,Jordan van den Berg,CHI,MIN,DL,0.0,0.0,0.0,0.0,0.0,0.0,0.0,0.0,0.0,0.0,0.0,0.0,0.0,0.0,1.2,0.0,4.7,,backup,2026-09-15T19:45:44+00:00
2026,2,401872937,00-0034320,Kentavius Street,CHI,MIN,DL,0.0,0.0,0.0,0.0,0.0,0.0,0.0,0.0,0.0,0.0,0.0,0.0,0.0,0.0,2.0,0.1,4.5,,starter,2026-09-15T19:45:44+00:00
2026,2,401872937,00-0034344,Marcus Davenport,CHI,MIN,DL,0.0,0.0,0.0,0.0,0.0,0.0,0.0,0.0,0.0,0.0,0.0,0.0,0.0,0.0,0.0,0.0,0.0,,roster_only,2026-09-15T19:45:44+00:00
2026,2,401872937,00-0035647,Montez Sweat,CHI,MIN,DL,0.0,0.0,0.0,0.0,0.0,0.0,0.0,0.0,0.0,0.0,0.0,0.0,0.0,0.0,2.4,0.5,4.9,,starter,2026-09-15T19:45:44+00:00
2026,2,401872937,00-0036366,Neville Gallimore,CHI,MIN,DL,0.0,0.0,0.0,0.0,0.0,0.0,0.0,0.0,0.0,0.0,0.0,0.0,0.0,0.0,1.8,0.0,4.3,,backup,2026-09-15T19:45:44+00:00
2026,2,401872937,00-0040741,Shemar Turner,CHI,MIN,DL,0.0,0.0,0.0,0.0,0.0,0.0,0.0,0.0,0.0,0.0,0.0,0.0,0.0,0.0,0.0,0.0,0.0,Out,backup,2026-09-15T19:45:44+00:00
2026,2,401872937,00-0031203,Cairo Santos,CHI,MIN,K,0.0,0.0,0.0,0.0,0.0,0.0,0.0,0.0,0.0,0.0,0.0,7.5,3.0,12.8,0.0,0.0,0.0,Active,starter,2026-09-15T19:45:44+00:00
2026,2,401872937,00-0039587,Antonio Grier Jr.,CHI,MIN,LB,0.0,0.0,0.0,0.0,0.0,0.0,0.0,0.0,0.0,0.0,0.0,0.0,0.0,0.0,0.0,0.0,0.0,,roster_only,2026-09-15T19:45:44+00:00
2026,2,401872937,00-0036870,Buddy Johnson,CHI,MIN,LB,0.0,0.0,0.0,0.0,0.0,0.0,0.0,0.0,0.0,0.0,0.0,0.0,0.0,0.0,0.0,0.0,0.0,,roster_only,2026-09-15T19:45:44+00:00
2026,2,401872937,00-0037271,D'Marco Jackson,CHI,MIN,LB,0.0,0.0,0.0,0.0,0.0,0.0,0.0,0.0,0.0,0.0,0.0,0.0,0.0,0.0,1.1,0.0,3.6,,starter,2026-09-15T19:45:44+00:00
2026,2,401872937,00-0035525,Devin Bush,CHI,MIN,LB,0.0,0.0,0.0,0.0,0.0,0.0,0.0,0.0,0.0,0.0,0.0,0.0,0.0,0.0,6.8,4.0,11.0,,starter,2026-09-15T19:45:44+00:00
2026,2,401872937,00-0037109,Jack Sanborn,CHI,MIN,LB,0.0,0.0,0.0,0.0,0.0,0.0,0.0,0.0,0.0,0.0,0.0,0.0,0.0,0.0,1.4,0.0,3.9,,backup,2026-09-15T19:45:44+00:00
2026,2,401872937,00-0036239,Jonathan Garvin,CHI,MIN,LB,0.0,0.0,0.0,0.0,0.0,0.0,0.0,0.0,0.0,0.0,0.0,0.0,0.0,0.0,0.0,0.0,0.0,,backup,2026-09-15T19:45:44+00:00
2026,2,401872937,00-0041085,Keyshaun Elliott,CHI,MIN,LB,0.0,0.0,0.0,0.0,0.0,0.0,0.0,0.0,0.0,0.0,0.0,0.0,0.0,0.0,1.6,0.0,5.1,Active,backup,2026-09-15T19:45:44+00:00
2026,2,401872937,00-0037544,Nephi Sewell,CHI,MIN,LB,0.0,0.0,0.0,0.0,0.0,0.0,0.0,0.0,0.0,0.0,0.0,0.0,0.0,0.0,0.0,0.0,0.0,,backup,2026-09-15T19:45:44+00:00
2026,2,401872937,00-0038390,Noah Sewell,CHI,MIN,LB,0.0,0.0,0.0,0.0,0.0,0.0,0.0,0.0,0.0,0.0,0.0,0.0,0.0,0.0,0.0,0.0,0.0,,backup,2026-09-15T19:45:44+00:00
2026,2,401872937,00-0040167,Ruben Hyppolite II,CHI,MIN,LB,0.0,0.0,0.0,0.0,0.0,0.0,0.0,0.0,0.0,0.0,0.0,0.0,0.0,0.0,0.0,0.0,0.0,,backup,2026-09-15T19:45:44+00:00
2026,2,401872937,00-0035386,T.J. Edwards,CHI,MIN,LB,0.0,0.0,0.0,0.0,0.0,0.0,0.0,0.0,0.0,0.0,0.0,0.0,0.0,0.0,7.2,4.8,11.8,,starter,2026-09-15T19:45:44+00:00
2026,2,401872937,00-0036634,Tony Fields II,CHI,MIN,LB,0.0,0.0,0.0,0.0,0.0,0.0,0.0,0.0,0.0,0.0,0.0,0.0,0.0,0.0,0.0,0.0,0.0,,backup,2026-09-15T19:45:44+00:00
2026,2,401872937,00-0041408,Wayne Matthews II,CHI,MIN,LB,0.0,0.0,0.0,0.0,0.0,0.0,0.0,0.0,0.0,0.0,0.0,0.0,0.0,0.0,0.0,0.0,0.0,,roster_only,2026-09-15T19:45:44+00:00
2026,2,401872937,00-0039918,Caleb Williams,CHI,MIN,QB,204.3,110.8,310.5,1.529,0.8125,26.4,13.6,44.3,0.0,0.0,0.0,0.0,0.0,0.0,0.0,0.0,0.0,Active,starter,2026-09-15T19:45:44+00:00
2026,2,401872937,00-0028986,Case Keenum,CHI,MIN,QB,0.0,0.0,0.0,0.0,0.0,5.8,-4.9,20.8,0.0,0.0,0.0,0.0,0.0,0.0,0.0,0.0,0.0,,backup,2026-09-15T19:45:44+00:00
2026,2,401872937,00-0041172,Miller Moss,CHI,MIN,QB,0.0,0.0,0.0,0.0,0.0,9.3,-8.2,34.0,0.0,0.0,0.0,0.0,0.0,0.0,0.0,0.0,0.0,Active,backup,2026-09-15T19:45:44+00:00
2026,2,401872937,00-0038416,Tyson Bagent,CHI,MIN,QB,0.0,0.0,0.0,0.0,0.0,0.0,0.0,0.0,0.0,0.0,0.0,0.0,0.0,0.0,0.0,0.0,0.0,Out,backup,2026-09-15T19:45:44+00:00
2026,2,401872937,00-0037329,Brittain Brown,CHI,MIN,RB,0.0,0.0,0.0,0.0,0.0,0.0,0.0,0.0,0.0,0.0,0.0,0.0,0.0,0.0,0.0,0.0,0.0,,backup,2026-09-15T19:45:44+00:00
2026,2,401872937,00-0036275,D'Andre Swift,CHI,MIN,RB,0.0,0.0,0.0,0.0,0.0,52.0,30.0,82.9,14.0,-3.2,42.8,0.0,0.0,0.0,0.0,0.0,0.0,Active,starter,2026-09-15T19:45:44+00:00
2026,2,401872937,00-0040236,Kyle Monangai,CHI,MIN,RB,0.0,0.0,0.0,0.0,0.0,40.8,18.8,71.7,12.1,-5.1,40.9,0.0,0.0,0.0,0.0,0.0,0.0,Active,backup,2026-09-15T19:45:44+00:00
2026,2,401872937,00-0039021,Roschon Johnson,CHI,MIN,RB,0.0,0.0,0.0,0.0,0.0,3.1,-7.6,18.2,0.5,-16.7,29.3,0.0,0.0,0.0,0.0,0.0,0.0,,backup,2026-09-15T19:45:44+00:00
2026,2,401872937,00-0036020,Salvon Ahmed,CHI,MIN,RB,0.0,0.0,0.0,0.0,0.0,0.0,0.0,0.0,0.0,0.0,0.0,0.0,0.0,0.0,0.0,0.0,0.0,,roster_only,2026-09-15T19:45:44+00:00
2026,2,401872937,00-0038440,Zavier Scott,CHI,MIN,RB,0.0,0.0,0.0,0.0,0.0,0.0,0.0,0.0,0.0,0.0,0.0,0.0,0.0,0.0,0.0,0.0,0.0,,roster_only,2026-09-15T19:45:44+00:00
2026,2,401872937,00-0036290,Cole Kmet,CHI,MIN,TE,0.0,0.0,0.0,0.0,0.0,0.0,-10.8,15.0,20.6,3.5,49.5,0.0,0.0,0.0,0.0,0.0,0.0,Active,backup,2026-09-15T19:45:44+00:00
2026,2,401872937,00-0040126,Colston Loveland,CHI,MIN,TE,0.0,0.0,0.0,0.0,0.0,0.0,-10.8,15.0,34.9,15.2,69.2,0.0,0.0,0.0,0.0,0.0,0.0,Active,starter,2026-09-15T19:45:44+00:00
2026,2,401872937,00-0041170,Hayden Large,CHI,MIN,TE,0.0,0.0,0.0,0.0,0.0,0.0,0.0,0.0,0.0,0.0,0.0,0.0,0.0,0.0,0.0,0.0,0.0,,backup,2026-09-15T19:45:44+00:00
2026,2,401872937,00-0037031,Nikola Kalinic,CHI,MIN,TE,0.0,0.0,0.0,0.0,0.0,0.0,0.0,0.0,0.0,0.0,0.0,0.0,0.0,0.0,0.0,0.0,0.0,,backup,2026-09-15T19:45:44+00:00
2026,2,401872937,00-0039843,Qadir Ismail,CHI,MIN,TE,0.0,0.0,0.0,0.0,0.0,0.0,0.0,0.0,0.0,0.0,0.0,0.0,0.0,0.0,0.0,0.0,0.0,,roster_only,2026-09-15T19:45:44+00:00
2026,2,401872937,00-0041558,Sam Roush,CHI,MIN,TE,0.0,0.0,0.0,0.0,0.0,0.0,-14.8,20.7,4.1,-18.6,44.6,0.0,0.0,0.0,0.0,0.0,0.0,,backup,2026-09-15T19:45:44+00:00
2026,2,401872937,00-0035039,Stephen Carlson,CHI,MIN,TE,0.0,0.0,0.0,0.0,0.0,0.0,0.0,0.0,0.0,0.0,0.0,0.0,0.0,0.0,0.0,0.0,0.0,,roster_only,2026-09-15T19:45:44+00:00
2026,2,401872937,00-0040275,JP Richardson,CHI,MIN,WR,0.0,0.0,0.0,0.0,0.0,0.0,0.0,0.0,0.0,0.0,0.0,0.0,0.0,0.0,0.0,0.0,0.0,,roster_only,2026-09-15T19:45:44+00:00
2026,2,401872937,00-0040277,Jahdae Walker,CHI,MIN,WR,0.0,0.0,0.0,0.0,0.0,0.0,-10.8,15.0,12.6,-4.6,41.4,0.0,0.0,0.0,0.0,0.0,0.0,Active,backup,2026-09-15T19:45:44+00:00
2026,2,401872937,00-0037380,Kaden Davis,CHI,MIN,WR,0.0,0.0,0.0,0.0,0.0,0.0,-11.8,16.5,3.0,-15.6,34.9,0.0,0.0,0.0,0.0,0.0,0.0,,roster_only,2026-09-15T19:45:44+00:00
2026,2,401872937,00-0032464,Kalif Raymond,CHI,MIN,WR,0.0,0.0,0.0,0.0,0.0,0.0,-10.8,15.0,13.3,-3.9,42.1,0.0,0.0,0.0,0.0,0.0,0.0,Active,backup,2026-09-15T19:45:44+00:00
2026,2,401872937,00-0040735,Luther Burden III,CHI,MIN,WR,0.0,0.0,0.0,0.0,0.0,1.3,-9.4,16.4,39.6,13.0,88.8,0.0,0.0,0.0,0.0,0.0,0.0,Active,backup,2026-09-15T19:45:44+00:00
2026,2,401872937,00-0037708,Maurice Alexander,CHI,MIN,WR,0.0,0.0,0.0,0.0,0.0,0.0,0.0,0.0,0.0,0.0,0.0,0.0,0.0,0.0,0.0,0.0,0.0,,roster_only,2026-09-15T19:45:44+00:00
2026,2,401872937,00-0041168,Omari Kelly,CHI,MIN,WR,0.0,0.0,0.0,0.0,0.0,0.0,0.0,0.0,0.0,0.0,0.0,0.0,0.0,0.0,0.0,0.0,0.0,,roster_only,2026-09-15T19:45:44+00:00
2026,2,401872937,00-0034407,Ray-Ray McCloud,CHI,MIN,WR,0.0,0.0,0.0,0.0,0.0,0.0,-10.7,15.0,10.6,-6.6,39.4,0.0,0.0,0.0,0.0,0.0,0.0,,roster_only,2026-09-15T19:45:44+00:00
2026,2,401872937,00-0039919,Rome Odunze,CHI,MIN,WR,0.0,0.0,0.0,0.0,0.0,0.0,-10.8,15.0,46.4,19.7,95.6,0.0,0.0,0.0,0.0,0.0,0.0,Active,starter,2026-09-15T19:45:44+00:00
2026,2,401872937,00-0035298,Scott Miller,CHI,MIN,WR,0.0,0.0,0.0,0.0,0.0,0.0,0.0,0.0,0.0,0.0,0.0,0.0,0.0,0.0,0.0,0.0,0.0,,roster_only,2026-09-15T19:45:44+00:00
2026,2,401872937,00-0041265,Squirrel White,CHI,MIN,WR,0.0,0.0,0.0,0.0,0.0,0.1,-14.7,20.7,7.0,-15.6,47.6,0.0,0.0,0.0,0.0,0.0,0.0,,roster_only,2026-09-15T19:45:44+00:00
2026,2,401872937,00-0041051,Zavion Thomas,CHI,MIN,WR,0.0,0.0,0.0,0.0,0.0,0.1,-14.7,20.7,7.1,-15.6,47.6,0.0,0.0,0.0,0.0,0.0,0.0,,backup,2026-09-15T19:45:44+00:00
2026,2,401872937,00-0040962,Bryce Phillips,MIN,CHI,DB,0.0,0.0,0.0,0.0,0.0,0.0,0.0,0.0,0.0,0.0,0.0,0.0,0.0,0.0,0.0,0.0,0.0,,roster_only,2026-09-15T19:45:44+00:00
2026,2,401872937,00-0035236,Byron Murphy,MIN,CHI,DB,0.0,0.0,0.0,0.0,0.0,0.0,0.0,0.0,0.0,0.0,0.0,0.0,0.0,0.0,3.7,1.0,7.2,,starter,2026-09-15T19:45:44+00:00
2026,2,401872937,00-0041083,Charles Demmings,MIN,CHI,DB,0.0,0.0,0.0,0.0,0.0,0.0,0.0,0.0,0.0,0.0,0.0,0.0,0.0,0.0,3.0,0.1,6.9,,starter,2026-09-15T19:45:44+00:00
2026,2,401872937,00-0041341,Da'Veawn Armstead,MIN,CHI,DB,0.0,0.0,0.0,0.0,0.0,0.0,0.0,0.0,0.0,0.0,0.0,0.0,0.0,0.0,0.0,0.0,0.0,,roster_only,2026-09-15T19:45:44+00:00
2026,2,401872937,00-0039714,Dwight McGlothern,MIN,CHI,DB,0.0,0.0,0.0,0.0,0.0,0.0,0.0,0.0,0.0,0.0,0.0,0.0,0.0,0.0,0.0,0.0,0.0,,roster_only,2026-09-15T19:45:44+00:00
2026,2,401872937,00-0029606,Harrison Smith,MIN,CHI,DB,0.0,0.0,0.0,0.0,0.0,0.0,0.0,0.0,0.0,0.0,0.0,0.0,0.0,0.0,4.6,1.9,8.1,Active,starter,2026-09-15T19:45:44+00:00
2026,2,401872937,00-0036222,Isaiah Rodgers,MIN,CHI,DB,0.0,0.0,0.0,0.0,0.0,0.0,0.0,0.0,0.0,0.0,0.0,0.0,0.0,0.0,3.4,0.7,6.9,Active,recent_defensive_participant,2026-09-15T19:45:44+00:00
2026,2,401872937,00-0041354,Jacob Thomas,MIN,CHI,DB,0.0,0.0,0.0,0.0,0.0,0.0,0.0,0.0,0.0,0.0,0.0,0.0,0.0,0.0,1.9,0.0,5.9,Active,backup,2026-09-15T19:45:44+00:00
2026,2,401872937,00-0041054,Jakobe Thomas,MIN,CHI,DB,0.0,0.0,0.0,0.0,0.0,0.0,0.0,0.0,0.0,0.0,0.0,0.0,0.0,0.0,1.9,0.0,5.9,Active,backup,2026-09-15T19:45:44+00:00
2026,2,401872937,00-0035795,James Pierre,MIN,CHI,DB,0.0,0.0,0.0,0.0,0.0,0.0,0.0,0.0,0.0,0.0,0.0,0.0,0.0,0.0,4.3,1.6,7.7,,starter,2026-09-15T19:45:44+00:00
2026,2,401872937,00-0041573,Jarod Washington,MIN,CHI,DB,0.0,0.0,0.0,0.0,0.0,0.0,0.0,0.0,0.0,0.0,0.0,0.0,0.0,0.0,0.0,0.0,0.0,,roster_only,2026-09-15T19:45:44+00:00
2026,2,401872937,00-0038578,Jay Ward,MIN,CHI,DB,0.0,0.0,0.0,0.0,0.0,0.0,0.0,0.0,0.0,0.0,0.0,0.0,0.0,0.0,2.6,0.5,5.4,,backup,2026-09-15T19:45:44+00:00
2026,2,401872937,00-0036348,Josh Metellus,MIN,CHI,DB,0.0,0.0,0.0,0.0,0.0,0.0,0.0,0.0,0.0,0.0,0.0,0.0,0.0,0.0,5.6,2.9,9.1,,starter,2026-09-15T19:45:44+00:00
2026,2,401872937,00-0041340,Marcus Allen,MIN,CHI,DB,0.0,0.0,0.0,0.0,0.0,0.0,0.0,0.0,0.0,0.0,0.0,0.0,0.0,0.0,0.0,0.0,0.0,,roster_only,2026-09-15T19:45:44+00:00
2026,2,401872937,00-0034488,Tavierre Thomas,MIN,CHI,DB,0.0,0.0,0.0,0.0,0.0,0.0,0.0,0.0,0.0,0.0,0.0,0.0,0.0,0.0,0.0,0.0,0.0,,roster_only,2026-09-15T19:45:44+00:00
2026,2,401872937,00-0037301,Theo Jackson,MIN,CHI,DB,0.0,0.0,0.0,0.0,0.0,0.0,0.0,0.0,0.0,0.0,0.0,0.0,0.0,0.0,2.8,0.6,5.5,,backup,2026-09-15T19:45:44+00:00
2026,2,401872937,00-0038403,Tre Hawkins III,MIN,CHI,DB,0.0,0.0,0.0,0.0,0.0,0.0,0.0,0.0,0.0,0.0,0.0,0.0,0.0,0.0,0.0,0.0,0.0,,roster_only,2026-09-15T19:45:44+00:00
2026,2,401872937,00-0041344,Tyreek Chappell,MIN,CHI,DB,0.0,0.0,0.0,0.0,0.0,0.0,0.0,0.0,0.0,0.0,0.0,0.0,0.0,0.0,0.0,0.0,0.0,,backup,2026-09-15T19:45:44+00:00
2026,2,401872937,00-0040507,Zemaiah Vaughn,MIN,CHI,DB,0.0,0.0,0.0,0.0,0.0,0.0,0.0,0.0,0.0,0.0,0.0,0.0,0.0,0.0,1.4,0.0,5.3,Active,backup,2026-09-15T19:45:44+00:00
2026,2,401872937,00-0041033,Caleb Banks,MIN,CHI,DL,0.0,0.0,0.0,0.0,0.0,0.0,0.0,0.0,0.0,0.0,0.0,0.0,0.0,0.0,1.3,0.0,4.9,,starter,2026-09-15T19:45:44+00:00
2026,2,401872937,00-0041046,Domonique Orange,MIN,CHI,DL,0.0,0.0,0.0,0.0,0.0,0.0,0.0,0.0,0.0,0.0,0.0,0.0,0.0,0.0,1.2,0.0,4.7,,backup,2026-09-15T19:45:44+00:00
2026,2,401872937,00-0040624,Elijah Williams,MIN,CHI,DL,0.0,0.0,0.0,0.0,0.0,0.0,0.0,0.0,0.0,0.0,0.0,0.0,0.0,0.0,0.8,0.0,3.3,Active,backup,2026-09-15T19:45:44+00:00
2026,2,401872937,00-0040572,Jahvaree Ritzie,MIN,CHI,DL,0.0,0.0,0.0,0.0,0.0,0.0,0.0,0.0,0.0,0.0,0.0,0.0,0.0,0.0,0.0,0.0,0.0,,roster_only,2026-09-15T19:45:44+00:00
2026,2,401872937,00-0038778,Jalen Redmond,MIN,CHI,DL,0.0,0.0,0.0,0.0,0.0,0.0,0.0,0.0,0.0,0.0,0.0,0.0,0.0,0.0,2.9,0.7,5.6,,starter,2026-09-15T19:45:44+00:00
2026,2,401872937,00-0039421,Levi Drake Rodriguez,MIN,CHI,DL,0.0,0.0,0.0,0.0,0.0,0.0,0.0,0.0,0.0,0.0,0.0,0.0,0.0,0.0,2.3,0.4,4.8,,starter,2026-09-15T19:45:44+00:00
2026,2,401872937,00-0036695,Naquan Jones,MIN,CHI,DL,0.0,0.0,0.0,0.0,0.0,0.0,0.0,0.0,0.0,0.0,0.0,0.0,0.0,0.0,0.0,0.0,0.0,,roster_only,2026-09-15T19:45:44+00:00
2026,2,401872937,00-0041432,Smith Vilbert,MIN,CHI,DL,0.0,0.0,0.0,0.0,0.0,0.0,0.0,0.0,0.0,0.0,0.0,0.0,0.0,0.0,0.0,0.0,0.0,,roster_only,2026-09-15T19:45:44+00:00
2026,2,401872937,00-0039720,Taki Taimani,MIN,CHI,DL,0.0,0.0,0.0,0.0,0.0,0.0,0.0,0.0,0.0,0.0,0.0,0.0,0.0,0.0,0.0,0.0,0.0,,backup,2026-09-15T19:45:44+00:00
2026,2,401872937,00-0040173,Tyrion Ingram-Dawkins,MIN,CHI,DL,0.0,0.0,0.0,0.0,0.0,0.0,0.0,0.0,0.0,0.0,0.0,0.0,0.0,0.0,0.9,0.0,3.3,,backup,2026-09-15T19:45:44+00:00
2026,2,401872937,00-0039404,Will Reichard,MIN,CHI,K,0.0,0.0,0.0,0.0,0.0,0.0,0.0,0.0,0.0,0.0,0.0,6.7,2.2,12.0,0.0,0.0,0.0,Active,starter,2026-09-15T19:45:44+00:00
2026,2,401872937,00-0035272,Andrew Van Ginkel,MIN,CHI,LB,0.0,0.0,0.0,0.0,0.0,0.0,0.0,0.0,0.0,0.0,0.0,0.0,0.0,0.0,4.6,1.6,8.5,,starter,2026-09-15T19:45:44+00:00
2026,2,401872937,00-0041431,Bangally Kamara,MIN,CHI,LB,0.0,0.0,0.0,0.0,0.0,0.0,0.0,0.0,0.0,0.0,0.0,0.0,0.0,0.0,0.0,0.0,0.0,,roster_only,2026-09-15T19:45:44+00:00
2026,2,401872937,00-0035276,Blake Cashman,MIN,CHI,LB,0.0,0.0,0.0,0.0,0.0,0.0,0.0,0.0,0.0,0.0,0.0,0.0,0.0,0.0,6.7,3.7,10.7,,recent_defensive_participant,2026-09-15T19:45:44+00:00
2026,2,401872937,00-0039718,Bo Richter,MIN,CHI,LB,0.0,0.0,0.0,0.0,0.0,0.0,0.0,0.0,0.0,0.0,0.0,0.0,0.0,0.0,0.8,0.0,3.3,,backup,2026-09-15T19:45:44+00:00
2026,2,401872937,00-0041353,Cam'Ron Stewart,MIN,CHI,LB,0.0,0.0,0.0,0.0,0.0,0.0,0.0,0.0,0.0,0.0,0.0,0.0,0.0,0.0,0.0,0.0,0.0,,roster_only,2026-09-15T19:45:44+00:00
2026,2,401872937,00-0040496,Chaz Chambliss,MIN,CHI,LB,0.0,0.0,0.0,0.0,0.0,0.0,0.0,0.0,0.0,0.0,0.0,0.0,0.0,0.0,0.7,0.0,3.2,,backup,2026-09-15T19:45:44+00:00
2026,2,401872937,00-0039924,Dallas Turner,MIN,CHI,LB,0.0,0.0,0.0,0.0,0.0,0.0,0.0,0.0,0.0,0.0,0.0,0.0,0.0,0.0,3.1,0.2,7.1,,starter,2026-09-15T19:45:44+00:00
2026,2,401872937,00-0033336,Eric Wilson,MIN,CHI,LB,0.0,0.0,0.0,0.0,0.0,0.0,0.0,0.0,0.0,0.0,0.0,0.0,0.0,0.0,5.6,2.6,9.6,,recent_defensive_participant,2026-09-15T19:45:44+00:00
2026,2,401872937,00-0038807,Ivan Pace Jr.,MIN,CHI,LB,0.0,0.0,0.0,0.0,0.0,0.0,0.0,0.0,0.0,0.0,0.0,0.0,0.0,0.0,1.1,0.0,3.5,,recent_defensive_participant,2026-09-15T19:45:44+00:00
2026,2,401872937,00-0040786,Jacob Roberts,MIN,CHI,LB,0.0,0.0,0.0,0.0,0.0,0.0,0.0,0.0,0.0,0.0,0.0,0.0,0.0,0.0,0.0,0.0,0.0,,roster_only,2026-09-15T19:45:44+00:00
2026,2,401872937,00-0041495,Jake Golday,MIN,CHI,LB,0.0,0.0,0.0,0.0,0.0,0.0,0.0,0.0,0.0,0.0,0.0,0.0,0.0,0.0,0.0,0.0,0.0,,roster_only,2026-09-15T19:45:44+00:00
2026,2,401872937,00-0033872,Jamal Adams,MIN,CHI,LB,0.0,0.0,0.0,0.0,0.0,0.0,0.0,0.0,0.0,0.0,0.0,0.0,0.0,0.0,0.0,0.0,0.0,,roster_only,2026-09-15T19:45:44+00:00
2026,2,401872937,00-0033046,Jihad Ward,MIN,CHI,LB,0.0,0.0,0.0,0.0,0.0,0.0,0.0,0.0,0.0,0.0,0.0,0.0,0.0,0.0,0.0,0.0,0.0,,roster_only,2026-09-15T19:45:44+00:00
2026,2,401872937,00-0037184,Josh Ross,MIN,CHI,LB,0.0,0.0,0.0,0.0,0.0,0.0,0.0,0.0,0.0,0.0,0.0,0.0,0.0,0.0,0.0,0.0,0.0,,roster_only,2026-09-15T19:45:44+00:00
2026,2,401872937,00-0039494,Kenny Dyson,MIN,CHI,LB,0.0,0.0,0.0,0.0,0.0,0.0,0.0,0.0,0.0,0.0,0.0,0.0,0.0,0.0,0.0,0.0,0.0,,roster_only,2026-09-15T19:45:44+00:00
2026,2,401872937,00-0031360,Kyle Van Noy,MIN,CHI,LB,0.0,0.0,0.0,0.0,0.0,0.0,0.0,0.0,0.0,0.0,0.0,0.0,0.0,0.0,1.8,0.0,4.2,,recent_defensive_participant,2026-09-15T19:45:44+00:00
2026,2,401872937,00-0040492,Tyler Batty,MIN,CHI,LB,0.0,0.0,0.0,0.0,0.0,0.0,0.0,0.0,0.0,0.0,0.0,0.0,0.0,0.0,0.0,0.0,0.0,Injured Reserve,backup,2026-09-15T19:45:44+00:00
2026,2,401872937,00-0032950,Carson Wentz,MIN,CHI,QB,0.0,0.0,0.0,0.0,0.0,7.3,-5.5,25.3,0.0,0.0,0.0,0.0,0.0,0.0,0.0,0.0,0.0,Active,backup,2026-09-15T19:45:44+00:00
2026,2,401872937,00-0039923,J.J. McCarthy,MIN,CHI,QB,0.0,0.0,0.0,0.0,0.0,14.9,2.2,32.9,0.0,0.0,0.0,0.0,0.0,0.0,0.0,0.0,0.0,Active,backup,2026-09-15T19:45:44+00:00
2026,2,401872937,00-0035228,Kyler Murray,MIN,CHI,QB,202.0,108.5,308.2,1.37,0.754426610832567,18.9,6.2,36.9,0.0,0.0,0.0,0.0,0.0,0.0,0.0,0.0,0.0,Questionable,starter,2026-09-15T19:45:44+00:00
2026,2,401872937,00-0040494,Max Brosmer,MIN,CHI,QB,0.0,0.0,0.0,0.0,0.0,0.0,0.0,0.0,0.0,0.0,0.0,0.0,0.0,0.0,0.0,0.0,0.0,,roster_only,2026-09-15T19:45:44+00:00
2026,2,401872937,00-0033293,Aaron Jones,MIN,CHI,RB,0.0,0.0,0.0,0.0,0.0,54.2,32.2,85.2,16.0,-1.1,44.8,0.0,0.0,0.0,0.0,0.0,0.0,Active,starter,2026-09-15T19:45:44+00:00
2026,2,401872937,00-0032918,C.J. Ham,MIN,CHI,RB,0.0,0.0,0.0,0.0,0.0,1.1,-9.6,16.1,4.8,-12.4,33.6,0.0,0.0,0.0,0.0,0.0,0.0,,roster_only,2026-09-15T19:45:44+00:00
2026,2,401872937,00-0036425,DeeJay Dallas,MIN,CHI,RB,0.0,0.0,0.0,0.0,0.0,6.0,-4.7,21.1,1.9,-15.3,30.7,0.0,0.0,0.0,0.0,0.0,0.0,,roster_only,2026-09-15T19:45:44+00:00
2026,2,401872937,00-0041104,Demond Claiborne,MIN,CHI,RB,0.0,0.0,0.0,0.0,0.0,14.5,-15.8,57.0,2.8,-19.9,43.3,0.0,0.0,0.0,0.0,0.0,0.0,Active,backup,2026-09-15T19:45:44+00:00
2026,2,401872937,00-0036670,Jermar Jefferson,MIN,CHI,RB,0.0,0.0,0.0,0.0,0.0,0.0,0.0,0.0,0.0,0.0,0.0,0.0,0.0,0.0,0.0,0.0,0.0,,roster_only,2026-09-15T19:45:44+00:00
2026,2,401872937,00-0037525,Jordan Mason,MIN,CHI,RB,0.0,0.0,0.0,0.0,0.0,28.2,6.2,59.1,1.8,-15.3,30.7,0.0,0.0,0.0,0.0,0.0,0.0,Questionable,backup,2026-09-15T19:45:44+00:00
2026,2,401872937,00-0041081,Max Bredeson,MIN,CHI,RB,0.0,0.0,0.0,0.0,0.0,15.1,-15.2,57.6,3.0,-19.7,43.5,0.0,0.0,0.0,0.0,0.0,0.0,,starter,2026-09-15T19:45:44+00:00
2026,2,401872937,00-0040509,Ben Yurosek,MIN,CHI,TE,0.0,0.0,0.0,0.0,0.0,0.0,0.0,0.0,0.0,0.0,0.0,0.0,0.0,0.0,0.0,0.0,0.0,Injured Reserve,backup,2026-09-15T19:45:44+00:00
2026,2,401872937,00-0040504,Bryson Nesbit,MIN,CHI,TE,0.0,0.0,0.0,0.0,0.0,0.0,-14.8,20.6,5.3,-17.4,45.9,0.0,0.0,0.0,0.0,0.0,0.0,,roster_only,2026-09-15T19:45:44+00:00
2026,2,401872937,00-0039631,Cam Grandy,MIN,CHI,TE,0.0,0.0,0.0,0.0,0.0,0.0,0.0,0.0,0.0,0.0,0.0,0.0,0.0,0.0,0.0,0.0,0.0,,roster_only,2026-09-15T19:45:44+00:00
2026,2,401872937,00-0040215,Gavin Bartholomew,MIN,CHI,TE,0.0,0.0,0.0,0.0,0.0,0.0,-14.8,20.6,5.6,-17.0,46.2,0.0,0.0,0.0,0.0,0.0,0.0,,backup,2026-09-15T19:45:44+00:00
2026,2,401872937,00-0035249,Josh Oliver,MIN,CHI,TE,0.0,0.0,0.0,0.0,0.0,0.0,-10.8,15.0,16.1,-1.1,44.9,0.0,0.0,0.0,0.0,0.0,0.0,Active,backup,2026-09-15T19:45:44+00:00
2026,2,401872937,00-0040060,Marshall Lang,MIN,CHI,TE,0.0,0.0,0.0,0.0,0.0,0.0,0.0,0.0,0.0,0.0,0.0,0.0,0.0,0.0,0.0,0.0,0.0,,roster_only,2026-09-15T19:45:44+00:00
2026,2,401872937,00-0041001,Matt Lauter,MIN,CHI,TE,0.0,0.0,0.0,0.0,0.0,0.0,0.0,0.0,0.0,0.0,0.0,0.0,0.0,0.0,0.0,0.0,0.0,,roster_only,2026-09-15T19:45:44+00:00
2026,2,401872937,00-0035229,T.J. Hockenson,MIN,CHI,TE,0.0,0.0,0.0,0.0,0.0,0.0,-10.8,15.0,34.4,17.3,63.2,0.0,0.0,0.0,0.0,0.0,0.0,Active,starter,2026-09-15T19:45:44+00:00
2026,2,401872937,00-0030035,Adam Thielen,MIN,CHI,WR,0.0,0.0,0.0,0.0,0.0,0.0,-10.8,15.0,23.2,6.1,52.0,0.0,0.0,0.0,0.0,0.0,0.0,,roster_only,2026-09-15T19:45:44+00:00
2026,2,401872937,00-0041342,Dillon Bell,MIN,CHI,WR,0.0,0.0,0.0,0.0,0.0,0.0,0.0,0.0,0.0,0.0,0.0,0.0,0.0,0.0,0.0,0.0,0.0,,roster_only,2026-09-15T19:45:44+00:00
2026,2,401872937,00-0040498,Dontae Fleming,MIN,CHI,WR,0.0,0.0,0.0,0.0,0.0,0.0,-14.7,20.7,6.7,-29.0,75.3,0.0,0.0,0.0,0.0,0.0,0.0,,roster_only,2026-09-15T19:45:44+00:00
2026,2,401872937,00-0036259,Jauan Jennings,MIN,CHI,WR,0.0,0.0,0.0,0.0,0.0,0.0,-10.8,15.0,26.8,0.1,75.9,0.0,0.0,0.0,0.0,0.0,0.0,Active,backup,2026-09-15T19:45:44+00:00
2026,2,401872937,00-0039710,Jeshaun Jones,MIN,CHI,WR,0.0,0.0,0.0,0.0,0.0,0.0,0.0,0.0,0.0,0.0,0.0,0.0,0.0,0.0,0.0,0.0,0.0,,backup,2026-09-15T19:45:44+00:00
2026,2,401872937,00-0038994,Jordan Addison,MIN,CHI,WR,0.0,0.0,0.0,0.0,0.0,2.5,-8.2,17.6,28.4,11.2,57.2,0.0,0.0,0.0,0.0,0.0,0.0,Active,backup,2026-09-15T19:45:44+00:00
2026,2,401872937,00-0036322,Justin Jefferson,MIN,CHI,WR,0.0,0.0,0.0,0.0,0.0,0.0,-10.8,14.9,66.3,39.6,115.5,0.0,0.0,0.0,0.0,0.0,0.0,Active,starter,2026-09-15T19:45:44+00:00
2026,2,401872937,00-0041352,Marcus Sanders Jr.,MIN,CHI,WR,0.0,0.0,0.0,0.0,0.0,0.0,0.0,0.0,0.0,0.0,0.0,0.0,0.0,0.0,0.0,0.0,0.0,,roster_only,2026-09-15T19:45:44+00:00
2026,2,401872937,00-0040970,Michael Briscoe,MIN,CHI,WR,0.0,0.0,0.0,0.0,0.0,0.0,0.0,0.0,0.0,0.0,0.0,0.0,0.0,0.0,0.0,0.0,0.0,,roster_only,2026-09-15T19:45:44+00:00
2026,2,401872937,00-0040506,Myles Price,MIN,CHI,WR,0.0,0.0,0.0,0.0,0.0,0.0,-10.7,15.0,0.6,-16.6,29.4,0.0,0.0,0.0,0.0,0.0,0.0,Active,backup,2026-09-15T19:45:44+00:00
2026,2,401872937,00-0040154,Tai Felton,MIN,CHI,WR,0.0,0.0,0.0,0.0,0.0,0.0,-10.8,15.0,1.0,-16.2,29.8,0.0,0.0,0.0,0.0,0.0,0.0,,backup,2026-09-15T19:45:44+00:00
2026,2,401872937,00-0041481,Terrill Davis,MIN,CHI,WR,0.0,0.0,0.0,0.0,0.0,0.0,0.0,0.0,0.0,0.0,0.0,0.0,0.0,0.0,0.0,0.0,0.0,,roster_only,2026-09-15T19:45:44+00:00
2026,2,401872937,00-0041475,Trayvon Rudolph,MIN,CHI,WR,0.0,0.0,0.0,0.0,0.0,0.0,0.0,0.0,0.0,0.0,0.0,0.0,0.0,0.0,0.0,0.0,0.0,,roster_only,2026-09-15T19:45:44+00:00
2026,2,401872938,00-0035270,Amani Oruwariye,BAL,NO,DB,0.0,0.0,0.0,0.0,0.0,0.0,0.0,0.0,0.0,0.0,0.0,0.0,0.0,0.0,0.0,0.0,0.0,,roster_only,2026-09-15T19:45:44+00:00
2026,2,401872938,00-0040073,Bilhal Kone,BAL,NO,DB,0.0,0.0,0.0,0.0,0.0,0.0,0.0,0.0,0.0,0.0,0.0,0.0,0.0,0.0,0.0,0.0,0.0,Injured Reserve,backup,2026-09-15T19:45:44+00:00
2026,2,401872938,00-0040885,Chandler Rivers,BAL,NO,DB,0.0,0.0,0.0,0.0,0.0,0.0,0.0,0.0,0.0,0.0,0.0,0.0,0.0,0.0,1.9,0.0,5.9,Active,backup,2026-09-15T19:45:44+00:00
2026,2,401872938,00-0033548,Chidobe Awuzie,BAL,NO,DB,0.0,0.0,0.0,0.0,0.0,0.0,0.0,0.0,0.0,0.0,0.0,0.0,0.0,0.0,2.8,0.8,5.2,,backup,2026-09-15T19:45:44+00:00
2026,2,401872938,00-0040988,Jahquez Robinson,BAL,NO,DB,0.0,0.0,0.0,0.0,0.0,0.0,0.0,0.0,0.0,0.0,0.0,0.0,0.0,0.0,0.0,0.0,0.0,,backup,2026-09-15T19:45:44+00:00
2026,2,401872938,00-0036302,Jaylinn Hawkins,BAL,NO,DB,0.0,0.0,0.0,0.0,0.0,0.0,0.0,0.0,0.0,0.0,0.0,0.0,0.0,0.0,3.9,1.2,7.4,,starter,2026-09-15T19:45:44+00:00
2026,2,401872938,00-0036395,K'Von Wallace,BAL,NO,DB,0.0,0.0,0.0,0.0,0.0,0.0,0.0,0.0,0.0,0.0,0.0,0.0,0.0,0.0,0.0,0.0,0.0,,roster_only,2026-09-15T19:45:44+00:00
2026,2,401872938,00-0040104,Keondre Jackson,BAL,NO,DB,0.0,0.0,0.0,0.0,0.0,0.0,0.0,0.0,0.0,0.0,0.0,0.0,0.0,0.0,0.6,0.0,3.1,,backup,2026-09-15T19:45:44+00:00
2026,2,401872938,00-0040636,Keyon Martin,BAL,NO,DB,0.0,0.0,0.0,0.0,0.0,0.0,0.0,0.0,0.0,0.0,0.0,0.0,0.0,0.0,1.0,0.0,3.5,,backup,2026-09-15T19:45:44+00:00
2026,2,401872938,00-0038038,Kyle Hamilton,BAL,NO,DB,0.0,0.0,0.0,0.0,0.0,0.0,0.0,0.0,0.0,0.0,0.0,0.0,0.0,0.0,5.6,2.9,9.1,,starter,2026-09-15T19:45:44+00:00
2026,2,401872938,00-0040993,Ladarius Webb Jr.,BAL,NO,DB,0.0,0.0,0.0,0.0,0.0,0.0,0.0,0.0,0.0,0.0,0.0,0.0,0.0,0.0,0.0,0.0,0.0,,roster_only,2026-09-15T19:45:44+00:00
2026,2,401872938,00-0040688,Malaki Starks,BAL,NO,DB,0.0,0.0,0.0,0.0,0.0,0.0,0.0,0.0,0.0,0.0,0.0,0.0,0.0,0.0,5.2,2.5,8.7,Active,starter,2026-09-15T19:45:44+00:00
2026,2,401872938,00-0033281,Marlon Humphrey,BAL,NO,DB,0.0,0.0,0.0,0.0,0.0,0.0,0.0,0.0,0.0,0.0,0.0,0.0,0.0,0.0,3.8,1.2,7.3,,starter,2026-09-15T19:45:44+00:00
2026,2,401872938,00-0040112,Marquise Robinson,BAL,NO,DB,0.0,0.0,0.0,0.0,0.0,0.0,0.0,0.0,0.0,0.0,0.0,0.0,0.0,0.0,0.0,0.0,0.0,,roster_only,2026-09-15T19:45:44+00:00
2026,2,401872938,00-0039232,Nate Wiggins,BAL,NO,DB,0.0,0.0,0.0,0.0,0.0,0.0,0.0,0.0,0.0,0.0,0.0,0.0,0.0,0.0,3.7,1.0,7.2,,starter,2026-09-15T19:45:44+00:00
2026,2,401872938,00-0039234,T.J. Tampa,BAL,NO,DB,0.0,0.0,0.0,0.0,0.0,0.0,0.0,0.0,0.0,0.0,0.0,0.0,0.0,0.0,1.5,0.0,3.9,Questionable,backup,2026-09-15T19:45:44+00:00
2026,2,401872938,00-0040982,Aaron Graves,BAL,NO,DL,0.0,0.0,0.0,0.0,0.0,0.0,0.0,0.0,0.0,0.0,0.0,0.0,0.0,0.0,0.0,0.0,0.0,,roster_only,2026-09-15T19:45:44+00:00
2026,2,401872938,00-0040076,Aeneas Peebles,BAL,NO,DL,0.0,0.0,0.0,0.0,0.0,0.0,0.0,0.0,0.0,0.0,0.0,0.0,0.0,0.0,0.6,0.0,3.1,Active,backup,2026-09-15T19:45:44+00:00
2026,2,401872938,00-0036081,Broderick Washington,BAL,NO,DL,0.0,0.0,0.0,0.0,0.0,0.0,0.0,0.0,0.0,0.0,0.0,0.0,0.0,0.0,1.8,0.0,4.3,,backup,2026-09-15T19:45:44+00:00
2026,2,401872938,00-0026190,Calais Campbell,BAL,NO,DL,0.0,0.0,0.0,0.0,0.0,0.0,0.0,0.0,0.0,0.0,0.0,0.0,0.0,0.0,2.1,0.2,4.6,,starter,2026-09-15T19:45:44+00:00
2026,2,401872938,00-0039938,David Olajiga,BAL,NO,DL,0.0,0.0,0.0,0.0,0.0,0.0,0.0,0.0,0.0,0.0,0.0,0.0,0.0,0.0,0.0,0.0,0.0,,roster_only,2026-09-15T19:45:44+00:00
2026,2,401872938,00-0040995,Dion Wilson,BAL,NO,DL,0.0,0.0,0.0,0.0,0.0,0.0,0.0,0.0,0.0,0.0,0.0,0.0,0.0,0.0,0.0,0.0,0.0,,roster_only,2026-09-15T19:45:44+00:00
2026,2,401872938,00-0030070,John Jenkins,BAL,NO,DL,0.0,0.0,0.0,0.0,0.0,0.0,0.0,0.0,0.0,0.0,0.0,0.0,0.0,0.0,1.7,0.0,4.2,,backup,2026-09-15T19:45:44+00:00
2026,2,401872938,00-0036130,Nnamdi Madubuike,BAL,NO,DL,0.0,0.0,0.0,0.0,0.0,0.0,0.0,0.0,0.0,0.0,0.0,0.0,0.0,0.0,0.0,0.0,0.0,Out,starter,2026-09-15T19:45:44+00:00
2026,2,401872938,00-0040907,Rayshaun Benny,BAL,NO,DL,0.0,0.0,0.0,0.0,0.0,0.0,0.0,0.0,0.0,0.0,0.0,0.0,0.0,0.0,0.0,0.0,0.0,,roster_only,2026-09-15T19:45:44+00:00
2026,2,401872938,00-0037756,Travis Jones,BAL,NO,DL,0.0,0.0,0.0,0.0,0.0,0.0,0.0,0.0,0.0,0.0,0.0,0.0,0.0,0.0,2.6,0.5,5.3,,starter,2026-09-15T19:45:44+00:00
2026,2,401872938,00-0038562,Jake Moody,BAL,NO,K,0.0,0.0,0.0,0.0,0.0,0.0,0.0,0.0,0.0,0.0,0.0,0.0,0.0,0.0,0.0,0.0,0.0,,kicker_role,2026-09-15T19:45:44+00:00
2026,2,401872938,00-0040074,Tyler Loop,BAL,NO,K,0.0,0.0,0.0,0.0,0.0,0.0,0.0,0.0,0.0,0.0,0.0,7.8,3.2,13.0,0.0,0.0,0.0,Active,starter,2026-09-15T19:45:44+00:00
2026,2,401872938,00-0039791,Adisa Isaac,BAL,NO,LB,0.0,0.0,0.0,0.0,0.0,0.0,0.0,0.0,0.0,0.0,0.0,0.0,0.0,0.0,0.0,0.0,0.0,,roster_only,2026-09-15T19:45:44+00:00
2026,2,401872938,00-0039460,Carl Jones,BAL,NO,LB,0.0,0.0,0.0,0.0,0.0,0.0,0.0,0.0,0.0,0.0,0.0,0.0,0.0,0.0,0.0,0.0,0.0,,roster_only,2026-09-15T19:45:44+00:00
2026,2,401872938,00-0040980,Dominic DeLuca,BAL,NO,LB,0.0,0.0,0.0,0.0,0.0,0.0,0.0,0.0,0.0,0.0,0.0,0.0,0.0,0.0,0.0,0.0,0.0,,roster_only,2026-09-15T19:45:44+00:00
2026,2,401872938,00-0040978,Ethan Burke,BAL,NO,LB,0.0,0.0,0.0,0.0,0.0,0.0,0.0,0.0,0.0,0.0,0.0,0.0,0.0,0.0,1.3,0.0,4.9,,backup,2026-09-15T19:45:44+00:00
2026,2,401872938,00-0040037,Jamon Johnson,BAL,NO,LB,0.0,0.0,0.0,0.0,0.0,0.0,0.0,0.0,0.0,0.0,0.0,0.0,0.0,0.0,0.0,0.0,0.0,,roster_only,2026-09-15T19:45:44+00:00
2026,2,401872938,00-0040100,Jay Higgins,BAL,NO,LB,0.0,0.0,0.0,0.0,0.0,0.0,0.0,0.0,0.0,0.0,0.0,0.0,0.0,0.0,0.0,0.0,0.0,Active,roster_only,2026-09-15T19:45:44+00:00
2026,2,401872938,00-0040658,Kaimon Rucker,BAL,NO,LB,0.0,0.0,0.0,0.0,0.0,0.0,0.0,0.0,0.0,0.0,0.0,0.0,0.0,0.0,0.0,0.0,0.0,,roster_only,2026-09-15T19:45:44+00:00
2026,2,401872938,00-0039429,Michael Barrett,BAL,NO,LB,0.0,0.0,0.0,0.0,0.0,0.0,0.0,0.0,0.0,0.0,0.0,0.0,0.0,0.0,0.0,0.0,0.0,,roster_only,2026-09-15T19:45:44+00:00
2026,2,401872938,00-0040722,Mike Green,BAL,NO,LB,0.0,0.0,0.0,0.0,0.0,0.0,0.0,0.0,0.0,0.0,0.0,0.0,0.0,0.0,1.9,0.0,4.4,,backup,2026-09-15T19:45:44+00:00
2026,2,401872938,00-0034874,Roquan Smith,BAL,NO,LB,0.0,0.0,0.0,0.0,0.0,0.0,0.0,0.0,0.0,0.0,0.0,0.0,0.0,0.0,7.0,4.3,11.3,Active,recent_defensive_participant,2026-09-15T19:45:44+00:00
2026,2,401872938,00-0038505,Tavius Robinson,BAL,NO,LB,0.0,0.0,0.0,0.0,0.0,0.0,0.0,0.0,0.0,0.0,0.0,0.0,0.0,0.0,2.8,0.8,5.2,,starter,2026-09-15T19:45:44+00:00
2026,2,401872938,00-0040069,Teddye Buchanan,BAL,NO,LB,0.0,0.0,0.0,0.0,0.0,0.0,0.0,0.0,0.0,0.0,0.0,0.0,0.0,0.0,0.0,0.0,0.0,Out,roster_only,2026-09-15T19:45:44+00:00
2026,2,401872938,00-0038504,Trenton Simpson,BAL,NO,LB,0.0,0.0,0.0,0.0,0.0,0.0,0.0,0.0,0.0,0.0,0.0,0.0,0.0,0.0,4.3,2.3,6.7,,recent_defensive_participant,2026-09-15T19:45:44+00:00
2026,2,401872938,00-0033935,Trey Hendrickson,BAL,NO,LB,0.0,0.0,0.0,0.0,0.0,0.0,0.0,0.0,0.0,0.0,0.0,0.0,0.0,0.0,1.6,0.0,4.0,,starter,2026-09-15T19:45:44+00:00
2026,2,401872938,00-0041494,Zion Young,BAL,NO,LB,0.0,0.0,0.0,0.0,0.0,0.0,0.0,0.0,0.0,0.0,0.0,0.0,0.0,0.0,1.7,0.0,5.1,,backup,2026-09-15T19:45:44+00:00
2026,2,401872938,00-0039464,Austin Reed,BAL,NO,QB,0.0,0.0,0.0,0.0,0.0,0.0,0.0,0.0,0.0,0.0,0.0,0.0,0.0,0.0,0.0,0.0,0.0,,roster_only,2026-09-15T19:45:44+00:00
2026,2,401872938,00-0040981,Joe Fagnano,BAL,NO,QB,0.0,0.0,0.0,0.0,0.0,8.7,-8.9,33.4,0.0,0.0,0.0,0.0,0.0,0.0,0.0,0.0,0.0,Active,backup,2026-09-15T19:45:44+00:00
2026,2,401872938,00-0034796,Lamar Jackson,BAL,NO,QB,187.5,94.0,293.7,1.484,0.8125,25.6,12.8,43.5,0.0,0.0,0.0,0.0,0.0,0.0,0.0,0.0,0.0,Active,starter,2026-09-15T19:45:44+00:00
2026,2,401872938,00-0037327,Skylar Thompson,BAL,NO,QB,0.0,0.0,0.0,0.0,0.0,0.0,0.0,0.0,0.0,0.0,0.0,0.0,0.0,0.0,0.0,0.0,0.0,,backup,2026-09-15T19:45:44+00:00
2026,2,401872938,00-0035993,Tyler Huntley,BAL,NO,QB,0.0,0.0,0.0,0.0,0.0,21.7,8.9,39.6,0.0,0.0,0.0,0.0,0.0,0.0,0.0,0.0,0.0,,backup,2026-09-15T19:45:44+00:00
2026,2,401872938,00-0040888,Adam Randall,BAL,NO,RB,0.0,0.0,0.0,0.0,0.0,0.0,0.0,0.0,0.0,0.0,0.0,0.0,0.0,0.0,0.0,0.0,0.0,Injured Reserve,backup,2026-09-15T19:45:44+00:00
2026,2,401872938,00-0032764,Derrick Henry,BAL,NO,RB,0.0,0.0,0.0,0.0,0.0,105.4,83.4,136.3,7.9,-9.3,36.7,0.0,0.0,0.0,0.0,0.0,0.0,Active,starter,2026-09-15T19:45:44+00:00
2026,2,401872938,00-0040984,Dontae McMillan,BAL,NO,RB,0.0,0.0,0.0,0.0,0.0,0.0,0.0,0.0,0.0,0.0,0.0,0.0,0.0,0.0,0.0,0.0,0.0,,roster_only,2026-09-15T19:45:44+00:00
2026,2,401872938,00-0040991,Elijah Tau-Tolliver,BAL,NO,RB,0.0,0.0,0.0,0.0,0.0,0.0,0.0,0.0,0.0,0.0,0.0,0.0,0.0,0.0,0.0,0.0,0.0,,roster_only,2026-09-15T19:45:44+00:00
2026,2,401872938,00-0035924,Jonathan Ward,BAL,NO,RB,0.0,0.0,0.0,0.0,0.0,0.0,0.0,0.0,0.0,0.0,0.0,0.0,0.0,0.0,0.0,0.0,0.0,,roster_only,2026-09-15T19:45:44+00:00
2026,2,401872938,00-0034975,Justice Hill,BAL,NO,RB,0.0,0.0,0.0,0.0,0.0,7.9,-2.8,22.9,7.1,-10.0,35.9,0.0,0.0,0.0,0.0,0.0,0.0,Active,backup,2026-09-15T19:45:44+00:00
2026,2,401872938,00-0040637,Lucas Scott,BAL,NO,RB,0.0,0.0,0.0,0.0,0.0,0.0,0.0,0.0,0.0,0.0,0.0,0.0,0.0,0.0,0.0,0.0,0.0,,roster_only,2026-09-15T19:45:44+00:00
2026,2,401872938,00-0039796,Rasheen Ali,BAL,NO,RB,0.0,0.0,0.0,0.0,0.0,1.4,-9.3,16.4,4.1,-13.0,32.9,0.0,0.0,0.0,0.0,0.0,0.0,,backup,2026-09-15T19:45:44+00:00
2026,2,401872938,00-0034798,Durham Smythe,BAL,NO,TE,0.0,0.0,0.0,0.0,0.0,0.0,-10.8,15.0,5.0,-12.1,33.8,0.0,0.0,0.0,0.0,0.0,0.0,,backup,2026-09-15T19:45:44+00:00
2026,2,401872938,00-0040887,Josh Cuevas,BAL,NO,TE,0.0,0.0,0.0,0.0,0.0,0.0,-14.8,20.6,3.8,-18.8,44.4,0.0,0.0,0.0,0.0,0.0,0.0,,backup,2026-09-15T19:45:44+00:00
2026,2,401872938,00-0034753,Mark Andrews,BAL,NO,TE,0.0,0.0,0.0,0.0,0.0,0.3,-10.4,15.3,32.8,15.7,61.6,0.0,0.0,0.0,0.0,0.0,0.0,Active,starter,2026-09-15T19:45:44+00:00
2026,2,401872938,00-0040879,Matthew Hibner,BAL,NO,TE,0.0,0.0,0.0,0.0,0.0,0.0,-14.8,20.6,4.2,-18.5,44.7,0.0,0.0,0.0,0.0,0.0,0.0,Active,backup,2026-09-15T19:45:44+00:00
2026,2,401872938,00-0032394,Nick Vannett,BAL,NO,TE,0.0,0.0,0.0,0.0,0.0,0.0,0.0,0.0,0.0,0.0,0.0,0.0,0.0,0.0,0.0,0.0,0.0,,roster_only,2026-09-15T19:45:44+00:00
2026,2,401872938,00-0032398,Chris Moore,BAL,NO,WR,0.0,0.0,0.0,0.0,0.0,0.0,-10.8,15.0,9.0,-8.1,37.8,0.0,0.0,0.0,0.0,0.0,0.0,Active,roster_only,2026-09-15T19:45:44+00:00
2026,2,401872938,00-0039437,Cornelius Johnson,BAL,NO,WR,0.0,0.0,0.0,0.0,0.0,0.0,0.0,0.0,0.0,0.0,0.0,0.0,0.0,0.0,0.0,0.0,0.0,,roster_only,2026-09-15T19:45:44+00:00
2026,2,401872938,00-0040977,Cortez Braham,BAL,NO,WR,0.0,0.0,0.0,0.0,0.0,0.0,0.0,0.0,0.0,0.0,0.0,0.0,0.0,0.0,0.0,0.0,0.0,,roster_only,2026-09-15T19:45:44+00:00
2026,2,401872938,00-0039259,Dayton Wade,BAL,NO,WR,0.0,0.0,0.0,0.0,0.0,0.0,0.0,0.0,0.0,0.0,0.0,0.0,0.0,0.0,0.0,0.0,0.0,,roster_only,2026-09-15T19:45:44+00:00
2026,2,401872938,00-0039792,Devontez Walker,BAL,NO,WR,0.0,0.0,0.0,0.0,0.0,0.0,0.0,0.0,0.0,0.0,0.0,0.0,0.0,0.0,0.0,0.0,0.0,Out,backup,2026-09-15T19:45:44+00:00
2026,2,401872938,00-0040876,Elijah Sarratt,BAL,NO,WR,0.0,0.0,0.0,0.0,0.0,0.0,-14.7,20.7,7.1,-15.5,47.7,0.0,0.0,0.0,0.0,0.0,0.0,Active,backup,2026-09-15T19:45:44+00:00
2026,2,401872938,00-0040870,Ja'Kobi Lane,BAL,NO,WR,0.0,0.0,0.0,0.0,0.0,0.0,-14.8,20.6,6.7,-16.0,47.2,0.0,0.0,0.0,0.0,0.0,0.0,Doubtful,backup,2026-09-15T19:45:44+00:00
2026,2,401872938,00-0040075,LaJohntay Wester,BAL,NO,WR,0.0,0.0,0.0,0.0,0.0,0.0,-10.7,15.1,3.9,-13.3,32.7,0.0,0.0,0.0,0.0,0.0,0.0,,backup,2026-09-15T19:45:44+00:00
2026,2,401872938,00-0040989,Octavian Smith,BAL,NO,WR,0.0,0.0,0.0,0.0,0.0,0.0,0.0,0.0,0.0,0.0,0.0,0.0,0.0,0.0,0.0,0.0,0.0,,roster_only,2026-09-15T19:45:44+00:00
2026,2,401872938,00-0036550,Rashod Bateman,BAL,NO,WR,0.0,0.0,0.0,0.0,0.0,0.0,-10.8,15.0,15.9,-1.2,44.7,0.0,0.0,0.0,0.0,0.0,0.0,Active,backup,2026-09-15T19:45:44+00:00
2026,2,401872938,00-0040986,Ty Pezza,BAL,NO,WR,0.0,0.0,0.0,0.0,0.0,0.0,0.0,0.0,0.0,0.0,0.0,0.0,0.0,0.0,0.0,0.0,0.0,,roster_only,2026-09-15T19:45:44+00:00
2026,2,401872938,00-0040099,Xavier Guillory,BAL,NO,WR,0.0,0.0,0.0,0.0,0.0,0.0,0.0,0.0,0.0,0.0,0.0,0.0,0.0,0.0,0.0,0.0,0.0,,roster_only,2026-09-15T19:45:44+00:00
2026,2,401872938,00-0039064,Zay Flowers,BAL,NO,WR,0.0,0.0,0.0,0.0,0.0,1.0,-9.7,16.1,56.4,29.7,105.5,0.0,0.0,0.0,0.0,0.0,0.0,Questionable,starter,2026-09-15T19:45:44+00:00
2026,2,401872938,00-0040535,Dalys Beanum,NO,BAL,DB,0.0,0.0,0.0,0.0,0.0,0.0,0.0,0.0,0.0,0.0,0.0,0.0,0.0,0.0,0.0,0.0,0.0,,roster_only,2026-09-15T19:45:44+00:00
2026,2,401872938,00-0035665,David Long,NO,BAL,DB,0.0,0.0,0.0,0.0,0.0,0.0,0.0,0.0,0.0,0.0,0.0,0.0,0.0,0.0,0.0,0.0,0.0,Injured Reserve,backup,2026-09-15T19:45:44+00:00
2026,2,401872938,00-0039357,Decamerion Richardson,NO,BAL,DB,0.0,0.0,0.0,0.0,0.0,0.0,0.0,0.0,0.0,0.0,0.0,0.0,0.0,0.0,0.6,0.0,3.1,,backup,2026-09-15T19:45:44+00:00
2026,2,401872938,00-0039725,Jayden Price,NO,BAL,DB,0.0,0.0,0.0,0.0,0.0,0.0,0.0,0.0,0.0,0.0,0.0,0.0,0.0,0.0,1.1,0.0,5.0,,backup,2026-09-15T19:45:44+00:00
2026,2,401872938,00-0040643,Jonas Sanker,NO,BAL,DB,0.0,0.0,0.0,0.0,0.0,0.0,0.0,0.0,0.0,0.0,0.0,0.0,0.0,0.0,5.0,2.3,8.5,,starter,2026-09-15T19:45:44+00:00
2026,2,401872938,00-0038588,Jordan Howden,NO,BAL,DB,0.0,0.0,0.0,0.0,0.0,0.0,0.0,0.0,0.0,0.0,0.0,0.0,0.0,0.0,1.4,0.0,5.0,,backup,2026-09-15T19:45:44+00:00
2026,2,401872938,00-0036253,Julian Blackmon,NO,BAL,DB,0.0,0.0,0.0,0.0,0.0,0.0,0.0,0.0,0.0,0.0,0.0,0.0,0.0,0.0,4.7,2.0,8.1,,starter,2026-09-15T19:45:44+00:00
2026,2,401872938,00-0034361,Justin Reid,NO,BAL,DB,0.0,0.0,0.0,0.0,0.0,0.0,0.0,0.0,0.0,0.0,0.0,0.0,0.0,0.0,5.5,3.2,8.1,,starter,2026-09-15T19:45:44+00:00
2026,2,401872938,00-0039860,Kool-Aid McKinstry,NO,BAL,DB,0.0,0.0,0.0,0.0,0.0,0.0,0.0,0.0,0.0,0.0,0.0,0.0,0.0,0.0,4.1,1.5,7.6,,starter,2026-09-15T19:45:44+00:00
2026,2,401872938,00-0041089,Lorenzo Styles Jr.,NO,BAL,DB,0.0,0.0,0.0,0.0,0.0,0.0,0.0,0.0,0.0,0.0,0.0,0.0,0.0,0.0,0.0,0.0,0.0,Injured Reserve,backup,2026-09-15T19:45:44+00:00
2026,2,401872938,00-0037250,Martin Emerson,NO,BAL,DB,0.0,0.0,0.0,0.0,0.0,0.0,0.0,0.0,0.0,0.0,0.0,0.0,0.0,0.0,3.1,0.5,6.7,,backup,2026-09-15T19:45:44+00:00
2026,2,401872938,00-0040293,Michael Reid,NO,BAL,DB,0.0,0.0,0.0,0.0,0.0,0.0,0.0,0.0,0.0,0.0,0.0,0.0,0.0,0.0,1.5,0.0,5.4,,backup,2026-09-15T19:45:44+00:00
2026,2,401872938,00-0040166,Quincy Riley,NO,BAL,DB,0.0,0.0,0.0,0.0,0.0,0.0,0.0,0.0,0.0,0.0,0.0,0.0,0.0,0.0,2.9,0.3,6.4,Active,starter,2026-09-15T19:45:44+00:00
2026,2,401872938,00-0038781,Rejzohn Wright,NO,BAL,DB,0.0,0.0,0.0,0.0,0.0,0.0,0.0,0.0,0.0,0.0,0.0,0.0,0.0,0.0,0.0,0.0,0.0,,backup,2026-09-15T19:45:44+00:00
2026,2,401872938,00-0041114,TJ Hall,NO,BAL,DB,0.0,0.0,0.0,0.0,0.0,0.0,0.0,0.0,0.0,0.0,0.0,0.0,0.0,0.0,0.0,0.0,0.0,,roster_only,2026-09-15T19:45:44+00:00
2026,2,401872938,00-0041591,Brien Taylor,NO,BAL,DL,0.0,0.0,0.0,0.0,0.0,0.0,0.0,0.0,0.0,0.0,0.0,0.0,0.0,0.0,0.0,0.0,0.0,,roster_only,2026-09-15T19:45:44+00:00
2026,2,401872938,00-0038995,Bryan Bresee,NO,BAL,DL,0.0,0.0,0.0,0.0,0.0,0.0,0.0,0.0,0.0,0.0,0.0,0.0,0.0,0.0,0.0,0.0,0.0,,backup,2026-09-15T19:45:44+00:00
2026,2,401872938,00-0041390,Christen Miller,NO,BAL,DL,0.0,0.0,0.0,0.0,0.0,0.0,0.0,0.0,0.0,0.0,0.0,0.0,0.0,0.0,1.2,0.0,4.7,,backup,2026-09-15T19:45:44+00:00
2026,2,401872938,00-0038387,Colby Wooden,NO,BAL,DL,0.0,0.0,0.0,0.0,0.0,0.0,0.0,0.0,0.0,0.0,0.0,0.0,0.0,0.0,2.7,0.8,5.2,,starter,2026-09-15T19:45:44+00:00
2026,2,401872938,00-0033860,Davon Godchaux,NO,BAL,DL,0.0,0.0,0.0,0.0,0.0,0.0,0.0,0.0,0.0,0.0,0.0,0.0,0.0,0.0,2.3,0.4,4.8,,starter,2026-09-15T19:45:44+00:00
2026,2,401872938,00-0041335,Jay'Viar Suggs,NO,BAL,DL,0.0,0.0,0.0,0.0,0.0,0.0,0.0,0.0,0.0,0.0,0.0,0.0,0.0,0.0,0.0,0.0,0.0,,roster_only,2026-09-15T19:45:44+00:00
2026,2,401872938,00-0037283,John Ridgeway,NO,BAL,DL,0.0,0.0,0.0,0.0,0.0,0.0,0.0,0.0,0.0,0.0,0.0,0.0,0.0,0.0,1.6,0.0,4.0,Active,backup,2026-09-15T19:45:44+00:00
2026,2,401872938,00-0035944,Jonah Williams,NO,BAL,DL,0.0,0.0,0.0,0.0,0.0,0.0,0.0,0.0,0.0,0.0,0.0,0.0,0.0,0.0,0.0,0.0,0.0,,roster_only,2026-09-15T19:45:44+00:00
2026,2,401872938,00-0041163,Kahlil Saunders,NO,BAL,DL,0.0,0.0,0.0,0.0,0.0,0.0,0.0,0.0,0.0,0.0,0.0,0.0,0.0,0.0,0.0,0.0,0.0,,roster_only,2026-09-15T19:45:44+00:00
2026,2,401872938,00-0039401,Khristian Boyd,NO,BAL,DL,0.0,0.0,0.0,0.0,0.0,0.0,0.0,0.0,0.0,0.0,0.0,0.0,0.0,0.0,1.2,0.0,3.7,Active,backup,2026-09-15T19:45:44+00:00
2026,2,401872938,00-0039425,Myles Cole,NO,BAL,DL,0.0,0.0,0.0,0.0,0.0,0.0,0.0,0.0,0.0,0.0,0.0,0.0,0.0,0.0,0.0,0.0,0.0,,backup,2026-09-15T19:45:44+00:00
2026,2,401872938,00-0034760,Nathan Shepherd,NO,BAL,DL,0.0,0.0,0.0,0.0,0.0,0.0,0.0,0.0,0.0,0.0,0.0,0.0,0.0,0.0,2.2,0.3,4.7,,backup,2026-09-15T19:45:44+00:00
2026,2,401872938,00-0040642,Vernon Broughton,NO,BAL,DL,0.0,0.0,0.0,0.0,0.0,0.0,0.0,0.0,0.0,0.0,0.0,0.0,0.0,0.0,1.7,0.0,4.4,,backup,2026-09-15T19:45:44+00:00
2026,2,401872938,00-0039229,Charlie Smyth,NO,BAL,K,0.0,0.0,0.0,0.0,0.0,0.0,0.0,0.0,0.0,0.0,0.0,0.0,0.0,0.0,0.0,0.0,0.0,,kicker_role,2026-09-15T19:45:44+00:00
2026,2,401872938,00-0034161,Daniel Carlson,NO,BAL,K,0.0,0.0,0.0,0.0,0.0,0.0,0.0,0.0,0.0,0.0,0.0,6.7,2.0,12.1,0.0,0.0,0.0,Active,starter,2026-09-15T19:45:44+00:00
2026,2,401872938,00-0038354,Tanner Brown,NO,BAL,K,0.0,0.0,0.0,0.0,0.0,0.0,0.0,0.0,0.0,0.0,0.0,0.0,0.0,0.0,0.0,0.0,0.0,,kicker_role,2026-09-15T19:45:44+00:00
2026,2,401872938,00-0036193,Anfernee Jennings,NO,BAL,LB,0.0,0.0,0.0,0.0,0.0,0.0,0.0,0.0,0.0,0.0,0.0,0.0,0.0,0.0,3.0,1.1,5.5,,backup,2026-09-15T19:45:44+00:00
2026,2,401872938,00-0027962,Cameron Jordan,NO,BAL,LB,0.0,0.0,0.0,0.0,0.0,0.0,0.0,0.0,0.0,0.0,0.0,0.0,0.0,0.0,0.0,0.0,0.0,Out,starter,2026-09-15T19:45:44+00:00
2026,2,401872938,00-0035402,Carl Granderson,NO,BAL,LB,0.0,0.0,0.0,0.0,0.0,0.0,0.0,0.0,0.0,0.0,0.0,0.0,0.0,0.0,2.7,0.8,5.2,,starter,2026-09-15T19:45:44+00:00
2026,2,401872938,00-0036321,Chase Young,NO,BAL,LB,0.0,0.0,0.0,0.0,0.0,0.0,0.0,0.0,0.0,0.0,0.0,0.0,0.0,0.0,2.7,0.7,5.1,,starter,2026-09-15T19:45:44+00:00
2026,2,401872938,00-0036867,Chris Rumph II,NO,BAL,LB,0.0,0.0,0.0,0.0,0.0,0.0,0.0,0.0,0.0,0.0,0.0,0.0,0.0,0.0,1.7,0.0,4.2,Active,backup,2026-09-15T19:45:44+00:00
2026,2,401872938,00-0040155,Danny Stutsman,NO,BAL,LB,0.0,0.0,0.0,0.0,0.0,0.0,0.0,0.0,0.0,0.0,0.0,0.0,0.0,0.0,3.3,1.3,5.7,,recent_defensive_participant,2026-09-15T19:45:44+00:00
2026,2,401872938,00-0040249,Fadil Diggs,NO,BAL,LB,0.0,0.0,0.0,0.0,0.0,0.0,0.0,0.0,0.0,0.0,0.0,0.0,0.0,0.0,0.0,0.0,0.0,,roster_only,2026-09-15T19:45:44+00:00
2026,2,401872938,00-0038693,Garrett Nelson,NO,BAL,LB,0.0,0.0,0.0,0.0,0.0,0.0,0.0,0.0,0.0,0.0,0.0,0.0,0.0,0.0,0.0,0.0,0.0,,roster_only,2026-09-15T19:45:44+00:00
2026,2,401872938,00-0039622,Isaiah Stalbird,NO,BAL,LB,0.0,0.0,0.0,0.0,0.0,0.0,0.0,0.0,0.0,0.0,0.0,0.0,0.0,0.0,0.0,0.0,0.0,,roster_only,2026-09-15T19:45:44+00:00
2026,2,401872938,00-0039288,Jackson Sirmon,NO,BAL,LB,0.0,0.0,0.0,0.0,0.0,0.0,0.0,0.0,0.0,0.0,0.0,0.0,0.0,0.0,0.0,0.0,0.0,,roster_only,2026-09-15T19:45:44+00:00
2026,2,401872938,00-0039388,Jaylan Ford,NO,BAL,LB,0.0,0.0,0.0,0.0,0.0,0.0,0.0,0.0,0.0,0.0,0.0,0.0,0.0,0.0,0.0,0.0,0.0,Injured Reserve,roster_only,2026-09-15T19:45:44+00:00
2026,2,401872938,00-0035316,Kaden Elliss,NO,BAL,LB,0.0,0.0,0.0,0.0,0.0,0.0,0.0,0.0,0.0,0.0,0.0,0.0,0.0,0.0,5.9,2.9,9.9,,recent_defensive_participant,2026-09-15T19:45:44+00:00
2026,2,401872938,00-0041590,Malakai Williams,NO,BAL,LB,0.0,0.0,0.0,0.0,0.0,0.0,0.0,0.0,0.0,0.0,0.0,0.0,0.0,0.0,0.0,0.0,0.0,,roster_only,2026-09-15T19:45:44+00:00
2026,2,401872938,00-0041329,Michael Heldman,NO,BAL,LB,0.0,0.0,0.0,0.0,0.0,0.0,0.0,0.0,0.0,0.0,0.0,0.0,0.0,0.0,0.0,0.0,0.0,,roster_only,2026-09-15T19:45:44+00:00
2026,2,401872938,00-0036927,Pete Werner,NO,BAL,LB,0.0,0.0,0.0,0.0,0.0,0.0,0.0,0.0,0.0,0.0,0.0,0.0,0.0,0.0,3.6,1.6,6.0,Active,recent_defensive_participant,2026-09-15T19:45:44+00:00
2026,2,401872938,00-0038541,Tyree Wilson,NO,BAL,LB,0.0,0.0,0.0,0.0,0.0,0.0,0.0,0.0,0.0,0.0,0.0,0.0,0.0,0.0,2.3,0.3,4.8,,backup,2026-09-15T19:45:44+00:00
2026,2,401872938,00-0040656,Hunter Dekkers,NO,BAL,QB,0.0,0.0,0.0,0.0,0.0,0.0,0.0,0.0,0.0,0.0,0.0,0.0,0.0,0.0,0.0,0.0,0.0,,roster_only,2026-09-15T19:45:44+00:00
2026,2,401872938,00-0039376,Spencer Rattler,NO,BAL,QB,0.0,0.0,0.0,0.0,0.0,9.2,-1.6,24.2,0.0,0.0,0.0,0.0,0.0,0.0,0.0,0.0,0.0,,backup,2026-09-15T19:45:44+00:00
2026,2,401872938,00-0040743,Tyler Shough,NO,BAL,QB,199.1,105.6,305.3,1.337,0.7347113849294546,13.8,1.0,31.8,0.0,0.0,0.0,0.0,0.0,0.0,0.0,0.0,0.0,Active,starter,2026-09-15T19:45:44+00:00
2026,2,401872938,00-0037013,Zach Wilson,NO,BAL,QB,0.0,0.0,0.0,0.0,0.0,4.6,-6.1,19.6,0.0,0.0,0.0,0.0,0.0,0.0,0.0,0.0,0.0,Active,backup,2026-09-15T19:45:44+00:00
2026,2,401872938,00-0033906,Alvin Kamara,NO,BAL,RB,0.0,0.0,0.0,0.0,0.0,0.0,0.0,0.0,0.0,0.0,0.0,0.0,0.0,0.0,0.0,0.0,0.0,Out,backup,2026-09-15T19:45:44+00:00
2026,2,401872938,00-0039373,Audric Estimé,NO,BAL,RB,0.0,0.0,0.0,0.0,0.0,0.0,0.0,0.0,0.0,0.0,0.0,0.0,0.0,0.0,0.0,0.0,0.0,Injured Reserve,backup,2026-09-15T19:45:44+00:00
2026,2,401872938,00-0041326,CJ Donaldson,NO,BAL,RB,0.0,0.0,0.0,0.0,0.0,12.6,-17.6,55.1,4.1,-18.5,44.7,0.0,0.0,0.0,0.0,0.0,0.0,,roster_only,2026-09-15T19:45:44+00:00
2026,2,401872938,00-0040202,Devin Neal,NO,BAL,RB,0.0,0.0,0.0,0.0,0.0,23.3,1.3,54.2,7.9,-9.3,36.7,0.0,0.0,0.0,0.0,0.0,0.0,,roster_only,2026-09-15T19:45:44+00:00
2026,2,401872938,00-0038551,Kendre Miller,NO,BAL,RB,0.0,0.0,0.0,0.0,0.0,13.3,-8.7,44.2,1.8,-15.3,30.6,0.0,0.0,0.0,0.0,0.0,0.0,Active,backup,2026-09-15T19:45:44+00:00
2026,2,401872938,00-0036973,Travis Etienne,NO,BAL,RB,0.0,0.0,0.0,0.0,0.0,44.3,22.3,75.2,25.6,8.5,54.4,0.0,0.0,0.0,0.0,0.0,0.0,Active,starter,2026-09-15T19:45:44+00:00
2026,2,401872938,00-0037276,Ty Chandler,NO,BAL,RB,0.0,0.0,0.0,0.0,0.0,0.0,0.0,0.0,0.0,0.0,0.0,0.0,0.0,0.0,0.0,0.0,0.0,,backup,2026-09-15T19:45:44+00:00
2026,2,401872938,00-0038040,Zamir White,NO,BAL,RB,0.0,0.0,0.0,0.0,0.0,0.0,0.0,0.0,0.0,0.0,0.0,0.0,0.0,0.0,0.0,0.0,0.0,,roster_only,2026-09-15T19:45:44+00:00
2026,2,401872938,00-0041327,Cody Hardy,NO,BAL,TE,0.0,0.0,0.0,0.0,0.0,0.0,0.0,0.0,0.0,0.0,0.0,0.0,0.0,0.0,0.0,0.0,0.0,,roster_only,2026-09-15T19:45:44+00:00
2026,2,401872938,00-0036040,Juwan Johnson,NO,BAL,TE,0.0,0.0,0.0,0.0,0.0,0.0,-10.8,14.9,41.6,21.9,75.9,0.0,0.0,0.0,0.0,0.0,0.0,Active,starter,2026-09-15T19:45:44+00:00
2026,2,401872938,00-0040244,Moliki Matavao,NO,BAL,TE,0.0,0.0,0.0,0.0,0.0,0.0,0.0,0.0,0.0,0.0,0.0,0.0,0.0,0.0,0.0,0.0,0.0,,backup,2026-09-15T19:45:44+00:00
2026,2,401872938,00-0035644,Noah Fant,NO,BAL,TE,0.0,0.0,0.0,0.0,0.0,0.0,-10.8,14.9,11.2,-5.9,40.0,0.0,0.0,0.0,0.0,0.0,0.0,Active,backup,2026-09-15T19:45:44+00:00
2026,2,401872938,00-0041041,Oscar Delp,NO,BAL,TE,0.0,0.0,0.0,0.0,0.0,0.0,0.0,0.0,0.0,0.0,0.0,0.0,0.0,0.0,0.0,0.0,0.0,Out,backup,2026-09-15T19:45:44+00:00
2026,2,401872938,00-0037475,Stone Smartt,NO,BAL,TE,0.0,0.0,0.0,0.0,0.0,0.0,0.0,0.0,0.0,0.0,0.0,0.0,0.0,0.0,0.0,0.0,0.0,,roster_only,2026-09-15T19:45:44+00:00
2026,2,401872938,00-0039518,Treyton Welch,NO,BAL,TE,0.0,0.0,0.0,0.0,0.0,0.0,-14.9,20.6,3.9,-18.7,44.5,0.0,0.0,0.0,0.0,0.0,0.0,Active,backup,2026-09-15T19:45:44+00:00
2026,2,401872938,00-0041099,Barion Brown,NO,BAL,WR,0.0,0.0,0.0,0.0,0.0,0.7,-14.0,21.4,5.5,-17.1,46.1,0.0,0.0,0.0,0.0,0.0,0.0,,backup,2026-09-15T19:45:44+00:00
2026,2,401872938,00-0041451,Brock Rechsteiner,NO,BAL,WR,0.0,0.0,0.0,0.0,0.0,0.0,0.0,0.0,0.0,0.0,0.0,0.0,0.0,0.0,0.0,0.0,0.0,,roster_only,2026-09-15T19:45:44+00:00
2026,2,401872938,00-0041067,Bryce Lance,NO,BAL,WR,0.0,0.0,0.0,0.0,0.0,0.0,-14.8,20.6,6.4,-16.2,47.0,0.0,0.0,0.0,0.0,0.0,0.0,Active,backup,2026-09-15T19:45:44+00:00
2026,2,401872938,00-0038979,Cedric Tillman,NO,BAL,WR,0.0,0.0,0.0,0.0,0.0,0.0,0.0,0.0,0.0,0.0,0.0,0.0,0.0,0.0,0.0,0.0,0.0,,roster_only,2026-09-15T19:45:44+00:00
2026,2,401872938,00-0037239,Chris Olave,NO,BAL,WR,0.0,0.0,0.0,0.0,0.0,0.0,-10.8,14.9,59.8,33.1,109.0,0.0,0.0,0.0,0.0,0.0,0.0,Active,starter,2026-09-15T19:45:44+00:00
2026,2,401872938,00-0039424,Devaughn Vele,NO,BAL,WR,0.0,0.0,0.0,0.0,0.0,0.0,-10.8,14.9,32.6,6.0,81.8,0.0,0.0,0.0,0.0,0.0,0.0,Active,backup,2026-09-15T19:45:44+00:00
2026,2,401872938,00-0039907,Ja'Lynn Polk,NO,BAL,WR,0.0,0.0,0.0,0.0,0.0,0.0,-10.8,15.0,7.9,-9.3,36.7,0.0,0.0,0.0,0.0,0.0,0.0,,roster_only,2026-09-15T19:45:44+00:00
2026,2,401872938,00-0038740,Jalen Moreno-Cropper,NO,BAL,WR,0.0,0.0,0.0,0.0,0.0,0.0,0.0,0.0,0.0,0.0,0.0,0.0,0.0,0.0,0.0,0.0,0.0,,roster_only,2026-09-15T19:45:44+00:00
2026,2,401872938,00-0041029,Jordyn Tyson,NO,BAL,WR,0.0,0.0,0.0,0.0,0.0,0.0,0.0,0.0,0.0,0.0,0.0,0.0,0.0,0.0,0.0,0.0,0.0,,backup,2026-09-15T19:45:44+00:00
2026,2,401872938,00-0037231,Kevin Austin Jr.,NO,BAL,WR,0.0,0.0,0.0,0.0,0.0,0.0,-10.8,14.9,27.2,0.5,76.3,0.0,0.0,0.0,0.0,0.0,0.0,,roster_only,2026-09-15T19:45:44+00:00
2026,2,401872938,00-0040633,Kyrese Rowan,NO,BAL,WR,0.0,0.0,0.0,0.0,0.0,0.0,0.0,0.0,0.0,0.0,0.0,0.0,0.0,0.0,0.0,0.0,0.0,,roster_only,2026-09-15T19:45:44+00:00
2026,2,401872938,00-0039623,Mason Tipton,NO,BAL,WR,0.0,0.0,0.0,0.0,0.0,0.0,0.0,0.0,0.0,0.0,0.0,0.0,0.0,0.0,0.0,0.0,0.0,,backup,2026-09-15T19:45:44+00:00
2026,2,401872938,00-0039052,Trey Palmer,NO,BAL,WR,0.0,0.0,0.0,0.0,0.0,0.0,0.0,0.0,0.0,0.0,0.0,0.0,0.0,0.0,0.0,0.0,0.0,,roster_only,2026-09-15T19:45:44+00:00
2026,2,401872939,00-0037833,Tariq Castro-Fields,PHI,TEN,CB,0.0,0.0,0.0,0.0,0.0,0.0,0.0,0.0,0.0,0.0,0.0,0.0,0.0,0.0,0.0,0.0,0.0,,roster_only,2026-09-15T19:45:44+00:00
2026,2,401872939,00-0039267,Andre' Sam,PHI,TEN,DB,0.0,0.0,0.0,0.0,0.0,0.0,0.0,0.0,0.0,0.0,0.0,0.0,0.0,0.0,0.0,0.0,0.0,Injured Reserve,backup,2026-09-15T19:45:44+00:00
2026,2,401872939,00-0040749,Andrew Mukuba,PHI,TEN,DB,0.0,0.0,0.0,0.0,0.0,0.0,0.0,0.0,0.0,0.0,0.0,0.0,0.0,0.0,3.7,1.0,7.2,,starter,2026-09-15T19:45:44+00:00
2026,2,401872939,00-0040905,Cole Wisniewski,PHI,TEN,DB,0.0,0.0,0.0,0.0,0.0,0.0,0.0,0.0,0.0,0.0,0.0,0.0,0.0,0.0,0.0,0.0,0.0,,roster_only,2026-09-15T19:45:44+00:00
2026,2,401872939,00-0039841,Cooper DeJean,PHI,TEN,DB,0.0,0.0,0.0,0.0,0.0,0.0,0.0,0.0,0.0,0.0,0.0,0.0,0.0,0.0,5.3,2.6,8.8,Active,starter,2026-09-15T19:45:44+00:00
2026,2,401872939,00-0038641,Isaiah Bolden,PHI,TEN,DB,0.0,0.0,0.0,0.0,0.0,0.0,0.0,0.0,0.0,0.0,0.0,0.0,0.0,0.0,0.0,0.0,0.0,,roster_only,2026-09-15T19:45:44+00:00
2026,2,401872939,00-0039072,Jakorian Bennett,PHI,TEN,DB,0.0,0.0,0.0,0.0,0.0,0.0,0.0,0.0,0.0,0.0,0.0,0.0,0.0,0.0,0.0,0.0,0.0,,backup,2026-09-15T19:45:44+00:00
2026,2,401872939,00-0039697,Jaylen Mahoney,PHI,TEN,DB,0.0,0.0,0.0,0.0,0.0,0.0,0.0,0.0,0.0,0.0,0.0,0.0,0.0,0.0,0.0,0.0,0.0,,roster_only,2026-09-15T19:45:44+00:00
2026,2,401872939,00-0032580,Jonathan Jones,PHI,TEN,DB,0.0,0.0,0.0,0.0,0.0,0.0,0.0,0.0,0.0,0.0,0.0,0.0,0.0,0.0,3.9,1.3,7.4,Active,backup,2026-09-15T19:45:44+00:00
2026,2,401872939,00-0039140,Kelee Ringo,PHI,TEN,DB,0.0,0.0,0.0,0.0,0.0,0.0,0.0,0.0,0.0,0.0,0.0,0.0,0.0,0.0,1.2,0.0,3.7,,backup,2026-09-15T19:45:44+00:00
2026,2,401872939,00-0040071,Mac McWilliams,PHI,TEN,DB,0.0,0.0,0.0,0.0,0.0,0.0,0.0,0.0,0.0,0.0,0.0,0.0,0.0,0.0,1.2,0.0,4.0,,backup,2026-09-15T19:45:44+00:00
2026,2,401872939,00-0034993,Marcus Epps,PHI,TEN,DB,0.0,0.0,0.0,0.0,0.0,0.0,0.0,0.0,0.0,0.0,0.0,0.0,0.0,0.0,4.8,2.0,8.2,Active,starter,2026-09-15T19:45:44+00:00
2026,2,401872939,00-0040923,Maximus Pulley,PHI,TEN,DB,0.0,0.0,0.0,0.0,0.0,0.0,0.0,0.0,0.0,0.0,0.0,0.0,0.0,0.0,0.0,0.0,0.0,,roster_only,2026-09-15T19:45:44+00:00
2026,2,401872939,00-0036501,Michael Carter II,PHI,TEN,DB,0.0,0.0,0.0,0.0,0.0,0.0,0.0,0.0,0.0,0.0,0.0,0.0,0.0,0.0,2.0,0.1,4.5,,backup,2026-09-15T19:45:44+00:00
2026,2,401872939,00-0039888,Quinyon Mitchell,PHI,TEN,DB,0.0,0.0,0.0,0.0,0.0,0.0,0.0,0.0,0.0,0.0,0.0,0.0,0.0,0.0,3.3,0.7,6.8,,starter,2026-09-15T19:45:44+00:00
2026,2,401872939,00-0037079,Riq Woolen,PHI,TEN,DB,0.0,0.0,0.0,0.0,0.0,0.0,0.0,0.0,0.0,0.0,0.0,0.0,0.0,0.0,3.0,0.8,5.7,,starter,2026-09-15T19:45:44+00:00
2026,2,401872939,00-0040077,Robert Longerbeam,PHI,TEN,DB,0.0,0.0,0.0,0.0,0.0,0.0,0.0,0.0,0.0,0.0,0.0,0.0,0.0,0.0,0.0,0.0,0.0,,roster_only,2026-09-15T19:45:44+00:00
2026,2,401872939,00-0040929,Tucker Large,PHI,TEN,DB,0.0,0.0,0.0,0.0,0.0,0.0,0.0,0.0,0.0,0.0,0.0,0.0,0.0,0.0,0.0,0.0,0.0,,backup,2026-09-15T19:45:44+00:00
2026,2,401872939,00-0036192,A.J. Epenesa,PHI,TEN,DL,0.0,0.0,0.0,0.0,0.0,0.0,0.0,0.0,0.0,0.0,0.0,0.0,0.0,0.0,1.5,0.0,4.0,,backup,2026-09-15T19:45:44+00:00
2026,2,401872939,00-0038978,Byron Young,PHI,TEN,DL,0.0,0.0,0.0,0.0,0.0,0.0,0.0,0.0,0.0,0.0,0.0,0.0,0.0,0.0,1.6,0.0,4.1,Active,backup,2026-09-15T19:45:44+00:00
2026,2,401872939,00-0041315,David Blay Jr.,PHI,TEN,DL,0.0,0.0,0.0,0.0,0.0,0.0,0.0,0.0,0.0,0.0,0.0,0.0,0.0,0.0,0.0,0.0,0.0,,roster_only,2026-09-15T19:45:44+00:00
2026,2,401872939,00-0039265,Gabe Hall,PHI,TEN,DL,0.0,0.0,0.0,0.0,0.0,0.0,0.0,0.0,0.0,0.0,0.0,0.0,0.0,0.0,0.0,0.0,0.0,,roster_only,2026-09-15T19:45:44+00:00
2026,2,401872939,00-0038386,Jalen Carter,PHI,TEN,DL,0.0,0.0,0.0,0.0,0.0,0.0,0.0,0.0,0.0,0.0,0.0,0.0,0.0,0.0,2.5,0.3,5.2,,starter,2026-09-15T19:45:44+00:00
2026,2,401872939,00-0036967,Joe Tryon,PHI,TEN,DL,0.0,0.0,0.0,0.0,0.0,0.0,0.0,0.0,0.0,0.0,0.0,0.0,0.0,0.0,0.0,0.0,0.0,,roster_only,2026-09-15T19:45:44+00:00
2026,2,401872939,00-0037073,Jordan Davis,PHI,TEN,DL,0.0,0.0,0.0,0.0,0.0,0.0,0.0,0.0,0.0,0.0,0.0,0.0,0.0,0.0,3.3,1.3,5.7,,starter,2026-09-15T19:45:44+00:00
2026,2,401872939,00-0038412,Moro Ojomo,PHI,TEN,DL,0.0,0.0,0.0,0.0,0.0,0.0,0.0,0.0,0.0,0.0,0.0,0.0,0.0,0.0,2.1,0.1,4.9,,starter,2026-09-15T19:45:44+00:00
2026,2,401872939,00-0040662,Ty Robinson,PHI,TEN,DL,0.0,0.0,0.0,0.0,0.0,0.0,0.0,0.0,0.0,0.0,0.0,0.0,0.0,0.0,0.6,0.0,3.4,,backup,2026-09-15T19:45:44+00:00
2026,2,401872939,00-0041580,Uar Bernard,PHI,TEN,DL,0.0,0.0,0.0,0.0,0.0,0.0,0.0,0.0,0.0,0.0,0.0,0.0,0.0,0.0,0.0,0.0,0.0,,roster_only,2026-09-15T19:45:44+00:00
2026,2,401872939,00-0041540,Zion Wilson,PHI,TEN,DL,0.0,0.0,0.0,0.0,0.0,0.0,0.0,0.0,0.0,0.0,0.0,0.0,0.0,0.0,0.0,0.0,0.0,,roster_only,2026-09-15T19:45:44+00:00
2026,2,401872939,00-0033787,Jake Elliott,PHI,TEN,K,0.0,0.0,0.0,0.0,0.0,0.0,0.0,0.0,0.0,0.0,0.0,7.2,2.1,13.0,0.0,0.0,0.0,Active,starter,2026-09-15T19:45:44+00:00
2026,2,401872939,00-0038116,Arnold Ebiketie,PHI,TEN,LB,0.0,0.0,0.0,0.0,0.0,0.0,0.0,0.0,0.0,0.0,0.0,0.0,0.0,0.0,1.2,0.0,3.7,,backup,2026-09-15T19:45:44+00:00
2026,2,401872939,00-0040087,Brandon George,PHI,TEN,LB,0.0,0.0,0.0,0.0,0.0,0.0,0.0,0.0,0.0,0.0,0.0,0.0,0.0,0.0,0.0,0.0,0.0,,roster_only,2026-09-15T19:45:44+00:00
2026,2,401872939,00-0037312,Chance Campbell,PHI,TEN,LB,0.0,0.0,0.0,0.0,0.0,0.0,0.0,0.0,0.0,0.0,0.0,0.0,0.0,0.0,0.0,0.0,0.0,,roster_only,2026-09-15T19:45:44+00:00
2026,2,401872939,00-0040922,Deontae Lawson,PHI,TEN,LB,0.0,0.0,0.0,0.0,0.0,0.0,0.0,0.0,0.0,0.0,0.0,0.0,0.0,0.0,0.0,0.0,0.0,,roster_only,2026-09-15T19:45:44+00:00
2026,2,401872939,00-0039740,Jalyx Hunt,PHI,TEN,LB,0.0,0.0,0.0,0.0,0.0,0.0,0.0,0.0,0.0,0.0,0.0,0.0,0.0,0.0,3.2,1.2,5.6,,backup,2026-09-15T19:45:44+00:00
2026,2,401872939,00-0039826,Jeremiah Trotter Jr.,PHI,TEN,LB,0.0,0.0,0.0,0.0,0.0,0.0,0.0,0.0,0.0,0.0,0.0,0.0,0.0,0.0,0.0,0.0,0.0,,roster_only,2026-09-15T19:45:44+00:00
2026,2,401872939,00-0040708,Jihaad Campbell,PHI,TEN,LB,0.0,0.0,0.0,0.0,0.0,0.0,0.0,0.0,0.0,0.0,0.0,0.0,0.0,0.0,4.3,2.3,6.7,Active,recent_defensive_participant,2026-09-15T19:45:44+00:00
2026,2,401872939,00-0036224,Jonathan Greenard,PHI,TEN,LB,0.0,0.0,0.0,0.0,0.0,0.0,0.0,0.0,0.0,0.0,0.0,0.0,0.0,0.0,0.0,0.0,0.0,Out,starter,2026-09-15T19:45:44+00:00
2026,2,401872939,00-0040926,Joshua Weru,PHI,TEN,LB,0.0,0.0,0.0,0.0,0.0,0.0,0.0,0.0,0.0,0.0,0.0,0.0,0.0,0.0,0.0,0.0,0.0,,roster_only,2026-09-15T19:45:44+00:00
2026,2,401872939,00-0040908,Keyshawn James-Newby,PHI,TEN,LB,0.0,0.0,0.0,0.0,0.0,0.0,0.0,0.0,0.0,0.0,0.0,0.0,0.0,0.0,0.0,0.0,0.0,,roster_only,2026-09-15T19:45:44+00:00
2026,2,401872939,00-0041162,Mason Reiger,PHI,TEN,LB,0.0,0.0,0.0,0.0,0.0,0.0,0.0,0.0,0.0,0.0,0.0,0.0,0.0,0.0,0.0,0.0,0.0,,roster_only,2026-09-15T19:45:44+00:00
2026,2,401872939,00-0039013,Nolan Smith,PHI,TEN,LB,0.0,0.0,0.0,0.0,0.0,0.0,0.0,0.0,0.0,0.0,0.0,0.0,0.0,0.0,2.6,0.7,5.1,,starter,2026-09-15T19:45:44+00:00
2026,2,401872939,00-0040013,Smael Mondon Jr.,PHI,TEN,LB,0.0,0.0,0.0,0.0,0.0,0.0,0.0,0.0,0.0,0.0,0.0,0.0,0.0,0.0,0.0,0.0,0.0,,roster_only,2026-09-15T19:45:44+00:00
2026,2,401872939,00-0036418,Zack Baun,PHI,TEN,LB,0.0,0.0,0.0,0.0,0.0,0.0,0.0,0.0,0.0,0.0,0.0,0.0,0.0,0.0,6.8,4.0,11.0,Active,recent_defensive_participant,2026-09-15T19:45:44+00:00
2026,2,401872939,00-0027973,Andy Dalton,PHI,TEN,QB,0.0,0.0,0.0,0.0,0.0,4.9,-5.9,19.9,0.0,0.0,0.0,0.0,0.0,0.0,0.0,0.0,0.0,,backup,2026-09-15T19:45:44+00:00
2026,2,401872939,00-0040891,Cole Payton,PHI,TEN,QB,0.0,0.0,0.0,0.0,0.0,9.1,-8.4,33.8,0.0,0.0,0.0,0.0,0.0,0.0,0.0,0.0,0.0,Active,backup,2026-09-15T19:45:44+00:00
2026,2,401872939,00-0036389,Jalen Hurts,PHI,TEN,QB,200.1,106.6,306.3,1.188,0.6547619047619048,25.4,12.6,43.3,0.0,0.0,0.0,0.0,0.0,0.0,0.0,0.0,0.0,Active,starter,2026-09-15T19:45:44+00:00
2026,2,401872939,00-0038400,Tanner McKee,PHI,TEN,QB,0.0,0.0,0.0,0.0,0.0,3.5,-7.2,18.6,0.0,0.0,0.0,0.0,0.0,0.0,0.0,0.0,0.0,Active,backup,2026-09-15T19:45:44+00:00
2026,2,401872939,00-0039325,Carson Steele,PHI,TEN,RB,0.0,0.0,0.0,0.0,0.0,0.0,0.0,0.0,0.0,0.0,0.0,0.0,0.0,0.0,0.0,0.0,0.0,,roster_only,2026-09-15T19:45:44+00:00
2026,2,401872939,00-0037258,Dameon Pierce,PHI,TEN,RB,0.0,0.0,0.0,0.0,0.0,0.0,0.0,0.0,0.0,0.0,0.0,0.0,0.0,0.0,0.0,0.0,0.0,,roster_only,2026-09-15T19:45:44+00:00
2026,2,401872939,00-0040332,Ja'Quinden Jackson,PHI,TEN,RB,0.0,0.0,0.0,0.0,0.0,0.0,0.0,0.0,0.0,0.0,0.0,0.0,0.0,0.0,0.0,0.0,0.0,,roster_only,2026-09-15T19:45:44+00:00
2026,2,401872939,00-0040586,Jaydon Blue,PHI,TEN,RB,0.0,0.0,0.0,0.0,0.0,0.0,0.0,0.0,0.0,0.0,0.0,0.0,0.0,0.0,0.0,0.0,0.0,,roster_only,2026-09-15T19:45:44+00:00
2026,2,401872939,00-0038678,Jordan Mims,PHI,TEN,RB,0.0,0.0,0.0,0.0,0.0,0.0,0.0,0.0,0.0,0.0,0.0,0.0,0.0,0.0,0.0,0.0,0.0,,roster_only,2026-09-15T19:45:44+00:00
2026,2,401872939,00-0034844,Saquon Barkley,PHI,TEN,RB,0.0,0.0,0.0,0.0,0.0,62.3,40.3,93.2,11.7,-5.4,40.6,0.0,0.0,0.0,0.0,0.0,0.0,Active,starter,2026-09-15T19:45:44+00:00
2026,2,401872939,00-0038555,Tank Bigsby,PHI,TEN,RB,0.0,0.0,0.0,0.0,0.0,11.9,-10.1,42.8,1.8,-15.4,30.6,0.0,0.0,0.0,0.0,0.0,0.0,Active,backup,2026-09-15T19:45:44+00:00
2026,2,401872939,00-0039746,Will Shipley,PHI,TEN,RB,0.0,0.0,0.0,0.0,0.0,4.8,-5.9,19.9,2.6,-14.6,31.4,0.0,0.0,0.0,0.0,0.0,0.0,Active,backup,2026-09-15T19:45:44+00:00
2026,2,401872939,00-0034351,Dallas Goedert,PHI,TEN,TE,0.0,0.0,0.0,0.0,0.0,0.0,-10.7,15.1,50.5,30.8,84.7,0.0,0.0,0.0,0.0,0.0,0.0,Active,starter,2026-09-15T19:45:44+00:00
2026,2,401872939,00-0038498,E.J. Jenkins,PHI,TEN,TE,0.0,0.0,0.0,0.0,0.0,0.0,-11.9,16.5,3.8,-14.8,35.8,0.0,0.0,0.0,0.0,0.0,0.0,,backup,2026-09-15T19:45:44+00:00
2026,2,401872939,00-0041483,Eli Stowers,PHI,TEN,TE,0.0,0.0,0.0,0.0,0.0,0.0,0.0,0.0,0.0,0.0,0.0,0.0,0.0,0.0,0.0,0.0,0.0,Injured Reserve,backup,2026-09-15T19:45:44+00:00
2026,2,401872939,00-0037086,Grant Calcaterra,PHI,TEN,TE,0.0,0.0,0.0,0.0,0.0,0.0,0.0,0.0,0.0,0.0,0.0,0.0,0.0,0.0,0.0,0.0,0.0,,backup,2026-09-15T19:45:44+00:00
2026,2,401872939,00-0033246,Johnny Mundt,PHI,TEN,TE,0.0,0.0,0.0,0.0,0.0,0.0,-10.8,15.0,9.3,-7.9,38.1,0.0,0.0,0.0,0.0,0.0,0.0,,backup,2026-09-15T19:45:44+00:00
2026,2,401872939,00-0037132,Britain Covey,PHI,TEN,WR,0.0,0.0,0.0,0.0,0.0,0.0,-10.7,15.1,0.3,-16.9,29.1,0.0,0.0,0.0,0.0,0.0,0.0,,roster_only,2026-09-15T19:45:44+00:00
2026,2,401872939,00-0037828,Danny Gray,PHI,TEN,WR,0.0,0.0,0.0,0.0,0.0,0.0,0.0,0.0,0.0,0.0,0.0,0.0,0.0,0.0,0.0,0.0,0.0,,roster_only,2026-09-15T19:45:44+00:00
2026,2,401872939,00-0040024,Darius Cooper,PHI,TEN,WR,0.0,0.0,0.0,0.0,0.0,0.0,-10.8,15.0,7.5,-9.7,36.3,0.0,0.0,0.0,0.0,0.0,0.0,,backup,2026-09-15T19:45:44+00:00
2026,2,401872939,00-0036912,DeVonta Smith,PHI,TEN,WR,0.0,0.0,0.0,0.0,0.0,0.0,-10.8,15.0,54.2,27.6,103.4,0.0,0.0,0.0,0.0,0.0,0.0,Active,starter,2026-09-15T19:45:44+00:00
2026,2,401872939,00-0038393,Dontayvion Wicks,PHI,TEN,WR,0.0,0.0,0.0,0.0,0.0,0.0,-10.8,15.0,15.4,-1.8,44.2,0.0,0.0,0.0,0.0,0.0,0.0,Active,backup,2026-09-15T19:45:44+00:00
2026,2,401872939,00-0036980,Elijah Moore,PHI,TEN,WR,0.0,0.0,0.0,0.0,0.0,0.6,-10.1,15.6,10.5,-6.7,39.3,0.0,0.0,0.0,0.0,0.0,0.0,Active,backup,2026-09-15T19:45:44+00:00
2026,2,401872939,00-0038092,Erik Ezukanma,PHI,TEN,WR,0.0,0.0,0.0,0.0,0.0,0.0,0.0,0.0,0.0,0.0,0.0,0.0,0.0,0.0,0.0,0.0,0.0,,roster_only,2026-09-15T19:45:44+00:00
2026,2,401872939,00-0039236,Johnny Wilson,PHI,TEN,WR,0.0,0.0,0.0,0.0,0.0,0.0,0.0,0.0,0.0,0.0,0.0,0.0,0.0,0.0,0.0,0.0,0.0,,backup,2026-09-15T19:45:44+00:00
2026,2,401872939,00-0040867,Makai Lemon,PHI,TEN,WR,0.0,0.0,0.0,0.0,0.0,0.0,-14.8,20.6,6.1,-16.6,46.7,0.0,0.0,0.0,0.0,0.0,0.0,Active,backup,2026-09-15T19:45:44+00:00
2026,2,401872939,00-0035662,Marquise Brown,PHI,TEN,WR,0.0,0.0,0.0,0.0,0.0,0.0,-10.8,15.0,23.3,6.1,52.1,0.0,0.0,0.0,0.0,0.0,0.0,Active,backup,2026-09-15T19:45:44+00:00
2026,2,401872939,00-0037098,Samori Toure,PHI,TEN,WR,0.0,0.0,0.0,0.0,0.0,0.0,0.0,0.0,0.0,0.0,0.0,0.0,0.0,0.0,0.0,0.0,0.0,,roster_only,2026-09-15T19:45:44+00:00
2026,2,401872939,00-0039884,Tahj Washington,PHI,TEN,WR,0.0,0.0,0.0,0.0,0.0,0.0,0.0,0.0,0.0,0.0,0.0,0.0,0.0,0.0,0.0,0.0,0.0,,roster_only,2026-09-15T19:45:44+00:00
2026,2,401872939,00-0038496,Xavier Gipson,PHI,TEN,WR,0.0,0.0,0.0,0.0,0.0,0.0,0.0,0.0,0.0,0.0,0.0,0.0,0.0,0.0,0.0,0.0,0.0,,roster_only,2026-09-15T19:45:44+00:00
2026,2,401872939,00-0037106,Jaylon Jones,TEN,PHI,CB,0.0,0.0,0.0,0.0,0.0,0.0,0.0,0.0,0.0,0.0,0.0,0.0,0.0,0.0,0.0,0.0,0.0,,roster_only,2026-09-15T19:45:44+00:00
2026,2,401872939,00-0038121,Alontae Taylor,TEN,PHI,DB,0.0,0.0,0.0,0.0,0.0,0.0,0.0,0.0,0.0,0.0,0.0,0.0,0.0,0.0,5.0,2.3,8.5,,starter,2026-09-15T19:45:44+00:00
2026,2,401872939,00-0035632,Amani Hooker,TEN,PHI,DB,0.0,0.0,0.0,0.0,0.0,0.0,0.0,0.0,0.0,0.0,0.0,0.0,0.0,0.0,4.8,2.1,8.3,,starter,2026-09-15T19:45:44+00:00
2026,2,401872939,00-0037758,Cordale Flott,TEN,PHI,DB,0.0,0.0,0.0,0.0,0.0,0.0,0.0,0.0,0.0,0.0,0.0,0.0,0.0,0.0,2.8,0.2,6.3,,starter,2026-09-15T19:45:44+00:00
2026,2,401872939,00-0038453,Corey Mayfield Jr.,TEN,PHI,DB,0.0,0.0,0.0,0.0,0.0,0.0,0.0,0.0,0.0,0.0,0.0,0.0,0.0,0.0,0.0,0.0,0.0,,roster_only,2026-09-15T19:45:44+00:00
2026,2,401872939,00-0040659,Derrick Canteen,TEN,PHI,DB,0.0,0.0,0.0,0.0,0.0,0.0,0.0,0.0,0.0,0.0,0.0,0.0,0.0,0.0,0.0,0.0,0.0,,roster_only,2026-09-15T19:45:44+00:00
2026,2,401872939,00-0038620,Erick Hallett,TEN,PHI,DB,0.0,0.0,0.0,0.0,0.0,0.0,0.0,0.0,0.0,0.0,0.0,0.0,0.0,0.0,4.3,1.4,8.1,,backup,2026-09-15T19:45:44+00:00
2026,2,401872939,00-0034357,Isaiah Oliver,TEN,PHI,DB,0.0,0.0,0.0,0.0,0.0,0.0,0.0,0.0,0.0,0.0,0.0,0.0,0.0,0.0,0.0,0.0,0.0,,roster_only,2026-09-15T19:45:44+00:00
2026,2,401872939,00-0040917,Jalen McMurray,TEN,PHI,DB,0.0,0.0,0.0,0.0,0.0,0.0,0.0,0.0,0.0,0.0,0.0,0.0,0.0,0.0,0.0,0.0,0.0,,roster_only,2026-09-15T19:45:44+00:00
2026,2,401872939,00-0038407,Jaylon Jones,TEN,PHI,DB,0.0,0.0,0.0,0.0,0.0,0.0,0.0,0.0,0.0,0.0,0.0,0.0,0.0,0.0,1.3,0.0,3.8,,backup,2026-09-15T19:45:44+00:00
2026,2,401872939,00-0038613,Jerrick Reed II,TEN,PHI,DB,0.0,0.0,0.0,0.0,0.0,0.0,0.0,0.0,0.0,0.0,0.0,0.0,0.0,0.0,0.0,0.0,0.0,,roster_only,2026-09-15T19:45:44+00:00
2026,2,401872939,00-0038043,Joshua Williams,TEN,PHI,DB,0.0,0.0,0.0,0.0,0.0,0.0,0.0,0.0,0.0,0.0,0.0,0.0,0.0,0.0,0.0,0.0,0.0,Injured Reserve,backup,2026-09-15T19:45:44+00:00
2026,2,401872939,00-0038703,Kendell Brooks,TEN,PHI,DB,0.0,0.0,0.0,0.0,0.0,0.0,0.0,0.0,0.0,0.0,0.0,0.0,0.0,0.0,0.0,0.0,0.0,Injured Reserve,backup,2026-09-15T19:45:44+00:00
2026,2,401872939,00-0040141,Kevin Winston Jr.,TEN,PHI,DB,0.0,0.0,0.0,0.0,0.0,0.0,0.0,0.0,0.0,0.0,0.0,0.0,0.0,0.0,3.4,1.2,6.1,,starter,2026-09-15T19:45:44+00:00
2026,2,401872939,00-0040674,Keydrain Calligan,TEN,PHI,DB,0.0,0.0,0.0,0.0,0.0,0.0,0.0,0.0,0.0,0.0,0.0,0.0,0.0,0.0,0.0,0.0,0.0,,roster_only,2026-09-15T19:45:44+00:00
2026,2,401872939,00-0040201,Marcus Harris,TEN,PHI,DB,0.0,0.0,0.0,0.0,0.0,0.0,0.0,0.0,0.0,0.0,0.0,0.0,0.0,0.0,2.6,0.1,6.2,,starter,2026-09-15T19:45:44+00:00
2026,2,401872939,00-0037136,Mario Goodrich,TEN,PHI,DB,0.0,0.0,0.0,0.0,0.0,0.0,0.0,0.0,0.0,0.0,0.0,0.0,0.0,0.0,0.0,0.0,0.0,,roster_only,2026-09-15T19:45:44+00:00
2026,2,401872939,00-0040093,Melvin Smith,TEN,PHI,DB,0.0,0.0,0.0,0.0,0.0,0.0,0.0,0.0,0.0,0.0,0.0,0.0,0.0,0.0,0.0,0.0,0.0,,roster_only,2026-09-15T19:45:44+00:00
2026,2,401872939,00-0040020,Micah Robinson,TEN,PHI,DB,0.0,0.0,0.0,0.0,0.0,0.0,0.0,0.0,0.0,0.0,0.0,0.0,0.0,0.0,0.7,0.0,3.2,,backup,2026-09-15T19:45:44+00:00
2026,2,401872939,00-0039292,Shemar Bartholomew,TEN,PHI,DB,0.0,0.0,0.0,0.0,0.0,0.0,0.0,0.0,0.0,0.0,0.0,0.0,0.0,0.0,0.0,0.0,0.0,,roster_only,2026-09-15T19:45:44+00:00
2026,2,401872939,00-0036421,Terrell Burgess,TEN,PHI,DB,0.0,0.0,0.0,0.0,0.0,0.0,0.0,0.0,0.0,0.0,0.0,0.0,0.0,0.0,1.2,0.0,3.7,,backup,2026-09-15T19:45:44+00:00
2026,2,401872939,00-0037155,Tony Adams,TEN,PHI,DB,0.0,0.0,0.0,0.0,0.0,0.0,0.0,0.0,0.0,0.0,0.0,0.0,0.0,0.0,3.9,1.7,6.6,,backup,2026-09-15T19:45:44+00:00
2026,2,401872939,00-0040892,Jackie Marshall,TEN,PHI,DL,0.0,0.0,0.0,0.0,0.0,0.0,0.0,0.0,0.0,0.0,0.0,0.0,0.0,0.0,1.2,0.0,4.7,Active,backup,2026-09-15T19:45:44+00:00
2026,2,401872939,00-0034163,Jacob Martin,TEN,PHI,DL,0.0,0.0,0.0,0.0,0.0,0.0,0.0,0.0,0.0,0.0,0.0,0.0,0.0,0.0,2.2,0.1,5.0,,backup,2026-09-15T19:45:44+00:00
2026,2,401872939,00-0034264,Jalyn Holmes,TEN,PHI,DL,0.0,0.0,0.0,0.0,0.0,0.0,0.0,0.0,0.0,0.0,0.0,0.0,0.0,0.0,0.0,0.0,0.0,,roster_only,2026-09-15T19:45:44+00:00
2026,2,401872939,00-0035643,Jeffery Simmons,TEN,PHI,DL,0.0,0.0,0.0,0.0,0.0,0.0,0.0,0.0,0.0,0.0,0.0,0.0,0.0,0.0,3.5,1.3,6.2,,starter,2026-09-15T19:45:44+00:00
2026,2,401872939,00-0034805,John Franklin-Myers,TEN,PHI,DL,0.0,0.0,0.0,0.0,0.0,0.0,0.0,0.0,0.0,0.0,0.0,0.0,0.0,0.0,1.3,0.0,3.8,,starter,2026-09-15T19:45:44+00:00
2026,2,401872939,00-0036266,Jordan Elliott,TEN,PHI,DL,0.0,0.0,0.0,0.0,0.0,0.0,0.0,0.0,0.0,0.0,0.0,0.0,0.0,0.0,1.7,0.0,4.2,,starter,2026-09-15T19:45:44+00:00
2026,2,401872939,00-0040762,Laki Tasi,TEN,PHI,DL,0.0,0.0,0.0,0.0,0.0,0.0,0.0,0.0,0.0,0.0,0.0,0.0,0.0,0.0,0.0,0.0,0.0,,roster_only,2026-09-15T19:45:44+00:00
2026,2,401872939,00-0040041,Nazir Stackhouse,TEN,PHI,DL,0.0,0.0,0.0,0.0,0.0,0.0,0.0,0.0,0.0,0.0,0.0,0.0,0.0,0.0,0.8,0.0,3.3,,backup,2026-09-15T19:45:44+00:00
2026,2,401872939,00-0033870,Solomon Thomas,TEN,PHI,DL,0.0,0.0,0.0,0.0,0.0,0.0,0.0,0.0,0.0,0.0,0.0,0.0,0.0,0.0,1.2,0.0,3.7,,backup,2026-09-15T19:45:44+00:00
2026,2,401872939,00-0033902,Tanoh Kpassagnon,TEN,PHI,DL,0.0,0.0,0.0,0.0,0.0,0.0,0.0,0.0,0.0,0.0,0.0,0.0,0.0,0.0,0.0,0.0,0.0,Injured Reserve,backup,2026-09-15T19:45:44+00:00
2026,2,401872939,00-0037585,Timmy Horne,TEN,PHI,DL,0.0,0.0,0.0,0.0,0.0,0.0,0.0,0.0,0.0,0.0,0.0,0.0,0.0,0.0,0.0,0.0,0.0,,roster_only,2026-09-15T19:45:44+00:00
2026,2,401872939,00-0038514,Truman Jones,TEN,PHI,DL,0.0,0.0,0.0,0.0,0.0,0.0,0.0,0.0,0.0,0.0,0.0,0.0,0.0,0.0,1.1,0.0,3.6,,backup,2026-09-15T19:45:44+00:00
2026,2,401872939,00-0035192,Joey Slye,TEN,PHI,K,0.0,0.0,0.0,0.0,0.0,0.0,0.0,0.0,0.0,0.0,0.0,7.4,2.8,12.6,0.0,0.0,0.0,Active,starter,2026-09-15T19:45:44+00:00
2026,2,401872939,00-0041479,Anthony Hill Jr.,TEN,PHI,LB,0.0,0.0,0.0,0.0,0.0,0.0,0.0,0.0,0.0,0.0,0.0,0.0,0.0,0.0,1.8,0.0,5.3,,backup,2026-09-15T19:45:44+00:00
2026,2,401872939,00-0039858,Cedric Gray,TEN,PHI,LB,0.0,0.0,0.0,0.0,0.0,0.0,0.0,0.0,0.0,0.0,0.0,0.0,0.0,0.0,0.0,0.0,0.0,Out,starter,2026-09-15T19:45:44+00:00
2026,2,401872939,00-0035672,Cody Barton,TEN,PHI,LB,0.0,0.0,0.0,0.0,0.0,0.0,0.0,0.0,0.0,0.0,0.0,0.0,0.0,0.0,5.1,2.1,9.0,,starter,2026-09-15T19:45:44+00:00
2026,2,401872939,00-0039381,Dominique Hampton,TEN,PHI,LB,0.0,0.0,0.0,0.0,0.0,0.0,0.0,0.0,0.0,0.0,0.0,0.0,0.0,0.0,0.0,0.0,0.0,,roster_only,2026-09-15T19:45:44+00:00
2026,2,401872939,00-0040503,Dorian Mausi,TEN,PHI,LB,0.0,0.0,0.0,0.0,0.0,0.0,0.0,0.0,0.0,0.0,0.0,0.0,0.0,0.0,0.0,0.0,0.0,Injured Reserve,backup,2026-09-15T19:45:44+00:00
2026,2,401872939,00-0038479,Dyontae Johnson,TEN,PHI,LB,0.0,0.0,0.0,0.0,0.0,0.0,0.0,0.0,0.0,0.0,0.0,0.0,0.0,0.0,0.0,0.0,0.0,,roster_only,2026-09-15T19:45:44+00:00
2026,2,401872939,00-0039430,James Williams,TEN,PHI,LB,0.0,0.0,0.0,0.0,0.0,0.0,0.0,0.0,0.0,0.0,0.0,0.0,0.0,0.0,1.2,0.0,3.8,,starter,2026-09-15T19:45:44+00:00
2026,2,401872939,00-0039436,Jaylen Harrell,TEN,PHI,LB,0.0,0.0,0.0,0.0,0.0,0.0,0.0,0.0,0.0,0.0,0.0,0.0,0.0,0.0,0.0,0.0,0.0,,backup,2026-09-15T19:45:44+00:00
2026,2,401872939,00-0037663,Jermaine Johnson II,TEN,PHI,LB,0.0,0.0,0.0,0.0,0.0,0.0,0.0,0.0,0.0,0.0,0.0,0.0,0.0,0.0,2.6,0.7,5.1,,starter,2026-09-15T19:45:44+00:00
2026,2,401872939,00-0041508,Keldric Faulk,TEN,PHI,LB,0.0,0.0,0.0,0.0,0.0,0.0,0.0,0.0,0.0,0.0,0.0,0.0,0.0,0.0,1.8,0.0,5.3,Active,backup,2026-09-15T19:45:44+00:00
2026,2,401872939,00-0040920,Mani Powell,TEN,PHI,LB,0.0,0.0,0.0,0.0,0.0,0.0,0.0,0.0,0.0,0.0,0.0,0.0,0.0,0.0,0.0,0.0,0.0,,roster_only,2026-09-15T19:45:44+00:00
2026,2,401872939,00-0036511,Milo Eifler,TEN,PHI,LB,0.0,0.0,0.0,0.0,0.0,0.0,0.0,0.0,0.0,0.0,0.0,0.0,0.0,0.0,0.0,0.0,0.0,Injured Reserve,backup,2026-09-15T19:45:44+00:00
2026,2,401872939,00-0038711,Mohamoud Diabate,TEN,PHI,LB,0.0,0.0,0.0,0.0,0.0,0.0,0.0,0.0,0.0,0.0,0.0,0.0,0.0,0.0,4.5,2.4,6.8,,backup,2026-09-15T19:45:44+00:00
2026,2,401872939,00-0040752,Oluwafemi Oladejo,TEN,PHI,LB,0.0,0.0,0.0,0.0,0.0,0.0,0.0,0.0,0.0,0.0,0.0,0.0,0.0,0.0,1.9,0.0,4.4,,backup,2026-09-15T19:45:44+00:00
2026,2,401872939,00-0038600,Owen Pappoe,TEN,PHI,LB,0.0,0.0,0.0,0.0,0.0,0.0,0.0,0.0,0.0,0.0,0.0,0.0,0.0,0.0,0.9,0.0,3.4,Active,backup,2026-09-15T19:45:44+00:00
2026,2,401872939,00-0041492,Reid Carrico,TEN,PHI,LB,0.0,0.0,0.0,0.0,0.0,0.0,0.0,0.0,0.0,0.0,0.0,0.0,0.0,0.0,0.0,0.0,0.0,,roster_only,2026-09-15T19:45:44+00:00
2026,2,401872939,00-0040676,Cam Ward,TEN,PHI,QB,197.0,103.5,303.2,1.234,0.6681544772279587,10.7,-2.1,28.6,0.0,0.0,0.0,0.0,0.0,0.0,0.0,0.0,0.0,Active,starter,2026-09-15T19:45:44+00:00
2026,2,401872939,00-0038550,Hendon Hooker,TEN,PHI,QB,0.0,0.0,0.0,0.0,0.0,0.0,0.0,0.0,0.0,0.0,0.0,0.0,0.0,0.0,0.0,0.0,0.0,,roster_only,2026-09-15T19:45:44+00:00
2026,2,401872939,00-0033869,Mitchell Trubisky,TEN,PHI,QB,0.0,0.0,0.0,0.0,0.0,5.4,-5.3,20.5,0.0,0.0,0.0,0.0,0.0,0.0,0.0,0.0,0.0,Active,backup,2026-09-15T19:45:44+00:00
2026,2,401872939,00-0039152,Will Levis,TEN,PHI,QB,0.0,0.0,0.0,0.0,0.0,0.0,0.0,0.0,0.0,0.0,0.0,0.0,0.0,0.0,0.0,0.0,0.0,,roster_only,2026-09-15T19:45:44+00:00
2026,2,401872939,00-0037594,Julius Chestnut,TEN,PHI,RB,0.0,0.0,0.0,0.0,0.0,2.2,-8.5,17.2,0.0,-17.2,28.8,0.0,0.0,0.0,0.0,0.0,0.0,,backup,2026-09-15T19:45:44+00:00
2026,2,401872939,00-0040205,Kalel Mullings,TEN,PHI,RB,0.0,0.0,0.0,0.0,0.0,0.0,0.0,0.0,0.0,0.0,0.0,0.0,0.0,0.0,0.0,0.0,0.0,,roster_only,2026-09-15T19:45:44+00:00
2026,2,401872939,00-0036924,Michael Carter,TEN,PHI,RB,0.0,0.0,0.0,0.0,0.0,0.0,0.0,0.0,0.0,0.0,0.0,0.0,0.0,0.0,0.0,0.0,0.0,,roster_only,2026-09-15T19:45:44+00:00
2026,2,401872939,00-0040886,Nicholas Singleton,TEN,PHI,RB,0.0,0.0,0.0,0.0,0.0,15.0,-15.3,57.5,3.2,-19.5,43.7,0.0,0.0,0.0,0.0,0.0,0.0,Active,backup,2026-09-15T19:45:44+00:00
2026,2,401872939,00-0035261,Tony Pollard,TEN,PHI,RB,0.0,0.0,0.0,0.0,0.0,57.7,35.7,88.6,9.5,-7.7,38.3,0.0,0.0,0.0,0.0,0.0,0.0,Active,starter,2026-09-15T19:45:44+00:00
2026,2,401872939,00-0039032,Tyjae Spears,TEN,PHI,RB,0.0,0.0,0.0,0.0,0.0,20.7,-1.3,51.6,17.8,0.7,46.6,0.0,0.0,0.0,0.0,0.0,0.0,Active,backup,2026-09-15T19:45:44+00:00
2026,2,401872939,00-0038115,Daniel Bellinger,TEN,PHI,TE,0.0,0.0,0.0,0.0,0.0,0.0,-10.8,15.0,24.0,6.8,52.8,0.0,0.0,0.0,0.0,0.0,0.0,Active,backup,2026-09-15T19:45:44+00:00
2026,2,401872939,00-0039648,David Martin-Robinson,TEN,PHI,TE,0.0,0.0,0.0,0.0,0.0,0.0,-10.8,15.0,3.1,-14.0,32.0,0.0,0.0,0.0,0.0,0.0,0.0,,backup,2026-09-15T19:45:44+00:00
2026,2,401872939,00-0040584,Gunnar Helm,TEN,PHI,TE,0.0,0.0,0.0,0.0,0.0,0.0,-10.8,15.0,20.1,2.9,48.9,0.0,0.0,0.0,0.0,0.0,0.0,Active,starter,2026-09-15T19:45:44+00:00
2026,2,401872939,00-0040901,Jaren Kanak,TEN,PHI,TE,0.0,0.0,0.0,0.0,0.0,0.0,0.0,0.0,0.0,0.0,0.0,0.0,0.0,0.0,0.0,0.0,0.0,,backup,2026-09-15T19:45:44+00:00
2026,2,401872939,00-0039023,Joel Wilson,TEN,PHI,TE,0.0,0.0,0.0,0.0,0.0,0.0,0.0,0.0,0.0,0.0,0.0,0.0,0.0,0.0,0.0,0.0,0.0,,roster_only,2026-09-15T19:45:44+00:00
2026,2,401872939,00-0036876,Kylen Granson,TEN,PHI,TE,0.0,0.0,0.0,0.0,0.0,0.0,-10.8,15.0,6.0,-11.1,34.8,0.0,0.0,0.0,0.0,0.0,0.0,,backup,2026-09-15T19:45:44+00:00
2026,2,401872939,00-0034837,Calvin Ridley,TEN,PHI,WR,0.0,0.0,0.0,0.0,0.0,0.1,-10.7,15.1,27.3,0.6,76.4,0.0,0.0,0.0,0.0,0.0,0.0,Active,backup,2026-09-15T19:45:44+00:00
2026,2,401872939,00-0041438,Carnell Tate,TEN,PHI,WR,0.0,0.0,0.0,0.0,0.0,0.0,-14.8,20.6,13.7,-8.9,54.3,0.0,0.0,0.0,0.0,0.0,0.0,Active,starter,2026-09-15T19:45:44+00:00
2026,2,401872939,00-0040705,Chimere Dike,TEN,PHI,WR,0.0,0.0,0.0,0.0,0.0,1.0,-9.7,16.1,29.5,2.8,78.7,0.0,0.0,0.0,0.0,0.0,0.0,Active,backup,2026-09-15T19:45:44+00:00
2026,2,401872939,00-0040445,Courtney Jackson,TEN,PHI,WR,0.0,0.0,0.0,0.0,0.0,0.0,0.0,0.0,0.0,0.0,0.0,0.0,0.0,0.0,0.0,0.0,0.0,,roster_only,2026-09-15T19:45:44+00:00
2026,2,401872939,00-0040170,Elic Ayomanor,TEN,PHI,WR,0.0,0.0,0.0,0.0,0.0,0.0,-10.8,15.0,29.7,3.0,78.8,0.0,0.0,0.0,0.0,0.0,0.0,Active,backup,2026-09-15T19:45:44+00:00
2026,2,401872939,00-0040912,Hank Beatty,TEN,PHI,WR,0.0,0.0,0.0,0.0,0.0,0.0,0.0,0.0,0.0,0.0,0.0,0.0,0.0,0.0,0.0,0.0,0.0,,roster_only,2026-09-15T19:45:44+00:00
2026,2,401872939,00-0036345,K.J. Osborn,TEN,PHI,WR,0.0,0.0,0.0,0.0,0.0,0.0,0.0,0.0,0.0,0.0,0.0,0.0,0.0,0.0,0.0,0.0,0.0,,roster_only,2026-09-15T19:45:44+00:00
2026,2,401872939,00-0037055,Lance McCutcheon,TEN,PHI,WR,0.0,0.0,0.0,0.0,0.0,0.0,0.0,0.0,0.0,0.0,0.0,0.0,0.0,0.0,0.0,0.0,0.0,,roster_only,2026-09-15T19:45:44+00:00
2026,2,401872939,00-0040919,Tyren Montgomery,TEN,PHI,WR,0.0,0.0,0.0,0.0,0.0,0.0,0.0,0.0,0.0,0.0,0.0,0.0,0.0,0.0,0.0,0.0,0.0,,roster_only,2026-09-15T19:45:44+00:00
2026,2,401872939,00-0038117,Wan'Dale Robinson,TEN,PHI,WR,0.0,0.0,0.0,0.0,0.0,0.1,-10.6,15.1,36.9,10.3,86.1,0.0,0.0,0.0,0.0,0.0,0.0,Active,backup,2026-09-15T19:45:44+00:00
2026,2,401872939,00-0040522,Xavier Restrepo,TEN,PHI,WR,0.0,0.0,0.0,0.0,0.0,0.0,0.0,0.0,0.0,0.0,0.0,0.0,0.0,0.0,0.0,0.0,0.0,,roster_only,2026-09-15T19:45:44+00:00
2026,2,401872940,00-0036221,Brandon Jones,DEN,JAX,DB,0.0,0.0,0.0,0.0,0.0,0.0,0.0,0.0,0.0,0.0,0.0,0.0,0.0,0.0,4.9,2.2,8.3,,starter,2026-09-15T19:45:44+00:00
2026,2,401872940,00-0041289,Brent Austin,DEN,JAX,DB,0.0,0.0,0.0,0.0,0.0,0.0,0.0,0.0,0.0,0.0,0.0,0.0,0.0,0.0,0.0,0.0,0.0,,roster_only,2026-09-15T19:45:44+00:00
2026,2,401872940,00-0036683,Devon Key,DEN,JAX,DB,0.0,0.0,0.0,0.0,0.0,0.0,0.0,0.0,0.0,0.0,0.0,0.0,0.0,0.0,1.0,0.0,3.4,,backup,2026-09-15T19:45:44+00:00
2026,2,401872940,00-0038605,JL Skinner,DEN,JAX,DB,0.0,0.0,0.0,0.0,0.0,0.0,0.0,0.0,0.0,0.0,0.0,0.0,0.0,0.0,0.6,0.0,3.1,,backup,2026-09-15T19:45:44+00:00
2026,2,401872940,00-0037384,Ja'Quan McMillian,DEN,JAX,DB,0.0,0.0,0.0,0.0,0.0,0.0,0.0,0.0,0.0,0.0,0.0,0.0,0.0,0.0,3.6,1.4,6.3,,starter,2026-09-15T19:45:44+00:00
2026,2,401872940,00-0040720,Jahdae Barron,DEN,JAX,DB,0.0,0.0,0.0,0.0,0.0,0.0,0.0,0.0,0.0,0.0,0.0,0.0,0.0,0.0,2.1,0.2,4.6,,backup,2026-09-15T19:45:44+00:00
2026,2,401872940,00-0039371,Kris Abrams-Draine,DEN,JAX,DB,0.0,0.0,0.0,0.0,0.0,0.0,0.0,0.0,0.0,0.0,0.0,0.0,0.0,0.0,0.8,0.0,3.3,,backup,2026-09-15T19:45:44+00:00
2026,2,401872940,00-0041130,Miles Scott,DEN,JAX,DB,0.0,0.0,0.0,0.0,0.0,0.0,0.0,0.0,0.0,0.0,0.0,0.0,0.0,0.0,0.0,0.0,0.0,,roster_only,2026-09-15T19:45:44+00:00
2026,2,401872940,00-0041298,Parker Robertson,DEN,JAX,DB,0.0,0.0,0.0,0.0,0.0,0.0,0.0,0.0,0.0,0.0,0.0,0.0,0.0,0.0,0.0,0.0,0.0,,roster_only,2026-09-15T19:45:44+00:00
2026,2,401872940,00-0036874,Pat Surtain II,DEN,JAX,DB,0.0,0.0,0.0,0.0,0.0,0.0,0.0,0.0,0.0,0.0,0.0,0.0,0.0,0.0,3.3,0.7,6.8,,starter,2026-09-15T19:45:44+00:00
2026,2,401872940,00-0041589,Ricardo Hallman,DEN,JAX,DB,0.0,0.0,0.0,0.0,0.0,0.0,0.0,0.0,0.0,0.0,0.0,0.0,0.0,0.0,0.0,0.0,0.0,,roster_only,2026-09-15T19:45:44+00:00
2026,2,401872940,00-0038552,Riley Moss,DEN,JAX,DB,0.0,0.0,0.0,0.0,0.0,0.0,0.0,0.0,0.0,0.0,0.0,0.0,0.0,0.0,5.2,2.5,8.7,Active,starter,2026-09-15T19:45:44+00:00
2026,2,401872940,00-0040679,Sean Fresch,DEN,JAX,DB,0.0,0.0,0.0,0.0,0.0,0.0,0.0,0.0,0.0,0.0,0.0,0.0,0.0,0.0,0.0,0.0,0.0,,roster_only,2026-09-15T19:45:44+00:00
2026,2,401872940,00-0036564,Talanoa Hufanga,DEN,JAX,DB,0.0,0.0,0.0,0.0,0.0,0.0,0.0,0.0,0.0,0.0,0.0,0.0,0.0,0.0,5.3,2.6,8.8,,starter,2026-09-15T19:45:44+00:00
2026,2,401872940,00-0035663,Taylor Rapp,DEN,JAX,DB,0.0,0.0,0.0,0.0,0.0,0.0,0.0,0.0,0.0,0.0,0.0,0.0,0.0,0.0,0.0,0.0,0.0,,roster_only,2026-09-15T19:45:44+00:00
2026,2,401872940,00-0037752,Tycen Anderson,DEN,JAX,DB,0.0,0.0,0.0,0.0,0.0,0.0,0.0,0.0,0.0,0.0,0.0,0.0,0.0,0.0,1.6,0.0,4.0,,backup,2026-09-15T19:45:44+00:00
2026,2,401872940,00-0033297,D.J. Jones,DEN,JAX,DL,0.0,0.0,0.0,0.0,0.0,0.0,0.0,0.0,0.0,0.0,0.0,0.0,0.0,0.0,2.3,0.4,4.8,,starter,2026-09-15T19:45:44+00:00
2026,2,401872940,00-0039177,David Agoha,DEN,JAX,DL,0.0,0.0,0.0,0.0,0.0,0.0,0.0,0.0,0.0,0.0,0.0,0.0,0.0,0.0,0.0,0.0,0.0,,roster_only,2026-09-15T19:45:44+00:00
2026,2,401872940,00-0038106,Eyioma Uwazurike,DEN,JAX,DL,0.0,0.0,0.0,0.0,0.0,0.0,0.0,0.0,0.0,0.0,0.0,0.0,0.0,0.0,2.0,0.1,4.5,,starter,2026-09-15T19:45:44+00:00
2026,2,401872940,00-0037230,Israel Antwine,DEN,JAX,DL,0.0,0.0,0.0,0.0,0.0,0.0,0.0,0.0,0.0,0.0,0.0,0.0,0.0,0.0,0.0,0.0,0.0,,roster_only,2026-09-15T19:45:44+00:00
2026,2,401872940,00-0037294,Jordan Jackson,DEN,JAX,DL,0.0,0.0,0.0,0.0,0.0,0.0,0.0,0.0,0.0,0.0,0.0,0.0,0.0,0.0,0.0,0.0,0.0,Out,backup,2026-09-15T19:45:44+00:00
2026,2,401872940,00-0040454,Kristian Williams,DEN,JAX,DL,0.0,0.0,0.0,0.0,0.0,0.0,0.0,0.0,0.0,0.0,0.0,0.0,0.0,0.0,0.0,0.0,0.0,,roster_only,2026-09-15T19:45:44+00:00
2026,2,401872940,00-0035763,Malcolm Roach,DEN,JAX,DL,0.0,0.0,0.0,0.0,0.0,0.0,0.0,0.0,0.0,0.0,0.0,0.0,0.0,0.0,2.1,0.2,4.6,,backup,2026-09-15T19:45:44+00:00
2026,2,401872940,00-0037303,Matt Henningsen,DEN,JAX,DL,0.0,0.0,0.0,0.0,0.0,0.0,0.0,0.0,0.0,0.0,0.0,0.0,0.0,0.0,0.0,0.0,0.0,,backup,2026-09-15T19:45:44+00:00
2026,2,401872940,00-0040153,Sai'vion Jones,DEN,JAX,DL,0.0,0.0,0.0,0.0,0.0,0.0,0.0,0.0,0.0,0.0,0.0,0.0,0.0,0.0,1.0,0.0,4.5,,backup,2026-09-15T19:45:44+00:00
2026,2,401872940,00-0041552,Tyler Onyedim,DEN,JAX,DL,0.0,0.0,0.0,0.0,0.0,0.0,0.0,0.0,0.0,0.0,0.0,0.0,0.0,0.0,0.0,0.0,0.0,Out,backup,2026-09-15T19:45:44+00:00
2026,2,401872940,00-0035248,Zach Allen,DEN,JAX,DL,0.0,0.0,0.0,0.0,0.0,0.0,0.0,0.0,0.0,0.0,0.0,0.0,0.0,0.0,2.2,0.1,4.9,,starter,2026-09-15T19:45:44+00:00
2026,2,401872940,00-0032569,Wil Lutz,DEN,JAX,K,0.0,0.0,0.0,0.0,0.0,0.0,0.0,0.0,0.0,0.0,0.0,7.6,2.6,13.5,0.0,0.0,0.0,Active,starter,2026-09-15T19:45:44+00:00
2026,2,401872940,00-0031898,Alex Singleton,DEN,JAX,LB,0.0,0.0,0.0,0.0,0.0,0.0,0.0,0.0,0.0,0.0,0.0,0.0,0.0,0.0,7.2,4.8,11.8,,recent_defensive_participant,2026-09-15T19:45:44+00:00
2026,2,401872940,00-0041295,Dasan McCullough,DEN,JAX,LB,0.0,0.0,0.0,0.0,0.0,0.0,0.0,0.0,0.0,0.0,0.0,0.0,0.0,0.0,0.0,0.0,0.0,,roster_only,2026-09-15T19:45:44+00:00
2026,2,401872940,00-0037799,Dondrea Tillman,DEN,JAX,LB,0.0,0.0,0.0,0.0,0.0,0.0,0.0,0.0,0.0,0.0,0.0,0.0,0.0,0.0,1.9,0.0,4.4,,backup,2026-09-15T19:45:44+00:00
2026,2,401872940,00-0039003,Drew Sanders,DEN,JAX,LB,0.0,0.0,0.0,0.0,0.0,0.0,0.0,0.0,0.0,0.0,0.0,0.0,0.0,0.0,0.0,0.0,0.0,,roster_only,2026-09-15T19:45:44+00:00
2026,2,401872940,00-0040452,Johnny Walker Jr.,DEN,JAX,LB,0.0,0.0,0.0,0.0,0.0,0.0,0.0,0.0,0.0,0.0,0.0,0.0,0.0,0.0,0.0,0.0,0.0,,roster_only,2026-09-15T19:45:44+00:00
2026,2,401872940,00-0039809,Jonah Elliss,DEN,JAX,LB,0.0,0.0,0.0,0.0,0.0,0.0,0.0,0.0,0.0,0.0,0.0,0.0,0.0,0.0,2.1,0.1,4.6,,starter,2026-09-15T19:45:44+00:00
2026,2,401872940,00-0036952,Jonathon Cooper,DEN,JAX,LB,0.0,0.0,0.0,0.0,0.0,0.0,0.0,0.0,0.0,0.0,0.0,0.0,0.0,0.0,0.0,0.0,0.0,Out,backup,2026-09-15T19:45:44+00:00
2026,2,401872940,00-0040634,Jordan Turner,DEN,JAX,LB,0.0,0.0,0.0,0.0,0.0,0.0,0.0,0.0,0.0,0.0,0.0,0.0,0.0,0.0,0.9,0.0,3.7,,recent_defensive_participant,2026-09-15T19:45:44+00:00
2026,2,401872940,00-0036428,Justin Strnad,DEN,JAX,LB,0.0,0.0,0.0,0.0,0.0,0.0,0.0,0.0,0.0,0.0,0.0,0.0,0.0,0.0,3.3,1.3,5.8,,recent_defensive_participant,2026-09-15T19:45:44+00:00
2026,2,401872940,00-0040449,Karene Reid,DEN,JAX,LB,0.0,0.0,0.0,0.0,0.0,0.0,0.0,0.0,0.0,0.0,0.0,0.0,0.0,0.0,0.0,0.0,0.0,,roster_only,2026-09-15T19:45:44+00:00
2026,2,401872940,00-0039565,Levelle Bailey,DEN,JAX,LB,0.0,0.0,0.0,0.0,0.0,0.0,0.0,0.0,0.0,0.0,0.0,0.0,0.0,0.0,0.0,0.0,0.0,,roster_only,2026-09-15T19:45:44+00:00
2026,2,401872940,00-0037249,Nik Bonitto,DEN,JAX,LB,0.0,0.0,0.0,0.0,0.0,0.0,0.0,0.0,0.0,0.0,0.0,0.0,0.0,0.0,2.3,0.4,4.8,,starter,2026-09-15T19:45:44+00:00
2026,2,401872940,00-0040168,Que Robinson,DEN,JAX,LB,0.0,0.0,0.0,0.0,0.0,0.0,0.0,0.0,0.0,0.0,0.0,0.0,0.0,0.0,1.9,0.0,4.4,,backup,2026-09-15T19:45:44+00:00
2026,2,401872940,00-0041134,Red Murdock,DEN,JAX,LB,0.0,0.0,0.0,0.0,0.0,0.0,0.0,0.0,0.0,0.0,0.0,0.0,0.0,0.0,0.0,0.0,0.0,,roster_only,2026-09-15T19:45:44+00:00
2026,2,401872940,00-0039548,Ron Stone Jr.,DEN,JAX,LB,0.0,0.0,0.0,0.0,0.0,0.0,0.0,0.0,0.0,0.0,0.0,0.0,0.0,0.0,0.0,0.0,0.0,,roster_only,2026-09-15T19:45:44+00:00
2026,2,401872940,00-0041301,Taurean York,DEN,JAX,LB,0.0,0.0,0.0,0.0,0.0,0.0,0.0,0.0,0.0,0.0,0.0,0.0,0.0,0.0,0.0,0.0,0.0,,roster_only,2026-09-15T19:45:44+00:00
2026,2,401872940,00-0039732,Bo Nix,DEN,JAX,QB,224.9,131.4,331.1,1.52,0.8125,17.7,4.9,35.6,0.0,0.0,0.0,0.0,0.0,0.0,0.0,0.0,0.0,Active,starter,2026-09-15T19:45:44+00:00
2026,2,401872940,00-0035264,Jarrett Stidham,DEN,JAX,QB,0.0,0.0,0.0,0.0,0.0,4.1,-6.6,19.1,0.0,0.0,0.0,0.0,0.0,0.0,0.0,0.0,0.0,Active,backup,2026-09-15T19:45:44+00:00
2026,2,401872940,00-0036879,Sam Ehlinger,DEN,JAX,QB,0.0,0.0,0.0,0.0,0.0,0.0,0.0,0.0,0.0,0.0,0.0,0.0,0.0,0.0,0.0,0.0,0.0,Out,backup,2026-09-15T19:45:44+00:00
2026,2,401872940,00-0036727,Adam Prentice,DEN,JAX,RB,0.0,0.0,0.0,0.0,0.0,3.1,-7.6,18.2,5.3,-11.8,34.1,0.0,0.0,0.0,0.0,0.0,0.0,Active,starter,2026-09-15T19:45:44+00:00
2026,2,401872940,00-0039703,Cody Schrader,DEN,JAX,RB,0.0,0.0,0.0,0.0,0.0,0.0,0.0,0.0,0.0,0.0,0.0,0.0,0.0,0.0,0.0,0.0,0.0,,roster_only,2026-09-15T19:45:44+00:00
2026,2,401872940,00-0036158,J.K. Dobbins,DEN,JAX,RB,0.0,0.0,0.0,0.0,0.0,50.7,28.7,81.7,9.7,-7.5,38.5,0.0,0.0,0.0,0.0,0.0,0.0,Active,starter,2026-09-15T19:45:44+00:00
2026,2,401872940,00-0041496,Jonah Coleman,DEN,JAX,RB,0.0,0.0,0.0,0.0,0.0,9.5,-20.8,52.0,3.4,-19.2,44.0,0.0,0.0,0.0,0.0,0.0,0.0,Active,backup,2026-09-15T19:45:44+00:00
2026,2,401872940,00-0040730,RJ Harvey,DEN,JAX,RB,0.0,0.0,0.0,0.0,0.0,33.3,11.3,64.2,23.0,5.8,51.8,0.0,0.0,0.0,0.0,0.0,0.0,Active,backup,2026-09-15T19:45:44+00:00
2026,2,401872940,00-0037085,Tyler Badie,DEN,JAX,RB,0.0,0.0,0.0,0.0,0.0,0.0,0.0,0.0,0.0,0.0,0.0,0.0,0.0,0.0,0.0,0.0,0.0,Out,backup,2026-09-15T19:45:44+00:00
2026,2,401872940,00-0036422,Adam Trautman,DEN,JAX,TE,0.0,0.0,0.0,0.0,0.0,0.0,-10.8,14.9,16.5,-0.7,45.3,0.0,0.0,0.0,0.0,0.0,0.0,,backup,2026-09-15T19:45:44+00:00
2026,2,401872940,00-0040240,Caleb Lohner,DEN,JAX,TE,0.0,0.0,0.0,0.0,0.0,0.0,0.0,0.0,0.0,0.0,0.0,0.0,0.0,0.0,0.0,0.0,0.0,Injured Reserve,backup,2026-09-15T19:45:44+00:00
2026,2,401872940,00-0041133,Dallen Bentley,DEN,JAX,TE,0.0,0.0,0.0,0.0,0.0,0.0,0.0,0.0,0.0,0.0,0.0,0.0,0.0,0.0,0.0,0.0,0.0,Out,backup,2026-09-15T19:45:44+00:00
2026,2,401872940,00-0033881,Evan Engram,DEN,JAX,TE,0.0,0.0,0.0,0.0,0.0,0.0,-10.8,15.0,33.7,16.5,62.5,0.0,0.0,0.0,0.0,0.0,0.0,Active,starter,2026-09-15T19:45:44+00:00
2026,2,401872940,00-0037539,Lucas Krull,DEN,JAX,TE,0.0,0.0,0.0,0.0,0.0,0.0,0.0,0.0,0.0,0.0,0.0,0.0,0.0,0.0,0.0,0.0,0.0,,roster_only,2026-09-15T19:45:44+00:00
2026,2,401872940,00-0038783,Nate Adkins,DEN,JAX,TE,0.0,0.0,0.0,0.0,0.0,0.0,-10.8,14.9,4.1,-13.0,33.0,0.0,0.0,0.0,0.0,0.0,0.0,,backup,2026-09-15T19:45:44+00:00
2026,2,401872940,00-0041299,Cameron Ross,DEN,JAX,WR,0.0,0.0,0.0,0.0,0.0,0.0,0.0,0.0,0.0,0.0,0.0,0.0,0.0,0.0,0.0,0.0,0.0,,roster_only,2026-09-15T19:45:44+00:00
2026,2,401872940,00-0034348,Courtland Sutton,DEN,JAX,WR,0.0,0.0,0.0,0.0,0.0,0.0,-10.8,14.9,49.0,22.4,98.2,0.0,0.0,0.0,0.0,0.0,0.0,Active,backup,2026-09-15T19:45:44+00:00
2026,2,401872940,00-0041293,Dane Key,DEN,JAX,WR,0.0,0.0,0.0,0.0,0.0,0.0,0.0,0.0,0.0,0.0,0.0,0.0,0.0,0.0,0.0,0.0,0.0,,roster_only,2026-09-15T19:45:44+00:00
2026,2,401872940,00-0036613,Jaylen Waddle,DEN,JAX,WR,0.0,0.0,0.0,0.0,0.0,0.3,-10.4,15.4,25.7,-0.9,74.9,0.0,0.0,0.0,0.0,0.0,0.0,Active,starter,2026-09-15T19:45:44+00:00
2026,2,401872940,00-0041294,Joseph Manjack,DEN,JAX,WR,0.0,0.0,0.0,0.0,0.0,0.0,0.0,0.0,0.0,0.0,0.0,0.0,0.0,0.0,0.0,0.0,0.0,,roster_only,2026-09-15T19:45:44+00:00
2026,2,401872940,00-0041292,Kolbe Katsis,DEN,JAX,WR,0.0,0.0,0.0,0.0,0.0,0.0,0.0,0.0,0.0,0.0,0.0,0.0,0.0,0.0,0.0,0.0,0.0,,roster_only,2026-09-15T19:45:44+00:00
2026,2,401872940,00-0035406,Lil'Jordan Humphrey,DEN,JAX,WR,0.0,0.0,0.0,0.0,0.0,0.0,0.0,0.0,0.0,0.0,0.0,0.0,0.0,0.0,0.0,0.0,0.0,,roster_only,2026-09-15T19:45:44+00:00
2026,2,401872940,00-0038976,Marvin Mims Jr.,DEN,JAX,WR,0.0,0.0,0.0,0.0,0.0,1.1,-9.6,16.2,16.1,-10.6,65.3,0.0,0.0,0.0,0.0,0.0,0.0,Active,backup,2026-09-15T19:45:44+00:00
2026,2,401872940,00-0036959,Michael Bandy,DEN,JAX,WR,0.0,0.0,0.0,0.0,0.0,0.0,0.0,0.0,0.0,0.0,0.0,0.0,0.0,0.0,0.0,0.0,0.0,,roster_only,2026-09-15T19:45:44+00:00
2026,2,401872940,00-0040134,Pat Bryant,DEN,JAX,WR,0.0,0.0,0.0,0.0,0.0,0.0,-10.8,14.9,26.8,0.2,76.0,0.0,0.0,0.0,0.0,0.0,0.0,Active,backup,2026-09-15T19:45:44+00:00
2026,2,401872940,00-0039868,Troy Franklin,DEN,JAX,WR,0.0,0.0,0.0,0.0,0.0,0.9,-9.9,15.9,22.7,-3.9,71.9,0.0,0.0,0.0,0.0,0.0,0.0,Active,backup,2026-09-15T19:45:44+00:00
2026,2,401872940,00-0038596,Antonio Johnson,JAX,DEN,DB,0.0,0.0,0.0,0.0,0.0,0.0,0.0,0.0,0.0,0.0,0.0,0.0,0.0,0.0,3.8,1.6,6.5,,starter,2026-09-15T19:45:44+00:00
2026,2,401872940,00-0040145,Caleb Ransaw,JAX,DEN,DB,0.0,0.0,0.0,0.0,0.0,0.0,0.0,0.0,0.0,0.0,0.0,0.0,0.0,0.0,1.4,0.0,5.3,,backup,2026-09-15T19:45:44+00:00
2026,2,401872940,00-0040339,Cam'Ron Silmon-Craig,JAX,DEN,DB,0.0,0.0,0.0,0.0,0.0,0.0,0.0,0.0,0.0,0.0,0.0,0.0,0.0,0.0,0.0,0.0,0.0,,roster_only,2026-09-15T19:45:44+00:00
2026,2,401872940,00-0038616,Christian Braswell,JAX,DEN,DB,0.0,0.0,0.0,0.0,0.0,0.0,0.0,0.0,0.0,0.0,0.0,0.0,0.0,0.0,1.2,0.0,3.7,,backup,2026-09-15T19:45:44+00:00
2026,2,401872940,00-0036166,Dane Jackson,JAX,DEN,DB,0.0,0.0,0.0,0.0,0.0,0.0,0.0,0.0,0.0,0.0,0.0,0.0,0.0,0.0,0.0,0.0,0.0,,roster_only,2026-09-15T19:45:44+00:00
2026,2,401872940,00-0041213,Devin Neal,JAX,DEN,DB,0.0,0.0,0.0,0.0,0.0,0.0,0.0,0.0,0.0,0.0,0.0,0.0,0.0,0.0,0.0,0.0,0.0,,roster_only,2026-09-15T19:45:44+00:00
2026,2,401872940,00-0033038,Eric Murray,JAX,DEN,DB,0.0,0.0,0.0,0.0,0.0,0.0,0.0,0.0,0.0,0.0,0.0,0.0,0.0,0.0,4.5,1.8,8.0,,starter,2026-09-15T19:45:44+00:00
2026,2,401872940,00-0040336,Jabbar Muhammad,JAX,DEN,DB,0.0,0.0,0.0,0.0,0.0,0.0,0.0,0.0,0.0,0.0,0.0,0.0,0.0,0.0,0.0,0.0,0.0,,roster_only,2026-09-15T19:45:44+00:00
2026,2,401872940,00-0041055,Jalen Huskey,JAX,DEN,DB,0.0,0.0,0.0,0.0,0.0,0.0,0.0,0.0,0.0,0.0,0.0,0.0,0.0,0.0,1.9,0.0,5.8,Active,backup,2026-09-15T19:45:44+00:00
2026,2,401872940,00-0039353,Jarrian Jones,JAX,DEN,DB,0.0,0.0,0.0,0.0,0.0,0.0,0.0,0.0,0.0,0.0,0.0,0.0,0.0,0.0,2.8,0.2,6.4,,backup,2026-09-15T19:45:44+00:00
2026,2,401872940,00-0033928,Jourdan Lewis,JAX,DEN,DB,0.0,0.0,0.0,0.0,0.0,0.0,0.0,0.0,0.0,0.0,0.0,0.0,0.0,0.0,3.4,1.2,6.1,,starter,2026-09-15T19:45:44+00:00
2026,2,401872940,00-0038823,Kaevon Merriweather,JAX,DEN,DB,0.0,0.0,0.0,0.0,0.0,0.0,0.0,0.0,0.0,0.0,0.0,0.0,0.0,0.0,0.0,0.0,0.0,,roster_only,2026-09-15T19:45:44+00:00
2026,2,401872940,00-0037313,Montaric Brown,JAX,DEN,DB,0.0,0.0,0.0,0.0,0.0,0.0,0.0,0.0,0.0,0.0,0.0,0.0,0.0,0.0,4.1,1.4,7.6,,starter,2026-09-15T19:45:44+00:00
2026,2,401872940,00-0041210,Preston Hodge,JAX,DEN,DB,0.0,0.0,0.0,0.0,0.0,0.0,0.0,0.0,0.0,0.0,0.0,0.0,0.0,0.0,0.0,0.0,0.0,,roster_only,2026-09-15T19:45:44+00:00
2026,2,401872940,00-0040213,Rayuan Lane III,JAX,DEN,DB,0.0,0.0,0.0,0.0,0.0,0.0,0.0,0.0,0.0,0.0,0.0,0.0,0.0,0.0,0.9,0.0,3.3,,backup,2026-09-15T19:45:44+00:00
2026,2,401872940,00-0040295,Trevian Thomas,JAX,DEN,DB,0.0,0.0,0.0,0.0,0.0,0.0,0.0,0.0,0.0,0.0,0.0,0.0,0.0,0.0,0.0,0.0,0.0,,roster_only,2026-09-15T19:45:44+00:00
2026,2,401872940,00-0041045,Albert Regis,JAX,DEN,DL,0.0,0.0,0.0,0.0,0.0,0.0,0.0,0.0,0.0,0.0,0.0,0.0,0.0,0.0,1.2,0.0,4.7,,backup,2026-09-15T19:45:44+00:00
2026,2,401872940,00-0032164,Arik Armstead,JAX,DEN,DL,0.0,0.0,0.0,0.0,0.0,0.0,0.0,0.0,0.0,0.0,0.0,0.0,0.0,0.0,1.7,0.0,4.1,,starter,2026-09-15T19:45:44+00:00
2026,2,401872940,00-0040329,BJ Green II,JAX,DEN,DL,0.0,0.0,0.0,0.0,0.0,0.0,0.0,0.0,0.0,0.0,0.0,0.0,0.0,0.0,1.1,0.0,3.5,Questionable,backup,2026-09-15T19:45:44+00:00
2026,2,401872940,00-0041218,Bryan Thomas Jr.,JAX,DEN,DL,0.0,0.0,0.0,0.0,0.0,0.0,0.0,0.0,0.0,0.0,0.0,0.0,0.0,0.0,1.1,0.0,4.7,Active,backup,2026-09-15T19:45:44+00:00
2026,2,401872940,00-0036262,DaVon Hamilton,JAX,DEN,DL,0.0,0.0,0.0,0.0,0.0,0.0,0.0,0.0,0.0,0.0,0.0,0.0,0.0,0.0,2.2,0.2,4.7,,starter,2026-09-15T19:45:44+00:00
2026,2,401872940,00-0040342,Danny Striggow,JAX,DEN,DL,0.0,0.0,0.0,0.0,0.0,0.0,0.0,0.0,0.0,0.0,0.0,0.0,0.0,0.0,0.8,0.0,3.3,,backup,2026-09-15T19:45:44+00:00
2026,2,401872940,00-0035642,Josh Hines-Allen,JAX,DEN,DL,0.0,0.0,0.0,0.0,0.0,0.0,0.0,0.0,0.0,0.0,0.0,0.0,0.0,0.0,2.8,0.7,5.5,,starter,2026-09-15T19:45:44+00:00
2026,2,401872940,00-0040338,Keivie Rose,JAX,DEN,DL,0.0,0.0,0.0,0.0,0.0,0.0,0.0,0.0,0.0,0.0,0.0,0.0,0.0,0.0,0.0,0.0,0.0,,roster_only,2026-09-15T19:45:44+00:00
2026,2,401872940,00-0034657,Matt Dickerson,JAX,DEN,DL,0.0,0.0,0.0,0.0,0.0,0.0,0.0,0.0,0.0,0.0,0.0,0.0,0.0,0.0,1.6,0.0,4.0,,backup,2026-09-15T19:45:44+00:00
2026,2,401872940,00-0041209,Quindarius Dunnigan,JAX,DEN,DL,0.0,0.0,0.0,0.0,0.0,0.0,0.0,0.0,0.0,0.0,0.0,0.0,0.0,0.0,0.0,0.0,0.0,,roster_only,2026-09-15T19:45:44+00:00
2026,2,401872940,00-0039733,Ruke Orhorhoro,JAX,DEN,DL,0.0,0.0,0.0,0.0,0.0,0.0,0.0,0.0,0.0,0.0,0.0,0.0,0.0,0.0,1.4,0.0,3.8,,backup,2026-09-15T19:45:44+00:00
2026,2,401872940,00-0041204,T.J. Bollers,JAX,DEN,DL,0.0,0.0,0.0,0.0,0.0,0.0,0.0,0.0,0.0,0.0,0.0,0.0,0.0,0.0,0.0,0.0,0.0,,roster_only,2026-09-15T19:45:44+00:00
2026,2,401872940,00-0040022,Tommy Akingbesote,JAX,DEN,DL,0.0,0.0,0.0,0.0,0.0,0.0,0.0,0.0,0.0,0.0,0.0,0.0,0.0,0.0,0.0,0.0,0.0,,roster_only,2026-09-15T19:45:44+00:00
2026,2,401872940,00-0037235,Travon Walker,JAX,DEN,DL,0.0,0.0,0.0,0.0,0.0,0.0,0.0,0.0,0.0,0.0,0.0,0.0,0.0,0.0,2.8,0.6,5.5,,starter,2026-09-15T19:45:44+00:00
2026,2,401872940,00-0041059,Wesley Williams,JAX,DEN,DL,0.0,0.0,0.0,0.0,0.0,0.0,0.0,0.0,0.0,0.0,0.0,0.0,0.0,0.0,1.1,0.0,4.7,Active,backup,2026-09-15T19:45:44+00:00
2026,2,401872940,00-0041122,Zach Durfee,JAX,DEN,DL,0.0,0.0,0.0,0.0,0.0,0.0,0.0,0.0,0.0,0.0,0.0,0.0,0.0,0.0,0.0,0.0,0.0,,backup,2026-09-15T19:45:44+00:00
2026,2,401872940,00-0039409,Cam Little,JAX,DEN,K,0.0,0.0,0.0,0.0,0.0,0.0,0.0,0.0,0.0,0.0,0.0,7.7,3.1,12.9,0.0,0.0,0.0,Active,starter,2026-09-15T19:45:44+00:00
2026,2,401872940,00-0038617,Amari Burney,JAX,DEN,LB,0.0,0.0,0.0,0.0,0.0,0.0,0.0,0.0,0.0,0.0,0.0,0.0,0.0,0.0,0.0,0.0,0.0,,roster_only,2026-09-15T19:45:44+00:00
2026,2,401872940,00-0040326,Branson Combs,JAX,DEN,LB,0.0,0.0,0.0,0.0,0.0,0.0,0.0,0.0,0.0,0.0,0.0,0.0,0.0,0.0,0.7,0.0,3.2,,backup,2026-09-15T19:45:44+00:00
2026,2,401872940,00-0034473,Dennis Gardeck,JAX,DEN,LB,0.0,0.0,0.0,0.0,0.0,0.0,0.0,0.0,0.0,0.0,0.0,0.0,0.0,0.0,2.0,0.1,4.5,,starter,2026-09-15T19:45:44+00:00
2026,2,401872940,00-0034413,Foye Oluokun,JAX,DEN,LB,0.0,0.0,0.0,0.0,0.0,0.0,0.0,0.0,0.0,0.0,0.0,0.0,0.0,0.0,7.5,5.3,12.3,,starter,2026-09-15T19:45:44+00:00
2026,2,401872940,00-0040723,Jack Kiser,JAX,DEN,LB,0.0,0.0,0.0,0.0,0.0,0.0,0.0,0.0,0.0,0.0,0.0,0.0,0.0,0.0,0.0,0.0,0.0,,roster_only,2026-09-15T19:45:44+00:00
2026,2,401872940,00-0035240,Jahlani Tavai,JAX,DEN,LB,0.0,0.0,0.0,0.0,0.0,0.0,0.0,0.0,0.0,0.0,0.0,0.0,0.0,0.0,4.2,2.2,6.6,,backup,2026-09-15T19:45:44+00:00
2026,2,401872940,00-0040209,Jalen McLeod,JAX,DEN,LB,0.0,0.0,0.0,0.0,0.0,0.0,0.0,0.0,0.0,0.0,0.0,0.0,0.0,0.0,0.0,0.0,0.0,,roster_only,2026-09-15T19:45:44+00:00
2026,2,401872940,00-0040395,Jared Bartlett,JAX,DEN,LB,0.0,0.0,0.0,0.0,0.0,0.0,0.0,0.0,0.0,0.0,0.0,0.0,0.0,0.0,0.0,0.0,0.0,,backup,2026-09-15T19:45:44+00:00
2026,2,401872940,00-0041127,Parker Hughes,JAX,DEN,LB,0.0,0.0,0.0,0.0,0.0,0.0,0.0,0.0,0.0,0.0,0.0,0.0,0.0,0.0,0.0,0.0,0.0,,backup,2026-09-15T19:45:44+00:00
2026,2,401872940,00-0038570,Ventrell Miller,JAX,DEN,LB,0.0,0.0,0.0,0.0,0.0,0.0,0.0,0.0,0.0,0.0,0.0,0.0,0.0,0.0,1.1,0.0,3.6,,starter,2026-09-15T19:45:44+00:00
2026,2,401872940,00-0039534,Carter Bradley,JAX,DEN,QB,0.0,0.0,0.0,0.0,0.0,9.1,-8.4,33.8,0.0,0.0,0.0,0.0,0.0,0.0,0.0,0.0,0.0,,roster_only,2026-09-15T19:45:44+00:00
2026,2,401872940,00-0041203,Joey Aguilar,JAX,DEN,QB,0.0,0.0,0.0,0.0,0.0,0.0,0.0,0.0,0.0,0.0,0.0,0.0,0.0,0.0,0.0,0.0,0.0,,roster_only,2026-09-15T19:45:44+00:00
2026,2,401872940,00-0033319,Nick Mullens,JAX,DEN,QB,0.0,0.0,0.0,0.0,0.0,4.5,-8.3,22.4,0.0,0.0,0.0,0.0,0.0,0.0,0.0,0.0,0.0,,roster_only,2026-09-15T19:45:44+00:00
2026,2,401872940,00-0040234,Quinn Ewers,JAX,DEN,QB,0.0,0.0,0.0,0.0,0.0,5.6,-8.4,25.4,0.0,0.0,0.0,0.0,0.0,0.0,0.0,0.0,0.0,Active,backup,2026-09-15T19:45:44+00:00
2026,2,401872940,00-0036971,Trevor Lawrence,JAX,DEN,QB,228.5,135.0,334.7,1.464,0.8049529834350585,16.9,4.1,34.8,0.0,0.0,0.0,0.0,0.0,0.0,0.0,0.0,0.0,Active,starter,2026-09-15T19:45:44+00:00
2026,2,401872940,00-0032104,Ameer Abdullah,JAX,DEN,RB,0.0,0.0,0.0,0.0,0.0,9.1,-1.6,24.2,3.5,-13.6,32.3,0.0,0.0,0.0,0.0,0.0,0.0,Active,backup,2026-09-15T19:45:44+00:00
2026,2,401872940,00-0040719,Bhayshul Tuten,JAX,DEN,RB,0.0,0.0,0.0,0.0,0.0,17.3,-4.7,48.2,4.4,-12.8,33.2,0.0,0.0,0.0,0.0,0.0,0.0,Active,starter,2026-09-15T19:45:44+00:00
2026,2,401872940,00-0038611,Chris Rodriguez Jr.,JAX,DEN,RB,0.0,0.0,0.0,0.0,0.0,34.3,12.3,65.2,4.8,-12.4,33.6,0.0,0.0,0.0,0.0,0.0,0.0,Active,backup,2026-09-15T19:45:44+00:00
2026,2,401872940,00-0041217,J'Mari Taylor,JAX,DEN,RB,0.0,0.0,0.0,0.0,0.0,0.0,0.0,0.0,0.0,0.0,0.0,0.0,0.0,0.0,0.0,0.0,0.0,,roster_only,2026-09-15T19:45:44+00:00
2026,2,401872940,00-0040238,LeQuint Allen Jr.,JAX,DEN,RB,0.0,0.0,0.0,0.0,0.0,6.2,-15.8,37.1,2.5,-14.7,31.3,0.0,0.0,0.0,0.0,0.0,0.0,Active,backup,2026-09-15T19:45:44+00:00
2026,2,401872940,00-0038935,Brenton Strange,JAX,DEN,TE,0.0,0.0,0.0,0.0,0.0,0.0,-10.8,15.0,29.3,9.6,63.5,0.0,0.0,0.0,0.0,0.0,0.0,Active,starter,2026-09-15T19:45:44+00:00
2026,2,401872940,00-0039489,Hayden Rucci,JAX,DEN,TE,0.0,0.0,0.0,0.0,0.0,0.0,0.0,0.0,0.0,0.0,0.0,0.0,0.0,0.0,0.0,0.0,0.0,,roster_only,2026-09-15T19:45:44+00:00
2026,2,401872940,00-0041503,Nate Boerkircher,JAX,DEN,TE,0.0,0.0,0.0,0.0,0.0,0.0,-14.8,20.6,6.3,-16.3,46.9,0.0,0.0,0.0,0.0,0.0,0.0,Active,backup,2026-09-15T19:45:44+00:00
2026,2,401872940,00-0036590,Quintin Morris,JAX,DEN,TE,0.0,0.0,0.0,0.0,0.0,0.0,-10.8,15.0,2.7,-14.4,31.6,0.0,0.0,0.0,0.0,0.0,0.0,,backup,2026-09-15T19:45:44+00:00
2026,2,401872940,00-0041084,Tanner Koziol,JAX,DEN,TE,0.0,0.0,0.0,0.0,0.0,0.0,-14.8,20.6,4.0,-18.6,44.6,0.0,0.0,0.0,0.0,0.0,0.0,Active,backup,2026-09-15T19:45:44+00:00
2026,2,401872940,00-0041206,Alex Bullock,JAX,DEN,WR,0.0,0.0,0.0,0.0,0.0,0.0,-14.7,20.7,6.7,-16.0,47.2,0.0,0.0,0.0,0.0,0.0,0.0,,roster_only,2026-09-15T19:45:44+00:00
2026,2,401872940,00-0036841,Austin Trammell,JAX,DEN,WR,0.0,0.0,0.0,0.0,0.0,0.0,0.0,0.0,0.0,0.0,0.0,0.0,0.0,0.0,0.0,0.0,0.0,,roster_only,2026-09-15T19:45:44+00:00
2026,2,401872940,00-0041205,Brady Boyd,JAX,DEN,WR,0.0,0.0,0.0,0.0,0.0,0.0,0.0,0.0,0.0,0.0,0.0,0.0,0.0,0.0,0.0,0.0,0.0,,roster_only,2026-09-15T19:45:44+00:00
2026,2,401872940,00-0039893,Brian Thomas Jr.,JAX,DEN,WR,0.0,0.0,0.0,0.0,0.0,0.1,-10.6,15.1,42.0,15.4,91.2,0.0,0.0,0.0,0.0,0.0,0.0,Questionable,starter,2026-09-15T19:45:44+00:00
2026,2,401872940,00-0041106,C.J. Williams,JAX,DEN,WR,0.0,0.0,0.0,0.0,0.0,0.0,-14.7,20.7,6.7,-15.9,47.3,0.0,0.0,0.0,0.0,0.0,0.0,Active,backup,2026-09-15T19:45:44+00:00
2026,2,401872940,00-0034960,Jakobi Meyers,JAX,DEN,WR,0.0,0.0,0.0,0.0,0.0,1.3,-9.4,16.4,49.2,22.6,98.4,0.0,0.0,0.0,0.0,0.0,0.0,Active,backup,2026-09-15T19:45:44+00:00
2026,2,401872940,00-0041100,Josh Cameron,JAX,DEN,WR,0.0,0.0,0.0,0.0,0.0,0.0,-14.8,20.6,6.5,-16.2,47.1,0.0,0.0,0.0,0.0,0.0,0.0,Active,backup,2026-09-15T19:45:44+00:00
2026,2,401872940,00-0041220,Michael Wortham,JAX,DEN,WR,0.0,0.0,0.0,0.0,0.0,0.0,0.0,0.0,0.0,0.0,0.0,0.0,0.0,0.0,0.0,0.0,0.0,,roster_only,2026-09-15T19:45:44+00:00
2026,2,401872940,00-0038606,Parker Washington,JAX,DEN,WR,0.0,0.0,0.0,0.0,0.0,0.2,-10.5,15.2,41.8,15.1,90.9,0.0,0.0,0.0,0.0,0.0,0.0,Active,backup,2026-09-15T19:45:44+00:00
2026,2,401872940,00-0036497,Tim Jones,JAX,DEN,WR,0.0,0.0,0.0,0.0,0.0,0.0,0.0,0.0,0.0,0.0,0.0,0.0,0.0,0.0,0.0,0.0,0.0,,roster_only,2026-09-15T19:45:44+00:00
2026,2,401872940,00-0040718,Travis Hunter,JAX,DEN,WR,0.0,0.0,0.0,0.0,0.0,1.0,-9.7,16.0,38.3,11.7,87.5,0.0,0.0,0.0,0.0,0.0,0.0,Active,starter,2026-09-15T19:45:44+00:00
2026,2,401872940,00-0041216,Trebor Pena,JAX,DEN,WR,0.0,0.0,0.0,0.0,0.0,0.0,0.0,0.0,0.0,0.0,0.0,0.0,0.0,0.0,0.0,0.0,0.0,,roster_only,2026-09-15T19:45:44+00:00
2026,2,401872941,00-0039369,Cam Hart,LAC,LV,DB,0.0,0.0,0.0,0.0,0.0,0.0,0.0,0.0,0.0,0.0,0.0,0.0,0.0,0.0,3.7,1.1,7.2,,starter,2026-09-15T19:45:44+00:00
2026,2,401872941,00-0037320,Deane Leonard,LAC,LV,DB,0.0,0.0,0.0,0.0,0.0,0.0,0.0,0.0,0.0,0.0,0.0,0.0,0.0,0.0,0.0,0.0,0.0,Out,backup,2026-09-15T19:45:44+00:00
2026,2,401872941,00-0034790,Derwin James,LAC,LV,DB,0.0,0.0,0.0,0.0,0.0,0.0,0.0,0.0,0.0,0.0,0.0,0.0,0.0,0.0,6.4,3.7,9.9,,starter,2026-09-15T19:45:44+00:00
2026,2,401872941,00-0041377,Devin Grant,LAC,LV,DB,0.0,0.0,0.0,0.0,0.0,0.0,0.0,0.0,0.0,0.0,0.0,0.0,0.0,0.0,0.0,0.0,0.0,,roster_only,2026-09-15T19:45:44+00:00
2026,2,401872941,00-0034356,Donte Jackson,LAC,LV,DB,0.0,0.0,0.0,0.0,0.0,0.0,0.0,0.0,0.0,0.0,0.0,0.0,0.0,0.0,2.3,0.2,5.1,,starter,2026-09-15T19:45:44+00:00
2026,2,401872941,00-0036992,Elijah Molden,LAC,LV,DB,0.0,0.0,0.0,0.0,0.0,0.0,0.0,0.0,0.0,0.0,0.0,0.0,0.0,0.0,3.8,1.6,6.5,Questionable,starter,2026-09-15T19:45:44+00:00
2026,2,401872941,00-0040468,Eric Rogers,LAC,LV,DB,0.0,0.0,0.0,0.0,0.0,0.0,0.0,0.0,0.0,0.0,0.0,0.0,0.0,0.0,0.0,0.0,0.0,,roster_only,2026-09-15T19:45:44+00:00
2026,2,401872941,00-0041064,Genesis Smith,LAC,LV,DB,0.0,0.0,0.0,0.0,0.0,0.0,0.0,0.0,0.0,0.0,0.0,0.0,0.0,0.0,2.3,0.0,6.3,,backup,2026-09-15T19:45:44+00:00
2026,2,401872941,00-0040065,Isas Waxter,LAC,LV,DB,0.0,0.0,0.0,0.0,0.0,0.0,0.0,0.0,0.0,0.0,0.0,0.0,0.0,0.0,0.0,0.0,0.0,,roster_only,2026-09-15T19:45:44+00:00
2026,2,401872941,00-0037242,Kaiir Elam,LAC,LV,DB,0.0,0.0,0.0,0.0,0.0,0.0,0.0,0.0,0.0,0.0,0.0,0.0,0.0,0.0,0.0,0.0,0.0,,roster_only,2026-09-15T19:45:44+00:00
2026,2,401872941,00-0038414,Kendall Williamson,LAC,LV,DB,0.0,0.0,0.0,0.0,0.0,0.0,0.0,0.0,0.0,0.0,0.0,0.0,0.0,0.0,0.8,0.0,3.3,,backup,2026-09-15T19:45:44+00:00
2026,2,401872941,00-0040473,Myles Purchase,LAC,LV,DB,0.0,0.0,0.0,0.0,0.0,0.0,0.0,0.0,0.0,0.0,0.0,0.0,0.0,0.0,0.0,0.0,0.0,,roster_only,2026-09-15T19:45:44+00:00
2026,2,401872941,00-0040471,Nikko Reed,LAC,LV,DB,0.0,0.0,0.0,0.0,0.0,0.0,0.0,0.0,0.0,0.0,0.0,0.0,0.0,0.0,0.0,0.0,0.0,,roster_only,2026-09-15T19:45:44+00:00
2026,2,401872941,00-0041371,Noah Avinger,LAC,LV,DB,0.0,0.0,0.0,0.0,0.0,0.0,0.0,0.0,0.0,0.0,0.0,0.0,0.0,0.0,0.0,0.0,0.0,,roster_only,2026-09-15T19:45:44+00:00
2026,2,401872941,00-0040221,R.J. Mickens,LAC,LV,DB,0.0,0.0,0.0,0.0,0.0,0.0,0.0,0.0,0.0,0.0,0.0,0.0,0.0,0.0,2.1,0.0,4.9,Active,backup,2026-09-15T19:45:44+00:00
2026,2,401872941,00-0041381,Rodney Shelley,LAC,LV,DB,0.0,0.0,0.0,0.0,0.0,0.0,0.0,0.0,0.0,0.0,0.0,0.0,0.0,0.0,2.3,0.0,6.3,,backup,2026-09-15T19:45:44+00:00
2026,2,401872941,00-0039366,Tarheeb Still,LAC,LV,DB,0.0,0.0,0.0,0.0,0.0,0.0,0.0,0.0,0.0,0.0,0.0,0.0,0.0,0.0,4.1,1.4,7.5,,starter,2026-09-15T19:45:44+00:00
2026,2,401872941,00-0030294,Tony Jefferson,LAC,LV,DB,0.0,0.0,0.0,0.0,0.0,0.0,0.0,0.0,0.0,0.0,0.0,0.0,0.0,0.0,4.2,1.5,7.6,,backup,2026-09-15T19:45:44+00:00
2026,2,401872941,00-0033546,Dalvin Tomlinson,LAC,LV,DL,0.0,0.0,0.0,0.0,0.0,0.0,0.0,0.0,0.0,0.0,0.0,0.0,0.0,0.0,1.8,0.0,4.3,,starter,2026-09-15T19:45:44+00:00
2026,2,401872941,00-0041378,Jacobian Guillory,LAC,LV,DL,0.0,0.0,0.0,0.0,0.0,0.0,0.0,0.0,0.0,0.0,0.0,0.0,0.0,0.0,0.0,0.0,0.0,,roster_only,2026-09-15T19:45:44+00:00
2026,2,401872941,00-0041375,Jahmeer Carter,LAC,LV,DL,0.0,0.0,0.0,0.0,0.0,0.0,0.0,0.0,0.0,0.0,0.0,0.0,0.0,0.0,0.0,0.0,0.0,,roster_only,2026-09-15T19:45:44+00:00
2026,2,401872941,00-0040144,Jamaree Caldwell,LAC,LV,DL,0.0,0.0,0.0,0.0,0.0,0.0,0.0,0.0,0.0,0.0,0.0,0.0,0.0,0.0,1.8,0.0,4.3,,starter,2026-09-15T19:45:44+00:00
2026,2,401872941,00-0039743,Jordan Jefferson,LAC,LV,DL,0.0,0.0,0.0,0.0,0.0,0.0,0.0,0.0,0.0,0.0,0.0,0.0,0.0,0.0,0.0,0.0,0.0,,roster_only,2026-09-15T19:45:44+00:00
2026,2,401872941,00-0039835,Justin Eboigbe,LAC,LV,DL,0.0,0.0,0.0,0.0,0.0,0.0,0.0,0.0,0.0,0.0,0.0,0.0,0.0,0.0,1.3,0.0,3.8,,backup,2026-09-15T19:45:44+00:00
2026,2,401872941,00-0041072,Nick Barrett,LAC,LV,DL,0.0,0.0,0.0,0.0,0.0,0.0,0.0,0.0,0.0,0.0,0.0,0.0,0.0,0.0,1.2,0.0,4.7,,backup,2026-09-15T19:45:44+00:00
2026,2,401872941,00-0036181,Teair Tart,LAC,LV,DL,0.0,0.0,0.0,0.0,0.0,0.0,0.0,0.0,0.0,0.0,0.0,0.0,0.0,0.0,2.0,0.1,4.5,,starter,2026-09-15T19:45:44+00:00
2026,2,401872941,00-0041386,Terry Webb,LAC,LV,DL,0.0,0.0,0.0,0.0,0.0,0.0,0.0,0.0,0.0,0.0,0.0,0.0,0.0,0.0,0.0,0.0,0.0,,roster_only,2026-09-15T19:45:44+00:00
2026,2,401872941,00-0037224,Cameron Dicker,LAC,LV,K,0.0,0.0,0.0,0.0,0.0,0.0,0.0,0.0,0.0,0.0,0.0,7.4,2.3,13.3,0.0,0.0,0.0,Active,starter,2026-09-15T19:45:44+00:00
2026,2,401872941,00-0041544,Akheem Mesidor,LAC,LV,LB,0.0,0.0,0.0,0.0,0.0,0.0,0.0,0.0,0.0,0.0,0.0,0.0,0.0,0.0,1.7,0.0,5.2,,backup,2026-09-15T19:45:44+00:00
2026,2,401872941,00-0038801,Andre Carter II,LAC,LV,LB,0.0,0.0,0.0,0.0,0.0,0.0,0.0,0.0,0.0,0.0,0.0,0.0,0.0,0.0,0.0,0.0,0.0,,roster_only,2026-09-15T19:45:44+00:00
2026,2,401872941,00-0032146,Bud Dupree,LAC,LV,LB,0.0,0.0,0.0,0.0,0.0,0.0,0.0,0.0,0.0,0.0,0.0,0.0,0.0,0.0,1.3,0.0,3.8,,backup,2026-09-15T19:45:44+00:00
2026,2,401872941,00-0038851,Caleb Murphy,LAC,LV,LB,0.0,0.0,0.0,0.0,0.0,0.0,0.0,0.0,0.0,0.0,0.0,0.0,0.0,0.0,0.0,0.0,0.0,,roster_only,2026-09-15T19:45:44+00:00
2026,2,401872941,00-0038553,Daiyan Henley,LAC,LV,LB,0.0,0.0,0.0,0.0,0.0,0.0,0.0,0.0,0.0,0.0,0.0,0.0,0.0,0.0,6.6,3.7,10.6,,recent_defensive_participant,2026-09-15T19:45:44+00:00
2026,2,401872941,00-0035202,Del'Shawn Phillips,LAC,LV,LB,0.0,0.0,0.0,0.0,0.0,0.0,0.0,0.0,0.0,0.0,0.0,0.0,0.0,0.0,2.1,0.1,4.6,,recent_defensive_participant,2026-09-15T19:45:44+00:00
2026,2,401872941,00-0032103,Denzel Perryman,LAC,LV,LB,0.0,0.0,0.0,0.0,0.0,0.0,0.0,0.0,0.0,0.0,0.0,0.0,0.0,0.0,0.0,0.0,0.0,Injured Reserve,roster_only,2026-09-15T19:45:44+00:00
2026,2,401872941,00-0039526,Emany Johnson,LAC,LV,LB,0.0,0.0,0.0,0.0,0.0,0.0,0.0,0.0,0.0,0.0,0.0,0.0,0.0,0.0,0.0,0.0,0.0,,roster_only,2026-09-15T19:45:44+00:00
2026,2,401872941,00-0039346,Junior Colson,LAC,LV,LB,0.0,0.0,0.0,0.0,0.0,0.0,0.0,0.0,0.0,0.0,0.0,0.0,0.0,0.0,0.0,0.0,0.0,,roster_only,2026-09-15T19:45:44+00:00
2026,2,401872941,00-0031040,Khalil Mack,LAC,LV,LB,0.0,0.0,0.0,0.0,0.0,0.0,0.0,0.0,0.0,0.0,0.0,0.0,0.0,0.0,2.9,0.0,7.0,,starter,2026-09-15T19:45:44+00:00
2026,2,401872941,00-0040161,Kyle Kennard,LAC,LV,LB,0.0,0.0,0.0,0.0,0.0,0.0,0.0,0.0,0.0,0.0,0.0,0.0,0.0,0.0,0.0,0.0,0.0,,roster_only,2026-09-15T19:45:44+00:00
2026,2,401872941,00-0041372,Lander Barton,LAC,LV,LB,0.0,0.0,0.0,0.0,0.0,0.0,0.0,0.0,0.0,0.0,0.0,0.0,0.0,0.0,0.0,0.0,0.0,,roster_only,2026-09-15T19:45:44+00:00
2026,2,401872941,00-0040460,Marlowe Wax,LAC,LV,LB,0.0,0.0,0.0,0.0,0.0,0.0,0.0,0.0,0.0,0.0,0.0,0.0,0.0,0.0,0.0,0.0,0.0,,roster_only,2026-09-15T19:45:44+00:00
2026,2,401872941,00-0036338,Troy Dye,LAC,LV,LB,0.0,0.0,0.0,0.0,0.0,0.0,0.0,0.0,0.0,0.0,0.0,0.0,0.0,0.0,2.2,0.3,4.8,,recent_defensive_participant,2026-09-15T19:45:44+00:00
2026,2,401872941,00-0039111,Tuli Tuipulotu,LAC,LV,LB,0.0,0.0,0.0,0.0,0.0,0.0,0.0,0.0,0.0,0.0,0.0,0.0,0.0,0.0,3.2,0.3,7.2,Active,starter,2026-09-15T19:45:44+00:00
2026,2,401872941,00-0040464,DJ Uiagalelei,LAC,LV,QB,0.0,0.0,0.0,0.0,0.0,0.0,0.0,0.0,0.0,0.0,0.0,0.0,0.0,0.0,0.0,0.0,0.0,,roster_only,2026-09-15T19:45:44+00:00
2026,2,401872941,00-0036355,Justin Herbert,LAC,LV,QB,226.5,133.0,332.7,1.589,0.8125,20.2,7.5,38.2,0.0,0.0,0.0,0.0,0.0,0.0,0.0,0.0,0.0,Active,starter,2026-09-15T19:45:44+00:00
2026,2,401872941,00-0037012,Trey Lance,LAC,LV,QB,0.0,0.0,0.0,0.0,0.0,7.7,-5.1,25.6,0.0,0.0,0.0,0.0,0.0,0.0,0.0,0.0,0.0,,backup,2026-09-15T19:45:44+00:00
2026,2,401872941,00-0035125,Alec Ingold,LAC,LV,RB,0.0,0.0,0.0,0.0,0.0,2.6,-8.1,17.6,7.6,-9.6,36.4,0.0,0.0,0.0,0.0,0.0,0.0,,starter,2026-09-15T19:45:44+00:00
2026,2,401872941,00-0040039,Amar Johnson,LAC,LV,RB,0.0,0.0,0.0,0.0,0.0,0.0,0.0,0.0,0.0,0.0,0.0,0.0,0.0,0.0,0.0,0.0,0.0,,roster_only,2026-09-15T19:45:44+00:00
2026,2,401872941,00-0041376,Gregory Desrosiers,LAC,LV,RB,0.0,0.0,0.0,0.0,0.0,0.0,0.0,0.0,0.0,0.0,0.0,0.0,0.0,0.0,0.0,0.0,0.0,,roster_only,2026-09-15T19:45:44+00:00
2026,2,401872941,00-0038454,Keaton Mitchell,LAC,LV,RB,0.0,0.0,0.0,0.0,0.0,22.6,0.6,53.5,3.7,-13.5,32.5,0.0,0.0,0.0,0.0,0.0,0.0,Active,backup,2026-09-15T19:45:44+00:00
2026,2,401872941,00-0039391,Kimani Vidal,LAC,LV,RB,0.0,0.0,0.0,0.0,0.0,38.7,16.7,69.6,10.5,-6.6,39.3,0.0,0.0,0.0,0.0,0.0,0.0,Active,backup,2026-09-15T19:45:44+00:00
2026,2,401872941,00-0040666,Omarion Hampton,LAC,LV,RB,0.0,0.0,0.0,0.0,0.0,62.2,40.2,93.1,25.7,8.5,54.5,0.0,0.0,0.0,0.0,0.0,0.0,Active,starter,2026-09-15T19:45:44+00:00
2026,2,401872941,00-0038614,Scott Matlock,LAC,LV,RB,0.0,0.0,0.0,0.0,0.0,0.0,0.0,0.0,0.0,0.0,0.0,0.0,0.0,0.0,0.0,0.0,0.0,Injured Reserve,backup,2026-09-15T19:45:44+00:00
2026,2,401872941,00-0038046,Charlie Kolar,LAC,LV,TE,0.0,0.0,0.0,0.0,0.0,0.0,-10.8,14.9,6.7,-10.4,35.5,0.0,0.0,0.0,0.0,0.0,0.0,Active,starter,2026-09-15T19:45:44+00:00
2026,2,401872941,00-0033885,David Njoku,LAC,LV,TE,0.0,0.0,0.0,0.0,0.0,0.0,-10.8,14.9,12.3,-4.9,41.1,0.0,0.0,0.0,0.0,0.0,0.0,Active,backup,2026-09-15T19:45:44+00:00
2026,2,401872941,00-0041384,Evan Svoboda,LAC,LV,TE,0.0,0.0,0.0,0.0,0.0,0.0,0.0,0.0,0.0,0.0,0.0,0.0,0.0,0.0,0.0,0.0,0.0,,roster_only,2026-09-15T19:45:44+00:00
2026,2,401872941,00-0041452,Johnny Pascuzzi,LAC,LV,TE,0.0,0.0,0.0,0.0,0.0,0.0,0.0,0.0,0.0,0.0,0.0,0.0,0.0,0.0,0.0,0.0,0.0,,roster_only,2026-09-15T19:45:44+00:00
2026,2,401872941,00-0040189,Oronde Gadsden II,LAC,LV,TE,0.0,0.0,0.0,0.0,0.0,0.0,-10.8,14.9,28.8,9.1,63.0,0.0,0.0,0.0,0.0,0.0,0.0,Active,backup,2026-09-15T19:45:44+00:00
2026,2,401872941,00-0040331,Patrick Herbert,LAC,LV,TE,0.0,0.0,0.0,0.0,0.0,0.0,0.0,0.0,0.0,0.0,0.0,0.0,0.0,0.0,0.0,0.0,0.0,,roster_only,2026-09-15T19:45:44+00:00
2026,2,401872941,00-0041550,Brenen Thompson,LAC,LV,WR,0.0,0.0,0.0,0.0,0.0,0.0,-14.7,20.7,6.9,-15.8,47.4,0.0,0.0,0.0,0.0,0.0,0.0,Active,backup,2026-09-15T19:45:44+00:00
2026,2,401872941,00-0040629,Dalevon Campbell,LAC,LV,WR,0.0,0.0,0.0,0.0,0.0,0.0,0.0,0.0,0.0,0.0,0.0,0.0,0.0,0.0,0.0,0.0,0.0,,roster_only,2026-09-15T19:45:44+00:00
2026,2,401872941,00-0038573,Derius Davis,LAC,LV,WR,0.0,0.0,0.0,0.0,0.0,0.4,-10.3,15.5,0.6,-16.6,29.4,0.0,0.0,0.0,0.0,0.0,0.0,Questionable,backup,2026-09-15T19:45:44+00:00
2026,2,401872941,00-0041380,Devonte Ross,LAC,LV,WR,0.0,0.0,0.0,0.0,0.0,0.0,0.0,0.0,0.0,0.0,0.0,0.0,0.0,0.0,0.0,0.0,0.0,,roster_only,2026-09-15T19:45:44+00:00
2026,2,401872941,00-0035589,Gary Jennings,LAC,LV,WR,0.0,0.0,0.0,0.0,0.0,0.0,0.0,0.0,0.0,0.0,0.0,0.0,0.0,0.0,0.0,0.0,0.0,,roster_only,2026-09-15T19:45:44+00:00
2026,2,401872941,00-0039722,JaQuae Jackson,LAC,LV,WR,0.0,0.0,0.0,0.0,0.0,0.0,0.0,0.0,0.0,0.0,0.0,0.0,0.0,0.0,0.0,0.0,0.0,,roster_only,2026-09-15T19:45:44+00:00
2026,2,401872941,00-0041373,Jerand Bradley,LAC,LV,WR,0.0,0.0,0.0,0.0,0.0,0.0,0.0,0.0,0.0,0.0,0.0,0.0,0.0,0.0,0.0,0.0,0.0,,roster_only,2026-09-15T19:45:44+00:00
2026,2,401872941,00-0040184,KeAndre Lambert-Smith,LAC,LV,WR,0.0,0.0,0.0,0.0,0.0,0.0,-10.8,15.0,4.1,-13.0,33.0,0.0,0.0,0.0,0.0,0.0,0.0,Doubtful,backup,2026-09-15T19:45:44+00:00
2026,2,401872941,00-0039915,Ladd McConkey,LAC,LV,WR,0.0,0.0,0.0,0.0,0.0,0.0,-10.8,14.9,44.8,27.6,73.6,0.0,0.0,0.0,0.0,0.0,0.0,Questionable,starter,2026-09-15T19:45:44+00:00
2026,2,401872941,00-0041571,Liam Clifford,LAC,LV,WR,0.0,0.0,0.0,0.0,0.0,0.0,0.0,0.0,0.0,0.0,0.0,0.0,0.0,0.0,0.0,0.0,0.0,,roster_only,2026-09-15T19:45:44+00:00
2026,2,401872941,00-0038544,Quentin Johnston,LAC,LV,WR,0.0,0.0,0.0,0.0,0.0,0.0,-10.8,14.9,39.4,12.8,88.6,0.0,0.0,0.0,0.0,0.0,0.0,Active,backup,2026-09-15T19:45:44+00:00
2026,2,401872941,00-0041374,Sincere Brown,LAC,LV,WR,0.0,0.0,0.0,0.0,0.0,0.0,-14.7,20.7,6.8,-15.8,47.4,0.0,0.0,0.0,0.0,0.0,0.0,,roster_only,2026-09-15T19:45:44+00:00
2026,2,401872941,00-0040311,Theo Wease Jr.,LAC,LV,WR,0.0,0.0,0.0,0.0,0.0,0.0,0.0,0.0,0.0,0.0,0.0,0.0,0.0,0.0,0.0,0.0,0.0,,roster_only,2026-09-15T19:45:44+00:00
2026,2,401872941,00-0040727,Tre Harris,LAC,LV,WR,0.0,0.0,0.0,0.0,0.0,0.5,-10.2,15.5,17.0,-0.1,45.8,0.0,0.0,0.0,0.0,0.0,0.0,Active,backup,2026-09-15T19:45:44+00:00
2026,2,401872941,00-0041002,Caleb Offord,LV,LAC,DB,0.0,0.0,0.0,0.0,0.0,0.0,0.0,0.0,0.0,0.0,0.0,0.0,0.0,0.0,0.0,0.0,0.0,,roster_only,2026-09-15T19:45:44+00:00
2026,2,401872941,00-0039676,Chigozie Anusiem,LV,LAC,DB,0.0,0.0,0.0,0.0,0.0,0.0,0.0,0.0,0.0,0.0,0.0,0.0,0.0,0.0,0.0,0.0,0.0,Injured Reserve,backup,2026-09-15T19:45:44+00:00
2026,2,401872941,00-0040883,Dalton Johnson,LV,LAC,DB,0.0,0.0,0.0,0.0,0.0,0.0,0.0,0.0,0.0,0.0,0.0,0.0,0.0,0.0,2.3,0.0,6.2,Active,backup,2026-09-15T19:45:44+00:00
2026,2,401872941,00-0040641,Darien Porter,LV,LAC,DB,0.0,0.0,0.0,0.0,0.0,0.0,0.0,0.0,0.0,0.0,0.0,0.0,0.0,0.0,3.7,1.0,7.2,Questionable,starter,2026-09-15T19:45:44+00:00
2026,2,401872941,00-0038594,Darrell Luter Jr.,LV,LAC,DB,0.0,0.0,0.0,0.0,0.0,0.0,0.0,0.0,0.0,0.0,0.0,0.0,0.0,0.0,3.5,0.9,7.0,Active,backup,2026-09-15T19:45:44+00:00
2026,2,401872941,00-0041000,Devin Lafayette,LV,LAC,DB,0.0,0.0,0.0,0.0,0.0,0.0,0.0,0.0,0.0,0.0,0.0,0.0,0.0,0.0,0.0,0.0,0.0,,roster_only,2026-09-15T19:45:44+00:00
2026,2,401872941,00-0041018,Devyn Perkins,LV,LAC,DB,0.0,0.0,0.0,0.0,0.0,0.0,0.0,0.0,0.0,0.0,0.0,0.0,0.0,0.0,0.0,0.0,0.0,,roster_only,2026-09-15T19:45:44+00:00
2026,2,401872941,00-0036901,Eric Stokes,LV,LAC,DB,0.0,0.0,0.0,0.0,0.0,0.0,0.0,0.0,0.0,0.0,0.0,0.0,0.0,0.0,3.6,0.9,7.1,,starter,2026-09-15T19:45:44+00:00
2026,2,401872941,00-0040489,Greedy Vance,LV,LAC,DB,0.0,0.0,0.0,0.0,0.0,0.0,0.0,0.0,0.0,0.0,0.0,0.0,0.0,0.0,0.0,0.0,0.0,,roster_only,2026-09-15T19:45:44+00:00
2026,2,401872941,00-0040889,Hezekiah Masses,LV,LAC,DB,0.0,0.0,0.0,0.0,0.0,0.0,0.0,0.0,0.0,0.0,0.0,0.0,0.0,0.0,2.3,0.0,6.2,,backup,2026-09-15T19:45:44+00:00
2026,2,401872941,00-0037512,Isaiah Pola-Mao,LV,LAC,DB,0.0,0.0,0.0,0.0,0.0,0.0,0.0,0.0,0.0,0.0,0.0,0.0,0.0,0.0,4.5,1.8,8.0,,backup,2026-09-15T19:45:44+00:00
2026,2,401872941,00-0036293,Jeremy Chinn,LV,LAC,DB,0.0,0.0,0.0,0.0,0.0,0.0,0.0,0.0,0.0,0.0,0.0,0.0,0.0,0.0,6.3,3.7,9.8,,starter,2026-09-15T19:45:44+00:00
2026,2,401872941,00-0041563,Jermod McCoy,LV,LAC,DB,0.0,0.0,0.0,0.0,0.0,0.0,0.0,0.0,0.0,0.0,0.0,0.0,0.0,0.0,2.3,0.0,6.2,,backup,2026-09-15T19:45:44+00:00
2026,2,401872941,00-0034376,Taron Johnson,LV,LAC,DB,0.0,0.0,0.0,0.0,0.0,0.0,0.0,0.0,0.0,0.0,0.0,0.0,0.0,0.0,4.6,2.4,7.3,,starter,2026-09-15T19:45:44+00:00
2026,2,401872941,00-0040868,Treydan Stukes,LV,LAC,DB,0.0,0.0,0.0,0.0,0.0,0.0,0.0,0.0,0.0,0.0,0.0,0.0,0.0,0.0,3.1,0.3,7.0,Active,starter,2026-09-15T19:45:44+00:00
2026,2,401872941,00-0037461,Tristin McCollum,LV,LAC,DB,0.0,0.0,0.0,0.0,0.0,0.0,0.0,0.0,0.0,0.0,0.0,0.0,0.0,0.0,1.7,0.0,4.4,,backup,2026-09-15T19:45:44+00:00
2026,2,401872941,00-0033381,Adam Butler,LV,LAC,DL,0.0,0.0,0.0,0.0,0.0,0.0,0.0,0.0,0.0,0.0,0.0,0.0,0.0,0.0,1.8,0.0,4.3,,starter,2026-09-15T19:45:44+00:00
2026,2,401872941,00-0040902,Brandon Cleveland,LV,LAC,DL,0.0,0.0,0.0,0.0,0.0,0.0,0.0,0.0,0.0,0.0,0.0,0.0,0.0,0.0,0.0,0.0,0.0,,roster_only,2026-09-15T19:45:44+00:00
2026,2,401872941,00-0034275,Foley Fatukasi,LV,LAC,DL,0.0,0.0,0.0,0.0,0.0,0.0,0.0,0.0,0.0,0.0,0.0,0.0,0.0,0.0,1.1,0.0,3.6,,backup,2026-09-15T19:45:44+00:00
2026,2,401872941,00-0041007,Gary Smith III,LV,LAC,DL,0.0,0.0,0.0,0.0,0.0,0.0,0.0,0.0,0.0,0.0,0.0,0.0,0.0,0.0,0.0,0.0,0.0,,roster_only,2026-09-15T19:45:44+00:00
2026,2,401872941,00-0040199,JJ Pegues,LV,LAC,DL,0.0,0.0,0.0,0.0,0.0,0.0,0.0,0.0,0.0,0.0,0.0,0.0,0.0,0.0,1.2,0.0,3.7,Active,backup,2026-09-15T19:45:44+00:00
2026,2,401872941,00-0039423,Jonah Laulu,LV,LAC,DL,0.0,0.0,0.0,0.0,0.0,0.0,0.0,0.0,0.0,0.0,0.0,0.0,0.0,0.0,2.9,0.8,5.7,,starter,2026-09-15T19:45:44+00:00
2026,2,401872941,00-0036479,Kwity Paye,LV,LAC,DL,0.0,0.0,0.0,0.0,0.0,0.0,0.0,0.0,0.0,0.0,0.0,0.0,0.0,0.0,2.3,0.3,4.8,,starter,2026-09-15T19:45:44+00:00
2026,2,401872941,00-0036989,Malcolm Koonce,LV,LAC,DL,0.0,0.0,0.0,0.0,0.0,0.0,0.0,0.0,0.0,0.0,0.0,0.0,0.0,0.0,1.7,0.0,4.1,,backup,2026-09-15T19:45:44+00:00
2026,2,401872941,00-0034973,Maxx Crosby,LV,LAC,DL,0.0,0.0,0.0,0.0,0.0,0.0,0.0,0.0,0.0,0.0,0.0,0.0,0.0,0.0,3.7,1.6,6.4,,starter,2026-09-15T19:45:44+00:00
2026,2,401872941,00-0037262,Thomas Booker,LV,LAC,DL,0.0,0.0,0.0,0.0,0.0,0.0,0.0,0.0,0.0,0.0,0.0,0.0,0.0,0.0,2.1,0.2,4.6,,backup,2026-09-15T19:45:44+00:00
2026,2,401872941,00-0041534,Tim Keenan III,LV,LAC,DL,0.0,0.0,0.0,0.0,0.0,0.0,0.0,0.0,0.0,0.0,0.0,0.0,0.0,0.0,0.0,0.0,0.0,,roster_only,2026-09-15T19:45:44+00:00
2026,2,401872941,00-0040169,Tonka Hemingway,LV,LAC,DL,0.0,0.0,0.0,0.0,0.0,0.0,0.0,0.0,0.0,0.0,0.0,0.0,0.0,0.0,1.5,0.0,4.0,,starter,2026-09-15T19:45:44+00:00
2026,2,401872941,00-0040487,Treven Ma'ae,LV,LAC,DL,0.0,0.0,0.0,0.0,0.0,0.0,0.0,0.0,0.0,0.0,0.0,0.0,0.0,0.0,0.0,0.0,0.0,,roster_only,2026-09-15T19:45:44+00:00
2026,2,401872941,00-0041582,Kansei Matsuzawa,LV,LAC,K,0.0,0.0,0.0,0.0,0.0,0.0,0.0,0.0,0.0,0.0,0.0,0.0,0.0,0.0,0.0,0.0,0.0,,kicker_role,2026-09-15T19:45:44+00:00
2026,2,401872941,00-0035269,Matt Gay,LV,LAC,K,0.0,0.0,0.0,0.0,0.0,0.0,0.0,0.0,0.0,0.0,0.0,6.7,1.6,12.5,0.0,0.0,0.0,Active,starter,2026-09-15T19:45:44+00:00
2026,2,401872941,00-0036552,Azeez Ojulari,LV,LAC,LB,0.0,0.0,0.0,0.0,0.0,0.0,0.0,0.0,0.0,0.0,0.0,0.0,0.0,0.0,0.0,0.0,0.0,,roster_only,2026-09-15T19:45:44+00:00
2026,2,401872941,00-0039836,Brennan Jackson,LV,LAC,LB,0.0,0.0,0.0,0.0,0.0,0.0,0.0,0.0,0.0,0.0,0.0,0.0,0.0,0.0,0.0,0.0,0.0,,backup,2026-09-15T19:45:44+00:00
2026,2,401872941,00-0036644,Cameron McGrone,LV,LAC,LB,0.0,0.0,0.0,0.0,0.0,0.0,0.0,0.0,0.0,0.0,0.0,0.0,0.0,0.0,0.0,0.0,0.0,,roster_only,2026-09-15T19:45:44+00:00
2026,2,401872941,00-0041006,Cian Slone,LV,LAC,LB,0.0,0.0,0.0,0.0,0.0,0.0,0.0,0.0,0.0,0.0,0.0,0.0,0.0,0.0,0.0,0.0,0.0,,roster_only,2026-09-15T19:45:44+00:00
2026,2,401872941,00-0040228,Cody Lindenberg,LV,LAC,LB,0.0,0.0,0.0,0.0,0.0,0.0,0.0,0.0,0.0,0.0,0.0,0.0,0.0,0.0,0.0,0.0,0.0,Active,roster_only,2026-09-15T19:45:44+00:00
2026,2,401872941,00-0040604,Jahfari Harvey,LV,LAC,LB,0.0,0.0,0.0,0.0,0.0,0.0,0.0,0.0,0.0,0.0,0.0,0.0,0.0,0.0,0.0,0.0,0.0,,roster_only,2026-09-15T19:45:44+00:00
2026,2,401872941,00-0041553,Keyron Crawford,LV,LAC,LB,0.0,0.0,0.0,0.0,0.0,0.0,0.0,0.0,0.0,0.0,0.0,0.0,0.0,0.0,0.0,0.0,0.0,Injured Reserve,backup,2026-09-15T19:45:44+00:00
2026,2,401872941,00-0037615,Nakobe Dean,LV,LAC,LB,0.0,0.0,0.0,0.0,0.0,0.0,0.0,0.0,0.0,0.0,0.0,0.0,0.0,0.0,3.7,1.7,6.1,,recent_defensive_participant,2026-09-15T19:45:44+00:00
2026,2,401872941,00-0036922,Patrick Johnson,LV,LAC,LB,0.0,0.0,0.0,0.0,0.0,0.0,0.0,0.0,0.0,0.0,0.0,0.0,0.0,0.0,1.4,0.0,3.9,,backup,2026-09-15T19:45:44+00:00
2026,2,401872941,00-0037074,Quay Walker,LV,LAC,LB,0.0,0.0,0.0,0.0,0.0,0.0,0.0,0.0,0.0,0.0,0.0,0.0,0.0,0.0,6.9,4.2,11.2,,recent_defensive_participant,2026-09-15T19:45:44+00:00
2026,2,401872941,00-0037527,Segun Olubi,LV,LAC,LB,0.0,0.0,0.0,0.0,0.0,0.0,0.0,0.0,0.0,0.0,0.0,0.0,0.0,0.0,0.0,0.0,0.0,,roster_only,2026-09-15T19:45:44+00:00
2026,2,401872941,00-0039374,Tommy Eichenberg,LV,LAC,LB,0.0,0.0,0.0,0.0,0.0,0.0,0.0,0.0,0.0,0.0,0.0,0.0,0.0,0.0,1.7,0.0,4.1,,recent_defensive_participant,2026-09-15T19:45:44+00:00
2026,2,401872941,00-0041008,Xavian Sorey Jr.,LV,LAC,LB,0.0,0.0,0.0,0.0,0.0,0.0,0.0,0.0,0.0,0.0,0.0,0.0,0.0,0.0,0.0,0.0,0.0,,roster_only,2026-09-15T19:45:44+00:00
2026,2,401872941,00-0038579,Aidan O'Connell,LV,LAC,QB,0.0,0.0,0.0,0.0,0.0,11.1,-1.7,29.0,0.0,0.0,0.0,0.0,0.0,0.0,0.0,0.0,0.0,Active,backup,2026-09-15T19:45:44+00:00
2026,2,401872941,00-0041562,Fernando Mendoza,LV,LAC,QB,0.0,0.0,0.0,0.0,0.0,8.6,-9.0,33.3,0.0,0.0,0.0,0.0,0.0,0.0,0.0,0.0,0.0,Active,backup,2026-09-15T19:45:44+00:00
2026,2,401872941,00-0040996,Jacob Clark,LV,LAC,QB,0.0,0.0,0.0,0.0,0.0,0.0,0.0,0.0,0.0,0.0,0.0,0.0,0.0,0.0,0.0,0.0,0.0,,roster_only,2026-09-15T19:45:44+00:00
2026,2,401872941,00-0029604,Kirk Cousins,LV,LAC,QB,200.6,107.1,306.8,1.539,0.8125,3.5,-7.2,18.5,0.0,0.0,0.0,0.0,0.0,0.0,0.0,0.0,0.0,Active,starter,2026-09-15T19:45:44+00:00
2026,2,401872941,00-0040122,Ashton Jeanty,LV,LAC,RB,0.0,0.0,0.0,0.0,0.0,70.2,48.2,101.1,22.1,4.9,50.9,0.0,0.0,0.0,0.0,0.0,0.0,Active,starter,2026-09-15T19:45:44+00:00
2026,2,401872941,00-0039244,Chris Collier,LV,LAC,RB,0.0,0.0,0.0,0.0,0.0,0.0,0.0,0.0,0.0,0.0,0.0,0.0,0.0,0.0,0.0,0.0,0.0,,backup,2026-09-15T19:45:44+00:00
2026,2,401872941,00-0037304,Connor Heyward,LV,LAC,RB,0.0,0.0,0.0,0.0,0.0,7.0,-15.0,37.9,1.7,-15.4,30.5,0.0,0.0,0.0,0.0,0.0,0.0,,starter,2026-09-15T19:45:44+00:00
2026,2,401872941,00-0033854,Dare Ogunbowale,LV,LAC,RB,0.0,0.0,0.0,0.0,0.0,0.0,0.0,0.0,0.0,0.0,0.0,0.0,0.0,0.0,0.0,0.0,0.0,,roster_only,2026-09-15T19:45:44+00:00
2026,2,401872941,00-0039407,Dylan Laube,LV,LAC,RB,0.0,0.0,0.0,0.0,0.0,1.1,-9.6,16.2,0.2,-17.0,29.0,0.0,0.0,0.0,0.0,0.0,0.0,Active,backup,2026-09-15T19:45:44+00:00
2026,2,401872941,00-0040878,Mike Washington Jr.,LV,LAC,RB,0.0,0.0,0.0,0.0,0.0,13.6,-16.7,56.1,2.4,-20.3,42.9,0.0,0.0,0.0,0.0,0.0,0.0,,roster_only,2026-09-15T19:45:44+00:00
2026,2,401872941,WAS569019,Mike Washington Jr.,LV,LAC,RB,0.0,0.0,0.0,0.0,0.0,15.0,-15.2,57.6,3.2,-19.4,43.8,0.0,0.0,0.0,0.0,0.0,0.0,Active,backup,2026-09-15T19:45:44+00:00
2026,2,401872941,00-0040998,Roman Hemby,LV,LAC,RB,0.0,0.0,0.0,0.0,0.0,0.0,0.0,0.0,0.0,0.0,0.0,0.0,0.0,0.0,0.0,0.0,0.0,,roster_only,2026-09-15T19:45:44+00:00
2026,2,401872941,00-0036423,Albert Okwuegbunam,LV,LAC,TE,0.0,0.0,0.0,0.0,0.0,0.0,-10.8,14.9,18.9,1.7,47.7,0.0,0.0,0.0,0.0,0.0,0.0,,roster_only,2026-09-15T19:45:44+00:00
2026,2,401872941,00-0039338,Brock Bowers,LV,LAC,TE,0.0,0.0,0.0,0.0,0.0,0.0,0.0,0.0,0.0,0.0,0.0,0.0,0.0,0.0,0.0,0.0,0.0,Out,starter,2026-09-15T19:45:44+00:00
2026,2,401872941,00-0040488,Carter Runyon,LV,LAC,TE,0.0,0.0,0.0,0.0,0.0,0.0,0.0,0.0,0.0,0.0,0.0,0.0,0.0,0.0,0.0,0.0,0.0,Injured Reserve,backup,2026-09-15T19:45:44+00:00
2026,2,401872941,00-0035345,Chris Myarick,LV,LAC,TE,0.0,0.0,0.0,0.0,0.0,0.0,-10.8,15.0,2.2,-15.0,31.0,0.0,0.0,0.0,0.0,0.0,0.0,,roster_only,2026-09-15T19:45:44+00:00
2026,2,401872941,00-0034365,Ian Thomas,LV,LAC,TE,0.0,0.0,0.0,0.0,0.0,0.0,-10.8,15.0,7.9,-9.3,36.7,0.0,0.0,0.0,0.0,0.0,0.0,Active,backup,2026-09-15T19:45:44+00:00
2026,2,401872941,00-0039066,Michael Mayer,LV,LAC,TE,0.0,0.0,0.0,0.0,0.0,0.0,-10.8,15.0,30.6,10.9,64.9,0.0,0.0,0.0,0.0,0.0,0.0,Active,backup,2026-09-15T19:45:44+00:00
2026,2,401872941,00-0041016,Patrick Gurd,LV,LAC,TE,0.0,0.0,0.0,0.0,0.0,0.0,0.0,0.0,0.0,0.0,0.0,0.0,0.0,0.0,0.0,0.0,0.0,,roster_only,2026-09-15T19:45:44+00:00
2026,2,401872941,00-0041004,Chase Roberts,LV,LAC,WR,0.0,0.0,0.0,0.0,0.0,0.1,-14.7,20.7,6.2,-16.4,46.8,0.0,0.0,0.0,0.0,0.0,0.0,,roster_only,2026-09-15T19:45:44+00:00
2026,2,401872941,00-0035891,Cody White,LV,LAC,WR,0.0,0.0,0.0,0.0,0.0,0.0,-10.8,15.0,3.3,-13.8,32.2,0.0,0.0,0.0,0.0,0.0,0.0,,roster_only,2026-09-15T19:45:44+00:00
2026,2,401872941,00-0041005,Corey Rucker,LV,LAC,WR,0.0,0.0,0.0,0.0,0.0,0.0,0.0,0.0,0.0,0.0,0.0,0.0,0.0,0.0,0.0,0.0,0.0,,backup,2026-09-15T19:45:44+00:00
2026,2,401872941,00-0037093,Dareke Young,LV,LAC,WR,0.0,0.0,0.0,0.0,0.0,0.0,-10.7,15.0,3.9,-13.3,32.7,0.0,0.0,0.0,0.0,0.0,0.0,,backup,2026-09-15T19:45:44+00:00
2026,2,401872941,00-0037487,Deven Thompkins,LV,LAC,WR,0.0,0.0,0.0,0.0,0.0,0.0,0.0,0.0,0.0,0.0,0.0,0.0,0.0,0.0,0.0,0.0,0.0,,roster_only,2026-09-15T19:45:44+00:00
2026,2,401872941,00-0040581,Dont'e Thornton Jr.,LV,LAC,WR,0.0,0.0,0.0,0.0,0.0,0.0,0.0,0.0,0.0,0.0,0.0,0.0,0.0,0.0,0.0,0.0,0.0,Injured Reserve,backup,2026-09-15T19:45:44+00:00
2026,2,401872941,00-0041011,E.J. Williams Jr.,LV,LAC,WR,0.0,0.0,0.0,0.0,0.0,0.0,0.0,0.0,0.0,0.0,0.0,0.0,0.0,0.0,0.0,0.0,0.0,,roster_only,2026-09-15T19:45:44+00:00
2026,2,401872941,00-0040729,Jack Bech,LV,LAC,WR,0.0,0.0,0.0,0.0,0.0,0.0,-10.8,15.0,24.0,-2.6,73.2,0.0,0.0,0.0,0.0,0.0,0.0,Active,backup,2026-09-15T19:45:44+00:00
2026,2,401872941,00-0037291,Jalen Nailor,LV,LAC,WR,0.0,0.0,0.0,0.0,0.0,0.0,-10.8,15.0,16.9,-0.3,45.7,0.0,0.0,0.0,0.0,0.0,0.0,Active,backup,2026-09-15T19:45:44+00:00
2026,2,401872941,00-0038590,Justin Shorter,LV,LAC,WR,0.0,0.0,0.0,0.0,0.0,0.0,0.0,0.0,0.0,0.0,0.0,0.0,0.0,0.0,0.0,0.0,0.0,,backup,2026-09-15T19:45:44+00:00
2026,2,401872941,00-0040894,Malik Benson,LV,LAC,WR,0.0,0.0,0.0,0.0,0.0,0.2,-14.5,20.9,5.8,-16.8,46.4,0.0,0.0,0.0,0.0,0.0,0.0,Active,backup,2026-09-15T19:45:44+00:00
2026,2,401872941,00-0038647,Ronnie Bell,LV,LAC,WR,0.0,0.0,0.0,0.0,0.0,0.0,0.0,0.0,0.0,0.0,0.0,0.0,0.0,0.0,0.0,0.0,0.0,,roster_only,2026-09-15T19:45:44+00:00
2026,2,401872941,00-0038891,Shedrick Jackson,LV,LAC,WR,0.0,0.0,0.0,0.0,0.0,0.0,0.0,0.0,0.0,0.0,0.0,0.0,0.0,0.0,0.0,0.0,0.0,,roster_only,2026-09-15T19:45:44+00:00
2026,2,401872941,00-0038563,Tre Tucker,LV,LAC,WR,0.0,0.0,0.0,0.0,0.0,2.0,-8.7,17.0,47.6,21.0,96.8,0.0,0.0,0.0,0.0,0.0,0.0,Active,starter,2026-09-15T19:45:44+00:00
2026,2,401872942,00-0036114,A.J. Green,MIA,SF,DB,0.0,0.0,0.0,0.0,0.0,0.0,0.0,0.0,0.0,0.0,0.0,0.0,0.0,0.0,0.0,0.0,0.0,,roster_only,2026-09-15T19:45:44+00:00
2026,2,401872942,00-0038646,Alex Austin,MIA,SF,DB,0.0,0.0,0.0,0.0,0.0,0.0,0.0,0.0,0.0,0.0,0.0,0.0,0.0,0.0,0.0,0.0,0.0,,roster_only,2026-09-15T19:45:44+00:00
2026,2,401872942,00-0041533,Chris Johnson,MIA,SF,DB,0.0,0.0,0.0,0.0,0.0,0.0,0.0,0.0,0.0,0.0,0.0,0.0,0.0,0.0,3.0,0.2,6.9,,starter,2026-09-15T19:45:44+00:00
2026,2,401872942,00-0040182,Dante Trader Jr.,MIA,SF,DB,0.0,0.0,0.0,0.0,0.0,0.0,0.0,0.0,0.0,0.0,0.0,0.0,0.0,0.0,3.1,0.9,5.8,,starter,2026-09-15T19:45:44+00:00
2026,2,401872942,00-0037549,Darrell Baker Jr.,MIA,SF,DB,0.0,0.0,0.0,0.0,0.0,0.0,0.0,0.0,0.0,0.0,0.0,0.0,0.0,0.0,0.0,0.0,0.0,,backup,2026-09-15T19:45:44+00:00
2026,2,401872942,00-0038684,Ethan Bonner,MIA,SF,DB,0.0,0.0,0.0,0.0,0.0,0.0,0.0,0.0,0.0,0.0,0.0,0.0,0.0,0.0,0.0,0.0,0.0,,roster_only,2026-09-15T19:45:44+00:00
2026,2,401872942,00-0041514,Jai'Onte' McMillan,MIA,SF,DB,0.0,0.0,0.0,0.0,0.0,0.0,0.0,0.0,0.0,0.0,0.0,0.0,0.0,0.0,0.0,0.0,0.0,,roster_only,2026-09-15T19:45:44+00:00
2026,2,401872942,00-0040178,Jason Marshall Jr.,MIA,SF,DB,0.0,0.0,0.0,0.0,0.0,0.0,0.0,0.0,0.0,0.0,0.0,0.0,0.0,0.0,4.0,1.3,7.5,,starter,2026-09-15T19:45:44+00:00
2026,2,401872942,00-0039383,Jaylin Simpson,MIA,SF,DB,0.0,0.0,0.0,0.0,0.0,0.0,0.0,0.0,0.0,0.0,0.0,0.0,0.0,0.0,0.0,0.0,0.0,,roster_only,2026-09-15T19:45:44+00:00
2026,2,401872942,00-0039156,Julius Brents,MIA,SF,DB,0.0,0.0,0.0,0.0,0.0,0.0,0.0,0.0,0.0,0.0,0.0,0.0,0.0,0.0,4.0,1.8,6.7,,starter,2026-09-15T19:45:44+00:00
2026,2,401872942,00-0039532,Julius Wood,MIA,SF,DB,0.0,0.0,0.0,0.0,0.0,0.0,0.0,0.0,0.0,0.0,0.0,0.0,0.0,0.0,1.0,0.0,3.8,,backup,2026-09-15T19:45:44+00:00
2026,2,401872942,00-0041160,Louis Moore,MIA,SF,DB,0.0,0.0,0.0,0.0,0.0,0.0,0.0,0.0,0.0,0.0,0.0,0.0,0.0,0.0,0.0,0.0,0.0,,roster_only,2026-09-15T19:45:44+00:00
2026,2,401872942,00-0040268,Major Burns,MIA,SF,DB,0.0,0.0,0.0,0.0,0.0,0.0,0.0,0.0,0.0,0.0,0.0,0.0,0.0,0.0,0.0,0.0,0.0,,roster_only,2026-09-15T19:45:44+00:00
2026,2,401872942,00-0039390,Marcellas Dial Jr.,MIA,SF,DB,0.0,0.0,0.0,0.0,0.0,0.0,0.0,0.0,0.0,0.0,0.0,0.0,0.0,0.0,3.1,0.9,5.8,,backup,2026-09-15T19:45:44+00:00
2026,2,401872942,00-0041528,Michael Taaffe,MIA,SF,DB,0.0,0.0,0.0,0.0,0.0,0.0,0.0,0.0,0.0,0.0,0.0,0.0,0.0,0.0,2.2,0.0,6.1,,backup,2026-09-15T19:45:44+00:00
2026,2,401872942,00-0039312,Miles Battle,MIA,SF,DB,0.0,0.0,0.0,0.0,0.0,0.0,0.0,0.0,0.0,0.0,0.0,0.0,0.0,0.0,0.0,0.0,0.0,,roster_only,2026-09-15T19:45:44+00:00
2026,2,401872942,00-0038521,Reese Taylor,MIA,SF,DB,0.0,0.0,0.0,0.0,0.0,0.0,0.0,0.0,0.0,0.0,0.0,0.0,0.0,0.0,0.6,0.0,3.4,Active,backup,2026-09-15T19:45:44+00:00
2026,2,401872942,00-0039481,Storm Duck,MIA,SF,DB,0.0,0.0,0.0,0.0,0.0,0.0,0.0,0.0,0.0,0.0,0.0,0.0,0.0,0.0,0.0,0.0,0.0,,backup,2026-09-15T19:45:44+00:00
2026,2,401872942,00-0036677,Zayne Anderson,MIA,SF,DB,0.0,0.0,0.0,0.0,0.0,0.0,0.0,0.0,0.0,0.0,0.0,0.0,0.0,0.0,1.0,0.0,3.4,,starter,2026-09-15T19:45:44+00:00
2026,2,401872942,00-0040304,Alex Huntley,MIA,SF,DL,0.0,0.0,0.0,0.0,0.0,0.0,0.0,0.0,0.0,0.0,0.0,0.0,0.0,0.0,0.0,0.0,0.0,,roster_only,2026-09-15T19:45:44+00:00
2026,2,401872942,00-0041596,Cam Rice,MIA,SF,DL,0.0,0.0,0.0,0.0,0.0,0.0,0.0,0.0,0.0,0.0,0.0,0.0,0.0,0.0,0.0,0.0,0.0,,roster_only,2026-09-15T19:45:44+00:00
2026,2,401872942,00-0035692,Clelin Ferrell,MIA,SF,DL,0.0,0.0,0.0,0.0,0.0,0.0,0.0,0.0,0.0,0.0,0.0,0.0,0.0,0.0,1.9,0.0,4.4,,backup,2026-09-15T19:45:44+00:00
2026,2,401872942,00-0040403,Fatorma Mulbah,MIA,SF,DL,0.0,0.0,0.0,0.0,0.0,0.0,0.0,0.0,0.0,0.0,0.0,0.0,0.0,0.0,0.0,0.0,0.0,,roster_only,2026-09-15T19:45:44+00:00
2026,2,401872942,00-0039570,Jordan Miller,MIA,SF,DL,0.0,0.0,0.0,0.0,0.0,0.0,0.0,0.0,0.0,0.0,0.0,0.0,0.0,0.0,0.0,0.0,0.0,,roster_only,2026-09-15T19:45:44+00:00
2026,2,401872942,00-0040175,Jordan Phillips,MIA,SF,DL,0.0,0.0,0.0,0.0,0.0,0.0,0.0,0.0,0.0,0.0,0.0,0.0,0.0,0.0,1.6,0.0,4.0,,recent_defensive_participant,2026-09-15T19:45:44+00:00
2026,2,401872942,00-0040655,Keith Cooper Jr.,MIA,SF,DL,0.0,0.0,0.0,0.0,0.0,0.0,0.0,0.0,0.0,0.0,0.0,0.0,0.0,0.0,0.7,0.0,4.2,,backup,2026-09-15T19:45:44+00:00
2026,2,401872942,00-0040127,Kenneth Grant,MIA,SF,DL,0.0,0.0,0.0,0.0,0.0,0.0,0.0,0.0,0.0,0.0,0.0,0.0,0.0,0.0,0.0,0.0,0.0,Injured Reserve,backup,2026-09-15T19:45:44+00:00
2026,2,401872942,00-0036682,Malik Herring,MIA,SF,DL,0.0,0.0,0.0,0.0,0.0,0.0,0.0,0.0,0.0,0.0,0.0,0.0,0.0,0.0,0.9,0.0,3.4,,backup,2026-09-15T19:45:44+00:00
2026,2,401872942,00-0041531,Max Llewellyn,MIA,SF,DL,0.0,0.0,0.0,0.0,0.0,0.0,0.0,0.0,0.0,0.0,0.0,0.0,0.0,0.0,0.0,0.0,0.0,,roster_only,2026-09-15T19:45:44+00:00
2026,2,401872942,00-0038545,Mazi Smith,MIA,SF,DL,0.0,0.0,0.0,0.0,0.0,0.0,0.0,0.0,0.0,0.0,0.0,0.0,0.0,0.0,0.0,0.0,0.0,,roster_only,2026-09-15T19:45:44+00:00
2026,2,401872942,00-0041136,Rene Konga,MIA,SF,DL,0.0,0.0,0.0,0.0,0.0,0.0,0.0,0.0,0.0,0.0,0.0,0.0,0.0,0.0,0.0,0.0,0.0,,backup,2026-09-15T19:45:44+00:00
2026,2,401872942,00-0038603,Rob Beal Jr.,MIA,SF,DL,0.0,0.0,0.0,0.0,0.0,0.0,0.0,0.0,0.0,0.0,0.0,0.0,0.0,0.0,1.5,0.0,3.9,,backup,2026-09-15T19:45:44+00:00
2026,2,401872942,00-0041159,Rodney McGraw,MIA,SF,DL,0.0,0.0,0.0,0.0,0.0,0.0,0.0,0.0,0.0,0.0,0.0,0.0,0.0,0.0,0.0,0.0,0.0,,roster_only,2026-09-15T19:45:44+00:00
2026,2,401872942,00-0040054,Seth Coleman-Lyles,MIA,SF,DL,0.0,0.0,0.0,0.0,0.0,0.0,0.0,0.0,0.0,0.0,0.0,0.0,0.0,0.0,0.0,0.0,0.0,,roster_only,2026-09-15T19:45:44+00:00
2026,2,401872942,00-0034285,Zach Sieler,MIA,SF,DL,0.0,0.0,0.0,0.0,0.0,0.0,0.0,0.0,0.0,0.0,0.0,0.0,0.0,0.0,2.6,0.5,5.4,Active,starter,2026-09-15T19:45:44+00:00
2026,2,401872942,00-0040248,Zeek Biggers,MIA,SF,DL,0.0,0.0,0.0,0.0,0.0,0.0,0.0,0.0,0.0,0.0,0.0,0.0,0.0,0.0,1.9,0.0,4.4,,backup,2026-09-15T19:45:44+00:00
2026,2,401872942,00-0036816,Riley Patterson,MIA,SF,K,0.0,0.0,0.0,0.0,0.0,0.0,0.0,0.0,0.0,0.0,0.0,6.8,2.1,12.3,0.0,0.0,0.0,Active,starter,2026-09-15T19:45:44+00:00
2026,2,401872942,00-0039539,Amari Gainer,MIA,SF,LB,0.0,0.0,0.0,0.0,0.0,0.0,0.0,0.0,0.0,0.0,0.0,0.0,0.0,0.0,0.0,0.0,0.0,,roster_only,2026-09-15T19:45:44+00:00
2026,2,401872942,00-0040573,Cam Riley,MIA,SF,LB,0.0,0.0,0.0,0.0,0.0,0.0,0.0,0.0,0.0,0.0,0.0,0.0,0.0,0.0,0.0,0.0,0.0,,roster_only,2026-09-15T19:45:44+00:00
2026,2,401872942,00-0039911,Chop Robinson,MIA,SF,LB,0.0,0.0,0.0,0.0,0.0,0.0,0.0,0.0,0.0,0.0,0.0,0.0,0.0,0.0,1.7,0.0,4.2,,starter,2026-09-15T19:45:44+00:00
2026,2,401872942,00-0040066,Jackson Woodard,MIA,SF,LB,0.0,0.0,0.0,0.0,0.0,0.0,0.0,0.0,0.0,0.0,0.0,0.0,0.0,0.0,0.8,0.0,4.3,,backup,2026-09-15T19:45:44+00:00
2026,2,401872942,00-0041522,Jacob Rodriguez,MIA,SF,LB,0.0,0.0,0.0,0.0,0.0,0.0,0.0,0.0,0.0,0.0,0.0,0.0,0.0,0.0,2.2,0.0,5.8,Active,starter,2026-09-15T19:45:44+00:00
2026,2,401872942,00-0040808,Jaheim Thomas,MIA,SF,LB,0.0,0.0,0.0,0.0,0.0,0.0,0.0,0.0,0.0,0.0,0.0,0.0,0.0,0.0,0.0,0.0,0.0,,roster_only,2026-09-15T19:45:44+00:00
2026,2,401872942,00-0036409,Jordyn Brooks,MIA,SF,LB,0.0,0.0,0.0,0.0,0.0,0.0,0.0,0.0,0.0,0.0,0.0,0.0,0.0,0.0,7.3,5.0,12.0,,starter,2026-09-15T19:45:44+00:00
2026,2,401872942,00-0036159,Joshua Uche,MIA,SF,LB,0.0,0.0,0.0,0.0,0.0,0.0,0.0,0.0,0.0,0.0,0.0,0.0,0.0,0.0,1.2,0.0,3.7,,starter,2026-09-15T19:45:44+00:00
2026,2,401872942,00-0041527,Kyle Louis,MIA,SF,LB,0.0,0.0,0.0,0.0,0.0,0.0,0.0,0.0,0.0,0.0,0.0,0.0,0.0,0.0,0.0,0.0,0.0,Out,backup,2026-09-15T19:45:44+00:00
2026,2,401872942,00-0038429,Liam Anderson,MIA,SF,LB,0.0,0.0,0.0,0.0,0.0,0.0,0.0,0.0,0.0,0.0,0.0,0.0,0.0,0.0,0.0,0.0,0.0,,roster_only,2026-09-15T19:45:44+00:00
2026,2,401872942,00-0034779,Ronnie Harrison,MIA,SF,LB,0.0,0.0,0.0,0.0,0.0,0.0,0.0,0.0,0.0,0.0,0.0,0.0,0.0,0.0,2.2,0.3,4.8,Questionable,backup,2026-09-15T19:45:44+00:00
2026,2,401872942,00-0041473,Stephen Dix Jr,MIA,SF,LB,0.0,0.0,0.0,0.0,0.0,0.0,0.0,0.0,0.0,0.0,0.0,0.0,0.0,0.0,0.0,0.0,0.0,,roster_only,2026-09-15T19:45:44+00:00
2026,2,401872942,00-0041526,Trey Moore,MIA,SF,LB,0.0,0.0,0.0,0.0,0.0,0.0,0.0,0.0,0.0,0.0,0.0,0.0,0.0,0.0,0.0,0.0,0.0,Injured Reserve,backup,2026-09-15T19:45:44+00:00
2026,2,401872942,00-0036362,Willie Gay Jr.,MIA,SF,LB,0.0,0.0,0.0,0.0,0.0,0.0,0.0,0.0,0.0,0.0,0.0,0.0,0.0,0.0,3.1,1.1,5.5,,starter,2026-09-15T19:45:44+00:00
2026,2,401872942,00-0031557,Jordan Phillips,MIA,SF,LDT,0.0,0.0,0.0,0.0,0.0,0.0,0.0,0.0,0.0,0.0,0.0,0.0,0.0,0.0,0.0,0.0,0.0,,starter,2026-09-15T19:45:44+00:00
2026,2,401872942,00-0040398,Brady Cook,MIA,SF,QB,0.0,0.0,0.0,0.0,0.0,7.6,-5.2,25.5,0.0,0.0,0.0,0.0,0.0,0.0,0.0,0.0,0.0,Active,backup,2026-09-15T19:45:44+00:00
2026,2,401872942,00-0040222,Cam Miller,MIA,SF,QB,0.0,0.0,0.0,0.0,0.0,0.0,0.0,0.0,0.0,0.0,0.0,0.0,0.0,0.0,0.0,0.0,0.0,,roster_only,2026-09-15T19:45:44+00:00
2026,2,401872942,00-0040014,Kyle McCord,MIA,SF,QB,0.0,0.0,0.0,0.0,0.0,8.5,-9.1,33.1,0.0,0.0,0.0,0.0,0.0,0.0,0.0,0.0,0.0,Active,backup,2026-09-15T19:45:44+00:00
2026,2,401872942,00-0038128,Malik Willis,MIA,SF,QB,180.3,86.9,286.5,1.063,0.6547619047619048,20.5,7.7,38.4,0.0,0.0,0.0,0.0,0.0,0.0,0.0,0.0,0.0,Active,starter,2026-09-15T19:45:44+00:00
2026,2,401872942,00-0038930,Carlos Washington,MIA,SF,RB,0.0,0.0,0.0,0.0,0.0,0.0,0.0,0.0,0.0,0.0,0.0,0.0,0.0,0.0,0.0,0.0,0.0,,roster_only,2026-09-15T19:45:44+00:00
2026,2,401872942,00-0041165,Coleman Bennett,MIA,SF,RB,0.0,0.0,0.0,0.0,0.0,0.0,0.0,0.0,0.0,0.0,0.0,0.0,0.0,0.0,0.0,0.0,0.0,,roster_only,2026-09-15T19:45:44+00:00
2026,2,401872942,00-0041436,DJ Herman,MIA,SF,RB,0.0,0.0,0.0,0.0,0.0,14.2,-16.1,56.7,4.3,-18.3,44.9,0.0,0.0,0.0,0.0,0.0,0.0,,starter,2026-09-15T19:45:44+00:00
2026,2,401872942,00-0039040,De'Von Achane,MIA,SF,RB,0.0,0.0,0.0,0.0,0.0,53.9,31.9,84.9,27.9,10.7,56.7,0.0,0.0,0.0,0.0,0.0,0.0,Active,starter,2026-09-15T19:45:44+00:00
2026,2,401872942,00-0040400,Donovan Edwards,MIA,SF,RB,0.0,0.0,0.0,0.0,0.0,0.0,0.0,0.0,0.0,0.0,0.0,0.0,0.0,0.0,0.0,0.0,0.0,,roster_only,2026-09-15T19:45:44+00:00
2026,2,401872942,00-0040692,Jarquez Hunter,MIA,SF,RB,0.0,0.0,0.0,0.0,0.0,0.0,0.0,0.0,0.0,0.0,0.0,0.0,0.0,0.0,0.0,0.0,0.0,,roster_only,2026-09-15T19:45:44+00:00
2026,2,401872942,00-0039874,Jaylen Wright,MIA,SF,RB,0.0,0.0,0.0,0.0,0.0,16.1,-5.9,47.0,3.1,-14.0,31.9,0.0,0.0,0.0,0.0,0.0,0.0,Active,backup,2026-09-15T19:45:44+00:00
2026,2,401872942,00-0041161,Le'Veon Moss,MIA,SF,RB,0.0,0.0,0.0,0.0,0.0,13.7,-16.5,56.2,4.0,-18.7,44.6,0.0,0.0,0.0,0.0,0.0,0.0,,roster_only,2026-09-15T19:45:44+00:00
2026,2,401872942,00-0040198,Ollie Gordon II,MIA,SF,RB,0.0,0.0,0.0,0.0,0.0,8.5,-2.3,23.5,2.4,-14.8,31.2,0.0,0.0,0.0,0.0,0.0,0.0,Active,backup,2026-09-15T19:45:44+00:00
2026,2,401872942,00-0038809,Ben Sims,MIA,SF,TE,0.0,0.0,0.0,0.0,0.0,0.0,0.0,0.0,0.0,0.0,0.0,0.0,0.0,0.0,0.0,0.0,0.0,,roster_only,2026-09-15T19:45:44+00:00
2026,2,401872942,00-0037078,Cole Turner,MIA,SF,TE,0.0,0.0,0.0,0.0,0.0,0.0,0.0,0.0,0.0,0.0,0.0,0.0,0.0,0.0,0.0,0.0,0.0,,backup,2026-09-15T19:45:44+00:00
2026,2,401872942,00-0041207,Ethan Conner,MIA,SF,TE,0.0,0.0,0.0,0.0,0.0,0.0,0.0,0.0,0.0,0.0,0.0,0.0,0.0,0.0,0.0,0.0,0.0,,roster_only,2026-09-15T19:45:44+00:00
2026,2,401872942,00-0037252,Greg Dulcich,MIA,SF,TE,0.0,0.0,0.0,0.0,0.0,0.0,-10.7,15.0,26.2,9.0,55.0,0.0,0.0,0.0,0.0,0.0,0.0,Active,starter,2026-09-15T19:45:44+00:00
2026,2,401872942,00-0041566,Jeremiah Franklin,MIA,SF,TE,0.0,0.0,0.0,0.0,0.0,0.0,0.0,0.0,0.0,0.0,0.0,0.0,0.0,0.0,0.0,0.0,0.0,,roster_only,2026-09-15T19:45:44+00:00
2026,2,401872942,00-0041077,Justin Joly,MIA,SF,TE,0.0,0.0,0.0,0.0,0.0,0.0,-14.8,20.6,4.8,-17.8,45.4,0.0,0.0,0.0,0.0,0.0,0.0,Active,backup,2026-09-15T19:45:44+00:00
2026,2,401872942,00-0041579,Seydou Traore,MIA,SF,TE,0.0,0.0,0.0,0.0,0.0,0.0,-14.8,20.6,4.8,-17.8,45.4,0.0,0.0,0.0,0.0,0.0,0.0,,backup,2026-09-15T19:45:44+00:00
2026,2,401872942,00-0040094,Tre Watson,MIA,SF,TE,0.0,0.0,0.0,0.0,0.0,0.0,0.0,0.0,0.0,0.0,0.0,0.0,0.0,0.0,0.0,0.0,0.0,,roster_only,2026-09-15T19:45:44+00:00
2026,2,401872942,00-0041524,Will Kacmarek,MIA,SF,TE,0.0,0.0,0.0,0.0,0.0,0.0,-14.8,20.6,7.7,-14.9,48.3,0.0,0.0,0.0,0.0,0.0,0.0,Active,backup,2026-09-15T19:45:44+00:00
2026,2,401872942,00-0040302,A.J. Henning,MIA,SF,WR,0.0,0.0,0.0,0.0,0.0,0.0,0.0,0.0,0.0,0.0,0.0,0.0,0.0,0.0,0.0,0.0,0.0,,roster_only,2026-09-15T19:45:44+00:00
2026,2,401872942,00-0041523,Caleb Douglas,MIA,SF,WR,0.0,0.0,0.0,0.0,0.0,0.0,-14.8,20.6,10.1,-12.5,50.7,0.0,0.0,0.0,0.0,0.0,0.0,Active,backup,2026-09-15T19:45:44+00:00
2026,2,401872942,00-0041525,Chris Bell,MIA,SF,WR,0.0,0.0,0.0,0.0,0.0,0.0,-14.8,20.6,6.7,-15.9,47.3,0.0,0.0,0.0,0.0,0.0,0.0,Active,backup,2026-09-15T19:45:44+00:00
2026,2,401872942,00-0041158,Donaven McCulley,MIA,SF,WR,0.0,0.0,0.0,0.0,0.0,0.0,0.0,0.0,0.0,0.0,0.0,0.0,0.0,0.0,0.0,0.0,0.0,,roster_only,2026-09-15T19:45:44+00:00
2026,2,401872942,00-0036387,Jalen Reagor,MIA,SF,WR,0.0,0.0,0.0,0.0,0.0,0.0,0.0,0.0,0.0,0.0,0.0,0.0,0.0,0.0,0.0,0.0,0.0,,roster_only,2026-09-15T19:45:44+00:00
2026,2,401872942,00-0037666,Jalen Tolbert,MIA,SF,WR,0.0,0.0,0.0,0.0,0.0,0.0,-10.8,15.0,21.9,4.7,50.7,0.0,0.0,0.0,0.0,0.0,0.0,Active,backup,2026-09-15T19:45:44+00:00
2026,2,401872942,00-0041529,Kevin Coleman Jr.,MIA,SF,WR,0.0,0.0,0.0,0.0,0.0,0.0,-14.8,20.6,6.7,-16.0,47.2,0.0,0.0,0.0,0.0,0.0,0.0,Active,backup,2026-09-15T19:45:44+00:00
2026,2,401872942,00-0039880,Malik Washington,MIA,SF,WR,0.0,0.0,0.0,0.0,0.0,1.1,-9.6,16.1,23.1,6.0,51.9,0.0,0.0,0.0,0.0,0.0,0.0,Active,starter,2026-09-15T19:45:44+00:00
2026,2,401872942,00-0038824,Ryan Miller,MIA,SF,WR,0.0,0.0,0.0,0.0,0.0,0.0,-10.8,15.0,3.0,-14.2,31.8,0.0,0.0,0.0,0.0,0.0,0.0,,backup,2026-09-15T19:45:44+00:00
2026,2,401872942,00-0040753,Will Sheppard,MIA,SF,WR,0.0,0.0,0.0,0.0,0.0,0.0,0.0,0.0,0.0,0.0,0.0,0.0,0.0,0.0,0.0,0.0,0.0,,roster_only,2026-09-15T19:45:44+00:00
2026,2,401872942,00-0036329,Ashtyn Davis,SF,MIA,DB,0.0,0.0,0.0,0.0,0.0,0.0,0.0,0.0,0.0,0.0,0.0,0.0,0.0,0.0,4.1,1.4,7.6,,backup,2026-09-15T19:45:44+00:00
2026,2,401872942,00-0039333,Brandon Codrington,SF,MIA,DB,0.0,0.0,0.0,0.0,0.0,0.0,0.0,0.0,0.0,0.0,0.0,0.0,0.0,0.0,0.0,0.0,0.0,,roster_only,2026-09-15T19:45:44+00:00
2026,2,401872942,00-0036638,Darrick Forrest,SF,MIA,DB,0.0,0.0,0.0,0.0,0.0,0.0,0.0,0.0,0.0,0.0,0.0,0.0,0.0,0.0,0.0,0.0,0.0,,backup,2026-09-15T19:45:44+00:00
2026,2,401872942,00-0036563,Deommodore Lenoir,SF,MIA,DB,0.0,0.0,0.0,0.0,0.0,0.0,0.0,0.0,0.0,0.0,0.0,0.0,0.0,0.0,3.7,1.1,7.2,Active,starter,2026-09-15T19:45:44+00:00
2026,2,401872942,00-0041068,Ephesians Prysock,SF,MIA,DB,0.0,0.0,0.0,0.0,0.0,0.0,0.0,0.0,0.0,0.0,0.0,0.0,0.0,0.0,2.1,0.0,6.1,Active,backup,2026-09-15T19:45:44+00:00
2026,2,401872942,00-0038039,Jack Jones,SF,MIA,DB,0.0,0.0,0.0,0.0,0.0,0.0,0.0,0.0,0.0,0.0,0.0,0.0,0.0,0.0,4.0,1.3,7.5,,backup,2026-09-15T19:45:44+00:00
2026,2,401872942,00-0040559,Jakob Robinson,SF,MIA,DB,0.0,0.0,0.0,0.0,0.0,0.0,0.0,0.0,0.0,0.0,0.0,0.0,0.0,0.0,0.0,0.0,0.0,,roster_only,2026-09-15T19:45:44+00:00
2026,2,401872942,00-0041362,Jalen Stroman,SF,MIA,DB,0.0,0.0,0.0,0.0,0.0,0.0,0.0,0.0,0.0,0.0,0.0,0.0,0.0,0.0,0.0,0.0,0.0,,roster_only,2026-09-15T19:45:44+00:00
2026,2,401872942,00-0038554,Ji'Ayir Brown,SF,MIA,DB,0.0,0.0,0.0,0.0,0.0,0.0,0.0,0.0,0.0,0.0,0.0,0.0,0.0,0.0,4.6,1.9,8.1,,starter,2026-09-15T19:45:44+00:00
2026,2,401872942,00-0041406,Larry Worth,SF,MIA,DB,0.0,0.0,0.0,0.0,0.0,0.0,0.0,0.0,0.0,0.0,0.0,0.0,0.0,0.0,0.0,0.0,0.0,,roster_only,2026-09-15T19:45:44+00:00
2026,2,401872942,00-0039360,Malik Mustapha,SF,MIA,DB,0.0,0.0,0.0,0.0,0.0,0.0,0.0,0.0,0.0,0.0,0.0,0.0,0.0,0.0,5.6,2.9,9.1,,starter,2026-09-15T19:45:44+00:00
2026,2,401872942,00-0040185,Marques Sigle,SF,MIA,DB,0.0,0.0,0.0,0.0,0.0,0.0,0.0,0.0,0.0,0.0,0.0,0.0,0.0,0.0,0.9,0.0,3.4,Active,backup,2026-09-15T19:45:44+00:00
2026,2,401872942,00-0036871,Nate Hobbs,SF,MIA,DB,0.0,0.0,0.0,0.0,0.0,0.0,0.0,0.0,0.0,0.0,0.0,0.0,0.0,0.0,0.0,0.0,0.0,,backup,2026-09-15T19:45:44+00:00
2026,2,401872942,00-0039881,Patrick McMorris,SF,MIA,DB,0.0,0.0,0.0,0.0,0.0,0.0,0.0,0.0,0.0,0.0,0.0,0.0,0.0,0.0,0.0,0.0,0.0,,roster_only,2026-09-15T19:45:44+00:00
2026,2,401872942,00-0039345,Renardo Green,SF,MIA,DB,0.0,0.0,0.0,0.0,0.0,0.0,0.0,0.0,0.0,0.0,0.0,0.0,0.0,0.0,4.0,1.3,7.5,Active,starter,2026-09-15T19:45:44+00:00
2026,2,401872942,00-0034391,Siran Neal,SF,MIA,DB,0.0,0.0,0.0,0.0,0.0,0.0,0.0,0.0,0.0,0.0,0.0,0.0,0.0,0.0,0.7,0.0,3.2,,backup,2026-09-15T19:45:44+00:00
2026,2,401872942,00-0040152,Upton Stout,SF,MIA,DB,0.0,0.0,0.0,0.0,0.0,0.0,0.0,0.0,0.0,0.0,0.0,0.0,0.0,0.0,4.6,2.4,7.3,,starter,2026-09-15T19:45:44+00:00
2026,2,401872942,00-0040721,Alfred Collins,SF,MIA,DL,0.0,0.0,0.0,0.0,0.0,0.0,0.0,0.0,0.0,0.0,0.0,0.0,0.0,0.0,0.0,0.0,0.0,Injured Reserve,backup,2026-09-15T19:45:44+00:00
2026,2,401872942,00-0040711,CJ West,SF,MIA,DL,0.0,0.0,0.0,0.0,0.0,0.0,0.0,0.0,0.0,0.0,0.0,0.0,0.0,0.0,1.2,0.0,3.8,,backup,2026-09-15T19:45:44+00:00
2026,2,401872942,00-0039696,Evan Anderson,SF,MIA,DL,0.0,0.0,0.0,0.0,0.0,0.0,0.0,0.0,0.0,0.0,0.0,0.0,0.0,0.0,0.0,0.0,0.0,,roster_only,2026-09-15T19:45:44+00:00
2026,2,401872942,00-0041557,Gracen Halton,SF,MIA,DL,0.0,0.0,0.0,0.0,0.0,0.0,0.0,0.0,0.0,0.0,0.0,0.0,0.0,0.0,1.4,0.0,4.9,,starter,2026-09-15T19:45:44+00:00
2026,2,401872942,00-0040486,Jah Joyner,SF,MIA,DL,0.0,0.0,0.0,0.0,0.0,0.0,0.0,0.0,0.0,0.0,0.0,0.0,0.0,0.0,0.0,0.0,0.0,,roster_only,2026-09-15T19:45:44+00:00
2026,2,401872942,00-0041363,James Thompson Jr.,SF,MIA,DL,0.0,0.0,0.0,0.0,0.0,0.0,0.0,0.0,0.0,0.0,0.0,0.0,0.0,0.0,1.1,0.0,4.7,,recent_defensive_participant,2026-09-15T19:45:44+00:00
2026,2,401872942,00-0039148,Keion White,SF,MIA,DL,0.0,0.0,0.0,0.0,0.0,0.0,0.0,0.0,0.0,0.0,0.0,0.0,0.0,0.0,1.8,0.0,4.3,,starter,2026-09-15T19:45:44+00:00
2026,2,401872942,00-0035026,Kevin Givens,SF,MIA,DL,0.0,0.0,0.0,0.0,0.0,0.0,0.0,0.0,0.0,0.0,0.0,0.0,0.0,0.0,0.0,0.0,0.0,,roster_only,2026-09-15T19:45:44+00:00
2026,2,401872942,00-0036341,Khalid Kareem,SF,MIA,DL,0.0,0.0,0.0,0.0,0.0,0.0,0.0,0.0,0.0,0.0,0.0,0.0,0.0,0.0,1.1,0.0,3.6,,backup,2026-09-15T19:45:44+00:00
2026,2,401872942,00-0041360,Mikail Kamara,SF,MIA,DL,0.0,0.0,0.0,0.0,0.0,0.0,0.0,0.0,0.0,0.0,0.0,0.0,0.0,0.0,0.0,0.0,0.0,,backup,2026-09-15T19:45:44+00:00
2026,2,401872942,00-0040660,Mykel Williams,SF,MIA,DL,0.0,0.0,0.0,0.0,0.0,0.0,0.0,0.0,0.0,0.0,0.0,0.0,0.0,0.0,0.0,0.0,0.0,,backup,2026-09-15T19:45:44+00:00
2026,2,401872942,00-0035717,Nick Bosa,SF,MIA,DL,0.0,0.0,0.0,0.0,0.0,0.0,0.0,0.0,0.0,0.0,0.0,0.0,0.0,0.0,2.9,0.9,5.3,Active,starter,2026-09-15T19:45:44+00:00
2026,2,401872942,00-0034807,Ogbo Okoronkwo,SF,MIA,DL,0.0,0.0,0.0,0.0,0.0,0.0,0.0,0.0,0.0,0.0,0.0,0.0,0.0,0.0,1.0,0.0,3.5,,recent_defensive_participant,2026-09-15T19:45:44+00:00
2026,2,401872942,00-0036942,Osa Odighizuwa,SF,MIA,DL,0.0,0.0,0.0,0.0,0.0,0.0,0.0,0.0,0.0,0.0,0.0,0.0,0.0,0.0,2.2,0.1,5.0,,starter,2026-09-15T19:45:44+00:00
2026,2,401872942,00-0041556,Romello Height,SF,MIA,DL,0.0,0.0,0.0,0.0,0.0,0.0,0.0,0.0,0.0,0.0,0.0,0.0,0.0,0.0,1.2,0.0,4.7,,backup,2026-09-15T19:45:44+00:00
2026,2,401872942,00-0037602,Sam Okuayinonu,SF,MIA,DL,0.0,0.0,0.0,0.0,0.0,0.0,0.0,0.0,0.0,0.0,0.0,0.0,0.0,0.0,0.0,0.0,0.0,,backup,2026-09-15T19:45:44+00:00
2026,2,401872942,00-0040560,Sebastian Valdez,SF,MIA,DL,0.0,0.0,0.0,0.0,0.0,0.0,0.0,0.0,0.0,0.0,0.0,0.0,0.0,0.0,0.0,0.0,0.0,,roster_only,2026-09-15T19:45:44+00:00
2026,2,401872942,00-0036896,Victor Dimukeje,SF,MIA,DL,0.0,0.0,0.0,0.0,0.0,0.0,0.0,0.0,0.0,0.0,0.0,0.0,0.0,0.0,0.0,0.0,0.0,,roster_only,2026-09-15T19:45:44+00:00
2026,2,401872942,00-0038575,Viliami Fehoko Jr.,SF,MIA,DL,0.0,0.0,0.0,0.0,0.0,0.0,0.0,0.0,0.0,0.0,0.0,0.0,0.0,0.0,0.0,0.0,0.0,,roster_only,2026-09-15T19:45:44+00:00
2026,2,401872942,00-0040950,Vincent Anthony Jr.,SF,MIA,DL,0.0,0.0,0.0,0.0,0.0,0.0,0.0,0.0,0.0,0.0,0.0,0.0,0.0,0.0,0.0,0.0,0.0,,roster_only,2026-09-15T19:45:44+00:00
2026,2,401872942,THO581952,James Thompson Jr.,SF,MIA,DT,0.0,0.0,0.0,0.0,0.0,0.0,0.0,0.0,0.0,0.0,0.0,0.0,0.0,0.0,1.2,0.0,4.7,,backup,2026-09-15T19:45:44+00:00
2026,2,401872942,00-0034173,Eddy Pineiro,SF,MIA,K,0.0,0.0,0.0,0.0,0.0,0.0,0.0,0.0,0.0,0.0,0.0,8.1,3.5,13.3,0.0,0.0,0.0,Active,starter,2026-09-15T19:45:44+00:00
2026,2,401872942,00-0038865,Andrew Farmer,SF,MIA,LB,0.0,0.0,0.0,0.0,0.0,0.0,0.0,0.0,0.0,0.0,0.0,0.0,0.0,0.0,0.0,0.0,0.0,,backup,2026-09-15T19:45:44+00:00
2026,2,401872942,00-0034982,Dre Greenlaw,SF,MIA,LB,0.0,0.0,0.0,0.0,0.0,0.0,0.0,0.0,0.0,0.0,0.0,0.0,0.0,0.0,5.6,3.5,8.0,Active,starter,2026-09-15T19:45:44+00:00
2026,2,401872942,00-0034815,Fred Warner,SF,MIA,LB,0.0,0.0,0.0,0.0,0.0,0.0,0.0,0.0,0.0,0.0,0.0,0.0,0.0,0.0,5.3,2.3,9.3,Active,starter,2026-09-15T19:45:44+00:00
2026,2,401872942,00-0036844,Garret Wallow,SF,MIA,LB,0.0,0.0,0.0,0.0,0.0,0.0,0.0,0.0,0.0,0.0,0.0,0.0,0.0,0.0,0.7,0.0,3.2,,backup,2026-09-15T19:45:44+00:00
2026,2,401872942,00-0041078,Jaden Dugger,SF,MIA,LB,0.0,0.0,0.0,0.0,0.0,0.0,0.0,0.0,0.0,0.0,0.0,0.0,0.0,0.0,1.6,0.0,5.1,,backup,2026-09-15T19:45:44+00:00
2026,2,401872942,00-0038648,Jalen Graham,SF,MIA,LB,0.0,0.0,0.0,0.0,0.0,0.0,0.0,0.0,0.0,0.0,0.0,0.0,0.0,0.0,0.0,0.0,0.0,,roster_only,2026-09-15T19:45:44+00:00
2026,2,401872942,00-0035413,Luke Gifford,SF,MIA,LB,0.0,0.0,0.0,0.0,0.0,0.0,0.0,0.0,0.0,0.0,0.0,0.0,0.0,0.0,2.2,0.3,4.7,,starter,2026-09-15T19:45:44+00:00
2026,2,401872942,00-0040135,Nick Martin,SF,MIA,LB,0.0,0.0,0.0,0.0,0.0,0.0,0.0,0.0,0.0,0.0,0.0,0.0,0.0,0.0,0.0,0.0,0.0,,backup,2026-09-15T19:45:44+00:00
2026,2,401872942,00-0039435,Tatum Bethune,SF,MIA,LB,0.0,0.0,0.0,0.0,0.0,0.0,0.0,0.0,0.0,0.0,0.0,0.0,0.0,0.0,6.5,3.5,10.5,Active,backup,2026-09-15T19:45:44+00:00
2026,2,401872942,00-0038658,Adrian Martinez,SF,MIA,QB,0.0,0.0,0.0,0.0,0.0,0.0,0.0,0.0,0.0,0.0,0.0,0.0,0.0,0.0,0.0,0.0,0.0,,roster_only,2026-09-15T19:45:44+00:00
2026,2,401872942,00-0037834,Brock Purdy,SF,MIA,QB,233.3,139.8,339.5,1.614,0.8125,13.8,1.0,31.8,0.0,0.0,0.0,0.0,0.0,0.0,0.0,0.0,0.0,Active,starter,2026-09-15T19:45:44+00:00
2026,2,401872942,00-0040589,Kurtis Rourke,SF,MIA,QB,0.0,0.0,0.0,0.0,0.0,8.8,-8.7,33.5,0.0,0.0,0.0,0.0,0.0,0.0,0.0,0.0,0.0,Active,backup,2026-09-15T19:45:44+00:00
2026,2,401872942,00-0036972,Mac Jones,SF,MIA,QB,0.0,0.0,0.0,0.0,0.0,5.8,-7.0,23.8,0.0,0.0,0.0,0.0,0.0,0.0,0.0,0.0,0.0,,backup,2026-09-15T19:45:44+00:00
2026,2,401872942,00-0033280,Christian McCaffrey,SF,MIA,RB,0.0,0.0,0.0,0.0,0.0,70.2,48.2,101.2,39.2,22.1,68.0,0.0,0.0,0.0,0.0,0.0,0.0,Active,starter,2026-09-15T19:45:44+00:00
2026,2,401872942,00-0039363,Isaac Guerendo,SF,MIA,RB,0.0,0.0,0.0,0.0,0.0,0.0,0.0,0.0,0.0,0.0,0.0,0.0,0.0,0.0,0.0,0.0,0.0,,backup,2026-09-15T19:45:44+00:00
2026,2,401872942,00-0040177,Jordan James,SF,MIA,RB,0.0,0.0,0.0,0.0,0.0,8.1,-22.1,50.6,1.6,-21.0,42.2,0.0,0.0,0.0,0.0,0.0,0.0,Active,backup,2026-09-15T19:45:44+00:00
2026,2,401872942,00-0041052,Kaelon Black,SF,MIA,RB,0.0,0.0,0.0,0.0,0.0,14.8,-15.4,57.3,4.0,-18.6,44.6,0.0,0.0,0.0,0.0,0.0,0.0,Active,backup,2026-09-15T19:45:44+00:00
2026,2,401872942,00-0029892,Kyle Juszczyk,SF,MIA,RB,0.0,0.0,0.0,0.0,0.0,0.8,-9.9,15.8,11.8,-5.4,40.6,0.0,0.0,0.0,0.0,0.0,0.0,,starter,2026-09-15T19:45:44+00:00
2026,2,401872942,00-0037509,Sincere McCormick,SF,MIA,RB,0.0,0.0,0.0,0.0,0.0,0.0,0.0,0.0,0.0,0.0,0.0,0.0,0.0,0.0,0.0,0.0,0.0,,roster_only,2026-09-15T19:45:44+00:00
2026,2,401872942,00-0038643,Brayden Willis,SF,MIA,TE,0.0,0.0,0.0,0.0,0.0,0.0,0.0,0.0,0.0,0.0,0.0,0.0,0.0,0.0,0.0,0.0,0.0,,roster_only,2026-09-15T19:45:44+00:00
2026,2,401872942,00-0033288,George Kittle,SF,MIA,TE,0.0,0.0,0.0,0.0,0.0,0.0,-10.8,15.0,55.0,35.3,89.2,0.0,0.0,0.0,0.0,0.0,0.0,Active,starter,2026-09-15T19:45:44+00:00
2026,2,401872942,00-0037112,Jake Tonges,SF,MIA,TE,0.0,0.0,0.0,0.0,0.0,0.0,-10.8,15.0,26.3,9.2,55.1,0.0,0.0,0.0,0.0,0.0,0.0,Questionable,backup,2026-09-15T19:45:44+00:00
2026,2,401872942,00-0041357,Khalil Dinkins,SF,MIA,TE,0.0,0.0,0.0,0.0,0.0,0.0,0.0,0.0,0.0,0.0,0.0,0.0,0.0,0.0,0.0,0.0,0.0,,roster_only,2026-09-15T19:45:44+00:00
2026,2,401872942,00-0036887,Luke Farrell,SF,MIA,TE,0.0,0.0,0.0,0.0,0.0,0.0,-10.8,15.0,6.2,-11.0,35.0,0.0,0.0,0.0,0.0,0.0,0.0,Active,backup,2026-09-15T19:45:44+00:00
2026,2,401872942,00-0036261,Brandon Aiyuk,SF,MIA,WR,0.0,0.0,0.0,0.0,0.0,0.0,0.0,0.0,0.0,0.0,0.0,0.0,0.0,0.0,0.0,0.0,0.0,,backup,2026-09-15T19:45:44+00:00
2026,2,401872942,00-0034775,Christian Kirk,SF,MIA,WR,0.0,0.0,0.0,0.0,0.0,0.0,0.0,0.0,0.0,0.0,0.0,0.0,0.0,0.0,0.0,0.0,0.0,,backup,2026-09-15T19:45:44+00:00
2026,2,401872942,00-0041035,De'Zhaun Stribling,SF,MIA,WR,0.0,0.0,0.0,0.0,0.0,0.0,-14.7,20.7,7.7,-14.9,48.3,0.0,0.0,0.0,0.0,0.0,0.0,Doubtful,backup,2026-09-15T19:45:44+00:00
2026,2,401872942,00-0035719,Deebo Samuel Sr.,SF,MIA,WR,0.0,0.0,0.0,0.0,0.0,5.8,-4.9,20.8,40.1,13.4,89.2,0.0,0.0,0.0,0.0,0.0,0.0,Active,backup,2026-09-15T19:45:44+00:00
2026,2,401872942,00-0032775,Demarcus Robinson,SF,MIA,WR,0.0,0.0,0.0,0.0,0.0,0.0,-10.7,15.0,16.1,-1.1,44.9,0.0,0.0,0.0,0.0,0.0,0.0,Active,backup,2026-09-15T19:45:44+00:00
2026,2,401872942,00-0039365,Jacob Cowing,SF,MIA,WR,0.0,0.0,0.0,0.0,0.0,0.3,-10.4,15.3,8.8,-8.4,37.6,0.0,0.0,0.0,0.0,0.0,0.0,Active,backup,2026-09-15T19:45:44+00:00
2026,2,401872942,00-0040172,Jordan Watkins,SF,MIA,WR,0.0,0.0,0.0,0.0,0.0,0.0,-11.8,16.5,7.1,-11.5,39.1,0.0,0.0,0.0,0.0,0.0,0.0,Active,backup,2026-09-15T19:45:44+00:00
2026,2,401872942,00-0034854,KhaDarel Hodge,SF,MIA,WR,0.0,0.0,0.0,0.0,0.0,0.0,-10.8,14.9,3.4,-13.7,32.2,0.0,0.0,0.0,0.0,0.0,0.0,,roster_only,2026-09-15T19:45:44+00:00
2026,2,401872942,00-0031408,Mike Evans,SF,MIA,WR,0.0,0.0,0.0,0.0,0.0,0.0,-10.8,15.0,49.1,22.4,98.3,0.0,0.0,0.0,0.0,0.0,0.0,Active,starter,2026-09-15T19:45:44+00:00
2026,2,401872942,00-0039916,Ricky Pearsall,SF,MIA,WR,0.0,0.0,0.0,0.0,0.0,0.0,0.0,0.0,0.0,0.0,0.0,0.0,0.0,0.0,0.0,0.0,0.0,,backup,2026-09-15T19:45:44+00:00
2026,2,401872942,00-0041359,Wesley Grimes,SF,MIA,WR,0.0,0.0,0.0,0.0,0.0,0.0,0.0,0.0,0.0,0.0,0.0,0.0,0.0,0.0,0.0,0.0,0.0,,roster_only,2026-09-15T19:45:44+00:00
2026,2,401872942,00-0041361,Will Pauling,SF,MIA,WR,0.0,0.0,0.0,0.0,0.0,0.0,0.0,0.0,0.0,0.0,0.0,0.0,0.0,0.0,0.0,0.0,0.0,,roster_only,2026-09-15T19:45:44+00:00
2026,2,401872943,00-0035378,Andrew Wingard,ARI,SEA,DB,0.0,0.0,0.0,0.0,0.0,0.0,0.0,0.0,0.0,0.0,0.0,0.0,0.0,0.0,5.0,2.3,8.5,,starter,2026-09-15T19:45:44+00:00
2026,2,401872943,00-0033890,Budda Baker,ARI,SEA,DB,0.0,0.0,0.0,0.0,0.0,0.0,0.0,0.0,0.0,0.0,0.0,0.0,0.0,0.0,6.8,4.3,10.5,,starter,2026-09-15T19:45:44+00:00
2026,2,401872943,00-0038877,D'Shawn Jamison,ARI,SEA,DB,0.0,0.0,0.0,0.0,0.0,0.0,0.0,0.0,0.0,0.0,0.0,0.0,0.0,0.0,0.0,0.0,0.0,,roster_only,2026-09-15T19:45:44+00:00
2026,2,401872943,00-0039864,Dadrion Taylor-Demerson,ARI,SEA,DB,0.0,0.0,0.0,0.0,0.0,0.0,0.0,0.0,0.0,0.0,0.0,0.0,0.0,0.0,0.0,0.0,0.0,Out,backup,2026-09-15T19:45:44+00:00
2026,2,401872943,00-0040195,Denzel Burke,ARI,SEA,DB,0.0,0.0,0.0,0.0,0.0,0.0,0.0,0.0,0.0,0.0,0.0,0.0,0.0,0.0,3.9,1.2,7.4,,starter,2026-09-15T19:45:44+00:00
2026,2,401872943,00-0041597,Devyn Bobby,ARI,SEA,DB,0.0,0.0,0.0,0.0,0.0,0.0,0.0,0.0,0.0,0.0,0.0,0.0,0.0,0.0,0.0,0.0,0.0,,roster_only,2026-09-15T19:45:44+00:00
2026,2,401872943,00-0041364,Elijah Culp,ARI,SEA,DB,0.0,0.0,0.0,0.0,0.0,0.0,0.0,0.0,0.0,0.0,0.0,0.0,0.0,0.0,0.0,0.0,0.0,,roster_only,2026-09-15T19:45:44+00:00
2026,2,401872943,00-0039007,Garrett Williams,ARI,SEA,DB,0.0,0.0,0.0,0.0,0.0,0.0,0.0,0.0,0.0,0.0,0.0,0.0,0.0,0.0,0.0,0.0,0.0,Out,backup,2026-09-15T19:45:44+00:00
2026,2,401872943,00-0040479,Hudson Clark,ARI,SEA,DB,0.0,0.0,0.0,0.0,0.0,0.0,0.0,0.0,0.0,0.0,0.0,0.0,0.0,0.0,0.0,0.0,0.0,,roster_only,2026-09-15T19:45:44+00:00
2026,2,401872943,00-0037141,Joey Blount,ARI,SEA,DB,0.0,0.0,0.0,0.0,0.0,0.0,0.0,0.0,0.0,0.0,0.0,0.0,0.0,0.0,0.0,0.0,0.0,,backup,2026-09-15T19:45:44+00:00
2026,2,401872943,00-0040576,Josh Minkins,ARI,SEA,DB,0.0,0.0,0.0,0.0,0.0,0.0,0.0,0.0,0.0,0.0,0.0,0.0,0.0,0.0,0.0,0.0,0.0,,roster_only,2026-09-15T19:45:44+00:00
2026,2,401872943,00-0039239,Kalen King,ARI,SEA,DB,0.0,0.0,0.0,0.0,0.0,0.0,0.0,0.0,0.0,0.0,0.0,0.0,0.0,0.0,0.8,0.0,4.7,,backup,2026-09-15T19:45:44+00:00
2026,2,401872943,00-0038984,Kei'Trel Clark,ARI,SEA,DB,0.0,0.0,0.0,0.0,0.0,0.0,0.0,0.0,0.0,0.0,0.0,0.0,0.0,0.0,0.9,0.0,3.4,,backup,2026-09-15T19:45:44+00:00
2026,2,401872943,00-0040230,Kitan Crawford,ARI,SEA,DB,0.0,0.0,0.0,0.0,0.0,0.0,0.0,0.0,0.0,0.0,0.0,0.0,0.0,0.0,1.6,0.0,4.3,Questionable,backup,2026-09-15T19:45:44+00:00
2026,2,401872943,00-0039807,Max Melton,ARI,SEA,DB,0.0,0.0,0.0,0.0,0.0,0.0,0.0,0.0,0.0,0.0,0.0,0.0,0.0,0.0,1.2,0.0,4.0,,starter,2026-09-15T19:45:44+00:00
2026,2,401872943,00-0039767,Quinton Newsome,ARI,SEA,DB,0.0,0.0,0.0,0.0,0.0,0.0,0.0,0.0,0.0,0.0,0.0,0.0,0.0,0.0,0.0,0.0,0.0,,roster_only,2026-09-15T19:45:44+00:00
2026,2,401872943,00-0038663,Starling Thomas V,ARI,SEA,DB,0.0,0.0,0.0,0.0,0.0,0.0,0.0,0.0,0.0,0.0,0.0,0.0,0.0,0.0,0.0,0.0,0.0,,roster_only,2026-09-15T19:45:44+00:00
2026,2,401872943,00-0040751,Will Johnson,ARI,SEA,DB,0.0,0.0,0.0,0.0,0.0,0.0,0.0,0.0,0.0,0.0,0.0,0.0,0.0,0.0,3.6,0.9,7.1,Active,starter,2026-09-15T19:45:44+00:00
2026,2,401872943,00-0041370,Wydett Williams Jr.,ARI,SEA,DB,0.0,0.0,0.0,0.0,0.0,0.0,0.0,0.0,0.0,0.0,0.0,0.0,0.0,0.0,2.0,0.0,5.9,,backup,2026-09-15T19:45:44+00:00
2026,2,401872943,00-0033066,Andrew Billings,ARI,SEA,DL,0.0,0.0,0.0,0.0,0.0,0.0,0.0,0.0,0.0,0.0,0.0,0.0,0.0,0.0,1.5,0.0,3.9,Active,backup,2026-09-15T19:45:44+00:00
2026,2,401872943,00-0038939,Brodric Martin,ARI,SEA,DL,0.0,0.0,0.0,0.0,0.0,0.0,0.0,0.0,0.0,0.0,0.0,0.0,0.0,0.0,0.0,0.0,0.0,,roster_only,2026-09-15T19:45:44+00:00
2026,2,401872943,00-0040517,Cam Horsley,ARI,SEA,DL,0.0,0.0,0.0,0.0,0.0,0.0,0.0,0.0,0.0,0.0,0.0,0.0,0.0,0.0,0.0,0.0,0.0,,roster_only,2026-09-15T19:45:44+00:00
2026,2,401872943,00-0041369,Damonic Williams,ARI,SEA,DL,0.0,0.0,0.0,0.0,0.0,0.0,0.0,0.0,0.0,0.0,0.0,0.0,0.0,0.0,0.0,0.0,0.0,,roster_only,2026-09-15T19:45:44+00:00
2026,2,401872943,00-0038623,Dante Stills,ARI,SEA,DL,0.0,0.0,0.0,0.0,0.0,0.0,0.0,0.0,0.0,0.0,0.0,0.0,0.0,0.0,2.2,0.3,4.7,,starter,2026-09-15T19:45:44+00:00
2026,2,401872943,00-0039854,Darius Robinson,ARI,SEA,DL,0.0,0.0,0.0,0.0,0.0,0.0,0.0,0.0,0.0,0.0,0.0,0.0,0.0,0.0,2.4,0.5,4.9,,backup,2026-09-15T19:45:44+00:00
2026,2,401872943,00-0040283,Jared Harrison-Hunte,ARI,SEA,DL,0.0,0.0,0.0,0.0,0.0,0.0,0.0,0.0,0.0,0.0,0.0,0.0,0.0,0.0,0.0,0.0,0.0,,roster_only,2026-09-15T19:45:44+00:00
2026,2,401872943,00-0041555,Kaleb Proctor,ARI,SEA,DL,0.0,0.0,0.0,0.0,0.0,0.0,0.0,0.0,0.0,0.0,0.0,0.0,0.0,0.0,0.0,0.0,0.0,Injured Reserve,backup,2026-09-15T19:45:44+00:00
2026,2,401872943,00-0041594,Keveion'ta Spears,ARI,SEA,DL,0.0,0.0,0.0,0.0,0.0,0.0,0.0,0.0,0.0,0.0,0.0,0.0,0.0,0.0,0.0,0.0,0.0,,roster_only,2026-09-15T19:45:44+00:00
2026,2,401872943,00-0035636,L.J. Collier,ARI,SEA,DL,0.0,0.0,0.0,0.0,0.0,0.0,0.0,0.0,0.0,0.0,0.0,0.0,0.0,0.0,1.5,0.0,3.9,,backup,2026-09-15T19:45:44+00:00
2026,2,401872943,00-0036568,Roy Lopez,ARI,SEA,DL,0.0,0.0,0.0,0.0,0.0,0.0,0.0,0.0,0.0,0.0,0.0,0.0,0.0,0.0,2.1,0.2,4.6,,starter,2026-09-15T19:45:44+00:00
2026,2,401872943,00-0040706,Walter Nolen,ARI,SEA,DL,0.0,0.0,0.0,0.0,0.0,0.0,0.0,0.0,0.0,0.0,0.0,0.0,0.0,0.0,1.4,0.0,3.9,,starter,2026-09-15T19:45:44+00:00
2026,2,401872943,00-0037804,Zachary Carter,ARI,SEA,DL,0.0,0.0,0.0,0.0,0.0,0.0,0.0,0.0,0.0,0.0,0.0,0.0,0.0,0.0,0.0,0.0,0.0,Injured Reserve,backup,2026-09-15T19:45:44+00:00
2026,2,401872943,00-0038567,Chad Ryland,ARI,SEA,K,0.0,0.0,0.0,0.0,0.0,0.0,0.0,0.0,0.0,0.0,0.0,6.9,2.2,12.4,0.0,0.0,0.0,Active,starter,2026-09-15T19:45:44+00:00
2026,2,401872943,00-0039155,BJ Ojulari,ARI,SEA,LB,0.0,0.0,0.0,0.0,0.0,0.0,0.0,0.0,0.0,0.0,0.0,0.0,0.0,0.0,0.0,0.0,0.0,,roster_only,2026-09-15T19:45:44+00:00
2026,2,401872943,00-0036995,Baron Browning,ARI,SEA,LB,0.0,0.0,0.0,0.0,0.0,0.0,0.0,0.0,0.0,0.0,0.0,0.0,0.0,0.0,2.2,0.3,4.7,,backup,2026-09-15T19:45:44+00:00
2026,2,401872943,00-0041367,Cam Robertson,ARI,SEA,LB,0.0,0.0,0.0,0.0,0.0,0.0,0.0,0.0,0.0,0.0,0.0,0.0,0.0,0.0,0.0,0.0,0.0,,roster_only,2026-09-15T19:45:44+00:00
2026,2,401872943,00-0040645,Cody Simon,ARI,SEA,LB,0.0,0.0,0.0,0.0,0.0,0.0,0.0,0.0,0.0,0.0,0.0,0.0,0.0,0.0,6.0,3.0,10.0,,backup,2026-09-15T19:45:44+00:00
2026,2,401872943,00-0038782,Eku Leota,ARI,SEA,LB,0.0,0.0,0.0,0.0,0.0,0.0,0.0,0.0,0.0,0.0,0.0,0.0,0.0,0.0,0.6,0.0,3.1,,backup,2026-09-15T19:45:44+00:00
2026,2,401872943,00-0039956,Elliott Brown,ARI,SEA,LB,0.0,0.0,0.0,0.0,0.0,0.0,0.0,0.0,0.0,0.0,0.0,0.0,0.0,0.0,0.0,0.0,0.0,,roster_only,2026-09-15T19:45:44+00:00
2026,2,401872943,00-0040299,Eugene Asante,ARI,SEA,LB,0.0,0.0,0.0,0.0,0.0,0.0,0.0,0.0,0.0,0.0,0.0,0.0,0.0,0.0,0.0,0.0,0.0,,roster_only,2026-09-15T19:45:44+00:00
2026,2,401872943,00-0037596,Jack Gibbens,ARI,SEA,LB,0.0,0.0,0.0,0.0,0.0,0.0,0.0,0.0,0.0,0.0,0.0,0.0,0.0,0.0,5.8,2.8,9.8,,starter,2026-09-15T19:45:44+00:00
2026,2,401872943,00-0040137,Jordan Burch,ARI,SEA,LB,0.0,0.0,0.0,0.0,0.0,0.0,0.0,0.0,0.0,0.0,0.0,0.0,0.0,0.0,1.8,0.0,4.3,,backup,2026-09-15T19:45:44+00:00
2026,2,401872943,00-0034381,Josh Sweat,ARI,SEA,LB,0.0,0.0,0.0,0.0,0.0,0.0,0.0,0.0,0.0,0.0,0.0,0.0,0.0,0.0,1.4,0.0,3.9,,starter,2026-09-15T19:45:44+00:00
2026,2,401872943,00-0041093,Karson Sharar,ARI,SEA,LB,0.0,0.0,0.0,0.0,0.0,0.0,0.0,0.0,0.0,0.0,0.0,0.0,0.0,0.0,1.6,0.0,5.1,,backup,2026-09-15T19:45:44+00:00
2026,2,401872943,00-0035144,Mack Wilson,ARI,SEA,LB,0.0,0.0,0.0,0.0,0.0,0.0,0.0,0.0,0.0,0.0,0.0,0.0,0.0,0.0,6.1,3.1,10.1,,starter,2026-09-15T19:45:44+00:00
2026,2,401872943,00-0036933,Zaven Collins,ARI,SEA,LB,0.0,0.0,0.0,0.0,0.0,0.0,0.0,0.0,0.0,0.0,0.0,0.0,0.0,0.0,2.8,0.8,5.2,,starter,2026-09-15T19:45:44+00:00
2026,2,401872943,00-0041561,Carson Beck,ARI,SEA,QB,0.0,0.0,0.0,0.0,0.0,8.6,-9.0,33.3,0.0,0.0,0.0,0.0,0.0,0.0,0.0,0.0,0.0,Active,backup,2026-09-15T19:45:44+00:00
2026,2,401872943,00-0035289,Gardner Minshew,ARI,SEA,QB,0.0,0.0,0.0,0.0,0.0,5.5,-5.2,20.6,0.0,0.0,0.0,0.0,0.0,0.0,0.0,0.0,0.0,,backup,2026-09-15T19:45:44+00:00
2026,2,401872943,00-0033119,Jacoby Brissett,ARI,SEA,QB,205.4,111.9,311.6,1.206,0.6547619047619048,6.9,-3.8,21.9,0.0,0.0,0.0,0.0,0.0,0.0,0.0,0.0,0.0,Active,starter,2026-09-15T19:45:44+00:00
2026,2,401872943,00-0037157,Bam Knight,ARI,SEA,RB,0.0,0.0,0.0,0.0,0.0,15.1,-6.9,46.1,7.3,-9.9,36.1,0.0,0.0,0.0,0.0,0.0,0.0,Active,backup,2026-09-15T19:45:44+00:00
2026,2,401872943,00-0038397,Evan Hull,ARI,SEA,RB,0.0,0.0,0.0,0.0,0.0,0.0,0.0,0.0,0.0,0.0,0.0,0.0,0.0,0.0,0.0,0.0,0.0,,roster_only,2026-09-15T19:45:44+00:00
2026,2,401872943,00-0033553,James Conner,ARI,SEA,RB,0.0,0.0,0.0,0.0,0.0,0.0,0.0,0.0,0.0,0.0,0.0,0.0,0.0,0.0,0.0,0.0,0.0,Injured Reserve,backup,2026-09-15T19:45:44+00:00
2026,2,401872943,00-0041027,Jeremiyah Love,ARI,SEA,RB,0.0,0.0,0.0,0.0,0.0,20.3,-9.9,62.8,5.9,-16.8,46.5,0.0,0.0,0.0,0.0,0.0,0.0,Active,starter,2026-09-15T19:45:44+00:00
2026,2,401872943,00-0040526,Tre Stewart,ARI,SEA,RB,0.0,0.0,0.0,0.0,0.0,0.0,0.0,0.0,0.0,0.0,0.0,0.0,0.0,0.0,0.0,0.0,0.0,,roster_only,2026-09-15T19:45:44+00:00
2026,2,401872943,00-0039921,Trey Benson,ARI,SEA,RB,0.0,0.0,0.0,0.0,0.0,0.0,0.0,0.0,0.0,0.0,0.0,0.0,0.0,0.0,0.0,0.0,0.0,,backup,2026-09-15T19:45:44+00:00
2026,2,401872943,00-0037263,Tyler Allgeier,ARI,SEA,RB,0.0,0.0,0.0,0.0,0.0,31.1,9.1,62.1,5.5,-11.7,34.3,0.0,0.0,0.0,0.0,0.0,0.0,Active,backup,2026-09-15T19:45:44+00:00
2026,2,401872943,00-0039041,Elijah Higgins,ARI,SEA,TE,0.0,0.0,0.0,0.0,0.0,0.0,-10.8,15.0,15.8,-1.4,44.6,0.0,0.0,0.0,0.0,0.0,0.0,Active,backup,2026-09-15T19:45:44+00:00
2026,2,401872943,00-0037004,Hunter Long,ARI,SEA,TE,0.0,0.0,0.0,0.0,0.0,0.0,-10.8,14.9,9.3,-7.8,38.1,0.0,0.0,0.0,0.0,0.0,0.0,Active,backup,2026-09-15T19:45:44+00:00
2026,2,401872943,00-0041366,Jameson Geers,ARI,SEA,TE,0.0,0.0,0.0,0.0,0.0,0.0,0.0,0.0,0.0,0.0,0.0,0.0,0.0,0.0,0.0,0.0,0.0,,backup,2026-09-15T19:45:44+00:00
2026,2,401872943,00-0040046,Rivaldo Fairweather,ARI,SEA,TE,0.0,0.0,0.0,0.0,0.0,0.0,0.0,0.0,0.0,0.0,0.0,0.0,0.0,0.0,0.0,0.0,0.0,,roster_only,2026-09-15T19:45:44+00:00
2026,2,401872943,00-0039550,Shawn Bowman,ARI,SEA,TE,0.0,0.0,0.0,0.0,0.0,0.0,0.0,0.0,0.0,0.0,0.0,0.0,0.0,0.0,0.0,0.0,0.0,,roster_only,2026-09-15T19:45:44+00:00
2026,2,401872943,00-0037277,Teagan Quitoriano,ARI,SEA,TE,0.0,0.0,0.0,0.0,0.0,0.0,0.0,0.0,0.0,0.0,0.0,0.0,0.0,0.0,0.0,0.0,0.0,,roster_only,2026-09-15T19:45:44+00:00
2026,2,401872943,00-0039737,Tip Reiman,ARI,SEA,TE,0.0,0.0,0.0,0.0,0.0,0.0,0.0,0.0,0.0,0.0,0.0,0.0,0.0,0.0,0.0,0.0,0.0,Out,backup,2026-09-15T19:45:44+00:00
2026,2,401872943,00-0037744,Trey McBride,ARI,SEA,TE,0.0,0.0,0.0,0.0,0.0,0.0,-10.8,15.0,67.9,48.2,102.2,0.0,0.0,0.0,0.0,0.0,0.0,Active,starter,2026-09-15T19:45:44+00:00
2026,2,401872943,00-0036331,Devin Duvernay,ARI,SEA,WR,0.0,0.0,0.0,0.0,0.0,0.0,-10.7,15.1,4.1,-13.1,32.9,0.0,0.0,0.0,0.0,0.0,0.0,,backup,2026-09-15T19:45:44+00:00
2026,2,401872943,00-0041368,Harrison Wallace III,ARI,SEA,WR,0.0,0.0,0.0,0.0,0.0,0.0,0.0,0.0,0.0,0.0,0.0,0.0,0.0,0.0,0.0,0.0,0.0,,roster_only,2026-09-15T19:45:44+00:00
2026,2,401872943,00-0036635,Ihmir Smith-Marsette,ARI,SEA,WR,0.0,0.0,0.0,0.0,0.0,0.0,0.0,0.0,0.0,0.0,0.0,0.0,0.0,0.0,0.0,0.0,0.0,,roster_only,2026-09-15T19:45:44+00:00
2026,2,401872943,00-0038640,Jalen Brooks,ARI,SEA,WR,0.0,0.0,0.0,0.0,0.0,0.0,-10.8,15.0,9.4,-7.8,38.2,0.0,0.0,0.0,0.0,0.0,0.0,Active,backup,2026-09-15T19:45:44+00:00
2026,2,401872943,00-0033307,Kendrick Bourne,ARI,SEA,WR,0.0,0.0,0.0,0.0,0.0,0.0,-10.8,15.0,16.9,-0.3,45.7,0.0,0.0,0.0,0.0,0.0,0.0,Active,backup,2026-09-15T19:45:44+00:00
2026,2,401872943,00-0039849,Marvin Harrison Jr.,ARI,SEA,WR,0.0,0.0,0.0,0.0,0.0,0.0,-10.8,15.0,26.4,9.2,55.2,0.0,0.0,0.0,0.0,0.0,0.0,Active,starter,2026-09-15T19:45:44+00:00
2026,2,401872943,00-0038559,Michael Wilson,ARI,SEA,WR,0.0,0.0,0.0,0.0,0.0,0.0,-10.8,15.0,51.1,24.4,100.3,0.0,0.0,0.0,0.0,0.0,0.0,Active,backup,2026-09-15T19:45:44+00:00
2026,2,401872943,00-0041070,Reggie Virgil,ARI,SEA,WR,0.0,0.0,0.0,0.0,0.0,0.0,-14.7,20.7,6.2,-16.4,46.8,0.0,0.0,0.0,0.0,0.0,0.0,Active,backup,2026-09-15T19:45:44+00:00
2026,2,401872943,00-0036646,Simi Fehoko,ARI,SEA,WR,0.0,0.0,0.0,0.0,0.0,0.0,-10.7,15.0,4.7,-12.4,33.6,0.0,0.0,0.0,0.0,0.0,0.0,,backup,2026-09-15T19:45:44+00:00
2026,2,401872943,00-0039521,Xavier Weaver,ARI,SEA,WR,0.0,0.0,0.0,0.0,0.0,0.0,0.0,0.0,0.0,0.0,0.0,0.0,0.0,0.0,0.0,0.0,0.0,,roster_only,2026-09-15T19:45:44+00:00
2026,2,401872943,00-0038866,AJ Finley,SEA,ARI,DB,0.0,0.0,0.0,0.0,0.0,0.0,0.0,0.0,0.0,0.0,0.0,0.0,0.0,0.0,0.8,0.0,3.3,,backup,2026-09-15T19:45:44+00:00
2026,2,401872943,00-0040903,Andre Fuller,SEA,ARI,DB,0.0,0.0,0.0,0.0,0.0,0.0,0.0,0.0,0.0,0.0,0.0,0.0,0.0,0.0,0.0,0.0,0.0,,roster_only,2026-09-15T19:45:44+00:00
2026,2,401872943,00-0041382,Avery Smith,SEA,ARI,DB,0.0,0.0,0.0,0.0,0.0,0.0,0.0,0.0,0.0,0.0,0.0,0.0,0.0,0.0,2.0,0.0,6.0,,backup,2026-09-15T19:45:44+00:00
2026,2,401872943,00-0041463,Bud Clark,SEA,ARI,DB,0.0,0.0,0.0,0.0,0.0,0.0,0.0,0.0,0.0,0.0,0.0,0.0,0.0,0.0,0.0,0.0,0.0,,backup,2026-09-15T19:45:44+00:00
2026,2,401872943,00-0037332,D'Anthony Bell,SEA,ARI,DB,0.0,0.0,0.0,0.0,0.0,0.0,0.0,0.0,0.0,0.0,0.0,0.0,0.0,0.0,0.0,0.0,0.0,,roster_only,2026-09-15T19:45:44+00:00
2026,2,401872943,00-0039169,Devon Witherspoon,SEA,ARI,DB,0.0,0.0,0.0,0.0,0.0,0.0,0.0,0.0,0.0,0.0,0.0,0.0,0.0,0.0,5.8,3.1,9.2,Active,starter,2026-09-15T19:45:44+00:00
2026,2,401872943,00-0041584,Jordan Washington,SEA,ARI,DB,0.0,0.0,0.0,0.0,0.0,0.0,0.0,0.0,0.0,0.0,0.0,0.0,0.0,0.0,0.0,0.0,0.0,,roster_only,2026-09-15T19:45:44+00:00
2026,2,401872943,00-0037137,Josh Jobe,SEA,ARI,DB,0.0,0.0,0.0,0.0,0.0,0.0,0.0,0.0,0.0,0.0,0.0,0.0,0.0,0.0,3.3,0.7,6.9,Active,starter,2026-09-15T19:45:44+00:00
2026,2,401872943,00-0034974,Julian Love,SEA,ARI,DB,0.0,0.0,0.0,0.0,0.0,0.0,0.0,0.0,0.0,0.0,0.0,0.0,0.0,0.0,5.4,2.7,8.9,Active,starter,2026-09-15T19:45:44+00:00
2026,2,401872943,00-0040873,Julian Neal,SEA,ARI,DB,0.0,0.0,0.0,0.0,0.0,0.0,0.0,0.0,0.0,0.0,0.0,0.0,0.0,0.0,2.3,0.0,6.2,,backup,2026-09-15T19:45:44+00:00
2026,2,401872943,00-0040026,Maxen Hook,SEA,ARI,DB,0.0,0.0,0.0,0.0,0.0,0.0,0.0,0.0,0.0,0.0,0.0,0.0,0.0,0.0,0.0,0.0,0.0,,roster_only,2026-09-15T19:45:44+00:00
2026,2,401872943,00-0040910,Michael Dansby,SEA,ARI,DB,0.0,0.0,0.0,0.0,0.0,0.0,0.0,0.0,0.0,0.0,0.0,0.0,0.0,0.0,0.0,0.0,0.0,,roster_only,2026-09-15T19:45:44+00:00
2026,2,401872943,00-0039795,Nehemiah Pritchett,SEA,ARI,DB,0.0,0.0,0.0,0.0,0.0,0.0,0.0,0.0,0.0,0.0,0.0,0.0,0.0,0.0,1.2,0.0,3.7,Active,backup,2026-09-15T19:45:44+00:00
2026,2,401872943,00-0040733,Nick Emmanwori,SEA,ARI,DB,0.0,0.0,0.0,0.0,0.0,0.0,0.0,0.0,0.0,0.0,0.0,0.0,0.0,0.0,0.0,0.0,0.0,Out,starter,2026-09-15T19:45:44+00:00
2026,2,401872943,00-0037323,Rodney Thomas,SEA,ARI,DB,0.0,0.0,0.0,0.0,0.0,0.0,0.0,0.0,0.0,0.0,0.0,0.0,0.0,0.0,1.2,0.0,3.7,,recent_defensive_participant,2026-09-15T19:45:44+00:00
2026,2,401872943,00-0039903,Terrion Arnold,SEA,ARI,DB,0.0,0.0,0.0,0.0,0.0,0.0,0.0,0.0,0.0,0.0,0.0,0.0,0.0,0.0,0.0,0.0,0.0,,backup,2026-09-15T19:45:44+00:00
2026,2,401872943,00-0036361,Trevon Diggs,SEA,ARI,DB,0.0,0.0,0.0,0.0,0.0,0.0,0.0,0.0,0.0,0.0,0.0,0.0,0.0,0.0,0.0,0.0,0.0,,roster_only,2026-09-15T19:45:44+00:00
2026,2,401872943,00-0038765,Ty Okada,SEA,ARI,DB,0.0,0.0,0.0,0.0,0.0,0.0,0.0,0.0,0.0,0.0,0.0,0.0,0.0,0.0,0.0,0.0,0.0,Out,starter,2026-09-15T19:45:44+00:00
2026,2,401872943,00-0040273,Tysheem Johnson,SEA,ARI,DB,0.0,0.0,0.0,0.0,0.0,0.0,0.0,0.0,0.0,0.0,0.0,0.0,0.0,0.0,0.0,0.0,0.0,,roster_only,2026-09-15T19:45:44+00:00
2026,2,401872943,00-0038694,Brandon Pili,SEA,ARI,DL,0.0,0.0,0.0,0.0,0.0,0.0,0.0,0.0,0.0,0.0,0.0,0.0,0.0,0.0,1.0,0.0,3.4,,backup,2026-09-15T19:45:44+00:00
2026,2,401872943,00-0039309,Byron Murphy II,SEA,ARI,DL,0.0,0.0,0.0,0.0,0.0,0.0,0.0,0.0,0.0,0.0,0.0,0.0,0.0,0.0,3.0,0.9,5.8,,starter,2026-09-15T19:45:44+00:00
2026,2,401872943,00-0040904,Deven Eastern,SEA,ARI,DL,0.0,0.0,0.0,0.0,0.0,0.0,0.0,0.0,0.0,0.0,0.0,0.0,0.0,0.0,0.0,0.0,0.0,,roster_only,2026-09-15T19:45:44+00:00
2026,2,401872943,00-0040063,J.R. Singleton,SEA,ARI,DL,0.0,0.0,0.0,0.0,0.0,0.0,0.0,0.0,0.0,0.0,0.0,0.0,0.0,0.0,0.0,0.0,0.0,,roster_only,2026-09-15T19:45:44+00:00
2026,2,401872943,00-0040055,Jalan Gaines,SEA,ARI,DL,0.0,0.0,0.0,0.0,0.0,0.0,0.0,0.0,0.0,0.0,0.0,0.0,0.0,0.0,0.0,0.0,0.0,,roster_only,2026-09-15T19:45:44+00:00
2026,2,401872943,00-0032387,Jarran Reed,SEA,ARI,DL,0.0,0.0,0.0,0.0,0.0,0.0,0.0,0.0,0.0,0.0,0.0,0.0,0.0,0.0,2.2,0.2,4.7,,starter,2026-09-15T19:45:44+00:00
2026,2,401872943,00-0031933,Leonard Williams,SEA,ARI,DL,0.0,0.0,0.0,0.0,0.0,0.0,0.0,0.0,0.0,0.0,0.0,0.0,0.0,0.0,3.0,0.9,5.8,Active,starter,2026-09-15T19:45:44+00:00
2026,2,401872943,00-0038591,Mike Morris,SEA,ARI,DL,0.0,0.0,0.0,0.0,0.0,0.0,0.0,0.0,0.0,0.0,0.0,0.0,0.0,0.0,1.0,0.0,3.4,Active,backup,2026-09-15T19:45:44+00:00
2026,2,401872943,00-0040647,Rylie Mills,SEA,ARI,DL,0.0,0.0,0.0,0.0,0.0,0.0,0.0,0.0,0.0,0.0,0.0,0.0,0.0,0.0,0.9,0.0,3.6,,backup,2026-09-15T19:45:44+00:00
2026,2,401872943,00-0040975,Uso Seumalo,SEA,ARI,DL,0.0,0.0,0.0,0.0,0.0,0.0,0.0,0.0,0.0,0.0,0.0,0.0,0.0,0.0,0.0,0.0,0.0,,roster_only,2026-09-15T19:45:44+00:00
2026,2,401872943,00-0040064,Wy'Kevious Thomas,SEA,ARI,DL,0.0,0.0,0.0,0.0,0.0,0.0,0.0,0.0,0.0,0.0,0.0,0.0,0.0,0.0,0.0,0.0,0.0,,roster_only,2026-09-15T19:45:44+00:00
2026,2,401872943,00-0031492,Jason Myers,SEA,ARI,K,0.0,0.0,0.0,0.0,0.0,0.0,0.0,0.0,0.0,0.0,0.0,7.8,2.7,13.6,0.0,0.0,0.0,Active,starter,2026-09-15T19:45:44+00:00
2026,2,401872943,00-0040407,Aaron Smith,SEA,ARI,LB,0.0,0.0,0.0,0.0,0.0,0.0,0.0,0.0,0.0,0.0,0.0,0.0,0.0,0.0,0.0,0.0,0.0,,roster_only,2026-09-15T19:45:44+00:00
2026,2,401872943,00-0040972,Aidan Hubbard,SEA,ARI,LB,0.0,0.0,0.0,0.0,0.0,0.0,0.0,0.0,0.0,0.0,0.0,0.0,0.0,0.0,0.0,0.0,0.0,,roster_only,2026-09-15T19:45:44+00:00
2026,2,401872943,00-0037003,Chazz Surratt,SEA,ARI,LB,0.0,0.0,0.0,0.0,0.0,0.0,0.0,0.0,0.0,0.0,0.0,0.0,0.0,0.0,0.0,0.0,0.0,,roster_only,2026-09-15T19:45:44+00:00
2026,2,401872943,00-0040061,Connor O'Toole,SEA,ARI,LB,0.0,0.0,0.0,0.0,0.0,0.0,0.0,0.0,0.0,0.0,0.0,0.0,0.0,0.0,1.0,0.0,3.5,,backup,2026-09-15T19:45:44+00:00
2026,2,401872943,00-0032052,Dante Fowler Jr.,SEA,ARI,LB,0.0,0.0,0.0,0.0,0.0,0.0,0.0,0.0,0.0,0.0,0.0,0.0,0.0,0.0,1.2,0.0,3.7,,backup,2026-09-15T19:45:44+00:00
2026,2,401872943,00-0031411,DeMarcus Lawrence,SEA,ARI,LB,0.0,0.0,0.0,0.0,0.0,0.0,0.0,0.0,0.0,0.0,0.0,0.0,0.0,0.0,3.3,0.4,7.3,,starter,2026-09-15T19:45:44+00:00
2026,2,401872943,00-0039047,Derick Hall,SEA,ARI,LB,0.0,0.0,0.0,0.0,0.0,0.0,0.0,0.0,0.0,0.0,0.0,0.0,0.0,0.0,2.0,0.1,4.6,,backup,2026-09-15T19:45:44+00:00
2026,2,401872943,00-0038922,Drake Thomas,SEA,ARI,LB,0.0,0.0,0.0,0.0,0.0,0.0,0.0,0.0,0.0,0.0,0.0,0.0,0.0,0.0,5.1,2.1,9.1,Active,recent_defensive_participant,2026-09-15T19:45:44+00:00
2026,2,401872943,00-0036994,Ernest Jones,SEA,ARI,LB,0.0,0.0,0.0,0.0,0.0,0.0,0.0,0.0,0.0,0.0,0.0,0.0,0.0,0.0,6.8,4.1,11.0,Active,recent_defensive_participant,2026-09-15T19:45:44+00:00
2026,2,401872943,00-0040973,Marvin Jones Jr.,SEA,ARI,LB,0.0,0.0,0.0,0.0,0.0,0.0,0.0,0.0,0.0,0.0,0.0,0.0,0.0,0.0,0.0,0.0,0.0,,roster_only,2026-09-15T19:45:44+00:00
2026,2,401872943,00-0038764,Patrick O'Connell,SEA,ARI,LB,0.0,0.0,0.0,0.0,0.0,0.0,0.0,0.0,0.0,0.0,0.0,0.0,0.0,0.0,1.2,0.0,3.7,,recent_defensive_participant,2026-09-15T19:45:44+00:00
2026,2,401872943,00-0040588,Pooh Paul Jr.,SEA,ARI,LB,0.0,0.0,0.0,0.0,0.0,0.0,0.0,0.0,0.0,0.0,0.0,0.0,0.0,0.0,0.0,0.0,0.0,,roster_only,2026-09-15T19:45:44+00:00
2026,2,401872943,00-0040270,Power Echols,SEA,ARI,LB,0.0,0.0,0.0,0.0,0.0,0.0,0.0,0.0,0.0,0.0,0.0,0.0,0.0,0.0,0.0,0.0,0.0,,roster_only,2026-09-15T19:45:44+00:00
2026,2,401872943,00-0039815,Tyrice Knight,SEA,ARI,LB,0.0,0.0,0.0,0.0,0.0,0.0,0.0,0.0,0.0,0.0,0.0,0.0,0.0,0.0,1.9,0.0,4.4,,recent_defensive_participant,2026-09-15T19:45:44+00:00
2026,2,401872943,00-0034350,Uchenna Nwosu,SEA,ARI,LB,0.0,0.0,0.0,0.0,0.0,0.0,0.0,0.0,0.0,0.0,0.0,0.0,0.0,0.0,2.3,0.4,4.8,,starter,2026-09-15T19:45:44+00:00
2026,2,401872943,00-0035704,Drew Lock,SEA,ARI,QB,0.0,0.0,0.0,0.0,0.0,8.1,-2.6,23.2,0.0,0.0,0.0,0.0,0.0,0.0,0.0,0.0,0.0,Active,backup,2026-09-15T19:45:44+00:00
2026,2,401872943,00-0040673,Jalen Milroe,SEA,ARI,QB,0.0,0.0,0.0,0.0,0.0,3.6,-8.2,20.2,0.0,0.0,0.0,0.0,0.0,0.0,0.0,0.0,0.0,Active,backup,2026-09-15T19:45:44+00:00
2026,2,401872943,00-0034869,Sam Darnold,SEA,ARI,QB,153.9,60.4,260.1,1.212,0.6547619047619048,7.2,-5.6,25.1,0.0,0.0,0.0,0.0,0.0,0.0,0.0,0.0,0.0,Doubtful,starter,2026-09-15T19:45:44+00:00
2026,2,401872943,00-0038488,Brady Russell,SEA,ARI,RB,0.0,0.0,0.0,0.0,0.0,0.5,-10.2,15.5,2.5,-14.6,31.3,0.0,0.0,0.0,0.0,0.0,0.0,Active,starter,2026-09-15T19:45:44+00:00
2026,2,401872943,00-0038797,Emanuel Wilson,SEA,ARI,RB,0.0,0.0,0.0,0.0,0.0,23.8,1.8,54.8,3.9,-13.3,32.7,0.0,0.0,0.0,0.0,0.0,0.0,Active,backup,2026-09-15T19:45:44+00:00
2026,2,401872943,00-0039299,George Holani,SEA,ARI,RB,0.0,0.0,0.0,0.0,0.0,12.0,-10.0,43.0,1.2,-15.9,30.0,0.0,0.0,0.0,0.0,0.0,0.0,Active,backup,2026-09-15T19:45:44+00:00
2026,2,401872943,00-0040067,Jacardia Wright,SEA,ARI,RB,0.0,0.0,0.0,0.0,0.0,0.0,0.0,0.0,0.0,0.0,0.0,0.0,0.0,0.0,0.0,0.0,0.0,,roster_only,2026-09-15T19:45:44+00:00
2026,2,401872943,00-0041512,Jadarian Price,SEA,ARI,RB,0.0,0.0,0.0,0.0,0.0,17.7,-12.5,60.2,4.1,-18.5,44.7,0.0,0.0,0.0,0.0,0.0,0.0,Active,starter,2026-09-15T19:45:44+00:00
2026,2,401872943,00-0041588,Justin Jones,SEA,ARI,RB,0.0,0.0,0.0,0.0,0.0,0.0,0.0,0.0,0.0,0.0,0.0,0.0,0.0,0.0,0.0,0.0,0.0,,roster_only,2026-09-15T19:45:44+00:00
2026,2,401872943,00-0040649,Robbie Ouzts,SEA,ARI,RB,0.0,0.0,0.0,0.0,0.0,0.0,0.0,0.0,0.0,0.0,0.0,0.0,0.0,0.0,0.0,0.0,0.0,,backup,2026-09-15T19:45:44+00:00
2026,2,401872943,00-0037745,Velus Jones Jr.,SEA,ARI,RB,0.0,0.0,0.0,0.0,0.0,8.3,-2.4,23.4,0.8,-16.4,29.6,0.0,0.0,0.0,0.0,0.0,0.0,,roster_only,2026-09-15T19:45:44+00:00
2026,2,401872943,00-0039165,Zach Charbonnet,SEA,ARI,RB,0.0,0.0,0.0,0.0,0.0,0.0,0.0,0.0,0.0,0.0,0.0,0.0,0.0,0.0,0.0,0.0,0.0,,backup,2026-09-15T19:45:44+00:00
2026,2,401872943,00-0039793,AJ Barner,SEA,ARI,TE,0.0,0.0,0.0,0.0,0.0,0.3,-10.4,15.4,29.4,9.8,63.7,0.0,0.0,0.0,0.0,0.0,0.0,Active,starter,2026-09-15T19:45:44+00:00
2026,2,401872943,00-0040739,Elijah Arroyo,SEA,ARI,TE,0.0,0.0,0.0,0.0,0.0,0.0,-10.8,15.0,6.7,-10.5,35.5,0.0,0.0,0.0,0.0,0.0,0.0,Active,backup,2026-09-15T19:45:44+00:00
2026,2,401872943,00-0033576,Eric Saubert,SEA,ARI,TE,0.0,0.0,0.0,0.0,0.0,0.0,-10.8,15.0,6.1,-11.1,34.9,0.0,0.0,0.0,0.0,0.0,0.0,,backup,2026-09-15T19:45:44+00:00
2026,2,401872943,00-0040058,Nick Kallerup,SEA,ARI,TE,0.0,0.0,0.0,0.0,0.0,0.0,-10.8,15.0,2.3,-14.9,31.1,0.0,0.0,0.0,0.0,0.0,0.0,Active,backup,2026-09-15T19:45:44+00:00
2026,2,401872943,00-0033908,Cooper Kupp,SEA,ARI,WR,0.0,0.0,0.0,0.0,0.0,0.0,-10.7,15.1,40.8,14.1,90.0,0.0,0.0,0.0,0.0,0.0,0.0,Active,backup,2026-09-15T19:45:44+00:00
2026,2,401872943,00-0040895,Emmanuel Henderson Jr.,SEA,ARI,WR,0.0,0.0,0.0,0.0,0.0,0.0,0.0,0.0,0.0,0.0,0.0,0.0,0.0,0.0,0.0,0.0,0.0,,roster_only,2026-09-15T19:45:44+00:00
2026,2,401872943,00-0037156,Irvin Charles,SEA,ARI,WR,0.0,0.0,0.0,0.0,0.0,0.0,0.0,0.0,0.0,0.0,0.0,0.0,0.0,0.0,0.0,0.0,0.0,,backup,2026-09-15T19:45:44+00:00
2026,2,401872943,00-0038752,Jake Bobo,SEA,ARI,WR,0.0,0.0,0.0,0.0,0.0,0.0,0.0,0.0,0.0,0.0,0.0,0.0,0.0,0.0,0.0,0.0,0.0,,backup,2026-09-15T19:45:44+00:00
2026,2,401872943,00-0038543,Jaxon Smith-Njigba,SEA,ARI,WR,0.0,0.0,0.0,0.0,0.0,0.4,-10.3,15.5,87.1,60.4,136.3,0.0,0.0,0.0,0.0,0.0,0.0,,starter,2026-09-15T19:45:44+00:00
2026,2,401872943,00-0039329,Julian Hicks,SEA,ARI,WR,0.0,0.0,0.0,0.0,0.0,0.0,0.0,0.0,0.0,0.0,0.0,0.0,0.0,0.0,0.0,0.0,0.0,,roster_only,2026-09-15T19:45:44+00:00
2026,2,401872943,00-0040621,Montorie Foster Jr,SEA,ARI,WR,0.0,0.0,0.0,0.0,0.0,0.0,-14.7,20.7,6.8,-15.8,47.4,0.0,0.0,0.0,0.0,0.0,0.0,,backup,2026-09-15T19:45:44+00:00
2026,2,401872943,00-0041476,Rashad Rochelle,SEA,ARI,WR,0.0,0.0,0.0,0.0,0.0,0.0,0.0,0.0,0.0,0.0,0.0,0.0,0.0,0.0,0.0,0.0,0.0,,roster_only,2026-09-15T19:45:44+00:00
2026,2,401872943,00-0037545,Rashid Shaheed,SEA,ARI,WR,0.0,0.0,0.0,0.0,0.0,1.5,-9.2,16.5,14.2,-2.9,43.1,0.0,0.0,0.0,0.0,0.0,0.0,Active,backup,2026-09-15T19:45:44+00:00
2026,2,401872943,00-0040653,Ricky White III,SEA,ARI,WR,0.0,0.0,0.0,0.0,0.0,0.0,0.0,0.0,0.0,0.0,0.0,0.0,0.0,0.0,0.0,0.0,0.0,,roster_only,2026-09-15T19:45:44+00:00
2026,2,401872943,00-0040648,Tory Horton,SEA,ARI,WR,0.0,0.0,0.0,0.0,0.0,0.0,0.0,0.0,0.0,0.0,0.0,0.0,0.0,0.0,0.0,0.0,0.0,Out,backup,2026-09-15T19:45:44+00:00
2026,2,401872944,00-0040045,Alijah Clark,DAL,WSH,DB,0.0,0.0,0.0,0.0,0.0,0.0,0.0,0.0,0.0,0.0,0.0,0.0,0.0,0.0,1.1,0.0,3.5,,backup,2026-09-15T19:45:44+00:00
2026,2,401872944,00-0038624,Ameer Speed,DAL,WSH,DB,0.0,0.0,0.0,0.0,0.0,0.0,0.0,0.0,0.0,0.0,0.0,0.0,0.0,0.0,0.7,0.0,3.2,,backup,2026-09-15T19:45:44+00:00
2026,2,401872944,00-0039387,Caelen Carson,DAL,WSH,DB,0.0,0.0,0.0,0.0,0.0,0.0,0.0,0.0,0.0,0.0,0.0,0.0,0.0,0.0,2.2,0.3,4.7,Active,backup,2026-09-15T19:45:44+00:00
2026,2,401872944,00-0040865,Caleb Downs,DAL,WSH,DB,0.0,0.0,0.0,0.0,0.0,0.0,0.0,0.0,0.0,0.0,0.0,0.0,0.0,0.0,3.1,0.2,7.0,,starter,2026-09-15T19:45:44+00:00
2026,2,401872944,00-0037839,Cobie Durant,DAL,WSH,DB,0.0,0.0,0.0,0.0,0.0,0.0,0.0,0.0,0.0,0.0,0.0,0.0,0.0,0.0,2.6,0.0,6.2,,starter,2026-09-15T19:45:44+00:00
2026,2,401872944,00-0037275,DaRon Bland,DAL,WSH,DB,0.0,0.0,0.0,0.0,0.0,0.0,0.0,0.0,0.0,0.0,0.0,0.0,0.0,0.0,5.2,2.5,8.6,,starter,2026-09-15T19:45:44+00:00
2026,2,401872944,00-0037842,Derion Kendrick,DAL,WSH,DB,0.0,0.0,0.0,0.0,0.0,0.0,0.0,0.0,0.0,0.0,0.0,0.0,0.0,0.0,0.0,0.0,0.0,,roster_only,2026-09-15T19:45:44+00:00
2026,2,401872944,00-0040875,Devin Moore,DAL,WSH,DB,0.0,0.0,0.0,0.0,0.0,0.0,0.0,0.0,0.0,0.0,0.0,0.0,0.0,0.0,0.0,0.0,0.0,Injured Reserve,backup,2026-09-15T19:45:44+00:00
2026,2,401872944,00-0035705,Jalen Thompson,DAL,WSH,DB,0.0,0.0,0.0,0.0,0.0,0.0,0.0,0.0,0.0,0.0,0.0,0.0,0.0,0.0,5.7,3.0,9.1,,starter,2026-09-15T19:45:44+00:00
2026,2,401872944,00-0038348,Josh Butler,DAL,WSH,DB,0.0,0.0,0.0,0.0,0.0,0.0,0.0,0.0,0.0,0.0,0.0,0.0,0.0,0.0,0.0,0.0,0.0,,roster_only,2026-09-15T19:45:44+00:00
2026,2,401872944,00-0033877,Malik Hooker,DAL,WSH,DB,0.0,0.0,0.0,0.0,0.0,0.0,0.0,0.0,0.0,0.0,0.0,0.0,0.0,0.0,3.5,0.9,7.1,Doubtful,starter,2026-09-15T19:45:44+00:00
2026,2,401872944,00-0037561,Markquese Bell,DAL,WSH,DB,0.0,0.0,0.0,0.0,0.0,0.0,0.0,0.0,0.0,0.0,0.0,0.0,0.0,0.0,2.8,0.7,5.6,,backup,2026-09-15T19:45:44+00:00
2026,2,401872944,00-0035227,P.J. Locke,DAL,WSH,DB,0.0,0.0,0.0,0.0,0.0,0.0,0.0,0.0,0.0,0.0,0.0,0.0,0.0,0.0,4.1,1.4,7.5,,backup,2026-09-15T19:45:44+00:00
2026,2,401872944,00-0039465,Reddy Steward,DAL,WSH,DB,0.0,0.0,0.0,0.0,0.0,0.0,0.0,0.0,0.0,0.0,0.0,0.0,0.0,0.0,0.0,0.0,0.0,,roster_only,2026-09-15T19:45:44+00:00
2026,2,401872944,00-0040008,Shavon Revel Jr.,DAL,WSH,DB,0.0,0.0,0.0,0.0,0.0,0.0,0.0,0.0,0.0,0.0,0.0,0.0,0.0,0.0,3.8,1.2,7.3,,backup,2026-09-15T19:45:44+00:00
2026,2,401872944,00-0038144,Adedayo Odeleye,DAL,WSH,DL,0.0,0.0,0.0,0.0,0.0,0.0,0.0,0.0,0.0,0.0,0.0,0.0,0.0,0.0,0.0,0.0,0.0,,roster_only,2026-09-15T19:45:44+00:00
2026,2,401872944,00-0040940,DJ Withers,DAL,WSH,DL,0.0,0.0,0.0,0.0,0.0,0.0,0.0,0.0,0.0,0.0,0.0,0.0,0.0,0.0,0.0,0.0,0.0,,roster_only,2026-09-15T19:45:44+00:00
2026,2,401872944,00-0037051,Elijah Garcia,DAL,WSH,DL,0.0,0.0,0.0,0.0,0.0,0.0,0.0,0.0,0.0,0.0,0.0,0.0,0.0,0.0,0.0,0.0,0.0,,roster_only,2026-09-15T19:45:44+00:00
2026,2,401872944,00-0040019,Jay Toia,DAL,WSH,DL,0.0,0.0,0.0,0.0,0.0,0.0,0.0,0.0,0.0,0.0,0.0,0.0,0.0,0.0,0.0,0.0,0.0,,roster_only,2026-09-15T19:45:44+00:00
2026,2,401872944,00-0033093,Jonathan Bullard,DAL,WSH,DL,0.0,0.0,0.0,0.0,0.0,0.0,0.0,0.0,0.0,0.0,0.0,0.0,0.0,0.0,1.2,0.0,3.8,Active,backup,2026-09-15T19:45:44+00:00
2026,2,401872944,00-0040933,Kelvin Gilliam,DAL,WSH,DL,0.0,0.0,0.0,0.0,0.0,0.0,0.0,0.0,0.0,0.0,0.0,0.0,0.0,0.0,0.0,0.0,0.0,,backup,2026-09-15T19:45:44+00:00
2026,2,401872944,00-0033120,Kenny Clark,DAL,WSH,DL,0.0,0.0,0.0,0.0,0.0,0.0,0.0,0.0,0.0,0.0,0.0,0.0,0.0,0.0,2.6,0.5,5.4,,starter,2026-09-15T19:45:44+00:00
2026,2,401872944,00-0040880,LT Overton,DAL,WSH,DL,0.0,0.0,0.0,0.0,0.0,0.0,0.0,0.0,0.0,0.0,0.0,0.0,0.0,0.0,1.2,0.0,4.7,,backup,2026-09-15T19:45:44+00:00
2026,2,401872944,00-0037270,Otito Ogbonnia,DAL,WSH,DL,0.0,0.0,0.0,0.0,0.0,0.0,0.0,0.0,0.0,0.0,0.0,0.0,0.0,0.0,1.4,0.0,3.9,,starter,2026-09-15T19:45:44+00:00
2026,2,401872944,00-0035718,Quinnen Williams,DAL,WSH,DL,0.0,0.0,0.0,0.0,0.0,0.0,0.0,0.0,0.0,0.0,0.0,0.0,0.0,0.0,2.7,0.8,5.2,,starter,2026-09-15T19:45:44+00:00
2026,2,401872944,00-0040931,Tommy Dunn,DAL,WSH,DL,0.0,0.0,0.0,0.0,0.0,0.0,0.0,0.0,0.0,0.0,0.0,0.0,0.0,0.0,0.0,0.0,0.0,,roster_only,2026-09-15T19:45:44+00:00
2026,2,401872944,00-0037692,Brandon Aubrey,DAL,WSH,K,0.0,0.0,0.0,0.0,0.0,0.0,0.0,0.0,0.0,0.0,0.0,7.8,3.3,13.1,0.0,0.0,0.0,Active,starter,2026-09-15T19:45:44+00:00
2026,2,401872944,00-0036728,Curtis Robinson,DAL,WSH,LB,0.0,0.0,0.0,0.0,0.0,0.0,0.0,0.0,0.0,0.0,0.0,0.0,0.0,0.0,0.0,0.0,0.0,,roster_only,2026-09-15T19:45:44+00:00
2026,2,401872944,00-0038556,DeMarvion Overshown,DAL,WSH,LB,0.0,0.0,0.0,0.0,0.0,0.0,0.0,0.0,0.0,0.0,0.0,0.0,0.0,0.0,2.2,0.3,4.7,Questionable,recent_defensive_participant,2026-09-15T19:45:44+00:00
2026,2,401872944,00-0038625,Dee Winters,DAL,WSH,LB,0.0,0.0,0.0,0.0,0.0,0.0,0.0,0.0,0.0,0.0,0.0,0.0,0.0,0.0,5.5,2.5,9.5,,recent_defensive_participant,2026-09-15T19:45:44+00:00
2026,2,401872944,00-0040725,Donovan Ezeiruaku,DAL,WSH,LB,0.0,0.0,0.0,0.0,0.0,0.0,0.0,0.0,0.0,0.0,0.0,0.0,0.0,0.0,2.5,0.5,5.0,,starter,2026-09-15T19:45:44+00:00
2026,2,401872944,00-0038737,Isaiah Land,DAL,WSH,LB,0.0,0.0,0.0,0.0,0.0,0.0,0.0,0.0,0.0,0.0,0.0,0.0,0.0,0.0,0.0,0.0,0.0,,roster_only,2026-09-15T19:45:44+00:00
2026,2,401872944,00-0040872,Jaishawn Barham,DAL,WSH,LB,0.0,0.0,0.0,0.0,0.0,0.0,0.0,0.0,0.0,0.0,0.0,0.0,0.0,0.0,1.4,0.0,4.9,,recent_defensive_participant,2026-09-15T19:45:44+00:00
2026,2,401872944,00-0037310,James Houston,DAL,WSH,LB,0.0,0.0,0.0,0.0,0.0,0.0,0.0,0.0,0.0,0.0,0.0,0.0,0.0,0.0,1.5,0.0,4.0,,backup,2026-09-15T19:45:44+00:00
2026,2,401872944,00-0040043,Justin Barron,DAL,WSH,LB,0.0,0.0,0.0,0.0,0.0,0.0,0.0,0.0,0.0,0.0,0.0,0.0,0.0,0.0,0.0,0.0,0.0,,roster_only,2026-09-15T19:45:44+00:00
2026,2,401872944,00-0040935,Langston Patterson,DAL,WSH,LB,0.0,0.0,0.0,0.0,0.0,0.0,0.0,0.0,0.0,0.0,0.0,0.0,0.0,0.0,0.0,0.0,0.0,,roster_only,2026-09-15T19:45:44+00:00
2026,2,401872944,00-0041537,Malachi Lawrence,DAL,WSH,LB,0.0,0.0,0.0,0.0,0.0,0.0,0.0,0.0,0.0,0.0,0.0,0.0,0.0,0.0,1.7,0.0,5.1,,backup,2026-09-15T19:45:44+00:00
2026,2,401872944,00-0039352,Marist Liufau,DAL,WSH,LB,0.0,0.0,0.0,0.0,0.0,0.0,0.0,0.0,0.0,0.0,0.0,0.0,0.0,0.0,0.0,0.0,0.0,,backup,2026-09-15T19:45:44+00:00
2026,2,401872944,00-0034967,Rashan Gary,DAL,WSH,LB,0.0,0.0,0.0,0.0,0.0,0.0,0.0,0.0,0.0,0.0,0.0,0.0,0.0,0.0,2.1,0.2,4.6,,starter,2026-09-15T19:45:44+00:00
2026,2,401872944,00-0040011,Shemar James,DAL,WSH,LB,0.0,0.0,0.0,0.0,0.0,0.0,0.0,0.0,0.0,0.0,0.0,0.0,0.0,0.0,5.0,2.9,7.3,,recent_defensive_participant,2026-09-15T19:45:44+00:00
2026,2,401872944,00-0038742,Tyrus Wheat,DAL,WSH,LB,0.0,0.0,0.0,0.0,0.0,0.0,0.0,0.0,0.0,0.0,0.0,0.0,0.0,0.0,0.9,0.0,3.3,Active,backup,2026-09-15T19:45:44+00:00
2026,2,401872944,00-0027940,Von Miller,DAL,WSH,LB,0.0,0.0,0.0,0.0,0.0,0.0,0.0,0.0,0.0,0.0,0.0,0.0,0.0,0.0,1.3,0.0,3.8,,backup,2026-09-15T19:45:44+00:00
2026,2,401872944,00-0033077,Dak Prescott,DAL,WSH,QB,252.5,159.0,358.7,1.982,0.8571428571428571,12.3,-0.5,30.3,0.0,0.0,0.0,0.0,0.0,0.0,0.0,0.0,0.0,Active,starter,2026-09-15T19:45:44+00:00
2026,2,401872944,00-0039398,Joe Milton III,DAL,WSH,QB,0.0,0.0,0.0,0.0,0.0,0.0,0.0,0.0,0.0,0.0,0.0,0.0,0.0,0.0,0.0,0.0,0.0,,roster_only,2026-09-15T19:45:44+00:00
2026,2,401872944,00-0037077,Sam Howell,DAL,WSH,QB,0.0,0.0,0.0,0.0,0.0,9.8,-1.0,24.8,0.0,0.0,0.0,0.0,0.0,0.0,0.0,0.0,0.0,,backup,2026-09-15T19:45:44+00:00
2026,2,401872944,00-0038705,Emari Demercado,DAL,WSH,RB,0.0,0.0,0.0,0.0,0.0,22.0,-0.1,52.9,10.7,-6.4,39.5,0.0,0.0,0.0,0.0,0.0,0.0,Active,backup,2026-09-15T19:45:44+00:00
2026,2,401872944,00-0038738,Hunter Luepke,DAL,WSH,RB,0.0,0.0,0.0,0.0,0.0,12.2,-9.8,43.1,9.7,-7.4,38.5,0.0,0.0,0.0,0.0,0.0,0.0,Active,starter,2026-09-15T19:45:44+00:00
2026,2,401872944,00-0038389,Israel Abanikanda,DAL,WSH,RB,0.0,0.0,0.0,0.0,0.0,13.4,-8.6,44.3,4.6,-12.6,33.4,0.0,0.0,0.0,0.0,0.0,0.0,Active,backup,2026-09-15T19:45:44+00:00
2026,2,401872944,00-0037410,Jashaun Corbin,DAL,WSH,RB,0.0,0.0,0.0,0.0,0.0,0.0,0.0,0.0,0.0,0.0,0.0,0.0,0.0,0.0,0.0,0.0,0.0,,roster_only,2026-09-15T19:45:44+00:00
2026,2,401872944,00-0036997,Javonte Williams,DAL,WSH,RB,0.0,0.0,0.0,0.0,0.0,58.5,36.5,89.4,15.2,-2.0,44.0,0.0,0.0,0.0,0.0,0.0,0.0,Active,starter,2026-09-15T19:45:44+00:00
2026,2,401872944,00-0037563,Malik Davis,DAL,WSH,RB,0.0,0.0,0.0,0.0,0.0,0.0,0.0,0.0,0.0,0.0,0.0,0.0,0.0,0.0,0.0,0.0,0.0,Injured Reserve,backup,2026-09-15T19:45:44+00:00
2026,2,401872944,00-0039530,Brevyn Spann-Ford,DAL,WSH,TE,0.0,0.0,0.0,0.0,0.0,0.0,-10.8,14.9,7.6,-9.5,36.4,0.0,0.0,0.0,0.0,0.0,0.0,Active,backup,2026-09-15T19:45:44+00:00
2026,2,401872944,00-0040938,DJ Rogers,DAL,WSH,TE,0.0,0.0,0.0,0.0,0.0,0.0,0.0,0.0,0.0,0.0,0.0,0.0,0.0,0.0,0.0,0.0,0.0,,backup,2026-09-15T19:45:44+00:00
2026,2,401872944,00-0038041,Jake Ferguson,DAL,WSH,TE,0.0,0.0,0.0,0.0,0.0,0.0,-10.8,14.9,18.7,1.6,47.5,0.0,0.0,0.0,0.0,0.0,0.0,Active,starter,2026-09-15T19:45:44+00:00
2026,2,401872944,00-0037282,James Mitchell,DAL,WSH,TE,0.0,0.0,0.0,0.0,0.0,0.0,0.0,0.0,0.0,0.0,0.0,0.0,0.0,0.0,0.0,0.0,0.0,,roster_only,2026-09-15T19:45:44+00:00
2026,2,401872944,00-0038547,Luke Schoonmaker,DAL,WSH,TE,0.0,0.0,0.0,0.0,0.0,0.0,-10.8,14.9,8.2,-9.0,37.0,0.0,0.0,0.0,0.0,0.0,0.0,Active,backup,2026-09-15T19:45:44+00:00
2026,2,401872944,00-0040939,Michael Trigg,DAL,WSH,TE,0.0,0.0,0.0,0.0,0.0,0.0,0.0,0.0,0.0,0.0,0.0,0.0,0.0,0.0,0.0,0.0,0.0,,roster_only,2026-09-15T19:45:44+00:00
2026,2,401872944,00-0040702,Mitch Van Vooren,DAL,WSH,TE,0.0,0.0,0.0,0.0,0.0,0.0,-14.8,20.6,3.9,-18.7,44.5,0.0,0.0,0.0,0.0,0.0,0.0,,roster_only,2026-09-15T19:45:44+00:00
2026,2,401872944,00-0038735,Princeton Fant,DAL,WSH,TE,0.0,0.0,0.0,0.0,0.0,0.0,0.0,0.0,0.0,0.0,0.0,0.0,0.0,0.0,0.0,0.0,0.0,,backup,2026-09-15T19:45:44+00:00
2026,2,401872944,00-0038406,Zack Kuntz,DAL,WSH,TE,0.0,0.0,0.0,0.0,0.0,0.0,0.0,0.0,0.0,0.0,0.0,0.0,0.0,0.0,0.0,0.0,0.0,,roster_only,2026-09-15T19:45:44+00:00
2026,2,401872944,00-0040900,Anthony Smith,DAL,WSH,WR,0.0,0.0,0.0,0.0,0.0,0.0,0.0,0.0,0.0,0.0,0.0,0.0,0.0,0.0,0.0,0.0,0.0,,roster_only,2026-09-15T19:45:44+00:00
2026,2,401872944,00-0040930,Camden Brown,DAL,WSH,WR,0.0,0.0,0.0,0.0,0.0,0.0,-14.7,20.7,6.7,-16.0,47.2,0.0,0.0,0.0,0.0,0.0,0.0,Active,backup,2026-09-15T19:45:44+00:00
2026,2,401872944,00-0036358,CeeDee Lamb,DAL,WSH,WR,0.0,0.0,0.0,0.0,0.0,0.8,-9.9,15.8,68.3,41.7,117.5,0.0,0.0,0.0,0.0,0.0,0.0,Active,starter,2026-09-15T19:45:44+00:00
2026,2,401872944,00-0037247,George Pickens,DAL,WSH,WR,0.0,0.0,0.0,0.0,0.0,0.0,-10.8,14.9,54.6,27.9,103.8,0.0,0.0,0.0,0.0,0.0,0.0,Active,backup,2026-09-15T19:45:44+00:00
2026,2,401872944,00-0040769,Jaden Smith,DAL,WSH,WR,0.0,0.0,0.0,0.0,0.0,0.0,0.0,0.0,0.0,0.0,0.0,0.0,0.0,0.0,0.0,0.0,0.0,,roster_only,2026-09-15T19:45:44+00:00
2026,2,401872944,00-0039062,Jonathan Mingo,DAL,WSH,WR,0.0,0.0,0.0,0.0,0.0,0.0,-10.8,14.9,5.2,-12.0,34.0,0.0,0.0,0.0,0.0,0.0,0.0,Active,backup,2026-09-15T19:45:44+00:00
2026,2,401872944,00-0040934,Jordan Hudson,DAL,WSH,WR,0.0,0.0,0.0,0.0,0.0,0.0,0.0,0.0,0.0,0.0,0.0,0.0,0.0,0.0,0.0,0.0,0.0,,roster_only,2026-09-15T19:45:44+00:00
2026,2,401872944,00-0037801,KaVontae Turpin,DAL,WSH,WR,0.0,0.0,0.0,0.0,0.0,1.7,-9.0,16.8,11.6,-5.6,40.4,0.0,0.0,0.0,0.0,0.0,0.0,Active,backup,2026-09-15T19:45:44+00:00
2026,2,401872944,00-0035639,Parris Campbell,DAL,WSH,WR,0.0,0.0,0.0,0.0,0.0,0.0,-10.7,15.0,2.7,-14.5,31.5,0.0,0.0,0.0,0.0,0.0,0.0,,roster_only,2026-09-15T19:45:44+00:00
2026,2,401872944,00-0039410,Ryan Flournoy,DAL,WSH,WR,0.0,0.0,0.0,0.0,0.0,0.0,-10.8,15.0,20.6,-6.0,69.8,0.0,0.0,0.0,0.0,0.0,0.0,Active,backup,2026-09-15T19:45:44+00:00
2026,2,401872944,DAV321726,Fred Davis II,WSH,DAL,CB,0.0,0.0,0.0,0.0,0.0,0.0,0.0,0.0,0.0,0.0,0.0,0.0,0.0,0.0,0.0,0.0,0.0,,roster_only,2026-09-15T19:45:44+00:00
2026,2,401872944,00-0033783,Ahkello Witherspoon,WSH,DAL,DB,0.0,0.0,0.0,0.0,0.0,0.0,0.0,0.0,0.0,0.0,0.0,0.0,0.0,0.0,0.0,0.0,0.0,,roster_only,2026-09-15T19:45:44+00:00
2026,2,401872944,00-0036375,Amik Robertson,WSH,DAL,DB,0.0,0.0,0.0,0.0,0.0,0.0,0.0,0.0,0.0,0.0,0.0,0.0,0.0,0.0,2.7,0.8,5.2,,starter,2026-09-15T19:45:44+00:00
2026,2,401872944,00-0038388,Darius Rush,WSH,DAL,DB,0.0,0.0,0.0,0.0,0.0,0.0,0.0,0.0,0.0,0.0,0.0,0.0,0.0,0.0,0.0,0.0,0.0,,roster_only,2026-09-15T19:45:44+00:00
2026,2,401872944,00-0033918,Fabian Moreau,WSH,DAL,DB,0.0,0.0,0.0,0.0,0.0,0.0,0.0,0.0,0.0,0.0,0.0,0.0,0.0,0.0,2.1,0.2,4.7,,backup,2026-09-15T19:45:44+00:00
2026,2,401872944,00-0041177,Fred Davis,WSH,DAL,DB,0.0,0.0,0.0,0.0,0.0,0.0,0.0,0.0,0.0,0.0,0.0,0.0,0.0,0.0,0.0,0.0,0.0,,roster_only,2026-09-15T19:45:44+00:00
2026,2,401872944,00-0034780,Isaac Yiadom,WSH,DAL,DB,0.0,0.0,0.0,0.0,0.0,0.0,0.0,0.0,0.0,0.0,0.0,0.0,0.0,0.0,0.0,0.0,0.0,,roster_only,2026-09-15T19:45:44+00:00
2026,2,401872944,00-0034465,Jeremy Reaves,WSH,DAL,DB,0.0,0.0,0.0,0.0,0.0,0.0,0.0,0.0,0.0,0.0,0.0,0.0,0.0,0.0,4.4,2.2,7.1,,starter,2026-09-15T19:45:44+00:00
2026,2,401872944,00-0036872,Joshuah Bledsoe,WSH,DAL,DB,0.0,0.0,0.0,0.0,0.0,0.0,0.0,0.0,0.0,0.0,0.0,0.0,0.0,0.0,0.0,0.0,0.0,,roster_only,2026-09-15T19:45:44+00:00
2026,2,401872944,00-0041181,Malik Spencer,WSH,DAL,DB,0.0,0.0,0.0,0.0,0.0,0.0,0.0,0.0,0.0,0.0,0.0,0.0,0.0,0.0,0.0,0.0,0.0,,roster_only,2026-09-15T19:45:44+00:00
2026,2,401872944,00-0039898,Mike Sainristil,WSH,DAL,DB,0.0,0.0,0.0,0.0,0.0,0.0,0.0,0.0,0.0,0.0,0.0,0.0,0.0,0.0,4.9,2.2,8.3,,starter,2026-09-15T19:45:44+00:00
2026,2,401872944,00-0037616,Nick Cross,WSH,DAL,DB,0.0,0.0,0.0,0.0,0.0,0.0,0.0,0.0,0.0,0.0,0.0,0.0,0.0,0.0,6.4,3.7,9.9,,starter,2026-09-15T19:45:44+00:00
2026,2,401872944,00-0038100,Percy Butler,WSH,DAL,DB,0.0,0.0,0.0,0.0,0.0,0.0,0.0,0.0,0.0,0.0,0.0,0.0,0.0,0.0,1.0,0.0,3.5,,backup,2026-09-15T19:45:44+00:00
2026,2,401872944,00-0039149,Quan Martin,WSH,DAL,DB,0.0,0.0,0.0,0.0,0.0,0.0,0.0,0.0,0.0,0.0,0.0,0.0,0.0,0.0,3.4,0.8,6.9,,backup,2026-09-15T19:45:44+00:00
2026,2,401872944,00-0038368,Quindell Johnson,WSH,DAL,DB,0.0,0.0,0.0,0.0,0.0,0.0,0.0,0.0,0.0,0.0,0.0,0.0,0.0,0.0,0.0,0.0,0.0,,roster_only,2026-09-15T19:45:44+00:00
2026,2,401872944,00-0037522,Qwuantrezz Knight,WSH,DAL,DB,0.0,0.0,0.0,0.0,0.0,0.0,0.0,0.0,0.0,0.0,0.0,0.0,0.0,0.0,0.0,0.0,0.0,,roster_only,2026-09-15T19:45:44+00:00
2026,2,401872944,00-0033551,Rasul Douglas,WSH,DAL,DB,0.0,0.0,0.0,0.0,0.0,0.0,0.0,0.0,0.0,0.0,0.0,0.0,0.0,0.0,4.2,1.5,7.7,,starter,2026-09-15T19:45:44+00:00
2026,2,401872944,00-0038395,Terell Smith,WSH,DAL,DB,0.0,0.0,0.0,0.0,0.0,0.0,0.0,0.0,0.0,0.0,0.0,0.0,0.0,0.0,0.0,0.0,0.0,,roster_only,2026-09-15T19:45:44+00:00
2026,2,401872944,00-0040731,Trey Amos,WSH,DAL,DB,0.0,0.0,0.0,0.0,0.0,0.0,0.0,0.0,0.0,0.0,0.0,0.0,0.0,0.0,0.0,0.0,0.0,,backup,2026-09-15T19:45:44+00:00
2026,2,401872944,00-0039681,Tyler Owens,WSH,DAL,DB,0.0,0.0,0.0,0.0,0.0,0.0,0.0,0.0,0.0,0.0,0.0,0.0,0.0,0.0,0.7,0.0,3.2,Questionable,backup,2026-09-15T19:45:44+00:00
2026,2,401872944,00-0035278,Byron Cowart,WSH,DAL,DL,0.0,0.0,0.0,0.0,0.0,0.0,0.0,0.0,0.0,0.0,0.0,0.0,0.0,0.0,0.0,0.0,0.0,,roster_only,2026-09-15T19:45:44+00:00
2026,2,401872944,00-0035279,Charles Omenihu,WSH,DAL,DL,0.0,0.0,0.0,0.0,0.0,0.0,0.0,0.0,0.0,0.0,0.0,0.0,0.0,0.0,1.5,0.0,3.9,,backup,2026-09-15T19:45:44+00:00
2026,2,401872944,00-0037260,D.J. Davidson,WSH,DAL,DL,0.0,0.0,0.0,0.0,0.0,0.0,0.0,0.0,0.0,0.0,0.0,0.0,0.0,0.0,0.0,0.0,0.0,,roster_only,2026-09-15T19:45:44+00:00
2026,2,401872944,00-0034333,Daron Payne,WSH,DAL,DL,0.0,0.0,0.0,0.0,0.0,0.0,0.0,0.0,0.0,0.0,0.0,0.0,0.0,0.0,2.5,0.6,5.0,Active,starter,2026-09-15T19:45:44+00:00
2026,2,401872944,00-0033947,Deatrich Wise,WSH,DAL,DL,0.0,0.0,0.0,0.0,0.0,0.0,0.0,0.0,0.0,0.0,0.0,0.0,0.0,0.0,0.0,0.0,0.0,,backup,2026-09-15T19:45:44+00:00
2026,2,401872944,00-0036260,Javon Kinlaw,WSH,DAL,DL,0.0,0.0,0.0,0.0,0.0,0.0,0.0,0.0,0.0,0.0,0.0,0.0,0.0,0.0,2.8,0.8,5.2,,starter,2026-09-15T19:45:44+00:00
2026,2,401872944,00-0040864,Jeffrey M'ba,WSH,DAL,DL,0.0,0.0,0.0,0.0,0.0,0.0,0.0,0.0,0.0,0.0,0.0,0.0,0.0,0.0,0.0,0.0,0.0,,roster_only,2026-09-15T19:45:44+00:00
2026,2,401872944,00-0039906,Jer'Zhan Newton,WSH,DAL,DL,0.0,0.0,0.0,0.0,0.0,0.0,0.0,0.0,0.0,0.0,0.0,0.0,0.0,0.0,0.0,0.0,0.0,,backup,2026-09-15T19:45:44+00:00
2026,2,401872944,00-0040314,Ricky Barber,WSH,DAL,DL,0.0,0.0,0.0,0.0,0.0,0.0,0.0,0.0,0.0,0.0,0.0,0.0,0.0,0.0,1.1,0.0,3.8,Active,backup,2026-09-15T19:45:44+00:00
2026,2,401872944,00-0035409,Shy Tuttle,WSH,DAL,DL,0.0,0.0,0.0,0.0,0.0,0.0,0.0,0.0,0.0,0.0,0.0,0.0,0.0,0.0,1.0,0.0,3.5,,backup,2026-09-15T19:45:44+00:00
2026,2,401872944,00-0034397,Tim Settle,WSH,DAL,DL,0.0,0.0,0.0,0.0,0.0,0.0,0.0,0.0,0.0,0.0,0.0,0.0,0.0,0.0,1.6,0.0,4.1,,starter,2026-09-15T19:45:44+00:00
2026,2,401872944,00-0041182,Drew Stevens,WSH,DAL,K,0.0,0.0,0.0,0.0,0.0,0.0,0.0,0.0,0.0,0.0,0.0,6.8,0.3,14.3,0.0,0.0,0.0,Active,starter,2026-09-15T19:45:44+00:00
2026,2,401872944,00-0040318,Ale Kaho,WSH,DAL,LB,0.0,0.0,0.0,0.0,0.0,0.0,0.0,0.0,0.0,0.0,0.0,0.0,0.0,0.0,0.0,0.0,0.0,,roster_only,2026-09-15T19:45:44+00:00
2026,2,401872944,00-0039318,Curtis Jacobs,WSH,DAL,LB,0.0,0.0,0.0,0.0,0.0,0.0,0.0,0.0,0.0,0.0,0.0,0.0,0.0,0.0,0.0,0.0,0.0,,roster_only,2026-09-15T19:45:44+00:00
2026,2,401872944,00-0038535,DJ Johnson,WSH,DAL,LB,0.0,0.0,0.0,0.0,0.0,0.0,0.0,0.0,0.0,0.0,0.0,0.0,0.0,0.0,0.0,0.0,0.0,,roster_only,2026-09-15T19:45:44+00:00
2026,2,401872944,00-0034373,Dorance Armstrong,WSH,DAL,LB,0.0,0.0,0.0,0.0,0.0,0.0,0.0,0.0,0.0,0.0,0.0,0.0,0.0,0.0,1.7,0.0,4.1,Active,starter,2026-09-15T19:45:44+00:00
2026,2,401872944,00-0037826,Drake Jackson,WSH,DAL,LB,0.0,0.0,0.0,0.0,0.0,0.0,0.0,0.0,0.0,0.0,0.0,0.0,0.0,0.0,0.0,0.0,0.0,,roster_only,2026-09-15T19:45:44+00:00
2026,2,401872944,00-0034302,Frankie Luvu,WSH,DAL,LB,0.0,0.0,0.0,0.0,0.0,0.0,0.0,0.0,0.0,0.0,0.0,0.0,0.0,0.0,4.9,1.9,8.9,Questionable,recent_defensive_participant,2026-09-15T19:45:44+00:00
2026,2,401872944,00-0039412,Javontae Jean-Baptiste,WSH,DAL,LB,0.0,0.0,0.0,0.0,0.0,0.0,0.0,0.0,0.0,0.0,0.0,0.0,0.0,0.0,1.7,0.0,4.1,,backup,2026-09-15T19:45:44+00:00
2026,2,401872944,00-0039368,Jordan Magee,WSH,DAL,LB,0.0,0.0,0.0,0.0,0.0,0.0,0.0,0.0,0.0,0.0,0.0,0.0,0.0,0.0,2.9,1.0,5.4,Questionable,recent_defensive_participant,2026-09-15T19:45:44+00:00
2026,2,401872944,00-0041074,Joshua Josephs,WSH,DAL,LB,0.0,0.0,0.0,0.0,0.0,0.0,0.0,0.0,0.0,0.0,0.0,0.0,0.0,0.0,1.5,0.0,5.0,,backup,2026-09-15T19:45:44+00:00
2026,2,401872944,00-0036286,K'Lavon Chaisson,WSH,DAL,LB,0.0,0.0,0.0,0.0,0.0,0.0,0.0,0.0,0.0,0.0,0.0,0.0,0.0,0.0,2.2,0.3,4.7,Active,backup,2026-09-15T19:45:44+00:00
2026,2,401872944,00-0040216,Kain Medrano,WSH,DAL,LB,0.0,0.0,0.0,0.0,0.0,0.0,0.0,0.0,0.0,0.0,0.0,0.0,0.0,0.0,0.0,0.0,0.0,,roster_only,2026-09-15T19:45:44+00:00
2026,2,401872944,00-0037819,Leo Chenal,WSH,DAL,LB,0.0,0.0,0.0,0.0,0.0,0.0,0.0,0.0,0.0,0.0,0.0,0.0,0.0,0.0,3.1,1.1,5.5,,recent_defensive_participant,2026-09-15T19:45:44+00:00
2026,2,401872944,00-0028292,Nick Bellore,WSH,DAL,LB,0.0,0.0,0.0,0.0,0.0,0.0,0.0,0.0,0.0,0.0,0.0,0.0,0.0,0.0,0.0,0.0,0.0,,roster_only,2026-09-15T19:45:44+00:00
2026,2,401872944,00-0036940,Odafe Oweh,WSH,DAL,LB,0.0,0.0,0.0,0.0,0.0,0.0,0.0,0.0,0.0,0.0,0.0,0.0,0.0,0.0,1.9,0.0,4.4,Active,starter,2026-09-15T19:45:44+00:00
2026,2,401872944,00-0041028,Sonny Styles,WSH,DAL,LB,0.0,0.0,0.0,0.0,0.0,0.0,0.0,0.0,0.0,0.0,0.0,0.0,0.0,0.0,1.2,0.0,4.8,,recent_defensive_participant,2026-09-15T19:45:44+00:00
2026,2,401872944,00-0040004,T.J. Maguranyanga,WSH,DAL,LB,0.0,0.0,0.0,0.0,0.0,0.0,0.0,0.0,0.0,0.0,0.0,0.0,0.0,0.0,0.0,0.0,0.0,,roster_only,2026-09-15T19:45:44+00:00
2026,2,401872944,00-0041117,Athan Kaliakmanis,WSH,DAL,QB,0.0,0.0,0.0,0.0,0.0,8.3,-9.2,33.0,0.0,0.0,0.0,0.0,0.0,0.0,0.0,0.0,0.0,Active,backup,2026-09-15T19:45:44+00:00
2026,2,401872944,00-0039910,Jayden Daniels,WSH,DAL,QB,192.7,99.2,298.9,1.464,0.8049529834350585,34.3,21.5,52.3,0.0,0.0,0.0,0.0,0.0,0.0,0.0,0.0,0.0,Active,starter,2026-09-15T19:45:44+00:00
2026,2,401872944,00-0032268,Marcus Mariota,WSH,DAL,QB,0.0,0.0,0.0,0.0,0.0,20.1,7.3,38.1,0.0,0.0,0.0,0.0,0.0,0.0,0.0,0.0,0.0,,backup,2026-09-15T19:45:44+00:00
2026,2,401872944,00-0039677,Sam Hartman,WSH,DAL,QB,0.0,0.0,0.0,0.0,0.0,0.0,0.0,0.0,0.0,0.0,0.0,0.0,0.0,0.0,0.0,0.0,0.0,,roster_only,2026-09-15T19:45:44+00:00
2026,2,401872944,00-0035567,Craig Reynolds,WSH,DAL,RB,0.0,0.0,0.0,0.0,0.0,0.0,0.0,0.0,0.0,0.0,0.0,0.0,0.0,0.0,0.0,0.0,0.0,,roster_only,2026-09-15T19:45:44+00:00
2026,2,401872944,00-0040242,Jacory Croskey-Merritt,WSH,DAL,RB,0.0,0.0,0.0,0.0,0.0,57.8,35.8,88.7,4.8,-12.4,33.6,0.0,0.0,0.0,0.0,0.0,0.0,Active,starter,2026-09-15T19:45:44+00:00
2026,2,401872944,00-0033955,Jeremy McNichols,WSH,DAL,RB,0.0,0.0,0.0,0.0,0.0,0.0,0.0,0.0,0.0,0.0,0.0,0.0,0.0,0.0,0.0,0.0,0.0,,backup,2026-09-15T19:45:44+00:00
2026,2,401872944,00-0041096,Kaytron Allen,WSH,DAL,RB,0.0,0.0,0.0,0.0,0.0,11.5,-18.8,54.0,2.9,-19.8,43.4,0.0,0.0,0.0,0.0,0.0,0.0,Active,backup,2026-09-15T19:45:44+00:00
2026,2,401872944,00-0037256,Rachaad White,WSH,DAL,RB,0.0,0.0,0.0,0.0,0.0,25.4,3.4,56.3,9.0,-8.2,37.8,0.0,0.0,0.0,0.0,0.0,0.0,Active,backup,2026-09-15T19:45:44+00:00
2026,2,401872944,00-0041178,Robert Henry Jr.,WSH,DAL,RB,0.0,0.0,0.0,0.0,0.0,0.0,0.0,0.0,0.0,0.0,0.0,0.0,0.0,0.0,0.0,0.0,0.0,,roster_only,2026-09-15T19:45:44+00:00
2026,2,401872944,00-0039912,Ben Sinnott,WSH,DAL,TE,0.0,0.0,0.0,0.0,0.0,0.0,-10.8,14.9,12.2,-5.0,41.0,0.0,0.0,0.0,0.0,0.0,0.0,Active,backup,2026-09-15T19:45:44+00:00
2026,2,401872944,00-0037809,Chig Okonkwo,WSH,DAL,TE,0.0,0.0,0.0,0.0,0.0,0.0,-10.8,15.0,26.8,7.1,61.0,0.0,0.0,0.0,0.0,0.0,0.0,Questionable,starter,2026-09-15T19:45:44+00:00
2026,2,401872944,00-0039686,Colson Yankoff,WSH,DAL,TE,0.0,0.0,0.0,0.0,0.0,0.0,-10.8,14.9,1.8,-15.3,30.6,0.0,0.0,0.0,0.0,0.0,0.0,,backup,2026-09-15T19:45:44+00:00
2026,2,401872944,00-0039305,Jack Westover,WSH,DAL,TE,0.0,0.0,0.0,0.0,0.0,0.0,0.0,0.0,0.0,0.0,0.0,0.0,0.0,0.0,0.0,0.0,0.0,,roster_only,2026-09-15T19:45:44+00:00
2026,2,401872944,00-0036628,John Bates,WSH,DAL,TE,0.0,0.0,0.0,0.0,0.0,0.0,-10.8,14.9,7.3,-9.9,36.1,0.0,0.0,0.0,0.0,0.0,0.0,Active,backup,2026-09-15T19:45:44+00:00
2026,2,401872944,00-0040552,Joshua Simon,WSH,DAL,TE,0.0,0.0,0.0,0.0,0.0,0.0,-14.8,20.6,4.1,-18.6,44.6,0.0,0.0,0.0,0.0,0.0,0.0,,roster_only,2026-09-15T19:45:44+00:00
2026,2,401872944,00-0041180,Quentin Moore,WSH,DAL,TE,0.0,0.0,0.0,0.0,0.0,0.0,0.0,0.0,0.0,0.0,0.0,0.0,0.0,0.0,0.0,0.0,0.0,,roster_only,2026-09-15T19:45:44+00:00
2026,2,401872944,00-0037011,Tre' McKitty,WSH,DAL,TE,0.0,0.0,0.0,0.0,0.0,0.0,0.0,0.0,0.0,0.0,0.0,0.0,0.0,0.0,0.0,0.0,0.0,,roster_only,2026-09-15T19:45:44+00:00
2026,2,401872944,00-0041040,Antonio Williams,WSH,DAL,WR,0.0,0.0,0.0,0.0,0.0,0.0,-14.8,20.6,6.9,-15.7,47.5,0.0,0.0,0.0,0.0,0.0,0.0,Active,backup,2026-09-15T19:45:44+00:00
2026,2,401872944,00-0036626,Dyami Brown,WSH,DAL,WR,0.0,0.0,0.0,0.0,0.0,0.3,-10.4,15.4,6.4,-10.7,35.3,0.0,0.0,0.0,0.0,0.0,0.0,Active,backup,2026-09-15T19:45:44+00:00
2026,2,401872944,00-0040317,Jacoby Jones,WSH,DAL,WR,0.0,0.0,0.0,0.0,0.0,0.0,0.0,0.0,0.0,0.0,0.0,0.0,0.0,0.0,0.0,0.0,0.0,,roster_only,2026-09-15T19:45:44+00:00
2026,2,401872944,00-0041176,Jaden Bradley,WSH,DAL,WR,0.0,0.0,0.0,0.0,0.0,0.0,0.0,0.0,0.0,0.0,0.0,0.0,0.0,0.0,0.0,0.0,0.0,,roster_only,2026-09-15T19:45:44+00:00
2026,2,401872944,00-0040164,Jaylin Lane,WSH,DAL,WR,0.0,0.0,0.0,0.0,0.0,0.0,-10.8,15.0,3.5,-13.7,32.3,0.0,0.0,0.0,0.0,0.0,0.0,Active,backup,2026-09-15T19:45:44+00:00
2026,2,401872944,00-0039355,Luke McCaffrey,WSH,DAL,WR,0.0,0.0,0.0,0.0,0.0,0.0,-10.8,15.0,6.2,-11.0,35.0,0.0,0.0,0.0,0.0,0.0,0.0,Active,backup,2026-09-15T19:45:44+00:00
2026,2,401872944,00-0040551,Nick Nash,WSH,DAL,WR,0.0,0.0,0.0,0.0,0.0,0.0,0.0,0.0,0.0,0.0,0.0,0.0,0.0,0.0,0.0,0.0,0.0,,roster_only,2026-09-15T19:45:44+00:00
2026,2,401872944,00-0031588,Stefon Diggs,WSH,DAL,WR,0.0,0.0,0.0,0.0,0.0,0.0,-10.8,15.0,36.9,10.2,86.0,0.0,0.0,0.0,0.0,0.0,0.0,Active,backup,2026-09-15T19:45:44+00:00
2026,2,401872944,00-0035659,Terry McLaurin,WSH,DAL,WR,0.0,0.0,0.0,0.0,0.0,0.0,-10.8,15.0,61.6,34.9,110.8,0.0,0.0,0.0,0.0,0.0,0.0,Active,starter,2026-09-15T19:45:44+00:00
2026,2,401872944,00-0037742,Treylon Burks,WSH,DAL,WR,0.0,0.0,0.0,0.0,0.0,0.0,-10.7,15.0,22.7,5.6,51.5,0.0,0.0,0.0,0.0,0.0,0.0,Active,backup,2026-09-15T19:45:44+00:00
2026,2,401872944,00-0036415,Van Jefferson,WSH,DAL,WR,0.0,0.0,0.0,0.0,0.0,0.0,0.0,0.0,0.0,0.0,0.0,0.0,0.0,0.0,0.0,0.0,0.0,,roster_only,2026-09-15T19:45:44+00:00
2026,2,401872945,00-0026836,Kenneth Harris,IND,KC,CB,0.0,0.0,0.0,0.0,0.0,0.0,0.0,0.0,0.0,0.0,0.0,0.0,0.0,0.0,2.1,0.0,6.1,,backup,2026-09-15T19:45:44+00:00
2026,2,401872945,00-0041043,A.J. Haulcy,IND,KC,DB,0.0,0.0,0.0,0.0,0.0,0.0,0.0,0.0,0.0,0.0,0.0,0.0,0.0,0.0,3.0,0.2,6.9,Active,starter,2026-09-15T19:45:44+00:00
2026,2,401872945,00-0041226,Austin Brown,IND,KC,DB,0.0,0.0,0.0,0.0,0.0,0.0,0.0,0.0,0.0,0.0,0.0,0.0,0.0,0.0,0.0,0.0,0.0,,roster_only,2026-09-15T19:45:44+00:00
2026,2,401872945,00-0037753,Cam Taylor-Britt,IND,KC,DB,0.0,0.0,0.0,0.0,0.0,0.0,0.0,0.0,0.0,0.0,0.0,0.0,0.0,0.0,2.2,0.1,5.0,Active,backup,2026-09-15T19:45:44+00:00
2026,2,401872945,00-0038585,Cameron Mitchell,IND,KC,DB,0.0,0.0,0.0,0.0,0.0,0.0,0.0,0.0,0.0,0.0,0.0,0.0,0.0,0.0,0.0,0.0,0.0,,backup,2026-09-15T19:45:44+00:00
2026,2,401872945,00-0036629,Camryn Bynum,IND,KC,DB,0.0,0.0,0.0,0.0,0.0,0.0,0.0,0.0,0.0,0.0,0.0,0.0,0.0,0.0,5.0,2.3,8.5,,starter,2026-09-15T19:45:44+00:00
2026,2,401872945,00-0034573,Charvarius Ward,IND,KC,DB,0.0,0.0,0.0,0.0,0.0,0.0,0.0,0.0,0.0,0.0,0.0,0.0,0.0,0.0,4.1,1.4,7.6,Active,starter,2026-09-15T19:45:44+00:00
2026,2,401872945,00-0038392,Daniel Scott,IND,KC,DB,0.0,0.0,0.0,0.0,0.0,0.0,0.0,0.0,0.0,0.0,0.0,0.0,0.0,0.0,0.0,0.0,0.0,,roster_only,2026-09-15T19:45:44+00:00
2026,2,401872945,00-0040235,Hunter Wohler,IND,KC,DB,0.0,0.0,0.0,0.0,0.0,0.0,0.0,0.0,0.0,0.0,0.0,0.0,0.0,0.0,1.5,0.0,5.4,,backup,2026-09-15T19:45:44+00:00
2026,2,401872945,00-0040347,Johnathan Edwards,IND,KC,DB,0.0,0.0,0.0,0.0,0.0,0.0,0.0,0.0,0.0,0.0,0.0,0.0,0.0,0.0,0.0,0.0,0.0,,roster_only,2026-09-15T19:45:44+00:00
2026,2,401872945,00-0034485,Jonathan Owens,IND,KC,DB,0.0,0.0,0.0,0.0,0.0,0.0,0.0,0.0,0.0,0.0,0.0,0.0,0.0,0.0,1.0,0.0,3.4,,backup,2026-09-15T19:45:44+00:00
2026,2,401872945,00-0040139,Justin Walley,IND,KC,DB,0.0,0.0,0.0,0.0,0.0,0.0,0.0,0.0,0.0,0.0,0.0,0.0,0.0,0.0,2.9,0.1,6.8,,starter,2026-09-15T19:45:44+00:00
2026,2,401872945,00-0040928,Kapena Gushiken,IND,KC,DB,0.0,0.0,0.0,0.0,0.0,0.0,0.0,0.0,0.0,0.0,0.0,0.0,0.0,0.0,2.2,0.0,6.1,,backup,2026-09-15T19:45:44+00:00
2026,2,401872945,00-0041320,Kenneth Harris,IND,KC,DB,0.0,0.0,0.0,0.0,0.0,0.0,0.0,0.0,0.0,0.0,0.0,0.0,0.0,0.0,0.0,0.0,0.0,,roster_only,2026-09-15T19:45:44+00:00
2026,2,401872945,00-0041574,Mekhi Rodgers,IND,KC,DB,0.0,0.0,0.0,0.0,0.0,0.0,0.0,0.0,0.0,0.0,0.0,0.0,0.0,0.0,0.0,0.0,0.0,,roster_only,2026-09-15T19:45:44+00:00
2026,2,401872945,00-0040106,Reuben Lowery,IND,KC,DB,0.0,0.0,0.0,0.0,0.0,0.0,0.0,0.0,0.0,0.0,0.0,0.0,0.0,0.0,0.0,0.0,0.0,,roster_only,2026-09-15T19:45:44+00:00
2026,2,401872945,00-0040790,Rob Carter Jr.,IND,KC,DB,0.0,0.0,0.0,0.0,0.0,0.0,0.0,0.0,0.0,0.0,0.0,0.0,0.0,0.0,0.0,0.0,0.0,,roster_only,2026-09-15T19:45:44+00:00
2026,2,401872945,00-0037190,Sauce Gardner,IND,KC,DB,0.0,0.0,0.0,0.0,0.0,0.0,0.0,0.0,0.0,0.0,0.0,0.0,0.0,0.0,3.1,0.5,6.7,Active,starter,2026-09-15T19:45:44+00:00
2026,2,401872945,00-0040357,Trey Washington,IND,KC,DB,0.0,0.0,0.0,0.0,0.0,0.0,0.0,0.0,0.0,0.0,0.0,0.0,0.0,0.0,0.0,0.0,0.0,,roster_only,2026-09-15T19:45:44+00:00
2026,2,401872945,00-0039031,Adetomiwa Adebawore,IND,KC,DL,0.0,0.0,0.0,0.0,0.0,0.0,0.0,0.0,0.0,0.0,0.0,0.0,0.0,0.0,1.8,0.0,4.3,,backup,2026-09-15T19:45:44+00:00
2026,2,401872945,00-0034825,Arden Key,IND,KC,DL,0.0,0.0,0.0,0.0,0.0,0.0,0.0,0.0,0.0,0.0,0.0,0.0,0.0,0.0,1.6,0.0,4.0,,starter,2026-09-15T19:45:44+00:00
2026,2,401872945,00-0041111,Caden Curry,IND,KC,DL,0.0,0.0,0.0,0.0,0.0,0.0,0.0,0.0,0.0,0.0,0.0,0.0,0.0,0.0,1.1,0.0,4.7,,backup,2026-09-15T19:45:44+00:00
2026,2,401872945,00-0041225,Cameron Ball,IND,KC,DL,0.0,0.0,0.0,0.0,0.0,0.0,0.0,0.0,0.0,0.0,0.0,0.0,0.0,0.0,0.0,0.0,0.0,,roster_only,2026-09-15T19:45:44+00:00
2026,2,401872945,00-0032378,DeForest Buckner,IND,KC,DL,0.0,0.0,0.0,0.0,0.0,0.0,0.0,0.0,0.0,0.0,0.0,0.0,0.0,0.0,3.3,1.3,5.7,,starter,2026-09-15T19:45:44+00:00
2026,2,401872945,00-0039207,Durell Nchami,IND,KC,DL,0.0,0.0,0.0,0.0,0.0,0.0,0.0,0.0,0.0,0.0,0.0,0.0,0.0,0.0,0.0,0.0,0.0,,roster_only,2026-09-15T19:45:44+00:00
2026,2,401872945,00-0041080,George Gumbs Jr.,IND,KC,DL,0.0,0.0,0.0,0.0,0.0,0.0,0.0,0.0,0.0,0.0,0.0,0.0,0.0,0.0,1.2,0.0,4.7,Active,backup,2026-09-15T19:45:44+00:00
2026,2,401872945,00-0033952,Grover Stewart,IND,KC,DL,0.0,0.0,0.0,0.0,0.0,0.0,0.0,0.0,0.0,0.0,0.0,0.0,0.0,0.0,2.6,0.7,5.1,,starter,2026-09-15T19:45:44+00:00
2026,2,401872945,00-0040744,Jaylahn Tuimoloau,IND,KC,DL,0.0,0.0,0.0,0.0,0.0,0.0,0.0,0.0,0.0,0.0,0.0,0.0,0.0,0.0,0.8,0.0,3.3,,backup,2026-09-15T19:45:44+00:00
2026,2,401872945,00-0035674,Jerry Tillery,IND,KC,DL,0.0,0.0,0.0,0.0,0.0,0.0,0.0,0.0,0.0,0.0,0.0,0.0,0.0,0.0,1.4,0.0,3.9,,backup,2026-09-15T19:45:44+00:00
2026,2,401872945,00-0039340,Laiatu Latu,IND,KC,DL,0.0,0.0,0.0,0.0,0.0,0.0,0.0,0.0,0.0,0.0,0.0,0.0,0.0,0.0,2.3,0.3,4.8,,starter,2026-09-15T19:45:44+00:00
2026,2,401872945,00-0038107,Micheal Clemons,IND,KC,DL,0.0,0.0,0.0,0.0,0.0,0.0,0.0,0.0,0.0,0.0,0.0,0.0,0.0,0.0,1.6,0.0,4.1,,backup,2026-09-15T19:45:44+00:00
2026,2,401872945,00-0041230,Mitchell Melton,IND,KC,DL,0.0,0.0,0.0,0.0,0.0,0.0,0.0,0.0,0.0,0.0,0.0,0.0,0.0,0.0,0.0,0.0,0.0,,roster_only,2026-09-15T19:45:44+00:00
2026,2,401872945,00-0040207,Tim Smith,IND,KC,DL,0.0,0.0,0.0,0.0,0.0,0.0,0.0,0.0,0.0,0.0,0.0,0.0,0.0,0.0,1.0,0.0,4.5,,backup,2026-09-15T19:45:44+00:00
2026,2,401872945,00-0039576,Spencer Shrader,IND,KC,K,0.0,0.0,0.0,0.0,0.0,0.0,0.0,0.0,0.0,0.0,0.0,7.3,2.3,13.2,0.0,0.0,0.0,Active,starter,2026-09-15T19:45:44+00:00
2026,2,401872945,00-0036298,Akeem Davis-Gaither,IND,KC,LB,0.0,0.0,0.0,0.0,0.0,0.0,0.0,0.0,0.0,0.0,0.0,0.0,0.0,0.0,6.1,3.1,10.1,,starter,2026-09-15T19:45:44+00:00
2026,2,401872945,00-0039178,Austin Ajiake,IND,KC,LB,0.0,0.0,0.0,0.0,0.0,0.0,0.0,0.0,0.0,0.0,0.0,0.0,0.0,0.0,0.0,0.0,0.0,Out,backup,2026-09-15T19:45:44+00:00
2026,2,401872945,00-0041518,Bryce Boettcher,IND,KC,LB,0.0,0.0,0.0,0.0,0.0,0.0,0.0,0.0,0.0,0.0,0.0,0.0,0.0,0.0,2.2,0.0,5.7,,starter,2026-09-15T19:45:44+00:00
2026,2,401872945,00-0041039,CJ Allen,IND,KC,LB,0.0,0.0,0.0,0.0,0.0,0.0,0.0,0.0,0.0,0.0,0.0,0.0,0.0,0.0,1.7,0.0,5.2,,backup,2026-09-15T19:45:44+00:00
2026,2,401872945,00-0040787,Devin Veresuk,IND,KC,LB,0.0,0.0,0.0,0.0,0.0,0.0,0.0,0.0,0.0,0.0,0.0,0.0,0.0,0.0,0.0,0.0,0.0,,roster_only,2026-09-15T19:45:44+00:00
2026,2,401872945,00-0039377,Jaylon Carlies,IND,KC,LB,0.0,0.0,0.0,0.0,0.0,0.0,0.0,0.0,0.0,0.0,0.0,0.0,0.0,0.0,1.0,0.0,3.4,,starter,2026-09-15T19:45:44+00:00
2026,2,401872945,00-0041227,Tahj Chambers,IND,KC,LB,0.0,0.0,0.0,0.0,0.0,0.0,0.0,0.0,0.0,0.0,0.0,0.0,0.0,0.0,1.7,0.0,5.2,,backup,2026-09-15T19:45:44+00:00
2026,2,401872945,00-0041236,West Weeks,IND,KC,LB,0.0,0.0,0.0,0.0,0.0,0.0,0.0,0.0,0.0,0.0,0.0,0.0,0.0,0.0,0.0,0.0,0.0,,roster_only,2026-09-15T19:45:44+00:00
2026,2,401872945,00-0039164,Anthony Richardson,IND,KC,QB,0.0,0.0,0.0,0.0,0.0,14.6,1.8,32.5,0.0,0.0,0.0,0.0,0.0,0.0,0.0,0.0,0.0,Active,backup,2026-09-15T19:45:44+00:00
2026,2,401872945,00-0035710,Daniel Jones,IND,KC,QB,202.9,109.4,309.1,1.188,0.6547619047619048,11.2,0.5,26.2,0.0,0.0,0.0,0.0,0.0,0.0,0.0,0.0,0.0,Active,starter,2026-09-15T19:45:44+00:00
2026,2,401872945,00-0040206,Riley Leonard,IND,KC,QB,0.0,0.0,0.0,0.0,0.0,1.4,-9.3,16.4,0.0,0.0,0.0,0.0,0.0,0.0,0.0,0.0,0.0,Active,backup,2026-09-15T19:45:44+00:00
2026,2,401872945,00-0041486,Anderson Castle,IND,KC,RB,0.0,0.0,0.0,0.0,0.0,0.0,0.0,0.0,0.0,0.0,0.0,0.0,0.0,0.0,0.0,0.0,0.0,,roster_only,2026-09-15T19:45:44+00:00
2026,2,401872945,00-0040179,DJ Giddens,IND,KC,RB,0.0,0.0,0.0,0.0,0.0,11.2,0.5,26.2,0.7,-16.4,29.5,0.0,0.0,0.0,0.0,0.0,0.0,Active,backup,2026-09-15T19:45:44+00:00
2026,2,401872945,00-0041277,Davon Booth,IND,KC,RB,0.0,0.0,0.0,0.0,0.0,0.0,0.0,0.0,0.0,0.0,0.0,0.0,0.0,0.0,0.0,0.0,0.0,,roster_only,2026-09-15T19:45:44+00:00
2026,2,401872945,00-0036223,Jonathan Taylor,IND,KC,RB,0.0,0.0,0.0,0.0,0.0,84.9,62.9,115.8,18.5,1.4,47.3,0.0,0.0,0.0,0.0,0.0,0.0,Active,starter,2026-09-15T19:45:44+00:00
2026,2,401872945,00-0041125,Seth McGowan,IND,KC,RB,0.0,0.0,0.0,0.0,0.0,11.7,-18.5,54.3,3.1,-19.6,43.6,0.0,0.0,0.0,0.0,0.0,0.0,Active,backup,2026-09-15T19:45:44+00:00
2026,2,401872945,00-0040476,Ulysses Bentley IV,IND,KC,RB,0.0,0.0,0.0,0.0,0.0,0.0,0.0,0.0,0.0,0.0,0.0,0.0,0.0,0.0,0.0,0.0,0.0,,roster_only,2026-09-15T19:45:44+00:00
2026,2,401872945,00-0037292,Andrew Ogletree,IND,KC,TE,0.0,0.0,0.0,0.0,0.0,0.0,-10.8,15.0,4.2,-13.0,33.0,0.0,0.0,0.0,0.0,0.0,0.0,Active,backup,2026-09-15T19:45:44+00:00
2026,2,401872945,00-0040853,Carson Towt,IND,KC,TE,0.0,0.0,0.0,0.0,0.0,0.0,0.0,0.0,0.0,0.0,0.0,0.0,0.0,0.0,0.0,0.0,0.0,Injured Reserve,backup,2026-09-15T19:45:44+00:00
2026,2,401872945,00-0040528,JJ Galbreath,IND,KC,TE,0.0,0.0,0.0,0.0,0.0,0.0,0.0,0.0,0.0,0.0,0.0,0.0,0.0,0.0,0.0,0.0,0.0,,roster_only,2026-09-15T19:45:44+00:00
2026,2,401872945,00-0041252,Kenny Fletcher Jr.,IND,KC,TE,0.0,0.0,0.0,0.0,0.0,0.0,0.0,0.0,0.0,0.0,0.0,0.0,0.0,0.0,0.0,0.0,0.0,,roster_only,2026-09-15T19:45:44+00:00
2026,2,401872945,00-0033217,Mo Alie-Cox,IND,KC,TE,0.0,0.0,0.0,0.0,0.0,0.0,-10.8,15.0,10.8,-6.4,39.6,0.0,0.0,0.0,0.0,0.0,0.0,,backup,2026-09-15T19:45:44+00:00
2026,2,401872945,00-0033439,Pharaoh Brown,IND,KC,TE,0.0,0.0,0.0,0.0,0.0,0.0,0.0,0.0,0.0,0.0,0.0,0.0,0.0,0.0,0.0,0.0,0.0,,roster_only,2026-09-15T19:45:44+00:00
2026,2,401872945,00-0036032,Sean McKeon,IND,KC,TE,0.0,0.0,0.0,0.0,0.0,0.0,-10.7,15.0,1.8,-15.4,30.6,0.0,0.0,0.0,0.0,0.0,0.0,Questionable,roster_only,2026-09-15T19:45:44+00:00
2026,2,401872945,00-0041570,Tyler Moore,IND,KC,TE,0.0,0.0,0.0,0.0,0.0,0.0,0.0,0.0,0.0,0.0,0.0,0.0,0.0,0.0,0.0,0.0,0.0,,roster_only,2026-09-15T19:45:44+00:00
2026,2,401872945,00-0040128,Tyler Warren,IND,KC,TE,0.0,0.0,0.0,0.0,0.0,0.5,-10.2,15.6,51.7,32.0,85.9,0.0,0.0,0.0,0.0,0.0,0.0,Active,starter,2026-09-15T19:45:44+00:00
2026,2,401872945,00-0038394,Will Mallory,IND,KC,TE,0.0,0.0,0.0,0.0,0.0,0.0,0.0,0.0,0.0,0.0,0.0,0.0,0.0,0.0,0.0,0.0,0.0,Injured Reserve,backup,2026-09-15T19:45:44+00:00
2026,2,401872945,00-0037664,Alec Pierce,IND,KC,WR,0.0,0.0,0.0,0.0,0.0,0.0,-10.7,15.0,40.5,23.4,69.3,0.0,0.0,0.0,0.0,0.0,0.0,Questionable,starter,2026-09-15T19:45:44+00:00
2026,2,401872945,00-0039816,Anthony Gould,IND,KC,WR,0.0,0.0,0.0,0.0,0.0,0.0,0.0,0.0,0.0,0.0,0.0,0.0,0.0,0.0,0.0,0.0,0.0,,roster_only,2026-09-15T19:45:44+00:00
2026,2,401872945,00-0035021,Ashton Dulin,IND,KC,WR,0.0,0.0,0.0,0.0,0.0,0.4,-10.3,15.5,3.2,-14.0,32.0,0.0,0.0,0.0,0.0,0.0,0.0,,backup,2026-09-15T19:45:44+00:00
2026,2,401872945,00-0039679,Ben Nikkel,IND,KC,WR,0.0,0.0,0.0,0.0,0.0,0.0,0.0,0.0,0.0,0.0,0.0,0.0,0.0,0.0,0.0,0.0,0.0,,roster_only,2026-09-15T19:45:44+00:00
2026,2,401872945,00-0040352,Coleman Owen,IND,KC,WR,0.0,0.0,0.0,0.0,0.0,0.1,-11.7,16.6,1.0,-17.6,33.0,0.0,0.0,0.0,0.0,0.0,0.0,,roster_only,2026-09-15T19:45:44+00:00
2026,2,401872945,00-0035045,D.J. Montgomery,IND,KC,WR,0.0,0.0,0.0,0.0,0.0,0.0,0.0,0.0,0.0,0.0,0.0,0.0,0.0,0.0,0.0,0.0,0.0,Injured Reserve,backup,2026-09-15T19:45:44+00:00
2026,2,401872945,00-0041132,Deion Burks,IND,KC,WR,0.0,0.0,0.0,0.0,0.0,0.1,-14.6,20.8,5.7,-17.0,46.2,0.0,0.0,0.0,0.0,0.0,0.0,,backup,2026-09-15T19:45:44+00:00
2026,2,401872945,00-0040337,Eli Pancol,IND,KC,WR,0.0,0.0,0.0,0.0,0.0,0.0,0.0,0.0,0.0,0.0,0.0,0.0,0.0,0.0,0.0,0.0,0.0,,roster_only,2026-09-15T19:45:44+00:00
2026,2,401872945,00-0038997,Josh Downs,IND,KC,WR,0.0,0.0,0.0,0.0,0.0,0.0,-10.8,15.0,29.6,2.9,78.7,0.0,0.0,0.0,0.0,0.0,0.0,Active,backup,2026-09-15T19:45:44+00:00
2026,2,401872945,00-0030279,Keenan Allen,IND,KC,WR,0.0,0.0,0.0,0.0,0.0,0.0,-10.8,15.0,20.5,-6.2,69.6,0.0,0.0,0.0,0.0,0.0,0.0,Active,backup,2026-09-15T19:45:44+00:00
2026,2,401872945,00-0032951,Laquon Treadwell,IND,KC,WR,0.0,0.0,0.0,0.0,0.0,0.0,-10.8,15.0,1.7,-15.4,30.5,0.0,0.0,0.0,0.0,0.0,0.0,,backup,2026-09-15T19:45:44+00:00
2026,2,401872945,00-0036182,Nick Westbrook-Ikhine,IND,KC,WR,0.0,0.0,0.0,0.0,0.0,0.0,0.0,0.0,0.0,0.0,0.0,0.0,0.0,0.0,0.0,0.0,0.0,,roster_only,2026-09-15T19:45:44+00:00
2026,2,401872945,00-0041233,Raylen Sharpe,IND,KC,WR,0.0,0.0,0.0,0.0,0.0,0.0,0.0,0.0,0.0,0.0,0.0,0.0,0.0,0.0,0.0,0.0,0.0,,roster_only,2026-09-15T19:45:44+00:00
2026,2,401872945,00-0041228,Sahmir Hagans,IND,KC,WR,0.0,0.0,0.0,0.0,0.0,0.0,0.0,0.0,0.0,0.0,0.0,0.0,0.0,0.0,0.0,0.0,0.0,,roster_only,2026-09-15T19:45:44+00:00
2026,2,401872945,00-0036380,Alohi Gilman,KC,IND,DB,0.0,0.0,0.0,0.0,0.0,0.0,0.0,0.0,0.0,0.0,0.0,0.0,0.0,0.0,4.9,2.2,8.4,Active,starter,2026-09-15T19:45:44+00:00
2026,2,401872945,00-0038982,Chamarri Conner,KC,IND,DB,0.0,0.0,0.0,0.0,0.0,0.0,0.0,0.0,0.0,0.0,0.0,0.0,0.0,0.0,0.0,0.0,0.0,Out,starter,2026-09-15T19:45:44+00:00
2026,2,401872945,00-0039324,Christian Roland-Wallace,KC,IND,DB,0.0,0.0,0.0,0.0,0.0,0.0,0.0,0.0,0.0,0.0,0.0,0.0,0.0,0.0,3.1,1.0,5.9,,backup,2026-09-15T19:45:44+00:00
2026,2,401872945,00-0040961,D'Arco Perkins-McAllister,KC,IND,DB,0.0,0.0,0.0,0.0,0.0,0.0,0.0,0.0,0.0,0.0,0.0,0.0,0.0,0.0,0.0,0.0,0.0,,roster_only,2026-09-15T19:45:44+00:00
2026,2,401872945,00-0040963,DeShon Singleton,KC,IND,DB,0.0,0.0,0.0,0.0,0.0,0.0,0.0,0.0,0.0,0.0,0.0,0.0,0.0,0.0,0.0,0.0,0.0,,roster_only,2026-09-15T19:45:44+00:00
2026,2,401872945,00-0039825,Jaden Hicks,KC,IND,DB,0.0,0.0,0.0,0.0,0.0,0.0,0.0,0.0,0.0,0.0,0.0,0.0,0.0,0.0,2.6,0.5,5.4,,backup,2026-09-15T19:45:44+00:00
2026,2,401872945,00-0041497,Jadon Canady,KC,IND,DB,0.0,0.0,0.0,0.0,0.0,0.0,0.0,0.0,0.0,0.0,0.0,0.0,0.0,0.0,3.1,0.3,7.0,,starter,2026-09-15T19:45:44+00:00
2026,2,401872945,00-0037353,Kader Kohou,KC,IND,DB,0.0,0.0,0.0,0.0,0.0,0.0,0.0,0.0,0.0,0.0,0.0,0.0,0.0,0.0,0.0,0.0,0.0,,roster_only,2026-09-15T19:45:44+00:00
2026,2,401872945,00-0036416,Kristian Fulton,KC,IND,DB,0.0,0.0,0.0,0.0,0.0,0.0,0.0,0.0,0.0,0.0,0.0,0.0,0.0,0.0,3.4,1.2,6.1,,backup,2026-09-15T19:45:44+00:00
2026,2,401872945,00-0036374,L'Jarius Sneed,KC,IND,DB,0.0,0.0,0.0,0.0,0.0,0.0,0.0,0.0,0.0,0.0,0.0,0.0,0.0,0.0,4.7,2.0,8.2,Active,starter,2026-09-15T19:45:44+00:00
2026,2,401872945,00-0041543,Mansoor Delane,KC,IND,DB,0.0,0.0,0.0,0.0,0.0,0.0,0.0,0.0,0.0,0.0,0.0,0.0,0.0,0.0,0.0,0.0,0.0,Out,starter,2026-09-15T19:45:44+00:00
2026,2,401872945,00-0040670,Nohl Williams,KC,IND,DB,0.0,0.0,0.0,0.0,0.0,0.0,0.0,0.0,0.0,0.0,0.0,0.0,0.0,0.0,3.8,1.1,7.3,,backup,2026-09-15T19:45:44+00:00
2026,2,401872945,00-0038717,Tanner McCalister,KC,IND,DB,0.0,0.0,0.0,0.0,0.0,0.0,0.0,0.0,0.0,0.0,0.0,0.0,0.0,0.0,0.0,0.0,0.0,,roster_only,2026-09-15T19:45:44+00:00
2026,2,401872945,00-0040957,Xavier Nwankpa,KC,IND,DB,0.0,0.0,0.0,0.0,0.0,0.0,0.0,0.0,0.0,0.0,0.0,0.0,0.0,0.0,2.3,0.0,6.2,,backup,2026-09-15T19:45:44+00:00
2026,2,401872945,00-0040966,Zelmar Vedder,KC,IND,DB,0.0,0.0,0.0,0.0,0.0,0.0,0.0,0.0,0.0,0.0,0.0,0.0,0.0,0.0,0.0,0.0,0.0,,roster_only,2026-09-15T19:45:44+00:00
2026,2,401872945,00-0040956,Amari McNeill,KC,IND,DL,0.0,0.0,0.0,0.0,0.0,0.0,0.0,0.0,0.0,0.0,0.0,0.0,0.0,0.0,0.0,0.0,0.0,,roster_only,2026-09-15T19:45:44+00:00
2026,2,401872945,00-0040640,Ashton Gillotte,KC,IND,DL,0.0,0.0,0.0,0.0,0.0,0.0,0.0,0.0,0.0,0.0,0.0,0.0,0.0,0.0,2.2,0.3,4.7,Active,backup,2026-09-15T19:45:44+00:00
2026,2,401872945,00-0041358,Bryson Eason,KC,IND,DL,0.0,0.0,0.0,0.0,0.0,0.0,0.0,0.0,0.0,0.0,0.0,0.0,0.0,0.0,0.0,0.0,0.0,Out,backup,2026-09-15T19:45:44+00:00
2026,2,401872945,00-0032762,Chris Jones,KC,IND,DL,0.0,0.0,0.0,0.0,0.0,0.0,0.0,0.0,0.0,0.0,0.0,0.0,0.0,0.0,1.7,0.0,4.1,Active,starter,2026-09-15T19:45:44+00:00
2026,2,401872945,00-0040952,Cole Brevard,KC,IND,DL,0.0,0.0,0.0,0.0,0.0,0.0,0.0,0.0,0.0,0.0,0.0,0.0,0.0,0.0,0.0,0.0,0.0,,roster_only,2026-09-15T19:45:44+00:00
2026,2,401872945,00-0040960,Damon Payne,KC,IND,DL,0.0,0.0,0.0,0.0,0.0,0.0,0.0,0.0,0.0,0.0,0.0,0.0,0.0,0.0,0.0,0.0,0.0,,roster_only,2026-09-15T19:45:44+00:00
2026,2,401872945,00-0033073,Emmanuel Ogbah,KC,IND,DL,0.0,0.0,0.0,0.0,0.0,0.0,0.0,0.0,0.0,0.0,0.0,0.0,0.0,0.0,0.0,0.0,0.0,,roster_only,2026-09-15T19:45:44+00:00
2026,2,401872945,00-0040969,Ethan Hurkett,KC,IND,DL,0.0,0.0,0.0,0.0,0.0,0.0,0.0,0.0,0.0,0.0,0.0,0.0,0.0,0.0,0.0,0.0,0.0,,roster_only,2026-09-15T19:45:44+00:00
2026,2,401872945,00-0039006,Felix Anudike-Uzomah,KC,IND,DL,0.0,0.0,0.0,0.0,0.0,0.0,0.0,0.0,0.0,0.0,0.0,0.0,0.0,0.0,1.7,0.0,4.1,,starter,2026-09-15T19:45:44+00:00
2026,2,401872945,00-0037192,George Karlaftis,KC,IND,DL,0.0,0.0,0.0,0.0,0.0,0.0,0.0,0.0,0.0,0.0,0.0,0.0,0.0,0.0,2.3,0.2,5.0,,starter,2026-09-15T19:45:44+00:00
2026,2,401872945,00-0036909,Khyiris Tonga,KC,IND,DL,0.0,0.0,0.0,0.0,0.0,0.0,0.0,0.0,0.0,0.0,0.0,0.0,0.0,0.0,1.6,0.0,4.0,,starter,2026-09-15T19:45:44+00:00
2026,2,401872945,00-0039433,Marcus Harris,KC,IND,DL,0.0,0.0,0.0,0.0,0.0,0.0,0.0,0.0,0.0,0.0,0.0,0.0,0.0,0.0,1.0,0.0,4.5,,backup,2026-09-15T19:45:44+00:00
2026,2,401872945,00-0041379,Niles King,KC,IND,DL,0.0,0.0,0.0,0.0,0.0,0.0,0.0,0.0,0.0,0.0,0.0,0.0,0.0,0.0,0.0,0.0,0.0,,roster_only,2026-09-15T19:45:44+00:00
2026,2,401872945,00-0040748,Omarr Norman-Lott,KC,IND,DL,0.0,0.0,0.0,0.0,0.0,0.0,0.0,0.0,0.0,0.0,0.0,0.0,0.0,0.0,0.0,0.0,0.0,,backup,2026-09-15T19:45:44+00:00
2026,2,401872945,00-0041545,Peter Woods,KC,IND,DL,0.0,0.0,0.0,0.0,0.0,0.0,0.0,0.0,0.0,0.0,0.0,0.0,0.0,0.0,1.2,0.0,4.7,,backup,2026-09-15T19:45:44+00:00
2026,2,401872945,00-0041501,R Mason Thomas,KC,IND,DL,0.0,0.0,0.0,0.0,0.0,0.0,0.0,0.0,0.0,0.0,0.0,0.0,0.0,0.0,1.2,0.0,4.7,Active,backup,2026-09-15T19:45:44+00:00
2026,2,401872945,00-0037080,Tyreke Smith,KC,IND,DL,0.0,0.0,0.0,0.0,0.0,0.0,0.0,0.0,0.0,0.0,0.0,0.0,0.0,0.0,0.0,0.0,0.0,,roster_only,2026-09-15T19:45:44+00:00
2026,2,401872945,00-0033303,Harrison Butker,KC,IND,K,0.0,0.0,0.0,0.0,0.0,0.0,0.0,0.0,0.0,0.0,0.0,7.2,2.4,12.6,0.0,0.0,0.0,,starter,2026-09-15T19:45:44+00:00
2026,2,401872945,00-0038513,Cam Jones,KC,IND,LB,0.0,0.0,0.0,0.0,0.0,0.0,0.0,0.0,0.0,0.0,0.0,0.0,0.0,0.0,0.0,0.0,0.0,,roster_only,2026-09-15T19:45:44+00:00
2026,2,401872945,00-0035900,Cole Christiansen,KC,IND,LB,0.0,0.0,0.0,0.0,0.0,0.0,0.0,0.0,0.0,0.0,0.0,0.0,0.0,0.0,0.0,0.0,0.0,,roster_only,2026-09-15T19:45:44+00:00
2026,2,401872945,00-0040118,Cooper McDonald,KC,IND,LB,0.0,0.0,0.0,0.0,0.0,0.0,0.0,0.0,0.0,0.0,0.0,0.0,0.0,0.0,1.6,0.0,4.0,Questionable,backup,2026-09-15T19:45:44+00:00
2026,2,401872945,00-0035262,Drue Tranquill,KC,IND,LB,0.0,0.0,0.0,0.0,0.0,0.0,0.0,0.0,0.0,0.0,0.0,0.0,0.0,0.0,6.7,3.7,10.7,Active,starter,2026-09-15T19:45:44+00:00
2026,2,401872945,00-0040328,Ethan Downs,KC,IND,LB,0.0,0.0,0.0,0.0,0.0,0.0,0.0,0.0,0.0,0.0,0.0,0.0,0.0,0.0,0.0,0.0,0.0,,backup,2026-09-15T19:45:44+00:00
2026,2,401872945,00-0037208,Jack Cochrane,KC,IND,LB,0.0,0.0,0.0,0.0,0.0,0.0,0.0,0.0,0.0,0.0,0.0,0.0,0.0,0.0,1.0,0.0,3.4,,backup,2026-09-15T19:45:44+00:00
2026,2,401872945,00-0041256,Jack Pyburn,KC,IND,LB,0.0,0.0,0.0,0.0,0.0,0.0,0.0,0.0,0.0,0.0,0.0,0.0,0.0,0.0,0.0,0.0,0.0,Out,backup,2026-09-15T19:45:44+00:00
2026,2,401872945,00-0040072,Jeffrey Bassa,KC,IND,LB,0.0,0.0,0.0,0.0,0.0,0.0,0.0,0.0,0.0,0.0,0.0,0.0,0.0,0.0,1.3,0.0,3.8,,starter,2026-09-15T19:45:44+00:00
2026,2,401872945,00-0040313,Kam Arnold,KC,IND,LB,0.0,0.0,0.0,0.0,0.0,0.0,0.0,0.0,0.0,0.0,0.0,0.0,0.0,0.0,0.0,0.0,0.0,,roster_only,2026-09-15T19:45:44+00:00
2026,2,401872945,00-0036621,Nick Bolton,KC,IND,LB,0.0,0.0,0.0,0.0,0.0,0.0,0.0,0.0,0.0,0.0,0.0,0.0,0.0,0.0,7.4,5.1,12.1,,starter,2026-09-15T19:45:44+00:00
2026,2,401872945,00-0040951,Wesley Bissainthe,KC,IND,LB,0.0,0.0,0.0,0.0,0.0,0.0,0.0,0.0,0.0,0.0,0.0,0.0,0.0,0.0,0.0,0.0,0.0,,roster_only,2026-09-15T19:45:44+00:00
2026,2,401872945,00-0037324,Chris Oladokun,KC,IND,QB,0.0,0.0,0.0,0.0,0.0,6.5,-5.3,23.0,0.0,0.0,0.0,0.0,0.0,0.0,0.0,0.0,0.0,,roster_only,2026-09-15T19:45:44+00:00
2026,2,401872945,00-0040906,Garrett Nussmeier,KC,IND,QB,0.0,0.0,0.0,0.0,0.0,0.0,0.0,0.0,0.0,0.0,0.0,0.0,0.0,0.0,0.0,0.0,0.0,Out,backup,2026-09-15T19:45:44+00:00
2026,2,401872945,00-0036945,Justin Fields,KC,IND,QB,0.0,0.0,0.0,0.0,0.0,37.2,24.4,55.1,0.0,0.0,0.0,0.0,0.0,0.0,0.0,0.0,0.0,,backup,2026-09-15T19:45:44+00:00
2026,2,401872945,00-0033873,Patrick Mahomes,KC,IND,QB,217.1,123.6,323.3,1.8,0.832338849857417,21.2,8.4,39.2,0.0,0.0,0.0,0.0,0.0,0.0,0.0,0.0,0.0,Active,starter,2026-09-15T19:45:44+00:00
2026,2,401872945,00-0038489,Ben VanSumeren,KC,IND,RB,0.0,0.0,0.0,0.0,0.0,1.6,-9.1,16.6,0.9,-16.3,29.7,0.0,0.0,0.0,0.0,0.0,0.0,Active,starter,2026-09-15T19:45:44+00:00
2026,2,401872945,00-0040078,Brashard Smith,KC,IND,RB,0.0,0.0,0.0,0.0,0.0,4.5,-6.3,19.5,5.2,-12.0,34.0,0.0,0.0,0.0,0.0,0.0,0.0,Active,backup,2026-09-15T19:45:44+00:00
2026,2,401872945,00-0040964,EJ Smith,KC,IND,RB,0.0,0.0,0.0,0.0,0.0,13.4,-16.8,55.9,3.4,-19.3,43.9,0.0,0.0,0.0,0.0,0.0,0.0,,roster_only,2026-09-15T19:45:44+00:00
2026,2,401872945,00-0041013,Emmett Johnson,KC,IND,RB,0.0,0.0,0.0,0.0,0.0,12.7,-17.5,55.2,4.6,-18.1,45.2,0.0,0.0,0.0,0.0,0.0,0.0,Active,backup,2026-09-15T19:45:44+00:00
2026,2,401872945,00-0040959,Jaydn Ott,KC,IND,RB,0.0,0.0,0.0,0.0,0.0,0.0,0.0,0.0,0.0,0.0,0.0,0.0,0.0,0.0,0.0,0.0,0.0,,roster_only,2026-09-15T19:45:44+00:00
2026,2,401872945,00-0038134,Kenneth Walker III,KC,IND,RB,0.0,0.0,0.0,0.0,0.0,48.3,26.3,79.2,14.2,-3.0,43.0,0.0,0.0,0.0,0.0,0.0,0.0,Active,starter,2026-09-15T19:45:44+00:00
2026,2,401872945,00-0040547,Nate Carter,KC,IND,RB,0.0,0.0,0.0,0.0,0.0,0.0,0.0,0.0,0.0,0.0,0.0,0.0,0.0,0.0,0.0,0.0,0.0,,roster_only,2026-09-15T19:45:44+00:00
2026,2,401872945,00-0040081,Jake Briningstool,KC,IND,TE,0.0,0.0,0.0,0.0,0.0,0.0,-14.8,20.6,5.1,-17.5,45.7,0.0,0.0,0.0,0.0,0.0,0.0,,backup,2026-09-15T19:45:44+00:00
2026,2,401872945,00-0039824,Jared Wiley,KC,IND,TE,0.0,0.0,0.0,0.0,0.0,0.0,0.0,0.0,0.0,0.0,0.0,0.0,0.0,0.0,0.0,0.0,0.0,Out,backup,2026-09-15T19:45:44+00:00
2026,2,401872945,00-0040955,John Michael Gyllenborg,KC,IND,TE,0.0,0.0,0.0,0.0,0.0,0.0,0.0,0.0,0.0,0.0,0.0,0.0,0.0,0.0,0.0,0.0,0.0,,backup,2026-09-15T19:45:44+00:00
2026,2,401872945,00-0039702,Mason Pline,KC,IND,TE,0.0,0.0,0.0,0.0,0.0,0.0,0.0,0.0,0.0,0.0,0.0,0.0,0.0,0.0,0.0,0.0,0.0,,roster_only,2026-09-15T19:45:44+00:00
2026,2,401872945,00-0036637,Noah Gray,KC,IND,TE,0.0,0.0,0.0,0.0,0.0,0.0,-10.8,14.9,10.7,-6.5,39.5,0.0,0.0,0.0,0.0,0.0,0.0,,backup,2026-09-15T19:45:44+00:00
2026,2,401872945,00-0038145,Thomas Odukoya,KC,IND,TE,0.0,0.0,0.0,0.0,0.0,0.0,-14.8,20.6,2.2,-20.4,42.8,0.0,0.0,0.0,0.0,0.0,0.0,,roster_only,2026-09-15T19:45:44+00:00
2026,2,401872945,00-0030506,Travis Kelce,KC,IND,TE,0.0,0.0,0.0,0.0,0.0,0.0,-10.8,15.0,52.0,32.4,86.3,0.0,0.0,0.0,0.0,0.0,0.0,Active,starter,2026-09-15T19:45:44+00:00
2026,2,401872945,00-0040298,Andrew Armstrong,KC,IND,WR,0.0,0.0,0.0,0.0,0.0,0.0,0.0,0.0,0.0,0.0,0.0,0.0,0.0,0.0,0.0,0.0,0.0,,roster_only,2026-09-15T19:45:44+00:00
2026,2,401872945,00-0040890,Cyrus Allen,KC,IND,WR,0.0,0.0,0.0,0.0,0.0,0.0,-14.8,20.6,5.9,-16.8,46.4,0.0,0.0,0.0,0.0,0.0,0.0,Active,backup,2026-09-15T19:45:44+00:00
2026,2,401872945,00-0040967,Jacob De Jesus,KC,IND,WR,0.0,0.0,0.0,0.0,0.0,0.0,0.0,0.0,0.0,0.0,0.0,0.0,0.0,0.0,0.0,0.0,0.0,,roster_only,2026-09-15T19:45:44+00:00
2026,2,401872945,00-0040646,Jalen Royals,KC,IND,WR,0.0,0.0,0.0,0.0,0.0,0.0,-11.9,16.5,2.4,-16.3,34.3,0.0,0.0,0.0,0.0,0.0,0.0,,backup,2026-09-15T19:45:44+00:00
2026,2,401872945,00-0038492,Jason Brownlee,KC,IND,WR,0.0,0.0,0.0,0.0,0.0,0.0,0.0,0.0,0.0,0.0,0.0,0.0,0.0,0.0,0.0,0.0,0.0,,roster_only,2026-09-15T19:45:44+00:00
2026,2,401872945,00-0040953,Jeff Caldwell,KC,IND,WR,0.0,0.0,0.0,0.0,0.0,0.0,0.0,0.0,0.0,0.0,0.0,0.0,0.0,0.0,0.0,0.0,0.0,,backup,2026-09-15T19:45:44+00:00
2026,2,401872945,00-0041575,Jeff Weimer,KC,IND,WR,0.0,0.0,0.0,0.0,0.0,0.0,0.0,0.0,0.0,0.0,0.0,0.0,0.0,0.0,0.0,0.0,0.0,,roster_only,2026-09-15T19:45:44+00:00
2026,2,401872945,00-0040120,Jimmy Holiday,KC,IND,WR,0.0,0.0,0.0,0.0,0.0,0.0,0.0,0.0,0.0,0.0,0.0,0.0,0.0,0.0,0.0,0.0,0.0,,backup,2026-09-15T19:45:44+00:00
2026,2,401872945,00-0038519,Nikko Remigio,KC,IND,WR,0.0,0.0,0.0,0.0,0.0,0.0,-10.7,15.0,2.5,-14.6,31.3,0.0,0.0,0.0,0.0,0.0,0.0,,backup,2026-09-15T19:45:44+00:00
2026,2,401872945,00-0040954,Omari Evans,KC,IND,WR,0.0,0.0,0.0,0.0,0.0,0.0,0.0,0.0,0.0,0.0,0.0,0.0,0.0,0.0,0.0,0.0,0.0,,roster_only,2026-09-15T19:45:44+00:00
2026,2,401872945,00-0039067,Rashee Rice,KC,IND,WR,0.0,0.0,0.0,0.0,0.0,0.0,-10.7,15.1,63.8,37.2,113.0,0.0,0.0,0.0,0.0,0.0,0.0,Active,starter,2026-09-15T19:45:44+00:00
2026,2,401872945,00-0038104,Tyquan Thornton,KC,IND,WR,0.0,0.0,0.0,0.0,0.0,0.0,-10.7,15.0,16.3,-0.9,45.1,0.0,0.0,0.0,0.0,0.0,0.0,,backup,2026-09-15T19:45:44+00:00
2026,2,401872945,00-0041020,Xavier Loyd,KC,IND,WR,0.0,0.0,0.0,0.0,0.0,0.0,0.0,0.0,0.0,0.0,0.0,0.0,0.0,0.0,0.0,0.0,0.0,,roster_only,2026-09-15T19:45:44+00:00
2026,2,401872945,00-0039894,Xavier Worthy,KC,IND,WR,0.0,0.0,0.0,0.0,0.0,2.6,-8.1,17.7,28.7,11.6,57.6,0.0,0.0,0.0,0.0,0.0,0.0,Active,backup,2026-09-15T19:45:44+00:00
2026,2,401872946,00-0040565,Brandon Crossley,NE,PIT,DB,0.0,0.0,0.0,0.0,0.0,0.0,0.0,0.0,0.0,0.0,0.0,0.0,0.0,0.0,0.0,0.0,0.0,,roster_only,2026-09-15T19:45:44+00:00
2026,2,401872946,00-0037205,Brenden Schooler,NE,PIT,DB,0.0,0.0,0.0,0.0,0.0,0.0,0.0,0.0,0.0,0.0,0.0,0.0,0.0,0.0,0.0,0.0,0.0,Out,backup,2026-09-15T19:45:44+00:00
2026,2,401872946,00-0034778,Carlton Davis III,NE,PIT,DB,0.0,0.0,0.0,0.0,0.0,0.0,0.0,0.0,0.0,0.0,0.0,0.0,0.0,0.0,3.8,1.6,6.5,,starter,2026-09-15T19:45:44+00:00
2026,2,401872946,00-0041316,Channing Canada,NE,PIT,DB,0.0,0.0,0.0,0.0,0.0,0.0,0.0,0.0,0.0,0.0,0.0,0.0,0.0,0.0,2.3,0.0,6.2,,backup,2026-09-15T19:45:44+00:00
2026,2,401872946,00-0039770,Charles Woods,NE,PIT,DB,0.0,0.0,0.0,0.0,0.0,0.0,0.0,0.0,0.0,0.0,0.0,0.0,0.0,0.0,1.9,0.0,4.5,,backup,2026-09-15T19:45:44+00:00
2026,2,401872946,00-0039147,Christian Gonzalez,NE,PIT,DB,0.0,0.0,0.0,0.0,0.0,0.0,0.0,0.0,0.0,0.0,0.0,0.0,0.0,0.0,4.0,1.3,7.5,Active,starter,2026-09-15T19:45:44+00:00
2026,2,401872946,00-0040716,Craig Woodson,NE,PIT,DB,0.0,0.0,0.0,0.0,0.0,0.0,0.0,0.0,0.0,0.0,0.0,0.0,0.0,0.0,4.5,1.8,8.0,Active,starter,2026-09-15T19:45:44+00:00
2026,2,401872946,00-0039692,Dell Pettus,NE,PIT,DB,0.0,0.0,0.0,0.0,0.0,0.0,0.0,0.0,0.0,0.0,0.0,0.0,0.0,0.0,2.7,0.8,5.2,,backup,2026-09-15T19:45:44+00:00
2026,2,401872946,00-0040537,Elliott Davison,NE,PIT,DB,0.0,0.0,0.0,0.0,0.0,0.0,0.0,0.0,0.0,0.0,0.0,0.0,0.0,0.0,0.0,0.0,0.0,,roster_only,2026-09-15T19:45:44+00:00
2026,2,401872946,00-0041586,Eric Butler,NE,PIT,DB,0.0,0.0,0.0,0.0,0.0,0.0,0.0,0.0,0.0,0.0,0.0,0.0,0.0,0.0,0.0,0.0,0.0,,roster_only,2026-09-15T19:45:44+00:00
2026,2,401872946,00-0040204,Jaylen Reed,NE,PIT,DB,0.0,0.0,0.0,0.0,0.0,0.0,0.0,0.0,0.0,0.0,0.0,0.0,0.0,0.0,4.1,1.7,7.1,,backup,2026-09-15T19:45:44+00:00
2026,2,401872946,00-0040310,John Saunders Jr.,NE,PIT,DB,0.0,0.0,0.0,0.0,0.0,0.0,0.0,0.0,0.0,0.0,0.0,0.0,0.0,0.0,0.0,0.0,0.0,,roster_only,2026-09-15T19:45:44+00:00
2026,2,401872946,00-0041088,Karon Prunty,NE,PIT,DB,0.0,0.0,0.0,0.0,0.0,0.0,0.0,0.0,0.0,0.0,0.0,0.0,0.0,0.0,2.3,0.0,6.2,Active,backup,2026-09-15T19:45:44+00:00
2026,2,401872946,00-0033132,Kevin Byard,NE,PIT,DB,0.0,0.0,0.0,0.0,0.0,0.0,0.0,0.0,0.0,0.0,0.0,0.0,0.0,0.0,5.5,2.8,9.0,Active,starter,2026-09-15T19:45:44+00:00
2026,2,401872946,00-0036307,Kindle Vildor,NE,PIT,DB,0.0,0.0,0.0,0.0,0.0,0.0,0.0,0.0,0.0,0.0,0.0,0.0,0.0,0.0,0.0,0.0,0.0,,roster_only,2026-09-15T19:45:44+00:00
2026,2,401872946,00-0040252,Kobee Minor,NE,PIT,DB,0.0,0.0,0.0,0.0,0.0,0.0,0.0,0.0,0.0,0.0,0.0,0.0,0.0,0.0,0.0,0.0,0.0,,roster_only,2026-09-15T19:45:44+00:00
2026,2,401872946,00-0037253,Marcus Jones,NE,PIT,DB,0.0,0.0,0.0,0.0,0.0,0.0,0.0,0.0,0.0,0.0,0.0,0.0,0.0,0.0,3.3,1.1,6.0,,starter,2026-09-15T19:45:44+00:00
2026,2,401872946,00-0037493,Mike Brown,NE,PIT,DB,0.0,0.0,0.0,0.0,0.0,0.0,0.0,0.0,0.0,0.0,0.0,0.0,0.0,0.0,0.0,0.0,0.0,,roster_only,2026-09-15T19:45:44+00:00
2026,2,401872946,00-0041405,Peter Manuma,NE,PIT,DB,0.0,0.0,0.0,0.0,0.0,0.0,0.0,0.0,0.0,0.0,0.0,0.0,0.0,0.0,0.0,0.0,0.0,,roster_only,2026-09-15T19:45:44+00:00
2026,2,401872946,00-0039510,Casey Rogers,NE,PIT,DL,0.0,0.0,0.0,0.0,0.0,0.0,0.0,0.0,0.0,0.0,0.0,0.0,0.0,0.0,0.0,0.0,0.0,,roster_only,2026-09-15T19:45:44+00:00
2026,2,401872946,00-0036981,Christian Barmore,NE,PIT,DL,0.0,0.0,0.0,0.0,0.0,0.0,0.0,0.0,0.0,0.0,0.0,0.0,0.0,0.0,1.9,0.0,4.7,Active,starter,2026-09-15T19:45:44+00:00
2026,2,401872946,00-0038653,Cory Durden,NE,PIT,DL,0.0,0.0,0.0,0.0,0.0,0.0,0.0,0.0,0.0,0.0,0.0,0.0,0.0,0.0,1.9,0.0,4.4,,starter,2026-09-15T19:45:44+00:00
2026,2,401872946,00-0031054,DaQuan Jones,NE,PIT,DL,0.0,0.0,0.0,0.0,0.0,0.0,0.0,0.0,0.0,0.0,0.0,0.0,0.0,0.0,1.8,0.0,4.3,Active,backup,2026-09-15T19:45:44+00:00
2026,2,401872946,00-0040371,Eric Gregory,NE,PIT,DL,0.0,0.0,0.0,0.0,0.0,0.0,0.0,0.0,0.0,0.0,0.0,0.0,0.0,0.0,0.0,0.0,0.0,,roster_only,2026-09-15T19:45:44+00:00
2026,2,401872946,00-0039644,Isaiah Iton,NE,PIT,DL,0.0,0.0,0.0,0.0,0.0,0.0,0.0,0.0,0.0,0.0,0.0,0.0,0.0,0.0,0.0,0.0,0.0,,roster_only,2026-09-15T19:45:44+00:00
2026,2,401872946,00-0041211,Jalen Hunt,NE,PIT,DL,0.0,0.0,0.0,0.0,0.0,0.0,0.0,0.0,0.0,0.0,0.0,0.0,0.0,0.0,0.0,0.0,0.0,,roster_only,2026-09-15T19:45:44+00:00
2026,2,401872946,00-0037711,Jeremiah Pharms Jr.,NE,PIT,DL,0.0,0.0,0.0,0.0,0.0,0.0,0.0,0.0,0.0,0.0,0.0,0.0,0.0,0.0,0.0,0.0,0.0,,roster_only,2026-09-15T19:45:44+00:00
2026,2,401872946,00-0040171,Joshua Farmer,NE,PIT,DL,0.0,0.0,0.0,0.0,0.0,0.0,0.0,0.0,0.0,0.0,0.0,0.0,0.0,0.0,1.0,0.0,3.4,,backup,2026-09-15T19:45:44+00:00
2026,2,401872946,00-0039289,Leonard Taylor III,NE,PIT,DL,0.0,0.0,0.0,0.0,0.0,0.0,0.0,0.0,0.0,0.0,0.0,0.0,0.0,0.0,1.2,0.0,3.7,,backup,2026-09-15T19:45:44+00:00
2026,2,401872946,00-0036916,Milton Williams,NE,PIT,DL,0.0,0.0,0.0,0.0,0.0,0.0,0.0,0.0,0.0,0.0,0.0,0.0,0.0,0.0,1.6,0.0,4.0,,starter,2026-09-15T19:45:44+00:00
2026,2,401872946,00-0040200,Andy Borregales,NE,PIT,K,0.0,0.0,0.0,0.0,0.0,0.0,0.0,0.0,0.0,0.0,0.0,8.2,3.7,13.5,0.0,0.0,0.0,Active,starter,2026-09-15T19:45:44+00:00
2026,2,401872946,00-0036813,Christian Elliss,NE,PIT,LB,0.0,0.0,0.0,0.0,0.0,0.0,0.0,0.0,0.0,0.0,0.0,0.0,0.0,0.0,4.8,1.8,8.8,,recent_defensive_participant,2026-09-15T19:45:44+00:00
2026,2,401872946,00-0039829,Darius Muasau,NE,PIT,LB,0.0,0.0,0.0,0.0,0.0,0.0,0.0,0.0,0.0,0.0,0.0,0.0,0.0,0.0,0.0,0.0,0.0,,roster_only,2026-09-15T19:45:44+00:00
2026,2,401872946,00-0035678,Dre'Mont Jones,NE,PIT,LB,0.0,0.0,0.0,0.0,0.0,0.0,0.0,0.0,0.0,0.0,0.0,0.0,0.0,0.0,2.6,0.0,6.7,,starter,2026-09-15T19:45:44+00:00
2026,2,401872946,00-0040574,Elijah Ponder,NE,PIT,LB,0.0,0.0,0.0,0.0,0.0,0.0,0.0,0.0,0.0,0.0,0.0,0.0,0.0,0.0,2.7,0.7,5.1,,starter,2026-09-15T19:45:44+00:00
2026,2,401872946,00-0041455,Erick Hunter,NE,PIT,LB,0.0,0.0,0.0,0.0,0.0,0.0,0.0,0.0,0.0,0.0,0.0,0.0,0.0,0.0,0.0,0.0,0.0,Active,roster_only,2026-09-15T19:45:44+00:00
2026,2,401872946,00-0041569,Gabe Jacas,NE,PIT,LB,0.0,0.0,0.0,0.0,0.0,0.0,0.0,0.0,0.0,0.0,0.0,0.0,0.0,0.0,1.6,0.0,5.1,,backup,2026-09-15T19:45:44+00:00
2026,2,401872946,00-0034828,Harold Landry III,NE,PIT,LB,0.0,0.0,0.0,0.0,0.0,0.0,0.0,0.0,0.0,0.0,0.0,0.0,0.0,0.0,0.0,0.0,0.0,,backup,2026-09-15T19:45:44+00:00
2026,2,401872946,00-0039053,Jose Ramirez,NE,PIT,LB,0.0,0.0,0.0,0.0,0.0,0.0,0.0,0.0,0.0,0.0,0.0,0.0,0.0,0.0,0.0,0.0,0.0,,roster_only,2026-09-15T19:45:44+00:00
2026,2,401872946,00-0036643,K.J. Britt,NE,PIT,LB,0.0,0.0,0.0,0.0,0.0,0.0,0.0,0.0,0.0,0.0,0.0,0.0,0.0,0.0,0.0,0.0,0.0,,roster_only,2026-09-15T19:45:44+00:00
2026,2,401872946,00-0041321,Khalil Jacobs,NE,PIT,LB,0.0,0.0,0.0,0.0,0.0,0.0,0.0,0.0,0.0,0.0,0.0,0.0,0.0,0.0,0.0,0.0,0.0,,roster_only,2026-09-15T19:45:44+00:00
2026,2,401872946,00-0041109,Namdi Obiazor,NE,PIT,LB,0.0,0.0,0.0,0.0,0.0,0.0,0.0,0.0,0.0,0.0,0.0,0.0,0.0,0.0,0.0,0.0,0.0,,roster_only,2026-09-15T19:45:44+00:00
2026,2,401872946,00-0041402,Quintayvious Hutchins,NE,PIT,LB,0.0,0.0,0.0,0.0,0.0,0.0,0.0,0.0,0.0,0.0,0.0,0.0,0.0,0.0,1.6,0.0,5.1,,backup,2026-09-15T19:45:44+00:00
2026,2,401872946,00-0041564,Riley Wilson,NE,PIT,LB,0.0,0.0,0.0,0.0,0.0,0.0,0.0,0.0,0.0,0.0,0.0,0.0,0.0,0.0,0.0,0.0,0.0,,roster_only,2026-09-15T19:45:44+00:00
2026,2,401872946,00-0034720,Robert Spillane,NE,PIT,LB,0.0,0.0,0.0,0.0,0.0,0.0,0.0,0.0,0.0,0.0,0.0,0.0,0.0,0.0,6.0,3.0,10.0,Active,recent_defensive_participant,2026-09-15T19:45:44+00:00
2026,2,401872946,00-0041412,Xavier Holmes,NE,PIT,LB,0.0,0.0,0.0,0.0,0.0,0.0,0.0,0.0,0.0,0.0,0.0,0.0,0.0,0.0,0.0,0.0,0.0,,roster_only,2026-09-15T19:45:44+00:00
2026,2,401872946,00-0041123,Behren Morton,NE,PIT,QB,0.0,0.0,0.0,0.0,0.0,8.4,-9.2,33.1,0.0,0.0,0.0,0.0,0.0,0.0,0.0,0.0,0.0,Active,backup,2026-09-15T19:45:44+00:00
2026,2,401872946,00-0039851,Drake Maye,NE,PIT,QB,231.0,137.6,337.3,1.49,0.8125,20.1,7.3,38.0,0.0,0.0,0.0,0.0,0.0,0.0,0.0,0.0,0.0,Active,starter,2026-09-15T19:45:44+00:00
2026,2,401872946,00-0038476,Tommy DeVito,NE,PIT,QB,0.0,0.0,0.0,0.0,0.0,11.3,-1.5,29.2,0.0,0.0,0.0,0.0,0.0,0.0,0.0,0.0,0.0,,backup,2026-09-15T19:45:44+00:00
2026,2,401872946,00-0040556,Corey Kiner,NE,PIT,RB,0.0,0.0,0.0,0.0,0.0,11.9,-12.3,45.9,2.0,-16.6,34.0,0.0,0.0,0.0,0.0,0.0,0.0,Active,backup,2026-09-15T19:45:44+00:00
2026,2,401872946,00-0037617,Hassan Haskins,NE,PIT,RB,0.0,0.0,0.0,0.0,0.0,7.7,-3.0,22.7,4.3,-12.9,33.1,0.0,0.0,0.0,0.0,0.0,0.0,,roster_only,2026-09-15T19:45:44+00:00
2026,2,401872946,00-0041129,Jam Miller,NE,PIT,RB,0.0,0.0,0.0,0.0,0.0,0.0,0.0,0.0,0.0,0.0,0.0,0.0,0.0,0.0,0.0,0.0,0.0,,roster_only,2026-09-15T19:45:44+00:00
2026,2,401872946,00-0040568,Lan Larison,NE,PIT,RB,0.0,0.0,0.0,0.0,0.0,10.7,-19.6,53.2,2.5,-20.1,43.1,0.0,0.0,0.0,0.0,0.0,0.0,,roster_only,2026-09-15T19:45:44+00:00
2026,2,401872946,00-0041323,Myles Montgomery,NE,PIT,RB,0.0,0.0,0.0,0.0,0.0,0.0,0.0,0.0,0.0,0.0,0.0,0.0,0.0,0.0,0.0,0.0,0.0,,backup,2026-09-15T19:45:44+00:00
2026,2,401872946,00-0036187,Reggie Gilliam,NE,PIT,RB,0.0,0.0,0.0,0.0,0.0,3.0,-7.7,18.1,3.7,-13.5,32.5,0.0,0.0,0.0,0.0,0.0,0.0,,starter,2026-09-15T19:45:44+00:00
2026,2,401872946,00-0036875,Rhamondre Stevenson,NE,PIT,RB,0.0,0.0,0.0,0.0,0.0,41.4,19.4,72.3,23.3,6.1,52.1,0.0,0.0,0.0,0.0,0.0,0.0,Active,starter,2026-09-15T19:45:44+00:00
2026,2,401872946,00-0040734,TreVeyon Henderson,NE,PIT,RB,0.0,0.0,0.0,0.0,0.0,0.0,0.0,0.0,0.0,0.0,0.0,0.0,0.0,0.0,0.0,0.0,0.0,Out,backup,2026-09-15T19:45:44+00:00
2026,2,401872946,00-0038564,Cameron Latu,NE,PIT,TE,0.0,0.0,0.0,0.0,0.0,0.0,-10.8,15.0,5.9,-11.3,34.7,0.0,0.0,0.0,0.0,0.0,0.0,,backup,2026-09-15T19:45:44+00:00
2026,2,401872946,00-0041395,Eli Raridon,NE,PIT,TE,0.0,0.0,0.0,0.0,0.0,0.0,-14.8,20.6,7.8,-14.9,48.3,0.0,0.0,0.0,0.0,0.0,0.0,Active,backup,2026-09-15T19:45:44+00:00
2026,2,401872946,00-0033090,Hunter Henry,NE,PIT,TE,0.0,0.0,0.0,0.0,0.0,0.0,-10.8,14.9,33.7,14.0,68.0,0.0,0.0,0.0,0.0,0.0,0.0,Active,starter,2026-09-15T19:45:44+00:00
2026,2,401872946,00-0038720,Julian Hill,NE,PIT,TE,0.0,0.0,0.0,0.0,0.0,0.0,0.0,0.0,0.0,0.0,0.0,0.0,0.0,0.0,0.0,0.0,0.0,,backup,2026-09-15T19:45:44+00:00
2026,2,401872946,00-0036534,Shane Zylstra,NE,PIT,TE,0.0,0.0,0.0,0.0,0.0,0.0,0.0,0.0,0.0,0.0,0.0,0.0,0.0,0.0,0.0,0.0,0.0,,roster_only,2026-09-15T19:45:44+00:00
2026,2,401872946,00-0041314,Tanner Arkin,NE,PIT,TE,0.0,0.0,0.0,0.0,0.0,0.0,-14.8,20.6,4.4,-18.3,45.0,0.0,0.0,0.0,0.0,0.0,0.0,,backup,2026-09-15T19:45:44+00:00
2026,2,401872946,00-0035676,A.J. Brown,NE,PIT,WR,0.0,0.0,0.0,0.0,0.0,0.0,0.0,0.0,0.0,0.0,0.0,0.0,0.0,0.0,0.0,0.0,0.0,Injured Reserve,backup,2026-09-15T19:45:44+00:00
2026,2,401872946,00-0041319,Cameron Dorner,NE,PIT,WR,0.0,0.0,0.0,0.0,0.0,0.0,0.0,0.0,0.0,0.0,0.0,0.0,0.0,0.0,0.0,0.0,0.0,,roster_only,2026-09-15T19:45:44+00:00
2026,2,401872946,00-0040323,Chandler Brayboy,NE,PIT,WR,0.0,0.0,0.0,0.0,0.0,0.0,0.0,0.0,0.0,0.0,0.0,0.0,0.0,0.0,0.0,0.0,0.0,,roster_only,2026-09-15T19:45:44+00:00
2026,2,401872946,00-0038621,DeMario Douglas,NE,PIT,WR,0.0,0.0,0.0,0.0,0.0,0.4,-10.3,15.5,12.2,-4.9,41.0,0.0,0.0,0.0,0.0,0.0,0.0,Active,backup,2026-09-15T19:45:44+00:00
2026,2,401872946,00-0040563,Efton Chism III,NE,PIT,WR,0.0,0.0,0.0,0.0,0.0,0.0,-10.8,15.0,9.7,-7.5,38.5,0.0,0.0,0.0,0.0,0.0,0.0,Active,backup,2026-09-15T19:45:44+00:00
2026,2,401872946,00-0034971,Jalen Hurd,NE,PIT,WR,0.0,0.0,0.0,0.0,0.0,0.0,-14.7,20.7,7.9,-14.8,48.5,0.0,0.0,0.0,0.0,0.0,0.0,,roster_only,2026-09-15T19:45:44+00:00
2026,2,401872946,00-0040570,Jeremiah Webb,NE,PIT,WR,0.0,0.0,0.0,0.0,0.0,0.0,0.0,0.0,0.0,0.0,0.0,0.0,0.0,0.0,0.0,0.0,0.0,,backup,2026-09-15T19:45:44+00:00
2026,2,401872946,00-0041322,Jimmy Kibble,NE,PIT,WR,0.0,0.0,0.0,0.0,0.0,0.0,0.0,0.0,0.0,0.0,0.0,0.0,0.0,0.0,0.0,0.0,0.0,,roster_only,2026-09-15T19:45:44+00:00
2026,2,401872946,00-0041318,Kyle Dixon,NE,PIT,WR,0.0,0.0,0.0,0.0,0.0,0.0,0.0,0.0,0.0,0.0,0.0,0.0,0.0,0.0,0.0,0.0,0.0,,roster_only,2026-09-15T19:45:44+00:00
2026,2,401872946,00-0040131,Kyle Williams,NE,PIT,WR,0.0,0.0,0.0,0.0,0.0,0.0,-10.8,15.0,21.9,4.7,50.7,0.0,0.0,0.0,0.0,0.0,0.0,Active,backup,2026-09-15T19:45:44+00:00
2026,2,401872946,00-0033555,Mack Hollins,NE,PIT,WR,0.0,0.0,0.0,0.0,0.0,0.0,-10.8,15.0,38.7,12.0,87.9,0.0,0.0,0.0,0.0,0.0,0.0,Active,backup,2026-09-15T19:45:44+00:00
2026,2,401872946,00-0041317,Nick DeGennaro,NE,PIT,WR,0.0,0.0,0.0,0.0,0.0,0.0,0.0,0.0,0.0,0.0,0.0,0.0,0.0,0.0,0.0,0.0,0.0,,roster_only,2026-09-15T19:45:44+00:00
2026,2,401872946,00-0037816,Romeo Doubs,NE,PIT,WR,0.0,0.0,0.0,0.0,0.0,0.0,-10.8,15.0,38.5,11.9,87.7,0.0,0.0,0.0,0.0,0.0,0.0,Active,starter,2026-09-15T19:45:44+00:00
2026,2,401872946,00-0039397,Tejhaun Palmer,NE,PIT,WR,0.0,0.0,0.0,0.0,0.0,0.0,0.0,0.0,0.0,0.0,0.0,0.0,0.0,0.0,0.0,0.0,0.0,,roster_only,2026-09-15T19:45:44+00:00
2026,2,401872946,00-0036617,Asante Samuel Jr.,PIT,NE,DB,0.0,0.0,0.0,0.0,0.0,0.0,0.0,0.0,0.0,0.0,0.0,0.0,0.0,0.0,3.2,0.6,6.7,Active,backup,2026-09-15T19:45:44+00:00
2026,2,401872946,00-0040914,Bishop Fitzgerald,PIT,NE,DB,0.0,0.0,0.0,0.0,0.0,0.0,0.0,0.0,0.0,0.0,0.0,0.0,0.0,0.0,0.0,0.0,0.0,,roster_only,2026-09-15T19:45:44+00:00
2026,2,401872946,00-0036504,Brandin Echols,PIT,NE,DB,0.0,0.0,0.0,0.0,0.0,0.0,0.0,0.0,0.0,0.0,0.0,0.0,0.0,0.0,2.0,0.1,4.5,Active,backup,2026-09-15T19:45:44+00:00
2026,2,401872946,00-0038644,Brandon Hill,PIT,NE,DB,0.0,0.0,0.0,0.0,0.0,0.0,0.0,0.0,0.0,0.0,0.0,0.0,0.0,0.0,0.0,0.0,0.0,,roster_only,2026-09-15T19:45:44+00:00
2026,2,401872946,00-0040322,Car'lin Vigers,PIT,NE,DB,0.0,0.0,0.0,0.0,0.0,0.0,0.0,0.0,0.0,0.0,0.0,0.0,0.0,0.0,0.0,0.0,0.0,,roster_only,2026-09-15T19:45:44+00:00
2026,2,401872946,00-0039883,Daequan Hardy,PIT,NE,DB,0.0,0.0,0.0,0.0,0.0,0.0,0.0,0.0,0.0,0.0,0.0,0.0,0.0,0.0,0.0,0.0,0.0,,backup,2026-09-15T19:45:44+00:00
2026,2,401872946,00-0040365,Daryl Porter,PIT,NE,DB,0.0,0.0,0.0,0.0,0.0,0.0,0.0,0.0,0.0,0.0,0.0,0.0,0.0,0.0,0.0,0.0,0.0,,roster_only,2026-09-15T19:45:44+00:00
2026,2,401872946,00-0041393,Daylen Everette,PIT,NE,DB,0.0,0.0,0.0,0.0,0.0,0.0,0.0,0.0,0.0,0.0,0.0,0.0,0.0,0.0,2.3,0.0,6.2,,backup,2026-09-15T19:45:44+00:00
2026,2,401872946,00-0034277,DeShon Elliott,PIT,NE,DB,0.0,0.0,0.0,0.0,0.0,0.0,0.0,0.0,0.0,0.0,0.0,0.0,0.0,0.0,0.0,0.0,0.0,Injured Reserve,backup,2026-09-15T19:45:44+00:00
2026,2,401872946,00-0041259,Devan Boykin,PIT,NE,DB,0.0,0.0,0.0,0.0,0.0,0.0,0.0,0.0,0.0,0.0,0.0,0.0,0.0,0.0,0.0,0.0,0.0,,roster_only,2026-09-15T19:45:44+00:00
2026,2,401872946,00-0040341,Doneiko Slaughter,PIT,NE,DB,0.0,0.0,0.0,0.0,0.0,0.0,0.0,0.0,0.0,0.0,0.0,0.0,0.0,0.0,1.1,0.0,5.1,,backup,2026-09-15T19:45:44+00:00
2026,2,401872946,00-0040232,Donte Kent,PIT,NE,DB,0.0,0.0,0.0,0.0,0.0,0.0,0.0,0.0,0.0,0.0,0.0,0.0,0.0,0.0,0.0,0.0,0.0,Out,backup,2026-09-15T19:45:44+00:00
2026,2,401872946,00-0040284,Jack Henderson,PIT,NE,DB,0.0,0.0,0.0,0.0,0.0,0.0,0.0,0.0,0.0,0.0,0.0,0.0,0.0,0.0,0.0,0.0,0.0,,roster_only,2026-09-15T19:45:44+00:00
2026,2,401872946,00-0033055,Jalen Ramsey,PIT,NE,DB,0.0,0.0,0.0,0.0,0.0,0.0,0.0,0.0,0.0,0.0,0.0,0.0,0.0,0.0,3.9,1.3,7.4,Active,starter,2026-09-15T19:45:44+00:00
2026,2,401872946,00-0035699,Jamel Dean,PIT,NE,DB,0.0,0.0,0.0,0.0,0.0,0.0,0.0,0.0,0.0,0.0,0.0,0.0,0.0,0.0,3.5,0.9,7.0,,starter,2026-09-15T19:45:44+00:00
2026,2,401872946,00-0038135,Jaquan Brisker,PIT,NE,DB,0.0,0.0,0.0,0.0,0.0,0.0,0.0,0.0,0.0,0.0,0.0,0.0,0.0,0.0,6.1,3.4,9.6,Active,starter,2026-09-15T19:45:44+00:00
2026,2,401872946,00-0041147,Jaylon Guilbeau,PIT,NE,DB,0.0,0.0,0.0,0.0,0.0,0.0,0.0,0.0,0.0,0.0,0.0,0.0,0.0,0.0,0.0,0.0,0.0,,roster_only,2026-09-15T19:45:44+00:00
2026,2,401872946,00-0039167,Joey Porter Jr.,PIT,NE,DB,0.0,0.0,0.0,0.0,0.0,0.0,0.0,0.0,0.0,0.0,0.0,0.0,0.0,0.0,0.0,0.0,0.0,Out,starter,2026-09-15T19:45:44+00:00
2026,2,401872946,00-0033941,Rayshawn Jenkins,PIT,NE,DB,0.0,0.0,0.0,0.0,0.0,0.0,0.0,0.0,0.0,0.0,0.0,0.0,0.0,0.0,3.4,1.4,5.8,,starter,2026-09-15T19:45:44+00:00
2026,2,401872946,00-0041401,Robert Spears-Jennings,PIT,NE,DB,0.0,0.0,0.0,0.0,0.0,0.0,0.0,0.0,0.0,0.0,0.0,0.0,0.0,0.0,2.3,0.0,6.2,,backup,2026-09-15T19:45:44+00:00
2026,2,401872946,00-0040527,Sebastian Castro,PIT,NE,DB,0.0,0.0,0.0,0.0,0.0,0.0,0.0,0.0,0.0,0.0,0.0,0.0,0.0,0.0,0.0,0.0,0.0,,roster_only,2026-09-15T19:45:44+00:00
2026,2,401872946,00-0041488,Tamon Lynum,PIT,NE,DB,0.0,0.0,0.0,0.0,0.0,0.0,0.0,0.0,0.0,0.0,0.0,0.0,0.0,0.0,0.0,0.0,0.0,,roster_only,2026-09-15T19:45:44+00:00
2026,2,401872946,00-0027969,Cameron Heyward,PIT,NE,DL,0.0,0.0,0.0,0.0,0.0,0.0,0.0,0.0,0.0,0.0,0.0,0.0,0.0,0.0,3.2,1.2,5.6,,starter,2026-09-15T19:45:44+00:00
2026,2,401872946,00-0040678,Derrick Harmon,PIT,NE,DL,0.0,0.0,0.0,0.0,0.0,0.0,0.0,0.0,0.0,0.0,0.0,0.0,0.0,0.0,2.3,0.4,4.8,,starter,2026-09-15T19:45:44+00:00
2026,2,401872946,00-0037274,Esezi Otomewo,PIT,NE,DL,0.0,0.0,0.0,0.0,0.0,0.0,0.0,0.0,0.0,0.0,0.0,0.0,0.0,0.0,0.0,0.0,0.0,,roster_only,2026-09-15T19:45:44+00:00
2026,2,401872946,00-0041400,Gabe Rubio,PIT,NE,DL,0.0,0.0,0.0,0.0,0.0,0.0,0.0,0.0,0.0,0.0,0.0,0.0,0.0,0.0,0.0,0.0,0.0,,roster_only,2026-09-15T19:45:44+00:00
2026,2,401872946,00-0039110,Keeanu Benton,PIT,NE,DL,0.0,0.0,0.0,0.0,0.0,0.0,0.0,0.0,0.0,0.0,0.0,0.0,0.0,0.0,2.4,0.5,4.9,,starter,2026-09-15T19:45:44+00:00
2026,2,401872946,00-0041261,Kevin Jobity Jr.,PIT,NE,DL,0.0,0.0,0.0,0.0,0.0,0.0,0.0,0.0,0.0,0.0,0.0,0.0,0.0,0.0,1.2,0.0,4.7,Active,backup,2026-09-15T19:45:44+00:00
2026,2,401872946,00-0039609,Kyler Baugh,PIT,NE,DL,0.0,0.0,0.0,0.0,0.0,0.0,0.0,0.0,0.0,0.0,0.0,0.0,0.0,0.0,0.0,0.0,0.0,,roster_only,2026-09-15T19:45:44+00:00
2026,2,401872946,00-0039389,Logan Lee,PIT,NE,DL,0.0,0.0,0.0,0.0,0.0,0.0,0.0,0.0,0.0,0.0,0.0,0.0,0.0,0.0,0.0,0.0,0.0,,backup,2026-09-15T19:45:44+00:00
2026,2,401872946,00-0034810,Sebastian Joseph-Day,PIT,NE,DL,0.0,0.0,0.0,0.0,0.0,0.0,0.0,0.0,0.0,0.0,0.0,0.0,0.0,0.0,1.7,0.0,4.1,,backup,2026-09-15T19:45:44+00:00
2026,2,401872946,00-0040188,Yahya Black,PIT,NE,DL,0.0,0.0,0.0,0.0,0.0,0.0,0.0,0.0,0.0,0.0,0.0,0.0,0.0,0.0,1.8,0.0,4.3,,backup,2026-09-15T19:45:44+00:00
2026,2,401872946,00-0031136,Chris Boswell,PIT,NE,K,0.0,0.0,0.0,0.0,0.0,0.0,0.0,0.0,0.0,0.0,0.0,7.1,2.0,12.9,0.0,0.0,0.0,Active,starter,2026-09-15T19:45:44+00:00
2026,2,401872946,00-0036333,Alex Highsmith,PIT,NE,LB,0.0,0.0,0.0,0.0,0.0,0.0,0.0,0.0,0.0,0.0,0.0,0.0,0.0,0.0,3.8,0.8,7.8,,starter,2026-09-15T19:45:44+00:00
2026,2,401872946,00-0040176,Bradyn Swinson,PIT,NE,LB,0.0,0.0,0.0,0.0,0.0,0.0,0.0,0.0,0.0,0.0,0.0,0.0,0.0,0.0,0.0,0.0,0.0,,roster_only,2026-09-15T19:45:44+00:00
2026,2,401872946,00-0040231,Carson Bruener,PIT,NE,LB,0.0,0.0,0.0,0.0,0.0,0.0,0.0,0.0,0.0,0.0,0.0,0.0,0.0,0.0,0.0,0.0,0.0,,roster_only,2026-09-15T19:45:44+00:00
2026,2,401872946,00-0035286,Cole Holcomb,PIT,NE,LB,0.0,0.0,0.0,0.0,0.0,0.0,0.0,0.0,0.0,0.0,0.0,0.0,0.0,0.0,1.1,0.0,3.6,,recent_defensive_participant,2026-09-15T19:45:44+00:00
2026,2,401872946,00-0040160,Jack Sawyer,PIT,NE,LB,0.0,0.0,0.0,0.0,0.0,0.0,0.0,0.0,0.0,0.0,0.0,0.0,0.0,0.0,1.9,0.0,4.4,,backup,2026-09-15T19:45:44+00:00
2026,2,401872946,00-0039457,Jacoby Windmon,PIT,NE,LB,0.0,0.0,0.0,0.0,0.0,0.0,0.0,0.0,0.0,0.0,0.0,0.0,0.0,0.0,0.0,0.0,0.0,,roster_only,2026-09-15T19:45:44+00:00
2026,2,401872946,00-0039931,Julius Welschof,PIT,NE,LB,0.0,0.0,0.0,0.0,0.0,0.0,0.0,0.0,0.0,0.0,0.0,0.0,0.0,0.0,0.0,0.0,0.0,,roster_only,2026-09-15T19:45:44+00:00
2026,2,401872946,00-0038577,Nick Herbig,PIT,NE,LB,0.0,0.0,0.0,0.0,0.0,0.0,0.0,0.0,0.0,0.0,0.0,0.0,0.0,0.0,2.0,0.1,4.5,,backup,2026-09-15T19:45:44+00:00
2026,2,401872946,00-0036323,Patrick Queen,PIT,NE,LB,0.0,0.0,0.0,0.0,0.0,0.0,0.0,0.0,0.0,0.0,0.0,0.0,0.0,0.0,6.6,3.6,10.6,,recent_defensive_participant,2026-09-15T19:45:44+00:00
2026,2,401872946,00-0039741,Payton Wilson,PIT,NE,LB,0.0,0.0,0.0,0.0,0.0,0.0,0.0,0.0,0.0,0.0,0.0,0.0,0.0,0.0,4.2,2.2,6.6,,recent_defensive_participant,2026-09-15T19:45:44+00:00
2026,2,401872946,00-0033886,T.J. Watt,PIT,NE,LB,0.0,0.0,0.0,0.0,0.0,0.0,0.0,0.0,0.0,0.0,0.0,0.0,0.0,0.0,3.6,0.6,7.6,Active,starter,2026-09-15T19:45:44+00:00
2026,2,401872946,00-0023459,Aaron Rodgers,PIT,NE,QB,224.5,131.0,330.7,1.605,0.8125,5.2,-5.5,20.2,0.0,0.0,0.0,0.0,0.0,0.0,0.0,0.0,0.0,Active,starter,2026-09-15T19:45:44+00:00
2026,2,401872946,00-0041565,Drew Allar,PIT,NE,QB,0.0,0.0,0.0,0.0,0.0,8.7,-8.8,33.4,0.0,0.0,0.0,0.0,0.0,0.0,0.0,0.0,0.0,Active,backup,2026-09-15T19:45:44+00:00
2026,2,401872946,00-0034771,Mason Rudolph,PIT,NE,QB,0.0,0.0,0.0,0.0,0.0,3.5,-7.2,18.5,0.0,0.0,0.0,0.0,0.0,0.0,0.0,0.0,0.0,,backup,2026-09-15T19:45:44+00:00
2026,2,401872946,00-0040203,Will Howard,PIT,NE,QB,0.0,0.0,0.0,0.0,0.0,8.7,-8.8,33.4,0.0,0.0,0.0,0.0,0.0,0.0,0.0,0.0,0.0,Active,backup,2026-09-15T19:45:44+00:00
2026,2,401872946,00-0041598,Alex Tecza,PIT,NE,RB,0.0,0.0,0.0,0.0,0.0,0.0,0.0,0.0,0.0,0.0,0.0,0.0,0.0,0.0,0.0,0.0,0.0,,roster_only,2026-09-15T19:45:44+00:00
2026,2,401872946,00-0041490,Eli Heidenreich,PIT,NE,RB,0.0,0.0,0.0,0.0,0.0,11.4,-18.8,53.9,3.0,-19.7,43.6,0.0,0.0,0.0,0.0,0.0,0.0,,backup,2026-09-15T19:45:44+00:00
2026,2,401872946,00-0037228,Jaylen Warren,PIT,NE,RB,0.0,0.0,0.0,0.0,0.0,45.8,23.8,76.7,9.8,-7.4,38.6,0.0,0.0,0.0,0.0,0.0,0.0,Active,starter,2026-09-15T19:45:44+00:00
2026,2,401872946,00-0038409,Lew Nichols III,PIT,NE,RB,0.0,0.0,0.0,0.0,0.0,0.0,0.0,0.0,0.0,0.0,0.0,0.0,0.0,0.0,0.0,0.0,0.0,,roster_only,2026-09-15T19:45:44+00:00
2026,2,401872946,00-0036139,Rico Dowdle,PIT,NE,RB,0.0,0.0,0.0,0.0,0.0,33.6,11.6,64.5,13.4,-3.7,42.2,0.0,0.0,0.0,0.0,0.0,0.0,Active,backup,2026-09-15T19:45:44+00:00
2026,2,401872946,00-0035594,Travis Homer,PIT,NE,RB,0.0,0.0,0.0,0.0,0.0,0.0,0.0,0.0,0.0,0.0,0.0,0.0,0.0,0.0,0.0,0.0,0.0,,roster_only,2026-09-15T19:45:44+00:00
2026,2,401872946,00-0038558,Darnell Washington,PIT,NE,TE,0.0,0.0,0.0,0.0,0.0,0.0,-10.8,14.9,13.3,-3.8,42.1,0.0,0.0,0.0,0.0,0.0,0.0,Active,starter,2026-09-15T19:45:44+00:00
2026,2,401872946,00-0039420,Jaheim Bell,PIT,NE,TE,0.0,0.0,0.0,0.0,0.0,0.0,0.0,0.0,0.0,0.0,0.0,0.0,0.0,0.0,0.0,0.0,0.0,,roster_only,2026-09-15T19:45:44+00:00
2026,2,401872946,00-0041263,Lake McRee,PIT,NE,TE,0.0,0.0,0.0,0.0,0.0,0.0,0.0,0.0,0.0,0.0,0.0,0.0,0.0,0.0,0.0,0.0,0.0,,roster_only,2026-09-15T19:45:44+00:00
2026,2,401872946,00-0040974,Lance Mason,PIT,NE,TE,0.0,0.0,0.0,0.0,0.0,0.0,0.0,0.0,0.0,0.0,0.0,0.0,0.0,0.0,0.0,0.0,0.0,,roster_only,2026-09-15T19:45:44+00:00
2026,2,401872946,00-0036894,Pat Freiermuth,PIT,NE,TE,0.0,0.0,0.0,0.0,0.0,0.0,-10.8,14.9,28.8,9.1,63.1,0.0,0.0,0.0,0.0,0.0,0.0,Active,backup,2026-09-15T19:45:44+00:00
2026,2,401872946,00-0041398,Riley Nowakowski,PIT,NE,TE,0.0,0.0,0.0,0.0,0.0,0.0,-14.8,20.6,9.3,-13.4,49.8,0.0,0.0,0.0,0.0,0.0,0.0,,starter,2026-09-15T19:45:44+00:00
2026,2,401872946,00-0033757,Robert Tonyan,PIT,NE,TE,0.0,0.0,0.0,0.0,0.0,0.0,-10.8,14.9,3.7,-13.5,32.5,0.0,0.0,0.0,0.0,0.0,0.0,,backup,2026-09-15T19:45:44+00:00
2026,2,401872946,00-0036862,Ben Skowronek,PIT,NE,WR,0.0,0.0,0.0,0.0,0.0,0.0,-10.8,15.0,1.0,-16.2,29.8,0.0,0.0,0.0,0.0,0.0,0.0,Active,backup,2026-09-15T19:45:44+00:00
2026,2,401872946,00-0037382,Brandon Johnson,PIT,NE,WR,0.0,0.0,0.0,0.0,0.0,0.0,0.0,0.0,0.0,0.0,0.0,0.0,0.0,0.0,0.0,0.0,0.0,,roster_only,2026-09-15T19:45:44+00:00
2026,2,401872946,00-0036775,Brandon Smith,PIT,NE,WR,0.0,0.0,0.0,0.0,0.0,0.0,0.0,0.0,0.0,0.0,0.0,0.0,0.0,0.0,0.0,0.0,0.0,,roster_only,2026-09-15T19:45:44+00:00
2026,2,401872946,00-0039626,Cole Burgess,PIT,NE,WR,0.0,0.0,0.0,0.0,0.0,0.0,0.0,0.0,0.0,0.0,0.0,0.0,0.0,0.0,0.0,0.0,0.0,,backup,2026-09-15T19:45:44+00:00
2026,2,401872946,00-0036647,Cornell Powell,PIT,NE,WR,0.0,0.0,0.0,0.0,0.0,0.0,0.0,0.0,0.0,0.0,0.0,0.0,0.0,0.0,0.0,0.0,0.0,,roster_only,2026-09-15T19:45:44+00:00
2026,2,401872946,00-0035640,DK Metcalf,PIT,NE,WR,0.0,0.0,0.0,0.0,0.0,0.0,-10.8,15.0,61.4,34.7,110.6,0.0,0.0,0.0,0.0,0.0,0.0,Active,starter,2026-09-15T19:45:44+00:00
2026,2,401872946,00-0041489,Germie Bernard,PIT,NE,WR,0.0,0.0,0.0,0.0,0.0,0.0,-14.7,20.7,6.8,-15.8,47.4,0.0,0.0,0.0,0.0,0.0,0.0,Active,backup,2026-09-15T19:45:44+00:00
2026,2,401872946,00-0038883,Isaiah Winstead,PIT,NE,WR,0.0,0.0,0.0,0.0,0.0,0.0,0.0,0.0,0.0,0.0,0.0,0.0,0.0,0.0,0.0,0.0,0.0,,roster_only,2026-09-15T19:45:44+00:00
2026,2,401872946,00-0040388,Jakobie Keeney-James,PIT,NE,WR,0.0,0.0,0.0,0.0,0.0,0.0,0.0,0.0,0.0,0.0,0.0,0.0,0.0,0.0,0.0,0.0,0.0,,roster_only,2026-09-15T19:45:44+00:00
2026,2,401872946,00-0041397,Kaden Wetjen,PIT,NE,WR,0.0,0.0,0.0,0.0,0.0,0.0,-14.8,20.6,6.4,-16.3,46.9,0.0,0.0,0.0,0.0,0.0,0.0,,backup,2026-09-15T19:45:44+00:00
2026,2,401872946,00-0040976,Levi Wentz,PIT,NE,WR,0.0,0.0,0.0,0.0,0.0,0.0,0.0,0.0,0.0,0.0,0.0,0.0,0.0,0.0,0.0,0.0,0.0,,roster_only,2026-09-15T19:45:44+00:00
2026,2,401872946,00-0040618,Max Hurleman,PIT,NE,WR,0.0,0.0,0.0,0.0,0.0,0.0,0.0,0.0,0.0,0.0,0.0,0.0,0.0,0.0,0.0,0.0,0.0,,roster_only,2026-09-15T19:45:44+00:00
2026,2,401872946,00-0036252,Michael Pittman,PIT,NE,WR,0.0,0.0,0.0,0.0,0.0,0.0,-10.8,15.0,32.2,5.5,81.4,0.0,0.0,0.0,0.0,0.0,0.0,Active,backup,2026-09-15T19:45:44+00:00
2026,2,401872946,00-0039739,Roman Wilson,PIT,NE,WR,0.0,0.0,0.0,0.0,0.0,0.0,-10.8,15.0,9.0,-8.2,37.8,0.0,0.0,0.0,0.0,0.0,0.0,Active,backup,2026-09-15T19:45:44+00:00
2026,2,401872947,00-0041417,"Al'zillion ""AZ"" Hamilton",LAR,NYG,DB,0.0,0.0,0.0,0.0,0.0,0.0,0.0,0.0,0.0,0.0,0.0,0.0,0.0,0.0,0.0,0.0,0.0,,roster_only,2026-09-15T19:45:44+00:00
2026,2,401872947,00-0038475,Alex Cook,LAR,NYG,DB,0.0,0.0,0.0,0.0,0.0,0.0,0.0,0.0,0.0,0.0,0.0,0.0,0.0,0.0,0.0,0.0,0.0,,roster_only,2026-09-15T19:45:44+00:00
2026,2,401872947,00-0039506,Alex Johnson,LAR,NYG,DB,0.0,0.0,0.0,0.0,0.0,0.0,0.0,0.0,0.0,0.0,0.0,0.0,0.0,0.0,0.0,0.0,0.0,,roster_only,2026-09-15T19:45:44+00:00
2026,2,401872947,00-0039780,Cam Lampkin,LAR,NYG,DB,0.0,0.0,0.0,0.0,0.0,0.0,0.0,0.0,0.0,0.0,0.0,0.0,0.0,0.0,0.0,0.0,0.0,,roster_only,2026-09-15T19:45:44+00:00
2026,2,401872947,00-0039151,Emmanuel Forbes,LAR,NYG,DB,0.0,0.0,0.0,0.0,0.0,0.0,0.0,0.0,0.0,0.0,0.0,0.0,0.0,0.0,3.0,0.4,6.6,,backup,2026-09-15T19:45:44+00:00
2026,2,401872947,00-0039776,Jaylen McCollough,LAR,NYG,DB,0.0,0.0,0.0,0.0,0.0,0.0,0.0,0.0,0.0,0.0,0.0,0.0,0.0,0.0,3.6,0.9,7.1,,backup,2026-09-15T19:45:44+00:00
2026,2,401872947,00-0037195,Jaylen Watson,LAR,NYG,DB,0.0,0.0,0.0,0.0,0.0,0.0,0.0,0.0,0.0,0.0,0.0,0.0,0.0,0.0,3.7,1.1,7.2,Active,starter,2026-09-15T19:45:44+00:00
2026,2,401872947,00-0039772,Josh Wallace,LAR,NYG,DB,0.0,0.0,0.0,0.0,0.0,0.0,0.0,0.0,0.0,0.0,0.0,0.0,0.0,0.0,3.1,0.9,5.8,,backup,2026-09-15T19:45:44+00:00
2026,2,401872947,00-0036349,Kam Curl,LAR,NYG,DB,0.0,0.0,0.0,0.0,0.0,0.0,0.0,0.0,0.0,0.0,0.0,0.0,0.0,0.0,5.7,3.1,9.2,Questionable,starter,2026-09-15T19:45:44+00:00
2026,2,401872947,00-0039834,Kamren Kinchens,LAR,NYG,DB,0.0,0.0,0.0,0.0,0.0,0.0,0.0,0.0,0.0,0.0,0.0,0.0,0.0,0.0,4.5,2.3,7.2,Active,starter,2026-09-15T19:45:44+00:00
2026,2,401872947,00-0040600,Nate Valcarcel,LAR,NYG,DB,0.0,0.0,0.0,0.0,0.0,0.0,0.0,0.0,0.0,0.0,0.0,0.0,0.0,0.0,0.0,0.0,0.0,,roster_only,2026-09-15T19:45:44+00:00
2026,2,401872947,00-0041413,Nick Andersen,LAR,NYG,DB,0.0,0.0,0.0,0.0,0.0,0.0,0.0,0.0,0.0,0.0,0.0,0.0,0.0,0.0,0.0,0.0,0.0,,roster_only,2026-09-15T19:45:44+00:00
2026,2,401872947,00-0041416,Nyzier Fourqurean,LAR,NYG,DB,0.0,0.0,0.0,0.0,0.0,0.0,0.0,0.0,0.0,0.0,0.0,0.0,0.0,0.0,0.0,0.0,0.0,,roster_only,2026-09-15T19:45:44+00:00
2026,2,401872947,00-0037841,Quentin Lake,LAR,NYG,DB,0.0,0.0,0.0,0.0,0.0,0.0,0.0,0.0,0.0,0.0,0.0,0.0,0.0,0.0,5.0,2.2,8.4,,starter,2026-09-15T19:45:44+00:00
2026,2,401872947,00-0038655,Steven Gilmore,LAR,NYG,DB,0.0,0.0,0.0,0.0,0.0,0.0,0.0,0.0,0.0,0.0,0.0,0.0,0.0,0.0,0.0,0.0,0.0,,roster_only,2026-09-15T19:45:44+00:00
2026,2,401872947,00-0038366,Tanner Ingle,LAR,NYG,DB,0.0,0.0,0.0,0.0,0.0,0.0,0.0,0.0,0.0,0.0,0.0,0.0,0.0,0.0,0.0,0.0,0.0,,roster_only,2026-09-15T19:45:44+00:00
2026,2,401872947,00-0037191,Trent McDuffie,LAR,NYG,DB,0.0,0.0,0.0,0.0,0.0,0.0,0.0,0.0,0.0,0.0,0.0,0.0,0.0,0.0,3.2,1.1,6.0,Active,starter,2026-09-15T19:45:44+00:00
2026,2,401872947,00-0036917,Zech McPhearson,LAR,NYG,DB,0.0,0.0,0.0,0.0,0.0,0.0,0.0,0.0,0.0,0.0,0.0,0.0,0.0,0.0,0.0,0.0,0.0,,roster_only,2026-09-15T19:45:44+00:00
2026,2,401872947,00-0031388,Aaron Donald,LAR,NYG,DL,0.0,0.0,0.0,0.0,0.0,0.0,0.0,0.0,0.0,0.0,0.0,0.0,0.0,0.0,1.3,0.0,4.9,Active,starter,2026-09-15T19:45:44+00:00
2026,2,401872947,00-0040595,Bill Norton,LAR,NYG,DL,0.0,0.0,0.0,0.0,0.0,0.0,0.0,0.0,0.0,0.0,0.0,0.0,0.0,0.0,0.0,0.0,0.0,,roster_only,2026-09-15T19:45:44+00:00
2026,2,401872947,00-0039734,Braden Fiske,LAR,NYG,DL,0.0,0.0,0.0,0.0,0.0,0.0,0.0,0.0,0.0,0.0,0.0,0.0,0.0,0.0,1.2,0.0,3.7,,backup,2026-09-15T19:45:44+00:00
2026,2,401872947,00-0041428,Jaxson Moi,LAR,NYG,DL,0.0,0.0,0.0,0.0,0.0,0.0,0.0,0.0,0.0,0.0,0.0,0.0,0.0,0.0,0.0,0.0,0.0,,roster_only,2026-09-15T19:45:44+00:00
2026,2,401872947,00-0039138,Kobie Turner,LAR,NYG,DL,0.0,0.0,0.0,0.0,0.0,0.0,0.0,0.0,0.0,0.0,0.0,0.0,0.0,0.0,2.8,0.7,5.6,Active,starter,2026-09-15T19:45:44+00:00
2026,2,401872947,00-0036237,Larrell Murchison,LAR,NYG,DL,0.0,0.0,0.0,0.0,0.0,0.0,0.0,0.0,0.0,0.0,0.0,0.0,0.0,0.0,0.0,0.0,0.0,,roster_only,2026-09-15T19:45:44+00:00
2026,2,401872947,00-0041423,Payton Zdroik,LAR,NYG,DL,0.0,0.0,0.0,0.0,0.0,0.0,0.0,0.0,0.0,0.0,0.0,0.0,0.0,0.0,0.0,0.0,0.0,,roster_only,2026-09-15T19:45:44+00:00
2026,2,401872947,00-0034234,Poona Ford,LAR,NYG,DL,0.0,0.0,0.0,0.0,0.0,0.0,0.0,0.0,0.0,0.0,0.0,0.0,0.0,0.0,2.2,0.3,4.7,,starter,2026-09-15T19:45:44+00:00
2026,2,401872947,00-0040585,Ty Hamilton,LAR,NYG,DL,0.0,0.0,0.0,0.0,0.0,0.0,0.0,0.0,0.0,0.0,0.0,0.0,0.0,0.0,0.9,0.0,3.4,,backup,2026-09-15T19:45:44+00:00
2026,2,401872947,00-0039749,Tyler Davis,LAR,NYG,DL,0.0,0.0,0.0,0.0,0.0,0.0,0.0,0.0,0.0,0.0,0.0,0.0,0.0,0.0,2.2,0.3,4.7,Active,backup,2026-09-15T19:45:44+00:00
2026,2,401872947,00-0039498,Harrison Mevis,LAR,NYG,K,0.0,0.0,0.0,0.0,0.0,0.0,0.0,0.0,0.0,0.0,0.0,8.0,3.5,13.3,0.0,0.0,0.0,,starter,2026-09-15T19:45:44+00:00
2026,2,401872947,00-0039137,Byron Young,LAR,NYG,LB,0.0,0.0,0.0,0.0,0.0,0.0,0.0,0.0,0.0,0.0,0.0,0.0,0.0,0.0,3.8,0.8,7.8,Active,starter,2026-09-15T19:45:44+00:00
2026,2,401872947,00-0041587,Daniel Rickert,LAR,NYG,LB,0.0,0.0,0.0,0.0,0.0,0.0,0.0,0.0,0.0,0.0,0.0,0.0,0.0,0.0,0.0,0.0,0.0,,backup,2026-09-15T19:45:44+00:00
2026,2,401872947,00-0041421,Darryl Peterson III,LAR,NYG,LB,0.0,0.0,0.0,0.0,0.0,0.0,0.0,0.0,0.0,0.0,0.0,0.0,0.0,0.0,0.0,0.0,0.0,,roster_only,2026-09-15T19:45:44+00:00
2026,2,401872947,00-0039061,Desjuan Johnson,LAR,NYG,LB,0.0,0.0,0.0,0.0,0.0,0.0,0.0,0.0,0.0,0.0,0.0,0.0,0.0,0.0,2.0,0.0,4.5,,starter,2026-09-15T19:45:44+00:00
2026,2,401872947,00-0040971,Devean Deal,LAR,NYG,LB,0.0,0.0,0.0,0.0,0.0,0.0,0.0,0.0,0.0,0.0,0.0,0.0,0.0,0.0,0.0,0.0,0.0,,roster_only,2026-09-15T19:45:44+00:00
2026,2,401872947,00-0041429,Eddie Walls III,LAR,NYG,LB,0.0,0.0,0.0,0.0,0.0,0.0,0.0,0.0,0.0,0.0,0.0,0.0,0.0,0.0,0.0,0.0,0.0,,backup,2026-09-15T19:45:44+00:00
2026,2,401872947,00-0039775,Elias Neal,LAR,NYG,LB,0.0,0.0,0.0,0.0,0.0,0.0,0.0,0.0,0.0,0.0,0.0,0.0,0.0,0.0,0.0,0.0,0.0,,roster_only,2026-09-15T19:45:44+00:00
2026,2,401872947,00-0036672,Grant Stuard,LAR,NYG,LB,0.0,0.0,0.0,0.0,0.0,0.0,0.0,0.0,0.0,0.0,0.0,0.0,0.0,0.0,0.0,0.0,0.0,,roster_only,2026-09-15T19:45:44+00:00
2026,2,401872947,00-0039944,Jamie Sheriff,LAR,NYG,LB,0.0,0.0,0.0,0.0,0.0,0.0,0.0,0.0,0.0,0.0,0.0,0.0,0.0,0.0,0.0,0.0,0.0,,roster_only,2026-09-15T19:45:44+00:00
2026,2,401872947,00-0040580,Josaiah Stewart,LAR,NYG,LB,0.0,0.0,0.0,0.0,0.0,0.0,0.0,0.0,0.0,0.0,0.0,0.0,0.0,0.0,1.4,0.0,3.9,,backup,2026-09-15T19:45:44+00:00
2026,2,401872947,00-0037057,Keir Thomas,LAR,NYG,LB,0.0,0.0,0.0,0.0,0.0,0.0,0.0,0.0,0.0,0.0,0.0,0.0,0.0,0.0,0.0,0.0,0.0,,backup,2026-09-15T19:45:44+00:00
2026,2,401872947,00-0033868,Myles Garrett,LAR,NYG,LB,0.0,0.0,0.0,0.0,0.0,0.0,0.0,0.0,0.0,0.0,0.0,0.0,0.0,0.0,0.0,0.0,0.0,Out,backup,2026-09-15T19:45:44+00:00
2026,2,401872947,00-0037587,Nate Landman,LAR,NYG,LB,0.0,0.0,0.0,0.0,0.0,0.0,0.0,0.0,0.0,0.0,0.0,0.0,0.0,0.0,5.8,2.8,9.8,Questionable,recent_defensive_participant,2026-09-15T19:45:44+00:00
2026,2,401872947,00-0041419,Nikhai Hill-Green,LAR,NYG,LB,0.0,0.0,0.0,0.0,0.0,0.0,0.0,0.0,0.0,0.0,0.0,0.0,0.0,0.0,0.0,0.0,0.0,,roster_only,2026-09-15T19:45:44+00:00
2026,2,401872947,00-0039774,Omar Speights,LAR,NYG,LB,0.0,0.0,0.0,0.0,0.0,0.0,0.0,0.0,0.0,0.0,0.0,0.0,0.0,0.0,4.4,1.4,8.4,Questionable,recent_defensive_participant,2026-09-15T19:45:44+00:00
2026,2,401872947,00-0040613,Shaun Dolac,LAR,NYG,LB,0.0,0.0,0.0,0.0,0.0,0.0,0.0,0.0,0.0,0.0,0.0,0.0,0.0,0.0,0.8,0.0,3.2,,recent_defensive_participant,2026-09-15T19:45:44+00:00
2026,2,401872947,00-0041404,Wesley Bailey,LAR,NYG,LB,0.0,0.0,0.0,0.0,0.0,0.0,0.0,0.0,0.0,0.0,0.0,0.0,0.0,0.0,1.7,0.0,5.2,,backup,2026-09-15T19:45:44+00:00
2026,2,401872947,00-0041414,Matthew Caldwell,LAR,NYG,QB,0.0,0.0,0.0,0.0,0.0,0.0,0.0,0.0,0.0,0.0,0.0,0.0,0.0,0.0,0.0,0.0,0.0,,backup,2026-09-15T19:45:44+00:00
2026,2,401872947,00-0026498,Matthew Stafford,LAR,NYG,QB,247.5,154.0,353.7,1.589,0.8125,2.5,-8.2,17.6,0.0,0.0,0.0,0.0,0.0,0.0,0.0,0.0,0.0,,starter,2026-09-15T19:45:44+00:00
2026,2,401872947,00-0039107,Stetson Bennett,LAR,NYG,QB,0.0,0.0,0.0,0.0,0.0,9.1,-8.5,33.8,0.0,0.0,0.0,0.0,0.0,0.0,0.0,0.0,0.0,Active,backup,2026-09-15T19:45:44+00:00
2026,2,401872947,00-0041568,Ty Simpson,LAR,NYG,QB,0.0,0.0,0.0,0.0,0.0,9.0,-8.6,33.7,0.0,0.0,0.0,0.0,0.0,0.0,0.0,0.0,0.0,Active,backup,2026-09-15T19:45:44+00:00
2026,2,401872947,00-0039738,Blake Corum,LAR,NYG,RB,0.0,0.0,0.0,0.0,0.0,38.7,16.7,69.6,3.6,-13.5,32.4,0.0,0.0,0.0,0.0,0.0,0.0,,backup,2026-09-15T19:45:44+00:00
2026,2,401872947,00-0041415,Dean Connors,LAR,NYG,RB,0.0,0.0,0.0,0.0,0.0,0.0,0.0,0.0,0.0,0.0,0.0,0.0,0.0,0.0,0.0,0.0,0.0,,roster_only,2026-09-15T19:45:44+00:00
2026,2,401872947,00-0040601,Jordan Waters,LAR,NYG,RB,0.0,0.0,0.0,0.0,0.0,0.0,0.0,0.0,0.0,0.0,0.0,0.0,0.0,0.0,0.0,0.0,0.0,,roster_only,2026-09-15T19:45:44+00:00
2026,2,401872947,00-0037840,Kyren Williams,LAR,NYG,RB,0.0,0.0,0.0,0.0,0.0,61.8,39.8,92.8,15.9,-1.3,44.7,0.0,0.0,0.0,0.0,0.0,0.0,,starter,2026-09-15T19:45:44+00:00
2026,2,401872947,00-0037557,Ronnie Rivers,LAR,NYG,RB,0.0,0.0,0.0,0.0,0.0,8.4,-2.3,23.4,1.8,-15.3,30.7,0.0,0.0,0.0,0.0,0.0,0.0,Active,backup,2026-09-15T19:45:44+00:00
2026,2,401872947,00-0036244,Colby Parkinson,LAR,NYG,TE,0.0,0.0,0.0,0.0,0.0,0.0,-10.8,15.0,25.3,5.6,59.6,0.0,0.0,0.0,0.0,0.0,0.0,Active,starter,2026-09-15T19:45:44+00:00
2026,2,401872947,00-0041422,Dan Villari,LAR,NYG,TE,0.0,0.0,0.0,0.0,0.0,0.0,0.0,0.0,0.0,0.0,0.0,0.0,0.0,0.0,0.0,0.0,0.0,,roster_only,2026-09-15T19:45:44+00:00
2026,2,401872947,00-0039074,Davis Allen,LAR,NYG,TE,0.0,0.0,0.0,0.0,0.0,0.0,-10.8,14.9,12.6,-4.5,41.4,0.0,0.0,0.0,0.0,0.0,0.0,Active,backup,2026-09-15T19:45:44+00:00
2026,2,401872947,00-0041510,Max Klare,LAR,NYG,TE,0.0,0.0,0.0,0.0,0.0,0.0,-14.8,20.7,4.3,-18.3,44.9,0.0,0.0,0.0,0.0,0.0,0.0,Active,backup,2026-09-15T19:45:44+00:00
2026,2,401872947,00-0041403,Rohan Jones,LAR,NYG,TE,0.0,0.0,0.0,0.0,0.0,0.0,0.0,0.0,0.0,0.0,0.0,0.0,0.0,0.0,0.0,0.0,0.0,,roster_only,2026-09-15T19:45:44+00:00
2026,2,401872947,00-0040737,Terrance Ferguson,LAR,NYG,TE,0.0,0.0,0.0,0.0,0.0,0.0,-10.8,15.0,14.7,-2.5,43.5,0.0,0.0,0.0,0.0,0.0,0.0,Active,backup,2026-09-15T19:45:44+00:00
2026,2,401872947,00-0033110,Tyler Higbee,LAR,NYG,TE,0.0,0.0,0.0,0.0,0.0,0.0,-10.8,15.0,18.1,1.0,46.9,0.0,0.0,0.0,0.0,0.0,0.0,Active,backup,2026-09-15T19:45:44+00:00
2026,2,401872947,00-0035602,Alex Bachman,LAR,NYG,WR,0.0,0.0,0.0,0.0,0.0,0.0,0.0,0.0,0.0,0.0,0.0,0.0,0.0,0.0,0.0,0.0,0.0,,roster_only,2026-09-15T19:45:44+00:00
2026,2,401872947,00-0040597,Brennan Presley,LAR,NYG,WR,0.0,0.0,0.0,0.0,0.0,0.0,0.0,0.0,0.0,0.0,0.0,0.0,0.0,0.0,0.0,0.0,0.0,,roster_only,2026-09-15T19:45:44+00:00
2026,2,401872947,00-0041399,CJ Daniels,LAR,NYG,WR,0.0,0.0,0.0,0.0,0.0,0.1,-14.7,20.7,7.6,-15.0,48.2,0.0,0.0,0.0,0.0,0.0,0.0,Active,backup,2026-09-15T19:45:44+00:00
2026,2,401872947,00-0031381,Davante Adams,LAR,NYG,WR,0.0,0.0,0.0,0.0,0.0,0.0,-10.8,15.0,49.0,22.4,98.2,0.0,0.0,0.0,0.0,0.0,0.0,,backup,2026-09-15T19:45:44+00:00
2026,2,401872947,00-0039751,Jordan Whittington,LAR,NYG,WR,0.0,0.0,0.0,0.0,0.0,0.0,-10.8,15.0,6.4,-10.8,35.2,0.0,0.0,0.0,0.0,0.0,0.0,Active,backup,2026-09-15T19:45:44+00:00
2026,2,401872947,00-0040590,Konata Mumpfield,LAR,NYG,WR,0.0,0.0,0.0,0.0,0.0,0.0,-10.8,15.0,17.2,-9.4,66.4,0.0,0.0,0.0,0.0,0.0,0.0,Active,backup,2026-09-15T19:45:44+00:00
2026,2,401872947,00-0039075,Puka Nacua,LAR,NYG,WR,0.0,0.0,0.0,0.0,0.0,1.0,-9.7,16.1,76.3,49.7,125.5,0.0,0.0,0.0,0.0,0.0,0.0,,starter,2026-09-15T19:45:44+00:00
2026,2,401872947,00-0040609,Tru Edwards,LAR,NYG,WR,0.0,0.0,0.0,0.0,0.0,0.0,0.0,0.0,0.0,0.0,0.0,0.0,0.0,0.0,0.0,0.0,0.0,,roster_only,2026-09-15T19:45:44+00:00
2026,2,401872947,00-0036849,Tutu Atwell,LAR,NYG,WR,0.0,0.0,0.0,0.0,0.0,0.0,-10.7,15.0,10.3,-6.9,39.1,0.0,0.0,0.0,0.0,0.0,0.0,Active,backup,2026-09-15T19:45:44+00:00
2026,2,401872947,00-0038941,Tyler Scott,LAR,NYG,WR,0.0,0.0,0.0,0.0,0.0,0.0,0.0,0.0,0.0,0.0,0.0,0.0,0.0,0.0,0.0,0.0,0.0,,roster_only,2026-09-15T19:45:44+00:00
2026,2,401872947,00-0038359,Xavier Smith,LAR,NYG,WR,0.0,0.0,0.0,0.0,0.0,0.0,-10.8,15.0,19.0,1.8,47.8,0.0,0.0,0.0,0.0,0.0,0.0,Active,backup,2026-09-15T19:45:44+00:00
2026,2,401872947,00-0039821,Andru Phillips,NYG,LAR,DB,0.0,0.0,0.0,0.0,0.0,0.0,0.0,0.0,0.0,0.0,0.0,0.0,0.0,0.0,3.8,1.6,6.5,Active,starter,2026-09-15T19:45:44+00:00
2026,2,401872947,00-0036587,Ar'Darius Washington,NYG,LAR,DB,0.0,0.0,0.0,0.0,0.0,0.0,0.0,0.0,0.0,0.0,0.0,0.0,0.0,0.0,1.7,0.0,4.1,,backup,2026-09-15T19:45:44+00:00
2026,2,401872947,00-0038788,Art Green,NYG,LAR,DB,0.0,0.0,0.0,0.0,0.0,0.0,0.0,0.0,0.0,0.0,0.0,0.0,0.0,0.0,0.0,0.0,0.0,,roster_only,2026-09-15T19:45:44+00:00
2026,2,401872947,00-0039241,Beau Brade,NYG,LAR,DB,0.0,0.0,0.0,0.0,0.0,0.0,0.0,0.0,0.0,0.0,0.0,0.0,0.0,0.0,0.0,0.0,0.0,,roster_only,2026-09-15T19:45:44+00:00
2026,2,401872947,00-0041462,Colton Hood,NYG,LAR,DB,0.0,0.0,0.0,0.0,0.0,0.0,0.0,0.0,0.0,0.0,0.0,0.0,0.0,0.0,2.2,0.0,6.1,Active,backup,2026-09-15T19:45:44+00:00
2026,2,401872947,00-0039800,DJ James,NYG,LAR,DB,0.0,0.0,0.0,0.0,0.0,0.0,0.0,0.0,0.0,0.0,0.0,0.0,0.0,0.0,0.0,0.0,0.0,,roster_only,2026-09-15T19:45:44+00:00
2026,2,401872947,00-0039000,Deonte Banks,NYG,LAR,DB,0.0,0.0,0.0,0.0,0.0,0.0,0.0,0.0,0.0,0.0,0.0,0.0,0.0,0.0,3.3,1.1,6.0,,starter,2026-09-15T19:45:44+00:00
2026,2,401872947,00-0034248,Elijah Campbell,NYG,LAR,DB,0.0,0.0,0.0,0.0,0.0,0.0,0.0,0.0,0.0,0.0,0.0,0.0,0.0,0.0,0.9,0.0,3.4,,backup,2026-09-15T19:45:44+00:00
2026,2,401872947,00-0039823,Elijah Jones,NYG,LAR,DB,0.0,0.0,0.0,0.0,0.0,0.0,0.0,0.0,0.0,0.0,0.0,0.0,0.0,0.0,0.0,0.0,0.0,,roster_only,2026-09-15T19:45:44+00:00
2026,2,401872947,00-0036996,Greg Newsome II,NYG,LAR,DB,0.0,0.0,0.0,0.0,0.0,0.0,0.0,0.0,0.0,0.0,0.0,0.0,0.0,0.0,3.3,0.7,6.9,Active,starter,2026-09-15T19:45:44+00:00
2026,2,401872947,00-0038091,JT Woods,NYG,LAR,DB,0.0,0.0,0.0,0.0,0.0,0.0,0.0,0.0,0.0,0.0,0.0,0.0,0.0,0.0,0.0,0.0,0.0,,roster_only,2026-09-15T19:45:44+00:00
2026,2,401872947,00-0038401,Jarrick Bernard-Converse,NYG,LAR,DB,0.0,0.0,0.0,0.0,0.0,0.0,0.0,0.0,0.0,0.0,0.0,0.0,0.0,0.0,0.0,0.0,0.0,,backup,2026-09-15T19:45:44+00:00
2026,2,401872947,00-0036502,Jason Pinnock,NYG,LAR,DB,0.0,0.0,0.0,0.0,0.0,0.0,0.0,0.0,0.0,0.0,0.0,0.0,0.0,0.0,1.8,0.0,4.3,Active,backup,2026-09-15T19:45:44+00:00
2026,2,401872947,00-0036998,Jevon Holland,NYG,LAR,DB,0.0,0.0,0.0,0.0,0.0,0.0,0.0,0.0,0.0,0.0,0.0,0.0,0.0,0.0,5.2,2.5,8.7,,starter,2026-09-15T19:45:44+00:00
2026,2,401872947,00-0040243,Korie Black,NYG,LAR,DB,0.0,0.0,0.0,0.0,0.0,0.0,0.0,0.0,0.0,0.0,0.0,0.0,0.0,0.0,0.0,0.0,0.0,,backup,2026-09-15T19:45:44+00:00
2026,2,401872947,00-0038986,Nic Jones,NYG,LAR,DB,0.0,0.0,0.0,0.0,0.0,0.0,0.0,0.0,0.0,0.0,0.0,0.0,0.0,0.0,1.1,0.0,3.6,Active,backup,2026-09-15T19:45:44+00:00
2026,2,401872947,00-0036937,Paulson Adebo,NYG,LAR,DB,0.0,0.0,0.0,0.0,0.0,0.0,0.0,0.0,0.0,0.0,0.0,0.0,0.0,0.0,5.0,2.3,8.5,Active,backup,2026-09-15T19:45:44+00:00
2026,2,401872947,00-0037468,Raheem Layne,NYG,LAR,DB,0.0,0.0,0.0,0.0,0.0,0.0,0.0,0.0,0.0,0.0,0.0,0.0,0.0,0.0,0.0,0.0,0.0,,roster_only,2026-09-15T19:45:44+00:00
2026,2,401872947,00-0039620,Rico Payton,NYG,LAR,DB,0.0,0.0,0.0,0.0,0.0,0.0,0.0,0.0,0.0,0.0,0.0,0.0,0.0,0.0,0.0,0.0,0.0,,backup,2026-09-15T19:45:44+00:00
2026,2,401872947,00-0041142,Thaddeus Dixon,NYG,LAR,DB,0.0,0.0,0.0,0.0,0.0,0.0,0.0,0.0,0.0,0.0,0.0,0.0,0.0,0.0,0.0,0.0,0.0,,backup,2026-09-15T19:45:44+00:00
2026,2,401872947,00-0039861,Tyler Nubin,NYG,LAR,DB,0.0,0.0,0.0,0.0,0.0,0.0,0.0,0.0,0.0,0.0,0.0,0.0,0.0,0.0,5.6,2.9,9.1,,starter,2026-09-15T19:45:44+00:00
2026,2,401872947,00-0041140,Anquin Barnes Jr.,NYG,LAR,DL,0.0,0.0,0.0,0.0,0.0,0.0,0.0,0.0,0.0,0.0,0.0,0.0,0.0,0.0,0.0,0.0,0.0,,roster_only,2026-09-15T19:45:44+00:00
2026,2,401872947,00-0039176,Basil Okoye,NYG,LAR,DL,0.0,0.0,0.0,0.0,0.0,0.0,0.0,0.0,0.0,0.0,0.0,0.0,0.0,0.0,1.1,0.0,3.6,,backup,2026-09-15T19:45:44+00:00
2026,2,401872947,00-0041141,Ben Barten,NYG,LAR,DL,0.0,0.0,0.0,0.0,0.0,0.0,0.0,0.0,0.0,0.0,0.0,0.0,0.0,0.0,0.0,0.0,0.0,,roster_only,2026-09-15T19:45:44+00:00
2026,2,401872947,00-0041095,Bobby Jamison-Travis,NYG,LAR,DL,0.0,0.0,0.0,0.0,0.0,0.0,0.0,0.0,0.0,0.0,0.0,0.0,0.0,0.0,1.2,0.0,4.7,Active,backup,2026-09-15T19:45:44+00:00
2026,2,401872947,00-0036982,Chauncey Golston,NYG,LAR,DL,0.0,0.0,0.0,0.0,0.0,0.0,0.0,0.0,0.0,0.0,0.0,0.0,0.0,0.0,2.2,0.2,4.7,,starter,2026-09-15T19:45:44+00:00
2026,2,401872947,00-0032424,DJ Reader,NYG,LAR,DL,0.0,0.0,0.0,0.0,0.0,0.0,0.0,0.0,0.0,0.0,0.0,0.0,0.0,0.0,1.9,0.0,4.4,,starter,2026-09-15T19:45:44+00:00
2026,2,401872947,00-0040694,Darius Alexander,NYG,LAR,DL,0.0,0.0,0.0,0.0,0.0,0.0,0.0,0.0,0.0,0.0,0.0,0.0,0.0,0.0,1.7,0.0,4.2,,backup,2026-09-15T19:45:44+00:00
2026,2,401872947,00-0033347,Josh Tupou,NYG,LAR,DL,0.0,0.0,0.0,0.0,0.0,0.0,0.0,0.0,0.0,0.0,0.0,0.0,0.0,0.0,0.0,0.0,0.0,,roster_only,2026-09-15T19:45:44+00:00
2026,2,401872947,00-0032667,Roy Robertson-Harris,NYG,LAR,DL,0.0,0.0,0.0,0.0,0.0,0.0,0.0,0.0,0.0,0.0,0.0,0.0,0.0,0.0,0.0,0.0,0.0,Injured Reserve,backup,2026-09-15T19:45:44+00:00
2026,2,401872947,00-0031270,Shelby Harris,NYG,LAR,DL,0.0,0.0,0.0,0.0,0.0,0.0,0.0,0.0,0.0,0.0,0.0,0.0,0.0,0.0,2.3,0.2,5.1,,starter,2026-09-15T19:45:44+00:00
2026,2,401872947,00-0040530,Ben Sauls,NYG,LAR,K,0.0,0.0,0.0,0.0,0.0,0.0,0.0,0.0,0.0,0.0,0.0,0.0,0.0,0.0,0.0,0.0,0.0,,kicker_role,2026-09-15T19:45:44+00:00
2026,2,401872947,00-0041145,Dominic Zvada,NYG,LAR,K,0.0,0.0,0.0,0.0,0.0,0.0,0.0,0.0,0.0,0.0,0.0,7.2,0.7,14.7,0.0,0.0,0.0,Active,starter,2026-09-15T19:45:44+00:00
2026,2,401872947,00-0040677,Abdul Carter,NYG,LAR,LB,0.0,0.0,0.0,0.0,0.0,0.0,0.0,0.0,0.0,0.0,0.0,0.0,0.0,0.0,3.5,0.5,7.5,,starter,2026-09-15T19:45:44+00:00
2026,2,401872947,00-0038908,Anfernee Orji,NYG,LAR,LB,0.0,0.0,0.0,0.0,0.0,0.0,0.0,0.0,0.0,0.0,0.0,0.0,0.0,0.0,0.0,0.0,0.0,,roster_only,2026-09-15T19:45:44+00:00
2026,2,401872947,00-0041509,Arvell Reese,NYG,LAR,LB,0.0,0.0,0.0,0.0,0.0,0.0,0.0,0.0,0.0,0.0,0.0,0.0,0.0,0.0,1.3,0.0,4.9,,recent_defensive_participant,2026-09-15T19:45:44+00:00
2026,2,401872947,00-0035713,Brian Burns,NYG,LAR,LB,0.0,0.0,0.0,0.0,0.0,0.0,0.0,0.0,0.0,0.0,0.0,0.0,0.0,0.0,3.0,0.1,7.1,,starter,2026-09-15T19:45:44+00:00
2026,2,401872947,00-0040108,Chandler Martin,NYG,LAR,LB,0.0,0.0,0.0,0.0,0.0,0.0,0.0,0.0,0.0,0.0,0.0,0.0,0.0,0.0,0.0,0.0,0.0,,roster_only,2026-09-15T19:45:44+00:00
2026,2,401872947,00-0041102,Jack Kelly,NYG,LAR,LB,0.0,0.0,0.0,0.0,0.0,0.0,0.0,0.0,0.0,0.0,0.0,0.0,0.0,0.0,0.0,0.0,0.0,,roster_only,2026-09-15T19:45:44+00:00
2026,2,401872947,00-0037611,Kayvon Thibodeaux,NYG,LAR,LB,0.0,0.0,0.0,0.0,0.0,0.0,0.0,0.0,0.0,0.0,0.0,0.0,0.0,0.0,2.6,0.0,6.7,,backup,2026-09-15T19:45:44+00:00
2026,2,401872947,00-0036280,Malik Harrison,NYG,LAR,LB,0.0,0.0,0.0,0.0,0.0,0.0,0.0,0.0,0.0,0.0,0.0,0.0,0.0,0.0,0.0,0.0,0.0,,roster_only,2026-09-15T19:45:44+00:00
2026,2,401872947,00-0037259,Micah McFadden,NYG,LAR,LB,0.0,0.0,0.0,0.0,0.0,0.0,0.0,0.0,0.0,0.0,0.0,0.0,0.0,0.0,0.0,0.0,0.0,,roster_only,2026-09-15T19:45:44+00:00
2026,2,401872947,00-0040434,Trace Ford,NYG,LAR,LB,0.0,0.0,0.0,0.0,0.0,0.0,0.0,0.0,0.0,0.0,0.0,0.0,0.0,0.0,0.0,0.0,0.0,,roster_only,2026-09-15T19:45:44+00:00
2026,2,401872947,00-0034673,Tremaine Edmunds,NYG,LAR,LB,0.0,0.0,0.0,0.0,0.0,0.0,0.0,0.0,0.0,0.0,0.0,0.0,0.0,0.0,6.8,4.0,11.0,,recent_defensive_participant,2026-09-15T19:45:44+00:00
2026,2,401872947,00-0038399,Zaire Barnes,NYG,LAR,LB,0.0,0.0,0.0,0.0,0.0,0.0,0.0,0.0,0.0,0.0,0.0,0.0,0.0,0.0,0.0,0.0,0.0,,roster_only,2026-09-15T19:45:44+00:00
2026,2,401872947,00-0038998,Jake Haener,NYG,LAR,QB,0.0,0.0,0.0,0.0,0.0,0.0,0.0,0.0,0.0,0.0,0.0,0.0,0.0,0.0,0.0,0.0,0.0,,roster_only,2026-09-15T19:45:44+00:00
2026,2,401872947,00-0031503,Jameis Winston,NYG,LAR,QB,0.0,0.0,0.0,0.0,0.0,6.4,-6.4,24.3,0.0,0.0,0.0,0.0,0.0,0.0,0.0,0.0,0.0,,backup,2026-09-15T19:45:44+00:00
2026,2,401872947,00-0040691,Jaxson Dart,NYG,LAR,QB,175.6,82.1,281.8,1.178,0.6547619047619048,28.8,16.1,46.8,0.0,0.0,0.0,0.0,0.0,0.0,0.0,0.0,0.0,Active,starter,2026-09-15T19:45:44+00:00
2026,2,401872947,00-0040715,Cam Skattebo,NYG,LAR,RB,0.0,0.0,0.0,0.0,0.0,36.4,14.4,67.3,14.8,-2.3,43.7,0.0,0.0,0.0,0.0,0.0,0.0,Active,starter,2026-09-15T19:45:44+00:00
2026,2,401872947,00-0035250,Devin Singletary,NYG,LAR,RB,0.0,0.0,0.0,0.0,0.0,26.4,4.4,57.3,8.9,-8.2,37.7,0.0,0.0,0.0,0.0,0.0,0.0,Active,backup,2026-09-15T19:45:44+00:00
2026,2,401872947,00-0038396,Eric Gray,NYG,LAR,RB,0.0,0.0,0.0,0.0,0.0,0.0,0.0,0.0,0.0,0.0,0.0,0.0,0.0,0.0,0.0,0.0,0.0,,roster_only,2026-09-15T19:45:44+00:00
2026,2,401872947,00-0041585,Grant Finley,NYG,LAR,RB,0.0,0.0,0.0,0.0,0.0,0.0,0.0,0.0,0.0,0.0,0.0,0.0,0.0,0.0,0.0,0.0,0.0,,roster_only,2026-09-15T19:45:44+00:00
2026,2,401872947,00-0036893,Najee Harris,NYG,LAR,RB,0.0,0.0,0.0,0.0,0.0,22.1,0.1,53.0,7.0,-10.1,35.8,0.0,0.0,0.0,0.0,0.0,0.0,Active,backup,2026-09-15T19:45:44+00:00
2026,2,401872947,00-0033376,Patrick Ricard,NYG,LAR,RB,0.0,0.0,0.0,0.0,0.0,2.0,-8.7,17.0,5.0,-12.2,33.8,0.0,0.0,0.0,0.0,0.0,0.0,,starter,2026-09-15T19:45:44+00:00
2026,2,401872947,00-0040021,Phil Mafah,NYG,LAR,RB,0.0,0.0,0.0,0.0,0.0,0.0,0.0,0.0,0.0,0.0,0.0,0.0,0.0,0.0,0.0,0.0,0.0,,roster_only,2026-09-15T19:45:44+00:00
2026,2,401872947,00-0039384,Tyrone Tracy Jr.,NYG,LAR,RB,0.0,0.0,0.0,0.0,0.0,41.5,19.5,72.4,11.5,-5.7,40.3,0.0,0.0,0.0,0.0,0.0,0.0,Active,backup,2026-09-15T19:45:44+00:00
2026,2,401872947,00-0031484,Chris Manhertz,NYG,LAR,TE,0.0,0.0,0.0,0.0,0.0,0.0,-10.8,14.9,5.8,-11.4,34.6,0.0,0.0,0.0,0.0,0.0,0.0,,backup,2026-09-15T19:45:44+00:00
2026,2,401872947,00-0037838,Isaiah Likely,NYG,LAR,TE,0.0,0.0,0.0,0.0,0.0,0.0,-10.8,14.9,25.3,8.1,54.1,0.0,0.0,0.0,0.0,0.0,0.0,Active,starter,2026-09-15T19:45:44+00:00
2026,2,401872947,00-0039847,Theo Johnson,NYG,LAR,TE,0.0,0.0,0.0,0.0,0.0,0.0,-10.8,14.9,27.8,8.2,62.1,0.0,0.0,0.0,0.0,0.0,0.0,Active,backup,2026-09-15T19:45:44+00:00
2026,2,401872947,00-0040225,Thomas Fidone II,NYG,LAR,TE,0.0,0.0,0.0,0.0,0.0,0.0,-11.8,16.5,2.1,-16.5,34.1,0.0,0.0,0.0,0.0,0.0,0.0,Active,backup,2026-09-15T19:45:44+00:00
2026,2,401872947,00-0034419,Braxton Berrios,NYG,LAR,WR,0.0,0.0,0.0,0.0,0.0,0.0,-10.7,15.0,3.8,-13.3,32.6,0.0,0.0,0.0,0.0,0.0,0.0,,roster_only,2026-09-15T19:45:44+00:00
2026,2,401872947,00-0037837,Calvin Austin III,NYG,LAR,WR,0.0,0.0,0.0,0.0,0.0,0.0,0.0,0.0,0.0,0.0,0.0,0.0,0.0,0.0,0.0,0.0,0.0,,backup,2026-09-15T19:45:44+00:00
2026,2,401872947,00-0038576,Charlie Jones,NYG,LAR,WR,0.0,0.0,0.0,0.0,0.0,0.0,0.0,0.0,0.0,0.0,0.0,0.0,0.0,0.0,0.0,0.0,0.0,,roster_only,2026-09-15T19:45:44+00:00
2026,2,401872947,00-0040431,Dalen Cambre,NYG,LAR,WR,0.0,0.0,0.0,0.0,0.0,0.0,0.0,0.0,0.0,0.0,0.0,0.0,0.0,0.0,0.0,0.0,0.0,,roster_only,2026-09-15T19:45:44+00:00
2026,2,401872947,00-0035535,Darius Slayton,NYG,LAR,WR,0.0,0.0,0.0,0.0,0.0,0.0,0.0,0.0,0.0,0.0,0.0,0.0,0.0,0.0,0.0,0.0,0.0,,roster_only,2026-09-15T19:45:44+00:00
2026,2,401872947,00-0036309,Darnell Mooney,NYG,LAR,WR,0.0,0.0,0.0,0.0,0.0,0.0,-10.8,15.0,25.3,8.2,54.1,0.0,0.0,0.0,0.0,0.0,0.0,Active,backup,2026-09-15T19:45:44+00:00
2026,2,401872947,00-0035645,Gunner Olszewski,NYG,LAR,WR,0.0,0.0,0.0,0.0,0.0,0.0,0.0,0.0,0.0,0.0,0.0,0.0,0.0,0.0,0.0,0.0,0.0,,backup,2026-09-15T19:45:44+00:00
2026,2,401872947,00-0038938,Jalin Hyatt,NYG,LAR,WR,0.0,0.0,0.0,0.0,0.0,0.0,0.0,0.0,0.0,0.0,0.0,0.0,0.0,0.0,0.0,0.0,0.0,,roster_only,2026-09-15T19:45:44+00:00
2026,2,401872947,00-0041152,Kobe Prentice,NYG,LAR,WR,0.0,0.0,0.0,0.0,0.0,0.0,0.0,0.0,0.0,0.0,0.0,0.0,0.0,0.0,0.0,0.0,0.0,,roster_only,2026-09-15T19:45:44+00:00
2026,2,401872947,00-0041042,Malachi Fields,NYG,LAR,WR,0.0,0.0,0.0,0.0,0.0,0.0,-14.8,20.6,9.2,-13.5,49.8,0.0,0.0,0.0,0.0,0.0,0.0,Active,backup,2026-09-15T19:45:44+00:00
2026,2,401872947,00-0039337,Malik Nabers,NYG,LAR,WR,0.0,0.0,0.0,0.0,0.0,0.0,-10.8,15.0,57.5,30.8,106.7,0.0,0.0,0.0,0.0,0.0,0.0,Active,starter,2026-09-15T19:45:44+00:00
2026,2,401872947,00-0031235,Odell Beckham Jr.,NYG,LAR,WR,0.0,0.0,0.0,0.0,0.0,0.0,-14.7,20.7,7.3,-15.3,47.9,0.0,0.0,0.0,0.0,0.0,0.0,Active,backup,2026-09-15T19:45:44+00:00
