season,week,game_id,game_date,game_time,player_id,player_name,team,opponent,position,target,projection,low,high,probability_1_plus,probability_2_plus,eligibility_status,eligibility_reason,role_status,injury_game_status,depth_rank,model_architecture,model_version,feature_asof,generated_at
2026,1,401872656,2026-09-09,17:20,00-0031411,DeMarcus Lawrence,SEA,NE,LB,tackles,3.5,0.6,7.5,0.9324692411998924,0.8158421094398459,eligible,eligible_current_role,starter,,1.0,direct,20260908_1821_tackles_direct,2026-09-11T19:13:20+00:00,2026-09-11T19:13:40+00:00
2026,1,401872656,2026-09-09,17:20,00-0031492,Jason Myers,SEA,NE,K,kicking_points,7.1,2.0,12.9,,,eligible,eligible_current_role,starter,,1.0,component,20260908_1821_kicking_points_component,2026-09-11T19:13:20+00:00,2026-09-11T19:13:40+00:00
2026,1,401872656,2026-09-09,17:20,00-0031933,Leonard Williams,SEA,NE,DL,tackles,3.0,0.9,5.7,0.904835923381554,0.749612490293923,eligible,eligible_current_role,starter,,1.0,direct,20260908_1821_tackles_direct,2026-09-11T19:13:20+00:00,2026-09-11T19:13:40+00:00
2026,1,401872656,2026-09-09,17:20,00-0032052,Dante Fowler Jr.,SEA,NE,LB,tackles,1.1,0.0,3.6,0.5644971323957034,0.27426536315132577,eligible,eligible_current_role,backup,,2.0,direct,20260908_1821_tackles_direct,2026-09-11T19:13:20+00:00,2026-09-11T19:13:40+00:00
2026,1,401872656,2026-09-09,17:20,00-0032387,Jarran Reed,SEA,NE,DL,tackles,2.4,0.4,4.9,0.8527306064763687,0.6321110348664724,eligible,eligible_current_role,starter,,1.0,direct,20260908_1821_tackles_direct,2026-09-11T19:13:20+00:00,2026-09-11T19:13:40+00:00
2026,1,401872656,2026-09-09,17:20,00-0033090,Hunter Henry,NE,SEA,TE,rushing_yards,0.0,-10.8,14.9,,,eligible,eligible_current_role,starter,,1.0,direct_component_blend,20260908_1821_rushing_yards_blend,2026-09-11T19:13:20+00:00,2026-09-11T19:13:40+00:00
2026,1,401872656,2026-09-09,17:20,00-0033090,Hunter Henry,NE,SEA,TE,receiving_yards,28.0,8.3,62.3,,,eligible,eligible_current_role,starter,,1.0,direct_component_blend,20260908_1821_receiving_yards_blend,2026-09-11T19:13:20+00:00,2026-09-11T19:13:40+00:00
2026,1,401872656,2026-09-09,17:20,00-0033132,Kevin Byard,NE,SEA,DB,tackles,5.7,3.0,9.1,0.9824354297170803,0.9512208608915449,eligible,eligible_current_role,starter,,1.0,direct,20260908_1821_tackles_direct,2026-09-11T19:13:20+00:00,2026-09-11T19:13:40+00:00
2026,1,401872656,2026-09-09,17:20,00-0033555,Mack Hollins,NE,SEA,WR,rushing_yards,0.0,-10.8,15.0,,,eligible,eligible_current_role,backup,,4.0,direct_component_blend,20260908_1821_rushing_yards_blend,2026-09-11T19:13:20+00:00,2026-09-11T19:13:40+00:00
2026,1,401872656,2026-09-09,17:20,00-0033555,Mack Hollins,NE,SEA,WR,receiving_yards,25.3,-1.3,74.5,,,eligible,eligible_current_role,backup,,4.0,direct_component_blend,20260908_1821_receiving_yards_blend,2026-09-11T19:13:20+00:00,2026-09-11T19:13:40+00:00
2026,1,401872656,2026-09-09,17:20,00-0033576,Eric Saubert,SEA,NE,TE,rushing_yards,0.0,-10.8,15.0,,,eligible,eligible_current_role,backup,,2.0,direct_component_blend,20260908_1821_rushing_yards_blend,2026-09-11T19:13:20+00:00,2026-09-11T19:13:40+00:00
2026,1,401872656,2026-09-09,17:20,00-0033576,Eric Saubert,SEA,NE,TE,receiving_yards,6.0,-11.1,34.9,,,eligible,eligible_current_role,backup,,2.0,direct_component_blend,20260908_1821_receiving_yards_blend,2026-09-11T19:13:20+00:00,2026-09-11T19:13:40+00:00
2026,1,401872656,2026-09-09,17:20,00-0033908,Cooper Kupp,SEA,NE,WR,rushing_yards,0.0,-10.7,15.1,,,eligible,eligible_current_role,backup,,3.0,direct_component_blend,20260908_1821_rushing_yards_blend,2026-09-11T19:13:20+00:00,2026-09-11T19:13:40+00:00
2026,1,401872656,2026-09-09,17:20,00-0033908,Cooper Kupp,SEA,NE,WR,receiving_yards,33.8,7.2,83.0,,,eligible,eligible_current_role,backup,,3.0,direct_component_blend,20260908_1821_receiving_yards_blend,2026-09-11T19:13:20+00:00,2026-09-11T19:13:40+00:00
2026,1,401872656,2026-09-09,17:20,00-0034350,Uchenna Nwosu,SEA,NE,LB,tackles,2.3,0.4,4.8,0.8463021947363885,0.6198222847251028,eligible,eligible_current_role,starter,,1.0,direct,20260908_1821_tackles_direct,2026-09-11T19:13:20+00:00,2026-09-11T19:13:40+00:00
2026,1,401872656,2026-09-09,17:20,00-0034778,Carlton Davis III,NE,SEA,DB,tackles,3.8,1.6,6.5,0.9453855961371278,0.8400308020223234,eligible,eligible_current_role,starter,,1.0,direct,20260908_1821_tackles_direct,2026-09-11T19:13:20+00:00,2026-09-11T19:13:40+00:00
2026,1,401872656,2026-09-09,17:20,00-0034869,Sam Darnold,SEA,NE,QB,passing_yards,212.0,118.5,318.2,,,eligible,eligible_current_role,starter,,1.0,direct_component_blend,20260908_1821_passing_yards_blend,2026-09-11T19:13:20+00:00,2026-09-11T19:13:40+00:00
2026,1,401872656,2026-09-09,17:20,00-0034869,Sam Darnold,SEA,NE,QB,passing_tds,1.188,,,0.6547619047619048,0.39285714285714285,eligible,eligible_current_role,starter,,1.0,direct_component_blend,20260908_1821_passing_tds_blend,2026-09-11T19:13:20+00:00,2026-09-11T19:13:40+00:00
2026,1,401872656,2026-09-09,17:20,00-0034869,Sam Darnold,SEA,NE,QB,rushing_yards,10.2,-2.6,28.1,,,eligible,eligible_current_role,starter,,1.0,direct_component_blend,20260908_1821_rushing_yards_blend,2026-09-11T19:13:20+00:00,2026-09-11T19:13:40+00:00
2026,1,401872656,2026-09-09,17:20,00-0034971,Jalen Hurd,NE,SEA,WR,rushing_yards,0.0,-14.8,20.6,,,eligible,eligible_current_role,roster_only,,,direct_component_blend,20260908_1821_rushing_yards_blend,2026-09-11T19:13:20+00:00,2026-09-11T19:13:40+00:00
2026,1,401872656,2026-09-09,17:20,00-0034971,Jalen Hurd,NE,SEA,WR,receiving_yards,7.3,-15.3,47.9,,,eligible,eligible_current_role,roster_only,,,direct_component_blend,20260908_1821_receiving_yards_blend,2026-09-11T19:13:20+00:00,2026-09-11T19:13:40+00:00
2026,1,401872656,2026-09-09,17:20,00-0034974,Julian Love,SEA,NE,DB,tackles,5.5,2.9,9.0,0.98215544671913,0.9482959561020792,eligible,eligible_current_role,starter,,1.0,direct,20260908_1821_tackles_direct,2026-09-11T19:13:20+00:00,2026-09-11T19:13:40+00:00
2026,1,401872656,2026-09-09,17:20,00-0035676,A.J. Brown,NE,SEA,WR,rushing_yards,0.0,-10.7,15.0,,,eligible,questionable_flag,starter,,1.0,direct_component_blend,20260908_1821_rushing_yards_blend,2026-09-11T19:13:20+00:00,2026-09-11T19:13:40+00:00
2026,1,401872656,2026-09-09,17:20,00-0035676,A.J. Brown,NE,SEA,WR,receiving_yards,59.4,32.7,108.5,,,eligible,questionable_flag,starter,,1.0,direct_component_blend,20260908_1821_receiving_yards_blend,2026-09-11T19:13:20+00:00,2026-09-11T19:13:40+00:00
2026,1,401872656,2026-09-09,17:20,00-0035678,Dre'Mont Jones,NE,SEA,LB,tackles,2.4,0.0,6.5,0.860692619057511,0.6477853805486171,eligible,eligible_current_role,starter,,1.0,direct,20260908_1821_tackles_direct,2026-09-11T19:13:20+00:00,2026-09-11T19:13:40+00:00
2026,1,401872656,2026-09-09,17:20,00-0035704,Drew Lock,SEA,NE,QB,rushing_yards,6.2,-4.5,21.2,,,eligible,eligible_current_role,backup,,2.0,direct_component_blend,20260908_1821_rushing_yards_blend,2026-09-11T19:13:20+00:00,2026-09-11T19:13:40+00:00
2026,1,401872656,2026-09-09,17:20,00-0036187,Reggie Gilliam,NE,SEA,RB,rushing_yards,3.1,-7.6,18.2,,,eligible,eligible_current_role,starter,,1.0,direct_component_blend,20260908_1821_rushing_yards_blend,2026-09-11T19:13:20+00:00,2026-09-11T19:13:40+00:00
2026,1,401872656,2026-09-09,17:20,00-0036187,Reggie Gilliam,NE,SEA,RB,receiving_yards,4.4,-12.7,33.2,,,eligible,eligible_current_role,starter,,1.0,direct_component_blend,20260908_1821_receiving_yards_blend,2026-09-11T19:13:20+00:00,2026-09-11T19:13:40+00:00
2026,1,401872656,2026-09-09,17:20,00-0036875,Rhamondre Stevenson,NE,SEA,RB,rushing_yards,45.2,23.2,76.1,,,eligible,eligible_current_role,starter,,1.0,direct_component_blend,20260908_1821_rushing_yards_blend,2026-09-11T19:13:20+00:00,2026-09-11T19:13:40+00:00
2026,1,401872656,2026-09-09,17:20,00-0036875,Rhamondre Stevenson,NE,SEA,RB,receiving_yards,19.5,2.3,48.3,,,eligible,eligible_current_role,starter,,1.0,direct_component_blend,20260908_1821_receiving_yards_blend,2026-09-11T19:13:20+00:00,2026-09-11T19:13:40+00:00
2026,1,401872656,2026-09-09,17:20,00-0036916,Milton Williams,NE,SEA,DL,tackles,1.8,0.0,4.3,0.7733804539079161,0.49866476082684175,eligible,eligible_current_role,starter,,1.0,direct,20260908_1821_tackles_direct,2026-09-11T19:13:20+00:00,2026-09-11T19:13:40+00:00
2026,1,401872656,2026-09-09,17:20,00-0036981,Christian Barmore,NE,SEA,DL,tackles,1.9,0.0,4.7,0.7859351036573924,0.5156474377753112,eligible,eligible_current_role,starter,Active,1.0,direct,20260908_1821_tackles_direct,2026-09-11T19:13:20+00:00,2026-09-11T19:13:40+00:00
2026,1,401872656,2026-09-09,17:20,00-0037137,Josh Jobe,SEA,NE,DB,tackles,3.4,0.8,7.0,0.9279803236137869,0.807852054223395,eligible,eligible_current_role,starter,,1.0,direct,20260908_1821_tackles_direct,2026-09-11T19:13:20+00:00,2026-09-11T19:13:40+00:00
2026,1,401872656,2026-09-09,17:20,00-0037253,Marcus Jones,NE,SEA,DB,tackles,3.6,1.4,6.3,0.9351492963805434,0.8207075283136676,eligible,eligible_current_role,starter,,1.0,direct,20260908_1821_tackles_direct,2026-09-11T19:13:20+00:00,2026-09-11T19:13:40+00:00
2026,1,401872656,2026-09-09,17:20,00-0037545,Rashid Shaheed,SEA,NE,WR,rushing_yards,1.5,-9.2,16.6,,,eligible,eligible_current_role,backup,,2.0,direct_component_blend,20260908_1821_rushing_yards_blend,2026-09-11T19:13:20+00:00,2026-09-11T19:13:40+00:00
2026,1,401872656,2026-09-09,17:20,00-0037545,Rashid Shaheed,SEA,NE,WR,receiving_yards,14.5,-2.7,43.3,,,eligible,eligible_current_role,backup,,2.0,direct_component_blend,20260908_1821_receiving_yards_blend,2026-09-11T19:13:20+00:00,2026-09-11T19:13:40+00:00
2026,1,401872656,2026-09-09,17:20,00-0037745,Velus Jones Jr.,SEA,NE,RB,rushing_yards,6.6,-4.1,21.7,,,eligible,eligible_current_role,roster_only,,,direct_component_blend,20260908_1821_rushing_yards_blend,2026-09-11T19:13:20+00:00,2026-09-11T19:13:40+00:00
2026,1,401872656,2026-09-09,17:20,00-0037745,Velus Jones Jr.,SEA,NE,RB,receiving_yards,1.3,-15.9,30.1,,,eligible,eligible_current_role,roster_only,,,direct_component_blend,20260908_1821_receiving_yards_blend,2026-09-11T19:13:20+00:00,2026-09-11T19:13:40+00:00
2026,1,401872656,2026-09-09,17:20,00-0037816,Romeo Doubs,NE,SEA,WR,rushing_yards,0.0,-10.8,15.0,,,eligible,eligible_current_role,backup,,2.0,direct_component_blend,20260908_1821_rushing_yards_blend,2026-09-11T19:13:20+00:00,2026-09-11T19:13:40+00:00
2026,1,401872656,2026-09-09,17:20,00-0037816,Romeo Doubs,NE,SEA,WR,receiving_yards,25.8,-0.9,75.0,,,eligible,eligible_current_role,backup,,2.0,direct_component_blend,20260908_1821_receiving_yards_blend,2026-09-11T19:13:20+00:00,2026-09-11T19:13:40+00:00
2026,1,401872656,2026-09-09,17:20,00-0038476,Tommy DeVito,NE,SEA,QB,rushing_yards,10.7,-2.0,28.7,,,eligible,eligible_current_role,backup,,2.0,direct_component_blend,20260908_1821_rushing_yards_blend,2026-09-11T19:13:20+00:00,2026-09-11T19:13:40+00:00
2026,1,401872656,2026-09-09,17:20,00-0038488,Brady Russell,SEA,NE,RB,rushing_yards,0.8,-9.9,15.8,,,eligible,eligible_current_role,starter,,1.0,direct_component_blend,20260908_1821_rushing_yards_blend,2026-09-11T19:13:20+00:00,2026-09-11T19:13:40+00:00
2026,1,401872656,2026-09-09,17:20,00-0038488,Brady Russell,SEA,NE,RB,receiving_yards,2.9,-14.2,31.7,,,eligible,eligible_current_role,starter,,1.0,direct_component_blend,20260908_1821_receiving_yards_blend,2026-09-11T19:13:20+00:00,2026-09-11T19:13:40+00:00
2026,1,401872656,2026-09-09,17:20,00-0038543,Jaxon Smith-Njigba,SEA,NE,WR,rushing_yards,0.4,-10.3,15.4,,,eligible,eligible_current_role,starter,,1.0,direct_component_blend,20260908_1821_rushing_yards_blend,2026-09-11T19:13:20+00:00,2026-09-11T19:13:40+00:00
2026,1,401872656,2026-09-09,17:20,00-0038543,Jaxon Smith-Njigba,SEA,NE,WR,receiving_yards,85.7,59.1,134.9,,,eligible,eligible_current_role,starter,,1.0,direct_component_blend,20260908_1821_receiving_yards_blend,2026-09-11T19:13:20+00:00,2026-09-11T19:13:40+00:00
2026,1,401872656,2026-09-09,17:20,00-0038564,Cameron Latu,NE,SEA,TE,rushing_yards,0.0,-10.8,15.0,,,eligible,eligible_current_role,backup,,4.0,direct_component_blend,20260908_1821_rushing_yards_blend,2026-09-11T19:13:20+00:00,2026-09-11T19:13:40+00:00
2026,1,401872656,2026-09-09,17:20,00-0038564,Cameron Latu,NE,SEA,TE,receiving_yards,5.2,-12.0,34.0,,,eligible,eligible_current_role,backup,,4.0,direct_component_blend,20260908_1821_receiving_yards_blend,2026-09-11T19:13:20+00:00,2026-09-11T19:13:40+00:00
2026,1,401872656,2026-09-09,17:20,00-0038621,DeMario Douglas,NE,SEA,WR,rushing_yards,0.4,-10.3,15.5,,,eligible,eligible_current_role,backup,,3.0,direct_component_blend,20260908_1821_rushing_yards_blend,2026-09-11T19:13:20+00:00,2026-09-11T19:13:40+00:00
2026,1,401872656,2026-09-09,17:20,00-0038621,DeMario Douglas,NE,SEA,WR,receiving_yards,8.5,-8.6,37.3,,,eligible,eligible_current_role,backup,,3.0,direct_component_blend,20260908_1821_receiving_yards_blend,2026-09-11T19:13:20+00:00,2026-09-11T19:13:40+00:00
2026,1,401872656,2026-09-09,17:20,00-0038653,Cory Durden,NE,SEA,DL,tackles,1.9,0.0,4.4,0.7829634340314093,0.5110537521188607,eligible,eligible_current_role,starter,,1.0,direct,20260908_1821_tackles_direct,2026-09-11T19:13:20+00:00,2026-09-11T19:13:40+00:00
2026,1,401872656,2026-09-09,17:20,00-0038694,Brandon Pili,SEA,NE,DL,tackles,0.9,0.0,3.4,0.5035462972674313,0.22324233637044869,eligible,eligible_current_role,backup,,2.0,direct,20260908_1821_tackles_direct,2026-09-11T19:13:20+00:00,2026-09-11T19:13:40+00:00
2026,1,401872656,2026-09-09,17:20,00-0038797,Emanuel Wilson,SEA,NE,RB,rushing_yards,18.9,-3.1,49.8,,,eligible,eligible_current_role,backup,,3.0,direct_component_blend,20260908_1821_rushing_yards_blend,2026-09-11T19:13:20+00:00,2026-09-11T19:13:40+00:00
2026,1,401872656,2026-09-09,17:20,00-0038797,Emanuel Wilson,SEA,NE,RB,receiving_yards,4.1,-13.0,32.9,,,eligible,eligible_current_role,backup,,3.0,direct_component_blend,20260908_1821_receiving_yards_blend,2026-09-11T19:13:20+00:00,2026-09-11T19:13:40+00:00
2026,1,401872656,2026-09-09,17:20,00-0038866,AJ Finley,SEA,NE,DB,tackles,0.7,0.0,3.2,0.413189234429046,0.14042661957272326,eligible,eligible_current_role,backup,,2.0,direct,20260908_1821_tackles_direct,2026-09-11T19:13:20+00:00,2026-09-11T19:13:40+00:00
2026,1,401872656,2026-09-09,17:20,00-0039047,Derick Hall,SEA,NE,LB,tackles,1.7,0.0,4.1,0.7570739172592477,0.4784462554106929,eligible,eligible_current_role,backup,,2.0,direct,20260908_1821_tackles_direct,2026-09-11T19:13:20+00:00,2026-09-11T19:13:40+00:00
2026,1,401872656,2026-09-09,17:20,00-0039147,Christian Gonzalez,NE,SEA,DB,tackles,4.0,1.3,7.5,0.9549815825962663,0.860586739063794,eligible,eligible_current_role,starter,,1.0,direct,20260908_1821_tackles_direct,2026-09-11T19:13:20+00:00,2026-09-11T19:13:40+00:00
2026,1,401872656,2026-09-09,17:20,00-0039169,Devon Witherspoon,SEA,NE,DB,tackles,5.9,3.3,9.4,0.9829895365323643,0.9571915716694344,eligible,eligible_current_role,starter,,1.0,direct,20260908_1821_tackles_direct,2026-09-11T19:13:20+00:00,2026-09-11T19:13:40+00:00
2026,1,401872656,2026-09-09,17:20,00-0039289,Leonard Taylor III,NE,SEA,DL,tackles,1.1,0.0,3.6,0.5598200176404139,0.2698797998083495,eligible,eligible_current_role,backup,,2.0,direct,20260908_1821_tackles_direct,2026-09-11T19:13:20+00:00,2026-09-11T19:13:40+00:00
2026,1,401872656,2026-09-09,17:20,00-0039299,George Holani,SEA,NE,RB,rushing_yards,7.7,-14.3,38.6,,,eligible,eligible_current_role,backup,,2.0,direct_component_blend,20260908_1821_rushing_yards_blend,2026-09-11T19:13:20+00:00,2026-09-11T19:13:40+00:00
2026,1,401872656,2026-09-09,17:20,00-0039299,George Holani,SEA,NE,RB,receiving_yards,1.2,-15.9,30.1,,,eligible,eligible_current_role,backup,,2.0,direct_component_blend,20260908_1821_receiving_yards_blend,2026-09-11T19:13:20+00:00,2026-09-11T19:13:40+00:00
2026,1,401872656,2026-09-09,17:20,00-0039309,Byron Murphy II,SEA,NE,DL,tackles,3.0,0.9,5.8,0.9067056212289333,0.7547762514682211,eligible,eligible_current_role,starter,,1.0,direct,20260908_1821_tackles_direct,2026-09-11T19:13:20+00:00,2026-09-11T19:13:40+00:00
2026,1,401872656,2026-09-09,17:20,00-0039692,Dell Pettus,NE,SEA,DB,tackles,1.9,0.0,4.4,0.778753486090637,0.5056071687504099,eligible,eligible_current_role,backup,,2.0,direct,20260908_1821_tackles_direct,2026-09-11T19:13:20+00:00,2026-09-11T19:13:40+00:00
2026,1,401872656,2026-09-09,17:20,00-0039770,Charles Woods,NE,SEA,DB,tackles,1.7,0.0,4.1,0.759579082991562,0.4814726971687907,eligible,eligible_current_role,backup,,2.0,direct,20260908_1821_tackles_direct,2026-09-11T19:13:20+00:00,2026-09-11T19:13:40+00:00
2026,1,401872656,2026-09-09,17:20,00-0039793,AJ Barner,SEA,NE,TE,rushing_yards,0.3,-10.4,15.4,,,eligible,eligible_current_role,starter,,1.0,direct_component_blend,20260908_1821_rushing_yards_blend,2026-09-11T19:13:20+00:00,2026-09-11T19:13:40+00:00
2026,1,401872656,2026-09-09,17:20,00-0039793,AJ Barner,SEA,NE,TE,receiving_yards,26.5,6.8,60.7,,,eligible,eligible_current_role,starter,,1.0,direct_component_blend,20260908_1821_receiving_yards_blend,2026-09-11T19:13:20+00:00,2026-09-11T19:13:40+00:00
2026,1,401872656,2026-09-09,17:20,00-0039795,Nehemiah Pritchett,SEA,NE,DB,tackles,1.3,0.0,3.8,0.5960008356590137,0.3040743574622543,eligible,eligible_current_role,backup,,2.0,direct,20260908_1821_tackles_direct,2026-09-11T19:13:20+00:00,2026-09-11T19:13:40+00:00
2026,1,401872656,2026-09-09,17:20,00-0039851,Drake Maye,NE,SEA,QB,passing_yards,212.0,118.5,318.2,,,eligible,eligible_current_role,starter,,1.0,direct_component_blend,20260908_1821_passing_yards_blend,2026-09-11T19:13:20+00:00,2026-09-11T19:13:40+00:00
2026,1,401872656,2026-09-09,17:20,00-0039851,Drake Maye,NE,SEA,QB,passing_tds,1.464,,,0.8049529834350585,0.46863171866658154,eligible,eligible_current_role,starter,,1.0,direct_component_blend,20260908_1821_passing_tds_blend,2026-09-11T19:13:20+00:00,2026-09-11T19:13:40+00:00
2026,1,401872656,2026-09-09,17:20,00-0039851,Drake Maye,NE,SEA,QB,rushing_yards,20.2,7.4,38.1,,,eligible,eligible_current_role,starter,,1.0,direct_component_blend,20260908_1821_rushing_yards_blend,2026-09-11T19:13:20+00:00,2026-09-11T19:13:40+00:00
2026,1,401872656,2026-09-09,17:20,00-0040061,Connor O'Toole,SEA,NE,LB,tackles,0.8,0.0,3.3,0.4378104901354321,0.17245458782441642,eligible,eligible_current_role,backup,,3.0,direct,20260908_1821_tackles_direct,2026-09-11T19:13:20+00:00,2026-09-11T19:13:40+00:00
2026,1,401872656,2026-09-09,17:20,00-0040131,Kyle Williams,NE,SEA,WR,rushing_yards,0.0,-10.8,15.0,,,eligible,eligible_current_role,backup,,5.0,direct_component_blend,20260908_1821_rushing_yards_blend,2026-09-11T19:13:20+00:00,2026-09-11T19:13:40+00:00
2026,1,401872656,2026-09-09,17:20,00-0040131,Kyle Williams,NE,SEA,WR,receiving_yards,17.7,0.5,46.5,,,eligible,eligible_current_role,backup,,5.0,direct_component_blend,20260908_1821_receiving_yards_blend,2026-09-11T19:13:20+00:00,2026-09-11T19:13:40+00:00
2026,1,401872656,2026-09-09,17:20,00-0040171,Joshua Farmer,NE,SEA,DL,tackles,1.0,0.0,3.4,0.5268377255121975,0.24138170345843027,eligible,eligible_current_role,backup,,2.0,direct,20260908_1821_tackles_direct,2026-09-11T19:13:20+00:00,2026-09-11T19:13:40+00:00
2026,1,401872656,2026-09-09,17:20,00-0040200,Andy Borregales,NE,SEA,K,kicking_points,7.1,2.5,12.3,,,eligible,eligible_current_role,starter,,1.0,component,20260908_1821_kicking_points_component,2026-09-11T19:13:20+00:00,2026-09-11T19:13:40+00:00
2026,1,401872656,2026-09-09,17:20,00-0040204,Jaylen Reed,NE,SEA,DB,tackles,2.5,0.3,5.6,0.8715643684875826,0.6700705905413137,eligible,eligible_current_role,backup,,2.0,direct,20260908_1821_tackles_direct,2026-09-11T19:13:20+00:00,2026-09-11T19:13:40+00:00
2026,1,401872656,2026-09-09,17:20,00-0040556,Corey Kiner,NE,SEA,RB,rushing_yards,9.4,-14.8,43.4,,,eligible,eligible_current_role,backup,,3.0,direct_component_blend,20260908_1821_rushing_yards_blend,2026-09-11T19:13:20+00:00,2026-09-11T19:13:40+00:00
2026,1,401872656,2026-09-09,17:20,00-0040556,Corey Kiner,NE,SEA,RB,receiving_yards,2.2,-16.4,34.2,,,eligible,eligible_current_role,backup,,3.0,direct_component_blend,20260908_1821_receiving_yards_blend,2026-09-11T19:13:20+00:00,2026-09-11T19:13:40+00:00
2026,1,401872656,2026-09-09,17:20,00-0040568,Lan Larison,NE,SEA,RB,rushing_yards,9.4,-20.8,51.9,,,eligible,eligible_current_role,roster_only,,,direct_component_blend,20260908_1821_rushing_yards_blend,2026-09-11T19:13:20+00:00,2026-09-11T19:13:40+00:00
2026,1,401872656,2026-09-09,17:20,00-0040568,Lan Larison,NE,SEA,RB,receiving_yards,3.0,-19.7,43.5,,,eligible,eligible_current_role,roster_only,,,direct_component_blend,20260908_1821_receiving_yards_blend,2026-09-11T19:13:20+00:00,2026-09-11T19:13:40+00:00
2026,1,401872656,2026-09-09,17:20,00-0040574,Elijah Ponder,NE,SEA,LB,tackles,3.1,1.2,5.6,0.9122329467947996,0.7704101365627694,eligible,eligible_current_role,starter,,1.0,direct,20260908_1821_tackles_direct,2026-09-11T19:13:20+00:00,2026-09-11T19:13:40+00:00
2026,1,401872656,2026-09-09,17:20,00-0040621,Montorie Foster Jr,SEA,NE,WR,rushing_yards,0.0,-14.7,20.7,,,eligible,eligible_current_role,backup,,5.0,direct_component_blend,20260908_1821_rushing_yards_blend,2026-09-11T19:13:20+00:00,2026-09-11T19:13:40+00:00
2026,1,401872656,2026-09-09,17:20,00-0040621,Montorie Foster Jr,SEA,NE,WR,receiving_yards,7.4,-15.2,48.0,,,eligible,eligible_current_role,backup,,5.0,direct_component_blend,20260908_1821_receiving_yards_blend,2026-09-11T19:13:20+00:00,2026-09-11T19:13:40+00:00
2026,1,401872656,2026-09-09,17:20,00-0040647,Rylie Mills,SEA,NE,DL,tackles,0.9,0.0,3.6,0.4879481295756844,0.21167933062455735,eligible,eligible_current_role,backup,,2.0,direct,20260908_1821_tackles_direct,2026-09-11T19:13:20+00:00,2026-09-11T19:13:40+00:00
2026,1,401872656,2026-09-09,17:20,00-0040716,Craig Woodson,NE,SEA,DB,tackles,4.6,1.9,8.1,0.9748069220701454,0.9103223129391261,eligible,eligible_current_role,starter,,1.0,direct,20260908_1821_tackles_direct,2026-09-11T19:13:20+00:00,2026-09-11T19:13:40+00:00
2026,1,401872656,2026-09-09,17:20,00-0040739,Elijah Arroyo,SEA,NE,TE,rushing_yards,0.0,-10.8,15.0,,,eligible,eligible_current_role,backup,,3.0,direct_component_blend,20260908_1821_rushing_yards_blend,2026-09-11T19:13:20+00:00,2026-09-11T19:13:40+00:00
2026,1,401872656,2026-09-09,17:20,00-0040739,Elijah Arroyo,SEA,NE,TE,receiving_yards,5.0,-12.1,33.8,,,eligible,eligible_current_role,backup,,3.0,direct_component_blend,20260908_1821_receiving_yards_blend,2026-09-11T19:13:20+00:00,2026-09-11T19:13:40+00:00
2026,1,401872656,2026-09-09,17:20,00-0040873,Julian Neal,SEA,NE,DB,tackles,1.9,0.0,5.9,0.7852766037948407,0.5146100820703751,eligible,eligible_current_role,backup,,2.0,direct,20260908_1821_tackles_direct,2026-09-11T19:13:20+00:00,2026-09-11T19:13:40+00:00
2026,1,401872656,2026-09-09,17:20,00-0041314,Tanner Arkin,NE,SEA,TE,rushing_yards,0.0,-14.8,20.6,,,eligible,eligible_current_role,backup,,3.0,direct_component_blend,20260908_1821_rushing_yards_blend,2026-09-11T19:13:20+00:00,2026-09-11T19:13:40+00:00
2026,1,401872656,2026-09-09,17:20,00-0041314,Tanner Arkin,NE,SEA,TE,receiving_yards,5.4,-17.2,46.0,,,eligible,eligible_current_role,backup,,3.0,direct_component_blend,20260908_1821_receiving_yards_blend,2026-09-11T19:13:20+00:00,2026-09-11T19:13:40+00:00
2026,1,401872656,2026-09-09,17:20,00-0041316,Channing Canada,NE,SEA,DB,tackles,2.0,0.0,5.9,0.7934902757899048,0.527684863599446,eligible,eligible_current_role,backup,,2.0,direct,20260908_1821_tackles_direct,2026-09-11T19:13:20+00:00,2026-09-11T19:13:40+00:00
2026,1,401872656,2026-09-09,17:20,00-0041382,Avery Smith,SEA,NE,DB,tackles,1.5,0.0,5.4,0.704830276683369,0.41601053729178555,eligible,eligible_current_role,backup,,3.0,direct,20260908_1821_tackles_direct,2026-09-11T19:13:20+00:00,2026-09-11T19:13:40+00:00
2026,1,401872656,2026-09-09,17:20,00-0041395,Eli Raridon,NE,SEA,TE,rushing_yards,0.0,-14.8,20.6,,,eligible,eligible_current_role,backup,,2.0,direct_component_blend,20260908_1821_rushing_yards_blend,2026-09-11T19:13:20+00:00,2026-09-11T19:13:40+00:00
2026,1,401872656,2026-09-09,17:20,00-0041395,Eli Raridon,NE,SEA,TE,receiving_yards,7.6,-15.1,48.1,,,eligible,eligible_current_role,backup,,2.0,direct_component_blend,20260908_1821_receiving_yards_blend,2026-09-11T19:13:20+00:00,2026-09-11T19:13:40+00:00
2026,1,401872656,2026-09-09,17:20,00-0041402,Quintayvious Hutchins,NE,SEA,LB,tackles,1.5,0.0,5.0,0.70912701138939,0.420934930316772,eligible,eligible_current_role,backup,,2.0,direct,20260908_1821_tackles_direct,2026-09-11T19:13:20+00:00,2026-09-11T19:13:40+00:00
2026,1,401872656,2026-09-09,17:20,00-0041512,Jadarian Price,SEA,NE,RB,rushing_yards,14.2,-16.0,56.8,,,eligible,eligible_current_role,starter,,1.0,direct_component_blend,20260908_1821_rushing_yards_blend,2026-09-11T19:13:20+00:00,2026-09-11T19:13:40+00:00
2026,1,401872656,2026-09-09,17:20,00-0041512,Jadarian Price,SEA,NE,RB,receiving_yards,4.6,-18.0,45.2,,,eligible,eligible_current_role,starter,,1.0,direct_component_blend,20260908_1821_receiving_yards_blend,2026-09-11T19:13:20+00:00,2026-09-11T19:13:40+00:00
2026,1,401872656,2026-09-09,17:20,00-0041569,Gabe Jacas,NE,SEA,LB,tackles,1.5,0.0,5.0,0.70912701138939,0.420934930316772,eligible,eligible_current_role,backup,,2.0,direct,20260908_1821_tackles_direct,2026-09-11T19:13:20+00:00,2026-09-11T19:13:40+00:00
2026,1,401872657,2026-09-11,00:35,00-0026498,Matthew Stafford,LAR,SF,QB,passing_yards,266.5,173.0,372.7,,,eligible,eligible_current_role,starter,Active,1.0,direct_component_blend,20260908_1821_passing_yards_blend,2026-09-11T19:13:20+00:00,2026-09-11T19:13:40+00:00
2026,1,401872657,2026-09-11,00:35,00-0026498,Matthew Stafford,LAR,SF,QB,passing_tds,1.95,,,0.8571428571428571,0.5535714285714286,eligible,eligible_current_role,starter,Active,1.0,direct_component_blend,20260908_1821_passing_tds_blend,2026-09-11T19:13:20+00:00,2026-09-11T19:13:40+00:00
2026,1,401872657,2026-09-11,00:35,00-0026498,Matthew Stafford,LAR,SF,QB,rushing_yards,3.0,-7.8,18.0,,,eligible,eligible_current_role,starter,Active,1.0,direct_component_blend,20260908_1821_rushing_yards_blend,2026-09-11T19:13:20+00:00,2026-09-11T19:13:40+00:00
2026,1,401872657,2026-09-11,00:35,00-0029892,Kyle Juszczyk,SF,LAR,RB,rushing_yards,0.8,-9.9,15.9,,,eligible,eligible_current_role,starter,Active,1.0,direct_component_blend,20260908_1821_rushing_yards_blend,2026-09-11T19:13:20+00:00,2026-09-11T19:13:40+00:00
2026,1,401872657,2026-09-11,00:35,00-0029892,Kyle Juszczyk,SF,LAR,RB,receiving_yards,13.4,-3.8,42.2,,,eligible,eligible_current_role,starter,Active,1.0,direct_component_blend,20260908_1821_receiving_yards_blend,2026-09-11T19:13:20+00:00,2026-09-11T19:13:40+00:00
2026,1,401872657,2026-09-11,00:35,00-0031381,Davante Adams,LAR,SF,WR,rushing_yards,0.0,-10.8,15.0,,,eligible,eligible_current_role,backup,Active,2.0,direct_component_blend,20260908_1821_rushing_yards_blend,2026-09-11T19:13:20+00:00,2026-09-11T19:13:40+00:00
2026,1,401872657,2026-09-11,00:35,00-0031381,Davante Adams,LAR,SF,WR,receiving_yards,44.1,17.5,93.3,,,eligible,eligible_current_role,backup,Active,2.0,direct_component_blend,20260908_1821_receiving_yards_blend,2026-09-11T19:13:20+00:00,2026-09-11T19:13:40+00:00
2026,1,401872657,2026-09-11,00:35,00-0031408,Mike Evans,SF,LAR,WR,rushing_yards,0.0,-10.8,15.0,,,eligible,eligible_current_role,starter,Active,1.0,direct_component_blend,20260908_1821_rushing_yards_blend,2026-09-11T19:13:20+00:00,2026-09-11T19:13:40+00:00
2026,1,401872657,2026-09-11,00:35,00-0031408,Mike Evans,SF,LAR,WR,receiving_yards,59.9,33.2,109.1,,,eligible,eligible_current_role,starter,Active,1.0,direct_component_blend,20260908_1821_receiving_yards_blend,2026-09-11T19:13:20+00:00,2026-09-11T19:13:40+00:00
2026,1,401872657,2026-09-11,00:35,00-0032775,Demarcus Robinson,SF,LAR,WR,rushing_yards,0.0,-10.8,15.0,,,eligible,eligible_current_role,backup,,4.0,direct_component_blend,20260908_1821_rushing_yards_blend,2026-09-11T19:13:20+00:00,2026-09-11T19:13:40+00:00
2026,1,401872657,2026-09-11,00:35,00-0032775,Demarcus Robinson,SF,LAR,WR,receiving_yards,12.0,-5.1,40.8,,,eligible,eligible_current_role,backup,,4.0,direct_component_blend,20260908_1821_receiving_yards_blend,2026-09-11T19:13:20+00:00,2026-09-11T19:13:40+00:00
2026,1,401872657,2026-09-11,00:35,00-0033110,Tyler Higbee,LAR,SF,TE,rushing_yards,0.0,-10.8,15.0,,,eligible,eligible_current_role,backup,,2.0,direct_component_blend,20260908_1821_rushing_yards_blend,2026-09-11T19:13:20+00:00,2026-09-11T19:13:40+00:00
2026,1,401872657,2026-09-11,00:35,00-0033110,Tyler Higbee,LAR,SF,TE,receiving_yards,17.6,0.4,46.4,,,eligible,eligible_current_role,backup,,2.0,direct_component_blend,20260908_1821_receiving_yards_blend,2026-09-11T19:13:20+00:00,2026-09-11T19:13:40+00:00
2026,1,401872657,2026-09-11,00:35,00-0033280,Christian McCaffrey,SF,LAR,RB,rushing_yards,64.8,42.8,95.7,,,eligible,eligible_current_role,starter,Active,1.0,direct_component_blend,20260908_1821_rushing_yards_blend,2026-09-11T19:13:20+00:00,2026-09-11T19:13:40+00:00
2026,1,401872657,2026-09-11,00:35,00-0033280,Christian McCaffrey,SF,LAR,RB,receiving_yards,45.3,28.2,74.2,,,eligible,eligible_current_role,starter,Active,1.0,direct_component_blend,20260908_1821_receiving_yards_blend,2026-09-11T19:13:20+00:00,2026-09-11T19:13:40+00:00
2026,1,401872657,2026-09-11,00:35,00-0033288,George Kittle,SF,LAR,TE,rushing_yards,0.0,-10.8,14.9,,,eligible,eligible_current_role,starter,Active,1.0,direct_component_blend,20260908_1821_rushing_yards_blend,2026-09-11T19:13:20+00:00,2026-09-11T19:13:40+00:00
2026,1,401872657,2026-09-11,00:35,00-0033288,George Kittle,SF,LAR,TE,receiving_yards,54.3,34.6,88.5,,,eligible,eligible_current_role,starter,Active,1.0,direct_component_blend,20260908_1821_receiving_yards_blend,2026-09-11T19:13:20+00:00,2026-09-11T19:13:40+00:00
2026,1,401872657,2026-09-11,00:35,00-0033868,Myles Garrett,LAR,SF,LB,tackles,2.9,0.0,6.9,0.8966471532376701,0.7276701816818849,eligible,eligible_current_role,starter,Active,1.0,direct,20260908_1821_tackles_direct,2026-09-11T19:13:20+00:00,2026-09-11T19:13:40+00:00
2026,1,401872657,2026-09-11,00:35,00-0034173,Eddy Pineiro,SF,LAR,K,kicking_points,7.3,2.8,12.6,,,eligible,eligible_current_role,starter,Active,1.0,component,20260908_1821_kicking_points_component,2026-09-11T19:13:20+00:00,2026-09-11T19:13:40+00:00
2026,1,401872657,2026-09-11,00:35,00-0034234,Poona Ford,LAR,SF,DL,tackles,2.1,0.2,4.6,0.8195416300226457,0.5712286668130145,eligible,eligible_current_role,starter,,1.0,direct,20260908_1821_tackles_direct,2026-09-11T19:13:20+00:00,2026-09-11T19:13:40+00:00
2026,1,401872657,2026-09-11,00:35,00-0034391,Siran Neal,SF,LAR,DB,tackles,0.7,0.0,3.1,0.39420294962072555,0.11792811127834799,eligible,eligible_current_role,backup,,2.0,direct,20260908_1821_tackles_direct,2026-09-11T19:13:20+00:00,2026-09-11T19:13:40+00:00
2026,1,401872657,2026-09-11,00:35,00-0034807,Ogbo Okoronkwo,SF,LAR,DL,tackles,0.9,0.0,3.4,0.508443861235224,0.22696828696283763,eligible,eligible_current_role,backup,,3.0,direct,20260908_1821_tackles_direct,2026-09-11T19:13:20+00:00,2026-09-11T19:13:40+00:00
2026,1,401872657,2026-09-11,00:35,00-0034815,Fred Warner,SF,LAR,LB,tackles,4.6,1.6,8.5,0.9730995900487882,0.9057325629113673,eligible,eligible_current_role,starter,Active,1.0,direct,20260908_1821_tackles_direct,2026-09-11T19:13:20+00:00,2026-09-11T19:13:40+00:00
2026,1,401872657,2026-09-11,00:35,00-0034854,KhaDarel Hodge,SF,LAR,WR,rushing_yards,0.0,-10.8,14.9,,,eligible,eligible_current_role,backup,Active,6.0,direct_component_blend,20260908_1821_rushing_yards_blend,2026-09-11T19:13:20+00:00,2026-09-11T19:13:40+00:00
2026,1,401872657,2026-09-11,00:35,00-0034854,KhaDarel Hodge,SF,LAR,WR,receiving_yards,3.2,-13.9,32.1,,,eligible,eligible_current_role,backup,Active,6.0,direct_component_blend,20260908_1821_receiving_yards_blend,2026-09-11T19:13:20+00:00,2026-09-11T19:13:40+00:00
2026,1,401872657,2026-09-11,00:35,00-0034982,Dre Greenlaw,SF,LAR,LB,tackles,6.0,4.0,8.4,0.98309963749772,0.958411218032052,eligible,eligible_current_role,starter,Active,1.0,direct,20260908_1821_tackles_direct,2026-09-11T19:13:20+00:00,2026-09-11T19:13:40+00:00
2026,1,401872657,2026-09-11,00:35,00-0035413,Luke Gifford,SF,LAR,LB,tackles,2.6,0.7,5.1,0.8764517615828948,0.6804504358426241,eligible,eligible_current_role,starter,Active,1.0,direct,20260908_1821_tackles_direct,2026-09-11T19:13:20+00:00,2026-09-11T19:13:40+00:00
2026,1,401872657,2026-09-11,00:35,00-0035717,Nick Bosa,SF,LAR,DL,tackles,3.0,1.1,5.5,0.9067090046401145,0.7547856508826472,eligible,eligible_current_role,starter,,1.0,direct,20260908_1821_tackles_direct,2026-09-11T19:13:20+00:00,2026-09-11T19:13:40+00:00
2026,1,401872657,2026-09-11,00:35,00-0035719,Deebo Samuel Sr.,SF,LAR,WR,rushing_yards,3.7,-7.0,18.8,,,eligible,eligible_current_role,backup,Active,2.0,direct_component_blend,20260908_1821_rushing_yards_blend,2026-09-11T19:13:20+00:00,2026-09-11T19:13:40+00:00
2026,1,401872657,2026-09-11,00:35,00-0035719,Deebo Samuel Sr.,SF,LAR,WR,receiving_yards,35.1,8.5,84.3,,,eligible,eligible_current_role,backup,Active,2.0,direct_component_blend,20260908_1821_receiving_yards_blend,2026-09-11T19:13:20+00:00,2026-09-11T19:13:40+00:00
2026,1,401872657,2026-09-11,00:35,00-0036244,Colby Parkinson,LAR,SF,TE,rushing_yards,0.0,-10.8,15.0,,,eligible,eligible_current_role,starter,,1.0,direct_component_blend,20260908_1821_rushing_yards_blend,2026-09-11T19:13:20+00:00,2026-09-11T19:13:40+00:00
2026,1,401872657,2026-09-11,00:35,00-0036244,Colby Parkinson,LAR,SF,TE,receiving_yards,28.8,9.1,63.0,,,eligible,eligible_current_role,starter,,1.0,direct_component_blend,20260908_1821_receiving_yards_blend,2026-09-11T19:13:20+00:00,2026-09-11T19:13:40+00:00
2026,1,401872657,2026-09-11,00:35,00-0036329,Ashtyn Davis,SF,LAR,DB,tackles,2.1,0.0,5.7,0.8140278653184613,0.5617347975521515,eligible,eligible_current_role,backup,,3.0,direct,20260908_1821_tackles_direct,2026-09-11T19:13:20+00:00,2026-09-11T19:13:40+00:00
2026,1,401872657,2026-09-11,00:35,00-0036341,Khalid Kareem,SF,LAR,DL,tackles,1.1,0.0,3.5,0.5561442405670618,0.2664803424120285,eligible,eligible_current_role,backup,,2.0,direct,20260908_1821_tackles_direct,2026-09-11T19:13:20+00:00,2026-09-11T19:13:40+00:00
2026,1,401872657,2026-09-11,00:35,00-0036349,Kam Curl,LAR,SF,DB,tackles,5.4,2.7,8.9,0.9817579358277846,0.944233278772012,eligible,questionable_flag,starter,Questionable,1.0,direct,20260908_1821_tackles_direct,2026-09-11T19:13:20+00:00,2026-09-11T19:13:40+00:00
2026,1,401872657,2026-09-11,00:35,00-0036563,Deommodore Lenoir,SF,LAR,DB,tackles,4.0,1.3,7.5,0.9533915611493862,0.8568734587670156,eligible,eligible_current_role,starter,,1.0,direct,20260908_1821_tackles_direct,2026-09-11T19:13:20+00:00,2026-09-11T19:13:40+00:00
2026,1,401872657,2026-09-11,00:35,00-0036844,Garret Wallow,SF,LAR,LB,tackles,0.6,0.0,3.1,0.39088263821532493,0.11445198836081474,eligible,eligible_current_role,backup,,2.0,direct,20260908_1821_tackles_direct,2026-09-11T19:13:20+00:00,2026-09-11T19:13:40+00:00
2026,1,401872657,2026-09-11,00:35,00-0036887,Luke Farrell,SF,LAR,TE,rushing_yards,0.0,-10.8,14.9,,,eligible,eligible_current_role,backup,,3.0,direct_component_blend,20260908_1821_rushing_yards_blend,2026-09-11T19:13:20+00:00,2026-09-11T19:13:40+00:00
2026,1,401872657,2026-09-11,00:35,00-0036887,Luke Farrell,SF,LAR,TE,receiving_yards,4.0,-13.2,32.8,,,eligible,eligible_current_role,backup,,3.0,direct_component_blend,20260908_1821_receiving_yards_blend,2026-09-11T19:13:20+00:00,2026-09-11T19:13:40+00:00
2026,1,401872657,2026-09-11,00:35,00-0036942,Osa Odighizuwa,SF,LAR,DL,tackles,2.1,0.0,4.9,0.8143509828166822,0.5622868708338883,eligible,eligible_current_role,starter,,1.0,direct,20260908_1821_tackles_direct,2026-09-11T19:13:20+00:00,2026-09-11T19:13:40+00:00
2026,1,401872657,2026-09-11,00:35,00-0036972,Mac Jones,SF,LAR,QB,rushing_yards,4.4,-8.4,22.4,,,eligible,eligible_current_role,backup,,2.0,direct_component_blend,20260908_1821_rushing_yards_blend,2026-09-11T19:13:20+00:00,2026-09-11T19:13:40+00:00
2026,1,401872657,2026-09-11,00:35,00-0037112,Jake Tonges,SF,LAR,TE,rushing_yards,0.0,-10.8,14.9,,,eligible,questionable_flag,backup,Questionable,2.0,direct_component_blend,20260908_1821_rushing_yards_blend,2026-09-11T19:13:20+00:00,2026-09-11T19:13:40+00:00
2026,1,401872657,2026-09-11,00:35,00-0037112,Jake Tonges,SF,LAR,TE,receiving_yards,19.5,2.4,48.3,,,eligible,questionable_flag,backup,Questionable,2.0,direct_component_blend,20260908_1821_receiving_yards_blend,2026-09-11T19:13:20+00:00,2026-09-11T19:13:40+00:00
2026,1,401872657,2026-09-11,00:35,00-0037191,Trent McDuffie,LAR,SF,DB,tackles,3.8,1.6,6.5,0.944766444495665,0.8388253974007935,eligible,eligible_current_role,starter,,1.0,direct,20260908_1821_tackles_direct,2026-09-11T19:13:20+00:00,2026-09-11T19:13:40+00:00
2026,1,401872657,2026-09-11,00:35,00-0037195,Jaylen Watson,LAR,SF,DB,tackles,3.7,1.1,7.2,0.9428442694998169,0.835115123066954,eligible,eligible_current_role,starter,Active,1.0,direct,20260908_1821_tackles_direct,2026-09-11T19:13:20+00:00,2026-09-11T19:13:40+00:00
2026,1,401872657,2026-09-11,00:35,00-0037557,Ronnie Rivers,LAR,SF,RB,rushing_yards,5.5,-5.2,20.5,,,eligible,eligible_current_role,backup,,3.0,direct_component_blend,20260908_1821_rushing_yards_blend,2026-09-11T19:13:20+00:00,2026-09-11T19:13:40+00:00
2026,1,401872657,2026-09-11,00:35,00-0037557,Ronnie Rivers,LAR,SF,RB,receiving_yards,1.7,-15.5,30.5,,,eligible,eligible_current_role,backup,,3.0,direct_component_blend,20260908_1821_receiving_yards_blend,2026-09-11T19:13:20+00:00,2026-09-11T19:13:40+00:00
2026,1,401872657,2026-09-11,00:35,00-0037834,Brock Purdy,SF,LAR,QB,passing_yards,242.4,149.0,348.7,,,eligible,eligible_current_role,starter,Active,1.0,direct_component_blend,20260908_1821_passing_yards_blend,2026-09-11T19:13:20+00:00,2026-09-11T19:13:40+00:00
2026,1,401872657,2026-09-11,00:35,00-0037834,Brock Purdy,SF,LAR,QB,passing_tds,1.658,,,0.8125,0.5119047619047619,eligible,eligible_current_role,starter,Active,1.0,direct_component_blend,20260908_1821_passing_tds_blend,2026-09-11T19:13:20+00:00,2026-09-11T19:13:40+00:00
2026,1,401872657,2026-09-11,00:35,00-0037834,Brock Purdy,SF,LAR,QB,rushing_yards,12.6,-0.1,30.6,,,eligible,eligible_current_role,starter,Active,1.0,direct_component_blend,20260908_1821_rushing_yards_blend,2026-09-11T19:13:20+00:00,2026-09-11T19:13:40+00:00
2026,1,401872657,2026-09-11,00:35,00-0037840,Kyren Williams,LAR,SF,RB,rushing_yards,57.9,35.9,88.8,,,eligible,eligible_current_role,starter,Active,1.0,direct_component_blend,20260908_1821_rushing_yards_blend,2026-09-11T19:13:20+00:00,2026-09-11T19:13:40+00:00
2026,1,401872657,2026-09-11,00:35,00-0037840,Kyren Williams,LAR,SF,RB,receiving_yards,15.3,-1.9,44.1,,,eligible,eligible_current_role,starter,Active,1.0,direct_component_blend,20260908_1821_receiving_yards_blend,2026-09-11T19:13:20+00:00,2026-09-11T19:13:40+00:00
2026,1,401872657,2026-09-11,00:35,00-0037841,Quentin Lake,LAR,SF,DB,tackles,5.2,2.5,8.7,0.9811806089991987,0.9384963493475958,eligible,eligible_current_role,starter,Active,1.0,direct,20260908_1821_tackles_direct,2026-09-11T19:13:20+00:00,2026-09-11T19:13:40+00:00
2026,1,401872657,2026-09-11,00:35,00-0038039,Jack Jones,SF,LAR,DB,tackles,2.7,0.1,6.3,0.887705196455395,0.7052999034896247,eligible,eligible_current_role,backup,,2.0,direct,20260908_1821_tackles_direct,2026-09-11T19:13:20+00:00,2026-09-11T19:13:40+00:00
2026,1,401872657,2026-09-11,00:35,00-0038359,Xavier Smith,LAR,SF,WR,rushing_yards,0.0,-10.8,15.0,,,eligible,eligible_current_role,backup,,5.0,direct_component_blend,20260908_1821_rushing_yards_blend,2026-09-11T19:13:20+00:00,2026-09-11T19:13:40+00:00
2026,1,401872657,2026-09-11,00:35,00-0038359,Xavier Smith,LAR,SF,WR,receiving_yards,17.3,0.2,46.1,,,eligible,eligible_current_role,backup,,5.0,direct_component_blend,20260908_1821_receiving_yards_blend,2026-09-11T19:13:20+00:00,2026-09-11T19:13:40+00:00
2026,1,401872657,2026-09-11,00:35,00-0038366,Tanner Ingle,LAR,SF,DB,tackles,0.8,0.0,3.5,0.42835230061576357,0.15975672901239862,eligible,eligible_current_role,backup,,2.0,direct,20260908_1821_tackles_direct,2026-09-11T19:13:20+00:00,2026-09-11T19:13:40+00:00
2026,1,401872657,2026-09-11,00:35,00-0038554,Ji'Ayir Brown,SF,LAR,DB,tackles,5.0,2.2,8.4,0.9801024762597561,0.9282110541455243,eligible,eligible_current_role,starter,,1.0,direct,20260908_1821_tackles_direct,2026-09-11T19:13:20+00:00,2026-09-11T19:13:40+00:00
2026,1,401872657,2026-09-11,00:35,00-0039061,Desjuan Johnson,LAR,SF,LB,tackles,1.4,0.0,3.9,0.6828564090680336,0.3914745321588475,eligible,eligible_current_role,backup,,2.0,direct,20260908_1821_tackles_direct,2026-09-11T19:13:20+00:00,2026-09-11T19:13:40+00:00
2026,1,401872657,2026-09-11,00:35,00-0039074,Davis Allen,LAR,SF,TE,rushing_yards,0.0,-10.8,15.0,,,eligible,questionable_flag,backup,Questionable,4.0,direct_component_blend,20260908_1821_rushing_yards_blend,2026-09-11T19:13:20+00:00,2026-09-11T19:13:40+00:00
2026,1,401872657,2026-09-11,00:35,00-0039074,Davis Allen,LAR,SF,TE,receiving_yards,9.8,-7.4,38.6,,,eligible,questionable_flag,backup,Questionable,4.0,direct_component_blend,20260908_1821_receiving_yards_blend,2026-09-11T19:13:20+00:00,2026-09-11T19:13:40+00:00
2026,1,401872657,2026-09-11,00:35,00-0039075,Puka Nacua,LAR,SF,WR,rushing_yards,1.8,-8.9,16.8,,,eligible,eligible_current_role,starter,Active,1.0,direct_component_blend,20260908_1821_rushing_yards_blend,2026-09-11T19:13:20+00:00,2026-09-11T19:13:40+00:00
2026,1,401872657,2026-09-11,00:35,00-0039075,Puka Nacua,LAR,SF,WR,receiving_yards,101.0,74.4,150.2,,,eligible,eligible_current_role,starter,Active,1.0,direct_component_blend,20260908_1821_receiving_yards_blend,2026-09-11T19:13:20+00:00,2026-09-11T19:13:40+00:00
2026,1,401872657,2026-09-11,00:35,00-0039107,Stetson Bennett,LAR,SF,QB,rushing_yards,6.9,-10.6,31.6,,,eligible,eligible_current_role,backup,Active,2.0,direct_component_blend,20260908_1821_rushing_yards_blend,2026-09-11T19:13:20+00:00,2026-09-11T19:13:40+00:00
2026,1,401872657,2026-09-11,00:35,00-0039137,Byron Young,LAR,SF,LB,tackles,3.7,0.8,7.7,0.9421020392018774,0.8336950094687929,eligible,eligible_current_role,starter,,1.0,direct,20260908_1821_tackles_direct,2026-09-11T19:13:20+00:00,2026-09-11T19:13:40+00:00
2026,1,401872657,2026-09-11,00:35,00-0039138,Kobie Turner,LAR,SF,DL,tackles,2.6,0.5,5.4,0.8804164931296801,0.6890485103598479,eligible,eligible_current_role,starter,Active,1.0,direct,20260908_1821_tackles_direct,2026-09-11T19:13:20+00:00,2026-09-11T19:13:40+00:00
2026,1,401872657,2026-09-11,00:35,00-0039148,Keion White,SF,LAR,DL,tackles,1.8,0.0,4.3,0.7731579424473443,0.4983803649313881,eligible,eligible_current_role,starter,,1.0,direct,20260908_1821_tackles_direct,2026-09-11T19:13:20+00:00,2026-09-11T19:13:40+00:00
2026,1,401872657,2026-09-11,00:35,00-0039151,Emmanuel Forbes,LAR,SF,DB,tackles,2.2,0.0,5.8,0.8323524280128565,0.5939101292253625,eligible,eligible_current_role,backup,,2.0,direct,20260908_1821_tackles_direct,2026-09-11T19:13:20+00:00,2026-09-11T19:13:40+00:00
2026,1,401872657,2026-09-11,00:35,00-0039345,Renardo Green,SF,LAR,DB,tackles,4.3,1.6,7.8,0.964969414489412,0.884756300440703,eligible,eligible_current_role,starter,Active,1.0,direct,20260908_1821_tackles_direct,2026-09-11T19:13:20+00:00,2026-09-11T19:13:40+00:00
2026,1,401872657,2026-09-11,00:35,00-0039360,Malik Mustapha,SF,LAR,DB,tackles,5.9,3.2,9.4,0.9829738937796076,0.9570192656818602,eligible,eligible_current_role,starter,,1.0,direct,20260908_1821_tackles_direct,2026-09-11T19:13:20+00:00,2026-09-11T19:13:40+00:00
2026,1,401872657,2026-09-11,00:35,00-0039365,Jacob Cowing,SF,LAR,WR,rushing_yards,0.4,-10.3,15.4,,,eligible,eligible_current_role,backup,,5.0,direct_component_blend,20260908_1821_rushing_yards_blend,2026-09-11T19:13:20+00:00,2026-09-11T19:13:40+00:00
2026,1,401872657,2026-09-11,00:35,00-0039365,Jacob Cowing,SF,LAR,WR,receiving_yards,8.3,-8.9,37.1,,,eligible,eligible_current_role,backup,,5.0,direct_component_blend,20260908_1821_receiving_yards_blend,2026-09-11T19:13:20+00:00,2026-09-11T19:13:40+00:00
2026,1,401872657,2026-09-11,00:35,00-0039498,Harrison Mevis,LAR,SF,K,kicking_points,7.5,3.0,12.8,,,eligible,eligible_current_role,starter,Active,1.0,component,20260908_1821_kicking_points_component,2026-09-11T19:13:20+00:00,2026-09-11T19:13:40+00:00
2026,1,401872657,2026-09-11,00:35,00-0039734,Braden Fiske,LAR,SF,DL,tackles,1.1,0.0,3.6,0.5635809515714234,0.2734009499093909,eligible,eligible_current_role,backup,,2.0,direct,20260908_1821_tackles_direct,2026-09-11T19:13:20+00:00,2026-09-11T19:13:40+00:00
2026,1,401872657,2026-09-11,00:35,00-0039738,Blake Corum,LAR,SF,RB,rushing_yards,25.0,3.0,55.9,,,eligible,eligible_current_role,backup,Active,2.0,direct_component_blend,20260908_1821_rushing_yards_blend,2026-09-11T19:13:20+00:00,2026-09-11T19:13:40+00:00
2026,1,401872657,2026-09-11,00:35,00-0039738,Blake Corum,LAR,SF,RB,receiving_yards,4.0,-13.2,32.8,,,eligible,eligible_current_role,backup,Active,2.0,direct_component_blend,20260908_1821_receiving_yards_blend,2026-09-11T19:13:20+00:00,2026-09-11T19:13:40+00:00
2026,1,401872657,2026-09-11,00:35,00-0039749,Tyler Davis,LAR,SF,DL,tackles,1.7,0.0,4.1,0.7594130947978958,0.4812713016902373,eligible,eligible_current_role,backup,,2.0,direct,20260908_1821_tackles_direct,2026-09-11T19:13:20+00:00,2026-09-11T19:13:40+00:00
2026,1,401872657,2026-09-11,00:35,00-0039751,Jordan Whittington,LAR,SF,WR,rushing_yards,0.0,-10.8,15.0,,,eligible,eligible_current_role,backup,,3.0,direct_component_blend,20260908_1821_rushing_yards_blend,2026-09-11T19:13:20+00:00,2026-09-11T19:13:40+00:00
2026,1,401872657,2026-09-11,00:35,00-0039751,Jordan Whittington,LAR,SF,WR,receiving_yards,6.1,-11.1,34.9,,,eligible,eligible_current_role,backup,,3.0,direct_component_blend,20260908_1821_receiving_yards_blend,2026-09-11T19:13:20+00:00,2026-09-11T19:13:40+00:00
2026,1,401872657,2026-09-11,00:35,00-0039772,Josh Wallace,LAR,SF,DB,tackles,2.0,0.0,4.8,0.8036476699623236,0.5442743994212297,eligible,eligible_current_role,backup,,2.0,direct,20260908_1821_tackles_direct,2026-09-11T19:13:20+00:00,2026-09-11T19:13:40+00:00
2026,1,401872657,2026-09-11,00:35,00-0039776,Jaylen McCollough,LAR,SF,DB,tackles,2.2,0.0,5.8,0.8281671562347934,0.5864013497548632,eligible,eligible_current_role,backup,,2.0,direct,20260908_1821_tackles_direct,2026-09-11T19:13:20+00:00,2026-09-11T19:13:40+00:00
2026,1,401872657,2026-09-11,00:35,00-0039834,Kamren Kinchens,LAR,SF,DB,tackles,4.6,2.3,7.2,0.9734119588258718,0.9065669543253762,eligible,eligible_current_role,starter,,1.0,direct,20260908_1821_tackles_direct,2026-09-11T19:13:20+00:00,2026-09-11T19:13:40+00:00
2026,1,401872657,2026-09-11,00:35,00-0040152,Upton Stout,SF,LAR,DB,tackles,5.1,2.8,7.7,0.980681868589087,0.933675308844158,eligible,eligible_current_role,starter,,1.0,direct,20260908_1821_tackles_direct,2026-09-11T19:13:20+00:00,2026-09-11T19:13:40+00:00
2026,1,401872657,2026-09-11,00:35,00-0040185,Marques Sigle,SF,LAR,DB,tackles,0.8,0.0,3.2,0.43412358588989725,0.1674450103830457,eligible,eligible_current_role,backup,,2.0,direct,20260908_1821_tackles_direct,2026-09-11T19:13:20+00:00,2026-09-11T19:13:40+00:00
2026,1,401872657,2026-09-11,00:35,00-0040580,Josaiah Stewart,LAR,SF,LB,tackles,1.2,0.0,3.7,0.571207721197805,0.28067725682732747,eligible,eligible_current_role,backup,,2.0,direct,20260908_1821_tackles_direct,2026-09-11T19:13:20+00:00,2026-09-11T19:13:40+00:00
2026,1,401872657,2026-09-11,00:35,00-0040585,Ty Hamilton,LAR,SF,DL,tackles,0.9,0.0,3.4,0.513117604563559,0.23056730807622522,eligible,eligible_current_role,backup,,2.0,direct,20260908_1821_tackles_direct,2026-09-11T19:13:20+00:00,2026-09-11T19:13:40+00:00
2026,1,401872657,2026-09-11,00:35,00-0040590,Konata Mumpfield,LAR,SF,WR,rushing_yards,0.0,-10.8,15.0,,,eligible,eligible_current_role,backup,,4.0,direct_component_blend,20260908_1821_rushing_yards_blend,2026-09-11T19:13:20+00:00,2026-09-11T19:13:40+00:00
2026,1,401872657,2026-09-11,00:35,00-0040590,Konata Mumpfield,LAR,SF,WR,receiving_yards,16.0,-10.6,65.2,,,eligible,eligible_current_role,backup,,4.0,direct_component_blend,20260908_1821_receiving_yards_blend,2026-09-11T19:13:20+00:00,2026-09-11T19:13:40+00:00
2026,1,401872657,2026-09-11,00:35,00-0040711,CJ West,SF,LAR,DL,tackles,1.1,0.0,3.6,0.563758216379015,0.27356799451637276,eligible,eligible_current_role,backup,,2.0,direct,20260908_1821_tackles_direct,2026-09-11T19:13:20+00:00,2026-09-11T19:13:40+00:00
2026,1,401872657,2026-09-11,00:35,00-0040737,Terrance Ferguson,LAR,SF,TE,rushing_yards,0.0,-10.8,15.0,,,eligible,eligible_current_role,backup,Active,3.0,direct_component_blend,20260908_1821_rushing_yards_blend,2026-09-11T19:13:20+00:00,2026-09-11T19:13:40+00:00
2026,1,401872657,2026-09-11,00:35,00-0040737,Terrance Ferguson,LAR,SF,TE,receiving_yards,11.8,-5.3,40.6,,,eligible,eligible_current_role,backup,Active,3.0,direct_component_blend,20260908_1821_receiving_yards_blend,2026-09-11T19:13:20+00:00,2026-09-11T19:13:40+00:00
2026,1,401872657,2026-09-11,00:35,00-0041035,De'Zhaun Stribling,SF,LAR,WR,rushing_yards,0.0,-14.8,20.6,,,eligible,questionable_flag,backup,Questionable,3.0,direct_component_blend,20260908_1821_rushing_yards_blend,2026-09-11T19:13:20+00:00,2026-09-11T19:13:40+00:00
2026,1,401872657,2026-09-11,00:35,00-0041035,De'Zhaun Stribling,SF,LAR,WR,receiving_yards,8.4,-14.2,49.0,,,eligible,questionable_flag,backup,Questionable,3.0,direct_component_blend,20260908_1821_receiving_yards_blend,2026-09-11T19:13:20+00:00,2026-09-11T19:13:40+00:00
2026,1,401872657,2026-09-11,00:35,00-0041052,Kaelon Black,SF,LAR,RB,rushing_yards,10.7,-19.6,53.2,,,eligible,eligible_current_role,backup,Active,2.0,direct_component_blend,20260908_1821_rushing_yards_blend,2026-09-11T19:13:20+00:00,2026-09-11T19:13:40+00:00
2026,1,401872657,2026-09-11,00:35,00-0041052,Kaelon Black,SF,LAR,RB,receiving_yards,4.3,-18.4,44.8,,,eligible,eligible_current_role,backup,Active,2.0,direct_component_blend,20260908_1821_receiving_yards_blend,2026-09-11T19:13:20+00:00,2026-09-11T19:13:40+00:00
2026,1,401872657,2026-09-11,00:35,00-0041078,Jaden Dugger,SF,LAR,LB,tackles,1.4,0.0,4.9,0.6470005336998734,0.35363300860066743,eligible,eligible_current_role,backup,,2.0,direct,20260908_1821_tackles_direct,2026-09-11T19:13:20+00:00,2026-09-11T19:13:40+00:00
2026,1,401872657,2026-09-11,00:35,00-0041404,Wesley Bailey,LAR,SF,LB,tackles,1.1,0.0,4.6,0.5547685242092724,0.26521859975602796,eligible,eligible_current_role,backup,,3.0,direct,20260908_1821_tackles_direct,2026-09-11T19:13:20+00:00,2026-09-11T19:13:40+00:00
2026,1,401872657,2026-09-11,00:35,00-0041556,Romello Height,SF,LAR,DL,tackles,1.1,0.0,4.6,0.5544744346812478,0.26494961587314403,eligible,eligible_current_role,backup,Active,2.0,direct,20260908_1821_tackles_direct,2026-09-11T19:13:20+00:00,2026-09-11T19:13:40+00:00
2026,1,401872657,2026-09-11,00:35,00-0041557,Gracen Halton,SF,LAR,DL,tackles,1.4,0.0,5.0,0.68360857779522,0.39229692935998917,eligible,eligible_current_role,starter,Active,1.0,direct,20260908_1821_tackles_direct,2026-09-11T19:13:20+00:00,2026-09-11T19:13:40+00:00
2026,1,401872657,2026-09-11,00:35,THO581952,James Thompson Jr.,SF,LAR,DT,tackles,1.1,0.0,4.6,0.5565278413370374,0.2668331842755658,eligible,eligible_current_role,backup,Active,2.0,direct,20260908_1821_tackles_direct,2026-09-11T19:13:20+00:00,2026-09-11T19:13:40+00:00
2026,1,401872658,2026-09-13,13:00,00-0023459,Aaron Rodgers,PIT,ATL,QB,passing_yards,233.6,140.1,339.8,,,eligible,eligible_current_role,starter,Active,1.0,direct_component_blend,20260908_1821_passing_yards_blend,2026-09-11T19:13:20+00:00,2026-09-11T19:13:40+00:00
2026,1,401872658,2026-09-13,13:00,00-0023459,Aaron Rodgers,PIT,ATL,QB,passing_tds,1.624,,,0.8125,0.5119047619047619,eligible,eligible_current_role,starter,Active,1.0,direct_component_blend,20260908_1821_passing_tds_blend,2026-09-11T19:13:20+00:00,2026-09-11T19:13:40+00:00
2026,1,401872658,2026-09-13,13:00,00-0023459,Aaron Rodgers,PIT,ATL,QB,rushing_yards,5.0,-5.7,20.1,,,eligible,eligible_current_role,starter,Active,1.0,direct_component_blend,20260908_1821_rushing_yards_blend,2026-09-11T19:13:20+00:00,2026-09-11T19:13:40+00:00
2026,1,401872658,2026-09-13,13:00,00-0025565,Nick Folk,ATL,PIT,K,kicking_points,6.6,1.9,12.1,,,eligible,eligible_current_role,starter,Active,1.0,component,20260908_1821_kicking_points_component,2026-09-11T19:13:20+00:00,2026-09-11T19:13:40+00:00
2026,1,401872658,2026-09-13,13:00,00-0027969,Cameron Heyward,PIT,ATL,DL,tackles,3.0,1.0,5.5,0.9060669457193308,0.7530055448792812,eligible,eligible_current_role,starter,,1.0,direct,20260908_1821_tackles_direct,2026-09-11T19:13:20+00:00,2026-09-11T19:13:40+00:00
2026,1,401872658,2026-09-13,13:00,00-0031136,Chris Boswell,PIT,ATL,K,kicking_points,7.3,2.2,13.2,,,eligible,eligible_current_role,starter,Active,1.0,component,20260908_1821_kicking_points_component,2026-09-11T19:13:20+00:00,2026-09-11T19:13:40+00:00
2026,1,401872658,2026-09-13,13:00,00-0031576,Za'Darius Smith,ATL,PIT,LB,tackles,2.0,0.1,4.5,0.7984612870891757,0.5357442327611778,eligible,questionable_flag,starter,Questionable,1.0,direct,20260908_1821_tackles_direct,2026-09-11T19:13:20+00:00,2026-09-11T19:13:40+00:00
2026,1,401872658,2026-09-13,13:00,00-0032392,Austin Hooper,ATL,PIT,TE,rushing_yards,0.0,-10.8,14.9,,,eligible,eligible_current_role,backup,,3.0,direct_component_blend,20260908_1821_rushing_yards_blend,2026-09-11T19:13:20+00:00,2026-09-11T19:13:40+00:00
2026,1,401872658,2026-09-13,13:00,00-0032392,Austin Hooper,ATL,PIT,TE,receiving_yards,12.5,-4.7,41.3,,,eligible,eligible_current_role,backup,,3.0,direct_component_blend,20260908_1821_receiving_yards_blend,2026-09-11T19:13:20+00:00,2026-09-11T19:13:40+00:00
2026,1,401872658,2026-09-13,13:00,00-0033055,Jalen Ramsey,PIT,ATL,DB,tackles,3.8,1.2,7.3,0.94642689207233,0.8420697292956161,eligible,eligible_current_role,starter,Active,1.0,direct,20260908_1821_tackles_direct,2026-09-11T19:13:20+00:00,2026-09-11T19:13:40+00:00
2026,1,401872658,2026-09-13,13:00,00-0033662,Cooper Rush,ATL,PIT,QB,rushing_yards,2.5,-8.2,17.6,,,eligible,eligible_current_role,backup,Active,3.0,direct_component_blend,20260908_1821_rushing_yards_blend,2026-09-11T19:13:20+00:00,2026-09-11T19:13:40+00:00
2026,1,401872658,2026-09-13,13:00,00-0033757,Robert Tonyan,PIT,ATL,TE,rushing_yards,0.0,-10.8,14.9,,,eligible,eligible_current_role,backup,,3.0,direct_component_blend,20260908_1821_rushing_yards_blend,2026-09-11T19:13:20+00:00,2026-09-11T19:13:40+00:00
2026,1,401872658,2026-09-13,13:00,00-0033757,Robert Tonyan,PIT,ATL,TE,receiving_yards,4.1,-13.1,32.9,,,eligible,eligible_current_role,backup,,3.0,direct_component_blend,20260908_1821_receiving_yards_blend,2026-09-11T19:13:20+00:00,2026-09-11T19:13:40+00:00
2026,1,401872658,2026-09-13,13:00,00-0033886,T.J. Watt,PIT,ATL,LB,tackles,3.4,0.5,7.5,0.9274280233979958,0.806882095473,eligible,eligible_current_role,starter,,1.0,direct,20260908_1821_tackles_direct,2026-09-11T19:13:20+00:00,2026-09-11T19:13:40+00:00
2026,1,401872658,2026-09-13,13:00,00-0033941,Rayshawn Jenkins,PIT,ATL,DB,tackles,3.9,1.9,6.3,0.9494077986268409,0.8479909592145939,eligible,eligible_current_role,starter,,1.0,direct,20260908_1821_tackles_direct,2026-09-11T19:13:20+00:00,2026-09-11T19:13:40+00:00
2026,1,401872658,2026-09-13,13:00,00-0033945,Samson Ebukam,ATL,PIT,DL,tackles,1.8,0.0,4.3,0.7705807435233746,0.49510406843307675,eligible,eligible_current_role,starter,,1.0,direct,20260908_1821_tackles_direct,2026-09-11T19:13:20+00:00,2026-09-11T19:13:40+00:00
2026,1,401872658,2026-09-13,13:00,00-0034371,Da'Shawn Hand,ATL,PIT,DL,tackles,1.6,0.0,4.0,0.7415171559929402,0.45947172590424934,eligible,questionable_flag,backup,Questionable,2.0,direct,20260908_1821_tackles_direct,2026-09-11T19:13:20+00:00,2026-09-11T19:13:40+00:00
2026,1,401872658,2026-09-13,13:00,00-0034639,Mike Ford,ATL,PIT,DB,tackles,0.7,0.0,3.2,0.4233894839509233,0.15329293356232443,eligible,eligible_current_role,backup,,2.0,direct,20260908_1821_tackles_direct,2026-09-11T19:13:20+00:00,2026-09-11T19:13:40+00:00
2026,1,401872658,2026-09-13,13:00,00-0034675,Jessie Bates,ATL,PIT,DB,tackles,5.4,2.7,8.8,0.9816634205391432,0.943281500701045,eligible,eligible_current_role,starter,Active,1.0,direct,20260908_1821_tackles_direct,2026-09-11T19:13:20+00:00,2026-09-11T19:13:40+00:00
2026,1,401872658,2026-09-13,13:00,00-0034771,Mason Rudolph,PIT,ATL,QB,rushing_yards,3.2,-7.5,18.3,,,eligible,eligible_current_role,backup,Active,2.0,direct_component_blend,20260908_1821_rushing_yards_blend,2026-09-11T19:13:20+00:00,2026-09-11T19:13:40+00:00
2026,1,401872658,2026-09-13,13:00,00-0034810,Sebastian Joseph-Day,PIT,ATL,DL,tackles,1.4,0.0,3.9,0.6810730239433306,0.38952947520060444,eligible,eligible_current_role,backup,,2.0,direct,20260908_1821_tackles_direct,2026-09-11T19:13:20+00:00,2026-09-11T19:13:40+00:00
2026,1,401872658,2026-09-13,13:00,00-0034843,Mike Hughes,ATL,PIT,DB,tackles,2.9,0.3,6.5,0.9017923939325256,0.741332834446696,eligible,eligible_current_role,starter,,1.0,direct,20260908_1821_tackles_direct,2026-09-11T19:13:20+00:00,2026-09-11T19:13:40+00:00
2026,1,401872658,2026-09-13,13:00,00-0035208,Olamide Zaccheaus,ATL,PIT,WR,rushing_yards,0.0,-10.8,15.0,,,eligible,eligible_current_role,backup,,3.0,direct_component_blend,20260908_1821_rushing_yards_blend,2026-09-11T19:13:20+00:00,2026-09-11T19:13:40+00:00
2026,1,401872658,2026-09-13,13:00,00-0035208,Olamide Zaccheaus,ATL,PIT,WR,receiving_yards,17.6,0.4,46.4,,,eligible,eligible_current_role,backup,,3.0,direct_component_blend,20260908_1821_receiving_yards_blend,2026-09-11T19:13:20+00:00,2026-09-11T19:13:40+00:00
2026,1,401872658,2026-09-13,13:00,00-0035640,DK Metcalf,PIT,ATL,WR,rushing_yards,0.0,-10.7,15.0,,,eligible,eligible_current_role,starter,Active,1.0,direct_component_blend,20260908_1821_rushing_yards_blend,2026-09-11T19:13:20+00:00,2026-09-11T19:13:40+00:00
2026,1,401872658,2026-09-13,13:00,00-0035640,DK Metcalf,PIT,ATL,WR,receiving_yards,57.1,30.5,106.3,,,eligible,eligible_current_role,starter,Active,1.0,direct_component_blend,20260908_1821_receiving_yards_blend,2026-09-11T19:13:20+00:00,2026-09-11T19:13:40+00:00
2026,1,401872658,2026-09-13,13:00,00-0035699,Jamel Dean,PIT,ATL,DB,tackles,3.5,0.9,7.0,0.9320862909260609,0.8151528535697431,eligible,eligible_current_role,starter,,1.0,direct,20260908_1821_tackles_direct,2026-09-11T19:13:20+00:00,2026-09-11T19:13:40+00:00
2026,1,401872658,2026-09-13,13:00,00-0036139,Rico Dowdle,PIT,ATL,RB,rushing_yards,33.3,11.3,64.3,,,eligible,eligible_current_role,backup,Active,2.0,direct_component_blend,20260908_1821_rushing_yards_blend,2026-09-11T19:13:20+00:00,2026-09-11T19:13:40+00:00
2026,1,401872658,2026-09-13,13:00,00-0036139,Rico Dowdle,PIT,ATL,RB,receiving_yards,12.1,-5.1,40.9,,,eligible,eligible_current_role,backup,Active,2.0,direct_component_blend,20260908_1821_receiving_yards_blend,2026-09-11T19:13:20+00:00,2026-09-11T19:13:40+00:00
2026,1,401872658,2026-09-13,13:00,00-0036204,LaCale London,ATL,PIT,DL,tackles,2.0,0.1,4.5,0.8021226741496359,0.5417531042857959,eligible,eligible_current_role,starter,,1.0,direct,20260908_1821_tackles_direct,2026-09-11T19:13:20+00:00,2026-09-11T19:13:40+00:00
2026,1,401872658,2026-09-13,13:00,00-0036212,Tua Tagovailoa,ATL,PIT,QB,passing_yards,205.7,112.2,311.9,,,eligible,questionable_flag,starter,Questionable,1.0,direct_component_blend,20260908_1821_passing_yards_blend,2026-09-11T19:13:20+00:00,2026-09-11T19:13:40+00:00
2026,1,401872658,2026-09-13,13:00,00-0036212,Tua Tagovailoa,ATL,PIT,QB,passing_tds,1.464,,,0.8049529834350585,0.46863171866658154,eligible,questionable_flag,starter,Questionable,1.0,direct_component_blend,20260908_1821_passing_tds_blend,2026-09-11T19:13:20+00:00,2026-09-11T19:13:40+00:00
2026,1,401872658,2026-09-13,13:00,00-0036212,Tua Tagovailoa,ATL,PIT,QB,rushing_yards,4.5,-6.2,19.5,,,eligible,questionable_flag,starter,Questionable,1.0,direct_component_blend,20260908_1821_rushing_yards_blend,2026-09-11T19:13:20+00:00,2026-09-11T19:13:40+00:00
2026,1,401872658,2026-09-13,13:00,00-0036252,Michael Pittman,PIT,ATL,WR,rushing_yards,0.0,-10.8,15.0,,,eligible,eligible_current_role,backup,Active,2.0,direct_component_blend,20260908_1821_rushing_yards_blend,2026-09-11T19:13:20+00:00,2026-09-11T19:13:40+00:00
2026,1,401872658,2026-09-13,13:00,00-0036252,Michael Pittman,PIT,ATL,WR,receiving_yards,29.5,2.8,78.6,,,eligible,eligible_current_role,backup,Active,2.0,direct_component_blend,20260908_1821_receiving_yards_blend,2026-09-11T19:13:20+00:00,2026-09-11T19:13:40+00:00
2026,1,401872658,2026-09-13,13:00,00-0036281,C.J. Henderson,ATL,PIT,DB,tackles,2.5,0.4,5.3,0.8709851555780157,0.668855901133025,eligible,eligible_current_role,backup,,2.0,direct,20260908_1821_tackles_direct,2026-09-11T19:13:20+00:00,2026-09-11T19:13:40+00:00
2026,1,401872658,2026-09-13,13:00,00-0036285,A.J. Terrell,ATL,PIT,DB,tackles,3.9,1.2,7.4,0.9491183823019255,0.847410386718409,eligible,eligible_current_role,starter,,1.0,direct,20260908_1821_tackles_direct,2026-09-11T19:13:20+00:00,2026-09-11T19:13:40+00:00
2026,1,401872658,2026-09-13,13:00,00-0036333,Alex Highsmith,PIT,ATL,LB,tackles,3.8,0.8,7.8,0.9449676873678523,0.8392166300229119,eligible,eligible_current_role,starter,,1.0,direct,20260908_1821_tackles_direct,2026-09-11T19:13:20+00:00,2026-09-11T19:13:40+00:00
2026,1,401872658,2026-09-13,13:00,00-0036429,Charlie Woerner,ATL,PIT,TE,rushing_yards,0.0,-10.8,14.9,,,eligible,eligible_current_role,backup,,2.0,direct_component_blend,20260908_1821_rushing_yards_blend,2026-09-11T19:13:20+00:00,2026-09-11T19:13:40+00:00
2026,1,401872658,2026-09-13,13:00,00-0036429,Charlie Woerner,ATL,PIT,TE,receiving_yards,5.6,-11.5,34.4,,,eligible,eligible_current_role,backup,,2.0,direct_component_blend,20260908_1821_receiving_yards_blend,2026-09-11T19:13:20+00:00,2026-09-11T19:13:40+00:00
2026,1,401872658,2026-09-13,13:00,00-0036463,Chris Blair,ATL,PIT,WR,rushing_yards,0.0,-11.9,16.5,,,eligible,eligible_current_role,backup,,5.0,direct_component_blend,20260908_1821_rushing_yards_blend,2026-09-11T19:13:20+00:00,2026-09-11T19:13:40+00:00
2026,1,401872658,2026-09-13,13:00,00-0036463,Chris Blair,ATL,PIT,WR,receiving_yards,1.7,-17.0,33.6,,,eligible,eligible_current_role,backup,,5.0,direct_component_blend,20260908_1821_receiving_yards_blend,2026-09-11T19:13:20+00:00,2026-09-11T19:13:40+00:00
2026,1,401872658,2026-09-13,13:00,00-0036504,Brandin Echols,PIT,ATL,DB,tackles,1.7,0.0,4.2,0.7642716342830869,0.48721800483958994,eligible,eligible_current_role,backup,Active,2.0,direct,20260908_1821_tackles_direct,2026-09-11T19:13:20+00:00,2026-09-11T19:13:40+00:00
2026,1,401872658,2026-09-13,13:00,00-0036617,Asante Samuel Jr.,PIT,ATL,DB,tackles,2.5,0.0,6.1,0.8706223380156263,0.6680966521132743,eligible,eligible_current_role,backup,,2.0,direct,20260908_1821_tackles_direct,2026-09-11T19:13:20+00:00,2026-09-11T19:13:40+00:00
2026,1,401872658,2026-09-13,13:00,00-0036862,Ben Skowronek,PIT,ATL,WR,rushing_yards,0.0,-10.8,15.0,,,eligible,eligible_current_role,backup,Active,5.0,direct_component_blend,20260908_1821_rushing_yards_blend,2026-09-11T19:13:20+00:00,2026-09-11T19:13:40+00:00
2026,1,401872658,2026-09-13,13:00,00-0036862,Ben Skowronek,PIT,ATL,WR,receiving_yards,1.9,-15.2,30.7,,,eligible,eligible_current_role,backup,Active,5.0,direct_component_blend,20260908_1821_receiving_yards_blend,2026-09-11T19:13:20+00:00,2026-09-11T19:13:40+00:00
2026,1,401872658,2026-09-13,13:00,00-0036894,Pat Freiermuth,PIT,ATL,TE,rushing_yards,0.0,-10.8,14.9,,,eligible,eligible_current_role,starter,Active,1.0,direct_component_blend,20260908_1821_rushing_yards_blend,2026-09-11T19:13:20+00:00,2026-09-11T19:13:40+00:00
2026,1,401872658,2026-09-13,13:00,00-0036894,Pat Freiermuth,PIT,ATL,TE,receiving_yards,28.6,9.0,62.9,,,eligible,eligible_current_role,starter,Active,1.0,direct_component_blend,20260908_1821_receiving_yards_blend,2026-09-11T19:13:20+00:00,2026-09-11T19:13:40+00:00
2026,1,401872658,2026-09-13,13:00,00-0036970,Kyle Pitts,ATL,PIT,TE,rushing_yards,0.0,-10.8,14.9,,,eligible,eligible_current_role,starter,Active,1.0,direct_component_blend,20260908_1821_rushing_yards_blend,2026-09-11T19:13:20+00:00,2026-09-11T19:13:40+00:00
2026,1,401872658,2026-09-13,13:00,00-0036970,Kyle Pitts,ATL,PIT,TE,receiving_yards,43.5,23.8,77.7,,,eligible,eligible_current_role,starter,Active,1.0,direct_component_blend,20260908_1821_receiving_yards_blend,2026-09-11T19:13:20+00:00,2026-09-11T19:13:40+00:00
2026,1,401872658,2026-09-13,13:00,00-0037228,Jaylen Warren,PIT,ATL,RB,rushing_yards,41.9,19.9,72.8,,,eligible,eligible_current_role,starter,Active,1.0,direct_component_blend,20260908_1821_rushing_yards_blend,2026-09-11T19:13:20+00:00,2026-09-11T19:13:40+00:00
2026,1,401872658,2026-09-13,13:00,00-0037228,Jaylen Warren,PIT,ATL,RB,receiving_yards,9.8,-7.4,38.6,,,eligible,eligible_current_role,starter,Active,1.0,direct_component_blend,20260908_1821_receiving_yards_blend,2026-09-11T19:13:20+00:00,2026-09-11T19:13:40+00:00
2026,1,401872658,2026-09-13,13:00,00-0037238,Drake London,ATL,PIT,WR,rushing_yards,0.0,-10.8,15.0,,,eligible,eligible_current_role,starter,Active,1.0,direct_component_blend,20260908_1821_rushing_yards_blend,2026-09-11T19:13:20+00:00,2026-09-11T19:13:40+00:00
2026,1,401872658,2026-09-13,13:00,00-0037238,Drake London,ATL,PIT,WR,receiving_yards,62.7,36.1,111.9,,,eligible,eligible_current_role,starter,Active,1.0,direct_component_blend,20260908_1821_receiving_yards_blend,2026-09-11T19:13:20+00:00,2026-09-11T19:13:40+00:00
2026,1,401872658,2026-09-13,13:00,00-0037741,Jahan Dotson,ATL,PIT,WR,rushing_yards,0.0,-10.8,14.9,,,eligible,eligible_current_role,backup,Active,2.0,direct_component_blend,20260908_1821_rushing_yards_blend,2026-09-11T19:13:20+00:00,2026-09-11T19:13:40+00:00
2026,1,401872658,2026-09-13,13:00,00-0037741,Jahan Dotson,ATL,PIT,WR,receiving_yards,13.6,-3.6,42.4,,,eligible,eligible_current_role,backup,Active,2.0,direct_component_blend,20260908_1821_receiving_yards_blend,2026-09-11T19:13:20+00:00,2026-09-11T19:13:40+00:00
2026,1,401872658,2026-09-13,13:00,00-0037746,Brian Robinson,ATL,PIT,RB,rushing_yards,18.2,-3.8,49.1,,,eligible,eligible_current_role,backup,Active,2.0,direct_component_blend,20260908_1821_rushing_yards_blend,2026-09-11T19:13:20+00:00,2026-09-11T19:13:40+00:00
2026,1,401872658,2026-09-13,13:00,00-0037746,Brian Robinson,ATL,PIT,RB,receiving_yards,3.7,-13.5,32.5,,,eligible,eligible_current_role,backup,Active,2.0,direct_component_blend,20260908_1821_receiving_yards_blend,2026-09-11T19:13:20+00:00,2026-09-11T19:13:40+00:00
2026,1,401872658,2026-09-13,13:00,00-0037815,Cameron Thomas,ATL,PIT,DL,tackles,1.2,0.0,3.7,0.5702189701048312,0.2797235469001795,eligible,eligible_current_role,backup,,2.0,direct,20260908_1821_tackles_direct,2026-09-11T19:13:20+00:00,2026-09-11T19:13:40+00:00
2026,1,401872658,2026-09-13,13:00,00-0038135,Jaquan Brisker,PIT,ATL,DB,tackles,5.8,3.2,9.3,0.9828302668925337,0.9554480428422994,eligible,eligible_current_role,starter,Active,1.0,direct,20260908_1821_tackles_direct,2026-09-11T19:13:20+00:00,2026-09-11T19:13:40+00:00
2026,1,401872658,2026-09-13,13:00,00-0038542,Bijan Robinson,ATL,PIT,RB,rushing_yards,65.4,43.4,96.3,,,eligible,eligible_current_role,starter,,1.0,direct_component_blend,20260908_1821_rushing_yards_blend,2026-09-11T19:13:20+00:00,2026-09-11T19:13:40+00:00
2026,1,401872658,2026-09-13,13:00,00-0038542,Bijan Robinson,ATL,PIT,RB,receiving_yards,32.1,14.9,60.9,,,eligible,eligible_current_role,starter,,1.0,direct_component_blend,20260908_1821_receiving_yards_blend,2026-09-11T19:13:20+00:00,2026-09-11T19:13:40+00:00
2026,1,401872658,2026-09-13,13:00,00-0038558,Darnell Washington,PIT,ATL,TE,rushing_yards,0.0,-10.8,14.9,,,eligible,eligible_current_role,backup,Active,2.0,direct_component_blend,20260908_1821_rushing_yards_blend,2026-09-11T19:13:20+00:00,2026-09-11T19:13:40+00:00
2026,1,401872658,2026-09-13,13:00,00-0038558,Darnell Washington,PIT,ATL,TE,receiving_yards,10.0,-7.2,38.8,,,eligible,eligible_current_role,backup,Active,2.0,direct_component_blend,20260908_1821_receiving_yards_blend,2026-09-11T19:13:20+00:00,2026-09-11T19:13:40+00:00
2026,1,401872658,2026-09-13,13:00,00-0038577,Nick Herbig,PIT,ATL,LB,tackles,1.7,0.0,4.2,0.7600456954628847,0.4820395080424772,eligible,eligible_current_role,backup,,2.0,direct,20260908_1821_tackles_direct,2026-09-11T19:13:20+00:00,2026-09-11T19:13:40+00:00
2026,1,401872658,2026-09-13,13:00,00-0038580,Yasir Abdullah,ATL,PIT,LB,tackles,0.7,0.0,3.2,0.4000609464788069,0.12467310233592384,eligible,eligible_current_role,backup,,3.0,direct,20260908_1821_tackles_direct,2026-09-11T19:13:20+00:00,2026-09-11T19:13:40+00:00
2026,1,401872658,2026-09-13,13:00,00-0038628,DeMarcco Hellams,ATL,PIT,DB,tackles,0.8,0.0,3.2,0.4297467001856188,0.16159728452997552,eligible,eligible_current_role,backup,,2.0,direct,20260908_1821_tackles_direct,2026-09-11T19:13:20+00:00,2026-09-11T19:13:40+00:00
2026,1,401872658,2026-09-13,13:00,00-0039002,Sydney Brown,ATL,PIT,DB,tackles,1.1,0.0,3.5,0.557102799454805,0.2673628758131642,eligible,eligible_current_role,backup,,2.0,direct,20260908_1821_tackles_direct,2026-09-11T19:13:20+00:00,2026-09-11T19:13:40+00:00
2026,1,401872658,2026-09-13,13:00,00-0039070,Gervon Dexter Sr.,ATL,PIT,DL,tackles,2.2,0.3,4.8,0.8380141002130268,0.6042266628426225,eligible,eligible_current_role,starter,Active,1.0,direct,20260908_1821_tackles_direct,2026-09-11T19:13:20+00:00,2026-09-11T19:13:40+00:00
2026,1,401872658,2026-09-13,13:00,00-0039110,Keeanu Benton,PIT,ATL,DL,tackles,2.2,0.3,4.7,0.8349066850187785,0.5985414414714105,eligible,eligible_current_role,starter,,1.0,direct,20260908_1821_tackles_direct,2026-09-11T19:13:20+00:00,2026-09-11T19:13:40+00:00
2026,1,401872658,2026-09-13,13:00,00-0039167,Joey Porter Jr.,PIT,ATL,DB,tackles,3.6,0.9,7.1,0.9352367697980478,0.8208675853739784,eligible,questionable_flag,starter,Questionable,1.0,direct,20260908_1821_tackles_direct,2026-09-11T19:13:20+00:00,2026-09-11T19:13:40+00:00
2026,1,401872658,2026-09-13,13:00,00-0039739,Roman Wilson,PIT,ATL,WR,rushing_yards,0.0,-10.8,15.0,,,eligible,eligible_current_role,backup,Active,3.0,direct_component_blend,20260908_1821_rushing_yards_blend,2026-09-11T19:13:20+00:00,2026-09-11T19:13:40+00:00
2026,1,401872658,2026-09-13,13:00,00-0039739,Roman Wilson,PIT,ATL,WR,receiving_yards,7.2,-9.9,36.0,,,eligible,eligible_current_role,backup,Active,3.0,direct_component_blend,20260908_1821_receiving_yards_blend,2026-09-11T19:13:20+00:00,2026-09-11T19:13:40+00:00
2026,1,401872658,2026-09-13,13:00,00-0039859,Brandon Dorlus,ATL,PIT,DL,tackles,1.3,0.0,3.8,0.6170185769936616,0.32392397389888133,eligible,questionable_flag,starter,Questionable,1.0,direct,20260908_1821_tackles_direct,2026-09-11T19:13:20+00:00,2026-09-11T19:13:40+00:00
2026,1,401872658,2026-09-13,13:00,00-0039889,Maason Smith,ATL,PIT,DL,tackles,1.2,0.0,3.7,0.572417137692097,0.281848068161682,eligible,eligible_current_role,backup,,2.0,direct,20260908_1821_tackles_direct,2026-09-11T19:13:20+00:00,2026-09-11T19:13:40+00:00
2026,1,401872658,2026-09-13,13:00,00-0040056,Jared Ivey,ATL,PIT,DL,tackles,0.7,0.0,4.3,0.4238616129820363,0.15390204919250247,eligible,eligible_current_role,backup,,2.0,direct,20260908_1821_tackles_direct,2026-09-11T19:13:20+00:00,2026-09-11T19:13:40+00:00
2026,1,401872658,2026-09-13,13:00,00-0040148,Xavier Watts,ATL,PIT,DB,tackles,5.2,2.5,8.6,0.9809524425253456,0.936276370874123,eligible,eligible_current_role,starter,,1.0,direct,20260908_1821_tackles_direct,2026-09-11T19:13:20+00:00,2026-09-11T19:13:40+00:00
2026,1,401872658,2026-09-13,13:00,00-0040156,Billy Bowman Jr.,ATL,PIT,DB,tackles,3.9,1.2,7.4,0.9499270115067446,0.8488954488413195,eligible,questionable_flag,starter,Questionable,1.0,direct,20260908_1821_tackles_direct,2026-09-11T19:13:20+00:00,2026-09-11T19:13:40+00:00
2026,1,401872658,2026-09-13,13:00,00-0040160,Jack Sawyer,PIT,ATL,LB,tackles,1.6,0.0,4.0,0.7457214460836358,0.46507363636742816,eligible,eligible_current_role,backup,,2.0,direct,20260908_1821_tackles_direct,2026-09-11T19:13:20+00:00,2026-09-11T19:13:40+00:00
2026,1,401872658,2026-09-13,13:00,00-0040188,Yahya Black,PIT,ATL,DL,tackles,1.5,0.0,4.0,0.709666473968598,0.4215562021198085,eligible,eligible_current_role,backup,,2.0,direct,20260908_1821_tackles_direct,2026-09-11T19:13:20+00:00,2026-09-11T19:13:40+00:00
2026,1,401872658,2026-09-13,13:00,00-0040203,Will Howard,PIT,ATL,QB,rushing_yards,6.5,-11.1,31.1,,,eligible,eligible_current_role,backup,Active,3.0,direct_component_blend,20260908_1821_rushing_yards_blend,2026-09-11T19:13:20+00:00,2026-09-11T19:13:40+00:00
2026,1,401872658,2026-09-13,13:00,00-0040678,Derrick Harmon,PIT,ATL,DL,tackles,2.2,0.3,4.7,0.8290460550480501,0.5879700607878394,eligible,eligible_current_role,starter,,1.0,direct,20260908_1821_tackles_direct,2026-09-11T19:13:20+00:00,2026-09-11T19:13:40+00:00
2026,1,401872658,2026-09-13,13:00,00-0041044,Zachariah Branch,ATL,PIT,WR,rushing_yards,0.0,-14.8,20.6,,,eligible,questionable_flag,backup,Questionable,4.0,direct_component_blend,20260908_1821_rushing_yards_blend,2026-09-11T19:13:20+00:00,2026-09-11T19:13:40+00:00
2026,1,401872658,2026-09-13,13:00,00-0041044,Zachariah Branch,ATL,PIT,WR,receiving_yards,6.7,-16.0,47.2,,,eligible,questionable_flag,backup,Questionable,4.0,direct_component_blend,20260908_1821_receiving_yards_blend,2026-09-11T19:13:20+00:00,2026-09-11T19:13:40+00:00
2026,1,401872658,2026-09-13,13:00,00-0041188,Malcolm DeWalt IV,ATL,PIT,DB,tackles,1.4,0.0,5.3,0.6658179054682383,0.37316506293125346,eligible,eligible_current_role,backup,,3.0,direct,20260908_1821_tackles_direct,2026-09-11T19:13:20+00:00,2026-09-11T19:13:40+00:00
2026,1,401872658,2026-09-13,13:00,00-0041194,Jack Strand,ATL,PIT,QB,rushing_yards,6.1,-11.4,30.8,,,eligible,eligible_current_role,backup,Active,4.0,direct_component_blend,20260908_1821_rushing_yards_blend,2026-09-11T19:13:20+00:00,2026-09-11T19:13:40+00:00
2026,1,401872658,2026-09-13,13:00,00-0041261,Kevin Jobity Jr.,PIT,ATL,DL,tackles,1.0,0.0,4.5,0.5248713498506167,0.23980864710634595,eligible,eligible_current_role,backup,,3.0,direct,20260908_1821_tackles_direct,2026-09-11T19:13:20+00:00,2026-09-11T19:13:40+00:00
2026,1,401872658,2026-09-13,13:00,00-0041393,Daylen Everette,PIT,ATL,DB,tackles,2.0,0.0,5.9,0.78997534705588,0.5220533647090171,eligible,eligible_current_role,backup,,2.0,direct,20260908_1821_tackles_direct,2026-09-11T19:13:20+00:00,2026-09-11T19:13:40+00:00
2026,1,401872658,2026-09-13,13:00,00-0041397,Kaden Wetjen,PIT,ATL,WR,rushing_yards,0.0,-14.8,20.6,,,eligible,eligible_current_role,backup,Active,6.0,direct_component_blend,20260908_1821_rushing_yards_blend,2026-09-11T19:13:20+00:00,2026-09-11T19:13:40+00:00
2026,1,401872658,2026-09-13,13:00,00-0041397,Kaden Wetjen,PIT,ATL,WR,receiving_yards,7.1,-15.5,47.7,,,eligible,eligible_current_role,backup,Active,6.0,direct_component_blend,20260908_1821_receiving_yards_blend,2026-09-11T19:13:20+00:00,2026-09-11T19:13:40+00:00
2026,1,401872658,2026-09-13,13:00,00-0041398,Riley Nowakowski,PIT,ATL,TE,rushing_yards,0.0,-14.8,20.6,,,eligible,eligible_current_role,starter,Active,1.0,direct_component_blend,20260908_1821_rushing_yards_blend,2026-09-11T19:13:20+00:00,2026-09-11T19:13:40+00:00
2026,1,401872658,2026-09-13,13:00,00-0041398,Riley Nowakowski,PIT,ATL,TE,receiving_yards,11.9,-10.8,52.4,,,eligible,eligible_current_role,starter,Active,1.0,direct_component_blend,20260908_1821_receiving_yards_blend,2026-09-11T19:13:20+00:00,2026-09-11T19:13:40+00:00
2026,1,401872658,2026-09-13,13:00,00-0041401,Robert Spears-Jennings,PIT,ATL,DB,tackles,2.0,0.0,5.9,0.78997534705588,0.5220533647090171,eligible,eligible_current_role,backup,,2.0,direct,20260908_1821_tackles_direct,2026-09-11T19:13:20+00:00,2026-09-11T19:13:40+00:00
2026,1,401872658,2026-09-13,13:00,00-0041469,Avieon Terrell,ATL,PIT,DB,tackles,1.8,0.0,5.7,0.7690014154894,0.49311224108895946,eligible,eligible_current_role,backup,,2.0,direct,20260908_1821_tackles_direct,2026-09-11T19:13:20+00:00,2026-09-11T19:13:40+00:00
2026,1,401872658,2026-09-13,13:00,00-0041489,Germie Bernard,PIT,ATL,WR,rushing_yards,0.0,-14.8,20.6,,,eligible,eligible_current_role,backup,Active,4.0,direct_component_blend,20260908_1821_rushing_yards_blend,2026-09-11T19:13:20+00:00,2026-09-11T19:13:40+00:00
2026,1,401872658,2026-09-13,13:00,00-0041489,Germie Bernard,PIT,ATL,WR,receiving_yards,7.1,-15.5,47.7,,,eligible,eligible_current_role,backup,Active,4.0,direct_component_blend,20260908_1821_receiving_yards_blend,2026-09-11T19:13:20+00:00,2026-09-11T19:13:40+00:00
2026,1,401872658,2026-09-13,13:00,00-0041490,Eli Heidenreich,PIT,ATL,RB,rushing_yards,10.5,-19.7,53.1,,,eligible,eligible_current_role,backup,Active,3.0,direct_component_blend,20260908_1821_rushing_yards_blend,2026-09-11T19:13:20+00:00,2026-09-11T19:13:40+00:00
2026,1,401872658,2026-09-13,13:00,00-0041490,Eli Heidenreich,PIT,ATL,RB,receiving_yards,4.1,-18.6,44.6,,,eligible,eligible_current_role,backup,Active,3.0,direct_component_blend,20260908_1821_receiving_yards_blend,2026-09-11T19:13:20+00:00,2026-09-11T19:13:40+00:00
2026,1,401872658,2026-09-13,13:00,00-0041565,Drew Allar,PIT,ATL,QB,rushing_yards,6.5,-11.1,31.1,,,eligible,eligible_current_role,backup,Active,4.0,direct_component_blend,20260908_1821_rushing_yards_blend,2026-09-11T19:13:20+00:00,2026-09-11T19:13:40+00:00
2026,1,401872659,2026-09-13,13:00,00-0026190,Calais Campbell,BAL,IND,DL,tackles,2.2,0.3,4.7,0.8331588060070007,0.5953681976529341,eligible,eligible_current_role,starter,,1.0,direct,20260908_1821_tackles_direct,2026-09-11T19:13:20+00:00,2026-09-11T19:13:40+00:00
2026,1,401872659,2026-09-13,13:00,00-0030070,John Jenkins,BAL,IND,DL,tackles,1.4,0.0,3.9,0.6504307194927059,0.35714110298281926,eligible,eligible_current_role,backup,,2.0,direct,20260908_1821_tackles_direct,2026-09-11T19:13:20+00:00,2026-09-11T19:13:40+00:00
2026,1,401872659,2026-09-13,13:00,00-0030279,Keenan Allen,IND,BAL,WR,rushing_yards,0.0,-10.8,15.0,,,eligible,eligible_current_role,backup,Active,3.0,direct_component_blend,20260908_1821_rushing_yards_blend,2026-09-11T19:13:20+00:00,2026-09-11T19:13:40+00:00
2026,1,401872659,2026-09-13,13:00,00-0030279,Keenan Allen,IND,BAL,WR,receiving_yards,19.7,-6.9,68.9,,,eligible,eligible_current_role,backup,Active,3.0,direct_component_blend,20260908_1821_receiving_yards_blend,2026-09-11T19:13:20+00:00,2026-09-11T19:13:40+00:00
2026,1,401872659,2026-09-13,13:00,00-0032378,DeForest Buckner,IND,BAL,DL,tackles,3.3,1.3,5.7,0.9198898889825929,0.7930798550762675,eligible,eligible_current_role,starter,,1.0,direct,20260908_1821_tackles_direct,2026-09-11T19:13:20+00:00,2026-09-11T19:13:40+00:00
2026,1,401872659,2026-09-13,13:00,00-0032764,Derrick Henry,BAL,IND,RB,rushing_yards,76.2,54.2,107.1,,,eligible,eligible_current_role,starter,Active,1.0,direct_component_blend,20260908_1821_rushing_yards_blend,2026-09-11T19:13:20+00:00,2026-09-11T19:13:40+00:00
2026,1,401872659,2026-09-13,13:00,00-0032764,Derrick Henry,BAL,IND,RB,receiving_yards,10.4,-6.8,39.2,,,eligible,eligible_current_role,starter,Active,1.0,direct_component_blend,20260908_1821_receiving_yards_blend,2026-09-11T19:13:20+00:00,2026-09-11T19:13:40+00:00
2026,1,401872659,2026-09-13,13:00,00-0032951,Laquon Treadwell,IND,BAL,WR,rushing_yards,0.0,-10.8,15.0,,,eligible,eligible_current_role,backup,,5.0,direct_component_blend,20260908_1821_rushing_yards_blend,2026-09-11T19:13:20+00:00,2026-09-11T19:13:40+00:00
2026,1,401872659,2026-09-13,13:00,00-0032951,Laquon Treadwell,IND,BAL,WR,receiving_yards,2.3,-14.8,31.1,,,eligible,eligible_current_role,backup,,5.0,direct_component_blend,20260908_1821_receiving_yards_blend,2026-09-11T19:13:20+00:00,2026-09-11T19:13:40+00:00
2026,1,401872659,2026-09-13,13:00,00-0033217,Mo Alie-Cox,IND,BAL,TE,rushing_yards,0.0,-10.8,15.0,,,eligible,eligible_current_role,backup,,2.0,direct_component_blend,20260908_1821_rushing_yards_blend,2026-09-11T19:13:20+00:00,2026-09-11T19:13:40+00:00
2026,1,401872659,2026-09-13,13:00,00-0033217,Mo Alie-Cox,IND,BAL,TE,receiving_yards,9.5,-7.6,38.3,,,eligible,eligible_current_role,backup,,2.0,direct_component_blend,20260908_1821_receiving_yards_blend,2026-09-11T19:13:20+00:00,2026-09-11T19:13:40+00:00
2026,1,401872659,2026-09-13,13:00,00-0033281,Marlon Humphrey,BAL,IND,DB,tackles,4.0,1.3,7.5,0.9547063907733049,0.8599416456528134,eligible,eligible_current_role,starter,,1.0,direct,20260908_1821_tackles_direct,2026-09-11T19:13:20+00:00,2026-09-11T19:13:40+00:00
2026,1,401872659,2026-09-13,13:00,00-0033548,Chidobe Awuzie,BAL,IND,DB,tackles,2.4,0.5,4.9,0.8549491745752065,0.6364267205721628,eligible,eligible_current_role,backup,,2.0,direct,20260908_1821_tackles_direct,2026-09-11T19:13:20+00:00,2026-09-11T19:13:40+00:00
2026,1,401872659,2026-09-13,13:00,00-0033935,Trey Hendrickson,BAL,IND,LB,tackles,1.6,0.0,4.1,0.7501096306954594,0.47017751184121626,eligible,eligible_current_role,starter,,1.0,direct,20260908_1821_tackles_direct,2026-09-11T19:13:20+00:00,2026-09-11T19:13:40+00:00
2026,1,401872659,2026-09-13,13:00,00-0033952,Grover Stewart,IND,BAL,DL,tackles,2.6,0.6,5.1,0.8731242108325659,0.6733578566002065,eligible,eligible_current_role,starter,,1.0,direct,20260908_1821_tackles_direct,2026-09-11T19:13:20+00:00,2026-09-11T19:13:40+00:00
2026,1,401872659,2026-09-13,13:00,00-0034485,Jonathan Owens,IND,BAL,DB,tackles,1.1,0.0,3.6,0.5613560784370096,0.27131264737173555,eligible,eligible_current_role,backup,,2.0,direct,20260908_1821_tackles_direct,2026-09-11T19:13:20+00:00,2026-09-11T19:13:40+00:00
2026,1,401872659,2026-09-13,13:00,00-0034573,Charvarius Ward,IND,BAL,DB,tackles,4.4,1.7,7.8,0.9673830453637632,0.8908453267580614,eligible,eligible_current_role,starter,Active,1.0,direct,20260908_1821_tackles_direct,2026-09-11T19:13:20+00:00,2026-09-11T19:13:40+00:00
2026,1,401872659,2026-09-13,13:00,00-0034753,Mark Andrews,BAL,IND,TE,rushing_yards,0.3,-10.4,15.3,,,eligible,eligible_current_role,starter,Active,1.0,direct_component_blend,20260908_1821_rushing_yards_blend,2026-09-11T19:13:20+00:00,2026-09-11T19:13:40+00:00
2026,1,401872659,2026-09-13,13:00,00-0034753,Mark Andrews,BAL,IND,TE,receiving_yards,40.9,23.7,69.7,,,eligible,eligible_current_role,starter,Active,1.0,direct_component_blend,20260908_1821_receiving_yards_blend,2026-09-11T19:13:20+00:00,2026-09-11T19:13:40+00:00
2026,1,401872659,2026-09-13,13:00,00-0034796,Lamar Jackson,BAL,IND,QB,passing_yards,183.2,89.7,289.4,,,eligible,eligible_current_role,starter,Active,1.0,direct_component_blend,20260908_1821_passing_yards_blend,2026-09-11T19:13:20+00:00,2026-09-11T19:13:40+00:00
2026,1,401872659,2026-09-13,13:00,00-0034796,Lamar Jackson,BAL,IND,QB,passing_tds,1.624,,,0.8125,0.5119047619047619,eligible,eligible_current_role,starter,Active,1.0,direct_component_blend,20260908_1821_passing_tds_blend,2026-09-11T19:13:20+00:00,2026-09-11T19:13:40+00:00
2026,1,401872659,2026-09-13,13:00,00-0034796,Lamar Jackson,BAL,IND,QB,rushing_yards,24.3,11.5,42.3,,,eligible,eligible_current_role,starter,Active,1.0,direct_component_blend,20260908_1821_rushing_yards_blend,2026-09-11T19:13:20+00:00,2026-09-11T19:13:40+00:00
2026,1,401872659,2026-09-13,13:00,00-0034798,Durham Smythe,BAL,IND,TE,rushing_yards,0.0,-10.8,14.9,,,eligible,eligible_current_role,backup,,2.0,direct_component_blend,20260908_1821_rushing_yards_blend,2026-09-11T19:13:20+00:00,2026-09-11T19:13:40+00:00
2026,1,401872659,2026-09-13,13:00,00-0034798,Durham Smythe,BAL,IND,TE,receiving_yards,6.1,-11.1,34.9,,,eligible,eligible_current_role,backup,,2.0,direct_component_blend,20260908_1821_receiving_yards_blend,2026-09-11T19:13:20+00:00,2026-09-11T19:13:40+00:00
2026,1,401872659,2026-09-13,13:00,00-0034825,Arden Key,IND,BAL,DL,tackles,1.7,0.0,4.1,0.759541641252084,0.48142725783386414,eligible,eligible_current_role,starter,,1.0,direct,20260908_1821_tackles_direct,2026-09-11T19:13:20+00:00,2026-09-11T19:13:40+00:00
2026,1,401872659,2026-09-13,13:00,00-0034975,Justice Hill,BAL,IND,RB,rushing_yards,5.7,-5.0,20.8,,,eligible,eligible_current_role,backup,Active,2.0,direct_component_blend,20260908_1821_rushing_yards_blend,2026-09-11T19:13:20+00:00,2026-09-11T19:13:40+00:00
2026,1,401872659,2026-09-13,13:00,00-0034975,Justice Hill,BAL,IND,RB,receiving_yards,8.7,-8.5,37.5,,,eligible,eligible_current_role,backup,Active,2.0,direct_component_blend,20260908_1821_receiving_yards_blend,2026-09-11T19:13:20+00:00,2026-09-11T19:13:40+00:00
2026,1,401872659,2026-09-13,13:00,00-0035021,Ashton Dulin,IND,BAL,WR,rushing_yards,0.4,-10.3,15.5,,,eligible,eligible_current_role,backup,Active,4.0,direct_component_blend,20260908_1821_rushing_yards_blend,2026-09-11T19:13:20+00:00,2026-09-11T19:13:40+00:00
2026,1,401872659,2026-09-13,13:00,00-0035021,Ashton Dulin,IND,BAL,WR,receiving_yards,3.7,-13.5,32.5,,,eligible,eligible_current_role,backup,Active,4.0,direct_component_blend,20260908_1821_receiving_yards_blend,2026-09-11T19:13:20+00:00,2026-09-11T19:13:40+00:00
2026,1,401872659,2026-09-13,13:00,00-0035674,Jerry Tillery,IND,BAL,DL,tackles,1.2,0.0,3.7,0.57167522659347,0.2811292828970577,eligible,eligible_current_role,backup,,2.0,direct,20260908_1821_tackles_direct,2026-09-11T19:13:20+00:00,2026-09-11T19:13:40+00:00
2026,1,401872659,2026-09-13,13:00,00-0035710,Daniel Jones,IND,BAL,QB,passing_yards,211.6,118.1,317.8,,,eligible,eligible_current_role,starter,Active,1.0,direct_component_blend,20260908_1821_passing_yards_blend,2026-09-11T19:13:20+00:00,2026-09-11T19:13:40+00:00
2026,1,401872659,2026-09-13,13:00,00-0035710,Daniel Jones,IND,BAL,QB,passing_tds,1.188,,,0.6547619047619048,0.39285714285714285,eligible,eligible_current_role,starter,Active,1.0,direct_component_blend,20260908_1821_passing_tds_blend,2026-09-11T19:13:20+00:00,2026-09-11T19:13:40+00:00
2026,1,401872659,2026-09-13,13:00,00-0035710,Daniel Jones,IND,BAL,QB,rushing_yards,11.6,0.9,26.6,,,eligible,eligible_current_role,starter,Active,1.0,direct_component_blend,20260908_1821_rushing_yards_blend,2026-09-11T19:13:20+00:00,2026-09-11T19:13:40+00:00
2026,1,401872659,2026-09-13,13:00,00-0035993,Tyler Huntley,BAL,IND,QB,rushing_yards,14.9,2.1,32.9,,,eligible,eligible_current_role,backup,Active,2.0,direct_component_blend,20260908_1821_rushing_yards_blend,2026-09-11T19:13:20+00:00,2026-09-11T19:13:40+00:00
2026,1,401872659,2026-09-13,13:00,00-0036032,Sean McKeon,IND,BAL,TE,rushing_yards,0.0,-10.8,14.9,,,eligible,questionable_flag,roster_only,Questionable,,direct_component_blend,20260908_1821_rushing_yards_blend,2026-09-11T19:13:20+00:00,2026-09-11T19:13:40+00:00
2026,1,401872659,2026-09-13,13:00,00-0036032,Sean McKeon,IND,BAL,TE,receiving_yards,2.4,-14.7,31.2,,,eligible,questionable_flag,roster_only,Questionable,,direct_component_blend,20260908_1821_receiving_yards_blend,2026-09-11T19:13:20+00:00,2026-09-11T19:13:40+00:00
2026,1,401872659,2026-09-13,13:00,00-0036081,Broderick Washington,BAL,IND,DL,tackles,1.6,0.0,4.0,0.7398257917548222,0.4573952306029246,eligible,eligible_current_role,backup,,2.0,direct,20260908_1821_tackles_direct,2026-09-11T19:13:20+00:00,2026-09-11T19:13:40+00:00
2026,1,401872659,2026-09-13,13:00,00-0036130,Nnamdi Madubuike,BAL,IND,DL,tackles,2.2,0.3,4.7,0.8307866897067431,0.5910895420385471,eligible,questionable_flag,starter,Questionable,1.0,direct,20260908_1821_tackles_direct,2026-09-11T19:13:20+00:00,2026-09-11T19:13:40+00:00
2026,1,401872659,2026-09-13,13:00,00-0036223,Jonathan Taylor,IND,BAL,RB,rushing_yards,66.8,44.8,97.7,,,eligible,eligible_current_role,starter,Active,1.0,direct_component_blend,20260908_1821_rushing_yards_blend,2026-09-11T19:13:20+00:00,2026-09-11T19:13:40+00:00
2026,1,401872659,2026-09-13,13:00,00-0036223,Jonathan Taylor,IND,BAL,RB,receiving_yards,17.8,0.6,46.6,,,eligible,eligible_current_role,starter,Active,1.0,direct_component_blend,20260908_1821_receiving_yards_blend,2026-09-11T19:13:20+00:00,2026-09-11T19:13:40+00:00
2026,1,401872659,2026-09-13,13:00,00-0036298,Akeem Davis-Gaither,IND,BAL,LB,tackles,5.4,2.4,9.4,0.981845441751625,0.9451191672879694,eligible,eligible_current_role,starter,,1.0,direct,20260908_1821_tackles_direct,2026-09-11T19:13:20+00:00,2026-09-11T19:13:40+00:00
2026,1,401872659,2026-09-13,13:00,00-0036302,Jaylinn Hawkins,BAL,IND,DB,tackles,4.0,1.3,7.5,0.9539505317114385,0.8581750268661532,eligible,eligible_current_role,starter,,1.0,direct,20260908_1821_tackles_direct,2026-09-11T19:13:20+00:00,2026-09-11T19:13:40+00:00
2026,1,401872659,2026-09-13,13:00,00-0036550,Rashod Bateman,BAL,IND,WR,rushing_yards,0.0,-10.8,15.0,,,eligible,eligible_current_role,backup,Active,2.0,direct_component_blend,20260908_1821_rushing_yards_blend,2026-09-11T19:13:20+00:00,2026-09-11T19:13:40+00:00
2026,1,401872659,2026-09-13,13:00,00-0036550,Rashod Bateman,BAL,IND,WR,receiving_yards,16.6,-0.6,45.4,,,eligible,eligible_current_role,backup,Active,2.0,direct_component_blend,20260908_1821_receiving_yards_blend,2026-09-11T19:13:20+00:00,2026-09-11T19:13:40+00:00
2026,1,401872659,2026-09-13,13:00,00-0036629,Camryn Bynum,IND,BAL,DB,tackles,5.5,2.8,8.9,0.9819878604452962,0.9465709808058551,eligible,eligible_current_role,starter,,1.0,direct,20260908_1821_tackles_direct,2026-09-11T19:13:20+00:00,2026-09-11T19:13:40+00:00
2026,1,401872659,2026-09-13,13:00,00-0037190,Sauce Gardner,IND,BAL,DB,tackles,3.4,0.7,6.9,0.9247867946732873,0.8022814194922677,eligible,eligible_current_role,starter,Active,1.0,direct,20260908_1821_tackles_direct,2026-09-11T19:13:20+00:00,2026-09-11T19:13:40+00:00
2026,1,401872659,2026-09-13,13:00,00-0037292,Andrew Ogletree,IND,BAL,TE,rushing_yards,0.0,-10.8,14.9,,,eligible,eligible_current_role,backup,Active,3.0,direct_component_blend,20260908_1821_rushing_yards_blend,2026-09-11T19:13:20+00:00,2026-09-11T19:13:40+00:00
2026,1,401872659,2026-09-13,13:00,00-0037292,Andrew Ogletree,IND,BAL,TE,receiving_yards,4.4,-12.7,33.2,,,eligible,eligible_current_role,backup,Active,3.0,direct_component_blend,20260908_1821_receiving_yards_blend,2026-09-11T19:13:20+00:00,2026-09-11T19:13:40+00:00
2026,1,401872659,2026-09-13,13:00,00-0037664,Alec Pierce,IND,BAL,WR,rushing_yards,0.0,-10.7,15.0,,,eligible,questionable_flag,starter,Questionable,1.0,direct_component_blend,20260908_1821_rushing_yards_blend,2026-09-11T19:13:20+00:00,2026-09-11T19:13:40+00:00
2026,1,401872659,2026-09-13,13:00,00-0037664,Alec Pierce,IND,BAL,WR,receiving_yards,40.0,22.8,68.8,,,eligible,questionable_flag,starter,Questionable,1.0,direct_component_blend,20260908_1821_receiving_yards_blend,2026-09-11T19:13:20+00:00,2026-09-11T19:13:40+00:00
2026,1,401872659,2026-09-13,13:00,00-0037756,Travis Jones,BAL,IND,DL,tackles,2.4,0.3,5.2,0.8589539636870526,0.6443179541103036,eligible,eligible_current_role,starter,,1.0,direct,20260908_1821_tackles_direct,2026-09-11T19:13:20+00:00,2026-09-11T19:13:40+00:00
2026,1,401872659,2026-09-13,13:00,00-0038038,Kyle Hamilton,BAL,IND,DB,tackles,5.7,3.0,9.1,0.9824151938461895,0.9510075573730553,eligible,eligible_current_role,starter,,1.0,direct,20260908_1821_tackles_direct,2026-09-11T19:13:20+00:00,2026-09-11T19:13:40+00:00
2026,1,401872659,2026-09-13,13:00,00-0038107,Micheal Clemons,IND,BAL,DL,tackles,1.4,0.0,3.9,0.6725102074539759,0.38028424248520726,eligible,eligible_current_role,backup,,2.0,direct,20260908_1821_tackles_direct,2026-09-11T19:13:20+00:00,2026-09-11T19:13:40+00:00
2026,1,401872659,2026-09-13,13:00,00-0038505,Tavius Robinson,BAL,IND,LB,tackles,2.7,0.8,5.2,0.8849034909021205,0.6989822905726151,eligible,eligible_current_role,starter,,1.0,direct,20260908_1821_tackles_direct,2026-09-11T19:13:20+00:00,2026-09-11T19:13:40+00:00
2026,1,401872659,2026-09-13,13:00,00-0038997,Josh Downs,IND,BAL,WR,rushing_yards,0.0,-10.8,15.0,,,eligible,eligible_current_role,backup,Active,2.0,direct_component_blend,20260908_1821_rushing_yards_blend,2026-09-11T19:13:20+00:00,2026-09-11T19:13:40+00:00
2026,1,401872659,2026-09-13,13:00,00-0038997,Josh Downs,IND,BAL,WR,receiving_yards,27.8,1.2,77.0,,,eligible,eligible_current_role,backup,Active,2.0,direct_component_blend,20260908_1821_receiving_yards_blend,2026-09-11T19:13:20+00:00,2026-09-11T19:13:40+00:00
2026,1,401872659,2026-09-13,13:00,00-0039031,Adetomiwa Adebawore,IND,BAL,DL,tackles,1.5,0.0,4.0,0.7261234068867105,0.4408381503977006,eligible,eligible_current_role,backup,,2.0,direct,20260908_1821_tackles_direct,2026-09-11T19:13:20+00:00,2026-09-11T19:13:40+00:00
2026,1,401872659,2026-09-13,13:00,00-0039064,Zay Flowers,BAL,IND,WR,rushing_yards,0.8,-10.0,15.8,,,eligible,eligible_current_role,starter,Active,1.0,direct_component_blend,20260908_1821_rushing_yards_blend,2026-09-11T19:13:20+00:00,2026-09-11T19:13:40+00:00
2026,1,401872659,2026-09-13,13:00,00-0039064,Zay Flowers,BAL,IND,WR,receiving_yards,53.3,26.7,102.5,,,eligible,eligible_current_role,starter,Active,1.0,direct_component_blend,20260908_1821_receiving_yards_blend,2026-09-11T19:13:20+00:00,2026-09-11T19:13:40+00:00
2026,1,401872659,2026-09-13,13:00,00-0039164,Anthony Richardson,IND,BAL,QB,rushing_yards,15.1,2.3,33.1,,,eligible,eligible_current_role,backup,Active,2.0,direct_component_blend,20260908_1821_rushing_yards_blend,2026-09-11T19:13:20+00:00,2026-09-11T19:13:40+00:00
2026,1,401872659,2026-09-13,13:00,00-0039178,Austin Ajiake,IND,BAL,LB,tackles,1.1,0.0,3.5,0.5535815859014543,0.2641345820977701,eligible,eligible_current_role,backup,,2.0,direct,20260908_1821_tackles_direct,2026-09-11T19:13:20+00:00,2026-09-11T19:13:40+00:00
2026,1,401872659,2026-09-13,13:00,00-0039232,Nate Wiggins,BAL,IND,DB,tackles,3.9,1.3,7.4,0.9512215065876767,0.8518587344729895,eligible,eligible_current_role,starter,,1.0,direct,20260908_1821_tackles_direct,2026-09-11T19:13:20+00:00,2026-09-11T19:13:40+00:00
2026,1,401872659,2026-09-13,13:00,00-0039234,T.J. Tampa,BAL,IND,DB,tackles,1.4,0.0,3.9,0.6592640797117982,0.36628196268862123,eligible,eligible_current_role,backup,,2.0,direct,20260908_1821_tackles_direct,2026-09-11T19:13:20+00:00,2026-09-11T19:13:40+00:00
2026,1,401872659,2026-09-13,13:00,00-0039340,Laiatu Latu,IND,BAL,DL,tackles,2.3,0.4,4.8,0.8455867952521915,0.6184740142343135,eligible,eligible_current_role,starter,,1.0,direct,20260908_1821_tackles_direct,2026-09-11T19:13:20+00:00,2026-09-11T19:13:40+00:00
2026,1,401872659,2026-09-13,13:00,00-0039377,Jaylon Carlies,IND,BAL,LB,tackles,2.2,0.3,4.8,0.8377258733753491,0.6036969506291162,eligible,eligible_current_role,starter,,1.0,direct,20260908_1821_tackles_direct,2026-09-11T19:13:20+00:00,2026-09-11T19:13:40+00:00
2026,1,401872659,2026-09-13,13:00,00-0039576,Spencer Shrader,IND,BAL,K,kicking_points,7.1,2.0,12.9,,,eligible,eligible_current_role,starter,Active,1.0,component,20260908_1821_kicking_points_component,2026-09-11T19:13:20+00:00,2026-09-11T19:13:40+00:00
2026,1,401872659,2026-09-13,13:00,00-0039792,Devontez Walker,BAL,IND,WR,rushing_yards,0.0,-10.8,15.0,,,eligible,questionable_flag,backup,Questionable,4.0,direct_component_blend,20260908_1821_rushing_yards_blend,2026-09-11T19:13:20+00:00,2026-09-11T19:13:40+00:00
2026,1,401872659,2026-09-13,13:00,00-0039792,Devontez Walker,BAL,IND,WR,receiving_yards,7.4,-9.8,36.2,,,eligible,questionable_flag,backup,Questionable,4.0,direct_component_blend,20260908_1821_receiving_yards_blend,2026-09-11T19:13:20+00:00,2026-09-11T19:13:40+00:00
2026,1,401872659,2026-09-13,13:00,00-0039796,Rasheen Ali,BAL,IND,RB,rushing_yards,1.1,-9.6,16.1,,,eligible,eligible_current_role,backup,Active,3.0,direct_component_blend,20260908_1821_rushing_yards_blend,2026-09-11T19:13:20+00:00,2026-09-11T19:13:40+00:00
2026,1,401872659,2026-09-13,13:00,00-0039796,Rasheen Ali,BAL,IND,RB,receiving_yards,5.9,-11.3,34.7,,,eligible,eligible_current_role,backup,Active,3.0,direct_component_blend,20260908_1821_receiving_yards_blend,2026-09-11T19:13:20+00:00,2026-09-11T19:13:40+00:00
2026,1,401872659,2026-09-13,13:00,00-0040074,Tyler Loop,BAL,IND,K,kicking_points,7.1,2.5,12.3,,,eligible,eligible_current_role,starter,Active,1.0,component,20260908_1821_kicking_points_component,2026-09-11T19:13:20+00:00,2026-09-11T19:13:40+00:00
2026,1,401872659,2026-09-13,13:00,00-0040075,LaJohntay Wester,BAL,IND,WR,rushing_yards,0.0,-10.7,15.1,,,eligible,eligible_current_role,backup,,6.0,direct_component_blend,20260908_1821_rushing_yards_blend,2026-09-11T19:13:20+00:00,2026-09-11T19:13:40+00:00
2026,1,401872659,2026-09-13,13:00,00-0040075,LaJohntay Wester,BAL,IND,WR,receiving_yards,4.1,-13.1,32.9,,,eligible,eligible_current_role,backup,,6.0,direct_component_blend,20260908_1821_receiving_yards_blend,2026-09-11T19:13:20+00:00,2026-09-11T19:13:40+00:00
2026,1,401872659,2026-09-13,13:00,00-0040076,Aeneas Peebles,BAL,IND,DL,tackles,0.7,0.0,3.2,0.40364846968586937,0.1288896799288471,eligible,eligible_current_role,backup,Active,2.0,direct,20260908_1821_tackles_direct,2026-09-11T19:13:20+00:00,2026-09-11T19:13:40+00:00
2026,1,401872659,2026-09-13,13:00,00-0040104,Keondre Jackson,BAL,IND,DB,tackles,0.7,0.0,3.2,0.41339966287480895,0.14068644085620388,eligible,eligible_current_role,backup,,2.0,direct,20260908_1821_tackles_direct,2026-09-11T19:13:20+00:00,2026-09-11T19:13:40+00:00
2026,1,401872659,2026-09-13,13:00,00-0040128,Tyler Warren,IND,BAL,TE,rushing_yards,0.5,-10.2,15.5,,,eligible,eligible_current_role,starter,Active,1.0,direct_component_blend,20260908_1821_rushing_yards_blend,2026-09-11T19:13:20+00:00,2026-09-11T19:13:40+00:00
2026,1,401872659,2026-09-13,13:00,00-0040128,Tyler Warren,IND,BAL,TE,receiving_yards,51.6,32.0,85.9,,,eligible,eligible_current_role,starter,Active,1.0,direct_component_blend,20260908_1821_receiving_yards_blend,2026-09-11T19:13:20+00:00,2026-09-11T19:13:40+00:00
2026,1,401872659,2026-09-13,13:00,00-0040139,Justin Walley,IND,BAL,DB,tackles,3.4,0.6,7.3,0.9270646587016634,0.8062454633831161,eligible,eligible_current_role,starter,,1.0,direct,20260908_1821_tackles_direct,2026-09-11T19:13:20+00:00,2026-09-11T19:13:40+00:00
2026,1,401872659,2026-09-13,13:00,00-0040179,DJ Giddens,IND,BAL,RB,rushing_yards,7.4,-3.3,22.4,,,eligible,eligible_current_role,backup,Active,3.0,direct_component_blend,20260908_1821_rushing_yards_blend,2026-09-11T19:13:20+00:00,2026-09-11T19:13:40+00:00
2026,1,401872659,2026-09-13,13:00,00-0040179,DJ Giddens,IND,BAL,RB,receiving_yards,1.7,-15.5,30.5,,,eligible,eligible_current_role,backup,Active,3.0,direct_component_blend,20260908_1821_receiving_yards_blend,2026-09-11T19:13:20+00:00,2026-09-11T19:13:40+00:00
2026,1,401872659,2026-09-13,13:00,00-0040206,Riley Leonard,IND,BAL,QB,rushing_yards,1.0,-9.7,16.0,,,eligible,eligible_current_role,backup,Active,3.0,direct_component_blend,20260908_1821_rushing_yards_blend,2026-09-11T19:13:20+00:00,2026-09-11T19:13:40+00:00
2026,1,401872659,2026-09-13,13:00,00-0040207,Tim Smith,IND,BAL,DL,tackles,0.9,0.0,4.4,0.5130073029364296,0.23048187872066908,eligible,eligible_current_role,backup,,3.0,direct,20260908_1821_tackles_direct,2026-09-11T19:13:20+00:00,2026-09-11T19:13:40+00:00
2026,1,401872659,2026-09-13,13:00,00-0040235,Hunter Wohler,IND,BAL,DB,tackles,1.6,0.0,5.5,0.743888915512612,0.462965910071509,eligible,eligible_current_role,backup,,2.0,direct,20260908_1821_tackles_direct,2026-09-11T19:13:20+00:00,2026-09-11T19:13:40+00:00
2026,1,401872659,2026-09-13,13:00,00-0040347,Johnathan Edwards,IND,BAL,DB,tackles,0.9,0.0,3.7,0.49089759119567267,0.21383082284858806,eligible,eligible_current_role,backup,,3.0,direct,20260908_1821_tackles_direct,2026-09-11T19:13:20+00:00,2026-09-11T19:13:40+00:00
2026,1,401872659,2026-09-13,13:00,00-0040352,Coleman Owen,IND,BAL,WR,rushing_yards,0.0,-11.7,16.6,,,eligible,eligible_current_role,roster_only,,,direct_component_blend,20260908_1821_rushing_yards_blend,2026-09-11T19:13:20+00:00,2026-09-11T19:13:40+00:00
2026,1,401872659,2026-09-13,13:00,00-0040352,Coleman Owen,IND,BAL,WR,receiving_yards,2.0,-16.6,34.0,,,eligible,eligible_current_role,roster_only,,,direct_component_blend,20260908_1821_receiving_yards_blend,2026-09-11T19:13:20+00:00,2026-09-11T19:13:40+00:00
2026,1,401872659,2026-09-13,13:00,00-0040636,Keyon Martin,BAL,IND,DB,tackles,0.9,0.0,3.3,0.4788893995838163,0.20517144376072483,eligible,eligible_current_role,backup,,2.0,direct,20260908_1821_tackles_direct,2026-09-11T19:13:20+00:00,2026-09-11T19:13:40+00:00
2026,1,401872659,2026-09-13,13:00,00-0040688,Malaki Starks,BAL,IND,DB,tackles,5.6,2.9,9.0,0.9821920154126103,0.9486748452184823,eligible,eligible_current_role,starter,,1.0,direct,20260908_1821_tackles_direct,2026-09-11T19:13:20+00:00,2026-09-11T19:13:40+00:00
2026,1,401872659,2026-09-13,13:00,00-0040722,Mike Green,BAL,IND,LB,tackles,1.5,0.0,3.9,0.7040482926738681,0.41511887226211813,eligible,eligible_current_role,backup,,2.0,direct,20260908_1821_tackles_direct,2026-09-11T19:13:20+00:00,2026-09-11T19:13:40+00:00
2026,1,401872659,2026-09-13,13:00,00-0040744,Jaylahn Tuimoloau,IND,BAL,DL,tackles,0.8,0.0,3.2,0.4342409965420154,0.16760335642593358,eligible,eligible_current_role,backup,,2.0,direct,20260908_1821_tackles_direct,2026-09-11T19:13:20+00:00,2026-09-11T19:13:40+00:00
2026,1,401872659,2026-09-13,13:00,00-0040870,Ja'Kobi Lane,BAL,IND,WR,rushing_yards,0.0,-14.8,20.6,,,eligible,eligible_current_role,backup,Active,3.0,direct_component_blend,20260908_1821_rushing_yards_blend,2026-09-11T19:13:20+00:00,2026-09-11T19:13:40+00:00
2026,1,401872659,2026-09-13,13:00,00-0040870,Ja'Kobi Lane,BAL,IND,WR,receiving_yards,8.6,-14.1,49.1,,,eligible,eligible_current_role,backup,Active,3.0,direct_component_blend,20260908_1821_receiving_yards_blend,2026-09-11T19:13:20+00:00,2026-09-11T19:13:40+00:00
2026,1,401872659,2026-09-13,13:00,00-0040876,Elijah Sarratt,BAL,IND,WR,rushing_yards,0.0,-14.8,20.6,,,eligible,eligible_current_role,backup,Active,5.0,direct_component_blend,20260908_1821_rushing_yards_blend,2026-09-11T19:13:20+00:00,2026-09-11T19:13:40+00:00
2026,1,401872659,2026-09-13,13:00,00-0040876,Elijah Sarratt,BAL,IND,WR,receiving_yards,8.6,-14.1,49.1,,,eligible,eligible_current_role,backup,Active,5.0,direct_component_blend,20260908_1821_receiving_yards_blend,2026-09-11T19:13:20+00:00,2026-09-11T19:13:40+00:00
2026,1,401872659,2026-09-13,13:00,00-0040879,Matthew Hibner,BAL,IND,TE,rushing_yards,0.0,-14.8,20.6,,,eligible,eligible_current_role,backup,Active,3.0,direct_component_blend,20260908_1821_rushing_yards_blend,2026-09-11T19:13:20+00:00,2026-09-11T19:13:40+00:00
2026,1,401872659,2026-09-13,13:00,00-0040879,Matthew Hibner,BAL,IND,TE,receiving_yards,6.7,-15.9,47.3,,,eligible,eligible_current_role,backup,Active,3.0,direct_component_blend,20260908_1821_receiving_yards_blend,2026-09-11T19:13:20+00:00,2026-09-11T19:13:40+00:00
2026,1,401872659,2026-09-13,13:00,00-0040885,Chandler Rivers,BAL,IND,DB,tackles,1.6,0.0,5.4,0.7329599102738213,0.4490404342803853,eligible,eligible_current_role,backup,,3.0,direct,20260908_1821_tackles_direct,2026-09-11T19:13:20+00:00,2026-09-11T19:13:40+00:00
2026,1,401872659,2026-09-13,13:00,00-0040887,Josh Cuevas,BAL,IND,TE,rushing_yards,0.0,-14.8,20.6,,,eligible,eligible_current_role,backup,Active,4.0,direct_component_blend,20260908_1821_rushing_yards_blend,2026-09-11T19:13:20+00:00,2026-09-11T19:13:40+00:00
2026,1,401872659,2026-09-13,13:00,00-0040887,Josh Cuevas,BAL,IND,TE,receiving_yards,6.7,-15.9,47.3,,,eligible,eligible_current_role,backup,Active,4.0,direct_component_blend,20260908_1821_receiving_yards_blend,2026-09-11T19:13:20+00:00,2026-09-11T19:13:40+00:00
2026,1,401872659,2026-09-13,13:00,00-0040928,Kapena Gushiken,IND,BAL,DB,tackles,2.0,0.0,6.0,0.80350641398798,0.5440403962089131,eligible,eligible_current_role,backup,,2.0,direct,20260908_1821_tackles_direct,2026-09-11T19:13:20+00:00,2026-09-11T19:13:40+00:00
2026,1,401872659,2026-09-13,13:00,00-0040978,Ethan Burke,BAL,IND,LB,tackles,1.1,0.0,4.6,0.5560349011239146,0.2663798519954911,eligible,eligible_current_role,backup,,3.0,direct,20260908_1821_tackles_direct,2026-09-11T19:13:20+00:00,2026-09-11T19:13:40+00:00
2026,1,401872659,2026-09-13,13:00,00-0040981,Joe Fagnano,BAL,IND,QB,rushing_yards,6.2,-11.3,30.9,,,eligible,eligible_current_role,backup,Active,3.0,direct_component_blend,20260908_1821_rushing_yards_blend,2026-09-11T19:13:20+00:00,2026-09-11T19:13:40+00:00
2026,1,401872659,2026-09-13,13:00,00-0041039,CJ Allen,IND,BAL,LB,tackles,1.3,0.0,4.9,0.6412015808734877,0.34775433590006716,eligible,eligible_current_role,backup,,2.0,direct,20260908_1821_tackles_direct,2026-09-11T19:13:20+00:00,2026-09-11T19:13:40+00:00
2026,1,401872659,2026-09-13,13:00,00-0041043,A.J. Haulcy,IND,BAL,DB,tackles,3.7,0.8,7.5,0.9401866658791614,0.8300614840573842,eligible,eligible_current_role,starter,Active,1.0,direct,20260908_1821_tackles_direct,2026-09-11T19:13:20+00:00,2026-09-11T19:13:40+00:00
2026,1,401872659,2026-09-13,13:00,00-0041080,George Gumbs Jr.,IND,BAL,DL,tackles,1.0,0.0,4.5,0.5324944130534804,0.2459507819453915,eligible,eligible_current_role,backup,,3.0,direct,20260908_1821_tackles_direct,2026-09-11T19:13:20+00:00,2026-09-11T19:13:40+00:00
2026,1,401872659,2026-09-13,13:00,00-0041111,Caden Curry,IND,BAL,DL,tackles,1.0,0.0,4.5,0.5324944130534804,0.2459507819453915,eligible,eligible_current_role,backup,,3.0,direct,20260908_1821_tackles_direct,2026-09-11T19:13:20+00:00,2026-09-11T19:13:40+00:00
2026,1,401872659,2026-09-13,13:00,00-0041125,Seth McGowan,IND,BAL,RB,rushing_yards,11.2,-19.0,53.8,,,eligible,eligible_current_role,backup,Active,2.0,direct_component_blend,20260908_1821_rushing_yards_blend,2026-09-11T19:13:20+00:00,2026-09-11T19:13:40+00:00
2026,1,401872659,2026-09-13,13:00,00-0041125,Seth McGowan,IND,BAL,RB,receiving_yards,4.0,-18.7,44.6,,,eligible,eligible_current_role,backup,Active,2.0,direct_component_blend,20260908_1821_receiving_yards_blend,2026-09-11T19:13:20+00:00,2026-09-11T19:13:40+00:00
2026,1,401872659,2026-09-13,13:00,00-0041132,Deion Burks,IND,BAL,WR,rushing_yards,0.0,-14.8,20.6,,,eligible,eligible_current_role,backup,,6.0,direct_component_blend,20260908_1821_rushing_yards_blend,2026-09-11T19:13:20+00:00,2026-09-11T19:13:40+00:00
2026,1,401872659,2026-09-13,13:00,00-0041132,Deion Burks,IND,BAL,WR,receiving_yards,6.4,-16.2,47.0,,,eligible,eligible_current_role,backup,,6.0,direct_component_blend,20260908_1821_receiving_yards_blend,2026-09-11T19:13:20+00:00,2026-09-11T19:13:40+00:00
2026,1,401872659,2026-09-13,13:00,00-0041227,Tahj Chambers,IND,BAL,LB,tackles,1.3,0.0,4.9,0.6412015808734877,0.34775433590006716,eligible,eligible_current_role,backup,,2.0,direct,20260908_1821_tackles_direct,2026-09-11T19:13:20+00:00,2026-09-11T19:13:40+00:00
2026,1,401872659,2026-09-13,13:00,00-0041494,Zion Young,BAL,IND,LB,tackles,1.3,0.0,4.9,0.6329551500360111,0.3395054137828693,eligible,eligible_current_role,backup,,2.0,direct,20260908_1821_tackles_direct,2026-09-11T19:13:20+00:00,2026-09-11T19:13:40+00:00
2026,1,401872659,2026-09-13,13:00,00-0041518,Bryce Boettcher,IND,BAL,LB,tackles,2.7,0.1,6.2,0.8853864983830901,0.7000649880019088,eligible,eligible_current_role,starter,,1.0,direct,20260908_1821_tackles_direct,2026-09-11T19:13:20+00:00,2026-09-11T19:13:40+00:00
2026,1,401872660,2026-09-13,12:00,00-0031364,Jadeveon Clowney,HOU,BUF,DL,tackles,1.8,0.0,4.3,0.7693874648880503,0.4935980142826774,eligible,eligible_current_role,backup,Active,2.0,direct,20260908_1821_tackles_direct,2026-09-11T19:13:20+00:00,2026-09-11T19:13:40+00:00
2026,1,401872660,2026-09-13,12:00,00-0031565,Danielle Hunter,HOU,BUF,DL,tackles,2.9,0.9,5.4,0.8993681480284019,0.7348447642457427,eligible,eligible_current_role,starter,,1.0,direct,20260908_1821_tackles_direct,2026-09-11T19:13:20+00:00,2026-09-11T19:13:40+00:00
2026,1,401872660,2026-09-13,12:00,00-0032265,Mario Edwards,HOU,BUF,DL,tackles,1.1,0.0,3.6,0.5632238671366411,0.2730647500138581,eligible,eligible_current_role,backup,,2.0,direct,20260908_1821_tackles_direct,2026-09-11T19:13:20+00:00,2026-09-11T19:13:40+00:00
2026,1,401872660,2026-09-13,12:00,00-0032726,Ka'imi Fairbairn,HOU,BUF,K,kicking_points,7.2,2.7,12.5,,,eligible,eligible_current_role,starter,Active,1.0,component,20260908_1821_kicking_points_component,2026-09-11T19:13:20+00:00,2026-09-11T19:13:40+00:00
2026,1,401872660,2026-09-13,12:00,00-0032759,Sheldon Rankins,HOU,BUF,DL,tackles,1.9,0.0,4.4,0.7802312298368113,0.5075422337225858,eligible,eligible_current_role,starter,,1.0,direct,20260908_1821_tackles_direct,2026-09-11T19:13:20+00:00,2026-09-11T19:13:40+00:00
2026,1,401872660,2026-09-13,12:00,00-0034278,Tremon Smith,HOU,BUF,DB,tackles,1.6,0.0,4.0,0.7417612716534215,0.45977203256482135,eligible,eligible_current_role,backup,,2.0,direct,20260908_1821_tackles_direct,2026-09-11T19:13:20+00:00,2026-09-11T19:13:40+00:00
2026,1,401872660,2026-09-13,12:00,00-0034383,Dalton Schultz,HOU,BUF,TE,rushing_yards,0.0,-10.8,15.0,,,eligible,eligible_current_role,starter,Active,1.0,direct_component_blend,20260908_1821_rushing_yards_blend,2026-09-11T19:13:20+00:00,2026-09-11T19:13:40+00:00
2026,1,401872660,2026-09-13,12:00,00-0034383,Dalton Schultz,HOU,BUF,TE,receiving_yards,28.3,8.6,62.5,,,eligible,eligible_current_role,starter,Active,1.0,direct_component_blend,20260908_1821_receiving_yards_blend,2026-09-11T19:13:20+00:00,2026-09-11T19:13:40+00:00
2026,1,401872660,2026-09-13,12:00,00-0034577,Kyle Allen,BUF,HOU,QB,rushing_yards,3.8,-6.9,18.9,,,eligible,eligible_current_role,backup,,2.0,direct_component_blend,20260908_1821_rushing_yards_blend,2026-09-11T19:13:20+00:00,2026-09-11T19:13:40+00:00
2026,1,401872660,2026-09-13,12:00,00-0034827,DJ Moore,BUF,HOU,WR,rushing_yards,1.1,-9.6,16.2,,,eligible,eligible_current_role,starter,Active,1.0,direct_component_blend,20260908_1821_rushing_yards_blend,2026-09-11T19:13:20+00:00,2026-09-11T19:13:40+00:00
2026,1,401872660,2026-09-13,12:00,00-0034827,DJ Moore,BUF,HOU,WR,receiving_yards,48.0,21.4,97.2,,,eligible,eligible_current_role,starter,Active,1.0,direct_component_blend,20260908_1821_receiving_yards_blend,2026-09-11T19:13:20+00:00,2026-09-11T19:13:40+00:00
2026,1,401872660,2026-09-13,12:00,00-0034832,Bradley Chubb,BUF,HOU,LB,tackles,3.1,0.2,7.1,0.9096744052523613,0.7631027084686096,eligible,eligible_current_role,starter,,1.0,direct,20260908_1821_tackles_direct,2026-09-11T19:13:20+00:00,2026-09-11T19:13:40+00:00
2026,1,401872660,2026-09-13,12:00,00-0034857,Josh Allen,BUF,HOU,QB,passing_yards,207.5,114.0,313.7,,,eligible,eligible_current_role,starter,Active,1.0,direct_component_blend,20260908_1821_passing_yards_blend,2026-09-11T19:13:20+00:00,2026-09-11T19:13:40+00:00
2026,1,401872660,2026-09-13,12:00,00-0034857,Josh Allen,BUF,HOU,QB,passing_tds,1.464,,,0.8049529834350585,0.46863171866658154,eligible,eligible_current_role,starter,Active,1.0,direct_component_blend,20260908_1821_passing_tds_blend,2026-09-11T19:13:20+00:00,2026-09-11T19:13:40+00:00
2026,1,401872660,2026-09-13,12:00,00-0034857,Josh Allen,BUF,HOU,QB,rushing_yards,32.7,19.9,50.7,,,eligible,eligible_current_role,starter,Active,1.0,direct_component_blend,20260908_1821_rushing_yards_blend,2026-09-11T19:13:20+00:00,2026-09-11T19:13:40+00:00
2026,1,401872660,2026-09-13,12:00,00-0034981,Foster Moreau,HOU,BUF,TE,rushing_yards,0.0,-10.8,15.0,,,eligible,eligible_current_role,backup,,2.0,direct_component_blend,20260908_1821_rushing_yards_blend,2026-09-11T19:13:20+00:00,2026-09-11T19:13:40+00:00
2026,1,401872660,2026-09-13,12:00,00-0034981,Foster Moreau,HOU,BUF,TE,receiving_yards,7.9,-9.2,36.8,,,eligible,eligible_current_role,backup,,2.0,direct_component_blend,20260908_1821_receiving_yards_blend,2026-09-11T19:13:20+00:00,2026-09-11T19:13:40+00:00
2026,1,401872660,2026-09-13,12:00,00-0035166,Azeez Al-Shaair,HOU,BUF,LB,tackles,6.5,3.6,10.6,0.983495145631068,0.9631067961165048,eligible,eligible_current_role,starter,,1.0,direct,20260908_1821_tackles_direct,2026-09-11T19:13:20+00:00,2026-09-11T19:13:40+00:00
2026,1,401872660,2026-09-13,12:00,00-0035230,Ed Oliver,BUF,HOU,DL,tackles,2.3,0.3,4.8,0.8407476736918688,0.6092750619335924,eligible,eligible_current_role,starter,,1.0,direct,20260908_1821_tackles_direct,2026-09-11T19:13:20+00:00,2026-09-11T19:13:40+00:00
2026,1,401872660,2026-09-13,12:00,00-0035253,C.J. Gardner-Johnson,BUF,HOU,DB,tackles,4.3,1.6,7.7,0.9646074182016064,0.8838522020713183,eligible,eligible_current_role,starter,,1.0,direct,20260908_1821_tackles_direct,2026-09-11T19:13:20+00:00,2026-09-11T19:13:40+00:00
2026,1,401872660,2026-09-13,12:00,00-0035537,Ty Johnson,BUF,HOU,RB,rushing_yards,10.0,-12.0,40.9,,,eligible,questionable_flag,backup,Questionable,3.0,direct_component_blend,20260908_1821_rushing_yards_blend,2026-09-11T19:13:20+00:00,2026-09-11T19:13:40+00:00
2026,1,401872660,2026-09-13,12:00,00-0035537,Ty Johnson,BUF,HOU,RB,receiving_yards,9.5,-7.7,38.3,,,eligible,questionable_flag,backup,Questionable,3.0,direct_component_blend,20260908_1821_receiving_yards_blend,2026-09-11T19:13:20+00:00,2026-09-11T19:13:40+00:00
2026,1,401872660,2026-09-13,12:00,00-0035667,Greg Gaines,BUF,HOU,DL,tackles,1.2,0.0,3.7,0.5714165547751108,0.28087908928964456,eligible,eligible_current_role,backup,,2.0,direct,20260908_1821_tackles_direct,2026-09-11T19:13:20+00:00,2026-09-11T19:13:40+00:00
2026,1,401872660,2026-09-13,12:00,00-0035685,David Montgomery,HOU,BUF,RB,rushing_yards,33.6,11.6,64.5,,,eligible,eligible_current_role,starter,Active,1.0,direct_component_blend,20260908_1821_rushing_yards_blend,2026-09-11T19:13:20+00:00,2026-09-11T19:13:40+00:00
2026,1,401872660,2026-09-13,12:00,00-0035685,David Montgomery,HOU,BUF,RB,receiving_yards,7.0,-10.1,35.9,,,eligible,eligible_current_role,starter,Active,1.0,direct_component_blend,20260908_1821_receiving_yards_blend,2026-09-11T19:13:20+00:00,2026-09-11T19:13:40+00:00
2026,1,401872660,2026-09-13,12:00,00-0035689,Dawson Knox,BUF,HOU,TE,rushing_yards,0.0,-10.8,15.0,,,eligible,eligible_current_role,backup,Active,2.0,direct_component_blend,20260908_1821_rushing_yards_blend,2026-09-11T19:13:20+00:00,2026-09-11T19:13:40+00:00
2026,1,401872660,2026-09-13,12:00,00-0035689,Dawson Knox,BUF,HOU,TE,receiving_yards,19.0,1.8,47.8,,,eligible,eligible_current_role,backup,Active,2.0,direct_component_blend,20260908_1821_receiving_yards_blend,2026-09-11T19:13:20+00:00,2026-09-11T19:13:40+00:00
2026,1,401872660,2026-09-13,12:00,00-0035933,Michael Hoecht,BUF,HOU,LB,tackles,2.1,0.2,4.6,0.8199592315629304,0.5719541171137585,eligible,eligible_current_role,backup,Active,2.0,direct,20260908_1821_tackles_direct,2026-09-11T19:13:20+00:00,2026-09-11T19:13:40+00:00
2026,1,401872660,2026-09-13,12:00,00-0036037,Sam Franklin Jr.,BUF,HOU,DB,tackles,0.7,0.0,3.2,0.4178629006729987,0.14625264178098685,eligible,eligible_current_role,backup,,3.0,direct,20260908_1821_tackles_direct,2026-09-11T19:13:20+00:00,2026-09-11T19:13:40+00:00
2026,1,401872660,2026-09-13,12:00,00-0036162,Tyler Bass,BUF,HOU,K,kicking_points,6.7,1.6,12.5,,,eligible,eligible_current_role,starter,,1.0,component,20260908_1821_kicking_points_component,2026-09-11T19:13:20+00:00,2026-09-11T19:13:40+00:00
2026,1,401872660,2026-09-13,12:00,00-0036378,Michael Danna,BUF,HOU,LB,tackles,1.2,0.0,3.7,0.5702954566293544,0.2797972113380818,eligible,eligible_current_role,backup,,3.0,direct,20260908_1821_tackles_direct,2026-09-11T19:13:20+00:00,2026-09-11T19:13:40+00:00
2026,1,401872660,2026-09-13,12:00,00-0036554,Nico Collins,HOU,BUF,WR,rushing_yards,0.2,-10.5,15.2,,,eligible,eligible_current_role,starter,Active,1.0,direct_component_blend,20260908_1821_rushing_yards_blend,2026-09-11T19:13:20+00:00,2026-09-11T19:13:40+00:00
2026,1,401872660,2026-09-13,12:00,00-0036554,Nico Collins,HOU,BUF,WR,receiving_yards,72.5,45.9,121.7,,,eligible,eligible_current_role,starter,Active,1.0,direct_component_blend,20260908_1821_receiving_yards_blend,2026-09-11T19:13:20+00:00,2026-09-11T19:13:40+00:00
2026,1,401872660,2026-09-13,12:00,00-0036556,Brevin Jordan,HOU,BUF,TE,rushing_yards,0.0,-10.8,15.0,,,eligible,eligible_current_role,backup,Active,5.0,direct_component_blend,20260908_1821_rushing_yards_blend,2026-09-11T19:13:20+00:00,2026-09-11T19:13:40+00:00
2026,1,401872660,2026-09-13,12:00,00-0036556,Brevin Jordan,HOU,BUF,TE,receiving_yards,7.6,-9.5,36.4,,,eligible,eligible_current_role,backup,Active,5.0,direct_component_blend,20260908_1821_receiving_yards_blend,2026-09-11T19:13:20+00:00,2026-09-11T19:13:40+00:00
2026,1,401872660,2026-09-13,12:00,00-0036883,Tommy Togiai,HOU,BUF,DL,tackles,3.3,1.3,5.8,0.9222498709390738,0.7979195170392612,eligible,eligible_current_role,starter,,1.0,direct,20260908_1821_tackles_direct,2026-09-11T19:13:20+00:00,2026-09-11T19:13:40+00:00
2026,1,401872660,2026-09-13,12:00,00-0036888,Damar Hamlin,BUF,HOU,DB,tackles,1.4,0.0,5.0,0.6609932239221511,0.3680895382369921,eligible,eligible_current_role,backup,,2.0,direct,20260908_1821_tackles_direct,2026-09-11T19:13:20+00:00,2026-09-11T19:13:40+00:00
2026,1,401872660,2026-09-13,12:00,00-0036898,Davis Mills,HOU,BUF,QB,rushing_yards,4.6,-8.2,22.5,,,eligible,eligible_current_role,backup,,2.0,direct_component_blend,20260908_1821_rushing_yards_blend,2026-09-11T19:13:20+00:00,2026-09-11T19:13:40+00:00
2026,1,401872660,2026-09-13,12:00,00-0036914,Greg Rousseau,BUF,HOU,LB,tackles,2.7,0.0,6.8,0.8882822702613637,0.7066125285530661,eligible,eligible_current_role,starter,,1.0,direct,20260908_1821_tackles_direct,2026-09-11T19:13:20+00:00,2026-09-11T19:13:40+00:00
2026,1,401872660,2026-09-13,12:00,00-0036988,Josh Palmer,BUF,HOU,WR,rushing_yards,0.0,-10.7,15.0,,,eligible,eligible_current_role,backup,Active,4.0,direct_component_blend,20260908_1821_rushing_yards_blend,2026-09-11T19:13:20+00:00,2026-09-11T19:13:40+00:00
2026,1,401872660,2026-09-13,12:00,00-0036988,Josh Palmer,BUF,HOU,WR,receiving_yards,17.6,0.4,46.4,,,eligible,eligible_current_role,backup,Active,4.0,direct_component_blend,20260908_1821_receiving_yards_blend,2026-09-11T19:13:20+00:00,2026-09-11T19:13:40+00:00
2026,1,401872660,2026-09-13,12:00,00-0037034,Dee Alford,BUF,HOU,DB,tackles,4.0,1.8,6.7,0.9531733371471105,0.856366434269906,eligible,eligible_current_role,starter,,1.0,direct,20260908_1821_tackles_direct,2026-09-11T19:13:20+00:00,2026-09-11T19:13:40+00:00
2026,1,401872660,2026-09-13,12:00,00-0037082,Dominique Robinson,HOU,BUF,DL,tackles,1.1,0.0,3.6,0.5630031069569362,0.2728570995463182,eligible,eligible_current_role,backup,Active,2.0,direct,20260908_1821_tackles_direct,2026-09-11T19:13:20+00:00,2026-09-11T19:13:40+00:00
2026,1,401872660,2026-09-13,12:00,00-0037130,Reed Blankenship,HOU,BUF,DB,tackles,5.5,2.8,8.9,0.9819741442761832,0.9464306060732726,eligible,eligible_current_role,starter,,1.0,direct,20260908_1821_tackles_direct,2026-09-11T19:13:20+00:00,2026-09-11T19:13:40+00:00
2026,1,401872660,2026-09-13,12:00,00-0037237,Derek Stingley Jr.,HOU,BUF,DB,tackles,3.5,0.8,7.0,0.9307409929173114,0.8127429796294624,eligible,eligible_current_role,starter,,1.0,direct,20260908_1821_tackles_direct,2026-09-11T19:13:20+00:00,2026-09-11T19:13:40+00:00
2026,1,401872660,2026-09-13,12:00,00-0037246,Jalen Pitre,HOU,BUF,DB,tackles,5.6,3.0,9.1,0.9823934275216727,0.9507784633961629,eligible,eligible_current_role,starter,,1.0,direct,20260908_1821_tackles_direct,2026-09-11T19:13:20+00:00,2026-09-11T19:13:40+00:00
2026,1,401872660,2026-09-13,12:00,00-0037248,James Cook,BUF,HOU,RB,rushing_yards,60.8,38.8,91.7,,,eligible,eligible_current_role,starter,Active,1.0,direct_component_blend,20260908_1821_rushing_yards_blend,2026-09-11T19:13:20+00:00,2026-09-11T19:13:40+00:00
2026,1,401872660,2026-09-13,12:00,00-0037248,James Cook,BUF,HOU,RB,receiving_yards,14.8,-2.4,43.6,,,eligible,eligible_current_role,starter,Active,1.0,direct_component_blend,20260908_1821_receiving_yards_blend,2026-09-11T19:13:20+00:00,2026-09-11T19:13:40+00:00
2026,1,401872660,2026-09-13,12:00,00-0037261,Khalil Shakir,BUF,HOU,WR,rushing_yards,0.0,-10.7,15.0,,,eligible,eligible_current_role,backup,Active,2.0,direct_component_blend,20260908_1821_rushing_yards_blend,2026-09-11T19:13:20+00:00,2026-09-11T19:13:40+00:00
2026,1,401872660,2026-09-13,12:00,00-0037261,Khalil Shakir,BUF,HOU,WR,receiving_yards,31.1,4.5,80.3,,,eligible,eligible_current_role,backup,Active,2.0,direct_component_blend,20260908_1821_receiving_yards_blend,2026-09-11T19:13:20+00:00,2026-09-11T19:13:40+00:00
2026,1,401872660,2026-09-13,12:00,00-0037288,Christian Benford,BUF,HOU,DB,tackles,3.5,0.9,7.0,0.9329850044395847,0.8167727303331024,eligible,eligible_current_role,starter,,1.0,direct,20260908_1821_tackles_direct,2026-09-11T19:13:20+00:00,2026-09-11T19:13:40+00:00
2026,1,401872660,2026-09-13,12:00,00-0037457,Jake Hansen,HOU,BUF,LB,tackles,0.9,0.0,3.3,0.4700392016019426,0.19895684944824063,eligible,eligible_current_role,backup,Active,2.0,direct,20260908_1821_tackles_direct,2026-09-11T19:13:20+00:00,2026-09-11T19:13:40+00:00
2026,1,401872660,2026-09-13,12:00,00-0037633,Jacob Hummel,HOU,BUF,LB,tackles,1.2,0.0,3.7,0.5715516822842408,0.2810097611134546,eligible,eligible_current_role,starter,,1.0,direct,20260908_1821_tackles_direct,2026-09-11T19:13:20+00:00,2026-09-11T19:13:40+00:00
2026,1,401872660,2026-09-13,12:00,00-0038127,Logan Hall,HOU,BUF,DL,tackles,1.7,0.0,4.1,0.7594970191069244,0.4813731125850026,eligible,eligible_current_role,backup,,2.0,direct,20260908_1821_tackles_direct,2026-09-11T19:13:20+00:00,2026-09-11T19:13:40+00:00
2026,1,401872660,2026-09-13,12:00,00-0038599,Henry To'oTo'o,HOU,BUF,LB,tackles,6.5,3.5,10.5,0.983495145631068,0.9631067961165048,eligible,eligible_current_role,starter,,1.0,direct,20260908_1821_tackles_direct,2026-09-11T19:13:20+00:00,2026-09-11T19:13:40+00:00
2026,1,401872660,2026-09-13,12:00,00-0038608,Kayshon Boutte,HOU,BUF,WR,rushing_yards,0.0,-10.7,15.0,,,eligible,eligible_current_role,backup,Active,2.0,direct_component_blend,20260908_1821_rushing_yards_blend,2026-09-11T19:13:20+00:00,2026-09-11T19:13:40+00:00
2026,1,401872660,2026-09-13,12:00,00-0038608,Kayshon Boutte,HOU,BUF,WR,receiving_yards,21.5,4.3,50.3,,,eligible,eligible_current_role,backup,Active,2.0,direct_component_blend,20260908_1821_receiving_yards_blend,2026-09-11T19:13:20+00:00,2026-09-11T19:13:40+00:00
2026,1,401872660,2026-09-13,12:00,00-0038618,Xavier Hutchinson,HOU,BUF,WR,rushing_yards,0.5,-10.2,15.6,,,eligible,eligible_current_role,backup,,3.0,direct_component_blend,20260908_1821_rushing_yards_blend,2026-09-11T19:13:20+00:00,2026-09-11T19:13:40+00:00
2026,1,401872660,2026-09-13,12:00,00-0038618,Xavier Hutchinson,HOU,BUF,WR,receiving_yards,14.0,-3.1,42.8,,,eligible,eligible_current_role,backup,,3.0,direct_component_blend,20260908_1821_receiving_yards_blend,2026-09-11T19:13:20+00:00,2026-09-11T19:13:40+00:00
2026,1,401872660,2026-09-13,12:00,00-0038728,Jared Wayne,HOU,BUF,WR,rushing_yards,0.0,-11.8,16.6,,,eligible,eligible_current_role,backup,,5.0,direct_component_blend,20260908_1821_rushing_yards_blend,2026-09-11T19:13:20+00:00,2026-09-11T19:13:40+00:00
2026,1,401872660,2026-09-13,12:00,00-0038728,Jared Wayne,HOU,BUF,WR,receiving_yards,12.6,-6.0,44.5,,,eligible,eligible_current_role,backup,,5.0,direct_component_blend,20260908_1821_receiving_yards_blend,2026-09-11T19:13:20+00:00,2026-09-11T19:13:40+00:00
2026,1,401872660,2026-09-13,12:00,00-0038933,Dalton Kincaid,BUF,HOU,TE,rushing_yards,0.0,-10.8,15.0,,,eligible,eligible_current_role,starter,Active,1.0,direct_component_blend,20260908_1821_rushing_yards_blend,2026-09-11T19:13:20+00:00,2026-09-11T19:13:40+00:00
2026,1,401872660,2026-09-13,12:00,00-0038933,Dalton Kincaid,BUF,HOU,TE,receiving_yards,27.8,10.7,56.6,,,eligible,eligible_current_role,starter,Active,1.0,direct_component_blend,20260908_1821_receiving_yards_blend,2026-09-11T19:13:20+00:00,2026-09-11T19:13:40+00:00
2026,1,401872660,2026-09-13,12:00,00-0039108,Will Anderson Jr.,HOU,BUF,DL,tackles,2.3,0.3,4.8,0.8413311941436618,0.6103585182777702,eligible,eligible_current_role,starter,,1.0,direct,20260908_1821_tackles_direct,2026-09-11T19:13:20+00:00,2026-09-11T19:13:40+00:00
2026,1,401872660,2026-09-13,12:00,00-0039163,C.J. Stroud,HOU,BUF,QB,passing_yards,226.0,132.5,332.2,,,eligible,eligible_current_role,starter,Active,1.0,direct_component_blend,20260908_1821_passing_yards_blend,2026-09-11T19:13:20+00:00,2026-09-11T19:13:40+00:00
2026,1,401872660,2026-09-13,12:00,00-0039163,C.J. Stroud,HOU,BUF,QB,passing_tds,1.464,,,0.8049529834350585,0.46863171866658154,eligible,eligible_current_role,starter,Active,1.0,direct_component_blend,20260908_1821_passing_tds_blend,2026-09-11T19:13:20+00:00,2026-09-11T19:13:40+00:00
2026,1,401872660,2026-09-13,12:00,00-0039163,C.J. Stroud,HOU,BUF,QB,rushing_yards,10.3,-2.5,28.2,,,eligible,eligible_current_role,starter,Active,1.0,direct_component_blend,20260908_1821_rushing_yards_blend,2026-09-11T19:13:20+00:00,2026-09-11T19:13:40+00:00
2026,1,401872660,2026-09-13,12:00,00-0039343,Kamari Lassiter,HOU,BUF,DB,tackles,4.8,2.1,8.3,0.9787076446818894,0.9210990742195204,eligible,eligible_current_role,starter,,1.0,direct,20260908_1821_tackles_direct,2026-09-11T19:13:20+00:00,2026-09-11T19:13:40+00:00
2026,1,401872660,2026-09-13,12:00,00-0039359,Cade Stover,HOU,BUF,TE,rushing_yards,0.5,-10.2,15.5,,,eligible,eligible_current_role,backup,,4.0,direct_component_blend,20260908_1821_rushing_yards_blend,2026-09-11T19:13:20+00:00,2026-09-11T19:13:40+00:00
2026,1,401872660,2026-09-13,12:00,00-0039359,Cade Stover,HOU,BUF,TE,receiving_yards,9.4,-7.7,38.2,,,eligible,eligible_current_role,backup,,4.0,direct_component_blend,20260908_1821_receiving_yards_blend,2026-09-11T19:13:20+00:00,2026-09-11T19:13:40+00:00
2026,1,401872660,2026-09-13,12:00,00-0039603,British Brooks,HOU,BUF,RB,rushing_yards,1.2,-9.5,16.2,,,eligible,eligible_current_role,backup,Active,3.0,direct_component_blend,20260908_1821_rushing_yards_blend,2026-09-11T19:13:20+00:00,2026-09-11T19:13:40+00:00
2026,1,401872660,2026-09-13,12:00,00-0039603,British Brooks,HOU,BUF,RB,receiving_yards,1.3,-15.8,30.1,,,eligible,eligible_current_role,backup,Active,3.0,direct_component_blend,20260908_1821_receiving_yards_blend,2026-09-11T19:13:20+00:00,2026-09-11T19:13:40+00:00
2026,1,401872660,2026-09-13,12:00,00-0039838,Calen Bullock,HOU,BUF,DB,tackles,4.0,1.3,7.4,0.9521079171129844,0.8538998668266989,eligible,eligible_current_role,starter,,1.0,direct,20260908_1821_tackles_direct,2026-09-11T19:13:20+00:00,2026-09-11T19:13:40+00:00
2026,1,401872660,2026-09-13,12:00,00-0039872,Cole Bishop,BUF,HOU,DB,tackles,5.5,2.8,8.9,0.9819111013116243,0.945786933881797,eligible,eligible_current_role,starter,,1.0,direct,20260908_1821_tackles_direct,2026-09-11T19:13:20+00:00,2026-09-11T19:13:40+00:00
2026,1,401872660,2026-09-13,12:00,00-0039873,DeWayne Carter,BUF,HOU,DL,tackles,1.9,0.0,4.4,0.7809380161089803,0.5084717418169484,eligible,eligible_current_role,backup,,2.0,direct,20260908_1821_tackles_direct,2026-09-11T19:13:20+00:00,2026-09-11T19:13:40+00:00
2026,1,401872660,2026-09-13,12:00,00-0039875,Ray Davis,BUF,HOU,RB,rushing_yards,5.4,-5.3,20.4,,,eligible,eligible_current_role,backup,Active,2.0,direct_component_blend,20260908_1821_rushing_yards_blend,2026-09-11T19:13:20+00:00,2026-09-11T19:13:40+00:00
2026,1,401872660,2026-09-13,12:00,00-0039875,Ray Davis,BUF,HOU,RB,receiving_yards,3.5,-13.7,32.3,,,eligible,eligible_current_role,backup,Active,2.0,direct_component_blend,20260908_1821_receiving_yards_blend,2026-09-11T19:13:20+00:00,2026-09-11T19:13:40+00:00
2026,1,401872660,2026-09-13,12:00,00-0039879,Javon Solomon,BUF,HOU,LB,tackles,0.9,0.0,3.3,0.4761142698506123,0.2032076248200932,eligible,eligible_current_role,backup,,3.0,direct,20260908_1821_tackles_direct,2026-09-11T19:13:20+00:00,2026-09-11T19:13:40+00:00
2026,1,401872660,2026-09-13,12:00,00-0039901,Keon Coleman,BUF,HOU,WR,rushing_yards,0.0,-10.8,15.0,,,eligible,eligible_current_role,backup,Active,3.0,direct_component_blend,20260908_1821_rushing_yards_blend,2026-09-11T19:13:20+00:00,2026-09-11T19:13:40+00:00
2026,1,401872660,2026-09-13,12:00,00-0039901,Keon Coleman,BUF,HOU,WR,receiving_yards,22.6,-4.0,71.8,,,eligible,eligible_current_role,backup,Active,3.0,direct_component_blend,20260908_1821_receiving_yards_blend,2026-09-11T19:13:20+00:00,2026-09-11T19:13:40+00:00
2026,1,401872660,2026-09-13,12:00,00-0040132,Landon Jackson,BUF,HOU,DL,tackles,0.8,0.0,4.3,0.43329299226001056,0.1663270457540049,eligible,eligible_current_role,backup,,2.0,direct,20260908_1821_tackles_direct,2026-09-11T19:13:20+00:00,2026-09-11T19:13:40+00:00
2026,1,401872660,2026-09-13,12:00,00-0040138,Jaylin Noel,HOU,BUF,WR,rushing_yards,0.4,-10.3,15.5,,,eligible,eligible_current_role,backup,Active,4.0,direct_component_blend,20260908_1821_rushing_yards_blend,2026-09-11T19:13:20+00:00,2026-09-11T19:13:40+00:00
2026,1,401872660,2026-09-13,12:00,00-0040138,Jaylin Noel,HOU,BUF,WR,receiving_yards,10.6,-6.6,39.4,,,eligible,eligible_current_role,backup,Active,4.0,direct_component_blend,20260908_1821_receiving_yards_blend,2026-09-11T19:13:20+00:00,2026-09-11T19:13:40+00:00
2026,1,401872660,2026-09-13,12:00,00-0040149,Jaylin Smith,HOU,BUF,DB,tackles,1.8,0.0,4.5,0.7659060853803572,0.4892429565860789,eligible,eligible_current_role,backup,,2.0,direct,20260908_1821_tackles_direct,2026-09-11T19:13:20+00:00,2026-09-11T19:13:40+00:00
2026,1,401872660,2026-09-13,12:00,00-0040192,Jordan Hancock,BUF,HOU,DB,tackles,1.2,0.0,3.7,0.5771054064484343,0.28643133935802617,eligible,questionable_flag,backup,Questionable,2.0,direct,20260908_1821_tackles_direct,2026-09-11T19:13:20+00:00,2026-09-11T19:13:40+00:00
2026,1,401872660,2026-09-13,12:00,00-0040194,Jackson Hawes,BUF,HOU,TE,rushing_yards,0.0,-10.8,15.0,,,eligible,eligible_current_role,backup,Active,3.0,direct_component_blend,20260908_1821_rushing_yards_blend,2026-09-11T19:13:20+00:00,2026-09-11T19:13:40+00:00
2026,1,401872660,2026-09-13,12:00,00-0040194,Jackson Hawes,BUF,HOU,TE,receiving_yards,6.6,-10.5,35.4,,,eligible,eligible_current_role,backup,Active,3.0,direct_component_blend,20260908_1821_receiving_yards_blend,2026-09-11T19:13:20+00:00,2026-09-11T19:13:40+00:00
2026,1,401872660,2026-09-13,12:00,00-0040363,Keleki Latu,BUF,HOU,TE,rushing_yards,0.0,-11.8,16.5,,,eligible,eligible_current_role,backup,,4.0,direct_component_blend,20260908_1821_rushing_yards_blend,2026-09-11T19:13:20+00:00,2026-09-11T19:13:40+00:00
2026,1,401872660,2026-09-13,12:00,00-0040363,Keleki Latu,BUF,HOU,TE,receiving_yards,3.4,-15.3,35.3,,,eligible,eligible_current_role,backup,,4.0,direct_component_blend,20260908_1821_receiving_yards_blend,2026-09-11T19:13:20+00:00,2026-09-11T19:13:40+00:00
2026,1,401872660,2026-09-13,12:00,00-0040583,Woody Marks,HOU,BUF,RB,rushing_yards,38.2,16.2,69.2,,,eligible,eligible_current_role,backup,Active,2.0,direct_component_blend,20260908_1821_rushing_yards_blend,2026-09-11T19:13:20+00:00,2026-09-11T19:13:40+00:00
2026,1,401872660,2026-09-13,12:00,00-0040583,Woody Marks,HOU,BUF,RB,receiving_yards,7.5,-9.7,36.3,,,eligible,eligible_current_role,backup,Active,2.0,direct_component_blend,20260908_1821_receiving_yards_blend,2026-09-11T19:13:20+00:00,2026-09-11T19:13:40+00:00
2026,1,401872660,2026-09-13,12:00,00-0040709,Maxwell Hairston,BUF,HOU,DB,tackles,3.0,0.8,5.7,0.9035718280761995,0.7461550370227724,eligible,eligible_current_role,starter,,1.0,direct,20260908_1821_tackles_direct,2026-09-11T19:13:20+00:00,2026-09-11T19:13:40+00:00
2026,1,401872660,2026-09-13,12:00,00-0040710,Deone Walker,BUF,HOU,DL,tackles,2.3,0.3,4.8,0.8413458789949989,0.6103858110438436,eligible,eligible_current_role,starter,,1.0,direct,20260908_1821_tackles_direct,2026-09-11T19:13:20+00:00,2026-09-11T19:13:40+00:00
2026,1,401872660,2026-09-13,12:00,00-0040724,T.J. Sanders,BUF,HOU,DL,tackles,2.0,0.1,4.5,0.7960608457601109,0.5318384134129487,eligible,questionable_flag,starter,Questionable,1.0,direct,20260908_1821_tackles_direct,2026-09-11T19:13:20+00:00,2026-09-11T19:13:40+00:00
2026,1,401872660,2026-09-13,12:00,00-0041036,TJ Parker,BUF,HOU,LB,tackles,1.5,0.0,5.0,0.7080316316915148,0.4196755065377456,eligible,eligible_current_role,backup,,2.0,direct,20260908_1821_tackles_direct,2026-09-11T19:13:20+00:00,2026-09-11T19:13:40+00:00
2026,1,401872660,2026-09-13,12:00,00-0041086,Jalon Kilgore,BUF,HOU,DB,tackles,2.0,0.0,6.0,0.8044572986194761,0.5456174533474333,eligible,eligible_current_role,backup,,2.0,direct,20260908_1821_tackles_direct,2026-09-11T19:13:20+00:00,2026-09-11T19:13:40+00:00
2026,1,401872660,2026-09-13,12:00,00-0041305,Sabastian Harsh,HOU,BUF,DL,tackles,1.0,0.0,4.5,0.5377562494715362,0.25025999597294346,eligible,eligible_current_role,backup,,3.0,direct,20260908_1821_tackles_direct,2026-09-11T19:13:20+00:00,2026-09-11T19:13:40+00:00
2026,1,401872660,2026-09-13,12:00,00-0041313,Collin Wright,HOU,BUF,DB,tackles,1.6,0.0,5.5,0.7351682774023637,0.45171475440890757,eligible,eligible_current_role,backup,,3.0,direct,20260908_1821_tackles_direct,2026-09-11T19:13:20+00:00,2026-09-11T19:13:40+00:00
2026,1,401872660,2026-09-13,12:00,00-0041391,Davison Igbinosun,BUF,HOU,DB,tackles,2.0,0.0,6.0,0.8044572986194761,0.5456174533474333,eligible,eligible_current_role,backup,,2.0,direct,20260908_1821_tackles_direct,2026-09-11T19:13:20+00:00,2026-09-11T19:13:40+00:00
2026,1,401872660,2026-09-13,12:00,00-0041440,Kayden McDonald,HOU,BUF,DL,tackles,1.0,0.0,4.5,0.5285342392077771,0.2427451752570896,eligible,questionable_flag,backup,Questionable,3.0,direct,20260908_1821_tackles_direct,2026-09-11T19:13:20+00:00,2026-09-11T19:13:40+00:00
2026,1,401872660,2026-09-13,12:00,00-0041443,Skyler Bell,BUF,HOU,WR,rushing_yards,0.0,-14.8,20.7,,,eligible,eligible_current_role,backup,Active,5.0,direct_component_blend,20260908_1821_rushing_yards_blend,2026-09-11T19:13:20+00:00,2026-09-11T19:13:40+00:00
2026,1,401872660,2026-09-13,12:00,00-0041443,Skyler Bell,BUF,HOU,WR,receiving_yards,6.7,-15.9,47.3,,,eligible,eligible_current_role,backup,Active,5.0,direct_component_blend,20260908_1821_receiving_yards_blend,2026-09-11T19:13:20+00:00,2026-09-11T19:13:40+00:00
2026,1,401872660,2026-09-13,12:00,00-0041449,Aiden Fisher,HOU,BUF,LB,tackles,1.4,0.0,5.0,0.6854080706290473,0.3942693711358069,eligible,eligible_current_role,backup,,2.0,direct,20260908_1821_tackles_direct,2026-09-11T19:13:20+00:00,2026-09-11T19:13:40+00:00
2026,1,401872660,2026-09-13,12:00,00-0041465,Wade Woodaz,HOU,BUF,LB,tackles,1.4,0.0,5.0,0.6854080706290473,0.3942693711358069,eligible,eligible_current_role,backup,Active,2.0,direct,20260908_1821_tackles_direct,2026-09-11T19:13:20+00:00,2026-09-11T19:13:40+00:00
2026,1,401872660,2026-09-13,12:00,00-0041466,Kamari Ramsey,HOU,BUF,DB,tackles,2.0,0.0,5.9,0.7943012928029599,0.5289920879510547,eligible,eligible_current_role,backup,,2.0,direct,20260908_1821_tackles_direct,2026-09-11T19:13:20+00:00,2026-09-11T19:13:40+00:00
2026,1,401872660,2026-09-13,12:00,00-0041472,Marlin Klein,HOU,BUF,TE,rushing_yards,0.0,-14.8,20.6,,,eligible,eligible_current_role,backup,,3.0,direct_component_blend,20260908_1821_rushing_yards_blend,2026-09-11T19:13:20+00:00,2026-09-11T19:13:40+00:00
2026,1,401872660,2026-09-13,12:00,00-0041472,Marlin Klein,HOU,BUF,TE,receiving_yards,4.9,-17.7,45.5,,,eligible,eligible_current_role,backup,,3.0,direct_component_blend,20260908_1821_receiving_yards_blend,2026-09-11T19:13:20+00:00,2026-09-11T19:13:40+00:00
2026,1,401872661,2026-09-13,13:00,00-0028986,Case Keenum,CHI,CAR,QB,rushing_yards,3.6,-7.1,18.6,,,eligible,eligible_current_role,backup,,3.0,direct_component_blend,20260908_1821_rushing_yards_blend,2026-09-11T19:13:20+00:00,2026-09-11T19:13:40+00:00
2026,1,401872661,2026-09-13,13:00,00-0031203,Cairo Santos,CHI,CAR,K,kicking_points,7.0,2.5,12.3,,,eligible,eligible_current_role,starter,,1.0,component,20260908_1821_kicking_points_component,2026-09-11T19:13:20+00:00,2026-09-11T19:13:40+00:00
2026,1,401872661,2026-09-13,13:00,00-0031583,Grady Jarrett,CHI,CAR,DL,tackles,2.9,0.9,5.3,0.8973611427519931,0.7295420415706528,eligible,eligible_current_role,starter,,1.0,direct,20260908_1821_tackles_direct,2026-09-11T19:13:20+00:00,2026-09-11T19:13:40+00:00
2026,1,401872661,2026-09-13,13:00,00-0031610,Darren Waller,CAR,CHI,TE,rushing_yards,0.0,-10.8,15.0,,,eligible,eligible_current_role,backup,Active,3.0,direct_component_blend,20260908_1821_rushing_yards_blend,2026-09-11T19:13:20+00:00,2026-09-11T19:13:40+00:00
2026,1,401872661,2026-09-13,13:00,00-0031610,Darren Waller,CAR,CHI,TE,receiving_yards,17.8,-1.9,52.0,,,eligible,eligible_current_role,backup,Active,3.0,direct_component_blend,20260908_1821_receiving_yards_blend,2026-09-11T19:13:20+00:00,2026-09-11T19:13:40+00:00
2026,1,401872661,2026-09-13,13:00,00-0032464,Kalif Raymond,CHI,CAR,WR,rushing_yards,0.0,-10.8,15.0,,,eligible,eligible_current_role,backup,,3.0,direct_component_blend,20260908_1821_rushing_yards_blend,2026-09-11T19:13:20+00:00,2026-09-11T19:13:40+00:00
2026,1,401872661,2026-09-13,13:00,00-0032464,Kalif Raymond,CHI,CAR,WR,receiving_yards,9.3,-7.9,38.1,,,eligible,eligible_current_role,backup,,3.0,direct_component_blend,20260908_1821_receiving_yards_blend,2026-09-11T19:13:20+00:00,2026-09-11T19:13:40+00:00
2026,1,401872661,2026-09-13,13:00,00-0033579,Xavier Woods,CHI,CAR,DB,tackles,3.4,1.2,6.1,0.9236341423151815,0.8002928026334982,eligible,questionable_flag,starter,Questionable,1.0,direct,20260908_1821_tackles_direct,2026-09-11T19:13:20+00:00,2026-09-11T19:13:40+00:00
2026,1,401872661,2026-09-13,13:00,00-0034320,Kentavius Street,CHI,CAR,DL,tackles,1.9,0.0,4.4,0.780587912158286,0.5080109892217785,eligible,eligible_current_role,starter,,1.0,direct,20260908_1821_tackles_direct,2026-09-11T19:13:20+00:00,2026-09-11T19:13:40+00:00
2026,1,401872661,2026-09-13,13:00,00-0034407,Ray-Ray McCloud,CHI,CAR,WR,rushing_yards,0.0,-10.7,15.1,,,eligible,eligible_current_role,roster_only,,,direct_component_blend,20260908_1821_rushing_yards_blend,2026-09-11T19:13:20+00:00,2026-09-11T19:13:40+00:00
2026,1,401872661,2026-09-13,13:00,00-0034407,Ray-Ray McCloud,CHI,CAR,WR,receiving_yards,9.3,-7.9,38.1,,,eligible,eligible_current_role,roster_only,,,direct_component_blend,20260908_1821_receiving_yards_blend,2026-09-11T19:13:20+00:00,2026-09-11T19:13:40+00:00
2026,1,401872661,2026-09-13,13:00,00-0035251,Will Grier,CAR,CHI,QB,rushing_yards,7.9,-6.1,27.7,,,eligible,eligible_current_role,roster_only,,,direct_component_blend,20260908_1821_rushing_yards_blend,2026-09-11T19:13:20+00:00,2026-09-11T19:13:40+00:00
2026,1,401872661,2026-09-13,13:00,00-0035277,Mike Jackson,CAR,CHI,DB,tackles,3.9,1.2,7.4,0.9487627987255387,0.8466987921694188,eligible,eligible_current_role,starter,,1.0,direct,20260908_1821_tackles_direct,2026-09-11T19:13:20+00:00,2026-09-11T19:13:40+00:00
2026,1,401872661,2026-09-13,13:00,00-0035357,Cam Lewis,CHI,CAR,DB,tackles,4.4,2.1,7.0,0.9673873272226158,0.8908562258493632,eligible,eligible_current_role,starter,,1.0,direct,20260908_1821_tackles_direct,2026-09-11T19:13:20+00:00,2026-09-11T19:13:40+00:00
2026,1,401872661,2026-09-13,13:00,00-0035386,T.J. Edwards,CHI,CAR,LB,tackles,7.0,4.4,11.4,0.983495145631068,0.9631067961165048,eligible,eligible_current_role,starter,,1.0,direct,20260908_1821_tackles_direct,2026-09-11T19:13:20+00:00,2026-09-11T19:13:40+00:00
2026,1,401872661,2026-09-13,13:00,00-0035525,Devin Bush,CHI,CAR,LB,tackles,6.7,3.7,10.7,0.983495145631068,0.9631067961165048,eligible,eligible_current_role,starter,,1.0,direct,20260908_1821_tackles_direct,2026-09-11T19:13:20+00:00,2026-09-11T19:13:40+00:00
2026,1,401872661,2026-09-13,13:00,00-0035647,Montez Sweat,CHI,CAR,DL,tackles,2.3,0.3,4.8,0.8402944922808111,0.608435029947829,eligible,eligible_current_role,starter,,1.0,direct,20260908_1821_tackles_direct,2026-09-11T19:13:20+00:00,2026-09-11T19:13:40+00:00
2026,1,401872661,2026-09-13,13:00,00-0035669,Nick Scott,CAR,CHI,DB,tackles,4.6,1.9,8.0,0.9737708584339779,0.9075285446580009,eligible,eligible_current_role,starter,,1.0,direct,20260908_1821_tackles_direct,2026-09-11T19:13:20+00:00,2026-09-11T19:13:40+00:00
2026,1,401872661,2026-09-13,13:00,00-0036220,Derrick Brown,CAR,CHI,DL,tackles,3.3,1.1,6.0,0.9201654969953679,0.7939201129838706,eligible,eligible_current_role,starter,Active,1.0,direct,20260908_1821_tackles_direct,2026-09-11T19:13:20+00:00,2026-09-11T19:13:40+00:00
2026,1,401872661,2026-09-13,13:00,00-0036265,AJ Dillon,CAR,CHI,RB,rushing_yards,15.0,4.3,30.0,,,eligible,eligible_current_role,backup,Active,3.0,direct_component_blend,20260908_1821_rushing_yards_blend,2026-09-11T19:13:20+00:00,2026-09-11T19:13:40+00:00
2026,1,401872661,2026-09-13,13:00,00-0036265,AJ Dillon,CAR,CHI,RB,receiving_yards,3.7,-13.5,32.5,,,eligible,eligible_current_role,backup,Active,3.0,direct_component_blend,20260908_1821_receiving_yards_blend,2026-09-11T19:13:20+00:00,2026-09-11T19:13:40+00:00
2026,1,401872661,2026-09-13,13:00,00-0036275,D'Andre Swift,CHI,CAR,RB,rushing_yards,55.6,33.6,86.6,,,eligible,eligible_current_role,starter,Active,1.0,direct_component_blend,20260908_1821_rushing_yards_blend,2026-09-11T19:13:20+00:00,2026-09-11T19:13:40+00:00
2026,1,401872661,2026-09-13,13:00,00-0036275,D'Andre Swift,CHI,CAR,RB,receiving_yards,15.6,-1.5,44.4,,,eligible,eligible_current_role,starter,Active,1.0,direct_component_blend,20260908_1821_receiving_yards_blend,2026-09-11T19:13:20+00:00,2026-09-11T19:13:40+00:00
2026,1,401872661,2026-09-13,13:00,00-0036290,Cole Kmet,CHI,CAR,TE,rushing_yards,0.0,-10.8,15.0,,,eligible,eligible_current_role,backup,Active,2.0,direct_component_blend,20260908_1821_rushing_yards_blend,2026-09-11T19:13:20+00:00,2026-09-11T19:13:40+00:00
2026,1,401872661,2026-09-13,13:00,00-0036290,Cole Kmet,CHI,CAR,TE,receiving_yards,17.3,0.1,46.1,,,eligible,eligible_current_role,backup,Active,2.0,direct_component_blend,20260908_1821_receiving_yards_blend,2026-09-11T19:13:20+00:00,2026-09-11T19:13:40+00:00
2026,1,401872661,2026-09-13,13:00,00-0036292,Jaylon Johnson,CHI,CAR,DB,tackles,2.9,0.7,5.6,0.8972662035891464,0.7292927045052316,eligible,eligible_current_role,starter,Active,1.0,direct,20260908_1821_tackles_direct,2026-09-11T19:13:20+00:00,2026-09-11T19:13:40+00:00
2026,1,401872661,2026-09-13,13:00,00-0036305,Trevis Gipson,CAR,CHI,LB,tackles,1.3,0.0,3.8,0.6361850957911508,0.342720964127467,eligible,eligible_current_role,backup,,2.0,direct,20260908_1821_tackles_direct,2026-09-11T19:13:20+00:00,2026-09-11T19:13:40+00:00
2026,1,401872661,2026-09-13,13:00,00-0036337,James Lynch,CHI,CAR,DL,tackles,0.9,0.0,3.4,0.4868112813853824,0.21085435125761426,eligible,eligible_current_role,backup,,3.0,direct,20260908_1821_tackles_direct,2026-09-11T19:13:20+00:00,2026-09-11T19:13:40+00:00
2026,1,401872661,2026-09-13,13:00,00-0036366,Neville Gallimore,CHI,CAR,DL,tackles,1.3,0.0,3.8,0.6421826883413895,0.34874437114825735,eligible,eligible_current_role,backup,,2.0,direct,20260908_1821_tackles_direct,2026-09-11T19:13:20+00:00,2026-09-11T19:13:40+00:00
2026,1,401872661,2026-09-13,13:00,00-0036480,Dayo Odeyingbo,CHI,CAR,DL,tackles,2.0,0.0,4.8,0.8031384535846182,0.5434312813359777,eligible,eligible_current_role,starter,,1.0,direct,20260908_1821_tackles_direct,2026-09-11T19:13:20+00:00,2026-09-11T19:13:40+00:00
2026,1,401872661,2026-09-13,13:00,00-0036555,Chuba Hubbard,CAR,CHI,RB,rushing_yards,30.2,8.2,61.2,,,eligible,eligible_current_role,starter,Active,1.0,direct_component_blend,20260908_1821_rushing_yards_blend,2026-09-11T19:13:20+00:00,2026-09-11T19:13:40+00:00
2026,1,401872661,2026-09-13,13:00,00-0036555,Chuba Hubbard,CAR,CHI,RB,receiving_yards,12.9,-4.2,41.7,,,eligible,eligible_current_role,starter,Active,1.0,direct_component_blend,20260908_1821_receiving_yards_blend,2026-09-11T19:13:20+00:00,2026-09-11T19:13:40+00:00
2026,1,401872661,2026-09-13,13:00,00-0036825,Feleipe Franks,CAR,CHI,TE,rushing_yards,0.0,-10.8,15.0,,,eligible,eligible_current_role,backup,,5.0,direct_component_blend,20260908_1821_rushing_yards_blend,2026-09-11T19:13:20+00:00,2026-09-11T19:13:40+00:00
2026,1,401872661,2026-09-13,13:00,00-0036825,Feleipe Franks,CAR,CHI,TE,receiving_yards,2.0,-15.2,30.8,,,eligible,eligible_current_role,backup,,5.0,direct_component_blend,20260908_1821_receiving_yards_blend,2026-09-11T19:13:20+00:00,2026-09-11T19:13:40+00:00
2026,1,401872661,2026-09-13,13:00,00-0036903,Bobby Brown III,CAR,CHI,DL,tackles,2.1,0.2,4.6,0.8152779695678593,0.5638736409764668,eligible,eligible_current_role,starter,Active,1.0,direct,20260908_1821_tackles_direct,2026-09-11T19:13:20+00:00,2026-09-11T19:13:40+00:00
2026,1,401872661,2026-09-13,13:00,00-0036934,Jaelan Phillips,CAR,CHI,LB,tackles,3.2,0.2,7.2,0.9131515129103862,0.7730647112101641,eligible,eligible_current_role,starter,Active,1.0,direct,20260908_1821_tackles_direct,2026-09-11T19:13:20+00:00,2026-09-11T19:13:40+00:00
2026,1,401872661,2026-09-13,13:00,00-0036944,Jaycee Horn,CAR,CHI,DB,tackles,3.6,1.0,7.2,0.9389487947970396,0.8277363757388173,eligible,eligible_current_role,starter,,1.0,direct,20260908_1821_tackles_direct,2026-09-11T19:13:20+00:00,2026-09-11T19:13:40+00:00
2026,1,401872661,2026-09-13,13:00,00-0036962,Tre'von Moehrig,CAR,CHI,DB,tackles,5.0,2.3,8.5,0.9803854427285157,0.9308625167835258,eligible,eligible_current_role,starter,,1.0,direct,20260908_1821_tackles_direct,2026-09-11T19:13:20+00:00,2026-09-11T19:13:40+00:00
2026,1,401872661,2026-09-13,13:00,00-0037005,Tommy Tremble,CAR,CHI,TE,rushing_yards,0.0,-10.8,14.9,,,eligible,eligible_current_role,starter,,1.0,direct_component_blend,20260908_1821_rushing_yards_blend,2026-09-11T19:13:20+00:00,2026-09-11T19:13:40+00:00
2026,1,401872661,2026-09-13,13:00,00-0037005,Tommy Tremble,CAR,CHI,TE,receiving_yards,11.8,-5.3,40.6,,,eligible,eligible_current_role,starter,,1.0,direct_component_blend,20260908_1821_receiving_yards_blend,2026-09-11T19:13:20+00:00,2026-09-11T19:13:40+00:00
2026,1,401872661,2026-09-13,13:00,00-0037007,Patrick Jones II,CAR,CHI,LB,tackles,2.5,0.5,5.0,0.8645933685816003,0.6556591472395745,eligible,questionable_flag,starter,Questionable,1.0,direct,20260908_1821_tackles_direct,2026-09-11T19:13:20+00:00,2026-09-11T19:13:40+00:00
2026,1,401872661,2026-09-13,13:00,00-0037096,Elijah Hicks,CHI,CAR,DB,tackles,1.1,0.0,3.6,0.5649116749835366,0.27465734329037417,eligible,eligible_current_role,backup,Active,2.0,direct,20260908_1821_tackles_direct,2026-09-11T19:13:20+00:00,2026-09-11T19:13:40+00:00
2026,1,401872661,2026-09-13,13:00,00-0037109,Jack Sanborn,CHI,CAR,LB,tackles,1.1,0.0,3.5,0.5575834777370626,0.26780648143638863,eligible,eligible_current_role,backup,Active,2.0,direct,20260908_1821_tackles_direct,2026-09-11T19:13:20+00:00,2026-09-11T19:13:40+00:00
2026,1,401872661,2026-09-13,13:00,00-0037129,Josh Blackwell,CHI,CAR,DB,tackles,0.7,0.0,3.2,0.4018447209958269,0.12676144143084722,eligible,eligible_current_role,backup,,2.0,direct,20260908_1821_tackles_direct,2026-09-11T19:13:20+00:00,2026-09-11T19:13:40+00:00
2026,1,401872661,2026-09-13,13:00,00-0037271,D'Marco Jackson,CHI,CAR,LB,tackles,2.1,0.2,4.6,0.8142882037761221,0.562179566268796,eligible,eligible_current_role,starter,,1.0,direct,20260908_1821_tackles_direct,2026-09-11T19:13:20+00:00,2026-09-11T19:13:40+00:00
2026,1,401872661,2026-09-13,13:00,00-0037614,John Metchie III,CAR,CHI,WR,rushing_yards,0.0,-10.7,15.0,,,eligible,eligible_current_role,backup,Active,4.0,direct_component_blend,20260908_1821_rushing_yards_blend,2026-09-11T19:13:20+00:00,2026-09-11T19:13:40+00:00
2026,1,401872661,2026-09-13,13:00,00-0037614,John Metchie III,CAR,CHI,WR,receiving_yards,18.0,-8.7,67.1,,,eligible,eligible_current_role,backup,Active,4.0,direct_component_blend,20260908_1821_receiving_yards_blend,2026-09-11T19:13:20+00:00,2026-09-11T19:13:40+00:00
2026,1,401872661,2026-09-13,13:00,00-0037843,Daniel Hardy,CHI,CAR,DL,tackles,0.6,0.0,3.1,0.39088263821532493,0.11445198836081474,eligible,eligible_current_role,backup,,2.0,direct,20260908_1821_tackles_direct,2026-09-11T19:13:20+00:00,2026-09-11T19:13:40+00:00
2026,1,401872661,2026-09-13,13:00,00-0038101,Akayleb Evans,CAR,CHI,DB,tackles,0.8,0.0,3.3,0.4551783124695491,0.18883294125376593,eligible,eligible_current_role,backup,Active,2.0,direct,20260908_1821_tackles_direct,2026-09-11T19:13:20+00:00,2026-09-11T19:13:40+00:00
2026,1,401872661,2026-09-13,13:00,00-0038102,Kenny Pickett,CAR,CHI,QB,rushing_yards,5.4,-5.3,20.5,,,eligible,eligible_current_role,backup,,2.0,direct_component_blend,20260908_1821_rushing_yards_blend,2026-09-11T19:13:20+00:00,2026-09-11T19:13:40+00:00
2026,1,401872661,2026-09-13,13:00,00-0038416,Tyson Bagent,CHI,CAR,QB,rushing_yards,3.8,-6.9,18.8,,,eligible,questionable_flag,backup,Questionable,2.0,direct_component_blend,20260908_1821_rushing_yards_blend,2026-09-11T19:13:20+00:00,2026-09-11T19:13:40+00:00
2026,1,401872661,2026-09-13,13:00,00-0038568,Clark Phillips III,CHI,CAR,DB,tackles,1.0,0.0,3.7,0.5347914346423883,0.24782489291241594,eligible,eligible_current_role,backup,,2.0,direct,20260908_1821_tackles_direct,2026-09-11T19:13:20+00:00,2026-09-11T19:13:40+00:00
2026,1,401872661,2026-09-13,13:00,00-0038791,Thomas Incoom,CAR,CHI,LB,tackles,0.8,0.0,3.3,0.4470870979838777,0.18348123357318083,eligible,eligible_current_role,backup,,3.0,direct,20260908_1821_tackles_direct,2026-09-11T19:13:20+00:00,2026-09-11T19:13:40+00:00
2026,1,401872661,2026-09-13,13:00,00-0038840,Brycen Tremayne,CAR,CHI,WR,rushing_yards,0.0,-10.8,15.0,,,eligible,eligible_current_role,backup,,6.0,direct_component_blend,20260908_1821_rushing_yards_blend,2026-09-11T19:13:20+00:00,2026-09-11T19:13:40+00:00
2026,1,401872661,2026-09-13,13:00,00-0038840,Brycen Tremayne,CAR,CHI,WR,receiving_yards,3.8,-13.4,32.6,,,eligible,eligible_current_role,backup,,6.0,direct_component_blend,20260908_1821_receiving_yards_blend,2026-09-11T19:13:20+00:00,2026-09-11T19:13:40+00:00
2026,1,401872661,2026-09-13,13:00,00-0039021,Roschon Johnson,CHI,CAR,RB,rushing_yards,2.9,-7.8,18.0,,,eligible,eligible_current_role,backup,Active,3.0,direct_component_blend,20260908_1821_rushing_yards_blend,2026-09-11T19:13:20+00:00,2026-09-11T19:13:40+00:00
2026,1,401872661,2026-09-13,13:00,00-0039021,Roschon Johnson,CHI,CAR,RB,receiving_yards,1.3,-15.9,30.1,,,eligible,eligible_current_role,backup,Active,3.0,direct_component_blend,20260908_1821_receiving_yards_blend,2026-09-11T19:13:20+00:00,2026-09-11T19:13:40+00:00
2026,1,401872661,2026-09-13,13:00,00-0039071,Tyrique Stevenson,CHI,CAR,DB,tackles,3.7,1.7,6.1,0.9402571874061104,0.8301944853903263,eligible,eligible_current_role,starter,Active,1.0,direct,20260908_1821_tackles_direct,2026-09-11T19:13:20+00:00,2026-09-11T19:13:40+00:00
2026,1,401872661,2026-09-13,13:00,00-0039150,Bryce Young,CAR,CHI,QB,passing_yards,198.9,105.4,305.1,,,eligible,eligible_current_role,starter,Active,1.0,direct_component_blend,20260908_1821_passing_yards_blend,2026-09-11T19:13:20+00:00,2026-09-11T19:13:40+00:00
2026,1,401872661,2026-09-13,13:00,00-0039150,Bryce Young,CAR,CHI,QB,passing_tds,1.188,,,0.6547619047619048,0.39285714285714285,eligible,eligible_current_role,starter,Active,1.0,direct_component_blend,20260908_1821_passing_tds_blend,2026-09-11T19:13:20+00:00,2026-09-11T19:13:40+00:00
2026,1,401872661,2026-09-13,13:00,00-0039150,Bryce Young,CAR,CHI,QB,rushing_yards,15.7,2.9,33.6,,,eligible,eligible_current_role,starter,Active,1.0,direct_component_blend,20260908_1821_rushing_yards_blend,2026-09-11T19:13:20+00:00,2026-09-11T19:13:40+00:00
2026,1,401872661,2026-09-13,13:00,00-0039342,Xavier Legette,CAR,CHI,WR,rushing_yards,0.0,-10.8,15.0,,,eligible,eligible_current_role,backup,Active,3.0,direct_component_blend,20260908_1821_rushing_yards_blend,2026-09-11T19:13:20+00:00,2026-09-11T19:13:40+00:00
2026,1,401872661,2026-09-13,13:00,00-0039342,Xavier Legette,CAR,CHI,WR,receiving_yards,15.8,-1.4,44.6,,,eligible,eligible_current_role,backup,Active,3.0,direct_component_blend,20260908_1821_receiving_yards_blend,2026-09-11T19:13:20+00:00,2026-09-11T19:13:40+00:00
2026,1,401872661,2026-09-13,13:00,00-0039344,Jonathon Brooks,CAR,CHI,RB,rushing_yards,6.3,-17.9,40.4,,,eligible,questionable_flag,backup,Questionable,2.0,direct_component_blend,20260908_1821_rushing_yards_blend,2026-09-11T19:13:20+00:00,2026-09-11T19:13:40+00:00
2026,1,401872661,2026-09-13,13:00,00-0039344,Jonathon Brooks,CAR,CHI,RB,receiving_yards,2.0,-16.6,34.0,,,eligible,questionable_flag,backup,Questionable,2.0,direct_component_blend,20260908_1821_receiving_yards_blend,2026-09-11T19:13:20+00:00,2026-09-11T19:13:40+00:00
2026,1,401872661,2026-09-13,13:00,00-0039356,Ja'Tavion Sanders,CAR,CHI,TE,rushing_yards,0.0,-10.8,14.9,,,eligible,eligible_current_role,backup,,4.0,direct_component_blend,20260908_1821_rushing_yards_blend,2026-09-11T19:13:20+00:00,2026-09-11T19:13:40+00:00
2026,1,401872661,2026-09-13,13:00,00-0039356,Ja'Tavion Sanders,CAR,CHI,TE,receiving_yards,4.2,-12.9,33.0,,,eligible,eligible_current_role,backup,,4.0,direct_component_blend,20260908_1821_receiving_yards_blend,2026-09-11T19:13:20+00:00,2026-09-11T19:13:40+00:00
2026,1,401872661,2026-09-13,13:00,00-0039380,Chau Smith-Wade,CAR,CHI,DB,tackles,4.0,1.3,7.5,0.9530410915050548,0.8560594748268094,eligible,eligible_current_role,starter,,1.0,direct,20260908_1821_tackles_direct,2026-09-11T19:13:20+00:00,2026-09-11T19:13:40+00:00
2026,1,401872661,2026-09-13,13:00,00-0039461,Jamree Kromah,CHI,CAR,DL,tackles,0.9,0.0,4.4,0.5084101510742398,0.22694248278713952,eligible,eligible_current_role,backup,,3.0,direct,20260908_1821_tackles_direct,2026-09-11T19:13:20+00:00,2026-09-11T19:13:40+00:00
2026,1,401872661,2026-09-13,13:00,00-0039491,Jalen Coker,CAR,CHI,WR,rushing_yards,0.0,-10.8,15.0,,,eligible,eligible_current_role,backup,Active,2.0,direct_component_blend,20260908_1821_rushing_yards_blend,2026-09-11T19:13:20+00:00,2026-09-11T19:13:40+00:00
2026,1,401872661,2026-09-13,13:00,00-0039491,Jalen Coker,CAR,CHI,WR,receiving_yards,28.9,11.7,57.7,,,eligible,eligible_current_role,backup,Active,2.0,direct_component_blend,20260908_1821_receiving_yards_blend,2026-09-11T19:13:20+00:00,2026-09-11T19:13:40+00:00
2026,1,401872661,2026-09-13,13:00,00-0039840,Austin Booker,CHI,CAR,DL,tackles,2.4,0.3,5.1,0.8526179702716892,0.6318929698214307,eligible,eligible_current_role,backup,Active,2.0,direct,20260908_1821_tackles_direct,2026-09-11T19:13:20+00:00,2026-09-11T19:13:40+00:00
2026,1,401872661,2026-09-13,13:00,00-0039918,Caleb Williams,CHI,CAR,QB,passing_yards,227.1,133.6,333.3,,,eligible,eligible_current_role,starter,Active,1.0,direct_component_blend,20260908_1821_passing_yards_blend,2026-09-11T19:13:20+00:00,2026-09-11T19:13:40+00:00
2026,1,401872661,2026-09-13,13:00,00-0039918,Caleb Williams,CHI,CAR,QB,passing_tds,1.589,,,0.8125,0.5119047619047619,eligible,eligible_current_role,starter,Active,1.0,direct_component_blend,20260908_1821_passing_tds_blend,2026-09-11T19:13:20+00:00,2026-09-11T19:13:40+00:00
2026,1,401872661,2026-09-13,13:00,00-0039918,Caleb Williams,CHI,CAR,QB,rushing_yards,17.8,5.1,35.8,,,eligible,eligible_current_role,starter,Active,1.0,direct_component_blend,20260908_1821_rushing_yards_blend,2026-09-11T19:13:20+00:00,2026-09-11T19:13:40+00:00
2026,1,401872661,2026-09-13,13:00,00-0039919,Rome Odunze,CHI,CAR,WR,rushing_yards,0.0,-10.8,15.0,,,eligible,questionable_flag,starter,Questionable,1.0,direct_component_blend,20260908_1821_rushing_yards_blend,2026-09-11T19:13:20+00:00,2026-09-11T19:13:40+00:00
2026,1,401872661,2026-09-13,13:00,00-0039919,Rome Odunze,CHI,CAR,WR,receiving_yards,35.1,8.4,84.3,,,eligible,questionable_flag,starter,Questionable,1.0,direct_component_blend,20260908_1821_receiving_yards_blend,2026-09-11T19:13:20+00:00,2026-09-11T19:13:40+00:00
2026,1,401872661,2026-09-13,13:00,00-0040124,Tetairoa McMillan,CAR,CHI,WR,rushing_yards,0.0,-10.8,15.0,,,eligible,eligible_current_role,starter,Active,1.0,direct_component_blend,20260908_1821_rushing_yards_blend,2026-09-11T19:13:20+00:00,2026-09-11T19:13:40+00:00
2026,1,401872661,2026-09-13,13:00,00-0040124,Tetairoa McMillan,CAR,CHI,WR,receiving_yards,47.8,21.1,97.0,,,eligible,eligible_current_role,starter,Active,1.0,direct_component_blend,20260908_1821_receiving_yards_blend,2026-09-11T19:13:20+00:00,2026-09-11T19:13:40+00:00
2026,1,401872661,2026-09-13,13:00,00-0040126,Colston Loveland,CHI,CAR,TE,rushing_yards,0.1,-10.7,15.1,,,eligible,eligible_current_role,starter,Active,1.0,direct_component_blend,20260908_1821_rushing_yards_blend,2026-09-11T19:13:20+00:00,2026-09-11T19:13:40+00:00
2026,1,401872661,2026-09-13,13:00,00-0040126,Colston Loveland,CHI,CAR,TE,receiving_yards,38.5,18.8,72.7,,,eligible,eligible_current_role,starter,Active,1.0,direct_component_blend,20260908_1821_receiving_yards_blend,2026-09-11T19:13:20+00:00,2026-09-11T19:13:40+00:00
2026,1,401872661,2026-09-13,13:00,00-0040136,Princely Umanmielen,CAR,CHI,LB,tackles,1.4,0.0,3.9,0.6571838270695856,0.36411531265610647,eligible,eligible_current_role,backup,,2.0,direct,20260908_1821_tackles_direct,2026-09-11T19:13:20+00:00,2026-09-11T19:13:40+00:00
2026,1,401872661,2026-09-13,13:00,00-0040159,Lathan Ransom,CAR,CHI,DB,tackles,1.5,0.0,4.3,0.7218313885351113,0.4357470738407181,eligible,eligible_current_role,backup,,2.0,direct,20260908_1821_tackles_direct,2026-09-11T19:13:20+00:00,2026-09-11T19:13:40+00:00
2026,1,401872661,2026-09-13,13:00,00-0040174,Cam Jackson,CAR,CHI,DL,tackles,1.1,0.0,3.9,0.564889651492378,0.27463650496932324,eligible,eligible_current_role,backup,,2.0,direct,20260908_1821_tackles_direct,2026-09-11T19:13:20+00:00,2026-09-11T19:13:40+00:00
2026,1,401872661,2026-09-13,13:00,00-0040187,Mitchell Evans,CAR,CHI,TE,rushing_yards,0.1,-10.7,15.1,,,eligible,eligible_current_role,backup,,2.0,direct_component_blend,20260908_1821_rushing_yards_blend,2026-09-11T19:13:20+00:00,2026-09-11T19:13:40+00:00
2026,1,401872661,2026-09-13,13:00,00-0040187,Mitchell Evans,CAR,CHI,TE,receiving_yards,10.2,-6.9,39.0,,,eligible,eligible_current_role,backup,,2.0,direct_component_blend,20260908_1821_receiving_yards_blend,2026-09-11T19:13:20+00:00,2026-09-11T19:13:40+00:00
2026,1,401872661,2026-09-13,13:00,00-0040218,Jimmy Horn Jr.,CAR,CHI,WR,rushing_yards,1.4,-9.3,16.4,,,eligible,eligible_current_role,backup,Active,5.0,direct_component_blend,20260908_1821_rushing_yards_blend,2026-09-11T19:13:20+00:00,2026-09-11T19:13:40+00:00
2026,1,401872661,2026-09-13,13:00,00-0040218,Jimmy Horn Jr.,CAR,CHI,WR,receiving_yards,9.8,-7.4,38.6,,,eligible,eligible_current_role,backup,Active,5.0,direct_component_blend,20260908_1821_receiving_yards_blend,2026-09-11T19:13:20+00:00,2026-09-11T19:13:40+00:00
2026,1,401872661,2026-09-13,13:00,00-0040236,Kyle Monangai,CHI,CAR,RB,rushing_yards,33.5,11.5,64.4,,,eligible,eligible_current_role,backup,Active,2.0,direct_component_blend,20260908_1821_rushing_yards_blend,2026-09-11T19:13:20+00:00,2026-09-11T19:13:40+00:00
2026,1,401872661,2026-09-13,13:00,00-0040236,Kyle Monangai,CHI,CAR,RB,receiving_yards,10.7,-6.5,39.5,,,eligible,eligible_current_role,backup,Active,2.0,direct_component_blend,20260908_1821_receiving_yards_blend,2026-09-11T19:13:20+00:00,2026-09-11T19:13:40+00:00
2026,1,401872661,2026-09-13,13:00,00-0040277,Jahdae Walker,CHI,CAR,WR,rushing_yards,0.0,-10.8,15.0,,,eligible,eligible_current_role,backup,,5.0,direct_component_blend,20260908_1821_rushing_yards_blend,2026-09-11T19:13:20+00:00,2026-09-11T19:13:40+00:00
2026,1,401872661,2026-09-13,13:00,00-0040277,Jahdae Walker,CHI,CAR,WR,receiving_yards,11.6,-5.5,40.4,,,eligible,eligible_current_role,backup,,5.0,direct_component_blend,20260908_1821_receiving_yards_blend,2026-09-11T19:13:20+00:00,2026-09-11T19:13:40+00:00
2026,1,401872661,2026-09-13,13:00,00-0040279,Ryan Fitzgerald,CAR,CHI,K,kicking_points,7.0,2.3,12.4,,,eligible,eligible_current_role,starter,,1.0,component,20260908_1821_kicking_points_component,2026-09-11T19:13:20+00:00,2026-09-11T19:13:40+00:00
2026,1,401872661,2026-09-13,13:00,00-0040458,TeRah Edwards,CAR,CHI,DL,tackles,1.0,0.0,4.5,0.5456359242033585,0.25698598346181795,eligible,eligible_current_role,backup,Active,2.0,direct,20260908_1821_tackles_direct,2026-09-11T19:13:20+00:00,2026-09-11T19:13:40+00:00
2026,1,401872661,2026-09-13,13:00,00-0040735,Luther Burden III,CHI,CAR,WR,rushing_yards,0.4,-10.3,15.5,,,eligible,eligible_current_role,backup,Active,2.0,direct_component_blend,20260908_1821_rushing_yards_blend,2026-09-11T19:13:20+00:00,2026-09-11T19:13:40+00:00
2026,1,401872661,2026-09-13,13:00,00-0040735,Luther Burden III,CHI,CAR,WR,receiving_yards,34.5,7.9,83.7,,,eligible,eligible_current_role,backup,Active,2.0,direct_component_blend,20260908_1821_receiving_yards_blend,2026-09-11T19:13:20+00:00,2026-09-11T19:13:40+00:00
2026,1,401872661,2026-09-13,13:00,00-0041051,Zavion Thomas,CHI,CAR,WR,rushing_yards,0.0,-14.8,20.6,,,eligible,eligible_current_role,backup,,4.0,direct_component_blend,20260908_1821_rushing_yards_blend,2026-09-11T19:13:20+00:00,2026-09-11T19:13:40+00:00
2026,1,401872661,2026-09-13,13:00,00-0041051,Zavion Thomas,CHI,CAR,WR,receiving_yards,7.3,-15.3,47.9,,,eligible,eligible_current_role,backup,,4.0,direct_component_blend,20260908_1821_receiving_yards_blend,2026-09-11T19:13:20+00:00,2026-09-11T19:13:40+00:00
2026,1,401872661,2026-09-13,13:00,00-0041060,Malik Muhammad,CHI,CAR,DB,tackles,2.0,0.0,5.9,0.7913638028959806,0.5242713376010061,eligible,eligible_current_role,backup,,2.0,direct,20260908_1821_tackles_direct,2026-09-11T19:13:20+00:00,2026-09-11T19:13:40+00:00
2026,1,401872661,2026-09-13,13:00,00-0041063,Will Lee III,CAR,CHI,DB,tackles,1.8,0.0,5.7,0.7695855431512985,0.4938475373198775,eligible,eligible_current_role,backup,,2.0,direct,20260908_1821_tackles_direct,2026-09-11T19:13:20+00:00,2026-09-11T19:13:40+00:00
2026,1,401872661,2026-09-13,13:00,00-0041076,Zakee Wheatley,CAR,CHI,DB,tackles,1.8,0.0,5.7,0.7695855431512985,0.4938475373198775,eligible,eligible_current_role,backup,,2.0,direct,20260908_1821_tackles_direct,2026-09-11T19:13:20+00:00,2026-09-11T19:13:40+00:00
2026,1,401872661,2026-09-13,13:00,00-0041085,Keyshaun Elliott,CHI,CAR,LB,tackles,1.6,0.0,5.0,0.7319990828779438,0.4478806779822071,eligible,eligible_current_role,backup,Active,2.0,direct,20260908_1821_tackles_direct,2026-09-11T19:13:20+00:00,2026-09-11T19:13:40+00:00
2026,1,401872661,2026-09-13,13:00,00-0041110,Jordan van den Berg,CHI,CAR,DL,tackles,1.1,0.0,4.6,0.5560141864127999,0.26636081784120186,eligible,eligible_current_role,backup,,2.0,direct,20260908_1821_tackles_direct,2026-09-11T19:13:20+00:00,2026-09-11T19:13:40+00:00
2026,1,401872661,2026-09-13,13:00,00-0041148,Aaron Hall,CAR,CHI,DL,tackles,1.1,0.0,4.6,0.5559121687513388,0.2662670956939132,eligible,eligible_current_role,backup,,2.0,direct,20260908_1821_tackles_direct,2026-09-11T19:13:20+00:00,2026-09-11T19:13:40+00:00
2026,1,401872661,2026-09-13,13:00,00-0041149,Haynes King,CAR,CHI,QB,rushing_yards,6.2,-11.4,30.8,,,eligible,eligible_current_role,backup,Active,3.0,direct_component_blend,20260908_1821_rushing_yards_blend,2026-09-11T19:13:20+00:00,2026-09-11T19:13:40+00:00
2026,1,401872661,2026-09-13,13:00,00-0041171,Jayden Loving,CHI,CAR,DL,tackles,1.0,0.0,4.5,0.5306041601322598,0.24441669154044804,eligible,eligible_current_role,backup,,3.0,direct,20260908_1821_tackles_direct,2026-09-11T19:13:20+00:00,2026-09-11T19:13:40+00:00
2026,1,401872661,2026-09-13,13:00,00-0041175,Skyler Thomas,CHI,CAR,DB,tackles,2.0,0.0,5.9,0.7913638028959806,0.5242713376010061,eligible,eligible_current_role,backup,,2.0,direct,20260908_1821_tackles_direct,2026-09-11T19:13:20+00:00,2026-09-11T19:13:40+00:00
2026,1,401872661,2026-09-13,13:00,00-0041265,Squirrel White,CHI,CAR,WR,rushing_yards,0.0,-14.8,20.6,,,eligible,eligible_current_role,roster_only,,,direct_component_blend,20260908_1821_rushing_yards_blend,2026-09-11T19:13:20+00:00,2026-09-11T19:13:40+00:00
2026,1,401872661,2026-09-13,13:00,00-0041265,Squirrel White,CHI,CAR,WR,receiving_yards,7.5,-15.2,48.1,,,eligible,eligible_current_role,roster_only,,,direct_component_blend,20260908_1821_receiving_yards_blend,2026-09-11T19:13:20+00:00,2026-09-11T19:13:40+00:00
2026,1,401872661,2026-09-13,13:00,00-0041478,Lee Hunter,CAR,CHI,DL,tackles,1.4,0.0,5.0,0.6831704136048148,0.39181770713416153,eligible,eligible_current_role,starter,,1.0,direct,20260908_1821_tackles_direct,2026-09-11T19:13:20+00:00,2026-09-11T19:13:40+00:00
2026,1,401872661,2026-09-13,13:00,00-0041538,Dillon Thieneman,CHI,CAR,DB,tackles,3.5,0.7,7.4,0.9322103085604275,0.8153759076726178,eligible,eligible_current_role,starter,,1.0,direct,20260908_1821_tackles_direct,2026-09-11T19:13:20+00:00,2026-09-11T19:13:40+00:00
2026,1,401872661,2026-09-13,13:00,00-0041558,Sam Roush,CHI,CAR,TE,rushing_yards,0.0,-14.8,20.6,,,eligible,eligible_current_role,backup,,3.0,direct_component_blend,20260908_1821_rushing_yards_blend,2026-09-11T19:13:20+00:00,2026-09-11T19:13:40+00:00
2026,1,401872661,2026-09-13,13:00,00-0041558,Sam Roush,CHI,CAR,TE,receiving_yards,6.5,-16.2,47.1,,,eligible,eligible_current_role,backup,,3.0,direct_component_blend,20260908_1821_receiving_yards_blend,2026-09-11T19:13:20+00:00,2026-09-11T19:13:40+00:00
2026,1,401872922,2026-09-13,13:00,00-0031595,Michael Burton,CLE,JAX,RB,rushing_yards,2.8,-7.9,17.8,,,eligible,eligible_current_role,starter,,1.0,direct_component_blend,20260908_1821_rushing_yards_blend,2026-09-11T19:13:20+00:00,2026-09-11T19:13:40+00:00
2026,1,401872922,2026-09-13,13:00,00-0031595,Michael Burton,CLE,JAX,RB,receiving_yards,3.6,-13.6,32.4,,,eligible,eligible_current_role,starter,,1.0,direct_component_blend,20260908_1821_receiving_yards_blend,2026-09-11T19:13:20+00:00,2026-09-11T19:13:40+00:00
2026,1,401872922,2026-09-13,13:00,00-0032104,Ameer Abdullah,JAX,CLE,RB,rushing_yards,7.2,-3.5,22.2,,,eligible,eligible_current_role,backup,Active,4.0,direct_component_blend,20260908_1821_rushing_yards_blend,2026-09-11T19:13:20+00:00,2026-09-11T19:13:40+00:00
2026,1,401872922,2026-09-13,13:00,00-0032104,Ameer Abdullah,JAX,CLE,RB,receiving_yards,4.0,-13.2,32.8,,,eligible,eligible_current_role,backup,Active,4.0,direct_component_blend,20260908_1821_receiving_yards_blend,2026-09-11T19:13:20+00:00,2026-09-11T19:13:40+00:00
2026,1,401872922,2026-09-13,13:00,00-0032164,Arik Armstead,JAX,CLE,DL,tackles,1.8,0.0,4.2,0.766475723086237,0.48995162680723275,eligible,eligible_current_role,starter,,1.0,direct,20260908_1821_tackles_direct,2026-09-11T19:13:20+00:00,2026-09-11T19:13:40+00:00
2026,1,401872922,2026-09-13,13:00,00-0033038,Eric Murray,JAX,CLE,DB,tackles,4.6,1.9,8.1,0.9743022873335284,0.9089581956276632,eligible,eligible_current_role,starter,,1.0,direct,20260908_1821_tackles_direct,2026-09-11T19:13:20+00:00,2026-09-11T19:13:40+00:00
2026,1,401872922,2026-09-13,13:00,00-0033131,Maliek Collins,CLE,JAX,DL,tackles,1.7,0.0,4.1,0.7545146611468349,0.47538316028962263,eligible,questionable_flag,starter,Questionable,1.0,direct,20260908_1821_tackles_direct,2026-09-11T19:13:20+00:00,2026-09-11T19:13:40+00:00
2026,1,401872922,2026-09-13,13:00,00-0033537,Deshaun Watson,CLE,JAX,QB,passing_yards,210.1,116.6,316.3,,,eligible,eligible_current_role,starter,Active,1.0,direct_component_blend,20260908_1821_passing_yards_blend,2026-09-11T19:13:20+00:00,2026-09-11T19:13:40+00:00
2026,1,401872922,2026-09-13,13:00,00-0033537,Deshaun Watson,CLE,JAX,QB,passing_tds,1.188,,,0.6547619047619048,0.39285714285714285,eligible,eligible_current_role,starter,Active,1.0,direct_component_blend,20260908_1821_passing_tds_blend,2026-09-11T19:13:20+00:00,2026-09-11T19:13:40+00:00
2026,1,401872922,2026-09-13,13:00,00-0033537,Deshaun Watson,CLE,JAX,QB,rushing_yards,16.2,3.4,34.1,,,eligible,eligible_current_role,starter,Active,1.0,direct_component_blend,20260908_1821_rushing_yards_blend,2026-09-11T19:13:20+00:00,2026-09-11T19:13:40+00:00
2026,1,401872922,2026-09-13,13:00,00-0033876,Derek Barnett,CLE,JAX,DL,tackles,1.1,0.0,3.6,0.5609676398737653,0.27094962286408897,eligible,eligible_current_role,backup,,2.0,direct,20260908_1821_tackles_direct,2026-09-11T19:13:20+00:00,2026-09-11T19:13:40+00:00
2026,1,401872922,2026-09-13,13:00,00-0033928,Jourdan Lewis,JAX,CLE,DB,tackles,3.7,1.5,6.4,0.9390663057663915,0.8279563347058763,eligible,eligible_current_role,starter,,1.0,direct,20260908_1821_tackles_direct,2026-09-11T19:13:20+00:00,2026-09-11T19:13:40+00:00
2026,1,401872922,2026-09-13,13:00,00-0034413,Foye Oluokun,JAX,CLE,LB,tackles,7.0,4.5,11.4,0.983495145631068,0.9631067961165048,eligible,eligible_current_role,starter,,1.0,direct,20260908_1821_tackles_direct,2026-09-11T19:13:20+00:00,2026-09-11T19:13:40+00:00
2026,1,401872922,2026-09-13,13:00,00-0034473,Dennis Gardeck,JAX,CLE,LB,tackles,2.3,0.4,4.8,0.8503569836161418,0.6275366498554067,eligible,eligible_current_role,starter,,1.0,direct,20260908_1821_tackles_direct,2026-09-11T19:13:20+00:00,2026-09-11T19:13:40+00:00
2026,1,401872922,2026-09-13,13:00,00-0034657,Matt Dickerson,JAX,CLE,DL,tackles,1.3,0.0,3.8,0.638900331551295,0.3454393831042312,eligible,eligible_current_role,backup,,2.0,direct,20260908_1821_tackles_direct,2026-09-11T19:13:20+00:00,2026-09-11T19:13:40+00:00
2026,1,401872922,2026-09-13,13:00,00-0034856,Denzel Ward,CLE,JAX,DB,tackles,3.4,0.8,6.9,0.9276437566443679,0.80726063799647,eligible,eligible_current_role,starter,,1.0,direct,20260908_1821_tackles_direct,2026-09-11T19:13:20+00:00,2026-09-11T19:13:40+00:00
2026,1,401872922,2026-09-13,13:00,00-0034960,Jakobi Meyers,JAX,CLE,WR,rushing_yards,0.7,-10.0,15.8,,,eligible,questionable_flag,backup,Questionable,3.0,direct_component_blend,20260908_1821_rushing_yards_blend,2026-09-11T19:13:20+00:00,2026-09-11T19:13:40+00:00
2026,1,401872922,2026-09-13,13:00,00-0034960,Jakobi Meyers,JAX,CLE,WR,receiving_yards,37.5,10.8,86.7,,,eligible,questionable_flag,backup,Questionable,3.0,direct_component_blend,20260908_1821_receiving_yards_blend,2026-09-11T19:13:20+00:00,2026-09-11T19:13:40+00:00
2026,1,401872922,2026-09-13,13:00,00-0035240,Jahlani Tavai,JAX,CLE,LB,tackles,3.2,1.2,5.6,0.913821033632796,0.7750102203717156,eligible,eligible_current_role,backup,,2.0,direct,20260908_1821_tackles_direct,2026-09-11T19:13:20+00:00,2026-09-11T19:13:40+00:00
2026,1,401872922,2026-09-13,13:00,00-0035642,Josh Hines-Allen,JAX,CLE,DL,tackles,2.7,0.6,5.5,0.8847982731229763,0.6987467884343308,eligible,eligible_current_role,starter,,1.0,direct,20260908_1821_tackles_direct,2026-09-11T19:13:20+00:00,2026-09-11T19:13:40+00:00
2026,1,401872922,2026-09-13,13:00,00-0035680,Quincy Williams,CLE,JAX,LB,tackles,6.6,3.6,10.6,0.983495145631068,0.9631067961165048,eligible,eligible_current_role,starter,,1.0,direct,20260908_1821_tackles_direct,2026-09-11T19:13:20+00:00,2026-09-11T19:13:40+00:00
2026,1,401872922,2026-09-13,13:00,00-0036262,DaVon Hamilton,JAX,CLE,DL,tackles,2.2,0.2,4.7,0.8242249210963247,0.5794171596642325,eligible,eligible_current_role,starter,,1.0,direct,20260908_1821_tackles_direct,2026-09-11T19:13:20+00:00,2026-09-11T19:13:40+00:00
2026,1,401872922,2026-09-13,13:00,00-0036282,Grant Delpit,CLE,JAX,DB,tackles,5.7,3.0,9.1,0.9824415174751332,0.9512850914213085,eligible,eligible_current_role,starter,,1.0,direct,20260908_1821_tackles_direct,2026-09-11T19:13:20+00:00,2026-09-11T19:13:40+00:00
2026,1,401872922,2026-09-13,13:00,00-0036287,Noah Igbinoghene,CLE,JAX,DB,tackles,2.2,0.1,5.0,0.829769480054214,0.5892644923204824,eligible,eligible_current_role,backup,,2.0,direct,20260908_1821_tackles_direct,2026-09-11T19:13:20+00:00,2026-09-11T19:13:40+00:00
2026,1,401872922,2026-09-13,13:00,00-0036306,Daniel Thomas,CLE,JAX,DB,tackles,1.5,0.0,4.2,0.690732488930788,0.40014658002482484,eligible,eligible_current_role,backup,,3.0,direct,20260908_1821_tackles_direct,2026-09-11T19:13:20+00:00,2026-09-11T19:13:40+00:00
2026,1,401872922,2026-09-13,13:00,00-0036407,Jerry Jeudy,CLE,JAX,WR,rushing_yards,0.0,-10.8,15.0,,,eligible,eligible_current_role,starter,Active,1.0,direct_component_blend,20260908_1821_rushing_yards_blend,2026-09-11T19:13:20+00:00,2026-09-11T19:13:40+00:00
2026,1,401872922,2026-09-13,13:00,00-0036407,Jerry Jeudy,CLE,JAX,WR,receiving_yards,39.8,13.2,89.0,,,eligible,eligible_current_role,starter,Active,1.0,direct_component_blend,20260908_1821_receiving_yards_blend,2026-09-11T19:13:20+00:00,2026-09-11T19:13:40+00:00
2026,1,401872922,2026-09-13,13:00,00-0036590,Quintin Morris,JAX,CLE,TE,rushing_yards,0.0,-10.8,15.0,,,eligible,eligible_current_role,backup,,3.0,direct_component_blend,20260908_1821_rushing_yards_blend,2026-09-11T19:13:20+00:00,2026-09-11T19:13:40+00:00
2026,1,401872922,2026-09-13,13:00,00-0036590,Quintin Morris,JAX,CLE,TE,receiving_yards,2.7,-14.5,31.5,,,eligible,eligible_current_role,backup,,3.0,direct_component_blend,20260908_1821_receiving_yards_blend,2026-09-11T19:13:20+00:00,2026-09-11T19:13:40+00:00
2026,1,401872922,2026-09-13,13:00,00-0036630,Tylan Wallace,CLE,JAX,WR,rushing_yards,0.0,-10.8,14.9,,,eligible,eligible_current_role,backup,,5.0,direct_component_blend,20260908_1821_rushing_yards_blend,2026-09-11T19:13:20+00:00,2026-09-11T19:13:40+00:00
2026,1,401872922,2026-09-13,13:00,00-0036630,Tylan Wallace,CLE,JAX,WR,receiving_yards,3.4,-13.8,32.2,,,eligible,eligible_current_role,backup,,5.0,direct_component_blend,20260908_1821_receiving_yards_blend,2026-09-11T19:13:20+00:00,2026-09-11T19:13:40+00:00
2026,1,401872922,2026-09-13,13:00,00-0036971,Trevor Lawrence,JAX,CLE,QB,passing_yards,227.6,134.1,333.8,,,eligible,eligible_current_role,starter,Active,1.0,direct_component_blend,20260908_1821_passing_yards_blend,2026-09-11T19:13:20+00:00,2026-09-11T19:13:40+00:00
2026,1,401872922,2026-09-13,13:00,00-0036971,Trevor Lawrence,JAX,CLE,QB,passing_tds,1.464,,,0.8049529834350585,0.46863171866658154,eligible,eligible_current_role,starter,Active,1.0,direct_component_blend,20260908_1821_passing_tds_blend,2026-09-11T19:13:20+00:00,2026-09-11T19:13:40+00:00
2026,1,401872922,2026-09-13,13:00,00-0036971,Trevor Lawrence,JAX,CLE,QB,rushing_yards,15.7,2.9,33.6,,,eligible,eligible_current_role,starter,Active,1.0,direct_component_blend,20260908_1821_rushing_yards_blend,2026-09-11T19:13:20+00:00,2026-09-11T19:13:40+00:00
2026,1,401872922,2026-09-13,13:00,00-0036974,Tyson Campbell,CLE,JAX,DB,tackles,5.0,2.3,8.5,0.9803543077983354,0.9305692066682306,eligible,eligible_current_role,starter,,1.0,direct,20260908_1821_tackles_direct,2026-09-11T19:13:20+00:00,2026-09-11T19:13:40+00:00
2026,1,401872922,2026-09-13,13:00,00-0037235,Travon Walker,JAX,CLE,DL,tackles,2.8,0.7,5.6,0.8952182643463499,0.7239465388035297,eligible,eligible_current_role,starter,,1.0,direct,20260908_1821_tackles_direct,2026-09-11T19:13:20+00:00,2026-09-11T19:13:40+00:00
2026,1,401872922,2026-09-13,13:00,00-0037313,Montaric Brown,JAX,CLE,DB,tackles,4.3,1.6,7.8,0.9667392190584656,0.8892105076902584,eligible,eligible_current_role,starter,,1.0,direct,20260908_1821_tackles_direct,2026-09-11T19:13:20+00:00,2026-09-11T19:13:40+00:00
2026,1,401872922,2026-09-13,13:00,00-0037665,Sam Williams,CLE,JAX,DL,tackles,1.2,0.0,3.7,0.5714994042157647,0.28095919991865126,eligible,eligible_current_role,backup,Active,2.0,direct,20260908_1821_tackles_direct,2026-09-11T19:13:20+00:00,2026-09-11T19:13:40+00:00
2026,1,401872922,2026-09-13,13:00,00-0038428,Andre Szmyt,CLE,JAX,K,kicking_points,6.5,1.8,12.0,,,eligible,eligible_current_role,starter,Active,1.0,component,20260908_1821_kicking_points_component,2026-09-11T19:13:20+00:00,2026-09-11T19:13:40+00:00
2026,1,401872922,2026-09-13,13:00,00-0038565,Mekhi Blackmon,CLE,JAX,DB,tackles,2.5,0.0,6.1,0.8703265989814157,0.667478698920143,eligible,eligible_current_role,backup,Active,2.0,direct,20260908_1821_tackles_direct,2026-09-11T19:13:20+00:00,2026-09-11T19:13:40+00:00
2026,1,401872922,2026-09-13,13:00,00-0038570,Ventrell Miller,JAX,CLE,LB,tackles,1.8,0.0,4.2,0.7669409442859332,0.4905315276857325,eligible,eligible_current_role,starter,,1.0,direct,20260908_1821_tackles_direct,2026-09-11T19:13:20+00:00,2026-09-11T19:13:40+00:00
2026,1,401872922,2026-09-13,13:00,00-0038574,Isaiah McGuire,CLE,JAX,DL,tackles,1.8,0.0,4.2,0.7673741834427519,0.4910724812262971,eligible,eligible_current_role,starter,,1.0,direct,20260908_1821_tackles_direct,2026-09-11T19:13:20+00:00,2026-09-11T19:13:40+00:00
2026,1,401872922,2026-09-13,13:00,00-0038596,Antonio Johnson,JAX,CLE,DB,tackles,4.0,1.8,6.7,0.9529240087036625,0.8557878997418235,eligible,eligible_current_role,starter,,1.0,direct,20260908_1821_tackles_direct,2026-09-11T19:13:20+00:00,2026-09-11T19:13:40+00:00
2026,1,401872922,2026-09-13,13:00,00-0038606,Parker Washington,JAX,CLE,WR,rushing_yards,0.3,-10.4,15.3,,,eligible,eligible_current_role,backup,Active,2.0,direct_component_blend,20260908_1821_rushing_yards_blend,2026-09-11T19:13:20+00:00,2026-09-11T19:13:40+00:00
2026,1,401872922,2026-09-13,13:00,00-0038606,Parker Washington,JAX,CLE,WR,receiving_yards,37.6,11.0,86.8,,,eligible,eligible_current_role,backup,Active,2.0,direct_component_blend,20260908_1821_receiving_yards_blend,2026-09-11T19:13:20+00:00,2026-09-11T19:13:40+00:00
2026,1,401872922,2026-09-13,13:00,00-0038611,Chris Rodriguez Jr.,JAX,CLE,RB,rushing_yards,29.8,7.8,60.7,,,eligible,eligible_current_role,backup,Active,2.0,direct_component_blend,20260908_1821_rushing_yards_blend,2026-09-11T19:13:20+00:00,2026-09-11T19:13:40+00:00
2026,1,401872922,2026-09-13,13:00,00-0038611,Chris Rodriguez Jr.,JAX,CLE,RB,receiving_yards,5.4,-11.8,34.2,,,eligible,eligible_current_role,backup,Active,2.0,direct_component_blend,20260908_1821_receiving_yards_blend,2026-09-11T19:13:20+00:00,2026-09-11T19:13:40+00:00
2026,1,401872922,2026-09-13,13:00,00-0038616,Christian Braswell,JAX,CLE,DB,tackles,1.1,0.0,3.6,0.5585047916872855,0.26865870627221866,eligible,eligible_current_role,backup,,2.0,direct,20260908_1821_tackles_direct,2026-09-11T19:13:20+00:00,2026-09-11T19:13:40+00:00
2026,1,401872922,2026-09-13,13:00,00-0038710,Blake Whiteheart,CLE,JAX,TE,rushing_yards,0.0,-10.8,14.9,,,eligible,eligible_current_role,backup,,2.0,direct_component_blend,20260908_1821_rushing_yards_blend,2026-09-11T19:13:20+00:00,2026-09-11T19:13:40+00:00
2026,1,401872922,2026-09-13,13:00,00-0038710,Blake Whiteheart,CLE,JAX,TE,receiving_yards,7.5,-9.7,36.3,,,eligible,eligible_current_role,backup,,2.0,direct_component_blend,20260908_1821_receiving_yards_blend,2026-09-11T19:13:20+00:00,2026-09-11T19:13:40+00:00
2026,1,401872922,2026-09-13,13:00,00-0038715,Ronnie Hickman Jr.,CLE,JAX,DB,tackles,5.3,2.6,8.8,0.981575120251395,0.9423969331268462,eligible,eligible_current_role,starter,,1.0,direct,20260908_1821_tackles_direct,2026-09-11T19:13:20+00:00,2026-09-11T19:13:40+00:00
2026,1,401872922,2026-09-13,13:00,00-0038935,Brenton Strange,JAX,CLE,TE,rushing_yards,0.0,-10.8,15.0,,,eligible,eligible_current_role,starter,Active,1.0,direct_component_blend,20260908_1821_rushing_yards_blend,2026-09-11T19:13:20+00:00,2026-09-11T19:13:40+00:00
2026,1,401872922,2026-09-13,13:00,00-0038935,Brenton Strange,JAX,CLE,TE,receiving_yards,26.5,6.9,60.8,,,eligible,eligible_current_role,starter,Active,1.0,direct_component_blend,20260908_1821_receiving_yards_blend,2026-09-11T19:13:20+00:00,2026-09-11T19:13:40+00:00
2026,1,401872922,2026-09-13,13:00,00-0039353,Jarrian Jones,JAX,CLE,DB,tackles,2.1,0.0,5.7,0.8136441743680859,0.5610799142217564,eligible,eligible_current_role,backup,,2.0,direct,20260908_1821_tackles_direct,2026-09-11T19:13:20+00:00,2026-09-11T19:13:40+00:00
2026,1,401872922,2026-09-13,13:00,00-0039409,Cam Little,JAX,CLE,K,kicking_points,7.3,2.8,12.6,,,eligible,eligible_current_role,starter,Active,1.0,component,20260908_1821_kicking_points_component,2026-09-11T19:13:20+00:00,2026-09-11T19:13:40+00:00
2026,1,401872922,2026-09-13,13:00,00-0039417,Myles Harden,CLE,JAX,DB,tackles,3.8,1.2,7.3,0.9469709486225368,0.843140963895105,eligible,eligible_current_role,starter,,1.0,direct,20260908_1821_tackles_direct,2026-09-11T19:13:20+00:00,2026-09-11T19:13:40+00:00
2026,1,401872922,2026-09-13,13:00,00-0039515,Winston Reid,CLE,JAX,LB,tackles,2.2,0.3,4.7,0.8352920307992483,0.5992433993599764,eligible,eligible_current_role,backup,,2.0,direct,20260908_1821_tackles_direct,2026-09-11T19:13:20+00:00,2026-09-11T19:13:40+00:00
2026,1,401872922,2026-09-13,13:00,00-0039534,Carter Bradley,JAX,CLE,QB,rushing_yards,7.2,-10.3,31.9,,,eligible,eligible_current_role,roster_only,,,direct_component_blend,20260908_1821_rushing_yards_blend,2026-09-11T19:13:20+00:00,2026-09-11T19:13:40+00:00
2026,1,401872922,2026-09-13,13:00,00-0039650,Bryce Oliver,CLE,JAX,WR,rushing_yards,0.0,-10.8,15.0,,,eligible,eligible_current_role,roster_only,,,direct_component_blend,20260908_1821_rushing_yards_blend,2026-09-11T19:13:20+00:00,2026-09-11T19:13:40+00:00
2026,1,401872922,2026-09-13,13:00,00-0039650,Bryce Oliver,CLE,JAX,WR,receiving_yards,5.2,-12.0,34.0,,,eligible,eligible_current_role,roster_only,,,direct_component_blend,20260908_1821_receiving_yards_blend,2026-09-11T19:13:20+00:00,2026-09-11T19:13:40+00:00
2026,1,401872922,2026-09-13,13:00,00-0039733,Ruke Orhorhoro,JAX,CLE,DL,tackles,1.1,0.0,3.6,0.566281507624765,0.2759564460495911,eligible,eligible_current_role,backup,,3.0,direct,20260908_1821_tackles_direct,2026-09-11T19:13:20+00:00,2026-09-11T19:13:40+00:00
2026,1,401872922,2026-09-13,13:00,00-0039852,Jared Verse,CLE,JAX,DL,tackles,3.0,0.8,5.7,0.9021601698088475,0.7423252711278404,eligible,eligible_current_role,starter,,1.0,direct,20260908_1821_tackles_direct,2026-09-11T19:13:20+00:00,2026-09-11T19:13:40+00:00
2026,1,401872922,2026-09-13,13:00,00-0039893,Brian Thomas Jr.,JAX,CLE,WR,rushing_yards,0.1,-10.6,15.1,,,eligible,eligible_current_role,starter,Active,1.0,direct_component_blend,20260908_1821_rushing_yards_blend,2026-09-11T19:13:20+00:00,2026-09-11T19:13:40+00:00
2026,1,401872922,2026-09-13,13:00,00-0039893,Brian Thomas Jr.,JAX,CLE,WR,receiving_yards,46.7,20.1,95.9,,,eligible,eligible_current_role,starter,Active,1.0,direct_component_blend,20260908_1821_receiving_yards_blend,2026-09-11T19:13:20+00:00,2026-09-11T19:13:40+00:00
2026,1,401872922,2026-09-13,13:00,00-0039895,Mike Hall Jr.,CLE,JAX,DL,tackles,1.1,0.0,3.6,0.5660215619949522,0.27570946994507495,eligible,eligible_current_role,backup,,2.0,direct,20260908_1821_tackles_direct,2026-09-11T19:13:20+00:00,2026-09-11T19:13:40+00:00
2026,1,401872922,2026-09-13,13:00,00-0039920,Malachi Corley,CLE,JAX,WR,rushing_yards,2.8,-7.9,17.8,,,eligible,eligible_current_role,backup,,6.0,direct_component_blend,20260908_1821_rushing_yards_blend,2026-09-11T19:13:20+00:00,2026-09-11T19:13:40+00:00
2026,1,401872922,2026-09-13,13:00,00-0039920,Malachi Corley,CLE,JAX,WR,receiving_yards,10.2,-7.0,39.0,,,eligible,eligible_current_role,backup,,6.0,direct_component_blend,20260908_1821_receiving_yards_blend,2026-09-11T19:13:20+00:00,2026-09-11T19:13:40+00:00
2026,1,401872922,2026-09-13,13:00,00-0040145,Caleb Ransaw,JAX,CLE,DB,tackles,1.3,0.0,5.3,0.6135896726574255,0.32063213029822735,eligible,eligible_current_role,backup,,2.0,direct,20260908_1821_tackles_direct,2026-09-11T19:13:20+00:00,2026-09-11T19:13:40+00:00
2026,1,401872922,2026-09-13,13:00,00-0040162,Dylan Sampson,CLE,JAX,RB,rushing_yards,14.4,-7.6,45.3,,,eligible,eligible_current_role,backup,Active,2.0,direct_component_blend,20260908_1821_rushing_yards_blend,2026-09-11T19:13:20+00:00,2026-09-11T19:13:40+00:00
2026,1,401872922,2026-09-13,13:00,00-0040162,Dylan Sampson,CLE,JAX,RB,receiving_yards,13.3,-3.9,42.1,,,eligible,eligible_current_role,backup,Active,2.0,direct_component_blend,20260908_1821_receiving_yards_blend,2026-09-11T19:13:20+00:00,2026-09-11T19:13:40+00:00
2026,1,401872922,2026-09-13,13:00,00-0040213,Rayuan Lane III,JAX,CLE,DB,tackles,0.8,0.0,3.3,0.44902730967134863,0.18475437793708338,eligible,eligible_current_role,backup,,2.0,direct,20260908_1821_tackles_direct,2026-09-11T19:13:20+00:00,2026-09-11T19:13:40+00:00
2026,1,401872922,2026-09-13,13:00,00-0040234,Quinn Ewers,JAX,CLE,QB,rushing_yards,5.1,-9.0,24.8,,,eligible,eligible_current_role,backup,Active,2.0,direct_component_blend,20260908_1821_rushing_yards_blend,2026-09-11T19:13:20+00:00,2026-09-11T19:13:40+00:00
2026,1,401872922,2026-09-13,13:00,00-0040238,LeQuint Allen Jr.,JAX,CLE,RB,rushing_yards,5.0,-17.0,35.9,,,eligible,questionable_flag,backup,Questionable,3.0,direct_component_blend,20260908_1821_rushing_yards_blend,2026-09-11T19:13:20+00:00,2026-09-11T19:13:40+00:00
2026,1,401872922,2026-09-13,13:00,00-0040238,LeQuint Allen Jr.,JAX,CLE,RB,receiving_yards,2.3,-14.8,31.2,,,eligible,questionable_flag,backup,Questionable,3.0,direct_component_blend,20260908_1821_receiving_yards_blend,2026-09-11T19:13:20+00:00,2026-09-11T19:13:40+00:00
2026,1,401872922,2026-09-13,13:00,00-0040255,Adin Huntington,CLE,JAX,DL,tackles,1.1,0.0,3.6,0.5587997444960093,0.2689320882948068,eligible,eligible_current_role,backup,,2.0,direct,20260908_1821_tackles_direct,2026-09-11T19:13:20+00:00,2026-09-11T19:13:40+00:00
2026,1,401872922,2026-09-13,13:00,00-0040261,Easton Mascarenas-Arnold,CLE,JAX,LB,tackles,2.1,0.2,4.6,0.8153894951451449,0.5640648391780025,eligible,eligible_current_role,starter,,1.0,direct,20260908_1821_tackles_direct,2026-09-11T19:13:20+00:00,2026-09-11T19:13:40+00:00
2026,1,401872922,2026-09-13,13:00,00-0040263,Donovan McMillon,CLE,JAX,DB,tackles,0.8,0.0,3.3,0.4515351466075658,0.18640945848846277,eligible,eligible_current_role,backup,,2.0,direct,20260908_1821_tackles_direct,2026-09-11T19:13:20+00:00,2026-09-11T19:13:40+00:00
2026,1,401872922,2026-09-13,13:00,00-0040326,Branson Combs,JAX,CLE,LB,tackles,0.7,0.0,3.2,0.42440087704096596,0.15459926637647886,eligible,eligible_current_role,backup,,2.0,direct,20260908_1821_tackles_direct,2026-09-11T19:13:20+00:00,2026-09-11T19:13:40+00:00
2026,1,401872922,2026-09-13,13:00,00-0040329,BJ Green II,JAX,CLE,DL,tackles,1.0,0.0,3.5,0.5534139854395106,0.2639818556724069,eligible,eligible_current_role,backup,,2.0,direct,20260908_1821_tackles_direct,2026-09-11T19:13:20+00:00,2026-09-11T19:13:40+00:00
2026,1,401872922,2026-09-13,13:00,00-0040342,Danny Striggow,JAX,CLE,DL,tackles,0.7,0.0,3.2,0.41635648424389476,0.1443621046564307,eligible,eligible_current_role,backup,,2.0,direct,20260908_1821_tackles_direct,2026-09-11T19:13:20+00:00,2026-09-11T19:13:40+00:00
2026,1,401872922,2026-09-13,13:00,00-0040466,Raheim Sanders,CLE,JAX,RB,rushing_yards,14.3,-10.0,48.3,,,eligible,eligible_current_role,backup,,3.0,direct_component_blend,20260908_1821_rushing_yards_blend,2026-09-11T19:13:20+00:00,2026-09-11T19:13:40+00:00
2026,1,401872922,2026-09-13,13:00,00-0040466,Raheim Sanders,CLE,JAX,RB,receiving_yards,4.4,-14.2,36.4,,,eligible,eligible_current_role,backup,,3.0,direct_component_blend,20260908_1821_receiving_yards_blend,2026-09-11T19:13:20+00:00,2026-09-11T19:13:40+00:00
2026,1,401872922,2026-09-13,13:00,00-0040579,Carson Schwesinger,CLE,JAX,LB,tackles,7.8,5.9,12.9,0.983495145631068,0.9631067961165048,eligible,eligible_current_role,starter,Active,1.0,direct,20260908_1821_tackles_direct,2026-09-11T19:13:20+00:00,2026-09-11T19:13:40+00:00
2026,1,401872922,2026-09-13,13:00,00-0040663,Harold Fannin Jr.,CLE,JAX,TE,rushing_yards,0.5,-10.2,15.6,,,eligible,eligible_current_role,starter,Active,1.0,direct_component_blend,20260908_1821_rushing_yards_blend,2026-09-11T19:13:20+00:00,2026-09-11T19:13:40+00:00
2026,1,401872922,2026-09-13,13:00,00-0040663,Harold Fannin Jr.,CLE,JAX,TE,receiving_yards,42.5,22.8,76.7,,,eligible,eligible_current_role,starter,Active,1.0,direct_component_blend,20260908_1821_receiving_yards_blend,2026-09-11T19:13:20+00:00,2026-09-11T19:13:40+00:00
2026,1,401872922,2026-09-13,13:00,00-0040668,Shedeur Sanders,CLE,JAX,QB,rushing_yards,11.7,-1.1,29.7,,,eligible,eligible_current_role,backup,Active,2.0,direct_component_blend,20260908_1821_rushing_yards_blend,2026-09-11T19:13:20+00:00,2026-09-11T19:13:40+00:00
2026,1,401872922,2026-09-13,13:00,00-0040685,Mason Graham,CLE,JAX,DL,tackles,2.7,0.6,5.5,0.8868423484569632,0.7033445617922642,eligible,eligible_current_role,starter,,1.0,direct,20260908_1821_tackles_direct,2026-09-11T19:13:20+00:00,2026-09-11T19:13:40+00:00
2026,1,401872922,2026-09-13,13:00,00-0040718,Travis Hunter,JAX,CLE,WR,rushing_yards,0.1,-10.6,15.2,,,eligible,eligible_current_role,starter,Active,1.0,direct_component_blend,20260908_1821_rushing_yards_blend,2026-09-11T19:13:20+00:00,2026-09-11T19:13:40+00:00
2026,1,401872922,2026-09-13,13:00,00-0040718,Travis Hunter,JAX,CLE,WR,receiving_yards,34.4,7.8,83.6,,,eligible,eligible_current_role,starter,Active,1.0,direct_component_blend,20260908_1821_receiving_yards_blend,2026-09-11T19:13:20+00:00,2026-09-11T19:13:40+00:00
2026,1,401872922,2026-09-13,13:00,00-0040719,Bhayshul Tuten,JAX,CLE,RB,rushing_yards,15.6,-6.4,46.6,,,eligible,eligible_current_role,starter,Active,1.0,direct_component_blend,20260908_1821_rushing_yards_blend,2026-09-11T19:13:20+00:00,2026-09-11T19:13:40+00:00
2026,1,401872922,2026-09-13,13:00,00-0040719,Bhayshul Tuten,JAX,CLE,RB,receiving_yards,3.8,-13.4,32.6,,,eligible,eligible_current_role,starter,Active,1.0,direct_component_blend,20260908_1821_receiving_yards_blend,2026-09-11T19:13:20+00:00,2026-09-11T19:13:40+00:00
2026,1,401872922,2026-09-13,13:00,00-0040782,Isaiah Bond,CLE,JAX,WR,rushing_yards,0.1,-10.6,15.2,,,eligible,eligible_current_role,backup,Active,4.0,direct_component_blend,20260908_1821_rushing_yards_blend,2026-09-11T19:13:20+00:00,2026-09-11T19:13:40+00:00
2026,1,401872922,2026-09-13,13:00,00-0040782,Isaiah Bond,CLE,JAX,WR,receiving_yards,10.8,-6.4,39.6,,,eligible,eligible_current_role,backup,Active,4.0,direct_component_blend,20260908_1821_receiving_yards_blend,2026-09-11T19:13:20+00:00,2026-09-11T19:13:40+00:00
2026,1,401872922,2026-09-13,13:00,00-0040784,Quinshon Judkins,CLE,JAX,RB,rushing_yards,33.8,11.8,64.7,,,eligible,eligible_current_role,starter,Active,1.0,direct_component_blend,20260908_1821_rushing_yards_blend,2026-09-11T19:13:20+00:00,2026-09-11T19:13:40+00:00
2026,1,401872922,2026-09-13,13:00,00-0040784,Quinshon Judkins,CLE,JAX,RB,receiving_yards,12.8,-4.4,41.6,,,eligible,eligible_current_role,starter,Active,1.0,direct_component_blend,20260908_1821_receiving_yards_blend,2026-09-11T19:13:20+00:00,2026-09-11T19:13:40+00:00
2026,1,401872922,2026-09-13,13:00,00-0041037,Denzel Boston,CLE,JAX,WR,rushing_yards,0.0,-14.8,20.6,,,eligible,eligible_current_role,backup,Active,3.0,direct_component_blend,20260908_1821_rushing_yards_blend,2026-09-11T19:13:20+00:00,2026-09-11T19:13:40+00:00
2026,1,401872922,2026-09-13,13:00,00-0041037,Denzel Boston,CLE,JAX,WR,receiving_yards,6.1,-16.5,46.7,,,eligible,eligible_current_role,backup,Active,3.0,direct_component_blend,20260908_1821_receiving_yards_blend,2026-09-11T19:13:20+00:00,2026-09-11T19:13:40+00:00
2026,1,401872922,2026-09-13,13:00,00-0041045,Albert Regis,JAX,CLE,DL,tackles,1.1,0.0,4.6,0.5554609818725322,0.2658529745032553,eligible,eligible_current_role,backup,,2.0,direct,20260908_1821_tackles_direct,2026-09-11T19:13:20+00:00,2026-09-11T19:13:40+00:00
2026,1,401872922,2026-09-13,13:00,00-0041055,Jalen Huskey,JAX,CLE,DB,tackles,1.4,0.0,5.3,0.666627536693229,0.3740214353732907,eligible,eligible_current_role,backup,,3.0,direct,20260908_1821_tackles_direct,2026-09-11T19:13:20+00:00,2026-09-11T19:13:40+00:00
2026,1,401872922,2026-09-13,13:00,00-0041059,Wesley Williams,JAX,CLE,DL,tackles,1.0,0.0,4.5,0.5315508919187382,0.24518412310807114,eligible,eligible_current_role,backup,,3.0,direct,20260908_1821_tackles_direct,2026-09-11T19:13:20+00:00,2026-09-11T19:13:40+00:00
2026,1,401872922,2026-09-13,13:00,00-0041075,Justin Jefferson,CLE,JAX,LB,tackles,1.5,0.0,5.0,0.7037193668845917,0.414744227711493,eligible,eligible_current_role,backup,,2.0,direct,20260908_1821_tackles_direct,2026-09-11T19:13:20+00:00,2026-09-11T19:13:40+00:00
2026,1,401872922,2026-09-13,13:00,00-0041084,Tanner Koziol,JAX,CLE,TE,rushing_yards,0.0,-14.8,20.6,,,eligible,eligible_current_role,backup,Active,4.0,direct_component_blend,20260908_1821_rushing_yards_blend,2026-09-11T19:13:20+00:00,2026-09-11T19:13:40+00:00
2026,1,401872922,2026-09-13,13:00,00-0041084,Tanner Koziol,JAX,CLE,TE,receiving_yards,5.8,-16.8,46.4,,,eligible,eligible_current_role,backup,Active,4.0,direct_component_blend,20260908_1821_receiving_yards_blend,2026-09-11T19:13:20+00:00,2026-09-11T19:13:40+00:00
2026,1,401872922,2026-09-13,13:00,00-0041092,Taylen Green,CLE,JAX,QB,rushing_yards,6.1,-11.4,30.8,,,eligible,eligible_current_role,backup,Active,3.0,direct_component_blend,20260908_1821_rushing_yards_blend,2026-09-11T19:13:20+00:00,2026-09-11T19:13:40+00:00
2026,1,401872922,2026-09-13,13:00,00-0041100,Josh Cameron,JAX,CLE,WR,rushing_yards,0.0,-14.8,20.7,,,eligible,eligible_current_role,backup,Active,5.0,direct_component_blend,20260908_1821_rushing_yards_blend,2026-09-11T19:13:20+00:00,2026-09-11T19:13:40+00:00
2026,1,401872922,2026-09-13,13:00,00-0041100,Josh Cameron,JAX,CLE,WR,receiving_yards,6.0,-16.6,46.6,,,eligible,eligible_current_role,backup,Active,5.0,direct_component_blend,20260908_1821_receiving_yards_blend,2026-09-11T19:13:20+00:00,2026-09-11T19:13:40+00:00
2026,1,401872922,2026-09-13,13:00,00-0041106,C.J. Williams,JAX,CLE,WR,rushing_yards,0.0,-14.8,20.7,,,eligible,eligible_current_role,backup,Active,6.0,direct_component_blend,20260908_1821_rushing_yards_blend,2026-09-11T19:13:20+00:00,2026-09-11T19:13:40+00:00
2026,1,401872922,2026-09-13,13:00,00-0041106,C.J. Williams,JAX,CLE,WR,receiving_yards,6.0,-16.6,46.6,,,eligible,eligible_current_role,backup,Active,6.0,direct_component_blend,20260908_1821_receiving_yards_blend,2026-09-11T19:13:20+00:00,2026-09-11T19:13:40+00:00
2026,1,401872922,2026-09-13,13:00,00-0041115,Toriano Pride Jr.,CLE,JAX,DB,tackles,1.8,0.0,5.7,0.7707961268091787,0.4953766389365312,eligible,eligible_current_role,backup,,2.0,direct,20260908_1821_tackles_direct,2026-09-11T19:13:20+00:00,2026-09-11T19:13:40+00:00
2026,1,401872922,2026-09-13,13:00,00-0041131,Carsen Ryan,CLE,JAX,TE,rushing_yards,0.0,-14.8,20.6,,,eligible,eligible_current_role,backup,Active,3.0,direct_component_blend,20260908_1821_rushing_yards_blend,2026-09-11T19:13:20+00:00,2026-09-11T19:13:40+00:00
2026,1,401872922,2026-09-13,13:00,00-0041131,Carsen Ryan,CLE,JAX,TE,receiving_yards,6.4,-16.2,47.0,,,eligible,eligible_current_role,backup,Active,3.0,direct_component_blend,20260908_1821_receiving_yards_blend,2026-09-11T19:13:20+00:00,2026-09-11T19:13:40+00:00
2026,1,401872922,2026-09-13,13:00,00-0041206,Alex Bullock,JAX,CLE,WR,rushing_yards,0.0,-14.8,20.7,,,eligible,eligible_current_role,roster_only,,,direct_component_blend,20260908_1821_rushing_yards_blend,2026-09-11T19:13:20+00:00,2026-09-11T19:13:40+00:00
2026,1,401872922,2026-09-13,13:00,00-0041206,Alex Bullock,JAX,CLE,WR,receiving_yards,6.2,-16.5,46.7,,,eligible,eligible_current_role,roster_only,,,direct_component_blend,20260908_1821_receiving_yards_blend,2026-09-11T19:13:20+00:00,2026-09-11T19:13:40+00:00
2026,1,401872922,2026-09-13,13:00,00-0041218,Bryan Thomas Jr.,JAX,CLE,DL,tackles,1.0,0.0,4.5,0.5315508919187382,0.24518412310807114,eligible,eligible_current_role,backup,,3.0,direct,20260908_1821_tackles_direct,2026-09-11T19:13:20+00:00,2026-09-11T19:13:40+00:00
2026,1,401872922,2026-09-13,13:00,00-0041471,Emmanuel McNeil-Warren,CLE,JAX,DB,tackles,1.8,0.0,5.7,0.7707961268091787,0.4953766389365312,eligible,eligible_current_role,backup,,2.0,direct,20260908_1821_tackles_direct,2026-09-11T19:13:20+00:00,2026-09-11T19:13:40+00:00
2026,1,401872922,2026-09-13,13:00,00-0041503,Nate Boerkircher,JAX,CLE,TE,rushing_yards,0.0,-14.8,20.6,,,eligible,eligible_current_role,backup,Active,2.0,direct_component_blend,20260908_1821_rushing_yards_blend,2026-09-11T19:13:20+00:00,2026-09-11T19:13:40+00:00
2026,1,401872922,2026-09-13,13:00,00-0041503,Nate Boerkircher,JAX,CLE,TE,receiving_yards,8.0,-14.6,48.6,,,eligible,eligible_current_role,backup,Active,2.0,direct_component_blend,20260908_1821_receiving_yards_blend,2026-09-11T19:13:20+00:00,2026-09-11T19:13:40+00:00
2026,1,401872922,2026-09-13,13:00,00-0041547,KC Concepcion,CLE,JAX,WR,rushing_yards,0.0,-14.8,20.6,,,eligible,eligible_current_role,backup,Active,2.0,direct_component_blend,20260908_1821_rushing_yards_blend,2026-09-11T19:13:20+00:00,2026-09-11T19:13:40+00:00
2026,1,401872922,2026-09-13,13:00,00-0041547,KC Concepcion,CLE,JAX,WR,receiving_yards,9.0,-13.7,49.5,,,eligible,eligible_current_role,backup,Active,2.0,direct_component_blend,20260908_1821_receiving_yards_blend,2026-09-11T19:13:20+00:00,2026-09-11T19:13:40+00:00
2026,1,401872923,2026-09-13,13:00,00-0031237,Teddy Bridgewater,DET,NO,QB,rushing_yards,4.7,-6.0,19.8,,,eligible,eligible_current_role,roster_only,,,direct_component_blend,20260908_1821_rushing_yards_blend,2026-09-11T19:13:20+00:00,2026-09-11T19:13:40+00:00
2026,1,401872923,2026-09-13,13:00,00-0033106,Jared Goff,DET,NO,QB,passing_yards,232.8,139.3,339.0,,,eligible,eligible_current_role,starter,Active,1.0,direct_component_blend,20260908_1821_passing_yards_blend,2026-09-11T19:13:20+00:00,2026-09-11T19:13:40+00:00
2026,1,401872923,2026-09-13,13:00,00-0033106,Jared Goff,DET,NO,QB,passing_tds,1.606,,,0.8125,0.5119047619047619,eligible,eligible_current_role,starter,Active,1.0,direct_component_blend,20260908_1821_passing_tds_blend,2026-09-11T19:13:20+00:00,2026-09-11T19:13:40+00:00
2026,1,401872923,2026-09-13,13:00,00-0033106,Jared Goff,DET,NO,QB,rushing_yards,2.6,-8.1,17.6,,,eligible,eligible_current_role,starter,Active,1.0,direct_component_blend,20260908_1821_rushing_yards_blend,2026-09-11T19:13:20+00:00,2026-09-11T19:13:40+00:00
2026,1,401872923,2026-09-13,13:00,00-0033294,Chuck Clark,DET,NO,DB,tackles,3.8,1.6,6.5,0.9463264226848093,0.8418723568437024,eligible,eligible_current_role,starter,,1.0,direct,20260908_1821_tackles_direct,2026-09-11T19:13:20+00:00,2026-09-11T19:13:40+00:00
2026,1,401872923,2026-09-13,13:00,00-0033860,Davon Godchaux,NO,DET,DL,tackles,2.8,0.9,5.3,0.8928866306235741,0.7179331918680859,eligible,eligible_current_role,starter,,1.0,direct,20260908_1821_tackles_direct,2026-09-11T19:13:20+00:00,2026-09-11T19:13:40+00:00
2026,1,401872923,2026-09-13,13:00,00-0033906,Alvin Kamara,NO,DET,RB,rushing_yards,26.4,4.4,57.3,,,eligible,questionable_flag,backup,Questionable,2.0,direct_component_blend,20260908_1821_rushing_yards_blend,2026-09-11T19:13:20+00:00,2026-09-11T19:13:40+00:00
2026,1,401872923,2026-09-13,13:00,00-0033906,Alvin Kamara,NO,DET,RB,receiving_yards,11.0,-6.2,39.8,,,eligible,questionable_flag,backup,Questionable,2.0,direct_component_blend,20260908_1821_receiving_yards_blend,2026-09-11T19:13:20+00:00,2026-09-11T19:13:40+00:00
2026,1,401872923,2026-09-13,13:00,00-0033949,Joshua Dobbs,DET,NO,QB,rushing_yards,8.3,-4.5,26.2,,,eligible,eligible_current_role,backup,Active,2.0,direct_component_blend,20260908_1821_rushing_yards_blend,2026-09-11T19:13:20+00:00,2026-09-11T19:13:40+00:00
2026,1,401872923,2026-09-13,13:00,00-0034161,Daniel Carlson,NO,DET,K,kicking_points,6.9,2.1,12.3,,,eligible,eligible_current_role,starter,Active,1.0,component,20260908_1821_kicking_points_component,2026-09-11T19:13:20+00:00,2026-09-11T19:13:40+00:00
2026,1,401872923,2026-09-13,13:00,00-0034270,Tyler Conklin,DET,NO,TE,rushing_yards,0.0,-10.8,14.9,,,eligible,eligible_current_role,backup,Active,3.0,direct_component_blend,20260908_1821_rushing_yards_blend,2026-09-11T19:13:20+00:00,2026-09-11T19:13:40+00:00
2026,1,401872923,2026-09-13,13:00,00-0034270,Tyler Conklin,DET,NO,TE,receiving_yards,6.1,-11.0,34.9,,,eligible,eligible_current_role,backup,Active,3.0,direct_component_blend,20260908_1821_receiving_yards_blend,2026-09-11T19:13:20+00:00,2026-09-11T19:13:40+00:00
2026,1,401872923,2026-09-13,13:00,00-0034361,Justin Reid,NO,DET,DB,tackles,5.5,3.3,8.2,0.9821619204597178,0.9483629644465539,eligible,eligible_current_role,starter,,1.0,direct,20260908_1821_tackles_direct,2026-09-11T19:13:20+00:00,2026-09-11T19:13:40+00:00
2026,1,401872923,2026-09-13,13:00,00-0034377,Avonte Maddox,DET,NO,DB,tackles,4.1,1.4,7.5,0.9565925088964947,0.8643838492732757,eligible,eligible_current_role,starter,,1.0,direct,20260908_1821_tackles_direct,2026-09-11T19:13:20+00:00,2026-09-11T19:13:40+00:00
2026,1,401872923,2026-09-13,13:00,00-0034384,D.J. Reed,DET,NO,DB,tackles,4.9,2.1,8.3,0.9793746780858336,0.9229867247693433,eligible,eligible_current_role,starter,Active,1.0,direct,20260908_1821_tackles_direct,2026-09-11T19:13:20+00:00,2026-09-11T19:13:40+00:00
2026,1,401872923,2026-09-13,13:00,00-0034440,Justin Jackson,DET,NO,RB,rushing_yards,12.1,-18.2,54.6,,,eligible,eligible_current_role,roster_only,,,direct_component_blend,20260908_1821_rushing_yards_blend,2026-09-11T19:13:20+00:00,2026-09-11T19:13:40+00:00
2026,1,401872923,2026-09-13,13:00,00-0034440,Justin Jackson,DET,NO,RB,receiving_yards,3.7,-19.0,44.3,,,eligible,eligible_current_role,roster_only,,,direct_component_blend,20260908_1821_receiving_yards_blend,2026-09-11T19:13:20+00:00,2026-09-11T19:13:40+00:00
2026,1,401872923,2026-09-13,13:00,00-0034760,Nathan Shepherd,NO,DET,DL,tackles,1.7,0.0,4.2,0.7633161513016888,0.4860399851068628,eligible,eligible_current_role,backup,,2.0,direct,20260908_1821_tackles_direct,2026-09-11T19:13:20+00:00,2026-09-11T19:13:40+00:00
2026,1,401872923,2026-09-13,13:00,00-0035402,Carl Granderson,NO,DET,LB,tackles,2.8,0.8,5.2,0.889357845947065,0.7090696439251629,eligible,eligible_current_role,starter,,1.0,direct,20260908_1821_tackles_direct,2026-09-11T19:13:20+00:00,2026-09-11T19:13:40+00:00
2026,1,401872923,2026-09-13,13:00,00-0035544,Tom Kennedy,DET,NO,WR,rushing_yards,0.0,-10.8,15.0,,,eligible,eligible_current_role,backup,Active,4.0,direct_component_blend,20260908_1821_rushing_yards_blend,2026-09-11T19:13:20+00:00,2026-09-11T19:13:40+00:00
2026,1,401872923,2026-09-13,13:00,00-0035544,Tom Kennedy,DET,NO,WR,receiving_yards,1.5,-15.6,30.3,,,eligible,eligible_current_role,backup,Active,4.0,direct_component_blend,20260908_1821_receiving_yards_blend,2026-09-11T19:13:20+00:00,2026-09-11T19:13:40+00:00
2026,1,401872923,2026-09-13,13:00,00-0035637,Rock Ya-Sin,DET,NO,DB,tackles,2.8,0.2,6.3,0.8903010980939623,0.7113532027595134,eligible,eligible_current_role,backup,,2.0,direct,20260908_1821_tackles_direct,2026-09-11T19:13:20+00:00,2026-09-11T19:13:40+00:00
2026,1,401872923,2026-09-13,13:00,00-0035644,Noah Fant,NO,DET,TE,rushing_yards,0.0,-10.8,14.9,,,eligible,eligible_current_role,backup,,2.0,direct_component_blend,20260908_1821_rushing_yards_blend,2026-09-11T19:13:20+00:00,2026-09-11T19:13:40+00:00
2026,1,401872923,2026-09-13,13:00,00-0035644,Noah Fant,NO,DET,TE,receiving_yards,8.1,-9.1,36.9,,,eligible,eligible_current_role,backup,,2.0,direct_component_blend,20260908_1821_receiving_yards_blend,2026-09-11T19:13:20+00:00,2026-09-11T19:13:40+00:00
2026,1,401872923,2026-09-13,13:00,00-0035707,Devin White,DET,NO,LB,tackles,3.2,0.3,7.2,0.9153311658245677,0.7794321462084274,eligible,eligible_current_role,backup,,2.0,direct,20260908_1821_tackles_direct,2026-09-11T19:13:20+00:00,2026-09-11T19:13:40+00:00
2026,1,401872923,2026-09-13,13:00,00-0035895,Joe Bachie,DET,NO,LB,tackles,0.9,0.0,3.3,0.46951593542246683,0.19859379248386633,eligible,eligible_current_role,backup,Active,2.0,direct,20260908_1821_tackles_direct,2026-09-11T19:13:20+00:00,2026-09-11T19:13:40+00:00
2026,1,401872923,2026-09-13,13:00,00-0036040,Juwan Johnson,NO,DET,TE,rushing_yards,0.0,-10.8,14.9,,,eligible,eligible_current_role,starter,Active,1.0,direct_component_blend,20260908_1821_rushing_yards_blend,2026-09-11T19:13:20+00:00,2026-09-11T19:13:40+00:00
2026,1,401872923,2026-09-13,13:00,00-0036040,Juwan Johnson,NO,DET,TE,receiving_yards,32.3,12.7,66.6,,,eligible,eligible_current_role,starter,Active,1.0,direct_component_blend,20260908_1821_receiving_yards_blend,2026-09-11T19:13:20+00:00,2026-09-11T19:13:40+00:00
2026,1,401872923,2026-09-13,13:00,00-0036124,Khalil Dorsey,DET,NO,DB,tackles,0.7,0.0,3.2,0.40721761526435424,0.13315019020479257,eligible,eligible_current_role,backup,,2.0,direct,20260908_1821_tackles_direct,2026-09-11T19:13:20+00:00,2026-09-11T19:13:40+00:00
2026,1,401872923,2026-09-13,13:00,00-0036193,Anfernee Jennings,NO,DET,LB,tackles,2.1,0.2,4.6,0.815216839588967,0.5637688672840647,eligible,eligible_current_role,backup,,2.0,direct,20260908_1821_tackles_direct,2026-09-11T19:13:20+00:00,2026-09-11T19:13:40+00:00
2026,1,401872923,2026-09-13,13:00,00-0036253,Julian Blackmon,NO,DET,DB,tackles,4.2,1.5,7.7,0.9628063104969133,0.8793876455032253,eligible,eligible_current_role,starter,,1.0,direct,20260908_1821_tackles_direct,2026-09-11T19:13:20+00:00,2026-09-11T19:13:40+00:00
2026,1,401872923,2026-09-13,13:00,00-0036321,Chase Young,NO,DET,LB,tackles,2.6,0.6,5.1,0.8738776681697683,0.6749542037817965,eligible,eligible_current_role,starter,,1.0,direct,20260908_1821_tackles_direct,2026-09-11T19:13:20+00:00,2026-09-11T19:13:40+00:00
2026,1,401872923,2026-09-13,13:00,00-0036335,D.J. Wonnum,DET,NO,LB,tackles,2.5,0.5,5.0,0.8644952065705886,0.6554593709795723,eligible,eligible_current_role,starter,,1.0,direct,20260908_1821_tackles_direct,2026-09-11T19:13:20+00:00,2026-09-11T19:13:40+00:00
2026,1,401872923,2026-09-13,13:00,00-0036624,Alim McNeill,DET,NO,DL,tackles,1.7,0.0,4.4,0.7593823224075377,0.4812339787854007,eligible,eligible_current_role,starter,,1.0,direct,20260908_1821_tackles_direct,2026-09-11T19:13:20+00:00,2026-09-11T19:13:40+00:00
2026,1,401872923,2026-09-13,13:00,00-0036754,Brock Wright,DET,NO,TE,rushing_yards,0.0,-10.8,14.9,,,eligible,eligible_current_role,backup,,2.0,direct_component_blend,20260908_1821_rushing_yards_blend,2026-09-11T19:13:20+00:00,2026-09-11T19:13:40+00:00
2026,1,401872923,2026-09-13,13:00,00-0036754,Brock Wright,DET,NO,TE,receiving_yards,13.8,-5.9,48.0,,,eligible,eligible_current_role,backup,,2.0,direct_component_blend,20260908_1821_receiving_yards_blend,2026-09-11T19:13:20+00:00,2026-09-11T19:13:40+00:00
2026,1,401872923,2026-09-13,13:00,00-0036867,Chris Rumph II,NO,DET,LB,tackles,1.1,0.0,3.6,0.5644066358113372,0.27417986343959483,eligible,eligible_current_role,backup,Active,3.0,direct,20260908_1821_tackles_direct,2026-09-11T19:13:20+00:00,2026-09-11T19:13:40+00:00
2026,1,401872923,2026-09-13,13:00,00-0036954,Levi Onwuzurike,DET,NO,DL,tackles,2.4,0.3,5.2,0.8567667085639183,0.6399917745286898,eligible,eligible_current_role,starter,,1.0,direct,20260908_1821_tackles_direct,2026-09-11T19:13:20+00:00,2026-09-11T19:13:40+00:00
2026,1,401872923,2026-09-13,13:00,00-0036963,Amon-Ra St. Brown,DET,NO,WR,rushing_yards,0.1,-10.7,15.1,,,eligible,eligible_current_role,starter,Active,1.0,direct_component_blend,20260908_1821_rushing_yards_blend,2026-09-11T19:13:20+00:00,2026-09-11T19:13:40+00:00
2026,1,401872923,2026-09-13,13:00,00-0036963,Amon-Ra St. Brown,DET,NO,WR,receiving_yards,60.6,34.0,109.8,,,eligible,eligible_current_role,starter,Active,1.0,direct_component_blend,20260908_1821_receiving_yards_blend,2026-09-11T19:13:20+00:00,2026-09-11T19:13:40+00:00
2026,1,401872923,2026-09-13,13:00,00-0036964,Derrick Barnes,DET,NO,LB,tackles,5.0,2.0,9.0,0.9803104250701589,0.9301564729975293,eligible,eligible_current_role,starter,,1.0,direct,20260908_1821_tackles_direct,2026-09-11T19:13:20+00:00,2026-09-11T19:13:40+00:00
2026,1,401872923,2026-09-13,13:00,00-0036973,Travis Etienne,NO,DET,RB,rushing_yards,45.9,23.9,76.9,,,eligible,eligible_current_role,starter,Active,1.0,direct_component_blend,20260908_1821_rushing_yards_blend,2026-09-11T19:13:20+00:00,2026-09-11T19:13:40+00:00
2026,1,401872923,2026-09-13,13:00,00-0036973,Travis Etienne,NO,DET,RB,receiving_yards,15.9,-1.2,44.7,,,eligible,eligible_current_role,starter,Active,1.0,direct_component_blend,20260908_1821_receiving_yards_blend,2026-09-11T19:13:20+00:00,2026-09-11T19:13:40+00:00
2026,1,401872923,2026-09-13,13:00,00-0037013,Zach Wilson,NO,DET,QB,rushing_yards,4.9,-5.8,20.0,,,eligible,eligible_current_role,backup,Active,3.0,direct_component_blend,20260908_1821_rushing_yards_blend,2026-09-11T19:13:20+00:00,2026-09-11T19:13:40+00:00
2026,1,401872923,2026-09-13,13:00,00-0037236,Aidan Hutchinson,DET,NO,DL,tackles,2.8,0.7,5.6,0.8940199159407296,0.7208463680788301,eligible,eligible_current_role,starter,,1.0,direct,20260908_1821_tackles_direct,2026-09-11T19:13:20+00:00,2026-09-11T19:13:40+00:00
2026,1,401872923,2026-09-13,13:00,00-0037239,Chris Olave,NO,DET,WR,rushing_yards,0.0,-10.7,15.0,,,eligible,eligible_current_role,starter,Active,1.0,direct_component_blend,20260908_1821_rushing_yards_blend,2026-09-11T19:13:20+00:00,2026-09-11T19:13:40+00:00
2026,1,401872923,2026-09-13,13:00,00-0037239,Chris Olave,NO,DET,WR,receiving_yards,85.4,58.8,134.6,,,eligible,eligible_current_role,starter,Active,1.0,direct_component_blend,20260908_1821_receiving_yards_blend,2026-09-11T19:13:20+00:00,2026-09-11T19:13:40+00:00
2026,1,401872923,2026-09-13,13:00,00-0037240,Jameson Williams,DET,NO,WR,rushing_yards,0.2,-10.5,15.3,,,eligible,eligible_current_role,backup,Active,2.0,direct_component_blend,20260908_1821_rushing_yards_blend,2026-09-11T19:13:20+00:00,2026-09-11T19:13:40+00:00
2026,1,401872923,2026-09-13,13:00,00-0037240,Jameson Williams,DET,NO,WR,receiving_yards,41.2,14.6,90.4,,,eligible,eligible_current_role,backup,Active,2.0,direct_component_blend,20260908_1821_receiving_yards_blend,2026-09-11T19:13:20+00:00,2026-09-11T19:13:40+00:00
2026,1,401872923,2026-09-13,13:00,00-0037250,Martin Emerson,NO,DET,DB,tackles,2.6,0.0,6.2,0.8792150331688245,0.6864256268340616,eligible,eligible_current_role,backup,,2.0,direct,20260908_1821_tackles_direct,2026-09-11T19:13:20+00:00,2026-09-11T19:13:40+00:00
2026,1,401872923,2026-09-13,13:00,00-0037283,John Ridgeway,NO,DET,DL,tackles,1.2,0.0,3.8,0.580354594735857,0.2896498976405307,eligible,eligible_current_role,backup,Active,2.0,direct,20260908_1821_tackles_direct,2026-09-11T19:13:20+00:00,2026-09-11T19:13:40+00:00
2026,1,401872923,2026-09-13,13:00,00-0037289,Malcolm Rodriguez,DET,NO,LB,tackles,3.6,1.6,6.0,0.9354619028889231,0.8212799020731847,eligible,eligible_current_role,starter,Active,1.0,direct,20260908_1821_tackles_direct,2026-09-11T19:13:20+00:00,2026-09-11T19:13:40+00:00
2026,1,401872923,2026-09-13,13:00,00-0037524,Tay Martin,DET,NO,WR,rushing_yards,0.0,-10.8,15.0,,,eligible,eligible_current_role,backup,Active,5.0,direct_component_blend,20260908_1821_rushing_yards_blend,2026-09-11T19:13:20+00:00,2026-09-11T19:13:40+00:00
2026,1,401872923,2026-09-13,13:00,00-0037524,Tay Martin,DET,NO,WR,receiving_yards,7.6,-9.6,36.4,,,eligible,eligible_current_role,backup,Active,5.0,direct_component_blend,20260908_1821_receiving_yards_blend,2026-09-11T19:13:20+00:00,2026-09-11T19:13:40+00:00
2026,1,401872923,2026-09-13,13:00,00-0038125,Roger McCreary,DET,NO,DB,tackles,3.7,1.5,6.4,0.9401270459887305,0.8299490886746791,eligible,eligible_current_role,starter,,1.0,direct,20260908_1821_tackles_direct,2026-09-11T19:13:20+00:00,2026-09-11T19:13:40+00:00
2026,1,401872923,2026-09-13,13:00,00-0038387,Colby Wooden,NO,DET,DL,tackles,2.5,0.5,5.0,0.8652697578504226,0.6570380436536418,eligible,eligible_current_role,starter,Active,1.0,direct,20260908_1821_tackles_direct,2026-09-11T19:13:20+00:00,2026-09-11T19:13:40+00:00
2026,1,401872923,2026-09-13,13:00,00-0038541,Tyree Wilson,NO,DET,LB,tackles,1.2,0.0,3.7,0.5713255813340187,0.2807911485510513,eligible,eligible_current_role,backup,,3.0,direct,20260908_1821_tackles_direct,2026-09-11T19:13:20+00:00,2026-09-11T19:13:40+00:00
2026,1,401872923,2026-09-13,13:00,00-0038551,Kendre Miller,NO,DET,RB,rushing_yards,8.9,-13.1,39.8,,,eligible,eligible_current_role,backup,Active,3.0,direct_component_blend,20260908_1821_rushing_yards_blend,2026-09-11T19:13:20+00:00,2026-09-11T19:13:40+00:00
2026,1,401872923,2026-09-13,13:00,00-0038551,Kendre Miller,NO,DET,RB,receiving_yards,1.9,-15.3,30.7,,,eligible,eligible_current_role,backup,Active,3.0,direct_component_blend,20260908_1821_receiving_yards_blend,2026-09-11T19:13:20+00:00,2026-09-11T19:13:40+00:00
2026,1,401872923,2026-09-13,13:00,00-0038588,Jordan Howden,NO,DET,DB,tackles,1.2,0.0,4.8,0.5716657325862328,0.2811200962729082,eligible,eligible_current_role,backup,,2.0,direct,20260908_1821_tackles_direct,2026-09-11T19:13:20+00:00,2026-09-11T19:13:40+00:00
2026,1,401872923,2026-09-13,13:00,00-0038660,Trevor Nowaske,DET,NO,LB,tackles,0.9,0.0,3.3,0.47508861864459145,0.2024853342798378,eligible,eligible_current_role,backup,,3.0,direct,20260908_1821_tackles_direct,2026-09-11T19:13:20+00:00,2026-09-11T19:13:40+00:00
2026,1,401872923,2026-09-13,13:00,00-0038820,Christian Izien,DET,NO,DB,tackles,2.6,0.1,6.2,0.8799954789841576,0.6881276598664456,eligible,questionable_flag,backup,Questionable,2.0,direct,20260908_1821_tackles_direct,2026-09-11T19:13:20+00:00,2026-09-11T19:13:40+00:00
2026,1,401872923,2026-09-13,13:00,00-0038896,Jacob Saylors,DET,NO,RB,rushing_yards,0.7,-10.0,15.8,,,eligible,eligible_current_role,backup,Active,3.0,direct_component_blend,20260908_1821_rushing_yards_blend,2026-09-11T19:13:20+00:00,2026-09-11T19:13:40+00:00
2026,1,401872923,2026-09-13,13:00,00-0038896,Jacob Saylors,DET,NO,RB,receiving_yards,1.1,-16.1,29.9,,,eligible,eligible_current_role,backup,Active,3.0,direct_component_blend,20260908_1821_receiving_yards_blend,2026-09-11T19:13:20+00:00,2026-09-11T19:13:40+00:00
2026,1,401872923,2026-09-13,13:00,00-0038940,Tyler Lacy,DET,NO,DL,tackles,1.3,0.0,3.8,0.6151640158692856,0.3221409143380098,eligible,eligible_current_role,backup,,2.0,direct,20260908_1821_tackles_direct,2026-09-11T19:13:20+00:00,2026-09-11T19:13:40+00:00
2026,1,401872923,2026-09-13,13:00,00-0039018,Jack Campbell,DET,NO,LB,tackles,7.1,4.5,11.5,0.983495145631068,0.9631067961165048,eligible,eligible_current_role,starter,,1.0,direct,20260908_1821_tackles_direct,2026-09-11T19:13:20+00:00,2026-09-11T19:13:40+00:00
2026,1,401872923,2026-09-13,13:00,00-0039065,Sam LaPorta,DET,NO,TE,rushing_yards,0.0,-10.8,15.0,,,eligible,eligible_current_role,starter,Active,1.0,direct_component_blend,20260908_1821_rushing_yards_blend,2026-09-11T19:13:20+00:00,2026-09-11T19:13:40+00:00
2026,1,401872923,2026-09-13,13:00,00-0039065,Sam LaPorta,DET,NO,TE,receiving_yards,42.6,23.0,76.9,,,eligible,eligible_current_role,starter,Active,1.0,direct_component_blend,20260908_1821_receiving_yards_blend,2026-09-11T19:13:20+00:00,2026-09-11T19:13:40+00:00
2026,1,401872923,2026-09-13,13:00,00-0039139,Jahmyr Gibbs,DET,NO,RB,rushing_yards,57.3,35.3,88.3,,,eligible,eligible_current_role,starter,Active,1.0,direct_component_blend,20260908_1821_rushing_yards_blend,2026-09-11T19:13:20+00:00,2026-09-11T19:13:40+00:00
2026,1,401872923,2026-09-13,13:00,00-0039139,Jahmyr Gibbs,DET,NO,RB,receiving_yards,34.9,17.7,63.7,,,eligible,eligible_current_role,starter,Active,1.0,direct_component_blend,20260908_1821_receiving_yards_blend,2026-09-11T19:13:20+00:00,2026-09-11T19:13:40+00:00
2026,1,401872923,2026-09-13,13:00,00-0039172,Jake Bates,DET,NO,K,kicking_points,7.1,2.1,13.0,,,eligible,eligible_current_role,starter,Active,1.0,component,20260908_1821_kicking_points_component,2026-09-11T19:13:20+00:00,2026-09-11T19:13:40+00:00
2026,1,401872923,2026-09-13,13:00,00-0039357,Decamerion Richardson,NO,DET,DB,tackles,0.7,0.0,3.2,0.42419488764585517,0.15433275426925328,eligible,eligible_current_role,backup,,3.0,direct,20260908_1821_tackles_direct,2026-09-11T19:13:20+00:00,2026-09-11T19:13:40+00:00
2026,1,401872923,2026-09-13,13:00,00-0039364,Sione Vaki,DET,NO,RB,rushing_yards,1.0,-9.7,16.0,,,eligible,eligible_current_role,backup,Active,2.0,direct_component_blend,20260908_1821_rushing_yards_blend,2026-09-11T19:13:20+00:00,2026-09-11T19:13:40+00:00
2026,1,401872923,2026-09-13,13:00,00-0039364,Sione Vaki,DET,NO,RB,receiving_yards,1.2,-15.9,30.1,,,eligible,eligible_current_role,backup,Active,2.0,direct_component_blend,20260908_1821_receiving_yards_blend,2026-09-11T19:13:20+00:00,2026-09-11T19:13:40+00:00
2026,1,401872923,2026-09-13,13:00,00-0039373,Audric Estimé,NO,DET,RB,rushing_yards,21.7,-0.3,52.6,,,eligible,questionable_flag,backup,Questionable,4.0,direct_component_blend,20260908_1821_rushing_yards_blend,2026-09-11T19:13:20+00:00,2026-09-11T19:13:40+00:00
2026,1,401872923,2026-09-13,13:00,00-0039373,Audric Estimé,NO,DET,RB,receiving_yards,6.4,-10.7,35.2,,,eligible,questionable_flag,backup,Questionable,4.0,direct_component_blend,20260908_1821_receiving_yards_blend,2026-09-11T19:13:20+00:00,2026-09-11T19:13:40+00:00
2026,1,401872923,2026-09-13,13:00,00-0039376,Spencer Rattler,NO,DET,QB,rushing_yards,7.9,-2.9,22.9,,,eligible,eligible_current_role,backup,Active,2.0,direct_component_blend,20260908_1821_rushing_yards_blend,2026-09-11T19:13:20+00:00,2026-09-11T19:13:40+00:00
2026,1,401872923,2026-09-13,13:00,00-0039396,Mekhi Wingo,DET,NO,DL,tackles,1.1,0.0,3.6,0.567279953405635,0.27690705247134034,eligible,questionable_flag,backup,,3.0,direct,20260908_1821_tackles_direct,2026-09-11T19:13:20+00:00,2026-09-11T19:13:40+00:00
2026,1,401872923,2026-09-13,13:00,00-0039401,Khristian Boyd,NO,DET,DL,tackles,1.0,0.0,3.5,0.5522945979467766,0.26296396954223833,eligible,eligible_current_role,backup,,4.0,direct,20260908_1821_tackles_direct,2026-09-11T19:13:20+00:00,2026-09-11T19:13:40+00:00
2026,1,401872923,2026-09-13,13:00,00-0039424,Devaughn Vele,NO,DET,WR,rushing_yards,0.0,-10.8,15.0,,,eligible,eligible_current_role,backup,,2.0,direct_component_blend,20260908_1821_rushing_yards_blend,2026-09-11T19:13:20+00:00,2026-09-11T19:13:40+00:00
2026,1,401872923,2026-09-13,13:00,00-0039424,Devaughn Vele,NO,DET,WR,receiving_yards,26.2,-0.5,75.3,,,eligible,eligible_current_role,backup,,2.0,direct_component_blend,20260908_1821_receiving_yards_blend,2026-09-11T19:13:20+00:00,2026-09-11T19:13:40+00:00
2026,1,401872923,2026-09-13,13:00,00-0039660,Thomas Harper,DET,NO,DB,tackles,2.3,0.4,4.9,0.8511486443210238,0.6290574452369351,eligible,eligible_current_role,backup,,2.0,direct,20260908_1821_tackles_direct,2026-09-11T19:13:20+00:00,2026-09-11T19:13:40+00:00
2026,1,401872923,2026-09-13,13:00,00-0039725,Jayden Price,NO,DET,DB,tackles,1.0,0.0,4.9,0.535910708680986,0.24874204625485996,eligible,eligible_current_role,backup,,3.0,direct,20260908_1821_tackles_direct,2026-09-11T19:13:20+00:00,2026-09-11T19:13:40+00:00
2026,1,401872923,2026-09-13,13:00,00-0039860,Kool-Aid McKinstry,NO,DET,DB,tackles,4.3,1.6,7.7,0.9641213071047509,0.882641743939811,eligible,eligible_current_role,starter,,1.0,direct,20260908_1821_tackles_direct,2026-09-11T19:13:20+00:00,2026-09-11T19:13:40+00:00
2026,1,401872923,2026-09-13,13:00,00-0039862,Ennis Rakestraw Jr.,DET,NO,DB,tackles,0.7,0.0,3.2,0.425117338215519,0.15552804076407642,eligible,eligible_current_role,backup,Active,3.0,direct,20260908_1821_tackles_direct,2026-09-11T19:13:20+00:00,2026-09-11T19:13:40+00:00
2026,1,401872923,2026-09-13,13:00,00-0039907,Ja'Lynn Polk,NO,DET,WR,rushing_yards,0.0,-10.8,15.0,,,eligible,eligible_current_role,roster_only,,,direct_component_blend,20260908_1821_rushing_yards_blend,2026-09-11T19:13:20+00:00,2026-09-11T19:13:40+00:00
2026,1,401872923,2026-09-13,13:00,00-0039907,Ja'Lynn Polk,NO,DET,WR,receiving_yards,7.3,-9.8,36.1,,,eligible,eligible_current_role,roster_only,,,direct_component_blend,20260908_1821_receiving_yards_blend,2026-09-11T19:13:20+00:00,2026-09-11T19:13:40+00:00
2026,1,401872923,2026-09-13,13:00,00-0040166,Quincy Riley,NO,DET,DB,tackles,3.0,0.4,6.5,0.9042827432665641,0.7480961760445397,eligible,eligible_current_role,starter,Active,1.0,direct,20260908_1821_tackles_direct,2026-09-11T19:13:20+00:00,2026-09-11T19:13:40+00:00
2026,1,401872923,2026-09-13,13:00,00-0040202,Devin Neal,NO,DET,RB,rushing_yards,19.7,-2.3,50.6,,,eligible,eligible_current_role,roster_only,,,direct_component_blend,20260908_1821_rushing_yards_blend,2026-09-11T19:13:20+00:00,2026-09-11T19:13:40+00:00
2026,1,401872923,2026-09-13,13:00,00-0040202,Devin Neal,NO,DET,RB,receiving_yards,4.5,-12.7,33.3,,,eligible,eligible_current_role,roster_only,,,direct_component_blend,20260908_1821_receiving_yards_blend,2026-09-11T19:13:20+00:00,2026-09-11T19:13:40+00:00
2026,1,401872923,2026-09-13,13:00,00-0040293,Michael Reid,NO,DET,DB,tackles,1.4,0.0,5.4,0.681763991917512,0.3902822760984771,eligible,eligible_current_role,backup,,2.0,direct,20260908_1821_tackles_direct,2026-09-11T19:13:20+00:00,2026-09-11T19:13:40+00:00
2026,1,401872923,2026-09-13,13:00,00-0040390,Jackson Meeks,DET,NO,TE,rushing_yards,0.0,-14.8,20.6,,,eligible,eligible_current_role,backup,,4.0,direct_component_blend,20260908_1821_rushing_yards_blend,2026-09-11T19:13:20+00:00,2026-09-11T19:13:40+00:00
2026,1,401872923,2026-09-13,13:00,00-0040390,Jackson Meeks,DET,NO,TE,receiving_yards,3.8,-18.8,44.4,,,eligible,eligible_current_role,backup,,4.0,direct_component_blend,20260908_1821_receiving_yards_blend,2026-09-11T19:13:20+00:00,2026-09-11T19:13:40+00:00
2026,1,401872923,2026-09-13,13:00,00-0040642,Vernon Broughton,NO,DET,DL,tackles,1.6,0.0,4.3,0.7447956241146151,0.4640070556356372,eligible,eligible_current_role,backup,,2.0,direct,20260908_1821_tackles_direct,2026-09-11T19:13:20+00:00,2026-09-11T19:13:40+00:00
2026,1,401872923,2026-09-13,13:00,00-0040643,Jonas Sanker,NO,DET,DB,tackles,5.3,2.6,8.8,0.9814485324446467,0.941136362503623,eligible,eligible_current_role,starter,,1.0,direct,20260908_1821_tackles_direct,2026-09-11T19:13:20+00:00,2026-09-11T19:13:40+00:00
2026,1,401872923,2026-09-13,13:00,00-0040669,Isaac TeSlaa,DET,NO,WR,rushing_yards,0.0,-10.8,15.0,,,eligible,eligible_current_role,backup,,3.0,direct_component_blend,20260908_1821_rushing_yards_blend,2026-09-11T19:13:20+00:00,2026-09-11T19:13:40+00:00
2026,1,401872923,2026-09-13,13:00,00-0040669,Isaac TeSlaa,DET,NO,WR,receiving_yards,15.2,-11.4,64.4,,,eligible,eligible_current_role,backup,,3.0,direct_component_blend,20260908_1821_receiving_yards_blend,2026-09-11T19:13:20+00:00,2026-09-11T19:13:40+00:00
2026,1,401872923,2026-09-13,13:00,00-0040672,Tyleik Williams,DET,NO,DL,tackles,1.2,0.0,3.7,0.573512624240749,0.2829126455791273,eligible,eligible_current_role,backup,,2.0,direct,20260908_1821_tackles_direct,2026-09-11T19:13:20+00:00,2026-09-11T19:13:40+00:00
2026,1,401872923,2026-09-13,13:00,00-0040743,Tyler Shough,NO,DET,QB,passing_yards,208.9,115.5,315.1,,,eligible,eligible_current_role,starter,Active,1.0,direct_component_blend,20260908_1821_passing_yards_blend,2026-09-11T19:13:20+00:00,2026-09-11T19:13:40+00:00
2026,1,401872923,2026-09-13,13:00,00-0040743,Tyler Shough,NO,DET,QB,passing_tds,1.311,,,0.7183676688018149,0.39285714285714285,eligible,eligible_current_role,starter,Active,1.0,direct_component_blend,20260908_1821_passing_tds_blend,2026-09-11T19:13:20+00:00,2026-09-11T19:13:40+00:00
2026,1,401872923,2026-09-13,13:00,00-0040743,Tyler Shough,NO,DET,QB,rushing_yards,13.3,0.5,31.2,,,eligible,eligible_current_role,starter,Active,1.0,direct_component_blend,20260908_1821_rushing_yards_blend,2026-09-11T19:13:20+00:00,2026-09-11T19:13:40+00:00
2026,1,401872923,2026-09-13,13:00,00-0040761,Ahmed Hassanein,DET,NO,DL,tackles,0.9,0.0,4.4,0.5105360416892717,0.22857410971991354,eligible,eligible_current_role,backup,,4.0,direct,20260908_1821_tackles_direct,2026-09-11T19:13:20+00:00,2026-09-11T19:13:40+00:00
2026,1,401872923,2026-09-13,13:00,00-0041041,Oscar Delp,NO,DET,TE,rushing_yards,0.0,-14.8,20.6,,,eligible,questionable_flag,backup,Questionable,3.0,direct_component_blend,20260908_1821_rushing_yards_blend,2026-09-11T19:13:20+00:00,2026-09-11T19:13:40+00:00
2026,1,401872923,2026-09-13,13:00,00-0041041,Oscar Delp,NO,DET,TE,receiving_yards,4.8,-17.8,45.4,,,eligible,questionable_flag,backup,Questionable,3.0,direct_component_blend,20260908_1821_receiving_yards_blend,2026-09-11T19:13:20+00:00,2026-09-11T19:13:40+00:00
2026,1,401872923,2026-09-13,13:00,00-0041067,Bryce Lance,NO,DET,WR,rushing_yards,0.0,-14.8,20.6,,,eligible,eligible_current_role,backup,Active,4.0,direct_component_blend,20260908_1821_rushing_yards_blend,2026-09-11T19:13:20+00:00,2026-09-11T19:13:40+00:00
2026,1,401872923,2026-09-13,13:00,00-0041067,Bryce Lance,NO,DET,WR,receiving_yards,7.4,-15.2,48.0,,,eligible,eligible_current_role,backup,Active,4.0,direct_component_blend,20260908_1821_receiving_yards_blend,2026-09-11T19:13:20+00:00,2026-09-11T19:13:40+00:00
2026,1,401872923,2026-09-13,13:00,00-0041099,Barion Brown,NO,DET,WR,rushing_yards,0.0,-14.8,20.6,,,eligible,eligible_current_role,backup,Active,3.0,direct_component_blend,20260908_1821_rushing_yards_blend,2026-09-11T19:13:20+00:00,2026-09-11T19:13:40+00:00
2026,1,401872923,2026-09-13,13:00,00-0041099,Barion Brown,NO,DET,WR,receiving_yards,7.4,-15.2,48.0,,,eligible,eligible_current_role,backup,Active,3.0,direct_component_blend,20260908_1821_receiving_yards_blend,2026-09-11T19:13:20+00:00,2026-09-11T19:13:40+00:00
2026,1,401872923,2026-09-13,13:00,00-0041390,Christen Miller,NO,DET,DL,tackles,1.0,0.0,4.5,0.5317778917189786,0.24536840492913997,eligible,eligible_current_role,backup,,3.0,direct,20260908_1821_tackles_direct,2026-09-11T19:13:20+00:00,2026-09-11T19:13:40+00:00
2026,1,401872923,2026-09-13,13:00,00-0041441,Derrick Moore,DET,NO,LB,tackles,1.3,0.0,4.8,0.598593672260636,0.3064811887052907,eligible,questionable_flag,backup,Questionable,2.0,direct,20260908_1821_tackles_direct,2026-09-11T19:13:20+00:00,2026-09-11T19:13:40+00:00
2026,1,401872923,2026-09-13,13:00,00-0041442,Jimmy Rolder,DET,NO,LB,tackles,1.3,0.0,4.9,0.6145662275491607,0.32156749457309963,eligible,eligible_current_role,backup,Active,2.0,direct,20260908_1821_tackles_direct,2026-09-11T19:13:20+00:00,2026-09-11T19:13:40+00:00
2026,1,401872923,2026-09-13,13:00,00-0041445,Keith Abney II,DET,NO,DB,tackles,3.5,0.6,7.4,0.9308136914280835,0.8128727551597544,eligible,eligible_current_role,starter,,1.0,direct,20260908_1821_tackles_direct,2026-09-11T19:13:20+00:00,2026-09-11T19:13:40+00:00
2026,1,401872923,2026-09-13,13:00,00-0041447,Skyler Gill-Howard,DET,NO,DL,tackles,1.1,0.0,4.6,0.5566562236863423,0.26695137200824814,eligible,eligible_current_role,backup,,2.0,direct,20260908_1821_tackles_direct,2026-09-11T19:13:20+00:00,2026-09-11T19:13:40+00:00
2026,1,401872923,2026-09-13,13:00,00-0041459,Eric O'Neill,DET,NO,DL,tackles,1.0,0.0,4.5,0.5327811798790986,0.2461841571998057,eligible,eligible_current_role,backup,,3.0,direct,20260908_1821_tackles_direct,2026-09-11T19:13:20+00:00,2026-09-11T19:13:40+00:00
2026,1,401872924,2026-09-13,12:00,00-0029607,Demario Davis,NYJ,TEN,LB,tackles,6.3,3.3,10.3,0.983495145631068,0.9631067961165048,eligible,eligible_current_role,starter,,1.0,direct,20260908_1821_tackles_direct,2026-09-11T19:13:20+00:00,2026-09-11T19:13:40+00:00
2026,1,401872924,2026-09-13,12:00,00-0030565,Geno Smith,NYJ,TEN,QB,passing_yards,210.7,117.2,316.9,,,eligible,eligible_current_role,starter,Active,1.0,direct_component_blend,20260908_1821_passing_yards_blend,2026-09-11T19:13:20+00:00,2026-09-11T19:13:40+00:00
2026,1,401872924,2026-09-13,12:00,00-0030565,Geno Smith,NYJ,TEN,QB,passing_tds,1.171,,,0.6547619047619048,0.39285714285714285,eligible,eligible_current_role,starter,Active,1.0,direct_component_blend,20260908_1821_passing_tds_blend,2026-09-11T19:13:20+00:00,2026-09-11T19:13:40+00:00
2026,1,401872924,2026-09-13,12:00,00-0030565,Geno Smith,NYJ,TEN,QB,rushing_yards,5.7,-5.0,20.8,,,eligible,eligible_current_role,starter,Active,1.0,direct_component_blend,20260908_1821_rushing_yards_blend,2026-09-11T19:13:20+00:00,2026-09-11T19:13:40+00:00
2026,1,401872924,2026-09-13,12:00,00-0033051,David Onyemata,NYJ,TEN,DL,tackles,1.8,0.0,4.3,0.7677277479264553,0.4915146091581712,eligible,eligible_current_role,backup,,2.0,direct,20260908_1821_tackles_direct,2026-09-11T19:13:20+00:00,2026-09-11T19:13:40+00:00
2026,1,401872924,2026-09-13,12:00,00-0033375,Tim Patrick,NYJ,TEN,WR,rushing_yards,0.0,-10.8,14.9,,,eligible,questionable_flag,backup,Questionable,5.0,direct_component_blend,20260908_1821_rushing_yards_blend,2026-09-11T19:13:20+00:00,2026-09-11T19:13:40+00:00
2026,1,401872924,2026-09-13,12:00,00-0033375,Tim Patrick,NYJ,TEN,WR,receiving_yards,5.8,-11.4,34.6,,,eligible,questionable_flag,backup,Questionable,5.0,direct_component_blend,20260908_1821_receiving_yards_blend,2026-09-11T19:13:20+00:00,2026-09-11T19:13:40+00:00
2026,1,401872924,2026-09-13,12:00,00-0033869,Mitchell Trubisky,TEN,NYJ,QB,rushing_yards,5.2,-5.5,20.2,,,eligible,eligible_current_role,backup,Active,2.0,direct_component_blend,20260908_1821_rushing_yards_blend,2026-09-11T19:13:20+00:00,2026-09-11T19:13:40+00:00
2026,1,401872924,2026-09-13,12:00,00-0033870,Solomon Thomas,TEN,NYJ,DL,tackles,1.1,0.0,3.6,0.5626070310521812,0.2724849236559097,eligible,eligible_current_role,backup,,2.0,direct,20260908_1821_tackles_direct,2026-09-11T19:13:20+00:00,2026-09-11T19:13:40+00:00
2026,1,401872924,2026-09-13,12:00,00-0034163,Jacob Martin,TEN,NYJ,DL,tackles,1.7,0.0,4.4,0.7594261021570512,0.4812870792035432,eligible,eligible_current_role,backup,,2.0,direct,20260908_1821_tackles_direct,2026-09-11T19:13:20+00:00,2026-09-11T19:13:40+00:00
2026,1,401872924,2026-09-13,12:00,00-0034782,Harrison Phillips,NYJ,TEN,DL,tackles,3.1,1.1,5.6,0.9114339582973648,0.7681146448175112,eligible,eligible_current_role,starter,,1.0,direct,20260908_1821_tackles_direct,2026-09-11T19:13:20+00:00,2026-09-11T19:13:40+00:00
2026,1,401872924,2026-09-13,12:00,00-0034789,Minkah Fitzpatrick,NYJ,TEN,DB,tackles,5.2,2.5,8.7,0.9811374385983183,0.9380743769640466,eligible,eligible_current_role,starter,,1.0,direct,20260908_1821_tackles_direct,2026-09-11T19:13:20+00:00,2026-09-11T19:13:40+00:00
2026,1,401872924,2026-09-13,12:00,00-0034805,John Franklin-Myers,TEN,NYJ,DL,tackles,1.4,0.0,3.9,0.6632633358260857,0.3704717868646834,eligible,eligible_current_role,starter,,1.0,direct,20260908_1821_tackles_direct,2026-09-11T19:13:20+00:00,2026-09-11T19:13:40+00:00
2026,1,401872924,2026-09-13,12:00,00-0034837,Calvin Ridley,TEN,NYJ,WR,rushing_yards,0.1,-10.6,15.1,,,eligible,eligible_current_role,backup,Active,3.0,direct_component_blend,20260908_1821_rushing_yards_blend,2026-09-11T19:13:20+00:00,2026-09-11T19:13:40+00:00
2026,1,401872924,2026-09-13,12:00,00-0034837,Calvin Ridley,TEN,NYJ,WR,receiving_yards,24.1,-2.5,73.3,,,eligible,eligible_current_role,backup,Active,3.0,direct_component_blend,20260908_1821_receiving_yards_blend,2026-09-11T19:13:20+00:00,2026-09-11T19:13:40+00:00
2026,1,401872924,2026-09-13,12:00,00-0034959,Andrew Beck,NYJ,TEN,RB,rushing_yards,1.6,-9.1,16.7,,,eligible,eligible_current_role,starter,,1.0,direct_component_blend,20260908_1821_rushing_yards_blend,2026-09-11T19:13:20+00:00,2026-09-11T19:13:40+00:00
2026,1,401872924,2026-09-13,12:00,00-0034959,Andrew Beck,NYJ,TEN,RB,receiving_yards,5.2,-11.9,34.0,,,eligible,eligible_current_role,starter,,1.0,direct_component_blend,20260908_1821_receiving_yards_blend,2026-09-11T19:13:20+00:00,2026-09-11T19:13:40+00:00
2026,1,401872924,2026-09-13,12:00,00-0035192,Joey Slye,TEN,NYJ,K,kicking_points,7.6,3.1,12.9,,,eligible,eligible_current_role,starter,Active,1.0,component,20260908_1821_kicking_points_component,2026-09-11T19:13:20+00:00,2026-09-11T19:13:40+00:00
2026,1,401872924,2026-09-13,12:00,00-0035261,Tony Pollard,TEN,NYJ,RB,rushing_yards,56.9,34.9,87.8,,,eligible,eligible_current_role,starter,Active,1.0,direct_component_blend,20260908_1821_rushing_yards_blend,2026-09-11T19:13:20+00:00,2026-09-11T19:13:40+00:00
2026,1,401872924,2026-09-13,12:00,00-0035261,Tony Pollard,TEN,NYJ,RB,receiving_yards,10.6,-6.6,39.4,,,eligible,eligible_current_role,starter,Active,1.0,direct_component_blend,20260908_1821_receiving_yards_blend,2026-09-11T19:13:20+00:00,2026-09-11T19:13:40+00:00
2026,1,401872924,2026-09-13,12:00,00-0035632,Amani Hooker,TEN,NYJ,DB,tackles,4.7,2.0,8.1,0.9759467444612331,0.9134277038848976,eligible,eligible_current_role,starter,,1.0,direct,20260908_1821_tackles_direct,2026-09-11T19:13:20+00:00,2026-09-11T19:13:40+00:00
2026,1,401872924,2026-09-13,12:00,00-0035643,Jeffery Simmons,TEN,NYJ,DL,tackles,3.3,1.1,6.0,0.918019453056901,0.7874240471634684,eligible,eligible_current_role,starter,Active,1.0,direct,20260908_1821_tackles_direct,2026-09-11T19:13:20+00:00,2026-09-11T19:13:40+00:00
2026,1,401872924,2026-09-13,12:00,00-0035672,Cody Barton,TEN,NYJ,LB,tackles,5.0,2.0,9.0,0.9804614149899794,0.9315798930990653,eligible,eligible_current_role,starter,,1.0,direct,20260908_1821_tackles_direct,2026-09-11T19:13:20+00:00,2026-09-11T19:13:40+00:00
2026,1,401872924,2026-09-13,12:00,00-0036266,Jordan Elliott,TEN,NYJ,DL,tackles,1.7,0.0,4.2,0.7612364557862858,0.4834904261544014,eligible,eligible_current_role,starter,,1.0,direct,20260908_1821_tackles_direct,2026-09-11T19:13:20+00:00,2026-09-11T19:13:40+00:00
2026,1,401872924,2026-09-13,12:00,00-0036421,Terrell Burgess,TEN,NYJ,DB,tackles,1.0,0.0,3.5,0.546959087530742,0.25816348028671937,eligible,eligible_current_role,backup,,3.0,direct,20260908_1821_tackles_direct,2026-09-11T19:13:20+00:00,2026-09-11T19:13:40+00:00
2026,1,401872924,2026-09-13,12:00,00-0036500,Jamien Sherwood,NYJ,TEN,LB,tackles,7.0,4.3,11.3,0.983495145631068,0.9631067961165048,eligible,eligible_current_role,starter,,1.0,direct,20260908_1821_tackles_direct,2026-09-11T19:13:20+00:00,2026-09-11T19:13:40+00:00
2026,1,401872924,2026-09-13,12:00,00-0036842,Kene Nwangwu,NYJ,TEN,RB,rushing_yards,6.7,-4.0,21.8,,,eligible,eligible_current_role,backup,,4.0,direct_component_blend,20260908_1821_rushing_yards_blend,2026-09-11T19:13:20+00:00,2026-09-11T19:13:40+00:00
2026,1,401872924,2026-09-13,12:00,00-0036842,Kene Nwangwu,NYJ,TEN,RB,receiving_yards,3.6,-13.6,32.4,,,eligible,eligible_current_role,backup,,4.0,direct_component_blend,20260908_1821_receiving_yards_blend,2026-09-11T19:13:20+00:00,2026-09-11T19:13:40+00:00
2026,1,401872924,2026-09-13,12:00,00-0036876,Kylen Granson,TEN,NYJ,TE,rushing_yards,0.0,-10.8,15.0,,,eligible,eligible_current_role,backup,,3.0,direct_component_blend,20260908_1821_rushing_yards_blend,2026-09-11T19:13:20+00:00,2026-09-11T19:13:40+00:00
2026,1,401872924,2026-09-13,12:00,00-0036876,Kylen Granson,TEN,NYJ,TE,receiving_yards,6.4,-10.7,35.2,,,eligible,eligible_current_role,backup,,3.0,direct_component_blend,20260908_1821_receiving_yards_blend,2026-09-11T19:13:20+00:00,2026-09-11T19:13:40+00:00
2026,1,401872924,2026-09-13,12:00,00-0036902,Joseph Ossai,NYJ,TEN,LB,tackles,1.7,0.0,5.8,0.7624870816611264,0.48502123073320297,eligible,questionable_flag,backup,Questionable,3.0,direct,20260908_1821_tackles_direct,2026-09-11T19:13:20+00:00,2026-09-11T19:13:40+00:00
2026,1,401872924,2026-09-13,12:00,00-0036941,Andre Cisco,NYJ,TEN,DB,tackles,3.2,0.5,6.7,0.9134186276204773,0.7738398130588151,eligible,eligible_current_role,backup,,2.0,direct,20260908_1821_tackles_direct,2026-09-11T19:13:20+00:00,2026-09-11T19:13:40+00:00
2026,1,401872924,2026-09-13,12:00,00-0036986,Nahshon Wright,NYJ,TEN,DB,tackles,4.3,1.6,7.8,0.9654552186771703,0.8859732811423907,eligible,eligible_current_role,starter,Active,1.0,direct,20260908_1821_tackles_direct,2026-09-11T19:13:20+00:00,2026-09-11T19:13:40+00:00
2026,1,401872924,2026-09-13,12:00,00-0036987,Brandon Stephens,NYJ,TEN,DB,tackles,4.2,1.5,7.7,0.9623642622962536,0.8783002789674318,eligible,eligible_current_role,starter,,1.0,direct,20260908_1821_tackles_direct,2026-09-11T19:13:20+00:00,2026-09-11T19:13:40+00:00
2026,1,401872924,2026-09-13,12:00,00-0037083,Kingsley Enagbare,NYJ,TEN,LB,tackles,3.1,0.2,7.2,0.9108074467714601,0.7663233278975349,eligible,eligible_current_role,starter,,1.0,direct,20260908_1821_tackles_direct,2026-09-11T19:13:20+00:00,2026-09-11T19:13:40+00:00
2026,1,401872924,2026-09-13,12:00,00-0037155,Tony Adams,TEN,NYJ,DB,tackles,3.4,1.2,6.1,0.9268827876076721,0.8059272652056799,eligible,eligible_current_role,backup,,2.0,direct,20260908_1821_tackles_direct,2026-09-11T19:13:20+00:00,2026-09-11T19:13:40+00:00
2026,1,401872924,2026-09-13,12:00,00-0037526,Marcelino McCrary-Ball,NYJ,TEN,LB,tackles,2.5,0.6,5.0,0.8700741639272914,0.6669518846908826,eligible,eligible_current_role,backup,,2.0,direct,20260908_1821_tackles_direct,2026-09-11T19:13:20+00:00,2026-09-11T19:13:40+00:00
2026,1,401872924,2026-09-13,12:00,00-0037594,Julius Chestnut,TEN,NYJ,RB,rushing_yards,1.8,-8.9,16.9,,,eligible,eligible_current_role,backup,,4.0,direct_component_blend,20260908_1821_rushing_yards_blend,2026-09-11T19:13:20+00:00,2026-09-11T19:13:40+00:00
2026,1,401872924,2026-09-13,12:00,00-0037594,Julius Chestnut,TEN,NYJ,RB,receiving_yards,0.8,-16.4,29.6,,,eligible,eligible_current_role,backup,,4.0,direct_component_blend,20260908_1821_receiving_yards_blend,2026-09-11T19:13:20+00:00,2026-09-11T19:13:40+00:00
2026,1,401872924,2026-09-13,12:00,00-0037663,Jermaine Johnson II,TEN,NYJ,LB,tackles,2.6,0.6,5.1,0.8746495700399447,0.6765954309345352,eligible,eligible_current_role,starter,,1.0,direct,20260908_1821_tackles_direct,2026-09-11T19:13:20+00:00,2026-09-11T19:13:40+00:00
2026,1,401872924,2026-09-13,12:00,00-0037740,Garrett Wilson,NYJ,TEN,WR,rushing_yards,0.0,-10.8,14.9,,,eligible,eligible_current_role,starter,Active,1.0,direct_component_blend,20260908_1821_rushing_yards_blend,2026-09-11T19:13:20+00:00,2026-09-11T19:13:40+00:00
2026,1,401872924,2026-09-13,12:00,00-0037740,Garrett Wilson,NYJ,TEN,WR,receiving_yards,40.9,14.3,90.1,,,eligible,eligible_current_role,starter,Active,1.0,direct_component_blend,20260908_1821_receiving_yards_blend,2026-09-11T19:13:20+00:00,2026-09-11T19:13:40+00:00
2026,1,401872924,2026-09-13,12:00,00-0037755,Jelani Woods,NYJ,TEN,TE,rushing_yards,0.0,-10.8,14.9,,,eligible,eligible_current_role,backup,,4.0,direct_component_blend,20260908_1821_rushing_yards_blend,2026-09-11T19:13:20+00:00,2026-09-11T19:13:40+00:00
2026,1,401872924,2026-09-13,12:00,00-0037755,Jelani Woods,NYJ,TEN,TE,receiving_yards,10.3,-6.8,39.2,,,eligible,eligible_current_role,backup,,4.0,direct_component_blend,20260908_1821_receiving_yards_blend,2026-09-11T19:13:20+00:00,2026-09-11T19:13:40+00:00
2026,1,401872924,2026-09-13,12:00,00-0037758,Cordale Flott,TEN,NYJ,DB,tackles,3.0,0.4,6.5,0.9032753359717507,0.7453479540511049,eligible,eligible_current_role,starter,,1.0,direct,20260908_1821_tackles_direct,2026-09-11T19:13:20+00:00,2026-09-11T19:13:40+00:00
2026,1,401872924,2026-09-13,12:00,00-0037805,Jeremy Ruckert,NYJ,TEN,TE,rushing_yards,0.0,-10.8,14.9,,,eligible,eligible_current_role,backup,,3.0,direct_component_blend,20260908_1821_rushing_yards_blend,2026-09-11T19:13:20+00:00,2026-09-11T19:13:40+00:00
2026,1,401872924,2026-09-13,12:00,00-0037805,Jeremy Ruckert,NYJ,TEN,TE,receiving_yards,12.3,-4.8,41.1,,,eligible,eligible_current_role,backup,,3.0,direct_component_blend,20260908_1821_receiving_yards_blend,2026-09-11T19:13:20+00:00,2026-09-11T19:13:40+00:00
2026,1,401872924,2026-09-13,12:00,00-0038115,Daniel Bellinger,TEN,NYJ,TE,rushing_yards,0.0,-10.8,15.0,,,eligible,eligible_current_role,backup,,2.0,direct_component_blend,20260908_1821_rushing_yards_blend,2026-09-11T19:13:20+00:00,2026-09-11T19:13:40+00:00
2026,1,401872924,2026-09-13,12:00,00-0038115,Daniel Bellinger,TEN,NYJ,TE,receiving_yards,21.9,4.8,50.8,,,eligible,eligible_current_role,backup,,2.0,direct_component_blend,20260908_1821_receiving_yards_blend,2026-09-11T19:13:20+00:00,2026-09-11T19:13:40+00:00
2026,1,401872924,2026-09-13,12:00,00-0038117,Wan'Dale Robinson,TEN,NYJ,WR,rushing_yards,0.1,-10.6,15.1,,,eligible,eligible_current_role,backup,Active,2.0,direct_component_blend,20260908_1821_rushing_yards_blend,2026-09-11T19:13:20+00:00,2026-09-11T19:13:40+00:00
2026,1,401872924,2026-09-13,12:00,00-0038117,Wan'Dale Robinson,TEN,NYJ,WR,receiving_yards,31.5,4.9,80.7,,,eligible,eligible_current_role,backup,Active,2.0,direct_component_blend,20260908_1821_receiving_yards_blend,2026-09-11T19:13:20+00:00,2026-09-11T19:13:40+00:00
2026,1,401872924,2026-09-13,12:00,00-0038120,Breece Hall,NYJ,TEN,RB,rushing_yards,58.5,36.5,89.5,,,eligible,eligible_current_role,starter,Active,1.0,direct_component_blend,20260908_1821_rushing_yards_blend,2026-09-11T19:13:20+00:00,2026-09-11T19:13:40+00:00
2026,1,401872924,2026-09-13,12:00,00-0038120,Breece Hall,NYJ,TEN,RB,receiving_yards,19.6,2.4,48.4,,,eligible,eligible_current_role,starter,Active,1.0,direct_component_blend,20260908_1821_receiving_yards_blend,2026-09-11T19:13:20+00:00,2026-09-11T19:13:40+00:00
2026,1,401872924,2026-09-13,12:00,00-0038121,Alontae Taylor,TEN,NYJ,DB,tackles,5.0,2.3,8.4,0.9801659142264816,0.928802734692691,eligible,eligible_current_role,starter,,1.0,direct,20260908_1821_tackles_direct,2026-09-11T19:13:20+00:00,2026-09-11T19:13:40+00:00
2026,1,401872924,2026-09-13,12:00,00-0038123,Dane Belton,NYJ,TEN,DB,tackles,5.9,3.2,9.4,0.9828998433201438,0.9562067787254376,eligible,eligible_current_role,starter,,1.0,direct,20260908_1821_tackles_direct,2026-09-11T19:13:20+00:00,2026-09-11T19:13:40+00:00
2026,1,401872924,2026-09-13,12:00,00-0038407,Jaylon Jones,TEN,NYJ,DB,tackles,1.2,0.0,3.7,0.5729646789994959,0.2823796772009119,eligible,eligible_current_role,backup,,2.0,direct,20260908_1821_tackles_direct,2026-09-11T19:13:20+00:00,2026-09-11T19:13:40+00:00
2026,1,401872924,2026-09-13,12:00,00-0038514,Truman Jones,TEN,NYJ,DL,tackles,1.0,0.0,3.5,0.5420534586198301,0.25382200751670103,eligible,eligible_current_role,backup,,3.0,direct,20260908_1821_tackles_direct,2026-09-11T19:13:20+00:00,2026-09-11T19:13:40+00:00
2026,1,401872924,2026-09-13,12:00,00-0038600,Owen Pappoe,TEN,NYJ,LB,tackles,0.9,0.0,3.4,0.49609143225980645,0.2176588884080407,eligible,eligible_current_role,backup,,2.0,direct,20260908_1821_tackles_direct,2026-09-11T19:13:20+00:00,2026-09-11T19:13:40+00:00
2026,1,401872924,2026-09-13,12:00,00-0038905,Blake Grupe,NYJ,TEN,K,kicking_points,6.8,1.8,12.7,,,eligible,eligible_current_role,starter,Active,1.0,component,20260908_1821_kicking_points_component,2026-09-11T19:13:20+00:00,2026-09-11T19:13:40+00:00
2026,1,401872924,2026-09-13,12:00,00-0039032,Tyjae Spears,TEN,NYJ,RB,rushing_yards,17.9,-4.1,48.8,,,eligible,eligible_current_role,backup,Active,2.0,direct_component_blend,20260908_1821_rushing_yards_blend,2026-09-11T19:13:20+00:00,2026-09-11T19:13:40+00:00
2026,1,401872924,2026-09-13,12:00,00-0039032,Tyjae Spears,TEN,NYJ,RB,receiving_yards,17.0,-0.2,45.8,,,eligible,eligible_current_role,backup,Active,2.0,direct_component_blend,20260908_1821_receiving_yards_blend,2026-09-11T19:13:20+00:00,2026-09-11T19:13:40+00:00
2026,1,401872924,2026-09-13,12:00,00-0039142,Will McDonald IV,NYJ,TEN,LB,tackles,2.4,0.0,6.5,0.8567116982617031,0.6398834782783592,eligible,eligible_current_role,starter,,1.0,direct,20260908_1821_tackles_direct,2026-09-11T19:13:20+00:00,2026-09-11T19:13:40+00:00
2026,1,401872924,2026-09-13,12:00,00-0039284,Braiden McGregor,NYJ,TEN,LB,tackles,1.7,0.0,4.2,0.7643393163117529,0.4873016105893241,eligible,eligible_current_role,backup,,2.0,direct,20260908_1821_tackles_direct,2026-09-11T19:13:20+00:00,2026-09-11T19:13:40+00:00
2026,1,401872924,2026-09-13,12:00,00-0039347,Trevin Wallace,NYJ,TEN,LB,tackles,3.1,0.2,7.2,0.9125269667848611,0.7712580056706771,eligible,eligible_current_role,backup,Active,2.0,direct,20260908_1821_tackles_direct,2026-09-11T19:13:20+00:00,2026-09-11T19:13:40+00:00
2026,1,401872924,2026-09-13,12:00,00-0039372,Jarvis Brownlee Jr.,NYJ,TEN,DB,tackles,4.9,2.7,7.6,0.9799526982342874,0.9268201990135846,eligible,eligible_current_role,starter,,1.0,direct,20260908_1821_tackles_direct,2026-09-11T19:13:20+00:00,2026-09-11T19:13:40+00:00
2026,1,401872924,2026-09-13,12:00,00-0039430,James Williams,TEN,NYJ,LB,tackles,2.1,0.2,4.6,0.8146589955544469,0.5628136282224415,eligible,eligible_current_role,starter,,1.0,direct,20260908_1821_tackles_direct,2026-09-11T19:13:20+00:00,2026-09-11T19:13:40+00:00
2026,1,401872924,2026-09-13,12:00,00-0039431,Jowon Briggs,NYJ,TEN,DL,tackles,1.5,0.0,4.3,0.7194105047409609,0.4328950699568089,eligible,eligible_current_role,backup,,3.0,direct,20260908_1821_tackles_direct,2026-09-11T19:13:20+00:00,2026-09-11T19:13:40+00:00
2026,1,401872924,2026-09-13,12:00,00-0039451,Isaiah Williams,NYJ,TEN,WR,rushing_yards,0.3,-10.4,15.3,,,eligible,eligible_current_role,backup,,4.0,direct_component_blend,20260908_1821_rushing_yards_blend,2026-09-11T19:13:20+00:00,2026-09-11T19:13:40+00:00
2026,1,401872924,2026-09-13,12:00,00-0039451,Isaiah Williams,NYJ,TEN,WR,receiving_yards,13.3,-13.3,62.5,,,eligible,eligible_current_role,backup,,4.0,direct_component_blend,20260908_1821_receiving_yards_blend,2026-09-11T19:13:20+00:00,2026-09-11T19:13:40+00:00
2026,1,401872924,2026-09-13,12:00,00-0039648,David Martin-Robinson,TEN,NYJ,TE,rushing_yards,0.0,-10.8,15.0,,,eligible,eligible_current_role,backup,,4.0,direct_component_blend,20260908_1821_rushing_yards_blend,2026-09-11T19:13:20+00:00,2026-09-11T19:13:40+00:00
2026,1,401872924,2026-09-13,12:00,00-0039648,David Martin-Robinson,TEN,NYJ,TE,receiving_yards,4.0,-13.2,32.8,,,eligible,eligible_current_role,backup,,4.0,direct_component_blend,20260908_1821_receiving_yards_blend,2026-09-11T19:13:20+00:00,2026-09-11T19:13:40+00:00
2026,1,401872924,2026-09-13,12:00,00-0039789,Qwan'tez Stiggers,NYJ,TEN,DB,tackles,2.7,0.1,6.3,0.8839839107812044,0.6969282787257649,eligible,eligible_current_role,backup,Active,2.0,direct,20260908_1821_tackles_direct,2026-09-11T19:13:20+00:00,2026-09-11T19:13:40+00:00
2026,1,401872924,2026-09-13,12:00,00-0039794,Braelon Allen,NYJ,TEN,RB,rushing_yards,14.6,-7.4,45.5,,,eligible,eligible_current_role,backup,Active,2.0,direct_component_blend,20260908_1821_rushing_yards_blend,2026-09-11T19:13:20+00:00,2026-09-11T19:13:40+00:00
2026,1,401872924,2026-09-13,12:00,00-0039794,Braelon Allen,NYJ,TEN,RB,receiving_yards,4.3,-12.9,33.1,,,eligible,eligible_current_role,backup,Active,2.0,direct_component_blend,20260908_1821_receiving_yards_blend,2026-09-11T19:13:20+00:00,2026-09-11T19:13:40+00:00
2026,1,401872924,2026-09-13,12:00,00-0039798,Isaiah Davis,NYJ,TEN,RB,rushing_yards,13.9,-8.1,44.9,,,eligible,eligible_current_role,backup,Active,3.0,direct_component_blend,20260908_1821_rushing_yards_blend,2026-09-11T19:13:20+00:00,2026-09-11T19:13:40+00:00
2026,1,401872924,2026-09-13,12:00,00-0039798,Isaiah Davis,NYJ,TEN,RB,receiving_yards,5.5,-11.6,34.3,,,eligible,eligible_current_role,backup,Active,3.0,direct_component_blend,20260908_1821_receiving_yards_blend,2026-09-11T19:13:20+00:00,2026-09-11T19:13:40+00:00
2026,1,401872924,2026-09-13,12:00,00-0039858,Cedric Gray,TEN,NYJ,LB,tackles,7.4,5.1,12.1,0.983495145631068,0.9631067961165048,eligible,questionable_flag,starter,Questionable,1.0,direct,20260908_1821_tackles_direct,2026-09-11T19:13:20+00:00,2026-09-11T19:13:40+00:00
2026,1,401872924,2026-09-13,12:00,00-0039886,T'Vondre Sweat,NYJ,TEN,DL,tackles,2.4,0.5,4.9,0.8610925729300777,0.648586642602175,eligible,eligible_current_role,starter,,1.0,direct,20260908_1821_tackles_direct,2026-09-11T19:13:20+00:00,2026-09-11T19:13:40+00:00
2026,1,401872924,2026-09-13,12:00,00-0039890,Adonai Mitchell,NYJ,TEN,WR,rushing_yards,0.0,-10.8,14.9,,,eligible,eligible_current_role,backup,Active,2.0,direct_component_blend,20260908_1821_rushing_yards_blend,2026-09-11T19:13:20+00:00,2026-09-11T19:13:40+00:00
2026,1,401872924,2026-09-13,12:00,00-0039890,Adonai Mitchell,NYJ,TEN,WR,receiving_yards,27.4,0.7,76.5,,,eligible,eligible_current_role,backup,Active,2.0,direct_component_blend,20260908_1821_receiving_yards_blend,2026-09-11T19:13:20+00:00,2026-09-11T19:13:40+00:00
2026,1,401872924,2026-09-13,12:00,00-0040020,Micah Robinson,TEN,NYJ,DB,tackles,0.8,0.0,3.2,0.4274127749754775,0.15852265806589416,eligible,eligible_current_role,backup,,2.0,direct,20260908_1821_tackles_direct,2026-09-11T19:13:20+00:00,2026-09-11T19:13:40+00:00
2026,1,401872924,2026-09-13,12:00,00-0040041,Nazir Stackhouse,TEN,NYJ,DL,tackles,0.8,0.0,3.2,0.42793770106143586,0.1592115496298218,eligible,eligible_current_role,backup,,3.0,direct,20260908_1821_tackles_direct,2026-09-11T19:13:20+00:00,2026-09-11T19:13:40+00:00
2026,1,401872924,2026-09-13,12:00,00-0040133,Azareye'h Thomas,NYJ,TEN,DB,tackles,2.7,0.1,6.2,0.8827470966291041,0.6941805882221197,eligible,eligible_current_role,backup,,2.0,direct,20260908_1821_tackles_direct,2026-09-11T19:13:20+00:00,2026-09-11T19:13:40+00:00
2026,1,401872924,2026-09-13,12:00,00-0040141,Kevin Winston Jr.,TEN,NYJ,DB,tackles,4.2,2.0,6.9,0.9638417385491996,0.8819474531547901,eligible,eligible_current_role,starter,,1.0,direct,20260908_1821_tackles_direct,2026-09-11T19:13:20+00:00,2026-09-11T19:13:40+00:00
2026,1,401872924,2026-09-13,12:00,00-0040165,Malachi Moore,NYJ,TEN,DB,tackles,3.4,0.7,6.9,0.9236474397710401,0.8003156791804604,eligible,eligible_current_role,backup,,3.0,direct,20260908_1821_tackles_direct,2026-09-11T19:13:20+00:00,2026-09-11T19:13:40+00:00
2026,1,401872924,2026-09-13,12:00,00-0040170,Elic Ayomanor,TEN,NYJ,WR,rushing_yards,0.0,-10.8,15.0,,,eligible,eligible_current_role,backup,Active,5.0,direct_component_blend,20260908_1821_rushing_yards_blend,2026-09-11T19:13:20+00:00,2026-09-11T19:13:40+00:00
2026,1,401872924,2026-09-13,12:00,00-0040170,Elic Ayomanor,TEN,NYJ,WR,receiving_yards,22.5,-4.2,71.7,,,eligible,eligible_current_role,backup,Active,5.0,direct_component_blend,20260908_1821_receiving_yards_blend,2026-09-11T19:13:20+00:00,2026-09-11T19:13:40+00:00
2026,1,401872924,2026-09-13,12:00,00-0040186,Francisco Mauigoa,NYJ,TEN,LB,tackles,3.9,1.9,6.3,0.950204428209289,0.8495287664883375,eligible,eligible_current_role,starter,Active,1.0,direct,20260908_1821_tackles_direct,2026-09-11T19:13:20+00:00,2026-09-11T19:13:40+00:00
2026,1,401872924,2026-09-13,12:00,00-0040201,Marcus Harris,TEN,NYJ,DB,tackles,2.9,0.3,6.4,0.8958928862998083,0.725700880365798,eligible,eligible_current_role,starter,Active,1.0,direct,20260908_1821_tackles_direct,2026-09-11T19:13:20+00:00,2026-09-11T19:13:40+00:00
2026,1,401872924,2026-09-13,12:00,00-0040582,Arian Smith,NYJ,TEN,WR,rushing_yards,0.2,-10.5,15.2,,,eligible,eligible_current_role,backup,,6.0,direct_component_blend,20260908_1821_rushing_yards_blend,2026-09-11T19:13:20+00:00,2026-09-11T19:13:40+00:00
2026,1,401872924,2026-09-13,12:00,00-0040582,Arian Smith,NYJ,TEN,WR,receiving_yards,4.6,-12.6,33.4,,,eligible,eligible_current_role,backup,,6.0,direct_component_blend,20260908_1821_receiving_yards_blend,2026-09-11T19:13:20+00:00,2026-09-11T19:13:40+00:00
2026,1,401872924,2026-09-13,12:00,00-0040584,Gunnar Helm,TEN,NYJ,TE,rushing_yards,0.0,-10.7,15.0,,,eligible,eligible_current_role,starter,Active,1.0,direct_component_blend,20260908_1821_rushing_yards_blend,2026-09-11T19:13:20+00:00,2026-09-11T19:13:40+00:00
2026,1,401872924,2026-09-13,12:00,00-0040584,Gunnar Helm,TEN,NYJ,TE,receiving_yards,25.1,7.9,53.9,,,eligible,eligible_current_role,starter,Active,1.0,direct_component_blend,20260908_1821_receiving_yards_blend,2026-09-11T19:13:20+00:00,2026-09-11T19:13:40+00:00
2026,1,401872924,2026-09-13,12:00,00-0040676,Cam Ward,TEN,NYJ,QB,passing_yards,216.7,123.2,322.9,,,eligible,eligible_current_role,starter,Active,1.0,direct_component_blend,20260908_1821_passing_yards_blend,2026-09-11T19:13:20+00:00,2026-09-11T19:13:40+00:00
2026,1,401872924,2026-09-13,12:00,00-0040676,Cam Ward,TEN,NYJ,QB,passing_tds,1.464,,,0.8049529834350585,0.46863171866658154,eligible,eligible_current_role,starter,Active,1.0,direct_component_blend,20260908_1821_passing_tds_blend,2026-09-11T19:13:20+00:00,2026-09-11T19:13:40+00:00
2026,1,401872924,2026-09-13,12:00,00-0040676,Cam Ward,TEN,NYJ,QB,rushing_yards,6.2,-6.5,24.2,,,eligible,eligible_current_role,starter,Active,1.0,direct_component_blend,20260908_1821_rushing_yards_blend,2026-09-11T19:13:20+00:00,2026-09-11T19:13:40+00:00
2026,1,401872924,2026-09-13,12:00,00-0040705,Chimere Dike,TEN,NYJ,WR,rushing_yards,1.1,-9.6,16.2,,,eligible,eligible_current_role,backup,Active,4.0,direct_component_blend,20260908_1821_rushing_yards_blend,2026-09-11T19:13:20+00:00,2026-09-11T19:13:40+00:00
2026,1,401872924,2026-09-13,12:00,00-0040705,Chimere Dike,TEN,NYJ,WR,receiving_yards,25.1,-1.5,74.3,,,eligible,eligible_current_role,backup,Active,4.0,direct_component_blend,20260908_1821_receiving_yards_blend,2026-09-11T19:13:20+00:00,2026-09-11T19:13:40+00:00
2026,1,401872924,2026-09-13,12:00,00-0040736,Mason Taylor,NYJ,TEN,TE,rushing_yards,0.0,-10.8,14.9,,,eligible,eligible_current_role,starter,Active,1.0,direct_component_blend,20260908_1821_rushing_yards_blend,2026-09-11T19:13:20+00:00,2026-09-11T19:13:40+00:00
2026,1,401872924,2026-09-13,12:00,00-0040736,Mason Taylor,NYJ,TEN,TE,receiving_yards,26.3,6.6,60.6,,,eligible,eligible_current_role,starter,Active,1.0,direct_component_blend,20260908_1821_receiving_yards_blend,2026-09-11T19:13:20+00:00,2026-09-11T19:13:40+00:00
2026,1,401872924,2026-09-13,12:00,00-0040752,Oluwafemi Oladejo,TEN,NYJ,LB,tackles,1.2,0.0,3.7,0.5702372697498822,0.2797411696537985,eligible,eligible_current_role,backup,,3.0,direct,20260908_1821_tackles_direct,2026-09-11T19:13:20+00:00,2026-09-11T19:13:40+00:00
2026,1,401872924,2026-09-13,12:00,00-0040886,Nicholas Singleton,TEN,NYJ,RB,rushing_yards,11.7,-18.5,54.2,,,eligible,eligible_current_role,backup,Active,3.0,direct_component_blend,20260908_1821_rushing_yards_blend,2026-09-11T19:13:20+00:00,2026-09-11T19:13:40+00:00
2026,1,401872924,2026-09-13,12:00,00-0040886,Nicholas Singleton,TEN,NYJ,RB,receiving_yards,3.6,-19.0,44.2,,,eligible,eligible_current_role,backup,Active,3.0,direct_component_blend,20260908_1821_receiving_yards_blend,2026-09-11T19:13:20+00:00,2026-09-11T19:13:40+00:00
2026,1,401872924,2026-09-13,12:00,00-0040892,Jackie Marshall,TEN,NYJ,DL,tackles,1.1,0.0,4.6,0.5558463319859184,0.26620662913993764,eligible,eligible_current_role,backup,,2.0,direct,20260908_1821_tackles_direct,2026-09-11T19:13:20+00:00,2026-09-11T19:13:40+00:00
2026,1,401872924,2026-09-13,12:00,00-0040937,Dominic Richardson,NYJ,TEN,RB,rushing_yards,10.7,-19.6,53.2,,,eligible,eligible_current_role,roster_only,,,direct_component_blend,20260908_1821_rushing_yards_blend,2026-09-11T19:13:20+00:00,2026-09-11T19:13:40+00:00
2026,1,401872924,2026-09-13,12:00,00-0040937,Dominic Richardson,NYJ,TEN,RB,receiving_yards,3.2,-19.5,43.7,,,eligible,eligible_current_role,roster_only,,,direct_component_blend,20260908_1821_receiving_yards_blend,2026-09-11T19:13:20+00:00,2026-09-11T19:13:40+00:00
2026,1,401872924,2026-09-13,12:00,00-0041032,Kenyon Sadiq,NYJ,TEN,TE,rushing_yards,0.0,-14.8,20.6,,,eligible,eligible_current_role,backup,Active,2.0,direct_component_blend,20260908_1821_rushing_yards_blend,2026-09-11T19:13:20+00:00,2026-09-11T19:13:40+00:00
2026,1,401872924,2026-09-13,12:00,00-0041032,Kenyon Sadiq,NYJ,TEN,TE,receiving_yards,7.1,-15.5,47.7,,,eligible,eligible_current_role,backup,Active,2.0,direct_component_blend,20260908_1821_receiving_yards_blend,2026-09-11T19:13:20+00:00,2026-09-11T19:13:40+00:00
2026,1,401872924,2026-09-13,12:00,00-0041038,D'Angelo Ponds,NYJ,TEN,DB,tackles,1.8,0.0,5.8,0.7745948609994676,0.5002212291147923,eligible,questionable_flag,backup,Questionable,2.0,direct,20260908_1821_tackles_direct,2026-09-11T19:13:20+00:00,2026-09-11T19:13:40+00:00
2026,1,401872924,2026-09-13,12:00,00-0041056,Cade Klubnik,NYJ,TEN,QB,rushing_yards,6.0,-11.5,30.7,,,eligible,eligible_current_role,backup,Active,2.0,direct_component_blend,20260908_1821_rushing_yards_blend,2026-09-11T19:13:20+00:00,2026-09-11T19:13:40+00:00
2026,1,401872924,2026-09-13,12:00,00-0041438,Carnell Tate,TEN,NYJ,WR,rushing_yards,0.0,-14.8,20.6,,,eligible,eligible_current_role,starter,Active,1.0,direct_component_blend,20260908_1821_rushing_yards_blend,2026-09-11T19:13:20+00:00,2026-09-11T19:13:40+00:00
2026,1,401872924,2026-09-13,12:00,00-0041438,Carnell Tate,TEN,NYJ,WR,receiving_yards,16.6,-6.1,57.2,,,eligible,eligible_current_role,starter,Active,1.0,direct_component_blend,20260908_1821_receiving_yards_blend,2026-09-11T19:13:20+00:00,2026-09-11T19:13:40+00:00
2026,1,401872924,2026-09-13,12:00,00-0041479,Anthony Hill Jr.,TEN,NYJ,LB,tackles,1.5,0.0,5.0,0.7285095578848545,0.4436879263543354,eligible,eligible_current_role,backup,,2.0,direct,20260908_1821_tackles_direct,2026-09-11T19:13:20+00:00,2026-09-11T19:13:40+00:00
2026,1,401872924,2026-09-13,12:00,00-0041508,Keldric Faulk,TEN,NYJ,LB,tackles,1.5,0.0,5.0,0.7285095578848545,0.4436879263543354,eligible,eligible_current_role,backup,Active,2.0,direct,20260908_1821_tackles_direct,2026-09-11T19:13:20+00:00,2026-09-11T19:13:40+00:00
2026,1,401872924,2026-09-13,12:00,00-0041511,Omar Cooper Jr.,NYJ,TEN,WR,rushing_yards,0.0,-14.8,20.6,,,eligible,eligible_current_role,backup,Active,3.0,direct_component_blend,20260908_1821_rushing_yards_blend,2026-09-11T19:13:20+00:00,2026-09-11T19:13:40+00:00
2026,1,401872924,2026-09-13,12:00,00-0041511,Omar Cooper Jr.,NYJ,TEN,WR,receiving_yards,5.4,-17.3,46.0,,,eligible,eligible_current_role,backup,Active,3.0,direct_component_blend,20260908_1821_receiving_yards_blend,2026-09-11T19:13:20+00:00,2026-09-11T19:13:40+00:00
2026,1,401872924,2026-09-13,12:00,00-0041549,Darrell Jackson Jr.,NYJ,TEN,DL,tackles,1.1,0.0,4.6,0.5558512914247618,0.26621118358746043,eligible,eligible_current_role,backup,,2.0,direct,20260908_1821_tackles_direct,2026-09-11T19:13:20+00:00,2026-09-11T19:13:40+00:00
2026,1,401872924,2026-09-13,12:00,00-0041577,Connor Hulstein,NYJ,TEN,TE,rushing_yards,0.0,-14.8,20.6,,,eligible,eligible_current_role,roster_only,,,direct_component_blend,20260908_1821_rushing_yards_blend,2026-09-11T19:13:20+00:00,2026-09-11T19:13:40+00:00
2026,1,401872924,2026-09-13,12:00,00-0041577,Connor Hulstein,NYJ,TEN,TE,receiving_yards,5.1,-17.5,45.7,,,eligible,eligible_current_role,roster_only,,,direct_component_blend,20260908_1821_receiving_yards_blend,2026-09-11T19:13:20+00:00,2026-09-11T19:13:40+00:00
2026,1,401872924,2026-09-13,12:00,BAI173035,David Bailey,NYJ,TEN,LB,tackles,1.5,0.0,5.0,0.7005543189615894,0.41115180355970626,eligible,eligible_current_role,backup,,2.0,direct,20260908_1821_tackles_direct,2026-09-11T19:13:20+00:00,2026-09-11T19:13:40+00:00
2026,1,401872925,2026-09-13,13:00,00-0026158,Joe Flacco,CIN,TB,QB,rushing_yards,3.5,-7.2,18.6,,,eligible,eligible_current_role,backup,,2.0,direct_component_blend,20260908_1821_rushing_yards_blend,2026-09-11T19:13:20+00:00,2026-09-11T19:13:40+00:00
2026,1,401872925,2026-09-13,13:00,00-0031957,Rakeem Nunez-Roches,TB,CIN,DL,tackles,1.2,0.0,3.7,0.571466647661973,0.28092752359221196,eligible,eligible_current_role,backup,,2.0,direct,20260908_1821_tackles_direct,2026-09-11T19:13:20+00:00,2026-09-11T19:13:40+00:00
2026,1,401872925,2026-09-13,13:00,00-0032399,Miles Killebrew,TB,CIN,DB,tackles,0.9,0.0,3.3,0.4694211737987731,0.19852809610481223,eligible,eligible_current_role,backup,,2.0,direct,20260908_1821_tackles_direct,2026-09-11T19:13:20+00:00,2026-09-11T19:13:40+00:00
2026,1,401872925,2026-09-13,13:00,00-0032889,A'Shawn Robinson,TB,CIN,DL,tackles,3.6,1.4,6.3,0.9342831544954046,0.81912701926292,eligible,eligible_current_role,starter,,1.0,direct,20260908_1821_tackles_direct,2026-09-11T19:13:20+00:00,2026-09-11T19:13:40+00:00
2026,1,401872925,2026-09-13,13:00,00-0033523,Jonathan Allen,CIN,TB,DL,tackles,3.3,1.1,6.0,0.9187241944082448,0.7895456024775802,eligible,eligible_current_role,starter,Active,1.0,direct,20260908_1821_tackles_direct,2026-09-11T19:13:20+00:00,2026-09-11T19:13:40+00:00
2026,1,401872925,2026-09-13,13:00,00-0033526,Samaje Perine,CIN,TB,RB,rushing_yards,16.1,-5.9,47.0,,,eligible,eligible_current_role,backup,Active,2.0,direct_component_blend,20260908_1821_rushing_yards_blend,2026-09-11T19:13:20+00:00,2026-09-11T19:13:40+00:00
2026,1,401872925,2026-09-13,13:00,00-0033526,Samaje Perine,CIN,TB,RB,receiving_yards,7.9,-9.3,36.7,,,eligible,eligible_current_role,backup,Active,2.0,direct_component_blend,20260908_1821_receiving_yards_blend,2026-09-11T19:13:20+00:00,2026-09-11T19:13:40+00:00
2026,1,401872925,2026-09-13,13:00,00-0033921,Chris Godwin Jr.,TB,CIN,WR,rushing_yards,0.0,-10.8,15.0,,,eligible,eligible_current_role,backup,Active,2.0,direct_component_blend,20260908_1821_rushing_yards_blend,2026-09-11T19:13:20+00:00,2026-09-11T19:13:40+00:00
2026,1,401872925,2026-09-13,13:00,00-0033921,Chris Godwin Jr.,TB,CIN,WR,receiving_yards,48.8,22.2,98.0,,,eligible,eligible_current_role,backup,Active,2.0,direct_component_blend,20260908_1821_receiving_yards_blend,2026-09-11T19:13:20+00:00,2026-09-11T19:13:40+00:00
2026,1,401872925,2026-09-13,13:00,00-0033964,Al-Quadin Muhammad,TB,CIN,LB,tackles,1.3,0.0,3.8,0.627132028578903,0.3337576804572268,eligible,eligible_current_role,backup,,2.0,direct,20260908_1821_tackles_direct,2026-09-11T19:13:20+00:00,2026-09-11T19:13:40+00:00
2026,1,401872925,2026-09-13,13:00,00-0034446,Jalen Davis,CIN,TB,DB,tackles,3.6,1.4,6.3,0.9365227961837415,0.8232301568647084,eligible,eligible_current_role,starter,,1.0,direct,20260908_1821_tackles_direct,2026-09-11T19:13:20+00:00,2026-09-11T19:13:40+00:00
2026,1,401872925,2026-09-13,13:00,00-0034754,Oren Burks,CIN,TB,LB,tackles,3.2,1.2,5.7,0.9169386342264112,0.7841919767104317,eligible,eligible_current_role,starter,,1.0,direct,20260908_1821_tackles_direct,2026-09-11T19:13:20+00:00,2026-09-11T19:13:40+00:00
2026,1,401872925,2026-09-13,13:00,00-0034773,Vita Vea,TB,CIN,DL,tackles,2.3,0.2,5.1,0.8421070162548879,0.6118022254477536,eligible,eligible_current_role,starter,Active,1.0,direct,20260908_1821_tackles_direct,2026-09-11T19:13:20+00:00,2026-09-11T19:13:40+00:00
2026,1,401872925,2026-09-13,13:00,00-0034800,B.J. Hill,CIN,TB,DL,tackles,1.7,0.0,4.1,0.7547457144756415,0.4756585220250501,eligible,eligible_current_role,backup,Active,2.0,direct,20260908_1821_tackles_direct,2026-09-11T19:13:20+00:00,2026-09-11T19:13:40+00:00
2026,1,401872925,2026-09-13,13:00,00-0034829,Mike Gesicki,CIN,TB,TE,rushing_yards,0.0,-10.8,15.0,,,eligible,eligible_current_role,starter,Active,1.0,direct_component_blend,20260908_1821_rushing_yards_blend,2026-09-11T19:13:20+00:00,2026-09-11T19:13:40+00:00
2026,1,401872925,2026-09-13,13:00,00-0034829,Mike Gesicki,CIN,TB,TE,receiving_yards,20.7,3.5,49.5,,,eligible,eligible_current_role,starter,Active,1.0,direct_component_blend,20260908_1821_receiving_yards_blend,2026-09-11T19:13:20+00:00,2026-09-11T19:13:40+00:00
2026,1,401872925,2026-09-13,13:00,00-0034855,Baker Mayfield,TB,CIN,QB,passing_yards,241.1,147.6,347.3,,,eligible,eligible_current_role,starter,Active,1.0,direct_component_blend,20260908_1821_passing_yards_blend,2026-09-11T19:13:20+00:00,2026-09-11T19:13:40+00:00
2026,1,401872925,2026-09-13,13:00,00-0034855,Baker Mayfield,TB,CIN,QB,passing_tds,1.589,,,0.8125,0.5119047619047619,eligible,eligible_current_role,starter,Active,1.0,direct_component_blend,20260908_1821_passing_tds_blend,2026-09-11T19:13:20+00:00,2026-09-11T19:13:40+00:00
2026,1,401872925,2026-09-13,13:00,00-0034855,Baker Mayfield,TB,CIN,QB,rushing_yards,11.7,-1.1,29.6,,,eligible,eligible_current_role,starter,Active,1.0,direct_component_blend,20260908_1821_rushing_yards_blend,2026-09-11T19:13:20+00:00,2026-09-11T19:13:40+00:00
2026,1,401872925,2026-09-13,13:00,00-0035254,Anthony Nelson,TB,CIN,LB,tackles,1.1,0.0,3.6,0.5635363344702401,0.2733589206135764,eligible,eligible_current_role,backup,,2.0,direct,20260908_1821_tackles_direct,2026-09-11T19:13:20+00:00,2026-09-11T19:13:40+00:00
2026,1,401872925,2026-09-13,13:00,00-0035358,Chase McLaughlin,TB,CIN,K,kicking_points,6.8,1.7,12.6,,,eligible,eligible_current_role,starter,Active,1.0,component,20260908_1821_kicking_points_component,2026-09-11T19:13:20+00:00,2026-09-11T19:13:40+00:00
2026,1,401872925,2026-09-13,13:00,00-0035631,Drew Sample,CIN,TB,TE,rushing_yards,0.0,-10.8,15.0,,,eligible,eligible_current_role,backup,,2.0,direct_component_blend,20260908_1821_rushing_yards_blend,2026-09-11T19:13:20+00:00,2026-09-11T19:13:40+00:00
2026,1,401872925,2026-09-13,13:00,00-0035631,Drew Sample,CIN,TB,TE,receiving_yards,8.4,-8.8,37.2,,,eligible,eligible_current_role,backup,,2.0,direct_component_blend,20260908_1821_receiving_yards_blend,2026-09-11T19:13:20+00:00,2026-09-11T19:13:40+00:00
2026,1,401872925,2026-09-13,13:00,00-0035683,Dexter Lawrence,CIN,TB,DL,tackles,2.4,0.3,5.2,0.8603300669066646,0.6470602266692689,eligible,eligible_current_role,starter,,1.0,direct,20260908_1821_tackles_direct,2026-09-11T19:13:20+00:00,2026-09-11T19:13:40+00:00
2026,1,401872925,2026-09-13,13:00,00-0036231,Kyle Dugger,CIN,TB,DB,tackles,2.8,0.2,6.4,0.8939363914398476,0.7206310479184422,eligible,eligible_current_role,backup,,2.0,direct,20260908_1821_tackles_direct,2026-09-11T19:13:20+00:00,2026-09-11T19:13:40+00:00
2026,1,401872925,2026-09-13,13:00,00-0036410,Tee Higgins,CIN,TB,WR,rushing_yards,0.0,-10.8,15.0,,,eligible,eligible_current_role,backup,Active,2.0,direct_component_blend,20260908_1821_rushing_yards_blend,2026-09-11T19:13:20+00:00,2026-09-11T19:13:40+00:00
2026,1,401872925,2026-09-13,13:00,00-0036410,Tee Higgins,CIN,TB,WR,receiving_yards,46.1,19.5,95.3,,,eligible,eligible_current_role,backup,Active,2.0,direct_component_blend,20260908_1821_receiving_yards_blend,2026-09-11T19:13:20+00:00,2026-09-11T19:13:40+00:00
2026,1,401872925,2026-09-13,13:00,00-0036411,Antoine Winfield Jr.,TB,CIN,DB,tackles,6.0,3.3,9.4,0.9830416761929001,0.9577676305765744,eligible,eligible_current_role,starter,,1.0,direct,20260908_1821_tackles_direct,2026-09-11T19:13:20+00:00,2026-09-11T19:13:40+00:00
2026,1,401872925,2026-09-13,13:00,00-0036442,Joe Burrow,CIN,TB,QB,passing_yards,257.1,163.6,363.3,,,eligible,eligible_current_role,starter,Active,1.0,direct_component_blend,20260908_1821_passing_yards_blend,2026-09-11T19:13:20+00:00,2026-09-11T19:13:40+00:00
2026,1,401872925,2026-09-13,13:00,00-0036442,Joe Burrow,CIN,TB,QB,passing_tds,1.982,,,0.8571428571428571,0.5535714285714286,eligible,eligible_current_role,starter,Active,1.0,direct_component_blend,20260908_1821_passing_tds_blend,2026-09-11T19:13:20+00:00,2026-09-11T19:13:40+00:00
2026,1,401872925,2026-09-13,13:00,00-0036442,Joe Burrow,CIN,TB,QB,rushing_yards,6.0,-6.8,23.9,,,eligible,eligible_current_role,starter,Active,1.0,direct_component_blend,20260908_1821_rushing_yards_blend,2026-09-11T19:13:20+00:00,2026-09-11T19:13:40+00:00
2026,1,401872925,2026-09-13,13:00,00-0036642,Tedarrell Slaton,CIN,TB,DL,tackles,1.7,0.0,4.1,0.755973519931879,0.47712569656302617,eligible,eligible_current_role,backup,,2.0,direct,20260908_1821_tackles_direct,2026-09-11T19:13:20+00:00,2026-09-11T19:13:40+00:00
2026,1,401872925,2026-09-13,13:00,00-0036854,Evan McPherson,CIN,TB,K,kicking_points,7.6,2.5,13.4,,,eligible,eligible_current_role,starter,Active,1.0,component,20260908_1821_kicking_points_component,2026-09-11T19:13:20+00:00,2026-09-11T19:13:40+00:00
2026,1,401872925,2026-09-13,13:00,00-0036900,Ja'Marr Chase,CIN,TB,WR,rushing_yards,0.0,-10.7,15.1,,,eligible,eligible_current_role,starter,Active,1.0,direct_component_blend,20260908_1821_rushing_yards_blend,2026-09-11T19:13:20+00:00,2026-09-11T19:13:40+00:00
2026,1,401872925,2026-09-13,13:00,00-0036900,Ja'Marr Chase,CIN,TB,WR,receiving_yards,79.2,52.6,128.4,,,eligible,eligible_current_role,starter,Active,1.0,direct_component_blend,20260908_1821_receiving_yards_blend,2026-09-11T19:13:20+00:00,2026-09-11T19:13:40+00:00
2026,1,401872925,2026-09-13,13:00,00-0036919,Kenny Gainwell,TB,CIN,RB,rushing_yards,24.7,2.7,55.6,,,eligible,eligible_current_role,backup,Active,2.0,direct_component_blend,20260908_1821_rushing_yards_blend,2026-09-11T19:13:20+00:00,2026-09-11T19:13:40+00:00
2026,1,401872925,2026-09-13,13:00,00-0036919,Kenny Gainwell,TB,CIN,RB,receiving_yards,16.5,-0.7,45.3,,,eligible,eligible_current_role,backup,Active,2.0,direct_component_blend,20260908_1821_receiving_yards_blend,2026-09-11T19:13:20+00:00,2026-09-11T19:13:40+00:00
2026,1,401872925,2026-09-13,13:00,00-0037193,Bryan Cook,CIN,TB,DB,tackles,4.9,2.2,8.3,0.9798044587038927,0.9254518787548881,eligible,eligible_current_role,starter,Active,1.0,direct,20260908_1821_tackles_direct,2026-09-11T19:13:20+00:00,2026-09-11T19:13:40+00:00
2026,1,401872925,2026-09-13,13:00,00-0037268,Zyon McCollum,TB,CIN,DB,tackles,3.9,1.2,7.4,0.9478985978956266,0.8449770975539841,eligible,eligible_current_role,starter,Active,1.0,direct,20260908_1821_tackles_direct,2026-09-11T19:13:20+00:00,2026-09-11T19:13:40+00:00
2026,1,401872925,2026-09-13,13:00,00-0037311,Ko Kieft,TB,CIN,TE,rushing_yards,0.0,-10.8,15.0,,,eligible,eligible_current_role,backup,,3.0,direct_component_blend,20260908_1821_rushing_yards_blend,2026-09-11T19:13:20+00:00,2026-09-11T19:13:40+00:00
2026,1,401872925,2026-09-13,13:00,00-0037311,Ko Kieft,TB,CIN,TE,receiving_yards,3.5,-13.7,32.3,,,eligible,eligible_current_role,backup,,3.0,direct_component_blend,20260908_1821_receiving_yards_blend,2026-09-11T19:13:20+00:00,2026-09-11T19:13:40+00:00
2026,1,401872925,2026-09-13,13:00,00-0037743,Daxton Hill,CIN,TB,DB,tackles,4.7,2.0,8.1,0.9755939182923471,0.9124627830133407,eligible,eligible_current_role,starter,Active,1.0,direct,20260908_1821_tackles_direct,2026-09-11T19:13:20+00:00,2026-09-11T19:13:40+00:00
2026,1,401872925,2026-09-13,13:00,00-0038129,Cade Otton,TB,CIN,TE,rushing_yards,0.0,-10.8,15.0,,,eligible,eligible_current_role,starter,Active,1.0,direct_component_blend,20260908_1821_rushing_yards_blend,2026-09-11T19:13:20+00:00,2026-09-11T19:13:40+00:00
2026,1,401872925,2026-09-13,13:00,00-0038129,Cade Otton,TB,CIN,TE,receiving_yards,26.8,9.6,55.6,,,eligible,eligible_current_role,starter,Active,1.0,direct_component_blend,20260908_1821_receiving_yards_blend,2026-09-11T19:13:20+00:00,2026-09-11T19:13:40+00:00
2026,1,401872925,2026-09-13,13:00,00-0038133,Boye Mafe,CIN,TB,DL,tackles,2.1,0.2,4.7,0.8231224660993935,0.5774790781927275,eligible,eligible_current_role,starter,,1.0,direct,20260908_1821_tackles_direct,2026-09-11T19:13:20+00:00,2026-09-11T19:13:40+00:00
2026,1,401872925,2026-09-13,13:00,00-0038546,Myles Murphy,CIN,TB,DL,tackles,2.5,0.6,5.0,0.8671298517725722,0.6608512405164685,eligible,eligible_current_role,starter,Active,1.0,direct,20260908_1821_tackles_direct,2026-09-11T19:13:20+00:00,2026-09-11T19:13:40+00:00
2026,1,401872925,2026-09-13,13:00,00-0038549,DJ Turner II,CIN,TB,DB,tackles,3.0,0.8,5.7,0.9021733466598271,0.7423608691167278,eligible,questionable_flag,starter,Questionable,1.0,direct,20260908_1821_tackles_direct,2026-09-11T19:13:20+00:00,2026-09-11T19:13:40+00:00
2026,1,401872925,2026-09-13,13:00,00-0038560,Jordan Battle,CIN,TB,DB,tackles,6.0,3.3,9.5,0.9831407161208158,0.9588694482463744,eligible,eligible_current_role,starter,,1.0,direct,20260908_1821_tackles_direct,2026-09-11T19:13:20+00:00,2026-09-11T19:13:40+00:00
2026,1,401872925,2026-09-13,13:00,00-0038597,Chase Brown,CIN,TB,RB,rushing_yards,57.4,35.4,88.3,,,eligible,eligible_current_role,starter,Active,1.0,direct_component_blend,20260908_1821_rushing_yards_blend,2026-09-11T19:13:20+00:00,2026-09-11T19:13:40+00:00
2026,1,401872925,2026-09-13,13:00,00-0038597,Chase Brown,CIN,TB,RB,receiving_yards,23.4,6.2,52.2,,,eligible,eligible_current_role,starter,Active,1.0,direct_component_blend,20260908_1821_receiving_yards_blend,2026-09-11T19:13:20+00:00,2026-09-11T19:13:40+00:00
2026,1,401872925,2026-09-13,13:00,00-0038619,Andrei Iosivas,CIN,TB,WR,rushing_yards,0.0,-10.7,15.0,,,eligible,eligible_current_role,backup,Active,3.0,direct_component_blend,20260908_1821_rushing_yards_blend,2026-09-11T19:13:20+00:00,2026-09-11T19:13:40+00:00
2026,1,401872925,2026-09-13,13:00,00-0038619,Andrei Iosivas,CIN,TB,WR,receiving_yards,18.5,1.3,47.3,,,eligible,eligible_current_role,backup,Active,3.0,direct_component_blend,20260908_1821_receiving_yards_blend,2026-09-11T19:13:20+00:00,2026-09-11T19:13:40+00:00
2026,1,401872925,2026-09-13,13:00,00-0038642,D.J. Ivey,CIN,TB,DB,tackles,2.4,0.3,5.2,0.8550552288862852,0.63663400886022,eligible,eligible_current_role,backup,,2.0,direct,20260908_1821_tackles_direct,2026-09-11T19:13:20+00:00,2026-09-11T19:13:40+00:00
2026,1,401872925,2026-09-13,13:00,00-0038951,Sean Tucker,TB,CIN,RB,rushing_yards,10.1,-11.9,41.0,,,eligible,questionable_flag,backup,Questionable,3.0,direct_component_blend,20260908_1821_rushing_yards_blend,2026-09-11T19:13:20+00:00,2026-09-11T19:13:40+00:00
2026,1,401872925,2026-09-13,13:00,00-0038951,Sean Tucker,TB,CIN,RB,receiving_yards,1.7,-15.5,30.5,,,eligible,questionable_flag,backup,Questionable,3.0,direct_component_blend,20260908_1821_receiving_yards_blend,2026-09-11T19:13:20+00:00,2026-09-11T19:13:40+00:00
2026,1,401872925,2026-09-13,13:00,00-0039050,Payne Durham,TB,CIN,TE,rushing_yards,0.0,-10.8,15.0,,,eligible,eligible_current_role,backup,,2.0,direct_component_blend,20260908_1821_rushing_yards_blend,2026-09-11T19:13:20+00:00,2026-09-11T19:13:40+00:00
2026,1,401872925,2026-09-13,13:00,00-0039050,Payne Durham,TB,CIN,TE,receiving_yards,2.8,-14.4,31.6,,,eligible,eligible_current_role,backup,,2.0,direct_component_blend,20260908_1821_receiving_yards_blend,2026-09-11T19:13:20+00:00,2026-09-11T19:13:40+00:00
2026,1,401872925,2026-09-13,13:00,00-0039063,Calijah Kancey,TB,CIN,DL,tackles,1.5,0.0,4.0,0.7127931055485109,0.42517029759681413,eligible,eligible_current_role,starter,,1.0,direct,20260908_1821_tackles_direct,2026-09-11T19:13:20+00:00,2026-09-11T19:13:40+00:00
2026,1,401872925,2026-09-13,13:00,00-0039068,Yaya Diaby,TB,CIN,LB,tackles,2.9,0.0,7.0,0.8976853189303249,0.7303944332376033,eligible,eligible_current_role,starter,,1.0,direct,20260908_1821_tackles_direct,2026-09-11T19:13:20+00:00,2026-09-11T19:13:40+00:00
2026,1,401872925,2026-09-13,13:00,00-0039313,Swayze Bozeman,CIN,TB,LB,tackles,0.7,0.0,3.2,0.42444906114974507,0.15466164113553785,eligible,eligible_current_role,backup,,2.0,direct,20260908_1821_tackles_direct,2026-09-11T19:13:20+00:00,2026-09-11T19:13:40+00:00
2026,1,401872925,2026-09-13,13:00,00-0039361,Bucky Irving,TB,CIN,RB,rushing_yards,51.4,29.4,82.3,,,eligible,eligible_current_role,starter,Active,1.0,direct_component_blend,20260908_1821_rushing_yards_blend,2026-09-11T19:13:20+00:00,2026-09-11T19:13:40+00:00
2026,1,401872925,2026-09-13,13:00,00-0039361,Bucky Irving,TB,CIN,RB,receiving_yards,16.8,-0.3,45.6,,,eligible,eligible_current_role,starter,Active,1.0,direct_component_blend,20260908_1821_receiving_yards_blend,2026-09-11T19:13:20+00:00,2026-09-11T19:13:40+00:00
2026,1,401872925,2026-09-13,13:00,00-0039375,Josh Newton,CIN,TB,DB,tackles,1.7,0.0,4.1,0.7565166386913524,0.47777681181805504,eligible,eligible_current_role,backup,Active,2.0,direct,20260908_1821_tackles_direct,2026-09-11T19:13:20+00:00,2026-09-11T19:13:40+00:00
2026,1,401872925,2026-09-13,13:00,00-0039589,Kameron Johnson,TB,CIN,WR,rushing_yards,0.1,-10.6,15.1,,,eligible,eligible_current_role,backup,,6.0,direct_component_blend,20260908_1821_rushing_yards_blend,2026-09-11T19:13:20+00:00,2026-09-11T19:13:40+00:00
2026,1,401872925,2026-09-13,13:00,00-0039589,Kameron Johnson,TB,CIN,WR,receiving_yards,1.4,-15.8,30.2,,,eligible,eligible_current_role,backup,,6.0,direct_component_blend,20260908_1821_receiving_yards_blend,2026-09-11T19:13:20+00:00,2026-09-11T19:13:40+00:00
2026,1,401872925,2026-09-13,13:00,00-0039632,PJ Jules,CIN,TB,DB,tackles,0.9,0.0,3.3,0.48409631017793553,0.20889379560111376,eligible,eligible_current_role,backup,,2.0,direct,20260908_1821_tackles_direct,2026-09-11T19:13:20+00:00,2026-09-11T19:13:40+00:00
2026,1,401872925,2026-09-13,13:00,00-0039752,Cedric Johnson,CIN,TB,DL,tackles,1.2,0.0,3.7,0.5749619207040819,0.2843270075718357,eligible,eligible_current_role,backup,,3.0,direct,20260908_1821_tackles_direct,2026-09-11T19:13:20+00:00,2026-09-11T19:13:40+00:00
2026,1,401872925,2026-09-13,13:00,00-0039814,Erick All,CIN,TB,TE,rushing_yards,0.0,-10.8,15.0,,,eligible,eligible_current_role,backup,Active,3.0,direct_component_blend,20260908_1821_rushing_yards_blend,2026-09-11T19:13:20+00:00,2026-09-11T19:13:40+00:00
2026,1,401872925,2026-09-13,13:00,00-0039814,Erick All,CIN,TB,TE,receiving_yards,8.0,-9.1,36.8,,,eligible,eligible_current_role,backup,Active,3.0,direct_component_blend,20260908_1821_receiving_yards_blend,2026-09-11T19:13:20+00:00,2026-09-11T19:13:40+00:00
2026,1,401872925,2026-09-13,13:00,00-0039846,Tykee Smith,TB,CIN,DB,tackles,4.3,2.1,7.0,0.9664965874591126,0.8885964450014529,eligible,eligible_current_role,starter,,1.0,direct,20260908_1821_tackles_direct,2026-09-11T19:13:20+00:00,2026-09-11T19:13:40+00:00
2026,1,401872925,2026-09-13,13:00,00-0039855,Jalen McMillan,TB,CIN,WR,rushing_yards,0.5,-10.2,15.5,,,eligible,questionable_flag,backup,Questionable,3.0,direct_component_blend,20260908_1821_rushing_yards_blend,2026-09-11T19:13:20+00:00,2026-09-11T19:13:40+00:00
2026,1,401872925,2026-09-13,13:00,00-0039855,Jalen McMillan,TB,CIN,WR,receiving_yards,29.3,2.6,78.5,,,eligible,questionable_flag,backup,Questionable,3.0,direct_component_blend,20260908_1821_receiving_yards_blend,2026-09-11T19:13:20+00:00,2026-09-11T19:13:40+00:00
2026,1,401872925,2026-09-13,13:00,00-0039908,Kris Jenkins,CIN,TB,DL,tackles,1.4,0.0,3.9,0.6665168993895196,0.3739043316420457,eligible,eligible_current_role,backup,Active,3.0,direct,20260908_1821_tackles_direct,2026-09-11T19:13:20+00:00,2026-09-11T19:13:40+00:00
2026,1,401872925,2026-09-13,13:00,00-0040089,Kevin Knowles,TB,CIN,DB,tackles,0.9,0.0,3.7,0.5148355508643312,0.23190095159588348,eligible,eligible_current_role,backup,,3.0,direct,20260908_1821_tackles_direct,2026-09-11T19:13:20+00:00,2026-09-11T19:13:40+00:00
2026,1,401872925,2026-09-13,13:00,00-0040129,Emeka Egbuka,TB,CIN,WR,rushing_yards,0.0,-10.7,15.1,,,eligible,eligible_current_role,starter,Active,1.0,direct_component_blend,20260908_1821_rushing_yards_blend,2026-09-11T19:13:20+00:00,2026-09-11T19:13:40+00:00
2026,1,401872925,2026-09-13,13:00,00-0040129,Emeka Egbuka,TB,CIN,WR,receiving_yards,51.6,25.0,100.8,,,eligible,eligible_current_role,starter,Active,1.0,direct_component_blend,20260908_1821_receiving_yards_blend,2026-09-11T19:13:20+00:00,2026-09-11T19:13:40+00:00
2026,1,401872925,2026-09-13,13:00,00-0040143,Jacob Parrish,TB,CIN,DB,tackles,5.4,2.7,8.9,0.9817185993104609,0.9438365250311376,eligible,eligible_current_role,starter,,1.0,direct,20260908_1821_tackles_direct,2026-09-11T19:13:20+00:00,2026-09-11T19:13:40+00:00
2026,1,401872925,2026-09-13,13:00,00-0040157,Barrett Carter,CIN,TB,LB,tackles,6.1,3.1,10.1,0.983294062393622,0.960596210699717,eligible,eligible_current_role,starter,,1.0,direct,20260908_1821_tackles_direct,2026-09-11T19:13:20+00:00,2026-09-11T19:13:40+00:00
2026,1,401872925,2026-09-13,13:00,00-0040158,David Walker,TB,CIN,LB,tackles,1.0,0.0,4.5,0.5407958308846712,0.25277553372298606,eligible,eligible_current_role,backup,,3.0,direct,20260908_1821_tackles_direct,2026-09-11T19:13:20+00:00,2026-09-11T19:13:40+00:00
2026,1,401872925,2026-09-13,13:00,00-0040183,Elijah Roberts,TB,CIN,DL,tackles,1.4,0.0,3.9,0.6658316399126486,0.3731795791016872,eligible,eligible_current_role,backup,,2.0,direct,20260908_1821_tackles_direct,2026-09-11T19:13:20+00:00,2026-09-11T19:13:40+00:00
2026,1,401872925,2026-09-13,13:00,00-0040208,Tahj Brooks,CIN,TB,RB,rushing_yards,5.9,-16.1,36.9,,,eligible,eligible_current_role,backup,Active,3.0,direct_component_blend,20260908_1821_rushing_yards_blend,2026-09-11T19:13:20+00:00,2026-09-11T19:13:40+00:00
2026,1,401872925,2026-09-13,13:00,00-0040208,Tahj Brooks,CIN,TB,RB,receiving_yards,3.0,-14.2,31.8,,,eligible,eligible_current_role,backup,Active,3.0,direct_component_blend,20260908_1821_receiving_yards_blend,2026-09-11T19:13:20+00:00,2026-09-11T19:13:40+00:00
2026,1,401872925,2026-09-13,13:00,00-0040237,Tez Johnson,TB,CIN,WR,rushing_yards,0.3,-10.4,15.3,,,eligible,eligible_current_role,backup,Active,5.0,direct_component_blend,20260908_1821_rushing_yards_blend,2026-09-11T19:13:20+00:00,2026-09-11T19:13:40+00:00
2026,1,401872925,2026-09-13,13:00,00-0040237,Tez Johnson,TB,CIN,WR,receiving_yards,7.5,-9.7,36.3,,,eligible,eligible_current_role,backup,Active,5.0,direct_component_blend,20260908_1821_receiving_yards_blend,2026-09-11T19:13:20+00:00,2026-09-11T19:13:40+00:00
2026,1,401872925,2026-09-13,13:00,00-0040384,Elijah Simmons,TB,CIN,DL,tackles,0.9,0.0,3.4,0.5043408370142646,0.22384366640323136,eligible,eligible_current_role,backup,,3.0,direct,20260908_1821_tackles_direct,2026-09-11T19:13:20+00:00,2026-09-11T19:13:40+00:00
2026,1,401872925,2026-09-13,13:00,00-0040534,Ke'Shawn Williams,CIN,TB,WR,rushing_yards,0.4,-10.3,15.5,,,eligible,eligible_current_role,backup,,6.0,direct_component_blend,20260908_1821_rushing_yards_blend,2026-09-11T19:13:20+00:00,2026-09-11T19:13:40+00:00
2026,1,401872925,2026-09-13,13:00,00-0040534,Ke'Shawn Williams,CIN,TB,WR,receiving_yards,3.6,-13.6,32.4,,,eligible,eligible_current_role,backup,,6.0,direct_component_blend,20260908_1821_receiving_yards_blend,2026-09-11T19:13:20+00:00,2026-09-11T19:13:40+00:00
2026,1,401872925,2026-09-13,13:00,00-0040738,Demetrius Knight Jr.,CIN,TB,LB,tackles,5.4,3.4,7.8,0.9818643331427572,0.9453110246040418,eligible,eligible_current_role,starter,,1.0,direct,20260908_1821_tackles_direct,2026-09-11T19:13:20+00:00,2026-09-11T19:13:40+00:00
2026,1,401872925,2026-09-13,13:00,00-0040747,Benjamin Morrison,TB,CIN,DB,tackles,3.9,1.2,7.4,0.9485207049309222,0.8462153832058088,eligible,eligible_current_role,starter,,1.0,direct,20260908_1821_tackles_direct,2026-09-11T19:13:20+00:00,2026-09-11T19:13:40+00:00
2026,1,401872925,2026-09-13,13:00,00-0040756,Shemar Stewart,CIN,TB,DL,tackles,1.5,0.0,3.9,0.6917534235218263,0.40128057714789594,eligible,questionable_flag,backup,Questionable,2.0,direct,20260908_1821_tackles_direct,2026-09-11T19:13:20+00:00,2026-09-11T19:13:40+00:00
2026,1,401872925,2026-09-13,13:00,00-0040785,Dohnte Meyers,CIN,TB,WR,rushing_yards,0.0,-14.8,20.6,,,eligible,eligible_current_role,backup,Active,5.0,direct_component_blend,20260908_1821_rushing_yards_blend,2026-09-11T19:13:20+00:00,2026-09-11T19:13:40+00:00
2026,1,401872925,2026-09-13,13:00,00-0040785,Dohnte Meyers,CIN,TB,WR,receiving_yards,7.6,-15.1,48.2,,,eligible,eligible_current_role,backup,Active,5.0,direct_component_blend,20260908_1821_receiving_yards_blend,2026-09-11T19:13:20+00:00,2026-09-11T19:13:40+00:00
2026,1,401872925,2026-09-13,13:00,00-0041031,Rueben Bain Jr.,TB,CIN,LB,tackles,2.9,0.3,6.4,0.8985944761898653,0.7327934040850896,eligible,eligible_current_role,starter,Active,1.0,direct,20260908_1821_tackles_direct,2026-09-11T19:13:20+00:00,2026-09-11T19:13:40+00:00
2026,1,401872925,2026-09-13,13:00,00-0041048,Ted Hurst III,TB,CIN,WR,rushing_yards,0.0,-14.8,20.6,,,eligible,eligible_current_role,backup,Active,4.0,direct_component_blend,20260908_1821_rushing_yards_blend,2026-09-11T19:13:20+00:00,2026-09-11T19:13:40+00:00
2026,1,401872925,2026-09-13,13:00,00-0041048,Ted Hurst III,TB,CIN,WR,receiving_yards,7.0,-15.7,47.5,,,eligible,eligible_current_role,backup,Active,4.0,direct_component_blend,20260908_1821_receiving_yards_blend,2026-09-11T19:13:20+00:00,2026-09-11T19:13:40+00:00
2026,1,401872925,2026-09-13,13:00,00-0041057,Keionte Scott,TB,CIN,DB,tackles,2.0,0.0,5.9,0.7917201382220403,0.5248419391931866,eligible,eligible_current_role,backup,Active,2.0,direct,20260908_1821_tackles_direct,2026-09-11T19:13:20+00:00,2026-09-11T19:13:40+00:00
2026,1,401872925,2026-09-13,13:00,00-0041069,Colbie Young,CIN,TB,WR,rushing_yards,0.0,-14.8,20.6,,,eligible,eligible_current_role,backup,Active,4.0,direct_component_blend,20260908_1821_rushing_yards_blend,2026-09-11T19:13:20+00:00,2026-09-11T19:13:40+00:00
2026,1,401872925,2026-09-13,13:00,00-0041069,Colbie Young,CIN,TB,WR,receiving_yards,7.6,-15.1,48.2,,,eligible,eligible_current_role,backup,Active,4.0,direct_component_blend,20260908_1821_receiving_yards_blend,2026-09-11T19:13:20+00:00,2026-09-11T19:13:40+00:00
2026,1,401872925,2026-09-13,13:00,00-0041079,DeMonte Capehart,TB,CIN,DL,tackles,1.1,0.0,4.6,0.5579585394610526,0.26815310491702715,eligible,eligible_current_role,backup,,2.0,direct,20260908_1821_tackles_direct,2026-09-11T19:13:20+00:00,2026-09-11T19:13:40+00:00
2026,1,401872925,2026-09-13,13:00,00-0041094,Bauer Sharp,TB,CIN,TE,rushing_yards,0.0,-14.8,20.6,,,eligible,eligible_current_role,backup,,4.0,direct_component_blend,20260908_1821_rushing_yards_blend,2026-09-11T19:13:20+00:00,2026-09-11T19:13:40+00:00
2026,1,401872925,2026-09-13,13:00,00-0041094,Bauer Sharp,TB,CIN,TE,receiving_yards,5.5,-17.2,46.0,,,eligible,eligible_current_role,backup,,4.0,direct_component_blend,20260908_1821_receiving_yards_blend,2026-09-11T19:13:20+00:00,2026-09-11T19:13:40+00:00
2026,1,401872925,2026-09-13,13:00,00-0041116,Jack Endries,CIN,TB,TE,rushing_yards,0.0,-14.8,20.6,,,eligible,eligible_current_role,backup,Active,4.0,direct_component_blend,20260908_1821_rushing_yards_blend,2026-09-11T19:13:20+00:00,2026-09-11T19:13:40+00:00
2026,1,401872925,2026-09-13,13:00,00-0041116,Jack Endries,CIN,TB,TE,receiving_yards,6.5,-16.1,47.1,,,eligible,eligible_current_role,backup,Active,4.0,direct_component_blend,20260908_1821_receiving_yards_blend,2026-09-11T19:13:20+00:00,2026-09-11T19:13:40+00:00
2026,1,401872925,2026-09-13,13:00,00-0041118,Landon Robinson,CIN,TB,DL,tackles,1.0,0.0,4.5,0.5305131026325022,0.24434297608715033,eligible,eligible_current_role,backup,,4.0,direct,20260908_1821_tackles_direct,2026-09-11T19:13:20+00:00,2026-09-11T19:13:40+00:00
2026,1,401872925,2026-09-13,13:00,00-0041251,Jalon Daniels,TB,CIN,QB,rushing_yards,6.9,-10.7,31.6,,,eligible,eligible_current_role,backup,Active,2.0,direct_component_blend,20260908_1821_rushing_yards_blend,2026-09-11T19:13:20+00:00,2026-09-11T19:13:40+00:00
2026,1,401872925,2026-09-13,13:00,00-0041253,Ayden Garnes,TB,CIN,DB,tackles,2.0,0.0,5.9,0.7917201382220403,0.5248419391931866,eligible,eligible_current_role,backup,,2.0,direct,20260908_1821_tackles_direct,2026-09-11T19:13:20+00:00,2026-09-11T19:13:40+00:00
2026,1,401872925,2026-09-13,13:00,00-0041464,Tacario Davis,CIN,TB,DB,tackles,2.0,0.0,5.9,0.7889590743484091,0.5204353209040798,eligible,eligible_current_role,backup,,2.0,direct,20260908_1821_tackles_direct,2026-09-11T19:13:20+00:00,2026-09-11T19:13:40+00:00
2026,1,401872925,2026-09-13,13:00,00-0041546,Cashius Howell,CIN,TB,DL,tackles,1.1,0.0,4.6,0.5558217797995102,0.26618408299911434,eligible,eligible_current_role,backup,Active,2.0,direct,20260908_1821_tackles_direct,2026-09-11T19:13:20+00:00,2026-09-11T19:13:40+00:00
2026,1,401872926,2026-09-13,13:25,00-0030294,Tony Jefferson,LAC,ARI,DB,tackles,2.9,0.3,6.5,0.9003136988951798,0.7373643879497545,eligible,eligible_current_role,backup,Active,2.0,direct,20260908_1821_tackles_direct,2026-09-11T19:13:20+00:00,2026-09-11T19:13:40+00:00
2026,1,401872926,2026-09-13,13:25,00-0031040,Khalil Mack,LAC,ARI,LB,tackles,3.0,0.1,7.1,0.907379478420743,0.7566522753001772,eligible,eligible_current_role,starter,,1.0,direct,20260908_1821_tackles_direct,2026-09-11T19:13:20+00:00,2026-09-11T19:13:40+00:00
2026,1,401872926,2026-09-13,13:25,00-0032146,Bud Dupree,LAC,ARI,LB,tackles,1.1,0.0,3.6,0.5624265487783351,0.27231549343254713,eligible,eligible_current_role,backup,,2.0,direct,20260908_1821_tackles_direct,2026-09-11T19:13:20+00:00,2026-09-11T19:13:40+00:00
2026,1,401872926,2026-09-13,13:25,00-0033066,Andrew Billings,ARI,LAC,DL,tackles,1.3,0.0,3.8,0.6046866858932219,0.3121830799565288,eligible,eligible_current_role,backup,,2.0,direct,20260908_1821_tackles_direct,2026-09-11T19:13:20+00:00,2026-09-11T19:13:40+00:00
2026,1,401872926,2026-09-13,13:25,00-0033119,Jacoby Brissett,ARI,LAC,QB,passing_yards,203.3,109.8,309.5,,,eligible,eligible_current_role,starter,Active,1.0,direct_component_blend,20260908_1821_passing_yards_blend,2026-09-11T19:13:20+00:00,2026-09-11T19:13:40+00:00
2026,1,401872926,2026-09-13,13:25,00-0033119,Jacoby Brissett,ARI,LAC,QB,passing_tds,1.342,,,0.7378665937000096,0.39285714285714285,eligible,eligible_current_role,starter,Active,1.0,direct_component_blend,20260908_1821_passing_tds_blend,2026-09-11T19:13:20+00:00,2026-09-11T19:13:40+00:00
2026,1,401872926,2026-09-13,13:25,00-0033119,Jacoby Brissett,ARI,LAC,QB,rushing_yards,4.6,-6.1,19.7,,,eligible,eligible_current_role,starter,Active,1.0,direct_component_blend,20260908_1821_rushing_yards_blend,2026-09-11T19:13:20+00:00,2026-09-11T19:13:40+00:00
2026,1,401872926,2026-09-13,13:25,00-0033307,Kendrick Bourne,ARI,LAC,WR,rushing_yards,0.0,-10.8,15.0,,,eligible,eligible_current_role,backup,,3.0,direct_component_blend,20260908_1821_rushing_yards_blend,2026-09-11T19:13:20+00:00,2026-09-11T19:13:40+00:00
2026,1,401872926,2026-09-13,13:25,00-0033307,Kendrick Bourne,ARI,LAC,WR,receiving_yards,13.1,-4.0,41.9,,,eligible,eligible_current_role,backup,,3.0,direct_component_blend,20260908_1821_receiving_yards_blend,2026-09-11T19:13:20+00:00,2026-09-11T19:13:40+00:00
2026,1,401872926,2026-09-13,13:25,00-0033546,Dalvin Tomlinson,LAC,ARI,DL,tackles,1.8,0.0,4.3,0.7696234458313241,0.4938953055403372,eligible,eligible_current_role,starter,,1.0,direct,20260908_1821_tackles_direct,2026-09-11T19:13:20+00:00,2026-09-11T19:13:40+00:00
2026,1,401872926,2026-09-13,13:25,00-0033885,David Njoku,LAC,ARI,TE,rushing_yards,0.0,-10.8,14.9,,,eligible,eligible_current_role,backup,Active,2.0,direct_component_blend,20260908_1821_rushing_yards_blend,2026-09-11T19:13:20+00:00,2026-09-11T19:13:40+00:00
2026,1,401872926,2026-09-13,13:25,00-0033885,David Njoku,LAC,ARI,TE,receiving_yards,10.8,-6.4,39.6,,,eligible,eligible_current_role,backup,Active,2.0,direct_component_blend,20260908_1821_receiving_yards_blend,2026-09-11T19:13:20+00:00,2026-09-11T19:13:40+00:00
2026,1,401872926,2026-09-13,13:25,00-0033890,Budda Baker,ARI,LAC,DB,tackles,6.7,4.1,10.3,0.983495145631068,0.9631067961165048,eligible,eligible_current_role,starter,,1.0,direct,20260908_1821_tackles_direct,2026-09-11T19:13:20+00:00,2026-09-11T19:13:40+00:00
2026,1,401872926,2026-09-13,13:25,00-0034356,Donte Jackson,LAC,ARI,DB,tackles,2.5,0.4,5.3,0.8657270094966851,0.657972518751703,eligible,eligible_current_role,starter,,1.0,direct,20260908_1821_tackles_direct,2026-09-11T19:13:20+00:00,2026-09-11T19:13:40+00:00
2026,1,401872926,2026-09-13,13:25,00-0034381,Josh Sweat,ARI,LAC,LB,tackles,1.4,0.0,3.9,0.6859126620336915,0.3948237115974538,eligible,eligible_current_role,starter,Active,1.0,direct,20260908_1821_tackles_direct,2026-09-11T19:13:20+00:00,2026-09-11T19:13:40+00:00
2026,1,401872926,2026-09-13,13:25,00-0034790,Derwin James,LAC,ARI,DB,tackles,6.0,3.3,9.5,0.9831277869273723,0.9587250324020986,eligible,eligible_current_role,starter,,1.0,direct,20260908_1821_tackles_direct,2026-09-11T19:13:20+00:00,2026-09-11T19:13:40+00:00
2026,1,401872926,2026-09-13,13:25,00-0035125,Alec Ingold,LAC,ARI,RB,rushing_yards,3.5,-7.2,18.5,,,eligible,eligible_current_role,starter,,1.0,direct_component_blend,20260908_1821_rushing_yards_blend,2026-09-11T19:13:20+00:00,2026-09-11T19:13:40+00:00
2026,1,401872926,2026-09-13,13:25,00-0035125,Alec Ingold,LAC,ARI,RB,receiving_yards,9.7,-7.5,38.5,,,eligible,eligible_current_role,starter,,1.0,direct_component_blend,20260908_1821_receiving_yards_blend,2026-09-11T19:13:20+00:00,2026-09-11T19:13:40+00:00
2026,1,401872926,2026-09-13,13:25,00-0035144,Mack Wilson,ARI,LAC,LB,tackles,5.3,2.3,9.2,0.9813078802786037,0.9397458110994157,eligible,eligible_current_role,starter,,1.0,direct,20260908_1821_tackles_direct,2026-09-11T19:13:20+00:00,2026-09-11T19:13:40+00:00
2026,1,401872926,2026-09-13,13:25,00-0035289,Gardner Minshew,ARI,LAC,QB,rushing_yards,5.4,-5.3,20.5,,,eligible,eligible_current_role,backup,Active,2.0,direct_component_blend,20260908_1821_rushing_yards_blend,2026-09-11T19:13:20+00:00,2026-09-11T19:13:40+00:00
2026,1,401872926,2026-09-13,13:25,00-0035378,Andrew Wingard,ARI,LAC,DB,tackles,5.0,2.3,8.5,0.980424231171091,0.9312284831135691,eligible,eligible_current_role,starter,,1.0,direct,20260908_1821_tackles_direct,2026-09-11T19:13:20+00:00,2026-09-11T19:13:40+00:00
2026,1,401872926,2026-09-13,13:25,00-0035636,L.J. Collier,ARI,LAC,DL,tackles,1.2,0.0,3.8,0.5835843195088891,0.29288385919885285,eligible,eligible_current_role,backup,,2.0,direct,20260908_1821_tackles_direct,2026-09-11T19:13:20+00:00,2026-09-11T19:13:40+00:00
2026,1,401872926,2026-09-13,13:25,00-0036181,Teair Tart,LAC,ARI,DL,tackles,2.0,0.1,4.5,0.799083029010385,0.5367602065074931,eligible,eligible_current_role,starter,,1.0,direct,20260908_1821_tackles_direct,2026-09-11T19:13:20+00:00,2026-09-11T19:13:40+00:00
2026,1,401872926,2026-09-13,13:25,00-0036331,Devin Duvernay,ARI,LAC,WR,rushing_yards,0.0,-10.7,15.1,,,eligible,eligible_current_role,backup,,5.0,direct_component_blend,20260908_1821_rushing_yards_blend,2026-09-11T19:13:20+00:00,2026-09-11T19:13:40+00:00
2026,1,401872926,2026-09-13,13:25,00-0036331,Devin Duvernay,ARI,LAC,WR,receiving_yards,4.3,-12.9,33.1,,,eligible,eligible_current_role,backup,,5.0,direct_component_blend,20260908_1821_receiving_yards_blend,2026-09-11T19:13:20+00:00,2026-09-11T19:13:40+00:00
2026,1,401872926,2026-09-13,13:25,00-0036355,Justin Herbert,LAC,ARI,QB,passing_yards,255.4,161.9,361.6,,,eligible,eligible_current_role,starter,Active,1.0,direct_component_blend,20260908_1821_passing_yards_blend,2026-09-11T19:13:20+00:00,2026-09-11T19:13:40+00:00
2026,1,401872926,2026-09-13,13:25,00-0036355,Justin Herbert,LAC,ARI,QB,passing_tds,1.907,,,0.8526185988077877,0.5489443876544381,eligible,eligible_current_role,starter,Active,1.0,direct_component_blend,20260908_1821_passing_tds_blend,2026-09-11T19:13:20+00:00,2026-09-11T19:13:40+00:00
2026,1,401872926,2026-09-13,13:25,00-0036355,Justin Herbert,LAC,ARI,QB,rushing_yards,15.1,2.3,33.0,,,eligible,eligible_current_role,starter,Active,1.0,direct_component_blend,20260908_1821_rushing_yards_blend,2026-09-11T19:13:20+00:00,2026-09-11T19:13:40+00:00
2026,1,401872926,2026-09-13,13:25,00-0036568,Roy Lopez,ARI,LAC,DL,tackles,2.1,0.2,4.6,0.8146882777175377,0.5628637310309538,eligible,eligible_current_role,starter,,1.0,direct,20260908_1821_tackles_direct,2026-09-11T19:13:20+00:00,2026-09-11T19:13:40+00:00
2026,1,401872926,2026-09-13,13:25,00-0036646,Simi Fehoko,ARI,LAC,WR,rushing_yards,0.0,-10.7,15.0,,,eligible,eligible_current_role,backup,,7.0,direct_component_blend,20260908_1821_rushing_yards_blend,2026-09-11T19:13:20+00:00,2026-09-11T19:13:40+00:00
2026,1,401872926,2026-09-13,13:25,00-0036646,Simi Fehoko,ARI,LAC,WR,receiving_yards,5.3,-11.9,34.1,,,eligible,eligible_current_role,backup,,7.0,direct_component_blend,20260908_1821_receiving_yards_blend,2026-09-11T19:13:20+00:00,2026-09-11T19:13:40+00:00
2026,1,401872926,2026-09-13,13:25,00-0036933,Zaven Collins,ARI,LAC,LB,tackles,3.1,1.1,5.6,0.9111726327376964,0.7673665475086854,eligible,eligible_current_role,starter,,1.0,direct,20260908_1821_tackles_direct,2026-09-11T19:13:20+00:00,2026-09-11T19:13:40+00:00
2026,1,401872926,2026-09-13,13:25,00-0036992,Elijah Molden,LAC,ARI,DB,tackles,4.2,2.0,6.9,0.9636555059630724,0.8814857024063912,eligible,eligible_current_role,starter,,1.0,direct,20260908_1821_tackles_direct,2026-09-11T19:13:20+00:00,2026-09-11T19:13:40+00:00
2026,1,401872926,2026-09-13,13:25,00-0036995,Baron Browning,ARI,LAC,LB,tackles,1.8,0.0,4.3,0.7680979275623792,0.4919781497029897,eligible,eligible_current_role,backup,,2.0,direct,20260908_1821_tackles_direct,2026-09-11T19:13:20+00:00,2026-09-11T19:13:40+00:00
2026,1,401872926,2026-09-13,13:25,00-0037004,Hunter Long,ARI,LAC,TE,rushing_yards,0.0,-10.8,15.0,,,eligible,eligible_current_role,backup,Active,3.0,direct_component_blend,20260908_1821_rushing_yards_blend,2026-09-11T19:13:20+00:00,2026-09-11T19:13:40+00:00
2026,1,401872926,2026-09-13,13:25,00-0037004,Hunter Long,ARI,LAC,TE,receiving_yards,7.9,-9.3,36.7,,,eligible,eligible_current_role,backup,Active,3.0,direct_component_blend,20260908_1821_receiving_yards_blend,2026-09-11T19:13:20+00:00,2026-09-11T19:13:40+00:00
2026,1,401872926,2026-09-13,13:25,00-0037012,Trey Lance,LAC,ARI,QB,rushing_yards,6.3,-6.4,24.3,,,eligible,eligible_current_role,backup,Active,2.0,direct_component_blend,20260908_1821_rushing_yards_blend,2026-09-11T19:13:20+00:00,2026-09-11T19:13:40+00:00
2026,1,401872926,2026-09-13,13:25,00-0037157,Bam Knight,ARI,LAC,RB,rushing_yards,10.5,-11.5,41.4,,,eligible,eligible_current_role,backup,,3.0,direct_component_blend,20260908_1821_rushing_yards_blend,2026-09-11T19:13:20+00:00,2026-09-11T19:13:40+00:00
2026,1,401872926,2026-09-13,13:25,00-0037157,Bam Knight,ARI,LAC,RB,receiving_yards,6.6,-10.5,35.4,,,eligible,eligible_current_role,backup,,3.0,direct_component_blend,20260908_1821_receiving_yards_blend,2026-09-11T19:13:20+00:00,2026-09-11T19:13:40+00:00
2026,1,401872926,2026-09-13,13:25,00-0037224,Cameron Dicker,LAC,ARI,K,kicking_points,7.6,2.6,13.5,,,eligible,eligible_current_role,starter,Active,1.0,component,20260908_1821_kicking_points_component,2026-09-11T19:13:20+00:00,2026-09-11T19:13:40+00:00
2026,1,401872926,2026-09-13,13:25,00-0037263,Tyler Allgeier,ARI,LAC,RB,rushing_yards,29.0,7.0,59.9,,,eligible,eligible_current_role,backup,Active,2.0,direct_component_blend,20260908_1821_rushing_yards_blend,2026-09-11T19:13:20+00:00,2026-09-11T19:13:40+00:00
2026,1,401872926,2026-09-13,13:25,00-0037263,Tyler Allgeier,ARI,LAC,RB,receiving_yards,5.2,-11.9,34.0,,,eligible,eligible_current_role,backup,Active,2.0,direct_component_blend,20260908_1821_receiving_yards_blend,2026-09-11T19:13:20+00:00,2026-09-11T19:13:40+00:00
2026,1,401872926,2026-09-13,13:25,00-0037320,Deane Leonard,LAC,ARI,DB,tackles,0.8,0.0,3.3,0.45596363150845615,0.1893583289137359,eligible,questionable_flag,backup,Questionable,2.0,direct,20260908_1821_tackles_direct,2026-09-11T19:13:20+00:00,2026-09-11T19:13:40+00:00
2026,1,401872926,2026-09-13,13:25,00-0037596,Jack Gibbens,ARI,LAC,LB,tackles,6.0,3.0,10.0,0.9831438098017607,0.9589040301570494,eligible,eligible_current_role,starter,,1.0,direct,20260908_1821_tackles_direct,2026-09-11T19:13:20+00:00,2026-09-11T19:13:40+00:00
2026,1,401872926,2026-09-13,13:25,00-0037744,Trey McBride,ARI,LAC,TE,rushing_yards,0.0,-10.8,15.0,,,eligible,eligible_current_role,starter,Active,1.0,direct_component_blend,20260908_1821_rushing_yards_blend,2026-09-11T19:13:20+00:00,2026-09-11T19:13:40+00:00
2026,1,401872926,2026-09-13,13:25,00-0037744,Trey McBride,ARI,LAC,TE,receiving_yards,59.4,39.7,93.6,,,eligible,eligible_current_role,starter,Active,1.0,direct_component_blend,20260908_1821_receiving_yards_blend,2026-09-11T19:13:20+00:00,2026-09-11T19:13:40+00:00
2026,1,401872926,2026-09-13,13:25,00-0038046,Charlie Kolar,LAC,ARI,TE,rushing_yards,0.0,-10.8,14.9,,,eligible,eligible_current_role,starter,Active,1.0,direct_component_blend,20260908_1821_rushing_yards_blend,2026-09-11T19:13:20+00:00,2026-09-11T19:13:40+00:00
2026,1,401872926,2026-09-13,13:25,00-0038046,Charlie Kolar,LAC,ARI,TE,receiving_yards,8.8,-8.4,37.6,,,eligible,eligible_current_role,starter,Active,1.0,direct_component_blend,20260908_1821_receiving_yards_blend,2026-09-11T19:13:20+00:00,2026-09-11T19:13:40+00:00
2026,1,401872926,2026-09-13,13:25,00-0038414,Kendall Williamson,LAC,ARI,DB,tackles,0.7,0.0,3.2,0.40798892308071694,0.1340795609663676,eligible,eligible_current_role,backup,,4.0,direct,20260908_1821_tackles_direct,2026-09-11T19:13:20+00:00,2026-09-11T19:13:40+00:00
2026,1,401872926,2026-09-13,13:25,00-0038454,Keaton Mitchell,LAC,ARI,RB,rushing_yards,19.2,-2.8,50.1,,,eligible,questionable_flag,backup,Questionable,2.0,direct_component_blend,20260908_1821_rushing_yards_blend,2026-09-11T19:13:20+00:00,2026-09-11T19:13:40+00:00
2026,1,401872926,2026-09-13,13:25,00-0038454,Keaton Mitchell,LAC,ARI,RB,receiving_yards,4.3,-12.9,33.1,,,eligible,questionable_flag,backup,Questionable,2.0,direct_component_blend,20260908_1821_receiving_yards_blend,2026-09-11T19:13:20+00:00,2026-09-11T19:13:40+00:00
2026,1,401872926,2026-09-13,13:25,00-0038544,Quentin Johnston,LAC,ARI,WR,rushing_yards,0.0,-10.8,14.9,,,eligible,eligible_current_role,backup,Active,2.0,direct_component_blend,20260908_1821_rushing_yards_blend,2026-09-11T19:13:20+00:00,2026-09-11T19:13:40+00:00
2026,1,401872926,2026-09-13,13:25,00-0038544,Quentin Johnston,LAC,ARI,WR,receiving_yards,32.3,5.7,81.5,,,eligible,eligible_current_role,backup,Active,2.0,direct_component_blend,20260908_1821_receiving_yards_blend,2026-09-11T19:13:20+00:00,2026-09-11T19:13:40+00:00
2026,1,401872926,2026-09-13,13:25,00-0038559,Michael Wilson,ARI,LAC,WR,rushing_yards,0.0,-10.8,15.0,,,eligible,eligible_current_role,backup,Active,2.0,direct_component_blend,20260908_1821_rushing_yards_blend,2026-09-11T19:13:20+00:00,2026-09-11T19:13:40+00:00
2026,1,401872926,2026-09-13,13:25,00-0038559,Michael Wilson,ARI,LAC,WR,receiving_yards,42.6,15.9,91.7,,,eligible,eligible_current_role,backup,Active,2.0,direct_component_blend,20260908_1821_receiving_yards_blend,2026-09-11T19:13:20+00:00,2026-09-11T19:13:40+00:00
2026,1,401872926,2026-09-13,13:25,00-0038567,Chad Ryland,ARI,LAC,K,kicking_points,6.9,2.2,12.4,,,eligible,eligible_current_role,starter,Active,1.0,component,20260908_1821_kicking_points_component,2026-09-11T19:13:20+00:00,2026-09-11T19:13:40+00:00
2026,1,401872926,2026-09-13,13:25,00-0038573,Derius Davis,LAC,ARI,WR,rushing_yards,0.4,-10.3,15.5,,,eligible,eligible_current_role,backup,,6.0,direct_component_blend,20260908_1821_rushing_yards_blend,2026-09-11T19:13:20+00:00,2026-09-11T19:13:40+00:00
2026,1,401872926,2026-09-13,13:25,00-0038573,Derius Davis,LAC,ARI,WR,receiving_yards,1.5,-15.7,30.3,,,eligible,eligible_current_role,backup,,6.0,direct_component_blend,20260908_1821_receiving_yards_blend,2026-09-11T19:13:20+00:00,2026-09-11T19:13:40+00:00
2026,1,401872926,2026-09-13,13:25,00-0038623,Dante Stills,ARI,LAC,DL,tackles,2.3,0.4,4.8,0.8493943080899398,0.6256938350184893,eligible,eligible_current_role,starter,,1.0,direct,20260908_1821_tackles_direct,2026-09-11T19:13:20+00:00,2026-09-11T19:13:40+00:00
2026,1,401872926,2026-09-13,13:25,00-0038640,Jalen Brooks,ARI,LAC,WR,rushing_yards,0.0,-10.8,15.0,,,eligible,eligible_current_role,backup,Active,4.0,direct_component_blend,20260908_1821_rushing_yards_blend,2026-09-11T19:13:20+00:00,2026-09-11T19:13:40+00:00
2026,1,401872926,2026-09-13,13:25,00-0038640,Jalen Brooks,ARI,LAC,WR,receiving_yards,9.2,-8.0,38.0,,,eligible,eligible_current_role,backup,Active,4.0,direct_component_blend,20260908_1821_receiving_yards_blend,2026-09-11T19:13:20+00:00,2026-09-11T19:13:40+00:00
2026,1,401872926,2026-09-13,13:25,00-0038782,Eku Leota,ARI,LAC,LB,tackles,0.7,0.0,3.2,0.4101878930663584,0.13674615973699325,eligible,eligible_current_role,backup,,3.0,direct,20260908_1821_tackles_direct,2026-09-11T19:13:20+00:00,2026-09-11T19:13:40+00:00
2026,1,401872926,2026-09-13,13:25,00-0038984,Kei'Trel Clark,ARI,LAC,DB,tackles,0.9,0.0,3.3,0.4701292501677483,0.19901937670341596,eligible,eligible_current_role,backup,,2.0,direct,20260908_1821_tackles_direct,2026-09-11T19:13:20+00:00,2026-09-11T19:13:40+00:00
2026,1,401872926,2026-09-13,13:25,00-0039007,Garrett Williams,ARI,LAC,DB,tackles,2.3,0.2,5.1,0.8400577756436197,0.6079967349953005,eligible,questionable_flag,backup,Questionable,2.0,direct,20260908_1821_tackles_direct,2026-09-11T19:13:20+00:00,2026-09-11T19:13:40+00:00
2026,1,401872926,2026-09-13,13:25,00-0039041,Elijah Higgins,ARI,LAC,TE,rushing_yards,0.0,-10.8,15.0,,,eligible,eligible_current_role,backup,Active,2.0,direct_component_blend,20260908_1821_rushing_yards_blend,2026-09-11T19:13:20+00:00,2026-09-11T19:13:40+00:00
2026,1,401872926,2026-09-13,13:25,00-0039041,Elijah Higgins,ARI,LAC,TE,receiving_yards,13.1,-4.0,42.0,,,eligible,eligible_current_role,backup,Active,2.0,direct_component_blend,20260908_1821_receiving_yards_blend,2026-09-11T19:13:20+00:00,2026-09-11T19:13:40+00:00
2026,1,401872926,2026-09-13,13:25,00-0039111,Tuli Tuipulotu,LAC,ARI,LB,tackles,2.7,0.0,6.8,0.8831809019711798,0.6951423923919521,eligible,questionable_flag,starter,Questionable,1.0,direct,20260908_1821_tackles_direct,2026-09-11T19:13:20+00:00,2026-09-11T19:13:40+00:00
2026,1,401872926,2026-09-13,13:25,00-0039366,Tarheeb Still,LAC,ARI,DB,tackles,4.0,1.3,7.5,0.9526347217647749,0.8551176546249041,eligible,eligible_current_role,starter,,1.0,direct,20260908_1821_tackles_direct,2026-09-11T19:13:20+00:00,2026-09-11T19:13:40+00:00
2026,1,401872926,2026-09-13,13:25,00-0039369,Cam Hart,LAC,ARI,DB,tackles,3.7,1.1,7.2,0.9423047204744782,0.8340821195733226,eligible,eligible_current_role,starter,,1.0,direct,20260908_1821_tackles_direct,2026-09-11T19:13:20+00:00,2026-09-11T19:13:40+00:00
2026,1,401872926,2026-09-13,13:25,00-0039391,Kimani Vidal,LAC,ARI,RB,rushing_yards,23.3,1.3,54.2,,,eligible,eligible_current_role,backup,Active,3.0,direct_component_blend,20260908_1821_rushing_yards_blend,2026-09-11T19:13:20+00:00,2026-09-11T19:13:40+00:00
2026,1,401872926,2026-09-13,13:25,00-0039391,Kimani Vidal,LAC,ARI,RB,receiving_yards,7.9,-9.3,36.7,,,eligible,eligible_current_role,backup,Active,3.0,direct_component_blend,20260908_1821_receiving_yards_blend,2026-09-11T19:13:20+00:00,2026-09-11T19:13:40+00:00
2026,1,401872926,2026-09-13,13:25,00-0039807,Max Melton,ARI,LAC,DB,tackles,2.1,0.0,4.9,0.8112545533002882,0.5570179409245596,eligible,eligible_current_role,starter,,1.0,direct,20260908_1821_tackles_direct,2026-09-11T19:13:20+00:00,2026-09-11T19:13:40+00:00
2026,1,401872926,2026-09-13,13:25,00-0039835,Justin Eboigbe,LAC,ARI,DL,tackles,1.1,0.0,3.6,0.5634342459083074,0.2732627765184877,eligible,eligible_current_role,backup,,2.0,direct,20260908_1821_tackles_direct,2026-09-11T19:13:20+00:00,2026-09-11T19:13:40+00:00
2026,1,401872926,2026-09-13,13:25,00-0039849,Marvin Harrison Jr.,ARI,LAC,WR,rushing_yards,0.0,-10.8,15.0,,,eligible,eligible_current_role,starter,Active,1.0,direct_component_blend,20260908_1821_rushing_yards_blend,2026-09-11T19:13:20+00:00,2026-09-11T19:13:40+00:00
2026,1,401872926,2026-09-13,13:25,00-0039849,Marvin Harrison Jr.,ARI,LAC,WR,receiving_yards,29.6,12.5,58.5,,,eligible,eligible_current_role,starter,Active,1.0,direct_component_blend,20260908_1821_receiving_yards_blend,2026-09-11T19:13:20+00:00,2026-09-11T19:13:40+00:00
2026,1,401872926,2026-09-13,13:25,00-0039854,Darius Robinson,ARI,LAC,DL,tackles,2.0,0.1,4.5,0.8008028558730019,0.5395798783774689,eligible,eligible_current_role,backup,,2.0,direct,20260908_1821_tackles_direct,2026-09-11T19:13:20+00:00,2026-09-11T19:13:40+00:00
2026,1,401872926,2026-09-13,13:25,00-0039864,Dadrion Taylor-Demerson,ARI,LAC,DB,tackles,2.4,0.0,6.0,0.8541849786784167,0.634935733138494,eligible,questionable_flag,backup,Questionable,2.0,direct,20260908_1821_tackles_direct,2026-09-11T19:13:20+00:00,2026-09-11T19:13:40+00:00
2026,1,401872926,2026-09-13,13:25,00-0039915,Ladd McConkey,LAC,ARI,WR,rushing_yards,0.0,-10.8,14.9,,,eligible,eligible_current_role,starter,Active,1.0,direct_component_blend,20260908_1821_rushing_yards_blend,2026-09-11T19:13:20+00:00,2026-09-11T19:13:40+00:00
2026,1,401872926,2026-09-13,13:25,00-0039915,Ladd McConkey,LAC,ARI,WR,receiving_yards,51.6,34.4,80.4,,,eligible,eligible_current_role,starter,Active,1.0,direct_component_blend,20260908_1821_receiving_yards_blend,2026-09-11T19:13:20+00:00,2026-09-11T19:13:40+00:00
2026,1,401872926,2026-09-13,13:25,00-0040137,Jordan Burch,ARI,LAC,LB,tackles,1.5,0.0,4.0,0.7134635465858425,0.42594823458936837,eligible,eligible_current_role,backup,,2.0,direct,20260908_1821_tackles_direct,2026-09-11T19:13:20+00:00,2026-09-11T19:13:40+00:00
2026,1,401872926,2026-09-13,13:25,00-0040144,Jamaree Caldwell,LAC,ARI,DL,tackles,1.8,0.0,4.3,0.7703770089260752,0.4948464460255677,eligible,eligible_current_role,starter,,1.0,direct,20260908_1821_tackles_direct,2026-09-11T19:13:20+00:00,2026-09-11T19:13:40+00:00
2026,1,401872926,2026-09-13,13:25,00-0040184,KeAndre Lambert-Smith,LAC,ARI,WR,rushing_yards,0.0,-10.8,15.0,,,eligible,eligible_current_role,backup,Active,5.0,direct_component_blend,20260908_1821_rushing_yards_blend,2026-09-11T19:13:20+00:00,2026-09-11T19:13:40+00:00
2026,1,401872926,2026-09-13,13:25,00-0040184,KeAndre Lambert-Smith,LAC,ARI,WR,receiving_yards,4.7,-12.4,33.6,,,eligible,eligible_current_role,backup,Active,5.0,direct_component_blend,20260908_1821_receiving_yards_blend,2026-09-11T19:13:20+00:00,2026-09-11T19:13:40+00:00
2026,1,401872926,2026-09-13,13:25,00-0040189,Oronde Gadsden II,LAC,ARI,TE,rushing_yards,0.0,-10.8,14.9,,,eligible,eligible_current_role,backup,Active,3.0,direct_component_blend,20260908_1821_rushing_yards_blend,2026-09-11T19:13:20+00:00,2026-09-11T19:13:40+00:00
2026,1,401872926,2026-09-13,13:25,00-0040189,Oronde Gadsden II,LAC,ARI,TE,receiving_yards,24.2,4.5,58.4,,,eligible,eligible_current_role,backup,Active,3.0,direct_component_blend,20260908_1821_receiving_yards_blend,2026-09-11T19:13:20+00:00,2026-09-11T19:13:40+00:00
2026,1,401872926,2026-09-13,13:25,00-0040195,Denzel Burke,ARI,LAC,DB,tackles,4.0,1.3,7.5,0.9542138163631759,0.8587895185052622,eligible,eligible_current_role,starter,,1.0,direct,20260908_1821_tackles_direct,2026-09-11T19:13:20+00:00,2026-09-11T19:13:40+00:00
2026,1,401872926,2026-09-13,13:25,00-0040221,R.J. Mickens,LAC,ARI,DB,tackles,1.6,0.0,4.3,0.7345072996838162,0.4509130341761435,eligible,eligible_current_role,backup,Active,3.0,direct,20260908_1821_tackles_direct,2026-09-11T19:13:20+00:00,2026-09-11T19:13:40+00:00
2026,1,401872926,2026-09-13,13:25,00-0040230,Kitan Crawford,ARI,LAC,DB,tackles,1.3,0.0,4.1,0.6195397266942368,0.3263579031471785,eligible,eligible_current_role,backup,,2.0,direct,20260908_1821_tackles_direct,2026-09-11T19:13:20+00:00,2026-09-11T19:13:40+00:00
2026,1,401872926,2026-09-13,13:25,00-0040645,Cody Simon,ARI,LAC,LB,tackles,3.7,0.8,7.7,0.9424853693417979,0.834427579057783,eligible,eligible_current_role,backup,,2.0,direct,20260908_1821_tackles_direct,2026-09-11T19:13:20+00:00,2026-09-11T19:13:40+00:00
2026,1,401872926,2026-09-13,13:25,00-0040666,Omarion Hampton,LAC,ARI,RB,rushing_yards,61.1,39.1,92.0,,,eligible,eligible_current_role,starter,Active,1.0,direct_component_blend,20260908_1821_rushing_yards_blend,2026-09-11T19:13:20+00:00,2026-09-11T19:13:40+00:00
2026,1,401872926,2026-09-13,13:25,00-0040666,Omarion Hampton,LAC,ARI,RB,receiving_yards,29.1,11.9,57.9,,,eligible,eligible_current_role,starter,Active,1.0,direct_component_blend,20260908_1821_receiving_yards_blend,2026-09-11T19:13:20+00:00,2026-09-11T19:13:40+00:00
2026,1,401872926,2026-09-13,13:25,00-0040706,Walter Nolen,ARI,LAC,DL,tackles,1.6,0.0,4.0,0.7437228019802917,0.462775531968492,eligible,eligible_current_role,starter,,1.0,direct,20260908_1821_tackles_direct,2026-09-11T19:13:20+00:00,2026-09-11T19:13:40+00:00
2026,1,401872926,2026-09-13,13:25,00-0040727,Tre Harris,LAC,ARI,WR,rushing_yards,0.4,-10.3,15.5,,,eligible,eligible_current_role,backup,Active,3.0,direct_component_blend,20260908_1821_rushing_yards_blend,2026-09-11T19:13:20+00:00,2026-09-11T19:13:40+00:00
2026,1,401872926,2026-09-13,13:25,00-0040727,Tre Harris,LAC,ARI,WR,receiving_yards,14.1,-3.0,42.9,,,eligible,eligible_current_role,backup,Active,3.0,direct_component_blend,20260908_1821_receiving_yards_blend,2026-09-11T19:13:20+00:00,2026-09-11T19:13:40+00:00
2026,1,401872926,2026-09-13,13:25,00-0040751,Will Johnson,ARI,LAC,DB,tackles,3.7,1.0,7.2,0.9410517353939191,0.8316970653779834,eligible,eligible_current_role,starter,Active,1.0,direct,20260908_1821_tackles_direct,2026-09-11T19:13:20+00:00,2026-09-11T19:13:40+00:00
2026,1,401872926,2026-09-13,13:25,00-0041027,Jeremiyah Love,ARI,LAC,RB,rushing_yards,20.2,-10.0,62.7,,,eligible,questionable_flag,starter,Questionable,1.0,direct_component_blend,20260908_1821_rushing_yards_blend,2026-09-11T19:13:20+00:00,2026-09-11T19:13:40+00:00
2026,1,401872926,2026-09-13,13:25,00-0041027,Jeremiyah Love,ARI,LAC,RB,receiving_yards,6.4,-16.3,46.9,,,eligible,questionable_flag,starter,Questionable,1.0,direct_component_blend,20260908_1821_receiving_yards_blend,2026-09-11T19:13:20+00:00,2026-09-11T19:13:40+00:00
2026,1,401872926,2026-09-13,13:25,00-0041064,Genesis Smith,LAC,ARI,DB,tackles,1.8,0.0,5.7,0.7696588420901749,0.4939399211870603,eligible,eligible_current_role,backup,,2.0,direct,20260908_1821_tackles_direct,2026-09-11T19:13:20+00:00,2026-09-11T19:13:40+00:00
2026,1,401872926,2026-09-13,13:25,00-0041070,Reggie Virgil,ARI,LAC,WR,rushing_yards,0.0,-14.8,20.6,,,eligible,eligible_current_role,backup,Active,6.0,direct_component_blend,20260908_1821_rushing_yards_blend,2026-09-11T19:13:20+00:00,2026-09-11T19:13:40+00:00
2026,1,401872926,2026-09-13,13:25,00-0041070,Reggie Virgil,ARI,LAC,WR,receiving_yards,6.6,-16.1,47.1,,,eligible,eligible_current_role,backup,Active,6.0,direct_component_blend,20260908_1821_receiving_yards_blend,2026-09-11T19:13:20+00:00,2026-09-11T19:13:40+00:00
2026,1,401872926,2026-09-13,13:25,00-0041072,Nick Barrett,LAC,ARI,DL,tackles,1.1,0.0,4.6,0.5542479078415419,0.26474260465219907,eligible,eligible_current_role,backup,,2.0,direct,20260908_1821_tackles_direct,2026-09-11T19:13:20+00:00,2026-09-11T19:13:40+00:00
2026,1,401872926,2026-09-13,13:25,00-0041093,Karson Sharar,ARI,LAC,LB,tackles,1.4,0.0,4.9,0.650535448254373,0.3572485728986641,eligible,eligible_current_role,backup,,2.0,direct,20260908_1821_tackles_direct,2026-09-11T19:13:20+00:00,2026-09-11T19:13:40+00:00
2026,1,401872926,2026-09-13,13:25,00-0041370,Wydett Williams Jr.,ARI,LAC,DB,tackles,1.4,0.0,5.4,0.6814641476620992,0.38995547443325596,eligible,eligible_current_role,backup,,3.0,direct,20260908_1821_tackles_direct,2026-09-11T19:13:20+00:00,2026-09-11T19:13:40+00:00
2026,1,401872926,2026-09-13,13:25,00-0041374,Sincere Brown,LAC,ARI,WR,rushing_yards,0.0,-14.8,20.6,,,eligible,eligible_current_role,roster_only,,,direct_component_blend,20260908_1821_rushing_yards_blend,2026-09-11T19:13:20+00:00,2026-09-11T19:13:40+00:00
2026,1,401872926,2026-09-13,13:25,00-0041374,Sincere Brown,LAC,ARI,WR,receiving_yards,7.1,-15.5,47.7,,,eligible,eligible_current_role,roster_only,,,direct_component_blend,20260908_1821_receiving_yards_blend,2026-09-11T19:13:20+00:00,2026-09-11T19:13:40+00:00
2026,1,401872926,2026-09-13,13:25,00-0041381,Rodney Shelley,LAC,ARI,DB,tackles,1.8,0.0,5.7,0.7696588420901749,0.4939399211870603,eligible,eligible_current_role,backup,,2.0,direct,20260908_1821_tackles_direct,2026-09-11T19:13:20+00:00,2026-09-11T19:13:40+00:00
2026,1,401872926,2026-09-13,13:25,00-0041544,Akheem Mesidor,LAC,ARI,LB,tackles,1.5,0.0,5.0,0.6954476470120056,0.4054031003204623,eligible,eligible_current_role,backup,,2.0,direct,20260908_1821_tackles_direct,2026-09-11T19:13:20+00:00,2026-09-11T19:13:40+00:00
2026,1,401872926,2026-09-13,13:25,00-0041550,Brenen Thompson,LAC,ARI,WR,rushing_yards,0.0,-14.8,20.6,,,eligible,questionable_flag,backup,Questionable,4.0,direct_component_blend,20260908_1821_rushing_yards_blend,2026-09-11T19:13:20+00:00,2026-09-11T19:13:40+00:00
2026,1,401872926,2026-09-13,13:25,00-0041550,Brenen Thompson,LAC,ARI,WR,receiving_yards,7.2,-15.4,47.8,,,eligible,questionable_flag,backup,Questionable,4.0,direct_component_blend,20260908_1821_receiving_yards_blend,2026-09-11T19:13:20+00:00,2026-09-11T19:13:40+00:00
2026,1,401872926,2026-09-13,13:25,00-0041561,Carson Beck,ARI,LAC,QB,rushing_yards,6.2,-11.3,30.9,,,eligible,eligible_current_role,backup,Active,3.0,direct_component_blend,20260908_1821_rushing_yards_blend,2026-09-11T19:13:20+00:00,2026-09-11T19:13:40+00:00
2026,1,401872927,2026-09-13,15:25,00-0028118,Tyrod Taylor,GB,MIN,QB,rushing_yards,11.9,-0.9,29.9,,,eligible,eligible_current_role,backup,,2.0,direct_component_blend,20260908_1821_rushing_yards_blend,2026-09-11T19:13:20+00:00,2026-09-11T19:13:40+00:00
2026,1,401872927,2026-09-13,15:25,00-0029606,Harrison Smith,MIN,GB,DB,tackles,4.8,2.1,8.3,0.979237274619919,0.9225967294358822,eligible,eligible_current_role,starter,Active,1.0,direct,20260908_1821_tackles_direct,2026-09-11T19:13:20+00:00,2026-09-11T19:13:40+00:00
2026,1,401872927,2026-09-13,15:25,00-0030035,Adam Thielen,MIN,GB,WR,rushing_yards,0.0,-10.8,15.0,,,eligible,eligible_current_role,roster_only,,,direct_component_blend,20260908_1821_rushing_yards_blend,2026-09-11T19:13:20+00:00,2026-09-11T19:13:40+00:00
2026,1,401872927,2026-09-13,15:25,00-0030035,Adam Thielen,MIN,GB,WR,receiving_yards,22.4,5.2,51.2,,,eligible,eligible_current_role,roster_only,,,direct_component_blend,20260908_1821_receiving_yards_blend,2026-09-11T19:13:20+00:00,2026-09-11T19:13:40+00:00
2026,1,401872927,2026-09-13,15:25,00-0032918,C.J. Ham,MIN,GB,RB,rushing_yards,0.9,-9.8,16.0,,,eligible,eligible_current_role,roster_only,,,direct_component_blend,20260908_1821_rushing_yards_blend,2026-09-11T19:13:20+00:00,2026-09-11T19:13:40+00:00
2026,1,401872927,2026-09-13,15:25,00-0032918,C.J. Ham,MIN,GB,RB,receiving_yards,5.4,-11.8,34.2,,,eligible,eligible_current_role,roster_only,,,direct_component_blend,20260908_1821_receiving_yards_blend,2026-09-11T19:13:20+00:00,2026-09-11T19:13:40+00:00
2026,1,401872927,2026-09-13,15:25,00-0032950,Carson Wentz,MIN,GB,QB,rushing_yards,7.0,-5.7,25.0,,,eligible,eligible_current_role,backup,Active,2.0,direct_component_blend,20260908_1821_rushing_yards_blend,2026-09-11T19:13:20+00:00,2026-09-11T19:13:40+00:00
2026,1,401872927,2026-09-13,15:25,00-0033109,Javon Hargrave,GB,MIN,DL,tackles,2.5,0.6,5.0,0.8659463148601735,0.6584213743259244,eligible,questionable_flag,starter,Questionable,1.0,direct,20260908_1821_tackles_direct,2026-09-11T19:13:20+00:00,2026-09-11T19:13:40+00:00
2026,1,401872927,2026-09-13,15:25,00-0033293,Aaron Jones,MIN,GB,RB,rushing_yards,61.4,39.4,92.3,,,eligible,eligible_current_role,starter,Active,1.0,direct_component_blend,20260908_1821_rushing_yards_blend,2026-09-11T19:13:20+00:00,2026-09-11T19:13:40+00:00
2026,1,401872927,2026-09-13,15:25,00-0033293,Aaron Jones,MIN,GB,RB,receiving_yards,21.1,3.9,49.9,,,eligible,eligible_current_role,starter,Active,1.0,direct_component_blend,20260908_1821_receiving_yards_blend,2026-09-11T19:13:20+00:00,2026-09-11T19:13:40+00:00
2026,1,401872927,2026-09-13,15:25,00-0033858,Jonnu Smith,GB,MIN,TE,rushing_yards,4.0,-6.7,19.0,,,eligible,eligible_current_role,backup,,2.0,direct_component_blend,20260908_1821_rushing_yards_blend,2026-09-11T19:13:20+00:00,2026-09-11T19:13:40+00:00
2026,1,401872927,2026-09-13,15:25,00-0033858,Jonnu Smith,GB,MIN,TE,receiving_yards,14.0,-3.2,42.8,,,eligible,eligible_current_role,backup,,2.0,direct_component_blend,20260908_1821_receiving_yards_blend,2026-09-11T19:13:20+00:00,2026-09-11T19:13:40+00:00
2026,1,401872927,2026-09-13,15:25,00-0035133,Keisean Nixon,GB,MIN,DB,tackles,5.1,2.4,8.6,0.9808262587412608,0.935059219661394,eligible,eligible_current_role,starter,,1.0,direct,20260908_1821_tackles_direct,2026-09-11T19:13:20+00:00,2026-09-11T19:13:40+00:00
2026,1,401872927,2026-09-13,15:25,00-0035228,Kyler Murray,MIN,GB,QB,passing_yards,208.3,114.9,314.6,,,eligible,eligible_current_role,starter,Active,1.0,direct_component_blend,20260908_1821_passing_yards_blend,2026-09-11T19:13:20+00:00,2026-09-11T19:13:40+00:00
2026,1,401872927,2026-09-13,15:25,00-0035228,Kyler Murray,MIN,GB,QB,passing_tds,1.582,,,0.8125,0.5119047619047619,eligible,eligible_current_role,starter,Active,1.0,direct_component_blend,20260908_1821_passing_tds_blend,2026-09-11T19:13:20+00:00,2026-09-11T19:13:40+00:00
2026,1,401872927,2026-09-13,15:25,00-0035228,Kyler Murray,MIN,GB,QB,rushing_yards,22.9,10.2,40.9,,,eligible,eligible_current_role,starter,Active,1.0,direct_component_blend,20260908_1821_rushing_yards_blend,2026-09-11T19:13:20+00:00,2026-09-11T19:13:40+00:00
2026,1,401872927,2026-09-13,15:25,00-0035229,T.J. Hockenson,MIN,GB,TE,rushing_yards,0.0,-10.8,15.0,,,eligible,eligible_current_role,starter,Active,1.0,direct_component_blend,20260908_1821_rushing_yards_blend,2026-09-11T19:13:20+00:00,2026-09-11T19:13:40+00:00
2026,1,401872927,2026-09-13,15:25,00-0035229,T.J. Hockenson,MIN,GB,TE,receiving_yards,38.1,20.9,66.9,,,eligible,eligible_current_role,starter,Active,1.0,direct_component_blend,20260908_1821_receiving_yards_blend,2026-09-11T19:13:20+00:00,2026-09-11T19:13:40+00:00
2026,1,401872927,2026-09-13,15:25,00-0035236,Byron Murphy,MIN,GB,DB,tackles,3.8,1.1,7.3,0.9453448884171933,0.8399513922563769,eligible,eligible_current_role,starter,,1.0,direct,20260908_1821_tackles_direct,2026-09-11T19:13:20+00:00,2026-09-11T19:13:40+00:00
2026,1,401872927,2026-09-13,15:25,00-0035249,Josh Oliver,MIN,GB,TE,rushing_yards,0.0,-10.8,14.9,,,eligible,eligible_current_role,backup,,2.0,direct_component_blend,20260908_1821_rushing_yards_blend,2026-09-11T19:13:20+00:00,2026-09-11T19:13:40+00:00
2026,1,401872927,2026-09-13,15:25,00-0035249,Josh Oliver,MIN,GB,TE,receiving_yards,12.8,-4.4,41.6,,,eligible,eligible_current_role,backup,,2.0,direct_component_blend,20260908_1821_receiving_yards_blend,2026-09-11T19:13:20+00:00,2026-09-11T19:13:40+00:00
2026,1,401872927,2026-09-13,15:25,00-0035272,Andrew Van Ginkel,MIN,GB,LB,tackles,4.6,1.6,8.5,0.9730192544295603,0.9055183491576204,eligible,eligible_current_role,starter,,1.0,direct,20260908_1821_tackles_direct,2026-09-11T19:13:20+00:00,2026-09-11T19:13:40+00:00
2026,1,401872927,2026-09-13,15:25,00-0035795,James Pierre,MIN,GB,DB,tackles,4.5,1.8,7.9,0.9703337317769445,0.8984425414420549,eligible,eligible_current_role,starter,,1.0,direct,20260908_1821_tackles_direct,2026-09-11T19:13:20+00:00,2026-09-11T19:13:40+00:00
2026,1,401872927,2026-09-13,15:25,00-0036259,Jauan Jennings,MIN,GB,WR,rushing_yards,0.0,-10.8,14.9,,,eligible,eligible_current_role,backup,Active,3.0,direct_component_blend,20260908_1821_rushing_yards_blend,2026-09-11T19:13:20+00:00,2026-09-11T19:13:40+00:00
2026,1,401872927,2026-09-13,15:25,00-0036259,Jauan Jennings,MIN,GB,WR,receiving_yards,23.4,-3.2,72.6,,,eligible,eligible_current_role,backup,Active,3.0,direct_component_blend,20260908_1821_receiving_yards_blend,2026-09-11T19:13:20+00:00,2026-09-11T19:13:40+00:00
2026,1,401872927,2026-09-13,15:25,00-0036264,Jordan Love,GB,MIN,QB,passing_yards,201.5,108.0,307.7,,,eligible,eligible_current_role,starter,Active,1.0,direct_component_blend,20260908_1821_passing_yards_blend,2026-09-11T19:13:20+00:00,2026-09-11T19:13:40+00:00
2026,1,401872927,2026-09-13,15:25,00-0036264,Jordan Love,GB,MIN,QB,passing_tds,1.188,,,0.6547619047619048,0.39285714285714285,eligible,eligible_current_role,starter,Active,1.0,direct_component_blend,20260908_1821_passing_tds_blend,2026-09-11T19:13:20+00:00,2026-09-11T19:13:40+00:00
2026,1,401872927,2026-09-13,15:25,00-0036264,Jordan Love,GB,MIN,QB,rushing_yards,8.4,-2.3,23.4,,,eligible,eligible_current_role,starter,Active,1.0,direct_component_blend,20260908_1821_rushing_yards_blend,2026-09-11T19:13:20+00:00,2026-09-11T19:13:40+00:00
2026,1,401872927,2026-09-13,15:25,00-0036322,Justin Jefferson,MIN,GB,WR,rushing_yards,0.0,-10.8,14.9,,,eligible,eligible_current_role,starter,Active,1.0,direct_component_blend,20260908_1821_rushing_yards_blend,2026-09-11T19:13:20+00:00,2026-09-11T19:13:40+00:00
2026,1,401872927,2026-09-13,15:25,00-0036322,Justin Jefferson,MIN,GB,WR,receiving_yards,58.6,31.9,107.8,,,eligible,eligible_current_role,starter,Active,1.0,direct_component_blend,20260908_1821_receiving_yards_blend,2026-09-11T19:13:20+00:00,2026-09-11T19:13:40+00:00
2026,1,401872927,2026-09-13,15:25,00-0036348,Josh Metellus,MIN,GB,DB,tackles,5.7,3.0,9.2,0.9825706435165859,0.9526541854970308,eligible,eligible_current_role,starter,Active,1.0,direct,20260908_1821_tackles_direct,2026-09-11T19:13:20+00:00,2026-09-11T19:13:40+00:00
2026,1,401872927,2026-09-13,15:25,00-0036388,Xavier McKinney,GB,MIN,DB,tackles,6.1,3.4,9.6,0.9832403957154785,0.9599889073305337,eligible,eligible_current_role,starter,,1.0,direct,20260908_1821_tackles_direct,2026-09-11T19:13:20+00:00,2026-09-11T19:13:40+00:00
2026,1,401872927,2026-09-13,15:25,00-0036625,Benjamin St-Juste,GB,MIN,DB,tackles,2.5,0.4,5.3,0.8705643020431818,0.6679753193217299,eligible,eligible_current_role,backup,,2.0,direct,20260908_1821_tackles_direct,2026-09-11T19:13:20+00:00,2026-09-11T19:13:40+00:00
2026,1,401872927,2026-09-13,15:25,00-0037075,Devonte Wyatt,GB,MIN,DL,tackles,2.5,0.6,5.0,0.8684717299946709,0.6636216592926595,eligible,questionable_flag,starter,Questionable,1.0,direct,20260908_1821_tackles_direct,2026-09-11T19:13:20+00:00,2026-09-11T19:13:40+00:00
2026,1,401872927,2026-09-13,15:25,00-0037091,Bo Melton,GB,MIN,WR,rushing_yards,0.8,-9.9,15.9,,,eligible,eligible_current_role,backup,,4.0,direct_component_blend,20260908_1821_rushing_yards_blend,2026-09-11T19:13:20+00:00,2026-09-11T19:13:40+00:00
2026,1,401872927,2026-09-13,15:25,00-0037091,Bo Melton,GB,MIN,WR,receiving_yards,10.6,-6.6,39.4,,,eligible,eligible_current_role,backup,,4.0,direct_component_blend,20260908_1821_receiving_yards_blend,2026-09-11T19:13:20+00:00,2026-09-11T19:13:40+00:00
2026,1,401872927,2026-09-13,15:25,00-0037094,Jonathan Ford,GB,MIN,DL,tackles,1.0,0.0,3.4,0.5327139959633933,0.24612946671678154,eligible,eligible_current_role,backup,,2.0,direct,20260908_1821_tackles_direct,2026-09-11T19:13:20+00:00,2026-09-11T19:13:40+00:00
2026,1,401872927,2026-09-13,15:25,00-0037301,Theo Jackson,MIN,GB,DB,tackles,1.9,0.0,4.7,0.7858441785709758,0.5155040893976257,eligible,eligible_current_role,backup,,2.0,direct,20260908_1821_tackles_direct,2026-09-11T19:13:20+00:00,2026-09-11T19:13:40+00:00
2026,1,401872927,2026-09-13,15:25,00-0037525,Jordan Mason,MIN,GB,RB,rushing_yards,19.5,-2.5,50.4,,,eligible,eligible_current_role,backup,Active,2.0,direct_component_blend,20260908_1821_rushing_yards_blend,2026-09-11T19:13:20+00:00,2026-09-11T19:13:40+00:00
2026,1,401872927,2026-09-13,15:25,00-0037525,Jordan Mason,MIN,GB,RB,receiving_yards,3.3,-13.8,32.1,,,eligible,eligible_current_role,backup,Active,2.0,direct_component_blend,20260908_1821_receiving_yards_blend,2026-09-11T19:13:20+00:00,2026-09-11T19:13:40+00:00
2026,1,401872927,2026-09-13,15:25,00-0038090,Skyy Moore,GB,MIN,WR,rushing_yards,0.7,-10.0,15.8,,,eligible,eligible_current_role,backup,Active,5.0,direct_component_blend,20260908_1821_rushing_yards_blend,2026-09-11T19:13:20+00:00,2026-09-11T19:13:40+00:00
2026,1,401872927,2026-09-13,15:25,00-0038090,Skyy Moore,GB,MIN,WR,receiving_yards,3.9,-13.3,32.7,,,eligible,eligible_current_role,backup,Active,5.0,direct_component_blend,20260908_1821_receiving_yards_blend,2026-09-11T19:13:20+00:00,2026-09-11T19:13:40+00:00
2026,1,401872927,2026-09-13,15:25,00-0038124,Christian Watson,GB,MIN,WR,rushing_yards,0.4,-10.3,15.5,,,eligible,eligible_current_role,starter,Active,1.0,direct_component_blend,20260908_1821_rushing_yards_blend,2026-09-11T19:13:20+00:00,2026-09-11T19:13:40+00:00
2026,1,401872927,2026-09-13,15:25,00-0038124,Christian Watson,GB,MIN,WR,receiving_yards,54.0,27.3,103.2,,,eligible,eligible_current_role,starter,Active,1.0,direct_component_blend,20260908_1821_receiving_yards_blend,2026-09-11T19:13:20+00:00,2026-09-11T19:13:40+00:00
2026,1,401872927,2026-09-13,15:25,00-0038398,Karl Brooks,GB,MIN,DL,tackles,2.5,0.4,5.3,0.8699004016460745,0.6665896042497825,eligible,eligible_current_role,starter,,1.0,direct,20260908_1821_tackles_direct,2026-09-11T19:13:20+00:00,2026-09-11T19:13:40+00:00
2026,1,401872927,2026-09-13,15:25,00-0038408,Carrington Valentine,GB,MIN,DB,tackles,2.3,0.0,5.9,0.8391535143668317,0.6063255302645374,eligible,eligible_current_role,backup,Active,2.0,direct,20260908_1821_tackles_direct,2026-09-11T19:13:20+00:00,2026-09-11T19:13:40+00:00
2026,1,401872927,2026-09-13,15:25,00-0038463,Brenton Cox Jr.,GB,MIN,LB,tackles,1.2,0.0,3.7,0.5676806249948924,0.2772894099322456,eligible,eligible_current_role,backup,,2.0,direct,20260908_1821_tackles_direct,2026-09-11T19:13:20+00:00,2026-09-11T19:13:40+00:00
2026,1,401872927,2026-09-13,15:25,00-0038578,Jay Ward,MIN,GB,DB,tackles,1.9,0.0,4.7,0.7795186509861931,0.5066077267955263,eligible,eligible_current_role,backup,,2.0,direct,20260908_1821_tackles_direct,2026-09-11T19:13:20+00:00,2026-09-11T19:13:40+00:00
2026,1,401872927,2026-09-13,15:25,00-0038589,Josh Whyle,GB,MIN,TE,rushing_yards,0.0,-10.8,15.0,,,eligible,eligible_current_role,backup,,3.0,direct_component_blend,20260908_1821_rushing_yards_blend,2026-09-11T19:13:20+00:00,2026-09-11T19:13:40+00:00
2026,1,401872927,2026-09-13,15:25,00-0038589,Josh Whyle,GB,MIN,TE,receiving_yards,8.1,-9.1,36.9,,,eligible,eligible_current_role,backup,,3.0,direct_component_blend,20260908_1821_receiving_yards_blend,2026-09-11T19:13:20+00:00,2026-09-11T19:13:40+00:00
2026,1,401872927,2026-09-13,15:25,00-0038685,Chris Brooks,GB,MIN,RB,rushing_yards,6.1,-4.6,21.2,,,eligible,eligible_current_role,backup,Active,2.0,direct_component_blend,20260908_1821_rushing_yards_blend,2026-09-11T19:13:20+00:00,2026-09-11T19:13:40+00:00
2026,1,401872927,2026-09-13,15:25,00-0038685,Chris Brooks,GB,MIN,RB,receiving_yards,6.4,-10.8,35.2,,,eligible,eligible_current_role,backup,Active,2.0,direct_component_blend,20260908_1821_receiving_yards_blend,2026-09-11T19:13:20+00:00,2026-09-11T19:13:40+00:00
2026,1,401872927,2026-09-13,15:25,00-0038778,Jalen Redmond,MIN,GB,DL,tackles,2.8,0.6,5.5,0.889497210588307,0.7093881777889559,eligible,eligible_current_role,starter,,1.0,direct,20260908_1821_tackles_direct,2026-09-11T19:13:20+00:00,2026-09-11T19:13:40+00:00
2026,1,401872927,2026-09-13,15:25,00-0038994,Jordan Addison,MIN,GB,WR,rushing_yards,2.5,-8.2,17.6,,,eligible,eligible_current_role,backup,Active,2.0,direct_component_blend,20260908_1821_rushing_yards_blend,2026-09-11T19:13:20+00:00,2026-09-11T19:13:40+00:00
2026,1,401872927,2026-09-13,15:25,00-0038994,Jordan Addison,MIN,GB,WR,receiving_yards,28.3,11.1,57.1,,,eligible,eligible_current_role,backup,Active,2.0,direct_component_blend,20260908_1821_receiving_yards_blend,2026-09-11T19:13:20+00:00,2026-09-11T19:13:40+00:00
2026,1,401872927,2026-09-13,15:25,00-0038996,Tucker Kraft,GB,MIN,TE,rushing_yards,0.0,-10.7,15.1,,,eligible,eligible_current_role,starter,Active,1.0,direct_component_blend,20260908_1821_rushing_yards_blend,2026-09-11T19:13:20+00:00,2026-09-11T19:13:40+00:00
2026,1,401872927,2026-09-13,15:25,00-0038996,Tucker Kraft,GB,MIN,TE,receiving_yards,39.3,19.6,73.6,,,eligible,eligible_current_role,starter,Active,1.0,direct_component_blend,20260908_1821_receiving_yards_blend,2026-09-11T19:13:20+00:00,2026-09-11T19:13:40+00:00
2026,1,401872927,2026-09-13,15:25,00-0039112,Lukas Van Ness,GB,MIN,LB,tackles,3.1,1.1,5.6,0.9108132359948095,0.7663398459468331,eligible,eligible_current_role,starter,,1.0,direct,20260908_1821_tackles_direct,2026-09-11T19:13:20+00:00,2026-09-11T19:13:40+00:00
2026,1,401872927,2026-09-13,15:25,00-0039146,Jayden Reed,GB,MIN,WR,rushing_yards,3.0,-7.8,18.0,,,eligible,eligible_current_role,backup,Active,2.0,direct_component_blend,20260908_1821_rushing_yards_blend,2026-09-11T19:13:20+00:00,2026-09-11T19:13:40+00:00
2026,1,401872927,2026-09-13,15:25,00-0039146,Jayden Reed,GB,MIN,WR,receiving_yards,33.6,6.9,82.7,,,eligible,eligible_current_role,backup,Active,2.0,direct_component_blend,20260908_1821_receiving_yards_blend,2026-09-11T19:13:20+00:00,2026-09-11T19:13:40+00:00
2026,1,401872927,2026-09-13,15:25,00-0039263,McCallan Castles,GB,MIN,TE,rushing_yards,0.0,-14.8,20.7,,,eligible,eligible_current_role,roster_only,,,direct_component_blend,20260908_1821_rushing_yards_blend,2026-09-11T19:13:20+00:00,2026-09-11T19:13:40+00:00
2026,1,401872927,2026-09-13,15:25,00-0039263,McCallan Castles,GB,MIN,TE,receiving_yards,5.4,-17.3,45.9,,,eligible,eligible_current_role,roster_only,,,direct_component_blend,20260908_1821_receiving_yards_blend,2026-09-11T19:13:20+00:00,2026-09-11T19:13:40+00:00
2026,1,401872927,2026-09-13,15:25,00-0039404,Will Reichard,MIN,GB,K,kicking_points,7.3,2.8,12.6,,,eligible,eligible_current_role,starter,Active,1.0,component,20260908_1821_kicking_points_component,2026-09-11T19:13:20+00:00,2026-09-11T19:13:40+00:00
2026,1,401872927,2026-09-13,15:25,00-0039421,Levi Drake Rodriguez,MIN,GB,DL,tackles,2.3,0.4,4.8,0.849884659547747,0.626631608658106,eligible,eligible_current_role,starter,,1.0,direct,20260908_1821_tackles_direct,2026-09-11T19:13:20+00:00,2026-09-11T19:13:40+00:00
2026,1,401872927,2026-09-13,15:25,00-0039718,Bo Richter,MIN,GB,LB,tackles,0.7,0.0,3.2,0.4142282855583866,0.14171183740890397,eligible,eligible_current_role,backup,,2.0,direct,20260908_1821_tackles_direct,2026-09-11T19:13:20+00:00,2026-09-11T19:13:40+00:00
2026,1,401872927,2026-09-13,15:25,00-0039811,MarShawn Lloyd,GB,MIN,RB,rushing_yards,18.5,-5.7,52.5,,,eligible,eligible_current_role,starter,Active,1.0,direct_component_blend,20260908_1821_rushing_yards_blend,2026-09-11T19:13:20+00:00,2026-09-11T19:13:40+00:00
2026,1,401872927,2026-09-13,15:25,00-0039811,MarShawn Lloyd,GB,MIN,RB,receiving_yards,6.4,-12.2,38.3,,,eligible,eligible_current_role,starter,Active,1.0,direct_component_blend,20260908_1821_receiving_yards_blend,2026-09-11T19:13:20+00:00,2026-09-11T19:13:40+00:00
2026,1,401872927,2026-09-13,15:25,00-0039813,Evan Williams,GB,MIN,DB,tackles,5.5,2.8,9.0,0.9820113188320624,0.9468113379252828,eligible,eligible_current_role,starter,,1.0,direct,20260908_1821_tackles_direct,2026-09-11T19:13:20+00:00,2026-09-11T19:13:40+00:00
2026,1,401872927,2026-09-13,15:25,00-0039818,Kitan Oladapo,GB,MIN,DB,tackles,0.7,0.0,3.2,0.423943831333438,0.154008247160965,eligible,eligible_current_role,backup,,2.0,direct,20260908_1821_tackles_direct,2026-09-11T19:13:20+00:00,2026-09-11T19:13:40+00:00
2026,1,401872927,2026-09-13,15:25,00-0039831,Kamal Hadden,GB,MIN,DB,tackles,1.1,0.0,3.6,0.563719864688923,0.2735318456994862,eligible,eligible_current_role,backup,,2.0,direct,20260908_1821_tackles_direct,2026-09-11T19:13:20+00:00,2026-09-11T19:13:40+00:00
2026,1,401872927,2026-09-13,15:25,00-0039867,Javon Bullard,GB,MIN,DB,tackles,5.3,2.6,8.7,0.9813770594255006,0.940428447913039,eligible,eligible_current_role,starter,Active,1.0,direct,20260908_1821_tackles_direct,2026-09-11T19:13:20+00:00,2026-09-11T19:13:40+00:00
2026,1,401872927,2026-09-13,15:25,00-0039923,J.J. McCarthy,MIN,GB,QB,rushing_yards,11.5,-1.3,29.4,,,eligible,eligible_current_role,backup,Active,3.0,direct_component_blend,20260908_1821_rushing_yards_blend,2026-09-11T19:13:20+00:00,2026-09-11T19:13:40+00:00
2026,1,401872927,2026-09-13,15:25,00-0039924,Dallas Turner,MIN,GB,LB,tackles,3.2,0.2,7.2,0.9130935691308795,0.7728967618208813,eligible,eligible_current_role,starter,,1.0,direct,20260908_1821_tackles_direct,2026-09-11T19:13:20+00:00,2026-09-11T19:13:40+00:00
2026,1,401872927,2026-09-13,15:25,00-0040010,Barryn Sorrell,GB,MIN,LB,tackles,1.3,0.0,3.8,0.6300738436149822,0.3366535007970082,eligible,questionable_flag,starter,Questionable,1.0,direct,20260908_1821_tackles_direct,2026-09-11T19:13:20+00:00,2026-09-11T19:13:40+00:00
2026,1,401872927,2026-09-13,15:25,00-0040016,Warren Brinson,GB,MIN,DL,tackles,1.6,0.0,4.0,0.7376476315329471,0.45473183315290655,eligible,questionable_flag,backup,,2.0,direct,20260908_1821_tackles_direct,2026-09-11T19:13:20+00:00,2026-09-11T19:13:40+00:00
2026,1,401872927,2026-09-13,15:25,00-0040142,Kaleb Johnson,GB,MIN,RB,rushing_yards,9.5,-1.2,24.6,,,eligible,eligible_current_role,backup,,3.0,direct_component_blend,20260908_1821_rushing_yards_blend,2026-09-11T19:13:20+00:00,2026-09-11T19:13:40+00:00
2026,1,401872927,2026-09-13,15:25,00-0040142,Kaleb Johnson,GB,MIN,RB,receiving_yards,2.1,-15.1,30.9,,,eligible,eligible_current_role,backup,,3.0,direct_component_blend,20260908_1821_receiving_yards_blend,2026-09-11T19:13:20+00:00,2026-09-11T19:13:40+00:00
2026,1,401872927,2026-09-13,15:25,00-0040154,Tai Felton,MIN,GB,WR,rushing_yards,0.0,-10.8,15.0,,,eligible,eligible_current_role,backup,,4.0,direct_component_blend,20260908_1821_rushing_yards_blend,2026-09-11T19:13:20+00:00,2026-09-11T19:13:40+00:00
2026,1,401872927,2026-09-13,15:25,00-0040154,Tai Felton,MIN,GB,WR,receiving_yards,1.5,-15.6,30.4,,,eligible,eligible_current_role,backup,,4.0,direct_component_blend,20260908_1821_receiving_yards_blend,2026-09-11T19:13:20+00:00,2026-09-11T19:13:40+00:00
2026,1,401872927,2026-09-13,15:25,00-0040173,Tyrion Ingram-Dawkins,MIN,GB,DL,tackles,0.8,0.0,3.3,0.4487342000884678,0.18456163390666397,eligible,eligible_current_role,backup,,2.0,direct,20260908_1821_tackles_direct,2026-09-11T19:13:20+00:00,2026-09-11T19:13:40+00:00
2026,1,401872927,2026-09-13,15:25,00-0040215,Gavin Bartholomew,MIN,GB,TE,rushing_yards,0.0,-14.8,20.6,,,eligible,eligible_current_role,backup,Active,3.0,direct_component_blend,20260908_1821_rushing_yards_blend,2026-09-11T19:13:20+00:00,2026-09-11T19:13:40+00:00
2026,1,401872927,2026-09-13,15:25,00-0040215,Gavin Bartholomew,MIN,GB,TE,receiving_yards,7.0,-15.7,47.5,,,eligible,eligible_current_role,backup,Active,3.0,direct_component_blend,20260908_1821_receiving_yards_blend,2026-09-11T19:13:20+00:00,2026-09-11T19:13:40+00:00
2026,1,401872927,2026-09-13,15:25,00-0040496,Chaz Chambliss,MIN,GB,LB,tackles,0.7,0.0,3.2,0.400245658752408,0.12488860135956231,eligible,eligible_current_role,backup,,2.0,direct,20260908_1821_tackles_direct,2026-09-11T19:13:20+00:00,2026-09-11T19:13:40+00:00
2026,1,401872927,2026-09-13,15:25,00-0040498,Dontae Fleming,MIN,GB,WR,rushing_yards,0.0,-14.8,20.6,,,eligible,eligible_current_role,roster_only,,,direct_component_blend,20260908_1821_rushing_yards_blend,2026-09-11T19:13:20+00:00,2026-09-11T19:13:40+00:00
2026,1,401872927,2026-09-13,15:25,00-0040498,Dontae Fleming,MIN,GB,WR,receiving_yards,5.5,-30.2,74.1,,,eligible,eligible_current_role,roster_only,,,direct_component_blend,20260908_1821_receiving_yards_blend,2026-09-11T19:13:20+00:00,2026-09-11T19:13:40+00:00
2026,1,401872927,2026-09-13,15:25,00-0040504,Bryson Nesbit,MIN,GB,TE,rushing_yards,0.0,-14.8,20.6,,,eligible,eligible_current_role,roster_only,,,direct_component_blend,20260908_1821_rushing_yards_blend,2026-09-11T19:13:20+00:00,2026-09-11T19:13:40+00:00
2026,1,401872927,2026-09-13,15:25,00-0040504,Bryson Nesbit,MIN,GB,TE,receiving_yards,6.7,-16.0,47.3,,,eligible,eligible_current_role,roster_only,,,direct_component_blend,20260908_1821_receiving_yards_blend,2026-09-11T19:13:20+00:00,2026-09-11T19:13:40+00:00
2026,1,401872927,2026-09-13,15:25,00-0040506,Myles Price,MIN,GB,WR,rushing_yards,0.0,-10.7,15.0,,,eligible,eligible_current_role,backup,,5.0,direct_component_blend,20260908_1821_rushing_yards_blend,2026-09-11T19:13:20+00:00,2026-09-11T19:13:40+00:00
2026,1,401872927,2026-09-13,15:25,00-0040506,Myles Price,MIN,GB,WR,receiving_yards,1.2,-15.9,30.0,,,eligible,eligible_current_role,backup,,5.0,direct_component_blend,20260908_1821_receiving_yards_blend,2026-09-11T19:13:20+00:00,2026-09-11T19:13:40+00:00
2026,1,401872927,2026-09-13,15:25,00-0040507,Zemaiah Vaughn,MIN,GB,DB,tackles,1.4,0.0,5.3,0.6441603378589071,0.35074564777709416,eligible,eligible_current_role,backup,,2.0,direct,20260908_1821_tackles_direct,2026-09-11T19:13:20+00:00,2026-09-11T19:13:40+00:00
2026,1,401872927,2026-09-13,15:25,00-0040598,Mark Redman,GB,MIN,TE,rushing_yards,0.0,-14.8,20.7,,,eligible,eligible_current_role,backup,,4.0,direct_component_blend,20260908_1821_rushing_yards_blend,2026-09-11T19:13:20+00:00,2026-09-11T19:13:40+00:00
2026,1,401872927,2026-09-13,15:25,00-0040598,Mark Redman,GB,MIN,TE,receiving_yards,5.8,-16.8,46.4,,,eligible,eligible_current_role,backup,,4.0,direct_component_blend,20260908_1821_receiving_yards_blend,2026-09-11T19:13:20+00:00,2026-09-11T19:13:40+00:00
2026,1,401872927,2026-09-13,15:25,00-0040624,Elijah Williams,MIN,GB,DL,tackles,0.9,0.0,3.4,0.4877525471610725,0.211537231969959,eligible,eligible_current_role,backup,Active,3.0,direct,20260908_1821_tackles_direct,2026-09-11T19:13:20+00:00,2026-09-11T19:13:40+00:00
2026,1,401872927,2026-09-13,15:25,00-0040667,Matthew Golden,GB,MIN,WR,rushing_yards,1.3,-9.4,16.4,,,eligible,eligible_current_role,backup,Active,3.0,direct_component_blend,20260908_1821_rushing_yards_blend,2026-09-11T19:13:20+00:00,2026-09-11T19:13:40+00:00
2026,1,401872927,2026-09-13,15:25,00-0040667,Matthew Golden,GB,MIN,WR,receiving_yards,16.3,-0.8,45.1,,,eligible,eligible_current_role,backup,Active,3.0,direct_component_blend,20260908_1821_receiving_yards_blend,2026-09-11T19:13:20+00:00,2026-09-11T19:13:40+00:00
2026,1,401872927,2026-09-13,15:25,00-0040689,Anthony Campbell,GB,MIN,DL,tackles,1.1,0.0,4.6,0.5612555617165653,0.27121866243311465,eligible,eligible_current_role,backup,,2.0,direct,20260908_1821_tackles_direct,2026-09-11T19:13:20+00:00,2026-09-11T19:13:40+00:00
2026,1,401872927,2026-09-13,15:25,00-0040869,Chris McClellan,GB,MIN,DL,tackles,1.1,0.0,4.6,0.5568289603660199,0.2671104709176802,eligible,eligible_current_role,backup,,3.0,direct,20260908_1821_tackles_direct,2026-09-11T19:13:20+00:00,2026-09-11T19:13:40+00:00
2026,1,401872927,2026-09-13,15:25,00-0040877,Dani Dennis-Sutton,GB,MIN,LB,tackles,1.1,0.0,4.7,0.5638795335228128,0.2736823735188265,eligible,eligible_current_role,backup,Active,3.0,direct,20260908_1821_tackles_direct,2026-09-11T19:13:20+00:00,2026-09-11T19:13:40+00:00
2026,1,401872927,2026-09-13,15:25,00-0040899,Trey Smack,GB,MIN,K,kicking_points,6.9,0.4,14.4,,,eligible,eligible_current_role,starter,,1.0,component,20260908_1821_kicking_points_component,2026-09-11T19:13:20+00:00,2026-09-11T19:13:40+00:00
2026,1,401872927,2026-09-13,15:25,00-0040948,J. Michael Sturdivant,GB,MIN,WR,rushing_yards,0.0,-14.7,20.7,,,eligible,eligible_current_role,backup,,6.0,direct_component_blend,20260908_1821_rushing_yards_blend,2026-09-11T19:13:20+00:00,2026-09-11T19:13:40+00:00
2026,1,401872927,2026-09-13,15:25,00-0040948,J. Michael Sturdivant,GB,MIN,WR,receiving_yards,7.7,-14.9,48.3,,,eligible,eligible_current_role,backup,,6.0,direct_component_blend,20260908_1821_receiving_yards_blend,2026-09-11T19:13:20+00:00,2026-09-11T19:13:40+00:00
2026,1,401872927,2026-09-13,15:25,00-0041033,Caleb Banks,MIN,GB,DL,tackles,1.5,0.0,5.0,0.7017394547293357,0.41249431194823527,eligible,eligible_current_role,starter,,1.0,direct,20260908_1821_tackles_direct,2026-09-11T19:13:20+00:00,2026-09-11T19:13:40+00:00
2026,1,401872927,2026-09-13,15:25,00-0041046,Domonique Orange,MIN,GB,DL,tackles,1.1,0.0,4.6,0.556471380153395,0.266781222408709,eligible,eligible_current_role,backup,,2.0,direct,20260908_1821_tackles_direct,2026-09-11T19:13:20+00:00,2026-09-11T19:13:40+00:00
2026,1,401872927,2026-09-13,15:25,00-0041054,Jakobe Thomas,MIN,GB,DB,tackles,1.4,0.0,5.3,0.6643943826088503,0.3716626062520855,eligible,questionable_flag,backup,Questionable,4.0,direct,20260908_1821_tackles_direct,2026-09-11T19:13:20+00:00,2026-09-11T19:13:40+00:00
2026,1,401872927,2026-09-13,15:25,00-0041081,Max Bredeson,MIN,GB,RB,rushing_yards,13.3,-17.0,55.8,,,eligible,eligible_current_role,starter,,1.0,direct_component_blend,20260908_1821_rushing_yards_blend,2026-09-11T19:13:20+00:00,2026-09-11T19:13:40+00:00
2026,1,401872927,2026-09-13,15:25,00-0041081,Max Bredeson,MIN,GB,RB,receiving_yards,5.3,-17.3,45.9,,,eligible,eligible_current_role,starter,,1.0,direct_component_blend,20260908_1821_receiving_yards_blend,2026-09-11T19:13:20+00:00,2026-09-11T19:13:40+00:00
2026,1,401872927,2026-09-13,15:25,00-0041083,Charles Demmings,MIN,GB,DB,tackles,3.5,0.6,7.3,0.9295735957125245,0.8106659895343487,eligible,eligible_current_role,starter,,1.0,direct,20260908_1821_tackles_direct,2026-09-11T19:13:20+00:00,2026-09-11T19:13:40+00:00
2026,1,401872927,2026-09-13,15:25,00-0041104,Demond Claiborne,MIN,GB,RB,rushing_yards,10.4,-19.9,52.9,,,eligible,eligible_current_role,backup,Active,3.0,direct_component_blend,20260908_1821_rushing_yards_blend,2026-09-11T19:13:20+00:00,2026-09-11T19:13:40+00:00
2026,1,401872927,2026-09-13,15:25,00-0041104,Demond Claiborne,MIN,GB,RB,receiving_yards,3.4,-19.3,43.9,,,eligible,eligible_current_role,backup,Active,3.0,direct_component_blend,20260908_1821_receiving_yards_blend,2026-09-11T19:13:20+00:00,2026-09-11T19:13:40+00:00
2026,1,401872927,2026-09-13,15:25,00-0041354,Jacob Thomas,MIN,GB,DB,tackles,1.4,0.0,5.3,0.6643943826088503,0.3716626062520855,eligible,questionable_flag,backup,Questionable,3.0,direct,20260908_1821_tackles_direct,2026-09-11T19:13:20+00:00,2026-09-11T19:13:40+00:00
2026,1,401872927,2026-09-13,15:25,00-0041470,Brandon Cisse,GB,MIN,DB,tackles,3.8,0.9,7.6,0.9435629415666148,0.836496770907345,eligible,eligible_current_role,starter,,1.0,direct,20260908_1821_tackles_direct,2026-09-11T19:13:20+00:00,2026-09-11T19:13:40+00:00
2026,1,401872928,2026-09-13,13:25,00-0029604,Kirk Cousins,LV,MIA,QB,passing_yards,202.5,109.0,308.7,,,eligible,eligible_current_role,starter,Active,1.0,direct_component_blend,20260908_1821_passing_yards_blend,2026-09-11T19:13:20+00:00,2026-09-11T19:13:40+00:00
2026,1,401872928,2026-09-13,13:25,00-0029604,Kirk Cousins,LV,MIA,QB,passing_tds,1.542,,,0.8125,0.5078544425528725,eligible,eligible_current_role,starter,Active,1.0,direct_component_blend,20260908_1821_passing_tds_blend,2026-09-11T19:13:20+00:00,2026-09-11T19:13:40+00:00
2026,1,401872928,2026-09-13,13:25,00-0029604,Kirk Cousins,LV,MIA,QB,rushing_yards,2.9,-7.8,18.0,,,eligible,eligible_current_role,starter,Active,1.0,direct_component_blend,20260908_1821_rushing_yards_blend,2026-09-11T19:13:20+00:00,2026-09-11T19:13:40+00:00
2026,1,401872928,2026-09-13,13:25,00-0033381,Adam Butler,LV,MIA,DL,tackles,1.9,0.0,4.4,0.777569813639455,0.5040652583536721,eligible,eligible_current_role,starter,Active,1.0,direct,20260908_1821_tackles_direct,2026-09-11T19:13:20+00:00,2026-09-11T19:13:40+00:00
2026,1,401872928,2026-09-13,13:25,00-0034275,Foley Fatukasi,LV,MIA,DL,tackles,1.1,0.0,3.5,0.5570868607623447,0.26734817844279,eligible,eligible_current_role,backup,Active,2.0,direct,20260908_1821_tackles_direct,2026-09-11T19:13:20+00:00,2026-09-11T19:13:40+00:00
2026,1,401872928,2026-09-13,13:25,00-0034285,Zach Sieler,MIA,LV,DL,tackles,2.7,0.5,5.4,0.8806707468736195,0.6896055355238548,eligible,eligible_current_role,starter,Active,1.0,direct,20260908_1821_tackles_direct,2026-09-11T19:13:20+00:00,2026-09-11T19:13:40+00:00
2026,1,401872928,2026-09-13,13:25,00-0034365,Ian Thomas,LV,MIA,TE,rushing_yards,0.0,-10.8,14.9,,,eligible,eligible_current_role,backup,,3.0,direct_component_blend,20260908_1821_rushing_yards_blend,2026-09-11T19:13:20+00:00,2026-09-11T19:13:40+00:00
2026,1,401872928,2026-09-13,13:25,00-0034365,Ian Thomas,LV,MIA,TE,receiving_yards,8.0,-9.1,36.8,,,eligible,eligible_current_role,backup,,3.0,direct_component_blend,20260908_1821_receiving_yards_blend,2026-09-11T19:13:20+00:00,2026-09-11T19:13:40+00:00
2026,1,401872928,2026-09-13,13:25,00-0034376,Taron Johnson,LV,MIA,DB,tackles,4.7,2.4,7.3,0.9756358330432245,0.9125772387694293,eligible,eligible_current_role,starter,,1.0,direct,20260908_1821_tackles_direct,2026-09-11T19:13:20+00:00,2026-09-11T19:13:40+00:00
2026,1,401872928,2026-09-13,13:25,00-0034779,Ronnie Harrison,MIA,LV,LB,tackles,1.8,0.0,4.2,0.7670052363356828,0.4906117483546295,eligible,questionable_flag,backup,Questionable,2.0,direct,20260908_1821_tackles_direct,2026-09-11T19:13:20+00:00,2026-09-11T19:13:40+00:00
2026,1,401872928,2026-09-13,13:25,00-0034973,Maxx Crosby,LV,MIA,DL,tackles,3.4,1.2,6.1,0.925339517033876,0.8032390839653942,eligible,eligible_current_role,starter,,1.0,direct,20260908_1821_tackles_direct,2026-09-11T19:13:20+00:00,2026-09-11T19:13:40+00:00
2026,1,401872928,2026-09-13,13:25,00-0035269,Matt Gay,LV,MIA,K,kicking_points,6.9,1.9,12.8,,,eligible,eligible_current_role,starter,Active,1.0,component,20260908_1821_kicking_points_component,2026-09-11T19:13:20+00:00,2026-09-11T19:13:40+00:00
2026,1,401872928,2026-09-13,13:25,00-0036159,Joshua Uche,MIA,LV,LB,tackles,1.8,0.0,4.3,0.7706245691327939,0.49515951214837145,eligible,eligible_current_role,starter,,1.0,direct,20260908_1821_tackles_direct,2026-09-11T19:13:20+00:00,2026-09-11T19:13:40+00:00
2026,1,401872928,2026-09-13,13:25,00-0036293,Jeremy Chinn,LV,MIA,DB,tackles,5.8,3.1,9.3,0.9827588475592536,0.9546737422034918,eligible,eligible_current_role,starter,,1.0,direct,20260908_1821_tackles_direct,2026-09-11T19:13:20+00:00,2026-09-11T19:13:40+00:00
2026,1,401872928,2026-09-13,13:25,00-0036362,Willie Gay Jr.,MIA,LV,LB,tackles,3.4,1.4,5.8,0.9252012355059718,0.8029992427521746,eligible,eligible_current_role,starter,,1.0,direct,20260908_1821_tackles_direct,2026-09-11T19:13:20+00:00,2026-09-11T19:13:40+00:00
2026,1,401872928,2026-09-13,13:25,00-0036409,Jordyn Brooks,MIA,LV,LB,tackles,7.0,4.4,11.4,0.983495145631068,0.9631067961165048,eligible,eligible_current_role,starter,Active,1.0,direct,20260908_1821_tackles_direct,2026-09-11T19:13:20+00:00,2026-09-11T19:13:40+00:00
2026,1,401872928,2026-09-13,13:25,00-0036423,Albert Okwuegbunam,LV,MIA,TE,rushing_yards,0.0,-10.8,14.9,,,eligible,eligible_current_role,roster_only,,,direct_component_blend,20260908_1821_rushing_yards_blend,2026-09-11T19:13:20+00:00,2026-09-11T19:13:40+00:00
2026,1,401872928,2026-09-13,13:25,00-0036423,Albert Okwuegbunam,LV,MIA,TE,receiving_yards,16.4,-0.7,45.2,,,eligible,eligible_current_role,roster_only,,,direct_component_blend,20260908_1821_receiving_yards_blend,2026-09-11T19:13:20+00:00,2026-09-11T19:13:40+00:00
2026,1,401872928,2026-09-13,13:25,00-0036479,Kwity Paye,LV,MIA,DL,tackles,2.2,0.3,4.7,0.8333196648265581,0.5956595015483859,eligible,eligible_current_role,starter,,1.0,direct,20260908_1821_tackles_direct,2026-09-11T19:13:20+00:00,2026-09-11T19:13:40+00:00
2026,1,401872928,2026-09-13,13:25,00-0036677,Zayne Anderson,MIA,LV,DB,tackles,1.4,0.0,3.9,0.6562857293056467,0.36318259063186803,eligible,eligible_current_role,starter,,1.0,direct,20260908_1821_tackles_direct,2026-09-11T19:13:20+00:00,2026-09-11T19:13:40+00:00
2026,1,401872928,2026-09-13,13:25,00-0036682,Malik Herring,MIA,LV,DL,tackles,0.8,0.0,3.3,0.45591726331839455,0.18932727857050707,eligible,eligible_current_role,backup,,2.0,direct,20260908_1821_tackles_direct,2026-09-11T19:13:20+00:00,2026-09-11T19:13:40+00:00
2026,1,401872928,2026-09-13,13:25,00-0036816,Riley Patterson,MIA,LV,K,kicking_points,6.9,2.2,12.4,,,eligible,eligible_current_role,starter,,1.0,component,20260908_1821_kicking_points_component,2026-09-11T19:13:20+00:00,2026-09-11T19:13:40+00:00
2026,1,401872928,2026-09-13,13:25,00-0036901,Eric Stokes,LV,MIA,DB,tackles,3.5,0.8,7.0,0.9307861846428644,0.812823646243917,eligible,eligible_current_role,starter,,1.0,direct,20260908_1821_tackles_direct,2026-09-11T19:13:20+00:00,2026-09-11T19:13:40+00:00
2026,1,401872928,2026-09-13,13:25,00-0036922,Patrick Johnson,LV,MIA,LB,tackles,1.3,0.0,3.8,0.5911724470434743,0.29962316394356237,eligible,eligible_current_role,backup,,2.0,direct,20260908_1821_tackles_direct,2026-09-11T19:13:20+00:00,2026-09-11T19:13:40+00:00
2026,1,401872928,2026-09-13,13:25,00-0036989,Malcolm Koonce,LV,MIA,DL,tackles,1.5,0.0,3.9,0.7025515439463528,0.41341607131873026,eligible,eligible_current_role,backup,,2.0,direct,20260908_1821_tackles_direct,2026-09-11T19:13:20+00:00,2026-09-11T19:13:40+00:00
2026,1,401872928,2026-09-13,13:25,00-0037093,Dareke Young,LV,MIA,WR,rushing_yards,0.0,-10.8,15.0,,,eligible,eligible_current_role,backup,,5.0,direct_component_blend,20260908_1821_rushing_yards_blend,2026-09-11T19:13:20+00:00,2026-09-11T19:13:40+00:00
2026,1,401872928,2026-09-13,13:25,00-0037093,Dareke Young,LV,MIA,WR,receiving_yards,3.7,-13.5,32.5,,,eligible,eligible_current_role,backup,,5.0,direct_component_blend,20260908_1821_receiving_yards_blend,2026-09-11T19:13:20+00:00,2026-09-11T19:13:40+00:00
2026,1,401872928,2026-09-13,13:25,00-0037252,Greg Dulcich,MIA,LV,TE,rushing_yards,0.1,-10.6,15.1,,,eligible,eligible_current_role,starter,Active,1.0,direct_component_blend,20260908_1821_rushing_yards_blend,2026-09-11T19:13:20+00:00,2026-09-11T19:13:40+00:00
2026,1,401872928,2026-09-13,13:25,00-0037252,Greg Dulcich,MIA,LV,TE,receiving_yards,30.8,13.6,59.6,,,eligible,eligible_current_role,starter,Active,1.0,direct_component_blend,20260908_1821_receiving_yards_blend,2026-09-11T19:13:20+00:00,2026-09-11T19:13:40+00:00
2026,1,401872928,2026-09-13,13:25,00-0037262,Thomas Booker,LV,MIA,DL,tackles,1.6,0.0,4.1,0.753089532692177,0.4736898694964468,eligible,eligible_current_role,backup,,2.0,direct,20260908_1821_tackles_direct,2026-09-11T19:13:20+00:00,2026-09-11T19:13:40+00:00
2026,1,401872928,2026-09-13,13:25,00-0037291,Jalen Nailor,LV,MIA,WR,rushing_yards,0.0,-10.8,14.9,,,eligible,eligible_current_role,backup,Active,2.0,direct_component_blend,20260908_1821_rushing_yards_blend,2026-09-11T19:13:20+00:00,2026-09-11T19:13:40+00:00
2026,1,401872928,2026-09-13,13:25,00-0037291,Jalen Nailor,LV,MIA,WR,receiving_yards,16.1,-1.1,44.9,,,eligible,eligible_current_role,backup,Active,2.0,direct_component_blend,20260908_1821_receiving_yards_blend,2026-09-11T19:13:20+00:00,2026-09-11T19:13:40+00:00
2026,1,401872928,2026-09-13,13:25,00-0037304,Connor Heyward,LV,MIA,RB,rushing_yards,7.2,-14.8,38.1,,,eligible,eligible_current_role,starter,,1.0,direct_component_blend,20260908_1821_rushing_yards_blend,2026-09-11T19:13:20+00:00,2026-09-11T19:13:40+00:00
2026,1,401872928,2026-09-13,13:25,00-0037304,Connor Heyward,LV,MIA,RB,receiving_yards,4.4,-12.7,33.3,,,eligible,eligible_current_role,starter,,1.0,direct_component_blend,20260908_1821_receiving_yards_blend,2026-09-11T19:13:20+00:00,2026-09-11T19:13:40+00:00
2026,1,401872928,2026-09-13,13:25,00-0037461,Tristin McCollum,LV,MIA,DB,tackles,1.2,0.0,4.0,0.5686788731011656,0.2782442371344688,eligible,eligible_current_role,backup,,3.0,direct,20260908_1821_tackles_direct,2026-09-11T19:13:20+00:00,2026-09-11T19:13:40+00:00
2026,1,401872928,2026-09-13,13:25,00-0037512,Isaiah Pola-Mao,LV,MIA,DB,tackles,3.0,0.4,6.5,0.9035398580869455,0.7460679413488098,eligible,eligible_current_role,backup,,2.0,direct,20260908_1821_tackles_direct,2026-09-11T19:13:20+00:00,2026-09-11T19:13:40+00:00
2026,1,401872928,2026-09-13,13:25,00-0037666,Jalen Tolbert,MIA,LV,WR,rushing_yards,0.0,-10.8,15.0,,,eligible,eligible_current_role,backup,Active,4.0,direct_component_blend,20260908_1821_rushing_yards_blend,2026-09-11T19:13:20+00:00,2026-09-11T19:13:40+00:00
2026,1,401872928,2026-09-13,13:25,00-0037666,Jalen Tolbert,MIA,LV,WR,receiving_yards,17.4,0.3,46.2,,,eligible,eligible_current_role,backup,Active,4.0,direct_component_blend,20260908_1821_receiving_yards_blend,2026-09-11T19:13:20+00:00,2026-09-11T19:13:40+00:00
2026,1,401872928,2026-09-13,13:25,00-0038128,Malik Willis,MIA,LV,QB,passing_yards,169.8,76.3,276.0,,,eligible,eligible_current_role,starter,Active,1.0,direct_component_blend,20260908_1821_passing_yards_blend,2026-09-11T19:13:20+00:00,2026-09-11T19:13:40+00:00
2026,1,401872928,2026-09-13,13:25,00-0038128,Malik Willis,MIA,LV,QB,passing_tds,0.968,,,0.6539191822938979,0.2673714357101178,eligible,eligible_current_role,starter,Active,1.0,direct_component_blend,20260908_1821_passing_tds_blend,2026-09-11T19:13:20+00:00,2026-09-11T19:13:40+00:00
2026,1,401872928,2026-09-13,13:25,00-0038128,Malik Willis,MIA,LV,QB,rushing_yards,15.2,2.5,33.2,,,eligible,eligible_current_role,starter,Active,1.0,direct_component_blend,20260908_1821_rushing_yards_blend,2026-09-11T19:13:20+00:00,2026-09-11T19:13:40+00:00
2026,1,401872928,2026-09-13,13:25,00-0038521,Reese Taylor,MIA,LV,DB,tackles,0.7,0.0,3.5,0.4166620203226607,0.14474456972355224,eligible,eligible_current_role,backup,Active,2.0,direct,20260908_1821_tackles_direct,2026-09-11T19:13:20+00:00,2026-09-11T19:13:40+00:00
2026,1,401872928,2026-09-13,13:25,00-0038563,Tre Tucker,LV,MIA,WR,rushing_yards,1.6,-9.1,16.7,,,eligible,eligible_current_role,starter,Active,1.0,direct_component_blend,20260908_1821_rushing_yards_blend,2026-09-11T19:13:20+00:00,2026-09-11T19:13:40+00:00
2026,1,401872928,2026-09-13,13:25,00-0038563,Tre Tucker,LV,MIA,WR,receiving_yards,42.7,16.0,91.9,,,eligible,eligible_current_role,starter,Active,1.0,direct_component_blend,20260908_1821_receiving_yards_blend,2026-09-11T19:13:20+00:00,2026-09-11T19:13:40+00:00
2026,1,401872928,2026-09-13,13:25,00-0038579,Aidan O'Connell,LV,MIA,QB,rushing_yards,6.8,-6.0,24.7,,,eligible,eligible_current_role,backup,,3.0,direct_component_blend,20260908_1821_rushing_yards_blend,2026-09-11T19:13:20+00:00,2026-09-11T19:13:40+00:00
2026,1,401872928,2026-09-13,13:25,00-0038594,Darrell Luter Jr.,LV,MIA,DB,tackles,1.8,0.0,5.3,0.766597029897887,0.49010273817030187,eligible,eligible_current_role,backup,Active,3.0,direct,20260908_1821_tackles_direct,2026-09-11T19:13:20+00:00,2026-09-11T19:13:40+00:00
2026,1,401872928,2026-09-13,13:25,00-0038603,Robert Beal Jr.,MIA,LV,DL,tackles,1.2,0.0,3.7,0.5740343269840353,0.2834209896944844,eligible,eligible_current_role,backup,,2.0,direct,20260908_1821_tackles_direct,2026-09-11T19:13:20+00:00,2026-09-11T19:13:40+00:00
2026,1,401872928,2026-09-13,13:25,00-0038824,Ryan Miller,MIA,LV,WR,rushing_yards,0.0,-10.8,15.0,,,eligible,eligible_current_role,backup,,6.0,direct_component_blend,20260908_1821_rushing_yards_blend,2026-09-11T19:13:20+00:00,2026-09-11T19:13:40+00:00
2026,1,401872928,2026-09-13,13:25,00-0038824,Ryan Miller,MIA,LV,WR,receiving_yards,3.1,-14.0,31.9,,,eligible,eligible_current_role,backup,,6.0,direct_component_blend,20260908_1821_receiving_yards_blend,2026-09-11T19:13:20+00:00,2026-09-11T19:13:40+00:00
2026,1,401872928,2026-09-13,13:25,00-0039040,De'Von Achane,MIA,LV,RB,rushing_yards,60.0,38.0,90.9,,,eligible,eligible_current_role,starter,Active,1.0,direct_component_blend,20260908_1821_rushing_yards_blend,2026-09-11T19:13:20+00:00,2026-09-11T19:13:40+00:00
2026,1,401872928,2026-09-13,13:25,00-0039040,De'Von Achane,MIA,LV,RB,receiving_yards,27.7,10.5,56.5,,,eligible,eligible_current_role,starter,Active,1.0,direct_component_blend,20260908_1821_receiving_yards_blend,2026-09-11T19:13:20+00:00,2026-09-11T19:13:40+00:00
2026,1,401872928,2026-09-13,13:25,00-0039066,Michael Mayer,LV,MIA,TE,rushing_yards,0.0,-10.8,14.9,,,eligible,eligible_current_role,backup,Active,2.0,direct_component_blend,20260908_1821_rushing_yards_blend,2026-09-11T19:13:20+00:00,2026-09-11T19:13:40+00:00
2026,1,401872928,2026-09-13,13:25,00-0039066,Michael Mayer,LV,MIA,TE,receiving_yards,25.7,6.0,60.0,,,eligible,eligible_current_role,backup,Active,2.0,direct_component_blend,20260908_1821_receiving_yards_blend,2026-09-11T19:13:20+00:00,2026-09-11T19:13:40+00:00
2026,1,401872928,2026-09-13,13:25,00-0039156,Julius Brents,MIA,LV,DB,tackles,4.4,2.2,7.1,0.9691870322078088,0.8954690835754611,eligible,eligible_current_role,starter,,1.0,direct,20260908_1821_tackles_direct,2026-09-11T19:13:20+00:00,2026-09-11T19:13:40+00:00
2026,1,401872928,2026-09-13,13:25,00-0039390,Marcellas Dial Jr.,MIA,LV,DB,tackles,1.9,0.0,4.7,0.7853181122040305,0.5146754164454849,eligible,eligible_current_role,backup,,2.0,direct,20260908_1821_tackles_direct,2026-09-11T19:13:20+00:00,2026-09-11T19:13:40+00:00
2026,1,401872928,2026-09-13,13:25,00-0039407,Dylan Laube,LV,MIA,RB,rushing_yards,1.2,-9.5,16.3,,,eligible,eligible_current_role,backup,Active,3.0,direct_component_blend,20260908_1821_rushing_yards_blend,2026-09-11T19:13:20+00:00,2026-09-11T19:13:40+00:00
2026,1,401872928,2026-09-13,13:25,00-0039407,Dylan Laube,LV,MIA,RB,receiving_yards,1.0,-16.2,29.8,,,eligible,eligible_current_role,backup,Active,3.0,direct_component_blend,20260908_1821_receiving_yards_blend,2026-09-11T19:13:20+00:00,2026-09-11T19:13:40+00:00
2026,1,401872928,2026-09-13,13:25,00-0039423,Jonah Laulu,LV,MIA,DL,tackles,2.8,0.7,5.6,0.8946322549126023,0.7224279523095527,eligible,eligible_current_role,starter,,1.0,direct,20260908_1821_tackles_direct,2026-09-11T19:13:20+00:00,2026-09-11T19:13:40+00:00
2026,1,401872928,2026-09-13,13:25,00-0039532,Julius Wood,MIA,LV,DB,tackles,0.9,0.0,3.6,0.48205037353667757,0.20742529249049427,eligible,eligible_current_role,backup,,3.0,direct,20260908_1821_tackles_direct,2026-09-11T19:13:20+00:00,2026-09-11T19:13:40+00:00
2026,1,401872928,2026-09-13,13:25,00-0039874,Jaylen Wright,MIA,LV,RB,rushing_yards,15.0,-7.0,45.9,,,eligible,eligible_current_role,backup,Active,2.0,direct_component_blend,20260908_1821_rushing_yards_blend,2026-09-11T19:13:20+00:00,2026-09-11T19:13:40+00:00
2026,1,401872928,2026-09-13,13:25,00-0039874,Jaylen Wright,MIA,LV,RB,receiving_yards,3.5,-13.6,32.3,,,eligible,eligible_current_role,backup,Active,2.0,direct_component_blend,20260908_1821_receiving_yards_blend,2026-09-11T19:13:20+00:00,2026-09-11T19:13:40+00:00
2026,1,401872928,2026-09-13,13:25,00-0039880,Malik Washington,MIA,LV,WR,rushing_yards,1.4,-9.3,16.5,,,eligible,eligible_current_role,starter,Active,1.0,direct_component_blend,20260908_1821_rushing_yards_blend,2026-09-11T19:13:20+00:00,2026-09-11T19:13:40+00:00
2026,1,401872928,2026-09-13,13:25,00-0039880,Malik Washington,MIA,LV,WR,receiving_yards,21.4,4.2,50.2,,,eligible,eligible_current_role,starter,Active,1.0,direct_component_blend,20260908_1821_receiving_yards_blend,2026-09-11T19:13:20+00:00,2026-09-11T19:13:40+00:00
2026,1,401872928,2026-09-13,13:25,00-0039911,Chop Robinson,MIA,LV,LB,tackles,1.9,0.0,4.4,0.7759263521975824,0.5019361929754674,eligible,eligible_current_role,starter,,1.0,direct,20260908_1821_tackles_direct,2026-09-11T19:13:20+00:00,2026-09-11T19:13:40+00:00
2026,1,401872928,2026-09-13,13:25,00-0040014,Kyle McCord,MIA,LV,QB,rushing_yards,6.4,-11.2,31.0,,,eligible,eligible_current_role,backup,Active,2.0,direct_component_blend,20260908_1821_rushing_yards_blend,2026-09-11T19:13:20+00:00,2026-09-11T19:13:40+00:00
2026,1,401872928,2026-09-13,13:25,00-0040066,Jackson Woodard,MIA,LV,LB,tackles,0.8,0.0,4.3,0.4291901266944854,0.16086133543429718,eligible,eligible_current_role,backup,,2.0,direct,20260908_1821_tackles_direct,2026-09-11T19:13:20+00:00,2026-09-11T19:13:40+00:00
2026,1,401872928,2026-09-13,13:25,00-0040122,Ashton Jeanty,LV,MIA,RB,rushing_yards,63.7,41.7,94.6,,,eligible,eligible_current_role,starter,Active,1.0,direct_component_blend,20260908_1821_rushing_yards_blend,2026-09-11T19:13:20+00:00,2026-09-11T19:13:40+00:00
2026,1,401872928,2026-09-13,13:25,00-0040122,Ashton Jeanty,LV,MIA,RB,receiving_yards,28.9,11.7,57.7,,,eligible,eligible_current_role,starter,Active,1.0,direct_component_blend,20260908_1821_receiving_yards_blend,2026-09-11T19:13:20+00:00,2026-09-11T19:13:40+00:00
2026,1,401872928,2026-09-13,13:25,00-0040169,Tonka Hemingway,LV,MIA,DL,tackles,1.5,0.0,4.0,0.7143656488695297,0.42699663918527686,eligible,eligible_current_role,starter,,1.0,direct,20260908_1821_tackles_direct,2026-09-11T19:13:20+00:00,2026-09-11T19:13:40+00:00
2026,1,401872928,2026-09-13,13:25,00-0040178,Jason Marshall Jr.,MIA,LV,DB,tackles,4.2,1.6,7.7,0.9634993794013141,0.8810990543135022,eligible,eligible_current_role,starter,,1.0,direct,20260908_1821_tackles_direct,2026-09-11T19:13:20+00:00,2026-09-11T19:13:40+00:00
2026,1,401872928,2026-09-13,13:25,00-0040182,Dante Trader Jr.,MIA,LV,DB,tackles,3.7,1.5,6.4,0.9431406890210657,0.8356841952955735,eligible,eligible_current_role,starter,,1.0,direct,20260908_1821_tackles_direct,2026-09-11T19:13:20+00:00,2026-09-11T19:13:40+00:00
2026,1,401872928,2026-09-13,13:25,00-0040198,Ollie Gordon II,MIA,LV,RB,rushing_yards,5.1,-5.6,20.1,,,eligible,eligible_current_role,backup,Active,3.0,direct_component_blend,20260908_1821_rushing_yards_blend,2026-09-11T19:13:20+00:00,2026-09-11T19:13:40+00:00
2026,1,401872928,2026-09-13,13:25,00-0040198,Ollie Gordon II,MIA,LV,RB,receiving_yards,2.6,-14.6,31.4,,,eligible,eligible_current_role,backup,Active,3.0,direct_component_blend,20260908_1821_receiving_yards_blend,2026-09-11T19:13:20+00:00,2026-09-11T19:13:40+00:00
2026,1,401872928,2026-09-13,13:25,00-0040199,JJ Pegues,LV,MIA,DL,tackles,1.1,0.0,3.6,0.5602469382073795,0.27027730555668295,eligible,eligible_current_role,backup,,2.0,direct,20260908_1821_tackles_direct,2026-09-11T19:13:20+00:00,2026-09-11T19:13:40+00:00
2026,1,401872928,2026-09-13,13:25,00-0040248,Zeek Biggers,MIA,LV,DL,tackles,1.7,0.0,4.1,0.7567672775860539,0.4780777276661653,eligible,eligible_current_role,backup,,2.0,direct,20260908_1821_tackles_direct,2026-09-11T19:13:20+00:00,2026-09-11T19:13:40+00:00
2026,1,401872928,2026-09-13,13:25,00-0040398,Brady Cook,MIA,LV,QB,rushing_yards,5.2,-7.6,23.2,,,eligible,eligible_current_role,backup,Active,3.0,direct_component_blend,20260908_1821_rushing_yards_blend,2026-09-11T19:13:20+00:00,2026-09-11T19:13:40+00:00
2026,1,401872928,2026-09-13,13:25,00-0040641,Darien Porter,LV,MIA,DB,tackles,4.1,1.4,7.5,0.9568118407577242,0.864903636697003,eligible,eligible_current_role,starter,,1.0,direct,20260908_1821_tackles_direct,2026-09-11T19:13:20+00:00,2026-09-11T19:13:40+00:00
2026,1,401872928,2026-09-13,13:25,00-0040655,Keith Cooper Jr.,MIA,LV,DL,tackles,0.7,0.0,4.2,0.40715563118822395,0.13307563783437087,eligible,eligible_current_role,backup,,2.0,direct,20260908_1821_tackles_direct,2026-09-11T19:13:20+00:00,2026-09-11T19:13:40+00:00
2026,1,401872928,2026-09-13,13:25,00-0040729,Jack Bech,LV,MIA,WR,rushing_yards,0.0,-10.8,15.0,,,eligible,eligible_current_role,backup,Active,3.0,direct_component_blend,20260908_1821_rushing_yards_blend,2026-09-11T19:13:20+00:00,2026-09-11T19:13:40+00:00
2026,1,401872928,2026-09-13,13:25,00-0040729,Jack Bech,LV,MIA,WR,receiving_yards,18.6,-8.0,67.8,,,eligible,eligible_current_role,backup,Active,3.0,direct_component_blend,20260908_1821_receiving_yards_blend,2026-09-11T19:13:20+00:00,2026-09-11T19:13:40+00:00
2026,1,401872928,2026-09-13,13:25,00-0040868,Treydan Stukes,LV,MIA,DB,tackles,3.6,0.7,7.4,0.9346829828070118,0.8198556378423757,eligible,eligible_current_role,starter,Active,1.0,direct,20260908_1821_tackles_direct,2026-09-11T19:13:20+00:00,2026-09-11T19:13:40+00:00
2026,1,401872928,2026-09-13,13:25,00-0040878,Mike Washington Jr.,LV,MIA,RB,rushing_yards,10.5,-19.7,53.1,,,eligible,eligible_current_role,roster_only,,,direct_component_blend,20260908_1821_rushing_yards_blend,2026-09-11T19:13:20+00:00,2026-09-11T19:13:40+00:00
2026,1,401872928,2026-09-13,13:25,00-0040878,Mike Washington Jr.,LV,MIA,RB,receiving_yards,3.5,-19.1,44.1,,,eligible,eligible_current_role,roster_only,,,direct_component_blend,20260908_1821_receiving_yards_blend,2026-09-11T19:13:20+00:00,2026-09-11T19:13:40+00:00
2026,1,401872928,2026-09-13,13:25,00-0040883,Dalton Johnson,LV,MIA,DB,tackles,2.0,0.0,6.0,0.7965796746072769,0.532680378116691,eligible,eligible_current_role,backup,,2.0,direct,20260908_1821_tackles_direct,2026-09-11T19:13:20+00:00,2026-09-11T19:13:40+00:00
2026,1,401872928,2026-09-13,13:25,00-0040889,Hezekiah Masses,LV,MIA,DB,tackles,2.0,0.0,6.0,0.7965796746072769,0.532680378116691,eligible,eligible_current_role,backup,,2.0,direct,20260908_1821_tackles_direct,2026-09-11T19:13:20+00:00,2026-09-11T19:13:40+00:00
2026,1,401872928,2026-09-13,13:25,00-0040894,Malik Benson,LV,MIA,WR,rushing_yards,0.0,-14.8,20.6,,,eligible,eligible_current_role,backup,Active,4.0,direct_component_blend,20260908_1821_rushing_yards_blend,2026-09-11T19:13:20+00:00,2026-09-11T19:13:40+00:00
2026,1,401872928,2026-09-13,13:25,00-0040894,Malik Benson,LV,MIA,WR,receiving_yards,7.3,-15.4,47.9,,,eligible,eligible_current_role,backup,Active,4.0,direct_component_blend,20260908_1821_receiving_yards_blend,2026-09-11T19:13:20+00:00,2026-09-11T19:13:40+00:00
2026,1,401872928,2026-09-13,13:25,00-0041004,Chase Roberts,LV,MIA,WR,rushing_yards,0.0,-14.8,20.6,,,eligible,eligible_current_role,roster_only,,,direct_component_blend,20260908_1821_rushing_yards_blend,2026-09-11T19:13:20+00:00,2026-09-11T19:13:40+00:00
2026,1,401872928,2026-09-13,13:25,00-0041004,Chase Roberts,LV,MIA,WR,receiving_yards,7.0,-15.6,47.6,,,eligible,eligible_current_role,roster_only,,,direct_component_blend,20260908_1821_receiving_yards_blend,2026-09-11T19:13:20+00:00,2026-09-11T19:13:40+00:00
2026,1,401872928,2026-09-13,13:25,00-0041077,Justin Joly,MIA,LV,TE,rushing_yards,0.0,-14.8,20.6,,,eligible,eligible_current_role,backup,Active,4.0,direct_component_blend,20260908_1821_rushing_yards_blend,2026-09-11T19:13:20+00:00,2026-09-11T19:13:40+00:00
2026,1,401872928,2026-09-13,13:25,00-0041077,Justin Joly,MIA,LV,TE,receiving_yards,7.0,-15.7,47.5,,,eligible,eligible_current_role,backup,Active,4.0,direct_component_blend,20260908_1821_receiving_yards_blend,2026-09-11T19:13:20+00:00,2026-09-11T19:13:40+00:00
2026,1,401872928,2026-09-13,13:25,00-0041161,Le'Veon Moss,MIA,LV,RB,rushing_yards,10.7,-19.6,53.2,,,eligible,eligible_current_role,roster_only,,,direct_component_blend,20260908_1821_rushing_yards_blend,2026-09-11T19:13:20+00:00,2026-09-11T19:13:40+00:00
2026,1,401872928,2026-09-13,13:25,00-0041161,Le'Veon Moss,MIA,LV,RB,receiving_yards,3.7,-19.0,44.2,,,eligible,eligible_current_role,roster_only,,,direct_component_blend,20260908_1821_receiving_yards_blend,2026-09-11T19:13:20+00:00,2026-09-11T19:13:40+00:00
2026,1,401872928,2026-09-13,13:25,00-0041436,DJ Herman,MIA,LV,RB,rushing_yards,11.5,-18.7,54.0,,,eligible,eligible_current_role,starter,,1.0,direct_component_blend,20260908_1821_rushing_yards_blend,2026-09-11T19:13:20+00:00,2026-09-11T19:13:40+00:00
2026,1,401872928,2026-09-13,13:25,00-0041436,DJ Herman,MIA,LV,RB,receiving_yards,4.5,-18.1,45.1,,,eligible,eligible_current_role,starter,,1.0,direct_component_blend,20260908_1821_receiving_yards_blend,2026-09-11T19:13:20+00:00,2026-09-11T19:13:40+00:00
2026,1,401872928,2026-09-13,13:25,00-0041522,Jacob Rodriguez,MIA,LV,LB,tackles,2.8,0.2,6.3,0.8921949879905001,0.7161640667213985,eligible,eligible_current_role,starter,Active,1.0,direct,20260908_1821_tackles_direct,2026-09-11T19:13:20+00:00,2026-09-11T19:13:40+00:00
2026,1,401872928,2026-09-13,13:25,00-0041523,Caleb Douglas,MIA,LV,WR,rushing_yards,0.0,-14.8,20.6,,,eligible,eligible_current_role,backup,Active,2.0,direct_component_blend,20260908_1821_rushing_yards_blend,2026-09-11T19:13:20+00:00,2026-09-11T19:13:40+00:00
2026,1,401872928,2026-09-13,13:25,00-0041523,Caleb Douglas,MIA,LV,WR,receiving_yards,10.1,-12.5,50.7,,,eligible,eligible_current_role,backup,Active,2.0,direct_component_blend,20260908_1821_receiving_yards_blend,2026-09-11T19:13:20+00:00,2026-09-11T19:13:40+00:00
2026,1,401872928,2026-09-13,13:25,00-0041524,Will Kacmarek,MIA,LV,TE,rushing_yards,0.0,-14.8,20.6,,,eligible,questionable_flag,backup,Questionable,2.0,direct_component_blend,20260908_1821_rushing_yards_blend,2026-09-11T19:13:20+00:00,2026-09-11T19:13:40+00:00
2026,1,401872928,2026-09-13,13:25,00-0041524,Will Kacmarek,MIA,LV,TE,receiving_yards,8.6,-14.0,49.2,,,eligible,questionable_flag,backup,Questionable,2.0,direct_component_blend,20260908_1821_receiving_yards_blend,2026-09-11T19:13:20+00:00,2026-09-11T19:13:40+00:00
2026,1,401872928,2026-09-13,13:25,00-0041525,Chris Bell,MIA,LV,WR,rushing_yards,0.0,-14.8,20.6,,,eligible,eligible_current_role,backup,Active,3.0,direct_component_blend,20260908_1821_rushing_yards_blend,2026-09-11T19:13:20+00:00,2026-09-11T19:13:40+00:00
2026,1,401872928,2026-09-13,13:25,00-0041525,Chris Bell,MIA,LV,WR,receiving_yards,7.1,-15.6,47.7,,,eligible,eligible_current_role,backup,Active,3.0,direct_component_blend,20260908_1821_receiving_yards_blend,2026-09-11T19:13:20+00:00,2026-09-11T19:13:40+00:00
2026,1,401872928,2026-09-13,13:25,00-0041527,Kyle Louis,MIA,LV,LB,tackles,1.5,0.0,5.0,0.693632195594823,0.4033734023439009,eligible,eligible_current_role,backup,,2.0,direct,20260908_1821_tackles_direct,2026-09-11T19:13:20+00:00,2026-09-11T19:13:40+00:00
2026,1,401872928,2026-09-13,13:25,00-0041528,Michael Taaffe,MIA,LV,DB,tackles,2.0,0.0,5.9,0.7905807705449029,0.5230194430864569,eligible,eligible_current_role,backup,,2.0,direct,20260908_1821_tackles_direct,2026-09-11T19:13:20+00:00,2026-09-11T19:13:40+00:00
2026,1,401872928,2026-09-13,13:25,00-0041529,Kevin Coleman Jr.,MIA,LV,WR,rushing_yards,0.0,-14.8,20.6,,,eligible,eligible_current_role,backup,,5.0,direct_component_blend,20260908_1821_rushing_yards_blend,2026-09-11T19:13:20+00:00,2026-09-11T19:13:40+00:00
2026,1,401872928,2026-09-13,13:25,00-0041529,Kevin Coleman Jr.,MIA,LV,WR,receiving_yards,7.1,-15.6,47.7,,,eligible,eligible_current_role,backup,,5.0,direct_component_blend,20260908_1821_receiving_yards_blend,2026-09-11T19:13:20+00:00,2026-09-11T19:13:40+00:00
2026,1,401872928,2026-09-13,13:25,00-0041533,Chris Johnson,MIA,LV,DB,tackles,3.5,0.6,7.4,0.9316911976063186,0.8144432678995103,eligible,eligible_current_role,starter,,1.0,direct,20260908_1821_tackles_direct,2026-09-11T19:13:20+00:00,2026-09-11T19:13:40+00:00
2026,1,401872928,2026-09-13,13:25,00-0041562,Fernando Mendoza,LV,MIA,QB,rushing_yards,5.7,-11.9,30.4,,,eligible,eligible_current_role,backup,Active,2.0,direct_component_blend,20260908_1821_rushing_yards_blend,2026-09-11T19:13:20+00:00,2026-09-11T19:13:40+00:00
2026,1,401872928,2026-09-13,13:25,00-0041563,Jermod McCoy,LV,MIA,DB,tackles,2.0,0.0,6.0,0.7965796746072769,0.532680378116691,eligible,eligible_current_role,backup,Active,2.0,direct,20260908_1821_tackles_direct,2026-09-11T19:13:20+00:00,2026-09-11T19:13:40+00:00
2026,1,401872928,2026-09-13,13:25,00-0041579,Seydou Traore,MIA,LV,TE,rushing_yards,0.0,-14.8,20.6,,,eligible,eligible_current_role,backup,Active,3.0,direct_component_blend,20260908_1821_rushing_yards_blend,2026-09-11T19:13:20+00:00,2026-09-11T19:13:40+00:00
2026,1,401872928,2026-09-13,13:25,00-0041579,Seydou Traore,MIA,LV,TE,receiving_yards,7.0,-15.7,47.5,,,eligible,eligible_current_role,backup,Active,3.0,direct_component_blend,20260908_1821_receiving_yards_blend,2026-09-11T19:13:20+00:00,2026-09-11T19:13:40+00:00
2026,1,401872928,2026-09-13,13:25,WAS569019,Mike Washington Jr.,LV,MIA,RB,rushing_yards,11.1,-19.1,53.7,,,eligible,eligible_current_role,backup,Active,2.0,direct_component_blend,20260908_1821_rushing_yards_blend,2026-09-11T19:13:20+00:00,2026-09-11T19:13:40+00:00
2026,1,401872928,2026-09-13,13:25,WAS569019,Mike Washington Jr.,LV,MIA,RB,receiving_yards,3.9,-18.8,44.5,,,eligible,eligible_current_role,backup,Active,2.0,direct_component_blend,20260908_1821_receiving_yards_blend,2026-09-11T19:13:20+00:00,2026-09-11T19:13:40+00:00
2026,1,401872929,2026-09-13,16:25,00-0027973,Andy Dalton,PHI,WSH,QB,rushing_yards,4.8,-5.9,19.9,,,eligible,eligible_current_role,backup,Active,2.0,direct_component_blend,20260908_1821_rushing_yards_blend,2026-09-11T19:13:20+00:00,2026-09-11T19:13:40+00:00
2026,1,401872929,2026-09-13,16:25,00-0031588,Stefon Diggs,WSH,PHI,WR,rushing_yards,0.0,-10.8,15.0,,,eligible,eligible_current_role,backup,Active,2.0,direct_component_blend,20260908_1821_rushing_yards_blend,2026-09-11T19:13:20+00:00,2026-09-11T19:13:40+00:00
2026,1,401872929,2026-09-13,16:25,00-0031588,Stefon Diggs,WSH,PHI,WR,receiving_yards,37.3,10.6,86.5,,,eligible,eligible_current_role,backup,Active,2.0,direct_component_blend,20260908_1821_receiving_yards_blend,2026-09-11T19:13:20+00:00,2026-09-11T19:13:40+00:00
2026,1,401872929,2026-09-13,16:25,00-0032268,Marcus Mariota,WSH,PHI,QB,rushing_yards,16.2,3.4,34.1,,,eligible,eligible_current_role,backup,Active,2.0,direct_component_blend,20260908_1821_rushing_yards_blend,2026-09-11T19:13:20+00:00,2026-09-11T19:13:40+00:00
2026,1,401872929,2026-09-13,16:25,00-0032580,Jonathan Jones,PHI,WSH,DB,tackles,2.7,0.1,6.2,0.8807884009309266,0.6898635291667612,eligible,eligible_current_role,backup,Active,2.0,direct,20260908_1821_tackles_direct,2026-09-11T19:13:20+00:00,2026-09-11T19:13:40+00:00
2026,1,401872929,2026-09-13,16:25,00-0033246,Johnny Mundt,PHI,WSH,TE,rushing_yards,0.0,-10.8,15.0,,,eligible,eligible_current_role,backup,,2.0,direct_component_blend,20260908_1821_rushing_yards_blend,2026-09-11T19:13:20+00:00,2026-09-11T19:13:40+00:00
2026,1,401872929,2026-09-13,16:25,00-0033246,Johnny Mundt,PHI,WSH,TE,receiving_yards,8.1,-9.1,36.9,,,eligible,eligible_current_role,backup,,2.0,direct_component_blend,20260908_1821_receiving_yards_blend,2026-09-11T19:13:20+00:00,2026-09-11T19:13:40+00:00
2026,1,401872929,2026-09-13,16:25,00-0033551,Rasul Douglas,WSH,PHI,DB,tackles,4.1,1.4,7.6,0.9591052954443345,0.870380428073799,eligible,eligible_current_role,starter,,1.0,direct,20260908_1821_tackles_direct,2026-09-11T19:13:20+00:00,2026-09-11T19:13:40+00:00
2026,1,401872929,2026-09-13,16:25,00-0033787,Jake Elliott,PHI,WSH,K,kicking_points,7.2,2.2,13.1,,,eligible,eligible_current_role,starter,Active,1.0,component,20260908_1821_kicking_points_component,2026-09-11T19:13:20+00:00,2026-09-11T19:13:40+00:00
2026,1,401872929,2026-09-13,16:25,00-0033918,Fabian Moreau,WSH,PHI,DB,tackles,1.9,0.0,4.4,0.778271093182553,0.5049779166658493,eligible,eligible_current_role,backup,Active,2.0,direct,20260908_1821_tackles_direct,2026-09-11T19:13:20+00:00,2026-09-11T19:13:40+00:00
2026,1,401872929,2026-09-13,16:25,00-0034333,Daron Payne,WSH,PHI,DL,tackles,2.4,0.5,4.9,0.8601410078770928,0.6466825257346072,eligible,questionable_flag,starter,Questionable,1.0,direct,20260908_1821_tackles_direct,2026-09-11T19:13:20+00:00,2026-09-11T19:13:40+00:00
2026,1,401872929,2026-09-13,16:25,00-0034351,Dallas Goedert,PHI,WSH,TE,rushing_yards,0.0,-10.7,15.1,,,eligible,eligible_current_role,starter,Active,1.0,direct_component_blend,20260908_1821_rushing_yards_blend,2026-09-11T19:13:20+00:00,2026-09-11T19:13:40+00:00
2026,1,401872929,2026-09-13,16:25,00-0034351,Dallas Goedert,PHI,WSH,TE,receiving_yards,41.6,21.9,75.8,,,eligible,eligible_current_role,starter,Active,1.0,direct_component_blend,20260908_1821_receiving_yards_blend,2026-09-11T19:13:20+00:00,2026-09-11T19:13:40+00:00
2026,1,401872929,2026-09-13,16:25,00-0034397,Tim Settle,WSH,PHI,DL,tackles,1.7,0.0,4.1,0.7576505324019333,0.4791403750344245,eligible,eligible_current_role,starter,Active,1.0,direct,20260908_1821_tackles_direct,2026-09-11T19:13:20+00:00,2026-09-11T19:13:40+00:00
2026,1,401872929,2026-09-13,16:25,00-0034465,Jeremy Reaves,WSH,PHI,DB,tackles,4.8,2.5,7.4,0.9774913904351804,0.9176923930252228,eligible,eligible_current_role,starter,,1.0,direct,20260908_1821_tackles_direct,2026-09-11T19:13:20+00:00,2026-09-11T19:13:40+00:00
2026,1,401872929,2026-09-13,16:25,00-0034844,Saquon Barkley,PHI,WSH,RB,rushing_yards,67.9,45.9,98.8,,,eligible,eligible_current_role,starter,Active,1.0,direct_component_blend,20260908_1821_rushing_yards_blend,2026-09-11T19:13:20+00:00,2026-09-11T19:13:40+00:00
2026,1,401872929,2026-09-13,16:25,00-0034844,Saquon Barkley,PHI,WSH,RB,receiving_yards,12.8,-4.4,41.6,,,eligible,eligible_current_role,starter,Active,1.0,direct_component_blend,20260908_1821_receiving_yards_blend,2026-09-11T19:13:20+00:00,2026-09-11T19:13:40+00:00
2026,1,401872929,2026-09-13,16:25,00-0034993,Marcus Epps,PHI,WSH,DB,tackles,4.7,2.0,8.2,0.9770823999010482,0.9165566428788573,eligible,eligible_current_role,starter,,1.0,direct,20260908_1821_tackles_direct,2026-09-11T19:13:20+00:00,2026-09-11T19:13:40+00:00
2026,1,401872929,2026-09-13,16:25,00-0035279,Charles Omenihu,WSH,PHI,DL,tackles,1.3,0.0,3.8,0.5975452934395514,0.30550661952713865,eligible,eligible_current_role,backup,,2.0,direct,20260908_1821_tackles_direct,2026-09-11T19:13:20+00:00,2026-09-11T19:13:40+00:00
2026,1,401872929,2026-09-13,16:25,00-0035409,Shy Tuttle,WSH,PHI,DL,tackles,1.0,0.0,3.5,0.5522324260793545,0.2629075450797094,eligible,eligible_current_role,backup,Active,2.0,direct,20260908_1821_tackles_direct,2026-09-11T19:13:20+00:00,2026-09-11T19:13:40+00:00
2026,1,401872929,2026-09-13,16:25,00-0035659,Terry McLaurin,WSH,PHI,WR,rushing_yards,0.0,-10.8,15.0,,,eligible,eligible_current_role,starter,Active,1.0,direct_component_blend,20260908_1821_rushing_yards_blend,2026-09-11T19:13:20+00:00,2026-09-11T19:13:40+00:00
2026,1,401872929,2026-09-13,16:25,00-0035659,Terry McLaurin,WSH,PHI,WR,receiving_yards,54.4,27.7,103.5,,,eligible,eligible_current_role,starter,Active,1.0,direct_component_blend,20260908_1821_receiving_yards_blend,2026-09-11T19:13:20+00:00,2026-09-11T19:13:40+00:00
2026,1,401872929,2026-09-13,16:25,00-0035662,Marquise Brown,PHI,WSH,WR,rushing_yards,0.0,-10.7,15.0,,,eligible,eligible_current_role,backup,Active,4.0,direct_component_blend,20260908_1821_rushing_yards_blend,2026-09-11T19:13:20+00:00,2026-09-11T19:13:40+00:00
2026,1,401872929,2026-09-13,16:25,00-0035662,Marquise Brown,PHI,WSH,WR,receiving_yards,19.3,2.2,48.2,,,eligible,eligible_current_role,backup,Active,4.0,direct_component_blend,20260908_1821_receiving_yards_blend,2026-09-11T19:13:20+00:00,2026-09-11T19:13:40+00:00
2026,1,401872929,2026-09-13,16:25,00-0036192,A.J. Epenesa,PHI,WSH,DL,tackles,1.3,0.0,3.8,0.6230933568409103,0.3298082481192821,eligible,eligible_current_role,backup,,2.0,direct,20260908_1821_tackles_direct,2026-09-11T19:13:20+00:00,2026-09-11T19:13:40+00:00
2026,1,401872929,2026-09-13,16:25,00-0036224,Jonathan Greenard,PHI,WSH,LB,tackles,2.2,0.3,4.7,0.82715329714915,0.5845970525196983,eligible,questionable_flag,starter,Questionable,1.0,direct,20260908_1821_tackles_direct,2026-09-11T19:13:20+00:00,2026-09-11T19:13:40+00:00
2026,1,401872929,2026-09-13,16:25,00-0036260,Javon Kinlaw,WSH,PHI,DL,tackles,2.7,0.8,5.2,0.8858428318599288,0.7010903389730279,eligible,eligible_current_role,starter,,1.0,direct,20260908_1821_tackles_direct,2026-09-11T19:13:20+00:00,2026-09-11T19:13:40+00:00
2026,1,401872929,2026-09-13,16:25,00-0036286,K'Lavon Chaisson,WSH,PHI,LB,tackles,2.3,0.4,4.8,0.8498416672172459,0.6265493142332514,eligible,questionable_flag,starter,Questionable,1.0,direct,20260908_1821_tackles_direct,2026-09-11T19:13:20+00:00,2026-09-11T19:13:40+00:00
2026,1,401872929,2026-09-13,16:25,00-0036375,Amik Robertson,WSH,PHI,DB,tackles,3.3,1.3,5.7,0.9193767990804742,0.7915203352581011,eligible,eligible_current_role,starter,,1.0,direct,20260908_1821_tackles_direct,2026-09-11T19:13:20+00:00,2026-09-11T19:13:40+00:00
2026,1,401872929,2026-09-13,16:25,00-0036389,Jalen Hurts,PHI,WSH,QB,passing_yards,207.7,114.2,313.9,,,eligible,eligible_current_role,starter,Active,1.0,direct_component_blend,20260908_1821_passing_yards_blend,2026-09-11T19:13:20+00:00,2026-09-11T19:13:40+00:00
2026,1,401872929,2026-09-13,16:25,00-0036389,Jalen Hurts,PHI,WSH,QB,passing_tds,1.37,,,0.7544891149937075,0.39285714285714285,eligible,eligible_current_role,starter,Active,1.0,direct_component_blend,20260908_1821_passing_tds_blend,2026-09-11T19:13:20+00:00,2026-09-11T19:13:40+00:00
2026,1,401872929,2026-09-13,16:25,00-0036389,Jalen Hurts,PHI,WSH,QB,rushing_yards,25.6,12.8,43.6,,,eligible,eligible_current_role,starter,Active,1.0,direct_component_blend,20260908_1821_rushing_yards_blend,2026-09-11T19:13:20+00:00,2026-09-11T19:13:40+00:00
2026,1,401872929,2026-09-13,16:25,00-0036501,Michael Carter II,PHI,WSH,DB,tackles,1.9,0.0,4.4,0.7830812410968772,0.5111650946901286,eligible,eligible_current_role,backup,,2.0,direct,20260908_1821_tackles_direct,2026-09-11T19:13:20+00:00,2026-09-11T19:13:40+00:00
2026,1,401872929,2026-09-13,16:25,00-0036626,Dyami Brown,WSH,PHI,WR,rushing_yards,0.3,-10.4,15.4,,,eligible,eligible_current_role,backup,,5.0,direct_component_blend,20260908_1821_rushing_yards_blend,2026-09-11T19:13:20+00:00,2026-09-11T19:13:40+00:00
2026,1,401872929,2026-09-13,16:25,00-0036626,Dyami Brown,WSH,PHI,WR,receiving_yards,5.8,-11.4,34.6,,,eligible,eligible_current_role,backup,,5.0,direct_component_blend,20260908_1821_receiving_yards_blend,2026-09-11T19:13:20+00:00,2026-09-11T19:13:40+00:00
2026,1,401872929,2026-09-13,16:25,00-0036628,John Bates,WSH,PHI,TE,rushing_yards,0.0,-10.8,14.9,,,eligible,eligible_current_role,backup,Active,2.0,direct_component_blend,20260908_1821_rushing_yards_blend,2026-09-11T19:13:20+00:00,2026-09-11T19:13:40+00:00
2026,1,401872929,2026-09-13,16:25,00-0036628,John Bates,WSH,PHI,TE,receiving_yards,5.4,-11.8,34.2,,,eligible,eligible_current_role,backup,Active,2.0,direct_component_blend,20260908_1821_receiving_yards_blend,2026-09-11T19:13:20+00:00,2026-09-11T19:13:40+00:00
2026,1,401872929,2026-09-13,16:25,00-0036912,DeVonta Smith,PHI,WSH,WR,rushing_yards,0.0,-10.7,15.1,,,eligible,eligible_current_role,starter,Active,1.0,direct_component_blend,20260908_1821_rushing_yards_blend,2026-09-11T19:13:20+00:00,2026-09-11T19:13:40+00:00
2026,1,401872929,2026-09-13,16:25,00-0036912,DeVonta Smith,PHI,WSH,WR,receiving_yards,58.9,32.2,108.1,,,eligible,eligible_current_role,starter,Active,1.0,direct_component_blend,20260908_1821_receiving_yards_blend,2026-09-11T19:13:20+00:00,2026-09-11T19:13:40+00:00
2026,1,401872929,2026-09-13,16:25,00-0036940,Odafe Oweh,WSH,PHI,LB,tackles,1.8,0.0,4.3,0.7729422500274535,0.49810491727546136,eligible,questionable_flag,starter,Questionable,1.0,direct,20260908_1821_tackles_direct,2026-09-11T19:13:20+00:00,2026-09-11T19:13:40+00:00
2026,1,401872929,2026-09-13,16:25,00-0036980,Elijah Moore,PHI,WSH,WR,rushing_yards,0.1,-10.6,15.1,,,eligible,eligible_current_role,backup,Active,5.0,direct_component_blend,20260908_1821_rushing_yards_blend,2026-09-11T19:13:20+00:00,2026-09-11T19:13:40+00:00
2026,1,401872929,2026-09-13,16:25,00-0036980,Elijah Moore,PHI,WSH,WR,receiving_yards,9.6,-7.5,38.4,,,eligible,eligible_current_role,backup,Active,5.0,direct_component_blend,20260908_1821_receiving_yards_blend,2026-09-11T19:13:20+00:00,2026-09-11T19:13:40+00:00
2026,1,401872929,2026-09-13,16:25,00-0037073,Jordan Davis,PHI,WSH,DL,tackles,3.3,1.3,5.7,0.919369827203878,0.791499186821687,eligible,eligible_current_role,starter,,1.0,direct,20260908_1821_tackles_direct,2026-09-11T19:13:20+00:00,2026-09-11T19:13:40+00:00
2026,1,401872929,2026-09-13,16:25,00-0037079,Riq Woolen,PHI,WSH,DB,tackles,3.1,1.0,5.9,0.9124324733659941,0.7709853276613466,eligible,eligible_current_role,starter,,1.0,direct,20260908_1821_tackles_direct,2026-09-11T19:13:20+00:00,2026-09-11T19:13:40+00:00
2026,1,401872929,2026-09-13,16:25,00-0037256,Rachaad White,WSH,PHI,RB,rushing_yards,22.6,0.6,53.5,,,eligible,eligible_current_role,backup,Active,2.0,direct_component_blend,20260908_1821_rushing_yards_blend,2026-09-11T19:13:20+00:00,2026-09-11T19:13:40+00:00
2026,1,401872929,2026-09-13,16:25,00-0037256,Rachaad White,WSH,PHI,RB,receiving_yards,10.1,-7.0,39.0,,,eligible,eligible_current_role,backup,Active,2.0,direct_component_blend,20260908_1821_receiving_yards_blend,2026-09-11T19:13:20+00:00,2026-09-11T19:13:40+00:00
2026,1,401872929,2026-09-13,16:25,00-0037616,Nick Cross,WSH,PHI,DB,tackles,6.3,3.6,9.8,0.983495145631068,0.9631067961165048,eligible,eligible_current_role,starter,,1.0,direct,20260908_1821_tackles_direct,2026-09-11T19:13:20+00:00,2026-09-11T19:13:40+00:00
2026,1,401872929,2026-09-13,16:25,00-0037742,Treylon Burks,WSH,PHI,WR,rushing_yards,0.0,-10.7,15.0,,,eligible,eligible_current_role,backup,,4.0,direct_component_blend,20260908_1821_rushing_yards_blend,2026-09-11T19:13:20+00:00,2026-09-11T19:13:40+00:00
2026,1,401872929,2026-09-13,16:25,00-0037742,Treylon Burks,WSH,PHI,WR,receiving_yards,15.3,-1.9,44.1,,,eligible,eligible_current_role,backup,,4.0,direct_component_blend,20260908_1821_receiving_yards_blend,2026-09-11T19:13:20+00:00,2026-09-11T19:13:40+00:00
2026,1,401872929,2026-09-13,16:25,00-0037809,Chig Okonkwo,WSH,PHI,TE,rushing_yards,0.0,-10.8,14.9,,,eligible,eligible_current_role,starter,Active,1.0,direct_component_blend,20260908_1821_rushing_yards_blend,2026-09-11T19:13:20+00:00,2026-09-11T19:13:40+00:00
2026,1,401872929,2026-09-13,16:25,00-0037809,Chig Okonkwo,WSH,PHI,TE,receiving_yards,26.5,6.8,60.8,,,eligible,eligible_current_role,starter,Active,1.0,direct_component_blend,20260908_1821_receiving_yards_blend,2026-09-11T19:13:20+00:00,2026-09-11T19:13:40+00:00
2026,1,401872929,2026-09-13,16:25,00-0038100,Percy Butler,WSH,PHI,DB,tackles,1.0,0.0,3.5,0.5436059352406762,0.255118425273963,eligible,eligible_current_role,backup,,3.0,direct,20260908_1821_tackles_direct,2026-09-11T19:13:20+00:00,2026-09-11T19:13:40+00:00
2026,1,401872929,2026-09-13,16:25,00-0038116,Arnold Ebiketie,PHI,WSH,LB,tackles,1.0,0.0,3.5,0.5376959761727786,0.25021030944773626,eligible,eligible_current_role,backup,,3.0,direct,20260908_1821_tackles_direct,2026-09-11T19:13:20+00:00,2026-09-11T19:13:40+00:00
2026,1,401872929,2026-09-13,16:25,00-0038386,Jalen Carter,PHI,WSH,DL,tackles,2.2,0.1,5.0,0.8285064315483397,0.5870064015152049,eligible,eligible_current_role,starter,,1.0,direct,20260908_1821_tackles_direct,2026-09-11T19:13:20+00:00,2026-09-11T19:13:40+00:00
2026,1,401872929,2026-09-13,16:25,00-0038393,Dontayvion Wicks,PHI,WSH,WR,rushing_yards,0.0,-10.8,15.0,,,eligible,eligible_current_role,backup,Active,2.0,direct_component_blend,20260908_1821_rushing_yards_blend,2026-09-11T19:13:20+00:00,2026-09-11T19:13:40+00:00
2026,1,401872929,2026-09-13,16:25,00-0038393,Dontayvion Wicks,PHI,WSH,WR,receiving_yards,10.5,-6.6,39.3,,,eligible,eligible_current_role,backup,Active,2.0,direct_component_blend,20260908_1821_receiving_yards_blend,2026-09-11T19:13:20+00:00,2026-09-11T19:13:40+00:00
2026,1,401872929,2026-09-13,16:25,00-0038400,Tanner McKee,PHI,WSH,QB,rushing_yards,3.1,-7.6,18.1,,,eligible,eligible_current_role,backup,Active,3.0,direct_component_blend,20260908_1821_rushing_yards_blend,2026-09-11T19:13:20+00:00,2026-09-11T19:13:40+00:00
2026,1,401872929,2026-09-13,16:25,00-0038412,Moro Ojomo,PHI,WSH,DL,tackles,2.0,0.0,4.8,0.8052959112110389,0.5470118865744978,eligible,eligible_current_role,starter,,1.0,direct,20260908_1821_tackles_direct,2026-09-11T19:13:20+00:00,2026-09-11T19:13:40+00:00
2026,1,401872929,2026-09-13,16:25,00-0038498,E.J. Jenkins,PHI,WSH,TE,rushing_yards,0.0,-11.8,16.5,,,eligible,eligible_current_role,backup,,4.0,direct_component_blend,20260908_1821_rushing_yards_blend,2026-09-11T19:13:20+00:00,2026-09-11T19:13:40+00:00
2026,1,401872929,2026-09-13,16:25,00-0038498,E.J. Jenkins,PHI,WSH,TE,receiving_yards,4.9,-13.7,36.9,,,eligible,eligible_current_role,backup,,4.0,direct_component_blend,20260908_1821_receiving_yards_blend,2026-09-11T19:13:20+00:00,2026-09-11T19:13:40+00:00
2026,1,401872929,2026-09-13,16:25,00-0038555,Tank Bigsby,PHI,WSH,RB,rushing_yards,12.6,-9.4,43.6,,,eligible,eligible_current_role,backup,Active,2.0,direct_component_blend,20260908_1821_rushing_yards_blend,2026-09-11T19:13:20+00:00,2026-09-11T19:13:40+00:00
2026,1,401872929,2026-09-13,16:25,00-0038555,Tank Bigsby,PHI,WSH,RB,receiving_yards,2.4,-14.8,31.2,,,eligible,eligible_current_role,backup,Active,2.0,direct_component_blend,20260908_1821_receiving_yards_blend,2026-09-11T19:13:20+00:00,2026-09-11T19:13:40+00:00
2026,1,401872929,2026-09-13,16:25,00-0038978,Byron Young,PHI,WSH,DL,tackles,1.4,0.0,3.9,0.6760613383475701,0.38409964820523734,eligible,eligible_current_role,backup,Active,2.0,direct,20260908_1821_tackles_direct,2026-09-11T19:13:20+00:00,2026-09-11T19:13:40+00:00
2026,1,401872929,2026-09-13,16:25,00-0039013,Nolan Smith,PHI,WSH,LB,tackles,2.5,0.6,5.0,0.8676149053340193,0.66185076501055,eligible,eligible_current_role,starter,,1.0,direct,20260908_1821_tackles_direct,2026-09-11T19:13:20+00:00,2026-09-11T19:13:40+00:00
2026,1,401872929,2026-09-13,16:25,00-0039140,Kelee Ringo,PHI,WSH,DB,tackles,1.1,0.0,3.5,0.5566429589290858,0.2669391582649075,eligible,eligible_current_role,backup,,2.0,direct,20260908_1821_tackles_direct,2026-09-11T19:13:20+00:00,2026-09-11T19:13:40+00:00
2026,1,401872929,2026-09-13,16:25,00-0039149,Quan Martin,WSH,PHI,DB,tackles,2.9,0.3,6.5,0.899365914719292,0.734838829503301,eligible,eligible_current_role,backup,,2.0,direct,20260908_1821_tackles_direct,2026-09-11T19:13:20+00:00,2026-09-11T19:13:40+00:00
2026,1,401872929,2026-09-13,16:25,00-0039355,Luke McCaffrey,WSH,PHI,WR,rushing_yards,0.0,-10.8,14.9,,,eligible,eligible_current_role,backup,Active,6.0,direct_component_blend,20260908_1821_rushing_yards_blend,2026-09-11T19:13:20+00:00,2026-09-11T19:13:40+00:00
2026,1,401872929,2026-09-13,16:25,00-0039355,Luke McCaffrey,WSH,PHI,WR,receiving_yards,4.3,-12.9,33.1,,,eligible,eligible_current_role,backup,Active,6.0,direct_component_blend,20260908_1821_receiving_yards_blend,2026-09-11T19:13:20+00:00,2026-09-11T19:13:40+00:00
2026,1,401872929,2026-09-13,16:25,00-0039412,Javontae Jean-Baptiste,WSH,PHI,LB,tackles,1.4,0.0,3.9,0.6725424383418493,0.38031875353783606,eligible,eligible_current_role,backup,,2.0,direct,20260908_1821_tackles_direct,2026-09-11T19:13:20+00:00,2026-09-11T19:13:40+00:00
2026,1,401872929,2026-09-13,16:25,00-0039681,Tyler Owens,WSH,PHI,DB,tackles,0.7,0.0,3.2,0.40840341860786705,0.13458027524003566,eligible,eligible_current_role,backup,,2.0,direct,20260908_1821_tackles_direct,2026-09-11T19:13:20+00:00,2026-09-11T19:13:40+00:00
2026,1,401872929,2026-09-13,16:25,00-0039686,Colson Yankoff,WSH,PHI,TE,rushing_yards,0.0,-10.8,14.9,,,eligible,eligible_current_role,backup,,4.0,direct_component_blend,20260908_1821_rushing_yards_blend,2026-09-11T19:13:20+00:00,2026-09-11T19:13:40+00:00
2026,1,401872929,2026-09-13,16:25,00-0039686,Colson Yankoff,WSH,PHI,TE,receiving_yards,2.6,-14.6,31.4,,,eligible,eligible_current_role,backup,,4.0,direct_component_blend,20260908_1821_receiving_yards_blend,2026-09-11T19:13:20+00:00,2026-09-11T19:13:40+00:00
2026,1,401872929,2026-09-13,16:25,00-0039740,Jalyx Hunt,PHI,WSH,LB,tackles,2.2,0.3,4.7,0.8273523703004299,0.5849508834794428,eligible,eligible_current_role,backup,,2.0,direct,20260908_1821_tackles_direct,2026-09-11T19:13:20+00:00,2026-09-11T19:13:40+00:00
2026,1,401872929,2026-09-13,16:25,00-0039746,Will Shipley,PHI,WSH,RB,rushing_yards,3.0,-7.7,18.1,,,eligible,eligible_current_role,backup,,3.0,direct_component_blend,20260908_1821_rushing_yards_blend,2026-09-11T19:13:20+00:00,2026-09-11T19:13:40+00:00
2026,1,401872929,2026-09-13,16:25,00-0039746,Will Shipley,PHI,WSH,RB,receiving_yards,2.2,-14.9,31.0,,,eligible,eligible_current_role,backup,,3.0,direct_component_blend,20260908_1821_receiving_yards_blend,2026-09-11T19:13:20+00:00,2026-09-11T19:13:40+00:00
2026,1,401872929,2026-09-13,16:25,00-0039841,Cooper DeJean,PHI,WSH,DB,tackles,5.2,2.5,8.7,0.9811008312912992,0.9377172746765008,eligible,eligible_current_role,starter,Active,1.0,direct,20260908_1821_tackles_direct,2026-09-11T19:13:20+00:00,2026-09-11T19:13:40+00:00
2026,1,401872929,2026-09-13,16:25,00-0039888,Quinyon Mitchell,PHI,WSH,DB,tackles,3.2,0.6,6.8,0.9167001726198262,0.7834823517195532,eligible,eligible_current_role,starter,Active,1.0,direct,20260908_1821_tackles_direct,2026-09-11T19:13:20+00:00,2026-09-11T19:13:40+00:00
2026,1,401872929,2026-09-13,16:25,00-0039898,Mike Sainristil,WSH,PHI,DB,tackles,4.8,2.1,8.3,0.9789202599724155,0.9216992342698779,eligible,eligible_current_role,starter,,1.0,direct,20260908_1821_tackles_direct,2026-09-11T19:13:20+00:00,2026-09-11T19:13:40+00:00
2026,1,401872929,2026-09-13,16:25,00-0039910,Jayden Daniels,WSH,PHI,QB,passing_yards,163.1,69.6,269.3,,,eligible,eligible_current_role,starter,Active,1.0,direct_component_blend,20260908_1821_passing_yards_blend,2026-09-11T19:13:20+00:00,2026-09-11T19:13:40+00:00
2026,1,401872929,2026-09-13,16:25,00-0039910,Jayden Daniels,WSH,PHI,QB,passing_tds,1.188,,,0.6547619047619048,0.39285714285714285,eligible,eligible_current_role,starter,Active,1.0,direct_component_blend,20260908_1821_passing_tds_blend,2026-09-11T19:13:20+00:00,2026-09-11T19:13:40+00:00
2026,1,401872929,2026-09-13,16:25,00-0039910,Jayden Daniels,WSH,PHI,QB,rushing_yards,35.4,22.6,53.3,,,eligible,eligible_current_role,starter,Active,1.0,direct_component_blend,20260908_1821_rushing_yards_blend,2026-09-11T19:13:20+00:00,2026-09-11T19:13:40+00:00
2026,1,401872929,2026-09-13,16:25,00-0039912,Ben Sinnott,WSH,PHI,TE,rushing_yards,0.0,-10.8,14.9,,,eligible,eligible_current_role,backup,Active,3.0,direct_component_blend,20260908_1821_rushing_yards_blend,2026-09-11T19:13:20+00:00,2026-09-11T19:13:40+00:00
2026,1,401872929,2026-09-13,16:25,00-0039912,Ben Sinnott,WSH,PHI,TE,receiving_yards,10.7,-6.5,39.5,,,eligible,eligible_current_role,backup,Active,3.0,direct_component_blend,20260908_1821_receiving_yards_blend,2026-09-11T19:13:20+00:00,2026-09-11T19:13:40+00:00
2026,1,401872929,2026-09-13,16:25,00-0040024,Darius Cooper,PHI,WSH,WR,rushing_yards,0.0,-10.7,15.0,,,eligible,eligible_current_role,backup,,6.0,direct_component_blend,20260908_1821_rushing_yards_blend,2026-09-11T19:13:20+00:00,2026-09-11T19:13:40+00:00
2026,1,401872929,2026-09-13,16:25,00-0040024,Darius Cooper,PHI,WSH,WR,receiving_yards,8.1,-9.1,36.9,,,eligible,eligible_current_role,backup,,6.0,direct_component_blend,20260908_1821_receiving_yards_blend,2026-09-11T19:13:20+00:00,2026-09-11T19:13:40+00:00
2026,1,401872929,2026-09-13,16:25,00-0040071,Mac McWilliams,PHI,WSH,DB,tackles,1.5,0.0,4.3,0.7284927241146346,0.4436677729405727,eligible,eligible_current_role,backup,,2.0,direct,20260908_1821_tackles_direct,2026-09-11T19:13:20+00:00,2026-09-11T19:13:40+00:00
2026,1,401872929,2026-09-13,16:25,00-0040164,Jaylin Lane,WSH,PHI,WR,rushing_yards,0.0,-10.8,14.9,,,eligible,eligible_current_role,backup,,7.0,direct_component_blend,20260908_1821_rushing_yards_blend,2026-09-11T19:13:20+00:00,2026-09-11T19:13:40+00:00
2026,1,401872929,2026-09-13,16:25,00-0040164,Jaylin Lane,WSH,PHI,WR,receiving_yards,3.1,-14.1,31.9,,,eligible,eligible_current_role,backup,,7.0,direct_component_blend,20260908_1821_receiving_yards_blend,2026-09-11T19:13:20+00:00,2026-09-11T19:13:40+00:00
2026,1,401872929,2026-09-13,16:25,00-0040242,Jacory Croskey-Merritt,WSH,PHI,RB,rushing_yards,49.7,27.7,80.6,,,eligible,questionable_flag,starter,Questionable,1.0,direct_component_blend,20260908_1821_rushing_yards_blend,2026-09-11T19:13:20+00:00,2026-09-11T19:13:40+00:00
2026,1,401872929,2026-09-13,16:25,00-0040242,Jacory Croskey-Merritt,WSH,PHI,RB,receiving_yards,6.5,-10.6,35.3,,,eligible,questionable_flag,starter,Questionable,1.0,direct_component_blend,20260908_1821_receiving_yards_blend,2026-09-11T19:13:20+00:00,2026-09-11T19:13:40+00:00
2026,1,401872929,2026-09-13,16:25,00-0040314,Ricky Barber,WSH,PHI,DL,tackles,1.1,0.0,3.9,0.5665714790361933,0.2762322004582259,eligible,eligible_current_role,backup,,2.0,direct,20260908_1821_tackles_direct,2026-09-11T19:13:20+00:00,2026-09-11T19:13:40+00:00
2026,1,401872929,2026-09-13,16:25,00-0040552,Joshua Simon,WSH,PHI,TE,rushing_yards,0.0,-14.8,20.6,,,eligible,eligible_current_role,roster_only,,,direct_component_blend,20260908_1821_rushing_yards_blend,2026-09-11T19:13:20+00:00,2026-09-11T19:13:40+00:00
2026,1,401872929,2026-09-13,16:25,00-0040552,Joshua Simon,WSH,PHI,TE,receiving_yards,5.9,-16.7,46.5,,,eligible,eligible_current_role,roster_only,,,direct_component_blend,20260908_1821_receiving_yards_blend,2026-09-11T19:13:20+00:00,2026-09-11T19:13:40+00:00
2026,1,401872929,2026-09-13,16:25,00-0040662,Ty Robinson,PHI,WSH,DL,tackles,0.6,0.0,3.4,0.39088263821532493,0.11445198836081474,eligible,eligible_current_role,backup,,2.0,direct,20260908_1821_tackles_direct,2026-09-11T19:13:20+00:00,2026-09-11T19:13:40+00:00
2026,1,401872929,2026-09-13,16:25,00-0040749,Andrew Mukuba,PHI,WSH,DB,tackles,3.7,1.0,7.2,0.9417612294954049,0.8330452252065796,eligible,eligible_current_role,starter,,1.0,direct,20260908_1821_tackles_direct,2026-09-11T19:13:20+00:00,2026-09-11T19:13:40+00:00
2026,1,401872929,2026-09-13,16:25,00-0040867,Makai Lemon,PHI,WSH,WR,rushing_yards,0.0,-14.8,20.6,,,eligible,eligible_current_role,backup,Active,3.0,direct_component_blend,20260908_1821_rushing_yards_blend,2026-09-11T19:13:20+00:00,2026-09-11T19:13:40+00:00
2026,1,401872929,2026-09-13,16:25,00-0040867,Makai Lemon,PHI,WSH,WR,receiving_yards,6.1,-16.5,46.7,,,eligible,eligible_current_role,backup,Active,3.0,direct_component_blend,20260908_1821_receiving_yards_blend,2026-09-11T19:13:20+00:00,2026-09-11T19:13:40+00:00
2026,1,401872929,2026-09-13,16:25,00-0040891,Cole Payton,PHI,WSH,QB,rushing_yards,6.8,-10.8,31.4,,,eligible,eligible_current_role,backup,Active,4.0,direct_component_blend,20260908_1821_rushing_yards_blend,2026-09-11T19:13:20+00:00,2026-09-11T19:13:40+00:00
2026,1,401872929,2026-09-13,16:25,00-0041040,Antonio Williams,WSH,PHI,WR,rushing_yards,0.0,-14.8,20.6,,,eligible,eligible_current_role,backup,Active,3.0,direct_component_blend,20260908_1821_rushing_yards_blend,2026-09-11T19:13:20+00:00,2026-09-11T19:13:40+00:00
2026,1,401872929,2026-09-13,16:25,00-0041040,Antonio Williams,WSH,PHI,WR,receiving_yards,6.8,-15.9,47.4,,,eligible,eligible_current_role,backup,Active,3.0,direct_component_blend,20260908_1821_receiving_yards_blend,2026-09-11T19:13:20+00:00,2026-09-11T19:13:40+00:00
2026,1,401872929,2026-09-13,16:25,00-0041074,Joshua Josephs,WSH,PHI,LB,tackles,1.4,0.0,4.9,0.6517862664535271,0.3585337968113659,eligible,eligible_current_role,backup,,2.0,direct,20260908_1821_tackles_direct,2026-09-11T19:13:20+00:00,2026-09-11T19:13:40+00:00
2026,1,401872929,2026-09-13,16:25,00-0041096,Kaytron Allen,WSH,PHI,RB,rushing_yards,10.5,-19.8,53.0,,,eligible,eligible_current_role,backup,,3.0,direct_component_blend,20260908_1821_rushing_yards_blend,2026-09-11T19:13:20+00:00,2026-09-11T19:13:40+00:00
2026,1,401872929,2026-09-13,16:25,00-0041096,Kaytron Allen,WSH,PHI,RB,receiving_yards,3.9,-18.8,44.4,,,eligible,eligible_current_role,backup,,3.0,direct_component_blend,20260908_1821_receiving_yards_blend,2026-09-11T19:13:20+00:00,2026-09-11T19:13:40+00:00
2026,1,401872929,2026-09-13,16:25,00-0041117,Athan Kaliakmanis,WSH,PHI,QB,rushing_yards,5.8,-11.8,30.5,,,eligible,eligible_current_role,backup,Active,3.0,direct_component_blend,20260908_1821_rushing_yards_blend,2026-09-11T19:13:20+00:00,2026-09-11T19:13:40+00:00
2026,1,401872929,2026-09-13,16:25,00-0041182,Drew Stevens,WSH,PHI,K,kicking_points,6.9,0.4,14.4,,,eligible,eligible_current_role,starter,,1.0,component,20260908_1821_kicking_points_component,2026-09-11T19:13:20+00:00,2026-09-11T19:13:40+00:00
2026,1,401872929,2026-09-13,16:25,00-0041483,Eli Stowers,PHI,WSH,TE,rushing_yards,0.0,-14.8,20.6,,,eligible,questionable_flag,backup,Questionable,3.0,direct_component_blend,20260908_1821_rushing_yards_blend,2026-09-11T19:13:20+00:00,2026-09-11T19:13:40+00:00
2026,1,401872929,2026-09-13,16:25,00-0041483,Eli Stowers,PHI,WSH,TE,receiving_yards,5.2,-17.4,45.8,,,eligible,questionable_flag,backup,Questionable,3.0,direct_component_blend,20260908_1821_receiving_yards_blend,2026-09-11T19:13:20+00:00,2026-09-11T19:13:40+00:00
2026,1,401872930,2026-09-13,20:20,00-0027940,Von Miller,DAL,NYG,LB,tackles,1.3,0.0,3.8,0.6346471841407011,0.34118745147501733,eligible,eligible_current_role,backup,,2.0,direct,20260908_1821_tackles_direct,2026-09-11T19:13:20+00:00,2026-09-11T19:13:40+00:00
2026,1,401872930,2026-09-13,20:20,00-0031235,Odell Beckham Jr.,NYG,DAL,WR,rushing_yards,0.0,-14.8,20.6,,,eligible,eligible_current_role,backup,Active,4.0,direct_component_blend,20260908_1821_rushing_yards_blend,2026-09-11T19:13:20+00:00,2026-09-11T19:13:40+00:00
2026,1,401872930,2026-09-13,20:20,00-0031235,Odell Beckham Jr.,NYG,DAL,WR,receiving_yards,6.7,-15.9,47.3,,,eligible,eligible_current_role,backup,Active,4.0,direct_component_blend,20260908_1821_receiving_yards_blend,2026-09-11T19:13:20+00:00,2026-09-11T19:13:40+00:00
2026,1,401872930,2026-09-13,20:20,00-0031270,Shelby Harris,NYG,DAL,DL,tackles,2.3,0.2,5.1,0.8505063052592821,0.6278231289820202,eligible,eligible_current_role,starter,,1.0,direct,20260908_1821_tackles_direct,2026-09-11T19:13:20+00:00,2026-09-11T19:13:40+00:00
2026,1,401872930,2026-09-13,20:20,00-0031484,Chris Manhertz,NYG,DAL,TE,rushing_yards,0.0,-10.8,14.9,,,eligible,eligible_current_role,backup,,3.0,direct_component_blend,20260908_1821_rushing_yards_blend,2026-09-11T19:13:20+00:00,2026-09-11T19:13:40+00:00
2026,1,401872930,2026-09-13,20:20,00-0031484,Chris Manhertz,NYG,DAL,TE,receiving_yards,6.2,-11.0,35.0,,,eligible,eligible_current_role,backup,,3.0,direct_component_blend,20260908_1821_receiving_yards_blend,2026-09-11T19:13:20+00:00,2026-09-11T19:13:40+00:00
2026,1,401872930,2026-09-13,20:20,00-0031503,Jameis Winston,NYG,DAL,QB,rushing_yards,4.6,-8.2,22.5,,,eligible,eligible_current_role,backup,Active,2.0,direct_component_blend,20260908_1821_rushing_yards_blend,2026-09-11T19:13:20+00:00,2026-09-11T19:13:40+00:00
2026,1,401872930,2026-09-13,20:20,00-0032424,DJ Reader,NYG,DAL,DL,tackles,1.9,0.0,4.4,0.7845961587625911,0.5135401145065014,eligible,eligible_current_role,starter,,1.0,direct,20260908_1821_tackles_direct,2026-09-11T19:13:20+00:00,2026-09-11T19:13:40+00:00
2026,1,401872930,2026-09-13,20:20,00-0033077,Dak Prescott,DAL,NYG,QB,passing_yards,254.2,160.8,360.5,,,eligible,eligible_current_role,starter,Active,1.0,direct_component_blend,20260908_1821_passing_yards_blend,2026-09-11T19:13:20+00:00,2026-09-11T19:13:40+00:00
2026,1,401872930,2026-09-13,20:20,00-0033077,Dak Prescott,DAL,NYG,QB,passing_tds,1.589,,,0.8125,0.5119047619047619,eligible,eligible_current_role,starter,Active,1.0,direct_component_blend,20260908_1821_passing_tds_blend,2026-09-11T19:13:20+00:00,2026-09-11T19:13:40+00:00
2026,1,401872930,2026-09-13,20:20,00-0033077,Dak Prescott,DAL,NYG,QB,rushing_yards,11.0,-1.7,29.0,,,eligible,eligible_current_role,starter,Active,1.0,direct_component_blend,20260908_1821_rushing_yards_blend,2026-09-11T19:13:20+00:00,2026-09-11T19:13:40+00:00
2026,1,401872930,2026-09-13,20:20,00-0033093,Jonathan Bullard,DAL,NYG,DL,tackles,1.2,0.0,3.7,0.5710469100216631,0.2805219319716865,eligible,eligible_current_role,backup,Active,2.0,direct,20260908_1821_tackles_direct,2026-09-11T19:13:20+00:00,2026-09-11T19:13:40+00:00
2026,1,401872930,2026-09-13,20:20,00-0033120,Kenny Clark,DAL,NYG,DL,tackles,2.6,0.5,5.4,0.8761740761546541,0.6798543153062567,eligible,eligible_current_role,starter,,1.0,direct,20260908_1821_tackles_direct,2026-09-11T19:13:20+00:00,2026-09-11T19:13:40+00:00
2026,1,401872930,2026-09-13,20:20,00-0033376,Patrick Ricard,NYG,DAL,RB,rushing_yards,3.2,-7.5,18.2,,,eligible,eligible_current_role,starter,,1.0,direct_component_blend,20260908_1821_rushing_yards_blend,2026-09-11T19:13:20+00:00,2026-09-11T19:13:40+00:00
2026,1,401872930,2026-09-13,20:20,00-0033376,Patrick Ricard,NYG,DAL,RB,receiving_yards,5.7,-11.4,34.5,,,eligible,eligible_current_role,starter,,1.0,direct_component_blend,20260908_1821_receiving_yards_blend,2026-09-11T19:13:20+00:00,2026-09-11T19:13:40+00:00
2026,1,401872930,2026-09-13,20:20,00-0033877,Malik Hooker,DAL,NYG,DB,tackles,3.7,1.1,7.2,0.9421913199254087,0.8338654680230535,eligible,eligible_current_role,starter,,1.0,direct,20260908_1821_tackles_direct,2026-09-11T19:13:20+00:00,2026-09-11T19:13:40+00:00
2026,1,401872930,2026-09-13,20:20,00-0034248,Elijah Campbell,NYG,DAL,DB,tackles,0.8,0.0,3.3,0.4407721101869193,0.17653478281392737,eligible,eligible_current_role,backup,,3.0,direct,20260908_1821_tackles_direct,2026-09-11T19:13:20+00:00,2026-09-11T19:13:40+00:00
2026,1,401872930,2026-09-13,20:20,00-0034967,Rashan Gary,DAL,NYG,LB,tackles,2.3,0.4,4.8,0.8444390513262426,0.616163991816175,eligible,eligible_current_role,starter,,1.0,direct,20260908_1821_tackles_direct,2026-09-11T19:13:20+00:00,2026-09-11T19:13:40+00:00
2026,1,401872930,2026-09-13,20:20,00-0035227,P.J. Locke,DAL,NYG,DB,tackles,3.0,0.4,6.5,0.903715787447308,0.7465474348920909,eligible,eligible_current_role,backup,Active,2.0,direct,20260908_1821_tackles_direct,2026-09-11T19:13:20+00:00,2026-09-11T19:13:40+00:00
2026,1,401872930,2026-09-13,20:20,00-0035250,Devin Singletary,NYG,DAL,RB,rushing_yards,21.8,-0.2,52.7,,,eligible,eligible_current_role,backup,Active,4.0,direct_component_blend,20260908_1821_rushing_yards_blend,2026-09-11T19:13:20+00:00,2026-09-11T19:13:40+00:00
2026,1,401872930,2026-09-13,20:20,00-0035250,Devin Singletary,NYG,DAL,RB,receiving_yards,6.9,-10.3,35.7,,,eligible,eligible_current_role,backup,Active,4.0,direct_component_blend,20260908_1821_receiving_yards_blend,2026-09-11T19:13:20+00:00,2026-09-11T19:13:40+00:00
2026,1,401872930,2026-09-13,20:20,00-0035535,Darius Slayton,NYG,DAL,WR,rushing_yards,0.0,-10.8,15.0,,,eligible,eligible_current_role,roster_only,,,direct_component_blend,20260908_1821_rushing_yards_blend,2026-09-11T19:13:20+00:00,2026-09-11T19:13:40+00:00
2026,1,401872930,2026-09-13,20:20,00-0035535,Darius Slayton,NYG,DAL,WR,receiving_yards,26.9,0.2,76.0,,,eligible,eligible_current_role,roster_only,,,direct_component_blend,20260908_1821_receiving_yards_blend,2026-09-11T19:13:20+00:00,2026-09-11T19:13:40+00:00
2026,1,401872930,2026-09-13,20:20,00-0035639,Parris Campbell,DAL,NYG,WR,rushing_yards,0.0,-10.7,15.0,,,eligible,eligible_current_role,roster_only,,,direct_component_blend,20260908_1821_rushing_yards_blend,2026-09-11T19:13:20+00:00,2026-09-11T19:13:40+00:00
2026,1,401872930,2026-09-13,20:20,00-0035639,Parris Campbell,DAL,NYG,WR,receiving_yards,4.3,-12.9,33.1,,,eligible,eligible_current_role,roster_only,,,direct_component_blend,20260908_1821_receiving_yards_blend,2026-09-11T19:13:20+00:00,2026-09-11T19:13:40+00:00
2026,1,401872930,2026-09-13,20:20,00-0035705,Jalen Thompson,DAL,NYG,DB,tackles,5.7,3.0,9.2,0.9825888958645226,0.9528487682664607,eligible,eligible_current_role,starter,Active,1.0,direct,20260908_1821_tackles_direct,2026-09-11T19:13:20+00:00,2026-09-11T19:13:40+00:00
2026,1,401872930,2026-09-13,20:20,00-0035713,Brian Burns,NYG,DAL,LB,tackles,3.0,0.1,7.0,0.9032876301711964,0.7453813913017027,eligible,eligible_current_role,starter,,1.0,direct,20260908_1821_tackles_direct,2026-09-11T19:13:20+00:00,2026-09-11T19:13:40+00:00
2026,1,401872930,2026-09-13,20:20,00-0035718,Quinnen Williams,DAL,NYG,DL,tackles,2.7,0.8,5.2,0.8869394845484928,0.7035642516422729,eligible,eligible_current_role,starter,,1.0,direct,20260908_1821_tackles_direct,2026-09-11T19:13:20+00:00,2026-09-11T19:13:40+00:00
2026,1,401872930,2026-09-13,20:20,00-0036309,Darnell Mooney,NYG,DAL,WR,rushing_yards,0.0,-10.8,15.0,,,eligible,eligible_current_role,backup,Active,3.0,direct_component_blend,20260908_1821_rushing_yards_blend,2026-09-11T19:13:20+00:00,2026-09-11T19:13:40+00:00
2026,1,401872930,2026-09-13,20:20,00-0036309,Darnell Mooney,NYG,DAL,WR,receiving_yards,20.4,3.3,49.2,,,eligible,eligible_current_role,backup,Active,3.0,direct_component_blend,20260908_1821_receiving_yards_blend,2026-09-11T19:13:20+00:00,2026-09-11T19:13:40+00:00
2026,1,401872930,2026-09-13,20:20,00-0036358,CeeDee Lamb,DAL,NYG,WR,rushing_yards,0.6,-10.1,15.7,,,eligible,eligible_current_role,starter,Active,1.0,direct_component_blend,20260908_1821_rushing_yards_blend,2026-09-11T19:13:20+00:00,2026-09-11T19:13:40+00:00
2026,1,401872930,2026-09-13,20:20,00-0036358,CeeDee Lamb,DAL,NYG,WR,receiving_yards,64.4,37.8,113.6,,,eligible,eligible_current_role,starter,Active,1.0,direct_component_blend,20260908_1821_receiving_yards_blend,2026-09-11T19:13:20+00:00,2026-09-11T19:13:40+00:00
2026,1,401872930,2026-09-13,20:20,00-0036502,Jason Pinnock,NYG,DAL,DB,tackles,1.7,0.0,4.2,0.7604033845008648,0.48247467069601646,eligible,eligible_current_role,backup,,2.0,direct,20260908_1821_tackles_direct,2026-09-11T19:13:20+00:00,2026-09-11T19:13:40+00:00
2026,1,401872930,2026-09-13,20:20,00-0036587,Ar'Darius Washington,NYG,DAL,DB,tackles,1.6,0.0,4.0,0.7433610625257896,0.4623613423812664,eligible,eligible_current_role,backup,,2.0,direct,20260908_1821_tackles_direct,2026-09-11T19:13:20+00:00,2026-09-11T19:13:40+00:00
2026,1,401872930,2026-09-13,20:20,00-0036893,Najee Harris,NYG,DAL,RB,rushing_yards,23.4,1.4,54.3,,,eligible,eligible_current_role,backup,Active,2.0,direct_component_blend,20260908_1821_rushing_yards_blend,2026-09-11T19:13:20+00:00,2026-09-11T19:13:40+00:00
2026,1,401872930,2026-09-13,20:20,00-0036893,Najee Harris,NYG,DAL,RB,receiving_yards,7.1,-10.1,35.9,,,eligible,eligible_current_role,backup,Active,2.0,direct_component_blend,20260908_1821_receiving_yards_blend,2026-09-11T19:13:20+00:00,2026-09-11T19:13:40+00:00
2026,1,401872930,2026-09-13,20:20,00-0036937,Paulson Adebo,NYG,DAL,DB,tackles,3.5,0.9,7.0,0.9326332340653954,0.8161377212183447,eligible,eligible_current_role,backup,Active,2.0,direct,20260908_1821_tackles_direct,2026-09-11T19:13:20+00:00,2026-09-11T19:13:40+00:00
2026,1,401872930,2026-09-13,20:20,00-0036982,Chauncey Golston,NYG,DAL,DL,tackles,2.2,0.3,4.7,0.8333772414537023,0.5957638046895648,eligible,eligible_current_role,starter,,1.0,direct,20260908_1821_tackles_direct,2026-09-11T19:13:20+00:00,2026-09-11T19:13:40+00:00
2026,1,401872930,2026-09-13,20:20,00-0036996,Greg Newsome II,NYG,DAL,DB,tackles,3.4,0.7,6.9,0.9247405857227127,0.8022014768944941,eligible,eligible_current_role,starter,Active,1.0,direct,20260908_1821_tackles_direct,2026-09-11T19:13:20+00:00,2026-09-11T19:13:40+00:00
2026,1,401872930,2026-09-13,20:20,00-0036997,Javonte Williams,DAL,NYG,RB,rushing_yards,51.1,29.1,82.0,,,eligible,eligible_current_role,starter,Active,1.0,direct_component_blend,20260908_1821_rushing_yards_blend,2026-09-11T19:13:20+00:00,2026-09-11T19:13:40+00:00
2026,1,401872930,2026-09-13,20:20,00-0036997,Javonte Williams,DAL,NYG,RB,receiving_yards,10.5,-6.7,39.3,,,eligible,eligible_current_role,starter,Active,1.0,direct_component_blend,20260908_1821_receiving_yards_blend,2026-09-11T19:13:20+00:00,2026-09-11T19:13:40+00:00
2026,1,401872930,2026-09-13,20:20,00-0036998,Jevon Holland,NYG,DAL,DB,tackles,5.3,2.6,8.7,0.9814081549470981,0.9407361046634974,eligible,eligible_current_role,starter,,1.0,direct,20260908_1821_tackles_direct,2026-09-11T19:13:20+00:00,2026-09-11T19:13:40+00:00
2026,1,401872930,2026-09-13,20:20,00-0037077,Sam Howell,DAL,NYG,QB,rushing_yards,7.5,-3.3,22.5,,,eligible,eligible_current_role,backup,Active,2.0,direct_component_blend,20260908_1821_rushing_yards_blend,2026-09-11T19:13:20+00:00,2026-09-11T19:13:40+00:00
2026,1,401872930,2026-09-13,20:20,00-0037247,George Pickens,DAL,NYG,WR,rushing_yards,0.0,-10.8,15.0,,,eligible,eligible_current_role,backup,Active,2.0,direct_component_blend,20260908_1821_rushing_yards_blend,2026-09-11T19:13:20+00:00,2026-09-11T19:13:40+00:00
2026,1,401872930,2026-09-13,20:20,00-0037247,George Pickens,DAL,NYG,WR,receiving_yards,47.4,20.7,96.6,,,eligible,eligible_current_role,backup,Active,2.0,direct_component_blend,20260908_1821_receiving_yards_blend,2026-09-11T19:13:20+00:00,2026-09-11T19:13:40+00:00
2026,1,401872930,2026-09-13,20:20,00-0037270,Otito Ogbonnia,DAL,NYG,DL,tackles,1.7,0.0,4.2,0.7623690642937229,0.48487646843432697,eligible,eligible_current_role,starter,,1.0,direct,20260908_1821_tackles_direct,2026-09-11T19:13:20+00:00,2026-09-11T19:13:40+00:00
2026,1,401872930,2026-09-13,20:20,00-0037275,DaRon Bland,DAL,NYG,DB,tackles,5.3,2.6,8.8,0.9814677784989638,0.9413274538305866,eligible,eligible_current_role,starter,,1.0,direct,20260908_1821_tackles_direct,2026-09-11T19:13:20+00:00,2026-09-11T19:13:40+00:00
2026,1,401872930,2026-09-13,20:20,00-0037310,James Houston,DAL,NYG,LB,tackles,1.1,0.0,3.5,0.5570462862439027,0.26731076739569903,eligible,eligible_current_role,backup,Active,3.0,direct,20260908_1821_tackles_direct,2026-09-11T19:13:20+00:00,2026-09-11T19:13:40+00:00
2026,1,401872930,2026-09-13,20:20,00-0037561,Markquese Bell,DAL,NYG,DB,tackles,2.5,0.4,5.3,0.8652593737823523,0.6570168437074569,eligible,eligible_current_role,backup,,2.0,direct,20260908_1821_tackles_direct,2026-09-11T19:13:20+00:00,2026-09-11T19:13:40+00:00
2026,1,401872930,2026-09-13,20:20,00-0037563,Malik Davis,DAL,NYG,RB,rushing_yards,30.5,8.5,61.5,,,eligible,eligible_current_role,backup,Active,2.0,direct_component_blend,20260908_1821_rushing_yards_blend,2026-09-11T19:13:20+00:00,2026-09-11T19:13:40+00:00
2026,1,401872930,2026-09-13,20:20,00-0037563,Malik Davis,DAL,NYG,RB,receiving_yards,7.7,-9.4,36.5,,,eligible,eligible_current_role,backup,Active,2.0,direct_component_blend,20260908_1821_receiving_yards_blend,2026-09-11T19:13:20+00:00,2026-09-11T19:13:40+00:00
2026,1,401872930,2026-09-13,20:20,00-0037611,Kayvon Thibodeaux,NYG,DAL,LB,tackles,1.9,0.0,6.0,0.7791365665798987,0.506107723013479,eligible,eligible_current_role,backup,,2.0,direct,20260908_1821_tackles_direct,2026-09-11T19:13:20+00:00,2026-09-11T19:13:40+00:00
2026,1,401872930,2026-09-13,20:20,00-0037692,Brandon Aubrey,DAL,NYG,K,kicking_points,6.9,2.3,12.1,,,eligible,eligible_current_role,starter,Active,1.0,component,20260908_1821_kicking_points_component,2026-09-11T19:13:20+00:00,2026-09-11T19:13:40+00:00
2026,1,401872930,2026-09-13,20:20,00-0037801,KaVontae Turpin,DAL,NYG,WR,rushing_yards,1.9,-8.8,16.9,,,eligible,eligible_current_role,backup,,4.0,direct_component_blend,20260908_1821_rushing_yards_blend,2026-09-11T19:13:20+00:00,2026-09-11T19:13:40+00:00
2026,1,401872930,2026-09-13,20:20,00-0037801,KaVontae Turpin,DAL,NYG,WR,receiving_yards,9.7,-7.4,38.6,,,eligible,eligible_current_role,backup,,4.0,direct_component_blend,20260908_1821_receiving_yards_blend,2026-09-11T19:13:20+00:00,2026-09-11T19:13:40+00:00
2026,1,401872930,2026-09-13,20:20,00-0037838,Isaiah Likely,NYG,DAL,TE,rushing_yards,0.0,-10.8,14.9,,,eligible,eligible_current_role,starter,Active,1.0,direct_component_blend,20260908_1821_rushing_yards_blend,2026-09-11T19:13:20+00:00,2026-09-11T19:13:40+00:00
2026,1,401872930,2026-09-13,20:20,00-0037838,Isaiah Likely,NYG,DAL,TE,receiving_yards,22.5,5.3,51.3,,,eligible,eligible_current_role,starter,Active,1.0,direct_component_blend,20260908_1821_receiving_yards_blend,2026-09-11T19:13:20+00:00,2026-09-11T19:13:40+00:00
2026,1,401872930,2026-09-13,20:20,00-0037839,Cobie Durant,DAL,NYG,DB,tackles,2.9,0.3,6.5,0.8988424591740398,0.733449924347136,eligible,eligible_current_role,starter,,1.0,direct,20260908_1821_tackles_direct,2026-09-11T19:13:20+00:00,2026-09-11T19:13:40+00:00
2026,1,401872930,2026-09-13,20:20,00-0038041,Jake Ferguson,DAL,NYG,TE,rushing_yards,0.0,-10.7,15.1,,,eligible,eligible_current_role,starter,Active,1.0,direct_component_blend,20260908_1821_rushing_yards_blend,2026-09-11T19:13:20+00:00,2026-09-11T19:13:40+00:00
2026,1,401872930,2026-09-13,20:20,00-0038041,Jake Ferguson,DAL,NYG,TE,receiving_yards,30.4,13.3,59.2,,,eligible,eligible_current_role,starter,Active,1.0,direct_component_blend,20260908_1821_receiving_yards_blend,2026-09-11T19:13:20+00:00,2026-09-11T19:13:40+00:00
2026,1,401872930,2026-09-13,20:20,00-0038547,Luke Schoonmaker,DAL,NYG,TE,rushing_yards,0.0,-10.8,15.0,,,eligible,eligible_current_role,backup,,3.0,direct_component_blend,20260908_1821_rushing_yards_blend,2026-09-11T19:13:20+00:00,2026-09-11T19:13:40+00:00
2026,1,401872930,2026-09-13,20:20,00-0038547,Luke Schoonmaker,DAL,NYG,TE,receiving_yards,8.2,-9.0,37.0,,,eligible,eligible_current_role,backup,,3.0,direct_component_blend,20260908_1821_receiving_yards_blend,2026-09-11T19:13:20+00:00,2026-09-11T19:13:40+00:00
2026,1,401872930,2026-09-13,20:20,00-0038624,Ameer Speed,DAL,NYG,DB,tackles,0.8,0.0,3.2,0.42832799757321194,0.15972474540358836,eligible,eligible_current_role,backup,,3.0,direct,20260908_1821_tackles_direct,2026-09-11T19:13:20+00:00,2026-09-11T19:13:40+00:00
2026,1,401872930,2026-09-13,20:20,00-0038705,Emari Demercado,DAL,NYG,RB,rushing_yards,16.5,-5.5,47.4,,,eligible,eligible_current_role,backup,,3.0,direct_component_blend,20260908_1821_rushing_yards_blend,2026-09-11T19:13:20+00:00,2026-09-11T19:13:40+00:00
2026,1,401872930,2026-09-13,20:20,00-0038705,Emari Demercado,DAL,NYG,RB,receiving_yards,9.4,-7.7,38.2,,,eligible,eligible_current_role,backup,,3.0,direct_component_blend,20260908_1821_receiving_yards_blend,2026-09-11T19:13:20+00:00,2026-09-11T19:13:40+00:00
2026,1,401872930,2026-09-13,20:20,00-0038738,Hunter Luepke,DAL,NYG,RB,rushing_yards,9.3,-12.8,40.2,,,eligible,eligible_current_role,starter,,1.0,direct_component_blend,20260908_1821_rushing_yards_blend,2026-09-11T19:13:20+00:00,2026-09-11T19:13:40+00:00
2026,1,401872930,2026-09-13,20:20,00-0038738,Hunter Luepke,DAL,NYG,RB,receiving_yards,9.6,-7.5,38.4,,,eligible,eligible_current_role,starter,,1.0,direct_component_blend,20260908_1821_receiving_yards_blend,2026-09-11T19:13:20+00:00,2026-09-11T19:13:40+00:00
2026,1,401872930,2026-09-13,20:20,00-0038742,Tyrus Wheat,DAL,NYG,LB,tackles,0.7,0.0,3.2,0.40318527326807396,0.1283415661123206,eligible,eligible_current_role,backup,,3.0,direct,20260908_1821_tackles_direct,2026-09-11T19:13:20+00:00,2026-09-11T19:13:40+00:00
2026,1,401872930,2026-09-13,20:20,00-0038986,Nic Jones,NYG,DAL,DB,tackles,1.1,0.0,3.5,0.5558478089381265,0.26620798547538904,eligible,eligible_current_role,backup,,2.0,direct,20260908_1821_tackles_direct,2026-09-11T19:13:20+00:00,2026-09-11T19:13:40+00:00
2026,1,401872930,2026-09-13,20:20,00-0039000,Deonte Banks,NYG,DAL,DB,tackles,3.5,1.3,6.2,0.9301278525686415,0.811650477701641,eligible,eligible_current_role,starter,,1.0,direct,20260908_1821_tackles_direct,2026-09-11T19:13:20+00:00,2026-09-11T19:13:40+00:00
2026,1,401872930,2026-09-13,20:20,00-0039062,Jonathan Mingo,DAL,NYG,WR,rushing_yards,0.0,-10.8,15.0,,,eligible,eligible_current_role,backup,,5.0,direct_component_blend,20260908_1821_rushing_yards_blend,2026-09-11T19:13:20+00:00,2026-09-11T19:13:40+00:00
2026,1,401872930,2026-09-13,20:20,00-0039062,Jonathan Mingo,DAL,NYG,WR,receiving_yards,4.7,-12.5,33.5,,,eligible,eligible_current_role,backup,,5.0,direct_component_blend,20260908_1821_receiving_yards_blend,2026-09-11T19:13:20+00:00,2026-09-11T19:13:40+00:00
2026,1,401872930,2026-09-13,20:20,00-0039176,Basil Okoye,NYG,DAL,DL,tackles,1.0,0.0,3.5,0.5492006328434238,0.2601699896888521,eligible,eligible_current_role,backup,Active,2.0,direct,20260908_1821_tackles_direct,2026-09-11T19:13:20+00:00,2026-09-11T19:13:40+00:00
2026,1,401872930,2026-09-13,20:20,00-0039337,Malik Nabers,NYG,DAL,WR,rushing_yards,0.0,-10.7,15.1,,,eligible,questionable_flag,starter,Questionable,1.0,direct_component_blend,20260908_1821_rushing_yards_blend,2026-09-11T19:13:20+00:00,2026-09-11T19:13:40+00:00
2026,1,401872930,2026-09-13,20:20,00-0039337,Malik Nabers,NYG,DAL,WR,receiving_yards,67.3,40.6,116.5,,,eligible,questionable_flag,starter,Questionable,1.0,direct_component_blend,20260908_1821_receiving_yards_blend,2026-09-11T19:13:20+00:00,2026-09-11T19:13:40+00:00
2026,1,401872930,2026-09-13,20:20,00-0039384,Tyrone Tracy Jr.,NYG,DAL,RB,rushing_yards,34.0,12.0,65.0,,,eligible,eligible_current_role,backup,Active,3.0,direct_component_blend,20260908_1821_rushing_yards_blend,2026-09-11T19:13:20+00:00,2026-09-11T19:13:40+00:00
2026,1,401872930,2026-09-13,20:20,00-0039384,Tyrone Tracy Jr.,NYG,DAL,RB,receiving_yards,10.3,-6.9,39.1,,,eligible,eligible_current_role,backup,Active,3.0,direct_component_blend,20260908_1821_receiving_yards_blend,2026-09-11T19:13:20+00:00,2026-09-11T19:13:40+00:00
2026,1,401872930,2026-09-13,20:20,00-0039387,Caelen Carson,DAL,NYG,DB,tackles,2.0,0.1,4.6,0.8064552868835784,0.5489452390198643,eligible,eligible_current_role,backup,,2.0,direct,20260908_1821_tackles_direct,2026-09-11T19:13:20+00:00,2026-09-11T19:13:40+00:00
2026,1,401872930,2026-09-13,20:20,00-0039410,Ryan Flournoy,DAL,NYG,WR,rushing_yards,0.0,-10.8,15.0,,,eligible,eligible_current_role,backup,Active,3.0,direct_component_blend,20260908_1821_rushing_yards_blend,2026-09-11T19:13:20+00:00,2026-09-11T19:13:40+00:00
2026,1,401872930,2026-09-13,20:20,00-0039410,Ryan Flournoy,DAL,NYG,WR,receiving_yards,16.0,-10.6,65.2,,,eligible,eligible_current_role,backup,Active,3.0,direct_component_blend,20260908_1821_receiving_yards_blend,2026-09-11T19:13:20+00:00,2026-09-11T19:13:40+00:00
2026,1,401872930,2026-09-13,20:20,00-0039530,Brevyn Spann-Ford,DAL,NYG,TE,rushing_yards,0.0,-10.8,15.0,,,eligible,eligible_current_role,backup,Active,2.0,direct_component_blend,20260908_1821_rushing_yards_blend,2026-09-11T19:13:20+00:00,2026-09-11T19:13:40+00:00
2026,1,401872930,2026-09-13,20:20,00-0039530,Brevyn Spann-Ford,DAL,NYG,TE,receiving_yards,7.0,-10.2,35.8,,,eligible,eligible_current_role,backup,Active,2.0,direct_component_blend,20260908_1821_receiving_yards_blend,2026-09-11T19:13:20+00:00,2026-09-11T19:13:40+00:00
2026,1,401872930,2026-09-13,20:20,00-0039821,Andru Phillips,NYG,DAL,DB,tackles,4.0,1.8,6.7,0.9538058763685128,0.8578378006768682,eligible,eligible_current_role,starter,Active,1.0,direct,20260908_1821_tackles_direct,2026-09-11T19:13:20+00:00,2026-09-11T19:13:40+00:00
2026,1,401872930,2026-09-13,20:20,00-0039847,Theo Johnson,NYG,DAL,TE,rushing_yards,0.0,-10.8,14.9,,,eligible,eligible_current_role,backup,Active,2.0,direct_component_blend,20260908_1821_rushing_yards_blend,2026-09-11T19:13:20+00:00,2026-09-11T19:13:40+00:00
2026,1,401872930,2026-09-13,20:20,00-0039847,Theo Johnson,NYG,DAL,TE,receiving_yards,19.7,-0.0,53.9,,,eligible,eligible_current_role,backup,Active,2.0,direct_component_blend,20260908_1821_receiving_yards_blend,2026-09-11T19:13:20+00:00,2026-09-11T19:13:40+00:00
2026,1,401872930,2026-09-13,20:20,00-0039861,Tyler Nubin,NYG,DAL,DB,tackles,5.8,3.1,9.3,0.9826859695604762,0.9538882005033283,eligible,eligible_current_role,starter,,1.0,direct,20260908_1821_tackles_direct,2026-09-11T19:13:20+00:00,2026-09-11T19:13:40+00:00
2026,1,401872930,2026-09-13,20:20,00-0040008,Shavon Revel Jr.,DAL,NYG,DB,tackles,2.9,0.3,6.4,0.8974491618753389,0.7297733246207403,eligible,eligible_current_role,backup,,2.0,direct,20260908_1821_tackles_direct,2026-09-11T19:13:20+00:00,2026-09-11T19:13:40+00:00
2026,1,401872930,2026-09-13,20:20,00-0040045,Alijah Clark,DAL,NYG,DB,tackles,0.9,0.0,3.4,0.5055796986072612,0.22478369022677436,eligible,eligible_current_role,backup,,3.0,direct,20260908_1821_tackles_direct,2026-09-11T19:13:20+00:00,2026-09-11T19:13:40+00:00
2026,1,401872930,2026-09-13,20:20,00-0040225,Thomas Fidone II,NYG,DAL,TE,rushing_yards,0.0,-11.8,16.5,,,eligible,eligible_current_role,backup,,4.0,direct_component_blend,20260908_1821_rushing_yards_blend,2026-09-11T19:13:20+00:00,2026-09-11T19:13:40+00:00
2026,1,401872930,2026-09-13,20:20,00-0040225,Thomas Fidone II,NYG,DAL,TE,receiving_yards,2.8,-15.8,34.7,,,eligible,eligible_current_role,backup,,4.0,direct_component_blend,20260908_1821_receiving_yards_blend,2026-09-11T19:13:20+00:00,2026-09-11T19:13:40+00:00
2026,1,401872930,2026-09-13,20:20,00-0040677,Abdul Carter,NYG,DAL,LB,tackles,3.4,0.5,7.4,0.926470956745007,0.8052078335573948,eligible,eligible_current_role,starter,,1.0,direct,20260908_1821_tackles_direct,2026-09-11T19:13:20+00:00,2026-09-11T19:13:40+00:00
2026,1,401872930,2026-09-13,20:20,00-0040691,Jaxson Dart,NYG,DAL,QB,passing_yards,199.3,105.8,305.5,,,eligible,eligible_current_role,starter,Active,1.0,direct_component_blend,20260908_1821_passing_yards_blend,2026-09-11T19:13:20+00:00,2026-09-11T19:13:40+00:00
2026,1,401872930,2026-09-13,20:20,00-0040691,Jaxson Dart,NYG,DAL,QB,passing_tds,1.193,,,0.6547619047619048,0.39285714285714285,eligible,eligible_current_role,starter,Active,1.0,direct_component_blend,20260908_1821_passing_tds_blend,2026-09-11T19:13:20+00:00,2026-09-11T19:13:40+00:00
2026,1,401872930,2026-09-13,20:20,00-0040691,Jaxson Dart,NYG,DAL,QB,rushing_yards,24.3,11.5,42.2,,,eligible,eligible_current_role,starter,Active,1.0,direct_component_blend,20260908_1821_rushing_yards_blend,2026-09-11T19:13:20+00:00,2026-09-11T19:13:40+00:00
2026,1,401872930,2026-09-13,20:20,00-0040694,Darius Alexander,NYG,DAL,DL,tackles,1.6,0.0,4.0,0.7360911731367779,0.4528359986164278,eligible,eligible_current_role,backup,,2.0,direct,20260908_1821_tackles_direct,2026-09-11T19:13:20+00:00,2026-09-11T19:13:40+00:00
2026,1,401872930,2026-09-13,20:20,00-0040702,Mitch Van Vooren,DAL,NYG,TE,rushing_yards,0.0,-14.8,20.6,,,eligible,eligible_current_role,roster_only,,,direct_component_blend,20260908_1821_rushing_yards_blend,2026-09-11T19:13:20+00:00,2026-09-11T19:13:40+00:00
2026,1,401872930,2026-09-13,20:20,00-0040702,Mitch Van Vooren,DAL,NYG,TE,receiving_yards,5.7,-16.9,46.3,,,eligible,eligible_current_role,roster_only,,,direct_component_blend,20260908_1821_receiving_yards_blend,2026-09-11T19:13:20+00:00,2026-09-11T19:13:40+00:00
2026,1,401872930,2026-09-13,20:20,00-0040715,Cam Skattebo,NYG,DAL,RB,rushing_yards,37.6,15.6,68.6,,,eligible,eligible_current_role,starter,Active,1.0,direct_component_blend,20260908_1821_rushing_yards_blend,2026-09-11T19:13:20+00:00,2026-09-11T19:13:40+00:00
2026,1,401872930,2026-09-13,20:20,00-0040715,Cam Skattebo,NYG,DAL,RB,receiving_yards,15.5,-1.7,44.3,,,eligible,eligible_current_role,starter,Active,1.0,direct_component_blend,20260908_1821_receiving_yards_blend,2026-09-11T19:13:20+00:00,2026-09-11T19:13:40+00:00
2026,1,401872930,2026-09-13,20:20,00-0040725,Donovan Ezeiruaku,DAL,NYG,LB,tackles,2.6,0.6,5.0,0.8726667613852808,0.6723913683758417,eligible,eligible_current_role,starter,,1.0,direct,20260908_1821_tackles_direct,2026-09-11T19:13:20+00:00,2026-09-11T19:13:40+00:00
2026,1,401872930,2026-09-13,20:20,00-0040865,Caleb Downs,DAL,NYG,DB,tackles,3.7,0.8,7.5,0.9408456765345898,0.8313066598292222,eligible,eligible_current_role,starter,,1.0,direct,20260908_1821_tackles_direct,2026-09-11T19:13:20+00:00,2026-09-11T19:13:40+00:00
2026,1,401872930,2026-09-13,20:20,00-0040880,LT Overton,DAL,NYG,DL,tackles,1.1,0.0,4.6,0.5590901622736097,0.2692015269393646,eligible,eligible_current_role,backup,,2.0,direct,20260908_1821_tackles_direct,2026-09-11T19:13:20+00:00,2026-09-11T19:13:40+00:00
2026,1,401872930,2026-09-13,20:20,00-0040930,Camden Brown,DAL,NYG,WR,rushing_yards,0.0,-14.8,20.6,,,eligible,eligible_current_role,backup,Active,6.0,direct_component_blend,20260908_1821_rushing_yards_blend,2026-09-11T19:13:20+00:00,2026-09-11T19:13:40+00:00
2026,1,401872930,2026-09-13,20:20,00-0040930,Camden Brown,DAL,NYG,WR,receiving_yards,6.9,-15.8,47.5,,,eligible,eligible_current_role,backup,Active,6.0,direct_component_blend,20260908_1821_receiving_yards_blend,2026-09-11T19:13:20+00:00,2026-09-11T19:13:40+00:00
2026,1,401872930,2026-09-13,20:20,00-0041042,Malachi Fields,NYG,DAL,WR,rushing_yards,0.0,-14.8,20.6,,,eligible,eligible_current_role,backup,Active,2.0,direct_component_blend,20260908_1821_rushing_yards_blend,2026-09-11T19:13:20+00:00,2026-09-11T19:13:40+00:00
2026,1,401872930,2026-09-13,20:20,00-0041042,Malachi Fields,NYG,DAL,WR,receiving_yards,9.5,-13.2,50.0,,,eligible,eligible_current_role,backup,Active,2.0,direct_component_blend,20260908_1821_receiving_yards_blend,2026-09-11T19:13:20+00:00,2026-09-11T19:13:40+00:00
2026,1,401872930,2026-09-13,20:20,00-0041095,Bobby Jamison-Travis,NYG,DAL,DL,tackles,1.1,0.0,4.6,0.5577151938118391,0.2679281615885498,eligible,eligible_current_role,backup,,2.0,direct,20260908_1821_tackles_direct,2026-09-11T19:13:20+00:00,2026-09-11T19:13:40+00:00
2026,1,401872930,2026-09-13,20:20,00-0041145,Dominic Zvada,NYG,DAL,K,kicking_points,7.2,0.7,14.7,,,eligible,eligible_current_role,starter,Active,1.0,component,20260908_1821_kicking_points_component,2026-09-11T19:13:20+00:00,2026-09-11T19:13:40+00:00
2026,1,401872930,2026-09-13,20:20,00-0041462,Colton Hood,NYG,DAL,DB,tackles,2.0,0.0,5.9,0.7885443470935842,0.5197763212311656,eligible,eligible_current_role,backup,Active,2.0,direct,20260908_1821_tackles_direct,2026-09-11T19:13:20+00:00,2026-09-11T19:13:40+00:00
2026,1,401872930,2026-09-13,20:20,00-0041537,Malachi Lawrence,DAL,NYG,LB,tackles,1.5,0.0,5.0,0.7093807355109355,0.42122704766677976,eligible,eligible_current_role,backup,,2.0,direct,20260908_1821_tackles_direct,2026-09-11T19:13:20+00:00,2026-09-11T19:13:40+00:00
2026,1,401872931,2026-09-14,19:15,00-0030506,Travis Kelce,KC,DEN,TE,rushing_yards,0.0,-10.8,14.9,,,eligible,eligible_current_role,starter,Active,1.0,direct_component_blend,20260908_1821_rushing_yards_blend,2026-09-11T19:13:20+00:00,2026-09-11T19:13:40+00:00
2026,1,401872931,2026-09-14,19:15,00-0030506,Travis Kelce,KC,DEN,TE,receiving_yards,36.9,17.2,71.1,,,eligible,eligible_current_role,starter,Active,1.0,direct_component_blend,20260908_1821_receiving_yards_blend,2026-09-11T19:13:20+00:00,2026-09-11T19:13:40+00:00
2026,1,401872931,2026-09-14,19:15,00-0032569,Wil Lutz,DEN,KC,K,kicking_points,6.9,1.9,12.8,,,eligible,eligible_current_role,starter,Active,1.0,component,20260908_1821_kicking_points_component,2026-09-11T19:13:20+00:00,2026-09-11T19:13:40+00:00
2026,1,401872931,2026-09-14,19:15,00-0032762,Chris Jones,KC,DEN,DL,tackles,1.7,0.0,4.1,0.7587443163057395,0.4804611176657661,eligible,eligible_current_role,starter,Active,1.0,direct,20260908_1821_tackles_direct,2026-09-11T19:13:20+00:00,2026-09-11T19:13:40+00:00
2026,1,401872931,2026-09-14,19:15,00-0033297,D.J. Jones,DEN,KC,DL,tackles,2.3,0.4,4.8,0.8446433449733515,0.6165476923363389,eligible,eligible_current_role,starter,,1.0,direct,20260908_1821_tackles_direct,2026-09-11T19:13:20+00:00,2026-09-11T19:13:40+00:00
2026,1,401872931,2026-09-14,19:15,00-0033303,Harrison Butker,KC,DEN,K,kicking_points,7.0,2.3,12.5,,,eligible,eligible_current_role,starter,,1.0,component,20260908_1821_kicking_points_component,2026-09-11T19:13:20+00:00,2026-09-11T19:13:40+00:00
2026,1,401872931,2026-09-14,19:15,00-0033873,Patrick Mahomes,KC,DEN,QB,passing_yards,217.6,124.1,323.8,,,eligible,eligible_current_role,starter,Active,1.0,direct_component_blend,20260908_1821_passing_yards_blend,2026-09-11T19:13:20+00:00,2026-09-11T19:13:40+00:00
2026,1,401872931,2026-09-14,19:15,00-0033873,Patrick Mahomes,KC,DEN,QB,passing_tds,1.589,,,0.8125,0.5119047619047619,eligible,eligible_current_role,starter,Active,1.0,direct_component_blend,20260908_1821_passing_tds_blend,2026-09-11T19:13:20+00:00,2026-09-11T19:13:40+00:00
2026,1,401872931,2026-09-14,19:15,00-0033873,Patrick Mahomes,KC,DEN,QB,rushing_yards,13.4,0.7,31.4,,,eligible,eligible_current_role,starter,Active,1.0,direct_component_blend,20260908_1821_rushing_yards_blend,2026-09-11T19:13:20+00:00,2026-09-11T19:13:40+00:00
2026,1,401872931,2026-09-14,19:15,00-0033881,Evan Engram,DEN,KC,TE,rushing_yards,0.0,-10.7,15.0,,,eligible,eligible_current_role,starter,Active,1.0,direct_component_blend,20260908_1821_rushing_yards_blend,2026-09-11T19:13:20+00:00,2026-09-11T19:13:40+00:00
2026,1,401872931,2026-09-14,19:15,00-0033881,Evan Engram,DEN,KC,TE,receiving_yards,29.0,11.8,57.8,,,eligible,eligible_current_role,starter,Active,1.0,direct_component_blend,20260908_1821_receiving_yards_blend,2026-09-11T19:13:20+00:00,2026-09-11T19:13:40+00:00
2026,1,401872931,2026-09-14,19:15,00-0034348,Courtland Sutton,DEN,KC,WR,rushing_yards,0.0,-10.8,15.0,,,eligible,eligible_current_role,backup,Active,2.0,direct_component_blend,20260908_1821_rushing_yards_blend,2026-09-11T19:13:20+00:00,2026-09-11T19:13:40+00:00
2026,1,401872931,2026-09-14,19:15,00-0034348,Courtland Sutton,DEN,KC,WR,receiving_yards,41.3,14.6,90.5,,,eligible,eligible_current_role,backup,Active,2.0,direct_component_blend,20260908_1821_receiving_yards_blend,2026-09-11T19:13:20+00:00,2026-09-11T19:13:40+00:00
2026,1,401872931,2026-09-14,19:15,00-0035248,Zach Allen,DEN,KC,DL,tackles,2.2,0.1,5.0,0.8313703767863446,0.5921394015074768,eligible,eligible_current_role,starter,,1.0,direct,20260908_1821_tackles_direct,2026-09-11T19:13:20+00:00,2026-09-11T19:13:40+00:00
2026,1,401872931,2026-09-14,19:15,00-0035262,Drue Tranquill,KC,DEN,LB,tackles,6.4,3.4,10.4,0.983495145631068,0.9631067961165048,eligible,eligible_current_role,starter,Active,1.0,direct,20260908_1821_tackles_direct,2026-09-11T19:13:20+00:00,2026-09-11T19:13:40+00:00
2026,1,401872931,2026-09-14,19:15,00-0035264,Jarrett Stidham,DEN,KC,QB,rushing_yards,4.4,-6.3,19.5,,,eligible,eligible_current_role,backup,Active,2.0,direct_component_blend,20260908_1821_rushing_yards_blend,2026-09-11T19:13:20+00:00,2026-09-11T19:13:40+00:00
2026,1,401872931,2026-09-14,19:15,00-0035406,Lil'Jordan Humphrey,DEN,KC,WR,rushing_yards,0.0,-10.8,15.0,,,eligible,eligible_current_role,backup,,6.0,direct_component_blend,20260908_1821_rushing_yards_blend,2026-09-11T19:13:20+00:00,2026-09-11T19:13:40+00:00
2026,1,401872931,2026-09-14,19:15,00-0035406,Lil'Jordan Humphrey,DEN,KC,WR,receiving_yards,15.4,-1.7,44.3,,,eligible,eligible_current_role,backup,,6.0,direct_component_blend,20260908_1821_receiving_yards_blend,2026-09-11T19:13:20+00:00,2026-09-11T19:13:40+00:00
2026,1,401872931,2026-09-14,19:15,00-0035763,Malcolm Roach,DEN,KC,DL,tackles,2.4,0.4,4.9,0.8518045726762358,0.6303211798856014,eligible,eligible_current_role,starter,,1.0,direct,20260908_1821_tackles_direct,2026-09-11T19:13:20+00:00,2026-09-11T19:13:40+00:00
2026,1,401872931,2026-09-14,19:15,00-0036158,J.K. Dobbins,DEN,KC,RB,rushing_yards,56.2,34.2,87.2,,,eligible,eligible_current_role,starter,Active,1.0,direct_component_blend,20260908_1821_rushing_yards_blend,2026-09-11T19:13:20+00:00,2026-09-11T19:13:40+00:00
2026,1,401872931,2026-09-14,19:15,00-0036158,J.K. Dobbins,DEN,KC,RB,receiving_yards,8.0,-9.2,36.8,,,eligible,eligible_current_role,starter,Active,1.0,direct_component_blend,20260908_1821_receiving_yards_blend,2026-09-11T19:13:20+00:00,2026-09-11T19:13:40+00:00
2026,1,401872931,2026-09-14,19:15,00-0036221,Brandon Jones,DEN,KC,DB,tackles,5.1,2.4,8.6,0.9808837895937366,0.935613243888887,eligible,eligible_current_role,starter,,1.0,direct,20260908_1821_tackles_direct,2026-09-11T19:13:20+00:00,2026-09-11T19:13:40+00:00
2026,1,401872931,2026-09-14,19:15,00-0036374,L'Jarius Sneed,KC,DEN,DB,tackles,4.8,2.1,8.2,0.9779801139479196,0.9190559561636149,eligible,eligible_current_role,starter,Active,1.0,direct,20260908_1821_tackles_direct,2026-09-11T19:13:20+00:00,2026-09-11T19:13:40+00:00
2026,1,401872931,2026-09-14,19:15,00-0036380,Alohi Gilman,KC,DEN,DB,tackles,4.7,2.0,8.2,0.9766646598829993,0.9154015217237321,eligible,eligible_current_role,starter,Active,1.0,direct,20260908_1821_tackles_direct,2026-09-11T19:13:20+00:00,2026-09-11T19:13:40+00:00
2026,1,401872931,2026-09-14,19:15,00-0036416,Kristian Fulton,KC,DEN,DB,tackles,2.4,0.3,5.1,0.8516227676155048,0.6299705721268613,eligible,eligible_current_role,backup,,2.0,direct,20260908_1821_tackles_direct,2026-09-11T19:13:20+00:00,2026-09-11T19:13:40+00:00
2026,1,401872931,2026-09-14,19:15,00-0036422,Adam Trautman,DEN,KC,TE,rushing_yards,0.0,-10.8,15.0,,,eligible,eligible_current_role,backup,,2.0,direct_component_blend,20260908_1821_rushing_yards_blend,2026-09-11T19:13:20+00:00,2026-09-11T19:13:40+00:00
2026,1,401872931,2026-09-14,19:15,00-0036422,Adam Trautman,DEN,KC,TE,receiving_yards,12.4,-4.8,41.2,,,eligible,eligible_current_role,backup,,2.0,direct_component_blend,20260908_1821_receiving_yards_blend,2026-09-11T19:13:20+00:00,2026-09-11T19:13:40+00:00
2026,1,401872931,2026-09-14,19:15,00-0036564,Talanoa Hufanga,DEN,KC,DB,tackles,5.3,2.6,8.8,0.9815668458728433,0.9423142671729886,eligible,eligible_current_role,starter,,1.0,direct,20260908_1821_tackles_direct,2026-09-11T19:13:20+00:00,2026-09-11T19:13:40+00:00
2026,1,401872931,2026-09-14,19:15,00-0036613,Jaylen Waddle,DEN,KC,WR,rushing_yards,0.4,-10.3,15.4,,,eligible,eligible_current_role,starter,Active,1.0,direct_component_blend,20260908_1821_rushing_yards_blend,2026-09-11T19:13:20+00:00,2026-09-11T19:13:40+00:00
2026,1,401872931,2026-09-14,19:15,00-0036613,Jaylen Waddle,DEN,KC,WR,receiving_yards,29.6,3.0,78.8,,,eligible,eligible_current_role,starter,Active,1.0,direct_component_blend,20260908_1821_receiving_yards_blend,2026-09-11T19:13:20+00:00,2026-09-11T19:13:40+00:00
2026,1,401872931,2026-09-14,19:15,00-0036621,Nick Bolton,KC,DEN,LB,tackles,6.9,4.1,11.1,0.983495145631068,0.9631067961165048,eligible,eligible_current_role,starter,,1.0,direct,20260908_1821_tackles_direct,2026-09-11T19:13:20+00:00,2026-09-11T19:13:40+00:00
2026,1,401872931,2026-09-14,19:15,00-0036637,Noah Gray,KC,DEN,TE,rushing_yards,0.0,-10.8,14.9,,,eligible,eligible_current_role,backup,Active,2.0,direct_component_blend,20260908_1821_rushing_yards_blend,2026-09-11T19:13:20+00:00,2026-09-11T19:13:40+00:00
2026,1,401872931,2026-09-14,19:15,00-0036637,Noah Gray,KC,DEN,TE,receiving_yards,8.6,-8.6,37.4,,,eligible,eligible_current_role,backup,Active,2.0,direct_component_blend,20260908_1821_receiving_yards_blend,2026-09-11T19:13:20+00:00,2026-09-11T19:13:40+00:00
2026,1,401872931,2026-09-14,19:15,00-0036683,Devon Key,DEN,KC,DB,tackles,0.9,0.0,3.4,0.513188952646186,0.23062258035106753,eligible,eligible_current_role,backup,,2.0,direct,20260908_1821_tackles_direct,2026-09-11T19:13:20+00:00,2026-09-11T19:13:40+00:00
2026,1,401872931,2026-09-14,19:15,00-0036874,Pat Surtain II,DEN,KC,DB,tackles,3.4,0.8,6.9,0.9264538663749234,0.8051780110623779,eligible,eligible_current_role,starter,,1.0,direct,20260908_1821_tackles_direct,2026-09-11T19:13:20+00:00,2026-09-11T19:13:40+00:00
2026,1,401872931,2026-09-14,19:15,00-0036879,Sam Ehlinger,DEN,KC,QB,rushing_yards,7.3,-5.5,25.2,,,eligible,eligible_current_role,backup,,3.0,direct_component_blend,20260908_1821_rushing_yards_blend,2026-09-11T19:13:20+00:00,2026-09-11T19:13:40+00:00
2026,1,401872931,2026-09-14,19:15,00-0036909,Khyiris Tonga,KC,DEN,DL,tackles,1.6,0.0,4.0,0.7448011562124899,0.4640134183295886,eligible,eligible_current_role,starter,,1.0,direct,20260908_1821_tackles_direct,2026-09-11T19:13:20+00:00,2026-09-11T19:13:40+00:00
2026,1,401872931,2026-09-14,19:15,00-0036945,Justin Fields,KC,DEN,QB,rushing_yards,26.9,14.1,44.8,,,eligible,eligible_current_role,backup,,2.0,direct_component_blend,20260908_1821_rushing_yards_blend,2026-09-11T19:13:20+00:00,2026-09-11T19:13:40+00:00
2026,1,401872931,2026-09-14,19:15,00-0037085,Tyler Badie,DEN,KC,RB,rushing_yards,1.7,-9.0,16.8,,,eligible,eligible_current_role,backup,Active,4.0,direct_component_blend,20260908_1821_rushing_yards_blend,2026-09-11T19:13:20+00:00,2026-09-11T19:13:40+00:00
2026,1,401872931,2026-09-14,19:15,00-0037085,Tyler Badie,DEN,KC,RB,receiving_yards,4.3,-12.9,33.1,,,eligible,eligible_current_role,backup,Active,4.0,direct_component_blend,20260908_1821_receiving_yards_blend,2026-09-11T19:13:20+00:00,2026-09-11T19:13:40+00:00
2026,1,401872931,2026-09-14,19:15,00-0037192,George Karlaftis,KC,DEN,DL,tackles,2.1,0.0,4.8,0.8072949319190814,0.5503494648565882,eligible,eligible_current_role,starter,,1.0,direct,20260908_1821_tackles_direct,2026-09-11T19:13:20+00:00,2026-09-11T19:13:40+00:00
2026,1,401872931,2026-09-14,19:15,00-0037208,Jack Cochrane,KC,DEN,LB,tackles,0.8,0.0,3.3,0.4591892742560133,0.19152747911836632,eligible,eligible_current_role,backup,,2.0,direct,20260908_1821_tackles_direct,2026-09-11T19:13:20+00:00,2026-09-11T19:13:40+00:00
2026,1,401872931,2026-09-14,19:15,00-0037249,Nik Bonitto,DEN,KC,LB,tackles,2.2,0.3,4.7,0.833301875853268,0.5956272797058356,eligible,eligible_current_role,starter,Active,1.0,direct,20260908_1821_tackles_direct,2026-09-11T19:13:20+00:00,2026-09-11T19:13:40+00:00
2026,1,401872931,2026-09-14,19:15,00-0037294,Jordan Jackson,DEN,KC,DL,tackles,1.1,0.0,3.5,0.5535996510509149,0.2641510490540497,eligible,eligible_current_role,backup,,2.0,direct,20260908_1821_tackles_direct,2026-09-11T19:13:20+00:00,2026-09-11T19:13:40+00:00
2026,1,401872931,2026-09-14,19:15,00-0037324,Chris Oladokun,KC,DEN,QB,rushing_yards,4.2,-7.6,20.8,,,eligible,eligible_current_role,roster_only,,,direct_component_blend,20260908_1821_rushing_yards_blend,2026-09-11T19:13:20+00:00,2026-09-11T19:13:40+00:00
2026,1,401872931,2026-09-14,19:15,00-0037384,Ja'Quan McMillian,DEN,KC,DB,tackles,3.9,1.7,6.6,0.9482820229524169,0.8457396283116467,eligible,eligible_current_role,starter,,1.0,direct,20260908_1821_tackles_direct,2026-09-11T19:13:20+00:00,2026-09-11T19:13:40+00:00
2026,1,401872931,2026-09-14,19:15,00-0037752,Tycen Anderson,DEN,KC,DB,tackles,1.1,0.0,3.6,0.5622149168651303,0.2721169496355185,eligible,eligible_current_role,backup,,3.0,direct,20260908_1821_tackles_direct,2026-09-11T19:13:20+00:00,2026-09-11T19:13:40+00:00
2026,1,401872931,2026-09-14,19:15,00-0037799,Dondrea Tillman,DEN,KC,LB,tackles,1.7,0.0,4.2,0.7634902539385199,0.4862543229112565,eligible,eligible_current_role,backup,,2.0,direct,20260908_1821_tackles_direct,2026-09-11T19:13:20+00:00,2026-09-11T19:13:40+00:00
2026,1,401872931,2026-09-14,19:15,00-0038104,Tyquan Thornton,KC,DEN,WR,rushing_yards,0.0,-10.7,15.0,,,eligible,eligible_current_role,backup,Active,3.0,direct_component_blend,20260908_1821_rushing_yards_blend,2026-09-11T19:13:20+00:00,2026-09-11T19:13:40+00:00
2026,1,401872931,2026-09-14,19:15,00-0038104,Tyquan Thornton,KC,DEN,WR,receiving_yards,15.0,-2.2,43.8,,,eligible,eligible_current_role,backup,Active,3.0,direct_component_blend,20260908_1821_receiving_yards_blend,2026-09-11T19:13:20+00:00,2026-09-11T19:13:40+00:00
2026,1,401872931,2026-09-14,19:15,00-0038106,Eyioma Uwazurike,DEN,KC,DL,tackles,1.5,0.0,4.0,0.7260753696085414,0.4407809224704996,eligible,eligible_current_role,backup,,2.0,direct,20260908_1821_tackles_direct,2026-09-11T19:13:20+00:00,2026-09-11T19:13:40+00:00
2026,1,401872931,2026-09-14,19:15,00-0038134,Kenneth Walker III,KC,DEN,RB,rushing_yards,45.2,23.2,76.1,,,eligible,eligible_current_role,starter,Active,1.0,direct_component_blend,20260908_1821_rushing_yards_blend,2026-09-11T19:13:20+00:00,2026-09-11T19:13:40+00:00
2026,1,401872931,2026-09-14,19:15,00-0038134,Kenneth Walker III,KC,DEN,RB,receiving_yards,12.0,-5.2,40.8,,,eligible,eligible_current_role,starter,Active,1.0,direct_component_blend,20260908_1821_receiving_yards_blend,2026-09-11T19:13:20+00:00,2026-09-11T19:13:40+00:00
2026,1,401872931,2026-09-14,19:15,00-0038145,Thomas Odukoya,KC,DEN,TE,rushing_yards,0.0,-14.8,20.6,,,eligible,eligible_current_role,roster_only,,,direct_component_blend,20260908_1821_rushing_yards_blend,2026-09-11T19:13:20+00:00,2026-09-11T19:13:40+00:00
2026,1,401872931,2026-09-14,19:15,00-0038145,Thomas Odukoya,KC,DEN,TE,receiving_yards,2.6,-20.0,43.2,,,eligible,eligible_current_role,roster_only,,,direct_component_blend,20260908_1821_receiving_yards_blend,2026-09-11T19:13:20+00:00,2026-09-11T19:13:40+00:00
2026,1,401872931,2026-09-14,19:15,00-0038519,Nikko Remigio,KC,DEN,WR,rushing_yards,0.0,-10.7,15.0,,,eligible,eligible_current_role,backup,,6.0,direct_component_blend,20260908_1821_rushing_yards_blend,2026-09-11T19:13:20+00:00,2026-09-11T19:13:40+00:00
2026,1,401872931,2026-09-14,19:15,00-0038519,Nikko Remigio,KC,DEN,WR,receiving_yards,3.2,-14.0,32.0,,,eligible,eligible_current_role,backup,,6.0,direct_component_blend,20260908_1821_receiving_yards_blend,2026-09-11T19:13:20+00:00,2026-09-11T19:13:40+00:00
2026,1,401872931,2026-09-14,19:15,00-0038552,Riley Moss,DEN,KC,DB,tackles,5.2,2.5,8.7,0.9812210143844147,0.938892134854919,eligible,eligible_current_role,starter,Active,1.0,direct,20260908_1821_tackles_direct,2026-09-11T19:13:20+00:00,2026-09-11T19:13:40+00:00
2026,1,401872931,2026-09-14,19:15,00-0038605,JL Skinner,DEN,KC,DB,tackles,0.7,0.0,3.2,0.4094029315727982,0.13579137513070738,eligible,eligible_current_role,backup,,2.0,direct,20260908_1821_tackles_direct,2026-09-11T19:13:20+00:00,2026-09-11T19:13:40+00:00
2026,1,401872931,2026-09-14,19:15,00-0038783,Nate Adkins,DEN,KC,TE,rushing_yards,0.0,-10.8,14.9,,,eligible,eligible_current_role,backup,Active,3.0,direct_component_blend,20260908_1821_rushing_yards_blend,2026-09-11T19:13:20+00:00,2026-09-11T19:13:40+00:00
2026,1,401872931,2026-09-14,19:15,00-0038783,Nate Adkins,DEN,KC,TE,receiving_yards,4.2,-13.0,33.0,,,eligible,eligible_current_role,backup,Active,3.0,direct_component_blend,20260908_1821_receiving_yards_blend,2026-09-11T19:13:20+00:00,2026-09-11T19:13:40+00:00
2026,1,401872931,2026-09-14,19:15,00-0038976,Marvin Mims Jr.,DEN,KC,WR,rushing_yards,1.4,-9.3,16.5,,,eligible,eligible_current_role,backup,Active,3.0,direct_component_blend,20260908_1821_rushing_yards_blend,2026-09-11T19:13:20+00:00,2026-09-11T19:13:40+00:00
2026,1,401872931,2026-09-14,19:15,00-0038976,Marvin Mims Jr.,DEN,KC,WR,receiving_yards,15.8,-10.8,65.0,,,eligible,eligible_current_role,backup,Active,3.0,direct_component_blend,20260908_1821_receiving_yards_blend,2026-09-11T19:13:20+00:00,2026-09-11T19:13:40+00:00
2026,1,401872931,2026-09-14,19:15,00-0038982,Chamarri Conner,KC,DEN,DB,tackles,5.2,2.5,8.6,0.9810742357042285,0.9374582458963691,eligible,questionable_flag,starter,Questionable,1.0,direct,20260908_1821_tackles_direct,2026-09-11T19:13:20+00:00,2026-09-11T19:13:40+00:00
2026,1,401872931,2026-09-14,19:15,00-0039006,Felix Anudike-Uzomah,KC,DEN,DL,tackles,1.8,0.0,4.3,0.7740124682841861,0.49947388272760895,eligible,eligible_current_role,starter,,1.0,direct,20260908_1821_tackles_direct,2026-09-11T19:13:20+00:00,2026-09-11T19:13:40+00:00
2026,1,401872931,2026-09-14,19:15,00-0039067,Rashee Rice,KC,DEN,WR,rushing_yards,0.4,-10.3,15.5,,,eligible,eligible_current_role,starter,Active,1.0,direct_component_blend,20260908_1821_rushing_yards_blend,2026-09-11T19:13:20+00:00,2026-09-11T19:13:40+00:00
2026,1,401872931,2026-09-14,19:15,00-0039067,Rashee Rice,KC,DEN,WR,receiving_yards,80.5,53.8,129.7,,,eligible,eligible_current_role,starter,Active,1.0,direct_component_blend,20260908_1821_receiving_yards_blend,2026-09-11T19:13:20+00:00,2026-09-11T19:13:40+00:00
2026,1,401872931,2026-09-14,19:15,00-0039324,Christian Roland-Wallace,KC,DEN,DB,tackles,2.4,0.3,5.2,0.853155815753736,0.6329351469495825,eligible,eligible_current_role,backup,,2.0,direct,20260908_1821_tackles_direct,2026-09-11T19:13:20+00:00,2026-09-11T19:13:40+00:00
2026,1,401872931,2026-09-14,19:15,00-0039371,Kris Abrams-Draine,DEN,KC,DB,tackles,0.8,0.0,3.3,0.43892786261288563,0.1739880794483665,eligible,eligible_current_role,backup,,2.0,direct,20260908_1821_tackles_direct,2026-09-11T19:13:20+00:00,2026-09-11T19:13:40+00:00
2026,1,401872931,2026-09-14,19:15,00-0039732,Bo Nix,DEN,KC,QB,passing_yards,239.2,145.8,345.5,,,eligible,eligible_current_role,starter,,1.0,direct_component_blend,20260908_1821_passing_yards_blend,2026-09-11T19:13:20+00:00,2026-09-11T19:13:40+00:00
2026,1,401872931,2026-09-14,19:15,00-0039732,Bo Nix,DEN,KC,QB,passing_tds,1.589,,,0.8125,0.5119047619047619,eligible,eligible_current_role,starter,,1.0,direct_component_blend,20260908_1821_passing_tds_blend,2026-09-11T19:13:20+00:00,2026-09-11T19:13:40+00:00
2026,1,401872931,2026-09-14,19:15,00-0039732,Bo Nix,DEN,KC,QB,rushing_yards,15.5,2.7,33.4,,,eligible,eligible_current_role,starter,,1.0,direct_component_blend,20260908_1821_rushing_yards_blend,2026-09-11T19:13:20+00:00,2026-09-11T19:13:40+00:00
2026,1,401872931,2026-09-14,19:15,00-0039809,Jonah Elliss,DEN,KC,LB,tackles,2.5,0.6,5.0,0.8686069284839838,0.6639017083096819,eligible,eligible_current_role,starter,,1.0,direct,20260908_1821_tackles_direct,2026-09-11T19:13:20+00:00,2026-09-11T19:13:40+00:00
2026,1,401872931,2026-09-14,19:15,00-0039824,Jared Wiley,KC,DEN,TE,rushing_yards,0.0,-11.9,16.5,,,eligible,eligible_current_role,backup,,3.0,direct_component_blend,20260908_1821_rushing_yards_blend,2026-09-11T19:13:20+00:00,2026-09-11T19:13:40+00:00
2026,1,401872931,2026-09-14,19:15,00-0039824,Jared Wiley,KC,DEN,TE,receiving_yards,3.2,-15.4,35.2,,,eligible,eligible_current_role,backup,,3.0,direct_component_blend,20260908_1821_receiving_yards_blend,2026-09-11T19:13:20+00:00,2026-09-11T19:13:40+00:00
2026,1,401872931,2026-09-14,19:15,00-0039825,Jaden Hicks,KC,DEN,DB,tackles,1.7,0.0,4.5,0.7638885988615296,0.4867452516881122,eligible,eligible_current_role,backup,,2.0,direct,20260908_1821_tackles_direct,2026-09-11T19:13:20+00:00,2026-09-11T19:13:40+00:00
2026,1,401872931,2026-09-14,19:15,00-0039868,Troy Franklin,DEN,KC,WR,rushing_yards,0.0,-10.7,15.0,,,eligible,eligible_current_role,backup,Active,5.0,direct_component_blend,20260908_1821_rushing_yards_blend,2026-09-11T19:13:20+00:00,2026-09-11T19:13:40+00:00
2026,1,401872931,2026-09-14,19:15,00-0039868,Troy Franklin,DEN,KC,WR,receiving_yards,19.7,-7.0,68.9,,,eligible,eligible_current_role,backup,Active,5.0,direct_component_blend,20260908_1821_receiving_yards_blend,2026-09-11T19:13:20+00:00,2026-09-11T19:13:40+00:00
2026,1,401872931,2026-09-14,19:15,00-0039894,Xavier Worthy,KC,DEN,WR,rushing_yards,3.0,-7.7,18.1,,,eligible,eligible_current_role,backup,Active,2.0,direct_component_blend,20260908_1821_rushing_yards_blend,2026-09-11T19:13:20+00:00,2026-09-11T19:13:40+00:00
2026,1,401872931,2026-09-14,19:15,00-0039894,Xavier Worthy,KC,DEN,WR,receiving_yards,25.1,7.9,53.9,,,eligible,eligible_current_role,backup,Active,2.0,direct_component_blend,20260908_1821_receiving_yards_blend,2026-09-11T19:13:20+00:00,2026-09-11T19:13:40+00:00
2026,1,401872931,2026-09-14,19:15,00-0040072,Jeffrey Bassa,KC,DEN,LB,tackles,1.9,0.0,4.4,0.7786978698741122,0.5055345600649436,eligible,eligible_current_role,starter,,1.0,direct,20260908_1821_tackles_direct,2026-09-11T19:13:20+00:00,2026-09-11T19:13:40+00:00
2026,1,401872931,2026-09-14,19:15,00-0040078,Brashard Smith,KC,DEN,RB,rushing_yards,2.1,-8.6,17.2,,,eligible,eligible_current_role,backup,Active,3.0,direct_component_blend,20260908_1821_rushing_yards_blend,2026-09-11T19:13:20+00:00,2026-09-11T19:13:40+00:00
2026,1,401872931,2026-09-14,19:15,00-0040078,Brashard Smith,KC,DEN,RB,receiving_yards,4.2,-13.0,33.0,,,eligible,eligible_current_role,backup,Active,3.0,direct_component_blend,20260908_1821_receiving_yards_blend,2026-09-11T19:13:20+00:00,2026-09-11T19:13:40+00:00
2026,1,401872931,2026-09-14,19:15,00-0040081,Jake Briningstool,KC,DEN,TE,rushing_yards,0.0,-14.8,20.6,,,eligible,eligible_current_role,backup,,4.0,direct_component_blend,20260908_1821_rushing_yards_blend,2026-09-11T19:13:20+00:00,2026-09-11T19:13:40+00:00
2026,1,401872931,2026-09-14,19:15,00-0040081,Jake Briningstool,KC,DEN,TE,receiving_yards,5.0,-17.6,45.6,,,eligible,eligible_current_role,backup,,4.0,direct_component_blend,20260908_1821_receiving_yards_blend,2026-09-11T19:13:20+00:00,2026-09-11T19:13:40+00:00
2026,1,401872931,2026-09-14,19:15,00-0040118,Cooper McDonald,KC,DEN,LB,tackles,1.0,0.0,3.4,0.528337355806148,0.2425866418033309,eligible,eligible_current_role,backup,,3.0,direct,20260908_1821_tackles_direct,2026-09-11T19:13:20+00:00,2026-09-11T19:13:40+00:00
2026,1,401872931,2026-09-14,19:15,00-0040134,Pat Bryant,DEN,KC,WR,rushing_yards,0.0,-10.8,15.0,,,eligible,eligible_current_role,backup,Active,4.0,direct_component_blend,20260908_1821_rushing_yards_blend,2026-09-11T19:13:20+00:00,2026-09-11T19:13:40+00:00
2026,1,401872931,2026-09-14,19:15,00-0040134,Pat Bryant,DEN,KC,WR,receiving_yards,21.2,-5.4,70.4,,,eligible,eligible_current_role,backup,Active,4.0,direct_component_blend,20260908_1821_receiving_yards_blend,2026-09-11T19:13:20+00:00,2026-09-11T19:13:40+00:00
2026,1,401872931,2026-09-14,19:15,00-0040153,Sai'vion Jones,DEN,KC,DL,tackles,1.0,0.0,4.5,0.5298024275513686,0.24376823295710065,eligible,eligible_current_role,backup,,2.0,direct,20260908_1821_tackles_direct,2026-09-11T19:13:20+00:00,2026-09-11T19:13:40+00:00
2026,1,401872931,2026-09-14,19:15,00-0040168,Que Robinson,DEN,KC,LB,tackles,1.7,0.0,4.1,0.755007256958964,0.47597050086848347,eligible,eligible_current_role,backup,,2.0,direct,20260908_1821_tackles_direct,2026-09-11T19:13:20+00:00,2026-09-11T19:13:40+00:00
2026,1,401872931,2026-09-14,19:15,00-0040640,Ashton Gillotte,KC,DEN,DL,tackles,1.8,0.0,4.2,0.7654493760823123,0.4886758762103741,eligible,eligible_current_role,backup,Active,2.0,direct,20260908_1821_tackles_direct,2026-09-11T19:13:20+00:00,2026-09-11T19:13:40+00:00
2026,1,401872931,2026-09-14,19:15,00-0040646,Jalen Royals,KC,DEN,WR,rushing_yards,0.0,-11.9,16.5,,,eligible,eligible_current_role,backup,,5.0,direct_component_blend,20260908_1821_rushing_yards_blend,2026-09-11T19:13:20+00:00,2026-09-11T19:13:40+00:00
2026,1,401872931,2026-09-14,19:15,00-0040646,Jalen Royals,KC,DEN,WR,receiving_yards,3.4,-15.2,35.3,,,eligible,eligible_current_role,backup,,5.0,direct_component_blend,20260908_1821_receiving_yards_blend,2026-09-11T19:13:20+00:00,2026-09-11T19:13:40+00:00
2026,1,401872931,2026-09-14,19:15,00-0040670,Nohl Williams,KC,DEN,DB,tackles,2.3,0.0,5.9,0.8460407203214632,0.6193290601478041,eligible,eligible_current_role,backup,,2.0,direct,20260908_1821_tackles_direct,2026-09-11T19:13:20+00:00,2026-09-11T19:13:40+00:00
2026,1,401872931,2026-09-14,19:15,00-0040720,Jahdae Barron,DEN,KC,DB,tackles,1.7,0.0,4.2,0.7621179843638868,0.48456870126459617,eligible,eligible_current_role,backup,,2.0,direct,20260908_1821_tackles_direct,2026-09-11T19:13:20+00:00,2026-09-11T19:13:40+00:00
2026,1,401872931,2026-09-14,19:15,00-0040730,RJ Harvey,DEN,KC,RB,rushing_yards,27.1,5.1,58.0,,,eligible,eligible_current_role,backup,Active,2.0,direct_component_blend,20260908_1821_rushing_yards_blend,2026-09-11T19:13:20+00:00,2026-09-11T19:13:40+00:00
2026,1,401872931,2026-09-14,19:15,00-0040730,RJ Harvey,DEN,KC,RB,receiving_yards,18.6,1.5,47.4,,,eligible,eligible_current_role,backup,Active,2.0,direct_component_blend,20260908_1821_receiving_yards_blend,2026-09-11T19:13:20+00:00,2026-09-11T19:13:40+00:00
2026,1,401872931,2026-09-14,19:15,00-0040890,Cyrus Allen,KC,DEN,WR,rushing_yards,0.0,-14.8,20.6,,,eligible,eligible_current_role,backup,Active,4.0,direct_component_blend,20260908_1821_rushing_yards_blend,2026-09-11T19:13:20+00:00,2026-09-11T19:13:40+00:00
2026,1,401872931,2026-09-14,19:15,00-0040890,Cyrus Allen,KC,DEN,WR,receiving_yards,6.6,-16.1,47.1,,,eligible,eligible_current_role,backup,Active,4.0,direct_component_blend,20260908_1821_receiving_yards_blend,2026-09-11T19:13:20+00:00,2026-09-11T19:13:40+00:00
2026,1,401872931,2026-09-14,19:15,00-0040906,Garrett Nussmeier,KC,DEN,QB,rushing_yards,6.1,-11.4,30.8,,,eligible,eligible_current_role,backup,Active,3.0,direct_component_blend,20260908_1821_rushing_yards_blend,2026-09-11T19:13:20+00:00,2026-09-11T19:13:40+00:00
2026,1,401872931,2026-09-14,19:15,00-0040957,Xavier Nwankpa,KC,DEN,DB,tackles,1.8,0.0,5.7,0.7681948165355563,0.4920995820480735,eligible,eligible_current_role,backup,,2.0,direct,20260908_1821_tackles_direct,2026-09-11T19:13:20+00:00,2026-09-11T19:13:40+00:00
2026,1,401872931,2026-09-14,19:15,00-0040964,EJ Smith,KC,DEN,RB,rushing_yards,10.4,-19.8,52.9,,,eligible,eligible_current_role,roster_only,,,direct_component_blend,20260908_1821_rushing_yards_blend,2026-09-11T19:13:20+00:00,2026-09-11T19:13:40+00:00
2026,1,401872931,2026-09-14,19:15,00-0040964,EJ Smith,KC,DEN,RB,receiving_yards,3.1,-19.5,43.7,,,eligible,eligible_current_role,roster_only,,,direct_component_blend,20260908_1821_receiving_yards_blend,2026-09-11T19:13:20+00:00,2026-09-11T19:13:40+00:00
2026,1,401872931,2026-09-14,19:15,00-0041013,Emmett Johnson,KC,DEN,RB,rushing_yards,11.2,-19.1,53.7,,,eligible,eligible_current_role,backup,Active,2.0,direct_component_blend,20260908_1821_rushing_yards_blend,2026-09-11T19:13:20+00:00,2026-09-11T19:13:40+00:00
2026,1,401872931,2026-09-14,19:15,00-0041013,Emmett Johnson,KC,DEN,RB,receiving_yards,3.4,-19.2,44.0,,,eligible,eligible_current_role,backup,Active,2.0,direct_component_blend,20260908_1821_receiving_yards_blend,2026-09-11T19:13:20+00:00,2026-09-11T19:13:40+00:00
2026,1,401872931,2026-09-14,19:15,00-0041133,Dallen Bentley,DEN,KC,TE,rushing_yards,0.0,-14.8,20.6,,,eligible,eligible_current_role,backup,,4.0,direct_component_blend,20260908_1821_rushing_yards_blend,2026-09-11T19:13:20+00:00,2026-09-11T19:13:40+00:00
2026,1,401872931,2026-09-14,19:15,00-0041133,Dallen Bentley,DEN,KC,TE,receiving_yards,6.2,-16.4,46.8,,,eligible,eligible_current_role,backup,,4.0,direct_component_blend,20260908_1821_receiving_yards_blend,2026-09-11T19:13:20+00:00,2026-09-11T19:13:40+00:00
2026,1,401872931,2026-09-14,19:15,00-0041256,Jack Pyburn,KC,DEN,LB,tackles,1.1,0.0,4.6,0.5565957218673642,0.2668956683007347,eligible,eligible_current_role,backup,,4.0,direct,20260908_1821_tackles_direct,2026-09-11T19:13:20+00:00,2026-09-11T19:13:40+00:00
2026,1,401872931,2026-09-14,19:15,00-0041358,Bryson Eason,KC,DEN,DL,tackles,1.0,0.0,4.5,0.5335140602365329,0.2467813559105603,eligible,eligible_current_role,backup,,3.0,direct,20260908_1821_tackles_direct,2026-09-11T19:13:20+00:00,2026-09-11T19:13:40+00:00
2026,1,401872931,2026-09-14,19:15,00-0041496,Jonah Coleman,DEN,KC,RB,rushing_yards,10.6,-19.6,53.1,,,eligible,eligible_current_role,backup,Active,3.0,direct_component_blend,20260908_1821_rushing_yards_blend,2026-09-11T19:13:20+00:00,2026-09-11T19:13:40+00:00
2026,1,401872931,2026-09-14,19:15,00-0041496,Jonah Coleman,DEN,KC,RB,receiving_yards,3.8,-18.9,44.3,,,eligible,eligible_current_role,backup,Active,3.0,direct_component_blend,20260908_1821_receiving_yards_blend,2026-09-11T19:13:20+00:00,2026-09-11T19:13:40+00:00
2026,1,401872931,2026-09-14,19:15,00-0041497,Jadon Canady,KC,DEN,DB,tackles,3.3,0.5,7.2,0.9212479314103145,0.7962116944351216,eligible,eligible_current_role,starter,,1.0,direct,20260908_1821_tackles_direct,2026-09-11T19:13:20+00:00,2026-09-11T19:13:40+00:00
2026,1,401872931,2026-09-14,19:15,00-0041501,R Mason Thomas,KC,DEN,DL,tackles,1.1,0.0,4.6,0.5556407825899818,0.26601793052070916,eligible,eligible_current_role,backup,Active,2.0,direct,20260908_1821_tackles_direct,2026-09-11T19:13:20+00:00,2026-09-11T19:13:40+00:00
2026,1,401872931,2026-09-14,19:15,00-0041543,Mansoor Delane,KC,DEN,DB,tackles,3.3,0.5,7.2,0.9212479314103145,0.7962116944351216,eligible,eligible_current_role,starter,,1.0,direct,20260908_1821_tackles_direct,2026-09-11T19:13:20+00:00,2026-09-11T19:13:40+00:00
2026,1,401872931,2026-09-14,19:15,00-0041545,Peter Woods,KC,DEN,DL,tackles,1.1,0.0,4.6,0.5556407825899818,0.26601793052070916,eligible,eligible_current_role,backup,,2.0,direct,20260908_1821_tackles_direct,2026-09-11T19:13:20+00:00,2026-09-11T19:13:40+00:00
2026,1,401872931,2026-09-14,19:15,00-0041552,Tyler Onyedim,DEN,KC,DL,tackles,1.0,0.0,4.5,0.5364984459328008,0.24922468916591634,eligible,eligible_current_role,backup,,3.0,direct,20260908_1821_tackles_direct,2026-09-11T19:13:20+00:00,2026-09-11T19:13:40+00:00
