league,market_type,side_group,variable,Win,Loss,Push,Total,bets_excluding_pushes,bets_including_pushes,Win_Pct,units,roi,avg_odds,avg_ev,avg_kelly,avg_win_prob
nhl,moneyline,ALL,-109_to_100,12,5,0,17,17,17,0.7058823529411765,6.532967032967033,0.38429217840982544,-56.705882352941174,0.07084867312164175,0.07358394235406028,0.5457406894653819
nhl,moneyline,ALL,-124_to_-110,0,4,0,4,4,4,0.0,-4.0,-1.0,-111.25,0.019514514550443025,0.021737969093625277,0.5366420653139587
nhl,moneyline,ALL,-149_to_-125,4,4,0,8,8,8,0.5,-0.9599585599585598,-0.11999481999481998,-132.875,0.0461557705328109,0.061138439455455725,0.5966876933227494
nhl,moneyline,ALL,-199_to_-150,3,1,0,4,4,4,0.75,0.7794384386563157,0.19485960966407892,-166.0,0.07370676919028153,0.12834263250237118,0.6702353399165586
nhl,moneyline,ALL,-999_to_-200,3,0,0,3,3,3,1.0,1.3710171568627452,0.4570057189542484,-221.33333333333334,0.020033589078775466,0.04979683453013526,0.7015031130755722
nhl,moneyline,ALL,101_to_125,17,12,0,29,29,29,0.5862068965517241,7.21,0.24862068965517242,113.37931034482759,0.06225080414158946,0.05554446778839593,0.4985345242717609
nhl,moneyline,ALL,126_to_150,12,14,0,26,26,26,0.46153846153846156,2.4400000000000004,0.09384615384615386,137.6153846153846,0.05618675900308796,0.040635010080043076,0.4448043150435979
nhl,moneyline,ALL,151_to_200,7,17,0,24,24,24,0.2916666666666667,-5.34,-0.2225,169.16666666666666,0.14345747808114936,0.0818245445726797,0.4243195411937324
nhl,moneyline,ALL,201_to_999,4,9,0,13,13,13,0.3076923076923077,1.4000000000000004,0.10769230769230773,247.69230769230768,0.22043731575852038,0.08447352766972852,0.3519606148600293
