league,market_type,side_group,variable,Win,Loss,Push,Total,bets_excluding_pushes,bets_including_pushes,Win_Pct,units,roi,avg_odds,avg_ev,avg_kelly,avg_win_prob
nhl,moneyline,AWAY,0.05_to_0.1,2,1,0,3,3,3,0.6666666666666666,0.6017316017316017,0.20057720057720055,-121.33333333333333,0.06549945117881807,0.07485175072102697,0.5786232811962867
nhl,moneyline,AWAY,0.1_to_0.2,3,0,0,3,3,3,1.0,2.2953869047619047,0.7651289682539683,-155.33333333333334,0.08833406077993183,0.11872471146261117,0.630506634585315
nhl,moneyline,HOME,0.01_to_0.02,1,2,0,3,3,3,0.3333333333333333,-1.3006993006993008,-0.4335664335664336,-143.0,0.011152884321535833,0.0161163104501553,0.5942374770319058
nhl,moneyline,HOME,0.02_to_0.05,1,1,0,2,2,2,0.5,-0.2592592592592593,-0.12962962962962965,-135.0,0.0324237094738725,0.043815823613341104,0.5933469594677427
nhl,moneyline,HOME,0.05_to_0.1,1,2,0,3,3,3,0.3333333333333333,-1.4285714285714286,-0.4761904761904762,-138.33333333333334,0.062032892584326205,0.08138692355536713,0.6096776731149995
nhl,moneyline,HOME,0.0_to_0.01,4,0,0,4,4,4,1.0,2.4093229744728077,0.6023307436182019,-173.0,0.003717634645282325,0.0065553458679839,0.6301811220609056
nhl,moneyline,HOME,0.1_to_0.2,3,3,0,6,6,6,0.5,-0.24761904761904763,-0.04126984126984127,-44.166666666666664,0.12026561935458956,0.13179105155689333,0.5865803391800813
nhl,moneyline,HOME,0.2_to_0.5,1,0,0,1,1,1,1.0,0.5586592178770949,0.5586592178770949,-179.0,0.2045355682944818,0.365242086240146,0.772138184804155
