league,market_type,side_group,variable,Win,Loss,Push,Total,bets_excluding_pushes,bets_including_pushes,Win_Pct,units,roi,avg_odds,avg_ev,avg_kelly,avg_win_prob
nhl,moneyline,ALL,0.0_to_0.45,20,31,0,51,51,51,0.39215686274509803,3.1400000000000006,0.06156862745098041,177.7843137254902,0.1114751134648488,0.05487105803534202,0.4054319429747281
nhl,moneyline,ALL,0.45_to_0.5,13,17,0,30,30,30,0.43333333333333335,-0.8600000000000001,-0.02866666666666667,127.1,0.079299435664538,0.05710955699657013,0.4758643763557203
nhl,moneyline,ALL,0.55_to_0.6,8,6,0,14,14,14,0.5714285714285714,1.0495652495652494,0.07496894639751782,-85.57142857142857,0.07509641467904063,0.07933274369563034,0.5696272831771332
nhl,moneyline,ALL,0.5_to_0.55,14,9,0,23,23,23,0.6086956521739131,5.153443223443223,0.22406274884535754,16.82608695652174,0.07964537456983542,0.06811291093276434,0.5299117984874736
nhl,moneyline,ALL,0.65_to_0.7,3,0,0,3,3,3,1.0,1.5518207282913163,0.5172735760971054,-194.33333333333334,0.016768788296141434,0.030279030150455365,0.6705249667637743
nhl,moneyline,ALL,0.6_to_0.65,3,3,0,6,6,6,0.5,-0.9217185330392877,-0.15361975550654797,-144.0,0.054936851619276916,0.07422285519792392,0.6205828821931858
nhl,moneyline,ALL,0.7_to_1.0,2,0,0,2,2,2,1.0,0.9492842178770949,0.47464210893854747,-217.5,0.1278139142170373,0.2481239407349356,0.764159833459485
