league,market_type,side_group,variable,Win,Loss,Push,Total,bets_excluding_pushes,bets_including_pushes,Win_Pct,units,roi,avg_odds,avg_ev,avg_kelly,avg_win_prob
nhl,moneyline,AWAY,-109_to_100,3,1,0,4,4,4,0.75,1.857142857142857,0.46428571428571425,-105.0,0.0934862869241584,0.09840661781490365,0.5607621984226454
nhl,moneyline,AWAY,-199_to_-150,1,0,0,1,1,1,1.0,0.6493506493506493,0.6493506493506493,-154.0,0.0364631280400233,0.0560971200615746,0.6281594715394082
nhl,moneyline,AWAY,-999_to_-200,1,0,0,1,1,1,1.0,0.390625,0.390625,-256.0,0.0510922601395928,0.1310057952297252,0.7561814821148151
nhl,moneyline,HOME,-149_to_-125,1,2,0,3,3,3,0.3333333333333333,-1.2,-0.39999999999999997,-131.66666666666666,0.09303934042356288,0.12242171218020192,0.6211727311731298
nhl,moneyline,HOME,-199_to_-150,3,1,0,4,4,4,0.75,0.7590186069157292,0.1897546517289323,-167.25,0.06496834662278053,0.11491733572904865,0.6668012140209733
nhl,moneyline,HOME,-999_to_-200,2,0,0,2,2,2,1.0,0.9803921568627451,0.49019607843137253,-204.0,0.0045042535483668,0.0091923541803403,0.6741639285559509
