league,market_type,side_group,variable,Win,Loss,Push,Total,bets_excluding_pushes,bets_including_pushes,Win_Pct,units,roi,avg_odds,avg_ev,avg_kelly,avg_win_prob
nhl,moneyline,ALL,0.01_to_0.02,0,1,0,1,1,1,0.0,-1.0,-1.0,-156.0,0.0125305226349303,0.0195789416170786,0.6173966601432502
nhl,moneyline,ALL,0.05_to_0.1,3,2,0,5,5,5,0.6,0.17316017316017307,0.03463203463203461,-134.8,0.060471995024833046,0.07685119274156957,0.602187028364693
nhl,moneyline,ALL,0.0_to_0.01,3,0,0,3,3,3,1.0,1.609322974472808,0.5364409914909359,-189.0,0.0035059816222509665,0.006926880442988367,0.6542502750229896
nhl,moneyline,ALL,0.1_to_0.2,4,1,0,5,5,5,0.8,2.095386904761905,0.419077380952381,-145.2,0.09591128796289276,0.12723818829487157,0.6286439684440299
nhl,moneyline,ALL,0.2_to_0.5,1,0,0,1,1,1,1.0,0.5586592178770949,0.5586592178770949,-179.0,0.2045355682944818,0.365242086240146,0.772138184804155
