league,market_type,side_group,variable,Win,Loss,Push,Total,bets_excluding_pushes,bets_including_pushes,Win_Pct,units,roi,avg_odds,avg_ev,avg_kelly,avg_win_prob
nhl,moneyline,ALL,-109_to_100,3,1,0,4,4,4,0.75,1.857142857142857,0.46428571428571425,-105.0,0.0934862869241584,0.09840661781490365,0.5607621984226454
nhl,moneyline,ALL,-149_to_-125,1,2,0,3,3,3,0.3333333333333333,-1.2,-0.39999999999999997,-131.66666666666666,0.09303934042356288,0.12242171218020192,0.6211727311731298
nhl,moneyline,ALL,-199_to_-150,4,1,0,5,5,5,0.8,1.4083692562663785,0.2816738512532757,-164.6,0.05926730290622908,0.10315329259555384,0.6590728655246603
nhl,moneyline,ALL,-999_to_-200,3,0,0,3,3,3,1.0,1.3710171568627452,0.4570057189542484,-221.33333333333334,0.020033589078775466,0.04979683453013526,0.7015031130755722
