league,market_type,side_group,variable,Win,Loss,Push,Total,bets_excluding_pushes,bets_including_pushes,Win_Pct,units,roi,avg_odds,avg_ev,avg_kelly,avg_win_prob
nhl,moneyline,ALL,0.01_to_0.02,1,2,0,3,3,3,0.3333333333333333,-1.3006993006993008,-0.4335664335664336,-143.0,0.011152884321535833,0.0161163104501553,0.5942374770319058
nhl,moneyline,ALL,0.02_to_0.05,1,1,0,2,2,2,0.5,-0.2592592592592593,-0.12962962962962965,-135.0,0.0324237094738725,0.043815823613341104,0.5933469594677427
nhl,moneyline,ALL,0.05_to_0.1,3,3,0,6,6,6,0.5,-0.8268398268398269,-0.13780663780663782,-129.83333333333334,0.06376617188157213,0.07811933713819705,0.5941504771556431
nhl,moneyline,ALL,0.0_to_0.01,4,0,0,4,4,4,1.0,2.4093229744728077,0.6023307436182019,-173.0,0.003717634645282325,0.0065553458679839,0.6301811220609056
nhl,moneyline,ALL,0.1_to_0.2,6,3,0,9,9,9,0.6666666666666666,2.047767857142857,0.2275297619047619,-81.22222222222223,0.1096217664963703,0.1274356048587993,0.6012224376484925
nhl,moneyline,ALL,0.2_to_0.5,1,0,0,1,1,1,1.0,0.5586592178770949,0.5586592178770949,-179.0,0.2045355682944818,0.365242086240146,0.772138184804155
