league,market_type,side_group,variable,Win,Loss,Push,Total,bets_excluding_pushes,bets_including_pushes,Win_Pct,units,roi,avg_odds,avg_ev,avg_kelly,avg_win_prob
nhl,moneyline,ALL,-109_to_100,5,3,0,8,8,8,0.625,1.8095238095238093,0.22619047619047616,-79.375,0.10286095521128974,0.10713366826703827,0.5636892154012759
nhl,moneyline,ALL,-149_to_-125,4,4,0,8,8,8,0.5,-0.9599585599585598,-0.11999481999481998,-132.875,0.0461557705328109,0.061138439455455725,0.5966876933227494
nhl,moneyline,ALL,-199_to_-150,4,1,0,5,5,5,0.8,1.4083692562663785,0.2816738512532757,-164.6,0.05926730290622908,0.10315329259555384,0.6590728655246603
nhl,moneyline,ALL,-999_to_-200,3,0,0,3,3,3,1.0,1.3710171568627452,0.4570057189542484,-221.33333333333334,0.020033589078775466,0.04979683453013526,0.7015031130755722
nhl,moneyline,ALL,101_to_125,0,1,0,1,1,1,0.0,-1.0,-1.0,105.0,0.1383340208244523,0.1317466864994785,0.55528488820705
