league,market_type,side_group,variable,Win,Loss,Push,Total,bets_excluding_pushes,bets_including_pushes,Win_Pct,units,roi,avg_odds,avg_ev,avg_kelly,avg_win_prob
nhl,moneyline,ALL,0.01_to_0.02,10,5,0,15,15,15,0.6666666666666666,6.613220113220113,0.4408813408813409,49.53333333333333,0.01830456722278049,0.015449339948552961,0.47561525870325233
nhl,moneyline,ALL,0.02_to_0.05,16,22,0,38,38,38,0.42105263157894735,-1.7744973544973541,-0.04669729880256195,94.21052631578948,0.043699472468321385,0.0332792063703072,0.46058807803505364
nhl,moneyline,ALL,0.05_to_0.1,15,17,0,32,32,32,0.46875,1.1579220779220782,0.036185064935064945,72.65625,0.09375527375484413,0.07488519922026493,0.497758052824885
nhl,moneyline,ALL,0.0_to_0.01,7,7,0,14,14,14,0.5,0.10932297447280825,0.007808783890914875,37.42857142857143,0.006920446808091086,0.005889060307382228,0.48543891715985765
nhl,moneyline,ALL,0.1_to_0.2,14,14,0,28,28,28,0.5,4.397767857142857,0.15706313775510203,107.28571428571429,0.2104912396380789,0.13010290723269222,0.49089777472578683
nhl,moneyline,ALL,0.2_to_0.5,1,1,0,2,2,2,0.5,-0.44134078212290506,-0.22067039106145253,5.5,0.3285021964109778,0.3016917864167766,0.6364947518033661
