league,market_type,side_group,variable,Win,Loss,Push,Total,bets_excluding_pushes,bets_including_pushes,Win_Pct,units,roi,avg_odds,avg_ev,avg_kelly,avg_win_prob
nhl,moneyline,ALL,0.01_to_0.02,1,1,0,2,2,2,0.5,-0.30069930069930073,-0.15034965034965037,-149.5,0.0123890701426203,0.0185377691301895,0.606418217615834
nhl,moneyline,ALL,0.02_to_0.03,1,0,0,1,1,1,1.0,0.7407407407407407,0.7407407407407407,-135.0,0.0280798559095492,0.0379457512291204,0.5908504919020398
nhl,moneyline,ALL,0.03_to_0.04,1,1,0,2,2,2,0.5,-0.35064935064935066,-0.17532467532467533,-144.5,0.03661534553910955,0.0528915080295682,0.612001449286427
nhl,moneyline,ALL,0.04_to_0.05,1,0,0,1,1,1,1.0,0.5714285714285714,0.5714285714285714,-175.0,0.0412978577916907,0.0724523820906855,0.6632470431794208
nhl,moneyline,ALL,0.05_to_0.075,1,1,0,2,2,2,0.5,-0.609375,-0.3046875,-195.5,0.057828011967806556,0.1091270623419033,0.6839998685849995
nhl,moneyline,ALL,0.075_to_0.1,3,3,0,6,6,6,0.5,-0.2952380952380953,-0.04920634920634922,-108.33333333333333,0.0889055664470173,0.09680490337872012,0.5662328470127763
nhl,moneyline,ALL,0.0_to_0.01,4,1,0,5,5,5,0.8,1.409322974472808,0.2818645948945616,-164.4,0.004710210252099239,0.0074989553124045,0.6181200968215343
nhl,moneyline,ALL,0.1_to_999,4,2,0,6,6,6,0.6666666666666666,1.4634211226389997,0.2439035204398333,-53.166666666666664,0.1411463482669694,0.17554091761502236,0.61520660876816
