league,market_type,side_group,variable,Win,Loss,Push,Total,bets_excluding_pushes,bets_including_pushes,Win_Pct,units,roi,avg_odds,avg_ev,avg_kelly,avg_win_prob
nhl,moneyline,ALL,0.01_to_0.02,6,5,0,11,11,11,0.5454545454545454,2.1132201132201134,0.19211091938364666,26.181818181818183,0.014180591155682909,0.013079583788847438,0.47785892867422586
nhl,moneyline,ALL,0.02_to_0.03,10,6,0,16,16,16,0.625,6.300740740740741,0.3937962962962963,84.125,0.02550781920137335,0.021804372057185308,0.466878170815809
nhl,moneyline,ALL,0.03_to_0.04,4,6,0,10,10,10,0.4,-2.10064935064935,-0.210064935064935,64.6,0.035333626733053305,0.034887312140508185,0.505936511274147
nhl,moneyline,ALL,0.04_to_0.05,3,3,0,6,6,6,0.5,-0.523809523809524,-0.08730158730158732,18.5,0.04186915651609049,0.03940698605639848,0.48499103377766656
nhl,moneyline,ALL,0.05_to_0.075,9,8,0,17,17,17,0.5294117647058824,3.4453869047619046,0.20266981792717087,75.76470588235294,0.05925607562699127,0.0526654529740036,0.4787723291726627
nhl,moneyline,ALL,0.075_to_0.1,9,13,0,22,22,22,0.4090909090909091,-3.145238095238095,-0.14296536796536796,66.9090909090909,0.08711890435488137,0.07656698081856177,0.5005685685743986
nhl,moneyline,ALL,0.0_to_0.01,6,6,0,12,12,12,0.5,-1.0906770255271918,-0.09088975212726598,-9.166666666666666,0.005457149888731866,0.005851585401964392,0.517533415330563
nhl,moneyline,ALL,0.1_to_999,16,19,0,35,35,35,0.45714285714285713,5.063421122638999,0.14466917493254283,147.02857142857144,0.21213842239433675,0.12838064057928514,0.4663216062865206
