tree
version=v4
num_class=1
num_tree_per_iteration=1
label_index=0
max_feature_idx=80
objective=regression
feature_names=home_flag role_depth_rank_pregame role_depth_starter_flag_pregame role_injury_out_flag role_injury_doubtful_flag role_injury_questionable_flag role_prior_offense_snap_pct role_snap_pct_roll3 role_snap_pct_roll5 role_snap_pct_ewm5 role_prior_offense_participation role_participation_roll3 role_participation_roll5 role_depth_rank_change role_snap_share_change role_participation_change role_team_change_flag role_games_with_current_team_before_game role_starter_promotion_flag role_starter_demotion_flag role_teammate_out_count_position role_teammate_unavailable_snap_share_position role_role_history_games role_role_missing_flag history_no_nfl_history_flag history_new_team_flag history_history_games player_targets_lag1 player_targets_roll3_mean player_targets_roll5_mean player_targets_roll8_mean player_targets_ewm3 player_targets_ewm5 player_targets_season_to_date player_targets_career_prior player_target_share_lag1 player_target_share_roll3_mean player_target_share_roll5_mean player_target_share_roll8_mean player_target_share_ewm3 player_target_share_ewm5 player_target_share_season_to_date player_target_share_career_prior player_air_yards_share_lag1 player_air_yards_share_roll3_mean player_air_yards_share_roll5_mean player_air_yards_share_ewm5 player_air_yards_share_season_to_date player_red_zone_targets_lag1 player_red_zone_targets_roll3_mean player_red_zone_targets_roll5_mean player_red_zone_targets_ewm5 player_red_zone_targets_season_to_date player_red_zone_target_share_lag1 player_red_zone_target_share_roll3_mean player_red_zone_target_share_roll5_mean player_red_zone_target_share_ewm5 player_red_zone_target_share_season_to_date team_dropbacks_lag1 team_dropbacks_roll3_mean team_dropbacks_roll5_mean team_pass_attempts_roll3_mean team_pass_attempts_roll5_mean team_pass_rate_roll3_mean team_red_zone_pass_attempts_roll3_mean matchup_expected_team_dropbacks matchup_player_target_share_x_opp_targets matchup_pass_rate_vs_opponent environment_divisional_game_flag environment_neutral_site_flag environment_temperature environment_wind environment_international_flag environment_weather_missing_flag environment_travel_missing_flag environment_team_rest_days environment_opponent_rest_days environment_team_miles_traveled environment_opponent_miles_traveled environment_team_time_zones_crossed environment_opponent_time_zones_crossed
feature_infos=[0:1] [1:3] [0:1] none none [0:1] [0:1] [0:1] [0:1] [0:1] [0:1] [0:0.97804706708816302] [0:0.96166777812196069] [-2:2] [-1:0.97999999999999998] [-0.80857142857142861:0.81551116333725027] [0:1] [0:173] [0:1] [0:1] [0:3] [0:1.8900000000000001] [0:178] [0:1] [0:1] [0:1] [0:181] [0:23] [0:17.5] [0:17.5] [0:17.5] [0:17.5] [0:16.666666030883789] [0:21] [0:17.5] [0:0.66666668653488159] [0:0.49048799276351929] [0:0.48571428656578064] [0:0.48571428656578064] [0:0.48571428656578064] [0:0.48571428656578064] [0:0.52173912525177002] [0:0.48571428656578064] [-1.7999999523162842:1.8421052694320679] [-0.60870653390884399:0.98237127065658569] [-0.380952388048172:0.78311848640441895] [-0.6003577709197998:0.86422306299209595] [-0.380952388048172:0.8253968358039856] [0:6] [0:5] [0:5] [0:5] [0:6] [0:1] [0:1] [0:1] [0:1] [0:1] [3:78] [19.333333333333332:59] [22.399999999999999:58] [16.666666666666668:57] [20.800000000000001:56] [0.29338052338052339:0.8125] [0.33333333333333331:13] [25.5:50.833333333333336] [0:13.913594484329224] [-0.35795454545454547:0.42540322580645162] [0:1] [0:1] [1:97] [0:71] [0:1] [0:1] none [4:17] [4:17] [0:2719.8000000000002] [0:2719.8000000000002] [0:3] [0:3]
tree_sizes=2917 3082 3086 3069 3096 3082 3106 3083 3102 3081 3092 3084 3097 3083 3108 3096 3089 3102 3099 3083 3082 3094 3085 3082 3108 3110 3094 3102 3110 3106 3090 3117 3111 3101 3096 3091 3107 3113 3098 3101 3100 3106 3098 3101 3077 3113 3096 3104 3100 3101 3091 3091 3098 3104 3107 3108 3094 3107 3124 3101 3110 3100 3116 3117 3089 3111 3087 3120 3075 3094 3128 3073 3098 3096 3079 3095 3102 3097 3092 3122 3111 3083 3090 3110 3120 3113 3093 3086 3096 3088 3066 3079 3076 3093 3059 3090 3091 3083 3094 3122 3103 3112 3073 3088 3092 3122 3089 3120 3055 3063 3092 3106 3103 3065 3121 3097 3100 3064 3067 3091 3059 3091 3085 3088 3083 3079 3076 3041 3107 3093 3076 3098 3116 3108 3064 3088 3061 3102 3049 3042 3041 3090 3041 3117 3114 3064 3090 3083 3053 3094 3080 3023 3051 3086 3056 3088 3022 3067 3109 3054 3041 3069 3030 3092 3053 3058 3054 3067 2999 3007 3051 3017 3016 3040 3016 3044 3055 3056 3030 3068 3037 3017 3038 3029 3004 3042 3044 3049 3060 3024 3029 3061 3022 2991 3014 3063 3079 3027 3034 3005 3036 3029 3045 2983 3025 3051 3059 3030 3039 3003 3015 3021 3006 3021 3053 3032 3043 3026 3047 3006 3012 3060 3050 3001 3010 3018 3021 3012 3044 3037 3028 3042 3068 3028 3007 2985 3026 3001 3014 3039 3024 3018 3063 3036 3007 3022 3038 3022 3036 3020 2986 3052 2992 3038 3022 3009

Tree=0
num_leaves=31
num_cat=0
split_feature=40 32 38 40 32 38 38 6 6 6 24 6 34 47 6 6 41 42 34 6 38 66 6 34 42 6 41 42 6 46
split_gain=222.295 40.8931 23.137 6.08411 5.22613 3.67093 2.96843 2.27842 1.56075 1.5129 1.28664 1.06025 0.977203 0.625286 0.620229 0.609657 0.590667 0.589949 0.572428 0.501421 0.499837 0.442204 0.425716 0.409892 0.363702 0.341513 0.317135 0.29352 0.290304 0.268474
threshold=0.14031000435352328 2.1277618408203129 0.20833733677864077 0.10000093653798105 0.94465801119804393 0.25198009610176092 0.15990247577428821 0.64500000000000013 0.46500000000000002 0.30500000000000005 1.0000000180025095e-35 0.76500000000000012 7.2678608894348153 0.0847664810717106 0.34500000000000003 0.055000000000000007 0.22816115617752078 0.18174360692501071 4.2969522476196298 0.21500000000000002 0.279488354921341 0.65203792601823818 0.085000000000000006 4.8755953311920175 0.062284534797072418 0.78500000000000014 0.10375023260712625 0.10403315350413324 0.66500000000000015 0.064989525824785246
decision_type=10 10 10 8 8 10 10 10 10 10 2 8 10 10 8 8 10 10 10 8 10 8 8 10 8 10 10 10 8 10
left_child=1 4 6 8 15 16 13 10 19 22 14 23 -7 -2 -5 -1 -4 -13 29 -3 -14 -11 -6 -8 -24 -10 -16 -21 -15 -9
right_child=2 3 5 7 9 12 11 18 25 21 -12 17 20 28 26 -17 -18 -19 -20 27 -22 -23 24 -25 -26 -27 -28 -29 -30 -31
leaf_value=0.10016548500801248 0.10352215711935858 0.10147651101395608 0.10595237150122529 0.10242774358790704 0.10067664108149685 0.10682294951297605 0.10412489082084637 0.10308959036898278 0.10252151874774372 0.10145979193947632 0.10144468080441983 0.10511475192962214 0.10742235999797578 0.10385559396111735 0.10280680253994032 0.10062139804783579 0.10666890371227092 0.10585113439237517 0.1042653338231203 0.10197172928111661 0.10829717726104121 0.10198868966895448 0.10104600408778709 0.10491050363521101 0.10153628590485496 0.10320517426456773 0.10335404471859519 0.102620533171282 0.10451854227912946 0.10374403779323757
leaf_weight=4218 1221 1715 2246 1277 1987 1008 886 853 3900 3350 516 2353 1004 830 1401 7055 1921 1677 1483 3844 1418 2473 5231 1837 1841 791 2981 750 2095 1666
leaf_count=4218 1221 1715 2246 1277 1987 1008 886 853 3900 3350 516 2353 1004 830 1401 7055 1921 1677 1483 3844 1418 2473 5231 1837 1841 791 2981 750 2095 1666
internal_value=0.102821 0.101732 0.10561 0.102711 0.100938 0.106881 0.104724 0.10324 0.102222 0.101307 0.102879 0.105112 0.107608 0.104092 0.10301 0.100451 0.106283 0.105421 0.103798 0.101914 0.107935 0.101684 0.101065 0.104655 0.101174 0.102637 0.103179 0.102078 0.10433 0.103522
internal_weight=65828 47332 18496 21177 26155 7597 10899 10177 11000 14882 6175 6753 3430 4146 5659 11273 4167 4030 4002 6309 2422 5823 9059 2723 7072 4691 4382 4594 2925 2519
internal_count=65828 47332 18496 21177 26155 7597 10899 10177 11000 14882 6175 6753 3430 4146 5659 11273 4167 4030 4002 6309 2422 5823 9059 2723 7072 4691 4382 4594 2925 2519
is_linear=0
shrinkage=1


Tree=1
num_leaves=31
num_cat=0
split_feature=40 32 38 40 32 38 38 6 6 6 24 34 6 47 6 42 34 38 6 41 6 66 6 42 6 42 1 6 42 9
split_gain=209.158 38.4763 21.7696 5.72454 4.91813 3.46018 2.8008 2.14376 1.46953 1.46851 1.2106 0.972474 0.926075 0.718127 0.583574 0.54665 0.53916 0.535284 0.518251 0.489018 0.471787 0.433035 0.417916 0.352149 0.32133 0.306631 0.306116 0.298486 0.276173 0.2571
threshold=0.14031000435352328 2.1277618408203129 0.20833733677864077 0.10000093653798105 0.89593243598937999 0.24883741885423663 0.16430998593568805 0.64500000000000013 0.30500000000000005 0.46500000000000002 1.0000000180025095e-35 7.2678608894348153 0.68500000000000016 0.0847664810717106 0.34500000000000003 0.18723422288894656 4.2684748172760019 0.279488354921341 0.13500000000000004 0.21662530303001407 0.21500000000000002 0.56948413699865352 0.075000000000000025 0.062284534797072418 0.78500000000000014 0.13841874897480014 1.5000000000000002 0.66500000000000015 0.10403315350413324 0.75407098160860375
decision_type=10 10 10 8 8 10 10 10 10 10 2 10 8 10 8 10 10 10 10 10 8 8 8 8 10 10 8 8 10 10
left_child=1 4 6 9 18 19 13 10 22 20 14 -7 26 -2 -5 -14 -9 -13 -1 -4 -3 -10 -6 -24 -11 -16 -8 -15 -22 -21
right_child=2 3 5 7 8 11 12 16 21 24 -12 17 15 27 25 -17 -18 -19 -20 29 28 -23 23 -25 -26 -27 -28 -29 -30 -31
leaf_value=-0.0024659088705776249 0.00071618070848051597 -0.0013044438137735292 0.0028766622067377457 -0.0003817481887776141 -0.0021169657582207958 0.0038636601026006061 0.0018934820280677325 0.00067520988228712494 -0.0013485374760695142 -0.00029078627458002302 -0.0013353191001603359 0.004437204332672375 0.0022311169753452325 0.0010839487869726838 0.00022691374552460009 0.0029086752697361196 0.0013930345676702815 0.0053116024798091199 -0.0020249703866367643 0.0030600090548267354 -0.00082408207860098668 -0.00083489343613485487 -0.0017355715056269509 -0.0012652761878958645 0.00037235957598263654 0.00087126841856290116 0.00094720432697477331 0.0017086609282249041 -0.00019474229605519211 0.0037537891308965015
leaf_weight=7167 1358 1715 1433 1277 1870 1123 1143 2486 3226 3900 516 1134 2868 959 3565 1711 1516 1418 3606 651 3844 2725 5640 1921 791 817 421 2439 750 1838
leaf_count=7167 1358 1715 1433 1277 1870 1123 1143 2486 3226 3900 516 1134 2868 959 3565 1711 1516 1418 3606 651 3844 2725 5640 1921 791 817 421 2439 750 1838
internal_value=-3.46179e-12 -0.0010571 0.00270515 -0.000106522 -0.00182675 0.00393791 0.00184587 0.000406276 -0.00148247 -0.000580953 5.57501e-05 0.00459933 0.00226902 0.00129931 0.000182591 0.0024843 0.000947129 0.00492306 -0.00231832 0.00331815 -0.000879846 -0.00111334 -0.0017154 -0.00161609 -0.000178966 0.00034705 0.00163876 0.00153235 -0.000721338 0.00357233
internal_weight=65828 47332 18496 21177 26155 7597 10899 10177 15382 11000 6175 3675 6143 4756 5659 4579 4002 2552 10773 3922 6309 5951 9431 7561 4691 4382 1564 3398 4594 2489
internal_count=65828 47332 18496 21177 26155 7597 10899 10177 15382 11000 6175 3675 6143 4756 5659 4579 4002 2552 10773 3922 6309 5951 9431 7561 4691 4382 1564 3398 4594 2489
is_linear=0
shrinkage=0.03


Tree=2
num_leaves=31
num_cat=0
split_feature=40 32 38 32 40 38 38 6 6 6 24 6 34 6 47 6 42 38 42 6 41 6 66 34 34 34 42 6 40 9
split_gain=196.796 36.2078 20.483 5.01542 4.98596 3.25569 2.64343 1.99233 1.42161 1.30271 1.14854 0.961875 0.915001 0.604982 0.5522 0.541003 0.513479 0.503649 0.475074 0.468715 0.460118 0.426144 0.405351 0.404384 0.359323 0.321213 0.316664 0.257458 0.243628 0.241906
threshold=0.14031000435352328 2.204599261283875 0.20833733677864077 0.9960772991180421 0.10000093653798105 0.24883741885423663 0.15990247577428821 0.64500000000000013 0.33500000000000008 0.36500000000000005 1.0000000180025095e-35 0.79500000000000015 7.2678608894348153 0.055000000000000007 0.0847664810717106 0.24500000000000002 0.11616795137524606 0.279488354921341 0.18903479725122455 0.63500000000000012 0.21662530303001407 0.19500000000000003 0.77083332836627971 5.5865817070007333 4.0672316551208505 3.6272847652435307 0.062284534797072418 0.66500000000000015 0.19415349513292315 0.75407098160860375
decision_type=10 10 8 8 8 10 10 10 10 8 2 8 10 8 10 8 8 10 10 10 10 8 8 10 10 10 8 8 10 10
left_child=1 3 6 13 9 20 14 10 21 -3 15 23 -7 -1 -2 -6 -9 -14 -13 25 -4 -5 -10 28 -17 -11 -23 -16 -8 -22
right_child=2 4 5 8 7 12 11 16 22 19 -12 18 17 -15 27 24 -18 -19 -20 -21 29 26 -24 -25 -26 -27 -28 -29 -30 -31
leaf_value=-0.0024969211763887214 0.00065834753812567736 -0.0010133511193814958 0.0027903623082197403 -0.0018123090391085699 -0.00062777995441638682 0.0037477502883557588 0.0012443365075085581 0.0005900474350997195 -0.0012095919452984618 -0.00061068260120665996 -0.0012952595058270035 0.0022436066500695021 0.0043040882869597764 -0.0020499965889700386 0.00097074820499668034 7.4213277717463097e-05 0.0012700969503585886 0.0051522545178615577 0.0029707155382422469 7.7715434023344592e-05 0.0029682087689323765 -0.0015692263660045836 -0.00067850053583579822 0.0021320913596349898 0.00059077775424192555 -5.0106717768777497e-05 -0.0010557462630956388 0.0015950667325427827 0.002086989361286228 0.0036411754782680245
leaf_weight=4287 1221 3458 1433 4611 654 1123 1251 2063 3204 3492 516 2365 1134 7486 830 2902 1938 1418 1229 2074 651 3604 2169 1498 2081 1249 1544 2095 410 1838
leaf_count=4287 1221 3458 1433 4611 654 1123 1251 2063 3204 3492 516 2365 1134 7486 830 2902 1938 1418 1229 2074 651 3604 2169 1498 2081 1249 1544 2095 410 1838
internal_value=4.97906e-13 -0.00102538 0.00262399 -0.00174837 -7.31142e-05 0.00381977 0.00179049 0.000398323 -0.00138708 -0.00053909 5.94594e-05 0.00215657 0.00446135 -0.00221274 0.00119422 0.000183468 0.000919449 0.00477537 0.00249225 -0.000298445 0.00321861 -0.00160284 -0.000995198 0.00177468 0.000289941 -0.000463001 -0.00141522 0.00141791 0.00145234 0.00346516
internal_weight=65828 47332 18496 26905 20427 7597 10899 10154 15132 10273 6153 6753 3675 11773 4146 5637 4001 2552 3594 6815 3922 9759 5373 3159 4983 4741 5148 2925 1661 2489
internal_count=65828 47332 18496 26905 20427 7597 10899 10154 15132 10273 6153 6753 3675 11773 4146 5637 4001 2552 3594 6815 3922 9759 5373 3159 4983 4741 5148 2925 1661 2489
is_linear=0
shrinkage=0.03


Tree=3
num_leaves=31
num_cat=0
split_feature=38 32 38 6 32 38 38 40 6 40 6 26 34 6 41 6 6 6 6 66 6 41 34 42 34 38 1 66 66 34
split_gain=185.214 34.2892 19.1149 5.12542 4.35869 3.101 2.20418 1.90559 1.29728 1.23574 1.15083 0.852939 0.72752 0.71918 0.553316 0.550356 0.478316 0.474051 0.381968 0.376714 0.36845 0.358742 0.324108 0.31694 0.297894 0.296787 0.290583 0.283684 0.281298 0.278161
threshold=0.13998556137084964 2.1277618408203129 0.2171808332204819 0.49500000000000005 0.89593243598937999 0.17936539649963382 0.25517386198043829 0.10000093653798105 0.29500000000000004 0.10000093653798105 0.58500000000000008 1.5000000000000002 7.6677703857421884 0.78500000000000014 0.15607480704784396 0.78500000000000014 0.21500000000000002 0.03500000000000001 0.23500000000000001 0.56948413699865352 0.075000000000000025 0.20296251773834231 6.8900966644287118 0.062284534797072418 2.9631887674331669 0.279488354921341 1.5000000000000002 1.0890495926141741 3.5195227414369588 4.0672316551208505
decision_type=10 10 10 10 8 10 10 8 10 10 8 2 10 8 10 10 8 8 8 8 8 10 10 8 10 10 10 8 8 10
left_child=1 4 5 9 17 10 22 -5 20 16 -2 -11 -8 26 -12 24 -3 -1 -13 -10 -6 -15 -4 -22 -9 -14 28 -17 -7 -20
right_child=2 3 6 7 8 13 12 15 19 11 14 18 25 21 -16 27 -18 -19 29 -21 23 -23 -24 -25 -26 -27 -28 -29 -30 -31
leaf_value=-0.0024728702857200685 0.00072875926623024092 -0.001238865420407285 0.003001307809829816 -0.00013234955533565678 -0.001997158639063495 0.0016168863288626432 0.0038191297214227086 8.9485789753676438e-05 -0.0012740417540614815 -0.0012142451885211721 0.0013143991839294363 -0.00069587920530637221 0.0042621998222672234 0.002446997587992974 0.0019318735130985608 0.00042984379318421868 -0.00065970819669396272 -0.0020459145015232719 -4.8698415322323164e-05 -0.00080416054907505121 -0.0016400462880049134 0.0031285959003920939 0.0035862067430126104 -0.0011857558971790916 0.0006478567839632958 0.0050264618826237903 0.0010793131419716548 0.0012670189920436395 0.0024265706431718125 0.00057055512630616197
leaf_weight=3437 1655 1716 1586 4169 1870 639 1176 1181 3363 557 2505 511 704 1927 2729 466 5091 7336 1639 2826 5474 1087 1844 1849 3163 1305 293 1669 976 1085
leaf_count=3437 1655 1716 1586 4169 1870 639 1176 1181 3363 557 2505 511 704 1927 2729 466 5091 7336 1639 2826 5474 1087 1844 1849 3163 1305 293 1669 976 1085
internal_value=-3.71648e-12 -0.000992134 0.00255232 -9.6913e-05 -0.00171937 0.0018292 0.00384346 0.000367961 -0.00139526 -0.000563936 0.00141831 -0.00012993 0.00441175 0.00240429 0.00163635 0.000689893 -0.00080571 -0.00218213 5.6767e-05 -0.00105949 -0.00162132 0.00269282 0.00331575 -0.00152534 0.000496053 0.00475865 0.00194851 0.00108429 0.00210621 0.000197957
internal_weight=65828 47402 18426 21247 26155 11811 6615 10648 15382 10599 6889 3792 3185 4922 5234 6479 6807 10773 3235 6189 9193 3014 3430 7323 4344 2009 1908 2135 1615 2724
internal_count=65828 47402 18426 21247 26155 11811 6615 10648 15382 10599 6889 3792 3185 4922 5234 6479 6807 10773 3235 6189 9193 3014 3430 7323 4344 2009 1908 2135 1615 2724
is_linear=0
shrinkage=0.03


Tree=4
num_leaves=31
num_cat=0
split_feature=40 32 38 32 6 38 38 40 6 30 24 34 47 6 6 6 6 6 38 41 42 42 6 42 42 24 47 47 30 6
split_gain=174.415 32.0231 18.1077 4.44874 4.41875 2.8921 2.3401 1.85532 1.30905 1.14715 0.997726 0.817343 0.691544 0.648694 0.633297 0.50537 0.490259 0.459131 0.443601 0.424968 0.423377 0.392191 0.381529 0.375617 0.297272 0.302439 0.289416 0.283913 0.256983 0.246972
threshold=0.14031000435352328 2.204599261283875 0.20833733677864077 0.94465801119804393 0.62500000000000011 0.24883741885423663 0.17148444801568988 0.10000093653798105 0.39500000000000007 3.5357142686843877 1.0000000180025095e-35 7.2678608894348153 0.047814264893531806 0.30500000000000005 0.58500000000000008 0.13500000000000004 0.19500000000000003 0.34500000000000003 0.279488354921341 0.22816115617752078 0.18903479725122455 0.11616795137524606 0.66500000000000015 0.062284534797072418 0.084650713950395598 1.0000000180025095e-35 0.047814264893531806 0.16042833775281909 3.9375000000000004 0.7350000000000001
decision_type=10 10 10 8 10 10 10 10 10 10 2 10 10 8 8 10 8 8 10 10 10 8 8 8 10 2 10 10 10 10
left_child=1 3 6 15 7 19 12 13 16 27 17 -7 -2 -3 -8 -1 -5 -9 -13 29 -16 -11 -14 -18 -15 -26 -10 -6 -19 -4
right_child=2 4 5 8 9 11 14 10 26 21 -12 18 22 24 20 -17 23 28 -20 -21 -22 -23 -24 -25 25 -27 -28 -29 -30 -31
leaf_value=-0.0022454538775945757 0.00067410512506083347 -0.0010523696080632554 0.0022895849048911762 -0.0017154018513426321 3.7933994928442351e-05 0.0035248408972432168 0.0012785292652729924 -0.00034004544392286334 -0.0010185875192643128 0.00059783581212844957 -0.001219974366654982 0.0040537789477355394 0.0010224624248859732 -0.00066484897979318235 0.0020525251215970327 -0.0018230548725677973 -0.0014630905983314931 7.2430832318095721e-05 0.0048497794049623321 0.0033824268099266835 0.0026555415707569282 0.0012402332512882819 0.0016291515091092664 -0.00096340389533424928 -0.00013605472842242728 -0.0016652017658031204 -0.00045970485323368202 0.00088826692237917615 0.00055194405915669708 0.002970151555248208
leaf_weight=7378 1316 2618 705 4824 2640 1123 638 1250 3136 1559 516 1134 1309 3220 2660 3895 4621 1963 1418 1714 1729 1895 3247 1915 2172 123 1136 408 2063 1503
leaf_count=7378 1316 2618 705 4824 2640 1123 638 1250 3136 1559 516 1134 1309 3220 2660 3895 4621 1963 1418 1714 1729 1895 3247 1915 2172 123 1136 408 2063 1503
internal_value=2.55103e-12 -0.000965317 0.00247028 -0.00164524 -6.97676e-05 0.0035946 0.0016866 -0.000371272 -0.00131765 0.00057595 3.90675e-05 0.00419928 0.00127987 -0.0006635 0.0021617 -0.00209951 -0.001486 0.000162203 0.00449607 0.00302799 0.00229008 0.00095028 0.00145484 -0.00131669 -0.000478902 -0.000218009 -0.000869971 0.000151758 0.000318143 0.00275285
internal_weight=65828 47332 18496 26905 20427 7597 10899 13925 15632 6502 5792 3675 5872 8133 5027 11273 11360 5276 2552 3922 4389 3454 4556 6536 5515 2295 4272 3048 4026 2208
internal_count=65828 47332 18496 26905 20427 7597 10899 13925 15632 6502 5792 3675 5872 8133 5027 11273 11360 5276 2552 3922 4389 3454 4556 6536 5515 2295 4272 3048 4026 2208
is_linear=0
shrinkage=0.03


Tree=5
num_leaves=31
num_cat=0
split_feature=38 32 38 6 32 40 38 40 6 38 6 26 34 42 9 6 47 6 40 6 40 6 33 34 34 6 42 34 38 40
split_gain=164.176 30.3247 16.8981 4.54385 3.8612 2.74474 1.95108 1.68844 1.16426 1.11717 1.00638 0.703535 0.653794 0.569655 0.568584 0.548655 0.504384 0.432719 0.431284 0.419064 0.394052 0.36404 0.331461 0.306509 0.273815 0.259592 0.253253 0.237034 0.232432 0.219936
threshold=0.13998556137084964 2.1277618408203129 0.2171808332204819 0.49500000000000005 0.89593243598937999 0.17857313156127932 0.25517386198043829 0.10000093653798105 0.22500000000000003 0.10075689852237703 0.62500000000000011 1.5000000000000002 8.0966324806213397 0.185321219265461 0.62936880042713661 0.39500000000000007 0.10326375067234041 0.03500000000000001 0.052026391029357917 0.21500000000000002 0.20350662618875506 0.66500000000000015 3.5590277910232548 6.0607907772064218 5.3349359035491952 0.80500000000000016 0.064395360648632063 5.3893597126007089 0.15419004857540133 0.23902107775211337
decision_type=10 10 10 10 8 10 10 8 10 10 8 2 10 10 8 8 10 8 10 8 10 10 8 10 10 10 8 10 10 10
left_child=1 4 5 9 17 10 23 25 26 19 22 -11 -8 28 -7 -13 -9 -1 -10 -3 27 -18 -2 -4 -24 -5 -6 -16 -12 -25
right_child=2 3 6 7 8 14 12 16 18 11 13 15 -14 -15 20 -17 21 -19 -20 -21 -22 -23 24 29 -26 -27 -28 -29 -30 -31
leaf_value=-0.0023313205202685349 -0.00021897354137475321 -0.0012097625407457792 0.0026067006339545013 -0.00022802203794919913 -0.001680434447964841 0.0013364269824945217 0.0037029057255959048 0.00037565931706416125 -0.001243926964931601 -0.001140513207366992 0.0011258008338101983 -0.00036362233491965166 0.0045633427063228862 0.0022859769875003956 0.0017506173506709141 0.00037936433592115502 0.00048189508970804192 -0.0019234022877079599 -0.00079452130820316922 -0.00064302994772156891 0.0026681531651250325 0.0011371177710990475 0.00064710144109698649 0.0030365504217526092 0.0014214159581154731 0.00042089057624324511 -0.0012669224935228781 0.0023368614400655213 0.0016068867977859049 0.0035901250411778151
leaf_weight=3437 265 1542 801 3510 5677 557 1524 3141 4722 555 1518 1791 1661 818 1017 1787 1181 7336 3241 4924 1999 2157 1179 1487 631 659 1742 1593 2234 1142
leaf_count=3437 265 1542 801 3510 5677 557 1524 3141 4722 555 1518 1791 1661 818 1017 1787 1181 7336 3241 4924 1999 2157 1179 1487 631 659 1742 1593 2234 1142
internal_value=4.15606e-12 -0.000934089 0.002403 -9.22109e-05 -0.00161799 0.0017231 0.00361696 0.000345496 -0.00131294 -0.000531941 0.00131986 -0.000146699 0.00415163 0.00156864 0.00224178 7.45569e-06 0.00064853 -0.00205354 -0.00106102 -0.000778183 0.00235119 0.000905297 0.000771961 0.00312048 0.000917042 -0.000125447 -0.00158334 0.00210843 0.00141225 0.00327702
internal_weight=65828 47402 18426 21247 26155 11811 6615 10648 15382 10599 6645 4133 3185 4570 5166 3578 6479 10773 7963 6466 4609 3338 2075 3430 1810 4169 7419 2610 3752 2629
internal_count=65828 47402 18426 21247 26155 11811 6615 10648 15382 10599 6645 4133 3185 4570 5166 3578 6479 10773 7963 6466 4609 3338 2075 3430 1810 4169 7419 2610 3752 2629
is_linear=0
shrinkage=0.03


Tree=6
num_leaves=31
num_cat=0
split_feature=40 32 38 40 32 38 38 6 6 6 24 6 34 47 6 34 6 38 42 41 42 6 34 41 6 66 42 6 40 46
split_gain=154.561 28.3293 16.0185 4.22074 3.64304 2.5642 2.09113 1.61479 1.16236 1.10565 0.889252 0.799203 0.737433 0.464817 0.453928 0.439558 0.41317 0.406979 0.395185 0.386742 0.381127 0.362758 0.348957 0.320321 0.315938 0.309688 0.303739 0.264032 0.239829 0.230672
threshold=0.14031000435352328 2.1277618408203129 0.20833733677864077 0.10000093653798105 0.85468485951423656 0.24883741885423663 0.15990247577428821 0.64500000000000013 0.36500000000000005 0.46500000000000002 1.0000000180025095e-35 0.79500000000000015 7.2678608894348153 0.076795708388090148 0.24500000000000002 4.2969522476196298 0.085000000000000006 0.279488354921341 0.18903479725122455 0.21662530303001407 0.10403315350413324 0.055000000000000007 4.0956959724426278 0.11292070895433427 0.21500000000000002 0.77083332836627971 0.062284534797072418 0.80500000000000016 0.20350662618875506 0.064989525824785246
decision_type=10 10 10 8 8 10 10 10 10 10 2 8 10 10 8 10 8 10 10 10 10 10 10 10 8 8 8 10 10 10
left_child=1 4 6 9 21 19 13 10 16 20 14 22 -7 -2 -5 29 -6 -14 -13 -4 24 -1 -8 -16 -3 -10 -18 -11 -24 -9
right_child=2 3 5 7 8 12 11 15 25 27 -12 18 17 -15 23 -17 26 -19 -20 -21 -22 -23 28 -25 -26 -27 -28 -29 -30 -31
leaf_value=-0.0021946565312349442 0.00054958454835661878 -0.0012331902411299403 0.0024567596166852352 -0.00058644169882952196 -0.0018165579345187201 0.0033116492420498808 0.00082184808530175299 0.00017422467732001182 -0.0010817797472038502 -0.00024286414696979305 -0.0011491887003792127 0.0019931459479849622 0.0038105386710850764 0.0012564661031137069 -9.2959169565427358e-06 0.0012264341291146588 -0.0014605985855268562 0.0045729743073275424 0.0026563073472697491 0.0030754173334199696 -0.0002186646112226564 -0.0018378474596261454 0.0015662881332360083 0.00047243256738751079 -0.00071696772120039519 -0.00058140509449912728 -0.0010574488154845728 0.00040361543024245268 0.0023046791649539954 0.00078085049288904201
leaf_weight=4938 1164 1477 1433 662 2224 1123 481 853 2874 4029 516 2365 1134 2982 2312 1483 6724 1418 1229 2489 988 5335 2195 2685 3844 1817 2243 662 483 1666
leaf_count=4938 1164 1477 1433 662 2224 1123 481 853 2874 4029 516 2365 1134 2982 2312 1483 6724 1418 1229 2489 988 5335 2195 2685 3844 1817 2243 662 483 1666
internal_value=-1.01827e-12 -0.000908713 0.00232543 -9.30584e-05 -0.00156913 0.0033829 0.00158834 0.000347263 -0.00128437 -0.000500436 4.30419e-05 0.00191394 0.00395227 0.00105801 0.000151752 0.00081667 -0.00145054 0.00423418 0.00221992 0.00284938 -0.000759785 -0.00200936 0.00156583 0.000249548 -0.00086026 -0.000887966 -0.00135975 -0.000151632 0.00169946 0.000575431
internal_weight=65828 47332 18496 21177 26155 7597 10899 10177 15882 11000 6175 6753 3675 4146 5659 4002 11191 2552 3594 3922 6309 10273 3159 4997 5321 4691 8967 4691 2678 2519
internal_count=65828 47332 18496 21177 26155 7597 10899 10177 15882 11000 6175 6753 3675 4146 5659 4002 11191 2552 3594 3922 6309 10273 3159 4997 5321 4691 8967 4691 2678 2519
is_linear=0
shrinkage=0.03


Tree=7
num_leaves=31
num_cat=0
split_feature=38 32 38 6 32 38 38 32 6 6 6 38 6 24 41 40 41 6 34 34 41 6 42 41 1 66 41 46 66 5
split_gain=145.502 26.8245 14.9409 3.74958 3.71651 2.44451 1.74393 1.44595 1.10456 0.948492 0.927827 0.66078 0.60513 0.573099 0.508929 0.489008 0.463841 0.457331 0.430914 0.42817 0.347684 0.344574 0.341997 0.310814 0.257956 0.25363 0.253603 0.243587 0.24253 0.224616
threshold=0.13998556137084964 2.204599261283875 0.2171808332204819 0.49500000000000005 0.9960772991180421 0.17936539649963382 0.27029716968536383 4.0000319480896005 0.43500000000000005 0.30500000000000005 0.58500000000000008 0.099887259304523482 0.78500000000000014 1.0000000180025095e-35 0.10678890720009805 0.013754127081483604 0.15607480704784396 0.19500000000000003 7.2678608894348153 6.0607907772064218 0.2500103116035462 0.78500000000000014 0.062960371375083937 0.20296251773834231 1.5000000000000002 3.5195227414369588 0.071716856211423888 0.16243175417184832 1.0532078146934511 1.0000000180025095e-35
decision_type=10 10 10 10 8 10 10 10 10 8 8 10 8 2 10 10 10 8 10 10 10 10 8 10 10 8 8 10 8 2
left_child=1 4 5 9 15 10 19 14 17 -3 26 -11 24 -13 28 -1 27 -6 -8 -4 -21 -9 -19 -14 25 -7 -2 -12 -5 -20
right_child=2 3 6 7 8 12 18 21 -10 11 16 13 23 -15 -16 -17 -18 22 29 20 -22 -23 -24 -25 -26 -27 -28 -29 -30 -31
leaf_value=-0.0020907548507592116 -0.0010537736056109056 -0.00086836659036583985 0.0024909357842087324 -0.00037100765712111498 -0.001562341809682416 0.0013993669659945404 0.0032868005052101154 0.00056779498703992814 -0.00071667001878032352 -0.00053749164520871672 0.00083668050772508433 0.00022982661954924384 0.0021693526793153998 -0.0010251201277249491 0.00044796329361385822 -0.0017039505802566828 0.0017244417121999409 -0.0013138341615042681 0.0044100040320795416 0.0029978140251846574 0.0036319262720884123 0.0011408861108250015 -0.00085811546652340032 0.0028037886500906707 0.00089647274792358064 0.0021682000866436379 0.00072041420691871573 0.0014305347656080251 7.7659386895951606e-05 0.0031357250099891742
leaf_weight=6028 76 3569 939 1996 4611 639 470 2563 3417 3513 1145 2586 1927 375 2026 5745 2729 4997 1600 2293 1178 1495 2107 1087 293 976 1579 1360 2374 135
leaf_count=6028 76 3569 939 1996 4611 639 470 2563 3417 3513 1145 2586 1927 375 2026 5745 2729 4997 1600 2293 1178 1495 2107 1087 293 976 1579 1360 2374 135
internal_value=-1.20688e-12 -0.000879363 0.00226221 -6.17265e-05 -0.00150226 0.0016229 0.00340371 0.000335976 -0.00119126 -0.000475704 0.00125809 -0.000259236 0.0021335 7.08921e-05 5.49415e-05 -0.001902 0.00145386 -0.00132968 0.00409257 0.00305927 0.00321302 0.000778926 -0.00117867 0.00239816 0.00171542 0.001864 0.000638941 0.00115909 -0.00012727 0.00431085
internal_weight=65828 47402 18426 20497 26905 11811 6615 10454 15132 10043 6889 6474 4922 2961 6396 11773 5234 11715 2205 4410 3471 4058 7104 3014 1908 1615 1655 2505 4370 1735
internal_count=65828 47402 18426 20497 26905 11811 6615 10454 15132 10043 6889 6474 4922 2961 6396 11773 5234 11715 2205 4410 3471 4058 7104 3014 1908 1615 1655 2505 4370 1735
is_linear=0
shrinkage=0.03


Tree=8
num_leaves=31
num_cat=0
split_feature=40 32 38 40 32 38 38 6 6 6 24 6 34 47 42 34 6 42 41 6 34 6 6 34 42 42 47 6 6 46
split_gain=136.941 25.0683 14.169 3.76763 3.23173 2.28434 1.85202 1.44221 1.04371 0.983712 0.792757 0.713596 0.65857 0.426477 0.41903 0.400853 0.399992 0.361956 0.357099 0.343299 0.329073 0.304937 0.299267 0.296239 0.286307 0.260995 0.246648 0.223776 0.219509 0.212881
threshold=0.14031000435352328 2.1277618408203129 0.20833733677864077 0.10000093653798105 0.85468485951423656 0.24883741885423663 0.15990247577428821 0.64500000000000013 0.21500000000000002 0.39500000000000007 1.0000000180025095e-35 0.79500000000000015 7.6677703857421884 0.076795708388090148 0.047619419172406204 4.2969522476196298 0.24500000000000002 0.18903479725122455 0.22816115617752078 0.20500000000000004 5.5865817070007333 0.8650000000000001 0.78500000000000014 4.1503424644470224 0.10403315350413324 0.075002010911703124 0.011885712854564192 0.7350000000000001 0.21500000000000002 0.064989525824785246
decision_type=10 10 10 8 8 10 10 10 10 10 2 8 10 10 10 10 8 10 10 10 10 8 10 10 10 10 8 10 8 10
left_child=1 4 6 9 19 18 13 10 26 24 16 20 -7 -2 -10 29 -5 -13 27 -1 -8 -14 25 -18 28 -11 -6 -4 -3 -9
right_child=2 3 5 7 8 12 11 15 14 22 -12 17 21 -15 -16 -17 23 -19 -20 -21 -22 -23 -24 -25 -26 -27 -28 -29 -30 -31
leaf_value=-0.0019808684816190409 0.00050954474341995376 -0.0011682219410539948 0.0019866681348314468 -0.00054987424995982844 -0.0016616474881452528 0.0032270157520274292 0.0011823473315251524 0.00015575739464508031 -0.0012040302360579003 -0.00053053379293560186 -0.0010852535152842096 0.0018741586049184373 0.0035591018659245992 0.001186645617667792 -0.00077982523941232324 0.0011628624038683764 5.0558503851698719e-05 0.0025088265950796176 0.00300476077250965 -0.0015557137885812745 0.0017955467199011355 0.0043015038237249753 0.00033710843038887208 0.00052434809981695039 -0.00026235097725936833 -9.5935361033542006e-05 -0.0013142025755261569 0.0026344872700348946 -0.00071825331261277743 0.00073851969430254653
leaf_weight=8107 1164 1477 705 662 3274 1463 1661 853 3955 2253 516 2365 757 2982 4458 1483 3053 1229 1714 2166 1498 1455 791 1944 828 2776 4195 1503 2875 1666
leaf_count=8107 1164 1477 705 662 3274 1463 1661 853 3955 2253 516 2365 757 2982 4458 1483 3053 1229 1714 2166 1498 1455 791 1944 828 2776 4195 1503 2875 1666
internal_value=-4.44155e-12 -0.000855351 0.00218888 -8.8076e-05 -0.00147659 0.00318342 0.00149564 0.000327939 -0.00120839 -0.000472966 4.0434e-05 0.00180206 0.00372083 0.000996548 -0.000979246 0.000771554 0.000143077 0.00209119 0.00267986 -0.00189123 0.00147313 0.00404744 -0.000205319 0.000234878 -0.000773681 -0.000290636 -0.0014665 0.00242764 -0.000870966 0.000541181
internal_weight=65828 47332 18496 21177 26155 7597 10899 10177 15882 11000 6175 6753 3675 4146 8413 4002 5659 3594 3922 10273 3159 2212 5820 4997 5180 5029 7469 2208 4352 2519
internal_count=65828 47332 18496 21177 26155 7597 10899 10177 15882 11000 6175 6753 3675 4146 8413 4002 5659 3594 3922 10273 3159 2212 5820 4997 5180 5029 7469 2208 4352 2519
is_linear=0
shrinkage=0.03


Tree=9
num_leaves=31
num_cat=0
split_feature=38 32 40 32 6 42 38 41 6 6 6 34 38 41 1 6 42 6 46 6 38 33 41 6 66 40 30 32 45 66
split_gain=128.95 23.7447 13.2434 3.5545 3.1635 2.04097 2.01489 1.20096 1.08957 0.924306 0.852373 0.619284 0.57079 0.532733 0.519755 0.44944 0.437796 0.413934 0.3616 0.358793 0.344744 0.312846 0.276587 0.267035 0.258265 0.237806 0.232731 0.223961 0.222771 0.217246
threshold=0.13998556137084964 2.2811323404312138 0.2118552848696709 0.9960772991180421 0.50500000000000012 0.18367512524127963 0.24883741885423663 0.10678890720009805 0.43500000000000005 0.57500000000000007 0.30500000000000005 7.2678608894348153 0.099887259304523482 0.15607480704784396 2.5000000000000004 0.20500000000000004 0.062284534797072418 0.76500000000000012 0.10665311291813852 0.78500000000000014 0.279488354921341 5.3038463592529306 0.071716856211423888 0.19500000000000003 4.2662392556667337 0.013754127081483604 5.8660714626312265 6.1310906410217294 0.12516130506992343 0.78141304850578319
decision_type=10 10 10 8 10 10 10 10 10 8 8 10 10 10 8 10 8 8 8 10 10 10 8 10 8 10 10 10 10 8
left_child=1 3 5 15 10 9 21 18 16 22 -3 -8 -12 28 26 25 23 -7 -6 -9 -13 -4 -2 -5 -19 -1 -14 -20 -11 -10
right_child=2 4 6 8 7 17 11 19 29 13 12 20 14 -15 -16 -17 -18 24 27 -21 -22 -23 -24 -25 -26 -27 -28 -29 -30 -31
leaf_value=-0.0020242215656548559 -0.0011560335072303691 -0.00080993462157488423 0.0018248160822154852 -0.0015094351809934519 -0.00015473143753015134 0.0016656337213933209 0.0030249364984166085 0.00049520243935719682 -0.00084741389228044125 0.00061684970165990383 -0.00048504976869434232 0.0034805184602769036 0.00021540794808844665 0.0016222758799254629 -0.00079495212798507005 -0.0014582851136821424 -0.00096124238468538973 0.0020612095941813769 0.00032921766644718658 0.001039887337384916 0.0041874480659831259 0.0027203556012733009 0.000672861809905574 -0.0011735785375371166 0.0027394557274075739 -0.0017109731756477778 0.0022245616413969194 0.0025485749662454635 0.0012316326354819941 -0.00038210578754835557
leaf_weight=5237 78 3308 392 4659 3471 1236 1101 3288 2152 747 3383 1105 2474 3486 507 2798 3588 1144 1595 1627 1417 3363 1622 3926 905 3738 53 42 1830 1556
leaf_count=5237 78 3308 392 4659 3471 1236 1101 3288 2152 747 3383 1105 2474 3486 507 2798 3588 1144 1595 1627 1417 3363 1622 3926 905 3738 53 42 1830 1556
internal_value=-4.34039e-13 -0.000827835 0.00212965 -0.00139523 -3.32801e-05 0.0014724 0.00311384 0.000340735 -0.00110239 0.00120715 -0.000418756 0.00361856 -0.000217102 0.00138049 8.16679e-05 -0.00179026 -0.00123954 0.00209923 1.86119e-05 0.000675508 0.00387771 0.00262687 0.000588948 -0.00135584 0.00236078 -0.00189376 0.000257547 0.000386159 0.00105342 -0.000652155
internal_weight=65828 47402 18426 27654 19748 11048 7378 10023 15881 7763 9725 3623 6417 6063 3034 11773 12173 3285 5108 4915 2522 3755 1700 8585 2049 8975 2527 1637 2577 3708
internal_count=65828 47402 18426 27654 19748 11048 7378 10023 15881 7763 9725 3623 6417 6063 3034 11773 12173 3285 5108 4915 2522 3755 1700 8585 2049 8975 2527 1637 2577 3708
is_linear=0
shrinkage=0.03


Tree=10
num_leaves=31
num_cat=0
split_feature=40 32 38 6 32 38 38 41 6 30 26 41 6 6 41 6 34 34 6 6 66 47 30 47 34 42 66 47 6 34
split_gain=121.36 22.1833 12.5899 3.3693 2.86498 2.18063 1.47312 1.46493 0.938811 0.898662 0.77331 0.665179 0.497062 0.474996 0.452653 0.359334 0.354672 0.342974 0.319139 0.30721 0.307033 0.304924 0.287669 0.285534 0.2775 0.246393 0.245792 0.226943 0.217476 0.204421
threshold=0.14031000435352328 2.1277618408203129 0.2171808332204819 0.62500000000000011 0.85468485951423656 0.17936539649963382 0.279488354921341 0.099968954920768752 0.36500000000000005 3.5357142686843877 1.5000000000000002 0.15607480704784396 0.25500000000000006 0.78500000000000014 0.2500103116035462 0.075000000000000025 4.1503424644470224 7.2678608894348153 0.03500000000000001 0.82500000000000007 1.2954058907926085 0.12329490482807161 3.4642857313156132 0.034903753548860557 5.4899959564208993 0.062284534797072418 0.68147431313991558 0.16042833775281909 0.22500000000000003 5.3893597126007089
decision_type=10 10 10 10 8 10 10 10 10 10 2 10 8 8 10 8 10 10 8 10 8 10 10 10 10 8 10 10 8 10
left_child=1 4 5 7 18 11 14 12 15 27 -9 21 -3 -7 -4 -6 28 -8 -1 -13 -11 -2 -14 -10 -15 -17 -26 -5 -12 -22
right_child=2 3 6 9 8 13 17 10 23 20 16 19 22 24 -16 25 -18 -19 -20 -21 29 -23 -24 -25 26 -27 -28 -29 -30 -31
leaf_value=-0.0020189664580316105 0.00055985540997443488 -0.00095828187929992341 0.0026276682651792571 1.2999052977758331e-05 -0.0016545578268852051 0.0015891752976228799 0.0029392767213449597 -0.00099053003499689307 -0.00095148382128434558 0.00041554239817959788 -0.00076677007976158065 0.0012365967632926185 -0.0005555167980207191 0.0017727373431534557 0.0032277861498284225 -0.0012973743478615059 0.00048506997999464904 0.0040604371925440867 -0.0016630110257008883 0.0018395216557620987 0.00085334594849887421 0.0011114064750214255 -0.00010532605606024689 -0.00045980424395885482 0.0028667184437708511 -0.00093914293846523284 0.0021666322260642519 0.00076911841993973018 5.5100021089635617e-05 0.0015130129854524074
leaf_weight=3377 1678 2247 3128 2732 1967 1860 297 575 3063 1162 326 2250 5167 940 1772 6921 1959 1418 6896 1149 1735 1951 1697 1628 670 2303 1383 411 2607 559
leaf_count=3377 1678 2247 3128 2732 1967 1860 297 575 3063 1162 326 2250 5167 940 1772 6921 1959 1418 6896 1149 1735 1951 1697 1628 670 2303 1383 411 2607 559
internal_value=7.02982e-12 -0.000805222 0.0020606 -8.34474e-05 -0.00138962 0.00147657 0.00310955 -0.000338042 -0.0011371 0.000478983 5.01877e-05 0.00113884 -0.000570997 0.00196567 0.00284469 -0.00128643 0.000172512 0.00386628 -0.00178002 0.00144041 0.000812844 0.000856377 -0.000444215 -0.000780848 0.00219964 -0.00120793 0.00239511 0.000111874 -3.625e-05 0.00101409
internal_weight=65828 47332 18496 21177 26155 11881 6615 14578 15882 6599 5467 7028 9111 4853 4900 11191 4892 1715 10273 3399 3456 3629 6864 4691 2993 9224 2053 3143 2933 2294
internal_count=65828 47332 18496 21177 26155 11881 6615 14578 15882 6599 5467 7028 9111 4853 4900 11191 4892 1715 10273 3399 3456 3629 6864 4691 2993 9224 2053 3143 2933 2294
is_linear=0
shrinkage=0.03


Tree=11
num_leaves=31
num_cat=0
split_feature=38 32 40 32 6 42 38 32 6 6 6 34 38 1 41 6 42 41 6 33 6 6 41 6 66 40 30 66 6 45
split_gain=114.294 21.0068 11.7634 3.15211 2.81294 1.82509 1.78146 1.0773 0.973937 0.834802 0.764012 0.558553 0.51007 0.476266 0.465415 0.408986 0.391736 0.383855 0.369609 0.287628 0.282874 0.266647 0.251182 0.240684 0.235531 0.217095 0.216962 0.211289 0.206669 0.205899
threshold=0.13998556137084964 2.2811323404312138 0.2118552848696709 0.9960772991180421 0.50500000000000012 0.18367512524127963 0.24883741885423663 4.0000319480896005 0.43500000000000005 0.57500000000000007 0.30500000000000005 7.6677703857421884 0.099887259304523482 2.5000000000000004 0.15607480704784396 0.20500000000000004 0.062284534797072418 0.10678890720009805 0.76500000000000012 5.3038463592529306 0.78500000000000014 0.8650000000000001 0.071716856211423888 0.19500000000000003 4.2662392556667337 0.012822927907109262 5.8660714626312265 4.4984253048896798 0.21500000000000002 0.11003869026899339
decision_type=10 10 10 8 10 10 10 10 10 8 8 10 10 8 10 10 8 10 8 10 10 8 8 10 8 10 10 8 8 10
left_child=1 3 5 15 10 9 19 17 16 22 -3 -8 -12 26 -11 25 23 29 -7 -4 -9 -13 -2 -5 -20 -1 -14 -21 -18 -6
right_child=2 4 6 8 7 18 11 20 -10 14 12 21 13 -15 -16 -17 28 -19 24 27 -22 -23 -24 -25 -26 -27 -28 -29 -30 -31
leaf_value=-0.0019145094259764624 -0.0011157076824635554 -0.00076586830078571064 0.001705603677551988 -0.0014227888971829134 -0.00022162825604200951 0.0015685714225552605 0.0029479688441363238 0.00050729585128080025 -0.00061161501287489693 0.00099374485516185666 -0.0004578995215760766 0.0032476235368979396 0.00020550147251181903 -0.000761317176393546 0.0015254417667159763 -0.0013683715720161996 -0.0011937514970293448 0.00040960052118390206 0.0019393634949602953 0.0022588319156733819 0.001028486906319016 0.0039472051682370897 0.00062717300434690865 -0.0011039334784708039 0.0025870712065195487 -0.001617252345364657 0.002145393212053503 0.0027494050784260403 -0.00072497485868243036 0.00027852248820831792
leaf_weight=5028 78 3308 392 4659 3064 1236 1438 2512 3708 2577 3383 743 2474 507 3486 2798 1368 1975 1144 1269 1495 1442 1622 3926 905 3947 53 2094 2220 977
leaf_count=5028 78 3308 392 4659 3064 1236 1438 2512 3708 2577 3383 743 2474 507 3486 2798 1368 1975 1144 1269 1495 1442 1622 3926 905 3947 53 2094 2220 977
internal_value=2.87966e-12 -0.000779373 0.00200498 -0.00131306 -3.20293e-05 0.00138555 0.00293255 0.000320655 -0.00103729 0.00113472 -0.000395521 0.00340713 -0.000204604 7.78275e-05 0.00129945 -0.00168505 -0.00116695 6.68232e-05 0.00197829 0.00247465 0.000701751 0.00370932 0.000547206 -0.00127697 0.00222544 -0.00178378 0.000246188 0.00256429 -0.000903706 -0.000100706
internal_weight=65828 47402 18426 27654 19748 11048 7378 10023 15881 7763 9725 3623 6417 3034 6063 11773 12173 6016 3285 3755 4007 2185 1700 8585 2049 8975 2527 3363 3588 4041
internal_count=65828 47402 18426 27654 19748 11048 7378 10023 15881 7763 9725 3623 6417 3034 6063 11773 12173 6016 3285 3755 4007 2185 1700 8585 2049 8975 2527 3363 3588 4041
is_linear=0
shrinkage=0.03


Tree=12
num_leaves=31
num_cat=0
split_feature=40 32 38 40 31 38 6 34 6 6 24 34 41 38 6 34 6 66 30 6 6 46 1 66 17 47 47 9 33 6
split_gain=107.544 19.633 11.198 3.03118 2.55562 2.38926 1.15693 1.02855 0.813262 0.785433 0.685014 0.531511 0.463304 0.43042 0.414033 0.380187 0.351758 0.319716 0.313299 0.312261 0.307618 0.30248 0.287487 0.267721 0.250584 0.248699 0.247956 0.244557 0.222766 0.220085
threshold=0.14031000435352328 2.1277618408203129 0.19870864599943164 0.10000093653798105 0.77201464772224437 0.24883741885423663 0.66500000000000015 4.6114752292633066 0.43500000000000005 0.37500000000000006 1.0000000180025095e-35 7.2678608894348153 0.21429126709699634 0.15990247577428821 0.66500000000000015 3.2689932584762578 0.14500000000000005 0.54422651231288921 3.4642857313156132 0.8650000000000001 0.055000000000000007 0.064989525824785246 1.5000000000000002 4.4984253048896798 1.0000000180025095e-35 0.064512532204389586 0.083198733627796187 0.81654523841589965 1.5166666507720949 0.84500000000000008
decision_type=10 10 10 8 8 10 10 10 10 8 2 10 10 10 8 10 8 8 10 8 10 8 8 8 2 10 10 10 10 10
left_child=1 4 7 9 20 12 10 14 16 -3 15 -7 -4 -9 -2 28 -6 -18 24 -13 -1 -8 -17 -15 -11 -26 -16 -25 -5 -14
right_child=2 3 5 6 8 11 21 13 -10 18 -12 19 29 23 26 22 17 -19 -20 -21 -22 -23 -24 27 25 -27 -28 -29 -30 -31
leaf_value=-0.0018389230682786827 0.0004173576664509131 -0.00076314927766388241 0.0019749290562299034 -0.0010462995334158248 -0.0014288413041353204 0.0027532065257159302 0.0002550105508270217 0.0010860912386690515 -0.00064865376832270419 -0.0013710708383304626 -0.00099590245718921564 0.00308526739667611 0.0022870299781970337 0.0014578743380132229 0.00055274086376782563 0.00054898637114924828 -0.0012357121662402357 -0.00087196916675940663 0.00012793072106088101 0.0037805094395609584 -0.0015130714720318161 0.00087721761350931596 3.4130658625819729e-05 0.0017064832663909427 -0.00046820138851473255 -4.186647345238504e-05 0.0012465284873011265 0.002508435214533629 -7.4716253156263646e-05 0.0028117222042962631
leaf_weight=5081 1303 3946 2268 241 3573 1123 945 1725 3314 206 516 896 1445 2532 614 2151 4955 3876 1645 1656 5356 2748 1787 1114 3202 2001 1893 494 1789 1433
leaf_count=5081 1303 3946 2268 241 3573 1123 945 1725 3314 206 516 896 1445 2532 614 2151 4955 3876 1645 1656 5356 2748 1787 1114 3202 2001 1893 494 1789 1433
internal_value=4.49157e-12 -0.000758003 0.00193976 -7.89823e-05 -0.00130779 0.00271283 0.000294166 0.00123493 -0.00106614 -0.000424212 5.27683e-05 0.00329708 0.00229559 0.00148423 0.000851149 0.000143438 -0.00117768 -0.00107606 -0.000234612 0.00353641 -0.0016717 0.000718001 0.000315353 0.00165013 -0.000344869 -0.000304239 0.00107661 0.00195285 -0.000190062 0.00254828
internal_weight=65828 47332 18496 21177 26155 8821 10177 9675 15718 11000 6484 3675 5146 5865 3810 5968 12404 8831 7054 2552 10437 3693 3938 4140 5409 5203 2507 1608 2030 2878
internal_count=65828 47332 18496 21177 26155 8821 10177 9675 15718 11000 6484 3675 5146 5865 3810 5968 12404 8831 7054 2552 10437 3693 3938 4140 5409 5203 2507 1608 2030 2878
is_linear=0
shrinkage=0.03


Tree=13
num_leaves=31
num_cat=0
split_feature=38 32 40 32 6 42 38 41 6 26 40 6 45 34 41 6 6 42 34 33 30 29 6 6 41 66 45 5 10 6
split_gain=101.3 18.5837 10.4403 2.82841 2.52042 1.63503 1.56286 1.07802 0.753888 0.686411 0.668772 0.660839 0.626571 0.500847 0.423624 0.39287 0.339625 0.323966 0.287646 0.260727 0.252418 0.245489 0.235016 0.230159 0.223663 0.213513 0.206858 0.198795 0.198349 0.197073
threshold=0.13998556137084964 2.2811323404312138 0.2118552848696709 1.2519469261169436 0.62500000000000011 0.18367512524127963 0.24883741885423663 0.099968954920768752 0.55500000000000016 1.5000000000000002 0.013754127081483604 0.49500000000000005 0.11187978833913804 8.0966324806213397 0.15607480704784396 0.31500000000000006 0.76500000000000012 0.062284534797072418 4.1503424644470224 5.3038463592529306 7.1339285373687753 3.4222759008407597 0.23500000000000001 0.16500000000000004 0.071716856211423888 4.2662392556667337 0.12516130506992343 1.0000000180025095e-35 0.65240274599542347 0.89500000000000013
decision_type=10 10 10 8 10 10 10 10 8 2 10 10 8 10 10 8 8 8 10 10 10 10 10 10 8 8 10 2 8 10
left_child=1 3 5 10 7 8 19 15 24 -9 -1 17 21 28 26 -3 -7 23 -11 -4 -14 -6 -12 -5 -2 -18 -10 -15 -8 -16
right_child=2 4 6 11 12 16 13 9 14 18 22 -13 20 27 29 -17 25 -19 -20 -21 -22 -23 -24 -25 -26 -27 -28 -29 -30 -31
leaf_value=-0.0017489300289331008 -0.0011144890683690871 -0.00080673210237083544 0.0016003349431311831 -0.0013503815613065443 -4.3533181609446155e-05 0.0014722933256720336 0.002181958515368408 -0.00092179157382039261 0.00051610196099898106 -5.4795749157134582e-06 -0.0014524933657445937 -0.00044683565984907357 0.00073647907600053709 0.0036615770793856995 0.0013087371146205814 -0.00035069057363410568 0.0018295784129424481 -0.0007759199171538685 0.00047813400147377739 0.0024178827296773798 0.0029764168476685881 0.00044258682328909523 -0.0011343206188272532 -0.00097972522161077691 0.00055468244915502624 0.0024462680674716959 0.0010973969952369502 0.0025405688925261181 0.0030018514241077496 0.0018462089682772522
leaf_weight=6113 76 2513 392 2585 1978 1236 322 575 778 2949 6213 2393 2886 1630 2768 5256 1144 3584 1772 3363 46 1773 3148 3618 1464 905 1888 156 1515 789
leaf_count=6113 76 2513 392 2585 1978 1236 322 575 778 2949 6213 2393 2886 1630 2768 5256 1144 3584 1772 3363 46 1773 3148 3618 1464 905 1888 156 1515 789
internal_value=2.13549e-12 -0.000733734 0.00188757 -0.0012357 -3.08128e-05 0.00130401 0.00276142 -0.00027321 0.0010666 5.68474e-05 -0.00150487 -0.000893724 0.000443063 0.00320593 0.00121367 -0.000498204 0.00186504 -0.00100299 0.000176042 0.00233254 0.000771621 0.000186243 -0.0013455 -0.00113419 0.000472308 0.00210196 0.000927762 0.00356366 0.00285814 0.00142796
internal_weight=65828 47402 18426 27654 19748 11048 7378 13065 7763 5296 15474 12180 6683 3623 6223 7769 3285 9787 4721 3755 2932 3751 9361 6203 1540 2049 2666 1786 1837 3557
internal_count=65828 47402 18426 27654 19748 11048 7378 13065 7763 5296 15474 12180 6683 3623 6223 7769 3285 9787 4721 3755 2932 3751 9361 6203 1540 2049 2666 1786 1837 3557
is_linear=0
shrinkage=0.03


Tree=14
num_leaves=31
num_cat=0
split_feature=40 40 38 6 40 38 38 34 17 30 6 24 41 47 41 6 6 40 47 30 34 6 42 42 6 6 6 47 45 47
split_gain=95.3192 18.1027 9.38189 2.55398 2.41825 1.60649 1.11779 1.0999 0.706572 0.678394 0.669487 0.587097 0.544478 0.492624 0.42251 0.418827 0.406099 0.374397 0.332402 0.328926 0.28922 0.287847 0.279888 0.266442 0.213304 0.196115 0.191913 0.189844 0.176336 0.173454
threshold=0.14271399378776553 0.065930861979722991 0.21961682289838794 0.62500000000000011 0.030182593502104286 0.17936539649963382 0.279488354921341 3.4351332187652592 1.0000000180025095e-35 3.5357142686843877 0.48500000000000004 1.0000000180025095e-35 0.10375023260712625 0.047814264893531806 0.077669877558946623 0.78500000000000014 0.075000000000000025 0.23902107775211337 0.021947017870843414 5.2249999046325692 7.0742712020874032 0.82500000000000007 0.20714057981967929 0.11616795137524606 0.28500000000000009 0.30500000000000005 0.16500000000000004 0.22397699207067492 0.052697923034429557 0.20401276648044589
decision_type=10 10 10 10 8 10 10 10 2 10 10 2 8 10 10 8 10 10 8 10 10 10 10 10 8 8 10 10 10 10
left_child=1 4 5 7 16 13 17 8 -3 28 18 12 -9 -2 -10 -7 -1 -4 26 -12 -8 -15 29 -11 -16 -20 -6 -19 -5 -17
right_child=2 3 6 9 10 15 20 11 14 23 19 -13 -14 21 24 22 -18 27 25 -21 -22 -23 -24 -25 -26 -27 -28 -29 -30 -31
leaf_value=-0.0017062027934873619 0.0005428776730805739 -0.0013823274997196741 0.002235476501046595 -0.00015812611615262649 -0.0013965802437030321 0.0014042362428186835 0.002533736801441581 -0.00023687580017977782 -0.00067523930829058013 0.00042180198529391451 -0.00056308134722731862 -0.0009373968776283803 0.00036544285805320607 0.0010180927146430535 -0.0006517736773917471 0.0014797354934714762 -0.0013602272354230574 0.0022197046952028387 -0.0010333960337130974 0.0021136196190491316 0.0036082882436069552 0.0014909407480988121 0.002444776201089001 0.00093928708064777309 -0.00011294452026119999 -0.00068027355806813729 -0.0010562053000635642 0.0028941736206423052 0.00029644307039754925 0.0020077836547178385
leaf_weight=5993 1392 743 2003 1281 2700 1913 267 2273 3149 1590 2545 515 3329 3410 819 923 6225 453 3530 42 1448 1755 817 2050 3432 2363 3329 2198 1918 1423
leaf_count=5993 1392 743 2003 1281 2700 1913 267 2273 3149 1590 2545 515 3329 3410 819 923 6225 453 3530 42 1448 1755 817 2050 3432 2363 3329 2198 1918 1423
internal_value=-1.20979e-12 -0.000700381 0.00186071 -4.34723e-05 -0.00121896 0.00135395 0.00278629 -0.000272051 -0.000500408 0.000433137 -0.000957097 3.19407e-05 0.000121053 0.00104377 -0.000411859 0.00175464 -0.00152993 0.00254503 -0.00105203 -0.000519625 0.003441 0.00117876 0.00196657 0.000713243 -0.000216756 -0.000891799 -0.00120864 0.00277892 0.000114416 0.00180003
internal_weight=65828 47826 18002 21099 26727 11633 6369 14260 8143 6839 14509 6117 5602 6557 7400 5076 12218 4654 11922 2587 1715 5165 3163 3640 4251 5893 6029 2651 3199 2346
internal_count=65828 47826 18002 21099 26727 11633 6369 14260 8143 6839 14509 6117 5602 6557 7400 5076 12218 4654 11922 2587 1715 5165 3163 3640 4251 5893 6029 2651 3199 2346
is_linear=0
shrinkage=0.03


Tree=15
num_leaves=31
num_cat=0
split_feature=38 32 38 32 6 40 38 32 40 6 6 6 41 24 9 40 66 42 42 34 42 41 34 66 47 24 6 6 47 40
split_gain=89.8109 16.787 8.98878 2.51576 2.30058 1.60055 1.05322 0.908829 0.661348 0.65206 0.607853 0.576483 0.440651 0.58963 0.391977 0.35401 0.330538 0.318277 0.299407 0.296475 0.285045 0.272232 0.272127 0.266487 0.256746 0.205407 0.205268 0.198508 0.178624 0.173111
threshold=0.14131423085927966 2.2811323404312138 0.21961682289838794 1.3241685032844546 0.50500000000000012 0.17857313156127932 0.279488354921341 4.0000319480896005 0.017674748785793785 0.30500000000000005 0.72500000000000009 0.49500000000000005 0.087225168943405165 1.0000000180025095e-35 0.62936880042713661 0.23902107775211337 1.0532078146934511 0.185321219265461 0.21165713667869571 5.3893597126007089 0.062284534797072418 0.15607480704784396 7.0742712020874032 1.8262774646282198 0.20690643042325976 1.0000000180025095e-35 0.23500000000000001 0.03500000000000001 0.22397699207067492 0.074726179242134108
decision_type=10 10 10 8 10 10 10 10 10 8 8 10 8 2 8 10 8 10 10 10 8 10 10 8 10 2 8 10 10 10
left_child=1 3 5 8 9 10 15 16 -1 27 21 20 -11 19 -7 -4 -6 -12 24 29 25 -2 -8 -9 -16 -5 -10 -3 -17 -14
right_child=2 4 6 11 7 14 22 23 26 12 17 -13 13 -15 18 28 -18 -19 -20 -21 -22 -23 -24 -25 -26 -27 -28 -29 -30 -31
leaf_value=-0.0016139714245931428 0.00042707439785798635 -0.001382248249391677 0.0021671869637054286 -0.0010122971140337194 -0.00021752365690618433 0.00093785353576763533 0.0024577247232491061 0.00034340316227022665 -0.0013608171623488699 -0.0005079407114314923 0.0011135463662826758 -0.00039962985017115324 -0.00090585472180801266 -0.00096403712979286921 0.0013847170124544322 0.0021531135616017411 0.00023668525614149746 0.001839512694912277 0.0022938769198777584 0.00095256490856275046 -0.00071572162042756371 0.0010038070753511531 0.0035000396253058647 0.00083342043672110229 0.0018707865553296052 -0.0017301437974266418 -0.0010710504723566113 -0.00061417752880647261 0.0028073484036323136 9.9756469827611506e-05
leaf_weight=7348 1726 337 2004 5262 2371 566 267 1677 4843 2305 2724 2315 162 494 1694 453 3680 679 822 364 3469 1285 1448 2470 2314 385 4032 2988 2198 3146
leaf_count=7348 1726 337 2004 5262 2371 566 267 1677 4843 2305 2724 2315 162 494 1694 453 3680 679 822 364 3469 1285 1448 2470 2314 385 4032 2988 2198 3146
internal_value=1.08702e-12 -0.000684471 0.00179393 -0.00116327 -2.22322e-05 0.00130402 0.00270223 0.000293164 -0.00140346 -0.000350572 0.000983684 -0.000822395 -0.000175123 9.02177e-06 0.00168479 0.00246809 5.87098e-05 0.0012584 0.00177231 0.000139929 -0.000929755 0.000673206 0.00333777 0.000635263 0.00166535 -0.00106124 -0.00122917 -0.000692024 0.00269555 5.05095e-05
internal_weight=65828 47648 18180 27654 19994 11810 6370 10198 16223 9796 6414 11431 6471 4166 5396 4655 6051 3403 4830 3672 9116 3011 1715 4147 4008 5647 8875 3325 2651 3308
internal_count=65828 47648 18180 27654 19994 11810 6370 10198 16223 9796 6414 11431 6471 4166 5396 4655 6051 3403 4830 3672 9116 3011 1715 4147 4008 5647 8875 3325 2651 3308
is_linear=0
shrinkage=0.03


Tree=16
num_leaves=31
num_cat=0
split_feature=38 40 40 6 40 42 38 41 6 6 6 30 34 6 6 24 46 17 34 6 6 6 33 30 41 32 33 41 66 66
split_gain=84.5031 15.8188 8.4789 2.28787 2.14506 1.32462 1.29903 0.930142 0.75699 0.621309 0.604841 0.456134 0.436058 0.376265 0.358865 0.348714 0.310847 0.301727 0.300466 0.289507 0.274101 0.272474 0.256037 0.255965 0.250349 0.244851 0.23154 0.216997 0.208844 0.18618
threshold=0.14131423085927966 0.065930861979722991 0.2118552848696709 0.49500000000000005 0.030182593502104286 0.18367512524127963 0.24883741885423663 0.10678890720009805 0.22500000000000003 0.64500000000000013 0.6150000000000001 3.4642857313156132 7.2678608894348153 0.055000000000000007 0.19500000000000003 1.0000000180025095e-35 0.038861500099301345 1.5000000000000002 5.4899959564208993 0.71500000000000008 0.78500000000000014 0.8650000000000001 6.5166666507720956 6.3541667461395273 0.15607480704784396 3.0974681377410893 5.3038463592529306 0.087225168943405165 4.2662392556667337 4.4984253048896798
decision_type=10 10 10 10 8 10 10 10 8 8 10 10 10 8 8 2 8 2 10 8 10 8 10 10 10 10 10 8 8 8
left_child=1 4 5 8 13 9 26 25 -3 24 14 17 -8 -1 -6 23 -16 -10 -12 -7 -9 -14 -11 27 -2 -5 -4 -13 -21 -28
right_child=2 3 6 7 10 19 12 20 11 22 18 15 21 -15 16 -17 -18 -19 -20 28 -22 -23 -24 -25 -26 -27 29 -29 -30 -31
leaf_value=-0.0016676471521594105 0.00028787772666394144 -0.00084256691259480831 0.0014430723979228564 -0.00021956412053564868 -0.001182564975229707 0.00125642256101311 0.0024313033858774659 0.00039561480381357313 -0.0010900580952551331 0.0010586646430648017 -0.00033334543487477207 -0.0005259442292816428 0.0027209407353405947 -0.0013184487552798496 -0.00097499643958831811 -0.00080485441353678319 -0.00060274957816813877 -0.0003298636212124116 0.0022232177889321084 0.0016288911313622155 0.00085922416327622144 0.0033751678791849949 0.0015767406319223054 0.0023826415192983721 0.0009185317492402317 0.00018139186029826466 0.0019264774760862839 0.00023394247009631762 0.0021963059735712314 0.002387206546803316
leaf_weight=4268 1253 2329 392 2653 4315 919 1101 3516 530 4157 1094 394 880 7950 6019 380 3038 4144 43 1298 1704 1642 1082 46 1034 2836 1267 2389 1061 2094
leaf_count=4268 1253 2329 392 2653 4315 919 1101 3516 530 4157 1094 394 880 7950 6019 380 3038 4144 43 1298 1704 1642 1082 46 1034 2836 1267 2389 1061 2094
internal_value=-2.71168e-12 -0.000663937 0.00174011 -4.61057e-05 -0.00114755 0.0012048 0.00252422 0.000260251 -0.000367372 0.000985567 -0.000900924 -0.000226977 0.00292943 -0.00144043 -0.000957405 4.84336e-05 -0.000850133 -0.000416065 -0.000236659 0.00170812 0.000546954 0.00314689 0.00116566 0.00016305 0.000573009 -1.24023e-05 0.00213305 0.000126362 0.0018841 0.00221352
internal_weight=65828 47648 18180 20921 26727 10804 7376 10709 10212 7526 14509 7883 3623 12218 13372 3209 9057 4674 1137 3278 5220 2522 5239 2829 2287 5489 3753 2783 2359 3361
internal_count=65828 47648 18180 20921 26727 10804 7376 10709 10212 7526 14509 7883 3623 12218 13372 3209 9057 4674 1137 3278 5220 2522 5239 2829 2287 5489 3753 2783 2359 3361
is_linear=0
shrinkage=0.03


Tree=17
num_leaves=31
num_cat=0
split_feature=40 32 38 40 6 38 38 1 17 6 33 34 42 47 41 10 6 6 40 33 47 34 42 1 6 34 21 20 33 17
split_gain=79.5689 15.0762 7.81721 2.52073 1.91668 1.3414 0.942897 0.93237 0.698121 0.682541 0.620161 0.541523 0.5116 0.429991 0.424376 0.361471 0.352989 0.329632 0.313078 0.26245 0.254575 0.24509 0.241114 0.226437 0.213907 0.210748 0.190789 0.190079 0.187008 0.185961
threshold=0.14271399378776553 2.1277618408203129 0.21961682289838794 0.10000093653798105 0.21500000000000002 0.1746361777186394 0.279488354921341 1.5000000000000002 1.0000000180025095e-35 0.31500000000000006 0.57738095521926891 4.9172372817993173 0.047619419172406204 0.047814264893531806 0.20296251773834231 0.29080338266384781 0.80500000000000016 0.63500000000000012 0.23902107775211337 7.3038463592529306 0.064512532204389586 7.0742712020874032 0.075002010911703124 2.5000000000000004 0.75500000000000012 5.6930925846099862 0.10500000000000002 1.0000000180025095e-35 2.7207791805267338 1.0000000180025095e-35
decision_type=10 8 10 10 10 10 10 8 2 8 8 10 10 10 10 8 10 8 10 8 8 10 8 8 10 10 2 2 10 2
left_child=1 4 5 9 10 13 18 11 -9 29 -1 20 26 -2 17 -10 22 -7 -4 -13 -5 -8 -11 -24 -15 -18 -6 -14 -17 -3
right_child=2 3 6 7 12 14 21 8 15 16 -12 19 27 24 -16 28 25 -19 -20 -21 -22 -23 23 -25 -26 -27 -28 -29 -30 -31
leaf_value=-0.0015754263570338391 0.00043092309081300354 -0.0014218505091825756 0.0020402684358114143 7.0898815632610738e-05 -0.0010751167837440136 0.00080406258108856705 0.0023110539133639569 -0.00090834048465498595 -0.00068027301243235659 -0.00048300510341252778 -0.0011876131583280752 0.00083132230381347287 -0.00066443087316306044 0.00085795771560490434 0.0019350049656210522 -0.00031164507219648879 0.00028647418943737594 0.0015157570853581255 0.0025372213024150536 0.0019764119634507631 0.00052768822303719679 0.0033002363963255347 -5.4880198784798141e-05 -0.00068355908880139119 0.0012676586709212331 0.0024556972428095031 -0.00056703836476629016 -0.00012809871213404609 0.00031652093944273512 -0.00066843206986513782
leaf_weight=6240 1275 329 2003 1871 4968 718 267 733 461 3256 9157 1435 3954 2402 1864 506 644 3179 2651 206 2658 1448 3743 598 2195 43 768 700 2716 2840
leaf_count=6240 1275 329 2003 1871 4968 718 267 733 461 3256 9157 1435 3954 2402 1864 506 644 3179 2651 206 2658 1448 3743 598 2195 43 768 700 2716 2840
internal_value=-1.50813e-12 -0.000639906 0.00170004 -6.37509e-05 -0.00113232 0.00123747 0.00254492 0.000269969 -6.28263e-05 -0.000372208 -0.00134478 0.000508158 -0.000817468 0.000918384 0.00156271 0.00010545 -0.000228967 0.00138463 0.00232334 0.000975069 0.000338981 0.00314624 -0.000287857 -0.000141485 0.00105358 0.000422248 -0.00100709 -0.000583762 0.00021787 -0.000746651
internal_weight=65828 47826 18002 22039 25787 11633 6369 10586 4416 11453 15397 6170 10390 5872 5761 3683 8284 3897 4654 1641 4529 1715 7597 4341 4597 687 5736 4654 3222 3169
internal_count=65828 47826 18002 22039 25787 11633 6369 10586 4416 11453 15397 6170 10390 5872 5761 3683 8284 3897 4654 1641 4529 1715 7597 4341 4597 687 5736 4654 3222 3169
is_linear=0
shrinkage=0.03


Tree=18
num_leaves=31
num_cat=0
split_feature=38 40 40 6 40 42 37 30 24 6 6 34 17 46 66 6 17 6 47 1 34 47 10 41 34 41 34 47 41 6
split_gain=74.9017 14.0247 7.5139 2.04605 1.92524 1.19127 1.16928 1.14583 0.595107 0.582549 0.558322 0.404144 0.388481 0.416111 0.369334 0.347335 0.337046 0.302606 0.286438 0.275588 0.271593 0.255104 0.24106 0.2372 0.237013 0.229114 0.221608 0.201807 0.192142 0.184999
threshold=0.14131423085927966 0.065930861979722991 0.2118552848696709 0.39500000000000007 0.02840949967503548 0.18367512524127963 0.27549821138381964 3.4064372777938847 1.0000000180025095e-35 0.6150000000000001 0.6150000000000001 6.1164729595184335 1.0000000180025095e-35 0.085739552974700942 1.8587311282753947 0.19500000000000003 1.5000000000000002 0.075000000000000025 0.047814264893531806 1.5000000000000002 5.4899959564208993 0.15807521343231204 0.61348484848484863 0.24685743451118472 7.3400239944458017 0.086265809834003462 6.2176702022552499 0.061763904988765723 0.15199618041515353 0.78500000000000014
decision_type=10 10 10 8 8 10 10 10 2 10 8 10 2 10 8 8 2 10 8 10 10 10 8 10 10 10 10 10 10 8
left_child=1 4 5 16 17 10 11 12 14 15 28 27 -5 -14 -9 -6 26 -1 -17 29 -11 -12 -16 -13 -8 -18 -3 -4 -2 -7
right_child=2 3 6 7 9 19 24 8 -10 20 21 23 13 -15 22 18 25 -19 -20 -21 -22 -23 -24 -25 -26 -27 -28 -29 -30 -31
leaf_value=-0.0015267438516103151 0.00019605263435558447 -0.0011387988477338682 0.00065059412243325114 -0.0011578132083230064 -0.0011246300635048979 0.0014002586376631303 0.0024455547949660938 0.00023457977326221606 -0.00077176169675959526 -0.00030234083326000771 0.00084100837289531941 0.002102352608846024 -0.00026518861248150418 0.00020327696639428603 0.00037862760922216103 -0.00091601571704506867 -0.00061920190572529294 -0.0012186030213331199 -0.00055506604534637206 0.00063953607360383983 0.0021275410647125003 0.0012538186176753216 0.00086339504972122441 0.0025901872713634711 0.0031505492456090152 -0.00019662493849130109 0.0011151776228826946 0.0018262804945779613 0.00078597827018694617 0.0018791661788346379
leaf_weight=5787 980 924 146 316 4659 1202 588 3645 377 1112 2315 2245 4389 2792 1603 6616 2539 5687 2823 243 43 3223 2177 1494 1589 2118 41 1314 1008 1833
leaf_count=5787 980 924 146 316 4659 1202 588 3645 377 1112 2315 2245 4389 2792 1603 6616 2539 5687 2823 243 43 3223 2177 1494 1589 2118 41 1314 1008 1833
internal_value=-3.27499e-12 -0.000625081 0.00163828 -4.33404e-05 -0.00108045 0.00113434 0.00237642 0.000136506 0.000391007 -0.000859613 0.00092644 0.00213199 -0.000128349 -8.30474e-05 0.000450046 -0.00091268 -0.000532752 -0.00137402 -0.000808064 0.00161166 -0.000211878 0.00108126 0.000657818 0.00229728 0.00296013 -0.000427014 -0.00104303 0.00170871 0.00049517 0.0016895
internal_weight=65828 47648 18180 20921 26727 10804 7376 15299 7802 15253 7526 5199 7497 7181 7425 14098 5622 11474 9439 3278 1155 5538 3780 3739 2177 4657 965 1460 1988 3035
internal_count=65828 47648 18180 20921 26727 10804 7376 15299 7802 15253 7526 5199 7497 7181 7425 14098 5622 11474 9439 3278 1155 5538 3780 3739 2177 4657 965 1460 1988 3035
is_linear=0
shrinkage=0.03


Tree=19
num_leaves=31
num_cat=0
split_feature=40 40 38 6 40 34 34 38 40 17 6 42 1 41 47 41 30 6 40 10 47 66 34 40 17 47 1 6 47 66
split_gain=70.5323 13.3636 6.93233 1.98782 1.81146 1.23022 0.922063 0.839381 0.56619 0.563402 0.553952 0.519158 0.460698 0.39308 0.364567 0.343538 0.30911 0.289997 0.277548 0.26922 0.261905 0.261368 0.221688 0.211917 0.201083 0.192496 0.188432 0.171895 0.203354 0.170476
threshold=0.14271399378776553 0.065930861979722991 0.21961682289838794 0.63500000000000012 0.02840949967503548 4.6114752292633066 3.4351332187652592 0.279488354921341 0.19593440741300586 1.0000000180025095e-35 0.43500000000000005 0.11616795137524606 2.5000000000000004 0.10375023260712625 0.043825393542647369 0.077669877558946623 5.2249999046325692 0.03500000000000001 0.23902107775211337 0.662066996574039 0.01768517587333918 2.1503263860940938 7.0742712020874032 0.19242198765277865 1.5000000000000002 0.31847085058689123 1.5000000000000002 0.94500000000000006 0.22397699207067492 4.4984253048896798
decision_type=10 10 10 10 8 10 10 10 10 2 10 10 8 8 10 10 10 8 10 10 8 10 10 10 2 10 8 8 10 8
left_child=1 4 5 6 17 14 9 18 19 -3 20 21 13 -8 -2 -11 -12 -1 -4 26 -6 -5 -9 -16 -14 29 -7 28 -20 -10
right_child=2 3 7 11 10 8 12 22 25 15 16 -13 24 -15 23 -17 -18 -19 27 -21 -22 -23 -24 -25 -26 -27 -28 -29 -30 -31
leaf_value=-0.0015630442054260971 0.00023342449669958159 -0.0012282582023814745 0.0019206319440087159 0.00010245663804441374 -0.0010786014120496884 0.0011720121144010408 -0.00017670936432287955 0.0021692603134632399 0.0013228516962872144 -0.00059923644883504146 -0.00052917808897371115 0.00074675136981315355 -0.00099669927306795928 0.00035443670386766095 0.00077294764236510182 -0.0001898169667535821 0.0020017381525725465 -0.0012340031077699995 0.0015375935289753918 0.0015366191772770025 -0.00079620884397462669 0.00082352307669192868 0.0031100334409390057 0.0014429893471359255 -0.00012367861645526108 0.0022594057337372042 0.00064839496983253768 0.0027546829891537919 0.0023724382463523059 0.0018630173515077665
leaf_weight=3445 1010 744 2003 3622 5644 2917 2034 267 982 3197 3359 2405 482 3270 2263 4360 44 8029 317 1507 6206 517 1448 523 468 514 785 804 1530 1132
leaf_count=3445 1010 744 2003 3622 5644 2917 2034 267 982 3197 3359 2405 482 3270 2263 4360 44 8029 317 1507 6206 517 1448 523 468 514 785 804 1530 1132
internal_value=-3.70147e-12 -0.000602474 0.0016006 -3.80633e-05 -0.00104803 0.00116499 -0.000233315 0.00239623 0.0013797 -0.000440572 -0.000833825 0.00039621 4.17797e-05 0.000150751 0.000721713 -0.000363022 -0.000496454 -0.0013328 0.00218716 0.00119859 -0.000930709 0.000192525 0.00296357 0.000898731 -0.000566622 0.0017387 0.00106098 0.00238854 0.00222915 0.0016121
internal_weight=65828 47826 18002 21099 26727 11633 14555 6369 7837 8301 15253 6544 6254 5304 3796 7557 3403 11474 4654 5209 11850 4139 1715 2786 950 2628 3702 2651 1847 2114
internal_count=65828 47826 18002 21099 26727 11633 14555 6369 7837 8301 15253 6544 6254 5304 3796 7557 3403 11474 4654 5209 11850 4139 1715 2786 950 2628 3702 2651 1847 2114
is_linear=0
shrinkage=0.03


Tree=20
num_leaves=31
num_cat=0
split_feature=38 32 38 40 6 40 38 1 6 38 6 6 42 30 9 17 17 47 6 42 40 42 34 41 30 47 42 34 1 6
split_gain=66.3853 12.4531 6.65569 2.06641 1.63954 1.21927 0.790946 0.756221 0.581291 0.535441 0.475136 0.467491 0.43836 0.340203 0.32177 0.277234 0.272074 0.264469 0.261052 0.252023 0.248548 0.245758 0.243647 0.219948 0.214448 0.211938 0.211274 0.2086 0.199227 0.179457
threshold=0.14131423085927966 2.1277618408203129 0.21961682289838794 0.10000093653798105 0.21500000000000002 0.17857313156127932 0.279488354921341 2.5000000000000004 0.31500000000000006 0.019907779991626743 0.72500000000000009 0.68500000000000016 0.047619419172406204 6.5357143878936776 0.62936880042713661 1.5000000000000002 2.5000000000000004 0.12329490482807161 0.78500000000000014 0.185321219265461 0.23902107775211337 0.21165713667869571 2.778201818466187 0.15875087678432467 6.3541667461395273 0.20690643042325976 0.075002010911703124 7.2016947269439706 2.5000000000000004 0.015000000000000001
decision_type=10 8 10 10 10 10 10 8 8 10 8 10 10 10 8 2 2 10 10 10 10 10 10 10 10 10 8 10 8 8
left_child=1 4 5 8 9 10 16 11 -3 -1 23 22 -6 18 -7 -9 -4 -13 26 -12 -18 25 -5 -2 -24 -16 -10 -8 -28 -11
right_child=2 3 6 7 12 14 27 15 13 29 19 17 -14 -15 21 -17 20 -19 -20 -21 -22 -23 24 -25 -26 -27 28 -29 -30 -31
leaf_value=-0.0014369982327688557 0.00036483437032379319 -0.00068771461646500141 0.0010710404070071163 -0.00021293371880654188 -0.00091934769017165121 0.00077635547036573275 0.0021366394583650179 -0.00097972738061578683 -0.00046225603804038137 -0.0014583226362412723 0.00095515885993021743 0.00036586520760553459 -0.0005274916660660446 0.0024527759427681217 0.0011805214676748384 -6.0388820653577048e-05 0.0019128276747270583 0.00088828996180234144 0.0002929346201842024 0.0016011604845426277 0.0023660403478747414 0.0020049312642654812 0.00024565131107589545 0.00089239340172046148 0.0021474972878220591 0.0016221439879180255 -5.6003749890706828e-05 0.0030229900059896885 -0.00065165410246420421 -0.0010310227949388506
leaf_weight=6555 1859 3150 212 1196 5736 566 287 529 3193 997 2724 1885 4654 43 1694 668 1911 1623 798 679 2532 822 4501 1152 54 2314 3634 1428 587 7845
leaf_count=6555 1859 3150 212 1196 5736 566 287 529 3193 997 2724 1885 4654 43 1694 668 1911 1623 798 679 2532 822 4501 1152 54 2314 3634 1428 587 7845
internal_value=2.40876e-12 -0.000588473 0.00154233 -6.17256e-05 -0.00103502 0.00112076 0.00232391 0.000242895 -0.000340999 -0.00123153 0.000841176 0.000334628 -0.000743823 -0.000208697 0.0014531 -0.00046668 0.00212101 0.000607569 -0.000222633 0.00108406 0.00217111 0.0015324 0.00016814 0.000566677 0.000268198 0.00143549 -0.000278125 0.00287466 -0.000138839 -0.0010792
internal_weight=65828 47648 18180 21861 25787 11810 6370 10456 11405 15397 6414 9259 10390 8255 5396 1197 4655 3508 8212 3403 4443 4830 5751 3011 4555 4008 7414 1715 4221 8842
internal_count=65828 47648 18180 21861 25787 11810 6370 10456 11405 15397 6414 9259 10390 8255 5396 1197 4655 3508 8212 3403 4443 4830 5751 3011 4555 4008 7414 1715 4221 8842
is_linear=0
shrinkage=0.03


Tree=21
num_leaves=31
num_cat=0
split_feature=40 32 38 32 6 41 41 34 32 1 42 6 34 17 6 66 34 41 6 47 24 41 42 17 6 30 34 66 9 1
split_gain=62.5053 11.8569 6.15739 2.02316 1.60584 1.41478 0.678572 0.612013 0.489117 0.487174 0.465277 0.463483 0.35519 0.340283 0.317626 0.298538 0.298526 0.28487 0.263163 0.262616 0.253898 0.265433 0.241665 0.241206 0.239741 0.230532 0.225942 0.219695 0.218983 0.185395
threshold=0.14271399378776553 2.3606653213500981 0.19870864599943164 1.3241685032844546 0.62500000000000011 0.2500103116035462 0.099968954920768752 4.6114752292633066 0.66278746724128734 1.5000000000000002 0.11616795137524606 0.59500000000000008 7.5540316104888925 1.0000000180025095e-35 0.85500000000000009 4.4984253048896798 4.8407442569732675 0.064521577209234252 0.33500000000000008 0.043825393542647369 1.0000000180025095e-35 0.05977186560630799 0.23224332928657535 1.0000000180025095e-35 0.8650000000000001 7.0625000000000009 5.7440440654754648 1.8262774646282198 0.81654523841589965 2.5000000000000004
decision_type=10 10 10 8 10 10 8 10 10 8 8 10 10 2 10 8 10 8 8 10 2 10 10 2 8 10 10 10 10 8
left_child=1 3 7 8 6 14 20 19 -1 16 27 17 -7 -11 22 -9 -8 23 -15 -2 21 -3 -4 -5 -14 -12 -16 -6 -17 -19
right_child=2 4 5 11 10 12 9 15 -10 13 25 -13 24 18 26 28 -18 29 -20 -21 -22 -23 -24 -25 -26 -27 -28 -29 -30 -31
leaf_value=-0.001343468068174496 0.00023199038623009622 -0.00074162047007683468 0.0014190799291727543 -0.001493758589110452 8.6362436569621895e-05 0.0021605348189341427 0.00013526301678883749 0.00099105825772794745 -0.0010139773441326472 -0.00081179109921803013 0.00066475153876945634 -0.00016427604055033567 0.0023364174450779618 -0.00052496037549971909 0.0014579186955209883 0.0012525422588069307 0.00082254010158550278 -0.00039840886401135519 0.00013478215337785324 0.00081210519742019795 -0.0013773489338422976 -0.00026593707433926711 0.0020278493905312167 -0.00079789033776475767 0.0030187046557333557 0.0025172276061282664 0.002186680417361391 0.0006632053694930664 0.001941941474148199 -0.00088657197188410125
leaf_weight=7987 966 1340 2308 481 3315 1278 2193 3576 8236 685 2434 1462 690 773 482 1494 768 2788 1838 2573 232 4977 787 6596 1412 62 1862 724 574 935
leaf_count=7987 966 1340 2308 481 3315 1278 2193 3576 8236 685 2434 1462 690 773 482 1494 768 2788 1838 2573 232 4977 787 6596 1412 62 1862 724 574 935
internal_value=9.29275e-14 -0.000567156 0.00150677 -0.000956386 6.09282e-06 0.00207293 -0.000189184 0.000963045 -0.00117619 3.42338e-05 0.000388757 -0.000665574 0.00255494 -0.000216669 0.00177339 0.00115698 0.000313523 -0.000733434 -6.0538e-05 0.000653758 -0.000402639 -0.000366842 0.00157388 -0.000845186 0.00279474 0.000710767 0.00203682 0.000189763 0.00144389 -0.000521007
internal_weight=65828 47826 18002 28485 19341 8819 12806 9183 16223 6257 6535 12262 3380 3296 5439 5644 2961 10800 2611 3539 6549 6317 3095 7077 2102 2496 2344 4039 2068 3723
internal_count=65828 47826 18002 28485 19341 8819 12806 9183 16223 6257 6535 12262 3380 3296 5439 5644 2961 10800 2611 3539 6549 6317 3095 7077 2102 2496 2344 4039 2068 3723
is_linear=0
shrinkage=0.03


Tree=22
num_leaves=31
num_cat=0
split_feature=38 32 40 40 6 42 34 1 6 33 6 6 66 66 30 41 38 17 1 47 6 6 34 30 33 42 26 41 1 20
split_gain=58.8437 11.0156 5.92896 1.84022 1.48898 0.96857 0.957056 0.68504 0.525485 0.483884 0.466205 0.418239 0.407471 0.339719 0.314606 0.310881 0.252462 0.248863 0.243979 0.242381 0.235034 0.224884 0.224334 0.198524 0.191387 0.191222 0.191049 0.189389 0.186519 0.17284
threshold=0.14131423085927966 2.1277618408203129 0.2118552848696709 0.10000093653798105 0.21500000000000002 0.18367512524127963 8.0140352249145526 2.5000000000000004 0.31500000000000006 0.57738095521926891 0.51500000000000012 0.68500000000000016 0.51962637715041649 8.1174672245979327 6.5357143878936776 0.15607480704784396 0.279488354921341 1.5000000000000002 1.5000000000000002 0.10326375067234041 0.80500000000000016 0.63500000000000012 2.778201818466187 6.3541667461395273 1.577380955219269 0.075002010911703124 6.5000000000000009 0.24373636394739154 2.5000000000000004 1.0000000180025095e-35
decision_type=10 8 10 10 10 10 10 8 8 8 8 10 8 8 10 10 10 2 10 10 10 8 10 10 10 8 2 10 8 2
left_child=1 4 5 8 9 10 13 11 -3 -1 -2 22 24 21 20 -12 26 -9 -7 -13 25 -4 -5 -24 -6 -10 -8 -15 -27 -14
right_child=2 3 6 7 12 18 16 17 14 -11 15 19 29 27 -16 -17 -18 -19 -20 -21 -22 -23 23 -25 -26 28 -28 -29 -30 -31
leaf_value=-0.0013650238577029086 0.00027484901459156388 -0.00065182419873997875 0.00071021812238310743 -0.0002069829384061337 -0.00096346275654326705 0.0015080746677464181 0.000623504899929936 -0.00093260157867669285 -0.00043132254891472567 -0.0010224605575992482 0.00067316155293079536 0.00029852995697422834 -0.00056621272531945648 0.0018891111816113663 0.0023630097199253044 0.0010991315781540719 0.0029163691338660999 -6.1572911288280946e-05 0.00052016001623008908 0.00079979613316692483 0.00032913444689428012 0.0017247814858560783 0.00023299241556278807 0.0020628654727867491 -0.00058109123914666129 -4.7155519022675307e-05 0.0023847561232299475 0.0024541225328258325 -0.00062022924172865936 -7.6444009432888541e-05
leaf_weight=6240 1200 3150 213 1196 4319 3035 58 529 3247 9157 2663 1578 3663 1159 43 3663 1147 668 243 1930 669 2558 4501 54 1620 3703 1251 990 593 788
leaf_count=6240 1200 3150 213 1196 4319 3035 58 529 3247 9157 2663 1578 3663 1159 43 3663 1147 668 243 1930 669 2558 4501 54 1620 3703 1251 990 593 788
internal_value=-1.73103e-12 -0.000554039 0.00145208 -5.86255e-05 -0.000974028 0.00100444 0.00210777 0.00022884 -0.000322171 -0.00116129 0.000816977 0.00031615 -0.00069652 0.00186633 -0.00019638 0.000919815 0.00259144 -0.000446514 0.00143484 0.000574312 -0.000209782 0.00164679 0.000158675 0.000254686 -0.000859162 -0.000257579 0.00230672 0.0021494 -0.00012626 -0.000479505
internal_weight=65828 47648 18180 21861 25787 10804 7376 10456 11405 15397 7526 9259 10390 4920 8255 6326 2456 1197 3278 3508 8212 2771 5751 4555 5939 7543 1309 2149 4296 4451
internal_count=65828 47648 18180 21861 25787 10804 7376 10456 11405 15397 7526 9259 10390 4920 8255 6326 2456 1197 3278 3508 8212 2771 5751 4555 5939 7543 1309 2149 4296 4451
is_linear=0
shrinkage=0.03


Tree=23
num_leaves=31
num_cat=0
split_feature=40 40 38 6 39 41 6 38 34 6 42 1 34 6 6 66 30 66 47 6 66 42 34 9 46 41 1 17 10 6
split_gain=55.4006 10.5333 5.47358 1.54108 1.5029 1.26042 0.752521 0.556757 0.550318 0.474973 0.417973 0.331417 0.316915 0.292618 0.284673 0.275786 0.255143 0.245174 0.240948 0.222915 0.219582 0.217554 0.206679 0.202937 0.191473 0.180885 0.177277 0.1657 0.159648 0.154271
threshold=0.14271399378776553 0.066641781479120268 0.19870864599943164 0.63500000000000012 0.029073323123157028 0.2500103116035462 0.22500000000000003 0.10075689852237703 4.6114752292633066 0.43500000000000005 0.11616795137524606 2.5000000000000004 7.5540316104888925 0.85500000000000009 0.03500000000000001 4.4984253048896798 5.2249999046325692 0.4562524594366551 0.043825393542647369 0.8650000000000001 2.1503263860940938 0.23224332928657535 5.7440440654754648 0.81654523841589965 0.097677633166313185 0.11292070895433427 1.5000000000000002 4.5000000000000009 0.6407008495145633 0.58500000000000008
decision_type=10 10 10 10 8 10 8 10 10 10 10 8 10 10 8 8 10 8 10 8 10 10 10 10 10 8 8 2 8 8
left_child=1 4 8 6 14 13 26 24 18 17 20 25 -7 21 -1 29 -11 -6 -2 -14 -5 -4 -15 -17 -8 -9 -3 -13 -20 -10
right_child=2 3 5 10 9 12 7 11 15 16 -12 27 19 22 -16 23 -18 -19 28 -21 -22 -23 -24 -25 -26 -27 -28 -29 -30 -31
leaf_value=-0.0013909954761360981 0.00020863150020864081 -0.00022988076574349565 0.0013312527194880464 8.8136217417866301e-05 -0.00096578500926452126 0.0020347580690609612 -0.00039630524447671991 -2.772807917162161e-05 0.00048973017301409065 -0.0004366930366833381 0.00066964392571815473 -0.00082088170608052345 0.0021918731761619236 0.0013687953435052892 -0.0010751670384701601 0.001181365679035571 0.00186274850798575 -0.0006828128247572359 0.00043765677044274115 0.0028497808190383897 0.00075002894708478735 0.0019088567759658445 0.0020657989205743466 0.0018450254447684574 -1.2913315029424866e-05 0.00034501142117128724 -0.00083331782124700788 7.04261194021938e-05 0.00093525801466194907 0.0010184557850849941
leaf_weight=3616 966 578 2308 3586 5087 1278 4673 1913 596 3348 2403 469 690 482 8867 1494 44 6013 884 1412 516 787 1862 574 1565 3024 1811 313 1689 2980
leaf_count=3616 966 578 2308 3586 5087 1278 4673 1913 596 3348 2403 469 690 482 8867 1494 44 6013 884 1412 516 787 1862 574 1565 3024 1811 313 1689 2980
internal_value=5.76408e-13 -0.000533951 0.00141855 -2.75578e-05 -0.00092538 0.00195235 -0.000201229 -0.000104108 0.000905909 -0.000717554 0.000355454 0.000109691 0.00240731 0.00166962 -0.00116665 0.00108981 -0.000406865 -0.000812496 0.000612624 0.00263382 0.000171397 0.00147813 0.00192247 0.00136557 -0.000300119 0.000200581 -0.000687321 -0.000464131 0.000764298 0.000930335
internal_weight=65828 47826 18002 20851 26975 8819 14346 11957 9183 14492 6505 5719 3380 5439 12483 5644 3392 11100 3539 2102 4102 3095 2344 2068 6238 4937 2389 782 2573 3576
internal_count=65828 47826 18002 20851 26975 8819 14346 11957 9183 14492 6505 5719 3380 5439 12483 5644 3392 11100 3539 2102 4102 3095 2344 2068 6238 4937 2389 782 2573 3576
is_linear=0
shrinkage=0.03


Tree=24
num_leaves=31
num_cat=0
split_feature=38 32 40 32 6 42 37 40 40 6 24 6 30 66 47 41 1 47 21 17 6 17 41 9 36 46 30 41 1 1
split_gain=52.1595 9.77115 5.26605 1.71628 1.32561 0.866896 0.859369 0.6936 0.424798 0.419001 0.417119 0.401491 0.33407 0.300756 0.297336 0.247806 0.225821 0.222809 0.222204 0.220407 0.219741 0.219314 0.23124 0.192876 0.187511 0.183811 0.182403 0.172737 0.175481 0.166756
threshold=0.14131423085927966 2.3606653213500981 0.2118552848696709 1.3241685032844546 0.40500000000000008 0.18367512524127963 0.27549821138381964 0.10000093653798105 0.013754127081483604 0.58500000000000008 1.0000000180025095e-35 0.59500000000000008 7.0625000000000009 4.4984253048896798 0.024493039585649971 0.064521577209234252 1.5000000000000002 0.19841350615024569 0.085000000000000006 1.0000000180025095e-35 0.03500000000000001 2.5000000000000004 0.24373636394739154 0.68980218751698408 0.14486064016819003 0.10839673876762392 9.0625000000000018 0.10185340046882631 1.5000000000000002 2.5000000000000004
decision_type=10 10 10 8 8 10 10 8 10 8 2 10 10 8 10 8 10 10 2 2 10 2 10 8 10 10 10 8 8 8
left_child=1 3 5 8 20 9 13 25 -1 -2 12 15 14 23 -9 19 -7 -11 -10 -5 -3 -15 -23 -4 -16 -6 -8 -22 -29 -17
right_child=2 4 6 11 7 16 26 10 18 17 -12 -13 -14 21 24 29 -18 -19 -20 -21 27 22 -24 -25 -26 -27 -28 28 -30 -31
leaf_value=-0.0012735543402586826 0.00035554469443752719 -0.0011779345713335389 0.00055485930184429315 -0.0013934925716234082 -0.00020715839863094145 0.0014228884275474137 0.002127337785031414 5.3379109390316953e-05 -0.0010070616723171354 0.00073327441216660381 -0.00067082682783938799 -0.00013938897989661589 0.0023804007986503051 0.00084781242298740376 0.00035142023510574181 -0.00035494889461147952 0.00047244781256009492 0.0011103488511896879 -0.00056220177708065028 -0.00072830271042106356 -0.00050510221944466372 0.0017779240448424244 0.0022891322140361492 0.0015665347519957609 0.00072952280321016518 0.00022122531882172284 0.0026960342785059366 0.00026343341121977084 -0.00035693736927298457 -0.00081790112222331307
leaf_weight=6125 1713 319 190 481 4252 3035 806 2315 8959 3406 369 1461 73 158 4358 2789 243 2407 1139 6596 2945 1900 1371 1580 1619 1144 1371 647 1122 935
leaf_count=6125 1713 319 190 481 4252 3035 806 2315 8959 3406 369 1461 73 158 4358 2789 243 2407 1139 6596 2945 1900 1371 1580 1619 1144 1371 647 1122 935
internal_value=1.61812e-12 -0.000521624 0.00136712 -0.000873991 2.15563e-06 0.000945248 0.00198507 0.000151071 -0.00107644 0.000767897 0.00031628 -0.00060614 0.000359824 0.00177553 0.000342036 -0.000669275 0.00135243 0.00088941 -0.000956884 -0.000773513 -0.000415921 0.00193946 0.00199219 0.00145794 0.000453838 -0.000116337 0.00248548 -0.000364355 -0.000130041 -0.000471184
internal_weight=65828 47648 18180 28485 19163 10804 7376 14130 16223 7526 8734 12262 8365 5199 8292 10801 3278 5813 10098 7077 5033 3429 3271 1770 5977 5396 2177 4714 1769 3724
internal_count=65828 47648 18180 28485 19163 10804 7376 14130 16223 7526 8734 12262 8365 5199 8292 10801 3278 5813 10098 7077 5033 3429 3271 1770 5977 5396 2177 4714 1769 3724
is_linear=0
shrinkage=0.03


Tree=25
num_leaves=31
num_cat=0
split_feature=40 40 38 6 31 41 34 34 34 6 17 34 1 17 33 41 66 6 6 10 30 66 46 33 6 6 47 66 1 66
split_gain=49.0977 9.32773 4.86661 1.41815 1.30455 0.998366 0.704383 0.594203 0.522224 0.453997 0.450921 0.390081 0.357381 0.280728 0.271351 0.268498 0.267897 0.242893 0.237893 0.231133 0.207186 0.200066 0.183489 0.217413 0.183182 0.181883 0.180247 0.173494 0.201038 0.170528
threshold=0.14271399378776553 0.065930861979722991 0.22419096529483798 0.63500000000000012 0.77201464772224437 0.19165225327014926 3.4351332187652592 7.6677703857421884 4.4818122386932382 0.48500000000000004 1.5000000000000002 3.5692049264907841 1.5000000000000002 1.0000000180025095e-35 5.7207791805267343 0.077669877558946623 0.4562524594366551 0.8650000000000001 0.58500000000000008 0.67759856630824389 5.2249999046325692 6.4677278399467477 0.063365064561367049 13.045454502105715 0.14500000000000005 0.075000000000000025 0.0013402321492321791 3.0015855953097348 1.5000000000000002 3.6244571506977086
decision_type=10 10 10 10 8 10 10 10 10 10 2 10 8 2 8 10 8 8 8 10 10 8 10 8 10 8 10 8 8 8
left_child=1 4 5 6 24 8 10 21 26 16 -3 22 14 -14 -8 -12 -6 -9 -10 -7 -11 -4 -5 -24 -1 -18 -2 28 -13 -20
right_child=2 3 7 11 9 19 12 17 18 20 15 27 13 -15 -16 -17 25 -19 29 -21 -22 -23 23 -25 -26 -27 -28 -29 -30 -31
leaf_value=-0.0012238772120507044 -1.3838068712365498e-05 -0.00097192529632647627 0.0014979333270197645 -0.00014754006882882807 -0.00091090373896244952 0.0012276828080949238 0.00016365066632469054 0.0019918561967641702 0.00054076447676002057 -0.00038672838918342922 -0.00050751397061387542 0.00059108040463673483 -0.00072557719338882702 -3.2805720750618119e-05 0.00097772162763983005 -0.00013907921436196233 -0.0010321056983718646 0.0025661720231374297 0.00088756382215461008 0.001723131823536801 0.0017369334273306385 0.0019857636606973447 0.00038618073152475285 -0.00089349677509233062 -0.00094734979290524363 -0.00058447177966311123 0.000598446954109529 0.00090794063660648615 -6.986491584290662e-05 0.0012566968551761338
leaf_weight=7165 526 1008 1457 1430 6924 2452 2577 1049 903 2655 3086 1668 661 2586 430 4207 948 1800 2227 1295 42 1574 1797 128 3084 5909 2440 970 551 2279
leaf_count=7165 526 1008 1457 1430 6924 2452 2577 1049 903 2655 3086 1668 661 2586 430 4207 948 1800 2227 1295 42 1574 1797 128 3084 5909 2440 970 551 2279
internal_value=1.24898e-12 -0.00050266 0.00133542 -3.11173e-05 -0.000874909 0.000991882 -0.000196035 0.00204365 0.000809774 -0.000709612 -0.000377183 0.000335689 4.44045e-05 -0.000173835 0.000280063 -0.000294981 -0.000779274 0.00235471 0.000985196 0.00139891 -0.000353657 0.00175126 0.000109871 0.00030109 -0.00114067 -0.000646358 0.000489862 0.000573261 0.000426961 0.00107426
internal_weight=65828 47826 18002 21099 26727 12122 14555 5880 8375 16478 8301 6544 6254 3247 3007 7293 13781 2849 5409 3747 2697 3031 3355 1925 10249 6857 2966 3189 2219 4506
internal_count=65828 47826 18002 21099 26727 12122 14555 5880 8375 16478 8301 6544 6254 3247 3007 7293 13781 2849 5409 3747 2697 3031 3355 1925 10249 6857 2966 3189 2219 4506
is_linear=0
shrinkage=0.03


Tree=26
num_leaves=31
num_cat=0
split_feature=38 32 40 6 6 42 37 30 6 33 6 34 30 66 40 1 34 41 17 66 6 1 21 5 26 34 41 47 32 30
split_gain=46.2323 8.66198 4.67867 1.46317 1.23612 0.777659 0.776592 0.604175 0.454849 0.392606 0.379008 0.349518 0.331114 0.297407 0.286883 0.292741 0.278977 0.263685 0.227803 0.223434 0.218123 0.209115 0.208529 0.197984 0.199436 0.193789 0.183114 0.171247 0.17091 0.165892
threshold=0.14131423085927966 2.1277618408203129 0.2118552848696709 0.49500000000000005 0.21500000000000002 0.18367512524127963 0.27549821138381964 3.4064372777938847 0.22500000000000003 0.57738095521926891 0.51500000000000012 1.2515822649002077 5.8660714626312265 1.3416588976979258 0.083333462476730361 2.5000000000000004 6.1164729595184335 0.15607480704784396 1.5000000000000002 0.65203792601823818 0.78500000000000014 1.5000000000000002 0.045000000000000005 1.0000000180025095e-35 5.5000000000000009 8.6217904090881365 0.10375023260712625 0.061763904988765723 2.8642079830169682 9.0625000000000018
decision_type=10 8 10 10 10 10 10 10 8 8 8 10 10 8 8 8 10 10 2 8 10 10 2 2 2 10 8 10 10 10
left_child=1 4 5 8 9 10 16 22 -3 -1 -2 -6 14 -9 -10 26 27 -12 -17 -13 -15 -7 28 24 -18 -26 -16 -4 -5 -8
right_child=2 3 6 7 11 21 29 13 12 -11 17 19 -14 20 15 18 23 -19 -20 -21 -22 -23 -24 -25 25 -27 -28 -29 -30 -31
leaf_value=-0.0012176571037544432 0.00023266996404181555 -0.00064612438142117956 0.00034397798758606135 -0.00034800304663295991 -0.00083792070632460994 0.0013429098846321028 0.002003720682559947 0.00011491486647667388 -0.00044314740395448457 -0.00090909063718565362 0.00058704022593821534 -0.00062743601101099571 0.0014768989632929727 0.00039431581310701657 -0.00020041201505879879 -0.00098212223693433737 0.00061671196500537914 0.00097934579211326404 -5.2001673131168168e-05 -0.00027276058746975398 0.00087322844797631249 0.00042829952002962888 0.00038610884662689768 0.0010829273594350184 0.0017996790677162341 0.0023704817889897765 0.00019209628766192789 0.001426994724167082 3.8287048980916946e-05 0.002546066675742495
leaf_weight=6240 1200 2552 146 1840 3840 3035 806 2061 3037 9157 2663 3780 106 2421 1856 515 110 3663 439 2770 1324 243 841 311 2647 671 2525 1314 2344 1371
leaf_count=6240 1200 2552 146 1840 3840 3035 806 2061 3037 9157 2663 3780 106 2421 1856 515 110 3663 439 2770 1324 243 841 311 2647 671 2525 1314 2344 1371
internal_value=2.84241e-12 -0.000491092 0.0012871 -5.17804e-05 -0.00086352 0.000889452 0.00186957 0.000195898 -0.00029499 -0.00103414 0.000721477 -0.000610671 -0.000189294 0.000404346 -0.00021039 -7.789e-05 0.00167037 0.0008142 -0.000554111 -0.000477444 0.00056363 0.00127511 -4.49479e-05 0.0018077 0.00187345 0.00191511 2.58111e-05 0.00131869 -0.000131592 0.00234527
internal_weight=65828 47648 18180 21861 25787 10804 7376 10831 11030 15397 7526 10390 8478 5806 8372 5335 5199 6326 954 6550 3745 3278 5025 3739 3428 3318 4381 1460 4184 2177
internal_count=65828 47648 18180 21861 25787 10804 7376 10831 11030 15397 7526 10390 8478 5806 8372 5335 5199 6326 954 6550 3745 3278 5025 3739 3428 3318 4381 1460 4184 2177
is_linear=0
shrinkage=0.03


Tree=27
num_leaves=31
num_cat=0
split_feature=40 40 38 6 39 41 30 1 6 24 40 17 46 21 34 34 6 6 6 1 34 6 34 66 42 17 34 29 10 66
split_gain=43.5083 8.27184 4.34694 1.26298 1.20535 1.01122 0.78635 0.481359 0.396819 0.3913 0.303251 0.278063 0.299096 0.274564 0.270157 0.260523 0.255293 0.243544 0.238648 0.23327 0.210516 0.194017 0.191615 0.186149 0.182307 0.177593 0.175875 0.171003 0.168163 0.164471
threshold=0.14271399378776553 0.066641781479120268 0.19870864599943164 0.37500000000000006 0.029073323123157028 0.2500103116035462 3.4064372777938847 1.5000000000000002 0.6150000000000001 1.0000000180025095e-35 0.16450490057468417 1.0000000180025095e-35 0.085739552974700942 0.20500000000000004 5.3349359035491952 7.5540316104888925 0.85500000000000009 0.03500000000000001 0.085000000000000006 1.5000000000000002 5.6396720409393319 0.8650000000000001 1.2515822649002077 3.6244571506977086 0.23224332928657535 1.5000000000000002 5.7440440654754648 5.5499999523162851 0.67096935376415734 2.2530179545283322
decision_type=10 10 10 8 8 10 10 8 10 2 10 2 10 2 10 10 10 8 8 8 10 8 8 8 10 2 10 10 10 8
left_child=1 4 7 19 17 16 11 10 13 14 -2 -5 -13 18 29 -7 24 -1 -6 27 -10 -17 -20 -12 -4 -21 -18 -3 -16 -8
right_child=2 3 5 6 8 15 9 -9 20 -11 23 12 -14 -15 28 21 26 -19 22 25 -22 -23 -24 -25 -26 -27 -28 -29 -30 -31
leaf_value=-0.0012436356714214246 0.00067475290343320653 -0.00019208381410116781 0.0011662565305353948 -0.00097852962001507976 -0.0010789806279950835 0.0018025384104522076 0.00015018291365426594 0.00039688134580982541 -0.00017811914354799033 -0.00062703437214839224 0.00086805717916593186 -0.00022298271284095284 0.00017525633421295431 -0.0002479555682743706 0.0005854317346539931 0.0019333854568829576 0.0012049954862746722 -0.00095151190472264483 -0.00088219174604174959 -0.00094419458518806942 0.0020367806087597273 0.0025471701008495406 -0.00059575435578161444 0.0012629089912848789 0.0016950036724119623 -0.00044621661716642456 0.0018479617065110543 0.0013045805932294266 0.0014473755472615112 0.00046234536771416762
leaf_weight=3616 2810 1502 2308 318 1488 1278 3740 2064 1120 378 2047 4479 2733 1203 1185 690 482 8867 2883 837 40 1412 7758 2262 787 2803 1862 72 246 2558
leaf_count=3616 2810 1502 2308 318 1488 1278 3740 2064 1120 378 2047 4479 2733 1203 1185 690 482 8867 2883 837 40 1412 7758 2262 787 2803 1862 72 246 2558
internal_value=-5.5431e-13 -0.000473184 0.00125711 -2.44313e-05 -0.000820059 0.00173281 0.000110392 0.000800265 -0.00063394 0.000315423 0.000917217 -0.00011035 -7.20693e-05 -0.000680246 0.000361516 0.00214032 0.00147957 -0.00103613 -0.000723122 -0.000428772 -0.000101743 0.00234569 -0.00067336 0.00107533 0.00130071 -0.000560724 0.00171575 -0.000123621 0.000733607 0.000276971
internal_weight=65828 47826 18002 20851 26975 8819 15637 9183 14492 8107 7119 7530 7212 13332 7729 3380 5439 12483 12129 5214 1160 2102 10641 4309 3095 3640 2344 1574 1431 6298
internal_count=65828 47826 18002 20851 26975 8819 15637 9183 14492 8107 7119 7530 7212 13332 7729 3380 5439 12483 12129 5214 1160 2102 10641 4309 3095 3640 2344 1574 1431 6298
is_linear=0
shrinkage=0.03


Tree=28
num_leaves=31
num_cat=0
split_feature=38 32 41 6 6 34 41 37 38 33 24 42 6 66 46 10 6 21 46 66 47 41 7 9 6 34 1 30 33 32
split_gain=40.979 7.67543 4.15872 1.25999 1.18843 0.818809 0.657157 0.557634 0.397089 0.381615 0.37795 0.369498 0.356157 0.267117 0.260685 0.250482 0.226585 0.201888 0.195948 0.187194 0.184778 0.168309 0.163606 0.156265 0.15317 0.147428 0.146744 0.209307 0.17975 0.144429
threshold=0.14131423085927966 2.2811323404312138 0.21429126709699634 0.21500000000000002 0.40500000000000008 5.5865817070007333 0.10678890720009805 0.27549821138381964 0.019907779991626743 1.577380955219269 1.0000000180025095e-35 0.20714057981967929 0.62500000000000011 5.4690755307674417 0.10665311291813852 0.662066996574039 0.03500000000000001 0.36500000000000005 0.063365064561367049 0.35247179865837103 0.14138683676719668 0.061610246077179916 0.90833333333333355 0.75407098160860375 0.015000000000000001 3.4669781923294072 1.5000000000000002 6.9375000000000009 1.4641025662422182 3.6459544897079472
decision_type=10 8 10 10 8 10 10 10 10 10 2 10 8 8 8 10 10 2 10 8 10 8 10 10 8 10 8 10 10 10
left_child=1 3 5 8 16 12 14 13 -1 19 18 15 -2 23 29 -7 -3 -11 -8 -5 -14 -18 -15 -4 -10 -23 27 -20 -28 -6
right_child=2 4 7 9 6 11 10 -9 24 17 -12 -13 20 22 -16 -17 21 -19 26 -21 -22 25 -24 -25 -26 -27 28 -29 -30 -31
leaf_value=-0.0011432470275151334 0.00026418631610607097 -0.0010949570510474635 0.0010151822118179847 -0.00083950633513830042 -0.00026255572134196444 0.0008173836724082443 0.00012818895799819737 0.0022294439532787986 -0.0011850541070281692 -0.00038954094408705936 -0.00059980030147847212 0.0015341168905875589 0.00052187509622304688 0.0016988454983353828 0.00018994790226478669 0.0013390694388773744 -0.00070227555146854567 0.00045033990945938943 0.00059508167198625821 -0.00052598613381617937 0.00092125167628825857 -0.00040642745682716236 0.0022560210121066672 0.0015604984613605589 -0.00079535240094988813 -4.2467331944639695e-05 -0.00078192425599843396 0.0026804740542799911 0.0003652846647701344 0.00010398323005756683
leaf_weight=6563 1711 389 688 3662 4293 2626 1851 1995 1020 4299 368 1524 1657 1800 2483 1210 960 274 2787 3222 2812 2521 644 1513 8246 1662 133 44 1622 1249
leaf_count=6563 1711 389 688 3662 4293 2626 1851 1995 1020 4299 368 1524 1657 1800 2483 1210 960 274 2787 3222 2812 2521 644 1513 8246 1662 133 44 1622 1249
internal_value=2.47235e-14 -0.00046235 0.00121177 -0.00079127 -2.15825e-05 0.000867595 0.000118398 0.00180994 -0.000964708 -0.000551649 0.000335265 0.00113894 0.000632254 0.00162977 -6.54998e-05 0.00098194 -0.000396838 -0.000339218 0.000388723 -0.000692766 0.000773172 -0.000344034 0.00184566 0.00139004 -0.000838251 -0.000261818 0.000493879 0.000627493 0.000278345 -0.000179949
internal_weight=65828 47648 18180 27286 20362 11540 14830 6640 15829 11457 6805 5360 6180 4645 8025 3836 5532 4573 6437 6884 4469 5143 2444 2201 9266 4183 4586 2831 1755 5542
internal_count=65828 47648 18180 27286 20362 11540 14830 6640 15829 11457 6805 5360 6180 4645 8025 3836 5532 4573 6437 6884 4469 5143 2444 2201 9266 4183 4586 2831 1755 5542
is_linear=0
shrinkage=0.03


Tree=29
num_leaves=31
num_cat=0
split_feature=40 40 38 6 32 38 34 1 6 17 21 42 6 1 46 6 33 6 17 47 17 47 66 6 34 40 47 7 33 41
split_gain=38.569 7.33312 3.86383 1.1265 1.07494 0.906099 0.574783 0.439922 0.418457 0.380454 0.330613 0.312214 0.303827 0.302761 0.280712 0.251925 0.246266 0.231033 0.230138 0.22754 0.216885 0.209586 0.182224 0.171446 0.170512 0.15694 0.156392 0.154846 0.135954 0.134976
threshold=0.14271399378776553 0.066641781479120268 0.19870864599943164 0.63500000000000012 0.85468485951423656 0.24277552962303164 3.4351332187652592 1.5000000000000002 0.70500000000000007 1.5000000000000002 0.19500000000000003 0.11616795137524606 0.085000000000000006 1.5000000000000002 0.15294393151998523 0.94500000000000006 5.7207791805267343 0.84500000000000008 1.0000000180025095e-35 0.053207876160740859 2.5000000000000004 0.034903753548860557 2.4705732017755513 0.91500000000000015 5.6930925846099862 0.16157235950231555 0.20690643042325976 0.028333333333333339 3.3346678018569951 0.15729860216379168
decision_type=10 10 8 10 8 10 10 8 10 2 2 10 8 8 8 8 8 10 2 10 2 8 10 8 10 10 10 8 10 8
left_child=1 4 7 6 27 17 9 14 10 -3 12 22 -6 16 -2 20 -8 -4 -15 -11 -7 -14 -5 25 -19 -16 -22 -1 -9 -13
right_child=2 3 5 11 8 15 13 28 -10 19 -12 29 21 18 23 -17 -18 24 -20 -21 26 -23 -24 -25 -26 -27 -28 -29 -30 -31
leaf_value=-0.0012600113478079759 0.0005963356644809423 -0.00088337014189695682 0.0011519274682200804 8.0584836549471404e-05 -0.0010367556091679898 0.00045669258932389738 0.0001516169572228782 -0.00026303891736976918 0.00016617109480115497 -0.00041254165937737144 -0.00022991698757392304 0.00048916843844693078 -0.00073495432144268314 -0.00065516178983946306 0.00057011980616709175 0.0022812567893740385 0.00092820255657319317 0.0010788779222220036 -2.7362781034631403e-05 -7.1382774817446018e-05 0.0012239505032319218 -0.00048254523138297378 0.00076227261578158212 0.0012878480957399083 0.0017226689441937209 0.0010154423726854429 0.001926385748433776 -0.00096020369796272253 0.0004613166150611424 0.0011580840550651863
leaf_weight=1913 2350 1007 2544 3712 2041 106 2564 268 580 3945 1503 2091 8086 661 1005 1401 429 479 2564 3176 325 4671 390 1319 1631 2445 2333 8181 1796 312
leaf_count=1913 2350 1007 2544 3712 2041 106 2564 268 580 3945 1503 2091 8086 661 1005 1401 429 479 2564 3176 325 4671 390 1319 1631 2445 2333 8181 1796 312
internal_value=5.58813e-13 -0.000445516 0.00118361 -2.2993e-05 -0.000772116 0.0016321 -0.000171478 0.000752893 -0.000625675 -0.000337567 -0.000653849 0.000304472 -0.000696907 4.56296e-05 0.000864698 0.00195354 0.000262928 0.00134443 -0.000156037 -0.000260383 0.00178743 -0.000642534 0.000145397 0.000996938 0.00157652 0.000885718 0.0018405 -0.00101702 0.000367263 0.000576019
internal_weight=65828 47826 18002 20851 26975 8819 14346 9183 16881 8128 16301 6505 14798 6218 7119 4165 2993 4654 3225 7121 2764 12757 4102 4769 2110 3450 2658 10094 2064 2403
internal_count=65828 47826 18002 20851 26975 8819 14346 9183 16881 8128 16301 6505 14798 6218 7119 4165 2993 4654 3225 7121 2764 12757 4102 4769 2110 3450 2658 10094 2064 2403
is_linear=0
shrinkage=0.03


Tree=30
num_leaves=31
num_cat=0
split_feature=38 32 40 32 6 34 42 6 34 24 6 41 6 66 41 41 26 17 6 6 66 1 41 34 5 40 47 1 21 29
split_gain=36.313 6.8172 3.71607 1.36453 0.930675 0.650879 0.62883 0.483873 0.331362 0.403495 0.315718 0.313561 0.311741 0.264147 0.233987 0.229879 0.195731 0.188806 0.188496 0.18676 0.186663 0.19036 0.185142 0.177211 0.164262 0.166276 0.160838 0.154567 0.153691 0.144885
threshold=0.14131423085927966 2.4669781923294072 0.2118552848696709 1.3241685032844546 0.39500000000000007 8.0140352249145526 0.18367512524127963 0.78500000000000014 2.7512886524200444 1.0000000180025095e-35 0.82500000000000007 0.018519282341003421 0.49500000000000005 8.1174672245979327 0.10375023260712625 0.064521577209234252 5.5000000000000009 1.0000000180025095e-35 0.6150000000000001 0.045000000000000005 6.179653763771058 1.5000000000000002 0.10678890720009805 5.3349359035491952 1.0000000180025095e-35 0.23902107775211337 0.063166826963424696 2.5000000000000004 0.22500000000000006 5.9000000953674325
decision_type=10 10 10 8 8 10 10 10 10 2 10 8 10 8 8 8 2 2 8 10 8 10 8 10 2 10 10 8 2 10
left_child=1 3 6 11 19 13 10 8 -6 22 14 -1 15 18 -2 17 -7 -5 -4 -3 21 -8 -10 -9 25 -18 -15 -17 -13 -21
right_child=2 4 5 12 7 16 20 23 9 -11 -12 28 -14 26 -16 27 24 -19 -20 29 -22 -23 -24 -25 -26 -27 -28 -29 -30 -31
leaf_value=-0.0010471846693441411 -0.00040912738105936843 -0.0010160405714208644 0.00031988566151994744 -0.0012416167461370201 -0.00021435872281477664 0.00054967751546937502 0.0010625709752759035 0.00040365710089088492 3.4195787601473725e-05 -0.00068183879332508882 0.00093195773176642878 -0.00081916364700665705 -0.00021580883378129835 0.00090891355776608073 0.00055160426815322903 -0.00026236871585671111 0.0016058722892640001 -0.0006281476340174668 0.0013317423938512863 -0.00032685053101667096 0.0014635678802733308 6.9774544493779288e-05 0.00033756631803047497 0.0011272956644371997 0.001300804915635336 0.0023025596861360126 0.0017943524945476662 -0.00070593590561078968 -0.00036373967893396636 0.00091081704298066424
leaf_weight=7305 239 357 177 487 3028 75 2041 2491 3132 487 2259 8192 2893 204 5028 2723 372 6197 2594 3950 1047 190 4291 347 208 1801 1945 955 726 87
leaf_count=7305 239 357 177 487 3028 75 2041 2491 3132 487 2259 8192 2893 204 5028 2723 372 6197 2594 3950 1047 190 4291 347 208 1801 1945 955 726 87
internal_value=6.21214e-13 -0.000435233 0.0011407 -0.000716961 2.18272e-05 0.0016598 0.00078631 0.000143086 5.25201e-05 0.000154683 0.000635261 -0.000901458 -0.000491153 0.00146069 0.000508009 -0.000568027 0.00205867 -0.000672845 0.00126711 -0.00035834 0.00113311 0.000978021 0.000209565 0.000492136 0.0021062 0.00218329 0.0017103 -0.000377542 -0.000782088 -0.000300178
internal_weight=65828 47648 18180 29478 18170 7376 10804 13776 10938 7910 7526 16223 13255 4920 5267 10362 2456 6684 2771 4394 3278 2231 7423 2838 2381 2173 2149 3678 8918 4037
internal_count=65828 47648 18180 29478 18170 7376 10804 13776 10938 7910 7526 16223 13255 4920 5267 10362 2456 6684 2771 4394 3278 2231 7423 2838 2381 2173 2149 3678 8918 4037
is_linear=0
shrinkage=0.03


Tree=31
num_leaves=31
num_cat=0
split_feature=40 40 38 6 42 41 30 1 6 24 30 46 66 17 46 34 34 6 21 1 42 41 6 6 6 6 6 60 40 45
split_gain=34.1894 6.49508 3.43318 1.04293 0.94024 0.816658 0.656816 0.400786 0.368735 0.30977 0.298212 0.256334 0.24692 0.238924 0.264621 0.22603 0.221437 0.215402 0.197321 0.196676 0.193399 0.17731 0.172931 0.171235 0.157992 0.155088 0.146857 0.142949 0.142578 0.141413
threshold=0.14271399378776553 0.065930861979722991 0.19870864599943164 0.37500000000000006 0.032266147434711463 0.2500103116035462 3.4064372777938847 1.5000000000000002 0.085000000000000006 1.0000000180025095e-35 5.9375000000000009 0.15294393151998523 0.51962637715041649 1.0000000180025095e-35 0.085739552974700942 4.9172372817993173 7.5540316104888925 0.76500000000000012 0.17500000000000002 1.5000000000000002 0.23224332928657535 0.059168713167309768 0.8650000000000001 0.03500000000000001 0.91500000000000015 0.57500000000000007 0.20500000000000004 36.70000000000001 0.16157235950231555 0.19077301025390628
decision_type=10 10 10 8 8 10 10 8 8 2 10 10 8 2 10 10 10 10 2 8 10 8 8 8 8 10 10 10 10 10
left_child=1 4 7 19 18 17 13 11 -6 15 12 -2 -10 -5 -15 -8 -7 20 23 21 -4 -3 -18 -1 28 -14 -21 -17 -13 -19
right_child=2 3 5 6 8 16 9 -9 10 -11 -12 24 25 14 -16 27 22 29 -20 26 -22 -23 -24 -25 -26 -27 -28 -29 -30 -31
leaf_value=-0.0011630838302876504 0.00055865063428890552 -0.0010398505752519088 0.00089534537829047401 -0.00090639495309496106 -0.00092356650421386458 0.0015919361039395284 0.00022587478332409283 0.00034030133827421424 -0.00064115389230267543 -0.00055385529590455999 0.0020817604204639794 0.00053388472685547814 -0.00043029462150998981 -0.00020738921252735611 0.00016459061431912147 0.00090647818489373081 0.0017034329897249573 0.00096857069596177744 -0.00056425097251122333 -0.00072003848750598772 0.0016221134332854534 -4.4105758812899392e-06 0.0022829050827610983 -0.0008943179526423212 0.001220725198024402 3.7315909266308749e-05 -0.00034061876209454643 0.00039837288042877592 0.00095834206837887217 0.0015247045208064461
leaf_weight=2914 2350 166 1504 319 2228 1278 5610 2064 6447 378 40 1005 5183 4584 2756 798 690 476 1222 1648 422 1440 1412 7965 1319 728 2073 1327 2445 3037
leaf_count=2914 2350 166 1504 319 2228 1278 5610 2064 6447 378 40 1005 5183 4584 2756 798 690 476 1222 1648 422 1440 1412 7965 1319 728 2073 1327 2445 3037
internal_value=-6.52566e-13 -0.00041946 0.00111438 -2.59767e-05 -0.000730085 0.00153714 9.66022e-05 0.000708379 -0.000568235 0.000284705 -0.00050438 0.000815096 -0.00051275 -0.000102651 -6.77194e-05 0.000325684 0.00190335 0.00130956 -0.000925707 -0.000388904 0.00105459 -0.000111436 0.00209269 -0.000966308 0.000941463 -0.000372704 -0.000508661 0.000589181 0.000834696 0.00144935
internal_weight=65828 47826 18002 21099 26727 8819 15772 9183 14626 8113 12398 7119 12358 7659 7340 7735 3380 5439 12101 5327 1926 1606 2102 10879 4769 5911 3721 2125 3450 3513
internal_count=65828 47826 18002 21099 26727 8819 15772 9183 14626 8113 12398 7119 12358 7659 7340 7735 3380 5439 12101 5327 1926 1606 2102 10879 4769 5911 3721 2125 3450 3513
is_linear=0
shrinkage=0.03


Tree=32
num_leaves=31
num_cat=0
split_feature=38 41 41 6 6 34 66 37 17 42 66 46 6 30 32 6 66 1 38 47 42 41 39 20 21 17 1 33 34 21
split_gain=32.1922 6.05351 3.31044 0.995993 0.987785 0.680104 0.551006 0.456232 0.412646 0.518069 0.320341 0.310833 0.306654 0.277219 0.269294 0.252108 0.229643 0.225006 0.196847 0.180284 0.175426 0.159886 0.156137 0.155665 0.151281 0.149361 0.146633 0.212354 0.141848 0.140604
threshold=0.14131423085927966 0.062328843399882324 0.21429126709699634 0.19500000000000003 0.62500000000000011 5.5865817070007333 0.51962637715041649 0.27549821138381964 1.0000000180025095e-35 0.088642925024032607 4.6664418652653703 0.063365064561367049 0.47500000000000003 5.0625000000000009 3.2251712083816533 0.015000000000000001 5.4690755307674417 1.5000000000000002 0.15560706704854968 0.0847664810717106 0.22945055365562442 0.10375023260712625 0.18793978542089465 1.0000000180025095e-35 0.22500000000000006 2.5000000000000004 1.5000000000000002 1.2583333253860476 1.3162280917167666 0.74500000000000011
decision_type=10 10 10 8 10 10 8 10 2 10 8 10 8 10 8 10 8 8 10 10 10 10 10 2 2 2 8 10 10 2
left_child=1 3 5 15 8 12 24 16 13 -10 18 -6 -2 -3 23 -1 -4 -16 -7 -14 -12 -11 -21 -8 28 -18 -13 -28 -5 -29
right_child=2 4 7 6 11 10 14 -9 9 21 20 26 19 -15 17 -17 25 -19 -20 22 -22 -23 -24 -25 -26 -27 27 29 -30 -31
leaf_value=-0.0011313674751086186 -8.9305939708048317e-06 -0.00074710564570079348 0.0012224698042536469 -0.00086551512797543946 -5.855653888892069e-06 0.00025294583318136865 -0.00048562416344182923 0.0019871648935241362 -0.00030229205634279286 -8.4334733264190736e-05 0.0011711313808841228 0.00055960882920717413 0.00032592071001212521 0.00088082293754412975 0.00064836064652892464 -0.00082213197139997145 0.00038622218117447248 -0.00026502039287473376 0.00092064228707631655 0.00059818958966735721 0.0018796557421293257 0.00022365365122969987 0.00099001574004081716 -6.3209018598423404e-05 -0.00021329129997216763 0.0016886217559318917 -0.0013264160809250405 0.00021474597149431128 -0.00061165789362149488 0.00157238087253063
leaf_weight=3213 767 1387 2201 3697 2260 465 4458 1995 6152 2725 1780 2774 1312 101 425 9073 82 566 2733 2722 382 3422 1379 953 546 2362 78 1478 4268 72
leaf_count=3213 767 1387 2201 3697 2260 465 4458 1995 6152 2725 1780 2774 1312 101 425 9073 82 566 2733 2722 382 3422 1379 953 546 2362 78 1478 4268 72
internal_value=3.48369e-13 -0.000409794 0.00107403 -0.000702993 -1.9814e-05 0.000766953 -0.000538216 0.00160772 -0.000164752 -0.000107665 0.00101425 0.000280136 0.00055247 -0.000636608 -0.00032796 -0.000903002 0.00144475 0.000126692 0.000823557 0.000632018 0.00129632 8.71207e-05 0.000729945 -0.000411227 -0.000696372 0.00164492 0.000426965 0.000200949 -0.000729487 0.00027781
internal_weight=65828 47648 18180 27199 20449 11540 14913 6640 13787 12299 5360 6662 6180 1488 6402 12286 4645 991 3198 5413 2162 6147 4101 5411 8511 2444 4402 1628 7965 1550
internal_count=65828 47648 18180 27199 20449 11540 14913 6640 13787 12299 5360 6662 6180 1488 6402 12286 4645 991 3198 5413 2162 6147 4101 5411 8511 2444 4402 1628 7965 1550
is_linear=0
shrinkage=0.03


Tree=33
num_leaves=31
num_cat=0
split_feature=40 32 38 32 6 34 34 6 10 42 1 32 6 66 47 41 5 1 66 9 17 41 34 17 31 66 33 41 60 21
split_gain=30.2952 5.77305 3.05993 1.16269 0.802865 0.696416 0.421799 0.410268 0.310474 0.289901 0.317594 0.279721 0.275851 0.235068 0.228465 0.215139 0.204842 0.198916 0.189311 0.186354 0.18198 0.17671 0.176311 0.175512 0.172098 0.155756 0.154339 0.151547 0.150385 0.141946
threshold=0.14271399378776553 2.4669781923294072 0.22419096529483798 1.3241685032844546 0.69500000000000006 4.6114752292633066 7.6677703857421884 0.30500000000000005 0.67096935376415734 0.087884671986103072 2.5000000000000004 0.66278746724128734 0.59500000000000008 1.2954058907926085 0.049181876704096801 0.064521577209234252 1.0000000180025095e-35 1.5000000000000002 3.323871642351151 0.91436686888326435 1.0000000180025095e-35 0.11292070895433427 4.2684748172760019 2.5000000000000004 7.2714221477508554 6.4677278399467477 11.035714149475099 0.28912203013896948 28.900000000000002 0.14500000000000005
decision_type=10 10 10 8 10 10 10 8 10 10 8 10 10 8 10 8 2 10 8 10 2 8 10 2 10 8 8 10 10 2
left_child=1 3 5 11 7 14 25 -3 17 -9 21 -1 15 -6 -2 20 27 18 -7 -20 -5 -11 26 -12 -16 -4 -15 -8 -10 -13
right_child=2 4 6 12 13 8 16 9 28 10 23 29 -14 22 24 -17 -18 -19 19 -21 -22 -23 -24 -25 -26 -27 -28 -29 -30 -31
leaf_value=-0.00095169165292815648 6.3234871009703461e-05 -0.00040876239215650021 0.0011407171940728247 -0.0011530648885797368 8.0368364693377711e-05 0.00068056275061412327 0.0017876951819096843 -0.00021832193531932814 0.0028851211716995596 1.5579155572147884e-05 -0.00080991385468876767 -0.00074314361910509871 -8.3118915636955877e-05 0.00041909562825297094 0.00048192987532328768 -0.00032717529389188161 0.0010451883460922456 0.00039603436442414816 0.0010099174576279561 0.002399426779709756 -0.00055586456107780075 0.00034073029444037651 0.00082970646581048007 2.4005628717228922e-05 0.0011283382205874658 0.0015711496701956492 -0.00069225388652557733 0.0022719917448764258 0.0011725379366723185 -0.00032069426849154817
leaf_weight=7987 1042 2918 1457 492 1702 2219 1726 3799 47 2862 479 7444 1647 1791 2353 4222 246 892 2496 90 6894 3171 1074 432 440 1574 120 877 2543 792
leaf_count=7987 1042 2918 1457 492 1702 2219 1726 3799 47 2862 479 7444 1647 1791 2353 4222 246 892 2496 90 6894 3171 1074 432 440 1574 120 877 2543 792
internal_value=-3.72861e-13 -0.000394849 0.001049 -0.000654888 2.29296e-05 0.000776591 0.00161058 -9.33101e-05 0.000931278 -7.62729e-06 0.000107642 -0.000825193 -0.000446448 0.000361729 0.000442331 -0.000497999 0.00187266 0.000807466 0.000883844 0.00105828 -0.000595646 0.000186482 0.000522156 -0.000414466 0.000583763 0.00136424 0.000349309 0.00195086 0.00120362 -0.00070252
internal_weight=65828 47826 18002 29478 18348 12122 5880 13661 8287 10743 6944 16223 13255 4687 3835 11608 2849 5697 4805 2586 7386 6033 2985 911 2793 3031 1911 2603 2590 8236
internal_count=65828 47826 18002 29478 18348 12122 5880 13661 8287 10743 6944 16223 13255 4687 3835 11608 2849 5697 4805 2586 7386 6033 2985 911 2793 3031 1911 2603 2590 8236
is_linear=0
shrinkage=0.03


Tree=34
num_leaves=31
num_cat=0
split_feature=38 41 40 6 6 38 47 6 6 6 34 24 34 47 17 6 17 1 21 9 21 34 30 6 30 1 41 34 42 66
split_gain=28.5308 5.38503 2.9564 0.989067 0.787204 0.666679 0.469896 0.440312 0.409463 0.338155 0.241169 0.24108 0.314119 0.240076 0.233176 0.216564 0.196983 0.175407 0.172682 0.167455 0.165956 0.158862 0.156897 0.155458 0.15171 0.161887 0.138479 0.136661 0.13426 0.133348
threshold=0.14131423085927966 0.066919423639774336 0.20171272754669192 0.23500000000000001 0.40500000000000008 0.24277552962303164 0.011885712854564192 0.72500000000000009 0.78500000000000014 0.70500000000000007 5.7440440654754648 1.0000000180025095e-35 2.9631887674331669 0.042714552953839309 1.5000000000000002 0.94500000000000006 2.5000000000000004 1.5000000000000002 0.34500000000000008 0.72849848369603032 0.22500000000000006 4.6666829586029062 4.6247093677520761 0.065000000000000016 3.6124999523162846 1.5000000000000002 0.11292070895433427 6.2176702022552499 0.25304441154003149 1.2557312808930876
decision_type=10 10 10 10 8 10 8 8 10 10 10 2 10 8 2 8 2 8 2 10 2 10 10 8 8 8 10 10 10 8
left_child=1 3 7 6 14 19 -1 17 11 13 -9 12 18 20 27 16 -7 21 -6 28 -5 -2 -11 -8 -25 -26 -14 -3 -4 -10
right_child=2 4 5 9 8 15 23 10 29 22 -12 -13 26 -15 -16 -17 -18 -19 -20 -21 -22 -23 -24 24 25 -27 -28 -29 -30 -31
leaf_value=-0.00091786739297538081 0.00022716607884145699 -0.00080550314540396833 0.00080402754194358714 -0.00061759772948146439 -0.00018327694739989702 0.00026663626326110893 -0.00083853244944808553 0.00064676004759099551 0.00014077737859324001 -4.7721561758848595e-06 0.001043044787425027 -0.00060987416352312706 6.8736450363108081e-05 -0.00026290678749047429 -0.0002126051284312665 0.0019938021461899692 0.0015857583568957452 9.875004214015515e-05 0.00060160367939776421 0.0012750990576849534 -9.7137309284563565e-05 0.0007019914983071629 0.0013913592340644224 -0.00056831013994692171 0.00083891287615691171 -0.00034681683133580766 0.00034758302528449905 0.00098599014056708245 0.002455650325269823 0.00059283924165736118
leaf_weight=10343 975 914 1196 6680 3844 106 1770 3171 852 873 2450 487 3303 3201 4361 1397 2623 1173 270 3229 601 1814 79 4494 141 391 3114 40 46 1890
leaf_count=10343 975 914 1196 6680 3844 106 1770 3171 852 873 2450 487 3303 3201 4361 1397 2623 1173 270 3229 601 1814 79 4494 141 391 3114 40 46 1890
internal_value=6.57442e-13 -0.000385787 0.00101111 -0.000646371 4.54862e-06 0.00141502 -0.000790537 0.00064876 0.000124326 -0.000430273 0.000819487 4.26863e-05 7.28636e-05 -0.000479441 -0.000305543 0.00169003 0.00153452 0.000406546 -0.000131766 0.00116123 -0.000574637 0.000535998 0.000111083 -0.000596749 -0.000511601 -3.25539e-05 0.000204053 -0.000730388 0.000865199 0.000452374
internal_weight=65828 47648 18180 28573 19075 8597 17139 9583 13760 11434 5621 11018 10531 10482 5315 4126 2729 3962 4114 4471 7281 2789 952 6796 5026 532 6417 954 1242 2742
internal_count=65828 47648 18180 28573 19075 8597 17139 9583 13760 11434 5621 11018 10531 10482 5315 4126 2729 3962 4114 4471 7281 2789 952 6796 5026 532 6417 954 1242 2742
is_linear=0
shrinkage=0.03


Tree=35
num_leaves=31
num_cat=0
split_feature=30 40 40 6 37 38 42 17 42 21 66 6 6 66 42 32 56 41 17 66 21 47 34 6 41 21 1 7 15 46
split_gain=26.8779 4.92628 3.20746 0.944989 0.742605 0.686628 0.461924 0.43319 0.419492 0.342699 0.337648 0.279729 0.206054 0.204764 0.195909 0.186308 0.17918 0.176851 0.170802 0.166406 0.154977 0.150084 0.148224 0.148082 0.147987 0.138868 0.121326 0.12109 0.127557 0.119096
threshold=4.7459497451782235 0.065930861979722991 0.19593440741300586 0.62500000000000011 0.020518578588962558 0.24277552962303164 0.15233300626277926 1.5000000000000002 0.088642925024032607 0.10500000000000002 1.2334901541471484 0.16500000000000004 0.94500000000000006 0.62266709096729767 0.23469445854425433 6.1310906410217294 0.15306051820516589 0.10375023260712625 6.5000000000000009 3.2700540013611321 0.74500000000000011 0.20690643042325976 7.2016947269439706 0.8650000000000001 0.15875087678432467 0.19500000000000003 1.5000000000000002 0.93833333333333346 -0.056559675975764188 0.26282225549221044
decision_type=10 10 8 10 8 10 10 2 10 2 8 8 8 8 10 10 8 8 2 8 2 10 10 10 10 2 8 10 10 10
left_child=1 4 6 7 -1 14 15 26 -9 11 -5 -6 18 -13 21 -2 -12 -10 29 -8 24 -4 -17 25 -18 -23 -3 -21 -29 -7
right_child=2 3 5 10 9 12 19 8 17 -11 16 13 -14 -15 -16 22 20 -19 -20 27 -22 23 -24 -25 -26 -27 -28 28 -30 -31
leaf_value=-0.00088297674743095269 0.00027171475068400714 -5.9888202650151725e-05 0.00079776860355195811 -4.049855909017365e-05 -0.00079010254710639057 -0.00075708935715871435 0.00060769893555576106 -0.00030201762515127864 -0.00012300782630953228 -0.00017768027215106329 0.00013892250200156915 -0.00061140370144434364 0.0019399771093229247 -0.00034986024820394358 0.0015714950182560145 0.00063311198118848864 0.00040446423210169073 0.0002008584803884946 0.0015639159054408316 0.00091444516526379761 0.0016333296150592754 0.00091031273906850728 0.0021916104301855171 0.001422286419825826 0.00099801293507276179 0.0019657540542800784 -0.00070632830195040206 0.0031355449214385336 0.0011019002674168275 0.0010274101438776694
leaf_weight=8589 3827 313 1458 2325 4533 41 2373 5455 2698 2039 1522 7056 1398 4358 748 1035 2451 3468 2501 2254 112 1542 58 1220 447 121 1582 46 70 188
leaf_count=8589 3827 313 1458 2325 4533 41 2373 5455 2698 2039 1522 7056 1398 4358 748 1035 2451 3468 2501 2254 112 1542 58 1220 447 121 1582 46 70 188
internal_value=-4.81401e-13 -0.00038442 0.00095592 -3.3441e-05 -0.000653489 0.00135629 0.000574028 -0.00017897 -0.000110387 -0.0005439 0.000253415 -0.000590725 0.00164379 -0.000511543 0.00112308 0.000370373 0.000404198 5.91473e-05 0.00149211 0.000785283 0.000538334 0.00104582 0.000715814 0.00117126 0.000496016 0.000987107 -0.000599555 0.000963092 0.00190835 0.000707915
internal_weight=65828 46948 18880 20373 26575 9217 9663 13516 11621 17986 6857 15947 4128 11414 5089 4920 4532 6166 2730 4743 3010 4341 1093 2883 2898 1663 1895 2370 116 229
internal_count=65828 46948 18880 20373 26575 9217 9663 13516 11621 17986 6857 15947 4128 11414 5089 4920 4532 6166 2730 4743 3010 4341 1093 2883 2898 1663 1895 2370 116 229
is_linear=0
shrinkage=0.03


Tree=36
num_leaves=31
num_cat=0
split_feature=40 30 41 6 33 34 34 37 41 6 42 17 17 21 7 41 6 47 10 66 47 6 21 43 1 66 6 47 30 29
split_gain=25.2948 4.86532 2.59483 1.00487 0.788426 0.613102 0.515386 0.378602 0.307684 0.29826 0.287388 0.279836 0.216483 0.21349 0.21153 0.219925 0.192057 0.190786 0.189509 0.181736 0.164629 0.15766 0.156294 0.151486 0.14218 0.139587 0.165967 0.127423 0.124413 0.12262
threshold=0.14271399378776553 2.1339285373687749 0.21429126709699634 0.37500000000000006 0.92582416534423839 4.6114752292633066 4.9172372817993173 0.27549821138381964 0.099968954920768752 0.69500000000000006 0.22945055365562442 1.0000000180025095e-35 5.5000000000000009 0.32500000000000007 0.10833333333333338 0.069404896348714842 0.94500000000000006 0.028060344047844413 0.6407008495145633 4.5697754248976716 0.047814264893531806 0.015000000000000001 0.17500000000000002 0.097761068493127837 2.5000000000000004 7.5365358367562303 0.52500000000000013 0.31023524701595312 5.8660714626312265 5.5499999523162851
decision_type=10 8 10 8 10 10 10 10 10 10 10 2 2 2 10 8 10 10 10 8 10 8 2 10 8 8 8 10 10 10
left_child=1 4 5 14 21 17 8 12 23 13 16 -10 27 20 -3 -16 25 -2 28 -14 -6 -1 -13 24 -5 26 -7 -4 -8 -17
right_child=2 3 7 6 9 10 18 -9 11 -11 -12 22 19 -15 15 29 -18 -19 -20 -21 -22 -23 -24 -25 -26 -27 -28 -29 -30 -31
leaf_value=-0.0010153331783290737 -2.1295090467211713e-05 -0.00090636722391147112 0.00018810724190588946 -0.00013643819751442974 -0.00061292787110210981 0.00012092659161246586 0.00025954046291152931 0.001772956623005628 -0.00050515050855501537 0.00010549364293254137 0.0014155012583820712 0.00018966120134272175 0.0010924347564269035 -7.491250493960455e-05 -0.00055156659045865655 -0.00019558545011317502 0.0012242513919436353 0.00048431814793041349 0.0010191081182654633 0.0014994727565457984 -0.0003509914525135436 -0.00075749343435025577 0.00076186324580451411 0.00012011819041469455 -0.00060851529399025186 0.00094585984114696476 0.00069668217819083438 0.0011719989420083158 0.00091239105266596743 0.00073202665857585584
leaf_weight=2759 888 567 241 4654 9115 509 1692 1995 497 732 695 5117 1573 913 2014 3594 765 2757 490 2651 2830 9427 469 1857 655 1768 3927 233 311 133
leaf_count=2759 888 567 241 4654 9115 509 1692 1995 497 732 695 5117 1573 913 2014 3594 765 2757 490 2651 2830 9427 469 1857 655 1768 3927 233 311 133
internal_value=-6.63809e-13 -0.000360794 0.000958524 -3.36432e-05 -0.000640655 0.000681438 9.45565e-05 0.00142671 2.00958e-05 -0.000483541 0.000833772 0.00017701 0.00127967 -0.000517074 -0.000353573 -0.000298977 0.000775758 0.00036114 0.000490276 0.00134789 -0.00055087 -0.00081587 0.000237703 -0.000113104 -0.000194681 0.000720455 0.000630618 0.00067175 0.000360907 -0.000162483
internal_weight=65828 47826 18002 22050 25776 11309 15742 6693 13249 13590 7664 6083 4698 12858 6308 5741 6969 3645 2493 4224 11945 12186 5586 7166 5309 6204 4436 474 2003 3727
internal_count=65828 47826 18002 22050 25776 11309 15742 6693 13249 13590 7664 6083 4698 12858 6308 5741 6969 3645 2493 4224 11945 12186 5586 7166 5309 6204 4436 474 2003 3727
is_linear=0
shrinkage=0.03


Tree=37
num_leaves=31
num_cat=0
split_feature=30 41 40 6 6 38 17 47 1 33 42 44 33 6 6 42 6 21 17 41 6 66 65 6 16 47 6 78 41 42
split_gain=23.8316 4.39876 2.85494 0.818944 0.812374 0.609304 0.46217 0.421836 0.42024 0.337265 0.311391 0.270869 0.230797 0.213171 0.192936 0.176819 0.175145 0.164371 0.157637 0.149561 0.140112 0.136216 0.141797 0.13597 0.12678 0.12373 0.118393 0.116546 0.116081 0.109767
threshold=4.7459497451782235 0.066919423639774336 0.19593440741300586 0.19500000000000003 0.62500000000000011 0.24277552962303164 1.5000000000000002 0.028939323499798778 1.5000000000000002 6.1846590042114267 0.088642925024032607 0.21579381823539737 2.6396104097366337 0.015000000000000001 0.94500000000000006 0.23469445854425433 0.92500000000000016 0.075000000000000025 6.5000000000000009 0.10881606861948968 0.63500000000000012 2.2148775681853299 39.083333333333343 0.50500000000000012 1.0000000180025095e-35 0.011885712854564192 0.82500000000000007 1152.5000000000002 0.21662530303001407 0.038352509960532195
decision_type=10 10 8 8 10 10 2 8 8 8 10 10 10 10 8 10 8 2 2 10 10 8 10 8 2 8 10 2 10 10
left_child=1 3 8 13 6 15 -3 17 9 21 -8 19 -10 -1 18 20 -11 29 -7 -6 -4 -2 -23 -9 26 -15 -21 28 -22 -5
right_child=2 4 5 7 11 14 10 23 12 16 -12 -13 -14 25 -16 -17 -18 -19 -20 24 27 22 -24 -25 -26 -27 -28 -29 -30 -31
leaf_value=-0.00098885442642606715 0.00031137619042986137 -0.00059431706143846415 0.00063369518050171458 -0.00073020822521886373 2.5711599334840727e-05 0.00064853857966687921 -0.00024228214231665531 -0.0003881686328040979 -0.0004986701937131358 0.00077236124002856869 8.525957292534389e-05 0.00072943553729190515 0.00031766140306097951 -0.00079918890913320149 0.0018352810104827145 0.0014841702044602978 0.0013205068085602868 -0.00021654421248343562 0.0014708881615609882 0.00024246405441846882 0.00097699546975771822 0.00081020266194837805 0.00035788236784588847 -0.00010854805050897076 -0.00099659195584770786 -0.00057669217547076581 0.00067632539205134156 0.00067609909563000781 0.0013568366746466323 -0.00051591557350041137
leaf_weight=3225 2030 1763 828 4260 2581 229 4947 3536 372 1978 5535 992 1923 5343 1398 748 714 1005 2501 1843 1649 1639 1007 2808 62 3885 817 573 1291 4346
leaf_count=3225 2030 1763 828 4260 2581 229 4947 3536 372 1978 5535 992 1923 5343 1398 748 714 1005 2501 1843 1649 1639 1007 2808 62 3885 817 573 1291 4346
internal_value=6.84002e-13 -0.000361981 0.00090012 -0.000596572 -2.5268e-06 0.00127785 -0.000144911 -0.000454268 0.000539825 0.000650241 -6.93244e-05 0.000274439 0.000185341 -0.000778894 0.00154867 0.00105817 0.000917746 -0.000579595 0.00140191 0.000189325 0.000984761 0.000496237 0.000638061 -0.000264402 0.000344464 -0.000705517 0.000375721 0.00106751 0.00114379 -0.000621991
internal_weight=65828 46948 18880 28408 18540 9217 12245 15955 9663 7368 10482 6295 2295 12453 4128 5089 2692 9611 2730 5303 4341 4676 2646 6344 2722 9228 2660 3513 2940 8606
internal_count=65828 46948 18880 28408 18540 9217 12245 15955 9663 7368 10482 6295 2295 12453 4128 5089 2692 9611 2730 5303 4341 4676 2646 6344 2722 9228 2660 3513 2940 8606
is_linear=0
shrinkage=0.03


Tree=38
num_leaves=31
num_cat=0
split_feature=32 40 32 1 34 34 6 38 17 66 6 33 41 33 47 66 21 66 34 17 47 30 21 6 6 66 6 17 6 67
split_gain=22.4428 4.79439 2.16109 0.935815 0.6145 0.6046 0.574902 0.341679 0.340735 0.289471 0.289178 0.289026 0.283506 0.282273 0.254685 0.194601 0.192697 0.169759 0.168571 0.161579 0.156086 0.147699 0.1592 0.145597 0.130076 0.13614 0.123355 0.122603 0.122185 0.120529
threshold=3.6759549379348759 0.19593440741300586 1.6069693565368655 1.5000000000000002 7.4175565242767343 4.5793287754058847 0.49500000000000005 0.019907779991626743 1.0000000180025095e-35 0.97730762138962757 0.8650000000000001 2.0014230012893681 0.066919423639774336 6.4083333015441903 0.18079827725887301 8.1174672245979327 0.075000000000000025 6.179653763771058 3.4351332187652592 1.0000000180025095e-35 0.083198733627796187 3.4064372777938847 0.085000000000000006 0.8650000000000001 0.69500000000000006 3.04472428560257 0.21500000000000002 10.500000000000002 0.23500000000000001 -0.01454791035058464
decision_type=10 10 8 8 10 10 10 10 2 8 8 10 8 8 10 8 2 8 10 2 8 10 2 8 8 8 8 2 8 10
left_child=2 3 7 5 14 20 12 -1 -5 -8 -6 -10 19 17 -3 27 28 -7 26 -4 -2 22 -11 -15 -13 -26 -14 -16 -9 -23
right_child=1 4 6 8 10 13 9 16 11 21 -12 24 18 23 15 -17 -18 -19 -20 -21 -22 29 -24 -25 25 -27 -28 -29 -30 -31
leaf_value=-0.00082840254195251661 7.9694860186981512e-05 0.00064448345996830916 -0.0010231386217092733 -0.00056073535543970494 0.0011997388335544695 0.00048457062645465814 -0.00023513340080700193 -0.00071751480101679341 -0.00061724105969781313 -4.3918514045854313e-05 0.0017271625057475478 8.5534832999228431e-05 -0.00056507499788373261 0.00080917994539451954 0.00060777698247619304 0.0014013475482606383 -0.00023460629264304326 0.00093714788989074729 1.0740183875496903e-05 -0.00045745408159786246 0.0004216145526332205 0.00079276105032448471 0.00054895953307802173 0.0013191513115648297 0.00015668107467948648 0.00069489556889207706 -0.00023027937180370358 0.0010901291916044426 -0.00051163362750946252 0.00012722599184460213
leaf_weight=7786 1948 1241 497 705 1562 3240 3043 5255 407 2583 2333 2585 1316 1248 618 1545 1348 969 1987 5307 3136 509 484 845 852 840 4004 2039 5124 472
leaf_count=7786 1948 1241 497 705 1562 3240 3043 5255 407 2583 2333 2585 1316 1248 618 1545 1348 969 1987 5307 3136 509 484 845 852 840 4004 2039 5124 472
internal_value=-9.21429e-13 0.00068313 -0.000449165 0.000379842 0.00122796 0.000533996 -0.000231672 -0.000674337 5.4143e-05 -1.40587e-05 0.00151565 0.00014669 -0.000349367 0.000730347 0.0010221 0.00113362 -0.000572047 0.000588763 -0.000225036 -0.000505894 0.000290604 0.00015213 4.96429e-05 0.00101507 0.000219386 0.00042388 -0.000313097 0.000977937 -0.000615873 0.000472544
internal_weight=65828 26113 39715 16775 9338 11386 20202 19513 5389 7091 3895 4684 13111 6302 5443 4202 11727 4209 7307 5804 5084 4048 3067 2093 4277 1692 5320 2657 10379 981
internal_count=65828 26113 39715 16775 9338 11386 20202 19513 5389 7091 3895 4684 13111 6302 5443 4202 11727 4209 7307 5804 5084 4048 3067 2093 4277 1692 5320 2657 10379 981
is_linear=0
shrinkage=0.03


Tree=39
num_leaves=31
num_cat=0
split_feature=30 41 40 6 6 34 17 42 66 42 47 46 66 62 6 6 32 34 5 66 7 35 30 1 20 21 38 21 39 21
split_gain=21.1245 3.89869 2.52373 0.83346 0.653182 0.55552 0.396583 0.376514 0.373991 0.320425 0.263491 0.261587 0.209799 0.194919 0.185573 0.175391 0.161804 0.177725 0.149811 0.147324 0.143135 0.139974 0.130033 0.214071 0.124769 0.115261 0.114314 0.10926 0.109086 0.107963
threshold=4.7459497451782235 0.061610246077179916 0.19593440741300586 0.62500000000000011 0.19500000000000003 8.0140352249145526 1.0000000180025095e-35 0.15233300626277926 0.51962637715041649 0.088642925024032607 0.20690643042325976 0.064989525824785246 8.1174672245979327 34.900000000000006 0.015000000000000001 0.8650000000000001 6.01281762123108 7.2016947269439706 1.0000000180025095e-35 7.0899168401956567 0.93333333333333346 0.17108014225959781 3.1833333969116215 1.5000000000000002 1.0000000180025095e-35 0.22500000000000006 0.29128988087177282 0.15500000000000003 0.23482014238834384 0.72500000000000009
decision_type=10 10 8 10 8 10 2 10 8 10 10 10 8 10 10 8 10 10 2 8 10 10 8 8 2 2 8 2 10 2
left_child=1 4 7 6 14 10 -3 16 25 -8 -4 -5 18 -13 -1 28 -2 -18 -12 20 -9 -21 24 -24 -10 -6 -17 -16 -7 -11
right_child=2 3 5 11 8 15 9 19 22 29 12 13 -14 -15 27 26 17 -19 -20 21 -22 -23 23 -25 -26 -27 -28 -29 -30 -31
leaf_value=-0.00093587655988241277 0.00022588749565285353 -0.00064002374815096293 0.00074186968720228264 -5.0813997737217196e-06 -0.00060209172948110141 0.00078681708602129977 -0.00025577799311378712 0.00055016774482967033 -0.00039474931005971278 3.7033663511347573e-05 0.0010711072219833371 0.00058407392656789322 0.0014129946557306058 0.00017716416449207054 -0.00070734104629510599 0.0015610629335774486 0.00053967896860759249 0.0021757790901409902 0.00026639235647785706 0.0012506858415574859 0.0012865010278665066 0.00058136391471129802 0.00054639270548108494 -0.00033841616850278331 -1.3159125455979634e-05 -0.00014899552728376067 0.0020701957426871483 -0.00037858721391013136 0.0014674386157579413 0.0011331235648916534
leaf_weight=3198 3697 1386 1772 2296 7862 314 6191 3305 4294 5904 2645 2248 1918 2004 7975 1053 1160 63 226 721 256 461 436 565 940 540 637 1027 652 82
leaf_count=3198 3697 1386 1772 2296 7862 314 6191 3305 4294 5904 2645 2248 1918 2004 7975 1053 1160 63 226 721 256 461 436 565 940 540 637 1027 652 82
internal_value=4.48409e-13 -0.000340802 0.000847455 -2.49944e-05 -0.00057746 0.0012026 -0.000159185 0.000508704 -0.000442338 -0.000104456 0.00105441 0.000252958 0.00117006 0.000392294 -0.000739573 0.00156865 0.000324839 0.000623959 0.00100776 0.000699431 0.000603103 0.000989639 -0.000266303 4.69751e-05 -0.000326218 -0.000572971 0.00175297 -0.000669835 0.0012462 5.20486e-05
internal_weight=65828 46948 18880 20111 26837 9217 13563 9663 14637 12177 6561 6548 4789 4252 12200 2656 4920 1223 2871 4743 3561 1182 6235 1001 5234 8402 1690 9002 966 5986
internal_count=65828 46948 18880 20111 26837 9217 13563 9663 14637 12177 6561 6548 4789 4252 12200 2656 4920 1223 2871 4743 3561 1182 6235 1001 5234 8402 1690 9002 966 5986
is_linear=0
shrinkage=0.03


Tree=40
num_leaves=31
num_cat=0
split_feature=32 40 32 1 38 34 6 32 33 26 66 33 41 21 42 6 47 17 66 34 17 6 46 6 17 1 66 17 13 66
split_gain=19.9298 4.22918 1.91834 0.852843 0.563075 0.543179 0.512243 0.31457 0.313957 0.310849 0.264376 0.258807 0.250991 0.174044 0.169161 0.168204 0.167482 0.155678 0.153318 0.153246 0.149814 0.148032 0.136442 0.134654 0.131657 0.130593 0.127227 0.129117 0.126705 0.120916
threshold=3.6759549379348759 0.19593440741300586 1.6069693565368655 1.5000000000000002 0.24277552962303164 4.5793287754058847 0.49500000000000005 0.66278746724128734 2.0014230012893681 1.5000000000000002 0.97730762138962757 6.4083333015441903 0.066919423639774336 0.075000000000000025 0.23469445854425433 0.94500000000000006 0.061763904988765723 2.5000000000000004 6.179653763771058 4.0672316551208505 1.0000000180025095e-35 0.68500000000000016 0.18176515400409701 0.8650000000000001 1.5000000000000002 2.5000000000000004 0.64230767637491237 10.500000000000002 -1.4999999999999998 3.04472428560257
decision_type=10 10 8 8 10 10 10 10 10 2 8 8 8 2 10 8 10 2 8 10 2 8 10 8 2 8 10 2 10 8
left_child=2 3 7 5 14 21 12 -1 -5 -10 -8 18 20 -9 16 17 -3 -6 -7 24 -4 -2 -12 -13 25 28 -18 -28 -14 -11
right_child=1 4 6 8 15 11 10 13 9 29 22 23 19 -15 -16 -17 26 -19 -20 -21 -22 -23 -24 -25 -26 -27 27 -29 -30 -31
leaf_value=-0.00078011926805780557 8.5872490503833385e-05 0.00035154259334646022 -0.00097478955286970531 -0.00058942094859580185 0.00014146269574456918 0.0004575799514812523 -0.00022421934741985992 -0.00057685963276972235 -0.00052071754019787728 8.3055751603459615e-05 8.6380437764485668e-05 0.00076679914976271945 0.00028026332761510274 -0.00020932058098853737 0.0013628238404145778 0.0016842343285069239 0.0011841775365750457 0.0013248431501397099 0.00088768386011813915 0.00011904782943937245 -0.00043008750640289705 0.00041365736541926207 0.0006557455343254784 0.0012572323728252085 -0.00020667047697776422 -0.00087806777756098842 0.00045498166398118392 0.00094156586762832487 -0.00068289026701027719 0.00040941480665362121
leaf_weight=7987 2145 486 497 616 104 3240 3043 10218 580 2430 3625 1248 240 1308 755 1399 1305 2635 969 1071 5307 2939 423 845 5166 578 650 2004 252 1763
leaf_count=7987 2145 486 497 616 104 3240 3043 10218 580 2430 3625 1248 240 1308 755 1399 1305 2635 969 1071 5307 2939 423 845 5166 578 650 2004 252 1763
internal_value=7.02341e-13 0.000643748 -0.000423271 0.000358898 0.00115546 0.000506059 -0.000218357 -0.00063542 4.79726e-05 0.000130234 -1.29446e-05 0.000692169 -0.000329453 -0.00053515 0.000947648 0.00141661 0.000877129 0.00127991 0.000556599 -0.000212469 -0.000476731 0.000275361 0.000145877 0.0009648 -0.000269405 -0.000572288 0.000941649 0.000822395 -0.000213059 0.000220278
internal_weight=65828 26113 39715 16775 9338 11386 20202 19513 5389 4773 7091 6302 13111 11526 5200 4138 4445 2739 4209 7307 5804 5084 4048 2093 6236 1070 3959 2654 492 4193
internal_count=65828 26113 39715 16775 9338 11386 20202 19513 5389 4773 7091 6302 13111 11526 5200 4138 4445 2739 4209 7307 5804 5084 4048 2093 6236 1070 3959 2654 492 4193
is_linear=0
shrinkage=0.03


Tree=41
num_leaves=31
num_cat=0
split_feature=40 32 38 32 1 41 34 17 21 41 30 6 41 6 33 60 6 17 47 42 17 60 41 47 36 42 61 34 44 17
split_gain=18.7531 4.15142 1.55395 0.905955 0.634469 0.444587 0.407269 0.352835 0.284582 0.243783 0.236874 0.223998 0.220426 0.207689 0.199606 0.171874 0.157072 0.156132 0.149994 0.144591 0.14284 0.137113 0.135499 0.129954 0.122629 0.121694 0.124882 0.118116 0.116125 0.114867
threshold=0.15163138508796695 2.7120831012725835 0.23424874246120456 1.3241685032844546 1.5000000000000002 0.12368092685937883 4.4818122386932382 1.0000000180025095e-35 0.075000000000000025 0.088198039680719389 7.0625000000000009 0.82500000000000007 0.062328843399882324 0.84500000000000008 0.51666668057441723 39.100000000000009 0.30500000000000005 2.5000000000000004 0.0013402321492321791 0.20922583341598514 3.5000000000000004 28.733333333333338 0.29546356201171881 0.028060344047844413 0.27037687599658972 0.048309199512004859 32.833333333333336 3.8438932895660405 0.29002575576305395 1.0000000180025095e-35
decision_type=10 10 10 8 8 8 10 2 2 10 10 10 8 8 10 10 8 2 10 10 2 10 10 10 10 8 10 10 10 2
left_child=1 3 6 14 5 23 18 -6 12 -9 27 19 29 17 -1 -12 -11 -4 -2 -8 -20 -13 -15 -3 -21 -14 -27 -7 -19 -5
right_child=2 4 13 8 7 10 11 9 -10 16 15 21 25 22 -16 -17 -18 28 20 24 -22 -23 -24 -25 -26 26 -28 -29 -30 -31
leaf_value=-0.00075341144735033825 -0.00016512074278732212 -0.00013243861924058591 -0.0001347586928374855 -0.00095778898490149597 -0.00062698191008796601 0.00020745318596476642 0.00058075583887624567 -0.00028332094661805753 9.124399390267731e-06 -0.00035178882382296429 0.0031975243843044153 0.0023022429006489212 -0.00062986383263236836 0.0013629888497105971 -0.00054273964600415011 0.00065877047498361205 0.00016237710426581986 0.00077750167595116754 -0.00037203673252901223 0.00090738544276570336 0.00053029034997863407 0.00094252668436593009 0.0018208880793812799 0.00017025828385574732 0.0024179163725142751 -5.380558962944823e-05 -0.00033732382622447745 0.00053297737030880306 0.001316675207030645 -0.00046241038191916097
leaf_weight=8474 407 2114 93 449 1083 1522 4059 2462 1927 623 48 68 679 2457 7749 48 3774 550 171 938 2060 3619 762 3222 51 2628 2988 2943 1038 6822
leaf_count=8474 407 2114 93 449 1083 1522 4059 2462 1927 623 48 68 679 2457 7749 48 3774 550 171 938 2060 3619 762 3222 51 2628 2988 2943 1038 6822
internal_value=-2.52994e-13 -0.000290163 0.000883614 -0.000496094 7.59619e-05 0.000236233 0.000691186 -0.000123761 -0.000332023 -4.43052e-05 0.000453716 0.000789844 -0.000380482 0.00133024 -0.000652783 0.00192815 8.95262e-05 0.00105997 0.000364509 0.00066001 0.000461129 0.000967604 0.00147138 5.03368e-05 0.000985279 -0.000250517 -0.000204652 0.000422015 0.00112993 -0.000493001
internal_weight=65828 49555 16273 31716 17839 9897 11373 7942 15493 6859 4561 8735 13566 4900 16223 96 4397 1681 2638 5048 2231 3687 3219 5336 989 6295 5616 4465 1588 7271
internal_count=65828 49555 16273 31716 17839 9897 11373 7942 15493 6859 4561 8735 13566 4900 16223 96 4397 1681 2638 5048 2231 3687 3219 5336 989 6295 5616 4465 1588 7271
is_linear=0
shrinkage=0.03


Tree=42
num_leaves=31
num_cat=0
split_feature=32 40 32 41 6 34 1 66 17 41 47 33 33 41 26 47 5 6 26 46 1 42 42 30 21 43 21 17 17 21
split_gain=17.6685 3.75901 1.69806 0.751412 0.529088 0.523916 0.415123 0.314765 0.282079 0.279658 0.27358 0.222205 0.221595 0.219411 0.217121 0.192278 0.177201 0.173284 0.161483 0.156012 0.155703 0.164785 0.142172 0.131028 0.125369 0.124919 0.1219 0.112477 0.109856 0.109786
threshold=3.6759549379348759 0.19593440741300586 1.4055752754211428 0.15607480704784396 0.43500000000000005 7.003676414489747 1.5000000000000002 0.94529048167169105 6.5000000000000009 0.2704679816961289 0.024493039585649971 2.0014230012893681 0.51666668057441723 0.064521577209234252 2.5000000000000004 0.061763904988765723 1.0000000180025095e-35 0.82500000000000007 5.5000000000000009 0.18176515400409701 2.5000000000000004 0.088642925024032607 0.21165713667869571 6.6458332538604745 0.32500000000000007 0.29440438747406011 0.075000000000000025 1.5000000000000002 1.0000000180025095e-35 0.28500000000000009
decision_type=10 8 8 10 10 10 8 8 2 10 8 10 10 8 2 10 2 8 2 10 8 8 8 10 2 10 2 2 2 2
left_child=2 3 12 6 13 8 10 -6 25 16 -2 -8 -1 28 -13 -10 18 -5 -7 29 21 -15 -20 24 -12 -3 -14 -22 -4 -9
right_child=1 5 4 17 7 9 11 19 15 -11 23 14 26 20 -16 -17 -18 -19 22 -21 27 -23 -24 -25 -26 -27 -28 -29 -30 -31
leaf_value=-0.00072994999321239484 -3.4684754913277474e-05 -0.00015704106142047126 -0.00089604372183520208 0.0004807639102242021 -0.00024651409620029879 4.6738696078486658e-05 -0.00057000472120988656 3.3150547398958598e-06 0.0003486235163776609 0.0016208048180596049 0.00036319678379901656 -0.0004674479572808303 -0.00055524922928149836 -0.00030451043546129926 0.00015156966667337173 0.0010170016030088083 0.00037464312363770302 0.00082166322040631954 0.00083397105738271043 0.00061980513403159417 -0.00079894037702372316 3.1308987872166731e-05 0.0013651419787876265 0.0010108399587470801 0.0010013941150545903 0.00075720835871716306 -0.00019991299525326192 -0.00028291612901434302 -0.00043919434517038377 0.0004940782736281347
leaf_weight=8616 1383 322 516 3216 4161 104 597 4171 433 1674 4799 607 7664 2936 3190 3676 251 2303 577 480 643 2382 2119 337 294 231 980 930 5781 455
leaf_count=8616 1383 322 516 3216 4161 104 597 4171 433 1674 4799 607 7664 2936 3190 3676 251 2303 577 480 643 2382 2119 337 294 231 980 930 5781 455
internal_value=9.52435e-13 0.000606129 -0.000398535 0.000336481 -0.000226553 0.00108659 0.000195373 -5.28333e-05 0.000860961 0.00130922 0.000342004 -3.19815e-05 -0.000622282 -0.000348623 5.26116e-05 0.000946569 0.00113826 0.000623016 0.00120671 0.000105002 -0.000231649 -0.000154093 0.00125146 0.000437946 0.000400038 0.000224861 -0.000514964 -0.000493853 -0.00047663 5.15851e-05
internal_weight=65828 26113 39715 16726 22455 9387 11207 9267 4662 4725 6813 4394 17260 13188 3797 4109 3051 5519 2800 5106 6891 5318 2696 5430 5093 553 8644 1573 6297 4626
internal_count=65828 26113 39715 16726 22455 9387 11207 9267 4662 4725 6813 4394 17260 13188 3797 4109 3051 5519 2800 5106 6891 5318 2696 5430 5093 553 8644 1573 6297 4626
is_linear=0
shrinkage=0.03


Tree=43
num_leaves=31
num_cat=0
split_feature=30 38 33 1 6 41 6 47 66 17 41 5 38 6 20 21 34 18 6 34 70 26 38 21 66 47 66 21 33 42
split_gain=16.644 3.21233 1.96866 0.780016 0.449075 0.448799 0.428051 0.366133 0.257092 0.24415 0.240642 0.18234 0.176435 0.17446 0.163545 0.159387 0.157199 0.155779 0.155652 0.153223 0.144097 0.136985 0.133596 0.131294 0.122589 0.121463 0.120683 0.131315 0.117598 0.116906
threshold=3.9375000000000004 0.19870864599943164 1.9993203878402712 1.5000000000000002 0.14500000000000005 0.2500103116035462 0.62500000000000011 0.11456930264830591 0.35247179865837103 1.0000000180025095e-35 0.14015210419893268 1.0000000180025095e-35 0.090532526373863234 0.88500000000000012 1.0000000180025095e-35 0.045000000000000005 3.1005049943923955 1.0000000180025095e-35 0.84500000000000008 5.3349359035491952 49.500000000000007 5.5000000000000009 0.16578983515501025 0.50500000000000012 0.40046057850122457 0.16042833775281909 9.0062659531831759 0.37500000000000006 5.3038463592529306 0.23469445854425433
decision_type=10 8 10 8 8 10 10 8 8 2 10 2 8 8 2 2 10 2 8 10 8 2 10 2 10 10 8 2 10 8
left_child=2 3 4 7 23 11 9 22 -6 -4 26 19 14 16 -11 25 -9 -10 20 28 -7 -21 -2 -1 -18 -8 -5 -28 -3 -23
right_child=1 5 6 10 8 18 15 13 17 12 -12 -13 -14 -15 -16 -17 24 -19 -20 21 -22 29 -24 -25 -26 -27 27 -29 -30 -31
leaf_value=-0.00071844782216342175 0.00015055877825914359 5.2704216658146971e-06 -0.00086820210251113716 -0.00018535551240118258 -0.00055921565015780244 0.0017942882233246168 -1.9576085919387528e-05 -0.00015010131765854303 -0.0003394865290718734 -0.00031825108792543302 0.00034314858639776448 0.0003349397590363381 -1.0390306684851065e-05 0.00082794355107799935 7.4478330371188239e-05 0.00054174434591098717 0.00081847189878587914 0.00035532686454035797 0.0014813150613511154 7.5586886503375487e-05 0.00086532266861663295 0.00096513188551888862 0.00064954645010531194 -0.00023471491958087915 0.00047165983992305508 0.00043562333144729783 0.00017952771297566756 0.0019728614233899861 0.00080803325972499237 0.0013243227301557093
leaf_weight=9293 2723 227 477 2713 7390 184 2960 298 7569 6418 1604 457 3857 2412 1121 752 1230 302 2368 130 820 2937 587 534 3608 642 452 40 594 1129
leaf_count=9293 2723 227 477 2713 7390 184 2960 298 7569 6418 1604 457 3857 2412 1121 752 1230 302 2368 130 820 2937 587 534 3608 642 452 40 594 1129
internal_value=-1.71365e-13 0.000619299 -0.000367442 0.000361243 -0.00053399 0.00107634 -0.000109949 0.000502118 -0.000432139 -0.000203256 4.31694e-05 0.000908625 -0.000175423 0.00061748 -0.000259855 0.000144492 0.000518641 -0.000312827 0.0013486 0.000960882 0.00103557 0.00103422 0.00023905 -0.000692162 0.000559832 6.15561e-05 -0.000106961 0.000325327 0.000586076 0.00106487
internal_weight=65828 24513 41315 15667 25088 8846 16227 10858 15261 11873 4809 5474 11396 7548 7539 4354 5136 7871 3372 5017 1004 4196 3310 9827 4838 3602 3205 492 821 4066
internal_count=65828 24513 41315 15667 25088 8846 16227 10858 15261 11873 4809 5474 11396 7548 7539 4354 5136 7871 3372 5017 1004 4196 3310 9827 4838 3602 3205 492 821 4066
is_linear=0
shrinkage=0.03


Tree=44
num_leaves=31
num_cat=0
split_feature=30 40 33 1 6 37 34 6 24 66 41 66 66 66 7 42 47 18 21 21 66 21 11 21 12 43 11 63 34 17
split_gain=15.6603 3.03299 1.85565 0.690313 0.504391 0.463291 0.369941 0.347278 0.298365 0.238704 0.227541 0.226347 0.224306 0.213101 0.173593 0.159742 0.144323 0.12617 0.125949 0.125291 0.11667 0.122775 0.115473 0.114042 0.111149 0.109341 0.108061 0.107372 0.104708 0.105101
threshold=3.9375000000000004 0.19593440741300586 1.577380955219269 1.5000000000000002 0.49500000000000005 0.27549821138381964 4.6403691768646249 0.075000000000000025 1.0000000180025095e-35 1.0532078146934511 0.14015210419893268 0.5128171630203725 3.5727997720241551 4.6664418652653703 0.89416666666666689 0.075002010911703124 0.060209251940250404 1.0000000180025095e-35 0.045000000000000005 0.27500000000000008 9.0062659531831759 0.37500000000000006 0.78597308290915924 0.115 0.70775729872488291 0.088630039244890227 0.76919028814060553 0.47745197635967523 7.003676414489747 5.5000000000000009
decision_type=10 8 10 8 10 10 10 8 2 8 10 8 8 8 10 10 8 2 2 2 8 2 10 2 8 10 10 8 10 2
left_child=2 3 7 6 8 13 16 -1 15 -6 20 -9 22 25 23 19 -2 -13 -11 -4 -5 -22 -8 28 26 -3 -16 -18 29 -15
right_child=1 5 4 10 9 -7 12 11 -10 18 -12 17 -14 14 24 -17 27 -19 -20 -21 21 -23 -24 -25 -26 -27 -28 -29 -30 -31
leaf_value=-0.00073211194630806232 -3.5912438200484716e-07 7.6184268515983904e-05 -0.00037071480430712314 -0.00018258499661980197 -0.00015504164690772706 0.0014094657152057268 0.00045320628877971802 -0.00055675810344048542 -0.00091178635948993515 0.00010998654909344933 0.00034418523732104709 -0.00034890611187796941 0.00085099935161162704 1.9620954438767853e-06 0.0030108053722234665 -0.00010029621349141998 0.0008796390471235158 0.0003881700720044158 0.00052544090574223746 0.00016811947447448598 0.00017900287786103163 0.0019136756085790694 0.0015124486564585056 0.0014679568489907851 0.0012607493444021247 0.00076471018881449099 0.0010402907001553102 0.00031174267680733625 0.0010740908787403242 0.00078821712020694901
leaf_weight=6316 1323 225 5658 2719 3231 2174 3707 9858 615 3869 1476 5679 2381 172 67 4664 338 217 791 417 448 40 95 313 1086 2681 40 2640 1202 1386
leaf_count=6316 1323 225 5658 2719 3231 2174 3707 9858 615 3869 1476 5679 2381 172 67 4664 338 217 791 417 448 40 95 313 1086 2681 40 2640 1202 1386
internal_value=4.47046e-13 0.00060072 -0.000356419 0.000338768 -0.000141112 0.00102582 0.000474036 -0.000544166 -0.00026915 4.31152e-05 3.59404e-05 -0.000468816 0.000622667 0.000909533 0.0010445 -0.000232348 0.000260368 -0.000321778 0.000180507 -0.000333728 -0.000105927 0.000321189 0.000479673 0.000925263 0.00135164 0.0007114 0.00227416 0.000376198 0.000863719 0.000701416
internal_weight=65828 24513 41315 15167 19245 9346 10484 22070 11354 7891 4683 15754 6183 7172 4266 10739 4301 5896 4660 6075 3207 488 3802 3073 1193 2906 107 2978 2760 1558
internal_count=65828 24513 41315 15167 19245 9346 10484 22070 11354 7891 4683 15754 6183 7172 4266 10739 4301 5896 4660 6075 3207 488 3802 3073 1193 2906 107 2978 2760 1558
is_linear=0
shrinkage=0.03


Tree=45
num_leaves=31
num_cat=0
split_feature=32 40 6 41 42 34 66 1 47 47 6 33 26 66 46 34 17 34 6 63 6 21 30 21 1 30 21 5 9 21
split_gain=14.7598 3.13303 1.44352 0.638196 0.466198 0.454956 0.44376 0.345284 0.237206 0.229489 0.221513 0.201582 0.198831 0.184389 0.173309 0.168145 0.161145 0.160908 0.156623 0.156177 0.144639 0.138337 0.148651 0.132624 0.123852 0.117498 0.116264 0.115252 0.114766 0.112269
threshold=3.6759549379348759 0.19593440741300586 0.31500000000000006 0.15607480704784396 0.034163950011134155 8.0140352249145526 0.94529048167169105 1.5000000000000002 0.024493039585649971 0.20690643042325976 0.015000000000000001 2.0014230012893681 2.5000000000000004 8.1174672245979327 0.069457061588764205 3.9050836563110356 1.0000000180025095e-35 5.2944946289062509 0.92500000000000016 0.51610909423375706 0.8650000000000001 0.22500000000000006 2.6124999523162846 0.28500000000000009 1.5000000000000002 6.6458332538604745 0.32500000000000007 1.0000000180025095e-35 0.57529850226668333 0.69500000000000006
decision_type=10 8 10 10 8 10 8 8 8 10 8 10 2 8 10 8 2 10 10 10 8 2 10 2 8 10 2 2 8 2
left_child=2 3 4 7 -1 9 21 8 -2 24 -6 -9 -13 27 17 16 -12 -8 -5 -16 -7 22 -4 -21 28 26 -10 -11 -3 -18
right_child=1 5 6 18 10 20 14 11 25 13 15 12 -14 -15 19 -17 29 -19 -20 23 -22 -23 -24 -25 -26 -27 -28 -29 -30 -31
leaf_value=-0.00065715280811802447 -3.9250341056476882e-05 -0.00058725176334735885 -0.00042058624914031144 0.00050998460166391173 -0.00082824708889792499 0.0010321727214143443 -0.00014394293968762514 -0.00054202238404821345 0.00032946519277285869 0.00087421194660223091 -0.00072374160993820993 -0.00044667515653955378 0.00014569582766584129 0.0011963703605733244 0.00043524162397418049 -5.8131335257975959e-05 -0.00037037574671995501 0.0015055556499606205 0.00098448599077285807 -5.923986646524121e-05 0.0014925242550617715 0.00010274457903960238 -0.00013633238301361808 0.00057612828850700677 -8.5357947579392898e-05 0.00094335130796538392 0.00094404946867737683 0.00017325288046244938 0.00071857437894985113 0.00037029887888549755
leaf_weight=10860 1383 63 5243 4799 963 965 3709 597 4799 2702 1208 607 3190 1942 1290 1499 9070 54 720 2143 1690 725 2420 343 223 337 294 229 1573 188
leaf_count=10860 1383 63 5243 4799 963 965 3709 597 4799 2702 1208 607 3190 1942 1290 1499 9070 54 720 2143 1690 725 2420 343 223 337 294 229 1573 188
internal_value=7.60505e-13 0.000553993 -0.000364256 0.000307819 -0.00051225 0.000992633 -0.000143218 0.000177776 0.000311505 0.000861472 -0.000390525 -2.95743e-05 5.09976e-05 0.000969659 2.38146e-05 -0.000355295 -0.000397857 -0.000120272 0.000571887 0.000167405 0.0013252 -0.000293344 -0.000330818 2.84236e-05 0.000577884 0.00040084 0.000364943 0.000819446 0.000668289 -0.000355335
internal_weight=65828 26113 39715 16726 23788 9387 15927 11207 6813 6732 12928 4394 3797 4873 7539 11965 10466 3763 5519 3776 2655 8388 7663 2486 1859 5430 5093 2931 1636 9258
internal_count=65828 26113 39715 16726 23788 9387 15927 11207 6813 6732 12928 4394 3797 4873 7539 11965 10466 3763 5519 3776 2655 8388 7663 2486 1859 5430 5093 2931 1636 9258
is_linear=0
shrinkage=0.03


Tree=46
num_leaves=31
num_cat=0
split_feature=30 38 33 1 6 30 47 6 24 66 38 26 33 47 66 41 6 21 21 5 34 38 36 18 66 21 47 62 15 21
split_gain=13.8946 2.68599 1.65583 0.655938 0.453724 0.393689 0.314628 0.311718 0.30019 0.203052 0.202357 0.197611 0.213164 0.195971 0.213895 0.168097 0.159118 0.152516 0.144837 0.134938 0.130738 0.127126 0.120654 0.11733 0.116449 0.143406 0.105368 0.105049 0.0993716 0.0959331
threshold=3.9375000000000004 0.19870864599943164 1.577380955219269 1.5000000000000002 0.62500000000000011 9.0625000000000018 0.13139819353818896 0.075000000000000025 1.0000000180025095e-35 0.5128171630203725 0.08098838105797769 2.5000000000000004 2.6396104097366337 0.16261423379182818 8.1174672245979327 0.2704679816961289 0.88500000000000012 0.26500000000000007 0.045000000000000005 1.0000000180025095e-35 3.0729489326477055 0.16578983515501025 0.25279064476490026 1.0000000180025095e-35 3.04472428560257 0.40500000000000008 0.16042833775281909 26.900000000000002 -0.49680618801072918 0.045000000000000005
decision_type=10 8 10 8 10 10 8 8 2 8 10 2 10 10 8 8 8 2 2 2 10 10 10 2 8 2 10 10 8 2
left_child=2 3 7 6 8 13 21 29 10 -9 17 -5 -13 -3 19 -7 20 -4 26 -15 -8 -2 28 -11 -14 -26 -6 -16 -22 -1
right_child=1 5 4 11 18 15 16 9 -10 23 -12 12 24 14 27 -17 -18 -19 -20 -21 22 -23 -24 -25 25 -27 -28 -29 -30 -31
leaf_value=-0.00073771522240848985 0.00016037566790566126 0.00047973539179022766 -0.00031675082803464777 -0.00043487710563829191 -2.2698742895335873e-05 0.0010022097994670245 -0.00020872381754304377 -0.00052498199788007826 -0.00086199475370431699 -0.00032858206270378846 -4.7153572502007058e-05 -0.00035303518126861088 6.5844742215270921e-05 0.00084299144560080991 0.0020044144379926365 0.0015129585553918725 0.00078448111910383645 0.00017089878722817257 0.00048600047265482597 0.00016673513333050332 0.0019147684963271867 0.00060112491616579576 0.0017605853784872399 0.00038220263491231787 0.00033546906811225729 0.0014722675774181779 0.00039713070424648533 0.001117194191581735 0.00048186157732414567 -0.00039763571075406029
leaf_weight=5451 3158 1021 7700 682 3219 963 236 9858 618 5679 5616 719 1973 3037 128 1458 2290 624 822 291 44 724 69 217 1327 108 646 1948 4337 865
leaf_count=5451 3158 1021 7700 682 3219 963 236 9858 618 5679 5616 719 1973 3037 128 1458 2290 624 822 291 44 724 69 217 1327 108 646 1948 4337 865
internal_value=4.23253e-13 0.000565842 -0.000335725 0.000329873 -0.000132341 0.000983764 0.000459058 -0.000513076 -0.000214993 -0.000441688 -0.00018631 3.8192e-05 0.000116368 0.000860911 0.000932928 0.0013098 0.000579525 -0.000280195 0.000124381 0.00078386 0.000479365 0.000242576 0.000515857 -0.000302422 0.0002154 0.000421026 4.7472e-05 0.0011719 0.000496253 -0.00069114
internal_weight=65828 24513 41315 15667 19245 8846 10858 22070 14558 15754 13940 4809 4127 6425 5404 2421 6976 8324 4687 3328 4686 3882 4450 5896 3408 1435 3865 2076 4381 6316
internal_count=65828 24513 41315 15667 19245 8846 10858 22070 14558 15754 13940 4809 4127 6425 5404 2421 6976 8324 4687 3328 4686 3882 4450 5896 3408 1435 3865 2076 4381 6316
is_linear=0
shrinkage=0.03


Tree=47
num_leaves=31
num_cat=0
split_feature=32 41 6 34 42 66 41 1 30 6 6 21 66 46 34 1 34 5 17 63 62 66 21 30 26 34 6 66 64 21
split_gain=13.0841 2.78521 1.29512 0.679543 0.419212 0.402628 0.362695 0.294772 0.290765 0.2111 0.20069 0.191897 0.163476 0.161338 0.161008 0.156741 0.152995 0.149948 0.144755 0.131951 0.131679 0.129751 0.127123 0.131854 0.126365 0.120219 0.117731 0.113402 0.115074 0.112232
threshold=3.6759549379348759 0.19165225327014926 0.31500000000000006 5.4378511905670175 0.034163950011134155 0.94529048167169105 0.2500103116035462 2.5000000000000004 9.0625000000000018 0.39500000000000007 0.015000000000000001 0.30500000000000005 7.5365358367562303 0.20396616309881213 2.47285008430481 1.5000000000000002 3.9050836563110356 1.0000000180025095e-35 1.0000000180025095e-35 0.50032912734500146 31.550000000000004 1.662917669862509 0.22500000000000006 2.6124999523162846 11.500000000000002 7.2016947269439706 0.89500000000000013 3.6244571506977086 3.8333333333333335 0.36500000000000005
decision_type=10 10 10 10 8 8 10 8 10 8 8 2 8 10 10 10 8 2 2 10 10 8 2 10 2 10 10 8 8 2
left_child=2 3 4 7 -1 22 12 9 15 -2 -6 26 17 -8 29 20 18 24 -12 -16 -5 -13 23 -4 -3 -15 -11 -22 -29 -7
right_child=1 6 5 8 10 14 13 -9 -10 11 16 21 -14 25 19 -17 -18 -19 -20 -21 27 -23 -24 -25 -26 -27 -28 28 -30 -31
leaf_value=-0.00062054390800821721 -0.00018779731689069228 -5.8067263530307065e-05 -0.00039705432719591385 0.00099000385152675421 -0.00078434964921271033 -0.00017387461540819752 0.00035668220110593793 -0.00030225944184630161 0.0016766902567968435 0.00018443272380204651 -0.00068364271915376338 -4.1996462309993255e-05 0.0010178378816740564 0.00096094669688767773 0.00043787630519184805 0.00014013375242094515 -5.0714975379676816e-05 8.5630655891266489e-05 -0.0003344734511839755 5.061064517949899e-05 0.00038674546397217651 0.0010089522490823201 0.00010310798776265762 -0.00012934113545901905 0.00078132887534590044 0.0013523015981428933 0.00050665158964640115 7.4822404199307227e-05 0.00084332690001198403 0.0004254462130200692
leaf_weight=10860 1048 170 5243 683 963 3234 201 1084 210 7943 1208 136 1931 1020 1088 758 1499 349 9258 2909 1988 475 725 2420 3195 2298 1171 204 1249 308
leaf_count=10860 1048 170 5243 683 963 3234 201 1084 210 7943 1208 136 1931 1020 1088 758 1499 349 9258 2909 1988 475 725 2420 3195 2298 1171 204 1249 308
internal_value=4.85745e-13 0.000521598 -0.000342956 0.000293778 -0.000483137 -0.000133587 0.000942956 0.000169294 0.000583647 0.000216743 -0.000367709 0.000260337 0.000793942 0.001182 2.55157e-05 0.000536629 -0.000334176 0.000677534 -0.000374775 0.000156026 0.000609506 0.000775026 -0.000276587 -0.00031251 0.000738923 0.00123199 0.000225833 0.000533981 0.00073543 -0.00012176
internal_weight=65828 26113 39715 16949 23788 15927 9164 11857 5092 10773 12928 9725 5645 3519 7539 4882 11965 3714 10466 3997 4124 611 8388 7663 3365 3318 9114 3441 1453 3542
internal_count=65828 26113 39715 16949 23788 15927 9164 11857 5092 10773 12928 9725 5645 3519 7539 4882 11965 3714 10466 3997 4124 611 8388 7663 3365 3318 9114 3441 1453 3542
is_linear=0
shrinkage=0.03


Tree=48
num_leaves=31
num_cat=0
split_feature=40 30 38 1 33 41 6 34 30 6 33 6 6 60 21 17 6 21 60 47 47 17 44 21 47 45 42 36 46 59
split_gain=12.3309 2.75651 1.04227 0.598378 0.528727 0.468697 0.295432 0.294602 0.237443 0.225462 0.213633 0.166853 0.166196 0.162355 0.160574 0.137038 0.135503 0.129444 0.126908 0.125759 0.123372 0.127009 0.11849 0.107644 0.107531 0.10655 0.106222 0.108712 0.102688 0.0985367
threshold=0.15163138508796695 2.4642857313156132 0.23424874246120456 1.5000000000000002 0.92582416534423839 0.11399188265204431 0.34500000000000003 4.4818122386932382 7.0625000000000009 0.70500000000000007 2.7596154212951665 0.82500000000000007 0.84500000000000008 39.100000000000009 0.33500000000000008 2.5000000000000004 0.65500000000000014 0.15500000000000003 28.733333333333338 0.049181876704096801 -0.019467490725219246 4.5000000000000009 0.14039091020822528 0.16500000000000004 0.079988863319158568 0.03738438896834851 0.20922583341598514 0.27037687599658972 0.14624595642089847 33.833333333333336
decision_type=10 8 10 8 10 8 10 10 8 10 10 10 8 10 2 2 8 2 10 10 10 2 10 2 10 10 10 10 10 10
left_child=1 4 7 5 17 16 -5 20 23 14 -8 26 15 -10 19 -4 -3 -1 -13 -6 -2 -22 -14 -7 -17 -18 -9 -28 -25 -12
right_child=2 3 12 6 9 8 10 11 13 -11 29 18 22 -15 -16 24 25 -19 -20 -21 21 -23 -24 28 -26 -27 27 -29 -30 -31
leaf_value=-0.00060794520606283057 -0.00033414083974259319 -0.00014731545158631809 -0.00027877260360025587 -0.00031976642548994566 -0.00042299644598073967 0.00029608396037779242 -0.00028036279767943957 0.00046284308644635826 0.0024262307959479691 0.00013358380280095378 0.00043359173996577734 0.002080258524870527 -0.00035570522461649635 0.00047213489057393299 1.7744571545863173e-05 2.6665042717248636e-05 -0.00010499407623376075 -0.00029070361480260104 0.00077212110954550566 -0.00021599697357653098 -0.00033711658833040429 0.00041962121422545141 0.0012297269345961888 0.00035100016538299031 0.00097536742377424691 0.00032396996207844709 0.00073622414972373575 0.0021584594235173429 0.0013532474364686224 5.2719963395328785e-05
leaf_weight=11199 264 3273 93 4670 10254 5207 1634 4059 83 952 768 68 43 71 1035 116 852 1291 3619 3558 220 2154 3176 194 1472 1342 938 51 175 2997
leaf_count=11199 264 3273 93 4670 10254 5207 1634 4059 83 952 768 68 43 71 1035 116 852 1291 3619 3558 220 2154 3176 194 1472 1342 938 51 175 2997
internal_value=6.63221e-13 -0.00023529 0.000716513 2.2771e-05 -0.000429286 0.000173678 -0.000145041 0.000558919 0.000363267 -0.000313968 6.09138e-06 0.000642828 0.00108229 0.00152532 -0.000342666 0.000840516 -2.50321e-05 -0.000575154 0.000796247 -0.000369673 0.000281079 0.000349494 0.00120855 0.000331173 0.000906067 0.00015739 0.000530773 0.000809565 0.000826321 0.000130412
internal_weight=65828 49555 16273 21266 28289 11197 10069 11373 5730 15799 5399 8735 4900 154 14847 1681 5467 12490 3687 13812 2638 2374 3219 5576 1588 2194 5048 989 369 3765
internal_count=65828 49555 16273 21266 28289 11197 10069 11373 5730 15799 5399 8735 4900 154 14847 1681 5467 12490 3687 13812 2638 2374 3219 5576 1588 2194 5048 989 369 3765
is_linear=0
shrinkage=0.03


Tree=49
num_leaves=31
num_cat=0
split_feature=30 40 33 1 6 34 17 34 6 17 21 42 5 38 66 41 66 47 26 43 18 47 42 62 62 66 21 11 6 43
split_gain=11.6201 2.24237 1.39933 0.52277 0.387915 0.371849 0.305412 0.298447 0.273004 0.236228 0.230285 0.229483 0.21817 0.213506 0.193827 0.177006 0.176512 0.15854 0.144956 0.141609 0.119613 0.118634 0.117115 0.105448 0.104597 0.103655 0.144646 0.102311 0.099321 0.0992341
threshold=3.9375000000000004 0.19593440741300586 1.577380955219269 1.5000000000000002 0.78500000000000014 7.003676414489747 1.0000000180025095e-35 4.6403691768646249 0.075000000000000025 8.5000000000000018 0.2950000000000001 0.075002010911703124 1.0000000180025095e-35 0.279488354921341 3.5727997720241551 0.14015210419893268 0.40740740671753889 0.061763904988765723 5.5000000000000009 0.30306956171989446 1.0000000180025095e-35 0.060209251940250404 0.21165713667869571 30.500000000000004 36.900000000000006 0.1875591650605202 0.37500000000000006 0.78597308290915924 0.94500000000000006 0.45718985795974737
decision_type=10 8 10 8 10 10 2 10 8 2 2 8 2 8 8 10 8 10 2 8 2 8 10 10 10 10 2 10 8 10
left_child=2 3 8 7 6 9 -4 21 -1 19 11 -8 13 18 27 25 -10 -11 -7 -3 -18 -2 -20 -13 -6 26 -5 -9 -24 -16
right_child=1 5 4 15 24 12 10 14 16 17 -12 23 -14 -15 29 -17 20 -19 22 -21 -22 -23 28 -25 -26 -27 -28 -29 -30 -31
leaf_value=-0.00063669517824072931 -1.8365005882119134e-05 -0.00023068659310519353 -0.00079030730796879258 0.00013718273399891109 0.00045709494580583373 -0.00010608488347081999 -0.0002842471036912927 0.00038559753015365833 -0.00049003475739349718 0.00023282112357213245 0.0002634660872649989 0.0001543389495420467 0.00038655543365995909 0.0014424684180297438 0.00079061565890953592 0.00030056205082126217 -0.00031203104033137441 0.00084765183680843368 0.00065897698156373061 0.00062979061291326623 0.00035288046182362407 0.00032303849462148802 0.00099756852869780505 -0.00011230937190510139 -3.5391654321058002e-05 -0.00017377511902765734 0.0019498547308450173 0.0013826442880151596 0.0014302786990273559 -0.0003182301460939925
leaf_weight=6316 1323 361 672 504 1221 105 7773 3707 9018 423 1194 1708 386 1359 2306 1476 6483 3506 608 329 253 2978 1586 6108 569 2660 43 95 683 75
leaf_count=6316 1323 361 672 504 1221 105 7773 3707 9018 423 1194 1708 386 1359 2306 1476 6483 3506 608 329 253 2978 1586 6108 569 2660 43 95 683 75
internal_value=6.78131e-13 0.000517459 -0.000307019 0.000292222 -0.00012005 0.000882981 -0.000163182 0.000409936 -0.000470055 0.000691551 -0.000138071 -0.000168826 0.00107004 0.00113081 0.000543434 2.86935e-05 -0.000403247 0.000781459 0.00098878 0.000179599 -0.000287057 0.000218022 0.00102874 -5.40398e-05 0.000300545 -9.64322e-05 0.000279678 0.000410511 0.00112782 0.000755688
internal_weight=65828 24513 41315 15167 19245 9346 17455 10484 22070 4619 16783 15589 4727 4341 6183 4683 15754 3929 2982 690 6736 4301 2877 7816 1790 3207 547 3802 2269 2381
internal_count=65828 24513 41315 15167 19245 9346 17455 10484 22070 4619 16783 15589 4727 4341 6183 4683 15754 3929 2982 690 6736 4301 2877 7816 1790 3207 547 3802 2269 2381
is_linear=0
shrinkage=0.03


Tree=50
num_leaves=31
num_cat=0
split_feature=38 32 42 34 6 6 66 30 6 21 1 30 21 34 17 66 66 6 21 6 70 5 41 47 60 33 40 33 26 10
split_gain=10.9361 2.50988 0.907525 0.590437 0.391511 0.348172 0.25199 0.251413 0.248764 0.19902 0.186881 0.212793 0.212241 0.179352 0.146737 0.143888 0.140746 0.140048 0.135842 0.122579 0.122164 0.115553 0.112681 0.10526 0.105097 0.104622 0.10123 0.100886 0.0983834 0.096076
threshold=0.15283884108066562 2.7120831012725835 0.20714057981967929 1.2515822649002077 0.39500000000000007 0.88500000000000012 2.1503263860940938 8.7750000953674334 0.21500000000000002 0.23500000000000001 2.5000000000000004 7.0625000000000009 0.41500000000000009 3.7510000467300419 2.5000000000000004 7.0899168401956567 0.65203792601823818 0.51500000000000012 0.14500000000000005 0.095000000000000015 60.500000000000007 1.0000000180025095e-35 0.28912203013896948 0.17982897907495501 34.366666666666674 0.29285715520381933 0.13395142555236819 13.045454502105715 8.5000000000000018 0.73820649755229206
decision_type=10 10 10 8 8 10 8 10 8 2 8 10 2 10 2 8 8 8 2 10 8 2 8 10 10 10 8 10 2 8
left_child=1 3 5 18 19 13 -6 14 -5 16 11 12 -8 20 -4 17 -10 -15 25 -3 -2 22 24 -7 -9 -1 -12 -24 -27 -16
right_child=2 4 7 8 6 23 10 21 9 -11 26 -13 -14 15 29 -17 -18 -19 -20 -21 -22 -23 27 -25 -26 28 -28 -29 -30 -31
leaf_value=-0.00067780736679595125 0.00051583305457218861 -0.00062289717092000837 8.4689041260421148e-05 -0.00042724110541265774 1.5901096945725958e-05 0.00049854701027176001 0.00025856687574860992 0.0021562014483060919 -0.00032900316671163595 0.00021498094554454707 0.00019976403900605623 0.0024210396549139215 0.0010096303344447125 -5.7175418533349654e-05 0.00070617815285043274 0.00067157770998873113 -0.00011771853089150914 0.00042216133262490109 -0.00025864177166577045 -0.00013983173508103305 -0.00031468388638066245 0.0005123914127880152 0.0015879077716336512 0.00093200039354264421 0.0010033380332077984 -0.00033118658347681566 -0.00056231339272430462 0.00026479295594617727 -0.00056974071628712142 0.0010104644790831778
leaf_weight=4602 234 556 232 6072 7694 707 5703 76 5953 991 283 43 360 636 1821 1813 5422 3991 1453 3158 500 197 910 1758 1119 2269 352 55 4951 1917
leaf_count=4602 234 556 232 6072 7694 707 5703 76 5953 991 283 43 360 636 1821 1813 5422 3991 1453 3158 500 197 910 1758 1119 2269 352 55 4951 1917
internal_value=-8.86329e-13 -0.000218806 0.000683334 -0.000379823 6.2549e-05 0.000500088 0.000133226 0.000962505 -0.000269985 -0.000192769 0.000267138 0.000318077 0.000303162 0.000394399 0.000816791 0.000445039 -0.000228292 0.000356275 -0.000532379 -0.000212148 -4.99142e-05 0.00120794 0.00127137 0.000807679 0.00107666 -0.000566023 -0.000222679 0.0015125 -0.000494771 0.000862229
internal_weight=65828 49862 15966 31713 18149 9639 14435 6327 18438 12366 6741 6106 6063 7174 3970 6440 11375 4627 13275 3714 734 2357 2160 2465 1195 11822 635 965 7220 3738
internal_count=65828 49862 15966 31713 18149 9639 14435 6327 18438 12366 6741 6106 6063 7174 3970 6440 11375 4627 13275 3714 734 2357 2160 2465 1195 11822 635 965 7220 3738
is_linear=0
shrinkage=0.03


Tree=51
num_leaves=31
num_cat=0
split_feature=30 38 33 1 6 30 6 47 6 66 66 26 33 6 17 6 41 47 18 34 15 66 17 21 62 66 63 46 62 32
split_gain=10.3284 1.989 1.24599 0.50704 0.304863 0.303305 0.285728 0.250698 0.210476 0.1828 0.172778 0.168119 0.179847 0.16257 0.148993 0.140558 0.138466 0.135715 0.123652 0.12315 0.128442 0.117697 0.112343 0.112123 0.110671 0.110178 0.123213 0.100568 0.109265 0.0966303
threshold=3.9375000000000004 0.19870864599943164 1.9993203878402712 1.5000000000000002 0.14500000000000005 9.0625000000000018 0.78500000000000014 0.0847664810717106 0.21500000000000002 1.1971081942319872 0.35247179865837103 2.5000000000000004 2.6396104097366337 0.68500000000000016 11.500000000000002 0.88500000000000012 0.2704679816961289 0.18079827725887301 1.0000000180025095e-35 3.1005049943923955 -0.49680618801072918 9.0062659531831759 1.5000000000000002 0.63500000000000012 26.550000000000004 0.22324262559413913 0.57470619363658415 0.071148555725812926 35.100000000000009 6.1310906410217294
decision_type=10 8 10 8 8 10 10 8 8 8 8 2 10 8 2 8 8 10 2 10 8 8 2 2 10 10 10 10 8 10
left_child=2 3 4 7 23 13 8 -2 -4 22 -6 -5 -13 14 -3 19 -7 -15 -12 -9 -21 -19 -10 -1 -16 -22 -27 -11 -29 -26
right_child=1 5 6 11 10 16 -8 15 9 27 18 12 -14 17 24 -17 -18 21 -20 20 25 -23 -24 -25 29 26 -28 28 -30 -31
leaf_value=-0.00057206287952747822 0.0001341817476062188 -0.00028824708791976066 -0.00040583447137285377 -0.00040799522292410206 -0.00044220739725361023 0.00085449173040178948 0.00028267007230357226 -0.00012558133504852494 -0.00062000713110256067 -0.00011332812653024204 -0.00026397355405897858 -0.00033070844350954564 0.00019141820063026268 0.00046805800774456273 0.0020653050728033965 0.00066133689885035244 0.0013180440470837741 0.00075260649451834366 0.00035505991865768417 0.0019452375498949549 0.00066058994803655795 0.0010681900176426565 -0.0001545003806228428 -3.3368251766619945e-05 -5.4966482723048371e-05 0.0004875645945720896 0.00015538519161425961 0.00028536463907298629 -4.8435376140439386e-05 0.00073148144759332544
leaf_weight=9466 2491 230 2096 682 7390 963 1706 382 506 2341 7569 719 3408 912 43 2577 1458 2887 302 50 1279 1684 5991 361 201 2285 1794 2019 1568 468
leaf_count=9466 2491 230 2096 682 7390 963 1706 382 506 2341 7569 719 3408 912 43 2577 1458 2887 302 50 1279 1684 5991 361 201 2285 1794 2019 1568 468
internal_value=-1.15426e-14 0.000487852 -0.000289452 0.000284794 -0.00042195 0.000847485 -8.46013e-05 0.000398374 -0.00012775 -8.08396e-05 -0.000338032 2.83471e-05 0.000100454 0.000739653 0.00037558 0.000477028 0.00113366 0.000802202 -0.000240222 0.000394997 0.000431768 0.00086887 -0.000190755 -0.000552274 0.000590019 0.000417645 0.000341468 3.96261e-05 0.000139449 0.000495194
internal_weight=65828 24513 41315 15667 25088 8846 16227 10858 14521 12425 15261 4809 4127 6425 942 8367 2421 5483 7871 5790 5408 4571 6497 9827 712 5358 4079 5928 3587 669
internal_count=65828 24513 41315 15667 25088 8846 16227 10858 14521 12425 15261 4809 4127 6425 942 8367 2421 5483 7871 5790 5408 4571 6497 9827 712 5358 4079 5928 3587 669
is_linear=0
shrinkage=0.03


Tree=52
num_leaves=31
num_cat=0
split_feature=32 41 6 34 47 66 41 30 37 1 66 17 21 20 44 66 30 34 21 51 61 34 67 58 6 34 6 6 36 47
split_gain=9.72074 2.09467 1.00327 0.570015 0.33306 0.311319 0.278496 0.244826 0.214534 0.197662 0.178749 0.169204 0.144424 0.143718 0.13323 0.141636 0.132697 0.128066 0.132545 0.1146 0.114532 0.111225 0.110405 0.105735 0.12103 0.104466 0.102854 0.102272 0.100686 0.100121
threshold=3.6759549379348759 0.20296251773834231 0.30500000000000005 5.3893597126007089 0.011885712854564192 0.94529048167169105 0.14141291379928592 8.5357141494750994 0.27549821138381964 2.5000000000000004 4.6664418652653703 2.5000000000000004 0.075000000000000025 1.0000000180025095e-35 0.074337430298328414 0.16142921894788745 3.6904761791229252 3.6846978664398198 0.66500000000000015 0.78829216957092296 26.166666666666668 1.9993203878402712 -0.028892004992846883 30.500000000000004 0.95500000000000007 2.6676892042160039 0.39500000000000007 1.0000000180025095e-35 0.15399485081434253 0.39276020228862768
decision_type=10 10 10 10 8 8 10 10 10 8 8 2 2 2 10 10 10 8 2 8 10 10 10 10 8 10 8 8 10 10
left_child=2 3 4 6 27 21 9 10 11 13 19 -3 16 26 -13 20 -7 18 -6 -5 -16 -4 -18 25 -25 -8 -2 -1 -9 -17
right_child=1 8 5 7 17 12 23 28 -10 -11 -12 14 -14 -15 15 29 22 -19 -20 -21 -22 -23 -24 24 -26 -27 -28 -29 -30 -31
leaf_value=-0.00071390156104233907 -0.00029083825904038481 2.2762553606520916e-05 -0.00036379109113889572 -0.00016937375863066833 -0.00036530644768561766 -8.3246560525030181e-05 -0.00059381811623843226 0.0026639331772741748 0.0011269323249633175 -0.00037205910876867679 0.00070472698187275316 0.00012331936966098335 0.00033559812580278957 0.00043020321275399757 0.0020549919482436962 0.00065936611344465372 0.00069933340429220259 -5.5167603498851867e-05 0.00027255070719367703 0.00039809133961198653 0.0009909079619080921 -0.0001468703622747065 1.3730560438024931e-05 0.00019536479553477313 0.00071738808951540345 0.00068670920853220233 9.0413419582184009e-05 -0.00048890392081298365 0.0010860041346192398 0.0011462893491763428
leaf_weight=2218 731 262 3705 352 9061 5745 61 41 2016 907 1853 248 1131 1007 96 3009 379 1612 303 3556 1761 4996 478 3095 459 955 4945 10087 324 435
leaf_count=2218 731 262 3705 352 9061 5745 61 41 2016 907 1853 248 1131 1007 96 3009 379 1612 303 3556 1761 4996 478 3095 459 955 4945 10087 324 435
internal_value=2.62346e-13 0.000449588 -0.000295608 0.0002738 -0.000422293 -0.000116143 0.000154915 0.000509784 0.000860276 4.3511e-05 0.000462047 0.000767765 2.23614e-05 9.99112e-05 0.000802941 0.000834736 -3.12997e-05 -0.000302149 -0.000344667 0.000346979 0.00104592 -0.000239238 0.000316932 0.000339939 0.000262784 0.000609827 4.13128e-05 -0.00052946 0.00126325 0.000720868
internal_weight=65828 26113 39715 18286 23281 16434 12160 6126 7827 7590 5761 5811 7733 6683 5549 5301 6602 10976 9364 3908 1857 8701 857 4570 3554 1016 5676 12305 365 3444
internal_count=65828 26113 39715 18286 23281 16434 12160 6126 7827 7590 5761 5811 7733 6683 5549 5301 6602 10976 9364 3908 1857 8701 857 4570 3554 1016 5676 12305 365 3444
is_linear=0
shrinkage=0.03


Tree=53
num_leaves=31
num_cat=0
split_feature=30 30 33 40 41 6 17 1 6 21 42 34 34 10 47 1 63 18 66 26 60 26 6 15 7 28 5 62 62 17
split_gain=9.15251 1.7668 1.12407 0.420442 0.394803 0.323519 0.268176 0.230965 0.230336 0.201761 0.190397 0.164444 0.161359 0.159004 0.158559 0.140754 0.131677 0.131348 0.114244 0.113091 0.112721 0.110756 0.108971 0.107174 0.101957 0.116488 0.101805 0.0987326 0.0970786 0.0957753
threshold=3.9375000000000004 6.1339285373687753 1.577380955219269 0.23902107775211337 0.15607480704784396 0.78500000000000014 1.0000000180025095e-35 1.5000000000000002 0.03500000000000001 0.2950000000000001 0.075002010911703124 1.2113237977027895 7.9191370010375985 0.72625313283208037 0.019100158475339416 1.5000000000000002 0.44438677426512585 1.0000000180025095e-35 3.04472428560257 5.5000000000000009 31.300000000000001 17.500000000000004 0.63500000000000012 -0.49680618801072918 0.87416666666666687 6.8333332538604745 1.0000000180025095e-35 36.900000000000006 30.500000000000004 8.5000000000000018
decision_type=10 10 10 8 10 10 2 8 8 2 8 8 10 10 8 10 10 2 8 2 10 2 8 8 8 10 2 10 10 2
left_child=2 4 8 15 7 6 -4 14 -1 10 -8 21 24 16 -2 22 -6 -13 -9 -14 -15 -10 -3 -16 -5 -26 -21 -7 -12 -18
right_child=1 3 5 12 13 27 9 18 11 -11 28 17 19 20 23 -17 29 -19 -20 26 -22 -23 -24 -25 25 -27 -28 -29 -30 -31
leaf_value=-0.00061423837639166721 -9.8842811653407895e-05 0.00031398239001537723 -0.00073194629662371618 0.00058922120774122452 0.00088808871343858565 0.00043129563328216303 -0.0002546829976007371 -0.00019392027131579406 -0.00037268895909987329 0.00025508551005894782 0.0001549433610014377 -0.00030011902694472602 -6.6512956433474414e-05 0.0017201623703839012 0.0018616057114413708 0.00016389091028898002 2.685488177933242e-05 0.00034696747497647476 0.00016132055889966432 0.0012593187133554953 0.00070168923673384457 -0.00058746290819122683 0.00068672254184194953 0.0003017728015785002 0.0021149394284728186 0.00090911886652753873 0.00050289406642114044 -4.7184652927372956e-05 -0.00010090458311146113 0.00040723978103510995
leaf_weight=4349 1019 821 672 1126 408 1221 7773 2340 5229 1194 1708 8517 66 115 40 634 782 292 1250 1885 654 3683 5035 4451 77 1134 175 569 6108 2501
leaf_count=4349 1019 821 672 1126 408 1221 7773 2340 5229 1194 1708 8517 66 115 40 634 782 292 1250 1885 654 3683 5035 4451 77 1134 175 569 6108 2501
internal_value=3.47472e-13 0.000459242 -0.000272477 0.00074263 0.000230338 -0.000104903 -0.000144293 0.000117012 -0.000418602 -0.000120763 -0.00014955 -0.000370589 0.000966768 0.000461563 0.000239008 0.000588495 0.000379802 -0.000278669 -7.02292e-05 0.00115589 0.000853997 -0.000461447 0.000634465 0.000315666 0.000794717 0.00098579 0.00119506 0.000279198 -4.49951e-05 0.000316633
internal_weight=65828 24513 41315 10953 13560 19245 17455 9100 22070 16783 15589 17721 4463 4460 5510 6490 3691 8809 3590 2126 769 8912 5856 4491 2337 1211 2060 1790 7816 3283
internal_count=65828 24513 41315 10953 13560 19245 17455 9100 22070 16783 15589 17721 4463 4460 5510 6490 3691 8809 3590 2126 769 8912 5856 4491 2337 1211 2060 1790 7816 3283
is_linear=0
shrinkage=0.03


Tree=54
num_leaves=31
num_cat=0
split_feature=32 41 6 34 66 41 30 37 1 21 66 6 34 61 17 20 34 44 66 21 61 51 21 6 36 58 5 47 6 10
split_gain=8.61934 1.86416 0.907906 0.511428 0.471669 0.256877 0.213723 0.191272 0.184893 0.183983 0.158772 0.158422 0.156136 0.226821 0.15545 0.13752 0.125908 0.123488 0.132284 0.119569 0.106902 0.103564 0.100032 0.0975854 0.0969451 0.0956318 0.0952014 0.0993287 0.0924592 0.090077
threshold=3.6759549379348759 0.20296251773834231 0.22500000000000003 5.4378511905670175 0.60401436686515819 0.14141291379928592 8.5357141494750994 0.27549821138381964 2.5000000000000004 0.2950000000000001 4.6664418652653703 0.015000000000000001 2.9631887674331669 30.833333333333339 2.5000000000000004 1.0000000180025095e-35 2.5390720367431645 0.074337430298328414 0.16142921894788745 0.075000000000000025 26.166666666666668 0.78829216957092296 0.72500000000000009 0.39500000000000007 0.15399485081434253 23.500000000000004 1.0000000180025095e-35 0.39276020228862768 0.8650000000000001 0.53105709876543228
decision_type=10 10 8 10 8 10 10 10 8 2 8 10 8 10 2 2 10 10 10 2 10 8 2 8 10 10 2 10 8 8
left_child=2 3 11 5 16 8 10 14 15 12 21 -1 -6 29 -3 23 19 -16 20 -4 -19 -5 -13 -2 -8 -7 27 -20 -23 -14
right_child=1 7 4 6 9 25 24 -9 -10 -11 -12 22 13 -15 17 -17 -18 18 26 -21 -22 28 -24 -25 -26 -27 -28 -29 -30 -31
leaf_value=-0.00063868168867414906 -0.00028627130818477197 9.3518246271499109e-06 -0.00040609652096854445 -0.00016239125016719144 -0.00016063268561174854 0.0009491284327407737 0.0025647439008078927 0.0010625693270627662 -0.000361653923546108 0.00033073934454967116 0.00067234471604099273 -0.00042104689545104145 9.1224517733571434e-05 -7.341611114729989e-05 0.00010284468489126377 0.00041649824932564944 -0.00014106895223730314 0.0019667311136436182 0.00066350403762885206 -3.8088549571135316e-05 0.00093870482300911925 0.00026206788197007146 0.00011734412889538739 8.4500926883720689e-05 0.0010158641872130714 0.00029259168024110897 0.00017170752187213692 0.0011762392440257676 0.00058378439393885577 0.00059311734005120583
leaf_weight=3398 733 262 7344 349 7270 209 41 2016 910 1103 1795 11778 538 3207 248 1011 3066 96 2751 891 1761 2197 319 4975 322 4476 305 388 1268 801
leaf_count=3398 733 262 7344 349 7270 209 41 2016 910 1103 1795 11778 538 3207 248 1011 3066 96 2751 891 1761 2197 319 4975 322 4476 305 388 1268 801
internal_value=-5.206e-13 0.000423352 -0.000278358 0.000257519 -0.000163629 0.000147031 0.00048534 0.000810785 3.96552e-05 -3.98076e-05 0.000439684 -0.000457689 -7.43974e-05 6.35108e-05 0.000723434 9.40073e-05 -0.000305179 0.000757149 0.00078776 -0.000366279 0.00099185 0.000330185 -0.000406849 3.68877e-05 0.00119081 0.00032188 0.000677715 0.000726881 0.000379798 0.000391461
internal_weight=65828 26113 39715 18286 24220 12314 5972 7827 7629 12919 5609 15495 11816 4546 5811 6719 11301 5549 5301 8235 1857 3814 12097 5708 363 4685 3444 3139 3465 1339
internal_count=65828 26113 39715 18286 24220 12314 5972 7827 7629 12919 5609 15495 11816 4546 5811 6719 11301 5549 5301 8235 1857 3814 12097 5708 363 4685 3444 3139 3465 1339
is_linear=0
shrinkage=0.03


Tree=55
num_leaves=31
num_cat=0
split_feature=30 30 33 40 41 6 17 1 34 20 40 6 10 47 39 17 20 1 63 6 47 66 15 60 6 18 5 42 62 35
split_gain=8.11627 1.56904 1.00976 0.372785 0.349692 0.295425 0.248334 0.21016 0.205073 0.185441 0.159792 0.154127 0.148119 0.146892 0.139582 0.149251 0.137321 0.129612 0.127059 0.116901 0.112506 0.105824 0.101425 0.101221 0.10028 0.09887 0.0956622 0.0923747 0.0923395 0.0902662
threshold=3.9375000000000004 6.1339285373687753 1.577380955219269 0.23902107775211337 0.15607480704784396 0.78500000000000014 1.0000000180025095e-35 1.5000000000000002 0.994318187236786 1.0000000180025095e-35 0.081360876560211196 0.96500000000000008 0.72957074721780613 0.019100158475339416 0.22196198999881747 5.5000000000000009 1.0000000180025095e-35 1.5000000000000002 0.44438677426512585 0.075000000000000025 0.22397699207067492 3.04472428560257 -0.49680618801072918 31.300000000000001 0.63500000000000012 1.0000000180025095e-35 1.0000000180025095e-35 0.22945055365562442 36.900000000000006 0.22540321946144107
decision_type=10 10 10 8 10 10 2 8 8 2 8 8 10 8 10 2 2 10 10 8 10 8 8 10 8 2 2 10 10 10
left_child=2 4 8 17 7 6 -4 13 -1 10 -8 14 18 -2 -5 -16 19 24 -6 -10 -17 -9 -15 -14 -3 -21 -22 -20 -7 -29
right_child=1 3 5 11 12 28 9 21 16 -11 -12 -13 23 22 15 20 -18 -19 27 25 26 -23 -24 -25 -26 -27 -28 29 -30 -31
leaf_value=-0.00050675741653807588 -9.8717514096434338e-05 0.00029106158589078994 -0.00070090069319316429 0.0023514672901141101 0.00085528091738062983 0.00041637151146605632 -0.00024231510819707755 -0.00018755922515321379 -0.00055493144836451028 0.00012570765534681725 -3.9868474197192192e-05 0.0012173518698976884 0.0016567917997835555 0.0018041545253363437 -1.5761745320384857e-05 0.00039597618110162461 -9.878437584067276e-05 0.00014693165294280241 0.00026281598260565533 -0.00033150647257937279 0.00096502293333253827 0.00015433899045421274 0.00028673541526205341 0.00067440495386932974 0.00064862803664102436 0.00023649952189053259 0.00032233779613115505 0.00181145601263935 -4.6358441085093708e-05 0.00025263177343276766
leaf_weight=8859 1019 821 672 52 410 1221 8086 2340 2261 2498 6199 1108 111 40 197 448 2117 634 3174 8548 2430 1250 4451 631 5035 285 228 70 569 64
leaf_count=8859 1019 821 672 52 410 1221 8086 2340 2261 2498 6199 1108 111 40 197 448 2117 634 3174 8548 2430 1250 4451 631 5035 285 228 70 569 64
internal_value=1.18759e-13 0.000432464 -0.000256589 0.000699521 0.00021675 -9.77646e-05 -0.000135405 0.000110095 -0.000395084 -0.000112762 -0.000154463 0.000910574 0.000434365 0.000226467 0.00080926 0.000784981 -0.000320198 0.000554385 0.000357131 -0.00036245 0.000835768 -6.85139e-05 0.000300251 0.000821366 0.000598498 -0.00031318 0.000909894 0.000295389 0.00026928 0.00106694
internal_weight=65828 24513 41315 10953 13560 19245 17455 9100 22070 16783 14285 4463 4460 5510 3355 3303 13211 6490 3718 11094 3106 3590 4491 742 5856 8833 2658 3308 1790 134
internal_count=65828 24513 41315 10953 13560 19245 17455 9100 22070 16783 14285 4463 4460 5510 3355 3303 13211 6490 3718 11094 3106 3590 4491 742 5856 8833 2658 3308 1790 134
is_linear=0
shrinkage=0.03


Tree=56
num_leaves=31
num_cat=0
split_feature=32 41 6 34 47 66 41 30 41 17 1 5 66 20 21 44 15 30 6 21 66 63 61 51 21 6 58 33 34 33
split_gain=7.63763 1.65835 0.821155 0.458745 0.293675 0.274023 0.228313 0.197742 0.176487 0.182679 0.170238 0.143693 0.134298 0.128339 0.120936 0.115975 0.11578 0.112702 0.110191 0.115838 0.109424 0.102552 0.0999537 0.0996905 0.0991905 0.0906302 0.0891606 0.0890599 0.0880941 0.125034
threshold=3.6759549379348759 0.20296251773834231 0.31500000000000006 5.4378511905670175 0.011885712854564192 0.94529048167169105 0.14141291379928592 9.0625000000000018 0.29546356201171881 2.5000000000000004 2.5000000000000004 1.0000000180025095e-35 4.6664418652653703 1.0000000180025095e-35 0.075000000000000025 0.080550089478492751 -0.094937338488077935 3.6458333730697636 0.30500000000000005 0.76500000000000012 7.5365358367562303 0.50877206125843877 26.583333333333339 0.48691760003566747 0.22500000000000006 0.39500000000000007 23.500000000000004 4.3038463592529306 7.003676414489747 13.045454502105715
decision_type=10 10 10 10 8 8 10 10 10 2 8 2 8 2 2 10 10 10 8 2 8 10 10 8 2 8 10 8 10 10
left_child=2 3 4 6 -1 24 10 12 9 -3 13 15 23 25 17 -11 -13 -7 19 -6 -17 -19 -22 -5 -4 -2 -8 -12 -10 -30
right_child=1 8 5 7 18 14 26 -9 28 11 27 16 -14 -15 -16 20 -18 21 -20 -21 22 -23 -24 -25 -26 -27 -28 -29 29 -31
leaf_value=-0.00047389194394661959 -0.00027822584914093411 -4.9314713178318921e-05 -0.00024501743049589998 -0.00037471106200841447 -0.00032699144669390219 -6.3114206728447612e-05 0.00090795597989773858 0.001312707802702416 0.00051071356450362753 0.00014169508870453477 3.6330723084727775e-05 -0.00019555958471370531 0.00063349697396149023 0.00039992431634289173 0.0003249588652895886 0.00069719465708179397 0.0006982555937838185 0.0007853857859315684 -7.4408859107340467e-05 0.00034510359845200256 0.0017760957116504782 8.0733816877192179e-05 0.000917310941372589 0.00035600424754856795 0.00012211029408218597 7.9089121911457547e-05 0.00027402150654324788 -0.00057752325159227211 0.0013378604364613336 1.8422653832073722e-05
leaf_weight=12491 733 276 7663 176 8820 5576 209 234 180 245 339 255 1849 1011 1111 3321 267 274 2240 237 129 578 2240 3713 725 4975 4476 571 844 70
leaf_count=12491 733 276 7663 176 8820 5576 209 234 180 245 339 255 1849 1011 1111 3321 267 274 2240 237 129 578 2240 3713 725 4975 4476 571 844 70
internal_value=1.71844e-13 0.000398515 -0.000262027 0.000242103 -0.000373648 -9.53145e-05 0.00013746 0.000457871 0.000763935 0.000706512 3.62305e-05 0.00073882 0.00042301 8.8384e-05 3.59417e-05 0.00078079 0.000261622 -1.40114e-05 -0.000262809 -0.000309404 0.000808309 0.000307347 0.000964075 0.000322935 -0.000213285 3.32041e-05 0.000302302 -0.000348846 0.00111734 0.00123681
internal_weight=65828 26113 39715 18286 23788 15927 12314 5972 7827 6733 7629 6457 5738 6719 7539 5935 522 6428 11297 9057 5690 852 2369 3889 8388 5708 4685 910 1094 914
internal_count=65828 26113 39715 18286 23788 15927 12314 5972 7827 6733 7629 6457 5738 6719 7539 5935 522 6428 11297 9057 5690 852 2369 3889 8388 5708 4685 910 1094 914
is_linear=0
shrinkage=0.03


Tree=57
num_leaves=31
num_cat=0
split_feature=30 42 33 41 6 6 1 17 30 6 46 47 34 21 15 18 6 62 66 21 21 60 26 34 10 25 14 17 22 41
split_gain=7.19753 1.39757 0.911152 0.546672 0.269569 0.23436 0.233096 0.228398 0.197199 0.189897 0.169482 0.162074 0.138404 0.123659 0.120611 0.11772 0.115656 0.114482 0.109621 0.113757 0.107848 0.104599 0.103857 0.103623 0.0991383 0.100582 0.09882 0.0981088 0.099942 0.0934822
threshold=3.9375000000000004 0.20714057981967929 1.577380955219269 0.15607480704784396 0.78500000000000014 0.88500000000000012 1.5000000000000002 1.0000000180025095e-35 8.7750000953674334 0.03500000000000001 0.069457061588764205 0.019100158475339416 1.2335497736930849 0.045000000000000005 -0.49680618801072918 1.0000000180025095e-35 0.78500000000000014 30.500000000000004 0.92866633273661148 0.38500000000000006 0.69500000000000006 34.266666666666673 13.500000000000002 8.0966324806213397 0.54677083333333343 1.0000000180025095e-35 -0.060000000000000032 36.500000000000007 31.500000000000004 0.28912203013896948
decision_type=10 8 10 10 10 10 8 2 10 8 8 8 8 2 8 2 8 10 10 2 2 8 2 10 8 2 8 2 2 8
left_child=2 3 9 6 7 27 11 -4 16 -1 13 -2 22 -9 -13 -14 -3 -12 19 -8 -19 23 -11 -10 -16 -26 -25 28 -5 -23
right_child=1 8 4 5 -6 -7 18 10 21 12 17 14 15 -15 24 -17 -18 20 -20 -21 -22 29 -24 26 25 -27 -28 -29 -30 -31
leaf_value=-0.00055082448061606084 -9.9720754650772333e-05 0.00041277779991174862 -0.00066903791652228909 0.00037608270562009726 0.00025985546512390236 0.000724422698567837 8.5353762159501805e-05 -0.00021403189752308406 0.0004302533001880095 -0.00030960644654617593 0.00027335565414536437 0.0018047613470116629 -0.00026438749373641302 0.00012708955586297212 6.4748177380047632e-05 0.00035247798703039732 0.0007646286993220349 -7.2708610630298586e-05 -0.00018018046024354949 0.0012311326664646649 0.00067300436988206654 0.00076659630185211614 -0.00051279710249293846 0.00059037948576068236 0.00034363433104180329 0.0012523059185029757 0.0022233436688677303 0.00055628344112401511 5.8174053335700693e-05 0.0011721167328240887
leaf_weight=4349 1059 1193 672 3066 1790 2146 1291 9381 56 4510 1260 48 8377 1065 1273 288 2848 4896 2451 83 181 1228 4546 42 3682 113 162 1641 1254 877
leaf_count=4349 1059 1193 672 3066 1790 2146 1291 9381 56 4510 1260 48 8377 1065 1273 288 2848 4896 2451 83 181 1228 4546 42 3682 113 162 1641 1254 877
internal_value=4.71521e-14 0.000407252 -0.000241631 0.000272517 -9.07599e-05 0.000455593 0.000124097 -0.000126715 0.00078809 -0.00037319 -0.000105 0.000238092 -0.000329595 -0.000179254 0.000308019 -0.000243885 0.000660754 1.73995e-05 -5.99337e-05 0.000154567 -4.61232e-05 0.00100567 -0.000411606 0.00157335 0.000293843 0.000370691 0.00188715 0.000358812 0.000283801 0.000935547
internal_weight=65828 24513 41315 18107 19245 8107 10000 17455 6406 22070 16783 6175 17721 10446 5116 8665 4041 6337 3825 1374 5077 2365 9056 260 5068 3795 204 5961 4320 2105
internal_count=65828 24513 41315 18107 19245 8107 10000 17455 6406 22070 16783 6175 17721 10446 5116 8665 4041 6337 3825 1374 5077 2365 9056 260 5068 3795 204 5961 4320 2105
is_linear=0
shrinkage=0.03


Tree=58
num_leaves=31
num_cat=0
split_feature=32 41 6 1 66 34 66 33 26 17 20 38 6 41 34 67 34 51 44 66 21 7 7 61 47 16 70 47 67 24
split_gain=6.77307 1.47428 0.748108 0.413314 0.394256 0.280868 0.187934 0.182448 0.178541 0.163146 0.161132 0.148377 0.135238 0.134578 0.130392 0.118318 0.11531 0.111644 0.111475 0.128064 0.102356 0.101713 0.101233 0.139027 0.0889546 0.0879558 0.0863864 0.0857817 0.0853386 0.0834371
threshold=3.6759549379348759 0.20296251773834231 0.22500000000000003 1.5000000000000002 0.57778577879071247 4.6916182041168222 4.4984253048896798 2.0014230012893681 2.5000000000000004 2.5000000000000004 1.0000000180025095e-35 0.279488354921341 1.0000000180025095e-35 0.066919423639774336 4.2401921749114999 0.0010885436193553979 1.7007462978363039 0.48691760003566747 0.080550089478492751 8.1174672245979327 0.72500000000000009 0.9683333333333336 0.9141666666666669 26.166666666666668 0.031931981444358833 1.0000000180025095e-35 49.500000000000007 0.39276020228862768 0.034344297699390798 1.0000000180025095e-35
decision_type=10 10 8 8 8 10 8 10 2 2 2 10 10 8 10 10 10 8 10 8 2 10 8 10 10 2 10 10 10 2
left_child=2 3 12 5 16 24 17 -5 -9 -3 13 18 -1 -6 -15 -16 -4 -7 -11 27 -14 -8 23 -21 -2 -19 -25 -20 -24 -18
right_child=1 9 4 7 10 6 21 8 -10 11 -12 -13 20 14 15 -17 29 25 19 22 -22 -23 28 26 -26 -27 -28 -29 -30 -31
leaf_value=-0.00059291989238296518 -1.4056210649807336e-05 8.2950614434983209e-05 -0.00037859897591937126 -0.00045234931497031329 -0.00022230477204149016 -0.0004329680777260695 0.0006276084530611629 -0.00037807908913799226 0.00014798165956935979 7.4629997593896955e-05 0.00020047086482551305 0.0010151826735558213 -0.00038090073976306812 -5.5065780648722269e-05 0.00054350396319480048 -0.00012874358789419666 -0.00015906627447292778 0.00033999535140511627 0.00054141431534827911 0.0018551574780876227 0.00014985736477033892 0.0019683698412700321 0.00095610737586906969 0.00091176943897561171 0.00024397132821268977 0.0011769399021607663 0.00046558500132558105 0.00097773518955247287 0.0017739648195005274 -0.00069714294495818591
leaf_weight=2934 1765 346 5157 669 3847 165 2459 673 4231 260 2229 1508 12225 6094 675 362 5584 4383 3081 102 336 52 295 874 3773 116 706 467 188 272
leaf_count=2934 1765 346 5157 669 3847 165 2459 673 4231 260 2229 1508 12225 6094 675 362 5584 4383 3081 102 336 52 295 874 3773 116 706 467 188 272
internal_value=-2.46472e-14 0.000375282 -0.000246752 0.000227806 -0.000142607 0.000322239 0.000446123 1.23886e-05 7.57878e-05 0.000719825 -3.2079e-05 0.000749281 -0.000409538 -7.92965e-05 -2.14709e-06 0.000308833 -0.000275155 0.000333466 0.000682149 0.000709797 -0.000366703 0.000655374 0.000891627 0.000781698 0.000161736 0.000361575 0.000712398 0.000598844 0.00127445 -0.000184059
internal_weight=65828 26113 39715 18286 24220 12713 7175 5573 4904 7827 13207 7481 15495 10978 7131 1037 11013 4664 5973 5713 12561 2511 2165 1682 5538 4499 1580 3548 483 5856
internal_count=65828 26113 39715 18286 24220 12713 7175 5573 4904 7827 13207 7481 15495 10978 7131 1037 11013 4664 5973 5713 12561 2511 2165 1682 5538 4499 1580 3548 483 5856
is_linear=0
shrinkage=0.03


Tree=59
num_leaves=31
num_cat=0
split_feature=30 30 6 34 45 41 5 66 34 1 15 61 1 41 17 47 60 26 63 17 6 66 21 21 15 29 66 65 62 38
split_gain=6.38603 1.24975 0.819784 0.351131 0.295398 0.275964 0.215903 0.200027 0.177357 0.16537 0.136709 0.134521 0.131695 0.15423 0.139949 0.129979 0.122479 0.119055 0.12665 0.110825 0.105701 0.0974599 0.0965518 0.0908337 0.0903698 0.0887031 0.0879315 0.084815 0.083063 0.0822677
threshold=3.9375000000000004 6.1339285373687753 0.43500000000000005 1.4556258916854861 0.26984032988548284 0.15729860216379168 1.0000000180025095e-35 0.8042361903935672 8.2040424346923846 1.5000000000000002 0.088892085411072783 28.166666666666668 2.5000000000000004 0.054403021931648261 1.0000000180025095e-35 0.019100158475339416 33.100000000000009 10.500000000000002 0.63772040106785888 1.0000000180025095e-35 0.88500000000000012 3.04472428560257 0.41500000000000009 0.14500000000000005 -0.49680618801072918 4.4500000476837167 3.4192699566483502 32.083333333333343 29.100000000000005 0.13926273584365848
decision_type=10 10 10 8 8 10 2 8 10 8 8 10 8 8 2 8 8 2 10 2 10 8 2 2 8 8 8 8 8 10
left_child=2 5 3 23 17 9 8 -4 -6 15 -8 -7 13 -5 -14 -2 25 18 -3 -9 -13 -11 -21 -1 -17 -15 29 -10 -28 -19
right_child=1 4 7 12 6 11 10 19 27 21 -12 20 14 16 -16 24 -18 26 -20 22 -22 -23 -24 -25 -26 -27 28 -29 -30 -31
leaf_value=-0.0004506160342397691 -0.00010401701970378993 -0.00051312038584769716 -0.0001687309158042558 -0.0002974048977871514 0.00069660149181503296 0.00075240687876956694 0.00059437459459070236 -0.00078657161970516188 0.0019240901046759971 -0.00017368679662625613 -0.00039718130718253243 0.00022730747652353387 -0.00068708495706616061 0.00013195957923006662 -0.0002664536740935498 0.0016885963281383738 -0.00013843046306467931 0.0010054165339254094 0.00097395657734844401 6.1934155809754483e-05 0.00062805616364510668 0.00015216710727333156 0.00047289272347458583 -0.00019944356057884915 0.00025639933370751001 0.0015151283135745933 0.0013538737781070846 0.0010080322263714822 0.00056558763571730279 0.00028967762290692966
leaf_weight=12330 1030 213 4965 4532 3800 757 292 131 96 2353 219 2804 920 1411 3147 40 5226 156 68 6604 751 1273 558 1448 4552 43 127 1734 2282 1966
leaf_count=12330 1030 213 4965 4532 3800 757 292 131 96 2353 219 2804 920 1411 3147 40 5226 156 68 6604 751 1273 558 1448 4552 43 127 1734 2282 1966
internal_value=2.64194e-13 0.000383608 -0.000227602 -0.000314398 0.000621948 0.000191089 0.00075986 -2.18553e-05 0.00081345 9.86764e-05 0.000169422 0.000389289 -0.000215366 -0.00016232 -0.000361605 0.000200558 -7.06725e-05 0.000445947 -0.000153258 7.81361e-05 0.000311966 -5.92875e-05 9.39524e-05 -0.000424219 0.000268875 0.000172865 0.000483108 0.00105609 0.000607145 0.000342296
internal_weight=65828 24513 41315 29057 10953 13560 6141 12258 5630 9248 511 4312 15279 11212 4067 5622 6680 4812 281 7293 3555 3626 7162 13778 4592 1454 4531 1830 2409 2122
internal_count=65828 24513 41315 29057 10953 13560 6141 12258 5630 9248 511 4312 15279 11212 4067 5622 6680 4812 281 7293 3555 3626 7162 13778 4592 1454 4531 1830 2409 2122
is_linear=0
shrinkage=0.03


Tree=60
num_leaves=31
num_cat=0
split_feature=40 41 6 1 42 17 66 66 26 41 30 6 10 34 66 47 20 21 21 30 47 5 17 42 70 57 38 63 26 21
split_gain=6.01876 1.27679 0.64077 0.332978 0.318593 0.277764 0.230237 0.190391 0.181341 0.161937 0.155353 0.14968 0.134489 0.134265 0.120241 0.119759 0.119433 0.113542 0.109712 0.113202 0.105945 0.100728 0.0994786 0.0991903 0.0903756 0.095338 0.0900301 0.117473 0.089707 0.0855901
threshold=0.11099656298756601 0.19165225327014926 0.43500000000000005 1.5000000000000002 0.034163950011134155 2.5000000000000004 2.2148775681853299 8.1174672245979327 11.500000000000002 0.28426480293273931 6.3875000476837167 0.095000000000000015 0.27408307556341144 3.9050836563110356 1.0384677052497866 0.18389388173818591 1.0000000180025095e-35 0.49500000000000005 0.55500000000000016 7.9375000000000009 0.17982897907495501 1.0000000180025095e-35 3.5000000000000004 0.10575060173869134 47.500000000000007 0.16008007526397708 0.12087339162826539 0.48819499215685086 56.500000000000007 0.17500000000000002
decision_type=10 10 10 8 8 2 8 8 2 10 10 8 8 10 8 10 2 2 2 10 10 2 2 8 10 8 10 10 2 2
left_child=2 3 4 6 29 -5 28 8 -3 21 14 17 -7 -8 -4 -9 -14 -6 19 -15 -21 22 -10 -13 -17 -26 -16 -28 -2 -1
right_child=1 7 10 5 11 12 13 15 9 -11 -12 23 16 18 26 24 -18 -19 -20 20 -22 -23 -24 -25 25 -27 27 -29 -30 -31
leaf_value=-0.00045167171349096347 0.00023066926910488884 -0.00031141649453422511 -0.00013658651495815333 -0.00036478897741930836 -0.00046919500235646203 -0.0004694605285826233 0.00016531013544145574 0.00036016792784534108 -5.2672102052990033e-06 0.00097213746274985155 0.0017857970473622636 -0.00021309432153427524 0.00010359924751967095 0.00040380874165066413 3.1936117243961021e-05 0.001023445138803923 0.00055507240246064423 0.00035125562283322529 0.0011443430076820014 0.00060702906601363784 0.0016558544290338404 6.0460510253938657e-05 0.00058103471246607357 2.6731166746739109e-05 9.4131524128897578e-06 0.000786759272723199 0.0018154677835144949 0.00028938967953021907 -4.3094905642228092e-05 -0.00018386535407576059
leaf_weight=10772 2792 222 5699 1361 2659 312 1669 466 279 751 42 12360 3185 4640 4696 1699 632 161 211 288 124 431 3918 1775 160 1262 55 260 1754 1193
leaf_count=10772 2792 222 5699 1361 2659 312 1669 466 279 751 42 12360 3185 4640 4696 1699 632 161 211 288 124 431 3918 1775 160 1262 55 260 1754 1193
internal_value=9.12075e-14 0.000353285 -0.000232923 0.000199048 -0.000306438 6.88887e-06 0.000290959 0.000638125 0.000528838 0.000563517 -3.51878e-05 -0.000222792 0.000129401 0.000399767 -4.23289e-05 0.000808773 0.000178352 -0.000422354 0.000474117 0.000446125 0.000922695 0.000497209 0.00054206 -0.000182978 0.000875754 0.000699294 6.48701e-05 0.000555848 0.000125042 -0.000424969
internal_weight=65828 26156 39672 16968 28920 5490 11478 9188 5601 5379 10752 16955 4129 6932 10710 3587 3817 2820 5263 5052 412 4628 4197 14135 3121 1422 5011 315 4546 11965
internal_count=65828 26156 39672 16968 28920 5490 11478 9188 5601 5379 10752 16955 4129 6932 10710 3587 3817 2820 5263 5052 412 4628 4197 14135 3121 1422 5011 315 4546 11965
is_linear=0
shrinkage=0.03


Tree=61
num_leaves=31
num_cat=0
split_feature=30 42 33 41 6 6 17 1 6 29 21 42 66 17 21 18 41 33 66 21 51 25 34 17 22 62 21 62 34 33
split_gain=5.66624 1.12374 0.731322 0.432864 0.233326 0.203882 0.194413 0.184656 0.173034 0.159065 0.148505 0.136904 0.13574 0.129083 0.114409 0.116534 0.104626 0.132905 0.101305 0.104825 0.093153 0.0909485 0.0979007 0.089331 0.0924538 0.086353 0.0798299 0.0791402 0.078578 0.0758319
threshold=3.9375000000000004 0.20714057981967929 1.577380955219269 0.15607480704784396 0.78500000000000014 0.88500000000000012 1.0000000180025095e-35 1.5000000000000002 0.84500000000000008 0.45000000298023229 0.2950000000000001 0.075002010911703124 1.1608813405036928 5.5000000000000009 0.12500000000000003 1.0000000180025095e-35 0.29546356201171881 13.045454502105715 0.92866633273661148 0.38500000000000006 1.620566248893738 1.0000000180025095e-35 7.1338307857513437 36.500000000000007 31.500000000000004 36.900000000000006 0.2950000000000001 30.500000000000004 8.2040424346923846 5.1742422580719003
decision_type=10 8 10 10 10 10 2 8 8 8 2 8 8 2 2 2 10 10 10 2 10 2 10 2 2 10 2 10 10 10
left_child=2 3 9 7 6 23 -4 12 13 -1 11 -8 -2 -3 15 -11 20 -18 19 -9 -10 26 -23 24 29 -6 -14 -13 -22 -5
right_child=1 8 4 5 25 -7 10 18 16 14 -12 27 21 -15 -16 -17 17 -19 -20 -21 28 22 -24 -25 -26 -27 -28 -29 -30 -31
leaf_value=-0.00045862629541078655 -4.564967975433663e-06 -7.3902495373749235e-05 -0.00061302791084918735 0.00069386927032363485 0.0003892117980604653 0.00065417559293622042 -0.00020649023197564947 8.4422872954757972e-05 0.00071212635784979829 -0.00032512926940884106 0.00022980758906696928 0.00015184131829875985 0.00024434104046937305 0.00058767497728271943 -5.3232138137079339e-05 0.00017939247497843631 0.0012673173313989322 -0.00021702467004168716 -0.00017093682565319599 0.0011843015465282985 0.00082684039277837094 0.00053477584756728906 0.002318528169533238 0.00050159639415311606 2.4579376850769303e-05 -5.8267000662843949e-05 0.00078909610109782757 -7.9162261932805414e-05 0.0020694032481832288 0.00026911267428532734
leaf_weight=6375 1857 302 672 442 1221 2146 7773 1291 2989 13507 1194 1708 3930 2192 1763 425 680 59 2451 83 98 90 40 1641 1254 569 258 6108 86 2624
leaf_count=6375 1857 302 672 442 1221 2146 7773 1291 2989 13507 1194 1708 3930 2192 1763 425 680 59 2451 83 98 90 40 1641 1254 569 258 6108 86 2624
internal_value=1.8134e-13 0.000361342 -0.000214392 0.000240526 -7.92267e-05 0.000403435 -0.000112678 0.000108456 0.000702838 -0.000332255 -9.26435e-05 -0.000117341 0.000209918 0.000507564 -0.000280926 -0.000309739 0.00082733 0.00114881 -5.5341e-05 0.000150864 0.000752457 0.000302158 0.00108362 0.000313166 0.000241589 0.000246969 0.0002779 -2.8682e-05 0.0014076 0.000330346
internal_weight=65828 24513 41315 18107 19245 8107 17455 10000 6406 22070 16783 15589 6175 2494 15695 13932 3912 739 3825 1374 3173 4318 130 5961 4320 1790 4188 7816 184 3066
internal_count=65828 24513 41315 18107 19245 8107 17455 10000 6406 22070 16783 15589 6175 2494 15695 13932 3912 739 3825 1374 3173 4318 130 5961 4320 1790 4188 7816 184 3066
is_linear=0
shrinkage=0.03


Tree=62
num_leaves=31
num_cat=0
split_feature=40 41 6 1 66 17 47 44 30 6 5 10 21 17 6 20 15 66 34 34 41 20 34 61 27 66 21 34 66 53
split_gain=5.33836 1.13813 0.585575 0.354378 0.306897 0.249621 0.22289 0.171308 0.157675 0.156034 0.142978 0.127592 0.126735 0.123359 0.119939 0.113836 0.109309 0.108019 0.110151 0.105489 0.0990289 0.0948521 0.0946246 0.0940291 0.136704 0.0874546 0.088862 0.0840758 0.080219 0.0796243
threshold=0.11099656298756601 0.20296251773834231 0.21500000000000002 1.5000000000000002 0.51962637715041649 2.5000000000000004 0.034903753548860557 0.082163635641336455 6.6458332538604745 0.89500000000000013 1.0000000180025095e-35 0.27408307556341144 0.77500000000000013 2.5000000000000004 1.0000000180025095e-35 1.0000000180025095e-35 -0.091212866865543682 4.6664418652653703 3.7148070335388188 8.2040424346923846 0.11183517798781396 1.0000000180025095e-35 1.9993203878402712 28.166666666666668 9.5000000000000018 3.7429378181695943 0.75500000000000012 6.8900966644287118 0.11356185702607037 0.4083333313465119
decision_type=10 10 8 8 8 2 8 10 10 8 2 8 2 2 10 2 10 8 10 10 10 2 10 10 10 8 2 10 10 8
left_child=2 3 12 6 22 28 -2 -3 20 17 13 -7 14 -9 -1 -13 -12 29 -19 23 21 -6 -4 24 -15 -17 -27 -11 -5 -8
right_child=1 7 4 5 8 11 9 10 -10 27 16 15 -14 19 -16 25 -18 18 -20 -21 -22 -23 -24 -25 -26 26 -28 -29 -30 -31
leaf_value=-0.00055722861770326267 -4.9101168651168197e-06 -7.2939444373357231e-05 -0.00032984166925869668 0.00031865706682746887 -0.00010623005615844811 -0.00046257968246023824 -6.5989841466350247e-05 0.00011282691464122549 0.0018191979024786411 0.00044713254637298954 -0.00017870276412529655 9.3916100265135428e-05 0.0002098507297092625 0.00087906006688796942 -0.00033949604392864919 0.0002485430594777316 0.00061996289298034608 5.4271246454121938e-05 0.00053863600865500358 0.00092111359051019563 0.00020745045600191638 0.00011054664562868682 -0.00015045155953414147 0.00060931096632950476 0.002534250049944967 0.00071595310379458639 0.0022399638658715977 0.00084078933631118202 -0.00042249980705923569 0.00024711067290188621
leaf_weight=2831 1938 296 6040 147 10608 314 882 306 41 2480 305 3283 333 441 11635 396 312 539 1956 1852 1282 2192 4710 4284 50 215 41 608 1241 4270
leaf_count=2831 1938 296 6040 147 10608 314 882 306 41 2480 305 3283 333 441 11635 396 312 539 1956 1852 1282 2192 4710 4284 50 215 41 608 1241 4270
internal_value=2.1555e-13 0.000332718 -0.000219363 0.000203176 -0.000130459 5.28443e-06 0.000291198 0.000635028 -3.8521e-05 0.000344655 0.000662784 0.000119385 -0.000368786 0.00070173 -0.000382106 0.000165824 0.000225161 0.000271974 0.000433998 0.000728922 -4.39297e-05 -6.9107e-05 -0.000251244 0.00065438 0.00104761 0.000527901 0.000960033 0.00052464 -0.000344006 0.000193509
internal_weight=65828 26156 39672 18310 24873 5637 12673 7846 14123 10735 7550 4249 14799 6933 14466 3935 617 7647 2495 6627 14082 12800 10750 4775 491 652 256 3088 1388 5152
internal_count=65828 26156 39672 18310 24873 5637 12673 7846 14123 10735 7550 4249 14799 6933 14466 3935 617 7647 2495 6627 14082 12800 10750 4775 491 652 256 3088 1388 5152
is_linear=0
shrinkage=0.03


Tree=63
num_leaves=31
num_cat=0
split_feature=30 42 6 41 34 66 6 1 6 47 6 17 15 41 33 17 43 62 1 42 17 66 21 10 51 21 17 22 25 21
split_gain=5.02594 0.999676 0.659807 0.385215 0.253485 0.203446 0.185851 0.164379 0.158249 0.126421 0.121822 0.118843 0.107288 0.0968317 0.124458 0.0940017 0.0990717 0.0949596 0.0934727 0.144248 0.113052 0.0931413 0.0954985 0.087572 0.0870798 0.0863298 0.0834964 0.0852839 0.0834783 0.0809257
threshold=3.9375000000000004 0.20714057981967929 0.38500000000000006 0.15607480704784396 1.2515822649002077 0.8042361903935672 0.88500000000000012 1.5000000000000002 0.84500000000000008 0.019100158475339416 0.085000000000000006 5.5000000000000009 -0.49680618801072918 0.29546356201171881 13.045454502105715 1.0000000180025095e-35 0.090163964778184905 30.500000000000004 2.5000000000000004 0.15385086089372638 1.0000000180025095e-35 0.92866633273661148 0.38500000000000006 0.54677083333333343 1.620566248893738 0.43500000000000011 36.500000000000007 31.500000000000004 1.0000000180025095e-35 0.49500000000000005
decision_type=10 8 10 10 8 8 10 8 8 8 8 2 8 10 10 2 10 10 8 8 2 10 2 8 10 2 2 2 2 2
left_child=2 3 4 7 -1 -4 26 9 11 -2 29 -3 -11 24 -15 -7 -17 -18 19 -12 -20 22 -9 -14 -10 -19 27 -5 -25 -6
right_child=1 8 5 6 10 15 -8 21 13 12 18 -13 23 14 -16 16 17 25 20 -21 -22 -23 -24 28 -26 -27 -28 -29 -30 -31
leaf_value=-0.00039454515759062604 -0.0001008506693782919 -8.2262488028469382e-05 -0.00016882832244254959 0.00030990424323180309 -0.00042460360423741267 -0.00070587192656731393 0.00061943925850530001 8.1536095932158362e-05 0.00067043885072352362 0.0016709194669965654 -0.00014089579513707241 0.00055252997407345911 3.057334272242186e-05 0.0012054157220424231 -0.00023098321842676881 -1.92200253721555e-05 0.00049934209049305549 5.4315683248859946e-05 -0.00067131198125645062 0.00053900506296636667 -0.00021996534517609626 -0.00016360985597903993 0.0011313463006090057 0.00029346685973898138 0.0013428625851393799 0.00058214908673223718 0.00047603091306313921 1.6232718426007168e-05 0.0011212810481965707 0.00025018917989184366
leaf_weight=11700 1059 302 6128 3066 2706 142 2146 1291 2989 48 8892 2192 1273 680 59 4586 721 2493 621 290 2552 2451 83 3682 184 314 1641 1254 113 170
leaf_count=11700 1059 302 6128 3066 2706 142 2146 1291 2989 48 8892 2192 1273 680 59 4586 721 2493 621 290 2552 2451 83 3682 184 314 1641 1254 113 170
internal_value=1.6039e-14 0.000340314 -0.000201915 0.000226362 -0.000289532 -3.78704e-05 0.000380043 0.000101773 0.000662408 0.000197502 -0.000208865 0.000475663 0.00025926 0.000781463 0.00109074 5.93329e-05 7.27245e-05 0.000192242 -0.00016793 -0.000119422 -0.0003083 -5.27694e-05 0.000144953 0.00024589 0.000709432 0.000113361 0.000293858 0.000224658 0.000318116 -0.000384717
internal_weight=65828 24513 41315 18107 26931 14384 8107 10000 6406 6175 15231 2494 5116 3912 739 8256 8114 3528 12355 9182 3173 3825 1374 5068 3173 2807 5961 4320 3795 2876
internal_count=65828 24513 41315 18107 26931 14384 8107 10000 6406 6175 15231 2494 5116 3912 739 8256 8114 3528 12355 9182 3173 3825 1374 5068 3173 2807 5961 4320 3795 2876
is_linear=0
shrinkage=0.03


Tree=64
num_leaves=31
num_cat=0
split_feature=40 41 6 1 47 17 66 44 30 5 21 34 17 10 17 20 20 15 66 47 34 6 10 61 27 33 38 63 66 21
split_gain=4.7371 1.01054 0.524016 0.314541 0.266439 0.228039 0.207765 0.158442 0.136001 0.133936 0.123179 0.12488 0.136018 0.118435 0.112973 0.105532 0.104691 0.102046 0.10054 0.0987778 0.0945519 0.0919933 0.0894106 0.0887885 0.127985 0.0880256 0.0806539 0.110369 0.08006 0.0814386
threshold=0.11099656298756601 0.20296251773834231 0.43500000000000005 1.5000000000000002 0.014181293081492187 2.5000000000000004 2.2148775681853299 0.082163635641336455 6.3875000476837167 1.0000000180025095e-35 0.47500000000000009 6.9470176696777353 1.5000000000000002 0.27408307556341144 2.5000000000000004 1.0000000180025095e-35 1.0000000180025095e-35 -0.091212866865543682 1.0384677052497866 0.18058136105537417 8.2040424346923846 0.095000000000000015 0.55705244122965658 28.166666666666668 9.5000000000000018 0.51666668057441723 0.12087339162826539 0.48819499215685086 3.7945599853992467 0.75500000000000012
decision_type=10 10 10 8 8 2 8 10 10 2 2 10 2 8 2 2 2 10 8 10 10 8 8 10 10 10 10 10 8 2
left_child=2 3 4 6 25 -5 22 -3 18 14 11 -8 19 -7 -9 -15 21 -11 -4 -13 23 -6 -2 24 -16 -1 -20 -28 -17 -30
right_child=1 7 8 5 16 13 10 9 -10 17 -12 12 -14 15 20 28 -18 -19 26 -21 -22 -23 -24 -25 -26 -27 27 -29 29 -31
leaf_value=-0.0004379550406794577 -0.00010123487549973879 -8.2582538784048968e-05 -0.00012069654392431166 -0.00032893001598783487 -0.00038485677413506588 -0.00044671751474342487 0.00028643083504900109 9.910111187648499e-05 0.0016759721790939302 -0.0001887992564817799 0.00088023278504903554 0.00072019398313326137 0.00052664635648176433 8.9482297255674998e-05 0.00083714845294726185 0.0002468795232511125 1.771103900603017e-05 0.0005828761720615077 3.2345750395437387e-05 0.0026866746601708074 0.00087064702725066375 -0.00017128989123240562 0.00019495448942747915 0.00057432463405694082 0.0024386839033802969 -0.00029301338714799894 0.0017491673918610267 0.00026994977897042046 0.00068969083121677007 0.0021531649379105101
leaf_weight=6990 1233 296 5699 1388 2250 314 6197 306 42 305 403 45 1166 3283 441 404 2097 312 4696 47 1852 9394 3582 4284 50 8189 55 260 207 41
leaf_count=6990 1233 296 5699 1388 2250 314 6197 306 42 305 403 45 1166 3283 441 404 2097 312 4696 47 1852 9394 3582 4284 50 8189 55 260 207 41
internal_value=-4.09537e-14 0.000313421 -0.000206641 0.000191356 -0.000273122 4.91952e-06 0.000274284 0.000598281 -2.78248e-05 0.000624975 0.000369369 0.000341752 0.00061427 0.000113977 0.000662669 0.000158718 -0.000177417 0.000201416 -3.45063e-05 0.00172481 0.000688692 -0.000212558 0.000119108 0.00061812 0.00100024 -0.00035976 6.35176e-05 0.000528226 0.000507339 0.000931636
internal_weight=65828 26156 39672 18310 28920 5637 12673 7846 10752 7550 7858 7455 1258 4249 6933 3935 13741 617 10710 92 6627 11644 4815 4775 491 15179 5011 315 652 248
internal_count=65828 26156 39672 18310 28920 5637 12673 7846 10752 7550 7858 7455 1258 4249 6933 3935 13741 617 10710 92 6627 11644 4815 4775 491 15179 5011 315 652 248
is_linear=0
shrinkage=0.03


Tree=65
num_leaves=31
num_cat=0
split_feature=34 41 6 6 42 66 42 17 21 29 66 6 21 6 47 29 47 42 41 46 37 42 65 48 43 63 34 67 26 47
split_gain=4.48937 1.12241 0.61 0.280157 0.206388 0.199766 0.178856 0.161784 0.150088 0.122695 0.122077 0.117246 0.117212 0.114019 0.112082 0.100605 0.0972583 0.0916757 0.0913962 0.0906166 0.0873379 0.0884035 0.0855356 0.0839202 0.0831812 0.0827396 0.0868569 0.0810675 0.0779877 0.0865864
threshold=3.6846978664398198 0.15607480704784396 0.43500000000000005 0.84500000000000008 0.034163950011134155 3.0015855953097348 0.23469445854425433 20.500000000000004 0.28500000000000009 5.6333332061767587 8.1174672245979327 0.015000000000000001 0.40500000000000008 0.94500000000000006 0.026252934709191326 10.900000095367433 0.18232943117618564 0.18367512524127963 0.28912203013896948 0.00030323144164867705 0.149938739836216 0.17975649237632754 41.083333333333343 0.83333334326744091 0.23379955440759662 0.51781708044105745 6.9470176696777353 -0.025472337012715892 46.500000000000007 0.014181293081492187
decision_type=10 8 10 8 8 8 8 2 2 10 8 8 2 8 10 10 10 10 8 8 10 10 10 10 10 10 10 10 2 8
left_child=2 5 4 7 -1 9 10 -3 14 27 15 -6 25 18 19 20 -12 -9 -8 -4 21 24 -18 -20 -5 26 -7 -2 29 -13
right_child=1 3 8 6 11 12 13 17 -10 -11 16 28 -14 -15 -16 -17 22 -19 23 -21 -22 -23 -24 -25 -26 -27 -28 -29 -30 -31
leaf_value=-0.00037389025427144335 9.7330146004429485e-05 0.00017000358805909676 -1.5131429746754897e-05 0.00027162219733211463 -0.00053340463961105847 0.00041615183215985098 0.00043302943672798584 0.00030363608569156922 0.00031104127744024896 0.00034694376452988005 0.00038118984491799487 -0.00026281799689938562 0.00096382277440612335 0.0010322495737880709 2.8609108934677034e-05 0.0014022507918222495 0.0010195715224607708 0.00058323339498688126 0.00070626184416460586 -0.00027662434593528411 0.00034308591936381639 0.0020075327633346136 0.00037236203163234686 0.0016734583397679354 0.0014996798255097147 0.00014036188628775595 0.0016981399388682535 -0.00011442281496908839 -0.00031965554252336891 -9.2531630214432763e-05
leaf_weight=11724 2497 2906 2094 165 938 706 806 1887 1100 819 508 4136 210 1164 6154 90 870 2395 271 2771 3305 52 233 115 71 2271 51 4671 3175 7673
leaf_count=11724 2497 2906 2094 165 938 706 806 1887 1100 819 508 4136 210 1164 6154 90 870 2395 271 2771 3305 52 233 115 71 2271 51 4671 3175 7673
internal_value=6.97638e-14 0.000306018 -0.000200572 0.000477252 -0.000278367 7.9669e-05 0.000603611 0.000342771 -2.31047e-05 -9.12564e-07 0.000506842 -0.00020803 0.000278435 0.000821055 -5.64616e-05 0.000411563 0.000724663 0.00046002 0.000614821 -0.000164072 0.000386748 0.000887801 0.000882854 0.000994416 0.00064108 0.000230902 0.000502521 -4.06579e-05 -0.000187661 -0.000152173
internal_weight=65828 26063 39765 14838 27646 11225 7650 7188 12119 7987 5294 15922 3238 2356 11019 3683 1611 4282 1192 4865 3593 288 1103 386 236 3028 757 7168 14984 11809
internal_count=65828 26063 39765 14838 27646 11225 7650 7188 12119 7987 5294 15922 3238 2356 11019 3683 1611 4282 1192 4865 3593 288 1103 386 236 3028 757 7168 14984 11809
is_linear=0
shrinkage=0.03


Tree=66
num_leaves=31
num_cat=0
split_feature=34 41 6 42 47 66 42 66 26 5 29 21 55 6 21 58 6 7 21 51 10 14 33 34 57 58 26 6 63 31
split_gain=4.22405 1.05607 0.573992 0.263654 0.190253 0.18796 0.169664 0.142571 0.136892 0.13703 0.115444 0.110284 0.107318 0.105151 0.104406 0.0968281 0.0905973 0.0904162 0.0876938 0.0927824 0.084649 0.0814937 0.0804824 0.0794048 0.0983307 0.0781995 0.112416 0.0840637 0.0778497 0.08462
threshold=3.6846978664398198 0.15607480704784396 0.38500000000000006 0.21655652672052386 0.026252934709191326 3.0015855953097348 0.034163950011134155 8.1174672245979327 5.5000000000000009 1.0000000180025095e-35 5.6333332061767587 0.40500000000000008 0.18587301671504977 0.015000000000000001 0.43500000000000011 31.500000000000004 0.91500000000000015 0.9683333333333336 0.37500000000000006 1.0612523555755617 0.77514044943820237 0.55500000000000016 0.29285715520381933 6.0607907772064218 0.071516755968332305 39.500000000000007 3.5000000000000004 0.37500000000000006 0.51781708044105745 5.6544673442840585
decision_type=10 8 10 10 10 8 8 8 2 2 10 2 10 8 2 10 10 8 2 8 10 8 10 10 8 10 2 8 10 10
left_child=2 5 6 7 -4 10 -1 12 -5 17 25 28 16 -8 22 -14 -3 -10 19 23 -11 -18 -6 -9 -25 26 -2 -28 29 -7
right_child=1 3 4 8 14 11 13 18 9 20 -12 -13 15 -15 -16 -17 21 -19 -20 -21 -22 -23 -24 24 -26 -27 27 -29 -30 -31
leaf_value=-0.00036560867474295223 -0.00054147748730108539 0.00026844137714003753 -0.00016257494286300948 -0.00021561372811398046 -0.00086979941839059245 0.00037689370180014518 -0.00051740250222280428 0.00011589623947757442 0.00065534520428017686 -6.0067254098585474e-05 0.0003365354530582668 0.00093490809519114135 0.00096015235817713577 -0.00018883361191043485 0.00043378311264032987 -0.0004491015584427644 0.00050660250730239159 0.0010380861315589266 0.0012218219880173406 0.00066761558077368672 0.0011223580083975461 0.0018355861120332075 3.8028457599959331e-05 0.0019103858365269843 0.0004697715607599379 -0.00016017098949012182 -0.00013564218849622782 0.00016902580861871989 0.00013615102955001035 0.0013974735339842281
leaf_weight=11350 278 5256 6336 165 89 675 938 724 4003 337 819 210 52 13393 616 281 1212 645 165 1460 65 43 7043 48 382 2885 1139 2866 2271 82
leaf_count=11350 278 5256 6336 165 89 675 938 724 4003 337 819 210 52 13393 616 281 1212 645 165 1460 65 43 7043 48 382 2885 1139 2866 2271 82
internal_value=3.49961e-14 0.000296837 -0.000194555 0.000462934 -4.06449e-05 7.72789e-05 -0.000278962 0.00036984 0.000634717 0.0006625 -8.85188e-07 0.000270082 0.000296258 -0.000210339 5.90646e-05 -0.000229038 0.000323124 0.000708458 0.000551054 0.000508714 0.000131121 0.000552137 2.66997e-05 0.000307678 0.000630584 -3.94381e-05 4.18867e-05 8.23799e-05 0.000223975 0.000487445
internal_weight=65828 26063 39765 14838 14084 11225 25681 9623 5215 5050 7987 3238 6844 14331 7748 333 6511 4648 2779 2614 402 1255 7132 1154 430 7168 4283 4005 3028 757
internal_count=65828 26063 39765 14838 14084 11225 25681 9623 5215 5050 7987 3238 6844 14331 7748 333 6511 4648 2779 2614 402 1255 7132 1154 430 7168 4283 4005 3028 757
is_linear=0
shrinkage=0.03


Tree=67
num_leaves=31
num_cat=0
split_feature=34 41 33 6 20 43 30 42 17 46 9 66 37 1 6 26 6 1 13 30 37 42 29 67 41 17 33 48 66 10
split_gain=3.97877 0.804568 0.723694 0.228057 0.191486 0.174895 0.156953 0.148227 0.142039 0.116014 0.109955 0.107797 0.107949 0.104438 0.104393 0.10355 0.101428 0.0961763 0.0980779 0.0948219 0.0946191 0.0911532 0.0874871 0.0859659 0.0858514 0.0838352 0.0792656 0.0790649 0.0780938 0.0850289
threshold=4.1503424644470224 0.15607480704784396 2.2583333253860478 0.84500000000000008 1.0000000180025095e-35 0.12348138540983201 0.93750000000000011 0.23469445854425433 20.500000000000004 0.18477766215801242 0.93357394172434394 8.1174672245979327 0.149938739836216 2.5000000000000004 0.94500000000000006 28.500000000000004 0.66500000000000015 2.5000000000000004 -1.0000000180025095e-35 7.0625000000000009 0.13844434171915057 0.10403315350413324 10.900000095367433 -0.056796701198065257 0.28912203013896948 4.5000000000000009 2.0014230012893681 0.83333334326744091 7.0899168401956567 0.17815000678150009
decision_type=10 8 10 8 2 10 8 8 2 10 10 8 10 8 8 2 10 8 10 10 8 10 10 10 8 2 8 10 8 10
left_child=2 9 4 8 6 21 -1 11 -3 13 15 12 -5 19 24 -7 -6 18 20 23 -8 -4 -14 -2 -9 -17 -19 -26 -10 -30
right_child=1 3 5 7 16 10 17 14 28 -11 -12 -13 22 -15 -16 25 -18 26 -20 -21 -22 -23 -24 -25 27 -27 -28 -29 29 -31
leaf_value=-0.0003909735866007643 0.00026811569393931555 0.0001682998707480303 -0.00011727792375144636 0.00099968334320625976 -0.00011430104503358891 0.00027795637546607061 -4.5249511392224818e-05 0.00040213407092151254 0.00034577130240870033 0.00030083194517526194 0.0013383185975253582 0.00069460718951241409 0.00032125528342727758 -0.00027122751228098854 0.00097774472345547826 -0.00053990538931248007 0.00045204217226595665 -0.00028078627641396414 -0.00022020237814735118 0.00093763991077718998 0.00070243952297083711 8.3621367103701907e-05 0.0012751319769016478 -1.1125659942641105e-05 0.00066653115118390236 5.5596957175963321e-05 -0.00059112527668062336 0.0016053316683126309 0.001517270024269237 0.00056222294640738033
leaf_weight=8622 1327 2678 7760 246 4256 2330 1223 806 2485 1801 70 1556 3127 901 1164 240 305 2890 10168 113 174 2754 89 3933 271 1875 996 115 89 1464
leaf_count=8622 1327 2678 7760 246 4256 2330 1223 806 2485 1801 70 1556 3127 901 1164 240 305 2890 10168 113 174 2754 89 3933 271 1875 996 115 89 1464
internal_value=4.64419e-13 0.000327351 -0.000166176 0.000464182 -0.00025466 2.40896e-06 -0.000288429 0.000579365 0.000337713 8.85954e-05 0.00015858 0.000487203 0.000393984 2.76713e-05 0.000775661 0.000140001 -7.64289e-05 -0.000231206 -0.00018782 7.77937e-05 4.78771e-05 -6.46551e-05 0.000347653 5.93217e-05 0.000578325 -1.19778e-05 -0.000360328 0.000946226 0.000450068 0.000616955
internal_weight=65828 22165 43663 14090 28634 15029 24073 7374 6716 8075 4515 5018 3462 6274 2356 4445 4561 15451 11565 5373 1397 10514 3216 5260 1192 2115 3886 386 4038 1553
internal_count=65828 22165 43663 14090 28634 15029 24073 7374 6716 8075 4515 5018 3462 6274 2356 4445 4561 15451 11565 5373 1397 10514 3216 5260 1192 2115 3886 386 4038 1553
is_linear=0
shrinkage=0.03


Tree=68
num_leaves=31
num_cat=0
split_feature=34 41 6 30 66 66 66 21 6 29 1 21 6 47 51 47 61 31 60 34 14 51 46 17 9 41 50 43 10 14
split_gain=3.74502 0.934431 0.520409 0.240749 0.185054 0.17338 0.156572 0.132905 0.12575 0.106173 0.105134 0.10391 0.099371 0.0965002 0.096733 0.0948341 0.0942312 0.0937393 0.0903472 0.102919 0.0899643 0.0849427 0.0846246 0.0822321 0.0852545 0.0777055 0.0766264 0.0760352 0.074704 0.0883607
threshold=3.6846978664398198 0.15607480704784396 0.43500000000000005 8.7750000953674334 0.44928545504808431 3.0015855953097348 7.0899168401956567 0.28500000000000009 0.21500000000000002 5.6333332061767587 1.5000000000000002 0.40500000000000008 0.58500000000000008 0.063166826963424696 1.4076985120773318 0.026252934709191326 26.166666666666668 3.759766817092896 34.266666666666673 8.0966324806213397 -0.060000000000000032 0.92173245549201976 0.00030323144164867705 10.500000000000002 0.59980541507364216 0.29546356201171881 1.7749999761581423 0.24346197396516803 0.58896499238965005 -0.18499999999999991
decision_type=10 8 10 10 8 8 8 2 8 10 10 2 8 10 8 10 10 10 8 10 8 8 8 2 10 8 10 10 8 8
left_child=2 5 4 6 -1 9 12 15 -6 -2 18 -7 17 14 -8 22 -15 -3 19 -5 -21 25 -4 24 -19 -20 -14 -13 -18 -30
right_child=1 3 7 10 8 11 13 -9 -10 -11 -12 27 26 16 -16 -17 28 23 21 20 -22 -23 -24 -25 -26 -27 -28 -29 29 -31
leaf_value=-0.0003264380245032824 -3.9071313516068073e-05 0.00061449434068944198 -5.7157876701179789e-06 0.00029496646517565328 -0.00027757359256514054 0.00021339192847017417 -0.00014929887706058916 0.00029516334985047583 -8.7111483157546889e-05 0.00032149011631453847 -0.00066498975670102112 0.00054244025943335147 0.00035126079833549986 0.0011834029446377537 0.00056113105466134184 2.7588944964759166e-05 0.00025699961137085314 -0.0011311166164213334 0.00074162737519908395 0.00034225134993903338 0.0019023330138479651 0.00060586194629288982 -0.0002584153346070664 6.5692788297160899e-05 6.0498997654295381e-05 0.0020595761614894286 -0.00072559357126010581 0.0018060618086019531 0.0019113705322106782 0.00059849363484439566
leaf_weight=14976 7168 204 2094 78 5558 3028 347 1100 7112 819 51 150 6748 227 343 6154 626 122 93 42 160 2333 2771 675 97 71 60 60 47 2514
leaf_count=14976 7168 204 2094 78 5558 3028 347 1100 7112 819 51 150 6748 227 343 6154 626 122 93 42 160 2333 2771 675 97 71 60 60 47 2514
internal_value=-1.21004e-13 0.0002795 -0.000183191 0.000435738 -0.000255047 7.29726e-05 0.0003771 -1.92735e-05 -0.000170662 -2.09876e-06 0.000684766 0.000258147 0.000299057 0.000527442 0.000203857 -5.0663e-05 0.000592842 3.42183e-05 0.000709554 0.00122055 0.00157796 0.000652254 -0.000149648 -9.81937e-05 -0.000603323 0.0013122 0.00034177 0.000903475 0.000550778 0.000622588
internal_weight=65828 26063 39765 14838 27646 11225 12010 12119 12670 7987 2828 3238 7906 4104 690 11019 3414 1098 2777 280 202 2497 4865 894 219 164 6808 210 3187 2561
internal_count=65828 26063 39765 14838 27646 11225 12010 12119 12670 7987 2828 3238 7906 4104 690 11019 3414 1098 2777 280 202 2497 4865 894 219 164 6808 210 3187 2561
is_linear=0
shrinkage=0.03


Tree=69
num_leaves=31
num_cat=0
split_feature=34 41 33 6 20 43 6 42 17 1 33 9 26 6 66 37 6 47 37 17 66 29 41 17 14 48 77 63 30 47
split_gain=3.5276 0.712877 0.64909 0.207294 0.177658 0.15875 0.143502 0.13366 0.130939 0.109731 0.122264 0.102771 0.0976998 0.0974507 0.0973197 0.101905 0.0922204 0.0887154 0.0861505 0.083408 0.0829965 0.0810423 0.0788248 0.0786927 0.0753662 0.0747141 0.073169 0.0816657 0.0730738 0.0714523
threshold=4.1503424644470224 0.15607480704784396 2.2583333253860478 0.84500000000000008 1.0000000180025095e-35 0.12348138540983201 0.055000000000000007 0.23469445854425433 20.500000000000004 1.5000000000000002 7.5166666507720956 0.93357394172434394 28.500000000000004 0.94500000000000006 8.1174672245979327 0.149938739836216 0.66500000000000015 0.21549511700868609 0.11536869034171106 1.0000000180025095e-35 0.15311328321695331 10.900000095367433 0.28912203013896948 4.5000000000000009 -0.69499999999999984 0.83333334326744091 1010.7000000000002 0.48233108335777802 10.291666507720949 0.18232943117618564
decision_type=10 8 10 8 2 10 8 8 2 8 8 10 2 8 8 10 10 10 10 2 8 10 8 2 10 10 2 8 10 10
left_child=2 9 4 8 6 18 -1 14 -3 10 17 12 -7 22 15 -5 -6 -2 -4 -11 -8 -17 -9 -14 -10 -24 27 -15 -27 -16
right_child=1 3 5 7 16 11 20 13 24 19 -12 -13 23 26 29 21 -18 -19 -20 -21 -22 -23 25 -25 -26 28 -28 -29 -30 -31
leaf_value=-0.00042087852401834826 8.9804379209448804e-05 0.0001537975384449792 -0.00011467586393138762 0.00095925620162189465 -0.00010470706960358269 0.00026801616417671827 -0.00034351688433242346 0.00037375829219279006 0.0016735851300642068 -0.00035011013628523607 0.00095522364835986596 0.0012925265485953007 -0.00052508806198966345 0.0017780175642501718 0.00034831365446734707 0.00030033455147213155 0.00043531819093556404 0.00045500856920753762 7.5934088312599443e-05 2.6364161313657108e-05 -0.00020045544937031301 0.0012184052611635787 0.0006232186108670795 5.1860755253699609e-05 0.00041088576831785887 0.0021874205454382304 0.00043579505705466459 0.0009373451946419663 0.0006581615383632253 0.00079054386380002348
leaf_weight=4732 3817 2678 7537 246 4256 2330 4882 806 43 658 175 70 240 119 472 3127 305 710 2977 2715 14459 89 271 1875 3995 66 220 825 49 1084
leaf_count=4732 3817 2678 7537 246 4256 2330 4882 806 43 658 175 70 240 119 472 3127 305 710 2977 2715 14459 89 271 1875 3995 66 220 825 49 1084
internal_value=7.27339e-14 0.000308233 -0.000156471 0.000437031 -0.00024027 3.18824e-06 -0.000272797 0.000546846 0.000316457 8.34935e-05 0.000177159 0.000151976 0.000134015 0.000733247 0.000459329 0.000370757 -6.85949e-05 0.000147082 -6.07054e-05 -4.70779e-05 -0.000236567 0.000325741 0.000542585 -1.36086e-05 0.000424332 0.000895109 0.000928496 0.00104332 0.00153582 0.000656397
internal_weight=65828 22165 43663 14090 28634 15029 24073 7374 6716 8075 4702 4515 4445 2356 5018 3462 4561 4527 10514 3373 19341 3216 1192 2115 4038 386 1164 944 115 1556
internal_count=65828 22165 43663 14090 28634 15029 24073 7374 6716 8075 4702 4515 4445 2356 5018 3462 4561 4527 10514 3373 19341 3216 1192 2115 4038 386 1164 944 115 1556
is_linear=0
shrinkage=0.03


Tree=70
num_leaves=31
num_cat=0
split_feature=41 34 42 6 33 1 21 46 9 17 46 7 70 60 10 6 8 34 42 38 6 17 26 17 15 6 21 47 26 41
split_gain=3.3246 0.824271 0.347159 0.2444 0.228088 0.187266 0.165237 0.165066 0.159927 0.116177 0.107582 0.102155 0.101631 0.0962233 0.103273 0.0915159 0.100007 0.0874509 0.0837607 0.0836757 0.080121 0.0759981 0.0798355 0.0992763 0.0772148 0.074112 0.0737477 0.073509 0.0836575 0.0727366
threshold=0.14015210419893268 2.5390720367431645 0.21655652672052386 0.48500000000000004 0.92582416534423839 2.5000000000000004 0.34500000000000008 0.18176515400409701 0.86333898564171996 2.5000000000000004 -0.044546520337462418 0.048333333333333346 50.500000000000007 32.675000000000004 0.43626692456479693 0.74500000000000011 0.33633333333333343 6.7712564468383798 0.15385086089372638 0.095189496874809279 0.94500000000000006 21.500000000000004 35.500000000000007 14.500000000000002 -0.20803636808546982 0.81500000000000006 0.15500000000000003 0.034903753548860557 52.500000000000007 0.066919423639774336
decision_type=10 8 10 8 10 8 2 8 10 2 10 10 10 10 8 10 10 10 10 10 8 2 2 2 8 8 2 10 2 8
left_child=1 4 8 11 26 7 15 -5 10 -4 -2 -3 -11 -12 -15 27 -17 29 -7 -8 -14 22 24 -24 -16 -9 -1 -6 -29 -13
right_child=2 3 9 5 6 18 19 25 -10 12 13 17 20 14 21 16 -18 -19 -20 -21 -22 -23 23 -25 -26 -27 -28 28 -30 -31
leaf_value=-0.00035411223546047524 -0.00097931021417894254 -0.00050316437990769261 -5.2529086957520121e-05 7.8818269448063176e-05 -0.00025410564473104808 -0.00031295693941910211 0.00011402548604853217 0.00017137149792075722 0.00049181578293400956 0.00072839154329222479 0.00043570718735118586 -0.00021785472819122606 0.00033094169637077286 -0.00014296917089212706 -0.00098061996512114995 0.0015813074902980588 4.5151138487405254e-05 0.00049509890035426057 0.00080287100587156596 0.0010664982761954889 0.00073816841697050986 0.00032439727813003715 8.1926566094360029e-05 -0.00051691371285342747 0.00027503899495069325 0.00049406705999721168 -0.0001120630945192111 -6.9099529665690699e-05 -0.00044738556311296469 -2.4143140802711615e-05
leaf_weight=10921 67 546 256 8295 8961 1122 1069 1140 2406 2622 1649 2781 1502 784 45 40 821 232 64 90 612 3345 1402 303 2146 1462 1264 4606 594 4681
leaf_count=10921 67 546 256 8295 8961 1122 1069 1140 2406 2622 1649 2781 1502 784 45 40 821 232 64 90 612 3345 1402 303 2146 1462 1264 4606 594 4681
internal_value=3.76126e-13 -0.000126492 0.000359342 1.93377e-05 -0.000230973 0.00010525 -0.000157151 0.000144213 0.000272787 0.000569958 0.000218687 -0.000106642 0.000603606 0.000226984 0.000184095 -0.00018378 0.000116517 -7.85034e-05 -0.000252744 0.000187988 0.000448833 0.000219507 0.000129451 -2.44949e-05 0.00024925 0.000352686 -0.000329003 -0.000202038 -0.000112311 -9.63372e-05
internal_weight=65828 48689 17139 20323 28366 12083 16181 10897 12147 4992 9741 8240 4736 9674 8025 15022 861 7694 1186 1159 2114 7241 3896 1705 2191 2602 12185 14161 5200 7462
internal_count=65828 48689 17139 20323 28366 12083 16181 10897 12147 4992 9741 8240 4736 9674 8025 15022 861 7694 1186 1159 2114 7241 3896 1705 2191 2602 12185 14161 5200 7462
is_linear=0
shrinkage=0.03


Tree=71
num_leaves=31
num_cat=0
split_feature=34 66 6 34 41 47 6 6 41 5 66 21 63 47 21 41 26 60 29 67 63 18 6 59 15 36 39 26 66 10
split_gain=3.13892 0.80127 0.442548 0.236353 0.211338 0.1502 0.13906 0.125154 0.123083 0.121109 0.112414 0.0961079 0.0997243 0.0933296 0.0899957 0.080689 0.088376 0.0960681 0.0855451 0.101534 0.0791197 0.0788036 0.0760111 0.0862972 0.0750722 0.103745 0.0895641 0.0743039 0.109704 0.0735955
threshold=3.6846978664398198 3.5195227414369588 0.38500000000000006 7.003676414489747 0.15066637098789218 0.026252934709191326 0.015000000000000001 0.96500000000000008 0.30394147336483007 1.0000000180025095e-35 0.44928545504808431 0.115 0.46450757114439983 0.16261423379182818 0.43500000000000011 0.071716856211423888 3.5000000000000004 37.32500000000001 6.3666667938232431 -0.00087557678806499107 0.49183938746438749 1.0000000180025095e-35 0.57500000000000007 44.500000000000007 0.073602092352092377 0.22283206135034564 0.25967971980571752 5.5000000000000009 3.5727997720241551 0.77514044943820237
decision_type=10 8 10 10 8 10 8 10 10 2 8 2 8 8 2 10 2 10 10 10 10 2 8 10 8 10 10 2 10 10
left_child=2 4 6 7 15 -4 -1 11 -6 13 -8 12 24 -5 -7 -2 -17 18 -18 -20 -9 -12 -14 -24 25 -3 -27 28 -15 -11
right_child=1 3 5 9 8 14 10 20 -10 29 21 -13 22 27 -16 16 17 -19 19 -21 -22 -23 23 -25 -26 26 -28 -29 -30 -31
leaf_value=-0.00042222259255928624 -0.00018684724862362938 0.00046971765713864762 -0.00014090839781207514 5.0719668706814707e-05 0.00022862357240095252 2.5975678048810124e-05 -0.00027802124284923989 0.0017124513706723622 0.0016814591497059841 -8.6628899799393372e-05 -0.00015509961167272832 0.00062048976926972713 -2.2015849952484949e-05 0.00089155231749540875 0.00040392268987004653 -0.00030197223936322527 0.00018310615214831995 -2.4070643988627339e-05 0.00031979056020645655 0.0022465346226235852 0.00063354961543558093 0.00042392217304748354 0.00031419414262690232 -8.4225656504443e-05 0.00027502572097494883 0.0023049092950785288 0.00082552510091911152 0.00070260395020429599 -0.00093180982600672225 0.0011509925576392559
leaf_weight=3345 1638 202 6336 224 5367 7132 11868 71 53 320 10252 747 962 57 616 590 2555 3350 64 40 442 216 4368 551 318 69 79 3884 62 50
leaf_count=3345 1638 202 6336 224 5367 7132 11868 71 53 320 10252 747 962 57 616 590 2555 3350 64 40 442 216 4368 551 318 69 79 3884 62 50
internal_value=8.13791e-14 0.000255885 -0.000167713 0.000430411 9.73455e-05 -3.25703e-05 -0.000241829 0.000329943 0.00024283 0.000601077 -0.000214813 0.000298097 0.000261324 0.000646634 5.60241e-05 1.61565e-06 4.83958e-05 8.27971e-05 0.000217437 0.00106085 0.000782871 -0.000143152 0.000221869 0.000269565 0.000608677 0.000911823 0.00151524 0.00067998 -5.84347e-05 8.06172e-05
internal_weight=65828 26063 39765 12406 13657 14084 25681 7809 5420 4597 22336 7296 6549 4227 7748 8237 6599 6009 2659 104 513 10468 5881 4919 668 350 148 4003 119 370
internal_count=65828 26063 39765 12406 13657 14084 25681 7809 5420 4597 22336 7296 6549 4227 7748 8237 6599 6009 2659 104 513 10468 5881 4919 668 350 148 4003 119 370
is_linear=0
shrinkage=0.03


Tree=72
num_leaves=31
num_cat=0
split_feature=34 66 6 1 34 20 47 66 6 6 5 17 63 46 35 63 67 11 67 47 6 51 36 33 58 6 21 40 26 66
split_gain=2.95511 0.608917 0.550403 0.192784 0.187718 0.186012 0.150251 0.135365 0.13081 0.130013 0.113951 0.104255 0.128761 0.100121 0.1307 0.0981424 0.0931607 0.0911587 0.0881232 0.0878139 0.0874206 0.0852337 0.0839288 0.133143 0.0834218 0.0748563 0.0736902 0.0723259 0.0811798 0.0802974
threshold=4.1503424644470224 3.5195227414369588 0.36500000000000005 1.5000000000000002 7.003676414489747 1.0000000180025095e-35 0.011885712854564192 0.8042361903935672 0.97500000000000009 0.8650000000000001 1.0000000180025095e-35 9.5000000000000018 0.54965374738527151 0.38893248140811926 0.26975052058696752 0.58588742376380987 -0.05861607280995864 0.72676289984558029 -0.11205608003831653 0.16261423379182818 0.36500000000000005 0.9516119956970216 0.17825482785701754 7.1055555343627939 25.500000000000004 0.78500000000000014 0.33500000000000008 0.15163138508796695 5.5000000000000009 3.7429378181695943
decision_type=10 8 10 8 10 2 8 8 10 8 2 2 10 10 10 10 10 8 10 8 8 10 10 8 10 8 2 8 2 10
left_child=2 3 6 9 11 7 -1 -4 -7 15 19 -3 21 22 -15 -2 -5 -9 -14 -6 26 25 23 -11 -24 -13 -8 -21 29 -29
right_child=1 4 5 16 10 8 20 17 -10 13 -12 12 18 14 -16 -17 -18 -19 -20 27 -22 -23 24 -25 -26 -27 -28 28 -30 -31
leaf_value=-0.00030116269814143426 0.00021190907450840079 0.00012463544356009369 -0.00017066136238288074 0.00022231107118215044 4.9198071768127451e-05 0.00017565823639278545 -0.00021603903119657558 -3.6131269694798127e-05 0.0017877671105341743 0.00035008500144459621 7.8198737094557929e-05 0.00042448216331855113 -0.00096162952357329993 0.00041300227925662069 0.0025804796254461897 -6.9128367522122727e-05 -0.00015913398813067578 0.0001948036793968717 0.00028505787361088428 0.0017021809645407532 1.9251718057843998e-05 6.4820128852840174e-05 -0.0008473082576529122 0.0010967947456618893 0.00020976514193509654 0.00078365901311014613 7.3329922262152785e-05 0.00063092989085431579 0.00066757147036264005 -0.00095506219746312128
leaf_weight=13369 3197 1618 5819 747 224 2976 9633 6861 46 1137 370 930 52 62 42 1720 2521 1983 2733 59 2113 275 72 265 1006 1191 863 59 3829 56
leaf_count=13369 3197 1618 5819 747 224 2976 9633 6861 46 1137 370 930 52 62 42 1720 2521 1983 2733 59 2113 275 72 265 1006 1191 863 59 3829 56
internal_value=6.63945e-14 0.000282115 -0.000143212 0.000120361 0.000434969 -1.41184e-05 -0.000231095 -5.82882e-05 0.000200197 0.000204143 0.000583044 0.000334851 0.0004005 0.000376432 0.00128833 0.0001136 -7.19432e-05 1.56489e-05 0.00026178 0.000627235 -0.000156804 0.000561741 0.000338191 0.000491225 0.000139163 0.00062617 -0.000192247 0.000659581 0.000643984 -0.000141379
internal_weight=65828 22165 43663 10769 11396 17685 25978 14663 3022 7501 4597 6799 5181 2584 104 4917 3268 8844 2785 4227 12609 2396 2480 1402 1078 2121 10496 4003 3944 115
internal_count=65828 22165 43663 10769 11396 17685 25978 14663 3022 7501 4597 6799 5181 2584 104 4917 3268 8844 2785 4227 12609 2396 2480 1402 1078 2121 10496 4003 3944 115
is_linear=0
shrinkage=0.03


Tree=73
num_leaves=31
num_cat=0
split_feature=41 34 36 6 33 1 21 46 46 10 5 7 6 8 6 42 66 11 61 68 34 42 17 11 67 44 55 55 47 15
split_gain=2.79016 0.704249 0.295099 0.208012 0.19821 0.171524 0.147113 0.143882 0.124871 0.114015 0.104208 0.0932044 0.0882046 0.0857211 0.0840443 0.134482 0.106446 0.0874064 0.08325 0.0831334 0.0784284 0.0770238 0.0763778 0.0784205 0.075971 0.100243 0.0935119 0.078911 0.0739887 0.0728964
threshold=0.14015210419893268 2.5390720367431645 0.22758771479129794 0.48500000000000004 0.92582416534423839 2.5000000000000004 0.43500000000000011 0.18176515400409701 0.21249949932098391 0.68304757304998809 1.0000000180025095e-35 0.048333333333333346 0.74500000000000011 0.33633333333333343 0.96500000000000008 0.15088269859552386 1.2746051847934725 0.81397472317769648 42.166666666666679 1.0000000180025095e-35 6.7712564468383798 0.15385086089372638 3.5000000000000004 0.41864384019030004 -0.037357337460765715 0.25722004473209387 0.079682540148496642 0.10016233846545221 0.26508527994155889 0.017540336785739453
decision_type=10 8 10 8 10 8 2 8 10 10 2 10 10 10 8 10 10 8 10 2 10 10 2 8 10 10 8 8 10 8
left_child=1 4 9 11 -1 7 12 -5 -4 22 14 -3 -6 -14 16 -16 17 18 -10 -17 -13 -7 23 -2 25 27 28 -11 -26 -18
right_child=2 3 8 5 6 21 -8 -9 10 24 -12 20 13 -15 15 19 29 -19 -20 -21 -22 -23 -24 -25 26 -27 -28 -29 -30 -31
leaf_value=-0.00030383972233985506 -0.00089310443502870038 -0.00047606125777487508 0.00011287093801035587 7.4409259277300691e-05 -0.00018330507617569006 -0.00030218254111775088 0.00023086134571362297 0.00033010062774814475 0.00073568652099792789 0.002047869876037015 9.411961347024342e-05 -8.7319511100060097e-05 0.0014653590232383731 6.0536538654040281e-05 0.0024123832225070698 0.00055453405653029864 0.00012994221381840157 0.0016257802102468716 5.1449334668187465e-05 0.0011092568426113393 0.00047277629434253461 0.00076783169773989349 0.00021360538002691322 1.5995449241568203e-05 -0.0009861388640149077 0.00019985314424435097 0.00035843518742945384 0.00076436845331576012 0.00031396050646435468 0.00051169293746891912
leaf_weight=12185 97 546 648 8295 14408 1122 892 2602 1326 47 406 7462 41 840 46 672 695 88 182 381 232 64 7565 714 87 310 2004 521 72 1278
leaf_count=12185 97 546 648 8295 14408 1122 892 2602 1326 47 406 7462 41 840 46 672 695 88 182 381 232 64 7565 714 87 310 2004 521 72 1278
internal_value=1.58398e-13 -0.00011588 0.000329195 1.89153e-05 -0.000212455 9.81742e-05 -0.000143638 0.000135464 0.000505034 0.000241068 0.000555117 -9.73087e-05 -0.000165487 0.000125914 0.000595212 0.000824607 0.000524574 0.000706737 0.000653106 0.000755246 -7.04307e-05 -0.000244441 0.000183944 -9.27378e-05 0.000398407 0.000633759 0.000302873 0.000870574 -0.000397415 0.000377219
internal_weight=65828 48689 17139 20323 28366 12083 16181 10897 5722 11417 5074 8240 15289 881 4668 1099 3569 1596 1508 1053 7694 1186 8376 811 3041 878 2163 568 159 1973
internal_count=65828 48689 17139 20323 28366 12083 16181 10897 5722 11417 5074 8240 15289 881 4668 1099 3569 1596 1508 1053 7694 1186 8376 811 3041 878 2163 568 159 1973
is_linear=0
shrinkage=0.03


Tree=74
num_leaves=31
num_cat=0
split_feature=34 66 6 66 34 6 45 20 6 5 33 63 21 63 21 33 26 66 15 33 47 21 63 1 15 36 39 1 10 7
split_gain=2.63458 0.681684 0.383753 0.244488 0.199779 0.182265 0.127267 0.119051 0.111832 0.103552 0.0966021 0.0908796 0.0905576 0.0903264 0.08613 0.0822047 0.0817457 0.0816995 0.080243 0.0796284 0.0740596 0.0726575 0.0723822 0.0721083 0.0708975 0.0947588 0.0851069 0.0707201 0.0692367 0.0686437
threshold=3.6846978664398198 3.5195227414369588 0.21500000000000002 0.51962637715041649 7.003676414489747 0.69500000000000006 0.26984032988548284 1.0000000180025095e-35 0.96500000000000008 1.0000000180025095e-35 10.620192527770998 0.58717181228042981 0.115 0.46450757114439983 0.77500000000000013 7.9128787517547616 5.5000000000000009 3.7429378181695943 -0.12849860062265758 2.2583333253860478 0.17446311563253405 0.71500000000000019 0.49183938746438749 2.5000000000000004 0.073602092352092377 0.22283206135034564 0.25967971980571752 1.0000000180025095e-35 0.77514044943820237 0.10833333333333338
decision_type=10 8 8 8 10 8 10 2 10 2 10 10 2 8 2 10 2 10 8 10 8 2 10 8 8 10 10 10 10 10
left_child=2 5 14 -4 8 11 18 19 12 16 -8 15 13 24 -1 29 17 -6 -7 -5 -18 -22 -10 -20 25 -3 -27 -9 -11 -2
right_child=1 4 3 7 9 6 10 27 22 28 -12 -13 -14 -15 -16 -17 20 -19 23 -21 21 -23 -24 -25 -26 26 -28 -29 -30 -31
leaf_value=-0.00028924626099302841 -0.00047970275033979923 0.00043989103648518811 -0.00019869823840513388 -0.00013284801572814947 0.00049442929858169345 0.00084994500073346142 0.00041771622148892258 -0.00037034486039456993 0.001620302650024852 -9.1165617897331688e-05 0.0018328729458929349 -0.00017031735937913503 0.00058587847102899095 0.00019968813791452074 0.00020627243344577593 -0.00084330783215785668 0.00010172615733438548 -0.00098053613131673175 0.00014707649413482274 1.8552413826287773e-05 0.00063015133418527734 0.0014926784541845941 0.00058835983384502395 -0.00028457500168930404 0.00024357724764037278 0.0022088762225188395 0.00076677288023071198 0.00021919886142145897 0.0011092463218141347 0.00010352383642664205
leaf_weight=13972 190 202 10078 5485 81 138 1231 198 71 320 45 2401 747 5881 323 89 235 58 5070 7271 3763 90 442 374 318 69 79 2438 50 4119
leaf_count=13972 190 202 10078 5485 81 138 1231 198 71 320 45 2401 747 5881 323 89 235 58 5070 7271 3763 90 442 374 318 69 79 2438 50 4119
internal_value=3.47662e-13 0.000234428 -0.00015365 -8.38311e-05 0.000395405 8.81974e-05 0.000197321 -8.62125e-06 0.000303037 0.000552311 0.000467624 -2.18731e-05 0.000272933 0.000237238 -0.00027805 5.91671e-05 0.000594437 -0.000121024 0.000135532 -4.65488e-05 0.000618764 0.000650299 0.000731182 0.000117422 0.000567819 0.000862416 0.0014391 0.000174916 7.10522e-05 7.78072e-05
internal_weight=65828 26063 39765 25470 12406 13657 6858 15392 7809 4597 1276 6799 7296 6549 14295 4398 4227 139 5582 12756 4088 3853 513 5444 668 350 148 2636 370 4309
internal_count=65828 26063 39765 25470 12406 13657 6858 15392 7809 4597 1276 6799 7296 6549 14295 4398 4227 139 5582 12756 4088 3853 513 5444 668 350 148 2636 370 4309
is_linear=0
shrinkage=0.03


Tree=75
num_leaves=31
num_cat=0
split_feature=41 34 42 6 21 33 1 9 46 17 46 47 70 60 10 7 6 34 40 26 17 34 40 12 26 6 21 29 6 7
split_gain=2.4815 0.627745 0.26177 0.186397 0.183044 0.161416 0.157229 0.13097 0.13059 0.101593 0.0988695 0.0957442 0.0939535 0.0868818 0.0906724 0.0849093 0.0730785 0.0729902 0.0787303 0.0728303 0.0725304 0.13185 0.0746244 0.0712605 0.0709591 0.0708382 0.068815 0.0686917 0.0681495 0.0721608
threshold=0.14015210419893268 2.5390720367431645 0.21655652672052386 0.48500000000000004 0.34500000000000008 0.4083333313465119 2.5000000000000004 0.86333898564171996 0.18176515400409701 2.5000000000000004 -0.044546520337462418 0.034903753548860557 50.500000000000007 32.675000000000004 0.38918128654970768 0.048333333333333346 0.66500000000000015 7.003676414489747 0.19415349513292315 56.500000000000007 4.5000000000000009 5.7922658920288095 0.1385079696774483 0.70775729872488291 106.50000000000001 0.94500000000000006 0.17500000000000002 5.0999999046325692 0.93500000000000016 0.81166666666666687
decision_type=10 8 10 8 2 10 8 10 8 2 10 10 10 10 8 10 10 10 8 2 2 10 10 8 2 8 2 10 8 8
left_child=1 4 7 15 5 -1 8 10 -5 -4 -2 -7 -11 -12 24 -3 -6 18 -17 -13 -8 22 -22 -9 27 -14 28 -15 -10 -30
right_child=2 3 9 6 16 11 20 23 26 12 13 19 25 14 -16 17 -18 -19 -20 -21 21 -23 -24 -25 -26 -27 -28 -29 29 -31
leaf_value=-0.00033800486463587303 -0.00096212684531320821 -0.00045354476661576789 -8.8763829853064633e-05 7.0544717324345885e-05 1.7312843328992322e-05 -0.00022049189246832273 -0.00041780853942653012 0.0011057817957836635 0.00014838553707839639 0.00064478583204052094 0.00039262141673515583 -4.1485434396311599e-05 0.00026514286943903835 -0.00054687976808202106 0.00018064686375295511 -7.316808739996418e-05 0.00063432692239504104 0.00051274776331963333 -0.0012675940749817527 -0.00040261781565195404 7.3229166969530365e-05 0.0016662426479160785 -0.001057477040862244 0.00039385224076500937 -0.0013102364317247909 0.00064805290885256079 0.00078630954719174548 0.00017657548936391722 0.0016567119484146434 0.00041981050181839452
leaf_weight=7608 67 546 256 8295 1809 12787 738 134 1557 2622 1649 5417 1502 197 7484 7453 191 191 50 554 344 42 62 2272 49 612 251 295 45 749
leaf_count=7608 67 546 256 8295 1809 12787 738 134 1557 2622 1649 5417 1502 197 7484 7453 191 191 50 554 344 42 62 2272 49 612 251 295 45 749
internal_value=-6.43564e-14 -0.000109282 0.000310453 1.79808e-05 -0.000200461 -0.00022145 9.30088e-05 0.000235292 0.000128711 0.000493341 0.000186334 -0.000174177 0.000524806 0.000194288 0.000153534 -9.20391e-05 7.62377e-05 -6.63851e-05 -8.11277e-05 -7.49919e-05 -0.00023502 6.60925e-05 -9.94403e-05 0.000433503 -0.000221529 0.000375995 0.000314139 -0.000113101 0.000263729 0.000489912
internal_weight=65828 48689 17139 20323 28366 26366 12083 12147 10897 4992 9741 18758 4736 9674 8025 8240 2000 7694 7503 5971 1186 448 406 2406 541 2114 2602 492 2351 794
internal_count=65828 48689 17139 20323 28366 26366 12083 12147 10897 4992 9741 18758 4736 9674 8025 8240 2000 7694 7503 5971 1186 448 406 2406 541 2114 2602 492 2351 794
is_linear=0
shrinkage=0.03


Tree=76
num_leaves=31
num_cat=0
split_feature=34 66 6 20 1 34 6 6 66 33 47 40 34 5 17 63 67 41 67 12 51 70 47 26 7 40 26 66 1 30
split_gain=2.34462 0.496901 0.442395 0.163324 0.161552 0.151264 0.127652 0.118713 0.112129 0.110603 0.126302 0.143668 0.100098 0.0970244 0.0920877 0.115834 0.0865681 0.0858076 0.0847429 0.0822495 0.0801475 0.0766822 0.0759479 0.0737372 0.0702555 0.0698173 0.0700173 0.0706296 0.0687414 0.111916
threshold=4.1503424644470224 3.5195227414369588 0.36500000000000005 1.0000000180025095e-35 1.5000000000000002 7.003676414489747 0.015000000000000001 0.97500000000000009 0.8042361903935672 10.620192527770998 0.35654641687870031 0.14384154230356219 1.3162280917167666 1.0000000180025095e-35 9.5000000000000018 0.54965374738527151 -0.05861607280995864 0.066229917109012618 -0.097793446791735364 0.76422951682940254 0.9516119956970216 77.500000000000014 0.16261423379182818 8.5000000000000018 0.77833333333333354 0.15163138508796695 5.5000000000000009 3.7429378181695943 2.5000000000000004 5.2678570747375497
decision_type=10 8 10 2 8 10 8 10 8 8 10 10 8 2 2 10 10 10 10 8 10 8 8 2 10 8 2 10 8 8
left_child=2 4 6 8 9 14 -1 -5 -4 17 11 21 23 22 -3 20 24 -2 -17 -10 -16 -11 -7 -8 -6 -24 27 -27 29 -14
right_child=1 5 3 7 16 13 12 -9 19 10 -12 -13 28 -15 15 18 -18 -19 -20 -21 -22 -23 25 -25 -26 26 -28 -29 -30 -31
leaf_value=-0.00037821867284487892 -0.00031557462062521252 0.00010192983990350373 -0.00015549133404864498 0.00016561568833573632 0.00013999576831035611 2.5503796937950286e-05 -0.00014076924694577273 0.0017013688068634465 -2.928054210334813e-05 0.0015212086529665333 0.0021572955948067829 -1.3742123319059765e-05 -0.00010368245623334893 5.6450169413241184e-05 0.00057660739878347318 -0.00065096567730468346 -0.00015491859941916373 0.00017186373952927502 0.0002607249023686093 0.00020712523144186728 3.2264066382776942e-05 0.00050906054725722931 0.0016175107343390708 -0.00031649171299012762 0.0013757094882748788 0.00057278026534654828 0.00059973295138954685 -0.00091467354687795575 -0.00023941742833063901 0.00048316491566253794
leaf_weight=3383 342 1618 5819 2976 703 224 3304 46 7222 118 42 290 9270 370 2121 95 2521 6552 2690 1622 275 157 59 6149 44 59 3829 56 3570 302
leaf_count=3383 342 1618 5819 2976 703 224 3304 46 7222 118 42 290 9270 370 2121 95 2521 6552 2690 1622 275 157 59 6149 44 59 3829 56 3570 302
internal_value=-4.28231e-14 0.00025129 -0.000127564 -1.18279e-05 0.000105169 0.000389371 -0.000206354 0.000188992 -5.32163e-05 0.000181865 0.000570093 0.000452106 -0.000180622 0.000522293 0.000299498 0.000361198 -7.08695e-05 0.000147683 0.000229626 1.40766e-05 0.000514131 0.000943364 0.00056307 -0.000255073 0.000212782 0.000593151 0.000577827 -0.000151545 -0.000127069 -8.51672e-05
internal_weight=65828 22165 43663 17685 10769 11396 25978 3022 14663 7501 607 565 22595 4597 6799 5181 3268 6894 2785 8844 2396 275 4227 9453 747 4003 3944 115 13142 9572
internal_count=65828 22165 43663 17685 10769 11396 25978 3022 14663 7501 607 565 22595 4597 6799 5181 3268 6894 2785 8844 2396 275 4227 9453 747 4003 3944 115 13142 9572
is_linear=0
shrinkage=0.03


Tree=77
num_leaves=31
num_cat=0
split_feature=34 66 6 66 6 1 10 21 30 20 60 45 33 12 14 36 63 27 12 21 35 17 59 41 63 12 45 43 45 59
split_gain=2.20955 0.58456 0.328153 0.211914 0.189763 0.155294 0.122801 0.115999 0.109906 0.105055 0.100766 0.0969297 0.0877705 0.0855533 0.0833525 0.0803392 0.0791759 0.0957426 0.0798521 0.078766 0.0771949 0.0822813 0.0988341 0.0764373 0.0737938 0.073221 0.0723985 0.0723639 0.0855173 0.0808927
threshold=3.6846978664398198 3.0015855953097348 0.21500000000000002 0.51962637715041649 0.76500000000000012 1.5000000000000002 0.55413546076196696 0.065000000000000016 9.1458334922790545 1.0000000180025095e-35 34.100000000000009 0.26984032988548284 10.839743614196779 0.51221007333578583 -0.74499999999999988 0.13143834471702578 0.48489980201227578 9.5000000000000018 0.56748119269346642 0.77500000000000013 0.085960593074560179 35.500000000000007 28.166666666666668 0.071716856211423888 0.58634041720730112 0.49854921607224945 0.13311765342950824 0.39781975746154791 0.20405964553356173 30.833333333333339
decision_type=10 8 8 8 8 8 10 2 10 2 8 10 8 10 8 8 8 10 8 2 8 2 10 10 10 10 10 10 8 8
left_child=2 5 19 -4 14 6 12 8 16 -5 -10 13 23 -8 -3 -9 17 20 -18 -1 -6 -22 -23 -2 -25 -26 -7 28 29 -20
right_child=1 4 3 9 7 26 11 15 10 -11 -12 -13 -14 -15 -16 -17 18 -19 27 -21 21 22 -24 24 25 -27 -28 -29 -30 -31
leaf_value=-0.0002664537679533675 -0.00029442332712477967 0.0014944558405973526 -0.00018308949587819627 -4.1755725769473853e-05 0.0016442806150735122 1.3727333081284572e-05 0.00074743565607427603 0.00189435065863654 0.0013774535056956586 0.00016628399261520987 0.00053711808420590999 0.00068589190776656244 0.00048463532251857773 0.00014339357106417838 0.00018278706081452855 0.00066260274424303535 0.0008063682901377243 0.0014125125830235317 0.0014179248209003101 0.00020740843176623322 0.0002105536999888878 -0.0001316429316648282 0.0013023674803590703 0.00015402743395959059 -6.0497360878050913e-06 -0.00055109222960144668 -0.00024565862548013681 4.325471658976622e-05 0.00041752076066992966 9.7380440304000433e-05
leaf_weight=13972 593 44 10078 12756 48 2397 241 50 141 2636 1440 503 405 1697 4828 1017 258 112 43 323 553 60 155 3010 1265 269 1625 1054 2820 1435
leaf_count=13972 593 44 10078 12756 48 2397 241 50 141 2636 1440 503 405 1697 4828 1017 258 112 43 323 553 60 155 3010 1265 269 1625 1054 2820 1435
internal_value=-2.98613e-13 0.000214687 -0.000140711 -7.61479e-05 0.00034598 6.09408e-05 0.000137528 0.000426251 0.000387604 -6.1273e-06 0.000612063 0.00031482 5.94389e-05 0.000218509 0.000194633 0.000720323 0.000333326 0.000590012 0.000290865 -0.000255747 0.00047712 0.000404173 0.000902179 2.59165e-05 6.77214e-05 -0.000101628 -9.10718e-05 0.000266015 0.000320642 0.0001358
internal_weight=65828 26063 39765 25470 14058 12005 7983 9186 8119 15392 1581 2441 5542 1938 4872 1067 6538 928 5610 14295 816 768 215 5137 4544 1534 4022 5352 4298 1478
internal_count=65828 26063 39765 25470 14058 12005 7983 9186 8119 15392 1581 2441 5542 1938 4872 1067 6538 928 5610 14295 816 768 215 5137 4544 1534 4022 5352 4298 1478
is_linear=0
shrinkage=0.03


Tree=78
num_leaves=31
num_cat=0
split_feature=41 34 36 21 1 33 33 41 17 21 46 39 34 59 10 6 66 42 47 68 1 67 44 55 55 17 11 26 47 66
split_gain=2.08982 0.532205 0.227232 0.165041 0.16183 0.221334 0.142103 0.13594 0.127053 0.10675 0.105418 0.098078 0.118029 0.104511 0.0934261 0.0907512 0.118409 0.111492 0.0849536 0.0848824 0.0730052 0.0692988 0.0970316 0.0875408 0.0735439 0.0689167 0.0714308 0.068769 0.0684238 0.0674591
threshold=0.14015210419893268 2.5390720367431645 0.22758771479129794 0.34500000000000008 1.5000000000000002 7.0312500000000009 0.4083333313465119 0.059168713167309768 1.0000000180025095e-35 0.21500000000000005 0.21249949932098391 0.14009793847799304 7.7469809055328378 35.833333333333336 0.68304757304998809 0.96500000000000008 2.4705732017755513 0.15088269859552386 0.034903753548860557 1.0000000180025095e-35 1.5000000000000002 -0.037357337460765715 0.25722004473209387 0.079682540148496642 0.10016233846545221 3.5000000000000004 0.41864384019030004 56.500000000000007 0.26508527994155889 0.81650129705667507
decision_type=10 8 10 2 8 8 10 10 2 2 10 10 8 10 10 8 10 10 10 2 10 10 10 8 8 2 8 2 10 8
left_child=1 3 14 6 5 7 -1 -3 -6 -10 -4 12 -7 -14 25 16 -12 -17 -8 -19 -18 22 24 28 -16 26 -2 -20 -23 -9
right_child=2 4 10 -5 8 11 18 29 9 -11 15 -13 13 -15 21 17 20 19 27 -21 -22 23 -24 -25 -26 -27 -28 -29 -30 -31
leaf_value=-0.00031353159890127696 -0.0008708270791181142 -0.0002495247950630642 7.8876267596588912e-05 7.8497671852237531e-05 -0.00032171586631109261 0.00052472798578042984 -0.00020344386971219059 -4.4374077513962214e-05 -5.9325800837869156e-05 0.00030043645357088024 0.0005878966584537727 0.0001916339924836918 0.0027455749351877807 0.0006989358475127912 0.0019443182262809987 0.0021020921082934366 0.00029029754379592248 0.00045724446802177448 -3.3829140898274843e-05 0.00099758670219706651 -0.00070957763897775501 -0.00098496089587068363 0.00014787586801826217 0.00031251070371704129 0.0007052337327490975 0.00018403409602341174 -3.1874198881085535e-06 -0.00038474816797866019 0.00026529127736769925 0.00014910075398593886
leaf_weight=7608 97 1257 648 2000 1525 723 12787 2377 7570 823 1866 852 43 47 47 50 1961 717 5417 412 68 87 310 2004 521 7565 714 554 72 5106
leaf_count=7608 97 1257 648 2000 1525 723 12787 2377 7570 823 1866 852 43 47 47 50 1961 717 5417 412 68 87 310 2004 521 7565 714 554 72 5106
internal_value=-2.51465e-14 -0.000100288 0.0002849 -0.000184241 1.68915e-05 9.95424e-05 -0.000204172 3.91509e-05 -6.98179e-05 -2.40483e-05 0.0004392 0.000416553 0.000652261 0.00167677 0.000207568 0.000485217 0.000415414 0.000715822 -0.000159817 0.000654429 0.000256788 0.000349994 0.000574774 0.000258752 0.000807764 0.000155859 -0.000106962 -6.6388e-05 -0.000418809 8.76428e-05
internal_weight=65828 48689 17139 28366 20323 10405 26366 8740 9918 8393 5722 1665 813 90 11417 5074 3895 1179 18758 1129 2029 3041 878 2163 568 8376 811 5971 159 7483
internal_count=65828 48689 17139 28366 20323 10405 26366 8740 9918 8393 5722 1665 813 90 11417 5074 3895 1179 18758 1129 2029 3041 878 2163 568 8376 811 5971 159 7483
is_linear=0
shrinkage=0.03


Tree=79
num_leaves=31
num_cat=0
split_feature=41 32 47 17 34 63 6 20 10 6 22 1 41 42 71 66 45 41 34 50 21 33 36 42 37 66 8 68 28 22
split_gain=1.97188 0.439879 0.263905 0.168033 0.166613 0.127146 0.12029 0.107819 0.103163 0.0974772 0.110339 0.0976942 0.0969971 0.0928842 0.0925074 0.0917966 0.0913051 0.088626 0.0819831 0.0904899 0.0816622 0.080708 0.0782549 0.0888507 0.0837641 0.0778632 0.0733509 0.0728477 0.0709309 0.070619
threshold=0.10375023260712625 6.0708820819854745 0.026252934709191326 1.5000000000000002 5.5296630859375009 0.54487762241659099 0.91500000000000015 1.0000000180025095e-35 0.6802061855670104 0.40500000000000008 19.500000000000004 1.5000000000000002 0.09716587141156198 0.067201826721429839 11.500000000000002 0.61353299953043472 0.0028777936240658168 0.24074373394250873 7.5540316104888925 0.77500000596046459 0.17500000000000002 0.29285715520381933 0.24293529987335208 0.22945055365562442 0.20689339935779574 0.74855926632881176 0.58100000000000018 1.0000000180025095e-35 3.3303004503250127 2.5000000000000004
decision_type=10 10 8 2 10 10 8 2 10 8 2 8 8 10 10 10 10 10 10 8 2 10 10 10 10 10 8 2 10 2
left_child=2 3 7 -2 9 8 15 21 22 -4 11 -11 -13 25 17 -3 -6 -10 -8 -20 28 -1 23 24 -5 -9 -18 -28 -7 -17
right_child=1 6 4 5 16 20 18 13 14 10 -12 12 -14 -15 -16 29 26 -19 19 -21 -22 -23 -24 -25 -26 -27 27 -29 -30 -31
leaf_value=-0.00034266406210180879 -0.00020332735291989191 0.00042050799006427989 -0.00014482649352343081 0.00016609014521510042 0.0016903879987075925 -0.0002704965976712022 0.00037106129416217927 -0.00014710801358289996 0.00030644324834423823 0.0003000825245389423 -0.00011557235972540702 0.00012162284573693378 -0.00025207273489201562 0.00034837424418848826 0.0011425538878860866 -0.0005002434921469864 -0.00011779676821054193 0.0016874977290419998 0.0017126164275585957 0.00060136102910535638 0.00037112126211300651 -0.00019586465592853994 0.0010724080057137376 0.0010168140695895999 -0.00047330428395756755 0.00055558968184195681 0.00057297777672334971 -6.7495832426457437e-06 4.5789429111342459e-05 0.00021223396008396238
leaf_weight=4430 1490 2451 8467 5337 40 720 2395 2634 844 1498 3918 1937 923 466 168 129 374 44 69 1492 618 14095 86 107 191 150 596 290 5613 4256
leaf_count=4430 1490 2451 8467 5337 40 720 2395 2634 844 1498 3918 1937 923 466 168 129 374 44 69 1492 618 14095 86 107 191 150 596 290 5613 4256
internal_value=-4.47112e-13 0.000203154 -0.000132705 9.926e-05 -4.78589e-05 0.000132102 0.000349657 -0.000203009 0.000224566 -7.32613e-05 -4.45343e-08 0.000103819 1.02109e-06 -4.36313e-05 0.000497005 0.000273464 0.000279305 0.000374874 0.000481318 0.000650481 4.19524e-05 -0.00023097 0.000174279 0.000160572 0.000143998 -0.000109247 0.000234509 0.000383225 9.83081e-06 0.000191274
internal_weight=65828 26010 39818 15218 18043 13728 10792 21775 6777 16743 8276 4358 2860 3250 1056 6836 1300 888 3956 1561 6951 18525 5721 5635 5528 2784 1260 886 6333 4385
internal_count=65828 26010 39818 15218 18043 13728 10792 21775 6777 16743 8276 4358 2860 3250 1056 6836 1300 888 3956 1561 6951 18525 5721 5635 5528 2784 1260 886 6333 4385
is_linear=0
shrinkage=0.03


Tree=80
num_leaves=31
num_cat=0
split_feature=34 66 6 20 1 1 6 6 6 34 5 66 63 46 35 36 33 66 47 40 67 65 57 58 43 12 10 31 47 10
split_gain=1.86368 0.405953 0.358482 0.141334 0.129396 0.127734 0.110633 0.108754 0.100282 0.0964674 0.098823 0.0913807 0.0856672 0.0842858 0.117566 0.0880466 0.117399 0.0830364 0.0812663 0.081755 0.0808403 0.0798154 0.082278 0.0776097 0.0763244 0.0696693 0.0696127 0.0780017 0.0676724 0.0670302
threshold=4.1503424644470224 3.5195227414369588 0.36500000000000005 1.0000000180025095e-35 1.5000000000000002 1.5000000000000002 1.0000000180025095e-35 0.97500000000000009 0.8650000000000001 6.9470176696777353 1.0000000180025095e-35 0.79368893057107937 0.58588742376380987 0.38893248140811926 0.26975052058696752 0.17825482785701754 7.1055555343627939 0.32089708559215074 0.17446311563253405 0.15163138508796695 -0.05861607280995864 41.583333333333343 0.31860269606113439 25.500000000000004 0.42900477349758154 0.76422951682940254 0.62554347826086965 5.4568603038787851 0.0046048678923398265 0.77514044943820237
decision_type=10 8 10 2 8 10 8 10 8 10 2 8 10 10 10 10 8 8 8 8 10 8 10 10 10 8 10 10 8 10
left_child=2 4 6 11 8 9 -1 -5 12 21 18 -4 -2 15 -15 16 -10 -8 -11 -20 -6 24 -23 -17 28 -13 27 -7 -3 -12
right_child=1 5 3 7 20 26 17 -9 13 10 29 25 -14 14 -16 23 -18 -19 19 -21 -22 22 -24 -25 -26 -27 -28 -29 -30 -31
leaf_value=-0.00035846061232313437 0.00017293595506308383 -0.00025917193573223165 -0.00014106551297553242 0.00015489005507649174 0.00020852628020811862 0.00018885165922586842 -0.00022678734116127479 0.0016248188619299427 0.00030104334075158209 1.1292848551817126e-05 -0.00014852852420385614 -2.7647878832574772e-05 -8.9632781659718097e-05 0.00031841950569932737 0.0023741126876692369 -0.00087850618873441518 0.0010022136089106459 -0.00011209567640147699 0.0016681077680945145 0.00054303887787141068 -0.00014680180508605442 -3.3898575977323514e-05 0.0011961603998385656 0.00014107877001498954 2.7990822335062869e-05 0.00018890873629100232 0.00047520293099877718 -0.0003451529607816676 0.00041924400421729322 0.0010233046891688206
leaf_weight=2925 3197 137 5767 2976 747 545 10152 46 1137 259 317 7257 1720 62 42 72 265 12901 59 3941 2521 832 52 1006 580 1639 291 449 3883 51
leaf_count=2925 3197 137 5767 2976 747 545 10152 46 1137 259 317 7257 1720 62 42 72 265 12901 59 3941 2521 832 52 1006 580 1639 291 449 3883 51
internal_value=8.12456e-13 0.00022404 -0.000113731 -9.54762e-06 9.19668e-05 0.000348846 -0.000184656 0.000177265 0.000160606 0.000384652 0.000485534 -4.80491e-05 8.10876e-05 0.00031192 0.0011486 0.000276833 0.000433576 -0.000162603 0.000526288 0.000559634 -6.55809e-05 0.000299535 3.84578e-05 7.29803e-05 0.000349707 1.22505e-05 6.71086e-05 -5.23637e-05 0.000396124 1.38723e-05
internal_weight=65828 22165 43663 17685 10769 11396 25978 3022 7501 10111 4627 14663 4917 2584 104 2480 1402 23053 4259 4000 3268 5484 884 1078 4600 8896 1285 994 4020 368
internal_count=65828 22165 43663 17685 10769 11396 25978 3022 7501 10111 4627 14663 4917 2584 104 2480 1402 23053 4259 4000 3268 5484 884 1078 4600 8896 1285 994 4020 368
is_linear=0
shrinkage=0.03


Tree=81
num_leaves=31
num_cat=0
split_feature=41 46 34 1 34 20 36 17 17 26 5 59 7 21 10 7 61 47 66 42 22 6 34 10 58 32 50 10 31 71
split_gain=1.75905 0.395429 0.239227 0.163381 0.163551 0.162497 0.152071 0.127062 0.115088 0.0896337 0.087928 0.0842606 0.0788312 0.078493 0.132528 0.0833851 0.07574 0.0756978 0.0830755 0.127697 0.0734297 0.0727873 0.0716182 0.0734826 0.06831 0.0677612 0.0669493 0.0653928 0.117264 0.0865962
threshold=0.10375023260712625 0.20959772169589999 1.4556258916854861 2.5000000000000004 5.5296630859375009 1.0000000180025095e-35 0.22758771479129794 1.5000000000000002 1.0000000180025095e-35 17.500000000000004 1.0000000180025095e-35 31.166666666666668 0.95333333333333348 0.115 0.662066996574039 0.50166666666666682 32.166666666666679 -0.045554328709840768 2.9595981985330586 0.10767401754856111 45.500000000000007 0.71500000000000008 7.2016947269439706 0.75110619469026563 33.500000000000007 5.2066550254821786 1.055555582046509 0.81167945439045197 6.0078918933868417 15.500000000000002
decision_type=10 10 8 8 8 2 10 2 2 2 2 8 10 2 10 10 10 10 8 10 2 10 10 8 10 10 8 8 10 10
left_child=2 7 9 4 5 16 12 22 -5 21 27 25 13 -3 15 -15 -4 -9 -19 -20 -7 -1 -2 -24 -17 -6 -12 28 -8 -29
right_child=1 6 3 8 11 20 10 17 -10 -11 26 -13 -14 14 -16 24 -18 18 19 -21 -22 -23 23 -25 -26 -27 -28 29 -30 -31
leaf_value=-0.0001631527691763975 -0.00022612056791585617 0.00016437685491072583 1.262185861557028e-05 -0.0005308628227477239 0.0014668969980410331 0.00027887643827320793 0.0011910307244547913 -0.00059401322376986094 -0.00015390225351759131 -0.00029988081708801886 0.00075655459874476286 0.00019860707933527628 0.00073477264318442127 -0.0011090188804415188 0.00099451081519401634 0.00079923704763461875 -0.00013111684920958625 6.1909114958610603e-05 -5.3446649974963435e-05 0.00029757653953028088 -8.0561295140213691e-05 0.00065104658580530668 -0.00013395882621317957 0.0015422940641901522 -2.8193469091785173e-05 0.00022029887611215994 -0.00017716582815850845 0.0005620821293953757 0.00034211056322635928 0.0013668648480115522
leaf_weight=8361 1416 5391 4694 892 91 1743 155 133 3987 6788 88 1265 262 42 289 149 11104 7599 1211 4059 724 100 52 43 226 69 322 1791 2653 129
leaf_count=8361 1416 5391 4694 892 91 1743 155 133 3987 6788 88 1265 262 42 289 149 11104 7599 1211 4059 724 100 52 43 226 69 322 1791 2653 129
internal_value=6.09876e-14 0.000191878 -0.000125339 -6.74073e-05 -2.88976e-05 -5.30479e-05 0.000323301 8.77661e-05 -0.00022282 -0.000218677 0.000444681 0.00028065 0.000225227 0.00020333 0.000500778 0.000158599 -8.84083e-05 0.000118027 0.000125386 0.000216914 0.000173391 -0.00015353 -0.000172623 0.000624766 0.000300572 0.000929302 2.32425e-05 0.000481228 0.00038897 0.000616153
internal_weight=65828 26010 39818 24569 19690 18265 11497 14513 4879 15249 5138 1425 6359 6097 706 417 15798 13002 12869 5270 2467 8461 1511 95 375 160 410 4728 2808 1920
internal_count=65828 26010 39818 24569 19690 18265 11497 14513 4879 15249 5138 1425 6359 6097 706 417 15798 13002 12869 5270 2467 8461 1511 95 375 160 410 4728 2808 1920
is_linear=0
shrinkage=0.03


Tree=82
num_leaves=31
num_cat=0
split_feature=34 66 6 47 6 1 70 41 26 10 21 45 21 12 61 7 33 1 17 46 7 66 65 21 17 53 45 58 36 29
split_gain=1.65943 0.453846 0.261297 0.17453 0.154162 0.122268 0.119746 0.146159 0.114557 0.10803 0.0858104 0.0855886 0.0843705 0.0826493 0.08019 0.078604 0.0776492 0.0771983 0.0754842 0.0746589 0.0737514 0.073193 0.0743584 0.0696935 0.0692056 0.0714678 0.068555 0.070854 0.0683764 0.067292
threshold=3.6846978664398198 3.0015855953097348 0.21500000000000002 0.026252934709191326 0.94500000000000006 1.5000000000000002 49.500000000000007 0.2500103116035462 52.500000000000007 0.55413546076196696 0.31500000000000006 0.26984032988548284 0.2950000000000001 0.51221007333578583 41.833333333333336 0.75833333333333364 10.839743614196779 1.5000000000000002 34.500000000000007 -0.00028693006606772537 0.93833333333333346 3.4192699566483502 42.083333333333343 0.77500000000000013 1.0000000180025095e-35 0.2264957278966904 0.13311765342950824 40.500000000000007 0.28806009888648992 8.3666663169860858
decision_type=10 8 8 10 10 8 10 10 2 10 2 10 2 10 10 8 8 8 2 10 8 10 8 2 2 8 10 10 10 10
left_child=2 5 23 19 6 9 7 12 10 16 24 13 -3 -11 15 -14 -2 -8 -17 -4 -9 22 -19 -1 -5 -26 27 -7 -22 -15
right_child=1 4 3 8 -6 26 17 20 -10 11 -12 -13 14 29 -16 18 -18 21 -20 -21 28 -23 -24 -25 25 -27 -28 -29 -30 -31
leaf_value=-0.00023466482122250245 1.3765842243802196e-05 0.00024365521195438298 -4.0813431435344221e-05 -0.00042072376095115784 0.0005401390215355814 0.00014868680938570801 0.000215379007739532 0.00053912922256667967 -0.00018591361278227133 0.00071419721748018704 0.00034647652301517416 0.00063351514838020403 0.0014066206248217466 7.247393112094682e-05 -0.00014734603185206653 -1.0792341749442533e-06 0.00044522606254408684 8.6352707619266018e-06 0.0013726400298764928 -0.00018791223034704126 0.00050013060156951642 -0.00035504949984706339 0.00090969007549574594 0.00021107231494243474 -9.5173950686850198e-05 0.0001019635932341182 -0.00023472978592084612 -0.00018538791552219044 0.0016181718003512782 0.00086366471857015031
leaf_weight=13972 5137 4732 4749 290 2080 1457 4478 1034 2006 241 875 503 152 1594 80 108 405 583 54 8972 83 457 96 323 2240 6338 1625 940 121 103
leaf_count=13972 5137 4732 4749 290 2080 1457 4478 1034 2006 241 875 503 152 1594 80 108 405 583 54 8972 83 457 96 323 2240 6338 1625 940 121 103
internal_value=3.59396e-13 0.000186052 -0.000121943 -6.43306e-05 0.000301738 5.05813e-05 0.000260339 0.00034943 2.05354e-05 0.000118538 6.30414e-05 0.000284826 0.000278775 0.000194325 0.00070057 0.0009166 4.52962e-05 0.000159347 0.000456827 -0.000137 0.000641978 -6.15255e-05 0.00013603 -0.000224593 3.50751e-05 5.04844e-05 -8.43023e-05 1.76771e-05 0.00116328 0.000120496
internal_weight=65828 26063 39765 25470 14058 12005 11978 6364 11749 7983 9743 2441 5126 1938 394 314 5542 5614 162 13721 1238 1136 679 14295 8868 8578 4022 2397 204 1697
internal_count=65828 26063 39765 25470 14058 12005 11978 6364 11749 7983 9743 2441 5126 1938 394 314 5542 5614 162 13721 1238 1136 679 14295 8868 8578 4022 2397 204 1697
is_linear=0
shrinkage=0.03


Tree=83
num_leaves=31
num_cat=0
split_feature=41 46 6 34 34 21 63 7 34 10 5 26 1 17 34 20 55 32 29 35 11 18 26 17 40 43 11 58 47 26
split_gain=1.57081 0.35174 0.220055 0.147537 0.146324 0.123207 0.0989809 0.11334 0.0988195 0.0982084 0.0932773 0.0862686 0.0858005 0.114891 0.0945377 0.0860532 0.0855861 0.0826725 0.10609 0.109922 0.0879019 0.0763206 0.0749488 0.0730382 0.073012 0.0949305 0.0721495 0.0716769 0.07492 0.069137
threshold=0.10375023260712625 0.18477766215801242 0.64500000000000013 1.2866927385330202 6.9470176696777353 0.10500000000000002 0.57645648532953753 0.85416666666666685 5.9567091464996347 0.63182720953326721 1.0000000180025095e-35 8.5000000000000018 2.5000000000000004 1.0000000180025095e-35 6.7712564468383798 1.0000000180025095e-35 0.094772726297378554 5.7970430850982675 5.9000000953674325 0.24037037044763568 0.74024051212305453 1.0000000180025095e-35 5.5000000000000009 1.5000000000000002 0.18027624487876895 0.28649392724037176 0.66620287757763375 22.500000000000004 0.019100158475339416 31.500000000000004
decision_type=10 10 10 8 10 2 10 10 10 10 2 2 8 2 8 2 8 10 10 10 10 2 2 2 10 10 8 8 8 2
left_child=2 9 3 11 5 6 7 -3 -4 23 16 -1 14 -14 15 21 -6 20 19 -19 -9 27 -18 -2 -12 -26 -10 28 -5 -8
right_child=1 4 8 12 10 -7 29 17 26 -11 24 -13 13 -15 -16 -17 22 18 -20 -21 -22 -23 -24 -25 25 -27 -28 -29 -30 -31
leaf_value=-0.00011838411499459525 -0.00018407392585209766 0.00015706148217796927 2.7981232512199007e-05 0.00082835816013868363 0.0012051398794441907 0.00052444709534441719 0.00022456120424193705 -0.00021461563426561131 0.00098798490127414767 0.00022912462495792876 0.001085102482046932 -0.00027918089480669529 -0.0005133052819545987 -0.00013849513239893902 0.00038770349899933874 0.00010685914465746504 -0.00022471217323695065 0.0027086739340500738 0.00054948421048784443 0.00054965958215023685 0.00069045367685831934 0.00027374450869720483 0.00045262509055846406 5.6586284191189214e-05 -0.00068172225562555095 0.00025058455906781324 0.00022816642966926991 -0.00012425597075267885 -5.1416104671867897e-05 -0.00010151612094752212
leaf_weight=4616 1305 3291 3996 146 132 979 913 246 164 2699 50 8593 894 4166 407 2051 152 44 757 41 159 474 4494 8711 166 241 358 13737 216 1630
leaf_count=4616 1305 3291 3996 146 132 979 913 246 164 2699 50 8593 894 4166 407 2051 152 44 757 41 159 474 4494 8711 166 241 358 13737 216 1630
internal_value=2.01341e-14 0.000181321 -0.000118443 -0.000143674 0.000289209 0.000209 0.000165387 0.000249351 7.8691e-05 6.85107e-05 0.000412703 -0.000222989 -9.62481e-05 -0.000204717 -6.40216e-05 -7.5081e-05 0.000451867 0.000492914 0.000662325 0.00166727 0.000140708 -0.000100687 0.000430465 2.52303e-05 3.23875e-06 -0.000129668 0.000466883 -0.000113275 0.00030341 1.55537e-05
internal_weight=65828 26010 39818 35300 13295 8060 7081 4538 4518 12715 5235 13209 22091 5060 17031 16624 4778 1247 842 85 405 14573 4646 10016 457 407 522 14099 362 2543
internal_count=65828 26010 39818 35300 13295 8060 7081 4538 4518 12715 5235 13209 22091 5060 17031 16624 4778 1247 842 85 405 14573 4646 10016 457 407 522 14099 362 2543
is_linear=0
shrinkage=0.03


Tree=84
num_leaves=31
num_cat=0
split_feature=34 66 33 20 1 1 6 41 21 39 34 6 51 63 6 6 63 67 35 43 43 65 57 43 13 10 70 14 36 33
split_gain=1.47911 0.328198 0.29298 0.147601 0.108646 0.105969 0.100089 0.0923405 0.084167 0.083685 0.0799364 0.0852476 0.0790673 0.101759 0.0772544 0.0758477 0.0885453 0.0746451 0.0739642 0.0937204 0.0776542 0.0730456 0.0773128 0.074321 0.0722261 0.0699471 0.0771151 0.0682449 0.0682207 0.105694
threshold=4.1503424644470224 3.5195227414369588 1.9993203878402712 1.0000000180025095e-35 1.5000000000000002 1.5000000000000002 0.93500000000000016 0.30394147336483007 0.34500000000000008 0.090337503701448454 6.9470176696777353 0.94500000000000006 0.97391468286514293 0.48233108335777802 0.015000000000000001 0.8650000000000001 0.58588742376380987 -0.05861607280995864 0.1145199052989483 0.17561849951744082 0.18607029318809512 41.583333333333343 0.31860269606113439 0.42900477349758154 -1.0000000180025095e-35 0.64640305493964045 36.500000000000007 -0.1399999999999999 0.17825482785701754 7.1483516693115243
decision_type=10 8 10 2 10 8 10 10 2 8 10 8 8 10 8 8 10 10 8 10 10 8 10 10 8 8 8 8 10 8
left_child=2 5 8 9 10 7 27 15 14 -4 21 18 -13 -14 -1 16 -2 -7 -12 -20 -21 23 -23 -3 -16 -11 -27 -5 29 -17
right_child=1 4 3 6 -6 17 -8 -9 -10 25 11 12 13 -15 24 28 -18 -19 19 20 -22 22 -24 -25 -26 26 -28 -29 -30 -31
leaf_value=-0.0003271303303444435 0.0001586873657954961 0.00036115107788161515 -0.00012279765817274966 -0.00017460634253858677 5.197435452466684e-05 0.00020165752856484914 0.0010377552145174546 0.0014151404022841767 3.3477846217947838e-05 -6.5498171875987349e-05 0.00096143542653219722 0.0013202532091654575 0.0012366977385597216 0.000453017156957509 8.3176012936953176e-05 0.00028360935446385924 -0.00010875637052393297 -0.00013978382507801363 -7.8822503212837324e-05 0.0013872704277181423 0.00035980400185411574 -5.2548655923881317e-05 0.0011398181520724813 -2.1183540245444948e-06 -0.00017587841396567513 0.00058565053711642204 7.0956034081025548e-05 0.000212858243206711 9.5048373203631087e-05 0.00095564577971323829
leaf_weight=2951 3187 4020 7299 494 1285 747 118 51 1725 4471 169 135 172 1121 1020 1147 1713 2521 458 68 2504 832 52 580 19230 282 3692 2381 1145 258
leaf_count=2951 3187 4020 7299 494 1285 747 118 51 1725 4471 169 135 172 1121 1020 1147 1713 2521 458 68 2504 832 52 580 19230 282 3692 2381 1145 258
internal_value=-1.20848e-13 0.00019959 -0.00010132 -1.16883e-05 0.000311809 8.08375e-05 0.000181428 0.000142954 -0.000168696 -4.84006e-05 0.000344832 0.000436664 0.000629397 0.000557265 -0.000183728 0.000134245 6.51912e-05 -6.17371e-05 0.00035063 0.000316562 0.000386969 0.00026735 1.75906e-05 0.000315348 -0.00016283 1.59006e-05 0.000107479 0.000146282 0.000266936 0.000407015
internal_weight=65828 22165 43663 18737 11396 10769 2993 7501 24926 15744 10111 4627 1428 1293 23201 7450 4900 3268 3199 3030 2572 5484 884 4600 20250 8445 3974 2875 2550 1405
internal_count=65828 22165 43663 18737 11396 10769 2993 7501 24926 15744 10111 4627 1428 1293 23201 7450 4900 3268 3199 3030 2572 5484 884 4600 20250 8445 3974 2875 2550 1405
is_linear=0
shrinkage=0.03


Tree=85
num_leaves=31
num_cat=0
split_feature=41 32 47 17 6 1 63 5 20 45 62 42 9 47 38 36 9 6 21 33 35 78 66 10 63 66 60 52 71 61
split_gain=1.3975 0.319786 0.201579 0.127592 0.126243 0.131207 0.123052 0.111949 0.104131 0.097912 0.0934311 0.089133 0.0864697 0.085976 0.0848535 0.0768908 0.0749478 0.0710488 0.0698701 0.0676136 0.0670109 0.0653936 0.0647113 0.0637221 0.070612 0.0768011 0.0898208 0.110874 0.0847057 0.0796881
threshold=0.10375023260712625 6.193711757659913 0.029899486340582374 1.5000000000000002 0.62500000000000011 1.5000000000000002 0.54487762241659099 1.0000000180025095e-35 1.0000000180025095e-35 0.26984032988548284 24.700000000000006 0.067201826721429839 0.53555739539326153 0.064512532204389586 0.30597975850105291 0.27037687599658972 0.71012058912861409 0.26500000000000007 0.17500000000000002 0.29285715520381933 0.32037734985351568 256.80000000000007 0.74855926632881176 0.74090608465608476 0.65583865162096588 2.9138115495443349 33.900000000000006 0.87083333730697643 5.5000000000000009 37.166666666666679
decision_type=10 10 8 2 8 8 10 2 2 10 10 10 8 10 8 10 8 8 2 10 10 2 10 8 10 10 10 10 8 10
left_child=2 3 8 -2 10 14 13 9 19 -3 -4 22 -7 -5 -6 17 -12 -15 -8 -1 -19 -16 -10 24 25 26 27 -11 -28 -30
right_child=1 7 4 6 5 12 18 -9 11 23 16 -13 -14 15 21 -17 -18 20 -20 -21 -22 -23 -24 -25 -26 -27 28 -29 29 -31
leaf_value=-0.00030048552724744364 -0.0001777220535361208 0.00022215322871066372 0.00067758684112767444 -8.2252015920682006e-07 0.00019493482275252343 0.00032268903532820035 -2.7098592745880356e-06 -3.942597839015244e-05 -0.0001154226019952822 -0.00054436958583486874 -8.1573630613719677e-05 0.00035956812074549552 -0.0001544461722887406 -0.00024312297119013596 0.0016332958370217801 0.0015518776420219915 -0.00047413289361053848 0.00025815506550350245 0.0003268546952132005 -0.00016687780748011051 0.0011278173834930554 0.00026364268963935514 0.00049480274985004384 0.00049734972449555048 -0.00025521284505058164 0.00011694475011378743 4.5987938987886217e-05 0.00086496035588309872 0.0010771120067843624 0.00039887150473416199
leaf_weight=4432 1498 4257 142 1468 2621 413 6561 804 2705 138 11522 485 1984 253 67 41 455 5134 635 14767 81 59 166 3266 198 781 164 79 394 258
leaf_count=4432 1498 4257 142 1468 2621 413 6561 804 2705 138 11522 485 1984 253 67 41 455 5134 635 14767 81 59 166 3266 198 781 164 79 394 258
internal_value=2.31347e-14 0.000171025 -0.000111718 8.55833e-05 -3.45621e-05 8.9961e-05 0.000113413 0.000300532 -0.00017077 0.000329197 -8.74168e-05 -1.65943e-05 -7.22364e-05 0.000203186 0.000231493 0.000257549 -9.64868e-05 0.000247844 2.63721e-05 -0.000197721 0.000271663 0.00099195 -8.01396e-05 0.000415534 0.000282725 0.000341442 0.000511173 -3.12956e-05 0.000655433 0.000808728
internal_weight=65828 26010 39818 15671 17263 5144 14173 10339 22555 9535 12119 3356 2397 6977 2747 5509 11977 5468 7196 19199 5215 126 2871 5278 2012 1814 1033 217 816 652
internal_count=65828 26010 39818 15671 17263 5144 14173 10339 22555 9535 12119 3356 2397 6977 2747 5509 11977 5468 7196 19199 5215 126 2871 5278 2012 1814 1033 217 816 652
is_linear=0
shrinkage=0.03


Tree=86
num_leaves=31
num_cat=0
split_feature=34 66 6 66 6 70 41 12 41 26 58 26 77 21 6 64 20 37 7 35 64 39 40 15 37 71 36 15 1 66
split_gain=1.32109 0.371472 0.21737 0.146724 0.130008 0.111443 0.126299 0.103974 0.0899921 0.0871807 0.102485 0.082537 0.0771268 0.0891777 0.0830472 0.0793388 0.0770688 0.0713437 0.0678423 0.0640985 0.0832169 0.116958 0.0873417 0.116472 0.0719015 0.0782831 0.0636936 0.0636197 0.0636105 0.0692043
threshold=3.6846978664398198 3.0015855953097348 0.21500000000000002 0.51962637715041649 0.94500000000000006 49.500000000000007 0.2500103116035462 0.68343155963095581 0.10472099855542184 7.5000000000000009 41.500000000000007 52.500000000000007 241.85000000000002 0.47500000000000009 0.52500000000000013 7.166666666666667 1.0000000180025095e-35 0.17231937497854236 0.93833333333333346 0.15954545140266421 4.416666666666667 0.31493604183197027 0.28365886211395269 0.034343710383882516 0.24026990681886676 2.5000000000000004 0.28806009888648992 0.29595451807814116 1.5000000000000002 3.4192699566483502
decision_type=10 8 8 8 10 10 10 10 10 2 10 2 2 2 8 10 2 10 8 10 8 10 10 10 10 10 10 10 8 10
left_child=2 7 -1 27 5 6 12 9 -9 17 -11 16 -3 14 -14 -16 -5 -2 19 -8 -21 22 23 24 -22 -26 -20 -4 -7 -30
right_child=1 4 3 11 -6 28 18 8 -10 10 -12 -13 13 -15 15 -17 -18 -19 26 20 21 -23 -24 -25 25 -27 -28 -29 29 -31
leaf_value=-0.00020242870533645054 -0.00021918652973373166 0.00014743738660407443 -0.00015681210441022541 4.1936216737110117e-07 0.00048959701007299716 0.0001860839833229023 -0.00044333813374020878 -0.00049365817568662205 0.00041530233192094672 0.00010644060785611155 -9.701881703827769e-05 -0.0001481070932278568 -0.00016949613284151981 0.0011265713663798284 0.00045114446116658772 -0.00036829623535370235 0.00019633605671216675 -0.0015184905339265242 0.00045048631103541026 0.0010647605374952862 0.0015722360145022619 -0.00022226763035237423 0.0012553425475736531 -0.00043909309310155039 3.8527790064999492e-05 0.0011865832259354647 0.0015295632767023456 0.00034579682940978997 0.00012682465471957897 -0.00035068696875223751
leaf_weight=14295 774 2814 9846 10494 2080 4478 62 109 974 6792 3316 2715 259 136 1804 113 2183 40 83 220 67 199 146 109 147 84 121 232 679 457
leaf_count=14295 774 2814 9846 10494 2080 4478 62 109 974 6792 3316 2715 259 136 1804 113 2183 40 83 220 67 199 146 109 147 84 121 232 679 457
internal_value=-2.42769e-14 0.000166004 -0.000108804 -5.62566e-05 0.000270667 0.00023265 0.000318596 4.34432e-05 0.000323819 1.56418e-05 3.96943e-05 2.00699e-06 0.000252917 0.000381298 0.000334719 0.000402841 3.41565e-05 -0.000283034 0.000590543 0.0004919 0.000551555 0.000401415 0.00062585 0.000400037 0.000706968 0.000456002 0.00109053 -0.000145242 0.000135222 -6.52729e-05
internal_weight=65828 26063 39765 25470 14058 11978 6364 12005 1083 10922 10108 15392 5126 2312 2176 1917 12677 814 1238 1034 972 752 553 407 298 231 204 10078 5614 1136
internal_count=65828 26063 39765 25470 14058 11978 6364 12005 1083 10922 10108 15392 5126 2312 2176 1917 12677 814 1238 1034 972 752 553 407 298 231 204 10078 5614 1136
is_linear=0
shrinkage=0.03


Tree=87
num_leaves=31
num_cat=0
split_feature=46 34 6 33 1 63 41 6 21 26 30 60 34 8 21 67 5 37 31 43 15 15 10 63 6 47 58 78 71 41
split_gain=1.248 0.394216 0.167423 0.126729 0.125872 0.116331 0.115438 0.111501 0.103368 0.0884555 0.0880245 0.0867023 0.124903 0.0799638 0.0764582 0.0716744 0.0772402 0.0723778 0.0708873 0.0664257 0.0671826 0.0659028 0.0790673 0.0649716 0.0636977 0.0730006 0.0765123 0.0782891 0.067832 0.0662478
threshold=0.18477766215801242 2.7512886524200444 0.66500000000000015 0.4083333313465119 2.5000000000000004 0.39419008540357087 0.10881606861948968 0.78500000000000014 0.115 3.5000000000000004 9.0625000000000018 34.45000000000001 8.0966324806213397 0.32450000000000007 0.4250000000000001 -0.17121624844229494 1.0000000180025095e-35 0.2559474259614945 2.4049711227416997 0.12775871157646182 -0.076750919712347251 -0.57401228535529791 0.29379795396419445 0.53111164138047229 0.91500000000000015 0.43332670629024511 30.500000000000004 1985.7500000000002 12.500000000000002 0.19165225327014926
decision_type=10 8 8 10 8 10 8 10 2 2 10 8 10 10 2 8 2 10 10 10 8 8 8 10 8 8 10 2 10 10
left_child=1 3 5 18 6 -2 23 14 10 -6 19 12 -12 -9 -5 -8 17 -17 -1 20 -4 -7 -23 -3 25 26 27 -21 -27 -28
right_child=2 4 8 7 9 21 15 13 -10 -11 11 -13 -14 -15 -16 16 -18 -19 -20 24 -22 22 -24 -25 -26 28 29 -29 -30 -31
leaf_value=-0.00021659479701228407 0.0012504650524009348 9.8013892469592896e-05 0.0013517502217553555 -0.00012884648731002817 -0.0004211899494518601 0.001201462841243483 0.00055701682191175309 0.0015385298372420947 0.00053467765599642667 -4.6876467712806672e-05 -0.00018962718732052901 0.00036907391026581046 0.0014354021268882205 0.00016599500978600724 0.00012137139213205152 0.00013726572786701104 -0.00023500288540848576 -0.00099597660755320889 -0.00058813144794676896 0.00033173461191635106 0.00039841562637712183 -0.00044927044937749587 4.0706810324072571e-05 -8.8707917576741954e-05 0.0003024727541900969 -0.00035344576383651962 -3.2839142272421324e-05 0.0015261119194866087 0.00088591253713027319 0.00022501035190386389
leaf_weight=7873 68 2477 75 19998 816 40 335 40 1374 1871 58 1774 160 850 1163 9329 549 51 491 985 589 343 2182 5194 3047 411 1753 52 44 1836
leaf_count=7873 68 2477 75 19998 816 40 335 40 1374 1871 58 1774 160 850 1163 9329 549 51 491 985 589 343 2182 5194 3047 411 1753 52 44 1836
internal_value=-3.6824e-14 -7.03201e-05 0.000242643 -0.000138974 3.09367e-05 2.57549e-05 5.96249e-05 -0.00010126 0.000289613 -0.00016055 0.000258389 0.000438455 0.00100305 0.000227682 -0.000115095 0.000125423 0.000110861 0.000131104 -0.000238405 0.000217592 0.000506096 -6.71306e-06 -2.58525e-05 -2.84146e-05 0.000194023 0.000128987 0.000164649 0.000391626 -0.000233596 9.90671e-05
internal_weight=65828 51037 14791 30415 20622 2633 17935 22051 12158 2687 10784 1992 218 890 21161 10264 9929 9380 8364 8792 664 2565 2525 7671 8128 5081 4626 1037 455 3589
internal_count=65828 51037 14791 30415 20622 2633 17935 22051 12158 2687 10784 1992 218 890 21161 10264 9929 9380 8364 8792 664 2565 2525 7671 8128 5081 4626 1037 455 3589
is_linear=0
shrinkage=0.03


Tree=88
num_leaves=31
num_cat=0
split_feature=30 34 62 34 6 21 42 46 33 5 36 42 6 38 6 55 26 66 41 57 26 17 21 21 11 63 10 41 56 71
split_gain=1.17833 0.377008 0.179221 0.134796 0.13328 0.122536 0.116573 0.0976497 0.0975092 0.0956508 0.102454 0.0849414 0.0831069 0.0779564 0.0894814 0.0761805 0.0931397 0.0783363 0.0753199 0.0874287 0.0737375 0.0735987 0.0732215 0.0725172 0.0850173 0.083467 0.0863318 0.0712306 0.0711321 0.0713457
threshold=5.3875000476837167 2.5018248558044438 35.300000000000004 6.9470176696777353 0.78500000000000014 0.34500000000000008 0.13933214545249942 0.15742676705121997 0.29285715520381933 1.0000000180025095e-35 0.16069930791854861 0.2683259397745133 0.9850000000000001 0.16135975718498233 0.78500000000000014 0.094772726297378554 5.5000000000000009 3.7429378181695943 0.15607480704784396 0.2802653312683106 8.5000000000000018 1.0000000180025095e-35 0.91500000000000015 0.77500000000000013 0.74024051212305453 0.56168344784016433 0.27408307556341144 0.20296251773834231 0.17775609344244006 18.500000000000004
decision_type=10 8 10 10 10 2 10 10 10 2 10 10 8 10 10 8 2 10 8 10 2 2 2 2 8 8 8 10 10 10
left_child=1 5 4 11 18 8 -5 12 -1 15 -11 23 -8 14 20 -9 17 -17 -3 -20 21 -10 -18 25 -25 26 -2 28 29 -28
right_child=3 2 -4 6 -6 -7 7 9 13 10 -12 -13 -14 -15 -16 16 22 -19 19 -21 -22 -23 -24 24 -26 -27 27 -29 -30 -31
leaf_value=-0.0002566000995224839 -0.00051153929109133299 1.7042465089673124e-05 -6.5520451619697703e-05 0.0012319373074003216 0.0003213487500924762 8.4887527644495034e-05 -0.00038928390472987916 0.001098938551162266 -0.0004339714959060853 0.0013731875559876373 -0.00017656642931363867 -0.0010841177135458861 0.00080977483609331099 -0.0011612371459263017 0.000218607824941748 0.00019509975018221524 0.0003903108146060702 -0.0011325172822420986 0.00025575372524585719 -0.0011616459398064761 -0.00016653938767233396 4.5188969231306108e-06 0.001679247040185146 0.0014203822603261404 -0.00020094645394816657 6.703808702968045e-05 0.00024742062693608317 0.00043189901953156741 -0.00043072690838194029 -0.00093552546882803768
leaf_weight=6672 127 8045 10767 131 2080 2022 278 135 374 42 447 49 64 65 676 104 4750 65 1879 40 14332 4368 40 86 44 4350 1936 1649 164 47
leaf_count=6672 127 8045 10767 131 2080 2022 278 135 374 42 447 49 64 65 676 104 4750 65 1879 40 14332 4368 40 86 44 4350 1936 1649 164 47
internal_value=4.61973e-13 -6.74855e-05 2.34163e-05 0.00023872 0.000102923 -0.000140219 0.00034675 0.000327179 -0.000157404 0.000357322 -4.34587e-05 0.000161315 -0.000164899 -0.000124003 -0.000120589 0.000395795 0.000376653 -0.000315522 5.73266e-05 0.000226209 -0.00013261 -3.00647e-05 0.000401074 0.000168578 0.000871625 0.00015753 0.000257872 0.000283614 0.000169724 0.000219383
internal_weight=65828 51320 22811 14508 12044 28509 6056 5925 26487 5583 489 8452 342 19815 19750 5094 4959 169 9964 1919 19074 4742 4790 8403 130 8273 3923 3796 2147 1983
internal_count=65828 51320 22811 14508 12044 28509 6056 5925 26487 5583 489 8452 342 19815 19750 5094 4959 169 9964 1919 19074 4742 4790 8403 130 8273 3923 3796 2147 1983
is_linear=0
shrinkage=0.03


Tree=89
num_leaves=31
num_cat=0
split_feature=41 32 6 34 17 63 20 66 26 14 57 14 45 15 20 10 41 71 1 44 18 47 15 46 70 65 78 14 42 36
split_gain=1.1124 0.25639 0.172539 0.117199 0.116042 0.0995861 0.0989366 0.0955224 0.116886 0.112374 0.0922881 0.091852 0.158754 0.100422 0.0984211 0.0842979 0.0900765 0.0934515 0.0831785 0.0824204 0.0795119 0.0757751 0.074377 0.0766303 0.0691448 0.0837121 0.0691193 0.0714242 0.0691048 0.0697535
threshold=0.10375023260712625 6.0708820819854745 0.15500000000000003 5.0456631183624276 1.5000000000000002 0.55088624482458282 1.0000000180025095e-35 0.61353299953043472 11.500000000000002 -0.064999999999999988 0.42113094031810766 -0.014999999999999956 0.40052758157253271 0.119418973182866 1.0000000180025095e-35 0.6802061855670104 0.24685743451118472 11.500000000000002 1.5000000000000002 0.20723417401313785 1.0000000180025095e-35 0.029899486340582374 0.27225237014186915 0.16933225095272067 75.500000000000014 37.291666666666679 870.15000000000009 0.030000000000000023 0.22945055365562442 0.24293529987335208
decision_type=10 10 8 8 2 10 2 10 2 10 10 8 10 8 2 10 10 10 10 10 2 10 10 10 8 10 2 10 10 10
left_child=2 4 -1 6 -2 10 20 -3 9 -9 15 -10 -13 26 24 28 17 -17 -5 -20 21 -4 23 -22 25 -15 27 -14 29 -6
right_child=1 7 3 18 5 -7 -8 8 11 -11 -12 12 13 14 -16 16 -18 -19 19 -21 22 -23 -24 -25 -26 -27 -28 -29 -30 -31
leaf_value=-0.00019784861598988392 -0.00017818701768580327 0.00039019406186450404 -0.00015633363073399591 0.0002971535532433064 0.00011478544424122389 1.5416889633083732e-05 5.6988878212069436e-05 -0.00092493378073920166 8.3702187176385861e-05 0.00014198303889033609 -0.0012249370917977232 0.00024341656284816791 -0.00015119532949029235 -0.00018619078654706118 0.0022576898447005077 0.00025265992302261631 0.0018212972629407887 0.0010181434577115236 -1.6686449063308829e-05 -0.0012617313503778859 0.00019703112970817583 -4.0056767827854707e-05 -0.00095791744665526168 0.0014068730221376482 0.0014397427363273426 0.0011611930364097682 -0.00078513738614591688 0.0011133973694861877 0.0008333904153803055 0.0010607921967486207
leaf_weight=11470 1490 3615 13340 1340 5851 6505 4189 158 2488 203 42 3782 72 83 56 922 40 170 600 52 619 8111 46 51 117 83 44 91 127 71
leaf_count=11470 1490 3615 13340 1340 5851 6505 4189 158 2488 203 42 3782 72 83 56 922 40 170 600 52 619 8111 46 51 117 83 44 91 127 71
internal_value=1.3671e-13 0.000152587 -9.96729e-05 -5.99496e-05 7.32682e-05 0.000100561 -7.67194e-05 0.000264435 0.000201091 -0.000324978 0.00017724 0.000228953 0.000312452 0.000790646 0.00110857 0.000185441 0.000423047 0.000371829 0.00016193 -0.000115985 -0.000101987 -0.000112367 0.000209006 0.000289124 0.000881184 0.000487501 0.000269986 0.000554804 0.000140976 0.000126127
internal_weight=65828 26010 39818 28348 15218 13728 26356 10792 7177 361 7223 6816 4328 546 339 7181 1132 1092 1992 652 22167 21451 716 670 283 166 207 163 6049 5922
internal_count=65828 26010 39818 28348 15218 13728 26356 10792 7177 361 7223 6816 4328 546 339 7181 1132 1092 1992 652 22167 21451 716 670 283 166 207 163 6049 5922
is_linear=0
shrinkage=0.03


Tree=90
num_leaves=31
num_cat=0
split_feature=46 34 34 62 1 33 5 21 41 6 26 21 6 11 34 26 57 8 36 47 70 42 35 55 17 77 44 31 26 66
split_gain=1.04953 0.332305 0.147533 0.120972 0.114361 0.109763 0.101084 0.105325 0.0992132 0.0972809 0.0936834 0.0931568 0.0892313 0.086022 0.0856802 0.0825828 0.0824374 0.0754192 0.0746332 0.0702997 0.0693825 0.0854627 0.0711613 0.0678421 0.0702972 0.0724763 0.0676171 0.0673995 0.0673383 0.0699914
threshold=0.18477766215801242 2.7512886524200444 5.3893597126007089 35.100000000000009 2.5000000000000004 0.4083333313465119 1.0000000180025095e-35 0.75500000000000012 0.10881606861948968 0.78500000000000014 5.5000000000000009 0.18500000000000003 0.75500000000000012 0.66911122052311822 5.2513158321380624 3.5000000000000004 0.30841270089149481 0.32450000000000007 0.16350943595170978 0.46673448383808142 60.500000000000007 0.18174360692501071 0.23582887649536136 0.32014651596546179 66.500000000000014 835.60000000000002 0.29381400346755987 2.4049711227416997 34.500000000000007 5.0848923251032838
decision_type=10 8 10 10 8 10 2 2 8 10 2 2 8 10 10 2 10 10 10 8 8 10 10 10 2 2 10 10 2 8
left_child=1 5 3 11 8 27 7 10 -3 -7 -4 16 -5 -9 -14 -6 20 -11 -8 -20 21 -2 -23 -12 -25 -26 -22 -1 29 -13
right_child=2 4 6 12 15 9 18 13 -10 17 23 28 14 -15 -16 -17 -18 -19 19 -21 26 22 -24 24 25 -27 -28 -29 -30 -31
leaf_value=-0.00019878864313994856 0.00027753014207782141 -2.5793555974527767e-05 -0.00024017072409902618 -0.00031222021326815036 -0.00040588014137670945 -0.00010534294076361361 0.00074251867114622709 0.0017740996490101678 0.00011682378491597261 0.0014878848077642033 0.00029846805533459994 0.000672791624942072 0.00016308142481358568 0.00041486506266995673 -0.00068024908292863982 -4.4205716061199106e-05 -0.0011575832091537969 0.00015492272718521929 -3.8010394837720709e-05 -0.0010322242875052223 0.00017682838112119238 0.0018168285289721098 0.00032272575823858807 0.00079031876415706437 -0.00062724250144141549 0.00093341767495541369 -0.00028022520291746001 -0.00056106978670320256 0.00020415508661665452 0.0019853074603566998
leaf_weight=7873 827 7671 276 886 816 21161 99 80 10264 40 8041 102 1124 88 120 1871 42 850 650 71 1102 64 52 479 71 43 396 491 121 57
leaf_count=7873 827 7671 276 886 816 21161 99 80 10264 40 8041 102 1124 88 120 1871 42 850 650 71 1102 64 52 479 71 43 396 491 121 57
internal_value=2.98405e-13 -6.44866e-05 0.000222514 8.7756e-05 2.84798e-05 -0.00012752 0.00028913 0.000317944 5.58248e-05 -9.24204e-05 0.000303912 0.000218727 -8.21378e-05 0.00106212 8.17312e-05 -0.000154041 0.000160231 0.000214831 -2.98602e-05 -0.000135915 0.000182905 0.000384492 0.00114706 0.000321305 0.00063097 -3.85724e-05 5.60051e-05 -0.000220056 0.000737464 0.00114332
internal_weight=65828 51037 14791 4893 20622 30415 9898 9078 17935 22051 8910 2763 2130 168 1244 2687 2483 890 820 721 2441 943 116 8634 593 114 1498 8364 280 159
internal_count=65828 51037 14791 4893 20622 30415 9898 9078 17935 22051 8910 2763 2130 168 1244 2687 2483 890 820 721 2441 943 116 8634 593 114 1498 8364 280 159
is_linear=0
shrinkage=0.03


Tree=91
num_leaves=31
num_cat=0
split_feature=46 34 6 63 1 47 66 21 30 17 60 34 14 47 63 6 64 26 15 10 62 43 29 32 71 8 12 6 30 34
split_gain=0.987501 0.312666 0.142218 0.111894 0.107602 0.107046 0.0965445 0.0933092 0.0820597 0.0793528 0.0769234 0.106213 0.072636 0.0702786 0.0700633 0.130227 0.0908653 0.0669985 0.0646464 0.0647643 0.0642998 0.0626768 0.0620078 0.107363 0.0856808 0.114755 0.0863027 0.0764056 0.0661138 0.0713719
threshold=0.18477766215801242 2.7512886524200444 0.63500000000000012 0.39419008540357087 2.5000000000000004 0.034903753548860557 2.9595981985330586 0.13500000000000004 9.0625000000000018 4.5000000000000009 34.45000000000001 8.0966324806213397 0.28500000000000009 0.061763904988765723 0.50961457866044346 0.84500000000000008 3.1666666666666674 53.500000000000007 -0.57401228535529791 0.29379795396419445 33.675000000000004 0.40435186028480535 8.4499998092651385 6.620680809020997 12.500000000000002 0.65225000000000022 0.71098841031667359 0.91500000000000015 7.0625000000000009 6.4765567779541025
decision_type=10 8 8 10 8 10 8 2 10 2 8 10 10 8 8 8 10 2 8 8 10 10 10 10 8 10 10 10 10 10
left_child=1 5 3 -2 6 12 20 8 21 -6 11 -10 -1 -8 15 -15 -17 -7 -5 -20 -3 -4 23 -23 26 -26 27 28 29 -25
right_child=2 4 7 18 9 17 13 -9 10 -11 -12 -13 -14 14 -16 16 -18 -19 19 -21 -22 22 -24 24 25 -27 -28 -29 -30 -31
leaf_value=-0.00016851836533868228 0.0012754030043433885 0.00010375134829098698 0.00022803956389265653 0.0011574270478449762 -0.00028369206742947508 4.3169685498100461e-06 -1.0996461820024869e-05 0.0004888665125917527 -0.00015180938431876709 4.8527732502427263e-05 0.00033459283089850596 0.0013257772668913714 9.5182059440002492e-05 0.00022347003119186853 0.00015903084339280793 0.00072912386017075421 0.002088439522286583 -0.000260619930421122 -0.00043788991741643965 1.1453077085672516e-05 -4.1539555618191697e-05 -0.00018569374702440827 -0.00031839250507930821 -2.9192663995282989e-05 0.0021231184924308342 0.00048088320036716013 -0.00057005367425913198 0.0011236360015054404 -0.00033343718886374285 0.0015155710043271685
leaf_weight=21540 60 4121 7276 40 1601 6911 1601 1372 60 1086 1802 162 983 599 3170 198 57 981 343 1823 8189 614 364 63 43 350 138 81 153 47
leaf_count=21540 60 4121 7276 40 1601 6911 1601 1372 60 1086 1802 162 983 599 3170 198 57 981 343 1823 8189 614 364 63 43 350 138 81 153 47
internal_value=-1.89125e-14 -6.2552e-05 0.000215838 -2.86673e-06 2.76254e-05 -0.000123694 5.415e-05 0.000255406 0.000226687 -0.000149419 0.000399508 0.00092643 -0.000157009 0.000157118 0.000224004 0.000465183 0.00103297 -2.86155e-05 -3.76338e-05 -5.97033e-05 7.09926e-06 0.00018837 3.26046e-05 0.000118409 0.000331802 0.000660568 6.37426e-05 0.000317998 6.98738e-05 0.000630843
internal_weight=65828 51037 14791 2266 20622 30415 17935 12525 11153 2687 2024 222 22523 5625 4024 854 255 7892 2206 2166 12310 9129 1853 1489 875 393 482 344 263 110
internal_count=65828 51037 14791 2266 20622 30415 17935 12525 11153 2687 2024 222 22523 5625 4024 854 255 7892 2206 2166 12310 9129 1853 1489 875 393 482 344 263 110
is_linear=0
shrinkage=0.03


Tree=92
num_leaves=31
num_cat=0
split_feature=34 66 66 45 21 6 5 1 21 1 15 71 67 7 29 63 7 12 11 44 35 63 70 54 6 53 58 40 42 10
split_gain=0.934519 0.23416 0.208882 0.126347 0.138627 0.119678 0.0923758 0.088565 0.0982082 0.0883668 0.0884171 0.0726287 0.065676 0.0916226 0.0693388 0.0654871 0.0712225 0.103424 0.0961116 0.0668539 0.105269 0.0688859 0.0720369 0.0667546 0.0652276 0.0779952 0.0668031 0.0685002 0.0644687 0.0686862
threshold=4.1503424644470224 4.4984253048896798 0.51962637715041649 0.39183655381202703 0.15500000000000003 0.36500000000000005 1.0000000180025095e-35 1.0000000180025095e-35 0.44500000000000006 1.5000000000000002 -0.49680618801072918 10.500000000000002 -0.05861607280995864 0.82416666666666683 4.6000936031341562 0.46283878600155298 0.88416666666666688 0.70099097316479797 0.76919028814060553 0.32361268997192388 0.22540321946144107 0.41695863471971067 42.500000000000007 0.43425926566123968 0.88500000000000012 0.12140675634145738 28.500000000000004 0.22321868687868121 0.18903479725122455 0.75688305127557476
decision_type=10 8 8 10 2 8 2 10 2 8 8 10 10 10 10 10 8 8 10 8 10 10 10 10 8 8 10 10 10 8
left_child=2 3 -1 9 11 -4 7 -7 28 10 -2 -5 13 14 -11 19 -17 18 -18 -3 -21 -22 -23 -19 26 -26 27 -12 29 -9
right_child=1 15 5 4 -6 6 -8 8 -10 12 24 -13 -14 -15 -16 16 17 23 -20 20 21 22 -24 -25 25 -27 -28 -29 -30 -31
leaf_value=-0.00015223867968344957 0.0014839260115487767 0.00032215885817018033 -0.00010507361227717411 0.00019918959299566912 0.0021288202854339031 -0.00035423894655869394 -0.00033075308841581615 -1.8243774551648052e-06 0.00039729594104562373 0.00029697197077653938 0.00037799682785374938 0.0013133833798815431 -0.00013666370342581814 0.0014785867046642428 -0.00026594817500154023 0.0001846311306320702 0.0015795662899587401 0.00029255762227815764 -3.2640480748476814e-05 0.0017437967949428474 -0.00016874795229768896 0.0015121705119367631 0.00025060877979558426 0.0010110931068331528 -0.00073362666762695873 0.00024660393857759067 5.6045278305773222e-06 -0.0004584812097583022 -0.00077049232794549965 0.00014528069228212273
leaf_weight=19900 42 590 9216 297 47 474 602 8274 747 534 801 64 2763 45 312 5450 114 2520 47 88 83 83 80 122 75 2818 5091 99 87 4363
leaf_count=19900 42 590 9216 297 47 474 602 8274 747 534 801 64 2763 45 312 5450 114 2520 47 88 83 83 80 122 75 2818 5091 99 87 4363
internal_value=-7.9297e-14 0.000158647 -8.05354e-05 7.66834e-05 0.000596251 -2.04885e-05 3.30989e-05 4.88062e-05 6.2988e-05 5.98325e-05 0.000110705 0.00039672 -6.44385e-05 0.000159533 8.93702e-05 0.000274649 0.000247834 0.000370722 0.00110892 0.000514157 0.000853314 0.000534767 0.000892999 0.000325738 0.000104213 0.000221192 4.77247e-05 0.000285984 4.33615e-05 4.89645e-05
internal_weight=65828 22165 43663 12988 408 23763 14547 13945 13471 12580 8926 361 3654 891 846 9177 8253 2803 161 924 334 246 163 2642 8884 2893 5991 900 12724 12637
internal_count=65828 22165 43663 12988 408 23763 14547 13945 13471 12580 8926 361 3654 891 846 9177 8253 2803 161 924 334 246 163 2642 8884 2893 5991 900 12724 12637
is_linear=0
shrinkage=0.03


Tree=93
num_leaves=31
num_cat=0
split_feature=41 32 6 63 20 5 43 17 6 70 12 66 31 43 17 15 58 32 66 11 45 14 40 58 42 36 42 11 45 29
split_gain=0.884474 0.208013 0.147444 0.105993 0.098407 0.0944184 0.0867208 0.0855551 0.0805907 0.0799724 0.0782812 0.0771428 0.0762165 0.0795434 0.124346 0.0856312 0.0748257 0.0951747 0.0754571 0.0833552 0.128482 0.0830772 0.0885566 0.0862477 0.122505 0.0729552 0.0965886 0.0708175 0.0990239 0.0690188
threshold=0.10375023260712625 6.193711757659913 0.15500000000000003 0.58588742376380987 1.0000000180025095e-35 1.0000000180025095e-35 0.096077639609575285 3.5000000000000004 0.81500000000000006 46.500000000000007 0.5333160631564019 1.6896452791988852 5.9622042179107675 0.081652980297803893 34.500000000000007 -0.26574919046217244 24.500000000000004 7.6474251747131357 1.0384677052497866 0.64247566990265048 0.38267217576503759 -1.0000000180025095e-35 0.269375890493393 32.500000000000007 0.263916626572609 0.24293529987335208 0.17618659138679507 0.78597308290915924 0.19338008016347888 5.4500000476837167
decision_type=10 10 8 10 2 2 8 2 8 8 10 10 10 10 2 8 8 10 10 10 10 8 10 10 10 10 10 10 10 10
left_child=2 3 -1 7 6 12 -4 29 10 11 -8 -10 -3 14 -14 -15 17 -17 -18 20 -20 22 -22 24 -23 27 -27 -9 -29 -2
right_child=1 5 4 -5 -6 -7 8 25 9 -11 -12 -13 13 15 -16 16 18 -19 19 -21 21 23 -24 -25 -26 26 -28 28 -30 -31
leaf_value=-0.00017963281969830933 -0.00014793461466796722 0.00071907129884291651 -0.00010457304125505214 -5.3500969721651536e-05 7.6996741427056407e-05 -7.1698543870840715e-05 2.7151721027684872e-05 0.00012981342925564175 0.00035798150541571281 0.00016797377536075374 -0.00035628669926248042 0.0020062104166149656 -0.00045685059916665874 -0.00074843841788282441 0.00039575763793181452 -0.00076096089318769967 0.00041946995632418933 0.00053180651085280126 0.00023472242917770759 7.6241991429078216e-05 0.0010594920209275672 0.00082681141488639444 -0.00024621743548554012 0.00071287539351033041 0.0029398626629479748 -8.4320289247590417e-05 0.001472854893613497 0.00020328808858653585 0.0015705593270045151 0.00045630306052771627
leaf_weight=11470 1494 324 19197 4621 4472 804 2757 9009 63 1236 580 43 345 73 278 134 2955 83 2757 1982 73 58 130 300 43 62 85 134 74 192
leaf_count=11470 1494 324 19197 4621 4472 804 2757 9009 63 1236 580 43 345 73 278 134 2955 83 2757 1982 73 58 130 300 43 62 85 134 74 192
internal_value=-7.96486e-14 0.000136059 -8.88769e-05 6.71485e-05 -5.21558e-05 0.000240508 -7.63462e-05 0.000117603 3.94628e-05 0.000235794 -3.94933e-05 0.0010266 0.000266834 0.000250926 -7.6393e-05 0.000274671 0.000283442 -0.000266492 0.000297824 0.000230546 0.00032154 0.000717825 0.000223323 0.000968159 0.00172643 0.000153024 0.000816087 0.000142449 0.000689721 -7.91246e-05
internal_weight=65828 26010 39818 15671 28348 10339 23876 11050 4679 1342 3337 106 9535 9211 623 8588 8515 217 8298 5343 3361 604 203 401 101 9364 147 9217 208 1686
internal_count=65828 26010 39818 15671 28348 10339 23876 11050 4679 1342 3337 106 9535 9211 623 8588 8515 217 8298 5343 3361 604 203 401 101 9364 147 9217 208 1686
is_linear=0
shrinkage=0.03


Tree=94
num_leaves=31
num_cat=0
split_feature=34 66 66 41 6 6 70 58 46 71 53 21 26 17 34 61 62 63 1 38 11 59 33 21 15 6 55 41 78 9
split_gain=0.836471 0.262867 0.158941 0.0946433 0.0897139 0.0891546 0.0883731 0.123876 0.12028 0.0783185 0.0779893 0.0774526 0.0761467 0.0750797 0.111333 0.0678311 0.0635349 0.061942 0.0612518 0.0749615 0.0603178 0.0708077 0.0751517 0.0566247 0.056389 0.0557328 0.0681458 0.0619246 0.0550422 0.0579107
threshold=3.6846978664398198 3.5195227414369588 0.51962637715041649 0.30394147336483007 0.96500000000000008 0.21500000000000002 49.500000000000007 30.500000000000004 0.016301922500133518 17.500000000000004 0.13954449445009234 0.80500000000000016 52.500000000000007 87.500000000000014 9.1202406883239764 32.166666666666679 42.500000000000007 0.57730664254037689 1.5000000000000002 0.16864036023616794 0.82403074339754645 42.166666666666679 11.17424249649048 0.115 0.21176470588235297 0.65500000000000014 0.053774351254105575 0.14932291954755786 2395.8000000000006 0.78002159223695589
decision_type=10 8 8 10 10 8 10 8 10 10 8 2 2 2 10 10 8 10 10 8 8 10 8 2 8 10 10 10 2 10
left_child=2 3 23 10 6 -4 7 8 -3 11 17 -9 16 14 -10 -6 -7 25 28 -20 -17 -22 -23 -1 -21 27 -27 -2 -8 -30
right_child=1 4 5 -5 15 12 18 9 13 -11 -12 -13 -14 -15 -16 20 -18 -19 19 24 21 22 -24 -25 -26 26 -28 -29 29 -31
leaf_value=-0.00016581288170908155 -7.8871578025711464e-06 -0.00079853504047557521 -0.00013619973949712823 0.001306558943945005 0.00090238473899638427 5.8265673342560113e-05 0.00014537956757895181 0.00017916923400222351 0.00059698549361888813 0.001005104281939566 6.2199375627973162e-05 0.0011386588498210691 -0.00013660320067438632 -0.00037210454180074685 0.0018944198823910915 0.00016763694498652984 -0.00018931211967269815 -0.00032875661032078185 9.2776249796603806e-05 -0.0001380671431940651 0.00034480505492186594 0.0017285392499239794 0.00015744305336556864 6.568250061481287e-06 -0.00097130046665775945 0.0015137089385340611 0.00016933375165852183 -0.0011871936927359042 0.00011407797286221643 0.0016899256092404167
leaf_weight=17279 449 57 5190 53 266 11663 4315 4547 1079 110 12045 77 2715 66 63 568 1014 883 529 167 221 87 40 1904 130 45 138 44 41 43
leaf_count=17279 449 57 5190 53 266 11663 4315 4547 1079 110 12045 77 2715 66 63 568 1014 883 529 167 221 87 40 1904 130 45 138 44 41 43
internal_value=-1.06877e-13 0.000132093 -8.65771e-05 4.12868e-05 0.000232056 -2.86738e-05 0.000205876 0.000284438 0.000548158 0.000213967 3.63574e-05 0.000195147 7.58266e-06 0.000611703 0.00066856 0.000480655 3.84626e-05 -0.0001633 0.000115676 -0.000121365 0.000358188 0.000669203 0.00123371 -0.000148703 -0.000502782 5.28212e-05 0.000499918 -0.00011314 0.000160186 0.000920762
internal_weight=65828 26063 39765 13657 12406 20582 11224 5999 1265 4734 13604 4624 15392 1208 1142 1182 12677 1559 5225 826 916 348 127 19183 297 676 183 493 4399 84
internal_count=65828 26063 39765 13657 12406 20582 11224 5999 1265 4734 13604 4624 15392 1208 1142 1182 12677 1559 5225 826 916 348 127 19183 297 676 183 493 4399 84
is_linear=0
shrinkage=0.03


Tree=95
num_leaves=31
num_cat=0
split_feature=34 41 17 1 21 46 13 47 43 10 21 58 6 63 42 29 61 26 70 22 39 52 65 17 5 31 33 61 25 21
split_gain=0.794024 0.293402 0.133459 0.1289 0.101303 0.095003 0.0947333 0.08911 0.0888281 0.0992925 0.0856706 0.0798792 0.0797558 0.0783928 0.0759247 0.0716284 0.0711176 0.0830167 0.0698503 0.06939 0.099144 0.0737858 0.0692622 0.0649166 0.0625913 0.0943452 0.0986399 0.0717908 0.0732574 0.0702842
threshold=5.3893597126007089 0.066919423639774336 2.5000000000000004 1.5000000000000002 0.2950000000000001 0.16243175417184832 -1.0000000180025095e-35 0.2394841089844704 0.025553274899721149 0.58896499238965005 0.045000000000000005 22.500000000000004 0.75500000000000012 0.48233108335777802 0.090255316346883788 2.5499999523162846 39.500000000000007 35.500000000000007 58.500000000000007 20.500000000000004 0.23482014238834384 0.77350428700447094 40.083333333333343 10.500000000000002 1.0000000180025095e-35 5.6544673442840585 7.1483516693115243 28.166666666666668 1.0000000180025095e-35 0.90500000000000014
decision_type=10 10 2 10 2 8 8 8 10 8 2 10 8 10 10 10 10 2 10 2 10 8 8 2 2 10 10 8 2 2
left_child=1 6 -3 5 12 7 -1 -2 18 19 -8 -5 13 14 15 -4 17 -6 -7 20 21 -10 -9 -18 27 -26 -27 -11 29 -29
right_child=3 2 4 11 16 8 10 22 9 24 -12 -13 -14 -15 -16 -17 23 -19 -20 -21 -22 -23 -24 -25 25 26 -28 28 -30 -31
leaf_value=0.0001230645366911493 5.0843596463621874e-06 -0.00016894254468086725 0.00017217443845242431 0.0012489823216747025 0.00063238346974616919 0.001772292592241207 -0.00015025096766512771 0.0013523102800698122 0.00085247795593560393 0.00064190968230370688 1.002807297502051e-05 -0.00011164029739432726 0.00012098786992314456 -4.1152892936099954e-05 0.00029975315639746148 -0.00041371601755722592 -0.00074273291332302709 0.00011068815093754632 0.00016932892135810106 0.00010855200143102758 -0.001762876509588254 -0.00062731333009589962 -0.0001053281656830855 0.00018300908375441135 0.00098458691186701459 -0.00078205689130233754 0.00012232643809158069 0.00028050544740879774 0.0012441194499284668 0.0012868315599293314
leaf_weight=1399 2020 2806 443 40 636 63 23824 81 46 591 3434 1331 6300 10926 1302 326 98 483 40 1157 44 89 46 224 78 151 386 7328 73 63
leaf_count=1399 2020 2806 443 40 636 63 23824 81 46 591 3434 1331 6300 10926 1302 326 98 483 40 1157 44 89 46 224 78 151 386 7328 73 63
internal_value=-4.63895e-14 -5.32345e-05 2.52327e-05 0.000203926 5.1506e-05 0.000234785 -0.000117702 5.35456e-05 0.000273278 0.000264255 -0.000130059 -7.19431e-05 3.33869e-05 -9.07564e-06 0.000160155 -7.62004e-05 0.000294146 0.000407201 0.00114978 2.35114e-05 -0.000526165 -0.000123088 0.000824347 -9.87385e-05 0.000301353 9.63446e-06 -0.000131979 0.000323626 0.000298424 0.000289083
internal_weight=65828 52201 23544 13627 20738 12256 28657 2147 10109 10006 27258 1371 19297 12997 2071 769 1441 1119 103 1336 179 135 127 322 8670 615 537 8055 7464 7391
internal_count=65828 52201 23544 13627 20738 12256 28657 2147 10109 10006 27258 1371 19297 12997 2071 769 1441 1119 103 1336 179 135 127 322 8670 615 537 8055 7464 7391
is_linear=0
shrinkage=0.03


Tree=96
num_leaves=31
num_cat=0
split_feature=30 6 66 14 66 26 5 41 62 30 63 41 56 14 21 21 34 8 12 38 61 34 47 22 26 6 58 44 28 9
split_gain=0.749026 0.260902 0.147073 0.101378 0.0974572 0.126049 0.0964847 0.0906722 0.0826634 0.08254 0.0807389 0.0805152 0.0779089 0.0764488 0.0752229 0.0734244 0.0691639 0.0935166 0.0881968 0.0684306 0.0695395 0.0763429 0.0801271 0.0822316 0.0683855 0.0683794 0.0683214 0.0717982 0.0678262 0.0974143
threshold=5.3875000476837167 0.36500000000000005 0.81650129705667507 -0.74499999999999988 0.49857904762029653 11.500000000000002 1.0000000180025095e-35 0.23806525021791461 46.100000000000009 6.3875000476837167 0.59614478682959826 0.25962185859680181 0.28243665397167211 0.31500000000000011 0.045000000000000005 0.2950000000000001 9.2784748077392596 0.83100000000000007 0.7762843968230132 0.18750085681676867 30.500000000000004 2.9945055246353154 0.33333969116210943 12.500000000000002 150.50000000000003 0.015000000000000001 32.500000000000007 0.32361268997192388 6.8333332538604745 0.61473860691967708
decision_type=10 8 8 8 10 2 2 10 10 10 10 8 10 8 2 2 10 10 10 10 8 8 8 2 2 10 10 10 10 8
left_child=1 14 -3 -2 -5 11 9 8 15 24 12 -6 16 -9 25 19 28 26 -19 20 21 -4 -23 -24 -7 -1 -18 -28 -11 -30
right_child=3 2 7 4 5 6 -8 13 -10 10 -12 -13 -14 -15 -16 -17 17 18 -20 -21 -22 22 23 -25 -26 -27 27 -29 29 -31
leaf_value=-0.00028079409489386307 0.0016448276782906504 -7.8606750009835947e-05 -9.804354043984447e-06 0.00029778864298890333 -0.00022353130435505034 7.167139572912556e-05 -0.00016527581559198557 0.0012303360117564223 -0.00053353759069249508 0.00049522360045754299 9.1477127269708517e-05 -0.0016285460261860861 -0.00062583361892029632 -0.00029519294260819332 9.47374954067176e-06 0.00027277648407654341 0.002055628181318752 -3.0038285747115666e-05 0.0013247662352961047 -0.00042741403180841228 1.9600885423834947e-05 0.00022565366127091533 0.0015235067767367422 0.00031651379346199656 -0.0010946374550542754 -0.00012567313695260177 0.0017506048366624821 0.00024517304520122704 -0.0011734644694564244 0.00023695859738607727
leaf_weight=3000 43 10758 1240 4726 446 2760 769 106 211 1118 1893 40 75 41 3128 1390 60 170 58 271 11795 1832 91 115 46 17342 46 75 45 2138
leaf_count=3000 43 10758 1240 4726 446 2760 769 106 211 1118 1893 40 75 41 3128 1390 60 170 58 271 11795 1832 91 115 46 17342 46 75 45 2138
internal_value=-2.50645e-14 -5.38053e-05 8.29033e-06 0.000190329 0.000186005 0.00013176 0.000156495 6.29849e-05 5.65491e-05 0.00018566 0.000251441 -0.00033917 0.000331445 0.000804848 -0.000127489 6.39895e-05 0.000350796 0.000718786 0.000314605 4.50757e-05 5.35707e-05 0.000175802 0.000288732 0.0008497 5.25516e-05 -0.00014855 0.00122792 0.000817486 0.000305202 0.000207884
internal_weight=65828 51320 27850 14508 14465 9739 9253 17092 16945 8484 5678 486 3785 147 23470 16734 3710 409 228 15344 15073 3278 2038 206 2806 20342 181 121 3301 2183
internal_count=65828 51320 27850 14508 14465 9739 9253 17092 16945 8484 5678 486 3785 147 23470 16734 3710 409 228 15344 15073 3278 2038 206 2806 20342 181 121 3301 2183
is_linear=0
shrinkage=0.03


Tree=97
num_leaves=31
num_cat=0
split_feature=34 41 17 14 6 21 18 20 41 22 58 55 39 46 55 67 66 37 47 66 26 62 65 33 17 26 60 15 26 21
split_gain=0.710042 0.269964 0.122103 0.120477 0.121994 0.0918186 0.0892237 0.0755868 0.0722003 0.0678962 0.0692044 0.0676541 0.0701858 0.0767175 0.0698763 0.0786842 0.0648706 0.0676034 0.0648396 0.0622106 0.0579669 0.0759973 0.0731618 0.0590667 0.0569502 0.0565067 0.0671568 0.0647956 0.0556362 0.0551481
threshold=5.4378511905670175 0.066919423639774336 2.5000000000000004 -0.74499999999999988 0.85500000000000009 0.2950000000000001 1.0000000180025095e-35 1.0000000180025095e-35 0.18985918909311297 16.500000000000004 34.500000000000007 0.30962121486663824 0.11559559032320978 0.15085335820913318 0.22869047522544864 0.080033923932021425 9.0062659531831759 0.12717705965042117 0.11456930264830591 7.0899168401956567 13.500000000000002 36.550000000000004 38.791666666666679 6.1055555343627939 17.500000000000004 28.500000000000004 34.550000000000004 0.010000000000000004 5.5000000000000009 0.91500000000000015
decision_type=10 10 2 8 8 2 2 2 10 2 10 10 10 10 10 10 8 8 8 8 2 10 10 8 2 2 10 8 2 2
left_child=1 6 19 -2 16 8 7 -1 -4 10 -7 12 -6 -14 28 -16 20 -18 -8 -3 21 23 -23 -5 -11 26 -22 -28 -15 -30
right_child=3 2 5 4 11 9 18 -9 -10 24 -12 -13 13 14 15 -17 17 -19 -20 -21 25 22 -24 -25 -26 -27 27 -29 29 -31
leaf_value=-0.00014216871669552476 0.0016361056397895131 -0.00021050315025587414 1.6269011142796798e-05 -0.00019330170218988011 0.00080524927584954488 0.0010039493908362391 2.1820386089469103e-06 -6.3397772963019076e-06 0.0002349998313987316 -0.00021378126514452623 0.0002817126538819186 0.00064432999160108642 -0.00013054946597176008 -0.00040054305823578035 -0.00036162739389391358 0.00066253918167521162 0.0012008309180907872 0.0002105634519688481 0.00056202703507963298 0.0002368573048734106 0.0013379509297139461 0.00098097702883803446 -0.00033223616420582398 -0.001364280452170143 0.00028680883288517971 3.921759991179346e-05 -0.00037591349301120436 0.00059896790351220933 0.00030477619552946489 0.0013839182253320549
leaf_weight=23485 52 2501 18006 72 203 195 537 4374 1469 297 308 435 468 100 290 88 64 2031 285 315 62 56 120 84 657 4141 97 167 4826 43
leaf_count=23485 52 2501 18006 72 203 195 537 4374 1469 297 308 435 468 100 290 88 64 2031 285 315 62 56 120 84 657 4141 97 167 4826 43
internal_value=6.5645e-14 -4.98091e-05 2.50031e-05 0.000194898 0.000189283 4.99538e-05 -0.000111754 -0.000120843 3.27679e-05 0.000279669 0.000561705 0.000283029 0.000256913 0.000237771 0.000270009 -0.000123197 0.000101534 0.000240815 0.000196289 -0.000160461 4.07306e-05 -0.00034172 8.56044e-05 -0.000823829 0.000130965 6.91554e-05 0.000449439 0.000240773 0.00029992 0.000314307
internal_weight=65828 52429 23748 13399 13347 20932 28681 27859 19475 1457 503 6453 6018 5815 5347 378 6894 2095 822 2816 4799 332 176 156 954 4467 326 264 4969 4869
internal_count=65828 52429 23748 13399 13347 20932 28681 27859 19475 1457 503 6453 6018 5815 5347 378 6894 2095 822 2816 4799 332 176 156 954 4467 326 264 4969 4869
is_linear=0
shrinkage=0.03


Tree=98
num_leaves=31
num_cat=0
split_feature=6 41 1 30 34 27 46 38 47 35 60 17 12 65 14 5 32 46 45 21 53 5 17 20 8 34 33 15 66 12
split_gain=0.674638 0.244374 0.163938 0.12345 0.111116 0.111698 0.103559 0.0977803 0.0909979 0.0935759 0.0881381 0.0852469 0.0939062 0.0820501 0.0811937 0.0837061 0.0805962 0.075017 0.0722876 0.0710809 0.0705288 0.0685524 0.0828892 0.0674556 0.0672394 0.0860488 0.118032 0.0659844 0.0644042 0.101037
threshold=0.69500000000000006 0.066919423639774336 1.5000000000000002 10.291666507720949 5.5865817070007333 2.5489544868469243 0.15510220080614093 0.12392018362879755 -0.045554328709840768 0.058827450498938567 36.900000000000006 1.5000000000000002 0.53567529978893214 37.416666666666679 -0.69499999999999984 1.0000000180025095e-35 8.3319196701049822 0.18724630028009417 0.14482507854700091 0.43500000000000011 0.58571431040763866 1.0000000180025095e-35 25.500000000000004 1.5000000000000002 0.81266666666666687 6.8900966644287118 8.0312500000000018 0.075000000000000053 8.1174672245979327 0.56149681784069982
decision_type=10 8 8 8 10 10 8 10 10 8 8 2 10 10 8 2 10 8 10 2 10 2 2 2 8 10 10 8 8 10
left_child=1 7 3 14 8 -6 27 19 9 -2 -5 -4 -13 23 -3 24 -17 -14 -8 -1 -15 -20 -23 -10 28 -26 -27 -7 29 -16
right_child=4 2 11 10 5 6 18 -9 13 -11 -12 12 17 20 15 16 -18 -19 21 -21 -22 22 -24 -25 25 26 -28 -29 -30 -31
leaf_value=-0.00013118745877038394 0.00085283529159953882 0.00099528328307124572 -0.00022942557276305791 0.001803895785489072 0.00084185761989581144 0.0001779134523347457 0.0011682645409325089 -0.00079879418829705169 0.00018581334059876827 -0.00044677746479634891 0.00042000316384886206 4.2282231623194131e-06 -0.00047987703158182453 4.746940640058576e-06 5.4072605585146327e-05 -0.00015024710332578247 -0.0014066279114328553 0.00015690972607714955 0.00026286959018273476 9.7438529483465019e-05 0.001116072589916607 -0.00056733990430469475 0.00020907584375632804 0.0011118901547160929 0.00014476949858979279 0.0010764379825969883 0.00010393163395241977 -0.0003941084761188285 0.00019356244612354085 -0.00028856553976532598
leaf_weight=23218 56 86 2385 59 264 341 76 192 4209 455 139 8134 666 4422 5409 739 49 222 7071 1292 52 203 317 72 1760 234 216 388 2198 904
leaf_count=23218 56 86 2385 59 264 341 76 192 4209 455 139 8134 666 4422 5409 739 49 222 7071 1292 52 203 317 72 1760 234 216 388 2198 904
internal_value=7.14061e-14 -5.87511e-05 1.11677e-05 8.95992e-05 0.000156995 0.000234255 0.00021515 -0.000124419 8.47881e-05 -0.000304354 0.000832375 -6.99177e-05 -2.77512e-05 0.000107501 7.69153e-05 7.00529e-05 -0.000228372 -0.00032068 0.000247639 -0.000119136 1.76636e-05 0.000238422 -9.40249e-05 0.000201389 9.19873e-05 0.000239425 0.000609635 -0.000126537 5.37029e-05 5.008e-06
internal_weight=65828 47902 23200 11793 17926 8660 8396 24702 9266 511 198 11407 9022 8755 11595 11509 788 888 7667 24510 4474 7591 520 4281 10721 2210 450 729 8511 6313
internal_count=65828 47902 23200 11793 17926 8660 8396 24702 9266 511 198 11407 9022 8755 11595 11509 788 888 7667 24510 4474 7591 520 4281 10721 2210 450 729 8511 6313
is_linear=0
shrinkage=0.03


Tree=99
num_leaves=31
num_cat=0
split_feature=34 66 47 17 6 70 41 21 6 12 77 12 41 60 26 21 18 47 6 64 38 70 54 14 40 37 32 40 26 41
split_gain=0.637576 0.209046 0.13357 0.0881706 0.087892 0.100736 0.0908531 0.0799221 0.0741409 0.0872731 0.0722603 0.0696284 0.0795879 0.0703319 0.0769725 0.0693561 0.0655527 0.0675264 0.0626893 0.0672477 0.0599433 0.12078 0.0673091 0.0575501 0.0567672 0.0585855 0.0558805 0.0667613 0.0557055 0.0545979
threshold=3.6846978664398198 2.9595981985330586 0.026252934709191326 1.0000000180025095e-35 0.94500000000000006 49.500000000000007 0.2500103116035462 0.75500000000000012 0.30500000000000005 0.35398983898449449 241.85000000000002 0.68343155963095581 0.10472099855542184 37.32500000000001 3.5000000000000004 0.47500000000000009 1.0000000180025095e-35 0.021947017870843414 0.52500000000000013 7.166666666666667 0.16135975718498233 59.500000000000007 0.40530303120613104 0.32500000000000012 0.27875098586082464 0.26282113790512091 4.3399004936218271 0.16450490057468417 20.500000000000004 0.13606515526771548
decision_type=10 8 10 2 10 10 10 2 8 10 2 10 10 10 2 2 2 8 8 10 10 8 10 10 8 10 10 8 2 8
left_child=2 11 16 -4 5 6 10 8 -5 -10 24 13 -13 14 -2 18 23 -18 -12 -20 22 -22 -11 -1 25 -3 -6 29 -19 -28
right_child=1 4 3 7 26 -7 -8 -9 9 20 15 12 -14 -15 -16 -17 17 28 19 -21 21 -23 -24 -25 -26 -27 27 -29 -30 -31
leaf_value=-0.00013497891860811523 -0.00044216029186102356 8.5767261067720753e-05 -0.00031933536284152524 -0.00010303828844049672 0.0013076081832696217 6.9987590851473467e-05 0.00047357777551600654 0.00042973660196413447 0.00015562657480664113 -1.2889578278345078e-05 -0.00015844873669401474 -0.00052060655752038062 0.00034252084450795507 -6.8971840113746339e-05 0.0001123059413117066 0.00096158186947590196 -4.2978129714831264e-05 0.00098135284733708332 0.00037477008282401318 -0.00037638262537687916 0.00037624515320356354 -0.00079349212436381506 0.0012224278992871405 0.00014052092965618921 -0.00071686669818258708 0.00093036605726458789 0.00059443544617776448 0.00039463524763122667 6.0966014982868901e-05 -0.00066387289166887061
leaf_weight=23300 237 2694 763 4349 56 5685 1244 400 3896 5243 269 107 948 5991 4578 139 473 134 1816 114 119 239 40 703 77 76 45 1887 106 100
leaf_count=23300 237 2694 763 4349 56 5685 1244 400 3896 5243 269 107 948 5991 4578 139 473 134 1816 114 119 239 40 703 77 76 45 1887 106 100
internal_value=-1.64869e-13 0.000115324 -7.55864e-05 -5.1236e-06 0.00019297 0.000161985 0.000243336 1.16581e-05 -3.85047e-07 4.64262e-05 0.000188096 2.23539e-05 0.000254981 -3.57735e-07 8.50145e-05 0.000311682 -0.00011849 0.000164986 0.000270601 0.000330401 -2.89939e-05 -0.000404669 -3.53643e-06 -0.00012691 8.66056e-05 0.00010894 0.000372732 0.000346968 0.000574849 -0.000273363
internal_weight=65828 26063 39765 15049 14202 12114 6429 14286 13886 9537 5185 11861 1055 10806 4815 2338 24716 713 2199 1930 5641 358 5283 24003 2847 2770 2088 2032 240 145
internal_count=65828 26063 39765 15049 14202 12114 6429 14286 13886 9537 5185 11861 1055 10806 4815 2338 24716 713 2199 1930 5641 358 5283 24003 2847 2770 2088 2032 240 145
is_linear=0
shrinkage=0.03


Tree=100
num_leaves=31
num_cat=0
split_feature=34 34 6 63 33 10 26 66 63 66 15 38 51 66 8 31 14 34 45 43 5 32 14 66 1 38 10 62 70 43
split_gain=0.604155 0.232069 0.134886 0.0981304 0.0897019 0.0867669 0.0790503 0.0864652 0.0751054 0.0711622 0.0829251 0.0763592 0.0708559 0.0725832 0.0699728 0.0698209 0.0693065 0.0688208 0.0676302 0.0657795 0.0628874 0.0851457 0.0693843 0.0718364 0.096767 0.0903342 0.0701003 0.0680499 0.0685055 0.0658179
threshold=2.7512886524200444 6.9470176696777353 0.47500000000000003 0.55633979720001225 0.4083333313465119 0.6802061855670104 5.5000000000000009 0.88910950347781192 0.45449815183742137 1.4320870004594328 0.27225237014186915 0.091246455907821669 0.48691760003566747 7.0899168401956567 0.96400000000000008 2.4049711227416997 -0.62499999999999978 5.5865817070007333 0.1857058331370354 0.35392102599143987 1.0000000180025095e-35 5.4887032508850107 0.43500000000000011 0.84175001829862606 1.0000000180025095e-35 0.22419096529483798 0.80836490819003215 33.100000000000009 74.500000000000014 0.22813297063112262
decision_type=8 10 8 10 10 10 2 10 10 10 10 10 8 8 10 10 8 10 8 8 2 10 8 10 10 10 10 10 10 8
left_child=4 2 8 5 15 14 7 -3 -2 10 -6 -12 19 -14 -4 -1 -8 -16 -10 -5 22 -22 23 -18 -25 26 -26 -24 -29 -23
right_child=1 6 3 12 9 -7 16 -9 18 -11 11 -13 13 -15 17 -17 20 -19 -20 -21 21 29 27 24 25 -27 -28 28 -30 -31
leaf_value=-0.00015826053537207718 0.0002804423393758969 0.0003192712171575099 0.00010187023273223465 -0.00010628789402178097 -9.0937374014305502e-05 0.00032968518340435591 0.0014669204516293004 -0.00085137281788384136 -5.2526880389320932e-05 0.00012493649948890089 0.00013993788785546393 0.0011830483639119259 5.8300190984744694e-06 0.00020173945075555163 0.00011352584754094118 -0.00052078483484115123 0.000393284662433483 0.0018517440053770636 -0.00034392272125323534 -0.0007955137926823543 0.0011751960609335979 -0.00072840266540879388 0.00099686274207298363 0.001299138920625079 1.0832069887991657e-05 0.00028305566691920367 -0.00089372570392187321 0.00020419244042523533 0.0015169173246540595 4.9428877213283073e-05
leaf_weight=7886 542 107 8123 1286 20253 2031 43 121 6232 1640 572 71 6857 2264 41 509 1970 41 810 138 46 138 230 66 1292 1721 82 339 40 337
leaf_count=7886 542 107 8123 1286 20253 2031 43 121 6232 1640 572 71 6857 2264 41 509 1970 41 810 138 46 138 230 66 1292 1721 82 339 40 337
internal_value=1.32308e-14 8.55644e-05 4.84393e-05 8.79604e-05 -9.65355e-05 0.000154128 0.000246779 -0.000301992 -5.9853e-05 -6.5354e-05 -8.02888e-05 0.000255118 2.37314e-05 5.44583e-05 0.000110673 -0.000180241 0.000266626 0.000982635 -8.60444e-05 -0.000173081 0.000258383 -5.72035e-05 0.000287028 0.000251094 0.000162478 0.000138239 -4.31517e-05 0.000589781 0.000342739 -0.000176552
internal_weight=65828 34897 28365 20781 30931 10236 6532 228 7584 22536 20896 643 10545 9121 8205 8395 6304 82 7042 1424 6261 521 5740 5131 3161 3095 1374 609 379 475
internal_count=65828 34897 28365 20781 30931 10236 6532 228 7584 22536 20896 643 10545 9121 8205 8395 6304 82 7042 1424 6261 521 5740 5131 3161 3095 1374 609 379 475
is_linear=0
shrinkage=0.03


Tree=101
num_leaves=31
num_cat=0
split_feature=6 41 1 30 30 38 60 12 17 39 21 44 70 14 5 32 46 42 43 34 21 62 28 68 21 55 17 33 8 34
split_gain=0.571083 0.211923 0.147144 0.112904 0.0935147 0.0928248 0.0820231 0.0817097 0.0966042 0.0793045 0.0780826 0.0833879 0.090045 0.0749468 0.0781606 0.0761415 0.0726305 0.0696572 0.0686305 0.0674485 0.0671849 0.0671137 0.066178 0.0727506 0.06563 0.0610588 0.0776813 0.0865161 0.0593343 0.0750664
threshold=0.69500000000000006 0.066919423639774336 1.5000000000000002 10.291666507720949 8.7750000953674334 0.12392018362879755 36.900000000000006 0.53852427822021265 3.5000000000000004 0.18308463692665103 0.24500000000000002 0.41572824120521551 32.500000000000007 -0.69499999999999984 1.0000000180025095e-35 8.3319196701049822 -0.019232039339840409 0.16609049588441852 0.31602753698825842 2.4007300138473515 0.075000000000000025 40.900000000000006 13.166666507720949 1.0000000180025095e-35 0.43500000000000011 0.32535713911056524 14.500000000000002 10.620192527770998 0.81266666666666687 6.8900966644287118
decision_type=10 8 8 8 10 10 8 10 2 10 2 10 8 8 2 10 10 10 10 10 2 10 10 2 2 10 2 8 8 10
left_child=1 5 3 13 10 24 -5 8 17 -6 16 12 -12 -3 28 -16 -2 18 -4 -10 -21 -18 25 -24 -1 -11 -27 -28 -15 -30
right_child=4 2 7 6 9 -7 -8 -9 19 22 11 -13 -14 14 15 -17 21 -19 -20 20 -22 -23 23 -25 -26 26 27 -29 29 -31
leaf_value=-0.00012163952616584845 -0.00034427700745522842 0.00095556480856070851 -0.00016449767809789079 0.0017329161954349128 0.0015391689832718605 -0.0007722711835322115 0.00039789361347404155 -0.00033184568821066748 -0.00010972773930220465 0.00028074121859038254 0.0016750894195865838 0.0012644949635728995 0.00022991028966838777 5.1871333423452312e-05 -0.00014579567218356746 -0.0013669619143807461 0.00013035093957931997 -0.00080531229328698821 0.0010289368308308026 4.7215331438227389e-05 0.00042372810938119904 -7.8890556277249794e-05 -0.00086198292552250105 0.00057103843563236292 9.8045551740057925e-05 -0.00038499952697126964 0.0014172251489234459 -9.1028043651022016e-05 0.00013792589155753952 0.0005721136188930056
leaf_weight=23218 329 86 3016 59 47 192 139 952 2428 1979 40 81 1296 8511 739 49 12232 152 44 4342 473 1555 88 50 1292 41 143 45 1760 450
leaf_count=23218 329 86 3016 59 47 192 139 952 2428 1979 40 81 1296 8511 739 49 12232 152 44 4342 473 1555 88 50 1292 41 143 45 1760 450
internal_value=2.044e-14 -5.40543e-05 1.10568e-05 8.53626e-05 0.000144444 -0.000115206 0.000795703 -6.57634e-05 -4.15348e-05 0.000319017 0.00011755 0.000329846 0.000273179 7.32326e-05 6.66395e-05 -0.000221731 9.62391e-05 -0.000178474 -0.000147337 1.91928e-05 8.42019e-05 0.000106751 0.000294572 -0.000342772 -0.000110059 0.000334406 0.000798174 0.00105621 8.78349e-05 0.000226335
internal_weight=65828 47902 23200 11793 17926 24702 198 11407 10455 2393 15533 1417 1336 11595 11509 788 14116 3212 3060 7243 4815 13787 2346 138 24510 2208 229 188 10721 2210
internal_count=65828 47902 23200 11793 17926 24702 198 11407 10455 2393 15533 1417 1336 11595 11509 788 14116 3212 3060 7243 4815 13787 2346 138 24510 2208 229 188 10721 2210
is_linear=0
shrinkage=0.03


Tree=102
num_leaves=31
num_cat=0
split_feature=41 34 17 6 21 63 10 34 20 46 50 78 42 41 6 8 44 43 39 32 28 8 43 7 70 51 50 6 32 9
split_gain=0.540714 0.132432 0.125567 0.108591 0.0986391 0.0805525 0.0884931 0.0762101 0.0779603 0.0736852 0.0739608 0.105953 0.0850506 0.10839 0.0695952 0.0688469 0.0651249 0.0615822 0.111821 0.0609999 0.0579016 0.0860748 0.0665191 0.0757369 0.0569278 0.066372 0.0583449 0.0558081 0.0555291 0.0664287
threshold=0.10375023260712625 6.9470176696777353 5.5000000000000009 0.085000000000000006 0.2950000000000001 0.54965374738527151 0.6802061855670104 0.994318187236786 1.0000000180025095e-35 0.15510220080614093 0.70833334326744091 384.30000000000001 0.22338542342185977 0.17824082076549533 0.9850000000000001 0.9567500000000001 0.10822634026408197 0.39781975746154791 0.20687236636877063 6.8114609718322763 6.1666667461395273 0.4210000000000001 0.40435186028480535 0.71166666666666678 50.500000000000007 1.9296874403953554 0.60065361857414257 0.24500000000000002 8.3319196701049822 0.92846784630052637
decision_type=10 10 2 8 2 10 10 8 2 10 8 2 10 10 8 10 10 10 10 10 10 10 10 10 8 10 8 8 10 10
left_child=3 2 28 -1 5 6 27 -5 15 14 11 12 13 -11 16 -9 19 18 -10 -3 21 -7 -23 -24 26 -26 -22 -4 29 -2
right_child=1 9 4 7 -6 20 -8 8 17 10 -12 -13 -14 -15 -16 -17 -18 -19 -20 -21 24 22 23 -25 25 -27 -28 -29 -30 -31
leaf_value=-0.00017157898671668568 -8.8626248354252136e-05 0.00037620335506082311 -0.00033646110689521081 -0.00014932913252182134 0.00038013172438693116 0.00029962192999101884 0.00036588232035298892 -4.9149180737424071e-05 9.0961982419302835e-05 0.00073093906952999526 0.0002284797379670653 3.6173456326743022e-05 0.00065336049024561609 0.002939453764935024 0.00074097171473755114 0.0011002297979343602 -0.00075085221957124301 -0.0010218562828958966 0.0016849149208283051 -0.00073729663909900757 -0.00046742547745178513 -7.1340375150405862e-05 0.0002686009876197204 -0.001313814266403723 6.8798431349907494e-05 -0.0010696768019338475 0.00042300432285735629 0.0001244980184588217 -0.00092157095373922987 0.0010977380380824988
leaf_weight=7590 3498 149 247 5309 1091 574 1465 22716 4072 40 5165 158 174 40 68 47 164 44 40 63 73 4172 41 81 2373 47 714 5499 71 43
leaf_count=7590 3498 149 247 5309 1091 574 1465 22716 4072 40 5165 158 174 40 68 47 164 44 40 63 73 4172 41 81 2373 47 714 5499 71 43
internal_value=-1.57704e-13 0.000106382 6.923e-05 -6.94913e-05 0.000104542 8.48723e-05 0.000157749 -4.54486e-05 -2.49612e-05 0.000229723 0.000259335 0.000646155 0.00102559 0.0018352 -0.000142228 -4.6776e-05 -0.000301955 9.45217e-05 0.000106467 4.53048e-05 1.97934e-05 -4.54099e-05 -9.1532e-05 -0.000782019 0.000118767 4.66875e-05 0.00034041 0.000104683 -9.08758e-05 -7.42197e-05
internal_weight=65828 26010 19989 39818 16377 15286 7211 32228 26919 6021 5577 412 254 80 444 22763 376 4156 4112 212 8075 4868 4294 122 3207 2420 787 5746 3612 3541
internal_count=65828 26010 19989 39818 16377 15286 7211 32228 26919 6021 5577 412 254 80 444 22763 376 4156 4112 212 8075 4868 4294 122 3207 2420 787 5746 3612 3541
is_linear=0
shrinkage=0.03


Tree=103
num_leaves=31
num_cat=0
split_feature=34 66 21 21 34 59 26 33 6 39 42 41 54 26 66 63 31 51 33 38 47 40 52 15 41 39 9 62 62 26
split_gain=0.514291 0.20459 0.127297 0.0852635 0.0842339 0.0911082 0.081978 0.0812157 0.0725828 0.0996706 0.0714615 0.0711297 0.0669834 0.0662789 0.0737344 0.0653729 0.0640639 0.0628066 0.0739788 0.0626836 0.0619733 0.0894672 0.061002 0.0603967 0.0571919 0.057088 0.0544338 0.0532813 0.0530514 0.0745504
threshold=2.7512886524200444 3.0015855953097348 0.115 0.82500000000000007 6.9470176696777353 29.833333333333339 2.5000000000000004 0.29285715520381933 0.34500000000000003 0.15433851629495624 0.2683259397745133 0.057723902165889747 0.06698718294501306 28.500000000000004 1.4320870004594328 0.46736956278723668 2.4049711227416997 0.48691760003566747 4.9045455455780038 0.31714767217636114 0.16261423379182818 0.15163138508796695 0.36038962006568914 0.07808827503224787 0.29546356201171881 0.21746730804443362 0.42273150165115275 40.900000000000006 36.300000000000004 59.500000000000007
decision_type=8 8 2 2 10 8 2 10 8 10 10 8 8 2 10 8 10 8 8 8 8 10 10 8 10 10 8 10 10 2
left_child=3 6 4 7 5 26 -2 16 9 -7 15 -8 25 14 -9 23 -1 18 -17 24 -14 -22 -16 -10 -4 -6 -3 -20 29 -13
right_child=1 2 19 -5 12 8 11 13 10 -11 -12 28 20 -15 22 17 -18 -19 27 -21 21 -23 -24 -25 -26 -27 -28 -29 -30 -31
leaf_value=-0.00015789158219804125 -0.00028501941621475343 0.0014055110603970076 0.0004017084044914157 0.00034282050333060368 0.00026514994323952122 -0.00013047609346548871 -0.0001310516603931146 -4.5099531407667236e-05 0.00083432635217012328 -0.0013863479827470595 -0.0011613043735269456 0.00016553684767523573 -0.00022143321984188191 -0.00012972221158047715 0.00028209070205222438 4.1946262527574157e-05 -0.000508751351988405 0.00010012922842542144 -0.00026941716369402322 -0.00025377873905135068 0.0011119762147512305 0.00021687767052803528 -0.00074622792437333951 0.00011390336193388336 0.0012895810156880864 0.0014318112041311042 0.00030240661901278837 -0.0011070688643485481 -1.6716582308995691e-05 -2.4521157192389965e-05
leaf_weight=6803 820 42 1641 406 75 688 2353 13000 193 62 42 5225 281 9237 927 1000 503 6756 469 127 103 4140 55 229 68 76 972 80 6573 2882
leaf_count=6803 820 42 1641 406 75 688 2353 13000 193 62 42 5225 281 9237 927 1000 503 6756 469 127 103 4140 55 229 68 76 972 80 6573 2882
internal_value=-1.09094e-13 7.89448e-05 0.000153288 -8.90671e-05 0.000124801 7.77633e-05 7.97073e-06 -9.48115e-05 4.89663e-05 -0.000234295 7.31932e-05 2.20758e-05 0.000230778 -6.73622e-05 -2.6165e-05 7.91344e-05 -0.000182047 6.06258e-05 -0.000111669 0.000389251 0.000210032 0.000238606 0.000224496 0.000443386 0.000437036 0.000852344 0.000348097 -0.000391479 4.662e-05 9.79721e-05
internal_weight=65828 34897 17044 30931 15208 10533 17853 30525 9519 750 8769 17033 4675 23219 13982 8727 7306 8305 1549 1836 4524 4243 982 422 1709 151 1014 549 14680 8107
internal_count=65828 34897 17044 30931 15208 10533 17853 30525 9519 750 8769 17033 4675 23219 13982 8727 7306 8305 1549 1836 4524 4243 982 422 1709 151 1014 549 14680 8107
is_linear=0
shrinkage=0.03


Tree=104
num_leaves=31
num_cat=0
split_feature=6 41 1 39 62 38 30 12 17 14 34 21 64 22 42 35 47 75 38 45 5 28 46 21 44 70 13 22 59 66
split_gain=0.48673 0.18155 0.133327 0.105495 0.130712 0.0878363 0.0817901 0.0781429 0.0874619 0.0773782 0.0766169 0.0858588 0.0753784 0.0791122 0.0749351 0.0853885 0.0748584 0.0710672 0.0783829 0.0745087 0.0673681 0.0642172 0.0765542 0.0631199 0.0813271 0.082628 0.0628183 0.0622939 0.0727432 0.0669188
threshold=0.69500000000000006 0.066919423639774336 1.5000000000000002 0.33747339248657232 31.450000000000003 0.12392018362879755 8.7750000953674334 0.53852427822021265 4.5000000000000009 -0.69499999999999984 2.4007300138473515 0.075000000000000025 3.8333333333333335 66.500000000000014 0.16609049588441852 0.19264507293701175 -0.045554328709840768 11.500000000000002 0.22647868841886523 0.33427391946315771 1.0000000180025095e-35 13.166666507720949 0.38111445307731634 0.24500000000000002 0.41572824120521551 32.500000000000007 -1.0000000180025095e-35 57.500000000000007 35.833333333333336 1.9495554119348528
decision_type=10 8 8 8 8 10 10 10 2 8 10 2 8 2 10 10 8 2 10 10 2 10 10 2 10 8 10 2 10 10
left_child=1 5 3 9 -5 -1 16 8 14 -3 -10 26 13 -8 15 -4 -2 23 -19 -20 -11 27 -23 -18 25 -25 -12 -14 29 -29
right_child=6 2 7 4 -6 -7 12 -9 10 20 11 -13 21 -15 -16 -17 17 18 19 -21 -22 22 -24 24 -26 -27 -28 28 -30 -31
leaf_value=-0.00010149637598931473 -0.00089999721933219741 0.00096207446591318427 -0.00015029433282756009 0.0021210649335931518 0.00025740831092532193 -0.00074566867566318252 0.0015070388983208481 -0.0003229723067452409 -0.00011660566201278778 8.3854298285733489e-05 0.0004399480116459667 0.00050000410106511772 0.0001641122032303918 0.00017090298845367111 -0.00076881578622919205 0.00083529739118940014 0.00010904166319118838 -0.00024954734952202257 0.0010554188089868563 -0.00032247578168792995 -0.00020068149542267006 -0.0013447422281024045 0.00014768229487376158 0.0016090263433288781 0.0012709127891342518 0.00022369243801926875 1.796422594201573e-05 0.0017817902284150476 0.00036176932440098683 0.00051748029608559979
leaf_weight=24510 66 87 3396 50 105 192 91 952 2296 10746 347 429 1300 71 172 81 13139 825 88 59 805 48 87 40 77 1239 3734 69 644 83
leaf_count=24510 66 87 3396 50 105 192 91 952 2296 10746 347 429 1300 71 172 81 13139 825 88 59 805 48 87 40 77 1239 3734 69 644 83
internal_value=2.22206e-13 -4.99028e-05 1.03621e-05 8.10931e-05 0.000858588 -0.000106503 0.000133351 -6.27624e-05 -3.90685e-05 7.07381e-05 2.4466e-05 9.62843e-05 0.000296613 0.000921448 -0.000157571 -0.000127334 0.000108199 0.000112501 -0.000135829 0.000502386 6.40247e-05 0.000251242 -0.000382958 0.000129153 0.000324024 0.000267018 5.38447e-05 0.00029209 0.000501098 0.00109141
internal_weight=65828 47902 23200 11793 155 24702 17926 11407 10455 11638 6806 4510 2393 162 3649 3477 15533 15467 972 147 11551 2231 135 14495 1356 1279 4081 2096 796 152
internal_count=65828 47902 23200 11793 155 24702 17926 11407 10455 11638 6806 4510 2393 162 3649 3477 15533 15467 972 147 11551 2231 135 14495 1356 1279 4081 2096 796 152
is_linear=0
shrinkage=0.03


Tree=105
num_leaves=31
num_cat=0
split_feature=34 6 1 20 14 17 1 41 22 42 26 20 21 5 61 51 57 10 54 57 21 56 6 9 10 36 12 45 46 15
split_gain=0.463778 0.178531 0.114659 0.111194 0.105849 0.0981459 0.0958338 0.0940162 0.0811249 0.0778337 0.0697401 0.0671155 0.0661793 0.0652076 0.0685966 0.0972695 0.0798164 0.0776542 0.0715575 0.0649014 0.072563 0.0668785 0.0629582 0.0637713 0.062337 0.0620051 0.0608126 0.0681741 0.063489 0.0611726
threshold=5.4378511905670175 0.36500000000000005 2.5000000000000004 1.0000000180025095e-35 -0.74499999999999988 1.0000000180025095e-35 1.5000000000000002 0.23806525021791461 25.500000000000004 0.087884671986103072 24.500000000000004 1.5000000000000002 0.66500000000000015 1.0000000180025095e-35 28.166666666666668 0.72855773568153392 0.14431726187467578 0.46583125778331264 0.037749288603663451 0.05564574338495732 0.75500000000000012 0.11110762506723405 0.015000000000000001 0.4461639852372245 0.77514044943820237 0.21841188520193103 0.55383771423739836 0.18057769536972049 0.15742676705121997 0.075000000000000053
decision_type=10 8 8 2 8 2 10 8 2 8 2 2 2 2 10 10 10 8 8 8 2 8 10 8 10 8 8 8 10 8
left_child=1 12 3 9 -2 -4 13 -7 11 -3 25 -5 22 14 15 16 -6 18 -16 -19 21 -21 -1 -24 -15 -11 -23 29 -29 -28
right_child=4 2 5 8 6 7 -8 -9 -10 10 -12 -13 -14 24 17 -17 -18 19 -20 20 -22 26 23 -25 -26 -27 27 28 -30 -31
leaf_value=-0.00023133909813716222 0.0015084014629470543 -5.9525053100758942e-05 -0.00044282479891881882 0.00025766436103174834 0.00042967513583744277 -1.765125718820216e-05 -9.0910058741701846e-05 -0.00073906445530532241 3.3301519907096851e-05 0.00012623807408712785 8.0389482391421664e-06 0.00087873779079840006 0.00018983565989449903 -0.00015329382143681867 0.00067712052243350208 0.0014286178974883563 -0.00076391951077514218 0.00069020315260447313 -0.00024838112727824572 -0.00022548616844346724 0.0008158016772843742 0.00051334240312890089 -7.2715932269095944e-05 -0.00026096302507543876 0.00063025954951423672 0.00056760478335932585 0.00023524827147695094 0.0013483553512064232 0.00020507291081700024 -0.00016266105151597636
leaf_weight=3343 52 9560 807 1859 761 2478 1315 174 1799 3379 8698 171 677 810 86 83 54 236 598 360 162 499 17385 1786 103 313 559 44 6757 920
leaf_count=3343 52 9560 807 1859 761 2478 1315 174 1799 3379 8698 171 677 810 86 83 54 236 598 360 162 499 17385 1786 103 313 559 44 6757 920
internal_value=2.75323e-13 -4.02552e-05 9.0484e-06 3.08101e-05 0.000157515 -0.000153136 0.000152251 -6.49838e-05 0.000179987 4.78734e-06 5.44101e-05 0.000309981 -0.000102414 0.000178827 0.00019884 0.00045023 0.00035059 0.000176753 -0.000132017 0.000198898 0.000186432 0.000175276 -0.000111202 -9.02533e-05 -6.48973e-05 0.000163656 0.00019171 0.000172326 0.00021247 -1.2268e-05
internal_weight=65828 52429 29238 25779 13399 3459 13347 2652 3829 21950 12390 2030 23191 12032 11119 898 815 10221 684 9537 9301 9139 22514 19171 913 3692 8779 8280 6801 1479
internal_count=65828 52429 29238 25779 13399 3459 13347 2652 3829 21950 12390 2030 23191 12032 11119 898 815 10221 684 9537 9301 9139 22514 19171 913 3692 8779 8280 6801 1479
is_linear=0
shrinkage=0.03


Tree=106
num_leaves=31
num_cat=0
split_feature=34 66 21 21 61 34 32 57 11 57 17 66 26 66 26 11 6 27 27 12 37 38 26 38 7 58 27 59 34 45
split_gain=0.437453 0.178072 0.11522 0.0813403 0.0779175 0.123427 0.112019 0.0786663 0.0827213 0.0761417 0.0755315 0.0781859 0.0725877 0.0673488 0.0782616 0.0752877 0.0819511 0.075022 0.0733289 0.0720799 0.067149 0.0662345 0.0656101 0.101373 0.07229 0.0628075 0.0682989 0.0705382 0.0639249 0.0627018
threshold=2.7512886524200444 3.0015855953097348 0.115 1.3050000000000004 28.833333333333339 9.2784748077392596 6.193711757659913 0.049043366685509689 0.65695333492302621 0.16008007526397708 1.0000000180025095e-35 0.14404658414423469 2.5000000000000004 3.04472428560257 5.5000000000000009 0.6481848562140976 0.96500000000000008 12.500000000000002 10.500000000000002 0.52006218844475105 0.29757958650588995 0.2042532563209534 33.500000000000007 0.16135975718498233 0.79166666666666685 40.500000000000007 12.500000000000002 41.583333333333336 7.4837386608123788 0.38267217576503759
decision_type=8 8 2 2 10 10 10 8 10 8 2 8 2 10 2 10 10 10 10 8 10 10 2 10 10 10 10 10 10 10
left_child=3 12 4 10 5 -3 21 8 -8 -9 -1 -12 -2 19 -15 16 18 -17 29 -11 -19 -6 -13 24 -24 28 -27 -28 -14 -16
right_child=1 2 -4 -5 6 -7 7 9 -10 13 11 22 25 14 15 17 -18 20 -20 -21 -22 -23 23 -25 -26 26 27 -29 -30 -31
leaf_value=-0.000295888352897736 -0.00026910529519067849 0.00025324296010883248 0.00036665819758329436 0.0012698130654607666 1.9430809223406944e-05 0.0017214049059757082 9.0107342028724295e-05 -0.00020117669128133758 0.0016689419238787905 0.0012349480645067682 -0.00015369263501606767 -7.9286961041106998e-06 4.8503329991293147e-05 -0.00078212469698788986 0.00019751663918115674 3.2177283068958255e-05 0.00078262342455247659 -0.0010307974820313376 -0.00010715715804417562 0.00027832129187384507 0.00031009201307166759 -0.00041430853230083997 -0.00012167520118411082 -0.001054599637039078 0.00052177604767262512 -7.1550729809764939e-05 -0.00048771835820999264 0.00097020157863682288 0.0004153216699906468 0.00070518848861012462
leaf_weight=1442 820 1865 1836 40 5852 53 56 495 64 73 7980 14649 10349 87 1387 1237 218 118 611 2450 47 335 6556 103 161 6087 41 110 446 260
leaf_count=1442 820 1865 1836 40 5852 53 56 495 64 73 7980 14649 10349 87 1387 1237 218 118 611 2450 47 335 6556 103 161 6087 41 110 446 260
internal_value=1.82121e-13 7.28089e-05 0.000142167 -8.21446e-05 0.000115065 0.000293813 8.9268e-05 0.000170556 0.000932152 0.000157468 -8.38952e-05 -7.35147e-05 6.5941e-06 0.000184831 0.000107728 0.000127691 0.000227158 -4.79718e-05 0.00017353 0.000306 -0.000648847 -4.05435e-06 -4.37127e-05 -0.000120575 -0.000106252 1.98668e-05 -5.59159e-05 0.000574343 6.36586e-05 0.000277659
internal_weight=65828 34897 17044 30931 15208 1918 13290 7103 120 6983 30891 29449 17853 6488 3965 3878 2476 1402 2258 2523 165 6187 21469 6820 6717 17033 6238 151 10795 1647
internal_count=65828 34897 17044 30931 15208 1918 13290 7103 120 6983 30891 29449 17853 6488 3965 3878 2476 1402 2258 2523 165 6187 21469 6820 6717 17033 6238 151 10795 1647
is_linear=0
shrinkage=0.03


Tree=107
num_leaves=31
num_cat=0
split_feature=6 41 1 30 38 47 12 17 60 42 35 34 21 30 39 75 38 45 14 5 32 63 13 8 28 68 12 34 62 35
split_gain=0.413644 0.158275 0.118022 0.0978445 0.0835471 0.0753814 0.0748021 0.079056 0.0735544 0.0716468 0.0791764 0.0691411 0.0792721 0.0682418 0.0733186 0.0666371 0.072699 0.100762 0.0635691 0.0685711 0.0729405 0.0626213 0.059483 0.0613903 0.0588933 0.0673919 0.0573781 0.0859223 0.0884113 0.072285
threshold=0.69500000000000006 0.066919423639774336 1.5000000000000002 10.291666507720949 0.13283015042543414 -0.045554328709840768 0.53852427822021265 4.5000000000000009 36.900000000000006 0.16609049588441852 0.19264507293701175 2.4007300138473515 0.075000000000000025 8.7750000953674334 0.18308463692665103 11.500000000000002 0.23424874246120456 0.32948528230190283 -0.69499999999999984 1.0000000180025095e-35 8.3319196701049822 0.70039510314231168 -1.0000000180025095e-35 0.60900000000000021 13.166666507720949 1.0000000180025095e-35 0.54098735519132768 6.5073544979095468 31.708333333333339 0.31311275064945226
decision_type=10 8 8 8 10 8 10 2 8 10 10 10 2 10 10 2 10 10 8 2 10 10 10 10 10 2 10 10 10 10
left_child=1 4 3 18 -1 -2 7 9 -5 10 -4 -9 22 15 -15 21 -17 -18 -3 26 -21 -7 -13 -24 -16 -26 27 29 -29 -20
right_child=5 2 6 8 -6 13 -8 11 -10 -11 -12 12 -14 14 24 16 17 -19 19 20 -22 -23 23 -25 25 -27 -28 28 -30 -31
leaf_value=-9.4597668036331821e-05 -0.00087401863183271522 0.00087812400557680137 -0.00014055922377080891 0.0016255970303979466 -0.00081437412932956082 0.00012815619843952681 -0.00031312060795534607 -0.00010896026983009315 0.0003613712955973942 -0.0007456991644332532 0.00080850412777686465 0.00042821125804940813 0.00048120198209633254 0.0014490753777716507 0.00028997178999335934 -0.00023136663862059978 0.0014211147692985834 -0.00036516635316527555 8.9732600417118897e-05 -0.00013633073750511253 -0.0013315520492591419 -0.00034524755319569777 5.4632987814562842e-05 -0.00038178839736209726 -0.00084858911498238078 0.00053064604121955193 -5.9148744997278993e-05 0.00087349895749889116 0.00021291170090650599 -0.00083413219818688153
leaf_weight=24556 68 86 3396 59 146 14239 952 2296 139 172 81 347 429 47 2206 858 60 54 7533 739 49 256 3417 317 88 50 2153 245 713 77
leaf_count=24556 68 86 3396 59 146 14239 952 2296 139 172 81 347 429 47 2206 858 60 54 7533 739 49 256 3417 317 88 50 2153 245 713 77
internal_value=-1.29795e-13 -4.60038e-05 1.02657e-05 7.68132e-05 -9.88519e-05 0.000122932 -5.85338e-05 -3.53519e-05 0.000738085 -0.000148016 -0.00011845 2.50523e-05 9.32769e-05 0.000126728 0.000275885 0.00010367 -0.000136795 0.000574982 6.55212e-05 5.9449e-05 -0.000210653 0.000119795 5.24977e-05 1.75828e-05 0.000252361 -0.000348866 7.93017e-05 0.000114092 0.000381851 8.03847e-05
internal_weight=65828 47902 23200 11793 24702 17926 11407 10455 198 3649 3477 6806 4510 17858 2391 15467 972 114 11595 11509 788 14495 4081 3734 2344 138 10721 8568 958 7610
internal_count=65828 47902 23200 11793 24702 17926 11407 10455 198 3649 3477 6806 4510 17858 2391 15467 972 114 11595 11509 788 14495 4081 3734 2344 138 10721 8568 958 7610
is_linear=0
shrinkage=0.03


Tree=108
num_leaves=31
num_cat=0
split_feature=34 66 20 26 6 6 6 51 29 14 11 61 63 66 55 65 63 28 47 14 36 9 17 78 78 29 6 7 12 26
split_gain=0.393039 0.13515 0.115566 0.094317 0.0926624 0.0855678 0.0853432 0.0807801 0.0720367 0.0720095 0.071948 0.0955138 0.0661898 0.0658519 0.0654862 0.0654781 0.0629251 0.0729362 0.0600202 0.0656163 0.111701 0.0976207 0.0610187 0.0601693 0.0596574 0.0594343 0.0616947 0.0703717 0.0716952 0.0660167
threshold=4.1503424644470224 inf 1.0000000180025095e-35 7.5000000000000009 0.97500000000000009 0.8650000000000001 0.085000000000000006 0.51894187927246105 6.3666667938232431 -0.74499999999999988 0.64247566990265048 32.166666666666679 0.61643648674169438 0.51962637715041649 0.30509740114212042 32.083333333333343 0.59117542176882121 6.1666667461395273 -0.029209040105342862 -0.18499999999999991 0.17522320896387103 0.68980218751698408 19.500000000000004 1430.4500000000003 575.20000000000016 10.09999990463257 0.9850000000000001 0.90833333333333355 0.74448055919398803 39.500000000000007
decision_type=10 8 2 2 10 8 8 8 10 8 8 10 10 8 8 10 10 10 10 10 10 10 2 2 2 10 10 10 8 2
left_child=2 3 6 8 -4 9 -1 -7 -2 -5 11 -9 -10 -8 18 -12 -11 -18 -3 20 22 -22 -20 -21 -13 -17 27 28 -27 -30
right_child=1 14 4 5 -6 7 13 10 12 16 15 24 -14 -15 -16 25 17 -19 19 23 21 -23 -24 -25 -26 26 -28 -29 29 -31
leaf_value=-0.0001730788761198301 -9.2749734368318681e-05 -0.00039345988285025447 5.0731624381372823e-05 0.0011823088501660094 0.0014016505314224479 -0.00080114386598947212 -0.00010495127675082766 0.001637911449652165 -0.0010355483640376779 6.9780523800874785e-05 0.00052591191138273599 -9.0809272043620572e-05 0.00018824564991518853 -1.5183363862433985e-05 0.00033988415848720279 9.3241422286722555e-05 -0.00022340222914975165 7.8247796901435382e-05 -0.00054840311770721403 0.00017355860728542996 0.000236697505609217 0.0018664117233479867 0.00063080130853199992 -0.00026556769350850906 0.0011694814567454158 -0.00045659172055109037 0.0010961765495382926 -9.5245584657524854e-05 0.00032196273554495108 0.0013757948681525016
leaf_weight=6398 944 181 6937 48 46 76 12585 69 151 6477 410 109 54 17697 2576 4385 1723 1241 78 2461 55 83 80 317 49 46 99 239 107 107
leaf_count=6398 944 181 6937 48 46 76 12585 69 151 6477 410 109 54 17697 2576 4385 1723 1241 78 2461 55 83 80 317 49 46 99 239 107 107
internal_value=3.13179e-13 0.000102886 -5.22289e-05 5.86251e-05 5.96307e-05 7.84551e-05 -7.35243e-05 0.000170372 -0.000203445 2.32799e-05 0.00018351 0.000706706 -0.000713183 -5.24903e-05 0.000226871 0.000161488 1.73871e-05 -9.71041e-05 0.000137433 0.000168693 0.000593308 0.00121689 4.86624e-05 0.00012345 0.00030004 0.000131503 0.000412065 0.000276339 0.000617911 0.000848879
internal_weight=65828 22165 43663 16334 6983 15185 36680 5696 1149 9489 5620 227 205 30282 5831 5393 9441 2964 3255 3074 296 138 158 2778 158 4983 598 499 260 214
internal_count=65828 22165 43663 16334 6983 15185 36680 5696 1149 9489 5620 227 205 30282 5831 5393 9441 2964 3255 3074 296 138 158 2778 158 4983 598 499 260 214
is_linear=0
shrinkage=0.03


Tree=109
num_leaves=31
num_cat=0
split_feature=34 66 21 21 47 26 47 61 34 32 57 11 57 61 70 10 47 11 67 71 34 9 26 38 70 10 7 32 58 27
split_gain=0.372314 0.16041 0.114333 0.074331 0.0675108 0.0671185 0.0861182 0.0657275 0.112834 0.0834438 0.074149 0.0774219 0.071772 0.0677476 0.0791747 0.0701057 0.0795605 0.0725018 0.0691264 0.0721094 0.06852 0.0759309 0.0650671 0.0645398 0.0628181 0.0614509 0.0596683 0.0688951 0.0580576 0.0628619
threshold=2.7512886524200444 3.0015855953097348 0.115 1.3350000000000002 -0.045554328709840768 29.500000000000004 0.021947017870843414 28.833333333333339 9.2784748077392596 6.193711757659913 0.049043366685509689 0.65695333492302621 0.10153882578015329 29.500000000000004 50.500000000000007 0.66807909604519777 0.31446288526058203 0.68705807607805314 -0.104125687283021 12.500000000000002 9.4073505401611346 0.90953160295236668 2.5000000000000004 0.2042532563209534 36.500000000000007 0.67759856630824389 0.97416666666666674 9.2305712699890154 40.500000000000007 12.500000000000002
decision_type=10 8 2 2 8 2 10 10 10 10 8 10 8 10 10 10 10 10 10 10 10 10 2 8 8 10 10 10 10 10
left_child=3 22 4 5 -3 6 -1 8 -6 23 11 -11 -12 -14 15 16 17 -15 -18 24 25 -22 -2 -9 -20 -17 -16 -28 -24 -30
right_child=1 2 -4 -5 7 -7 -8 9 -10 10 12 -13 13 14 26 20 18 -19 19 -21 21 -23 28 -25 -26 -27 27 -29 29 -31
leaf_value=-8.8991577085264153e-05 -0.00025559322231038096 -0.00085702665565678699 0.00036221540091276174 0.0012174675291316817 0.00023824564949447805 -0.00013518860416153033 4.1777852928971622e-05 3.005570910688155e-05 0.0016424453071371282 8.182811168288545e-05 -0.0005739277523442557 0.0016092524440318812 -0.00053199376887711142 0.00016786909102094075 3.3311736298567994e-05 -0.00064000848808343734 0.0016900461591683538 0.0010425716887919171 -0.00035055682288067465 0.001612212739031141 -0.001408136761527649 0.00011152143353846535 6.0103201548113381e-05 -0.00037776286634348146 0.0005840929151811504 0.00022224768391730537 1.7329954526162353e-06 0.0014703643053010302 -6.9860528350052266e-05 0.00054979096777969967
leaf_weight=13061 820 65 1778 40 1822 11257 6941 5485 53 56 123 64 126 1028 2994 78 53 93 74 54 53 67 10795 373 516 1606 58 57 6087 151
leaf_count=13061 820 65 1778 40 1822 11257 6941 5485 53 56 123 64 126 1028 2994 78 53 93 74 54 53 67 10795 373 516 1606 58 57 6087 151
internal_value=3.61712e-13 6.79272e-05 0.000134832 -7.49372e-05 0.000107695 -7.6591e-05 -4.36126e-05 0.000111922 0.000277938 8.79e-05 0.00015705 0.000896454 0.000144339 0.000157223 0.000170124 0.00026545 0.000396926 0.000240436 0.000648612 0.000562904 0.000132954 -0.000559661 5.43354e-06 4.08843e-06 0.000466866 0.000182309 5.90694e-05 0.000729663 1.79999e-05 -5.48609e-05
internal_weight=65828 34529 16676 31299 14898 31259 20002 14833 1875 12958 7100 120 6980 6857 6731 3622 1818 1121 697 644 1804 120 17853 5858 590 1684 3109 115 17033 6238
internal_count=65828 34529 16676 31299 14898 31259 20002 14833 1875 12958 7100 120 6980 6857 6731 3622 1818 1121 697 644 1804 120 17853 5858 590 1684 3109 115 17033 6238
is_linear=0
shrinkage=0.03


Tree=110
num_leaves=31
num_cat=0
split_feature=6 41 1 39 62 38 12 17 42 35 47 14 34 21 5 15 65 55 60 21 43 5 67 13 8 78 65 7 35 66
split_gain=0.355136 0.13648 0.106748 0.0899189 0.117956 0.0801288 0.0719811 0.072888 0.0684361 0.0738993 0.068239 0.0632728 0.0623245 0.0733126 0.0605246 0.0674755 0.0686235 0.0672897 0.066941 0.0653821 0.0613753 0.0592452 0.0571907 0.0559859 0.058117 0.0559625 0.0631734 0.06148 0.0588051 0.0558585
threshold=0.69500000000000006 0.066919423639774336 1.5000000000000002 0.33747339248657232 31.450000000000003 0.12392018362879755 0.53852427822021265 4.5000000000000009 0.16609049588441852 0.19264507293701175 -0.045554328709840768 -0.69499999999999984 2.4007300138473515 0.075000000000000025 1.0000000180025095e-35 0.088892085411072783 36.791666666666679 0.30962121486663824 30.100000000000005 0.54500000000000015 0.48006622493267065 1.0000000180025095e-35 0.040107522329440433 -1.0000000180025095e-35 0.60900000000000021 1918.2500000000002 38.916666666666679 0.93833333333333346 0.13079115748405459 3.1780642196536069
decision_type=10 8 8 8 8 10 10 2 10 10 8 8 10 2 2 8 10 10 10 2 10 2 8 10 10 2 10 10 10 8
left_child=1 5 3 11 -5 -1 7 8 9 -4 -2 -3 -9 23 17 -16 29 19 -19 -12 -21 -13 -6 -14 -25 26 28 -28 -20 -17
right_child=10 2 6 4 22 -7 -8 12 -10 -11 14 21 13 -15 15 16 -18 18 25 20 -22 -23 -24 24 -26 -27 27 -29 -30 -31
leaf_value=-8.6918704514067104e-05 -0.00083463856110671151 0.00086936541371336531 -0.00013370862605678867 0.0019900167358573527 -0.00036344990581123815 -0.00070217972235241176 -0.00030554572854897809 -0.00010230009445039529 -0.00072538233046395546 0.00078318197780323246 0.00010362992853071065 7.5879611214801234e-05 0.00041499467609950604 0.00046276767964837534 0.0001209698746184251 -0.00045672353924601337 -0.00070528289932596689 0.0015131989434982339 0.0010023125841432962 0.00030193761655041815 0.0012089534567901864 -0.00019095148366040071 0.0010603484593678352 5.2668768440209933e-05 -0.00037195862849663107 0.0012002802095719474 0.00042585185011407233 0.0016754757644602937 -7.6182350217672025e-05 0.00054361298615924277
leaf_weight=24510 68 87 3396 50 62 192 952 2296 172 81 15283 10746 347 429 522 102 255 45 51 641 75 805 43 3417 317 61 261 41 422 99
leaf_count=24510 68 87 3396 50 62 192 952 2296 172 81 15283 10746 347 429 522 102 255 45 51 641 75 805 43 3417 317 61 261 41 422 99
internal_value=4.66583e-13 -4.26263e-05 9.62538e-06 7.29147e-05 0.000790722 -9.17009e-05 -5.58056e-05 -3.3065e-05 -0.000141245 -0.000112349 0.000113906 6.33546e-05 2.4935e-05 8.97093e-05 0.000117518 -0.000111931 -0.000378542 0.000130812 0.000386063 0.000116757 0.000396946 5.72839e-05 0.000219629 5.04929e-05 1.66198e-05 0.000325392 0.00025653 0.000595503 4.01036e-05 3.59795e-05
internal_weight=65828 47902 23200 11793 155 24702 11407 10455 3649 3477 17926 11638 6806 4510 17858 978 456 16880 881 15999 716 11551 105 4081 3734 836 775 302 473 201
internal_count=65828 47902 23200 11793 155 24702 11407 10455 3649 3477 17926 11638 6806 4510 17858 978 456 16880 881 15999 716 11551 105 4081 3734 836 775 302 473 201
is_linear=0
shrinkage=0.03


Tree=111
num_leaves=31
num_cat=0
split_feature=34 6 47 14 26 39 1 39 1 17 20 6 34 62 67 5 12 59 6 70 5 61 51 57 10 54 57 21 10 25
split_gain=0.339323 0.141912 0.0923438 0.0923097 0.0874465 0.0867771 0.0854064 0.0899212 0.077677 0.0755351 0.064902 0.0643184 0.0627832 0.0622659 0.0607603 0.0582432 0.0582612 0.0563876 0.067972 0.0582643 0.0556412 0.058025 0.0888608 0.0753328 0.0677074 0.0682414 0.0580848 0.0639123 0.069997 0.0698146
threshold=5.4378511905670175 0.19500000000000003 0.026252934709191326 -0.74499999999999988 24.500000000000004 0.2290642857551575 2.5000000000000004 0.056231444701552398 1.5000000000000002 1.0000000180025095e-35 1.5000000000000002 0.56500000000000006 1.4556258916854861 42.63333333333334 1.0000000180025095e-35 1.0000000180025095e-35 0.46003509967783973 44.166666666666679 0.95500000000000007 48.500000000000007 1.0000000180025095e-35 28.166666666666668 0.72855773568153392 0.14431726187467578 0.46583125778331264 0.037749288603663451 0.05564574338495732 0.79500000000000015 0.80086206896551737 1.0000000180025095e-35
decision_type=10 8 10 8 2 10 8 8 10 2 2 8 8 10 10 2 10 10 10 8 2 8 10 10 8 8 8 2 8 2
left_child=1 -1 6 -2 5 9 12 -8 20 -4 13 -12 -3 -11 -7 16 -14 19 -19 -6 21 22 23 -5 25 -23 -26 29 -29 -28
right_child=3 2 4 8 17 14 7 -9 -10 10 11 -13 15 -15 -16 -17 -18 18 -20 -21 -22 24 -24 -25 26 -27 27 28 -30 -31
leaf_value=-0.00011552998743778183 0.0013962664531516986 -0.00012166018594274542 -0.00021384021890839987 0.00039273811142599696 0.00014216799152090212 0.00131553052047578 -6.1409652076752127e-05 -0.0004006620905584746 -8.9100573275870362e-05 0.00013193564899454885 1.7782312463082016e-05 0.0012826348858104798 7.8224323297146787e-05 -0.00021156430909614706 1.1196027425467036e-05 -0.00032064493676024997 -8.7007880674698412e-05 -0.00024058093592855105 0.00077576801823470891 -2.7844049847596479e-05 -7.1393964550705216e-05 0.00065442949833976484 0.001343814436166059 -0.00077001268897826467 0.000638020416922777 -0.00024937252038571963 0.00014276258816504848 0.00030442217563125433 0.001728613931190921 0.00089305785622018129
leaf_weight=14171 52 4309 652 703 2304 90 1658 1221 1315 7511 63 85 6765 507 50 443 2682 1322 62 8534 913 86 83 54 236 598 9110 88 48 113
leaf_count=14171 52 4309 652 703 2304 90 1658 1221 1315 7511 63 85 6765 507 50 443 2682 1322 62 8534 913 86 83 54 236 598 9110 88 48 113
internal_value=2.89039e-13 -3.44329e-05 -4.394e-06 0.000134733 3.74583e-05 0.000108661 -5.62989e-05 -0.000205289 0.000129818 9.68957e-05 0.000121706 0.000744218 -2.60897e-05 0.000110215 0.000849697 1.55497e-05 3.1315e-05 -1.47289e-05 -0.000195051 8.29802e-06 0.000153744 0.00017223 0.000411965 0.000309794 0.000152639 -0.000135737 0.000173196 0.000161475 0.000807078 0.000151955
internal_weight=65828 52429 38258 13399 21180 8958 17078 2879 13347 8818 8166 148 14199 8018 140 9890 9447 12222 1384 10838 12032 11119 840 757 10279 684 9595 9359 136 9223
internal_count=65828 52429 38258 13399 21180 8958 17078 2879 13347 8818 8166 148 14199 8018 140 9890 9447 12222 1384 10838 12032 11119 840 757 10279 684 9595 9359 136 9223
is_linear=0
shrinkage=0.03


Tree=112
num_leaves=31
num_cat=0
split_feature=34 6 47 14 26 39 1 39 6 17 39 20 6 34 55 62 67 46 55 67 5 61 35 29 64 33 12 10 12 67
split_gain=0.319269 0.133525 0.0868862 0.0868542 0.0822785 0.0816486 0.0803589 0.0846068 0.0750887 0.0710709 0.0663873 0.0610663 0.0605172 0.0590727 0.0590679 0.058586 0.0571694 0.0565449 0.0676818 0.0740727 0.054801 0.0566861 0.0806982 0.0717118 0.0609452 0.0569364 0.0535296 0.0533998 0.0607317 0.0587634
threshold=5.4378511905670175 0.19500000000000003 0.026252934709191326 -0.74499999999999988 24.500000000000004 0.2290642857551575 2.5000000000000004 0.056231444701552398 0.85500000000000009 1.0000000180025095e-35 0.11559559032320978 1.5000000000000002 0.56500000000000006 1.4556258916854861 0.30962121486663824 42.63333333333334 1.0000000180025095e-35 0.15085335820913318 0.22869047522544864 0.080033923932021425 1.0000000180025095e-35 31.416666666666668 0.13079115748405459 6.2249999046325692 4.5833333333333348 3.4641026258468632 0.55642880981810816 0.53105709876543228 0.29630125260073192 0.15702265123221015
decision_type=10 8 10 8 2 10 8 8 8 2 10 2 8 8 10 10 10 10 10 10 2 10 10 8 10 10 8 8 8 10
left_child=1 -1 6 -2 5 9 13 -8 -5 -4 -10 15 -13 -3 17 27 -7 -12 26 -20 21 22 23 -15 25 -24 -19 29 -29 -11
right_child=3 2 4 8 -6 16 7 -9 10 11 14 12 -14 20 -16 -17 -18 18 19 -21 -22 -23 24 -25 -26 -27 -28 28 -30 -31
leaf_value=-0.00011206408768660703 0.0013543784306295071 -0.00011801037992371327 -0.00020742501179372356 5.707970564901831e-05 -1.4287019414016197e-05 0.0012760645982537731 -5.9567363642568132e-05 -0.00038864222876204498 0.00073203679640086825 1.0101996236270084e-05 -0.00015932209617741859 1.7248848785779307e-05 0.0012441558316486942 0.00022509825838263405 0.0005197003490030502 -0.00020521737973532258 1.0860137664712965e-05 0.0011122553026840342 -0.00043375550603917055 0.00055994564251953059 -0.00031102558676939553 -1.3469025213406413e-05 -0.0002680614958647877 0.0015092539946199395 -0.0011572179294248321 0.00036331259419891942 0.00020320886570463287 0.0012908210821915417 0.00018310294500014561 0.00083907620812607097
leaf_weight=14171 52 4309 652 6894 12222 90 1658 1221 204 2981 468 63 85 1816 434 507 50 59 290 88 443 6967 381 40 49 194 4910 45 4406 79
leaf_count=14171 52 4309 652 6894 12222 90 1658 1221 204 2981 468 63 85 1816 434 507 50 59 290 88 443 6967 381 40 49 194 4910 45 4406 79
internal_value=3.92648e-14 -3.33999e-05 -4.26218e-06 0.000130691 3.63346e-05 0.000105401 -5.46099e-05 -0.00019913 0.000125923 9.39888e-05 0.000199471 0.000118055 0.000721891 -2.5307e-05 0.000182085 0.000106909 0.000824206 0.000156888 0.000184564 -0.000202418 1.50832e-05 3.03755e-05 0.000153547 0.000252774 -0.00014159 -5.50414e-05 0.000214003 0.000127978 0.000194302 3.15036e-05
internal_weight=65828 52429 38258 13399 21180 8958 17078 2879 13347 8818 6453 8166 148 14199 6249 8018 140 5815 5347 378 9890 9447 2480 1856 624 575 4969 7511 4451 3060
internal_count=65828 52429 38258 13399 21180 8958 17078 2879 13347 8818 6453 8166 148 14199 6249 8018 140 5815 5347 378 9890 9447 2480 1856 624 575 4969 7511 4451 3060
is_linear=0
shrinkage=0.03


Tree=113
num_leaves=31
num_cat=0
split_feature=34 66 21 21 61 34 32 70 61 57 7 12 57 14 57 68 33 31 47 30 38 27 27 35 67 71 29 33 63 47
split_gain=0.302561 0.132173 0.0974771 0.071129 0.0646486 0.103701 0.0832095 0.0689889 0.0949424 0.0792787 0.0728152 0.0709318 0.0934224 0.0843449 0.0775818 0.0685332 0.0633456 0.0624395 0.0621603 0.0677268 0.0612332 0.0586182 0.0666198 0.0576696 0.0747221 0.0603051 0.0596738 0.0595869 0.0574826 0.0775952
threshold=2.7512886524200444 3.0015855953097348 0.115 0.77500000000000013 28.833333333333339 9.2784748077392596 6.193711757659913 49.500000000000007 29.500000000000004 0.047673160210251815 0.97416666666666674 0.55901650257133062 0.16662157326936725 -0.18499999999999991 0.17634424567222598 1.0000000180025095e-35 0.29285715520381933 2.4049711227416997 0.31446288526058203 8.6458334922790545 0.2042532563209534 2.5489544868469243 9.5000000000000018 0.27622890472412115 -0.14617062536788675 11.500000000000002 6.4500000476837167 5.7596154212951669 0.60381399015849724 0.40971358120441442
decision_type=8 8 2 2 10 10 10 10 10 8 10 10 10 8 10 2 10 10 10 10 10 10 10 8 8 8 10 10 10 10
left_child=3 -2 4 16 5 21 20 8 -8 -10 -9 12 18 14 -13 -12 17 -1 19 -11 -6 -3 23 -23 25 -25 27 -26 29 -15
right_child=1 2 -4 -5 6 -7 7 10 9 11 15 13 -14 28 -16 -17 -18 -19 -20 -21 -22 22 -24 24 26 -27 -28 -29 -30 -31
leaf_value=-0.00012782583588850159 3.5051692580679117e-06 0.00054339736356063834 0.00032678977124091674 0.0002664098143433613 1.4029591108804012e-05 0.0015667419421996147 -0.00090608910524035593 1.6426158891472948e-05 0.001323065684009038 0.00032231403870035236 0.00020052961472498431 0.00038908331776187332 0.0014227551788193338 0.00031256323805000437 0.0018696980585033694 0.0016789741952063352 -5.0201196029206061e-05 -0.00047491884005254603 0.0006294290257363907 -0.00044350577862257886 -0.00040301297758636414 0.00017740932841037467 0.00082642733727824745 -0.0017881758563841382 -6.2497517930627878e-05 -0.00026707566402643461 -0.00049104565680450332 0.0014264476730874397 -8.4636489242886066e-05 -0.0003265076913783559
leaf_weight=6765 17853 399 1836 561 5852 53 65 3239 61 503 73 109 79 1179 45 46 23104 501 436 131 335 1058 115 45 59 49 99 41 937 200
leaf_count=6765 17853 399 1836 561 5852 53 65 3239 61 503 73 109 79 1179 45 46 23104 501 436 131 335 1058 115 45 59 49 99 41 937 200
internal_value=-2.24914e-13 6.05516e-05 0.000120306 -6.83156e-05 9.53778e-05 0.000258196 7.188e-05 0.000141939 0.000230472 0.000250547 4.3203e-05 0.000232469 0.000427201 0.000141884 0.00082173 0.000772029 -7.44987e-05 -0.000151758 0.000353697 0.000164077 -8.55151e-06 0.000221009 0.000133265 7.4262e-05 -0.000298195 -0.000995262 3.10728e-05 0.00054797 9.66779e-05 0.000219877
internal_weight=65828 34897 17044 30931 15208 1918 13290 7103 3745 3680 3358 3619 1149 2470 154 119 30370 7266 1070 634 6187 1865 1466 1351 293 94 199 100 2316 1379
internal_count=65828 34897 17044 30931 15208 1918 13290 7103 3745 3680 3358 3619 1149 2470 154 119 30370 7266 1070 634 6187 1865 1466 1351 293 94 199 100 2316 1379
is_linear=0
shrinkage=0.03


Tree=114
num_leaves=31
num_cat=0
split_feature=6 41 1 30 38 12 17 42 35 47 34 21 5 15 78 65 66 55 60 21 43 61 45 14 13 8 21 26 31 15
split_gain=0.290464 0.113105 0.0936564 0.0828239 0.0767711 0.0693392 0.0660593 0.0660427 0.068221 0.0629826 0.0549275 0.0682259 0.0549024 0.0634263 0.0682168 0.0686497 0.0657608 0.0593369 0.0609699 0.0563534 0.0566539 0.0553939 0.0541146 0.0539968 0.0534386 0.0548657 0.0526815 0.0569391 0.0563224 0.0541631
threshold=0.69500000000000006 0.066919423639774336 1.5000000000000002 11.437500000000002 0.12392018362879755 0.53852427822021265 4.5000000000000009 0.16609049588441852 0.19264507293701175 -0.045554328709840768 2.4007300138473515 0.075000000000000025 1.0000000180025095e-35 0.088892085411072783 1605.5000000000002 36.791666666666679 3.1780642196536069 0.30962121486663824 30.100000000000005 0.54500000000000015 0.48006622493267065 50.166666666666679 0.21814522892236712 -0.69499999999999984 -1.0000000180025095e-35 0.60900000000000021 0.43500000000000011 8.5000000000000018 2.187690377235413 0.14896435602034352
decision_type=10 8 8 8 10 10 2 10 10 8 10 2 2 8 2 10 8 10 10 2 10 10 8 8 10 10 2 2 10 8
left_child=1 4 3 23 26 6 7 8 -4 -2 -8 24 17 -14 15 16 -15 19 -19 21 -21 -11 -7 -3 -12 -26 27 -1 -28 -30
right_child=9 2 5 -5 -6 22 10 -9 -10 12 11 -13 13 14 -16 -17 -18 18 -20 20 -22 -23 -24 -25 25 -27 28 -29 29 -31
leaf_value=-8.6037832046680263e-06 -0.00080826600261977601 0.00080536313627942884 -0.00012507539245812586 0.00090710625491504152 -0.00068077639170951445 -0.00040921260543194985 -9.4181164473009158e-05 -0.00070677083552318223 0.00075588506420091203 9.8204793582866749e-05 0.00040435559543845057 0.00044595785983642756 0.00011375620531824139 -0.00062993532242641476 0.00068697192385431605 -0.00084307799597521996 0.00052011063187860549 0.0014345310594265658 0.00030093682728731533 0.00027479087286786107 0.0011462217535736271 -0.00064015707343692747 0.00016009303941459888 5.5179065930936405e-05 5.0175193564835133e-05 -0.00036240329617988435 3.8302065133883964e-05 -0.00011640016716550177 0.0011374429405008539 -6.5309280148622664e-05
leaf_weight=5919 68 87 3396 105 192 765 2296 172 81 15191 347 429 522 90 49 228 89 45 836 641 75 92 187 11601 3417 317 1150 17299 87 55
leaf_count=5919 68 87 3396 105 192 765 2296 172 81 15191 347 429 522 90 49 228 89 45 836 641 75 92 187 11601 3417 317 1150 17299 87 55
internal_value=2.51983e-13 -3.85502e-05 9.01703e-06 6.82986e-05 -8.32252e-05 -5.22705e-05 -2.99512e-05 -0.000132939 -0.000104553 0.000103014 2.52651e-05 8.60741e-05 0.000106484 -0.000112049 -0.000370536 -0.000497853 -5.81248e-05 0.000119146 0.000358839 0.000105947 0.000366072 9.376e-05 -0.000297385 6.07631e-05 4.82426e-05 1.51491e-05 -7.85442e-05 -8.89195e-05 0.000107905 0.000671588
internal_weight=65828 47902 23200 11793 24702 11407 10455 3649 3477 17926 6806 4510 17858 978 456 407 179 16880 881 15999 716 15283 952 11688 4081 3734 24510 23218 1292 142
internal_count=65828 47902 23200 11793 24702 11407 10455 3649 3477 17926 6806 4510 17858 978 456 407 179 16880 881 15999 716 15283 952 11688 4081 3734 24510 23218 1292 142
is_linear=0
shrinkage=0.03


Tree=115
num_leaves=31
num_cat=0
split_feature=34 6 14 47 26 39 1 39 1 17 44 20 6 62 78 67 59 6 70 66 67 30 43 5 10 61 51 57 10 54
split_gain=0.274596 0.117581 0.079618 0.0764909 0.0788365 0.0755451 0.0742786 0.0803644 0.0692952 0.0655724 0.0562829 0.0561226 0.056489 0.054979 0.0547779 0.0537884 0.0527232 0.0633579 0.054456 0.0525884 0.0671927 0.0510227 0.055184 0.0506603 0.0566186 0.0532612 0.0813955 0.0704177 0.061455 0.0643702
threshold=5.4378511905670175 0.19500000000000003 -0.74499999999999988 0.026252934709191326 24.500000000000004 0.2290642857551575 2.5000000000000004 0.056231444701552398 1.5000000000000002 1.0000000180025095e-35 -0.0080873435363173467 1.5000000000000002 0.56500000000000006 42.63333333333334 1593.2 1.0000000180025095e-35 44.166666666666679 0.95500000000000007 48.500000000000007 3.8622472062706952 -0.05861607280995864 5.3541667461395273 0.1445930749177933 1.0000000180025095e-35 0.77514044943820237 28.166666666666668 0.72855773568153392 0.14431726187467578 0.46583125778331264 0.037749288603663451
decision_type=10 8 8 10 2 10 8 8 10 2 10 2 8 10 2 10 10 10 8 10 10 10 10 2 10 8 10 10 8 8
left_child=1 -1 -2 6 5 9 10 -8 23 -5 14 13 -13 -11 -3 -7 18 -18 -6 20 21 -10 -23 25 -25 26 27 -4 29 -27
right_child=2 3 8 4 16 15 7 -9 19 11 -12 12 -14 -15 -16 -17 17 -19 -20 -21 -22 22 -24 24 -26 28 -28 -29 -30 -31
leaf_value=-0.00010479352043803078 0.0012928069387383471 4.8890567531407728e-05 0.00036896689158523514 -0.00019843186039516286 0.00013659411854585339 0.0012317752811674533 -5.3798897179489306e-05 -0.00037451720040952138 -1.6713931019144501e-05 0.00012392834399295962 -5.5091734387192617e-05 1.2294884238924299e-05 0.0011976656595738056 -0.00019884655899960637 0.00048379408730982827 4.552298836642876e-06 -0.00023341485840144621 0.00074783198516665693 -2.776784077135312e-05 -0.00052655447149467115 -0.00013859440293826711 -1.2325765465960857e-05 0.0012608968095049601 -0.00015983236068859696 0.00058691771255802697 0.00063079540820813978 0.0012784075710350221 -0.00075521210027444695 0.00015769171407789437 -0.00024699736797397979
leaf_weight=14171 52 2941 703 652 2304 90 1658 1221 129 7511 10972 63 85 507 286 50 1322 62 8534 209 842 47 88 810 103 86 83 54 9595 598
leaf_count=14171 52 2941 703 652 2304 90 1658 1221 129 7511 10972 63 85 507 286 50 1322 62 8534 209 842 47 88 810 103 86 83 54 9595 598
internal_value=-9.9588e-14 -3.09752e-05 0.000121203 -3.6324e-06 3.44584e-05 0.000102065 -5.08724e-05 -0.000189817 0.000116638 9.10875e-05 -2.26998e-05 0.000114204 0.000693082 0.000103518 8.74349e-05 0.000793481 -1.5093e-05 -0.000189457 7.1731e-06 -9.01315e-05 -7.66092e-06 0.000409938 0.000817627 0.000139237 -7.55878e-05 0.000156876 0.00038656 0.000288774 0.000138106 -0.000136632
internal_weight=65828 52429 13399 38258 21180 8958 17078 2879 13347 8818 14199 8166 148 8018 3227 140 12222 1384 10838 1315 1106 264 135 12032 913 11119 840 757 10279 684
internal_count=65828 52429 13399 38258 21180 8958 17078 2879 13347 8818 14199 8166 148 8018 3227 140 12222 1384 10838 1315 1106 264 135 12032 913 11119 840 757 10279 684
is_linear=0
shrinkage=0.03


Tree=116
num_leaves=31
num_cat=0
split_feature=30 47 1 36 33 7 20 64 14 41 21 26 65 38 34 26 6 44 66 10 55 66 15 12 41 27 71 45 6 37
split_gain=0.260179 0.108906 0.0823525 0.0837535 0.0732404 0.0907902 0.0800255 0.0695038 0.068721 0.0680536 0.0677835 0.0643752 0.066455 0.0637947 0.0773327 0.0697395 0.063517 0.061564 0.0587116 0.0799279 0.0631913 0.0586567 0.0680995 0.0581584 0.0564889 0.0698759 0.0652945 0.0731311 0.055544 0.0561923
threshold=5.3875000476837167 0.026252934709191326 1.5000000000000002 0.23762234300374988 5.095454454421998 0.55166666666666686 1.5000000000000002 3.8333333333333335 0.32500000000000012 0.15360248088836673 0.93500000000000016 52.500000000000007 32.750000000000007 0.13926273584365848 7.6092257499694833 5.5000000000000009 0.48500000000000004 0.33807893097400671 0.66349207423627388 0.27408307556341144 0.18587301671504977 3.4714372232556348 -0.032512147399174678 0.40106664732775699 0.18657296150922778 5.5000000000000009 2.5000000000000004 0.38267217576503759 0.30500000000000005 0.19382620602846148
decision_type=10 8 8 8 8 10 2 10 10 10 2 2 8 10 10 2 10 10 10 8 10 10 10 8 10 10 10 10 8 10
left_child=1 8 3 11 6 -6 -4 -5 -1 -7 13 12 -3 14 -2 16 -15 28 23 -20 -21 22 -18 -17 -22 -26 -27 -28 -14 -30
right_child=10 2 4 7 5 9 -8 -9 -10 -11 -12 -13 17 15 -16 18 21 -19 19 20 24 -23 -24 -25 25 26 27 -29 29 -31
leaf_value=-8.6881475633149982e-05 0.00027078892616159858 0.00034655580714100645 -1.3972443257885472e-05 0.00093355925765853105 -8.1472172458762083e-05 -0.00067773605173224259 0.00052836557158268986 -0.00022849055129059014 0.000215828754664851 -2.9567640084563427e-05 0.00093292362506811814 -3.8936222319186485e-05 -0.00010114988598782427 -0.0011474438680505209 0.0012467522990380869 0.0013183326295523041 0.00062544024497037754 -0.0005036066525459567 -0.00063271722699900399 9.2786181628884298e-05 -0.00071999460585604269 -0.00076233308071250766 -0.00039170688176408213 0.00018331115888263006 0.00078766090919786731 -0.00072336119592842393 -0.00027658368276707753 0.0011628584158507749 0.00014420678109433146 -0.00057370598176494244
leaf_weight=23407 486 931 11927 175 2522 462 250 63 695 213 90 4057 1126 66 86 41 120 161 147 8245 159 94 117 4502 73 137 98 47 5231 100
leaf_count=23407 486 931 11927 175 2522 462 250 63 695 213 90 4057 1126 66 86 41 120 161 147 8245 159 94 117 4502 73 137 98 47 5231 100
internal_value=-3.57433e-15 -3.17112e-05 9.41341e-06 6.88667e-05 -3.63889e-05 -0.00016418 -2.83797e-06 0.000625958 -7.81526e-05 -0.000473203 0.000112174 5.74426e-05 0.000109239 0.000107051 0.000417525 9.42245e-05 -0.000297651 7.58537e-05 0.000105792 6.10242e-05 7.26671e-05 -0.000128206 0.000123304 0.000193555 -0.000250061 -3.95834e-05 -0.000253728 0.000189994 9.0302e-05 0.00013074
internal_weight=65828 51320 27218 11844 15374 3197 12177 238 24102 675 14508 11606 7549 14418 572 13846 397 6618 13449 8906 8759 331 237 4543 514 355 282 145 6457 5331
internal_count=65828 51320 27218 11844 15374 3197 12177 238 24102 675 14508 11606 7549 14418 572 13846 397 6618 13449 8906 8759 331 237 4543 514 355 282 145 6457 5331
is_linear=0
shrinkage=0.03


Tree=117
num_leaves=31
num_cat=0
split_feature=34 66 21 21 17 26 47 61 34 32 57 57 57 57 56 38 55 39 40 32 26 14 44 78 30 12 70 61 38 27
split_gain=0.247478 0.112216 0.0886101 0.0682732 0.062868 0.0667814 0.0600345 0.0582596 0.0954894 0.0709619 0.0650768 0.0964333 0.0629234 0.0836792 0.0613965 0.0593942 0.0584484 0.0595225 0.0839086 0.0881066 0.0739207 0.0714326 0.0708371 0.0582611 0.0577642 0.0590773 0.0572692 0.0578016 0.0571027 0.0566335
threshold=2.7512886524200444 3.0015855953097348 0.115 1.3050000000000004 1.0000000180025095e-35 29.500000000000004 0.034903753548860557 28.833333333333339 9.2784748077392596 6.193711757659913 0.063832554966211333 0.10003968328237535 0.1166767254471779 0.16008007526397708 0.11111176386475564 0.2042532563209534 0.15014880895614627 0.31493604183197027 0.29638245701789862 10.547384262084963 17.500000000000004 -0.020000000000000004 0.3603376597166062 337.25000000000006 8.7750000953674334 0.7238744533223207 49.500000000000007 29.500000000000004 0.31714767217636114 2.5489544868469243
decision_type=8 8 2 2 2 2 10 10 10 10 8 8 8 8 10 10 8 10 8 10 2 8 10 2 10 10 10 10 8 10
left_child=3 -2 7 4 -1 6 -6 8 29 15 23 -12 -13 14 -14 -9 -15 18 26 24 -19 -22 -21 -11 -20 -26 27 -18 -4 -3
right_child=1 2 28 -5 5 -7 -8 9 -10 10 11 12 13 16 -16 -17 17 20 19 22 21 -23 -24 -25 25 -27 -28 -29 -30 -31
leaf_value=-0.00025679579496403203 2.1994599021758096e-06 0.00052181697414690781 0.00035229850790191998 0.0011768277634691914 -5.3129121168950076e-05 -0.00011312284308251136 6.6739859149633841e-05 1.171055247210344e-05 0.0014962894850773494 0.0013146622881098525 -0.00081414652023478545 0.0010049677666672185 -0.0011780058118826921 0.00070842645347875071 -0.0001424576348954554 -0.0003990218220252557 -0.00090221713607024857 0.0011049470042344184 0.00018393129609259112 0.00092563342585760561 -0.00066464820011585997 1.4484873207469066e-05 -0.0006980714525745593 9.3375904725689907e-05 0.0021332954542594962 0.00076553007836789924 3.4896992891004684e-05 0.00024656358985436944 -0.00030704702070536544 0.00011868807267888636
leaf_weight=1442 17853 399 1709 40 13382 10837 5230 5852 53 78 99 73 66 160 235 335 40 40 42 42 216 393 57 64 60 54 2669 2715 127 1466
leaf_count=1442 17853 399 1709 40 13382 10837 5230 5852 53 78 99 73 66 160 235 335 40 40 42 42 216 393 57 64 60 54 2669 2715 127 1466
internal_value=2.27844e-13 5.4763e-05 0.000109821 -6.17847e-05 -6.33886e-05 -5.39182e-05 -1.94458e-05 8.60542e-05 0.000240618 6.37478e-05 0.000128446 0.000115476 0.000128888 0.000119468 -0.000369521 -1.05289e-05 0.000142154 0.000127836 0.00015894 0.000690776 -0.000144335 -0.00022639 -9.22696e-06 0.000764223 0.00113501 0.00148541 0.000133936 0.000229884 0.00030669 0.000204934
internal_weight=65828 34897 17044 30931 30891 29449 18612 15208 1918 13290 7103 6961 6862 6789 301 6187 6488 6328 5679 255 649 609 99 142 156 114 5424 2755 1836 1865
internal_count=65828 34897 17044 30931 30891 29449 18612 15208 1918 13290 7103 6961 6862 6789 301 6187 6488 6328 5679 255 649 609 99 142 156 114 5424 2755 1836 1865
is_linear=0
shrinkage=0.03


Tree=118
num_leaves=31
num_cat=0
split_feature=6 41 1 39 62 38 12 17 42 35 47 67 5 15 78 65 66 55 60 78 65 7 35 41 17 17 36 45 21 43
split_gain=0.236262 0.0939847 0.0807333 0.0764757 0.107224 0.0727545 0.0657048 0.0604009 0.0625234 0.0634908 0.0583902 0.0529971 0.0505796 0.0591842 0.064292 0.0641184 0.0615341 0.053635 0.0558322 0.0519715 0.0594454 0.0574001 0.0572607 0.0527366 0.0666458 0.0934815 0.0505367 0.0500192 0.0497034 0.0528839
threshold=0.69500000000000006 0.066919423639774336 1.5000000000000002 0.33747339248657232 31.450000000000003 0.13283015042543414 0.53852427822021265 4.5000000000000009 0.16609049588441852 0.19264507293701175 -0.045554328709840768 0.040107522329440433 1.0000000180025095e-35 0.088892085411072783 1605.5000000000002 36.791666666666679 3.1780642196536069 0.30962121486663824 30.100000000000005 1918.2500000000002 38.916666666666679 0.93833333333333346 0.13079115748405459 0.16465939581394198 11.500000000000002 32.500000000000007 0.27881787717342382 0.21814522892236712 0.54500000000000015 0.48006622493267065
decision_type=10 8 8 8 8 10 10 2 10 10 8 8 2 8 2 10 8 10 10 2 10 10 10 10 2 2 10 8 2 10
left_child=1 5 3 -3 -5 -1 7 8 9 -4 -2 -6 17 -14 15 16 -15 28 -19 20 22 -22 -20 -24 -25 26 -26 -8 -12 -30
right_child=10 2 6 4 11 -7 27 -9 -10 -11 12 -13 13 14 -16 -17 -18 18 19 -21 21 -23 23 24 25 -27 -28 -29 29 -31
leaf_value=-7.1521955496477927e-05 -0.00078452143171007789 5.4816056048997093e-05 -0.00011724018192359093 0.0018690440464764833 -0.00038017512255934094 -0.00074320121722375415 -0.00039442664292850988 2.6215473174937846e-05 -0.00068339493154273307 0.00073262986175164026 8.4406908909844379e-05 0.00099042864516377441 0.00010461760049163304 -0.00061496004213646902 0.00066343706338761418 -0.00082043629001801537 0.00049751286958985214 0.0013656589870030679 0.00095406295204370764 0.0011239928443015355 0.00037941053767297841 0.0015868592155790636 -0.00086221943607753412 -0.00088052896431536735 0.00041350015561052021 -0.00017288300327010571 0.0017667530523329156 0.00015291250706619188 0.00025195571795726059 0.0010938936088699847
leaf_weight=24556 68 11638 3396 50 62 146 765 6806 172 81 15283 43 522 90 49 228 89 45 51 61 261 41 70 59 63 189 41 187 641 75
leaf_count=24556 68 11638 3396 50 62 146 765 6806 172 81 15283 43 522 90 49 228 89 45 51 61 261 41 70 59 63 189 41 187 641 75
internal_value=-1.05797e-13 -3.47678e-05 8.59273e-06 6.36326e-05 0.000725611 -7.54919e-05 -4.83096e-05 -2.65831e-05 -0.000125061 -9.74417e-05 9.29069e-05 0.00018112 9.6248e-05 -0.000113506 -0.000363199 -0.000486799 -6.18311e-05 0.000108401 0.000336287 0.000280878 0.000214517 0.000543336 4.57323e-06 -0.000110176 3.93787e-05 0.000224616 0.000946994 -0.000286914 9.5852e-05 0.000340148
internal_weight=65828 47902 23200 11793 155 24702 11407 10455 3649 3477 17926 105 17858 978 456 407 179 16880 881 836 775 302 473 422 352 293 104 952 15999 716
internal_count=65828 47902 23200 11793 155 24702 11407 10455 3649 3477 17926 105 17858 978 456 407 179 16880 881 836 775 302 473 422 352 293 104 952 15999 716
is_linear=0
shrinkage=0.03


Tree=119
num_leaves=31
num_cat=0
split_feature=34 6 14 20 43 1 26 6 39 34 38 33 63 40 41 75 7 70 15 37 44 37 26 35 70 41 12 65 26 62
split_gain=0.225178 0.0998164 0.0755456 0.0715075 0.0803601 0.0654073 0.0745438 0.0631607 0.0646855 0.0537968 0.0703574 0.0755858 0.0649236 0.0616524 0.0628309 0.07142 0.0668899 0.0736309 0.0648985 0.0629366 0.0613187 0.0605837 0.0562524 0.0529532 0.0538027 0.131073 0.0526459 0.0503511 0.0501619 0.0706987
threshold=5.4378511905670175 0.19500000000000003 -0.74499999999999988 1.0000000180025095e-35 0.52569332718849193 1.0000000180025095e-35 60.500000000000007 0.85500000000000009 0.11559559032320978 2.47285008430481 0.16135975718498233 6.3100962638854989 0.50877206125843877 0.26179258525371557 0.15607480704784396 6.5000000000000009 0.88833333333333353 64.500000000000014 -0.17677607731777015 0.18860997259616855 -0.051952742040157311 0.1610248610377312 17.500000000000004 0.13079115748405459 38.500000000000007 0.1174338571727276 0.55642880981810816 34.750000000000007 13.500000000000002 26.550000000000004
decision_type=10 8 8 2 10 10 2 8 10 8 10 10 10 10 10 2 10 8 8 10 8 10 2 10 8 10 8 10 2 10
left_child=1 -1 -2 9 5 -5 -7 28 -9 10 11 21 13 14 23 19 18 -18 -17 27 -14 22 -3 -11 25 -25 -10 -16 -4 -30
right_child=2 3 7 4 -6 6 -8 8 26 12 -12 -13 20 -15 15 16 17 -19 -20 -21 -22 -23 -24 24 -26 -27 -28 -29 29 -31
leaf_value=-9.6063605067185406e-05 0.0012510035920422523 4.5728686233851206e-06 -0.00019816569335963656 -0.00026484615855414952 0.0014160191175164427 0.00016121242165476749 -0.00013527720911467666 0.00069845905464128858 0.00092024843080434947 0.00014065864097748303 -0.0010282188519811504 0.0011401713695458773 -0.00084356671104345601 -0.00076422165856153391 0.0010197413832647726 0.0014655848141613438 0.0019531561993062496 0.00034886473194301986 0.0002678403984610281 -0.0010058990700365809 -1.5701255089721323e-05 0.0010464107687585056 -0.00011971698297566926 -0.00051326961706439818 -0.00016800779257435914 0.001462104026934192 0.00014568638931467874 -0.00044310630248704303 0.00070205769673057435 5.3175119494359657e-05
leaf_weight=14171 52 5567 702 449 41 4575 916 204 80 2510 68 47 81 72 40 43 51 52 766 63 13653 44 7968 59 1086 62 6169 45 155 6037
leaf_count=14171 52 5567 702 449 41 4575 916 204 80 2510 68 47 81 72 40 43 51 52 766 63 13653 44 7968 59 1086 62 6169 45 155 6037
internal_value=-1.00394e-13 -2.80498e-05 0.000109756 -2.85704e-06 9.24216e-05 8.32857e-05 0.000111752 0.00010531 0.000172764 -2.05124e-05 -6.56299e-05 -6.08262e-05 1.27352e-05 0.000107106 0.000120239 0.000323977 0.000423177 0.00114322 0.000331503 -0.000287309 -2.05838e-05 -6.49831e-05 -6.85961e-05 6.21373e-05 -0.000101151 0.000498905 0.000155602 0.000245293 4.21707e-05 6.94181e-05
internal_weight=65828 52429 13399 38258 5981 5940 5491 13347 6453 32277 13694 13626 18583 4849 4777 1060 912 103 809 148 13734 13579 13535 3717 1207 121 6249 85 6894 6192
internal_count=65828 52429 13399 38258 5981 5940 5491 13347 6453 32277 13694 13626 18583 4849 4777 1060 912 103 809 148 13734 13579 13535 3717 1207 121 6249 85 6894 6192
is_linear=0
shrinkage=0.03


Tree=120
num_leaves=31
num_cat=0
split_feature=41 66 42 55 17 5 31 36 20 43 43 39 10 6 61 10 65 59 45 47 26 46 37 65 8 10 77 70 65 78
split_gain=0.212041 0.0834924 0.121425 0.0924659 0.0885386 0.0778916 0.0769654 0.0955843 0.073573 0.07099 0.0652525 0.098042 0.0598907 0.0585502 0.0566586 0.066877 0.057081 0.0557521 0.0547272 0.0779203 0.0638846 0.0603358 0.0546815 0.0542036 0.0535066 0.0507003 0.0582228 0.0568249 0.0614547 0.050598
threshold=0.10375023260712625 8.1174672245979327 0.10667693987488748 0.12232230603694917 35.500000000000007 1.0000000180025095e-35 4.8100717067718515 0.13765804469585421 1.0000000180025095e-35 0.12172482535243036 0.39781975746154791 0.20687236636877063 0.54677083333333343 0.085000000000000006 27.166666666666668 0.41062030075187977 33.916666666666679 27.166666666666668 0.27701850235462194 0.25189067423343664 37.500000000000007 0.27387715876102453 0.15815875679254535 32.583333333333343 0.65633333333333355 0.68588039867109651 1167.3000000000002 49.500000000000007 34.416666666666679 1582.5500000000002
decision_type=10 8 10 10 2 2 10 10 2 10 10 10 8 8 10 8 10 10 10 10 2 10 10 10 8 10 2 8 10 2
left_child=8 3 22 4 5 12 7 -7 13 -9 11 -10 -2 -1 15 -4 23 -18 -14 20 21 -20 -3 24 -17 27 -27 28 -21 -8
right_child=1 2 14 -5 -6 6 29 9 10 -11 -12 -13 18 -15 -16 16 17 -19 19 25 -22 -23 -24 -25 -26 26 -28 -29 -30 -31
leaf_value=-0.00014264228862416066 -0.00010579797450552496 -6.6936526053698036e-05 0.0016174053925399978 -0.00018150726795526813 0.00017447217194957386 -0.00025205754857722691 -0.0006016860621002706 9.9465635060121051e-05 4.9543594444985785e-05 0.0018134976349781851 -0.0010873836798903842 0.0015395882636366877 2.5649903185453911e-05 -4.1866173786039164e-05 0.00017370934714445576 -0.0003617529103104941 -0.0010613295302859373 0.00039602712340032064 0.0011366821968766423 0.0014335760543303143 0.0013933332247679903 -0.0002169200362783158 -0.00072143266082364519 0.0014688847232434267 0.00065034775238728335 1.1409613824269878e-05 -0.00089586116089485578 0.00013396938268358288 0.00037452810497737597 0.00040450039568968351
leaf_weight=6415 2265 934 45 1662 4087 192 448 44 6176 43 45 40 7282 27142 6137 61 42 54 49 62 83 75 131 53 205 421 75 1269 241 50
leaf_count=6415 2265 934 45 1662 4087 192 448 44 6176 43 45 40 7282 27142 6137 61 42 54 49 62 83 75 131 53 205 421 75 1269 241 50
internal_value=-4.2977e-13 6.66186e-05 0.000149795 3.18849e-05 5.31397e-05 1.37805e-05 -0.00027718 0.000121727 -4.35167e-05 0.000946631 5.08916e-05 5.9132e-05 3.29038e-05 -6.11313e-05 0.00019778 0.000518909 0.000399795 -0.000241566 6.5776e-05 0.000194215 0.000749155 0.000317971 -0.000147443 0.000592806 0.000418249 0.000138667 -0.000125779 0.000222106 0.000591231 -0.000500663
internal_weight=65828 26010 7662 18348 16686 12599 777 279 39818 87 6261 6216 11822 33557 6597 460 415 96 9557 2275 207 124 1065 319 266 2068 496 1572 303 498
internal_count=65828 26010 7662 18348 16686 12599 777 279 39818 87 6261 6216 11822 33557 6597 460 415 96 9557 2275 207 124 1065 319 266 2068 496 1572 303 498
is_linear=0
shrinkage=0.03


Tree=121
num_leaves=31
num_cat=0
split_feature=34 34 1 20 22 26 62 14 12 26 29 53 39 43 1 58 47 6 59 26 12 65 40 26 27 21 66 66 67 14
split_gain=0.201606 0.0897564 0.106006 0.0978949 0.0886621 0.0792257 0.0729354 0.0710501 0.0684344 0.0590943 0.0674199 0.0588293 0.0758126 0.0600437 0.0585337 0.0507717 0.0503986 0.0713117 0.0639433 0.0653033 0.0657135 0.0580791 0.057617 0.0697571 0.0705075 0.0503123 0.0574608 0.0492381 0.0626345 0.0483753
threshold=5.4378511905670175 1.4556258916854861 2.5000000000000004 1.0000000180025095e-35 35.500000000000007 17.500000000000004 37.300000000000004 -0.74499999999999988 0.37695569397316547 53.500000000000007 7.4500000476837167 0.48076923191547399 0.11559559032320978 0.14678001403808597 1.5000000000000002 26.500000000000004 0.29358270764350897 0.75500000000000012 29.833333333333339 75.500000000000014 0.63944038831494965 34.750000000000007 0.14271399378776553 98.500000000000014 6.5000000000000009 0.82500000000000007 2.6554794721305375 3.8622472062706952 -0.05861607280995864 -0.1399999999999999
decision_type=10 8 8 2 2 2 10 8 8 2 8 10 8 10 10 10 10 10 10 2 10 10 10 2 10 2 8 10 10 8
left_child=1 5 3 6 29 -1 9 -2 -4 10 -3 -8 -13 -14 -9 -11 17 -17 -19 20 21 -20 -21 24 -24 -6 -27 28 -16 -5
right_child=7 2 8 4 25 -7 11 14 -10 15 -12 12 13 -15 27 16 -18 18 19 22 -22 -23 23 -25 -26 26 -28 -29 -30 -31
leaf_value=-2.5945118045460952e-05 0.0012106229259202686 5.9694476033770482e-05 9.0894700150068196e-06 -4.2447924184616431e-05 -6.549703181799091e-05 -0.00016208849731327277 -8.2213956306834821e-05 0.0001203100108019183 -0.00019940355565534245 0.00019374697048224118 0.00055439171362428998 -0.00042961968504374347 0.0016582801180510696 0.00018950476665454715 0.00039248886394654454 -0.00012917146174739507 -0.00071311247552720096 -0.00060540098809393715 0.001066219680313323 0.00013174696775435299 -0.00033304005496867859 9.4083564891001489e-05 0.0020283629539300731 -8.2291913218796243e-06 0.00061999240714626818 9.4522302063157799e-05 0.0014848292667259712 -0.00051278922621271581 -0.00013711058078111135 0.00031605983422255203
leaf_weight=8581 52 12404 2339 399 1518 6973 8498 12032 3594 676 253 51 55 46 264 3632 112 88 74 142 236 219 63 50 65 77 41 209 842 2243
leaf_count=8581 52 12404 2339 399 1518 6973 8498 12032 3594 676 253 51 55 46 264 3632 112 88 74 142 236 219 63 50 65 77 41 209 842 2243
internal_value=9.87114e-14 -2.6541e-05 -1.0479e-06 2.12254e-05 0.000154445 -8.69794e-05 -1.48604e-07 0.000103852 -0.000117208 3.42334e-05 6.95829e-05 -7.17505e-05 0.000513237 0.000989333 9.95405e-05 -4.92872e-05 -8.43847e-05 -6.89726e-05 0.00016437 0.000244158 3.95219e-05 0.000339606 0.000582447 0.000941994 0.00131317 -1.91126e-05 0.000577595 -9.04966e-05 -1.06962e-05 0.000261917
internal_weight=65828 52429 36875 30942 4278 15554 26664 13399 5933 18014 12657 8650 152 101 13347 5357 4681 4569 937 849 529 293 320 178 128 1636 118 1315 1106 2642
internal_count=65828 52429 36875 30942 4278 15554 26664 13399 5933 18014 12657 8650 152 101 13347 5357 4681 4569 937 849 529 293 320 178 128 1636 118 1315 1106 2642
is_linear=0
shrinkage=0.03


Tree=122
num_leaves=31
num_cat=0
split_feature=6 66 42 39 42 46 21 5 21 43 7 6 55 44 47 1 64 32 39 60 15 61 44 78 34 71 65 11 1 33
split_gain=0.19153 0.109953 0.0810175 0.0920412 0.0682483 0.0661524 0.0655935 0.0577227 0.0633015 0.0702822 0.0816896 0.0556098 0.0551153 0.0730464 0.0692339 0.0568115 0.0551615 0.104826 0.109257 0.0949627 0.0638786 0.0600462 0.0550874 0.0617909 0.0542913 0.0535638 0.0597726 0.0533746 0.0738647 0.0533483
threshold=0.48500000000000004 2.1503263860940938 0.24399167299270633 0.21080502122640613 0.17318016290664676 -0.019232039339840409 0.67500000000000016 1.0000000180025095e-35 0.75500000000000012 0.48006622493267065 0.84833333333333349 1.0000000180025095e-35 0.30679653584957128 1.0000000180025095e-35 0.032839665189385421 1.5000000000000002 6.416666666666667 8.9369683265686053 0.25350721180439001 33.775000000000006 -0.0011774466416689942 34.166666666666679 0.11195218563079835 1229.4000000000003 4.8010990619659433 4.5000000000000009 43.583333333333343 0.47643480912591457 1.5000000000000002 9.0312500000000018
decision_type=8 8 10 10 10 8 2 2 2 10 8 10 8 10 10 8 8 8 10 10 10 10 8 2 10 8 10 10 10 8
left_child=2 -2 3 6 -5 -3 11 8 12 10 -10 -1 13 -7 -15 16 17 18 22 -20 -21 -19 -14 -24 -8 -16 -27 -13 29 -29
right_child=1 5 -4 4 -6 7 24 -9 9 -11 -12 27 15 14 25 -17 -18 21 19 20 -22 -23 23 -25 -26 26 -28 28 -30 -31
leaf_value=-0.00018646119970154362 -1.3858306188776756e-05 -0.00032395608150716308 0.0010459223473444582 -5.6253880687543879e-05 -0.0015813748306038999 0.00043173407304056472 0.00015241158740336781 -0.0001035612610623185 0.00068455569731684033 0.0016652272551933803 -0.00027838957940482277 -3.7610513253349307e-05 -0.00031336825573816894 -0.00024352375329954689 -0.00019493873790779617 2.3129864977657888e-05 0.00015591336293845613 0.0019425697745464278 0.00036958164466341256 -0.0020294997763994614 -0.00034442392365102622 0.00072149950602308944 0.00047150872841066787 0.0017141924659925989 0.0012246907136092583 0.00011879272385547797 -0.00031286385119686779 -0.00012745389107091248 -0.0004361680125922659 0.00054311347355451289
leaf_weight=2901 15164 337 60 46 62 387 764 1181 230 41 121 24934 68 854 700 2791 8615 48 64 40 41 148 296 41 45 4029 311 644 737 128
leaf_count=2901 15164 337 60 46 62 387 764 1181 230 41 121 24934 68 854 700 2791 8615 48 64 40 41 148 296 41 45 4029 311 644 737 128
internal_value=1.06647e-13 4.72877e-05 -5.53757e-05 -5.75593e-05 -0.000931786 9.2867e-05 -5.4428e-05 9.98884e-05 0.000112652 0.00048989 0.0003526 -6.17749e-05 0.000104629 3.24741e-05 6.25871e-06 0.000141924 0.000177343 0.000424821 0.00021253 -0.000494125 -0.00117656 0.00102054 0.000465529 0.000622696 0.000212056 4.8583e-05 8.78607e-05 -4.80958e-05 -0.00022135 -1.62717e-05
internal_weight=65828 35507 30321 30261 108 20343 30153 20006 18825 392 351 29344 18433 6281 5894 12152 9361 746 550 145 81 196 405 337 809 5040 4340 26443 1509 772
internal_count=65828 35507 30321 30261 108 20343 30153 20006 18825 392 351 29344 18433 6281 5894 12152 9361 746 550 145 81 196 405 337 809 5040 4340 26443 1509 772
is_linear=0
shrinkage=0.03


Tree=123
num_leaves=31
num_cat=0
split_feature=34 66 26 6 42 61 34 21 21 11 5 17 61 17 26 38 42 78 21 57 63 71 18 45 10 32 14 17 15 65
split_gain=0.181787 0.0939063 0.0828565 0.0745642 0.0705959 0.0705021 0.0653274 0.0625675 0.0621285 0.060862 0.0602364 0.0632287 0.060414 0.0577677 0.0606954 0.0830265 0.0624663 0.0564539 0.0560434 0.0560269 0.0575875 0.0538341 0.0529947 0.0563282 0.0519404 0.0515618 0.0508066 0.0506232 0.050151 0.0629238
threshold=2.7512886524200444 inf 2.5000000000000004 0.68500000000000016 0.10667693987488748 29.166666666666668 4.9960317611694345 1.3050000000000004 0.50500000000000012 0.46480070218960212 1.0000000180025095e-35 35.500000000000007 29.166666666666668 1.0000000180025095e-35 32.500000000000007 0.16135975718498233 0.12514519691467288 1582.5500000000002 0.93500000000000016 0.24303074926137927 0.55088624482458282 17.500000000000004 1.0000000180025095e-35 0.077697262167930617 0.61348484848484863 7.6474251747131357 0.065000000000000016 16.500000000000004 -0.12849860062265758 35.291666666666679
decision_type=8 8 2 8 10 8 10 2 2 10 2 2 10 2 2 10 8 2 2 10 10 8 2 10 10 10 10 2 8 10
left_child=7 2 25 9 5 24 -7 13 -6 18 28 12 -12 -1 22 16 -16 26 -4 20 -10 -18 23 -15 -3 -2 -14 -17 29 -5
right_child=1 4 3 10 8 6 -8 -9 19 -11 11 -13 17 14 15 27 21 -19 -20 -21 -22 -23 -24 -25 -26 -27 -28 -29 -30 -31
leaf_value=-0.00023988495108349822 -0.00019232154605068003 0.00072225722943299584 8.3183728673120526e-06 0.0010892044919257222 0.00015814146396223925 -0.00010475414155723466 0.0010778384458620188 0.0011327736125895172 0.0015444325443363788 -0.00014422157279068599 0.00049276438032610538 0.00022584248116955434 -0.00037530767802008904 -4.4497462018016697e-05 -0.00010825012675465496 -0.0014222523784226959 4.4897043795770952e-05 0.0004468194361996009 0.0010941052819577824 -0.00016645511187562078 0.00050281138123851898 0.0010797190272300314 0.00026417164589746317 0.00010431866845912658 -0.00042051581774527828 -0.001178421676182188 -0.0010920975697785616 -8.0862970486123226e-05 8.3718243848015185e-05 0.00019352426453069047
leaf_weight=1442 1048 175 8503 99 6638 1884 43 40 71 2952 67 246 309 16456 9440 69 119 54 43 64 146 73 593 2659 45 50 125 40 12089 246
leaf_count=1442 1048 175 8503 99 6638 1884 43 40 71 2952 67 246 309 16456 9440 69 119 54 43 64 146 73 593 2659 45 50 125 40 12089 246
internal_value=-1.06605e-13 4.69354e-05 1.77805e-05 2.91013e-05 0.000130004 -2.02785e-05 -7.83652e-05 -5.29535e-05 0.000176638 -2.67842e-05 7.76522e-05 -0.000174509 -0.000351962 -5.44889e-05 -4.54108e-05 -0.000106672 -9.73545e-05 -0.000467939 1.37816e-05 0.000613566 0.000843618 0.000438345 -1.51316e-05 -2.37963e-05 0.000488508 -0.000237226 -0.000581756 -0.000929999 9.38964e-05 0.000450546
internal_weight=65828 34897 25831 24733 9066 2147 1927 30931 6919 11498 13235 801 555 30891 29449 9741 9632 488 8546 281 217 192 19708 19115 220 1098 434 109 12434 345
internal_count=65828 34897 25831 24733 9066 2147 1927 30931 6919 11498 13235 801 555 30891 29449 9741 9632 488 8546 281 217 192 19708 19115 220 1098 434 109 12434 345
is_linear=0
shrinkage=0.03


Tree=124
num_leaves=31
num_cat=0
split_feature=6 66 42 39 42 47 21 21 5 55 7 11 1 76 33 17 39 23 11 29 37 7 15 36 54 44 47 77 36 40
split_gain=0.172566 0.0987935 0.0761585 0.0866807 0.0641194 0.0633575 0.0604797 0.053449 0.0536195 0.0562463 0.052221 0.0540408 0.0701606 0.0581847 0.0621775 0.0513071 0.0495137 0.0489432 0.0485631 0.0639297 0.102441 0.0550433 0.0496261 0.0844263 0.0745103 0.0710011 0.0688979 0.0558498 0.0820095 0.0582141
threshold=0.48500000000000004 2.1503263860940938 0.24399167299270633 0.21080502122640613 0.17318016290664676 -0.045554328709840768 0.67500000000000016 1.1650000000000003 1.0000000180025095e-35 0.30679653584957128 0.028333333333333339 0.47643480912591457 1.5000000000000002 12.500000000000002 9.0312500000000018 16.500000000000004 0.19866754859685901 1.0000000180025095e-35 0.44038623725507042 5.5499999523162851 0.14869901537895205 0.46166666666666673 -0.089143779157459052 0.17360312491655353 0.22881563007831576 0.2746656090021134 0.38451088964939123 937.20000000000016 0.1862735599279404 0.21628630161285403
decision_type=8 8 10 10 10 8 2 2 2 8 10 10 10 2 8 2 10 2 8 10 10 10 10 10 10 10 8 2 10 10
left_child=2 -2 3 6 -5 -3 10 8 9 18 -1 16 13 14 -13 -8 -12 -11 19 20 -7 -20 23 25 27 -23 -26 28 -25 -29
right_child=1 5 -4 4 -6 7 15 -9 -10 17 11 12 -14 -15 -16 -17 -18 -19 21 -21 -22 22 -24 24 26 -27 -28 29 -30 -31
leaf_value=-0.0001889557445455107 -1.3074377317275674e-05 -0.00077082700767348725 0.0010151995555497705 -5.4432032123693953e-05 -0.0015326996323382182 0.00031148674512874606 7.0061112908084255e-05 0.0010519290144741088 -0.00010612874787223896 0.00014503117865164914 -3.7614950841094197e-05 -0.00020635822547570854 -0.00042562735765415557 0.0010950233103503705 0.000521119839381754 0.00062961992513572615 0.0010057700292502598 -0.00042515426305680108 -0.00070171265052726536 0.0013669013407391806 -0.0011058592356741428 5.2595637902736961e-05 -2.6680794660479047e-05 0.0015602588306905495 0.00034699496407196613 -0.0012252062161860521 -0.0011244357978107363 0.00062737998779772259 0.00024682070174182705 0.0022360087441338694
leaf_weight=2531 15164 77 60 46 62 559 615 52 1194 12281 25242 608 754 40 128 194 41 137 98 45 50 574 4757 54 95 42 41 41 206 40
leaf_count=2531 15164 77 60 46 62 559 615 52 1194 12281 25242 608 754 40 128 194 41 137 98 45 50 574 4757 54 95 42 41 41 206 40
internal_value=-8.22205e-14 4.48857e-05 -5.25628e-05 -5.46799e-05 -0.000903067 8.80901e-05 -5.16412e-05 9.13535e-05 8.88825e-05 0.000101124 -5.86959e-05 -4.64001e-05 -0.000219532 -1.92803e-05 -7.98403e-05 0.000204245 -3.5923e-05 0.000138741 3.03705e-05 0.000275747 0.00019512 3.39063e-06 1.52026e-05 0.000197489 0.000497117 -3.45272e-05 -9.65981e-05 0.000733906 0.000519612 0.00142176
internal_weight=65828 35507 30321 30261 108 20343 30153 20266 20214 19020 29344 26813 1530 776 736 809 25283 12418 6602 654 609 5948 5850 1093 477 616 136 341 260 81
internal_count=65828 35507 30321 30261 108 20343 30153 20266 20214 19020 29344 26813 1530 776 736 809 25283 12418 6602 654 609 5948 5850 1093 477 616 136 341 260 81
is_linear=0
shrinkage=0.03


Tree=125
num_leaves=31
num_cat=0
split_feature=34 34 38 33 63 54 59 15 26 26 14 28 30 36 47 51 68 58 6 57 14 21 66 10 15 71 39 39 17 42
split_gain=0.164049 0.0843311 0.0775435 0.0720957 0.0687014 0.0628637 0.0642318 0.0811825 0.0637692 0.059563 0.0592869 0.0692246 0.0651646 0.0665043 0.064122 0.0669931 0.0622535 0.0611117 0.0609571 0.0585536 0.0577815 0.056525 0.0562493 0.054372 0.0708777 0.0747421 0.0762342 0.104308 0.0705714 0.0573401
threshold=2.5018248558044438 6.9470176696777353 0.16135975718498233 6.3100962638854989 0.52876004676799859 0.06698718294501306 37.166666666666679 -0.056559675975764188 5.5000000000000009 17.500000000000004 0.25500000000000012 13.166666507720949 8.7750000953674334 0.18143789470195773 0.31847085058689123 0.9997459650039674 1.0000000180025095e-35 42.500000000000007 0.19500000000000003 0.033012822270393379 -0.12999999999999989 0.17500000000000002 0.79368893057107937 0.6802061855670104 -0.12849860062265758 11.500000000000002 0.25350721180439001 0.23796812444925311 8.5000000000000018 0.14946363866329196
decision_type=8 10 10 10 10 8 10 10 2 2 8 10 10 10 8 10 2 10 10 10 10 2 8 10 10 10 10 8 2 10
left_child=2 4 3 9 23 6 19 -8 -7 -1 11 12 18 -14 15 20 -13 -12 -10 -3 -15 -6 -20 -2 -25 26 27 28 -26 -30
right_child=1 5 -4 -5 21 8 7 -9 10 -11 17 16 13 14 -16 -17 -18 -19 22 -21 -22 -23 -24 24 25 -27 -28 -29 29 -31
leaf_value=-7.2849403895885543e-06 5.5809873009336744e-05 0.00045266533249934364 -0.00084549880009600754 0.00091752693072244844 -2.8252154003015286e-05 -0.00038378405893835227 0.0012674682636790704 -0.00035784213467816107 0.0010570267454470294 -9.4372929646429225e-05 0.00055526110383129397 -0.0011051028162459076 0.0013620342666399664 0.0007575327505701748 0.0003396891573832668 0.0005901603661186527 0.00029285498710426811 2.3921636267859105e-07 0.0007784285431803572 0.0018766053743168429 -0.00037400336913879465 0.00014106123667972771 6.6723835083471183e-07 0.001331680391976645 -0.00050793644438800942 0.00070556892284121084 -0.00042626654818125713 0.0013946610483708355 -2.3509694358998143e-06 0.00052254366979228087
leaf_weight=13353 9130 51 111 69 18228 217 41 85 52 15017 556 79 48 46 1337 112 45 263 86 53 347 1966 3114 53 129 231 195 64 387 363
leaf_count=13353 9130 51 111 69 18228 217 41 85 52 15017 556 79 48 46 1337 112 45 263 86 53 347 1966 3114 53 129 231 195 64 387 363
internal_value=1.47308e-13 4.14458e-05 -5.41161e-05 -5.10273e-05 2.06479e-05 0.000139341 0.000626503 0.000171029 0.000121561 -5.33829e-05 0.000139582 0.000102653 0.000119544 0.000259634 0.000230906 -5.70984e-05 -0.000597779 0.000377031 3.81267e-05 0.00117833 -0.000241559 -1.17685e-05 2.15696e-05 8.26853e-05 0.00025524 0.000213566 0.000113696 0.000225353 0.000140216 0.000251698
internal_weight=65828 37278 28550 28439 30746 6532 230 126 6302 28370 6085 5266 5142 1890 1842 505 124 819 3252 104 393 20194 3200 10552 1422 1369 1138 943 879 750
internal_count=65828 37278 28550 28439 30746 6532 230 126 6302 28370 6085 5266 5142 1890 1842 505 124 819 3252 104 393 20194 3200 10552 1422 1369 1138 943 879 750
is_linear=0
shrinkage=0.03


Tree=126
num_leaves=31
num_cat=0
split_feature=6 34 62 34 1 26 35 41 59 38 21 61 26 11 1 43 41 66 34 10 35 6 47 1 43 42 44 30 26 66
split_gain=0.156997 0.0701993 0.0793935 0.0813651 0.100859 0.0689499 0.0637474 0.0739238 0.0802917 0.0646227 0.0624946 0.0799717 0.0582274 0.0704763 0.0733894 0.0687709 0.0771267 0.066788 0.0647834 0.0542363 0.0520211 0.0700087 0.0511737 0.0510762 0.0471646 0.0470595 0.0467163 0.0525775 0.0465347 0.0570593
threshold=0.69500000000000006 1.2515822649002077 31.100000000000005 9.4073505401611346 1.5000000000000002 8.5000000000000018 0.21975609660148623 0.15729860216379168 27.833333333333339 0.15283884108066562 0.9850000000000001 38.583333333333336 1.5000000000000002 0.45160959618026114 1.5000000000000002 0.21624764800071719 0.24685743451118472 7.0899168401956567 3.3392153978347783 0.41062030075187977 0.19836065918207171 0.29500000000000004 -0.045554328709840768 2.5000000000000004 0.15654369443655017 0.23224332928657535 0.056999450549483306 4.2249999046325692 51.500000000000007 1.17865227162838
decision_type=10 8 10 8 8 2 8 10 10 10 2 10 2 10 8 10 10 8 8 10 10 10 8 8 10 8 10 10 2 10
left_child=1 5 3 6 -5 -1 7 23 28 -10 12 -12 -4 15 17 16 19 -15 26 -14 21 -11 -2 -3 -23 -16 -19 -28 29 -9
right_child=22 2 10 4 -6 -7 -8 8 9 20 11 -13 13 14 25 -17 -18 18 -20 -21 -22 24 -24 -25 -26 -27 27 -29 -30 -31
leaf_value=6.0359694479428012e-06 -0.00074568428499761084 0.0001127267252347307 -0.00021413419181194086 0.0020773815706644841 0.00015330558970043831 -0.00013749281865456492 -0.00023741149061836297 0.0023369258386082945 0.001246888668090105 -0.00076973724841002047 2.1858676493084474e-05 0.0016569977117857585 -2.4898542654664095e-05 -0.00012051564458229804 -0.00025264097094424801 0.00019302964046469072 -0.001111457524989658 0.00011251549475656992 0.00029320518662625421 0.00013800851758237159 0.00083606049170434143 0.00061741279706485185 7.8862905762616729e-05 -0.00011595373380630656 -0.00032268381949203704 0.00076020409253292848 -0.00022826928154416674 -0.0013893923094986159 0.00030026046476060788 0.00074433200824764421
leaf_weight=4640 68 4559 1483 41 61 8587 547 40 50 91 67 45 16012 2532 2429 1643 57 330 894 2078 69 118 17858 1089 81 42 191 43 42 41
leaf_count=4640 68 4559 1483 41 61 8587 547 40 50 91 67 45 16012 2532 2429 1643 57 330 894 2078 69 118 17858 1089 81 42 191 43 42 41
internal_value=2.8002e-13 -2.83418e-05 -5.91156e-06 8.57545e-05 0.000926709 -8.71433e-05 7.30032e-05 0.000100478 0.000438552 0.00023644 -2.83919e-05 0.000678834 -3.12479e-05 -2.09161e-05 -0.000106945 7.17033e-06 -9.65707e-06 -2.73768e-05 0.000134371 -6.18539e-06 9.57086e-05 -8.0444e-05 7.57351e-05 6.86345e-05 0.00023476 -0.000235425 -0.000117399 -0.000441638 0.00111061 0.0015308
internal_weight=65828 47902 34675 6829 102 13227 6727 6180 532 409 27846 112 27734 26251 6461 19790 18147 3990 1458 18090 359 290 17926 5648 199 2471 564 234 123 81
internal_count=65828 47902 34675 6829 102 13227 6727 6180 532 409 27846 112 27734 26251 6461 19790 18147 3990 1458 18090 359 290 17926 5648 199 2471 564 234 123 81
is_linear=0
shrinkage=0.03


Tree=127
num_leaves=31
num_cat=0
split_feature=32 21 62 39 34 31 60 36 22 35 5 41 65 35 9 43 30 66 40 43 42 70 58 45 8 45 43 22 31 38
split_gain=0.149595 0.0845375 0.0749725 0.0665056 0.0614245 0.0589508 0.0570632 0.0687923 0.0669204 0.0578282 0.0560632 0.0606793 0.0555896 0.0548821 0.0865947 0.087958 0.0713731 0.0699816 0.066001 0.0547948 0.0547914 0.0547774 0.0534033 0.0952237 0.0805552 0.08215 0.0582764 0.104356 0.0978651 0.068699
threshold=6.0708820819854745 0.17500000000000002 31.900000000000002 0.20687236636877063 1.9993203878402712 6.0078918933868417 37.900000000000006 0.22283206135034564 17.500000000000004 0.068573668599128737 1.0000000180025095e-35 0.13546615839004519 40.250000000000007 0.21778655797243121 0.81314173383600563 0.22508607804775241 3.6124999523162846 0.15311328321695331 0.22082107514142993 0.16840741783380511 0.18367512524127963 17.500000000000004 24.500000000000004 0.21548341214656833 0.90450000000000019 0.28436063230037695 0.078456193208694472 11.500000000000002 6.441847801208497 0.23142076283693316
decision_type=10 2 10 10 8 10 8 10 2 8 2 10 10 10 10 10 10 10 10 8 10 8 8 10 10 10 8 2 10 10
left_child=1 2 4 21 -1 6 7 8 -2 -8 22 -12 19 18 15 16 -15 -16 -6 -11 -19 -3 23 -7 25 -25 27 -24 -29 -30
right_child=5 3 -4 -5 13 10 9 -9 -10 12 11 -13 -14 14 17 -17 -18 20 -20 -21 -22 -23 26 24 -26 -27 -28 28 29 -31
leaf_value=-5.1503334499624456e-05 -0.00094536269842813319 0.0010995824006881484 -5.5514810573303144e-05 0.00095167735323775551 9.872626986824627e-05 -0.0016350880819455988 -0.00039338550967641354 0.00080833755475274896 0.00015306611712730955 0.00063154688743507538 -0.001103256007803506 -8.7774930702561315e-05 0.00022227011553600039 -0.00080103918715295462 0.0012066412416641555 -0.00065391093768607988 0.00045687490929436356 0.00042199021192682702 0.0011148872959893196 0.001663524127276293 -0.00091848061806181576 7.0740602426010583e-05 -0.00088656136570976478 0.00074240862764418127 0.00090386282642222272 -0.00083957365586008231 0.0001313315263806645 0.00094789931359132011 2.130167116886991e-05 -0.00096829534578749812
leaf_weight=5199 70 47 35950 80 7047 42 41 90 174 99 57 747 95 55 63 339 155 83 58 87 41 5143 140 40 56 113 9180 88 373 76
leaf_count=5199 70 47 35950 80 7047 42 41 90 174 99 57 747 95 55 63 339 155 83 58 87 41 5143 140 40 56 113 9180 88 373 76
internal_value=3.43087e-13 -2.08816e-05 -3.31632e-05 9.32891e-05 2.84578e-05 9.79455e-05 0.000374154 9.94266e-05 -0.000162057 0.00065912 8.13406e-05 -0.000159768 0.000812688 8.14763e-05 -0.000165124 -0.000355041 0.000127421 0.000392438 0.000107021 0.00111425 -2.123e-05 8.00577e-05 0.000100519 -0.000331605 -6.96611e-05 -0.000425984 0.000111522 -0.000157088 3.30917e-05 -0.000146203
internal_weight=65828 54260 48990 5270 13040 11568 656 334 244 322 10912 804 281 7841 736 549 210 187 7105 186 124 5190 10108 251 209 153 9857 677 537 449
internal_count=65828 54260 48990 5270 13040 11568 656 334 244 322 10912 804 281 7841 736 549 210 187 7105 186 124 5190 10108 251 209 153 9857 677 537 449
is_linear=0
shrinkage=0.03


Tree=128
num_leaves=31
num_cat=0
split_feature=6 66 42 39 42 46 21 21 5 23 55 44 47 10 6 66 39 34 45 34 14 27 8 44 17 32 9 28 32 34
split_gain=0.1442 0.0841323 0.0691956 0.0818322 0.0600982 0.0580451 0.0540458 0.049083 0.0496578 0.0504032 0.0495759 0.0665024 0.0673583 0.0489758 0.0489735 0.0528704 0.0617239 0.048925 0.0486847 0.0860728 0.0764289 0.0731302 0.0642001 0.0632675 0.0593525 0.076082 0.0561347 0.0532917 0.0486619 0.0595899
threshold=0.48500000000000004 2.1503263860940938 0.24399167299270633 0.21080502122640613 0.17318016290664676 -0.019232039339840409 0.67500000000000016 1.1650000000000003 1.0000000180025095e-35 1.0000000180025095e-35 0.30679653584957128 1.0000000180025095e-35 0.029899486340582374 0.67096935376415734 1.0000000180025095e-35 3.4192699566483502 0.19866754859685901 4.8010990619659433 0.14482507854700091 6.9470176696777353 -0.18499999999999991 6.5000000000000009 0.62900000000000023 0.14860109984874728 13.500000000000002 8.9369683265686053 0.65370610953167196 9.8333334922790545 7.4800508022308358 6.43920922279358
decision_type=8 8 10 10 10 8 2 2 2 2 8 10 10 8 10 10 10 10 10 10 10 10 10 10 2 10 10 10 10 10
left_child=2 -2 3 6 -5 13 14 8 9 10 11 -7 -13 -3 -1 16 -16 -8 21 27 -21 -14 -22 26 25 -24 -23 28 29 -20
right_child=1 5 -4 4 -6 7 17 -9 -10 -11 -12 12 18 -15 15 -17 -18 -19 19 20 22 23 24 -25 -26 -27 -28 -29 -30 -31
leaf_value=-0.0001707934968981549 -1.2455645306856834e-05 -0.00013952273460389458 0.00096973281167447563 -5.2791546382333925e-05 -0.0014839549781754612 0.00041415588340821635 0.00013815786983262861 0.001007969909629677 -0.00010411903192505904 -0.00045641354733023183 0.00013662114659240902 -0.00024109481587175556 9.3622523914619973e-05 -0.0010788296891345841 -3.7800887067673322e-05 -0.000402532804831616 0.0011271226519673336 0.0011560642405723531 -7.3504345820403353e-05 0.0012416910492246359 0.0012436850207513603 0.0014250593633471948 0.00021676594662858406 -0.0002543817132867969 -2.6752534602020727e-05 0.0015376616678930497 0.00045512048748246026 -0.0010258211135598164 0.00031013155811418009 -0.0005377252267539551
leaf_weight=2901 15164 276 60 46 62 388 764 52 1175 147 12246 835 1341 61 26043 359 41 45 1873 61 46 92 160 58 762 52 129 56 246 287
leaf_count=2901 15164 276 60 46 62 388 764 52 1175 147 12246 835 1341 61 26043 359 41 45 1873 61 46 92 160 58 762 52 129 56 246 287
internal_value=-1.0771e-13 4.10311e-05 -4.80489e-05 -5.00669e-05 -0.000874385 8.0901e-05 -4.71145e-05 8.74781e-05 8.50793e-05 9.69174e-05 0.000101283 3.35173e-05 8.89451e-06 -0.000309546 -5.37833e-05 -4.09464e-05 -3.59698e-05 0.000194778 4.93247e-05 -1.29682e-05 0.000210183 0.000185562 0.000148495 0.000627462 9.67716e-05 0.000540759 0.000858896 -0.000110948 -8.96544e-05 -0.000135186
internal_weight=65828 35507 30321 30261 108 20343 30153 20006 19954 18779 18632 6386 5998 337 29344 26443 26084 809 5163 3543 1081 1620 1020 279 974 212 221 2462 2406 2160
internal_count=65828 35507 30321 30261 108 20343 30153 20006 19954 18779 18632 6386 5998 337 29344 26443 26084 809 5163 3543 1081 1620 1020 279 974 212 221 2462 2406 2160
is_linear=0
shrinkage=0.03


Tree=129
num_leaves=31
num_cat=0
split_feature=47 1 33 7 34 20 14 46 10 35 67 10 62 32 10 78 62 75 26 34 33 7 39 43 46 70 8 6 44 11
split_gain=0.137382 0.1137 0.0829604 0.115458 0.0866825 0.0724605 0.0672614 0.0644379 0.0667522 0.0612695 0.0610307 0.0559385 0.0527414 0.0669519 0.0497936 0.0558656 0.047643 0.0615397 0.0913399 0.0899885 0.0913813 0.056264 0.0646261 0.0512345 0.0520555 0.0539282 0.0465485 0.0673616 0.0458555 0.045621
threshold=0.034903753548860557 1.5000000000000002 8.0312500000000018 0.54166666666666685 8.6217904090881365 1.5000000000000002 0.28500000000000009 -0.0065367433708161107 0.54358379062895745 0.30368906259536749 -0.037357337460765715 0.6583822167335599 42.100000000000009 8.1142005920410174 0.76882591093117425 198.30000000000004 36.100000000000009 9.5000000000000018 105.50000000000001 7.1338307857513437 6.6076922416687021 0.9141666666666669 0.23482014238834384 0.43759498000144964 0.20959772169589999 46.500000000000007 0.64100000000000024 0.91500000000000015 0.058385759592056281 0.62716200778181908
decision_type=8 8 8 10 10 2 10 10 8 10 10 10 10 10 10 2 8 2 2 10 10 10 10 10 10 10 8 10 10 8
left_child=6 7 5 -4 11 12 9 -2 -9 14 -7 -5 13 -3 28 -16 17 26 19 23 -21 22 -22 24 25 -19 27 -10 -1 -26
right_child=1 2 3 4 -6 10 -8 8 16 -11 -12 -13 -14 -15 15 -17 -18 18 -20 20 21 -23 -24 -25 29 -27 -28 -29 -30 -31
leaf_value=-5.7393784736060392e-05 0.00057626100973957124 1.0111912974568035e-05 -7.1470549527460542e-05 -0.00047229887085895999 0.00066079979570692071 -0.00017248940611170837 0.00017298027425918577 -2.4096407922696009e-05 0.00029066697690714868 -0.0010449080561030361 0.00083140792305864139 -0.0011751454220267142 -0.00020747805737457759 0.0010319895857004479 -4.4283788663813383e-05 0.0011765345896504098 4.6437261870520775e-05 0.00011412824638822573 -0.0010605629590817872 0.0018365470280405133 -0.00041737395929308926 -0.00050348622864112257 0.00099092809425766382 -0.00092094915235283045 0.001047090911101002 -0.0005157619139604183 0.00014235215776821567 0.0013719388907581257 -0.00033810558529927286 7.8611199466641009e-05
leaf_weight=24877 231 11315 2346 459 51 80 1141 5022 1305 57 171 131 1044 58 74 62 8291 208 76 40 41 60 103 67 51 297 7272 54 535 309
leaf_count=24877 231 11315 2346 459 51 80 1141 5022 1305 57 171 131 1044 58 74 62 8291 208 76 40 41 60 103 67 51 297 7272 54 535 309
internal_value=-1.97455e-14 3.58526e-05 -2.6743e-05 -0.000168965 -0.000525785 6.79162e-06 -5.23889e-05 7.76819e-05 7.27168e-05 -6.24317e-05 0.000511441 -0.000628355 -3.40947e-06 1.53233e-05 -6.02397e-05 0.000512266 9.94691e-05 0.000143958 -5.25963e-05 1.25444e-05 0.000525434 0.000268353 0.000589953 -0.000121731 -5.98267e-05 -0.000256322 0.00017247 0.000333631 -6.33036e-05 0.000215812
internal_weight=65828 39082 15655 2987 641 12668 26746 23427 23196 25605 251 590 12417 11373 25548 136 18174 9883 1252 1176 244 204 144 932 865 505 8631 1359 25412 360
internal_count=65828 39082 15655 2987 641 12668 26746 23427 23196 25605 251 590 12417 11373 25548 136 18174 9883 1252 1176 244 204 144 932 865 505 8631 1359 25412 360
is_linear=0
shrinkage=0.03


Tree=130
num_leaves=31
num_cat=0
split_feature=34 66 26 38 6 52 29 35 42 33 58 28 63 65 35 62 65 65 26 35 77 11 21 9 56 42 57 29 59 41
split_gain=0.129911 0.07576 0.0825122 0.0743977 0.0692276 0.0803303 0.0681604 0.0673026 0.0667128 0.0662612 0.0640906 0.081416 0.0610924 0.0597173 0.074686 0.0588578 0.0561203 0.0558376 0.0555531 0.0537276 0.104455 0.0607363 0.0536059 0.053472 0.0633862 0.0515691 0.0701155 0.0511609 0.0704057 0.0583155
threshold=2.5018248558044438 inf 7.5000000000000009 0.16135975718498233 0.91500000000000015 0.52859836816787731 6.3666667938232431 0.099714759737253203 0.10667693987488748 6.3100962638854989 40.500000000000007 10.833333492279055 0.61643648674169438 32.083333333333343 0.32305502891540533 43.100000000000009 42.916666666666679 39.416666666666679 17.500000000000004 0.34248121082782751 1079.5500000000002 0.66024847890156413 0.50500000000000012 0.76896260432994212 0.28243665397167211 0.20273505151271823 0.21925824135541919 8.3666663169860858 39.583333333333336 0.24685743451118472
decision_type=8 8 2 10 8 8 10 10 10 10 10 10 10 10 10 10 10 10 2 10 2 10 2 8 10 10 10 10 10 10
left_child=3 2 6 9 10 -6 7 -2 15 18 19 -12 -8 14 -7 -3 17 -13 -1 27 21 -21 -10 -15 -25 -24 -27 29 -29 -4
right_child=1 8 4 -5 5 13 12 -9 22 -11 11 16 -14 23 -16 -17 -18 -19 -20 20 -22 -23 25 24 -26 26 -28 28 -30 -31
leaf_value=-2.8707802794421485e-06 -0.00034689560164011669 2.3423096732944997e-05 4.6986501269116107e-05 -0.00082332143203726644 -0.00087494144254984948 0.00032791921965956081 -0.0009948434589148519 1.7077691075824824e-05 0.00014116352420498547 0.00088340489882165964 -8.6572267240655682e-05 0.00021767336906244357 0.00018088342777142924 0.00060107988285458807 0.0015652817173395306 -0.00049443860189717797 -0.00025927755550947043 0.0016259343614239759 -8.6976196894123132e-05 -0.00029508457382136204 0.00081091709656777372 -0.0012852173381106694 0.00090285413560502398 9.6244989959982813e-05 -0.000884959464718122 0.00072056126386385914 -0.00075564437559531893 0.00055516133062130657 -0.00011686185771043622 -0.00039738308963612379
leaf_weight=13353 705 2430 11641 111 72 422 151 1301 6662 69 6923 45 54 187 49 215 45 58 15017 184 58 80 166 4766 60 67 51 397 217 272
leaf_count=13353 705 2430 11641 111 72 422 151 1301 6662 69 6923 45 54 187 49 215 45 58 15017 184 58 80 166 4766 60 67 51 397 217 272
internal_value=5.64003e-14 3.6882e-05 1.17106e-05 -4.81572e-05 2.69676e-05 0.000120607 -0.000164087 -0.000110839 0.000109546 -4.51317e-05 8.50107e-07 -7.16883e-05 -0.00068514 0.000133678 0.000456647 -1.86715e-05 0.000624541 0.00101067 -4.739e-05 4.07691e-05 -0.000341863 -0.000595125 0.000158371 0.000103333 8.4046e-05 0.000562019 8.25402e-05 5.06044e-05 0.000317655 3.68406e-05
internal_weight=65828 37278 27687 28550 25476 5556 2211 2006 9591 28439 19920 7071 205 5484 471 2645 148 103 28370 12849 322 264 6946 5013 4826 284 118 12527 614 11913
internal_count=65828 37278 27687 28550 25476 5556 2211 2006 9591 28439 19920 7071 205 5484 471 2645 148 103 28370 12849 322 264 6946 5013 4826 284 118 12527 614 11913
is_linear=0
shrinkage=0.03


Tree=131
num_leaves=31
num_cat=0
split_feature=47 1 33 7 14 20 46 10 26 34 35 67 14 62 15 12 67 51 30 17 47 47 33 17 71 39 75 67 66 66
split_gain=0.124548 0.103662 0.0780111 0.11558 0.0632517 0.0619623 0.0610381 0.0613109 0.0585446 0.0720924 0.0580313 0.0537755 0.0514413 0.049356 0.0549439 0.0597271 0.0579134 0.0502448 0.0977223 0.0605386 0.0513619 0.0477405 0.0466113 0.0511317 0.0478105 0.0574803 0.0593324 0.0566637 0.0758478 0.0676454
threshold=0.034903753548860557 1.5000000000000002 9.5166668891906756 0.54166666666666685 0.28500000000000009 1.5000000000000002 -0.0065367433708161107 0.57325203252032531 14.500000000000002 7.3400239944458017 0.30368906259536749 -0.037357337460765715 -0.090000000000000024 34.900000000000006 -0.12849860062265758 0.73068701915480483 -0.0041225456451246525 0.97391468286514293 8.7750000953674334 53.500000000000007 0.27195240557193762 0.21004261076450351 6.3100962638854989 4.5000000000000009 13.500000000000002 0.1912602782249451 9.5000000000000018 0.038376277561750168 2.9138115495443349 1.1221532821655276
decision_type=8 8 8 10 10 2 10 8 2 10 10 10 10 8 8 10 10 10 10 2 10 8 8 2 10 10 2 10 8 10
left_child=4 6 5 -4 10 -3 -2 -8 -5 12 -1 -7 -10 14 15 16 -9 -16 19 -19 21 -21 23 -15 25 26 -24 28 -27 -29
right_child=1 2 3 8 -6 11 7 13 9 -11 -12 -13 -14 22 17 -17 -18 18 -20 20 -22 -23 24 -25 -26 27 -28 29 -30 -31
leaf_value=-5.7487558851854943e-05 0.00055932567767458686 -3.4339561884933844e-06 -7.5679579183231558e-05 -0.00118498211752179 0.00016866636762845349 -0.00016118672552605507 -1.5486393011288807e-05 0.00051682789440076838 -8.8626168405332053e-05 0.00077419204371316085 -0.0010157819521172265 0.00076685226653102408 -0.00080430438177427283 0.00030450256187845403 0.00015904622326378299 -0.00013109122040602837 0.0016949461644773171 -4.8466889302694967e-05 0.0010271600305309726 -0.00060918323142150903 -0.0001765384374275094 -0.0020573453524721117 0.00016904017250594445 -6.4657725759104928e-05 0.00037456222773956445 -0.00065528437932812838 0.00077768695755265249 0.0003571005353633067 -3.5879087636983187e-05 -1.192278288570356e-05
leaf_weight=25548 231 12540 2322 109 1141 83 5773 114 145 42 57 174 240 374 7046 71 56 247 54 42 63 40 1377 3477 540 199 161 731 1680 1151
leaf_count=25548 231 12540 2322 109 1141 83 5773 114 145 42 57 174 240 374 7046 71 56 247 54 42 63 40 1377 3477 540 199 161 731 1680 1151
internal_value=-1.27856e-14 3.4137e-05 -2.56319e-05 -0.00016734 -4.9882e-05 6.01641e-06 7.40774e-05 6.9245e-05 -0.000564423 -0.000406014 -5.96208e-05 0.000467135 -0.000534763 9.73201e-05 0.000153842 0.000599701 0.000904914 0.0001395 -0.000169296 -0.000334114 -0.0008207 -0.0013156 5.22134e-05 -2.88058e-05 0.000105648 7.8244e-05 0.000232754 1.50595e-05 -0.000101479 0.000131412
internal_weight=65828 39082 15655 2858 26746 12797 23427 23196 536 427 25605 257 385 17423 7733 241 170 7492 446 392 145 82 9690 3851 5839 5299 1538 3761 1879 1882
internal_count=65828 39082 15655 2858 26746 12797 23427 23196 536 427 25605 257 385 17423 7733 241 170 7492 446 392 145 82 9690 3851 5839 5299 1538 3761 1879 1882
is_linear=0
shrinkage=0.03


Tree=132
num_leaves=31
num_cat=0
split_feature=6 5 1 17 20 42 39 11 29 67 47 42 7 45 70 21 70 17 30 9 27 42 7 11 1 76 33 22 56 21
split_gain=0.117237 0.0716622 0.0790662 0.0986463 0.0645138 0.0641329 0.0769769 0.0610592 0.0742127 0.0673718 0.0571803 0.0566338 0.0532642 0.0514602 0.0509618 0.0499507 0.0493302 0.0486243 0.047811 0.0471582 0.046879 0.0464466 0.0456403 0.0496252 0.0630078 0.0545988 0.0580879 0.0455461 0.0793201 0.0773592
threshold=0.48500000000000004 1.0000000180025095e-35 1.5000000000000002 1.0000000180025095e-35 1.5000000000000002 0.24399167299270633 0.21080502122640613 0.45160959618026114 5.5499999523162851 -0.0053361057428888406 0.11060925573110582 0.17318016290664676 0.84833333333333349 -0.044821383431553834 60.500000000000007 0.67500000000000016 48.500000000000007 16.500000000000004 13.562500000000002 0.56429378674177799 3.4229749441146855 0.048309199512004859 0.028333333333333339 0.47643480912591457 1.5000000000000002 12.500000000000002 9.0312500000000018 29.500000000000004 0.41536192595958715 1.0000000180025095e-35
decision_type=8 2 8 2 2 10 10 8 8 10 10 10 10 8 8 2 8 2 8 10 10 8 10 10 10 2 8 2 10 2
left_child=5 2 13 19 7 6 15 8 10 12 -5 -8 -9 -2 -14 22 -6 -17 21 -4 -18 -15 -1 -24 25 26 -25 28 29 -23
right_child=1 -3 3 4 16 -7 11 9 -10 -11 -12 -13 14 18 -16 17 20 -19 -20 -21 -22 27 23 24 -26 -27 -28 -29 -30 -31
leaf_value=-0.0001705910889566415 -0.00052538685843680339 -0.00014468609040135244 -0.00020756821188752707 0.00024446338061289449 0.0014494197477787649 0.00093651719996705647 -4.7196540374146857e-05 3.2955938788299654e-05 0.0012652494786177864 -0.00012489131707758844 -0.00018119675119622163 -0.0014364966122253288 0.0011413552622812297 -9.0467712342069201e-05 0.00011602109768180965 5.9515817006485579e-05 0.00086981499415392477 0.00060424898179317285 0.00091211383390585852 -0.00080998938119200125 -0.00025293065438745542 0.00010172257009590981 -2.7279933893285659e-05 -0.00019440905604656825 -0.00039853531657575302 0.0010659626497254067 0.00050873836869186556 4.8892678496113675e-05 0.0011490425213402055 0.00038812057872396859
leaf_weight=2531 127 1852 1165 1083 44 60 46 3135 54 3686 385 62 78 1387 99 615 65 194 62 130 69 9113 25283 608 754 40 128 11968 69 936
leaf_count=2531 127 1852 1165 1083 44 60 46 3135 54 3686 385 62 78 1387 99 615 65 194 62 130 69 9113 25283 608 754 40 128 11968 69 936
internal_value=6.86877e-15 3.69967e-05 4.69945e-05 -2.37626e-05 1.2607e-05 -4.33244e-05 -4.52672e-05 7.97633e-07 0.000173007 -3.66563e-05 0.000132829 -0.000844758 6.15425e-05 7.68768e-05 0.000567863 -4.24037e-05 0.000577866 0.000190144 8.01267e-05 -0.000268043 0.000291685 7.79292e-05 -4.88149e-05 -3.73199e-05 -0.000203228 -1.34584e-05 -7.21225e-05 8.85045e-05 0.000135359 0.000128399
internal_weight=65828 35507 33655 9993 8698 30321 30261 8520 1522 6998 1468 108 3312 23662 177 30153 178 809 23535 1295 134 23473 29344 26813 1530 776 736 22086 10118 10049
internal_count=65828 35507 33655 9993 8698 30321 30261 8520 1522 6998 1468 108 3312 23662 177 30153 178 809 23535 1295 134 23473 29344 26813 1530 776 736 22086 10118 10049
is_linear=0
shrinkage=0.03


Tree=133
num_leaves=31
num_cat=0
split_feature=47 1 33 7 34 20 14 46 10 35 67 6 8 62 32 66 10 78 64 26 21 36 70 58 22 14 43 65 45 77
split_gain=0.113665 0.0910645 0.0719759 0.101448 0.0789718 0.0619557 0.0583575 0.0563634 0.0563604 0.0546229 0.0544234 0.052672 0.0567288 0.0484265 0.0628001 0.0476517 0.0460372 0.0525782 0.0448573 0.044184 0.0556278 0.0572459 0.0528054 0.0595122 0.0636536 0.0457259 0.0564632 0.0996273 0.0667766 0.12482
threshold=0.034903753548860557 1.5000000000000002 8.0312500000000018 0.54166666666666685 8.6217904090881365 1.5000000000000002 0.28500000000000009 -0.0065367433708161107 0.54358379062895745 0.30368906259536749 -0.037357337460765715 0.77500000000000013 0.80100000000000016 42.100000000000009 8.1142005920410174 0.4695893749594689 0.76882591093117425 198.30000000000004 3.1666666666666674 28.500000000000004 1.0000000180025095e-35 0.3394350558519364 57.500000000000007 32.500000000000007 9.5000000000000018 0.080000000000000002 0.42123915255069738 31.916666666666671 0.50084650516510021 410.40000000000003
decision_type=8 8 8 10 10 2 10 10 8 10 10 10 10 10 10 10 10 2 8 2 2 10 10 10 2 10 10 8 10 2
left_child=6 7 5 -4 11 13 9 -2 18 16 -7 12 15 14 -3 -5 -1 -18 -9 20 21 -10 -22 -24 -25 26 -21 -28 -29 -30
right_child=1 2 3 4 -6 10 -8 8 19 -11 -12 -13 -14 -15 -16 -17 17 -19 -20 25 22 -23 23 24 -26 -27 27 28 29 -31
leaf_value=-5.7883605783173869e-05 0.00053634273118109677 1.1297843028133635e-05 -6.4492081232705246e-05 -1.5873917688504267e-05 0.00064222824239336385 -0.00017138286089175378 0.00016227017693440626 -0.00032189850407296315 0.00011591175707778899 -0.00098466405461199191 0.00077661588941210574 -0.00099636235808929995 0.00062453660145613617 -0.00019714784185923453 0.0010009844704548193 -0.00075908824128281935 -4.4376601628657127e-05 0.0011399779314148961 3.3892023564918116e-06 0.00012252180408939918 0.00021170520012934243 0.00093618907144096168 0.0016242396474324592 0.0012712821302439778 5.2408230163992436e-05 -3.5496528135785451e-05 0.00081406854858729412 -8.8640795910013601e-05 -5.1588955795436735e-05 -0.0021943855774661644
leaf_weight=25412 231 11315 2346 115 51 80 1141 416 4180 57 171 192 44 1044 58 239 74 62 4606 8641 336 78 59 62 102 3275 104 1234 63 40
leaf_count=25412 231 11315 2346 115 51 80 1141 416 4180 57 171 192 44 1044 58 239 74 62 4606 8641 336 78 59 62 102 3275 104 1234 63 40
internal_value=3.18038e-14 3.26114e-05 -2.34081e-05 -0.00015588 -0.000490352 7.82764e-06 -4.76527e-05 7.00462e-05 6.54026e-05 -5.70072e-05 0.000474465 -0.000588253 -0.000391377 -1.60507e-06 1.6345e-05 -0.000517649 -5.49375e-05 0.00049555 -2.35562e-05 8.99844e-05 0.000167877 0.000130938 0.000449245 0.000807154 0.000513202 6.18937e-05 9.35296e-05 -8.03228e-05 -0.000149894 -0.000883743
internal_weight=65828 39082 15655 2987 641 12668 26746 23427 23196 25605 251 590 398 12417 11373 354 25548 136 5022 18174 4817 4258 559 223 164 13357 10082 1441 1337 103
internal_count=65828 39082 15655 2987 641 12668 26746 23427 23196 25605 251 590 398 12417 11373 354 25548 136 5022 18174 4817 4258 559 223 164 13357 10082 1441 1337 103
is_linear=0
shrinkage=0.03


Tree=134
num_leaves=31
num_cat=0
split_feature=34 21 6 44 54 59 15 70 26 17 57 42 66 60 14 41 32 43 36 50 66 6 75 66 42 14 63 9 70 22
split_gain=0.108488 0.08344 0.072277 0.0588461 0.0587906 0.0593919 0.0758085 0.0579525 0.0564196 0.0562715 0.0549732 0.0543331 0.0751706 0.0656767 0.0808361 0.0713818 0.0605064 0.0842865 0.0533 0.0519193 0.0508656 0.0553394 0.0505057 0.0536049 0.0576931 0.0686458 0.060905 0.0601949 0.0798196 0.0820235
threshold=6.9470176696777353 0.17500000000000002 0.15500000000000003 0.4270350188016892 0.06698718294501306 37.166666666666679 -0.056559675975764188 17.500000000000004 5.5000000000000009 5.5000000000000009 0.033012822270393379 0.21165713667869571 0.79368893057107937 34.366666666666674 -0.024999999999999963 0.15066637098789218 5.44016456604004 0.090163964778184905 0.17975400388240817 0.53271260857582103 6.4677278399467477 0.92500000000000016 10.500000000000002 0.97730762138962757 0.25678059458732611 -0.044999999999999978 0.52515480324962338 0.86333898564171996 62.500000000000007 32.500000000000007
decision_type=10 2 8 10 8 10 10 8 2 2 10 10 8 10 10 8 10 10 10 8 10 10 2 8 10 10 8 10 8 2
left_child=1 2 -1 7 5 10 -7 -3 -6 20 -2 12 -11 14 -14 -15 -17 -18 -19 -9 21 -10 23 -4 26 -26 27 -25 29 -29
right_child=4 3 22 -5 8 6 -8 19 9 11 -12 -13 13 15 -16 16 17 18 -20 -21 -22 -23 -24 24 25 -27 -28 28 -30 -31
leaf_value=-9.419617045142281e-05 0.00041465404950191865 0.0011032437404617688 -3.8198957233804228e-05 0.0010813962084810353 -0.00037648937464216915 0.0012087028241920762 -0.00036189201282446875 -7.514530529204105e-05 0.00035379085425280081 0.00074438015239373326 0.0017943720660998292 0.00013877700872890714 9.5422080824694901e-05 -0.00063589716443352188 -0.0012122454873420231 0.0010402921082613128 -0.0010358907733418381 0.0005548262346942133 -4.8578487161838852e-05 0.0001315544706597554 -0.00042689331250254654 0.001270578162974826 -0.00012365967347115743 7.9253425182122334e-05 -0.0016451167076302225 -8.3095337284485921e-05 1.4419178803750712e-06 0.00028474868728153526 0.00010938893216493537 0.0013306531334877027
leaf_weight=10701 51 50 17015 54 217 41 85 1482 580 93 53 3989 72 162 104 52 67 164 670 4174 66 66 3100 6654 40 69 15282 144 404 127
leaf_count=10701 51 50 17015 54 217 41 85 1482 580 93 53 3989 72 162 104 52 67 164 670 4174 66 66 3100 6654 40 69 15282 144 404 127
internal_value=1.95246e-13 -1.27825e-05 -2.44556e-05 9.57119e-05 0.000116037 0.000587152 0.000149175 8.63837e-05 9.8843e-05 0.000115794 0.00111778 8.25842e-05 -7.93762e-05 -0.000138717 -0.000677291 -5.37049e-05 4.52617e-05 -1.21651e-05 7.00766e-05 7.73945e-05 0.000366407 0.000447456 -7.03306e-06 2.06579e-06 3.222e-05 -0.000656314 3.55392e-05 0.000106637 0.000376578 0.000774896
internal_weight=65828 59296 53536 5760 6532 230 126 5706 6302 6085 104 5373 1384 1291 176 1115 953 901 834 5656 712 646 42835 39735 22720 109 22611 7329 675 271
internal_count=65828 59296 53536 5760 6532 230 126 5706 6302 6085 104 5373 1384 1291 176 1115 953 901 834 5656 712 646 42835 39735 22720 109 22611 7329 675 271
is_linear=0
shrinkage=0.03


Tree=135
num_leaves=31
num_cat=0
split_feature=34 38 66 26 29 35 33 6 52 58 28 42 63 65 35 62 26 65 65 21 14 45 35 77 11 8 56 21 42 10
split_gain=0.102581 0.0707253 0.0675372 0.0755933 0.0636831 0.0626615 0.0614615 0.0590286 0.0749548 0.059167 0.0753809 0.0584188 0.0572141 0.0548259 0.0682921 0.0548009 0.0539423 0.0525812 0.0526247 0.0521474 0.0552156 0.0515157 0.0514449 0.0981988 0.0565708 0.0510735 0.0597413 0.0487542 0.048781 0.0666199
threshold=2.5018248558044438 0.16135975718498233 inf 7.5000000000000009 6.3666667938232431 0.10006122291088106 6.3100962638854989 0.91500000000000015 0.52859836816787731 40.500000000000007 10.833333492279055 0.10667693987488748 0.61643648674169438 32.083333333333343 0.32305502891540533 43.100000000000009 8.5000000000000018 42.916666666666679 39.416666666666679 0.34500000000000008 0.090000000000000011 0.14702812582254413 0.34248121082782751 1079.5500000000002 0.66024847890156413 0.69225000000000014 0.28243665397167211 0.50500000000000012 0.20273505151271823 0.77831196581196593
decision_type=8 10 8 2 10 10 10 8 8 10 10 10 10 10 10 10 2 10 10 2 10 10 10 2 10 8 10 2 10 8
left_child=1 6 3 4 5 -2 16 9 -9 22 21 15 -6 14 -10 -4 -1 18 -12 -18 -21 -11 -5 24 -24 -15 -27 -13 -29 -30
right_child=2 -3 11 7 12 -7 -8 8 13 10 17 27 -14 25 -16 -17 19 -19 -20 20 -22 -23 23 -25 -26 26 -28 28 29 -31
leaf_value=2.6558944622696933e-05 -0.00032430788136209347 -0.00079858314573160697 2.2016355843861898e-05 4.7473127543061254e-05 -0.00096261889974059338 2.2053499630457829e-05 0.00085443117787413622 -0.00085158406446377434 0.00030906893602383138 -1.8391033974888584e-05 0.0002036370113492012 0.00013066009266144265 0.00017517666811020012 0.00069739908760444759 0.0014922811450408201 -0.00047767907920358488 -7.9331295299738902e-05 -0.00025577092665480448 0.0015707813526889118 -1.9179170835322407e-05 0.00039515526745150062 -0.00018579130374221376 -0.00029255808687040643 0.00078115724007085218 -0.0012481343009417287 9.0128419557998466e-05 -0.00086236866805120373 0.00086351239398761411 -0.00051428336344952821 0.00094179915125541227
leaf_weight=7569 752 111 2430 12527 151 1254 69 72 422 4188 45 6662 54 123 49 215 19482 45 58 890 429 2735 184 58 80 4830 60 166 71 47
leaf_count=7569 752 111 2430 12527 151 1254 69 72 422 4188 45 6662 54 123 49 215 19482 45 58 890 429 2735 184 58 80 4830 60 166 71 47
internal_value=-2.31894e-13 -4.27931e-05 3.27738e-05 9.00757e-06 -0.000159258 -0.000107789 -3.98432e-05 2.3611e-05 0.000110078 -5.06025e-07 -7.02025e-05 0.000101381 -0.000662907 0.000122704 0.000432163 -1.86016e-05 -4.20182e-05 0.000599725 0.000973485 -6.69718e-05 0.000115582 -8.45242e-05 3.7849e-05 -0.000336566 -0.000582127 9.36282e-05 7.84413e-05 0.00014707 0.000532019 6.56817e-05
internal_weight=65828 28550 37278 27687 2211 2006 28439 25476 5556 19920 7071 9591 205 5484 471 2645 28370 148 103 20801 1319 6923 12849 322 264 5013 4890 6946 284 118
internal_count=65828 28550 37278 27687 2211 2006 28439 25476 5556 19920 7071 9591 205 5484 471 2645 28370 148 103 20801 1319 6923 12849 322 264 5013 4890 6946 284 118
is_linear=0
shrinkage=0.03


Tree=136
num_leaves=31
num_cat=0
split_feature=34 21 6 44 54 59 15 70 57 26 6 14 28 30 36 60 33 41 71 68 58 34 63 66 10 50 7 52 46 13
split_gain=0.0993834 0.0765228 0.0662822 0.0553312 0.0553114 0.0556231 0.0713773 0.0543618 0.0516791 0.0506281 0.0549149 0.0578074 0.0649222 0.0640583 0.0587637 0.0599433 0.071968 0.0591472 0.0615188 0.0584703 0.0548924 0.0539313 0.0518126 0.0516144 0.0495851 0.0491736 0.0492731 0.0482262 0.0472441 0.0462729
threshold=6.9470176696777353 0.17500000000000002 0.15500000000000003 0.4270350188016892 0.06698718294501306 37.166666666666679 -0.056559675975764188 17.500000000000004 0.033012822270393379 5.5000000000000009 0.19500000000000003 0.25500000000000012 13.166666507720949 8.7750000953674334 0.18143789470195773 34.366666666666674 8.8090910911560076 0.31462320685386663 14.500000000000002 1.0000000180025095e-35 42.500000000000007 7.4837386608123788 0.69340593138265672 0.84175001829862606 0.84796367638965331 0.53271260857582103 0.034166666666666672 1.6961538791656496 0.29346959292888647 1.0000000180025095e-35
decision_type=10 2 8 10 8 10 10 8 10 2 8 8 10 10 10 10 8 8 8 2 10 10 10 8 10 8 10 10 10 10
left_child=1 2 -1 7 5 8 -7 -3 -2 -6 -11 12 13 23 -15 17 -17 18 -16 -14 -13 -22 -18 -12 -25 -9 -27 29 -23 -4
right_child=4 3 27 -5 9 6 -8 25 -10 10 11 20 19 14 15 16 22 -19 -20 -21 21 28 -24 24 -26 26 -28 -29 -30 -31
leaf_value=-9.0198890418918048e-05 0.00039980532269349647 0.0010674748635850868 3.5172611300286283e-07 0.0010474592019131201 -0.00035589165756307766 0.0011722657556372989 -0.00035173521400429307 -7.4537603430637782e-05 0.0017375478258725464 0.0010372395918851619 0.00068111007710313905 0.00050488958876452694 -0.001105053992234642 0.0012792012061032911 0.00055872850696652918 -0.00034485512537692919 0.00018211740880950107 0.00012762976008363897 0.0021063299818396023 0.00024976055564669274 0.0006590295133180917 -0.00081598388913142327 0.0011131058723965125 -4.3824907492828397e-06 -0.00085469943881478334 -0.0002078591041940326 0.00015838589873412679 -0.00045701698272059216 0.00013954958098022792 -0.00020676509270164785
leaf_weight=10701 51 50 41628 54 217 41 85 1482 53 57 97 556 79 46 53 238 1370 81 41 45 75 85 56 3040 63 362 3812 213 103 994
leaf_count=10701 51 50 41628 54 217 41 85 1482 53 57 97 556 79 46 53 238 1370 81 41 45 75 85 56 3040 63 362 3812 213 103 994
internal_value=2.10555e-13 -1.22344e-05 -2.34131e-05 9.16656e-05 0.000111061 0.000568024 0.00014417 8.26202e-05 0.00108154 9.43838e-05 0.000110441 0.000101678 6.484e-05 8.13789e-05 0.000220113 0.000193621 0.000138076 0.000721772 0.00123375 -0.000613387 0.000335972 -2.11324e-05 0.000218678 -3.44112e-07 -2.16464e-05 7.3914e-05 0.000126622 -6.72878e-06 -0.000292474 -4.47851e-06
internal_weight=65828 59296 53536 5760 6532 230 126 5706 104 6302 6085 6028 5209 5085 1885 1839 1664 175 94 124 819 263 1426 3200 3103 5656 4174 42835 188 42622
internal_count=65828 59296 53536 5760 6532 230 126 5706 104 6302 6085 6028 5209 5085 1885 1839 1664 175 94 124 819 263 1426 3200 3103 5656 4174 42835 188 42622
is_linear=0
shrinkage=0.03


Tree=137
num_leaves=31
num_cat=0
split_feature=47 1 33 7 26 34 46 14 20 35 10 67 38 14 44 30 22 42 58 62 15 12 67 40 75 28 66 66 70 30
split_gain=0.0955307 0.0783999 0.0662798 0.101688 0.0541278 0.0630362 0.0536744 0.0533213 0.0515007 0.0510711 0.0504071 0.0476771 0.0475832 0.0559069 0.0455443 0.0529661 0.0733548 0.0498395 0.0482106 0.0447995 0.0514648 0.055998 0.054063 0.0493631 0.0778199 0.0786858 0.058668 0.0573814 0.0504774 0.0623573
threshold=0.034903753548860557 1.5000000000000002 9.5166668891906756 0.54166666666666685 14.500000000000002 7.3400239944458017 -0.0065367433708161107 0.28500000000000009 1.5000000000000002 0.30368906259536749 0.57325203252032531 -0.037357337460765715 0.19668226689100268 0.17500000000000007 0.058385759592056281 5.7321429252624521 30.500000000000004 0.10947311297059061 44.500000000000007 34.900000000000006 -0.12849860062265758 0.73068701915480483 -0.0041225456451246525 0.13942961394786837 8.5000000000000018 4.7278480529785165 0.65203792601823818 1.8262774646282198 61.500000000000007 4.6247093677520761
decision_type=8 8 8 10 2 10 10 10 2 10 8 10 8 10 10 10 2 10 10 8 8 10 10 10 2 10 8 8 10 10
left_child=7 6 8 -4 -5 12 -2 9 -3 14 -8 -10 13 -6 15 -1 -17 -18 -19 20 21 22 -12 24 25 26 -22 -27 -25 -30
right_child=1 2 3 4 5 -7 10 -9 11 -11 19 -13 -14 -15 -16 16 17 18 -20 -21 23 -23 -24 28 -26 27 -28 -29 29 -31
leaf_value=-5.0645635208515311e-05 0.00051966896437103034 -1.5252723499773845e-06 -6.6725200032922852e-05 -0.0011218468870923836 -0.0002001492680246371 0.00073075202892401389 -1.6728510274962363e-05 0.00015697399247949136 -0.00016413944650254511 -0.00094961829740848179 0.00049148642515846363 0.00070969486096773523 -0.0013565167932654729 -0.0012789275549927399 -0.00032295479455230283 -0.00017437389955182183 0.0015492393839771725 0.00016506253445880826 0.0011906686927276578 4.2582147575856808e-05 -7.6020540593397575e-06 -0.00013669224323140799 0.0016297669263128356 0.00014137225096665489 -0.00024438531467437197 0.00032101442966357631 0.00038315344528127042 0.0015715686560608447 0.00045942208096159064 -0.00011609012797056479
leaf_weight=24557 231 12540 2322 109 284 42 5773 1141 83 57 114 174 50 51 541 188 42 165 55 9690 496 71 56 3715 249 59 1142 75 190 1566
leaf_count=24557 231 12540 2322 109 284 42 5773 1141 83 57 114 174 50 51 541 188 42 165 55 9690 496 71 56 3715 249 59 1142 75 190 1566
internal_value=2.09469e-13 2.9897e-05 -2.20813e-05 -0.000152701 -0.000525155 -0.000372838 6.46314e-05 -4.36864e-05 7.09044e-06 -5.26282e-05 6.00998e-05 0.000427484 -0.00049323 -0.000364381 -5.06269e-05 -4.47354e-05 0.000277795 0.000602252 0.000421464 8.55564e-05 0.000139406 0.000570918 0.000866449 0.000125526 0.000252225 0.000322008 0.000264829 0.00102095 7.87225e-05 -5.38194e-05
internal_weight=65828 39082 15655 2858 536 427 23427 26746 12797 25605 23196 257 385 335 25548 25007 450 262 220 17423 7733 241 170 7492 2021 1772 1638 134 5471 1756
internal_count=65828 39082 15655 2858 536 427 23427 26746 12797 25605 23196 257 385 335 25548 25007 450 262 220 17423 7733 241 170 7492 2021 1772 1638 134 5471 1756
is_linear=0
shrinkage=0.03


Tree=138
num_leaves=31
num_cat=0
split_feature=32 61 34 31 60 63 35 65 78 66 51 70 60 45 65 21 68 26 37 35 41 5 41 58 45 8 45 43 22 31
split_gain=0.0922699 0.065396 0.0648856 0.0551468 0.0549092 0.0725519 0.0551448 0.054666 0.0624429 0.0532324 0.0627631 0.0673296 0.0552287 0.0717798 0.0528684 0.0514802 0.0514512 0.0690909 0.0489264 0.057034 0.0530378 0.0473904 0.0567928 0.0525024 0.0848762 0.0741199 0.0775316 0.0487158 0.0960179 0.0900061
threshold=6.0708820819854745 30.833333333333339 2.8639168739318852 6.0078918933868417 38.100000000000009 0.57359226649342909 0.068573668599128737 39.916666666666679 425.30000000000001 0.25084566138684755 0.92964085936546337 51.500000000000007 28.900000000000002 0.2878501564264298 38.208333333333343 0.17500000000000002 1.0000000180025095e-35 34.500000000000007 0.2177529186010361 0.21680375933647159 0.22312270849943164 1.0000000180025095e-35 0.13546615839004519 24.500000000000004 0.21548341214656833 0.90450000000000019 0.28436063230037695 0.078456193208694472 11.500000000000002 6.441847801208497
decision_type=10 10 8 10 8 10 8 10 2 10 10 8 8 10 8 2 2 2 10 10 8 2 10 8 10 10 8 8 2 10
left_child=1 2 -1 4 5 -2 -6 14 -9 10 12 -12 13 16 -8 -3 17 -4 20 -20 -11 23 -23 24 -5 26 -26 28 -25 -30
right_child=3 15 9 21 6 -7 7 8 -10 18 11 -13 -14 -15 -16 -17 -18 -19 19 -21 -22 22 -24 27 25 -27 -28 -29 29 -31
leaf_value=-1.4288678790461859e-05 0.00027424681196785771 -4.5639450162049741e-05 0.0017051345837535337 -0.001580593313764049 -0.00039648555826804624 -0.00090690705700710952 0.00079325872586466647 0.0008478419230982581 -0.00063034912652530986 4.7392335862784981e-05 0.00070695287147650441 -0.00072660107421272961 0.00024476967318327913 0.0017925996712329698 0.0019880879897960849 6.4575879821373604e-05 -9.9240230581926876e-05 0.00024777724256447114 6.2705798677672626e-05 -0.001296694068758584 0.00048712305144506262 -0.0010735860932924736 -9.1163802762291816e-05 -0.00085590749788389073 0.00069061512057669457 0.00083116339879909769 -0.00084625519721447356 0.00010751720891673792 0.00090354626814422023 -0.0001457056819824533
leaf_weight=7266 285 37502 52 42 41 56 121 64 43 3273 41 105 1202 47 46 4246 80 67 61 51 267 57 747 140 40 56 113 9180 88 449
leaf_count=7266 285 37502 52 42 41 56 121 64 43 3273 41 105 1202 47 46 4246 80 67 61 51 267 57 747 140 40 56 113 9180 88 449
internal_value=-7.18477e-14 -1.63997e-05 4.37608e-05 7.69231e-05 0.000344071 8.02743e-05 0.000629642 0.000783187 0.000253803 0.000124163 0.000268812 -0.000324028 0.000328587 0.000738134 0.00112237 -3.44299e-05 0.00048909 0.000884606 6.1027e-05 -0.000556307 8.05585e-05 6.08628e-05 -0.000160813 7.84952e-05 -0.000349968 -0.000102665 -0.000444459 8.94056e-05 -0.000156184 2.62388e-05
internal_weight=65828 54260 12512 11568 656 341 315 274 107 5246 1594 146 1448 246 167 41748 199 119 3652 112 3540 10912 804 10108 251 209 153 9857 677 537
internal_count=65828 54260 12512 11568 656 341 315 274 107 5246 1594 146 1448 246 167 41748 199 119 3652 112 3540 10912 804 10108 251 209 153 9857 677 537
is_linear=0
shrinkage=0.03


Tree=139
num_leaves=31
num_cat=0
split_feature=34 21 6 54 59 64 44 70 57 75 42 14 66 63 46 9 71 70 14 70 43 35 41 38 43 71 26 6 14 28
split_gain=0.0877435 0.068148 0.0590489 0.0524201 0.052311 0.0676204 0.0512094 0.0510493 0.0486056 0.0471187 0.0492743 0.0641948 0.0499646 0.0537859 0.0578662 0.0548044 0.0784518 0.0628502 0.0625666 0.0556965 0.0534038 0.0541687 0.0531608 0.0526326 0.0488674 0.048725 0.0463009 0.051742 0.0544709 0.0611494
threshold=6.9470176696777353 0.17500000000000002 0.15500000000000003 0.06698718294501306 37.166666666666679 5.166666666666667 0.4270350188016892 17.500000000000004 0.033012822270393379 10.500000000000002 0.25678059458732611 -0.044999999999999978 0.97730762138962757 0.52515480324962338 0.35976304113864904 0.86333898564171996 12.500000000000002 62.500000000000007 -0.11 51.500000000000007 0.259899452328682 0.23861283808946612 0.23531072586774829 0.22419096529483798 -0.039640860632061951 8.5000000000000018 5.5000000000000009 0.19500000000000003 0.25500000000000012 13.166666507720949
decision_type=10 2 8 8 10 10 10 8 10 2 10 10 8 8 10 10 10 10 10 10 8 10 10 10 8 10 2 8 8 10
left_child=1 2 -1 4 8 -6 7 -3 -2 10 12 -12 -4 15 -15 24 17 18 -17 20 23 -22 25 -20 -14 -16 -5 -28 29 -29
right_child=3 6 9 26 5 -7 -8 -9 -10 -11 11 -13 13 14 22 16 -18 -19 19 -21 21 -23 -24 -25 -26 -27 27 28 -30 -31
leaf_value=-8.5081344663241016e-05 0.000386055122662048 0.0010322293538600207 -3.4590120865877337e-05 -0.00034248408162161653 -0.00061434275649311341 0.00078002391155357201 0.0010060583769195039 6.9415350772504927e-05 0.0016834080794536209 -0.00011894549218775336 -0.0015906910905323457 -8.015947393647839e-05 -0.00045757960012308198 1.1284874810467284e-05 -0.00089140078504850991 0.001518397757913484 0.001252618114813231 -0.00025298209319145261 7.6454415453659468e-05 0.0010342779850085301 0.0012710480515201387 8.9107999636325985e-05 8.7344648971111384e-05 -0.0011561546009033919 8.6581116796355753e-05 -2.4333588220981942e-05 0.0010031003014821756 7.5260817655963154e-05 0.00032240076720698683 -0.0005990158464954865
leaf_weight=10701 51 50 17015 217 58 68 54 5656 53 3100 40 69 152 14858 177 43 78 167 121 77 57 90 160 42 6502 87 57 5085 819 124
leaf_count=10701 51 50 17015 217 58 68 54 5656 53 3100 40 69 152 14858 177 43 78 167 121 77 57 90 160 42 6502 87 57 5085 819 124
internal_value=1.50981e-13 -1.14957e-05 -2.20449e-05 0.000104355 0.000549214 0.000138173 8.65541e-05 7.78522e-05 0.00104721 -6.29725e-06 2.49121e-06 -0.000634483 4.24335e-06 3.34659e-05 1.4233e-06 0.000100279 0.00035785 0.000240945 0.000432773 0.000312148 0.00013278 0.000547411 -0.000344151 -0.00024115 7.41506e-05 -0.000605663 8.81192e-05 0.000103475 9.49684e-05 5.92097e-05
internal_weight=65828 59296 53536 6532 230 126 5760 5706 104 42835 39735 109 39626 22611 15282 7329 675 597 430 387 310 147 424 163 6654 264 6302 6085 6028 5209
internal_count=65828 59296 53536 6532 230 126 5760 5706 104 42835 39735 109 39626 22611 15282 7329 675 597 430 387 310 147 424 163 6654 264 6302 6085 6028 5209
is_linear=0
shrinkage=0.03


Tree=140
num_leaves=31
num_cat=0
split_feature=34 1 17 42 21 26 11 33 14 10 6 64 33 52 30 62 60 35 37 46 71 12 57 62 21 46 11 45 14 57
split_gain=0.0838227 0.0736936 0.0876048 0.117951 0.0671221 0.064819 0.0630215 0.0759668 0.0700145 0.0549147 0.0537989 0.0507578 0.0502623 0.0501197 0.0497986 0.0854696 0.0613145 0.0563179 0.0484282 0.0519235 0.0481791 0.0467872 0.0466104 0.0720348 0.0503225 0.0464444 0.0462348 0.076972 0.064396 0.0594848
threshold=1.4556258916854861 2.5000000000000004 4.5000000000000009 0.15385086089372638 0.115 17.500000000000004 0.48779006424017451 3.1483516693115239 0.50500000000000012 0.0575817860300619 0.85500000000000009 5.8333333333333348 5.8819444179534921 0.88194444775581371 11.562500000000002 33.100000000000009 38.100000000000009 0.3364779949188233 0.098547101020813002 0.18339890986680987 8.5000000000000018 0.30598581597962887 0.071516755968332305 39.100000000000009 1.2300000000000002 0.50123700499534618 0.63894768175765992 0.37512509524822241 0.4850000000000001 0.20246598869562152
decision_type=8 8 2 8 2 2 10 10 8 8 8 10 8 10 8 8 10 8 8 10 10 10 8 10 2 10 8 8 10 10
left_child=5 4 9 6 10 -1 7 -4 -9 21 25 13 -8 20 26 -16 -17 -18 19 -11 -5 -3 23 -6 -24 -2 27 28 29 -12
right_child=1 2 3 11 22 -7 12 8 -10 18 14 -13 -14 -15 15 16 17 -19 -20 -21 -22 -23 24 -25 -26 -27 -28 -29 -30 -31
leaf_value=-5.6554241483832985e-06 8.5425213532182893e-07 4.878813056987303e-05 -3.9632326740544989e-05 0.00094977104612293509 0.00010724283355071765 -0.00012879980629345667 -0.00023043770647209329 0.0002767649916296994 0.0015866958971345435 -0.00014620128096138002 0.00026442444165564551 0.0015749349311936828 -0.001157000009400127 -0.00039463789594055225 0.0015157710111296703 -0.0006975755193875206 0.0011258360868426581 5.9445626986696602e-05 -0.00036665844415268166 0.00093404714040821633 -1.1164725596166174e-05 0.0011165681228352089 0.00017452764695154692 -0.00064111312063517894 0.0010973833229056455 -0.0007958903767443685 5.0478416731126183e-05 0.0015849636403145267 -0.00040350021090643608 0.0013359887936474899
leaf_weight=8581 28437 206 2185 147 412 6973 322 352 41 1721 451 41 63 52 56 52 72 117 1225 41 69 45 3496 161 54 66 10180 40 118 52
leaf_count=8581 28437 206 2185 147 412 6973 322 352 41 1721 451 41 63 52 56 52 72 117 1225 41 69 45 3496 161 54 66 10180 40 118 52
internal_value=5.79033e-14 1.88298e-05 -7.53445e-05 3.41334e-05 3.28385e-05 -6.08622e-05 -2.4034e-05 2.94333e-05 0.000413424 -0.000185972 2.08565e-05 0.0005919 -0.000382057 0.00044151 7.67649e-05 0.000460015 0.000214695 0.00046569 -0.000221785 -0.000121065 0.000642805 0.000240223 0.000148041 -0.000103028 0.000188565 -9.90646e-07 6.62653e-05 0.000309398 0.000227236 0.000375202
internal_weight=65828 50274 6510 3272 43764 15554 2963 2578 393 3238 39641 309 385 268 11138 297 241 189 2987 1762 216 251 4123 573 3550 28503 10841 661 621 503
internal_count=65828 50274 6510 3272 43764 15554 2963 2578 393 3238 39641 309 385 268 11138 297 241 189 2987 1762 216 251 4123 573 3550 28503 10841 661 621 503
is_linear=0
shrinkage=0.03


Tree=141
num_leaves=31
num_cat=0
split_feature=34 21 6 54 59 15 44 70 66 57 52 35 50 7 17 1 66 26 30 37 14 10 43 31 15 39 70 46 38 77
split_gain=0.0794892 0.0621171 0.0539513 0.0493659 0.0493693 0.0662345 0.0477873 0.0479085 0.0458629 0.0455965 0.0454772 0.0452978 0.0446296 0.044883 0.0441413 0.0740213 0.0461516 0.0503445 0.0433705 0.0638051 0.0424421 0.0430063 0.067018 0.0684917 0.0619723 0.0622632 0.0545089 0.0541297 0.0539289 0.0511072
threshold=6.9470176696777353 0.17500000000000002 0.15500000000000003 0.06698718294501306 37.166666666666679 -0.056559675975764188 0.4270350188016892 17.500000000000004 0.79368893057107937 0.033012822270393379 1.6961538791656496 0.12861869484186175 0.53271260857582103 0.034166666666666672 1.0000000180025095e-35 2.5000000000000004 0.14404658414423469 24.500000000000004 3.5357142686843877 0.1008838899433613 -0.62499999999999978 0.73820649755229206 0.090960595756769194 4.7137584686279306 -0.44707503743332494 0.18308463692665103 56.500000000000007 0.19265936315059665 0.17307414114475253 1802.3500000000001
decision_type=10 2 8 8 10 10 10 8 8 10 10 10 8 10 2 8 8 2 8 10 8 8 8 10 10 8 8 10 8 2
left_child=1 2 -1 4 9 -6 7 -3 -5 -2 14 -12 -9 -14 15 18 -16 -18 19 -4 -10 24 23 -23 -22 26 -26 -25 -27 -30
right_child=3 6 10 8 5 -7 -8 12 20 -11 11 -13 13 -15 16 -17 17 -19 -20 -21 21 22 -24 27 25 28 -28 -29 29 -31
leaf_value=-8.1267364498918996e-05 0.00037445907279855901 0.00099881539747584598 -4.4946202171603358e-05 0.0006694470013185233 0.0011220790935316826 -0.00034599228357718158 0.00097091926568989738 -7.5336427974504589e-05 0.001046438617981039 0.0016310115101475944 0.00032657933392329138 -0.00069185968939293029 -0.00020292942536170259 0.00014661939407729409 -9.6433702422126137e-05 -0.00035308246701752199 5.9082295586245802e-05 -1.3587048118425211e-05 0.00019246337450003919 -0.00095833974843844761 -0.00094825482683686107 0.00034283397126833173 0.00016006845072317048 -0.00034142021925163133 -0.0001826791195404306 -0.0011846427268465049 0.00047329757510088187 -0.0015587125127669423 -0.00011481476244294408 0.00053486130468977176
leaf_weight=10701 51 50 493 118 41 85 54 1482 40 53 52 161 362 3812 3804 853 13628 23164 600 80 65 78 3571 96 164 40 374 50 1589 117
leaf_count=10701 51 50 493 118 41 85 54 1482 40 53 52 161 362 3812 3804 853 13628 23164 600 80 65 78 3571 96 164 40 374 50 1589 117
internal_value=4.91408e-14 -1.09416e-05 -2.10133e-05 9.93252e-05 0.00053103 0.000131713 8.26692e-05 7.4263e-05 8.35696e-05 0.00101482 -5.96066e-06 -0.000443227 6.60898e-05 0.000116304 -3.77546e-06 -0.000140438 3.04486e-06 1.33302e-05 1.41964e-05 -0.000172471 7.23902e-05 6.60487e-05 0.000128494 -0.00037487 -3.48362e-05 -8.84136e-06 0.000273334 -0.000758301 -9.5789e-05 -7.0259e-05
internal_weight=65828 59296 53536 6532 230 126 5760 5706 6302 104 42835 213 5656 4174 42622 2026 40596 36792 1173 573 6184 6144 3795 224 2349 2284 538 146 1746 1706
internal_count=65828 59296 53536 6532 230 126 5760 5706 6302 104 42835 213 5656 4174 42622 2026 40596 36792 1173 573 6184 6144 3795 224 2349 2284 538 146 1746 1706
is_linear=0
shrinkage=0.03


Tree=142
num_leaves=31
num_cat=0
split_feature=32 61 34 31 60 63 35 65 78 43 65 26 39 41 54 63 66 41 7 15 22 77 51 77 21 17 44 22 12 6
split_gain=0.0764353 0.0598511 0.0569736 0.0513196 0.0523715 0.0679945 0.0513998 0.0515568 0.0582453 0.051672 0.0531937 0.0512397 0.0499292 0.0768501 0.0587858 0.0632362 0.0573425 0.0610073 0.0844295 0.0514378 0.0508973 0.0489331 0.0492193 0.0546137 0.0480441 0.0696438 0.0619403 0.0472711 0.0467172 0.0464736
threshold=6.0708820819854745 30.833333333333339 2.8639168739318852 6.0078918933868417 38.100000000000009 0.57359226649342909 0.068573668599128737 39.916666666666679 425.30000000000001 0.16840741783380511 37.291666666666679 106.50000000000001 0.1648666709661484 0.23264102637767795 0.079034391790628447 0.5884585718345311 0.54422651231288921 0.19351549446582797 0.52833333333333343 0.062911822893674071 29.500000000000004 2216.6000000000004 0.55987024307250988 458.95000000000005 0.76500000000000012 16.500000000000004 0.18284854292869571 15.500000000000002 0.71743788766961247 0.97500000000000009
decision_type=10 10 8 10 8 10 8 10 2 8 10 2 8 10 8 10 8 8 10 10 2 2 8 2 2 2 10 2 8 10
left_child=1 2 -1 4 5 27 -6 9 -9 10 -8 29 24 14 15 -14 -16 21 -19 20 28 22 -18 -24 -3 26 -26 -2 -20 -4
right_child=3 12 11 -5 6 -7 7 8 -10 -11 -12 -13 13 -15 16 -17 17 18 19 -21 -22 -23 23 -25 25 -27 -28 -29 -30 -31
leaf_value=-1.1768028677929495e-05 -0.00040666249997836228 -2.8541664924197699e-05 0.00012770596591935639 5.4519255713057816e-05 -0.00038405496774741057 -0.00088557845983554479 -9.7731505696363043e-06 0.0008144731579886865 -0.00061316920319831993 0.0016758402928551091 0.0014394154268084092 -0.0002806585076667199 -0.00023866852464225999 0.0008164522544331183 -0.0011010686741104688 -0.001276578181782957 0.00050749337963719411 -5.422070683269183e-05 -0.0016540296651039491 -0.0013469354157568886 -0.00017003666550296834 0.001037629958067555 5.2120253506368379e-05 -0.00038868682804314497 -6.9247373577361818e-05 0.00067505258077839032 0.0011071154178088447 0.00048250880841293667 -0.00031986357824114912 0.0008233095326183749
leaf_weight=7266 72 38556 4883 10912 41 56 53 64 43 74 40 275 130 70 55 89 138 442 51 80 171 40 773 376 477 212 44 213 44 88
leaf_count=7266 72 38556 4883 10912 41 56 53 64 43 74 40 275 130 70 55 89 138 442 51 80 171 40 773 376 477 212 44 213 44 88
internal_value=-4.48622e-14 -1.49263e-05 4.26272e-05 7.00122e-05 0.000327724 7.00947e-05 0.000606618 0.000754857 0.000240748 0.00108426 0.000613534 0.000117968 -3.21753e-05 -0.000163316 -0.000192024 -0.000660467 -0.000144748 -0.000119879 -0.000328967 -0.000679944 -0.000479345 4.28183e-06 -2.78347e-05 -9.21299e-05 -2.39675e-05 0.000216635 3.01e-05 0.000257876 -0.0010361 0.00014002
internal_weight=65828 54260 12512 11568 656 341 315 274 107 167 93 5246 41748 2459 2389 219 2170 2115 788 346 266 1327 1287 1149 39289 733 521 285 95 4971
internal_count=65828 54260 12512 11568 656 341 315 274 107 167 93 5246 41748 2459 2389 219 2170 2115 788 346 266 1327 1287 1149 39289 733 521 285 95 4971
is_linear=0
shrinkage=0.03


Tree=143
num_leaves=31
num_cat=0
split_feature=21 34 1 17 42 5 26 11 33 14 21 6 44 26 14 40 37 30 58 35 33 43 67 43 10 37 47 54 62 21
split_gain=0.0752928 0.0740021 0.0672937 0.0814032 0.110671 0.0676358 0.0634984 0.0625449 0.0711141 0.0658469 0.0610443 0.0561108 0.0541477 0.0514958 0.0657431 0.0782611 0.0629516 0.0543147 0.0728787 0.0609724 0.0598364 0.0646201 0.0574236 0.0704514 0.075739 0.0616067 0.0542072 0.0551472 0.0633414 0.0540371
threshold=1.4550000000000003 1.4556258916854861 2.5000000000000004 4.5000000000000009 0.15385086089372638 1.0000000180025095e-35 8.5000000000000018 0.48779006424017451 3.1483516693115239 0.50500000000000012 0.58500000000000019 0.8650000000000001 0.53053343296051036 37.500000000000007 -0.23499999999999999 0.31345675885677343 0.26677110791206365 6.3541667461395273 26.500000000000004 0.19082633405923846 4.8062500953674325 0.075661260634660735 0.048207733673108551 0.49359793961048132 0.72625313283208037 0.14481799304485324 0.3383271992206574 0.1500915810465813 26.900000000000002 0.075000000000000025
decision_type=2 8 8 2 8 2 2 10 10 8 2 8 10 2 10 8 10 10 10 8 10 10 10 8 10 10 8 10 10 2
left_child=1 6 5 -4 7 10 -1 8 -5 -10 11 12 13 14 -3 16 26 18 19 20 -15 -22 23 24 -19 -24 29 28 -28 -16
right_child=-2 2 3 4 -6 -7 -8 -9 9 -11 -12 -13 -14 17 15 -17 -18 22 -20 -21 21 -23 25 -25 -26 -27 27 -29 -30 -31
leaf_value=2.9214015859801084e-05 0.0011877333001393707 -0.00011365018113709374 -0.00017999060126909275 -3.783129563632532e-05 0.00057259705415542591 -0.00012890185971170599 -0.00010019985361015877 -0.00038230170912251942 0.00026801724169589844 0.001538362603680026 0.0002461950345970996 9.166399271222539e-05 -0.00079917692318181124 0.00017267981233885972 4.5842275110222193e-05 0.0013314227426890284 -0.00058633837254908614 0.00029048086696762835 -7.1202477922461751e-05 -0.00033828145027655406 0.0018469159828964621 0.00039117193050789139 0.00099070215132087466 -0.00041831004670642028 -0.00066616650960126065 -0.00014633967478089272 0.0015627820013905875 -0.00035191570948606539 0.00033634845294798249 0.00028728341577056576
leaf_weight=5059 48 1767 3232 2183 309 2279 10483 382 352 41 1241 10636 74 971 9676 45 127 1652 11997 184 41 83 45 156 78 913 40 99 722 913
leaf_count=5059 48 1767 3232 2183 309 2279 10483 382 352 41 1241 10636 74 971 9676 45 127 1652 11997 184 41 83 45 156 78 913 40 99 722 913
internal_value=3.68755e-13 -8.66695e-07 1.68317e-05 -7.32431e-05 3.23607e-05 3.02155e-05 -5.8075e-05 -2.40737e-05 2.90486e-05 0.000400547 3.8962e-05 3.25676e-05 1.13206e-05 1.33531e-05 5.6838e-05 8.27589e-05 7.79053e-05 -2.27647e-05 -4.82523e-05 0.00016702 0.00025193 0.000872507 9.62133e-05 0.000192289 0.000247349 -9.29296e-05 8.52729e-05 0.000314187 0.000400728 6.66597e-05
internal_weight=65828 65780 50238 6499 3267 43739 15542 2958 2576 393 41460 40219 29583 29509 13389 11622 11577 16120 13276 1279 1095 124 2844 1886 1730 958 11450 861 762 10589
internal_count=65828 65780 50238 6499 3267 43739 15542 2958 2576 393 41460 40219 29583 29509 13389 11622 11577 16120 13276 1279 1095 124 2844 1886 1730 958 11450 861 762 10589
is_linear=0
shrinkage=0.03


Tree=144
num_leaves=31
num_cat=0
split_feature=21 34 1 17 34 5 26 21 6 44 55 30 62 67 26 14 40 37 6 30 58 39 33 44 67 43 10 37 11 77
split_gain=0.070843 0.0696285 0.0633166 0.0765922 0.104353 0.0636385 0.0606582 0.0574366 0.0527947 0.0509476 0.050778 0.0488722 0.100544 0.0599993 0.0484524 0.0618576 0.0736359 0.0592311 0.052453 0.0511047 0.0692203 0.0725998 0.0586772 0.0586269 0.0540299 0.0662878 0.0712629 0.0579658 0.0527477 0.0523708
threshold=1.4550000000000003 1.4556258916854861 2.5000000000000004 4.5000000000000009 5.7922658920288095 1.0000000180025095e-35 17.500000000000004 0.58500000000000019 0.8650000000000001 0.53053343296051036 0.33726190030574804 11.562500000000002 32.70000000000001 0.060247752085976776 37.500000000000007 -0.23499999999999999 0.31345675885677343 0.26677110791206365 0.75500000000000012 6.3541667461395273 24.500000000000004 0.1896481737494469 4.8062500953674325 0.11195218563079835 0.048207733673108551 0.49359793961048132 0.72625313283208037 0.14481799304485324 0.66620287757763375 236.80000000000004
decision_type=2 8 8 2 10 2 2 2 8 10 10 8 8 10 2 10 8 10 10 10 10 8 10 8 10 8 10 10 8 2
left_child=1 6 5 -4 -5 7 -1 8 9 14 11 -10 -13 -14 15 -3 17 -17 -19 20 21 22 -16 29 25 26 -21 -26 -27 -22
right_child=-2 2 3 4 -6 -7 -8 -9 10 -11 -12 12 13 -15 19 16 -18 18 -20 24 23 -23 -24 -25 27 28 -28 -29 -30 -31
leaf_value=-2.9109464648517136e-06 0.0011521012910816351 -0.00011024067606791529 -0.00017459088191768357 -1.9603314999579492e-05 0.00059513768040196202 -0.00012503480318468927 -0.00012208439164141573 0.0002388091845426088 6.6323448790164477e-05 -0.00077520160194458055 0.00045989829232979143 0.0017167956662115103 -0.00016571241067140364 0.00081574495091275086 0.0002376873117581443 8.2714721203501929e-05 0.0012914800645473102 -0.0014360883369642708 -0.00014018016713945302 0.00028176644184587545 4.3636615385462505e-05 -0.00061780626363179179 0.0011291518538142555 -0.00016271349364908546 0.00096098106633871791 0.00019008528552755401 -0.00064618150636446307 -0.00014194948395991909 -0.00091648593357863972 -0.00010397619455933718
leaf_weight=8575 48 1767 3232 2996 271 2279 6967 1241 10029 74 322 48 146 91 583 11450 45 42 85 1652 4937 80 75 3751 45 72 78 913 84 3850
leaf_count=8575 48 1767 3232 2996 271 2279 6967 1241 10029 74 322 48 146 91 583 11450 45 42 85 1652 4937 80 75 3751 45 72 78 913 84 3850
internal_value=-7.71899e-14 -8.40694e-07 1.63267e-05 -7.10458e-05 3.13899e-05 2.93091e-05 -5.63327e-05 3.77931e-05 3.15906e-05 1.0981e-05 8.89141e-05 7.73321e-05 0.000464719 0.000211134 1.29525e-05 5.51329e-05 8.02761e-05 7.55682e-05 -0.000568748 -2.20817e-05 -4.68047e-05 0.000235547 0.000339298 -6.34242e-05 9.33269e-05 0.00018652 0.000239928 -9.01417e-05 -0.000405761 -2.10395e-05
internal_weight=65828 65780 50238 6499 3267 43739 15542 41460 40219 29583 10636 10314 285 237 29509 13389 11622 11577 127 16120 13276 738 658 12538 2844 1886 1730 958 156 8787
internal_count=65828 65780 50238 6499 3267 43739 15542 41460 40219 29583 10636 10314 285 237 29509 13389 11622 11577 127 16120 13276 738 658 12538 2844 1886 1730 958 156 8787
is_linear=0
shrinkage=0.03


Tree=145
num_leaves=31
num_cat=0
split_feature=66 51 65 6 67 70 6 8 1 10 66 8 63 66 22 64 43 66 34 45 66 35 39 63 58 21 31 10 38 14
split_gain=0.0675108 0.0616807 0.0516344 0.051816 0.0563723 0.0489234 0.080587 0.0677922 0.0770411 0.0692291 0.0656624 0.0633456 0.0674822 0.0593124 0.0641784 0.0567879 0.0548072 0.0563721 0.104606 0.0572092 0.0525273 0.050241 0.0498631 0.0660237 0.0497626 0.0489735 0.0479917 0.0474515 0.0606753 0.048772
threshold=1.2334901541471484 0.48691760003566747 38.291666666666679 0.93500000000000016 -0.049916795071312407 49.500000000000007 0.94500000000000006 0.66100000000000025 1.5000000000000002 0.72625313283208037 1.79758045822382 0.76100000000000023 0.4598275620721442 7.5365358367562303 4.5000000000000009 3.8333333333333335 0.38388594985008245 7.0899168401956567 7.9191370010375985 0.40989628434181219 5.4690755307674417 0.32305502891540533 0.13764975219964984 0.41695863471971067 34.500000000000007 0.72500000000000009 0.029117200523614887 0.68304757304998809 0.25820876657962805 0.38500000000000012
decision_type=8 8 10 10 10 10 10 10 8 10 10 10 10 10 2 8 10 10 10 10 10 10 10 10 10 2 10 10 10 8
left_child=-1 2 3 -2 -5 -3 7 8 9 25 22 -8 -13 14 -14 -16 27 18 -18 -20 -17 -19 -10 -24 -21 26 -7 -9 29 -29
right_child=1 5 -4 4 -6 6 11 16 10 -11 -12 12 13 -15 15 20 17 21 19 24 -22 -23 23 -25 -26 -27 -28 28 -30 -31
leaf_value=-3.1596045271380761e-05 4.0764099952689418e-06 9.0905588114119793e-05 -0.00013474933927538218 0.0014733914795021215 0.00014310503686495313 0.0011231050050230615 0.00096831513210455166 -0.00011714732658836769 8.5845799291317173e-06 0.0011279448431874201 -0.00019966474295238424 0.0010578102441440808 0.00096131753507891992 -0.00075602977441369807 0.0011176944629071241 -4.2056166065675722e-05 -0.00044276044242934961 -0.0017079461424651999 -0.00012626927980126707 0.0014044178318688768 0.00062717693681794322 -0.00029805449113094555 0.0014467329401712942 0.00022486192249761066 0.00016661219834350049 0.0011612420605212849 0.00011278846501297946 0.00013405108380495714 -0.00041830027011899757 0.0011626467346430344
leaf_weight=31624 4423 13561 3308 45 79 43 98 2984 1682 66 1425 73 85 66 47 783 601 46 142 57 122 45 49 212 60 42 2656 1180 181 43
leaf_count=31624 4423 13561 3308 45 79 43 98 2984 1682 66 1425 73 85 66 47 783 601 46 142 57 122 45 49 212 60 42 2656 1180 181 43
internal_value=-1.75895e-13 2.92128e-05 -4.4572e-05 2.10332e-05 0.00062587 5.1209e-05 9.11289e-06 -1.59381e-05 5.17496e-05 0.000167822 -4.49888e-05 0.000235515 0.000174448 0.000115985 0.000171484 0.000100963 -9.42245e-05 -0.000300693 -0.000225559 0.000278449 4.81609e-05 -0.00101075 6.84508e-05 0.000454255 0.000769646 0.000144703 0.000128885 -4.94772e-05 9.4346e-05 0.000170216
internal_weight=65828 34204 7855 4547 124 26349 12788 11514 6175 2807 3368 1274 1176 1103 1037 952 5339 951 860 259 905 91 1943 261 117 2741 2699 4388 1404 1223
internal_count=65828 34204 7855 4547 124 26349 12788 11514 6175 2807 3368 1274 1176 1103 1037 952 5339 951 860 259 905 91 1943 261 117 2741 2699 4388 1404 1223
is_linear=0
shrinkage=0.03


Tree=146
num_leaves=31
num_cat=0
split_feature=21 34 26 5 34 1 17 20 22 12 42 66 54 15 52 26 47 14 28 28 30 33 36 55 33 54 35 44 10 66
split_gain=0.0666508 0.0652961 0.0531852 0.0507569 0.0569803 0.0531987 0.0867594 0.0620282 0.0538283 0.0483981 0.060607 0.04799 0.0487149 0.0623146 0.0570558 0.0510518 0.0498363 0.047434 0.0705589 0.0546158 0.0641311 0.0555562 0.0839409 0.0581597 0.0718446 0.0606071 0.0548042 0.0513034 0.0495246 0.0491648
threshold=1.4550000000000003 0.994318187236786 22.500000000000004 1.0000000180025095e-35 6.9470176696777353 2.5000000000000004 1.0000000180025095e-35 1.0000000180025095e-35 45.500000000000007 0.37695569397316547 0.17793010175228122 0.5263362005352975 0.06698718294501306 -0.059523809523809521 0.5992700755596162 5.5000000000000009 0.16261423379182818 0.43500000000000011 6.8333332538604745 13.166666507720949 8.7750000953674334 6.7207791805267343 0.21627197414636615 0.35035714507102972 8.8090910911560076 0.38968254625797277 0.26975052058696752 0.40526428818702703 0.84796367638965331 3.9229968711733822
decision_type=2 8 2 2 10 8 2 2 2 10 8 8 8 10 10 2 10 8 10 10 10 10 10 10 10 10 8 10 10 10
left_child=1 2 -1 4 5 7 -7 -3 -9 -8 -11 -6 13 -13 -15 16 -14 19 -19 20 28 22 -22 24 27 -25 29 -23 -17 -26
right_child=-2 3 -4 -5 11 6 9 8 -10 10 -12 12 15 14 -16 17 -18 18 -20 -21 21 23 -24 25 26 -27 -28 -29 -30 -31
leaf_value=-2.554014108435459e-05 0.0011174932491849175 5.6479566689007144e-06 -0.00017988505417608245 -0.00011478784645843129 0.00099521941922527416 -0.00027008316644439045 2.8557286561826017e-05 0.00017164102248363918 -3.4842298073341003e-05 -0.00022400425742816711 0.00056857995504903936 0.0013097475438222648 -0.0013180900698601518 -0.00020023563733874734 0.0011193523008218367 1.7068558984456612e-05 -0.00015080855060006285 0.00089906898145832546 0.00015584206080932763 -0.00058754169797923953 0.0018974247494669156 -0.00058474717025229755 0.00033013110479563083 0.0017368806621468648 0.00019226644138948677 0.00034530890651512887 3.7663995150413783e-05 0.00057669238786080051 -0.00081377892818471239 0.00076886803394050462
leaf_weight=6315 48 34409 2947 2735 54 1499 4880 4020 1584 1309 93 66 41 99 42 2977 167 156 437 112 43 185 108 41 314 90 718 42 66 231
leaf_count=6315 48 34409 2947 2735 54 1499 4880 4020 1584 1309 93 66 41 99 42 2977 167 156 437 112 43 185 108 41 314 90 718 42 66 231
internal_value=-2.1356e-13 -8.15441e-07 -7.46499e-05 1.12843e-05 1.76954e-05 6.76463e-06 -6.50095e-05 2.07219e-05 0.000113277 -1.60751e-05 -0.000171429 0.000104926 9.68259e-05 0.000548951 0.000192833 8.04869e-05 -0.000380898 9.78724e-05 0.000351362 6.73631e-05 8.25966e-05 0.000226072 0.000776447 0.000174803 0.000121521 0.000780839 0.000209836 -0.000369855 -9.51794e-07 0.000436661
internal_weight=65828 65780 9262 56518 53783 47794 7781 40013 5604 6282 1402 5989 5935 207 141 5728 208 5520 593 4927 4815 1772 151 1621 1490 131 1263 227 3043 545
internal_count=65828 65780 9262 56518 53783 47794 7781 40013 5604 6282 1402 5989 5935 207 141 5728 208 5520 593 4927 4815 1772 151 1621 1490 131 1263 227 3043 545
is_linear=0
shrinkage=0.03


Tree=147
num_leaves=31
num_cat=0
split_feature=21 6 5 39 61 29 62 66 9 9 15 33 66 32 40 12 55 66 78 32 51 52 44 50 34 14 53 66 67 71
split_gain=0.0627117 0.0616106 0.0676648 0.0610807 0.0660243 0.0584323 0.0516078 0.0653405 0.0610717 0.0475811 0.0530519 0.0480779 0.044715 0.0555552 0.0672341 0.0538966 0.052354 0.0491385 0.0512029 0.0822083 0.0901097 0.0564546 0.0502187 0.0462016 0.0457143 0.0716643 0.044879 0.056297 0.0496038 0.0606093
threshold=1.4550000000000003 0.36500000000000005 1.0000000180025095e-35 0.15433851629495624 26.833333333333339 6.5499999523162851 35.900000000000006 2.740054771304131 0.65370610953167196 0.41561829196801253 -0.22891087877417945 5.2583334445953378 1.1971081942319872 8.9369683265686053 0.22321868687868121 0.44236370307340639 0.30509740114212042 1.6896452791988852 178.35000000000002 7.4800508022308358 1.0236505270004275 1.4083333015441897 0.3603376597166062 1.3666666746139529 6.8320953845977792 0.044999999999999991 0.4083333313465119 4.2662392556667337 0.01056603619630231 10.500000000000002
decision_type=2 8 2 10 10 10 10 10 8 8 8 10 8 10 10 8 8 10 2 10 10 8 10 10 10 10 10 10 10 8
left_child=1 3 12 5 -5 9 7 -6 -8 11 -11 -1 13 14 15 -3 17 -14 19 22 -21 23 -19 -20 -17 -26 -18 28 29 -28
right_child=-2 2 -4 4 6 -7 8 -9 -10 10 -12 -13 16 -15 -16 24 26 18 21 20 -22 -23 -24 -25 25 -27 27 -29 -30 -31
leaf_value=-2.3091474548120071e-05 0.0010839684799066162 9.2129756421452505e-05 -0.00014246790603211087 0.00064254123285957955 -0.00052630205394234503 0.00075595576316118246 -0.00068483850679918552 -0.0019263786879368126 0.00074216372362570829 7.2377181570488247e-05 -0.0002241220796163784 0.00085712485955030259 2.7456472282893735e-05 0.00098483144205529236 -0.00097219560850961967 -5.5422645375656175e-05 7.5620252393045914e-05 -5.4561229827903353e-05 -0.00030848183245105209 0.0014732337794901634 -0.00020573651273640708 -0.0010597525504796744 -0.0011347205490555342 0.00070799421519041061 0.00076162972595862025 -0.00037668798357481139 9.5769639463267383e-05 -0.00066618124588525721 9.0409697731956841e-05 0.0011039896337546075
leaf_weight=20604 48 3357 2157 41 75 84 83 50 40 723 2183 56 6949 50 66 10181 16792 702 628 66 51 86 41 43 148 75 81 42 167 159
leaf_count=20604 48 3357 2157 41 75 84 83 50 40 723 2183 56 6949 50 66 10181 16792 702 628 66 51 86 41 43 148 75 81 42 167 159
internal_value=-8.20311e-14 -7.90977e-07 2.11701e-05 -3.9175e-05 -0.000472673 -3.38777e-05 -0.000657043 -0.00108633 -0.000220773 -3.6693e-05 -0.000150354 -2.07056e-05 3.00646e-05 -1.33625e-05 -1.69721e-05 -1.23907e-05 5.34163e-05 -7.2042e-06 -0.000156157 2.22714e-06 0.000741375 -0.000336092 -0.000114166 -0.000243343 -4.61158e-05 0.000378787 8.35349e-05 0.000379533 0.000487445 0.000763715
internal_weight=65828 65780 41841 23939 289 23650 248 125 123 23566 2906 20660 39684 13877 13827 13761 25807 8566 1617 860 117 757 743 671 10404 223 17241 449 407 240
internal_count=65828 65780 41841 23939 289 23650 248 125 123 23566 2906 20660 39684 13877 13827 13761 25807 8566 1617 860 117 757 743 671 10404 223 17241 449 407 240
is_linear=0
shrinkage=0.03


Tree=148
num_leaves=31
num_cat=0
split_feature=47 66 53 42 12 10 51 21 6 46 33 62 11 57 38 31 35 17 28 30 26 14 50 12 12 75 26 78 65 33
split_gain=0.0601799 0.055492 0.0827262 0.0751095 0.057101 0.116483 0.060453 0.056938 0.0562222 0.0522888 0.0518072 0.0489159 0.0507596 0.0625231 0.0488021 0.0570425 0.0487448 0.0853603 0.0828994 0.0482116 0.0742412 0.0498129 0.0479558 0.0466974 0.0506279 0.0446358 0.0470579 0.0571565 0.053595 0.0428345
threshold=0.034903753548860557 inf 0.64583334326744091 0.09975918754935266 0.56149681784069982 0.63780609695152435 0.47464311122894293 0.58500000000000019 0.96500000000000008 0.24938097596168521 5.3452382087707528 27.900000000000002 0.82403074339754645 0.17403846234083178 0.2042532563209534 8.1442408561706561 0.2314560413360596 24.500000000000004 7.5833332538604745 5.6458332538604745 36.500000000000007 0.28500000000000009 0.58300313353538524 0.63066048149862242 0.68027783410573428 10.500000000000002 23.500000000000004 139.10000000000002 35.916666666666679 11.527777671813967
decision_type=8 8 8 10 10 10 10 2 8 10 8 10 10 10 10 10 10 2 10 10 2 10 10 10 10 2 2 2 10 8
left_child=14 2 8 25 5 7 10 16 -2 22 -7 23 29 -14 19 -16 -5 18 -18 21 -21 -1 -10 -6 -25 26 27 28 -3 -13
right_child=1 3 -4 4 11 6 -8 -9 9 -11 -12 12 13 -15 15 -17 17 -19 -20 20 -22 -23 -24 24 -26 -27 -28 -29 -30 -31
leaf_value=-4.5765063834468906e-05 -9.2790093413267475e-05 0.00020449122355563703 2.4862413056888616e-05 0.00023769913759206246 0.0012471479552914387 -6.8915489296029719e-05 0.0014165497252478028 0.0011378391476214995 -0.00083347370232654463 -0.0014343647056101066 0.001263843394948968 7.8392929614521948e-05 0.0015983940427039946 8.8821805066204276e-05 -0.0010538096658700821 0.00030348394276210808 -0.00036250975318829961 -0.00096962061200842574 0.00090425127140199171 -0.00024430274595301052 0.00058120583239072872 0.00015855124269977566 0.00043713117731695474 -0.00052976788873356591 0.00067101008326123893 -0.0004201592407443662 -0.00013199908874176754 0.00024221133694226333 -0.00022139950629021534 -0.00027316962512497259
leaf_weight=25070 4598 427 23795 1400 60 70 112 56 62 53 42 4041 43 58 87 41 113 88 79 153 273 1122 47 49 89 238 1409 1110 705 338
leaf_count=25070 4598 427 23795 1400 60 70 112 56 62 53 42 4041 43 58 87 41 113 88 79 153 273 1122 47 49 89 238 1409 1110 705 338
internal_value=7.59128e-15 2.37292e-05 2.02419e-06 8.2605e-05 0.000143941 0.000279875 0.000923709 0.000196799 -0.000112143 -0.000661429 0.000430869 8.69874e-05 6.65931e-05 0.000731511 -3.46737e-05 -0.000619052 0.000165431 -0.000195908 0.00015871 -3.18636e-05 0.00028472 -3.70127e-05 -0.000285598 0.000548435 0.000244647 -2.20877e-05 3.86167e-06 8.92443e-05 -6.07499e-05 5.1257e-05
internal_weight=65828 39082 28555 10527 6638 1960 224 1736 4760 162 112 4678 4480 101 26746 128 1680 280 192 26618 426 26192 109 198 138 3889 3651 2242 1132 4379
internal_count=65828 39082 28555 10527 6638 1960 224 1736 4760 162 112 4678 4480 101 26746 128 1680 280 192 26618 426 26192 109 198 138 3889 3651 2242 1132 4379
is_linear=0
shrinkage=0.03


Tree=149
num_leaves=31
num_cat=0
split_feature=21 34 26 5 34 53 50 45 62 42 29 21 36 44 39 8 6 62 10 21 17 22 41 33 17 32 38 71 26 77
split_gain=0.0589255 0.0586275 0.049956 0.0450343 0.0498924 0.0492264 0.070836 0.0654911 0.0557308 0.0550849 0.0565481 0.0477676 0.0535624 0.0494051 0.122123 0.0694117 0.0695517 0.0690721 0.0625504 0.0564243 0.054893 0.046334 0.0460717 0.0456643 0.045161 0.0446771 0.0654766 0.0683699 0.0580412 0.0548493
threshold=1.4550000000000003 0.994318187236786 22.500000000000004 1.0000000180025095e-35 6.9470176696777353 0.18465909361839297 1.8999999761581423 0.38267217576503759 40.900000000000006 0.2683259397745133 10.900000095367433 0.13500000000000004 0.26315380632877355 0.18069351464509967 0.13674362003803256 0.47600000000000009 0.66500000000000015 33.300000000000004 0.71494102228047196 0.53500000000000014 12.500000000000002 49.500000000000007 0.1441287845373154 13.045454502105715 12.500000000000002 5.7970430850982675 0.18750085681676867 5.5000000000000009 56.500000000000007 988.55000000000007
decision_type=2 8 2 2 10 8 10 10 10 10 10 2 10 10 10 8 10 10 10 2 2 2 10 10 2 10 10 8 2 2
left_child=1 2 -1 4 5 7 9 8 -3 10 11 25 13 15 19 16 -13 22 21 -15 -19 -16 -17 -6 -18 26 28 -28 -7 -29
right_child=-2 3 -4 -5 23 6 -8 -9 -10 -11 -12 12 -14 14 18 17 24 20 -20 -21 -22 -23 -24 -25 -26 -27 27 29 -30 -31
leaf_value=-2.3133797210576931e-05 0.0010507365503144683 -1.122388090020854e-05 -0.0001727197443481637 -0.00010805411506814531 0.00010710726505751714 2.8892161292765301e-05 -0.00068636275101674807 -0.00076286338573003083 -0.0001911184045520831 -0.00094952005345895973 0.0010460454566422488 0.00016134335403044368 -0.00071482632462654939 0.00063589591863706739 0.00011692651335222574 -0.00026187594852412335 0.00044710941767940913 -0.00018933650035972868 0.00064453090664003327 0.0017435588589366736 0.00032092415643342599 -0.00066456544938138181 -0.0010947466762675168 -0.00068638715530555184 0.0017082151316301247 9.7054352429311045e-05 -0.00093133615692399111 -0.00033326255322713123 -8.0543284829913742e-05 0.00043563670979032443
leaf_weight=6315 48 9608 2947 2735 5923 21421 126 114 1848 52 49 1384 66 111 385 280 63 378 174 66 381 83 76 66 43 5034 127 337 5477 111
leaf_count=6315 48 9608 2947 2735 5923 21421 126 114 1848 52 49 1384 66 111 385 280 63 378 174 66 381 83 76 66 43 5034 127 337 5477 111
internal_value=3.10745e-13 -7.66727e-07 -7.07293e-05 1.06985e-05 1.67374e-05 6.50904e-06 2.37159e-05 -4.73632e-05 -4.02432e-05 2.61944e-05 2.7602e-05 2.62157e-05 0.000131686 0.000148003 0.00035124 8.41064e-05 0.000218067 -9.49086e-05 0.000158888 0.00104892 6.68022e-05 -2.16714e-05 -0.00043968 9.83628e-05 0.00095869 1.48922e-05 -1.62708e-07 -0.000316928 6.6088e-06 -0.000142754
internal_weight=65828 65780 9262 56518 53783 47794 36224 11570 11456 36098 36046 35997 3490 3424 819 2605 1490 1115 642 177 759 468 356 5989 106 32507 27473 575 26898 448
internal_count=65828 65780 9262 56518 53783 47794 36224 11570 11456 36098 36046 35997 3490 3424 819 2605 1490 1115 642 177 759 468 356 5989 106 32507 27473 575 26898 448
is_linear=0
shrinkage=0.03


Tree=150
num_leaves=31
num_cat=0
split_feature=21 34 26 66 42 64 55 6 5 21 41 42 60 42 43 42 70 66 34 67 36 37 26 75 60 6 11 35 63 70
split_gain=0.055443 0.0551626 0.0470036 0.0432167 0.0818051 0.072367 0.0615749 0.0515946 0.0508427 0.0538331 0.0507315 0.0578881 0.0481575 0.0717556 0.0664661 0.0657771 0.0610501 0.0597323 0.0592632 0.0636026 0.0502561 0.0486151 0.0875143 0.0626232 0.0811753 0.0553891 0.0518112 0.072981 0.0664299 0.0463953
threshold=1.4550000000000003 0.994318187236786 22.500000000000004 inf 0.09975918754935266 3.5000000000000004 0.27275252342224127 0.96500000000000008 1.0000000180025095e-35 0.13500000000000004 0.13333666324615481 0.092643775045871748 34.900000000000006 0.28830322623252874 0.32040543854236608 0.23469445854425433 63.500000000000007 5.8035526797175416 9.4073505401611346 0.12266207473408706 0.28306367993354803 0.18181879073381427 11.500000000000002 6.5000000000000009 33.32500000000001 0.79500000000000015 0.66024847890156413 0.085960593074560179 0.47212556067859196 59.500000000000007
decision_type=2 8 2 8 10 10 10 8 2 2 10 10 10 10 10 10 10 10 10 10 10 10 2 2 10 10 8 10 8 10
left_child=1 2 -1 5 10 6 8 -7 9 12 -5 -12 15 18 -15 21 29 -16 -14 -20 -18 25 -23 24 -24 -3 27 -27 -29 -17
right_child=-2 3 -4 4 -6 7 -8 -9 -10 -11 11 -13 13 14 17 16 20 -19 19 -21 -22 22 23 -25 -26 26 -28 28 -30 -31
leaf_value=-2.24397831630373e-05 0.0010192144339089282 4.5723919494917648e-05 -0.00016753815161161975 -4.2537561265586006e-06 0.00012368280681307754 -8.8676504305790842e-05 -0.00059563593685161317 -0.00066760320143452782 -0.00014506194112876594 0.0001346915351198425 -0.00065735223504463083 0.0003986960342153907 -1.765702478537504e-05 0.00030043239716093901 -0.00051134922972414642 0.00048373807870872378 0.00030365424482733944 -0.0020079989408841358 0.00059717859390109559 -0.00055403532291865506 -0.00081883956212550394 -0.0013115150752774853 -0.0011019310900924084 1.1314502725277928e-05 0.00034297068892136359 0.0016862033592427478 0.00015706814952696539 -0.00048027150733913814 0.00077442015092856311 0.0015245345155496827
leaf_weight=6315 48 7297 2947 6237 7492 5699 150 142 1735 3402 211 60 21072 43 60 311 100 40 255 52 56 54 107 1006 52 51 608 54 128 44
leaf_count=6315 48 7297 2947 6237 7492 5699 150 142 1735 3402 211 60 21072 43 60 311 100 40 255 52 56 54 107 1006 52 51 608 54 128 44
internal_value=-1.10654e-13 -7.43726e-07 -6.86074e-05 1.03776e-05 5.60944e-05 -4.6757e-06 1.09432e-05 -0.000102751 1.34342e-05 2.1338e-05 -2.17133e-05 -0.000423541 9.05297e-06 -1.61082e-05 -0.00068589 6.39292e-05 0.000395367 -0.00111001 -1.16281e-05 0.000402185 -9.92922e-05 4.58289e-05 -0.000130854 -7.61286e-05 -0.000629385 7.22945e-05 0.000302836 0.000683208 0.000402149 0.000612738
internal_weight=65828 65780 9262 56518 14000 42518 36677 5841 36527 34792 6508 271 31390 21522 143 9868 511 100 21379 307 156 9357 1219 1165 159 8138 841 233 182 355
internal_count=65828 65780 9262 56518 14000 42518 36677 5841 36527 34792 6508 271 31390 21522 143 9868 511 100 21379 307 156 9357 1219 1165 159 8138 841 233 182 355
is_linear=0
shrinkage=0.03


Tree=151
num_leaves=31
num_cat=0
split_feature=51 66 42 37 12 21 26 26 41 35 17 70 65 33 33 32 58 13 7 8 42 9 51 44 47 51 33 61 71 52
split_gain=0.0530656 0.0629123 0.0567883 0.0889689 0.0663545 0.0517335 0.05234 0.0754782 0.107217 0.0631795 0.0665931 0.0590825 0.0566981 0.0662582 0.0535428 0.0602736 0.051843 0.0505138 0.0496096 0.083949 0.0586356 0.066906 0.0478349 0.0470804 0.0460276 0.0460156 0.0672857 0.061248 0.061081 0.0640751
threshold=0.48691760003566747 inf 0.10225875675678255 0.15815875679254535 0.59959867304262138 0.64500000000000013 24.500000000000004 18.500000000000004 0.21885448694229129 0.20722186565399173 26.500000000000004 48.500000000000007 40.250000000000007 3.2537549734115605 3.5166666507720952 3.6113451719284062 33.500000000000007 1.0000000180025095e-35 0.86166666666666691 0.88300000000000012 0.28830322623252874 0.87539206944579651 1.3334634304046633 0.13850752264261249 0.17982897907495501 1.3796451687812807 8.4083333015441912 30.500000000000004 8.5000000000000018 0.72077924013137828
decision_type=8 8 10 10 10 2 2 2 8 10 2 10 10 8 8 10 10 10 10 10 10 10 8 10 10 8 8 10 8 8
left_child=-1 17 3 24 5 6 7 12 -9 10 -8 16 13 -4 -12 -16 -11 -2 -6 23 21 -21 -22 -20 -3 28 27 -27 -23 -30
right_child=1 2 4 -5 18 -7 9 8 -10 11 14 -13 -14 -15 15 -17 -18 -19 19 20 22 25 -24 -25 -26 26 -28 -29 29 -31
leaf_value=-5.4436182880413523e-05 3.6301139909710838e-06 3.2895683875927217e-05 0.0011618184189679443 -0.00096926417555112166 -3.7973968819034719e-05 0.0013244521458234105 -0.00013182894865701886 0.00042309149476799058 0.0018642073033455137 -0.00041948482081884651 -5.7459551661428649e-05 -0.00070136122146400985 0.00084932906108084493 6.0758338923219334e-05 0.001695549174832801 0.00051736442205443803 0.0006205832599988462 -0.00020318273154267325 0.0012727772772327184 -0.00093160296127761655 0.0014377716154930123 -0.00078448233626439673 6.1389279180730228e-05 0.00039378332805606889 -0.00063031856463886024 -0.00030533158713996479 -5.3579789609142133e-05 0.00086070662231498354 0.00084377334063956086 -0.00020894257940136713
leaf_weight=12947 42773 3238 54 85 1901 42 245 131 72 82 123 140 130 552 45 297 91 1090 62 68 47 116 44 475 97 52 345 184 67 233
leaf_count=12947 42773 3238 54 85 1901 42 245 131 72 82 123 140 130 552 45 297 91 1090 62 68 47 116 44 475 97 52 345 184 67 233
internal_value=-8.30787e-14 1.33278e-05 8.54939e-05 -1.08223e-05 0.000144336 0.000282655 0.000260353 0.000422085 0.000934226 0.000111902 0.000268438 -0.00024318 0.000280828 0.000158873 0.000479332 0.000672389 0.000127603 -1.50921e-06 6.72107e-05 0.000185318 4.1336e-05 -2.11193e-05 0.000772268 0.000495269 1.36058e-05 4.09799e-05 0.000213438 0.000603783 -0.000199882 2.6164e-05
internal_weight=65828 52881 9018 3420 5598 2004 1962 939 203 1023 710 313 736 606 465 342 173 43863 3594 1693 1156 1065 91 537 3335 997 581 236 416 300
internal_count=65828 52881 9018 3420 5598 2004 1962 939 203 1023 710 313 736 606 465 342 173 43863 3594 1693 1156 1065 91 537 3335 997 581 236 416 300
is_linear=0
shrinkage=0.03


Tree=152
num_leaves=31
num_cat=0
split_feature=21 34 26 1 17 42 17 62 17 11 41 21 62 34 58 60 36 26 59 10 35 39 8 43 63 8 58 56 64 35
split_gain=0.0519815 0.0513313 0.0512017 0.0509212 0.0736332 0.0505416 0.0879769 0.0631093 0.080564 0.0581208 0.051443 0.0463531 0.0454494 0.0538258 0.0577675 0.062016 0.0812015 0.0498439 0.0453526 0.0438471 0.0438036 0.0531053 0.0485891 0.0434581 0.0644205 0.0433412 0.0402463 0.0399704 0.0582695 0.0489516
threshold=1.4550000000000003 1.2515822649002077 8.5000000000000018 2.5000000000000004 1.0000000180025095e-35 0.18174360692501071 9.5000000000000018 34.366666666666674 47.500000000000007 0.47643480912591457 0.22094883769750598 0.115 35.900000000000006 9.1202406883239764 25.500000000000004 32.775000000000006 0.2404025420546532 105.50000000000001 39.583333333333336 0.85548862115127189 0.19082633405923846 0.14904067665338519 0.3645000000000001 0.606004297733307 0.51535004227400549 0.91633333333333344 33.500000000000007 0.34386359155178076 6.416666666666667 0.42997199296951299
decision_type=2 8 2 8 2 10 2 10 2 10 8 2 10 8 10 10 8 2 10 10 10 8 10 8 10 10 10 10 10 10
left_child=1 2 -1 11 -5 9 10 -8 -9 20 -7 12 13 17 -15 -16 -17 -3 23 27 21 -6 -22 24 -18 -19 -26 29 -29 -14
right_child=-2 3 -4 4 5 6 7 8 -10 -11 -12 -13 19 14 15 16 18 25 -20 -21 22 -23 -24 -25 26 -27 -28 28 -30 -31
leaf_value=2.7080207756614811e-05 0.00098688555386615916 4.7415027494364857e-05 -9.5880203688657328e-05 -0.00025147950825416454 1.0603960963008234e-06 0.00031737611562545812 3.3153699921207749e-05 0.0018657238170879879 0.00026511481877568424 -0.00029765605459016755 -0.0010795367075550767 0.00011867529127931177 -1.9777952587221787e-05 0.0013909309245123454 0.00094611165417439252 0.00096444277333618744 -0.0013582153836805295 -0.00011067716338615492 0.00073945722460467904 -0.0005452500318560722 0.0011830037901122755 -0.00083761693449164532 2.1731455320453581e-05 0.00031059112002341339 0.00055996481263057582 -0.00097977188555685435 -0.00061497139977291222 0.00049332197483274959 -0.00037977213137977138 -0.00092438144706344849
leaf_weight=4677 48 20733 8750 1466 4466 49 67 67 49 656 46 4252 17995 44 92 73 61 1183 43 142 59 69 72 70 44 54 65 292 90 54
leaf_count=4677 48 20733 8750 1466 4466 49 67 67 49 656 46 4252 17995 44 92 73 61 1183 43 142 59 69 72 70 44 54 65 292 90 54
internal_value=6.66959e-14 -7.20135e-07 -5.30497e-05 1.27008e-05 -6.22023e-05 -1.26522e-05 0.000381684 0.000766204 0.0011896 -3.32507e-05 -0.000359024 2.43878e-05 1.46178e-05 4.33273e-05 0.000353658 0.000251783 7.23498e-05 3.63777e-05 -0.000157766 -2.01032e-05 3.92243e-06 -1.17001e-05 0.000544747 -0.000318519 -0.000577564 -0.000148617 -0.000140685 -1.60572e-05 0.000287619 -2.24844e-05
internal_weight=65828 65780 13427 52353 7066 5600 278 183 116 5322 95 45287 41035 22462 492 448 356 21970 283 18573 4666 4535 131 240 170 1237 109 18431 382 18049
internal_count=65828 65780 13427 52353 7066 5600 278 183 116 5322 95 45287 41035 22462 492 448 356 21970 283 18573 4666 4535 131 240 170 1237 109 18431 382 18049
is_linear=0
shrinkage=0.03


Tree=153
num_leaves=31
num_cat=0
split_feature=34 49 60 14 40 55 61 51 29 45 30 21 50 66 42 47 13 32 30 67 53 26 6 14 30 67 28 68 28 71
split_gain=0.0501409 0.0464228 0.055816 0.0660058 0.0753397 0.062418 0.0529596 0.0455983 0.0799604 0.0860097 0.0739853 0.049927 0.0472918 0.0530209 0.0643131 0.0856264 0.0489426 0.0466412 0.0449598 0.091513 0.0539619 0.0441814 0.0509482 0.0512499 0.0605499 0.0578806 0.0540323 0.0549535 0.0522631 0.0447417
threshold=6.9470176696777353 0.40264798700809484 31.900000000000002 -0.18499999999999991 0.23902107775211337 0.13531135767698291 33.583333333333336 0.48691760003566747 5.9000000953674325 0.35596820712089544 6.3541667461395273 0.17500000000000002 1.8999999761581423 7.0899168401956567 0.10767401754856111 0.14138683676719668 1.0000000180025095e-35 3.6113451719284062 7.5357143878936776 0.0079279601513554416 0.13292935490608218 5.5000000000000009 0.17500000000000002 0.25500000000000012 7.3875000476837167 -0.052337533784790523 13.166666507720949 1.0000000180025095e-35 12.833333492279055 7.5000000000000009
decision_type=10 8 10 10 10 10 10 8 10 10 10 2 10 8 10 10 10 10 10 10 10 2 8 8 10 10 10 2 10 8
left_child=7 2 -2 -4 6 -6 -5 8 10 -10 -1 12 13 16 15 -15 -9 -17 20 -20 -13 -3 -23 26 25 -25 28 -28 29 -24
right_child=1 21 3 4 5 -7 -8 11 9 -11 -12 18 -14 14 -16 17 -18 -19 19 -21 -22 22 23 24 -26 -27 27 -29 -30 -31
leaf_value=-5.0816020035082489e-05 -0.0006337125669233501 -0.00037320573802403022 0.0014271472300731996 0.00073103602039751778 0.0016482734239022983 0.00028324569604592397 -0.00031837377669492847 -1.161628105773882e-05 -0.00029458572839370623 -0.0015465788986391814 0.0011417348533583943 0.00011357674038736377 -0.00054572519817758854 2.2625102925573044e-05 0.00016856511911942642 -8.3328042288712827e-05 -0.00023032091889087572 -0.00095663538106194649 -0.00026146322696307754 0.0011559679832235717 -0.00030048652176857088 0.0010897357042201541 -9.0826067267200261e-05 0.0013079812175539485 0.00011011810258163938 0.0003501255109292463 -0.0010648172122096242 0.00025809708776994907 0.0010514770432517094 0.00010095647362195653
leaf_weight=12245 44 207 58 61 57 64 149 34711 303 59 47 3813 145 3020 3306 96 946 129 69 101 306 44 1662 85 553 171 79 44 46 3208
leaf_count=12245 44 207 58 61 57 64 149 34711 303 59 47 3813 145 3020 3306 96 946 129 69 101 306 44 1662 85 553 171 79 44 46 3208
internal_value=7.38129e-14 7.88863e-05 0.000379044 0.000493597 0.000330015 0.000926275 -1.35452e-05 -8.69005e-06 -5.91977e-05 -0.00049864 -4.62562e-05 5.01272e-06 -4.86454e-06 -3.00648e-06 7.54387e-05 -1.94384e-05 -1.74186e-05 -0.000584024 0.000102549 0.000580658 8.2816e-05 5.75765e-05 7.27109e-05 6.50589e-05 0.000286706 0.000668164 2.94739e-05 -0.00059158 4.50129e-05 3.55063e-05
internal_weight=65828 6532 433 389 331 121 210 59296 12654 362 12292 46642 42353 42208 6551 3245 35657 225 4289 170 4119 6099 5892 5848 809 256 5039 123 4916 4870
internal_count=65828 6532 433 389 331 121 210 59296 12654 362 12292 46642 42353 42208 6551 3245 35657 225 4289 170 4119 6099 5892 5848 809 256 5039 123 4916 4870
is_linear=0
shrinkage=0.03


Tree=154
num_leaves=31
num_cat=0
split_feature=6 51 66 42 37 12 30 21 7 8 42 9 13 10 67 44 46 10 57 67 67 57 56 52 53 57 70 43 11 55
split_gain=0.0496131 0.0475022 0.0503314 0.0470958 0.0825781 0.0613404 0.0516857 0.0616575 0.0468426 0.0788061 0.055245 0.0630791 0.0467825 0.0460186 0.0509071 0.0524994 0.055914 0.0544946 0.0454566 0.0478564 0.0831241 0.0712349 0.063598 0.0583169 0.0908174 0.0526957 0.0672422 0.0508185 0.0496153 0.0486708
threshold=1.0000000180025095e-35 0.48691760003566747 inf 0.10225875675678255 0.15815875679254535 0.59959867304262138 10.062500000000002 0.51500000000000012 0.86166666666666691 0.88300000000000012 0.28830322623252874 0.87539206944579651 1.0000000180025095e-35 0.66807909604519777 -0.087312666011226184 0.13850752264261249 0.20959772169589999 0.77514044943820237 0.17781385779380801 -0.10298436293360162 -0.01737645337274751 0.37622655928134924 0.16667483747005465 1.2583333253860476 0.19375000149011615 0.27225829660892492 58.500000000000007 0.22508607804775241 0.67211975991687367 0.27392856776714331
decision_type=8 8 8 10 10 10 10 2 10 10 10 10 10 10 10 10 10 10 8 10 10 8 10 8 10 8 10 10 10 10
left_child=-1 -2 12 4 -4 6 7 -5 18 13 11 -11 -3 -10 -15 -16 -17 -18 -7 21 22 29 28 24 -22 26 -24 -26 -21 -20
right_child=1 2 3 5 -6 8 -8 -9 9 10 -12 -13 -14 14 15 16 17 -19 19 20 23 -23 25 -25 27 -27 -28 -29 -30 -31
leaf_value=-0.00011958462830797845 -4.7869742004188248e-05 9.6625392228774342e-06 1.7323027764771971e-05 0.00026002118884791439 -0.00093023616706897668 -0.00031615223583143852 -0.00079844642964599193 0.0012067341084275539 0.0014559568504337221 -0.00090746016726611471 0.00074670829990581904 3.6898352589299193e-05 -0.00019622179244101515 -0.00032196216798183739 0.001471412615730437 -0.00043999671030363411 0.00027617779490254001 0.0011014611989525588 0.00048775358674744057 -0.00038750087214776231 -0.00017300452640269854 -0.00014446205873181053 -0.00061079837681396248 -2.1534812320689004e-05 0.00039777537527149672 -0.000265241154357886 -0.002098773924929158 0.0014799094704462082 0.00057386880683594956 0.0017830454404923199
leaf_weight=2981 12053 40933 3161 1900 85 419 40 64 40 68 91 997 1018 75 47 59 205 111 69 103 102 94 82 553 73 147 41 84 91 42
leaf_count=2981 12053 40933 3161 1900 85 419 40 64 40 68 91 997 1018 75 47 59 205 111 69 103 102 94 82 553 73 147 41 84 91 42
internal_value=1.93623e-13 5.67222e-06 1.83773e-05 8.34211e-05 -7.48983e-06 0.000136145 0.000269128 0.000290871 6.19737e-05 0.000176726 3.72239e-05 -2.33987e-05 4.66647e-06 0.000477032 0.000398246 0.000526245 0.000407784 0.000566072 -4.02767e-05 3.77732e-05 -3.0581e-05 0.000463236 -0.000350897 0.000152457 0.000523952 -0.000648614 -0.00110679 0.000976752 6.34509e-05 0.000977864
internal_weight=65828 62847 50794 8843 3246 5597 2004 1964 3593 1693 1156 1065 41951 537 497 422 375 316 1900 1481 1276 205 464 812 259 270 123 157 194 111
internal_count=65828 62847 50794 8843 3246 5597 2004 1964 3593 1693 1156 1065 41951 537 497 422 375 316 1900 1481 1276 205 464 812 259 270 123 157 194 111
is_linear=0
shrinkage=0.03


Tree=155
num_leaves=31
num_cat=0
split_feature=21 66 17 1 34 61 5 6 53 32 14 26 33 45 47 10 41 65 65 62 37 67 10 11 41 71 66 41 67 31
split_gain=0.0485449 0.0472181 0.0475857 0.0680442 0.0655863 0.0652289 0.0489361 0.0466202 0.0447061 0.0731025 0.0482646 0.0493044 0.0523582 0.0472309 0.0683091 0.0465727 0.0576587 0.0582509 0.0450215 0.0445463 0.0452848 0.0441142 0.0846176 0.0758206 0.0630849 0.0577433 0.0523926 0.117728 0.0757361 0.0618519
threshold=1.4550000000000003 0.14404658414423469 1.0000000180025095e-35 1.5000000000000002 7.7469809055328378 35.833333333333336 1.0000000180025095e-35 0.57500000000000007 0.18465909361839297 9.2305712699890154 -0.31499999999999989 64.500000000000014 12.612500190734865 0.38267217576503759 0.42062251269817358 0.192484121383204 0.12368092685937883 41.250000000000007 36.791666666666679 40.900000000000006 0.21103922277688983 -0.044550154927221079 0.60730974632843793 0.55346792117363253 0.31462320685386663 5.5000000000000009 1.662917669862509 0.2630948424339295 -0.05861607280995864 7.1916642189025888
decision_type=2 8 2 8 8 8 2 10 8 10 8 2 10 10 8 10 8 10 10 10 10 10 10 10 10 8 10 10 10 10
left_child=1 -1 3 4 -3 -6 8 -5 9 13 15 -12 21 19 18 16 -10 -18 -15 -4 -21 22 -13 -24 25 -25 -27 28 29 -28
right_child=-2 2 6 7 5 -7 -8 -9 10 -11 11 12 -14 14 -16 -17 17 -19 -20 20 -22 -23 23 24 -26 26 27 -29 -30 -31
leaf_value=-6.5081587484680975e-05 0.0009537047414050903 4.2229263691814252e-05 -2.2098316584736594e-06 -0.00014067575862700347 0.0017010850467941846 0.00015710330819755018 -0.00010939735689531019 -0.00067105767294876537 -0.00015171782265145788 0.0005808696207168395 6.3132851554183346e-05 -4.3996212997165428e-05 -0.0010434723294650513 -0.00031698772221373144 5.0588895857799792e-05 -0.00033737909976424131 0.00018156552310607426 0.0013911498608233938 -0.0014950751393961793 -0.00018584541079155181 0.00069560621839223635 -6.6563265649175989e-05 0.0012176343244264679 -0.00032161568034028343 0.0011825738752544936 -1.4818652365233269e-05 0.00095639881291953346 -0.00057164579455275082 0.001908645497975298 -0.00029972809618719073
leaf_weight=8869 48 612 10336 2409 46 53 2657 159 652 176 29359 1493 45 53 120 583 244 42 65 1835 54 5085 79 169 59 237 126 62 52 49
leaf_count=8869 48 612 10336 2409 46 53 2657 159 652 176 29359 1493 45 53 120 583 244 42 65 1835 54 5085 79 169 59 237 126 62 52 49
internal_value=-3.33563e-13 -6.95924e-07 9.33793e-06 -0.000101606 0.000158116 0.000874509 1.61209e-05 -0.000173515 2.26634e-05 -2.62664e-05 3.8795e-05 4.5637e-05 -2.32551e-05 -3.48402e-05 -0.000453402 -0.000126812 4.06211e-06 0.000359197 -0.000965934 -2.66916e-05 -0.000160648 -1.70603e-05 9.11611e-05 0.000333406 0.000240761 0.000160809 0.000315808 0.000586945 0.000903388 0.000604683
internal_weight=65828 65780 56911 3279 711 99 53632 2568 50975 12639 38336 36815 7456 12463 238 1521 938 286 118 12225 1889 7411 2326 833 754 695 526 289 227 175
internal_count=65828 65780 56911 3279 711 99 53632 2568 50975 12639 38336 36815 7456 12463 238 1521 938 286 118 12225 1889 7411 2326 833 754 695 526 289 227 175
is_linear=0
shrinkage=0.03


Tree=156
num_leaves=31
num_cat=0
split_feature=6 71 38 52 70 47 22 78 14 68 35 31 65 17 12 58 26 62 9 43 65 26 6 29 66 47 34 30 65 33
split_gain=0.0461508 0.0623389 0.0680339 0.0602075 0.0545704 0.0680292 0.0674166 0.0548031 0.0514884 0.0567642 0.046289 0.0710336 0.060876 0.043318 0.0459679 0.0428523 0.0425299 0.0422028 0.0483578 0.0421046 0.0420035 0.0396541 0.0383479 0.0422381 0.0369505 0.0421737 0.0332209 0.0317312 0.106393 0.0541822
threshold=0.82500000000000007 13.500000000000002 0.041666816920042045 1.2182539701461794 78.500000000000014 0.23329740762710574 48.500000000000007 1199.9500000000003 -0.55499999999999983 1.0000000180025095e-35 0.23706512153148654 5.2994031906127939 37.583333333333343 15.500000000000002 0.65941961983962183 41.500000000000007 42.500000000000007 44.500000000000007 0.78730707718251092 0.32507860660552984 34.750000000000007 29.500000000000004 1.0000000180025095e-35 2.4500000476837163 2.3622222095727925 0.35654641687870031 1.4296703338623049 10.187500000000002 36.083333333333343 9.3452377319335955
decision_type=10 10 10 10 10 8 2 2 10 2 10 10 10 2 10 10 2 10 10 10 10 2 8 10 10 8 10 10 8 10
left_child=17 2 -2 4 5 10 -6 13 9 -4 11 12 20 14 -7 -13 21 22 19 -19 -3 -15 23 -1 -18 -26 -10 -24 -29 -30
right_child=1 3 8 -5 6 7 -8 -9 26 -11 -12 15 -14 16 -16 -17 24 18 -20 -21 -22 -23 27 -25 25 -27 -28 28 29 -31
leaf_value=-8.5308948178281798e-05 0.00096652523907167563 0.00024408130751714664 0.00014154660863823664 -0.00075708993641223677 0.00034080006230175744 0.0021274616495456275 -0.0010768160769743297 -0.00020915160902318947 -0.00078471085765277561 0.0014551568782809091 0.00092104998167737259 -0.0011190419060932027 -0.0002416268126726209 0.00080068380098479483 0.00081969370410414568 6.0599810449737989e-06 0.0015376393356066394 -0.00015458176794255687 -0.00093527323037446682 0.00064232366882929315 0.0015057810847065411 -0.00039530147567607592 -1.9179810351263007e-06 -0.00059748411026221756 0.00015309789227846432 0.0013436030241292577 2.3520681263247406e-05 0.0012944718849610432 0.00097177348332479598 -0.00025205323994824928
leaf_weight=2742 70 47 80 47 74 41 51 53 46 47 56 63 80 45 59 59 57 1588 69 62 48 56 50573 153 71 43 9159 74 40 175
leaf_count=2742 70 47 80 47 74 41 51 53 46 47 56 63 80 45 59 59 57 1588 69 62 48 56 50573 153 71 43 9159 74 40 175
internal_value=-9.17858e-14 5.81495e-05 3.47481e-05 0.000289749 0.000344235 0.000437716 -0.000237587 0.000693381 2.77588e-05 0.000627686 0.000129903 -1.92691e-05 0.00036811 0.000821968 0.00135588 -0.000574935 0.000625677 -1.08509e-05 -0.000157176 -0.000124637 0.000881572 0.000137563 -6.1718e-06 -0.000112377 0.000913978 0.000602148 1.94817e-05 -1.26726e-07 0.000313331 -2.43645e-05
internal_weight=65828 10352 9402 950 903 778 125 425 9332 127 353 297 175 372 100 122 272 55476 1719 1650 95 101 53757 2895 171 114 9205 50862 289 215
internal_count=65828 10352 9402 950 903 778 125 425 9332 127 353 297 175 372 100 122 272 55476 1719 1650 95 101 53757 2895 171 114 9205 50862 289 215
is_linear=0
shrinkage=0.03


Tree=157
num_leaves=31
num_cat=0
split_feature=21 34 26 5 17 22 1 17 27 20 22 14 59 30 62 28 28 77 41 30 14 78 10 61 62 58 14 6 29 35
split_gain=0.0455977 0.0442534 0.0428037 0.0386482 0.0426613 0.0453648 0.0395884 0.07725 0.0675638 0.0510692 0.045839 0.0426625 0.0566895 0.0423652 0.0736068 0.0622128 0.0495247 0.0474814 0.0419189 0.0392258 0.0657536 0.0622091 0.0650875 0.0612986 0.113109 0.0815459 0.0538869 0.0969645 0.0540523 0.0590963
threshold=1.4550000000000003 0.994318187236786 22.500000000000004 1.0000000180025095e-35 22.500000000000004 19.500000000000004 2.5000000000000004 1.0000000180025095e-35 10.500000000000002 1.0000000180025095e-35 45.500000000000007 -0.15999999999999992 29.166666666666668 12.145833492279055 32.900000000000006 13.166666507720949 13.500000000000002 289.80000000000007 0.026611460372805599 9.0625000000000018 -0.090000000000000024 415.30000000000001 0.69142369319674291 33.833333333333336 38.900000000000006 35.500000000000007 0.070000000000000062 0.95500000000000007 8.6333336830139178 0.27346041798591619
decision_type=2 8 2 2 2 2 8 2 10 2 2 8 8 8 8 10 8 2 10 10 8 2 8 10 10 10 8 10 10 10
left_child=1 2 -1 6 -5 -6 9 -8 -9 13 11 18 -13 15 -15 19 -16 -17 -11 -3 23 22 -22 -21 25 -25 28 -28 -24 -30
right_child=-2 3 -4 4 5 -7 7 8 -10 10 -12 12 -14 14 16 17 -18 -19 -20 20 21 -23 26 24 -26 -27 27 -29 29 -31
leaf_value=-1.7401576165294089e-05 0.00092430204178526763 5.8426669557396364e-06 -0.00015586571443202969 -0.00020393760563610863 -0.0007111114088785024 8.1645798470648292e-05 -0.00023851433250479071 -1.0903141168868381e-05 0.00098422931561682118 0.00054375612341639836 -1.5056675057487053e-05 0.00063392567813535584 0.00016334294134141787 0.0014798224017152839 0.0010566179494078203 -0.00015019653215858853 -0.00013388257158132748 -0.0015496989517996551 -0.00018899394209747437 -0.00027699554254385559 -0.00042453531435547538 -0.00017051487599554306 -0.00038900742410785623 0.0007081960696814348 0.00019616210907198755 0.0025462196104878479 0.00030662274567673547 -0.0010910191860491946 0.0010075951598120469 0.00032152831539970751
leaf_weight=6315 48 37349 2947 1555 69 1111 1529 6385 62 82 2012 246 3632 47 41 48 135 40 491 55 117 561 54 42 105 45 184 59 197 265
leaf_count=6315 48 37349 2947 1555 69 1111 1529 6385 62 82 2012 246 3632 47 41 48 135 40 491 55 117 561 54 42 105 45 184 59 197 265
internal_value=3.75666e-14 -6.74468e-07 -6.14583e-05 9.28661e-06 -0.000100724 3.52897e-05 1.48809e-05 -4.68007e-05 -1.33308e-06 2.56211e-05 0.000103776 0.000157493 0.000193194 1.27826e-05 0.000425107 1.04323e-05 0.00014345 -0.000786334 -8.41327e-05 1.22286e-05 0.00015386 7.61404e-05 0.000234101 0.000606018 0.000858964 0.0016589 0.00033563 -3.27224e-05 0.000509099 0.000614072
internal_weight=65828 65780 9262 56518 2735 1180 53783 7976 6447 45807 6463 4451 3878 39344 223 39121 176 88 573 39033 1684 1437 876 247 192 87 759 243 516 462
internal_count=65828 65780 9262 56518 2735 1180 53783 7976 6447 45807 6463 4451 3878 39344 223 39121 176 88 573 39033 1684 1437 876 247 192 87 759 243 516 462
is_linear=0
shrinkage=0.03


Tree=158
num_leaves=31
num_cat=0
split_feature=21 66 17 1 34 61 6 5 53 33 14 26 6 70 17 22 17 41 15 66 44 30 59 43 35 11 12 11 10 47
split_gain=0.0429029 0.0421437 0.0418148 0.0616869 0.0603349 0.0599045 0.044155 0.0437444 0.0410089 0.068252 0.0448416 0.0467596 0.0483857 0.0697699 0.0558521 0.0717379 0.0591532 0.0734553 0.0644187 0.0615232 0.0850576 0.0650339 0.0590631 0.0566309 0.0551809 0.0610811 0.0623406 0.0533974 0.119475 0.0501042
threshold=1.4550000000000003 0.14404658414423469 1.0000000180025095e-35 1.5000000000000002 7.7469809055328378 35.833333333333336 0.57500000000000007 1.0000000180025095e-35 0.18465909361839297 9.9666666984558123 -0.31499999999999989 29.500000000000004 0.95500000000000007 86.500000000000014 35.500000000000007 127.50000000000001 84.500000000000014 0.1174338571727276 -0.16033649525778765 1.8587311282753947 0.23775053769350055 11.812500000000002 38.833333333333336 0.33873154222965246 0.21680375933647159 0.79063722904941847 0.76422951682940254 0.46766690724838456 0.56683848797250869 0.046578146517276771
decision_type=2 8 2 8 8 8 10 2 8 10 8 2 8 10 2 2 2 10 8 8 10 10 10 10 10 10 10 8 10 10
left_child=1 -1 3 4 -3 -6 -5 8 9 -4 -10 -12 14 -14 15 24 17 27 -19 20 -20 22 29 -18 25 26 -13 28 -16 -21
right_child=-2 2 7 6 5 -7 -8 -9 10 -11 11 12 13 -15 16 -17 23 18 19 21 -22 -23 -24 -25 -26 -27 -28 -29 -30 -31
leaf_value=-6.1481961376381921e-05 0.00089657296482982931 4.0967143416078305e-05 -3.2628124338384762e-05 -0.00013168229395323419 0.0016313551848187394 0.00015172936791062072 -0.00064785112950836634 -0.0001034899071583988 -0.00012280757611332033 0.00065571593453055458 8.1386459573779717e-05 -2.7283394103629569e-05 9.8503185374986793e-05 0.0010695006199153687 5.6383072268454505e-05 0.0006489146167598216 -4.2725899933054999e-05 0.00070838620495849622 0.0002628202091511559 -0.00050557733687128347 0.00123703686153749 0.0012428755040413567 -0.0001425982191995091 -0.00065573425801780042 -0.00021365710702501381 0.00106182001445078 -0.00098212415464184861 -0.00016007216425581428 0.0017038912558928131 0.00020068130413726087
leaf_weight=8869 48 612 12508 2409 46 53 159 2657 1521 131 16280 8280 3235 68 1173 130 524 193 777 96 90 42 901 183 1748 46 62 1395 41 1551
leaf_count=8869 48 612 12508 2409 46 53 159 2657 1521 131 16280 8280 3235 68 1173 130 524 193 777 96 90 42 901 183 1748 46 62 1395 41 1551
internal_value=-1.18175e-13 -6.54234e-07 8.82515e-06 -9.51739e-05 0.000152118 0.000839232 -0.000163641 1.51835e-05 2.13692e-05 -2.54936e-05 3.68194e-05 4.34144e-05 1.33104e-05 0.000118493 -6.85095e-06 -5.13411e-05 5.87156e-05 8.80972e-05 0.000174987 0.000145208 0.00036395 7.1985e-05 5.26846e-05 -0.000201397 -6.03223e-05 -2.83684e-05 -3.438e-05 -3.34625e-05 0.000112024 0.000159515
internal_weight=65828 65780 56911 3279 711 99 2568 53632 50975 12639 38336 36815 20535 3303 17232 10266 6966 6259 3650 3457 867 2590 2548 707 10136 8388 8342 2609 1214 1647
internal_count=65828 65780 56911 3279 711 99 2568 53632 50975 12639 38336 36815 20535 3303 17232 10266 6966 6259 3650 3457 867 2590 2548 707 10136 8388 8342 2609 1214 1647
is_linear=0
shrinkage=0.03


Tree=159
num_leaves=31
num_cat=0
split_feature=66 6 14 60 71 37 78 33 78 70 15 78 14 60 15 22 10 33 42 70 43 51 58 47 36 52 66 34 60 56
split_gain=0.0422575 0.0377108 0.0702207 0.0702887 0.0638408 0.0634991 0.0451062 0.0613851 0.0573398 0.0488811 0.0421206 0.0420525 0.0650053 0.0500719 0.0573696 0.0601489 0.0421843 0.0410817 0.0405119 0.0400122 0.0576816 0.0576026 0.0610351 0.0948962 0.0949262 0.0581251 0.0558514 0.085393 0.0677822 0.0548792
threshold=1.3166916444897654 0.94500000000000006 -0.044999999999999978 47.900000000000006 3.5000000000000004 0.24614780396223071 1268.7500000000002 4.7596154212951669 172.20000000000002 47.500000000000007 -0.0043496094035238566 735.95000000000016 0.16 40.300000000000004 0.024233870482712697 38.500000000000007 0.83552973816542409 9.6076927185058612 0.24399167299270633 50.500000000000007 0.37716692686080938 0.48691760003566747 31.500000000000004 0.033900730311870582 0.22283206135034564 0.5365271568298341 7.0899168401956567 7.9191370010375985 32.775000000000006 0.30577915906906133
decision_type=8 10 10 10 8 10 2 8 2 8 8 2 10 10 8 2 10 8 10 10 10 8 8 10 10 8 10 10 10 10
left_child=-1 19 5 4 10 -3 8 -8 -6 -10 -4 13 16 14 -11 -16 17 -13 -9 21 -21 -2 23 24 -23 -25 27 -22 -29 -27
right_child=1 2 3 -5 6 -7 7 18 9 11 -12 12 -14 -15 15 -17 -18 -19 -20 20 26 22 -24 25 -26 29 -28 28 -30 -31
leaf_value=-2.4447309835731129e-05 -4.2410437906595482e-05 0.0013797749838842129 -0.00027005059632700772 0.0013155963643553799 -4.5908153864421626e-05 -9.2016434206104849e-05 0.00080581052158959206 -0.00067997886595118958 0.00077383737339357819 0.0013641464670619634 0.00070545901492743057 -0.00041762625456583915 0.00095541281642259218 -0.00010260414083912858 0.00083008907793555406 -0.00023326439523026983 -0.0011634066689293831 0.00059269980070359232 9.3776722888237434e-05 -3.4310694454998711e-06 -0.00028942404430554213 -4.9687536919144027e-05 3.9635871962335285e-05 0.00085878147822284596 -0.0014755347009201573 0.0001978549325302322 -0.00082300094481603785 0.0013867765954332859 0.00010499047475618414 0.00079720844223629683
leaf_weight=32356 4872 74 49 42 1240 41 40 203 147 67 213 125 42 136 105 88 44 51 87 12272 958 486 8961 141 46 2360 121 43 272 146
leaf_count=32356 4872 74 49 42 1240 41 40 203 147 67 213 125 42 136 105 88 44 51 87 12272 958 486 8961 141 46 2360 121 43 272 146
internal_value=3.32798e-14 2.36322e-05 0.000129147 9.79866e-05 7.85935e-05 0.000855049 2.95667e-05 -0.000295893 8.20859e-05 0.000279244 0.000523016 0.00016875 -0.0001261 0.000363828 0.000607807 0.000345244 -0.00033257 -0.000124861 -0.000447852 1.40224e-05 -2.42038e-05 4.47301e-05 7.97012e-05 0.000192638 -0.000172975 0.000266119 -0.000207075 -0.000148531 0.000279964 0.000232773
internal_weight=65828 33472 2794 2679 2637 115 2375 330 2045 805 262 658 262 396 260 193 220 176 290 30678 13666 17012 12140 3179 532 2647 1394 1273 315 2506
internal_count=65828 33472 2794 2679 2637 115 2375 330 2045 805 262 658 262 396 260 193 220 176 290 30678 13666 17012 12140 3179 532 2647 1394 1273 315 2506
is_linear=0
shrinkage=0.03


Tree=160
num_leaves=31
num_cat=0
split_feature=21 6 51 66 14 66 66 42 37 12 30 21 10 47 13 78 62 51 33 57 43 47 52 62 22 7 8 42 9 57
split_gain=0.0401681 0.0402147 0.037899 0.0447227 0.0755758 0.0671433 0.0424333 0.0434369 0.0836258 0.059319 0.0491031 0.0561276 0.04327 0.0451095 0.0426917 0.042127 0.0414306 0.0700431 0.0615363 0.056658 0.0539319 0.0526854 0.0479725 0.042667 0.0548128 0.0406192 0.0772735 0.0512222 0.058044 0.0442776
threshold=1.4550000000000003 1.0000000180025095e-35 0.48691760003566747 3.9229968711733822 0.02499999999999997 4.8610740602016458 inf 0.10225875675678255 0.15239566564559939 0.59959867304262138 10.062500000000002 0.51500000000000012 0.70304764851485158 0.16742795705795291 1.0000000180025095e-35 198.30000000000004 34.70000000000001 1.3334634304046633 8.2071428298950213 0.095251969993114485 0.0035874468740075831 0.26193694770336157 0.46410256624221807 35.900000000000006 37.500000000000007 0.86166666666666691 0.88300000000000012 0.28830322623252874 0.87539206944579651 0.31860269606113439
decision_type=2 8 8 10 8 10 8 10 10 10 10 2 10 10 10 2 10 10 8 8 10 10 8 10 2 10 10 10 10 8
left_child=1 -1 3 -3 5 -5 14 8 15 10 11 12 16 -14 -4 -8 17 19 22 -9 -21 -22 -18 24 -24 -11 -27 28 -28 -29
right_child=-2 2 6 4 -6 -7 7 9 -10 25 -12 -13 13 -15 -16 -17 18 -19 -20 20 21 -23 23 -25 -26 26 27 29 -30 -31
leaf_value=-0.00010833281999191616 0.00086752660281490528 -3.7007517174548534e-05 8.0086182377786967e-06 -0.00084272799233711042 -0.001405776726916946 0.00083377071797068037 -8.8192899787866447e-05 -0.00090989546696867106 -0.00082479784381311297 -4.1897549158372722e-05 -0.00078342118589353046 0.0011740906732576732 9.0262327541816312e-05 0.0012406120660817615 -0.0001887642932901021 0.00013206424003683867 0.0010907395842575892 -0.00099060343954568875 0.0010722340830375977 -0.00046308714862534542 0.00039016196433769805 -0.00025550627330591416 0.0011160282151302619 6.3862051557720583e-05 -9.8109927300053332e-05 0.00045753894586159321 -0.0008844747559187988 0.0014358864504298784 2.1438696571256358e-05 0.00010587017554789782
leaf_weight=2979 48 11900 40904 43 58 43 1640 44 110 1900 40 61 51 77 1017 1493 59 52 99 100 647 138 88 491 54 537 68 41 996 50
leaf_count=2979 48 11900 40904 43 58 43 1640 44 110 1900 40 61 51 77 1017 1493 59 52 99 100 647 138 88 491 54 537 68 41 996 50
internal_value=-1.02424e-13 -6.33039e-07 4.47576e-06 -4.33668e-05 -0.00056889 -4.47864e-06 1.58282e-05 7.5575e-05 -1.17768e-05 0.000126224 0.000257125 0.000278349 0.000249591 0.00078227 3.23492e-06 1.67685e-05 0.000211113 8.08557e-05 0.000372659 0.00014083 0.000193069 0.000276656 0.000272576 0.000196317 0.000654314 5.33036e-05 0.000160208 2.19684e-05 -3.6458e-05 0.000705108
internal_weight=65828 65780 62801 12044 144 86 50757 8836 3243 5593 2001 1961 1900 128 41921 3133 1772 981 791 929 885 785 692 633 142 3592 1692 1155 1064 91
internal_count=65828 65780 62801 12044 144 86 50757 8836 3243 5593 2001 1961 1900 128 41921 3133 1772 981 791 929 885 785 692 633 142 3592 1692 1155 1064 91
is_linear=0
shrinkage=0.03


Tree=161
num_leaves=31
num_cat=0
split_feature=66 55 46 26 57 17 58 38 41 32 10 17 12 78 47 42 40 18 61 47 53 35 41 36 77 26 71 10 30 67
split_gain=0.0389936 0.0471895 0.0407912 0.0395498 0.0455153 0.0536385 0.0768886 0.0619077 0.0537641 0.065248 0.0925994 0.080498 0.0670557 0.0469095 0.0465438 0.0460712 0.0442565 0.0442097 0.045936 0.0554972 0.0406919 0.046755 0.0639167 0.066128 0.0603858 0.0539268 0.0447768 0.0423498 0.040058 0.0472912
threshold=2.1503263860940938 0.42277778685092932 0.38893248140811926 56.500000000000007 0.12557929009199145 49.500000000000007 48.500000000000007 0.18934398144483569 0.15607480704784396 4.6920561790466317 0.70046728971962624 41.500000000000007 0.54098735519132768 299.4500000000001 0.18058136105537417 0.13357412815093997 0.14271399378776553 1.0000000180025095e-35 30.833333333333339 0.088294815272092833 0.14835165441036227 0.32305502891540533 0.19351549446582797 0.10608351603150369 1209.1000000000001 106.50000000000001 8.5000000000000018 0.66807909604519777 2.4642857313156132 0.064881993777319805
decision_type=8 10 10 2 8 2 10 10 10 10 10 2 10 2 8 10 10 2 10 8 10 10 10 10 2 2 8 10 10 10
left_child=1 2 3 4 -1 7 -7 8 17 13 11 12 -11 16 -9 -15 -10 -6 19 -19 21 22 23 28 25 27 -25 -24 -5 -30
right_child=-2 -3 -4 20 5 6 -8 14 9 10 -12 -13 -14 15 -16 -17 -18 18 -20 -21 -22 -23 24 26 -26 -27 -28 -29 29 -31
leaf_value=-9.7840444199613736e-05 2.6857429506202438e-05 -0.0010497244660527939 0.00093875212999409985 -0.0001152719516655781 -4.4849341894314136e-06 0.00019026827849842864 0.0013871325862974944 -0.0007774300199652859 0.000682170376067563 -4.4103741961163325e-06 0.00097156595533461044 0.0010426490657545369 -0.00088910497251500401 0.00057335636451171011 -0.00012619725410443485 0.0018103243458144208 -0.00035779895477975574 0.00026076799860147139 0.00011153439091600759 0.0014629347964443943 0.00016839306190452892 -0.0010461839272782368 0.00038609127568312994 -0.00043054263241830621 -0.0005389645335146351 -0.00043933761532221417 -0.00013928145258951504 0.0012118242557656454 0.00013471997799014302 -0.00018034598647539719
leaf_weight=3923 27976 40 40 3673 22355 397 55 149 98 577 94 58 89 64 293 47 59 93 545 55 576 46 204 792 67 52 1187 77 1555 592
leaf_count=3923 27976 40 40 3673 22355 397 55 149 98 577 94 58 89 64 293 47 59 93 545 55 576 46 204 792 67 52 1187 77 1555 592
internal_value=-1.24682e-13 -1.985e-05 -1.87606e-05 -1.97746e-05 -2.8298e-06 1.20626e-05 0.000335904 6.10652e-06 1.25502e-05 0.000218829 8.57283e-05 -2.92838e-05 -0.000122635 0.000625084 -0.00034573 0.00109712 0.000291354 2.83054e-06 0.000238815 0.000707519 -7.53882e-05 -9.24189e-05 -8.70678e-05 -0.000106037 0.000282792 0.000448131 -0.000255845 0.00061236 -5.50978e-05 4.78457e-05
internal_weight=65828 37852 37812 37772 28951 25028 452 24576 24134 1086 818 724 666 268 442 111 157 23048 693 148 8821 8245 8199 7799 400 333 1979 281 5820 2147
internal_count=65828 37852 37812 37772 28951 25028 452 24576 24134 1086 818 724 666 268 442 111 157 23048 693 148 8821 8245 8199 7799 400 333 1979 281 5820 2147
is_linear=0
shrinkage=0.03


Tree=162
num_leaves=31
num_cat=0
split_feature=34 10 54 59 64 10 15 39 70 30 77 59 51 35 31 14 22 21 33 67 22 10 14 38 14 11 67 29 41 45
split_gain=0.0380469 0.0452698 0.0469082 0.0514135 0.0732948 0.0461175 0.0659166 0.0604722 0.0599066 0.049386 0.0935199 0.0610563 0.0910098 0.057044 0.0733576 0.053996 0.0475755 0.0467908 0.0532448 0.0460724 0.0455608 0.0448936 0.044512 0.0436258 0.0460546 0.0645134 0.0485511 0.108852 0.0624056 0.0837418
threshold=6.9470176696777353 0.15300120048019211 0.06698718294501306 37.166666666666679 5.166666666666667 0.73820649755229206 -0.44707503743332494 0.18308463692665103 56.500000000000007 8.7750000953674334 1802.3500000000001 37.166666666666679 1.179260849952698 0.17192118614912036 11.436968803405763 -0.095000000000000015 54.500000000000007 0.85500000000000009 13.045454502105715 -0.012654547588890007 71.500000000000014 0.70615218564490034 -0.014999999999999956 0.17148444801568988 0.14999999999999999 0.5558682080170736 -0.028892004992846883 6.0999999046325692 0.23531072586774829 0.25941719114780432
decision_type=10 8 8 10 10 8 10 8 8 10 2 10 10 8 10 10 2 2 10 10 2 10 10 10 10 10 10 10 10 10
left_child=-1 -2 3 -3 -5 6 -4 8 -8 23 11 12 19 -13 15 -15 -17 18 -7 22 -10 -18 -11 -9 25 -25 27 -27 29 -29
right_child=1 2 5 4 -6 17 7 9 20 10 -12 13 -14 14 -16 16 21 -19 -20 -21 -22 -23 -24 24 -26 26 -28 28 -30 -31
leaf_value=-7.5698247675562809e-06 0.00095902110025396226 0.00099959550370730334 -0.00093840209350329697 -0.00073918391371585637 0.00077261574148583491 0.00011278952305079909 -0.00021806142283884551 -0.0011618978778609413 0.00080437503156780509 -0.00084045762764447824 0.0014989567890297622 -0.0012276942147194251 0.0016786057188561776 0.00074432597535510614 -0.00092100922651588914 0.00052894684427883475 -6.8830090383710881e-05 0.0010317621211407288 -0.00079545760860713979 0.00067285454967310897 0.00014833649121939697 -0.0012817891983878474 0.00045588992151897399 0.00063443954203588264 -0.00076793746407738102 0.00077547381946855101 -2.8203057540051429e-05 -0.000109176590177772 -0.00031126435499949378 -0.0017214920948615319
leaf_weight=59296 51 99 74 54 62 3772 174 44 178 59 40 45 41 89 75 60 76 49 59 74 205 43 40 90 114 52 524 43 157 89
leaf_count=59296 51 99 74 54 62 3772 174 44 178 59 40 45 41 89 75 60 76 49 59 74 205 43 40 90 114 52 524 43 157 89
internal_value=-2.87585e-14 6.87171e-05 6.17112e-05 0.000497424 6.88469e-05 4.67609e-05 -5.70253e-05 -2.88151e-05 0.000243528 -0.000115251 9.42879e-05 9.54379e-07 0.000407769 -0.000223423 -9.16673e-05 0.000140425 -0.000159839 0.000110584 9.88019e-05 0.000106589 0.000453232 -0.000507126 -0.000316681 -0.000236117 -0.000198012 -0.000129979 -0.000209514 -0.000488127 -0.000715488 -0.00119627
internal_weight=65828 6532 6481 215 116 6266 2386 2312 557 1755 642 602 214 388 343 268 179 3880 3831 173 383 119 99 1113 1069 955 865 341 289 132
internal_count=65828 6532 6481 215 116 6266 2386 2312 557 1755 642 602 214 388 343 268 179 3880 3831 173 383 119 99 1113 1069 955 865 341 289 132
is_linear=0
shrinkage=0.03


Tree=163
num_leaves=31
num_cat=0
split_feature=21 38 66 64 42 55 6 38 33 31 12 21 10 47 78 33 28 39 34 62 8 65 71 46 5 21 60 42 43 42
split_gain=0.0376072 0.0378752 0.0369803 0.0606732 0.0570513 0.0514654 0.04795 0.0452595 0.0506342 0.0451091 0.0426157 0.0757768 0.0679116 0.0493986 0.0484536 0.0662143 0.0477509 0.0433425 0.0438822 0.0422832 0.0511587 0.0492045 0.0475863 0.0408772 0.0406668 0.0423292 0.0454659 0.0695687 0.0617956 0.0578142
threshold=1.4550000000000003 0.0098439063876867312 inf 3.5000000000000004 0.09975918754935266 0.27275252342224127 0.96500000000000008 0.14247769117355349 5.6076922416687021 5.3510508537292489 0.55383771423739836 0.65500000000000014 0.63780609695152435 0.0071057758759707221 939.80000000000007 3.8062499761581425 13.166666507720949 0.17269203066825869 5.7440440654754648 27.900000000000002 0.7210000000000002 29.750000000000004 8.5000000000000018 0.24938097596168521 1.0000000180025095e-35 0.13500000000000004 34.900000000000006 0.28830322623252874 0.32040543854236608 0.23469445854425433
decision_type=2 10 8 10 10 10 8 10 10 10 10 2 10 10 2 8 10 10 10 10 10 10 8 10 2 2 10 10 10 10
left_child=1 -1 3 5 9 24 -5 -7 -9 -4 11 12 17 -12 15 -14 19 18 -6 20 -15 -21 -22 -8 25 26 29 -28 -29 -3
right_child=-2 2 4 6 10 7 23 8 -10 -11 13 -13 14 16 -16 -17 -18 -19 -20 21 22 -23 -24 -25 -26 -27 27 28 -30 -31
leaf_value=-7.8884907900894668e-05 0.0008394168399536283 4.0227916501576698e-05 -1.5176377006873016e-06 -8.0658759571221498e-05 0.00016852102374188786 0.00025973317283205683 -0.00030922289371794769 -0.0016422536747995762 -0.0003289645941549679 -0.00046337871655405434 -0.00025155114983428282 0.0014889377746276739 -7.6568181643129455e-05 0.0014496439238843907 -0.00010980281205026105 0.0013059591259971506 -0.00087705421686658388 -8.1944370349231317e-05 0.00071542599363641642 -0.00084251938168353473 -0.00044245010083117945 8.5760298846565962e-05 0.00064334112315255897 -0.0014228622096457652 -0.00012931228173398439 0.00011104488121928354 -1.4563426844226186e-05 0.00027274454989860398 -0.001087239912932273 0.00036707363067958125
leaf_weight=5130 48 10401 6567 6200 1381 45 101 45 64 196 429 41 42 42 51 121 46 590 146 52 55 4390 107 42 1831 3756 23255 43 100 511
leaf_count=5130 48 10401 6567 6200 1381 45 101 45 64 196 429 41 42 42 51 121 46 590 146 52 55 4390 107 42 1831 3756 23255 43 100 511
internal_value=-1.3638e-13 -6.12527e-07 6.00804e-06 -6.97747e-06 4.82674e-05 6.67557e-06 -9.31856e-05 -0.000540696 -0.000871148 -1.49029e-05 0.000105283 0.000210407 0.000187918 5.65914e-05 0.000697221 0.000949725 8.47656e-05 0.000136435 0.000220812 9.42885e-05 0.000516607 7.48934e-05 0.000274708 -0.000636306 8.78839e-06 1.54311e-05 4.96405e-06 -1.86199e-05 -0.000678294 5.55338e-05
internal_weight=65828 65780 60650 46394 14256 40051 6343 154 109 6763 7493 2372 2331 5121 214 163 4692 2117 1527 4646 204 4442 162 143 39897 38066 34310 23398 143 10912
internal_count=65828 65780 60650 46394 14256 40051 6343 154 109 6763 7493 2372 2331 5121 214 163 4692 2117 1527 4646 204 4442 162 143 39897 38066 34310 23398 143 10912
is_linear=0
shrinkage=0.03


Tree=164
num_leaves=31
num_cat=0
split_feature=34 26 62 21 6 44 15 30 7 54 12 58 31 51 47 77 47 59 36 37 40 67 33 15 62 60 7 43 22 17
split_gain=0.0363402 0.0481135 0.0438021 0.0509299 0.0362649 0.0545498 0.0632145 0.052291 0.0677635 0.0970168 0.0646752 0.0630881 0.0617987 0.0472136 0.0796788 0.0455038 0.0606249 0.0599783 0.0445277 0.0528019 0.0665003 0.0467954 0.0577564 0.0715997 0.0433044 0.0418076 0.0431564 0.0567554 0.0731987 0.0438927
threshold=1.4556258916854861 8.5000000000000018 36.100000000000009 1.1650000000000003 0.95500000000000007 0.53053343296051036 0.068867364263468456 9.0625000000000018 0.92166666666666675 0.17751322686672213 0.66219772176648906 42.500000000000007 10.711950778961183 1.3154191970825198 0.37715430557727819 224.60000000000002 0.31023524701595312 33.500000000000007 0.3394350558519364 0.28526191413402563 0.28365886211395269 0.0071691861792188569 7.1055555343627939 0.039274328023239956 35.550000000000004 38.70000000000001 0.85416666666666685 0.18872894346714023 29.500000000000004 4.5000000000000009
decision_type=8 2 8 2 10 10 8 10 10 10 8 10 10 10 10 2 8 10 10 10 10 10 8 8 10 10 10 10 2 2
left_child=1 -1 4 -4 5 7 -7 12 9 10 -9 15 13 18 24 16 -12 -17 19 20 -2 22 -21 -24 -15 26 27 28 -6 -28
right_child=2 -3 3 -5 25 6 -8 8 -10 -11 11 -13 -14 14 -16 17 -18 -19 -20 21 -22 -23 23 -25 -26 -27 29 -29 -30 -31
leaf_value=3.5878060372971851e-05 3.3074704788189197e-05 -7.6728437748592882e-05 -2.1491034690406148e-05 0.00074643116295472001 0.00095524839116618604 -0.0011521074878731491 0.00025477384811544671 -0.00057932634959884338 -0.00033958722492570813 0.0015290068882270989 -0.00068610170356384135 -0.00062391669840108964 -0.0009779362159103831 -0.00065319600023523434 0.00087933185049967667 0.00018357832076227557 0.00065447140232815094 0.0016029852451567815 0.00094639349881617805 0.00027234288844022342 0.00084111765644553557 0.0003663896764757939 -0.0016706717936680294 -0.00030605178316929249 0.00026211880711152365 0.00098587605559977837 0.00083457756563348078 0.0010597874036826433 -0.00052622772706508575 2.3477869601467521e-05
leaf_weight=5063 25073 10491 22338 78 52 74 47 63 112 68 41 41 55 253 44 42 117 74 48 47 92 54 65 74 57 57 64 101 71 972
leaf_count=5063 25073 10491 22338 78 52 74 47 63 112 68 41 41 55 253 44 42 117 74 48 47 92 54 65 74 57 57 64 101 71 972
internal_value=5.01782e-13 -4.00738e-05 1.23982e-05 -1.88189e-05 3.75171e-05 2.98924e-05 -0.000605633 3.2803e-05 0.000320134 0.000485804 0.000298138 0.00047363 2.66036e-05 2.87445e-05 -0.000315331 0.000637862 0.000306601 0.00108906 3.35299e-05 3.18051e-05 3.60288e-05 -0.000411068 -0.000636782 -0.000944183 -0.000484896 0.000191175 0.000155224 0.000532809 0.000100087 7.35844e-05
internal_weight=65828 15554 50274 22416 27858 26541 121 26420 558 446 378 315 25862 25807 354 274 158 116 25453 25405 25165 240 186 139 310 1317 1260 224 123 1036
internal_count=65828 15554 50274 22416 27858 26541 121 26420 558 446 378 315 25862 25807 354 274 158 116 25453 25405 25165 240 186 139 310 1317 1260 224 123 1036
is_linear=0
shrinkage=0.03


Tree=165
num_leaves=31
num_cat=0
split_feature=6 29 51 66 14 64 66 13 56 43 67 10 67 28 39 36 42 38 12 21 47 55 59 27 33 58 51 71 17 70
split_gain=0.0357784 0.0366994 0.0343424 0.0424011 0.0766873 0.06155 0.0385523 0.0402761 0.0382086 0.0403025 0.0594234 0.0430235 0.0411565 0.0576201 0.0631393 0.0434635 0.0378414 0.0770821 0.0536184 0.0479085 0.0445286 0.0392449 0.058055 0.0900032 0.110054 0.10121 0.0989836 0.0623277 0.0653604 0.0552857
threshold=1.0000000180025095e-35 2.4500000476837163 0.48691760003566747 3.7429378181695943 0.02499999999999997 4.166666666666667 inf 1.0000000180025095e-35 0.17775609344244006 0.21314652264118197 0.10712511437479809 0.76302224633749327 0.026758493241766743 7.1666667461395273 0.25023081898689276 0.21212260425090793 0.10225875675678255 0.14623475074768069 0.59126989342688796 0.60500000000000009 0.17446311563253405 0.30679653584957128 36.500000000000007 6.5000000000000009 9.1483516693115252 38.500000000000007 0.92173245549201976 7.5000000000000009 44.500000000000007 71.500000000000014
decision_type=8 10 8 10 8 10 8 10 10 10 10 10 10 10 10 10 10 10 8 2 10 8 10 10 8 10 10 8 2 8
left_child=1 -1 3 -2 5 -5 7 8 -4 11 12 -10 13 -11 -15 -14 17 20 19 -18 -8 22 23 26 25 27 29 -25 -29 -20
right_child=2 -3 6 4 -6 -7 16 -9 9 10 -12 -13 15 14 -16 -17 18 -19 21 -21 -22 -23 -24 24 -26 -27 -28 28 -30 -31
leaf_value=-7.5990364821065294e-05 -3.4140769943293402e-05 -0.00053501735565516292 1.3207770993525832e-05 0.00068834932831426466 -0.0013099900129335848 -0.00084291242877952753 3.4647770581390583e-05 -0.00018277601063765989 -7.5326318576566416e-05 -0.00063636465653911251 0.00046510201857679267 0.00089472695317288685 -0.00032098997119629649 0.0011460926890971936 -0.00033331627704148345 -0.0014633448156730637 0.00024037183656636573 -0.00095953061312902726 -0.000713529663375084 0.0012672957214194217 -0.00058515466581512661 0.00014650722928739418 8.6989143711959193e-05 -0.00020159499012728835 -0.0010968631944610332 -0.00057541972290809176 -0.001290091510898615 0.00055777392388942342 0.001945901523379363 0.00016545138125156683
leaf_weight=2815 11891 166 39772 54 66 42 3063 1018 635 184 66 44 53 42 68 69 1542 75 120 42 108 2203 1148 41 53 66 118 72 53 139
leaf_count=2815 11891 166 39772 54 66 42 3063 1018 635 184 66 44 53 42 68 69 1542 75 120 42 108 2203 1148 41 53 66 118 72 53 139
internal_value=-1.43799e-13 -0.000101552 4.81687e-06 -4.07084e-05 -0.000522783 1.84223e-05 1.56196e-05 3.61999e-06 8.25564e-06 -0.000161388 -0.000371177 -1.24657e-05 -0.000503856 -0.000311635 0.000231549 -0.000967076 7.25458e-05 -8.94497e-06 0.000119807 0.000267601 1.35381e-05 6.14697e-05 -4.20317e-05 -0.000265772 0.000136546 0.000418316 -0.000569911 0.000813416 0.00114634 -0.000241799
internal_weight=65828 2981 62847 12053 162 96 50794 41951 40933 1161 482 679 416 294 110 122 8843 3246 5597 1584 3171 4013 1810 662 285 232 377 166 125 259
internal_count=65828 2981 62847 12053 162 96 50794 41951 40933 1161 482 679 416 294 110 122 8843 3246 5597 1584 3171 4013 1810 662 285 232 377 166 125 259
is_linear=0
shrinkage=0.03


Tree=166
num_leaves=31
num_cat=0
split_feature=21 6 15 38 41 70 6 39 10 5 47 66 43 75 55 37 44 62 14 10 66 15 77 71 55 60 62 37 47 35
split_gain=0.0350537 0.0434393 0.0636332 0.0550257 0.0705322 0.0502769 0.037791 0.0512962 0.052653 0.0394035 0.0514663 0.05867 0.0532305 0.0432304 0.0500466 0.0459972 0.0729317 0.0565109 0.0566015 0.0534186 0.0460437 0.0577147 0.0549221 0.056977 0.0409319 0.0431705 0.0556008 0.0408131 0.0407205 0.0590921
threshold=0.13500000000000004 0.9850000000000001 0.036809738955823297 0.31714767217636114 0.30394147336483007 17.500000000000004 0.30500000000000005 0.15433851629495624 0.1687529338131748 1.0000000180025095e-35 0.1560744643211365 2.783086553215981 0.17075680196285251 10.500000000000002 0.19005494564771655 0.18181879073381427 0.44037948548793798 40.45000000000001 0.20000000000000007 0.55028089887640463 1.1971081942319872 0.0088533869398619309 870.15000000000009 4.5000000000000009 0.34690475463867193 41.100000000000009 35.300000000000004 0.21320503950119021 -0.045554328709840768 0.099714759737253203
decision_type=2 10 10 10 10 8 8 10 10 2 10 10 10 2 10 10 10 10 8 10 10 10 2 10 10 10 10 10 8 10
left_child=6 3 -3 4 5 -2 7 -1 -9 13 11 27 -12 28 15 19 17 18 20 -15 21 -17 23 -22 25 26 -16 -11 29 -8
right_child=1 2 -4 -5 -6 -7 9 8 -10 10 12 -13 -14 14 24 16 -18 -19 -20 -21 22 -23 -24 -25 -26 -27 -28 -29 -30 -31
leaf_value=-3.8558124159667952e-05 0.0009330282186495205 0.0010919282845331026 -0.00029326473398174604 -0.00094773387990188689 0.0013172439256886718 4.584127624524384e-05 0.00043542210732994135 -0.00011673858924768865 -0.0012372618463929168 -0.00016308302748299441 0.00047648080314589131 -0.0010771355786474068 -7.349837040289185e-05 -3.9778328469039488e-05 -0.00044172173376533794 0.0012343959422578337 -0.00091816162719042039 -0.0004931310740337796 0.0012728665731314539 -0.00039844511488280979 -0.00090819853655959182 -0.00010858017796029646 0.00080326204902534792 0.00016461132392742411 0.00024699290690477932 3.0809343326836823e-06 -0.0017091370946175214 -0.0011409781789188855 2.6535019792563278e-05 -0.0008177488546454064
leaf_weight=18178 58 85 46 49 40 6518 48 90 65 967 199 74 776 1516 66 80 50 73 59 496 67 45 66 133 48 50 59 40 35672 115
leaf_count=18178 58 85 46 49 40 6518 48 90 65 967 199 74 776 1516 66 80 50 73 59 496 67 45 66 133 48 50 59 40 35672 115
internal_value=-6.99262e-14 6.45208e-05 0.000605525 5.38875e-05 6.13057e-05 5.36662e-05 -7.4279e-06 -4.3192e-05 -0.000586635 8.68214e-06 -0.000119292 -0.000261839 3.87538e-05 1.5491e-05 -9.78627e-05 -6.06636e-05 0.00017647 0.000281119 0.00040672 -0.000128197 0.000276023 0.000750925 5.28545e-05 -0.00019478 -0.000529072 -0.000741935 -0.00103994 -0.000201927 2.43733e-05 -0.000448717
internal_weight=65828 6796 131 6665 6616 6576 59032 18333 155 40699 2056 1081 975 38643 2808 2585 573 523 450 2012 391 125 266 200 223 175 125 1007 35835 163
internal_count=65828 6796 131 6665 6616 6576 59032 18333 155 40699 2056 1081 975 38643 2808 2585 573 523 450 2012 391 125 266 200 223 175 125 1007 35835 163
is_linear=0
shrinkage=0.03


Tree=167
num_leaves=31
num_cat=0
split_feature=21 38 66 54 42 53 22 10 31 12 30 47 47 47 28 51 32 32 26 71 45 51 8 77 57 35 53 21 12 17
split_gain=0.0341576 0.0339251 0.0335151 0.0547488 0.0500346 0.0458033 0.0678972 0.0513328 0.0416294 0.0392339 0.0455869 0.0958652 0.0478806 0.0412645 0.0448071 0.0436623 0.0384922 0.0565801 0.0379301 0.0375646 0.0457822 0.0612129 0.0408087 0.0412698 0.0378285 0.0378706 0.0476525 0.0372633 0.0365368 0.0355638
threshold=1.4550000000000003 0.0098439063876867312 inf 0.19669913500547412 0.09975918754935266 0.14835165441036227 126.50000000000001 0.79373261332024225 5.3510508537292489 0.53852427822021265 9.9375000000000018 0.33333969116210943 0.26193694770336157 0.0071057758759707221 13.166666507720949 1.2497267127037051 4.7437293529510507 6.1310906410217294 124.50000000000001 13.500000000000002 0.084241561591625228 0.65745326876640331 0.9145000000000002 1593.2 0.36921767890453344 0.26726190745830541 0.42261904478073126 0.60500000000000009 0.46868564992919498 49.500000000000007
decision_type=2 10 8 10 10 8 2 8 10 10 10 10 10 10 10 8 10 10 2 10 10 10 10 2 10 10 10 2 10 2
left_child=1 -1 3 5 8 7 18 -3 -4 10 11 12 27 15 -15 16 -11 -18 29 20 -5 -22 23 24 25 26 -23 -6 -14 -7
right_child=-2 2 4 19 9 6 -8 -9 -10 13 -12 -13 28 14 -16 -17 17 -19 -20 -21 21 22 -24 -25 -26 -27 -28 -29 -30 -31
leaf_value=-7.4662201909158769e-05 0.00079999246032457449 -6.1918598885948048e-05 -3.8684170320555242e-07 3.4302089967748418e-05 0.00020212190388602637 4.1939478530156511e-06 0.00097962607950634827 -0.00058591536581018304 -0.00044407652858557858 -4.830922773929641e-05 -0.00077013299929343964 0.0012088689390775682 0.00015993911144323648 9.0844267768771253e-05 -0.00084988930019671497 0.00017743856074957875 -0.0012600171729994553 -0.00016510619161000435 -0.00023882940639716177 0.00032875099384303515 -0.00097033839785061514 -0.00057977085697824842 0.00053429996788080004 0.00045510614944052776 0.0001814259250898397 -0.0011192304814931393 0.00023263030586739269 0.0010955348597882792 -0.00090225032451863012 0.0001103792715017115
leaf_weight=5130 48 6141 6567 337 1837 35164 65 173 196 136 42 86 55 4848 46 168 87 83 547 108 133 287 53 54 81 79 84 43 62 3088
leaf_count=5130 48 6141 6567 337 1837 35164 65 173 196 136 42 86 55 4848 46 168 87 83 547 108 133 287 53 54 81 79 84 43 62 3088
internal_value=3.9988e-13 -5.83758e-07 5.68207e-06 -6.68008e-06 4.59128e-05 -1.33344e-06 1.0842e-05 -7.62758e-05 -1.32455e-05 9.93077e-05 0.000208414 0.000228145 0.00018591 5.61163e-05 8.20021e-05 -0.000211151 -0.000424495 -0.000725443 9.21899e-06 -0.000205324 -0.000257381 -0.000384875 -0.000262827 -0.000335045 -0.000415399 -0.000522828 -0.000395831 0.000222556 -0.000402931 1.27661e-05
internal_weight=65828 65780 60650 46394 14256 45178 38864 6314 6763 7493 2125 2083 1997 5368 4894 474 306 170 38799 1216 1108 771 638 585 531 450 371 1880 117 38252
internal_count=65828 65780 60650 46394 14256 45178 38864 6314 6763 7493 2125 2083 1997 5368 4894 474 306 170 38799 1216 1108 771 638 585 531 450 371 1880 117 38252
is_linear=0
shrinkage=0.03


Tree=168
num_leaves=31
num_cat=0
split_feature=30 42 70 60 34 62 38 29 14 59 8 6 66 14 70 33 15 62 6 52 67 26 62 68 65 9 67 6 43 61
split_gain=0.0334088 0.0464585 0.0407528 0.0409777 0.067542 0.0514272 0.0683264 0.0836331 0.0513093 0.0584277 0.0664202 0.0482 0.0772232 0.0565991 0.0619858 0.0708046 0.0522585 0.0459032 0.0450143 0.0467277 0.0438658 0.0437905 0.0411512 0.0732993 0.0754295 0.0732422 0.0626685 0.0566552 0.0473298 0.0552621
threshold=9.0625000000000018 0.13759913295507434 87.500000000000014 34.266666666666673 8.0966324806213397 34.366666666666674 0.29797104001045233 10.449999809265138 -0.044999999999999978 33.833333333333336 0.83633333333333348 0.9850000000000001 2.6554794721305375 -0.095000000000000015 50.500000000000007 9.2792205810546893 -0.12849860062265758 40.733333333333341 0.82500000000000007 1.6396104097366335 0.041783166094102271 59.500000000000007 35.550000000000004 1.0000000180025095e-35 35.083333333333343 0.92846784630052637 0.12002651213051312 0.96500000000000008 0.17075680196285251 38.833333333333336
decision_type=10 10 10 8 10 10 10 10 8 10 10 10 10 8 8 8 10 10 8 8 10 2 10 2 10 10 10 10 8 10
left_child=-1 -2 3 4 -3 6 21 -8 -6 10 -10 13 20 14 -7 -16 17 -17 19 -15 -13 -5 25 27 -25 -20 -26 28 -24 -30
right_child=1 2 -4 5 8 11 7 -9 9 -11 -12 12 -14 18 15 16 -18 -19 22 -21 -22 -23 23 24 26 -27 -28 -29 29 -31
leaf_value=-4.1975833861495631e-06 0.0010532040722192387 -0.00041960337937780424 0.001040259603818413 -0.00042460545111131274 -0.00015490407464608852 0.0012628480114463239 0.00069833544591873717 -0.00082957011856446376 0.0013821100330499169 0.001946890477610882 -0.00024947384621428197 -0.00081101537179035534 0.0011054798186519337 0.00035213665903376584 0.0011844045282004469 -0.00090412834354808454 0.00075369431357830759 0.00031947793144023639 0.0010274231562917436 -0.00064322099480177124 0.00051656283470492771 -0.0017130763458391262 -0.00099032806348986913 0.0015028203275453829 -2.5954815240478829e-05 -0.00050777166655923171 0.0010637258623395799 -0.00081324955070651754 -0.00038431816484730516 0.00025211010202933962
leaf_weight=63383 46 60 40 53 43 62 76 56 47 43 43 42 101 55 49 74 45 44 88 186 48 43 48 42 285 41 57 118 206 304
leaf_count=63383 46 60 40 53 43 62 76 56 47 43 43 42 101 55 49 74 45 44 88 186 48 43 48 42 285 41 57 118 206 304
internal_value=8.4192e-14 0.000108816 9.07078e-05 7.46069e-05 0.000449623 3.29188e-05 -0.000392758 5.01331e-05 0.00074595 0.0010372 0.000602576 8.41348e-05 0.000536051 3.34798e-05 0.000428468 0.000184451 -0.000116149 -0.000447868 -4.22032e-05 -0.000416065 -0.000102974 -0.00100173 3.35753e-05 -2.79939e-05 0.000303004 0.000539493 0.000155659 -0.000216017 -8.97201e-05 -4.957e-06
internal_weight=65828 2445 2399 2359 236 2123 228 132 176 133 90 1895 191 1704 274 212 163 118 1430 241 90 96 1189 1060 384 129 342 676 558 510
internal_count=65828 2445 2399 2359 236 2123 228 132 176 133 90 1895 191 1704 274 212 163 118 1430 241 90 96 1189 1060 384 129 342 676 558 510
is_linear=0
shrinkage=0.03


Tree=169
num_leaves=31
num_cat=0
split_feature=21 70 6 15 38 41 30 30 28 77 30 42 47 60 78 34 33 14 34 15 46 44 38 17 78 15 10 61 66 78
split_gain=0.0328201 0.0407205 0.0442768 0.0547859 0.0507917 0.0669884 0.036364 0.0467021 0.0401646 0.0484847 0.0370429 0.0673125 0.042331 0.0496103 0.045876 0.0714637 0.100066 0.0530228 0.0606727 0.0650337 0.0450755 0.0645301 0.0484738 0.0452616 0.0438882 0.0435134 0.0644206 0.0630731 0.0415401 0.0516911
threshold=0.13500000000000004 17.500000000000004 0.9850000000000001 0.036809738955823297 0.31714767217636114 0.30394147336483007 12.145833492279055 12.812500000000002 13.166666507720949 559.90000000000009 9.0625000000000018 0.13759913295507434 0.50169259309768688 40.70000000000001 447.60000000000008 7.3400239944458017 9.3452377319335955 -0.095000000000000015 9.6045012474060076 -0.035017151564282721 0.37418070435523992 0.29754959046840673 0.31714767217636114 29.500000000000004 575.20000000000016 -0.02657926642990795 0.74374609130706704 47.500000000000007 5.4690755307674417 773.20000000000016
decision_type=2 8 10 10 10 10 10 10 10 2 10 10 10 8 2 10 10 8 10 8 10 10 10 2 2 8 10 10 8 2
left_child=6 -2 4 -4 5 -3 8 -8 10 -10 -1 -12 13 14 15 16 -13 -17 19 -19 21 -21 23 -22 -16 26 -15 -27 -26 -30
right_child=1 2 3 -5 -6 -7 7 -9 9 -11 11 12 -14 25 24 17 -18 18 -20 20 22 -23 -24 -25 28 27 -28 -29 29 -31
leaf_value=-1.1492560858167026e-05 0.00084714038846067197 4.4449873319123446e-05 0.0010519501245854531 -0.00024257821061958869 -0.0009175128093445483 0.0012759080172218091 0.0013078508994590792 -9.8650626646953497e-05 -9.8574090002597696e-05 -0.0014148619496554603 0.0013227552988725464 0.00056598815544643189 -0.00063532391714903969 -2.4709626974176996e-05 -0.00092716394460805481 0.001254948844520927 -0.0012631806225844604 -0.00034351672099936485 -0.0002280974784626229 0.0011111182773627501 0.0022315391529105989 -9.6994850826647837e-05 0.0004886745286057703 0.00091464634089788888 0.00055902692205921491 -0.00025990147989001135 0.001144725916335611 0.00090585950855165713 0.00084823273258601744 -0.0003220844991345516
leaf_weight=56833 59 6518 85 45 49 40 43 42 68 40 41 57 69 139 41 81 51 56 101 69 46 94 64 48 122 582 61 45 41 198
leaf_count=56833 59 6518 85 45 49 40 43 42 68 40 41 57 69 139 41 81 51 56 101 69 46 94 64 48 122 582 61 45 41 198
internal_value=7.34241e-14 6.24314e-05 5.55592e-05 0.000603844 4.47711e-05 5.19611e-05 -7.18735e-06 0.000612874 -8.08146e-06 -0.000586088 -7.02052e-06 0.000119679 9.45769e-05 0.00012114 0.000256114 0.000408686 -0.000297786 0.000545178 0.000424903 0.000599845 0.000764419 0.000414415 0.0011255 0.00155908 2.9661e-06 -5.33317e-05 0.000331968 -0.000176234 0.000108604 -0.000121319
internal_weight=65828 6796 6737 130 6607 6558 59032 85 58947 108 58839 2006 1965 1896 1069 667 108 559 478 377 321 163 158 94 402 827 200 627 361 239
internal_count=65828 6796 6737 130 6607 6558 59032 85 58947 108 58839 2006 1965 1896 1069 667 108 559 478 377 321 163 158 94 402 827 200 627 361 239
is_linear=0
shrinkage=0.03


Tree=170
num_leaves=31
num_cat=0
split_feature=6 29 51 66 14 66 65 11 14 75 38 61 30 61 7 66 13 56 43 67 10 67 28 39 36 53 30 27 34 33
split_gain=0.0319902 0.0347263 0.0305329 0.0393169 0.0653892 0.0619438 0.0355056 0.0456143 0.0548844 0.0412744 0.0355693 0.0532982 0.0423351 0.0634579 0.0362953 0.0341835 0.0377088 0.0342865 0.0373668 0.0548082 0.0399005 0.039206 0.0535896 0.0582185 0.0406516 0.0340692 0.0657967 0.083622 0.0338977 0.0467413
threshold=1.0000000180025095e-35 2.4500000476837163 0.48691760003566747 3.9229968711733822 0.02499999999999997 4.8610740602016458 38.083333333333343 0.69903647579342876 0.085000000000000034 7.5000000000000009 0.23974451422691348 30.833333333333339 6.3541667461395273 33.166666666666679 0.82166666666666688 inf 1.0000000180025095e-35 0.17775609344244006 0.21314652264118197 0.10712511437479809 0.76302224633749327 0.026758493241766743 7.1666667461395273 0.25023081898689276 0.21212260425090793 0.14835165441036227 4.7459497451782235 5.5000000000000009 7.6092257499694833 4.5562767982482919
decision_type=8 10 8 10 8 10 10 10 10 2 8 10 10 10 8 8 10 10 10 10 10 10 10 10 10 10 10 10 10 10
left_child=1 -1 3 6 5 -5 7 10 9 -9 12 -12 14 -14 -2 16 17 25 20 21 -19 22 -20 -24 -23 -4 -27 -28 29 -8
right_child=2 -3 15 4 -6 -7 28 8 -10 -11 11 -13 13 -15 -16 -17 -18 18 19 -21 -22 24 23 -25 -26 26 27 -29 -30 -31
leaf_value=-7.1160518746557567e-05 4.9513918005141181e-06 -0.00051767749117171183 9.4190592580960217e-06 -0.00080685470339863802 -0.0012985454934207185 0.00080342424854766136 -6.9777674963600073e-05 1.6927838396909886e-05 0.0013475440530843722 0.0010346351879310203 -0.0014121226218994708 1.1342335100976172e-05 0.0015231508257083322 -7.6389987136318098e-05 -0.00066350398806232095 6.8344430090138344e-05 -0.00017691620402745395 -6.9914316173228544e-05 -0.0006077563107401543 0.00044836934888735412 0.00086426846720066603 -0.00030947315515423158 0.0011074354032254113 -0.00031315551933777685 -0.0014142581947532524 1.7969315488257311e-05 0.0015328293389590855 0.00018364956203068946 0.00064412949403049426 -0.00038238427660000781
leaf_weight=2815 6046 166 39251 43 59 43 4788 194 45 44 40 58 41 49 74 8843 1018 635 184 66 44 53 42 68 69 350 70 101 56 473
leaf_count=2815 6046 166 39251 43 59 43 4788 194 45 44 40 58 41 49 74 8843 1018 635 184 66 44 53 42 68 69 350 70 101 56 473
internal_value=1.62976e-13 -9.60253e-05 4.55473e-06 -3.83714e-05 -0.000529391 -1.71523e-06 -3.23924e-05 1.41349e-05 0.00038674 0.000205075 -2.58151e-06 -0.000569664 6.36762e-06 0.00065229 -3.13124e-06 1.47408e-05 3.44144e-06 7.92692e-06 -0.000152774 -0.000354778 -9.37817e-06 -0.0004822 -0.00029459 0.000229252 -0.000934311 1.2618e-05 0.00025362 0.000735945 -9.00681e-05 -9.78832e-05
internal_weight=65828 2981 62847 12053 145 86 11908 6591 283 238 6308 98 6210 90 6120 50794 41951 40933 1161 482 679 416 294 110 122 39772 521 171 5317 5261
internal_count=65828 2981 62847 12053 145 86 11908 6591 283 238 6308 98 6210 90 6120 50794 41951 40933 1161 482 679 416 294 110 122 39772 521 171 5317 5261
is_linear=0
shrinkage=0.03


Tree=171
num_leaves=31
num_cat=0
split_feature=21 34 26 62 10 14 44 59 46 10 26 7 26 7 30 43 12 43 8 47 45 47 45 11 70 44 15 30 78 7
split_gain=0.0320205 0.0313394 0.0385615 0.031945 0.0317769 0.0533376 0.0519422 0.0495408 0.0484244 0.0830637 0.0395094 0.052056 0.0486146 0.044897 0.0628135 0.0598745 0.054165 0.0502461 0.0477911 0.0403795 0.0373298 0.0423234 0.0469174 0.0360509 0.0338352 0.0315501 0.0804912 0.046335 0.0710796 0.0792921
threshold=1.4550000000000003 0.994318187236786 22.500000000000004 36.100000000000009 0.76882591093117425 -0.0099999999999999239 0.45537120103836065 33.833333333333336 0.38893248140811926 0.83552973816542409 89.500000000000014 0.95333333333333348 116.50000000000001 0.96500000000000019 7.3875000476837167 0.42123915255069738 0.78538153242240427 0.30306956171989446 0.91900000000000015 0.27195240557193762 0.32492931187152868 0.21250804513692859 0.17234844714403155 0.76130818178770754 14.500000000000002 0.53053343296051036 0.068867364263468456 9.0625000000000018 415.30000000000001 0.90166666666666673
decision_type=2 8 2 8 10 10 8 10 8 10 2 10 2 10 10 10 10 10 10 10 10 10 10 10 10 10 8 10 2 10
left_child=1 2 -1 4 25 8 10 -8 9 20 13 12 24 14 16 17 18 23 -7 -15 21 22 -6 -16 -12 27 -27 -3 29 -29
right_child=-2 3 -4 -5 5 6 7 -9 -10 -11 11 -13 -14 19 15 -17 -18 -19 -20 -21 -22 -23 -24 -25 -26 26 -28 28 -30 -31
leaf_value=-9.9003664148197386e-06 0.00077456190916564078 1.757002168285329e-05 -0.00014132405970420587 -1.7452547854408522e-05 -7.3632411745640989e-05 0.00018563847289697707 0.00012992126117023872 0.0015284658175506542 -0.00093118203075362308 -0.00095866534010145604 -0.0013664637491394309 0.0006905488387215883 0.00034629812548195733 0.00031323457373738558 7.597123608462652e-05 -0.0001793921225552642 0.00095620566253344717 0.0017558416097470727 -0.00082874366237471503 -0.00096049616618984143 0.0010196223144885153 -0.00048634211093885821 0.0011706271001489569 0.0012579070474797239 -0.00034500112243612027 -0.0011488829751372389 0.00039463676178870213 0.00088399100543203653 -0.00012758585950095122 -9.007136345774468e-05
leaf_weight=6315 48 29095 2947 25060 67 588 40 53 62 65 47 50 54 42 48 43 77 61 45 48 46 75 46 45 77 68 55 229 220 112
leaf_count=6315 48 29095 2947 25060 67 588 40 53 62 65 47 50 54 42 48 43 77 61 45 48 46 75 46 45 77 68 55 229 220 112
internal_value=-4.06542e-13 -5.65202e-07 -5.1717e-05 7.8174e-06 2.79479e-05 0.00015493 0.000243423 0.000926941 -0.000168155 -9.9358e-06 0.000191531 -0.000164743 -0.000404993 0.000273006 0.000336422 0.00081038 0.000204915 0.00108675 0.000113526 -0.000366088 0.0002536 6.61692e-05 0.00043288 0.000647876 -0.000732168 2.07884e-05 -0.000458691 2.27771e-05 0.000292829 0.000564064
internal_weight=65828 65780 9262 56518 31458 1679 1318 93 361 299 1225 228 178 997 907 197 710 154 633 90 234 188 113 93 124 29779 123 29656 561 341
internal_count=65828 65780 9262 56518 31458 1679 1318 93 361 299 1225 228 178 997 907 197 710 154 633 90 234 188 113 93 124 29779 123 29656 561 341
is_linear=0
shrinkage=0.03


Tree=172
num_leaves=31
num_cat=0
split_feature=21 70 6 44 38 41 28 65 43 21 36 47 67 14 63 39 11 14 42 17 43 9 11 17 10 41 47 66 66 70
split_gain=0.0309765 0.038457 0.0413184 0.0526016 0.0481017 0.0627522 0.0340921 0.0358199 0.0695717 0.0529999 0.040335 0.0652357 0.0626711 0.0404131 0.0390675 0.0338798 0.103147 0.0541528 0.0658042 0.0420611 0.0349852 0.0558014 0.0358782 0.0574384 0.0691721 0.0562319 0.0494692 0.0503288 0.0533783 0.0553897
threshold=0.13500000000000004 17.500000000000004 0.9850000000000001 0.34939585626125341 0.31714767217636114 0.30394147336483007 11.166666507720949 33.083333333333343 0.37169598042964941 0.84500000000000008 0.26315380632877355 0.40971358120441442 -0.047532769189388251 0.64500000000000013 0.5786800227337312 0.21966060250997546 0.7652951423630161 -0.080000000000000016 0.21165713667869571 24.500000000000004 0.40435186028480535 0.66830935082979137 0.52658835110240187 17.500000000000004 0.6350278850278851 0.14811389148235324 0.10861797630786897 3.684637695550919 1.5830424912273886 52.500000000000007
decision_type=2 8 10 10 10 10 10 10 10 2 10 10 10 10 10 10 8 10 10 2 10 10 10 2 10 10 10 10 8 10
left_child=-1 -2 4 -4 5 6 7 8 9 -3 11 13 -12 15 -14 20 17 -17 -19 -18 22 -22 23 25 26 -9 -25 28 -28 -30
right_child=1 2 3 -5 -6 -7 -8 10 -10 -11 12 -13 14 -15 -16 16 19 18 -20 -21 21 -23 -24 24 -26 -27 27 -29 29 -31
leaf_value=-6.9825611821110306e-06 0.00082324017744444275 8.2072793621803497e-05 0.0001295179237347904 0.0013855610282081079 -0.00089290244443037986 0.0012351642864377936 0.00087552403229479252 1.5422241346383178e-05 0.0013972864693443459 0.0010815650220320093 -0.0012436262860388398 0.0012190890855655618 0.00061420814061420971 -0.00081439098670111536 -0.00056207479197635415 -0.00020279787446270348 0.00010948747206403285 0.0016441244328100429 0.00033289550861809398 -0.0012015899877296759 -0.0014145870187785476 3.1978615676052869e-05 -0.00014242094481341219 8.0128354324991699e-05 0.0013480430117488139 -0.00061575670647820023 -2.2035848237850339e-05 -0.00030165245797594679 0.0015213899586039284 0.00037718225596604908
leaf_weight=59032 59 584 83 47 49 40 44 2832 44 52 58 41 48 52 54 40 49 76 63 40 40 60 991 903 48 133 59 51 90 66
leaf_count=59032 59 584 83 47 49 40 44 2832 44 52 58 41 48 52 54 40 49 76 63 40 40 60 991 903 48 133 59 51 90 66
internal_value=6.08182e-14 6.06525e-05 5.39741e-05 0.000583626 4.35526e-05 5.05496e-05 4.32798e-05 3.76235e-05 0.000243607 0.000163792 1.34488e-05 2.67878e-05 -0.000456252 1.80475e-05 -8.52988e-06 2.58596e-05 0.000354908 0.00076991 0.00104983 -0.000479761 9.13577e-06 -0.000546648 1.98797e-05 5.83398e-05 0.000231879 -1.28903e-05 0.000186048 0.000545619 0.0007466 0.0010373
internal_weight=65828 6796 6737 130 6607 6558 6518 6474 680 636 5794 5634 160 5593 102 5541 268 179 139 89 5273 100 5173 4182 1217 2965 1169 266 215 156
internal_count=65828 6796 6737 130 6607 6558 6518 6474 680 636 5794 5634 160 5593 102 5541 268 179 139 89 5273 100 5173 4182 1217 2965 1169 266 215 156
is_linear=0
shrinkage=0.03


Tree=173
num_leaves=31
num_cat=0
split_feature=21 5 17 15 37 41 68 50 33 7 46 28 47 70 68 31 65 6 9 44 29 10 15 34 71 57 12 44 34 47
split_gain=0.0296821 0.0306776 0.0364398 0.0427006 0.0393039 0.0789459 0.051668 0.0390129 0.0645993 0.0482932 0.0540916 0.0632446 0.0453812 0.049873 0.0469767 0.0404826 0.0367288 0.0361538 0.0667889 0.0496438 0.0557887 0.0422573 0.0414785 0.0349998 0.0435 0.0401741 0.0385487 0.0661809 0.0545285 0.0417066
threshold=1.4550000000000003 1.0000000180025095e-35 23.500000000000004 0.15505379323438395 0.22692304104566577 0.23045711219310763 1.0000000180025095e-35 1.1555556058883669 9.2792205810546893 0.90833333333333355 0.16696277260780337 8.8333334922790545 0.25189067423343664 45.500000000000007 1.0000000180025095e-35 5.1585335731506357 38.916666666666679 0.36500000000000005 0.41561829196801253 0.23140218853950503 6.4500000476837167 0.1822134387351779 -0.22891087877417945 7.003676414489747 10.500000000000002 0.18214886635541919 0.4295475488267701 0.18069351464509967 5.4899959564208993 0.18389388173818591
decision_type=2 2 2 8 10 10 2 10 10 10 10 10 10 10 2 10 10 8 8 10 10 10 8 8 8 10 10 10 10 10
left_child=1 17 4 7 23 -6 16 8 9 10 15 12 14 -14 -12 -4 -7 18 -1 20 22 -21 -20 25 -25 26 27 -3 -28 -29
right_child=-2 2 3 -5 5 6 -8 -9 -10 -11 11 -13 13 -15 -16 -17 -18 -19 19 21 -22 -23 -24 24 -26 -27 28 29 -30 -31
leaf_value=-6.495670601174105e-06 0.00074574322889020539 -0.00019503827164914431 8.9120077415524661e-05 -0.00026831039423718051 -0.0016893497564209005 -0.0012364587217985473 0.00057794867468107002 -0.00051181323485491835 0.0012015492192262577 -0.00076393450582947799 0.0016210650993794525 -0.00058330828820854963 0.00089662096718751377 -0.0002440082048997283 0.00033890467668065759 -0.00078333683599802583 -1.565520277446402e-05 2.1294657926811982e-05 6.7424107715914622e-05 -0.00019041442651959026 0.0006888953871125584 -0.0011420665052281104 -0.00021516321520298858 0.00081469029010485113 -0.00030515544401876266 0.00051110694476734996 -0.00027657665237434498 0.0013269086534689579 -0.0011094162801137742 0.00013735232680725556
leaf_weight=20186 48 834 369 314 45 47 46 76 54 51 69 41 69 69 41 55 42 39684 603 85 73 83 2080 74 54 73 361 42 88 72
leaf_count=20186 48 834 369 314 45 47 46 76 54 51 69 41 69 69 41 55 42 39684 603 85 73 83 2080 74 54 73 361 42 88 72
internal_value=-8.38082e-15 -5.44173e-07 -9.44947e-05 3.26496e-05 -0.000180878 -0.000601145 -0.000238411 0.000138356 0.000198763 0.000127885 0.000191676 0.000508177 0.000688624 0.000326306 0.00114317 -2.40524e-05 -0.000660349 3.92339e-06 -2.59062e-05 -0.000159908 -0.000129388 -0.000660576 -0.000151652 -0.000133539 0.000342255 -0.000174969 -0.00021082 -0.000102365 -0.000439806 0.00057561
internal_weight=65828 65780 2986 1208 1778 180 135 894 818 764 713 289 248 138 110 424 89 62794 23110 2924 2756 168 2683 1598 128 1470 1397 948 449 114
internal_count=65828 65780 2986 1208 1778 180 135 894 818 764 713 289 248 138 110 424 89 62794 23110 2924 2756 168 2683 1598 128 1470 1397 948 449 114
is_linear=0
shrinkage=0.03


Tree=174
num_leaves=31
num_cat=0
split_feature=6 29 51 66 14 64 65 11 14 43 65 6 34 39 38 61 34 22 31 39 70 38 31 31 30 14 66 13 6 46
split_gain=0.0290974 0.0324381 0.0280778 0.0371932 0.0679786 0.0566268 0.0343758 0.0420093 0.0511494 0.0390659 0.0360147 0.0344274 0.033947 0.0521065 0.0337041 0.0501278 0.0402368 0.0536471 0.0651301 0.0566776 0.0420649 0.0383283 0.033659 0.0534506 0.0321818 0.0357831 0.0314509 0.0353563 0.0335308 0.0477817
threshold=1.0000000180025095e-35 2.4500000476837163 0.48691760003566747 3.7429378181695943 0.02499999999999997 4.166666666666667 38.083333333333343 0.69903647579342876 0.085000000000000034 0.10496432334184648 35.750000000000007 0.88500000000000012 7.6092257499694833 0.23482014238834384 0.23974451422691348 30.833333333333339 5.2513158321380624 40.500000000000007 4.8984575271606454 0.12000029906630517 76.500000000000014 0.17148444801568988 6.9656498432159433 6.441847801208497 5.7321429252624521 0.059999999999999963 inf 1.0000000180025095e-35 0.115 0.2428969815373421
decision_type=8 10 8 10 8 10 10 10 10 8 10 10 10 10 8 10 10 2 10 10 8 10 10 10 10 10 8 10 10 10
left_child=1 -1 3 6 5 -5 7 14 9 -9 11 -11 13 22 16 -16 21 18 -18 -19 -20 -2 23 -8 25 -21 27 -4 -29 -30
right_child=2 -3 26 4 -6 -7 12 8 -10 10 -12 -13 -14 -15 15 -17 17 19 20 24 -22 -23 -24 -25 -26 -27 -28 28 29 -31
leaf_value=-6.7549103445286218e-05 -5.1589364461478294e-06 -0.00049910489257273588 7.6168582208361896e-06 0.00066380620856458939 -0.00122948214485818 -0.00080493924257877679 -8.6231370680834804e-05 -0.00038628460264590104 0.0013002303948936361 0.0006447006453472225 0.0010227565425297905 -0.0004471598255537067 0.00065396075717977838 -0.0011738894844311289 -0.0013699602540582418 1.0518845148657543e-05 0.0015471065965615898 0.00049773656691660798 -0.00042559656593407134 -0.0011698030986839773 0.00088654980296269063 -0.00075510931426599139 0.00063804432810253553 -0.0011608377234577866 0.00020999377060650011 5.0185646396130315e-06 6.5528426682100649e-05 0.00012802421825283894 -0.00020569474840627161 -0.0011393889984888034
leaf_weight=2815 5705 166 40933 54 66 42 5113 72 45 53 62 51 55 40 40 58 57 136 43 56 45 62 57 42 59 40 8843 253 712 53
leaf_count=2815 5705 166 40933 54 66 42 5113 72 45 53 62 51 55 40 40 58 57 136 43 56 45 62 57 42 59 40 8843 253 712 53
internal_value=-7.49168e-14 -9.15807e-05 4.34392e-06 -3.68202e-05 -0.000488319 2.12301e-05 -3.06691e-05 1.51259e-05 0.000372695 0.000197321 0.000450451 0.000109269 -8.74836e-05 -9.52481e-05 -9.33834e-07 -0.000552942 7.78724e-06 0.000285671 0.000757098 5.07683e-05 0.000245387 -1.32215e-05 -8.697e-05 -9.49867e-05 -0.00034141 -0.000680294 1.41118e-05 3.27355e-06 -0.000171368 -0.000270382
internal_weight=65828 2981 62847 12053 162 96 11891 6584 283 238 166 104 5307 5252 6301 98 6203 436 145 291 88 5767 5212 5155 155 96 50794 41951 1018 765
internal_count=65828 2981 62847 12053 162 96 11891 6584 283 238 166 104 5307 5252 6301 98 6203 436 145 291 88 5767 5212 5155 155 96 50794 41951 1018 765
is_linear=0
shrinkage=0.03


Tree=175
num_leaves=31
num_cat=0
split_feature=21 70 6 15 38 41 30 30 28 77 28 28 14 11 65 34 34 7 70 34 37 61 14 36 67 39 11 42 35 33
split_gain=0.0291977 0.0361403 0.0385029 0.0512672 0.0454014 0.0590819 0.0335353 0.0438227 0.0381194 0.0454854 0.0346394 0.032059 0.0345767 0.0812805 0.0540386 0.0620202 0.0879657 0.0769398 0.0886464 0.0468582 0.0441221 0.0394229 0.0359247 0.0356704 0.0597589 0.0478848 0.108114 0.0473211 0.0417569 0.0647396
threshold=0.13500000000000004 17.500000000000004 0.9850000000000001 0.036809738955823297 0.31714767217636114 0.30394147336483007 12.145833492279055 12.812500000000002 13.166666507720949 559.90000000000009 12.833333492279055 11.166666507720949 -0.15499999999999997 0.61211542130843932 33.083333333333343 2.8896498680114751 4.1796312332153329 0.31166666666666681 59.500000000000007 4.6916182041168222 0.16919221729040149 36.166666666666679 0.64500000000000013 0.26315380632877355 -0.047532769189388251 0.21966060250997546 0.7652951423630161 0.21165713667869571 0.17108014225959781 7.3452382087707528
decision_type=2 8 10 10 10 10 10 10 10 2 10 10 10 10 10 10 10 10 10 10 10 10 10 8 10 10 8 10 10 10
left_child=6 -2 4 -4 5 11 8 -8 10 -10 -1 12 13 19 15 17 -17 18 -14 -3 21 -21 23 25 -25 28 27 -27 29 -16
right_child=1 2 3 -5 -6 -7 7 -9 9 -11 -12 -13 14 -15 22 16 -18 -19 -20 20 -22 -23 -24 24 -26 26 -28 -29 -30 -31
leaf_value=-7.2480264558295305e-06 0.00079814636657582754 -0.00010376839061036041 0.00099717607113587498 -0.00025509144893536966 -0.00086743988044445911 0.0011985981225952856 0.0012618891829705992 -0.00010056340035849384 -9.854162011726978e-05 -0.0013734671214187982 0.00081631640686005669 0.00084914236591430374 -7.1764461958551801e-05 -0.00081562919343014073 6.4902541563992473e-05 0.0014584950627371048 0.00026913223910850247 -0.00042480826965128133 0.0013595428348713513 0.00012390008447585966 -0.00026801615550049555 0.0011089251015395036 -0.00073726441471767172 -0.0011927292584970762 3.2030939004718535e-05 0.0013178865186986512 -0.00039760487254997398 0.00031324696027010371 -0.00019128124363937196 0.0012362853000698567
leaf_weight=58793 59 1069 85 45 49 40 43 42 68 40 46 44 93 128 3403 90 148 146 67 66 65 82 53 55 103 100 88 73 602 43
leaf_count=58793 59 1069 85 45 49 40 43 42 68 40 46 44 93 128 3403 90 148 146 67 66 65 82 53 55 103 100 88 73 602 43
internal_value=-2.04713e-14 5.88853e-05 5.24112e-05 0.000563699 4.2351e-05 4.91488e-05 -6.77911e-06 0.000588677 -7.63775e-06 -0.000570736 -6.60417e-06 4.20948e-05 3.66097e-05 -9.47807e-05 7.31936e-05 0.000355679 0.000718891 7.31806e-05 0.000527595 -2.28083e-05 0.000383513 0.000669657 3.91953e-05 4.84078e-05 -0.00039431 6.46412e-05 0.000458492 0.000893963 3.92471e-05 7.95193e-05
internal_weight=65828 6796 6737 130 6607 6558 59032 85 58947 108 58839 6518 6474 1410 5064 544 238 306 160 1282 213 148 4520 4467 158 4309 261 173 4048 3446
internal_count=65828 6796 6737 130 6607 6558 59032 85 58947 108 58839 6518 6474 1410 5064 544 238 306 160 1282 213 148 4520 4467 158 4309 261 173 4048 3446
is_linear=0
shrinkage=0.03


Tree=176
num_leaves=31
num_cat=0
split_feature=34 26 7 1 17 42 11 33 14 10 33 37 71 66 33 46 64 66 47 58 12 52 62 29 35 10 38 41 45 42
split_gain=0.0283224 0.0414203 0.0381812 0.0348427 0.0607594 0.0839077 0.0556618 0.058769 0.0698206 0.0528941 0.0453944 0.0448722 0.0447607 0.0447 0.0435361 0.0527856 0.0433937 0.0506989 0.0417235 0.0414773 0.0401918 0.0376871 0.036996 0.11171 0.104076 0.0627628 0.060021 0.0541246 0.117572 0.0750366
threshold=1.2515822649002077 8.5000000000000018 0.65833333333333355 2.5000000000000004 4.5000000000000009 0.15385086089372638 0.48779006424017451 3.1483516693115239 0.54500000000000015 0.0575817860300619 5.8819444179534921 0.10185549780726434 6.5000000000000009 1.5294865779578688 3.4641026258468632 0.18339890986680987 5.8333333333333348 1.7416153997182848 0.11986306682229043 43.500000000000007 0.55383771423739836 0.65476191043853771 31.100000000000005 10.09999990463257 0.21778655797243121 0.57325203252032531 0.177623026072979 0.22312270849943164 0.22971595823764804 0.16012763231992724
decision_type=8 2 10 8 2 8 10 10 8 8 8 10 8 10 8 10 10 8 10 10 10 10 8 8 8 8 8 10 10 8
left_child=1 -1 -3 22 9 6 7 11 12 18 20 13 -9 -6 15 -11 17 -7 -5 -19 -8 -16 23 24 -2 26 -26 28 -27 -29
right_child=3 2 -4 4 5 16 10 8 -10 14 -12 -13 -14 -15 21 -17 -18 19 -20 -21 -22 -23 -24 -25 25 27 -28 29 -30 -31
leaf_value=3.3188257971301792e-05 0.00011853044689155611 -8.3256227418564832e-05 0.00058773725363123533 4.7279525727336636e-05 -1.8422938519092155e-05 0.0013237493865225199 -0.00049634266614039251 -0.00028341870254700794 0.0015133226437894845 -0.00011329062716578329 -0.0010698278576422196 -0.0005105573863382778 0.00045093228709318015 0.00054535476211110931 -0.00027573613275512011 0.00079156353551661587 0.0014145776793068252 2.4375859685542603e-07 0.00091505300952121615 0.0010651075408095493 0.00016945413218919596 -0.0010580400634027118 6.7048709446431703e-06 0.0013058320782147349 -7.551511188092477e-05 0.0001106489349799862 -0.00098604897061401668 0.0011618103603005263 -0.00069299504841719827 2.4930020681059916e-05
leaf_weight=4681 6727 8681 77 204 2283 42 185 106 43 1761 65 157 253 134 1247 60 41 186 66 40 146 58 36913 66 119 354 144 57 305 627
leaf_count=4681 6727 8681 77 204 2283 42 185 106 43 1761 65 157 253 134 1247 60 41 186 66 40 146 58 36913 66 119 354 144 57 305 627
internal_value=3.41415e-14 -3.88524e-05 -7.73569e-05 9.96654e-06 -5.19404e-05 3.24911e-05 -1.08675e-05 3.35944e-05 0.000370936 -0.000143458 -0.000345005 -1.90907e-05 0.000234104 1.28333e-05 -0.000178253 -8.34767e-05 0.000505647 0.000366594 0.000259402 0.000188715 -0.000202668 -0.000310505 1.96354e-05 7.64642e-05 6.67272e-05 -0.00015026 -0.000574058 -6.72669e-05 -0.000261296 0.00011967
internal_weight=65828 13439 8758 52389 7077 3681 3372 2976 402 3396 396 2574 359 2417 3126 1821 309 268 270 226 331 1305 45312 8399 8333 1606 263 1343 659 684
internal_count=65828 13439 8758 52389 7077 3681 3372 2976 402 3396 396 2574 359 2417 3126 1821 309 268 270 226 331 1305 45312 8399 8333 1606 263 1343 659 684
is_linear=0
shrinkage=0.03


Tree=177
num_leaves=31
num_cat=0
split_feature=21 5 21 15 17 26 57 47 35 11 30 42 26 61 43 66 41 34 12 6 55 12 63 63 65 28 78 11 30 63
split_gain=0.0277546 0.0289386 0.0357047 0.0409072 0.0425536 0.0361322 0.0458695 0.0428632 0.0357135 0.0410594 0.0324723 0.0928921 0.06374 0.0801753 0.0888771 0.0723868 0.0640824 0.0604405 0.0544531 0.105875 0.0959617 0.0794096 0.0599548 0.055719 0.0544477 0.0535713 0.0887518 0.0680235 0.0665878 0.0580106
threshold=1.4550000000000003 1.0000000180025095e-35 0.53500000000000014 -0.31902671482726552 74.500000000000014 48.500000000000007 0.12452811747789384 0.46673448383808142 0.14729990810155871 0.63609813374547997 6.1339285373687753 0.097404330968856825 13.500000000000002 34.416666666666679 0.088630039244890227 4.1254918053746232 0.25962185859680181 6.3096914291381845 0.56149681784069982 0.84500000000000008 0.046987734735012061 0.52006218844475105 0.59614478682959826 0.47745197635967523 39.916666666666679 6.8333332538604745 2278.2000000000003 0.5838637959212839 8.9375000000000018 0.59117542176882121
decision_type=2 2 2 8 2 2 10 8 10 10 10 10 2 8 10 10 8 10 8 10 10 10 10 10 10 10 2 8 10 10
left_child=1 10 3 -3 5 6 -5 -7 -8 -10 -1 -12 13 16 -15 17 -13 -16 19 20 23 -22 25 -14 -23 26 28 -27 -20 -29
right_child=-2 2 -4 4 -6 7 8 -9 9 -11 11 12 18 14 15 -17 -18 -19 22 -21 21 24 -24 -25 -26 27 -28 29 -30 -31
leaf_value=-5.6125405592459482e-06 0.00072112384863430633 0.00038685999478615713 -0.00055775869119431857 -8.4791403991095617e-05 0.0004323461766650255 -0.00022479096552765359 0.0011935147067362612 -0.0012155228087723981 -0.00044293101544952852 0.00081219460613404706 0.00084379146882301111 -0.00042610000351515524 -0.0011262901502195745 -0.0010924642239551758 -0.00075257664296077558 -0.00056529464600744712 -0.0016396851441110199 0.00048745490479346949 0.00016687817790133068 0.0018337489035911857 0.0015079894430887002 0.00072392336104932272 -6.2077447653744608e-05 6.5463981971642055e-05 -0.00058101211744902089 -0.00065816616159520246 0.0013713676312545431 3.5188581710484946e-05 0.0012774462422356009 0.00059975423294502447
leaf_weight=52729 48 167 141 1420 130 949 44 41 49 45 132 195 40 60 40 102 49 306 1723 40 77 87 3029 301 43 122 60 3437 50 172
leaf_count=52729 48 167 141 1420 130 949 44 41 49 45 132 195 40 60 40 102 49 306 1723 40 77 87 3029 301 43 122 60 3437 50 172
internal_value=-1.3249e-14 -5.26208e-07 -9.17751e-05 -6.86806e-05 -9.70882e-05 -0.0001241 -3.40462e-05 -0.000265821 0.000488114 0.000157927 3.81289e-06 5.31913e-05 4.2685e-05 -0.000222851 -8.16884e-06 0.000137049 -0.000669812 0.000344099 6.44345e-05 0.000343735 0.000234975 0.000744507 4.53226e-05 -7.43312e-05 0.000292291 0.00010379 0.000236599 3.85432e-05 0.000198197 6.2095e-05
internal_weight=65828 65780 2986 2845 2678 2548 1558 990 138 94 62794 10065 9933 752 508 448 244 346 9181 588 548 207 8593 341 130 5564 1833 3731 1773 3609
internal_count=65828 65780 2986 2845 2678 2548 1558 990 138 94 62794 10065 9933 752 508 448 244 346 9181 588 548 207 8593 341 130 5564 1833 3731 1773 3609
is_linear=0
shrinkage=0.03


Tree=178
num_leaves=31
num_cat=0
split_feature=21 70 6 44 38 41 30 30 28 77 28 28 14 7 65 43 21 30 41 26 22 34 34 7 71 33 78 14 36 67
split_gain=0.0278955 0.0340246 0.0359467 0.0486976 0.0427261 0.0553801 0.0312508 0.0410598 0.0359623 0.0428807 0.0325389 0.0300528 0.0322247 0.0771067 0.0506265 0.0588213 0.0424196 0.0404292 0.0439663 0.0412217 0.0580228 0.0393018 0.0832916 0.0486759 0.0618199 0.0372559 0.0361924 0.0337627 0.0336457 0.0562391
threshold=0.13500000000000004 17.500000000000004 0.9850000000000001 0.34939585626125341 0.31714767217636114 0.30394147336483007 12.145833492279055 12.812500000000002 13.166666507720949 559.90000000000009 12.833333492279055 11.166666507720949 -0.15499999999999997 0.78166666666666684 33.083333333333343 0.37169598042964941 0.84500000000000008 4.6908781528472909 0.051472546532750137 60.500000000000007 25.500000000000004 2.8896498680114751 4.039344549179078 0.31166666666666681 16.500000000000004 1.6396104097366335 1455.7000000000003 0.64500000000000013 0.26315380632877355 -0.047532769189388251
decision_type=2 8 10 10 10 10 10 10 10 2 10 10 10 10 10 10 2 10 10 2 2 10 10 10 8 10 2 10 8 10
left_child=6 -2 4 -4 5 11 8 -8 10 -10 -1 12 13 17 15 16 21 18 25 20 -19 23 -23 24 -14 26 -3 28 -16 -30
right_child=1 2 3 -5 -6 -7 7 -9 9 -11 -12 -13 14 -15 27 -17 -18 19 -20 -21 -22 22 -24 -25 -26 -27 -28 -29 29 -31
leaf_value=-7.0752136121632303e-06 0.00077485361148334903 -6.8801226573586154e-05 0.00010836824721969517 0.0013169013294564717 -0.00084102354368803143 0.001161007193295518 0.0012198356584020413 -9.8968982679902435e-05 -9.5913557940066843e-05 -0.0013337965010650804 0.00079112859240368654 0.00082270734665640204 0.0008040189195762051 -0.00088950297473076878 6.3116504273211252e-05 0.0014095625049856946 0.0011905008520698174 0.00014193781118070626 -0.00029307424638773226 -0.00043716207748915691 0.0012688966768314458 0.0013173039564469331 3.8667822913599325e-06 -0.00045253061550876893 -0.00051767437517309168 0.00094695555678169624 0.00080702691520390872 -0.00071431272542367701 -0.0011571690373159732 3.0975317372262328e-05
leaf_weight=58793 59 440 83 47 49 40 43 42 68 40 46 44 91 101 4309 43 40 115 552 49 64 71 112 138 49 42 47 53 55 103
leaf_count=58793 59 440 83 47 49 40 43 42 68 40 46 44 91 101 4309 43 40 115 552 49 64 71 112 138 49 42 47 53 55 103
internal_value=-1.72064e-13 5.75572e-05 5.12754e-05 0.000545299 4.1555e-05 4.81494e-05 -6.62622e-06 0.000568191 -7.45509e-06 -0.000554389 -6.45118e-06 4.13199e-05 3.60093e-05 -9.08338e-05 7.1327e-05 0.000344749 0.000253358 -2.921e-05 -0.000105779 0.000333821 0.000544873 0.000172044 0.000513452 -5.26962e-05 0.000341426 8.96595e-05 1.57243e-05 3.84196e-05 4.73506e-05 -0.000382619
internal_weight=65828 6796 6737 130 6607 6558 59032 85 58947 108 58839 6518 6474 1410 5064 544 501 1309 1081 228 179 461 183 278 140 529 487 4520 4467 158
internal_count=65828 6796 6737 130 6607 6558 59032 85 58947 108 58839 6518 6474 1410 5064 544 501 1309 1081 228 179 461 183 278 140 529 487 4520 4467 158
is_linear=0
shrinkage=0.03


Tree=179
num_leaves=31
num_cat=0
split_feature=38 24 5 17 22 37 41 68 44 20 10 12 42 66 41 65 36 31 65 44 43 43 45 71 36 59 68 55 61 30
split_gain=0.0274365 0.0290015 0.0315461 0.037232 0.0414719 0.0326443 0.0756763 0.0463912 0.0368202 0.0325618 0.0385895 0.089768 0.0778342 0.045258 0.054628 0.0641506 0.0465739 0.0623444 0.053491 0.0453952 0.107161 0.0526771 0.0444956 0.0503343 0.0403281 0.0334369 0.0368932 0.0332643 0.0331232 0.0394537
threshold=0.0098439063876867312 1.0000000180025095e-35 1.0000000180025095e-35 23.500000000000004 19.500000000000004 0.22692304104566577 0.23045711219310763 1.0000000180025095e-35 0.31913225352764135 1.0000000180025095e-35 0.77514044943820237 0.76840783275120639 0.28151012957096105 5.8035526797175416 0.2630948424339295 39.083333333333343 0.27881787717342382 8.962372303009035 38.791666666666679 0.2218737527728081 0.15889130532741549 0.22233158349990848 0.33950227499008184 10.500000000000002 0.30042020976543432 29.583333333333339 1.0000000180025095e-35 0.42873015999794012 43.166666666666679 9.291666507720949
decision_type=10 2 2 2 2 10 10 2 10 2 8 10 10 10 10 10 10 10 10 10 10 10 10 10 10 10 2 10 10 10
left_child=-1 2 9 5 -5 -4 -7 8 -8 28 11 27 13 16 15 -15 17 19 -19 25 -21 -22 23 -23 -18 26 -12 -11 29 -2
right_child=1 -3 3 4 -6 6 7 -9 -10 10 12 -13 -14 14 -16 -17 24 18 -20 20 21 22 -24 -25 -26 -27 -28 -29 -30 -31
leaf_value=-6.6578380878627491e-05 6.5107532726156476e-06 -0.00014472307982665717 -0.00013441347105635134 -0.0007163068825461631 8.0717608200409801e-05 -0.0016278020969281593 -0.0012837135748704897 0.00056664096578732943 -6.7892185521914678e-05 4.0327891991994606e-05 0.00016179666248857614 -0.0010548744196801083 0.0011568553715615587 -0.00058724039130059896 -0.0010202181450652214 0.00091875563689546144 0.0014331833320853121 -0.0013201394479503816 -3.2605779982220972e-05 0.001577031542686882 -0.00056521930341841653 0.0003604453582846297 -0.00024577885521638739 0.0013665152921798992 0.00024139075554558076 7.7760452725197907e-05 0.0011934097544648325 -0.00079730966334166215 -7.5824828195252163e-05 0.00017360762325360586
leaf_weight=5136 42453 1133 1465 62 1123 45 40 46 51 5536 78 69 68 57 66 46 47 47 76 64 60 196 74 58 56 1979 52 43 4291 1311
leaf_count=5136 42453 1133 1465 62 1123 45 40 46 51 5536 78 69 68 57 66 46 47 47 76 64 60 196 74 58 56 1979 52 43 4291 1311
internal_value=-2.39029e-13 5.63413e-06 8.4944e-06 -8.92223e-05 3.90167e-05 -0.000181489 -0.000560421 -0.000209822 -0.000602319 1.33727e-05 6.68772e-05 2.05709e-05 0.000153365 0.00013028 -0.000346416 8.53404e-05 0.000159186 0.000135162 -0.00052459 0.000166849 0.000439678 0.000252073 0.000401578 0.000590178 0.000785218 0.000108376 0.000574442 3.38718e-05 3.71733e-06 1.15163e-05
internal_weight=65828 60692 59559 2832 1185 1647 182 137 91 56727 8672 5648 3024 2956 169 103 2787 2684 123 2561 452 388 328 254 103 2109 130 5579 48055 43764
internal_count=65828 60692 59559 2832 1185 1647 182 137 91 56727 8672 5648 3024 2956 169 103 2787 2684 123 2561 452 388 328 254 103 2109 130 5579 48055 43764
is_linear=0
shrinkage=0.03


Tree=180
num_leaves=31
num_cat=0
split_feature=66 42 54 41 42 40 47 14 67 14 59 7 70 10 63 43 57 54 26 55 55 43 56 61 67 42 57 45 77 46
split_gain=0.0271982 0.0515884 0.0461615 0.039583 0.055652 0.0387057 0.0495459 0.0587965 0.0465223 0.0553852 0.0605436 0.0459087 0.0452217 0.0814119 0.0594688 0.0596658 0.0641732 0.0508637 0.0420973 0.0395642 0.0540307 0.0385803 0.0384798 0.037471 0.0614166 0.0544276 0.0691795 0.056763 0.0448303 0.0549066
threshold=inf 0.09975918754935266 0.19669913500547412 0.13333666324615481 0.092643775045871748 0.12821406126022342 0.0052358699031174192 -0.18499999999999991 -0.099123940618264614 -0.25499999999999984 46.500000000000007 0.75166666666666682 40.500000000000007 0.70304764851485158 0.66934270769101356 0.094380114227533354 0.062446581199765212 0.30597643554210668 11.500000000000002 0.16011904925107959 0.061938291415572173 0.037889832630753524 0.21600625663995746 42.166666666666679 0.031368779769234779 0.24999683350324634 0.29171660542488104 0.30707682669162756 1582.5500000000002 0.10294275730848314
decision_type=8 10 10 10 10 10 10 10 8 10 8 10 10 8 10 10 8 8 2 10 10 10 8 10 10 10 8 10 2 10
left_child=2 3 -1 -2 -5 12 18 8 11 10 -10 -8 14 21 15 -3 -17 -15 -7 20 -18 -14 -11 24 -9 27 -27 -25 29 -26
right_child=1 5 -4 4 -6 6 7 23 9 22 -12 -13 13 17 -16 16 19 -19 -20 -21 -22 -23 -24 25 28 26 -28 -29 -30 -31
leaf_value=-6.2143785385726968e-06 -5.5234372362816227e-06 0.00027292622362438122 -0.00019325749670340826 -0.00060194784554300467 0.00043296251122956162 -0.0011121827031352689 0.001723090184928286 1.1239878739734991e-05 -0.00022643762994819963 0.0012397374544905132 0.00090666328451402902 0.00032858754583035729 0.00020404408326820495 0.00018067708251432382 -0.00054763129560954187 0.00014054017417349738 0.00094249030528590087 0.0016402417416049337 -0.00012872715003131534 0.00049492432255337528 0.0023008316068444399 -0.00027054944771887399 0.00030469933753803129 -0.00010373474364168943 -0.00051862417391142419 0.0013209093909988061 -0.00020517422277348927 -0.00081714990878922495 0.00073777540015726114 0.00025229670832911557
leaf_weight=49012 7829 434 1217 212 60 42 43 2957 213 69 53 42 280 42 55 73 60 44 582 47 47 343 93 400 90 47 62 134 154 1092
leaf_count=49012 7829 434 1217 212 60 42 43 2957 213 69 53 42 280 42 55 73 60 44 582 47 47 343 93 400 90 47 62 134 154 1092
internal_value=-3.3213e-13 3.46031e-05 -1.07463e-05 -1.7884e-05 -0.000373659 9.13112e-05 5.82939e-05 8.72912e-05 0.000392972 0.000265656 -6.69403e-07 0.00103404 0.000232023 6.21903e-05 0.000400195 0.000479061 0.000873169 0.000927431 -0.000194921 0.00122045 0.00153914 -5.7249e-05 0.000702956 5.55218e-05 8.75112e-05 -0.000158056 0.000452862 -0.000282757 0.000256324 0.000193597
internal_weight=65828 15599 50229 8101 272 7498 6073 5449 513 428 266 85 1425 709 716 661 227 86 624 154 107 623 162 4936 4293 643 109 534 1336 1182
internal_count=65828 15599 50229 8101 272 7498 6073 5449 513 428 266 85 1425 709 716 661 227 86 624 154 107 623 162 4936 4293 643 109 534 1336 1182
is_linear=0
shrinkage=0.03


Tree=181
num_leaves=31
num_cat=0
split_feature=66 17 1 34 61 6 5 50 57 17 58 63 28 42 60 66 22 45 9 22 78 66 62 58 70 33 70 66 7 61
split_gain=0.0258317 0.0319555 0.0514799 0.0542437 0.0542444 0.042207 0.0318419 0.0312033 0.0825608 0.0484957 0.0472696 0.0428427 0.0331327 0.0329127 0.0569067 0.0495829 0.0789683 0.0430061 0.0509758 0.0442782 0.0702956 0.0646067 0.0591403 0.0403255 0.0519699 0.0445158 0.0382857 0.0782446 0.0335304 0.0331851
threshold=0.14404658414423469 1.0000000180025095e-35 1.5000000000000002 7.7469809055328378 35.833333333333336 0.49500000000000005 1.0000000180025095e-35 1.1555556058883669 0.17147435992956164 56.500000000000007 44.500000000000007 0.60120338097545323 5.5833332538604745 0.22131530940532687 41.550000000000004 2.9595981985330586 19.500000000000004 0.069879867136478438 0.71012058912861409 60.500000000000007 269.90000000000003 1.7416153997182848 36.300000000000004 42.500000000000007 41.500000000000007 7.4083333015441903 69.500000000000014 1.8587311282753947 0.48583333333333339 31.166666666666668
decision_type=8 2 8 8 8 10 2 10 10 2 10 10 10 10 10 10 2 10 8 2 2 10 10 10 10 10 10 10 8 10
left_child=-1 2 3 -2 -5 -4 -3 8 9 13 -9 12 -10 17 15 -15 -17 18 -8 22 21 -21 23 25 -25 26 29 -28 -24 -19
right_child=1 6 5 4 -6 -7 7 10 11 -11 -12 -13 -14 14 -16 16 -18 19 -20 20 -22 -23 28 24 -26 -27 27 -29 -30 -31
leaf_value=-4.7612753133592252e-05 3.7138455375266042e-05 1.8252771208536831e-05 -0.00011068641723269347 0.0015478088557416493 0.0001398187365661867 -0.00056553485031981469 -0.00018012817155887908 -0.00018061724771821622 0.00044656159845180812 0.00032830204073569188 -0.0013941375091380903 -3.6191008856788403e-05 0.0015500224861898458 -0.001433257020268021 0.00049717496019289933 -0.0013510435065836645 0.00018107331597825465 -0.00043492013088238999 -0.0008754631933978323 0.0010273313294746913 -0.0011056148175257955 -0.00062970979209057986 0.00048047575785411454 0.00016234300940413959 0.0016916062437230721 0.0011358558965801466 0.0014680200755356053 -0.00031653839799507358 -0.00029478422503224753 0.000197726462721504
leaf_weight=8873 612 51011 2374 46 53 199 733 104 50 209 40 59 48 59 43 48 82 126 109 40 76 45 59 40 40 41 48 41 337 183
leaf_count=8873 612 51011 2374 46 53 199 733 104 50 209 40 59 48 59 43 48 82 126 109 40 76 45 59 40 40 41 48 41 337 183
internal_value=-6.73193e-14 7.41757e-06 -8.34265e-05 0.000142529 0.000794036 -0.000145865 1.29761e-05 -8.82149e-05 -6.36335e-05 -0.000107968 -0.000517706 0.000602509 0.000987032 -0.000150377 -0.000487869 -0.00071198 -0.000384631 -0.000109554 -0.000270142 1.611e-05 -0.000442673 0.000150074 9.68358e-05 0.000307512 0.000926975 0.000194626 9.76656e-05 0.00064592 -0.000179278 -6.02459e-05
internal_weight=65828 56955 3284 711 99 2573 53671 2660 2516 2359 144 157 98 2150 232 189 130 1918 842 1076 161 85 915 519 80 439 398 89 396 309
internal_count=65828 56955 3284 711 99 2573 53671 2660 2516 2359 144 157 98 2150 232 189 130 1918 842 1076 161 85 915 519 80 439 398 89 396 309
is_linear=0
shrinkage=0.03


Tree=182
num_leaves=31
num_cat=0
split_feature=21 38 7 70 24 5 50 57 17 58 63 70 26 47 36 28 15 14 7 43 44 8 78 62 62 43 39 62 18 26
split_gain=0.0257418 0.0260251 0.0278776 0.07013 0.0266553 0.0292933 0.034576 0.0776587 0.049122 0.040691 0.0403107 0.0355332 0.0346251 0.0331413 0.0589809 0.0311745 0.0297825 0.0371868 0.0290005 0.0411659 0.0685568 0.033579 0.0367414 0.0356066 0.0421981 0.0306817 0.0286039 0.02794 0.0364598 0.0494147
threshold=1.4550000000000003 0.0098439063876867312 0.99833333333333341 40.500000000000007 1.0000000180025095e-35 1.0000000180025095e-35 1.1555556058883669 0.17147435992956164 56.500000000000007 44.500000000000007 0.60120338097545323 73.500000000000014 48.500000000000007 0.4003881067037583 0.25953263044357305 5.5833332538604745 -0.11548603661279715 -0.044999999999999978 0.74166666666666681 0.10320995375514032 0.27878825366497045 0.64900000000000024 113.95 30.500000000000004 40.733333333333341 0.23084449768066409 0.29155951738357549 34.45000000000001 1.0000000180025095e-35 22.500000000000004
decision_type=2 10 10 10 2 2 10 10 2 10 10 8 2 8 10 10 8 10 10 10 10 10 2 10 10 10 10 10 2 2
left_child=1 -1 4 -4 5 27 7 8 12 11 15 -8 26 14 18 -9 -10 -18 21 -20 25 23 -23 -14 -25 -21 -7 28 -3 -30
right_child=-2 2 3 -5 -6 6 9 10 16 -11 -12 -13 13 -15 -16 -17 17 -19 19 20 -22 22 -24 24 -26 -27 -28 -29 29 -31
leaf_value=-6.5389163716384654e-05 0.00069448303336685049 2.9905063415941565e-05 -0.00039564829812266199 0.0011557425129929649 -0.00014008244756347487 -3.4858765899863107e-05 0.00047619512246455998 0.00043316474924795327 -0.00025094194864658145 -0.0013523133809503634 -3.5105272644136289e-05 -0.00065696068123956633 0.00035330829021404495 -0.0010252575795352897 0.00087196478561963882 0.0015035218340926804 0.001255136910055645 0.00024277640328738208 -0.0013133504501046528 -0.00031915136570938969 -0.001223170161505954 0.00069044002422067143 -0.00025630594083430388 -0.00061993231583243249 0.00033084154485259204 0.0007465488755260594 -0.00083840118675697134 -6.7316758759202362e-06 0.0005431792241541041 7.3732246141074789e-06
leaf_weight=5130 48 23714 46 61 1132 1447 40 50 57 40 59 66 56 53 40 48 47 107 55 62 54 70 78 263 50 40 41 32253 296 325
leaf_count=5130 48 23714 46 61 1132 1447 40 50 57 40 59 66 56 53 40 48 47 107 55 62 54 70 78 263 50 40 41 32253 296 325
internal_value=-1.1973e-14 -5.06768e-07 4.98122e-06 0.000488789 4.12617e-06 6.87388e-06 -8.74407e-05 -6.29216e-05 -0.000103253 -0.000537015 0.000584434 -0.000229355 -0.000143292 -0.000299692 -0.00024962 0.000957421 0.000334904 0.000551744 -0.000311246 -0.000607635 -0.000358824 -0.000190282 0.000191479 -0.000343401 -0.000468052 9.87703e-05 -5.69994e-05 1.15789e-05 3.58474e-05 0.000262765
internal_weight=65828 65780 60650 107 60543 59411 2823 2677 2520 146 157 106 2309 821 768 98 211 154 728 211 156 517 148 369 313 102 1488 56588 24335 621
internal_count=65828 65780 60650 107 60543 59411 2823 2677 2520 146 157 106 2309 821 768 98 211 154 728 211 156 517 148 369 313 102 1488 56588 24335 621
is_linear=0
shrinkage=0.03


Tree=183
num_leaves=31
num_cat=0
split_feature=34 31 26 43 14 56 22 50 60 29 61 65 67 60 45 71 66 66 7 39 35 15 30 36 30 10 32 36 22 70
split_gain=0.0253968 0.0430822 0.0644126 0.059263 0.0781356 0.0587278 0.0514546 0.0424134 0.0500869 0.0436588 0.0407905 0.0779331 0.0584487 0.0584262 0.0482575 0.0405744 0.0416953 0.0413452 0.0475608 0.0672188 0.0430784 0.0689206 0.0404808 0.0531446 0.0617024 0.0774102 0.0528738 0.0655179 0.0586378 0.0478832
threshold=6.9470176696777353 5.4568603038787851 42.500000000000007 0.088630039244890227 0.14000000000000007 0.042573597282171256 25.500000000000004 1.8999999761581423 42.366666666666674 10.900000095367433 33.833333333333336 37.291666666666679 0.028524806817298801 34.100000000000009 0.16062604635953906 12.500000000000002 5.6185916066169748 3.9229968711733822 0.82166666666666688 0.21297439187765124 0.23706512153148654 0.02652505651416957 5.8660714626312265 0.15656692534685138 8.1339287757873553 0.76609560652113851 6.4926140308380136 0.21019769459962848 67.500000000000014 86.500000000000014
decision_type=10 10 2 8 8 8 2 10 10 10 10 10 10 10 10 10 10 10 8 8 10 8 10 10 10 8 10 10 2 10
left_child=7 2 -2 4 6 -5 -3 9 -9 -1 11 13 -12 -4 -14 22 17 18 19 -17 -20 -22 -7 24 25 -24 27 28 -25 -28
right_child=1 3 10 5 -6 15 -8 8 -10 -11 12 -13 14 -15 -16 16 -18 -19 20 -21 21 -23 23 26 -26 -27 29 -29 -30 -31
leaf_value=-5.6738450885002685e-06 0.00086559276330019951 -0.00075046749684042871 -0.0002029547368122088 0.0010913133581925648 -0.0015011400775033598 -0.00046260825556017598 0.00023508590931946931 -0.00082889276881408143 0.00036271463550457896 0.00082499765006727296 -0.00048966856722009757 0.0012311672347597776 -0.00020774920683761593 0.00065964804875455051 0.0007130944677295961 0.00058011972978287804 -0.00020079806784368965 0.00083667230652477724 -1.9798116020410817e-05 -0.00079305891999853896 0.00022596976370550692 0.0016963616909253267 0.00091058599922056913 0.0002491506739482117 0.0015407049810580377 -0.00055002858513034873 1.2202976120288671e-05 -0.0012232893228236422 -0.0010889625991985668 0.0006831848632267495
leaf_weight=59081 131 80 174 48 49 159 118 114 44 57 169 75 100 119 105 55 132 139 80 77 64 52 69 112 42 62 4115 68 40 98
leaf_count=59081 131 80 174 48 49 159 118 114 44 57 169 75 100 119 105 55 132 139 80 77 64 52 69 112 42 62 4115 68 40 98
internal_value=4.57915e-14 5.6143e-05 0.000252303 2.58819e-05 -0.000428555 4.66221e-05 -0.000163117 -6.18467e-06 -0.000497053 -4.8732e-06 0.000144026 0.000368265 -7.66149e-05 0.000147386 0.000263902 3.72736e-05 0.000269987 0.000403057 0.000219299 -0.000220901 0.00051576 0.000885111 8.01965e-06 2.42658e-05 0.000540106 0.000219303 4.13491e-06 -0.00044926 -0.000102984 2.78109e-05
internal_weight=65828 6532 873 5659 247 5412 198 59296 158 59138 742 368 374 293 205 5364 599 467 328 132 196 116 4765 4606 173 131 4433 220 152 4213
internal_count=65828 6532 873 5659 247 5412 198 59296 158 59138 742 368 374 293 205 5364 599 467 328 132 196 116 4765 4606 173 131 4433 220 152 4213
is_linear=0
shrinkage=0.03


Tree=184
num_leaves=31
num_cat=0
split_feature=51 66 54 21 42 38 8 70 36 66 61 42 30 41 56 53 67 62 56 33 35 33 47 14 71 46 78 17 67 78
split_gain=0.0252457 0.0341875 0.045246 0.0374872 0.100261 0.0785879 0.0510085 0.036046 0.0623435 0.055942 0.0594505 0.0344087 0.0326244 0.0314398 0.0378869 0.0314286 0.0347371 0.0303396 0.0478597 0.0549457 0.101825 0.0335492 0.0288685 0.0786313 0.101494 0.102262 0.0657162 0.0583115 0.0486505 0.0475167
threshold=0.034750290215015418 inf 0.19669913500547412 0.70500000000000018 0.23768954724073413 0.085221674293279662 0.6126666666666668 57.500000000000007 0.23251792788505557 4.3324404209852228 34.166666666666679 0.23469445854425433 7.5357143878936776 0.10077021643519403 0.22483534365892413 0.4083333313465119 -0.036391297244504454 42.733333333333341 0.19456419348716739 9.2071428298950213 0.184412956237793 11.720779418945314 0.39276020228862768 0.0099999999999999273 11.500000000000002 0.46903219819068914 1085.6000000000001 7.5000000000000009 0.0025680509797333943 1596.2
decision_type=8 8 10 2 8 10 10 8 10 10 10 10 10 10 10 10 10 10 10 8 10 10 10 8 10 10 2 2 10 2
left_child=-1 2 22 17 5 -5 -7 8 13 11 -11 -9 -12 14 -4 16 -15 21 -19 20 -20 -3 -2 24 25 -24 27 -25 -27 -28
right_child=1 3 7 4 -6 6 -8 9 -10 10 12 -13 -14 15 -16 -17 -18 18 19 -21 -22 -23 23 26 -26 28 29 -29 -30 -31
leaf_value=-6.4835298145671439e-05 -5.3149865060380308e-06 5.7504051353624861e-05 -0.00015378758573206141 -3.5305163918939581e-05 -0.0007871385950812299 0.0020123925157709095 0.00074222393885945836 -0.00022882901235031023 0.00089401069065471255 -0.0016174596706229559 0.00013400117992811526 0.00066804860658920939 -0.00087846324211330012 -0.0012688702330215956 0.0010304528120323084 0.00018101409831884461 -0.00025918734630660923 -0.00023146541143408844 -0.0003071547943152121 -0.0004438070517005599 0.0013200712858233599 -0.00057070857243515653 -6.1951805993986956e-05 -5.9721841320616045e-05 0.00085262746952876852 -0.00061677403054054595 -0.00095588395292853581 0.00071882316562793362 -0.0020204640479787486 0.00041582257438610052
leaf_weight=4995 45330 11994 62 85 52 41 93 631 66 53 54 41 61 46 40 71 92 758 61 64 80 77 251 114 74 50 51 360 40 41
leaf_count=4995 45330 11994 62 85 52 41 93 631 66 53 54 41 61 46 40 71 92 758 61 64 80 77 251 114 74 50 51 360 40 41
internal_value=-1.30434e-13 5.32363e-06 -6.57558e-06 4.78299e-05 0.000397058 0.000678237 0.00113086 -0.00018714 5.65696e-05 -0.00029652 -0.000786164 -0.000174109 -0.000403045 -0.000121151 0.00031062 -0.000331872 -0.000595748 4.05688e-05 -0.00012148 0.000285198 0.000616094 5.34967e-05 -1.83055e-06 0.000159178 -0.000154489 -0.000373042 0.000389164 0.000531578 -0.00124064 -0.00034458
internal_weight=65828 60833 47528 13305 271 219 134 1217 377 840 168 672 115 311 102 209 138 13034 963 205 141 12071 46311 981 415 341 566 474 90 92
internal_count=65828 60833 47528 13305 271 219 134 1217 377 840 168 672 115 311 102 209 138 13034 963 205 141 12071 46311 981 415 341 566 474 90 92
is_linear=0
shrinkage=0.03


Tree=185
num_leaves=31
num_cat=0
split_feature=20 54 55 53 65 9 11 65 63 29 11 37 40 26 15 35 33 30 34 22 67 46 17 52 41 39 36 33 71 66
split_gain=0.0248827 0.0375816 0.0566027 0.0501141 0.0435806 0.0353143 0.0349704 0.0342361 0.0448344 0.0321075 0.0487871 0.0483724 0.052095 0.0528377 0.0618551 0.0952297 0.060426 0.0631426 0.0590991 0.0687693 0.0553808 0.0506505 0.0531449 0.0468472 0.0460933 0.0547895 0.0547377 0.0452732 0.0599129 0.0443384
threshold=1.0000000180025095e-35 0.35456348955631262 0.30962121486663824 0.240384615957737 30.791666666666671 0.65723128444889489 0.82403074339754645 36.916666666666679 0.61399393212964837 6.5499999523162851 0.40477445458804923 0.18512809276580813 0.2739283293485642 27.500000000000004 -0.038608617032770208 0.08856209367513658 6.5166666507720956 5.0625000000000009 4.8010990619659433 17.500000000000004 -0.067474528736916436 0.16472880542278293 55.500000000000007 0.60834592580795299 0.23806525021791461 0.24082361161708835 0.23494421690702441 5.8516483306884775 16.500000000000004 4.1254918053746232
decision_type=2 10 10 10 10 8 10 10 10 8 8 8 10 2 10 8 8 8 10 2 10 8 2 10 10 10 10 10 8 8
left_child=9 2 4 -4 5 -2 -6 -3 -9 11 -11 -1 13 18 15 -15 17 -16 -13 27 23 -22 -23 -19 25 26 29 -20 -29 -17
right_child=1 7 3 -5 6 -7 -8 8 -10 10 -12 12 -14 14 16 24 -18 20 19 -21 21 22 -24 -25 -26 -27 -28 28 -30 -31
leaf_value=-1.1136586351151689e-05 0.00016736776621997839 0.00016586496998108053 0.00014550834050169214 0.0015736903072471116 2.7668540340652325e-05 0.00083492450002594059 0.00077294391800502411 -0.001384852584893815 -0.00013251147013298184 -0.0007934487105587557 5.1119926786137902e-05 -0.00038747467592946519 0.00077922445625657789 -0.0013804811250884084 -0.00088589514434683769 -0.00017371801340020763 -0.00084126851432106029 -0.0001835018107385622 0.00039795506132157658 0.00085433744147585158 -0.00064945470341152265 0.00012494946107602655 0.0012934591676574201 -0.0014054895252920685 -0.00073642832568704918 -0.0006764761582522432 0.001139718567387068 -0.00085585927971084763 0.00046442719583865254 0.00038376996698016375
leaf_weight=44797 218 59 48 41 9622 106 57 50 53 62 8616 179 52 48 113 271 260 96 130 124 46 117 50 40 69 76 49 87 48 244
leaf_count=44797 218 59 48 41 9622 106 57 50 53 62 8616 179 52 48 113 271 260 96 130 124 46 117 50 40 69 76 49 87 48 244
internal_value=6.24644e-14 4.29392e-05 5.02159e-05 0.000803435 4.35142e-05 0.000385766 3.20575e-05 -0.000410369 -0.000740444 -7.92275e-06 4.50859e-05 -1.77319e-05 -0.000158489 -0.00018231 -0.000276765 -8.72924e-05 -0.000475422 -0.000269534 6.36387e-05 0.00027122 -6.99674e-05 0.000232005 0.000474803 -0.00054291 2.57768e-07 7.96817e-05 0.000181575 -1.63432e-06 -0.000386424 9.04122e-05
internal_weight=65828 10254 10092 89 10003 324 9679 162 103 55574 8678 46896 2099 2047 1479 757 722 462 568 389 349 213 167 136 709 640 564 265 135 515
internal_count=65828 10254 10092 89 10003 324 9679 162 103 55574 8678 46896 2099 2047 1479 757 722 462 568 389 349 213 167 136 709 640 564 265 135 515
is_linear=0
shrinkage=0.03


Tree=186
num_leaves=31
num_cat=0
split_feature=62 34 51 51 39 31 33 65 47 34 38 37 6 33 11 1 14 14 42 34 63 71 46 68 38 44 17 18 47 42
split_gain=0.0244595 0.0756191 0.0321802 0.0461782 0.0660274 0.0746263 0.0721777 0.0699825 0.0573166 0.0436991 0.0422265 0.0489137 0.0298441 0.0591233 0.0510066 0.0473248 0.0574743 0.0411981 0.0690342 0.0681852 0.0834121 0.0541893 0.0435085 0.0560599 0.0415601 0.0413471 0.0521623 0.0411058 0.0497439 0.0541428
threshold=28.300000000000001 9.2784748077392596 1.179260849952698 0.68699541687965404 0.25023081898689276 7.2714221477508554 7.2264957427978525 34.416666666666679 0.34403198957443243 3.5956664085388188 0.26596900820732122 0.24320951849222186 0.69500000000000006 2.2928571701049809 0.46766690724838456 1.5000000000000002 -0.74499999999999988 -0.215 0.21916406601667407 6.3096914291381845 0.54965374738527151 5.5000000000000009 -0.019232039339840409 1.0000000180025095e-35 0.25517386198043829 -0.0088804396800696832 9.5000000000000018 1.0000000180025095e-35 0.12738632410764697 0.14659556746482852
decision_type=8 8 10 10 8 10 10 10 10 10 10 10 10 8 10 8 8 10 10 10 10 10 8 2 10 8 2 2 8 8
left_child=1 2 3 4 6 10 8 -7 -1 -5 11 -6 14 -14 27 16 -16 18 19 20 21 -15 23 -19 -20 26 -24 -2 -29 -30
right_child=12 -3 -4 9 5 7 -8 -9 -10 -11 -12 -13 13 17 15 -17 -18 22 24 -21 -22 -23 25 -25 -26 -27 -28 28 29 -31
leaf_value=4.664427113752632e-05 -9.2760048377172636e-06 0.0012630636185380392 -0.00079357139894273125 -0.00011054708770560947 -0.00056024679660742339 0.0007119536642740304 0.0012433147810875101 -0.00083314780168598735 0.00090629833160151896 0.0010774486166988744 -0.00014283799859695137 -0.0018874983999364989 0.00028210711112773096 0.0017536931193047544 0.0010864773846382065 -0.00019396124682634607 -4.2266743273673727e-05 -7.4841105714624158e-05 -0.0011024786855616583 0.0013053063362508221 -0.0002727303493309974 0.000282323573436588 -0.00064064197830157349 -0.00099433969461423322 0.0001981164197786711 8.8301570717737159e-06 0.00052427694788150349 4.5601500647013259e-05 0.00072361648899246778 -0.00032372216120446945
leaf_weight=4141 36532 47 40 44 51 74 47 41 71 76 50 49 791 41 41 2607 4161 190 41 79 114 50 40 87 48 15099 256 634 231 55
leaf_count=4141 36532 47 40 44 51 74 47 41 71 76 50 49 791 41 41 2607 4161 190 41 79 114 50 40 87 48 15099 256 634 231 55
internal_value=2.24243e-14 6.57163e-05 5.37019e-05 6.09997e-05 4.55925e-05 -0.000413873 7.4181e-05 0.000161091 6.11351e-05 0.00064185 -0.000854679 -0.0012106 -5.08869e-06 2.89076e-05 -1.80202e-05 -9.35502e-05 -3.12533e-05 1.64252e-05 0.000328025 0.000556498 0.000267933 0.000945248 9.00896e-06 -0.000363637 -0.000401034 1.57139e-05 0.000366855 -4.28839e-06 0.000193763 0.000522205
internal_weight=65828 4731 4684 4644 4524 265 4259 115 4212 120 150 100 61097 16836 44261 6809 4202 16045 373 284 205 91 15672 277 89 15395 296 37452 920 286
internal_count=65828 4731 4684 4644 4524 265 4259 115 4212 120 150 100 61097 16836 44261 6809 4202 16045 373 284 205 91 15672 277 89 15395 296 37452 920 286
is_linear=0
shrinkage=0.03


Tree=187
num_leaves=31
num_cat=0
split_feature=6 31 51 35 47 62 51 15 56 53 70 15 56 17 34 15 6 61 17 68 36 66 67 78 43 54 29 52 58 45
split_gain=0.0240015 0.0306934 0.0250636 0.0355871 0.0629162 0.0607932 0.0662577 0.0458819 0.0612506 0.0520509 0.0488915 0.0513205 0.0479528 0.0462337 0.041813 0.0397924 0.0388347 0.0378711 0.0359001 0.0325221 0.043977 0.0319472 0.0313189 0.042672 0.0465242 0.0438306 0.0393692 0.0346135 0.0561664 0.0334958
threshold=1.0000000180025095e-35 1.3984422683715823 0.48691760003566747 0.12034482508897783 0.021180381067097191 40.733333333333341 0.14810010045766833 -0.063959175969919166 0.06067160144448281 0.14214119315147403 62.500000000000007 -0.0052712304185460251 0.057281225919723518 19.500000000000004 3.970223188400269 0.0045246172211440916 0.70500000000000007 31.166666666666668 21.500000000000004 1.0000000180025095e-35 0.20599550008773806 0.61353299953043472 -0.059687653512112686 510.30000000000001 0.19686269760131839 0.051337396726012237 3.5499999523162846 0.65476191043853771 28.500000000000004 0.33427391946315771
decision_type=8 10 8 8 10 10 10 8 10 10 10 8 10 2 10 8 10 10 2 2 10 10 10 2 10 10 10 10 10 10
left_child=1 -1 3 -2 16 7 -7 8 14 17 11 12 13 -9 -6 -13 21 -10 -14 20 -12 -5 23 25 -25 -17 -27 28 -24 -30
right_child=2 -3 -4 4 5 6 -8 10 9 -11 19 15 18 -15 -16 22 -18 -19 -20 -21 -22 -23 27 24 -26 26 -28 -29 29 -31
leaf_value=-4.8636063604114061e-05 -8.7758365603806214e-06 -0.00035146750773663583 1.3173983344050148e-05 -0.00012281682685473544 0.00029707489761494801 0.00035611542968955981 -0.00091842769873319617 -0.00052181711103658872 -0.00095192146460142211 0.00087753639293562929 -0.00040840057653132014 0.00099797662960000974 -0.00024606385102552889 0.0008693565396107408 0.0012899989539706337 0.00063380324585747593 -0.00074419757948865144 3.9998508929986403e-05 -0.0012318559799512677 -9.6003608490081173e-06 -0.0015527421456375499 -0.00072400174071927644 -0.0012163518077195478 0.0016115047145701413 0.00022318473799775044 0.00032889814909801561 -0.00087999844160448345 0.00071122831237710449 7.2723108452209549e-05 -0.0007917193774862781
leaf_weight=2641 9583 340 50794 405 80 51 131 43 51 45 115 46 67 43 73 73 190 108 66 97 41 99 40 42 45 44 54 47 328 46
leaf_count=2641 9583 340 50794 405 80 51 131 43 51 45 115 46 67 43 73 73 190 108 66 97 41 99 40 42 45 44 54 47 328 46
internal_value=2.42536e-13 -8.31757e-05 3.94525e-06 -3.49467e-05 -0.000136483 -4.18351e-05 -0.000561276 1.74737e-05 0.000317078 -2.32305e-05 -6.89926e-05 2.66421e-05 -0.000378286 0.00017377 0.000770823 0.000142563 -0.000378695 -0.000278165 -0.000735254 -0.000440948 -0.000709157 -0.000240907 8.78352e-05 0.000352503 0.000893408 7.73055e-05 -0.000337229 -6.02869e-05 -0.000147874 -3.35987e-05
internal_weight=65828 2981 62847 12053 2470 1776 182 1594 357 204 1237 984 219 86 153 765 694 159 133 253 156 504 719 258 87 171 98 461 414 374
internal_count=65828 2981 62847 12053 2470 1776 182 1594 357 204 1237 984 219 86 153 765 694 159 133 253 156 504 719 258 87 171 98 461 414 374
is_linear=0
shrinkage=0.03


Tree=188
num_leaves=31
num_cat=0
split_feature=21 17 1 34 6 65 59 66 5 12 6 15 11 7 7 64 45 14 66 20 65 35 33 30 6 18 14 38 33 33
split_gain=0.0240098 0.0240794 0.0592421 0.0471127 0.0400569 0.0336126 0.0473021 0.0289088 0.0287767 0.0320429 0.0560368 0.0555068 0.0551008 0.0586635 0.05696 0.0557048 0.0542962 0.05763 0.0650844 0.055721 0.0589255 0.0541029 0.0520579 0.0457138 0.0477627 0.0418804 0.0656288 0.0631206 0.075687 0.0498339
threshold=1.4550000000000003 1.0000000180025095e-35 1.5000000000000002 7.7469809055328378 0.57500000000000007 33.583333333333343 33.166666666666679 0.14404658414423469 1.0000000180025095e-35 0.53567529978893214 0.72500000000000009 0.083217146238366957 0.54804568583501057 0.66166666666666685 0.63833333333333353 3.8333333333333335 0.40989628434181219 0.0099999999999999273 5.9697962701320657 1.0000000180025095e-35 39.291666666666679 0.30839161574840551 2.2928571701049809 10.187500000000002 0.87500000000000011 1.0000000180025095e-35 0.45500000000000013 0.17307414114475253 4.2583334445953378 3.1483516693115239
decision_type=2 2 8 10 10 8 10 8 2 10 10 8 10 10 10 8 10 8 10 2 10 10 8 10 10 2 10 10 8 10
left_child=1 2 3 5 -4 6 -1 -3 9 16 11 -11 15 14 -14 -12 25 18 21 20 23 -18 -15 24 -19 -9 27 28 29 -27
right_child=-2 7 4 -5 -6 -7 -8 8 -10 10 12 -13 13 22 -16 -17 17 19 -20 -21 -22 -23 -24 -25 -26 26 -28 -29 -30 -31
leaf_value=4.7502362715971211e-05 0.00067071331654005922 -4.6832574248517446e-05 -0.00011447996532028693 0.0010892283429553651 -0.00060124033611457515 2.6557958362868847e-06 0.0012592873256653547 2.2116071022149909e-05 -8.4255194874898403e-05 -7.0819844784717454e-05 0.0013277179908109248 -0.00039534217558821429 4.0239349958331633e-05 0.00052152724403305259 -0.0011161219409245304 0.00023532982614642086 -0.00020303386498091961 -0.00010374793119957921 -0.00073418715544976295 0.0015343258731532841 0.0011659870468857286 0.0012509627949579486 4.9041294340444845e-06 -0.00073825631706443218 0.0011286740414667589 0.00029735632909283721 -0.00082525594345777501 -0.00060105610694985705 0.00073939436327802809 -0.0003280007981167069
leaf_weight=69 48 8743 2504 46 162 574 50 35448 2657 3752 50 543 72 179 82 263 51 67 75 50 68 42 9087 42 49 498 52 70 286 149
leaf_count=69 48 8743 2504 46 162 574 50 35448 2657 3752 50 543 72 179 82 263 51 67 75 50 68 42 9087 42 49 498 52 70 286 149
internal_value=1.4387e-13 -4.89423e-07 -7.81756e-05 0.000159501 -0.000144058 9.77871e-05 0.000556656 3.7514e-06 1.19975e-05 1.70146e-05 -2.15866e-05 -0.000111848 1.82441e-05 5.23274e-06 -0.000575485 0.000409833 3.16706e-05 0.000361424 -7.66567e-05 0.000628082 0.000427585 0.00045361 1.48842e-05 0.000109792 0.000416844 2.76597e-05 0.000213925 0.000267801 0.000332988 0.000153341
internal_weight=65828 65780 3405 739 2666 693 119 62375 53632 50975 14028 4295 9733 9420 154 313 36947 444 168 276 226 93 9266 158 116 36503 1055 1003 933 647
internal_count=65828 65780 3405 739 2666 693 119 62375 53632 50975 14028 4295 9733 9420 154 313 36947 444 168 276 226 93 9266 158 116 36503 1055 1003 933 647
is_linear=0
shrinkage=0.03


Tree=189
num_leaves=31
num_cat=0
split_feature=66 42 64 6 55 38 63 46 41 42 12 10 78 33 35 51 67 60 47 62 71 65 31 35 55 28 34 17 7 22
split_gain=0.0237717 0.046173 0.0410198 0.0415528 0.0413974 0.0408963 0.0463345 0.0387869 0.0372741 0.05239 0.037124 0.0651696 0.0583876 0.0635525 0.0395475 0.0530619 0.0395019 0.0403876 0.0381645 0.0405182 0.0463853 0.0455496 0.0377866 0.0634532 0.0525925 0.0372991 0.0372359 0.0360919 0.0507591 0.0429537
threshold=inf 0.09975918754935266 3.5000000000000004 0.96500000000000008 0.27275252342224127 0.14247769117355349 0.59371992294671105 0.24938097596168521 0.13333666324615481 0.092643775045871748 0.55383771423739836 0.63780609695152435 939.80000000000007 3.8062499761581425 0.2314560413360596 0.52522432804107677 -0.072308509564253928 31.300000000000001 0.0071057758759707221 27.900000000000002 5.5000000000000009 29.750000000000004 6.5000383853912362 0.16345082968473437 0.13531135767698291 13.166666507720949 6.4005813598632821 24.500000000000004 0.6541666666666669 20.500000000000004
decision_type=8 10 10 8 10 10 10 10 10 10 10 10 2 8 10 8 8 8 10 10 8 10 10 10 10 10 10 2 10 2
left_child=2 8 4 -4 -1 -6 -7 -5 -2 -10 11 14 13 -13 16 -16 -3 -18 22 20 -20 -21 23 24 -12 -23 -24 29 -29 -17
right_child=1 10 3 7 5 6 -8 -9 9 -11 18 12 -14 -15 15 27 17 -19 19 21 -22 25 26 -25 -26 -27 -28 28 -30 -31
leaf_value=2.607828959368176e-06 -5.3111075825255387e-06 0.00042242486463237581 -6.6870316363150156e-05 -0.0002658732008336194 0.0002707317709379519 -0.0012845409204430109 -7.6894652916163937e-06 -0.0013491028455817804 -0.00058404585750875687 0.00042007582723454102 0.00030674460144447432 -1.3428673587243436e-05 -0.00020802980936423409 0.001290793822472915 -0.0010037460481429374 -1.047551166266203e-05 -0.0005535388748305909 0.0001454911407167706 -0.0003366957788239233 -0.00083620084664569447 0.00072976240527798197 6.5775888291335439e-05 0.00083035002173346582 -0.0010936912667622871 -0.00075945533708917257 -0.0007929463281407548 -0.0001631645668460586 0.00019523102042677982 -0.0012813651262549683 0.0010852288813995464
leaf_weight=43086 7829 476 6845 102 45 68 41 42 212 60 105 46 52 125 57 138 79 1274 48 52 156 4394 48 91 69 46 116 44 40 42
leaf_count=43086 7829 476 6845 102 45 68 41 42 212 60 105 46 52 125 57 138 79 1274 48 52 156 4394 48 91 69 46 116 44 40 42
internal_value=2.03522e-13 3.23501e-05 -1.00466e-05 -7.74801e-05 8.52909e-07 -0.000490137 -0.000804257 -0.000581815 -1.73057e-05 -0.000362548 8.59993e-05 0.0001841 0.00067226 0.00093995 0.000133468 -0.000173657 0.00018737 0.000104676 4.05761e-05 6.532e-05 0.000478831 4.65408e-05 -0.000230281 -0.000451774 -0.000116059 5.68792e-05 0.00012762 5.56649e-06 -0.00050791 0.000245189
internal_weight=65828 15599 50229 6989 43240 154 109 144 8101 272 7498 2373 223 171 2150 321 1829 1353 5125 4696 204 4492 429 265 174 4440 164 264 84 180
internal_count=65828 15599 50229 6989 43240 154 109 144 8101 272 7498 2373 223 171 2150 321 1829 1353 5125 4696 204 4492 429 265 174 4440 164 264 84 180
is_linear=0
shrinkage=0.03


Tree=190
num_leaves=31
num_cat=0
split_feature=21 70 6 15 38 41 30 30 28 77 28 66 28 32 67 29 44 44 36 36 33 54 36 38 33 40 29 56 35 67
split_gain=0.0235744 0.0320036 0.031621 0.0470214 0.0394319 0.0512991 0.0283423 0.0377982 0.0339437 0.0411974 0.0299922 0.0283365 0.0273119 0.0308448 0.098057 0.0681797 0.0612934 0.0314331 0.035542 0.0472166 0.0650811 0.0420541 0.0456957 0.0426307 0.0326762 0.027675 0.0562794 0.0468156 0.0388169 0.0414544
threshold=0.13500000000000004 17.500000000000004 0.9850000000000001 0.036809738955823297 0.31714767217636114 0.30394147336483007 12.145833492279055 12.812500000000002 13.166666507720949 559.90000000000009 12.833333492279055 5.2054806351661691 11.166666507720949 8.6703624725341815 0.060247752085976776 8.6333336830139178 0.34939585626125341 0.4270350188016892 0.25953263044357305 0.23494421690702441 6.8062500953674325 0.20388176292181018 0.15532668679952624 0.10822150856256486 8.0312500000000018 0.14637915790081027 5.7750000953674325 0.053774185478687293 0.23706512153148654 0.023199796766831985
decision_type=2 8 10 10 10 10 10 10 10 2 10 8 10 10 10 10 10 10 10 10 10 10 10 10 10 8 10 8 10 10
left_child=6 -2 4 11 5 12 8 -8 10 -10 -1 -4 13 15 16 17 -15 18 19 21 -21 24 23 -23 25 26 -3 -27 -29 -30
right_child=1 2 3 -5 -6 -7 7 -9 9 -11 -12 -13 -14 14 -16 -17 -18 -19 -20 20 -22 22 -24 -25 -26 27 -28 28 29 -31
leaf_value=-6.5045715320327988e-06 0.00074857881527504557 5.0090113904667562e-05 0.0014417325061707137 -0.00027398593351244923 -0.00081016975405093813 0.001115107548655942 0.0011665500529370336 -9.8790343035943802e-05 -8.885685035827062e-05 -0.0013022003270743881 0.00075982639854571424 0.00034432570572243999 0.0007823686362826265 -0.0016158055676662895 0.00049128007754129736 0.0011819091607182426 -0.00019246267254754268 0.00074256367349464982 -0.00062050401913002126 0.0013685069056893033 -9.8154478341797889e-05 -0.0004258035165712499 -0.00082535743254517576 0.00067757107715946271 0.00077600287377006479 -0.0011240024254775562 0.00090694448554755325 -0.00017586689621141454 -2.0948802387075765e-05 0.00096755519637372353
leaf_weight=58793 59 4775 45 45 49 40 43 42 68 40 46 40 44 56 74 47 53 56 75 56 53 80 107 52 54 40 70 661 105 60
leaf_count=58793 59 4775 45 45 49 40 43 42 68 40 46 40 44 56 74 47 53 56 75 56 53 80 107 52 54 40 70 661 105 60
internal_value=-1.7624e-13 5.29119e-05 4.68195e-05 0.000510166 3.77026e-05 4.40378e-05 -6.09143e-06 0.000541323 -6.88078e-06 -0.000538243 -5.90546e-06 0.000925306 3.74648e-05 3.24021e-05 -0.000351535 4.35705e-05 -0.000923721 3.5002e-05 2.85987e-05 3.65625e-05 0.00065536 2.53285e-05 -0.000364619 8.8592e-06 4.14946e-05 3.45495e-05 6.24698e-05 -0.000121656 -7.31166e-05 0.000338507
internal_weight=65828 6796 6737 130 6607 6558 59032 85 58947 108 58839 85 6518 6474 183 6291 109 6244 6188 6113 109 6004 239 132 5765 5711 4845 866 826 165
internal_count=65828 6796 6737 130 6607 6558 59032 85 58947 108 58839 85 6518 6474 183 6291 109 6244 6188 6113 109 6004 239 132 5765 5711 4845 866 826 165
is_linear=0
shrinkage=0.03


Tree=191
num_leaves=31
num_cat=0
split_feature=34 26 7 62 21 23 26 10 66 30 37 45 28 10 46 43 66 46 67 40 10 65 70 38 30 65 60 44 29 15
split_gain=0.0226823 0.0391391 0.0352776 0.0301093 0.0420677 0.031419 0.0331442 0.0537703 0.0529053 0.106975 0.0666667 0.120621 0.0682743 0.063923 0.0625564 0.0550809 0.0672666 0.063653 0.0666289 0.0594751 0.0570063 0.0509604 0.0681824 0.0501693 0.0488497 0.0611009 0.0553377 0.0480844 0.0468166 0.0448022
threshold=1.2515822649002077 8.5000000000000018 0.65833333333333355 36.100000000000009 1.1750000000000003 1.0000000180025095e-35 53.500000000000007 0.81530100334448175 3.1348983347415929 9.291666507720949 0.14358346909284594 0.18357147276401523 4.1666667461395273 0.3521927016645327 0.0057279644533991822 0.40435186028480535 7.5365358367562303 0.35976304113864904 0.00634675405284968 0.258175939321518 0.6350278850278851 35.083333333333343 73.500000000000014 0.29797104001045233 9.1458334922790545 33.250000000000007 36.70000000000001 0.53053343296051036 10.266666412353517 0.092436974789915971
decision_type=8 2 10 8 2 2 2 10 10 10 10 10 10 8 8 10 10 10 10 10 8 10 8 8 10 10 10 10 10 8
left_child=1 -1 -3 5 -5 6 7 27 9 14 11 12 -10 -12 -8 17 20 18 -15 -19 -17 29 -23 -16 25 -22 -27 -2 -11 -20
right_child=3 2 -4 4 -6 -7 8 -9 10 28 13 -13 -14 15 23 16 -18 19 21 -21 24 22 -24 -25 -26 26 -28 -29 -30 -31
leaf_value=3.5259416834441057e-05 5.0676614437650567e-05 -7.7869090678690965e-05 0.00056710591052912859 -1.8615672240222696e-05 0.00072864867892563135 -0.00037853952758317295 0.00010067961524187411 0.00043797915217887618 -0.00052699515008230188 0.0012033521726020964 -0.0010701555095959541 0.0019156412481713821 0.00092372634830618537 0.0002742126652410611 -0.00010055136334698032 0.0008224098188117252 -0.00093915087767865841 0.0014544999223176092 -0.00018241303034925035 0.00032996074060443788 0.00061251093456204128 0.00058559931023046362 -0.00053307065353020214 -0.00088669262555855755 0.0005263826760004603 -0.00092421045250585133 0.00030726516576007351 -0.00070052410136491018 2.5522414150393823e-06 -0.0012946377900528311
leaf_weight=4681 19010 8681 77 23286 68 169 1611 323 61 87 43 51 56 719 5751 62 86 64 70 125 44 105 92 74 68 139 43 77 44 61
leaf_count=4681 19010 8681 77 23286 68 169 1611 323 61 87 43 51 56 719 5751 62 86 64 70 125 44 105 92 74 68 139 43 77 44 61
internal_value=-3.52513e-13 -3.47693e-05 -7.21985e-05 8.91914e-06 -1.64399e-05 2.93164e-05 3.17042e-05 5.41416e-05 -1.43522e-05 -4.98067e-05 0.000127672 0.000698093 0.000167367 7.1989e-05 -6.47783e-05 0.000101257 -0.000186167 0.000204042 0.000112572 0.000710757 -4.26668e-06 -0.000241757 6.31748e-05 -0.000110538 -0.0001786 -0.000390718 -0.000633257 4.76462e-05 0.00080003 -0.000700319
internal_weight=65828 13439 8758 52389 23354 29035 28866 19410 9456 7567 1889 168 117 1721 7436 1678 442 1236 1047 189 356 328 197 5825 294 226 182 19087 131 131
internal_count=65828 13439 8758 52389 23354 29035 28866 19410 9456 7567 1889 168 117 1721 7436 1678 442 1236 1047 189 356 328 197 5825 294 226 182 19087 131 131
is_linear=0
shrinkage=0.03


Tree=192
num_leaves=31
num_cat=0
split_feature=7 70 51 66 54 21 42 38 8 71 45 51 77 8 57 27 36 7 30 66 67 39 8 35 35 62 56 33 35 33
split_gain=0.0224107 0.0625028 0.023403 0.0320727 0.0392972 0.0344924 0.0939137 0.0735802 0.0469741 0.0340617 0.0402305 0.0522201 0.0389956 0.0382105 0.0369433 0.0373677 0.0535538 0.0510095 0.0518005 0.0330775 0.0303343 0.0299193 0.0468275 0.0285145 0.0322454 0.0275904 0.0450261 0.0504254 0.0954782 0.0315294
threshold=0.99833333333333341 40.500000000000007 0.034750290215015418 inf 0.19669913500547412 0.70500000000000018 0.23768954724073413 0.085221674293279662 0.6126666666666668 13.500000000000002 0.084241561591625228 0.69380348920822155 1479.45 0.9145000000000002 0.36921767890453344 5.5000000000000009 0.19127490371465686 0.72166666666666679 7.9375000000000009 2.6554794721305375 0.019043588193247755 0.1632824391126633 0.64100000000000024 0.17902930825948718 0.13888320326805118 42.733333333333341 0.19456419348716739 9.2071428298950213 0.184412956237793 11.720779418945314
decision_type=10 10 8 8 10 2 8 10 10 10 10 10 2 10 10 10 10 10 10 10 10 10 10 10 10 10 10 8 10 10
left_child=2 -2 21 4 -4 25 7 -7 -9 10 -6 -12 13 14 15 16 -13 19 20 -17 -19 23 -23 24 -1 29 -27 28 -28 -5
right_child=1 -3 3 5 9 6 -8 8 -10 -11 11 12 -14 -15 -16 17 -18 18 -20 -21 -22 22 -24 -25 -26 26 27 -29 -30 -31
leaf_value=-4.689374806323727e-05 -0.00040008701013690329 0.0010455132788047194 -2.7019018842529397e-06 5.4843816896451067e-05 4.8189502306495317e-05 -3.7720006018336035e-05 -0.00076551485072951224 0.0019366332938576616 0.00071772872774501241 0.00033542197837415976 -0.00084095182135391884 -0.00043293738375442602 0.00051169845083199629 0.00054904753019482911 0.00022012737808108792 -0.00073431439105727957 0.00080398280111073359 -0.0011290256186531713 -0.0018493948287141393 0.00044366717881833516 -0.00018088141119254654 -0.0013705722552695078 -9.6546465474357064e-05 0.00063363291788846247 -0.00053320535546975273 -0.00022246330914256609 -0.00029909878245890748 -0.0004259814012385461 0.0012765992661297786 -0.0005541664376316664
leaf_weight=4700 47 63 46215 11986 337 85 52 41 93 107 153 136 59 44 80 41 41 65 48 45 57 40 74 54 126 758 61 63 80 77
leaf_count=4700 47 63 46215 11986 337 85 52 41 93 107 153 136 59 44 80 41 41 65 48 45 57 40 74 54 126 758 61 63 80 77
internal_value=1.21464e-13 0.000427848 -7.16139e-07 4.4179e-06 -7.12599e-06 4.5596e-05 0.000380582 0.000652715 0.00109068 -0.000175683 -0.000225129 -0.000344906 -0.0002217 -0.000299385 -0.000372155 -0.000481584 -0.000146419 -0.000713319 -0.00101452 -0.000117929 -0.00068604 -6.31429e-05 -0.000543573 -5.19197e-05 -5.95907e-05 3.86262e-05 -0.000115989 0.000279638 0.000594914 5.09564e-05
internal_weight=65828 110 65718 60724 47428 13296 271 219 134 1213 1106 769 616 557 513 433 177 256 170 86 122 4994 114 4880 4826 13025 962 204 141 12063
internal_count=65828 110 65718 60724 47428 13296 271 219 134 1213 1106 769 616 557 513 433 177 256 170 86 122 4994 114 4880 4826 13025 962 204 141 12063
is_linear=0
shrinkage=0.03


Tree=193
num_leaves=31
num_cat=0
split_feature=62 34 35 39 37 41 78 27 65 6 34 59 8 36 62 10 36 65 58 6 32 58 63 41 22 39 47 37 78 26
split_gain=0.0220659 0.0708277 0.031173 0.0462226 0.0796365 0.0649856 0.0505908 0.0449207 0.0533093 0.0403339 0.068848 0.0673465 0.071548 0.0837441 0.0724189 0.0558465 0.0534728 0.0520024 0.0591352 0.0563449 0.0457557 0.0451203 0.0442978 0.0428456 0.0395376 0.0353232 0.0346415 0.062437 0.0516725 0.0616915
threshold=28.300000000000001 9.2784748077392596 0.13182721287012103 0.17433517426252368 0.18181879073381427 0.14015210419893268 313.45000000000005 8.5000000000000018 33.583333333333343 0.6150000000000001 4.7609658241271982 27.833333333333339 0.93100000000000005 0.23494421690702441 26.733333333333338 0.662066996574039 0.21212260425090793 31.250000000000004 26.500000000000004 0.83500000000000008 5.4887032508850107 22.500000000000004 0.42099290917821625 0.16465939581394198 23.500000000000004 0.1912602782249451 0.0847664810717106 0.11426464840769769 269.90000000000003 49.500000000000007
decision_type=8 8 8 10 10 10 2 10 10 8 10 8 8 10 10 8 8 10 10 10 10 10 10 8 2 10 8 10 2 2
left_child=1 2 3 4 5 26 24 9 -9 10 21 15 13 16 -15 -11 25 18 -17 -19 23 -4 -12 -14 -7 -13 27 -1 -28 -30
right_child=-2 -3 7 -5 -6 6 -8 8 -10 11 22 12 20 14 -16 17 -18 19 -20 -21 -22 -23 -24 -25 -26 -27 28 -29 29 -31
leaf_value=5.4597520371160474e-05 -4.8332928931499717e-06 0.0012212114022212459 0.00082430197295119481 0.0011178461252711713 -0.0010505404197869615 0.00046777972785223804 -4.1732893762539848e-05 0.0010044277033051225 -0.0001636700047902874 -0.001082638891312577 0.0015025766635738799 -4.5979956112929776e-05 -0.00060996023217078552 0.0019395297635346651 0.00026189368827776477 -0.00047782565071247514 -0.00084294638106004009 -0.00014079709193678212 0.00087152251336527489 -0.0013524249921395112 -0.001226702524832819 -0.00025224146320382171 0.0002559510470520512 0.00060033639462199061 0.0017107421535012474 0.00073834087690964004 4.7764714715625854e-05 -0.00070259667586849419 0.00074571092125718861 -0.00027439176702677317
leaf_weight=2023 61097 47 41 40 54 42 49 74 67 115 46 226 77 40 55 60 61 78 57 62 58 241 58 40 51 67 470 103 262 67
leaf_count=2023 61097 47 41 40 54 42 49 74 67 115 46 226 77 40 55 60 61 78 57 62 58 241 58 40 51 67 470 103 262 67
internal_value=-2.65685e-13 6.2418e-05 5.07905e-05 0.000104511 9.15236e-05 0.000111632 0.000738378 -6.07067e-05 0.000449374 -0.000112748 0.00014759 -0.000213643 -2.31719e-05 0.000177379 0.000968267 -0.000533142 -3.48654e-05 -0.000287258 0.000179549 -0.000677375 -0.000537727 -9.57227e-05 0.000807343 -0.000196184 0.0011494 0.00013337 8.1205e-05 1.79131e-05 0.000249614 0.00053797
internal_weight=65828 4731 4684 3161 3121 3067 142 1523 141 1382 386 996 624 449 95 372 354 257 117 140 175 282 104 117 93 293 2925 2126 799 329
internal_count=65828 4731 4684 3161 3121 3067 142 1523 141 1382 386 996 624 449 95 372 354 257 117 140 175 282 104 117 93 293 2925 2126 799 329
is_linear=0
shrinkage=0.03


Tree=194
num_leaves=31
num_cat=0
split_feature=21 52 17 14 46 66 67 6 10 10 66 7 29 17 39 10 71 70 68 71 66 26 71 62 21 41 11 66 38 40
split_gain=0.0217714 0.0302181 0.0372793 0.051512 0.0495313 0.0478916 0.0459775 0.0454879 0.0447376 0.0683975 0.0725485 0.0441019 0.0413348 0.043735 0.0775523 0.0541997 0.0409277 0.0395485 0.0404138 0.0374522 0.0361132 0.035748 0.0580537 0.0371451 0.0361547 0.0360058 0.0558921 0.0500321 0.0450241 0.0463886
threshold=0.13500000000000004 0.43303571641445165 12.500000000000002 0.11999999999999997 0.28932596743106848 7.5365358367562303 0.033451190345013128 0.93500000000000016 0.76609560652113851 0.62208672086720884 1.4796832092106345 0.93166666666666675 4.9000000953674325 5.5000000000000009 0.16633512824773791 0.55028089887640463 3.5000000000000004 38.500000000000007 1.0000000180025095e-35 2.5000000000000004 3.04472428560257 64.500000000000014 9.5000000000000018 29.100000000000005 0.38500000000000006 0.28426480293273931 0.63330078676404744 3.9863904118537907 0.15839239209890368 0.0953095778822899
decision_type=2 8 2 8 10 10 10 10 10 10 10 10 10 2 10 8 10 8 2 8 10 2 10 10 2 8 8 10 10 10
left_child=-1 -2 11 5 8 6 17 19 9 -5 -11 12 -3 15 -15 -14 -6 18 -4 -8 -17 23 -23 24 -19 26 28 -28 29 -25
right_child=1 2 3 4 16 -7 7 -9 -10 10 -12 -13 13 14 -16 20 -18 21 -20 -21 -22 22 -24 25 -26 -27 27 -29 -30 -31
leaf_value=-5.8538606587444566e-06 -7.2239177886187047e-05 3.8833979159869836e-05 -3.4605977707542475e-05 0.00018721281760882935 0.0017578212610096671 -0.00082240227979662659 -0.00068495202451595097 0.00087915998871903862 -0.00049657189945287819 0.0015796680351253597 0.00012150815844786568 0.00094790384530576608 0.00095039337842414771 -0.0013388673896910265 -0.00014738730197110217 -0.00069068976204143828 0.00047035440718755123 0.0012669907723803343 0.0011715853988192976 0.000265993219236706 0.00029675983951892704 -0.00058362137442851693 0.00042093533542784451 0.00032085530819532635 0.00013268081936985255 0.00060388328265010692 -0.00019651626765380568 -0.0011343170612326502 0.0010678760496772486 -0.00049379064549527542
leaf_weight=59032 1420 2302 50 416 40 51 40 105 59 75 52 44 45 78 133 75 50 41 50 547 60 217 68 179 66 72 256 64 44 97
leaf_count=59032 1420 2302 50 416 40 51 40 105 59 75 52 44 45 78 133 75 50 41 50 547 60 217 68 179 66 72 256 64 44 97
internal_value=1.84326e-13 5.08483e-05 8.33603e-05 0.000163813 0.000386137 8.47955e-05 0.000109198 0.000304064 0.000288001 0.000373249 0.000982626 5.78772e-06 -9.60519e-06 -0.000294789 -0.00058784 4.87309e-05 0.00104256 -2.80118e-06 0.00056849 0.000201193 -0.000251823 -5.45485e-05 -0.000343938 4.61546e-05 0.000567323 -3.2167e-05 -0.000103723 -0.000384076 0.000176631 3.45486e-05
internal_weight=65828 6796 5376 2639 692 1947 1896 692 602 543 127 2737 2693 391 211 180 90 1204 100 587 135 1104 285 819 107 712 640 320 320 276
internal_count=65828 6796 5376 2639 692 1947 1896 692 602 543 127 2737 2693 391 211 180 90 1204 100 587 135 1104 285 819 107 712 640 320 320 276
is_linear=0
shrinkage=0.03


Tree=195
num_leaves=31
num_cat=0
split_feature=6 29 51 66 14 70 33 33 42 36 40 36 35 47 60 34 67 39 54 39 10 52 14 41 62 37 11 50 43 6
split_gain=0.0214727 0.0294017 0.0217248 0.0341367 0.0552087 0.057245 0.0309833 0.0765519 0.0386839 0.0562968 0.0367096 0.046717 0.0353739 0.053781 0.0470303 0.0406852 0.0459526 0.0393809 0.0513044 0.0539512 0.0482672 0.0460183 0.0683449 0.0413887 0.0397272 0.0356002 0.0343355 0.0415673 0.0366766 0.0325166
threshold=1.0000000180025095e-35 2.4500000476837163 0.48691760003566747 3.9229968711733822 0.02499999999999997 45.500000000000007 8.9666666984558123 7.8619048595428476 0.22945055365562442 0.20220782607793811 0.23064014315605166 0.22283206135034564 0.12034482508897783 0.021180381067097191 44.900000000000006 3.8438932895660405 -0.025472337012715892 0.14257158339023593 0.11423537507653238 0.1632824391126633 0.72957074721780613 0.5365271568298341 -0.080000000000000016 0.11832382529973985 34.70000000000001 0.070601940155029311 0.66620287757763375 0.36666667461395269 0.20213910192251208 0.34500000000000003
decision_type=8 10 8 10 8 10 10 10 10 10 10 10 8 10 10 10 10 10 10 10 10 10 10 10 10 10 10 10 10 10
left_child=1 -1 3 6 5 -5 7 8 10 -10 11 12 -2 15 17 -14 -17 20 19 26 23 22 -21 25 -24 -15 27 28 -19 -27
right_child=2 -3 -4 4 -6 -7 -8 -9 9 -11 -12 -13 13 14 -16 16 -18 18 -20 21 -22 -23 24 -25 -26 29 -28 -29 -30 -31
leaf_value=-5.5792806900935951e-05 -6.5704298516693294e-06 -0.00046665385105918545 1.2323694791797413e-05 -0.00072690456877867488 -0.001196754892431673 0.0008248761092982021 0.00078647323418408628 -0.0011265565430145024 0.0013821191043961185 6.6453061381381161e-06 -0.00073005880736537378 0.00072049900041893115 -0.00022983294540263158 -0.00046678073711518662 -0.00079275581486789237 -0.00019903287138731685 -0.0012038950238751759 0.0019177925665961936 -0.00036358105173247163 0.00085887032126685456 -0.00093125731605463299 0.00085291726911567486 5.0368582410737865e-05 -0.00038299280563258996 -0.00080864916343806673 0.0010197567067031438 -2.8315361935731974e-05 0.00030583879763358517 0.00069002454745492375 0.00014238473688304537
leaf_weight=2815 9543 166 50794 46 59 40 42 57 43 71 67 75 500 72 70 72 95 47 125 52 65 55 100 232 94 45 43 57 41 245
leaf_count=2815 9543 166 50794 46 59 40 42 57 43 71 67 75 500 72 70 72 95 47 125 52 65 55 100 232 94 45 43 57 41 245
internal_value=1.67723e-13 -7.8672e-05 3.73162e-06 -3.24773e-05 -0.000490008 -5.14611e-06 -2.69061e-05 -2.9785e-05 -2.44911e-05 0.000525464 -2.98519e-05 -2.58174e-05 -3.06623e-05 -0.000145045 -3.56839e-05 -0.000365243 -0.000770661 5.94616e-06 0.000178812 0.00031746 -0.000155115 6.84237e-05 -0.000106971 -7.01839e-05 -0.000365857 0.00013029 0.000716184 0.000936966 0.00134576 0.000278529
internal_weight=65828 2981 62847 12053 145 86 11908 11866 11809 114 11695 11628 11553 2010 1343 667 167 1273 614 489 659 301 246 594 194 362 188 145 88 290
internal_count=65828 2981 62847 12053 145 86 11908 11866 11809 114 11695 11628 11553 2010 1343 667 167 1273 614 489 659 301 246 594 194 362 188 145 88 290
is_linear=0
shrinkage=0.03


Tree=196
num_leaves=31
num_cat=0
split_feature=21 17 1 34 10 43 75 35 66 5 12 46 45 14 66 20 65 38 35 6 66 53 15 33 34 15 77 14 7 55
split_gain=0.0214863 0.0218385 0.0560164 0.0418842 0.0307399 0.0294846 0.0294946 0.0270882 0.025727 0.0269362 0.0306536 0.054454 0.0502331 0.0543111 0.0608928 0.0510945 0.0562511 0.0586105 0.0507547 0.046531 0.0607074 0.0667432 0.0612348 0.0677418 0.0712161 0.0527502 0.0526368 0.0460215 0.0475874 0.0555738
threshold=1.4550000000000003 1.0000000180025095e-35 2.5000000000000004 7.7469809055328378 0.0575817860300619 1.0000000180025095e-35 7.5000000000000009 0.13504577428102496 0.14404658414423469 1.0000000180025095e-35 0.53567529978893214 -0.02428400423377752 0.40989628434181219 0.0099999999999999273 5.9697962701320657 1.0000000180025095e-35 37.291666666666679 0.28518837690353399 0.30839161574840551 0.84500000000000008 4.8610740602016458 0.14835165441036227 -0.10710215178605985 7.7303028106689462 4.5021009445190439 0.55225166606938936 1605.5000000000002 0.31500000000000011 0.7941666666666668 0.35441558063030248
decision_type=2 2 8 10 8 8 2 10 8 2 10 8 10 8 10 2 10 10 10 10 10 8 10 8 10 8 2 10 10 10
left_child=1 2 3 5 7 -1 -7 -4 -3 10 12 -12 -10 14 18 16 -15 -18 -14 25 22 -22 23 24 -21 -13 -23 28 -24 -30
right_child=-2 8 4 -5 -6 6 -8 -9 9 -11 11 19 13 15 -16 -17 17 -19 -20 20 21 26 27 -25 -26 -27 -28 -29 29 -31
leaf_value=-0.00062555958415032363 0.00063448721190070498 -4.4143418271048989e-05 -6.0847114294897821e-05 0.00087641651515797192 -0.00023548830920765634 8.3295188032585861e-05 -0.00053515836015209704 0.00067842617800810423 2.6685599697469417e-05 -8.1768990443650252e-05 -0.00050932525550881217 -5.0299543938529642e-05 -0.00020065326907891122 -6.2911066166374701e-05 -0.00071356467626465016 0.0014743908725213259 0.0015521177639060751 0.00019144589260187264 0.0012076330850166934 0.00013888504945498424 0.00074770613058210643 -0.00021116979481293773 0.0003419718070473255 1.3271518471589851e-05 0.0016149104084424355 -0.00064186493729484148 -0.0011960526296313201 -0.00037356340191355429 1.8641868181946463e-05 0.00046929516594569902
leaf_weight=60 48 8743 166 54 1583 1408 73 61 36503 2657 203 8011 51 112 75 50 58 56 42 48 61 622 571 107 76 138 53 205 3669 264
leaf_count=60 48 8743 166 54 1583 1408 73 61 36503 2657 203 8011 51 112 75 50 58 56 42 48 61 622 571 107 76 138 53 205 3669 264
internal_value=2.22653e-13 -4.62988e-07 -7.4446e-05 5.51762e-05 -0.000188671 2.63981e-05 5.2811e-05 0.000137812 3.57568e-06 1.13548e-05 1.62087e-05 -2.15464e-05 3.05435e-05 0.000347719 -7.756e-05 0.000606584 0.000414592 0.000883718 0.000435347 -1.4384e-05 5.15623e-05 -0.00020262 8.94324e-05 0.000566319 0.00104355 -6.03175e-05 -0.000288501 6.60387e-05 8.60473e-05 4.88917e-05
internal_weight=65828 65780 3405 1595 1810 1541 1481 227 62375 53632 50975 14028 36947 444 168 276 226 114 93 13825 5676 736 4940 231 124 8149 675 4709 4504 3933
internal_count=65828 65780 3405 1595 1810 1541 1481 227 62375 53632 50975 14028 36947 444 168 276 226 114 93 13825 5676 736 4940 231 124 8149 675 4709 4504 3933
is_linear=0
shrinkage=0.03


Tree=197
num_leaves=31
num_cat=0
split_feature=66 42 37 47 14 59 15 15 47 63 31 71 11 41 7 52 65 35 15 62 70 65 54 47 44 10 55 12 55 10
split_gain=0.0209336 0.0412302 0.0366652 0.0508178 0.0470324 0.0412673 0.0472391 0.0470583 0.0439023 0.0448223 0.0405374 0.0412513 0.0400355 0.0715326 0.0395428 0.0393674 0.10345 0.064398 0.0437948 0.0952243 0.0409383 0.0380126 0.0362611 0.0361879 0.0476877 0.0383835 0.0348701 0.0348011 0.0469426 0.0550966
threshold=inf 0.09975918754935266 0.14107225835323337 0.0059006761293858298 -0.18499999999999991 44.166666666666679 0.073602092352092377 0.010000000000000004 0.2394841089844704 0.6244680054203865 5.2094500064849862 4.5000000000000009 0.82403074339754645 0.23806525021791461 0.74166666666666681 0.69615384936332714 38.916666666666679 0.11010101065039636 -0.2147117018966537 33.900000000000006 76.500000000000014 35.583333333333343 0.19669913500547412 0.17982897907495501 0.2248380780220032 0.38651515151515153 0.13292935490608218 0.39572170113836785 0.12485745549201967 0.45891996142719388
decision_type=8 10 10 8 8 10 8 8 10 10 10 10 10 10 10 10 10 10 8 10 8 10 10 10 10 10 8 8 10 10
left_child=22 23 5 -4 15 7 -7 8 9 14 -9 -12 -6 -14 -3 17 21 -5 20 -20 -19 -17 -1 24 27 -25 -11 28 -2 -30
right_child=1 2 3 4 12 6 -8 10 -10 26 11 -13 13 -15 -16 16 -18 18 19 -21 -22 -23 -24 25 -26 -27 -28 -29 29 -31
leaf_value=-5.4111715825434432e-06 1.9851945248750898e-05 0.00014329900834705202 -0.00042744538897240998 0.00080959458559906724 1.9922374081405087e-05 4.1700072826392117e-05 -0.0011325126493466086 0.00032154885863011818 -0.00073746300751476414 0.00029472624695581662 0.00032328012755897359 0.0016617691525539686 0.0013586647561327977 -0.00020917415376752615 -0.00046154560790332111 0.00084677114027846198 -0.00023102832692010062 -5.5543168782605784e-05 -0.00068145566583552861 0.0011631233122678614 -0.0012707404548612735 0.0020367817368241959 -0.00017118750770719174 0.00036096761847824552 0.00086557901335514273 -0.00065883004116872197 0.0013777836603992733 -8.2542420667219141e-05 0.00024601126901225011 0.0014497502394043272
leaf_weight=49012 4059 554 200 90 4815 116 42 835 56 77 40 43 55 50 118 61 63 56 48 53 45 40 1217 43 56 146 41 3549 207 41
leaf_count=49012 4059 554 200 90 4815 116 42 835 56 77 40 43 55 50 118 61 63 56 48 53 45 40 1217 43 56 146 41 3549 207 41
internal_value=1.46391e-13 3.03576e-05 8.1054e-05 4.21054e-05 5.95739e-05 0.000194049 -0.000270432 0.000235652 7.4244e-05 0.000131783 0.000384401 0.00101671 3.25598e-05 0.000612075 3.70912e-05 0.000351042 0.000722985 0.000142142 -0.000155238 0.000286492 -0.000596968 0.00131806 -9.42777e-06 -1.65652e-05 -6.76535e-06 -0.000426813 0.000671043 -1.29837e-05 4.43332e-05 0.000445017
internal_weight=65828 15599 7498 5576 5376 1922 158 1764 846 790 918 83 4920 105 672 456 164 292 202 101 101 101 50229 8101 7912 189 118 7856 4307 248
internal_count=65828 15599 7498 5576 5376 1922 158 1764 846 790 918 83 4920 105 672 456 164 292 202 101 101 101 50229 8101 7912 189 118 7856 4307 248
is_linear=0
shrinkage=0.03


Tree=198
num_leaves=31
num_cat=0
split_feature=7 70 51 66 54 70 36 66 61 42 21 42 38 8 30 41 56 53 67 39 8 27 28 14 41 15 33 13 46 41
split_gain=0.0208257 0.0586011 0.0210594 0.0283042 0.0347938 0.0336752 0.0581179 0.0509929 0.0547234 0.0320776 0.0314517 0.0885444 0.0680474 0.0436905 0.0307979 0.0286484 0.0351326 0.0284223 0.0322412 0.0274603 0.0440621 0.0268505 0.0599234 0.0440932 0.0416749 0.0266983 0.0449284 0.0287108 0.0302703 0.0332881
threshold=0.99833333333333341 40.500000000000007 0.034750290215015418 inf 0.19669913500547412 57.500000000000007 0.23251792788505557 4.3324404209852228 34.166666666666679 0.23469445854425433 0.70500000000000018 0.23768954724073413 0.085221674293279662 0.6126666666666668 7.5357143878936776 0.10077021643519403 0.22483534365892413 0.4083333313465119 -0.036391297244504454 0.1632824391126633 0.64100000000000024 5.5000000000000009 5.8333332538604745 0.10000000000000007 0.18657296150922778 -0.57401228535529791 3.2537549734115605 1.0000000180025095e-35 0.2428969815373421 0.16028699278831485
decision_type=10 10 8 8 10 8 10 10 10 10 2 8 10 10 10 10 10 10 10 10 10 10 10 10 8 8 8 10 10 10
left_child=2 -2 19 4 25 6 15 9 -9 21 -5 12 -12 -14 -10 16 -6 18 -17 -1 -21 22 -7 24 -23 26 -4 -27 29 -29
right_child=1 -3 3 10 5 7 -8 8 14 -11 11 -13 13 -15 -16 17 -18 -19 -20 20 -22 23 -24 -25 -26 27 -28 28 -30 -31
leaf_value=-4.9156903491032113e-05 -0.00038923624847232897 0.0010105168818873131 -0.0001597725668689236 3.6207646136453655e-05 -0.00013728228447894986 -0.00019360919247494741 0.00087912982488474382 -0.0015359151729751588 0.00015101420011989021 0.00065922664228909101 -3.6986827963547137e-05 -0.0007501088853356263 0.0018640093395213891 0.00068847951554362817 -0.00083269916892769269 -0.001202933676186544 0.0010031005803029984 0.00018743436141604823 -0.00022842166553875738 -0.0013223818499391198 -8.654677060533415e-05 0.00014517827369218137 0.00096414338704198601 -0.001263781220954843 -0.00087334081556664071 1.9805893012720505e-07 0.0010997189168476605 -0.00014777549182084233 -0.00078082790867819519 0.00071377122674935625
leaf_weight=4880 47 63 50 13025 62 380 66 53 54 41 85 52 41 93 61 46 40 70 91 40 74 96 45 50 58 44971 52 1035 65 42
leaf_count=4880 47 63 50 13025 62 380 66 53 54 41 85 52 41 93 61 46 40 70 91 40 74 96 45 50 58 44971 52 1035 65 42
internal_value=-8.17155e-14 0.000412441 -6.90351e-07 4.17985e-06 -6.66465e-06 -0.000165269 7.10245e-05 -0.000271009 -0.000738353 -0.000153825 4.28631e-05 0.000362743 0.000626982 0.00104816 -0.000370782 -0.000101581 0.000309927 -0.000304352 -0.00055563 -5.9909e-05 -0.000520173 -0.000206822 -7.10236e-05 -0.000489734 -0.00023842 -2.50177e-06 0.000482321 -3.57418e-06 -0.000152122 -0.000114178
internal_weight=65828 110 65718 60724 47428 1213 375 838 168 670 13296 271 219 134 115 309 102 207 137 4994 114 629 425 204 154 46215 102 46113 1142 1077
internal_count=65828 110 65718 60724 47428 1213 375 838 168 670 13296 271 219 134 115 309 102 207 137 4994 114 629 425 204 154 46215 102 46113 1142 1077
is_linear=0
shrinkage=0.03


Tree=199
num_leaves=31
num_cat=0
split_feature=62 34 51 51 39 31 33 65 47 34 38 37 45 66 8 66 39 47 46 42 42 39 38 7 8 65 59 34 67 12
split_gain=0.0205238 0.0665742 0.0312903 0.0418567 0.0623273 0.0678334 0.0667553 0.0631856 0.0524088 0.0399463 0.0392014 0.0467572 0.0302703 0.0497813 0.0483181 0.0537139 0.0542343 0.0442605 0.0381156 0.037755 0.0287127 0.0739095 0.0520389 0.0427327 0.0506215 0.0416286 0.0522613 0.0442151 0.0417476 0.0314608
threshold=28.300000000000001 9.2784748077392596 1.179260849952698 0.68699541687965404 0.25023081898689276 7.2714221477508554 7.2264957427978525 34.416666666666679 0.34403198957443243 3.5956664085388188 0.26596900820732122 0.24320951849222186 0.21814522892236712 3.7945599853992467 0.62450000000000017 5.340948775410653 0.18793978542089465 0.26875261962413793 0.27007929980754858 0.14390146732330325 0.14014202356338504 0.097446527332067504 0.10635814070701601 0.81166666666666687 0.62100000000000022 30.708333333333339 31.500000000000004 5.004629611968995 -0.104125687283021 0.58052319614654324
decision_type=8 8 10 10 8 10 10 10 10 10 10 10 10 10 10 8 10 8 10 10 10 10 10 10 8 10 10 8 10 8
left_child=1 2 3 4 6 10 8 -7 12 -5 11 -6 13 20 19 16 18 -17 -16 -14 22 -22 -1 24 -24 -23 27 28 -27 -26
right_child=-2 -3 -4 9 5 7 -8 -9 -10 -11 -12 -13 14 -15 15 17 -18 -19 -20 -21 21 25 23 -25 29 26 -28 -29 -30 -31
leaf_value=8.1309488761116625e-05 -4.6613501188613593e-06 0.0011836564925281291 -0.00078655066843202805 -0.00011024053971844047 -0.00053229816744158811 0.00066664663231554054 0.0011935885757841961 -0.0008015066201276168 0.0008648512809550468 0.0010255993989075681 -0.00013934919624589384 -0.0018299628637864121 -6.8067077402796206e-05 0.00086823802180689474 0.00058298699716639629 0.0013822927605360747 -0.00086519429700557965 1.7804714734666049e-05 -0.00056293118753606775 -0.0010681857390147519 0.0013745201827492564 0.00070733340613640336 5.385146437055734e-06 0.00065553139212230836 -0.0013602044380386358 0.00067762604535252248 0.00074053203446212512 -0.00076025868600775157 -0.00051844009896740318 -0.000452769685106599
leaf_weight=2683 61097 47 40 44 51 74 47 41 71 76 50 49 58 69 72 40 77 46 41 82 50 87 249 45 40 58 58 93 48 245
leaf_count=2683 61097 47 40 44 51 74 47 41 71 76 50 49 58 69 72 40 77 46 41 82 50 87 249 45 40 58 58 93 48 245
internal_value=7.67659e-14 6.01975e-05 4.89246e-05 5.61207e-05 4.14522e-05 -0.000404954 6.92281e-05 0.000143218 5.66818e-05 0.000609125 -0.000825219 -0.00116815 4.28253e-05 6.9931e-05 -0.000199888 3.03828e-05 -0.000251185 0.00065245 0.000167211 -0.000653851 5.48644e-05 0.000296772 2.56457e-05 -0.000232292 -0.000307108 0.000140122 -5.18911e-05 -0.000282849 0.000136011 -0.000580129
internal_weight=65828 4731 4684 4644 4524 265 4259 115 4212 120 150 100 4141 3725 416 276 190 86 113 140 3656 394 3262 579 534 344 257 199 106 285
internal_count=65828 4731 4684 4644 4524 265 4259 115 4212 120 150 100 4141 3725 416 276 190 86 113 140 3656 394 3262 579 534 344 257 199 106 285
is_linear=0
shrinkage=0.03


Tree=200
num_leaves=31
num_cat=0
split_feature=20 54 55 53 65 10 12 70 15 33 77 11 46 64 77 70 14 15 7 38 47 14 39 40 52 39 42 61 58 12
split_gain=0.02048 0.0349792 0.0517375 0.0466659 0.0387759 0.0326169 0.135525 0.0568617 0.0642371 0.0530343 0.0458852 0.0340074 0.0581741 0.042221 0.0425414 0.035051 0.0421689 0.0576921 0.0570394 0.0743452 0.0372864 0.0630807 0.0497333 0.047323 0.0436173 0.0459923 0.0503438 0.0410441 0.0402128 0.0421885
threshold=1.0000000180025095e-35 0.35456348955631262 0.30962121486663824 0.240384615957737 30.791666666666671 0.77514044943820237 0.76840783275120639 76.500000000000014 0.050421948440393112 9.2792205810546893 228.90000000000001 0.52658835110240187 0.46903219819068914 5.5833333333333348 584.60000000000014 32.500000000000007 -0.15499999999999997 -0.11841836625045667 0.78166666666666684 0.13643038272857669 0.19841350615024569 -0.090000000000000024 0.27634122967720037 0.13697974383831027 0.65476191043853771 0.21518043428659442 0.14804007858037951 33.833333333333336 41.500000000000007 0.58603377768327281
decision_type=2 10 10 10 10 10 10 10 8 10 2 10 10 10 2 8 10 8 10 10 8 10 10 10 10 10 10 10 10 10
left_child=-1 2 4 -4 -2 6 11 8 9 10 -7 12 -6 15 -15 -13 18 -18 19 -17 23 -22 24 -19 25 26 -23 -27 29 -25
right_child=1 -3 3 -5 5 7 -8 -9 -10 -11 -12 13 -14 14 -16 16 17 20 -20 -21 21 22 -24 28 -26 27 -28 -29 -30 -31
leaf_value=-7.1877343479647002e-06 0.00036240317949300837 -0.00039837586194388911 0.00013120905809046234 0.0015093806674476803 4.7218130573797211e-05 0.0013628883348581822 -0.0012806925379542614 0.0012336153083252815 -0.00016723053742200136 -0.00020548389288959414 0.00032041343091374362 0.00074890781503636386 0.0011803898336820121 -0.00071129038241313041 0.00010204416283708861 -0.00068772180313396306 0.000856802792898278 5.3215968347162817e-06 -0.0011507688679367951 0.00059937006726007284 -0.00090149705288337272 0.00050179360371853323 -0.00055356616829521958 -0.0014500736606905624 0.0012637205596547573 0.0012866754065741037 -0.00037683443796749299 0.00018158319394569842 5.5259075902757184e-05 -0.00039979712653734215
leaf_weight=55574 324 162 48 41 7389 76 72 49 250 61 76 50 41 177 86 92 69 338 69 72 47 107 60 61 44 61 130 60 63 79
leaf_count=55574 324 162 48 41 7389 76 72 49 250 61 76 50 41 177 86 92 69 338 69 72 47 107 60 61 44 61 130 60 63 79
internal_value=-2.58797e-13 3.89556e-05 4.59758e-05 0.000766097 3.95687e-05 2.87619e-05 1.57468e-05 0.000261789 0.000158939 0.000541767 0.000841651 2.601e-05 5.34712e-05 -9.65346e-05 -0.000445333 -3.11038e-05 -5.99503e-05 1.65022e-05 -0.000427119 -0.000122657 -3.87176e-05 0.000145589 0.000252111 -0.000212123 0.000372362 0.000262809 1.98457e-05 0.000738696 -0.000574173 -0.000857418
internal_weight=65828 10254 10092 89 10003 9679 9167 512 463 213 152 9095 7430 1665 263 1402 1352 1119 233 164 1050 509 462 541 402 358 237 121 203 140
internal_count=65828 10254 10092 89 10003 9679 9167 512 463 213 152 9095 7430 1665 263 1402 1352 1119 233 164 1050 509 462 541 402 358 237 121 203 140
is_linear=0
shrinkage=0.03


Tree=201
num_leaves=31
num_cat=0
split_feature=34 26 6 62 21 51 47 41 22 70 51 45 41 59 46 78 63 12 7 15 28 7 11 41 54 79 33 77 40 45
split_gain=0.0203506 0.0407583 0.0345455 0.0311643 0.0353194 0.0311809 0.0561182 0.041724 0.0530893 0.0422176 0.041718 0.083886 0.0432809 0.0401723 0.0485929 0.0659113 0.0854632 0.0586934 0.0379006 0.0342904 0.0329539 0.0386775 0.0450032 0.0436828 0.0416864 0.0390178 0.0334277 0.0332402 0.0307152 0.031704
threshold=1.4556258916854861 9.5000000000000018 0.7350000000000001 36.100000000000009 1.1750000000000003 0.97391468286514293 0.27195240557193762 0.22560777515172961 54.500000000000007 79.500000000000014 0.89755788445472728 0.22971595823764804 0.14285740256309512 32.166666666666679 0.31355814635753637 310.10000000000008 0.54965374738527151 0.6982274682639481 0.86166666666666691 0.025361654192768108 3.4211236238479619 0.88833333333333353 0.68400791292948171 0.10567710548639299 0.28373016417026525 1.0000000180025095e-35 5.3452382087707528 559.90000000000009 0.13942961394786837 0.12316761910915376
decision_type=8 2 10 8 2 10 10 10 2 10 10 10 8 10 10 2 10 10 10 10 10 10 10 10 8 2 10 2 10 10
left_child=1 2 -1 5 -5 10 7 9 -9 20 -2 12 -12 -8 19 16 -16 -17 -18 -15 27 22 23 -22 -24 26 -25 -7 29 -3
right_child=3 28 -4 4 -6 6 13 8 -10 -11 11 -13 -14 14 15 17 18 -19 -20 -21 21 -23 24 25 -26 -27 -28 -29 -30 -31
leaf_value=2.8136915388278611e-05 3.3809471774250262e-05 -6.2410993774582177e-05 0.00081254635280107745 -1.9115266191727859e-05 0.00067071182981486173 0.00056682755500078199 0.00076648161828276121 -0.00015608659587664211 -0.0016827653449248961 0.00070712229071813091 0.00043674876262104649 -0.00022684410772688516 0.0016114114004779946 9.9779044690437543e-05 -0.0016480868180980906 0.001046196847433611 -0.00070386855680096359 -0.00029892685361063251 0.00058644964388804505 0.0012253394639784737 -0.0010974710362562392 0.00032255575638226864 -0.0016919454430264639 -0.00020540384776960799 -0.00040706100540774056 -0.00070839313414131555 0.00063659407231690635 -0.00045071742608846025 0.00070735450818851264 -0.00046529856368355638
leaf_weight=5482 26499 9796 51 22349 67 75 78 41 41 43 58 88 55 58 50 53 42 65 40 42 54 62 47 130 44 83 63 47 46 179
leaf_count=5482 26499 9796 51 22349 67 75 78 41 41 43 58 88 55 58 50 53 42 65 40 42 54 62 47 130 44 83 63 47 46 179
internal_value=2.01009e-13 -2.99885e-05 3.53671e-05 9.27799e-06 -1.70534e-05 3.04656e-05 -0.000121937 -0.000281848 -0.000919426 -0.000201167 3.70754e-05 0.000467646 0.00100849 0.000150809 1.36023e-05 -0.000209963 -0.000670521 0.000305239 -7.4445e-05 0.000572514 -0.000265723 -0.000377 -0.000480022 -0.000317143 -0.00107068 -0.00016447 6.94452e-05 0.000174823 -6.60741e-05 -6.96408e-05
internal_weight=65828 15554 5533 50274 22416 27858 1158 730 82 648 26700 201 113 428 350 250 132 118 82 100 605 483 421 330 91 276 193 122 10021 9975
internal_count=65828 15554 5533 50274 22416 27858 1158 730 82 648 26700 201 113 428 350 250 132 118 82 100 605 483 421 330 91 276 193 122 10021 9975
is_linear=0
shrinkage=0.03


Tree=202
num_leaves=31
num_cat=0
split_feature=47 35 7 11 66 42 36 46 21 15 57 50 51 33 63 47 65 47 44 10 61 44 64 6 46 11 14 55 38 63
split_gain=0.0203567 0.0506187 0.0270147 0.0251507 0.0211304 0.0408082 0.0345387 0.0517524 0.0503884 0.0356568 0.0484117 0.0483677 0.0424464 0.0393543 0.044199 0.0452684 0.044469 0.0344405 0.0446872 0.0359525 0.0340633 0.0425109 0.0339813 0.0385473 0.0359523 0.0345261 0.0464396 0.0332715 0.0363796 0.0472248
threshold=-0.045554328709840768 0.099714759737253203 0.6641666666666669 0.42966550034692091 inf 0.09975918754935266 0.14360304921865466 0.28932596743106848 0.67500000000000016 -0.011730695319419141 0.2501190453767777 0.90000000596046459 0.68699541687965404 3.7596154212951665 0.54225518535259631 0.18498488515615466 36.208333333333343 0.17982897907495501 0.2248380780220032 0.38651515151515153 37.583333333333336 0.0058992081321775922 3.5000000000000004 0.96500000000000008 0.24938097596168521 0.75395919339023643 -0.014999999999999956 0.27275252342224127 0.14247769117355349 0.59371992294671105
decision_type=8 10 10 8 8 10 10 10 2 8 10 10 10 8 8 10 8 10 10 10 10 10 10 8 10 10 10 10 10 10
left_child=1 -1 3 -3 22 17 7 8 9 -7 11 12 13 20 15 -15 -16 18 -6 -19 21 -11 27 25 -25 -24 -27 -2 -29 -30
right_child=4 2 -4 -5 5 6 -8 -9 -10 10 -12 -13 -14 14 16 -17 -18 19 -20 -21 -22 -23 23 24 -26 26 -28 28 29 -31
leaf_value=0.00032054457235736422 3.0127090039930679e-06 -0.00085470429161796336 -0.0011244479748175331 0.00015014763469533885 -1.1660665553766518e-05 4.2305656921869355e-05 4.1847787632667483e-05 -0.00078808525853673922 0.0012495867101044009 0.00089781820649634399 0.0010397119894647354 -0.00035561711978112319 0.00094197921495916409 0.0013303706276361126 -0.00045809709189814467 9.9360405845800404e-05 0.00042208509119265049 0.00034701182442002518 0.00083883265981317629 -0.00063996359567582129 -0.00055124843681885589 -9.0884970067518538e-08 -6.8412524575730234e-05 -0.00025154299741295876 -0.0012944386255029322 -9.0508068669358348e-05 0.0011428149679675696 0.00027648488199338313 -0.0012199153450167025 7.9158373642712829e-05
leaf_weight=81 42983 40 57 51 7807 867 5358 48 41 58 74 108 88 82 63 40 287 43 56 146 74 261 6707 102 42 61 50 45 68 40
leaf_count=81 42983 40 57 51 7807 867 5358 48 41 58 74 108 88 82 63 40 287 43 56 146 74 261 6707 102 42 61 50 45 68 40
internal_value=-2.5112e-13 -0.000282358 -0.000612326 -0.000291546 9.85687e-07 3.15952e-05 8.22031e-05 0.00018561 0.000208487 0.000187166 0.000297821 0.000246077 0.000314265 0.000250405 0.000435049 0.000926761 0.000263652 -1.52227e-05 -5.60348e-06 -0.000415414 2.86447e-05 0.000163165 -8.48532e-06 -6.99866e-05 -0.000555721 -5.97276e-05 0.000465043 1.44077e-06 -0.000440171 -0.000738777
internal_weight=65828 229 148 91 65599 15501 7449 2091 2043 2002 1135 1061 953 865 472 122 350 8052 7863 189 393 319 50098 6962 144 6818 111 43136 153 108
internal_count=65828 229 148 91 65599 15501 7449 2091 2043 2002 1135 1061 953 865 472 122 350 8052 7863 189 393 319 50098 6962 144 6818 111 43136 153 108
is_linear=0
shrinkage=0.03


Tree=203
num_leaves=31
num_cat=0
split_feature=30 14 67 61 58 60 34 6 37 78 55 33 67 14 9 34 66 76 60 34 71 17 63 66 67 9 33 33 58 35
split_gain=0.019666 0.0434678 0.0661458 0.0708536 0.0770599 0.0543659 0.0610291 0.0502674 0.0499098 0.0489375 0.0674594 0.0631215 0.0577648 0.0776811 0.0753858 0.0652255 0.0779836 0.0615722 0.055088 0.0549648 0.0587831 0.0483199 0.045863 0.0726371 0.0493635 0.04492 0.0553898 0.0444576 0.0419553 0.04052
threshold=9.0625000000000018 -0.095000000000000015 -0.06593743919859503 39.166666666666679 35.500000000000007 34.266666666666673 8.0966324806213397 0.82500000000000007 0.2559474259614945 415.30000000000001 0.31682299077510839 10.148351669311525 0.04637173025661518 0.034999999999999983 0.95841674756374606 7.5540316104888925 5.8035526797175416 7.5000000000000009 38.500000000000007 8.8563489913940447 9.5000000000000018 12.500000000000002 0.62849805021170202 3.9863904118537907 0.094116732617414947 0.89204305236517201 9.8397436141967791 12.035714149475099 39.500000000000007 0.29478609561920172
decision_type=10 8 10 10 10 8 10 8 10 2 10 8 10 10 8 10 8 2 10 10 8 2 10 10 10 10 8 8 10 10
left_child=-1 2 -2 4 -4 6 -3 -7 -5 12 11 -11 13 17 21 -15 -17 29 -18 20 -13 -14 24 -24 -23 26 -8 -21 -16 -9
right_child=1 5 3 8 -6 7 25 9 -10 10 -12 19 14 15 28 16 18 -19 -20 27 -22 22 23 -25 -26 -27 -28 -29 -30 -31
leaf_value=-3.2205242279290103e-06 -0.00054743191486570709 -0.000435081061150413 0.00040691504594060065 0.00065629904377139889 0.0017122501605955807 -0.00039458014932418594 0.0019139056281346713 0.00024546220185299054 -0.0004981514301616698 -0.00063421159631483223 0.00076974172721002408 0.0012996958206913775 0.0011373212039259009 -0.00050423053442500538 0.0017730619303620188 0.0018988389730802736 0.0010768200530271443 -0.0010619464281606615 -0.00030055537333412624 -0.00072247908766482868 -2.6183987031869875e-05 0.00093375902643726605 0.0001801590811709712 -0.0011760148939113908 -0.00014918473574494862 0.00015741438429314094 0.00044886196187386907 0.00037875887134815659 0.00058310721183079284 -0.00045443540011885861
leaf_weight=63383 57 48 92 65 73 274 48 153 70 246 61 49 44 48 48 40 49 74 56 101 78 84 104 54 69 61 45 49 60 145
leaf_count=63383 57 48 92 65 73 274 48 153 70 246 61 49 44 48 48 40 49 74 56 101 78 84 104 54 69 61 45 49 60 145
internal_value=1.25594e-13 8.34873e-05 0.0003894 0.000567398 0.000984427 3.11833e-05 0.000498934 -1.89151e-05 5.76951e-05 4.49387e-05 -0.000174367 -0.000284483 0.000169525 -3.40493e-05 0.000417947 0.000454319 0.000771632 -0.000287423 0.00034222 2.61066e-05 0.000485376 0.000206805 7.51568e-05 -0.000283343 0.000445373 0.000790055 0.00120501 -0.000362741 0.00111198 -9.5092e-05
internal_weight=65828 2445 357 300 165 2088 202 1886 135 1612 584 523 1028 565 463 193 145 372 105 277 127 355 311 158 153 154 93 150 108 298
internal_count=65828 2445 357 300 165 2088 202 1886 135 1612 584 523 1028 565 463 193 145 372 105 277 127 355 311 158 153 154 93 150 108 298
is_linear=0
shrinkage=0.03


Tree=204
num_leaves=31
num_cat=0
split_feature=7 70 5 50 57 17 63 26 58 70 43 32 45 62 78 66 39 47 39 35 17 15 45 43 42 80 31 32 44 70
split_gain=0.0194346 0.0550269 0.0195817 0.0316041 0.0710828 0.0406337 0.03737 0.0358244 0.0342048 0.0323647 0.0305926 0.0406292 0.0361956 0.0403721 0.0447194 0.0438318 0.0352182 0.0437036 0.0294258 0.0334514 0.0312796 0.0296292 0.0446739 0.029042 0.0282236 0.0274475 0.0283332 0.0648143 0.0702187 0.0738635
threshold=0.99833333333333341 40.500000000000007 1.0000000180025095e-35 1.1555556058883669 0.17147435992956164 56.500000000000007 0.60120338097545323 48.500000000000007 44.500000000000007 73.500000000000014 0.42900477349758154 8.2235913276672381 0.31541688740253454 32.550000000000004 313.45000000000005 0.82944457232952129 0.17774166166782382 0.14138683676719668 0.29155951738357549 0.31311275064945226 27.500000000000004 0.088892085411072783 0.18823885172605517 0.27462965250015264 0.14014202356338504 2.5000000000000004 4.986553668975831 5.9032969474792489 0.24362002313137057 46.500000000000007
decision_type=10 10 2 10 10 2 10 2 10 8 10 10 8 10 2 10 10 8 10 8 2 8 10 10 10 2 10 10 10 10
left_child=2 -2 -1 4 5 7 23 18 9 -5 11 12 13 14 -9 -16 17 24 19 20 25 22 -22 -6 -15 26 -4 -28 29 -29
right_child=1 -3 3 8 6 -7 -8 10 -10 -11 -12 -13 -14 16 15 -17 -18 -19 -20 -21 21 -23 -24 -25 -26 -27 27 28 -30 -31
leaf_value=2.9046161051022822e-06 -0.00037841662053672711 0.00097797796063657321 -6.4345886735409351e-05 0.00045330324716633184 0.0013640270177520029 0.00030074446879470171 -2.9613662903765371e-05 0.00049577608851351495 -0.0012404736286460807 -0.00062815004336615936 -0.0010524364495358895 0.00046733176217539536 -0.0011097987331549063 -0.00036317953826000209 0.00031765780146815811 -0.0010402063211570392 -0.0010241909001437624 0.00020890247560792453 -0.00082510841278625382 0.0008147621059574053 0.00011597764566361616 -0.00019286462833799698 0.0010109996992695095 0.00031709527051666884 -0.0011913472698828161 0.00043897265302948654 -0.0010776279562851414 -0.00035778200080676471 -0.00058417223325143465 0.0014435283872964127
leaf_weight=62734 47 63 821 40 57 220 59 115 41 66 44 67 47 267 40 46 69 114 42 42 156 111 74 41 43 75 90 40 115 42
leaf_count=62734 47 63 821 40 57 220 59 115 41 66 44 67 47 267 40 46 69 114 42 42 156 111 74 41 43 75 90 40 115 42
internal_value=-2.78004e-13 0.000398428 -6.66896e-07 -7.57524e-05 -5.35284e-05 -8.98744e-05 0.0005669 -0.000124808 -0.000504661 -0.000220054 -0.000282085 -0.000240135 -0.000304103 -0.000249539 0.000108811 -0.000408642 -0.000395641 -0.000293354 -4.14742e-05 -2.04572e-05 -4.3475e-05 0.000209673 0.000403941 0.000926025 -0.000478054 -0.000116445 -0.000154041 -0.000410625 -0.000105903 0.00056484
internal_weight=65828 110 65718 2984 2837 2680 157 2460 147 106 852 808 741 694 201 86 493 424 1608 1566 1524 341 230 98 310 1183 1108 287 197 82
internal_count=65828 110 65718 2984 2837 2680 157 2460 147 106 852 808 741 694 201 86 493 424 1608 1566 1524 341 230 98 310 1183 1108 287 197 82
is_linear=0
shrinkage=0.03


Tree=205
num_leaves=31
num_cat=0
split_feature=17 1 34 6 65 59 63 61 34 21 43 30 17 70 11 44 53 36 47 37 70 59 12 21 66 15 26 29 42 37
split_gain=0.0194791 0.0510597 0.0406796 0.0375281 0.0315961 0.0445945 0.0282575 0.039938 0.0386541 0.0233819 0.0378315 0.0411987 0.0362847 0.0341806 0.0363722 0.0478686 0.0320989 0.0315555 0.0382273 0.0368001 0.02986 0.0328315 0.0327128 0.0262111 0.0231965 0.0284322 0.0251403 0.0521732 0.0706188 0.0677039
threshold=1.0000000180025095e-35 1.5000000000000002 7.7469809055328378 0.49500000000000005 33.583333333333343 33.166666666666679 0.55703921272220136 35.583333333333336 3.4131884574890141 0.75500000000000012 0.48006622493267065 8.291666507720949 23.500000000000004 59.500000000000007 0.67828823241944702 0.18140283226966861 0.26136364042758947 0.12186450138688089 0.086513496935367598 0.16535466164350512 39.500000000000007 41.166666666666679 0.39025907505242208 0.85500000000000009 0.15742874424904588 0.28353184831219091 48.500000000000007 6.3666667938232431 0.099296711385250105 0.17538914829492572
decision_type=2 8 10 10 8 10 10 10 10 2 10 10 2 10 8 10 8 10 8 10 10 8 10 2 8 10 2 10 10 10
left_child=1 2 4 -3 5 -1 -6 -8 -9 24 11 12 13 14 15 20 -15 18 -14 -19 21 22 23 -11 25 -2 -26 29 -29 -28
right_child=9 3 -4 -5 6 -7 7 8 -10 10 -12 -13 17 16 -16 -17 -18 19 -20 -21 -22 -23 -24 -25 26 -27 27 28 -30 -31
leaf_value=4.4057261117774506e-05 -4.7742358729653917e-05 -9.8716778416748589e-05 0.0010148013737077987 -0.00052402171558161073 -0.00018756065045687686 0.0012206497107166798 0.00089872388987832016 -0.0003658021300465667 0.0004840247153392891 0.00080395134887090169 0.00097237680305508841 -0.00064789543572025589 0.00037226230829812427 -0.00030174753887371886 -0.00048951733930982359 0.0009871413768269121 0.00052664378889548684 -0.00051090110733639446 0.0014747051210724747 0.00056449795008184464 -0.00043569973699231923 0.00072522948972618905 -0.00074443650875300014 -0.00013719689596128823 2.4187007822079041e-05 0.0005003055683567275 -3.0407138087840382e-05 0.0011280808378836477 4.7554096295453273e-05 -0.00026671152410393391
leaf_weight=69 9106 2469 46 202 318 50 62 105 89 41 47 62 69 54 145 45 191 48 48 71 120 64 47 76 34145 86 11376 55 5315 1207
leaf_count=69 9106 2469 46 202 318 50 62 105 89 41 47 62 69 54 145 45 191 48 48 71 120 64 47 76 34145 86 11376 55 5315 1207
internal_value=-2.57283e-13 -6.98197e-05 0.000150878 -0.000130881 9.35325e-05 0.000538424 1.2989e-06 0.000235898 2.40669e-05 3.81437e-06 0.000139161 0.000102934 0.000148618 5.03361e-05 -8.34227e-05 6.64087e-05 0.00034406 0.000474695 0.000824547 0.000130724 -5.26516e-05 0.000148953 -7.59358e-05 0.000192607 1.32341e-06 -4.26148e-05 9.07573e-06 -1.96646e-05 5.86209e-05 -5.30742e-05
internal_weight=65828 3410 739 2671 693 119 574 256 194 62418 1128 1081 1019 783 538 393 245 236 117 119 348 228 164 117 61290 9192 52098 17953 5370 12583
internal_count=65828 3410 739 2671 693 119 574 256 194 62418 1128 1081 1019 783 538 393 245 236 117 119 348 228 164 117 61290 9192 52098 17953 5370 12583
is_linear=0
shrinkage=0.03


Tree=206
num_leaves=31
num_cat=0
split_feature=47 35 51 60 1 17 9 7 27 51 57 11 42 39 63 29 35 6 14 44 78 60 65 65 41 22 27 28 51 42
split_gain=0.0191592 0.0475659 0.02641 0.0222205 0.0198568 0.0463499 0.044741 0.0392364 0.0384744 0.0567243 0.039024 0.0420383 0.0648574 0.0515291 0.0531821 0.0493238 0.033268 0.0389986 0.0322744 0.0321912 0.047295 0.0379588 0.0338584 0.0407843 0.0414792 0.0629717 0.0435562 0.042134 0.0464112 0.0457778
threshold=-0.045554328709840768 0.099714759737253203 0.49190971255302435 38.500000000000007 2.5000000000000004 1.0000000180025095e-35 0.84885346144700091 0.8383333333333336 10.500000000000002 1.179260849952698 0.25397276878356939 0.38354218555417191 0.17793010175228122 0.14009793847799304 0.51781708044105745 5.0999999046325692 0.19082633405923846 0.60500000000000009 -0.010000000000000002 -0.0097464201971888525 1226.6500000000003 31.450000000000003 46.083333333333343 38.708333333333343 0.11010276898741723 43.500000000000007 3.4229749441146855 2.5833333730697636 0.49190971255302435 0.076636996120214476
decision_type=8 10 8 10 8 2 10 10 10 10 10 10 8 10 10 10 10 10 8 10 2 8 10 8 8 2 10 10 10 10
left_child=1 -1 -3 -4 19 -6 7 8 9 10 11 16 13 15 -15 -13 -7 -18 -14 20 22 -22 23 24 27 -26 -27 29 -29 -2
right_child=4 2 3 -5 5 6 -8 -9 -10 -11 -12 12 18 14 -16 -17 17 -19 -20 -21 21 -23 -24 -25 25 26 -28 28 -30 -31
leaf_value=0.00031051273177446864 1.8617334576118677e-05 -0.0012522903381614013 -0.00067993649181730955 0.00021116099087521432 -0.00017399224823820385 5.5892874170307748e-06 0.00071627045765700656 -0.00081348139156629752 0.00078127650142943662 -0.00096645719046916506 0.00068692788696353088 -0.00019545520766063514 0.00013469938553221846 8.1099025100348114e-05 -0.0011574325718576106 0.00079616075061494484 0.00094560677458503043 -0.00020468299177342226 0.0011894810904881784 2.5362873810966452e-06 0.0011606889912189216 0.00028525769540485178 0.00089934172491276893 -0.0001135131377555533 0.00048313506629831226 0.00037534190183082086 -0.00044683172807604668 -0.00035577960530522925 0.00062013235077029098 0.00057940428285551846
leaf_weight=81 595 40 68 40 1815 7781 76 55 55 56 72 1144 69 46 97 47 72 42 42 50700 50 411 42 1004 514 99 140 357 50 168
leaf_count=81 595 40 68 40 1815 7781 76 55 55 56 72 1144 69 46 97 47 72 42 42 50700 50 411 42 1004 514 99 140 357 50 168
internal_value=-3.16898e-14 -0.000273927 -0.00059379 -0.0003499 9.56254e-07 -3.49015e-05 -8.75175e-06 -1.45047e-05 -9.89021e-06 -1.44861e-05 -8.82205e-06 -1.41854e-05 -0.000162954 -0.000220931 -0.000759024 -0.000156323 1.30433e-05 0.000521816 0.000533806 8.55375e-06 9.75e-05 0.000380207 5.36037e-05 4.14681e-05 0.000122384 0.000296061 -0.000106266 1.06073e-05 -0.000235889 0.000142093
internal_weight=65828 229 148 108 65599 11469 9654 9578 9523 9468 9412 9340 1445 1334 143 1191 7895 114 111 54130 3430 461 2969 2927 1923 753 239 1170 407 763
internal_count=65828 229 148 108 65599 11469 9654 9578 9523 9468 9412 9340 1445 1334 143 1191 7895 114 111 54130 3430 461 2969 2927 1923 753 239 1170 407 763
is_linear=0
shrinkage=0.03


Tree=207
num_leaves=31
num_cat=0
split_feature=21 18 10 38 47 66 77 63 53 40 51 26 59 6 14 76 76 7 70 47 77 15 34 31 26 43 14 56 50 29
split_gain=0.0191638 0.0198062 0.0801032 0.061763 0.102492 0.0530543 0.0487979 0.0416226 0.038962 0.0384497 0.0428464 0.0335051 0.0354686 0.0391862 0.0330414 0.0324903 0.02976 0.0292219 0.0288693 0.0285701 0.0260653 0.0229999 0.0228214 0.0510625 0.0592776 0.0476534 0.0797538 0.0553763 0.0419358 0.0426824
threshold=1.4550000000000003 1.0000000180025095e-35 0.47237484737484742 0.17612063139677051 0.12532477825880053 4.4984253048896798 1163.3500000000001 0.64964002074947735 0.059828110039234168 0.065203547477722182 0.78019917011260997 31.500000000000004 31.166666666666668 0.23500000000000001 -0.089999999999999969 9.5000000000000018 7.5000000000000009 0.51166666666666683 72.500000000000014 0.17927986383438113 410.40000000000003 0.11700206784943661 6.9470176696777353 5.4568603038787851 43.500000000000007 0.088630039244890227 0.14000000000000007 0.042573597282171256 1.8999999761581423 10.900000095367433
decision_type=2 2 10 8 8 8 2 10 10 10 10 2 10 10 8 2 2 10 8 8 2 10 10 10 2 8 8 8 10 10
left_child=1 22 3 4 8 6 14 9 11 -4 15 12 -3 -14 -6 17 -13 -11 -15 -16 21 -19 28 24 -24 26 -25 -27 29 -1
right_child=-2 2 7 -5 5 -7 -8 -9 -10 10 -12 16 13 18 19 -17 -18 20 -20 -21 -22 -23 23 25 -26 27 -28 -29 -30 -31
leaf_value=-8.5486181510696956e-06 0.00059921507468970955 0.00088651301333447915 0.000516196540440826 -0.00056038182939637058 8.7170737992542288e-05 0.0016664737829705698 -0.00033032530177892609 -0.0010309804362192635 0.0010129542177601252 -0.00084148884784939328 0.00060779407425018558 -4.9589632967141485e-05 -0.00019647511531059678 0.00011459302489552415 0.0015560019107535479 -0.0011326009732466646 -0.00083844082822906777 -0.00011871438849886866 0.00092139106249140401 0.00071898963368173855 -0.00055814853479387245 0.00061801509042094761 0.00082591694698531286 -0.00012348345064216944 0.00015485931295379296 0.00105039088131889 -0.0014892708843399305 2.6827713277989521e-05 -0.00050186158059495356 0.00082008646938317852
leaf_weight=57455 48 60 74 79 52 48 44 49 40 59 49 186 190 101 50 41 56 136 66 138 80 53 142 194 715 48 48 5316 155 56
leaf_count=57455 48 60 74 79 52 48 44 49 40 59 49 186 190 101 50 41 56 136 66 138 80 53 142 194 715 48 48 5316 155 56
internal_value=-4.20403e-14 -4.3725e-07 0.000102158 0.000248043 0.000309988 0.000744006 0.000588096 -0.000197161 0.000103846 -0.000114118 -0.000225705 4.86644e-05 0.000211622 9.81945e-05 0.000756473 -0.000336387 -0.000232134 -0.00023686 0.000433447 0.000941599 -0.000104246 8.78817e-05 -3.07857e-06 5.03789e-05 0.00026605 1.74089e-05 -0.000394383 3.59871e-05 -9.06989e-06 -7.74175e-06
internal_weight=65828 65780 1651 1110 1031 332 284 541 699 492 418 659 417 357 240 369 242 328 167 188 269 189 64129 6463 857 5606 242 5364 57666 57511
internal_count=65828 65780 1651 1110 1031 332 284 541 699 492 418 659 417 357 240 369 242 328 167 188 269 189 64129 6463 857 5606 242 5364 57666 57511
is_linear=0
shrinkage=0.03


Tree=208
num_leaves=31
num_cat=0
split_feature=20 54 55 53 65 41 70 65 63 28 71 28 71 46 14 30 42 14 76 43 71 41 29 41 37 45 65 22 38 32
split_gain=0.0190476 0.0333423 0.0484238 0.0432981 0.0363606 0.0312685 0.0377866 0.0311849 0.0414641 0.0307006 0.0468061 0.0427086 0.0642556 0.0417511 0.0537599 0.0435501 0.0532975 0.0438665 0.0631449 0.0483343 0.0448701 0.0580897 0.0592238 0.0571614 0.0510096 0.0619324 0.0434852 0.0491095 0.042805 0.0842282
threshold=1.0000000180025095e-35 0.35456348955631262 0.30962121486663824 0.240384615957737 30.791666666666671 0.096429832279682173 63.500000000000007 36.916666666666679 0.61399393212964837 13.166666507720949 8.5000000000000018 12.416666507720949 3.5000000000000004 0.50123700499534618 0.01499999999999996 9.0625000000000018 0.13759913295507434 0.070000000000000034 6.5000000000000009 0.17075680196285251 9.5000000000000018 0.28426480293273931 11.299999713897707 0.32608643174171453 0.28526191413402563 0.32948528230190283 41.083333333333343 59.500000000000007 0.28518837690353399 7.9245822429656991
decision_type=2 10 10 10 10 10 10 10 10 10 8 10 10 10 8 10 10 10 2 10 10 8 10 10 10 10 10 2 10 10
left_child=9 2 4 -4 5 -2 -7 -3 -9 11 -11 13 -13 15 -15 28 -17 18 26 -19 21 -20 23 -23 25 -22 27 -18 -1 -30
right_child=1 7 3 -5 -6 6 -8 8 -10 10 -12 12 -14 14 -16 16 17 19 20 -21 24 22 -24 -25 -26 -27 -28 -29 29 -31
leaf_value=-8.6138012765097008e-06 0.00012927261870968124 0.0001605488630643083 0.00012955054015037601 0.0014570619897326317 2.7759269402814113e-05 0.0011388386539329075 8.8225023199168101e-06 -0.001324145420291461 -0.00011979510889054751 -0.0012240077316280492 -3.6568556594230781e-05 -7.0176876970898299e-05 0.0014079855415184285 -0.00098538317589424128 8.2779401865856796e-05 0.0012104108605898345 0.000541805573322467 -0.0011706181835616008 -0.00020000272096121937 -5.9320423425977082e-05 0.00027365141583603957 0.00066047988304333664 -0.00044437398790614678 -0.00039764232600906065 -1.0945399543270469e-05 0.001474157163051448 -0.00017151661650859751 0.0016958796773927614 0.00037616890729987062 -0.00082242804489684313
leaf_weight=53178 207 59 48 41 9679 76 41 50 53 47 82 59 48 89 81 41 95 40 519 295 88 256 80 56 125 69 40 51 80 155
leaf_count=53178 207 59 48 41 9679 76 41 50 53 47 82 59 48 89 81 41 95 40 519 295 88 256 80 56 125 69 40 51 80 155
internal_value=2.87074e-13 3.75686e-05 4.44226e-05 0.000741101 3.8224e-05 0.000350842 0.00074285 -0.000389408 -0.000704431 -6.93182e-06 -0.000469201 -5.85629e-06 0.000592924 -7.01407e-06 -0.000476435 -5.56755e-06 0.00014148 0.00011591 0.000190714 -0.000192013 0.000110556 8.1927e-06 0.000283839 0.000470561 0.000441241 0.000801262 0.000704843 0.000944941 -1.03991e-05 -0.000414395
internal_weight=65828 10254 10092 89 10003 324 117 162 103 55574 129 55445 107 55338 170 55168 1755 1714 1379 335 1193 911 392 312 282 157 186 146 53413 235
internal_count=65828 10254 10092 89 10003 324 117 162 103 55574 129 55445 107 55338 170 55168 1755 1714 1379 335 1193 911 392 312 282 157 186 146 53413 235
is_linear=0
shrinkage=0.03


Tree=209
num_leaves=31
num_cat=0
split_feature=6 14 71 60 37 30 71 59 60 47 36 10 37 35 58 29 78 67 78 65 42 43 33 38 15 70 32 33 44 7
split_gain=0.018727 0.0524685 0.0506378 0.0533278 0.0444574 0.0538391 0.0438472 0.0431847 0.0565637 0.0429868 0.0404029 0.0384632 0.0376054 0.0432662 0.0505202 0.0308829 0.0357212 0.0330363 0.0303066 0.0305644 0.0426281 0.0557104 0.052614 0.0473666 0.0585031 0.0302784 0.0621324 0.0584215 0.0438206 0.0527225
threshold=0.94500000000000006 -0.044999999999999978 3.5000000000000004 47.900000000000006 0.24614780396223071 6.3541667461395273 9.5000000000000018 39.583333333333336 36.900000000000006 0.1216806471347809 0.26315380632877355 0.84796367638965331 0.15815875679254535 0.21680375933647159 43.500000000000007 10.09999990463257 197.65000000000001 0.070368014386085045 2355.8000000000006 43.083333333333343 0.25304441154003149 0.22508607804775241 8.2583332061767596 0.27469930052757269 -0.020903781344605046 47.500000000000007 7.5658836364746103 5.2583334445953378 0.33807893097400671 0.9683333333333336
decision_type=10 10 8 10 10 10 10 10 10 10 10 10 10 10 10 10 2 10 2 10 8 10 8 10 10 8 10 10 10 10
left_child=-1 4 12 6 5 -2 18 8 9 -8 -10 15 -3 -14 -15 16 -9 -18 19 20 25 -22 -23 -24 -25 26 27 -4 -27 -30
right_child=1 2 3 -5 -6 -7 7 11 10 -11 -12 -13 13 14 -16 -17 17 -19 -20 -21 21 22 23 24 -26 28 -28 -29 29 -31
leaf_value=-3.640635843009779e-06 0.00036235700306938367 -0.00025271873676683751 0.00059603953652361766 0.0010307580872128408 -0.00012831761545046815 0.0018598020017914223 0.0009649484315811986 0.00041642059747851927 -0.0001523088742695295 5.9743108087621461e-05 -0.0012276849367244299 -0.00037779809039784594 0.0010584064734561395 -0.00013449693404254503 0.001134491952136159 -4.5694181850800912e-06 0.0017797380744013934 0.00061236989835742857 -0.00089755778640392234 -0.00044871195401612887 0.0011358986694644305 0.00102578530184667 -0.00070527448054604435 0.00088092221382438487 -0.00023738450275333082 -6.25113182624305e-05 0.00095696972031720172 -0.00059541751038404579 -0.00027550628512522092 -0.0012932339854586613
leaf_weight=62588 47 60 62 45 43 40 62 98 117 198 43 40 101 96 40 54 48 40 40 170 56 47 74 69 108 1003 71 92 218 58
leaf_count=62588 47 60 62 45 43 40 62 98 117 198 43 40 101 96 40 54 48 40 40 170 56 47 74 69 108 1003 71 92 218 58
internal_value=2.84082e-14 7.03272e-05 4.56447e-05 6.31035e-06 0.000660809 0.00105084 -1.03443e-05 0.000194883 2.48892e-06 0.0002756 -0.000441316 0.000483474 0.000418195 0.000588047 0.000238735 0.00062702 0.000810384 0.00124912 -7.9812e-05 -6.36829e-05 -2.84542e-05 0.000267735 0.00010459 -6.79052e-05 0.000198566 -9.81688e-05 0.00022276 -0.00011574 -0.000154626 -0.000489377
internal_weight=65828 3240 3110 2813 130 87 2768 700 420 260 160 280 297 237 136 240 186 88 2068 2028 1858 354 298 251 177 1504 225 154 1279 276
internal_count=65828 3240 3110 2813 130 87 2768 700 420 260 160 280 297 237 136 240 186 88 2068 2028 1858 354 298 251 177 1504 225 154 1279 276
is_linear=0
shrinkage=0.03


Tree=210
num_leaves=31
num_cat=0
split_feature=62 34 43 66 51 51 39 33 31 65 47 59 47 33 45 31 8 35 36 14 34 36 34 47 34 42 60 32 41 30
split_gain=0.0184219 0.0615551 0.0296906 0.0384993 0.0237783 0.0430436 0.0485727 0.0714109 0.0579548 0.0591868 0.0484746 0.0358742 0.0419519 0.0358482 0.0304156 0.0490302 0.0455691 0.0519934 0.0836315 0.0362906 0.0356144 0.0333363 0.0282756 0.0441143 0.034795 0.0343433 0.0636316 0.0597208 0.0471489 0.0439409
threshold=28.300000000000001 9.2784748077392596 -0.043419348075985902 0.12603527493774894 1.1457096338272097 0.68699541687965404 0.25023081898689276 7.2264957427978525 7.2714221477508554 34.416666666666679 0.34403198957443243 28.833333333333339 0.30191846191883093 3.2537549734115605 0.21814522892236712 5.8555364608764657 0.62450000000000017 0.14670014381408694 0.16761452704668048 -0.030000000000000016 4.6403691768646249 0.20801921933889392 5.4899959564208993 0.18079827725887301 5.0456631183624276 0.14014202356338504 28.300000000000001 3.446740031242371 0.17060405015945437 3.3744891881942753
decision_type=8 8 10 10 10 10 10 10 10 10 10 10 8 8 10 10 10 10 10 8 10 10 10 10 10 10 8 10 8 10
left_child=1 2 3 -1 5 6 7 10 11 -10 14 12 -8 -7 15 22 20 18 -18 -19 -16 -21 24 -24 25 29 -27 -28 -29 -4
right_child=-2 -3 4 -5 -6 13 8 -9 9 -11 -12 -13 -14 -15 16 -17 17 19 -20 21 -22 -23 23 -25 -26 26 27 28 -30 -31
leaf_value=-0.0011158418926449183 -4.4162124112738792e-06 0.0011373115763900444 7.2427094559504883e-05 4.0881624092256312e-05 -0.0006615427825117211 -6.573218974375688e-05 -0.0018283809284912421 0.0012493320779227044 0.00064811192984642408 -0.00077282511788170514 0.00083784745904472721 -1.5899343299679457e-05 -0.00056097609995815311 0.0010455791778319205 -0.00023431334407466304 0.00094018291087885348 -0.00033736316720023752 0.00030553310113333042 0.001391292170968504 -0.00022390213706908191 -0.0012056662859234572 -0.0012988477593753487 0.00084229752832325167 -0.00014382290572899839 -0.00057613637250324243 -0.00038669129455229265 0.0017612590148637535 -0.00019413554270743459 0.0010871893501825979 -0.00028337475370128896
leaf_weight=45 61097 47 2776 61 41 41 40 46 74 41 71 40 57 72 82 58 48 61 53 74 58 40 100 69 80 60 40 56 48 352
leaf_count=45 61097 47 2776 61 41 41 40 46 74 41 71 40 57 72 82 58 48 61 53 74 58 40 100 69 80 60 40 56 48 352
internal_value=5.48899e-14 5.70318e-05 4.61921e-05 -0.00045018 5.76852e-05 6.41847e-05 4.94167e-05 7.38475e-05 -0.000355049 0.000141517 6.07422e-05 -0.000771875 -0.00108362 0.00064236 4.71357e-05 7.49156e-05 -0.000195871 2.77533e-05 0.000569753 -0.000285058 -0.000636731 -0.000601076 6.09012e-05 0.00043968 4.21399e-05 5.69844e-05 0.000434129 0.000776138 0.000397245 3.2388e-05
internal_weight=65828 4731 4684 106 4578 4537 4424 4172 252 115 4126 137 97 113 4055 3639 416 276 101 175 140 114 3581 169 3412 3332 204 144 104 3128
internal_count=65828 4731 4684 106 4578 4537 4424 4172 252 115 4126 137 97 113 4055 3639 416 276 101 175 140 114 3581 169 3412 3332 204 144 104 3128
is_linear=0
shrinkage=0.03


Tree=211
num_leaves=31
num_cat=0
split_feature=38 7 70 5 21 15 17 52 57 61 52 43 22 70 42 47 28 31 36 44 15 71 39 77 11 9 71 78 22 8
split_gain=0.0183525 0.0209933 0.0540083 0.0206286 0.0328427 0.034073 0.0312373 0.0339844 0.0489486 0.046747 0.0368248 0.0314429 0.0325384 0.02895 0.0286315 0.0270167 0.0571537 0.0399776 0.0936635 0.0552319 0.0483662 0.0636946 0.0441182 0.0367413 0.0326421 0.0325266 0.0359456 0.0313927 0.0263918 0.043182
threshold=0.0098439063876867312 0.99833333333333341 40.500000000000007 1.0000000180025095e-35 0.48500000000000004 -0.31902671482726552 74.500000000000014 1.4833333492279055 0.12452811747789384 40.166666666666679 0.49923077225685125 0.29852557182312017 41.500000000000007 72.500000000000014 0.17182072997093203 0.1539488881826401 4.8749911785125741 4.7381212711334237 0.13765804469585421 0.22824644297361377 0.057437909094171048 4.5000000000000009 0.16633512824773791 742.95000000000016 0.72057830798426836 0.89666852133003327 7.5000000000000009 608.10000000000002 60.500000000000007 0.65633333333333355
decision_type=10 10 10 2 2 8 2 10 10 10 10 10 2 8 10 10 10 10 10 10 8 10 10 2 8 8 10 2 2 10
left_child=-1 3 -3 -2 5 28 7 8 10 11 15 12 -10 -8 -6 16 -7 18 -17 22 21 -21 -19 25 -24 26 27 -22 29 -5
right_child=1 2 -4 4 14 6 13 -9 9 -11 -12 -13 -14 -15 -16 17 -18 19 -20 20 23 -23 24 -25 -26 -27 -28 -29 -30 -31
leaf_value=-5.4452324490291184e-05 7.7558259737324739e-06 -0.00035169979629521864 0.0010097438470101686 0.00016112418816661492 -0.00021102619686325382 -0.00010210048426829951 0.00085946744715329252 -0.00096926138114940838 0.00083528150456417777 0.0011276803653956448 -0.00078314255642716912 -0.0004729749639809597 -6.7157863677608999e-05 -5.4368833653055705e-05 -0.0010947802113834768 -0.00011955663866661103 -0.0006281542785484261 -0.00020836957999907443 0.0013884209546085912 0.00086784863819439821 -0.0015618122645608354 -0.00033151805079858565 0.0013370340492110699 -0.0011317102168157526 0.0002887502762549106 0.00019405675566910456 9.6098170940612631e-05 -0.00038783734729627104 -0.00013086785917403176 0.0014160072242432251
leaf_weight=5136 57735 46 61 62 97 1047 60 40 66 50 76 60 79 65 50 97 226 74 60 65 41 103 47 66 62 72 43 41 60 41
leaf_count=5136 57735 46 61 62 97 1047 60 40 66 50 76 60 79 65 50 97 226 74 60 65 41 103 47 66 62 72 43 41 60 41
internal_value=2.70714e-14 4.60797e-06 0.00042445 3.86648e-06 -7.49234e-05 -5.11739e-05 -7.81563e-05 -0.000102092 -8.74866e-05 0.00030521 -0.000134721 0.000104608 0.000343608 0.000384273 -0.000511623 -0.000110612 -0.000195493 2.95352e-05 0.000456741 -7.97014e-05 -0.000265105 0.000132523 0.00035696 -0.000519103 0.000740763 -0.000313865 -0.000606427 -0.000974825 0.000369288 0.000660641
internal_weight=65828 60692 107 60585 2850 2703 2540 2415 2375 255 2120 205 145 125 147 2044 1273 771 157 614 431 168 183 263 109 197 125 82 163 103
internal_count=65828 60692 107 60585 2850 2703 2540 2415 2375 255 2120 205 145 125 147 2044 1273 771 157 614 431 168 183 263 109 197 125 82 163 103
is_linear=0
shrinkage=0.03


Tree=212
num_leaves=31
num_cat=0
split_feature=21 57 67 77 57 15 44 32 43 59 66 65 77 70 7 44 7 30 30 36 62 56 42 44 56 58 67 14 67 34
split_gain=0.0181891 0.0295 0.0417815 0.0568227 0.0407876 0.0620632 0.044846 0.0514964 0.0631191 0.0493305 0.0792658 0.0599414 0.0535522 0.0464099 0.0403909 0.0390905 0.0318425 0.028283 0.0292455 0.0279047 0.0447359 0.038905 0.0333951 0.0379049 0.0696144 0.0473916 0.0678387 0.0418033 0.0434036 0.0342426
threshold=0.17500000000000002 0.24447601288557055 -0.063394279316136101 704.80000000000007 0.20010823011398318 0.019903071544658372 0.33336120843887335 8.6703624725341815 0.28255799412727362 43.166666666666679 5.9697962701320657 33.250000000000007 455.9500000000001 17.500000000000004 0.86166666666666691 0.24362002313137057 0.90166666666666673 12.145833492279055 12.812500000000002 0.23494421690702441 32.70000000000001 0.1240125671029091 0.14804007858037951 0.19430094212293628 0.069252654910087599 33.500000000000007 -0.045443013933414871 -1.0000000180025095e-35 0.064881993777319805 4.6916182041168222
decision_type=2 10 10 2 10 10 10 10 8 10 10 10 2 8 10 10 10 10 10 10 10 10 10 10 8 10 10 8 10 10
left_child=17 4 -3 15 6 -6 7 13 -9 10 11 -8 14 -2 -13 -4 -12 -1 -19 21 -21 22 23 29 -25 26 -26 -27 -29 -15
right_child=1 2 3 -5 5 -7 9 8 -10 -11 16 12 -14 19 -16 -17 -18 18 -20 20 -22 -23 -24 24 25 27 -28 28 -30 -31
leaf_value=-5.9300795093536264e-06 0.00095106289198156448 -0.0010382665993977124 0.00089974818809143752 -0.00097737138429279582 0.0013572048814253406 -0.0002081466259132867 0.0015285247451023811 0.00010800198717042803 -0.0013994088068604467 0.0011213255194843441 1.2822311524892363e-05 0.00041418792995197388 0.00093075491252358469 2.4802257203984951e-05 -0.00061738638788833326 -0.00020762519307027105 -0.0011557026636288611 0.0010791239161996849 -2.1020277527832359e-05 -0.00020926307863555849 0.0011197298606731357 -0.00031584722812328379 -0.00017873273315970837 -0.00066373217327054591 0.00032428602338768542 -0.00025781336718258292 0.002019445286631318 0.0011294966245717977 -0.00011256415108800866 0.00038745584044569029
leaf_weight=59422 50 52 52 44 53 40 41 50 50 64 41 72 73 3977 65 64 43 44 43 40 53 287 545 48 43 72 42 69 40 249
leaf_count=59422 50 52 52 44 53 40 41 50 50 64 41 72 73 3977 65 64 43 44 43 40 53 287 545 48 43 72 42 69 40 249
internal_value=-4.94425e-14 4.83937e-05 -0.000299506 -5.9409e-05 6.04708e-05 0.000683935 5.08296e-05 2.89915e-05 -0.000645703 0.000358149 0.000212348 0.000479307 0.00027446 4.12254e-05 -7.52451e-05 0.000288784 -0.000585351 -5.13871e-06 0.000535374 3.29011e-05 0.00054812 2.39817e-05 4.31618e-05 6.97989e-05 0.000387809 0.000577561 0.00116189 0.00030315 0.000673695 4.61702e-05
internal_weight=65828 6319 212 160 6107 93 6014 5615 100 399 335 251 210 5515 137 116 84 59509 87 5465 93 5372 5085 4540 314 266 85 181 109 4226
internal_count=65828 6319 212 160 6107 93 6014 5615 100 399 335 251 210 5515 137 116 84 59509 87 5465 93 5372 5085 4540 314 266 85 181 109 4226
is_linear=0
shrinkage=0.03


Tree=213
num_leaves=31
num_cat=0
split_feature=47 35 7 11 66 42 12 10 78 33 30 21 52 71 30 55 51 77 55 43 67 51 62 27 44 57 77 6 36 17
split_gain=0.0178644 0.0448379 0.0251485 0.0231184 0.019395 0.0373155 0.0328574 0.0603692 0.0551064 0.0621957 0.0398801 0.0424457 0.0343738 0.0640829 0.0431348 0.0469367 0.0527506 0.0424343 0.0401504 0.0415855 0.0442089 0.095467 0.0620562 0.0526672 0.0598248 0.0491103 0.0794368 0.0520591 0.0843786 0.044624
threshold=-0.045554328709840768 0.099714759737253203 0.6641666666666669 0.42966550034692091 inf 0.09975918754935266 0.55383771423739836 0.63780609695152435 939.80000000000007 3.8062499761581425 9.9375000000000018 0.58500000000000019 0.22605364024639132 7.5000000000000009 6.6458332538604745 0.09845238178968431 0.025018762797117237 436.05000000000007 0.30509740114212042 -0.027961169369518753 -0.028892004992846883 0.8207916021347047 34.100000000000009 8.5000000000000018 0.27107392251491552 0.15881834179162982 1380.0500000000002 0.75500000000000012 0.17360312491655353 54.500000000000007
decision_type=8 10 10 8 8 10 10 10 2 8 10 2 8 8 10 10 10 2 8 10 10 10 10 10 10 10 2 10 10 2
left_child=1 -1 3 -3 -2 -6 7 10 9 -9 11 -7 13 -8 15 16 -15 -18 19 -14 21 29 -23 24 -24 26 -22 28 -27 -21
right_child=4 2 -4 -5 5 6 12 8 -10 -11 -12 -13 18 14 -16 -17 17 -19 -20 20 25 22 23 -25 -26 27 -28 -29 -30 -31
leaf_value=0.00030292336294358526 -8.1503823609061697e-06 -0.0008054876954265638 -0.0010691808937668898 0.00015791010905933731 -1.4520538829066838e-05 0.00012057782866931513 -0.00043044121090497355 -3.4941509011727959e-05 -0.00021064483499055943 0.0012581027882378095 -0.00080413142026106751 0.0010520304529539619 -0.00091019162305575963 -0.00013802753903960086 0.0013116138088093562 -0.00040050577738032374 0.00048875672931899313 0.0018117884484236129 0.00011331986127134669 -8.6168438818518109e-05 -0.00025897976055575873 -0.00096018859871286341 6.6081728000426658e-05 0.00047557963448686193 -0.001264181897452639 -0.00011726808541868927 0.00084494675319785105 7.3641823418007873e-05 0.0011422798019509923 0.00060927301483911162
leaf_weight=81 50098 40 57 51 8052 2044 75 46 52 123 41 45 51 49 55 53 48 40 2114 467 602 190 64 68 58 82 65 801 115 101
leaf_count=81 50098 40 57 51 8052 2044 75 46 52 123 41 45 51 49 55 53 48 40 2114 467 602 190 64 68 58 82 65 801 115 101
internal_value=3.69377e-14 -0.000264509 -0.000575064 -0.000265561 9.23377e-07 3.0249e-05 7.86428e-05 0.000171424 0.000643375 0.00090615 0.000122457 0.000140643 3.58554e-05 0.000336867 0.000571757 0.000357588 0.000650865 0.00109013 1.56956e-05 -6.17735e-05 -4.52142e-05 -0.000208749 -0.000576815 -0.000193442 -0.000566339 4.78973e-05 -0.000151401 0.000181095 0.000618001 3.74928e-05
internal_weight=65828 229 148 91 65599 15501 7449 2351 221 169 2130 2089 5098 320 245 190 137 88 4778 2664 2613 948 380 190 122 1665 667 998 197 568
internal_count=65828 229 148 91 65599 15501 7449 2351 221 169 2130 2089 5098 320 245 190 137 88 4778 2664 2613 948 380 190 122 1665 667 998 197 568
is_linear=0
shrinkage=0.03


Tree=214
num_leaves=31
num_cat=0
split_feature=23 71 20 14 11 34 45 26 60 14 12 48 62 67 51 15 44 41 44 7 45 34 9 38 29 57 17 67 67 67
split_gain=0.017814 0.0354565 0.0213791 0.0330068 0.0750006 0.0381436 0.0347382 0.0345681 0.0414923 0.0551298 0.0339336 0.0329195 0.0501405 0.0376997 0.0412776 0.0368907 0.0412312 0.036305 0.034289 0.0775335 0.060932 0.0745794 0.0624397 0.0378953 0.0409189 0.032745 0.0354133 0.0329167 0.0326038 0.054641
threshold=1.0000000180025095e-35 11.500000000000002 1.0000000180025095e-35 -0.15999999999999992 0.68400791292948171 3.6272847652435307 0.011727418750524523 44.500000000000007 46.70000000000001 0.020000000000000014 0.2840203426728532 0.83333334326744091 39.366666666666674 0.024343011583644828 0.8694153130054475 0.036809738955823297 0.16651411354541781 0.035298693925142295 0.4270350188016892 0.88166666666666682 0.33950227499008184 6.5482900142669687 0.91436686888326435 0.24565263092517856 8.4499998092651385 0.15434303134679797 19.500000000000004 -0.049916795071312407 -0.027904936009702615 -0.080503627938689717
decision_type=2 10 2 8 10 10 10 2 10 10 8 10 10 10 10 8 10 10 10 10 10 10 10 10 10 10 2 10 10 10
left_child=2 -2 -1 4 5 10 -7 11 28 -10 -4 17 13 15 -15 -13 -17 -5 20 -20 22 -22 23 24 -19 26 -8 -28 29 -9
right_child=1 -3 3 7 -6 6 25 8 9 -11 -12 12 -14 14 -16 16 -18 18 19 -21 21 -23 -24 -25 -26 -27 27 -29 -30 -31
leaf_value=-6.140380190189926e-06 -0.00033156284760788929 0.00046354436149158572 0.00016964355820360091 2.1411478545254556e-05 -0.0010619314437043731 0.0010049122484491729 -0.00027751087312501464 -0.00012518019642458812 0.0014386366080434527 1.8889377233790583e-05 -0.00028722988027080401 -0.00075746238950397007 -0.00068087794467245634 5.3297577326052953e-05 0.0012613783607521327 -0.00031786841430543909 0.00086795388167956841 0.00017089393899971076 0.0015955176736485767 -0.00020147669340076391 0.00039298302807804679 -0.0011906630616613256 0.0011099340740340546 0.0010452679318206555 -0.00079468217803878359 0.00079407158984395204 -0.00041960382220766892 0.0005619341706027981 -0.0001265670285993174 0.00030633337484560312
leaf_weight=55345 318 60 195 2017 69 41 201 541 40 64 586 69 117 70 40 71 42 3158 47 40 46 64 65 44 40 52 41 123 1706 516
leaf_count=55345 318 60 195 2017 69 41 201 541 40 64 586 69 117 70 40 71 42 3158 47 40 46 64 65 44 40 52 41 123 1706 516
internal_value=3.64372e-13 -0.000205355 1.18601e-06 4.13126e-05 -9.92981e-05 -4.5689e-05 0.000171676 6.22196e-05 -2.33078e-05 0.000564946 -0.000173158 0.00010357 -0.000156128 5.41317e-05 0.0004926 -0.000210876 0.00012288 0.000122808 0.000181175 0.000769313 0.000166201 -0.000528411 0.000189305 0.000170847 0.000158817 8.9751e-05 -1.05905e-05 0.00031655 -4.54498e-05 8.54735e-05
internal_weight=65828 378 65450 10105 1308 1239 458 8797 2867 104 781 5930 409 292 110 182 113 5521 3504 87 3417 110 3307 3242 3198 417 365 164 2763 1057
internal_count=65828 378 65450 10105 1308 1239 458 8797 2867 104 781 5930 409 292 110 182 113 5521 3504 87 3417 110 3307 3242 3198 417 365 164 2763 1057
is_linear=0
shrinkage=0.03


Tree=215
num_leaves=31
num_cat=0
split_feature=21 63 8 45 34 52 33 33 46 71 18 38 10 47 26 51 40 41 15 75 45 66 71 63 77 30 40 9 77 43
split_gain=0.0177685 0.0188944 0.0655703 0.0343427 0.0585253 0.0509116 0.0305785 0.0324147 0.0765685 0.0302068 0.0297745 0.0640198 0.0616666 0.0868489 0.039955 0.0391694 0.0583292 0.0327075 0.0320999 0.0660712 0.0622095 0.0568088 0.0494173 0.0339265 0.0317392 0.031955 0.0318764 0.0427924 0.0302777 0.0346884
threshold=1.4550000000000003 0.66312300329821838 0.95100000000000007 0.40989628434181219 8.9673876762390154 1.7596153616905215 13.045454502105715 12.035714149475099 0.37418070435523992 14.500000000000002 1.0000000180025095e-35 0.17612063139677051 0.46583125778331264 0.12532477825880053 43.500000000000007 0.72855773568153392 0.069843150675296797 0.19519089907407763 0.29595451807814116 13.500000000000002 -0.004196364199742674 0.24265135824680331 5.5000000000000009 0.47962745272296398 1089.8000000000002 1.2250000238418581 0.13395142555236819 0.52226165718501627 700.60000000000014 0.32040543854236608
decision_type=2 10 10 10 10 8 10 10 10 8 2 10 10 8 2 10 10 10 10 2 8 10 8 10 2 10 8 8 2 10
left_child=1 6 3 4 -3 -6 7 10 -9 -8 18 12 13 -12 24 16 -14 -13 -1 20 -20 23 -23 -22 25 -15 27 -27 29 -24
right_child=-2 2 -4 -5 5 -7 9 8 -10 -11 11 17 15 14 -16 -17 -18 -19 19 -21 21 22 28 -25 -26 26 -28 -29 -30 -31
leaf_value=-3.0636889783480891e-06 0.00057698880209500192 -8.6768374295657572e-05 0.00081102571725894348 -0.00090249100575844445 0.0014468639177461489 4.8472510651028542e-05 -0.0011648930646479129 -0.00048975181715584112 0.0010905680832346096 -2.5805311716711994e-05 0.00013023073049882108 -0.00089172976159161048 0.00046235437610525973 0.00034672717867500108 4.938875052762488e-05 0.00078235129466586997 -0.00039206175689126692 1.4719554325635197e-05 0.00089069496959980033 -0.00087998610015751588 -0.00041274122478041265 0.00042824032618708134 -0.00020742633932713304 0.00048430386060421826 0.00015411738956043887 0.001043312796465331 0.00060430675582028915 0.0022103043572303462 0.00017551925824955107 -0.0010609007962713282
leaf_weight=58526 48 3967 76 45 42 53 40 44 74 44 661 77 94 46 62 41 306 67 105 54 42 159 342 393 43 71 50 47 160 49
leaf_count=58526 48 3967 76 45 42 53 40 44 74 44 661 77 94 46 62 41 306 67 105 54 42 159 342 393 43 71 50 47 160 49
internal_value=5.16069e-14 -4.21032e-07 -6.21198e-05 -7.82773e-05 -6.91464e-05 0.000666709 3.76888e-06 4.54998e-06 0.000501296 -0.000568228 3.59524e-06 0.00013277 0.000193851 0.000326424 0.000732958 -0.000100756 -0.000191274 -0.000469979 2.16345e-07 0.00014743 0.000191815 0.000127725 -3.7677e-05 0.000397693 0.000897865 0.00104731 0.00123914 0.00150813 -0.000172125 -0.000314383
internal_weight=65828 65780 4183 4107 4062 95 61597 61513 118 84 61395 1565 1421 980 319 441 400 144 59830 1304 1250 1145 710 435 257 214 168 118 551 391
internal_count=65828 65780 4183 4107 4062 95 61597 61513 118 84 61395 1565 1421 980 319 441 400 144 59830 1304 1250 1145 710 435 257 214 168 118 551 391
is_linear=0
shrinkage=0.03


Tree=216
num_leaves=31
num_cat=0
split_feature=6 31 51 35 47 62 51 15 56 53 70 15 56 30 1 15 58 43 52 61 17 77 45 36 58 61 41 33 71 6
split_gain=0.0176559 0.0279118 0.0187204 0.0322101 0.0521034 0.0532393 0.0608893 0.0419029 0.0562334 0.047991 0.0442477 0.0477092 0.0443268 0.0442866 0.0385792 0.0375184 0.0362866 0.0438049 0.0355433 0.0353213 0.0337924 0.0307956 0.045105 0.0327918 0.0346717 0.0389079 0.0361785 0.0578645 0.0336388 0.0317322
threshold=1.0000000180025095e-35 1.3984422683715823 0.48691760003566747 0.12034482508897783 0.021180381067097191 40.733333333333341 0.14810010045766833 -0.063959175969919166 0.06067160144448281 0.14214119315147403 62.500000000000007 -0.0052712304185460251 0.057281225919723518 4.6666369438171396 1.5000000000000002 0.0045246172211440916 49.500000000000007 0.22508607804775241 0.11805555596947671 31.166666666666668 21.500000000000004 1785.8500000000001 0.14482507854700091 0.12393273040652276 27.500000000000004 40.833333333333336 0.095476515591144576 4.9666666984558114 4.5000000000000009 0.74500000000000011
decision_type=8 10 8 8 10 10 10 8 10 10 10 8 10 10 8 8 10 10 10 10 2 2 10 10 10 10 8 10 10 10
left_child=1 -1 3 21 16 7 -7 8 14 19 11 12 13 -9 18 -13 17 -5 -6 -10 -14 23 -23 -2 -25 26 -26 29 -29 -28
right_child=2 -3 -4 4 5 6 -8 10 9 -11 -12 15 20 -15 -16 -17 -18 -19 -20 -21 -22 22 -24 24 25 -27 27 28 -30 -31
leaf_value=-3.8400857615634086e-05 -4.2220600017485915e-06 -0.00032718436127555939 1.1359620104629518e-05 -0.00022695817830519329 0.0016670626407215858 0.000352647156413535 -0.00086917135560127918 -0.00047132660367819678 -0.00092041834257543091 0.00083997772618507344 -0.00042167518259828593 0.00096553362850302271 -0.00023586069160738763 0.00089356396006769504 -3.8552637976993404e-05 8.1781225781874813e-05 -0.0011710628286624948 -0.0012518221805803476 0.00057731404907714859 3.7528134295522853e-05 -0.001192277182338082 -0.00013432562937876875 -0.0011074266732865237 0.00087858811630319583 -0.00074485579763859276 0.00081435074975491845 0.00019349674421924635 5.8268562001599506e-05 -0.0011360852793710896 0.0010365713563886755
leaf_weight=2641 8429 340 50794 609 46 51 131 46 51 45 253 46 67 40 42 719 45 40 65 108 66 630 46 68 48 66 157 44 41 54
leaf_count=2641 8429 340 50794 609 46 51 131 46 51 45 253 46 67 40 42 719 45 40 65 108 66 630 46 68 48 66 157 44 41 54
internal_value=3.36397e-14 -7.13383e-05 3.38376e-06 -3.02283e-05 -0.000126827 -4.06952e-05 -0.000526794 1.48066e-05 0.000301125 -2.49475e-05 -6.78254e-05 2.31543e-05 -0.000367267 0.000163506 0.000735889 0.000134922 -0.000347245 -0.000290124 0.00102892 -0.000269738 -0.000710473 -5.33009e-06 -0.000200543 9.48563e-06 0.000251205 0.000147152 1.91427e-05 0.000143034 -0.000517832 0.00040926
internal_weight=65828 2981 62847 12053 2470 1776 182 1594 357 204 1237 984 219 86 153 765 694 649 111 159 133 9583 676 8907 478 410 344 296 85 211
internal_count=65828 2981 62847 12053 2470 1776 182 1594 357 204 1237 984 219 86 153 765 694 649 111 159 133 9583 676 8907 478 410 344 296 85 211
is_linear=0
shrinkage=0.03


Tree=217
num_leaves=31
num_cat=0
split_feature=34 26 7 14 66 47 43 62 21 51 34 34 32 37 54 52 71 52 58 42 51 37 7 51 45 45 71 7 71 65
split_gain=0.0172034 0.0350582 0.0334231 0.0284468 0.0282395 0.0255361 0.0392287 0.0244127 0.0334301 0.0279061 0.0539355 0.064918 0.0546755 0.0446885 0.0491234 0.0470397 0.0435696 0.0568222 0.050162 0.0365115 0.041783 0.0364538 0.0428301 0.0361811 0.0721206 0.0447993 0.0356771 0.0341355 0.0339295 0.0302564
threshold=1.2515822649002077 8.5000000000000018 0.65833333333333355 0.2350000000000001 0.64230767637491237 0.039161670953035362 0.0077071576379239568 36.100000000000009 1.1750000000000003 0.97391468286514293 7.003676414489747 6.5482900142669687 6.620680809020997 0.22692304104566577 0.33928571641445165 1.8619047403335574 13.500000000000002 1.2071428894996645 30.500000000000004 0.2683259397745133 1.3517259955406191 0.20689339935779574 0.85416666666666685 0.89755788445472728 0.22971595823764804 0.13125631958246234 7.5000000000000009 0.78166666666666684 7.5000000000000009 36.416666666666679
decision_type=8 2 10 10 10 10 10 8 2 10 10 10 10 8 8 8 8 8 10 8 10 10 8 10 10 8 10 10 10 10
left_child=1 3 -3 4 -1 6 -6 9 -9 23 11 13 -13 15 -15 21 17 28 -18 20 -20 22 27 -2 25 -25 -19 29 -12 -11
right_child=7 2 -4 -5 5 -7 -8 8 -10 10 16 12 -14 14 -16 -17 18 26 19 -21 -22 -23 -24 24 -26 -27 -28 -29 -30 -31
leaf_value=-1.5907126143018289e-07 2.9222030578888558e-05 -7.1223937430335755e-05 0.00055656950346303063 0.0003569552592288947 0.00011341011493876125 5.0983779008375882e-05 0.0011940823057350718 -1.7006416182988506e-05 0.00064913837576408267 0.00025510969831991719 -0.00014503607570709982 -0.00021436712705697161 -0.0015316146788937344 -0.00022697701046866823 0.00099722895613413754 -0.00090725919765228505 0.0013835240195674652 -0.00023364033698188987 0.0012479383806639815 -0.00039219779175861429 -1.2122830096632242e-05 -0.00092589880528976204 0.00066849900035387169 0.00036873748592772813 -0.00021521418135803699 0.0015551727275467581 0.00096773419245922319 -0.00078493068256220259 -0.0013318948385237556 -0.00034652983717859494
leaf_weight=4178 27666 8681 77 236 62 146 59 23286 68 153 46 53 61 59 59 85 44 44 45 54 50 48 63 61 88 54 45 68 41 148
leaf_count=4178 27666 8681 77 236 62 146 59 23286 68 153 46 53 61 59 59 85 44 44 45 54 50 48 63 61 88 54 45 68 41 148
internal_value=1.06428e-13 -3.02803e-05 -6.57044e-05 3.59972e-05 1.89564e-05 0.000318075 0.000640349 7.76759e-06 -1.50668e-05 2.61342e-05 -0.000117653 -0.000256487 -0.00091921 -0.000145871 0.000385126 -0.000256769 0.000182211 -0.000159156 0.00049351 0.000230687 0.000584748 -0.000141578 -5.44317e-05 3.21501e-05 0.000431199 0.000925846 0.000373796 -0.000177859 -0.00070436 -4.07131e-05
internal_weight=65828 13439 8758 4681 4445 267 121 52389 23354 29035 1166 797 114 683 118 565 369 176 193 149 95 480 432 27869 203 115 89 369 87 301
internal_count=65828 13439 8758 4681 4445 267 121 52389 23354 29035 1166 797 114 683 118 565 369 176 193 149 95 480 432 27869 203 115 89 369 87 301
is_linear=0
shrinkage=0.03


Tree=218
num_leaves=31
num_cat=0
split_feature=45 33 62 40 44 38 66 34 66 71 40 80 70 10 71 47 44 75 32 47 32 56 32 34 44 45 70 53 7 66
split_gain=0.0170147 0.046213 0.0211777 0.0268363 0.0189762 0.0369378 0.044979 0.0558488 0.0369964 0.0307207 0.029559 0.0292039 0.0401768 0.0314732 0.0270637 0.024631 0.0366744 0.0277878 0.0455022 0.0696714 0.0488257 0.0469649 0.0838766 0.053413 0.0567367 0.0578072 0.0463496 0.044865 0.0734549 0.0423315
threshold=-0.044821383431553834 4.3038463592529306 31.325000000000003 0.10586365684866907 -0.0088804396800696832 0.2042532563209534 1.17865227162838 2.941742062568665 1.5549936704337599 20.500000000000004 0.10294451192021371 1.5000000000000002 62.500000000000007 0.58896499238965005 6.5000000000000009 0.022750359028577808 0.072629712522029891 9.5000000000000018 10.000317096710207 0.44783963263034826 9.4014306068420428 0.25927953422069555 7.3184175491333017 7.1338307857513437 0.34939585626125341 0.23955703526735309 70.500000000000014 0.28174604475498205 0.66833333333333345 1.5830424912273886
decision_type=8 8 10 10 8 10 10 10 10 10 10 2 8 10 8 8 10 2 10 10 10 10 10 10 10 10 8 10 10 10
left_child=1 2 -1 -4 5 6 9 10 -9 11 -8 -2 -13 14 -14 16 -6 -17 19 20 21 23 -23 27 25 29 -22 -19 -29 -25
right_child=4 -3 3 -5 15 -7 7 8 -10 -11 -12 12 13 -15 -16 17 -18 18 -20 -21 26 22 -24 24 -26 -27 -28 28 -30 -31
leaf_value=0.00062170691523616287 1.6825941554297784e-06 -0.00078605242322997318 0.00029915256867313691 -0.00062156634910414657 -2.6168552387556345e-05 -0.00081939393238696665 0.00048821797066678604 0.0011475660648176188 0.00024239747535081249 0.00086293369097203553 -0.00052533906510435647 -0.00014053611097111142 -0.00032217341467039658 0.0011141998046682252 0.00044617308358406801 1.9190236220851874e-05 -0.00041305824904160982 -7.6691846556474431e-05 0.00042878190693018415 -0.0012091963030979968 -0.00014431715683730425 -9.1419779265598556e-05 -0.0014364708592183887 -0.00065489816364681561 -0.00034951093193905596 0.00084199741117465252 -0.0014785861638042012 0.0013786045641638338 -0.00025582447524505607 0.00037945832202301784
leaf_weight=44 3007 91 58 56 19761 42 45 101 68 41 61 161 50 52 236 36593 223 4084 169 48 53 137 60 51 99 178 42 50 49 118
leaf_count=44 3007 91 58 56 19761 42 45 101 68 41 61 161 50 52 236 36593 223 4084 169 48 53 137 60 51 99 178 42 50 49 118
internal_value=-8.0854e-14 -0.00024752 6.26471e-05 -0.00015313 9.39821e-07 6.5434e-05 7.51574e-05 0.000444768 0.000783356 4.65013e-05 -9.50554e-05 3.69537e-05 0.0002495 0.000435286 0.000311847 -3.09818e-06 -3.04858e-05 1.00171e-05 -5.53141e-05 -7.17786e-05 -6.06841e-05 -4.74259e-05 -0.00050108 -2.81193e-05 0.000283969 0.000464703 -0.000734205 -6.13949e-05 0.000569645 6.73152e-05
internal_weight=65828 249 158 114 65579 3864 3822 275 169 3547 106 3506 499 338 286 61715 19984 41731 5138 4969 4921 4826 197 4629 446 347 95 4183 99 169
internal_count=65828 249 158 114 65579 3864 3822 275 169 3547 106 3506 499 338 286 61715 19984 41731 5138 4969 4921 4826 197 4629 446 347 95 4183 99 169
is_linear=0
shrinkage=0.03


Tree=219
num_leaves=31
num_cat=0
split_feature=5 50 57 17 63 58 26 70 28 58 61 56 33 36 45 34 66 66 70 15 14 61 17 34 9 44 63 70 43 45
split_gain=0.016936 0.029338 0.0632541 0.0400166 0.0349137 0.0327988 0.0316786 0.0308724 0.0293784 0.0286838 0.0743423 0.0358444 0.0285731 0.0814122 0.0373766 0.0271608 0.0485225 0.0481972 0.0344627 0.02549 0.0362698 0.0253673 0.0233022 0.0237269 0.063614 0.0492048 0.0861183 0.0477237 0.0392353 0.0318086
threshold=1.0000000180025095e-35 1.1555556058883669 0.17147435992956164 56.500000000000007 0.60120338097545323 44.500000000000007 48.500000000000007 73.500000000000014 5.5833332538604745 42.500000000000007 34.166666666666679 0.040923723950982101 9.7596154212951678 0.2404025420546532 0.31541688740253454 4.4452991485595712 1.2159907296299937 4.5697754248976716 67.500000000000014 -0.11548603661279715 -0.044999999999999978 26.833333333333339 44.500000000000007 6.2176702022552499 0.90479267390963003 0.18140283226966861 0.52943549893525621 57.500000000000007 0.16380781680345538 0.073041934520006194
decision_type=2 10 10 2 10 10 2 8 10 10 10 10 8 10 10 10 10 8 8 8 10 10 2 10 8 8 8 10 10 10
left_child=-1 2 3 6 8 7 9 -3 -4 22 -11 15 13 14 21 16 -12 18 -17 -5 -21 -8 23 25 -25 28 -27 -28 29 -2
right_child=1 5 4 19 -6 -7 12 -9 -10 10 11 -13 -14 -15 -16 17 -18 -19 -20 20 -22 -23 -24 24 -26 26 27 -29 -30 -31
leaf_value=3.319296142241918e-06 -0.00024538691030532645 0.00045332114893199105 0.00037510448363609609 -0.00023875305306664187 -3.966339278800445e-05 -0.0012035565231515025 0.00048703334291420148 -0.00060290627017490226 0.0014141702884808182 0.0012397905110436327 -3.5569196476464402e-05 0.00083647451546064327 -0.00081625758379988075 0.00091326341731473798 -0.0010942728720529347 0.0013524090270220768 -0.0010734276246512308 -0.00043367925949799733 0.00013572107326994724 0.0011971549653111303 0.00021167923258301818 -0.00028293599852181742 0.0005909601938619744 -0.00096485588108838989 0.00026545411355102496 0.0011075376466704674 0.00029963425821430666 -0.00094576557539403439 -0.00091007472788078296 0.00024141447031151233
leaf_weight=62838 524 40 50 58 59 41 41 66 48 51 184 44 77 54 49 40 52 54 44 47 118 634 40 97 62 78 72 45 64 157
leaf_count=62838 524 40 50 58 59 41 41 66 48 51 184 44 77 54 49 40 52 54 44 47 118 634 40 97 62 78 72 45 64 157
internal_value=3.44182e-15 -6.97585e-05 -4.83901e-05 -8.26018e-05 0.000536912 -0.000483026 -0.000117444 -0.00020433 0.000884035 -3.89907e-05 0.000158466 2.65343e-05 -0.000264992 -0.000210432 -0.000294244 -6.87528e-05 -0.00026425 0.000265575 0.000715096 0.000302228 0.000492391 -0.000236167 -0.000120297 -0.000146184 -0.000485112 -8.88546e-05 0.000335396 -0.000179366 -0.0001999 -0.000133158
internal_weight=65828 2990 2843 2686 157 147 2463 106 98 1608 469 418 855 778 724 374 236 138 84 223 165 675 1139 1099 159 940 195 117 745 681
internal_count=65828 2990 2843 2686 157 147 2463 106 98 1608 469 418 855 778 724 374 236 138 84 223 165 675 1139 1099 159 940 195 117 745 681
is_linear=0
shrinkage=0.03


Tree=220
num_leaves=31
num_cat=0
split_feature=6 14 22 60 15 26 44 9 66 14 9 46 43 68 41 15 26 46 8 71 44 47 62 61 65 58 54 45 78 33
split_gain=0.0168379 0.0513557 0.0714632 0.0589512 0.0528618 0.0571536 0.0509309 0.0493567 0.0491032 0.0537622 0.0560518 0.0452285 0.0594653 0.0723357 0.0621109 0.0539748 0.0569009 0.0563824 0.0513005 0.0860805 0.0596993 0.0469026 0.045688 0.0451124 0.0443573 0.0440218 0.0439917 0.0432331 0.0556883 0.0415841
threshold=0.94500000000000006 0.070000000000000034 82.500000000000014 47.300000000000004 0.047842974803201731 96.500000000000014 0.25373518466949468 0.92846784630052637 7.5365358367562303 -0.044999999999999978 0.82692786067708035 0.21525287628173831 0.14223179966211322 1.0000000180025095e-35 0.18818093091249469 1.0000000180025095e-35 28.500000000000004 0.38893248140811926 0.94675000000000009 5.5000000000000009 0.33807893097400671 0.19017454981803897 36.300000000000004 32.166666666666679 31.750000000000004 45.500000000000007 0.41190476715564733 0.36197477579116827 113.95 10.031250000000002
decision_type=10 10 2 10 8 2 10 10 10 10 10 10 10 2 10 10 2 10 10 8 10 8 10 10 10 10 8 10 2 8
left_child=-1 2 3 8 -3 7 -4 24 9 23 -11 21 -13 14 22 16 -15 -17 19 -16 -20 -12 -14 -2 -6 -21 -8 -26 -29 -18
right_child=1 4 6 -5 5 -7 26 -9 -10 10 11 12 13 15 18 17 29 -19 20 25 -22 -23 -24 -25 27 -27 -28 28 -30 -31
leaf_value=-3.452132066858636e-06 -3.7982169975293799e-05 0.0006859953691050639 0.0013437632678226653 0.0011371194472667412 0.00087954905134392898 -0.00075956997749255866 -0.00041202949484189349 -0.00063297483397334754 -0.00060342045051663216 0.0007809512416884724 -2.9618877939418213e-05 0.0010750298287817521 0.0011094642469210417 -0.00026116832325767192 0.0009772801477765825 -0.00031780288156075967 0.00070632322550864043 0.0009539757553388232 -6.1594170450310543e-05 -0.00052470778548958106 -0.00101105449406108 -0.00067741621349457686 -4.9480317910719247e-06 0.0012352087310473641 -0.00012242271061929153 0.00057100914239916682 0.00076865776183458604 -0.00017090592173520813 0.0013384512350471181 0.0018041432406412572
leaf_weight=62588 40 73 71 48 50 122 45 122 92 93 351 57 56 42 64 124 128 42 108 154 133 141 81 67 688 42 77 44 44 41
leaf_count=62588 40 73 71 48 50 122 45 122 92 93 351 57 56 42 64 124 128 42 108 154 133 141 81 67 688 42 77 44 44 41
internal_value=-7.8484e-14 6.66858e-05 0.000154865 9.9107e-05 -9.5092e-05 -0.000148381 0.000704935 -6.97261e-05 7.22618e-05 0.000107502 6.54152e-05 2.28673e-05 0.000132161 7.92115e-05 -0.00011547 0.000408673 0.000727062 3.97244e-06 -0.000270258 2.20127e-05 -0.00058557 -0.000215268 0.000450578 0.00075925 1.34656e-05 -0.000289911 0.000333158 -4.23387e-05 0.000583773 0.000972658
internal_weight=65828 3240 2097 1904 1143 1070 193 948 1856 1764 1657 1564 1072 1015 638 377 211 166 501 260 241 492 137 107 826 196 122 776 88 169
internal_count=65828 3240 2097 1904 1143 1070 193 948 1856 1764 1657 1564 1072 1015 638 377 211 166 501 260 241 492 137 107 826 196 122 776 88 169
is_linear=0
shrinkage=0.03


Tree=221
num_leaves=31
num_cat=0
split_feature=62 9 43 15 15 34 36 47 43 46 33 14 45 9 67 47 35 51 43 66 35 47 44 70 35 71 15 44 29 31
split_gain=0.0170425 0.0644573 0.0406689 0.0758098 0.0289058 0.0479719 0.0502553 0.0364654 0.0359392 0.0331105 0.0246413 0.0210089 0.0212923 0.0398454 0.0571138 0.0207645 0.044494 0.0205844 0.020257 0.0530897 0.0654497 0.0976023 0.0632542 0.0667842 0.0621399 0.0518706 0.0851656 0.0476572 0.0717157 0.0837625
threshold=44.32500000000001 0.93357394172434394 0.38388594985008245 -0.023197763364738468 -0.094937338488077935 8.8563489913940447 0.25279064476490026 0.29358270764350897 0.19940912723541263 -0.010482815094292162 3.5916665792465214 0.34500000000000014 0.25941719114780432 0.83048640040840527 0.11088366839838652 -0.045554328709840768 0.099714759737253203 0.49190971255302435 0.40435186028480535 7.0899168401956567 0.35355392098426824 0.40971358120441442 0.24362002313137057 65.500000000000014 0.39339827001094824 16.500000000000004 0.027585333875853355 0.41572824120521551 11.09999990463257 8.962372303009035
decision_type=10 10 10 10 8 10 8 10 10 10 10 10 10 10 10 8 10 8 10 10 10 8 10 10 10 10 8 10 10 10
left_child=15 2 4 -4 8 6 7 9 -2 10 -6 12 13 -11 -15 16 -1 -18 27 22 21 -21 23 -20 -22 -24 -27 -17 29 -29
right_child=1 -3 3 -5 5 -7 -8 -9 -10 11 -12 -13 -14 14 -16 18 17 -19 19 20 24 -23 25 -25 -26 26 -28 28 -30 -31
leaf_value=0.00029169586955014474 -0.00026054005950389185 0.00099615381087998518 0.0013846699914429337 -0.00041029985496425069 0.0010164255847921594 0.00089743008456108237 -0.0010732610127393235 0.00065395765018381048 -0.0011608830651106392 -0.00012844158374915619 -3.015630483831756e-05 -0.00064329103698920721 -0.00066554619541784623 0.0013668712489306927 -0.00017544185366243756 5.3425825480202679e-06 -0.0011760004889219999 -0.0003762583239835554 -0.00026095778851365474 -0.00018194645325970518 0.00085612352876453842 -0.0016383508473058769 -1.9156589303629845e-05 -0.0016124468750786036 -0.00048619145405019156 -0.00026295528777154687 0.0014591331381650107 0.00017353106598573791 -0.0005588846142170951 0.0010863228232314171
leaf_weight=78 301 49 45 40 40 44 47 59 46 1369 41 70 60 40 47 59650 40 105 152 91 52 76 2556 42 77 48 56 303 75 129
leaf_count=78 301 49 45 40 40 44 47 59 46 1369 41 70 60 40 47 59650 40 105 152 91 52 76 2556 42 77 48 56 303 75 129
internal_value=-1.92924e-13 -8.02595e-05 -0.000103712 0.000539978 -0.000128995 -8.10803e-05 -0.000105364 -7.90072e-05 -0.000379894 -0.000104949 0.000486674 -0.000135164 -0.000111702 -8.88787e-05 0.000533668 2.90314e-06 -0.000286076 -0.000596877 3.92107e-06 -7.02391e-05 -0.000452669 -0.000844741 -3.05757e-05 -0.000553548 5.48968e-05 7.56592e-06 0.000664323 7.80432e-06 0.000297434 0.000446101
internal_weight=65828 2298 2249 85 2164 1817 1773 1726 347 1667 81 1586 1516 1456 87 63530 223 145 63307 3150 296 167 2854 194 129 2660 104 60157 507 432
internal_count=65828 2298 2249 85 2164 1817 1773 1726 347 1667 81 1586 1516 1456 87 63530 223 145 63307 3150 296 167 2854 194 129 2660 104 60157 507 432
is_linear=0
shrinkage=0.03


Tree=222
num_leaves=31
num_cat=0
split_feature=23 71 20 55 14 11 34 12 10 26 53 60 14 35 44 7 6 59 10 77 6 47 21 42 17 58 38 11 15 67
split_gain=0.0167298 0.0334361 0.0198636 0.0312223 0.0313869 0.079404 0.0360878 0.0325222 0.0320155 0.0311797 0.043235 0.0361472 0.055421 0.0354747 0.0565111 0.0640678 0.127974 0.0835849 0.0574857 0.0702447 0.0528352 0.0489987 0.0480677 0.047627 0.0472228 0.0436525 0.0399109 0.0397619 0.0395171 0.0342141
threshold=1.0000000180025095e-35 11.500000000000002 1.0000000180025095e-35 0.47714285552501684 -0.15999999999999992 0.68400791292948171 3.6272847652435307 0.2840203426728532 0.17512886597938146 44.500000000000007 0.4083333313465119 46.70000000000001 0.034999999999999983 0.10582306981086732 0.20198339968919757 0.81416666666666682 0.78500000000000014 33.166666666666679 0.73820649755229206 750.65000000000009 0.92500000000000016 0.19570281356573108 0.18500000000000003 0.1746960133314133 50.500000000000007 41.500000000000007 0.24277552962303164 0.71724623644536389 0.020944854033089325 -0.010941777346921032
decision_type=2 10 2 10 8 10 10 8 8 2 10 10 10 8 10 8 10 10 10 2 10 10 2 8 2 10 10 10 10 10
left_child=2 -2 -1 4 5 6 7 -4 -8 -6 11 13 -13 21 23 16 24 20 19 25 -17 -11 -20 27 -16 -19 -18 29 -24 -15
right_child=1 -3 3 -5 9 -7 8 -9 -10 10 -12 12 -14 14 15 17 26 18 22 -21 -22 -23 28 -25 -26 -27 -28 -29 -30 -31
leaf_value=-5.9125873090057339e-06 -0.00032156669080475971 0.0004505547057488002 0.00017318849741378031 -0.00079666507706861007 0.00010291923655270973 -0.0010922296730774071 0.00076782205696002603 -0.00027504208837919391 6.6496950334424376e-05 1.9449498123574929e-05 0.00062922716895506402 0.0012710023184178119 -0.00014404697974656163 -4.244587556584503e-05 -0.00052631286613870451 0.0014616546256584115 0.00064703366916445593 -0.00069342857048368303 -0.00069176830773358237 0.00029002769562871532 -7.0855899191484209e-05 0.00091388667014363247 -0.00021547075547748726 -0.00092466878572227676 0.00062507380877599807 -0.001764025841426337 0.0017022383658458356 0.0006606370070076082 0.00071053922077461945 -0.00054606585620743566
leaf_weight=55345 318 60 194 40 5908 68 69 585 388 1111 90 47 53 218 126 40 108 109 72 47 41 58 85 114 43 50 46 40 81 274
leaf_count=55345 318 60 194 40 5908 68 69 585 388 1111 90 47 53 218 126 40 108 109 72 47 41 58 85 114 43 50 46 40 81 274
internal_value=1.18874e-13 -0.000199008 1.14935e-06 3.98275e-05 4.31519e-05 -9.41657e-05 -3.92561e-05 -0.000163416 0.000172386 6.35904e-05 -1.78517e-05 -3.89292e-05 0.000521026 -5.99565e-05 -0.000156813 4.22652e-06 0.000336673 -0.000200307 -0.000361987 -0.000728901 0.000685939 6.3827e-05 -4.44061e-05 -0.000368207 -0.000233356 -0.00103009 0.000962225 -0.000248966 0.000236377 -0.000322917
internal_weight=65828 378 65450 10105 10065 1304 1236 779 457 8761 2853 2763 100 2663 1494 848 323 525 444 206 81 1169 238 646 169 159 154 532 166 492
internal_count=65828 378 65450 10105 10065 1304 1236 779 457 8761 2853 2763 100 2663 1494 848 323 525 444 206 81 1169 238 646 169 159 154 532 166 492
is_linear=0
shrinkage=0.03


Tree=223
num_leaves=31
num_cat=0
split_feature=62 34 35 27 67 39 37 41 78 6 34 59 8 36 62 10 36 65 6 58 58 32 63 41 38 37 41 39 47 37
split_gain=0.0165611 0.0575361 0.0286668 0.0403331 0.0478402 0.0399838 0.075381 0.0584965 0.0471887 0.0376341 0.0632474 0.0624973 0.0649091 0.0787166 0.0672473 0.051953 0.0478478 0.046459 0.0523035 0.0522406 0.0425373 0.0424057 0.0413122 0.0380449 0.0356558 0.0336447 0.0391071 0.0327994 0.0312314 0.0578622
threshold=28.300000000000001 9.2784748077392596 0.13182721287012103 8.5000000000000018 -0.104125687283021 0.17433517426252368 0.18181879073381427 0.14015210419893268 313.45000000000005 0.6150000000000001 4.7609658241271982 27.833333333333339 0.93100000000000005 0.23494421690702441 26.733333333333338 0.662066996574039 0.21212260425090793 31.250000000000004 0.83500000000000008 26.500000000000004 22.500000000000004 5.4887032508850107 0.42099290917821625 0.16465939581394198 0.15283884108066562 0.1392859369516373 0.12791169434785846 0.1912602782249451 0.0847664810717106 0.11426464840769769
decision_type=8 8 8 10 10 10 10 10 2 8 10 10 8 10 10 8 8 10 10 10 10 10 10 8 10 8 10 10 8 10
left_child=1 2 5 9 -5 6 7 28 24 10 20 15 13 16 -15 -11 27 19 -19 -17 -4 23 -12 -14 -9 26 -22 -13 29 -1
right_child=-2 -3 3 4 -6 -7 -8 8 -10 11 22 12 21 14 -16 17 -18 18 -20 -21 25 -23 -24 -25 -26 -27 -28 -29 -30 -31
leaf_value=4.8946160158487779e-05 -4.1872342121625714e-06 0.0010984933239586174 0.00079893024865447017 -0.00016074019477271766 0.00094581782843011449 0.001037581182201393 -0.0010280993156872378 0.00043265470354704227 -5.6197365415662672e-05 -0.0010478762546864227 0.001442580935342804 -5.5050808509844723e-05 -0.00057781842791221349 0.001867128083249554 0.00025050309270789676 -0.00045736218243837355 -0.00080576591315816666 -0.00013248414031785124 -0.0012998508866651044 0.00081088883667498044 -0.000327707727939062 -0.0011799885950789883 0.00023869790797169995 0.00056265992985572667 0.0016157890969099333 -0.00078407382082245117 0.00065235663483488473 0.00070073105688484851 0.00023363246647349295 -0.00067998034305400345
leaf_weight=2023 61097 47 41 67 74 40 54 41 49 115 46 226 77 40 55 60 61 78 62 57 114 58 58 40 52 73 54 67 799 103
leaf_count=2023 61097 47 41 67 74 40 54 41 49 115 46 226 77 40 55 60 61 78 62 57 114 58 58 40 52 73 54 67 799 103
internal_value=-2.01142e-13 5.40747e-05 4.35948e-05 -6.33265e-05 0.000420007 9.51106e-05 8.30315e-05 0.000102595 0.000697227 -0.000112639 0.000138836 -0.000210098 -2.66128e-05 0.000164407 0.000931187 -0.00051788 -4.13679e-05 -0.000280722 -0.000649461 0.000160504 -9.43712e-05 -0.000516714 0.000771185 -0.000187911 0.00109419 -0.000246344 -1.2687e-05 0.000117773 7.37273e-05 1.36313e-05
internal_weight=65828 4731 4684 1523 141 3161 3121 3067 142 1382 386 996 624 449 95 372 354 257 140 117 282 175 104 117 93 241 168 293 2925 2126
internal_count=65828 4731 4684 1523 141 3161 3121 3067 142 1382 386 996 624 449 95 372 354 257 140 117 282 175 104 117 93 241 168 293 2925 2126
is_linear=0
shrinkage=0.03


Tree=224
num_leaves=31
num_cat=0
split_feature=17 1 34 6 65 59 63 61 34 27 67 14 11 21 57 43 70 10 34 51 47 12 38 10 70 29 66 43 21 7
split_gain=0.0165789 0.0453635 0.0369975 0.0358916 0.0294018 0.0413332 0.0270842 0.037801 0.0362761 0.0216447 0.0296678 0.0208712 0.0201561 0.0199011 0.0355415 0.0553152 0.0306094 0.0384651 0.0350356 0.0278632 0.0263267 0.0459673 0.038541 0.0281566 0.025459 0.0317879 0.0251527 0.0248413 0.0247957 0.0225894
threshold=1.0000000180025095e-35 1.5000000000000002 7.7469809055328378 0.57500000000000007 33.583333333333343 33.166666666666679 0.55703921272220136 35.583333333333336 3.4131884574890141 1.9853896498680117 -0.11468116303589572 -0.10000000000000005 0.72057830798426836 0.75500000000000012 0.23014346510171893 0.42900477349758154 71.500000000000014 0.15604707792207795 2.2335498332977299 0.043896617367863662 0.029899486340582374 0.41648617001037108 0.083419192582368865 0.38364128703408734 63.500000000000007 5.9000000953674325 3.323871642351151 0.18872894346714023 0.93500000000000016 0.31166666666666681
decision_type=2 8 10 10 8 10 10 10 10 10 10 8 8 2 10 10 10 8 10 8 10 8 10 10 8 10 8 10 2 10
left_child=1 2 4 -3 5 -1 9 -8 -9 10 -6 -5 -10 -2 15 16 17 18 -15 -19 23 22 -22 29 25 27 -26 -23 -18 -21
right_child=13 3 -4 11 6 -7 7 8 12 -11 -12 -13 -14 14 -16 -17 28 19 -20 20 21 24 -24 -25 26 -27 -28 -29 -30 -31
leaf_value=4.2140874353682867e-05 1.2208969276178856e-06 -9.4023666271574063e-05 0.00096750816461755435 1.1715568482962458e-05 0.0005739079667546321 0.0011748923687380738 0.00087447415105998513 -0.0003541462342940836 -8.4641489749109111e-06 -0.00036996908373326093 -0.00040139921014197173 -0.00075944452165496853 0.00089590527565575181 0.00019882030613168123 -0.00062261424500724785 0.00098781978377424496 0.00026676371147459576 -0.00077691685004780688 0.001187626733789816 -0.00025732285900760738 0.00024531259316427163 0.00014632846147680047 0.0013645009941828901 0.00036610350459523029 -0.00065036527110388519 -0.00045596163911635387 7.849394397405712e-05 0.001038797401862855 0.0011557880996770108 -0.0010964200284797698
leaf_weight=69 61290 2509 46 43 64 50 62 105 42 204 50 119 47 129 54 69 96 45 43 84 90 89 40 40 97 51 76 41 40 44
leaf_count=69 61290 2509 46 43 64 50 62 105 42 204 50 119 47 129 54 69 96 45 43 84 90 89 40 40 97 51 76 41 40 44
internal_value=-2.62386e-13 -6.44127e-05 0.000143611 -0.000121968 8.89219e-05 0.000518087 -5.13018e-08 0.000229625 2.35397e-05 -0.000184948 0.000146142 -0.000554754 0.000469124 3.51897e-06 0.000128385 0.000166145 0.000109731 4.42338e-05 0.000446022 -5.49161e-05 -5.08481e-06 0.000107228 0.000589678 -0.000328652 -6.99435e-05 0.000178784 -0.000330173 0.000427799 0.000528241 -0.000545763
internal_weight=65828 3410 739 2671 693 119 574 256 194 318 114 162 89 62418 1128 1074 1005 869 172 697 652 484 130 168 354 181 173 130 136 128
internal_count=65828 3410 739 2671 693 119 574 256 194 318 114 162 89 62418 1128 1074 1005 869 172 697 652 484 130 168 354 181 173 130 136 128
is_linear=0
shrinkage=0.03


Tree=225
num_leaves=31
num_cat=0
split_feature=75 28 44 31 65 47 45 38 9 10 58 47 70 59 17 12 12 6 36 6 29 7 39 33 8 65 36 26 14 26
split_gain=0.0162638 0.0454919 0.0619642 0.0362487 0.0360043 0.033576 0.031116 0.0683111 0.145011 0.0540047 0.0458481 0.057711 0.0430182 0.0266011 0.0251478 0.0295755 0.0435891 0.0468651 0.0468311 0.0282733 0.0256512 0.0248477 0.0415315 0.0634091 0.0366925 0.0555738 0.0441983 0.0397722 0.0355006 0.0305424
threshold=11.500000000000002 11.166666507720949 0.3603376597166062 6.2535047531127939 38.083333333333343 0.3383271992206574 0.31541688740253454 0.23142076283693316 0.83778083784461777 0.56067686207873135 41.500000000000007 0.19299656152725223 47.500000000000007 25.833333333333339 10.500000000000002 0.59959867304262138 0.68027783410573428 0.8650000000000001 0.15656692534685138 0.80500000000000016 4.0999999046325692 0.81416666666666682 0.18472261726856234 6.577381134033204 0.46450000000000008 41.250000000000007 0.14360304921865466 57.500000000000007 -0.040000000000000008 41.500000000000007
decision_type=2 10 8 10 10 10 10 10 8 10 10 10 10 10 2 10 10 10 10 10 10 10 10 8 10 10 10 2 10 2
left_child=-1 2 5 -4 -5 6 7 9 -9 13 14 12 -12 -2 19 20 18 -18 -17 -11 -16 22 24 -24 26 29 -15 28 -27 -26
right_child=1 -3 3 4 -6 -7 -8 8 -10 10 11 -13 -14 21 15 16 17 -19 -20 -21 -22 -23 23 -25 25 27 -28 -29 -30 -31
leaf_value=3.846564643917071e-06 0.00054227688252898301 0.0008803235467665059 -0.0013356714138796594 3.1216755559869912e-05 -0.00095851549573919986 0.00056923677746937434 -0.00072773436155002262 -0.00041236672380759009 0.0017965490470588622 0.00022984830464702099 0.00015238337617684637 0.00083705444211430355 -0.00091362728018014295 -7.6384817283690071e-05 -0.00068837894392587866 -0.00057942315299865294 -0.0014984547114990493 -0.00025087395162699978 0.00082070971205613983 -0.00064450512027465978 -0.0016014317989465781 -0.00051142993412213401 0.0013738322923018131 -0.00016819279015180654 0.00022340748270203005 0.00051157156362751266 -0.00093159732935808794 -9.8502292936711116e-05 0.0016334700237017716 -0.0002028844563793643
leaf_weight=61721 76 46 46 83 55 79 61 53 54 80 87 61 56 1889 90 43 47 64 43 57 40 92 48 48 315 60 56 43 44 291
leaf_count=61721 76 46 46 83 55 79 61 53 54 80 87 61 56 1889 90 43 47 64 43 57 40 92 48 48 315 60 56 43 44 291
internal_value=9.49294e-14 -5.78071e-05 -6.84336e-05 -0.000606349 -0.000363242 -4.29044e-05 -5.56372e-05 -4.46664e-05 0.000702413 -6.66878e-05 -0.00031035 6.44831e-05 -0.000265075 -1.17363e-05 -0.000475147 -0.000618102 -0.000386335 -0.000779129 0.000120643 -0.000133934 -0.000969318 -2.63257e-05 -1.03523e-05 0.00060282 -3.21701e-05 0.000145638 -0.000101008 0.000668921 0.000986221 1.87029e-05
internal_weight=65828 4107 4061 184 138 3877 3798 3737 107 3630 668 204 143 2962 464 327 197 111 86 137 130 2886 2794 96 2698 753 1945 147 104 606
internal_count=65828 4107 4061 184 138 3877 3798 3737 107 3630 668 204 143 2962 464 327 197 111 86 137 130 2886 2794 96 2698 753 1945 147 104 606
is_linear=0
shrinkage=0.03


Tree=226
num_leaves=31
num_cat=0
split_feature=51 66 54 52 70 36 66 38 41 61 8 28 6 28 47 43 58 56 62 56 51 33 57 38 45 34 45 45 33 49
split_gain=0.0162652 0.0223142 0.0306596 0.0311721 0.0271031 0.04999 0.0394131 0.0403603 0.0376788 0.0376297 0.0337774 0.0313123 0.0413261 0.0371591 0.0340747 0.0321205 0.0371729 0.0277376 0.0262724 0.0436709 0.0393197 0.0360657 0.0694321 0.0541974 0.043295 0.0433477 0.0347571 0.0456442 0.0311995 0.0597404
threshold=0.034750290215015418 inf 0.19669913500547412 0.19375000149011615 57.500000000000007 0.23251792788505557 4.7546785622835168 0.23424874246120456 0.10077021643519403 37.583333333333336 0.41633333333333339 7.8333332538604745 0.67500000000000016 6.1666667461395273 0.053207876160740859 0.10862021520733835 36.500000000000007 0.28243665397167211 42.733333333333341 0.11312189698219301 0.12481169030070306 9.2071428298950213 0.20837301015853885 0.18264038115739825 0.26984032988548284 6.1164729595184335 0.30284862220287329 0.42060178518295294 11.720779418945314 2.1666666269302373
decision_type=8 8 10 10 8 10 10 10 10 10 10 10 10 10 10 10 10 10 10 8 10 8 10 10 10 10 8 8 10 8
left_child=-1 2 -2 -4 5 8 7 11 10 -8 -5 12 14 15 -6 -14 -17 -10 28 20 -20 22 24 -24 25 -21 -23 -28 -3 -30
right_child=1 18 3 4 6 -7 9 -9 17 -11 -12 -13 13 -15 -16 16 -18 -19 19 21 -22 26 23 -25 -26 -27 27 -29 29 -31
leaf_value=-5.2041302276924471e-05 -1.4342286323250189e-06 5.4369653597914751e-05 -0.00070116734618907149 -0.00012052168238727625 3.8570386862596245e-06 0.00084772157285690564 -0.0011694584181279185 0.00077808380330679939 -0.00053454575383195485 -8.8645283924415706e-05 0.0010294121789435546 -0.00094499724284590532 0.00054662819007977035 0.00083828240073625373 -0.00060760092105066057 0.00027932846030144363 -0.00083027480777971387 0.00019518062931446123 0.00035601967149497275 -5.0737567347465807e-05 -0.00050926318530076218 -0.00086799692558336321 -5.1231805451347361e-05 0.0012947774974163622 -0.00089278024861730787 0.0010147264330589677 0.00055405344208702442 -0.00070201262743743741 0.0002683774049205013 -0.0013612037203274668
leaf_weight=4995 46311 12246 87 47 148 66 69 42 138 50 45 45 56 59 184 49 61 71 56 244 303 66 42 75 46 40 60 46 41 40
leaf_count=4995 46311 12246 87 47 148 66 69 42 138 50 45 45 56 59 184 49 61 71 56 244 303 66 42 75 46 40 60 46 41 40
internal_value=-9.79292e-14 4.27311e-06 -5.34024e-06 -0.000153977 -0.000111848 9.99977e-05 -0.000213745 -0.00012106 -6.3955e-05 -0.000715335 0.000441946 -0.000183791 -0.000122294 0.000191601 -0.000335023 -3.82439e-05 -0.000335997 -0.000286648 3.86138e-05 -0.000111052 -0.000374289 4.16165e-05 0.000183664 0.000811595 -3.89661e-05 9.93278e-05 -0.000327542 8.96817e-06 5.0488e-05 -0.000536354
internal_weight=65828 60833 47528 1217 1130 367 763 644 301 119 92 602 557 225 332 166 110 209 13305 978 359 619 447 117 330 284 172 106 12327 81
internal_count=65828 60833 47528 1217 1130 367 763 644 301 119 92 602 557 225 332 166 110 209 13305 978 359 619 447 117 330 284 172 106 12327 81
is_linear=0
shrinkage=0.03


Tree=227
num_leaves=31
num_cat=0
split_feature=5 50 57 17 63 58 42 60 66 22 41 70 28 71 66 46 31 67 42 51 67 30 39 22 17 26 47 43 15 14
split_gain=0.0159699 0.0274709 0.0591896 0.0376549 0.0326341 0.0308145 0.0295154 0.0509145 0.0443059 0.0708021 0.0353363 0.0285081 0.0273387 0.0268863 0.0241037 0.0544875 0.0566421 0.0533975 0.0513984 0.0470459 0.0427825 0.0503492 0.044488 0.0360976 0.0332866 0.0479356 0.0411911 0.0316342 0.0239438 0.0340316
threshold=1.0000000180025095e-35 1.1555556058883669 0.17147435992956164 56.500000000000007 0.60120338097545323 44.500000000000007 0.22131530940532687 41.45000000000001 2.9595981985330586 19.500000000000004 0.25315964221954351 73.500000000000014 5.5833332538604745 9.5000000000000018 3.9863904118537907 0.16243175417184832 4.986553668975831 0.059355328180588647 0.16012763231992724 0.63718754053115856 0.048207733673108551 7.0625000000000009 0.18126946687698367 25.500000000000004 11.500000000000002 55.500000000000007 0.21250804513692859 0.25367261469364172 -0.11548603661279715 -0.044999999999999978
decision_type=2 10 10 2 10 10 10 8 10 2 10 8 10 8 10 8 10 10 10 10 8 10 10 2 2 2 10 8 8 10
left_child=-1 2 3 6 12 11 10 8 -8 -10 14 -3 -4 -11 15 16 19 -18 -16 -2 21 24 23 -22 27 26 -26 -17 -5 -30
right_child=1 5 4 28 -6 -7 7 -9 9 13 -12 -13 -14 -15 18 20 17 -19 -20 -21 22 -23 -24 -25 25 -27 -28 -29 29 -31
leaf_value=3.2232336866489157e-06 -6.8860260453720631e-05 0.00043446107288764327 0.00036377667258493605 -0.0002311718130106877 -3.8311750745456036e-05 -0.001166034943123189 -0.0013333891487682349 0.00046135142707815087 -0.0012572139568510466 -0.00033661119407042857 0.00079235509265123338 -0.00058051656054555094 0.0013661223539384081 0.00075016144977416838 0.0003569485137334347 -0.00060285249037579408 -0.0011790025692001412 -6.973987880527324e-05 -0.00089191718130937907 -0.0011130906793987377 -0.00034027585853642274 0.0012575869534451228 -0.00077202674789789486 0.00067541081695253523 0.00021819532364885242 -0.00017916280315117107 0.0014114182638004422 0.00040221780480351296 0.0011601217252826517 0.00020553680618246226
leaf_weight=62838 1328 40 50 58 59 41 59 46 48 42 41 66 48 40 44 63 90 69 91 40 62 52 69 64 46 58 60 51 47 118
leaf_count=62838 1328 40 50 58 59 41 59 46 48 42 41 66 48 40 44 63 90 69 91 40 62 52 69 64 46 58 60 51 47 118
internal_value=1.53644e-13 -6.77396e-05 -4.70624e-05 -8.01567e-05 0.000519123 -0.00046764 -0.000113955 -0.000433725 -0.000651574 -0.000342134 -8.02274e-05 -0.000197506 0.000854721 0.000193522 -9.65858e-05 -7.10402e-05 -0.000161685 -0.000697624 -0.000484879 -9.93933e-05 0.000192606 0.000400784 -0.000159696 0.000175628 0.000240518 0.000514211 0.000893605 -0.000153216 0.000293144 0.000477449
internal_weight=65828 2990 2843 2686 157 147 2463 235 189 130 2228 106 98 82 2187 2052 1527 159 135 1368 525 330 195 126 278 164 106 114 223 165
internal_count=65828 2990 2843 2686 157 147 2463 235 189 130 2228 106 98 82 2187 2052 1527 159 135 1368 525 330 195 126 278 164 106 114 223 165
is_linear=0
shrinkage=0.03


Tree=228
num_leaves=31
num_cat=0
split_feature=18 10 38 47 66 77 63 53 40 51 33 36 22 14 76 41 47 12 30 21 30 37 6 33 66 11 7 17 10 47
split_gain=0.0159513 0.0731147 0.0555895 0.0898705 0.0497253 0.0445582 0.0415003 0.0363504 0.0344367 0.0412804 0.0325638 0.0390747 0.0446725 0.0306374 0.0296203 0.0293191 0.0260264 0.0247492 0.0225032 0.0215493 0.0207566 0.0197088 0.0185404 0.0632662 0.0545653 0.0470587 0.0534114 0.0521479 0.0626812 0.060641
threshold=1.0000000180025095e-35 0.47237484737484742 0.17612063139677051 0.12532477825880053 4.4984253048896798 1163.3500000000001 0.64964002074947735 0.059828110039234168 0.065203547477722182 0.75939863920211803 3.1291667222976689 0.052936831489205367 8.5000000000000018 -0.089999999999999969 9.5000000000000018 0.13849524408578875 0.17927986383438113 0.5333160631564019 5.7321429252624521 1.4550000000000003 2.0961062908172612 0.12614002823829654 0.69500000000000006 2.2928571701049809 1.2746051847934725 0.47643480912591457 0.59833333333333349 21.500000000000004 0.16489180922170615 0.24271153658628467
decision_type=2 10 8 8 8 2 10 10 10 10 10 10 2 8 2 10 8 8 10 2 10 10 10 8 10 10 10 2 10 8
left_child=19 2 3 7 5 13 8 10 -3 14 11 -2 -13 -5 15 -10 -15 -12 -17 22 -14 -18 25 24 -24 -1 -27 29 -29 -28
right_child=1 6 -4 4 -6 -7 -8 -9 9 -11 17 12 20 16 -16 18 21 -19 -20 -21 -22 -23 23 -25 -26 26 27 28 -30 -31
leaf_value=-4.1043926617807089e-07 -4.5763288835587442e-05 0.0004871619230795438 -0.00053533716245902159 6.2268277352604148e-05 0.0015898625997942872 -0.00033175157547124068 -0.0010165475044981577 0.00097546974738361319 -0.00038980791677653516 0.00059436077015125196 -0.0010118265179406124 0.0011021601386121747 -0.00036040191789177929 0.0014714395743794738 -0.001084402783592118 0.00077350377326365562 0.00090564476140383532 -7.8638821621151541e-05 -0.0002327977081295103 0.00065389374216708041 0.00044700672725938554 0.00012110825369656996 0.00018436570844156721 1.0742611478157373e-05 0.00090414999336978295 -0.00021530127801668299 -5.664713012685571e-05 0.0010148427303409066 4.0883354527062392e-05 -0.00044772139105329445
leaf_weight=40043 360 74 79 52 48 44 50 40 249 50 41 68 46 50 41 40 97 68 40 45 76 41 727 16596 109 2020 1754 61 2371 448
leaf_count=40043 360 74 79 52 48 44 50 40 249 50 41 68 46 50 41 40 97 68 40 45 76 41 727 16596 109 2020 1754 61 2371 448
internal_value=1.59243e-13 9.19869e-05 0.000231622 0.00029039 0.000696805 0.000545866 -0.00019293 9.73571e-05 -0.000109568 -0.000214706 4.40574e-05 0.000137938 0.000486005 0.000706762 -0.000324039 -0.000229282 0.000885026 -0.000429654 0.000270353 -2.37084e-06 0.000142574 0.000672558 -2.83135e-06 2.35699e-05 0.000278213 -1.26869e-05 -8.65655e-05 -3.04485e-05 6.53124e-05 -0.000136212
internal_weight=65828 1654 1110 1031 332 284 544 699 494 420 659 550 190 240 370 329 188 109 80 64174 122 138 64129 17432 836 46697 6654 4634 2432 2202
internal_count=65828 1654 1110 1031 332 284 544 699 494 420 659 550 190 240 370 329 188 109 80 64174 122 138 64129 17432 836 46697 6654 4634 2432 2202
is_linear=0
shrinkage=0.03


Tree=229
num_leaves=31
num_cat=0
split_feature=6 29 8 75 28 44 31 10 56 34 62 71 44 47 47 10 37 34 46 35 38 65 77 39 37 66 11 70 66 8
split_gain=0.0159018 0.0266512 0.0211823 0.0170853 0.0427984 0.0583566 0.0351092 0.0349656 0.0334193 0.0433879 0.0437261 0.0409531 0.0341283 0.049332 0.0341073 0.0321317 0.0596661 0.0437578 0.029461 0.0261672 0.0359125 0.0465254 0.0370454 0.0350772 0.0329319 0.0291683 0.0241303 0.0228845 0.0377375 0.0266271
threshold=1.0000000180025095e-35 2.4500000476837163 0.24800000000000005 11.500000000000002 11.166666507720949 0.3603376597166062 6.2535047531127939 0.64923672818409672 0.29073403775691992 7.2678608894348153 39.550000000000004 5.5000000000000009 0.33336120843887335 0.28634639084339147 0.26875261962413793 0.55705244122965658 0.18336537480354312 6.6006133556365976 0.18477766215801242 0.17108014225959781 0.12926033139228824 36.291666666666679 313.45000000000005 0.15045134723186496 0.1610248610377312 0.87836295366287243 0.73668867153927786 48.500000000000007 0.92866633273661148 0.62900000000000023
decision_type=8 10 10 2 10 8 10 10 10 10 10 10 10 10 10 10 10 10 10 10 10 10 2 10 10 10 8 10 10 10
left_child=1 -1 -3 -2 5 8 -7 -8 9 12 11 -11 13 14 15 17 27 19 -18 23 25 -22 -23 24 -5 -21 -15 28 -17 -29
right_child=3 2 -4 4 -6 6 7 -9 -10 10 -12 -13 -14 26 -16 16 18 -19 -20 20 21 22 -24 -25 -26 -27 -28 29 -30 -31
leaf_value=-4.591908639093834e-05 7.2500480346653499e-06 -5.9230111215288769e-05 -0.00074102249051540394 -2.332515006495538e-05 0.00085233055466391223 -0.0013187705465049172 0.0001906633284233976 -0.00077262892907198799 -0.00067340284422342026 0.00015691304639976931 -0.00030649907882967641 0.001151836019286604 0.00077518046748909083 -0.0012436626703761842 0.0007466273053432814 -0.00047328616133689551 0.0010251211532740854 -0.00094260221913767346 -9.6707979324631969e-06 0.00039864037310638066 0.0013176255215120573 -0.00038911804784723419 0.00084480801046394347 -0.0006899744623806328 0.00084498061460908493 -0.00070063245203346011 -0.00023616788029175951 -0.00018245604382217408 0.00032164054475199405 -0.00085398679504337536
leaf_weight=2815 58919 74 92 2282 46 45 60 78 74 73 58 76 44 46 48 156 40 45 65 42 52 47 41 70 40 45 40 82 82 151
leaf_count=2815 58919 74 92 2282 46 45 60 78 74 73 58 76 44 46 48 156 40 45 65 42 52 47 41 70 40 45 40 82 82 151
internal_value=5.17884e-14 -6.77019e-05 -0.000437091 3.21128e-06 -5.73692e-05 -6.81488e-05 -0.000591093 -0.000353806 -4.22772e-05 -2.93936e-05 0.000392354 0.000664391 -5.49353e-05 -6.57608e-05 -4.72085e-05 -5.89691e-05 -0.000262145 -1.50392e-05 0.000384536 8.98267e-07 0.00030872 0.000606179 0.000185779 -2.8314e-05 -8.36726e-06 -0.000169949 -0.00077506 -0.000406309 -0.000199404 -0.000617654
internal_weight=65828 2981 166 62847 3928 3882 183 138 3699 3625 207 149 3418 3374 3288 3240 576 2664 105 2619 227 140 88 2392 2322 87 86 471 238 233
internal_count=65828 2981 166 62847 3928 3882 183 138 3699 3625 207 149 3418 3374 3288 3240 576 2664 105 2619 227 140 88 2392 2322 87 86 471 238 233
is_linear=0
shrinkage=0.03


Tree=230
num_leaves=31
num_cat=0
split_feature=7 70 51 39 8 35 35 65 66 54 71 45 51 77 8 57 30 58 61 65 36 34 21 42 38 8 15 33 13 7
split_gain=0.0157913 0.0470801 0.0162445 0.0263164 0.0404259 0.0260641 0.02936 0.0256967 0.0222046 0.0278961 0.0304043 0.0346524 0.047962 0.0370787 0.0337508 0.0356791 0.0348453 0.0278283 0.037027 0.0553254 0.0302617 0.0266472 0.0251315 0.0782351 0.0592976 0.0377563 0.0244466 0.040466 0.0259888 0.0294671
threshold=0.99833333333333341 40.500000000000007 0.034750290215015418 0.1632824391126633 0.64100000000000024 0.17902930825948718 0.13888320326805118 38.416666666666679 inf 0.19669913500547412 13.500000000000002 0.084241561591625228 0.69380348920822155 1479.45 0.9145000000000002 0.36921767890453344 7.9375000000000009 34.500000000000007 39.166666666666679 41.083333333333343 0.19127490371465686 2.778201818466187 0.70500000000000018 0.23768954724073413 0.085221674293279662 0.6126666666666668 -0.57401228535529791 3.2537549734115605 1.0000000180025095e-35 0.21833333333333341
decision_type=10 10 8 10 10 10 10 10 8 10 10 10 10 2 10 10 10 10 10 10 10 10 2 8 10 10 8 8 10 10
left_child=2 -2 3 5 -5 6 -1 -8 9 26 11 21 -13 14 15 16 17 20 -19 -20 -14 -11 -10 24 -24 -26 27 -4 -28 -30
right_child=1 -3 8 4 -6 -7 7 -9 22 10 -12 12 13 -15 -16 -17 -18 18 19 -21 -22 -23 23 -25 25 -27 28 -29 29 -31
leaf_value=-3.730397135361195e-05 -0.000359417397819809 0.00089521706636462887 -0.00014764617114560678 -0.0012715816356358117 -8.783796701479603e-05 0.00061334860986486694 -0.00017647801260682171 -0.0010663380687164254 3.1989449840604994e-05 -0.00021826181792238019 0.00033494052381845513 -0.00078121660998565882 -0.00032905956814218253 0.00052739674515994575 0.00053388466090837023 0.00025016856983711477 -0.0010420427577385756 -0.00081305069360941486 0.00065099284203503933 -0.00066459356510842381 0.00071733917758267903 0.00031566970459285322 -4.755419172579423e-05 -0.00072218421736649282 0.0017238498863014506 0.00063106361536249041 3.6129330848518085e-07 0.0010476618051828924 7.778352023818376e-05 -0.00024900456715166628
leaf_weight=4700 47 63 50 40 74 54 80 46 13025 162 107 153 61 59 44 80 72 141 51 66 42 175 85 52 41 93 44971 52 365 777
leaf_count=4700 47 63 50 40 74 54 80 46 13025 162 107 153 61 59 44 80 72 141 51 66 42 175 85 52 41 93 44971 52 365 777
internal_value=2.30667e-13 0.000359146 -6.01145e-07 -5.26113e-05 -0.000503187 -4.20856e-05 -4.94195e-05 -0.000501348 3.67622e-06 -5.92896e-06 -0.000147945 -0.000194662 -0.000305825 -0.000187749 -0.0002635 -0.000331892 -0.000439432 -0.000319244 -0.000485669 -9.11328e-05 9.76273e-05 5.90023e-05 3.79388e-05 0.000323879 0.000572259 0.000965424 -2.20149e-06 0.000461727 -3.22768e-06 -0.000144558
internal_weight=65828 110 65718 4994 114 4880 4826 126 60724 47428 1213 1106 769 616 557 513 433 361 258 117 103 337 13296 271 219 134 46215 102 46113 1142
internal_count=65828 110 65718 4994 114 4880 4826 126 60724 47428 1213 1106 769 616 557 513 433 361 258 117 103 337 13296 271 219 134 46215 102 46113 1142
is_linear=0
shrinkage=0.03


Tree=231
num_leaves=31
num_cat=0
split_feature=62 9 43 15 15 34 36 47 43 46 33 41 47 35 7 11 43 66 35 47 44 70 35 71 15 61 44 29 31 38
split_gain=0.0156218 0.0597363 0.0369222 0.0709967 0.0268087 0.0448811 0.0461045 0.0342 0.0336403 0.0311348 0.0228689 0.0201881 0.0196503 0.0420247 0.0197246 0.0199469 0.0194745 0.0503947 0.0607871 0.0907104 0.0591768 0.0626074 0.0586316 0.0483126 0.0795975 0.046677 0.0446881 0.0668323 0.0787371 0.0659318
threshold=44.32500000000001 0.93357394172434394 0.38388594985008245 -0.023197763364738468 -0.094937338488077935 8.8563489913940447 0.25279064476490026 0.29358270764350897 0.19940912723541263 -0.010482815094292162 3.5916665792465214 0.20966906100511554 -0.045554328709840768 0.099714759737253203 0.6641666666666669 0.44320501830847875 0.40435186028480535 7.0899168401956567 0.35355392098426824 0.40971358120441442 0.24362002313137057 65.500000000000014 0.39339827001094824 16.500000000000004 0.027585333875853355 33.833333333333336 0.41572824120521551 11.09999990463257 8.962372303009035 0.26596900820732122
decision_type=10 10 10 10 8 10 8 10 10 10 10 10 8 10 8 8 10 10 10 8 10 10 10 10 8 10 10 8 10 10
left_child=12 2 4 -4 8 6 7 9 -2 10 -6 -11 13 -1 15 -15 26 20 19 -19 21 25 -20 -22 -25 -18 -14 28 -28 -30
right_child=1 -3 3 -5 5 -7 -8 -9 -10 11 -12 -13 16 14 -16 -17 17 18 22 -21 23 -23 -24 24 -26 -27 27 -29 29 -31
leaf_value=0.00028317160792469689 -0.00024966164634012279 0.00095940244448257178 0.001331342354727288 -0.00040571304800687352 0.00098331266047898668 0.00086909779469186265 -0.0010279181097297275 0.00063422308982176293 -0.0011207331720557389 -0.0001128154031487918 -2.4927546250315882e-05 -0.00079544571114820433 5.1934347492571684e-06 -0.00076017821111599906 -0.00098523375018914764 0.00017057309403669001 0.00027983550019562242 -0.00018042331998963112 0.00082589151536992104 -0.0015844670334569711 -1.9198254500596204e-05 -0.0015613874936077209 -0.00047798002506878415 -0.00025602905381674648 0.0014088123445058693 -0.00077168643410701612 0.00016728900338403217 -0.00053860978423617774 0.0019188798078554397 0.0005214801319671096
leaf_weight=78 301 49 45 40 40 44 47 59 46 1546 41 40 59650 40 62 43 75 91 52 76 2556 42 77 48 56 77 303 75 49 80
leaf_count=78 301 49 45 40 40 44 47 59 46 1546 41 40 59650 40 62 43 75 91 52 76 2556 42 77 48 56 77 303 75 49 80
internal_value=-1.79333e-13 -7.68416e-05 -9.94187e-05 0.000513905 -0.000123509 -7.73652e-05 -0.000100853 -7.56088e-05 -0.000365135 -0.000100732 0.000472969 -0.000130032 2.7795e-06 -0.000278339 -0.000580393 -0.000277982 3.76975e-06 -6.89439e-05 -0.000441541 -0.000819389 -3.03003e-05 -0.000536136 4.76116e-05 6.59149e-06 0.000640424 -0.000252843 7.57725e-06 0.00028804 0.000431556 0.00105228
internal_weight=65828 2298 2249 85 2164 1817 1773 1726 347 1667 81 1586 63530 223 145 83 63307 3150 296 167 2854 194 129 2660 104 152 60157 507 432 129
internal_count=65828 2298 2249 85 2164 1817 1773 1726 347 1667 81 1586 63530 223 145 83 63307 3150 296 167 2854 194 129 2660 104 152 60157 507 432 129
is_linear=0
shrinkage=0.03


Tree=232
num_leaves=31
num_cat=0
split_feature=34 26 7 14 66 47 43 47 1 17 34 11 6 52 47 15 8 6 45 15 36 29 66 30 71 70 33 33 75 58
split_gain=0.0156031 0.0328503 0.0309293 0.0263869 0.0263793 0.0239463 0.0369679 0.0222133 0.0217088 0.0469941 0.0626928 0.0509809 0.0480728 0.0657518 0.0395356 0.0370735 0.0368933 0.0468519 0.0635087 0.0842212 0.0510727 0.0964933 0.052705 0.0530937 0.0508646 0.0442203 0.0414636 0.0421442 0.0409441 0.0391493
threshold=1.2515822649002077 8.5000000000000018 0.65833333333333355 0.2350000000000001 0.64230767637491237 0.039161670953035362 0.0077071576379239568 1.0000000180025095e-35 2.5000000000000004 19.500000000000004 4.4125347137451181 0.47643480912591457 0.85500000000000009 0.80625000596046459 0.010482114739716055 0.1728780088949754 0.42450000000000015 0.36500000000000005 0.1561490595340729 -0.22891087877417945 0.17522320896387103 7.6333332061767587 2.8214546144008641 4.6255302429199228 12.500000000000002 44.500000000000007 11.17424249649048 13.045454502105715 6.5000000000000009 22.500000000000004
decision_type=8 2 10 10 10 10 10 8 8 2 10 10 10 8 10 8 10 10 10 8 10 10 8 8 8 10 8 8 2 8
left_child=1 3 -3 4 -1 6 -6 -5 16 11 -11 14 13 -12 -10 -15 26 18 19 -18 22 24 -20 -24 -22 -25 29 -28 -29 -2
right_child=8 2 -4 7 5 -7 -8 -9 9 10 12 -13 -14 15 -16 -17 17 -19 20 -21 21 -23 23 25 -26 -27 27 28 -30 -31
leaf_value=4.3158433941246028e-07 0.00033805839595888257 -6.8437689556951587e-05 0.00053548096668567841 0.00080668940406063312 0.00010855714672171386 4.9362211948267042e-05 0.0011576270060520027 0.00016117859387623226 -0.00015240664603030017 8.6268336572219833e-06 0.0011152434587197871 -0.00033959580807960105 0.0013141713998953088 -0.00027080169900131531 1.8042683941975542e-05 0.00068583298035754031 0.00031368587727758875 7.0878366147021896e-06 -0.00049055189174490707 -0.00016136247034166158 -0.00079049110470805315 0.00027086836124495177 -0.0002936727345097876 0.0014269364965148268 -0.0021764065404634245 6.3069027177255565e-05 0.0011615237442736809 -0.00072563147448479772 0.00021609845267754068 2.9513464979817765e-05
leaf_weight=4178 381 8681 77 67 62 146 59 169 1997 1015 68 602 54 122 3167 52 455 28282 308 1283 52 44 112 40 44 46 41 43 1233 12948
leaf_count=4178 381 8681 77 67 62 146 59 169 1997 1015 68 602 54 122 3167 52 455 28282 308 1283 52 44 112 40 44 46 41 43 1233 12948
internal_value=4.70093e-14 -2.88375e-05 -6.31281e-05 3.53189e-05 1.89068e-05 0.000308005 0.000620087 0.000344438 7.3975e-06 -4.14679e-05 0.000120659 -7.83301e-05 0.000504822 0.000324223 -4.78728e-05 1.50891e-05 1.50295e-05 -3.67817e-06 -0.000131398 -3.69971e-05 -0.000385374 -0.000892494 -0.000245065 0.000136804 -0.0014257 0.000697426 5.41998e-05 0.000214783 0.000184363 3.8333e-05
internal_weight=65828 13439 8758 4681 4445 267 121 236 52389 7077 1311 5766 296 242 5164 174 45312 30666 2384 1738 646 140 506 198 96 86 14646 1317 1276 13329
internal_count=65828 13439 8758 4681 4445 267 121 236 52389 7077 1311 5766 296 242 5164 174 45312 30666 2384 1738 646 140 506 198 96 86 14646 1317 1276 13329
is_linear=0
shrinkage=0.03


Tree=233
num_leaves=31
num_cat=0
split_feature=17 1 34 10 48 43 75 31 30 29 28 62 27 71 62 67 46 32 30 28 71 78 26 29 39 40 35 39 43 33
split_gain=0.015355 0.0411111 0.032645 0.0306984 0.0314804 0.0276717 0.0267653 0.0247973 0.034325 0.0406752 0.039828 0.0329132 0.0337724 0.0546984 0.0553376 0.0597534 0.0379984 0.0273352 0.0245081 0.0216535 0.0205028 0.0213362 0.0186204 0.0462842 0.0690329 0.0586594 0.0492371 0.0731374 0.0642649 0.0493052
threshold=1.0000000180025095e-35 2.5000000000000004 7.7469809055328378 0.0575817860300619 0.2754869163036347 1.0000000180025095e-35 7.5000000000000009 7.3508145809173593 3.5357142686843877 3.3974307775497441 3.1287549734115605 39.775000000000006 4.6872780323028573 5.5000000000000009 32.900000000000006 -0.024622324193453862 0.17658200114965442 0.48394805192947393 4.3875000476837167 4.6422603130340585 8.5000000000000018 540.10000000000014 37.500000000000007 6.9000000953674325 0.31493604183197027 0.31345675885677343 0.11715686321258546 0.15887071937322619 0.033565094694495208 6.0312500000000009
decision_type=2 8 10 8 10 8 2 10 8 10 8 10 8 8 10 10 10 10 8 10 8 2 2 10 10 10 10 10 10 8
left_child=1 2 5 4 18 -1 7 8 9 17 -10 12 20 -14 15 16 -15 -7 -3 -13 -12 -22 -2 -24 25 26 28 -28 -25 -29
right_child=22 3 -4 -5 -6 6 -8 -9 10 -11 11 19 13 14 -16 -17 -18 -19 -20 -21 21 -23 23 24 -26 -27 27 29 -30 -31
leaf_value=-0.00060787590127438305 1.7879246815559977e-05 -0.00020667319585678393 0.00077415413262012104 -0.00020640288228741463 0.00091871063435086751 0.00062439964086349518 -0.00051079599893243653 -0.00052905203205541357 0.001142444503656047 -0.00075125105085052462 0.0002641374016401626 0.00028620215331821505 -0.00070574961981714464 0.0010985090257599949 7.1861165501762951e-05 0.00181657480471226 -0.00015616924389420697 -3.4480844062388914e-05 0.00056930923461914057 0.0012559519344940782 -0.00067415336422466977 0.00012008216778707245 -3.4785756997198466e-05 0.0014777457434684037 -0.00022017667542382498 0.0011681310527289852 -0.00094705005830508608 0.00052772478839549768 0.00027091600260768165 6.0029783474395784e-05
leaf_weight=60 35021 137 54 1587 41 63 73 58 43 66 59 43 43 42 163 43 45 564 50 40 90 46 21850 48 683 46 63 213 230 4264
leaf_count=60 35021 137 54 1587 41 63 73 58 43 66 59 43 43 42 163 43 45 564 50 40 90 46 21850 48 683 46 63 213 230 4264
internal_value=7.61396e-14 -6.19896e-05 4.91277e-05 -0.000159638 0.00016587 2.37212e-05 4.93092e-05 7.83487e-05 0.000104444 -4.28464e-05 0.000259806 0.000197993 0.000111154 0.000293419 0.000440054 0.000901711 0.000449538 3.17225e-05 8.08737e-07 0.000753551 -0.000202902 -0.000405515 3.38659e-06 -1.51391e-05 6.22506e-05 0.000101909 9.17291e-05 6.79974e-05 0.000479289 8.22811e-05
internal_weight=65828 3410 1595 1815 228 1541 1481 1408 1350 693 657 614 531 336 293 130 87 627 187 83 195 136 62418 27397 5547 4864 4818 4540 278 4477
internal_count=65828 3410 1595 1815 228 1541 1481 1408 1350 693 657 614 531 336 293 130 87 627 187 83 195 136 62418 27397 5547 4864 4818 4540 278 4477
is_linear=0
shrinkage=0.03


Tree=234
num_leaves=31
num_cat=0
split_feature=62 34 43 66 35 36 27 41 71 77 36 38 43 22 43 60 30 33 36 7 38 30 39 39 70 42 77 41 60 22
split_gain=0.0151207 0.0532233 0.0272404 0.0356222 0.0216429 0.058371 0.0541013 0.0708413 0.0647545 0.0598295 0.0536222 0.0429119 0.0309766 0.0446326 0.0426425 0.0501136 0.0298487 0.026146 0.0536216 0.0252806 0.0235887 0.0592474 0.0414892 0.0230697 0.0585664 0.0529267 0.0392513 0.0355824 0.0306852 0.035262
threshold=28.300000000000001 9.2784748077392596 -0.043419348075985902 0.12603527493774894 0.21975609660148623 0.23251792788505557 7.5000000000000009 0.22312270849943164 4.5000000000000009 630.95000000000016 0.21627197414636615 0.24565263092517856 0.30731555819511419 21.500000000000004 0.25367261469364172 28.900000000000002 4.0625000000000009 5.6547617912292489 0.18314094841480258 0.82416666666666683 0.17936539649963382 5.0625000000000009 0.17433517426252368 0.11559559032320978 37.500000000000007 0.14014202356338504 1020.1000000000001 0.11939597502350809 26.900000000000002 41.500000000000007
decision_type=8 8 10 10 10 10 10 10 8 2 10 10 10 2 10 10 10 10 10 10 10 10 10 10 8 10 2 8 10 2
left_child=1 2 3 -1 5 12 8 10 -6 16 -8 -9 14 -14 17 -16 -10 20 -19 -18 22 -22 23 25 -25 -4 28 -27 -26 -30
right_child=-2 -3 4 -5 6 -7 7 11 9 -11 -12 -13 13 -15 15 -17 19 18 -20 -21 21 -23 -24 24 26 27 -28 -29 29 -31
leaf_value=-0.0010741652552969754 -4.0009947586585378e-06 0.0010561817918131326 6.5987511500192276e-05 3.8496487517268626e-05 -0.0012699678003493891 0.00090702341869473456 0.0002495583149604499 0.0012547154490828453 0.00080543554682905476 -0.00075930548979578395 -0.0012140925354665009 0.00020320527919102458 0.0010220454466070806 -3.4275591412248709e-05 0.00016099896930637231 -0.0011018572493659091 -0.00039700183761812261 0.0013565072523696081 -6.7037355662746855e-05 0.00035065334912210908 -0.0012890328271896578 0.00011055887537723821 0.001025244610325899 0.00093607191227254756 -0.00089177345935683187 0.00025803494717965418 0.00027777180951670747 0.0014753957918146625 -0.00039659507709838813 0.00028887888017509661
leaf_weight=45 61097 47 2704 61 57 75 50 62 45 104 41 80 72 72 52 62 92 42 55 73 41 81 40 44 74 47 120 40 262 91
leaf_count=45 61097 47 2704 61 57 75 50 62 45 104 41 80 72 72 52 62 92 42 55 73 41 81 40 44 74 47 120 40 262 91
internal_value=-5.01683e-13 5.16696e-05 4.15901e-05 -0.00043386 5.25988e-05 7.80288e-05 -0.000114717 0.000243558 -0.000339725 -0.000170859 -0.000409889 0.000662315 6.20825e-05 0.000493885 4.55233e-05 -0.000525818 0.000120563 6.34121e-05 0.000549343 -6.62211e-05 5.0112e-05 -0.000359796 6.47259e-05 5.33656e-05 -0.000116906 8.94209e-05 -0.000201606 0.000817741 -0.000336326 -0.000219886
internal_weight=65828 4731 4684 106 4578 3974 604 233 371 314 91 142 3899 144 3755 114 210 3641 97 165 3544 122 3422 3382 591 2791 547 87 427 353
internal_count=65828 4731 4684 106 4578 3974 604 233 371 314 91 142 3899 144 3755 114 210 3641 97 165 3544 122 3422 3382 591 2791 547 87 427 353
is_linear=0
shrinkage=0.03


Tree=235
num_leaves=31
num_cat=0
split_feature=5 50 57 17 52 26 58 44 12 66 43 22 11 17 66 33 41 12 71 67 12 52 47 43 13 65 70 37 22 15
split_gain=0.0151159 0.025657 0.0561439 0.0317906 0.0324423 0.0313876 0.0289691 0.0280125 0.0414495 0.0411638 0.032948 0.0417924 0.036433 0.0275839 0.0379295 0.0434716 0.0422817 0.0315814 0.0421305 0.0275659 0.0271528 0.0440571 0.0426817 0.043706 0.0298324 0.02939 0.0269144 0.0248984 0.0350844 0.0285085
threshold=1.0000000180025095e-35 1.1555556058883669 0.14764790982007983 56.500000000000007 0.63068181276321422 48.500000000000007 44.500000000000007 0.27107392251491552 0.69265163038255861 4.2662392556667337 0.17987037450075152 58.500000000000007 0.42113919796525706 27.500000000000004 6.734615534543992 6.8516483306884775 0.1204335317015648 0.54098735519132768 2.5000000000000004 -0.16046278555698434 0.52313800886462059 0.50105485320091259 0.065952219069004073 0.30306956171989446 inf 40.916666666666679 73.500000000000014 0.24614780396223071 30.500000000000004 0.024233870482712697
decision_type=2 10 10 2 10 2 10 10 8 10 8 2 10 2 8 10 10 10 10 10 10 8 8 10 8 10 8 10 2 10
left_child=-1 2 3 4 5 13 26 10 -9 -10 -7 12 -12 19 15 17 -16 18 -15 -2 22 -22 -21 24 25 -24 -3 28 -4 -30
right_child=1 6 27 -5 -6 7 -8 8 9 -11 11 -13 -14 14 16 -17 -18 -19 -20 20 21 -23 23 -25 -26 -27 -28 -29 29 -31
leaf_value=3.1358644201505457e-06 -0.00068074697468763407 0.00042359230946749447 0.00098508575818656639 0.00026718476340404225 -0.00096241277363151307 -0.00027453261289042777 -0.0011295360158674601 7.1767253809542e-06 -0.0017006450929397414 -0.00040262915225078663 4.8236165506144363e-05 -0.0004613628472725395 0.0012767993859597482 -0.00066038557619322084 0.00011313584662275388 -0.00068914841973680065 0.0013931424153852275 0.00078016697522252795 0.00043276369755622 -0.00017770723829103926 0.00042331736714720347 -0.00063098925048728455 0.00013716293442444315 -0.00041809548525354611 0.0011266821386610587 0.00089283227708490025 -0.00056260618988413955 0.00108444718851299 -0.00032111696942132743 0.00060356422453781858
leaf_weight=62838 67 40 45 213 40 542 41 56 43 45 45 48 42 55 48 59 45 65 75 501 47 148 268 78 41 56 66 41 83 47
leaf_count=62838 67 40 45 213 40 542 41 56 43 45 45 48 42 55 48 59 45 65 75 501 47 148 268 78 41 56 66 41 83 47
internal_value=-2.78623e-13 -6.59035e-05 -4.59206e-05 -8.41485e-05 -0.000115149 -0.000100873 -0.000452376 -0.000250901 -0.000630862 -0.00103689 -0.000170083 0.000249265 0.000641336 -2.15595e-05 0.000214147 2.43589e-05 0.000732494 0.000240241 -2.97225e-05 -8.9379e-05 -5.45926e-05 -0.000376874 1.19804e-05 0.000226503 0.000364253 0.000267772 -0.000190456 0.000419009 0.000263107 1.31908e-05
internal_weight=65828 2990 2843 2627 2414 2374 147 821 144 88 677 135 87 1553 347 254 93 195 130 1206 1139 195 944 443 365 324 106 216 175 130
internal_count=65828 2990 2843 2627 2414 2374 147 821 144 88 677 135 87 1553 347 254 93 195 130 1206 1139 195 944 443 365 324 106 216 175 130
is_linear=0
shrinkage=0.03


Tree=236
num_leaves=31
num_cat=0
split_feature=45 33 63 12 44 38 66 34 71 77 71 14 78 70 15 40 70 55 44 46 42 41 59 45 35 33 67 17 64 7
split_gain=0.0150237 0.0425104 0.0201589 0.0329394 0.0179783 0.0342666 0.0423323 0.0522848 0.0348186 0.0289941 0.0286453 0.0274745 0.0401305 0.044257 0.0298073 0.0273371 0.0272828 0.0243103 0.0324521 0.0323017 0.031779 0.0556005 0.0296568 0.03413 0.0277395 0.0454992 0.0455798 0.0361842 0.0367748 0.0332168
threshold=-0.044821383431553834 4.3038463592529306 0.58588742376380987 0.42692985079029938 -0.0088804396800696832 0.2042532563209534 1.17865227162838 2.941742062568665 5.5000000000000009 216.35000000000005 20.500000000000004 0.28500000000000009 700.60000000000014 57.500000000000007 0.26254290617848969 0.10294451192021371 59.500000000000007 0.078730158507823958 -0.040916832163929932 0.0018578604795038702 0.074256110936403288 0.088966365903615965 41.833333333333336 -0.0063693157862871877 0.084039550274610533 3.6076922416687016 0.019043588193247755 22.500000000000004 4.166666666666667 0.78833333333333344
decision_type=8 8 10 10 8 10 10 10 10 2 10 10 2 10 10 10 10 10 10 10 10 10 10 10 10 10 10 2 10 10
left_child=1 2 3 -1 5 6 10 15 9 -9 11 17 13 14 -13 -8 -10 19 -19 24 -20 -22 23 -23 25 -2 -27 28 -26 -29
right_child=4 -3 -4 -5 -6 -7 7 8 16 -11 -12 12 -14 -15 -16 -17 -18 18 20 -21 21 22 -24 -25 27 26 -28 29 -30 -31
leaf_value=-0.00011496803551424472 -7.0241102310434949e-06 -0.00074909575556335805 -0.00039883402942425826 0.00098580349527765065 -3.0472723762569239e-06 -0.00078857571169334859 0.00047020362628002961 -0.00022381328803021459 0.00066420469910088108 0.00086640557527299157 0.00083359541993292905 0.0010890781013440573 0.0010050137948045242 -0.00065399255601074943 -3.6448064260184766e-05 -0.00050451581477050159 0.0017654553203683464 -0.00038641288012986974 -4.5349329520831813e-05 0.00055934773799630683 0.0012692248858954935 0.00031032284229180339 0.00090657885925953874 -0.00066238534703318554 -0.00022901831679240594 -4.7766204272415866e-05 0.0011901619772710917 -4.4679306302406159e-05 -0.00094061085389081475 0.00085826147188682381
leaf_weight=63 1655 91 55 40 61715 42 45 42 41 46 41 40 63 47 45 61 40 73 161 84 63 143 51 42 467 49 59 347 76 41
leaf_count=63 1655 91 55 40 61715 42 45 42 41 46 41 40 63 47 45 61 40 73 161 84 63 143 51 42 467 49 59 347 76 41
internal_value=-1.7194e-15 -0.000232588 6.48942e-05 0.000312516 8.83125e-07 6.36586e-05 7.30238e-05 0.000431596 0.000759202 0.000346074 4.52236e-05 3.60042e-05 0.000382057 8.47372e-05 0.000493211 -9.07198e-05 0.00120803 1.56236e-05 0.000201207 -1.99833e-05 0.00029446 0.000477434 0.000266066 8.94918e-05 -3.80471e-05 3.19082e-05 0.000628509 -0.000170519 -0.000328615 5.07345e-05
internal_weight=65828 249 158 103 65579 3864 3822 275 169 88 3547 3506 195 132 85 106 81 3311 533 2778 460 299 236 185 2694 1763 108 931 543 388
internal_count=65828 249 158 103 65579 3864 3822 275 169 88 3547 3506 195 132 85 106 81 3311 533 2778 460 299 236 185 2694 1763 108 931 543 388
is_linear=0
shrinkage=0.03


Tree=237
num_leaves=31
num_cat=0
split_feature=18 10 38 47 66 77 63 53 17 71 63 32 51 26 77 59 14 39 39 33 36 35 17 34 59 41 11 21 15 75
split_gain=0.014819 0.0682523 0.0522869 0.0839394 0.0464968 0.0419421 0.0389068 0.0341787 0.0329492 0.0383691 0.037775 0.0468064 0.0518205 0.0306253 0.034275 0.0294835 0.02883 0.0280354 0.0291089 0.0269572 0.0541282 0.0257736 0.025089 0.0471465 0.0281832 0.0221727 0.0267403 0.0202948 0.017215 0.059343
threshold=1.0000000180025095e-35 0.47237484737484742 0.17612063139677051 0.12532477825880053 4.4984253048896798 1163.3500000000001 0.64964002074947735 0.059828110039234168 12.500000000000002 15.500000000000002 0.48603982515109406 2.3606653213500981 0.72855773568153392 31.500000000000004 1388.4000000000003 31.166666666666668 -0.089999999999999969 0.084725562483072295 0.051894394680857665 3.1483516693115239 0.071748174726963057 0.14400921761989596 5.5000000000000009 4.1503424644470224 38.500000000000007 0.085462510585784926 0.61476638332776457 1.4550000000000003 0.28353184831219091 13.500000000000002
decision_type=2 10 8 8 8 2 10 10 2 8 10 10 8 2 2 10 8 10 10 10 10 8 2 10 10 10 10 2 10 2
left_child=27 2 3 7 5 16 8 13 9 21 -10 -12 -13 14 15 -2 -5 18 -15 20 -17 -3 -18 24 -24 -14 -27 28 -1 -30
right_child=1 6 -4 4 -6 -7 -8 -9 10 -11 11 12 25 17 -16 19 22 -19 -20 -21 -22 -23 23 -25 -26 26 -28 -29 29 -31
leaf_value=-5.2080434468797981e-06 0.00075146413522518486 -0.00051934573715969694 -0.00052025311738488407 5.8294954897764208e-05 0.0015369242140150163 -0.0003240765526425093 -0.00098408568080048998 0.00094549183409071698 -0.00065167975262738766 -0.00097401455024500249 0.0011778181205537716 -0.00076027698143768833 -0.00015218484441552742 -0.00033999220813069872 0.0010331216698978097 -7.4618151249619826e-05 0.00028065915880724789 -0.00072724040449186208 0.00045783207508856837 -0.00065593160634307428 0.001053519027127945 0.00031277501489098336 0.00024819863488018102 0.0019179270970464753 0.0012775670863663625 0.001069438230687805 6.8917802127543834e-05 0.00063459067489020523 0.00013305865844912189 -0.00078581929839608409
leaf_weight=62542 55 67 79 52 48 44 50 40 50 69 41 51 52 102 40 228 50 71 69 48 46 67 54 41 43 53 44 45 1521 66
leaf_count=62542 55 67 79 52 48 44 50 40 50 69 41 51 52 102 40 228 50 71 69 48 46 67 54 41 43 53 44 45 1521 66
internal_value=2.29908e-13 8.86619e-05 0.000223574 0.000280569 0.000673345 0.000527387 -0.000186618 9.40149e-05 -0.000105902 -0.000399247 9.87334e-05 0.000254421 6.51244e-05 4.23319e-05 0.000198129 0.000109535 0.000683489 -0.000226128 -1.80631e-05 -1.11119e-07 0.000114777 -0.000103285 0.000856415 0.00106502 0.000704517 0.000347644 0.000615594 -2.28514e-06 -2.73204e-06 9.48445e-05
internal_weight=65828 1654 1110 1031 332 284 544 699 494 203 291 241 200 659 417 377 240 242 171 322 274 134 188 138 97 149 97 64174 64129 1587
internal_count=65828 1654 1110 1031 332 284 544 699 494 203 291 241 200 659 417 377 240 242 171 322 274 134 188 138 97 149 97 64174 64129 1587
is_linear=0
shrinkage=0.03


Tree=238
num_leaves=31
num_cat=0
split_feature=62 7 67 33 9 43 44 30 51 38 51 14 47 44 14 71 68 7 77 70 58 67 37 42 77 28 44 41 15 70
split_gain=0.0148527 0.0576965 0.0489394 0.0476313 0.0308896 0.0419479 0.0276935 0.0195032 0.0550833 0.0616679 0.0433827 0.0430148 0.0644489 0.0452039 0.0675504 0.0736811 0.0545712 0.055366 0.0557479 0.0662879 0.049155 0.0425337 0.0424614 0.0404587 0.060766 0.0393284 0.0637046 0.0534598 0.0532815 0.0458877
threshold=44.32500000000001 0.88416666666666688 0.13484058852092345 8.1180553436279315 0.84096705831056096 0.39781975746154791 -0.014764040242880581 9.291666507720949 1.0465247631073 0.29128988087177282 1.1970898509025576 0.095000000000000057 0.30634218454360967 0.45537120103836065 1.0000000180025095e-35 8.5000000000000018 1.0000000180025095e-35 0.97166666666666679 835.60000000000002 50.500000000000007 34.500000000000007 0.062344487675877754 0.28526191413402563 0.22945055365562442 178.35000000000002 11.500000000000002 0.39602924883365637 0.28912203013896948 0.047842974803201731 11.500000000000002
decision_type=10 10 10 8 10 10 8 10 8 8 8 10 10 10 8 8 2 10 2 10 8 10 10 10 2 10 10 8 10 10
left_child=7 4 3 -3 5 6 -2 -1 9 -9 -10 13 -13 16 15 -15 25 18 19 23 -16 22 -14 -18 -25 27 -27 28 29 -12
right_child=1 2 -4 -5 -6 -7 -8 8 10 -11 11 12 21 14 20 -17 17 -19 -20 -21 -22 -23 -24 24 -26 26 -28 -29 -30 -31
leaf_value=-2.1938669555554949e-07 0.00043878428527613643 9.2809848089624798e-06 -0.00022940988932863214 0.0012378388168532159 -0.00078505714722626582 0.00086198760484694492 -0.00014138080371012846 -1.2812587216363422e-05 -0.00077971032088283785 0.0011961373920795783 -0.00046095551741018423 -0.0010078407592160287 0.0011329161315890295 -0.0014052874681790574 0.0011052112329211509 -5.2921270153757821e-05 0.001240326958708465 0.0014577476532158858 0.0014104593076129874 -0.00026638266968011915 -0.00014316309384594203 -0.00071189219354313204 -0.00012419580647378769 0.0008157678976671637 -0.00046697043788365336 -0.00070919180073280587 0.0004317821805050377 0.00055565198505196165 -0.0010532230124084801 0.00031604018584082094
leaf_weight=61616 77 45 66 77 61 40 1932 70 55 83 96 78 42 65 44 82 60 47 41 138 80 44 57 84 55 125 68 221 41 238
leaf_count=61616 77 45 66 77 61 40 1932 70 55 83 96 78 42 65 44 82 60 47 41 138 80 44 57 84 55 125 68 221 41 238
internal_value=1.11581e-14 -7.49261e-05 0.000428671 0.000784682 -0.000119796 -9.99911e-05 -0.000119145 2.71022e-06 9.70208e-05 0.000643023 4.95828e-05 7.63185e-05 -0.00031417 0.000134432 -0.000215893 -0.000650906 0.000212634 0.000486689 0.000365949 0.000238872 0.000299808 6.41962e-05 0.000409124 0.00058925 0.00030821 6.50127e-05 -0.000307191 0.000185542 -3.25768e-05 9.27121e-05
internal_weight=65828 2298 188 122 2110 2049 2009 63530 1914 153 1761 1706 221 1485 271 147 1214 425 378 337 124 143 99 199 139 789 193 596 375 334
internal_count=65828 2298 188 122 2110 2049 2009 63530 1914 153 1761 1706 221 1485 271 147 1214 425 378 337 124 143 99 199 139 789 193 596 375 334
is_linear=0
shrinkage=0.03


Tree=239
num_leaves=31
num_cat=0
split_feature=38 7 70 24 5 21 15 17 52 57 61 52 43 22 70 21 42 22 8 43 70 35 39 47 66 28 78 31 32 67
split_gain=0.0147106 0.0174204 0.0467208 0.0170099 0.0190879 0.0290882 0.0318131 0.0260904 0.0291635 0.0414411 0.0455661 0.032302 0.0308444 0.0286205 0.0266322 0.0260942 0.0252666 0.0232991 0.0395905 0.021075 0.0480301 0.0453103 0.0399717 0.0279385 0.0571092 0.0559773 0.0529189 0.056402 0.0417614 0.0374365
threshold=0.0098439063876867312 0.99833333333333341 40.500000000000007 1.0000000180025095e-35 1.0000000180025095e-35 0.48500000000000004 -0.31902671482726552 74.500000000000014 1.4833333492279055 0.12452811747789384 40.166666666666679 0.49923077225685125 0.29852557182312017 41.500000000000007 72.500000000000014 0.30500000000000005 0.17182072997093203 60.500000000000007 0.65633333333333355 0.36547204852104193 48.500000000000007 0.30079366266727453 0.2290642857551575 0.1539488881826401 2.783086553215981 7.5833332538604745 1163.3500000000001 5.2094500064849862 7.7334463596344003 -0.10962655062427575
decision_type=10 10 10 2 2 2 8 2 10 10 10 10 10 2 8 2 10 2 10 10 10 10 10 8 10 10 2 10 10 10
left_child=-1 3 -3 4 -2 6 17 8 9 11 12 15 13 -11 -9 19 -7 18 -6 21 22 23 -21 24 -8 26 29 -28 -27 -25
right_child=1 2 -4 -5 5 16 7 14 -10 10 -12 -13 -14 -15 -16 -17 -18 -19 -20 20 -22 -23 -24 25 -26 28 27 -29 -30 -31
leaf_value=-4.8751018019081305e-05 9.4419560868352902e-06 -0.00033531330804259556 0.00093095149089139498 -0.00011169824855423072 0.00015364118416102664 -0.00019799682524535453 -0.00016069906710472966 0.00080400760017801073 -0.00089961201100959443 0.00077819688301215958 0.001090426798397675 -0.00073379152760791929 -0.00049169972538948064 -6.8169778442788342e-05 -7.2483574058144137e-05 0.0005289818754566735 -0.0010296660286956466 -0.00011175326211377978 0.0013552071924162346 0.00070483493584594349 -0.0010291889220631371 0.0008937625687927143 -0.0005327063805254346 -0.00062006265646778042 -0.0012291840439602891 -0.0012038874731709558 0.0017129483494791203 0.00011981037526857107 -0.00014140782323011081 0.00019535161628471295
leaf_weight=5136 56626 46 61 1133 62 96 1069 60 40 66 50 76 60 79 65 57 50 60 41 41 72 41 55 60 47 45 40 40 128 326
leaf_count=5136 56626 46 61 1133 62 96 1069 60 40 66 50 76 60 79 65 57 50 60 41 41 72 41 55 60 47 45 40 40 128 326
internal_value=1.30117e-13 4.12551e-06 0.000386576 3.45006e-06 5.64448e-06 -7.04474e-05 -4.79826e-05 -7.42859e-05 -9.63656e-05 -8.2705e-05 0.000278412 -0.000126618 8.0359e-05 0.000317073 0.000348232 -0.000103785 -0.000482815 0.000358184 0.000631934 -0.000122149 -0.000443466 -9.20928e-05 -4.17311e-06 -0.000115124 -0.000205698 4.30612e-05 0.000214144 0.000916379 -0.000417775 6.86033e-05
internal_weight=65828 60692 107 60585 59452 2826 2680 2517 2392 2352 255 2097 205 145 125 2021 146 163 103 1964 168 1796 96 1755 1116 639 466 80 173 386
internal_count=65828 60692 107 60585 59452 2826 2680 2517 2392 2352 255 2097 205 145 125 2021 146 163 103 1964 168 1796 96 1755 1116 639 466 80 173 386
is_linear=0
shrinkage=0.03


Tree=240
num_leaves=31
num_cat=0
split_feature=21 52 44 65 34 51 34 77 71 21 44 38 17 14 59 6 65 42 10 6 38 35 11 36 46 10 10 66 6 7
split_gain=0.0147524 0.0259227 0.0316196 0.0724366 0.0573016 0.0553656 0.050072 0.054611 0.0318471 0.0322351 0.0312939 0.0340764 0.0308137 0.0453495 0.0443892 0.0701035 0.0566978 0.0611097 0.0512561 0.0487457 0.0478395 0.0427851 0.0492581 0.0599079 0.0402528 0.0421219 0.060744 0.0643674 0.0392642 0.0385998
threshold=0.13500000000000004 0.43303571641445165 0.11195218563079835 39.291666666666679 3.1005049943923955 0.0086733894422650355 3.6272847652435307 289.80000000000007 11.500000000000002 0.6150000000000001 0.095846410840749754 0.039698539301753051 12.500000000000002 0.11999999999999997 42.833333333333336 0.93500000000000016 37.416666666666679 0.13893299549818042 0.77831196581196593 0.91500000000000015 0.14760360121726993 0.24417344480752948 0.63036687662388213 0.13367264717817309 0.28932596743106848 0.76609560652113851 0.62208672086720884 1.4796832092106345 0.69500000000000006 0.93166666666666675
decision_type=2 8 10 10 10 10 10 2 10 2 10 8 2 8 10 10 10 10 10 10 10 10 10 10 10 10 10 10 10 10
left_child=-1 2 6 5 -5 -4 8 -8 10 -10 11 -2 29 14 16 -16 18 20 19 21 -18 22 23 -14 25 26 -15 -28 -25 -3
right_child=1 12 3 4 -6 -7 7 -9 9 -11 -12 -13 13 24 15 -17 17 -19 -20 -21 -22 -23 -24 28 -26 -27 27 -29 -30 -31
leaf_value=-4.8187029251457181e-06 1.9540055633999783e-05 -1.2956928995804306e-05 -0.00098617320417339902 -0.00013910162328102158 -0.0014929137299066711 0.00020649660415189813 8.3222376366217255e-05 0.0015050122146494686 7.6563868282872405e-05 0.0010760555355445831 0.00067760138854770584 -0.0003764503974112143 2.0592302949248382e-05 0.00017264652862195362 0.00018523880050772625 0.0013040987270069306 -6.3652692023065039e-05 -0.00049536316728071225 0.00090501379567144028 -0.00067996493415601212 0.00095675774309982335 0.00078971041005169009 -0.00050294010414897157 0.00039233654283452778 0.00094547201968574266 -0.00049604419605033001 0.0014846090670092961 0.00011112494860823901 0.0015250757729102459 0.00088283398093401703
leaf_weight=59032 403 2693 43 48 68 189 62 40 106 40 41 380 390 416 315 60 344 330 77 67 47 87 108 80 90 59 75 52 42 44
leaf_count=59032 403 2693 43 48 68 189 62 40 106 40 41 380 390 416 315 60 344 330 77 67 47 87 108 80 90 59 75 52 42 44
internal_value=2.26706e-13 4.18566e-05 -7.21473e-05 -0.000320611 -0.000932716 -1.45586e-05 8.51065e-06 0.000640787 -5.79761e-05 0.000350397 -0.000130334 -0.000172639 7.19693e-05 0.000145114 7.09729e-05 0.000364256 1.0102e-06 -0.000194728 0.000166847 9.34118e-05 5.90053e-05 0.000166702 7.928e-05 0.000202092 0.000353715 0.000265247 0.000347965 0.000922238 0.000782296 1.4438e-06
internal_weight=65828 6796 1420 348 116 232 1072 102 970 146 824 783 5376 2639 1947 375 1572 721 851 774 391 707 620 512 692 602 543 127 122 2737
internal_count=65828 6796 1420 348 116 232 1072 102 970 146 824 783 5376 2639 1947 375 1572 721 851 774 391 707 620 512 692 602 543 127 122 2737
is_linear=0
shrinkage=0.03


Tree=241
num_leaves=31
num_cat=0
split_feature=17 77 71 62 77 71 54 22 9 64 14 32 26 46 61 10 6 8 60 63 11 7 54 10 41 53 65 67 66 67
split_gain=0.0145445 0.0334554 0.0693477 0.0400824 0.0271952 0.0306445 0.0411508 0.0249342 0.101778 0.0506463 0.0371014 0.0505218 0.0329186 0.0508696 0.0322291 0.0360366 0.0525053 0.0511296 0.0439001 0.0434268 0.042205 0.0382606 0.0576379 0.0591976 0.0492893 0.0427969 0.0441773 0.0331115 0.0427395 0.048672
threshold=104.50000000000001 944.40000000000009 6.5000000000000009 31.100000000000005 534.05000000000007 5.5000000000000009 0.10343915224075319 90.500000000000014 0.95040313188014214 1.8333333333333337 -0.17499999999999993 7.5658836364746103 124.50000000000001 0.16243175417184832 29.500000000000004 0.80836490819003215 0.79500000000000015 0.88300000000000012 34.100000000000009 0.62673580815689756 0.73668867153927786 0.70833333333333348 0.2488936930894852 0.58896499238965005 0.18657296150922778 0.29285715520381933 37.416666666666679 0.041164418389993469 6.734615534543992 -0.039465630787832266
decision_type=2 2 10 10 2 10 8 2 10 8 10 10 2 10 10 10 8 10 10 10 10 10 10 10 10 10 10 10 8 10
left_child=7 3 -3 -2 5 6 -5 12 9 -9 11 -11 -1 -14 -12 16 21 18 -18 -19 27 25 23 -23 -25 -16 -27 28 29 -20
right_child=1 2 -4 4 -6 -7 -8 8 -10 10 14 -13 13 -15 15 -17 17 19 20 -21 -22 22 -24 24 -26 26 -28 -29 -30 -31
leaf_value=-1.5486134351032374e-06 0.00059707754089996761 0.00088996680214144621 -0.00057286361306905739 0.00029531040674749204 -0.00095893765245342536 0.00017803406722152664 -0.00071960713530607595 0.0010018775999025605 0.0014878765883875769 0.00020236265294746165 -0.00033190617477372048 0.0013262152529787273 1.3246421018694117e-05 -0.001032542396520435 -2.6756326018846769e-05 -0.00054475657282407385 0.0013663550730091223 -0.00038304125230522997 0.0011789879937423393 0.00072552791505586355 0.0012766699732414315 -0.0010362854904798402 -0.0013554437753349623 -0.00044457804470744678 0.00097180223405302969 0.0012990279394991533 0.00010883646655808358 0.00061200657710618208 -0.00060059760108261415 -0.00020723925106104393
leaf_weight=62300 41 70 50 47 63 93 153 51 46 360 234 40 102 71 1165 91 47 131 40 42 42 43 46 41 48 46 72 132 68 53
leaf_count=62300 41 70 50 47 63 93 153 51 46 360 234 40 102 71 1165 91 47 131 40 42 42 43 46 41 48 46 72 132 68 53
internal_value=5.94767e-14 -0.000158494 0.000280454 -0.000291174 -0.000393472 -0.000271888 -0.000481102 1.25464e-06 8.82239e-05 6.51638e-05 4.77349e-05 0.000314748 -2.69617e-06 -0.00041595 2.11118e-06 3.92066e-05 6.55661e-05 0.000313969 0.000507746 -0.000113909 0.000387284 -2.87964e-05 -0.000440966 -0.000122284 0.000319312 2.83869e-05 0.000572809 0.000259795 -2.89739e-05 0.000388988
internal_weight=65828 517 120 397 356 293 200 65311 2838 2792 2741 400 62473 173 2341 2107 2016 555 382 173 335 1461 178 132 89 1283 118 293 161 93
internal_count=65828 517 120 397 356 293 200 65311 2838 2792 2741 400 62473 173 2341 2107 2016 555 382 173 335 1461 178 132 89 1283 118 293 161 93
is_linear=0
shrinkage=0.03


Tree=242
num_leaves=31
num_cat=0
split_feature=34 26 45 46 6 8 31 9 66 47 47 1 33 9 22 34 15 31 41 33 39 34 45 26 10 7 26 71 14 77
split_gain=0.0142638 0.0345344 0.0361444 0.0303691 0.0281412 0.0275697 0.0679322 0.043215 0.0378969 0.0369944 0.0465304 0.0360577 0.0589983 0.0668382 0.0664739 0.0601175 0.0507818 0.0434909 0.0376448 0.0547885 0.0663625 0.0843304 0.0594717 0.0527011 0.048709 0.0585486 0.0589473 0.0635579 0.0545503 0.049318
threshold=1.4556258916854861 17.500000000000004 0.12316761910915376 0.10839673876762392 0.74500000000000011 0.24800000000000005 4.0002276897430429 0.27199216375922824 0.84175001829862606 0.050522323697805412 0.091520968824625029 1.5000000000000002 8.0312500000000018 0.57907940549060666 12.500000000000002 5.5865817070007333 0.15818563886271522 9.410497188568117 0.048781570047140128 2.174242496490479 0.14009793847799304 7.7469809055328378 0.22083266824483874 46.500000000000007 0.55413546076196696 0.83166666666666689 21.500000000000004 5.5000000000000009 -0.059999999999999977 1313.7000000000003
decision_type=8 2 8 10 10 8 10 10 10 8 10 8 8 10 2 10 8 10 8 10 10 10 10 2 8 10 2 8 10 2
left_child=1 4 3 -3 -1 6 7 -2 -8 -9 -11 18 17 -14 -15 -16 -17 -13 -7 20 21 22 23 -20 -22 26 28 -28 -26 -27
right_child=5 2 -4 -5 -6 11 8 9 -10 10 -12 12 13 14 15 16 -18 -19 19 -21 24 -23 -24 -25 25 29 27 -29 -30 -31
leaf_value=9.5655496488496272e-06 3.9173217829025609e-05 -6.8551025032040054e-05 -0.0004954879044674795 0.00075040300677689466 0.00053994547504072009 -0.00013862398288125497 0.0015747191480672549 8.8416350897017662e-05 0.00030702589915811341 0.0014027570022773913 0.0002448068193132258 -1.6081799013300924e-05 -8.210127401383165e-05 -0.0011520563014117734 -0.0005814633951235715 -0.00026861873357120203 0.00084394899002654703 0.00097442644412512884 0.00029406436599274481 1.2474419116198577e-05 -0.00058955350193476376 0.0015320688350461856 0.0011597183498257176 1.9998578706548713e-05 0.00017215227498672901 -0.00048012373996822959 -0.00096383842875667964 0.00021576428172454876 0.0017293381087890849 0.00057842405599621224
leaf_weight=8490 4185 6753 179 41 91 1262 41 131 44 61 64 15287 1444 105 268 96 60 40 1411 23634 144 43 56 1143 40 252 47 328 41 47
leaf_count=8490 4185 6753 179 41 91 1262 41 131 44 61 64 15287 1444 105 268 96 60 40 1411 23634 144 43 56 1143 40 252 47 328 41 47
internal_value=-3.36471e-13 -2.51064e-05 -7.46954e-05 -6.36089e-05 1.51901e-05 7.76752e-06 7.83983e-05 6.23189e-05 0.000918501 0.000440697 0.000809887 7.79781e-07 -3.33739e-05 -0.000187787 -0.000476273 -0.000308921 0.000159292 -1.34968e-05 2.15496e-05 2.8985e-05 0.000138841 0.000214326 0.000192616 0.000171411 -8.39174e-05 1.25218e-05 0.000226446 6.79207e-05 0.000960357 -0.00031373
internal_weight=65828 15554 6973 6794 8581 50274 4526 4441 85 256 125 45748 17300 1973 529 424 156 15327 28448 27186 3552 2653 2610 2554 899 755 456 375 81 299
internal_count=65828 15554 6973 6794 8581 50274 4526 4441 85 256 125 45748 17300 1973 529 424 156 15327 28448 27186 3552 2653 2610 2554 899 755 456 375 81 299
is_linear=0
shrinkage=0.03


Tree=243
num_leaves=31
num_cat=0
split_feature=45 40 22 62 44 38 66 34 71 71 80 70 1 72 46 61 59 14 47 8 35 36 68 51 17 42 40 26 67 14
split_gain=0.0142445 0.0406461 0.0308017 0.0330931 0.0165552 0.0323485 0.0397703 0.0491635 0.0351371 0.0269372 0.0268056 0.0370925 0.0299356 0.0234984 0.0249142 0.0232435 0.0214776 0.0272886 0.0288871 0.0431644 0.0198245 0.0517613 0.0322001 0.0318135 0.0317178 0.0275454 0.033503 0.0325926 0.0255604 0.0237843
threshold=-0.044821383431553834 0.10586365684866907 21.500000000000004 32.70000000000001 -0.0088804396800696832 0.2042532563209534 1.17865227162838 3.3706192970275883 5.5000000000000009 20.500000000000004 1.5000000000000002 62.500000000000007 2.5000000000000004 1.0000000180025095e-35 0.0029987689340487127 33.583333333333336 43.166666666666679 0.2950000000000001 -0.019467490725219246 0.50450000000000017 0.084039550274610533 0.13035218417644504 1.0000000180025095e-35 0.49734514951705938 56.500000000000007 0.09975918754935266 0.079680271446704878 37.500000000000007 0.034344297699390798 0.19500000000000006
decision_type=8 10 2 10 8 8 10 10 10 10 2 8 8 2 10 10 10 8 8 10 10 10 2 8 2 10 10 2 10 10
left_child=1 -1 -3 -4 5 6 9 15 -9 10 13 -12 16 14 20 -8 17 18 -13 -20 21 25 24 -24 -22 26 29 -27 -28 -2
right_child=4 2 3 -5 -6 -7 7 8 -10 -11 11 12 -14 -15 -16 -17 -18 -19 19 -21 22 -23 23 -25 -26 27 28 -29 -30 -31
leaf_value=0.00027857945907021781 -1.7018426455569682e-05 -0.0011811251711721221 0.00038987609843554139 -0.00066300177200901095 -2.9117156459676656e-06 -0.00076693927453431706 -0.00037005742833883101 0.00036919214471708983 0.0013221661941721463 0.00080775915207795615 -0.00013682132393233072 -0.00020622496135306583 -0.00032303551226843492 0.00071381226955542461 0.00049083443616460692 0.00041777318732168239 0.0011705607571348082 0.0011423655158432665 8.1540082461376698e-05 0.0011305089523234674 -5.7385174849583224e-05 0.0010673451401850987 -0.00073181432792625853 -0.00016758318167272402 0.0006177272569288367 0.00098574509805378829 -0.0007149210689707475 8.8463750258337576e-05 9.4548758764022021e-05 0.00043199973293291078
leaf_weight=91 1253 45 44 69 61715 42 70 75 65 41 161 71 43 41 87 65 40 40 82 62 595 43 120 359 70 54 104 112 53 116
leaf_count=91 1253 45 44 69 61715 42 70 75 65 41 161 71 43 41 87 65 40 40 82 62 595 43 120 359 70 54 104 112 53 116
internal_value=2.45263e-13 -0.000226476 -0.000517362 -0.000253032 8.59917e-07 6.10996e-05 7.0199e-05 0.000417751 0.000811644 4.32532e-05 3.43129e-05 0.000237944 0.000416457 5.2103e-07 -9.33903e-06 9.26842e-06 0.000524247 0.000422865 0.000289004 0.000533179 -2.44537e-05 3.94704e-05 -0.000121402 -0.000308935 1.36793e-05 1.33483e-05 -2.65746e-05 0.00038035 -0.000441661 2.10284e-05
internal_weight=65828 249 158 113 65579 3864 3822 275 140 3547 3506 499 338 3007 2966 135 295 255 215 144 2879 1735 1144 479 665 1692 1526 166 157 1369
internal_count=65828 249 158 113 65579 3864 3822 275 140 3547 3506 499 338 3007 2966 135 295 255 215 144 2879 1735 1144 479 665 1692 1526 166 157 1369
is_linear=0
shrinkage=0.03


Tree=244
num_leaves=31
num_cat=0
split_feature=63 8 34 30 8 7 77 57 54 66 34 41 70 33 33 46 18 38 10 47 26 51 40 66 17 35 77 34 14 47
split_gain=0.0142474 0.0568521 0.0309055 0.0679891 0.025888 0.0484142 0.0485575 0.0326089 0.0305216 0.0416142 0.0293051 0.0465497 0.0253597 0.0225803 0.0297709 0.0716279 0.0226075 0.0540436 0.053135 0.0700667 0.0359741 0.0352442 0.0520059 0.0303826 0.0487517 0.0276972 0.0273381 0.0292059 0.0280334 0.0272294
threshold=0.66312300329821838 0.95100000000000007 8.9673876762390154 9.291666507720949 0.80900000000000027 0.81166666666666687 509.80000000000001 0.29986263811588293 0.085257332772016539 2.4705732017755513 7.003676414489747 0.20513516664505008 55.500000000000007 13.045454502105715 12.035714149475099 0.37418070435523992 1.0000000180025095e-35 0.17612063139677051 0.46583125778331264 0.12532477825880053 43.500000000000007 0.75939863920211803 0.069843150675296797 4.4076804220676431 14.500000000000002 0.069366481155157103 997.25000000000011 2.8896498680114751 -0.060000000000000005 0.14330356568098071
decision_type=8 10 10 10 10 10 2 10 8 8 10 10 8 10 10 10 2 10 10 8 2 10 10 8 2 8 2 10 10 10
left_child=13 2 4 -4 5 -2 -7 8 -6 -10 11 -11 -12 14 16 -16 -1 18 19 -18 26 22 25 -19 -25 -20 27 28 -21 -29
right_child=1 -3 3 -5 7 6 -8 -9 9 10 12 -13 -14 -15 15 -17 17 23 21 20 -22 -23 -24 24 -26 -27 -28 29 -30 -31
leaf_value=5.8053624955761479e-07 -7.1987386289918984e-05 0.00076198085679942253 0.0013007630604601644 -0.00014367768733511462 0.00022603894755775399 0.00101373977805476 -0.00025388947548615461 0.00038685882516131787 0.00014876669271207237 -0.00057214247530441539 0.00027483614638101222 -0.001695414630943263 -0.00061081671180242367 -0.00048199462998106121 -0.00047802634717134592 0.001050458427498843 0.00011911835796503986 -0.00095347307325573637 -5.0707817094371419e-05 3.9457179622591607e-05 1.1866572134632376e-05 0.00073771578363404134 -0.00037348535356057573 -0.00082758696630480695 0.0006195164201728238 0.00098132142670113933 0.00021704946919473716 0.0019240384310657201 0.001019836444340139 0.00088458297803299505
leaf_weight=59563 3695 76 47 78 64 74 43 57 74 103 43 49 90 86 44 74 661 60 50 42 62 41 309 40 44 44 54 43 70 48
leaf_count=59563 3695 76 47 78 64 74 43 57 74 103 43 49 90 86 44 74 661 60 50 42 62 41 309 40 44 44 54 43 70 48
internal_value=7.65453e-14 -5.15668e-05 -6.55649e-05 0.000399432 -7.91075e-05 -5.29627e-05 0.000547859 -0.00028674 -0.000377509 -0.000485105 -0.00064969 -0.00093425 -0.000324478 3.77745e-06 4.45952e-06 0.000480515 3.5406e-06 0.000115983 0.000171991 0.00029534 0.000660488 -0.000100265 -0.000185519 -0.000437869 -6.95804e-05 0.00043237 0.000816965 0.000976549 0.000652194 0.00137575
internal_weight=65828 4493 4417 125 4292 3812 117 480 423 359 285 152 133 61335 61249 118 61131 1568 1424 980 319 444 403 144 84 94 257 203 112 91
internal_count=65828 4493 4417 125 4292 3812 117 480 423 359 285 152 133 61335 61249 118 61131 1568 1424 980 319 444 403 144 84 94 257 203 112 91
is_linear=0
shrinkage=0.03


Tree=245
num_leaves=31
num_cat=0
split_feature=21 38 43 70 11 17 30 57 35 43 44 58 22 47 70 8 43 15 71 59 62 66 61 66 46 63 65 12 67 53
split_gain=0.0141702 0.0337118 0.0321508 0.0321964 0.0398356 0.0483168 0.0542768 0.0263005 0.0352308 0.0648987 0.0249325 0.0234319 0.0300837 0.0275194 0.0206138 0.0173115 0.016427 0.0559891 0.0550178 0.0987565 0.0904877 0.0609946 0.0512999 0.0554502 0.0773267 0.0462756 0.0553606 0.066084 0.0704059 0.0622532
threshold=0.75500000000000012 0.29797104001045233 0.42900477349758154 71.500000000000014 0.52658835110240187 19.500000000000004 2.6124999523162846 0.13098545372486117 0.23582887649536136 0.17772197723388675 0.18890953063964847 44.500000000000007 16.500000000000004 0.057387078180909164 80.500000000000014 0.50450000000000017 0.40435186028480535 0.39355058020055939 10.500000000000002 29.166666666666668 44.32500000000001 2.1143364608287816 31.166666666666668 3.684637695550919 0.43210810422897344 0.39848374285676197 32.750000000000007 0.55642880981810816 -0.030049538567235575 0.64583334326744091
decision_type=2 8 10 10 8 2 10 8 10 10 10 10 2 8 10 8 10 10 8 8 10 10 8 8 10 8 8 10 8 10
left_child=16 2 3 4 5 15 -7 -6 9 11 -11 12 13 -9 -5 -2 -1 18 19 21 25 -18 23 -21 -25 -20 -27 28 -28 -29
right_child=1 -3 -4 14 7 6 -8 8 -10 10 -12 -13 -14 -15 -16 -17 17 -19 20 22 -22 -23 -24 24 -26 26 27 29 -30 -31
leaf_value=1.5024325725454594e-06 0.00011794121694069951 -0.00069572579176367623 0.00078600756380183153 0.00077106655696652037 -0.00076708782957551078 0.00011161545249210162 0.0013426806209498039 -0.00023067270227543571 -0.0008302354271450894 7.4278896317991896e-05 0.00096729271701727099 -0.00085723754583025822 -0.00055430003955533912 0.00079330664706173018 4.5406119565346405e-05 -0.00049045516469050201 0.0015522469551475762 -0.0011568264998121386 -0.00096662936641312217 0.00012341934502986608 0.0013923483369095871 0.00012053360946109176 -0.0001659870704222865 -0.0012603255952331304 -4.3374827237130371e-06 0.00056695611368363301 0.00069827755425180967 -0.00022766949535467875 -2.3833786568711281e-05 0.0008948990458652298
leaf_weight=61461 342 46 64 95 59 66 63 51 50 48 68 49 77 44 56 48 43 42 41 67 45 71 1080 142 64 169 202 823 305 47
leaf_count=61461 342 46 64 95 59 66 63 51 50 48 68 49 77 44 56 48 43 42 41 67 45 71 1080 142 64 169 202 823 305 47
internal_value=-8.95605e-14 0.000101037 0.000132097 9.45971e-05 3.08563e-05 0.000209537 0.000712833 -0.00017707 -8.7119e-05 2.31357e-05 0.00059777 -0.000278482 -0.000113604 0.000243591 0.000501947 4.30617e-05 -1.91746e-06 -6.88356e-05 -5.40903e-05 -0.000187414 6.5754e-05 0.000660566 -0.000258862 -0.000626281 -0.000870116 2.81379e-05 5.45191e-05 -8.37253e-06 0.000263871 -0.000167025
internal_weight=65828 1226 1180 1116 965 519 129 446 387 337 116 221 172 95 151 390 64602 3141 3099 1467 1632 114 1353 273 206 1587 1546 1377 507 870
internal_count=65828 1226 1180 1116 965 519 129 446 387 337 116 221 172 95 151 390 64602 3141 3099 1467 1632 114 1353 273 206 1587 1546 1377 507 870
is_linear=0
shrinkage=0.03


Tree=246
num_leaves=31
num_cat=0
split_feature=62 7 58 71 63 9 43 44 66 44 47 47 35 37 32 7 11 45 41 30 51 38 51 14 47 39 63 28 14 46
split_gain=0.0142901 0.0529712 0.0474671 0.0403279 0.0380095 0.0288801 0.0372922 0.0256668 0.0191736 0.0435518 0.0404515 0.02196 0.0230611 0.0273851 0.0431721 0.0227917 0.025 0.0292668 0.026963 0.0183208 0.0510164 0.0574829 0.0409061 0.0403107 0.0600839 0.0426555 0.0568677 0.0612869 0.0466329 0.0541481
threshold=44.32500000000001 0.88416666666666688 46.500000000000007 12.500000000000002 0.68142102575162566 0.84096705831056096 0.39781975746154791 -0.014764040242880581 3.7945599853992467 0.29381400346755987 0.21250804513692859 0.27195240557193762 0.2124435901641846 0.18336537480354312 6.7489068508148202 0.78833333333333344 0.52945384825855324 0.10297473147511484 0.13897484540939334 9.291666507720949 1.0465247631073 0.29128988087177282 1.1970898509025576 0.095000000000000057 0.30634218454360967 0.31493604183197027 0.52660245745384127 9.166666507720949 -0.014999999999999956 0.37418070435523992
decision_type=10 10 10 8 10 10 10 8 10 10 8 10 8 10 10 10 10 10 10 10 8 8 8 10 10 10 8 10 8 10
left_child=19 5 3 -3 -4 6 7 -2 9 11 -10 12 13 14 15 16 18 -18 -9 -1 21 -21 -22 25 -25 26 27 -24 -27 -30
right_child=1 2 4 -5 -6 -7 -8 8 10 -11 -12 -13 -14 -15 -16 -17 17 -19 -20 20 22 -23 23 24 -26 28 -28 -29 29 -31
leaf_value=-1.8101806960599072e-07 0.00042172921984002913 0.00030300264500758865 0.00054673163285490147 0.0016107238405923608 -0.00060592281344511059 -0.00075974488852270801 0.00080968809193291238 -0.00012232287910782331 -0.00042250637190106014 -0.0011143419588916003 0.00076736858545336866 0.00055800999939674509 -0.0006125730643003818 0.00057157403238269748 -0.0010072514444661518 0.00056086277480908611 -0.00010427580504969965 -0.00093748853689821891 0.00065890136044245294 -1.3665909014110053e-05 -0.0007568618715105747 0.0011535416603865416 0.00022235354723715298 -0.00097340976017921315 6.1687183938915417e-05 -0.00047975843047148051 0.00013566606787172064 0.0013414230430789757 -0.00054112762741217589 0.00040219999999603065
leaf_weight=61616 77 44 52 41 51 61 40 1316 45 42 60 40 93 49 51 43 79 73 41 70 55 83 98 78 143 184 851 80 76 196
leaf_count=61616 77 44 52 41 51 61 40 1316 45 42 60 40 93 49 51 43 79 73 41 70 55 83 98 78 143 184 851 80 76 196
internal_value=-2.74562e-13 -7.34934e-05 0.000409041 0.000933786 -2.40002e-05 -0.000116487 -9.73369e-05 -0.000115396 -0.000136803 -0.00015946 0.000257422 -0.000136992 -0.000152923 -0.000127047 -0.000148402 -0.00012018 -0.000139587 -0.000504437 -9.87192e-05 2.6584e-06 9.40656e-05 0.000619525 4.84124e-05 7.43737e-05 -0.000303641 0.00013063 0.000237664 0.000725306 -0.000110899 0.000138623
internal_weight=65828 2298 188 85 103 2110 2049 2009 1932 1827 105 1785 1745 1652 1603 1552 1509 152 1357 63530 1914 153 1761 1706 221 1485 1029 178 456 272
internal_count=65828 2298 188 85 103 2110 2049 2009 1932 1827 105 1785 1745 1652 1603 1552 1509 152 1357 63530 1914 153 1761 1706 221 1485 1029 178 456 272
is_linear=0
shrinkage=0.03


Tree=247
num_leaves=31
num_cat=0
split_feature=66 42 41 42 40 70 10 63 43 46 51 54 40 14 33 39 52 12 75 46 47 56 53 55 78 43 50 56 33 71
split_gain=0.0142996 0.0288837 0.0340899 0.0475769 0.0331467 0.0419852 0.0736832 0.0525323 0.0536596 0.0600198 0.069147 0.046587 0.0368279 0.0362915 0.0394388 0.0491644 0.0782739 0.0468237 0.0388566 0.0376968 0.0452775 0.0743607 0.0461815 0.0434532 0.0612218 0.0438488 0.042362 0.0552593 0.0381512 0.0455834
threshold=inf 0.09975918754935266 0.13333666324615481 0.092643775045871748 0.12821406126022342 40.500000000000007 0.69779554263565902 0.66934270769101356 0.099514279514551177 0.19831543415784839 0.62983715534210216 0.30597643554210668 0.12498165294528009 -0.18499999999999991 8.6076927185058612 0.21746730804443362 0.70714285969734203 0.59126989342688796 7.5000000000000009 0.064989525824785246 0.092171315103769316 0.14290284365415576 0.29285715520381933 0.30679653584957128 1430.4500000000003 0.13397911190986636 1.0000000180025095e-35 0.021165752783417705 10.620192527770998 7.5000000000000009
decision_type=8 10 10 10 10 10 8 10 10 10 8 8 10 8 8 10 10 8 2 10 8 8 8 8 2 10 10 10 10 8
left_child=-1 2 -2 -4 5 7 12 8 -3 10 -10 -8 -7 14 15 17 -17 18 -6 -15 21 -21 -23 24 26 -26 27 -22 -25 -30
right_child=1 4 3 -5 13 6 11 -9 9 -11 -12 -13 -14 19 -16 16 -18 -19 -20 20 23 22 -24 28 25 -27 -28 -29 29 -31
leaf_value=-7.7919920343146963e-06 -2.712591777224998e-06 0.00024558668804199307 -0.00055542826384002834 0.00040145780338207259 0.00031175456105054101 -0.00014645932619561155 0.00016259847269247985 -0.00053105485312302002 0.00059890658177901056 -8.9320314489305019e-05 0.0018500005990393798 0.0015354267006941055 0.00074472114246843077 -0.00023471246931489618 -0.0001838209596157427 0.00012917825489218326 0.0019095534945423108 -0.00012532487628795933 0.0014007366425357758 0.0015860658740116792 9.4937568665836401e-05 -0.00065690735820680859 0.00058859230566618809 0.00015753492654315497 -0.0013011038833931879 -0.00030420206237522505 -3.6996557659954689e-05 0.0013976927961054971 0.00045416924117354086 -0.00066199809692939616
leaf_weight=50229 7829 445 212 60 99 575 45 55 100 50 66 44 45 496 124 43 46 150 42 44 92 42 74 2031 47 256 2287 43 47 110
leaf_count=50229 7829 445 212 60 99 575 45 55 100 50 66 44 45 496 124 43 46 150 42 44 92 42 74 2031 47 256 2287 43 47 110
internal_value=-1.09652e-13 2.50903e-05 -1.41835e-05 -0.00034435 6.75226e-05 0.000197738 3.4096e-05 0.00035978 0.000433904 0.000821874 0.00109633 0.0008413 -8.17769e-05 3.69681e-05 0.000280746 0.000432342 0.00104937 0.000243629 0.000636132 1.49059e-05 3.93118e-05 0.000535954 0.000137636 2.31378e-05 -5.68087e-05 -0.000458837 -6.51366e-06 0.000509889 0.000122705 -0.000327859
internal_weight=65828 15599 8101 272 7498 1425 709 716 661 216 166 89 620 6073 504 380 89 291 141 5569 5073 160 116 4913 2725 303 2422 135 2188 157
internal_count=65828 15599 8101 272 7498 1425 709 716 661 216 166 89 620 6073 504 380 89 291 141 5569 5073 160 116 4913 2725 303 2422 135 2188 157
is_linear=0
shrinkage=0.03


Tree=248
num_leaves=31
num_cat=0
split_feature=75 28 44 31 65 56 34 62 71 44 47 47 10 38 34 35 43 63 14 35 39 8 71 26 39 44 14 65 66 15
split_gain=0.013951 0.0386436 0.054935 0.0317537 0.0333363 0.0317517 0.0396386 0.0404974 0.0384372 0.0318011 0.0465839 0.0316413 0.0302085 0.056506 0.0408464 0.0248357 0.0334029 0.0526657 0.0525991 0.0347189 0.0326896 0.0310276 0.046145 0.0401744 0.0355853 0.0411818 0.0328582 0.0303769 0.0222119 0.021908
threshold=11.500000000000002 11.166666507720949 0.3603376597166062 6.2535047531127939 38.083333333333343 0.29073403775691992 7.2678608894348153 39.550000000000004 5.5000000000000009 0.33336120843887335 0.28634639084339147 0.26875261962413793 0.55705244122965658 0.21281642466783526 6.6006133556365976 0.17108014225959781 0.0098159657791256922 0.53166981673250924 -1.0000000180025095e-35 0.21680375933647159 0.15045134723186496 0.46450000000000008 9.5000000000000018 41.500000000000007 0.090337503701448454 0.090498860925436034 -0.010000000000000002 30.083333333333339 2.8214546144008641 -0.031227836879432588
decision_type=2 10 8 10 10 10 10 10 10 10 10 10 10 10 10 10 10 10 10 8 10 10 10 2 10 10 8 10 10 8
left_child=-1 2 5 -4 -5 6 9 8 -8 10 11 12 14 -14 15 20 -17 18 -18 -19 21 27 23 24 26 -26 -23 -2 -12 -25
right_child=1 -3 3 4 -6 -7 7 -9 -10 -11 28 -13 13 -15 -16 16 17 19 -20 -21 -22 22 -24 29 25 -27 -28 -29 -30 -31
leaf_value=3.5625729616436769e-06 0.0007106208201201463 0.00081110063504994561 -0.0012524261973474336 3.7276814411203542e-05 -0.0009150788171894171 -0.00065476194436259161 0.00014652279291735732 -0.00029619151842780411 0.0011104005313475344 0.00075101540762592439 -0.0012104033843303721 0.00072151719941757617 -0.00033447907810593372 0.00082113028481239231 -0.00091062023614843675 0.0010877531669684687 0.0014061635166184383 0.00011578365172248422 -8.7323610034839406e-05 -0.0010143317452166228 -0.00066557728637105479 -0.0001432439535266611 -0.00024064558376522382 -0.00047791709366720167 0.0017126485327702708 0.00054232148673666054 0.00082199897752919539 -8.6982634627144444e-05 -0.00024509609720553273 0.00022272178064988967
leaf_weight=61721 44 46 46 83 55 74 73 58 76 44 45 48 535 41 45 40 44 63 41 40 70 77 171 57 43 73 54 1844 41 136
leaf_count=61721 44 46 46 83 55 74 73 58 76 44 45 48 535 41 45 40 44 63 41 40 70 77 171 57 43 73 54 1844 41 136
internal_value=-4.76966e-13 -5.35392e-05 -6.33332e-05 -0.00056982 -0.000342285 -3.92957e-05 -2.73197e-05 0.000376365 0.000638165 -5.05574e-05 -6.04868e-05 -4.33733e-05 -5.41149e-05 -0.000252222 -1.39637e-05 4.62313e-07 0.000300536 0.000133043 0.000685776 -0.000323096 -2.61694e-05 -8.25876e-06 0.000177561 0.000340092 0.000593488 0.00097615 0.000254642 -6.83944e-05 -0.000750199 1.57973e-05
internal_weight=65828 4107 4061 184 138 3877 3803 207 149 3596 3552 3466 3418 576 2842 2797 228 188 85 103 2569 2499 611 440 247 116 131 1888 86 193
internal_count=65828 4107 4061 184 138 3877 3803 207 149 3596 3552 3466 3418 576 2842 2797 228 188 85 103 2569 2499 611 440 247 116 131 1888 86 193
is_linear=0
shrinkage=0.03


Tree=249
num_leaves=31
num_cat=0
split_feature=7 21 57 67 77 44 57 15 44 32 43 59 66 63 10 70 12 35 33 11 62 36 12 45 9 65 8 44 47 67
split_gain=0.013783 0.0155218 0.0281454 0.0378507 0.0512301 0.0359746 0.0341311 0.0580633 0.0369192 0.0478403 0.0575728 0.0440349 0.0709486 0.055142 0.0442014 0.0370972 0.033092 0.0285994 0.0248978 0.0277899 0.0541739 0.0435624 0.0376933 0.0598844 0.0644829 0.0587461 0.0411261 0.0374381 0.0390097 0.0319769
threshold=0.028333333333333339 0.17500000000000002 0.24447601288557055 -0.063394279316136101 704.80000000000007 0.24362002313137057 0.20010823011398318 0.019903071544658372 0.33336120843887335 8.6703624725341815 0.28255799412727362 43.166666666666679 5.9697962701320657 0.5846033142601772 0.74090608465608476 17.500000000000004 0.506720151736057 0.29478609561920172 8.7596154212951678 0.52658835110240187 42.300000000000004 0.23494421690702441 0.52841688639334361 0.21814522892236712 0.61473860691967708 38.291666666666679 0.77633333333333354 0.19430094212293628 0.18498488515615466 0.026758493241766743
decision_type=8 2 10 10 2 10 10 10 10 10 8 10 10 10 10 8 10 10 10 10 10 10 10 10 10 10 10 10 10 10
left_child=-1 -2 6 -4 5 -5 8 -8 9 15 -11 12 13 14 16 -3 -10 -14 19 22 21 29 23 27 -25 -24 -26 -17 -29 -21
right_child=1 2 3 4 -6 -7 7 -9 11 10 -12 -13 17 -15 -16 18 -18 -19 -20 20 -22 -23 25 24 26 -27 -28 28 -30 -31
leaf_value=-7.674196200038368e-05 -2.3681084262551446e-06 0.00088174917662090207 -0.00099492588255648451 0.00085347263338637555 -0.00093486908833173479 -0.00020885019086563261 0.0012814268463660241 -0.00023264234566886444 0.0010131172352470458 0.00010016466239467263 -0.0013394954713527112 0.0010504840309954488 -2.2480527621282393e-05 -0.00037608505612680396 0.0013961310051464741 5.8084669956587611e-05 4.6629894442792811e-05 -0.0011299029781757116 0.00078078850480233083 -0.00022452872333664 -0.0007919453992079453 0.00077109956875834275 4.3877779641675194e-05 -0.0011885682579693975 0.00060724366736831137 0.0014453226638336976 -0.000549156064751573 0.0012161253116881618 8.9079981425114102e-05 0.00015014186853494599
leaf_weight=2041 57661 47 52 52 44 64 53 40 50 50 50 64 43 57 56 3783 88 41 40 577 95 56 67 71 50 45 62 52 59 318
leaf_count=2041 57661 47 52 52 44 64 53 40 50 50 50 64 43 57 56 3783 88 41 40 577 95 56 67 71 50 45 62 52 59 318
internal_value=-2.15411e-13 2.45552e-06 4.7858e-05 -0.000291775 -6.32505e-05 0.000267363 6.00328e-05 0.000630214 5.09232e-05 3.04279e-05 -0.000619665 0.000329434 0.000191681 0.000444246 0.000685271 4.26431e-05 0.000396806 -0.000563008 3.51667e-05 2.94695e-05 -0.000108854 -4.06166e-05 6.40091e-05 4.90936e-05 -0.000481278 0.000606958 -3.29062e-05 7.40186e-05 0.000617065 -9.14055e-05
internal_weight=65828 63787 6126 212 160 116 5914 93 5821 5422 100 399 335 251 194 5322 138 84 5275 5235 1046 951 4189 4077 183 112 112 3894 111 895
internal_count=65828 63787 6126 212 160 116 5914 93 5821 5422 100 399 335 251 194 5322 138 84 5275 5235 1046 951 4189 4077 183 112 112 3894 111 895
is_linear=0
shrinkage=0.03


Tree=250
num_leaves=31
num_cat=0
split_feature=17 77 12 70 78 22 9 64 26 46 36 29 10 77 39 44 63 45 53 6 9 78 14 26 64 7 6 66 38 58
split_gain=0.0137311 0.0545046 0.0410295 0.0445666 0.0329772 0.0203069 0.0942894 0.0480804 0.0327693 0.0488274 0.0317397 0.0609803 0.0782788 0.089911 0.0717224 0.0527943 0.0447952 0.0439512 0.0366621 0.0337014 0.0650288 0.0425221 0.0388255 0.038718 0.0335531 0.0333201 0.0523708 0.0318602 0.0315384 0.048856
threshold=111.50000000000001 870.15000000000009 0.71743788766961247 55.500000000000007 255.05000000000004 90.500000000000014 0.95040313188014214 1.8333333333333337 124.50000000000001 0.16243175417184832 0.32720977067947393 8.3666663169860858 0.72625313283208037 423.60000000000008 0.23796812444925311 0.35516698658466345 0.5846033142601772 0.32948528230190283 0.26136364042758947 0.79500000000000015 0.89204305236517201 1199.9500000000003 -0.215 96.500000000000014 5.166666666666667 0.70833333333333348 0.70500000000000007 1.40740741789341 0.113449614495039 33.500000000000007
decision_type=2 2 10 10 2 2 10 8 2 10 10 10 10 2 10 10 10 8 8 10 10 2 10 2 8 8 10 10 10 10
left_child=5 2 3 4 -2 8 7 -7 -1 -10 11 17 13 15 -14 -13 -16 19 -19 22 21 -21 23 -9 -22 -24 -27 -28 -25 -30
right_child=1 -3 -4 -5 -6 6 -8 10 9 -11 -12 12 14 -15 16 -17 -18 18 -20 20 24 -23 25 28 -26 26 27 -29 29 -31
leaf_value=-1.5242768928533954e-06 -0.0011403422151692211 0.00044334549506540208 -0.0012771056767918968 0.00050057787889667418 -0.0001951538398861885 0.0009675441662137231 0.0013193915692358536 0.001130555897146802 7.9407584500066671e-06 -0.00099822434719425406 -0.00057927462309822185 -0.00022689573123658958 0.00098634360202898589 0.0018577350459286364 -0.001177870121477595 0.0011563895600556861 4.7099148960905552e-05 -3.1587886180081486e-05 -0.0010891812568007803 0.00031873049074031799 -0.00098746716463829986 0.0012213574509185397 -2.8876926773716875e-05 0.00052607054316872051 0.00016527768425558776 -0.0013004599101734539 -0.00071604058882741731 0.00031260981041668855 0.0005596488780104258 -0.00069446104986760153
leaf_weight=62307 50 89 42 53 99 51 54 44 105 74 73 57 45 58 44 44 69 59 59 267 47 57 1553 108 44 49 47 64 47 69
leaf_count=62307 50 89 42 53 99 51 54 44 105 74 73 57 45 58 44 44 69 59 59 267 47 57 1553 108 44 49 47 64 47 69
internal_value=2.61455e-13 -0.000192154 -0.000423956 -0.000246568 -0.000512331 9.76982e-07 7.71005e-05 5.43987e-05 -2.68873e-06 -0.000408016 3.83621e-05 5.42884e-05 0.00044639 0.000916332 -2.65252e-05 0.000375724 -0.00042988 4.84677e-06 -0.000560385 3.26837e-05 0.000278505 0.000477526 -1.88135e-05 0.000316962 -0.000430096 -7.13458e-05 -0.000483559 -0.000122945 0.000157149 -0.00018633
internal_weight=65828 333 244 202 149 65495 3009 2955 62486 179 2904 2831 317 159 158 101 113 2514 118 2396 415 324 1981 268 91 1713 160 111 224 116
internal_count=65828 333 244 202 149 65495 3009 2955 62486 179 2904 2831 317 159 158 101 113 2514 118 2396 415 324 1981 268 91 1713 160 111 224 116
is_linear=0
shrinkage=0.03


Tree=251
num_leaves=31
num_cat=0
split_feature=51 66 14 66 9 9 14 47 43 34 30 30 28 28 35 66 77 43 63 47 67 67 57 36 9 17 57 42 63 63
split_gain=0.0137679 0.0303367 0.0507686 0.0550084 0.0291553 0.042644 0.0291868 0.0257 0.0421137 0.0428183 0.0325463 0.0598196 0.0451834 0.0288499 0.0254751 0.054964 0.0420247 0.048641 0.0537906 0.0532359 0.0454226 0.0445026 0.060456 0.048838 0.0504998 0.0446514 0.0441469 0.0334628 0.0456153 0.062578
threshold=0.48691760003566747 3.9229968711733822 0.02499999999999997 4.8610740602016458 0.92846784630052637 0.89204305236517201 0.010000000000000007 0.36921973526477819 0.43759498000144964 3.1257183551788335 7.5357143878936776 6.3875000476837167 5.8333332538604745 5.5833332538604745 0.12034482508897783 1.9495554119348528 648.95000000000016 0.18376502394676211 0.58634041720730112 0.18232943117618564 -0.00087557678806499107 -0.057638764794242923 0.16662157326936725 0.10317659750580789 0.55019031129665696 14.500000000000002 0.18672619014978412 0.11418779194355012 0.53111164138047229 0.55391931557697383
decision_type=8 10 8 10 10 8 10 10 8 10 10 10 10 10 8 8 2 10 10 8 10 10 10 10 10 2 10 10 10 10
left_child=1 4 3 -3 5 7 -7 8 10 -10 11 14 -13 -11 -1 -16 21 18 -18 -19 -21 22 23 -17 -25 -26 27 -23 -29 -30
right_child=-2 2 -4 -5 -6 6 -8 -9 9 13 -12 12 -14 -15 15 16 17 19 -20 20 -22 26 -24 24 25 -27 -28 28 29 -31
leaf_value=-1.8537722574632916e-06 6.7886713316810511e-06 -0.00075299583673260585 -0.0011369554121126184 0.00076446177183412181 0.00060132938703659348 -0.00026149406098545006 -0.0011553887869231404 0.00043674761822926067 2.1717444250590347e-05 -0.0012628107309305611 -0.00071979885518854727 0.0013279444198398029 0.00016083436959888784 -0.00023880817549070343 -0.00043278433200666361 -0.00037702423505834302 0.00035741663494471659 0.0012531495646107942 -0.00052465046993087783 -0.0005322024270108986 0.00086461815524307897 -0.00013063607529383497 -0.00094503595786954984 0.0011477587351524372 -0.00063119141092231844 0.00053794529979926187 0.00059979633711918715 -0.0014734551650563356 0.00064242122462019322 -0.00061903387455871164
leaf_weight=10263 52881 43 59 43 67 122 45 110 89 65 59 51 72 40 403 72 140 70 112 44 40 324 40 76 42 98 48 43 42 225
leaf_count=10263 52881 43 59 43 67 122 45 110 89 65 59 51 72 40 403 72 140 70 112 44 40 324 40 76 42 98 48 43 42 225
internal_value=-7.48335e-14 -2.77278e-05 -0.000459223 5.73297e-06 -2.28405e-05 -2.61243e-05 -0.000502364 -1.97962e-05 -2.38273e-05 -0.000462382 -1.689e-05 -1.34921e-05 0.000644758 -0.000872715 -2.01933e-05 -0.000123667 -3.5691e-05 0.000222083 -3.46132e-05 0.000642132 0.00013295 -0.000139311 0.000147839 0.000299627 0.000525177 0.000187204 -0.000277413 -0.000343826 -0.000566644 -0.000420603
internal_weight=65828 12947 145 86 12802 12735 167 12568 12458 194 12264 12205 123 105 12082 1819 1416 406 252 154 84 1010 328 288 216 140 682 634 310 267
internal_count=65828 12947 145 86 12802 12735 167 12568 12458 194 12264 12205 123 105 12082 1819 1416 406 252 154 84 1010 328 288 216 140 682 634 310 267
is_linear=0
shrinkage=0.03


Tree=252
num_leaves=31
num_cat=0
split_feature=62 34 35 27 65 39 37 41 78 6 34 59 8 36 62 10 36 65 6 58 32 58 63 70 22 7 39 8 14 10
split_gain=0.0136445 0.049134 0.0267245 0.0365511 0.0448691 0.0359329 0.0689486 0.0542106 0.0425543 0.0353912 0.0577562 0.0575339 0.0606204 0.0725232 0.0615864 0.0478708 0.0441105 0.043699 0.0489747 0.0477762 0.0397457 0.0388218 0.0382837 0.0352716 0.0340016 0.0313579 0.0301492 0.0302438 0.0520657 0.0312813
threshold=28.300000000000001 9.2784748077392596 0.13182721287012103 8.5000000000000018 33.583333333333343 0.17433517426252368 0.18181879073381427 0.14015210419893268 313.45000000000005 0.6150000000000001 4.7609658241271982 27.833333333333339 0.93100000000000005 0.23494421690702441 26.733333333333338 0.662066996574039 0.21212260425090793 31.250000000000004 0.83500000000000008 26.500000000000004 5.4887032508850107 22.500000000000004 0.42099290917821625 75.500000000000014 23.500000000000004 0.59833333333333349 0.1912602782249451 0.66900000000000015 0.044999999999999991 0.70304764851485158
decision_type=8 8 8 10 10 10 10 10 2 8 10 10 8 10 10 8 8 10 10 10 10 10 10 8 2 10 10 10 10 8
left_child=1 2 5 9 -5 6 7 -1 24 10 21 15 13 16 -15 -11 26 19 -19 -17 23 -4 -12 -14 -9 -23 27 -13 29 -29
right_child=-2 -3 3 4 -6 -7 -8 8 -10 11 22 12 20 14 -16 17 -18 18 -20 -21 -22 25 -24 -25 -26 -27 -28 28 -30 -31
leaf_value=6.8607479519918201e-05 -3.8006823515668314e-06 0.0010142339822499357 0.00076362864355692956 0.00090549869662641565 -0.00016614653386432787 0.00098259198758751144 -0.00098497966601927248 0.00041369419029381655 -4.6639764189663133e-05 -0.0010093469453580758 0.0013836787395057795 -0.00048964418429188125 0.00028133970648587606 0.0017870362062240019 0.00023995191651523452 -0.00043590492173098026 -0.00077609358122572298 -0.00013031159061938525 -0.0012599202945467924 0.00077694426014970398 -0.0011450110327910054 -7.3226726658111619e-05 0.00022476221970683927 -0.00076691882765422066 0.001566357447847943 -0.00095904302076881074 0.0006695551145561178 0.00032647356706126251 0.00092721434958678269 -0.00084541651891635323
leaf_weight=2925 61097 47 41 74 67 40 54 42 49 115 46 88 65 40 55 60 61 78 62 57 58 197 58 52 51 44 67 41 56 41
leaf_count=2925 61097 47 41 74 67 40 54 42 49 115 46 88 65 40 55 60 61 78 62 57 58 197 58 52 51 44 67 41 56 41
internal_value=5.44832e-14 4.90827e-05 3.93982e-05 -6.38374e-05 0.000396277 8.91382e-05 7.76873e-05 9.63974e-05 0.000668831 -0.000110781 0.000133085 -0.000205291 -2.92426e-05 0.000155358 0.000891356 -0.000500599 -4.2155e-05 -0.000272949 -0.000630567 0.00015497 -0.000502876 -8.97687e-05 0.00073736 -0.000184553 0.0010458 -0.000234953 0.000110645 -5.50502e-05 0.000222082 -0.000259471
internal_weight=65828 4731 4684 1523 141 3161 3121 3067 142 1382 386 996 624 449 95 372 354 257 140 117 175 282 104 117 93 241 293 226 138 82
internal_count=65828 4731 4684 1523 141 3161 3121 3067 142 1382 386 996 624 449 95 372 354 257 140 117 175 282 104 117 93 241 293 226 138 82
is_linear=0
shrinkage=0.03


Tree=253
num_leaves=31
num_cat=0
split_feature=66 42 47 44 10 37 21 71 12 55 57 7 56 77 11 65 60 11 42 59 39 37 8 41 62 47 36 51 17 34
split_gain=0.0135814 0.0270569 0.0332822 0.0410434 0.0325433 0.0320064 0.0381617 0.0406836 0.0319751 0.0428404 0.0520972 0.0372523 0.0460511 0.0357982 0.0347665 0.031245 0.0383301 0.0340208 0.0297508 0.0294093 0.0323798 0.0352301 0.0296487 0.0340135 0.0308244 0.0291732 0.0282294 0.0282241 0.0342115 0.0421296
threshold=inf 0.09975918754935266 0.17982897907495501 0.2248380780220032 0.38651515151515153 0.11855509132146837 0.085000000000000006 2.5000000000000004 0.39572170113836785 0.12485745549201967 0.13621031492948535 0.61833333333333351 0.0014601314323954286 2161.1500000000001 0.47643480912591457 41.083333333333343 46.366666666666674 0.62131914877614103 0.063699569553136839 30.833333333333339 0.12670968472957614 0.12717705965042117 0.4920000000000001 0.044074866920709617 31.900000000000002 -0.0083427866920828802 0.086655221879482283 0.027455311268568042 11.500000000000002 4.2969522476196298
decision_type=8 10 10 10 10 10 2 10 8 10 10 8 8 2 8 10 10 8 10 10 10 8 10 10 10 10 10 8 2 10
left_child=-1 2 3 8 -4 6 27 -8 9 -2 18 13 -13 14 19 -14 17 -17 -11 -10 21 22 24 -24 -21 -26 -7 -3 29 -29
right_child=1 5 4 -5 -6 26 7 -9 11 10 -12 12 15 -15 -16 16 -18 -19 -20 20 -22 -23 23 -25 25 -27 -28 28 -30 -31
leaf_value=-7.5937888531775688e-06 2.1623178093577008e-05 -0.000450210059480014 0.00031838380312005618 0.00080513293322707923 -0.00062063024877666252 -0.00067644154310834645 0.001380784731762833 0.00023062301071120363 -0.00052947335789212959 0.00052819006137724497 3.3199748020920458e-05 0.00078592403847521728 -6.2686275890048494e-05 -0.00088255081967007906 -0.00029314809488152572 0.0010769932814291678 -0.00050857353703725311 0.00022585966651591673 0.0015381542385356235 0.00048501585702524606 0.0007568931961706017 -0.00089046611273079174 0.00090148172917236624 0.00010140274906521569 0.00047663461566116894 -0.00030793536199600176 4.6366777964862876e-05 0.00029672914124343407 9.0437653658601884e-05 0.0012811873443698621
leaf_weight=50229 4059 64 43 56 146 49 50 62 96 70 136 69 1343 61 794 60 43 143 42 64 51 40 57 297 48 383 6427 168 627 51
leaf_count=50229 4059 64 43 56 146 49 50 62 96 70 136 69 1343 61 794 60 43 143 42 64 51 40 57 297 48 383 6427 168 627 51
internal_value=1.19666e-13 2.44521e-05 -1.35594e-05 -4.16122e-06 -0.000406992 6.55206e-05 0.000221546 0.000744088 -9.93012e-06 4.50103e-05 0.000427786 -7.66048e-05 2.71954e-05 -0.000167615 -0.000143784 -5.75129e-06 0.000305077 0.000477426 0.000906927 -2.93101e-05 2.17704e-05 -2.0402e-05 2.05905e-05 0.000230229 -0.000129333 -0.000220559 4.08977e-05 0.000157233 0.000203186 0.000525987
internal_weight=65828 15599 8101 7912 189 7498 1022 112 7856 4307 248 3549 1658 1891 1830 1589 246 203 112 1036 940 889 849 354 495 431 6476 910 846 219
internal_count=65828 15599 8101 7912 189 7498 1022 112 7856 4307 248 3549 1658 1891 1830 1589 246 203 112 1036 940 889 849 354 495 431 6476 910 846 219
is_linear=0
shrinkage=0.03


Tree=254
num_leaves=31
num_cat=0
split_feature=47 35 7 11 44 38 40 46 7 26 31 72 54 57 14 35 33 57 33 12 10 38 14 14 65 78 1 39 26 7
split_gain=0.0136406 0.0348369 0.0215088 0.0196176 0.0151081 0.030143 0.0410092 0.0306092 0.0440136 0.028772 0.0266397 0.0248887 0.0285956 0.0344753 0.061564 0.034944 0.0494225 0.0302847 0.0283915 0.0271295 0.0223277 0.0217376 0.0234283 0.0230108 0.0316686 0.0396137 0.024049 0.0514709 0.0373957 0.0429712
threshold=-0.045554328709840768 0.099714759737253203 0.6641666666666669 0.42966550034692091 -0.0088804396800696832 0.2042532563209534 0.17857313156127932 0.0018578604795038702 0.35833333333333345 39.500000000000007 6.6289787292480478 1.0000000180025095e-35 0.10862283781170846 0.14431726187467578 -0.054999999999999986 0.11814556270837785 2.3452380895614628 0.09993386268615724 3.2403845787048344 0.66517973362331284 0.53105709876543228 0.15839239209890368 -0.49499999999999988 0.25500000000000012 35.583333333333343 255.05000000000004 2.5000000000000004 0.068880613893270506 60.500000000000007 0.64416666666666689
decision_type=8 10 10 8 8 10 10 10 8 2 10 2 10 10 8 10 8 10 10 10 10 10 8 10 10 2 8 10 2 10
left_child=1 -1 3 -3 5 6 7 10 -9 -10 11 12 19 15 -15 16 -14 -17 -18 21 -16 22 -2 26 -25 -26 28 -28 -24 -30
right_child=4 2 -4 -5 -6 -7 -8 8 9 -11 -12 -13 13 14 20 17 18 -19 -20 -21 -22 -23 23 24 25 -27 27 -29 29 -31
leaf_value=0.0002690285247215932 0.00072713791826390652 -0.00071601061639375982 -0.00096183591220515622 0.00017145157134269967 -2.8098519977237793e-06 -0.00074122802104933981 0.0007224266885480444 0.0013051788206212222 -0.00045195546166768306 0.00066523903706443624 -0.00072400922864312078 0.00073087286990522297 0.00016291759945618521 -0.00086872769250995977 0.00090254667680710542 -0.00055431792425901386 0.0017235931279719807 0.00057161724767485248 0.0006486188721411475 0.00068550494759200278 -3.1513966506977073e-05 -0.00056154348311059543 7.612674817770479e-05 0.00082658304336845226 -0.00039740148612152181 0.00064027653342284448 -4.7070965414026874e-05 -0.00081782173691713022 -8.324206202026055e-05 -0.00077913321959714103
leaf_weight=81 40 40 57 51 61705 42 84 42 41 42 41 47 70 56 42 43 48 43 41 52 51 62 1829 69 79 57 321 103 452 97
leaf_count=81 40 40 57 51 61705 42 84 42 41 42 41 47 70 56 42 43 48 43 41 52 51 62 1829 69 79 57 321 103 452 97
internal_value=8.32659e-14 -0.000231134 -0.000504872 -0.000218642 8.06868e-07 5.8118e-05 6.68337e-05 5.22185e-05 0.000513819 0.000113372 3.63799e-05 4.50351e-05 3.59678e-05 0.000276967 -8.28792e-05 0.000495812 0.000759309 8.64966e-06 0.00122838 5.92864e-06 0.00039032 -5.43771e-06 5.87787e-06 -3.71655e-06 0.000303099 3.75077e-05 -2.61638e-05 -0.000234305 1.09481e-05 -0.000206196
internal_weight=65828 229 148 91 65599 3894 3852 3768 125 83 3643 3602 3555 394 149 245 159 86 89 3161 93 3109 3047 3007 205 136 2802 424 2378 549
internal_count=65828 229 148 91 65599 3894 3852 3768 125 83 3643 3602 3555 394 149 245 159 86 89 3161 93 3109 3047 3007 205 136 2802 424 2378 549
is_linear=0
shrinkage=0.03


Tree=255
num_leaves=31
num_cat=0
split_feature=5 50 57 17 63 58 43 17 70 67 62 78 42 67 78 34 29 34 30 46 43 26 47 40 62 62 60 9 33 42
split_gain=0.0134471 0.0238571 0.0507487 0.0324163 0.0298234 0.0273212 0.0270999 0.0269203 0.0244261 0.0229167 0.038665 0.0322976 0.0218658 0.0458178 0.0490066 0.036906 0.0651666 0.0490976 0.053389 0.0568583 0.0453029 0.0327579 0.0462011 0.0443804 0.0363944 0.0360502 0.0376675 0.0318205 0.0281733 0.0443925
threshold=1.0000000180025095e-35 1.1555556058883669 0.17147435992956164 56.500000000000007 0.60120338097545323 44.500000000000007 0.259899452328682 53.500000000000007 73.500000000000014 -0.040787725900106757 38.550000000000004 220.95000000000002 0.22131530940532687 0.030349675585212402 396.4500000000001 7.003676414489747 5.6333332061767587 6.6630785465240487 7.0625000000000009 0.22723519802093509 0.33421890437603002 57.500000000000007 0.23329740762710574 0.1129911169409752 32.900000000000006 36.675000000000004 33.500000000000007 0.89204305236517201 5.4833333492279062 0.13257348537445071
decision_type=2 10 10 2 10 10 10 2 8 10 10 2 10 8 2 8 8 10 10 10 8 2 8 10 10 8 10 8 10 10
left_child=-1 2 3 7 6 8 -4 12 -3 -5 11 -11 15 14 -14 17 -17 18 21 -20 -18 22 28 -23 -25 26 -24 -15 29 -2
right_child=1 5 4 9 -6 -7 -8 -9 -10 10 -12 -13 13 27 -16 16 20 -19 19 -21 -22 23 25 24 -26 -27 -28 -29 -30 -31
leaf_value=2.9577076844948748e-06 -0.00013156067669091429 0.0004045069705571222 0.0012525136393055113 -0.00015012953912159184 -5.1517311732237369e-05 -0.0010924471531449475 0.0002495266994976026 -0.0008238263994850137 -0.00053499796253163366 0.0013870134112774395 -0.00011987242259477313 0.00024331157963024453 -0.0011803101235929672 -0.00037825668625452596 -1.6414187331166532e-05 0.0013917742457540173 -0.0004257119776913896 -0.00095704293900153372 0.00146421486943415 -1.1765750283798709e-05 0.00081448523855836283 -8.7972723090913579e-05 6.4358779157583528e-05 -0.00017582642830171581 -0.0010775948794422346 -0.00020771613895859836 0.0010143359492041086 0.00077112300310102169 -0.00055232207063670357 0.00047033392229247007
leaf_weight=62838 997 40 54 76 59 41 44 46 66 50 57 40 82 46 54 42 75 58 41 55 41 251 65 67 101 70 89 41 118 124
leaf_count=62838 997 40 54 76 59 41 44 46 66 50 57 40 82 46 54 42 75 58 41 55 41 251 65 67 101 70 89 41 118 124
internal_value=-8.08168e-15 -6.21593e-05 -4.28901e-05 -7.35338e-05 0.000481372 -0.000434829 0.000802193 -0.000104893 -0.000180468 0.000272828 0.000491499 0.000878701 -9.12108e-05 -0.00037424 -0.000718175 -6.24434e-05 0.000379241 -9.67195e-05 -7.14926e-05 0.000618601 1.26336e-05 -0.000106694 -3.97126e-05 -0.000340569 -0.000717961 0.000356782 0.000613372 0.000163405 -0.000111395 -6.49818e-05
internal_weight=65828 2990 2843 2686 157 147 98 2463 106 223 147 90 2417 223 136 2194 158 2036 1978 96 116 1882 1463 419 168 224 154 87 1239 1121
internal_count=65828 2990 2843 2686 157 147 98 2463 106 223 147 90 2417 223 136 2194 158 2036 1978 96 116 1882 1463 419 168 224 154 87 1239 1121
is_linear=0
shrinkage=0.03


end of trees

feature_importances:
role_prior_offense_snap_pct=590
player_targets_career_prior=394
matchup_player_target_share_x_opp_targets=371
player_air_yards_share_season_to_date=278
player_target_share_season_to_date=275
role_teammate_unavailable_snap_share_position=268
role_games_with_current_team_before_game=241
player_target_share_career_prior=233
player_target_share_roll8_mean=218
player_targets_season_to_date=204
history_history_games=188
player_targets_roll8_mean=182
role_depth_rank_pregame=169
role_snap_share_change=161
role_prior_offense_participation=160
player_target_share_ewm5=150
player_targets_ewm5=133
environment_temperature=133
player_air_yards_share_lag1=131
role_participation_change=123
role_snap_pct_roll3=119
team_pass_attempts_roll5_mean=118
player_air_yards_share_ewm5=116
player_target_share_lag1=114
matchup_pass_rate_vs_opponent=113
team_pass_rate_roll3_mean=111
player_air_yards_share_roll3_mean=109
matchup_expected_team_dropbacks=104
player_target_share_ewm3=103
player_target_share_roll3_mean=96
player_air_yards_share_roll5_mean=93
environment_wind=93
player_red_zone_targets_ewm5=91
role_participation_roll5=89
role_injury_questionable_flag=86
role_participation_roll3=85
team_pass_attempts_roll3_mean=78
team_dropbacks_lag1=77
player_target_share_roll5_mean=75
player_red_zone_target_share_season_to_date=72
role_snap_pct_roll5=69
role_snap_pct_ewm5=69
team_dropbacks_roll5_mean=69
role_role_history_games=66
player_targets_roll5_mean=66
environment_opponent_miles_traveled=65
player_targets_roll3_mean=63
environment_team_miles_traveled=62
role_teammate_out_count_position=60
player_targets_ewm3=58
team_dropbacks_roll3_mean=56
player_red_zone_target_share_roll5_mean=55
player_red_zone_target_share_roll3_mean=41
player_red_zone_targets_season_to_date=38
player_red_zone_target_share_ewm5=36
player_red_zone_target_share_lag1=35
player_targets_lag1=29
team_red_zone_pass_attempts_roll3_mean=28
history_no_nfl_history_flag=27
player_red_zone_targets_roll5_mean=25
role_starter_promotion_flag=24
environment_divisional_game_flag=22
environment_team_rest_days=22
role_depth_rank_change=19
environment_opponent_rest_days=7
role_role_missing_flag=5
history_new_team_flag=5
player_red_zone_targets_lag1=5
environment_opponent_time_zones_crossed=3
role_team_change_flag=2
player_red_zone_targets_roll3_mean=2
environment_international_flag=2
environment_team_time_zones_crossed=1

parameters:
[boosting: gbdt]
[objective: regression]
[metric: rmse]
[tree_learner: serial]
[device_type: cpu]
[data_sample_strategy: bagging]
[data: ]
[valid: ]
[num_iterations: 256]
[learning_rate: 0.03]
[num_leaves: 31]
[num_threads: 1]
[seed: 24024]
[deterministic: 1]
[force_col_wise: 1]
[force_row_wise: 0]
[histogram_pool_size: -1]
[max_depth: -1]
[min_data_in_leaf: 40]
[min_sum_hessian_in_leaf: 0.001]
[bagging_fraction: 1]
[pos_bagging_fraction: 1]
[neg_bagging_fraction: 1]
[bagging_freq: 0]
[bagging_seed: 24024]
[bagging_by_query: 0]
[feature_fraction: 1]
[feature_fraction_bynode: 1]
[feature_fraction_seed: 24024]
[extra_trees: 0]
[extra_seed: 8483]
[early_stopping_round: 0]
[early_stopping_min_delta: 0]
[first_metric_only: 0]
[max_delta_step: 0]
[lambda_l1: 0]
[lambda_l2: 0]
[linear_lambda: 0]
[min_gain_to_split: 0]
[drop_rate: 0.1]
[max_drop: 50]
[skip_drop: 0.5]
[xgboost_dart_mode: 0]
[uniform_drop: 0]
[drop_seed: 27597]
[top_rate: 0.2]
[other_rate: 0.1]
[min_data_per_group: 100]
[max_cat_threshold: 32]
[cat_l2: 10]
[cat_smooth: 10]
[max_cat_to_onehot: 4]
[top_k: 20]
[monotone_constraints: ]
[monotone_constraints_method: basic]
[monotone_penalty: 0]
[feature_contri: ]
[forcedsplits_filename: ]
[refit_decay_rate: 0.9]
[cegb_tradeoff: 1]
[cegb_penalty_split: 0]
[cegb_penalty_feature_lazy: ]
[cegb_penalty_feature_coupled: ]
[path_smooth: 0]
[interaction_constraints: ]
[verbosity: -1]
[saved_feature_importance_type: 0]
[use_quantized_grad: 0]
[num_grad_quant_bins: 4]
[quant_train_renew_leaf: 0]
[stochastic_rounding: 1]
[linear_tree: 0]
[max_bin: 255]
[max_bin_by_feature: ]
[min_data_in_bin: 3]
[bin_construct_sample_cnt: 200000]
[data_random_seed: 24024]
[is_enable_sparse: 1]
[enable_bundle: 1]
[use_missing: 1]
[zero_as_missing: 0]
[feature_pre_filter: 1]
[pre_partition: 0]
[two_round: 0]
[header: 0]
[label_column: ]
[weight_column: ]
[group_column: ]
[ignore_column: ]
[categorical_feature: ]
[forcedbins_filename: ]
[precise_float_parser: 0]
[parser_config_file: ]
[objective_seed: 14575]
[num_class: 1]
[is_unbalance: 0]
[scale_pos_weight: 1]
[sigmoid: 1]
[boost_from_average: 1]
[reg_sqrt: 0]
[alpha: 0.9]
[fair_c: 1]
[poisson_max_delta_step: 0.7]
[tweedie_variance_power: 1.5]
[lambdarank_truncation_level: 30]
[lambdarank_norm: 1]
[label_gain: ]
[lambdarank_position_bias_regularization: 0]
[eval_at: ]
[multi_error_top_k: 1]
[auc_mu_weights: ]
[num_machines: 1]
[local_listen_port: 12400]
[time_out: 120]
[machine_list_filename: ]
[machines: ]
[gpu_platform_id: -1]
[gpu_device_id: -1]
[gpu_use_dp: 0]
[num_gpu: 1]

end of parameters

pandas_categorical:[]
