tree
version=v4
num_class=1
num_tree_per_iteration=1
label_index=0
max_feature_idx=217
objective=regression
feature_names=home_flag role_depth_rank_pregame role_depth_starter_flag_pregame role_injury_out_flag role_injury_doubtful_flag role_injury_questionable_flag role_prior_offense_snap_pct role_snap_pct_roll3 role_snap_pct_roll5 role_snap_pct_ewm5 role_prior_offense_participation role_participation_roll3 role_participation_roll5 role_depth_rank_change role_snap_share_change role_participation_change role_team_change_flag role_games_with_current_team_before_game role_starter_promotion_flag role_starter_demotion_flag role_teammate_out_count_position role_teammate_unavailable_snap_share_position role_role_history_games role_role_missing_flag history_no_nfl_history_flag history_new_team_flag history_history_games player_targets_lag1 player_targets_roll3_mean player_targets_roll5_mean player_targets_ewm5 player_targets_season_to_date player_targets_career_prior player_receptions_lag1 player_receptions_roll3_mean player_receptions_roll5_mean player_receptions_ewm5 player_receptions_season_to_date player_receptions_career_prior player_receiving_yards_lag1 player_receiving_yards_roll3_mean player_receiving_yards_roll5_mean player_receiving_yards_ewm5 player_receiving_yards_season_to_date player_receiving_yards_career_prior player_yards_per_target_lag1 player_yards_per_target_roll3_mean player_yards_per_target_roll5_mean player_yards_per_target_ewm5 player_yards_per_target_season_to_date player_yards_per_target_career_prior player_catch_rate_lag1 player_catch_rate_roll3_mean player_catch_rate_roll5_mean player_catch_rate_ewm5 player_catch_rate_season_to_date player_catch_rate_career_prior player_target_share_lag1 player_target_share_roll3_mean player_target_share_roll5_mean player_target_share_ewm5 player_target_share_season_to_date player_target_share_career_prior player_air_yards_share_lag1 player_air_yards_share_roll3_mean player_air_yards_share_roll5_mean player_air_yards_share_ewm5 player_air_yards_share_season_to_date player_air_yards_share_career_prior player_red_zone_targets_lag1 player_red_zone_targets_roll3_mean player_red_zone_targets_roll5_mean player_red_zone_targets_ewm5 player_red_zone_targets_season_to_date player_red_zone_targets_career_prior player_red_zone_target_share_lag1 player_red_zone_target_share_roll3_mean player_red_zone_target_share_roll5_mean player_red_zone_target_share_ewm5 player_red_zone_target_share_season_to_date player_red_zone_target_share_career_prior player_receiving_tds_lag1 player_receiving_tds_roll3_mean player_receiving_tds_roll5_mean player_receiving_tds_ewm5 player_receiving_tds_season_to_date player_receiving_tds_career_prior player_offense_snap_pct_lag1 player_offense_snap_pct_roll3_mean player_offense_snap_pct_roll5_mean player_offense_snap_pct_ewm5 player_offense_snap_pct_season_to_date player_offense_snap_pct_career_prior player_offense_participation_lag1 player_offense_participation_roll3_mean player_offense_participation_roll5_mean player_offense_participation_ewm5 player_offense_participation_season_to_date player_offense_participation_career_prior team_offensive_plays_roll3_mean team_offensive_plays_roll5_mean team_offensive_plays_ewm5 team_offensive_plays_season_to_date team_drives_roll3_mean team_drives_roll5_mean team_drives_ewm5 team_drives_season_to_date team_dropbacks_roll3_mean team_dropbacks_roll5_mean team_dropbacks_ewm5 team_dropbacks_season_to_date team_pass_attempts_roll3_mean team_pass_attempts_roll5_mean team_pass_attempts_ewm5 team_pass_attempts_season_to_date team_pass_rate_roll3_mean team_pass_rate_roll5_mean team_pass_rate_ewm5 team_pass_rate_season_to_date team_points_per_drive_roll3_mean team_points_per_drive_roll5_mean team_points_per_drive_ewm5 team_points_per_drive_season_to_date team_red_zone_drives_roll3_mean team_red_zone_drives_roll5_mean team_red_zone_drives_ewm5 team_red_zone_drives_season_to_date team_red_zone_pass_attempts_roll3_mean team_red_zone_pass_attempts_roll5_mean team_red_zone_pass_attempts_ewm5 team_red_zone_pass_attempts_season_to_date team_off_epa_per_play_roll3_mean team_off_epa_per_play_roll5_mean team_off_epa_per_play_ewm5 team_off_epa_per_play_season_to_date team_off_success_rate_roll3_mean team_off_success_rate_roll5_mean team_off_success_rate_ewm5 team_off_success_rate_season_to_date team_yards_per_play_roll3_mean team_yards_per_play_roll5_mean team_yards_per_play_ewm5 team_yards_per_play_season_to_date team_red_zone_td_rate_roll3_mean team_red_zone_td_rate_roll5_mean team_red_zone_td_rate_ewm5 team_red_zone_td_rate_season_to_date opponent_defensive_plays_roll3_mean opponent_defensive_plays_roll5_mean opponent_defensive_plays_ewm5 opponent_defensive_plays_season_to_date opponent_opponent_dropbacks_roll3_mean opponent_opponent_dropbacks_roll5_mean opponent_opponent_dropbacks_ewm5 opponent_opponent_dropbacks_season_to_date opponent_opponent_pass_attempts_roll3_mean opponent_opponent_pass_attempts_roll5_mean opponent_opponent_pass_attempts_ewm5 opponent_opponent_pass_attempts_season_to_date opponent_passing_yards_allowed_roll3_mean opponent_passing_yards_allowed_roll5_mean opponent_passing_yards_allowed_ewm5 opponent_passing_yards_allowed_season_to_date opponent_passing_tds_allowed_roll3_mean opponent_passing_tds_allowed_roll5_mean opponent_passing_tds_allowed_ewm5 opponent_passing_tds_allowed_season_to_date opponent_red_zone_pass_attempts_allowed_roll3_mean opponent_red_zone_pass_attempts_allowed_roll5_mean opponent_red_zone_pass_attempts_allowed_ewm5 opponent_red_zone_pass_attempts_allowed_season_to_date opponent_def_epa_per_play_roll3_mean opponent_def_epa_per_play_roll5_mean opponent_def_epa_per_play_ewm5 opponent_def_epa_per_play_season_to_date opponent_def_success_rate_roll3_mean opponent_def_success_rate_roll5_mean opponent_def_success_rate_ewm5 opponent_def_success_rate_season_to_date opponent_yards_per_play_allowed_roll3_mean opponent_yards_per_play_allowed_roll5_mean opponent_yards_per_play_allowed_ewm5 opponent_yards_per_play_allowed_season_to_date opponent_red_zone_td_rate_allowed_roll3_mean opponent_red_zone_td_rate_allowed_roll5_mean opponent_red_zone_td_rate_allowed_ewm5 opponent_red_zone_td_rate_allowed_season_to_date matchup_expected_team_plays matchup_expected_team_dropbacks matchup_player_target_share_x_opp_targets matchup_off_epa_vs_def_epa matchup_pass_rate_vs_opponent matchup_position_allowed_players_faced_lag1 matchup_position_allowed_targets_allowed_lag1 matchup_position_allowed_receptions_allowed_lag1 matchup_position_allowed_receiving_yards_allowed_lag1 matchup_position_allowed_receiving_tds_allowed_lag1 matchup_position_allowed_raw_rate_sample_size_lag1 matchup_position_allowed_league_rate_lag1 matchup_position_allowed_shrunk_rate_lag1 environment_divisional_game_flag environment_neutral_site_flag environment_temperature environment_wind environment_international_flag environment_weather_missing_flag environment_travel_missing_flag environment_team_rest_days environment_opponent_rest_days environment_team_miles_traveled environment_opponent_miles_traveled environment_team_time_zones_crossed environment_opponent_time_zones_crossed position position_group role_injury_status_pregame environment_roof environment_surface
feature_infos=[0:1] [1:3] [0:1] none none [0:1] [0:1] [0:1] [0:1] [0:1] [0:1] [0:0.97804706708816302] [0:0.96166777812196069] [-2:2] [-1:0.97999999999999998] [-0.80857142857142861:0.81551116333725027] [0:1] [0:173] [0:1] [0:1] [0:3] [0:1.8900000000000001] [0:178] [0:1] [0:1] [0:1] [0:182] [0:23] [0:17.5] [0:17.5] [0:16.666666030883789] [0:21] [0:17.5] [0:18] [0:12.666666984558105] [0:12.5] [0:11.666666984558105] [0:16] [0:12.5] [-17:329] [-10:216.33332824707031] [-10:172.19999694824219] [-10:180.42330932617188] [-10:215] [-10:147] [-13:88] [-7:66] [-7:66] [-7:66] [-7:68] [-7:66] [0:1] [0:1] [0:1] [0:1] [0:1] [0:1] [0:0.66666668653488159] [0:0.49048799276351929] [0:0.48571428656578064] [0:0.48571428656578064] [0:0.52173912525177002] [0:0.48571428656578064] [-1.7999999523162842:1.8421052694320679] [-0.60870653390884399:0.98237127065658569] [-0.380952388048172:0.78311848640441895] [-0.6003577709197998:0.86422306299209595] [-0.380952388048172:0.8253968358039856] [-0.380952388048172:0.72868216037750244] [0:6] [0:5] [0:5] [0:5] [0:6] [0:5] [0:1] [0:1] [0:1] [0:1] [0:1] [0:1] [0:4] [0:2.6666667461395264] [0:2.2000000476837158] [0:2] [0:3] [0:2] [0:1] [0:1] [0:1] [0:1] [0:1] [0:1] [0:1] [0:0.97804707288742065] [0:0.96166777610778809] [0:0.90917849540710449] [0:1] [0:0.90425533056259155] [43.666666666666664:88] [48.200000000000003:88] [47.581252826485766:88] [44:95] [8:16] [8:14.800000000000001] [8:14.865794470563653] [6:16] [19.333333333333332:59] [22.399999999999999:58] [22.265258767561061:58] [11:66] [16.666666666666668:57] [20.800000000000001:56] [19.657791336949373:56] [10:62] [0.29338052338052339:0.8125] [0.32929565271253247:0.8125] [0.33676279432508349:0.8125] [0.20408163265306123:0.84999999999999998] [0.25641025641025644:4.2222222222222223] [0.33333333333333331:4.2222222222222223] [0.33333333333333331:4.2222222222222223] [0:4.4000000000000004] [0.66666666666666663:7.333333333333333] [1.3999999999999999:7] [1.3417189995068814:7] [0:7] [0.33333333333333331:13] [1:13] [1:13] [0:14] [-0.49774329166853981:0.44448121961232651] [-0.3893905805078941:0.44448121961232651] [-0.41016039741692689:0.44448121961232651] [-0.4880170468003085:0.44448121961232651] [0.26334650856389991:0.59701492537313428] [0.28766934557979329:0.59701492537313428] [0.28898238445840879:0.59701492537313428] [0.21153846153846151:0.59701492537313428] [2.8161062681610627:9.0476283603402265] [3.1354679802955663:8.5217391304347831] [3.2516876482393728:8.5217391304347831] [2.6307692307692307:8.5396825396825395] [0:1] [0:1] [0:1] [0:1] [45.666666666666664:88] [48:88] [49:88] [44:95] [19.333333333333332:58] [24:58] [22.228513790271872:58] [11:66] [18:56] [21.600000000000001:56] [20.531300024592493:56] [10:62] [91.666666666666671:439.66666666666669] [118:406.5] [118:388.45513356236665] [82:466] [0:4.666666666666667] [0:4.2000000000000002] [0:3.9219196294259215] [0:7] [0.33333333333333331:13] [1:13] [1:13] [0:14] [-0.49293791172022017:0.44448121961232651] [-0.3893905805078941:0.44448121961232651] [-0.40537163918214791:0.44448121961232651] [-0.52180902634133031:0.44448121961232651] [0.25090497737556555:0.60706914344685248] [0.29455670855226901:0.60706914344685248] [0.29967665699933871:0.60354317165462679] [0.21153846153846151:0.60706914344685248] [2.7874313272180373:8.5217391304347831] [3.5841013824884795:8.5217391304347831] [3.6395728855374769:8.5217391304347831] [2.6307692307692307:8.5396825396825395] [0:1] [0:1] [0:1] [0:1] [49.5:78.5] [25.5:50.833333333333336] [0:13.913594484329224] [-0.66009375668216697:0.79030825619748946] [-0.35795454545454547:0.42540322580645162] [0:7] [0:53] [0:37] [-15:435] [0:5] [0:67] [3.8096330275229358:9.1307189542483655] [2.2898413599520611:14.490890161374283] [0:1] [0:1] [1:97] [0:71] [0:1] [0:1] none [4:17] [4:17] [0:2719.8000000000002] [0:2719.8000000000002] [0:3] [0:3] -1:3:1:2:0 -1:8:6:3:7:2:0:1:5 -1:3:2:0 -1:3:1:0:2 -1:4:3:6:5:2:0:1
tree_sizes=2840 2912 2936 2911 2926 2899 2931 2915 2929 2927 2889 2931 2923 2914 2927 2926 2913 2939 2916 2908 2903 2889 2917 2925 2903 2891 2881 2903 2909 2905 2912 2876 2899 2890 2911 2925 2857 2878 2885 2893 2919 2896 2894 2856 2874 2907 2907 2916 2891 2929 2880 2890 2889 2910 2905 2887 2897 2889 2895 2920 2880 2876 2917 2911 2875 2898 2874 2899 2872 2875 2889 2878 2857 2869 2888 2879 2921 2870 2890 2862 2888 2928 2879 2906 2887 2848 2891 2932 2876 2909 2842 2891 2853 2867 2883 2881 2902 2892 2897 2871 2882 2912 2918 2942 2890 2918 2888 2844 2844 2883 2848 2874 2848 2939 2880 2889 2921 2890 2846 2881 2878 2871 2867 2885 2868 2858 2903 2883 2907 2881 2877 2873 2893 2872 2860 2862 2898 2893 2908 2903 2855 2865 2836 2869 2870 2877 2887 2898 2874 2876 2885 2817 2921 2830 2842 2897 2887 2907 2855 2848 2890 2869 2872 2840 2854 2877 2868 2861 2876 2887 2882 2829 2878 2858 2830 2859 2863 2881 2902 2882 2862 2894 2827 2872 2841 2873 2818 2815 2903 2860 2878 2878 2860 2890 2868 2876 2917 2875

Tree=0
num_leaves=31
num_cat=1
split_feature=60 30 44 42 6 43 6 44 44 6 60 24 42 30 6 37 67 67 68 67 213 44 44 6 44 6 1 1 31 65
split_gain=2.12064e+07 3.02554e+06 2.47987e+06 692369 523314 326592 309215 277497 203805 177971 122428 119927 124484 113396 107557 99821.8 82398.3 76270 67142.4 59673.8 56355.9 54897.5 53359 50400.9 49798.9 44494.6 43533.7 40807.4 40799 37348.1
threshold=0.14079204201698306 2.2595163583755498 46.929801940917976 61.343345642089851 0.46500000000000002 36.598615646362312 0.20500000000000004 26.720485687255863 69.235382080078139 0.25500000000000006 0.20943347364664081 1.0000000180025095e-35 25.365951538085941 1.3100274801254275 0.79500000000000015 5.3923077583312997 0.085648626089096083 0.12694530934095385 0.092766139656305327 0.31210941076278692 0 61.471216201782234 56.780193328857429 0.83500000000000008 42.045360565185554 0.40500000000000008 1.5000000000000002 1.5000000000000002 0.79285714030265819 0.2812014520168305
decision_type=10 10 10 10 10 10 8 10 10 8 10 2 10 8 8 8 10 8 10 10 1 10 10 8 10 8 8 8 10 10
left_child=1 6 5 14 9 18 28 16 22 26 23 12 -11 -8 19 -10 -6 -9 -2 -4 -15 -16 -5 -7 -14 -20 -3 -19 -1 -17
right_child=2 4 3 8 7 10 13 17 15 11 -12 -13 24 20 21 29 -18 27 25 -21 -22 -23 -24 -25 -26 -27 -28 -29 -30 -31
leaf_value=21.102744217621627 21.80171754553648 21.546653072306672 22.344775971738368 22.808119950941734 21.608327279281617 22.164889431243854 21.22446934128773 21.852928305899706 23.029076386060769 21.552137859361704 22.599554231053617 21.264384200730174 21.77685715838647 21.503774731792255 22.623023128739163 23.064829413754989 21.829503634062391 22.188169322114476 21.590921836816136 22.781769780011491 21.336207852719081 22.903286176511564 23.062376461887268 22.390378289339054 22.199416221921982 22.100819726502777 21.291259291102993 21.933744884590251 21.19327359030796 23.521492275923656
leaf_weight=12114 1315 757 1466 1287 4462 2172 7654 2106 674 4178 1265 838 1788 2503 1687 183 2296 1607 165 348 7220 1003 1757 1514 292 2315 2909 877 7110 1352
leaf_count=12114 1315 757 1466 1287 4462 2172 7654 2106 674 4178 1265 838 1788 2503 1687 183 2296 1607 165 348 7220 1003 1757 1514 292 2315 2909 877 7110 1352
internal_value=21.6656 21.3865 22.5512 22.8801 21.6636 22.1844 21.2191 21.8057 23.1141 21.5137 22.3449 21.6014 21.6465 21.3108 22.6071 23.3334 21.6835 21.9857 21.975 22.4286 21.3788 22.7275 22.9549 22.2575 21.8362 22.0669 21.344 22.0983 21.1362 23.467
internal_weight=77214 58711 18503 9757 22110 8746 36601 11348 5253 10762 4951 7096 6258 17377 4504 2209 6758 4590 3795 1814 9723 2690 3044 3686 2080 2480 3666 2484 19224 1535
internal_count=77214 58711 18503 9757 22110 8746 36601 11348 5253 10762 4951 7096 6258 17377 4504 2209 6758 4590 3795 1814 9723 2690 3044 3686 2080 2480 3666 2484 19224 1535
cat_boundaries=0 1
cat_threshold=8
is_linear=0
shrinkage=1


Tree=1
num_leaves=31
num_cat=1
split_feature=60 30 44 42 6 43 6 42 44 92 6 30 6 68 60 68 44 44 43 37 67 41 1 213 6 44 43 88 67 50
split_gain=1.99532e+07 2.84679e+06 2.33331e+06 652180 492386 310578 290912 266832 195122 168619 149284 106673 96699.9 90109.6 86066.8 75523.6 69448.6 66826.7 64645.2 63144.6 62472.5 60294.9 54383.5 53021.3 52393.5 49151 41525.8 41344.6 39817.1 39113
threshold=0.14079204201698306 2.2595163583755498 46.929801940917976 60.359727859497077 0.46500000000000002 42.516666412353523 0.20500000000000004 27.254649162292484 72.466819763183608 0.71005260944366466 0.22500000000000003 1.3100274801254275 0.79500000000000015 0.028881976380944255 0.20943347364664081 0.079940676689147963 38.709587097167976 57.797260284423835 25.392307281494144 6.1055555343627939 0.31210941076278692 47.633333206176765 1.5000000000000002 0 0.82500000000000007 61.471216201782234 26.679487228393558 0.78166666626930248 0.04935738071799279 9.0398454666137713
decision_type=10 10 10 10 10 10 8 10 10 8 10 8 8 10 10 10 10 10 10 8 10 10 8 1 8 10 10 8 8 10
left_child=1 6 5 12 9 13 -1 15 17 10 22 -8 20 -2 -7 -6 -9 -5 -12 -10 -4 28 -3 -13 26 -14 -15 -19 -11 -21
right_child=2 4 3 8 7 14 11 16 19 21 18 23 25 24 -16 -17 -18 27 -20 29 -22 -23 -24 -25 -26 -27 -28 -29 -30 -31
leaf_value=-0.51350940592597449 0.10124143067901656 -0.0942147628493505 0.64486345491295693 1.1166546330122804 -0.063132200525347085 0.62178131644982304 -0.42791387078124732 0.24616415358707083 1.4562840870540148 -0.12438306222912179 -0.15925465312597745 -0.15700694363512369 0.92003217024660522 0.15382306164240675 0.9428497890142038 0.13894275045554741 0.51523388819877092 1.1273110690324615 0.08230013825448558 1.6113643113533926 1.100648710331517 0.92010479447990656 -0.39407910471602509 -0.31954116991842435 0.54783214085291143 1.1933180598293742 0.41458640559837617 1.4433512600379621 0.17891636927884358 1.9951515822208881
leaf_weight=19224 1014 657 1427 1474 4092 2491 7654 3278 769 584 3737 2503 1613 812 1076 2806 1172 472 1360 438 334 80 3174 7220 1652 936 1701 1768 1170 526
leaf_count=19224 1014 657 1427 1474 4092 2491 7654 3278 769 584 3737 2503 1613 812 1076 2806 1172 472 1360 438 334 80 3174 7220 1652 936 1701 1768 1170 526
internal_value=-1.91661e-06 -0.270735 0.859047 1.178 -0.00195817 0.503219 -0.433097 0.135911 1.39618 -0.147334 -0.201155 -0.344138 0.902272 0.354855 0.718633 0.0190688 0.317029 1.27353 -0.0948021 1.65904 0.73131 0.114668 -0.342654 -0.27819 0.416599 1.02038 0.330329 1.37676 0.0779318 1.82078
internal_weight=77214 58711 18503 9757 22110 8746 36601 11348 5447 10762 8928 17377 4310 5179 3567 6898 4450 3714 5097 1733 1761 1834 3831 9723 4165 2549 2513 2240 1754 964
internal_count=77214 58711 18503 9757 22110 8746 36601 11348 5447 10762 8928 17377 4310 5179 3567 6898 4450 3714 5097 1733 1761 1834 3831 9723 4165 2549 2513 2240 1754 964
cat_boundaries=0 1
cat_threshold=8
is_linear=0
shrinkage=0.03


Tree=2
num_leaves=31
num_cat=1
split_feature=60 30 44 42 6 44 6 43 44 24 43 59 213 37 60 6 67 30 87 68 6 44 42 50 6 6 194 30 86 65
split_gain=1.8774e+07 2.67859e+06 2.19562e+06 651136 466958 333770 273691 255781 193912 154648 199042 107140 100807 95116.5 77819.9 70933.6 68829.9 65722.5 63366.6 58664.5 52046.8 51085.2 50726 46834.4 45876.4 40348.7 40330.2 38392.6 35795.7 34213.3
threshold=0.14079204201698306 2.2595163583755498 45.719888687133796 60.359727859497077 0.36500000000000005 37.13714790344239 0.20500000000000004 36.598615646362312 69.235382080078139 1.0000000180025095e-35 23.035714149475101 0.20431329309940341 0 5.3923077583312997 0.20943347364664081 0.10500000000000002 0.066767074167728438 1.356031119823456 0.74500000476837169 0.092766139656305327 0.75500000000000012 56.780193328857429 18.59139442443848 8.5916590690612811 0.83500000000000008 0.40500000000000008 13.500000000000002 0.78622838854789745 0.34010308980941778 0.2812014520168305
decision_type=10 10 10 10 8 10 8 10 10 2 10 10 1 8 10 10 10 10 8 10 8 10 10 10 8 8 8 10 10 10
left_child=1 6 7 11 15 9 27 19 21 10 22 18 -8 -10 24 -3 -12 -14 -4 -2 -7 -5 -6 -13 -9 -21 -20 -1 -17 -15
right_child=2 4 3 8 5 20 12 14 13 -11 16 23 17 29 -16 28 -18 -19 26 25 -22 -23 -24 -25 -26 -27 -28 -29 -30 -31
leaf_value=-0.53712301440482568 0.12560213835935555 -0.40787940189121297 0.5423934836435127 1.0713430577756413 -0.12034684226490353 0.29348156487833632 -0.19143410642047615 0.46126405669369064 1.2705039265404001 -0.37634694828225179 0.029753563622288554 0.9272856351121942 -0.43458062857164298 1.3146282688102551 0.83671445787528609 -0.19158249727669704 0.26347167522011733 -0.30328247217230747 0.71096867107101536 -0.083734947128325507 0.57799549219667057 1.3079306955589107 0.035489767431605271 1.2340544523752217 0.68333156990326827 0.40790060351937474 1.0122119341314915 -0.45203914987859733 0.13943015074805368 1.745300715043322
leaf_weight=10408 1310 1477 955 1491 4068 1430 3634 2072 694 812 1641 1372 7123 189 1139 4228 3671 6620 861 161 972 1829 3495 665 1405 2248 747 8816 316 1365
leaf_count=10408 1310 1477 955 1491 4068 1430 3634 2072 694 812 1641 1372 7123 189 1139 4228 3671 6620 861 161 972 1829 3495 665 1405 2248 747 8816 316 1365
internal_value=-3.70106e-06 -0.262615 0.833276 1.12915 -0.00189943 0.0824409 -0.420108 0.472328 1.34736 0.0251993 0.050524 0.865029 -0.333823 1.56251 0.621499 -0.227269 0.191271 -0.371064 0.735955 0.287179 0.408614 1.20168 -0.0483319 1.02743 0.550998 0.375043 0.850912 -0.498104 -0.168563 1.69292
internal_weight=77214 58711 18503 10168 22110 16089 36601 8335 5568 13687 12875 4600 17377 2248 4616 6021 5312 13743 2563 3719 2402 3320 7563 2037 3477 2409 1608 19224 4544 1554
internal_count=77214 58711 18503 10168 22110 16089 36601 8335 5568 13687 12875 4600 17377 2248 4616 6021 5312 13743 2563 3719 2402 3320 7563 2037 3477 2409 1608 19224 4544 1554
cat_boundaries=0 1
cat_threshold=8
is_linear=0
shrinkage=0.03


Tree=3
num_leaves=31
num_cat=1
split_feature=60 30 41 44 90 44 6 6 44 43 42 31 43 61 30 44 26 202 6 213 50 1 37 91 66 67 66 5 44 50
split_gain=1.76645e+07 2.52031e+06 2.0688e+06 468588 442701 424601 272981 257505 202750 134302 120036 117074 115206 98092.8 95623.4 85791.4 64286.1 58841.4 54854.8 48659.1 48652.2 47761.2 43940.1 40377 40249.6 38985.4 37774.2 37629.7 43498.9 37458.7
threshold=0.14079204201698306 2.2595163583755498 57.100000381469734 42.672042846679695 0.57567164301872265 58.905372619628913 0.25500000000000006 0.20500000000000004 37.13714790344239 32.759614944458015 27.963545799255375 10.031250000000002 26.679487228393558 0.21345978230237964 1.2907704114913943 41.502336502075202 12.500000000000002 78.500000000000014 0.79500000000000015 0 8.7982735633850115 2.5000000000000004 4.3798077106475839 0.71033331751823436 0.060252793133258827 0.072768043726682677 0.093473449349403395 1.0000000180025095e-35 78.145503997802749 8.5555973052978533
decision_type=10 10 10 10 8 10 10 8 10 10 10 10 10 10 8 10 2 8 8 1 10 8 10 10 10 10 10 2 10 10
left_child=1 7 3 9 6 15 21 -1 12 -2 -8 16 26 18 -9 -4 23 -18 -5 -16 -13 -3 -17 -7 -11 -12 -6 28 -19 -15
right_child=2 4 5 13 8 11 10 14 -10 24 25 20 -14 29 19 22 17 27 -20 -21 -22 -23 -24 -25 -26 -27 -28 -29 -30 -31
leaf_value=-0.48316100303988241 0.22045826382816244 -0.22835024353788472 0.68260245593600577 0.55498663456812236 -0.061903282196136493 0.35115971082381986 -0.08526368889312369 -0.40489429805334981 0.43005196252005157 0.27000204729617555 -0.0029287688273425196 1.4496469615801777 0.24951628441869467 0.86991847786603038 -0.14718706869178286 0.8565930017638258 1.2329262848647027 1.4723729089424253 0.8040769775745189 -0.30174874072432195 1.8670377103167453 -0.4346935551537629 1.128418765126119 1.1192761228859422 0.53991717307145126 0.26182855577864139 0.1160785412117345 0.94806021579738819 1.9630627067076976 1.1850431148425258
leaf_weight=19224 2634 2357 854 1519 3172 89 6548 7466 1932 587 765 456 2500 971 2531 822 1606 931 1671 7380 560 1766 1534 200 3251 1448 1622 99 197 522
leaf_count=19224 2634 2357 854 1519 3172 89 6548 7466 1932 587 765 456 2500 971 2531 822 1606 931 1671 7380 560 1766 1534 200 3251 1448 1622 99 197 522
internal_value=-4.34192e-06 -0.254737 0.808277 0.550818 -0.00184244 1.19913 -0.115439 -0.407507 0.156793 0.385422 -0.0207076 1.39998 0.0844136 0.779398 -0.323811 0.940204 1.30895 1.35243 0.685466 -0.262731 1.6797 -0.316733 1.03358 0.882728 0.498635 0.170306 -0.00168498 1.50885 1.55807 0.980096
internal_weight=77214 58711 18503 11155 22110 7348 12884 36601 9226 6472 8761 4138 7294 4683 17377 3210 3122 2833 3190 9911 1016 4123 2356 289 3838 2213 4794 1227 1128 1493
internal_count=77214 58711 18503 11155 22110 7348 12884 36601 9226 6472 8761 4138 7294 4683 17377 3210 3122 2833 3190 9911 1016 4123 2356 289 3838 2213 4794 1227 1128 1493
cat_boundaries=0 1
cat_threshold=8
is_linear=0
shrinkage=0.03


Tree=4
num_leaves=31
num_cat=1
split_feature=60 30 42 44 6 44 44 6 43 24 43 61 213 31 65 61 6 87 41 30 42 26 202 67 31 43 42 44 44 6
split_gain=1.66206e+07 2.3714e+06 1.95582e+06 551980 419324 309798 296714 242795 137795 136305 178180 120376 88120 87253.8 64687.1 61143.1 58710.5 57797.3 52694.5 52237.5 51350.8 49645.2 51491.6 48480.9 47021.9 45476.8 42997.8 39404 38312.1 35215.2
threshold=0.14079204201698306 2.2595163583755498 60.359727859497077 42.672042846679695 0.34500000000000003 58.905372619628913 37.13714790344239 0.23500000000000001 36.434701919555671 1.0000000180025095e-35 22.870833396911625 0.21597743779420855 0 9.0312500000000018 0.059717884287238128 0.18873848021030429 0.72500000000000009 0.34000240266323095 41.633333206176765 1.1496326327323916 18.853631019592289 3.5000000000000004 62.500000000000007 0.077491868287324919 0.79285714030265819 81.038459777832045 28.641540527343754 51.677745819091804 80.517856597900405 0.93500000000000016
decision_type=10 10 10 10 8 10 10 8 10 2 10 10 1 10 10 8 8 10 10 10 10 2 8 10 10 10 10 10 10 8
left_child=1 7 3 8 17 15 9 24 23 10 20 16 -9 21 -12 -4 -5 26 -8 -14 -6 -7 -23 -2 -1 -15 -3 -18 -24 -13
right_child=2 4 5 11 6 13 18 12 -10 -11 14 29 19 25 -16 -17 27 -19 -20 -21 -22 22 28 -25 -26 -27 -28 -29 -30 -31
leaf_value=-0.49785230276230241 0.11267788087250664 -0.21613937490620502 0.703322610868649 0.51469426099601412 -0.11855040038595303 0.45799385697945305 0.2888124746060029 -0.16267360061861777 0.51682592440462904 -0.3563116662864908 0.019484568566886077 0.90783971260229879 -0.41843359704001259 1.3059905486420105 0.24111695272508427 1.0380431141587905 0.64550946252798824 -0.40522457348182794 0.59400028421432938 -0.29240745191597006 0.03765248194381933 1.0758266777069387 1.3248578589202711 0.34108905242260235 -0.40595112500285929 1.6407388027090641 0.040423080595448989 0.88491751635807792 1.8000897701524874 1.2086506888826167
leaf_weight=12776 1440 3617 660 1170 4291 69 1739 3173 3298 812 1709 1192 4877 529 3867 1920 1167 1262 720 7531 3391 742 1152 1995 8244 1180 702 1317 176 496
leaf_count=12776 1440 3617 660 1170 4291 69 1739 3173 3298 812 1709 1192 4877 529 3867 1920 1167 1262 720 7531 3391 742 1152 1995 8244 1180 702 1317 176 496
internal_value=-5.95181e-06 -0.247098 0.784029 0.558989 -0.00178717 1.20677 0.074129 -0.395285 0.378319 0.0209917 0.0441 0.786704 -0.30554 1.3773 0.173188 0.952417 0.689912 -0.226625 0.378172 -0.341667 -0.0495991 1.24961 1.276 0.245336 -0.461809 1.53712 -0.174438 0.772442 1.38784 0.99623
internal_weight=77214 58711 18503 12075 22110 6428 16529 36601 6733 14070 13258 5342 15581 3848 5576 2580 3654 5581 2459 12408 7682 2139 2070 3435 21020 1709 4319 2484 1328 1688
internal_count=77214 58711 18503 12075 22110 6428 16529 36601 6733 14070 13258 5342 15581 3848 5576 2580 3654 5581 2459 12408 7682 2139 2070 3435 21020 1709 4319 2484 1328 1688
cat_boundaries=0 1
cat_threshold=8
is_linear=0
shrinkage=0.03


Tree=5
num_leaves=31
num_cat=0
split_feature=42 30 44 90 60 30 29 6 68 67 43 6 31 1 44 35 60 61 6 6 42 202 1 43 44 60 60 6 120 49
split_gain=1.56557e+07 2.55225e+06 1.53966e+06 505833 422097 285968 249548 230590 212580 125904 100350 97886.4 93894.1 88171.2 74805.6 67399.7 64827.8 64772.6 62623.9 47840 47180.2 45148.6 43459.3 43409.3 42473.5 39181.6 38157.2 36437.6 34671.9 34227.4
threshold=36.971294403076179 2.468059897422791 57.797260284423835 0.58307996392250072 0.17817462980747226 1.2907704114913943 7.5499999523162851 0.25500000000000006 0.094438511878252043 0.20765480399131778 82.527778625488295 0.35500000000000004 4.0312500000000009 1.5000000000000002 92.788890838623061 4.5499999523162851 0.10267123207449914 0.20118639618158343 0.41500000000000004 0.20500000000000004 61.343345642089851 70.500000000000014 1.5000000000000002 27.031250000000004 49.88965034484864 0.24062575399875644 0.15234096348285678 0.55500000000000016 2.2353302253302259 2.0083333253860478
decision_type=10 10 10 8 10 8 10 10 10 10 10 10 10 8 10 10 10 10 8 8 10 8 8 10 10 10 10 8 10 10
left_child=1 5 4 7 12 19 17 22 23 20 14 -7 18 26 21 -11 -9 27 -2 -1 -6 25 -3 -5 -14 -8 -10 -4 -28 -15
right_child=2 3 6 8 9 11 10 16 13 15 -12 -13 24 29 -16 -17 -18 -19 -20 -21 -22 -23 -24 -25 -26 -27 28 -29 -30 -31
leaf_value=-0.47502114542265017 -0.12975870617504778 -0.078402675490217968 0.38321820197434259 -0.022263365486213948 0.51934660513380504 -0.33381817934010233 0.81406252467140716 -0.088137042726464845 0.31865365571775661 0.75305649242089645 1.5450501517407611 -0.18391723742053145 0.45427726568413335 -0.1838623062036065 2.1991717161659312 1.0119817520216894 0.085816439076257939 1.1257969540231285 0.31727127572228653 -0.38149348603739747 0.84935750802098886 1.321236763807988 -0.35437755994834902 0.19142748318002398 0.75046156119511409 1.1902953634886391 0.47902625593657677 0.85471956225498447 1.1587921657864477 0.18983640230031174
leaf_weight=14461 348 626 174 3260 1677 10712 388 4371 2481 1783 1411 6184 2993 258 69 1837 3450 876 1488 7462 508 1229 2859 1160 510 696 1382 969 71 1521
leaf_count=14461 348 626 174 3260 1677 10712 388 4371 2481 1783 1411 6184 2993 258 69 1837 3450 876 1488 7462 508 1229 2859 1160 510 696 1382 969 71 1521
internal_value=-6.40477e-06 -0.226608 0.805288 0.0361129 0.598839 -0.371704 1.20114 -0.101842 0.190038 0.775905 1.34456 -0.278954 0.406318 0.3109 1.2258 0.88445 -0.0114027 0.9317 0.23254 -0.443187 0.596072 1.19676 -0.304805 0.0338184 0.497399 1.05563 0.390155 0.782942 0.512243 0.135641
internal_weight=77214 60258 16956 21439 11144 38819 5812 11306 10133 5805 3793 16896 5339 5713 2382 3620 7821 2019 1836 21923 2185 2313 3485 4420 3503 1084 3934 1143 1453 1779
internal_count=77214 60258 16956 21439 11144 38819 5812 11306 10133 5805 3793 16896 5339 5713 2382 3620 7821 2019 1836 21923 2185 2313 3485 4420 3503 1084 3934 1143 1453 1779
is_linear=0
shrinkage=0.03


Tree=6
num_leaves=31
num_cat=1
split_feature=60 30 42 44 6 44 6 44 1 43 42 43 213 44 44 6 67 41 92 49 44 68 31 36 87 65 43 59 62 202
split_gain=1.4733e+07 2.09982e+06 1.74165e+06 441307 373369 324758 224156 208577 141876 113382 101816 99016.3 86322.8 78155.3 75771.1 75730.1 61606.3 57833.2 51381.4 49653.6 49564.5 49258.3 42790.8 41802.5 40884.5 40557.5 37090.8 35475 35371.1 33940
threshold=0.14079204201698306 2.2883211374282841 53.382074356079109 58.905372619628913 0.46500000000000002 42.672042846679695 0.23500000000000001 26.720485687255863 2.5000000000000004 82.527778625488295 24.762494087219242 27.031250000000004 0 43.84114074707032 92.788890838623061 0.78500000000000014 0.085648626089096083 41.225000381469734 0.71005260944366466 12.201666355133058 13.533657073974611 0.12057649344205858 0.79285714030265819 4.2193467617034921 0.50499999523162853 0.19287354499101642 24.28649997711182 0.17641463130712512 0.22830120474100116 78.500000000000014
decision_type=10 10 10 10 10 10 8 10 8 10 10 10 1 10 10 8 10 10 8 10 10 10 10 10 10 10 10 10 10 8
left_child=1 6 5 13 8 11 22 16 10 14 -3 -2 -8 -4 27 28 -6 26 -12 -11 -14 -13 -1 -15 -10 -17 -9 -5 -7 -29
right_child=2 4 3 9 7 15 12 17 24 19 18 21 20 23 -16 25 -18 -19 -20 -21 -22 -23 -24 -25 -26 -27 -28 29 -30 -31
leaf_value=-0.46908285032264818 0.13133614422653359 -0.14177996765211784 0.64901002865164636 0.76553281597760559 -0.051671425161679573 0.46464345616399583 -0.14564603691776298 0.10653798471950121 -0.21640361459909049 1.5279240645900902 0.010887812090286652 0.2787658503697103 -0.35710273930041853 0.69470354071375084 2.0959563181206988 0.58069002539445091 0.14046470723636251 0.48799859513096955 0.31118781903381187 1.0067549096804889 -0.22237500029635224 0.48370945528608 -0.38161125924535966 0.98730546747615489 -0.45028157837245592 0.86970588106382363 0.30184993383141329 1.0598555012118513 0.84354979580134715 1.2777015807778425
leaf_weight=12789 1619 5029 1443 229 4390 1358 3242 1466 1671 1369 2076 1711 9202 560 74 590 2283 932 681 187 3353 2755 8300 2041 1126 1685 2171 1475 265 1142
leaf_count=12789 1619 5029 1443 229 4390 1358 3242 1466 1671 1369 2076 1711 9202 560 74 590 2283 932 681 187 3353 2755 8300 2041 1126 1685 2171 1475 265 1142
internal_value=-6.21092e-06 -0.232644 0.738165 1.05322 0.000597572 0.469279 -0.37065 0.120989 -0.127291 1.25845 -0.0614551 0.332329 -0.285201 0.826075 1.14823 0.683065 0.0140631 0.277154 0.0850642 1.46529 -0.320866 0.405192 -0.434657 0.924308 -0.310557 0.794752 0.223124 1.12359 0.52651 1.15492
internal_weight=77214 58711 18503 8520 21825 9983 36886 11242 10583 4476 7786 6085 15797 4044 2920 3898 6673 4569 2757 1556 12555 4466 21089 2601 2797 2275 3637 2846 1623 2617
internal_count=77214 58711 18503 8520 21825 9983 36886 11242 10583 4476 7786 6085 15797 4044 2920 3898 6673 4569 2757 1556 12555 4466 21089 2601 2797 2275 3637 2846 1623 2617
cat_boundaries=0 1
cat_threshold=8
is_linear=0
shrinkage=0.03


Tree=7
num_leaves=31
num_cat=1
split_feature=42 30 44 90 61 60 6 6 68 41 6 1 30 44 60 59 44 68 43 42 6 1 213 91 67 6 203 165 43 30
split_gain=1.38921e+07 2.25561e+06 1.36441e+06 497340 378190 222614 209010 208156 202899 111845 95108.9 83069.6 81017.9 76931.2 70658.7 62218.1 58984 48989.2 45013.9 44236.5 39468 38683.5 38633.8 33954.8 33655 33071.3 32236.8 32546.2 32193.7 32165.3
threshold=36.971294403076179 2.2883211374282841 57.797260284423835 0.58307996392250072 0.17751067876815799 0.23722910135984424 0.25500000000000006 0.20500000000000004 0.094438511878252043 61.300001144409187 0.56500000000000006 1.5000000000000002 1.3100274801254275 80.517856597900405 0.10267123207449914 0.17641463130712512 43.84114074707032 0.18372246623039248 84.211109161376967 24.762494087219242 0.66500000000000015 1.5000000000000002 0 0.9245804250240327 0.04935738071799279 0.28500000000000009 1.0000000180025095e-35 2.0813247028168225 59.422618865966804 0.78622838854789745
decision_type=10 10 10 8 10 8 10 8 10 10 8 8 8 10 10 10 10 10 10 10 8 8 1 10 10 10 10 10 8 10
left_child=1 7 4 6 10 15 21 29 19 17 25 20 -9 18 -8 -4 24 -6 -7 -5 -10 -3 -14 28 -12 -2 -15 -28 -17 -1
right_child=2 3 5 8 9 13 14 12 11 -11 16 -13 22 26 -16 23 -18 -19 -20 -21 -22 -23 -24 -25 -26 -27 27 -29 -30 -31
leaf_value=-0.46380133231939102 -0.10364821728476335 -0.090431420768306278 0.6876173769825723 -0.047829646708212194 0.50518851884330318 1.143533082005797 -0.094914977328739186 -0.3586070497547002 0.20132856698879434 0.95132985647722668 0.19922339349557627 0.12089321600939645 -0.12654217378088081 1.8607379096640007 0.078396050451479002 0.78272992026161137 0.63331498910150941 0.7437091777533904 1.419954845416763 0.14171689703108792 0.41963920507543134 -0.3314069744443589 -0.26365187286020808 1.3556289892574735 0.44558372313348149 0.26027431894861636 1.3005457180738449 2.04163814317435 1.0595612423676508 -0.38598314240318676
leaf_weight=10407 284 733 703 2944 1242 1743 5399 7650 993 1738 610 1828 2559 252 3483 557 1388 2061 762 1777 2988 3293 7362 234 2744 1077 320 64 1177 8842
leaf_count=10407 284 733 703 2944 1242 1743 5399 7650 993 1738 610 1828 2559 252 3483 557 1388 2061 762 1777 2988 3293 7362 234 2744 1077 320 64 1177 8842
internal_value=-6.59365e-06 -0.213464 0.758575 0.016589 0.564229 1.13122 -0.108228 -0.359905 0.169593 0.756525 0.405395 0.28831 -0.285247 1.30243 -0.0269525 0.929875 0.468842 0.65402 1.22762 0.0235163 0.365185 -0.287533 -0.228679 1.01641 0.400778 0.184335 1.59708 1.42406 0.970637 -0.428056
internal_weight=77214 60258 16956 23438 11144 5812 12908 36820 10530 5041 6103 5809 17571 3141 8882 2671 4742 3303 2505 4721 3981 4026 9921 1968 3354 1361 636 384 1734 19249
internal_count=77214 60258 16956 23438 11144 5812 12908 36820 10530 5041 6103 5809 17571 3141 8882 2671 4742 3303 2505 4721 3981 4026 9921 1968 3354 1361 636 384 1734 19249
cat_boundaries=0 1
cat_threshold=8
is_linear=0
shrinkage=0.03


Tree=8
num_leaves=31
num_cat=1
split_feature=60 30 41 44 6 44 6 6 41 68 43 31 213 24 43 6 44 26 202 30 189 50 1 6 6 60 7 91 87 5
split_gain=1.30723e+07 1.85355e+06 1.55016e+06 345119 343025 310225 192916 177840 125836 119261 105975 91956.5 77527.4 75310.5 88404.3 71974.6 69078.3 56064.5 50452.6 49790.8 44748.9 43339.6 40237 39275.9 37075.8 36775.4 36395.8 35918.3 35550.8 35024.4
threshold=0.14079204201698306 2.2595163583755498 57.100000381469734 43.208921432495124 0.64500000000000013 58.905372619628913 0.20500000000000004 0.25500000000000006 37.633333206176765 0.07566335424780847 32.759614944458015 10.031250000000002 0 1.0000000180025095e-35 22.870833396911625 0.78500000000000014 41.502336502075202 12.500000000000002 78.500000000000014 1.1496326327323916 3.7442592307925229 8.7982735633850115 1.5000000000000002 0.91500000000000015 0.83500000000000008 0.21195019036531451 0.88166666666666682 0.71033331751823436 0.25499999523162847 1.0000000180025095e-35
decision_type=10 10 8 8 10 10 8 8 10 8 10 10 1 2 10 8 10 2 8 10 8 10 8 10 8 10 10 10 10 2
left_child=1 6 3 10 7 16 -1 28 13 -6 -2 17 -8 14 -9 25 -4 27 -19 -14 -17 -13 -11 -22 -12 -5 -18 -7 -3 -20
right_child=2 4 5 15 9 11 12 8 -10 22 24 21 19 -15 -16 20 26 18 29 -21 23 -23 -24 -25 -26 -27 -28 -29 -30 -31
leaf_value=-0.41563660092868104 0.18760416848123268 -0.19093331381388298 0.5811745156637409 0.45015424211705657 0.025124687220787905 0.22525689667530274 -0.15300868696806097 -0.095784781195123112 0.27253296845471625 0.36787968264411636 0.35969644244082788 1.2361022551240104 -0.37905050104098348 -0.32533768254847678 0.088491727821766925 0.62006366614924047 0.81068567843297579 1.0545988893700047 1.357583056295667 -0.26295664656756007 0.75872049571400679 1.6300459279561681 0.16269012770532365 1.0621755312216221 0.54834062328872368 0.77167546901245865 1.058861811732237 0.9497226677343249 -0.38694432671848128 0.76906932780236903
leaf_weight=19224 2657 2387 854 1368 2465 89 3634 6579 1186 2389 2427 456 5637 842 3639 1087 1545 1606 1128 8106 1072 560 1344 598 1528 418 811 200 1279 99
leaf_count=19224 2657 2387 854 1368 2465 89 3634 6579 1186 2389 2427 456 5637 842 3639 1087 1545 1606 1128 8106 1072 560 1344 598 1528 418 811 200 1279 99
internal_value=-7.90837e-06 -0.219142 0.695317 0.472454 -0.00226432 1.03365 -0.350154 -0.0760129 -0.0211381 0.187069 0.334137 1.20533 -0.277712 -0.0526294 -0.0301572 0.673764 0.812327 1.12465 1.16526 -0.310349 0.769873 1.45324 0.294005 0.867383 0.432578 0.525404 0.896115 0.726617 -0.259318 1.3101
internal_weight=77214 58711 18503 11155 22110 7348 36601 15912 12246 6198 6612 4138 17377 11060 10218 4543 3210 3122 2833 13743 2757 1016 3733 1670 3955 1786 2356 289 3666 1227
internal_count=77214 58711 18503 11155 22110 7348 36601 15912 12246 6198 6612 4138 17377 11060 10218 4543 3210 3122 2833 13743 2757 1016 3733 1670 3955 1786 2356 289 3666 1227
cat_boundaries=0 1
cat_threshold=8
is_linear=0
shrinkage=0.03


Tree=9
num_leaves=31
num_cat=1
split_feature=42 30 44 90 61 30 60 6 44 43 6 41 6 44 1 42 67 42 43 44 1 6 213 9 195 203 165 31 6 84
split_gain=1.23319e+07 1.99518e+06 1.21155e+06 403051 331936 232040 204089 183688 173401 99969.1 94853.6 92563.5 84452.2 74843.6 61181.4 54629.6 53770.6 49568.9 47835.7 47788.1 36630 32506.4 32318.3 31210.7 31440.1 30007.2 30685.5 29956.1 29851.7 29636.1
threshold=36.971294403076179 2.468059897422791 56.780193328857429 0.58307996392250072 0.17751067876815799 1.0370228886604311 0.23722910135984424 0.25500000000000006 37.13714790344239 26.679487228393558 0.35500000000000004 67.700000762939467 0.56500000000000006 80.517856597900405 1.5000000000000002 18.853631019592289 0.20765480399131778 58.491481781005866 84.211109161376967 36.000905990600593 1.5000000000000002 0.075000000000000025 0 0.72485204656720292 195.50000000000003 1.0000000180025095e-35 2.0813247028168225 4.2071428298950204 0.28500000000000009 0.23098049312829974
decision_type=10 10 10 8 10 8 8 10 10 10 10 10 8 10 8 10 10 10 10 10 8 8 1 8 8 10 10 10 10 10
left_child=1 5 4 7 12 -1 14 20 9 -5 21 16 28 18 17 -9 -6 -4 -8 -14 -3 -7 -12 -10 -25 -15 -27 -17 -2 -11
right_child=2 3 6 8 11 10 13 15 23 29 22 -13 19 25 -16 27 -18 -19 -20 -21 -22 -23 -24 24 -26 26 -28 -29 -30 -31
leaf_value=-0.40782750542140334 -0.1060455021056089 -0.065275272934343487 0.76966408910648476 0.014376830311487739 0.48948128554524972 -0.40089053579054013 1.0630915996465544 -0.11728757067160173 0.26016555660877122 0.17200600083598697 -0.051396611066673856 0.95744076987723226 0.33511787962647321 1.7635096049911918 0.46685474894740842 0.0032708944385024079 0.72506040550635709 1.0378521077052028 1.3451445341976711 0.52713807647085953 -0.31864033757428489 -0.28419078027950512 -0.20610939178191168 0.37296094722820489 0.66467630084342477 1.2222718586339614 1.9418679172731936 0.16811366672106581 0.24084544089509852 0.3762899505329626
leaf_weight=18114 282 626 1130 4768 1356 2672 1838 2805 971 2034 1591 1065 2186 252 305 3654 2443 1375 767 2501 2859 10958 5484 901 527 320 64 1362 1072 932
leaf_count=18114 282 626 1130 4768 1356 2672 1838 2805 971 2034 1591 1065 2186 252 305 3654 2443 1375 767 2501 2859 10958 5484 901 527 320 64 1362 1072 932
internal_value=-8.2667e-06 -0.201123 0.714709 0.0311642 0.52581 -0.32941 1.05514 -0.0919798 0.168564 0.0994455 -0.260806 0.710266 0.377292 1.21737 0.868028 -0.0112606 0.640974 0.916873 1.14614 0.437581 -0.273129 -0.307068 -0.171682 0.391389 0.480618 1.50914 1.3422 0.0480308 0.168598 0.236198
internal_weight=77214 60258 16956 21439 10905 38819 6051 11306 10133 7734 20705 4864 6041 3241 2810 7821 3799 2505 2605 4687 3485 13630 7075 2399 1428 636 384 5016 1354 2966
internal_count=77214 60258 16956 21439 10905 38819 6051 11306 10133 7734 20705 4864 6041 3241 2810 7821 3799 2505 2605 4687 3485 13630 7075 2399 1428 636 384 5016 1354 2966
cat_boundaries=0 1
cat_threshold=8
is_linear=0
shrinkage=0.03


Tree=10
num_leaves=31
num_cat=0
split_feature=42 30 44 90 60 30 29 6 68 67 6 31 43 1 44 35 42 189 6 202 6 42 44 1 9 60 84 199 67 47
split_gain=1.16032e+07 1.87729e+06 1.14077e+06 379231 320036 219112 190964 172832 164368 98077.5 75923.7 75107.7 74142 69377.7 62352.5 54900.8 51401 51168.6 49076.7 39360.5 38947.2 38198 34834.4 34465.1 34251 33961.6 33872.4 33116.6 32537.4 32047.4
threshold=36.971294403076179 2.468059897422791 57.797260284423835 0.58307996392250072 0.17817462980747226 1.2907704114913943 7.5499999523162851 0.25500000000000006 0.094438511878252043 0.20765480399131778 0.35500000000000004 4.0312500000000009 82.527778625488295 1.5000000000000002 92.788890838623061 5.6333332061767587 18.853631019592289 3.2768808603286748 0.41500000000000004 70.500000000000014 0.075000000000000025 62.291761398315437 49.88965034484864 1.5000000000000002 0.86284063423170299 0.24062575399875644 0.32996205985546118 7.5246592687683362 0.12907235324382785 9.7840080261230487
decision_type=10 10 10 8 10 8 10 10 10 10 10 10 10 8 10 10 10 8 8 8 8 10 10 8 8 10 8 8 8 10
left_child=1 5 4 7 11 20 17 23 26 21 -7 18 14 28 19 24 -9 -4 -2 25 -1 -6 -13 -3 -11 -8 -5 -21 -10 -14
right_child=2 3 6 8 9 10 12 16 13 15 -12 22 29 -15 -16 -17 -18 -19 -20 27 -22 -23 -24 -25 -26 -27 -28 -29 -30 -31
leaf_value=-0.43246589889557652 -0.12822492736777347 -0.063317014005142266 0.57762336825934579 -0.0095181090780159516 0.44651604131189138 -0.28666130798032108 0.67419828452592345 -0.11376894238638009 0.19357962925821867 0.6282772928955801 -0.154643710515104 0.39033466719253473 1.4486380854545076 0.11432030691027101 1.9460509325758271 1.0111441904378908 0.046589908463118432 0.90166214634585107 0.26750996564691432 0.88682928830178254 -0.35035492103612859 0.75493246332919572 0.65856463620143335 -0.30908113097125056 0.83779553904344961 1.0244735563546419 0.21956357425398215 1.2402751844434983 0.39089434086054198 1.1568473510085482
leaf_weight=8476 348 626 644 3732 1728 10712 388 2805 1013 1801 6184 2993 846 1779 69 668 5016 1375 1488 324 13447 457 510 2859 1151 696 688 905 2921 565
leaf_count=8476 348 626 644 3732 1728 10712 388 2805 1013 1801 6184 2993 846 1779 69 668 5016 1375 1488 324 13447 457 510 2859 1151 696 688 905 2921 565
internal_value=-9.0183e-06 -0.19509 0.693268 0.0302293 0.515563 -0.31953 1.034 -0.0892204 0.163507 0.669743 -0.238342 0.347925 1.15946 0.269784 1.05738 0.765545 -0.0109228 0.798304 0.192501 1.03087 -0.382101 0.511022 0.429386 -0.264935 0.70997 0.899098 0.0261399 1.1471 0.340086 1.3318
internal_weight=77214 60258 16956 21439 11144 38819 5812 11306 10133 5805 16896 5339 3793 5713 2382 3620 7821 2019 1836 2313 21923 2185 3503 3485 2952 1084 4420 1229 3934 1411
internal_count=77214 60258 16956 21439 11144 38819 5812 11306 10133 5805 16896 5339 3793 5713 2382 3620 7821 2019 1836 2313 21923 2185 3503 3485 2952 1084 4420 1229 3934 1411
is_linear=0
shrinkage=0.03


Tree=11
num_leaves=31
num_cat=1
split_feature=60 30 42 44 6 44 44 6 17 67 67 61 213 44 6 31 43 43 26 42 6 30 6 43 60 1 6 57 203 86
split_gain=1.09328e+07 1.54322e+06 1.30268e+06 366090 322581 217154 198217 139672 100914 126440 97244.1 84006.9 64276.4 64236.4 50317.6 47666.4 47446.4 45913.4 44231.3 43769 43630.7 41110.3 38064 37035.9 35382.3 31724.7 30492.3 31660.3 30256.6 29519.5
threshold=0.14079204201698306 2.1128630638122563 60.359727859497077 42.672042846679695 0.38500000000000006 37.13714790344239 58.905372619628913 0.19500000000000003 1.0000000180025095e-35 0.082353141158819212 0.12907235324382785 0.21597743779420855 0 80.517856597900405 0.10500000000000002 6.3452382087707528 26.679487228393558 84.211109161376967 10.500000000000002 20.523376464843754 0.74500000000000011 3.1963670253753667 0.75500000000000012 12.541958332061769 0.10381979495286943 1.5000000000000002 0.93500000000000016 0.35160160064697271 1.0000000180025095e-35 0.17195900529623034
decision_type=10 10 10 10 8 10 10 8 2 10 10 10 1 10 10 8 10 10 2 10 8 10 8 10 10 8 8 10 10 10
left_child=1 7 3 10 14 8 15 -1 25 21 29 20 -9 17 -3 -4 -11 -8 -15 -12 -5 -10 -7 -14 -16 -6 -13 -28 -20 -2
right_child=2 4 6 11 5 22 13 12 9 16 19 26 23 18 24 -17 -18 -19 28 -21 -22 -23 -24 -25 -26 -27 27 -29 -30 -31
leaf_value=-0.38470260248878807 0.085489700087840015 -0.32531417831522558 0.5436876231293345 0.41780612049722726 0.093751966499050349 0.2248074910867594 0.98172452239457386 -0.14555887456392205 -0.10223252404722154 0.06300877273012967 -0.12824026572704314 0.73044936361941404 -0.316814516689502 0.71634166124390386 -0.1784530212934731 0.84856541650022288 0.24595582153012363 1.2308218883714501 1.7090171111474046 0.42155810659451626 0.6341184038040466 0.036603117824312956 0.46876375363289213 -0.18190361648024078 -0.0055457433521683905 -0.31878667028485369 0.93937471086900726 1.8196264327168465 1.2879648199561051 0.28018974116941142
leaf_weight=18288 1584 1630 602 1306 202 1397 2164 3349 4085 2523 135 1192 11054 82 4413 1978 2581 962 256 3757 2348 3621 979 2195 1404 990 456 40 384 1257
leaf_count=18288 1584 1630 602 1306 202 1397 2164 3349 4085 2523 135 1192 11054 82 4413 1978 2581 962 256 3757 2348 3621 979 2195 1404 990 456 40 384 1257
internal_value=-8.74685e-06 -0.20041 0.635875 0.452215 -0.0142935 0.0601428 0.980879 -0.327516 0.0151437 0.0397114 0.305079 0.637664 -0.264506 1.11729 -0.177999 0.777427 0.155522 1.05838 1.37234 0.402488 0.556805 -0.0369945 0.325327 -0.294241 -0.13672 -0.248877 0.812699 1.01036 1.45639 0.171635
internal_weight=77214 58711 18503 12075 23825 16378 6428 34886 14002 12810 6733 5342 16598 3848 7447 2580 5104 3126 722 3892 3654 7706 2376 13249 5817 1192 1688 496 640 2841
internal_count=77214 58711 18503 12075 23825 16378 6428 34886 14002 12810 6733 5342 16598 3848 7447 2580 5104 3126 722 3892 3654 7706 2376 13249 5817 1192 1688 496 640 2841
cat_boundaries=0 1
cat_threshold=8
is_linear=0
shrinkage=0.03


Tree=12
num_leaves=31
num_cat=1
split_feature=42 30 44 90 59 29 30 44 6 6 43 6 43 44 44 60 213 61 91 67 40 202 1 60 6 199 45 66 32 6
split_gain=1.03025e+07 1.65766e+06 1.0129e+06 370412 284155 170228 162623 156254 153996 102020 93247.9 75084.5 64863.9 63127.6 56566 56378.7 48639.6 47515.7 47458.7 41993.3 40536.3 36936 33860.4 31309.7 31195.7 31114.5 31070.5 30569.8 29667.6 29469.4
threshold=36.971294403076179 2.2883211374282841 57.797260284423835 0.58307996392250072 0.1999795734882355 7.5499999523162851 0.99578282237052929 37.13714790344239 0.25500000000000006 0.75500000000000012 26.679487228393558 0.24500000000000002 82.527778625488295 33.944051742553718 92.788890838623061 0.10267123207449914 0 0.20118639618158343 0.45458042621612554 0.1624834090471268 63.833333969116218 70.500000000000014 2.5000000000000004 0.24062575399875644 0.75500000000000012 7.5246592687683362 5.9705882072448739 0.045418903231620796 7.6946196556091317 0.66500000000000015
decision_type=10 10 10 8 10 10 8 10 10 8 10 8 10 10 10 10 1 10 10 10 10 8 8 10 8 8 10 10 10 8
left_child=1 6 4 8 9 17 -1 10 22 18 24 -8 14 -6 21 -10 -13 -4 -2 -11 -15 23 -3 -7 -5 -23 -14 -26 -19 -9
right_child=2 3 5 7 13 12 11 29 15 19 -12 16 26 20 -16 -17 -18 28 -20 -21 -22 25 -24 -25 27 -27 -28 -29 -30 -31
leaf_value=-0.37973065544068035 0.067644852198399719 -0.17156700994542182 0.62438298996513486 -0.068570207461202098 0.37612520916465514 0.62845809210591086 -0.3181960541986476 0.18953836771844162 -0.085277080338587663 0.35729861764344895 0.21542317971837729 -0.087758254491978063 1.5797677202079745 0.64826100022642119 1.8437294676252034 0.069533608097492414 -0.23578337646773356 1.0662814828331517 0.32199182542774624 0.56536964580764981 0.8567630019048893 0.83236004563703858 -0.34696221750356593 0.9647795619873395 -0.050264951318757273 1.174955915224692 1.193141635029543 0.16306475224566105 0.7124289232187927 0.42305504263236887
leaf_weight=16398 879 2266 1143 2587 501 388 8920 676 5399 1428 2996 2630 222 1981 69 3483 8872 509 2653 2246 1456 324 1760 696 994 905 1189 1543 367 1734
leaf_count=16398 879 2266 1143 2587 501 388 8920 676 5399 1428 2996 2630 222 1981 69 3483 8872 509 2653 2246 1456 324 1760 696 994 905 1189 1543 367 1734
internal_value=-9.04949e-06 -0.183832 0.653257 0.013385 0.485807 0.974327 -0.309371 0.145429 -0.094333 0.37382 0.0824707 -0.252875 1.09278 0.690729 0.997299 -0.0245694 -0.202218 0.751792 0.258693 0.484497 0.736588 0.972048 -0.248243 0.844399 0.00473349 1.08464 1.25397 0.0794819 0.918035 0.357554
internal_weight=77214 60258 16956 23438 11144 5812 36820 10530 12908 7206 8120 20422 3793 3938 2382 8882 11502 2019 3532 3674 3437 2313 4026 1084 5124 1229 1411 2537 876 2410
internal_count=77214 60258 16956 23438 11144 5812 36820 10530 12908 7206 8120 20422 3793 3938 2382 8882 11502 2019 3532 3674 3437 2313 4026 1084 5124 1229 1411 2537 876 2410
cat_boundaries=0 1
cat_threshold=8
is_linear=0
shrinkage=0.03


Tree=13
num_leaves=31
num_cat=2
split_feature=60 30 42 6 44 44 44 6 17 42 31 6 67 44 213 213 14 67 62 26 50 38 41 36 202 5 43 62 159 42
split_gain=9.70012e+06 1.36462e+06 1.16145e+06 287958 284800 220527 192282 125355 91483.1 114788 76687.1 76221.9 59553.8 58356.2 57695.3 57575.3 47102 45238.9 43525.6 42634.6 41916.7 39999.5 34511.5 34466.3 34200.8 37901.1 34099.3 34031.3 32712.8 32442.7
threshold=0.14079204201698306 2.1128630638122563 53.382074356079109 0.38500000000000006 60.298648834228523 36.000905990600593 37.13714790344239 0.19500000000000003 1.0000000180025095e-35 19.313936233520511 10.031250000000002 0.79500000000000015 0.033205656334757812 41.502336502075202 0 1 0.2950000000000001 0.21117413789033893 0.10486457496881486 4.5000000000000009 8.7982735633850115 5.4699878692626962 42.100000381469734 4.2646141052246103 53.500000000000007 1.0000000180025095e-35 12.541958332061769 0.22830120474100116 247.83333333333334 27.597928047180179
decision_type=10 10 10 8 10 10 10 8 2 10 10 8 10 10 1 1 8 10 10 2 10 10 10 10 8 2 10 10 10 10
left_child=1 7 5 16 13 12 8 -1 -5 -10 19 -7 -2 -4 -9 -11 18 -13 -3 -6 -12 -21 -8 -15 -23 27 -16 -26 -22 -14
right_child=2 3 4 6 10 11 22 14 9 15 20 17 29 23 26 -17 -18 -19 -20 21 28 24 -24 -25 25 -27 -28 -29 -30 -31
leaf_value=-0.36247697554163461 0.036680669286892613 -0.18929332231897517 0.50364732906341092 -0.23715733660778793 0.38429878126071615 0.38596532179298798 0.23452583967138455 -0.13593736930412884 -0.071960719619526339 0.20867405586918042 1.0422734694075397 0.47601912240373262 0.0984866545336847 0.56712130284000539 -0.29843205148856311 0.041598748636599812 -0.36514659490042328 0.71094516239693617 -0.018326734190598416 0.91136943234174506 1.2049761993236219 0.77881106028676694 0.48873818995806939 0.80725191435931198 0.7517021266596261 0.48719941871816458 -0.16898005074354266 1.3925140667810134 1.6628828880408384 0.33559380953821782
leaf_weight=18288 1179 4601 1200 1192 113 2651 1707 3349 5147 3178 461 1324 655 702 11054 4485 955 1666 1891 2298 288 179 669 2302 86 55 2195 562 274 2508
leaf_count=18288 1179 4601 1200 1192 113 2651 1707 3349 5147 3178 461 1324 655 702 11054 4485 955 1666 1891 2298 288 179 669 2302 86 55 2195 562 274 2508
internal_value=-1.00374e-05 -0.188776 0.598954 -0.0137604 0.856237 0.379375 0.0565678 -0.308301 0.0142241 0.0376157 1.02742 0.503081 0.218661 0.680492 -0.248608 0.111215 -0.168432 0.606918 -0.139494 0.956937 1.2543 0.977286 0.306103 0.751136 1.14903 1.24329 -0.276776 1.30747 1.42823 0.286493
internal_weight=77214 58711 18503 23825 8520 9983 16378 34886 14002 12810 4316 5641 4342 4204 16598 7663 7447 2990 6492 3293 1023 3180 2376 3004 882 703 13249 648 562 3163
internal_count=77214 58711 18503 23825 8520 9983 16378 34886 14002 12810 4316 5641 4342 4204 16598 7663 7447 2990 6492 3293 1023 3180 2376 3004 882 703 13249 648 562 3163
cat_boundaries=0 1 2
cat_threshold=8 8
is_linear=0
shrinkage=0.03


Tree=14
num_leaves=31
num_cat=1
split_feature=42 30 44 6 61 30 60 26 43 68 41 6 6 44 1 67 6 189 42 44 43 38 91 42 43 213 62 41 43 107
split_gain=9.14221e+06 1.46757e+06 899541 304204 253012 180157 153505 130212 116945 99033.8 73304.7 73233.9 66099.4 58972.4 53070 42685.8 40635 38777.2 38001.5 37166.5 35873.5 35455.9 34884.6 32671.7 28842.8 28640.2 28416.7 27809.4 27363 27321.1
threshold=36.971294403076179 2.468059897422791 56.780193328857429 0.64500000000000013 0.17751067876815799 1.0370228886604311 0.23722910135984424 1.5000000000000002 22.870833396911625 0.12618868052959445 67.700000762939467 0.35500000000000004 0.60500000000000009 80.517856597900405 1.5000000000000002 0.20765480399131778 0.34500000000000003 3.5558097958564763 54.22734451293946 27.336478233337406 84.211109161376967 3.7005155086517338 0.87174242734909069 19.073740005493168 60.781745910644538 0 0.067038889974355712 22.10000038146973 12.541958332061769 36.166666666666679
decision_type=10 10 10 10 10 8 8 2 10 10 10 10 8 10 8 10 8 8 10 10 10 10 10 10 8 1 10 10 10 10
left_child=1 5 4 7 12 -1 14 -3 16 23 15 28 26 20 17 -6 -9 -4 25 -10 -8 -11 24 -5 -19 -14 -2 -18 -7 -15
right_child=2 3 6 9 10 11 13 8 19 21 -12 -13 18 29 -16 -17 27 22 -20 -21 -22 -23 -24 -25 -26 -27 -28 -29 -30 -31
leaf_value=-0.35229348188849197 -0.21997241124229611 -0.30960114792448007 0.6375312793699951 -0.044492837311867574 0.41700390497696443 -0.28799331940330386 0.91425960571472942 -0.1887240536091408 0.012073605762479653 0.26316016299868389 0.83360821437541865 -0.14443619291531512 0.40492798387913642 1.0159503361627911 0.37280055571261977 0.6269009003478071 -0.092999338077571991 0.60885024485800543 0.53913968765461795 0.17406117167272608 1.1585136879480782 0.51549717266699613 1.1108904822014014 0.14313720791773088 0.9168025761996248 0.21711265940241714 0.20187659763218366 0.061656871996616208 -0.18993890947579212 1.4405982650586799
leaf_weight=18114 159 1592 924 1167 1356 10211 1838 2744 2679 2406 1065 7075 2024 198 305 2443 3320 452 1072 2432 767 633 435 2938 694 1291 1495 1528 3419 438
leaf_count=18114 159 1592 924 1167 1356 10211 1838 2744 2679 2406 1065 7075 2024 198 305 2443 3320 452 1072 2432 767 633 435 2938 694 1291 1495 1528 3419 438
internal_value=-9.28949e-06 -0.173172 0.615372 0.0260487 0.452604 -0.283197 0.908711 -0.053839 -0.0217856 0.185902 0.613645 -0.222747 0.322939 1.04941 0.746435 0.551981 -0.0964706 0.791927 0.383872 0.0891532 0.986176 0.31572 0.882162 0.0897963 0.795341 0.333661 0.161324 -0.0442546 -0.263397 1.3084
internal_weight=77214 60258 16956 21439 10905 38819 6051 14295 12703 7144 4864 20705 6041 3241 2810 3799 7592 2505 4387 5111 2605 3039 1581 4105 1146 3315 1654 4848 13630 636
internal_count=77214 60258 16956 21439 10905 38819 6051 14295 12703 7144 4864 20705 6041 3241 2810 3799 7592 2505 4387 5111 2605 3039 1581 4105 1146 3315 1654 4848 13630 636
cat_boundaries=0 1
cat_threshold=8
is_linear=0
shrinkage=0.03


Tree=15
num_leaves=31
num_cat=1
split_feature=30 30 41 90 62 44 68 6 30 43 44 43 6 37 41 50 43 213 6 37 68 1 66 87 26 60 84 84 203 8
split_gain=8.61305e+06 1.20114e+06 1.03919e+06 276945 226559 208556 141258 132346 114574 87296.6 76359.7 60994.6 55325 53619 49672.1 44673.6 41938.1 41593.9 40763.5 39514.8 39022.8 32797.3 29522.7 29341.7 29225.1 28781.9 28570.1 28348.8 25760.8 32069.4
threshold=4.7719874382019052 2.1128630638122563 57.100000381469734 0.57567164301872265 0.18342702090740207 69.235382080078139 0.094438511878252043 0.25500000000000006 0.93001791834831249 36.598615646362312 41.502336502075202 25.392307281494144 0.35500000000000004 5.3923077583312997 26.633333206176761 8.5916590690612811 45.516666412353523 0 0.55500000000000016 3.8944444656372075 0.18966180831193927 1.5000000000000002 0.18921610713005069 0.75499999523162853 104.50000000000001 0.20250307023525241 0.19753746688365939 0.33550165593624121 1.0000000180025095e-35 0.95450000000000024
decision_type=10 10 10 8 10 10 10 10 8 10 10 10 8 8 10 10 10 1 8 8 10 8 8 8 2 8 10 10 10 10
left_child=1 8 4 7 9 10 -5 21 -1 18 -4 -9 -10 -7 -8 16 -6 -14 -2 -12 -16 -3 -21 26 -24 -15 -11 -20 -27 -30
right_child=2 3 5 6 15 13 14 11 12 23 19 -13 17 25 20 -17 -18 -19 27 22 -22 -23 24 -25 -26 28 -28 -29 29 -31
leaf_value=-0.35084185078890873 -0.0055217003458264196 -0.063437414782425094 0.47490464849726238 -0.0093520887276194418 0.39042598522403965 0.8606419130870524 0.11004799036238117 -0.079827706033588922 -0.28079828976602217 0.15464653307640269 0.54102615302024737 0.090996941028598802 -0.031047278245835575 0.60268744711405953 0.21914342125601957 0.75570109837412858 0.62237162171132487 -0.21169442288392568 0.17875701481404785 0.56574132862592241 0.44824392640445498 -0.26762491862195581 0.87147236968223107 0.45659271513311761 0.52886805382727509 1.3401949229371828 0.40969856003319821 0.40093132744163923 1.0311941265886964 1.6106081946194171
leaf_weight=15531 836 872 884 4570 1338 765 2092 7004 12092 764 535 2572 1447 78 1854 892 1475 5830 2106 377 1047 3764 3027 2162 242 635 819 685 823 96
leaf_count=15531 836 872 884 4570 1338 765 2092 7004 12092 764 535 2572 1447 78 1854 892 1475 5830 2106 377 1047 3764 3027 2162 242 635 819 685 823 96
internal_value=-6.59574e-06 -0.178108 0.563677 -0.0136548 0.379327 0.837336 0.111166 -0.0976447 -0.29014 0.283143 0.728229 -0.0339462 -0.241465 1.06788 0.221475 0.570708 0.512047 -0.176107 0.178242 0.781791 0.301828 -0.229219 0.817119 0.384739 0.84611 1.16503 0.286603 0.233286 1.19325 1.09172
internal_weight=77214 58675 18539 23775 11077 7462 9563 14212 34900 7372 5065 9576 19369 2397 4993 3705 2813 7277 3627 4181 2901 4636 3646 3745 3269 1632 1583 2791 1554 919
internal_count=77214 58675 18539 23775 11077 7462 9563 14212 34900 7372 5065 9576 19369 2397 4993 3705 2813 7277 3627 4181 2901 4636 3646 3745 3269 1632 1583 2791 1554 919
cat_boundaries=0 1
cat_threshold=8
is_linear=0
shrinkage=0.03


Tree=16
num_leaves=31
num_cat=0
split_feature=42 30 44 6 31 30 29 26 43 66 68 68 43 43 44 7 38 6 6 6 202 1 6 146 45 199 6 60 62 36
split_gain=8.10825e+06 1.30165e+06 800320 245111 229154 198751 136940 133310 91472.2 89095.5 82365.8 73239.8 71518.4 51545.9 49874.8 46011.8 45388.9 40824.6 37423.3 34018.5 33688.1 33408.4 31486.7 30627.1 29310.3 28417.5 27759.8 27690 27494.4 26868.2
threshold=36.971294403076179 2.6979043483734135 57.797260284423835 0.64500000000000013 6.1846590042114267 1.2907704114913943 7.5499999523162851 1.5000000000000002 22.870833396911625 0.18921610713005069 0.02718331012874842 0.1068314239382744 12.541958332061769 82.527778625488295 92.788890838623061 0.88166666666666682 3.2228132486343388 0.78500000000000014 0.28500000000000009 0.31500000000000006 70.500000000000014 2.5000000000000004 0.075000000000000025 0.69977678571428592 5.9705882072448739 7.5246592687683362 0.56500000000000006 0.24062575399875644 0.12500037997961047 6.9534735679626474
decision_type=10 10 10 10 10 8 10 2 10 10 10 10 10 10 10 8 10 8 8 8 8 8 8 10 10 8 8 10 10 10
left_child=1 5 4 7 11 22 17 -3 19 -6 -5 -2 21 14 20 -11 -12 -4 -13 -9 27 26 -1 -19 -15 -22 -7 -8 -10 -26
right_child=2 3 6 10 9 12 13 8 28 15 16 18 -14 24 -16 -17 -18 23 -20 -21 25 -23 -24 -25 29 -27 -28 -29 -30 -31
leaf_value=-0.36530699224393559 0.12849177755898136 -0.29441349265205408 0.49243642685654521 -0.0041517237557577302 0.38340844385044859 -0.23011104804252 0.53736045682133116 -0.18641261638731182 0.041517252208875421 0.58034107770642895 0.19048195469148102 -0.049298294670678471 -0.11268532890816947 1.4312971900987463 1.6808466778630795 0.80603949204713599 0.39107132880106593 0.729396473453648 0.38560507123140697 -0.031234453626183319 0.72877305428462991 -0.3053118714337118 -0.29147805686885569 1.3037926674137512 0.93408652443785312 1.0561840089451089 -0.10237172161405372 0.85364402192066713 0.19007070427684969 1.2229007365093929
leaf_weight=8476 1476 1592 764 1567 1352 6111 388 1812 2939 2010 3803 185 7156 222 69 1365 1385 1165 4756 4262 324 3852 13447 90 688 905 2043 696 1813 501
leaf_count=8476 1476 1592 764 1567 1352 6111 388 1812 2939 2010 3803 185 7156 222 69 1365 1385 1165 4756 4262 324 3852 13447 90 688 905 2043 696 1813 501
internal_value=-7.34222e-06 -0.163084 0.579531 0.0410234 0.430686 -0.258334 0.864928 -0.038089 -0.000395669 0.589189 0.186459 0.313927 -0.187757 0.971171 0.886054 0.671624 0.244032 0.665334 0.369322 -0.0775273 0.862344 -0.232502 -0.320022 0.770588 1.11486 0.969869 -0.198106 0.740436 0.0981939 1.05578
internal_weight=77214 60258 16956 19173 11144 41085 5812 12418 10826 4727 6755 6417 19162 3793 2382 3375 5188 2019 4941 6074 2313 12006 21923 1255 1411 1229 8154 1084 4752 1189
internal_count=77214 60258 16956 19173 11144 41085 5812 12418 10826 4727 6755 6417 19162 3793 2382 3375 5188 2019 4941 6074 2313 12006 21923 1255 1411 1229 8154 1084 4752 1189
is_linear=0
shrinkage=0.03


Tree=17
num_leaves=31
num_cat=1
split_feature=60 42 41 6 44 44 44 6 17 67 44 67 62 37 6 6 41 50 7 42 167 213 195 162 37 1 44 150 61 60
split_gain=7.64521e+06 1.07066e+06 919743 266540 205438 181708 139941 132650 81785.4 75912.9 74941.8 71299.9 54061.8 47928.2 47799.5 45951.4 38880.3 37274.1 35724.3 31401.5 30030.7 29295.4 29193.8 29147 30144.1 29108.5 28825.6 28015.8 26314.4 25243.1
threshold=0.14079204201698306 14.843298435211183 57.100000381469734 0.36500000000000005 44.377975463867195 69.235382080078139 37.13714790344239 0.23500000000000001 1.0000000180025095e-35 0.082353141158819212 41.502336502075202 0.061327520757913596 0.063508767634630217 5.3923077583312997 0.78500000000000014 0.10500000000000002 31.22500038146973 8.5916590690612811 0.88166666666666682 26.295501708984379 6.8333333333333348 0 228.50000000000003 318.70833333333343 2.1773222684860234 1.5000000000000002 20.258940696716312 67.154761904761912 0.1052801087498665 0.21195019036531451
decision_type=10 10 10 8 10 10 10 8 2 10 10 10 10 8 8 10 10 10 10 10 8 1 8 8 10 8 10 10 10 10
left_child=1 7 4 15 11 10 8 -1 25 26 -4 -2 21 -7 29 -3 -13 -16 27 -11 -20 -9 -22 24 -8 -5 -10 -12 -17 -6
right_child=2 3 5 6 14 13 23 12 9 19 18 16 -14 -15 17 28 -18 -19 20 -21 22 -23 -24 -25 -26 -27 -28 -29 -30 -31
leaf_value=-0.31648429754572172 0.097980516201611245 -0.29448391579051514 0.43361899108261709 0.14399631728642973 0.33485125753250045 0.81219993661064649 0.062659312830711911 -0.12579212006346099 -0.067497229005296575 0.064196448941909512 0.63139616894520323 0.17217932593754276 -0.12108922980212222 1.1012488890103069 0.52518010137589843 -0.14707388541441407 0.36448241660490494 0.76784486800115526 0.62320942566404502 0.21611005998144928 0.81620048262342537 -0.25941095493114746 1.128973078580586 0.54702775209581622 0.3160599316619126 -0.27782813734523831 0.058215549676863633 0.89534471692206241 0.026714220851219824 0.61038631014783795
leaf_weight=20506 1824 1675 854 174 1286 760 602 1823 3698 2336 2179 1259 5101 1610 1740 3956 3809 847 369 2574 710 9638 432 324 1417 957 2952 434 978 390
leaf_count=20506 1824 1675 854 174 1286 760 602 1823 3698 2336 2179 1259 5101 1610 1740 3956 3809 847 369 2574 710 9638 432 324 1417 957 2952 434 978 390
internal_value=-7.11929e-06 -0.16759 0.531742 6.96789e-05 0.360076 0.792347 0.0698727 -0.265482 0.0305454 0.0543666 0.68941 0.258822 -0.202334 1.00856 0.523774 -0.158717 0.31671 0.60463 0.74238 0.143835 0.858493 -0.238493 0.934517 0.282892 0.240504 -0.212932 -0.0116921 0.675236 -0.112626 0.398967
internal_weight=77214 58711 18503 21643 11155 7348 15034 37068 12691 11560 4978 6892 16562 2370 4263 6609 5068 2587 4124 4910 1511 11461 1142 2343 2019 1131 6650 2613 4934 1676
internal_count=77214 58711 18503 21643 11155 7348 15034 37068 12691 11560 4978 6892 16562 2370 4263 6609 5068 2587 4124 4910 1511 11461 1142 2343 2019 1131 6650 2613 4934 1676
cat_boundaries=0 1
cat_threshold=8
is_linear=0
shrinkage=0.03


Tree=18
num_leaves=31
num_cat=1
split_feature=30 42 41 90 62 44 6 6 44 43 44 66 67 26 62 203 189 6 43 6 87 84 56 31 7 178 6 187 213 97
split_gain=7.20172e+06 1.00359e+06 869500 268888 192154 174272 126441 117243 100113 74522.7 64201.7 56423.9 46118.8 45283.8 44866.7 42924.7 38653.4 40520.7 35203.6 35161.3 34860.2 41473.4 31645.5 30903.9 35321.1 30289.9 30109.2 27627.9 27124.1 27000.1
threshold=4.7719874382019052 14.080884456634523 57.100000381469734 0.57567164301872265 0.18342702090740207 69.235382080078139 0.21500000000000002 0.23500000000000001 37.13714790344239 32.759614944458015 41.502336502075202 0.096981704235076918 0.050667045637965209 12.500000000000002 0.063508767634630217 1.5000000000000002 3.5558097958564763 0.91500000000000015 63.809089660644538 0.75500000000000012 0.76499998569488536 0.18830669671297076 0.6173309087753297 10.160256385803224 0.94416666666666682 0.45744053509963439 0.55500000000000016 57.791666666666679 0 0.59421759843826305
decision_type=10 10 10 8 10 10 10 8 10 10 10 10 10 2 10 10 8 10 10 10 8 10 10 8 10 10 8 10 1 8
left_child=1 7 4 6 9 10 -3 -1 12 26 -4 -8 -5 -7 28 27 -6 -18 22 -10 21 -11 -12 -17 -25 -19 -2 -15 -9 -20
right_child=2 3 5 8 16 13 11 14 19 20 18 -13 -14 15 -16 23 17 25 29 -21 -22 -23 -24 24 -26 -27 -28 -29 -30 -31
leaf_value=-0.30927714160350867 -0.034661289459237681 -0.22517636388445256 0.43372815588005603 -0.028619175972459832 0.39148788800252943 0.52160213840368019 -0.080875368838742884 -0.12271753339581128 0.21866213289128536 0.1029203269175275 0.46538568961270155 0.071910403043075485 0.1312336178784056 1.9464449637383221 -0.12185693704821497 0.79216264572046791 0.52766764824424595 0.74693747096402308 0.33009693198278545 0.4887230248315178 0.40728904068337352 0.37025617287995521 0.7226822188057177 0.95135465440171663 1.5395743055641651 1.4894247815608979 0.19282411051873427 1.1395228240034438 -0.25322500705033901 0.81115847848263922
leaf_weight=20194 702 4242 884 2609 1303 182 6376 1771 1169 1007 750 3302 4304 40 4648 820 1857 490 110 690 2517 1085 1009 392 120 55 2061 843 9370 2312
leaf_count=20194 702 4242 884 2609 1303 182 6376 1771 1169 1007 750 3302 4304 40 4648 820 1857 490 110 690 2517 1085 1009 392 120 55 2061 843 9370 2312
internal_value=-8.40399e-06 -0.162866 0.515427 -0.00662852 0.3468 0.765748 -0.0886071 -0.261394 0.123461 0.258219 0.666012 -0.028747 0.0709044 0.976496 -0.200152 1.01387 0.523051 0.59442 0.715124 0.3189 0.332071 0.241572 0.612976 0.906346 1.08922 0.821867 0.135027 1.17608 -0.232817 0.78931
internal_weight=77214 58675 18539 22692 11077 7462 13920 35983 8772 7372 5065 9678 6913 2397 15789 2215 3705 2402 4181 1859 4609 2092 1759 1332 512 545 2763 883 11141 2422
internal_count=77214 58675 18539 22692 11077 7462 13920 35983 8772 7372 5065 9678 6913 2397 15789 2215 3705 2402 4181 1859 4609 2092 1759 1332 512 545 2763 883 11141 2422
cat_boundaries=0 1
cat_threshold=8
is_linear=0
shrinkage=0.03


Tree=19
num_leaves=31
num_cat=0
split_feature=42 30 44 6 59 31 29 26 43 31 68 44 50 38 6 44 26 87 198 38 6 194 1 110 109 91 6 151 6 62
split_gain=6.78462e+06 1.0866e+06 673723 208921 195697 172063 115862 115049 77994.6 72024.2 70463 47553.1 46867.9 49196.9 45168.3 39872.1 38786 38484.6 37839.6 37753.2 37591.9 29490.5 28472.6 34058.1 28158.1 27720.7 27494.4 25009.5 24845.5 24486.1
threshold=36.971294403076179 2.6979043483734135 57.797260284423835 0.64500000000000013 0.20431329309940341 1.240384638309479 7.5499999523162851 1.5000000000000002 22.870833396911625 4.2071428298950204 0.02718331012874842 14.326709270477297 8.7982735633850115 5.3757352828979501 0.42500000000000004 32.928852081298835 9.5000000000000018 0.75499999523162853 6.7185197833829351 3.2228132486343388 0.41500000000000004 10.500000000000002 1.5000000000000002 27.763888888888893 39.576243652431877 0.80408334732055675 0.34500000000000003 45.833333333333336 0.97500000000000009 0.21106951683759692
decision_type=10 10 10 10 10 10 10 2 10 10 10 10 10 10 8 10 2 8 10 10 8 10 8 10 10 10 10 10 10 10
left_child=1 5 4 7 9 14 18 -3 22 20 -5 26 21 28 -1 -6 -15 -11 -4 -12 -2 24 23 -9 -8 -17 -7 -21 -14 -10
right_child=2 3 6 10 15 11 12 8 29 17 19 -13 13 16 -16 25 -18 -19 -20 27 -22 -23 -24 -25 -26 -27 -28 -29 -30 -31
leaf_value=-0.30276811215608729 -0.11306621830093902 -0.2738577242865316 0.77020337159942021 -0.0047276614718590867 0.28660816964303903 -0.2460801285681119 1.0087800923543737 0.25216852742599916 0.08090942053320789 0.27317069326652588 0.17598552296908684 -0.10163055340665314 0.81556753877726418 0.2523201920036226 -0.19081634226827474 0.51880696031544771 1.209594615538685 0.4353721362649699 0.50414603171354566 0.32995859493783636 0.21760219452720386 0.6204209770485869 -0.12954473735469066 -0.044394596843518291 0.70194135245143996 0.69480591901371769 -0.13818256638619578 0.91995752734296454 1.2520718989318067 0.58324234087815441
leaf_weight=21120 374 1592 791 1567 385 5640 608 412 4663 2314 3803 7082 1058 40 3832 1561 799 3054 1228 1317 1792 673 3400 2262 483 1664 3411 68 132 89
leaf_count=21120 374 1592 791 1567 385 5640 608 412 4663 2314 3803 7082 1058 40 3832 1561 799 3054 1228 1317 1792 673 3400 2262 483 1664 3411 68 132 89
internal_value=-9.61245e-06 -0.149183 0.530119 0.0373028 0.393553 -0.236209 0.791973 -0.0357362 -0.000719569 0.30653 0.171573 -0.159857 0.889697 0.988025 -0.285575 0.575169 1.16396 0.365451 0.608381 0.224824 0.160506 0.776598 -0.0719426 0.00129875 0.872939 0.609617 -0.205417 0.358926 0.863987 0.0903176
internal_weight=77214 60258 16956 19173 11144 41085 5812 12418 10826 7534 6755 16133 3793 2029 24952 3610 839 5368 2019 5188 2166 1764 6074 2674 1091 3225 9051 1385 1190 4752
internal_count=77214 60258 16956 19173 11144 41085 5812 12418 10826 7534 6755 16133 3793 2029 24952 3610 839 5368 2019 5188 2166 1764 6074 2674 1091 3225 9051 1385 1190 4752
is_linear=0
shrinkage=0.03


Tree=20
num_leaves=31
num_cat=1
split_feature=60 30 42 42 44 1 44 30 6 44 67 91 6 68 44 189 6 213 36 85 56 26 6 44 43 43 37 44 45 203
split_gain=6.39436e+06 965724 713895 224527 199853 128217 112671 90735.6 79541 62497.3 58397 51230.2 42732.4 42658.7 42435.3 42322.3 39085.5 36407 36141.8 35735.6 32672.1 32266.6 32203.8 31375.5 28600.1 27838.3 27085.6 26627.7 26129.4 25667.5
threshold=0.14487860351800921 2.1128630638122563 60.359727859497077 24.762494087219242 43.84114074707032 2.5000000000000004 58.905372619628913 0.93001791834831249 0.34500000000000003 37.13714790344239 0.12907235324382785 0.84464102983474743 0.35500000000000004 0.097964297980070128 80.517856597900405 4.2619851678609857 0.49500000000000005 0 4.2646141052246103 0.45804196596145635 0.51691207289695751 10.500000000000002 0.67500000000000016 28.201124191284183 44.033332824707038 84.211109161376967 2.7928571701049809 58.905372619628913 5.9705882072448739 1.0000000180025095e-35
decision_type=10 10 10 10 10 8 10 8 8 10 10 10 8 10 10 8 8 1 10 8 10 2 8 10 8 10 10 10 10 10
left_child=1 7 4 8 10 9 18 -1 -3 16 -2 24 -9 -10 20 -13 -5 -14 -4 -11 -8 -16 -15 -12 -6 -22 -7 -17 -27 -23
right_child=2 3 6 5 11 26 14 12 13 19 23 15 17 22 21 27 -18 -19 -20 -21 25 29 -24 -25 -26 28 -28 -29 -30 -31
leaf_value=-0.3042096455789014 0.13571202502493251 -0.18157776092691169 0.36555192552872451 -0.011177589174278798 0.30473832858742739 -0.20768126166723513 0.20301940255440198 -0.2414354643157329 -0.070313923102162904 0.21637483076164216 0.17266855585496635 0.46745230914557806 -0.013819006155787478 -0.019982130720816324 0.50055158985985648 0.6438466881090058 0.15134808613754996 -0.18268459153563454 0.65443926613981662 0.49211746617469243 0.764081678719289 1.3687617139768553 0.18709422764057912 0.37101024201539878 0.49475844294038052 1.3589557373151182 0.11726947437958667 0.98421268133269679 0.89774123320964638 0.98095344176283106
leaf_weight=15531 2552 4698 479 1926 1025 1253 78 12087 7189 1683 959 662 1445 1584 81 490 4316 5827 2092 565 2098 256 1179 2854 2341 128 283 358 811 384
leaf_count=15531 2552 4698 479 1926 1025 1253 78 12087 7189 1683 959 662 1445 1584 81 490 4316 5827 2092 565 2098 256 1179 2854 2341 128 283 358 811 384
internal_value=-9.32425e-06 -0.14861 0.501551 -0.00497441 0.3575 0.104414 0.754286 -0.250196 -0.0798366 0.150047 0.246785 0.502025 -0.206863 -0.0318081 0.85728 0.64721 0.1012 -0.1494 0.600617 0.285678 0.809276 1.06468 0.0683794 0.321126 0.436894 0.824846 -0.147811 0.787539 0.960612 1.13608
internal_weight=77214 59566 17648 24676 11241 10026 6407 34890 14650 8490 6365 4876 19359 9952 3836 1510 6242 7272 2571 2248 3115 721 2763 3813 3366 3037 1536 848 939 640
internal_count=77214 59566 17648 24676 11241 10026 6407 34890 14650 8490 6365 4876 19359 9952 3836 1510 6242 7272 2571 2248 3115 721 2763 3813 3366 3037 1536 848 939 640
cat_boundaries=0 1
cat_threshold=8
is_linear=0
shrinkage=0.03


Tree=21
num_leaves=31
num_cat=0
split_feature=42 42 44 87 31 31 61 44 6 66 68 43 32 7 197 6 1 87 87 67 6 67 6 50 47 118 98 32 92 35
split_gain=6.02021e+06 968613 596660 264036 175901 109081 104100 96928.4 96888.4 72742.2 58644.9 51428.9 40122.4 39168.7 38617.9 35692.9 35141.8 35027.2 32739 31919.5 30762 30260.7 30111 29584.9 27596.9 29339.8 26098.7 27831 24082.4 23666.7
threshold=36.971294403076179 14.843298435211183 57.797260284423835 0.57945367693901073 6.1846590042114267 1.240384638309479 0.21597743779420855 26.720485687255863 0.30500000000000005 0.18921610713005069 0.1068314239382744 81.038459777832045 2.9945055246353154 0.88166666666666682 31.500000000000004 0.57500000000000007 2.5000000000000004 0.38499999046325689 0.32500000298023229 0.12907235324382785 0.43500000000000005 0.042125847190618522 0.28500000000000009 9.9936671257019061 9.7840080261230487 0.66080101087106502 0.57482257485389721 7.0844290256500253 0.76013809442520153 5.6333332061767587
decision_type=10 10 10 8 10 10 8 10 10 10 10 10 10 8 8 8 8 8 10 8 8 10 8 10 10 10 10 10 8 10
left_child=1 5 4 8 10 20 14 15 18 -6 -2 23 -10 29 -4 -5 19 -7 -3 -9 -1 -17 -12 -8 25 -13 -25 -28 -16 -11
right_child=2 3 6 7 9 17 11 16 12 13 22 24 -14 -15 28 21 -18 -19 -20 -21 -22 -23 -24 26 -26 -27 27 -29 -30 -31
leaf_value=-0.28815650301501228 0.10261409651234413 -0.12760977850077343 0.45748361903277429 -0.2754928597747992 0.32377536016089298 -0.2105043293785451 0.71140964342831214 0.14436197201669276 -0.087153691563689961 0.45254665613621564 -0.057384894301762447 1.1063238347353248 0.059110141707517556 0.70821812798660044 0.4939292185945956 -0.027628763273784645 -0.089904255903424171 -0.11305412200929532 -0.28625787380347456 0.30393461496346713 -0.19147394196281753 0.11536903317922993 0.33272260295685929 0.65854878497410962 0.81123831990986095 0.37969219765292023 1.0197650574689561 1.9239599762191162 0.92419405327124093 0.72339386517481619
leaf_weight=20259 1476 3851 1209 311 1352 7443 2286 1913 3075 1658 185 887 3742 1365 183 2307 313 5992 1682 2750 3469 3151 4756 83 651 53 88 47 325 352
leaf_count=20259 1476 3851 1209 311 1352 7443 2286 1913 3075 1658 185 887 3742 1365 183 2307 313 5992 1682 2750 3469 3151 4756 83 651 53 88 47 325 352
internal_value=-9.80812e-06 -0.140528 0.499363 0.0120475 0.370844 -0.235347 0.745786 0.120796 -0.0825683 0.509714 0.268548 0.827999 -0.00686628 0.5842 0.549709 0.0371139 0.217814 -0.167042 -0.175838 0.23847 -0.274022 0.0549264 0.318116 0.743254 0.961376 1.06535 1.07718 1.33456 0.769197 0.499979
internal_weight=77214 60258 16956 23095 11144 37163 5812 10745 12350 4727 6417 4095 6817 3375 1717 5769 4976 13435 5533 4663 23728 5458 4941 2504 1591 940 218 135 508 2010
internal_count=77214 60258 16956 23095 11144 37163 5812 10745 12350 4727 6417 4095 6817 3375 1717 5769 4976 13435 5533 4663 23728 5458 4941 2504 1591 940 218 135 508 2010
is_linear=0
shrinkage=0.03


Tree=22
num_leaves=31
num_cat=1
split_feature=60 30 42 6 44 44 6 6 42 68 67 189 87 213 5 44 1 115 44 1 37 17 6 43 42 87 43 32 62 91
split_gain=5.67543e+06 856801 634954 202259 178232 99226.8 95391.1 81942.9 78943.6 66922.1 48820.7 48199.5 55781.6 47423 41529.1 44801.3 40968.8 31439.6 30142 29933.2 32042.5 28069.1 27830.5 27505.7 26780.6 26687.4 26058.2 27238.7 25950.3 25835.8
threshold=0.14487860351800921 2.1128630638122563 60.359727859497077 0.65500000000000014 42.672042846679695 56.780193328857429 0.25500000000000006 0.15500000000000003 25.691630363464359 0.07566335424780847 0.043205922469496734 3.5558097958564763 0.9462856948375703 0 1.0000000180025095e-35 84.278209686279311 2.5000000000000004 0.52407354254369187 26.482120513916019 1.5000000000000002 1.118055582046509 10.500000000000002 0.48500000000000004 84.211109161376967 22.332430839538578 0.25499999523162847 63.031250000000007 6.0694828033447275 0.10681146010756494 0.8751666545867921
decision_type=10 10 10 10 10 10 8 8 10 8 10 8 10 1 2 10 8 8 10 8 10 2 10 10 10 10 10 10 10 10
left_child=1 7 4 6 10 -4 25 -1 28 -5 -2 26 -13 -9 15 23 18 -17 -10 -11 -21 -19 -15 -7 -12 -3 -6 -28 -8 -14
right_child=2 3 5 9 11 14 8 13 16 19 24 12 29 22 -16 17 -18 21 -20 20 -22 -23 -24 -25 -26 -27 27 -29 -30 -31
leaf_value=-0.28622943443811577 0.073570620426635355 -0.12851141986204051 0.55532627385708544 0.01926346697764891 0.30755781980774166 0.73205265781268158 -0.10310375072707803 -0.10247628832537886 0.015128026379144871 0.27501630371781782 -0.02820805091947317 0.48593180868406 0.48631440627116418 -0.23749986957563074 0.47841792303899983 0.52483980092341476 -0.11278288353445894 0.7077973037330727 0.1813888772390588 -0.19646867268484172 0.17212914486887176 1.3541268993803846 -0.12974260501751808 0.9185267765150118 0.29100059744224921 -0.28895152091003029 1.3064037517030189 0.47020116861747652 0.012226822219464398 0.98672272178553611
leaf_weight=15800 1434 2847 2342 2595 1685 2252 6491 4092 1611 2600 250 2837 130 12386 331 69 846 76 2511 262 1118 296 2612 1041 4395 1388 47 138 2407 325
leaf_count=15800 1434 2847 2342 2595 1685 2252 6491 4092 1611 2600 250 2837 130 12386 331 69 846 76 2511 262 1118 296 2612 1041 4395 1388 47 138 2407 325
internal_value=-9.5141e-06 -0.140007 0.472515 -0.00471438 0.336662 0.710867 -0.0564791 -0.235693 -0.0184186 0.137794 0.226583 0.466296 0.535387 -0.193867 0.800481 0.82903 0.0773801 1.11299 0.116409 0.215077 0.102149 1.22208 -0.218587 0.791002 0.27382 -0.181095 0.344665 0.682642 -0.0719057 0.843749
internal_weight=77214 59566 17648 24676 11241 6407 18101 34890 13866 6575 6079 5162 3292 19090 4065 3734 4968 441 4122 3980 1380 372 14998 3293 4645 4235 1870 185 8898 455
internal_count=77214 59566 17648 24676 11241 6407 18101 34890 13866 6575 6079 5162 3292 19090 4065 3734 4968 441 4122 3980 1380 372 14998 3293 4645 4235 1870 185 8898 455
cat_boundaries=0 1
cat_threshold=8
is_linear=0
shrinkage=0.03


Tree=23
num_leaves=31
num_cat=1
split_feature=30 42 41 6 43 44 44 6 17 213 68 9 43 26 203 6 189 1 31 87 6 38 58 195 43 7 64 84 50 47
split_gain=5.34887e+06 752026 653773 210183 151896 127506 125578 84673.9 61265.3 75268.2 55616.9 43556.5 43359.8 39966.9 38841.2 36723.3 35928.7 34989.1 34747.3 33982.2 32670.4 29574.2 28976.8 29209.4 26531.7 26174.1 25216.8 24580.6 32867.3 28563.2
threshold=4.7719874382019052 13.722707748413088 58.300001144409187 0.36500000000000005 43.516666412353523 69.235382080078139 37.13714790344239 0.23500000000000001 1.0000000180025095e-35 0 0.20879187434911731 0.64883077510478759 63.809089660644538 12.500000000000002 1.0000000180025095e-35 0.80500000000000016 0.62435457296669494 1.5000000000000002 3.7207791805267338 0.36110295355319982 0.56500000000000006 3.762202382087708 0.22763147950172427 271.50000000000006 22.607692718505863 0.87666666666666682 0.16236994415521624 0.71333992481231701 9.5863366127014178 8.8942751884460467
decision_type=10 10 10 8 10 10 10 8 2 1 10 8 10 2 10 10 8 10 10 8 8 10 10 10 10 10 10 10 10 10
left_child=1 7 4 19 10 12 8 -1 -5 24 20 -6 21 -7 27 -8 -9 25 -11 -3 -2 -4 -13 -24 -10 26 -14 28 -15 -30
right_child=2 3 5 6 11 13 15 16 9 18 -12 22 17 14 -16 -17 -18 -19 -20 -21 -22 -23 23 -25 -26 -27 -28 -29 29 -31
leaf_value=-0.26808822846386426 0.0092527140249303256 -0.11104471807346333 0.36189332173259586 -0.19843139782516936 0.22471927005571277 0.42387082505439005 0.19292496163310474 -0.21191612564694634 0.050763576764886846 -0.061096317233926313 0.35262482577870963 0.41900096755659461 0.054570683737595868 0.99844956581319311 0.78582076281473223 0.47945290289797626 -0.11831884387167939 0.20485910811474625 0.077026775175399367 -0.28012016285103553 0.19737522028541388 0.58484783138139984 0.56655410940527751 1.3636400659070458 0.19449212985758213 0.79710632681076088 0.63144976569629996 0.7808997520980866 2.008894007088708 1.2200600790762108
leaf_weight=20025 1075 6001 1002 1081 790 182 1819 9232 2046 5512 1749 3011 72 421 1328 517 6150 142 2333 1302 3658 1150 1096 43 2657 1112 1291 228 61 128
leaf_count=20025 1075 6001 1002 1081 790 182 1819 9232 2046 5512 1749 3011 72 421 1328 517 6150 142 2333 1302 3658 1150 1096 43 2657 1112 1291 228 61 128
internal_value=-9.62531e-06 -0.140362 0.4442 -0.00787451 0.303573 0.669891 0.0531082 -0.227428 0.0182746 0.0369436 0.208066 0.428891 0.580792 0.850859 0.886737 0.256339 -0.174494 0.662821 -0.0199948 -0.141188 0.154647 0.481037 0.467757 0.596646 0.131684 0.689096 0.600976 1.04666 1.146 1.47466
internal_weight=77214 58675 18539 23268 11422 7117 15965 35407 13629 12548 6482 4940 4769 2348 2166 2336 15382 2617 7845 7303 4733 2152 4150 1139 4703 2475 1363 838 610 189
internal_count=77214 58675 18539 23268 11422 7117 15965 35407 13629 12548 6482 4940 4769 2348 2166 2336 15382 2617 7845 7303 4733 2152 4150 1139 4703 2475 1363 838 610 189
cat_boundaries=0 1
cat_threshold=8
is_linear=0
shrinkage=0.03


Tree=24
num_leaves=31
num_cat=0
split_feature=42 42 61 90 44 30 44 6 65 6 29 6 43 197 5 42 1 31 161 203 65 38 98 31 1 87 68 91 31 28
split_gain=5.03938e+06 811206 502752 209261 164437 116266 96159.2 92246.4 63097.6 54897.1 53223.8 42334.6 41544.1 37720.3 35811.8 35096 34672.4 33894 29279.1 44590.2 28953.8 33043.1 26891.9 26499.4 26240.3 26199.5 24070.5 23150.8 23099.5 23013.5
threshold=36.971294403076179 16.425667762756351 0.21597743779420855 0.58307996392250072 49.88965034484864 1.3100274801254275 57.797260284423835 0.22500000000000003 0.10956680402159692 0.64500000000000013 7.2249999046325692 0.38500000000000006 63.809089660644538 25.500000000000004 1.0000000180025095e-35 53.382074356079109 1.5000000000000002 3.5166666507720952 246.04894639828476 7.5000000000000009 0.27723823487758642 5.0643093585968026 0.77879813313484203 8.3452377319335955 2.5000000000000004 0.91500002145767223 0.10878185182809831 0.44035714864730841 0.51666668057441723 10.416666507720949
decision_type=10 10 10 8 10 8 10 10 10 8 10 10 10 8 2 10 8 10 10 10 8 10 8 8 8 10 10 10 10 10
left_child=1 5 4 7 9 28 29 -3 -5 27 13 24 -8 -6 20 26 -10 -9 -14 -20 -12 -22 -21 -18 -7 -15 -11 -2 -1 -4
right_child=2 3 6 8 10 11 12 17 16 15 14 -13 18 25 -16 -17 23 -19 19 22 21 -23 -24 -25 -26 -27 -28 -29 -30 -31
leaf_value=-0.28196477594563046 -0.028900177861096093 -0.18927605252861093 0.49838059990202976 0.044931521953064858 0.31589227313316159 -0.15357419916194209 0.58134825226040865 -0.04878191360181941 0.25537794926125634 0.1160917428907907 0.53223455395032337 -0.090258284773018407 0.72183359647241396 0.48107024483310101 0.14137546455221514 0.42796170668993044 0.1294456010548756 0.082558558960653866 1.0237401648249909 0.45988588770585398 0.70605947133660574 1.1930197250912355 0.9105898990913962 -0.25699958693915309 -0.25090979961607318 0.87453516356368111 0.29660602408128733 0.18549767575625767 -0.2198590412872099 0.82099853445425486
leaf_weight=12235 663 3546 2283 4254 1473 7342 844 5360 3432 895 497 6504 1403 821 112 1402 1357 2639 1027 252 463 172 226 181 3774 187 2585 1433 9634 218
leaf_count=12235 663 3546 2283 4254 1473 7342 844 5360 3432 895 497 6504 1403 821 112 1402 1357 2639 1027 252 463 172 226 181 3774 187 2585 1433 9634 218
internal_value=-9.33614e-06 -0.128572 0.456876 0.023206 0.332015 -0.208399 0.670596 -0.0619118 0.129742 0.2461 0.492957 -0.151051 0.766646 0.412659 0.653103 0.301235 0.202334 -0.00545056 0.820426 0.912336 0.703733 0.837961 0.67298 0.0839667 -0.186621 0.554064 0.250181 0.11768 -0.254605 0.526502
internal_weight=77214 60258 16956 20769 10703 39489 6253 11545 9224 6978 3725 17620 3752 2481 1244 4882 4970 7999 2908 1505 1132 635 478 1538 11116 1008 3480 2096 21869 2501
internal_count=77214 60258 16956 20769 10703 39489 6253 11545 9224 6978 3725 17620 3752 2481 1244 4882 4970 7999 2908 1505 1132 635 478 1538 11116 1008 3480 2096 21869 2501
is_linear=0
shrinkage=0.03


Tree=25
num_leaves=31
num_cat=0
split_feature=59 30 42 6 44 44 1 42 30 6 68 31 159 13 59 5 56 6 50 67 17 6 159 162 26 50 7 189 86 102
split_gain=4.74593e+06 656006 601896 172371 134175 126387 79607.2 81581.7 71750.4 52661.5 52056 44925.1 35180 35062.8 34693.3 34630.3 37283.9 33544.5 31979 30142 29924.7 29823 29338.8 30317.1 27758.5 26708.3 30027.1 26337.6 25550.7 27808.1
threshold=0.14065383374691012 2.1128630638122563 53.382074356079109 0.66500000000000015 60.298648834228523 36.000905990600593 2.5000000000000004 24.762494087219242 0.93001791834831249 0.79500000000000015 0.07566335424780847 10.031250000000002 258.50000000000006 1.0000000180025095e-35 0.27460160851478582 1.0000000180025095e-35 0.6250036656856538 0.48500000000000004 8.7982735633850115 0.031443433836102493 1.5000000000000002 0.56500000000000006 247.83333333333334 257.80909090909097 12.500000000000002 8.5916590690612811 0.89166666666666672 2.372276216745377 0.35841193795204168 60.218253968253975
decision_type=10 10 10 10 10 10 8 10 8 8 8 10 10 8 10 2 10 10 10 10 2 8 10 10 2 10 10 8 10 10
left_child=1 8 5 6 14 19 7 -3 -1 -7 -5 15 25 27 21 16 24 -10 -13 -2 -8 -4 -20 -24 -6 -11 -27 -12 -18 -30
right_child=2 3 4 10 11 9 20 -9 17 12 13 18 -14 -15 -16 -17 28 -19 22 -21 -22 -23 23 -25 -26 26 -28 -29 29 -31
leaf_value=-0.26361293795882501 0.014519899760235528 -0.077800764903443925 0.12398169916501994 0.019797216566273312 0.065598991315134553 0.26042635566478833 -0.27803672055130474 0.074821854699674784 -0.19330641703188492 0.2899671676177642 0.14448800677444718 0.70887655421170259 0.57287734214464603 -0.098405211082665436 0.72216850032877622 0.33139506223029458 0.56037490559824277 -0.081129732687827472 0.83456371693561471 0.18939231376397136 -0.10540585301058378 0.47261884464977644 1.7684442726236123 1.0691422226173537 0.6159162922963296 0.39076641811675228 0.89077634485948609 0.31466467649777191 1.0901712584056611 0.77142357417367791
leaf_weight=15531 1220 9207 236 2396 88 2777 1638 4793 16547 1326 1635 461 1141 322 477 256 339 2806 288 3251 2016 3434 78 196 1318 347 157 1639 331 963
leaf_count=15531 1220 9207 236 2396 88 2777 1638 4793 16547 1326 1635 461 1141 322 477 256 339 2806 288 3251 2016 3434 78 196 1318 347 157 1639 331 963
internal_value=-9.05767e-06 -0.132895 0.416274 -0.0109064 0.603358 0.261301 -0.0580952 -0.0255493 -0.215585 0.35435 0.128124 0.720407 0.44214 0.200302 0.481482 0.666489 0.694717 -0.177042 0.894073 0.141675 -0.182792 0.4502 1.04599 1.26821 0.581473 0.360625 0.546523 0.22968 0.79222 0.852958
internal_weight=77214 58530 18684 23646 8465 10219 17654 14000 34884 5748 5992 4318 2971 3596 4147 3295 3039 19353 1023 4471 3654 3670 562 274 1406 1830 504 3274 1633 1294
internal_count=77214 58530 18684 23646 8465 10219 17654 14000 34884 5748 5992 4318 2971 3596 4147 3295 3039 19353 1023 4471 3654 3670 562 274 1406 1830 504 3274 1633 1294
is_linear=0
shrinkage=0.03


Tree=26
num_leaves=31
num_cat=0
split_feature=42 42 44 90 41 31 6 67 29 67 38 50 6 87 50 62 6 36 87 35 6 154 90 162 194 6 31 160 72 195
split_gain=4.47712e+06 777221 416096 209847 143292 103502 84997.4 64501.8 53041.7 50665.9 43575.1 42460.4 34840.5 34764 32693.6 36119.7 31773.6 31400.2 29127.4 28908.3 28009.2 27320.1 32673.4 27062.9 26101.1 25983.8 25738.5 25636.4 25116 26471.6
threshold=38.398550033569343 16.425667762756351 44.377975463867195 0.58307996392250072 70.90000152587892 1.240384638309479 0.30500000000000005 0.12694530934095385 6.4500000476837167 0.20765480399131778 5.3757352828979501 8.7982735633850115 0.74500000000000011 0.36610294878482824 8.9722437858581561 0.22830120474100116 0.97500000000000009 2.9485768079757695 0.30928571522235876 5.6333332061767587 0.075000000000000025 38.607692307692311 0.96536996960639965 244.27619047619052 14.500000000000002 0.37500000000000006 3.5590277910232548 216.30000000000004 1.7138939499855044 245.50000000000003
decision_type=10 10 10 8 10 10 10 10 10 10 10 10 8 8 10 10 10 10 10 10 8 10 8 10 8 8 10 8 10 10
left_child=1 5 9 6 8 20 18 -5 12 25 16 -10 -4 -7 -12 -16 27 -9 -3 -11 -1 22 -17 -23 -14 -2 -8 -6 29 -13
right_child=2 3 4 7 10 13 26 17 11 19 14 28 24 -15 15 21 -18 -19 -20 -21 -22 23 -24 -25 -26 -27 -28 -29 -30 -31
leaf_value=-0.27677068682039024 -0.084881287681501966 -0.098956074186743043 0.22887617793697465 0.061960918258696797 0.39194381182948196 -0.18004690714768185 -0.033869635793761232 0.16159024413270903 0.48058875715004773 0.33629383234572324 0.69554983103415002 0.6392956178579603 0.33975534500112869 -0.089464593957771843 0.32112576641142365 1.1269316836531464 0.95153553033023741 0.33594166345804627 -0.25238918895425011 0.7720722791578658 -0.21007208450588091 0.18560624003410339 1.9686033514142036 0.99072605957185589 0.58408758742423528 0.20516927655844436 0.086610568585737444 0.64938245859055599 1.3936525783737499 1.367042374369946
leaf_weight=9034 301 3014 981 5552 429 7699 4543 2938 2687 1844 606 1049 823 7555 63 307 259 1360 1766 148 15201 48 48 173 754 3633 2460 1847 45 47
leaf_count=9034 301 3014 981 5552 429 7699 4543 2938 2687 1844 606 1049 823 7555 63 307 259 1360 1766 148 15201 48 48 173 754 3633 2460 1847 45 47
internal_value=-8.78618e-06 -0.117223 0.445203 0.0273129 0.561674 -0.196402 -0.058116 0.129507 0.47502 0.245397 0.708069 0.545697 0.369253 -0.135183 0.853414 1.00312 0.636687 0.21676 -0.155643 0.368671 -0.234935 1.07772 1.24074 0.815858 0.456576 0.182977 0.00845241 0.600858 0.699024 0.670504
internal_weight=77214 61122 16092 21633 10166 39489 11783 9850 6386 5926 3780 3828 2558 15254 1245 639 2535 4298 4780 1992 24235 576 355 221 1577 3934 7003 2276 1141 1096
internal_count=77214 61122 16092 21633 10166 39489 11783 9850 6386 5926 3780 3828 2558 15254 1245 639 2535 4298 4780 1992 24235 576 355 221 1577 3934 7003 2276 1141 1096
is_linear=0
shrinkage=0.03


Tree=27
num_leaves=31
num_cat=1
split_feature=30 42 41 6 62 44 44 6 84 213 6 17 44 1 31 6 189 203 87 50 187 134 91 140 37 21 43 84 37 30
split_gain=4.21409e+06 594404 516499 170095 118675 106260 104495 69420.7 54708.4 54202 43627 41802.8 41328.3 35895 35766.4 32179.2 31609.7 31214.5 29985.6 29020.8 28494.5 30365.1 27894 27558.1 43086.8 25512.1 25462.8 25413.1 24968.2 24723.1
threshold=4.7719874382019052 13.722707748413088 57.100000381469734 0.36500000000000005 0.18342702090740207 69.235382080078139 37.13714790344239 0.23500000000000001 0.19753746688365939 0 0.79500000000000015 1.0000000180025095e-35 41.502336502075202 1.5000000000000002 3.7207791805267338 0.75500000000000012 0.62435457296669494 1.5000000000000002 0.36110295355319982 8.5916590690612811 57.583333333333343 -0.036348756725278104 0.93436506390571605 5.9076266981563714 5.3923077583312997 0.22500000000000006 45.516666412353523 0.71333992481231701 3.8944444656372075 8.8394112586975115
decision_type=10 10 10 8 10 10 10 8 10 1 8 2 10 10 10 10 8 10 8 10 10 8 10 8 10 2 10 10 8 10
left_child=1 7 4 18 8 12 9 -1 10 11 -2 -5 -4 17 -11 -8 -9 20 -3 26 -7 -22 28 24 -23 -13 -6 -25 -14 -19
right_child=2 3 5 6 19 13 15 16 -10 14 -12 25 22 -15 -16 -17 -18 29 -20 -21 21 23 -24 27 -26 -27 -28 -29 -30 -31
leaf_value=-0.23880826312606412 0.031340296264048016 -0.098411535694709437 0.32295669817913542 -0.13366920642191318 0.26077383752695116 1.688053370475769 0.1600206456831802 -0.18916319051815006 0.27887430403400465 -0.071110818274468759 0.23850503741794393 0.093440343397566822 0.32262397980038632 0.033351355043591047 0.067397732329569776 0.40229181651199647 -0.10137174951787158 0.52436897858815057 -0.25723363621812739 0.55192352041518611 0.27885660104453563 0.57777966609367959 0.75321238710880278 0.95082144005250879 1.6371282387589945 0.29310030905147344 0.44150597090160437 0.53532911974322661 0.5506055197961921 0.78242112588439738
leaf_weight=20025 2256 6001 884 656 1338 40 1628 9232 3577 5930 1539 4031 501 61 2340 708 6150 551 1302 892 72 52 525 487 103 672 1475 182 3155 849
leaf_count=20025 2256 6001 884 656 1338 40 1628 9232 3577 5930 1539 4031 501 61 2340 708 6150 551 1302 892 72 52 525 487 103 672 1475 182 3155 849
internal_value=-8.52271e-06 -0.124587 0.394275 -0.00679868 0.264309 0.587203 0.048061 -0.201992 0.194696 0.0162857 0.115353 0.0905074 0.509324 0.751767 -0.0318812 0.233449 -0.154063 0.770527 -0.126727 0.402821 0.904646 0.869672 0.548728 0.921297 1.28173 0.121969 0.355541 0.837788 0.519364 0.680859
internal_weight=77214 58675 18539 23268 11077 7462 15965 35407 7372 13629 3795 5359 5065 2397 8270 2336 15382 2336 7303 3705 936 896 4181 824 155 4703 2813 669 3656 1400
internal_count=77214 58675 18539 23268 11077 7462 15965 35407 7372 13629 3795 5359 5065 2397 8270 2336 15382 2336 7303 3705 936 896 4181 824 155 4703 2813 669 3656 1400
cat_boundaries=0 1
cat_threshold=8
is_linear=0
shrinkage=0.03


Tree=28
num_leaves=31
num_cat=0
split_feature=42 60 44 31 29 1 17 44 50 6 67 6 38 91 6 26 85 67 21 35 17 187 50 61 50 6 198 102 6 6
split_gain=3.97442e+06 697531 368474 168547 127814 108379 79071.1 78166.2 68251.4 46424.4 46388.3 43246.9 43033.8 40669 37157.3 36273.5 30442.4 29928.1 27103 26830.9 25318.1 25193.4 28454.8 25172.4 24053.1 23515.8 23289.8 24664.3 22872.2 22329
threshold=38.398550033569343 0.099741660058498396 44.377975463867195 1.577380955219269 7.2249999046325692 2.5000000000000004 1.0000000180025095e-35 22.89564418792725 8.7982735633850115 0.78500000000000014 0.20765480399131778 0.43500000000000005 5.3757352828979501 0.78759616613388073 0.64500000000000013 8.5000000000000018 0.240384615957737 0.04935738071799279 0.10500000000000002 5.6333332061767587 13.500000000000002 64.416666666666686 10.565006732940676 0.27450306713581091 8.9028220176696795 0.37500000000000006 7.6886532535798446 65.033333333333346 0.78500000000000014 0.075000000000000025
decision_type=10 10 10 10 10 8 2 10 10 8 10 8 10 10 8 2 8 10 2 10 2 8 10 10 10 8 8 8 8 10
left_child=1 3 10 11 9 7 -5 28 23 20 25 29 21 16 18 -14 -9 -16 -8 -12 -4 -10 -23 -6 -11 -2 27 -26 -3 -1
right_child=2 5 4 6 8 -7 14 13 12 24 19 -13 15 -15 17 -17 -18 -19 -20 -21 -22 22 -24 -25 26 -27 -28 -29 -30 -31
leaf_value=-0.26217355009044169 -0.083107129876993813 -0.046162698550442173 0.15246573383958378 -0.32056285742540619 0.48321967654501674 -0.13514078581070152 -0.11214803273741743 0.076802529472053155 0.53927896565625255 0.41009676781030563 0.31820319955350346 -0.13026089124217244 0.051667735651135444 0.29257675391376708 -0.077875531951604043 0.95565883486482717 0.20906675164455557 0.10528224403949273 0.028644137269859246 0.73803198728861441 0.38181785646872857 0.84141723500500842 0.25879191740996693 0.6708494385593089 0.14568438409404319 0.19282510581597051 0.68109752457740969 0.7266598779984883 0.11712324577379241 -0.20349546878071903
leaf_weight=9627 301 2956 726 1264 2464 1949 11432 4274 872 1478 1844 5062 42 1622 1549 818 2472 1667 1379 148 1074 671 85 871 176 3633 784 105 1045 14824
leaf_count=9627 301 2956 726 1264 2464 1949 11432 4274 872 1478 1844 5062 42 1622 1549 818 2472 1667 1379 148 1074 671 85 871 176 3633 784 105 1045 14824
internal_value=-8.26628e-06 -0.110446 0.419464 -0.166499 0.529068 0.0727877 -0.0921226 0.105551 0.620935 0.405896 0.23144 -0.210075 0.739847 0.157699 -0.0741062 0.91151 0.125269 0.0170635 -0.0969929 0.349395 0.289313 0.649164 0.77591 0.532223 0.488417 0.171713 0.597108 0.362775 -0.00351491 -0.226599
internal_weight=77214 61122 16092 46804 10166 14318 17291 12369 5823 4343 5926 29513 2488 8368 16027 860 6746 3216 12811 1992 1800 1628 756 3335 2543 3934 1065 281 4001 24451
internal_count=77214 61122 16092 46804 10166 14318 17291 12369 5823 4343 5926 29513 2488 8368 16027 860 6746 3216 12811 1992 1800 1628 756 3335 2543 3934 1065 281 4001 24451
is_linear=0
shrinkage=0.03


Tree=29
num_leaves=31
num_cat=1
split_feature=59 42 42 6 44 44 44 30 1 6 6 213 38 199 159 6 6 160 29 73 67 67 41 126 209 67 50 46 26 63
split_gain=3.744e+06 520546 474208 159651 107033 102643 76296.4 62785.7 62758.2 52663.7 44351.9 39306.9 34313.2 33397.7 33152.7 31970.9 31499.8 31355.5 29459.3 25994.8 25992.4 25765.5 25592.4 24800.8 27940.3 30610.3 28715 31393.1 30514.1 23690.3
threshold=0.14065383374691012 13.722707748413088 53.382074356079109 0.39500000000000007 68.120811462402358 36.000905990600593 26.720485687255863 0.93001791834831249 2.5000000000000004 0.60500000000000009 0.79500000000000015 0 5.4699878692626962 6.9324458475900901 258.50000000000006 0.075000000000000025 0.48500000000000004 208.26666666666668 3.5499999523162846 0.67708334326744091 0.031443433836102493 0.12694530934095385 67.700000762939467 3.6306818181818188 559.90000000000009 0.49572369456291204 9.0398454666137713 8.6684527397155779 42.500000000000007 0.32367809116840368
decision_type=10 10 10 8 10 10 10 8 8 8 8 1 10 8 10 10 10 8 10 8 10 8 10 8 2 10 10 10 2 10
left_child=1 7 5 15 9 20 11 -1 21 -4 -7 -5 17 -11 -12 -3 -9 -6 -13 -19 -2 -8 -15 -14 25 26 28 29 -25 -28
right_child=2 3 4 6 12 10 8 16 -10 13 14 18 23 22 -16 -17 -18 19 -20 -21 -22 -23 -24 24 -26 -27 27 -29 -30 -31
leaf_value=-0.23603922832917482 0.0062916958467714237 -0.24616520149461493 0.14369861805625692 0.089639219916897009 0.22033585734787534 0.22983446401851781 0.095982371047300064 -0.17299650632607508 -0.11226649898756941 0.33668017960500102 0.31746520554897806 -0.09297870655892905 0.39539524213350824 0.45890294499950995 0.52351095987682206 -0.088337061531783195 -0.074761492586575357 1.2303073300793768 0.044945386226937854 0.60869416264803422 0.16868141685711044 0.2280621485212774 0.6062795479163734 1.3650690128996565 0.62886841167027108 0.12897665002942085 1.0363862368583678 0.96808640034869309 0.69456035207850586 1.8688177869915961
leaf_weight=15378 1220 1400 431 2687 183 2777 2431 16397 829 1048 1830 4208 124 2342 1141 6604 3579 64 2084 1122 3251 2933 1938 74 383 40 50 236 350 80
leaf_count=15378 1220 1400 431 2687 183 2777 2431 16397 829 1048 1830 4208 124 2342 1141 6604 3579 64 2084 1122 3251 2933 1938 74 383 40 50 236 350 80
internal_value=-8.01827e-06 -0.118036 0.369731 -0.00753667 0.53579 0.232175 0.0496533 -0.190474 0.130659 0.462666 0.31603 -0.00621798 0.691414 0.488469 0.396596 -0.115943 -0.155396 0.585841 -0.0472212 0.642238 0.12437 0.168203 0.525636 0.799513 0.840824 0.938631 0.979626 1.1743 0.811583 1.54865
internal_weight=77214 58530 18684 23176 8465 10219 15172 35354 6193 5759 5748 8979 2706 5328 2971 8004 19976 1369 6292 1186 4471 5364 4280 1337 1213 830 790 366 424 130
internal_count=77214 58530 18684 23176 8465 10219 15172 35354 6193 5759 5748 8979 2706 5328 2971 8004 19976 1369 6292 1186 4471 5364 4280 1337 1213 830 790 366 424 130
cat_boundaries=0 1
cat_threshold=8
is_linear=0
shrinkage=0.03


Tree=30
num_leaves=31
num_cat=2
split_feature=42 60 44 43 61 1 44 50 17 6 31 38 24 87 213 43 6 17 196 165 160 67 51 118 8 213 61 43 28 65
split_gain=3.53005e+06 617567 329155 152120 114536 98254.5 61032.3 60833.2 54466.1 51829.1 42751.7 41184.2 39187.2 37737.1 36100.9 34547 32107.8 30919.4 29940.2 28827.6 26900.1 24921.2 24441.6 26792.8 23464.5 23220.8 23207.7 23042.3 23040.4 22409
threshold=38.398550033569343 0.099741660058498396 44.377975463867195 12.541958332061769 0.21874559670686725 1.5000000000000002 30.3510856628418 8.7982735633850115 1.0000000180025095e-35 0.075000000000000025 4.0312500000000009 5.3757352828979501 1.0000000180025095e-35 0.78499999642372142 0 14.292857170104982 0.36500000000000005 14.500000000000002 2.5000000000000004 2.0813247028168225 207.70000000000002 0.20765480399131778 0.53589746356010448 0.50927699210397537 0.94100000000000017 1 0.21345978230237964 81.038459777832045 10.833333492279055 0.048337308689951904
decision_type=10 10 10 10 8 8 10 10 2 8 10 10 2 8 1 10 8 2 8 8 8 8 10 10 8 1 8 10 10 10
left_child=1 3 10 9 13 6 29 27 -7 -1 -2 20 16 17 -11 -10 -5 -4 -15 24 -9 -12 -20 -24 -13 -18 -8 -6 -23 -3
right_child=2 5 4 12 7 8 26 11 15 14 21 19 -14 18 -16 -17 25 -19 22 -21 -22 28 23 -25 -26 -27 -28 -29 -30 -31
leaf_value=-0.24733845335287002 0.076873901757288796 -0.013964710520779692 0.13791513325869303 -0.11266642158026534 0.45585963427950243 -0.19189860861932556 0.19358647613131269 0.3314717997724318 -0.14494690476316877 -0.09677022905740669 0.20464473183785006 0.70376064849257802 -0.30693876295224637 0.38678830838184486 -0.18581132567120073 0.06596847379381135 0.061800370136983224 0.39123358306201184 0.90020545304011634 1.3285172091689064 0.65973501215568708 0.33226694550105668 1.090479103710386 0.43914157443481872 1.1128008842251518 -0.054000296652898662 0.42230642036898286 0.65119785883284664 1.0350074815750121 0.11905138219125885
leaf_weight=10007 1463 2082 811 5283 2546 1376 3481 262 871 5355 2633 537 592 1770 18663 3538 2360 932 196 107 1577 1787 64 508 165 4544 451 691 43 2519
leaf_count=10007 1463 2082 811 5283 2546 1376 3481 262 871 5355 2633 537 592 1770 18663 3538 2360 932 196 107 1577 1787 64 508 165 4544 451 691 43 2519
internal_value=-7.42919e-06 -0.104088 0.395321 -0.156831 0.498912 0.0683228 0.133031 0.584796 -0.0271227 -0.189976 0.217611 0.691439 -0.0685793 0.380848 -0.166077 0.024302 -0.0570007 0.273367 0.454661 0.869818 0.612968 0.263745 0.611087 0.512019 0.799903 -0.0144048 0.219821 0.497558 0.348779 0.0588602
internal_weight=77214 61122 16092 46804 10166 14318 8533 5885 5785 34025 5926 2648 12779 4281 24018 4409 12187 1743 2538 809 1839 4463 768 572 702 6904 3932 3237 1830 4601
internal_count=77214 61122 16092 46804 10166 14318 8533 5885 5785 34025 5926 2648 12779 4281 24018 4409 12187 1743 2538 809 1839 4463 768 572 702 6904 3932 3237 1830 4601
cat_boundaries=0 1 2
cat_threshold=8 8
is_linear=0
shrinkage=0.03


Tree=31
num_leaves=31
num_cat=0
split_feature=30 42 41 90 67 32 44 6 68 6 85 37 98 66 1 26 203 5 120 50 61 147 108 68 43 66 66 187 50 159
split_gain=3.32444e+06 544536 343732 137933 89931.2 81824.2 80604.6 74043 49329 42212.3 36850.2 34485.9 33088.7 32070.8 31549.4 30018 32997.8 29251 28709 24203.9 35937.2 26446.8 23801.6 25164.8 23552.4 23249.2 25906.6 27388.6 26907.3 44272.7
threshold=5.051103115081788 16.425667762756351 58.300001144409187 0.58573135733604442 0.20765480399131778 1.2832796573638918 69.235382080078139 0.22500000000000003 0.18659852445125583 0.25500000000000006 0.36038962006568914 4.0312500000000009 0.45192067325115209 0.096981704235076918 1.5000000000000002 12.500000000000002 1.0000000180025095e-35 1.0000000180025095e-35 2.0032002208318 8.7982735633850115 0.17391639947891238 68.833333333333357 34.63333333333334 0.34458486735820776 29.436508178710941 0.49384190142154699 0.37937986850738531 62.416666666666679 9.4808473587036151 237.50000000000003
decision_type=10 10 10 8 10 8 10 10 10 8 10 10 8 10 8 2 10 2 8 10 8 10 8 10 10 10 8 10 10 8
left_child=1 5 4 7 10 -1 12 -3 24 -7 14 -6 -4 -9 -2 -8 25 19 -10 -14 -21 22 -22 -24 -5 26 27 -17 -28 -30
right_child=2 3 6 8 11 9 15 13 18 -11 -12 -13 17 -15 -16 16 -18 -19 -20 20 21 -23 23 -25 -26 -27 28 -29 29 -31
leaf_value=-0.21621921250805867 0.18891918681944816 -0.15755085876798455 0.018427185066500488 0.030168282302429558 0.28586652623356806 -0.17791162510779565 0.29449096177230799 -0.043934070458412862 0.03072442873808983 -0.092635288916864109 0.33861786937245619 0.45980666096213113 0.4436015930068421 0.075271523526201992 0.007469875434189816 1.0933519019048712 0.61433717396215559 0.21428578448689109 0.30487596716259702 0.23539018663681213 0.36150816503613664 0.9763464449830449 0.73267892066464735 0.16285622119322998 0.14651915624093947 0.2909462359574333 0.86610153691776259 0.59526235697784979 0.78167435928394913 1.8729860011515793
leaf_weight=18188 3431 3694 147 4320 2274 9214 171 5120 444 12065 1073 1869 2672 3367 1152 146 1327 355 1523 216 287 194 741 77 2456 61 181 311 57 81
leaf_count=18188 3431 3694 147 4320 2274 9214 171 5120 444 12065 1073 1869 2672 3367 1152 146 1327 355 1523 216 287 194 741 77 2456 61 181 311 57 81
internal_value=-8.27435e-06 -0.103904 0.372955 0.0198169 0.258145 -0.169496 0.533124 -0.0454393 0.110734 -0.129561 0.180361 0.364335 0.461409 0.0033577 0.143309 0.677139 0.707376 0.475746 0.242993 0.497914 0.593705 0.653286 0.596568 0.67904 0.0723403 0.854881 0.899211 0.754389 1.10668 1.42223
internal_weight=77214 60391 16823 20924 9799 39467 7024 12181 8743 21279 5656 4143 4689 8487 4583 2335 2164 4542 1967 4187 1515 1299 1105 818 6776 837 776 457 319 138
internal_count=77214 60391 16823 20924 9799 39467 7024 12181 8743 21279 5656 4143 4689 8487 4583 2335 2164 4542 1967 4187 1515 1299 1105 818 6776 837 776 457 319 138
is_linear=0
shrinkage=0.03


Tree=32
num_leaves=31
num_cat=0
split_feature=42 42 61 6 44 1 50 6 44 90 29 91 29 159 165 5 189 197 37 41 67 65 38 163 86 160 6 17 198 87
split_gain=3.13334e+06 492820 341821 154261 110957 66045 61941.3 55298.1 54622.9 41880.4 38119 34735 32642.8 32920.7 34393.6 32345.7 31790.9 31645.8 30271.7 29731.6 24456.5 24221.5 26494 23058.1 22943.4 22508.6 22278.2 21742.5 20788.6 20575.3
threshold=36.613628387451179 13.722707748413088 0.21597743779420855 0.66500000000000015 49.88965034484864 2.5000000000000004 8.7982735633850115 0.15500000000000003 20.718070983886722 0.59661972522735607 7.2249999046325692 0.7842262089252473 10.700000286102297 246.83333333333334 1.5831133104577535 1.0000000180025095e-35 0.51666665449738514 25.500000000000004 2.7735042572021489 69.299999237060561 0.11357402056455614 0.27723823487758642 5.0643093585968026 1.1666666666666667 0.21286446601152423 193.90000000000003 0.39500000000000007 1.5000000000000002 7.7199127744115303 0.91500002145767223
decision_type=10 10 10 10 10 8 10 8 10 8 10 10 10 10 10 2 8 8 8 10 10 8 10 10 10 10 8 2 10 10
left_child=1 7 4 5 9 8 19 -1 -3 -2 17 24 25 -14 -15 21 -9 -6 26 -4 -11 -12 -23 -21 -5 -8 -10 -7 -16 -19
right_child=2 3 6 11 10 27 12 16 18 20 15 -13 13 14 28 -17 -18 29 -20 23 -22 22 -24 -25 -26 -27 -28 -29 -30 -31
leaf_value=-0.21670636422884074 0.060265400824213673 -0.080808117716986483 0.38853508181360247 0.038603457990834728 0.23215285325077389 -0.23868253521238875 0.21436011831562116 -0.17397744548279998 -0.082029858678616563 0.11658983006384306 0.41464794896250701 0.23469954767129961 0.63281095696426926 1.7310513815653523 0.53078621877663168 0.037131004322852407 -0.097556301661432088 0.38506519589863136 0.1168905149596101 0.38725468377400846 0.26426288053350777 0.57629030748976973 1.0122038896165266 0.6457622138895498 0.18451404989871409 0.6260801881238266 0.046164591021266285 -0.094919100810598886 1.3218145033386017 0.73244896868996789
leaf_weight=15440 1777 6192 2298 3275 1488 1593 127 11395 2048 1338 497 1877 200 67 67 112 8594 835 2826 457 4109 464 172 969 1378 2025 3018 2334 54 188
leaf_count=15440 1777 6192 2298 3275 1488 1593 127 11395 2048 1338 497 1877 200 67 67 112 8594 835 2826 457 4109 464 172 969 1378 2025 3018 2334 54 188
internal_value=-8.02658e-06 -0.102486 0.356382 0.000845589 0.255497 -0.0444432 0.53322 -0.174061 -0.0141085 0.186731 0.387756 0.125761 0.647449 0.90073 1.18575 0.523483 -0.141121 0.320459 0.0382235 0.45531 0.227989 0.57156 0.694179 0.562917 0.0818153 0.601783 -0.00565977 -0.153237 0.883807 0.448905
internal_weight=77214 59970 17244 24541 10980 18011 6264 35429 14084 7224 3756 6530 2540 388 188 1245 19989 2511 7892 3724 5447 1133 636 1426 4653 2152 5066 3927 121 1023
internal_count=77214 59970 17244 24541 10980 18011 6264 35429 14084 7224 3756 6530 2540 388 188 1245 19989 2511 7892 3724 5447 1133 636 1426 4653 2152 5066 3927 121 1023
is_linear=0
shrinkage=0.03


Tree=33
num_leaves=31
num_cat=0
split_feature=42 60 44 31 41 1 17 86 1 91 67 6 26 6 165 44 6 44 198 156 67 131 21 6 28 154 40 88 203 131
split_gain=2.94975e+06 535183 267298 130780 98406.3 86980.4 67744.6 65010.5 42116.8 41031.5 37821.7 35488 34477.5 32320.2 31796.4 30824.2 30566 28045.9 31801.2 28264.7 25334.4 25266.4 24963.8 23310.9 32688.1 22423.2 29395.2 25078 22416.6 22195.2
threshold=38.887544631958015 0.099741660058498396 43.84114074707032 1.577380955219269 70.90000152587892 2.5000000000000004 1.0000000180025095e-35 0.22090585529804233 1.5000000000000002 0.76408332586288463 0.12094683572649957 0.48500000000000004 20.500000000000004 0.74500000000000011 2.837238939141387 80.517856597900405 0.64500000000000013 61.471216201782234 7.8241676904795483 43.70000000000001 0.04935738071799279 -0.16398285366428256 0.10500000000000002 0.82500000000000007 10.833333492279055 38.433035714285722 79.833332061767592 0.97166669368743908 7.5000000000000009 -0.057364067241213797
decision_type=10 10 10 10 10 8 2 10 8 10 10 8 2 8 10 10 8 10 10 8 10 8 2 8 10 10 10 8 10 8
left_child=1 3 10 11 8 7 -5 9 14 -3 -2 -1 13 -6 17 21 22 -4 19 28 -18 -14 -8 -15 -25 27 -27 -17 -19 -9
right_child=2 5 4 6 12 -7 16 29 -10 -11 -12 -13 15 23 -16 25 20 18 -20 -21 -22 -23 -24 24 -26 26 -28 -29 -30 -31
leaf_value=-0.19538244330641014 0.077692605134957335 0.018576328651628938 0.35198296332212453 -0.28947664751364743 -0.18751069205728443 -0.12128600082912067 -0.096658376408368996 0.0079100368387265002 0.18376614968268534 0.20375417540795188 0.24872887432568572 -0.10167628082360942 -0.084511641114950173 0.97825366157151405 0.99677747949149953 0.8481026980210753 -0.066155815938688467 0.61548795461265293 0.30211906978907932 1.3284357362134116 0.10223890047363877 0.58291806233653831 0.038414464598015438 0.18346905650068884 0.99759830786965109 1.1865282794439567 0.36672550315950431 1.5208179737194891 0.36534502393612334 0.21776522923180189
leaf_weight=25269 1668 7243 3432 1264 88 1961 11440 519 819 1265 3848 4249 52 63 83 255 1549 1062 589 42 1672 2787 1380 230 55 53 153 62 463 3599
leaf_count=25269 1668 7243 3432 1264 88 1961 11440 519 819 1265 3848 4249 52 63 83 255 1549 1062 589 42 1672 2787 1380 230 55 53 153 62 463 3599
internal_value=-7.78582e-06 -0.0940732 0.365504 -0.143505 0.455845 0.0645985 -0.0780231 0.093469 0.384867 0.0461092 0.197009 -0.181894 0.577131 0.326135 0.41391 0.609682 -0.061361 0.405252 0.490049 0.560687 0.0212568 0.570693 -0.0821186 0.456022 0.340582 0.821323 0.577646 0.979675 0.539543 0.191317
internal_weight=77214 61410 15804 46823 10288 14587 17305 12626 6490 8508 5516 29518 3798 436 5671 3362 16041 5588 2156 1567 3221 2839 12820 348 285 523 206 317 1525 4118
internal_count=77214 61410 15804 46823 10288 14587 17305 12626 6490 8508 5516 29518 3798 436 5671 3362 16041 5588 2156 1567 3221 2839 12820 348 285 523 206 317 1525 4118
is_linear=0
shrinkage=0.03


Tree=34
num_leaves=31
num_cat=1
split_feature=30 42 42 90 67 32 17 44 68 87 44 5 6 213 43 140 50 61 56 100 195 99 50 36 203 6 26 1 39 176
split_gain=2.78367e+06 469902 283059 113642 99105.3 83617.7 67394.8 50687.6 45137.6 41718.8 35667.8 34251.5 31920.8 33518.6 29511.8 28653.7 28585.6 49995.9 27744.4 28711 27736.5 26927.6 26329.2 24885.2 25648.9 24425.2 24149.9 23726.3 22897 25932.6
threshold=5.1010005474090585 17.667233467102054 60.359727859497077 0.58573135733604442 0.21117413789033893 2.097205758094788 2.5000000000000004 56.780193328857429 0.18659852445125583 0.94051471352577221 20.718070983886722 1.0000000180025095e-35 0.075000000000000025 0 46.035715103149421 4.8519227968147076 7.9431943893432626 0.26934798061847692 0.6250036656856538 61.100000000000009 263.50000000000006 59.166666666666679 8.6556262969970721 2.7839200496673588 8.5000000000000018 0.36500000000000005 13.500000000000002 1.5000000000000002 45.500000000000007 0.43544255610644256
decision_type=10 10 10 8 10 10 2 10 10 8 10 2 8 1 10 8 10 10 10 8 10 10 10 10 10 8 2 8 10 8
left_child=1 5 4 6 22 12 -3 -4 -5 23 -8 18 -1 -14 -12 -10 21 -18 19 -9 28 -11 27 -6 -25 -7 -21 -2 29 -20
right_child=2 3 7 8 9 25 10 11 15 16 14 -13 13 -15 -16 -17 17 -19 20 26 -22 -23 -24 24 -26 -27 -28 -29 -30 -31
leaf_value=-0.22512215522133602 0.17526038021858198 -0.1748838387824001 0.38918295173416845 0.07130240341355272 0.065154383690693429 -0.1267846623888855 -0.06497176442645318 0.24645396089453886 -0.15498884519906181 0.76726411423087115 0.040561381543084543 0.27116144387017599 -0.079808204714967759 -0.17694280355037156 0.37175889986800026 0.26715340367924845 0.57366465886299001 1.4954612222313881 0.37510488053318114 0.005117220262538141 1.3986680857340494 0.2302425975495494 0.33035344740094613 0.38561495200238499 0.18854962519774049 -0.040634487772239318 0.58969733605651475 0.019872878997559847 0.60708837016871309 1.0660656275438225
leaf_weight=9142 3874 2455 2340 6493 351 5990 3797 328 157 110 4472 330 4058 16149 256 1849 451 60 64 67 45 356 750 2189 816 5859 1254 1146 1799 207
leaf_count=9142 3874 2455 2340 6493 351 5990 3797 328 157 110 4472 330 4058 16149 256 1849 451 60 64 67 45 356 750 2189 816 5859 1254 1146 1799 207
internal_value=-7.55166e-06 -0.0940445 0.34503 0.0273691 0.245981 -0.151451 -0.0363822 0.50056 0.109731 0.354409 0.00350299 0.56422 -0.178607 -0.157563 0.0584942 0.234114 0.526935 0.681899 0.589914 0.497671 0.661832 0.357007 0.164558 0.304183 0.332102 -0.0841858 0.560048 0.139787 0.645814 0.902887
internal_weight=77214 60677 16537 19479 10103 41198 10980 6434 8499 4333 8525 4094 29349 20207 4728 2006 977 511 3764 1649 2115 466 5770 3356 3005 11849 1321 5020 2070 271
internal_count=77214 60677 16537 19479 10103 41198 10980 6434 8499 4333 8525 4094 29349 20207 4728 2006 977 511 3764 1649 2115 466 5770 3356 3005 11849 1321 5020 2070 271
cat_boundaries=0 1
cat_threshold=8
is_linear=0
shrinkage=0.03


Tree=35
num_leaves=31
num_cat=1
split_feature=59 30 42 6 68 44 1 42 30 6 6 68 13 165 199 1 85 91 38 160 73 61 6 26 189 213 44 29 50 107
split_gain=2.62229e+06 368605 334088 105298 77695.5 77183.5 52714.5 48760.4 45697.7 44842.4 43211.1 32509.6 30678.4 29887.6 29595.3 28580.3 28010.1 25731.3 25534 28991.3 25809.5 24727.1 23596.2 22886.4 22843.3 22148.7 21881.3 21728.9 23661.2 23526.3
threshold=0.14065383374691012 2.1128630638122563 53.382074356079109 0.66500000000000015 0.17374868690967563 68.120811462402358 2.5000000000000004 26.295501708984379 0.8518696427345277 0.60500000000000009 0.93500000000000016 0.07566335424780847 1.0000000180025095e-35 1.9509647769094669 6.9324458475900901 1.5000000000000002 0.20714285969734195 0.98240384459495556 5.4699878692626962 208.26666666666668 0.67708334326744091 0.15624954551458362 0.48500000000000004 96.500000000000014 2.372276216745377 0 21.601724624633793 10.09999990463257 8.7982735633850115 39.833333333333336
decision_type=10 10 10 10 10 10 8 10 8 8 8 8 8 10 8 10 8 8 10 8 8 10 10 2 8 1 10 10 10 10
left_child=1 8 4 6 21 9 7 -3 -1 -4 16 -5 24 23 -11 18 -6 -15 19 -7 -21 -2 25 -12 -13 -10 -9 28 -16 -29
right_child=2 3 5 11 10 15 -8 26 22 14 13 12 -14 17 27 -17 -18 -19 -20 20 -22 -23 -24 -25 -26 -27 -28 29 -30 -31
leaf_value=-0.20181956636100232 0.042466631619206406 -0.054101654973388827 0.092381616011866979 0.015714308376325287 0.14356775482608142 0.14765432638649861 -0.14569764061506735 -0.057973754035328562 -0.092334359291303389 0.26763495101932905 0.40244793182881305 0.10650030485473982 -0.12104772683302439 1.0067446275485885 0.37032114704446523 -0.017331693406615938 0.30021390360335942 0.40816179076990772 0.69057453728451901 1.1596280286839751 0.52541624897695749 0.1768833202954557 -0.052542745591870985 -0.12352977958394258 0.26498651933038631 -0.16682919131154397 0.10597134788645154 1.0036980962125404 0.52402908795729775 0.4910436782629593
leaf_weight=14360 2516 9847 431 2396 1892 178 3654 950 5188 1048 809 1635 322 135 2524 70 2248 124 1313 61 1084 2413 2887 82 1639 12449 3203 124 1402 230
leaf_count=14360 2516 9847 431 2396 1892 178 3654 950 5188 1048 809 1635 322 135 2524 70 2248 124 1313 61 1084 2413 2887 82 1639 12449 3203 124 1402 230
internal_value=-8.32348e-06 -0.0987861 0.309426 -0.00734382 0.193967 0.448808 -0.0442261 -0.017742 -0.16077 0.386712 0.273816 0.101321 0.15836 0.436499 0.410522 0.580962 0.228626 0.720164 0.59685 0.503833 0.559204 0.108271 -0.132049 0.354041 0.18584 -0.145063 0.0684689 0.445509 0.425211 0.670618
internal_weight=77214 58530 18684 23646 10219 8465 17654 14000 34884 5759 5290 5992 3596 1150 5328 2706 4140 259 2636 1323 1145 4929 20524 891 3274 17637 4153 4280 3926 354
internal_count=77214 58530 18684 23646 10219 8465 17654 14000 34884 5759 5290 5992 3596 1150 5328 2706 4140 259 2636 1323 1145 4929 20524 891 3274 17637 4153 4280 3926 354
cat_boundaries=0 1
cat_threshold=8
is_linear=0
shrinkage=0.03


Tree=36
num_leaves=31
num_cat=0
split_feature=30 42 41 6 44 6 67 44 44 85 7 87 44 26 203 187 167 195 38 26 134 140 37 87 84 61 30 7 6 153
split_gain=2.47038e+06 417441 251200 102165 75362.2 65135.7 63972 63030.1 45336.2 44698 30021.3 29480.3 29222.9 28995.8 27490.9 26349.6 25657.7 26994.9 25514.4 32222.2 24651.9 29124.4 34531.6 24014.7 23379.8 22872.3 22097.5 25535.3 21347.9 21212.1
threshold=5.1010005474090585 17.667233467102054 57.633333206176765 0.30500000000000005 12.4899959564209 0.78500000000000014 0.21700470894575122 69.235382080078139 24.66086578369141 0.4083333313465119 0.86833333333333351 0.36610294878482824 52.223178863525398 1.5000000000000002 1.5000000000000002 57.583333333333343 6.8333333333333348 190.50000000000003 3.9094635248184209 101.50000000000001 -0.036348756725278104 5.9076266981563714 5.3923077583312997 0.30428571999073034 0.71333992481231701 0.190595418214798 8.8394112586975115 0.94416666666666682 0.59500000000000008 38.791766024368989
decision_type=10 10 10 8 10 10 10 10 10 10 8 8 10 2 10 10 8 8 10 2 8 8 10 8 10 8 10 8 8 8
left_child=1 4 6 23 11 8 9 10 -5 28 -4 -1 -7 -10 15 -9 -12 -18 -8 -20 -17 22 -22 -3 -23 -14 -16 -28 -2 -29
right_child=2 3 7 5 -6 12 18 14 13 -11 16 -13 25 -15 26 20 17 -19 19 -21 21 24 -24 -25 -26 -27 27 29 -30 -31
leaf_value=-0.18915518754112051 0.0061380147116782769 -0.06470366143162927 0.32525222375923113 -0.030580955833277763 -0.083152623902660067 0.158486119587744 0.2479526239017992 1.4643445895276963 -0.11071040290447258 0.35781607500667389 0.272054112331445 -0.12020530556944028 0.36484624484472949 0.10322055873504428 0.35554624459641504 0.14894781384017472 0.42804480150106561 0.66141797209987196 0.47955758290891071 0.16744212350145599 0.48704481621006773 0.74607201910637 1.4110599758498406 -0.22977510698815787 0.34912799092252617 1.1262390316616404 0.48161532527559248 1.027365393078886 0.15771419066596709 0.49242265342260305
leaf_weight=20462 1077 2695 2539 5924 13062 2779 1998 40 629 867 450 7674 184 6100 561 73 1076 762 1279 388 56 487 104 1124 184 44 569 180 3741 106
leaf_count=20462 1077 2695 2539 5924 13062 2779 1998 40 629 867 450 7674 184 6100 561 73 1076 762 1279 388 56 487 104 1124 184 44 569 180 3741 106
internal_value=-9.07943e-06 -0.0885964 0.325033 0.0258392 -0.142703 0.059768 0.222522 0.458395 0.0299413 0.159516 0.396274 -0.170349 0.185274 0.0832231 0.585454 0.710856 0.475088 0.524797 0.320254 0.406912 0.677516 0.723949 1.08765 -0.113287 0.637223 0.511782 0.501852 0.59785 0.123831 0.8291
internal_weight=77214 60677 16537 19479 41198 15660 9350 7187 12653 5685 4827 28136 3007 6729 2360 944 2288 1838 3665 1667 904 831 160 3819 671 228 1416 855 4818 286
internal_count=77214 60677 16537 19479 41198 15660 9350 7187 12653 5685 4827 28136 3007 6729 2360 944 2288 1838 3665 1667 904 831 160 3819 671 228 1416 855 4818 286
is_linear=0
shrinkage=0.03


Tree=37
num_leaves=31
num_cat=0
split_feature=42 31 44 91 61 6 6 50 68 43 187 56 67 44 1 6 164 207 87 197 97 29 80 44 50 91 41 68 159 62
split_gain=2.32952e+06 424231 215328 106773 80946.2 64218.8 62986.4 43682.7 37397.2 33228.4 32278.8 33938.1 31890.6 31495.2 29099.4 27430.4 27140.5 30546.6 26929.4 26532.9 26078.1 25195.9 24617.7 22986.9 22432.4 22946.3 22269.7 22239.3 26583.3 27600
threshold=38.887544631958015 2.1055555343627934 43.84114074707032 0.7240833342075349 0.21874559670686725 0.36500000000000005 0.48500000000000004 8.7982735633850115 0.024340863339602951 26.679487228393558 64.416666666666686 0.64019784331321727 0.12094683572649957 14.007812500000002 1.5000000000000002 0.075000000000000025 0.63333333333333341 10.500000000000002 0.36610294878482824 31.500000000000004 0.78753197193145763 9.0999999046325701 0.19237446784973147 84.278209686279311 8.9028220176696795 0.95577380061149608 52.899999618530281 0.32501222193241125 247.83333333333334 0.256240263581276
decision_type=10 10 10 8 8 10 8 10 10 10 10 10 10 10 10 10 8 2 10 8 10 10 10 10 10 10 10 10 10 10
left_child=1 6 12 5 14 18 15 -6 -5 -7 11 -9 -2 -8 19 -1 -13 22 -3 26 -21 -12 -18 -24 -23 27 -4 -26 -29 -30
right_child=2 3 4 8 7 9 13 10 -10 -11 21 16 -14 -15 -16 -17 17 -19 -20 20 -22 24 23 -25 25 -27 -28 28 29 -31
leaf_value=-0.20339187708551762 0.064017652772105693 -0.057854712352993581 0.18617539137148598 -0.025960284167960541 0.40451527330273074 -0.012456409454448421 -0.1137798669044759 0.31422860411108933 0.17285738556167657 0.09510764129098212 0.55131627441451536 -0.010664622284952671 0.22107159462013898 0.014069428692356688 0.11988612990673596 -0.14365270099464933 0.81236212503972394 0.027281131288584538 -0.19852345843680269 0.4324916087589466 1.2121848580688237 1.4544659580807295 0.34795721027072596 1.0317379687892068 0.61164398239552975 0.11077039335455213 0.36397565738859933 0.65853804010398609 1.8613486611141878 0.98781573076049478
leaf_weight=10531 1668 4633 1126 1058 3265 7607 4745 642 4362 3915 537 62 3848 2733 634 20161 526 68 1665 1109 40 49 245 54 200 42 1451 97 51 90
leaf_count=10531 1668 4633 1126 1058 3265 7607 4745 642 4362 3915 537 62 3848 2733 634 20161 526 68 1665 1109 40 49 245 54 200 42 1451 97 51 90
internal_value=-8.80767e-06 -0.0836019 0.324811 0.0174503 0.405895 -0.018013 -0.145128 0.478062 0.134048 0.0240922 0.568236 0.482902 0.17358 -0.0670545 0.307773 -0.16415 0.596293 0.638433 -0.0950433 0.339743 0.459635 0.696076 0.688807 0.471449 0.843025 0.780607 0.286287 0.844838 1.0408 1.30377
internal_weight=77214 61410 15804 23240 10288 17820 38170 5928 5420 11522 2663 1597 5516 7478 4360 30692 955 893 6298 3726 1149 1066 825 299 529 480 2577 438 238 141
internal_count=77214 61410 15804 23240 10288 17820 38170 5928 5420 11522 2663 1597 5516 7478 4360 30692 955 893 6298 3726 1149 1066 825 299 529 480 2577 438 238 141
is_linear=0
shrinkage=0.03


Tree=38
num_leaves=31
num_cat=0
split_feature=60 30 44 1 43 6 44 6 61 43 67 195 5 141 17 86 203 118 149 199 83 180 40 123 8 166 127 63 29 50
split_gain=2.19546e+06 372899 228835 88846.6 83318.1 64939.5 63321.5 37620.6 37119.8 33956 29694.7 29652 29120.6 27567 27422.9 26444.2 26083.4 26632.4 27611.9 25411.8 25397.8 25688.8 22016.8 21970.7 21657.5 21096.4 20849.3 20380.2 20345.3 24603.4
threshold=0.15091396123170855 2.8877308368682866 57.797260284423835 2.5000000000000004 7.0333333015441903 0.75500000000000012 32.521932601928718 0.81500000000000006 0.21597743779420855 31.033333778381351 0.053101610392332084 136.50000000000003 1.0000000180025095e-35 5.0289142042107136 1.5000000000000002 0.40924343466758734 1.5000000000000002 0.67060184213834895 69.219889964816659 6.1989433133143175 0.77500000596046459 5.4929702241046554 63.833333969116218 3.1666666666666674 0.90633333333333355 2.1742424242424243 4.8333333333333348 0.33938609063625341 8.0999999046325701 8.7982735633850115
decision_type=10 10 10 8 10 8 10 8 8 10 10 8 2 8 2 10 10 10 10 10 10 8 10 8 10 8 8 10 10 10
left_child=1 4 6 5 -1 9 24 22 19 -3 -6 -7 13 -10 -5 -13 17 18 23 -4 -18 -22 -8 -15 -2 -14 -21 -20 29 -9
right_child=2 3 8 14 10 11 7 28 12 -11 -12 15 25 16 -16 -17 20 -19 27 26 21 -23 -24 -25 -26 -27 -28 -29 -30 -31
leaf_value=-0.16631886126697412 0.081704492443933366 -0.016907457809245637 0.50772445318095671 -0.2114927352938448 -0.10990197773783546 0.082905963321274367 0.16183734689100018 0.24839481791180584 0.23859904276568497 0.10360581092949829 -0.028380748358268284 0.20006477246029583 0.32875674602176463 1.3245727271693093 -0.022974846139564506 0.5642142994520325 0.43202290195831577 0.0017608165572274405 1.7044873025156557 -0.37361226918823692 0.201078593129913 0.75413463324497809 0.34828320949649694 0.62577718007487981 0.38332073349505663 -0.39226794717567304 0.27973014697191934 0.76368053980691486 0.44534050760309324 0.44383178496849879
leaf_weight=25225 2664 7242 520 1487 11496 2587 2908 2542 268 2966 6185 2018 280 42 1303 197 1648 53 40 46 90 472 709 1129 233 42 991 43 1037 751
leaf_count=25225 2664 7242 520 1487 11496 2587 2908 2542 268 2966 6185 2018 280 42 1303 197 1648 53 40 46 90 472 709 1129 233 42 991 43 1037 751
internal_value=-8.54302e-06 -0.083428 0.306755 0.0320103 -0.131319 0.0609067 0.226032 0.269801 0.461305 0.0181084 -0.081385 0.151886 0.508592 0.531892 -0.12345 0.232452 0.554242 0.660479 0.688319 0.336572 0.491413 0.665567 0.198384 0.650841 0.105963 0.23471 0.250749 1.21708 0.329459 0.292966
internal_weight=77214 60706 16508 17800 42906 15010 10844 7947 5664 10208 17681 4802 4107 3785 2790 2215 3517 1307 1254 1557 2210 562 3617 1171 2897 322 1037 83 4330 3293
internal_count=77214 60706 16508 17800 42906 15010 10844 7947 5664 10208 17681 4802 4107 3785 2790 2215 3517 1307 1254 1557 2210 562 3617 1171 2897 322 1037 83 4330 3293
is_linear=0
shrinkage=0.03


Tree=39
num_leaves=31
num_cat=0
split_feature=30 42 43 1 44 44 44 66 31 202 26 59 195 45 91 6 6 39 87 134 64 17 67 203 5 68 189 120 62 37
split_gain=2.06839e+06 351859 212967 89483.9 68708.1 65057.4 56883.1 44246.7 36462.3 33475 30844.8 30772.2 29576 29754.7 29088.8 28332.1 26959.4 26937.3 25954.9 24557.1 27206.5 24366 21765.5 21574.5 20914 20327.1 20092.5 23265.4 19989.9 23051.3
threshold=5.1010005474090585 17.667233467102054 58.031250000000007 2.5000000000000004 26.482120513916019 12.4899959564209 49.88965034484864 0.18921610713005069 10.348484516143801 61.500000000000007 61.500000000000007 0.25653831660747534 194.50000000000003 18.690475463867191 0.57000181078910839 0.64500000000000013 0.52500000000000013 78.500000000000014 0.36610294878482824 -0.042437925355438173 0.28822021186351782 1.5000000000000002 0.098007250577211394 6.5000000000000009 1.0000000180025095e-35 0.26501758396625524 2.2186782509088521 2.3136363636363639 0.28645069897174841 6.1742422580719003
decision_type=10 10 10 8 10 10 10 10 10 8 2 10 8 10 8 8 8 10 8 8 10 2 10 10 2 8 8 8 10 10
left_child=1 5 6 4 15 18 16 -4 12 -8 -11 25 17 24 -6 -3 -2 -9 -1 -10 -21 -5 -23 -18 -14 -12 -16 -28 29 -22
right_child=2 3 7 21 14 -7 9 8 19 10 11 -13 13 -15 26 -17 23 -19 -20 20 28 22 -24 -25 -26 -27 27 -29 -30 -31
leaf_value=-0.17407544901146965 -0.00032033770865037375 -0.048419008869669836 0.17811135886881663 -0.20719038472975607 0.039194582837535061 -0.075413697802293345 0.1663733908015626 0.42976723076411849 0.09824021333338398 0.48490308918157932 0.048191382283369867 0.61657443499740427 0.53246667517739588 -0.052070106152360407 0.095470043237607521 0.06414389597847231 0.23067993274233944 0.22601121941228075 -0.10937948368895056 0.30625819659020548 1.3374078329584813 -0.12162557134576085 0.095613385729831427 0.11346513747717184 0.18881927365796608 0.32557134275038646 0.08685655487367426 0.27668501784377714 0.42362223807918392 0.7447988850884073
leaf_weight=20462 833 5272 575 1506 2698 13062 992 1390 76 1147 447 187 2347 88 2249 3255 3413 1007 7674 163 66 1158 647 2412 171 508 848 1846 152 563
leaf_count=20462 833 5272 575 1506 2698 13062 992 1390 76 1147 447 187 2347 88 2249 3255 3413 1007 7674 163 66 1158 647 2412 171 508 848 1846 152 563
internal_value=-8.2869e-06 -0.0810682 0.297414 0.0239945 0.0530924 -0.130743 0.209697 0.429548 0.453552 0.311935 0.375017 0.264651 0.420223 0.490179 0.118424 -0.00545053 0.159315 0.344168 -0.15643 0.617027 0.658794 -0.118094 -0.0437565 0.182144 0.509129 0.19574 0.161668 0.216932 0.73237 0.80698
internal_weight=77214 60677 16537 19479 16168 41198 9939 6598 6023 3281 2289 1142 5003 2606 7641 8527 6658 2397 28136 1020 944 3311 1805 5825 2518 955 4943 2694 781 629
internal_count=77214 60677 16537 19479 16168 41198 9939 6598 6023 3281 2289 1142 5003 2606 7641 8527 6658 2397 28136 1020 944 3311 1805 5825 2518 955 4943 2694 781 629
is_linear=0
shrinkage=0.03


Tree=40
num_leaves=31
num_cat=1
split_feature=42 60 44 6 29 1 213 50 68 37 26 1 67 6 38 45 202 17 133 125 194 85 199 66 54 203 61 199 6 61
split_gain=1.9507e+06 359381 180910 91455.1 68039.3 64700.2 52018 42221.3 40950.1 35283.5 29559.8 29388 29335.3 28805.2 28463 31886.9 28101.8 27586.5 24829.7 23938.5 28289.9 23904.6 23262.9 22418.7 22423.1 30505.7 23765.5 22350.6 22278.4 21552.7
threshold=38.887544631958015 0.099741660058498396 43.84114074707032 0.31500000000000006 7.2249999046325692 1.5000000000000002 0 8.7982735633850115 0.029743657447397712 1.0871212482452395 13.500000000000002 1.5000000000000002 0.058539904654026038 0.075000000000000025 5.1967225074768075 11.77350425720215 46.500000000000007 1.0000000180025095e-35 -0.10306057928970358 4.3396860403811131 12.500000000000002 0.240384615957737 7.8295353890942136 0.49384190142154699 0.64866602420806896 1.0000000180025095e-35 0.27952480316162115 9.8777858891315962 0.81500000000000006 0.21345978230237964
decision_type=10 10 10 8 10 8 1 10 10 10 2 8 10 10 10 10 8 2 8 8 8 10 8 10 10 10 10 8 10 10
left_child=1 3 12 13 11 8 -5 22 -3 -7 -9 16 -2 -1 15 18 -4 -11 -12 27 -21 -13 -6 24 25 26 -16 -10 -8 -18
right_child=2 5 4 6 7 9 28 10 19 17 14 21 -14 -15 23 -17 29 -19 -20 20 -22 -23 -24 -25 -26 -27 -28 -29 -30 -31
leaf_value=-0.18975939614448595 0.0083680529695775094 -0.00023918039114387231 0.12362530460046685 0.020400180968152264 0.2684624030477219 -0.16924917287868291 -0.10199986391794587 0.11344995230853142 -0.1030536455930217 -0.14662379123800703 -0.091811850337454912 -0.094776665550763486 0.19046866907048099 -0.12718843627161724 1.659905479693077 0.20452482036088854 0.30202314825451088 0.046805227773539196 0.57937716997350486 0.12274692739882639 0.27378201831041837 0.25762875195211754 0.43102659164259755 0.16890794525975766 0.60972340324303698 0.71346128390879149 0.7596195428712027 0.13298029153796448 0.097836241675022403 0.47567146517398384
leaf_weight=10893 965 2399 575 4691 1277 1192 13831 143 589 801 52 305 4551 16887 71 309 2249 3868 1077 3042 1763 401 2087 69 521 209 42 933 521 901
leaf_count=10893 965 2399 575 4691 1277 1192 13831 143 589 801 52 305 4551 16887 71 309 2249 3868 1077 3042 1763 401 2087 69 521 209 42 933 521 901
internal_value=-8.03874e-06 -0.0765029 0.29723 -0.11701 0.371552 0.0535219 -0.0663701 0.438656 0.105303 -0.0235707 0.532221 0.282852 0.158611 -0.151724 0.557704 0.474557 0.316487 0.0136211 0.548463 0.145321 0.178163 0.105386 0.369316 0.688806 0.73136 0.92817 1.32529 0.0416373 -0.0946795 0.351692
internal_weight=77214 61410 15804 46823 10288 14587 19043 5857 8726 5861 2493 4431 5516 27780 2350 1438 3725 4669 1129 6327 4805 706 3364 912 843 322 113 1522 14352 3150
internal_count=77214 61410 15804 46823 10288 14587 19043 5857 8726 5861 2493 4431 5516 27780 2350 1438 3725 4669 1129 6327 4805 706 3364 912 843 322 113 1522 14352 3150
cat_boundaries=0 1
cat_threshold=8
is_linear=0
shrinkage=0.03


Tree=41
num_leaves=31
num_cat=1
split_feature=59 42 43 6 44 213 6 1 90 50 44 32 17 44 159 29 165 67 47 151 135 40 26 87 1 45 52 186 197 104
split_gain=1.83681e+06 264453 235516 94774.8 71813.7 53398.1 45747 41242.5 38524.3 36413.9 33706.2 33193.4 30107.3 29567.3 28623.9 32264.5 30536.1 27681.2 27258.6 37240.4 24352 24755.5 23382.9 23079.4 21699.5 21114.5 31279 23708.5 24755.1 22695
threshold=0.14065383374691012 12.853069305419924 58.031250000000007 0.36500000000000005 33.577146530151374 0 0.79500000000000015 1.5000000000000002 0.68292218446731578 8.7982735633850115 72.466819763183608 1.3004424571990969 1.0000000180025095e-35 27.336478233337406 247.83333333333334 10.700000286102297 1.5831133104577535 0.18073438107967379 7.7481865882873544 39.833333333333336 0.41753822482588793 73.166667938232436 109.50000000000001 0.36110295355319982 2.5000000000000004 9.4083333015441912 0.71129241585731517 0.6005208333333335 25.500000000000004 11.100000000000001
decision_type=10 10 10 8 10 1 8 8 8 10 10 8 2 10 10 10 10 10 10 8 8 10 2 8 8 10 10 10 8 8
left_child=1 11 4 23 -2 7 -6 20 -4 17 22 -1 -9 -7 -11 25 -17 -10 -12 -20 -5 -22 -8 -3 -13 27 -27 28 -16 -28
right_child=2 3 8 5 6 13 10 12 9 14 18 24 -14 -15 15 16 -18 -19 19 -21 21 -23 -24 -25 -26 26 29 -29 -30 -31
leaf_value=-0.1652658864927361 0.076793837178358137 -0.069201348648840227 0.15963863207634477 -0.035108174609145677 0.15491828206794686 -0.042549635323672549 0.29858158180649819 -0.14930593496882658 -0.012909350799057971 0.40966211316109169 0.32475418455898758 -0.083013401429617814 0.068108864380290082 0.084124510587520962 0.52313807720799799 1.5100049302270335 0.6900741925165057 0.37420330063453872 1.3378900117054582 0.21679088339209557 0.1952588282005269 0.87559935669965894 0.017544672067442629 -0.20280790244042873 -0.15889285717855839 0.23101946875793591 1.3181229414590974 0.19089902928897312 0.92347586978612273 0.54332639357149604
leaf_weight=17787 4054 6550 543 431 3707 7333 3721 695 176 1542 120 11277 3272 2143 267 62 120 3000 80 40 2727 49 287 1415 4851 350 41 84 290 200
leaf_count=17787 4054 6550 543 431 3707 7333 3721 695 176 1542 120 11277 3272 2143 267 62 120 3000 80 40 2727 49 287 1415 4851 350 41 84 290 200
internal_value=-7.71703e-06 -0.0826784 0.258969 -0.00782659 0.17956 0.0328883 0.231931 0.0945613 0.401833 0.42328 0.299136 -0.137005 0.0300188 -0.0138876 0.499058 0.596546 0.969391 0.352751 0.644472 0.96419 0.174694 0.207268 0.278457 -0.0929369 -0.105837 0.541466 0.412124 0.66072 0.731572 0.675138
internal_weight=77214 58530 18684 24615 12009 16650 7955 7174 6675 6132 4248 33915 3967 9476 2956 1414 182 3176 240 120 3207 2776 4008 7965 16128 1232 591 641 557 241
internal_count=77214 58530 18684 24615 12009 16650 7955 7174 6675 6132 4248 33915 3967 9476 2956 1414 182 3176 240 120 3207 2776 4008 7965 16128 1232 591 641 557 241
cat_boundaries=0 1
cat_threshold=8
is_linear=0
shrinkage=0.03


Tree=42
num_leaves=31
num_cat=0
split_feature=42 31 61 6 44 6 26 44 50 5 189 202 1 44 7 6 119 113 21 65 131 121 199 50 202 6 56 58 149 114
split_gain=1.73289e+06 283577 201486 75388.2 63688.8 49051.7 43033.9 41524.5 39270.1 29196.3 35986 32475.3 27619.9 31127.2 26793.8 26726 25312.7 24203.6 23030.1 22686.3 22369.5 21900.8 21271.5 22888.8 21241.4 20490.7 19887.6 21435.3 30604.1 38239.7
threshold=36.613628387451179 2.1055555343627934 0.21597743779420855 0.76500000000000012 49.88965034484864 0.48500000000000004 1.5000000000000002 20.258940696716312 8.7982735633850115 1.0000000180025095e-35 2.9313742145895962 62.500000000000007 2.5000000000000004 32.928852081298835 0.97166666666666679 0.29500000000000004 1.7432234432234435 32.631066843281964 0.44500000000000006 0.033267272636294372 -0.035015978941494878 2.188898494167236 9.0341691382647564 8.9394240379333514 89.500000000000014 0.015000000000000001 0.58462247252464306 0.27813529968261724 59.983702162275137 40.154761904761912
decision_type=10 10 10 10 10 8 2 10 10 2 8 8 8 8 8 8 8 10 2 10 8 8 10 10 8 10 10 10 10 10
left_child=1 5 4 6 15 18 -3 -8 -4 10 -6 -12 13 -7 -13 -2 -10 22 25 -17 -19 -22 23 -18 -9 -1 -23 -28 -29 -30
right_child=2 3 8 -5 9 12 7 24 16 -11 11 14 -14 -15 -16 19 17 20 -20 -21 21 26 -24 -25 -26 -27 27 28 29 -31
leaf_value=-0.20424237520527375 -0.13167554807033599 -0.16746977618024861 0.33876358191944445 0.13315979755316359 0.16703303003621628 -0.047831647253297797 -0.053526470400194544 0.010384462359088699 0.21190141646683899 0.020490920507418572 0.2094819532574399 0.4097024631092383 -0.16165601624375164 0.18667644622653407 0.80116322031583287 -0.029302646864882924 0.83671542990021408 1.1667376423823206 -0.032766559138948964 0.164630238121203 0.21421258007956517 0.36238011153326222 0.90769499110764473 0.2330305888347543 0.10854412850198475 -0.13724469870108272 0.54982712413420609 0.35567321689238823 1.0938802808868446 0.29790108464435855
leaf_weight=4955 322 1534 3724 3697 1043 5095 7555 6268 261 335 716 1486 1720 566 176 594 64 57 1629 6308 148 266 58 484 2903 24048 745 103 287 67
leaf_count=4955 322 1534 3724 3697 1043 5095 7555 6268 261 335 716 1486 1720 566 176 594 64 57 1629 6308 148 266 58 484 2903 24048 745 103 287 67
internal_value=-7.4872e-06 -0.0762174 0.26503 0.00961853 0.187575 -0.125798 -0.0153942 -0.00144679 0.400799 0.287777 0.313951 0.37839 -0.0563734 -0.024385 0.451157 0.135477 0.491751 0.523801 -0.142526 0.14794 0.582641 0.562039 0.361358 0.303534 0.041456 -0.148691 0.597106 0.64905 0.810804 0.943229
internal_weight=77214 59970 17244 21957 10980 38013 18260 16726 6264 3756 3421 2378 7381 5661 1662 7224 2540 2279 30632 6902 1673 1616 606 548 9171 29003 1468 1202 457 354
internal_count=77214 59970 17244 21957 10980 38013 18260 16726 6264 3756 3421 2378 7381 5661 1662 7224 2540 2279 30632 6902 1673 1616 606 548 9171 29003 1468 1202 457 354
is_linear=0
shrinkage=0.03


Tree=43
num_leaves=31
num_cat=0
split_feature=30 42 42 6 67 1 44 6 30 87 43 1 44 38 50 61 99 50 119 61 195 165 203 53 165 145 7 203 166 83
split_gain=1.63506e+06 280502 171234 87776.7 65423.3 55955.1 58858 35144.2 34630.4 34154.7 29784.5 28910.9 28085 25635.3 24304.4 44410.4 25322.8 23109.1 22989.1 22784.7 26663.6 22319.8 24209.1 29306.4 24774 34983.6 22816.2 21201.8 21725.5 21603.1
threshold=5.1010005474090585 13.722707748413088 60.359727859497077 0.78500000000000014 0.21117413789033893 2.5000000000000004 20.718070983886722 0.6150000000000001 0.8518696427345277 0.94051471352577221 26.36038970947266 1.5000000000000002 49.88965034484864 5.3757352828979501 7.9431943893432626 0.26934798061847692 59.166666666666679 8.9722437858581561 1.3104377104377105 0.11672077327966691 179.50000000000003 2.0813247028168225 9.5000000000000018 0.61271563172340404 1.6387232891449512 0.60878241181201853 0.93416666666666692 8.5000000000000018 0.79285714285714304 0.29166667163372045
decision_type=10 10 10 10 10 8 10 8 8 8 8 10 10 10 10 10 10 10 8 10 8 10 8 10 10 10 10 10 10 10
left_child=1 8 4 5 -2 6 -3 -4 -1 27 -8 13 -5 18 16 -16 -11 -15 -9 -14 -21 22 26 -24 25 -25 -19 28 -6 -30
right_child=2 3 7 12 9 -7 10 11 -10 14 -12 -13 19 17 15 -17 -18 21 -20 20 -22 -23 23 24 -26 -27 -28 -29 29 -31
leaf_value=-0.16268384351972334 0.12123710476093968 -0.059540266742253413 0.09438920250666398 0.12000033848275414 0.61760607170451209 -0.11473740350696288 -0.0041464858076178833 -0.087250342292170366 -0.10219665611646014 0.67275045315514914 0.097957984353776006 0.10455204049418015 0.95168314702682577 0.41692756852996815 0.47247317180524839 1.3412540112733842 0.15197693961013234 0.18029039762663038 0.38961629800484515 0.0054098743335767229 0.63323277107382248 1.0820442899237288 1.3132068615339019 0.58268794317245487 0.18674156764218974 1.5533149643831474 0.85259657653628806 0.10697612502103809 0.17330761284982993 0.35994478589797646
leaf_weight=14257 5770 7241 353 3039 157 4287 4685 93 21165 110 5699 280 59 830 451 60 356 178 4200 132 113 94 66 150 86 43 61 916 1311 972
leaf_count=14257 5770 7241 353 3039 157 4287 4685 93 21165 110 5699 280 59 830 451 60 356 178 4200 132 113 94 66 150 86 43 61 916 1311 972
internal_value=-7.2617e-06 -0.0720776 0.264431 0.00431303 0.187393 -0.0175326 0.00611093 0.385399 -0.126542 0.275489 0.051891 0.402292 0.147502 0.416663 0.431594 0.574483 0.274906 0.52307 0.379286 0.42243 0.294977 0.653008 0.583951 0.744716 0.610235 0.798942 0.351883 0.230044 0.276245 0.252769
internal_weight=77214 60677 16537 25255 10103 21912 17625 6434 35422 4333 10384 6081 3343 5801 977 511 466 1508 4293 304 245 678 584 345 279 193 239 3356 2440 2283
internal_count=77214 60677 16537 25255 10103 21912 17625 6434 35422 4333 10384 6081 3343 5801 977 511 466 1508 4293 304 245 678 584 345 279 193 239 3356 2440 2283
is_linear=0
shrinkage=0.03


Tree=44
num_leaves=31
num_cat=0
split_feature=60 42 44 1 40 67 17 32 61 86 202 26 85 1 58 50 86 160 46 62 195 63 199 160 61 40 150 196 156 21
split_gain=1.53983e+06 264598 166286 82002.9 58028.2 54962.1 54957 40688.5 39250 33823.8 32851.1 37100.7 28009.1 26507.4 25826.2 24130.7 38332.1 23858.4 25262.3 30689.9 23564.6 23417.1 21621.3 20719.3 23112.4 20656 20376.8 20334.4 20234.3 20168.9
threshold=0.15091396123170855 15.396230697631838 61.471216201782234 1.5000000000000002 63.833333969116218 0.12907235324382785 1.5000000000000002 1.2832796573638918 0.1052801087498665 0.21070533245801928 53.500000000000007 12.500000000000002 0.62019231915473949 2.5000000000000004 0.29517222940921789 9.365082263946535 0.40068027377128607 207.70000000000002 8.3995795249938983 0.24862745404243472 172.50000000000003 0.38301479816436773 8.0836272528534057 310.30000000000001 0.15760589390993121 73.166667938232436 73.035714285714292 1.0000000180025095e-35 35.775000000000006 0.28500000000000009
decision_type=10 10 10 8 10 8 2 8 10 10 8 2 10 8 10 10 10 10 10 10 10 10 8 8 10 10 10 8 10 2
left_child=1 7 4 5 9 -3 -5 -1 -8 23 12 20 -4 -9 -14 22 -17 -18 19 28 -12 -20 -13 -2 -25 29 -11 -6 -19 -7
right_child=2 3 10 6 27 25 8 13 -10 26 11 15 14 -15 -16 16 17 18 21 -21 -22 -23 -24 24 -26 -27 -28 -29 -30 -31
leaf_value=-0.1509628316000835 0.069742929792819541 0.018928767229706631 0.17195732077596881 -0.16541485878380063 0.19371614683482888 0.13236829105213435 -0.049816388749406679 -0.066943148871826536 0.082414903638872924 0.19718806855077728 0.21972469527904803 0.30186300535759197 0.32139127761024883 -0.14364715228533623 0.90404408974177908 0.28319179137237371 0.3219547369480133 1.1348733552425139 0.84529165396652373 1.5348967737281645 -0.56367536761931014 0.42079185286205106 0.48467605521658164 -0.0016459833863955824 0.73255356101871849 0.64941990777065872 0.63827325830236081 0.37192195315243221 0.35531929844412313 0.41136433803117328
leaf_weight=18051 3383 6675 846 2576 837 3675 6572 14247 2917 5204 195 920 222 5668 99 276 130 62 251 74 42 219 1586 67 91 76 96 1850 58 249
leaf_count=18051 3383 6675 846 2576 837 3675 6572 14247 2917 5204 195 920 222 5668 99 276 130 62 251 74 42 219 1586 67 91 76 96 1850 58 249
internal_value=-7.04412e-06 -0.069869 0.256901 0.0110594 0.194321 0.0716242 -0.0425278 -0.118342 -0.00916736 0.157214 0.401766 0.444393 0.262489 -0.0887738 0.501088 0.468484 0.587747 0.693613 0.766377 1.0544 0.0808943 0.647493 0.417562 0.0854257 0.421216 0.15956 0.205178 0.316411 0.758089 0.150072
internal_weight=77214 60706 16508 22740 11528 10675 12065 37966 9489 8841 4980 3813 1167 19915 321 3576 1070 794 664 194 237 470 2506 3541 158 4000 5300 2687 120 3924
internal_count=77214 60706 16508 22740 11528 10675 12065 37966 9489 8841 4980 3813 1167 19915 321 3576 1070 794 664 194 237 470 2506 3541 158 4000 5300 2687 120 3924
is_linear=0
shrinkage=0.03


Tree=45
num_leaves=31
num_cat=1
split_feature=42 31 44 91 29 6 6 26 50 49 213 67 1 32 67 38 45 133 21 66 189 199 87 202 43 54 203 61 178 7
split_gain=1.45293e+06 272597 138044 75704.6 52691.7 46055.1 44577.7 34357.3 34139.3 27469.7 27075.7 24817.6 24801.7 29254.3 24434.1 24265 29526.3 22275.6 21446.1 21364.1 21339.5 20848.5 20634.3 20379.4 25121.2 19926.2 27533.3 22128.6 20729.5 23681
threshold=38.887544631958015 2.1055555343627934 43.84114074707032 0.75516664981842052 7.2249999046325692 0.36500000000000005 0.48500000000000004 12.500000000000002 8.7982735633850115 15.516666889190676 0 0.058539904654026038 2.5000000000000004 5.004629611968995 0.13114970922470096 5.1967225074768075 11.77350425720215 -0.10306057928970358 0.44500000000000006 0.49384190142154699 4.0291660577058801 7.8295353890942136 0.36610294878482824 43.500000000000007 58.839742660522468 0.64866602420806896 1.0000000180025095e-35 0.27952480316162115 0.46351878883014558 0.93833333333333346
decision_type=10 10 10 8 10 10 8 2 10 10 1 10 8 8 10 10 10 8 2 10 10 8 10 8 10 10 10 10 10 8
left_child=1 6 11 5 9 22 18 20 21 23 -7 -2 13 -8 -5 16 17 -10 -1 25 -6 -9 -3 -4 -25 26 27 -17 29 -27
right_child=2 3 4 14 7 10 12 8 15 -11 -12 -13 -14 -15 -16 19 -18 -19 -20 -21 -22 -23 -24 24 -26 28 -28 -29 -30 -31
leaf_value=-0.1372954103618137 -0.0027591727650844991 -0.04517467042072542 0.087346609841471398 0.053200501997707893 0.23157421486278779 0.077064131582654335 -0.040204962657162086 0.23680882972408634 -0.12714559614658355 -0.18289507480507544 -0.014029005954268226 0.16473370138908772 -0.14910090684626495 0.20329611812831505 0.19123108897553304 1.533141341343732 0.149903893197815 0.50849122387243639 -0.025628819021251088 0.098341735445934789 -0.305831847184307 0.39511851527214181 -0.1678432168470759 0.22533363490673861 0.3889204693902385 0.34352314070130158 0.62899695582295723 0.66441367881638658 1.1074152486113942 0.82653315551999595
leaf_weight=29057 965 4658 558 2260 247 4838 5259 1220 52 132 7446 4551 1734 485 2359 71 312 1084 1635 69 91 1938 1679 2452 1289 347 209 42 51 124
leaf_count=29057 965 4658 558 2260 247 4838 5259 1220 52 132 7446 4551 1734 485 2359 71 312 1084 1635 69 91 1938 1679 2452 1289 347 209 42 51 124
internal_value=-6.83287e-06 -0.0660243 0.256519 0.0149794 0.321441 -0.0119878 -0.115344 0.380494 0.398475 0.243384 0.0218989 0.135432 -0.049663 -0.0196447 0.123695 0.484768 0.4084 0.479395 -0.131347 0.605887 0.086888 0.33396 -0.0776759 0.256473 0.281699 0.647381 0.832978 1.21025 0.532894 0.470685
internal_weight=77214 61410 15804 23240 10288 18621 38170 5857 5519 4431 12284 5516 7478 5744 4619 2361 1448 1136 30692 913 338 3158 6337 4299 3741 844 322 113 522 471
internal_count=77214 61410 15804 23240 10288 18621 38170 5857 5519 4431 12284 5516 7478 5744 4619 2361 1448 1136 30692 913 338 3158 6337 4299 3741 844 322 113 522 471
cat_boundaries=0 1
cat_threshold=8
is_linear=0
shrinkage=0.03


Tree=46
num_leaves=31
num_cat=1
split_feature=30 43 41 87 50 6 6 195 84 44 26 131 203 141 6 6 7 6 120 213 28 148 44 66 65 187 86 43 47 91
split_gain=1.36908e+06 237380 143891 63475.8 63322.7 46955.3 39313.5 32021.1 29244.6 28508.6 28121.5 29746.2 28511 28562.9 27159.5 26905.9 25712.9 23584.2 22835.3 22071.9 21526.9 21149.2 21133.9 21070 23448 25523.1 28007.9 28880.1 26676.2 20877.6
threshold=5.1010005474090585 14.292857170104982 67.700000762939467 0.66500002145767223 7.9668006896972665 0.51500000000000012 0.095000000000000015 114.50000000000001 0.20293070375919345 20.005319595336918 20.500000000000004 -0.14970602546067605 1.5000000000000002 6.1807795796707827 0.71500000000000008 0.58500000000000008 0.92166666666666675 0.075000000000000025 2.3327972027972033 0 10.833333492279055 69.733333333333348 43.208921432495124 0.49384190142154699 0.2812014520168305 61.750000000000007 0.35192592442035681 73.035713195800795 9.7296423912048358 0.9245804250240327
decision_type=10 10 10 8 10 10 10 8 10 10 2 8 10 10 8 8 10 8 8 1 10 10 10 10 8 8 10 10 10 10
left_child=1 5 4 6 8 17 -3 -5 -2 -8 14 -12 13 21 -4 -6 -14 -1 -18 -19 -16 23 -7 24 -13 26 -26 -28 -27 -17
right_child=2 3 10 7 15 22 9 -9 -10 -11 11 12 16 -15 20 29 18 19 -20 -21 -22 -23 -24 -25 25 28 27 -29 -30 -31
leaf_value=-0.16044808597576285 0.064998817941832571 -0.15012592491721899 -0.32561793876425704 0.015436353603381291 0.064112315696019384 -0.03209192454975103 -0.054995554549453561 0.14115664351546089 0.18845038630654554 0.03483505622872958 -0.10999437180991026 0.33685846394685914 0.30264694126619407 0.074838611923922327 0.18259749585421711 0.27055755658760461 -0.068002938183871181 -0.055542787822418692 0.56956989944147796 -0.12306675932763894 0.77767116386443369 1.0076500173782308 0.32010238904997984 -0.0030610780488877069 0.36244337077238664 0.69342707818585159 1.5887224685778982 0.80909796069145201 0.30518349872691963 0.48784600524863914
leaf_weight=10479 3397 1922 82 3332 520 4308 5678 4027 3513 7226 97 317 1862 117 377 3995 55 5857 626 17689 64 90 159 63 67 397 65 125 266 442
leaf_count=10479 3397 1922 82 3332 520 4308 5678 4027 3513 7226 97 317 1862 117 377 3995 55 5857 626 17689 64 90 159 63 67 397 65 125 266 442
internal_value=-6.38277e-06 -0.0659547 0.241969 0.0122057 0.186456 -0.111003 -0.0235457 0.0842331 0.127761 -0.00469208 0.383035 0.409178 0.421613 0.525012 0.175735 0.268276 0.360338 -0.123008 0.518077 -0.106346 0.268957 0.562904 -0.0195558 0.532114 0.559371 0.636041 0.889836 1.07581 0.537661 0.292203
internal_weight=77214 60677 16537 22185 11867 38492 14826 7359 6910 12904 4670 4147 4050 1507 523 4957 2543 34025 681 23546 441 1390 4467 1300 1237 920 257 190 663 4437
internal_count=77214 60677 16537 22185 11867 38492 14826 7359 6910 12904 4670 4147 4050 1507 523 4957 2543 34025 681 23546 441 1390 4467 1300 1237 920 257 190 663 4437
cat_boundaries=0 1
cat_threshold=8
is_linear=0
shrinkage=0.03


Tree=47
num_leaves=31
num_cat=1
split_feature=42 60 61 6 86 213 50 44 91 187 66 91 71 12 49 198 188 108 68 115 44 24 202 43 17 197 132 107 21 189
split_gain=1.2927e+06 270543 107520 67085.5 55156 45278 43490.4 35252 31474.8 27205.4 25221.4 28290.6 29014.5 24645.9 23798.9 23325.3 21912.5 23551.8 21760.6 22317.3 21209.1 24343.7 20041.8 19429 19025.2 18867 18789.9 18288.9 18177.5 20251.2
threshold=40.741638183593757 0.099741660058498396 0.1946254298090935 0.20500000000000004 0.22221051156520846 0 8.7982735633850115 49.88965034484864 0.76408332586288463 64.250000000000014 0.46220763027668005 0.9245804250240327 0.21009174734354022 0.62055129469504156 11.125853061676027 7.8333901298057569 41.750000000000007 35.300000000000004 0.33116891980171209 0.55653953839837178 7.6693987846374521 1.0000000180025095e-35 52.500000000000007 84.211109161376967 1.5000000000000002 33.500000000000007 0.058729563826780705 29.583333333333339 0.39500000000000007 2.2186782509088521
decision_type=10 10 10 8 10 1 10 10 10 10 10 10 8 8 10 8 10 10 10 10 10 2 8 10 2 8 8 10 2 8
left_child=1 3 7 -1 8 -5 13 26 24 10 11 12 -8 -4 22 -13 17 27 -6 -20 -7 -22 25 -15 -3 -9 -2 -14 -26 -30
right_child=2 4 6 5 18 20 9 14 -10 -11 -12 15 16 23 -16 -17 -18 -19 19 -21 21 -23 -24 -25 28 -27 -28 -29 29 -31
leaf_value=-0.13552615740329255 -0.010218274346186476 -0.10039325109613606 0.093480240034486226 0.0040934168895400067 0.11901832507684314 -0.13357147501538816 1.0154984223727996 -0.040819706963641303 0.14250912998287915 0.52396839832183062 0.0047915877460101459 1.1323085444464402 0.48332626236923809 0.27165607484871857 0.044571297559009487 0.49986113222526463 -0.26710974109172819 0.42574508536821992 0.78905755495590468 0.12096622688571612 -0.056042930179998181 -0.2363130070716718 0.34545801170275481 0.45510408705607297 -0.0003467378676622796 0.50864761643622014 0.14715535537025157 0.050322305668465316 -0.033650133397021047 0.400168517945165
leaf_weight=20860 839 1705 603 6677 4790 5976 52 245 1405 1270 179 68 116 3506 382 230 60 743 90 90 12695 712 1647 610 7169 73 3668 361 173 220
leaf_count=20860 839 1705 603 6677 4790 5976 52 245 1405 1270 179 68 116 3506 382 230 60 743 90 90 12695 712 1647 610 7169 73 3668 361 173 220
internal_value=-6.88504e-06 -0.0594108 0.25364 -0.0954315 0.0486373 -0.0633373 0.32983 0.166956 0.0101935 0.417539 0.342821 0.379942 0.320826 0.272602 0.261238 0.644178 0.292605 0.320132 0.131187 0.455012 -0.0865231 -0.0656165 0.303359 0.298843 -0.00986734 0.0853159 0.117859 0.155623 0.0105435 0.2092
internal_weight=77214 62562 14652 46920 15642 26060 7798 6854 10672 3079 1809 1630 1332 4719 2347 298 1280 1220 4970 180 19383 13407 1965 4116 9267 318 4507 477 7562 393
internal_count=77214 62562 14652 46920 15642 26060 7798 6854 10672 3079 1809 1630 1332 4719 2347 298 1280 1220 4970 180 19383 13407 1965 4116 9267 318 4507 477 7562 393
cat_boundaries=0 1
cat_threshold=8
is_linear=0
shrinkage=0.03


Tree=48
num_leaves=31
num_cat=1
split_feature=59 6 44 44 44 84 202 6 6 213 26 85 58 1 50 198 38 159 115 166 40 152 8 160 8 59 146 44 50 100
split_gain=1.21756e+06 203224 144235 91539.7 58294.8 33785.8 33155 32719.9 29381.9 29305.5 28950.1 27896.5 23250.6 22961.4 22731.5 33070.9 28317 27071.5 26092.3 24115 22951 38390.3 44383.8 26050.8 22533.4 21307.7 28345.5 21136.1 20914.9 23014.4
threshold=0.14761641621589663 0.36500000000000005 60.298648834228523 19.534108161926273 33.577146530151374 0.24909026175737384 53.500000000000007 0.79500000000000015 0.075000000000000025 0 12.500000000000002 0.62019231915473949 0.29517222940921789 2.5000000000000004 8.7982735633850115 7.4119806255835678 5.3757352828979501 250.50000000000003 0.6113551768576716 1.0954545454545457 86.416667938232436 35.225000000000009 0.78225000000000022 247.90000000000003 0.85225000000000017 0.27460160851478582 0.6334183673469389 12.63495445251465 7.9668006896972665 68.675000000000011
decision_type=10 8 10 10 10 10 8 8 10 1 2 10 10 8 10 10 10 10 10 8 10 8 8 10 8 10 8 10 10 10
left_child=1 8 4 9 -2 13 11 -6 -1 -3 -8 -4 -13 -5 15 -12 17 -16 -17 -18 21 -21 -23 -24 -19 28 -27 -10 -9 -30
right_child=2 3 6 5 7 -7 10 25 27 -11 14 12 -14 -15 16 18 19 24 -20 20 -22 22 23 -25 -26 26 -28 -29 29 -31
leaf_value=-0.15296285635989937 0.063438873245362168 0.029596928525310724 0.13035445312261582 0.044213704891355579 0.13772698662215169 0.13470593872185438 0.08657544309469048 0.17198595435561156 -0.11832319191761055 -0.077452617955430486 0.47775129079545442 0.28667796834775833 0.83800355886871158 -0.089493156177674366 0.27690603788618384 0.29042307580427873 0.32945114204477022 0.35532565598229043 -0.11444820461459876 0.37255306275904571 0.54438068366509851 0.47110861186470304 2.0649375044504801 1.1666385924997851 0.70957605487302589 0.00042248291221070792 0.59053494367030368 -0.057535263456797776 0.27015517654718435 0.58888570987809019
leaf_weight=11483 3597 2885 900 8113 3515 3461 257 2193 12567 11348 777 226 99 1348 725 734 173 304 178 76 271 56 45 82 345 94 332 8720 2084 226
leaf_count=11483 3597 2885 900 8113 3515 3461 257 2193 12567 11348 777 226 99 1348 725 734 173 304 178 76 271 56 45 82 345 94 332 8720 2084 226
internal_value=-6.66275e-06 -0.0639947 0.221781 -0.00330464 0.164576 0.0545029 0.353033 0.207658 -0.114286 -0.0557875 0.394642 0.216384 0.45462 0.0251632 0.415665 0.333932 0.48213 0.402896 0.211402 0.636991 0.737377 0.939315 1.17469 1.48493 0.543641 0.257528 0.460322 -0.093422 0.238343 0.301338
internal_weight=77214 59925 17289 27155 12041 12922 5248 8444 32770 14233 4023 1225 325 9461 3766 1689 2077 1374 912 703 530 259 183 127 649 4929 426 21287 4503 2310
internal_count=77214 59925 17289 27155 12041 12922 5248 8444 32770 14233 4023 1225 325 9461 3766 1689 2077 1374 912 703 530 259 183 127 649 4929 426 21287 4503 2310
cat_boundaries=0 1
cat_threshold=8
is_linear=0
shrinkage=0.03


Tree=49
num_leaves=31
num_cat=1
split_feature=36 66 68 6 41 1 68 44 91 162 5 21 6 172 63 197 135 97 6 6 191 44 43 115 191 152 203 150 203 213
split_gain=1.15029e+06 190760 181028 61583.8 58954.4 55956.4 33883.5 30612.8 29514.5 26626.1 24495.5 24242.9 24155.7 23479.5 22675.6 21418.2 21237.2 18986.6 18880.6 18348.1 22426.7 19215 22889.4 23431.5 21242.3 20369.6 18210.6 18663.8 17432.8 17413.9
threshold=3.0619961023330693 0.18921610713005069 0.094438511878252043 0.43500000000000005 70.90000152587892 1.5000000000000002 0.034274553880095489 61.471216201782234 0.84148353338241588 290.35416666666669 1.0000000180025095e-35 0.045000000000000005 0.075000000000000025 0.0020695758243975304 0.13955543190240863 33.500000000000007 0.50032444294816647 0.70472228527069103 0.56500000000000006 0.99500000000000011 0.014200808646743725 84.278209686279311 88.038459777832045 0.5491968229466232 0.0063015778710579515 38.100000000000009 8.5000000000000018 73.035714285714292 1.5000000000000002 0
decision_type=10 10 10 10 10 8 8 10 10 8 2 2 8 10 10 8 8 10 8 10 10 10 8 8 8 10 10 10 10 1
left_child=2 6 3 12 8 7 -2 9 17 -4 14 -5 -1 -12 -6 16 -7 26 -8 21 -21 -16 28 -24 -25 -26 27 -3 -23 -14
right_child=1 4 5 11 10 15 18 -9 -10 -11 13 -13 29 -15 19 -17 -18 -19 -20 20 -22 22 23 24 25 -27 -28 -29 -30 -31
leaf_value=-0.15144379419187387 0.0036688049555913716 0.22720776237860041 0.052725167027276691 -0.047551542575121869 0.73862430381016764 -0.16411721320887906 0.022206447694690958 0.4137904889007708 0.31824917174078005 0.21648962973293701 0.22520150938348948 0.087918893969100187 -0.047579865165257862 -0.54625583253255705 0.34091065805316212 0.076136270538967474 -0.021592336972238269 -0.2054689647995423 0.16444348039775927 0.30628521760882332 0.95558338165283196 1.3480638435713947 -0.080059851631522169 1.152909454345703 0.73571242380102997 0.0093060200661420813 0.10292813849827784 0.80560510410982011 0.58958945587277412 -0.11006854851674981
leaf_weight=10496 2648 3241 4599 8546 171 1170 1054 266 2440 1109 265 1381 5129 41 2820 1535 4806 107 4135 86 108 50 64 45 76 64 1283 51 60 19368
leaf_count=10496 2648 3241 4599 8546 171 1170 1054 266 2440 1109 265 1381 5129 41 2820 1535 4806 107 4135 86 108 50 64 45 76 64 1283 51 60 19368
internal_value=-6.64898e-06 0.204036 -0.0657173 -0.0946557 0.28478 0.0306798 0.0909907 0.0992029 0.233651 0.0845428 0.379362 -0.0287055 -0.113365 0.121836 0.401598 -0.0238212 -0.0494963 0.189564 0.135552 0.384511 0.66775 0.367227 0.573943 0.414726 0.585895 0.403641 0.198803 0.236168 0.934351 -0.0970495
internal_weight=77214 18809 58405 44920 10972 13485 7837 5974 7122 5708 3850 9927 34993 306 3544 7511 5976 4682 5189 3373 194 3179 359 249 185 140 4575 3292 110 24497
internal_count=77214 18809 58405 44920 10972 13485 7837 5974 7122 5708 3850 9927 34993 306 3544 7511 5976 4682 5189 3373 194 3179 359 249 185 140 4575 3292 110 24497
cat_boundaries=0 1
cat_threshold=8
is_linear=0
shrinkage=0.03


Tree=50
num_leaves=31
num_cat=0
split_feature=42 60 61 43 91 17 85 50 44 21 5 187 56 1 162 197 29 12 28 154 209 159 197 129 38 6 64 12 162 17
split_gain=1.08346e+06 227583 91506.4 59623 49125.7 39798.9 39506.4 37398.2 30133.4 27409 25994.3 25159.9 23745.4 22855.6 29202.7 21998.8 23106.8 21943.1 21879.6 23516.9 23039.5 22721.2 22475.1 23603.1 24475.5 23666.9 21488.7 22349.5 21062.6 19961.5
threshold=40.741638183593757 0.099741660058498396 0.1946254298090935 7.0333333015441903 0.79458042979240429 1.0000000180025095e-35 0.240384615957737 8.7982735633850115 49.88965034484864 0.075000000000000025 1.0000000180025095e-35 64.416666666666686 0.61960476636886608 1.5000000000000002 291.83974358974365 25.500000000000004 7.0999999046325692 0.62055129469504156 9.8333334922790545 35.809090909090919 224.60000000000002 246.50000000000003 28.500000000000004 5.0512727215366491 4.7729184627532968 0.90500000000000014 0.37740822136402136 0.70079403415482588 347.58333333333343 4.5000000000000009
decision_type=10 10 10 10 10 2 10 10 10 2 2 10 10 8 8 8 10 8 10 10 2 10 10 10 10 8 10 10 8 2
left_child=1 3 8 28 6 -5 13 17 -2 -7 11 12 -9 14 -3 16 -10 -4 22 20 -20 -21 23 25 -25 -13 -23 -28 -1 -14
right_child=2 4 7 5 -6 9 -8 10 15 -11 -12 18 29 -15 -16 -17 -18 -19 19 21 -22 26 -24 24 -26 -27 27 -29 -30 -31
leaf_value=-0.12803372853816947 0.10684530073534608 0.00016254192147384725 0.080410926109967543 -0.21352021494695372 0.17498915881024854 -0.053057557726876765 0.1161345752030967 0.16163926813635279 0.074979199889590814 0.055623366447852089 0.077040855218534876 0.1172046926794903 -0.1677539848937438 -0.052966167602599257 0.16891598308147035 0.35088356795026926 0.3313385977004924 0.27418662584617559 1.5919308482709786 0.25404111138431401 0.62008900778634202 0.39135579735785725 0.97427565346658218 1.3312131399609322 0.39013259004738371 0.51327551715848851 1.3210569682830495 0.45779991248758828 -0.040821774128947538 0.43289299612427329
leaf_weight=22680 4507 4262 603 1269 2233 17805 3140 497 914 2366 230 311 52 4829 1178 949 484 4116 46 123 42 80 60 43 59 241 79 41 2800 1175
leaf_count=22680 4507 4262 603 1269 2233 17805 3140 497 914 2366 230 311 52 4829 1178 949 484 4116 46 123 42 80 60 43 59 241 79 41 2800 1175
internal_value=-7.06185e-06 -0.0543914 0.232206 -0.0874286 0.0447076 -0.0505617 0.0230118 0.302494 0.152238 -0.0403096 0.383829 0.408596 0.336578 -0.00546283 0.0367051 0.239407 0.163733 0.249426 0.518958 0.693337 1.1281 0.574888 0.418581 0.367599 0.786863 0.290127 0.772209 1.02611 -0.11845 0.407438
internal_weight=77214 62562 14652 46920 15642 21440 13409 7798 6854 20171 3079 2849 1724 10269 5440 2347 1398 4719 1125 411 88 323 714 654 102 552 200 120 25480 1227
internal_count=77214 62562 14652 46920 15642 21440 13409 7798 6854 20171 3079 2849 1724 10269 5440 2347 1398 4719 1125 411 88 323 714 654 102 552 200 120 25480 1227
is_linear=0
shrinkage=0.03


Tree=51
num_leaves=31
num_cat=0
split_feature=36 67 68 6 1 68 31 203 44 42 79 197 39 150 134 21 198 50 49 6 197 57 106 30 56 198 162 169 6 101
split_gain=1.02134e+06 170811 162418 55742.3 50343.9 40703.4 39482.2 33443.2 28424.4 25292.9 24823.2 27255.1 30363.7 24612.6 24177.5 23523.5 20439.2 20321.1 22460 19570.9 19363.7 20470.5 20490.7 21870.2 19371.2 19189.3 19136.3 18963.7 18491.7 18005.5
threshold=3.0619961023330693 0.20454649627208712 0.094438511878252043 0.36500000000000005 1.5000000000000002 0.034274553880095489 10.348484516143801 8.5000000000000018 61.471216201782234 61.343345642089851 0.12963624298572543 33.500000000000007 45.500000000000007 72.550000000000011 -0.042437925355438173 0.045000000000000005 7.5514530327459042 7.9668006896972665 5.0557539463043222 0.015000000000000001 37.500000000000007 0.31866537034511572 10.63068181818182 8.8394112586975115 0.60563543438911449 8.1508384556141671 296.03333333333336 4.1018415867454747 0.94500000000000006 69.045401939153876
decision_type=10 10 10 10 8 8 10 10 10 10 8 8 10 8 8 2 10 10 10 8 8 10 10 10 10 10 10 10 10 10
left_child=2 5 3 19 8 -2 7 10 13 -7 -3 12 17 -4 -8 -5 -6 18 -12 -1 24 -22 23 -23 -13 -11 -20 -14 -9 -19
right_child=1 6 4 15 16 9 14 28 -10 25 11 20 27 -15 -16 -17 -18 29 26 -21 21 22 -24 -25 -26 -27 -28 -29 -30 -31
leaf_value=-0.16382435222890615 0.0021768468827307449 0.074264259066515625 0.059808090687898406 -0.052883676464143312 0.034092633200551087 0.11651266127292702 -0.033786315534796031 0.12363837497961518 0.39751361128559015 0.32536194035776694 0.80482502740823614 0.41115661223729449 0.22687668707240477 0.27007249022390994 0.49652055959362501 0.065300790577351858 -0.065732558775820127 0.54647101598591363 0.12033569118380545 -0.10027792984047208 0.33814292777587202 0.47208153638839723 0.37133014134670556 1.1768980158226832 1.3069929065023149 -0.086127620754034614 0.69931380789855424 -0.11295256895166408 0.3486814620881224 0.083794053617951475
leaf_weight=5213 2648 417 5153 11240 3267 5742 84 1885 266 902 59 45 2287 555 981 1752 4244 632 450 26715 1490 75 171 84 42 115 58 158 398 86
leaf_count=5213 2648 417 5153 11240 3267 5742 84 1885 266 902 59 45 2287 555 981 1752 4244 632 450 26715 1490 75 171 84 42 115 58 158 398 86
internal_value=-6.85012e-06 0.192258 -0.0619248 -0.0893354 0.0293831 0.101876 0.282688 0.260716 0.094379 0.140936 0.297614 0.314136 0.266968 0.0802525 0.454694 -0.0369462 -0.0223124 0.385037 0.250786 -0.110653 0.406393 0.385492 0.599282 0.844437 0.843629 0.278832 0.186439 0.204916 0.162871 0.491053
internal_weight=77214 18809 58405 44920 13485 9407 9402 8337 5974 6759 6054 5637 3730 5708 1065 12992 7511 1285 567 31928 1907 1820 330 159 87 1017 508 2445 2283 718
internal_count=77214 18809 58405 44920 13485 9407 9402 8337 5974 6759 6054 5637 3730 5708 1065 12992 7511 1285 567 31928 1907 1820 330 159 87 1017 508 2445 2283 718
is_linear=0
shrinkage=0.03


Tree=52
num_leaves=31
num_cat=0
split_feature=41 6 61 44 6 6 92 84 44 43 44 17 202 134 45 8 131 44 189 86 44 158 17 91 114 35 199 135 165 50
split_gain=962096 172286 109507 54532.1 45948.8 42363.7 30596.7 28598.1 28081 26495.4 24700.3 20928.6 19957.1 19768.6 20999.7 25281.3 19213.3 18852.5 18854.7 18766.9 17775.8 22170.9 21171.7 20317.3 18112.7 18039.7 17442.5 20289.7 17882 19987.2
threshold=36.899999618530281 0.49500000000000005 0.21597743779420855 14.649675369262697 0.92500000000000016 0.78500000000000014 0.80261722207069408 0.029263832606375221 18.933035850524906 82.527778625488295 92.788890838623061 4.5000000000000009 53.500000000000007 -0.035706108319840404 5.9705882072448739 0.94100000000000017 -0.030481647768526795 47.556259155273445 2.0469101294875149 0.64093536138534557 49.88965034484864 38.095454545454551 12.500000000000002 0.40464101731777197 30.408333333333335 5.3666667938232431 7.9986078405721281 0.44301794071250328 1.1563121215269454 9.7036166191101092
decision_type=10 10 10 10 8 8 8 10 10 10 10 2 8 8 10 10 8 10 8 10 10 8 2 10 8 10 8 10 10 10
left_child=1 3 4 -1 7 8 11 -2 -3 10 26 -5 -6 -11 15 -15 -16 -14 -19 -20 23 22 -22 -9 -23 -26 27 -4 -28 -30
right_child=2 5 9 6 12 -7 -8 20 -10 13 -12 -13 17 14 16 -17 -18 18 19 -21 21 24 -24 -25 25 -27 28 -29 29 -31
leaf_value=-0.11029788930517959 -0.032319659122729473 -0.050704569673935655 0.19488811357723121 -0.10958244479553078 0.09982556941287539 0.11416588769657036 0.081543495143299463 -0.049934120216403012 0.043417776524465893 -0.064893020220100878 0.9432942121872242 -0.029378567161582114 0.20594462545686584 0.52416925411975501 1.0231476027667521 1.2923571624094621 0.35648854593352264 0.099358416541090497 0.49420644632267019 -0.14347099619832906 -0.017728946326138386 0.92087557999200598 0.20910814001314451 0.12212977794872981 0.20892576306812033 0.54537196510847896 0.1632841103666208 -0.39622920726736388 0.31054679237450539 0.61510013099708316
leaf_weight=29498 1127 5247 1622 4316 556 3967 1655 723 6252 80 47 9106 890 196 40 48 1425 158 742 44 563 43 1082 4238 605 188 660 54 1825 217
leaf_count=29498 1127 5247 1622 4316 556 3967 1655 723 6252 80 47 9106 890 196 40 48 1425 158 742 44 563 43 1082 4238 605 188 660 54 1825 217
internal_value=-6.6444e-06 -0.0566412 0.198002 -0.0865752 0.140956 0.0296326 -0.0401621 0.108514 0.000469698 0.298606 0.259218 -0.0551691 0.257272 0.396032 0.417608 0.675288 0.374691 0.305004 0.398397 0.458509 0.129842 0.195406 0.131473 0.0970537 0.321205 0.288689 0.251874 0.175843 0.299035 0.342911
internal_weight=77214 60041 17173 44575 10959 15466 15077 8569 11499 6214 4425 13422 2390 1789 1709 244 1465 1834 944 786 7442 2481 1645 4961 836 793 4378 1676 2702 2042
internal_count=77214 60041 17173 44575 10959 15466 15077 8569 11499 6214 4425 13422 2390 1789 1709 244 1465 1834 944 786 7442 2481 1645 4961 836 793 4378 1676 2702 2042
is_linear=0
shrinkage=0.03


Tree=53
num_leaves=31
num_cat=1
split_feature=36 67 68 6 1 44 31 203 213 44 49 37 161 162 134 158 207 178 114 194 150 150 195 135 30 17 22 37 1 172
split_gain=907971 152596 145338 50233.4 45497.1 37169.8 35587.8 31251.4 26366.5 26293.1 23967.3 25843.5 26018.6 23716.7 22035.2 21842.1 20434.8 31537.1 25613.8 22611.9 23437.2 20302.3 19214.4 19876.3 19163.3 22750.7 18267.3 17676.8 17623.8 20465.7
threshold=3.0619961023330693 0.20454649627208712 0.094438511878252043 0.34500000000000003 1.5000000000000002 30.3510856628418 10.348484516143801 8.5000000000000018 0 61.471216201782234 5.0009260177612314 3.6396104097366337 245.66402950936978 290.35416666666669 -0.042437925355438173 40.91608391608392 7.5000000000000009 0.44437133616168251 41.303846153846159 21.500000000000004 67.480769230769241 66.320512820512832 291.50000000000006 0.51561590088516207 9.0002112388610858 47.500000000000007 69.500000000000014 2.4083334207534794 1.5000000000000002 -0.0091921694300974872
decision_type=10 10 10 8 8 10 10 10 1 10 10 10 10 8 8 8 2 10 10 8 10 10 8 8 10 2 2 10 10 8
left_child=2 5 3 -1 9 -2 7 10 -5 13 26 -12 -13 -4 -8 -7 18 21 19 20 -14 -18 23 -6 -21 -26 -3 -24 29 -17
right_child=1 6 4 8 22 15 14 -9 -10 -11 11 12 16 -15 -16 28 17 -19 -20 24 -22 -23 27 -25 25 -27 -28 -29 -30 -31
leaf_value=-0.10951020211744986 0.021620335768698144 0.78070737725045058 0.046158989935487463 0.04120868765702012 -0.15269294236266573 0.11037933639504986 -0.036288014025028265 0.15130127016792705 -0.060295670194158608 0.38132266434679801 0.12593554263321624 0.22641643144645529 0.29543636587410421 0.20071747099653195 0.46997954931719632 0.035845754503689958 0.4197488581577194 -0.38568312134593724 0.11926607160026929 0.50046173007484396 0.60607685329547767 -0.018738606982760957 0.018656803046303055 -0.017504916601964668 0.63651056374592541 1.438057219608033 0.061841619799776773 0.26299094859154332 -0.021005187043968917 0.34931823577603976
leaf_weight=27547 3690 142 4599 2728 1232 4318 84 2283 14645 266 930 2363 907 1109 981 232 321 72 245 464 288 135 1171 4763 99 47 41 345 191 976
leaf_count=27547 3690 142 4599 2728 1232 4318 84 2283 14645 266 930 2363 907 1109 981 232 321 72 245 464 288 135 1171 4763 99 47 41 345 191 976
internal_value=-6.44497e-06 0.181274 -0.0583868 -0.0843161 0.0279865 0.0958473 0.266746 0.245886 -0.0443679 0.0897745 0.281554 0.271015 0.298322 0.076188 0.430049 0.143757 0.364232 0.197804 0.407097 0.446165 0.370302 0.289933 -0.0211576 -0.0452867 0.594783 0.894543 0.61965 0.0742605 0.246775 0.289115
internal_weight=77214 18809 58405 44920 13485 9407 9402 8337 17373 5974 6054 5871 4941 5708 1065 5717 2578 528 2050 1805 1195 456 7511 5995 610 146 183 1516 1399 1208
internal_count=77214 18809 58405 44920 13485 9407 9402 8337 17373 5974 6054 5871 4941 5708 1065 5717 2578 528 2050 1805 1195 456 7511 5995 610 146 183 1516 1399 1208
cat_boundaries=0 1
cat_threshold=8
is_linear=0
shrinkage=0.03


Tree=54
num_leaves=31
num_cat=1
split_feature=42 61 61 44 84 50 1 158 38 5 91 187 66 71 214 91 45 188 6 8 64 6 57 118 158 189 74 28 154 209
split_gain=855066 183465 72448 54604.8 42655.8 32570.2 32149.1 29917.3 25160.7 24198.4 24106.5 23027.6 23254.3 24444.2 20652.2 20542.4 24089.2 22043.7 20383.4 19684.8 19412.3 20181.1 24598.4 20721.2 20640.3 19365.7 20461.7 19290.6 22266.1 21527.7
threshold=40.741638183593757 0.10000247508287431 0.1946254298090935 13.533657073974611 0.23098049312829974 8.7982735633850115 1.5000000000000002 48.125000000000007 3.7336879968643193 1.0000000180025095e-35 0.78759616613388073 64.416666666666686 0.46220763027668005 0.21009174734354022 0 0.9245804250240327 6.7573528289794931 41.750000000000007 0.97500000000000009 0.94100000000000017 0.21939846128225329 0.96500000000000008 0.16807910054922107 0.60213387386221195 33.458041958041967 3.2252949401736264 0.77003204822540294 9.8333334922790545 35.809090909090919 224.60000000000002
decision_type=10 10 10 10 10 10 8 8 10 2 10 10 10 8 9 10 10 10 10 10 10 10 10 10 10 8 8 10 10 2
left_child=1 3 8 14 10 20 7 -5 -2 11 -3 12 13 -7 -1 17 19 -15 -6 -17 -4 22 -22 24 -23 -10 -27 -13 29 -29
right_child=2 4 5 6 18 9 -8 -9 25 -11 -12 27 -14 15 -16 16 -18 -19 -20 -21 21 23 -24 -25 -26 26 -28 28 -30 -31
leaf_value=-0.068713001867986095 0.092909411161029049 -0.0035513903083224455 0.1090666881483027 -0.0072224173033818301 0.12005365580144568 0.94648090977417787 -0.06563349436700959 0.18043980291947545 0.10751966867775467 0.048728784556622093 0.12353383569861097 0.37995572414562229 -0.028074626234599522 0.28879053186401332 -0.12005721260390034 0.50082022747998556 0.35638873335948357 -0.30107176107168193 0.51127110804701525 1.3931987126668295 0.44324313268471177 0.86105863747981981 0.19238116370284111 0.092750596992182924 0.38509600237920516 0.014607678976369229 0.32917463880338982 1.5093427458535069 0.52268842312644648 0.56992600927395476
leaf_weight=11397 4452 9133 1102 5700 3592 57 11168 883 944 230 1575 714 175 1148 18990 44 195 60 124 45 404 123 2722 122 246 219 1239 46 323 42
leaf_count=11397 4452 9133 1102 5700 3592 57 11168 883 944 230 1575 714 175 1148 18990 44 195 60 124 45 404 123 2722 122 246 219 1239 46 323 42
internal_value=-6.32589e-06 -0.0483196 0.206285 -0.0764413 0.0455325 0.268826 -0.0346366 0.0179493 0.13513 0.344729 0.0151411 0.368625 0.299727 0.336761 -0.100862 0.313467 0.543049 0.259493 0.133108 0.952023 0.219301 0.252887 0.224802 0.431689 0.54375 0.213383 0.281925 0.474207 0.637944 1.06098
internal_weight=77214 62562 14652 48138 14424 7798 17751 6583 6854 3079 10708 2849 1724 1549 30387 1492 284 1208 3716 89 4719 3617 3126 491 369 2402 1458 1125 411 88
internal_count=77214 62562 14652 48138 14424 7798 17751 6583 6854 3079 10708 2849 1724 1549 30387 1492 284 1208 3716 89 4719 3617 3126 491 369 2402 1458 1125 411 88
cat_boundaries=0 1
cat_threshold=264
is_linear=0
shrinkage=0.03


Tree=55
num_leaves=31
num_cat=0
split_feature=36 66 43 87 35 6 6 68 189 1 6 44 66 105 203 21 17 33 176 166 35 158 155 29 91 202 50 7 17 110
split_gain=806278 136333 133440 46129.8 45281.9 35211.8 31655.9 26305 25358 25206.3 29570.5 24346 22389.4 21874.6 21853.3 21254.7 20970.1 18646.9 19161.9 18021.8 24915 17955.2 23546.6 25294.3 21449.6 19124.4 19011.8 18235.6 17875.9 25822.5
threshold=3.0619961023330693 0.18921610713005069 12.541958332061769 0.81499999761581432 5.5499999523162851 0.91500000000000015 0.095000000000000015 0.022766221314668659 0.32001189514994627 2.5000000000000004 0.58500000000000008 20.258940696716312 0.49384190142154699 12.586980952941037 5.5000000000000009 0.58500000000000019 9.5000000000000018 3.5000000000000004 0.45369859770961518 0.96875000000000011 7.4500000476837167 33.033333333333339 31.833333333333339 7.5499999523162851 0.9245804250240327 52.500000000000007 8.2617316246032733 0.85166666666666668 10.500000000000002 40.414285714285718
decision_type=10 10 10 8 10 8 10 8 8 8 8 10 10 10 10 2 2 10 10 8 10 8 10 10 10 8 10 8 2 10
left_child=2 7 8 6 5 14 -4 -2 -1 10 -10 -8 13 19 16 -5 -3 18 -18 20 -6 22 -7 24 -24 27 -25 -23 29 -21
right_child=1 4 3 15 12 21 11 -9 9 -11 -12 -13 -14 -15 -16 -17 17 -19 -20 28 -22 25 23 26 -26 -27 -28 -29 -30 -31
leaf_value=-0.11623944414810898 -0.010472750410721508 0.031319687354300157 -0.12416373240286173 0.085164245283310222 -0.0027753388210643068 0.276205955585278 -0.041336481118449384 0.1104922528985551 -0.065608068502900005 -0.11587389603113948 0.047973669754604105 0.031572453404531735 -0.018210782537794415 -0.293577203871286 0.08584011360162204 0.45950020221127591 0.43062196135156933 0.18815206786073868 0.0043634659937910126 0.40560679696838964 0.74893919533118603 -0.44243318966693346 0.15897549161911009 0.56359262855921655 0.96686204510075691 0.29870204319097787 1.3754227310521849 0.14551907547699813 0.41085616267312397 -0.088328278407986668
leaf_weight=17815 2283 488 2177 3533 229 349 7734 5554 9489 6053 2636 8826 157 47 2324 142 655 1562 111 220 48 54 100 47 42 1463 58 393 2457 168
leaf_count=17815 2283 488 2177 3533 229 349 7734 5554 9489 6053 2636 8826 157 47 2324 142 655 1562 111 220 48 54 100 47 42 1463 58 393 2457 168
internal_value=-6.86988e-06 0.170821 -0.0550209 0.00244476 0.239081 0.198885 -0.0166164 0.0752539 -0.0908034 -0.0658753 -0.0409152 -0.00247813 0.331487 0.348811 0.153932 0.0996284 0.210128 0.24761 0.368853 0.358482 0.127486 0.291087 0.434841 0.658984 0.397928 0.24623 1.01203 0.0744913 0.380973 0.191738
internal_weight=77214 18809 58405 22412 10972 7646 18737 7837 35993 18178 12125 16560 3326 3169 5140 3675 2816 2328 766 3122 277 2506 596 247 142 1910 105 447 2845 388
internal_count=77214 18809 58405 22412 10972 7646 18737 7837 35993 18178 12125 16560 3326 3169 5140 3675 2816 2328 766 3122 277 2506 596 247 142 1910 105 447 2845 388
is_linear=0
shrinkage=0.03


Tree=56
num_leaves=31
num_cat=1
split_feature=41 31 41 6 85 6 6 5 61 162 32 213 163 26 172 26 6 134 203 139 174 152 148 6 26 150 106 203 158 49
split_gain=759757 165692 65508.2 57706.3 37764.8 34272.3 27319.5 24051.8 22874.3 23426.8 22350.2 22010.1 21854.8 20276.3 19616.7 19443.8 23913.2 20477.2 20881.2 22507.4 25862.1 25477.9 20196.5 18107.8 22544 19236.2 17914.2 17907.1 16931.9 16714.5
threshold=40.899999618530281 2.1055555343627934 70.90000152587892 0.78500000000000014 0.25833334028720861 0.92500000000000016 0.19500000000000003 1.0000000180025095e-35 0.2261626794934273 277.53571428571433 2.6676892042160039 0 2.8333333333333335 1.5000000000000002 0.019574720573163559 20.500000000000004 0.71500000000000008 -0.048873307155745442 1.5000000000000002 6.0340483794831625 -0.043315730103396462 37.366666666666674 69.733333333333348 0.87500000000000011 26.500000000000004 67.908333333333346 11.129166666666668 6.5000000000000009 41.781746031746039 11.334090709686281
decision_type=10 10 10 10 10 8 8 2 10 10 10 1 10 2 10 2 8 8 10 10 10 10 10 8 2 10 10 10 10 8
left_child=1 6 5 4 13 10 -1 15 -5 -10 -2 -8 -7 -3 29 16 -4 -17 19 20 22 -22 -19 25 -25 -20 -23 -12 -26 -9
right_child=2 3 7 8 -6 12 11 14 9 -11 27 -13 -14 -15 -16 17 -18 18 23 -21 21 26 -24 24 28 -27 -28 -29 -30 -31
leaf_value=-0.11019969443471286 -0.11838899600912223 -0.12564395218374691 -0.38459368417444434 0.10140498780410694 0.084679670343466559 0.22995253667547597 -0.0015880830649835159 0.24651105697017439 0.2281960383120083 0.93498159025249805 0.17072609921821799 -0.077231070658893522 0.67757251315257128 -0.013286448805433955 -0.57285454308986661 0.027422588754614643 0.2259046725032188 0.40564251038487315 0.13096302202826623 0.088154248276422181 1.3338135942107154 0.088742678979548018 0.94031319716378392 0.8269833109012017 0.36777004601608715 0.59346172397227392 0.98110376684367662 0.076575529981439128 -0.090328071277875163 -0.3392685079574585
leaf_weight=18951 330 1599 69 3908 3473 2613 4535 233 155 58 4634 14739 102 15061 40 176 354 810 673 129 63 41 69 91 1052 92 40 2992 78 54
leaf_count=18951 330 1599 69 3908 3473 2613 4535 233 155 58 4634 14739 102 15061 40 176 354 810 673 129 63 41 69 91 1052 92 40 2992 78 54
internal_value=-6.66355e-06 -0.0457069 0.19377 0.0156251 -0.00531065 0.154734 -0.0846225 0.29627 0.117906 0.420654 0.123327 -0.0594738 0.246769 -0.0240703 0.0495486 0.317858 0.12632 0.342307 0.359967 0.461577 0.508666 0.881339 0.447613 0.301027 0.372731 0.186584 0.529415 0.133787 0.336149 0.136295
internal_weight=77214 62479 14735 24254 20133 10671 38225 4064 4121 213 7956 19274 2715 16660 327 3737 423 3314 3138 1152 1023 144 879 1986 1221 765 81 7626 1130 287
internal_count=77214 62479 14735 24254 20133 10671 38225 4064 4121 213 7956 19274 2715 16660 327 3737 423 3314 3138 1152 1023 144 879 1986 1221 765 81 7626 1130 287
cat_boundaries=0 1
cat_threshold=8
is_linear=0
shrinkage=0.03


Tree=57
num_leaves=31
num_cat=1
split_feature=42 29 6 85 50 213 1 61 6 62 38 5 101 39 187 50 189 14 61 14 165 56 21 14 137 49 36 207 66 45
split_gain=718045 156238 67155.1 55557.6 49696.5 41466 32443.5 24911.4 24337.3 22273.9 22003.4 21813.3 21420.4 21419.5 21041.1 25141.8 21568.9 35042.7 25524.6 22296.5 22921.8 21137.3 20481 20256.2 18881.8 18665.8 19125.6 18597.5 19156.7 37816.6
threshold=27.254649162292484 6.5499999523162851 0.34500000000000003 0.25833334028720861 8.7982735633850115 0 2.5000000000000004 0.2500103116035462 0.79500000000000015 0.16019886732101443 2.2919871807098393 1.0000000180025095e-35 56.056680515400096 25.500000000000004 64.416666666666686 10.565006732940676 6.8529626429080972 0.17500000000000007 0.29833059012889868 -0.030000000000000016 0.99348412873917979 0.61960476636886608 0.25500000000000006 -0.22999999999999993 0.47881305933769125 11.334090709686281 4.4075312614440927 7.5000000000000009 0.34320442378520971 5.6881690025329599
decision_type=10 10 8 10 10 1 8 10 10 8 10 2 10 8 10 10 8 8 8 8 10 10 2 10 8 8 10 2 10 10
left_child=2 3 -1 6 7 12 8 -3 22 -5 -7 14 13 -4 21 16 18 -18 19 -16 -21 -6 -2 -10 -14 26 -13 28 -23 -30
right_child=1 4 5 9 11 10 -8 -9 23 -11 -12 25 24 -15 15 -17 17 -19 -20 20 -22 27 -24 -25 -26 -27 -28 -29 29 -31
leaf_value=-0.092313391712681173 0.006961869353007505 0.13890216938312794 0.15780075867065418 0.10516614841241258 0.11600277199081199 -0.06835346330359586 -0.10398700688438632 0.26988402361561026 0.78687727246965677 0.23536603932425473 0.01452095420864867 0.67493130945861335 -0.055992286185417482 0.7512639238095995 -0.03162442041074584 0.07794104916078072 0.5191287328914872 1.2224139794503173 0.78166853396938396 -0.20532772560508883 0.49323710071074156 0.28564511704936391 0.22096988920950225 0.12219765870483254 0.064970614395420664 -0.54463355326652529 0.0042134860962446483 0.11145239192335045 1.1888363395929336 0.42535558793609113
leaf_weight=30286 5888 4590 299 3259 544 12134 1382 1827 42 1856 3782 50 1642 67 157 162 504 73 104 49 308 573 432 2356 3968 40 163 255 70 352
leaf_count=30286 5888 4590 299 3259 544 12134 1382 1827 42 1856 3782 50 1642 67 157 162 504 73 104 49 308 573 432 2356 3968 40 163 255 70 352
internal_value=-6.76997e-06 0.132065 -0.0633774 0.0718543 0.225346 -0.0233465 0.0310581 0.176194 0.0524658 0.15241 -0.0486301 0.318002 0.0439995 0.26644 0.339521 0.428657 0.476202 0.608106 0.353049 0.266325 0.397356 0.272098 0.0215903 0.133839 0.0295658 0.0499922 0.161659 0.340031 0.398611 0.551999
internal_weight=77214 25036 52178 15215 9821 21892 10100 6417 8718 5115 15916 3404 5976 366 3151 1357 1195 577 618 514 357 1794 6320 2398 5610 253 213 1250 995 422
internal_count=77214 25036 52178 15215 9821 21892 10100 6417 8718 5115 15916 3404 5976 366 3151 1357 1195 577 618 514 357 1794 6320 2398 5610 253 213 1250 995 422
cat_boundaries=0 1
cat_threshold=8
is_linear=0
shrinkage=0.03


Tree=58
num_leaves=31
num_cat=0
split_feature=66 30 38 43 6 17 85 26 21 1 162 84 187 203 103 193 199 61 21 1 195 189 84 72 67 44 68 14 194 170
split_gain=677119 147458 82372.8 45118.9 37961.1 34141.6 32544.4 27445.5 27105.7 26623.8 26893.8 25926.7 27217.8 24084.9 23610.2 22896.6 22072.9 20350.8 20221.2 19072.7 18982.7 18939.8 17849.4 17915.5 17665.3 19444.7 25251.2 22798 18547.4 18159.4
threshold=0.18409272283315661 3.4279557466506962 3.8725337982177739 7.0333333015441903 0.93500000000000016 1.0000000180025095e-35 0.22319096326828006 108.50000000000001 0.2950000000000001 1.5000000000000002 288.03125000000006 0.2239683344960213 67.291666666666686 5.5000000000000009 10.833333333333334 11.500000000000002 8.0637563622604436 0.26934798061847692 0.095000000000000015 1.5000000000000002 189.50000000000003 2.2186782509088521 0.27018862962722784 0.80443039536476146 0.44160820543766027 84.278209686279311 0.40520420670509344 0.030000000000000023 11.500000000000002 4.1937500000000005
decision_type=10 10 10 10 8 2 10 2 2 8 8 10 10 10 10 8 8 10 2 10 8 8 10 8 10 10 10 10 10 8
left_child=1 3 4 -1 11 -5 9 13 -7 10 21 -2 18 14 15 17 -9 -4 -13 24 -6 -3 -18 -24 25 29 27 -27 -26 -17
right_child=2 6 7 5 20 8 -8 16 -10 -11 -12 12 -14 -15 -16 19 22 -19 -20 -21 -22 -23 23 -25 28 26 -28 -29 -30 -31
leaf_value=-0.096117349091994778 0.014919085134311231 -0.039178751360036825 0.0045076998673121574 -0.18597746867198134 0.15668562013597692 -0.03771103944230704 0.10946311975278304 -0.037603482309675314 0.095546760596435618 -0.046497053559459232 0.16359317459077108 0.069488565096324492 0.35617456139109471 0.21013531489809223 0.18048409271138413 0.00035388628753383505 0.00042580080003692548 0.66933734636306763 0.31992585711785265 0.027359945721592817 0.36272519726658081 0.087015711418308384 0.8701113045215606 0.27254522554709437 0.39854437417250416 0.24648484926670788 1.4041963065252072 1.1096225750446318 -0.15292431180728108 0.43908232210112236
leaf_weight=25793 3042 2489 242 1312 1024 19142 4304 487 1480 4222 1466 2256 443 2795 761 89 195 50 333 118 663 1878 52 343 130 80 41 42 95 1847
leaf_count=25793 3042 2489 242 1312 1024 19142 4304 487 1480 4222 1466 2256 443 2795 761 89 195 50 333 118 663 1878 52 343 130 80 41 42 95 1847
internal_value=-6.56656e-06 -0.0438596 0.179968 -0.0692189 0.111764 -0.0375881 0.0404308 0.25182 -0.0281474 0.0108818 0.0524134 0.0767979 0.138881 0.27578 0.328277 0.369415 0.111884 0.118348 0.1017 0.399436 0.23766 0.0150904 0.235274 0.351212 0.418328 0.445408 0.760092 0.543631 0.165702 0.418914
internal_weight=77214 62086 15128 47727 7761 21934 14359 7367 20622 10055 5833 6074 3032 6290 3495 2734 1077 292 2589 2442 1687 4367 590 395 2324 2099 163 122 225 1936
internal_count=77214 62086 15128 47727 7761 21934 14359 7367 20622 10055 5833 6074 3032 6290 3495 2734 1077 292 2589 2442 1687 4367 590 395 2324 2099 163 122 225 1936
is_linear=0
shrinkage=0.03


Tree=59
num_leaves=31
num_cat=0
split_feature=43 44 1 61 150 172 21 17 67 31 122 199 87 194 84 6 17 202 86 5 90 100 87 159 195 182 33 87 54 114
split_gain=639079 138388 67852.7 66560.6 47111.1 35660.8 31790 30355.7 29325.5 25264.6 23091.4 22513.7 21384.8 27978.4 20341.8 20292.6 18699.8 18359.5 21741.6 19079.7 18138.8 18107.6 20313.3 17960.2 17935.8 17488.9 17078.9 16626.4 15757.1 15728.2
threshold=36.598615646362312 20.258940696716312 1.5000000000000002 0.21597743779420855 72.550000000000011 0.12019260983309256 0.17500000000000002 2.5000000000000004 0.36000199615955358 0.83974358439445507 1.5308525733525735 7.9610027307964311 0.92280036211013805 10.500000000000002 0.37799237668514257 0.70500000000000007 18.500000000000004 53.500000000000007 0.33436854183673864 1.0000000180025095e-35 0.88434886932373058 69.300000000000026 0.79500001668930065 267.50000000000006 72.500000000000014 5.1322083417965594 9.5000000000000018 0.78499999642372142 0.7222241759300233 43.720779220779228
decision_type=10 10 8 10 8 8 2 2 10 10 8 8 8 8 10 8 2 8 10 2 8 10 10 10 8 8 10 8 10 10
left_child=1 6 4 12 8 -6 9 -4 14 -1 -5 20 16 -14 -3 -9 21 -13 -19 29 26 28 -23 -16 -7 -18 -12 -11 -2 -20
right_child=3 2 7 10 5 24 -8 15 -10 27 11 17 13 -15 23 -17 25 18 19 -21 -22 22 -24 -25 -26 -27 -28 -29 -30 -31
leaf_value=-0.11184525709462055 -0.027457879987036093 0.023437253511249562 -0.1163689187940798 -0.0162929680444679 -0.03805962580220925 0.12105165532286374 0.0044244913122903715 -0.024143478272390537 0.65047124226888009 -0.071507349477713103 0.13742922492551729 0.18734893245698822 0.086581185368757071 0.31210938451726999 0.081528348921443131 0.11258717502658595 -0.084080160178966745 0.23627592300188249 0.45764725685301882 0.047818651817193844 0.27537674677783042 0.10807879842933796 0.60051589553847029 0.34884390960869271 0.36555639592817607 0.15359952957725381 -0.28671273492600602 0.013329917183018083 0.11718144493685737 0.020612777654941267
leaf_weight=16281 2074 6863 2864 295 370 379 4087 5393 72 19168 1199 952 932 1056 724 1193 299 1102 1487 123 1044 289 102 329 939 4089 92 2332 1007 78
leaf_count=16281 2074 6863 2864 295 370 379 4087 5393 72 19168 1199 952 932 1056 724 1193 299 1102 1487 123 1044 289 102 329 939 4089 92 2332 1007 78
internal_value=-6.36973e-06 -0.0445138 0.0223447 0.16736 0.0781866 0.222188 -0.0750558 -0.0348328 0.0477566 -0.0836537 0.242911 0.255494 0.118476 0.206379 0.0422746 0.000624161 0.096243 0.301107 0.339924 0.407589 0.182395 0.0442228 0.236541 0.165049 0.295247 0.137404 0.107204 -0.0623055 0.0198163 0.435865
internal_weight=77214 60994 19126 16220 9676 1688 41868 9450 7988 37781 6372 6077 9848 1988 7916 6586 7860 3742 2790 1688 2335 3472 391 1053 1318 4388 1291 21500 3081 1565
internal_count=77214 60994 19126 16220 9676 1688 41868 9450 7988 37781 6372 6077 9848 1988 7916 6586 7860 3742 2790 1688 2335 3472 391 1053 1318 4388 1291 21500 3081 1565
is_linear=0
shrinkage=0.03


Tree=60
num_leaves=31
num_cat=0
split_feature=36 67 43 87 50 31 203 6 49 189 1 102 79 197 134 132 62 37 149 21 44 39 50 56 135 191 26 160 6 177
split_gain=603080 106364 102952 36344.2 29305.6 27530.3 26963.3 25972.7 23334.3 21273 22393 33890.4 20376.2 23873.8 19591.8 22372 24616.7 21492.7 21575.2 19513 19216.9 18659.2 22168.8 18135.5 17766 20438.5 20212.3 18706.3 18398 19448.6
threshold=3.0619961023330693 0.20454649627208712 12.541958332061769 0.81499999761581432 8.1250128746032733 10.348484516143801 8.5000000000000018 0.095000000000000015 5.0009260177612314 0.40064924582839018 1.5000000000000002 77.550000000000011 0.12963624298572543 31.500000000000004 -0.032069543798795917 -0.002164544770653734 0.28645069897174841 6.1742422580719003 65.225861957033786 0.58500000000000019 20.258940696716312 45.500000000000007 7.8126792907714853 0.58333802223205578 0.38778493559414812 0.0063015778710579515 24.500000000000004 229.63333333333335 0.70500000000000007 0.44426334370057646
decision_type=10 10 10 8 10 10 10 10 10 8 8 8 8 8 8 8 10 10 10 2 10 10 10 10 8 10 2 10 8 10
left_child=2 4 9 7 -2 6 8 -4 -3 -1 11 -11 -10 21 -7 -16 17 18 -17 -5 -9 22 -14 -13 25 -15 28 -28 -26 -30
right_child=1 5 3 19 -6 14 -8 20 12 10 -12 23 13 24 15 16 -18 -19 -20 -21 -22 -23 -24 -25 26 -27 27 -29 29 -31
leaf_value=-0.10002077031868403 0.045459518305122237 0.5674795766199221 -0.11144509052738828 0.075293377707146253 0.16699102427361096 -0.046073326602345331 0.11289092198562528 -0.035745812005441441 0.01566741077116493 -0.040456326732733888 -0.075895984064941996 0.35647300031575663 0.12193926878370104 -0.39669744742058571 1.0564188877244789 1.2751918471146089 0.031763538791323605 0.38285299946154866 0.35485581056373872 0.43396373436169727 0.029029418351715915 0.14337831839612206 0.39133476808450296 0.075036306853963355 -0.18706358234140466 0.27352444939888437 0.26157854933897445 0.50258341959185393 0.37608988206434463 -0.15532932500698063
leaf_weight=19674 7011 183 2177 3533 2396 96 2283 7734 396 3654 11663 290 441 63 45 52 159 672 41 142 8826 2358 730 712 94 117 452 808 336 76
leaf_count=19674 7011 183 2177 3533 2396 96 2283 7734 396 3654 11663 290 441 63 45 52 159 672 41 142 8826 2358 730 712 94 117 452 808 336 76
internal_value=-6.17851e-06 0.147735 -0.0475855 0.00289014 0.0764141 0.219095 0.200747 -0.0140289 0.233878 -0.0790156 -0.053692 0.00192775 0.22348 0.23851 0.362725 0.403226 0.371414 0.442008 0.869452 0.0891522 -0.00122249 0.191991 0.28988 0.15649 0.322872 0.0389468 0.351811 0.416128 0.191655 0.278061
internal_weight=77214 18809 58405 22412 9407 9402 8337 18737 6054 35993 16319 4656 5871 5475 1065 969 924 765 93 3675 16560 3529 1171 1002 1946 180 1766 1260 506 412
internal_count=77214 18809 58405 22412 9407 9402 8337 18737 6054 35993 16319 4656 5871 5475 1065 969 924 765 93 3675 16560 3529 1171 1002 1946 180 1766 1260 506 412
is_linear=0
shrinkage=0.03


Tree=61
num_leaves=31
num_cat=0
split_feature=44 61 43 6 50 6 21 165 157 31 56 84 150 149 61 14 60 21 209 45 143 93 203 68 209 47 193 135 121 91
split_gain=569948 142121 58583.9 47667.2 37569 29017.4 27420.5 23935.6 22079.5 25681.4 22058.9 21243.6 19929.2 21996.8 19163.4 18566 20216 18508.6 18071.5 17863.1 18771.5 17001.4 16634.9 20803.4 18133.4 18160.9 16619 21310.4 16552.9 16136.5
threshold=26.720485687255863 0.16099957376718524 12.541958332061769 0.78500000000000014 8.7982735633850115 0.30500000000000005 0.22500000000000006 1.1624416120335022 34.415367834583982 10.348484516143801 0.66428741812706005 0.22177303582429889 60.677083333333336 65.61233696678029 0.27952480316162115 -0.70499999999999985 0.21195019036531451 0.17500000000000002 190.45000000000002 16.348484992980961 0.42817460317460321 0.65868008136749279 8.5000000000000018 0.18372246623039248 1794.6500000000003 13.55119037628174 33.500000000000007 0.5029798228601271 2.6026100212009609 0.65449494123458873
decision_type=10 8 10 8 10 8 2 8 10 8 10 10 10 10 10 8 10 2 2 10 8 8 10 10 2 10 8 8 10 8
left_child=2 5 17 15 14 -2 21 8 9 -6 -10 26 -12 -14 -5 -3 -17 -1 -11 20 -9 -4 23 -13 25 -25 27 -7 -18 -22
right_child=1 3 6 4 7 11 -8 19 10 18 12 22 13 -15 -16 16 28 -19 -20 -21 29 -23 -24 24 -26 -27 -28 -29 -30 -31
leaf_value=-0.088145498549032919 -0.060954930827297638 0.68282667831498745 -0.049144389432315548 0.15348007497093974 0.20638451287479084 -0.13391610404217641 0.11013850255237294 -0.082828962048397792 -0.16812028712689875 1.2324916867698943 -0.26593107239210179 0.094644515037114491 0.69903229590505367 -0.076958741641044617 0.31173407017696103 0.051000084553187983 0.15544922584705986 -0.013291990400428663 0.34150604045391081 0.035243169430055114 0.95014519818623855 0.015301090611301282 0.015904034664763016 0.2784913727881122 0.74457956351451016 -0.17119723825405042 0.13079358085930848 0.030517287286654527 0.53043219371061578 0.37602079200855254
leaf_weight=30765 2166 49 9672 5234 340 858 1489 79 250 42 49 1765 96 50 793 3099 1500 3291 40 152 45 5951 1070 793 67 90 1103 4094 114 2108
leaf_count=30765 2166 49 9672 5234 340 858 1489 79 250 42 49 1765 96 50 793 3099 1500 3291 40 152 45 5951 1070 793 67 90 1103 4094 114 2108
internal_value=-5.99316e-06 0.114234 -0.0581577 0.179038 0.218639 0.0384526 -0.0128723 0.300835 0.165852 0.321317 0.0184235 0.0603344 0.257582 0.433282 0.174302 0.10188 0.0958397 -0.080912 0.797865 0.349925 0.371355 -0.0245963 0.116087 0.155569 0.268761 0.232657 0.0254836 0.00202701 0.181935 0.388021
internal_weight=77214 26046 51168 14040 9278 12006 17112 3251 867 422 445 9840 195 146 6027 4762 4713 34056 82 2384 2232 15623 3785 2715 950 883 6055 4952 1614 2153
internal_count=77214 26046 51168 14040 9278 12006 17112 3251 867 422 445 9840 195 146 6027 4762 4713 34056 82 2384 2232 15623 3785 2715 950 883 6055 4952 1614 2153
is_linear=0
shrinkage=0.03


Tree=62
num_leaves=31
num_cat=1
split_feature=43 6 213 61 84 6 38 122 199 61 1 85 86 44 198 202 55 150 67 56 101 179 91 121 117 47 116 186 139 49
split_gain=537789 116419 57970.5 55682.1 39280 24549.1 23411 22578.5 21882.9 20156.5 19331.3 18478.5 17975.5 17750.2 16890.9 16809.9 20216.9 17475.3 18482.7 16805.9 17740.6 17188 16249.2 16150.1 21390.7 32735.1 28569.4 25023.7 20920.1 20525
threshold=36.598615646362312 0.49500000000000005 0 0.21874559670686725 0.22177303582429889 0.075000000000000025 2.3099343776702885 1.5308525733525735 7.9610027307964311 0.1052801087498665 1.0000000180025095e-35 0.29285715520381933 0.40549990534782415 15.112572669982912 8.1887173105567843 53.500000000000007 0.45837302505970007 57.035714285714292 0.18289539963006976 0.5908421277999879 60.3845908507597 5.9839778669505668 0.86925822496414196 2.2071548977413098 0.46911459132799976 8.6254758834838885 0.52599314632997329 0.54179292929292944 6.0661417693157391 8.5468182563781756
decision_type=10 8 1 10 10 10 10 8 8 10 10 10 10 10 10 8 10 10 10 10 10 10 10 10 10 10 10 8 10 10
left_child=1 5 4 9 10 -1 -4 -5 -9 -2 -3 14 -6 -7 -11 -10 -17 -18 -19 20 -20 23 -14 24 25 -21 -26 -28 -25 -29
right_child=3 2 6 7 12 13 -8 8 15 11 -12 -13 22 -15 -16 16 17 18 19 21 -22 -23 -24 28 26 -27 27 29 -30 -31
leaf_value=-0.10815281357941284 -0.060441744026983407 -0.15316888455970587 -0.053245090469195039 -0.036938741593605218 0.13692398858372337 -0.074277423129235021 0.030464531861103133 0.16367073246677749 0.17254893200110769 0.10073742983720879 0.051556367530318566 0.16394493745155098 0.28641513129825114 -0.025058034417579263 -0.070784278581049007 0.80653862160444256 0.041064412951673852 -0.027161308016267514 -0.14457249004906469 1.3336245719299598 0.28971988825328981 0.14336568259343302 0.90878865271079823 0.89186359104088364 0.053840142553133408 0.24783684436155823 0.019934301056512973 0.33464260476223567 0.38357663454880053 0.63432174701695188
leaf_weight=11459 587 451 8388 283 1956 17867 4687 2237 923 4316 5216 4593 477 10452 587 75 205 124 109 51 379 221 41 140 242 49 123 428 152 396
leaf_count=11459 587 451 8388 283 1956 17867 4687 2237 923 4316 5216 4593 477 10452 587 75 205 124 109 51 379 221 41 140 242 49 123 428 152 396
internal_value=-5.8135e-06 -0.0408341 0.0159177 0.153526 0.0787072 -0.0711032 -0.0232199 0.224773 0.237425 0.110161 0.0352636 0.120707 0.178538 -0.0561115 0.0802024 0.28304 0.320896 0.306988 0.329571 0.348887 0.192716 0.39118 0.335676 0.425821 0.380185 0.801589 0.344743 0.419082 0.627276 0.478663
internal_weight=77214 60994 21216 16220 8141 39778 13075 6137 5854 10083 5667 9496 2474 28319 4903 3617 2694 2619 2414 2290 488 1802 518 1581 1289 100 1189 947 292 824
internal_count=77214 60994 21216 16220 8141 39778 13075 6137 5854 10083 5667 9496 2474 28319 4903 3617 2694 2619 2414 2290 488 1802 518 1581 1289 100 1189 947 292 824
cat_boundaries=0 1
cat_threshold=8
is_linear=0
shrinkage=0.03


Tree=63
num_leaves=31
num_cat=1
split_feature=66 44 1 1 43 6 37 85 101 213 31 198 165 209 187 179 157 156 160 21 164 55 21 202 166 181 171 164 41 139
split_gain=507106 111858 65583.4 51208.6 42395.4 33711.8 33030.1 22067 21575.2 20442.1 19422 17686.7 17663.9 21715.8 17460.1 20240.8 17882.7 18570.7 21787 17287 17018 17925.2 16987.8 16889.2 16690.4 16548.1 19256.1 19516 21180 18057.2
threshold=0.18409272283315661 15.282816410064699 1.5000000000000002 2.5000000000000004 63.031250000000007 0.93500000000000016 2.4580420255661015 0.069047622382640853 54.96910269368238 0 0.51666668057441723 7.4951255170446451 1.1506346278607449 2089.8500000000004 60.583333333333343 4.7710774124799444 35.100701281110602 31.100000000000005 200.50000000000003 0.075000000000000025 0.70833333333333337 0.64740285277366649 0.23500000000000001 31.500000000000004 1.3923076923076925 5.7677893913091003 0.11738367228959036 2.5500000000000003 87.099998474121108 6.5349480994903884
decision_type=10 10 10 8 10 8 8 10 8 1 10 10 10 2 10 8 10 10 10 2 10 10 2 8 8 10 10 10 10 10
left_child=1 10 4 6 5 -2 22 -4 -7 11 -1 -8 14 25 -6 -16 17 -17 -19 -12 -18 -22 -3 -10 -23 26 27 29 -29 -14
right_child=2 3 7 -5 12 8 9 -9 23 -11 19 -13 13 -15 15 16 20 18 -20 -21 21 24 -24 -25 -26 -27 -28 28 -30 -31
leaf_value=-0.1011313979792321 0.10447858806444643 -0.021434955997895931 -0.12310172633972338 -0.083718774681889749 -0.041404173210697268 0.87088712168914473 0.19137422118699715 0.075314862237002345 -0.29471382953085984 0.031334770098574105 -0.065492942555354317 0.064689878557840003 0.30605333758218534 -0.065541000960066029 0.65393346948356457 0.0060858421560621608 0.53121210516326955 -0.039482072562183418 0.54536485453251371 0.018908022403688159 -0.27580623840844187 0.00058675706843656992 0.11468342805792678 0.24872246837501472 0.64227133052146179 0.1118735047564187 0.93155979336603822 0.81408731864608874 0.071736572986429034 -0.18866216798039043
leaf_weight=13983 6106 10439 788 4632 309 49 1645 1402 53 7368 18142 2498 2826 153 87 137 54 73 267 2483 162 163 896 1783 47 377 46 131 47 68
leaf_count=13983 6106 10439 788 4632 309 49 1645 1402 53 7368 18142 2498 2826 153 87 137 54 73 267 2483 162 163 896 1783 47 377 46 131 47 68
internal_value=-5.63924e-06 -0.0379561 0.155745 0.00723507 0.181444 0.138715 0.0256759 0.00392113 0.249616 0.0614711 -0.0738368 0.114714 0.250464 0.284291 0.155465 0.216913 0.174808 0.300973 0.419795 -0.0553321 0.0335381 -0.0387049 -0.0106752 0.233035 0.144202 0.299606 0.322305 0.313182 0.618073 0.294429
internal_weight=77214 62086 15128 27478 12938 7991 22846 2190 1885 11511 34608 4143 4947 3648 1299 990 903 477 340 20625 426 372 11335 1836 210 3495 3118 3072 178 2894
internal_count=77214 62086 15128 27478 12938 7991 22846 2190 1885 11511 34608 4143 4947 3648 1299 990 903 477 340 20625 426 372 11335 1836 210 3495 3118 3072 178 2894
cat_boundaries=0 1
cat_threshold=8
is_linear=0
shrinkage=0.03


Tree=64
num_leaves=31
num_cat=1
split_feature=36 67 6 213 50 31 203 49 79 197 134 132 62 37 149 119 194 1 150 195 39 50 162 6 22 59 44 158 115 36
split_gain=479490 84631 84488.2 53353.4 25054.6 23782 24942.7 22277.8 18436.4 21415.1 17989.8 20947 22996.4 20447.1 20237.1 17984 22366.4 19960.1 24216.8 19943.3 17963.2 20455.2 19203.4 17209.5 16803.2 17736.3 16696.1 16530.4 16279.2 16245
threshold=3.0619961023330693 0.20454649627208712 0.36500000000000005 0 8.1250128746032733 10.348484516143801 8.5000000000000018 5.0009260177612314 0.12963624298572543 31.500000000000004 -0.032069543798795917 -0.002164544770653734 0.28645069897174841 6.1742422580719003 65.225861957033786 2.1238455988455995 22.500000000000004 1.5000000000000002 72.550000000000011 300.50000000000006 45.500000000000007 7.9214782714843759 296.03333333333336 0.015000000000000001 69.500000000000014 0.18972539901733401 61.471216201782234 31.516666666666669 0.52305857194933492 4.6202223300933847
decision_type=10 10 8 1 10 10 10 10 8 8 8 8 10 10 10 8 8 8 10 8 10 10 10 10 2 10 8 10 10 10
left_child=2 4 23 15 -2 6 7 24 -9 20 -7 -12 13 14 -13 16 -4 18 26 -19 21 22 -10 -1 25 -3 -17 -23 -20 -6
right_child=1 5 3 -5 29 10 -8 8 9 -11 11 12 -14 -15 -16 17 -18 19 28 -21 -22 27 -24 -25 -26 -27 -28 -29 -30 -31
leaf_value=-0.1226515386761841 0.039490234088455513 1.2168576122529624 -0.13152516146196194 -0.036467000868108959 0.09707481612508205 -0.062849841187708075 0.093830755168618579 0.0023629299073945728 0.051486722716661583 0.2942326986239141 0.99973604225118939 1.2150109278697234 0.0086243188100041095 0.34743927288521914 0.32367060646778201 0.096238701416687139 0.06838560370638995 0.0014731815245864037 0.18352593845129012 0.17815536853928557 0.122577038060337 0.76348097137317938 0.65647412419600304 -0.064673571074144523 0.0011696164927831509 0.47700719363323535 0.38376443658955395 0.31646430028118194 1.0153118267059327 0.26323940666571638
leaf_weight=5555 7011 41 975 15724 1606 96 2283 396 433 1946 45 52 159 672 41 3409 1042 3723 40 680 2358 85 53 27020 41 101 192 600 45 790
leaf_count=5555 7011 41 975 15724 1606 96 2283 396 433 1946 45 52 159 672 41 3409 1042 3723 40 680 2358 85 53 27020 41 101 192 600 45 790
internal_value=-5.34813e-06 0.131731 -0.0424303 -0.0019098 0.0681118 0.195384 0.178331 0.210196 0.200036 0.214333 0.328879 0.367688 0.336906 0.405138 0.822054 0.0518428 -0.0282495 0.071878 0.123383 0.02876 0.170274 0.266321 0.117463 -0.0745605 0.536158 0.690626 0.111569 0.371934 0.623883 0.151862
internal_weight=77214 18809 58405 25830 9407 9402 8337 6054 5871 5475 1065 969 924 765 93 10106 2017 8089 3686 4403 3529 1171 486 32575 183 142 3601 685 85 2396
internal_count=77214 18809 58405 25830 9407 9402 8337 6054 5871 5475 1065 969 924 765 93 10106 2017 8089 3686 4403 3529 1171 486 32575 183 142 3601 685 85 2396
cat_boundaries=0 1
cat_threshold=8
is_linear=0
shrinkage=0.03


Tree=65
num_leaves=31
num_cat=1
split_feature=44 1 43 43 17 21 87 17 37 193 149 5 166 50 216 148 56 160 187 144 45 198 98 209 14 165 60 6 203 91
split_gain=454929 115913 64726.7 48489.8 36970.8 33372.4 29390.9 25754.5 25260.9 23887.4 22621.8 22611.8 23741.5 23367.3 22471.9 26332.3 22720.8 21414.4 31715.9 19737.3 19452.9 22622.4 20031.9 23465.3 19063.2 20083.3 22116.6 18756.8 18337.5 18276.5
threshold=26.720485687255863 1.5000000000000002 58.031250000000007 7.0333333015441903 2.5000000000000004 0.22500000000000006 0.9350000023841859 1.0000000180025095e-35 1.8819444179534914 16.500000000000004 72.84878430417649 1.0000000180025095e-35 2.2182539682539688 7.3928422927856454 0 69.733333333333348 0.63631278276443493 287.10000000000008 61.583333333333343 0.5697619047619048 3.7559523582458501 7.4780529342462883 0.7005458176136018 1808.0500000000002 -0.044999999999999978 1.5389011363993925 0.22229636460542682 0.76500000000000012 8.5000000000000018 0.93033334612846386
decision_type=10 8 8 10 2 2 8 2 10 8 10 2 8 10 1 10 10 10 10 10 10 10 10 2 8 10 10 8 10 10
left_child=3 2 6 -1 -3 7 10 -5 -6 -8 28 13 19 -4 15 20 -17 -11 -19 -13 21 -15 23 24 25 -22 -27 -9 -2 -16
right_child=1 4 11 5 8 -7 9 27 -10 17 -12 12 -14 14 29 16 -18 18 -20 -21 22 -23 -24 -25 -26 26 -28 -29 -30 -31
leaf_value=-0.080997172897468536 0.094785587497750415 -0.11019776832196457 0.082294806739631146 -0.17093746289310333 -0.046203663830138957 0.089874102993410337 0.090811087424305659 -0.038143871314077982 0.090935373942441652 0.23367912688319045 0.46239900688129593 0.211122283055766 -0.40703321160807421 0.3387565043776789 0.18151997002875217 1.2576300487448187 0.30255193944275377 1.2421184461822314 0.36372627967438159 -0.29407165995863982 -0.10840933979922082 1.1112375185138692 0.07638084278450355 0.88117163766613771 0.38571257854834801 0.0073866571461700869 0.77855881433074281 0.036300964678689762 0.00069195131199830198 0.3527616832577265
leaf_weight=25730 6631 1986 904 1159 1885 2172 931 18459 3370 844 133 365 95 85 3644 51 40 49 151 86 172 57 333 68 776 69 65 3648 2593 663
leaf_count=25730 6631 1986 904 1159 1885 2172 931 18459 3370 844 133 365 95 85 3644 51 40 49 151 86 172 57 333 68 776 69 65 3648 2593 663
internal_value=-5.32932e-06 0.102059 0.141331 -0.051959 6.98158e-05 -0.0225875 0.0961325 -0.0330864 0.0417428 0.201295 0.0739357 0.209869 0.0239951 0.22452 0.245866 0.339231 0.837815 0.29982 0.578932 0.114788 0.313398 0.648837 0.281279 0.340611 0.306638 0.10611 0.381463 -0.0258593 0.0683345 0.207399
internal_weight=77214 26046 18805 51168 7241 25438 11332 23266 5255 1975 9357 7473 546 6927 6023 1716 91 1044 200 451 1625 142 1483 1150 1082 306 134 22107 9224 4307
internal_count=77214 26046 18805 51168 7241 25438 11332 23266 5255 1975 9357 7473 546 6927 6023 1716 91 1044 200 451 1625 142 1483 1150 1082 306 134 22107 9224 4307
cat_boundaries=0 1
cat_threshold=3
is_linear=0
shrinkage=0.03


Tree=66
num_leaves=31
num_cat=0
split_feature=44 189 43 87 1 65 21 86 17 150 118 43 137 202 148 29 86 84 146 178 160 30 188 194 58 6 17 91 26 38
split_gain=428043 109233 45624.1 40156.5 37577.8 31826.2 31400.1 29664.6 24232.4 21879.2 21258.6 21304.5 21051.4 20943.4 20915.9 23987.6 26453.4 26113.5 19039.4 18824 18645.6 17933.5 18687.7 19372.3 19273.9 17648.3 17336 16561.5 16185.4 15830.7
threshold=26.720485687255863 3.5558097958564763 7.0333333015441903 0.95499998331069957 1.5000000000000002 0.37289889156818395 0.22500000000000006 0.26692113280296331 1.0000000180025095e-35 68.645833333333357 0.51356035732746486 50.033332824707038 0.47007005548793762 68.500000000000014 66.366666666666688 9.0999999046325701 0.51875293254852306 0.43209879100322729 0.50055555555555564 0.45744053509963439 286.10000000000008 9.7942552566528338 35.916666666666679 6.5000000000000009 0.21732214093208316 0.76500000000000012 2.5000000000000004 0.93809092044830333 40.500000000000007 3.8725337982177739
decision_type=10 8 10 10 8 10 2 10 2 8 8 8 8 8 10 10 10 10 8 8 10 10 10 10 10 8 2 10 2 10
left_child=2 4 -1 7 5 9 8 20 -4 28 11 -5 -6 -9 29 18 17 -17 -16 -12 -3 22 23 -7 -25 -10 -14 -13 -2 -15
right_child=1 3 6 10 12 21 -8 13 25 -11 19 27 26 14 15 16 -18 -19 -20 -21 -22 -23 -24 24 -26 -27 -28 -29 -30 -31
leaf_value=-0.078567257627016038 0.11337750056290927 0.056466054957295481 -0.16580933882355869 1.1017947534802888 -0.1667337055236196 0.06215350989176302 0.087177879255527405 0.12521643290242182 -0.036999555017589635 0.17445426753382412 0.066904206223307394 0.14402137478192648 -0.09281201282926535 0.076102912670678702 0.87922535968381299 0.8040166271609418 1.1121502164502937 -0.043727075021181783 0.22334923911392138 0.33083812072203816 0.22958050422211684 0.9572469048999076 -0.0023093159510710528 1.2863601962327957 0.36075209589993079 0.035211935777501105 0.03990740921954427 0.76178696368051602 0.013962614058618782 0.23744673760828344
leaf_weight=25730 2167 3694 1159 54 785 49 2172 3000 18459 1442 327 90 1239 748 43 68 72 63 541 949 660 43 107 40 41 3648 3107 69 4608 2040
leaf_count=25730 2167 3694 1159 54 785 49 2172 3000 18459 1442 327 90 1239 748 43 68 72 63 541 949 660 43 107 40 41 3648 3107 69 4608 2040
internal_value=-5.1693e-06 0.0989972 -0.0504002 0.163357 0.0403514 0.0790629 -0.0219099 0.143445 -0.0320938 0.0683451 0.309513 0.586958 -0.0237552 0.183665 0.232713 0.369291 0.650213 0.396323 0.271641 0.2632 0.0827076 0.39359 0.291323 0.533006 0.817843 -0.0250835 0.00207046 0.412108 0.0457607 0.194159
internal_weight=77214 26046 51168 12418 13628 8497 25438 10929 23266 8217 1489 213 5131 6575 3575 787 203 131 584 1276 4354 280 237 130 81 22107 4346 159 6775 2788
internal_count=77214 26046 51168 12418 13628 8497 25438 10929 23266 8217 1489 213 5131 6575 3575 787 203 131 584 1276 4354 280 237 130 81 22107 4346 159 6775 2788
is_linear=0
shrinkage=0.03


Tree=67
num_leaves=31
num_cat=2
split_feature=43 6 214 61 84 180 122 199 6 22 148 203 1 33 101 35 7 52 21 213 59 175 202 55 150 67 56 101 179 121
split_gain=404904 90670.6 48254.7 41782.7 31815.2 29604.5 20499 19910.1 19764.9 19142.1 17827.1 17644.8 16941.9 16340.3 30713.9 16622.3 18255.8 20858.4 16164.3 16099 15301.4 15060.5 14991.1 18903.8 16120.1 16181.3 15594.5 16451.4 15784.7 15451.7
threshold=36.598615646362312 0.49500000000000005 0 0.21874559670686725 0.26618675887584692 5.720080719069407 1.5308525733525735 7.9610027307964311 0.075000000000000025 87.500000000000014 70.700000000000003 12.500000000000002 1.0000000180025095e-35 9.5000000000000018 69.265322794829203 5.6333332061767587 0.93166666666666675 0.69912496209144603 0.075000000000000025 1 0.26948522031307226 0.47983230914449732 53.500000000000007 0.45837302505970007 57.035714285714292 0.18289539963006976 0.5908421277999879 60.3845908507597 5.9839778669505668 2.2071548977413098
decision_type=10 8 9 10 10 8 8 8 10 2 8 10 10 10 10 10 10 10 2 1 10 8 8 10 10 10 10 10 10 10
left_child=1 8 4 11 12 -6 21 13 -1 10 -7 20 -3 15 -15 -8 18 -18 -17 -10 -2 -5 -9 -24 -25 -26 27 -27 29 -28
right_child=3 2 -4 6 5 9 7 22 19 -11 -12 -13 -14 14 -16 16 17 -19 -20 -21 -22 -23 23 24 25 26 28 -29 -30 -31
leaf_value=-0.095388575536193621 0.10702396615905034 -0.13100103388643178 -0.033947748247025226 -0.16071092402961057 -0.0032419161879606831 0.17270684143593926 0.10174119449270684 0.14615481019213811 -0.032920450986798952 0.68061458508979955 0.58759262508966703 -0.010427701846998852 0.040518427469679333 -0.36141926176256411 0.49324716820739783 0.14047735018214505 0.80511600645052062 0.12817247625101696 0.76944461260735986 -0.081251554124958256 0.55878404153839623 0.39624315399469601 0.75585368080139159 0.017394073779990034 -0.039296222064764262 -0.16267838520467828 0.34185999448183574 0.25553706023674994 0.11581939572679106 0.58354899639952673
leaf_weight=11459 8777 553 9848 229 786 1594 1376 923 19101 77 99 1238 8259 139 52 456 108 66 40 9218 68 54 75 205 124 109 1289 379 221 292
leaf_count=11459 8777 553 9848 229 786 1594 1376 923 19101 77 99 1238 8259 139 52 456 108 66 40 9218 68 54 75 205 124 109 1289 379 221 292
internal_value=-5.01428e-06 -0.0354317 0.0146525 0.133214 0.0567344 0.149971 0.194932 0.206987 -0.0621446 0.218008 0.196968 0.0956498 0.0297547 0.136636 -0.128735 0.161409 0.283951 0.548344 0.191201 -0.0486928 0.110497 -0.054437 0.250498 0.286247 0.272799 0.294488 0.312562 0.162124 0.353302 0.386498
internal_weight=77214 60994 21216 16220 11368 2556 6137 5854 39778 1770 1693 10083 8812 2237 191 2046 670 174 496 28319 8845 283 3617 2694 2619 2414 2290 488 1802 1581
internal_count=77214 60994 21216 16220 11368 2556 6137 5854 39778 1770 1693 10083 8812 2237 191 2046 670 174 496 28319 8845 283 3617 2694 2619 2414 2290 488 1802 1581
cat_boundaries=0 1 2
cat_threshold=264 10
is_linear=0
shrinkage=0.03


Tree=68
num_leaves=31
num_cat=1
split_feature=44 1 43 43 17 87 193 6 21 5 166 50 216 148 210 105 67 166 57 52 53 144 99 195 203 39 159 14 98 105
split_gain=382649 99993 55257.1 41237.9 32800.2 26533.9 23760.1 22538.1 22115.7 21161.1 22103.2 21122 20465.3 24267.1 22038.2 19789.1 19188.9 24799.5 23225.6 20733.9 28057.6 18601 18579.7 18945.6 17477.1 16899 17452.8 17287.5 16890.7 16480.5
threshold=26.720485687255863 1.5000000000000002 58.031250000000007 12.541958332061769 2.5000000000000004 0.92280036211013805 15.500000000000002 0.72500000000000009 0.22500000000000006 1.0000000180025095e-35 2.2182539682539688 7.3928422927856454 0 69.733333333333348 545.65000000000009 11.606229054393717 0.44160820543766027 0.91287878787878796 0.32466214895248419 0.57142919301986705 0.68003246188163768 0.5697619047619048 55.833333333333336 189.50000000000003 8.5000000000000018 31.500000000000004 281.83333333333343 -0.1399999999999999 0.74380832910537731 12.293919038109918
decision_type=10 8 8 10 2 8 8 8 2 2 8 10 1 10 2 10 10 8 8 10 10 10 8 8 10 10 10 8 10 10
left_child=3 2 5 -1 -3 24 -7 -6 -5 11 21 -4 13 16 -15 22 17 -13 25 -20 -21 -11 23 -8 -2 26 -19 -27 -29 -14
right_child=1 4 9 8 7 6 15 -9 -10 10 -12 12 29 14 -16 -17 -18 18 19 20 -22 -23 -24 -25 -26 27 -28 28 -30 -31
leaf_value=-0.066744211822130278 0.091855546178164854 -0.10498860610915584 0.072355759895188512 -0.020188285006280594 -0.00033717551170332272 0.068510732064673147 0.19606652404679809 0.1384824983618263 0.10081372575352782 0.19471370593019544 -0.40230140527612279 -0.13770090939439072 0.20063842986526162 1.2996989940319741 0.36319962370152375 -0.11283038232777569 -0.045073520448996859 0.40534278172533961 0.027640675842761992 1.2279576757852289 0.45739922564076257 -0.2957215649651927 0.26742321733308172 1.0102879826165736 -0.00037449154993406803 -0.14974622408242039 1.0658878081440923 0.32684699583624538 -0.1834162154367992 -0.19290438018663197
leaf_weight=34056 6599 1986 904 15623 3799 932 43 1456 1489 365 95 98 4209 42 49 111 139 180 40 74 100 86 1014 64 2569 89 45 797 63 98
leaf_count=34056 6599 1986 904 15623 3799 932 43 1456 1489 365 95 98 4209 42 49 111 139 180 40 74 100 86 1014 64 2569 89 45 797 63 98
internal_value=-5.43933e-06 0.0936002 0.130075 -0.0476534 -0.00112661 0.0883142 0.182802 0.0381255 -0.0096593 0.193402 0.0135894 0.207575 0.22787 0.316848 0.79543 0.269263 0.291997 0.323527 0.356092 0.643525 0.785108 0.101194 0.307098 0.683077 0.0660114 0.303698 0.537452 0.248277 0.289467 0.19124
internal_weight=77214 26046 18805 51168 7241 11332 2164 5255 17112 7473 546 6927 6023 1716 91 1232 1625 1486 1388 214 174 451 1121 107 9168 1174 225 949 860 4307
internal_count=77214 26046 18805 51168 7241 11332 2164 5255 17112 7473 546 6927 6023 1716 91 1232 1625 1486 1388 214 174 451 1121 107 9168 1174 225 949 860 4307
cat_boundaries=0 1
cat_threshold=3
is_linear=0
shrinkage=0.03


Tree=69
num_leaves=31
num_cat=0
split_feature=42 65 38 1 6 17 189 91 50 68 54 64 26 171 133 34 48 162 5 39 103 131 210 35 50 55 86 57 99 99
split_gain=362052 87297.5 40126.8 36371.1 33952 32685.6 24938 21821.9 20585.3 19646.8 19544 19116.2 19024.5 19140 18949.7 19479.6 18625.9 17697.8 16739.1 21120.6 24539.1 22493.2 21043.2 19227.3 20259.2 17477.4 17069.3 16904.6 16874.7 20130.2
threshold=25.691630363464359 0.19287354499101642 3.762202382087708 2.5000000000000004 0.34500000000000003 10.500000000000002 0.80397544987499725 0.93809092044830333 7.4323689937591562 0.0061290489975363025 0.75604405999183666 0.34340883791446691 108.50000000000001 0.05294463252981807 -0.1421173523151936 2.2707804441452031 8.9581503868103045 266.7928571428572 1.0000000180025095e-35 48.500000000000007 9.8333333333333339 -0.030481647768526795 840.00000000000011 4.9000000953674325 9.365082263946535 0.72962245345115673 0.53436467051506054 0.064866758882999434 57.833333333333336 64.583333333333357
decision_type=10 10 10 8 8 2 8 10 10 8 10 8 2 10 8 10 10 10 2 10 8 10 2 10 10 10 10 10 10 10
left_child=4 3 7 9 -1 11 -6 10 -9 -2 -3 -4 14 -14 -7 -16 -10 -12 19 21 -21 27 -20 24 -22 -23 -26 -17 -29 -30
right_child=1 2 5 -5 6 12 -8 8 16 -11 17 -13 13 -15 15 18 -18 -19 22 20 23 25 -24 -25 26 -27 -28 28 29 -31
leaf_value=-0.067349665431463673 -0.06573284705409195 0.05807485153873862 -0.012746067004414594 -0.097652736042308161 -0.04969712710099574 -0.082168078083711057 0.016083870494592468 -0.074877135467070796 0.87391613129980683 0.066615615759161098 0.14254680339019396 0.21313326900247592 0.01705677673458797 0.4069750617846955 0.76850479230743185 -0.15779647565700791 0.22634721056773111 0.55824354586710456 -0.077779178744043775 0.71616932385954357 0.012294303300891029 -0.0053578533625437148 0.42124685231882786 0.25395047283128691 0.15829561115382879 0.61706969399750222 0.72538823158808152 0.16300849658792668 0.63826532958113413 0.35593334672055138
leaf_weight=29983 1119 5276 984 1634 10576 157 10179 65 82 10314 311 513 655 137 65 44 78 131 283 87 704 216 104 2175 146 50 71 165 441 469
leaf_count=29983 1119 5276 984 1634 10576 157 10179 65 82 10314 311 513 655 137 65 44 78 131 283 87 704 216 104 2175 146 50 71 165 441 469
internal_value=-5.27623e-06 0.0899236 0.143699 0.0347405 -0.0469318 0.190001 -0.0174358 0.0855316 0.37533 0.0536621 0.0741282 0.0646595 0.221436 0.0845048 0.242385 0.252535 0.558226 0.265751 0.245767 0.261816 0.219264 0.359608 0.056326 0.205301 0.0904114 0.11164 0.343842 0.418553 0.442143 0.492756
internal_weight=77214 26476 13409 13067 50738 7466 20755 5943 225 11433 5718 1497 5969 792 5177 5020 160 442 4955 4568 3183 1385 387 3096 921 266 217 1119 1075 910
internal_count=77214 26476 13409 13067 50738 7466 20755 5943 225 11433 5718 1497 5969 792 5177 5020 160 442 4955 4568 3183 1385 387 3096 921 266 217 1119 1075 910
is_linear=0
shrinkage=0.03


Tree=70
num_leaves=31
num_cat=1
split_feature=36 6 67 213 162 1 203 184 199 119 177 142 6 49 165 56 65 83 199 26 195 17 22 84 8 185 120 189 1 150
split_gain=342379 62203 61015.5 41453.6 20940.5 20812.7 20794.7 22570.2 22615.1 28204.7 20439.4 18871.8 19222.2 17114.5 17759 17368.6 18941 20129.6 23526.7 21396.3 18688.9 17359.5 21580.8 16720.4 26333.3 16662 16656.9 20883.6 18075.9 21360.8
threshold=3.0619961023330693 0.36500000000000005 0.20454649627208712 0 247.42222222222225 1.5000000000000002 6.5000000000000009 0.41690476190476194 5.8675628165016294 1.6335858585858591 0.44588311079634729 6.7743617899088333 0.99500000000000011 12.338123798370363 2.837238939141387 0.56043353676795971 0.33296230435371404 0.23660138249397281 6.9718200770191414 41.500000000000007 110.50000000000001 13.500000000000002 15.500000000000002 0.20293070375919345 0.83100000000000007 0.49213938489128017 2.1659317534317539 0.76029141247272503 1.5000000000000002 72.550000000000011
decision_type=10 8 10 1 8 10 10 8 10 10 10 10 10 10 10 10 10 10 10 2 10 2 2 10 10 10 8 10 8 10
left_child=1 -1 4 26 -2 -6 7 -4 10 13 -9 12 -8 14 15 -10 20 18 -18 -20 -17 -22 -23 24 -21 -12 27 -3 29 -28
right_child=2 3 6 -5 5 -7 11 8 9 -11 25 -13 -14 -15 -16 16 17 -19 19 23 21 22 -24 -25 -26 -27 28 -29 -30 -31
leaf_value=-0.063423824950365498 0.0021000707489992354 0.057080961871866565 -0.11741106005673556 -0.031547659403639336 0.12412807551184983 -0.014501761026531458 0.086982983144440043 0.34953930372247838 0.054332064023440318 -0.12575268548401919 0.64657792110855761 0.74125035183770316 0.43174327100774174 -0.10909780978242312 0.72628684819643874 0.036335079119451441 0.032328953023614555 0.24915518298923153 1.1714776347856968 0.8062839195641075 0.059048960467311624 0.67864225113209875 0.25183872208311292 0.92938600749199118 -0.23930972721265709 0.082279352079218396 0.10467830610376191 -0.13211260426587315 0.025033559572229035 0.59739191991311535
leaf_weight=32575 3732 1162 194 15724 4425 1250 3430 1482 618 275 52 42 152 163 58 584 58 586 64 41 301 131 573 53 46 499 3544 958 4361 81
leaf_count=32575 3732 1162 194 15724 4425 1250 3430 1482 618 275 52 42 152 163 58 584 58 586 64 41 301 131 573 53 46 499 3544 958 4361 81
internal_value=-5.11794e-06 -0.0358548 0.111314 -0.00108659 0.0572953 0.0935929 0.165361 0.200695 0.211747 0.166065 0.291538 0.109026 0.101613 0.190562 0.206252 0.196379 0.232401 0.346888 0.565483 0.717066 0.171302 0.249731 0.331258 0.509335 0.253441 0.135534 0.0462934 -0.0284131 0.0661833 0.115688
internal_weight=77214 58405 18809 25830 9407 5675 9402 5778 5584 3551 2033 3624 3582 3276 3113 3055 2437 848 262 204 1589 1005 704 140 87 551 10106 2120 7986 3625
internal_count=77214 58405 18809 25830 9407 5675 9402 5778 5584 3551 2033 3624 3582 3276 3113 3055 2437 848 262 204 1589 1005 704 140 87 551 10106 2120 7986 3625
cat_boundaries=0 1
cat_threshold=8
is_linear=0
shrinkage=0.03


Tree=71
num_leaves=31
num_cat=0
split_feature=44 189 43 87 130 65 21 86 17 116 67 202 148 29 86 84 203 86 146 160 57 127 170 6 6 150 51 210 153 166
split_gain=323860 85887.6 37037.8 33578.3 31057.1 29875.6 27740.6 23324.1 21747.6 19805.9 19361.9 18556.5 19159.5 21273 24819.8 24295.2 18297 20457.7 18097.4 17285.4 16387.5 16140.8 17754.6 16057.3 15572.1 20035.3 19415.5 17488.6 14836.6 21170.6
threshold=26.720485687255863 3.5558097958564763 6.4365079402923593 0.95499998331069957 6.3875000000000011 0.39117117226123815 0.23500000000000001 0.26692113280296331 1.0000000180025095e-35 0.55837316685916516 0.46112620830535894 68.500000000000014 66.366666666666688 9.0999999046325701 0.51875293254852306 0.43209879100322729 7.5000000000000009 0.73024946451187145 0.50055555555555564 286.10000000000008 0.25677657127380377 5.416666666666667 4.8708333333333345 0.76500000000000012 0.9850000000000001 65.031250000000014 0.71428376436233532 232.75000000000003 40.391939155809929 1.8944444444444446
decision_type=10 8 10 10 8 10 2 10 2 10 10 8 10 10 10 10 10 10 8 10 10 8 8 8 10 10 10 2 10 8
left_child=2 4 -1 7 -2 16 8 19 -4 -5 21 28 -13 18 15 -15 -6 -18 -14 -3 -7 22 -11 -10 -23 26 27 -26 29 -9
right_child=1 3 6 9 5 20 -8 11 23 10 -12 12 13 14 -16 -17 17 -19 -20 -21 -22 24 -24 -25 25 -27 -28 -29 -30 -31
leaf_value=-0.070414219691848398 -0.08224604891444702 0.045848674673685912 -0.15485400349169431 0.4078067608762021 0.073330225854089201 0.21328070850670336 0.081831402286624652 0.099978844462860872 -0.033168734874925491 -0.39107969131320713 -0.33012570836504951 0.16990443604954528 0.83792566156058124 0.74938934560207759 1.0495173081258931 -0.068307880305108565 -0.013881516141696772 0.53968908568874729 0.19848063630642379 0.21252902609177612 0.80843653710920427 0.1855925027571145 0.21380794422852026 0.034730110562130274 1.2448867634534835 0.027698876708745955 0.21507845441145557 0.4766148778051138 0.0010588674128341514 0.33356923954696815
leaf_weight=24553 1793 3694 1169 612 7599 110 2235 1692 19475 72 61 2788 43 68 72 63 3998 61 541 660 67 409 111 3736 60 60 56 48 868 440
leaf_count=24553 1793 3694 1169 612 7599 110 2235 1692 19475 72 61 2788 43 68 72 63 3998 61 541 660 67 409 111 3736 60 60 56 48 868 440
internal_value=-5.08689e-06 0.0861103 -0.0438403 0.14318 0.0341076 0.0517351 -0.0193252 0.124971 -0.0285986 0.27683 0.185429 0.160635 0.206804 0.337521 0.602071 0.356146 0.045862 -0.00556227 0.245563 0.0711149 0.438566 0.22397 -0.0241806 -0.0222399 0.29571 0.496773 0.668385 0.903433 0.105618 0.148187
internal_weight=77214 26046 51168 12418 13628 11835 26615 10929 24380 1489 877 6575 3575 787 203 131 11658 4059 584 4354 177 816 183 23211 633 224 164 108 3000 2132
internal_count=77214 26046 51168 12418 13628 11835 26615 10929 24380 1489 877 6575 3575 787 203 131 11658 4059 584 4354 177 816 183 23211 633 224 164 108 3000 2132
is_linear=0
shrinkage=0.03


Tree=72
num_leaves=31
num_cat=0
split_feature=43 44 1 162 41 67 21 92 87 172 189 159 17 113 40 193 191 57 199 52 22 85 202 193 66 66 31 98 38 51
split_gain=305734 71173.4 41098.8 33382.7 31530.8 29436.6 23719.5 23108.2 20114.6 19738.5 20374.1 17861.5 17562.5 23422.9 20627.4 33561.7 28959.7 24939.8 28538.6 21480.1 18365 17184.4 16539 16349.6 17232 17011.1 15796.5 15075.1 17177.5 14938
threshold=36.598615646362312 20.258940696716312 1.5000000000000002 289.19047619047626 70.90000152587892 0.36679755151271826 0.17500000000000002 0.51202040910720836 0.9350000023841859 0.06744679806908617 1.6952372863888743 250.16666666666671 34.500000000000007 43.922482245143676 81.166667938232436 28.500000000000004 0.011546592973463556 0.23706512153148654 7.5781515988037738 0.67622691392898571 41.500000000000007 0.22221051156520846 43.500000000000007 26.500000000000004 0.18921610713005069 0.31940072774887091 0.57738095521926891 0.6968386471271516 5.0643093585968026 0.91287881135940563
decision_type=10 10 8 8 10 10 2 10 10 8 8 10 2 10 10 8 10 10 10 10 2 10 8 10 10 10 10 10 10 10
left_child=1 6 3 5 8 -3 26 -4 -2 -5 -11 23 13 29 15 20 27 -18 -19 -17 -14 -9 -10 24 -6 -25 -1 28 -16 -13
right_child=4 2 7 9 11 -7 -8 21 22 10 -12 12 14 -15 16 19 17 18 -20 -21 -22 -23 -24 25 -26 -27 -28 -29 -30 -31
leaf_value=-0.085654270815127151 0.077335852665032581 0.021162693219044605 0.028354119321782615 -0.024645657571116402 -0.31739174083133764 0.70568553661045275 0.015961926034196518 -0.088597485972999809 -0.03558442599114741 0.078516702421587592 0.26667159636685395 0.1093492995006337 0.72627486114992812 0.80812630376815797 -0.066560983692614456 0.54779110974105805 0.053736176539773806 0.38322952938079835 1.2758108093672329 1.2396247153170408 0.045846590064152953 0.06182539873589786 0.22485501599976776 0.25229558948860614 0.16908366082612877 -0.50379953273585143 -0.045382627108314366 -0.28469373721143471 0.555361987248711 0.59514142070637366
leaf_weight=13825 10703 7002 3922 467 68 57 4087 4729 257 870 1280 862 51 50 95 92 73 80 54 72 119 799 1502 43 1806 71 23956 92 69 61
leaf_count=13825 10703 7002 3922 467 68 57 4087 4729 257 870 1280 862 51 50 95 92 73 80 54 72 119 799 1502 43 1806 71 23956 92 69 61
internal_value=-4.93434e-06 -0.0307891 0.0171584 0.0606185 0.115756 0.0266901 -0.0526923 -0.0273412 0.0927871 0.152136 0.190534 0.191925 0.26124 0.175713 0.365653 0.545346 0.236025 0.499879 0.742926 0.851523 0.249975 -0.0668558 0.186803 0.130212 0.151431 -0.218606 -0.060119 0.0226752 0.195102 0.141455
internal_weight=77214 60994 19126 9676 16220 7059 41868 9450 12462 2617 2150 3758 1770 973 797 334 463 207 134 164 170 5528 1759 1988 1874 114 37781 256 164 923
internal_count=77214 60994 19126 9676 16220 7059 41868 9450 12462 2617 2150 3758 1770 973 797 334 463 207 134 164 170 5528 1759 1988 1874 114 37781 256 164 923
is_linear=0
shrinkage=0.03


Tree=73
num_leaves=31
num_cat=1
split_feature=36 6 213 195 203 6 68 159 38 150 197 179 198 6 158 89 37 21 47 49 210 187 85 166 92 135 36 154 56 110
split_gain=288727 54040.1 52773.6 37197.9 35176.1 32361.3 23066.4 19472.6 23944.3 21755.9 21138.2 19772.8 25915.2 19154 27068.9 24724.3 18319.2 17756.9 17378.6 18336.7 16256.3 15821.4 14490.9 14353.1 23839.9 14352 21853 16860.5 19183.3 14096.3
threshold=3.0619961023330693 0.36500000000000005 0 107.50000000000001 6.5000000000000009 0.56500000000000006 0.33708831667900091 257.50000000000006 3.0359294414520268 69.966666666666683 24.500000000000004 5.9076559647353131 7.8241676904795483 0.91500000000000015 34.138095238095246 0.95225000381469738 3.4330357313156132 0.38500000000000006 10.48882055282593 10.58858633041382 1305.6500000000003 61.583333333333343 0.25833334028720861 1.4494949494949496 0.78590327501297008 0.48255170227294897 4.0000438690185556 37.031250000000007 0.68096476793289196 29.881944444444446
decision_type=10 8 1 8 10 8 10 8 10 10 10 10 8 10 8 10 10 2 10 8 2 10 10 10 10 10 10 8 10 8
left_child=1 -1 4 -3 5 6 -2 9 18 10 29 12 21 25 15 20 -14 22 19 -9 -15 -10 -5 24 -11 -6 -27 -28 -29 -7
right_child=2 3 -4 17 13 7 -8 8 11 23 -12 -13 16 14 -16 -17 -18 -19 -20 -21 -22 -23 -24 -25 -26 26 27 28 -30 -31
leaf_value=-0.058622447347348408 -0.074514728008683043 -0.035994759789770271 0.035419036798805023 0.010431441741269977 0.024847027483709313 0.53943536803412895 0.65346165322831695 0.073364398009934509 0.53748784138946915 0.70117676967773968 -0.039339154577109868 0.077254072399437421 0.14798171817234584 0.38426713412770858 0.087374532945829322 0.93013842888978804 0.48162211970777796 0.15710108806731632 -0.31982271205114071 0.71419033231942541 -0.22181098066270349 0.15070883578436817 0.098787661693358883 0.80590150786664427 -0.26085813248699358 -0.15602419283898439 0.94085058538913724 0.6899266289851882 -0.20108277997305227 0.16093145785357918
leaf_weight=32575 582 13105 6823 9703 3264 91 42 318 111 49 492 300 175 234 834 65 964 1004 86 46 48 668 2018 74 44 68 50 44 43 3294
leaf_count=32575 582 13105 6823 9703 3264 91 42 318 111 49 492 300 175 234 834 65 964 1004 86 46 48 668 2018 74 44 68 50 44 43 3294
internal_value=-4.78637e-06 -0.0329259 0.102221 -0.000519243 0.140101 0.181135 -0.0255163 0.200347 0.263257 0.158842 0.144401 0.303738 0.339163 0.0756655 0.180018 0.402682 0.43036 0.0360157 0.0637286 0.154348 0.281105 0.205821 0.0256437 0.494111 0.24602 0.0401395 0.283625 0.501845 0.249543 0.171107
internal_weight=77214 58405 18809 25830 11986 7336 624 6712 2668 4044 3877 2218 1918 4650 1181 347 1139 12725 450 364 282 779 11721 167 93 3469 205 137 87 3385
internal_count=77214 58405 18809 25830 11986 7336 624 6712 2668 4044 3877 2218 1918 4650 1181 347 1139 12725 450 364 282 779 11721 167 93 3469 205 137 87 3385
cat_boundaries=0 1
cat_threshold=8
is_linear=0
shrinkage=0.03


Tree=74
num_leaves=31
num_cat=1
split_feature=44 1 43 43 17 24 21 87 149 37 5 166 193 160 187 50 216 148 56 67 166 57 52 53 144 39 151 195 89 67
split_gain=273867 76021.9 39930.5 32220.6 28970.5 25548.3 28067.2 22627.8 20502.9 19236.8 18985.2 20546.7 17974 19598.8 29428.2 17944.3 18104.2 21887.6 20981.1 18467.6 23099.4 21083.7 19183.4 25722.4 17299.6 16413.5 17129 16510.9 20803.4 20679.8
threshold=26.720485687255863 1.5000000000000002 58.031250000000007 6.4365079402923593 2.5000000000000004 1.0000000180025095e-35 0.22500000000000006 0.9350000023841859 72.84878430417649 1.8819444179534914 1.0000000180025095e-35 2.2182539682539688 16.500000000000004 287.10000000000008 61.583333333333343 7.3928422927856454 0 69.733333333333348 0.63631278276443493 0.44160820543766027 0.91287878787878796 0.32466214895248419 0.57142919301986705 0.68003246188163768 0.5697619047619048 31.500000000000004 34.833333333333336 143.50000000000003 0.86100000143051159 0.36000199615955358
decision_type=10 8 8 10 2 2 2 8 10 10 2 8 8 10 10 10 1 10 10 10 8 8 10 10 10 10 8 8 10 8
left_child=3 2 7 -1 -3 6 -5 8 -2 -6 15 24 -9 -14 -15 -4 17 19 -19 20 -17 25 -23 -24 -12 -22 -27 29 -29 -28
right_child=1 4 10 5 9 -7 -8 12 -10 -11 11 -13 13 14 -16 16 -18 18 -20 -21 21 22 23 -25 -26 26 27 28 -30 -31
leaf_value=-0.065100251194023032 0.050680882806567323 -0.10102050841608706 0.053613462378724226 -0.020483119791345632 -0.043267397685944835 -0.15035622142609523 0.09346818391194639 0.071924825806338757 0.42583635500499178 0.076407649144850862 0.16915795530322683 -0.40647484847903254 0.18995226672310955 1.1590655559423018 0.31294634399331167 -0.157577912260075 0.1626980005970349 1.1381636879023382 0.22037934529222547 -0.074047218715544219 0.49944037778377531 0.00043702715635299678 1.1530532928093058 0.41525786901712414 -0.30381005509648212 0.39831763978249257 -0.34971291656716391 0.38224556934366871 -0.028780315046916242 0.33816864991592144
leaf_weight=24553 9224 1986 904 23251 1885 1241 2123 931 133 3370 365 95 844 49 151 98 4307 51 40 139 225 40 74 100 86 308 118 281 183 59
leaf_count=24553 9224 1986 904 23251 1885 1241 2123 931 133 3370 365 95 844 49 151 98 4307 51 40 139 225 40 74 100 86 308 118 281 183 59
internal_value=-4.50516e-06 0.0791857 0.11099 -0.0403146 -0.00341003 -0.0174493 -0.010949 0.0754895 0.0560133 0.0334795 0.164822 -0.00549473 0.167762 0.253227 0.520246 0.178247 0.196953 0.280348 0.734742 0.256628 0.287559 0.318988 0.592847 0.729033 0.0789689 0.269068 0.214449 0.1261 0.220138 -0.120419
internal_weight=77214 26046 18805 51168 7241 26615 25374 11332 9357 5255 7473 546 1975 1044 200 6927 6023 1716 91 1625 1486 1388 214 174 451 1174 949 641 464 177
internal_count=77214 26046 18805 51168 7241 26615 25374 11332 9357 5255 7473 546 1975 1044 200 6927 6023 1716 91 1625 1486 1388 214 174 451 1174 949 641 464 177
cat_boundaries=0 1
cat_threshold=3
is_linear=0
shrinkage=0.03


Tree=75
num_leaves=31
num_cat=0
split_feature=42 31 84 62 189 50 5 56 17 6 26 21 98 113 110 63 66 92 194 32 198 194 129 53 42 184 139 39 43 121
split_gain=257952 65845.9 31502.4 26069.7 25591.3 22566.4 21617.3 19371.7 18173.7 21804.6 17131.3 16239.3 15919.7 27004.7 33699.2 22912.3 29916.6 19524.2 26198.8 15689 16309.3 15487.5 17062.8 22825.9 24098.7 22797.3 16213.3 15244.1 15029.7 15022
threshold=24.762494087219242 6.1483516693115243 0.22222223132848742 0.21966956555843356 0.40064924582839018 8.7982735633850115 1.0000000180025095e-35 0.65333622694015514 1.0000000180025095e-35 0.75500000000000012 3.5000000000000004 0.19500000000000003 0.66874590516090404 32.631066843281964 37.226495726495735 0.38301479816436773 0.34958511590957647 0.90013155341148388 10.500000000000002 9.4893956184387225 7.7429073000612663 12.500000000000002 5.4952696945106911 0.76670634746551525 83.00964736938478 0.73595238095238102 6.2497071863128886 40.500000000000007 63.031250000000007 2.2010084552111908
decision_type=10 10 10 10 8 10 2 10 2 8 2 2 10 10 10 10 10 10 10 10 10 8 8 10 10 10 8 10 10 8
left_child=4 2 -2 29 -1 -3 10 27 -6 11 -7 -10 13 -12 15 16 28 19 -19 -16 -21 -14 25 24 -24 -23 -26 -5 -15 -4
right_child=1 5 3 7 8 6 -8 -9 9 -11 12 -13 21 14 17 -17 -18 18 -20 20 -22 22 23 -25 26 -27 -28 -29 -30 -31
leaf_value=-0.064080732699861642 0.0019114077493350835 0.10213331502944782 -0.024512222792110305 0.45677104732104101 -0.090964348183813118 -0.34566576458513731 -0.070028617754578582 0.6348727122515686 -0.03166173899489852 0.065483727477845449 0.052742647196809551 0.05430536830703224 -0.088383120238385363 0.19796666941275962 0.17453443307364702 0.26725396067738239 1.3514787385338232 1.0141669943973199 0.26544278290683188 0.13598992681503297 0.94871905059814443 -0.1118773180651076 0.36347603886555702 0.73104493751094257 0.35885516220969815 0.64505650639533996 -0.25244431445764937 0.012210723792513211 0.76355900886137618 0.090836236561597838
leaf_weight=22736 9598 6829 1233 113 2970 48 255 121 19103 2858 401 2206 226 65 1034 139 57 67 113 40 50 243 317 87 56 42 129 180 121 5777
leaf_count=22736 9598 6829 1233 113 2970 48 255 121 19103 2858 401 2206 226 65 1034 139 57 67 113 40 50 243 317 87 56 42 129 180 121 5777
internal_value=-3.73793e-06 0.0740536 0.0378049 0.0842093 -0.0406029 0.133849 0.195907 0.315538 -0.0209326 -0.0123261 0.216869 -0.0227621 0.225342 0.27402 0.326649 0.574453 0.750176 0.254056 0.544135 0.207602 0.587506 0.132986 0.190228 0.282434 0.204686 -0.000329176 -0.0674023 0.183662 0.565906 0.0705474
internal_weight=77214 27341 17022 7424 49873 10319 3490 414 27137 24167 3235 21309 3187 2087 1686 382 243 1304 180 1124 90 1100 874 589 502 285 185 293 186 7010
internal_count=77214 27341 17022 7424 49873 10319 3490 414 27137 24167 3235 21309 3187 2087 1686 382 243 1304 180 1124 90 1100 874 589 502 285 185 293 186 7010
is_linear=0
shrinkage=0.03


Tree=76
num_leaves=31
num_cat=1
split_feature=44 189 43 87 137 21 66 118 41 216 125 56 17 74 140 203 158 86 65 65 194 162 47 67 207 148 54 15 52 54
split_gain=244299 70048.7 28303.9 28126.3 28093.2 23952 23147.7 18987.3 20881.2 18477.9 18821.2 18682.9 17991.7 17858 17589.1 17090.3 18385.9 17735.7 17007.9 15870.8 16450.4 15665.5 21374.1 15634.5 22295 29842.4 24320.2 36378 17358.9 16013.6
threshold=26.482120513916019 3.5558097958564763 6.0357143878936776 0.95499998331069957 0.47295246784568762 0.23500000000000001 0.44090959429740911 0.51356035732746486 58.300001144409187 0 3.2902871457196148 0.52019360661506664 1.0000000180025095e-35 0.99122807383537304 6.0350016199696794 7.5000000000000009 39.236111111111121 0.78237086534500133 0.37289889156818395 0.055708128958940513 9.5000000000000018 228.5277777777778 11.800595283508303 0.32755418121814733 7.5000000000000009 68.77500000000002 0.61700522899627697 0.038207074354698181 0.4667735099792481 0.64709460735321056
decision_type=10 8 10 10 8 2 10 8 10 1 8 10 2 8 10 10 8 10 10 8 10 10 10 8 2 10 10 10 10 10
left_child=2 4 -1 9 -2 12 15 8 -5 13 -11 -12 -4 -3 -9 16 18 -17 -6 -13 21 22 -21 -15 25 26 27 28 -25 -28
right_child=1 3 5 7 6 -7 -8 14 -10 10 11 19 -14 23 -16 17 -18 -19 -20 20 -22 -23 -24 24 -26 -27 29 -29 -30 -31
leaf_value=-0.062023530953717897 -0.080020721120548033 0.063273226932281323 -0.14068555621742845 0.89325392736308273 0.039062725918874497 0.076571856717083955 0.64254136170035803 0.23477834840599127 0.27989028680369366 -0.053283237327101093 -0.064358252926092402 -0.13083662048828132 -0.020043414052139399 0.16082467788093013 -0.20247718364397962 -0.013735861119942442 0.16431186695627328 0.56038422703742974 0.40267516909009321 0.12776009324225474 0.069351188524566204 0.21553259271609582 -0.25254413381018898 0.41288585956280049 -0.058566620833164933 1.050959949472855 0.93478510603308673 0.85849855177104462 -0.22265060339937146 0.40402118011081917
leaf_weight=24044 1882 909 1168 80 6140 2246 58 1188 133 795 570 229 23432 1311 89 4140 1455 49 118 1239 2841 2210 149 52 111 58 64 48 151 255
leaf_count=24044 1882 909 1168 80 6140 2246 58 1188 133 795 570 229 23432 1311 89 4140 1455 49 118 1239 2841 2210 149 52 111 58 64 48 151 255
internal_value=-3.62571e-06 0.0741913 -0.0383826 0.125726 0.0277196 -0.0172092 0.0446734 0.248042 0.510262 0.109146 0.0851689 0.100494 -0.0257715 0.173365 0.204304 0.04176 0.0682529 -0.0070202 0.045919 0.114586 0.123314 0.165923 0.0869349 0.223027 0.333375 0.402651 0.336683 0.115768 -0.0598531 0.510507
internal_weight=77214 26324 50890 12482 13842 26846 11960 1490 213 10992 8033 7238 24600 2959 1277 11902 7713 4189 6258 6668 6439 3598 1388 2050 739 628 570 251 203 319
internal_count=77214 26324 50890 12482 13842 26846 11960 1490 213 10992 8033 7238 24600 2959 1277 11902 7713 4189 6258 6668 6439 3598 1388 2050 739 628 570 251 203 319
cat_boundaries=0 1
cat_threshold=3
is_linear=0
shrinkage=0.03


Tree=77
num_leaves=31
num_cat=1
split_feature=43 6 214 87 84 180 37 50 76 22 203 195 154 99 26 106 54 148 21 198 106 108 154 193 113 160 135 150 68 157
split_gain=230862 57414.9 34295.4 25380.5 23951 25889.3 20257.2 20377.8 18018 17252.4 16062.7 15988.1 19756.7 20466.2 17823 15972.3 15922.8 15907.3 15902.2 15702.5 20669.5 20285.4 15104.5 14701.4 14601.5 17019 22229.9 15465.3 18364.2 19613.8
threshold=36.598615646362312 0.49500000000000005 0 0.9462856948375703 0.26618675887584692 5.720080719069407 3.8944444656372075 7.750035524368287 0.34466089308261877 87.500000000000014 12.500000000000002 157.50000000000003 35.720779220779228 66.583333333333357 61.500000000000007 11.607692307692309 0.71326649188995372 70.700000000000003 0.43500000000000011 8.4772520284815389 9.4722222222222232 35.550000000000004 39.148351648351657 21.500000000000004 29.775905366855707 215.10000000000002 0.49195201219799073 64.449494949494962 0.26501758396625524 36.766549529008401
decision_type=10 8 9 10 10 8 10 10 10 2 10 8 10 10 2 10 10 8 2 10 8 10 10 10 10 10 10 10 10 10
left_child=1 18 4 6 -3 -6 10 -8 11 17 -2 12 13 -5 -15 -13 23 -7 -1 20 -9 24 -10 -14 27 -26 -27 -22 -29 -30
right_child=3 2 -4 8 5 9 7 19 22 -11 -12 15 16 14 -16 -17 -18 -19 -20 -21 21 -23 -24 -25 25 26 -28 28 29 -31
leaf_value=-0.052550552136810487 0.057962965100786738 0.025167461779016714 -0.027872116605394851 0.15125029589049518 -0.013804020999170099 0.15020586958920426 0.052272209954436655 0.79823775756359094 -0.39732677618782203 0.63227707910847353 -0.10067597998915748 0.30711390021532109 0.1942742510704161 1.1046092764181183 0.27842408218282333 -0.1358148295088456 -0.18265470541178064 0.54211558643615598 0.031245011210307618 -0.094130626181782834 0.054959737967042364 0.18779232999317377 0.25095882289814497 -0.29779823189689997 -0.25569904204179994 0.014100424032503547 0.70134754403432209 0.091866788090421606 1.1619065776666004 0.26591621100209478
leaf_weight=37623 4431 8812 9848 192 786 1594 3189 45 83 77 660 1209 412 47 47 78 214 99 2155 232 255 3876 53 63 201 722 45 78 45 43
leaf_count=37623 4431 8812 9848 192 786 1594 3189 45 83 77 660 1209 412 47 47 78 214 99 2155 232 255 3876 53 63 201 722 45 78 45 43
internal_value=-3.51711e-06 -0.026754 0.0131007 0.100589 0.048577 0.129473 0.0849584 0.112691 0.190686 0.193098 0.0373969 0.210849 0.119215 0.32882 0.691517 0.28027 0.0322084 0.173123 -0.0480109 0.147458 0.158013 0.152541 -0.144686 0.12901 0.0541729 -0.00997351 0.0544213 0.201664 0.427023 0.724093
internal_weight=77214 60994 21216 16220 11368 2556 13822 8731 2398 1770 5091 2262 975 286 94 1287 689 1693 39778 5542 5310 5265 136 475 1389 968 767 421 166 88
internal_count=77214 60994 21216 16220 11368 2556 13822 8731 2398 1770 5091 2262 975 286 94 1287 689 1693 39778 5542 5310 5265 136 475 1389 968 767 421 166 88
cat_boundaries=0 1
cat_threshold=264
is_linear=0
shrinkage=0.03


Tree=78
num_leaves=31
num_cat=0
split_feature=44 1 189 121 21 193 65 6 87 154 66 192 195 150 17 194 165 10 92 194 5 141 6 159 157 30 68 41 30 188
split_gain=218182 65373.1 32647.1 29545.1 26317 26120.2 22936.9 21386.7 18814.7 19697.9 19258.8 21011.7 20602.2 18366.2 18036.7 16994.9 16719.3 16623.2 16366.2 16254.1 22333.2 17508.7 16046.4 15990.8 17958.8 15322 15017.6 14940.8 14624.2 17230.8
threshold=26.482120513916019 1.5000000000000002 3.5558097958564763 2.2071548977413098 0.23500000000000001 4.5000000000000009 0.37289889156818395 0.10500000000000002 0.9650000035762788 37.292857142857152 0.42385533452034002 3.5000000000000004 146.50000000000003 70.348484848484858 2.5000000000000004 10.500000000000002 2.837238939141387 0.65069803021610262 0.82092130184173595 9.5000000000000018 1.0000000180025095e-35 6.209412443089227 0.52500000000000013 256.50000000000006 32.159525007449915 6.4061419963836679 0.097964297980070128 52.225000381469734 9.7942552566528338 35.916666666666679
decision_type=10 8 8 8 2 10 10 8 10 8 10 8 8 8 2 10 10 10 10 10 2 8 10 10 10 10 8 10 10 10
left_child=4 2 6 15 7 17 13 -1 16 10 11 -10 -13 18 25 26 19 -3 23 20 -5 -22 -6 -2 27 -7 -4 -25 29 -8
right_child=1 5 3 8 22 14 28 -9 9 -11 -12 12 -14 -15 -16 -17 -18 -19 -20 -21 21 -23 -24 24 -26 -27 -28 -29 -30 -31
leaf_value=-0.077155422322960451 0.014574794325057058 0.055237871316776023 -0.1440719019383693 0.21720390519797261 0.0026382457493105975 -0.093169415873330566 0.46323061030530011 -0.030800144095617297 1.0668164215401066 0.16858660729700012 -0.014526248490437864 -0.1008837970565347 0.57163748000940062 0.16819852449802425 -0.00055963016034083672 -0.13320203626783744 0.54172156721046294 0.30386982396836515 -0.058102768845327599 0.10000458007904846 0.40978668465863827 -0.28006076387440165 0.13925514176044873 0.20467173371802674 0.084729863020689841 -0.46048425959337735 0.10568565782388353 0.69488266816506017 0.83250982279001284 -0.050795034357111586
leaf_weight=12104 3616 1327 238 2796 3319 1640 130 34458 59 456 64 51 209 998 3999 372 97 296 1480 3397 43 144 1009 198 1959 109 2418 78 43 107
leaf_count=12104 3616 1327 238 2796 3319 1640 130 34458 59 456 64 51 209 998 3999 372 97 296 1480 3397 43 144 1009 198 1959 109 2418 78 43 107
internal_value=-3.51976e-06 0.0701134 0.0995962 0.135516 -0.0362731 -0.00569563 0.0564371 -0.0428504 0.168134 0.301806 0.460417 0.555703 0.43972 0.0474588 -0.0357043 0.0567066 0.150819 0.100583 0.031022 0.144876 0.195975 -0.121433 0.0344882 0.0535659 0.11665 -0.116061 0.0833053 0.34321 0.32351 0.23116
internal_weight=77214 26324 18953 10344 50890 7371 8609 46562 7316 839 383 319 260 8329 5748 3028 6477 1623 7331 6380 2983 187 4328 5851 2235 1749 2656 276 280 237
internal_count=77214 26324 18953 10344 50890 7371 8609 46562 7316 839 383 319 260 8329 5748 3028 6477 1623 7331 6380 2983 187 4328 5851 2235 1749 2656 276 280 237
is_linear=0
shrinkage=0.03


Tree=79
num_leaves=31
num_cat=0
split_feature=66 44 1 1 6 164 162 5 43 101 76 37 118 110 56 153 57 111 193 64 114 39 118 85 26 153 28 198 154 194
split_gain=206130 53146.7 37287.9 31384 24730.9 22476 21668.1 19441 20330.7 18307.6 19907.1 17630.3 17282.1 18559.4 26733.2 18389.3 18096 17531.8 21733.4 26384 17363.7 19451.7 21321.5 16613.2 16362.9 18854.5 18107.4 16170.1 15822.2 39568.6
threshold=0.18409272283315661 15.282816410064699 1.5000000000000002 2.5000000000000004 0.94500000000000006 2.9000000000000004 237.03333333333336 1.0000000180025095e-35 63.031250000000007 54.96910269368238 0.34466089308261877 2.9258241653442387 0.5129117262236752 37.759615384615394 0.60685160756111156 42.801067190477546 0.10582306981086732 44.166666666666679 17.500000000000004 0.30097430944442755 34.160256410256416 77.500000000000014 0.55076826286344593 0.069047622382640853 101.50000000000001 41.816364075327037 12.833333492279055 8.3806697108066981 39.433035714285722 11.500000000000002
decision_type=10 10 10 8 8 10 8 2 10 8 10 8 10 10 10 10 10 10 10 10 10 10 10 10 2 10 10 8 10 10
left_child=1 -1 4 6 7 9 -3 8 -2 -6 24 -8 15 14 -14 28 -15 -18 -19 -20 21 22 -16 -4 25 26 -11 -26 -10 -30
right_child=2 3 23 -5 5 -7 11 -9 12 10 -12 -13 13 16 20 -17 17 18 19 -21 -22 -23 -24 -25 27 -27 -28 -29 29 -31
leaf_value=-0.048931516681996669 0.074137593446577235 -0.020742867962018081 -0.12539620304224908 -0.064252969023003731 0.71391396523306239 0.8795289773600441 0.015124628913744415 -0.047858977108968026 -0.04689721048337548 0.22190556938719974 -0.18779498908381656 0.080426453546433782 0.055992579105787157 0.65334176847192105 0.79716884530823806 -0.58143316551049551 0.089965969627192471 0.16496164080168227 0.23617966822215486 1.3127527567148207 0.59163810864907418 0.01511094060923222 0.0041682425204743736 0.046763886142244429 -0.26648433486169038 0.017863479464632834 0.67811266382535296 0.32748644295893609 0.98153557021550997 -0.29010231676697729
leaf_weight=34608 5793 7419 788 4632 57 42 9161 792 292 2351 133 6266 246 61 87 45 1534 167 42 40 292 142 47 1402 132 413 81 60 49 40
leaf_count=34608 5793 7419 788 4632 57 42 9161 792 292 2351 133 6266 246 61 87 45 1534 167 42 40 292 142 47 1402 132 413 81 60 49 40
internal_value=-3.41409e-06 -0.0241991 0.0992967 0.00695094 0.118674 0.190008 0.0213874 0.0945574 0.107264 0.181033 0.171452 0.0416483 0.169488 0.197919 0.317233 -0.00790452 0.145249 0.127867 0.361358 0.761337 0.430376 0.259766 0.519027 -0.0151823 0.187184 0.205274 0.2371 -0.0808685 0.0598351 0.410013
internal_weight=77214 62086 15128 27478 12938 3269 22846 9669 8877 3227 3170 15427 3084 2658 814 426 1844 1783 249 82 568 276 134 2190 3037 2845 2432 192 381 89
internal_count=77214 62086 15128 27478 12938 3269 22846 9669 8877 3227 3170 15427 3084 2658 814 426 1844 1783 249 82 568 276 134 2190 3037 2845 2432 192 381 89
is_linear=0
shrinkage=0.03


Tree=80
num_leaves=31
num_cat=3
split_feature=31 87 213 6 84 195 167 17 216 133 8 189 1 32 57 217 168 129 31 39 35 154 189 54 125 78 177 86 160 47
split_gain=194652 44334.6 31984 28883.9 25280.5 19964.5 20880 18383.5 16233.6 16195.4 16020 15980.9 15333.9 16658 14553.7 14916.5 19767.4 14445.7 14404.2 18686.1 22329.2 16920.7 16485.3 15514.1 14918.9 15807.8 14441 14316.7 19666.5 17241.6
threshold=3.6770833730697636 0.78499999642372142 0 0.82500000000000007 0.27018862962722784 195.50000000000003 6.8333333333333348 59.500000000000007 1 -0.031459251759130107 0.41900000000000009 2.1520301103591923 2.5000000000000004 1.9993203878402712 0.25198413431644445 2 2.9000000000000004 5.6902210106974769 5.8819444179534921 44.500000000000007 5.6333332061767587 45.775000000000006 4.5216274857521066 0.71618643403053295 3.5782683140906197 0.14942415803670886 0.41195074573336016 0.44487847387790685 281.50000000000006 9.0534524917602557
decision_type=10 8 1 8 10 8 8 2 1 10 8 8 8 8 10 9 10 8 10 10 10 8 10 10 8 8 8 10 10 10
left_child=2 4 3 17 8 18 14 -8 -2 10 -5 -12 13 -4 15 16 -7 -1 21 20 -20 26 23 -22 -21 -26 -3 -9 29 -29
right_child=1 5 12 9 -6 6 7 27 -10 -11 11 -13 -14 -15 -16 -17 -18 -19 19 24 22 -23 -24 -25 25 -27 -28 28 -30 -31
leaf_value=-0.06065296574284839 -0.027697981802673355 -0.40703700439723789 -0.057259699962978805 0.68249671271506773 0.091614157970220378 0.45631405840317407 0.17529442292439271 0.23933367737289518 0.064326849807076619 -0.13660852168856019 0.018689660884497701 0.1995896149270654 -0.077710344040411578 -0.0072670496700437898 0.18545724000044572 0.13676942486014149 -0.096108636762016711 0.0050077234947878873 0.15312743482049906 -0.34524380454650294 -0.033761853780902802 0.54066482539610428 0.8702986745046718 0.70531162965026772 0.66018407402968993 0.066590023574841881 0.021148367985544984 1.1552426300894829 0.10702652448645004 0.44484484434127808
leaf_weight=4171 5822 73 13677 47 3973 63 2693 240 2440 220 774 1017 11226 10685 830 638 781 10886 1325 78 61 55 70 44 41 2658 2451 62 52 61
leaf_count=4171 5822 73 13677 47 3973 63 2693 240 2440 220 774 1017 11226 10685 830 638 781 10886 1325 78 61 55 70 44 41 2658 2451 62 52 61
internal_value=-3.31178e-06 0.0698424 -0.032487 0.00122642 0.0294278 0.110122 0.153151 0.203936 -0.000476137 0.106643 0.135759 0.121412 -0.0486872 -0.0353333 0.0848802 0.0285516 -0.0542307 -0.0131812 0.0761058 0.109872 0.195193 0.0201076 0.513687 0.275945 0.0637864 0.0756072 0.00876424 0.389798 0.596148 0.802932
internal_weight=77214 24511 52703 17115 12235 12276 5420 3108 8262 2058 1838 1791 35588 24362 2312 1482 844 15057 6856 4277 1500 2579 175 105 2777 2699 2524 415 175 123
internal_count=77214 24511 52703 17115 12235 12276 5420 3108 8262 2058 1838 1791 35588 24362 2312 1482 844 15057 6856 4277 1500 2579 175 105 2777 2699 2524 415 175 123
cat_boundaries=0 1 2 3
cat_threshold=8 8 21
is_linear=0
shrinkage=0.03


Tree=81
num_leaves=31
num_cat=1
split_feature=44 1 6 21 17 203 189 129 101 86 101 166 31 214 76 164 40 182 21 85 187 146 39 159 144 57 17 6 150 86
split_gain=183756 56181.1 28358.8 24955.4 24632.6 23223.1 21738.6 25205.9 24978.6 20949.7 22728.2 22601.3 19850.7 18930.6 19807.1 17376 17252 19621.2 16850.3 16354.6 16034.9 18051.9 19462.6 15559 15524.2 15459.3 15263.6 14222.6 14118.6 18572.7
threshold=26.720485687255863 1.5000000000000002 0.93500000000000016 0.17500000000000002 2.5000000000000004 6.5000000000000009 7.9015371799469003 5.0933385799936337 58.649779970817953 0.44487847387790685 69.675546523842897 1.8062500000000001 0.83974358439445507 0 0.34466089308261877 2.9000000000000004 63.166666030883796 5.1829940144474422 0.75500000000000012 0.10555555671453477 68.916666666666686 0.76838624338624351 156.50000000000003 257.50000000000006 0.54261904761904778 0.38529014587402349 1.0000000180025095e-35 0.75500000000000012 63.577380952380956 0.58851018548011791
decision_type=10 8 8 2 2 10 8 8 10 10 10 8 10 9 10 10 10 8 2 10 10 10 10 10 10 10 2 8 8 10
left_child=3 2 5 12 -3 6 23 -8 -9 -10 11 -11 -1 14 15 -4 17 -7 19 -6 21 22 25 -2 -16 28 -14 -28 -18 -30
right_child=1 4 13 -5 18 16 7 8 9 10 -12 -13 26 -15 24 -17 20 -19 -20 -21 -22 -23 -24 -25 -26 -27 27 -29 29 -31
leaf_value=-0.065449171465635295 0.02828583373190971 -0.096146316016233579 0.19680441286261016 0.03091846371301395 -0.038036412221206503 -0.22735272537650805 0.068672292763336959 -0.14513125398619606 0.21524278473266514 0.23641961524609476 1.1395694795468958 0.75244702156565402 -0.13062979941674488 0.038001345023248097 0.2469343281645717 0.75470382522134216 0.073225129826065272 0.011828215452328556 0.38232370642440044 0.069332487956552016 -0.21939786828866523 0.74174127061258655 -0.37789587911514733 0.12767993770856015 -0.32754621368128317 -0.3177293694615364 -0.029348665478464989 0.030447406770511012 0.2285807861786949 0.81964689326736162
leaf_weight=17177 3456 1986 3387 4961 2373 336 1228 132 1045 250 41 110 1176 975 67 51 578 3797 118 2764 119 44 66 2403 115 60 23635 4219 492 53
leaf_count=17177 3456 1986 3387 4961 2373 336 1228 132 1045 250 41 110 1176 975 67 51 578 3797 118 2764 119 44 66 2403 115 60 23635 4219 492 53
internal_value=-2.53886e-06 0.0648643 0.092205 -0.0330217 -0.00613973 0.0712554 0.101935 0.170598 0.249916 0.285979 0.470315 0.394095 -0.0398866 0.156991 0.188414 0.20508 0.0233132 -0.00761645 0.0278761 0.0197342 0.113846 0.144516 0.123477 0.0690512 -0.116062 0.151448 -0.0247612 -0.0202915 0.176516 0.286061
internal_weight=77214 26046 18805 51168 7241 14210 8665 2806 1578 1446 401 360 46207 4595 3620 3438 5545 4133 5255 5137 1412 1293 1249 5859 182 1183 29030 27854 1123 545
internal_count=77214 26046 18805 51168 7241 14210 8665 2806 1578 1446 401 360 46207 4595 3620 3438 5545 4133 5255 5137 1412 1293 1249 5859 182 1183 29030 27854 1123 545
cat_boundaries=0 1
cat_threshold=264
is_linear=0
shrinkage=0.03


Tree=82
num_leaves=31
num_cat=0
split_feature=42 189 87 160 187 189 14 5 21 86 159 199 202 97 194 31 67 182 62 35 191 145 170 7 191 166 76 153 40 41
split_gain=173834 47439 26693.8 21530 39721.6 20746.3 18646.9 22850.7 22572.6 21909.1 19541 20419.3 23071.1 19929.4 19753.6 28086.8 18823.1 18644.1 19527.6 20066 18012.1 18462.9 17182.6 16209.4 15951.1 23608.5 15164.1 16896.6 18560.1 16423.7
threshold=24.762494087219242 2.9814289212226872 0.94051471352577221 286.7000000000001 61.583333333333343 0.60512258112430584 -0.75499999999999989 1.0000000180025095e-35 0.75500000000000012 0.35841193795204168 353.50000000000006 7.5781515988037738 53.500000000000007 0.64540305733680736 10.500000000000002 4.5832631587982187 0.033205656334757812 5.2374240440917559 0.256240263581276 5.3666667938232431 -0.030917560462925316 0.67259212364399945 6.9583333333333348 0.92833333333333357 -0.048607098951550125 1.3923076923076925 0.34466089308261877 41.816364075327037 81.833332061767592 67.700000762939467
decision_type=10 8 8 10 10 8 8 2 2 10 10 8 8 10 10 8 10 8 10 10 10 8 8 10 10 10 10 10 10 10
left_child=5 17 6 26 -5 -1 -3 8 9 16 11 -11 13 14 15 -13 -8 -2 -19 -20 -17 -22 -7 -15 -10 -26 27 -4 29 -29
right_child=1 2 3 4 -6 22 7 -9 24 10 -12 12 -14 23 -16 20 -18 18 19 -21 21 -23 -24 -25 25 -27 -28 28 -30 -31
leaf_value=-0.050577511764913367 -0.17051856497086806 0.69934666971827664 0.18503928437985262 0.94706022253526112 0.23552156392644677 -0.042360778426633591 -0.069567916534762186 -0.074817225093191317 -0.0028663775774960712 0.027055817303438961 -0.50597282886505124 -0.25758667658618156 0.23615440902877213 -0.20000439817299606 -0.088334068729327281 0.13595480932129753 0.067964738498987889 0.019202335247356712 0.11457672894001007 0.95688158257305611 0.40193566385507584 1.2093272875657735 0.011161464740692848 0.43532738275644256 0.15491669777221978 0.86321117090682187 -0.17112508551610839 -0.04770870649526196 -0.50095390701835807 0.62236883653700348
leaf_weight=27792 466 43 2122 84 443 9400 1039 869 72 979 42 47 2078 305 130 54 6490 11228 70 40 50 52 12681 41 80 90 135 186 66 40
leaf_count=27792 466 43 2122 84 443 9400 1039 869 72 979 42 47 2078 305 130 54 6490 11228 70 40 50 52 12681 41 80 90 135 186 66 40
internal_value=-2.31496e-06 0.0607924 0.0952363 0.174382 0.348936 -0.0333307 0.0756992 0.0735397 0.0847028 0.0785669 0.137519 0.144753 0.186547 0.0347282 0.2004 0.385304 0.0489853 0.0154556 0.0230993 0.420869 0.578996 0.813547 -0.0116232 -0.124719 0.371388 0.529896 0.138293 0.155597 -0.0583631 0.0708891
internal_weight=77214 27341 15537 3076 527 49873 12461 12418 11549 11307 3778 3736 2757 679 333 203 7529 11804 11338 110 156 102 22081 346 242 170 2549 2414 292 226
internal_count=77214 27341 15537 3076 527 49873 12461 12418 11549 11307 3778 3736 2757 679 333 203 7529 11804 11338 110 156 102 22081 346 242 170 2549 2414 292 226
is_linear=0
shrinkage=0.03


Tree=83
num_leaves=31
num_cat=1
split_feature=31 84 213 87 6 60 57 144 130 92 68 162 133 8 28 156 150 189 64 203 199 203 81 157 199 32 191 43 110 107
split_gain=164373 38529.8 28454.5 25897.7 25759.2 19019.6 16728.8 19341.3 16314.9 15947.2 16730.6 15635.2 15232.7 15128 15095.4 14959.5 16419 14503.2 14418.6 14310.5 14164.3 16257.1 17144.6 19214.6 17398.9 16523.5 17655.8 23882.9 26025.8 21606.4
threshold=3.6770833730697636 0.25200593471527105 0 0.92907834053039562 0.82500000000000007 0.20943347364664081 0.2061157822608948 0.51690476190476209 6.8619047619047624 0.84204745292663585 0.40520420670509344 242.05555555555557 -0.031459251759130107 0.41900000000000009 8.416666507720949 38.100000000000009 70.035714285714292 2.1520301103591923 0.52435916662216198 11.500000000000002 7.9363011376877619 8.5000000000000018 0.61160138249397289 33.66787920032079 7.980359428622255 7.0844290256500253 0.10214756497609843 65.422618865966811 42.348484848484858 39.583333333333336
decision_type=10 10 1 10 8 10 10 8 10 10 10 8 10 8 10 10 10 8 10 10 8 10 10 10 10 10 10 10 10 10
left_child=2 3 4 5 -1 19 7 -7 15 10 -8 18 13 -6 -9 16 -5 -15 -3 -2 -13 25 23 -23 -25 -22 29 -28 -29 -27
right_child=1 11 -4 8 12 6 9 14 -10 -11 -12 20 -14 17 -16 -17 -18 -19 -20 -21 21 22 -24 24 -26 26 27 28 -30 -31
leaf_value=-0.011660250245666227 0.015299767921313307 0.069441249555879062 -0.045132875503199069 0.16097037291793354 0.66103341237027591 -0.25870692907010806 0.082800852053620838 0.49681172515719357 0.71154789574941002 -0.14606726810708642 0.62404209766123031 0.085607668145124979 -0.13441346644095822 0.017934572600232537 0.039632217188676197 -0.038949991271112643 0.71773561613559722 0.19026837629477622 -0.32513675299812761 -0.082042331799526427 0.15486848645417223 -0.11484977972943608 -0.051055928333953483 0.56182354491353026 0.11853382116205552 0.3732576705947897 0.020206163959069684 1.2792855588321028 0.33491702158004044 0.063569672716804207
leaf_weight=15057 8640 4291 35588 1023 47 51 1068 234 45 275 54 2937 220 774 90 350 50 1017 85 1613 1741 123 512 150 170 531 44 58 48 328
leaf_count=15057 8640 4291 35588 1023 47 51 1068 234 45 275 54 2937 220 774 90 350 50 1017 85 1613 1741 123 512 150 170 531 44 58 48 328
internal_value=-2.24548e-06 0.0641815 -0.0298527 0.0301927 0.00194531 0.015671 0.106427 0.284338 0.149146 0.0586694 0.10885 0.105805 0.101498 0.129735 0.369817 0.131361 0.186915 0.115792 0.0617769 -1.40726e-05 0.134813 0.173818 0.0671802 0.203832 0.326326 0.210851 0.307447 0.607758 0.851647 0.255007
internal_weight=77214 24511 52703 13493 17115 12025 1772 375 1468 1397 1122 11018 2058 1838 324 1423 1073 1791 4376 10253 6642 3705 955 443 320 2750 1009 150 106 859
internal_count=77214 24511 52703 13493 17115 12025 1772 375 1468 1397 1122 11018 2058 1838 324 1423 1073 1791 4376 10253 6642 3705 955 443 320 2750 1009 150 106 859
cat_boundaries=0 1
cat_threshold=8
is_linear=0
shrinkage=0.03


Tree=84
num_leaves=31
num_cat=1
split_feature=38 6 50 213 207 154 52 129 162 84 191 72 199 21 162 77 91 49 32 13 46 129 138 77 26 49 67 98 147 31
split_gain=156000 44073 36627.2 29032.1 20377.6 21217 18967.5 18501.3 17223.1 17533.9 17195.8 18798 20248.4 16552.3 16253.8 16570.4 20237.2 15838 15147.6 15334 15556.6 15127.2 23534.4 17381.4 15087.9 14880.7 14843.2 23664.2 26397.1 24953.2
threshold=3.2228132486343388 0.34500000000000003 8.7982735633850115 0 7.5000000000000009 45.267857142857146 0.61114996671676647 5.1519114698355262 196.57777777777781 0.0077615361660718927 0.15377489748193895 0.77786657214164745 10.075774996177516 0.17500000000000002 303.22500000000008 0.050343982875347144 0.73148351907730114 13.35515880584717 5.2323505878448495 -1.4999999999999998 14.748809337615969 5.0933385799936337 0.49346170525393857 0.31682299077510839 124.50000000000001 12.201666355133058 0.31714209914207464 0.63607436418533336 71.500000000000014 9.0312500000000018
decision_type=10 8 10 1 2 10 10 8 8 10 10 8 8 2 10 8 8 8 10 10 8 8 10 10 2 10 8 8 10 8
left_child=1 -1 10 7 5 8 -7 -3 -4 -10 11 -2 24 -9 15 16 -11 -6 19 -15 -21 22 -17 25 -13 26 -23 29 -29 -28
right_child=2 3 4 -5 17 6 -8 13 9 14 -12 12 -14 18 -16 21 -18 -19 -20 20 -22 23 -24 -25 -26 -27 27 28 -30 -31
leaf_value=-0.046763742229812118 -0.022743860809532866 -0.040868690163703765 -0.056002078919630979 -0.019137874311913199 0.059225473392708901 1.0858892698985776 0.32894032933296413 0.042694408804445139 -0.19639170224614003 0.1685742620229721 -0.10274401451036189 0.068541514538218981 0.16332820372438903 -0.057466056418418877 -0.0753037774094035 -0.020377472779330084 1.1228676881790161 -0.48945110850334161 -0.19816188841274396 0.20233286689152816 0.72492000063260398 0.16353198664355689 0.74214375887811179 0.66133159101009364 -0.10896565948768878 -0.083667359338866334 0.95559628773556682 0.21341836688532656 0.88539101958274835 0.28199282312393187
leaf_weight=31126 1884 2032 276 18584 893 41 109 8207 102 40 593 6228 2085 200 178 408 40 50 101 1013 54 1124 40 84 463 135 98 870 56 100
leaf_count=31126 1884 2032 276 18584 893 41 109 8207 102 40 593 6228 2085 200 178 408 40 50 101 1013 54 1124 40 84 463 135 98 870 56 100
internal_value=-2.35359e-06 -0.0217145 0.0837445 0.00411048 0.154629 0.18635 0.53584 0.0413144 0.171587 0.190768 0.0544911 0.0632378 0.0816961 0.0587984 0.203213 0.219766 0.645721 0.0301334 0.15541 0.183596 0.228781 0.208076 0.0477048 0.237199 0.0562585 0.222249 0.24062 0.317708 0.254056 0.615393
internal_weight=77214 61317 15897 30191 4644 3701 150 11607 3551 3275 11253 10660 8776 9575 3173 2995 80 943 1368 1267 1067 2915 448 2467 6691 2383 2248 1124 926 198
internal_count=77214 61317 15897 30191 4644 3701 150 11607 3551 3275 11253 10660 8776 9575 3173 2995 80 943 1368 1267 1067 2915 448 2467 6691 2383 2248 1124 926 198
cat_boundaries=0 1
cat_threshold=8
is_linear=0
shrinkage=0.03


Tree=85
num_leaves=31
num_cat=0
split_feature=86 6 6 50 165 157 150 26 1 162 21 53 107 145 105 210 21 58 121 148 61 48 104 193 162 98 41 44 118 100
split_gain=147482 38761.3 37501.5 17317.8 17624.8 27117.2 21006.4 20470.3 17042.4 17713.5 17038.3 16837.3 24493.5 16403.4 16046.4 16044.1 15930.9 16060.2 20056.4 18319.2 15782.6 15471.8 22372.2 22359.1 17322.7 19286.6 19482.2 19421 18981.6 16830.7
threshold=0.22222635895013812 0.64500000000000013 0.78500000000000014 8.867472171783449 1.0981600987170812 34.246606978642347 62.207142857142863 4.5000000000000009 2.5000000000000004 312.53571428571433 0.75500000000000012 0.68851009011268627 38.500000000000007 0.67259212364399945 12.293919038109918 316.75000000000006 0.23500000000000001 0.27342967689037329 1.6781074477702518 60.775000000000006 0.17572042346000674 9.0976481437683123 11.775000000000002 30.500000000000004 303.22500000000008 0.57751259207725536 84.500000000000014 61.471216201782234 0.62170306950570098 61.733333333333341
decision_type=10 10 8 10 8 10 8 2 8 8 2 10 10 10 10 2 2 10 8 10 10 10 10 10 10 10 10 10 10 10
left_child=1 8 -2 10 5 6 15 -6 9 -1 -4 12 -8 -7 21 -5 17 -3 -19 -20 -11 22 23 -9 25 28 27 -27 -23 -29
right_child=2 16 3 4 7 13 11 14 -10 20 -12 -13 -14 -15 -16 -17 -18 18 19 -21 -22 24 -24 -25 -26 26 -28 29 -30 -31
leaf_value=-0.030745185504406025 0.029320709809662802 0.012171514916022714 0.078193800004178277 -0.26335781609758419 -0.31463500245050946 -0.20396716052180158 -0.14634388931727005 0.24913980110138656 -0.061169405326536225 0.029579898449891086 0.43755764197465802 0.93173341975492585 0.74222563439382694 0.41782176970049389 -0.36073399092469893 0.28387963763240609 0.14864146607338694 -0.29047270459973296 -0.057045511057916679 0.60695899466829972 0.59452092099189757 0.26662264693634852 0.88423476851192018 0.87509189811017773 -0.2143450068038644 -0.024661781408646131 -0.12221851347345608 0.71893281675875187 0.85666835338419123 0.19502416293363314
leaf_weight=29794 9354 8086 6360 94 66 341 59 1050 14933 4052 121 51 53 43 42 99 953 46 53 127 45 455 58 54 103 178 253 88 55 148
leaf_count=29794 9354 8086 6360 94 66 341 59 1050 14933 4052 121 51 53 43 42 99 953 46 53 127 45 455 58 54 103 178 253 88 55 148
internal_value=-2.35723e-06 -0.0237925 0.0722561 0.113359 0.169415 0.040519 0.229131 0.20682 -0.0344678 -0.0227025 0.0849031 0.47989 0.27414 -0.13434 0.220675 0.0173495 0.0324633 0.0191431 0.268578 0.411447 0.035785 0.230675 0.309929 0.279757 0.158727 0.191375 0.0851853 0.211932 0.330255 0.39038
internal_weight=77214 58089 19125 9771 3290 740 356 2550 48824 33891 6481 163 112 384 2484 193 9265 8312 226 180 4097 2442 1162 1104 1280 1177 667 414 510 236
internal_count=77214 58089 19125 9771 3290 740 356 2550 48824 33891 6481 163 112 384 2484 193 9265 8312 226 180 4097 2442 1162 1104 1280 1177 667 414 510 236
is_linear=0
shrinkage=0.03


Tree=86
num_leaves=31
num_cat=0
split_feature=68 1 202 44 84 97 1 84 26 17 6 208 91 166 84 21 122 139 63 179 171 199 39 8 148 120 194 93 181 195
split_gain=140144 57611.4 25421.7 28096.1 24578.9 24593.2 21290.7 20607.1 20086.7 17529.9 16843.1 16150.2 15997.7 15976 15673.7 15309.8 15065.9 22876.9 15818.4 22255.5 29283.4 15739.8 16406.5 14755.6 13908.7 13293.7 14793.1 14742 13086.2 13476.6
threshold=0.092766139656305327 1.5000000000000002 53.500000000000007 60.298648834228523 0.8888898789882661 0.74036219716072094 2.5000000000000004 0.22222223132848742 35.500000000000007 4.5000000000000009 0.81500000000000006 8.5000000000000018 0.94211110472679149 2.1602564102564106 0.31925152242183691 0.43500000000000011 2.5047477858841494 6.4966812431257006 0.32367809116840368 5.1187947638318647 0.030915001298286619 7.1524382480264839 55.500000000000007 0.90100000000000013 60.100000000000009 1.6436713286713289 13.500000000000002 0.83405795693397533 5.3804482533620597 2.5000000000000004
decision_type=10 8 8 10 10 8 8 8 2 2 8 2 10 8 10 2 10 10 10 10 10 8 10 8 10 8 8 10 10 10
left_child=6 2 4 8 -2 -6 7 15 11 -3 -11 12 28 -12 -14 -1 17 21 19 -18 -21 22 23 -5 -24 -10 -27 -28 29 -4
right_child=1 9 3 16 5 -7 -8 -9 25 10 13 -13 14 -15 -16 -17 18 -19 -20 20 -22 -23 24 -25 -26 26 27 -29 -30 -31
leaf_value=-0.032040331648125329 0.0074470536826737304 -0.063346154612230907 0.28005197695472567 0.062082906550652274 -0.073963988753686469 0.58133975968422258 -0.061936099373755139 0.03848703840299799 -0.087515152388153689 -6.4914161805858583e-05 0.17525767186609137 -0.033277217443844598 0.82388802766799929 -0.15713477566542217 0.093010823778484172 0.078822304748362632 1.1437154461542764 -0.34460789018207127 0.13065974037512204 -0.14323776125907897 0.81511148691177371 0.19709669419407111 0.28866132927628663 0.48444793905663702 -0.15278482097477375 0.020262252923122375 0.10705514970549898 0.5803066222797163 0.006362735695362865 0.12860763281016327
leaf_weight=28499 4456 3265 715 222 83 136 14126 4942 628 5271 942 476 62 151 46 1167 45 81 128 55 60 2909 78 112 364 3511 2053 61 539 2031
leaf_count=28499 4456 3265 715 222 83 136 14126 4942 628 5271 942 476 62 151 46 1167 45 81 128 55 60 2909 78 112 364 3511 2053 61 539 2031
internal_value=-2.28649e-06 0.0528673 0.0833623 0.103369 0.0226967 0.332983 -0.0308991 -0.0182307 0.0766402 -0.00683373 0.0221595 0.130367 0.153324 0.129337 0.512588 -0.0276792 0.170105 0.154111 0.379237 0.578099 0.356771 0.165074 0.045029 0.203714 -0.0748826 0.0433974 0.0580131 0.120711 0.141513 0.168041
internal_weight=77214 28480 18851 14176 4675 219 48734 34608 10122 9629 6364 3869 3393 1093 108 29666 4054 3766 288 160 115 3685 776 334 442 6253 5625 2114 3285 2746
internal_count=77214 28480 18851 14176 4675 219 48734 34608 10122 9629 6364 3869 3393 1093 108 29666 4054 3766 288 160 115 3685 776 334 442 6253 5625 2114 3285 2746
is_linear=0
shrinkage=0.03


Tree=87
num_leaves=31
num_cat=1
split_feature=31 84 213 87 166 1 76 107 31 60 6 130 74 192 193 186 95 45 53 27 26 57 68 92 100 7 156 150 203 38
split_gain=132865 32348 24628.3 22453 21912.4 22539.9 19294.8 18647 17543.6 16973.3 15253.6 15144.2 14956.9 19193.4 16181.3 16283.2 15450.3 18036.1 20349.8 18131.3 14903.1 14278.5 18809.2 15265.9 15050.4 14192.4 14066.7 15265.3 13986.3 13982.7
threshold=3.6770833730697636 0.25200593471527105 0 0.92907834053039562 3.2916666666666674 1.5000000000000002 0.16420940309762957 47.166666666666679 0.20714285969734195 0.20943347364664081 0.39500000000000007 6.8619047619047624 0.91010102629661571 5.5000000000000009 24.500000000000004 0.81805555555555576 0.64287999272346508 6.8062500953674325 0.52679485082626354 14.500000000000002 124.50000000000001 0.2061157822608948 0.40520420670509344 0.84204745292663585 69.500000000000014 0.6641666666666669 38.100000000000009 70.035714285714292 11.500000000000002 5.1967225074768075
decision_type=10 10 1 10 8 8 10 10 10 10 8 10 8 8 10 8 10 10 10 10 2 10 10 10 10 10 10 10 10 8
left_child=2 3 4 7 8 6 29 9 25 28 -10 26 14 16 15 -3 -14 18 -18 -19 21 -11 23 24 -23 -1 27 -5 -2 -6
right_child=1 12 -4 11 5 -7 -8 -9 10 20 -12 -13 13 -15 -16 -17 17 19 -20 -21 -22 22 -24 -25 -26 -27 -28 -29 -30 -31
leaf_value=-0.056699826103512603 0.022173021016056723 0.013215904096837598 -0.041055450261283918 0.14903925042664987 0.17574550627221772 -0.030984908925027262 -0.21478113161897894 -0.14375165420298927 -0.018722216001648865 0.29795365098752397 0.05119657183824651 0.67916894666353855 0.11337456087571125 0.18605792106574345 -0.45265905758967767 0.5803793356076199 -0.17816726360796017 -0.037274416663256003 0.19998020231628039 -0.67201305500098629 -0.29349333134633077 0.074198343161517341 0.57140183657852572 -0.17428162178223908 0.55318781727836241 -0.34477237796341931 -0.044965509245651111 0.68588652620315549 -0.076640916457995478 0.49287757911764341
leaf_weight=3086 8133 1485 35588 1023 913 735 101 646 7475 351 4498 45 5163 2278 65 47 160 1136 642 42 79 939 67 215 63 162 350 50 1532 145
leaf_count=3086 8133 1485 35588 1023 913 735 101 646 7475 351 4498 45 5163 2278 65 47 160 1136 642 42 79 939 67 215 63 162 350 50 1532 145
internal_value=-2.21793e-06 0.0577031 -0.0268397 0.02656 0.00274224 0.0989737 0.181389 0.0130385 -0.00923035 0.0219397 0.00754478 0.13732 0.0958419 0.110233 0.0109459 0.0306158 0.0860514 0.0148042 0.124539 -0.0599052 0.108945 0.12839 0.0820377 0.0550966 0.104314 -0.071068 0.120185 0.174055 0.00651002 0.219209
internal_weight=77214 24511 52703 13493 17115 1894 1159 12025 15221 11379 11973 1468 11018 9421 1597 1532 7143 1980 802 1178 1714 1635 1284 1217 1002 3248 1423 1073 9665 1058
internal_count=77214 24511 52703 13493 17115 1894 1159 12025 15221 11379 11973 1468 11018 9421 1597 1532 7143 1980 802 1178 1714 1635 1284 1217 1002 3248 1423 1073 9665 1058
cat_boundaries=0 1
cat_threshold=8
is_linear=0
shrinkage=0.03


Tree=88
num_leaves=31
num_cat=0
split_feature=38 43 50 207 154 84 210 87 63 183 191 72 199 162 84 104 162 49 26 62 55 177 83 86 156 67 198 102 188 8
split_gain=125582 36953.5 31080.6 18956.6 20042.5 18523.2 18322 17618.2 17831.2 16921.6 16091.6 16596.6 17840.9 16091.5 16047.2 15194.5 14750.8 14600.2 14153.9 13785.8 17232.1 13693.1 15327.7 20231.5 13264.6 14691.9 16702.2 18149.7 15228.9 16621.6
threshold=3.2228132486343388 14.292857170104982 8.7982735633850115 7.5000000000000009 45.267857142857146 0.24640789628028872 742.95000000000016 0.92280036211013805 0.25400026142597204 0.5996031746031748 0.15377489748193895 0.77786657214164745 10.075774996177516 196.57777777777781 0.0038536734646186237 9.7750000000000021 303.22500000000008 13.35515880584717 139.50000000000003 0.1653498858213425 0.72710570693016063 0.40141983964226075 0.55000001192092907 0.41277122497558599 31.550000000000004 0.18056491762399676 7.4119806255835678 65.51666666666668 37.416666666666679 0.49100000000000005
decision_type=10 10 10 2 10 10 2 8 10 8 10 8 8 8 10 8 10 8 2 10 10 8 8 10 10 10 10 8 10 10
left_child=1 -1 10 4 13 7 -6 -3 -9 -7 11 -2 18 -4 -15 -16 21 19 24 -5 -21 22 23 -17 25 -13 27 -27 29 -28
right_child=2 5 3 17 6 9 -8 8 -10 -11 -12 12 -14 14 15 16 -18 -19 -20 20 -22 -23 -24 -25 -26 26 28 -29 -30 -31
leaf_value=-0.037706747343757278 -0.024139283567572094 -0.015884707922373106 -0.06330484791132418 -0.22278351109632305 0.30052220301650395 -0.06951307799022105 1.0337293133763379 0.041448889887583031 0.29835249012830306 0.074715214402958793 -0.10391311614084706 0.037606034428836442 0.15062057028414697 -0.23407661286847931 0.76702163513749833 -0.17911407351493835 -0.088245695306157529 -0.47851020569801328 -0.18378794196049369 0.021221430278310811 0.36320598005598714 0.21015283526181194 -0.42050406924824218 0.6890489429086446 0.040019589830533303 0.29634892882798847 0.63483608078956599 0.99794286112574959 0.54187296587385625 -0.022578137651201813
leaf_weight=38031 1884 15419 276 142 107 849 43 1406 294 5318 593 468 2085 84 40 61 176 50 225 579 172 2807 67 40 5479 95 40 51 76 257
leaf_count=38031 1884 15419 276 142 107 849 43 1406 294 5318 593 468 2085 84 40 61 176 50 225 579 172 2807 67 40 5479 95 40 51 76 257
internal_value=-2.31099e-06 -0.019483 0.0751375 0.140435 0.17103 0.0102802 0.510708 -0.00577917 0.0858781 0.0548596 0.0481899 0.0566512 0.073995 0.156682 0.175221 0.185995 0.178619 0.0203583 0.0501175 0.0482905 0.0995455 0.194407 -0.0686772 0.164713 0.0582568 0.159494 0.269405 0.541426 0.162931 0.0659625
internal_weight=77214 61317 15897 4644 3701 23286 150 17119 1700 6167 11253 10660 8776 3551 3275 3191 3151 943 6691 893 751 2975 168 101 6466 987 519 146 373 297
internal_count=77214 61317 15897 4644 3701 23286 150 17119 1700 6167 11253 10660 8776 3551 3275 3191 3151 943 6691 893 751 2975 168 101 6466 987 519 146 373 297
is_linear=0
shrinkage=0.03


Tree=89
num_leaves=31
num_cat=1
split_feature=6 32 1 85 40 92 66 216 162 159 68 150 44 40 140 152 64 102 202 95 162 112 174 14 8 194 37 40 181 157
split_gain=119519 37038.3 26528.4 27514.2 22550.4 21585.4 19562.9 21696.3 20600.8 28316.6 18957.2 18833.6 17250.7 29901.2 16884.7 17924.6 16717.3 17628.2 19288.5 16319.1 15881.8 15464.9 17066 15409.2 17526.3 15391.5 14804.5 14712.9 14360.4 15387.5
threshold=0.72500000000000009 2.3003066778182988 1.5000000000000002 0.25833334028720861 59.833333969116218 0.50553822517395031 0.49384190142154699 0 291.05000000000007 257.50000000000006 0.39244885742664343 70.035714285714292 76.632282257080092 79.833332061767592 5.7244812458376106 38.100000000000009 0.48835740983486181 68.759615384615401 50.500000000000007 0.62882500886917125 227.74825174825176 40.900000000000006 -0.042805937873606502 0.28500000000000009 0.75450000000000028 10.500000000000002 4.6396102905273446 89.166667938232436 5.6048255010415806 34.693092963878875
decision_type=10 10 8 8 10 10 10 1 8 10 10 10 10 10 10 10 10 10 10 8 8 10 8 8 10 8 10 10 8 10
left_child=1 -1 3 10 11 -4 7 12 9 14 -3 25 -6 -14 15 19 17 -11 -19 26 -5 22 -17 -13 -25 -2 -9 -24 -27 -30
right_child=4 2 5 20 6 -7 -8 8 -10 16 -12 23 13 -15 -16 21 -18 18 -20 -21 -22 -23 27 24 -26 28 -28 -29 29 -31
leaf_value=-0.040380009368735627 -0.0040780074103823304 0.0030644742460354244 0.013800202658697873 -0.015655757802384242 0.21321983399283553 -0.061624028369285995 -0.17373825219335015 0.73166675737925935 -0.038179922030288346 0.27488277794037264 0.5775909575778776 0.13931833542736149 1.2739866758286951 0.31731589717639458 -0.10213502338919789 0.50313010977073147 0.85548108467459683 0.28467783502808641 -0.40339582060645152 0.13627250016498307 0.12720824204004574 -0.31814921984360328 0.089808425065645806 0.24094662545358433 1.0323423428088425 0.00084540998376322017 0.12602041332051159 -0.30251794891479683 0.16981873744975559 0.052699667188984035
leaf_weight=33858 4523 8641 7124 875 621 6559 194 84 735 1057 52 506 40 111 400 66 40 70 77 1226 3508 126 325 68 40 1914 64 117 1694 2499
leaf_count=33858 4523 8641 7124 875 621 6559 194 84 735 1057 52 506 40 111 400 66 40 70 77 1226 3508 126 325 68 40 1914 64 117 1694 2499
internal_value=-2.24171e-06 -0.0195325 0.00684567 0.0374015 0.071328 -0.0223547 0.122009 0.13313 0.106488 0.135896 0.00650119 0.0471999 0.279528 0.570739 0.0758531 0.111309 0.252119 0.232074 -0.0757417 0.172195 0.0986876 -0.0206421 0.0531491 0.208751 0.534056 0.0378686 0.469766 -0.0140427 0.0689352 0.100017
internal_weight=77214 60617 26759 13076 16597 13683 5353 5159 4387 3652 8693 11244 772 151 2408 2008 1244 1204 147 1374 4383 634 508 614 108 10630 148 442 6107 4193
internal_count=77214 60617 26759 13076 16597 13683 5353 5159 4387 3652 8693 11244 772 151 2408 2008 1244 1204 147 1374 4383 634 508 614 108 10630 148 442 6107 4193
cat_boundaries=0 1
cat_threshold=2
is_linear=0
shrinkage=0.03


Tree=90
num_leaves=31
num_cat=0
split_feature=86 6 6 21 21 50 166 26 114 111 162 122 48 155 89 40 106 21 189 49 150 59 51 150 162 150 165 199 6 58
split_gain=112647 30217.2 29515.1 15168 14858.1 14625.4 16554.5 18557.1 16475.1 21792.8 18191.7 16593.7 18210.1 25541.5 21670.1 21799.3 19281.2 16038.7 15727.2 19244.6 19783.9 21176.2 29002.5 17230.1 15681.7 14711.1 14454.1 14266.6 14246.3 14168.8
threshold=0.22222635895013812 0.64500000000000013 0.78500000000000014 0.45500000000000007 0.23500000000000001 8.867472171783449 1.4083333333333334 4.5000000000000009 29.516666666666669 31.166666666666668 274.04545454545456 1.5361790986790989 8.5522446632385272 42.833333333333336 0.79266667366027843 52.166666030883796 10.550505050505052 0.79500000000000015 6.8529626429080972 7.1502315998077401 58.894444444444453 0.22658731043338778 0.61721614003181469 65.839743589743605 303.22500000000008 63.968750000000007 1.5791917285823061 7.6290227558213175 0.075000000000000025 0.27342967689037329
decision_type=10 10 8 2 2 10 8 2 8 8 10 8 10 10 8 10 8 2 8 8 10 10 10 10 10 10 10 10 8 10
left_child=1 3 -2 28 29 17 18 -8 10 -10 -9 -11 13 14 15 -13 -14 -4 23 -20 -21 22 -22 25 -18 -7 -23 -27 -1 -3
right_child=2 4 5 -5 -6 6 7 8 9 11 -12 12 16 -15 -16 -17 24 -19 19 20 21 26 -24 -25 -26 27 -28 -29 -30 -31
leaf_value=-0.064703358890885077 0.025058340581459237 0.0094643028493788181 0.067465226824044031 0.043258125632350486 0.14107499294682696 -0.038834861162909885 -0.37239645313243475 0.25900664736395296 -0.033440154306106751 -0.360307769626379 1.0292067808690277 0.37044280649015776 -0.46621182212233542 1.0271066641578308 0.22101385634316473 1.2035906855662664 0.24607661511591181 0.4448344800425964 0.77321059803167969 -0.2243620461382364 1.1028456679898864 0.15480138797289977 0.22657210853856963 -0.32173693089688915 -0.18889815232375773 0.059244409574912144 -0.43611849920316176 0.74117912746965886 -0.025021227461944223 0.25029955269422677
leaf_weight=10532 9354 8086 6378 2404 953 399 49 69 308 40 46 76 40 52 392 45 826 103 45 114 49 243 111 147 82 65 44 48 35888 226
leaf_count=10532 9354 8086 6378 2404 953 399 49 69 308 40 46 76 40 52 392 45 826 103 45 114 49 243 111 147 82 65 44 48 35888 226
internal_value=-2.17436e-06 -0.0207937 0.0631486 -0.0302193 0.0288765 0.0996132 0.151128 0.204316 0.218617 0.197083 0.567087 0.242802 0.258746 0.393561 0.329342 0.680291 0.178398 0.0734626 0.0659848 0.176293 0.128412 0.218381 0.494931 -0.0354521 0.206795 0.0467429 0.0642074 0.348916 -0.0340245 0.0160125
internal_weight=77214 58089 19125 48824 9265 9771 3290 2025 1976 1861 115 1553 1513 565 513 121 948 6481 1265 606 561 447 160 659 908 512 287 113 46420 8312
internal_count=77214 58089 19125 48824 9265 9771 3290 2025 1976 1861 115 1553 1513 565 513 121 948 6481 1265 606 561 447 160 659 908 512 287 113 46420 8312
is_linear=0
shrinkage=0.03


Tree=91
num_leaves=31
num_cat=0
split_feature=68 1 202 44 84 97 26 1 21 17 65 21 22 42 60 188 208 32 91 84 122 139 63 179 171 199 39 8 22 57
split_gain=107220 45758.6 23429.3 22709.1 22348.9 22925.7 18808.3 18574.1 18312.5 15744.9 15671.7 15495.9 15682.9 15378.4 15178 16087.7 14989.9 14872 14427.6 14595.3 14193.7 21245.6 14922.9 20860.5 27112 14345.5 15495.1 13633.7 13561.5 17668.7
threshold=0.092766139656305327 1.5000000000000002 53.500000000000007 60.298648834228523 0.8888898789882661 0.74036219716072094 35.500000000000007 2.5000000000000004 0.14500000000000005 5.5000000000000009 0.023070672526955608 0.75500000000000012 8.5000000000000018 56.708908081054695 0.2196014076471329 40.250000000000007 8.5000000000000018 1.4550505280494692 0.94211110472679149 0.31925152242183691 2.5047477858841494 6.4966812431257006 0.32367809116840368 5.1187947638318647 0.030915001298286619 7.1524382480264839 55.500000000000007 0.90100000000000013 24.500000000000004 0.30583900213241583
decision_type=10 8 8 10 10 8 2 8 2 2 8 2 2 10 10 10 2 8 10 10 10 10 10 10 10 8 10 8 2 10
left_child=7 2 4 6 -2 -6 16 8 17 13 -10 12 -11 -3 -14 -16 18 -1 -4 -20 21 25 23 -22 -25 26 27 -5 29 -28
right_child=1 9 3 20 5 -7 -8 -9 10 11 -12 -13 14 -15 15 -17 -18 -19 19 -21 22 -23 -24 24 -26 -27 28 -29 -30 -31
leaf_value=-0.047729190485476414 0.00063832746670686733 -0.042757118525414597 0.13148507373242693 0.051134654311966649 -0.081852929656764106 0.55084439625087023 0.036428582985522318 -0.056016303746747591 -0.0068898471289645562 0.12312716830571714 0.13659560058972139 0.33058174526396517 -0.01790948697534234 -0.34439678327654893 0.10458815408178379 0.75796133974736379 -0.037070914720099012 -0.0055227770881385732 0.78428049626489793 0.078994895478953484 1.0963669390678406 -0.3435086771790628 0.11417347574606537 -0.14662955297665162 0.77550372844934456 0.17823664490809366 -0.093338008485734467 0.45712470448043724 -0.24085611094604745 0.50254116966632689
leaf_weight=12145 4456 3514 3285 222 83 136 6253 14126 1493 1008 1266 144 4612 159 148 44 476 19704 62 46 45 81 128 55 60 2909 144 112 233 65
leaf_count=12145 4456 3514 3285 222 83 136 6253 14126 1493 1008 1266 144 4612 159 148 44 476 19704 62 46 45 81 128 55 60 2909 144 112 233 65
internal_value=-2.1092e-06 0.046242 0.0734196 0.0926261 0.0151798 0.311055 0.0685961 -0.027027 -0.0151944 -0.00696447 0.0589502 0.023161 0.0155442 -0.0558148 -0.00702939 0.25432 0.120585 -0.0216174 0.142702 0.483881 0.152624 0.137101 0.355612 0.548763 0.334483 0.147665 0.0330604 0.187275 -0.0834728 0.0919833
internal_weight=77214 28480 18851 14176 4675 219 10122 48734 34608 9629 2759 5956 5812 3673 4804 192 3869 31849 3393 108 4054 3766 288 160 115 3685 776 334 442 209
internal_count=77214 28480 18851 14176 4675 219 10122 48734 34608 9629 2759 5956 5812 3673 4804 192 3869 31849 3393 108 4054 3766 288 160 115 3685 776 334 442 209
is_linear=0
shrinkage=0.03


Tree=92
num_leaves=31
num_cat=2
split_feature=38 6 50 214 127 21 207 154 52 46 11 189 41 191 191 166 35 15 217 14 188 33 175 157 98 9 15 68 84 197
split_gain=101267 30882.4 26466.4 23289.2 23851.2 20280.2 17743.3 18796.8 17223 17138.5 16382.5 15382.9 15209.5 15528.2 15157.3 14997.1 22098.8 20677.3 18398.4 24214.4 26662.3 18027.7 17774.9 16574 15111.2 31580.8 15032.8 19732.3 19030.2 25500
threshold=3.2228132486343388 0.23500000000000001 8.7982735633850115 0 6.8333333333333348 0.17500000000000002 7.5000000000000009 45.267857142857146 0.61114996671676647 13.530555725097658 0.40944389681746313 1.7819195799529555 51.633333206176765 0.0094438616456731257 0.15377489748193895 1.4083333333333334 7.0999999046325692 -0.017292966647660998 1 0.17500000000000007 38.083333333333343 5.5000000000000009 0.47793831297026751 34.541530726109904 0.59966012835502636 0.7286165953445175 -0.067918318355998805 0.318313479423523 0.44444537162780767 16.500000000000004
decision_type=10 8 10 9 8 2 2 10 10 10 10 10 10 10 10 8 10 10 9 8 10 10 10 10 8 10 8 8 10 10
left_child=1 -1 14 4 11 -6 7 15 -9 12 -11 -3 -7 -14 -2 16 -4 23 19 22 -21 -22 -17 -18 25 -20 -26 -28 -29 -30
right_child=2 3 6 -5 5 9 -8 8 -10 10 -12 -13 13 -15 -16 18 17 -19 24 20 21 -23 -24 -25 26 -27 27 28 29 -31
leaf_value=-0.04400727855750565 0.050817525715051708 -0.0052549191467444909 0.022362409493981852 -0.02477112682634806 0.033766438569798225 0.15863374573532621 0.011557931997502184 1.0104255818157661 0.28912564874105495 0.11852512393891811 0.94866607064786157 -0.14682657324586265 -0.48647732504776547 0.14770703250947204 -0.1050157152272409 0.098512043730304255 1.1658226660341025 0.012368932623129625 0.2317942760819974 0.11939566941261291 1.1391214217922905 0.30802023860012612 -0.35504117581461153 0.31255054039614544 -0.02430164768227509 1.2676110011616419 0.1781653176615326 0.83374547157968792 0.66364762095244301 -0.15988362298637138
leaf_weight=24040 10660 6423 1204 18121 10445 1289 943 41 109 40 46 774 70 69 593 1048 40 65 69 125 55 41 84 42 140 43 353 105 76 61
leaf_count=24040 10660 6423 1204 18121 10445 1289 943 41 109 40 46 774 70 69 593 1048 40 65 69 125 55 41 84 42 140 43 353 105 76 61
internal_value=-2.04584e-06 -0.0174955 0.0674725 -0.000397941 0.0226595 0.0486401 0.127728 0.157328 0.486281 0.151253 0.562554 -0.0204802 0.126483 -0.171666 0.0426056 0.143433 0.0647582 0.412 0.191746 0.120046 0.408167 0.784172 0.0648562 0.728781 0.301305 0.629474 0.255398 0.32121 0.529866 0.296966
internal_weight=77214 61317 15897 37277 19156 11959 4644 3701 150 1514 86 7197 1428 139 11253 3551 1351 147 2200 1353 221 96 1132 82 847 112 735 595 242 137
internal_count=77214 61317 15897 37277 19156 11959 4644 3701 150 1514 86 7197 1428 139 11253 3551 1351 147 2200 1353 221 96 1132 82 847 112 735 595 242 137
cat_boundaries=0 1 2
cat_threshold=264 48
is_linear=0
shrinkage=0.03


Tree=93
num_leaves=31
num_cat=0
split_feature=6 85 5 50 32 66 162 32 49 31 98 202 91 39 101 160 155 65 108 152 39 28 187 142 122 46 92 21 162 50
split_gain=96734.6 31451.5 19419.9 23344.6 20553.7 20197.1 17524.6 22360.7 17166.4 17060.1 16333 25482.7 23572.2 34985.2 28108.4 19922.1 19819.6 29796.3 18663 18150.3 19875.7 18473.8 20142.4 17255.5 17116.6 16847.5 15958.7 15476.6 15083.5 14523.1
threshold=0.72500000000000009 0.22085206955671313 1.0000000180025095e-35 8.7982735633850115 4.0045454502105722 0.49384190142154699 296.03333333333336 5.601886749267579 11.334090709686281 0.25833334028720861 0.66874590516090404 55.500000000000007 0.93033334612846386 48.500000000000007 65.883397474889946 216.30000000000004 30.833333333333339 0.33884796500205999 41.100000000000009 38.550000000000004 88.500000000000014 9.416666507720949 65.791666666666686 5.8415401280791572 2.4908746808746809 9.5678210258483904 0.68594688177108776 0.45500000000000007 213.52272727272728 9.4167804718017596
decision_type=10 10 2 10 10 10 8 10 10 10 10 8 10 10 10 10 10 10 10 10 10 10 10 8 10 10 8 2 8 10
left_child=1 6 3 -2 -5 10 9 -8 -4 -1 12 -12 15 -14 -15 18 17 29 23 20 21 22 28 -6 -21 -16 -3 -11 -13 -17
right_child=2 26 8 4 5 -7 7 -9 -10 27 11 19 13 14 25 16 -18 -19 -20 24 -22 -23 -24 -25 -26 -27 -28 -29 -30 -31
leaf_value=-0.07147808019660401 0.049886999252313831 0.0079852437054305919 -0.034915307662898999 -0.021098534565249627 0.47237908756938474 -0.21799735712223364 -0.00079103360882537414 0.19114529336415803 -0.54815067240170068 -0.029429595834556524 -0.12388014858412169 -0.15320645989179613 1.1326997890472412 -0.060398767957561897 1.0545095491895871 -0.076193915588988192 0.20095327469179333 1.160513841292262 -0.36810959521839592 -0.069298457625425525 0.0003361253054053695 0.88921367962298725 0.8544129115572342 -0.028695240932925841 0.51704217360569882 0.22474245557561515 0.095284682764397402 0.063754627068640976 0.34031242593230188 0.58497075798351372
leaf_weight=8891 11490 6219 850 660 87 122 8253 585 63 32277 359 75 60 95 49 54 1303 50 94 324 162 58 52 214 52 40 2704 1688 217 67
leaf_count=8891 11490 6219 850 660 87 122 8253 585 63 32277 359 75 60 95 49 54 1303 50 94 324 162 58 52 214 52 40 2704 1688 217 67
internal_value=-2.08064e-06 -0.0175725 0.0641701 0.0719996 0.13258 0.161281 -0.0265505 0.0119135 -0.0703302 -0.0344828 0.174842 0.0911287 0.226306 0.503626 0.298493 0.190102 0.240805 0.544469 0.000895942 0.173244 0.280879 0.393933 0.310427 0.116134 0.0117912 0.681581 0.0344402 -0.0247985 0.213552 0.289906
internal_weight=77214 60617 16597 15684 4194 3534 51694 8838 913 42856 3412 1299 2113 244 184 1869 1474 171 395 940 564 402 344 301 376 89 8923 33965 292 121
internal_count=77214 60617 16597 15684 4194 3534 51694 8838 913 42856 3412 1299 2113 244 184 1869 1474 171 395 940 564 402 344 301 376 89 8923 33965 292 121
is_linear=0
shrinkage=0.03


Tree=94
num_leaves=31
num_cat=2
split_feature=31 91 105 213 203 129 102 1 109 20 99 195 217 178 80 178 28 42 115 173 47 49 38 95 67 198 39 193 148 93
split_gain=91579.7 24785.9 22336.9 20162.5 18910.4 17721.2 17289.8 19858.2 23774.5 16333.7 15706.3 15092.2 18875.3 17877 26330.9 17176.2 15160.1 26316.4 14435.3 13289.8 16091.3 18996.6 16609.9 22535.2 16974.7 16752.6 17390.4 23497.2 15398.3 13892.8
threshold=3.6770833730697636 0.84148353338241588 12.389725364324301 0 4.5000000000000009 5.6902210106974769 49.20000000000001 1.5000000000000002 28.705611682663989 1.5000000000000002 59.833333333333336 195.50000000000003 1 0.46306394144536883 0.23146571218967441 0.43375767997950421 7.1666667461395273 65.60510635375978 0.60397652608790209 -0.050688517155916844 7.8393864631652841 11.000290870666506 3.2228132486343388 0.69519090652465831 0.29358808696269995 7.8555551705618418 90.500000000000014 11.500000000000002 71.90000000000002 0.48960027098655706
decision_type=10 8 10 1 10 8 10 10 10 2 10 8 9 10 10 10 10 10 8 10 10 10 10 10 10 10 10 10 10 8
left_child=3 4 11 5 10 -1 7 -7 -9 -8 -2 -3 15 16 -15 -13 17 18 -14 20 28 22 29 24 -24 26 27 -26 -12 -22
right_child=1 2 -4 -5 -6 6 9 8 -10 -11 19 12 13 14 -16 -17 -18 -19 -20 -21 21 -23 23 -25 25 -27 -28 -29 -30 -31
leaf_value=-0.04671286840970848 -0.016715825576877827 0.062586936136534543 -0.33320889103954487 -0.035145682242667557 -0.0039101687092490192 0.19854699761484609 0.0041489419732603713 0.49726939043577978 -0.10233019261298783 0.2484623697121805 0.053829819923968771 0.1419555135707056 0.38455573882923083 0.16610231054497177 1.0823187617930499 -0.057897887632213534 0.11089865685833825 1.0582730078974436 -0.078369179787459192 0.0065508188637564994 0.38576685036384417 -0.034688280707981328 0.27462696388547053 -0.14063375487577082 0.51846722126007072 0.18602566029475284 0.34052702975508414 1.4389307445631576 0.49229385839825546 0.039746210633441803
leaf_weight=4489 1833 4637 110 35588 8588 976 10853 68 477 252 2786 1713 241 58 55 500 540 43 81 1521 132 303 488 86 48 65 57 52 74 500
leaf_count=4489 1833 4637 110 35588 8588 976 10853 68 477 252 2786 1713 241 58 55 500 540 43 81 1521 132 303 488 86 48 65 57 52 74 500
internal_value=-2.01822e-06 0.0479062 0.0913344 -0.0222831 0.0269499 0.00448068 0.0226854 0.117544 -0.0275178 0.00969302 0.0603075 0.0972698 0.147045 0.253777 0.612048 0.0963657 0.211846 0.361194 0.268106 0.0834069 0.108869 0.181063 0.226842 0.31801 0.373564 0.591047 0.758732 0.997108 0.0651747 0.112016
internal_weight=77214 24511 7978 52703 16533 17115 12626 1521 545 11105 7945 7868 3231 1018 113 2213 905 365 322 6112 4591 1731 1428 796 710 222 157 100 2860 632
internal_count=77214 24511 7978 52703 16533 17115 12626 1521 545 11105 7945 7868 3231 1018 113 2213 905 365 322 6112 4591 1731 1428 796 710 222 157 100 2860 632
cat_boundaries=0 1 2
cat_threshold=8 53
is_linear=0
shrinkage=0.03


Tree=95
num_leaves=31
num_cat=0
split_feature=6 85 68 203 44 21 162 1 63 188 113 43 202 165 130 85 26 72 41 50 48 57 102 168 194 86 102 85 161 55
split_gain=87094.7 28759.9 21254.2 18762.1 16513.7 16298.2 17203.6 17782.7 19582.6 16557.2 16375.1 16316.2 15610.5 14748.8 17843.9 22864.6 17206.6 15508.3 15409.7 16327.5 21361.4 19477.6 15908.1 14454.5 16208.4 15793.4 32512.4 15456 15128.5 13475.6
threshold=0.72500000000000009 0.25833334028720861 0.39244885742664343 6.5000000000000009 60.298648834228523 0.45500000000000007 296.03333333333336 1.5000000000000002 0.055612830445170409 33.416666666666679 26.773629553190968 68.035713195800795 67.500000000000014 1.1300864236969945 4.2792207792207799 0.72077924013137828 140.50000000000003 0.86125996708869945 36.899999618530281 9.8308496475219744 8.9581503868103045 0.25760369002819067 65.449494949494962 4.1000000000000005 6.5000000000000009 0.45019082725048071 66.759615384615401 0.55050507187843334 309.75804881416951 0.60956960916519176
decision_type=10 10 10 10 10 2 8 8 8 8 10 8 10 10 10 10 2 10 10 10 10 8 10 10 8 10 8 8 10 10
left_child=1 2 5 4 23 6 11 8 -8 10 -10 -1 -12 14 15 -6 18 -16 -15 -20 21 -21 -22 24 -2 29 -27 28 -25 -26
right_child=3 -3 -4 -5 13 -7 7 -9 9 -11 12 -13 -14 16 17 -17 -18 -19 19 20 22 -23 -24 27 25 26 -28 -29 -30 -31
leaf_value=-0.03141553407367511 0.01035490037129007 0.041778979469416833 0.44726642221212387 0.020998083544228826 -0.19151926606893538 0.047368642801195335 0.0089054295685047202 -0.024401140356416343 -0.097474530153842859 0.11205369419370378 0.34474282217212021 -0.10593084246974409 0.99845267661809922 0.63211311715881568 0.78785023945569999 0.36564106359986992 -0.27122362324808325 0.12572644374691522 0.14857360238231454 0.35042221031586329 0.40386333319178802 1.2487136685848235 -0.10439573293778955 0.011414221394294651 0.038736795097114425 0.17033777806769917 1.0522621303979232 -0.21049456273406322 0.48497996775876906 0.15641253471145933
leaf_weight=39587 1649 6734 86 6473 346 2681 2155 5301 43 1050 96 2834 50 74 40 82 70 156 1518 45 171 42 82 1672 1485 162 49 283 63 2135
leaf_count=39587 1649 6734 86 6473 346 2681 2155 5301 43 1050 96 2834 50 74 40 82 70 156 1518 45 171 42 82 1672 1485 162 49 283 63 2135
internal_value=-2.09427e-06 -0.0166741 -0.0239792 0.0608887 0.0863936 -0.0247325 -0.0285142 0.00992797 0.0635457 0.158582 0.417072 -0.0363936 0.568616 0.151137 0.0237888 -0.0847736 0.190829 0.260854 0.207571 0.190662 0.378574 0.78408 0.239131 0.0637189 0.0889956 0.122845 0.375145 -0.00492153 0.02861 0.108139
internal_weight=77214 60617 53883 16597 10124 53797 51116 8695 3394 1239 189 42421 146 2626 624 428 2002 196 1932 1858 340 87 253 7498 5480 3831 211 2018 1735 3620
internal_count=77214 60617 53883 16597 10124 53797 51116 8695 3394 1239 189 42421 146 2626 624 428 2002 196 1932 1858 340 87 253 7498 5480 3831 211 2018 1735 3620
is_linear=0
shrinkage=0.03


Tree=96
num_leaves=31
num_cat=1
split_feature=86 91 6 21 160 1 162 32 8 86 91 158 108 155 148 109 56 15 151 195 100 63 171 111 7 216 159 53 97 143
split_gain=82485.5 23152.1 22486.8 20795 17701 15186.6 18715.9 16738.8 14742.7 19436.3 15589 20964.4 29668.6 20376.1 17875.2 15963.4 17760.7 19837.9 15465.9 19781.7 22950.7 27761.6 14079.9 14285.7 17104.4 13532.4 20272.8 18143.9 17517.5 14843.7
threshold=0.22222635895013812 0.84148353338241588 0.78500000000000014 0.23500000000000001 314.50000000000006 2.5000000000000004 293.23611111111114 4.7695360183715829 0.77100000000000024 0.73024946451187145 0.9245804250240327 33.925824175824182 45.900000000000006 36.833333333333336 65.500000000000014 43.437628451476321 0.64019784331321727 0.038207074354698181 42.500000000000007 152.50000000000003 68.300000000000026 0.31393466889858251 -0.12087473204284109 42.500000000000007 0.80416666666666681 0 294.16666666666669 0.63332483172416698 0.74794238805770885 0.68571428571428583
decision_type=10 10 8 2 10 8 8 8 10 10 10 8 10 10 10 10 10 10 10 8 10 10 8 10 10 1 10 10 8 8
left_child=1 3 -2 5 -3 6 -1 -8 9 18 14 13 -13 -12 15 16 -10 -18 19 -4 22 -22 -21 24 -24 26 27 -16 29 -27
right_child=2 4 8 -5 -6 -7 7 -9 10 -11 11 12 -14 -15 25 -17 17 -19 -20 20 21 -23 23 -25 -26 28 -28 -29 -30 -31
leaf_value=-0.026581374022261111 0.020789851116748227 0.082491795051945524 0.080997422498185187 0.038085065534602829 0.71479693267403577 -0.053661473425738689 0.012669833456233062 0.17010561338153277 -0.039474187005974659 0.69004185344043534 0.23716599349878847 0.038808898496229427 0.85091207001890456 0.89073633261817564 0.96804152753136363 -0.16395158826677422 0.19411950849418955 -0.049382442142814398 -0.024058225785948566 0.69200297289490698 0.31619534145310979 1.2045580323579461 0.15658509335758047 -0.20817600578069687 0.53556073204994203 -0.037883074962844446 -0.17988731672789188 0.28466854314319789 -0.022514826178550721 0.28157067020912657
leaf_weight=31251 9354 1416 1296 4923 41 13596 6188 674 1752 57 496 1124 42 47 55 475 838 470 485 50 97 47 752 80 125 180 47 96 680 480
leaf_count=31251 9354 1416 1296 4923 41 13596 6188 674 1752 57 496 1124 42 47 55 475 838 470 485 50 97 47 752 80 125 180 47 96 680 480
internal_value=-2.03138e-06 -0.0177937 0.0540371 -0.0208315 0.100285 -0.0264407 -0.0167303 0.0281335 0.0858654 0.141373 0.0614016 0.139765 0.0680613 0.293737 0.0350024 -0.0021424 0.022975 0.106623 0.130707 0.161382 0.251893 0.606147 0.201235 0.175594 0.210601 0.120378 0.34671 0.533579 0.0837221 0.194447
internal_weight=77214 58089 19125 56632 1457 51709 38113 6862 9771 2989 6782 1709 1166 543 5073 3535 3060 1308 2932 2447 1151 144 1007 957 877 1538 198 151 1340 660
internal_count=77214 58089 19125 56632 1457 51709 38113 6862 9771 2989 6782 1709 1166 543 5073 3535 3060 1308 2932 2447 1151 144 1007 957 877 1538 198 151 1340 660
cat_boundaries=0 1
cat_threshold=2
is_linear=0
shrinkage=0.03


Tree=97
num_leaves=31
num_cat=1
split_feature=68 1 202 84 97 121 193 189 14 65 92 55 63 5 1 21 198 216 188 102 65 38 63 140 82 7 50 30 116 31
split_gain=78685.8 35971.5 20607.3 20134.6 21190.3 19933.5 24235.6 21644.4 18754.8 18344.3 18481 18107.3 30315.7 15711.7 15385.5 15604.2 15320.5 18686.2 14444.5 14270.5 14091.5 13780.4 17737.9 17522.1 20286.6 23607.8 18448.2 17086.1 29280.2 22491.2
threshold=0.092766139656305327 1.5000000000000002 53.500000000000007 0.8888898789882661 0.74036219716072094 2.2071548977413098 18.500000000000004 1.1471323296427729 -0.6449999999999998 0.37289889156818395 0.69049692153930675 0.72825175523757946 0.34466418623924261 1.0000000180025095e-35 2.5000000000000004 0.14500000000000005 7.5514530327459042 0 44.416666666666679 63.806250000000006 0.023070672526955608 5.576596975326539 0.39864711463451391 5.8782986540375424 0.58333334326744091 0.9683333333333336 9.0398454666137713 9.7942552566528338 0.59978929113024804 10.160256385803224
decision_type=10 8 8 10 8 8 8 10 8 10 10 8 10 2 8 2 10 1 10 10 8 10 10 8 10 8 10 10 10 8
left_child=14 2 3 -2 -5 7 9 -4 -8 -7 -11 12 -12 18 15 -1 17 -3 21 -14 -17 22 27 -23 25 26 -25 -10 29 -29
right_child=1 16 5 4 -6 6 8 -9 13 10 11 -13 19 -15 -16 20 -18 -19 -20 -21 -22 23 -24 24 -26 -27 -28 28 -30 -31
leaf_value=-0.018313098834521879 -0.0047118923422580341 0.17950439790020817 0.066056208337616107 -0.087818673825542259 0.5204616528804249 0.034480929951686001 0.7808167846755284 -0.10735621204127005 0.15682983721092356 0.58121220848470367 0.76050136089324949 -0.34535676071047783 -0.23877076558768751 -0.059823492648469839 -0.049537188433357679 -0.0063741732141837639 -0.042858313945451976 0.0073429440430673254 -0.070207433755141352 0.25666075598001481 0.12968526768747504 0.75164778399993382 0.016188984589694335 0.11567963959192329 0.028650142041125655 1.0498451238870621 0.71556317518307611 1.2180975721077043 -0.17676550004969943 0.35810333248107662
leaf_weight=31849 4456 657 2178 83 136 4626 41 922 3816 106 72 60 90 344 14126 1493 5149 3823 258 125 1266 68 821 159 226 44 65 49 44 62
leaf_count=31849 4456 657 2178 83 136 4626 41 922 3816 106 72 60 90 344 14126 1493 5149 3823 258 125 1266 68 821 159 226 44 65 49 44 62
internal_value=-1.97043e-06 0.0396137 0.0637102 0.0090904 0.289926 0.0817229 0.100543 0.01448 0.141382 0.0523223 0.234517 0.128611 0.227698 0.136981 -0.0231533 -0.0123841 -0.00756076 0.0330078 0.149044 0.0492708 0.0560583 0.15961 0.143127 0.300151 0.238002 0.414544 0.289753 0.169371 0.478139 0.73774
internal_weight=77214 28480 18851 4675 219 14176 11076 3100 5997 5079 453 347 287 5956 48734 34608 9629 4480 5612 215 2759 5354 4792 562 494 268 224 3971 155 111
internal_count=77214 28480 18851 4675 219 14176 11076 3100 5997 5079 453 347 287 5956 48734 34608 9629 4480 5612 215 2759 5354 4792 562 494 268 224 3971 155 111
cat_boundaries=0 1
cat_threshold=2
is_linear=0
shrinkage=0.03


Tree=98
num_leaves=31
num_cat=0
split_feature=37 1 6 68 84 5 189 45 121 51 20 131 179 159 203 37 65 59 11 17 65 28 99 164 177 44 169 39 41 46
split_gain=74757 21799.8 23107.7 21292 17490.2 19450.6 16381.6 16956.5 15807.1 16716.4 15465.9 16701.7 19826 15344.4 15757.6 14938.6 14234.6 18345.3 18302.8 13788.2 14340.8 13757.8 19380.4 16186.3 12787.3 20050.3 18762.6 12786.1 16847.2 17988.1
threshold=2.9258241653442387 2.5000000000000004 0.64500000000000013 0.0063921043183654555 0.23477704823017123 1.0000000180025095e-35 0.50936949625611316 18.690475463867191 2.2071548977413098 0.38675214350223547 1.0000000180025095e-35 0.19664118368663272 5.2797020555085084 254.83333333333334 7.5000000000000009 4.1742422580719003 0.38088902831077581 0.25653831660747534 0.79656986856010559 1.0000000180025095e-35 0.28931111097335821 11.166666507720949 70.166666666666671 1.9000000000000001 0.43984445156910557 73.771900177001967 4.2108608670042793 125.50000000000001 94.700000762939467 11.779365062713625
decision_type=10 8 8 10 8 2 10 10 8 10 2 10 10 10 10 10 10 10 8 2 10 10 10 10 8 10 8 10 10 10
left_child=1 2 -1 -2 -4 -6 7 8 -5 -10 11 24 -13 27 21 -9 -16 -18 -19 -3 -21 -15 23 -23 25 -11 -26 28 -8 -30
right_child=3 19 4 6 5 -7 13 15 9 10 -12 12 -14 14 16 -17 17 18 -20 20 -22 22 -24 -25 26 -27 -28 -29 29 -31
leaf_value=-0.018639336310719314 -0.052867221000053768 -0.10093349346658702 0.0090617036152462922 0.051512409960080142 0.1113002956984968 -0.29546615231037138 0.0085078500686367985 0.041918111836037983 -0.11584301359131932 0.22443878049767294 0.33360606767951273 -0.47502034399126253 0.14599419794325691 0.10289404465243274 -0.018960605830026418 -0.57805331656190218 0.79677688812667669 -0.42551520415714805 0.34460597573257074 -0.034569595039693542 0.45993389910350568 -0.12836790037155149 0.96460323590040209 0.65072584399580957 -0.29150123710815723 0.79766352714970701 0.1487315723874591 -0.17942427871575117 0.44522909115467751 -0.21990393374115227
leaf_weight=31093 1629 3343 7662 2549 2771 110 5843 82 200 387 433 84 103 3312 1701 61 44 42 82 12773 53 60 40 40 91 64 2049 311 154 48
leaf_count=31093 1629 3343 7662 2549 2771 110 5843 82 200 387 433 84 103 3312 1701 61 44 42 82 12773 53 60 40 40 91 64 2049 311 154 48
internal_value=-1.18536e-06 -0.017106 -0.00562519 0.0509413 0.0327556 0.0957695 0.0604523 0.100284 0.10803 0.150264 0.166839 0.140845 -0.132964 0.0396342 0.0772201 -0.222545 0.00705845 0.270501 0.0837585 -0.0466697 -0.0325262 0.115207 0.406508 0.18327 0.160607 0.305783 0.130011 0.00816871 0.0178199 0.287178
internal_weight=77214 57805 41636 19409 10543 2881 17780 6103 5960 3411 3211 2778 187 11677 5321 143 1869 168 124 16169 12826 3452 140 100 2591 451 2140 6356 6045 202
internal_count=77214 57805 41636 19409 10543 2881 17780 6103 5960 3411 3211 2778 187 11677 5321 143 1869 168 124 16169 12826 3452 140 100 2591 451 2140 6356 6045 202
is_linear=0
shrinkage=0.03


Tree=99
num_leaves=31
num_cat=0
split_feature=87 68 6 6 21 5 49 210 101 199 169 149 7 17 40 10 41 132 190 40 29 170 67 151 57 101 32 169 147 126
split_gain=70597 29330.4 23027 20231.3 17476.6 15974.8 19508.6 15890.3 15538.7 15201.8 18597.9 18351.1 19483 16845.5 19533.9 16087 16516.8 15711.9 17772.4 15687.9 15014.6 14586.5 15156.1 13995.5 13872.2 17898 17278.9 18920.4 14562.6 21303.4
threshold=0.72500002384185802 0.022766221314668659 0.62500000000000011 0.16500000000000004 0.23500000000000001 1.0000000180025095e-35 11.334090709686281 1430.4500000000003 65.266074166643094 6.177754495110289 3.1950757694399825 70.548133774843478 0.82833333333333348 62.500000000000007 98.166667938232436 0.78768939393939397 59.500000000000007 0.065788180232950438 0.013426842233843366 110.83333206176759 6.5499999523162851 4.8708333333333345 0.49572369456291204 41.500000000000007 0.27055180072784429 69.168887007355252 6.3909647464752206 4.8239343595996562 67.166666666666671 3.4580419580419588
decision_type=8 10 8 10 2 2 8 2 10 10 10 10 8 2 10 10 10 8 8 10 10 10 8 10 10 10 10 10 10 10
left_child=3 -2 -3 20 -5 9 7 -7 -9 10 11 13 -13 19 15 16 -15 -11 -19 23 -1 -12 24 -4 25 -23 -26 -28 29 -29
right_child=1 2 5 4 -6 6 -8 8 -10 17 21 12 -14 14 -16 -17 -18 18 -20 -21 -22 22 -24 -25 26 -27 27 28 -30 -31
leaf_value=-0.043828914817740629 -0.026817489304270869 -0.17737621755354988 0.14516827275877342 -0.01073843930828757 0.065416821072014533 -0.050179126930003863 -0.40760204170361036 0.065012837259665779 0.80818223127722744 -0.072124293913122486 -0.015654749803774289 1.0525370213025953 0.26074483185583214 0.27284594316080391 -0.22260398608394139 -0.020440269112586975 0.83232552114370706 0.58161810050260709 0.059292757012310772 0.5777247488587649 0.32653507900508971 0.052187737549060399 -0.45506719102219839 -0.032888567657814817 -0.045480139807894317 0.55937153692949892 0.79214493680309928 0.75140712618827821 0.65520301835877548 -0.022646663715597242
leaf_weight=20076 4100 354 2197 32141 2962 742 121 69 40 850 1348 41 88 83 43 48 111 59 9304 67 99 1223 41 485 116 66 77 40 63 160
leaf_count=20076 4100 354 2197 32141 2962 742 121 69 40 850 1348 41 88 83 43 48 111 59 9304 67 99 1223 41 485 116 66 77 40 63 160
internal_value=-1.14971e-06 0.0455358 0.0621678 -0.0180716 -0.00431244 0.0670184 -0.0511724 -0.000493228 0.337736 0.0739767 0.110638 0.161958 0.5124 0.147058 0.366601 0.471294 0.592961 0.0513727 0.0625841 0.124297 -0.0420115 0.058843 0.115071 0.112969 0.128467 0.0781568 0.27068 0.378546 0.257455 0.132164
internal_weight=77214 21936 17836 55278 35103 17482 972 851 109 16510 6297 3163 129 3034 285 242 194 10213 9363 2749 20175 3134 1786 2682 1745 1289 456 340 263 200
internal_count=77214 21936 17836 55278 35103 17482 972 851 109 16510 6297 3163 129 3034 285 242 194 10213 9363 2749 20175 3134 1786 2682 1745 1289 456 340 263 200
is_linear=0
shrinkage=0.03


Tree=100
num_leaves=31
num_cat=0
split_feature=68 1 202 84 97 121 193 189 14 65 84 159 191 187 43 87 5 188 22 60 113 91 51 1 84 97 100 174 38 30
split_gain=67252.6 31221.4 19326.2 18738 19629.3 18112.1 21948.6 19786 17760.2 16909.4 18145.2 24036.4 15337.3 15348.3 14827.9 14704.7 14193.5 13684.6 13424.4 13393.8 13348.7 15216.8 17882.3 13294.5 14304.5 13242.7 17790.4 16565 14157.7 25405.4
threshold=0.092766139656305327 1.5000000000000002 53.500000000000007 0.8888898789882661 0.74036219716072094 2.2071548977413098 18.500000000000004 1.1471323296427729 -0.6449999999999998 0.37289889156818395 0.20293070375919345 242.16666666666671 -0.03922850125318799 61.416666666666679 68.035713195800795 0.41499999165534979 1.0000000180025095e-35 44.416666666666679 12.500000000000002 0.24062575399875644 37.886590257327633 0.9156349003314973 0.54772728681564342 2.5000000000000004 0.22222223132848742 0.77134719491004955 62.550000000000004 0.10387077506369645 5.576596975326539 9.7942552566528338
decision_type=10 8 8 10 8 8 8 10 8 10 10 10 10 10 8 10 2 10 2 10 10 8 10 8 8 10 10 10 10 10
left_child=23 2 3 -2 -5 7 9 -4 -8 -7 11 -11 -12 -14 -3 -16 17 20 -15 -17 25 -22 -23 24 -1 27 -27 28 -10 -30
right_child=1 14 5 4 -6 6 8 -9 16 10 12 -13 13 18 15 19 -18 -19 -20 -21 21 22 -24 -25 -26 26 -28 -29 29 -31
leaf_value=-0.019265884668455423 -0.0071370993506437563 0.0076293530750518391 0.061731677914548859 -0.086466072523988871 0.49898081691168683 0.031437651300893425 0.75556864075907848 -0.10406916082262944 0.11288789768347393 1.0845641289683787 -0.2000553489484285 0.11991518040920825 0.58530289097166643 0.56958314189096781 0.025528294238326851 -0.21457514630974314 -0.058017123952334701 -0.072902849566321384 -0.046668039187788959 0.23105690324467354 0.16911936617331996 0.67204098940557899 0.24012184220814303 -0.04593010910080713 0.035861099302044647 -0.38247806084605879 0.13114369298003509 0.58541796890023634 0.54863410690578363 -0.068165677137427272
leaf_weight=29666 4456 8291 2178 83 136 4626 41 922 3470 46 95 47 82 41 516 756 344 258 142 66 921 135 239 14126 4942 106 142 73 177 91
leaf_count=29666 4456 8291 2178 83 136 4626 41 922 3470 46 95 47 82 41 516 756 344 258 142 66 921 135 239 14126 4942 106 142 73 177 91
internal_value=-1.11536e-06 0.0366236 0.0590727 0.00617792 0.277099 0.0765165 0.0944564 0.0124193 0.133321 0.0485671 0.223491 0.597053 0.126988 0.24423 -0.00732594 -0.0999974 0.129038 0.140504 0.0913992 -0.178794 0.150787 0.234651 0.396028 -0.0214045 -0.0113938 0.124031 -0.0883882 0.137854 0.129113 0.339198
internal_weight=77214 28480 18851 4675 219 14176 11076 3100 5997 5079 453 93 360 265 9629 1338 5956 5612 183 822 5354 1295 374 48734 34608 4059 248 3811 3738 268
internal_count=77214 28480 18851 4675 219 14176 11076 3100 5997 5079 453 93 360 265 9629 1338 5956 5612 183 822 5354 1295 374 48734 34608 4059 248 3811 3738 268
is_linear=0
shrinkage=0.03


Tree=101
num_leaves=31
num_cat=1
split_feature=86 21 74 214 203 90 153 144 188 91 121 160 39 52 141 151 188 188 15 199 63 35 86 67 149 14 15 162 1 65
split_gain=63883.9 19625.6 19247.3 18479.1 17755.3 22698.4 21127.1 18067 17135.7 16250.2 15905.1 15387.6 15062.7 14947.5 14819.8 15298.5 14119 14086.6 13175.5 13048.9 12978.7 12644.9 15845.7 20576.5 18547.6 13692.2 14338.6 12484.3 18157.3 23568.9
threshold=0.22222635895013812 0.23500000000000001 0.8760964870452882 0 5.5000000000000009 0.96536996960639965 38.089159398007062 0.70047619047619059 44.416666666666679 0.84148353338241588 2.2795463259906348 313.90000000000003 152.50000000000003 0.60016834735870372 6.1518856239480266 40.166666666666679 30.916666666666671 43.583333333333343 0.3203985450355234 8.8759796459308742 0.28650911152362829 6.9000000953674325 0.54261502623558056 0.2659525871276856 63.602056628453319 0.030000000000000013 -0.011772125108936131 293.23611111111114 1.5000000000000002 0.048337308689951904
decision_type=10 2 8 9 10 10 10 10 10 10 10 10 10 10 10 10 8 8 10 8 10 10 10 10 10 8 8 8 8 8
left_child=1 9 19 4 7 8 13 -4 12 27 -9 -11 17 -7 15 -12 -5 21 -18 -2 -19 25 23 -23 -24 -6 -27 -1 29 -29
right_child=2 -3 3 16 5 6 -8 10 -10 11 14 -13 -14 -15 -16 -17 18 20 -20 -21 -22 22 24 -25 -26 26 -28 28 -30 -31
leaf_value=-0.030516365915555132 -0.09502707255484967 0.041099595238786459 0.12210120179694191 0.32724966599746086 -0.019141914689675167 0.32287499821186061 -0.063176879361271865 -0.37694140671229942 -0.23484755008278405 0.063083405849644461 0.58308886698314122 0.64631825830654377 -0.30197359714887839 1.1430191266536711 -0.29589815297547511 -0.083443892744720957 -0.021042656568014125 0.10138684400196732 0.52692859007790682 0.027188092468130053 0.67213301246283474 0.48878568134628808 0.10419344743341206 -0.11263694525465069 0.99203989193836839 0.63132867544889448 0.071728085937570962 0.00064457021876790247 -0.026160094081012445 0.15897714801854759
leaf_weight=42639 1234 5010 6422 113 2590 40 48 123 211 1328 63 42 113 40 68 61 3102 87 40 2167 61 78 40 149 45 42 2188 2234 5474 1362
leaf_count=42639 1234 5010 6422 113 2590 40 48 123 211 1328 63 42 113 40 68 61 3102 87 40 2167 61 78 40 149 45 42 2188 2234 5474 1362
internal_value=-1.08186e-06 -0.0156586 0.047556 0.0615527 0.0781371 0.0393893 0.434401 0.111221 0.0303669 -0.0210159 -0.110604 0.0809636 0.0407434 0.732947 0.060018 0.255198 -0.00221071 0.048078 -0.0140666 -0.0171558 0.336627 0.0397567 0.224846 0.0940193 0.57423 0.0277758 0.0822676 -0.0237177 0.00824327 0.0606137
internal_weight=77214 58089 19125 15724 12469 5732 128 6737 5604 53079 315 1370 5393 80 192 124 3255 5280 3142 3401 148 5132 312 227 85 4820 2230 51709 9070 3596
internal_count=77214 58089 19125 15724 12469 5732 128 6737 5604 53079 315 1370 5393 80 192 124 3255 5280 3142 3401 148 5132 312 227 85 4820 2230 51709 9070 3596
cat_boundaries=0 1
cat_threshold=328
is_linear=0
shrinkage=0.03


Tree=102
num_leaves=31
num_cat=1
split_feature=87 68 6 6 38 213 41 137 194 91 159 6 5 49 210 101 189 169 17 40 42 185 170 67 57 101 32 169 147 47
split_gain=60834.9 25491.9 20092.4 18940.8 18677 18576.4 15234.1 14986.9 18735.2 15117.5 18031.2 21917.6 14659 18168.9 14972.8 14656.6 13750.3 17460.9 18584.5 16001.2 19287.2 15982.7 12509.9 14921.8 13900 17921 17405.9 17252.8 14845.8 15156.9
threshold=0.72500002384185802 0.016275798901915554 0.68500000000000016 0.015000000000000001 3.4055329561233525 0 101.90000152587892 0.48002484479811308 22.500000000000004 0.81033334136009227 294.83333333333343 0.62500000000000011 1.0000000180025095e-35 11.334090709686281 1430.4500000000003 65.266074166643094 0.49585392698645597 3.1950757694399825 59.500000000000007 108.50000000000001 85.749050140380874 0.58134978326289966 4.8708333333333345 0.49572369456291204 0.27055180072784429 69.168887007355252 6.3909647464752206 4.8239343595996562 67.166666666666671 7.4368181228637704
decision_type=8 10 8 10 10 1 10 8 8 10 10 10 2 8 2 10 10 10 2 10 10 8 10 8 10 10 10 10 10 10
left_child=3 -2 -3 4 -1 6 7 8 -5 -9 11 -11 16 14 -14 -16 17 18 19 20 -4 -18 -19 24 25 -24 -26 -28 29 -29
right_child=1 2 12 5 -6 -7 -8 9 -10 10 -12 -13 13 -15 15 -17 21 22 -20 -21 -22 -23 23 -25 26 -27 27 28 -30 -31
leaf_value=-0.068393066530039223 -0.02770303936770711 -0.15661904495267212 0.14367374376600778 -0.066268595744832529 0.3955311511589002 -0.038532183438133263 0.57998235164619072 0.011999268898680396 0.015779361452330522 0.52923164060363515 0.83377623134851453 -0.1203392247292174 -0.050525704296717204 -0.39511670333294829 0.062595334334032873 0.78246656137704851 -0.11144098554204933 -0.011837943484325777 0.38648786464001278 0.59853081810015896 -0.21492460872977973 0.056984420232422554 0.047095141638488554 -0.45549366447983713 -0.058832414205778727 0.55846506914003902 0.78041457773865874 0.55640921271931043 0.66587318624219582 -0.030180632486204863
leaf_weight=6863 3861 387 2157 5547 79 14489 41 23456 4567 77 40 119 747 121 70 40 533 1331 296 65 144 10428 1207 41 110 65 74 55 62 142
leaf_count=6863 3861 387 2157 5547 79 14489 41 23456 4567 77 40 119 747 121 70 40 533 1331 296 65 144 10428 1207 41 110 65 74 55 62 142
internal_value=-1.04947e-06 0.0422704 0.0572174 -0.0167757 -0.0631136 -0.0101206 0.0020524 0.00135209 -0.0292197 0.014403 0.253312 0.134849 0.061896 -0.0509933 -0.00240649 0.324367 0.0685032 0.10608 0.162382 0.134345 0.121232 0.0487944 0.0575292 0.110108 0.123629 0.0732265 0.268352 0.376431 0.261008 0.133588
internal_weight=77214 21936 18075 55278 6942 48336 33847 33806 10114 23692 236 196 17688 978 857 110 16710 5749 2662 2366 2301 10961 3087 1756 1715 1272 443 333 259 197
internal_count=77214 21936 18075 55278 6942 48336 33847 33806 10114 23692 236 196 17688 978 857 110 16710 5749 2662 2366 2301 10961 3087 1756 1715 1272 443 333 259 197
cat_boundaries=0 1
cat_threshold=10
is_linear=0
shrinkage=0.03


Tree=103
num_leaves=31
num_cat=1
split_feature=37 214 181 150 1 68 20 198 189 45 159 203 37 121 51 20 131 179 62 21 65 59 101 173 6 72 39 43 155 15
split_gain=57683.3 19401.1 18528.6 18524.2 23830.5 17802.4 14924.9 14328.2 14244.1 15774.6 14349.2 14425.9 14164.4 13983.4 15612.1 14487 15389.4 18347.8 13423.5 13114.3 12838.8 17371.9 17136.1 12814.7 12625.3 16673.7 12341.4 15170.2 16647 15088.8
threshold=2.9258241653442387 0 6.0056810691781806 73.035714285714292 1.5000000000000002 0.0063921043183654555 1.5000000000000002 7.0392164892164901 0.50936949625611316 18.690475463867191 254.83333333333334 7.5000000000000009 4.1742422580719003 2.2071548977413098 0.38675214350223547 1.0000000180025095e-35 0.19664118368663272 5.2797020555085084 0.13538484275341037 0.55500000000000016 0.38088902831077581 0.25653831660747534 63.403400695580018 0.034950932501027675 0.96500000000000008 1.1082914471626284 125.50000000000001 84.211109161376967 39.583333333333336 -0.079439924567269352
decision_type=10 9 8 8 8 10 2 10 10 10 10 10 10 8 10 2 10 10 10 2 10 10 10 10 8 8 10 10 10 10
left_child=1 2 7 6 -5 -2 -4 -1 9 13 26 19 -11 -7 -15 16 -16 -18 -9 23 -13 -22 -23 -12 25 -17 27 -10 -29 -28
right_child=5 -3 3 4 -6 8 -8 18 10 12 11 20 -14 14 15 24 17 -19 -20 -21 21 22 -24 -25 -26 -27 29 28 -30 -31
leaf_value=-0.0056416470294396951 -0.050174074527253545 -0.032132242133197479 0.0058204573550038417 0.19642108757494084 -0.00062919436297078442 0.044900196123518935 0.21917587929959115 -0.05917965516213098 -0.0005214567352549716 0.036730674952268602 0.10814886720538859 -0.021463813253824567 -0.56696361182165922 -0.11938644876759499 0.1476105513025488 0.59973732183588302 -0.46324868303257971 0.13416566594585197 -0.25271517009897665 0.40231339030540908 0.76556403588164934 -0.36459542122422428 0.35677712471485135 -0.17208647307250405 0.73988249763575464 0.13878038891420608 -0.0082462823229867057 0.23803651894078307 -0.37571947070685302 -0.43390085321097144
leaf_weight=7667 1629 29352 15013 1163 1052 2549 301 2894 5587 82 3168 1701 61 200 2591 94 84 103 363 130 44 49 75 154 55 284 185 414 44 126
leaf_count=7667 1629 29352 15013 1163 1052 2549 301 2894 5587 82 3168 1701 61 200 2591 94 84 103 363 130 44 49 75 154 55 284 185 414 44 126
internal_value=-1.16762e-06 -0.0150263 0.00263058 0.0217428 0.102833 0.0447474 0.010014 -0.0280352 0.0534441 0.0905863 0.0340317 0.0703783 -0.220789 0.0980572 0.137781 0.153799 0.128641 -0.134192 -0.0807496 0.106725 0.00324665 0.25344 0.0717186 0.0951578 0.315202 0.25341 0.00360368 0.0130855 0.179073 -0.180698
internal_weight=77214 57805 28453 17529 2215 19409 15314 10924 17780 6103 11677 5321 143 5960 3411 3211 2778 187 3257 3452 1869 168 124 3322 433 378 6356 6045 458 311
internal_count=77214 57805 28453 17529 2215 19409 15314 10924 17780 6103 11677 5321 143 5960 3411 3211 2778 187 3257 3452 1869 168 124 3322 433 378 6356 6045 458 311
cat_boundaries=0 1
cat_threshold=264
is_linear=0
shrinkage=0.03


Tree=104
num_leaves=31
num_cat=1
split_feature=86 21 74 214 203 90 153 144 188 121 91 160 153 39 141 151 188 188 15 56 101 65 63 49 184 77 102 7 26 197
split_gain=55084.9 18175.8 16937.3 16366.6 16587.7 21029.6 19780.3 16857.3 16105.8 14814 14398.1 14414.9 14128.6 13991.2 13731.4 14349.6 13263.4 13079.6 12375.9 12205.3 13595.7 12187.7 21453.9 17105.3 20441.5 21793.2 17993.9 17031.2 16013.1 20562.8
threshold=0.22222635895013812 0.23500000000000001 0.8760964870452882 0 5.5000000000000009 0.96536996960639965 38.089159398007062 0.70047619047619059 44.416666666666679 2.2795463259906348 0.84148353338241588 313.90000000000003 35.807094367857012 152.50000000000003 6.1518856239480266 40.166666666666679 30.916666666666671 43.583333333333343 0.3203985450355234 0.58462247252464306 68.086538893238767 0.2812014520168305 0.10477616265416147 11.445138931274416 0.41690476190476194 0.14593254029750827 65.25833333333334 0.9683333333333336 78.500000000000014 30.500000000000004
decision_type=10 2 8 9 10 10 10 10 10 10 10 10 10 10 10 10 8 8 10 10 8 8 8 8 8 8 10 10 2 10
left_child=1 10 -2 4 7 8 12 19 13 -9 -1 -12 -7 17 15 -11 -5 -6 -18 20 -4 27 -23 24 -24 -26 -25 -21 29 -27
right_child=2 -3 3 16 5 6 -8 9 -10 14 11 -13 -14 -15 -16 -17 18 -19 -20 21 -22 22 23 26 25 28 -28 -29 -30 -31
leaf_value=-0.022239398559641389 -0.016545091224637161 0.040080959302292364 0.091374014629985581 0.3166049984341438 0.035868808750693981 0.30584848165512085 -0.065799880810081951 -0.36643780165692652 -0.23036262654933318 0.5607041300194604 0.05898992253680635 0.62348978102207187 1.1032123013734816 -0.2934833619446881 -0.28732984374551213 -0.084827456884696839 -0.020968667442912172 0.32193122073605257 0.51011361207067973 0.091682421383049745 -0.11101018564417958 0.8631804297691168 -0.29121747618371785 0.076513281857733387 0.89849493561188376 0.26266423237610231 -0.57076803912287166 0.69350533795911207 0.072281737939270133 0.8991187872737646
leaf_weight=51709 3401 5010 1469 113 5132 40 48 123 211 63 1328 42 40 113 68 61 3102 148 40 2678 375 43 66 242 45 948 46 43 419 48
leaf_count=51709 3401 5010 1469 113 5132 40 48 123 211 63 1328 42 40 113 68 61 3102 148 40 2678 375 43 66 242 45 948 46 43 419 48
internal_value=-1.2575e-06 -0.0145406 0.0441594 0.0572894 0.0728971 0.0354429 0.415657 0.104872 0.0267585 -0.109398 -0.0196961 0.0762958 0.70453 0.0368183 0.055268 0.243144 -0.00271482 0.0438872 -0.0142076 0.115382 0.0502167 0.141631 0.200883 0.185183 0.225204 0.248549 -0.0268719 0.101193 0.227879 0.293337
internal_weight=77214 58089 19125 15724 12469 5732 128 6737 5604 315 53079 1370 80 5393 192 124 3255 5280 3142 6422 1844 4578 1857 1814 1526 1460 288 2721 1415 996
internal_count=77214 58089 19125 15724 12469 5732 128 6737 5604 315 53079 1370 80 5393 192 124 3255 5280 3142 6422 1844 4578 1857 1814 1526 1460 288 2721 1415 996
cat_boundaries=0 1
cat_threshold=328
is_linear=0
shrinkage=0.03


Tree=105
num_leaves=31
num_cat=1
split_feature=87 68 6 6 21 38 5 49 55 210 213 189 169 17 185 40 42 194 170 67 191 172 187 86 49 175 40 40 49 136
split_gain=52791.6 22203.5 19277.1 17676.6 16635.8 15322.8 13759.8 17307.7 14355.7 14294.6 13759.4 12990.2 17365.2 17254 15030.7 14706.3 18943.2 12954.1 12345.9 14501.2 14066.7 13839.1 12667.5 17097.1 15772.1 13606.9 11970.2 11870 14173.5 11561.5
threshold=0.72500002384185802 0.024340863339602951 0.62500000000000011 0.03500000000000001 0.17500000000000002 3.4055329561233525 1.0000000180025095e-35 11.334090709686281 0.58008596301078807 1430.4500000000003 0 0.49585392698645597 3.1950757694399825 59.500000000000007 0.58134978326289966 108.50000000000001 85.749050140380874 9.5000000000000018 4.8708333333333345 0.49572369456291204 -0.18723161274413205 0.11845070302554628 63.791666666666679 0.47956341505050665 11.505200862884523 0.45427788955957971 134.83333587646487 98.166667938232436 8.6668248176574725 0.4709874199012628
decision_type=8 10 8 10 2 10 2 10 10 2 1 10 10 2 8 10 10 10 10 8 10 10 10 10 10 10 10 10 10 8
left_child=3 -2 -3 5 10 -1 11 8 -8 -10 29 12 13 15 -13 16 -4 -7 20 22 -14 -22 24 -24 -20 -25 -16 28 -15 -5
right_child=1 2 6 4 -6 17 7 -9 9 -11 -12 14 18 27 26 -17 -18 -19 19 -21 21 -23 23 25 -26 -27 -28 -29 -30 -31
leaf_value=-0.057787128954555296 -0.023172218315310068 -0.16554336987541352 0.14206370839921073 -0.033383604818213911 0.046500499922698786 0.63711084126301532 -0.1857412590858746 -0.51295394497759206 0.010741233368638381 0.441447090793401 -0.039626372477357071 -0.10989258216473005 0.53866086802259083 0.28001672428101299 0.051490093556084214 0.5763319888665126 -0.21408146815064052 -0.043230887204408645 0.024856333475014786 -0.4442189277069909 -0.063884029383061189 0.27977351500909647 0.15670575458031674 0.9009585290713743 0.484830716997385 0.21715815818309783 0.5122336152195931 -0.073174366235733035 0.74482380457614594 0.0093472549640830939
leaf_weight=9060 4143 353 2019 7856 4534 53 301 68 521 80 12975 531 40 156 10308 65 144 48 984 42 1161 116 536 55 72 50 51 45 95 20752
leaf_count=9060 4143 353 2019 7856 4534 53 301 68 521 80 12975 531 40 156 10308 65 144 48 984 42 1161 116 536 55 72 50 51 45 95 20752
internal_value=-1.21982e-06 0.0393767 0.0539409 -0.0156276 -0.00806649 -0.0536906 0.0583834 -0.0514196 -0.0166255 0.0680731 -0.0140162 0.0648503 0.102071 0.160304 0.0457788 0.131715 0.118354 0.31378 0.0539741 0.106449 -0.0153145 -0.0326669 0.120077 0.225281 0.0562182 0.575339 0.0537585 0.3755 0.45594 -0.00238617
internal_weight=77214 21936 17793 55278 46117 9161 17440 970 902 601 41583 16470 5580 2524 10890 2228 2163 101 3056 1739 1317 1277 1697 641 1056 105 10359 296 251 28608
internal_count=77214 21936 17793 55278 46117 9161 17440 970 902 601 41583 16470 5580 2524 10890 2228 2163 101 3056 1739 1317 1277 1697 641 1056 105 10359 296 251 28608
cat_boundaries=0 1
cat_threshold=10
is_linear=0
shrinkage=0.03


Tree=106
num_leaves=31
num_cat=0
split_feature=67 189 136 26 97 203 51 202 77 161 167 170 21 1 162 15 85 162 67 67 22 202 48 41 147 92 98 53 91 29
split_gain=49952.9 22167.5 31253 17099.7 16748.8 16105.2 16023.4 14741.6 17951.8 15219.7 14659 23278 14066 13656.6 15617.7 13399.1 16680.4 13279.9 12599.6 20820.8 50516.8 28449.7 16585.7 24176.8 16502.7 16037.3 19693.8 17304 16434 16169.9
threshold=0.099791660904884352 0.51666665449738514 0.48936327157744491 7.5000000000000009 0.64202290773391735 2.5000000000000004 0.36931818723678594 43.500000000000007 0.31291666626930242 190.28717341380187 3.1666666666666674 4.4641025641025651 0.68500000000000016 2.5000000000000004 328.75000000000006 0.018603595998818227 0.46410256624221807 196.57777777777781 0.44160820543766027 0.36679755151271826 7.5000000000000009 69.500000000000014 8.8641428947448748 75.099998474121108 63.833333333333336 0.84634274244308483 0.65610709786415111 0.76015871763229381 0.90033331513404857 8.9000000953674334
decision_type=10 10 8 2 10 10 10 8 8 8 8 8 2 8 8 8 10 10 10 10 2 8 10 10 10 10 10 10 10 10
left_child=13 6 -3 4 -4 18 -2 -8 12 -10 -11 -12 -9 14 -1 -7 -17 -18 19 25 -21 -22 23 24 -23 26 -5 28 -27 -30
right_child=1 2 3 5 -6 15 7 8 9 10 11 -13 -14 -15 -16 16 17 -19 -20 20 21 22 -24 -25 -26 27 -28 -29 29 -31
leaf_value=-0.014533239575412154 -0.030826617636092579 -0.079822763260964991 -0.033421241322383832 0.076593907407112069 -0.47199840003760846 -0.038349915207346853 -0.015965156803984901 0.055653410087509347 -0.1432706286292523 0.62351359559142072 -0.21321549527230671 0.20357166833093879 0.4301054375210116 -0.041601085926203395 0.044777855889294012 0.015331841960844531 -0.23900413902742523 0.14862678054847531 -0.20750410511970518 1.1657705022229088 0.86447562786665832 0.3014940269125832 -0.27299374270517573 0.78690584895201032 -0.50246943667531008 -0.18500086647150468 0.29051345948243928 -0.53850494021461126 0.32740894786352237 -0.19030022777616978
leaf_weight=32744 1059 2606 1769 3182 82 2493 925 3094 128 69 128 2087 93 14506 4551 4657 84 1499 125 54 44 54 95 48 40 245 441 63 169 80
leaf_count=32744 1059 2606 1769 3182 82 2493 925 3094 128 69 128 2087 93 14506 4551 4657 84 1499 125 54 44 54 95 48 40 245 441 63 169 80
internal_value=-1.33714e-06 0.0344491 0.0161767 0.0326096 -0.0528504 0.0444384 0.0774132 0.0949831 0.113313 0.175061 0.192901 0.179486 0.0665803 -0.0169023 -0.00729568 0.0204408 0.0439288 0.128058 0.0896045 0.0978301 0.325396 0.1639 0.0338353 0.239108 -0.0406181 0.0795922 0.102633 -0.0702746 -0.010561 0.161077
internal_weight=77214 25413 17830 15224 1851 13373 7583 6524 5599 2412 2284 2215 3187 51801 37295 8733 6240 1583 4640 4515 335 281 237 142 94 4180 3623 557 494 249
internal_count=77214 25413 17830 15224 1851 13373 7583 6524 5599 2412 2284 2215 3187 51801 37295 8733 6240 1583 4640 4515 335 281 237 142 94 4180 3623 557 494 249
is_linear=0
shrinkage=0.03


Tree=107
num_leaves=31
num_cat=2
split_feature=87 213 6 6 38 213 41 202 146 137 36 120 86 57 57 49 198 154 97 86 26 14 94 57 84 153 202 108 51 159
split_gain=47472.1 20208 19277.7 16460.2 16247.1 16171.4 14101.3 12863.5 14125.4 13710.6 14998 13616.2 13447.9 16340.1 32094.7 15547.6 14305 13741.1 18742.7 16175.4 20590.5 13454.5 15772.9 16462.7 15286.6 21584.9 18409.4 18627.2 13945 13389
threshold=0.72500002384185802 0 0.68500000000000016 0.015000000000000001 3.4055329561233525 1 101.90000152587892 53.500000000000007 0.76560374149659882 0.43946505677544573 3.0899459123611455 2.2003030303030306 0.45954339206218725 0.38165266811847692 0.35160160064697271 7.3697381019592294 7.4951255170446451 43.422619047619058 0.73241466283798229 0.51209756731987011 38.500000000000007 0.055 0.80920335650444042 0.090097405016422286 0.71333992481231701 40.577061767485311 74.500000000000014 43.225000000000009 0.80625000596046459 268.16666666666669
decision_type=8 1 8 10 10 1 10 8 10 10 10 10 10 10 10 8 10 10 10 10 2 10 10 10 10 8 10 8 10 10
left_child=3 2 -2 4 -1 6 -5 8 9 11 -11 -4 -9 14 17 -15 -16 21 19 -19 -21 22 23 -14 25 -25 27 -26 -23 -27
right_child=1 -3 7 5 -6 -7 -8 12 -10 10 -12 -13 13 15 16 -17 -18 18 -20 20 -22 28 -24 24 26 29 -28 -29 -30 -31
leaf_value=-0.06294078502792845 -0.10819208910839105 -0.028711947048537467 0.018560453738318754 0.0020681997105894516 0.36975296892697296 -0.035124217975414575 0.55876962560887744 0.056832365832105061 0.56604931607479003 0.12753442451103844 -0.24802730509433252 0.50267915452426326 0.6672877005268546 0.36749519354830096 0.37429583575191167 -0.29171677946072561 1.0963629822831515 0.10917992536784508 -0.1827373559347221 0.25727294478474594 1.1454861930459737 0.049350256649022164 0.67762197980985917 0.26186104671921995 -0.25815159468003263 -0.37398767650804732 0.44154737191685173 0.31017653891308744 -0.36601149604238314 0.18419782612634741
leaf_weight=6863 669 3501 3888 33806 79 14489 41 11000 41 132 348 53 51 42 58 138 43 52 42 41 55 444 51 675 243 88 59 66 87 69
leaf_count=6863 669 3501 3888 33806 79 14489 41 11000 41 132 348 53 51 42 58 138 43 52 42 41 55 444 51 675 243 88 59 66 87 69
internal_value=-1.297e-06 0.03734 0.0498725 -0.0148195 -0.0580167 -0.0086155 0.00274174 0.0558527 0.0117737 0.00663336 -0.144748 0.0250711 0.0706363 0.13654 0.159798 -0.137901 0.681711 0.133741 0.376591 0.53532 0.766145 0.108568 0.160474 0.139391 0.116956 0.188167 -0.0440432 -0.136761 -0.0187034 -0.12867
internal_weight=77214 21936 18435 55278 6942 48336 33847 17766 4462 4421 480 3941 13304 2304 2124 180 101 2023 190 148 96 1833 1302 1251 1200 832 368 309 531 157
internal_count=77214 21936 18435 55278 6942 48336 33847 17766 4462 4421 480 3941 13304 2304 2124 180 101 2023 190 148 96 1833 1302 1251 1200 832 368 309 531 157
cat_boundaries=0 1 2
cat_threshold=12 10
is_linear=0
shrinkage=0.03


Tree=108
num_leaves=31
num_cat=0
split_feature=84 6 37 21 162 91 109 40 180 109 14 162 68 202 44 17 64 187 45 188 101 154 117 14 96 32 6 199 140 36
split_gain=45464.5 18909.1 17944.7 15268.6 14478.2 12980.3 17718.8 17148.6 15271.1 16409.2 14049.1 15217.7 12230.1 13223.5 16065.8 15532.1 13799.4 26442.4 18769.3 15232.9 17222.6 17919.1 18772.9 14805.3 15398.7 14087.4 14419.2 16629.9 13616 14435.4
threshold=0.22222223132848742 0.59500000000000008 3.1291667222976689 0.15500000000000003 283.07142857142861 0.79458042979240429 43.738905451668479 76.500000000000014 5.3561835571156857 39.726673670610289 1.0000000180025095e-35 250.32051282051285 0.0063921043183654555 53.500000000000007 71.43918609619142 13.500000000000002 0.30588036775588995 69.916666666666686 12.340579509735109 39.791666666666679 59.773717590146276 33.968750000000007 0.47073860500630998 0.01499999999999996 0.6962377429008485 6.7507576942443857 0.25500000000000006 6.2264236652369469 5.0383341019368313 5.3459155559539804
decision_type=10 8 10 2 10 8 10 10 8 10 10 8 10 8 10 2 10 10 10 10 10 10 10 10 10 10 10 8 8 10
left_child=2 -2 -1 -3 5 7 8 -5 -7 10 -10 -12 -4 14 15 -14 25 18 19 20 -18 -22 -23 -21 -25 -15 -27 -28 -24 -30
right_child=1 3 12 4 -6 6 -8 -9 9 -11 11 -13 13 16 -16 -17 17 -19 -20 23 21 22 28 24 -26 26 27 -29 29 -31
leaf_value=-0.019414326547526898 -0.0029409543836759564 0.05068551661025044 -0.072194014653266469 0.25968396200093752 -0.059905476245484403 0.43544577741104618 0.60821152773168341 0.83509624786101855 -0.12771158663103879 -0.31466220354492014 -0.063757914653638517 0.6969112215936184 -0.14471365124126606 0.07747770486873809 -0.38931107796511605 0.059777243005274962 -0.013489135649676125 0.92154346617256722 -0.27079320479979674 -0.26461496795411221 -0.019932222078705944 1.0668768355686489 -0.11162518176921578 -0.1334124446241185 0.6305219040208675 0.37334918345723833 0.41901327276459105 -0.13675319960977458 0.30397895804065428 0.78422950218705567
leaf_weight=51003 6148 11664 903 450 212 69 54 52 103 132 41 56 481 2918 103 1096 144 41 89 112 86 41 43 48 47 63 52 711 167 85
leaf_count=51003 6148 11664 903 450 212 69 54 52 103 132 41 56 481 2918 103 1096 144 41 89 112 86 41 43 48 47 63 52 711 167 85
internal_value=-1.50622e-06 0.0403198 -0.0131442 0.061045 0.16441 0.214102 0.0980493 0.319288 0.0293491 -0.0550505 0.116293 0.375391 0.0310875 0.045828 -0.0263038 -0.00259442 0.0719053 0.177172 0.141766 0.189267 0.269805 0.366474 0.465375 -0.0309476 0.244534 0.0465166 -0.0628594 -0.0988766 0.381777 0.465968
internal_weight=77214 18981 58233 12833 1169 957 455 502 401 332 200 97 7230 6327 1680 1577 4647 903 862 773 566 422 336 207 95 3744 826 763 295 252
internal_count=77214 18981 58233 12833 1169 957 455 502 401 332 200 97 7230 6327 1680 1577 4647 903 862 773 566 422 336 207 95 3744 826 763 295 252
is_linear=0
shrinkage=0.03


Tree=109
num_leaves=31
num_cat=1
split_feature=86 21 80 213 203 188 39 37 89 52 26 71 28 150 187 58 62 153 191 39 151 147 129 52 86 156 88 49 199 151
split_gain=43080.5 16231.8 14885.5 15180.9 17782.6 15154.1 13927.5 14391.7 14813.4 13253.7 13284.8 15650.5 15649.4 12898.9 13912 12702.2 23014.4 18460.7 15904.1 12568.4 16558.7 13100 12923.9 12285 14586.8 12758 18841.2 12070.5 23161.7 15159.1
threshold=0.22222635895013812 0.23500000000000001 0.12758030742406848 0 5.5000000000000009 44.416666666666679 184.50000000000003 6.6794869899749765 0.95449998974800121 0.86129146814346325 26.500000000000004 0.60065361857414257 10.166666507720949 74.125000000000014 68.291666666666686 0.27342967689037329 0.19299802929162982 38.716620153961323 -0.010009092235905624 94.500000000000014 42.166666666666679 74.500000000000014 6.7524850946687804 0.527874916791916 0.64093536138534557 34.100000000000009 0.87416666746139537 9.3025393486022967 8.0440872253558648 36.833333333333336
decision_type=10 2 8 1 10 10 10 8 8 10 2 8 10 10 10 10 10 10 10 10 10 10 10 10 10 10 8 8 8 10
left_child=1 15 -2 4 13 6 7 9 -9 10 11 -6 27 23 -15 -1 18 -18 -17 21 -21 22 -12 -4 -25 26 -26 -13 -29 -30
right_child=2 -3 3 -5 5 -7 -8 8 -10 -11 19 12 -14 14 -16 16 17 -19 -20 20 -22 -23 -24 24 25 -27 -28 28 29 -31
leaf_value=-0.018768948018629834 -0.043210676023767741 0.03875852306638175 0.023446769172478253 0.0056639564883386563 0.54663033647970727 -0.22532597150059713 -0.50130503375862911 0.10414461396386976 0.46770052818691027 0.26836378865467531 -0.020988930866722058 0.11651847126386461 0.6109584099054336 0.87421899962425231 0.096915214186490975 0.21411226449074683 -0.32716924431559802 0.40500705295420703 0.90549401013066566 -0.096854709134460482 -0.62777938150590462 0.45522589290248494 0.34091252582228698 0.13044226684280638 -0.29383803810392106 -0.31106740267470823 0.59449156620285726 0.22047200056998167 -0.056680484844906495 -0.58751187569191377
leaf_weight=52815 1794 5010 1612 5384 66 207 43 662 119 185 2560 672 46 40 43 77 91 47 49 359 62 56 92 4595 42 129 44 119 101 93
leaf_count=52815 1794 5010 1612 5384 66 207 43 662 119 185 2560 672 46 40 43 77 91 47 49 359 62 56 92 4595 42 129 44 119 101 93
internal_value=-1.4609e-06 -0.0128593 0.039052 0.0475674 0.0663911 0.0264306 0.0363855 0.0408386 0.159539 0.0198218 0.00894148 0.0987739 0.0701041 0.0999236 0.471519 -0.0177314 0.189844 -0.0778049 0.482983 -0.022553 -0.175043 0.00115397 -0.00843428 0.095121 0.119142 -0.122378 0.160656 0.0448459 -0.109032 -0.311151
internal_weight=77214 58089 19125 17331 11947 5442 5235 5192 781 4411 4226 1097 1031 6505 83 53079 264 138 126 3129 421 2708 2652 6422 4810 215 86 985 313 194
internal_count=77214 58089 19125 17331 11947 5442 5235 5192 781 4411 4226 1097 1031 6505 83 53079 264 138 126 3129 421 2708 2652 6422 4810 215 86 985 313 194
cat_boundaries=0 1
cat_threshold=8
is_linear=0
shrinkage=0.03


Tree=110
num_leaves=31
num_cat=1
split_feature=61 159 91 208 216 157 39 32 84 89 8 158 193 15 6 50 41 158 48 14 183 199 46 160 72 27 191 50 202 154
split_gain=41221.9 15606.9 14190.9 18764.2 13861.1 13548.4 16553.2 18555.6 18257.5 14813.7 30314.5 14754.5 15774.4 13591.4 12863.3 12403.8 12020.6 18131.1 27228.2 17392.4 13841.4 16458.3 15619.1 22255.4 14320.4 17633.2 17201.3 18147.3 18098.8 15283.7
threshold=0.1052801087498665 257.50000000000006 0.93809092044830333 9.5000000000000018 0 35.054014729923395 109.50000000000001 6.6219220161437997 0.57175934314727794 0.95225000381469738 0.92800000000000016 31.174242424242429 10.500000000000002 0.019860440150295266 0.81500000000000006 8.4682841300964373 66.299999237060561 34.095454545454551 7.6937875747680673 -0.060000000000000032 0.68968253968253979 8.4942948486567342 6.6454546451568612 280.10000000000008 1.5608842372894289 6.5000000000000009 -0.13033748717298002 9.8308496475219744 63.500000000000007 39.677083333333336
decision_type=10 8 10 2 1 10 10 10 8 10 10 10 8 8 10 10 10 10 10 8 10 10 10 10 10 10 10 10 8 10
left_child=14 2 4 5 15 6 7 11 13 10 -7 -4 -13 -9 -1 -2 -3 18 -18 -20 21 22 23 -19 25 -24 -27 29 -29 -28
right_child=1 16 3 -5 -6 9 -8 8 -10 -11 -12 12 -14 -15 -16 -17 17 20 19 -21 -22 -23 24 -25 -26 26 27 28 -30 -31
leaf_value=-0.018663581874057387 0.017861900538352599 0.043577300501875249 0.20950469769929586 -0.27038959666600693 -0.013280231878017409 -0.18018769896601977 -0.13724133439362049 -0.30778719336645943 0.58641499928917196 -0.2244369615983963 0.73000881850719446 0.41559946982860563 1.1427276744462294 0.2509509354427959 0.064455279532798518 0.13163266473653421 -0.27722299360349528 0.078957735672593121 0.0010786125839573062 0.52383451659988634 -0.21087052777016327 -0.095007193158037559 0.32612170145112512 1.0023861078691223 0.57504314469918605 -0.4392257497527382 -0.17641595882712863 -0.046019313812255859 0.78347805890543698 0.14773730450309813
leaf_weight=49031 2937 8816 57 92 10765 73 72 70 70 125 60 50 58 89 1735 1221 61 48 73 266 135 285 227 46 60 66 240 40 58 288
leaf_count=49031 2937 8816 57 92 10765 73 72 70 70 125 60 50 58 89 1735 1221 61 48 73 266 135 285 227 46 60 66 240 40 58 288
internal_value=-1.39519e-06 0.0303674 0.011358 0.133178 0.00469674 0.18446 0.281024 0.357458 0.182701 0.0100473 0.230427 0.6 0.806094 0.0049656 -0.0158229 0.0511478 0.0583055 0.126897 0.30627 0.411265 0.0788399 0.10764 0.161466 0.530848 0.125999 0.0966814 0.021417 0.0699832 0.444908 0.000394912
internal_weight=77214 26448 15739 816 14923 724 466 394 229 258 133 165 108 159 50766 4158 10709 1893 400 339 1493 1358 1073 94 979 919 692 626 98 528
internal_count=77214 26448 15739 816 14923 724 466 394 229 258 133 165 108 159 50766 4158 10709 1893 400 339 1493 1358 1073 94 979 919 692 626 98 528
cat_boundaries=0 1
cat_threshold=3
is_linear=0
shrinkage=0.03


Tree=111
num_leaves=31
num_cat=1
split_feature=84 6 214 6 21 162 137 202 58 110 45 159 50 68 57 165 38 191 91 109 40 180 109 14 162 162 198 55 53 101
split_gain=39790.2 16553.5 16517.3 15283.9 14189.4 13628 13321.6 15703.5 17748.2 24664.9 18659.7 16617.4 13530.1 13057.9 12919.3 13446.1 21578.9 12616.2 12399.4 16630.6 16135.4 14406.8 15405.3 13110.6 14233.1 12368.3 13723 14161.6 16225.9 14195.8
threshold=0.22222223132848742 0.59500000000000008 0 0.92500000000000016 0.15500000000000003 283.07142857142861 0.48002484479811308 73.500000000000014 0.20347728580236438 35.031250000000007 9.3431372642517108 269.83333333333343 8.1250128746032733 0.11527201533317567 0.26365442574024206 1.5599664545233807 3.8339895009994511 0.0086752443935098639 0.79458042979240429 43.738905451668479 76.500000000000014 5.3561835571156857 39.726673670610289 1.0000000180025095e-35 250.32051282051285 295.0555555555556 8.4352441043540534 0.78329727053642284 0.64447331428527843 66.959562408433115
decision_type=10 8 9 10 2 10 8 8 10 8 10 10 10 8 10 10 10 8 8 10 10 8 10 10 8 10 10 8 10 10
left_child=2 -2 3 6 -3 18 -1 -8 -9 10 11 12 -10 -5 15 -11 -17 -16 20 21 -6 -20 23 -23 -25 26 27 28 -15 -30
right_child=1 4 -4 13 5 -7 7 8 9 14 -12 -13 -14 25 17 16 -18 -19 19 -21 -22 22 -24 24 -26 -27 -28 -29 29 -31
leaf_value=-0.02643834750925575 -0.0027566634927495763 0.04712455125757526 -0.02840445816410514 -0.13044735556740439 0.24995609338432548 -0.060873475546931038 -0.010221949116540327 0.035187978696842585 0.061815190826143535 -0.021234637328964325 -0.0064364036093366907 1.1569746216932932 0.8233012370552335 0.15205572219095218 0.16124312199079072 -0.090569132268428804 0.74466706404947258 -0.46568727011864003 0.4194211250737957 0.58578947510984214 0.80811162010981485 -0.12668640103444312 -0.30853770984887058 -0.065383793609898266 0.6702656679929766 -0.15823480944627913 -0.33518893137574196 -0.098893863023653369 0.52681268570691209 -0.077772455055539189
leaf_weight=11156 6148 11664 28870 178 450 212 9375 7069 42 124 47 45 42 503 52 45 73 65 69 54 52 103 132 41 56 107 44 118 237 41
leaf_count=11156 6148 11664 28870 178 450 212 9375 7069 42 124 47 45 42 503 52 45 73 65 69 54 52 103 132 41 56 107 44 118 237 41
internal_value=-1.40477e-06 0.0377199 -0.0122966 0.00354923 0.0571113 0.156756 -0.000971387 0.0157616 0.0477968 0.214398 0.50532 0.691773 0.442558 0.107151 0.0717743 0.196909 0.426145 -0.187052 0.204967 0.091541 0.307773 0.0249838 -0.0569926 0.109027 0.359321 0.14743 0.182113 0.207431 0.253713 0.437647
internal_weight=77214 18981 58233 29363 12833 1169 28135 16979 7604 535 176 129 84 1228 359 242 118 117 957 455 502 401 332 200 97 1050 943 899 781 278
internal_count=77214 18981 58233 29363 12833 1169 28135 16979 7604 535 176 129 84 1228 359 242 118 117 957 455 502 401 332 200 97 1050 943 899 781 278
cat_boundaries=0 1
cat_threshold=264
is_linear=0
shrinkage=0.03


Tree=112
num_leaves=31
num_cat=2
split_feature=84 213 214 203 6 54 6 157 53 14 45 56 61 47 46 49 117 49 85 161 43 173 77 96 6 161 195 91 158 58
split_gain=37438.8 15580.2 15541.4 14858 14380.6 13946 13873.4 16473 13749.8 13559.1 13325 16388 12833.7 12660.6 16240.7 13260.8 13236.3 12607.2 12954.3 13561.3 15663.4 17861.8 18524.8 17070.8 18977.9 18059.5 15473.9 14172.9 19904.2 22815.3
threshold=0.22222223132848742 0 1 6.5000000000000009 0.92500000000000016 0.63040828704833995 0.99500000000000011 35.985043395667937 0.6600974202156068 0.095000000000000057 9.4083333015441912 0.68096476793289196 0.23429752886295321 10.334047317504885 12.152070045471193 12.201666355133058 0.46911459132799976 14.510770797729494 1.1742423772811892 245.66402950936978 55.348484039306648 0.075398022175644688 0.22237484902143481 0.77143371105194103 0.95500000000000007 271.12809025335042 111.50000000000001 0.7842262089252473 38.031250000000007 0.26471826434135443
decision_type=10 1 9 10 10 10 10 10 10 10 10 10 8 10 10 8 10 10 10 8 10 10 8 10 10 10 8 8 10 10
left_child=2 3 4 5 -1 8 -5 -8 10 17 -2 13 -10 16 -15 -16 -12 18 19 -7 26 22 -22 24 27 -25 -21 -24 29 -29
right_child=1 -3 -4 6 -6 9 7 -9 12 -11 11 -13 -14 14 15 -17 -18 -19 -20 20 21 -23 23 25 -26 -27 -28 28 -30 -31
leaf_value=-0.00094224526808084146 0.095473707959998919 0.002999697343844982 -0.027552619580531599 0.007575311418163826 0.10393646555091179 0.11249023471579614 0.66215871050244279 -0.11628164454828947 -0.067546123345829032 0.0212843622244616 -0.3766146543824066 -0.62016269773244848 -0.64218056905528775 -0.49482946233767444 0.38075848872844992 -0.29675674631045412 0.094734054782560889 -0.1149897654894097 -0.26745698031606313 0.58404865002173645 0.8530254345880427 -0.14508861239254472 0.046777942130963007 -0.51776412663537486 0.97891945671527936 0.38372125191986556 0.096585193612578002 0.37797828315716719 0.10163464779341684 1.022546443931468
leaf_weight=28135 2234 7523 28870 4343 1228 1289 63 40 146 856 59 42 46 99 52 52 588 145 59 65 71 60 108 40 47 40 596 138 103 77
leaf_count=28135 2234 7523 28870 4343 1228 1289 63 40 146 856 59 42 46 99 52 52 588 145 59 65 71 60 108 40 47 40 596 138 103 77
internal_value=-1.47317e-06 0.0365883 -0.0119279 0.0585878 0.00344275 0.0858416 0.0157365 0.359852 0.0412003 0.125939 0.0563355 -0.0416855 -0.205219 -0.013102 -0.219803 0.0420009 0.0517517 0.157505 0.172177 0.182024 0.248663 0.349305 0.396843 0.338273 0.406822 -0.0670214 0.14452 0.343703 0.444545 0.608824
internal_weight=77214 18981 58233 11458 29363 7012 4446 103 3318 3694 3126 892 192 850 203 104 647 2838 2693 2634 1345 684 624 553 473 80 661 426 318 215
internal_count=77214 18981 58233 11458 29363 7012 4446 103 3318 3694 3126 892 192 850 203 104 647 2838 2693 2634 1345 684 624 553 473 80 661 426 318 215
cat_boundaries=0 1 2
cat_threshold=8 264
is_linear=0
shrinkage=0.03


Tree=113
num_leaves=31
num_cat=1
split_feature=87 213 6 17 62 21 189 177 169 17 65 167 116 63 173 131 135 31 190 67 15 78 54 137 158 91 37 86 189 42
split_gain=35758.8 15945.6 16764.6 15506 18063.9 14743.1 12451.1 16453.4 14757 15254.6 13108 13039.9 15664.2 18581.4 16427.8 15482.3 20443.4 14060.6 13647.2 13069.7 12999.2 14645.4 12757.7 12425.1 13376.5 12964.9 13488.4 22451.4 12714.4 13219.2
threshold=0.72500002384185802 0 0.68500000000000016 1.0000000180025095e-35 0.048248674720525749 0.68500000000000016 0.49585392698645597 0.44003330825613945 3.1950757694399825 56.500000000000007 0.49432237446308142 6.8333333333333348 0.5480351906832176 0.4551981538534165 0.10037809106686295 -0.12507904222168822 0.42805353203711272 11.035714149475099 0.049251263078384129 0.18651858717203143 -1.0000000180025095e-35 0.24057334661483767 0.69135579466819774 0.48002484479811308 44.828571428571429 0.81033334136009227 3.8397434949874882 0.24499800056219104 1.2827591933310034 75.247848510742202
decision_type=8 1 8 2 10 2 10 8 10 2 10 10 10 10 10 10 10 10 10 8 8 10 8 8 8 10 10 10 10 10
left_child=3 2 -2 -1 -5 23 8 -8 9 -4 11 12 14 17 -10 -15 -17 19 -18 -14 21 -13 -16 28 25 -25 -27 -28 29 -6
right_child=1 -3 6 4 5 -7 7 -9 10 -11 -12 20 13 15 22 16 18 -19 -20 -21 -22 -23 -24 24 -26 26 27 -29 -30 -31
leaf_value=-0.069469842988403113 -0.10386365599604531 -0.026263895575323187 0.10753250825569446 -0.027872929270977776 -0.0068922521920484828 0.15575177454944664 -0.1095729194025872 0.039728395529515272 0.083795448534134634 0.32206417767867135 -0.35477577352040524 0.17698479699417333 0.038546747526617395 -0.22329086065292358 0.84854012925177813 0.76707671496697838 -0.28940066403647263 0.42270915273163051 0.40681189446613703 -0.13271286009706448 0.071006730315161914 0.71275834012675932 0.17635387592845492 0.0072177730379875231 0.10504822008650989 -0.033059840894896879 0.96465307914933485 0.18471005660928275 -0.11502695012914817 -0.48248422184080447
leaf_weight=4037 669 3501 2598 23346 6956 594 708 10765 665 337 74 121 639 51 48 70 45 54 58 1077 328 74 54 17274 1466 132 43 146 1231 53
leaf_count=4037 669 3501 2598 23346 6956 594 708 10765 665 337 74 121 639 51 48 70 45 54 58 1077 328 74 54 17274 1466 132 43 146 1231 53
internal_value=-1.52421e-06 0.0324072 0.0435401 -0.0128623 -0.00840251 0.00789276 0.0491153 0.030515 0.0830262 0.132165 0.040077 0.0489744 0.0229564 -0.0213613 0.138171 0.23607 0.371488 -0.0539402 0.102641 -0.0689396 0.186328 0.380304 0.492677 0.00467573 0.0179825 0.0107283 0.199638 0.362157 -0.0261059 -0.0104885
internal_weight=77214 21936 18435 55278 51241 27895 17766 11473 6293 2935 3358 3284 2761 1994 767 224 173 1770 103 1716 523 195 102 27301 19061 17595 321 189 8240 7009
internal_count=77214 21936 18435 55278 51241 27895 17766 11473 6293 2935 3358 3284 2761 1994 767 224 173 1770 103 1716 523 195 102 27301 19061 17595 321 189 8240 7009
cat_boundaries=0 1
cat_threshold=12
is_linear=0
shrinkage=0.03


Tree=114
num_leaves=31
num_cat=0
split_feature=67 17 203 21 1 34 30 86 118 44 103 41 158 1 54 5 159 88 191 10 198 154 102 151 106 139 142 139 6 68
split_gain=34246.5 24339 21130 18299.8 15222.1 15528.4 15772.3 14594.3 23566.2 14531.6 13926 13746.3 13447.5 16028.2 18834.1 13276.7 13179.3 13140.8 12248.1 12072.2 32937 11997.4 16990.2 16477.5 21186.3 13138.1 13045.1 17015.1 15492 17993.7
threshold=0.034981045871973045 1.5000000000000002 5.5000000000000009 0.18500000000000003 1.5000000000000002 5.1666667461395273 6.067127227783204 0.78237086534500133 0.55824498520267063 60.298648834228523 10.833333333333334 49.225000381469734 43.071428571428577 1.5000000000000002 0.32783192396163946 1.0000000180025095e-35 257.16666666666669 0.58022010326385509 0.059355328180588647 0.78393734643734658 7.9780971326073473 45.937500000000007 64.930952380952405 42.833333333333336 11.279220779220781 6.4852905368384102 5.3075602608160803 5.7074783287469861 0.84500000000000008 0.33708831667900091
decision_type=10 2 10 2 8 10 10 10 10 10 10 10 8 8 10 2 10 10 8 10 8 8 10 10 10 10 8 8 10 10
left_child=12 4 3 9 5 6 -2 15 -9 -3 19 -6 -1 14 -14 16 -4 -15 -8 -5 -21 23 -23 25 -25 26 -11 28 -28 -30
right_child=1 2 7 10 11 -7 18 8 -10 21 -12 -13 13 17 -16 -17 -18 -19 -20 20 -22 22 -24 24 -26 -27 27 -29 29 -31
leaf_value=-0.027014547800549269 0.050650778726900665 0.027872390506870081 -0.016641418217153474 0.15765610249686368 -0.063470896937735444 -0.30487107635946836 0.22952709443553496 0.91693300641164543 -0.0015482233206813153 -0.05943040683180436 0.00508476711162384 -0.41859799983182755 0.45384522979196745 -0.0014594738742513521 0.059665951782429713 -0.11283338285449857 0.040815927071917057 -0.19750660513383403 0.8553199836462736 -0.059775266682817817 0.86248867828112374 0.79959946398551651 -0.017112196596657355 -0.20210117299917277 0.47303356114698913 -0.20815555207937667 0.1660847554548403 0.13718744125935647 1.1873817181296464 0.33159891087561844
leaf_weight=33349 515 13994 8645 1256 3414 85 95 41 65 261 518 101 114 2310 2535 878 6148 355 40 63 78 52 41 286 49 103 89 1645 41 48
leaf_count=33349 515 13994 8645 1256 3414 85 95 41 65 261 518 101 114 2310 2535 878 6148 355 40 63 78 52 41 286 49 103 89 1645 41 48
internal_value=-1.58057e-06 0.0200068 0.0283974 0.0501275 -0.0477127 0.0764476 0.126312 0.00288377 0.353713 0.0400027 0.137942 -0.0736751 -0.019952 0.0243706 0.0766295 0.000510724 0.00723797 -0.0275746 0.414947 0.187204 0.450413 0.104917 0.439544 0.0925776 -0.10335 0.122589 0.138936 0.167336 0.44596 0.725836
internal_weight=77214 38551 34301 18524 4250 735 650 15777 106 16609 1915 3515 38663 5314 2649 15671 14793 2665 135 1397 141 2615 93 2522 335 2187 2084 1823 178 89
internal_count=77214 38551 34301 18524 4250 735 650 15777 106 16609 1915 3515 38663 5314 2649 15671 14793 2665 135 1397 141 2615 93 2522 335 2187 2084 1823 178 89
is_linear=0
shrinkage=0.03


Tree=115
num_leaves=31
num_cat=1
split_feature=84 213 97 95 56 198 55 87 200 6 5 116 102 168 82 43 49 177 14 45 121 115 22 155 158 22 47 60 154 193
split_gain=32581.8 15108.7 14605.6 14108.7 19659 18614.6 18416.9 17267.1 16984.2 15564.5 20435.8 21425 18342.4 16547.6 15668.9 16730.3 14927.5 20196.6 14317.7 19795.7 15341.4 14066.6 13794.8 13646 13170.9 14074.4 13104.6 25950.4 21553.9 15022.6
threshold=0.24640789628028872 0 0.72016116976737987 0.64287999272346508 0.65672981739044201 7.3136821428571439 0.55334207415580761 0.99500000476837169 1.0000000180025095e-35 0.67500000000000016 1.0000000180025095e-35 0.52211356737801151 69.961538461538467 4.1000000000000005 0.58333334326744091 47.677083969116218 9.6252894401550311 0.41587379136035385 -0.014999999999999956 13.970588207244875 2.7412408053904866 0.61972694723292532 12.500000000000002 27.833333333333339 34.207142857142863 14.500000000000002 6.8003969192504892 0.16035791486501697 35.138095238095246 27.500000000000004
decision_type=10 1 10 10 10 8 10 10 2 8 2 8 10 8 10 10 8 10 8 10 10 10 2 10 8 2 10 8 8 10
left_child=2 3 -1 9 5 -5 8 24 -6 -2 11 12 -11 16 15 -12 17 -13 20 23 -8 22 -4 -20 -7 -26 27 28 -15 -28
right_child=1 -3 21 4 6 7 18 -9 -10 10 14 13 -14 26 -16 -17 -18 -19 19 -21 -22 -23 -24 -25 25 -27 29 -29 -30 -31
leaf_value=-0.01280388890894483 0.029979675202911508 0.00073321609985311446 -0.19079641377287251 -0.3393058724354866 0.20583398411782938 0.070487477644120597 0.14118206707087955 0.36013051850455147 0.93194221798763721 0.060047261656208474 -0.32670081153207892 1.1937907242220502 -0.43853404020339665 0.87487412383026897 -0.39067130940301076 0.39822072250687557 0.068068542015552527 0.33262079119682308 -0.48622644581445829 -0.44372362998539 0.74775511360749969 -0.084046749167326018 0.1582013193951555 0.081441420365999453 -0.39783970347791914 -0.058256248767984214 0.23666046715768455 -0.099904401968871487 0.15341544053455194 -0.02484908520909292
leaf_weight=58611 2767 6506 112 172 89 721 443 105 43 1027 49 43 71 47 119 69 50 57 41 87 41 369 1134 541 120 1298 1684 394 180 224
leaf_count=58611 2767 6506 112 172 89 721 443 105 43 1027 49 43 71 47 119 69 50 57 41 87 41 369 1134 541 120 1298 1684 394 180 224
internal_value=-1.53308e-06 0.0366913 -0.0103515 0.058953 0.0118974 -0.0385277 0.106704 -0.0154734 0.442369 0.0847224 0.122459 0.139415 0.0278075 0.185158 -0.147768 0.097194 0.491305 0.702924 0.068276 -0.0216434 0.192565 0.0786488 0.126831 0.0414511 -0.0339111 -0.0869939 0.166999 0.0472971 0.302792 0.205959
internal_weight=77214 16988 60226 10482 3701 2416 1285 2244 132 6781 4014 3777 1098 2679 237 118 150 100 1153 669 484 1615 1246 582 2139 1418 2529 621 227 1908
internal_count=77214 16988 60226 10482 3701 2416 1285 2244 132 6781 4014 3777 1098 2679 237 118 150 100 1153 669 484 1615 1246 582 2139 1418 2529 621 227 1908
cat_boundaries=0 1
cat_threshold=8
is_linear=0
shrinkage=0.03


Tree=116
num_leaves=31
num_cat=1
split_feature=213 1 150 76 203 194 129 85 152 137 54 92 132 20 17 168 148 47 100 43 90 40 203 101 6 68 32 185 17 34
split_gain=31303.3 24786.3 18195.1 18362.7 15410.3 16110.1 18746.5 18344.4 15534 14143.1 13335.4 16383.2 13271.8 13216.7 12928.8 12594.8 12383.9 12368.2 12338.1 13957.8 17507.7 13789.1 16650.4 16767.7 12992.9 16183.1 12333.7 12205.6 13697.3 16433.8
threshold=0 1.5000000000000002 72.812500000000014 0.20388176292181018 6.5000000000000009 5.5000000000000009 5.1519114698355262 0.88194444775581371 36.500000000000007 0.45840478834030413 0.45899142324924475 0.63269448280334484 -0.12664012115808929 1.5000000000000002 2.5000000000000004 6.366666666666668 69.733333333333348 3.8022222518920903 52.900000000000006 68.035713195800795 0.45541149377822882 57.166666030883796 12.500000000000002 69.045401939153876 0.40500000000000008 0.17650739103555682 1.8265050649642947 0.76534432521686024 53.500000000000007 7.8333332538604745
decision_type=1 8 8 10 10 10 8 10 10 8 10 10 8 2 2 10 10 10 10 8 10 10 10 10 8 10 10 10 2 10
left_child=1 2 4 10 5 6 -1 27 -9 -7 11 17 -6 18 -2 -12 -14 -4 24 21 -21 -20 23 -23 -3 -26 -16 28 -8 -30
right_child=14 13 3 -5 12 9 7 8 -10 -11 15 -13 16 -15 26 -17 -18 -19 19 20 -22 22 -24 -25 25 -27 -28 -29 29 -31
leaf_value=0.029931042154036861 -0.051634819784190232 -0.081693139394809461 0.52640451979400082 -0.24023865910938808 -0.18963487298148018 -0.071028540452542713 0.12835824516221508 0.88077495683300289 0.21995568435532706 0.051341919100652188 0.11200231891537626 0.77663752766687477 0.020072407136659337 0.16591789343551946 -0.028745624603042325 0.58041983303096556 -0.16826532702831304 -0.01556324066740743 -0.0083584617174558545 -0.013678775120186415 -0.19669987646853504 0.30452272812283482 -0.30829817062616349 -0.25469212896057541 0.89214378499984737 0.068189496805028213 0.0065484861266505096 -0.25523967989953233 0.46663074911621055 -0.13894051907622085
leaf_weight=1344 7808 58 66 105 315 993 1381 59 70 5904 1193 67 5865 390 15979 54 332 89 12158 1150 796 349 60 56 45 41 20146 64 228 49
leaf_count=1344 7808 58 66 105 315 993 1381 59 70 5904 1193 67 5865 390 15979 54 332 89 12158 1150 796 349 60 56 45 41 20146 64 228 49
internal_value=-1.4843e-06 0.0219414 0.0455466 0.14303 0.0363056 0.0595216 0.115212 0.177133 0.522191 0.0337236 0.170425 0.38465 0.000326412 -0.00645541 -0.0166253 0.132287 0.00998234 0.21521 -0.0110245 -0.0137558 -0.0885425 -0.00222644 0.158103 0.227199 0.265306 0.499328 -0.00906299 0.151284 0.166976 0.359508
internal_weight=77214 33281 18178 1574 16604 10092 3195 1851 129 6897 1469 222 6512 15103 43933 1247 6197 155 14713 14569 1946 12623 465 405 144 86 36125 1722 1658 277
internal_count=77214 33281 18178 1574 16604 10092 3195 1851 129 6897 1469 222 6512 15103 43933 1247 6197 155 14713 14569 1946 12623 465 405 144 86 36125 1722 1658 277
cat_boundaries=0 1
cat_threshold=8
is_linear=0
shrinkage=0.03


Tree=117
num_leaves=31
num_cat=0
split_feature=67 87 195 137 139 57 47 31 92 39 92 112 191 64 118 14 110 203 155 64 101 45 6 203 161 30 147 40 118 21
split_gain=29939.8 21932.7 23346.9 19678.1 13901.6 13766.2 15536.6 13171.5 16018.8 23129.1 15105.5 15602.8 14563 18123.2 24995.3 22806.6 20967.4 14375.4 14175.6 17576.2 13868.6 13323.7 12831.5 12823.1 16334.9 17963.8 19815.5 13180 17516.8 12933.6
threshold=0.034981045871973045 0.94051471352577221 346.00000000000006 0.47826441184590135 6.5563159529061359 0.38529014587402349 8.8000760078430194 9.4365081787109393 0.84634274244308483 49.500000000000007 0.88323789834976207 32.70000000000001 -0.070846924383048279 0.28822021186351782 0.6071844821844824 -0.070000000000000034 40.516666666666673 4.5000000000000009 40.166666666666679 0.32075728476047521 67.858033905293482 8.2071428298950213 0.30500000000000005 11.500000000000002 248.81545458356285 9.0002112388610858 66.833333333333357 83.500000000000014 0.58479536934462872 0.68500000000000016
decision_type=10 8 8 8 10 10 10 10 10 10 10 10 10 10 10 10 10 10 10 10 10 10 10 10 10 10 10 10 10 2
left_child=-1 2 3 -2 -3 7 -7 8 17 18 -11 -12 -9 -14 16 -16 21 22 19 -10 -18 -15 -5 24 29 -26 27 -27 -29 -4
right_child=1 4 23 5 -6 6 -8 12 9 10 11 -13 13 14 15 -17 20 -19 -20 -21 -22 -23 -24 -25 25 26 -28 28 -30 -31
leaf_value=-0.018655266683214093 -0.06544272219705756 0.080306507744780223 0.021492844395042846 -0.014990324061454575 -0.47428932064917029 -0.050290039479732512 -0.65042806696891786 -0.26665377966735676 -0.11085357608552342 -0.42109169055308615 0.34444105176549206 -0.22182719084951613 -0.043394541210598415 -0.026997382193803786 0.56078987681865688 -0.30955747417573415 0.52858448479135156 -0.011473264146440022 0.34450815353504161 0.32348515446438936 1.2418441888264247 0.55217231068812622 0.06726810869895393 -0.037504157618965937 0.098471674576453283 0.45825617114036549 0.76861874890758797 0.34897950975732367 -0.50244697609613109 0.33981122103756511
leaf_weight=38663 4075 5170 4342 2466 41 110 60 69 548 252 57 189 189 72 40 84 59 10454 97 99 42 71 5543 1242 2817 82 76 44 43 118
leaf_count=38663 4075 5170 4342 2466 41 110 60 69 548 252 57 189 189 72 40 84 59 10454 97 99 42 71 5543 1242 2817 82 76 44 43 118
internal_value=-1.43983e-06 0.0187066 0.00976061 -0.00523102 0.075943 0.00673731 -0.262103 0.00898525 0.00468139 -0.0996077 -0.257846 -0.0906187 0.144461 0.195389 0.318025 -0.0288003 0.49428 0.0116969 0.00630989 -0.0443937 0.825188 0.260562 0.0419404 0.0518001 0.0665456 0.119901 0.366294 0.185366 -0.0718405 0.0299147
internal_weight=77214 38551 33340 24576 5211 20501 170 20331 19705 1242 498 246 626 557 368 124 244 18463 744 647 101 143 8009 8764 7522 3062 245 169 87 4460
internal_count=77214 38551 33340 24576 5211 20501 170 20331 19705 1242 498 246 626 557 368 124 244 18463 744 647 101 143 8009 8764 7522 3062 245 169 87 4460
is_linear=0
shrinkage=0.03


Tree=118
num_leaves=31
num_cat=0
split_feature=38 21 17 50 168 146 141 28 107 29 154 49 14 62 132 102 54 26 115 62 45 55 160 161 9 99 51 66 199 111
split_gain=28676.8 15456.3 14848.2 18370.1 15968.3 24764.6 19281.6 20736.8 23284.1 19824.5 15292.2 14253.5 14431.4 16700.9 13935.6 14268 17085.3 12666.6 13918.1 21518.3 19808.3 17252.5 14471.3 12877 12393.8 12223.7 14807.4 19762.8 14501.5 20519.7
threshold=3.2228132486343388 0.17500000000000002 10.500000000000002 9.4808473587036151 6.5500000000000007 0.67335317460317456 6.4744735828034097 6.8333332538604745 36.166666666666679 7.9000000953674325 44.677083333333336 12.001124382019045 -0.014999999999999956 0.20347587019205096 -0.04773187055295592 62.809090909090919 0.67805528640747081 27.500000000000004 0.60334228419334812 0.28645069897174841 12.516666889190676 0.55334207415580761 216.30000000000004 160.8556445846863 0.7704139863275532 66.583333333333357 0.68990385532379161 0.32449826598167425 7.2515472680341384 27.833333333333339
decision_type=10 2 2 10 10 8 10 10 10 10 8 10 8 10 8 8 10 2 10 10 10 10 10 10 8 10 10 10 10 10
left_child=1 -1 -2 17 6 -6 7 9 24 14 11 12 13 -10 -5 16 -16 25 20 -20 23 -22 -23 -19 -9 26 28 -28 29 -4
right_child=2 -3 3 4 5 -7 -8 8 10 -11 -12 -13 -14 -15 15 -17 -18 18 19 -21 21 22 -24 -25 -26 -27 27 -29 -30 -31
leaf_value=-0.014295709893727011 -0.012488087764030681 0.03619661826949231 0.69962487151388264 -0.28427067616581919 0.077989973681715299 1.034976124604543 -0.26408143526977962 0.21345269948244094 -0.33973206374755838 0.93922050164240156 0.56048854727745057 -0.44073073602654034 0.26480334578674863 0.17630683583849005 -0.22864999824100071 0.43250701983107459 0.4088543754029022 -0.44722250245338258 -0.022170771375484764 -0.64458912945845548 -0.39972272848125795 -0.32859930282009053 0.043818743381513245 0.074093345037905128 -0.30281548861534363 -0.032237643339941578 0.12546550500210715 -0.38832535341947894 0.52880337370249131 0.1107059995091558
leaf_weight=55263 4199 6054 61 40 53 45 108 54 97 41 75 40 355 135 81 270 71 43 2525 51 137 116 493 5149 186 372 458 79 144 419
leaf_count=55263 4199 6054 61 40 53 45 108 54 97 41 75 40 355 135 81 270 71 43 2525 51 137 116 493 5149 186 372 458 79 144 419
internal_value=-1.39653e-06 -0.00931046 0.035905 0.0532757 0.146015 0.517422 0.122578 0.151477 0.0684318 0.307002 0.155641 0.107214 0.144553 -0.0394508 0.250896 0.301623 0.0691316 0.038036 0.0237425 -0.0344935 0.0490063 -0.0955454 -0.027118 0.0697758 -0.186655 0.117419 0.165371 0.0498799 0.264761 0.185548
internal_weight=77214 61317 15897 11698 1651 98 1553 1445 942 503 702 627 587 232 462 422 152 10047 8514 2576 5938 746 609 5192 240 1533 1161 537 624 480
internal_count=77214 61317 15897 11698 1651 98 1553 1445 942 503 702 627 587 232 462 422 152 10047 8514 2576 5938 746 609 5192 240 1533 1161 537 624 480
is_linear=0
shrinkage=0.03


Tree=119
num_leaves=31
num_cat=2
split_feature=214 1 121 202 6 17 8 198 164 12 79 12 139 55 189 150 52 43 7 44 154 149 97 74 217 96 62 113 91 148
split_gain=28017.7 23965.4 20539 17310.9 20232.7 15713.4 18015.8 18361.2 15272.4 14753.7 14046 16436.9 15794.8 14709.9 13651 13113.6 14113 12508.4 18790.5 12252.2 16813.3 12657.3 14631.4 11619.1 11508.1 11778.3 11599.3 11460.4 11348.3 11295.8
threshold=0 1.5000000000000002 2.2071548977413098 53.500000000000007 0.94500000000000006 14.500000000000002 0.94675000000000009 7.9265989800215229 2.9000000000000004 0.72327793821178177 0.2562996000051499 0.72733155510536263 5.5297631440354129 0.46436507999897009 1.7530424445867541 72.354166666666671 0.45016834139823919 68.035713195800795 0.67166666666666686 71.43918609619142 35.759615384615394 64.352591910982468 0.74794238805770885 0.96190130710601818 1 0.38398712873458868 0.20347587019205096 25.3546465935969 0.85763889551162731 69.63333333333334
decision_type=9 8 8 8 8 2 10 8 10 10 10 10 10 8 10 8 10 8 10 10 8 10 8 8 9 8 10 10 10 10
left_child=1 2 14 5 10 9 19 -8 29 28 11 15 -12 -13 -1 -5 -17 -3 27 -7 -21 -22 -23 -2 25 -18 -27 -19 -4 -6
right_child=23 17 3 4 8 6 7 -9 -10 -11 12 13 -14 -15 -16 16 24 18 -20 20 21 22 -24 -25 -26 26 -28 -29 -30 -31
leaf_value=0.012259665458606545 -0.056258590623120573 0.0020768709575518583 -0.068866383809339168 0.046449338304088816 0.12251506855705999 0.048350192252232568 0.70556913526090848 0.045607893720646449 0.70686575453855438 -0.40744892011371858 0.76545605774806891 0.46405189827447985 0.16389612177878507 -0.12073471542909441 -0.10324512012289438 0.40388778884650606 -0.17876895408332347 0.31783864151686431 -0.2469141627649922 0.31479421321749684 -0.55731698387180972 0.30907162061717824 -0.41078706390327874 -0.011751627134369207 0.031568166804344974 0.51373722792461218 -0.025938192022607682 -0.045118024256775698 0.36768955515963692 0.36469072160503219
leaf_weight=5429 6515 17464 1246 7649 2092 2195 73 79 44 113 46 41 269 694 1109 179 40 81 436 50 92 48 54 27828 561 151 47 2344 56 189
leaf_count=5429 6515 17464 1246 7649 2092 2195 73 79 44 113 46 41 269 694 1109 179 40 81 436 50 92 48 54 27828 561 151 47 2344 56 189
internal_value=-1.35473e-06 0.0161714 0.0374718 0.0557709 0.0737946 0.00177212 0.0456803 0.362563 0.15326 -0.078628 0.0547021 0.0480723 0.251743 -0.088114 -0.00733269 0.0596751 0.163114 -0.00744875 -0.0655947 0.025932 -0.17574 -0.302166 -0.07203 -0.0201889 0.109174 0.27905 0.385632 -0.0329945 -0.0500898 0.142581
internal_weight=77214 42871 22546 16008 12002 4006 2591 152 2325 1415 9677 9362 315 735 6538 8627 978 20325 2861 2439 244 194 102 34343 799 238 198 2425 1302 2281
internal_count=77214 42871 22546 16008 12002 4006 2591 152 2325 1415 9677 9362 315 735 6538 8627 978 20325 2861 2439 244 194 102 34343 799 238 198 2425 1302 2281
cat_boundaries=0 1 2
cat_threshold=264 72
is_linear=0
shrinkage=0.03


Tree=120
num_leaves=31
num_cat=1
split_feature=84 97 213 95 56 55 87 198 200 5 21 84 87 116 198 168 152 116 26 51 31 159 39 41 187 160 36 107 162 210
split_gain=26992.5 13914.5 13106.3 12802.5 20726 18437.6 18423.8 20300.4 15369.8 13673.2 17795 17263.2 15590.6 22553.2 16808.4 16448.6 15427.3 17513.2 17239.9 15506.3 18334 15079.9 15022.3 25279 17335.8 20853.6 19625.2 15195.3 18598.7 14958.5
threshold=0.25200593471527105 0.72016116976737987 0 0.64287999272346508 0.65672981739044201 0.55334207415580761 0.99500000476837169 7.4245080385095221 1.0000000180025095e-35 1.0000000180025095e-35 0.78500000000000014 0.37054954469203955 0.72500002384185802 0.52211356737801151 7.5783212560386479 4.1000000000000005 38.45000000000001 0.53709810436330996 43.500000000000007 0.61721614003181469 10.759615421295168 289.83333333333343 130.50000000000003 74.224998474121108 63.916666666666679 215.10000000000002 4.5065245628356942 41.833333333333336 255.12916666666669 756.25000000000011
decision_type=10 10 1 10 10 10 10 8 2 2 2 10 8 8 10 8 10 8 2 10 8 10 10 10 8 8 10 10 10 2
left_child=1 -1 3 9 6 8 7 -5 -6 10 12 -12 -2 14 -14 -15 17 18 -17 20 -18 22 23 24 26 -26 -19 28 -27 -11
right_child=2 -3 -4 4 5 -7 -8 -9 -10 29 11 -13 13 15 -16 16 19 21 -20 -21 -22 -23 -24 -25 25 27 -28 -29 -30 -31
leaf_value=-0.011679637132848126 0.033856580396752989 0.076806200413835526 -7.1594819083182023e-05 -0.32242686185752001 0.22016841876095736 0.069303817004814264 0.33158798826215541 -0.030139536340352182 0.91898948631116317 -0.19485550720782879 0.10215877276851477 0.82505484918582028 0.14885580204044693 0.52343926849216227 -0.10897205436787409 0.24350639727608908 0.015295552603414524 0.095888386168568332 0.87596197784159868 0.1861617026402709 -0.54503168550229841 0.49852591094621007 -0.23622739400182449 0.4528935852166715 0.84561277643163146 0.12076982478109688 -0.3757058541317071 -0.096261645064944709 0.91642722755670547 0.19998443056643009
leaf_weight=58980 2901 1644 6333 239 87 1141 113 2033 42 308 61 58 409 120 513 87 345 273 70 445 62 124 84 232 47 78 112 113 40 120
leaf_count=58980 2901 1644 6333 239 87 1141 113 2033 42 308 61 58 409 120 513 87 345 273 70 445 62 124 84 232 47 78 112 113 40 120
internal_value=-1.1913e-06 -0.00928008 0.0339062 0.0548318 0.00983957 0.107738 -0.0422911 -0.0608863 0.447692 0.0798234 0.0911907 0.454495 0.0840506 0.130218 0.00540061 0.181778 0.162366 0.229039 0.525493 0.063764 -0.0700614 0.186842 0.147365 0.183367 0.0890526 0.26958 -0.0413027 0.152379 0.390484 -0.0841527
internal_weight=77214 60624 16590 10257 3655 1270 2385 2272 129 6602 6174 119 6055 3154 922 2232 2112 1260 157 852 407 1103 979 895 663 278 385 231 118 428
internal_count=77214 60624 16590 10257 3655 1270 2385 2272 129 6602 6174 119 6055 3154 922 2232 2112 1260 157 852 407 1103 979 895 663 278 385 231 118 428
cat_boundaries=0 1
cat_threshold=8
is_linear=0
shrinkage=0.03


Tree=121
num_leaves=31
num_cat=1
split_feature=6 5 213 203 89 129 192 11 55 49 52 83 191 209 199 41 31 17 102 62 59 61 115 63 68 182 100 99 148 55
split_gain=26156.2 22052.8 24199.5 17834 15077.7 14045.6 20161.5 13502 13909.2 13375.4 12892.6 12542.6 14395.8 15926.8 21050.7 17653.9 13896 12529.7 14353.1 12191.7 15793.9 16675 12677.6 15229.8 12148.9 14721.4 13618.3 11634.8 11512 20596.2
threshold=0.36500000000000005 1.0000000180025095e-35 0 5.5000000000000009 0.96900001168251049 5.1199985555096896 5.5000000000000009 0.73271248867938554 0.55554243922233593 11.334090709686281 0.86129146814346325 0.77500000596046459 -0.018169123746891332 316.75000000000006 9.5863951787812685 63.674999237060554 7.8619048595428476 56.500000000000007 62.607692307692311 0.10393092781305314 0.12629483640193942 0.11428735405206682 0.62567710067710081 0.25029002130031591 0.40520420670509344 5.4672389991832704 65.100000000000009 56.833333333333336 63.100000000000009 0.67745286226272594
decision_type=8 2 1 10 10 8 8 8 8 10 8 10 8 2 8 10 10 2 8 8 8 10 10 8 10 8 10 10 10 10
left_child=-1 2 3 5 10 24 -7 19 -9 -3 11 -5 28 14 15 -14 -15 18 -10 -8 21 -21 -22 -24 26 -26 -2 -12 29 -13
right_child=1 9 -4 4 -6 6 7 8 17 -11 27 12 13 16 -16 -17 -18 -19 -20 20 22 -23 23 -25 25 -27 -28 -29 -30 -31
leaf_value=-0.020028528260677879 0.017711380906195989 -0.056415349688388038 -0.0023640134886146547 -0.010314526910102614 0.3811801078464046 0.063001832983498596 0.074395367595803688 0.4473612521558597 -0.34074586010896241 -0.34693203608194989 0.54058038871975667 0.4785752322109682 0.089741774078296574 0.31506167412558689 0.052279440180390283 0.7851290366649627 -0.20357623533864991 0.33504876864090394 0.044052392271111115 0.26455401952673746 0.31823146213433279 1.1254984077215193 0.37277335754462654 -0.16607880108669157 0.66303181939654876 -0.0004419707988991457 -0.19302396464887206 0.10221799966891607 -0.24058018116464078 -0.37478397202491759
leaf_weight=33345 1799 2104 21124 8036 99 7044 320 74 117 153 62 70 46 79 113 115 113 89 343 41 609 40 77 122 54 68 326 450 142 40
leaf_count=33345 1799 2104 21124 8036 99 7044 320 74 117 153 62 70 46 79 113 115 113 89 343 41 609 40 77 122 54 68 326 450 142 40
internal_value=-1.15601e-06 0.0152217 0.0201754 0.0433946 0.012912 0.0690983 0.0860601 0.174719 0.0612629 -0.0761092 0.00897738 0.000419269 0.120554 0.219338 0.366152 0.586447 0.00982165 0.00922048 -0.0538202 0.233183 0.290339 0.689712 0.250303 0.0424218 0.00209641 0.293227 -0.0146179 0.155301 -0.062117 0.168263
internal_weight=77214 43869 41612 20488 9365 11123 8876 1832 623 2257 9266 8754 718 466 274 161 192 549 460 1209 889 81 808 199 2247 122 2125 512 252 110
internal_count=77214 43869 41612 20488 9365 11123 8876 1832 623 2257 9266 8754 718 466 274 161 192 549 460 1209 889 81 808 199 2247 122 2125 512 252 110
cat_boundaries=0 1
cat_threshold=8
is_linear=0
shrinkage=0.03


Tree=122
num_leaves=31
num_cat=0
split_feature=67 17 203 21 1 34 38 7 41 15 103 38 159 49 27 147 86 36 55 56 55 38 54 209 58 41 117 86 44 72
split_gain=24755.8 20349 17609.2 19705.4 12854.7 14684.2 14799.8 14882.2 13037.1 12820.4 12406 12389.9 13939 13383 13152.4 15343.8 15241.5 14996.8 13965.9 13829.5 12884.6 13087.9 13157.7 12996 18474.6 20564.8 24521.6 27178.2 16987.1 15274.4
threshold=0.034981045871973045 1.5000000000000002 6.5000000000000009 0.18500000000000003 1.5000000000000002 5.1666667461395273 4.9640705585479745 0.86833333333333351 49.225000381469734 -0.049066570862107951 10.833333333333334 3.1215815544128422 257.50000000000006 13.644345283508303 5.5000000000000009 72.166666666666671 0.35525603592395788 2.1276946067810063 0.53631362318992626 0.59405121207237255 0.60956960916519176 5.1967225074768075 0.38078162074089056 1361.6500000000003 0.26888129115104681 88.299999237060561 0.49024037480722804 0.31962987780570989 70.271129608154311 1.4591439366340639
decision_type=10 2 10 2 8 10 10 10 10 8 10 10 10 10 10 10 10 10 10 10 10 10 10 2 10 10 10 10 10 10
left_child=-1 4 3 11 5 6 7 -2 -6 -4 -5 -3 14 20 16 19 -13 -18 -19 -16 21 22 -14 24 29 26 -26 -28 -29 -22
right_child=1 2 9 10 8 -7 -8 -9 -10 -11 -12 12 13 -15 15 -17 17 18 -20 -21 23 -23 -24 -25 25 -27 27 28 -30 -31
leaf_value=-0.016963327569929049 0.034882813441906545 0.012117801479536137 -0.055236509848827997 0.17095933099118382 -0.058830819703432014 -0.30162162705028756 0.63042453458334535 0.59632779805556579 -0.40467667119559081 0.014052740027363163 0.0078044162574959436 0.018930811247050518 0.51503330425212257 -0.33764014334000386 -0.13950959443212879 0.48595975161682475 -0.167462562980323 0.59425682051026296 0.19383331907076656 0.017402241019444362 0.16945917941248692 -0.25880593198847768 0.042749453346974164 -0.049244604645526574 -0.078153255119919773 0.090326481361757027 0.24608191730082035 0.66698721593793697 1.4451514995217323 -0.3241564900390172
leaf_weight=38663 557 11164 3123 1588 3414 85 47 46 101 10429 570 982 57 58 664 55 87 92 530 2118 1290 121 774 219 40 120 60 51 50 59
leaf_count=38663 557 11164 3123 1588 3414 85 47 46 101 10429 570 982 57 58 664 55 87 92 530 2118 1290 121 774 219 40 120 60 51 50 59
internal_value=-1.13039e-06 0.0170103 0.0246825 0.0420541 -0.0449101 0.0691876 0.117678 0.0777128 -0.0687684 -0.00191467 0.127865 0.0320935 0.0621201 0.113484 0.0292349 -0.0102392 0.0954607 0.201458 0.25306 -0.020049 0.122694 0.032699 0.0751444 0.168049 0.196544 0.401096 0.58663 0.751794 1.05222 0.14787
internal_weight=77214 38551 34301 20749 4250 735 650 603 3515 13552 2158 18591 7427 2899 4528 2837 1691 709 622 2782 2841 952 831 1889 1670 321 201 161 101 1349
internal_count=77214 38551 34301 20749 4250 735 650 603 3515 13552 2158 18591 7427 2899 4528 2837 1691 709 622 2782 2841 952 831 1889 1670 321 201 161 101 1349
is_linear=0
shrinkage=0.03


Tree=123
num_leaves=31
num_cat=2
split_feature=214 1 121 150 189 42 86 154 56 67 119 26 64 142 39 111 65 98 115 49 20 43 90 216 17 29 30 96 22 85
split_gain=23830.6 20544.5 18537.2 16377.3 13056 13017.5 17614 16812.4 12305.4 16647.1 13821.7 13703.7 16614.7 15542.8 12952.3 13204.9 13879.9 27940.6 13668.8 12376.6 11899.2 11354 18050.1 14107.9 11129.3 20370.8 28243.8 15368.1 16041.7 14757.7
threshold=0 1.5000000000000002 2.2071548977413098 72.354166666666671 1.7530424445867541 46.441213607788093 0.22090585529804233 43.348484848484858 0.63551375269889843 0.062754750251770033 2.1504079254079258 108.50000000000001 0.26730462908744818 5.2402015032678042 181.50000000000003 30.833333333333339 0.40093164145946508 0.63337978720664989 0.58047248812279395 4.6254870891571054 1.5000000000000002 68.035713195800795 0.57959264516830455 1 57.500000000000007 7.5499999523162851 8.0680694580078143 0.66110980510711681 11.500000000000002 0.10555555671453477
decision_type=9 8 8 8 10 10 8 10 10 10 8 2 10 8 10 10 10 10 10 8 2 8 10 1 2 10 10 10 2 8
left_child=1 2 4 8 -1 6 -5 -8 11 -10 -11 13 -13 -4 15 -12 19 18 -18 -17 21 -3 -23 -24 27 -26 -27 -15 -29 -30
right_child=-2 20 3 5 -6 -7 7 -9 9 10 14 12 -14 24 -16 16 17 -19 -20 -21 -22 22 23 -25 25 26 -28 28 29 -31
leaf_value=0.011231442074829031 -0.018619176819248694 -0.0010633416409024771 0.61015184920008592 0.12612802258467878 -0.10172798795895978 0.045120532081137955 0.31978842710604866 0.97539439968946495 0.00072173500701620125 0.508654355383233 0.0015097478566516453 0.010382686089291129 -0.36394159122646508 0.035494562910277055 -0.42376372822826464 0.50552438610854245 1.1618422806401585 0.086856174698242777 0.4097250150821426 0.10741115339268771 0.15464038208377226 -0.02579619798223692 0.11246256651922261 -0.27079680430900527 -0.058696573028522256 1.0601762839592992 0.2049528646665924 -0.47059535685284382 0.16336652133269469 -0.098911349879256164
leaf_weight=5429 34343 17126 41 580 1109 663 249 41 1897 76 863 258 182 6006 42 72 43 130 44 2942 402 2182 102 513 226 40 265 87 238 1023
leaf_count=5429 34343 17126 41 580 1109 663 249 41 1897 76 863 258 182 6006 42 72 43 130 44 2942 402 2182 102 513 226 40 265 87 238 1023
internal_value=-1.09649e-06 0.0149143 0.034636 0.0520205 -0.00792916 0.145263 0.221578 0.412478 0.0421455 0.0745149 0.10775 0.0185089 -0.144451 0.0275554 0.100383 0.10576 0.133606 0.365338 0.781461 0.116921 -0.00695516 -0.0102158 -0.0662561 -0.209806 0.024526 0.157164 0.317113 0.0149488 -0.0765926 -0.0494093
internal_weight=77214 42871 22546 16008 6538 1533 870 290 14475 6109 4212 8366 440 7926 4136 4094 3231 217 87 3014 20325 19923 2797 615 7885 531 305 7354 1348 1261
internal_count=77214 42871 22546 16008 6538 1533 870 290 14475 6109 4212 8366 440 7926 4136 4094 3231 217 87 3014 20325 19923 2797 615 7885 531 305 7354 1348 1261
cat_boundaries=0 1 2
cat_threshold=264 2
is_linear=0
shrinkage=0.03


Tree=124
num_leaves=31
num_cat=0
split_feature=84 74 192 111 47 202 40 187 149 39 102 59 157 157 144 44 202 100 39 26 84 29 207 166 58 14 43 53 203 49
split_gain=23056.7 11561.5 13056.4 13250.5 17392.8 16057.7 17016.8 14865.1 13827.3 12948.9 13313.8 13865.2 14033.2 16060.7 15074.9 13790.9 17540.2 15911.8 14418.8 14681.3 28888.6 13231.6 13055.4 12876.6 12707.3 17887.5 12704.2 13998 12116 13675.4
threshold=0.22222223132848742 0.91010102629661571 5.5000000000000009 33.416666666666679 11.800595283508303 56.500000000000007 54.833333969116218 58.083333333333343 57.011913438317343 59.500000000000007 75.750000000000014 0.3099371492862702 28.945917455285372 30.933881306114291 0.68261904761904779 48.711032867431648 41.500000000000007 72.300000000000026 154.50000000000003 99.500000000000014 0.42495448887348181 8.4499998092651385 6.5000000000000009 1.4083333333333334 0.3354118019342423 0.029999999999999947 82.527778625488295 0.62668830156326305 2.5000000000000004 8.265806198120119
decision_type=10 8 8 8 10 8 10 8 8 10 10 10 10 10 10 10 10 10 10 2 10 10 2 10 10 8 10 10 8 10
left_child=-1 -2 9 5 7 6 -4 -5 -9 26 11 12 -11 -14 15 28 18 -18 19 21 -21 22 -17 -24 -13 -26 -3 -28 29 -15
right_child=1 2 3 4 -6 -7 -8 8 -10 10 -12 24 13 14 -16 16 17 -19 -20 20 -22 -23 23 -25 25 -27 27 -29 -30 -31
leaf_value=-0.0093611186090641323 -0.017500824302979973 0.041665678433219874 -0.0012953928650030629 0.61280663050711148 -0.19793807036883662 0.087685805632058397 -0.45930095009762667 -0.26278662080496129 0.16423333909431395 -0.2985713320258227 0.45739447543254264 0.3977745602575305 0.17754960503933889 -0.056772863668474283 -0.56069663254653701 0.50259390011429783 -0.1577916032006321 -0.76944788530468933 0.56975415176153177 0.85901419659878342 -0.13791021772360398 -0.25458025834425108 -0.29383347368356094 0.14676347796503506 -0.36652150406721318 0.30323316468612144 0.58121897674109557 0.077846927407287783 0.0047289286197765784 0.64203587887650826
leaf_weight=58233 3877 8075 197 64 128 696 116 71 1760 182 52 128 310 44 51 48 889 40 40 47 59 228 103 142 68 76 83 124 1224 59
leaf_count=58233 3877 8075 197 64 128 696 116 71 1760 182 52 128 310 44 51 48 889 40 40 47 59 228 103 142 68 76 83 124 1224 59
internal_value=-1.7512e-06 0.0287124 0.0405748 0.0962307 0.140522 0.00742836 -0.171035 0.163384 0.147675 0.0265962 -0.0193337 -0.0259655 -0.0421513 -0.0279405 -0.0493601 -0.0404384 -0.099857 -0.184128 0.0175156 -0.0177149 0.304122 -0.0831943 0.0501709 -0.0384671 0.180285 -0.0130399 0.0476147 0.279682 0.0310251 0.343516
internal_weight=77214 18981 15104 3032 2023 1009 313 1895 1831 12072 3790 3738 3466 3284 2974 2923 1596 929 667 627 106 521 293 245 272 144 8282 207 1327 103
internal_count=77214 18981 15104 3032 2023 1009 313 1895 1831 12072 3790 3738 3466 3284 2974 2923 1596 929 667 627 106 521 293 245 272 144 8282 207 1327 103
is_linear=0
shrinkage=0.03


Tree=125
num_leaves=31
num_cat=1
split_feature=6 5 213 203 89 129 192 11 7 49 52 55 38 43 101 83 191 209 198 41 31 110 128 102 40 14 22 42 68 182
split_gain=22579.2 20842.8 20943.9 15947 13961.7 12683.6 18510.7 13128 18167.8 12475.6 12140 11757.5 13395.6 12871.6 15256.7 11509.5 13602.1 15143.9 18942 16520.1 12925.8 11366 11363.8 12229.6 16218.6 18847.6 12245.3 11625.2 11251.8 13757.6
threshold=0.36500000000000005 1.0000000180025095e-35 0 5.5000000000000009 0.96900001168251049 5.1199985555096896 5.5000000000000009 0.66946111939597597 0.7941666666666668 11.334090709686281 0.86129146814346325 0.55554243922233593 3.4841229915618901 94.47727203369142 63.990821996265204 0.77500000596046459 -0.02526877521109477 316.75000000000006 7.179074302134647 72.500000000000014 7.8619048595428476 32.408333333333339 7.7000000000000002 64.930952380952405 58.416666030883796 -0.064999999999999988 55.500000000000007 54.991344451904304 0.40520420670509344 5.4672389991832704
decision_type=8 2 1 10 10 8 8 8 10 10 8 8 10 10 10 10 8 2 10 10 8 10 10 8 10 10 2 10 10 8
left_child=-1 2 3 5 10 28 -7 8 21 -3 15 12 -9 22 -15 -5 -17 18 -18 -20 -19 -8 23 24 27 -26 -25 -13 -2 -30
right_child=1 9 -4 4 -6 6 7 11 -10 -11 -12 13 -14 14 -16 16 17 20 19 -21 -22 -23 -24 26 25 -27 -28 -29 29 -31
leaf_value=-0.018609305866449235 -0.014891579862916293 -0.0556281233100865 -0.0020108482817588393 -0.01063932463856976 0.3661103567932591 0.058888867360686888 0.52029883658587928 0.043058530287664445 0.87501761171221737 -0.33620321727266494 0.14993611499332474 -0.14283805006494124 0.66435997456312179 0.638975757909092 -0.0978756558022848 -0.077935122826458078 0.039384649079778913 0.32106125198304653 0.20111538984171756 0.78322948275243531 -0.18282302462628908 0.17920521442860282 -0.39857846018055387 0.098072390024151121 0.68943861365318293 -0.037292385805409653 0.62088425092399113 -0.70456937201817826 0.63886440151267576 -0.0025233443519648382
leaf_weight=33345 2125 2104 21124 8036 99 7044 100 61 40 153 512 126 64 66 41 226 115 72 77 102 126 728 58 252 40 163 48 45 54 68
leaf_count=33345 2125 2104 21124 8036 99 7044 100 61 40 153 512 126 64 66 41 226 115 72 77 102 126 728 58 252 40 163 48 45 54 68
internal_value=-1.69882e-06 0.014142 0.0189579 0.0405588 0.0117337 0.0648645 0.080983 0.165934 0.250567 -0.0746481 0.0079475 0.0897302 0.361165 0.04929 0.356631 -0.000357061 0.114724 0.203222 0.339811 0.532823 0.000407621 0.2204 0.00436449 0.0390391 -0.0754126 0.105906 0.181722 -0.290662 0.00119381 0.28137
internal_weight=77214 43869 41612 20488 9365 11123 8876 1832 868 2257 9266 964 125 839 107 8754 718 492 294 179 198 828 732 674 374 203 300 171 2247 122
internal_count=77214 43869 41612 20488 9365 11123 8876 1832 868 2257 9266 964 125 839 107 8754 718 492 294 179 198 828 732 674 374 203 300 171 2247 122
cat_boundaries=0 1
cat_threshold=8
is_linear=0
shrinkage=0.03


Tree=126
num_leaves=31
num_cat=2
split_feature=87 6 32 86 213 41 42 6 213 189 169 177 17 65 170 149 27 102 120 190 129 40 49 128 190 161 40 42 140 167
split_gain=21311.9 12753.1 13941.2 13865.9 12937.1 11902.8 12251.2 11255.6 11804.2 10844.1 13945.3 13430.3 12974.1 12391.1 12049.6 11787.4 15460.5 18647.5 16953.5 17873.9 11332.8 11249.1 13233 10806.1 10725.1 10716.4 10621.3 18287.3 10560 9996.13
threshold=0.72500002384185802 0.015000000000000001 5.5346832275390634 0.3322072178125382 0 101.90000152587892 91.856655120849624 0.71500000000000008 1 0.49585392698645597 3.1950757694399825 0.44003330825613945 59.500000000000007 0.49432237446308142 4.8708333333333345 59.198407241780352 10.500000000000002 63.483333333333341 2.6704584304584302 0.14956073034904174 3.0917199860382119 98.166667938232436 8.6668248176574725 5.4500000000000011 0.079037681701435727 249.5299124889373 108.50000000000001 85.749050140380874 5.5723813082607894 6.8333333333333348
decision_type=8 10 10 10 1 10 10 8 1 10 10 8 2 10 10 10 10 10 10 10 10 10 10 8 10 10 10 10 10 10
left_child=1 2 -1 -4 5 6 23 -2 9 10 12 -11 26 14 20 -16 18 28 29 -20 24 22 -14 -3 -12 -24 27 -9 -18 -17
right_child=7 4 3 -5 -6 -7 -8 8 -10 11 13 -13 21 -15 15 16 17 -19 19 -21 -22 -23 25 -25 -26 -27 -28 -29 -30 -31
leaf_value=-0.052742626969692348 -0.088726140205704018 -0.024847093989090071 0.73996085733175276 -0.019972483233568514 -0.028180041645533879 0.51653537820025186 -0.44643935037983784 0.10705336859611275 -0.02188066585444522 -0.10519072585187789 0.067955546002835029 0.029880717004477753 0.21487254157934974 -0.35507269978523254 -0.07762782360400472 -0.0041590531352057791 0.87045912793837488 0.064817773046296656 0.75359996592456646 0.017643356588151717 -0.055669698615849889 -0.12964836755524509 0.35744332972694848 0.015196241153403936 0.62997673781179797 0.98893476877523501 0.47256211782043628 -0.23542214039388118 0.31156661036456451 0.1988855163966633
leaf_weight=6855 756 7927 40 47 14489 41 54 2410 3427 706 120 10759 164 74 315 855 64 109 66 54 1307 46 51 25825 41 46 66 149 58 293
leaf_count=6855 756 7927 40 47 14489 41 54 2410 3427 706 120 10759 164 74 315 855 64 109 66 54 1307 46 51 25825 41 46 66 149 58 293
internal_value=-1.65556e-06 -0.00993023 -0.0479532 0.329422 -0.00446938 0.00568716 0.00506929 0.025018 0.029078 0.0389054 0.0705875 0.0215632 0.118385 0.0288285 0.0374844 0.0891954 0.124252 0.34998 0.0831292 0.422419 -0.0264146 0.302918 0.379156 0.00579166 0.211079 0.656913 0.0968037 0.0871124 0.604756 0.0476633
internal_weight=77214 55278 6942 87 48336 33847 33806 21936 21180 17753 6288 11465 2932 3356 3282 1814 1499 231 1268 120 1468 307 261 33752 161 97 2625 2559 122 1148
internal_count=77214 55278 6942 87 48336 33847 33806 21936 21180 17753 6288 11465 2932 3356 3282 1814 1499 231 1268 120 1468 307 261 33752 161 97 2625 2559 122 1148
cat_boundaries=0 1 2
cat_threshold=10 12
is_linear=0
shrinkage=0.03


Tree=127
num_leaves=31
num_cat=1
split_feature=214 1 121 202 6 164 17 8 198 97 6 7 68 102 44 44 138 166 62 166 116 55 49 189 79 139 21 114 96 202
split_gain=20663 17928.2 16495.8 15450.7 17518.1 14361.8 14252.4 15900.7 17337.9 13824.1 14134.4 13759.9 24134.7 16922.6 13753.1 12041.6 19230.6 17220.9 16474.2 16310.8 12174.1 14656.6 14170.6 11952 11852.2 16243.4 12785.1 19075.4 12697.7 12092.3
threshold=0 1.5000000000000002 2.2071548977413098 53.500000000000007 0.94500000000000006 2.9000000000000004 14.500000000000002 0.94675000000000009 7.9265989800215229 0.55318862199783336 0.83500000000000008 0.92833333333333357 0.36793158948421484 67.480769230769241 49.246183395385749 62.618501663208015 0.45698862768770532 1.1937500000000003 0.20857743918895724 1.7928571428571431 0.60728979933470517 0.60609787702560436 8.265806198120119 1.7530424445867541 0.2562996000051499 5.5297631440354129 0.60500000000000009 40.269696969696973 0.76687797904014599 70.500000000000014
decision_type=9 8 8 8 8 10 2 10 8 10 10 8 10 10 10 10 8 10 10 10 10 10 10 10 10 10 2 10 10 10
left_child=1 2 23 6 11 -6 9 15 -9 10 14 24 13 -13 -4 18 -17 -18 -8 -20 21 22 -19 -1 26 -26 28 -28 -5 -27
right_child=-2 -3 3 4 5 -7 7 8 -10 -11 -12 12 -14 -15 -16 16 17 20 19 -21 -22 -23 -24 -25 25 29 27 -29 -30 -31
leaf_value=0.010489721847404748 -0.017338409578985803 -0.0065425567531578474 0.0034478826018614597 0.045028435752360436 0.12932440231044248 0.67652746825055643 0.027132100824529295 0.67052269104613016 0.029215666617773757 -0.23531802348443928 0.33886960815177875 0.10836609936964053 -0.59638636672044099 -0.46406567642914837 -0.27346140462217983 0.53216099663078786 -0.52274010755931544 -0.15597935681265815 0.15476403916632378 0.77965824547935936 0.21941368591804056 -0.32360333084372372 0.49033855719529851 -0.097588438520810963 0.76593751531839371 0.042545283189584761 0.13945756865688599 0.78670075315110233 -0.3394799484312534 0.55141785075079719
leaf_weight=5429 34343 20325 746 8560 2281 44 1688 73 79 374 89 234 79 58 206 40 92 81 143 51 100 195 49 1109 45 203 320 47 78 53
leaf_count=5429 34343 20325 746 8560 2281 44 1688 73 79 374 89 234 79 58 206 40 92 81 143 51 100 195 49 1109 45 203 320 47 78 53
internal_value=-1.8002e-06 0.013887 0.0323102 0.0487095 0.0657372 0.13968 -0.00230558 0.0395115 0.337212 -0.0788767 -0.022672 0.0479717 -0.131193 -0.0053361 -0.0564716 0.0209586 -0.10157 -0.150602 0.0572225 0.31904 -0.0700448 -0.159109 0.0876328 -0.0078429 0.0551144 0.240296 0.0489245 0.222347 0.0415564 0.147898
internal_weight=77214 42871 22546 16008 12002 2325 4006 2591 152 1415 1041 9677 371 292 952 2439 557 517 1882 194 425 325 130 6538 9306 301 9005 367 8638 256
internal_count=77214 42871 22546 16008 12002 2325 4006 2591 152 1415 1041 9677 371 292 952 2439 557 517 1882 194 425 325 130 6538 9306 301 9005 367 8638 256
cat_boundaries=0 1
cat_threshold=264
is_linear=0
shrinkage=0.03


Tree=128
num_leaves=31
num_cat=1
split_feature=6 5 213 56 95 85 195 162 171 100 150 47 178 152 41 194 153 62 189 96 62 56 202 1 187 189 85 38 41 50
split_gain=19784.3 19572.6 18322.5 15387.1 14656.9 19393.2 17650.2 15268.3 22421.9 14348.4 13670.6 12936.6 18943.1 12853.6 18776.1 21958.5 18068.3 18976.2 17293.1 17022.7 15953.6 12668.9 12458.3 14244.4 14821.8 19325 14700.1 13011.6 12735.1 12393.6
threshold=0.36500000000000005 1.0000000180025095e-35 0 0.66668811440467846 0.64287999272346508 0.25833334028720861 68.500000000000014 195.3484848484849 -0.15636553958082258 52.900000000000006 72.354166666666671 10.334047317504885 0.41292058679938043 38.45000000000001 72.500000000000014 10.500000000000002 35.245718445106505 0.22830120474100116 8.814447261393072 0.61115223169326793 0.22490043938159945 0.60685160756111156 65.500000000000014 1.5000000000000002 68.291666666666686 4.4307873025536546 0.17151556164026263 1.9514162540435793 42.100000381469734 8.0556764602661151
decision_type=8 2 1 10 10 10 8 10 8 10 10 10 8 10 10 10 10 10 10 10 10 10 8 8 10 10 8 10 10 10
left_child=-1 2 3 4 5 22 -6 29 -9 -5 11 -8 -13 14 19 16 20 -18 -15 21 -16 -10 27 24 -24 26 -26 28 -2 -7
right_child=1 -3 -4 9 6 7 10 8 13 -11 -12 12 -14 18 15 -17 17 -19 -20 -21 -22 -23 23 -25 25 -27 -28 -29 -30 -31
leaf_value=-0.017419779353376609 0.0294324017806522 -0.072804195397245863 -0.0017082948325705515 0.65216962963342662 0.24450500648325452 0.097735331011014975 -0.023606129979030596 0.68729973600804806 0.13010753234987321 0.081493566773204865 0.37631041515725 -0.66911532793726236 -0.11759402525266559 0.054813262707633183 -0.15046362705852676 0.12099474395027457 1.2245634195363184 0.41393880237551295 -0.51826138553570722 0.39042399253086607 0.58441418503011977 -0.067292120425774773 0.072152957417145266 -0.0054756926813762999 -0.045459263774215199 0.70741863188835286 0.53132769696793314 -0.072857502050997641 0.5011069058709674 -0.37955215185318353
leaf_weight=33345 1121 2257 21124 40 208 91 3248 60 925 4558 70 63 508 1443 46 229 53 51 49 165 63 428 2103 2379 122 78 59 2168 54 106
leaf_count=33345 1121 2257 21124 40 208 91 3248 60 925 4558 70 63 508 1443 46 229 53 51 49 165 63 428 2103 2379 122 78 59 2168 54 106
internal_value=-1.81359e-06 0.0132377 0.0179045 0.0381083 0.0241416 0.0411241 -0.0247415 0.0979201 0.112336 0.0864581 -0.0391419 -0.0467569 -0.178445 0.102343 0.15285 0.324926 0.544176 0.827046 0.0359924 0.102746 0.274282 0.0676633 0.0150656 0.0463387 0.0985261 0.312668 0.142554 -0.0292855 0.0511094 -0.159079
internal_weight=77214 43869 41612 20488 15890 11793 4097 3709 3512 4598 3889 3819 571 3452 1960 442 213 104 1492 1518 109 1353 8084 4741 2362 259 181 3343 1175 197
internal_count=77214 43869 41612 20488 15890 11793 4097 3709 3512 4598 3889 3819 571 3452 1960 442 213 104 1492 1518 109 1353 8084 4741 2362 259 181 3343 1175 197
cat_boundaries=0 1
cat_threshold=8
is_linear=0
shrinkage=0.03


Tree=129
num_leaves=31
num_cat=0
split_feature=67 17 21 51 207 37 41 92 57 45 60 198 202 86 107 7 180 181 125 92 91 82 50 113 102 41 45 50 100 40
split_gain=18886.5 17556.4 16165.3 15412.2 12589.4 14469.9 21205.7 12519.1 16450.9 14350 16816.9 12288.7 14364.2 11464.7 13861.3 21854.8 15335.9 14736.9 15136.9 14778.8 14004.6 13253.7 14742.1 13216.2 12356.1 12232 15825.3 15344.3 13661.5 13648.2
threshold=0.034981045871973045 1.5000000000000002 0.75500000000000012 0.38675214350223547 10.500000000000002 7.3452382087707528 90.099998474121108 0.87746620178222667 0.19082633405923846 13.683333396911623 0.16730031371116641 7.5783212560386479 46.500000000000007 0.3276586532592774 41.166666666666679 0.94166666666666676 5.7417466747935011 5.8551994465576653 3.9506086073315561 0.8175235688686372 0.85763889551162731 0.41666667163372045 9.9936671257019061 39.727341110700657 71.472222222222243 54.100000381469734 13.809091091156008 6.70105004310608 52.900000000000006 61.416666030883796
decision_type=10 2 2 10 2 10 10 10 10 10 10 10 8 10 10 8 10 10 10 10 10 10 10 10 10 10 10 10 10 10
left_child=-1 -2 3 -3 11 6 7 9 -9 -6 -11 12 -5 25 16 20 21 19 -19 -18 24 22 -15 -23 -16 28 27 -27 -14 -29
right_child=1 2 -4 4 5 -7 -8 8 -10 10 -12 -13 13 14 15 -17 17 18 -20 -21 -22 23 -24 -25 -26 26 -28 29 -30 -31
leaf_value=-0.014817347594633263 -0.042657950549283445 -0.022244311145823367 0.15926287303603445 -0.0078907429439812743 -0.091858746632035942 0.50944179505109788 -0.6236102765798569 0.63592912495136256 -0.053927503412323337 0.02705287955349607 0.61027053555575284 0.0083797720821813179 0.58333763742446887 0.15272537074756867 -0.022742986267178571 0.2963446487034187 0.32279719259589912 0.59624664774439373 0.018242406058238771 1.0983718334756247 -0.2674001474361456 0.016903396795769004 0.48232732296961806 0.57412350261211398 0.45369800837089613 0.44635574063258388 -0.28598456814809498 -0.16597844115548557 0.059078213450408749 0.064866775447262978
leaf_weight=38663 4250 6587 755 2941 1577 42 57 56 70 233 55 9639 45 1062 528 202 48 61 123 41 204 906 138 40 54 67 197 372 7595 606
leaf_count=38663 4250 6587 755 2941 1577 42 57 56 70 233 55 9639 45 1062 528 202 48 61 123 41 204 906 138 40 54 67 197 372 7595 606
internal_value=-1.76592e-06 0.0148569 0.0219831 0.0188934 0.0289448 -0.0417728 -0.053077 -0.0367433 0.252675 -0.0562965 0.138431 0.0348879 0.0516648 0.0659177 0.112703 0.0180196 0.151375 0.363159 0.209863 0.680084 -0.0535092 0.124434 0.19063 0.0404645 0.0214629 0.0479713 -0.0393461 0.0071494 0.0621661 -0.0229394
internal_weight=77214 38551 34301 33546 26959 2090 2048 1991 126 1865 288 24869 15230 12289 3407 988 2419 273 184 89 786 2146 1200 946 582 8882 1242 1045 7640 978
internal_count=77214 38551 34301 33546 26959 2090 2048 1991 126 1865 288 24869 15230 12289 3407 988 2419 273 184 89 786 2146 1200 946 582 8882 1242 1045 7640 978
is_linear=0
shrinkage=0.03


Tree=130
num_leaves=31
num_cat=1
split_feature=214 1 121 150 86 57 56 67 119 26 65 142 64 39 111 65 98 115 40 199 102 15 40 198 47 36 81 65 37 15
split_gain=18174.6 15773.7 15175.7 14991.2 12762 18605.2 11397.2 14048.2 12787.6 12755.2 15800.1 14347.3 14183.2 12341.1 12104.6 12631.2 25904.1 12943.9 12363.8 13069 11917.4 15212 13394.3 12309.8 11875.5 18650.5 22386 18196.5 15231.6 13292.8
threshold=0 1.5000000000000002 2.2071548977413098 72.354166666666671 0.50161290168762218 0.24807692319154742 0.63551375269889843 0.062754750251770033 2.1504079254079258 108.50000000000001 0.23832243680953982 5.2402015032678042 0.19508823752403262 181.50000000000003 30.833333333333339 0.40093164145946508 0.63337978720664989 0.58047248812279395 68.500000000000014 9.5054485519301384 60.174242424242429 -0.028567817420193559 110.83333206176759 7.4877175411389691 8.4119443893432635 4.8513658046722421 0.61160138249397289 0.21197861433029178 3.4330357313156132 0.07716966562567136
decision_type=9 8 8 8 10 10 10 10 8 2 10 8 10 10 10 10 10 10 10 10 8 10 10 8 10 10 10 10 8 8
left_child=1 2 -1 6 -5 -6 9 -8 -9 11 12 -4 -11 14 -10 18 17 -17 24 20 21 -20 23 -22 28 29 27 -27 -16 -26
right_child=-2 -3 3 4 5 -7 7 8 13 10 -12 -13 -14 -15 15 16 -18 -19 19 -21 22 -23 -24 -25 25 26 -28 -29 -30 -31
leaf_value=-0.0082083259705546981 -0.016260917244054856 -0.0061387511385424315 0.58230908152533734 0.16437743257228002 0.16607473484388638 -0.49462552422986306 -5.0290840264050404e-05 0.48388531459789524 -0.0033806942405906499 -0.10576212203734227 -0.31128727495923952 0.019655926644063293 0.45118987798690796 -0.42044778410877498 0.24545820275498437 1.1149841753965199 0.076013697686103679 0.38308085869659075 0.72002941692576683 -0.4508107401251793 -0.35606105825843964 0.0097499680262187419 0.32831780379494796 0.01081138349799411 0.28181918133339229 0.2994126800187798 0.089104754069577088 1.0925033095072616 0.018916167921479793 -0.0052769356983971881
leaf_weight=6538 34343 20325 41 1377 88 68 1897 76 863 148 235 7885 57 42 395 43 130 44 51 50 94 58 104 662 348 43 69 66 825 249
leaf_count=6538 34343 20325 41 1377 88 68 1897 76 863 148 235 7885 57 42 395 43 130 44 51 50 94 58 104 662 348 43 69 66 825 249
internal_value=-1.71292e-06 0.0130239 0.0303047 0.0460342 0.135243 -0.121923 0.0365863 0.0677383 0.0982689 0.0138387 -0.143381 0.0225664 0.0490977 0.0911831 0.0964319 0.123092 0.344155 0.744826 0.107176 0.0221579 0.0465629 0.342083 0.0091075 -0.034805 0.150601 0.242435 0.511956 0.779633 0.0922638 0.162076
internal_weight=77214 42871 22546 16008 1533 156 14475 6109 4212 8366 440 7926 205 4136 4094 3231 217 87 3014 1019 969 109 860 756 1995 775 178 109 1220 597
internal_count=77214 42871 22546 16008 1533 156 14475 6109 4212 8366 440 7926 205 4136 4094 3231 217 87 3014 1019 969 109 860 756 1995 775 178 109 1220 597
cat_boundaries=0 1
cat_threshold=264
is_linear=0
shrinkage=0.03


Tree=131
num_leaves=31
num_cat=0
split_feature=6 159 91 153 85 85 32 44 91 85 159 198 97 12 41 53 31 147 28 189 85 127 37 65 102 150 209 162 149 5
split_gain=17678.7 19518.1 11839.6 18603.1 17822.5 17425.6 11610.1 12594.5 13271.9 11564.2 18589.5 13297.1 12126.5 15490.2 11441.7 13115.3 15569.8 14024.3 11399.5 20361.5 11160.7 10717.5 10591.5 12258.8 12829.7 10359.2 11496.5 11490.2 11145.9 10191.8
threshold=0.24500000000000002 257.16666666666669 0.9245804250240327 41.816364075327037 1.0000000180025095e-35 0.67708334326744091 6.3909647464752206 37.503730773925788 0.93809092044830333 0.20714285969734195 327.83333333333343 8.0342758852156422 0.71652865409851085 0.7861827316509119 44.100000381469734 0.70478355884552013 7.6770832538604745 63.500000000000007 10.166666507720949 6.8529626429080972 0.21448791027069095 5.166666666666667 7.1483516693115243 0.25734631717205053 64.095454545454558 65.422619047619065 777.05000000000007 253.04545454545459 62.959112580646213 1.0000000180025095e-35
decision_type=8 8 10 10 8 10 10 10 10 10 10 10 10 8 10 10 10 10 10 10 10 10 10 10 10 10 2 10 10 2
left_child=-1 2 29 4 -4 6 7 -6 -9 11 20 12 18 -14 -12 17 -17 -16 19 -3 -11 25 23 -7 -25 26 27 28 -8 -2
right_child=1 9 3 -5 5 22 21 8 -10 10 14 -13 13 -15 15 16 -18 -19 -20 -21 -22 -23 -24 24 -26 -27 -28 -29 -30 -31
leaf_value=-0.0205662304464511 -0.0047839828504180936 0.020916202864959498 0.34849040837329237 -0.32542688293116434 -0.10472815821151975 -0.004282818265118689 0.055892275687721038 -0.049398484742918677 0.61669554024934758 0.42907003059915105 0.041539729970229644 -0.066444156400677926 0.26693625780041169 -0.11589122846487938 0.16892760120158973 -0.19483920303980509 0.46543027653694152 -0.42774453023946518 -0.29488434223567739 0.59432218535670212 0.076724931559665074 0.23890447717446547 -0.0851893573607269 0.21357631292499479 0.80303715105742624 -0.49071548990513153 -0.42355986615022023 0.39294843691918585 -0.48963778743938519 -0.085104839007308572
leaf_weight=25297 28301 11780 242 91 91 53 108 43 72 82 379 1540 379 127 43 90 50 202 102 56 6082 65 57 61 73 76 72 54 49 1497
leaf_count=25297 28301 11780 242 91 91 53 108 43 72 82 379 1540 379 127 43 90 50 202 102 56 6082 65 57 61 73 76 72 54 49 1497
internal_value=-1.72465e-06 0.0100185 -0.0050881 0.0870232 0.120655 0.05757 -0.0257951 0.158969 0.367634 0.0324162 0.0641114 0.0167136 0.0270048 0.170851 -0.0754725 -0.190661 0.0409713 -0.323022 0.0209077 0.0236292 0.0814122 -0.115563 0.272816 0.381941 0.534701 -0.179742 -0.0962296 0.015466 -0.114369 -0.00881916
internal_weight=77214 51917 31005 1207 1116 874 630 206 115 20912 6928 13984 12444 506 764 385 140 245 11938 11836 6164 424 244 187 134 359 283 211 157 29798
internal_count=77214 51917 31005 1207 1116 874 630 206 115 20912 6928 13984 12444 506 764 385 140 245 11938 11836 6164 424 244 187 134 359 283 211 157 29798
is_linear=0
shrinkage=0.03


Tree=132
num_leaves=31
num_cat=1
split_feature=214 129 196 6 173 202 94 38 198 21 100 115 150 68 32 85 199 45 118 92 58 207 96 101 52 140 49 6 68 14
split_gain=16887.5 14670.7 14717.4 14095.6 17122.8 12899.6 12901.2 13307.6 16897.1 14240 13650.7 14258.8 14883.3 17846.5 24216.2 18191.1 15271.1 18008.8 15904.6 23218.3 14209 13653.5 12895.2 18372.8 12659 12567.5 12523.4 12170.8 13509.3 11697.5
threshold=0 5.2793585606935451 3.5000000000000004 0.94500000000000006 0.12041399382113981 64.500000000000014 0.73941615223884594 3.5017006397247319 8.3710922787194004 0.37500000000000006 56.366666666666674 0.63654293694616293 67.279220779220793 0.40520420670509344 7.782813787460328 0.27922078967094427 7.1202627002832299 6.7573528289794931 0.59280543171475164 0.87746620178222667 0.15437513589859012 7.5000000000000009 0.59064790606498729 64.03103179158613 0.6325577199459077 5.8550403349627738 8.4482946395874041 0.96500000000000008 0.39244885742664343 -0.044999999999999978
decision_type=9 8 8 10 10 8 10 10 10 2 8 10 8 10 10 8 8 10 8 8 10 2 10 10 10 8 8 10 10 10
left_child=1 2 27 5 29 -3 7 9 10 -7 24 12 16 14 15 22 17 26 -18 21 -13 -20 23 -14 -9 -8 -12 28 -1 -5
right_child=-2 3 -4 4 -6 6 25 8 -10 -11 11 20 13 -15 -16 -17 18 -19 19 -21 -22 -23 -24 -25 -26 -27 -28 -29 -30 -31
leaf_value=-0.074964116562526217 -0.015674586435009446 -0.0058750009592840949 0.004124867459413286 0.44713566257377685 -0.50841937605927623 0.016120769207270132 0.14583199953636791 0.80748264731244834 -0.13462823135373383 0.12942891250039801 0.0054075046447067225 0.21232583205078673 0.024000682532787324 0.84171633983530647 -0.023797834700904786 0.19304795181541062 0.060778335063171172 -0.23246635600247165 0.29369774641075608 0.84831254948462753 -0.14706617709003633 -0.13584960727856077 1.003809802558111 0.7483909928021224 0.17790536375061886 -0.15730707711053599 0.58693272782408668 -0.51916038857565983 0.3301398831998047 0.095438247977867305
leaf_weight=2943 34343 12183 8281 89 41 11856 158 47 276 1090 121 136 58 41 280 327 1018 264 284 56 364 87 46 69 74 557 46 54 76 1949
leaf_count=2943 34343 12183 8281 89 41 11856 158 47 276 1090 121 136 58 41 280 327 1018 264 284 56 364 87 46 69 74 557 46 54 76 1949
internal_value=-1.67303e-06 0.0125543 -0.0166818 0.0230906 0.0985854 0.0177589 0.0344457 0.0398392 0.0909111 0.0256608 0.109672 0.097834 0.125114 0.231644 0.199576 0.324666 0.0784921 -0.0782318 0.125238 0.278915 -0.0493116 0.192968 0.573447 0.417567 0.422452 -0.0903197 0.165588 -0.0727509 -0.0647661 0.110797
internal_weight=77214 42871 11354 31517 2079 29438 17255 16540 3594 12946 3318 3197 2697 821 780 500 1876 431 1445 427 500 371 173 127 121 715 167 3073 3019 2038
internal_count=77214 42871 11354 31517 2079 29438 17255 16540 3594 12946 3318 3197 2697 821 780 500 1876 431 1445 427 500 371 173 127 121 715 167 3073 3019 2038
cat_boundaries=0 1
cat_threshold=264
is_linear=0
shrinkage=0.03


Tree=133
num_leaves=31
num_cat=0
split_feature=85 66 166 167 199 97 191 50 42 8 162 1 21 40 56 182 138 40 148 32 8 58 38 59 52 115 199 86 58 193
split_gain=16539.3 13917.6 14442.3 13033.7 15917.3 14810.9 15579.8 13435.4 14428.9 12231.2 11931.2 17186.8 13272 15571.7 13088.2 11923.8 10772.7 10381.5 19692.6 13636.7 14538.4 11492.9 12996.2 15345.6 15321 12526.1 14639.5 11109.5 10560.4 10355.7
threshold=0.25833334028720861 0.49384190142154699 1.5419580419580423 6.8333333333333348 10.959441298829805 0.67151582241058361 0.1413661882793977 6.2009534835815439 85.749050140380874 0.91100000000000014 320.48571428571432 1.5000000000000002 0.17500000000000002 73.833332061767592 0.38801057636737829 5.0815726061364037 0.45498525441138377 61.416666030883796 60.300000000000004 6.947822332382203 0.83666666666666678 0.24957238882780078 3.8339895009994511 0.20865558087825778 0.69411376118659984 0.58961479076476409 7.6095422038725671 0.30032680928707128 0.19510896503925326 37.500000000000007
decision_type=10 10 10 8 8 10 10 10 10 8 8 8 2 10 10 8 10 10 10 10 10 10 10 10 10 10 10 10 10 10
left_child=3 15 -3 4 -1 10 7 -7 16 -4 12 14 -5 -14 -12 -2 17 21 -19 20 -20 22 23 28 25 26 -24 -26 -9 -17
right_child=1 2 9 5 -6 6 -8 8 -10 -11 11 -13 13 -15 -16 29 -18 18 19 -21 -22 -23 24 -25 27 -27 -28 -29 -30 -31
leaf_value=-0.056990045608174285 -0.070638897845595128 -0.46685406733774443 -0.25605364731589297 -0.013485517084569321 -0.00020549447143425776 -0.10283654677632607 -0.2473482801669683 0.058586575612858981 -0.29134742337006786 0.38043394464619307 0.46273018228156226 -0.0098714763089951391 0.040215294359158459 0.62819690814832352 0.082254498384746064 0.041882698426896875 0.65122917902469624 -0.17317011556258569 0.11760351000762566 0.17010431190580128 0.78030714441432591 -0.25732410448628507 0.40481370825119117 -0.42762917950749396 0.36235758024713266 0.11907654948658862 1.1114981889724731 -0.26194171527336385 0.48889168011514766 -0.36336192284759716
leaf_weight=8819 937 103 61 34005 8953 228 117 516 65 49 84 3057 3590 41 2600 13094 40 65 41 120 109 74 74 54 46 59 41 58 57 57
leaf_count=8819 937 103 61 34005 8953 228 117 516 65 49 84 3057 3590 41 2600 13094 40 65 41 120 109 74 74 54 46 59 41 58 57 57
internal_value=-1.68358e-06 0.0291202 -0.211568 -0.00662149 -0.0283837 0.00194628 0.0871595 0.110922 0.145268 0.0274726 -0.00151906 0.0387657 -0.0076641 0.0468546 0.0941621 0.0327592 0.166228 0.151464 0.295617 0.408473 0.599168 0.102137 0.13153 0.0558302 0.302263 0.474443 0.656762 0.0141907 0.101392 0.0401263
internal_weight=77214 14301 213 62913 17772 45141 1764 1647 1419 110 43377 5741 37636 3631 2684 14088 1354 1314 335 270 150 979 905 627 278 174 115 104 573 13151
internal_count=77214 14301 213 62913 17772 45141 1764 1647 1419 110 43377 5741 37636 3631 2684 14088 1354 1314 335 270 150 979 905 627 278 174 115 104 573 13151
is_linear=0
shrinkage=0.03


Tree=134
num_leaves=31
num_cat=0
split_feature=6 159 193 63 91 153 85 85 93 85 32 44 91 209 68 180 150 151 85 159 198 66 97 12 28 189 85 208 32 117
split_gain=15707.1 18034.1 11866.2 16595.5 12600.2 14053.6 15118.1 16328.3 12581.4 12409.4 12050.3 14344.9 14118.6 11029.1 10766.6 12007.8 11810.8 10415.4 10340.4 17518.4 12553 11060.3 10960.5 14446.3 10911 18861.2 10520.5 10103.8 9956.42 9892.58
threshold=0.24500000000000002 257.16666666666669 27.500000000000004 0.40605320036411291 0.9245804250240327 41.101833912654293 1.0000000180025095e-35 0.67708334326744091 0.78211474418640148 0.93541666865348827 6.3909647464752206 37.503730773925788 0.93809092044830333 346.00000000000006 0.40520420670509344 6.0683244330377679 65.458041958041974 37.166666666666679 0.20714285969734195 327.83333333333343 8.0342758852156422 0.2737176269292832 0.71652865409851085 0.7861827316509119 10.166666507720949 6.8529626429080972 0.21448791027069095 10.500000000000002 6.6219220161437997 0.48094471328458599
decision_type=8 8 10 10 10 10 8 10 8 10 10 10 10 2 10 8 10 10 10 10 10 10 10 8 10 10 10 2 10 10
left_child=-1 2 4 27 -2 6 17 10 -9 -10 11 -8 -13 -11 16 -16 -12 28 20 26 22 -21 24 -24 25 -3 -20 29 -6 -4
right_child=1 18 3 -5 5 -7 7 8 9 13 14 12 -14 -15 15 -17 -18 -19 19 21 -22 -23 23 -25 -26 -27 -28 -29 -30 -31
leaf_value=-0.019385529757114335 -0.0057205821855070777 0.02037824900259293 0.27005873527683194 -0.4876390939009817 0.40134253245592116 -0.24344020932912824 -0.1074356624951093 0.74092170911079103 0.43738059809015073 0.23555776077158311 -0.10815553744400248 -0.024194665923714637 0.69428431939333679 -0.41672521767921222 0.56713341633975511 -0.14005213961956348 -0.60034117610949389 0.64621461606361497 0.41527871699958313 0.0008192264826450132 -0.064673370305116148 -0.24740934638515241 0.25567079922391989 -0.1140330686437802 -0.28862438389483619 0.57225524815464657 0.073188120505516194 0.34034173487740405 -0.087383137787542031 -0.12858375829152405
leaf_weight=25297 28976 11780 61 95 95 100 85 44 85 51 255 40 64 43 40 47 53 71 82 532 1540 232 379 127 102 56 6082 51 62 687
leaf_count=25297 28976 11780 61 95 95 100 85 44 85 51 255 40 64 43 40 47 53 71 82 532 1540 232 379 127 102 56 6082 51 62 687
internal_value=-1.63316e-06 0.00944334 -0.00507765 -0.112787 -0.00187974 0.0961751 0.128988 0.0680442 0.286422 0.174702 -0.0153433 0.181663 0.417946 -0.062827 -0.109607 0.185091 -0.19285 0.344697 0.0309728 0.060944 0.0161243 -0.0745591 0.0261234 0.16288 0.0203269 0.0229894 0.077739 -0.0682178 0.208343 -0.0960741
internal_weight=77214 51917 31005 894 30111 1135 1035 807 223 179 584 189 104 94 395 87 308 228 20912 6928 13984 764 12444 506 11938 11836 6164 799 157 748
internal_count=77214 51917 31005 894 30111 1135 1035 807 223 179 584 189 104 94 395 87 308 228 20912 6928 13984 764 12444 506 11938 11836 6164 799 157 748
is_linear=0
shrinkage=0.03


Tree=135
num_leaves=31
num_cat=2
split_feature=213 195 137 217 74 12 90 100 141 202 173 6 203 91 165 51 108 148 150 67 64 14 17 174 101 49 47 86 39 92
split_gain=15549.5 15081.4 25259.3 11986.1 16232.2 14060.2 33530.2 16233.6 15148.3 11982.9 15046.2 11540.9 11862 14355.1 11131.8 14569.9 12774.8 12070.3 11125 10858.7 19380 25861 10625.8 10331 10162.4 17246.7 11316.2 10032.2 10627.2 9538.58
threshold=0 346.00000000000006 0.47826441184590135 1 0.84262126684188854 0.64038554550818361 0.69892984628677379 65.700000000000003 5.550555893388851 52.500000000000007 -0.15980748895745414 0.94500000000000006 2.5000000000000004 0.95031249523162853 1.0919337155763404 0.44949495792388922 37.550000000000004 64.733333333333348 74.683333333333351 0.44160820543766027 0.43047404289245611 0.034999999999999983 1.0000000180025095e-35 0.095869888280053453 66.13190160185367 8.3731446266174334 9.8334522247314471 0.57192119956016552 94.500000000000014 0.84634274244308483
decision_type=1 8 8 9 8 8 10 10 10 10 8 10 10 10 10 8 10 10 8 10 10 8 2 10 8 8 8 10 10 10
left_child=1 2 -1 -3 -5 6 -6 8 -8 10 -7 12 19 -14 15 -13 17 -17 -16 20 29 -22 -2 24 27 -26 -27 28 -12 -4
right_child=22 3 11 4 5 9 7 -9 -10 -11 23 14 13 -15 18 16 -18 -19 -20 -21 21 -23 -24 -25 25 26 -28 -29 -30 -31
leaf_value=-0.061977158662945384 -0.063748190057848431 0.02054540527338021 0.049845192765270246 0.037106938379229126 0.14540696727486668 0.61752918362617493 1.2333007593027183 0.19546782517433164 0.46891076067835091 0.34561161940487528 -0.080429637499599374 -0.48592683638632295 -0.003325411321249036 -0.55885960851396832 0.11473139235507041 0.58735606046156441 -0.18189708677359989 -0.09269640500952557 0.46962742905197447 -0.2872185676070777 0.032972270042999935 0.90503684990514399 -0.0075367489697722627 0.4231260716264898 -0.18319277621128344 0.74417487920455205 0.12126331332784432 -0.35397410895513454 0.30079136958828678 -0.10982013348280714
leaf_weight=4311 3270 4660 6227 1841 338 41 56 40 40 156 351 60 12813 42 1051 55 105 41 86 88 69 55 40663 55 66 53 52 92 81 356
leaf_count=4311 3270 4660 6227 1841 338 41 56 40 40 156 351 60 12813 42 1051 55 105 41 86 88 69 55 40663 55 66 53 52 92 81 356
internal_value=-1.58405e-06 0.0154637 0.00418087 0.0516004 0.0956086 0.172074 0.305459 0.703235 0.914805 0.105311 0.0579198 0.0177312 0.0118059 -0.00514046 0.101016 -0.0756735 0.0467902 0.296917 0.141575 0.0438656 0.0482097 0.419775 -0.011718 0.0273278 -0.00399436 0.19682 0.435685 -0.0695273 -0.0089507 0.0412107
internal_weight=77214 33281 25359 7922 3262 1421 474 136 96 947 791 21048 19650 12855 1398 261 201 96 1137 6795 6707 124 43933 750 695 171 105 524 432 6583
internal_count=77214 33281 25359 7922 3262 1421 474 136 96 947 791 21048 19650 12855 1398 261 201 96 1137 6795 6707 124 43933 750 695 171 105 524 432 6583
cat_boundaries=0 1 2
cat_threshold=8 21
is_linear=0
shrinkage=0.03


Tree=136
num_leaves=31
num_cat=1
split_feature=86 159 216 59 17 26 186 147 49 156 161 76 85 162 148 63 161 68 105 21 100 116 197 116 91 116 98 91 83 38
split_gain=14811.1 13988.8 13144.9 11775.7 11008.8 10954.9 13450.4 10178.5 10482 9617.85 11838.5 11126 10706.6 20434.6 9952.12 9805.87 21048.5 12663.7 9240.42 9183.3 9179.77 9173.39 9156.28 8886.98 10829.1 9984.4 10766.7 10013.7 8874.34 14849.7
threshold=0.071198157966136946 257.50000000000006 0 0.32188095152378088 7.5000000000000009 48.500000000000007 0.49712301587301594 54.833333333333336 8.0005412101745623 33.900000000000006 180.38151291198611 0.3726190477609635 0.75961539149284374 220.73214285714289 56.366666666666674 0.39864711463451391 220.05931052006662 0.40520420670509344 9.9327593689381128 0.75500000000000012 52.900000000000006 0.5864148010323319 20.500000000000004 0.68714551867098417 0.54012706875801098 0.64574574474018542 0.65894803404808056 0.97348487377166759 0.63333335518836986 5.576596975326539
decision_type=10 8 1 10 2 2 8 10 8 10 10 10 10 10 10 10 10 10 8 2 10 10 8 10 8 10 10 10 10 10
left_child=-1 2 3 7 20 6 -6 8 -2 10 -7 12 18 -14 -11 17 21 -16 -12 28 -4 -17 -15 25 -25 27 -27 -8 29 -9
right_child=1 -3 4 -5 5 9 23 19 -10 14 11 -13 13 22 15 16 -18 -19 -20 -21 -22 -23 -24 24 -26 26 -28 -29 -30 -31
leaf_value=-0.015223343967721677 0.037769402548366665 0.032067220874209941 0.35787083818316456 0.45485470192772998 -0.1148523238400288 -0.15811967899882753 0.033551142027081947 0.019291276772742585 0.40182569954706271 0.31250727575272319 0.3648980241620115 -0.30390167801556262 0.72072477727623308 -0.18279541788865691 -0.055439754361368783 0.37567726582987232 -0.3443909653827128 0.42082068092682778 0.015892982118596109 0.3959237537123263 -0.050383998813976844 -0.16076573754732423 0.37901914287890709 -0.0025891603978816422 0.6954851990416645 -0.060184730455531903 -0.55383437657898116 0.42911822114011333 -0.18792234013406184 0.33376083584938276
leaf_weight=32967 147 17629 50 63 602 339 8280 3255 138 64 70 88 59 69 3406 64 284 51 2773 60 5753 52 42 40 40 413 44 58 173 141
leaf_count=32967 147 17629 50 63 602 339 8280 3255 138 64 70 88 59 69 3406 64 284 51 2773 60 5753 52 42 40 40 413 44 58 173 141
internal_value=-1.4568e-06 0.0113399 -0.00238777 0.047845 -0.0112276 0.00104822 0.0223744 0.041416 0.214049 -0.0264084 0.0102026 0.0286035 0.0383149 0.26958 -0.0585282 -0.0646848 -0.205309 -0.0484136 0.0244861 0.0278584 -0.0468664 0.135203 0.0297831 0.0316826 0.346448 0.0288195 -0.107713 0.0363027 0.0216707 0.0323479
internal_weight=77214 44247 26618 3977 22641 16838 9477 3914 285 7361 3440 3101 3013 170 3921 3857 400 3457 2843 3629 5803 116 111 8875 80 8795 457 8338 3569 3396
internal_count=77214 44247 26618 3977 22641 16838 9477 3914 285 7361 3440 3101 3013 170 3921 3857 400 3457 2843 3629 5803 116 111 8875 80 8795 457 8338 3569 3396
cat_boundaries=0 1
cat_threshold=2
is_linear=0
shrinkage=0.03


Tree=137
num_leaves=31
num_cat=1
split_feature=214 1 121 202 6 164 17 8 198 12 7 68 102 44 138 166 62 160 14 100 154 62 149 116 102 14 20 91 191 96
split_gain=14401.5 12823.2 12738 13148.1 13915.2 13274.4 12758.7 14092.4 16028.5 13502.1 12664.5 21801.2 15692.8 11617 17769.2 16128.2 15266.5 16046.5 13702.6 11460.3 11085.2 15166.3 11755.6 16169.7 11006.3 10968.3 10884.4 10815 16989.7 14523.5
threshold=0 1.5000000000000002 2.2071548977413098 53.500000000000007 0.94500000000000006 2.9000000000000004 14.500000000000002 0.94675000000000009 8.0971147686394342 0.72327793821178177 0.92833333333333357 0.36793158948421484 67.480769230769241 62.618501663208015 0.45698862768770532 1.1937500000000003 0.20857743918895724 281.10000000000008 0.075000000000000025 69.100000000000009 35.591666666666676 0.2012046352028847 64.862931910301413 0.59692991886227975 60.483333333333341 -0.67499999999999982 1.5000000000000002 0.9245804250240327 0.058425608355140858 0.76687797904014599
decision_type=9 8 8 8 8 10 2 10 8 10 8 10 10 10 8 10 10 10 10 10 10 10 10 10 10 8 2 10 8 10
left_child=1 2 -1 6 10 -6 9 13 -9 24 25 12 -12 16 -15 -16 -8 18 -18 20 -17 -22 23 -23 -4 -5 -3 29 -29 -27
right_child=-2 26 3 4 5 -7 7 8 -10 -11 11 -13 -14 14 15 19 17 -19 -20 -21 21 22 -24 -25 -26 27 -28 28 -30 -31
leaf_value=-0.0081099723022119586 -0.014474814571144886 -0.0088027412866989278 0.16644846124831811 0.43077005321854978 0.11323921597968754 0.63931900043379175 0.023276678823614359 0.6066107836961746 -0.010378545572360356 -0.3924870676751685 0.098684803604697571 -0.57255837850932834 -0.45255610446477756 0.50545090113580216 -0.51099580897909136 0.32356743592282994 0.33195663307092887 0.83134586404009558 -0.31414373150467867 -0.53722255917482598 0.44904945234954352 -0.56463011238181471 0.037765760164260857 0.11704568446163709 -0.085670539112038813 0.044358077040944167 0.14886694216516924 0.1103428865370788 0.80637830625687323 -0.40229567893526769
leaf_weight=6538 34343 19923 181 67 2281 44 1688 80 72 113 234 79 58 40 92 69 113 41 40 43 40 103 125 45 1121 9004 402 127 42 66
leaf_count=6538 34343 19923 181 67 2281 44 1688 80 72 113 234 79 58 40 92 69 113 41 40 43 40 103 125 45 1121 9004 402 127 42 66
internal_value=-1.41315e-06 0.0115936 0.0271745 0.0415854 0.0572931 0.123195 -0.00547492 0.0340903 0.314353 -0.0779226 0.0414595 -0.130426 -0.0108083 0.0166242 -0.103726 -0.150857 0.0522431 0.304281 0.163042 -0.0728978 -0.0206309 -0.0965085 -0.176444 -0.357364 -0.0506217 0.048312 -0.00568426 0.0455385 0.283322 0.0411079
internal_weight=77214 42871 22546 16008 12002 2325 4006 2591 152 1415 9677 371 292 2439 557 517 1882 194 153 425 382 313 273 148 1302 9306 20325 9239 169 9070
internal_count=77214 42871 22546 16008 12002 2325 4006 2591 152 1415 9677 371 292 2439 557 517 1882 194 153 425 382 313 273 148 1302 9306 20325 9239 169 9070
cat_boundaries=0 1
cat_threshold=264
is_linear=0
shrinkage=0.03


Tree=138
num_leaves=31
num_cat=0
split_feature=74 196 84 148 76 17 52 87 57 106 21 84 82 186 39 1 116 52 209 45 210 195 107 59 169 151 196 99 102 52
split_gain=14105.8 17907.5 13908.5 11420.4 11084.4 10477 13608.1 13529.7 9253.38 9152.02 9064.84 13748.2 10663.1 9059.74 13086.1 15532.8 13993.6 12180.3 19099.3 23154.5 17284.3 17217.6 15556.6 14435.5 13876.1 12071 11993.4 13541.9 12706.7 12375.9
threshold=0.91010102629661571 3.5000000000000004 0.22222223132848742 53.100000000000009 0.024725275114178661 4.5000000000000009 0.30079366266727453 0.9650000035762788 0.09175084158778192 11.369318181818183 0.66500000000000015 0.04389574937522412 0.22319096326828006 0.5807539682539683 61.500000000000007 1.0000000180025095e-35 0.66036342225699129 0.73018509149551403 106.40000000000002 9.4083333015441912 415.30000000000001 86.500000000000014 44.500000000000007 0.22394428402185443 4.2108608670042793 29.166666666666668 1.0000000180025095e-35 70.583333333333357 63.408333333333339 0.59282222390174877
decision_type=8 8 10 8 8 2 10 10 10 8 2 10 10 10 10 10 10 10 2 10 2 8 10 10 10 10 10 10 8 10
left_child=1 8 4 -4 -2 6 -5 -8 -1 -6 -3 -12 -13 14 -7 -16 17 18 19 20 23 -19 -22 -17 26 -15 27 28 29 -21
right_child=2 10 3 5 9 13 7 -9 -10 -11 11 12 -14 25 15 16 -18 21 -20 24 22 -23 -24 -25 -26 -27 -28 -29 -30 -31
leaf_value=-0.030079448381747229 0.34516853135752384 0.002317868768686148 0.46808358987172444 0.45168994693195119 -0.10016122019906601 0.056013283325341438 -0.058156998358398736 0.40686853828101321 -0.091157310832621588 0.00020437220883822723 0.0028610446131122963 0.8245125546455383 0.21509999272349764 -0.3709383470256154 0.56361017508166178 0.82968769062181991 -0.33267924480384492 -0.10406451265496963 -0.12608743937009559 0.54333986144690283 -0.0064831650361847192 0.14518415078224842 0.51721102343230951 0.23477697247937321 -0.6015553382656923 0.1557935896600959 -0.15380073834611818 0.55275867257267242 -0.14315823315219445 -0.0048907533387343091
leaf_weight=7754 83 10573 54 51 835 8092 1931 58 3135 39449 168 40 73 41 42 58 122 352 1272 63 313 856 61 100 41 871 390 48 198 90
leaf_count=7754 83 10573 54 51 835 8092 1931 58 3135 39449 168 40 73 41 42 58 122 352 1272 63 313 856 61 100 41 871 390 48 198 90
internal_value=-1.42688e-06 -0.0204822 0.00802642 0.0325846 -0.00116242 0.031022 -0.0321895 -0.0445967 -0.0476641 -0.00187599 0.00678739 0.174959 0.430821 0.0409337 0.0340601 -0.0102846 -0.0163652 -0.00632087 -0.042495 0.0355738 0.190076 0.0725554 0.0789322 0.453162 -0.0634563 0.132114 -0.0354942 0.0801437 0.0155126 0.220851
internal_weight=77214 21743 55471 15104 40367 15050 2040 1989 10889 40284 10854 281 113 13010 12098 4006 3964 3842 2634 1362 532 1208 374 158 830 912 789 399 351 153
internal_count=77214 21743 55471 15104 40367 15050 2040 1989 10889 40284 10854 281 113 13010 12098 4006 3964 3842 2634 1362 532 1208 374 158 830 912 789 399 351 153
is_linear=0
shrinkage=0.03


Tree=139
num_leaves=31
num_cat=0
split_feature=43 159 162 1 76 101 87 42 14 56 17 21 91 105 197 155 115 54 162 195 67 85 91 50 118 8 26 197 48 156
split_gain=13751.5 14208.5 12006.1 12604.8 16047.7 14031.8 12211.8 11154.2 11108.1 10455.8 10136.5 9821.21 10653.4 11116.1 11456.9 11174.3 12659.6 13062.8 10234.9 9835.81 11811.6 9785.89 15942.6 12929.5 10472.5 9494.61 9644.25 9475.61 9217.75 9207.71
threshold=7.0333333015441903 257.16666666666669 343.25000000000006 1.5000000000000002 0.15749157965183261 71.840832068684165 0.58290582895278942 16.425667762756351 -0.61499999999999977 0.38801057636737829 1.5000000000000002 0.75500000000000012 0.9245804250240327 12.114181824903927 22.500000000000004 29.500000000000004 0.6542366883900067 0.66364344954490673 283.70714285714291 187.50000000000003 0.23044375330209735 0.074175827205181136 0.98240384459495556 7.5121295452117929 0.59863752084844202 0.92450000000000021 90.500000000000014 17.500000000000004 6.7350549697875985 36.100000000000009
decision_type=10 8 8 8 10 10 10 8 8 10 2 2 8 10 10 10 10 10 8 8 10 10 8 10 10 8 2 8 10 10
left_child=2 11 7 4 5 8 -5 -1 -4 -10 -3 12 25 14 15 27 18 -18 21 20 28 22 23 -17 -24 -2 -27 -14 -13 -23
right_child=1 10 3 6 -6 -7 -8 -9 9 -11 -12 19 13 -15 -16 16 17 -19 -20 -21 -22 29 24 -25 -26 26 -28 -29 -30 -31
leaf_value=-0.019767634374209583 -0.0077923019790382981 -0.044670715858219454 0.53084143010937435 0.01096865233363464 -0.21462169029094555 0.63113796343637063 -0.16175554547603332 -0.10126408328257445 0.38905017885533005 0.060645652368670019 0.035390871204402305 0.33959384115138913 0.058377426742859506 -0.43679797457797187 -0.036184362939963549 0.11960606548190117 0.71770497894845897 0.026613829784095287 0.45079924101829527 0.310058106310027 -0.34167785479176427 0.10210611312320247 -0.0065697511380108506 0.80925865211657111 0.45260147116307553 -0.071754344800095446 -0.48403943781582814 -0.22836898488156937 -0.034244970771628365 -0.094007125060822136
leaf_weight=21998 24055 1543 49 1834 162 43 461 1623 91 2119 18339 102 322 42 874 40 64 40 75 175 62 734 195 63 58 1398 53 153 142 305
leaf_count=21998 24055 1543 49 1834 162 43 461 1623 91 2119 18339 102 322 42 874 40 64 40 75 175 62 734 195 63 58 1398 53 153 142 305
internal_value=-1.38425e-06 0.0096501 -0.0166089 0.0268629 0.0739826 0.0942927 -0.0237267 -0.0253673 0.0840739 0.0741682 0.0291775 -0.00375979 -0.00603089 0.0477926 0.0547556 0.093546 0.132032 0.451901 0.109402 0.130669 0.0280776 0.0910473 0.22679 0.541432 0.0986948 -0.0122877 -0.0868137 -0.0339851 0.122032 0.0445368
internal_weight=77214 48834 28380 4759 2464 2302 2295 23621 2259 2210 19882 28952 28471 2965 2923 2049 1574 104 1470 481 306 1395 356 103 253 25506 1451 475 244 1039
internal_count=77214 48834 28380 4759 2464 2302 2295 23621 2259 2210 19882 28952 28471 2965 2923 2049 1574 104 1470 481 306 1395 356 103 253 25506 1451 475 244 1039
is_linear=0
shrinkage=0.03


Tree=140
num_leaves=31
num_cat=2
split_feature=213 195 137 217 74 12 90 100 141 202 173 203 90 157 67 67 14 202 198 26 40 187 161 98 208 44 92 176 39 110
split_gain=13185.4 13931.5 21938.3 11149.7 14919.8 13222 31219.7 15405.9 14327.1 11085.6 14137.2 10439.2 14244.4 15429.1 10043.8 13991.3 31663.3 27345.3 19406.4 20978.8 12314 13846.9 12114.9 10861.4 12562.2 12367.2 15415.1 9848.89 13620.8 12261.6
threshold=0 346.00000000000006 0.47826441184590135 1 0.84262126684188854 0.64038554550818361 0.69892984628677379 65.700000000000003 5.550555893388851 52.500000000000007 -0.15980748895745414 2.5000000000000004 0.96536996960639965 35.417573721068329 0.44160820543766027 0.36679755151271826 0.36500000000000016 69.500000000000014 7.8949918324918338 57.500000000000007 94.166667938232436 64.416666666666686 236.63175857546196 0.60884064435958873 5.5000000000000009 73.771900177001967 0.84634274244308483 0.40894353536783834 76.500000000000014 36.67948717948719
decision_type=1 8 8 9 8 8 10 10 10 10 8 10 10 10 10 10 8 8 10 2 10 10 10 10 2 10 10 8 10 10
left_child=1 2 -1 -3 -5 6 -6 8 -8 10 -7 14 -13 -14 15 20 17 -17 22 -20 23 -22 -19 -4 -25 26 -26 -12 29 -29
right_child=-2 3 11 4 5 9 7 -9 -10 -11 27 12 13 -15 -16 16 -18 18 19 -21 21 -23 -24 24 25 -27 -28 28 -30 -31
leaf_value=-0.058260165272736184 -0.010790384131386253 0.019023832608356859 0.031059727424039812 0.035327546949248452 0.13963190672930176 0.59684037941258128 1.1937457258573601 0.18324370747804641 0.45036459886282681 0.33110912952572108 -0.22812251643492623 -0.0021952884517119613 0.61359066925144623 -0.076408437609672544 -0.21830972893978468 0.81620523761871244 0.93461958618164054 0.097270509851606263 0.8321289315165542 -0.024694917720297107 0.063699289721411631 -0.51282844155193541 -0.47216398186073066 0.58585629335708089 0.15099594428505697 0.52624856061622738 -0.16969582311416925 0.11563295021938516 0.26620820905073223 -0.21137588684366124
leaf_weight=4311 43933 4660 5732 1841 338 41 56 40 40 156 117 13651 70 50 128 43 50 57 41 69 74 76 82 54 639 61 171 235 214 184
leaf_count=4311 43933 4660 5732 1841 338 41 56 40 40 156 117 13651 70 50 128 43 50 57 41 69 74 76 82 54 639 61 171 235 214 184
internal_value=-1.34265e-06 0.0142398 0.00339552 0.0489714 0.091415 0.164723 0.294071 0.677898 0.884004 0.0999813 0.0543986 0.0160237 0.000665387 0.326091 0.0450877 0.0498038 0.237041 0.117593 -0.00305097 0.294667 0.0403965 -0.228408 -0.238655 0.0464534 0.141844 0.114316 0.0832943 0.0247451 0.0714836 -0.02797
internal_weight=77214 33281 25359 7922 3262 1421 474 136 96 947 791 21048 13771 120 7277 7149 342 292 249 110 6807 150 139 6657 925 871 810 750 633 419
internal_count=77214 33281 25359 7922 3262 1421 474 136 96 947 791 21048 13771 120 7277 7149 342 292 249 110 6807 150 139 6657 925 871 810 750 633 419
cat_boundaries=0 1 2
cat_threshold=8 21
is_linear=0
shrinkage=0.03


Tree=141
num_leaves=31
num_cat=1
split_feature=21 1 158 172 37 37 43 9 39 10 198 172 50 216 118 64 187 100 101 53 191 34 6 102 49 43 22 50 84 161
split_gain=12818.9 13156.3 16644.9 14083.4 14494.4 12737.3 11341.9 17482 11313 10462.5 17312.9 12920.9 17122.3 9905.34 9564.75 10780.4 11576.2 12287.3 12154.2 10458.8 11579.7 11080.6 9986.91 9574.04 10120.4 9292.61 15776.5 9598.29 11277.8 10411.1
threshold=0.17500000000000002 1.5000000000000002 41.519230769230781 0.071366232944675534 6.4641025066375741 0.92582416534423839 68.035713195800795 0.57721802806560818 85.500000000000014 0.78393734643734658 8.1008891034538255 0.010526252722590361 8.2617316246032733 0 0.61829349907848064 0.024417103268206123 60.916666666666679 62.100000000000009 71.840832068684165 0.66668999195098888 -0.18723161274413205 6.1666667461395273 0.95500000000000007 62.031250000000007 6.8207125663757333 53.190910339355476 27.500000000000004 9.5863366127014178 0.55555567145347606 262.98592125453689
decision_type=2 8 8 8 10 10 8 10 10 10 8 10 10 1 10 8 8 10 10 8 8 10 8 8 8 10 2 10 10 8
left_child=1 2 5 4 8 -1 -3 -8 -4 -2 -11 12 -12 -9 15 -5 17 -17 19 20 -18 25 -16 -21 -25 27 -27 28 -22 -29
right_child=9 6 3 14 -6 -7 7 13 -10 10 11 -13 -14 -15 22 16 18 -19 -20 23 21 -23 -24 24 -26 26 -28 29 -30 -31
leaf_value=-0.040200840722108638 0.029635084368579874 -0.010060890169235956 -0.011039824789159358 0.031802795911207792 0.49606241047382355 0.010405451990884686 -0.0364895306928784 0.061641883864875659 -0.34842925074743109 -0.034237584843282487 0.22748029010344858 -0.016016359640394939 0.8969392597675323 -0.25005189400947803 0.013093605153114198 0.22016857383672947 -0.4340842999552571 0.68322629408160251 0.5878015596434778 0.49457672787637547 0.061420044887240406 -0.32222384641405011 -0.44369964109017296 0.56897112907195568 0.1180463546300414 0.040107050144447473 0.8293297976888715 0.67764184554417928 -0.38185284044061385 0.020894256830215455
leaf_weight=5513 7059 30939 1310 1014 48 23802 4107 111 96 157 73 51 65 562 251 224 43 67 49 87 666 61 52 49 522 53 40 45 56 42
leaf_count=5513 7059 30939 1310 1014 48 23802 4107 111 96 157 73 51 65 562 251 224 43 67 49 87 666 61 52 49 522 53 40 45 56 42
internal_value=-1.27032e-06 -0.0039824 0.00934879 0.0612894 -0.0165752 0.000888396 -0.0167056 -0.0597141 -0.0340764 0.0375299 0.198598 0.392012 0.542805 -0.201443 0.0953801 0.111512 0.151844 0.326783 0.122126 0.108413 0.0475855 0.0690931 -0.0653 0.20141 0.156742 0.0955569 0.379558 0.0629091 0.0270388 0.360591
internal_weight=77214 69809 34090 4775 1454 29315 35719 4780 1406 7405 346 189 138 673 3321 3018 2004 291 1713 1664 1006 963 303 658 571 902 93 809 722 87
internal_count=77214 69809 34090 4775 1454 29315 35719 4780 1406 7405 346 189 138 673 3321 3018 2004 291 1713 1664 1006 963 303 658 571 902 93 809 722 87
cat_boundaries=0 1
cat_threshold=2
is_linear=0
shrinkage=0.03


Tree=142
num_leaves=31
num_cat=0
split_feature=159 6 17 21 157 195 5 65 189 21 40 118 189 6 189 112 159 15 155 57 198 54 165 30 160 150 95 55 155 86
split_gain=12541.8 13470.4 9279.19 9136.98 15985.4 15212.1 9132.01 10230.1 11825.2 9846.45 13831.3 9854.59 8987.31 8853.85 13833 15710 17649.1 12330 11872.3 16034.7 15739.1 10531.3 10357.2 10249.4 10098.8 11012 10704.3 13164 8374.01 8295.84
threshold=255.83333333333334 0.25500000000000006 7.5000000000000009 0.75500000000000012 34.294672093772228 187.50000000000003 1.0000000180025095e-35 0.35771499574184423 5.7522927820682535 0.52500000000000013 71.833332061767592 0.66639110919970568 5.9450828209519395 0.95500000000000007 2.1121134683489804 35.550000000000004 261.16666666666669 -0.010779699052822967 40.500000000000007 0.23861283808946612 7.6886532535798446 0.62133464217185985 1.8097970190385579 8.6904139518737811 300.90000000000003 65.577380952380963 0.75999370217323314 0.71676573157310497 36.166666666666679 0.55019381642341625
decision_type=8 8 2 2 10 8 2 10 10 2 10 10 8 10 8 10 10 8 10 10 10 10 10 10 10 10 10 8 10 8
left_child=2 -2 -1 -4 5 -5 9 8 29 13 11 -11 -9 -3 21 16 -16 -17 20 -20 22 -15 23 -19 25 26 27 -18 -22 -8
right_child=1 6 3 4 -6 -7 7 12 -10 10 -12 -13 -14 14 15 17 24 18 19 -21 28 -23 -24 -25 -26 -27 -28 -29 -30 -31
leaf_value=-0.028753775357512276 -0.012842825521237422 0.023558123808073334 -0.0022612899164964973 0.13682634471736341 -0.066860013687641828 0.65178217381238934 -0.073691295086825037 -0.068289148963016008 0.46204079440661838 0.070051531339853659 0.52799020399581897 0.54817744278326264 -0.66459865919748939 0.20545782449153752 0.91006917174269519 0.52177403859297433 0.72936607082100469 -0.16187899857759475 0.049268507280592184 -0.70259034007787702 0.17071956652200829 -0.21716812509998498 -0.30579987099350886 0.50912070339918136 0.58345619089901446 -0.13415507169583668 -0.028301223587181609 0.048782002198986887 0.72889414478184245 0.36338390594575465
leaf_weight=15763 10837 18326 29002 161 191 76 836 46 42 722 73 41 45 78 41 45 68 42 59 45 59 166 86 40 64 78 59 41 41 41
leaf_count=15763 10837 18326 29002 161 191 76 836 46 42 722 73 41 45 78 41 45 68 42 59 45 59 166 86 40 64 78 59 41 41 41
internal_value=-1.96427e-06 0.0143619 -0.0101793 -0.000230639 0.13737 0.30196 0.0282789 -0.0597522 -0.0297078 0.0326861 0.133488 0.0957437 -0.363167 0.0283283 0.114711 0.177228 0.32512 0.0527442 -0.00399325 -0.276055 0.101583 -0.0820664 -0.0757909 0.165438 0.247756 0.160419 0.297186 0.473367 0.399571 -0.0532579
internal_weight=77214 32021 45193 29430 428 237 21184 1010 919 20174 836 763 91 19338 1012 768 351 417 372 104 268 244 168 82 310 246 168 109 100 877
internal_count=77214 32021 45193 29430 428 237 21184 1010 919 20174 836 763 91 19338 1012 768 351 417 372 104 268 244 168 82 310 246 168 109 100 877
is_linear=0
shrinkage=0.03


Tree=143
num_leaves=31
num_cat=3
split_feature=74 196 214 202 1 14 217 162 143 143 132 63 215 210 7 37 100 40 37 47 89 58 17 91 84 42 85 150 165 189
split_gain=12401.2 15923 11800.5 10093.1 11797.7 12650.5 15752.4 16725.2 15206.2 15112.5 13964.3 13752.9 12417.4 14766.6 15343.8 15614.6 13748.5 14718.4 12257.2 11540 14766.6 12298.8 11480.9 11128.4 11430.3 11089.7 14279.5 19260.9 14217.9 14053
threshold=0.91010102629661571 3.5000000000000004 0 53.500000000000007 1.5000000000000002 -0.61499999999999977 1 280.18333333333339 0.67341269841269846 0.63849206349206367 0.10009630694462596 0.34466418623924261 2 2283.8000000000006 0.9683333333333336 4.3798077106475839 69.100000000000009 58.416666030883796 5.8516483306884775 10.564193725585939 0.80450001358985912 0.13654216378927234 20.500000000000004 0.63516667485237133 0.85188615322113048 23.311764717102054 0.73030304908752453 63.968750000000007 0.68404952546978504 5.5488707721233377
decision_type=8 8 9 8 8 10 9 8 8 10 10 10 9 2 10 10 10 10 10 8 10 10 2 10 10 8 10 10 8 10
left_child=1 -1 3 22 5 25 7 8 9 11 -10 -7 16 14 -14 -16 17 -8 -17 -9 21 -21 23 -2 -25 -5 28 -28 -27 -30
right_child=2 -3 -4 4 -6 6 12 19 10 -11 -12 -13 13 -15 15 18 -18 -19 -20 20 -22 -23 -24 24 -26 26 27 -29 29 -31
leaf_value=-0.044836868039055282 -0.014655912807096896 0.0065088836275938962 -0.0062590889665478551 -0.043805237960739013 0.0062928294491893235 -0.0073928787909886412 -0.070926721236453605 0.15750388434676735 0.032394942379109268 0.6785922783663717 -0.50228584440549218 0.47165711517198172 0.024157135031086595 -0.22755179524274882 0.82113128721714013 -0.20944625866702862 0.29668920576572416 -0.53035194427626475 0.34585184114211998 0.32854256667989368 0.012721505035524782 1.0185708335171575 0.036411445542036937 -0.15316137583562064 0.35875095357255238 0.69165339120951563 -0.52640818246773313 0.27947537290261071 0.24775432023867755 -0.083099109971004989
leaf_weight=10889 3094 10854 27843 234 9111 170 156 849 1905 59 45 79 6436 203 40 54 48 105 106 47 46 46 2821 923 41 55 56 51 710 138
leaf_count=10889 3094 10854 27843 234 9111 170 156 849 1905 59 45 79 6436 203 40 54 48 105 106 47 46 46 2821 923 41 55 56 51 710 138
internal_value=-1.90535e-06 -0.0192053 0.00752527 0.0214114 0.0318597 0.0518751 0.0410544 0.095747 0.0509967 0.246887 0.0200562 0.144595 0.0160614 0.0244886 0.0321987 0.290977 -0.169937 -0.255753 0.158439 0.19899 0.452381 0.669847 -0.0100724 -0.0423865 -0.131389 0.142285 0.185399 -0.142295 0.224229 0.193913
internal_weight=77214 21743 55471 27628 20749 11638 10394 3246 2258 308 1950 249 7148 6839 6636 200 309 261 160 988 139 93 6879 4058 964 1244 1010 107 903 848
internal_count=77214 21743 55471 27628 20749 11638 10394 3246 2258 308 1950 249 7148 6839 6636 200 309 261 160 988 139 93 6879 4058 964 1244 1010 107 903 848
cat_boundaries=0 1 2 3
cat_threshold=264 72 4
is_linear=0
shrinkage=0.03


Tree=144
num_leaves=31
num_cat=0
split_feature=43 21 162 1 76 87 101 159 14 39 14 56 84 44 151 157 38 65 77 50 159 151 14 164 158 30 120 135 50 79
split_gain=11867.9 12751.2 12689.2 12189.4 14952.7 12683.1 12598.4 11089.9 10616.8 10147.1 9876.42 9471.17 8759.36 17140.1 10736.1 11708.4 11860.9 12965.7 16278.4 17372.8 23545.1 13848.8 10770.5 14531.1 10565.5 9708.11 8979.58 10801.7 13386 9077.88
threshold=2.0333333015441899 0.18500000000000003 347.58333333333343 1.5000000000000002 0.15749157965183261 0.58290582895278942 71.840832068684165 257.16666666666669 -0.19999999999999998 21.500000000000004 -0.61499999999999977 0.38801057636737829 0.046615468338131912 37.898864746093757 48.833333333333336 43.107838445745138 4.9134182929992685 0.31648641824722296 0.16873015463352206 8.9722437858581561 272.50000000000006 34.833333333333336 -0.014999999999999956 1.7750000000000001 35.174242424242429 8.4276123046875018 1.8685714285714288 0.4287717206929112 7.6267123222351083 0.19646722078323367
decision_type=10 2 8 8 10 10 10 8 10 10 8 10 10 10 10 10 10 10 8 10 10 10 10 10 10 10 8 8 10 8
left_child=2 7 9 4 6 -5 10 -2 -3 -1 -4 -12 13 -10 15 16 17 25 -19 20 21 -20 24 -24 -18 26 29 28 -28 -14
right_child=1 8 3 5 -6 -7 -8 -9 12 -11 11 -13 14 -15 -16 -17 22 18 19 -21 -22 -23 23 -25 -26 -27 27 -29 -30 -31
leaf_value=-0.029423745694423405 -0.0091060625956149947 -0.038028792274790078 0.50542734511196619 0.0085688124732243715 -0.20867624054317949 -0.17023834881844618 0.5983402663789863 0.018949246523025199 0.051051521598389285 -0.1640152150097465 0.36981547582280505 0.057058664358203781 -0.13865617167241504 -0.26558486325744379 -0.353795447579839 0.59843196622530614 -0.013164394034279717 0.87864719540607639 0.56321969273139016 -0.13736885761285755 1.0299535880728465 -0.11404861645131814 0.29967225885969034 -0.31321684208181166 -0.60661407235595921 -0.27722326867282387 0.81669583588204486 0.12438955258483204 0.12428890526294709 0.29301552079617976
leaf_weight=13979 31421 998 48 1728 162 450 43 21261 1956 523 91 2056 202 167 44 45 54 41 49 77 41 61 98 54 54 58 47 1296 54 56
leaf_count=13979 31421 998 48 1728 162 450 43 21261 1956 523 91 2056 202 167 44 45 54 41 49 77 41 61 98 54 54 58 47 1296 54 56
internal_value=-1.87251e-06 0.00673618 -0.0205317 0.023012 0.0696456 -0.0283748 0.0897922 0.00221629 0.0504113 -0.0342777 0.0798298 0.0703148 0.0702279 0.0261442 0.110378 0.119308 0.109692 0.134683 0.328312 0.229349 0.41635 0.187644 -0.0808226 0.0819353 -0.309889 0.104277 0.117647 0.147677 0.446498 -0.04496
internal_weight=77214 58134 19080 4578 2400 2178 2238 52682 5452 14502 2195 2147 4454 2123 2331 2287 2242 1982 269 228 151 110 260 152 108 1713 1655 1397 101 258
internal_count=77214 58134 19080 4578 2400 2178 2238 52682 5452 14502 2195 2147 4454 2123 2331 2287 2242 1982 269 228 151 110 260 152 108 1713 1655 1397 101 258
is_linear=0
shrinkage=0.03


Tree=145
num_leaves=31
num_cat=0
split_feature=74 196 84 148 76 66 166 63 193 111 96 112 47 202 39 59 43 53 38 52 34 52 50 55 68 166 17 26 8 51
split_gain=11530.7 14883 11235.2 10829.6 10223.6 9492.49 12157.2 10102 9753.06 11764.3 14422.9 16704.7 14376.4 13035.8 10659.9 19233.4 13218.1 13911.1 13112.6 13201.9 15949.2 15055.8 19870.7 12708.5 11732.4 15550.7 14268.5 26241.4 23949.3 15576.5
threshold=0.91010102629661571 3.5000000000000004 0.22222223132848742 53.100000000000009 0.024725275114178661 0.49384190142154699 1.5419580419580423 0.59553056955337536 3.5000000000000004 33.416666666666679 0.74700108170509349 32.900000000000006 11.800595283508303 47.500000000000007 59.500000000000007 0.3099371492862702 79.816669464111342 0.57633921504020702 2.2008180618286137 0.73018509149551403 5.4166667461395273 0.80004209280014049 9.7036166191101092 0.66102108359336864 0.30755671858787542 1.9198717948717952 16.500000000000004 48.500000000000007 0.75100000000000022 0.72720128297805797
decision_type=8 8 10 8 8 10 8 10 10 8 10 8 10 8 10 10 10 10 10 10 10 10 10 10 10 8 2 2 10 10
left_child=1 -1 4 -4 -2 8 7 -7 9 10 13 -12 -11 -5 16 18 -10 -18 -16 24 21 22 -21 -22 -20 26 -26 -28 -29 -30
right_child=2 -3 3 5 -6 6 -8 -9 14 12 11 -13 -14 -15 15 -17 17 -19 19 20 23 -23 -24 -25 25 -27 27 28 29 -31
leaf_value=-0.043299370804065852 0.33160960112709592 0.0063413264541467163 0.45341450293858843 -0.25376500410619629 -0.001687646633596801 -0.79129406760378573 0.033381650855045505 -0.12533446072078333 0.029529641981088001 0.13072150347323283 0.63212635278472529 -0.11028308863256206 -0.16439843508573071 0.012816834600254623 0.11071871641557662 0.24971163323166493 0.67943132080137725 0.1328016441144089 -0.15667686153945115 0.18533138108592614 0.24519358597601515 -0.034951590751273645 0.8742627883718368 -0.17685676217861146 -0.14264110588627615 -0.23215808725848641 0.6970236839233217 0.68922799511066513 -0.25893404515816809 0.30240337468798345
leaf_weight=10889 83 10854 54 203 40284 41 101 41 7425 2262 65 47 159 884 432 214 54 187 1401 190 79 193 47 343 164 194 74 44 141 65
leaf_count=10889 83 10854 54 203 40284 41 101 41 7425 2262 65 47 159 884 432 214 54 187 1401 190 79 193 47 343 164 194 74 44 141 65
internal_value=-1.81641e-06 -0.018519 0.00725637 0.0293286 -0.00100234 0.027807 -0.186941 -0.458314 0.0304503 0.0732799 -0.00356906 0.32058 0.111339 -0.036968 0.0166651 -0.0260678 0.0366268 0.255283 -0.0435958 -0.0663093 0.0331762 0.161762 0.321955 -0.0978473 -0.107001 -0.00495529 0.0853671 0.200779 0.0538902 -0.081813
internal_weight=77214 21743 55471 15104 40367 15050 183 82 14867 3620 1199 112 2421 1087 11247 3581 7666 241 3367 2935 852 430 237 422 2083 682 488 324 250 206
internal_count=77214 21743 55471 15104 40367 15050 183 82 14867 3620 1199 112 2421 1087 11247 3581 7666 241 3367 2935 852 430 237 422 2083 682 488 324 250 206
is_linear=0
shrinkage=0.03


Tree=146
num_leaves=31
num_cat=0
split_feature=21 88 8 189 52 94 50 203 17 62 40 118 116 108 44 49 202 187 26 186 51 41 61 107 116 143 157 56 10 198
split_gain=11189.3 11101.4 13287.5 18126 17474.4 22049 13082.3 11879.8 12827.7 11052.2 10551.4 12055.4 17112.3 25784.5 11914.2 20601.7 22270.3 18548.2 12440.7 11806.2 12829.1 11172.8 10088.6 9970.22 10425.6 9700.27 11695.1 9234.08 9094.6 15960.2
threshold=0.17500000000000002 0.88416665792465221 0.84900000000000031 4.3445623442530641 0.64044010639190685 0.73941615223884594 8.7285637855529803 11.500000000000002 5.5000000000000009 0.071351252496242537 95.166667938232436 0.61411745166092824 0.56512497013237895 40.70000000000001 73.771900177001967 8.4084467887878436 72.500000000000014 61.291666666666679 50.500000000000007 0.46770833333333345 0.29285715520381933 90.099998474121108 0.16251112520694735 38.500000000000007 0.55458302046369357 0.67182539682539688 41.250721106227559 0.53333476185798656 0.78393734643734658 8.1008891034538255
decision_type=2 8 8 8 10 10 10 10 2 10 10 8 10 10 10 8 10 10 2 8 10 10 10 10 10 10 10 10 10 8
left_child=1 7 3 -3 6 -6 -5 8 -1 -10 14 12 -12 -14 18 23 17 -17 19 -11 22 27 -21 24 -16 -4 -27 -20 -2 -30
right_child=28 2 25 4 5 -7 -8 -9 9 10 11 -13 13 -15 15 16 -18 -19 21 20 -22 -23 -24 -25 -26 26 -28 -29 29 -31
leaf_value=-0.027069620643775591 0.02770215618857521 -0.0049832824540277151 0.02533626898991477 -0.24073586835392885 1.1671524162263405 0.33860335116939883 0.45501276545226571 -0.039380913136475688 -0.011016427650188334 -0.10961853503219306 -0.24111522949445321 -0.37871456889081589 0.60335783064365389 -0.1808441600551853 -0.11238876327088004 0.69888588614897285 0.95655398909164502 0.055970138256977262 -0.15940392536757134 -0.01117358673157158 0.059678901349599155 0.468534578890963 -0.27247121324860735 -0.2171034019976491 0.46395305469632148 -0.17079863754144081 0.36783598986268046 -0.0035149544638130433 -0.038321167144473568 0.37093694762400692
leaf_weight=14092 7059 236 8545 56 41 98 43 9432 17154 446 161 121 74 77 57 55 46 152 359 1063 9481 44 152 123 56 390 40 7215 157 189
leaf_count=14092 7059 236 8545 56 41 98 43 9432 17154 446 161 121 74 77 57 55 46 152 359 1063 9481 44 152 123 56 390 40 7215 157 189
internal_value=-1.76189e-06 -0.00372124 0.0265155 0.181318 0.366053 0.582996 0.061458 -0.00845463 -0.002727 0.00658553 0.0219267 -0.124528 -0.025949 0.203467 0.0252211 0.171409 0.359477 0.226793 0.0214105 0.0416113 0.0479172 -0.0081348 -0.0438627 -0.0302055 0.173232 0.0183399 -0.120693 -0.0109039 0.0350628 0.185233
internal_weight=77214 69809 9449 474 238 139 99 60360 50928 36836 19682 433 312 151 19249 489 253 207 18760 11142 10696 7618 1215 236 113 8975 430 7574 7405 346
internal_count=77214 69809 9449 474 238 139 99 60360 50928 36836 19682 433 312 151 19249 489 253 207 18760 11142 10696 7618 1215 236 113 8975 430 7574 7405 346
is_linear=0
shrinkage=0.03


Tree=147
num_leaves=31
num_cat=1
split_feature=159 6 5 217 86 150 21 40 118 34 29 207 85 159 67 198 7 85 87 161 31 68 57 94 64 97 57 48 73 177
split_gain=11040.5 11497.3 8587.08 10155.8 12373.6 15199.1 8839.22 12544 9224.62 8137.98 9376.07 9349.33 11327.6 12033.7 14463.5 11259.7 10413.5 10159 9591.98 9511.95 9505.75 15263.9 13877.6 12980 10996.9 21094.8 10394.1 16530.7 12338.3 12935
threshold=255.83333333333334 0.25500000000000006 1.0000000180025095e-35 0 0.23103087395429614 63.320512820512825 0.52500000000000013 71.833332061767592 0.66639110919970568 9.5000000000000018 12.266666412353517 10.500000000000002 0.20714285969734195 327.83333333333343 0.29823954403400427 8.0342758852156422 0.9141666666666669 0.21448791027069095 0.73500001430511486 304.88931388934913 10.516666889190676 0.30755671858787542 0.42020373046398168 0.80223658680915844 0.46389260888099676 0.57174420356750499 0.19082633405923846 12.66780996322632 1.2264957427978518 0.47444274090257871
decision_type=8 8 2 9 8 10 2 10 10 10 10 2 10 10 10 10 10 10 10 10 10 10 8 8 10 10 10 10 10 10
left_child=-1 -2 6 4 -4 -6 9 8 -8 10 11 12 15 17 16 -3 18 -14 19 -15 22 -22 24 -23 26 -26 -19 28 29 -28
right_child=1 2 3 -5 5 -7 7 -9 -10 -11 -12 -13 13 14 -16 -17 -18 20 -20 -21 21 23 -24 -25 25 -27 27 -29 -30 -31
leaf_value=-0.0095505117369640603 -0.011658360338075142 0.025923704586851341 -0.083801412859042607 -0.12222804595593267 -0.051462574996763745 0.57685376091436913 0.065310834032635601 0.50180953304245046 0.52790190810110504 0.44361817108733309 -0.38888955816930654 -0.047657466241714172 0.4212768731667445 0.49061164469881485 -0.33077863406227981 -0.068385205564368362 0.470504383955683 0.098889011021457987 -0.21058240882619733 0.0031884626621127726 -0.025629378541239669 0.14741501426696776 -0.488383873745799 0.79476909611906321 0.90837094728539625 0.074953232376677226 0.017223621023660998 -0.50505115306377402 0.2985130338900619 -0.42510970258424358
leaf_weight=45193 10837 10782 176 694 63 77 722 73 41 42 49 1413 78 44 138 1274 42 3035 155 199 84 50 40 63 41 82 1475 55 135 62
leaf_count=45193 10837 10782 176 694 63 77 722 73 41 42 49 1413 78 44 138 1274 42 3035 155 199 84 50 40 63 41 82 1475 55 135 62
internal_value=-1.70902e-06 0.013475 0.0263324 -0.0590317 0.081063 0.294111 0.0306061 0.126113 0.0901683 0.0264773 0.0255693 0.0266245 0.0325099 0.0670465 -0.0628116 0.0159577 0.0212326 0.0814807 -0.026178 0.0914462 0.0763061 0.280651 0.0681323 0.508329 0.0726893 0.352759 0.0654552 0.00669918 0.0235331 -0.000619363
internal_weight=77214 32021 21184 1010 316 140 20174 836 763 19338 19296 19247 17834 5778 578 12056 440 5200 398 243 5122 197 4925 113 4885 123 4762 1727 1672 1537
internal_count=77214 32021 21184 1010 316 140 20174 836 763 19338 19296 19247 17834 5778 578 12056 440 5200 398 243 5122 197 4925 113 4885 123 4762 1727 1672 1537
cat_boundaries=0 1
cat_threshold=13
is_linear=0
shrinkage=0.03


Tree=148
num_leaves=31
num_cat=0
split_feature=17 21 62 5 202 115 6 150 65 189 195 84 68 39 61 82 57 113 50 52 189 92 84 15 15 187 189 192 47 1
split_gain=10953.1 12513.9 11291.7 11100.4 10452.6 10406 10604.4 12043.3 13678.5 14996.1 11601.9 11828.8 13636.3 12497.5 16208.6 12187.4 12298.6 11468.9 10855.4 11248.3 10621.8 11652.1 10346.3 10129.1 12833.8 11066.3 10123.1 10010 9695.27 9603.95
threshold=1.0000000180025095e-35 0.75500000000000012 0.029379214160144333 1.0000000180025095e-35 51.500000000000007 0.62778143160379452 0.95500000000000007 68.436507936507951 0.37289889156818395 5.4057807475328454 223.50000000000003 0.85188615322113048 0.40520420670509344 109.50000000000001 0.27952480316162115 0.83333334326744091 0.36451049149036413 35.139024294385493 8.6911034584045428 0.52394181489944469 5.4057807475328454 0.90013155341148388 0.025705344974994663 -0.07767845843482242 -0.033427390961267657 63.791666666666679 4.8429168686270723 1.5000000000000002 9.0534524917602557 1.5000000000000002
decision_type=2 2 10 2 8 10 8 10 10 10 10 10 10 10 10 10 10 10 10 10 10 8 10 8 8 10 10 10 10 8
left_child=29 2 -2 4 -4 6 -6 10 9 27 11 12 13 15 28 16 20 -14 19 -12 26 -22 -3 25 -25 -24 -8 -9 -15 -1
right_child=1 22 3 -5 5 -7 7 8 -10 -11 18 -13 17 14 -16 -17 -18 -19 -20 -21 21 -23 23 24 -26 -27 -28 -29 -30 -31
leaf_value=0.055646768849532881 -0.021852337670026419 0.014002227055644573 -0.013778616226381454 -0.051088323212057446 0.018786754271487498 -0.016014114821420209 0.032796773046871404 0.58566877643267312 0.64555234165063924 -0.37778229757466103 -0.25128066531249454 -0.23780590194637755 0.10493543544411658 -0.33160070241883743 -0.69642788902242125 0.42874259745752485 0.44546919334393281 0.73075506612341457 0.58311595966870122 0.30447004602714017 0.14849863779331957 -0.4756116996526718 -0.29535489271084464 0.73989253450271686 0.19746697820466994 0.31287974566914317 0.49737820378569664 0.15077447465909091 0.29498886574869571 -0.057908713679795755
leaf_weight=785 14832 657 12146 2757 30304 6782 2303 54 56 44 49 137 60 43 47 74 65 47 66 99 42 75 72 43 451 43 43 404 46 4588
leaf_count=785 14832 657 12146 2757 30304 6782 2303 54 56 44 49 137 60 43 47 74 65 47 66 99 42 75 72 43 451 43 43 404 46 4588
internal_value=-2.13265e-06 0.0030879 0.00141094 0.00760079 0.0106545 0.0179211 0.0246786 0.0722404 0.200838 0.151228 0.0497882 0.034476 0.0475877 0.0346038 -0.245746 0.049257 0.0381487 0.379828 0.263156 0.120471 0.0273992 -0.251572 0.0965725 0.185651 0.244682 -0.067928 0.0413121 0.20205 -0.00774542 -0.0413182
internal_weight=77214 71841 70575 55743 52986 40840 34058 3754 558 502 3196 2982 2845 2738 136 2602 2528 107 214 148 2463 117 1266 609 494 115 2346 458 89 5373
internal_count=77214 71841 70575 55743 52986 40840 34058 3754 558 502 3196 2982 2845 2738 136 2602 2528 107 214 148 2463 117 1266 609 494 115 2346 458 89 5373
is_linear=0
shrinkage=0.03


Tree=149
num_leaves=31
num_cat=1
split_feature=162 44 155 216 74 152 195 115 210 91 165 30 64 67 27 169 100 14 203 116 198 141 66 159 43 43 188 17 158 15
split_gain=10609.8 12153.8 11939.2 12350.3 17277.1 11867.8 9923.83 12178.4 10519.9 16050 11623.2 10952.3 9253.56 12506.8 19925.9 16031.6 14867.4 11908.1 14857.1 14685.4 12212.8 16937.3 10825.8 10525.4 9136.63 9027.85 8996.03 8959.27 9682.12 11384.7
threshold=240.03333333333336 15.282816410064699 33.833333333333336 0 1.0388386249542239 38.900000000000006 42.500000000000007 0.38508268722592526 835.60000000000002 0.76031249761581432 1.2049771399452578 6.7004320621490487 0.52435916662216198 0.38357040286064154 5.5000000000000009 3.6529767045109502 60.900000000000006 0.050000000000000037 11.500000000000002 0.52442433471039684 7.1098883293567043 5.614555372644003 0.42385533452034002 215.83333333333334 100.77500152587892 49.033332824707038 41.250000000000007 84.500000000000014 40.67948717948719 -0.039733692025358695
decision_type=8 8 10 1 10 10 10 8 2 10 10 10 10 10 10 8 10 10 10 10 10 8 10 10 10 10 10 2 10 10
left_child=12 25 3 4 5 -3 7 -5 -9 -10 -11 -12 13 -1 16 -16 -15 18 19 23 21 -21 -22 -17 26 -2 -8 -4 -29 -30
right_child=1 2 27 6 -6 -7 24 8 9 10 11 -13 -14 14 15 17 -18 -19 -20 20 22 -23 -24 -25 -26 -27 -28 28 29 -31
leaf_value=-0.017235007714945724 -0.0094660820092146939 0.091063069933736362 0.011663750067113036 0.59868277001380921 0.6953752094879746 0.47107723279844355 0.0091292002770280451 0.039147936888916504 0.09849776435759211 0.88051883139261378 0.6084035912275314 -0.0024640924004571776 -0.28958649164980105 0.05033849793931712 0.50194126596216293 0.01279060588163488 0.7446268221310206 -0.21940662108142583 0.57017802175210441 -0.2426789291338487 -0.066080704739219259 0.46329074059662062 -0.6646644749893591 0.62847402202839753 0.35068346640338066 0.36213157619712716 -0.28145656967041444 -0.16955537470462528 -0.20960064875318649 0.40736195873646508
leaf_weight=26595 21851 1160 18497 40 48 79 4440 2176 547 41 50 56 110 46 61 51 70 170 49 66 57 57 52 49 69 59 98 460 47 63
leaf_count=26595 21851 1160 18497 40 48 79 4440 2176 547 41 50 56 110 46 61 51 70 170 49 66 57 57 52 49 69 59 98 460 47 63
internal_value=-2.06872e-06 0.00825321 0.0213961 0.0502918 0.135872 0.115293 0.0354116 0.0788299 0.0715845 0.173288 0.451588 0.285681 -0.0149824 -0.0138769 0.1088 0.0404692 0.469306 -0.0106193 0.0825404 0.0105698 -0.120424 0.0844777 -0.351644 0.314475 0.0080634 -0.00846543 0.00285388 0.00805378 -0.109093 0.143751
internal_weight=77214 49781 27871 8804 1287 1239 7517 2910 2870 694 147 106 27433 27323 728 612 116 551 381 332 232 123 109 100 4607 21910 4538 19067 570 110
internal_count=77214 49781 27871 8804 1287 1239 7517 2910 2870 694 147 106 27433 27323 728 612 116 551 381 332 232 123 109 100 4607 21910 4538 19067 570 110
cat_boundaries=0 1
cat_threshold=2
is_linear=0
shrinkage=0.03


Tree=150
num_leaves=31
num_cat=0
split_feature=17 21 6 176 150 14 22 47 166 162 160 14 56 26 67 92 87 15 95 85 56 195 15 169 108 66 199 52 61 198
split_gain=10371 11898.5 11303.9 11253.1 10014.4 12395.9 12525.3 15343.6 11535.5 11481 11034.8 10215.9 13356.2 14871.1 14080.5 12354.5 9941.03 9391.5 9296.31 13770.6 12753.7 15435.1 13410.4 18091.7 14461.7 16550.6 12054 11876.5 11810.5 12327.4
threshold=1.0000000180025095e-35 0.17500000000000002 0.78500000000000014 0.51910901151502242 68.436507936507951 0.28500000000000009 35.500000000000007 7.9444949626922616 1.4580419580419581 302.33750000000003 261.30000000000001 0.25500000000000012 0.70444628596305858 66.500000000000014 0.14389107376337054 0.58983331918716442 0.7749999761581422 0.0046303442992235997 0.64287999272346508 0.12916667014360431 0.60685160756111156 66.500000000000014 -0.012893899057916601 6.5536100299021633 42.100000000000009 0.26131618022918707 7.4314742926155981 0.78909319639205944 0.19267097860574725 8.2037144866709735
decision_type=2 2 8 10 10 10 2 10 10 10 10 8 10 2 10 10 8 8 10 8 10 8 8 10 10 10 8 10 10 10
left_child=-1 2 16 4 18 6 11 9 -7 10 -8 12 13 -6 -14 -13 -2 -9 26 -20 21 -21 23 28 -24 27 -4 -26 -22 -30
right_child=1 -3 3 -5 5 8 7 17 -10 -11 -12 15 14 -15 -16 -17 -18 -19 19 20 22 -23 24 -25 25 -27 -28 -29 29 -31
leaf_value=-0.040205231694905537 -0.0061837461413591964 0.041196426729403345 -0.0026276574163679894 0.43486103347802563 -0.17550639914401941 0.02608629008134206 0.5000179433520836 -0.24411843181864634 0.6529264463111758 0.76084460888590133 -0.017272284099033901 0.065884908398292016 -0.056642443220336715 0.41926486419831832 0.56855543438877376 0.54422896163394807 -0.11189546668641177 0.1937918506986504 0.072560191029078 0.27377633541934637 -0.084983240493745713 -0.14892978375644123 -0.016434734196168671 0.59171088911985092 0.087038485502234156 -0.42764062890581583 0.070617381295784071 -0.43829638270770804 0.078169201911336944 0.51242968995754534
leaf_weight=5373 48715 6661 4404 59 490 45 79 74 64 56 70 742 77 41 56 52 814 109 1155 83 405 1228 1484 57 161 185 3739 51 620 65
leaf_count=5373 48715 6661 4404 59 490 45 79 74 64 56 70 742 77 41 56 52 814 109 1155 83 405 1228 1484 57 161 185 3739 51 620 65
internal_value=-2.00659e-06 0.0030048 -0.000898153 0.0213266 0.0197618 0.083261 0.0649047 0.216387 0.394139 0.394632 0.256996 0.0245925 -0.0622449 -0.129582 0.206599 0.0972122 -0.0079211 0.0167134 0.0106585 -0.0194969 -0.0440016 -0.122168 -0.0101587 0.0706906 -0.0594591 -0.220286 0.0310041 -0.0393392 0.0434446 0.119376
internal_weight=77214 71841 65180 15651 15592 1955 1846 388 109 205 149 1458 664 531 133 794 49529 183 13637 5494 4339 1311 3028 1147 1881 397 8143 212 1090 685
internal_count=77214 71841 65180 15651 15592 1955 1846 388 109 205 149 1458 664 531 133 794 49529 183 13637 5494 4339 1311 3028 1147 1881 397 8143 212 1090 685
is_linear=0
shrinkage=0.03


Tree=151
num_leaves=31
num_cat=2
split_feature=213 216 150 35 187 150 47 101 84 44 200 10 92 63 50 65 38 10 29 84 140 160 165 7 101 50 67 116 10 7
split_gain=10188 12156.2 12903.7 21527.3 20837.4 20657.1 14861.7 13943.1 12929.1 13961.8 15613.5 11847.1 11749.5 15187.1 14188.8 15451.6 12781.9 13340 12852.7 17420.1 16543.3 15551.6 17264.2 15723.4 16591.8 14533 11602.1 11517.8 11464.9 17383.8
threshold=0 1 69.033333333333346 2.7611879110336308 68.291666666666686 71.683333333333351 8.5515804290771502 62.76210302500251 0.77102717757225048 84.278209686279311 1.0000000180025095e-35 0.78035379254891468 0.84634274244308483 0.41617631912231451 9.0790143013000506 0.37289889156818395 3.3346353769302373 0.82910783055198978 8.9000000953674334 0.3670147061347962 5.1879835997639452 287.10000000000008 1.4754584548750269 0.75416666666666676 63.443838512092732 9.0398454666137713 0.42570261657238012 0.58904439760534288 0.78035379254891468 0.88166666666666682
decision_type=1 1 8 10 10 10 10 10 8 10 2 8 10 10 10 10 10 10 10 10 10 10 10 10 10 10 10 10 10 10
left_child=1 2 8 -4 6 -6 -5 11 9 12 27 -8 16 14 15 -14 -1 18 19 28 25 22 23 24 -21 -20 -10 -11 29 -18
right_child=-2 -3 3 4 5 -7 7 -9 26 10 -12 -13 13 -15 -16 -17 17 -19 20 21 -22 -23 -24 -25 -26 -27 -28 -29 -30 -31
leaf_value=0.018511596399813524 -0.0094856891271477336 0.0014399809388458517 0.018779659552516741 0.33302067079347519 0.92676590349376198 0.082567222326993941 0.54814404058365185 -0.30420871941156163 -0.078863240377721161 -0.30141971320640748 0.68795620842806759 -0.11853325842542851 -0.19666481481267598 0.19793116077315062 -0.6590617511552922 0.40925384847230689 0.054063856949591461 0.63627505260844563 -0.098229345173835761 0.26584741259259836 0.33146633549740434 0.822049129486084 0.0133915506030832 0.17966363757250031 1.0710399719196206 -0.74325476075921737 -0.57387091828852277 0.3832602119445801 -0.33806479263678191 0.57909277462568443
leaf_weight=5164 43933 24243 654 239 75 40 49 86 327 41 62 47 318 116 51 43 816 43 125 42 57 45 175 112 51 42 49 48 60 61
leaf_count=5164 43933 24243 654 239 75 40 49 86 327 41 62 47 318 116 51 43 816 43 125 42 57 45 175 112 51 42 49 48 60 61
internal_value=-1.94642e-06 0.0125163 0.0421923 0.134294 0.275239 0.633132 0.177477 -0.02678 0.0282805 0.0369183 0.322461 0.22175 0.0310288 -0.105291 -0.190664 -0.124492 0.0416245 0.114894 0.100758 0.135392 -0.109829 0.294698 0.232249 0.419078 0.707405 -0.260451 -0.143372 0.0678459 0.0631343 0.0905824
internal_weight=77214 33281 9038 1190 536 115 421 182 7848 7472 151 96 7321 528 412 361 6793 1629 1586 1362 224 425 380 205 93 167 376 89 937 877
internal_count=77214 33281 9038 1190 536 115 421 182 7848 7472 151 96 7321 528 412 361 6793 1629 1586 1362 224 425 380 205 93 167 376 89 937 877
cat_boundaries=0 1 2
cat_threshold=8 3
is_linear=0
shrinkage=0.03


Tree=152
num_leaves=31
num_cat=1
split_feature=74 196 6 6 214 76 62 202 161 17 91 186 106 14 166 85 152 130 7 154 59 32 50 39 12 195 39 44 91 67
split_gain=10133.5 13434.6 9510.57 9245.37 9029.09 8829 15860.2 8376.01 10256.6 10957.3 11797.5 11128.4 12984.4 14469.9 10875.8 10720.7 12773.8 10234.3 9969.69 16958.9 14473.1 11947.7 11033.8 9214.72 10981.3 9284.13 9752.18 18107.8 16668 14615.5
threshold=0.91010102629661571 3.5000000000000004 0.03500000000000001 0.96500000000000008 0 0.048809524625539787 0.21106951683759692 53.500000000000007 164.85121987675254 20.500000000000004 0.63516667485237133 0.55257936507936523 11.360389610389612 -0.019999999999999931 2.1937500000000005 0.20714285969734195 43.366666666666674 5.2583333333333337 0.92833333333333357 35.759615384615394 0.26948522031307226 7.6946196556091317 8.7579860687255877 172.50000000000003 0.58615610750641933 70.500000000000014 47.500000000000007 49.88965034484864 0.84148353338241588 0.42570261657238012
decision_type=8 8 8 10 9 8 10 8 10 2 10 8 10 10 10 10 10 8 10 10 10 10 10 10 10 10 10 10 8 10
left_child=1 3 -2 -1 5 6 -4 8 -7 10 -10 -11 17 -14 15 -12 -17 -13 21 -20 -21 -19 -22 25 -25 -9 27 -27 -29 -30
right_child=2 -3 4 -5 -6 7 -8 23 9 11 14 12 13 -15 -16 16 -18 18 19 20 22 -23 -24 24 -26 26 -28 28 29 -31
leaf_value=-0.038864311592041838 -0.031472670326874119 0.0062586478510617376 0.068638263689264872 -0.41542682538598269 -0.0020731523406587885 -0.34564065715670583 0.73727251847122988 0.064884744455643795 -0.005185185481039226 -0.22598956217819993 -0.23525440887001692 -0.34418517696112394 -0.032491145559719631 0.69867331577208014 -0.48598223897353027 0.03042218614953841 -0.44781101652554101 0.059366207412046269 0.62439100341285969 -0.1165376115962863 0.74291307961795383 -0.14543219231162219 0.069496432771074007 0.10065556211471557 -0.4887567782943899 0.017471810959454825 -0.019654437525912397 0.036042104743225743 0.26839497986135752 -0.28968750238418578
leaf_weight=10830 5286 10854 124 59 24743 80 43 5855 2598 132 329 60 42 58 71 491 56 1763 70 128 41 300 47 50 66 7514 3991 801 687 45
leaf_count=10830 5286 10854 124 59 24743 80 43 5855 2598 132 329 60 42 58 71 491 56 1763 70 128 41 300 47 50 66 7514 3991 801 687 45
internal_value=-1.91927e-06 -0.017361 0.00680231 -0.0409046 0.0108338 0.0233778 0.240802 0.0219505 -0.00812958 -0.00376474 -0.038227 0.0424937 0.0566188 0.391584 -0.128874 -0.0999302 -0.0185377 0.0427141 0.0525965 0.218589 0.0870785 0.0295846 0.383247 0.0318659 -0.2347 0.0335025 0.0194097 0.0366425 0.130607 0.234087
internal_weight=77214 21743 55471 10889 50185 25442 167 25275 6266 6186 3545 2641 2509 100 947 876 547 2409 2349 286 216 2063 88 19009 116 18893 13038 9047 1533 732
internal_count=77214 21743 55471 10889 50185 25442 167 25275 6266 6186 3545 2641 2509 100 947 876 547 2409 2349 286 216 2063 88 19009 116 18893 13038 9047 1533 732
cat_boundaries=0 1
cat_threshold=264
is_linear=0
shrinkage=0.03


Tree=153
num_leaves=31
num_cat=0
split_feature=159 6 179 14 41 39 91 208 42 32 50 46 55 109 118 34 45 34 31 34 53 187 178 68 174 209 202 45 109 21
split_gain=10041.6 9741.86 8510.77 9004.73 8043.07 7904.45 9848.74 18982.4 12753.1 12677 13827.3 14266.1 13292.8 11326.8 15021.9 14466.7 12536.6 13600.9 9900.5 9117.87 8057.28 9992.12 8026.89 7996.93 16265.7 12373.9 19353.1 15443.3 9202.19 7569.67
threshold=255.83333333333334 0.25500000000000006 4.8224836665738309 0.065000000000000016 30.899999618530277 150.50000000000003 0.93809092044830333 9.5000000000000018 111.30368804931642 6.4765567779541025 7.3124904632568368 9.5678210258483904 0.65795636177062999 40.539455624914318 0.50125331052829425 4.1666667461395273 8.4852943420410174 5.4166667461395273 9.4365081787109393 7.4166667461395273 0.65000325441360485 64.250000000000014 0.39877010418026887 0.40520420670509344 -0.013352519923425399 587.25000000000011 60.500000000000007 8.7596154212951678 35.752662869843171 0.75500000000000012
decision_type=8 8 8 10 10 10 10 2 10 10 10 10 10 10 8 10 10 10 10 10 10 10 8 10 8 2 8 10 10 2
left_child=5 -2 3 4 -3 6 8 9 22 10 -8 12 -12 14 -11 -16 17 -17 -15 -20 -7 -22 -1 29 -25 26 -26 28 -28 -24
right_child=1 2 -4 -5 -6 20 7 -9 -10 13 11 -13 -14 18 15 16 -18 -19 19 -21 21 -23 23 24 25 -27 27 -29 -30 -31
leaf_value=-0.057703339917733583 -0.010284462611864222 0.16505822330713271 0.023232812798696337 -0.089502471565473363 0.75946584016084673 -0.38516015173184992 0.050736171844843268 -0.32914883123976846 0.42339380460684417 0.42842784671073264 1.1172155705732958 0.13828490181360392 0.40843955982815133 -0.075651457393169405 0.26412220773952344 -0.46968026587303652 -0.58848336662795087 0.20466572738829111 0.71158271766625925 0.113286992229703 0.21552488307441983 -0.31206580716371535 -0.010125222997481276 0.59858300380016627 -0.21479480047414942 -0.29407301096883537 0.50655264160037039 0.81607785888340156 -0.07895509717894382 0.090960875653735965
leaf_weight=3042 10837 42 21061 41 40 101 111 84 61 47 42 64 55 50 56 47 74 63 52 41 70 60 40036 57 82 73 40 46 61 678
leaf_count=3042 10837 42 21061 41 40 101 111 84 61 47 42 64 55 50 56 47 74 63 52 41 70 60 40036 57 82 73 40 46 61 678
internal_value=-1.86974e-06 0.0128508 0.024686 0.273508 0.455013 -0.00910848 -0.00820918 0.0970526 -0.010082 0.148051 0.308343 0.485947 0.715332 0.0466573 -0.0620273 -0.158075 -0.28657 -0.0834639 0.264787 0.447818 -0.184149 -0.0279785 -0.0106814 -0.00719884 0.133772 0.0460428 0.154464 0.360445 0.152929 -0.00844186
internal_weight=77214 32021 21184 123 82 45193 44962 786 44176 702 272 161 97 430 287 240 184 110 143 93 231 130 44115 41073 359 302 229 147 101 40714
internal_count=77214 32021 21184 123 82 45193 44962 786 44176 702 272 161 97 430 287 240 184 110 143 93 231 130 44115 41073 359 302 229 147 101 40714
is_linear=0
shrinkage=0.03


Tree=154
num_leaves=31
num_cat=0
split_feature=5 6 159 193 63 50 150 7 28 64 188 116 87 90 41 41 29 160 158 208 68 209 191 68 50 165 37 171 47 139
split_gain=9768.08 10995.9 11395.6 10987.8 15978.9 10457.4 11682.1 19827 13368.8 11836.9 14260.3 9461.5 25176.5 9292.84 13268.6 10841.2 14790.5 9195.55 9912.82 9485.96 9043.45 13093.9 11707.6 10898.3 10728.9 10311.4 12396.8 10304.4 9700.02 11618.3
threshold=1.0000000180025095e-35 0.24500000000000002 257.16666666666669 27.500000000000004 0.40605320036411291 8.4959354400634783 68.51666666666668 0.89666666666666683 8.166666507720949 0.52435916662216198 35.583333333333343 0.5065856886578356 0.81499999761581432 0.85197338461875927 79.299999237060561 66.90000152587892 6.0999999046325692 224.50000000000003 39.52272727272728 9.5000000000000018 0.40520420670509344 113.95 -0.041504765754885424 0.30755671858787542 8.7285637855529803 1.3191861470271484 5.1483516693115243 0.064781947328796011 9.8334522247314471 5.1992450277455236
decision_type=2 8 8 10 10 10 8 10 10 10 10 10 8 8 8 10 10 10 10 2 10 2 10 10 10 10 10 8 10 8
left_child=1 -1 3 5 17 -3 9 11 -9 20 -11 12 -8 14 15 16 -13 18 -5 -19 22 -22 23 25 -25 -7 -27 -23 29 -24
right_child=-2 2 -4 4 -6 6 7 8 -10 10 -12 13 -14 -15 -16 -17 -18 19 -20 -21 21 27 28 24 -26 26 -28 -29 -30 -31
leaf_value=-0.01415336209325849 -0.05034182915401067 -0.0079411029189634594 0.027946592906149842 -0.034862873912897219 -0.48586338255802791 -0.10403948370928326 0.061697525136766185 0.92393798840045926 0.22380406840807859 -0.71413720793848812 0.072835728317499154 -0.014690654409989233 0.92955445743188625 -0.2681466902828798 0.6007132771275937 -0.44088927575200798 0.48470880275422878 -0.21268615461067183 0.353007844151421 0.20352595831218517 0.4313281062092536 0.33678936052322384 -0.076255932836010398 0.16537012740969656 -0.38960132694193 0.027390393448436832 0.53040615200996388 -0.2848327540308237 -0.011658907852595003 0.11429852047899103
leaf_weight=24537 3320 22282 19915 258 90 664 113 45 54 43 40 279 41 82 40 40 66 364 77 57 117 40 339 40 145 542 48 60 1563 1913
leaf_count=24537 3320 22282 19915 258 90 664 113 45 54 43 40 279 41 82 40 40 66 364 77 57 117 40 339 40 145 542 48 60 1563 1913
internal_value=-1.81353e-06 0.00225992 0.0104195 -0.00143606 -0.107988 0.00171622 0.0357967 0.146109 0.542047 0.0207017 -0.334873 0.0868087 0.29275 0.0242545 0.0806707 0.0266403 0.0808466 -0.0630024 0.0542895 -0.156334 0.0260961 0.215885 0.0182575 -0.0546591 -0.269607 -0.0229483 0.0683137 -0.0361839 0.0457613 0.0856138
internal_weight=77214 73894 49357 29442 846 28596 6314 760 99 5554 83 661 154 507 425 385 345 756 335 421 5471 217 5254 1439 185 1254 590 100 3815 2252
internal_count=77214 73894 49357 29442 846 28596 6314 760 99 5554 83 661 154 507 425 385 345 756 335 421 5471 217 5254 1439 185 1254 590 100 3815 2252
is_linear=0
shrinkage=0.03


Tree=155
num_leaves=31
num_cat=0
split_feature=17 21 51 67 189 92 85 193 11 162 55 55 85 68 84 28 83 39 65 199 147 132 91 202 84 86 165 83 203 187
split_gain=9683.3 11062.9 9677.71 11281.4 12499.2 15285.7 15884.8 20608.3 15618.3 14337.3 13192.6 12356.4 11748.1 10679.6 15082.6 16210.3 11337.2 11219 15368.4 13440.6 11520.3 11336.1 11048.7 14335.3 18531.2 19556.9 16043.7 16041 14251 13928.2
threshold=1.0000000180025095e-35 0.75500000000000012 0.38675214350223547 0.04935738071799279 0.54064064100384723 0.83436700701713573 0.67708334326744091 26.500000000000004 0.76576102065002394 338.90000000000003 0.69671911001205455 0.68713203072547924 1.1742423772811892 0.40520420670509344 0.41763655841350561 7.8333332538604745 0.77500000596046459 108.50000000000001 0.25734631717205053 7.1524382480264839 63.500000000000007 -0.018622721841077165 0.74261364340782177 72.500000000000014 0.6673133671283723 0.45954339206218725 1.797386813450969 0.45000000298023229 20.500000000000004 62.083333333333343
decision_type=2 2 10 10 10 10 10 10 8 10 10 10 10 10 10 10 10 10 10 10 10 8 8 8 10 10 10 10 10 10
left_child=-1 2 -2 -4 -5 13 9 8 -8 10 11 -7 -10 17 15 -15 -16 21 19 -19 -21 -6 -23 28 25 -25 27 -27 -24 -26
right_child=1 -3 3 4 5 6 7 -9 12 -11 -12 -13 -14 14 16 -17 -18 18 -20 20 -22 22 23 24 29 26 -28 -29 -30 -31
leaf_value=-0.038849217479450596 -0.020752718550398008 0.090801367792110538 -0.0052828376533284828 0.049153641516193371 -0.073173040476939274 -0.060137172501626202 -0.22963444108838466 -0.3887037953124805 0.34718773727243141 -0.55828536944874263 -0.22175819864355717 0.33723842541913729 -0.19783208287888912 0.099194229036569589 -0.24845373683609068 0.92921781190236408 0.39052470141431184 -0.22819855707138775 -0.22128671489039756 -0.044618977596136658 0.48365667505124033 0.0067457747987047225 0.0098178795265259633 0.12668185304306318 0.25103789009686028 0.87389650069177149 -0.059772992849349969 0.17696512972693079 0.51642722662757423 -0.30934433661026062
leaf_weight=5373 14257 1266 30851 9408 1052 1458 67 66 270 59 476 74 41 40 64 45 41 80 399 66 85 7226 2483 1551 56 84 40 46 51 139
leaf_count=5373 14257 1266 30851 9408 1052 1458 67 66 270 59 476 74 41 40 64 45 41 80 399 66 85 7226 2483 1551 56 84 40 46 51 139
internal_value=-1.75915e-06 0.00290365 0.00132691 0.0069164 0.0216947 0.00560815 -0.0623777 0.100427 0.185831 -0.0973489 -0.0838054 -0.0409428 0.275336 0.0182087 0.241542 0.538618 0.00105213 0.0150321 -0.108545 0.0861908 0.252755 0.0211488 0.0296472 0.0668349 0.128758 0.160163 0.465628 0.62729 0.020014 -0.148414
internal_weight=77214 71841 70575 56318 25467 16059 2511 444 378 2067 2008 1532 311 13548 190 85 105 13358 630 231 151 12728 11676 4450 1916 1721 170 130 2534 195
internal_count=77214 71841 70575 56318 25467 16059 2511 444 378 2067 2008 1532 311 13548 190 85 105 13358 630 231 151 12728 11676 4450 1916 1721 170 130 2534 195
is_linear=0
shrinkage=0.03


Tree=156
num_leaves=31
num_cat=1
split_feature=162 44 155 216 74 152 195 115 210 91 59 46 63 159 56 157 199 48 37 159 94 66 189 154 83 17 151 53 39 125
split_gain=9388.08 9987.38 11416.7 11431.3 15880.8 10993.9 9339.89 11453.2 9839.51 14816.5 11222.1 9041.57 8959.49 17581.8 12766.3 12755.3 12253.1 12395.2 22386.4 12937.2 11383.6 11279.6 10819.1 28702.6 11037.8 10966 10644.5 11065.4 10128.4 18462.4
threshold=240.03333333333336 15.282816410064699 33.833333333333336 0 1.0388386249542239 38.900000000000006 42.500000000000007 0.38508268722592526 835.60000000000002 0.76031249761581432 0.24212358146905902 7.3339285850524911 0.35051791369915014 257.83333333333343 0.61960476636886608 40.803552229337576 6.3984652336353944 9.000010013580324 7.1483516693115243 263.16666666666669 0.5963454842567445 0.30941452085971838 7.2966858744621286 39.966666666666676 0.36666667461395269 64.500000000000014 42.166666666666679 0.58330470323562633 101.50000000000001 4.0781408693788874
decision_type=8 8 10 1 10 10 10 8 2 10 10 10 8 10 8 10 8 10 10 10 8 8 10 10 10 2 10 10 10 10
left_child=-1 -2 3 4 5 -3 7 -5 -9 -10 11 -11 22 14 20 21 -15 18 19 -18 -14 -16 25 -24 -25 28 27 -22 -4 -30
right_child=1 2 12 6 -6 -7 -8 8 9 10 -12 -13 13 16 15 -17 17 -19 -20 -21 26 -23 23 24 -26 -27 -28 -29 29 -31
leaf_value=-0.014093189880472076 -0.0073917589329842168 0.087215788750074283 0.014371311502347524 0.57987893870472906 0.66668470002710811 0.4529702460086798 0.007087528916568676 0.037343901025275343 0.095215093362157041 0.34478010293292372 0.020017611128943309 0.90361021466553204 0.048754490053764095 0.37952630845399998 -0.39537522746125858 0.41862185917794703 0.46431155680545738 -0.1167529949190885 0.62025485518574708 -0.0061010514623800931 -0.43097149487733843 -0.016729089912610601 0.65111120095673725 0.248988799059391 -0.35228618567107151 -0.086507345454819903 -0.66263555901050564 -0.045359441052106292 0.096314052466783331 0.75839204300281604
leaf_weight=27433 21910 1160 15016 40 48 79 4607 2176 547 57 42 48 81 78 90 48 56 573 60 871 150 332 85 50 61 957 75 121 320 43
leaf_count=27433 21910 1160 15016 40 48 79 4607 2176 547 57 42 48 81 78 90 48 56 573 60 871 150 332 85 50 61 957 75 121 320 43
internal_value=-1.70655e-06 0.00776374 0.0196778 0.0479342 0.130267 0.110537 0.0336199 0.0757404 0.0687141 0.167074 0.434466 0.600245 0.00663069 -0.0458858 -0.15265 -0.0447744 0.0125802 -0.00576714 0.0586654 0.0223165 -0.271388 -0.097483 0.0146835 0.236247 -0.0814416 0.0120252 -0.346335 -0.258798 0.0181566 0.174742
internal_weight=77214 49781 27871 8804 1287 1239 7517 2910 2870 694 147 105 19067 2535 897 470 1638 1560 987 927 427 422 16532 196 111 16336 346 271 15379 363
internal_count=77214 49781 27871 8804 1287 1239 7517 2910 2870 694 147 105 19067 2535 897 470 1638 1560 987 927 427 422 16532 196 111 16336 346 271 15379 363
cat_boundaries=0 1
cat_threshold=2
is_linear=0
shrinkage=0.03


Tree=157
num_leaves=31
num_cat=1
split_feature=5 213 84 21 56 95 11 56 63 194 166 17 43 202 47 118 129 11 150 126 197 34 161 199 102 110 31 39 122 6
split_gain=9271.8 10302.9 11813.2 15109.9 13287.4 12638.3 15168.6 19906.5 20245.4 13463.4 14668.5 12410.5 12269.8 20323.6 11771.2 13521.5 15887.8 15536.7 14266.1 14011.7 17850.2 13793.3 12786.3 13088 13258.5 11676.8 15790.3 13746.4 14034 11955.4
threshold=1.0000000180025095e-35 0 0.018787679262459282 0.75500000000000012 0.62874245643615734 0.64287999272346508 0.65197470505354227 0.60275515913963329 0.26103679835796362 5.5000000000000009 1.5505050505050508 2.5000000000000004 65.422618865966811 34.500000000000007 9.7840080261230487 0.58174388100939833 5.3689497091799767 0.71445934420242663 68.174242424242451 3.4580419580419588 20.500000000000004 5.4166667461395273 290.99086438925815 7.7726135854768055 65.654761904761912 39.449494949494955 11.035714149475099 153.50000000000003 2.741891441891442 0.43500000000000005
decision_type=2 1 8 2 8 10 10 10 10 8 8 2 10 10 10 10 10 10 10 10 10 10 10 10 10 10 10 10 10 10
left_child=1 2 12 4 5 6 -4 -8 -9 10 -7 -5 -1 -14 15 16 22 -17 19 20 21 -19 23 -11 -25 26 29 28 -27 -6
right_child=-2 -3 3 11 25 9 7 8 -10 14 -12 -13 13 -15 -16 17 -18 18 -20 -21 -22 -23 -24 24 -26 27 -28 -29 -30 -31
leaf_value=-0.013309350030214355 -0.049046198958654454 -0.0074747627349107549 0.01462311127961316 -0.097854337394558663 0.0046536616558288373 0.66892074697650972 0.37810537615790962 0.29068282040052634 -0.64106496089842258 0.04020178832134072 -0.080763883849848866 0.24915072234962979 0.83388664710812443 0.0051515251476513708 -0.18763118772552562 -0.27993332458514236 0.47901242716098902 0.062919597347710757 0.49056360816955569 -0.29978846821530608 -0.26417784997158578 0.61881795488704328 0.25864139358584692 -0.29711824010571702 0.11541267315137017 0.007108708041628926 0.49873216855029268 -0.43229954219999767 0.54739396002990282 0.10775522080587448
leaf_weight=10835 3320 42316 9366 116 1456 48 222 43 41 733 46 463 41 76 546 345 67 149 45 157 108 55 156 253 97 2605 81 63 44 3321
leaf_count=10835 3320 42316 9366 116 1456 48 222 43 41 733 46 463 41 76 546 345 67 149 45 157 108 55 156 253 97 2605 81 63 44 3321
internal_value=-1.65516e-06 0.00220188 0.0151666 0.0285421 0.0241783 0.00515395 0.0214139 0.229265 -0.164099 -0.0509124 0.302054 0.17963 -0.0100097 0.295563 -0.063151 -0.0317578 0.0290459 -0.124202 -0.0196744 -0.0686311 0.0476885 0.212794 0.00471355 -0.0318633 -0.182788 0.0555346 0.0833734 0.00566691 0.0160829 0.0763305
internal_weight=77214 73894 31578 20626 20047 12477 9672 306 84 2805 94 579 10952 117 2711 2165 1306 859 514 469 312 204 1239 1083 350 7570 4858 2712 2649 4777
internal_count=77214 73894 31578 20626 20047 12477 9672 306 84 2805 94 579 10952 117 2711 2165 1306 859 514 469 312 204 1239 1083 350 7570 4858 2712 2649 4777
cat_boundaries=0 1
cat_threshold=8
is_linear=0
shrinkage=0.03


Tree=158
num_leaves=31
num_cat=0
split_feature=17 21 160 97 93 61 50 86 50 165 162 155 148 96 195 29 166 85 198 91 150 17 109 80 148 84 146 12 163 45
split_gain=9156.15 10547.7 8957.16 11732.6 9629.48 8787.83 8739.92 12138 23779.8 16029.4 15217.4 14550.7 18728.1 15775.4 14355.9 12270.5 12163.3 10758.1 10521.2 9526.74 9195.51 11401.1 21466 9049.14 9746.37 8899.45 11291.4 13269.6 8904.56 9498.35
threshold=1.0000000180025095e-35 0.17500000000000002 202.10000000000002 0.79464083909988414 0.81594070792198192 0.054312463849782951 9.4808473587036151 0.52655076980590831 10.700385093688967 2.0913384079566706 214.22500000000002 41.500000000000007 66.100000000000009 0.6241537630558015 80.500000000000014 8.2249999046325701 1.591666666666667 0.63068181276321422 8.1682367622589833 0.77720779180526745 64.25833333333334 55.500000000000007 34.028166106358832 0.40026454627513891 53.900000000000006 0.41763655841350561 0.55693542568542587 0.73535734910991613 2.1666666666666674 9.8397436141967791
decision_type=2 2 10 10 10 10 10 10 10 10 10 10 10 10 10 8 10 10 10 8 8 2 10 10 10 10 8 10 10 10
left_child=-1 2 3 -2 -5 -4 18 20 9 10 -9 12 13 17 -11 19 -15 -12 23 -10 25 -22 -23 24 -7 -8 -27 28 29 -28
right_child=1 -3 5 4 -6 6 7 8 15 14 11 -13 -14 16 -16 -17 -18 -19 -20 -21 21 22 -24 -25 -26 26 27 -29 -30 -31
leaf_value=-0.037776883349634055 -0.037251316737456269 0.038782105937003479 -0.01011836256734599 0.63864765171493798 0.022468520522117615 0.31650023326277732 0.027486078516503264 0.74915388115749848 -0.31135291204219911 0.27817894224609646 0.76243671441078187 0.67480482695996757 -0.38064436985687772 0.16906415651673856 1.0723025910705326 -0.53958683921974526 -0.4884502894878387 0.19433266158103943 -0.049850088736254537 0.28400146146952099 0.064321775077506138 0.93891776203375765 0.094538476222327777 -0.23424105626530944 0.01366516852017806 0.35375387603044511 0.028362029015569758 -0.57110108986264096 0.2878150111112906 -0.31189020985782323
leaf_weight=5373 6953 6661 25623 42 50 96 1308 41 41 42 50 40 66 69 40 49 40 75 2590 59 1164 40 84 132 26037 40 133 64 46 166
leaf_count=5373 6953 6661 25623 42 50 96 1308 41 41 42 50 40 66 69 40 49 40 75 2590 59 1164 40 84 132 26037 40 133 64 46 166
internal_value=-1.63464e-06 0.00282358 -0.00085116 -0.032798 0.303768 0.00302027 0.0133749 0.0570669 0.17898 0.285064 0.203174 0.137335 0.0656722 0.191556 0.665556 -0.150665 -0.0722255 0.421574 0.00783755 0.0399062 0.0325641 0.0934538 0.366919 0.0135261 0.0147776 -0.0120721 -0.127311 -0.174358 -0.10076 -0.160541
internal_weight=77214 71841 65180 7045 92 58135 32512 3657 612 463 381 340 300 234 82 149 109 125 28855 100 3045 1288 124 26265 26133 1757 449 409 345 299
internal_count=77214 71841 65180 7045 92 58135 32512 3657 612 463 381 340 300 234 82 149 109 125 28855 100 3045 1288 124 26265 26133 1757 449 409 345 299
is_linear=0
shrinkage=0.03


Tree=159
num_leaves=31
num_cat=0
split_feature=203 31 193 57 64 17 20 136 62 67 193 211 12 157 151 85 30 40 199 9 114 154 60 56 165 154 37 112 46 189
split_gain=8980.98 11830.9 13441.3 12406 12082.8 11528.1 10535.2 11650.4 10114.6 9728.98 13965.2 16662.1 10825.7 10021.2 17066.6 9352.74 21668.2 20679.2 14137 11308.3 11680.5 12478 18014.7 12845 12443.3 11348.9 9895.27 12019.6 12579.8 11139.2
threshold=11.500000000000002 10.348484516143801 22.500000000000004 0.37602458894252783 0.36940619349479681 5.5000000000000009 1.0000000180025095e-35 0.41550029824923257 0.071351252496242537 0.44160820543766027 20.500000000000004 1.0000000180025095e-35 0.73136138913527371 35.841807298248519 33.833333333333336 0.67708334326744091 10.738973140716555 93.166667938232436 9.6724753640619117 0.94752796641583947 36.148351648351657 38.720779220779228 0.18184319883584979 0.66024973988533031 2.07381966478692 33.033333333333339 5.6794869899749765 38.550000000000004 6.7672619819641122 3.8047116771340375
decision_type=10 10 8 10 10 2 2 8 10 10 10 2 10 10 10 10 10 10 10 10 10 8 10 10 10 10 10 10 10 8
left_child=5 3 4 -2 -3 -1 8 -8 -7 15 11 12 13 14 -11 -10 17 18 19 20 21 24 -23 -24 25 -17 27 -22 -29 -30
right_child=1 2 -4 -5 -6 6 7 -9 9 10 -12 -13 -14 -15 -16 16 -18 -19 -20 -21 26 22 23 -25 -26 -27 -28 28 29 -31
leaf_value=-0.015181279009297322 -0.024961505195698699 0.13054366210611854 -0.059183321917379218 -0.42271926173022095 0.85452660347734166 -0.011008067043116019 -0.052760668138798789 0.063673331339211742 0.017682349948214889 0.41602957841836746 -0.43200080730915069 -0.37412947675356495 -0.15928515676657359 0.56609856457834873 -0.39580475569498247 0.37166825795606262 0.50213572614599722 -0.2555201157427664 -0.39941682630906933 0.52744817838782354 -0.10469594677917006 0.074870434369839409 0.38250119505450125 1.1055550264730685 0.59116281858086583 -0.097642851138244502 -0.20600641169763625 0.72429643103054586 -0.11287036969628132 0.50348752715757916
leaf_weight=19161 11722 41 74 71 42 16776 896 5654 21086 54 100 91 90 58 41 62 111 158 46 63 137 71 48 41 40 184 141 42 71 42
leaf_count=19161 11722 41 74 71 42 16776 896 5654 21086 54 100 91 90 58 41 62 111 158 46 63 137 71 48 41 40 184 141 42 71 42
internal_value=-1.58554e-06 -0.023912 0.234795 -0.0273562 0.496896 0.00437648 0.0125049 0.0477459 0.00666902 0.0196888 -0.120991 -0.0278746 0.101793 0.255368 0.065659 0.0224214 0.101918 0.0631536 0.114116 0.139193 0.111365 0.219119 0.431273 0.715593 0.100432 0.0206388 0.000376169 0.100034 0.280988 0.116218
internal_weight=77214 11950 157 11793 83 65264 46103 6550 39553 22777 434 334 243 153 95 22343 1257 1146 988 942 879 446 160 89 286 246 433 292 155 113
internal_count=77214 11950 157 11793 83 65264 46103 6550 39553 22777 434 334 243 153 95 22343 1257 1146 988 942 879 446 160 89 286 246 433 292 155 113
is_linear=0
shrinkage=0.03


Tree=160
num_leaves=31
num_cat=1
split_feature=168 192 6 214 55 41 117 150 76 92 55 87 111 194 38 60 6 77 104 21 32 154 47 7 158 151 56 162 6 91
split_gain=8832.46 11193.2 10111.4 9354.82 9178.75 9303.29 13607.6 8174.94 11400.3 12307.1 15990.1 12176 11653.6 10206.3 10102.6 11322.1 8939.97 8798.14 15172.2 8403.56 8509.47 17014.5 17025 9631.47 16523.7 14869 12085.1 14744.5 13716.8 13707.8
threshold=5.9000000000000012 5.5000000000000009 0.96500000000000008 0 0.5556217133998872 65.450000762939467 0.57005231983525018 73.366666666666688 0.21679894626140597 0.65082207322120678 0.45837302505970007 0.73500001430511486 34.166666666666679 15.500000000000002 3.7965856790542607 0.13558606803417209 0.21500000000000002 0.33764652907848364 11.450000000000001 0.22500000000000006 10.13188409805298 38.464102564102568 8.1491127014160174 0.94166666666666676 33.925824175824182 37.833333333333336 0.59524253010749828 274.52272727272731 0.99500000000000011 0.95577380061149608
decision_type=8 8 10 9 10 10 10 8 10 8 8 8 10 8 10 8 10 10 10 2 10 10 10 10 10 10 10 10 10 10
left_child=1 2 -1 7 5 -3 -7 17 9 14 -11 12 13 -12 15 -9 -17 19 -19 20 23 22 -22 -2 25 -25 28 29 -26 -28
right_child=3 4 -4 -5 -6 6 -8 8 -10 10 11 -13 -14 -15 -16 16 -18 18 -20 -21 21 -23 -24 24 26 -27 27 -29 -30 -31
leaf_value=-0.039572689479306686 0.0033078549848130552 -0.029337405354075315 -0.3941183960376537 -0.0060983598094949965 0.022491109891093444 -0.72659444664799888 -0.032088618710216496 0.074207314980638595 -0.40405996912717818 0.72147301404975184 0.30077989884523243 0.073076564507830483 0.1278363783425755 0.88473863707936329 0.36671425494054954 -0.0040797865179163463 -0.24879441241245095 0.03697476823834607 0.60576616971707742 0.059476197618136516 -0.247000614275103 -0.55335629100158601 0.53089986848831183 0.19227192907333374 -0.2874301767068751 0.75960854551371404 0.13146099726493293 0.40849920072668305 0.28227057330462396 -0.41607671311027122
leaf_weight=8741 22097 3075 73 29350 7114 43 62 805 45 43 65 782 135 46 72 338 223 137 61 2914 69 73 40 225 170 51 148 111 49 57
leaf_count=8741 22097 3075 73 29350 7114 43 62 805 45 43 65 782 135 46 72 338 223 137 61 2914 69 73 40 225 170 51 148 111 49 57
internal_value=-1.53792e-06 -0.0176952 -0.0425091 0.00581697 0.00355121 -0.0388194 -0.316505 0.0179743 0.0692143 0.0777027 0.154693 0.130985 0.315067 0.542781 0.0203617 0.00210598 -0.101355 0.0129866 0.212208 0.0114697 0.00541118 -0.198912 0.0384675 0.0070345 0.108573 0.297106 0.011311 0.13001 -0.159963 -0.0207812
internal_weight=77214 19108 8814 58106 10294 3180 105 28756 2554 2509 1071 1028 246 111 1438 1366 561 26202 198 26004 23090 182 109 22908 811 276 535 316 219 205
internal_count=77214 19108 8814 58106 10294 3180 105 28756 2554 2509 1071 1028 246 111 1438 1366 561 26202 198 26004 23090 182 109 22908 811 276 535 316 219 205
cat_boundaries=0 1
cat_threshold=264
is_linear=0
shrinkage=0.03


Tree=161
num_leaves=31
num_cat=1
split_feature=5 213 195 136 33 27 66 61 47 114 131 177 116 49 37 49 202 52 162 43 116 101 106 62 210 162 153 57 191 113
split_gain=8821.08 9008.13 11345.6 12576.4 9252.67 21528.9 12453 16880.3 12725.5 14183.8 14122.1 13720.7 18017.1 20458.9 20813.8 19218.4 13762.9 13160.1 14692.8 13067.8 24126.2 15455.7 14244.2 14153.1 13702.1 12902.6 11834.9 11596.1 13731.4 13427.2
threshold=1.0000000180025095e-35 0 346.00000000000006 0.46663908468760928 2.750813484191895 6.5000000000000009 0.10054553672671319 0.11105680093169214 10.334047317504885 28.038461538461544 -0.14970602546067605 0.4393870015084082 0.53000915326891573 10.285294055938722 5.2928571701049814 7.2493286132812509 46.500000000000007 0.63892495632171642 219.61818181818185 66.14835357666017 0.54733694542502176 60.1115869169505 10.63068181818182 0.084301527589559569 735.95000000000016 278.51666666666671 41.101833912654293 0.35160160064697271 0.029230019458063142 34.953395285385
decision_type=2 1 8 8 10 10 8 8 10 8 8 10 8 10 10 8 8 10 8 8 8 10 8 10 2 10 10 8 10 10
left_child=1 2 3 -1 5 -4 7 -6 10 -10 -8 12 15 16 -15 -12 -14 -11 -19 21 -21 -18 -22 -23 26 -17 -25 28 29 -13
right_child=-2 -3 4 -5 6 -7 8 -9 9 17 11 27 13 14 -16 25 19 18 -20 20 22 23 -24 24 -26 -27 -28 -29 -30 -31
leaf_value=-0.046719746593821707 -0.047839156705748669 -0.0069004272533057711 0.024339807024616578 0.013454434263712893 0.095658868230306185 -0.48556242846932851 -0.10131539083804122 0.67948488588134448 0.43252080532739745 -0.29766801997025805 0.36980836497169439 0.031354349264478748 -0.074910125344391634 1.0911896795779465 0.19311613400777181 -0.21409736851892194 0.039841712746769183 -0.29324893518030137 0.08603134395646872 0.79536676143490992 0.5598331454938108 -0.078984355249188162 -0.010732433472871779 0.51242769911433705 0.20821011356104199 0.36753150053322314 1.0374977437639608 0.32433944051012847 0.12040648131665914 -0.32913966137834866
leaf_weight=3693 3320 42316 3835 20357 117 76 284 72 53 180 91 188 149 48 45 242 120 119 404 43 44 44 375 198 107 40 48 99 323 184
leaf_count=3693 3320 42316 3835 20357 117 76 284 72 53 180 91 188 149 48 45 242 120 119 404 43 44 44 375 198 107 40 48 99 323 184
internal_value=-1.51567e-06 0.00214779 0.0142705 0.00421438 0.0464161 0.0144312 0.0810009 0.318069 0.0679303 -0.0407362 0.0986758 0.12246 0.173213 0.228959 0.656638 -0.00927009 0.193699 -0.0764157 -0.000267611 0.23458 0.118634 0.338191 0.0491838 0.428372 0.491612 -0.131597 0.61488 0.0205716 -0.022699 -0.146955
internal_weight=77214 73894 31578 24050 7528 3911 3617 189 3428 756 2672 2388 1594 1221 93 373 1128 703 523 979 462 517 419 397 353 282 246 794 695 372
internal_count=77214 73894 31578 24050 7528 3911 3617 189 3428 756 2672 2388 1594 1221 93 373 1128 703 523 979 462 517 419 397 353 282 246 794 695 372
cat_boundaries=0 1
cat_threshold=8
is_linear=0
shrinkage=0.03


Tree=162
num_leaves=31
num_cat=1
split_feature=162 39 203 38 199 146 151 67 149 53 108 67 217 44 86 9 110 147 10 49 202 56 98 32 44 39 94 39 53 157
split_gain=8522.89 10411.8 9492.87 12653.7 12104 11926.8 11571.1 14492.5 11976.1 14096.7 10799.1 14154.4 15261.1 13388.7 15238.5 12796.7 11258.9 10449.5 13015 14476 10026.5 9594.45 9428.83 9623.2 9393.15 9275.94 11352.3 9539.87 9125.01 8961.33
threshold=238.9666666666667 131.50000000000003 11.500000000000002 2.4265294075012211 5.9296291157381038 0.33500000000000002 34.833333333333336 0.087433420121669783 70.548133774843478 0.69002923369407665 41.900000000000006 0.39300639927387243 0 71.43918609619142 0.5801234543323518 0.88646552570541359 42.031250000000007 57.500000000000007 0.69871265885459655 9.7329587936401385 56.500000000000007 0.68750286102294933 0.61604300141334545 5.0912878513336191 92.788890838623061 125.50000000000001 0.73941615223884594 117.50000000000001 0.56503969430923473 45.995313526373742
decision_type=8 10 10 10 10 8 8 10 10 10 10 10 9 10 10 10 8 10 10 8 10 10 10 10 10 10 8 8 10 10
left_child=1 24 3 -2 5 -5 7 -7 -8 20 29 12 16 14 28 -13 -12 21 22 -20 -10 -9 23 -19 -1 27 -27 -4 -14 -6
right_child=2 -3 25 4 10 6 8 17 9 -11 11 15 13 -15 -16 -17 -18 18 19 -21 -22 -23 -24 -25 -26 26 -28 -29 -30 -31
leaf_value=-0.012742033367667521 0.0010081327551428616 -0.20159223402067736 -0.022131654565247686 0.51725611506767999 0.026737046322707628 0.060872710002678194 0.03106181587770402 -0.14892387019736425 0.27543493732180396 0.043759652307047182 -0.23446028018636361 0.69778052155460635 -0.22269122546123077 -0.373614407557541 0.39422337007522579 -0.034316293642517516 0.32698893082294145 0.66900158954991229 -0.048348547535122563 0.62144240194559097 0.86019854213510227 0.39392666089534761 0.76548889646736473 0.15916146031484521 0.3662139916419983 -0.69314380174729884 -0.047628064815138205 0.3485222771338054 -0.046040444674676856 0.37029362289801887
leaf_weight=26226 28030 263 7802 53 7049 709 4247 84 71 142 42 42 363 148 60 44 137 54 106 40 42 45 78 87 59 41 61 63 957 69
leaf_count=26226 28030 263 7802 53 7049 709 4247 84 71 142 42 42 363 148 60 44 137 54 106 40 42 45 78 87 59 41 61 63 957 69
internal_value=-1.49696e-06 -0.0137707 0.0072133 0.0128225 0.0353978 0.0692987 0.0651372 0.147789 0.0430514 0.242738 0.013492 -0.0523102 -0.0712296 -0.101781 -0.0733654 0.323219 0.184921 0.272533 0.354559 0.135156 0.492781 0.0404426 0.500828 0.354419 -0.0118914 -0.0228491 -0.3071 -0.0191627 -0.0946194 0.0300674
internal_weight=77214 26548 50666 42699 14669 5758 5705 1203 4502 255 8911 1793 1707 1528 1380 86 179 494 365 146 113 129 219 141 26285 7967 102 7865 1320 7118
internal_count=77214 26548 50666 42699 14669 5758 5705 1203 4502 255 8911 1793 1707 1528 1380 86 179 494 365 146 113 129 219 141 26285 7967 102 7865 1320 7118
cat_boundaries=0 1
cat_threshold=65
is_linear=0
shrinkage=0.03


Tree=163
num_leaves=31
num_cat=0
split_feature=17 21 1 83 161 155 150 160 97 93 43 62 39 96 38 68 11 167 10 198 172 50 53 136 7 65 98 93 45 118
split_gain=8333.34 9240.83 8416.69 10782.7 11597.5 10381.7 8328.62 8177.44 10877.4 8945.48 7996.71 9199.77 9910.05 8371.41 16537 11308.7 7775.97 10962 7527.98 14785.4 14558.7 13184.3 9223.28 8308.69 9514.88 16436.2 9083.03 12570.7 11687.1 7625.89
threshold=1.0000000180025095e-35 0.17500000000000002 1.5000000000000002 0.22090585529804233 240.69624120608884 28.416666666666668 75.100000000000009 202.10000000000002 0.79464083909988414 0.81594070792198192 94.47727203369142 0.28645069897174841 123.50000000000001 0.73436489701271068 4.5016555786132821 0.35914348065853124 0.77075848788546064 5.416666666666667 0.78393734643734658 8.1008891034538255 0.010526252722590361 8.2617316246032733 0.59092155098915111 0.41550029824923257 0.81416666666666682 0.36477489769458776 0.60884064435958873 0.70519566535949718 8.7596154212951678 0.59961599205516647
decision_type=2 2 8 8 10 8 10 10 10 10 10 10 10 10 10 10 8 8 10 8 10 10 10 8 10 10 8 10 10 8
left_child=2 7 3 5 -5 -1 18 8 10 -10 11 12 13 15 16 -2 -15 -18 23 22 21 -21 -20 -3 25 -25 27 -26 -28 -30
right_child=1 6 -4 4 -6 -7 -8 -9 9 -11 -12 -13 -14 14 -16 -17 17 -19 19 20 -22 -23 -24 24 26 -27 28 -29 29 -31
leaf_value=0.43816218627400172 -0.030576970366758934 -0.058753020658511311 -0.051570691506073053 0.07767722705393347 0.55599545571633746 -0.046155120027552801 0.42208393557071688 0.0029533596614651461 0.61556475632957042 0.021672865319252013 -0.35929233433569174 0.38592515600647065 -0.50605640749633318 -0.2758945938511328 -0.52455645989585697 0.33513658634253912 -0.1636849857866764 0.53865979769825933 0.24057984744348831 0.22609479683287004 -0.082355201375484466 0.82363079950442686 -0.23079498764999368 0.046621005015491802 0.58479302976189595 0.49718873197162466 -0.0097393536089110545 -0.1147843154533854 -0.21680527444456665 -0.68575688588619232
leaf_weight=43 6495 893 4588 131 70 541 50 58135 42 50 68 47 40 55 91 77 40 40 62 68 50 65 94 4755 41 74 274 53 142 40
leaf_count=43 6495 893 4588 131 70 541 50 58135 42 50 68 47 40 55 91 77 40 40 62 68 50 65 94 4755 41 74 274 53 142 40
internal_value=-1.45203e-06 0.00269383 -0.0360394 0.0547343 0.244256 -0.0104948 0.036351 -0.000745727 -0.0312704 0.292797 -0.0355584 -0.032361 -0.035236 -0.0324657 -0.21199 -0.0262921 -0.00129785 0.187487 0.0334337 0.171132 0.354058 0.518124 -0.0434537 0.0259911 0.04006 0.0535255 -0.0781677 0.19035 -0.13352 -0.319872
internal_weight=77214 71841 5373 785 201 584 6661 65180 7045 92 6953 6885 6838 6798 226 6572 135 80 6611 339 183 133 156 6272 5379 4829 550 94 456 182
internal_count=77214 71841 5373 785 201 584 6661 65180 7045 92 6953 6885 6838 6798 226 6572 135 80 6611 339 183 133 156 6272 5379 4829 550 94 456 182
is_linear=0
shrinkage=0.03


Tree=164
num_leaves=31
num_cat=0
split_feature=5 17 84 21 182 50 38 188 14 91 28 165 115 61 50 160 46 198 50 68 74 131 68 189 156 154 114 67 154 159
split_gain=8322.88 8506.98 10516 16028.5 10395.7 10298.6 13388.4 12088.8 14293.7 17303.2 14000.8 16265.1 16638.8 16346.6 15218.6 14021.4 12531.6 11097.8 10917.1 10290.4 11983.1 15609.8 11087.6 10146.5 12516.9 12304.2 11058.7 10113.4 10126.3 14524.1
threshold=1.0000000180025095e-35 5.5000000000000009 0.017214241437613968 0.75500000000000012 5.0815726061364037 8.7982735633850115 5.3757352828979501 42.916666666666679 0.044999999999999991 0.79033333063125621 6.8333332538604745 2.0813247028168225 0.56395573178823377 0.27450306713581091 9.1547975540161151 236.90000000000003 8.5001893043518084 8.3371039654124193 9.3041448593139666 0.33116891980171209 1.1900656819343569 0.11258719239540708 0.32501222193241125 5.2359155379235753 32.100000000000009 34.516666666666673 44.348484848484858 0.30775511264801031 40.677083333333336 268.16666666666669
decision_type=2 2 10 2 8 10 10 10 10 10 10 10 8 10 10 10 10 8 10 10 10 10 10 10 10 10 10 8 8 10
left_child=1 -1 -3 4 -4 23 19 8 10 -10 -8 12 14 15 -12 -14 -11 -9 -15 22 21 27 -7 26 25 -25 -6 -21 29 -29
right_child=-2 2 3 -5 5 6 7 17 9 16 11 -13 13 18 -16 -17 -18 -19 -20 20 -22 -23 -24 24 -26 -27 -28 28 -30 -31
leaf_value=-0.013660573092690715 -0.046468513954454657 -0.0075302258811668927 -0.048305212897762413 0.18938769066517774 0.020295183604773052 0.048513937796477967 0.84410438386223663 -0.45960225360933687 0.42311131626367565 0.20035812105821527 0.27559185112108947 0.73177578562184376 0.45335018800114685 0.35720568669469732 -0.36442976738150051 -0.221685978893576 -0.41966120927422135 0.21699478306621314 0.9903494414990377 0.32887078163471622 -0.55383980788967824 0.455385978107269 0.4209427385624141 -0.13639000320838668 -0.11888136130545687 0.43937585263670265 -0.11438092535203125 -0.16526901646046599 -0.3493134798794767 0.28472785523265937
leaf_weight=21777 3320 21320 2039 494 20281 4973 41 48 60 46 61 57 53 57 74 58 81 40 43 47 44 52 73 59 914 77 564 235 137 89
leaf_count=21777 3320 21320 2039 494 20281 4973 41 48 60 46 61 57 53 57 74 58 81 40 43 47 44 52 73 59 914 77 564 235 137 89
internal_value=-1.40851e-06 0.00208632 0.00866614 0.0198785 0.0171151 0.0218346 0.0554108 0.17734 0.223279 0.00326521 0.315942 0.262209 0.184852 0.351258 -0.0752348 0.100629 -0.195087 -0.152058 0.629458 0.0398944 -0.077128 -0.0396721 0.0539018 0.0120677 -0.0789263 0.189595 0.0166513 -0.0903474 -0.133088 -0.0416588
internal_weight=77214 73894 52117 30797 30303 28264 6369 719 631 187 444 403 346 211 135 111 127 88 100 5650 604 560 5046 21895 1050 136 20845 508 461 324
internal_count=77214 73894 52117 30797 30303 28264 6369 719 631 187 444 403 346 211 135 111 127 88 100 5650 604 560 5046 21895 1050 136 20845 508 461 324
is_linear=0
shrinkage=0.03


Tree=165
num_leaves=31
num_cat=0
split_feature=203 31 14 17 44 26 186 199 21 33 91 58 46 151 160 66 39 56 63 61 60 43 47 97 109 92 64 198 161 191
split_gain=8001.04 11076.2 18049.5 9988.94 9383.09 10535.4 13783.9 12397.2 11725.4 11551.7 15445.4 17474.2 11357.9 10351.5 10244.7 13524.6 9897.9 11194.5 15274.4 11310.4 16565.9 17401 20686.9 11596.8 10108 10010.9 16360.8 9629.37 12930 9766.04
threshold=11.500000000000002 10.904545307159426 -0.019999999999999931 5.5000000000000009 7.0061728954315194 48.500000000000007 0.45692640692640696 5.9296291157381038 0.24500000000000002 8.5000000000000018 0.89148351550102245 0.29517222940921789 14.004761695861818 36.500000000000007 317.45000000000005 0.064491271972656264 149.50000000000003 0.57031080126762401 0.20489803701639178 0.29044762253761297 0.33948099613189703 84.211109161376967 8.5987372398376483 0.70872581005096447 38.805674607743306 0.84204745292663585 0.4465219527482987 7.8426303854875288 278.66239658199692 0.1133994270064765
decision_type=10 10 10 2 10 2 8 10 2 10 10 10 10 10 10 10 10 8 10 10 10 10 10 10 10 10 10 10 10 10
left_child=3 -2 -3 -1 -5 6 -6 9 -8 14 -11 -12 -10 -14 -7 -16 17 18 -9 25 21 23 -23 -21 -20 26 -19 29 -29 -27
right_child=1 2 -4 4 5 7 8 16 12 10 11 -13 13 -15 15 -17 -18 19 24 20 -22 22 -24 -25 -26 27 -28 28 -30 -31
leaf_value=-0.014074421498325702 -0.025262756786413189 -0.21121274900436401 0.6036279678344727 -0.018026262715154662 -0.086630641077944159 0.015357511791160464 0.02869285957393131 -0.017719924737662079 0.091702115312218668 0.059872041017963333 1.0165905118603258 0.1352561803561885 0.77384259038366543 0.13903180223330855 0.077727383554447443 0.71793446077856904 -0.31315353761766562 -0.0044237918682188924 -0.14247871398925779 0.2971707926185454 -0.2882057768532208 1.0610910122061885 0.24866660196243259 -0.32052748511819273 -0.43034680166631745 -0.069630095294661035 0.47081892055543989 -0.31339863229666326 0.070384971411707242 0.2815508624841459
leaf_weight=19161 11847 40 63 7917 872 6205 20783 750 1633 156 40 41 43 50 96 43 107 5346 365 59 56 43 82 51 157 653 66 302 107 80
leaf_count=19161 11847 40 63 7917 872 6205 20783 750 1633 156 40 41 43 50 96 43 107 5346 365 59 56 43 82 51 157 653 66 302 107 80
internal_value=-1.36625e-06 -0.0225697 0.287185 0.00413095 0.0116973 0.0178599 0.030399 -0.00194272 0.0349327 0.0287457 0.234385 0.570483 0.110067 0.432546 0.0210634 0.275777 -0.0265002 -0.0227215 -0.104449 -0.0075341 0.175478 0.285973 0.528141 0.0107834 -0.22906 -0.0156599 0.00137185 -0.0963744 -0.212996 -0.031302
internal_weight=77214 11950 103 65264 46103 38186 23381 14805 22509 6581 237 81 1726 93 6344 139 8224 8117 1272 6845 291 235 125 110 522 6554 5412 1142 409 733
internal_count=77214 11950 103 65264 46103 38186 23381 14805 22509 6581 237 81 1726 93 6344 139 8224 8117 1272 6845 291 235 125 110 522 6554 5412 1142 409 733
is_linear=0
shrinkage=0.03


Tree=166
num_leaves=31
num_cat=0
split_feature=74 76 62 197 57 31 192 202 64 15 169 95 89 151 21 154 84 55 191 86 49 202 54 185 183 91 162 209 157 202
split_gain=7935.49 11652.7 17007.3 10221 9202.66 8504.88 8020.43 10190.7 11058.9 10299.7 8072.61 10292.7 10217.7 12772.1 11959.2 12448.7 11148 14041.1 10755.5 16770.2 16184.2 14878 11380.9 11160.8 11252.7 10980.6 12962.2 12087.7 10370.8 9480.75
threshold=1.0388386249542239 0.048809524625539787 0.19299802929162982 36.500000000000007 0.09175084158778192 14.214285850524904 5.5000000000000009 43.500000000000007 0.038917701691389091 -0.25394889663182341 3.2155757137157637 0.71004384756088268 0.79266667366027843 28.583333333333339 1.0000000180025095e-35 35.861904761904768 0.15203998982906344 0.52384561300277721 0.060247752085976776 0.54261502623558056 8.2409644126892108 54.500000000000007 0.61497479677200328 0.65570271632882127 0.49920634920634926 0.92033335566520702 237.62019230769235 835.60000000000002 37.393420106151389 58.500000000000007
decision_type=8 8 10 8 10 10 8 8 10 8 8 10 10 10 2 8 10 8 10 10 8 10 10 8 10 10 8 2 8 8
left_child=3 2 -2 4 -1 6 -3 -8 -9 -10 11 -11 14 -14 -12 -16 -15 -18 19 20 28 -21 -20 24 -22 26 -25 -28 -19 -24
right_child=1 5 -4 -5 -6 -7 7 8 9 10 12 -13 13 16 15 -17 17 18 22 21 23 -23 29 25 -26 -27 27 -29 -30 -31
leaf_value=-0.017602910418219594 -0.0050419883430004118 0.0016896715841778587 0.77147903900254855 0.004146199984730552 -0.077653249819910813 -0.39352800518274306 -0.063415981723981746 -0.0030739586648070578 -0.1525812632557936 0.071575475767002267 0.10457873712543245 0.64758565900460729 -0.45465716928243638 -0.12837674150559444 0.76801328152418136 0.22019696950646381 0.50164867958601778 -0.30881477528572082 0.5275793011163018 -0.4583091270718081 0.13028399231593782 0.081709408199316574 0.51594812637422138 -0.43755502243836719 0.81378474945607382 0.49896688861666988 0.24505383453987259 -0.31074075619379676 0.11218077478418638 0.011729430034353927
leaf_weight=7483 60 47616 44 12064 3314 48 799 2149 160 59 1654 53 48 277 48 168 68 125 76 116 41 76 41 45 46 53 162 45 91 185
leaf_count=7483 60 47616 44 12064 3314 48 799 2149 160 59 1654 53 48 277 48 168 68 125 76 116 41 76 41 45 46 53 162 45 91 185
internal_value=-1.32515e-06 0.00623596 0.323486 -0.0148307 -0.0360346 0.00562777 0.00598126 0.0370136 0.0508822 0.0827633 0.0935931 0.344152 0.0852535 0.0267874 0.131995 0.341934 0.0427579 0.0832744 0.0574582 -0.000126177 0.0770609 -0.244552 0.209999 0.191955 0.491675 0.106461 0.0239104 0.124229 -0.131451 0.103203
internal_weight=77214 54353 104 22861 10797 54249 54201 6585 5786 3637 3477 112 3365 1495 1870 216 1447 1170 1102 800 608 192 302 392 87 305 252 207 216 226
internal_count=77214 54353 104 22861 10797 54249 54201 6585 5786 3637 3477 112 3365 1495 1870 216 1447 1170 1102 800 608 192 302 392 87 305 252 207 216 226
is_linear=0
shrinkage=0.03


Tree=167
num_leaves=31
num_cat=0
split_feature=159 30 39 91 208 32 50 46 55 42 165 149 66 29 161 156 89 37 202 178 60 65 202 34 11 202 93 44 99 14
split_gain=7863.5 7066.56 6956.03 8171.08 17507.1 11957.4 12758.5 13241.4 12210.2 10993.8 10762.3 14138.1 15162.6 23852.6 8841.97 8399.51 8225.79 7904.77 11235.2 6810.94 7006.11 15894.4 14872.4 8144.47 7965.5 6515.9 8417.1 7984.28 18510.7 13689.5
threshold=255.83333333333334 0.6297021508216859 150.50000000000003 0.93809092044830333 9.5000000000000018 6.4765567779541025 7.3124904632568368 9.5678210258483904 0.65795636177062999 111.30368804931642 1.9923979585651288 63.040531700033533 0.41016037762165075 9.4499998092651385 220.05931052006662 33.900000000000006 0.95225000381469738 7.5166666507720956 54.500000000000007 0.39877010418026887 0.3208166509866715 0.46252812445163732 74.500000000000014 8.166666507720949 0.77545384747408741 60.500000000000007 0.84178432822227489 72.466819763183608 72.166666666666671 -1.0000000180025095e-35
decision_type=8 8 10 10 2 10 10 10 10 10 10 10 10 10 10 10 10 10 10 8 10 10 8 10 8 8 10 10 10 10
left_child=2 -2 3 9 5 6 -5 8 -8 19 11 12 13 15 -13 -7 -16 18 -4 -1 23 22 -22 25 -25 26 -21 -27 29 -29
right_child=1 -3 17 4 -6 10 7 -9 -10 -11 -12 14 -14 -15 16 -17 -18 -19 -20 20 21 -23 -24 24 -26 27 -28 28 -30 -31
leaf_value=-0.052792950387221177 -0.023453132759180716 0.017075550619143346 0.12021467981168203 0.045863884816298613 -0.32064232770885742 -0.1878840706637129 1.0700797359432492 0.12897394705563783 0.39077958632599225 0.39354408250480405 0.47280053592246513 0.093629928576318841 -0.30915898122653668 0.79355632582413305 -0.080792414958660422 0.36211376588519023 -0.58701850514228526 -0.51492493540048601 -0.3551163858060653 -0.021133850192961816 0.036571365517118697 -0.2253071536407584 0.65722067628162251 -0.43690388715886452 0.069093929529190065 -5.5565309249232693e-06 -0.32233964445335522 0.3253858701022993 -0.4924322918929705 0.0029018434901944305
leaf_weight=3042 4506 27515 105 111 84 64 42 64 55 61 46 57 49 56 52 41 65 48 78 13985 69 63 70 77 44 26165 84 249 41 226
leaf_count=3042 4506 27515 105 111 84 64 42 64 55 61 46 57 49 56 52 41 65 48 78 13985 69 63 70 77 44 26165 84 249 41 226
internal_value=-1.2855e-06 0.0113723 -0.00805995 -0.00721632 0.0886619 0.137638 0.293314 0.463917 0.68491 -0.00892223 0.0391646 -0.0127814 0.152916 0.293548 -0.212762 0.026877 -0.362029 -0.172264 -0.0823854 -0.00947874 -0.00627075 0.169973 0.349129 -0.00714181 -0.252905 -0.00641206 -0.0229322 0.00229908 0.119161 0.171951
internal_weight=77214 32021 45193 44962 786 702 272 161 97 44176 430 384 210 161 174 105 117 231 183 44115 41073 202 139 40871 121 40750 14069 26681 516 475
internal_count=77214 32021 45193 44962 786 702 272 161 97 44176 430 384 210 161 174 105 117 231 183 44115 41073 202 139 40871 121 40750 14069 26681 516 475
is_linear=0
shrinkage=0.03


Tree=168
num_leaves=31
num_cat=1
split_feature=5 40 36 57 56 213 84 12 56 150 47 93 158 90 198 202 191 150 115 100 101 47 150 21 84 92 114 164 186 154
split_gain=7845.09 8518.64 11522.1 11104.6 8596.28 8330.46 9207.45 11796.3 16218.5 17566.7 18811.1 15769.2 13914.8 16664.7 17147.8 16275.5 14057 13189.2 12831.9 14827 15645.3 13999.6 15107.6 12385.7 16227.3 12040.1 15669.3 11695.7 11565.7 19433.9
threshold=1.0000000180025095e-35 81.833332061767592 5.9397020339965829 0.35948719084262853 0.63129493594169628 0 0.25200593471527105 0.64038554550818361 0.65672981739044201 68.436507936507951 8.0802326202392596 0.5875644087791444 34.292857142857152 0.93972426652908336 7.3733963312951643 86.500000000000014 -0.14675149528410397 67.20714285714287 0.63385538194286839 60.366666666666674 64.03103179158613 10.000833511352541 62.904545454545463 0.79500000000000015 0.38795748353004461 0.8273817002773286 35.118055555555564 2.5500000000000003 0.54677083333333343 39.966666666666676
decision_type=2 10 10 10 10 1 10 10 10 8 10 10 8 10 8 8 10 10 10 10 10 10 10 2 10 10 10 10 10 10
left_child=5 3 -3 -2 -4 6 -1 23 12 11 -11 -10 13 14 -9 -15 -14 27 19 -16 21 22 -21 -8 -25 26 -22 -13 -18 -30
right_child=1 2 4 -5 -6 -7 7 8 9 10 -12 17 16 15 18 -17 28 -19 -20 20 25 -23 -24 24 -26 -27 -28 -29 29 -31
leaf_value=0.0018041251195262298 -0.038834002876980731 -0.45476463216428575 0.31047226972708647 0.46427530315518378 -0.22319430772687346 -0.014390440529512759 0.048586547567064417 -0.5321280657786589 0.43264851133525367 0.73380408130748109 0.10825637658094538 -0.0030605118543524101 -0.46274095505475998 0.79453529323850358 -0.1842034812142225 -0.02102413308620453 -0.14075402748907126 -0.4900390492938459 -0.30069125793196938 0.32843760708166708 0.65821107287739589 -0.06929060536623001 1.0139568555355072 0.067117200253614742 0.79887477717969724 -0.27608649469003443 -0.030890177778201175 0.49167851716279987 -0.12178942281896103 0.340431594931417
leaf_weight=42425 3061 104 44 40 71 20204 7580 52 80 69 116 970 98 49 133 40 1040 48 88 93 43 45 42 67 46 82 96 45 208 135
leaf_count=42425 3061 104 44 40 71 20204 7580 52 80 69 116 970 98 49 133 40 1040 48 88 93 43 45 42 67 46 82 96 45 208 135
internal_value=-1.24678e-06 -0.0451149 -0.225943 -0.0323444 -0.0190088 0.00202567 0.00820435 0.0323154 -0.0127373 0.0703592 0.341569 0.0264627 -0.0619139 0.0421652 -0.00878222 0.427992 -0.115535 -0.00410634 0.0349702 0.0902852 0.181325 0.38896 0.54171 0.0532343 0.365001 0.0122105 0.182285 0.0188737 -0.0909314 0.0601343
internal_weight=77214 3320 219 3101 115 73894 53690 11265 3572 1328 185 1143 2244 763 674 89 1481 1063 622 534 401 180 135 7693 113 221 139 1015 1383 343
internal_count=77214 3320 219 3101 115 73894 53690 11265 3572 1328 185 1143 2244 763 674 89 1481 1063 622 534 401 180 135 7693 113 221 139 1015 1383 343
cat_boundaries=0 1
cat_threshold=10
is_linear=0
shrinkage=0.03


Tree=169
num_leaves=31
num_cat=0
split_feature=203 31 195 57 17 20 136 7 142 62 67 193 211 12 157 151 160 41 26 68 183 38 32 158 10 10 86 31 54 56
split_gain=7425.17 10354.6 12546.7 11578.4 9272.78 8798.45 10219.9 8763.82 8687.39 8287.2 9314.19 12661.7 15290.8 10240 9400.26 15566.2 8640.29 8334.05 8279 10381.6 10191.2 8455.7 18401.9 11008.8 8275.67 12399 8180.17 10665.6 7833.86 11469.2
threshold=11.500000000000002 10.348484516143801 166.50000000000003 0.37602458894252783 5.5000000000000009 1.0000000180025095e-35 0.41550029824923257 0.88166666666666682 4.6816356537699706 0.071351252496242537 0.44160820543766027 20.500000000000004 1.0000000180025095e-35 0.73136138913527371 35.841807298248519 33.833333333333336 165.30000000000004 72.500000000000014 74.500000000000014 0.39244885742664343 0.68101851851851858 4.9134182929992685 8.8295278549194354 34.720779220779228 0.80525226985403997 0.83552973816542409 0.64093536138534557 6.0312500000000009 0.49631176888942724 0.43939861655235296
decision_type=10 10 8 10 2 2 8 10 8 10 10 10 2 10 10 10 10 10 2 10 8 10 10 10 10 10 10 8 10 10
left_child=4 3 -3 -2 26 9 -7 -4 -8 -6 16 12 13 14 15 -12 -11 -15 19 21 -20 24 23 -23 -10 -26 -1 -28 -18 -30
right_child=1 2 7 -5 5 6 8 -9 18 10 11 -13 -14 17 -16 -17 28 -19 20 -21 -22 22 -24 -25 25 -27 27 -29 29 -31
leaf_value=-0.011307304215887022 -0.022650920752061869 0.50796959795057772 -0.34353711535290976 -0.40691260950666075 -0.010064284208416126 -0.050659284367076389 0.42366187280108186 0.26949250677990355 0.064525795398992156 -0.14892066041035437 0.39319585318366684 -0.4160660851478577 -0.3629630511540633 0.12772449661294619 0.54326694591805857 -0.38213274991366919 -0.024506105833579851 -0.44965055668354031 0.1561508678750218 0.42206189671078242 -0.095159351525385641 0.00094541247298077832 0.27347042295336721 -0.62681751764966886 0.58438278957553536 0.011424683772805911 -0.018663174492906626 -0.41621283820472083 0.43996280643661489 0.027949072650965683
leaf_weight=18911 11722 73 41 71 16776 896 58 43 4423 268 54 100 91 45 58 41 2793 45 191 74 606 41 60 65 69 67 146 104 61 19221
leaf_count=18911 11722 73 41 71 16776 896 58 43 4423 268 54 100 91 45 58 41 2793 45 191 74 606 41 60 65 69 67 146 104 61 19221
internal_value=-1.26534e-06 -0.0217423 0.220286 -0.0249644 0.00397956 0.0112697 0.0434751 -0.0297243 0.0583927 0.00593644 0.0177215 -0.119927 -0.0312626 0.0929545 0.242318 0.0585804 0.0203952 -0.160963 0.0546069 0.0694774 -0.0349332 0.0639554 -0.146362 -0.384004 0.0716134 0.302117 -0.0135611 -0.184044 0.0224508 0.0292525
internal_weight=77214 11950 157 11793 65264 46103 6550 84 5654 39553 22777 434 334 243 153 95 22343 90 5596 4799 797 4725 166 106 4559 136 19161 250 22075 19282
internal_count=77214 11950 157 11793 65264 46103 6550 84 5654 39553 22777 434 334 243 153 95 22343 90 5596 4799 797 4725 166 106 4559 136 19161 250 22075 19282
is_linear=0
shrinkage=0.03


Tree=170
num_leaves=31
num_cat=1
split_feature=5 65 191 189 92 40 65 50 57 117 213 84 12 56 150 47 93 158 90 198 202 191 150 115 100 101 47 150 21 84
split_gain=7406.58 8168.78 20127.5 11424.3 14279.6 14258.2 10554.8 14908.6 8646.37 8315.78 7794.16 8518.52 11100.1 15184.7 16538.2 17670.3 14788 13093.5 15697.6 16079.7 15227.6 13193 12430.9 12083.7 13910.7 14727.1 13156.8 14228.6 11578.9 15233.4
threshold=1.0000000180025095e-35 0.35771499574184423 0.083900595507833783 5.7522927820682535 0.77201852202415477 81.833332061767592 0.38088902831077581 9.200141906738283 0.33045977354049688 0.56473289793669823 0 0.25200593471527105 0.64038554550818361 0.65672981739044201 68.436507936507951 8.0802326202392596 0.5875644087791444 34.292857142857152 0.93972426652908336 7.3733963312951643 86.500000000000014 -0.14675149528410397 67.20714285714287 0.63385538194286839 60.366666666666674 64.03103179158613 10.000833511352541 62.904545454545463 0.79500000000000015 0.38795748353004461
decision_type=2 10 10 10 10 10 10 10 10 10 1 10 10 10 8 10 10 8 10 8 8 10 10 10 10 10 10 10 2 10
left_child=10 3 6 5 -5 8 -3 -8 -2 -7 11 -1 28 17 16 -16 -15 18 19 -14 -20 -19 -18 24 -21 26 27 -26 -13 -30
right_child=1 2 -4 4 -6 9 7 -9 -10 -11 -12 12 13 14 15 -17 22 21 20 23 -22 -23 -24 -25 25 -27 -28 -29 29 -31
leaf_value=0.0017885891542247369 -0.033866400650956412 -0.65724502671975638 0.32322463762301662 -0.081830684691667557 0.71487989239576388 -0.062738403350114824 0.0093531617894768715 -0.64817860662937166 0.39974779392991744 -0.62500428218266058 -0.013910677998907016 0.046934574727434661 -0.51542112467380663 0.41859158931858836 0.71114484372346298 0.10486099793222443 0.01795279534704286 -0.44853124610927642 0.76982194297167716 -0.17846178706763383 -0.019045717656612397 -0.088329466418474251 -0.47611412320402446 -0.29199645982631905 0.31814639849047505 0.01151394994381596 -0.067201330328981082 0.98342484082494452 0.064253201893906084 0.7732461038037487
leaf_weight=42425 2838 64 52 40 41 40 100 45 42 58 20204 7580 52 80 69 116 1015 98 49 133 40 1383 48 88 93 221 45 42 67 46
leaf_count=42425 2838 64 52 40 41 40 100 45 42 58 20204 7580 52 80 69 116 1015 98 49 133 40 1383 48 88 93 221 45 42 67 46
internal_value=-1.22735e-06 -0.0438359 -0.204938 -0.0300903 0.321443 -0.0396519 -0.336346 -0.194708 -0.0275429 -0.395508 0.00196823 0.00794471 0.0311363 -0.0125668 0.067838 0.330988 0.0252458 -0.0601503 0.0408105 -0.00863653 0.415275 -0.112165 -0.00435691 0.0337313 0.0874093 0.175591 0.377041 0.525122 0.0514284 0.35287
internal_weight=77214 3320 261 3059 81 2978 209 145 2880 98 73894 53690 11265 3572 1328 185 1143 2244 763 674 89 1481 1063 622 534 401 180 135 7693 113
internal_count=77214 3320 261 3059 81 2978 209 145 2880 98 73894 53690 11265 3572 1328 185 1143 2244 763 674 89 1481 1063 622 534 401 180 135 7693 113
cat_boundaries=0 1
cat_threshold=10
is_linear=0
shrinkage=0.03


Tree=171
num_leaves=31
num_cat=0
split_feature=159 193 63 160 115 158 87 68 182 162 26 203 192 115 154 45 100 166 191 33 11 14 58 189 31 189 89 207 91 64
split_gain=7344.68 6800.85 15071.8 7703.95 8181.74 7778.43 9170.38 7376.94 12142 15693.2 14796.2 12120 9680.1 8844.9 7984.48 7289.32 10153.3 7394.59 7199.41 6840.41 11611.4 11404 10877.9 10485.2 7807.21 13694.1 11333.5 13028.8 15185.9 8722.65
threshold=255.83333333333334 27.500000000000004 0.40605320036411291 224.50000000000003 0.60702756939914482 39.52272727272728 0.67500001192092907 0.40520420670509344 5.6455021225439985 211.29166666666671 42.500000000000007 9.5000000000000018 4.5000000000000009 0.52705206703494389 34.345238095238102 4.1742422580719003 66.90000000000002 1.7071428571428573 -0.018169123746891332 9.5000000000000018 0.77545384747408741 -0.02999999999999994 0.26888129115104681 2.0800919383764271 10.348484516143801 7.2966858744621286 0.95225000381469738 7.5000000000000009 0.85033333301544201 0.39493297040462499
decision_type=8 10 10 10 10 8 10 10 8 10 2 8 8 10 10 10 10 8 10 10 8 10 10 10 10 10 10 2 8 10
left_child=1 7 3 5 15 -3 -7 19 9 -9 12 13 -10 -12 -13 -5 17 -17 -11 24 23 -22 -23 -21 25 -1 27 28 -26 -30
right_child=-2 2 -4 4 -6 6 -8 8 10 18 11 14 -14 -15 -16 16 -18 -19 -20 20 21 22 -24 -25 26 -27 -28 -29 29 -31
leaf_value=-0.0078514048931623559 0.01099078184526257 -0.03172137250117648 -0.43841141775250436 -0.21006551019893102 -0.29089649271816009 0.073378311702981591 0.60935710970948376 -0.016511834869461672 0.49669155868102011 0.33131404750049115 -0.026538941693860431 0.3942475395202637 -0.051802480965852736 -0.58115030495937048 -0.12560248039318964 0.094795293447871992 0.42493088020997888 -0.24511720798909664 0.89701943116944016 -0.12164801636029933 -0.28564025917585861 -0.053579831242561334 0.63768692207123556 -0.55667471059450979 0.48032747849822044 0.47019002921051445 0.46939420645435648 -0.3043928270776507 -0.19664114201982175 0.31602883783253755
leaf_weight=42720 32021 361 96 163 175 96 41 62 73 40 43 45 48 65 65 144 51 96 41 145 47 40 42 76 84 54 72 71 93 44
leaf_count=42720 32021 361 96 163 175 96 41 62 73 40 43 45 48 65 65 144 51 96 41 145 47 40 42 76 84 54 72 71 93 44
internal_value=-1.24472e-06 -0.00778952 -0.0775697 -0.0468325 -0.116625 0.0413184 0.233781 -0.00584863 0.110871 0.342704 0.0130767 -0.134582 0.279107 -0.360333 0.0870634 -0.0494492 0.040518 -0.0411697 0.617659 -0.00714229 -0.139233 0.0869346 0.300484 -0.27125 -0.00607057 -0.0072479 0.132279 0.049155 0.162738 -0.031988
internal_weight=77214 45193 1223 1127 629 498 137 43970 482 143 339 218 121 108 110 454 291 240 81 43488 350 129 82 221 43138 42774 364 292 221 137
internal_count=77214 45193 1223 1127 629 498 137 43970 482 143 339 218 121 108 110 454 291 240 81 43488 350 129 82 221 43138 42774 364 292 221 137
is_linear=0
shrinkage=0.03


Tree=172
num_leaves=31
num_cat=1
split_feature=168 199 189 67 145 68 101 55 217 68 63 31 37 178 181 141 43 182 44 175 178 67 64 15 208 140 48 176 98 40
split_gain=7278.47 9161.98 10461 12920.1 11963.9 9785.64 9528.46 8286.64 7758.37 12128.7 11466.1 9924.8 10903.4 11386.6 8781.67 10116.5 8623.08 7779.08 8817.87 9164.9 8383.37 9767.7 15437.5 9374.51 9366.1 8957.69 20511.7 8233.02 9115.3 7639.8
threshold=5.9000000000000012 8.4111906072280345 4.103434883058072 0.31210941076278692 0.57343789680505297 0.17650739103555682 60.1115869169505 0.57079827785491954 0 0.11898594349622728 0.082531977444887175 11.184659004211428 7.2792208194732675 0.49043088069191892 5.8282849159629793 5.2011142070254559 34.519229888916023 4.7908417707239241 80.517856597900405 0.39289555457512121 0.44415028365089665 0.30775511264801031 0.27510559558868414 0.0077621548370018926 7.5000000000000009 5.2818593574397736 8.8641428947448748 0.43853116044610979 0.64576134085655224 75.166667938232436
decision_type=8 8 10 10 10 10 10 10 9 10 10 10 10 10 10 10 10 8 10 10 8 10 10 10 2 10 10 10 10 10
left_child=1 2 3 5 -5 -1 -4 29 -9 16 14 12 13 17 15 -11 -10 -12 19 -19 24 22 -22 -23 25 26 -21 28 -27 -3
right_child=-2 7 6 4 -6 -7 -8 8 9 10 11 -13 -14 -15 -16 -17 -18 18 -20 20 21 23 -24 -25 -26 27 -28 -29 -30 -31
leaf_value=-0.027515528612150644 0.0052806967689479744 -0.028884957387748773 0.074280492860666458 -0.027795806711912154 0.62525819978293251 -0.14046776322510757 -0.33000669137533029 -0.008878011824974592 0.026329784144624512 0.13927695219109698 0.31807481501583418 0.53303775785321539 -0.39476124032985332 0.47425855349410662 0.013346095442771912 0.73590480894069465 -0.18427926842588929 -0.19715127859566664 0.41316572053564915 0.18719010062768299 -0.063361854643775861 -0.012799757935784079 0.57704591535940397 -0.63207561950622626 -0.13157393077654497 0.17670742903436931 0.97329284745454792 0.42120452189445495 -0.33680268880378983 -0.31815030161823543
leaf_weight=6384 58106 3779 71 50 51 774 201 4203 1972 41 101 44 43 66 45 68 192 148 54 118 195 44 41 44 84 70 40 45 56 84
leaf_count=6384 58106 3779 71 50 51 774 201 4203 1972 41 101 44 43 66 45 68 192 148 54 118 195 44 41 44 84 70 40 45 56 84
internal_value=-1.20729e-06 -0.0160631 -0.0418192 -0.0349749 0.301964 -0.0397291 -0.224476 0.000691617 0.0186528 0.0514884 0.122309 0.0908614 0.0739286 0.0921507 0.365925 0.511485 0.00764358 0.0679016 0.0409926 0.0182838 0.0615462 -0.0526889 0.0478954 -0.322438 0.151164 0.223352 0.386203 0.0728817 -0.0515193 -0.035175
internal_weight=77214 19108 7531 7259 101 7158 272 11577 7714 3511 1347 1193 1149 1106 154 109 2164 1040 939 885 737 324 236 88 413 329 158 171 126 3863
internal_count=77214 19108 7531 7259 101 7158 272 11577 7714 3511 1347 1193 1149 1106 154 109 2164 1040 939 885 737 324 236 88 413 329 158 171 126 3863
cat_boundaries=0 1
cat_threshold=17
is_linear=0
shrinkage=0.03


Tree=173
num_leaves=31
num_cat=0
split_feature=203 61 85 39 65 17 86 7 32 110 48 110 56 26 86 161 28 30 160 90 67 7 57 31 62 162 15 26 40 77
split_gain=7115.88 13836.9 14295.9 11085.9 10785.8 8538.54 9917.37 19841.3 9291 10137.1 14205.7 9225.12 12215.3 8387.73 11954.8 14537.3 12655.4 19457.5 15583.1 13223.8 11422.4 11188.8 12733.1 10195.9 10025.5 12771.4 14394.5 13969.2 11957.5 13242.6
threshold=14.500000000000002 0.26934798061847692 0.45804196596145635 125.50000000000001 0.38088902831077581 5.5000000000000009 0.73024946451187145 0.67416666666666691 10.13188409805298 41.696153846153855 7.6679465770721444 41.148351648351657 0.65789762139320385 50.500000000000007 0.22222635895013812 284.47531438637986 6.8333332538604745 6.3336646556854257 299.67500000000007 0.84288904070854198 0.35235908627510076 0.84416666666666684 0.23861283808946612 7.6076922416687021 0.21106951683759692 273.04166666666669 -0.10370971620971621 54.500000000000007 27.833333015441898 0.082777779549360289
decision_type=10 10 10 10 10 2 10 10 10 10 10 10 10 2 10 10 10 10 10 8 10 10 10 8 10 10 8 2 10 10
left_child=5 3 -3 4 -2 -1 8 -8 13 10 -10 12 -9 14 -7 -16 17 -17 20 -19 21 23 -23 -18 -15 27 -27 -26 29 -29
right_child=1 2 -4 -5 -6 6 7 11 9 -11 -12 -13 -14 24 15 16 18 19 -20 -21 -22 22 -24 -25 25 26 -28 28 -30 -31
leaf_value=-0.013546048003941368 -0.040556351764459465 0.54532114629745476 -0.024522594564727374 -0.50330367721131319 0.31694365448378897 0.0086959411053941539 0.75865389130692529 -0.47995677049954732 0.29897053334941254 -0.61472945427352732 -0.46513380829880879 0.37919485760747262 0.17390636017918584 -0.01998642491754888 0.072930099006935242 -0.029158510365728481 0.14517426079511642 0.74252069453398384 -0.36769749488568665 0.037414479075476174 -0.3535286559600096 0.74286450710238472 0.0039375255828679994 -0.46862576409084039 -0.26837811521512844 0.48995308417446759 0.097889015932514811 0.67757993040176534 0.011478452520823476 -0.034015882067209062
leaf_weight=20842 5582 75 84 46 77 27140 47 45 47 44 41 53 60 13195 5636 579 60 54 198 43 65 41 43 41 155 98 602 52 2126 43
leaf_count=20842 5582 75 84 46 77 27140 47 45 47 44 41 53 60 13195 5636 579 60 54 198 43 65 41 43 41 155 98 602 52 2126 43
internal_value=-1.20555e-06 -0.031769 0.244272 -0.0394624 -0.035692 0.00260968 0.0092763 0.217514 0.00842767 -0.242932 -0.0570326 0.0565421 -0.106321 0.00908899 0.0175871 0.0532835 -0.0452293 0.0367192 -0.168884 0.429948 -0.0114232 0.108776 0.364604 -0.103992 -0.00861657 0.0401563 0.152778 0.00697645 0.026193 0.355489
internal_weight=77214 5864 159 5705 5659 71350 50508 205 50303 132 88 158 105 50171 33900 6760 1124 676 448 97 250 185 84 101 16271 3076 700 2376 2221 95
internal_count=77214 5864 159 5705 5659 71350 50508 205 50303 132 88 158 105 50171 33900 6760 1124 676 448 97 250 185 84 101 16271 3076 700 2376 2221 95
is_linear=0
shrinkage=0.03


Tree=174
num_leaves=31
num_cat=0
split_feature=162 64 67 27 169 49 14 203 116 198 106 159 66 95 8 45 162 26 39 102 42 157 162 170 64 92 43 62 40 14
split_gain=7118.74 8067.38 9168.42 18121.5 13892.8 13878.2 10317.1 13110.1 13468 10917.3 15556.2 9486.16 9459.08 8546 13133.1 10387.9 11068.1 10913.6 12972.3 13424.8 11497.4 11074.1 11023.2 12520.6 14424.3 9505.22 10307.3 11092.9 11275.7 12923.6
threshold=240.03333333333336 0.52435916662216198 0.38357040286064154 5.5000000000000009 3.6529767045109502 8.1679878234863299 0.050000000000000037 11.500000000000002 0.52442433471039684 7.1098883293567043 11.408333333333335 217.16666666666671 0.42385533452034002 0.78532594442367565 0.89633333333333354 3.8819444179534917 225.89010989010993 24.500000000000004 38.500000000000007 66.966666666666683 48.316133499145515 31.299534293567092 233.04545454545459 5.0312500000000009 0.25919806957244879 0.84634274244308483 63.809089660644538 0.21669611334800723 62.416666030883796 0.010000000000000007
decision_type=8 10 10 10 8 10 10 10 10 10 8 10 10 10 10 10 10 2 10 10 10 10 10 8 10 10 8 10 10 10
left_child=1 2 13 5 -5 -4 7 8 11 10 -10 -6 -11 14 25 16 -16 20 -19 21 -17 -20 23 -23 -25 26 27 -1 -29 -30
right_child=-2 -3 3 4 6 -7 -8 -9 9 12 -12 -13 -14 -15 15 17 -18 18 19 -21 -22 22 -24 24 -26 -27 -28 28 29 -31
leaf_value=-0.0097078810663754674 0.0067609013006076236 -0.2686722244701602 0.87315358630248474 0.45821986570710038 0.016062127779114921 0.19038066466917863 -0.21326569883152841 0.5258583826434855 -0.24507250430570404 -0.076948753877689957 0.43150349766016005 0.6014983706017758 -0.63647430556324813 -0.16772841028018812 0.65753492419421666 0.077586173516399459 0.031104884554039345 -0.15207770480559421 -0.013426684761047364 -0.12882296604474625 -0.57447601000467929 0.11318775993337232 0.07078698104336148 0.34223025321960449 1.010411314226332 -0.13957463704182635 -0.072516391506793634 0.069996583636261905 0.84729240953922269 0.08935467970080492
leaf_weight=22228 49781 110 42 61 53 74 170 49 66 57 57 47 52 322 60 53 44 117 75 83 45 45 63 54 63 546 2374 342 40 41
leaf_count=22228 49781 110 42 61 53 74 170 49 66 57 57 47 52 322 60 53 44 117 75 83 45 45 63 54 63 546 2374 342 40 41
internal_value=-1.16943e-06 -0.0122719 -0.0112396 0.0937964 0.0286327 0.437592 -0.018926 0.0677873 0.000180384 -0.125267 0.0684627 0.291217 -0.343878 -0.0141149 -0.0122322 0.115781 0.392507 0.0676549 0.124394 0.208851 -0.22183 0.302275 0.407508 0.538456 0.70202 -0.0157465 -0.0130448 -0.00681174 0.145376 0.463645
internal_weight=77214 27433 27323 728 612 116 551 381 332 232 123 100 109 26595 26273 702 104 598 500 383 98 300 225 162 117 25571 25025 22651 423 81
internal_count=77214 27433 27323 728 612 116 551 381 332 232 123 100 109 26595 26273 702 104 598 500 383 98 300 225 162 117 25571 25025 22651 423 81
is_linear=0
shrinkage=0.03


Tree=175
num_leaves=31
num_cat=0
split_feature=5 65 191 189 40 92 65 50 57 117 31 91 105 39 38 58 188 111 160 64 157 150 154 90 202 98 92 101 85 162
split_gain=7015.69 7799.07 18821.9 10802.6 13493.1 13368 9965 13838.9 8151.78 7730.09 7554.11 7815.86 17993.3 13436.3 14273.7 13471.8 15614.6 13926.5 14218.1 13274.7 13251.5 18777.7 13358.7 17947.4 15775.7 13623.4 12314.2 11900.8 13502.7 12598.9
threshold=1.0000000180025095e-35 0.35771499574184423 0.083900595507833783 5.7522927820682535 81.833332061767592 0.77201852202415477 0.38088902831077581 9.0000209808349627 0.33045977354049688 0.56473289793669823 14.214285850524904 0.84148353338241588 12.389725364324301 47.500000000000007 1.567365884780884 0.1715526878833771 35.750000000000007 44.500000000000007 257.30000000000001 0.4465219527482987 38.143482431144342 58.345238095238102 37.607692307692311 0.83437439799308788 75.500000000000014 0.59065601229667675 0.84634274244308483 59.165084177520811 0.63068181276321422 275.0384615384616
decision_type=2 10 10 10 10 10 10 10 10 10 10 10 10 10 10 8 10 10 10 10 10 8 10 10 8 10 10 10 10 8
left_child=10 3 6 4 8 -5 -3 -8 -2 -6 11 19 13 27 -15 16 -16 -17 -19 26 21 -21 23 24 -23 -24 -1 -13 -29 -30
right_child=1 2 -4 5 9 -7 7 -9 -10 -11 -12 12 -14 14 15 17 -18 18 -20 20 -22 22 25 -25 -26 -27 -28 28 29 -31
leaf_value=-0.00036263462181415043 -0.032890656393643539 -0.63895593110297344 0.31066738046132597 -0.077586227953433992 -0.063869982540607453 0.69327382581989938 0.053223982928104173 -0.5433721912513344 0.38813931625868592 -0.60597378940417845 -0.38665896572669345 -0.042108897143293723 -0.34031259228846272 0.56503646047739309 0.1706448539384128 0.00026460528533112494 -0.28532821610172232 0.079309183241291478 0.65655781057931606 -0.28775064776048942 -0.14683021617658212 0.34746388515955962 0.37904144654848748 0.046628685175883963 0.98213230005332397 -0.30591992336876539 -0.11135399796613982 0.094958919939476333 0.2029959205326281 0.68412229271097613
leaf_weight=66394 2838 64 52 40 40 41 86 59 42 58 45 484 113 40 89 2752 281 110 59 51 99 71 56 61 70 49 912 1902 190 66
leaf_count=66394 2838 64 52 40 40 41 86 59 42 58 45 484 113 40 89 2752 281 110 59 51 99 71 56 61 70 49 912 1902 190 66
internal_value=-1.13428e-06 -0.0426634 -0.200077 -0.0292325 -0.0385303 0.312602 -0.327153 -0.189529 -0.0267506 -0.384707 0.00191565 0.00215243 0.0347187 0.0418137 0.00174144 -0.00510505 -0.175648 0.0164975 0.280834 -0.000772447 0.160368 0.24532 0.333876 0.476552 0.662547 0.0593928 -0.00186657 0.0923363 0.12249 0.327036
internal_weight=77214 3320 261 3059 2978 81 209 145 2880 98 73894 73849 6086 5973 3331 3291 370 2921 169 67763 457 358 307 202 141 105 67306 2642 2158 256
internal_count=77214 3320 261 3059 2978 81 209 145 2880 98 73894 73849 6086 5973 3331 3291 370 2921 169 67763 457 358 307 202 141 105 67306 2642 2158 256
is_linear=0
shrinkage=0.03


Tree=176
num_leaves=31
num_cat=0
split_feature=13 158 105 67 86 91 160 84 53 48 21 38 10 10 202 32 85 35 7 136 150 10 89 138 46 154 50 198 56 194
split_gain=6889.2 9116.47 9046.14 9098.6 11525.5 20833.2 10707.3 10034.3 9144.42 13259 8978.31 8791.96 9798.11 11395 9173.41 8612.11 8347.89 8316.22 14760.6 7929.77 8962.07 8416.38 12492.2 8819.43 10582.1 10200.6 11483.5 11280 9920.84 9114.49
threshold=1.0000000180025095e-35 41.183333333333344 11.050123806717416 0.44160820543766027 0.55600360035896312 0.7283974587917329 246.50000000000003 0.73086476325988781 0.69339284300804149 8.8133559226989764 0.17500000000000002 4.7401297092437753 0.80525226985403997 0.83552973816542409 63.500000000000007 8.23669481277466 1.7083333134651186 5.6333332061767587 0.88833333333333353 0.41655827955473673 70.912878787878796 0.46446608946608953 0.76899999380111705 0.41092548843265458 13.530555725097658 37.935416666666676 8.1250128746032733 7.6507142857142867 0.50004971027374279 11.500000000000002
decision_type=8 8 10 10 10 10 10 10 10 10 2 8 10 10 8 10 10 10 10 8 10 10 10 8 10 10 10 10 10 10
left_child=1 10 3 4 7 6 -6 -3 9 -9 16 12 17 -14 -13 -4 -1 19 -19 -12 21 22 -21 -23 25 27 -27 -25 -29 -28
right_child=-2 2 15 -5 5 -7 -8 8 -10 -11 11 14 13 -15 -16 -17 -18 18 -20 20 -22 23 -24 24 -26 26 29 28 -30 -31
leaf_value=-0.0040469319069702074 -0.023785496076025966 0.050195848263998345 -0.044639886012437013 -0.30054120438201209 0.37468339780966436 0.75589492791171731 -0.19690327346783418 -0.043567673447339431 0.06044487252831459 -0.78081642308405463 -0.064261902233444246 0.11303477796224447 0.55274388389840512 -0.0052973057925701141 -0.20944017345319513 0.33733759686079895 -0.33423673276344074 0.69880508189615997 -0.089171478509902952 0.031687828195413784 0.43030606303973629 0.48002154644046507 -0.25136574921072335 0.24362545703007624 0.42876434748450032 0.054794963501697901 -0.48575592293189118 0.40529489278793335 -0.11574495882581215 0.058243797095709066
leaf_weight=53748 9598 6494 1556 67 54 58 65 46 72 42 632 117 73 60 247 55 69 46 40 2707 55 56 148 390 79 294 78 40 185 43
leaf_count=53748 9598 6494 1556 67 54 58 65 46 72 42 632 117 73 60 247 55 69 46 40 2707 55 56 148 390 79 294 78 40 185 43
internal_value=-1.10032e-06 0.00337506 0.0324079 0.0473565 0.0507688 0.289695 0.0624722 0.0444132 -0.19029 -0.395436 -0.00080449 0.0364888 0.0470021 0.300996 -0.105788 -0.0315991 -0.00447028 0.0399541 0.332304 0.0346127 0.0499473 0.0447434 0.0170146 0.112697 0.0941484 0.0684836 -0.0464452 0.146037 -0.0231157 -0.292434
internal_weight=77214 67616 8509 6898 6831 177 119 6654 160 88 59107 5290 4926 133 364 1611 53817 4793 86 4707 4075 4020 2855 1165 1109 1030 415 615 225 121
internal_count=77214 67616 8509 6898 6831 177 119 6654 160 88 59107 5290 4926 133 364 1611 53817 4793 86 4707 4075 4020 2855 1165 1109 1030 415 615 225 121
is_linear=0
shrinkage=0.03


Tree=177
num_leaves=31
num_cat=0
split_feature=203 61 32 39 65 57 31 159 162 7 1 76 101 14 87 52 107 33 196 98 66 60 14 154 146 152 193 85 37 150
split_gain=6738.2 12734.9 13461.3 10412.2 9958.29 8086.29 8079.22 8176.88 8153.95 10652.2 9662.37 13692.4 11807.3 11430.3 10688.6 8356.36 12380.6 7838.9 11414.7 15532 10940.4 13199.3 12708.1 12637 17160.2 13922.3 10307.1 8281 7821.97 7634.16
threshold=14.500000000000002 0.26934798061847692 7.2311739921569833 125.50000000000001 0.38088902831077581 0.31622806191444403 0.51666668057441723 257.16666666666669 407.50000000000006 0.67166666666666686 1.5000000000000002 0.1619708985090256 71.840832068684165 -0.61499999999999977 0.57285955548286449 0.24722222238779071 35.833333333333336 9.5000000000000018 1.5000000000000002 0.5545160472393037 0.49384190142154699 0.30906219780445104 0.030000000000000023 33.591666666666676 0.58028273809523823 39.366666666666674 19.500000000000004 0.53589746356010448 6.4083333015441903 73.585714285714303
decision_type=10 10 10 10 10 10 10 10 8 10 8 10 10 8 10 10 8 10 8 10 10 10 10 10 10 10 8 10 10 10
left_child=6 3 -3 4 5 -2 8 17 9 -1 11 12 13 -10 -12 16 -15 20 19 -19 21 29 27 -23 25 26 -25 -22 -4 -8
right_child=1 2 28 -5 -6 -7 7 -9 10 -11 14 -13 -14 15 -16 -17 -18 18 -20 -21 22 23 -24 24 -26 -27 -28 -29 -30 -31
leaf_value=-0.023383299208615118 -0.035551172691547138 0.69462294046367912 -0.22557633431628346 -0.48782154329445049 0.30419811675300845 -0.38571162234246731 -0.0018604705829388896 0.022236278171444433 0.55808305030645322 -0.21594410358758812 0.010567819034452162 -0.2113179351167371 0.5825604308290141 0.73889058619737624 -0.16095137367651741 0.050148755898518908 0.020809846146309628 -0.06218742549419403 0.030433468087342232 -0.60905404295637666 -0.21209899485111236 -0.27689323309063907 0.12608228497207166 0.29250352315604683 -0.18005846811129764 0.044004193938003394 0.86495357567849362 -0.79265613067440865 0.27310970700305442 0.15250788640422919
leaf_weight=12528 5522 42 48 46 77 60 31402 22067 43 264 1418 151 42 40 425 1860 47 107 184 83 48 40 48 48 51 53 69 41 69 291
leaf_count=12528 5522 42 48 46 77 60 31402 22067 43 264 1418 151 42 40 425 1860 47 107 184 83 48 40 48 48 51 53 69 41 69 291
internal_value=-1.06728e-06 -0.0309143 0.233906 -0.038295 -0.0346409 -0.039315 0.00253958 0.00814581 -0.0156385 -0.0273573 0.0215964 0.0642998 0.0847812 0.0742753 -0.0289849 0.0635903 0.350962 -0.00143172 -0.137983 -0.301082 0.000159704 0.00130665 -0.267355 0.213776 0.302585 0.447378 0.630102 -0.479547 0.0685206 -0.000443085
internal_weight=77214 5864 159 5705 5659 5582 71350 54532 16818 12792 4026 2183 2032 1990 1843 1947 87 32465 374 190 32091 31954 137 261 221 170 117 89 117 31693
internal_count=77214 5864 159 5705 5659 5582 71350 54532 16818 12792 4026 2183 2032 1990 1843 1947 87 32465 374 190 32091 31954 137 261 221 170 117 89 117 31693
is_linear=0
shrinkage=0.03


Tree=178
num_leaves=31
num_cat=1
split_feature=129 214 202 8 198 15 32 209 110 148 117 85 49 42 41 39 68 92 38 84 115 148 159 66 118 115 84 6 161 53
split_gain=6626.83 8047.71 8512.47 12457.9 19206.9 24027 14154.5 13403.5 11768.2 12106.4 12707.4 11730.1 11334.7 11737.2 10713.3 17998.6 11939.8 10360.6 15429.3 18666.1 15852.1 17720.3 22715.4 20762 15899 20482.5 18689.7 15285.1 16316.2 15184.7
threshold=5.2793585606935451 0 64.500000000000014 0.94675000000000009 7.8333901298057569 -0.03219421144060531 6.4336478710174569 190.45000000000002 41.809090909090919 69.733333333333348 0.56473289793669823 0.53589746356010448 7.6501035690307626 61.343345642089851 70.90000152587892 109.50000000000001 0.28314244747161871 0.84634274244308483 3.8725337982177739 0.79645320773124706 0.68165644782469037 66.550000000000011 304.16666666666669 0.19233801215887072 0.63082795234898892 0.54265801977405259 0.29731635749340063 0.96500000000000008 215.60735370075489 0.68003246188163768
decision_type=8 9 8 10 8 10 10 2 10 10 10 10 10 10 10 10 10 10 10 10 10 10 10 8 10 10 10 8 8 10
left_child=-1 2 3 6 5 7 12 -5 9 -8 -11 -6 13 -2 -10 16 -16 18 -4 20 21 27 23 -23 25 26 -25 -20 -29 -21
right_child=1 -3 17 4 11 -7 8 -9 14 10 -12 -13 -14 -15 15 -17 -18 -19 19 29 -22 22 -24 24 -26 -27 -28 28 -30 -31
leaf_value=-0.017715396480904321 -0.023332419523890292 -0.0066409090486038011 0.022222832511236714 1.1582016928195953 -0.17016713323449731 -0.10500768489458344 -0.017526363030892729 0.40345091265439986 -0.32603572688287524 -0.49627767453789706 0.064980162099788061 0.30523103127876916 0.045961094167669712 0.32958609210890394 0.46793437184701703 -0.48430857298523183 -0.07831445196427797 -0.04551934635401482 0.064280875494179102 -0.3324183389467078 -0.18788431994345065 0.082098899133926054 -0.071616586628740861 0.76245974614070011 0.014578170122111303 0.92557179757952679 -0.030828768074512479 0.71991934212354514 0.18057418704494438 0.10697229760293742
leaf_weight=15252 6142 30445 14136 40 133 44 1753 45 281 100 57 72 4061 86 58 60 95 1575 1566 154 137 119 113 52 41 120 55 65 226 131
leaf_count=15252 6142 30445 14136 40 133 44 1753 45 281 100 57 72 4061 86 58 60 95 1575 1566 154 137 119 113 52 41 120 55 65 226 131
internal_value=-1.03538e-06 0.00435937 0.0149828 -0.00358714 0.177268 0.464054 -0.00834611 0.758628 -0.073886 -0.0401296 -0.292509 -0.00319802 0.00696712 -0.0184591 -0.204401 -0.0439352 0.12876 0.0280743 0.0349268 0.0995484 0.125832 0.144066 0.302591 0.411856 0.558279 0.65648 0.354695 0.101383 0.301046 -0.130453
internal_weight=77214 61962 31517 13027 334 129 12693 85 2404 1910 157 205 10289 6228 494 213 153 18490 16915 2779 2494 2357 500 387 268 227 107 1857 291 285
internal_count=77214 61962 31517 13027 334 129 12693 85 2404 1910 157 205 10289 6228 494 213 153 18490 16915 2779 2494 2357 500 387 268 227 107 1857 291 285
cat_boundaries=0 1
cat_threshold=264
is_linear=0
shrinkage=0.03


Tree=179
num_leaves=31
num_cat=1
split_feature=5 14 40 36 57 62 86 210 207 57 34 158 97 57 213 87 162 28 66 124 183 161 63 83 92 63 57 39 41 191
split_gain=6594.27 7516.92 7422.32 12258 9536.21 7931.18 9399.63 8476.47 12035.9 8295.11 11589.5 9526.24 7750.2 7284.92 7078.57 8064.85 9372.35 12473.3 9220.89 17031.7 9009.48 8533.52 8047.25 9722.91 11055 12165.4 9794.62 9438.93 8814.6 8328.74
threshold=1.0000000180025095e-35 -0.70499999999999985 81.833332061767592 5.8287000656127939 0.35948719084262853 0.26026317477226263 0.60078126192092907 1152.5000000000002 6.5000000000000009 0.14729990810155871 6.4166667461395273 30.81666666666667 0.67500689625740062 0.26365442574024206 0 0.58022010326385509 272.73214285714295 9.416666507720949 0.26131618022918707 4.1000000000000005 0.52579365079365092 292.28013196165989 0.20198348164558413 0.55000001192092907 0.80261722207069408 0.18392606824636462 0.2149859964847565 55.500000000000007 40.45000076293946 -0.027597847032281211
decision_type=2 8 10 10 10 10 8 2 2 8 10 8 10 10 1 8 10 10 10 10 10 10 8 10 10 10 10 10 10 10
left_child=14 -2 4 -4 5 6 7 9 -9 -3 11 -11 -10 -5 -1 -16 18 22 21 20 -20 -17 23 24 25 26 27 -18 -26 -25
right_child=1 2 3 13 -6 -7 -8 8 12 10 -12 -13 -14 -15 15 16 17 -19 19 -21 -22 -23 -24 29 28 -27 -28 -29 -30 -31
leaf_value=0.0075528147294483183 0.36233048270388346 -0.029609624617555202 -0.47380506018374824 0.29079172668131914 0.42572419602423905 -0.33912581191299696 0.29230443349251384 0.4795564294683522 -0.024512546544460122 0.20294491699108708 0.33465748071670531 -0.22103862244800743 0.41489594328403473 -0.1931071743683575 -0.02763576949784689 0.0084361647256185265 0.079375910892955384 0.57658087535653002 -0.14678899095261969 -0.66902634394902949 0.34541738748550416 -0.2167882859534942 -0.068464748405616616 0.62863963746362261 -0.0030621976677964371 0.57708633921089314 -0.36514102475983756 0.47059184192600895 -0.44910814801515153 0.10413924872875213
leaf_weight=53690 41 1728 94 44 40 78 78 58 373 52 41 576 40 77 12840 5140 937 43 205 51 40 156 353 54 123 47 42 59 59 55
leaf_count=53690 41 1728 94 44 40 78 78 58 373 52 41 576 40 77 12840 5140 937 43 205 51 40 156 353 54 123 47 42 59 59 55
internal_value=-1.03002e-06 -0.0413621 -0.0464098 -0.2168 -0.0344536 -0.0405406 -0.0326351 -0.0414723 0.0748767 -0.0643344 -0.154027 -0.185932 0.0180452 -0.0171439 0.00185729 -0.0132751 0.0117463 0.0718693 -0.00730552 -0.170255 -0.0664288 0.00180191 0.0593172 0.0920984 0.0687082 0.105002 0.0836264 0.10255 -0.14766 0.363983
internal_weight=77214 3320 3279 215 3064 3024 2946 2868 471 2397 669 628 413 121 73894 20204 7364 1772 5592 296 245 5296 1729 1376 1267 1085 1038 996 182 109
internal_count=77214 3320 3279 215 3064 3024 2946 2868 471 2397 669 628 413 121 73894 20204 7364 1772 5592 296 245 5296 1729 1376 1267 1085 1038 996 182 109
cat_boundaries=0 1
cat_threshold=10
is_linear=0
shrinkage=0.03


Tree=180
num_leaves=31
num_cat=0
split_feature=17 21 17 157 195 102 31 14 51 41 92 117 7 199 199 7 55 57 157 29 65 193 195 92 202 189 68 91 150 207
split_gain=6560.78 7615.9 7898.49 11622.5 16926.4 12272.7 11143.4 8448.59 7813.1 10273.4 12758.2 14510 11425.9 9959.68 8945.32 7747.07 7469.32 8545.38 11291.1 12300 13392 14455.2 9106.51 8678.94 8177.43 10608.7 9384.96 8327.09 7780.6 7444.53
threshold=1.0000000180025095e-35 0.75500000000000012 19.500000000000004 34.451331418378025 187.50000000000003 66.966666666666683 6.1846590042114267 0.029999999999999947 0.38675214350223547 54.100000381469734 0.83436700701713573 0.53716143610734512 0.90833333333333355 7.5930723373428792 5.9296291157381038 0.9683333333333336 0.83342802524566661 0.21913109719753268 38.195621384321321 9.0999999046325701 0.36477489769458776 21.500000000000004 150.50000000000003 0.77661755681037914 29.500000000000004 2.7430155947804455 0.18414425104856494 0.84148353338241588 62.031250000000007 10.500000000000002
decision_type=2 2 2 10 8 10 8 10 10 10 8 10 8 10 10 10 8 8 10 10 10 10 8 10 8 10 10 8 8 2
left_child=-1 8 -3 4 7 6 -5 -4 9 15 -11 12 -12 14 -13 -2 24 -18 19 20 21 28 -21 -20 25 -10 -27 -28 -19 -26
right_child=1 2 3 5 -6 -7 -8 -9 16 10 11 13 -14 -15 -16 -17 17 18 23 22 -22 -23 -24 -25 29 26 27 -29 -30 -31
leaf_value=-0.031977310308490818 -0.014444779428109716 0.025043627301557469 -0.099081306373379349 0.108435184787358 0.76484572671708606 0.52348160058259963 -0.38414941428349381 0.44534247749525568 -0.022043385199157692 -0.24706009257058195 0.71542067680880428 -0.033388205945491793 0.01856914250055949 0.18097081189805811 -0.52213094757611933 0.37138300827208981 -0.0053950530759336026 -0.29907945637883493 -0.14969604218942581 0.56493185084799058 -0.61362583221391187 0.47060697378856797 0.0097167306127292769 -0.57965476567330565 0.020047459790423005 0.055431847856158303 -0.6406193551188335 -0.19194763267977855 -0.025045201564080095 -0.030142639560211147
leaf_weight=5373 13542 873 58 124 63 40 62 46 1059 382 40 70 45 66 65 47 17149 137 109 46 43 42 63 69 34209 63 64 89 292 2884
leaf_count=5373 13542 873 58 124 63 40 62 46 1059 382 40 70 45 66 65 47 17149 137 109 46 43 42 63 69 34209 63 64 89 292 2884
internal_value=-9.69813e-07 0.00239055 0.0753202 0.187003 0.376792 0.0467609 -0.0557597 0.141722 0.00108231 -0.0187566 -0.133617 0.017905 0.346499 -0.121053 -0.268709 -0.0131103 0.00610455 -0.0098686 -0.105645 -0.045439 -0.106824 -0.0605554 0.244028 -0.316365 0.0135774 -0.0611253 -0.252735 -0.379627 -0.112557 0.0161452
internal_weight=77214 71841 1266 393 167 226 186 104 70575 14257 668 286 85 201 135 13589 56318 17950 801 623 514 471 109 178 38368 1275 216 153 429 37093
internal_count=77214 71841 1266 393 167 226 186 104 70575 14257 668 286 85 201 135 13589 56318 17950 801 623 514 471 109 178 38368 1275 216 153 429 37093
is_linear=0
shrinkage=0.03


Tree=181
num_leaves=31
num_cat=0
split_feature=203 31 98 37 35 65 198 83 39 174 17 44 26 186 199 33 91 70 21 46 151 160 66 140 56 63 39 61 60 43
split_gain=6333.99 8740.98 8814.8 8688.68 9995.97 18629.3 10338.1 12957.2 11678.1 8077.59 7638.89 7776.8 9026.73 12505.3 11551 10472.5 13757.2 17050.7 9806.07 10445.8 9682.31 9392.55 12498.6 9314.89 9176.96 13871.9 10764.6 10125.9 15026.8 15893.3
threshold=11.500000000000002 11.184659004211428 0.43154075741767889 6.6794869899749765 4.9000000953674325 0.38088902831077581 7.6831449126413167 0.36666667461395269 64.500000000000014 -0.15749266111969845 5.5000000000000009 7.0061728954315194 48.500000000000007 0.45692640692640696 5.9296291157381038 8.5000000000000018 0.89148351550102245 1.2222222685813906 0.24500000000000002 14.004761695861818 36.500000000000007 317.45000000000005 0.064491271972656264 5.5029843520434216 0.57031080126762401 0.20489803701639178 149.50000000000003 0.29044762253761297 0.33948099613189703 84.211109161376967
decision_type=10 10 10 10 10 10 8 10 8 8 2 10 2 8 10 10 10 10 2 10 10 10 10 10 8 10 10 10 10 10
left_child=10 2 3 4 5 -2 7 -6 -9 -4 -1 -12 13 -13 15 21 23 -18 -15 -20 -21 -14 -23 -17 25 -16 27 -26 29 -29
right_child=1 -3 9 -5 6 -7 -8 8 -10 -11 11 12 14 18 24 16 17 -19 19 20 -22 22 -24 -25 26 -27 -28 28 -30 -31
leaf_value=-0.012244671124289477 -0.0047121821224789103 0.31908134596751014 -0.30630644620420072 0.34886963113661734 -0.35629603364970536 0.62879202757562913 -0.39110232099646425 0.51278639221787459 -0.1458710421875436 -0.052901315115838413 -0.016767559137870987 -0.083960323866536582 0.014417237411521068 0.026121464544826809 -0.017163167790472507 -0.11037909539306864 0.980859449453652 0.11027130101148674 0.082925976265081539 0.73987943500973452 0.12592951607108116 0.073381877089850597 0.6888264448143715 0.37689748975965714 -0.015674500027113361 -0.21800215421516653 -0.31846457003670575 0.0074166543944315481 -0.27644057100106562 0.50185303138732906
leaf_weight=19161 7881 68 117 62 64 42 122 50 47 3497 7917 872 6205 20783 750 102 40 41 1633 43 50 96 43 54 6554 527 102 110 56 125
leaf_count=19161 7881 68 117 62 64 42 122 50 47 3497 7917 872 6205 20783 750 102 40 41 1633 43 50 96 43 54 6554 527 102 110 56 125
internal_value=-9.40587e-07 -0.020081 -0.022022 -0.00493851 -0.00761169 -0.00135396 -0.182806 -0.0249662 0.193643 -0.0611051 0.00367577 0.0102925 0.0159028 0.0275094 -0.00242718 0.0271953 0.222993 0.540191 0.0318278 0.100538 0.409799 0.0198807 0.263771 0.0582936 -0.0261317 -0.100047 -0.0125446 -0.00798596 0.165178 0.270415
internal_weight=77214 11950 11882 8268 8206 7923 283 161 97 3614 65264 46103 38186 23381 14805 6581 237 81 22509 1726 93 6344 139 156 8224 1277 6947 6845 291 235
internal_count=77214 11950 11882 8268 8206 7923 283 161 97 3614 65264 46103 38186 23381 14805 6581 237 81 22509 1726 93 6344 139 156 8224 1277 6947 6845 291 235
is_linear=0
shrinkage=0.03


Tree=182
num_leaves=31
num_cat=0
split_feature=87 101 114 195 7 55 29 32 57 76 156 40 67 47 56 51 101 31 26 17 64 62 66 61 8 65 184 20 96 85
split_gain=6275.79 11056.3 16804.6 14209.7 9887.86 10541.7 10112.5 16862 12604.5 9623.35 11463.5 9695.62 9312.92 15126.9 16136 25634.7 14809.7 13739.7 13901.2 15731.3 15550.6 13086.8 20671.3 11191.3 10929.6 9593.4 10699.3 10263.7 8987.07 8954.08
threshold=0.9462856948375703 54.96910269368238 30.174242424242429 181.50000000000003 0.91833333333333345 0.53337153792381298 10.09999990463257 8.5648665428161639 0.28165064752101904 0.34466089308261877 33.500000000000007 67.833332061767592 0.38357040286064154 9.0534524917602557 0.63551375269889843 0.66652056574821483 65.993301214109735 9.1483516693115252 101.50000000000001 79.500000000000014 0.27967125177383428 0.23183402419090274 0.39863196015357977 0.26934798061847692 0.86900000000000022 0.006172693334519864 0.48380952380952386 1.5000000000000002 0.76174309849739086 0.39230769872665411
decision_type=8 8 8 8 8 8 10 10 8 10 10 10 10 10 10 10 10 10 2 2 8 10 10 10 8 10 8 2 10 10
left_child=4 2 -2 -4 -1 -6 8 -8 -7 12 -11 -12 17 14 16 -16 21 18 19 23 28 -14 -23 25 -19 -3 -27 -28 -20 -15
right_child=1 9 3 -5 5 6 7 -9 -10 10 11 -13 13 29 15 -17 -18 24 20 -21 -22 22 -24 -25 -26 26 27 -29 -30 -31
leaf_value=-0.00027518209043900395 -0.18538103433365516 -0.031021923104686669 0.16562886176806577 0.88214695397843701 -0.2980417258047417 -0.037467926227477556 0.53834468861490914 -0.059076898451191635 -0.28366113039267121 -0.6499363008644431 0.19355942998613629 -0.34398883104838168 -0.35512350354875838 0.22046779152491816 1.045826099059161 0.074613025340628109 0.4826664791674149 0.26014713474024426 0.21214636535671622 0.61166308173111505 -0.74271575050694594 0.67645353302359579 -0.066665069274933986 0.38418324316085511 -0.18869684189969094 -0.26845322495128249 0.050152563641228262 0.48235118486881251 -0.29565332406187711 -0.19119143679665002
leaf_weight=65233 47 1942 53 47 149 3146 71 106 199 40 63 58 63 69 51 47 82 55 55 42 42 48 113 79 435 94 4509 50 73 153
leaf_count=65233 47 1942 53 47 149 3146 71 106 199 40 63 58 63 69 51 47 82 55 55 42 42 48 113 79 435 94 4509 50 73 153
internal_value=-9.12334e-07 0.0246271 0.282492 0.502392 -0.00297111 -0.0508773 -0.0404209 0.180567 -0.0521144 0.0199834 -0.209656 -0.0641083 0.0246038 0.135697 0.245016 0.58004 0.137721 0.0151753 0.0260976 0.0328792 -0.241816 0.0114457 0.154886 0.0292369 -0.138316 0.024985 0.0483604 0.0548926 -0.0774581 -0.0632433
internal_weight=77214 8310 147 100 68904 3671 3522 177 3345 8163 161 121 8002 626 404 98 306 7376 6886 6716 170 224 161 6674 490 6595 4653 4559 128 222
internal_count=77214 8310 147 100 68904 3671 3522 177 3345 8163 161 121 8002 626 404 98 306 7376 6886 6716 170 224 161 6674 490 6595 4653 4559 128 222
is_linear=0
shrinkage=0.03


Tree=183
num_leaves=31
num_cat=0
split_feature=162 39 44 191 159 46 202 86 67 62 63 44 155 195 63 108 85 160 203 100 146 113 31 37 178 38 49 44 102 39
split_gain=6256.12 9141.32 8124.75 7447.5 10367.1 7602.07 7010.9 9222.57 10541.6 8463.48 7787.81 7597.28 11180 9997.16 9001.72 17052.9 16111.3 15646.3 16315 22869.8 18637.1 18586.5 14418.8 11921.4 10850.8 10859.1 9637.84 8307.34 18469.7 13256.4
threshold=238.9666666666667 131.50000000000003 92.788890838623061 -0.0041353923933677419 191.16666666666671 11.334821224212648 36.500000000000007 0.36396104097366339 0.36679755151271826 0.18750247359275821 0.29078754782676702 15.282816410064699 33.833333333333336 27.500000000000004 0.35051791369915014 45.900000000000006 0.34523810446262365 280.45000000000005 5.5000000000000009 64.100000000000009 0.57307119963369968 34.549038069228487 5.577381134033204 5.4833333492279062 0.43181596758423807 1.9170489311218264 8.5468182563781756 72.466819763183608 67.881944444444457 62.500000000000007
decision_type=8 10 10 10 10 10 8 8 10 10 8 8 10 10 8 10 10 10 10 10 10 10 10 10 8 10 10 10 10 10
left_child=1 2 -1 -3 -5 -6 7 -2 9 10 -9 -8 13 -13 -14 17 -17 24 19 20 21 22 -19 -21 26 -26 -16 -15 29 -29
right_child=6 3 -4 4 5 -7 11 8 -10 -11 -12 12 14 27 15 16 -18 18 -20 23 -22 -23 -24 -25 25 -27 -28 28 -30 -31
leaf_value=-0.010828000416051706 -0.018273593247067389 0.060331904485628203 0.3416144310948202 0.13739451907575129 -0.54530338821449098 -0.067089314503329139 -0.0044432218559850578 -0.22384007700349925 0.1731335304561071 -0.40209177409281144 0.25886551652635847 0.096335051895930487 0.014779260261808903 0.017590520104369057 -0.05569129944546148 -0.027727822390365964 0.75849678510427476 0.29539834139049054 -0.1070042699103554 -0.24318971091895611 -0.20686050470579756 0.10744508530084902 0.94639930325972887 0.25635703817009925 0.026815488486294729 -0.19239596517617577 0.40252662733930056 0.5251054088664906 -0.36595899848227803 0.087219276704958507
leaf_weight=26226 2907 77 59 40 104 42 20838 106 64 159 42 2668 15730 5441 128 49 45 50 360 131 44 78 79 64 251 1072 61 112 47 140
leaf_count=26226 2907 77 59 40 104 42 20838 106 64 159 42 2668 15730 5441 128 49 45 50 360 131 44 78 79 64 251 1072 61 112 47 140
internal_value=-8.85001e-07 -0.0117978 -0.0100369 -0.187787 -0.290503 -0.407735 0.00618047 -0.0362502 -0.177107 -0.250121 -0.0868561 0.00911555 0.0197573 0.0483533 0.0065043 -0.0474613 0.348656 -0.0635248 0.043228 0.164492 0.353842 0.473025 0.694073 -0.0792359 -0.120431 -0.150807 0.0921991 0.0260509 0.180008 0.281835
internal_weight=77214 26548 26285 263 186 146 50666 3278 371 307 148 47388 26550 8408 18142 2412 94 2318 806 446 251 207 129 195 1512 1323 189 5740 299 252
internal_count=77214 26548 26285 263 186 146 50666 3278 371 307 148 47388 26550 8408 18142 2412 94 2318 806 446 251 207 129 195 1512 1323 189 5740 299 252
is_linear=0
shrinkage=0.03


Tree=184
num_leaves=31
num_cat=0
split_feature=5 14 181 84 153 53 31 31 91 105 39 38 58 29 111 56 45 64 157 150 45 90 148 154 38 142 8 193 139 202
split_gain=6168.65 7054.93 7203.15 7662.59 10136.8 10981.8 7997.48 6998.43 6986.43 16792.8 12588 13325.7 12567.2 14740.4 12914.1 13513.4 16480.4 12335.5 12356.6 17416.9 12532.5 12537.9 14647.9 11878.9 11573.5 14234.4 18168.3 14130.7 13725 12912
threshold=1.0000000180025095e-35 -0.70499999999999985 6.583918100918722 0.59298738837242138 38.058090584933659 0.65000325441360485 10.160256385803224 14.214285850524904 0.84148353338241588 12.389725364324301 47.500000000000007 1.567365884780884 0.1715526878833771 6.3666667938232431 44.500000000000007 0.61113223433494579 7.0000107288360605 0.4465219527482987 38.143482431144342 58.345238095238102 8.6076927185058612 0.83437439799308788 61.775000000000006 36.919871794871803 3.4549955129623418 5.5140343783243519 0.83400000000000019 28.500000000000004 5.5297631440354129 64.500000000000014
decision_type=2 8 10 10 8 10 10 10 10 10 10 10 8 10 10 10 8 10 10 8 10 10 10 10 10 8 10 10 8 10
left_child=7 -2 3 6 -5 -6 -3 8 17 10 24 -12 13 -13 -14 -16 -17 -1 19 -19 21 22 -21 -22 -10 29 -27 28 -28 -26
right_child=1 2 -4 4 5 -7 -8 -9 9 -11 11 12 14 -15 15 16 -18 18 -20 20 23 -23 -24 -25 25 26 27 -29 -30 -31
leaf_value=-0.0017956461146784333 0.35108567772842031 -0.045035599704592401 0.35025153540983434 -0.36731932536679868 -0.28781613779067994 0.38262191508571763 0.26085998212423506 -0.37221327173709867 0.02015876311945285 -0.32949076412789591 0.54515019900351769 -0.057581153914823636 -0.00050047170166244326 -0.48811689842761175 0.65074910383139339 -0.40860833376646039 0.34901437596099016 -0.27676451819784503 -0.14204928184097462 1.1229941564798354 0.35188759191334246 0.055995202515014379 0.42548495473606246 -0.20652270670980213 -0.16204635363865164 0.51002199300351947 0.63884655682878067 0.62352564160553914 0.09690441923128032 0.41606668472290037
leaf_weight=67306 41 2924 41 147 45 43 79 45 1208 113 40 273 2752 97 56 40 73 51 99 40 80 43 84 60 202 140 44 53 953 42
leaf_count=67306 41 2924 41 147 45 43 79 45 1208 113 40 273 2752 97 56 40 73 51 99 40 80 43 84 60 202 140 44 53 953 42
internal_value=-8.58527e-07 -0.0400049 -0.044895 -0.0498984 -0.214872 0.0397843 -0.0369884 0.00179649 0.0020244 0.0328142 0.0396685 0.000881832 -0.0057334 -0.170451 0.0151312 0.269678 0.0808293 -0.000740931 0.154595 0.236628 0.321915 0.497415 0.650488 0.112569 0.0885701 0.1462 0.188999 0.146196 0.120822 -0.0625351
internal_weight=77214 3320 3279 3238 235 88 3003 73894 73849 6086 5973 3331 3291 370 2921 169 113 67763 457 358 307 167 124 140 2642 1434 1190 1050 997 244
internal_count=77214 3320 3279 3238 235 88 3003 73894 73849 6086 5973 3331 3291 370 2921 169 113 67763 457 358 307 167 124 140 2642 1434 1190 1050 997 244
is_linear=0
shrinkage=0.03


Tree=185
num_leaves=31
num_cat=0
split_feature=210 5 84 31 40 14 39 85 198 92 163 67 210 184 170 97 84 173 176 117 108 8 195 41 40 91 210 50 116 165
split_gain=6051.46 9135.66 9310.48 12455.5 10904.2 9586.97 7757.02 7702.09 9760.78 9311.69 8814.93 14453 11662.3 9159.64 10657.9 11469.6 10626.9 9509.24 9034.62 9017.48 12278.8 11655.2 14717.3 9646.66 13604.9 12568.2 10523.8 9178.42 11253.6 9173.39
threshold=414.55000000000001 1.0000000180025095e-35 0.48607909679412847 9.2928571701049822 80.500000000000014 1.0000000180025095e-35 53.500000000000007 0.27922078967094427 8.6423891660226264 0.59217697381973278 2.4166666666666674 0.28970248997211462 415.30000000000001 0.62714285714285734 4.4641025641025651 0.59757161140441906 0.73086476325988781 0.0044053203861112921 0.38681193985137002 0.50898005649371381 31.100000000000005 0.83666666666666678 181.50000000000003 75.099998474121108 48.166666030883796 0.78759616613388073 1142.4500000000003 10.700385093688967 0.490752063404093 1.1506346278607449
decision_type=2 2 10 10 10 8 10 10 10 10 10 10 2 10 8 10 10 10 8 10 10 10 10 10 10 10 2 10 10 8
left_child=1 -1 3 6 5 -4 -3 8 -2 -10 12 -12 -9 14 15 -14 -15 -18 -16 21 -21 23 -23 24 25 -20 -26 28 -22 -29
right_child=7 2 4 -5 -6 -7 -8 10 9 -11 11 -13 13 16 18 -17 17 -19 19 20 27 22 -24 -25 26 -27 -28 29 -30 -31
leaf_value=-0.0037717723950970775 0.0053984450798550687 -0.034295998192529341 -0.29676931875609908 0.37023329638299485 -0.54743048750374412 0.14387567136436699 -0.2187491703193776 0.53691594465573622 -0.065284362479667124 -0.48301408653673911 0.026043085915789212 -0.32713003626144299 0.064022430225268934 0.11244254076124534 -0.28755058711767195 -0.30254319259784668 0.15999152237176895 0.81414433506131167 0.033665687719700042 0.57857877381823275 0.567892498923249 -0.36102330117090603 0.25850823055614125 0.40900432309934071 -0.43296630546296994 0.56487587210536006 0.030255609189194659 0.20136168426655709 0.0787316453087855 -0.29935342166369611
leaf_weight=45850 23773 1529 107 63 73 76 237 45 158 69 365 146 143 460 70 166 40 40 367 44 43 160 44 56 97 45 81 47 2710 110
leaf_count=45850 23773 1529 107 63 73 76 237 45 158 69 365 146 143 460 70 166 40 40 367 44 43 160 44 56 97 45 81 47 2710 110
internal_value=-8.32825e-07 -0.00656463 -0.0679806 -0.0442632 -0.23743 -0.113769 -0.0590499 0.0107453 0.00352893 -0.192259 0.0435531 -0.0748635 0.0562441 0.0516644 0.0366535 -0.132903 0.167943 0.487068 0.0501778 0.0563926 0.0811695 -0.0297146 -0.227399 0.032712 -0.00300391 0.0916862 -0.222174 0.0736485 0.086372 -0.149458
internal_weight=77214 47935 2085 1829 256 183 1766 29279 24000 227 5279 511 4768 4723 4183 309 540 80 3874 3804 2954 850 204 646 590 412 178 2910 2753 157
internal_count=77214 47935 2085 1829 256 183 1766 29279 24000 227 5279 511 4768 4723 4183 309 540 80 3874 3804 2954 850 204 646 590 412 178 2910 2753 157
is_linear=0
shrinkage=0.03


Tree=186
num_leaves=31
num_cat=0
split_feature=159 189 208 56 35 85 92 116 86 198 116 202 91 38 62 149 147 52 8 50 178 35 189 55 154 197 118 193 156 178
split_gain=6047.19 6735.27 12713.5 9452.08 13775 13317.3 10087.7 9557.62 12327.5 8344.49 17906.6 8244.61 7942.98 12487.3 15691.6 11768.2 12857 10105.9 9326.3 10484 8464.18 8435.38 7911.25 7901.28 7536.97 7420.21 7039.21 6907.98 6760.32 6181.61
threshold=255.83333333333334 5.5488707721233377 12.500000000000002 0.60145688056945812 5.3666667938232431 0.240384615957737 0.73537406325340282 0.52926827352754224 0.48397369682788854 7.7553038626260173 0.58135110080236596 55.500000000000007 0.93809092044830333 4.1337397098541269 0.10884329304099084 62.920503213014712 61.166666666666679 0.5916743576526643 0.88450000000000017 8.9028220176696795 0.3996847199021108 6.2249999046325692 0.94734846800565731 0.70005950331687938 34.483333333333341 10.500000000000002 0.50244704214287761 29.500000000000004 33.733333333333341 0.39877010418026887
decision_type=8 10 2 10 10 8 10 10 10 10 10 10 10 10 10 10 10 10 10 10 10 10 10 8 10 10 10 10 10 8
left_child=1 12 3 7 26 -6 -7 8 11 10 -9 -3 29 14 -14 16 20 -17 -16 22 24 -19 -20 -8 -15 -24 -5 -28 -26 -1
right_child=-2 2 -4 4 5 6 23 9 -10 -11 -12 -13 13 15 18 17 -18 21 19 -21 -22 -23 25 -25 28 -27 27 -29 -30 -31
leaf_value=-0.04835326743536348 0.0099731627268456122 0.037188590745772084 0.36931508158936216 0.076920225782827895 0.48140955831912852 0.35545113971128178 0.059569856503914137 -0.52086000401166177 0.35556117062983306 -0.57359893678363993 0.26034487125666245 -0.43787148800918035 -0.28524579593113492 0.40364143831079657 -0.020840086381137372 0.11360722528349969 0.54442672965618277 -0.56757204447473797 0.65951325973326513 0.86441856709922227 -0.33721403081207829 -0.041109736377994213 -0.13448239227620568 -0.37031091622684309 -0.31594470977783201 0.3840593769152959 -0.56539130730415454 -0.090971470919061215 0.19248471998251401 -0.0039802588237740303
leaf_weight=3037 32021 62 51 44 65 51 87 62 46 95 46 70 42 55 50 62 52 70 44 41 47 45 41 69 43 63 67 47 52 40587
leaf_count=3037 32021 62 51 44 65 51 87 62 46 95 46 70 42 55 50 62 52 70 44 41 47 45 41 69 43 63 67 47 52 40587
internal_value=-8.07785e-07 -0.00706775 -0.0901223 -0.119014 -0.0226084 0.106804 -0.0108254 -0.227819 -0.0673567 -0.368519 -0.188125 -0.214737 -0.00545279 0.0942971 0.249535 -0.00810174 0.124839 -0.195121 0.343513 0.439903 0.0140853 -0.361565 0.322301 -0.13057 0.124159 0.179634 -0.245395 -0.369797 -0.0376465 -0.0070694
internal_weight=77214 45193 862 811 430 272 207 381 178 203 108 132 44331 707 281 426 249 177 239 189 197 115 148 156 150 104 158 114 95 43624
internal_count=77214 45193 862 811 430 272 207 381 178 203 108 132 44331 707 281 426 249 177 239 189 197 115 148 156 150 104 158 114 95 43624
is_linear=0
shrinkage=0.03


Tree=187
num_leaves=31
num_cat=0
split_feature=21 158 57 22 58 187 122 51 9 60 153 43 84 48 192 158 96 187 162 165 209 153 32 32 34 51 193 156 60 149
split_gain=6020.52 6419.91 11743.4 12139.8 10359 15793.1 13604.8 13499.3 25297.7 17969 16479.5 15970.1 15618.8 14952.8 13504.8 13281.9 16077.5 13249.6 16948.6 12836.7 12885.4 12835.6 10197.4 18650 26480.1 11365.1 9882.96 8515.76 8512.27 8489.09
threshold=0.17500000000000002 36.851648351648358 0.40778534114360815 27.500000000000004 0.27342967689037329 60.583333333333343 2.528392530989934 0.56229230761528026 0.95581386820082315 0.26792588829994207 38.311918339054941 67.033332824707045 0.39410333335399633 10.566325187683107 3.5000000000000004 35.118055555555564 0.76174309849739086 61.750000000000007 258.67948717948724 1.4152282041781243 172.20000000000002 34.583546536753012 9.7437686920166033 9.3192920684814471 6.8333332538604745 0.54772728681564342 21.500000000000004 35.100000000000009 0.2842815518379212 60.387401447811051
decision_type=2 8 10 2 10 10 10 10 8 10 10 10 10 10 10 10 10 10 10 10 2 10 10 10 10 10 10 10 8 10
left_child=1 2 4 -4 -1 15 7 8 9 -7 11 -11 -13 14 17 16 29 -9 19 -19 -21 -16 23 -3 25 -25 28 -23 -24 -6
right_child=-2 22 3 -5 5 6 -8 13 -10 10 -12 12 -14 -15 21 -17 -18 18 -20 20 -22 27 26 24 -26 -27 -28 -29 -30 -31
leaf_value=-0.011558642828741623 0.025719947797185908 0.0083072504782729876 0.042876629070802169 -0.44735299034698589 0.026776818684139451 0.56710877702786366 0.67998066531121726 0.66847735514446183 0.8298955606818198 -0.31117146605398593 -0.46476465189113064 0.83824064719676972 0.0099213985739541911 -0.34394214014999752 0.32507520164762221 -0.41191795434554418 0.50667670354247096 -0.25847100605256851 0.53627388844023582 0.61956049555262849 -0.065743335739805786 -0.42854747796880788 -0.27525338177170072 0.21710312932995812 -0.2749189375747334 0.85221015800256283 -0.50522053860906335 0.019562648533131267 0.25195798935938857 -0.3867072152357835
leaf_weight=41185 7405 26820 77 111 143 65 40 49 60 41 52 40 42 82 49 90 48 96 69 43 58 87 63 42 44 64 67 68 49 65
leaf_count=41185 7405 26820 77 111 143 65 40 49 60 41 52 40 42 82 49 90 48 96 69 43 58 87 63 42 44 64 67 68 49 65
internal_value=-7.8354e-07 -0.00272911 -0.00998677 -0.246567 -0.00893956 0.0748731 0.138598 0.114563 0.278921 0.141178 -0.0170255 0.172263 0.41398 0.032521 0.0920007 -0.0984365 0.0117719 0.215153 0.131645 -0.0100773 0.22602 -0.0981602 0.00867505 0.0101729 0.343756 0.600564 -0.21701 -0.231957 -0.0445984 -0.102437
internal_weight=77214 69809 42660 188 42472 1287 941 901 300 240 175 123 82 601 519 346 256 315 266 197 101 204 27149 26970 150 106 179 155 112 208
internal_count=77214 69809 42660 188 42472 1287 941 901 300 240 175 123 82 601 519 346 256 315 266 197 101 204 27149 26970 150 106 179 155 112 208
is_linear=0
shrinkage=0.03


Tree=188
num_leaves=31
num_cat=0
split_feature=13 158 105 64 148 83 6 28 27 86 193 49 84 21 38 32 52 64 167 48 26 32 61 30 32 96 49 7 39 85
split_gain=6045.68 8056.27 8245.06 8515 18973.7 15357.3 12228.1 11547.9 10477.6 10389.6 7940.4 7930.25 16144.4 8445.08 8487.88 9491.29 13190.9 10629.6 8423.91 8225.86 8046.54 7940.44 8229.96 8332.56 7897.91 7777.76 8882.97 7879.55 7793.56 7563.64
threshold=1.0000000180025095e-35 41.183333333333344 11.050123806717416 0.33697105944156652 66.366666666666688 0.23660138249397281 0.87500000000000011 8.8333334922790545 10.500000000000002 0.60078126192092907 39.500000000000007 13.35515880584717 0.66436812281608593 0.17500000000000002 4.7401297092437753 7.4031634330749521 0.60745549201965343 0.43047404289245611 4.8333333333333348 13.975222110748293 140.50000000000003 6.8830368518829355 0.18131696432828906 3.2327315807342534 8.23669481277466 0.31582395732402807 6.1669270992279062 0.88833333333333353 42.500000000000007 1.7083333134651186
decision_type=8 8 10 10 10 10 10 10 10 10 10 8 10 2 10 10 10 10 8 10 2 10 10 10 10 10 10 10 10 10
left_child=1 10 3 9 6 -6 7 -5 -7 -3 11 13 21 20 15 17 -17 19 -16 -15 29 22 23 -13 -4 -2 28 -28 -27 -1
right_child=25 2 24 4 5 8 -8 -9 -10 -11 -12 12 -14 14 18 16 -18 -19 -20 -21 -22 -23 -24 -25 -26 26 27 -29 -30 -31
leaf_value=0.0014459327017859627 -0.00037558945628501808 0.049164747739117415 -0.043141138142556587 -0.27354748493891495 0.53660882984846825 -0.26969346752166751 -0.45900169692016562 0.36940119571802094 0.30159125622282634 0.41155917130410674 -0.37131955825078944 -0.014298745615214334 -0.35337712982492725 0.037399071822120912 0.17049047402747264 0.014460658820307984 0.73006919970566575 0.5002096898076327 -0.18771316413422973 0.45447598669418066 -0.1165022762619697 -0.33337710838060119 0.31502600485544935 -0.14074859807642875 0.32265484059195626 -0.076688433715756094 -0.016268962709046569 0.37353258932009337 -0.26016003093313667 -0.36056755882759506
leaf_weight=47055 5789 6408 1556 65 60 75 130 41 47 72 52 5970 137 4150 77 49 44 46 254 43 530 74 65 509 55 1839 1687 48 235 52
leaf_count=47055 5789 6408 1556 65 60 75 130 41 47 72 52 5970 137 4150 77 49 44 46 254 43 530 74 65 509 55 1839 1687 48 235 52
internal_value=-7.59999e-07 0.00316196 0.0304545 0.0447259 -0.0865097 0.14365 -0.264006 -0.0248598 -0.0496084 0.0531914 -0.000767048 -0.000440763 -0.0310304 0.00351016 0.0420413 0.0532294 0.353028 0.0466521 -0.104385 0.0416763 -0.000261506 -0.0243575 -0.0208631 -0.0242328 -0.0306528 -0.0222815 -0.0555746 -0.00548483 -0.0974772 0.00104632
internal_weight=77214 67616 8509 6898 418 182 236 106 122 6480 59107 59055 6755 52300 4663 4332 93 4239 331 4193 47637 6618 6544 6479 1611 9598 3809 1735 2074 47107
internal_count=77214 67616 8509 6898 418 182 236 106 122 6480 59107 59055 6755 52300 4663 4332 93 4239 331 4193 47637 6618 6544 6479 1611 9598 3809 1735 2074 47107
is_linear=0
shrinkage=0.03


Tree=189
num_leaves=31
num_cat=0
split_feature=203 61 85 59 65 188 49 193 137 68 107 98 67 47 57 156 160 53 160 110 109 37 40 194 129 101 114 74 68 32
split_gain=5970.5 11501 12943.9 9703.73 21800.6 10585.8 7767.32 7270.71 12862.8 10770 10817.1 12573.6 14141.2 12319.3 13368.3 16312.4 12233.7 12663.2 12851.3 10502.9 10255 10231.4 13886.1 11022 9864.04 14586.3 12392.9 13539.5 12615.2 17332.7
threshold=14.500000000000002 0.26934798061847692 0.45804196596145635 0.25653831660747534 0.38088902831077581 35.416666666666679 8.8021116256713885 33.500000000000007 0.47295246784568762 0.11527201533317567 29.416666666666668 0.66194707155227672 0.29358808696269995 10.334047317504885 0.22318007797002795 39.366666666666674 233.10000000000002 0.6600974202156068 260.90000000000003 36.788888888888899 31.910512099040442 7.8090910911560067 134.83333587646487 14.500000000000002 5.0356474135632299 59.375831965207084 38.105555555555561 1.5300120115280154 0.17650739103555682 8.8295278549194354
decision_type=10 10 10 10 10 10 10 8 8 10 8 10 8 10 10 10 8 10 8 8 8 10 10 10 8 10 8 10 10 10
left_child=7 3 -3 4 -2 -5 -4 8 -1 -9 11 19 -13 24 20 16 -16 -18 -19 -11 -15 22 -10 -23 26 -26 27 -12 -28 -30
right_child=1 2 6 5 -6 -7 -8 9 21 10 13 12 -14 14 15 -17 17 18 -20 -21 -22 23 -24 -25 25 -27 28 -29 29 -31
leaf_value=-0.036122766766309738 -0.036455880235326858 0.5090239538192749 -0.33576530074328187 0.051941162624010224 0.58664281121071649 -0.5674118988854544 0.24185188352384351 0.0010309966052805121 0.0039737095111060374 0.051418001555824933 0.071905121282291304 0.88254140496253963 0.18821589052677154 0.41193640037586809 -0.27282924344462733 -0.54458079437633133 -0.27997803103923796 0.62329109580449327 -0.066096966492633025 0.53716961622238157 -0.0080485207313630847 -0.30387534448696718 0.53123121404647822 0.16083145728853881 -0.067421928912194229 0.12135625882679725 0.10144788713296714 -0.47520453787275724 -0.27973931241197431 0.33435992379018914
leaf_weight=8842 5550 75 40 41 51 63 44 10850 44892 365 1325 44 66 57 155 91 50 53 45 45 638 186 45 61 432 2501 173 42 345 47
leaf_count=8842 5550 75 40 41 51 63 44 10850 44892 365 1325 44 66 57 155 91 50 53 45 45 638 186 45 61 432 2501 173 42 345 47
internal_value=-7.37256e-07 -0.0290998 0.222564 -0.0361137 -0.0307822 -0.323244 -0.0332039 0.00239081 -0.00303214 0.0193026 0.0499247 0.181143 0.465946 0.0384646 -0.0527445 -0.192346 -0.086559 0.108521 0.306735 0.104732 0.0263963 0.00344332 0.00450171 -0.18911 0.0588811 0.0935512 0.00624795 0.0550956 -0.111937 -0.20611
internal_weight=77214 5864 159 5705 5601 104 84 71350 54026 17324 6474 520 110 5954 1089 394 303 148 98 410 695 45184 44937 247 4865 2933 1932 1367 565 392
internal_count=77214 5864 159 5705 5601 104 84 71350 54026 17324 6474 520 110 5954 1089 394 303 148 98 410 695 45184 44937 247 4865 2933 1932 1367 565 392
is_linear=0
shrinkage=0.03


Tree=190
num_leaves=31
num_cat=2
split_feature=213 217 162 86 86 162 14 91 57 97 68 159 105 182 83 98 26 113 117 152 108 202 55 189 41 92 154 200 59 86
split_gain=5741.71 7372.46 10501.7 16914.5 10327.7 10373.9 19506.9 9691.35 11095.9 10143.6 10777.2 10109.7 9758.36 11376.6 12433.7 13883.1 20747.5 14873.7 15577.9 15456.7 16475.6 9922.63 9625.57 9301.83 11891.7 9736.72 11829.2 9244.7 8990.1 15676.6
threshold=0 1 288.77500000000003 0.079042028635740294 0.66170939803123485 259.7928571428572 1.0000000180025095e-35 0.93033334612846386 0.40778534114360815 0.77134719491004955 0.17964321374893191 325.58333333333343 10.504115771693064 5.0454634671859981 0.19397056847810748 0.76990938186645519 70.500000000000014 40.303852259848036 0.58097699927368496 38.366666666666674 35.900000000000006 44.500000000000007 0.50001803040504467 5.7522927820682535 67.700000762939467 0.68144154548645031 33.825757575757585 1.0000000180025095e-35 0.26505181193351751 0.53436467051506054
decision_type=1 9 8 8 10 10 8 10 8 10 10 10 8 10 10 10 2 10 10 10 10 10 10 10 10 10 10 2 10 10
left_child=1 2 22 -4 7 -6 -7 9 11 -3 -11 12 -9 14 -14 16 17 18 19 20 -16 -15 23 24 25 -1 -27 -17 29 -5
right_child=-2 4 3 28 5 6 -8 8 -10 10 -12 -13 13 21 15 27 -18 -19 -20 -21 -22 -23 -24 -25 -26 26 -28 -29 -30 -31
leaf_value=-0.016451954516045857 -0.013408355339809191 -0.0021549001123578938 -0.0030505581212522098 0.12682871245401622 -0.31832251062338324 0.55287042755027149 -0.23942881741560995 0.55267102980219263 -0.35357189538686173 0.22723785120248793 -0.32197001224883448 -0.30613290994063669 -0.13664120588983805 -0.41750768548250194 0.060110555436722071 -0.20443790489368222 0.78900135712698105 0.74701724626351051 -0.2680818445224028 -0.059648671740895672 0.82687019033021614 0.18801125849892453 0.023959462741388479 -0.44698077760636806 0.47526800164154592 0.23032067452399235 -0.25609358826289641 0.2823249401203517 -0.082428358463052465 0.54909769384257767
leaf_weight=3301 20939 36994 1690 1695 184 43 80 51 46 40 164 46 98 60 43 89 72 41 65 73 61 41 10547 48 42 53 298 58 169 83
leaf_count=3301 20939 36994 1690 1695 184 43 80 51 46 40 164 46 98 60 43 89 72 41 65 73 61 41 10547 48 42 53 298 58 169 83
internal_value=-7.15107e-07 0.00498954 0.0208661 0.066391 -0.00243534 -0.17574 0.0375538 -0.00103741 0.0994867 -0.00331824 -0.214282 0.125603 0.152012 0.122863 0.172448 0.232789 0.33431 0.218629 0.129108 0.274969 0.509845 -0.171703 0.00929315 -0.0320445 -0.0266528 -0.0324252 -0.182646 -0.0123818 0.126666 0.146541
internal_weight=77214 56275 17926 3637 38349 307 123 38042 844 37198 204 798 752 701 600 502 355 283 242 177 104 101 14289 3742 3694 3652 351 147 1947 1778
internal_count=77214 56275 17926 3637 38349 307 123 38042 844 37198 204 798 752 701 600 502 355 283 242 177 104 101 14289 3742 3694 3652 351 147 1947 1778
cat_boundaries=0 1 2
cat_threshold=10 74
is_linear=0
shrinkage=0.03


Tree=191
num_leaves=31
num_cat=0
split_feature=17 1 83 161 155 9 51 41 92 117 7 17 6 109 22 191 14 22 40 84 67 189 92 85 162 11 54 38 91 54
split_gain=5761.25 6929.22 9783.26 10942.9 9764.99 6861.65 6801.51 8962.92 12502.9 12931.5 10944.5 10204.4 8362.02 7943.48 9080.76 12687.7 8085.6 7808.31 7396.55 9997.6 7363.08 10176.1 14093.8 14938.6 13186 12501.1 12167.3 13797.1 12298.2 13381.3
threshold=1.0000000180025095e-35 1.5000000000000002 0.22090585529804233 240.69624120608884 28.416666666666668 0.58878702433572139 0.38675214350223547 54.100000381469734 0.83436700701713573 0.53716143610734512 0.90833333333333355 32.500000000000007 0.93500000000000016 34.610149667746519 35.500000000000007 0.074662044642863093 -0.014999999999999956 60.500000000000007 57.833333969116218 0.36308318376541143 0.031443433836102493 0.54064064100384723 0.83436700701713573 0.67708334326744091 338.90000000000003 0.76576102065002394 0.70607709884643566 5.576596975326539 0.92033335566520702 0.55555847287178051
decision_type=2 8 8 10 8 10 10 10 8 10 8 2 8 10 2 10 10 2 10 10 10 10 10 10 10 8 10 10 10 10
left_child=1 2 4 -4 -1 -3 7 18 13 10 -10 12 -11 -9 16 17 -15 -16 -2 -20 -8 -22 -23 24 26 -25 28 -28 -24 -30
right_child=6 5 3 -5 -6 -7 20 8 9 11 -12 -13 -14 14 15 -17 -18 -19 19 -21 21 22 23 25 -26 -27 27 -29 29 -31
leaf_value=0.4253909119183934 -0.012779854130142595 -0.035745583032010295 0.071112989951636035 0.53573673972726932 -0.044320015791121888 -0.20599314497293172 -0.0041106354085804521 -0.48460352202708074 0.68947911365184844 0.40546979915804976 0.011885486682256061 -0.40052461484204166 -0.10714670280406349 -0.075283031043681226 0.4379316649834315 -0.41515407141049704 -0.5178555722118301 -0.082345353341102601 0.47017681431770325 -0.12806051742558072 0.039199153556036405 0.014158538751239479 -0.096498538872430289 -0.24951913399032399 -0.52980509897724526 0.16533480455589328 -0.28608815025464251 0.13866999720234466 -0.18571551341717399 0.18012778339605046
leaf_weight=43 13782 4364 131 70 541 224 27980 88 41 41 45 69 95 66 54 45 85 50 65 41 11630 15078 1109 79 61 379 403 83 121 351
leaf_count=43 13782 4364 131 70 541 224 27980 88 41 41 45 69 95 66 54 45 85 50 65 41 11630 15078 1109 79 61 379 403 83 121 351
internal_value=-7.45809e-07 -0.0299654 0.0523975 0.232922 -0.00973514 -0.0440576 0.00224032 -0.0160631 -0.122489 0.0261602 0.334924 -0.10337 0.0473921 -0.233975 -0.160458 0.00569872 -0.324413 0.187798 -0.0108598 0.238783 0.00689558 0.0174081 0.00306084 -0.0616457 -0.0950966 0.093777 -0.0822678 -0.213547 -0.0419125 0.0863417
internal_weight=77214 5373 785 201 584 4588 71841 14567 679 291 86 205 136 388 300 149 151 104 13888 106 57274 29294 17664 2586 2128 458 2067 486 1581 472
internal_count=77214 5373 785 201 584 4588 71841 14567 679 291 86 205 136 388 300 149 151 104 13888 106 57274 29294 17664 2586 2128 458 2067 486 1581 472
is_linear=0
shrinkage=0.03


Tree=192
num_leaves=31
num_cat=1
split_feature=210 1 197 26 152 94 77 6 98 47 150 8 133 135 187 26 97 113 118 64 22 41 85 217 203 193 6 15 199 158
split_gain=5712.51 7296.45 8253.17 8644.33 8429.14 7100.5 9732.31 6996.72 6995.3 18335.7 15395.3 16750.6 10331.7 12775.2 10210.8 15832.8 8706.62 8521.74 8240.93 12278.6 8532 10482.7 8002.59 12506.7 9876.77 11702 9619.87 9773.79 9452.71 9368.7
threshold=1.0000000180025095e-35 2.5000000000000004 2.5000000000000004 139.50000000000003 48.70000000000001 0.81903669238090526 0.2967460304498673 0.70500000000000007 0.68711760640144359 9.890238285064699 69.26136363636364 0.86900000000000022 0.038688571106685131 0.45582697437459047 61.416666666666679 98.500000000000014 0.74359995126724254 43.302632043909803 0.63870159956397599 0.2839117050170899 14.500000000000002 37.633333206176765 0.16025641560554507 0 5.5000000000000009 15.500000000000002 0.91500000000000015 -0.13160091368610771 5.6560386215726028 35.031250000000007
decision_type=2 8 10 2 10 10 8 8 10 10 10 10 10 10 10 2 8 10 10 10 2 10 10 9 8 10 10 8 10 8
left_child=8 2 5 4 -4 -2 -7 -6 -1 10 12 -12 13 17 16 -16 -11 18 20 -20 21 -10 26 28 25 -25 27 -22 -24 -28
right_child=1 -3 3 -5 7 6 -8 -9 9 14 11 -13 -14 -15 15 -17 -18 -19 19 -21 22 -23 23 24 -26 -27 29 -29 -30 -31
leaf_value=-0.0051426972856770175 0.038962457639934459 -0.016257103422925957 0.0070410071673589333 -0.15160843970181728 0.041332879768950601 0.0086238112221372881 0.63317396833453066 0.59572972699999804 0.0028246771528365761 -0.22203275417959367 0.62993539642370666 -0.11816838317591211 -0.25434050455610169 0.51098876103758806 -0.51178065534722939 0.078906700740445326 0.32732164844870565 -0.36548324209722605 -0.090743958027383609 0.62618689647940695 0.3354821240007877 -0.63422120915806812 0.44943257922217961 -0.15948523124429717 -0.2051646757011327 0.44028534808984171 0.6199660077920327 -0.12206880591809749 -0.0091803533893770866 0.1027151393070817
leaf_weight=36629 7520 8561 21990 309 42 47 43 40 47 74 65 46 188 40 178 53 40 66 43 43 55 46 63 67 444 52 52 178 113 80
leaf_count=36629 7520 8561 21990 309 42 47 43 40 47 74 65 46 188 40 178 53 40 66 43 43 55 46 63 67 444 52 52 178 113 80
internal_value=-7.23513e-07 0.00817084 0.0151439 0.00596711 0.00817311 0.0421327 0.30702 0.31177 -0.00814904 -0.062315 -0.021584 0.31991 -0.0456208 -0.0173707 -0.261601 -0.376255 -0.0292768 -0.0330374 -0.0159358 0.267721 -0.0363155 -0.312273 -0.013069 -0.0698334 -0.137668 0.102599 0.101859 -0.0140632 0.14665 0.306481
internal_weight=77214 38552 29991 22381 22072 7610 90 82 38662 2033 1688 111 1577 1389 345 231 114 1349 1283 86 1197 93 1104 739 563 119 365 233 176 132
internal_count=77214 38552 29991 22381 22072 7610 90 82 38662 2033 1688 111 1577 1389 345 231 114 1349 1283 86 1197 93 1104 739 563 119 365 233 176 132
cat_boundaries=0 1
cat_threshold=8
is_linear=0
shrinkage=0.03


Tree=193
num_leaves=31
num_cat=1
split_feature=129 196 189 86 36 68 33 56 186 61 137 170 29 213 192 65 98 17 12 89 115 203 154 160 15 188 60 35 37 185
split_gain=5718.12 7438.26 9080.61 11262.6 8355.93 14952.2 9063.39 8105.21 9922.61 10854.9 10370.1 9493.31 6926.26 6859.9 10880.6 11878.5 17058.7 22400.1 14217.7 12260.7 13356.4 11761.6 10957.9 12003.9 9931.04 10022.7 9523.34 11331.1 8657.63 8138.24
threshold=5.2793585606935451 3.5000000000000004 1.7530424445867541 0.50161290168762218 4.9130122661590585 0.39244885742664343 7.5000000000000009 0.60936591029167186 0.51759431045145332 0.17572042346000674 0.43463602779718896 5.1180555555555562 4.9000000953674325 0 5.5000000000000009 0.35115987062454229 0.71310847997665416 53.500000000000007 0.75231344016182222 0.76899999380111705 0.50298927324624432 1.5000000000000002 36.148351648351657 257.30000000000001 -0.22996913580246911 29.583333333333339 0.2842815518379212 7.2666666507720956 7.6794869899749765 0.77622917952620107
decision_type=8 10 10 10 10 10 10 10 10 8 10 10 10 1 8 10 10 2 10 10 10 10 8 10 8 8 10 10 10 10
left_child=1 2 -1 4 5 7 -6 12 -9 -10 11 -11 -4 14 -2 16 24 18 -18 21 -21 -17 23 -22 -16 -26 -24 -28 -15 -27
right_child=13 -3 3 -5 6 -7 -8 8 9 10 -12 -13 -14 28 15 19 17 -19 -20 20 22 -23 26 -25 25 29 27 -29 -30 -31
leaf_value=-0.0099711571756151071 0.0069369891666223992 0.37304057192396034 -0.1141864520669464 0.40210057754342149 -0.48495925323250372 0.47209365273630893 0.019056498967111112 -0.20747208787920726 -0.04268772646614899 0.79805091682908147 -0.048557867464029562 0.15594744412600994 -0.34196899426359406 -0.0038928539619194165 -0.12017667989060284 0.61457187376239075 0.53820630841109218 0.96102556318044663 -0.15056601839512584 -0.47002418235316867 0.0036317070631776004 -0.011367160320281981 -0.28817461774326286 0.59902337300777442 0.55160741570591931 0.08217298721774749 0.29731771183123634 -0.22601967617869376 -0.31829974214487433 -0.19129578571508427
leaf_weight=13728 22074 44 465 41 97 43 48 181 307 43 53 40 162 35337 240 44 49 44 60 80 128 70 195 40 40 3232 73 76 79 101
leaf_count=13728 22074 44 465 41 97 43 48 181 307 43 53 40 162 35337 240 44 49 44 60 80 128 70 195 40 40 3232 73 76 79 101
internal_value=-7.01814e-07 -0.0164558 -0.0175827 -0.0881844 -0.102154 -0.0779542 -0.318113 -0.0968607 -0.0203158 0.0561521 0.279269 0.488603 -0.173039 0.00404972 0.015576 0.0582534 0.0794231 0.389695 0.159066 -0.0546714 -0.109533 0.230223 -0.0532062 0.145392 0.066284 0.0795513 -0.150196 0.0303805 -0.00459288 0.0738861
internal_weight=77214 15252 15208 1480 1439 1294 145 1251 624 443 136 83 627 61962 26546 4472 3766 153 109 706 592 114 512 168 3613 3373 344 149 35416 3333
internal_count=77214 15252 15208 1480 1439 1294 145 1251 624 443 136 83 627 61962 26546 4472 3766 153 109 706 592 114 512 168 3613 3373 344 149 35416 3333
cat_boundaries=0 1
cat_threshold=8
is_linear=0
shrinkage=0.03


Tree=194
num_leaves=31
num_cat=0
split_feature=203 61 32 39 65 58 57 37 17 86 7 32 155 110 56 26 37 44 85 98 130 189 112 31 65 150 66 97 136 193
split_gain=5592.78 10622.1 12620.6 9578.76 8703.41 13381.9 7152.88 7074.28 6518.2 8783.98 18302.4 8778.43 9335.73 8276.53 11176.2 7204.58 11039.4 14368.9 10346.3 14287.4 13868 11178.5 18946.1 12739.1 11780 10352.2 9811.81 9046.08 11233 15086.9
threshold=14.500000000000002 0.26934798061847692 7.2311739921569833 125.50000000000001 0.38088902831077581 0.25289233028888708 0.31622806191444403 6.4083333015441903 5.5000000000000009 0.73024946451187145 0.67416666666666691 10.13188409805298 36.166666666666679 41.148351648351657 0.65789762139320385 50.500000000000007 7.4494950771331796 84.278209686279311 0.18669726699590686 0.66874590516090404 4.1380952380952394 5.9450828209519395 32.70000000000001 10.759615421295168 0.34495693445205694 63.226495726495735 0.30941452085971838 0.67500689625740062 0.44253527173487223 25.500000000000004
decision_type=10 10 10 10 8 8 10 10 2 10 10 10 10 10 10 2 10 10 10 10 8 10 10 10 10 10 10 10 8 10
left_child=8 3 -3 4 6 -6 -2 -4 -1 11 -11 15 -13 14 -12 16 17 18 27 21 25 23 26 -20 -24 -21 -23 -10 -29 -30
right_child=1 2 7 -5 5 -7 -8 -9 9 10 13 12 -14 -15 -16 -17 -18 -19 19 20 -22 22 24 -25 -26 -27 -28 28 29 -31
leaf_value=-0.011801595416455417 -0.033465122383061319 0.65979254275560373 -0.2261327432235703 -0.46606548980526302 0.64455908028885367 -0.0061825858695166444 -0.36281255614757535 0.24812031393465789 0.0032857476711050794 0.72384729547703519 -0.46213951992988583 -0.043136591505573453 -0.56534658266117377 0.35512725279578622 0.16329327907785773 -0.0084264741092503152 -0.2127793031883618 0.41872078158706427 0.062791457653634267 0.015445240425736936 -0.11635754847297217 0.53251847277988085 -0.11462759322550112 0.59966389712691304 -0.61687910852717676 0.59800910028544341 -0.057289437651634217 -0.075104807464998563 0.21275976618939133 -0.35215278396139976
leaf_weight=20842 5472 42 48 46 43 84 60 69 24435 47 45 83 49 53 60 16271 189 80 7158 73 759 44 103 40 71 44 60 231 567 46
leaf_count=20842 5472 42 48 46 43 84 60 69 24435 47 45 83 49 53 60 16271 189 80 7158 73 759 44 103 40 71 44 60 231 567 46
internal_value=-6.80613e-07 -0.0281642 0.213693 -0.0349049 -0.0314001 0.214147 -0.0370372 0.053555 0.00231398 0.00813874 0.204117 0.00734007 -0.236987 0.0495131 -0.104749 0.00798289 0.0158589 0.0171408 0.0161855 0.0451342 -0.0694926 0.0585656 -0.128099 0.0657749 -0.319569 0.234529 0.192245 0.00662106 0.103183 0.170368
internal_weight=77214 5864 159 5705 5659 127 5532 117 71350 50508 205 50303 132 158 105 50171 33900 33711 33631 8352 876 7476 278 7198 174 117 104 25279 844 613
internal_count=77214 5864 159 5705 5659 127 5532 117 71350 50508 205 50303 132 158 105 50171 33900 33711 33631 8352 876 7476 278 7198 174 117 104 25279 844 613
is_linear=0
shrinkage=0.03


Tree=195
num_leaves=31
num_cat=1
split_feature=168 189 158 46 44 179 184 92 162 17 172 186 186 32 195 209 197 154 68 199 37 91 79 176 74 171 87 26 215 47
split_gain=5556.83 7284.58 7592.03 8416.41 8987.74 15619.2 11345.1 9130.57 7613 7070.59 10332.8 9408.27 8337.26 6791.58 9489.6 9985.74 12520.3 7187.91 6665.07 11199.5 10005 10176.2 9094.06 8642.58 8850.95 9413.11 8223.48 10531.3 9593.19 12854.9
threshold=5.9000000000000012 1.7530424445867541 44.535714285714292 8.0005412101745623 62.618501663208015 4.91394239173193 0.65380952380952395 0.76809883117675792 291.83974358974365 16.500000000000004 -0.018262133209512903 0.65359177859177875 0.60274943310657603 10.13188409805298 191.50000000000003 601.85000000000014 18.500000000000004 37.118055555555564 0.013866262510418894 5.6312105462714994 8.5227274894714373 0.97348487377166759 0.42905844748020178 0.39921523424930278 1.445436477661133 0.044967429994008441 0.95499998331069957 101.50000000000001 0 10.635436534881594
decision_type=8 10 10 10 10 10 10 10 10 2 8 10 8 10 10 2 10 10 8 10 10 10 10 8 10 10 8 2 9 10
left_child=1 -1 3 8 7 -6 -7 9 -3 -5 12 -12 -11 18 15 16 17 -15 -2 20 21 22 23 -20 -25 -26 -21 28 29 -28
right_child=13 2 -4 4 5 6 -8 -9 -10 10 11 -13 -14 14 -16 -17 -18 -19 19 26 -22 -23 -24 24 25 -27 27 -29 -30 -31
leaf_value=-0.0080834403301244181 -0.0089195486953508527 -0.13135065132245377 -0.44388084724545479 -0.12131375694739036 0.74040351524949066 -0.32477714347284892 0.34617446230724452 -0.33326460945770725 0.21354896107658011 0.093079278436425605 -0.27056165440927576 0.27681817027655514 0.57262779729851221 0.17467309825122357 -0.56024626909300335 -0.43268363328308473 0.49012782188348991 -0.35804347933463332 -0.16205453679556883 -0.002840909995654276 -0.42623857524336839 0.46193025414760291 0.4188104747627911 0.03989637062689054 0.61995504083377972 0.011750800004012362 -0.13473828555776343 -0.20644072603768315 0.072620574390671877 0.32920179484351986
leaf_weight=17320 19690 1033 48 183 40 43 48 77 61 73 79 44 59 40 43 49 43 53 189 25133 41 52 57 8793 49 43 404 145 3220 62
leaf_count=17320 19690 1033 48 183 40 43 48 77 61 73 79 44 59 40 43 49 43 53 189 25133 41 52 57 8793 49 43 404 145 3220 62
internal_value=-6.60253e-07 -0.0140349 -0.0716858 -0.0614184 0.0244439 0.246314 0.0291314 -0.0319929 -0.11212 0.0209704 0.12308 -0.074751 0.307423 0.00461447 -0.158798 -0.0654886 0.0668097 -0.128918 0.00525821 0.0125684 0.0413574 0.0434451 0.0410619 0.038689 0.0429591 0.335686 0.00340008 0.0443437 0.054209 -0.0730124
internal_weight=77214 19108 1788 1740 646 131 91 515 1094 438 255 123 132 58106 228 185 136 93 57878 38188 9224 9183 9131 9074 8885 92 28964 3831 3686 466
internal_count=77214 19108 1788 1740 646 131 91 515 1094 438 255 123 132 58106 228 185 136 93 57878 38188 9224 9183 9131 9074 8885 92 28964 3831 3686 466
cat_boundaries=0 1
cat_threshold=4
is_linear=0
shrinkage=0.03


Tree=196
num_leaves=31
num_cat=1
split_feature=5 65 191 189 92 40 65 50 57 29 41 117 213 87 162 34 44 189 53 139 102 159 199 91 73 84 12 56 150 47
split_gain=5504.29 6734.84 17139.2 9921.35 12002.1 11856.5 7999.22 12451.5 7235.06 7079.35 9717.26 6973.77 6388.52 6615.34 8502.04 11677.1 8800.81 8418.23 8985.63 8317.22 7719.06 10221.6 8927.35 7027.99 6611.61 6743.35 9052.39 13768.2 15671.8 15024
threshold=1.0000000180025095e-35 0.35771499574184423 0.089709638216340218 5.7522927820682535 0.77201852202415477 81.833332061767592 0.38088902831077581 9.200141906738283 0.33045977354049688 8.9000000953674334 75.099998474121108 0.56473289793669823 0 0.58022010326385509 272.73214285714295 6.8333332538604745 71.43918609619142 1.0403954833745959 0.75337055325508129 6.8274677716950913 68.038461538461561 247.16666666666671 7.3942304216848713 0.88458040356636058 2.4365079402923588 0.25200593471527105 0.64038554550818361 0.65672981739044201 68.436507936507951 8.0802326202392596
decision_type=2 10 10 10 10 10 10 10 10 10 8 10 1 8 10 10 10 10 10 10 10 10 10 10 10 10 10 10 8 10
left_child=12 3 6 5 -5 8 -3 -8 9 10 -2 -7 24 -14 16 -16 17 19 -19 20 -15 22 -22 -20 25 -1 -27 -28 -29 -30
right_child=1 2 -4 4 -6 11 7 -9 -10 -11 -12 -13 13 14 15 -17 -18 18 23 -21 21 -23 -24 -25 -26 26 27 28 29 -31
leaf_value=0.0020056851190277487 -0.029403728619484256 -0.57025913409211426 0.34854964071015515 -0.06743002250790596 0.66298543383435504 -0.053985008060932156 0.010704720309637124 -0.57855947122928952 0.36768919257181032 -0.3460094982770181 0.39684427470577005 -0.56888655468050764 -0.025685299335177752 0.0043783625457098144 0.054673691007890331 0.53898158342941949 -0.42141053592219296 -0.037998043900458564 -0.171421902172222 -0.30893273750661127 0.11496495138038881 0.32385299326806533 -0.26952034955763299 -0.61055889600115576 -0.29296987955077464 0.046471447442073918 -0.056896478370817655 0.023859551033993159 0.67655868827584476 0.11404146604175153
leaf_weight=42402 2727 66 45 40 41 40 103 47 42 62 49 58 12840 3930 1726 46 46 851 164 71 256 164 69 41 66 7676 2230 1133 68 115
leaf_count=42402 2727 66 45 40 41 40 103 47 42 62 49 58 12840 3930 1726 46 46 851 164 71 256 164 69 41 66 7676 2230 1133 68 115
internal_value=-6.40387e-07 -0.0377891 -0.184069 -0.0253082 0.302286 -0.0342186 -0.295032 -0.173931 -0.0231765 -0.028961 -0.0218799 -0.358723 0.00169717 -0.0126787 0.00998253 0.067246 -0.00816319 -0.00473561 -0.0809493 0.013189 0.0183646 0.130769 0.0333358 -0.259249 0.00710798 0.00747864 0.028158 -0.0114849 0.0654663 0.323064
internal_weight=77214 3320 261 3059 81 2978 216 150 2880 2838 2776 98 73894 20204 7364 1772 5592 5546 1056 4490 4419 489 325 205 53690 53624 11222 3546 1316 183
internal_count=77214 3320 261 3059 81 2978 216 150 2880 2838 2776 98 73894 20204 7364 1772 5592 5546 1056 4490 4419 489 325 205 53690 53624 11222 3546 1316 183
cat_boundaries=0 1
cat_threshold=10
is_linear=0
shrinkage=0.03


Tree=197
num_leaves=31
num_cat=0
split_feature=21 207 26 32 41 41 195 34 92 31 11 10 11 109 189 63 59 118 106 202 39 195 194 29 203 169 161 118 27 26
split_gain=5447.08 6061.17 7764.97 10895.5 10184.8 11748 13410 8366.21 8705.94 8242.35 8053.95 6063.65 10746.1 13011.2 14204.2 10398.5 14995.4 8137.02 10190.5 7945.28 9693.94 11484.3 12297.3 13463.3 12541.8 9283.42 10934.1 13230.9 9202.04 12383.1
threshold=0.17500000000000002 10.500000000000002 108.50000000000001 9.1510586738586444 81.299999237060561 70.90000152587892 193.50000000000003 5.4166667461395273 0.87746620178222667 4.5555803775787362 0.77075848788546064 0.54437412095639959 0.52182269359803035 31.627470785322636 3.129669383168221 0.18757423013448718 0.22394428402185443 0.63870159956397599 11.095454545454547 53.500000000000007 125.50000000000001 93.500000000000014 10.500000000000002 9.0999999046325701 6.5000000000000009 4.8451958704074229 271.12809025335042 0.54222795938527246 9.5000000000000018 26.500000000000004
decision_type=2 2 2 10 10 10 8 10 10 10 8 8 8 10 10 10 10 10 10 8 10 8 8 10 10 10 10 8 10 2
left_child=1 11 3 4 5 7 -7 8 -3 -4 -6 12 -1 14 -14 16 -15 18 -17 28 -21 -22 23 -23 25 26 27 -24 -13 -30
right_child=-2 2 9 -5 10 6 -8 -9 -10 -11 -12 19 13 15 -16 17 -18 -19 -20 20 21 22 24 -25 -26 -27 -28 -29 29 -31
leaf_value=-0.0032381673417986455 0.024464540460703493 -0.031644879544511957 -0.03134986920316557 0.3815772691908581 -0.62392627653868304 -0.066333512938939604 0.59987565668005682 -0.27514508128881454 0.30325361507459425 -0.43313976397340215 -0.078974242766316122 -0.02808755675161858 0.02935832946147968 -0.063251622898935336 0.5338334910344269 -0.22265682016010885 0.42034514679241985 -0.55832792104482643 0.10834971662610769 0.019605344256312482 -0.39802425922769491 -0.097648605173680847 0.38220626798660856 0.66657460725733209 -0.36934271759539844 -0.35196518214685574 0.40190007508245862 -0.21484602861472815 0.32983668729867016 0.02278518775774949
leaf_weight=27454 7405 4353 95 58 46 52 57 125 71 89 52 7181 338 2635 59 429 59 50 104 25142 99 41 46 42 120 56 67 122 146 621
leaf_count=27454 7405 4353 95 58 46 52 57 125 71 89 52 7181 338 2635 59 429 59 50 104 25142 99 41 46 42 120 56 67 122 146 621
internal_value=-6.21153e-07 -0.00259577 -0.0344282 -0.0271177 -0.0321018 -0.0257339 0.282051 -0.0331089 -0.0262702 -0.225694 -0.334768 -0.000140959 -0.00968635 -0.0578705 0.104331 -0.0775207 -0.0526606 -0.192398 -0.15807 0.00868038 0.0167776 -0.103112 -0.0440102 0.289067 -0.111274 -0.00485386 0.077862 -0.0513674 -0.0175379 0.0812331
internal_weight=77214 69809 4998 4814 4756 4658 109 4549 4424 184 98 64811 31128 3674 397 3277 2694 583 533 33683 25735 593 494 83 411 291 235 168 7948 767
internal_count=77214 69809 4998 4814 4756 4658 109 4549 4424 184 98 64811 31128 3674 397 3277 2694 583 533 33683 25735 593 494 83 411 291 235 168 7948 767
is_linear=0
shrinkage=0.03


end of trees

feature_importances:
role_prior_offense_snap_pct=312
player_receiving_yards_career_prior=212
role_depth_rank_pregame=123
player_receiving_yards_season_to_date=119
player_air_yards_share_season_to_date=109
player_yards_per_target_career_prior=105
role_games_with_current_team_before_game=99
player_receiving_yards_ewm5=99
role_teammate_unavailable_snap_share_position=96
player_air_yards_share_career_prior=91
player_offense_snap_pct_season_to_date=86
matchup_player_target_share_x_opp_targets=82
player_targets_season_to_date=81
player_receiving_tds_ewm5=81
environment_wind=81
history_history_games=80
environment_temperature=80
player_targets_ewm5=76
opponent_passing_yards_allowed_season_to_date=73
position=73
player_receiving_yards_roll5_mean=72
player_offense_snap_pct_lag1=71
player_receiving_tds_career_prior=68
player_receiving_yards_lag1=65
player_receiving_tds_season_to_date=65
player_receptions_career_prior=64
player_target_share_season_to_date=64
opponent_defensive_plays_season_to_date=63
player_target_share_ewm5=57
player_receptions_season_to_date=56
player_catch_rate_career_prior=56
player_air_yards_share_roll5_mean=56
opponent_passing_yards_allowed_roll3_mean=56
role_injury_questionable_flag=54
role_snap_share_change=54
player_yards_per_target_season_to_date=53
matchup_position_allowed_league_rate_lag1=53
player_receiving_yards_roll3_mean=52
matchup_position_allowed_shrunk_rate_lag1=52
player_targets_career_prior=51
player_target_share_lag1=49
matchup_position_allowed_receiving_yards_allowed_lag1=49
player_target_share_career_prior=48
player_air_yards_share_ewm5=47
role_snap_pct_roll3=46
player_offense_snap_pct_career_prior=45
opponent_passing_yards_allowed_roll5_mean=43
opponent_opponent_dropbacks_season_to_date=40
player_yards_per_target_roll5_mean=39
player_targets_roll5_mean=38
team_offensive_plays_ewm5=37
matchup_expected_team_plays=36
matchup_pass_rate_vs_opponent=36
matchup_position_allowed_targets_allowed_lag1=35
player_yards_per_target_lag1=33
player_catch_rate_season_to_date=33
player_air_yards_share_lag1=33
opponent_passing_tds_allowed_ewm5=33
opponent_opponent_pass_attempts_season_to_date=32
role_snap_pct_roll5=31
player_air_yards_share_roll3_mean=31
team_offensive_plays_season_to_date=30
opponent_passing_tds_allowed_season_to_date=30
player_target_share_roll5_mean=29
player_offense_snap_pct_ewm5=29
player_catch_rate_roll3_mean=28
player_offense_participation_season_to_date=28
opponent_defensive_plays_roll5_mean=28
matchup_position_allowed_receptions_allowed_lag1=28
player_offense_participation_career_prior=27
role_participation_change=26
team_pass_rate_season_to_date=26
opponent_opponent_pass_attempts_ewm5=26
player_receptions_ewm5=25
team_pass_rate_roll3_mean=25
player_catch_rate_roll5_mean=24
team_offensive_plays_roll5_mean=24
team_pass_rate_roll5_mean=24
opponent_passing_yards_allowed_ewm5=24
matchup_expected_team_dropbacks=24
matchup_position_allowed_raw_rate_sample_size_lag1=24
player_target_share_roll3_mean=22
opponent_opponent_dropbacks_roll3_mean=22
player_targets_roll3_mean=21
player_catch_rate_lag1=21
role_role_history_games=20
player_receptions_roll5_mean=20
player_catch_rate_ewm5=20
environment_opponent_miles_traveled=20
position_group=20
player_red_zone_targets_career_prior=19
team_points_per_drive_ewm5=19
environment_team_miles_traveled=19
role_participation_roll5=18
player_yards_per_target_roll3_mean=18
opponent_defensive_plays_ewm5=18
team_dropbacks_season_to_date=17
team_red_zone_pass_attempts_ewm5=17
opponent_opponent_dropbacks_ewm5=17
opponent_opponent_pass_attempts_roll3_mean=17
role_prior_offense_participation=16
player_receptions_roll3_mean=16
player_red_zone_target_share_roll3_mean=16
player_receiving_tds_roll5_mean=16
opponent_opponent_pass_attempts_roll5_mean=15
opponent_red_zone_pass_attempts_allowed_ewm5=15
environment_team_rest_days=15
environment_roof=15
player_yards_per_target_ewm5=14
player_offense_participation_ewm5=14
team_dropbacks_ewm5=14
team_pass_rate_ewm5=14
team_yards_per_play_roll3_mean=14
opponent_opponent_dropbacks_roll5_mean=14
opponent_def_success_rate_season_to_date=14
role_participation_roll3=13
player_offense_snap_pct_roll5_mean=13
team_dropbacks_roll3_mean=13
team_dropbacks_roll5_mean=13
team_pass_attempts_ewm5=13
team_pass_attempts_season_to_date=13
team_off_success_rate_ewm5=13
opponent_defensive_plays_roll3_mean=13
opponent_red_zone_td_rate_allowed_season_to_date=13
team_offensive_plays_roll3_mean=12
team_drives_ewm5=12
team_yards_per_play_roll5_mean=12
environment_surface=12
player_offense_participation_roll5_mean=11
team_drives_season_to_date=11
team_pass_attempts_roll3_mean=11
team_off_epa_per_play_roll3_mean=11
team_off_success_rate_roll3_mean=11
team_red_zone_td_rate_season_to_date=11
opponent_passing_tds_allowed_roll5_mean=11
opponent_red_zone_pass_attempts_allowed_season_to_date=11
matchup_position_allowed_players_faced_lag1=11
role_snap_pct_ewm5=10
role_teammate_out_count_position=10
player_receptions_lag1=10
player_offense_participation_lag1=10
team_yards_per_play_ewm5=10
opponent_def_epa_per_play_roll5_mean=10
opponent_def_success_rate_ewm5=10
opponent_yards_per_play_allowed_roll3_mean=10
opponent_yards_per_play_allowed_season_to_date=10
matchup_position_allowed_receiving_tds_allowed_lag1=10
environment_opponent_rest_days=10
player_targets_lag1=9
player_red_zone_target_share_roll5_mean=9
team_points_per_drive_roll5_mean=9
team_points_per_drive_season_to_date=9
team_off_epa_per_play_season_to_date=9
opponent_red_zone_pass_attempts_allowed_roll3_mean=9
opponent_red_zone_pass_attempts_allowed_roll5_mean=9
player_red_zone_targets_ewm5=8
team_off_epa_per_play_roll5_mean=8
team_off_success_rate_roll5_mean=8
team_red_zone_td_rate_roll5_mean=8
opponent_def_epa_per_play_roll3_mean=8
opponent_def_epa_per_play_ewm5=8
history_no_nfl_history_flag=7
player_red_zone_target_share_season_to_date=7
player_offense_participation_roll3_mean=7
team_yards_per_play_season_to_date=7
opponent_def_success_rate_roll5_mean=7
opponent_yards_per_play_allowed_roll5_mean=7
opponent_yards_per_play_allowed_ewm5=7
team_pass_attempts_roll5_mean=6
team_points_per_drive_roll3_mean=6
team_red_zone_pass_attempts_season_to_date=6
team_off_epa_per_play_ewm5=6
opponent_def_epa_per_play_season_to_date=6
opponent_red_zone_td_rate_allowed_roll5_mean=6
opponent_red_zone_td_rate_allowed_ewm5=6
role_depth_rank_change=5
player_receiving_tds_roll3_mean=5
player_offense_snap_pct_roll3_mean=5
team_red_zone_drives_ewm5=5
team_off_success_rate_season_to_date=5
team_red_zone_td_rate_roll3_mean=5
opponent_red_zone_td_rate_allowed_roll3_mean=5
player_red_zone_targets_season_to_date=4
player_red_zone_target_share_career_prior=4
team_drives_roll3_mean=4
team_drives_roll5_mean=4
team_red_zone_pass_attempts_roll3_mean=4
team_red_zone_td_rate_ewm5=4
opponent_passing_tds_allowed_roll3_mean=4
opponent_def_success_rate_roll3_mean=4
matchup_off_epa_vs_def_epa=4
environment_divisional_game_flag=4
player_red_zone_targets_roll5_mean=3
team_red_zone_drives_season_to_date=3
player_red_zone_target_share_ewm5=2
player_receiving_tds_lag1=2
team_red_zone_pass_attempts_roll5_mean=2
environment_team_time_zones_crossed=2
role_injury_status_pregame=2
player_red_zone_targets_roll3_mean=1
team_red_zone_drives_roll3_mean=1
team_red_zone_drives_roll5_mean=1

parameters:
[boosting: gbdt]
[objective: regression]
[metric: rmse]
[tree_learner: serial]
[device_type: cpu]
[data_sample_strategy: bagging]
[data: ]
[valid: ]
[num_iterations: 198]
[learning_rate: 0.03]
[num_leaves: 31]
[num_threads: 1]
[seed: 24024]
[deterministic: 1]
[force_col_wise: 1]
[force_row_wise: 0]
[histogram_pool_size: -1]
[max_depth: -1]
[min_data_in_leaf: 40]
[min_sum_hessian_in_leaf: 0.001]
[bagging_fraction: 1]
[pos_bagging_fraction: 1]
[neg_bagging_fraction: 1]
[bagging_freq: 0]
[bagging_seed: 24024]
[bagging_by_query: 0]
[feature_fraction: 1]
[feature_fraction_bynode: 1]
[feature_fraction_seed: 24024]
[extra_trees: 0]
[extra_seed: 8483]
[early_stopping_round: 0]
[early_stopping_min_delta: 0]
[first_metric_only: 0]
[max_delta_step: 0]
[lambda_l1: 0]
[lambda_l2: 0]
[linear_lambda: 0]
[min_gain_to_split: 0]
[drop_rate: 0.1]
[max_drop: 50]
[skip_drop: 0.5]
[xgboost_dart_mode: 0]
[uniform_drop: 0]
[drop_seed: 27597]
[top_rate: 0.2]
[other_rate: 0.1]
[min_data_per_group: 100]
[max_cat_threshold: 32]
[cat_l2: 10]
[cat_smooth: 10]
[max_cat_to_onehot: 4]
[top_k: 20]
[monotone_constraints: ]
[monotone_constraints_method: basic]
[monotone_penalty: 0]
[feature_contri: ]
[forcedsplits_filename: ]
[refit_decay_rate: 0.9]
[cegb_tradeoff: 1]
[cegb_penalty_split: 0]
[cegb_penalty_feature_lazy: ]
[cegb_penalty_feature_coupled: ]
[path_smooth: 0]
[interaction_constraints: ]
[verbosity: -1]
[saved_feature_importance_type: 0]
[use_quantized_grad: 0]
[num_grad_quant_bins: 4]
[quant_train_renew_leaf: 0]
[stochastic_rounding: 1]
[linear_tree: 0]
[max_bin: 255]
[max_bin_by_feature: ]
[min_data_in_bin: 3]
[bin_construct_sample_cnt: 200000]
[data_random_seed: 24024]
[is_enable_sparse: 1]
[enable_bundle: 1]
[use_missing: 1]
[zero_as_missing: 0]
[feature_pre_filter: 1]
[pre_partition: 0]
[two_round: 0]
[header: 0]
[label_column: ]
[weight_column: ]
[group_column: ]
[ignore_column: ]
[categorical_feature: 213,214,215,216,217]
[forcedbins_filename: ]
[precise_float_parser: 0]
[parser_config_file: ]
[objective_seed: 14575]
[num_class: 1]
[is_unbalance: 0]
[scale_pos_weight: 1]
[sigmoid: 1]
[boost_from_average: 1]
[reg_sqrt: 0]
[alpha: 0.9]
[fair_c: 1]
[poisson_max_delta_step: 0.7]
[tweedie_variance_power: 1.5]
[lambdarank_truncation_level: 30]
[lambdarank_norm: 1]
[label_gain: ]
[lambdarank_position_bias_regularization: 0]
[eval_at: ]
[multi_error_top_k: 1]
[auc_mu_weights: ]
[num_machines: 1]
[local_listen_port: 12400]
[time_out: 120]
[machine_list_filename: ]
[machines: ]
[gpu_platform_id: -1]
[gpu_device_id: -1]
[gpu_use_dp: 0]
[num_gpu: 1]

end of parameters

pandas_categorical:[]
