league,market_type,bucket_dimension,bucket,bets,wins,losses,pushes,total,win_pct,units_flat,roi_flat,units_kelly,roi_kelly,avg_ev,avg_edge_vs_market_pp,avg_kelly_pct,avg_model_prob,avg_odds_american
wnba,spread,dow,FRI,15,11,4,0,15,0.7333,6.0,0.4,0.128736,0.3638,0.0911,7.1386,0.0998,0.5707,-109.7
wnba,spread,dow,MON,4,3,1,0,4,0.75,1.7706,0.4426,0.028887,0.3172,0.0842,6.736,0.0911,0.5647,-108.8
wnba,spread,dow,SAT,11,4,7,0,11,0.3636,-3.3636,-0.3058,-0.0933,-0.6311,0.0491,4.927,0.0538,0.5473,-90.9
wnba,spread,dow,SUN,14,6,8,0,14,0.4286,-2.5455,-0.1818,0.056318,0.2122,0.0689,5.9921,0.0758,0.5599,-110.0
wnba,spread,dow,THU,9,6,3,0,9,0.6667,2.4545,0.2727,-0.034172,-0.1414,0.1106,8.1725,0.1216,0.5817,-110.0
wnba,spread,dow,TUE,10,5,5,0,10,0.5,-0.4941,-0.0494,0.063607,0.3184,0.0806,6.6318,0.0899,0.5674,-110.5
wnba,spread,dow,WED,6,3,3,0,6,0.5,-0.1861,-0.031,-0.032559,-0.2489,0.0794,6.513,0.0872,0.5633,-109.2
