league,market_type,bucket_dimension,bucket,bets,wins,losses,pushes,total,win_pct,units_flat,roi_flat,units_kelly,roi_kelly,avg_ev,avg_edge_vs_market_pp,avg_kelly_pct,avg_model_prob,avg_odds_american
wnba,spread,dow,FRI,13,9,4,0,13,0.6923,4.1818,0.3217,0.150053,0.4123,0.1218,8.7432,0.1335,0.5866,-109.6
wnba,spread,dow,MON,4,1,3,0,4,0.25,-2.0476,-0.5119,-0.025668,-0.2867,0.0828,6.662,0.0895,0.5639,-108.8
wnba,spread,dow,SAT,11,4,7,0,11,0.3636,-3.3636,-0.3058,-0.157747,-0.6932,0.0802,6.5565,0.088,0.5636,-90.9
wnba,spread,dow,SUN,20,9,11,0,20,0.45,-2.8182,-0.1409,0.010079,0.0189,0.1104,8.1551,0.1212,0.581,-109.8
wnba,spread,dow,THU,16,9,7,0,16,0.5625,1.1818,0.0739,-0.05839,-0.112,0.1292,9.1357,0.1418,0.5907,-109.7
wnba,spread,dow,TUE,13,8,5,0,13,0.6154,2.2332,0.1718,0.085089,0.2256,0.1148,8.418,0.1273,0.585,-110.4
wnba,spread,dow,WED,12,7,5,0,12,0.5833,1.3411,0.1118,-0.063803,-0.2289,0.0884,6.9915,0.0972,0.5717,-110.8
