league,market_type,bucket_dimension,bucket,bets,wins,losses,pushes,total,win_pct,units_flat,roi_flat,units_kelly,roi_kelly,avg_ev,avg_edge_vs_market_pp,avg_kelly_pct,avg_model_prob,avg_odds_american
wnba,spread,month,AUG,24,15,9,0,24,0.625,4.5968,0.1915,0.173597,0.2794,0.1088,8.0939,0.1202,0.5814,-110.2
wnba,spread,month,JUL,19,10,9,0,19,0.5263,0.1775,0.0093,-0.080283,-0.1519,0.1015,7.6854,0.1114,0.5763,-109.7
wnba,spread,month,JUN,18,12,6,0,18,0.6667,4.8,0.2667,0.1926,0.4161,0.0985,7.5218,0.1082,0.5758,-99.2
wnba,spread,month,MAY,10,4,6,0,10,0.4,-2.3636,-0.2364,-0.023214,-0.0738,0.1384,9.6098,0.1517,0.595,-109.5
wnba,spread,month,OCT,1,1,0,0,1,1.0,0.9524,0.9524,0.010453,0.9524,0.0418,4.4439,0.0439,0.5336,-105.0
wnba,spread,month,SEP,17,5,12,0,17,0.2941,-7.4545,-0.4385,-0.333539,-0.7368,0.1109,8.1662,0.1214,0.5804,-109.4
