league,market_type,bucket_dimension,bucket,bets,wins,losses,pushes,total,win_pct,units_flat,roi_flat,units_kelly,roi_kelly,avg_ev,avg_edge_vs_market_pp,avg_kelly_pct,avg_model_prob,avg_odds_american
wnba,spread,ev,0.00_to_0.0099,2,2,0,0,2,1.0,1.7091,0.8545,0.002827,0.8648,0.0057,2.6476,0.0065,0.5427,-117.5
wnba,spread,ev,0.01_to_0.0199,1,0,1,0,1,0.0,-1.0,-1.0,-0.003544,-1.0,0.0129,3.0558,0.0142,0.5306,-110.0
wnba,spread,ev,0.02_to_0.0299,6,2,4,0,6,0.3333,-2.1818,-0.3636,-0.014088,-0.3536,0.0245,3.6208,0.0266,0.5326,-75.0
wnba,spread,ev,0.03_to_0.0399,15,8,7,0,15,0.5333,0.2727,0.0182,0.00184,0.0137,0.0327,4.0916,0.0359,0.5409,-110.0
wnba,spread,ev,0.04_to_0.0499,8,6,2,0,8,0.75,3.4978,0.4372,0.039819,0.4341,0.0419,4.5613,0.0459,0.5443,-109.4
wnba,spread,ev,0.05_to_0.0749,2,0,2,0,2,0.0,-2.0,-1.0,-0.035809,-1.0,0.0651,5.7911,0.0716,0.5579,-110.0
wnba,spread,ev,0.075_to_0.0999,7,4,3,0,7,0.5714,0.6364,0.0909,0.018013,0.1005,0.0931,7.2566,0.1024,0.5726,-110.0
wnba,spread,ev,0.10_plus,48,25,23,0,48,0.5208,-0.2257,-0.0047,-0.069444,-0.0365,0.1635,10.9316,0.1796,0.6086,-109.7
