league,market_type,side_group,bucket_dimension,bucket,bets,wins,losses,pushes,total,win_pct,units_flat,roi_flat,units_kelly,roi_kelly,avg_ev,avg_edge_vs_market_pp,avg_kelly_pct,avg_model_prob,avg_odds_american
wnba,spread,AWAY,kelly,10_to_20pct,33,17,16,0,33,0.5152,-0.5022,-0.0152,-0.025617,-0.0221,0.1281,9.0755,0.1406,0.5901,-109.7
wnba,spread,AWAY,kelly,2.5_to_5pct,22,13,9,0,22,0.5909,2.8615,0.1301,0.031463,0.1509,0.0346,4.1849,0.0379,0.5414,-109.8
wnba,spread,AWAY,kelly,20pct_plus,11,4,7,0,11,0.3636,-3.4032,-0.3094,-0.170158,-0.3094,0.2601,16.0338,0.2873,0.6613,-110.5
wnba,spread,HOME,kelly,0.0_to_2.5pct,4,2,2,0,4,0.5,-0.2909,-0.0727,-0.006834,-0.5286,0.0122,2.9372,0.0129,0.5321,-61.2
wnba,spread,HOME,kelly,10_to_20pct,8,7,1,0,8,0.875,5.4069,0.6759,0.196404,0.7094,0.1271,8.9869,0.1384,0.5872,-108.8
wnba,spread,HOME,kelly,2.5_to_5pct,6,3,3,0,6,0.5,-0.2727,-0.0455,0.002225,0.0431,0.0313,4.0205,0.0344,0.5402,-110.0
wnba,spread,HOME,kelly,20pct_plus,1,0,1,0,1,0.0,-1.0,-1.0,-0.05,-1.0,0.2286,14.3575,0.2515,0.6436,-110.0
wnba,spread,HOME,kelly,5_to_10pct,4,1,3,0,4,0.25,-2.0909,-0.5227,-0.037869,-0.4667,0.0738,6.2443,0.0811,0.5624,-110.0
