league,market_type,bucket_dimension,bucket,bets,wins,losses,pushes,total,win_pct,units_flat,roi_flat,units_kelly,roi_kelly,avg_ev,avg_edge_vs_market_pp,avg_kelly_pct,avg_model_prob,avg_odds_american
wnba,spread,month,AUG,17,11,6,0,17,0.6471,3.9605,0.233,0.153156,0.3871,0.0893,7.0762,0.099,0.5714,-110.3
wnba,spread,month,JUL,13,8,5,0,13,0.6154,2.3593,0.1815,-0.013657,-0.0536,0.0717,6.1152,0.0785,0.5603,-109.6
wnba,spread,month,JUN,14,8,6,0,14,0.5714,1.2727,0.0909,0.154436,0.5447,0.0773,6.4127,0.0849,0.5626,-95.0
wnba,spread,month,MAY,11,5,6,0,11,0.4545,-1.4545,-0.1322,-0.035888,-0.1667,0.0712,6.1087,0.0783,0.5611,-110.0
wnba,spread,month,OCT,2,1,1,0,2,0.5,-0.0476,-0.0238,0.010113,0.8937,0.0215,3.4447,0.0226,0.529,-107.5
wnba,spread,month,SEP,12,5,7,0,12,0.4167,-2.4545,-0.2045,-0.150643,-0.5585,0.0939,7.2836,0.1029,0.5719,-109.6
