league,market_type,bucket_dimension,bucket,bets,wins,losses,pushes,total,win_pct,units_flat,roi_flat,units_kelly,roi_kelly,avg_ev,avg_edge_vs_market_pp,avg_kelly_pct,avg_model_prob,avg_odds_american
wnba,spread,ev,0.00_to_0.0099,5,3,2,0,5,0.6,0.7273,0.1455,0.001704,0.5158,0.0024,2.5066,0.0026,0.5251,-110.0
wnba,spread,ev,0.01_to_0.0199,6,2,4,0,6,0.3333,-2.1818,-0.3636,-0.006423,-0.2464,0.0158,3.2083,0.0174,0.5321,-110.0
wnba,spread,ev,0.02_to_0.0299,3,1,2,0,3,0.3333,-1.0909,-0.3636,-0.00673,-0.3433,0.0245,3.5762,0.0261,0.5285,-40.0
wnba,spread,ev,0.03_to_0.0399,8,5,3,0,8,0.625,1.5455,0.1932,0.014201,0.1985,0.0325,4.084,0.0358,0.5408,-110.0
wnba,spread,ev,0.04_to_0.0499,8,6,2,0,8,0.75,3.4978,0.4372,0.039674,0.418,0.0434,4.6373,0.0475,0.545,-109.4
wnba,spread,ev,0.05_to_0.0749,9,3,6,0,9,0.3333,-3.2727,-0.3636,-0.053539,-0.3569,0.0606,5.5555,0.0667,0.5556,-110.0
wnba,spread,ev,0.075_to_0.0999,6,4,2,0,6,0.6667,1.6364,0.2727,0.038235,0.2657,0.0872,6.9487,0.0959,0.5695,-110.0
wnba,spread,ev,0.10_plus,25,15,10,0,25,0.6,3.6834,0.1473,0.13585,0.1399,0.1598,10.7425,0.1758,0.607,-109.8
