kelly_bucket,bets,wins,losses,pushes,units,avg_edge,median_edge,avg_odds,win_rate,roi
0.00_to_0.0099,15,10,5,0,3.4233609669004648,0.005382065686029187,0.0051814611707263,-118.33333333333333,0.6666666666666666,0.228224064460031
0.01_to_0.0199,11,8,3,0,3.8566349548989654,0.014318625041346773,0.0144723255442482,-117.45454545454545,0.7272727272727273,0.35060317771808774
0.02_to_0.0499,46,34,12,0,16.729596133451846,0.03055059830139601,0.03044781394641735,-120.3695652173913,0.7391304347826086,0.36368687246634446
0.05_to_0.0999,36,24,12,0,8.899302577395526,0.06045404408063548,0.0497040269374289,-117.58333333333333,0.6666666666666666,0.24720284937209794
0.10_to_0.1999,34,29,5,0,19.208202230493708,0.10504368007623291,0.10545384831395296,-120.3529411764706,0.8529411764705882,0.5649471244262855
0.20_to_0.4999,2,2,0,0,1.8894830659536541,0.20997374339986768,0.20997374339986768,-106.0,1.0,0.9447415329768271
