edge_bucket,bets,wins,losses,pushes,units,avg_edge,median_edge,avg_odds,win_rate,roi
0.01_to_0.0199,15,12,3,0,4.024248564403346,0.014644625690791033,0.0149859822680571,-176.13333333333333,0.8,0.26828323762688977
0.02_to_0.0299,15,11,4,0,1.260552009788639,0.024973455849921708,0.0240974864373695,-191.2,0.7333333333333333,0.08403680065257593
0.03_to_0.0399,15,11,4,0,1.194816254089286,0.03514495372310443,0.0343501205727736,-224.93333333333334,0.7333333333333333,0.07965441693928572
0.04_to_0.0499,8,7,1,0,2.700021217720048,0.04438726279604846,0.044424379908815745,-183.5,0.875,0.337502652215006
0.05_to_0.0749,21,19,2,0,7.208705697292236,0.06150269217201268,0.0601966123927648,-193.28571428571428,0.9047619047619048,0.3432716998710588
0.075_to_0.0999,7,5,2,0,0.1340869211855974,0.08916345831605066,0.0905446506611675,-240.71428571428572,0.7142857142857143,0.01915527445508534
