league,market_type,side_group,variable,Win,Loss,Push,Total,bets_excluding_pushes,bets_including_pushes,Win_Pct,units,roi,avg_odds,avg_ev,avg_kelly,avg_win_prob
nhl,total,OVER,0.45_to_0.5,1,1,0,2,2,2,0.5,0.1399999999999999,0.06999999999999995,114.0,0.01687776633438995,0.014805058188061349,0.47517652632448126
nhl,total,OVER,0.55_to_0.6,8,4,0,12,12,12,0.6666666666666666,2.3147168435741152,0.19289307029784294,-127.16666666666667,0.030963229552174593,0.038566092247203004,0.5764873911305597
nhl,total,OVER,0.5_to_0.55,2,1,0,3,3,3,0.6666666666666666,0.8219461697722567,0.2739820565907522,-108.33333333333333,0.0402015388784048,0.0423808271963625,0.5407640091108913
nhl,total,OVER,0.6_to_0.65,5,4,0,9,9,9,0.5555555555555556,-0.44412627454765186,-0.049347363838627985,-141.11111111111111,0.04808874721117551,0.06543389584920217,0.6122461619108444
nhl,total,UNDER,0.0_to_0.45,0,2,0,2,2,2,0.0,-2.0,-1.0,135.0,0.024748989501324953,0.01780986663947395,0.43608024398282025
nhl,total,UNDER,0.45_to_0.5,8,11,0,19,19,19,0.42105263157894735,-2.1799999999999997,-0.11473684210526314,111.84210526315789,0.034674655716619644,0.030322827830268784,0.48852523022534106
nhl,total,UNDER,0.55_to_0.6,22,22,0,44,44,44,0.5,-4.375713518148011,-0.09944803450336388,-124.22727272727273,0.040278188696263206,0.048914039672950695,0.5756883651240245
nhl,total,UNDER,0.5_to_0.55,11,13,0,24,24,24,0.4583333333333333,-2.7612629399585926,-0.11505262249827469,-30.291666666666668,0.03166557208916726,0.03244595226184128,0.528483270580849
nhl,total,UNDER,0.6_to_0.65,5,6,0,11,11,11,0.45454545454545453,-2.267806267806268,-0.2061642061642062,-132.72727272727272,0.0739518525131384,0.09791280448914783,0.6124379831840842
