league,market_type,side_group,variable,Win,Loss,Push,Total,bets_excluding_pushes,bets_including_pushes,Win_Pct,units,roi,avg_odds,avg_ev,avg_kelly,avg_win_prob
nhl,total,ALL,0.0_to_5.5,7,5,0,12,12,12,0.5833333333333334,1.1638739309471018,0.09698949424559182,-27.0,0.06769348861609714,0.07607155940581957,0.557841052032777
nhl,total,ALL,6.0_to_6.5,10,8,0,18,18,18,0.5555555555555556,0.33360782508323494,0.018533768060179718,-99.0,0.06230524719524566,0.07552351972029728,0.5805425026644397
