league,market_type,side_group,variable,Win,Loss,Push,Total,bets_excluding_pushes,bets_including_pushes,Win_Pct,units,roi,avg_odds,avg_ev,avg_kelly,avg_win_prob
nhl,total,ALL,-109_to_100,6,11,0,17,17,17,0.35294117647058826,-5.264550264550265,-0.3096794273264862,-20.941176470588236,0.07041020709431588,0.07208227934530795,0.5437773284043734
nhl,total,ALL,-124_to_-110,24,17,0,41,41,41,0.5853658536585366,3.399801379999573,0.08292198487803837,-117.1219512195122,0.05487508305929834,0.06386813363620386,0.5688941028309609
nhl,total,ALL,-149_to_-125,26,26,0,52,52,52,0.5,-6.502893992308175,-0.12505565369823415,-131.92307692307693,0.049227358147435354,0.06469227080682403,0.5965400655842665
nhl,total,ALL,-199_to_-150,1,1,0,2,2,2,0.5,-0.3589743589743589,-0.17948717948717946,-156.0,0.01400224752342075,0.021878511755345,0.6182940533679395
nhl,total,ALL,101_to_125,11,19,0,30,30,30,0.36666666666666664,-6.97,-0.23233333333333334,109.83333333333333,0.04614698876968198,0.04178140249313529,0.4987366440529363
nhl,total,ALL,126_to_150,1,3,0,4,4,4,0.25,-1.6,-0.4,135.0,0.06858935901781872,0.05040092617763633,0.4547679428733908
