league,market_type,side_group,variable,Win,Loss,Push,Total,bets_excluding_pushes,bets_including_pushes,Win_Pct,units,roi,avg_odds,avg_ev,avg_kelly,avg_win_prob
nhl,total,OVER,0.05_to_0.075,1,0,0,1,1,1,1.0,0.8130081300813008,0.8130081300813008,-123.0,0.0645066700003047,0.0796378641979071,0.5881252320443673
nhl,total,OVER,0.075_to_0.1,1,0,0,1,1,1,1.0,0.8333333333333334,0.8333333333333334,-120.0,0.0958529667474608,0.1154855021053743,0.5988267577854977
nhl,total,UNDER,0.05_to_0.075,12,8,0,20,20,20,0.6,2.383607825083235,0.11918039125416176,-68.1,0.06145779409179658,0.07276188981082743,0.5725874832538194
