league,market_type,side_group,variable,Win,Loss,Push,Total,bets_excluding_pushes,bets_including_pushes,Win_Pct,units,roi,avg_odds,avg_ev,avg_kelly,avg_win_prob
nhl,total,OVER,0.05_to_0.1,1,0,0,1,1,1,1.0,0.8130081300813008,0.8130081300813008,-123.0,0.0645066700003047,0.0796378641979071,0.5881252320443673
nhl,total,OVER,0.1_to_0.2,1,0,0,1,1,1,1.0,0.8333333333333334,0.8333333333333334,-120.0,0.0958529667474608,0.1154855021053743,0.5988267577854977
nhl,total,UNDER,0.05_to_0.1,10,5,0,15,15,15,0.6666666666666666,3.9021263436017537,0.26014175624011693,-46.13333333333333,0.05968617510430464,0.06719190293549114,0.5597837535194136
