league,market_type,side_group,variable,Win,Loss,Push,Total,bets_excluding_pushes,bets_including_pushes,Win_Pct,units,roi,avg_odds,avg_ev,avg_kelly,avg_win_prob
nhl,total,ALL,0.05_to_0.075,13,8,0,21,21,21,0.6190476190476191,3.196615955164536,0.15221980738878743,-70.71428571428571,0.061602978658868386,0.07308931716259312,0.5733273760533693
nhl,total,ALL,0.075_to_0.1,1,0,0,1,1,1,1.0,0.8333333333333334,0.8333333333333334,-120.0,0.0958529667474608,0.1154855021053743,0.5988267577854977
