league,market_type,side_group,variable,Win,Loss,Push,Total,bets_excluding_pushes,bets_including_pushes,Win_Pct,units,roi,avg_odds,avg_ev,avg_kelly,avg_win_prob
nhl,total,ALL,0.0_to_5.5,5,1,0,6,6,6,0.8333333333333334,3.6487224157955866,0.6081204026325978,-5.5,0.0644433547825312,0.06930350470222234,0.5459030293308779
nhl,total,ALL,6.0_to_6.5,9,7,0,16,16,16,0.5625,0.3812268727022826,0.023826679543892663,-98.25,0.06267846186803186,0.077158758394156,0.5852052174325615
