league,market_type,side_group,variable,Win,Loss,Push,Total,bets_excluding_pushes,bets_including_pushes,Win_Pct,units,roi,avg_odds,avg_ev,avg_kelly,avg_win_prob
nhl,total,ALL,OVER,2,0,0,2,2,2,1.0,1.6463414634146343,0.8231707317073171,-121.5,0.08017981837388274,0.0975616831516407,0.5934759949149324
nhl,total,ALL,UNDER,12,8,0,20,20,20,0.6,2.383607825083235,0.11918039125416176,-68.1,0.06145779409179658,0.07276188981082743,0.5725874832538194
