league,market_type,side_group,variable,Win,Loss,Push,Total,bets_excluding_pushes,bets_including_pushes,Win_Pct,units,roi,avg_odds,avg_ev,avg_kelly,avg_win_prob
nhl,total,ALL,0.0_to_5.5,24,27,0,51,51,51,0.47058823529411764,-5.097238268802375,-0.09994584840788971,3.1372549019607843,0.04895968878511879,0.0517952524843737,0.5383351648693461
nhl,total,ALL,6.0_to_6.5,45,50,0,95,95,95,0.47368421052631576,-12.199378967030851,-0.12841451544243002,-91.10526315789474,0.05470002121967113,0.0638445814339124,0.5700170736926999
