league,market_type,side_group,variable,Win,Loss,Push,Total,bets_excluding_pushes,bets_including_pushes,Win_Pct,units,roi,avg_odds,avg_ev,avg_kelly,avg_win_prob
nhl,total,ALL,-109_to_100,5,7,0,12,12,12,0.4166666666666667,-2.1904761904761907,-0.18253968253968256,-54.0,0.039999077369242055,0.04165804991850521,0.5304612845069887
nhl,total,ALL,-124_to_-110,21,14,0,35,35,35,0.6,3.7515800361260556,0.10718800103217302,-117.28571428571429,0.041065025145450684,0.047941328567483045,0.561859568333487
nhl,total,ALL,-149_to_-125,24,24,0,48,48,48,0.5,-5.984375473789656,-0.12467448903728451,-131.97916666666666,0.04306617420675046,0.05664249987518865,0.5931428762349963
nhl,total,ALL,-199_to_-150,1,1,0,2,2,2,0.5,-0.3589743589743589,-0.17948717948717946,-156.0,0.01400224752342075,0.021878511755345,0.6182940533679395
nhl,total,ALL,101_to_125,11,15,0,26,26,26,0.4230769230769231,-2.9699999999999998,-0.11423076923076922,109.57692307692308,0.03280921131581043,0.029881723071707427,0.4930019336036275
nhl,total,ALL,126_to_150,0,3,0,3,3,3,0.0,-3.0,-1.0,133.33333333333334,0.049077772388532094,0.036933587545020206,0.44981224064984343
