league,market_type,side_group,variable,Win,Loss,Push,Total,bets_excluding_pushes,bets_including_pushes,Win_Pct,units,roi,avg_odds,avg_ev,avg_kelly,avg_win_prob
nhl,total,OVER,OVER,18,15,0,33,33,33,0.5454545454545454,-0.38880713471906647,-0.011782034385426257,-85.24242424242425,0.06273344452597723,0.07123196315186305,0.5790954007996411
nhl,total,UNDER,UNDER,51,62,0,113,113,113,0.45132743362831856,-16.90781010111416,-0.14962663806295715,-50.283185840707965,0.04976320773940325,0.0562490117602943,0.5530669662190706
