league,market_type,side_group,variable,Win,Loss,Push,Total,bets_excluding_pushes,bets_including_pushes,Win_Pct,units,roi,avg_odds,avg_ev,avg_kelly,avg_win_prob
nhl,total,OVER,-109_to_100,1,1,0,2,2,2,0.5,-0.04761904761904767,-0.023809523809523836,-105.0,0.0593195298129561,0.06244161032942751,0.5432407845194647
nhl,total,OVER,-124_to_-110,2,0,0,2,2,2,1.0,1.6463414634146343,0.8231707317073171,-121.5,0.08017981837388274,0.0975616831516407,0.5934759949149324
nhl,total,OVER,-149_to_-125,2,2,0,4,4,4,0.5,-0.48484848484848486,-0.12121212121212122,-131.25,0.07335625357905307,0.0960081048694308,0.6089789390377442
nhl,total,UNDER,-109_to_100,3,1,0,4,4,4,0.75,1.9047619047619047,0.47619047619047616,-2.5,0.0582401386238981,0.05986663822802037,0.5359265243437225
nhl,total,UNDER,-124_to_-110,1,2,0,3,3,3,0.3333333333333333,-1.180327868852459,-0.39344262295081966,-119.66666666666667,0.060133379237755,0.0719902334260396,0.5773122598275915
nhl,total,UNDER,-149_to_-125,6,4,0,10,10,10,0.6,0.5891737891737893,0.05891737891737893,-131.0,0.06220945338794216,0.08158456111036783,0.6022733122392676
nhl,total,UNDER,101_to_125,2,3,0,5,5,5,0.4,-0.9299999999999999,-0.186,110.2,0.06518747522588374,0.05939203942028955,0.5072264716166253
