league,market_type,side_group,variable,Win,Loss,Push,Total,bets_excluding_pushes,bets_including_pushes,Win_Pct,units,roi,avg_odds,avg_ev,avg_kelly,avg_win_prob
nhl,total,OVER,-124_to_-110,2,0,0,2,2,2,1.0,1.6463414634146343,0.8231707317073171,-121.5,0.08017981837388274,0.0975616831516407,0.5934759949149324
nhl,total,UNDER,-109_to_100,3,1,0,4,4,4,0.75,1.9047619047619047,0.47619047619047616,-2.5,0.0582401386238981,0.05986663822802037,0.5359265243437225
nhl,total,UNDER,-124_to_-110,1,2,0,3,3,3,0.3333333333333333,-1.180327868852459,-0.39344262295081966,-119.66666666666667,0.060133379237755,0.0719902334260396,0.5773122598275915
nhl,total,UNDER,-149_to_-125,4,1,0,5,5,5,0.8,2.1076923076923078,0.42153846153846153,-128.0,0.05764625572161196,0.0736972717838994,0.5935479520214985
nhl,total,UNDER,101_to_125,2,1,0,3,3,3,0.6666666666666666,1.07,0.3566666666666667,105.66666666666667,0.0645668852492175,0.061318310640889995,0.5177912219420153
