league,market_type,side_group,variable,Win,Loss,Push,Total,bets_excluding_pushes,bets_including_pushes,Win_Pct,units,roi,avg_odds,avg_ev,avg_kelly,avg_win_prob
nhl,total,ALL,0.0_to_5.5,23,22,0,45,45,45,0.5111111111111111,-1.0063291778932837,-0.022362870619850747,-1.0888888888888888,0.03475801449899285,0.038007829869969235,0.533564199205989
nhl,total,ALL,6.0_to_6.5,39,42,0,81,81,81,0.48148148148148145,-9.745916809220867,-0.12031996060766503,-100.0246913580247,0.042575405239685574,0.05083720166363644,0.5666069691746414
