league,market_type,side_group,variable,Win,Loss,Push,Total,bets_excluding_pushes,bets_including_pushes,Win_Pct,units,roi,avg_odds,avg_ev,avg_kelly,avg_win_prob
nhl,total,ALL,0.01_to_0.02,7,6,0,13,13,13,0.5384615384615384,0.08400261547802523,0.006461739652155787,-34.07692307692308,0.014115772671901993,0.015161749907379823,0.5302858297797388
nhl,total,ALL,0.02_to_0.05,17,24,0,41,41,41,0.4146341463414634,-9.101513454545396,-0.22198813303769258,-49.75609756097561,0.03048715572097761,0.033758632654450005,0.5441969260998227
nhl,total,ALL,0.05_to_0.1,22,20,0,42,42,42,0.5238095238095238,-0.9728711786235855,-0.023163599491037752,-68.04761904761905,0.06087931724918779,0.06892317829145295,0.5661145725004372
nhl,total,ALL,0.0_to_0.01,11,8,0,19,19,19,0.5789473684210527,1.8202325851862557,0.09580171500980293,-49.89473684210526,0.0038859561967355843,0.004262342129314273,0.5304429719851878
nhl,total,ALL,0.1_to_0.2,12,17,0,29,29,29,0.41379310344827586,-7.126467803328525,-0.24574026908029398,-75.03448275862068,0.1119445129627779,0.128299521041035,0.5958359237761652
nhl,total,ALL,0.2_to_0.5,0,2,0,2,2,2,0.0,-2.0,-1.0,-15.0,0.19140617324529297,0.2145711632041697,0.6332276748340406
