league,market_type,side_group,variable,Win,Loss,Push,Total,bets_excluding_pushes,bets_including_pushes,Win_Pct,units,roi,avg_odds,avg_ev,avg_kelly,avg_win_prob
nhl,total,ALL,OVER,16,10,0,26,26,26,0.6153846153846154,2.83253673879872,0.1089437207230277,-111.26923076923077,0.036873754955025734,0.046478875675940994,0.5769503550286905
nhl,total,ALL,UNDER,46,54,0,100,100,100,0.46,-13.58478272591287,-0.1358478272591287,-52.58,0.04054000848038541,0.046197149113287025,0.549048442366695
