league,market_type,side_group,variable,Win,Loss,Push,Total,bets_excluding_pushes,bets_including_pushes,Win_Pct,units,roi,avg_odds,avg_ev,avg_kelly,avg_win_prob
nhl,total,ALL,0.01_to_0.02,7,6,0,13,13,13,0.5384615384615384,0.08400261547802523,0.006461739652155787,-34.07692307692308,0.014115772671901993,0.015161749907379823,0.5302858297797388
nhl,total,ALL,0.02_to_0.05,17,24,0,41,41,41,0.4146341463414634,-9.101513454545396,-0.22198813303769258,-49.75609756097561,0.03048715572097761,0.033758632654450005,0.5441969260998227
nhl,total,ALL,0.05_to_0.1,21,19,0,40,40,40,0.525,-1.3728711786235854,-0.03432177946558963,-77.8,0.05824502840451583,0.06790614809756886,0.5698288866931716
nhl,total,ALL,0.0_to_0.01,11,8,0,19,19,19,0.5789473684210527,1.8202325851862557,0.09580171500980293,-49.89473684210526,0.0038859561967355843,0.004262342129314273,0.5304429719851878
nhl,total,ALL,0.1_to_0.2,6,7,0,13,13,13,0.46153846153846156,-2.182096554609451,-0.1678535811238039,-123.6923076923077,0.09043121105044559,0.11151758207038885,0.602168598056976
