league,market_type,side_group,variable,Win,Loss,Push,Total,bets_excluding_pushes,bets_including_pushes,Win_Pct,units,roi,avg_odds,avg_ev,avg_kelly,avg_win_prob
nhl,total,ALL,OVER,5,3,0,8,8,8,0.625,1.1138739309471015,0.1392342413683877,-122.25,0.07155296383623624,0.08800487580498245,0.5886686643774715
nhl,total,ALL,UNDER,12,10,0,22,22,22,0.5454545454545454,0.383607825083235,0.017436719321965225,-51.27272727272727,0.06188148191898626,0.07128377551796937,0.5652049253333394
