league,market_type,side_group,variable,Win,Loss,Push,Total,bets_excluding_pushes,bets_including_pushes,Win_Pct,units,roi,avg_odds,avg_ev,avg_kelly,avg_win_prob
nhl,total,OVER,0.0_to_5.5,12,7,0,19,19,19,0.631578947368421,2.171289869725764,0.11427841419609285,-131.89473684210526,0.037687085322503054,0.04930075071891922,0.5892014890277523
nhl,total,OVER,6.0_to_6.5,4,3,0,7,7,7,0.5714285714285714,0.6612468690729557,0.09446383843899367,-55.285714285714285,0.034666143957587284,0.0388195005592858,0.543697277031237
nhl,total,UNDER,0.0_to_5.5,11,15,0,26,26,26,0.4230769230769231,-3.1776190476190473,-0.1222161172161172,94.5,0.0326175396664277,0.029755310788044255,0.4929061797208543
nhl,total,UNDER,6.0_to_6.5,35,39,0,74,74,74,0.47297297297297297,-10.407163678293823,-0.1406373470039706,-104.25675675675676,0.04332357860420839,0.05197401122756151,0.5687741022152336
