league,market_type,side_group,variable,Win,Loss,Push,Total,bets_excluding_pushes,bets_including_pushes,Win_Pct,units,roi,avg_odds,avg_ev,avg_kelly,avg_win_prob
nhl,total,ALL,-109_to_100,3,1,0,4,4,4,0.75,1.9047619047619047,0.47619047619047616,-2.5,0.0582401386238981,0.05986663822802037,0.5359265243437225
nhl,total,ALL,-124_to_-110,3,2,0,5,5,5,0.6,0.46601359456217517,0.09320271891243503,-120.4,0.0681519548922061,0.08221881331628003,0.5837777538625278
nhl,total,ALL,-149_to_-125,6,4,0,10,10,10,0.6,0.5891737891737893,0.05891737891737893,-131.0,0.06220945338794216,0.08158456111036783,0.6022733122392676
nhl,total,ALL,101_to_125,2,1,0,3,3,3,0.6666666666666666,1.07,0.3566666666666667,105.66666666666667,0.0645668852492175,0.061318310640889995,0.5177912219420153
