league,market_type,side_group,variable,Win,Loss,Push,Total,bets_excluding_pushes,bets_including_pushes,Win_Pct,units,roi,avg_odds,avg_ev,avg_kelly,avg_win_prob
nhl,total,OVER,0.0_to_5.5,4,2,0,6,6,6,0.6666666666666666,1.1614929785661494,0.19358216309435824,-128.0,0.07563077517732963,0.09652596429683409,0.603811290996807
nhl,total,OVER,6.0_to_6.5,1,1,0,2,2,2,0.5,-0.04761904761904767,-0.023809523809523836,-105.0,0.0593195298129561,0.06244161032942751,0.5432407845194647
nhl,total,UNDER,0.0_to_5.5,3,3,0,6,6,6,0.5,0.0023809523809523725,0.0003968253968253954,74.0,0.05975620205486465,0.055617154514805055,0.511870813068747
nhl,total,UNDER,6.0_to_6.5,9,7,0,16,16,16,0.5625,0.3812268727022826,0.023826679543892663,-98.25,0.06267846186803186,0.077158758394156,0.5852052174325615
