league,market_type,side_group,variable,Win,Loss,Push,Total,bets_excluding_pushes,bets_including_pushes,Win_Pct,units,roi,avg_odds,avg_ev,avg_kelly,avg_win_prob
nhl,total,OVER,0.0_to_5.5,13,11,0,24,24,24,0.5416666666666666,-0.9196192211833267,-0.03831746754930528,-100.45833333333333,0.0645367511389318,0.07417479891463012,0.5885629669936239
nhl,total,OVER,6.0_to_6.5,5,4,0,9,9,9,0.5555555555555556,0.5308120864642599,0.0589791207182511,-44.666666666666664,0.05792462689143171,0.06338440111781754,0.5538485576156869
nhl,total,UNDER,0.0_to_5.5,11,16,0,27,27,27,0.4074074074074074,-4.177619047619047,-0.15472663139329804,95.22222222222223,0.03511341113728501,0.03190232232414577,0.4936882296477658
nhl,total,UNDER,6.0_to_6.5,40,46,0,86,86,86,0.46511627906976744,-12.730191053495112,-0.14802547736622224,-95.96511627906976,0.054362562486579905,0.06389273983908512,0.5717091277007593
