league,market_type,side_group,variable,Win,Loss,Push,Total,bets_excluding_pushes,bets_including_pushes,Win_Pct,units,roi,avg_odds,avg_ev,avg_kelly,avg_win_prob
nhl,total,ALL,0.05_to_0.075,15,12,0,27,27,27,0.5555555555555556,0.9065726651212457,0.03357676537486095,-63.925925925925924,0.06156690769102823,0.07143686372061107,0.5672532543654881
nhl,total,ALL,0.075_to_0.1,2,1,0,3,3,3,0.6666666666666666,0.5909090909090909,0.196969696969697,-126.66666666666667,0.09050326841660845,0.1144955824595622,0.6093399348283528
