league,market_type,side_group,variable,Win,Loss,Push,Total,bets_excluding_pushes,bets_including_pushes,Win_Pct,units,roi,avg_odds,avg_ev,avg_kelly,avg_win_prob
nhl,total,OVER,0.55_to_0.6,2,0,0,2,2,2,1.0,1.6463414634146343,0.8231707317073171,-121.5,0.08017981837388274,0.0975616831516407,0.5934759949149324
nhl,total,UNDER,0.55_to_0.6,5,3,0,8,8,8,0.625,0.9273644388398489,0.11592055485498111,-124.875,0.0585789270401656,0.07305713239970198,0.5874595674487834
nhl,total,UNDER,0.5_to_0.55,5,2,0,7,7,7,0.7142857142857143,2.9747619047619045,0.4249659863945578,43.857142857142854,0.060951601463320695,0.060488783547821647,0.528154251885848
nhl,total,UNDER,0.6_to_0.65,2,3,0,5,5,5,0.4,-1.5185185185185186,-0.3037037037037037,-134.0,0.06677265105427235,0.08947185043683624,0.6109986724570368
