league,market_type,side_group,variable,Win,Loss,Push,Total,bets_excluding_pushes,bets_including_pushes,Win_Pct,units,roi,avg_odds,avg_ev,avg_kelly,avg_win_prob
nhl,total,OVER,0.05_to_0.075,3,2,0,5,5,5,0.6,0.5229648400380107,0.10459296800760214,-119.6,0.060182781088012914,0.0721104518122346,0.5762659021069426
nhl,total,OVER,0.075_to_0.1,2,1,0,3,3,3,0.6666666666666666,0.5909090909090909,0.196969696969697,-126.66666666666667,0.09050326841660845,0.1144955824595622,0.6093399348283528
nhl,total,UNDER,0.05_to_0.075,12,10,0,22,22,22,0.5454545454545454,0.383607825083235,0.017436719321965225,-51.27272727272727,0.06188148191898626,0.07128377551796937,0.5652049253333394
