league,market_type,side_group,variable,Win,Loss,Push,Total,bets_excluding_pushes,bets_including_pushes,Win_Pct,units,roi,avg_odds,avg_ev,avg_kelly,avg_win_prob
nhl,total,ALL,0.01_to_0.02,8,8,0,16,16,16,0.5,-1.3672926069839162,-0.08545578793649476,-68.8125,0.01613380106157895,0.019183472919737213,0.5487294940113867
nhl,total,ALL,0.02_to_0.03,6,7,0,13,13,13,0.46153846153846156,-1.6392811699796732,-0.12609855153689795,-17.846153846153847,0.023741650719701416,0.02627613740764747,0.5338648658517205
nhl,total,ALL,0.03_to_0.04,7,10,0,17,17,17,0.4117647058823529,-4.0450239276192175,-0.23794258397760104,-94.70588235294117,0.03530581604907156,0.041917841051012775,0.5589420281952389
nhl,total,ALL,0.04_to_0.05,6,10,0,16,16,16,0.375,-4.589281169979674,-0.2868300731237296,-35.0,0.0454701107704734,0.050252374111967604,0.5450871424324185
nhl,total,ALL,0.05_to_0.075,15,12,0,27,27,27,0.5555555555555556,0.9065726651212457,0.03357676537486095,-63.925925925925924,0.06156690769102823,0.07143686372061107,0.5672532543654881
nhl,total,ALL,0.075_to_0.1,7,8,0,15,15,15,0.4666666666666667,-2.3125313372181466,-0.15416875581454312,-106.2,0.09032734313068153,0.10791114282738697,0.5922564791963082
nhl,total,ALL,0.0_to_0.01,13,9,0,22,22,22,0.5909090909090909,2.29459155954523,0.10429961634296502,-60.40909090909091,0.0045908591249114545,0.0052516626982705905,0.5346611133231973
