league,market_type,side_group,variable,Win,Loss,Push,Total,bets_excluding_pushes,bets_including_pushes,Win_Pct,units,roi,avg_odds,avg_ev,avg_kelly,avg_win_prob
nhl,total,ALL,0.45_to_0.5,0,2,0,2,2,2,0.0,-2.0,-1.0,117.0,0.0661183601908831,0.05650263258938885,0.4913793461285402
nhl,total,ALL,0.55_to_0.6,7,3,0,10,10,10,0.7,2.573705902254483,0.2573705902254483,-124.2,0.06289910530690904,0.07795804255008973,0.5886628529420131
nhl,total,ALL,0.5_to_0.55,6,3,0,9,9,9,0.6666666666666666,2.927142857142857,0.3252380952380952,10.777777777777779,0.06058891887435079,0.06092274505484517,0.5315068146933184
nhl,total,ALL,0.6_to_0.65,4,5,0,9,9,9,0.4444444444444444,-2.0033670033670035,-0.22259633370744483,-132.77777777777777,0.06969869662084156,0.09237685240687826,0.6101010131595734
