league,market_type,side_group,variable,Win,Loss,Push,Total,bets_excluding_pushes,bets_including_pushes,Win_Pct,units,roi,avg_odds,avg_ev,avg_kelly,avg_win_prob
nhl,total,ALL,0.0_to_0.45,0,2,0,2,2,2,0.0,-2.0,-1.0,135.0,0.024748989501324953,0.01780986663947395,0.43608024398282025
nhl,total,ALL,0.45_to_0.5,10,12,0,22,22,22,0.45454545454545453,-0.6400000000000001,-0.029090909090909098,113.31818181818181,0.0372590050086469,0.031661217601214285,0.48645306711247616
nhl,total,ALL,0.55_to_0.6,32,30,0,62,62,62,0.5161290322580645,-4.265505531256665,-0.06879847631059138,-109.88709677419355,0.046465696409469695,0.05442131898774316,0.5753187139324778
nhl,total,ALL,0.5_to_0.55,13,17,0,30,30,30,0.43333333333333335,-4.939316770186336,-0.16464389233954452,-23.6,0.04242918971596985,0.0415338901582837,0.5295347377152057
nhl,total,ALL,0.65_to_0.7,0,1,0,1,1,1,0.0,-1.0,-1.0,-130.0,0.155104715376827,0.2014346952945805,0.6526015341112017
nhl,total,ALL,0.6_to_0.65,14,15,0,29,29,29,0.4827586206896552,-4.451794934390224,-0.15351017015138704,-124.37931034482759,0.08673780932668587,0.10872597983227268,0.6146270177697251
