league,market_type,side_group,variable,Win,Loss,Push,Total,bets_excluding_pushes,bets_including_pushes,Win_Pct,units,roi,avg_odds,avg_ev,avg_kelly,avg_win_prob
nhl,total,ALL,0.0_to_0.45,0,2,0,2,2,2,0.0,-2.0,-1.0,135.0,0.024748989501324953,0.01780986663947395,0.43608024398282025
nhl,total,ALL,0.45_to_0.5,9,12,0,21,21,21,0.42857142857142855,-2.04,-0.09714285714285714,112.04761904761905,0.03297971387069301,0.02884494500720141,0.48725392509192583
nhl,total,ALL,0.55_to_0.6,30,26,0,56,56,56,0.5357142857142857,-2.0609966745738952,-0.03680351204596242,-124.85714285714286,0.038282126022529936,0.046696622367433334,0.5758595849825677
nhl,total,ALL,0.5_to_0.55,13,14,0,27,27,27,0.48148148148148145,-1.9393167701863359,-0.07182654704393837,-38.96296296296296,0.03261401284352699,0.033549827254565866,0.529847797084187
nhl,total,ALL,0.6_to_0.65,10,10,0,20,20,20,0.5,-2.711932542353919,-0.13559662711769596,-136.5,0.0623134551272551,0.08329729560117227,0.6123516636111263
