league,market_type,side_group,variable,Win,Loss,Push,Total,bets_excluding_pushes,bets_including_pushes,Win_Pct,units,roi,avg_odds,avg_ev,avg_kelly,avg_win_prob
nhl,total,ALL,-109_to_100,4,2,0,6,6,6,0.6666666666666666,1.857142857142857,0.3095238095238095,-36.666666666666664,0.05859993568691743,0.06072496226182275,0.5383646110689698
nhl,total,ALL,-124_to_-110,3,2,0,5,5,5,0.6,0.46601359456217517,0.09320271891243503,-120.4,0.0681519548922061,0.08221881331628003,0.5837777538625278
nhl,total,ALL,-149_to_-125,8,6,0,14,14,14,0.5714285714285714,0.10432530432530451,0.007451807451807465,-131.07142857142858,0.06539425344254528,0.08570557361295725,0.6041892056102609
nhl,total,ALL,101_to_125,2,3,0,5,5,5,0.4,-0.9299999999999999,-0.186,110.2,0.06518747522588374,0.05939203942028955,0.5072264716166253
