league,market_type,side_group,variable,Win,Loss,Push,Total,bets_excluding_pushes,bets_including_pushes,Win_Pct,units,roi,avg_odds,avg_ev,avg_kelly,avg_win_prob
nhl,moneyline,ALL,ALL,11,4,0,15,15,15,0.7333333333333333,3.436529270271981,0.2291019513514654,-153.46666666666667,0.06730003004898627,0.09506990495789301,0.633762710270666
nhl,puck_line,ALL,ALL,0,0,0,0,0,0,,,,,,,
nhl,total,ALL,ALL,17,13,0,30,30,30,0.5666666666666667,1.4974817560303366,0.049916058534344554,-70.2,0.06446054376358626,0.0757427355945062,0.5714619224117746
