league,market_type,side_group,variable,Win,Loss,Push,Total,bets_excluding_pushes,bets_including_pushes,Win_Pct,units,roi,avg_odds,avg_ev,avg_kelly,avg_win_prob
nhl,moneyline,ALL,ALL,11,4,0,15,15,15,0.7333333333333333,3.436529270271981,0.2291019513514654,-153.46666666666667,0.06730003004898627,0.09506990495789301,0.633762710270666
nhl,puck_line,ALL,ALL,80,32,0,112,112,112,0.7142857142857143,1.8898572160569613,0.016873725143365725,-238.14285714285714,0.13794264180957772,0.32638853251904015,0.7997241064307328
nhl,total,ALL,ALL,14,8,0,22,22,22,0.6363636363636364,4.029949288497869,0.18317951311353953,-72.95454545454545,0.06315979629925896,0.07501641647817409,0.574486438859375
