league,market_type,side_group,variable,Win,Loss,Push,Total,bets_excluding_pushes,bets_including_pushes,Win_Pct,units,roi,avg_odds,avg_ev,avg_kelly,avg_win_prob
nhl,moneyline,ALL,ALL,62,66,0,128,128,128,0.484375,9.433464068527535,0.07369893803537136,80.828125,0.09048010267597151,0.064210876586191,0.48253658284755346
nhl,puck_line,ALL,ALL,139,79,0,218,218,218,0.6376146788990825,-7.0550433458700965,-0.03236258415536741,-193.61009174311926,0.1694192963390342,0.31329513130722164,0.7636127740409971
nhl,total,ALL,ALL,69,77,0,146,146,146,0.4726027397260274,-17.296617235833224,-0.11846998106735085,-58.18493150684932,0.05269483660212203,0.05963556926660779,0.5589501055420762
