league,market_type,side_group,variable,Win,Loss,Push,Total,bets_excluding_pushes,bets_including_pushes,Win_Pct,units,roi,avg_odds,avg_ev,avg_kelly,avg_win_prob
nhl,moneyline,ALL,ALL,63,66,0,129,129,129,0.4883720930232558,10.062394886137598,0.0780030611328496,78.96899224806202,0.08979040759918118,0.06373169097674986,0.4835589579259218
nhl,puck_line,ALL,ALL,139,80,0,219,219,219,0.634703196347032,-8.055043345870097,-0.036781019844155695,-193.63926940639269,0.16904156520438787,0.31265630584784165,0.7634340130571008
nhl,total,ALL,ALL,69,77,0,146,146,146,0.4726027397260274,-17.296617235833224,-0.11846998106735085,-58.18493150684932,0.05269483660212203,0.05963556926660779,0.5589501055420762
