league,market_type,side_group,variable,Win,Loss,Push,Total,bets_excluding_pushes,bets_including_pushes,Win_Pct,units,roi,avg_odds,avg_ev,avg_kelly,avg_win_prob
nhl,moneyline,ALL,ALL,16,9,0,25,25,25,0.64,2.628951662694373,0.10515806650777491,-123.2,0.06747620434178918,0.0857232205939042,0.6095269529939709
nhl,puck_line,ALL,ALL,130,69,0,199,199,199,0.6532663316582915,-5.1683995870524235,-0.025971857221368962,-207.7035175879397,0.1571460002193195,0.3135886817937696,0.7724531023420707
nhl,total,ALL,ALL,62,64,0,126,126,126,0.49206349206349204,-10.75224598711415,-0.08533528561201707,-64.69047619047619,0.039783479975152455,0.04625528316589816,0.5548059799001227
