band_min,band_max,side,extra_juice
0,205,over,0.0267726516052319
0,205,under,0.03370883868410629

205,215,over,0.03993904407200499
205,215,under,0.02224816883923031

215,225,over,0.0387279943800492
215,225,under,0.02608310502283112

225,235,over,0.025401537475976954
225,235,under,0.03244830237027552

235,245,over,0.029138078291814973
235,245,under,0.03981423487544489

245,1000,over,0
245,1000,under,0
