tree
version=v4
num_class=1
num_tree_per_iteration=1
label_index=0
max_feature_idx=197
objective=regression
feature_names=home_flag role_depth_rank_pregame role_depth_starter_flag_pregame role_injury_out_flag role_injury_doubtful_flag role_injury_questionable_flag role_prior_offense_snap_pct role_snap_pct_roll3 role_snap_pct_roll5 role_snap_pct_ewm5 role_prior_offense_participation role_participation_roll3 role_participation_roll5 role_depth_rank_change role_snap_share_change role_participation_change role_team_change_flag role_games_with_current_team_before_game role_starter_promotion_flag role_starter_demotion_flag role_teammate_out_count_position role_teammate_unavailable_snap_share_position role_role_history_games role_role_missing_flag history_no_nfl_history_flag history_new_team_flag history_history_games player_carries_lag1 player_carries_roll3_mean player_carries_roll5_mean player_carries_ewm5 player_carries_season_to_date player_carries_career_prior player_rushing_yards_lag1 player_rushing_yards_roll3_mean player_rushing_yards_roll5_mean player_rushing_yards_ewm5 player_rushing_yards_season_to_date player_rushing_yards_career_prior player_yards_per_carry_lag1 player_yards_per_carry_roll3_mean player_yards_per_carry_roll5_mean player_yards_per_carry_ewm5 player_yards_per_carry_season_to_date player_yards_per_carry_career_prior player_carry_share_lag1 player_carry_share_roll3_mean player_carry_share_roll5_mean player_carry_share_ewm5 player_carry_share_season_to_date player_carry_share_career_prior player_red_zone_carries_lag1 player_red_zone_carries_roll3_mean player_red_zone_carries_roll5_mean player_red_zone_carries_ewm5 player_red_zone_carries_season_to_date player_red_zone_carries_career_prior player_goal_line_carries_lag1 player_goal_line_carries_roll3_mean player_goal_line_carries_roll5_mean player_goal_line_carries_ewm5 player_goal_line_carries_season_to_date player_goal_line_carries_career_prior player_rushing_tds_lag1 player_rushing_tds_roll3_mean player_rushing_tds_roll5_mean player_rushing_tds_ewm5 player_rushing_tds_season_to_date player_rushing_tds_career_prior player_offense_snap_pct_lag1 player_offense_snap_pct_roll3_mean player_offense_snap_pct_roll5_mean player_offense_snap_pct_ewm5 player_offense_snap_pct_season_to_date player_offense_snap_pct_career_prior player_offense_participation_lag1 player_offense_participation_roll3_mean player_offense_participation_roll5_mean player_offense_participation_ewm5 player_offense_participation_season_to_date player_offense_participation_career_prior team_offensive_plays_roll3_mean team_offensive_plays_roll5_mean team_offensive_plays_ewm5 team_offensive_plays_season_to_date team_drives_roll3_mean team_drives_roll5_mean team_drives_ewm5 team_drives_season_to_date team_rush_attempts_roll3_mean team_rush_attempts_roll5_mean team_rush_attempts_ewm5 team_rush_attempts_season_to_date team_rush_rate_roll3_mean team_rush_rate_roll5_mean team_rush_rate_ewm5 team_rush_rate_season_to_date team_points_per_drive_roll3_mean team_points_per_drive_roll5_mean team_points_per_drive_ewm5 team_points_per_drive_season_to_date team_red_zone_drives_roll3_mean team_red_zone_drives_roll5_mean team_red_zone_drives_ewm5 team_red_zone_drives_season_to_date team_red_zone_rush_attempts_roll3_mean team_red_zone_rush_attempts_roll5_mean team_red_zone_rush_attempts_ewm5 team_red_zone_rush_attempts_season_to_date team_goal_line_rush_attempts_roll3_mean team_goal_line_rush_attempts_roll5_mean team_goal_line_rush_attempts_ewm5 team_goal_line_rush_attempts_season_to_date team_off_epa_per_play_roll3_mean team_off_epa_per_play_roll5_mean team_off_epa_per_play_ewm5 team_off_epa_per_play_season_to_date team_off_success_rate_roll3_mean team_off_success_rate_roll5_mean team_off_success_rate_ewm5 team_off_success_rate_season_to_date team_yards_per_play_roll3_mean team_yards_per_play_roll5_mean team_yards_per_play_ewm5 team_yards_per_play_season_to_date team_red_zone_td_rate_roll3_mean team_red_zone_td_rate_roll5_mean team_red_zone_td_rate_ewm5 team_red_zone_td_rate_season_to_date opponent_defensive_plays_roll3_mean opponent_defensive_plays_roll5_mean opponent_defensive_plays_ewm5 opponent_defensive_plays_season_to_date opponent_opponent_rush_attempts_roll3_mean opponent_opponent_rush_attempts_roll5_mean opponent_opponent_rush_attempts_ewm5 opponent_opponent_rush_attempts_season_to_date opponent_rushing_yards_allowed_roll3_mean opponent_rushing_yards_allowed_roll5_mean opponent_rushing_yards_allowed_ewm5 opponent_rushing_yards_allowed_season_to_date opponent_rushing_tds_allowed_roll3_mean opponent_rushing_tds_allowed_roll5_mean opponent_rushing_tds_allowed_ewm5 opponent_rushing_tds_allowed_season_to_date opponent_red_zone_rush_attempts_allowed_roll3_mean opponent_red_zone_rush_attempts_allowed_roll5_mean opponent_red_zone_rush_attempts_allowed_ewm5 opponent_red_zone_rush_attempts_allowed_season_to_date opponent_goal_line_rush_attempts_allowed_roll3_mean opponent_goal_line_rush_attempts_allowed_roll5_mean opponent_goal_line_rush_attempts_allowed_ewm5 opponent_goal_line_rush_attempts_allowed_season_to_date opponent_def_epa_per_play_roll3_mean opponent_def_epa_per_play_roll5_mean opponent_def_epa_per_play_ewm5 opponent_def_epa_per_play_season_to_date opponent_def_success_rate_roll3_mean opponent_def_success_rate_roll5_mean opponent_def_success_rate_ewm5 opponent_def_success_rate_season_to_date opponent_yards_per_play_allowed_roll3_mean opponent_yards_per_play_allowed_roll5_mean opponent_yards_per_play_allowed_ewm5 opponent_yards_per_play_allowed_season_to_date opponent_red_zone_td_rate_allowed_roll3_mean opponent_red_zone_td_rate_allowed_roll5_mean opponent_red_zone_td_rate_allowed_ewm5 opponent_red_zone_td_rate_allowed_season_to_date matchup_expected_team_plays matchup_expected_team_rush_attempts matchup_player_carry_share_x_opp_rushes matchup_off_epa_vs_def_epa matchup_rush_rate_vs_opponent matchup_position_allowed_carries_allowed_lag1 matchup_position_allowed_rushing_yards_allowed_lag1 matchup_position_allowed_rushing_tds_allowed_lag1 matchup_position_allowed_raw_rate_sample_size_lag1 matchup_position_allowed_league_rate_lag1 matchup_position_allowed_shrunk_rate_lag1 environment_divisional_game_flag environment_neutral_site_flag environment_temperature environment_wind environment_international_flag environment_weather_missing_flag environment_travel_missing_flag environment_team_rest_days environment_opponent_rest_days environment_team_miles_traveled environment_opponent_miles_traveled environment_team_time_zones_crossed environment_opponent_time_zones_crossed position position_group role_injury_status_pregame environment_roof environment_surface
feature_infos=[0:1] [1:3] [0:1] none none [0:1] [0:1] [0:1] [0:1] [0:1] [0:1] [0:0.97804706708816302] [0:0.96166777812196069] [-2:2] [-1:1] [-0.87654320987654311:0.87827932098765427] [0:1] [0:173] [0:1] [0:1] [0:3] [0:1.8900000000000001] [0:182] [0:1] [0:1] [0:1] [0:211] [0:38] [0:32] [0:29.399999618530273] [0:29.368961334228516] [0:31] [0:28] [-26:255] [-10:192] [-10:172.19999694824219] [-10:175.69671630859375] [-11.5:184] [-10:148] [-26:75] [-18:60] [-18:60] [-18:60] [-14:67] [-18:60] [0:1] [0:0.97530865669250488] [0:0.92414814233779907] [0:0.9144209623336792] [0:1] [0:0.8709334135055542] [0:14] [0:8.3333330154418945] [0:7.1999998092651367] [0:7.3570256233215332] [0:8.5] [0:7] [0:5] [0:3.6666667461395264] [0:3] [0:3] [0:4] [0:3] [0:6] [0:2.3333332538604736] [0:2] [0:2.3798213005065918] [0:3] [0:2] [0:1] [0:1] [0:1] [0:1] [0:1] [0:1] [0:1] [0:0.97804707288742065] [0:0.96166777610778809] [0:0.90917849540710449] [0:1] [0:0.90425533056259155] [43.666666666666664:88] [48.200000000000003:88] [47.581252826485766:88] [44:95] [8:16] [8:14.800000000000001] [8:14.865794470563653] [6:16] [10:48.333333333333336] [10:46.799999999999997] [10:43.721892070080216] [10:49] [0.15625:0.69255104975553639] [0.15625:0.65198896318665511] [0.15625:0.66096853955030399] [0.15625:0.77551020408163263] [0.25641025641025644:4.2222222222222223] [0.33333333333333331:4.2222222222222223] [0.33333333333333331:4.2222222222222223] [0:4.4000000000000004] [0.66666666666666663:7.333333333333333] [1.3999999999999999:7] [1.3417189995068814:7] [0:7] [0:13] [0:13] [0:13] [0:13.5] [0:5] [0:5] [0:5] [0:7] [-0.49774329166853981:0.44448121961232651] [-0.3893905805078941:0.44448121961232651] [-0.41016039741692689:0.44448121961232651] [-0.4880170468003085:0.44448121961232651] [0.26334650856389991:0.59701492537313428] [0.28766934557979329:0.59701492537313428] [0.28898238445840879:0.59701492537313428] [0.21153846153846151:0.59701492537313428] [2.8161062681610627:9.0476283603402265] [3.1354679802955663:8.5217391304347831] [3.2516876482393728:8.5217391304347831] [2.6307692307692307:8.5396825396825395] [0:1] [0:1] [0:1] [0:1] [45.666666666666664:88] [48:88] [49:88] [44:95] [10:45] [10:43] [10:43.222222222222229] [10:49] [10:270] [10:235.19999999999999] [10:230.97674218893687] [10:265] [0:3.6666666666666665] [0:3] [0:3.084589785521338] [0:4] [0:13.333333333333334] [0:13] [0:13] [0:13] [0:5] [0:5] [0:5] [0:7] [-0.49293791172022017:0.44448121961232651] [-0.3893905805078941:0.44448121961232651] [-0.40537163918214791:0.44448121961232651] [-0.52180902634133031:0.44448121961232651] [0.25090497737556555:0.60706914344685248] [0.29455670855226901:0.60706914344685248] [0.29967665699933871:0.60354317165462679] [0.21153846153846151:0.60706914344685248] [2.7874313272180373:8.5217391304347831] [3.5841013824884795:8.5217391304347831] [3.6395728855374769:8.5217391304347831] [2.6307692307692307:8.5396825396825395] [0:1] [0:1] [0:1] [0:1] [49.5:78.5] [14.333333333333334:39.333333333333329] [0:39.295552253723145] [-0.66009375668216697:0.79030825619748946] [-0.42439516129032262:0.37315462315462322] [0:50] [-26:351] [0:6] [0:70] [3.8096330275229358:9.1307189542483655] [2.2898413599520611:14.490890161374283] [0:1] [0:1] [1:97] [0:71] [0:1] [0:1] none [4:17] [4:17] [0:2719.8000000000002] [0:2719.8000000000002] [0:3] [0:3] -1:4:2:3:1:0 -1:8:3:6:7:5:2:0:1 -1:3:2:0 -1:3:1:0:2 -1:4:3:6:5:2:0:1
tree_sizes=2763 2819 2825 2837 2828 2834 2817 2818 2831 2819 2851 2830 2836 2823 2834 2838 2811 2839 2850 2846 2838 2847 2856 2831 2840 2825 2811 2871 2811 2852 2834 2822 2841 2860 2834 2874 2858 2861 2862 2826 2845 2854 2843 2856 2869 2847 2864 2843 2843 2863 2858 2827 2849 2800 2811 2856 2841 2867 2869 2833 2819 2817 2857 2796 2855 2837 2836 2829 2828 2811 2834 2840 2820 2863 2832 2847 2783 2821 2839 2835 2859 2846 2854 2807 2832 2840 2867 2844 2813 2868 2844 2854 2867 2846 2821 2835 2882 2859 2856 2848 2866 2861 2860 2841 2858 2865 2846 2835 2858 2847 2857 2831 2842 2849 2843 2866 2819 2833 2842 2820 2854 2808 2829 2825 2890 2873 2838 2876 2836 2840 2849 2852 2847 2861 2829 2850 2826 2890 2892 2863 2855 2888 2880 2802 2869 2887 2866 2848 2831 2904 2843 2829 2821 2885 2830 2829 2845 2848 2868 2825 2870 2898 2855 2842 2872 2874

Tree=0
num_leaves=31
num_cat=0
split_feature=30 30 36 31 37 49 30 36 24 36 6 45 45 47 38 35 48 6 140 44 46 179 138 38 35 136 178 6 137 49
split_gain=2.03085e+07 2.46516e+06 1.37294e+06 364838 228190 205668 180764 136289 106052 111554 93261.1 89745.4 66869.7 49799.4 47725.8 41425.4 41003.9 38989.4 36954.6 36797.1 34773.1 32402 31980.8 30600.6 30005.2 29633.1 34534.5 28511.7 28306.8 28125.5
threshold=7.2134032249450692 2.2361404895782475 51.11286926269532 15.035714149475099 13.379807472229006 0.38652932643890386 0.7205905318260194 91.853069305419936 1.0000000180025095e-35 25.870881080627445 0.39500000000000007 0.48934240639209753 0.32392686605453497 0.26545216143131262 70.25403213500978 131.30000305175784 0.11395560577511789 0.025000000000000005 108.37980769230771 4.5460364818573007 0.16721133142709735 3.676745941380088 92.100000000000009 5.7379863262176523 46.899999618530281 29.207142857142859 4.5986711749962694 0.115 156.50000000000003 0.19001355022192004
decision_type=10 10 10 10 10 10 8 10 2 10 10 8 10 10 10 10 10 8 10 10 10 10 10 10 10 10 8 8 10 8
left_child=1 6 5 11 16 10 -1 14 9 20 17 13 -7 -4 28 25 -3 -2 -13 22 -6 -15 -16 -8 -14 -9 -27 -18 -5 -11
right_child=2 4 3 7 8 12 23 15 -10 29 -12 18 24 21 19 -17 27 -19 -20 -21 -22 -23 -24 -25 -26 26 -28 -29 -30 -31
leaf_value=8.7782541692785703 9.0110704493944471 9.0320593494999439 9.7725300762967358 10.637904690597063 9.2720029885325328 9.8303887985856058 8.8731137009383687 11.183255456282456 9.0152975032038363 9.4850064941754955 9.9721821471475955 10.460769340340473 10.19393175341478 10.514354566587468 10.411013243026352 12.222592191386877 9.0290548745986108 9.6512329644403643 10.7543176809013 11.277920910483592 9.4457884073547742 10.188242189703045 10.984096148643866 8.9864596181867338 10.484279690155669 11.098092190224586 12.252235048529734 9.2529517993855137 11.16404850154567 9.7361793625212236
leaf_weight=55742 92 2421 161 864 2444 354 4602 392 621 671 1195 779 963 505 114 48 670 1236 765 289 1799 600 379 4013 480 40 56 2169 103 998
leaf_count=55742 92 2421 161 864 2444 354 4602 392 621 671 1195 779 963 505 114 48 670 1236 765 289 1799 600 379 4013 480 40 56 2169 103 998
internal_value=9.0336 8.87109 10.348 10.6816 9.26983 9.9546 8.79802 10.9631 9.38824 9.42742 9.7799 10.4527 10.1999 10.2655 10.8349 11.3817 9.12276 9.60688 10.6062 11.0091 9.34569 10.3373 10.8516 8.92591 10.2905 11.2989 11.7713 9.20011 10.6939 9.6352
internal_weight=85565 76150 9415 5095 11793 4320 64357 2285 6533 5912 2523 2810 1797 1266 1749 536 5260 1328 1544 782 4243 1105 493 8615 1443 488 96 2839 967 1669
internal_count=85565 76150 9415 5095 11793 4320 64357 2285 6533 5912 2523 2810 1797 1266 1749 536 5260 1328 1544 782 4243 1105 493 8615 1443 488 96 2839 967 1669
is_linear=0
shrinkage=1


Tree=1
num_leaves=31
num_cat=0
split_feature=30 30 36 31 37 49 30 36 24 36 6 45 45 47 38 35 48 6 140 44 46 38 179 138 35 136 178 36 74 6
split_gain=1.91083e+07 2.31947e+06 1.2918e+06 343276 214704 193513 170191 128234 99784.4 104961 87749.3 84441.4 62917.7 46856.3 44905.2 38977.1 38580.6 36685.1 34770.6 34622.4 32718 31030.3 30879.9 30090.8 28231.9 27881.8 32493.5 27665.3 27364.9 26826.6
threshold=7.2134032249450692 2.2361404895782475 51.11286926269532 15.035714149475099 13.379807472229006 0.38652932643890386 0.63375267386436474 91.853069305419936 1.0000000180025095e-35 25.870881080627445 0.39500000000000007 0.48934240639209753 0.32392686605453497 0.26545216143131262 70.25403213500978 131.30000305175784 0.11395560577511789 0.025000000000000005 108.37980769230771 4.5460364818573007 0.16721133142709735 5.7379863262176523 5.3522121160646732 92.100000000000009 46.899999618530281 29.207142857142859 4.5986711749962694 40.958795547485359 0.50834849476814281 0.115
decision_type=10 10 10 10 10 10 8 10 2 10 10 8 10 10 10 10 10 8 10 10 10 10 8 10 10 10 8 10 8 8
left_child=1 6 5 11 16 10 -1 14 9 20 17 13 -7 -4 -5 25 -3 -2 28 23 -6 -8 -15 -16 -14 -9 -27 -12 -13 -18
right_child=2 4 3 7 8 12 21 15 -10 -11 27 18 24 22 19 -17 29 -19 -20 -21 -22 -23 -24 -25 -26 26 -28 -29 -30 -31
leaf_value=-0.24882347785103234 -0.02185384719247889 -0.0014946204312191872 0.71676199587235534 1.6105363163449093 0.23125070810415546 0.77288495082976449 -0.15932178668813424 2.0851655723416838 -0.017753617660398933 0.58355038735629416 0.78966809980306307 1.2054017179649927 1.125521611877691 1.1041018108630574 1.3360906650204407 3.0933221626281737 -0.0044089553062039519 0.59910378776707685 1.6690959463347406 2.1769910529967409 0.39982256419612933 -0.050120210153411386 1.4213051668657173 1.8919811003000566 1.4071590785756707 2.0025572474654765 3.1220758519853864 1.0829686700961576 1.561023850227345 0.21277105705042268
leaf_weight=54850 92 2421 161 967 2444 354 5329 392 621 1669 703 387 963 546 114 48 670 1236 765 289 1799 4178 559 379 480 40 56 492 392 2169
leaf_count=54850 92 2421 161 967 2444 354 5329 392 621 1669 703 387 963 546 114 48 670 1236 765 289 1799 4178 559 379 480 40 56 492 392 2169
internal_value=-7.2094e-09 -0.157637 1.275 1.59857 0.229145 0.893369 -0.228513 1.87165 0.344004 0.382003 0.723916 1.37652 1.13128 1.1949 1.74724 2.27762 0.0864882 0.556086 1.52543 1.91627 0.302724 -0.111331 1.26457 1.76344 1.21921 2.19738 2.65561 0.910424 1.38435 0.161517
internal_weight=85565 76150 9415 5095 11793 4320 64357 2285 6533 5912 2523 2810 1797 1266 1749 536 5260 1328 1544 782 4243 9507 1105 493 1443 488 96 1195 779 2839
internal_count=85565 76150 9415 5095 11793 4320 64357 2285 6533 5912 2523 2810 1797 1266 1749 536 5260 1328 1544 782 4243 9507 1105 493 1443 488 96 1195 779 2839
is_linear=0
shrinkage=0.03


Tree=2
num_leaves=31
num_cat=0
split_feature=30 30 37 30 36 37 30 1 36 24 36 1 73 45 171 139 38 179 48 6 136 46 83 136 67 32 38 14 82 14
split_gain=1.7979e+07 2.18239e+06 1.21596e+06 290257 273988 202015 160348 113147 98335.1 93887.1 98757.9 73795.3 56063.2 55875 54018.9 43155.1 42888.3 38263.2 36376.9 35308.5 34061 30784.4 30485.9 29258.3 27476.4 27174.4 27101.8 26817.8 26170.5 25537.7
threshold=7.2134032249450692 2.2361404895782475 51.894445419311531 15.798126697540285 42.034963607788093 13.379807472229006 0.7205905318260194 1.5000000000000002 91.853069305419936 1.0000000180025095e-35 25.870881080627445 2.5000000000000004 0.18035714328289035 0.33687943220138555 8.1967440396547335 99.42622791526658 64.990741729736342 3.5812801373565732 0.11147921904921533 0.50500000000000012 29.31666666666667 0.16721133142709735 59.527928623444502 26.839743589743595 0.70714285969734203 6.5693664550781259 5.7379863262176523 0.3050000000000001 60.366666666666674 0.26500000000000012
decision_type=10 10 10 10 10 10 8 8 10 2 10 8 10 10 8 10 10 10 10 10 10 10 10 8 10 10 10 10 10 10
left_child=1 6 4 13 11 18 -1 23 15 10 21 14 -9 -4 29 -5 -17 20 -3 -14 24 -7 28 -6 -10 -16 -8 -12 -15 -2
right_child=2 5 3 8 7 9 26 12 17 -11 27 -13 19 22 25 16 -18 -19 -20 -21 -22 -23 -24 -25 -26 -27 -28 -29 -30 -31
leaf_value=-0.24027359835419898 0.57594046754171635 -0.0050897211394158089 1.0571169986854556 1.4917002856346215 1.1469309339271263 0.2243131904282078 -0.15089224336938409 0.49505930369158829 1.7130740230191837 -0.017221008630937354 0.5397772996900726 0.36118854314437304 0.82747584408053787 1.5657213107310235 0.60376590494978788 1.6304741282327961 2.0188805260248803 2.0343497975600227 0.15384137140755841 1.2598135724118895 3.2994025182723998 0.38782788771268328 1.3840490910610661 1.4020179784840268 2.6169282638657956 0.99274738876039959 -0.044222753157334642 1.1166052706637666 2.2087774366056414 1.1483466959783906
leaf_weight=55742 911 2315 409 441 705 2444 4602 249 44 621 1593 457 381 288 196 461 575 385 2945 307 43 1799 1447 950 97 922 4013 76 71 76
leaf_count=55742 911 2315 409 441 705 2444 4602 249 44 621 1593 457 381 288 196 461 575 385 2945 307 43 1799 1447 950 97 922 4013 76 71 76
internal_value=5.98957e-09 -0.152908 1.23675 1.61171 0.926751 0.222271 -0.221657 1.14421 1.86934 0.333684 0.370543 0.706741 0.880791 1.37374 0.781761 1.74025 1.84605 2.20442 0.0838936 1.02039 2.56028 0.293642 1.44544 1.29336 2.33487 0.924554 -0.101204 0.566044 1.6929 0.620016
internal_weight=85565 76150 9415 4261 5154 11793 64357 2592 2046 6533 5912 2562 937 2215 2105 1477 1036 569 5260 688 184 4243 1806 1655 141 1118 8615 1669 359 987
internal_count=85565 76150 9415 4261 5154 11793 64357 2592 2046 6533 5912 2562 937 2215 2105 1477 1036 569 5260 688 184 4243 1806 1655 141 1118 8615 1669 359 987
is_linear=0
shrinkage=0.03


Tree=3
num_leaves=31
num_cat=0
split_feature=30 30 36 31 37 49 30 34 24 36 6 45 45 35 47 68 38 48 6 140 30 129 179 182 137 38 49 39 175 74
split_gain=1.69164e+07 2.05341e+06 1.1506e+06 304264 190076 174638 151183 114712 88338.4 93074.8 79419.8 76818.5 57040.1 45131.2 42399.1 40080.9 37332.7 34237.3 33780.6 32227.9 31170.1 30145.2 28924.5 27896.5 31553.3 27427.2 27160.3 26888.4 25571.2 25470.6
threshold=7.2134032249450692 2.2361404895782475 51.11286926269532 15.035714149475099 13.379807472229006 0.38652932643890386 0.63375267386436474 90.833332061767592 1.0000000180025095e-35 26.612251281738285 0.39500000000000007 0.48934240639209753 0.32392686605453497 131.30000305175784 0.26545216143131262 0.69371297955513012 63.671361923217781 0.11395560577511789 0.025000000000000005 108.37980769230771 4.0001757144927987 65.500000000000014 3.676745941380088 60.500000000000007 144.83333333333334 5.9416027069091806 0.19001355022192004 3.4277004003524785 160.50000000000003 0.50834849476814281
decision_type=10 10 10 10 10 10 8 10 2 10 10 8 10 10 10 10 10 10 8 10 10 10 10 8 10 10 8 10 8 8
left_child=1 6 5 11 17 10 -1 15 9 20 18 14 -7 16 -4 23 -9 -3 -2 29 -6 -18 -16 24 -5 -8 -11 -17 -23 -13
right_child=2 4 3 7 8 12 25 13 -10 26 -12 19 -14 -15 22 27 21 -19 -20 -21 -22 28 -24 -25 -26 -27 -28 -29 -30 -31
leaf_value=-0.23415055088736084 -0.035755325367917187 -0.0015058368592623442 0.66791366393521701 1.6373481761852899 0.19791908437337291 0.72424234481023275 -0.14839545807448018 1.6147411901936415 -0.016704373701974966 0.40470431908891219 0.85593557167763978 1.1295329367687073 1.1492048681387967 2.9931111356486446 1.356317888684792 1.5755160063549001 1.9620867313027379 0.15205613573689661 0.56011363843908013 1.5763133292455298 0.35929991558097901 2.2535817392447899 1.0482017985150218 1.4646066106017466 2.2584844696250825 -0.045326865879215729 0.66327461939159915 2.3330713961172744 3.0792725502360949 1.4726252681191783
leaf_weight=54850 92 2421 161 450 1906 354 5464 155 621 605 1195 387 1443 46 505 68 300 2839 1236 765 2477 145 600 878 88 4043 924 111 44 392
leaf_count=54850 92 2421 161 450 1906 354 5464 155 621 605 1195 387 1443 46 505 68 300 2839 1236 765 2477 145 600 878 88 4043 924 111 44 392
internal_value=3.19677e-09 -0.148321 1.19964 1.50503 0.215602 0.839476 -0.215008 1.76212 0.323673 0.359427 0.678499 1.29597 1.06549 2.08529 1.12275 1.62231 2.02045 0.0813768 0.518834 1.438 0.289122 2.14905 1.18902 1.56884 1.73895 -0.104564 0.560963 2.04528 2.44581 1.30218
internal_weight=85565 76150 9415 5095 11793 4320 64357 2285 6533 5912 2523 2810 1797 690 1266 1595 644 5260 1328 1544 4383 489 1105 1416 538 9507 1529 179 189 779
internal_count=85565 76150 9415 5095 11793 4320 64357 2285 6533 5912 2523 2810 1797 690 1266 1595 644 5260 1328 1544 4383 489 1105 1416 538 9507 1529 179 189 779
is_linear=0
shrinkage=0.03


Tree=4
num_leaves=31
num_cat=0
split_feature=30 30 36 48 49 37 32 36 24 36 6 38 37 69 47 135 140 8 179 136 30 48 37 10 46 14 6 67 138 83
split_gain=1.59167e+07 1.93206e+06 1.08586e+06 256351 206928 178842 142381 110344 83117.6 87619.7 81356.3 58683.1 47051.2 46631.3 43316.4 39313.6 35610 33815.1 33452.6 35111.3 32427.4 32283.4 31160.6 29656 28040.9 25205.4 25202 25190.9 24985.1 24489
threshold=7.2134032249450692 2.2361404895782475 57.314559936523445 0.40624855458736425 0.51816520094871532 13.379807472229006 0.55291152000427257 91.853069305419936 1.0000000180025095e-35 25.870881080627445 0.23500000000000001 45.580179214477546 42.348484039306648 0.49500000476837164 0.26545216143131262 27.140078871199457 106.7638888888889 0.79633333333333345 3.676745941380088 29.31666666666667 15.798126697540285 0.11147921904921533 3.5166666507720952 0.37561881188118817 0.16721133142709735 0.3050000000000001 0.10500000000000002 0.65476191043853771 147.10000000000002 63.29723322203936
decision_type=10 10 10 10 10 10 8 10 2 10 8 10 10 8 8 10 10 10 10 10 10 10 10 10 10 10 8 10 10 10
left_child=1 6 3 10 14 21 -1 15 9 24 -2 16 -12 -13 -4 17 -5 -6 19 27 -17 -3 -8 -16 -7 -11 -23 -9 -14 -20
right_child=2 5 4 11 7 8 22 18 -10 25 12 13 28 -15 23 20 -18 -19 29 -21 -22 26 -24 -25 -26 -27 -28 -29 -30 -31
leaf_value=-0.22785944816256742 0.38782176290246606 -0.0048918536547933487 0.68680303746213511 0.72090454720342989 1.4158745395118191 0.21004166007371172 -0.14605201314075675 1.5435813578367232 -0.016203236916790837 0.5073257728663787 0.69634191446904292 1.0150481892043686 0.93648893195950922 1.3589327490618204 1.1561397769856205 1.503946692887129 1.0867213950782668 1.9129110025184255 2.180792271250779 3.1697705229691095 1.8939610472001216 -0.021884990142824506 -0.037391845207087139 1.4309332012066018 0.36610030459671827 1.066544209597142 0.19102758576035345 2.4206340641102617 1.5582694213573749 1.6789662321313978
leaf_weight=54213 608 2315 108 419 930 2444 6349 40 621 1593 1705 572 553 935 632 297 559 142 163 42 542 639 3795 802 1799 76 2306 112 65 189
leaf_count=54213 608 2315 108 419 930 2444 6349 40 621 1593 1705 572 553 935 632 297 559 142 163 42 542 639 3795 802 1799 76 2306 112 65 189
internal_value=-7.6225e-09 -0.143871 1.16365 0.886811 1.53859 0.209134 -0.208557 1.70955 0.313963 0.348644 0.696767 1.11096 0.777628 1.22841 1.26619 1.60209 0.929996 1.48171 2.08567 2.40198 1.7559 0.0789354 -0.105401 1.30982 0.276209 0.53279 0.14483 2.18983 1.00189 1.91135
internal_weight=85565 76150 9415 5416 3999 11793 64357 2457 6533 5912 2931 2485 2323 1507 1542 1911 978 1072 546 194 839 5260 10144 1434 4243 1669 2945 152 618 352
internal_count=85565 76150 9415 5416 3999 11793 64357 2457 6533 5912 2931 2485 2323 1507 1542 1911 978 1072 546 194 839 5260 10144 1434 4243 1669 2945 152 618 352
is_linear=0
shrinkage=0.03


Tree=5
num_leaves=31
num_cat=0
split_feature=30 30 37 30 36 37 30 1 36 24 36 1 73 6 171 138 38 179 46 6 30 136 140 30 103 6 45 20 32 38
split_gain=1.4976e+07 1.81787e+06 1.02617e+06 242774 235499 168273 135107 100955 82221.9 78205.4 82875.2 66032 51010.2 48558.3 47719.2 39832.5 42307.2 33042.4 32867.4 31012.3 30798.1 29705.2 28190.8 26578.9 26335.4 26218.7 26102.3 25170 24889.6 24842.6
threshold=7.2134032249450692 2.2361404895782475 51.894445419311531 15.798126697540285 42.034963607788093 13.379807472229006 0.63375267386436474 1.5000000000000002 91.853069305419936 1.0000000180025095e-35 27.371268272399906 2.5000000000000004 0.18035714328289035 0.52500000000000013 8.1967440396547335 96.700000000000003 64.990741729736342 3.5812801373565732 0.16721133142709735 0.50500000000000012 3.5889158248901372 29.31666666666667 87.20714285714287 11.905345916748049 4.9635457329264829 0.16500000000000004 0.64365079998970043 1.0000000180025095e-35 6.5693664550781259 5.9416027069091806
decision_type=10 10 10 10 10 10 8 8 10 2 10 8 10 8 8 10 10 10 10 10 10 10 8 10 8 8 10 2 10 10
left_child=1 6 4 13 11 20 -1 22 15 10 18 14 -9 -4 -2 -5 -17 21 -7 -14 -3 24 -6 -24 -10 -22 -15 -20 -16 -8
right_child=2 5 3 8 7 9 29 12 17 -11 -12 -13 19 26 28 16 -18 -19 27 -21 25 -23 23 -25 -26 -27 -28 -29 -30 -31
leaf_value=-0.22039725844967251 0.55893902665847695 0.020781485494175522 1.0784126131926712 1.326541740988183 0.86429827470174969 0.20369887119530447 -0.13960898389951934 0.42881466098264398 1.6071086963167729 -0.015717145347796776 0.54049216519835308 0.31312440108679057 0.74911519371442437 1.2850992890114217 0.53816227512396109 1.4749690931432085 1.8499291738217214 1.8571787554618793 0.32767449869295689 1.1542979396127333 0.019610067373777264 3.0361597450666649 1.0609813187374273 1.329897603977648 2.4535974116758865 0.25082320591066382 1.5780033661770192 0.65755608157459966 0.91043223275344431 -0.041516885015005049
leaf_weight=54850 987 3307 855 381 213 2518 5464 249 53 621 1393 457 381 980 196 489 607 385 1765 307 674 43 514 928 88 1279 380 236 922 4043
leaf_count=54850 987 3307 855 381 213 2518 5464 249 53 621 1393 457 381 980 196 489 607 385 1765 307 674 43 514 928 88 1279 380 236 922 4043
internal_value=9.00336e-10 -0.139555 1.12874 1.4732 0.843968 0.20286 -0.202301 1.04558 1.70882 0.304544 0.338185 0.639996 0.796753 1.25557 0.71096 1.59078 1.68263 2.01522 0.275823 0.929916 0.0765674 2.34591 1.18646 1.23404 2.13541 0.171029 1.36694 0.366581 0.845168 -0.0978938
internal_weight=85565 76150 9415 4261 5154 11793 64357 2592 2046 6533 5912 2562 937 2215 2105 1477 1096 569 4519 688 5260 184 1655 1442 141 1953 1360 2001 1118 9507
internal_count=85565 76150 9415 4261 5154 11793 64357 2592 2046 6533 5912 2562 937 2215 2105 1477 1096 569 4519 688 5260 184 1655 1442 141 1953 1360 2001 1118 9507
is_linear=0
shrinkage=0.03


Tree=6
num_leaves=31
num_cat=0
split_feature=30 30 36 48 49 37 30 68 6 24 36 37 37 6 34 6 94 6 41 135 139 140 36 48 38 140 137 48 30 6
split_gain=1.40909e+07 1.711e+06 967340 264679 171251 145669 142548 88897.2 81011.7 75010.2 76685.4 63751.2 53802.5 49832.1 40966.2 39275.2 35826 34565.4 29897.8 40806.6 29169.6 28455.8 27913.7 27393.1 26892.9 24998.9 24648 23810.3 23429 23401.5
threshold=7.2134032249450692 2.3465044498443608 60.327621459960945 0.40624855458736425 0.51816520094871532 13.379807472229006 0.7205905318260194 0.69371297955513012 0.23500000000000001 1.0000000180025095e-35 25.870881080627445 48.033332824707038 41.773504257202156 0.76500000000000012 90.833332061767592 0.25500000000000006 0.41875244945146178 0.47500000000000003 5.8002381324768075 28.600658545895985 133.99299598555376 116.86607142857144 80.248886108398452 0.11147921904921533 7.7747583389282235 86.690476190476204 103.83333333333336 0.33151119947433477 4.0001757144927987 0.115
decision_type=10 10 10 10 10 10 8 10 8 2 10 10 10 8 10 8 10 8 10 10 10 10 10 10 10 10 10 8 10 8
left_child=1 6 3 8 17 23 -1 13 -2 10 28 15 -10 20 26 -5 -9 -4 19 -18 -6 -17 -22 -3 -8 -13 -15 -12 -7 -25
right_child=2 5 4 11 7 9 24 16 12 -11 27 25 -14 14 -16 21 18 -19 -20 -21 22 -23 -24 29 -26 -27 -28 -29 -30 -31
leaf_value=-0.21282171030969158 0.35868475181990889 -0.0038928813225093204 0.94196336017162707 0.42950250391960143 1.3557616844953388 0.18148654097635483 -0.1220475215277529 1.5373285403183621 0.64875123983562644 -0.015245625703519092 0.48299581330660857 0.89517652532763103 0.95646249875973677 1.3208156734622185 2.0666191790973349 0.87842046995212064 1.8627928607890949 1.2997162817734056 2.9564523260614703 2.7164060075386707 1.5121321344375611 1.1525248039467766 2.2596713412891734 -0.01415364129592608 -0.01332785944166162 1.2808010788228024 1.7514174719365097 1.1234302843610444 0.32512906135128733 0.18732253282657585
leaf_weight=55742 623 2009 324 125 906 1806 5929 92 1681 621 1609 176 735 189 242 886 187 973 42 69 141 554 66 677 3128 1078 326 54 2354 2221
leaf_count=55742 623 2009 324 125 906 1806 5929 92 1681 621 1609 176 735 189 242 886 187 973 42 69 141 554 66 677 3128 1078 326 54 2354 2221
internal_value=-3.30591e-09 -0.135369 1.09488 0.857926 1.48512 0.204396 -0.194886 1.64282 0.663709 0.298178 0.331603 1.0673 0.742364 1.55689 1.74467 0.939596 2.05482 1.21035 2.21458 2.09287 1.42917 0.983874 1.75048 0.0812392 -0.0844992 1.22668 1.59339 0.503792 0.262769 0.140256
internal_weight=85565 76150 9415 5858 3557 11351 64799 2260 3039 6444 5823 2819 2416 1870 757 1565 390 1297 298 256 1113 1440 207 4907 9057 1254 515 1663 4160 2898
internal_count=85565 76150 9415 5858 3557 11351 64799 2260 3039 6444 5823 2819 2416 1870 757 1565 390 1297 298 256 1113 1440 207 4907 9057 1254 515 1663 4160 2898
is_linear=0
shrinkage=0.03


Tree=7
num_leaves=31
num_cat=0
split_feature=30 30 30 37 36 30 32 17 32 48 1 36 31 34 1 136 72 45 37 36 1 43 74 171 171 140 37 6 140 14
split_gain=1.32581e+07 1.60995e+06 913160 210217 168777 151552 120791 90955 89619.2 75991 67183.8 58847.6 54049.6 52411.1 46682.9 44228.9 37109.2 36550.1 36157.7 35405.6 33666.7 42934.5 33530.7 32384.9 31817.4 28729.6 27654 26295.3 26195.3 24771
threshold=7.2134032249450692 2.2361404895782475 12.737311363220217 67.51922988891603 39.764862060546882 4.0001757144927987 0.55291152000427257 1.0000000180025095e-35 14.111805438995363 0.54587534070014965 1.5000000000000002 25.870881080627445 3.2182539701461796 90.833332061767592 2.5000000000000004 27.345238095238098 0.78922849893569957 0.32037734985351568 7.0357143878936776 60.327621459960945 1.5000000000000002 3.555668950080872 0.53503334522247326 8.4256644845008868 8.1967440396547335 117.09545454545456 3.5166666507720952 0.15500000000000003 108.37980769230771 0.3050000000000001
decision_type=10 10 10 10 10 10 8 2 10 8 8 10 10 10 8 10 10 10 10 10 8 10 10 8 10 10 10 8 8 10
left_child=1 6 4 9 14 18 -1 -7 -5 20 28 27 -12 -10 23 16 -11 -14 -3 -17 -4 -22 24 -2 -15 -23 -8 -9 -6 -13
right_child=2 5 3 8 10 7 26 11 13 15 12 29 17 22 -16 19 -18 -19 -20 -21 21 25 -24 -25 -26 -27 -28 -29 -30 -31
leaf_value=-0.20813415812559033 0.52397733997158291 -0.022173101274825986 1.1077220051496066 1.3326031155942055 0.91288207132626187 -0.0017603742221061862 -0.13363745105408975 0.11939703218619889 1.5809291155171445 1.1472284035467439 0.14331755058197623 0.46130022898266193 0.57509354309606331 3.0181711597442624 0.29328980035425684 1.289474417658057 1.8041734623207766 0.96763513991462147 0.1356610643154158 1.7751581931072513 0.40423773803452895 0.76738663845828603 1.8249304301493174 0.77679106852826929 2.0712435366023669 1.580797917159704 -0.031273630072476834 0.31721825353094218 1.1664767799766715 0.98955772174256174
leaf_weight=54213 933 1967 808 722 609 791 6349 784 702 864 116 1633 329 45 410 256 85 608 3889 286 164 98 392 892 110 65 3795 2645 921 84
leaf_count=54213 933 1967 808 722 609 791 6349 784 702 864 116 1633 329 45 410 256 85 608 3889 286 164 98 392 892 110 65 3795 2645 921 84
internal_value=1.00168e-09 -0.131308 1.06204 1.36451 0.773441 0.190931 -0.190356 0.29774 1.59867 1.18875 0.938607 0.343777 0.754181 1.75247 0.582558 1.32955 1.20607 0.829806 0.0826454 1.54576 1.00378 0.746944 1.97263 0.647544 2.34616 1.09175 -0.0953418 0.271989 1.06554 0.487144
internal_weight=85565 76150 9415 4597 4818 11793 64357 5937 1971 2626 2583 5146 1053 1249 2235 1491 949 937 5856 542 1135 327 547 1825 155 163 10144 3429 1530 1717
internal_count=85565 76150 9415 4597 4818 11793 64357 5937 1971 2626 2583 5146 1053 1249 2235 1491 949 937 5856 542 1135 327 547 1825 155 163 10144 3429 1530 1717
is_linear=0
shrinkage=0.03


Tree=8
num_leaves=31
num_cat=0
split_feature=30 36 36 31 32 49 48 34 6 6 45 68 37 45 45 139 37 1 73 6 8 140 14 17 36 173 42 74 108 35
split_gain=1.24746e+07 1.51907e+06 863549 226293 148420 136904 125857 87153.8 79226.8 65507.1 61285.8 56897.2 53369.3 47565.3 46388.4 39968.4 36499.7 35107.3 42766.2 29047.4 28735.3 27737 26453.8 25872.8 26819.5 24744.8 22638 21987.1 21970.9 21954.7
threshold=7.2134032249450692 9.5799341201782244 51.11286926269532 15.035714149475099 0.80993431806564342 0.38652932643890386 0.11147921904921533 84.500000000000014 0.075000000000000025 0.39500000000000007 0.48934240639209753 0.4169947504997254 30.464102745056156 0.44058823585510259 0.32392686605453497 128.35341965804858 3.3229166269302373 1.5000000000000002 0.40519231557846075 0.025000000000000005 0.82900000000000018 108.37980769230771 0.17000000000000001 1.0000000180025095e-35 18.232347488403324 0.066422128990187054 4.5420122146606454 0.50834849476814281 4.4807692307692317 46.899999618530281
decision_type=10 10 10 10 8 10 10 10 8 10 8 10 10 10 10 10 10 8 10 8 10 10 8 2 10 10 10 8 10 10
left_child=1 4 5 10 -1 9 -3 20 -8 19 17 -9 13 23 -7 22 -6 -4 -19 -2 -5 27 -13 -10 -25 -24 -20 -12 -17 -16
right_child=2 6 3 7 16 14 8 11 12 -11 21 15 -14 -15 29 28 -18 18 26 -21 -22 -23 25 24 -26 -27 -28 -29 -30 -31
leaf_value=-0.20076635084127692 -0.083653757105702942 0.029847930286437157 1.0706368002878888 1.325794527613031 -0.12524840373500759 0.61052508366231073 0.0006073103275513205 1.3230994400109204 0.061926939125680355 0.7367714965095018 0.95489628939203508 1.6269426795242439 0.49830615549118201 0.80429828894252964 0.91114491789445062 2.5227414055874471 -0.0086979352777153216 0.48097044356530755 0.58883668469058137 0.46889560836810362 1.7908428549825806 1.3696202904529431 1.6221095881041359 0.19999113420983064 0.33515307759813012 2.4809598580888799 1.3304316253581288 1.273664703653099 1.7834551445718081 1.1595065698679536
leaf_weight=55551 92 2803 848 1271 5531 354 913 213 589 1195 387 377 1020 143 963 114 4297 246 54 1236 132 765 51 2497 2806 74 118 392 53 480
leaf_count=55551 92 2803 848 1271 5531 354 913 213 589 1195 387 377 1020 143 963 114 4297 246 54 1236 132 765 51 2497 2806 74 118 392 53 480
internal_value=1.2075e-09 -0.127368 1.03018 1.29474 -0.181754 0.718153 0.202748 1.51645 0.263571 0.575625 1.11444 1.75013 0.297602 0.26368 0.918265 1.88609 -0.0742902 0.959721 0.734705 0.430617 1.36955 1.24131 1.75234 0.250559 0.27151 2.13055 1.09761 1.1153 2.28812 0.99376
internal_weight=85565 76150 9415 5095 65379 4320 10771 2285 7968 2523 2810 882 7055 6035 1797 669 9828 1266 418 1328 1403 1544 502 5892 5303 125 172 779 167 1443
internal_count=85565 76150 9415 5095 65379 4320 10771 2285 7968 2523 2810 882 7055 6035 1797 669 9828 1266 418 1328 1403 1544 502 5892 5303 125 172 779 167 1443
is_linear=0
shrinkage=0.03


Tree=9
num_leaves=31
num_cat=0
split_feature=30 36 37 30 36 38 49 1 17 36 68 6 73 37 6 48 14 135 41 40 138 48 182 171 136 6 45 45 174 38
split_gain=1.17373e+07 1.4293e+06 817352 193090 191016 140725 119622 83355.9 78390.1 69994.8 67794.8 61105.2 43497.7 43152.9 40841.1 37625.4 29553.2 29421.8 35618.6 29208.1 29336.5 27802.9 27125.3 30721.2 25800.2 25732.9 23038.9 22906.7 22221.8 21439.1
threshold=7.2134032249450692 9.5799341201782244 51.894445419311531 15.798126697540285 43.265741348266609 3.9016129970550542 0.12000540643930437 1.5000000000000002 1.0000000180025095e-35 25.870881080627445 0.69371297955513012 0.24500000000000002 0.18522727489471438 90.045455932617202 0.52500000000000013 0.47343468666076666 0.3050000000000001 28.697036717473814 5.7296102046966562 5.5930135250091562 96.700000000000003 0.05127962306141854 75.500000000000014 15.690582782030107 26.303846153846155 0.50500000000000012 0.64365079998970043 0.44058823585510259 16.500000000000004 43.139610290527351
decision_type=10 10 10 10 10 8 10 8 2 10 10 8 10 10 8 10 10 10 10 10 10 10 10 8 8 10 10 10 10 10
left_child=1 5 4 14 11 -1 -3 24 -8 27 13 -2 -9 19 -4 -13 -11 18 -12 20 -5 -7 23 28 -6 -14 -16 -10 -15 -26
right_child=2 6 3 10 7 21 8 12 9 16 17 15 25 22 26 -17 -18 -19 -20 -21 -22 -23 -24 -25 29 -27 -28 -29 -30 -31
leaf_value=-0.19344118020409837 0.30772642805877298 0.071050859278044318 0.95012754224855123 1.0785897855000928 0.91401527199266752 -0.1154942392971692 0.00099051992559586366 0.35937338814139363 0.24113356476296358 0.45779787201630245 1.5909006441086222 0.59373841124969817 0.66037450978780066 2.0500216885975431 1.137848027702915 0.93594101961119014 1.0800763373030349 2.3478012406048565 2.5473973357968216 1.8427942427226476 1.4083848004244253 -0.0076140599487291728 1.0806855726242064 2.151023964019406 0.94339565651470958 1.0438748407701617 1.4130278864024501 0.72493869156638779 1.1839106555181007 1.2567801253844681
leaf_weight=56770 606 4177 855 329 580 4442 816 238 4123 1493 241 1787 346 42 980 345 72 92 41 105 926 4167 46 151 275 289 380 90 73 688
leaf_count=56770 606 4177 855 329 580 4442 816 238 4123 1493 241 1787 346 42 980 345 72 92 41 105 926 4167 46 151 275 289 380 90 73 688
internal_value=-2.99905e-09 -0.123547 0.99927 1.30669 0.745114 -0.176301 0.196665 0.93954 0.276237 0.315108 1.51682 0.573555 0.70527 1.43514 1.1126 0.649114 0.486427 1.88195 1.72997 1.36214 1.32193 -0.0632772 1.75334 1.86967 1.07209 0.834912 1.21474 0.251469 1.50023 1.16729
internal_weight=85565 76150 9415 4261 5154 65379 10771 2416 6594 5778 2046 2738 873 1672 2215 2132 1565 374 282 1360 1255 8609 312 266 1543 635 1360 4213 115 963
internal_count=85565 76150 9415 4261 5154 65379 10771 2416 6594 5778 2046 2738 873 1672 2215 2132 1565 374 282 1360 1255 8609 312 266 1543 635 1360 4213 115 963
is_linear=0
shrinkage=0.03


Tree=10
num_leaves=31
num_cat=1
split_feature=30 30 36 48 49 37 36 68 6 24 36 37 6 37 34 193 6 94 6 138 41 135 140 45 138 1 140 137 48 15
split_gain=1.10437e+07 1.34818e+06 771011 212512 136525 117588 114010 74262.5 67354.1 60781.5 61869 51201.9 43621.1 40132.4 34232 33922.2 32955.2 31598.1 29891.4 26867.5 25880.4 36003.5 25730.1 25139.1 24708 23695.8 22891.4 22489.6 22405.5 22378.7
threshold=7.2134032249450692 2.3465044498443608 60.327621459960945 0.40624855458736425 0.51816520094871532 13.379807472229006 2.178275585174561 0.69371297955513012 0.20500000000000004 1.0000000180025095e-35 27.371268272399906 48.033332824707038 0.76500000000000012 42.348484039306648 90.833332061767592 0 0.25500000000000006 0.41875244945146178 0.47500000000000003 93.500000000000014 5.8002381324768075 28.600658545895985 116.86607142857144 0.13921189308166507 147.10000000000002 2.5000000000000004 107.03125000000001 103.83333333333336 0.11147921904921533 0.087500000000000022
decision_type=10 10 10 10 10 10 8 10 8 2 10 10 8 10 10 1 8 10 8 10 10 10 10 10 10 8 10 10 10 10
left_child=1 6 3 8 18 28 -1 12 -2 10 23 16 19 25 27 -8 -5 -9 -4 -6 21 -19 -18 -7 -15 -10 -13 -14 -3 -16
right_child=2 5 4 11 7 9 15 17 13 -11 -12 26 14 24 29 -17 22 20 -20 -21 -22 -23 -24 -25 -26 -27 -28 -29 -30 -31
leaf_value=-0.18989593037894789 0.26080390731923347 -0.005887208373803644 0.82276902357323289 0.36365286370038985 0.95659212503160507 0.16437301396787143 -0.029507651733745612 1.3490564570025259 0.61668778797444601 -0.01611938286428722 0.47065440608953119 0.93590177001245312 1.1569853339237826 0.77681915437996929 1.7196459854627721 -0.13918326001042652 0.77118981390124552 1.655740186103525 1.1554556867069079 1.3319557715244963 2.6753229148047306 2.457544785997142 1.0318360323625673 0.30766387158151748 1.3661461422896721 0.3172224655991347 1.1960710657411318 1.5683016932083784 0.12447960796920239 2.4886989449291694
leaf_weight=54575 488 2009 324 125 212 2052 5464 92 1547 621 1391 520 189 652 201 4760 886 187 973 901 42 69 554 2380 71 281 734 326 2898 41
leaf_count=54575 488 2009 324 125 212 2052 5464 92 1547 621 1391 520 189 652 201 4760 886 187 973 901 42 69 554 2380 71 281 734 326 2898 41
internal_value=4.21192e-10 -0.119841 0.969292 0.757744 1.31769 0.181757 -0.172672 1.45849 0.583715 0.266015 0.296104 0.945354 1.37995 0.645487 1.55564 -0.0807345 0.830906 1.83505 1.07235 1.26046 1.98509 1.87185 0.871466 0.241321 0.834692 0.570654 1.08819 1.41735 0.0711055 1.84994
internal_weight=85565 76150 9415 5858 3557 11351 64799 2260 3039 6444 5823 2819 1870 2551 757 10224 1565 390 1297 1113 298 256 1440 4432 723 1828 1254 515 4907 242
internal_count=85565 76150 9415 5858 3557 11351 64799 2260 3039 6444 5823 2819 1870 2551 757 10224 1565 390 1297 1113 298 256 1440 4432 723 1828 1254 515 4907 242
cat_boundaries=0 1
cat_threshold=6
is_linear=0
shrinkage=0.03


Tree=11
num_leaves=31
num_cat=0
split_feature=30 36 37 30 36 48 32 6 1 68 6 37 45 73 37 45 48 140 83 135 41 182 171 82 17 140 140 47 45 39
split_gain=1.0391e+07 1.27119e+06 726217 172419 171970 142792 89718.1 83808.5 76818.4 59817.5 54023.8 41186.8 41293.8 40432.8 39610.6 38047.4 33801.1 27101.5 26508.2 26410.5 31662.4 25624.5 28534.4 25484.2 25159.8 24758.5 24670.3 23825.4 23727.1 21197.6
threshold=7.2134032249450692 8.0030126571655291 51.894445419311531 15.798126697540285 43.265741348266609 0.13506478816270831 0.55291152000427257 0.085000000000000006 1.5000000000000002 0.69371297955513012 0.24500000000000002 30.464102745056156 0.44058823585510259 0.18522727489471438 90.045455932617202 0.33687943220138555 0.47343468666076666 98.883116883116898 59.527928623444502 28.697036717473814 5.7296102046966562 75.500000000000014 15.690582782030107 60.366666666666674 1.0000000180025095e-35 87.20714285714287 116.86607142857144 0.039747329428792007 0.56330129504203807 4.4919354915618905
decision_type=10 10 10 10 10 10 8 8 8 10 8 10 10 10 10 10 10 10 10 10 10 10 8 10 2 8 10 8 10 10
left_child=1 6 4 15 10 27 -1 -7 25 14 -2 12 24 -10 17 -4 -12 29 23 20 -11 22 -16 -17 -9 -6 -15 -3 -19 -5
right_child=2 5 3 9 8 7 -8 11 13 19 16 -13 -14 26 21 18 -18 28 -20 -21 -22 -23 -24 -25 -26 -27 -28 -29 -30 -31
leaf_value=-0.18505743394278434 0.28791260699049964 -0.11093087881403274 0.78530461166759902 0.90334714620824774 0.69915956304606153 -0.017648793039460705 -0.088104063987312284 0.060762254959777974 0.32674003352857189 1.496416316071981 0.55642359255160045 0.47407436940870185 0.75855178798306477 0.62491065146218316 1.4137057692693626 1.2109962626220658 0.88076964044182193 1.0886775591859619 1.048498443226245 2.2128967576052827 2.3982310186944358 1.0029074384855188 2.040909726762564 1.8455648653025567 0.27177005391291892 1.0584724231073737 1.0033346062040018 0.074051602313310871 1.444249912809991 1.3727818862522454
leaf_weight=53806 606 726 409 248 198 876 10222 578 238 241 1787 983 146 366 115 288 345 217 1447 92 41 46 151 71 4234 1345 269 4579 762 133
leaf_count=53806 606 726 409 248 198 876 10222 578 238 241 1787 983 146 366 115 288 345 217 1447 92 41 46 151 71 4234 1345 269 4579 762 133
internal_value=-5.87803e-07 -0.116246 0.940213 1.22999 0.700646 0.165455 -0.169579 0.256286 0.885123 1.42855 0.537863 0.296677 0.261505 0.660227 1.35183 1.04658 0.608909 1.28189 1.10575 1.77152 1.62753 1.65669 1.76975 1.3365 0.246425 1.01236 0.785219 0.0487364 1.36544 1.06722
internal_weight=85565 76150 9415 4261 5154 12122 64028 6817 2416 2046 2738 5941 4958 873 1672 2215 2132 1360 1806 374 282 312 266 359 4812 1543 635 5305 979 381
internal_count=85565 76150 9415 4261 5154 12122 64028 6817 2416 2046 2738 5941 4958 873 1672 2215 2132 1360 1806 374 282 312 266 359 4812 1543 635 5305 979 381
is_linear=0
shrinkage=0.03


Tree=12
num_leaves=31
num_cat=0
split_feature=30 30 36 48 30 49 36 17 36 6 1 36 36 37 151 47 49 8 35 45 6 49 140 74 138 35 45 83 144 32
split_gain=9.77689e+06 1.19844e+06 688089 171267 152133 128730 70638.8 70351.7 60550.9 59672.5 56705.9 45582.1 40690.8 36521 32700.7 32692.3 31946.8 30004.2 27142.6 24432.6 23725.6 23148.2 22977.1 22817.8 22786.2 22763.9 22328.2 22315.6 23211.6 21848.5
threshold=7.2134032249450692 1.8770309090614321 57.314559936523445 0.36018683016300207 4.0001757144927987 0.51816520094871532 91.853069305419936 1.0000000180025095e-35 1.1779963970184328 0.39500000000000007 1.5000000000000002 26.612251281738285 38.687946319580085 7.2583334445953378 1.9252077581176124 0.26545216143131262 0.22307388484478 0.82900000000000018 131.30000305175784 0.27842378616333013 0.13500000000000004 0.19001355022192004 99.045454545454561 0.47502940893173223 93.500000000000014 83.099998474121108 0.44058823585510259 61.55339116000544 1.0645833333333334 14.111805438995363
decision_type=10 10 10 10 10 10 10 2 8 10 8 10 10 10 10 8 10 10 10 10 8 10 8 8 10 10 10 10 10 10
left_child=1 8 3 9 13 15 14 -6 -1 -2 12 20 -5 -3 17 -4 -12 24 27 -18 -9 -13 23 -17 -7 -19 -22 -8 -29 -26
right_child=2 4 5 10 7 6 18 11 -10 -11 16 21 -14 -15 -16 22 19 25 -20 -21 26 -23 -24 -25 29 -27 -28 28 -30 -31
leaf_value=-0.18158947648726403 0.35436406299561407 -0.02595477545191914 0.49227515087333612 0.6788578270527611 -0.0048055820130329819 0.96964410263891598 1.8821448886160757 0.081998330259727956 -0.10553854208005149 0.66237724043759705 0.099245073835501504 0.29730255761290114 0.98831267890570096 0.10975095608807105 1.7430815208210784 0.52423803457950657 0.28198544662093394 1.8300351138040423 2.3275622273981571 0.75954198009682172 0.26130332391785072 0.5303911948430956 1.0981476220976822 1.033261381422288 1.1016797146473181 1.0570198499225081 0.70496262195818826 1.2907441276579914 1.8347434764558617 1.3519848768091887
leaf_weight=51264 1248 3001 108 493 791 340 153 692 11544 1036 89 657 1705 4404 118 141 111 120 48 734 2770 921 1112 181 545 48 106 246 99 740
leaf_count=51264 1248 3001 108 493 791 340 153 692 11544 1036 89 657 1705 4404 118 141 111 120 48 734 2770 921 1112 181 545 48 106 246 99 740
internal_value=-5.74729e-07 -0.112759 0.912007 0.691628 0.145462 1.21047 1.34532 0.258598 -0.167611 0.494076 0.835692 0.299086 0.918904 0.0547539 1.25933 0.995619 0.639868 1.2275 1.64625 0.69681 0.239708 0.433345 1.03353 0.810366 1.18804 1.60917 0.277655 1.58058 1.44685 1.24582
internal_weight=85565 76150 9415 5416 13342 3999 2457 5937 62808 2284 3132 5146 2198 7405 1911 1542 934 1793 546 845 3568 1578 1434 322 1625 168 2876 498 345 1285
internal_count=85565 76150 9415 5416 13342 3999 2457 5937 62808 2284 3132 5146 2198 7405 1911 1542 934 1793 546 845 3568 1578 1434 322 1625 168 2876 498 345 1285
is_linear=0
shrinkage=0.03


Tree=13
num_leaves=31
num_cat=0
split_feature=30 36 36 36 49 38 49 1 68 17 36 49 6 31 177 34 6 94 6 140 1 48 139 31 36 45 135 105 39 15
split_gain=9.19907e+06 1.12916e+06 649179 179571 114251 112487 96645.1 74400 64344.2 63283.4 57469.5 51614.6 39466.9 37473.2 33738.8 30634.5 30004.3 28626.9 27307.6 26440.8 26133.4 25568.6 25254.2 23738.5 23700 22932.7 22356.8 20953.2 22849.4 20815.2
threshold=7.2134032249450692 9.5799341201782244 60.327621459960945 42.034963607788093 0.51816520094871532 3.9016129970550542 0.12000540643930437 1.5000000000000002 0.69371297955513012 1.0000000180025095e-35 23.00811862945557 0.2727478444576264 0.76500000000000012 3.2182539701461796 44.500000000000007 90.833332061767592 0.45500000000000007 0.41875244945146178 0.47500000000000003 86.690476190476204 2.5000000000000004 0.33151119947433477 133.99299598555376 0.88194444775581371 80.248886108398452 0.45080643892288214 28.600658545895985 1.8333333333333337 4.7537879943847665 0.087500000000000022
decision_type=10 10 10 8 10 8 10 8 10 2 10 10 8 10 8 10 10 10 8 8 8 10 10 10 10 10 10 8 10 10
left_child=1 5 3 11 18 -1 -3 19 12 -8 -11 20 22 -9 25 -14 -15 -10 -4 -5 -2 -12 -6 -7 -24 -13 -19 -21 -29 -17
right_child=2 6 4 7 8 23 9 13 17 10 21 14 15 16 -16 29 -18 26 -20 27 -22 -23 24 -25 -26 -27 -28 28 -30 -31
leaf_value=-0.17158919881301246 0.43096930666298361 0.062328317072804368 0.7413491145066089 0.67862369453509952 1.0780651806837676 -0.11065307182826133 -0.00054771223557455574 0.13116081470300342 1.2210707322540491 0.20700420330946195 0.38413487473564661 0.45637454732081789 1.29632715269142 0.52676465944639894 0.86640412476296935 1.5798931279733999 0.88121549643485053 1.6744294089239995 1.0593325244676886 1.6278472923267193 0.078890554624317336 0.99727780818939216 1.2257158907677264 -0.01045037429398088 1.9145248139988291 0.71507534678379692 2.270572464466095 1.0262575065843864 0.783384337729504 2.3215948467719842
leaf_weight=56770 617 4177 324 302 906 3846 816 121 92 3560 2155 980 515 453 350 201 409 222 973 44 274 63 141 4763 66 450 76 1393 465 41
leaf_count=56770 617 4177 324 302 906 3846 816 121 92 3560 2155 980 515 453 350 201 409 222 973 44 274 63 141 4763 66 450 76 1393 465 41
internal_value=-5.55621e-07 -0.109376 0.884646 0.690531 1.20433 -0.156265 0.175237 0.842589 1.33314 0.246759 0.281685 0.509096 1.26003 0.625546 0.6024 1.42715 0.694944 1.68365 0.979898 0.939392 0.322698 0.401551 1.14637 -0.0552151 1.44534 0.537784 1.82647 0.980797 0.965474 1.70555
internal_weight=85565 76150 9415 5858 3557 65379 10771 3187 2260 6594 5778 2671 1870 983 1780 757 862 390 1297 2204 891 2218 1113 8609 207 1430 298 1902 1858 242
internal_count=85565 76150 9415 5858 3557 65379 10771 3187 2260 6594 5778 2671 1870 983 1780 757 862 390 1297 2204 891 2218 1113 8609 207 1430 298 1902 1858 242
is_linear=0
shrinkage=0.03


Tree=14
num_leaves=31
num_cat=0
split_feature=30 30 48 36 30 36 17 1 30 38 31 37 49 6 8 136 38 34 48 140 177 67 140 34 45 173 95 124 1 74
split_gain=8.65541e+06 1.06484e+06 613749 180266 135838 133400 62867.7 60679.4 54528.9 54240.4 49196.6 45298.3 41196 39858 37722.5 37333.4 34197 33361.8 30740.8 29860.6 29018.6 27573 27258.3 25073.6 23914 23709.2 22255.3 22149.8 20488.8 20480.8
threshold=7.2134032249450692 1.8770309090614321 0.52653631567955028 42.034963607788093 4.0001757144927987 68.564018249511733 1.0000000180025095e-35 1.5000000000000002 0.37722919881343847 64.990741729736342 3.2182539701461796 15.639610767364504 0.17124298959970477 0.45500000000000007 0.79633333333333345 29.31666666666667 13.306388854980471 101.83333206176759 0.33151119947433477 86.690476190476204 42.500000000000007 0.240384615957737 88.944444444444457 56.416666030883796 0.45080643892288214 0.1510771805683655 0.37098510651386157 5.2781309263409346 1.5000000000000002 0.94577351212501537
decision_type=10 10 10 10 10 10 2 8 8 10 10 10 10 10 10 10 10 10 10 10 8 10 8 10 10 10 10 8 8 10
left_child=1 8 3 11 16 14 -6 22 -1 -7 -9 -2 -8 -12 19 21 -3 -17 23 -4 24 -11 -5 -14 -13 29 -22 -23 -21 -24
right_child=2 4 5 7 6 9 12 10 -10 15 13 20 18 -15 -16 17 -18 -19 -20 28 26 27 25 -25 -26 -27 -28 -29 -30 -31
leaf_value=-0.1707380637274058 0.1684483857095061 -0.011657995875539017 0.67047829461119623 0.65035533638196319 -0.0047862768707285933 1.1171407319140101 0.17943235838883376 0.14764969309108167 -0.097408577670108992 1.0127398354366974 0.53521279972671942 0.40132072762654614 0.32456682819223559 0.90955807284061463 1.5121733035147189 1.565967028775864 0.11730391710257493 2.3570479904715693 0.87517123801063512 1.0400552180779248 1.2471980613745177 0.84716445423522091 0.94489308549093143 1.0543001601585122 0.67194796142823177 1.2865479760957976 0.6494994478015339 1.4810037059508561 0.68969142707816344 0.43971610101822178
leaf_weight=51726 379 3773 306 306 791 678 2080 158 11082 162 529 1252 2925 496 110 169 3632 67 98 1236 65 53 1455 43 384 177 408 778 171 76
leaf_count=51726 379 3773 306 306 791 678 2080 158 11082 162 529 1252 2925 496 110 169 3632 67 98 1236 65 53 1455 43 384 177 408 778 171 76
internal_value=-5.43748e-07 -0.106095 0.858107 0.661908 0.137307 1.15714 0.244213 0.810936 -0.1578 1.33255 0.640403 0.470413 0.282487 0.716359 0.973643 1.45139 0.0515952 1.79055 0.3524 0.939061 0.524678 1.37078 0.911105 0.335139 0.464842 0.95782 0.731636 1.44058 0.997474 0.919816
internal_weight=85565 76150 9415 5685 13342 3730 5937 3197 62808 1907 1183 2488 5146 1025 1823 1229 7405 236 3066 1713 2109 993 2014 2968 1636 1708 473 831 1407 1531
internal_count=85565 76150 9415 5685 13342 3730 5937 3197 62808 1907 1183 2488 5146 1025 1823 1229 7405 236 3066 1713 2109 993 2014 2968 1636 1708 473 831 1407 1531
is_linear=0
shrinkage=0.03


Tree=15
num_leaves=31
num_cat=0
split_feature=30 36 37 36 30 38 6 48 1 38 1 34 45 67 73 45 44 175 6 15 138 37 140 136 31 50 83 134 49 179
split_gain=8.14387e+06 1.00507e+06 580505 136638 136231 129347 68469.4 70611.3 61562 49894.2 47142.7 39054.6 35473.7 35393.6 34313 33733.1 33979.9 32825.8 32414.6 28318.4 25002.9 24011.7 22873.7 22316.2 21875.3 20722.2 20703.7 20635 20330 21302.2
threshold=7.2134032249450692 11.000222682952883 51.894445419311531 43.265741348266609 15.798126697540285 4.8240454196929941 0.055000000000000007 0.13506478816270831 1.5000000000000002 64.990741729736342 2.5000000000000004 78.833332061767592 0.4246212244033814 0.59166666865348827 0.18522727489471438 0.37638889253139501 5.2201058864593515 47.500000000000007 0.52500000000000013 0.076855855172263524 118.90000000000002 3.3229166269302373 116.86607142857144 26.303846153846155 5.9666666984558114 0.0071557187475264081 67.932425503400665 29.100000000000005 0.64064207673072826 5.5866050883068494
decision_type=10 10 10 10 10 10 8 10 8 10 8 10 8 10 10 10 10 10 8 10 10 10 10 8 10 8 10 10 10 8
left_child=1 5 3 10 18 25 -3 -8 23 28 12 -11 20 -13 -10 16 -9 19 27 -15 -2 -7 -16 -5 -12 -1 -20 -4 -6 -30
right_child=2 6 4 8 9 21 7 15 14 11 24 13 -14 17 22 -17 -18 -19 26 -21 -22 -23 -24 -25 -26 -27 -28 -29 29 -31
leaf_value=-0.16884463717915008 0.3505001931323154 -0.046535760049002964 0.69692114323297683 0.74951011036243287 0.95927228305580237 -0.094891095249527518 0.087774778842298937 0.2119837035945317 0.2740699256258477 1.1723356910293521 -0.057839390386591895 1.2790094914056558 0.70213170195465957 1.7905564548571904 0.54206796238901189 0.56486494870059722 0.38876322139889669 1.4729276468074188 1.061539544190212 2.6758880931990485 0.59791940969689639 0.013769142524298922 0.90645248263464984 0.98506237175652167 0.36232134626557427 -0.12559144499606534 0.6942240416588118 1.0340595421066339 1.0755276201956154 1.6310651328105479
leaf_weight=46116 932 1038 635 580 489 3003 2801 4177 238 497 182 339 729 144 366 332 1278 271 1204 42 607 4687 269 963 288 12718 156 220 164 100
leaf_count=46116 932 1038 635 580 489 3003 2801 4177 238 497 182 339 729 144 366 332 1278 271 1204 42 607 4687 269 963 288 12718 156 220 164 100
internal_value=-5.2451e-07 -0.102912 0.832364 0.618174 1.09144 -0.144371 0.183605 0.211421 0.782613 1.26794 0.473075 1.38099 0.529743 1.51128 0.581284 0.271268 0.2534 1.68357 0.928411 1.99047 0.448085 -0.0286635 0.696429 0.89652 0.199621 -0.159495 1.01941 0.78367 1.07381 1.28596
internal_weight=85565 76150 9415 5154 4261 66524 9626 8588 2416 2046 2738 1293 2268 796 873 5787 5455 457 2215 186 1539 7690 635 1543 470 58834 1360 855 753 264
internal_count=85565 76150 9415 5154 4261 66524 9626 8588 2416 2046 2738 1293 2268 796 873 5787 5455 457 2215 186 1539 7690 635 1543 470 58834 1360 855 753 264
is_linear=0
shrinkage=0.03


Tree=16
num_leaves=31
num_cat=0
split_feature=48 36 36 36 38 38 45 32 6 43 6 140 48 48 36 140 21 74 130 38 17 35 175 50 26 21 47 182 78 37
split_gain=7.66594e+06 1.0404e+06 507200 130534 120607 94907.6 78911.4 62555.2 54895 51572.6 50016.5 44400.9 39768.7 35768.6 35685.7 32755.6 31049.7 30089.2 28383.9 27224 26048.6 25265.5 23579.7 29760.5 24305.9 23459.7 23070.7 22944.7 22854.1 22209.4
threshold=0.2721561491489411 11.000222682952883 51.11286926269532 77.270702362060561 4.8240454196929941 30.60440826416016 0.4301948100328446 14.111805438995363 0.39500000000000007 1.3361111283302309 0.115 106.7638888888889 0.5749967396259309 0.13506478816270831 35.666337966918952 101.03333333333335 0.115 0.50119525194168102 69.100000000000009 45.580179214477546 1.0000000180025095e-35 50.100000381469734 147.50000000000003 0.55595615506172191 62.500000000000007 1.0000000180025095e-35 0.57095494866371166 62.500000000000007 0.45175178349018102 3.3229166269302373
decision_type=10 10 10 10 10 10 10 10 10 10 8 10 10 10 10 10 2 8 10 10 2 10 8 10 2 2 10 10 8 10
left_child=1 4 6 11 -1 10 14 -5 -7 -8 -3 17 16 -12 -2 -9 27 -4 28 -16 -15 -10 24 -24 -17 26 -11 -13 -14 -6
right_child=2 5 3 7 29 8 9 15 21 25 13 12 18 20 19 22 -18 -19 -20 -21 -22 -23 23 -25 -26 -27 -28 -29 -30 -31
leaf_value=-0.15470747071763852 0.35491206350769833 -0.030839225137836473 0.64092070842960058 1.0018766768990937 -0.092015038374035824 0.24297775101451671 0.1421054378019507 1.1787447880638255 0.47864296941982731 0.6751966088299125 0.078496763998496907 0.96028877218108322 0.55736706898759747 0.029956168445749817 0.45368804027815235 1.5139019236914482 1.4760580643160002 0.91848021124709112 1.7324234128439868 0.74530489799080057 0.25460489417124998 0.94459665148961736 2.3848788782033052 1.5848509657553262 0.9416058444916936 1.0767963631969883 0.9806426558864314 0.65029012392812213 1.1921477440259769 0.01252435113662582
leaf_weight=58833 1195 1335 588 535 3002 1468 121 371 740 1070 2377 806 56 535 623 326 84 874 81 536 3527 122 55 175 84 214 281 293 577 4681
leaf_count=58833 1195 1335 588 535 3002 1468 121 371 740 1070 2377 806 56 535 623 326 84 874 81 536 3527 122 55 175 84 214 281 293 577 4681
internal_value=-5.0772e-07 -0.0970236 0.831068 1.03609 -0.140109 0.186615 0.582154 1.26421 0.354561 0.73882 0.136279 0.931092 1.02684 0.170928 0.469945 1.40303 0.920132 0.806849 1.20365 0.588551 0.225017 0.54459 1.53304 1.77616 1.39665 0.784956 0.738728 0.877641 1.13599 -0.0283226
internal_weight=85565 76620 8945 4905 66516 10104 4040 1546 2330 1686 7774 3359 1897 6439 2354 1011 1183 1462 714 1159 4062 862 640 230 410 1565 1351 1099 633 7683
internal_count=85565 76620 8945 4905 66516 10104 4040 1546 2330 1686 7774 3359 1897 6439 2354 1011 1183 1462 714 1159 4062 862 640 230 410 1565 1351 1099 633 7683
is_linear=0
shrinkage=0.03


Tree=17
num_leaves=31
num_cat=0
split_feature=36 30 48 36 30 45 32 6 49 36 1 35 68 8 140 44 37 38 45 44 69 140 139 91 6 6 17 14 15 178
split_gain=7.21689e+06 896301 525342 147178 115490 91465.5 66661.6 62169.8 47004.6 46702.4 42954.6 40168.9 34361 33009.1 33143.3 30262.2 29355.5 29049 27555.6 29397.5 26076 23997.4 23677.9 22818.8 22818.7 22214.5 22169.5 20172.6 19621.5 19406.8
threshold=31.349176406860355 1.8770309090614321 0.45111250877380377 68.564018249511733 4.0001757144927987 0.32392686605453497 14.111805438995363 0.03500000000000001 0.2727478444576264 1.1779963970184328 1.5000000000000002 42.100000381469734 0.15654369443655017 0.79633333333333345 108.37980769230771 4.5249664783477792 105.85909271240236 7.2824397087097177 0.44058823585510259 4.1374928951263437 0.42499999701976782 116.26969696969698 147.71885152606731 19.317875885598792 0.45500000000000007 0.055000000000000007 12.500000000000002 0.11999999999999997 0.081949177756139788 4.6397519831396918
decision_type=10 10 8 10 10 10 10 8 10 8 8 10 10 10 10 10 10 10 10 10 10 10 10 10 8 8 2 8 8 10
left_child=1 9 5 10 17 12 24 -6 18 -1 13 -7 -2 14 27 -8 22 -3 19 -9 -12 -13 -17 -10 -5 -19 -14 -4 -22 -26
right_child=2 4 3 6 7 11 15 8 23 -11 20 21 26 -15 -16 16 -18 25 -20 -21 28 -23 -24 -25 29 -27 -28 -29 -30 -31
leaf_value=-0.15651662217732823 0.22226290592480274 -0.062334938155707793 0.66817108894036692 0.44508131665243228 -0.08845428576792469 0.54013733987546864 1.16308401873164 0.12645282998578367 0.92046832230413633 -0.089709721791005892 0.29053984694138257 0.69057971790104156 0.35454393393364003 1.4120985549360241 0.98216370260172003 1.2962167999620284 1.8848111768739413 -0.066236469688997782 0.61934476306805242 0.2854619483702634 0.50607141743040385 0.97733589307009394 1.986001462522818 0.39117218261161557 1.1027895089778978 0.10349404877889729 0.57483184738290993 0.95456396771311947 0.9673929689527192 0.76036872519885446
leaf_weight=51264 630 1697 739 71 524 884 707 2394 79 11537 167 614 711 109 1253 521 113 810 143 1859 157 459 49 1017 538 4846 975 316 176 206
leaf_count=51264 630 1697 739 71 524 884 707 2394 79 11537 167 614 711 109 1253 521 113 810 143 1859 157 459 49 1017 538 4846 975 316 176 206
internal_value=-4.93026e-07 -0.0967624 0.784497 0.989397 0.126281 0.538886 1.17436 0.223763 0.253552 -0.144244 0.84958 0.68988 0.411299 0.901941 0.877847 1.30067 1.44308 0.046525 0.209729 0.195956 0.596469 0.813246 1.35551 0.429324 0.958942 0.0791868 0.481935 0.753953 0.749893 1.00798
internal_weight=85565 76170 9395 5122 13369 4273 2205 6016 5492 62801 2917 1957 2316 2417 2308 1390 683 7353 4396 4253 500 1073 570 1096 815 5656 1686 1055 333 744
internal_count=85565 76170 9395 5122 13369 4273 2205 6016 5492 62801 2917 1957 2316 2417 2308 1390 683 7353 4396 4253 500 1073 570 1096 815 5656 1686 1055 333 744
is_linear=0
shrinkage=0.03


Tree=18
num_leaves=31
num_cat=1
split_feature=30 30 37 6 38 37 38 34 193 6 49 6 38 178 171 67 134 48 45 26 175 46 45 21 6 38 96 171 15 12
split_gain=6.79107e+06 838972 491145 117716 113957 110928 58902.4 46013.4 45005.3 44792.6 38698.8 36168.3 35596.5 34339.4 34225.4 32174.5 29696 29295.8 26966.9 25197.2 25480.2 24713.1 24008.8 39052.3 23021.4 22713.8 22001.5 21859 19815.1 19292.8
threshold=7.2134032249450692 1.8770309090614321 51.894445419311531 0.39500000000000007 66.719806671142592 12.825757503509523 43.139610290527351 78.833332061767592 0 0.075000000000000025 0.68069717288017284 0.025000000000000005 30.082216262817386 4.7580108443348328 12.798924654722216 0.59166666865348827 28.900000000000002 0.36018683016300207 0.48074074089527136 8.5000000000000018 153.50000000000003 0.36531439423561102 0.2674796879291535 0.26500000000000007 0.57500000000000007 7.7747583389282235 0.4163997171459482 0.69574275612831127 0.076855855172263524 0.70838975486278544
decision_type=10 10 10 8 10 10 10 10 1 8 10 10 10 8 8 10 10 10 10 2 8 10 8 2 8 10 8 8 10 8
left_child=1 8 3 11 10 25 18 -6 27 -7 16 -2 22 -12 -8 29 24 -13 -5 -17 -21 -18 -11 -24 -4 -3 -20 -1 -22 -9
right_child=2 5 4 6 7 9 14 15 -10 12 13 17 -14 -15 -16 19 21 -19 26 20 28 -23 23 -25 -26 -27 -28 -29 -30 -31
leaf_value=-0.11224200383709493 -0.15007241324108578 -0.059130868448701218 0.64100943787812936 0.44262954562438189 1.0302640788898092 -0.021457542007856663 0.65235948419727874 0.87437055756105109 -0.15031386423115911 0.16293507771145396 0.92221702413405138 0.29373915682159785 0.3599262777592947 1.6064200622102489 0.92612761707935254 0.86680190890431397 0.58935420640515834 0.55039002230725853 0.80367585555046983 1.4091684933581297 1.6731710687821562 1.0907536318457782 0.28425075221411916 1.084109430924058 0.86518379075627361 0.066915378470165446 0.46517956139224265 -0.014794376688147851 2.4264517336999147 1.315528422616836
leaf_weight=5869 115 1792 729 995 816 709 788 152 53737 4108 155 965 1459 115 859 50 106 684 477 284 110 535 651 60 949 4563 271 3202 44 216
leaf_count=5869 115 1792 729 995 816 709 788 152 53737 4108 155 965 1459 115 859 50 106 684 477 284 110 535 651 60 949 4563 271 3202 44 216
internal_value=-4.79448e-07 -0.0939766 0.760093 0.563078 0.998398 0.122075 0.6665 1.19145 -0.139871 0.204573 0.87372 0.364324 0.230099 1.21364 0.795144 1.34511 0.834144 0.400197 0.544942 1.50483 1.57766 1.00784 0.190793 0.351749 0.767792 0.0313725 0.681039 -0.0777579 1.88839 1.13331
internal_weight=85565 76150 9415 5154 4261 13342 3390 1672 62808 6987 2589 1764 6278 270 1647 856 2319 1649 1743 488 438 641 4819 711 1678 6355 748 9071 154 368
internal_count=85565 76150 9415 5154 4261 13342 3390 1672 62808 6987 2589 1764 6278 270 1647 856 2319 1649 1743 488 438 641 4819 711 1678 6355 748 9071 154 368
cat_boundaries=0 1
cat_threshold=6
is_linear=0
shrinkage=0.03


Tree=19
num_leaves=31
num_cat=1
split_feature=36 36 48 36 48 48 6 36 32 49 1 44 6 140 45 140 173 67 48 68 6 73 135 6 193 182 6 26 38 91
split_gain=6.39792e+06 792504 464780 131516 92826.3 82815.8 62701.5 59908.1 59823.9 48506.4 39237.7 39218.5 32693.7 30790.2 29581 29455.7 29531.7 31804.4 26465.9 25163.8 25523.6 24315 23852.1 22323.5 22103.1 21238.9 20970.2 20937.8 19978 19289.6
threshold=31.349176406860355 8.0030126571655291 0.45111250877380377 68.564018249511733 0.11147921904921533 0.3134750127792359 0.055000000000000007 1.548485338687897 14.111805438995363 0.2727478444576264 1.5000000000000002 4.4944245815277108 0.22500000000000003 86.690476190476204 0.44562648236751562 102.03333333333335 0.11737940018135563 0.65476191043853771 0.55556797981262218 0.19526211917400363 0.94500000000000006 0.18035714328289035 26.740797685440018 0.24500000000000002 0 53.500000000000007 0.45500000000000007 64.500000000000014 29.373271942138675 19.317875885598792
decision_type=10 10 8 10 10 10 8 8 10 10 8 10 10 8 10 10 10 10 10 10 10 10 10 8 1 10 8 2 10 10
left_child=1 7 5 10 -3 12 -6 -1 26 14 13 23 -2 -4 -8 -10 18 -18 -17 -15 -21 -12 -20 -7 -9 27 -5 -24 -14 -11
right_child=2 4 3 8 6 11 9 24 15 29 21 -13 28 19 -16 16 17 -19 22 20 -22 -23 25 -25 -26 -27 -28 -29 -30 -31
leaf_value=-0.14657092593479953 0.17077867530628785 0.0076850916886018854 0.57415377456448835 0.40953818923938018 -0.056885862946728677 0.25060226052148005 0.17318215897882186 -0.030654554170705377 1.0475144887556842 0.84073996185347799 0.10462295620765706 0.7945520963734608 0.28375546652846445 0.61406409360669756 0.61257417173144668 0.79173013995823105 1.1529405116200446 2.1151570643319024 1.0629979314979003 0.91281930771168396 1.6609575508322034 0.6539786092386336 1.7830253969793468 0.58844570383973938 -0.11550726864250857 1.2043687303935486 0.94915551259032171 1.1497251496391911 0.51435421756422406 0.36254676473694414
leaf_weight=52880 533 3778 318 71 853 210 6264 5990 521 82 88 865 491 259 141 95 50 81 207 1798 42 412 194 1088 5158 180 744 62 1086 1024
leaf_count=52880 533 3778 318 71 853 210 6264 5990 521 82 88 865 491 259 141 95 50 81 207 1798 42 412 194 1088 5158 180 744 62 1086 1024
internal_value=-9.92194e-07 -0.0911074 0.738645 0.931372 0.131106 0.507625 0.186854 -0.133247 1.10622 0.214535 0.799204 0.638069 0.373904 0.849248 0.182855 1.22587 1.3328 1.7479 1.25912 0.890925 0.929896 0.557292 1.32818 0.533787 -0.0700456 1.45407 0.902146 1.62965 0.442557 0.398001
internal_weight=85565 76170 9395 5122 12142 4273 8364 64028 2205 7511 2917 2163 2110 2417 6405 1390 869 131 738 2099 1840 500 643 1298 11148 436 815 256 1577 1106
internal_count=85565 76170 9395 5122 12142 4273 8364 64028 2205 7511 2917 2163 2110 2417 6405 1390 869 131 738 2099 1840 500 643 1298 11148 436 815 256 1577 1106
cat_boundaries=0 1
cat_threshold=6
is_linear=0
shrinkage=0.03


Tree=20
num_leaves=31
num_cat=0
split_feature=36 30 48 36 37 45 38 45 50 1 112 35 138 68 140 21 24 38 69 131 140 139 38 84 131 45 68 1 35 73
split_gain=6.01982e+06 746419 437312 123743 98335.5 79115.1 56498 46523.3 40725.9 36918.7 36279.8 35397.3 31665.3 30471.1 29744.6 29446.6 28563 25141.6 23629 22389.3 22318.5 22225.3 21754.1 21420.5 22569 21332.3 20559.6 20249.9 22881.5 20205.2
threshold=31.349176406860355 1.8770309090614321 0.45111250877380377 68.564018249511733 13.379807472229006 0.32392686605453497 70.25403213500978 0.27842378616333013 0.012196192052215339 1.5000000000000002 2.1937500000000005 42.100000381469734 87.450000000000017 0.15654369443655017 108.37980769230771 0.19500000000000003 1.0000000180025095e-35 25.82891941070557 0.42499999701976782 70.359130246679086 116.26969696969698 151.30246454924966 7.7747583389282235 64.654761904761912 66.605587704764602 0.81165540218353283 0.11081871390342714 1.5000000000000002 49.45000076293946 0.19519230723381045
decision_type=10 10 8 10 10 10 10 10 8 8 10 10 10 10 8 2 2 10 10 10 10 8 8 8 10 10 10 8 10 10
left_child=1 8 5 9 22 13 21 16 -1 14 12 -7 -8 -2 -4 19 17 -6 -11 -9 -13 -5 -3 25 -25 -14 -16 28 -15 -29
right_child=2 4 3 6 7 11 10 15 -10 18 -12 20 23 27 26 -17 -18 -19 -20 -21 -22 -23 -24 24 -26 -27 -28 29 -30 -31
leaf_value=-0.14360564264008024 0.19572015444668275 -0.054605363421372753 0.69500994479799372 0.87272350316340785 0.13841385194366373 0.49225808499195522 0.80257728724779476 0.29699846198787999 -0.082663329204359551 0.24935199699805169 1.9400441571474076 0.63033554165062855 1.2708886550823848 0.43056536798147571 0.36128995069002701 0.87244111798934099 -0.030649516598325998 0.28337285906174187 0.6866211534714376 1.0124903004343917 0.90687878534246502 1.3207888624313715 0.066980749244348908 1.201045164810794 0.62155811997503041 1.7271489344845556 0.93307058477766225 0.10156342137016747 0.74690382895697105 0.43343352474137598
leaf_weight=50537 630 1817 968 973 3332 884 167 985 12264 167 60 614 450 637 59 97 621 1591 333 41 459 111 4885 248 80 116 1390 247 304 498
leaf_count=50537 630 1817 968 973 3332 884 167 985 12264 167 60 614 450 637 59 97 621 1591 333 41 459 111 4885 248 80 116 1390 247 304 498
internal_value=-1.47186e-06 -0.0883748 0.716486 0.903431 0.115167 0.492396 1.07303 0.196744 -0.131705 0.775228 1.22236 0.632826 1.18178 0.373734 0.823771 0.372825 0.161076 0.185261 0.540573 0.32559 0.748633 0.918605 0.0340172 1.25261 1.05971 1.3644 0.909789 0.440252 0.532762 0.323404
internal_weight=85565 76170 9395 5122 13369 4273 2205 6667 62801 2917 1121 1957 1061 2316 2417 1123 5544 4923 500 1026 1073 1084 6702 894 328 566 1449 1686 941 745
internal_count=85565 76170 9395 5122 13369 4273 2205 6667 62801 2917 1121 1957 1061 2316 2417 1123 5544 4923 500 1026 1073 1084 6702 894 328 566 1449 1686 941 745
is_linear=0
shrinkage=0.03


Tree=21
num_leaves=31
num_cat=1
split_feature=48 36 36 36 37 38 31 32 6 6 140 91 6 67 31 74 93 138 21 30 46 38 193 35 6 175 97 50 17 74
split_gain=5.66895e+06 772256 381344 98024.8 91027.8 73755.1 61315.6 47345.3 45439.4 41013 36903.8 32526.6 30465.9 29262 25746.4 25272 24319.4 22361.1 22067.4 27980.5 23191.1 22033.5 21551.1 21140.4 20993 20016.2 32379.3 23929.3 22126.3 19177.6
threshold=0.2721561491489411 11.000222682952883 51.11286926269532 77.270702362060561 3.3229166269302373 30.60440826416016 10.345237731933596 14.111805438995363 0.39500000000000007 0.14500000000000005 106.7638888888889 31.310466046394179 0.24500000000000002 0.20994552969932559 2.9198718070983891 0.50119525194168102 0.31779198468315101 89.90000000000002 0.13500000000000004 15.798126697540285 0.71922737360000621 7.7747583389282235 0 50.100000381469734 0.35500000000000004 147.50000000000003 2.0387205387205394 0.58588895201683056 26.500000000000004 0.23876688629388812
decision_type=10 10 10 10 10 10 10 10 10 8 10 10 8 10 10 8 10 10 2 10 10 10 1 10 8 8 8 10 2 8
left_child=1 4 6 10 22 9 12 -5 -7 -3 15 18 -2 -9 -11 -4 -8 -15 19 20 -12 -6 -1 -10 -18 -19 -27 -28 -29 -16
right_child=2 5 3 7 21 8 16 13 23 14 11 -13 -14 17 29 -17 24 25 -20 -21 -22 -23 -24 -25 -26 26 27 28 -30 -31
leaf_value=-0.086693285666631079 0.18722760762453458 -0.018003549695061089 0.53611860084594509 0.86190274295477176 -0.064456536937668313 0.20746660409444481 0.9639403854743126 0.83446863537571236 0.42155219920384823 0.056431480739146743 0.80008028997798164 0.60549261727388581 0.45554617724499602 0.94343546711060466 0.32585328201482266 0.79049115788700897 0.39877740851808652 1.2378182954585326 1.4049722307657992 1.1095878956481333 1.5116783465756927 0.042315042040511695 -0.13989631420066931 0.847774391872961 0.66474282436510024 1.0140119474855336 2.260457167398362 1.1135260848488124 1.9864533366475787 0.16184710309525088
leaf_weight=8064 474 1615 588 535 4106 1468 186 157 740 1801 995 306 1938 147 782 874 354 473 88 465 43 3018 51328 122 1088 66 63 56 49 3576
leaf_count=8064 474 1615 588 535 4106 1468 186 157 740 1801 995 306 1938 147 782 874 354 473 88 465 43 3018 51328 122 1088 66 63 56 49 3576
internal_value=-1.42659e-06 -0.0834356 0.714669 0.892439 -0.120556 0.160934 0.498835 1.09012 0.308986 0.11656 0.801455 0.88875 0.402817 1.21089 0.151845 0.688185 0.641094 1.28009 0.943229 0.916195 0.829559 -0.019224 -0.132711 0.481876 0.59945 1.35009 1.57704 1.79823 1.52089 0.191276
internal_weight=85565 76620 8945 4905 66516 10104 4040 1546 2330 7774 3359 1897 2412 1011 6159 1462 1628 854 1591 1503 1038 7124 59392 862 1442 707 234 168 105 4358
internal_count=85565 76620 8945 4905 66516 10104 4040 1546 2330 7774 3359 1897 2412 1011 6159 1462 1628 854 1591 1503 1038 7124 59392 862 1442 707 234 168 105 4358
cat_boundaries=0 1
cat_threshold=6
is_linear=0
shrinkage=0.03


Tree=22
num_leaves=31
num_cat=1
split_feature=36 30 36 46 30 49 6 6 68 193 45 6 38 49 44 38 34 94 6 138 89 6 171 41 135 49 73 5 137 132
split_gain=5.33669e+06 660719 389659 130932 87489.2 69967 50976.7 50222.8 46011.1 36878.5 36764.1 30905.9 30686.9 25833.6 25192.2 23377.2 23115.5 23051.4 21258.1 20863.4 20115.6 19837.1 19509.9 19447.2 27425.4 20403 19394.9 18870 18860.8 18059.7
threshold=31.349176406860355 1.8770309090614321 60.327621459960945 0.32252496480941778 4.0001757144927987 0.51816520094871532 0.23500000000000001 0.03500000000000001 0.69371297955513012 0 0.46770833432674414 0.76500000000000012 43.139610290527351 0.2727478444576264 4.1374928951263437 13.306388854980471 90.833332061767592 0.41875244945146178 0.47500000000000003 93.500000000000014 18.416666666666668 0.23500000000000001 0.69574275612831127 5.8002381324768075 28.600658545895985 0.64064207673072826 0.4903125017881394 1.0000000180025095e-35 103.83333333333336 66.677083333333357
decision_type=10 10 10 8 10 10 8 8 10 1 10 8 10 10 10 10 10 10 8 10 8 10 8 10 10 10 8 2 10 10
left_child=1 9 3 21 15 18 -5 -6 11 22 13 19 -8 14 -9 -3 28 -10 -4 -7 -12 -2 -1 24 25 -19 -14 -20 -13 -21
right_child=2 4 5 6 7 8 12 10 17 -11 20 16 26 -15 -16 -17 -18 23 27 29 -22 -23 -24 -25 -26 -27 -28 -29 -30 -31
leaf_value=-0.10033507363017649 0.17671944838704351 -0.013289190726250935 0.53954535762229594 0.24523733914929691 -0.087483032655169948 0.592313429107582 0.54897384636282054 0.10712070667932028 0.90378930156807535 -0.13342971956511121 1.1732357585139392 0.75647122658907417 0.60583472021824702 0.34504631956609394 0.25378939363881231 0.093727848747813758 1.3503850014575502 1.7169135627746581 0.85129223602221282 0.85737876823804804 0.45169712072132584 0.38700185506836193 -0.0082724456054313819 2.0453647433008464 1.8600569301584491 0.98385457472482196 0.79692908228110071 0.30639719844841568 1.1331448398384214 1.1976278797742621
leaf_weight=5869 553 3769 332 289 524 212 1366 2417 92 53730 41 189 728 936 1869 3584 242 45 918 727 229 1496 3202 42 69 142 1392 61 326 174
leaf_count=5869 553 3769 332 289 524 212 1366 2417 92 53730 41 189 728 936 1869 3584 242 45 918 727 229 1496 3202 42 69 142 1392 61 326 174
internal_value=-2.18395e-06 -0.0832103 0.674608 0.523322 0.108291 0.921343 0.628118 0.193136 1.02248 -0.123977 0.21991 0.960665 0.65986 0.202261 0.171079 0.0388731 1.10855 1.31889 0.746991 0.860083 0.561264 0.330249 -0.0677629 1.44704 1.34888 1.16026 0.731308 0.817341 0.994909 0.923087
internal_weight=85565 76170 9395 5824 13369 3571 3775 6016 2260 62801 5492 1870 3486 5222 4286 7353 757 390 1311 1113 270 2049 9071 298 256 187 2120 979 515 901
internal_count=85565 76170 9395 5824 13369 3571 3775 6016 2260 62801 5492 1870 3486 5222 4286 7353 757 390 1311 1113 270 2049 9071 298 256 187 2120 979 515 901
cat_boundaries=0 1
cat_threshold=6
is_linear=0
shrinkage=0.03


Tree=23
num_leaves=31
num_cat=0
split_feature=36 36 36 45 48 38 6 36 67 45 31 6 38 112 49 17 83 7 96 137 116 47 174 175 179 74 6 73 84 130
split_gain=5.0213e+06 623781 366630 124022 74945.9 66467 53377.1 49047.1 41812.8 40070.1 38822.5 34013.4 28888.2 27632.1 26927.4 24265.8 24190.2 24002.4 24569.6 23383 23128.9 22277.8 22134.1 21438.4 20951.5 20125.5 19768.1 19468.8 20068.4 18961.6
threshold=31.349176406860355 8.0030126571655291 60.327621459960945 0.32392686605453497 0.11147921904921533 70.25403213500978 0.055000000000000007 2.178275585174561 0.13809524476528171 0.46770833432674414 9.6770834922790545 0.50500000000000012 46.671569824218757 2.1937500000000005 0.2727478444576264 22.500000000000004 59.6655907034419 0.90416666666666679 0.43822388140933483 151.16666666666671 0.063752252158369424 0.31791390478610998 22.500000000000004 66.500000000000014 4.8003448420483625 0.57295873761177074 0.23500000000000001 0.64679485559463512 60.88194444444445 65.366666666666688
decision_type=10 10 10 8 10 10 8 8 10 10 10 8 10 10 10 2 10 10 10 10 10 8 10 8 10 10 8 10 10 10
left_child=1 7 3 12 -3 11 -6 -1 -7 14 26 21 -2 17 -8 -14 22 18 27 20 24 -4 -12 -18 -13 -20 -5 -10 -29 -21
right_child=2 4 5 10 6 8 9 -9 13 -11 16 19 15 -15 -16 -17 23 -19 25 29 -22 -23 -24 -25 -26 -27 -28 28 -30 -31
leaf_value=-0.12892944146781296 0.25765801513020664 0.005531577098835604 0.024236697605100728 -0.035655839249957348 -0.058365062117436847 0.68656946897799531 0.15621130800334998 -0.054437075565901112 0.68894176799910412 0.54953085101373922 1.0126228984923167 0.91845577990185856 0.35633704041494541 1.774407765112425 0.32795395420740048 0.72322639711390369 0.45961067915965731 1.7196615482416917 1.4327589721826539 0.88213116833657024 0.4843852035709888 0.64572137256515105 0.54767183909774753 0.6949424150839939 0.62861192768007823 1.0633592041898015 0.50615023215064225 1.617983900731802 0.94733642995247935 1.4248432624045138
leaf_weight=54720 1519 3778 59 64 853 229 6294 9308 210 272 329 1005 443 57 945 256 455 53 207 125 173 432 128 1487 289 370 1143 50 204 108
leaf_count=54720 1519 3778 59 64 853 229 6294 9308 210 272 329 1005 443 57 945 256 455 53 207 125 173 432 128 1487 289 370 1143 50 204 108
internal_value=-2.58232e-06 -0.0807145 0.65437 0.507622 0.11643 0.893703 0.166523 -0.1181 1.05679 0.192063 0.616197 0.790984 0.331103 1.13044 0.178631 0.490706 0.686018 1.09689 1.06519 0.854509 0.810167 0.571042 0.882396 0.639805 0.853722 1.19588 0.477421 0.902659 1.07935 1.13369
internal_weight=85565 76170 9395 5824 12142 3571 8364 64028 1380 7511 3606 2191 2218 1151 7239 699 2399 1094 1041 1700 1467 491 457 1942 1294 577 1207 464 254 233
internal_count=85565 76170 9395 5824 12142 3571 8364 64028 1380 7511 3606 2191 2218 1151 7239 699 2399 1094 1041 1700 1467 491 457 1942 1294 577 1207 464 254 233
is_linear=0
shrinkage=0.03


Tree=24
num_leaves=31
num_cat=0
split_feature=48 36 36 38 37 38 45 43 6 34 140 6 112 36 139 67 45 38 21 134 48 17 47 141 38 182 21 36 90 189
split_gain=4.72603e+06 646015 320318 83717.8 78511.6 63969.7 52699.1 44923.4 43774.8 40401.8 35716.4 34575.6 28827.8 26381.4 24822.7 27706.2 27382.3 24199.8 23144.7 22672.8 22649.9 20881.4 20331.1 19647 19376.7 19348.5 19039.6 18797.9 18721.1 18691.5
threshold=0.2721561491489411 11.000222682952883 51.11286926269532 70.25403213500978 1.966666638851166 30.082216262817386 0.44058823585510259 1.3361111283302309 0.39500000000000007 78.833332061767592 106.7638888888889 0.115 2.3693181818181821 35.666337966918952 128.71164972358 0.2264957278966904 0.59317129850387584 7.7747583389282235 1.0000000180025095e-35 29.733333333333338 0.13506478816270831 1.0000000180025095e-35 0.55526104569435131 1.5833333333333337 45.580179214477546 72.500000000000014 0.15500000000000003 40.958795547485359 32.366666666666674 257.90000000000003
decision_type=10 10 10 10 10 10 10 10 10 10 10 8 10 10 10 8 10 10 2 10 10 2 10 10 10 10 2 10 10 2
left_child=1 4 6 10 -1 11 13 -8 -7 28 29 -3 14 23 15 -11 -16 -6 22 25 -13 -22 -9 -2 -15 -12 -23 -10 -5 -4
right_child=2 5 3 9 17 8 7 18 27 12 19 20 -14 24 16 -17 -18 -19 -20 -21 21 26 -24 -25 -26 -27 -28 -29 -30 -31
leaf_value=-0.12386465029041983 0.22099119519084606 -0.035852371979056538 0.70930555825800456 0.88168739255969431 -0.066355949064160216 0.18479589165356688 0.0038020681711760434 0.51330945794118776 0.36232109428018605 0.39656062328815461 0.79057835494270035 0.060050794455290428 1.9061875899348939 0.3544950402998997 0.76658667894926935 1.0757237150706349 1.631580617082028 0.031908071122474929 0.92557936705648891 0.9614297457482871 -0.0079502611681818956 0.18623176773704003 0.78591142858829566 0.57392650670576384 0.59384069596069644 0.45904962579569508 0.49515338680932391 0.66970106521885286 0.3378179004884535 0.48961540916369328
leaf_weight=56490 1056 1313 826 701 6599 1588 110 945 651 60 1069 2368 42 656 44 546 131 3427 208 635 480 3267 333 164 568 186 190 247 62 603
leaf_count=56490 1056 1313 826 701 6599 1588 110 945 651 60 1069 2368 42 656 44 546 131 3427 208 635 480 3267 333 164 568 186 190 247 62 603
internal_value=-2.50203e-06 -0.0761824 0.65253 0.815457 -0.110134 0.147323 0.454719 0.5888 0.279462 0.99475 0.729781 0.104202 1.14054 0.367161 1.09937 1.00848 1.4141 -0.0327682 0.632104 0.815354 0.133368 0.177466 0.58434 0.268435 0.465564 0.741443 0.20321 0.446868 0.837494 0.616602
internal_weight=85565 76620 8945 4905 66516 10104 4040 1596 2486 1586 3319 7618 823 2444 781 606 175 10026 1486 1890 6305 3937 1278 1220 1224 1255 3457 898 763 1429
internal_count=85565 76620 8945 4905 66516 10104 4040 1596 2486 1586 3319 7618 823 2444 781 606 175 10026 1486 1890 6305 3937 1278 1220 1224 1255 3457 898 763 1429
is_linear=0
shrinkage=0.03


Tree=25
num_leaves=31
num_cat=0
split_feature=36 38 48 48 48 34 44 6 45 139 67 140 36 38 95 6 11 82 8 38 13 179 139 138 174 39 45 130 175 173
split_gain=4.44792e+06 554177 330572 111563 84636.3 63593.8 51993.7 51135.4 36403.2 36190.5 29988 29903.6 27853.6 26518.6 25910 25772.5 25718.8 25332.1 27898.3 24691.8 22594.5 21935.5 24377.9 21821.2 21701.2 23299.7 19330.6 19282.9 18873.5 18560.6
threshold=31.349176406860355 7.7747583389282235 0.54587534070014965 0.3134750127792359 0.11147921904921533 78.833332061767592 4.2222857475280771 0.055000000000000007 0.46770833432674414 168.59920194771442 0.5419580638408662 106.31666666666668 1.398618817329407 44.263767242431648 0.53622319911856875 0.22500000000000003 0.6964044605998948 61.900000000000006 0.84450000000000014 30.60440826416016 -1.0000000180025095e-35 5.7188451991322644 157.82409076731878 84.300000000000026 8.5000000000000018 4.878676414489747 0.46247655153274542 69.100000000000009 129.50000000000003 -0.13303824098631062
decision_type=10 10 8 10 10 10 10 8 10 8 10 10 8 10 8 10 8 10 8 10 10 8 10 8 10 10 10 10 10 10
left_child=1 12 3 15 -3 11 21 -6 19 10 16 -4 -1 23 29 -2 -7 18 -12 -9 -13 26 -23 -8 25 -19 -5 -22 -18 -15
right_child=2 4 5 6 7 9 13 8 -10 -11 17 20 -14 14 -16 -17 28 24 -20 -21 27 22 -24 -25 -26 -27 -28 -29 -30 -31
leaf_value=-0.12323423904958725 0.12781074158263728 0.0034370002431939081 0.62370989542005451 0.26646180409242948 -0.057559864669793938 0.6435536348247769 0.044015548160442938 0.13719525849667452 0.53154224646685178 1.8599452071189879 1.235661171362249 0.34722819520412262 -0.068859238036743528 1.1970569209568203 1.1055177942014509 0.36911286000056059 0.92159600919292561 1.8152905690407051 2.103202831864357 0.26795479272566353 0.8457132701547011 0.54875609915410173 1.2513603347897528 0.5753591122639572 0.85100616178876343 0.90845975062426387 0.50909288959387755 1.2581302655488253 1.5293573305167649 0.67455459067882995
leaf_weight=52036 533 5546 896 627 915 297 78 5595 256 45 201 74 10129 64 155 1577 238 51 40 1693 972 400 50 643 281 51 559 114 57 1392
leaf_count=52036 533 5546 896 627 915 297 78 5595 256 45 201 74 10129 64 155 1577 238 51 40 1693 972 400 50 643 281 51 559 114 57 1392
internal_value=-2.427e-06 -0.0759665 0.615877 0.484415 0.094518 0.856764 0.57814 0.154234 0.179922 1.02449 0.993576 0.753891 -0.114375 0.669098 0.736776 0.308158 0.840623 1.13869 1.37965 0.167571 0.854444 0.448487 0.626823 0.517877 0.98706 1.36188 0.380822 0.889006 1.03903 0.697522
internal_weight=85565 76170 9395 6078 14005 3317 3968 8459 7544 1261 1216 2056 62165 2332 1611 2110 592 624 241 7288 1160 1636 450 721 383 102 1186 1086 295 1456
internal_count=85565 76170 9395 6078 14005 3317 3968 8459 7544 1261 1216 2056 62165 2332 1611 2110 592 624 241 7288 1160 1636 450 721 383 102 1186 1086 295 1456
is_linear=0
shrinkage=0.03


Tree=26
num_leaves=31
num_cat=0
split_feature=48 36 36 45 37 38 36 6 140 43 48 6 36 74 144 132 38 83 38 28 49 11 91 21 111 67 42 69 35 35
split_gain=4.18698e+06 573596 286237 75239.7 70051.8 57112 54793.5 40022.2 36106 35212.5 34771.2 31206.3 31184.6 26812.6 24112 21617.6 21248.7 21018.5 20901.9 20804.9 20397.9 20035.3 22795 19101.6 18548.2 18476.3 19765.7 17657.4 17576.4 17549.8
threshold=0.2721561491489411 11.000222682952883 57.314559936523445 0.46247655153274542 1.966666638851166 30.082216262817386 91.853069305419936 0.39500000000000007 108.05000000000001 1.3361111283302309 0.55556797981262218 0.115 35.666337966918952 0.50119525194168102 1.0801282051282053 66.677083333333357 7.7747583389282235 66.13190160185367 43.139610290527351 22.500000000000004 0.12000540643930437 0.6964044605998948 21.748984504194492 0.12500000000000003 1.2901829140495573 0.20000666379928592 3.5379965305328374 0.24499999731779101 40.100000381469734 50.100000381469734
decision_type=10 10 10 10 10 10 10 10 10 10 10 8 10 8 10 10 10 10 10 10 10 10 10 2 8 8 10 10 10 10
left_child=1 4 3 12 -1 11 8 -7 13 28 23 -3 -2 -4 17 21 -6 24 27 -16 -13 22 -12 -10 -8 -15 -27 -14 -5 -9
right_child=2 5 6 9 16 7 14 29 10 -11 15 20 18 25 19 -17 -18 -19 -20 -21 -22 -23 -24 -25 -26 26 -28 -29 -30 -31
leaf_value=-0.11666804689888936 0.25565817669086316 -0.034900547836342243 0.46493561394294192 -0.26843714745421154 -0.062092589814168472 0.17323706170498282 0.47836996327999026 0.37123843594804673 0.66130172426401546 0.63556665735655582 0.18583965824408966 0.054512016538980412 0.034950538858041891 0.46508763730037406 1.1408217844963073 1.2251925173959806 0.029985184366302521 0.61628237063005087 0.54643793877388436 1.8793828723009893 0.16667095095392181 1.441503915830092 0.89168424455710105 1.2731809286195404 1.1395605764553343 0.30971201105591128 0.84429114348169043 0.40465246050735382 0.43248403730223306 0.75830441319673769
leaf_weight=56490 1264 1313 486 57 6599 1588 43 776 730 1955 44 2294 143 183 105 227 3427 124 946 51 4011 55 642 49 341 68 736 622 74 122
leaf_count=56490 1264 1313 486 57 6599 1588 43 776 730 1955 44 2294 143 183 105 227 3427 124 946 51 4011 55 642 49 341 68 736 622 74 122
internal_value=-2.36061e-06 -0.0717062 0.61419 0.465523 -0.103698 0.138899 0.807909 0.263755 0.75674 0.60366 0.848984 0.0981548 0.368664 0.647338 1.05605 0.969049 -0.0306194 0.955864 0.452146 1.38227 0.125863 0.890582 0.846411 0.69979 1.06552 0.737153 0.799078 0.335545 0.127503 0.423824
internal_weight=85565 76620 8945 5061 66516 10104 3884 2486 3220 2086 1747 7618 2975 1473 664 968 10026 508 1711 156 6305 741 686 779 384 987 804 765 131 898
internal_count=85565 76620 8945 5061 66516 10104 3884 2486 3220 2086 1747 7618 2975 1473 664 968 10026 508 1711 156 6305 741 686 779 384 987 804 765 131 898
is_linear=0
shrinkage=0.03


Tree=27
num_leaves=31
num_cat=1
split_feature=36 30 37 48 45 37 6 38 24 138 193 46 7 138 176 34 21 137 49 174 129 6 68 44 38 6 140 31 67 136
split_gain=3.94099e+06 493838 296464 83419.2 75064.2 67648.5 42576.9 39977.2 37119.9 32328.2 30864.8 30513.4 28549.8 26916.3 25245.3 24438.9 21556.7 20663.2 20731.4 28053.2 19711.8 19650.6 18945.8 18700.9 18393.3 19726.1 18285.7 20007.8 18010.2 17920.4
threshold=31.349176406860355 1.8770309090614321 51.894445419311531 0.3134750127792359 0.54653680324554454 16.035714149475101 0.42500000000000004 64.990741729736342 1.0000000180025095e-35 87.450000000000017 0 0.18100143969058993 0.90416666666666679 160.50000000000003 1.0000000180025095e-35 119.16666793823244 0.115 170.83333333333334 0.68069717288017284 8.5000000000000018 72.500000000000014 0.22500000000000003 0.19526211917400363 3.948660254478455 7.7747583389282235 0.015000000000000001 88.472222222222243 18.226495742797855 0.25833334028720861 26.322916666666668
decision_type=10 10 10 8 10 10 8 10 2 10 1 10 10 10 8 10 2 10 10 10 10 10 10 10 10 8 10 10 10 8
left_child=1 10 3 21 26 24 23 17 11 -9 -1 -7 13 15 22 -11 20 18 -6 -20 -13 -2 -8 28 -3 -26 -4 -28 -5 -24
right_child=2 5 4 6 7 8 14 9 -10 12 -12 16 -14 -15 -16 -17 -18 -19 19 -21 -22 -23 29 -25 25 -27 27 -29 -30 -31
leaf_value=-0.055353158503804054 0.097451791054343581 -0.043816192156623406 0.39850810032224249 0.012950136670884529 0.64498345775637678 0.12548000476040913 0.23610622514629873 0.62868165463577996 -0.043532563408359815 0.928053350680764 -0.11539627645080282 0.23124001507400865 1.7008635424503258 1.6470244875976017 0.66524851431283616 1.4561249614593594 0.56368608493810501 1.2962358124946292 1.498587216362357 0.75737651410278362 0.68912043853916904 0.32057666014300201 0.39601209113766489 0.44270727261122184 -0.10487344444211985 0.081102096257228071 0.62727201876637129 1.0603022029689395 0.49259330171838545 0.72362355399810541
leaf_weight=9071 483 1892 295 223 885 2365 246 202 621 952 53730 2202 56 56 1402 86 214 57 64 163 88 1343 323 653 567 5420 1419 103 103 281
leaf_count=9071 483 1892 295 223 885 2365 246 202 621 952 53730 2202 56 56 1402 86 214 57 64 163 88 1343 323 653 567 5420 1419 103 103 281
internal_value=-2.28731e-06 -0.0715066 0.579719 0.423636 0.761673 0.0940533 0.515235 0.867619 0.174898 0.978705 -0.106751 0.202757 1.04019 1.00637 0.587038 0.971805 0.275744 0.739143 0.710587 0.966352 0.248835 0.261557 0.458038 0.350064 0.0377218 0.0634892 0.614678 0.656577 0.164494 0.548427
internal_weight=85565 76170 9395 5057 4338 13369 3231 2521 5490 1352 62801 4869 1150 1094 2252 1038 2504 1169 1112 227 2290 1826 850 979 7879 5987 1817 1522 326 604
internal_count=85565 76170 9395 5057 4338 13369 3231 2521 5490 1352 62801 4869 1150 1094 2252 1038 2504 1169 1112 227 2290 1826 850 979 7879 5987 1817 1522 326 604
cat_boundaries=0 1
cat_threshold=6
is_linear=0
shrinkage=0.03


Tree=28
num_leaves=31
num_cat=0
split_feature=46 36 36 38 37 49 37 34 140 6 136 140 6 45 182 82 14 22 71 33 21 48 1 35 137 136 47 71 143 40
split_gain=3.7105e+06 485890 282815 69152.3 63115.6 52145.1 49788.5 32964 31610.5 30483.1 27291.1 24043.6 23664.2 21182.6 22768.9 20811.2 19510 19495.8 19332.6 20158.2 19098.4 18873.5 23593.9 21202.4 18580.8 18468.4 24847.9 17856.4 17500.1 18316.9
threshold=0.26667764782905584 11.000222682952883 51.11286926269532 70.25403213500978 3.3229166269302373 0.35398031771183019 31.031250000000004 78.833332061767592 95.883116883116898 0.03500000000000001 29.207142857142859 116.86607142857144 0.025000000000000005 0.61834734678268444 66.500000000000014 62.100000000000009 0.32500000000000012 63.500000000000007 0.84099999070167553 79.500000000000014 0.115 0.13506478816270831 2.5000000000000004 58.100000381469734 104.83333333333336 31.809090909090912 0.67882251739501964 0.24099999666213992 0.61878256325009351 5.4131867885589608
decision_type=10 10 10 10 10 10 10 10 10 8 10 10 8 10 10 8 10 2 8 10 2 8 8 10 10 10 10 10 10 10
left_child=1 4 5 8 -1 12 9 -5 -4 -3 15 16 -2 14 -10 18 -7 28 19 -9 -14 -11 23 -23 -22 26 -12 -24 -15 -30
right_child=2 6 3 7 -6 11 -8 10 13 21 25 -13 20 17 -16 -17 -18 -19 -20 -21 24 22 27 -25 -26 -27 -28 -29 29 -31
leaf_value=-0.10776090116759332 -0.24475371416300939 -0.072501250011687016 0.49816457734939679 0.74563776292844153 -0.013208593073309688 0.38411540415250706 0.30144456467573205 1.4988335931301116 0.69388115389487615 0.058032301797514681 1.1696788477447797 0.6154309335217284 0.27602350240842405 0.62997615133355156 0.40151949447435514 0.80228590441913139 0.92582102705325398 0.48878426093122229 1.5939242526522048 0.80643748864853126 0.93994724064320323 0.18310227457243339 0.17881035019431404 0.7873746227543309 0.33431088289491973 0.94943301475149089 2.1119331958889958 -0.060416210588927446 0.88800004199295646 1.3618433593594752
leaf_weight=59391 73 818 923 761 7115 1192 1292 52 1178 2817 53 886 1867 196 301 410 63 138 65 139 80 3738 474 53 106 59 48 689 502 86
leaf_count=59391 73 818 923 761 7115 1192 1292 52 1178 2817 53 886 1867 196 301 410 63 138 65 139 80 3738 474 53 106 59 48 689 502 86
internal_value=-2.81429e-06 -0.0684812 0.569932 0.725161 -0.0976454 0.391274 0.127814 0.888084 0.647376 0.101696 1.01932 0.49578 0.286031 0.704736 0.634381 0.934799 0.411309 0.817594 1.14703 0.994943 0.304904 0.120033 0.155288 0.19155 0.5948 1.37114 1.61748 0.0370846 0.875472 0.957304
internal_weight=85565 76387 9178 4911 66506 4267 9881 1587 3324 8589 826 2141 2126 2401 1479 666 1255 922 256 191 2053 7771 4954 3791 186 160 101 1163 784 588
internal_count=85565 76387 9178 4911 66506 4267 9881 1587 3324 8589 826 2141 2126 2401 1479 666 1255 922 256 191 2053 7771 4954 3791 186 160 101 1163 784 588
is_linear=0
shrinkage=0.03


Tree=29
num_leaves=31
num_cat=1
split_feature=36 30 49 36 34 37 6 32 140 24 21 193 46 129 171 1 43 6 82 21 178 188 131 10 10 14 129 31 45 171
split_gain=3.49402e+06 438480 264646 79003.2 60098.5 59705 43271.2 37739.5 34879.4 33375.7 28918.3 28470.9 27253.6 24318.5 28311.5 24099.6 24775.2 23363.2 19921.3 19897.6 19671.8 19418.8 23620.3 18921.9 18787.2 18733.3 18499.9 17491.2 17460.6 16685.8
threshold=31.349176406860355 1.8770309090614321 0.4935798197984696 40.958795547485359 78.833332061767592 16.035714149475101 0.23500000000000001 14.111805438995363 109.03571428571429 1.0000000180025095e-35 0.045000000000000005 0 0.18100143969058993 64.833333333333357 18.35926848649979 1.5000000000000002 3.5390467643737797 0.52500000000000013 58.900000000000006 0.115 4.4882763686459546 6.5000000000000009 61.255725492917783 0.52467131959097568 0.38315602836879442 0.02499999999999997 72.500000000000014 3.5166666507720952 0.53614982962608349 0.69574275612831127
decision_type=10 10 10 10 10 10 8 10 8 2 2 1 10 10 8 8 10 8 10 2 10 2 10 10 10 10 10 10 10 8
left_child=1 11 3 27 17 28 -5 18 -8 12 15 29 -7 -9 -15 -10 -17 -4 -6 26 -20 22 -19 25 -18 -24 -14 -2 -3 -1
right_child=2 5 4 6 7 9 8 13 10 -11 -12 -13 19 14 -16 16 24 21 20 -21 -22 -23 23 -25 -26 -27 -28 -29 -30 -31
leaf_value=-0.081294414610191768 0.045755233256771485 0.03252374156936344 0.50443175103997606 0.15116809590625249 1.1949625507728108 0.11800881653724053 0.40018207283355678 0.87898814322352725 0.65253729834205043 -0.042496667729807647 0.99870409159562912 -0.10884305997114108 0.21712126667459039 0.95373227074290756 1.4815328372944803 0.14583509889064411 0.38822556558827104 0.53712336388238247 0.78554143314165148 0.53665954255055048 0.32205706437268561 0.66602955993720103 1.0242378106187371 0.83646954967587617 0.78569647237161799 1.8640313181082406 0.66070279359478845 0.29794940724389801 0.65323894827831075 0.0038448595892040111
leaf_weight=5869 289 7838 703 296 53 2365 1168 521 1203 621 156 53730 2202 198 170 198 264 94 176 214 155 1645 51 106 180 45 88 1724 41 3202
leaf_count=5869 289 7838 703 296 53 2365 1168 521 1203 621 156 53730 2202 198 170 198 264 94 176 214 155 1645 51 106 180 45 88 1724 41 3202
internal_value=-2.73325e-06 -0.0673302 0.545855 0.411216 0.73415 0.0886747 0.498052 0.903503 0.530453 0.164624 0.606493 -0.10054 0.191041 1.01086 1.19755 0.57333 0.42491 0.652612 0.654967 0.260019 0.568502 0.706281 0.929976 1.11279 0.549362 1.41789 0.234167 0.261743 0.0357538 -0.0511844
internal_weight=85565 76170 9395 5478 3917 13369 3465 1273 3169 5490 2001 62801 4869 889 368 1845 642 2644 384 2504 331 1941 296 202 444 96 2290 2013 7879 9071
internal_count=85565 76170 9395 5478 3917 13369 3465 1273 3169 5490 2001 62801 4869 889 368 1845 642 2644 384 2504 331 1941 296 202 444 96 2290 2013 7879 9071
cat_boundaries=0 1
cat_threshold=6
is_linear=0
shrinkage=0.03


Tree=30
num_leaves=31
num_cat=0
split_feature=48 36 36 45 37 38 32 67 35 6 38 17 45 9 31 6 130 140 21 80 7 41 96 8 129 131 107 131 73 38
split_gain=3.2911e+06 450866 228709 65731.8 57447.8 47832.5 43245.6 42639.8 35034.6 34647.6 28360.9 26954.8 26117.8 24154.1 22679.6 22505.1 24668.4 25868.5 20578.3 18888.6 18547.8 23452.1 20543.7 25248 19295.9 18534.3 18529.6 18520.2 17691.4 17476.5
threshold=0.2721561491489411 11.000222682952883 60.327621459960945 0.35388994216918951 1.966666638851166 30.082216262817386 14.111805438995363 0.13809524476528171 39.100000381469734 0.39500000000000007 45.580179214477546 1.0000000180025095e-35 0.16247642785310748 0.64921944612227278 21.062500000000004 0.47500000000000003 68.90000000000002 125.67708333333336 0.15500000000000003 0.48277889192104345 0.90416666666666679 4.2001984119415292 0.43822388140933483 0.73633333333333351 64.833333333333357 63.345119162515893 2.2386714515587527 70.227028339988593 0.6851923167705537 7.7747583389282235
decision_type=10 10 10 10 10 10 10 10 10 10 10 2 10 8 8 8 10 10 2 8 10 10 10 8 10 10 8 10 10 10
left_child=1 4 3 10 -1 11 15 28 14 -7 -2 -3 -13 -9 27 -4 -17 -18 -14 -15 21 24 23 25 -21 -23 -10 -5 -8 -6
right_child=2 5 6 8 29 9 7 13 26 -11 -12 12 18 19 -16 16 17 -19 -20 20 -22 22 -24 -25 -26 -27 -28 -29 -30 -31
leaf_value=-0.10368346956373052 0.1852915970831811 -0.07009267871857297 0.38528493415912257 0.3713708394188362 -0.05430267907685573 0.15318733087824116 0.63940956823912032 0.73382035262213496 1.2061485363095998 0.38634232971912669 0.41959172940494732 0.056589922076268229 0.15351288337315966 1.5831633462659691 -0.13561958110646197 0.63572412224541641 0.69573209931385027 1.5485956715282641 0.46507335824512164 0.50960405607534165 1.4709378216266631 0.83255324891635352 1.1949224546292652 0.63649406098582773 1.0036188922609601 1.7348754416233549 0.55499025754454756 0.92681043166863286 0.09566597319194968 0.029203106859970105
leaf_weight=56490 1124 882 289 1036 6599 1588 223 501 40 898 793 3945 2585 46 76 1266 73 57 206 177 60 42 325 178 119 40 2352 57 71 3427
leaf_count=56490 1124 882 289 1036 6599 1588 223 501 40 898 793 3945 2585 46 76 1266 73 57 206 177 60 42 325 178 119 40 2352 57 71 3427
internal_value=-3.03231e-06 -0.0635746 0.544531 0.42385 -0.0919379 0.123145 0.735211 0.838241 0.500097 0.237408 0.282214 0.0858574 0.106277 0.903471 0.365493 0.626251 0.676135 1.06968 0.176509 0.989585 0.960568 0.92581 1.03591 0.837147 0.708211 1.27271 0.565879 0.400337 0.508097 -0.0257595
internal_weight=85565 76620 8945 5478 66516 10104 3467 1782 3561 2486 1917 7618 6736 1488 1169 1685 1396 130 2791 987 941 881 585 260 296 82 2392 1093 294 10026
internal_count=85565 76620 8945 5478 66516 10104 3467 1782 3561 2486 1917 7618 6736 1488 1169 1685 1396 130 2791 987 941 881 585 260 296 82 2392 1093 294 10026
is_linear=0
shrinkage=0.03


Tree=31
num_leaves=31
num_cat=0
split_feature=46 38 37 6 30 38 38 37 140 177 49 178 138 45 137 49 34 1 31 6 39 45 7 138 37 29 50 83 140 127
split_gain=3.09757e+06 409877 239306 61833.4 58378.1 51071.7 40843.6 36707.2 31825.2 28403.2 25737.7 29502.6 25639.9 25464.3 22960.7 22924.1 22772.1 21763 20340 19631.2 19574.8 19532.2 19286.9 19733.2 18985.1 18500.6 18029.8 17944.6 16147.2 17963
threshold=0.26667764782905584 11.15780544281006 51.894445419311531 0.19500000000000003 11.380219936370851 66.719806671142592 30.60440826416016 1.7596153616905215 106.53125000000001 44.500000000000007 0.68069717288017284 4.7580108443348328 87.90000000000002 0.55217784643173229 168.83333333333334 0.29147168993949896 119.16666793823244 1.5000000000000002 8.9666666984558123 0.025000000000000005 5.673333168029786 0.65301004052162182 0.90416666666666679 160.50000000000003 10.028666019439699 10.900000095367433 0.29750452935695654 65.526429766660826 85.527777777777786 0.75456458911583169
decision_type=10 10 10 8 10 10 10 10 8 8 10 8 10 10 10 10 10 8 8 8 10 10 10 10 10 10 10 10 10 10
left_child=1 7 4 -3 9 10 24 -1 -6 19 14 -12 -7 27 28 -11 22 25 26 -2 -18 -21 23 -15 -5 -8 -10 -14 -4 -30
right_child=2 3 5 6 8 12 17 -9 18 15 11 -13 13 16 -16 -17 20 -19 -20 21 -22 -23 -24 -25 -26 -27 -28 -29 29 -31
leaf_value=-0.10155094141498056 -0.21434860127824773 0.0031502622823256902 0.33413917917612396 0.026187189274282249 0.3388897091457605 0.53998049947329485 0.34831416328113368 -0.036665191986386229 1.5010419536213866 0.2906122731626965 0.60914872329273528 1.2433375620323679 0.78719009120780303 0.83381484924102656 0.96279714862150789 0.61969655831441095 1.782936619555249 0.1772936396567889 0.56849234294465867 0.24523794014798886 0.92946055077988166 0.62380406335225469 1.5022956870396933 1.4649122293261772 0.14424834362771538 0.89968162518436623 0.65233022196292878 0.32415820207653773 0.55718621254823875 0.99405007397693201
leaf_weight=55388 79 3979 281 1699 617 256 764 9142 41 368 155 115 249 870 126 395 51 954 1130 2173 46 130 45 47 4402 59 50 108 1757 89
leaf_count=55388 79 3979 281 1699 617 256 764 9142 41 368 155 115 249 870 126 395 51 954 1130 2173 46 130 45 47 4402 59 50 108 1757 89
internal_value=-2.94128e-06 -0.0625703 0.520735 0.0995479 0.38018 0.687692 0.148236 -0.0923585 0.5145 0.301682 0.602479 0.879266 0.816275 0.866227 0.569309 0.460977 0.940093 0.274807 0.60324 0.250656 1.3782 0.266607 0.895918 0.866161 0.111371 0.387841 1.03472 0.647113 0.545999 0.578248
internal_weight=85565 76387 9178 11857 4983 4195 7878 64530 1838 3145 2523 270 1672 1416 2253 763 1059 1777 1221 2382 97 2303 962 917 6101 823 91 357 2127 1846
internal_count=85565 76387 9178 11857 4983 4195 7878 64530 1838 3145 2523 270 1672 1416 2253 763 1059 1777 1221 2382 97 2303 962 917 6101 823 91 357 2127 1846
is_linear=0
shrinkage=0.03


Tree=32
num_leaves=31
num_cat=0
split_feature=36 50 37 48 45 6 36 6 36 138 35 44 38 138 7 1 71 96 132 171 14 74 175 87 83 140 14 173 6 73
split_gain=2.91727e+06 368480 223922 63108.9 57907.2 55892.5 35885.8 35086.7 34074.7 33770 30186.5 23344.7 22451.2 23224.1 24867.8 20505.2 18539.9 18287.5 18206.3 23773.6 18195 17876.7 17085 17102.9 16933.2 16881.5 16812.6 16748.2 16388.4 16348.9
threshold=31.349176406860355 0.096927080303430571 51.894445419311531 0.3134750127792359 0.54653680324554454 0.055000000000000007 2.3510296344757085 0.42500000000000004 17.344089508056644 172.50000000000003 131.30000305175784 4.5000567436218271 64.990741729736342 87.450000000000017 0.90416666666666679 2.5000000000000004 0.25633333623409277 0.46052745237511278 64.483333333333348 12.798924654722216 -0.0099999999999999239 0.64557534456253063 147.50000000000003 11.675265775478758 58.498146938267205 87.20714285714287 0.34500000000000014 -0.20747734480184091 0.22500000000000003 0.36033333837985998
decision_type=10 10 10 8 10 8 8 8 10 10 10 10 10 10 10 8 10 10 10 8 8 10 8 8 10 8 10 8 10 8
left_child=1 6 3 28 -4 -3 -1 20 -7 10 12 18 -6 -14 17 26 -17 -15 19 24 -5 -21 -19 -24 -9 -13 27 -10 -2 -20
right_child=2 5 4 7 9 8 -8 11 15 -11 -12 25 13 14 -16 16 -18 22 29 21 -22 -23 23 -25 -26 -27 -28 -29 -30 -31
leaf_value=-0.098880826665309299 0.072282503715583243 -0.065852632733236119 0.52779813407865239 0.37902769746036324 0.62410895947951173 0.067330103308118935 -0.036777914278394087 0.71495612459963764 0.75051708059651501 1.5465790524381271 1.5227524544194686 0.26064505440283969 0.50788182378153912 0.74034043644709235 1.5012783022339526 0.21804182362106206 -0.038871830034757325 0.86386056538338352 1.0506819237133518 0.44043521836086147 0.098748336037794163 0.91710125363298822 0.92484388012152452 1.677211791488685 0.17158533184603264 0.71889300661478583 0.54430554540319875 0.19210208718344582 0.2760470199460302 0.52939403340622349
leaf_weight=54759 483 1668 1817 678 1143 5034 9886 58 49 47 43 83 198 694 52 417 642 235 61 451 301 84 52 57 469 564 132 3583 1343 482
leaf_count=54759 483 1668 1817 678 1143 5034 9886 58 49 47 43 83 198 694 52 417 642 235 61 451 301 84 52 57 469 564 132 3583 1343 482
internal_value=-2.85135e-06 -0.0615231 0.498772 0.363122 0.656906 0.0947497 -0.0893836 0.442794 0.121927 0.749959 0.734826 0.507976 0.720889 0.806773 0.861067 0.178912 0.0622925 0.828995 0.44665 0.374401 0.292854 0.515276 1.00785 1.31828 0.231387 0.660107 0.211723 0.199636 0.222149 0.587955
internal_weight=85565 76170 9395 5057 4338 11525 64645 3231 9857 2521 2474 2252 2431 1288 1090 4823 1059 1038 1605 1062 979 535 344 109 527 647 3764 3632 1826 543
internal_count=85565 76170 9395 5057 4338 11525 64645 3231 9857 2521 2474 2252 2431 1288 1090 4823 1059 1038 1605 1062 979 535 344 109 527 647 3764 3632 1826 543
is_linear=0
shrinkage=0.03


Tree=33
num_leaves=31
num_cat=1
split_feature=30 38 37 1 6 45 47 171 138 35 31 44 45 38 138 7 193 27 178 10 38 96 31 79 175 87 83 137 152 140
split_gain=2.74663e+06 346807 213369 61069.3 56019.2 50846.9 45505.5 39573.5 31845.5 28468.6 24318 24028.7 22377.6 21597.5 21851.5 23398.1 19792.6 21131.5 19732.7 18907.7 18826.9 17206.7 17173.6 16952 16075.3 16092.1 15686 15332.7 15102.2 18564.1
threshold=7.2134032249450692 7.7747583389282235 51.894445419311531 2.5000000000000004 0.055000000000000007 0.54653680324554454 0.13753630220890048 11.118785828351976 172.50000000000003 131.30000305175784 4.7596154212951669 5.2201058864593515 0.44058823585510259 64.990741729736342 87.450000000000017 0.90416666666666679 0 6.5000000000000009 4.5108936115551499 0.21635553078852052 43.139610290527351 0.46052745237511278 7.8944444656372079 0.30166326463222509 147.50000000000003 11.675265775478758 61.646591821284986 170.83333333333334 1.2696969696969698 123.27922077922079
decision_type=10 10 10 8 8 10 10 8 10 10 10 10 10 10 10 10 1 8 8 8 10 10 10 8 8 8 10 10 10 10
left_child=1 16 3 7 -3 26 -6 19 9 13 -5 12 -8 27 -15 21 17 -1 -14 -2 23 -16 -13 -9 -23 -26 -4 28 -7 -30
right_child=2 4 5 10 6 8 11 20 -10 -11 -12 22 18 14 15 -17 -18 -19 -20 -21 -22 24 -24 -25 25 -27 -28 -29 29 -31
leaf_value=-0.057354892512740507 0.072276917642620217 -0.062601223211179696 0.65300994274476609 -0.16005237692555824 0.042219885787062574 0.63435387665264342 0.1158671751653766 0.71839783720582007 1.5001816644567123 1.4770698814087568 0.21720659682932106 0.24929988671209466 1.0062429452201596 0.49264536948027937 0.71813022475372279 1.4562399415428249 -0.097068174321769923 0.1955481784645613 0.25891775154951707 0.33998839211520798 0.5706343155686685 0.83794474559768706 0.75329303151927884 0.3427158792144569 0.89709856571199798 1.6268954421344557 0.45668938192554986 1.1524969958310778 0.083961878250945685 0.65975709989666942
leaf_weight=8598 268 2232 524 231 5869 895 4440 124 47 43 460 1236 46 198 694 52 53254 308 103 2082 1146 235 64 843 52 57 1217 44 110 93
leaf_count=8598 268 2232 524 231 5869 895 4440 124 47 43 460 1236 46 198 694 52 53254 308 103 2082 1146 235 64 843 52 57 1217 44 110 93
internal_value=-2.76668e-06 -0.059768 0.483388 0.353533 0.0751833 0.640458 0.101339 0.394166 0.726596 0.711894 0.0910896 0.160257 0.128003 0.698354 0.78257 0.835235 -0.0901407 -0.0485541 0.489636 0.309458 0.488376 0.804125 0.274112 0.39089 0.977614 1.27874 0.515777 0.603371 0.581366 0.34775
internal_weight=85565 76150 9415 5154 13990 4261 11758 4463 2520 2473 691 5889 4589 2430 1288 1090 62160 8906 149 2350 2113 1038 1300 967 344 109 1741 1142 1098 203
internal_count=85565 76150 9415 5154 13990 4261 11758 4463 2520 2473 691 5889 4589 2430 1288 1090 62160 8906 149 2350 2113 1038 1300 967 344 109 1741 1142 1098 203
cat_boundaries=0 1
cat_threshold=6
is_linear=0
shrinkage=0.03


Tree=34
num_leaves=31
num_cat=0
split_feature=46 38 36 38 6 6 38 45 37 67 69 37 21 38 97 137 77 1 134 5 96 140 37 74 130 83 188 34 11 140
split_gain=2.58725e+06 342486 202033 56223.2 52853.9 37729.7 35328.1 31908.6 31510.8 27844.3 27515.5 25276.6 28260.2 23795.3 24628.8 21329.6 19780.2 19366.6 18242.5 17751.8 16999.2 16744.7 16671.9 16359.8 16118 15814.1 23343.6 19498.1 16257.2 15538.8
threshold=0.26667764782905584 11.15780544281006 57.314559936523445 43.139610290527351 0.19500000000000003 0.51500000000000012 30.60440826416016 0.4301948100328446 1.7596153616905215 0.13809524476528171 0.51499998569488536 62.049999237060554 0.015000000000000001 70.25403213500978 2.0607517482517488 156.50000000000003 0.38797995448112493 1.5000000000000002 28.100000000000005 1.0000000180025095e-35 0.45746896310054092 101.03333333333335 10.028666019439699 0.47147603332996374 65.366666666666688 63.378704144471307 7.5000000000000009 119.16666793823244 0.71831177677602465 116.86607142857144
decision_type=10 10 10 10 8 8 10 10 10 10 8 8 2 10 10 10 8 8 10 2 8 10 10 10 10 10 2 10 8 8
left_child=1 8 3 7 -3 21 22 18 -1 -7 -5 12 -9 15 25 16 -11 20 -2 -18 -8 23 -6 -4 -17 26 27 -15 -27 -12
right_child=2 4 5 10 6 9 17 11 -10 13 29 -13 -14 14 -16 24 19 -19 -20 -21 -22 -23 -24 -25 -26 28 -28 -29 -30 -31
leaf_value=-0.092931059750033768 0.1127273614983258 0.0018842222481230137 0.045549284144186637 0.36597835778982607 0.021910962274307937 0.48793604803830387 0.22484896777602642 0.3683338195887465 -0.032813205236337191 1.1448711698055267 0.46601556037766545 -0.022185385863028338 0.79533556843738584 0.9331237854679536 1.2688360134365959 0.69824916382396918 0.61662607456544993 0.16174914995003373 0.31418023430022868 0.15771412384730796 0.49754152376432431 0.5623592058969179 0.13254592085313502 0.49128603011081295 1.3037984779396572 0.44753272269832645 0.48569038853049279 1.6023341179164972 0.8106003888446246 0.6867890454416069
leaf_weight=55388 1121 3979 142 1303 1699 520 414 799 9142 60 627 118 169 358 107 85 1196 954 633 81 409 502 4402 155 74 188 96 44 271 529
leaf_count=55388 1121 3979 142 1303 1699 520 414 799 9142 60 627 118 169 358 107 85 1196 954 633 81 409 502 4402 155 74 188 96 44 271 529
internal_value=-3.0255e-06 -0.0571846 0.47591 0.355484 0.091008 0.640421 0.136022 0.264555 -0.0844141 0.688075 0.460501 0.39235 0.442883 0.728729 0.837182 0.651594 0.612529 0.253737 0.18543 0.587517 0.360367 0.456723 0.101736 0.278173 0.980077 0.78892 0.905999 1.00637 0.661893 0.567044
internal_weight=85565 76387 9178 5299 11857 3879 7878 2840 64530 3080 2459 1086 968 2560 1064 1496 1337 1777 1754 1277 823 799 6101 297 159 957 498 402 459 1156
internal_count=85565 76387 9178 5299 11857 3879 7878 2840 64530 3080 2459 1086 968 2560 1064 1496 1337 1777 1754 1277 823 799 6101 297 159 957 498 402 459 1156
is_linear=0
shrinkage=0.03


Tree=35
num_leaves=31
num_cat=1
split_feature=36 48 48 38 193 6 34 6 45 139 45 82 171 1 140 38 71 44 134 13 14 20 24 5 89 140 132 33 49 82
split_gain=2.43612e+06 309643 190692 63861 42482.9 38902 38900.8 37684 32126.9 30007.1 27091.7 23639.6 23361.9 23084.1 22695.4 22068.4 21077.7 28027.4 19635.6 19385.9 18766.3 18644.4 18127.3 17359.5 17075.5 16879.9 16619.4 16507.2 16151.5 15988.5
threshold=31.349176406860355 0.10476377978920938 0.54587534070014965 44.263767242431648 0 0.055000000000000007 78.833332061767592 0.51500000000000012 0.35805861651897436 170.76931250377842 0.46770833432674414 61.900000000000006 1.0629960130900147 1.5000000000000002 106.31666666666668 19.534523963928226 0.82899999618530285 4.6228160858154306 27.100000000000005 -1.0000000180025095e-35 0.13999999999999999 1.0000000180025095e-35 1.0000000180025095e-35 1.0000000180025095e-35 18.416666666666668 126.65151515151517 67.908333333333346 144.50000000000003 0.24640743434429171 61.366666666666674
decision_type=10 10 8 10 1 8 10 10 10 8 10 10 8 10 10 10 8 10 10 10 8 2 2 2 8 8 10 10 10 10
left_child=1 4 3 8 12 -3 14 13 -2 11 15 16 -1 25 -4 -7 29 -18 21 -16 -14 -10 -17 27 -12 -5 -21 -9 -20 -8
right_child=2 5 6 7 -6 10 9 23 18 -11 24 -13 20 -15 19 22 17 -19 28 26 -22 -23 -24 -25 -26 -27 -28 -29 -30 -31
leaf_value=-0.060984899349608407 0.17211601219865461 -0.062376893555276397 0.44487487683779492 0.37060523685163599 -0.091063135034662693 0.060901201182670416 0.71104131140896387 0.58924002841210477 0.20531197248889166 1.5784723585713654 0.9644830557496048 0.64453726790321375 -0.0093067632323788115 0.22412778625014687 0.176062609602672 0.178499842207793 0.87292424804073265 1.8799783405315045 0.19433619459546528 0.62611254428209051 0.1338045876803039 0.60549270059372617 -0.020655035076410748 0.11403962600587018 0.31360963321515711 0.62368640147603083 0.94385494901972289 1.2095391953587533 0.5701599204825305 1.2584651489298919
leaf_weight=7804 1683 1163 896 759 53913 3933 279 1112 676 40 43 782 3509 648 74 4037 59 43 130 909 1078 124 458 67 232 345 177 40 494 58
leaf_count=7804 1683 1163 896 759 53913 3933 279 1112 676 40 43 782 3509 648 74 4037 59 43 130 909 1078 124 458 67 232 345 177 40 494 58
internal_value=-2.93522e-06 -0.0562214 0.455789 0.355943 -0.0795539 0.100583 0.638744 0.455386 0.260852 0.769929 0.12236 0.743441 -0.0293801 0.366265 0.558286 0.112799 0.91962 1.29747 0.365727 0.645886 0.0243261 0.26734 0.158208 0.583476 0.415383 0.449693 0.677899 0.610778 0.491863 0.805257
internal_weight=85565 76170 9395 6078 66304 9866 3317 2971 3107 1261 8703 1221 12391 1752 2056 8428 439 102 1424 1160 4587 800 4495 1219 275 1104 1086 1152 624 337
internal_count=85565 76170 9395 6078 66304 9866 3317 2971 3107 1261 8703 1221 12391 1752 2056 8428 439 102 1424 1160 4587 800 4495 1219 275 1104 1086 1152 624 337
cat_boundaries=0 1
cat_threshold=6
is_linear=0
shrinkage=0.03


Tree=36
num_leaves=31
num_cat=1
split_feature=48 36 36 6 193 38 36 68 6 171 26 138 6 140 83 175 93 67 45 94 42 94 132 182 84 84 74 21 17 35
split_gain=2.29324e+06 343723 145917 46098.8 41696.2 41109.8 33737.6 31830 27205.5 26176.7 25097.3 23318.8 22996.2 21532.9 19900.2 24150 19560.6 18988.5 19431.1 18126.7 18123.4 17364.2 16761.5 17253.4 16368.6 21123.1 15699.4 19611 14789.6 14684.7
threshold=0.28744137287139898 11.000222682952883 61.973081588745124 0.23500000000000001 0 30.60440826416016 38.687946319580085 0.70627450942993175 0.40500000000000008 1.1280708201229575 18.500000000000004 96.300000000000026 0.16500000000000004 107.03125000000001 59.249180304369155 136.50000000000003 0.27489374620522172 0.064583335071802153 0.80277779698371898 0.35819100118777264 4.1961407661437997 0.4530924522336372 66.345238095238116 40.500000000000007 64.408333333333346 62.160256410256416 0.26431424915790563 0.17500000000000002 24.500000000000004 47.899999618530281
decision_type=10 10 10 8 1 10 10 10 10 8 2 10 8 10 10 10 8 10 10 10 10 10 10 8 8 10 8 2 2 10
left_child=1 4 3 -2 9 12 16 11 -7 -1 21 -4 -3 19 15 -15 -5 -13 -19 -8 -20 -9 -16 -24 25 -12 27 -14 -22 -25
right_child=2 5 7 6 -6 8 13 10 -10 -11 24 17 26 14 22 -17 -18 18 20 -21 28 -23 23 29 -26 -27 -28 -29 -30 -31
leaf_value=-0.062920170609648399 0.11806409218394888 -0.02118698744002968 0.43985593111721921 0.86791216726205778 -0.088537045393289562 0.13624192514510269 0.60013588647984084 -0.00048610751018967734 0.33674761140933201 0.024418878075477074 0.96600642457288699 0.43685790278636621 0.15282600548336708 0.85491062172432608 0.41751087691894495 0.14137398157049627 0.2579284470895204 0.64377106989874844 0.65096415184114287 0.31572687677907746 0.93937306280247868 0.81435814302056442 1.21642947775977 0.33361334299470513 0.75900213136947403 1.6693057736597563 0.076516228430440009 0.52434214631716414 1.6638731578684278 0.72181287231244917
leaf_weight=7828 583 1782 703 49 53591 1631 244 43 972 5101 118 349 1142 262 1148 51 1375 1579 92 1163 64 52 42 141 139 57 4846 144 42 232
leaf_count=7828 583 1782 703 49 53591 1631 244 43 972 5101 118 349 1142 262 1148 51 1375 1579 92 1163 64 52 42 141 139 57 4846 144 42 232
internal_value=-3.1645e-06 -0.0516771 0.466789 0.369702 -0.0768739 0.107693 0.400869 0.625403 0.211114 -0.0284395 0.872778 0.589639 0.0736764 0.453766 0.520303 0.738647 0.278918 0.639167 0.6789 0.365049 0.959047 0.445534 0.476579 0.639976 1.00204 1.19508 0.101244 0.194427 1.22644 0.575067
internal_weight=85565 77037 8528 5290 66520 10517 4707 3238 2603 12929 409 2829 7914 3283 1876 313 1424 2126 1777 1407 198 95 1563 415 314 175 6132 1286 106 373
internal_count=85565 77037 8528 5290 66520 10517 4707 3238 2603 12929 409 2829 7914 3283 1876 313 1424 2126 1777 1407 198 95 1563 415 314 175 6132 1286 106 373
cat_boundaries=0 1
cat_threshold=6
is_linear=0
shrinkage=0.03


Tree=37
num_leaves=31
num_cat=0
split_feature=46 38 37 6 38 37 38 45 31 6 21 106 83 49 178 48 114 6 42 48 137 140 38 14 1 30 14 72 140 127
split_gain=2.15912e+06 288026 169739 48605.8 45283.3 37756.6 37536.3 27905.1 25861.6 25354.3 25205 22859.3 22599.6 22187.9 27218.4 21502.4 20346.8 19399.6 19579.4 18037.7 17842.8 16094.7 15714.2 14894.4 14762.9 18702.5 17619.7 14766.7 14751.9 19353.9
threshold=0.26667764782905584 7.7747583389282235 51.894445419311531 0.055000000000000007 43.139610290527351 30.123309135437015 66.719806671142592 0.4301948100328446 14.207142829895021 0.47500000000000003 0.015000000000000001 7.5500000000000007 67.561821924833978 0.68069717288017284 4.7580108443348328 0.54587534070014965 -0.18562317680354626 0.60500000000000009 3.524050354957581 0.1069793924689293 119.16666666666667 128.09401709401712 1.5521779060363772 -0.010000000000000002 2.5000000000000004 5.0223307609558114 0.40500000000000008 0.24122035503387454 85.527777777777786 0.75456458911583169
decision_type=10 10 10 8 10 10 10 10 8 8 2 10 10 10 8 10 8 8 10 8 10 10 8 8 8 10 10 10 10 10
left_child=1 22 4 -3 7 19 13 -2 10 -6 -9 12 17 16 23 -14 -4 -8 -19 -5 -17 -11 -1 -15 25 -21 -27 -26 -18 -30
right_child=2 3 6 5 9 -7 11 8 -10 21 -12 -13 15 14 -16 20 28 18 -20 24 -22 -23 -24 -25 27 26 -28 -29 29 -31
leaf_value=-0.087666069522415763 0.15909111513481972 -0.058225575958711147 1.1256342896393365 0.022936883701572243 0.3040203336529525 0.24099845466651454 0.53580487586534642 0.34006211166194122 -0.020264201476656158 0.44986663629606066 0.7494899252462458 1.3683486256349917 -0.23324696376556303 0.079902546370730673 1.1089967204278903 0.31221557927131649 0.25517117145561402 0.37983054415912043 0.82621682828397092 0.088180567076227817 0.93568766008530346 0.7088915423378348 -0.049942861355967837 0.70579073210712517 0.1231238828107559 0.1935450758525713 0.80859873816024419 -0.068375298596048711 0.46706217589008064 0.90840103473296341
leaf_weight=49725 1681 2258 42 3895 974 1382 401 797 145 943 163 43 41 51 115 120 279 98 906 3536 63 280 12421 104 671 1668 43 788 1838 94
leaf_count=49725 1681 2258 42 3895 974 1382 401 797 145 943 163 43 41 51 115 120 279 98 906 3536 63 280 12421 104 671 1668 43 788 1838 94
internal_value=-3.38104e-06 -0.0522401 0.434754 0.0694524 0.31638 0.0935112 0.575365 0.23607 0.353175 0.41822 0.40958 0.6856 0.667578 0.502311 0.759303 0.387728 0.471513 0.712195 0.782645 0.074284 0.526854 0.509169 -0.0801264 0.499853 0.104108 0.127579 0.209002 0.0196959 0.459088 0.488535
internal_weight=85565 76387 9178 14241 4983 11983 4195 2786 1105 2197 960 1672 1629 2523 270 224 2253 1405 1004 10601 183 1223 62146 155 6706 5247 1711 1459 2211 1932
internal_count=85565 76387 9178 14241 4983 11983 4195 2786 1105 2197 960 1672 1629 2523 270 224 2253 1405 1004 10601 183 1223 62146 155 6706 5247 1711 1459 2211 1932
is_linear=0
shrinkage=0.03


Tree=38
num_leaves=31
num_cat=1
split_feature=36 48 48 38 37 34 6 6 139 24 21 82 188 7 1 71 79 193 96 67 5 82 26 140 45 11 140 66 33 134
split_gain=2.0333e+06 259041 161250 54919.4 39746.3 33856.4 33028.1 29317.3 28050.2 22639 22361.4 21825.4 20916.5 22424.9 20864.7 19552.8 19139.3 16589.1 16565.8 16383.9 16321.2 15915.4 15840.2 15632.5 15437.5 15277.4 15626 17834.7 15152.4 14956
threshold=31.349176406860355 0.065366521477699294 0.54587534070014965 44.263767242431648 14.679487228393556 78.833332061767592 0.51500000000000012 0.22500000000000003 170.76931250377842 1.0000000180025095e-35 0.075000000000000025 61.900000000000006 6.5000000000000009 0.88166666666666682 1.5000000000000002 0.84419721364974987 0.32958124577999121 0 0.4163997171459482 0.60769233107566845 1.0000000180025095e-35 61.366666666666674 2.5000000000000004 126.65151515151517 0.35805861651897436 0.36230632201750973 107.03125000000001 0.11850723251700403 144.50000000000003 27.900000000000002
decision_type=10 10 8 10 10 10 10 8 8 2 2 10 2 10 10 8 8 1 8 8 2 10 2 8 10 8 10 10 10 10
left_child=1 17 3 7 -3 12 14 -2 11 10 -6 15 -4 25 23 21 18 22 -9 -17 28 -7 -1 -5 -18 -14 -27 -28 -8 -26
right_child=2 4 5 6 9 8 20 16 -10 -11 -12 -13 13 -15 -16 19 24 -19 -20 -21 -22 -23 -24 -25 29 26 27 -29 -30 -31
leaf_value=0.080010611122067005 -0.016962298529207213 0.020763272317055791 0.74290968779789135 0.33658000698276302 0.12491042266954584 0.65872404199900081 0.54256152070658992 0.62945440520486484 1.4887628147006033 -0.04902969474305853 0.35576148331000962 0.58638500541429539 -0.014880706475627037 0.96761549726128571 0.19824169931088192 0.87688156290911135 0.15397927717178794 -0.083802816869881724 0.28606521131547347 1.6989735602550207 0.08154244066619161 1.1953368344306945 -0.052718538746914852 0.58013080804633055 0.22535751385871003 0.36221938468424142 0.209303163100034 0.60253683055844276 1.1368624062538146 0.45342721660252955
leaf_weight=906 363 7915 296 759 5075 291 1112 223 40 621 408 782 62 78 648 48 1130 53669 292 40 67 60 7576 345 682 731 120 769 40 417
leaf_count=906 363 7915 296 759 5075 291 1112 223 40 621 408 782 62 78 648 48 1130 53669 292 40 67 60 7576 345 682 731 120 769 40 417
internal_value=-3.28013e-06 -0.051364 0.416404 0.324588 0.0651234 0.584644 0.416808 0.236405 0.707028 0.122645 0.142088 0.681418 0.509583 0.470341 0.333373 0.850702 0.269923 -0.0776393 0.434756 1.25056 0.536724 0.750453 -0.0384958 0.41269 0.231839 0.447281 0.464969 0.549457 0.563197 0.311895
internal_weight=85565 76170 9395 6078 14019 3317 2971 3107 1261 6104 5483 1221 2056 1760 1752 439 2744 62151 515 88 1219 351 8482 1104 2229 1682 1620 889 1152 1099
internal_count=85565 76170 9395 6078 14019 3317 2971 3107 1261 6104 5483 1221 2056 1760 1752 439 2744 62151 515 88 1219 351 8482 1104 2229 1682 1620 889 1152 1099
cat_boundaries=0 1
cat_threshold=6
is_linear=0
shrinkage=0.03


Tree=39
num_leaves=31
num_cat=0
split_feature=46 38 36 6 38 6 37 37 45 35 138 67 69 83 38 136 56 8 41 171 42 83 21 14 133 46 131 138 140 79
split_gain=1.91529e+06 256482 151849 42838.8 39943.4 35870.7 27795 24774.4 24296.4 23563.8 25899.3 22226.5 19086.4 16758.7 15963.4 15453.1 15284.4 14797.7 20690.7 15078.8 17841.1 14693.7 16404.3 25492.3 19186.1 20323.5 18069.3 15429.4 14452.5 14211.6
threshold=0.26667764782905584 11.15780544281006 56.187204360961921 0.19500000000000003 43.139610290527351 0.52500000000000013 30.123309135437015 1.7596153616905215 0.16247642785310748 131.30000305175784 176.10000000000002 0.13809524476528171 0.49500000476837164 56.889964814257063 44.263767242431648 19.050000000000004 1.3366667032241824 0.82900000000000018 4.1335880756378183 6.8229158967733392 6.2159228324890146 54.373317347254719 1.0000000180025095e-35 -0.089999999999999969 25.833333333333339 0.35057540237903601 71.903489484958897 101.7 101.03333333333335 0.72771510481834423
decision_type=10 10 10 8 10 8 10 10 10 10 10 10 8 10 10 8 10 10 10 8 10 8 2 8 10 10 10 10 8 8
left_child=1 7 4 -3 8 14 16 -1 -2 10 11 -7 -6 -13 -4 -15 -5 19 29 -17 -21 -10 26 -24 25 -25 27 -23 -16 -19
right_child=2 3 5 6 12 9 -8 -9 21 -11 -12 13 -14 15 28 17 -18 18 -20 20 -22 22 23 24 -26 -27 -28 -29 -30 -31
leaf_value=-0.080318086918491127 -0.030990680504181856 -0.0011962661021778776 0.10971065238676965 0.085960339533091304 0.30709384910711279 0.39379587468417671 0.25456148407282586 -0.027012147794646266 0.75838144968537713 1.2336709356307982 1.2474227370321751 0.94073510339168398 0.47961029113827824 1.1182925356894122 0.24056183693866276 0.17889699625208022 0.29937580564585203 1.5579311483246938 0.61935679421148582 0.550186132691172 1.0347295329499411 0.080264639186371972 -0.051034645263637816 0.43256354761678117 0.36884208116513578 1.3031624764095653 0.80258905380964274 0.25652542448241411 0.52336199346217604 0.80228561356430872
leaf_weight=55388 301 3979 160 6392 1168 521 1169 9142 51 51 52 130 1141 49 232 94 317 42 233 1861 71 650 70 43 134 55 46 1431 544 48
leaf_count=55388 301 3979 160 6392 1168 521 1169 9142 51 51 52 130 1141 49 232 94 317 42 233 1861 71 650 70 43 134 55 46 1431 544 48
internal_value=-3.47368e-06 -0.0492024 0.409471 0.0790405 0.300113 0.545633 0.119566 -0.0727662 0.223536 0.594059 0.58354 0.572217 0.392343 0.608989 0.382557 0.591004 0.0960442 0.580005 0.768585 0.54994 0.567993 0.254429 0.243847 0.45075 0.602151 0.921165 0.214471 0.20147 0.438813 1.15492
internal_weight=85565 76387 9178 11857 5090 4088 7878 64530 2781 3152 3101 3049 2309 2528 936 2398 6709 2349 323 2026 1932 2480 2429 302 232 98 2127 2081 776 90
internal_count=85565 76387 9178 11857 5090 4088 7878 64530 2781 3152 3101 3049 2309 2528 936 2398 6709 2349 323 2026 1932 2480 2429 302 232 98 2127 2081 776 90
is_linear=0
shrinkage=0.03


Tree=40
num_leaves=31
num_cat=0
split_feature=48 36 36 1 37 38 49 6 68 134 36 6 26 9 138 17 45 105 26 39 21 27 67 92 94 44 86 92 27 138
split_gain=1.80238e+06 272084 115998 39165.8 34351.9 34339.2 33840.6 31615.4 27970.6 27863.6 23824.6 23692.2 23262.5 22674.5 21113.5 20622.8 20012.4 19967.3 18272.8 16821.4 16647.8 16585.4 17545.5 17536.1 16419.3 16112.3 15788.2 15157.8 15091.1 14943.5
threshold=0.28744137287139898 11.000222682952883 61.973081588745124 1.5000000000000002 3.3229166269302373 30.60440826416016 0.10673450306057931 0.6150000000000001 0.70627450942993175 30.225000000000005 37.692752838134773 0.40500000000000008 18.500000000000004 0.52667512264627081 96.300000000000026 1.0000000180025095e-35 0.16247642785310748 1.8333333333333337 46.500000000000007 4.7537879943847665 0.22500000000000006 21.500000000000004 0.064583335071802153 24.292857142857148 0.4530924522336372 3.6394681930541997 11.900000000000002 24.258333333333336 10.500000000000002 159.70000000000002
decision_type=10 10 10 8 10 10 10 10 10 8 10 10 2 10 10 2 10 8 2 10 2 10 10 8 10 10 10 8 10 10
left_child=1 4 3 9 -1 15 -5 -8 14 10 -2 -7 24 25 -4 -3 -17 -12 20 26 -18 22 28 -23 -10 -9 -19 -11 -16 -24
right_child=2 5 8 6 -6 11 7 13 12 27 17 -13 -14 -15 21 16 18 19 -20 -21 -22 23 29 -25 -26 -27 -28 -29 -30 -31
leaf_value=-0.07570081695719072 0.19233954273589532 -0.067019904235892644 0.37919728507878653 -0.16731949737039775 -0.0060020878092994952 0.12062951318196184 0.20236981220605557 0.36236538239887778 -0.057904078461403073 0.39075856015201099 0.97442562423787016 0.30774115747576691 0.91158777803989344 0.32530001568402112 0.80494603219239602 0.039041070860638925 0.16432897801953297 0.45297770665150838 0.017261407826310738 0.21925837506572235 0.49704080900652653 1.173293089937808 0.54029828050096207 0.65066761850672106 0.73445969008195855 1.080602788294063 0.043879469037055967 0.70171976253516954 0.21096651956186455 0.92672363446391737
leaf_weight=59392 657 940 703 183 7128 1631 1468 42 43 235 53 972 314 190 46 4015 2034 1499 780 435 145 67 1260 420 52 85 90 353 236 97
leaf_count=59392 657 940 703 183 7128 1631 1468 42 43 235 53 972 314 190 46 4015 2034 1499 780 435 145 67 1260 420 52 85 90 353 236 97
internal_value=-3.37111e-06 -0.0458144 0.413827 0.327264 -0.0682322 0.0959782 0.221208 0.26104 0.555247 0.390092 0.349799 0.1905 0.787141 0.532737 0.521722 0.0648889 0.0826685 0.399607 0.141865 0.384555 0.186469 0.56885 0.523175 0.722569 0.375811 0.843075 0.429807 0.577441 0.307857 0.56792
internal_weight=85565 77037 8528 5290 66520 10517 1968 1785 3238 3322 2734 2603 409 317 2829 7914 6974 2077 2959 2024 2179 2126 1639 487 95 127 1589 588 282 1357
internal_count=85565 77037 8528 5290 66520 10517 1968 1785 3238 3322 2734 2603 409 317 2829 7914 6974 2077 2959 2024 2179 2126 1639 487 95 127 1589 588 282 1357
is_linear=0
shrinkage=0.03


Tree=41
num_leaves=31
num_cat=0
split_feature=36 50 37 45 6 6 138 48 21 36 35 37 83 45 8 140 171 31 160 119 9 129 96 84 33 137 50 131 8 35
split_gain=1.69701e+06 219570 136437 47460.4 38390.6 35504.6 26227.2 26044.4 24468.3 22439.5 22381.1 19897.6 17328.4 17280.1 16778.3 16687.5 16212.2 16120.6 16180.2 16238.7 15603.9 15510.8 18622.3 14503.1 14487.4 14473.3 14255.8 13396.5 13832.6 14489.6
threshold=31.349176406860355 0.096927080303430571 48.033332824707038 0.54653680324554454 0.055000000000000007 0.23500000000000001 172.50000000000003 0.28744137287139898 0.13500000000000004 1.1779963970184328 131.30000305175784 16.345238685607914 55.226807880427145 0.2674796879291535 0.82900000000000018 88.472222222222243 13.065476328134539 18.226495742797855 0.46871260365138573 0.42433550262096603 0.82525792121033492 61.833333333333336 0.4610577783641307 63.654761904761912 21.500000000000004 96.500000000000014 0.66591739654541027 58.724115572361903 0.75633333333333341 90.90000152587892
decision_type=10 10 10 10 8 8 10 8 2 8 10 10 10 10 10 10 8 10 10 10 10 10 10 10 10 10 10 10 10 10
left_child=1 9 5 15 -3 24 10 -7 11 -1 12 -6 -5 -10 27 -4 21 18 -17 -20 -16 -9 -23 26 -2 -15 -22 -14 29 -29
right_child=2 4 3 6 8 7 -8 16 13 -11 -12 -13 14 25 20 17 -18 -19 19 -21 23 22 -24 -25 -26 -27 -28 28 -30 -31
leaf_value=-0.077458012712502466 0.20474365206597289 -0.059395569172962272 0.19405421290283453 1.0760046593817798 0.041136324718594554 0.17565880843010689 1.240469979231174 0.16346160865920345 0.19038744567664459 -0.033822388693579418 1.2391032956367314 0.1296474411587942 0.31972107504829894 0.95925299763679506 1.2662369443540986 0.37218229897010269 0.42712095049792548 0.78607257195468083 1.2175687532220036 0.50724466718946182 0.55482681843469728 0.41522971024525757 0.026968531928383388 0.41762592871446863 -0.091669319410608199 0.33666632394414198 1.2442870642922141 0.53228644326494523 0.32870928100608138 0.77203090559063337
leaf_weight=51272 276 1668 345 55 4805 1172 52 615 545 13373 43 4360 286 52 46 1593 1202 103 40 105 53 768 130 111 321 95 55 1510 247 267
leaf_count=51272 276 1668 345 55 4805 1172 52 615 545 13373 43 4360 286 52 46 1593 1202 103 40 105 53 768 130 111 321 95 55 1510 247 267
internal_value=-3.27094e-06 -0.0469247 0.380413 0.489654 0.0737073 0.260769 0.573184 0.293852 0.096231 -0.0684312 0.560203 0.0832431 0.549103 0.268245 0.537849 0.385528 0.344873 0.42141 0.399799 0.703196 0.763943 0.279532 0.359023 0.658439 0.0453658 0.556901 0.905941 0.511912 0.539069 0.568309
internal_weight=85565 76170 9395 4911 11525 4484 2725 3887 9857 64645 2673 9165 2630 692 2575 2186 2715 1841 1738 145 265 1513 898 219 597 147 108 2310 2024 1777
internal_count=85565 76170 9395 4911 11525 4484 2725 3887 9857 64645 2673 9165 2630 692 2575 2186 2715 1841 1738 145 265 1513 898 219 597 147 108 2310 2024 1777
is_linear=0
shrinkage=0.03


Tree=42
num_leaves=31
num_cat=0
split_feature=46 38 36 45 6 37 68 38 43 37 131 26 21 67 179 83 9 86 182 78 94 14 137 74 128 140 84 1 30 124
split_gain=1.59802e+06 216670 128444 42620.4 32165.7 28404.7 26557.5 26037.3 23237.6 22653.9 21675.4 19278.7 19226.2 18656.8 18618.3 18469.5 17667.9 17886.8 18763.7 18594 16823.8 16316.7 16101.9 17873.1 14919.5 15764.5 15615.8 14695.9 17225 14660.6
threshold=0.26667764782905584 13.306388854980471 61.973081588745124 0.46247655153274542 0.19500000000000003 3.5166666507720952 0.70627450942993175 43.139610290527351 1.3361111283302309 30.123309135437015 71.903489484958897 18.500000000000004 0.12500000000000003 0.12916667014360431 5.7188451991322644 54.373317347254719 0.64921944612227278 11.900000000000002 32.500000000000007 0.55085989832878124 0.44975993661753155 0.3050000000000001 112.41666666666667 0.3505645245313645 0.52527777777777784 129.04166666666671 59.759615384615394 2.5000000000000004 4.8153786659240732 5.3706915224320158
decision_type=10 10 10 10 8 10 10 10 10 10 10 2 2 10 8 10 8 10 8 8 10 10 10 10 8 10 10 8 10 8
left_child=1 5 3 7 -3 -1 13 10 -5 27 -2 20 15 -4 -9 -10 24 18 -18 -20 -8 -11 23 -14 -15 26 -26 28 -6 -16
right_child=2 4 6 8 9 -7 11 14 12 21 -12 -13 22 16 29 -17 17 -19 19 -21 -22 -23 -24 -25 25 -27 -28 -29 -30 -31
leaf_value=-0.071719993638865207 0.13635166309511504 0.0068234076928253146 0.32962505128748204 0.02345662223100662 0.077843084585734648 -0.0073586711525093175 -0.061411172789196639 0.2421991256165153 0.96382159188389782 0.21656632531463721 0.83345389085253918 0.86521245950061798 1.4456316701201721 0.020732828092197297 0.21470438770513081 0.36862095068859191 1.1611932211086669 0.14474124599510516 1.0919752020755809 0.57631261996206395 0.73390161348713767 0.7604895742638752 0.41635038242703026 0.63724680671235545 0.80513031941361546 0.71003489537155207 0.36873934716682849 -0.0063452035669237369 0.19898172006478448 0.57374761824512144
leaf_weight=59098 1922 3411 515 150 3221 6891 43 982 48 1092 41 314 40 71 145 2088 58 71 67 1037 54 52 101 64 82 199 738 1050 1572 348
leaf_count=59098 1922 3411 515 150 3221 6891 43 982 48 1092 41 314 40 71 145 2088 58 71 67 1037 54 52 101 64 82 199 738 1050 1572 348
internal_value=-3.17094e-06 -0.0449427 0.374021 0.290943 0.0823408 -0.064999 0.525629 0.222477 0.385437 0.119208 0.150912 0.751014 0.408631 0.492988 0.317719 0.381996 0.529205 0.606995 0.635239 0.607607 0.38134 0.24129 0.686149 0.948164 0.44121 0.470508 0.412378 0.0953054 0.117574 0.468147
internal_weight=85565 76387 9178 5929 10398 65989 3249 3438 2491 6987 1963 411 2341 2838 1475 2136 2323 1233 1162 1104 97 1144 205 104 1090 1019 820 5843 4793 493
internal_count=85565 76387 9178 5929 10398 65989 3249 3438 2491 6987 1963 411 2341 2838 1475 2136 2323 1233 1162 1104 97 1144 205 104 1090 1019 820 5843 4793 493
is_linear=0
shrinkage=0.03


Tree=43
num_leaves=31
num_cat=1
split_feature=48 48 36 38 193 6 68 6 136 46 93 136 179 45 71 6 171 14 37 160 31 68 135 73 22 72 103 1 33 136
split_gain=1.50474e+06 265671 75661.2 42112.4 30132.5 29230.1 24669.2 23918 22050.3 26519.9 24764.6 21220.8 20852.3 26669.5 19770.8 19419.7 19238.5 18832.8 17718.3 18343.2 18096.9 19385.8 19441.6 17567.2 16048.8 16079.5 15165.5 15127.9 14902 14891.2
threshold=0.32210998237133032 0.1069793924689293 61.973081588745124 30.60440826416016 0 0.23500000000000001 0.53879600763320934 0.115 29.75961538461539 0.61855122447013866 0.43958147409683918 24.654761904761909 5.0772284861967849 0.48934240639209753 0.4590000063180924 0.40500000000000008 1.3589236661791804 0.13999999999999999 39.345237731933601 0.41173727507347185 12.031250000000002 0.12476209923624994 29.395498972866012 0.27519230544567114 41.500000000000007 0.72995018959045421 3.0725553313832825 2.5000000000000004 61.500000000000007 25.679487179487186
decision_type=10 10 10 10 1 8 10 8 10 10 10 10 8 10 8 10 8 8 10 8 10 10 10 8 2 10 8 10 10 10
left_child=1 4 5 7 16 27 11 -3 14 -10 -11 -4 13 -7 -8 -5 -1 -18 -14 -20 21 -21 -23 -9 25 -15 -22 -2 -17 -16
right_child=2 3 6 15 -6 12 8 23 9 10 -12 -13 18 24 29 28 17 -19 19 20 26 22 -24 -25 -26 -27 -28 -29 -30 -31
leaf_value=-0.047045021540098438 0.16993140866753345 -0.051190893850292483 0.31253496211727516 0.12929454251044123 -0.072140858550939838 0.18204198515130257 -0.038270325764365815 0.17486532682047248 0.48778962030581063 0.76934754944443706 1.7044299675409611 0.51779666158327353 0.28604858863282012 0.42946828554657468 0.70878127278544867 0.23174957422998116 -0.0038076096357865102 0.14467150265574974 0.17278647810429126 1.2607358055189253 0.9675997217496235 0.46804553139518368 0.95942690495974736 0.057380802890908564 0.235154824524761 1.00699725151062 0.39628134252413694 -0.28896933393180374 0.50009983760750165 0.46525311637289113
leaf_weight=8388 337 1453 676 1919 53928 1127 46 1466 70 50 52 1376 561 764 502 979 3261 1006 143 48 45 239 104 5239 428 46 591 80 230 411
leaf_count=8388 337 1453 676 1919 53928 1127 46 1466 70 50 52 1376 561 764 502 979 3261 1006 143 48 45 239 104 5239 428 46 591 80 230 411
internal_value=-3.07731e-06 -0.0395538 0.400175 0.0950392 -0.0623676 0.321178 0.512181 0.0591555 0.624677 0.937459 1.24606 0.450176 0.345539 0.287629 0.568579 0.188626 -0.0206467 0.0311982 0.424659 0.491121 0.535446 0.696058 0.617036 0.0830679 0.38375 0.462266 0.436705 0.0818929 0.2828 0.599154
internal_weight=85565 77869 7696 11286 66583 4513 3183 8158 1131 172 102 2052 4096 2365 959 3128 12655 4267 1731 1170 1027 391 343 6705 1238 810 636 417 1209 913
internal_count=85565 77869 7696 11286 66583 4513 3183 8158 1131 172 102 2052 4096 2365 959 3128 12655 4267 1731 1170 1027 391 343 6705 1238 810 636 417 1209 913
cat_boundaries=0 1
cat_threshold=6
is_linear=0
shrinkage=0.03


Tree=44
num_leaves=31
num_cat=1
split_feature=36 48 37 45 1 31 193 6 138 29 35 45 14 171 136 94 14 83 38 8 140 173 91 9 133 18 31 45 81 171
split_gain=1.41638e+06 192030 107700 40881.8 32529.6 39209.9 27851.6 27482.7 24039.6 22794.5 20134.5 19006.6 18665.2 17517.6 16329.3 16883.4 16048.5 15988.1 15969.9 15072.4 14977.9 15439.7 18423 14719 14241.4 15448.8 14121.1 13970.5 13647.6 16162.8
threshold=32.249237060546882 0.1069793924689293 48.033332824707038 0.54653680324554454 1.5000000000000002 3.4641026258468632 0 0.075000000000000025 172.50000000000003 11.900000095367433 131.30000305175784 0.46770833432674414 0.2950000000000001 1.0629960130900147 25.190909090909095 0.3855890575769591 0.13999999999999999 55.226807880427145 19.534523963928226 0.82900000000000018 88.472222222222243 0.1460423284161978 31.096167542928068 0.82525792121033492 31.583333333333339 1.0000000180025095e-35 6.0312500000000009 0.31643131375312811 63.583333333333336 21.459164500236515
decision_type=10 10 10 10 8 10 1 8 10 10 10 10 10 8 8 10 8 10 10 10 10 10 10 10 8 2 8 10 10 8
left_child=1 6 4 20 9 -6 13 -3 10 -2 17 18 -7 -1 15 -11 -15 -5 -9 -19 -4 22 -22 -21 25 -20 -13 -16 29 -25
right_child=2 7 3 8 5 12 -8 11 -10 14 -12 26 -14 16 27 -17 -18 19 24 23 21 -23 -24 28 -26 -27 -28 -29 -30 -31
leaf_value=-0.047803755597608466 0.23922865872570875 -0.045086749902025595 0.16967693704711395 1.0088190614201806 -0.11474496771935373 0.19041956929963752 -0.07000650504117388 0.046342955601923148 1.1645194358206712 0.54110369090047294 1.1571620016874269 0.63503793574403966 0.60356221949154476 -0.0053583960271551831 0.82023024810112521 0.048287652527584747 0.12515802541632376 0.46729870806792212 0.097216132645888423 1.1940235003181126 0.41327469093859437 0.63212784401301669 0.18125051677480195 0.47640780962705609 0.25014606474064938 0.49942936031825164 0.19483178833418563 0.44759636720186669 0.38460826892595168 1.235458447170608
leaf_weight=7879 1421 1342 344 55 400 1376 53915 3720 52 99 43 96 106 3612 107 170 1108 2309 3682 46 1220 203 412 50 745 88 207 589 118 51
leaf_count=7879 1421 1342 344 55 400 1376 53915 3720 52 99 43 96 106 3612 107 170 1108 2309 3682 46 1220 203 412 50 745 88 207 589 118 51
internal_value=-3.23685e-06 -0.0422937 0.352274 0.448193 0.242085 0.148829 -0.0606252 0.0811176 0.525671 0.315642 0.513239 0.100954 0.21997 -0.0204081 0.428163 0.229659 0.0252798 0.502707 0.0923685 0.491892 0.351336 0.385391 0.3547 0.70618 0.13029 0.106605 0.334303 0.504883 0.60371 0.859691
internal_weight=85565 76394 9171 4903 4268 1882 66514 9880 2724 2386 2672 8538 1482 12599 965 269 4720 2629 8235 2574 2179 1835 1632 265 4515 3770 303 696 219 101
internal_count=85565 76394 9171 4903 4268 1882 66514 9880 2724 2386 2672 8538 1482 12599 965 269 4720 2629 8235 2574 2179 1835 1632 265 4515 3770 303 696 219 101
cat_boundaries=0 1
cat_threshold=6
is_linear=0
shrinkage=0.03


Tree=45
num_leaves=31
num_cat=0
split_feature=48 36 36 38 6 37 6 68 26 44 72 160 138 21 50 17 138 45 37 21 8 84 94 83 32 31 179 44 84 84
split_gain=1.33571e+06 235185 67767.3 34130.3 26671.6 26643 23143.2 23081.8 19723.8 19629 23742.6 22369.3 21483.1 18605.7 21475.9 18454.9 18131.3 17091.9 16973.5 16582.4 18271.2 16110.1 15375.4 15274.3 19033.2 17438.3 15770.9 14944.5 14642.3 18585.4
threshold=0.32210998237133032 11.000222682952883 61.973081588745124 30.60440826416016 0.23500000000000001 1.8819444179534914 0.40500000000000008 0.70627450942993175 18.500000000000004 4.0001425743103036 0.76655691862106334 0.41173727507347185 133.10000000000002 0.13500000000000004 0.35086099803447729 1.0000000180025095e-35 96.300000000000026 0.20185185223817828 62.049999237060554 0.22500000000000006 0.33100000000000013 55.677083333333336 0.4530924522336372 66.13190160185367 13.402702331542971 11.207142829895021 5.0772284861967849 4.5249664783477792 64.408333333333346 62.160256410256416
decision_type=10 10 10 10 8 10 10 10 2 10 10 8 8 2 10 2 10 10 8 2 10 10 10 10 10 8 10 10 8 10
left_child=1 5 4 15 -2 -1 -5 16 22 10 18 -11 13 -13 -15 -3 -4 -17 21 -19 -21 -6 -9 24 25 -18 -26 -14 29 -10
right_child=2 3 7 6 9 -7 -8 8 28 11 -12 12 27 14 -16 17 23 19 -20 20 -22 -23 -24 -25 26 -27 -28 -29 -30 -31
leaf_value=-0.066844373821215317 0.073693549886903659 -0.06834483246029624 0.31946458917170117 0.10837110860154511 0.80954590414735395 -0.013993526445209662 0.27461969498023342 -0.1052443604691084 0.77527654539316126 0.091104877190421457 0.92244273772293872 0.32779011494185473 0.44432515654509719 1.2578182009288243 0.43329456645741377 0.042170731644714993 0.75731220374588204 0.1200081568305147 -0.14125466585159302 0.65805489981564402 -0.062435090005397792 0.2254067400635911 0.66842813043594362 0.36504065646329759 0.70818324436406999 0.35697854155381537 0.38363608038637059 0.77145550214378122 0.57871875895870672 1.4358956295565555
leaf_weight=56396 417 943 695 1961 44 10126 1224 43 117 230 44 1764 330 42 88 5015 119 2052 111 107 45 1240 50 576 665 553 169 203 139 57
leaf_count=56396 417 943 695 1961 44 10126 1224 43 117 230 44 1764 330 42 88 5015 119 2052 111 107 45 1240 50 576 665 553 169 203 139 57
internal_value=-3.38372e-06 -0.0372665 0.377029 0.0889703 0.302267 -0.0587994 0.172261 0.483031 0.694313 0.325537 0.236298 0.373868 0.400665 0.353316 0.699679 0.0564685 0.452142 0.0727726 0.214656 0.142404 0.444752 0.245424 0.310709 0.496431 0.546684 0.427871 0.642418 0.568917 0.808292 0.991686
internal_weight=85565 77869 7696 11347 4513 66522 3185 3183 406 4096 1439 2657 2427 1894 130 8162 2777 7219 1395 2204 152 1284 93 2082 1506 672 834 533 313 174
internal_count=85565 77869 7696 11347 4513 66522 3185 3183 406 4096 1439 2657 2427 1894 130 8162 2777 7219 1395 2204 152 1284 93 2082 1506 672 834 533 313 174
is_linear=0
shrinkage=0.03


Tree=46
num_leaves=31
num_cat=1
split_feature=48 48 36 38 193 6 68 6 136 46 9 179 45 136 31 71 171 14 94 9 73 75 158 11 44 140 159 137 133 26
split_gain=1.25677e+06 221618 63762.3 35633.3 25723.1 25232.5 21735.3 20807 20426.2 24442 23225.4 19838.4 22296 19256.5 19149.9 18211.2 16757.7 16807.6 16711.5 16421.9 16067.3 15127.2 14927.5 14862 14554.7 18738.9 14338.7 16999.5 19753.8 14198.2
threshold=0.32210998237133032 0.1069793924689293 61.973081588745124 30.60440826416016 0 0.20500000000000004 0.53879600763320934 0.115 29.75961538461539 0.61855122447013866 0.76456733615131267 5.7188451991322644 0.46247655153274542 24.654761904761909 6.1742422580719003 0.4590000063180924 1.3589236661791804 0.13999999999999999 0.56648432816152339 0.78669716898994491 0.27519230544567114 0.32947862148284918 0.39541887503388945 0.43905465262548943 4.166677951812745 135.14835164835168 0.44003330825613945 163.83333333333334 34.166666666666679 58.500000000000007
decision_type=10 10 10 10 1 8 10 8 10 10 8 8 10 10 8 8 8 8 10 10 8 8 8 10 10 8 8 10 10 2
left_child=1 4 5 7 16 -2 13 -3 15 -10 -11 12 23 -4 -14 -8 -1 -18 21 -16 -9 -5 -13 24 -7 -26 -15 28 -28 -24
right_child=2 3 6 18 -6 11 8 20 9 10 -12 22 14 26 19 -17 17 -19 -20 -21 -22 -23 29 -25 25 -27 27 -29 -30 -31
leaf_value=-0.04307600323403267 0.033794658552843387 -0.049148254329248936 0.27922303360316508 0.074469551134827852 -0.066015059252927999 0.11566254144378035 -0.062279464213744452 0.16386630157882914 0.44348333458389555 1.5425720693537446 0.61926561791722368 0.10900792692872611 0.88676941356488626 0.2527640104009346 0.30617376916658351 0.5494863532560389 -0.0031215701319265289 0.13714718932048908 0.54865187012165495 0.88745479166507713 0.051509190996433571 0.21264830844668153 0.39519748475940203 -0.027027023531894647 0.25873114794944274 0.74964947365312007 0.51180409421851591 0.86481108078831115 -0.040364805974306597 0.66565123018691708
leaf_weight=8388 314 1453 676 1151 53928 512 46 1466 70 61 41 132 56 220 1564 913 3261 1006 103 45 5239 1874 932 262 396 85 980 114 62 215
leaf_count=8388 314 1453 676 1151 53928 512 46 1466 70 61 41 132 56 220 1564 913 3261 1006 103 45 5239 1874 932 262 396 85 980 114 62 215
internal_value=-3.28432e-06 -0.0361485 0.365718 0.0867801 -0.0569853 0.293199 0.46854 0.053772 0.574135 0.875178 1.17144 0.312597 0.26944 0.41034 0.341412 0.520142 -0.0184391 0.0299486 0.172867 0.322431 0.0760753 0.160072 0.411124 0.173957 0.226986 0.345484 0.474754 0.517002 0.47895 0.445893
internal_weight=85565 77869 7696 11286 66583 4513 3183 8158 1131 172 102 4199 2920 2052 1665 959 12655 4267 3128 1609 6705 3025 1279 1255 993 481 1376 1156 1042 1147
internal_count=85565 77869 7696 11286 66583 4513 3183 8158 1131 172 102 4199 2920 2052 1665 959 12655 4267 3128 1609 6705 3025 1279 1255 993 481 1376 1156 1042 1147
cat_boundaries=0 1
cat_threshold=6
is_linear=0
shrinkage=0.03


Tree=47
num_leaves=31
num_cat=0
split_feature=48 36 1 38 37 38 6 190 26 78 37 140 68 6 177 17 67 27 79 144 83 140 6 45 21 8 179 39 115 168
split_gain=1.1825e+06 209268 60904.4 37458.5 33787.1 30082.2 28861.4 27155.1 27773.1 25847.6 24053.5 21941.4 21811.9 21665.6 19349.6 17856.7 17314.6 16371.1 16296.6 22907.1 16194.2 15389.8 15383 15105.6 15766.2 17265.6 14724.1 19648.5 14455.8 14927.8
threshold=0.32210998237133032 11.000222682952883 1.5000000000000002 64.990741729736342 85.049999237060561 30.082216262817386 0.6150000000000001 773.20000000000016 19.500000000000004 0.35730426013469702 1.4833333492279055 133.3484848484849 0.73375529050827037 0.40500000000000008 25.500000000000004 1.0000000180025095e-35 0.27922078967094427 18.500000000000004 0.33254556357860571 0.78174603174603186 67.561821924833978 105.03125000000001 0.71500000000000008 0.20185185223817828 0.22500000000000006 0.33100000000000013 5.7188451991322644 2.811011910438538 -0.12577815947102994 0.70673469387755128
decision_type=10 10 8 10 8 10 10 2 2 8 10 10 10 10 8 2 8 10 8 8 10 8 10 10 2 10 8 10 8 10
left_child=1 10 3 11 6 15 26 -8 -9 -5 -1 16 14 -7 -11 -3 17 -2 19 -18 -16 -22 -20 -17 -25 -26 -4 -28 -13 -30
right_child=2 5 4 9 -6 13 7 8 -10 12 -12 28 -14 -15 20 23 18 -19 22 -21 21 -23 -24 24 25 -27 27 -29 29 -31
leaf_value=-0.063519080141282991 0.17896728923022456 -0.074705634020142631 0.1202480109584263 0.028649432058587217 -0.17021972246468067 0.10004904807673702 0.3228225879371166 1.504595957983285 0.508363023553701 0.31451584823528922 -0.015411877907635905 1.0310812731222674 0.75860416271449893 0.25734066028002278 0.57775121077867153 0.039298678950108211 0.26138660869290747 0.52261367704037209 0.28383486227077959 1.0455666464873374 -0.14477197176531742 0.51710395137608889 0.47871349902027321 0.11216527796194194 0.63903842039546876 -0.062322013358275093 -0.05888288842595648 0.47999849294651958 0.51996617132114964 0.027187038472583216
leaf_weight=55262 1028 885 958 99 192 2088 301 40 68 450 11260 44 306 1266 1172 4948 62 142 1198 73 57 71 524 2009 106 45 80 255 514 62
leaf_count=55262 1028 885 958 99 192 2088 301 40 68 450 11260 44 306 1266 1172 4948 62 142 1198 73 57 71 524 2009 106 45 80 255 514 62
internal_value=-3.41467e-06 -0.0350643 0.354747 0.402965 0.207036 0.0840138 0.249594 0.469247 0.877338 0.502129 -0.0553761 0.34437 0.524928 0.15942 0.484068 0.052372 0.311068 0.220675 0.36802 0.685425 0.542759 0.222362 0.343136 0.0681941 0.134386 0.430024 0.180113 0.35131 0.506961 0.466924
internal_weight=85565 77869 7696 5802 1894 11347 1702 409 108 2155 66522 3647 2056 3354 1750 7993 3027 1170 1857 135 1300 128 1722 7108 2160 151 1293 335 620 576
internal_count=85565 77869 7696 5802 1894 11347 1702 409 108 2155 66522 3647 2056 3354 1750 7993 3027 1170 1857 135 1300 128 1722 7108 2160 151 1293 335 620 576
is_linear=0
shrinkage=0.03


Tree=48
num_leaves=31
num_cat=0
split_feature=36 38 1 35 31 6 36 6 21 47 140 26 83 127 34 132 114 138 127 182 74 1 189 73 82 87 100 37 72 8
split_gain=1.11298e+06 154274 90259.1 57986.8 42305.8 33999.3 27196.6 22888.5 21890.7 21565.5 21106.5 20951.3 19394 25306.1 19294 19180.1 20677.6 17959.4 16576.2 16241.7 24631.2 15839.2 15503.6 16348.8 18397.3 15276.4 15753.4 14225.2 14274.3 14215.7
threshold=32.249237060546882 7.7747583389282235 1.5000000000000002 46.225000381469734 3.4641026258468632 0.03500000000000001 98.529468536376967 0.47500000000000003 0.15500000000000003 0.13753630220890048 86.690476190476204 15.500000000000002 63.551318101606803 0.56373777561488547 31.416666984558109 66.408333333333346 -0.19765666769684889 167.10000000000002 0.75681455396687591 53.500000000000007 0.51561737060546886 2.5000000000000004 1.0000000180025095e-35 0.62541958689689647 61.733333333333341 12.21504864447167 2.2529292929292932 33.038461685180671 0.14797455817461017 0.45450000000000013
decision_type=10 10 8 10 10 8 10 10 2 10 8 2 8 10 10 10 8 10 10 10 10 8 2 10 10 10 10 10 10 8
left_child=1 -1 3 -2 -4 -3 10 -6 9 -7 22 -9 19 -14 29 16 -12 -17 25 20 -8 -11 -5 -24 -25 26 -18 28 -23 -10
right_child=2 5 4 6 7 8 12 11 14 21 15 -13 13 -15 -16 17 18 -19 -20 -21 -22 27 23 24 -26 -27 -28 -29 -30 -31
leaf_value=-0.057887053185740563 0.22225407017486398 -0.069199489002316344 -0.11875940998654758 0.37995098798722027 0.13838842466468126 0.017077397843631232 1.6580849804296049 0.53807736383825544 0.27050387142465432 0.12426957237351201 0.92886543218046425 0.22962641973603415 0.28314356474946423 1.123732070043683 0.82221359356244406 0.52873934238564124 0.40220570027130653 1.1741023496084095 0.71512450487797075 0.55490752506129293 0.76970714946587881 0.20529115346379651 -0.14629553142884005 0.84207888338623982 0.06686458625032432 -0.1264126085855744 0.16419567226130755 0.40339566717147829 -0.071902867976039689 -0.0033602212782204146
leaf_weight=62166 1710 1827 402 310 1366 5687 43 300 537 4656 64 584 166 40 45 726 2510 41 130 94 81 203 146 41 84 55 278 75 948 250
leaf_count=62166 1710 1827 402 310 1366 5687 43 300 537 4656 64 584 166 40 45 726 2510 41 130 94 81 203 146 41 84 55 278 75 948 250
internal_value=-3.31337e-06 -0.0374916 0.312272 0.3723 0.164714 0.0516219 0.425654 0.215362 0.0694221 0.0587331 0.40347 0.334304 0.655086 0.446365 0.218053 0.429192 0.395339 0.563237 0.383853 0.852318 1.07777 0.0990078 0.235056 0.0693089 0.321135 0.368706 0.378473 0.00307085 -0.0230146 0.183508
internal_weight=85565 76394 9171 6519 2652 14228 4809 2250 12401 11569 4385 884 424 206 832 3804 3037 767 2973 218 124 5882 581 271 125 2843 2788 1226 1151 787
internal_count=85565 76394 9171 6519 2652 14228 4809 2250 12401 11569 4385 884 424 206 832 3804 3037 767 2973 218 124 5882 581 271 125 2843 2788 1226 1151 787
is_linear=0
shrinkage=0.03


Tree=49
num_leaves=31
num_cat=1
split_feature=48 48 36 38 44 193 14 93 6 67 32 6 129 84 130 175 9 140 139 136 135 94 39 171 14 180 129 15 14 71
split_gain=1.04933e+06 185693 54044.2 30155.6 23212.6 22646.6 20382.7 21147.8 19750 19681.6 22767 18230 17751.8 20646.1 17797 18387.3 17297.3 15976 16091.8 15544.1 17550.8 15311.7 15260 15174.9 15850.5 14794.8 20050.2 19414.4 14488.8 14354
threshold=0.32210998237133032 0.1069793924689293 61.973081588745124 30.60440826416016 4.1374928951263437 0 0.17000000000000001 0.32783527473911162 0.055000000000000007 0.12916667014360431 14.111805438995363 0.10500000000000002 62.833333333333336 67.591666666666683 65.500000000000014 149.50000000000003 0.78669716898994491 108.56349206349208 90.870147635546275 24.031250000000004 28.788082487597098 0.56648432816152339 4.2944257259368905 1.3589236661791804 0.13999999999999999 1.0000000180025095e-35 65.500000000000014 0.029511042805100227 0.3050000000000001 0.3209999948740006
decision_type=10 10 10 10 10 1 10 10 8 10 10 8 10 10 10 8 10 8 10 8 10 10 10 8 8 2 10 8 10 10
left_child=1 5 4 11 8 23 17 -8 -2 -4 -11 -3 -12 14 25 -16 -10 -6 -19 -20 -21 28 -9 -1 -25 26 -14 -27 -5 -13
right_child=2 3 9 21 6 -7 7 22 16 10 12 29 13 -15 15 -17 -18 18 19 20 -22 -23 -24 24 -26 27 -28 -29 -30 -31
leaf_value=-0.039382635772711887 -0.30861808661152335 -0.050476552961631255 0.26453152888290149 0.13442660489441907 0.19239356743135988 -0.060576612959567261 1.1230775917693974 0.29621674992750135 0.19856375102284984 0.36694851914900239 0.42386435312318799 0.12465714631535434 0.44334535295764604 0.22897766517133128 0.43281600134735793 0.91307756524533035 0.82109108552700127 0.88999248736202718 0.78757748477838252 0.20109069675665633 0.44111816496783218 0.51839098969709529 0.72894328083875948 -0.002007046909047515 0.1342092736249523 1.6035495583907418 1.0467189579075851 0.82459642229142127 0.50525704116845616 0.034902716843448742
leaf_weight=8388 68 1375 544 2927 832 53928 48 209 1985 1210 625 2601 117 98 284 96 41 50 66 585 516 103 113 3261 1006 46 86 77 98 4182
leaf_count=8388 68 1375 544 2927 832 53928 48 209 1985 1210 625 2601 117 98 284 96 41 50 66 585 516 103 113 3261 1006 46 86 77 98 4182
internal_value=-3.21357e-06 -0.0330309 0.334175 0.0794938 0.26741 -0.0521042 0.330713 0.535642 0.194283 0.428837 0.462707 0.0491286 0.543791 0.637017 0.693657 0.554145 0.211162 0.293707 0.36297 0.34039 0.313583 0.158688 0.448074 -0.0159394 0.0301077 0.856277 0.698962 1.11591 0.14644 0.0693198
internal_weight=85565 77869 7696 11286 4513 66583 2419 370 2094 3183 2639 8158 1429 804 706 380 2026 2049 1217 1167 1101 3128 322 12655 4267 326 203 123 3025 6783
internal_count=85565 77869 7696 11286 4513 66583 2419 370 2094 3183 2639 8158 1429 804 706 380 2026 2049 1217 1167 1101 3128 322 12655 4267 326 203 123 3025 6783
cat_boundaries=0 1
cat_threshold=6
is_linear=0
shrinkage=0.03


Tree=50
num_leaves=31
num_cat=1
split_feature=45 38 35 38 140 45 43 21 171 6 21 173 89 138 6 131 35 42 32 138 182 193 27 21 39 136 76 31 91 15
split_gain=989170 143051 93251.9 29954.3 27968.9 27605.7 24399.7 23180 20816.4 20577.8 20402.5 20788.8 18594.2 18580.1 18577.5 18494.3 17575.2 16969.8 17142.5 16914.7 21075.8 16743.1 16804.7 15103.7 14458.6 14973.4 14071.4 13972.6 15963.8 13424.3
threshold=0.26600250601768499 13.306388854980471 46.899999618530281 46.671569824218757 101.69696969696972 0.59317129850387584 10.00624990463257 0.18500000000000003 5.3456137478351602 0.19500000000000003 0.12500000000000003 0.1460423284161978 19.500000000000004 88.700000000000003 0.51500000000000012 70.227028339988593 119.70000076293947 4.0116188526153573 10.00490188598633 172.50000000000003 32.500000000000007 0 1.5000000000000002 0.16500000000000004 1.912878751754761 28.392307692307693 0.34115552902221685 18.345238685607914 31.096167542928068 0.18137874715640129
decision_type=10 10 10 10 10 10 8 2 8 8 2 10 10 10 8 10 10 10 10 10 8 1 8 2 10 8 10 10 10 10
left_child=1 21 6 9 14 10 7 15 -5 23 11 27 -10 -9 -4 -2 19 -16 -19 20 -7 22 -1 -3 25 -14 -26 28 -6 -15
right_child=2 3 4 8 5 16 -8 13 12 -11 -12 -13 24 29 17 -17 -18 18 -20 -21 -22 -23 -24 -25 26 -27 -28 -29 -30 -31
leaf_value=-0.034917538463408566 0.16355242474332496 -0.029841657172455544 0.12462930521462112 0.07436301601707615 0.31504521344585484 0.99760565637652543 -0.10118925509227852 0.99631627075374118 0.95250905609712366 0.082989132110310698 0.76201935984871594 0.65272530502548398 0.28887151648781512 0.20662856113531683 0.18556509987975392 0.48624099896954637 1.0357902541330883 0.14464078887303672 0.46955399293272709 1.0436017782590827 0.45344711812336896 -0.0573321453388227 0.072711885078602656 0.20282616251087099 0.090125108988661509 1.0313632629405369 0.43562772461824867 0.63299374543890652 0.073838023080712273 0.68943887271440107
leaf_weight=5257 3295 3005 504 507 1143 67 257 48 41 6026 99 153 55 173 453 168 56 180 777 49 1459 58797 1737 274 285 44 169 98 315 74
leaf_count=5257 3295 3005 504 507 1143 67 257 48 41 6026 99 153 55 173 453 168 56 180 777 49 1459 58797 1737 274 285 44 169 98 315 74
internal_value=-3.33208e-06 -0.0357687 0.290904 0.0675881 0.372877 0.424035 0.181613 0.200953 0.215558 0.0500798 0.343305 0.31905 0.336073 0.456232 0.280958 0.179207 0.513525 0.336837 0.408442 0.494956 0.477339 -0.0521164 -0.00817546 -0.0103995 0.29037 0.618868 0.218737 0.28624 0.262933 0.351276
internal_weight=85565 76197 9368 10406 5353 3439 4015 3758 1101 9305 1808 1709 594 295 1914 3463 1631 1410 957 1575 1526 65791 6994 3279 553 99 454 1556 1458 247
internal_count=85565 76197 9368 10406 5353 3439 4015 3758 1101 9305 1808 1709 594 295 1914 3463 1631 1410 957 1575 1526 65791 6994 3279 553 99 454 1556 1458 247
cat_boundaries=0 1
cat_threshold=4
is_linear=0
shrinkage=0.03


Tree=51
num_leaves=31
num_cat=0
split_feature=48 36 6 38 38 44 37 6 35 67 140 7 80 183 189 43 142 47 33 6 80 173 189 5 91 136 189 14 45 137
split_gain=931378 170839 46438.7 27021.8 25911.9 25904.7 20332.8 19662.3 18509 18423.7 22218.1 18509.9 17857.6 18187.4 20039.8 17320.7 16670.1 16401.6 15691.2 15502.4 14423.2 14360.5 14088.9 14025.7 14008.2 13964.4 13935.2 13544.2 14542.7 13266.8
threshold=0.33151119947433477 11.000222682952883 0.62500000000000011 30.60440826416016 64.990741729736342 4.5249664783477792 1.105555593967438 0.40500000000000008 90.90000152587892 0.60769233107566845 91.408333333333346 0.90166666666666673 0.50003948807716381 11.500000000000002 674.00000000000011 2.7502070665359502 0.90000000000000013 0.63363781571388256 61.500000000000007 0.025000000000000005 0.44650413095951086 0.11329583921886717 462.90000000000003 1.0000000180025095e-35 30.747812696601166 21.033333333333335 232.75000000000003 0.14000000000000007 0.61834734678268444 135.50000000000003
decision_type=10 10 8 10 10 10 10 10 10 10 8 10 10 8 2 10 10 10 10 8 10 10 2 2 10 10 2 8 10 10
left_child=1 6 5 19 15 8 -1 -5 16 10 25 12 13 17 -15 20 -2 27 -9 -3 -4 -11 -23 -17 -20 -6 -14 -12 -29 -7
right_child=2 3 4 7 9 29 -8 18 -10 21 11 -13 26 14 -16 23 -18 -19 24 -21 -22 22 -24 -25 -26 -27 -28 28 -30 -31
leaf_value=-0.057078727654677502 0.12771413823359873 -0.091278881276639884 -0.060350765224955069 0.08949995679949313 0.50031660425035573 0.31376250488366242 -0.014479724902730697 0.18666114355874991 0.67455602639750256 0.553232186007106 0.18695332723004476 1.1162979996800424 0.46094063538480812 0.57935668921445382 1.2565107783018532 0.38066631517912214 0.27494739342148389 0.11685742483419531 0.24555525243256085 0.058885199659249411 0.51304523424460335 0.65320186955618187 1.3106148042440413 0.0083297051396220931 0.6868366154302068 -0.069966286435723307 0.022795238401278974 0.46667642208662902 1.2519758670504499 0.55525402738393226
leaf_weight=54129 1617 674 164 2035 57 810 12393 1043 73 413 42 40 142 118 59 1767 1210 102 142 7547 52 71 50 96 119 120 121 44 41 274
leaf_count=54129 1617 674 164 2035 57 810 12393 1043 73 413 42 40 142 118 59 1767 1210 102 142 7547 52 71 50 96 119 120 121 44 41 274
internal_value=-3.43133e-06 -0.0306441 0.31972 0.0758051 0.399466 0.249681 -0.0491426 0.147775 0.202911 0.498249 0.414357 0.489419 0.451938 0.576686 0.805075 0.331995 0.190732 0.400158 0.238719 0.046574 0.077689 0.63744 0.92486 0.36148 0.446753 0.113684 0.25936 0.627691 0.845468 0.374804
internal_weight=85565 78082 7483 11560 3499 3984 66522 3339 2900 1420 886 709 669 406 177 2079 2827 229 1304 8221 216 534 121 1863 261 177 263 127 85 1084
internal_count=85565 78082 7483 11560 3499 3984 66522 3339 2900 1420 886 709 669 406 177 2079 2827 229 1304 8221 216 534 121 1863 261 177 263 127 85 1084
is_linear=0
shrinkage=0.03


Tree=52
num_leaves=31
num_cat=1
split_feature=45 38 35 38 67 43 21 38 140 6 1 138 131 96 110 134 193 27 55 21 1 6 179 79 15 172 15 83 66 6
split_gain=877982 127417 82665 27155 25934.4 22557.5 21782.6 21640.3 19269.8 18731 17721.9 17525.8 17304.5 16893.4 16985.4 15951.4 15423 15493.7 14924.3 14233.7 13839.5 13231.6 13185.8 12939.7 12614.3 12555.3 14383.9 14868.1 18517.4 14253.2
threshold=0.26600250601768499 13.306388854980471 46.899999618530281 46.671569824218757 0.19995961338281634 10.00624990463257 0.18500000000000003 72.194999694824233 163.25000000000003 0.19500000000000003 1.5000000000000002 88.700000000000003 70.227028339988593 0.39863469743913693 0.77500000000000013 28.900000000000002 0 1.5000000000000002 3.8090908527374272 0.16500000000000004 1.5000000000000002 0.6150000000000001 4.0978196354457816 0.49694070219993597 0.18137874715640129 0.076741784447825159 -0.077052559843257526 59.6655907034419 0.22145409882068637 0.6150000000000001
decision_type=10 10 10 10 10 8 2 10 8 8 8 10 10 10 8 10 1 8 10 2 8 8 8 10 10 8 10 10 10 8
left_child=1 16 5 9 13 6 12 15 23 19 18 -8 -2 14 -4 25 17 -1 -9 -3 -10 -16 -15 -5 -13 -6 29 -28 -29 -27
right_child=2 3 4 8 7 -7 11 10 20 -11 -12 24 -14 22 21 -17 -18 -19 -20 -21 -22 -23 -24 -25 -26 26 27 28 -30 -31
leaf_value=-0.032633554817844759 0.15353928964568603 -0.029398996489572674 0.93727123224735254 0.1175676978444975 0.15099747943442487 -0.10075005118398118 0.96176504597184242 0.49888059131492996 0.7301483273004391 0.078574438654216566 -0.049330702634418709 0.19507702253888107 0.4656759517373783 -0.15078999263190088 0.16439304928105652 0.45850463198842306 -0.054133047810932845 0.070712117185793649 1.0290893909275531 0.19646838529375349 0.1886952349960804 0.42901862906884736 0.19253454071001155 0.53110253440367206 0.66309419822853966 0.11624086761818481 0.72107706329785282 0.86114519272531775 0.32254055677164645 0.37223517373659226
leaf_weight=5257 3295 3005 40 854 407 257 48 1076 98 6026 51 173 168 126 329 795 58797 1737 50 274 75 352 501 74 74 390 128 63 652 393
leaf_count=5257 3295 3005 40 854 407 257 48 1076 98 6026 51 173 168 126 329 795 58797 1737 50 274 75 352 501 74 74 390 128 63 652 393
internal_value=-3.3301e-06 -0.0336987 0.274067 0.0638467 0.351246 0.171167 0.189763 0.389556 0.204733 0.0471766 0.49765 0.437227 0.168682 0.237427 0.336464 0.344567 -0.0491272 -0.00695712 0.522424 -0.0105251 0.495414 0.301175 0.123541 0.150544 0.335293 0.300012 0.337312 0.423305 0.369998 0.244728
internal_weight=85565 76197 9368 10406 5353 4015 3758 4005 1101 9305 1177 295 3463 1348 721 2828 65791 6994 1126 3279 173 681 627 928 247 2033 1626 843 715 783
internal_count=85565 76197 9368 10406 5353 4015 3758 4005 1101 9305 1177 295 3463 1348 721 2828 65791 6994 1126 3279 173 681 627 928 247 2033 1626 843 715 783
cat_boundaries=0 1
cat_threshold=4
is_linear=0
shrinkage=0.03


Tree=53
num_leaves=31
num_cat=0
split_feature=38 37 46 45 1 177 37 36 140 83 56 170 143 74 182 74 132 48 80 72 42 33 14 51 119 6 190 136 20 73
split_gain=827253 115879 96186.7 34746.6 27235.2 25342.9 20812.4 19999.6 18561.5 18185.1 17973.8 16510.4 19541.7 17120.7 16187.6 23374.6 15523.2 17684.8 19926.9 16583.2 15470.8 15088.3 14617.1 14371.5 17209.3 13944.1 13904 13375 13101 14839.2
threshold=32.656158447265632 7.9083333015441903 0.38248763978481298 0.48074074089527136 1.5000000000000002 40.500000000000007 85.049999237060561 98.529468536376967 107.03125000000001 63.551318101606803 1.9900000095367434 22.750000000000004 0.65684783295133087 0.52803272008895885 53.500000000000007 0.51561737060546886 66.408333333333346 0.5749967396259309 0.47709879279136663 0.40688604116439825 4.249920368194581 112.50000000000001 0.17000000000000001 0.98437500000000011 0.41102651837137999 1.0000000180025095e-35 172.20000000000002 24.516666666666669 1.0000000180025095e-35 0.3251923024654389
decision_type=10 10 8 8 8 8 8 10 8 8 10 8 10 10 10 10 10 10 8 10 10 10 10 8 10 8 2 8 2 10
left_child=1 -1 5 25 7 -2 21 8 20 14 -11 12 -10 -14 15 -9 23 19 -19 -18 -4 -6 -7 24 -13 -3 -20 -25 -5 -30
right_child=2 3 4 28 6 22 -8 9 11 10 -12 16 13 -15 -16 -17 17 18 26 -21 -22 -23 -24 27 -26 -27 -28 -29 29 -31
leaf_value=-0.048188270240025241 0.095501632108803053 -0.11637301098746154 0.19794196632410163 0.21572800037837139 0.21471308218838292 0.22589996212929433 -0.17675665001909271 1.5456829643526744 0.33281625997026759 0.21970541729419318 0.92284157859842952 0.98403140118488885 1.3871012580936606 0.62077690796668705 0.45181650612751645 0.68026242421733008 0.73518211052119731 1.203834118144411 0.78460298994848543 0.21979140861092933 0.38119149330258373 0.73639758238252595 0.56769005906863468 0.59613461655443123 0.28823789650485626 0.05478210132423756 0.32391702721689059 0.28863662786443944 0.95186464207676735 0.27423296977511863
leaf_weight=65482 2763 449 1039 427 852 994 119 43 90 162 41 65 44 65 90 81 75 53 121 224 690 53 127 138 63 9339 115 1643 52 66
leaf_count=65482 2763 449 1039 427 852 994 119 43 90 162 41 65 44 65 90 81 75 53 121 224 690 53 127 138 63 9339 115 1643 52 66
internal_value=-3.41822e-06 -0.033455 0.260113 0.059912 0.336786 0.144313 0.196221 0.366513 0.347797 0.565127 0.361718 0.397002 0.659982 0.930119 0.75808 0.980368 0.376043 0.510821 0.678168 0.34907 0.271072 0.245265 0.264622 0.33453 0.641571 0.0469308 0.560116 0.312463 0.29305 0.57285
internal_weight=85565 75815 9750 10333 5866 3884 1024 4842 4425 417 203 2696 199 109 214 124 2497 588 289 299 1729 905 1121 1909 128 9788 236 1781 545 118
internal_count=85565 75815 9750 10333 5866 3884 1024 4842 4425 417 203 2696 199 109 214 124 2497 588 289 299 1729 905 1121 1909 128 9788 236 1781 545 118
is_linear=0
shrinkage=0.03


Tree=54
num_leaves=31
num_cat=0
split_feature=36 37 1 31 45 36 107 140 15 132 138 188 33 38 127 148 48 39 79 68 190 48 80 91 169 21 137 131 84 15
split_gain=780349 143284 55215.9 28888.8 25371.1 24777.9 22721.8 20516.2 17198.3 17140.4 19550.2 18996.9 16728.2 15817 15237.7 21652.1 14864 14489.3 14343.7 17539.4 15366.3 14305.3 14266.5 14571.2 14116.4 13848.8 16741.2 16581.2 13675.1 13525.5
threshold=38.687946319580085 8.0333333015441912 1.5000000000000002 17.408332824707035 0.27842378616333013 98.529468536376967 2.1981725902817022 87.20714285714287 0.093486419414755981 66.408333333333346 168.90000000000003 10.500000000000002 110.50000000000001 1.5521779060363772 0.75681455396687591 5.1291666666666673 0.5749967396259309 4.9838709831237802 0.32280348241329199 0.19526211917400363 337.25000000000006 0.69942653179168712 0.471603274345398 24.128507659857579 67.750000000000014 0.18500000000000003 99.166666666666671 70.227028339988593 64.345238095238116 0.16423772503488535
decision_type=10 10 8 8 8 10 8 8 10 10 10 2 10 8 10 8 10 10 8 10 2 10 8 10 8 2 10 10 8 10
left_child=1 13 5 12 -3 6 -2 29 17 11 16 14 -4 -1 15 -9 -11 21 20 -20 -17 -7 -18 -24 -21 27 -27 -6 -16 -8
right_child=2 4 3 -5 25 8 7 9 -10 10 -12 -13 -14 -15 28 18 22 -19 19 24 -22 -23 23 -25 -26 26 -28 -29 -30 -31
leaf_value=-0.053975172347761273 0.87615076709252138 0.046924708705784947 0.16781566414109161 -0.1434529361640679 0.11912500052358842 0.37420806138139023 0.12454660093681102 0.15889507849998602 1.0020094908638435 0.31340636039590353 1.0835913669530834 0.048196819089120248 0.52526795019395645 -0.02002535885081471 0.8340868215576599 0.39576369567198699 0.9790771625887964 0.33173642621290217 0.11764146459448818 0.38966030225885961 1.0300726624897549 1.0103595963865517 0.20461584344103531 0.63173311614376659 0.13103257861500384 0.7879666799217907 0.19043026181035919 0.54499151145649516 0.18927913310915925 0.59488228348642591
leaf_weight=49653 65 9698 1483 262 1904 57 664 666 66 498 42 240 128 16440 95 89 62 229 297 1903 56 72 111 204 211 67 114 86 43 60
leaf_count=49653 65 9698 1483 262 1904 57 664 666 66 498 42 240 128 16440 95 89 62 229 297 1903 56 72 111 204 211 67 114 86 43 60
internal_value=-3.31639e-06 -0.0282956 0.290109 0.148703 0.0676773 0.336332 0.318697 0.311783 0.557019 0.335546 0.451337 0.306052 0.196217 -0.0455305 0.32447 0.311248 0.420989 0.474982 0.350946 0.333518 0.640738 0.729269 0.5631 0.481225 0.363846 0.160381 0.411618 0.137529 0.633168 0.163525
internal_weight=85565 77962 7603 1873 11869 5730 5306 5241 424 4517 917 3600 1611 66093 3360 3222 875 358 2556 2411 145 129 377 315 2114 2171 181 1990 138 724
internal_count=85565 77962 7603 1873 11869 5730 5306 5241 424 4517 917 3600 1611 66093 3360 3222 875 358 2556 2411 145 129 377 315 2114 2171 181 1990 138 724
is_linear=0
shrinkage=0.03


Tree=55
num_leaves=31
num_cat=1
split_feature=38 37 1 35 45 73 171 103 68 45 44 21 140 139 74 6 138 188 67 131 107 6 26 193 136 34 37 171 43 20
split_gain=736364 102519 85579.6 40392.1 34344.1 23266.6 23755.5 18073.6 18997.6 16492.7 15466.4 17519.1 15461.4 15106.9 15082.8 15736 16888 15347.8 14092.6 14518 14320.3 13889 15463.4 15815.8 14165.2 13924.4 13729.4 15361.6 17658.3 13444.3
threshold=32.656158447265632 5.6770832538604745 1.5000000000000002 46.225000381469734 0.48074074089527136 0.24522727727890017 14.381571650505068 2.509836817009274 0.73375529050827037 0.92980295419693004 5.7936174869537362 0.12500000000000003 128.09401709401712 86.868458364596464 0.27455534040927893 0.51500000000000012 176.10000000000002 10.500000000000002 0.18465909361839297 61.052287376909625 7.452926136335388 0.025000000000000005 31.500000000000004 0 26.258333333333336 32.833333969116218 67.51922988891603 13.37767478823662 4.3992457389831552 1.0000000180025095e-35
decision_type=10 10 8 10 8 10 8 8 10 8 10 2 8 10 8 8 10 2 8 10 10 8 2 1 8 10 8 8 10 2
left_child=1 -1 3 12 21 -4 -7 -5 9 13 11 -8 -2 26 -15 -16 17 18 -17 -20 -21 -3 23 24 -23 -26 -9 28 -28 -6
right_child=2 4 5 7 29 6 10 8 -10 -11 -12 -13 -14 14 15 16 -18 -19 19 20 -22 22 -24 -25 25 -27 27 -29 -30 -31
leaf_value=-0.046931240644446703 0.14191814571468117 -0.085945532797721602 0.020910153353383067 0.99194869342446323 0.20140548674860784 0.12142663106774264 0.2415056633637862 0.049911082605294019 0.5637609433472156 0.86461896554781836 0.79521159578292144 0.89695296779880296 0.33909875004249623 0.89025700137019159 0.23085628468034697 0.22471547400223388 0.9256297173500061 0.10334851469639893 0.28472017679842559 0.45226297807672927 0.99567277717590319 0.042979376557903862 0.0061727819994334453 -0.059935919531075466 0.11839132783685323 0.33837701815801358 0.95405950760437264 0.11379027093734059 0.2801460488452468 0.56161825938854648
leaf_weight=63494 1407 775 1280 40 431 1463 445 312 350 52 63 40 480 46 846 393 50 182 521 1450 45 2519 4955 666 2568 288 59 140 86 119
leaf_count=63494 1407 775 1280 40 431 1463 445 312 350 52 63 40 480 46 846 393 50 182 521 1450 45 2519 4955 666 2568 288 59 140 86 119
internal_value=-3.21627e-06 -0.0315637 0.245408 0.308851 0.0476298 0.120893 0.184532 0.357048 0.351445 0.333676 0.353005 0.295563 0.192075 0.326991 0.350576 0.343457 0.379527 0.368988 0.389057 0.421094 0.46862 0.036803 0.0454543 0.0776742 0.0946605 0.140575 0.187412 0.337939 0.554359 0.279342
internal_weight=85565 75815 9750 6459 12321 3291 2011 4572 4532 4182 548 485 1887 4130 3533 3487 2641 2591 2409 2016 1495 11771 10996 6041 5375 2856 597 285 145 550
internal_count=85565 75815 9750 6459 12321 3291 2011 4572 4532 4182 548 485 1887 4130 3533 3487 2641 2591 2409 2016 1495 11771 10996 6041 5375 2856 597 285 145 550
cat_boundaries=0 1
cat_threshold=6
is_linear=0
shrinkage=0.03


Tree=56
num_leaves=31
num_cat=1
split_feature=38 37 46 45 6 177 140 35 5 41 83 34 15 14 6 26 193 132 21 73 6 130 7 175 20 73 14 138 42 136
split_gain=692847 96460.9 81018.1 32195.2 23583 22203.7 21002.3 18781.1 16286.7 16216.5 15030.6 17312.5 13981.6 13542.3 13028.6 13489.3 14584.6 13858.8 13081.5 17125 15247.4 13141.8 12767.6 15623.8 12649.7 15206 12880.6 12452.5 14339.8 12318
threshold=32.656158447265632 5.8257577419281015 0.38248763978481298 0.48074074089527136 0.62500000000000011 40.500000000000007 128.09401709401712 89.299999237060561 1.0000000180025095e-35 3.8294212818145756 58.581287380096612 90.833332061767592 -0.16381287654695892 0.17000000000000001 0.025000000000000005 31.500000000000004 0 74.683333333333351 0.13500000000000004 0.33519230782985693 0.37500000000000006 59.900000000000006 0.75416666666666676 135.50000000000003 1.0000000180025095e-35 0.3251923024654389 -0.14999999999999991 169.70000000000002 6.1839454174041757 28.966666666666672
decision_type=10 10 8 8 8 8 10 10 2 10 8 10 8 10 8 2 1 10 2 10 10 10 8 8 2 10 10 10 10 10
left_child=1 -1 5 14 6 -2 -4 9 10 -8 11 22 -12 -7 -3 16 17 18 -16 20 21 -20 23 -6 26 -26 -5 28 -14 -15
right_child=2 3 4 24 8 13 7 -9 -10 -11 12 -13 27 29 15 -17 -18 -19 19 -21 -22 -23 -24 -25 25 -27 -28 -29 -30 -31
leaf_value=-0.045433197552033504 0.086079998423641668 -0.083509320981761642 0.20508562916107723 -0.23797196401490106 0.90724375867766549 0.20710869862085257 0.55741699874947925 0.98774000640796578 0.061287569061621729 0.22398698076622728 0.91088070438802238 0.92333364945921026 0.32371597039295369 0.33209188467368139 0.07149277319345132 0.0074291151975019931 -0.05883227245034986 0.58319536510635828 0.72514832396060225 0.022514448308853935 0.86256990984678272 0.16647408762574195 0.23918143697545444 0.35217771611758503 0.92320359231166116 0.24087583820928224 0.2574325695827317 0.80912254582433141 0.80960094736090726 0.96399675003911645
leaf_weight=63619 2763 766 2265 54 87 994 218 46 149 330 40 88 2295 86 4824 4876 654 51 48 197 50 180 145 96 53 66 377 51 56 41
leaf_count=63619 2763 766 2265 54 87 994 218 46 149 330 40 88 2295 86 4824 4876 654 51 48 197 50 180 145 96 53 66 377 51 56 41
internal_value=-3.32954e-06 -0.0306171 0.238046 0.0466695 0.308415 0.131768 0.246725 0.405503 0.367068 0.356629 0.383009 0.549697 0.354614 0.24438 0.0360769 0.0444963 0.0745996 0.0908508 0.0862837 0.236497 0.388133 0.28409 0.449453 0.616062 0.270962 0.54477 0.195363 0.34535 0.33529 0.536093
internal_weight=85565 75815 9750 12196 5866 3884 2859 594 3007 548 2858 416 2442 1121 11646 10880 6004 5350 5299 475 278 228 328 183 550 119 431 2402 2351 127
internal_count=85565 75815 9750 12196 5866 3884 2859 594 3007 548 2858 416 2442 1121 11646 10880 6004 5350 5299 475 278 228 328 183 550 119 431 2402 2351 127
cat_boundaries=0 1
cat_threshold=6
is_linear=0
shrinkage=0.03


Tree=57
num_leaves=31
num_cat=1
split_feature=45 38 37 38 21 92 68 6 140 5 171 38 69 75 21 165 146 113 83 65 182 54 83 39 26 33 139 178 193 77
split_gain=652738 97430.7 62538.7 21842.7 19620.4 19694.5 17598.9 17497.9 17441.5 16933.6 17847.5 17772.8 16908.5 16842.9 15192.7 15117.2 14902.6 20271.4 17393.2 14501.8 14429.3 13751.1 16140.7 13637.2 20170.8 15569.2 13424.4 17003.1 13333.4 13327.8
threshold=0.26600250601768499 13.306388854980471 51.894445419311531 46.671569824218757 0.15500000000000003 26.483333333333338 0.70627450942993175 0.23500000000000001 163.25000000000003 1.0000000180025095e-35 12.189731061458589 32.656158447265632 0.39499999582767492 0.61577314138412487 0.46500000000000008 0.58452380952380967 5.5500000000000007 -0.12095314224948779 65.930440727716046 0.90000000596046459 40.500000000000007 1.1602028608322146 60.965055301033921 3.4277004003524785 8.5000000000000018 70.500000000000014 120.27143453852486 4.4184282499165866 0 0.11114007234573366
decision_type=10 10 10 10 2 10 10 8 8 2 8 10 8 8 2 8 8 8 10 10 10 8 10 10 2 10 10 8 1 10
left_child=1 28 4 12 7 -6 16 -2 -5 10 15 -12 14 -7 -3 -9 -4 -18 19 -19 -21 22 -13 -8 -25 -26 -20 -28 29 -1
right_child=2 3 6 8 5 13 23 9 -10 -11 11 21 -14 -15 -16 -17 17 18 26 20 -22 -23 -24 24 25 -27 27 -29 -30 -31
leaf_value=0.052535680260824072 -0.047299646064234167 -0.00088865551213241582 0.19678037921664457 0.13104328704206761 0.21826317044741966 0.38683237078446375 0.17712968037369545 -0.12765997027640513 0.45914574042931627 -0.10561946118880923 0.11098958948293798 1.061638945263365 0.091009042848861174 1.0705659619380126 0.27135460793659949 0.14891028572116893 0.91300485862625969 0.34804180933024431 0.12081977024315944 0.95784844622015952 0.42845205519291069 0.28223431425435203 0.32490606294013558 0.11121253311634063 1.1911430479069145 0.60055037079905171 0.86921271734377914 0.27158868104497447 -0.047202538323108036 -0.034040084763832294
leaf_weight=2479 368 5409 897 928 255 79 89 193 173 195 570 46 3705 55 191 2269 54 1672 530 72 130 1176 64 63 49 223 51 268 58797 4515
leaf_count=2479 368 5409 897 928 255 79 89 193 173 195 570 46 3705 55 191 2269 54 1672 530 72 130 1176 64 63 49 223 51 268 58797 4515
internal_value=-3.43647e-06 -0.0290568 0.23631 0.0562417 0.167957 0.373003 0.32421 0.151616 0.182598 0.167836 0.180185 0.250432 0.0412908 0.667469 0.00839678 0.12723 0.30309 0.33743 0.326015 0.377049 0.617148 0.312237 0.632994 0.507216 0.594911 0.706944 0.213369 0.367134 -0.0425483 -0.00334881
internal_weight=85565 76197 9368 10406 5270 389 4098 4881 1101 4513 4318 1856 9305 134 5600 2462 3674 2777 2723 1874 202 1286 110 424 335 272 849 319 65791 6994
internal_count=85565 76197 9368 10406 5270 389 4098 4881 1101 4513 4318 1856 9305 134 5600 2462 3674 2777 2723 1874 202 1286 110 424 335 272 849 319 65791 6994
cat_boundaries=0 1
cat_threshold=4
is_linear=0
shrinkage=0.03


Tree=58
num_leaves=31
num_cat=1
split_feature=48 38 6 44 6 50 38 18 96 136 67 175 193 27 179 67 168 131 175 34 43 6 134 95 124 189 80 29 39 67
split_gain=615341 114553 34147.1 21634.8 20262.2 21791.3 19786.5 16946.5 18350.7 16353.1 18171.9 20549.3 16103.2 17560.1 15750.5 17778 20160.1 15199.9 14979.5 14832 14723.8 14210.9 13799.1 13634.9 12962 14163.9 13397.2 13261.9 12703.6 13885.2
threshold=0.33151119947433477 13.306388854980471 0.62500000000000011 4.5249664783477792 0.40500000000000008 0.16760460287332538 64.990741729736342 1.0000000180025095e-35 0.37973010010443942 29.31666666666667 0.60769233107566845 147.50000000000003 0 1.5000000000000002 5.7188451991322644 0.63068181276321422 0.48380952380952386 69.949660173929928 61.500000000000007 106.83333206176759 2.7502070665359502 1.0000000180025095e-35 26.550000000000004 0.57481228779540561 5.4388922919827891 663.60000000000014 0.40422867238521581 10.449999809265138 2.6055555343627934 0.67708334326744091
decision_type=10 10 8 10 10 8 10 2 10 10 8 10 1 8 8 10 10 10 8 10 10 8 10 10 8 2 10 10 10 8
left_child=1 12 3 14 7 -6 20 21 -9 10 11 -8 13 -1 17 -16 -17 -2 -12 -11 -4 -3 -23 -7 27 26 -26 -5 -20 -30
right_child=2 4 6 24 5 23 9 8 -10 19 18 -13 -14 -15 15 16 -18 -19 28 -21 -22 22 -24 -25 25 -27 -28 -29 29 -31
leaf_value=-0.026712218999223946 0.095984381435110289 -0.097076659156910827 0.034829707576168913 0.53155238944430683 0.043921974054204782 0.16631491807422624 0.21116847402314085 0.67846767096519467 0.044670815061736889 0.52935333817192498 0.83385272610433325 0.88311670608141202 -0.045566121930372253 0.078299784767294892 0.21211358299150185 1.0280893099308013 0.24866358392871915 0.41386830873838787 -0.081863434583675579 1.1465815787925953 0.2964826424976274 -0.0050263412281142299 0.080866869652591225 0.62488608613237739 0.32394599796924256 0.17642676742297345 0.60350495102311619 -0.076804999108751146 0.92898946119615666 0.39936324005715929
leaf_weight=5259 2040 775 216 43 2119 2129 593 75 91 241 97 44 58869 1970 595 56 64 145 41 41 1863 3316 3419 60 386 269 257 129 52 311
leaf_count=5259 2040 775 216 43 2119 2129 593 75 91 241 97 44 58869 1970 595 56 64 145 41 41 1863 3316 3419 60 386 269 257 129 52 311
internal_value=-3.49811e-06 -0.0249089 0.259874 0.199816 0.0604289 0.1125 0.328257 0.0312053 0.331025 0.414578 0.363899 0.257582 -0.0403812 0.00190234 0.157074 0.279294 0.612396 0.11708 0.499075 0.619092 0.269298 0.0245782 0.0385771 0.178884 0.314162 0.359214 0.435683 0.0752843 0.418696 0.475233
internal_weight=85565 78082 7483 3984 11984 4308 3499 7676 166 1420 1138 637 66098 7229 2900 715 120 2185 501 282 2079 7510 6735 2189 1084 912 643 172 404 363
internal_count=85565 78082 7483 3984 11984 4308 3499 7676 166 1420 1138 637 66098 7229 2900 715 120 2185 501 282 2079 7510 6735 2189 1084 912 643 172 404 363
cat_boundaries=0 1
cat_threshold=4
is_linear=0
shrinkage=0.03


Tree=59
num_leaves=31
num_cat=0
split_feature=38 37 1 35 45 73 171 103 68 45 47 80 173 44 140 140 132 105 138 189 91 134 151 136 82 9 189 143 174 6
split_gain=580508 81688.9 71371.2 33190.6 28032.9 20079.4 20299.7 16762.4 16130.9 15186.7 15032.8 13917.7 13851.9 20937.8 13803 13529.3 20056.7 17969.7 17482.4 15970.6 13041.2 12664.6 12363.5 14270.8 12140.5 11804 17667.7 15819.5 13961.8 11735.5
threshold=32.656158447265632 5.6770832538604745 1.5000000000000002 46.225000381469734 0.48074074089527136 0.24522727727890017 14.381571650505068 2.509836817009274 0.73375529050827037 0.92980295419693004 0.54747939109802257 0.25496444106101995 -0.087344535655496783 5.8639993667602548 128.09401709401712 86.690476190476204 66.408333333333346 4.166666666666667 163.10000000000002 1.0000000180025095e-35 37.631619944900599 33.900000000000006 0.88877885261085388 23.148351648351653 69.100000000000009 0.52667512264627081 1102.0000000000002 0.95107178681074211 25.500000000000004 0.025000000000000005
decision_type=10 10 8 10 8 10 8 8 10 8 8 8 10 10 8 8 10 8 10 2 10 10 10 10 8 10 2 10 8 8
left_child=1 -1 3 14 29 -4 -7 -5 9 11 12 -9 -8 -14 -2 19 20 -18 21 22 24 -19 23 -13 -17 26 28 -27 -6 -3
right_child=2 4 5 7 25 6 10 8 -10 -11 -12 15 13 -15 -16 16 17 18 -20 -21 -22 -23 -24 -25 -26 27 -28 -29 -30 -31
leaf_value=-0.041743448372894433 0.122585308538444 -0.079947509138045769 0.011301478370907716 0.93095829015970222 0.45496335830758594 0.10496868570796733 0.7915332267077072 0.81024856986538707 0.50976747468837669 0.80723977580666539 0.022296433195471761 0.54173890396862856 0.23525704193751787 0.89697083473205563 0.30889099882647858 0.2828485127453837 -0.083900947390862235 0.48773850298353599 1.0751042533752531 -0.029410293355168576 0.80855936932191241 -0.029372081711240436 -0.13335821444392204 0.049767866163299632 0.064861869160159541 -0.12218932471329108 0.91345460041364035 0.42989204191292324 0.041956986653690152 0.040836854665207298
leaf_weight=63494 1407 775 1280 40 170 1463 69 46 350 52 120 166 309 50 480 2523 53 581 43 251 40 46 50 78 253 133 45 72 130 10996
leaf_count=63494 1407 775 1280 40 170 1463 69 46 350 52 120 166 309 50 480 2523 53 581 43 251 40 46 50 78 253 133 45 72 130 10996
internal_value=-3.55348e-06 -0.0280257 0.217894 0.275832 0.042666 0.104184 0.163304 0.319522 0.314125 0.297751 0.319041 0.291336 0.40224 0.327418 0.169976 0.285492 0.306919 0.447867 0.489932 0.14635 0.270731 0.449801 0.296404 0.384469 0.262982 0.252009 0.359141 0.0717124 0.275994 0.0328844
internal_weight=85565 75815 9750 6459 12321 3291 2011 4572 4532 4182 548 4130 428 359 1887 4084 3539 723 670 545 2816 627 294 244 2776 550 345 205 300 11771
internal_count=85565 75815 9750 6459 12321 3291 2011 4572 4532 4182 548 4130 428 359 1887 4084 3539 723 670 545 2816 627 294 244 2776 550 345 205 300 11771
is_linear=0
shrinkage=0.03


Tree=60
num_leaves=31
num_cat=0
split_feature=45 38 37 38 21 92 171 89 191 1 6 5 171 38 68 89 165 39 147 113 83 10 92 140 29 136 11 54 83 140
split_gain=546530 81734.4 52309.6 19133.7 18502.8 18460 16278.7 17202.7 16256.5 15634.9 15526.5 15994.3 15580.4 15279 15185.4 14732.3 14479.5 14068.8 13745 21125.2 16245 15120.4 13314.1 14061.1 14246.6 13310.1 13048.3 12687.8 15002.7 12810.9
threshold=0.26600250601768499 13.306388854980471 51.894445419311531 46.671569824218757 0.15500000000000003 26.483333333333338 5.3456137478351602 19.500000000000004 1.0000000180025095e-35 2.5000000000000004 0.23500000000000001 1.0000000180025095e-35 12.189731061458589 32.656158447265632 0.70627450942993175 17.500000000000004 0.57043650793650802 1.912878751754761 5.9617988109220663 -0.11332803343094809 65.930440727716046 0.58370206489675536 27.408333333333335 86.035714285714292 22.899999618530277 28.392307692307693 0.30432121370343718 1.1602028608322146 60.965055301033921 92.380952380952394
decision_type=10 10 10 10 2 10 8 10 2 8 8 2 8 10 10 10 8 10 8 8 10 10 10 10 10 8 8 8 10 10
left_child=1 -1 4 9 10 -6 -5 -8 -7 -3 -2 12 15 -14 18 -12 -17 25 -4 -20 21 26 -16 -24 -25 -9 -21 28 -15 -29
right_child=2 3 14 6 5 8 7 17 -10 -11 11 -13 13 27 22 16 -18 -19 19 20 -22 -23 23 24 -26 -27 -28 29 -30 -31
leaf_value=-0.038945324695299557 -0.049525935961055041 0.061192362017784788 0.18086324162758452 0.044938249224025381 0.20302702996792163 0.42237659442694259 0.86929414690994622 0.24532467874613675 1.1444704300761224 -0.026403945937530874 0.5187037924950636 -0.11263523908074084 0.10147418539840912 1.0094340843480565 0.25909695750368494 -0.15877729801808371 0.12323696694643754 0.16175222759894073 0.98779461434701599 0.84128683626651757 0.19233635640478644 0.51891108368143635 0.1147650661793622 0.83355179644492727 0.23691231981567712 0.94536192948167974 0.2917037497784894 0.10525997298206528 0.29914709229720754 0.32291791021987309
leaf_weight=65791 368 6793 981 507 255 94 41 55 40 2512 79 195 570 46 168 177 2206 454 41 40 838 385 44 166 46 44 1389 344 64 832
leaf_count=65791 368 6793 981 507 255 94 41 55 40 2512 79 195 570 46 168 177 2206 454 41 40 838 385 44 166 46 44 1389 344 64 832
internal_value=-3.44763e-06 -0.0265883 0.216231 0.0515378 0.153718 0.352838 0.169799 0.276373 0.637927 0.0375447 0.137849 0.153128 0.16513 0.230763 0.296622 0.115652 0.10229 0.232413 0.277004 0.312026 0.301579 0.352045 0.466617 0.602802 0.704092 0.556452 0.307087 0.288069 0.596176 0.259249
internal_weight=85565 76197 9368 10406 5270 389 1101 594 134 9305 4881 4513 4318 1856 4098 2462 2383 553 3674 2693 2652 1814 424 256 212 99 1429 1286 110 1176
internal_count=85565 76197 9368 10406 5270 389 1101 594 134 9305 4881 4513 4318 1856 4098 2462 2383 553 3674 2693 2652 1814 424 256 212 99 1429 1286 110 1176
is_linear=0
shrinkage=0.03


Tree=61
num_leaves=31
num_cat=0
split_feature=38 37 1 35 45 37 21 134 140 68 135 73 133 46 15 42 98 6 30 89 91 142 26 182 144 82 94 167 49 144
split_gain=515341 65442.2 65069.9 33935.9 25447.5 20050.8 15970.8 14807.2 14626.4 15056.6 16629.3 14200.1 16359.2 13487.2 13786.5 13208.2 15188.1 13147.2 13585.7 12536.7 13895.3 12063.8 12034 12319.6 15972.7 12732 13332.8 11884.2 13169.4 12668.5
threshold=30.60440826416016 5.6770832538604745 1.5000000000000002 46.225000381469734 0.48074074089527136 21.449495315551761 0.12500000000000003 29.100000000000005 101.31666666666668 0.73375529050827037 24.988467925454646 0.40519231557846075 23.166666666666668 0.66872748732566845 0.14678932178932183 4.0559270381927499 2.6443831168831173 0.62500000000000011 18.856294631958011 35.166666666666679 28.634412936102585 0.90000000000000013 104.50000000000001 33.500000000000007 0.85164835164835173 68.500000000000014 0.33221888190943444 0.60368046198152703 0.27941094338893896 0.65476190476190488
decision_type=10 10 8 10 8 10 2 10 8 10 10 8 10 8 10 10 10 8 10 10 10 10 2 8 10 8 10 8 8 10
left_child=1 -1 3 13 -3 -4 -7 -8 15 11 -11 12 -10 14 -2 -5 -17 18 19 20 -13 -20 23 24 -19 26 -25 -6 29 -29
right_child=2 4 5 8 27 6 7 -9 9 10 -12 17 -14 -15 -16 16 -18 22 21 -21 -22 -23 -24 25 -26 -27 -28 28 -30 -31
leaf_value=-0.039448201681238602 0.11585910290380678 0.028721799979314729 -0.0011496155193834834 0.093145922120038416 -0.13302773537694429 0.1228900308746283 0.27073199584812463 0.90088798280273152 1.0731715505463735 1.106829958643232 0.44688340091989154 0.23441047472090809 0.42299687601625918 0.61738493081656365 0.37679013834141267 0.31429185310367597 -0.27027027470724924 0.30113943383461089 0.22614496940790219 0.59766233033710914 -0.014310796192685084 0.94099238089152737 -0.16521900773048401 0.87716982294683865 1.1385410322503347 0.11650958735875937 0.35756294348298412 0.96430047265688568 0.18779166360813027 0.35527342153271452
leaf_weight=63403 1863 11302 1256 497 61 2190 167 42 42 42 189 652 204 55 202 841 42 41 43 62 293 42 40 46 41 196 1314 45 255 97
leaf_count=63403 1863 11302 1256 497 61 2190 167 42 42 42 189 652 204 55 202 841 42 41 43 62 293 42 40 46 41 196 1314 45 255 97
internal_value=-3.34429e-06 -0.0273924 0.197905 0.253131 0.0376055 0.0959603 0.146802 0.397366 0.298673 0.333445 0.566874 0.315567 0.534002 0.153733 0.141384 0.216856 0.286487 0.296168 0.21515 0.184407 0.157294 0.579364 0.348892 0.361447 0.71984 0.34256 0.375138 0.256828 0.31673 0.548275
internal_weight=85565 75163 10402 6747 11760 3655 2399 209 4627 3247 231 3016 246 2120 2065 1380 883 2770 1092 1007 945 85 1678 1638 82 1556 1360 458 397 142
internal_count=85565 75163 10402 6747 11760 3655 2399 209 4627 3247 231 3016 246 2120 2065 1380 883 2770 1092 1007 945 85 1678 1638 82 1556 1360 458 397 142
is_linear=0
shrinkage=0.03


Tree=62
num_leaves=31
num_cat=1
split_feature=48 48 6 140 35 44 5 18 84 159 127 30 34 82 44 68 17 152 97 40 193 137 140 30 171 31 68 1 77 1
split_gain=485136 91889 28922.2 20094.9 22303.6 19865.6 18382 16785.8 16343.2 16662.7 18636 15794.2 15336 17115.9 14476.6 17232.8 13964.4 14024.1 13280.9 13192.9 13065.3 12904.2 17913.6 18452.1 14903.8 12545.8 12362.7 14379.1 12204.1 12172.2
threshold=0.33151119947433477 0.1069793924689293 0.62500000000000011 128.09401709401712 89.299999237060561 5.2652719020843515 1.0000000180025095e-35 1.0000000180025095e-35 70.267857142857153 0.41260766610119382 0.76808635337794684 10.821741104125978 92.833332061767592 59.32500000000001 4.597539186477662 0.30455486476421362 21.500000000000004 1.4833333333333336 2.1796906796906801 6.2794728279113778 0 120.83333333333336 108.37980769230771 13.287317752838137 14.381571650505068 16.211111068725589 0.38014084100723272 1.5000000000000002 0.36530052125453955 2.5000000000000004
decision_type=10 10 8 10 10 10 2 2 8 8 10 10 10 10 10 10 2 10 10 10 1 10 8 10 8 10 8 8 10 8
left_child=1 20 3 14 -5 7 8 29 9 -4 12 -7 -11 -14 15 28 -17 21 25 -16 26 22 -18 -24 -25 -15 -1 -28 -2 -3
right_child=2 5 6 4 -6 11 -8 -9 -10 10 -12 -13 13 18 19 16 17 -19 -20 -21 -22 -23 23 24 -26 -27 27 -29 -30 -31
leaf_value=-0.013069313742047253 0.090337859513692789 0.052009054854414372 0.10867186469853751 0.26628472080729498 0.92535835606711248 0.12597834488523005 -0.0078161550825730924 0.28253335007588515 0.12447555223318535 0.31083323496918563 0.91290210175064368 0.71336373563323696 0.90282267816270456 0.020514222857626999 0.30561032183859854 0.074773377005030936 0.2444335885204979 -0.12089525713196284 0.92934798403484065 -0.10344663227722048 -0.042076721976526565 0.10482565908053328 0.94135610091131783 -0.012934589491170994 0.75020124776022779 0.45427839373293166 0.56121968632673513 0.072381693127677116 -0.13467008516587661 -0.025571515789313062
leaf_weight=12321 553 6527 270 812 49 2162 173 244 381 2153 53 42 79 77 628 742 296 79 41 80 53928 209 86 51 42 272 68 266 357 2524
leaf_count=12321 553 6527 270 812 49 2162 173 244 381 2153 53 42 79 77 628 742 296 79 41 80 53928 209 86 51 42 272 68 266 357 2524
internal_value=-3.24301e-06 -0.0221173 0.230747 0.175474 0.303793 0.0561949 0.293682 0.0369939 0.309364 0.333283 0.355954 0.137172 0.344696 0.500148 0.140098 0.105125 0.16744 0.257556 0.418581 0.259389 -0.0356419 0.301267 0.387701 0.624611 0.331707 0.358577 -0.00818086 0.171906 0.00206551 0.0303746
internal_weight=85565 78082 7483 3984 861 11499 3499 9295 3326 2945 2675 2204 2622 469 3123 2415 1505 763 390 708 66583 684 475 179 93 349 12655 334 910 9051
internal_count=85565 78082 7483 3984 861 11499 3499 9295 3326 2945 2675 2204 2622 469 3123 2415 1505 763 390 708 66583 684 475 179 93 349 12655 334 910 9051
cat_boundaries=0 1
cat_threshold=6
is_linear=0
shrinkage=0.03


Tree=63
num_leaves=31
num_cat=0
split_feature=38 37 1 35 45 6 26 37 39 103 190 6 182 80 140 68 136 124 51 84 130 68 35 92 81 43 89 75 155 79
split_gain=458292 65260.9 58136.1 26945.6 22847.1 17182.2 29223 20218.1 19119 15523.5 15079.7 13807.6 13904 13891.3 12577.4 11889.7 15088.1 12462.4 12986.2 11603.7 12262.5 13154.8 11552.5 12381.1 11500.6 13039.5 11485.9 11368.5 11276 13928.9
threshold=32.656158447265632 5.6770832538604745 1.5000000000000002 46.225000381469734 0.48074074089527136 0.45500000000000007 16.500000000000004 78.549999237060561 5.7752525806427011 2.509836817009274 835.60000000000002 0.77500000000000013 31.500000000000004 0.25496444106101995 128.09401709401712 0.70627450942993175 23.408333333333335 5.7123680211452292 5.5000000000000009 70.267857142857153 55.900000000000006 0.78598690032958995 101.90000152587892 28.303846153846155 68.500000000000014 3.8950721025466923 30.166666666666668 0.28271847963333135 0.11710211550618684 0.77944001555442821
decision_type=10 10 8 10 8 10 2 8 10 8 2 8 8 8 8 10 10 8 10 10 8 10 10 10 10 10 8 8 8 10
left_child=1 -1 3 14 -3 -4 7 8 10 -5 -7 13 -13 -11 27 17 -17 18 -15 20 -14 -22 23 -18 -6 -26 -23 -2 -16 -30
right_child=2 4 5 9 24 6 -8 -9 -10 11 -12 12 19 15 28 16 22 -19 -20 -21 21 26 -24 -25 25 -27 -28 -29 29 -31
leaf_value=-0.037162591104485776 -0.098315680333280128 0.029452788090301815 0.047470498534271974 0.87366613152623174 0.16538860935334693 0.27424993776503093 0.083814588723122141 -0.18804327642917634 1.033459009473974 0.76067551522151278 0.89891388026150787 0.83661778353727778 0.8415060668924581 0.028731052648453485 0.092874076567211389 0.060396392890385217 0.53345864409558919 0.24716308084443567 0.54353622390907641 0.020398287877594071 0.31772801362732311 1.0326031047900517 0.21318585084544286 1.1735128933489323 0.18742405314929783 0.89825400368372599 0.33844967783951174 0.14099529792925805 0.4792008420582427 -0.092783714354038233
leaf_weight=63494 210 11771 2346 40 457 166 640 40 55 46 44 52 46 441 177 70 85 2251 49 97 1215 45 54 40 48 45 41 1197 258 45
leaf_count=63494 210 11771 2346 40 457 166 640 40 55 46 44 52 46 441 177 70 85 2251 49 97 1215 45 54 40 48 45 41 1197 258 45
internal_value=-3.29355e-06 -0.0249016 0.193603 0.245894 0.0382833 0.0909764 0.198982 0.440643 0.535539 0.285259 0.405132 0.280066 0.354663 0.243308 0.150515 0.235349 0.433832 0.217318 0.0802116 0.337307 0.360128 0.343108 0.579869 0.738276 0.227273 0.531374 0.701669 0.105277 0.283119 0.394253
internal_weight=85565 75815 9750 6459 12321 3291 945 305 265 4572 210 4532 1496 3036 1887 2990 249 2741 490 1444 1347 1301 179 125 550 93 86 1407 480 303
internal_count=85565 75815 9750 6459 12321 3291 945 305 265 4572 210 4532 1496 3036 1887 2990 249 2741 490 1444 1347 1301 179 125 550 93 86 1407 480 303
is_linear=0
shrinkage=0.03


Tree=64
num_leaves=31
num_cat=0
split_feature=45 38 37 21 92 38 191 144 69 21 148 126 83 120 36 129 140 136 182 129 132 31 6 5 171 83 165 179 154 82
split_gain=431628 65834.9 41338.8 16985.8 17031.4 16164.5 15518.2 15122.6 13751.6 14375 13532.3 17736.3 21901.9 17352.2 15014.2 13841.2 26345.7 20940.1 13514.9 22465.6 19476.9 13544.5 13447.7 14800.1 13546 14031.4 14695.6 13075.6 12723.4 17632.3
threshold=0.26600250601768499 13.306388854980471 51.894445419311531 0.15500000000000003 26.483333333333338 46.671569824218757 1.0000000180025095e-35 2.4166666666666674 0.39499999582767492 0.46500000000000008 7.2583333333333337 0.67761904761904768 61.447977227521854 0.42394892195329226 98.529468536376967 59.833333333333336 85.527777777777786 21.851648351648354 54.500000000000007 69.833333333333357 68.759615384615401 19.207142829895023 0.23500000000000001 1.0000000180025095e-35 12.189731061458589 54.373317347254719 0.58452380952380967 5.457509800870036 -0.023517227858664166 59.32500000000001
decision_type=10 10 10 2 10 10 2 8 8 2 10 8 10 8 10 10 10 8 10 10 10 10 8 2 8 10 8 8 10 10
left_child=1 -1 3 22 -5 8 -6 -7 9 -3 11 -4 14 -14 -13 -15 17 -17 19 20 21 -18 -2 24 25 -24 -27 -20 -26 -30
right_child=2 5 10 4 6 7 -8 -9 -10 -11 -12 12 13 15 -16 16 18 -19 27 -21 -22 -23 23 -25 28 26 -28 -29 29 -31
leaf_value=-0.034718956279944722 -0.052996684799031558 -0.0050704373869010829 0.14118174340480774 0.18347392793920109 0.39060778932249612 0.10934037511855538 1.0961128866411745 0.42482161792740225 0.078463557811125892 0.25974586644478104 0.70711914820749244 0.36990560516231247 0.78806426525115969 0.090400091474432315 0.73879915378203509 0.35073257266626329 0.34987785921744807 -0.26174096697860438 0.13748682302451506 0.030622574886450402 0.98145303217788871 0.70962974275413315 0.58385927897579259 -0.1200458746781716 0.15868809522386657 -0.16651703679209223 0.11176158405644417 0.47717662218005158 0.62711038326625435 0.23092723175074886
leaf_weight=65791 368 5409 920 255 94 941 40 160 3705 191 61 770 51 504 114 79 542 138 487 130 59 114 53 195 1326 185 2224 129 136 394
leaf_count=65791 368 5409 920 255 94 941 40 160 3705 191 61 770 51 504 114 79 542 138 487 130 59 114 53 195 1326 185 2224 129 136 394
internal_value=-3.19542e-06 -0.0236288 0.192161 0.136589 0.327371 0.046488 0.601206 0.155187 0.0336263 0.00396169 0.263627 0.256926 0.291088 0.241053 0.417478 0.228267 0.269677 -0.0387667 0.315489 0.393394 0.459353 0.412396 0.121384 0.135604 0.147149 0.101014 0.0903911 0.208623 0.208347 0.332589
internal_weight=85565 76197 9368 5270 389 10406 134 1101 9305 5600 4098 4037 3117 2233 884 2182 1678 217 1461 845 715 656 4881 4513 4318 2462 2409 616 1856 530
internal_count=85565 76197 9368 5270 389 10406 134 1101 9305 5600 4098 4037 3117 2233 884 2182 1678 217 1461 845 715 656 4881 4513 4318 2462 2409 616 1856 530
is_linear=0
shrinkage=0.03


Tree=65
num_leaves=31
num_cat=0
split_feature=38 1 37 35 33 37 15 103 68 45 138 91 157 82 46 15 188 67 176 100 130 84 136 183 173 21 32 178 177 138
split_gain=407692 52636.9 52300.4 27149.3 19355.5 17233.4 15123.6 13407.8 12628.1 14128.4 15215.5 13173.7 12498.3 13762.6 12175.2 12609.4 12039.2 13028.1 11470.8 11661.1 11398.3 11092 11550.6 13011.4 12166.3 10875.7 10273.4 10137.6 10024.4 11513.4
threshold=30.60440826416016 1.5000000000000002 7.9083333015441903 46.225000381469734 55.500000000000007 21.449495315551761 0.2776865056004742 2.509836817009274 0.70627450942993175 0.92980295419693004 180.10000000000002 37.631619944900599 0.45108058608058615 67.90000000000002 0.66872748732566845 0.14678932178932183 10.500000000000002 0.18465909361839297 2.5000000000000004 2.0604112554112555 57.225000000000009 63.174242424242429 27.45804195804196 10.500000000000002 -0.0096081217734831064 0.40500000000000008 14.923201560974123 4.5986711749962694 18.500000000000004 91.300000000000026
decision_type=10 8 10 10 10 10 10 8 10 8 10 10 8 8 8 10 2 8 8 8 10 10 10 8 10 2 10 10 8 10
left_child=2 3 -1 14 -4 -3 18 -5 9 10 11 12 21 16 15 -2 17 -14 19 -7 27 22 23 -9 -24 -21 -23 -19 -22 -30
right_child=1 5 4 7 -6 6 -8 8 -10 -11 -12 -13 13 -15 -16 -17 -18 20 -20 25 28 26 24 -25 -26 -27 -28 -29 29 -31
leaf_value=-0.034050596365325564 0.10064671686213109 -0.0056934303517755906 0.029456189003299622 0.80653198809158511 0.20450409460259544 -0.14232009587768951 0.59779772740895631 0.055910313499129574 0.4149939901894491 0.73683698567060318 0.73482718255032198 0.7163989895582199 0.15187516693757133 0.11517836964998485 0.57731553567539562 0.35019065823867035 0.03811954960488436 0.26360945975780486 0.24495183055764772 0.094628359969153253 0.70383004016850303 -0.12979476790352645 0.23463120962061534 0.44065833377329011 -0.31030957728624342 0.50945405359995566 0.2379446423595602 -0.30207211320814881 0.16554918975383043 0.36881547865280584
leaf_weight=65369 1863 1256 9188 41 606 184 61 122 437 52 55 50 447 539 55 202 171 75 511 1584 69 221 82 225 67 59 99 46 300 1529
leaf_count=65369 1863 1256 9188 41 606 184 61 122 437 52 55 50 447 539 55 202 171 75 511 1584 69 221 82 225 67 59 99 46 300 1529
internal_value=-3.09908e-06 0.176025 -0.0243641 0.225696 0.0402872 0.0843358 0.131471 0.26643 0.261602 0.245445 0.239208 0.232464 0.226403 0.25331 0.13679 0.125057 0.281543 0.298423 0.119304 0.084161 0.330868 0.121679 0.210521 0.305387 -0.0104093 0.109525 -0.0160254 0.048557 0.348866 0.335475
internal_weight=85565 10402 75163 6747 9794 3655 2399 4627 4586 4149 4097 4042 3992 3176 2120 2065 2637 2466 2338 1827 2019 816 496 347 149 1643 320 121 1898 1829
internal_count=85565 10402 75163 6747 9794 3655 2399 4627 4586 4149 4097 4042 3992 3176 2120 2065 2637 2466 2338 1827 2019 816 496 347 149 1643 320 121 1898 1829
is_linear=0
shrinkage=0.03


Tree=66
num_leaves=31
num_cat=0
split_feature=38 37 1 35 33 73 44 21 45 103 22 6 92 179 74 6 80 182 21 9 140 62 124 116 118 35 134 93 140 39
split_gain=383607 55198.5 49701.2 22601.6 20508 15499.8 17415.5 16306.6 15022.9 13660.7 12736.6 17035.5 13856 13022.5 12851.8 12635.9 13237.7 12941.9 12382.1 12359.5 11613.5 11442.7 12522 12102.9 11146.3 11063.5 10995.3 10849.3 10689.9 12930.4
threshold=32.656158447265632 5.6770832538604745 1.5000000000000002 46.225000381469734 66.500000000000014 0.24522727727890017 5.2652719020843515 0.44500000000000006 0.73431372642517101 2.509836817009274 15.500000000000002 0.42500000000000004 24.345238095238098 5.046883614674333 0.52803272008895885 0.77500000000000013 0.25496444106101995 31.500000000000004 0.13500000000000004 0.51887374066704439 128.09401709401712 1.289915978908539 5.7123680211452292 0.0040704416817773119 0.4475331385078965 32.674999237060554 30.733333333333338 0.41550170569637052 85.225000000000009 7.255434751510621
decision_type=10 10 8 10 10 10 10 2 8 8 2 10 10 10 10 8 8 8 2 8 8 10 8 8 10 10 10 8 8 10
left_child=1 -1 3 20 8 27 7 10 18 -5 11 13 -13 25 -14 16 -11 -17 -3 -20 -2 22 -18 -24 -8 -7 -6 -4 -25 -30
right_child=2 4 5 9 26 6 24 -9 -10 15 -12 12 14 -15 -16 17 21 -19 19 -21 -22 -23 23 28 -26 -27 -28 -29 29 -31
leaf_value=-0.03405857431584914 0.094652723925672699 0.017140464759930397 0.09102723874513384 0.81350383400917048 0.17322313041405074 0.35602684565952847 0.2864527075183253 0.57799632042646409 0.59442449663366592 0.72654243884527159 0.03140326739793365 0.72790192881940108 0.37507606976581903 0.45289043362897174 -0.16111351999471771 0.79300044399041392 0.072035093849427578 0.31127350209267951 0.20827963350857456 -0.025759332402307069 0.26554473662353117 0.66374937070459128 0.73348827827981733 0.05596930573341586 0.8424334280490875 -0.18967296631597891 0.58738501322658165 -0.083757552450995462 0.27157332415699786 -0.0028973077663353511
leaf_weight=63494 1407 10936 618 40 352 42 172 63 42 46 1187 71 167 52 53 52 517 1444 620 302 480 50 43 293 40 164 69 662 1919 168
leaf_count=63494 1407 10936 618 40 352 42 172 63 42 46 1187 71 167 52 53 52 517 1444 620 302 480 50 43 293 40 164 69 662 1919 168
internal_value=-3.00631e-06 -0.0227823 0.177127 0.225475 0.0353277 0.0822366 0.134179 0.103872 0.0280477 0.261528 0.0866662 0.206151 0.363504 0.0286708 0.245903 0.256656 0.221493 0.328018 0.0260417 0.13162 0.138123 0.213723 0.206069 0.234668 0.391355 -0.0784138 0.241102 0.00063073 0.225656 0.249479
internal_weight=85565 75815 9750 6459 12321 3291 2011 1799 11900 4572 1736 549 291 258 220 4532 3036 1496 11858 922 1887 2990 2940 2423 212 206 421 1280 2380 2087
internal_count=85565 75815 9750 6459 12321 3291 2011 1799 11900 4572 1736 549 291 258 220 4532 3036 1496 11858 922 1887 2990 2940 2423 212 206 421 1280 2380 2087
is_linear=0
shrinkage=0.03


Tree=67
num_leaves=31
num_cat=0
split_feature=38 1 37 35 45 37 15 33 114 132 80 68 45 102 138 143 132 125 68 46 15 138 139 83 32 15 177 78 33 89
split_gain=361177 46531.4 46486.5 23960.8 18181.6 15574.6 14076.1 13476.7 12658.7 12130.9 12087.3 12583.7 12423.9 11997.8 11670.3 22217.6 16254.5 11511.6 14984.9 11423.5 11809.8 11315.9 11080.9 12804.6 11212 19678.9 13857.7 15599.4 13853.4 13362.2
threshold=30.60440826416016 1.5000000000000002 7.9083333015441903 46.225000381469734 0.70659971237182628 21.449495315551761 0.2776865056004742 64.500000000000014 -0.23385995907296644 62.677083333333336 0.25496444106101995 0.73375529050827037 0.92980295419693004 3.7750000000000004 74.500000000000014 0.39325566190099026 61.458041958041967 0.44484126984126993 0.514928698539734 0.66872748732566845 0.14678932178932183 128.10000000000002 156.97306182687717 66.218224223641869 13.402702331542971 -0.094197848810786217 25.500000000000004 0.47689209878444677 33.500000000000007 24.500000000000004
decision_type=10 8 10 10 10 10 10 10 8 10 8 10 8 10 10 10 8 8 10 8 10 10 10 10 10 10 8 8 10 10
left_child=2 3 -1 19 7 -3 -7 -4 -5 -6 -10 12 14 -9 15 16 -12 18 21 20 -2 -16 23 24 25 28 -26 29 -19 -28
right_child=1 5 4 8 9 6 -8 13 10 -11 11 -13 -14 -15 17 -17 -18 22 -20 -21 -22 -23 -24 -25 26 -27 27 -29 -30 -31
leaf_value=-0.032064379654110464 0.093869845297595483 -0.0061150968023523941 0.027273110718358404 0.78202261528372763 0.11696983090468815 0.11254289422363482 0.57416821891167114 0.29890172057727488 0.71958027064800256 0.8380070471763611 0.78517145382506504 0.4138159364283085 0.68739242089124253 -0.13854992178082468 -0.3565425095359484 -0.2659732825309038 0.048038756680488584 0.31227945387363437 0.4030348441600799 0.55556811774860726 0.3353711758819547 0.16768592481102262 0.44072435629170159 0.13274787631741505 0.1538284855581247 0.29243928743590569 -0.22281187321458543 0.4344995135163689 -0.061683110168410667 0.30822039625522762
leaf_weight=65369 1863 1256 9349 40 42 2338 61 291 48 42 42 350 52 70 90 122 75 123 65 55 202 63 245 874 325 754 63 840 324 132
leaf_count=65369 1863 1256 9349 40 42 2338 61 291 48 42 42 350 52 70 90 122 75 123 65 55 202 63 245 874 325 754 63 840 324 132
internal_value=-2.91616e-06 0.16568 -0.0229321 0.21238 0.0380199 0.0794717 0.124281 0.0342181 0.250648 0.477488 0.246015 0.241007 0.226568 0.214077 0.220776 0.0172861 0.31265 0.233252 0.0214342 0.128859 0.117494 -0.140684 0.2458 0.231897 0.265735 0.198938 0.324722 0.378384 0.0412193 0.136656
internal_weight=85565 10402 75163 6747 9794 3655 2399 9710 4627 84 4587 4539 4189 361 4137 239 117 3898 218 2120 2065 153 3680 3435 2561 1201 1360 1035 447 195
internal_count=85565 10402 75163 6747 9794 3655 2399 9710 4627 84 4587 4539 4189 361 4137 239 117 3898 218 2120 2065 153 3680 3435 2561 1201 1360 1035 447 195
is_linear=0
shrinkage=0.03


Tree=68
num_leaves=31
num_cat=0
split_feature=45 38 37 21 92 75 1 45 70 148 126 83 120 36 129 140 136 182 129 132 5 6 31 30 143 18 7 179 8 82
split_gain=340251 53320.1 32526.7 15367.3 15776 15336.5 14985.3 16119.8 12772.4 12493.2 15966.9 20037 16169.7 13802.9 12775.2 23898.5 19603.4 12514.8 21149.4 18341.6 12421.3 13897.3 12415.9 12280.5 16335.3 13470.4 13703.1 12176.5 11959.4 11723.1
threshold=0.26600250601768499 13.306388854980471 51.894445419311531 0.15500000000000003 26.483333333333338 0.61577314138412487 2.5000000000000004 0.13921189308166507 0.20166666805744174 7.2583333333333337 0.67761904761904768 61.447977227521854 0.42394892195329226 98.529468536376967 59.833333333333336 85.527777777777786 21.851648351648354 54.500000000000007 69.833333333333357 68.759615384615401 1.0000000180025095e-35 0.19500000000000003 19.207142829895023 11.099178314208986 0.68302204298168412 1.0000000180025095e-35 0.40833333333333349 5.457509800870036 0.67100000000000015 59.900000000000006
decision_type=10 10 10 2 10 8 8 8 10 10 8 10 8 10 10 10 8 10 10 10 2 8 10 10 8 2 10 8 10 8
left_child=1 -1 3 20 -5 -6 7 -3 -8 10 -4 13 -13 -12 -14 16 -16 18 19 22 21 -2 -17 25 -25 -9 -27 -19 -24 -23
right_child=2 6 9 4 5 -7 8 23 -10 -11 11 12 14 -15 15 17 -18 27 -20 -21 -22 29 28 24 -26 26 -28 -29 -30 -31
leaf_value=-0.030959647769095155 -0.10629757666068167 0.02303406774170557 0.11774714800132356 0.16429087341007065 0.29853983291342284 0.95098243367671964 0.051871975819356264 0.086060435448785444 -0.07808053544920128 0.66013016602054964 0.33525617533211 0.74016588659847482 0.067328016257379206 0.68895644798090572 0.32265711873392511 0.31673585795196002 -0.26994641317783491 0.1117125103305987 0.0061787338832823124 0.92881546303377305 -0.11829213273345152 0.22306197107225614 1.028043398502025 0.010212571564354473 0.57051652367218675 0.75823904689875521 0.078973710949604328 0.43951662416374959 0.40381688276778405 0.10370669877179019
leaf_weight=65791 238 4097 920 255 79 55 1264 3269 1475 61 770 51 504 114 79 542 138 487 130 59 211 940 47 79 115 55 52 129 67 3492
leaf_count=65791 238 4097 920 255 79 55 1264 3269 1475 61 770 51 504 114 79 542 138 487 130 59 211 940 47 79 115 55 52 129 67 3492
internal_value=-2.82786e-06 -0.0209791 0.170613 0.121318 0.302784 0.566333 0.0421224 0.06364 -0.0181098 0.234005 0.227566 0.25998 0.212122 0.380869 0.19978 0.239563 -0.054206 0.283196 0.358163 0.42216 0.106856 0.117029 0.376592 0.11024 0.342352 0.0969021 0.428129 0.18036 0.661173 0.129021
internal_weight=85565 76197 9368 5270 389 134 10406 7667 2739 4098 4037 3117 2233 884 2182 1678 217 1461 845 715 4881 4670 656 3570 194 3376 107 616 114 4432
internal_count=85565 76197 9368 5270 389 134 10406 7667 2739 4098 4037 3117 2233 884 2182 1678 217 1461 845 715 4881 4670 656 3570 194 3376 107 616 114 4432
is_linear=0
shrinkage=0.03


Tree=69
num_leaves=31
num_cat=0
split_feature=38 37 1 45 67 139 6 26 31 190 132 82 37 14 144 35 26 67 17 167 62 154 94 96 139 61 127 96 68 57
split_gain=321418 47997.7 41584.6 17674.8 17663.4 19966.5 14322.7 23443.4 17488.5 12901 13855.1 12534.7 14912.8 21728.3 14830.4 14663 13996.8 17058.1 16991.1 11878.6 15189 14402.6 11319.9 24529.3 14431.5 16519.1 21428.9 13733.2 14474 13707.5
threshold=33.424810409545906 5.6770832538604745 1.5000000000000002 0.48074074089527136 0.27922078967094427 166.01251467162706 0.45500000000000007 15.500000000000002 13.677083492279055 700.60000000000014 62.148351648351657 69.300000000000026 90.045455932617202 -0.030000000000000016 0.48333333333333339 97.700000762939467 33.500000000000007 0.93095237016677868 32.500000000000007 0.54617152744289776 0.42724868655204779 0.035007630279588392 0.36323012768556212 0.40968318870834247 98.006942271937206 0.72077924013137828 0.75681455396687591 0.43640305030995502 0.62988328933715831 1.0000000180025095e-35
decision_type=10 10 8 8 8 10 10 2 8 2 10 10 10 8 10 10 2 10 2 8 8 8 8 8 10 8 10 8 10 8
left_child=1 -1 4 -3 5 -2 -4 8 9 10 -8 12 19 15 -13 -14 -15 18 -18 -6 21 -21 29 -24 -25 -26 27 28 -27 -22
right_child=2 3 6 -5 11 -7 7 -9 -10 -11 -12 14 13 16 -16 -17 17 -19 -20 20 22 -23 23 24 25 26 -28 -29 -30 -31
leaf_value=-0.031169299424451728 0.123608913843041 0.025217701817774382 0.033982047317762387 0.19411311183105676 0.091353987067524872 0.71320737152729397 -0.013264676641743139 0.071741684194975577 -0.022307496807154485 0.88686283685965461 0.5827017919761307 0.42854642373668711 -0.20968509132508187 0.28065533210729299 -0.030755180631518792 0.37777663479980672 1.4562684467362195 0.40523136505058832 0.68088875096013302 0.26835450870650152 0.92416883736848832 0.95502211517757829 0.068230287158573918 0.1439939078439291 -0.0099726789778676519 0.40442075680423939 1.0305653252771922 0.28288520662103522 0.91204393316398968 0.33705534607812981
leaf_weight=63520 2096 11928 2232 585 433 53 53 626 68 64 104 82 64 95 277 95 41 84 67 56 40 54 673 508 116 216 42 887 66 340
leaf_count=63520 2096 11928 2232 585 433 53 53 626 68 64 104 82 64 95 277 95 41 84 67 56 40 54 673 508 116 216 42 887 66 340
internal_value=-2.7436e-06 -0.02059 0.164214 0.0331138 0.208205 0.13815 0.0749598 0.174919 0.398409 0.527861 0.381516 0.243745 0.259449 0.422639 0.0741549 0.141314 0.578496 0.725865 0.975246 0.238235 0.259449 0.605446 0.246271 0.223151 0.27997 0.332024 0.364783 0.340863 0.523226 0.398857
internal_weight=85565 76033 9532 12513 6385 2149 3147 915 289 221 157 4236 3877 446 359 159 287 192 108 3431 2998 110 2888 2508 1835 1327 1211 1169 282 380
internal_count=85565 76033 9532 12513 6385 2149 3147 915 289 221 157 4236 3877 446 359 159 287 192 108 3431 2998 110 2888 2508 1835 1327 1211 1169 282 380
is_linear=0
shrinkage=0.03


Tree=70
num_leaves=31
num_cat=0
split_feature=38 31 1 35 33 178 37 21 134 114 80 96 190 14 82 32 138 67 132 125 15 120 98 33 6 40 145 27 96 134
split_gain=302580 39516.7 39382.3 20797.8 20607.1 13931.7 13770.3 13004.8 13601 11895.1 11527 11232 11215.4 13920.2 11206.4 15168.7 13409.6 15436.5 11642.3 11387.9 12185.7 13849.6 12686 12275.3 11037.5 14130 14110.5 15474.7 12009.8 13463.2
threshold=30.60440826416016 0.88194444775581371 1.5000000000000002 46.225000381469734 34.500000000000007 4.4491227864078562 21.449495315551761 0.12500000000000003 29.100000000000005 -0.23385995907296644 0.25496444106101995 0.40530272604910061 87.000000000000014 0.26500000000000012 67.90000000000002 13.402702331542971 172.50000000000003 0.20000666379928592 62.806250000000006 0.40158730158730166 -0.11524886416690473 0.40221140809565209 2.6906876456876456 39.500000000000007 0.77500000000000013 3.4746134281158452 4.166666666666667 16.500000000000004 0.42545831723218946 30.550000000000004
decision_type=10 10 8 10 10 8 10 2 10 8 8 10 2 10 8 10 10 8 8 8 8 8 10 10 8 10 8 10 10 10
left_child=1 -1 3 -2 -3 -6 -4 12 11 -5 -11 -9 -8 -14 15 19 17 18 -17 -12 23 -22 -23 -21 28 -26 -27 -28 -19 -30
right_child=2 4 6 9 5 -7 7 8 -10 10 14 -13 13 -15 -16 16 -18 24 -20 20 21 22 -24 -25 25 26 27 -29 29 -31
leaf_value=-0.032085852552016035 0.11679528132031829 0.0095808441489087619 -0.0081406470579406601 0.74535947450995443 0.32733391404166817 0.08468240098053656 0.026352060095014361 -0.07041485613584518 0.82315019360610409 0.68823073187842954 -0.17836832676942532 0.42821001427689775 0.1321154675927558 0.5507820254486876 0.11231618157428845 0.32142272517806098 0.80820353837807968 0.14987395329587161 -0.049641855542127251 0.23317353095859289 0.62078443230390545 0.22312740542435536 -0.19429986846511776 -0.22366948337815068 0.098318531379963339 1.0151943741193632 0.69228491754539856 0.32723189322224683 0.41078661572762393 0.0047805378048918967
leaf_weight=59643 2120 13833 1256 40 250 1437 1117 70 42 48 78 97 996 77 720 124 45 480 197 96 75 1301 69 118 104 41 149 350 506 86
leaf_count=59643 2120 13833 1256 40 250 1437 1117 70 42 48 78 97 996 77 720 124 45 480 197 96 75 1301 69 118 104 41 149 350 506 86
internal_value=-2.66132e-06 -0.0209896 0.151645 0.194609 0.021653 0.120641 0.0723358 0.114469 0.340572 0.230262 0.22577 0.219206 0.0928915 0.16216 0.220879 0.241347 0.295958 0.284642 0.0936977 0.175889 0.192545 0.223835 0.202104 -0.0187306 0.32036 0.418524 0.480194 0.436236 0.261389 0.351806
internal_weight=85565 75163 10402 6747 15520 1687 3655 2399 209 4627 4587 167 2190 1073 4539 3819 2082 2037 321 1737 1659 1445 1370 214 1716 644 540 499 1072 592
internal_count=85565 75163 10402 6747 15520 1687 3655 2399 209 4627 4587 167 2190 1073 4539 3819 2082 2037 321 1737 1659 1445 1370 214 1716 644 540 499 1072 592
is_linear=0
shrinkage=0.03


Tree=71
num_leaves=31
num_cat=0
split_feature=48 38 44 6 140 37 49 103 173 89 48 175 26 27 49 39 9 189 83 68 156 140 26 45 29 130 70 38 182 18
split_gain=285129 56447.8 22270.3 19473.7 17310.4 15925.8 14992.6 13021.9 12701.2 14173.1 24199.3 12870.7 23098 12725.2 17828.4 14623.6 12508.7 12069 15851.7 11896.1 15406.6 12597.4 11795.8 12891.8 11748.9 11709.6 11564 14828.1 11373.1 11213.6
threshold=0.33151119947433477 19.086667060852054 4.0001425743103036 0.40500000000000008 91.408333333333346 1.105555593967438 0.13893226534128192 2.9540658864064588 0.16699622558024474 30.833333333333339 0.69942653179168712 91.500000000000014 37.500000000000007 21.500000000000004 0.55595514178276073 3.2788888216018681 0.59724431479025808 106.40000000000002 68.648780411108774 0.29805897176265722 0.074328336956665672 104.55494505494507 15.500000000000002 0.1490740776062012 6.6333332061767587 67.300000000000026 0.89757934212684642 82.593479156494155 34.500000000000007 1.0000000180025095e-35
decision_type=10 10 10 10 8 10 10 8 8 10 10 8 2 10 8 10 10 2 10 10 10 10 2 10 10 10 8 10 8 2
left_child=1 5 6 29 -4 -1 -2 -8 9 13 17 -10 -13 24 -15 -16 -17 18 -11 20 -9 -21 23 -7 -6 -23 28 -28 -26 -3
right_child=2 3 4 -5 8 22 7 19 11 10 -12 12 -14 14 15 16 -18 -19 -20 21 -22 25 -24 -25 26 -27 27 -29 -30 -31
leaf_value=-0.033376377136622594 -0.20732134559834506 0.019015470272796792 0.096224856499091876 0.12274768872777236 0.69954700458557051 0.018495037871600149 0.48458934375533347 -0.013052408613482893 0.16625760528776379 0.27458649620358999 0.6068976717218757 0.30782173981537692 1.1282804294802107 0.75990274772499544 -0.21841416844101841 0.012799190828355692 0.5234209335363984 -0.06613200607760758 -0.18851671955340049 0.018717205295729084 0.55118570718995252 0.19143764351210799 -0.015648682622922541 0.15143329774565062 0.46652223074861937 0.53853144118545249 0.31492454542231957 0.93188581228983114 0.18905652369159986 0.32628477802243799
leaf_weight=54460 142 5530 1025 2715 47 3661 81 819 81 306 80 74 53 99 43 59 161 364 85 301 46 443 10807 800 140 109 242 41 2642 109
leaf_count=54460 142 5530 1025 2715 47 3661 81 819 81 306 80 74 53 99 43 59 161 364 85 301 46 443 10807 800 140 109 242 41 2642 109
internal_value=-2.58096e-06 -0.016956 0.176899 0.056737 0.207527 -0.025785 0.0894474 0.112872 0.232784 0.221732 0.110754 0.461753 0.650218 0.248406 0.416753 0.287582 0.386481 0.0581821 0.173912 0.0953465 0.0169533 0.174843 0.00129301 0.0423351 0.228823 0.259976 0.221605 0.404308 0.20302 0.0249549
internal_weight=85565 78082 7483 8354 5542 69728 1941 1799 4517 4309 835 208 127 3474 362 263 220 755 391 1718 865 853 15268 4461 3112 552 3065 283 2782 5639
internal_count=85565 78082 7483 8354 5542 69728 1941 1799 4517 4309 835 208 127 3474 362 263 220 755 391 1718 865 853 15268 4461 3112 552 3065 283 2782 5639
is_linear=0
shrinkage=0.03


Tree=72
num_leaves=31
num_cat=0
split_feature=38 37 1 67 139 33 15 45 132 73 44 92 21 82 144 37 14 35 33 6 50 136 34 167 62 154 144 48 94 96
split_gain=268837 40152.8 35436 15627.9 18641.3 14882.3 12591.8 12513.6 11672.8 11333.8 14101.3 12920.5 11179.9 11102.2 13952.8 13074 20324.8 12074.2 15052.8 14113.7 12068.1 19878.5 14128.9 11184.8 14330.2 13454.5 10915.2 12945.8 10690.9 22989.6
threshold=33.424810409545906 8.0333333015441912 1.5000000000000002 0.27922078967094427 166.01251467162706 66.500000000000014 0.2776865056004742 0.73431372642517101 67.035714285714292 0.24522727727890017 5.2652719020843515 26.516666666666669 0.44500000000000006 69.300000000000026 0.48333333333333339 90.045455932617202 -0.024999999999999963 107.90000152587892 122.50000000000001 0.46500000000000002 0.60826835036277782 27.607692307692314 91.833332061767592 0.54617152744289776 0.42724868655204779 0.035007630279588392 0.19090909090909094 0.66448462009429943 0.36323012768556212 0.40968318870834247
decision_type=10 10 8 8 10 10 10 8 10 10 10 10 2 10 10 10 10 10 10 10 10 10 10 8 8 8 10 10 8 8
left_child=1 -1 3 4 -2 7 9 -3 -7 -4 12 -12 -11 15 -15 23 17 19 -19 -17 22 -22 -18 26 25 -25 -5 -28 -26 -30
right_child=2 5 6 13 -6 8 -8 -9 -10 10 11 -13 -14 14 -16 16 20 18 -20 -21 21 -23 -24 24 28 -27 27 -29 29 -31
leaf_value=-0.027473167419176808 0.11084629084472367 0.026314801477674451 -0.013367752072583838 0.45960743399593851 0.68054267575156013 0.14005471071664322 0.46565261545351572 0.54524872830935889 0.56454664678677258 0.061798742095612119 -0.02214475515869356 0.49638595626904414 0.50059613565603889 0.40836146006496937 -0.037143684372252073 0.46830676953459893 0.35724733370169998 0.89075068026781079 0.067722714968025677 -0.18569534551352262 0.081682990290023183 0.91176338070631024 1.0587394061643782 0.24998811530215401 0.37520811558612871 0.91367091920640719 -0.055702727408031935 0.44254413648085161 0.05447409852896367 0.259460409549372
leaf_weight=65707 2096 9839 1198 58 53 376 70 42 69 1620 62 143 54 82 277 43 40 40 40 96 74 40 73 56 380 54 320 55 673 1835
leaf_count=65707 2096 9839 1198 58 53 376 70 42 69 1620 62 143 54 82 277 43 40 40 40 96 74 40 73 56 380 54 320 55 673 1835
internal_value=-2.50402e-06 -0.0188307 0.150182 0.190791 0.124897 0.0361637 0.0677907 0.0285206 0.205875 0.0587396 0.104713 0.339562 0.0759535 0.224221 0.0646152 0.239 0.391799 0.185614 0.479237 0.0166219 0.590718 0.372939 0.810424 0.219137 0.239722 0.575796 0.0766104 0.0173735 0.226922 0.204454
internal_weight=85565 76033 9532 6385 2149 10326 3147 9881 445 3077 1879 205 1674 4236 359 3877 446 219 80 139 227 114 113 3431 2998 110 433 375 2888 2508
internal_count=85565 76033 9532 6385 2149 10326 3147 9881 445 3077 1879 205 1674 4236 359 3877 446 219 80 139 227 114 113 3431 2998 110 433 375 2888 2508
is_linear=0
shrinkage=0.03


Tree=73
num_leaves=31
num_cat=0
split_feature=37 48 45 6 21 9 144 5 129 188 173 39 84 17 44 44 159 105 92 177 164 96 174 134 138 33 125 157 67 179
split_gain=253599 46095.5 22905.4 18670.3 16048.3 15286.2 15272.1 14947.6 19172.3 15655 14398.8 15484 18627.2 18046.5 14965.6 13231.8 12478.4 13626.7 13638.6 14175.7 13803.1 16895.1 13624.6 11905.3 13929.5 11846.5 11776.3 11580.5 11878.6 17323.6
threshold=32.585714340209968 0.05127962306141854 0.46247655153274542 1.0000000180025095e-35 0.15500000000000003 0.54703586342791499 0.68990384615384626 1.0000000180025095e-35 58.166666666666679 10.500000000000002 0.14896195102714613 2.674242496490479 66.966666666666683 24.500000000000004 4.0596523284912118 3.9999837875366215 0.41260766610119382 8.1666666666666696 22.190909090909095 28.500000000000004 5.9370284840000895 0.41239911579873251 15.500000000000002 22.500000000000004 133.10000000000002 59.500000000000007 0.78809523809523818 0.49269553698947249 0.21825397014617923 5.7501241036955326
decision_type=10 10 10 8 2 8 10 2 10 2 10 10 10 2 10 10 8 10 10 10 10 10 8 10 10 10 10 10 10 10
left_child=1 -1 6 -3 15 -6 -2 9 -9 16 11 13 -13 -8 -15 -5 -4 18 19 22 26 -22 -18 -11 -25 -12 27 28 29 -20
right_child=2 3 7 4 5 -7 10 8 -10 23 25 12 -14 14 -16 -17 17 -19 20 -21 21 -23 -24 24 -26 -27 -28 -29 -30 -31
leaf_value=-0.028958660066569747 0.024162951327868606 -0.09305196807254533 0.06608657295926143 -0.00013127634788601144 0.21496899775660583 -0.03301928400274641 0.12830580022072169 -0.61203705219233906 0.096386540901493026 0.47749120733954692 0.20526785984060705 0.13904039565100423 -0.10374341637081369 0.046296357035636899 0.71922957590941716 0.056723043477733652 0.097265553331375126 0.72584865947564436 0.06244842879541837 0.19414731110805986 -0.47516729050332851 0.17944768384695053 0.64804414143600453 -0.16735500270114517 0.33936459075836906 0.64732148629895758 0.67257118938185945 0.70670210425058999 0.25505600284886121 0.6799604584954001
leaf_weight=60498 1354 1091 354 7725 797 311 229 41 213 44 141 1327 362 40 116 7043 50 54 578 176 55 100 211 217 63 89 55 45 2142 44
leaf_count=60498 1354 1091 354 7725 797 311 229 41 213 44 141 1327 362 40 116 7043 50 54 578 176 55 100 211 217 63 89 55 45 2142 44
internal_value=-2.42827e-06 -0.0167032 0.159717 0.0269952 0.0352449 0.145362 0.104124 0.205497 -0.0179653 0.21905 0.151116 0.126141 0.087005 0.29783 0.546683 0.0269831 0.235846 0.252967 0.245578 0.402221 0.222904 -0.052835 0.542531 0.0187455 -0.0533431 0.376323 0.237827 0.229315 0.221542 0.106131
internal_weight=85565 77465 8100 16967 15876 1108 3658 4442 254 4188 2304 2074 1689 385 156 14768 3864 3510 3456 437 3019 155 261 324 280 230 2864 2809 2764 622
internal_count=85565 77465 8100 16967 15876 1108 3658 4442 254 4188 2304 2074 1689 385 156 14768 3864 3510 3456 437 3019 155 261 324 280 230 2864 2809 2764 622
is_linear=0
shrinkage=0.03


Tree=74
num_leaves=31
num_cat=0
split_feature=45 38 46 1 96 44 120 119 112 21 37 182 160 17 173 47 68 9 6 81 138 140 35 80 98 177 82 74 144 170
split_gain=239910 38796.3 23925.7 16035.8 17068.1 14248.1 15028 15044.9 15208.9 13659.1 13472.7 12624.7 13446 13238.4 12720.4 11925.5 12104.6 14518.2 14383.5 12165.9 13002.1 12064 11867.1 12803.9 11266.1 12734.5 14497.3 14161.5 16347.7 19510.2
threshold=0.26600250601768499 19.086667060852054 0.36531439423561102 2.5000000000000004 0.46247360310902857 4.4519567489624032 0.42721008628165652 0.37784900410854172 1.8397435897435901 0.18500000000000003 105.85909271240236 38.500000000000007 0.4136411073221829 4.5000000000000009 0.19029129386082266 0.28583447635173803 0.19925742596387866 0.52667512264627081 0.96500000000000008 66.166666666666671 106.50000000000001 128.09401709401712 59.266666412353523 0.30617038905620581 2.8021717171717175 24.500000000000004 69.300000000000026 0.41966013610363012 0.82575757575757591 25.583333333333339
decision_type=10 10 10 8 8 10 8 10 10 2 8 10 8 2 8 10 10 10 10 10 10 10 10 10 10 10 10 10 10 10
left_child=1 -1 9 4 -3 10 7 -7 -9 -2 15 13 -13 -8 -14 -4 17 19 24 -17 -21 -22 -6 -24 25 27 -27 28 -18 -30
right_child=2 3 5 -5 22 6 11 8 -10 -11 -12 12 14 -15 -16 16 18 -19 -20 20 21 -23 23 -25 -26 26 -28 -29 29 -31
leaf_value=-0.024468443337827956 0.053042845507369596 0.037038623616249593 0.65199440383980434 -0.022928520685762524 0.12967010271177598 0.4338669188126274 -0.047045018379117398 -0.16733783732221091 0.47044373613595963 0.30157811269233392 -0.066433418771590702 -0.16339132157522579 0.20424454039409268 0.37964228349688806 0.6985308996086218 0.025637041549761215 0.22955400863885878 -0.14112966614732375 0.65137599725808415 0.75713173040449611 -0.14325309769162592 0.5287770135740919 0.072952217004801104 0.65835632964332658 -0.2850490592085585 0.15250363015655527 -0.11919785350710152 0.19319477282625883 1.2303795208000554 0.42554183256626127
leaf_weight=69115 2677 3301 43 1991 1651 69 71 212 40 215 264 86 1072 836 49 273 150 260 56 50 53 44 57 82 49 1520 200 958 41 80
leaf_count=69115 2677 3301 43 1991 1651 69 71 212 40 215 264 86 1072 836 49 273 150 260 56 50 53 44 57 82 49 1520 200 958 41 80
internal_value=-2.35517e-06 -0.0176161 0.143263 0.0492576 0.0774884 0.175302 0.232627 0.0413674 -0.0661027 0.0715197 0.14076 0.261669 0.198116 0.346241 0.22585 0.155242 0.149522 0.0350523 0.175009 0.144117 0.364152 0.161585 0.152083 0.418299 0.166111 0.173608 0.12091 0.247358 0.438827 0.698255
internal_weight=85565 76197 9368 7082 5091 6476 2435 321 252 2892 4041 2114 1207 907 1121 3777 3734 680 3054 420 147 97 1790 139 2998 2949 1720 1229 271 121
internal_count=85565 76197 9368 7082 5091 6476 2435 321 252 2892 4041 2114 1207 907 1121 3777 3734 680 3054 420 147 97 1790 139 2998 2949 1720 1229 271 121
is_linear=0
shrinkage=0.03


Tree=75
num_leaves=31
num_cat=1
split_feature=48 38 44 6 140 170 197 159 66 80 9 138 96 84 21 49 127 21 17 182 27 83 15 80 68 175 173 34 92 31
split_gain=225786 45066.4 19184.2 18105.2 15460.7 15258.9 14039.1 24009.8 19963.2 13571.5 13098.5 13735.1 12833.5 12530.2 12342.8 12484.6 13874 12138.3 12171.9 11915.3 14175.3 13567.1 11655.2 14306.4 11568.9 11228.3 11145.9 13760.7 17119.7 13018
threshold=0.33151119947433477 7.7747583389282235 4.1374928951263437 1.0000000180025095e-35 91.408333333333346 20.791666666666671 0 0.42776142496967984 0.18788117170333865 0.54920899868011486 0.80390715415596203 167.10000000000002 0.39027384641652135 63.408333333333339 0.10500000000000002 0.66669291257858287 0.75681455396687591 0.15500000000000003 5.5000000000000009 54.500000000000007 18.500000000000004 55.226807880427145 0.11819496253496804 0.39676614105701452 0.36863675713539129 73.500000000000014 0.1510771805683655 74.833332061767592 31.75961538461539 11.968750000000002
decision_type=10 10 10 8 8 10 9 8 10 10 10 10 10 8 2 10 10 2 2 8 10 8 10 8 10 8 10 10 10 10
left_child=1 -1 10 -3 22 24 7 -7 -9 12 11 19 -10 -12 15 16 26 -5 -19 20 25 -21 23 -4 -6 -2 29 -28 -29 -8
right_child=2 3 4 17 5 6 14 8 9 -11 13 -13 -14 -15 -16 -17 -18 18 -20 21 -22 -23 -24 -25 -26 -27 27 28 -30 -31
leaf_value=-0.026618557664495536 -0.10012682443070742 -0.081983460095957431 -0.21837021691952982 0.031838680355827077 0.93736449930978849 -0.17419459087868869 0.19969522672327888 0.89641412341967219 -0.11706283570598748 0.83403985810279846 0.69241779650411295 0.50901062438407774 0.39646242620839789 0.011376072295010089 0.40254735654895812 0.31052879037857645 0.47790002090009776 0.020501444818780704 0.23400897238477661 0.5300932298822606 0.4609594416864744 0.013589585840040705 0.36578531102796569 0.1030555993891409 0.25290416262870608 0.19911355179644399 0.046552520893190216 0.24900196519764986 1.0480382186659547 0.059330188593506313
leaf_weight=62171 162 1202 155 13731 46 59 1019 80 59 45 62 65 170 40 226 503 110 425 553 47 127 1749 113 636 43 372 69 55 43 1428
leaf_count=62171 162 1202 155 13731 46 59 1019 80 59 45 62 65 170 40 226 503 110 425 553 47 127 1749 113 636 43 372 69 55 43 1428
internal_value=-2.28486e-06 -0.0150886 0.157417 0.0299637 0.192716 0.218301 0.20936 0.376972 0.479483 0.357751 0.0920521 0.0785725 0.264157 0.425343 0.187677 0.173211 0.147854 0.0391119 0.141227 0.0671852 0.176084 0.0271061 0.0807851 0.0400708 0.60667 0.108333 0.133966 0.371095 0.5996 0.117782
internal_weight=85565 78082 7483 15911 4859 3955 3866 413 354 274 2624 2522 229 102 3453 3227 2724 14709 978 2457 661 1796 904 791 89 534 2614 167 98 2447
internal_count=85565 78082 7483 15911 4859 3955 3866 413 354 274 2624 2522 229 102 3453 3227 2724 14709 978 2457 661 1796 904 791 89 534 2614 167 98 2447
cat_boundaries=0 1
cat_threshold=67
is_linear=0
shrinkage=0.03


Tree=76
num_leaves=31
num_cat=0
split_feature=38 31 6 21 5 74 130 171 189 42 89 68 26 188 92 35 34 80 14 73 39 42 136 67 22 9 31 29 188 171
split_gain=213599 32806.3 29978.6 15509.1 15451.5 15448.1 12483.1 14579.1 11411.6 13079.2 14936.2 11210 11183.7 10972.3 12977.3 13092 12376 21626.4 16896.6 23279.5 15415.5 16770.2 17370.1 15083.3 12527.8 12207 13133.5 11981.5 11579.1 17666
threshold=33.424810409545906 0.88194444775581371 0.52500000000000013 0.13500000000000004 1.0000000180025095e-35 0.30505102872848516 58.900000000000006 3.5150492638349538 113.95 3.1111247539520268 18.833333333333339 0.61152571439743053 4.5000000000000009 10.500000000000002 22.190909090909095 59.266666412353523 90.833332061767592 0.45431052148342138 0.17000000000000001 0.77033331990242015 5.1277174949646005 4.249920368194581 25.925824175824179 0.79285714030265819 30.500000000000004 0.59724431479025808 14.033333301544191 20.69999980926514 6.5000000000000009 16.947387099266056
decision_type=10 10 8 2 2 10 10 8 2 10 10 10 2 2 8 10 10 8 10 8 10 10 10 10 2 10 8 10 2 10
left_child=1 -1 8 -3 13 6 7 -5 12 -10 -11 -6 -2 14 15 -4 27 23 19 24 21 -21 -23 -18 -19 -17 -27 28 29 -16
right_child=2 3 4 5 11 -7 -8 -9 9 10 -12 -13 -14 -15 16 25 17 18 -20 20 -22 22 -24 -25 -26 26 -28 -29 -30 -31
leaf_value=-0.027075817143786329 -0.1677639261165024 0.01250881849529463 0.2422197473560197 0.22051155361213853 -0.13885107239181138 0.015065405728168032 0.16931639787189814 0.95991531823362619 -0.12896294747259715 0.6067621232840148 0.046663426874932357 0.35268613338183902 0.13877636008825756 0.028384934231947514 0.24322337941092378 1.0141079826471282 0.38003535706900499 0.11211476671800111 0.67733402292360545 0.08365453737974167 0.12169580863636048 0.3732237705806406 1.218156982229111 1.0107982562874493 -0.33503327983262188 0.051929186565371661 0.67066953326526435 -0.1661002919077873 0.15076957040823252 0.80505598193720762
leaf_weight=59741 113 15041 351 56 212 614 539 42 403 44 1640 52 2057 338 433 41 85 157 64 40 122 41 47 57 88 52 76 96 2866 57
leaf_count=59741 113 15041 351 56 212 614 539 42 403 44 1640 52 2057 338 433 41 85 157 64 40 122 41 47 57 88 52 76 96 2866 57
internal_value=-2.21748e-06 -0.016785 0.133867 0.0209503 0.181662 0.122443 0.225944 0.537399 0.0746439 0.0245585 0.0612978 -0.0420331 0.122814 0.193447 0.205386 0.346671 0.187696 0.302619 0.218635 0.159329 0.362994 0.592982 0.824495 0.633229 -0.0484935 0.563607 0.419306 0.164358 0.173811 0.308579
internal_weight=85565 76033 9532 16292 5275 1251 637 98 4257 2087 1684 264 2170 5011 4673 520 4153 701 559 495 250 128 88 142 245 169 128 3452 3356 490
internal_count=85565 76033 9532 16292 5275 1251 637 98 4257 2087 1684 264 2170 5011 4673 520 4153 701 559 495 250 128 88 142 245 169 128 3452 3356 490
is_linear=0
shrinkage=0.03


Tree=77
num_leaves=31
num_cat=0
split_feature=45 38 37 189 148 178 159 37 183 44 45 129 162 123 32 95 182 21 138 179 74 136 45 162 69 83 26 32 98 51
split_gain=202403 32957.2 20323 19049 15282.7 22422.8 16820.2 16536.9 15692.3 15124.8 14532.2 13394.6 15516.5 22208.7 15408.4 18849.7 14742.5 13008.6 15371.3 12304.3 14589.8 12151.7 12142.5 11429.1 11426.3 12932.4 11284.6 11122.3 15656.9 12142.8
threshold=0.26600250601768499 19.086667060852054 38.240385055541999 170.30000000000004 5.1742424242424248 4.5560583207642038 0.45401778961873956 40.73863601684571 21.500000000000004 4.155745506286622 0.54110360145568859 63.500000000000007 5.5832656910292426 5.6722014598456019 17.471143722534183 0.41718232165218455 68.500000000000014 0.22500000000000006 88.700000000000003 5.3522121160646732 0.92340135574340831 23.870833333333337 0.83935481309890758 4.8565336689736016 0.40500000119209295 66.948679842642534 30.500000000000004 15.672672271728517 2.2686713286713291 1.6233479976654055
decision_type=10 10 10 2 8 10 10 10 8 10 10 10 10 10 10 10 8 2 10 8 8 8 10 8 8 8 2 10 10 10
left_child=1 -1 17 4 27 6 7 -6 -8 21 19 -12 13 14 22 -16 -17 -2 -19 26 23 -3 -13 -21 -23 -26 -5 -4 29 -29
right_child=2 9 3 10 5 -7 8 -9 -10 -11 11 12 -14 -15 15 16 -18 18 -20 20 -22 24 -24 -25 25 -27 -28 28 -30 -31
leaf_value=-0.022496260552144848 0.056983589501754077 -0.11296882479189535 0.031132940165899892 0.12515567197421898 0.76250483949076042 0.15012557805738708 0.35621938413556881 0.27392664474488865 1.027929618481932 0.086629744112149312 0.080984738675600035 0.22604494184048213 -0.16262435413897039 0.97731837429651391 0.13616813315719856 1.2251440781354903 0.42039791232347484 0.824501362234354 0.17833307484618433 -0.28427401187216361 -0.25995575109923569 0.00049383389456418353 -0.31094149139232746 0.23795346286551206 0.2763899356097278 -0.082273093475851905 -0.12419068711308331 0.54702645806329586 0.78866321120659499 -0.082902769424021236
leaf_weight=69115 3159 693 555 241 66 1053 68 1127 58 3763 752 501 72 41 61 42 40 40 193 41 72 2194 41 471 303 129 507 42 45 80
leaf_count=69115 3159 693 555 241 66 1053 68 1127 58 3763 752 501 72 41 61 42 40 40 193 41 72 2194 41 471 303 129 507 42 45 80
internal_value=-2.14994e-06 -0.0161806 0.131589 0.164879 0.216573 0.253358 0.335772 0.300956 0.665419 0.0454556 0.109383 0.171832 0.257443 0.299102 0.258508 0.535512 0.832585 0.0729391 0.289263 0.0367131 0.139904 -0.00122658 0.185424 0.196134 0.0282621 0.169289 -0.0438532 0.0957223 0.310376 0.133958
internal_weight=85565 76197 9368 5976 3094 2372 1319 1193 126 7082 2882 1550 798 726 685 143 82 3392 233 1332 584 3319 542 512 2626 432 748 722 167 122
internal_count=85565 76197 9368 5976 3094 2372 1319 1193 126 7082 2882 1550 798 726 685 143 82 3392 233 1332 584 3319 542 512 2626 432 748 722 167 122
is_linear=0
shrinkage=0.03


Tree=78
num_leaves=31
num_cat=0
split_feature=37 48 45 44 188 179 5 182 139 94 134 128 21 45 56 142 175 39 134 17 170 92 111 15 178 143 66 171 137 175
split_gain=190691 35429 17653.9 17057.8 14414.7 14960.1 14343.8 13468.9 13367.5 13023.2 14025.7 16359.1 12830.5 13220.3 12503.1 12365.2 15558.7 15350.4 14666.2 17834.7 14487.7 13453.8 14174.5 14259.3 14553.8 14811.3 13352.7 14433.9 12669.6 12576.2
threshold=32.585714340209968 0.05127962306141854 0.54653680324554454 3.9999837875366215 10.500000000000002 3.2879667114319586 1.0000000180025095e-35 59.500000000000007 123.85468264446779 0.56648432816152339 29.550000000000004 0.59183673469387765 0.075000000000000025 0.52440476417541515 1.4624765515327456 0.63333333333333341 76.500000000000014 4.5857844352722177 24.100000000000005 27.500000000000004 22.916666666666671 24.322916666666668 1.3844453026242265 0.093486419414755981 4.4184282499165866 0.85793433565833999 0.20856650173664096 10.089898914098741 66.833333333333357 86.500000000000014
decision_type=10 8 10 10 2 8 2 10 10 10 10 10 2 10 10 10 8 10 10 2 10 10 8 8 8 10 10 10 10 8
left_child=1 -1 9 -3 5 -4 15 8 -6 10 -2 -12 -5 -14 -11 16 18 20 19 28 -17 -19 -23 -24 -25 -26 -20 -28 -7 -22
right_child=2 3 4 12 7 6 -8 -9 -10 14 11 -13 13 -15 -16 17 -18 21 26 -21 29 22 23 24 25 -27 27 -29 -30 -31
leaf_value=-0.025658496438521854 0.064016102753617271 -0.0036528635380764798 -0.2857244058450063 0.043959199134336435 -0.062920030136384184 0.77575886147051321 -0.055741292557741969 -0.39371282637119293 0.47901477356078259 0.61276343082922491 0.13023957683290621 0.42943320310697319 0.14876914307045006 0.7059063534038823 0.061432581218389362 0.53783323699706476 0.070956378639066578 0.61838762250835777 0.075371324635566547 -0.25361116931268146 0.017628795213773096 -0.11605753520131111 0.16288535648491234 0.04338506519794464 0.27943125421092624 0.84829722860530643 1.1311386668391346 0.45084321768096319 0.15863594754347327 0.24895030983750749
leaf_weight=59435 3561 10049 54 7351 134 41 163 66 59 86 832 205 589 41 65 114 711 183 47 70 299 60 160 44 63 119 41 89 111 723
leaf_count=59435 3561 10049 54 7351 134 41 163 66 59 86 832 205 589 41 65 114 711 183 47 70 299 60 160 44 63 119 41 89 111 723
internal_value=-2.08585e-06 -0.0144841 0.138498 0.0223518 0.191222 0.20923 0.218028 -0.0237624 0.102749 0.101294 0.0922911 0.189386 0.0550948 0.185027 0.375436 0.233549 0.155096 0.282889 0.305028 0.142621 0.217056 0.401786 0.312912 0.379591 0.533011 0.651382 0.508724 0.665398 0.325097 0.181274
internal_weight=85565 77465 8100 18030 3351 3092 3038 259 193 4749 4598 1037 7981 630 151 2875 1110 1765 399 222 1136 629 446 386 226 182 177 130 152 1022
internal_count=85565 77465 8100 18030 3351 3092 3038 259 193 4749 4598 1037 7981 630 151 2875 1110 1765 399 222 1136 629 446 386 226 182 177 130 152 1022
is_linear=0
shrinkage=0.03


Tree=79
num_leaves=31
num_cat=0
split_feature=38 45 6 10 26 79 173 75 164 5 174 68 153 178 20 49 15 14 138 160 137 94 96 6 37 14 127 182 84 132
split_gain=180601 44103.6 19460.7 18210.9 18223.2 17497.1 15417 18659 14797.6 12629.3 12747.8 12211.9 13576.6 11609.7 17824.7 13236.8 22166.4 11001.3 10869.2 15089.2 13293.3 12752.7 14019 16773.2 11815.8 14695.9 11785.2 14185.6 11134.7 11610.1
threshold=43.139610290527351 0.13921189308166507 0.51500000000000012 0.12556306306306309 44.500000000000007 0.30166326463222509 -0.035753090536453001 0.31589652597904211 5.6923508779439844 1.0000000180025095e-35 25.500000000000004 0.61152571439743053 0.10405231475420811 4.5573492217073222 1.5000000000000002 0.50118356943130504 -0.038486210098078615 0.080000000000000002 132.50000000000003 0.41499041464255226 122.16666666666667 0.37170844633625144 0.3819488677046457 0.69500000000000006 100.5357131958008 0.034999999999999983 0.74325521599097877 33.500000000000007 70.267857142857153 66.408333333333346
decision_type=10 10 8 8 2 8 10 10 10 2 10 10 8 10 2 10 10 8 10 8 8 10 8 8 10 10 10 8 10 10
left_child=1 -1 -2 -3 5 6 -5 17 -9 18 11 12 -11 14 15 -7 -17 -8 20 -20 21 22 -4 -24 -23 -26 27 -21 29 -29
right_child=2 3 9 4 -6 13 7 8 -10 10 -12 -13 -14 -15 -16 16 -18 -19 19 26 -22 24 23 -25 25 -27 -28 28 -30 -31
leaf_value=-0.021155397068872726 0.085485861810836408 -0.099810293013349247 0.25855748464324774 0.32725834541807053 -0.0061792522046283244 0.074732801312046029 0.12441609733153759 0.22201699013183274 0.84739956942200656 -0.50215895612065387 -0.42400725718853727 0.51477275222539898 0.17518812963837069 0.0052286499289438421 0.72969846820458772 0.052870180003562021 0.72575520445774122 -0.14588339006289455 -0.24243778791030249 0.79543375721201293 0.061786224398906547 0.15617054665493976 0.21628800497498624 0.99534415204646232 0.15885110806928923 0.78695164782626015 0.80520552570736681 0.21135364088984129 -0.17859979726374148 0.47378404991254547
leaf_weight=69340 2771 691 293 456 2597 2611 322 229 40 41 56 46 76 1913 40 103 77 234 45 48 728 1775 43 59 73 62 43 484 48 221
leaf_count=69340 2771 691 293 456 2597 2611 322 229 40 41 56 46 76 1913 40 103 77 234 45 48 728 1775 43 59 73 62 43 484 48 221
internal_value=-2.02348e-06 -0.0129225 0.147022 0.0483757 0.0602519 0.0888862 0.18727 0.109895 0.315011 0.1882 -0.0335118 0.100646 -0.0621728 0.0623201 0.100899 0.0918868 0.340715 0.010657 0.200581 0.292827 0.173542 0.208839 0.364008 0.666919 0.176749 0.447312 0.321366 0.295393 0.263517 0.293619
internal_weight=85565 78653 6912 9313 8622 6025 1281 825 269 4141 219 163 117 4744 2831 2791 180 556 3922 889 3033 2305 395 102 1910 135 844 801 753 705
internal_count=85565 78653 6912 9313 8622 6025 1281 825 269 4141 219 163 117 4744 2831 2791 180 556 3922 889 3033 2305 395 102 1910 135 844 801 753 705
is_linear=0
shrinkage=0.03


Tree=80
num_leaves=31
num_cat=1
split_feature=38 45 6 10 26 79 173 75 164 5 174 68 153 178 20 49 15 37 179 14 119 147 145 160 197 129 73 136 144 183
split_gain=169928 41497.1 18310.6 17134.6 17146.2 16463 14505.9 17556.2 13923.1 11882.9 11994.4 11490.2 12774.2 10923.5 16771.3 12454.5 20856.3 10508.4 10449.9 10395.5 10390.8 13872.3 12656 11364.2 10592.7 19669 14484.9 12067.5 13514.6 14490
threshold=43.139610290527351 0.13921189308166507 0.51500000000000012 0.12556306306306309 44.500000000000007 0.30166326463222509 -0.035753090536453001 0.31589652597904211 5.6923508779439844 1.0000000180025095e-35 25.500000000000004 0.61152571439743053 0.10405231475420811 4.5573492217073222 1.5000000000000002 0.50118356943130504 -0.038486210098078615 35.683334350585945 3.2879667114319586 0.060000000000000026 0.41697507993262906 6.3180313664463865 2.8333333333333335 0.45757600395927606 0 64.583333333333357 0.7320714294910432 20.881944444444446 0.56696428571428581 6.5000000000000009
decision_type=10 10 8 8 2 8 10 10 10 2 10 10 8 10 2 10 10 10 8 8 8 10 10 10 9 10 8 8 10 10
left_child=1 -1 -2 -3 5 6 -5 19 17 18 11 12 -11 14 15 -7 -17 -9 -4 -8 21 22 -20 -24 27 -26 -27 28 29 -22
right_child=2 3 9 4 -6 13 7 8 -10 10 -12 -13 -14 -15 -16 16 -18 -19 20 -21 24 -23 23 -25 25 26 -28 -29 -30 -31
leaf_value=-0.020520733729512033 0.082921285276290793 -0.096815984877184916 -0.17688596013766614 0.31744059718281376 -0.0059938748386742496 0.072490816685392145 0.13191340817641969 0.12186527499884722 0.82197756341099737 -0.48709418465451498 -0.41128704042306963 0.49932957300673358 0.16993247788987662 0.0050717898868550132 0.70780751091241834 0.051284076635119982 0.70398255331756232 0.6571024317741393 0.33888928088049092 -0.12807252644460934 0.99655349088164991 0.45535612789552604 -0.2053197771819873 0.26650744933506537 0.20395648278591288 0.81585036904850139 0.320925504553978 0.17896244375418713 0.065000585450066456 0.28460186816453931
leaf_weight=69340 2771 691 67 456 2597 2611 296 189 40 41 56 46 76 1913 40 103 77 40 72 260 53 67 221 58 328 109 104 2739 54 50
leaf_count=69340 2771 691 67 456 2597 2611 296 189 40 41 56 46 76 1913 40 103 77 40 72 260 53 67 221 58 328 109 104 2739 54 50
internal_value=-1.9617e-06 -0.0125348 0.142612 0.0469244 0.0584443 0.0862196 0.181652 0.106598 0.30556 0.182554 -0.0325064 0.0976268 -0.0603076 0.0604505 0.0978717 0.0891302 0.330494 0.215356 0.194563 0.0103373 0.201019 0.0597862 -0.0157214 -0.107234 0.218195 0.343379 0.574197 0.192958 0.449411 0.650946
internal_weight=85565 78653 6912 9313 8622 6025 1281 825 269 4141 219 163 117 4744 2831 2791 180 229 3922 556 3855 418 351 279 3437 541 213 2896 157 103
internal_count=85565 78653 6912 9313 8622 6025 1281 825 269 4141 219 163 117 4744 2831 2791 180 229 3922 556 3855 418 351 279 3437 541 213 2896 157 103
cat_boundaries=0 1
cat_threshold=28
is_linear=0
shrinkage=0.03


Tree=81
num_leaves=31
num_cat=1
split_feature=37 193 44 143 21 45 132 137 26 141 96 38 129 189 40 107 182 6 96 45 10 67 136 92 44 158 137 128 91 43
split_gain=160579 31340 20316.8 15928.9 15275.3 14905 17835.5 16150.6 18231.3 15049.7 14717 17630.2 14674.1 13848.7 16285.8 15205 14385 13809.5 15021.7 13595.8 13217 13121.3 19940.5 12254.5 13182.6 15106.7 14385.2 14078.7 14038.7 13578.8
threshold=32.585714340209968 0 3.9999837875366215 0.74013277976720004 0.075000000000000025 0.59317129850387584 66.408333333333346 146.83333333333334 42.500000000000007 0.83333333333333337 0.29112364729804246 55.565460205078132 68.166666666666671 170.30000000000004 3.0009258985519414 7.4306652754811484 48.500000000000007 0.52500000000000013 0.5310774428738525 0.52440476417541515 0.8313929876810614 0.90454545617103588 26.516666666666669 20.966666666666672 4.6228160858154306 0.44246772996705125 157.16666666666671 0.6773504273504275 24.973557897084689 4.0416698455810556
decision_type=10 1 8 10 2 10 10 10 2 10 10 8 10 2 10 10 8 8 10 10 10 10 10 10 10 8 10 8 10 10
left_child=1 2 -1 17 10 13 12 9 -9 -8 11 -4 23 14 -5 16 -16 18 -2 -6 21 -19 -23 -7 26 -26 -25 -27 -29 -28
right_child=3 -3 4 5 19 6 7 8 -10 -11 -12 -13 -14 -15 15 -17 -18 20 -20 -21 -22 22 -24 24 25 27 29 28 -30 -31
leaf_value=-0.0073345489337509227 -0.018307434430046413 -0.02579687543739418 0.061415072007282599 0.48065614535509565 0.14833868604306696 0.63324247959256164 0.70265737857436761 0.41891485698055475 1.22920893474323 0.17860140177884765 0.023196104951672375 0.31869599763662404 -0.14449160387955737 0.058531072908921254 0.30654980689347733 0.57131547774076463 0.076521648181098398 0.1155267283640134 0.41831164786815644 0.71639724504947655 -0.18264573551461857 0.51673068109961495 -0.054514548589911643 0.071435853056609627 0.85306299345833903 -0.20139808003107706 0.095765278488397595 -0.015997719075530766 0.60918320641373147 0.79549458132340356
leaf_weight=13835 1303 54183 796 154 729 60 64 64 41 215 7539 343 112 1430 323 75 1009 1846 75 40 118 181 79 610 49 45 48 48 99 52
leaf_count=13835 1303 54183 796 154 729 60 64 64 41 215 7539 343 112 1430 323 75 1009 1846 75 40 118 181 79 610 49 45 48 48 99 52
internal_value=-1.90353e-06 -0.0132913 0.0158164 0.127093 0.0497374 0.16474 0.241676 0.418171 0.735315 0.298815 0.0383815 0.138893 0.181325 0.125976 0.187761 0.155703 0.132302 0.0800807 0.0054563 0.177887 0.126318 0.14363 0.34316 0.21742 0.191185 0.382898 0.12611 0.262908 0.405042 0.459625
internal_weight=85565 77465 23282 8100 9447 4498 1507 384 105 279 8678 1139 1123 2991 1561 1407 1332 3602 1378 769 2224 2106 260 1011 951 241 710 192 147 100
internal_count=85565 77465 23282 8100 9447 4498 1507 384 105 279 8678 1139 1123 2991 1561 1407 1332 3602 1378 769 2224 2106 260 1011 951 241 710 192 147 100
cat_boundaries=0 1
cat_threshold=6
is_linear=0
shrinkage=0.03


Tree=82
num_leaves=31
num_cat=1
split_feature=49 193 44 140 173 41 93 47 42 171 160 138 79 84 8 21 177 15 169 68 43 74 40 91 132 160 147 169 65 149
split_gain=151309 28780.3 20411.2 17106.3 14237.3 15404.5 14596.9 13823.7 12864.9 12758.4 13382.1 12511.6 15626.4 12114.5 11144.4 11135.9 10877.6 14216.2 11186.8 10747.9 13919.6 15180.5 15668.1 16237.3 14944.5 12541.1 15834.4 15203.2 15654.9 13432.3
threshold=0.2727478444576264 0 3.9999837875366215 108.05000000000001 0.1510771805683655 5.7296102046966562 0.26667728275534319 0.38004492223262792 3.4444940090179448 13.065476328134539 0.40948752867238192 167.10000000000002 0.41418723762035375 70.408333333333346 0.61100000000000021 0.25500000000000006 37.500000000000007 0.070501161735062851 56.416666666666679 0.27801932394504553 4.0001451969146737 0.5047951638698579 2.7782406806945805 24.128507659857579 67.035714285714292 0.42158388587526147 4.5809322191816246 60.416666666666679 1.1000000238418581 0.83333333333333337
decision_type=10 1 8 10 10 10 10 8 10 8 8 10 10 10 10 2 10 10 10 10 10 8 10 10 10 8 8 10 10 10
left_child=1 2 -1 8 6 14 -5 15 -2 -8 -11 13 -13 16 -6 -4 18 -18 -12 -20 21 24 -23 -24 -21 -22 29 -28 -29 -27
right_child=3 -3 7 4 5 -7 9 -9 -10 10 11 12 -14 -15 -16 -17 17 -19 19 20 25 22 23 -25 -26 26 27 28 -30 -31
leaf_value=-0.0090748746408285553 -0.035167329413014689 -0.025016964706329494 0.030838764655062467 0.69173151135783295 0.47438784558326008 0.91886714530842639 0.087545279279746493 0.18219178662730537 0.10230608753433666 -0.048806693402360081 0.67091837181764491 0.81926563911817285 0.19740326729085708 -0.148211354027492 -0.052725997355024694 0.18203220522273089 -0.057321160597157778 0.54114877785955151 0.095960021972980189 0.41354390904995114 0.64519431868046517 0.82674742714563998 -0.085223781817099636 0.36834102535333768 1.129509648734873 0.14476722836494446 -0.089300097182393068 0.23287959526179711 0.81427755047445705 -0.52154472173384891
leaf_weight=13337 790 54218 8595 44 93 42 2064 646 2729 197 51 66 81 91 59 462 239 42 460 65 50 45 102 234 44 56 120 444 46 53
leaf_count=13337 790 54218 8595 44 93 42 2064 646 2729 197 51 66 81 91 59 462 239 42 460 65 50 45 102 234 44 56 120 444 46 53
internal_value=-1.93668e-06 -0.0130834 0.0150031 0.12166 0.158567 0.410308 0.147937 0.0481144 0.0714439 0.142678 0.188452 0.208871 0.476607 0.190497 0.269784 0.0385512 0.205525 0.0321299 0.233053 0.220062 0.265405 0.39037 0.301057 0.230652 0.702558 0.185779 0.153831 0.213343 0.28746 -0.179219
internal_weight=85565 77258 23040 8307 4788 194 4594 9703 3519 4550 2486 2289 147 2142 152 9057 2051 281 1770 1719 1259 490 381 336 109 769 719 610 490 109
internal_count=85565 77258 23040 8307 4788 194 4594 9703 3519 4550 2486 2289 147 2142 152 9057 2051 281 1770 1719 1259 490 381 336 109 769 719 610 490 109
cat_boundaries=0 1
cat_threshold=6
is_linear=0
shrinkage=0.03


Tree=83
num_leaves=31
num_cat=0
split_feature=38 37 11 124 145 126 78 82 177 92 91 189 130 140 74 94 73 43 26 171 93 69 80 73 45 15 44 35 28 136
split_gain=143257 35339.8 16262.9 15115.8 17343 14839.2 14633.6 13261.6 14371.6 22760.3 15738.6 15725.7 13787.7 14782.7 14637 14157 29398 14796.7 12479.9 12435.5 12093.9 11971 14861.2 12514.3 11822.5 11681 11720 11857.9 18307.4 14522.6
threshold=43.139610290527351 16.345238685607914 0.25724290135734545 5.3406844562959401 7.8333333333333348 0.76750000000000018 0.27542895078659063 63.900000000000006 28.500000000000004 28.563492063492067 29.553837461795425 384.30000000000001 68.325000000000017 105.57738095238096 0.53503334522247326 0.37014614392942574 0.57759615778923046 4.0095152854919442 96.500000000000014 12.362600743770601 0.4330296615609675 0.34887461364269262 0.19466587156057361 0.36033333837985998 0.4301948100328446 -0.17203254075446803 3.9566532373428349 54.100000381469734 11.416666507720949 23.148351648351653
decision_type=10 10 8 8 10 10 8 8 10 10 10 2 10 10 10 10 10 10 2 10 10 8 8 8 10 8 10 10 10 8
left_child=1 -1 -2 4 5 19 -5 8 12 -10 11 -11 15 -14 -15 16 -8 -18 -9 -4 -17 22 -3 -23 -20 -22 -27 28 -28 -29
right_child=2 21 3 6 -6 -7 7 18 9 10 -12 -13 13 14 -16 20 17 -19 24 -21 25 23 -24 -25 -26 26 27 29 -30 -31
leaf_value=-0.018244403241161677 -0.021968723624970647 0.15515763400562457 -0.0069289315056469698 0.64078398472384401 0.58360210304564619 0.54524065689342771 0.15578034441669783 0.12280748431736027 0.037209026121208674 0.96066063225269316 0.17890337392949221 0.19837173403763189 0.14838624503877429 1.1931639773089711 0.41754645801605056 0.084615144600860601 0.42742911926905314 1.1580035253294876 0.093738784227391764 -0.48839686085398382 0.67693157074780297 0.19193685291585577 -0.030691105070264332 0.057006364912919001 -0.52610844224129083 -0.18247170446174485 0.25479580371807781 -0.099972327589217952 0.88588561797514553 0.27982524342484011
leaf_weight=70720 574 462 675 57 47 41 135 2520 812 60 171 41 54 41 47 548 45 56 58 52 58 721 2393 4357 53 56 117 116 64 414
leaf_count=70720 574 462 675 57 47 41 135 2520 812 60 171 41 54 41 47 548 45 56 58 52 58 721 2393 4357 53 56 117 116 64 414
internal_value=-1.96706e-06 -0.0115093 0.130942 0.144791 0.0241847 -0.0100505 0.162588 0.157601 0.202617 0.11677 0.354284 0.651217 0.255763 0.539136 0.778914 0.230755 0.445393 0.8325 0.109095 -0.0413668 0.193861 0.0485317 -0.000616808 0.0761645 -0.202224 0.266427 0.235385 0.268296 0.477944 0.1967
internal_weight=85565 78653 6912 6338 815 768 5523 5466 2835 1084 272 101 1751 142 88 1609 236 101 2631 727 1373 7933 2855 5078 111 825 767 711 181 530
internal_count=85565 78653 6912 6338 815 768 5523 5466 2835 1084 272 101 1751 142 88 1609 236 101 2631 727 1373 7933 2855 5078 111 825 767 711 181 530
is_linear=0
shrinkage=0.03


Tree=84
num_leaves=31
num_cat=0
split_feature=38 45 17 26 6 20 80 90 82 130 5 174 137 182 68 153 13 179 92 92 169 131 188 160 14 10 171 66 155 88
split_gain=134790 33720 15565.8 19746.2 15464.1 14358.6 13396.8 14291.2 13529.4 13736.5 10953 11234.7 10861.3 10710.2 10643.9 11767.9 10595.8 9672.56 9660.62 11612.5 11965.4 9167.11 10800 13629.2 14214.5 18398.8 18000.5 12881.5 19851.3 18583.9
threshold=43.139610290527351 0.13921189308166507 1.0000000180025095e-35 44.500000000000007 0.51500000000000012 1.0000000180025095e-35 0.29302334785461431 32.500000000000007 69.700000000000003 59.900000000000006 1.0000000180025095e-35 25.500000000000004 117.83333333333336 53.500000000000007 0.61152571439743053 0.10405231475420811 1.5000000000000002 3.2879667114319586 21.035714285714288 19.055555555555561 62.083333333333343 60.596130949267597 6.5000000000000009 0.43146141364286411 0.020000000000000014 0.53208647906657525 16.48738789558411 0.56501489877700817 0.093549132924972703 11.541958041958043
decision_type=10 10 2 2 8 2 10 10 10 10 2 10 10 8 8 8 8 8 8 10 10 10 2 10 10 10 10 10 10 10
left_child=1 -1 -3 5 -2 12 7 8 9 -7 17 14 -4 -14 15 -12 -11 -6 19 20 -19 -20 23 24 26 -26 -23 -24 29 -29
right_child=4 2 3 -5 10 6 -8 -9 -10 16 11 -13 13 -15 -16 -17 -18 18 21 -21 -22 22 27 -25 25 -27 -28 28 -30 -31
leaf_value=-0.018362831564643575 0.07215916880449795 -0.057885167865616344 0.030724387412800792 -0.01149990584146655 -0.18211559921947879 0.60304523533329046 -0.00064548583479948562 -0.22940710469086964 0.79705903331637373 0.25674091890443174 -0.47844775322006972 -0.40934211274342874 0.24301100282806656 0.083085735058605475 0.4698179734336293 0.15216917988942247 -0.22882726814435875 0.44964750265037373 0.088391948128982004 0.55039314322670296 -0.16778876227767842 0.04834619156416442 0.11738630451147052 -0.014871410405949541 0.98474193275791311 0.31347103173668317 0.77154431211096897 0.26426854691155732 0.89269218539082718 -0.39110955242340156
leaf_weight=69340 2771 1211 2732 2559 67 94 202 45 50 335 41 56 499 1540 46 76 46 56 939 135 57 118 1426 76 73 74 42 775 43 41
leaf_count=69340 2771 1211 2732 2559 67 94 202 45 50 335 41 56 499 1540 46 76 46 56 939 135 57 118 1426 76 73 74 42 775 43 41
internal_value=-1.90822e-06 -0.011164 0.0424347 0.0574294 0.127014 0.0892515 0.209285 0.283681 0.32766 0.278249 0.163721 -0.0427536 0.0698289 0.122224 0.083191 -0.0688162 0.198116 0.17525 0.181461 0.362578 0.138197 0.169009 0.197381 0.344811 0.433853 0.646823 0.238186 0.17267 0.264445 0.231339
internal_weight=85565 78653 9313 8102 6912 5543 772 570 525 475 4141 219 4771 2039 163 117 381 3922 3855 248 113 3607 2668 383 307 147 160 2285 859 816
internal_count=85565 78653 9313 8102 6912 5543 772 570 525 475 4141 219 4771 2039 163 117 381 3922 3855 248 113 3607 2668 383 307 147 160 2285 859 816
is_linear=0
shrinkage=0.03


Tree=85
num_leaves=31
num_cat=1
split_feature=37 193 44 143 21 14 31 132 82 32 84 29 43 171 45 132 137 26 141 129 189 40 107 182 94 38 83 157 148 62
split_gain=127442 25784.7 17097.2 14569.5 13618.9 13324.8 16209.6 13176.1 13074 17486 28032.2 16547.1 13125 12958.7 12859 16183.1 14839.7 17227.2 13991.9 13806.4 12988.1 15361.5 14176.9 13303.1 12561.4 12259 12103.7 11878.3 16464.6 17779
threshold=32.585714340209968 0 3.9999837875366215 0.74013277976720004 0.075000000000000025 0.27500000000000008 14.516666889190676 72.812500000000014 62.100000000000009 13.757820129394533 61.607692307692311 17.10000038146973 3.952811717987061 6.7434445470571527 0.59317129850387584 66.408333333333346 146.83333333333334 42.500000000000007 0.83333333333333337 69.166666666666671 170.30000000000004 3.0009258985519414 7.4306652754811484 48.500000000000007 0.57746387195843729 55.565460205078132 58.498146938267205 0.40232832820366277 4.9687500000000009 0.58032256364822399
decision_type=10 1 8 10 2 10 10 8 10 10 10 8 10 10 10 10 10 2 10 10 2 10 10 8 10 8 10 8 8 8
left_child=1 2 -1 5 7 6 24 -4 9 12 11 -11 -8 -6 20 19 18 -18 -17 27 21 -5 23 -23 -2 -9 -13 -16 -29 -30
right_child=3 -3 4 14 13 -7 8 25 -10 10 -12 26 -14 -15 15 16 17 -19 -20 -21 -22 22 -24 -25 -26 -27 -28 28 29 -31
leaf_value=-0.0066763454972262526 -0.00587199518649607 -0.023184133081547108 0.020594798268106167 0.45751805855856309 0.12212693397444672 0.28568045996695379 0.40237918657064436 0.067316783580132405 0.071207613308508763 0.50317221126836886 0.81791420609367138 0.30948244689901672 -0.27373163958118385 0.5070868589971842 0.58334722286004281 0.66379107050132002 0.385245451539522 1.172908931705283 0.15848737928617831 -0.24170177301890411 0.047906450626784704 0.28689313137033035 0.54323819677829732 0.065683637387345381 0.51802987249834187 0.28451036878405733 -0.34374440224367686 -0.13423922653349352 0.68764995707706966 0.17483321934728016
leaf_weight=13835 2133 54183 7540 154 680 237 40 809 790 85 98 45 73 89 65 64 64 41 215 71 1430 323 75 1009 42 329 59 142 66 779
leaf_count=13835 2133 54183 7540 154 680 237 40 809 790 85 98 45 73 89 65 64 64 41 215 71 1430 323 75 1009 42 329 59 142 66 779
internal_value=-1.85028e-06 -0.011841 0.0145611 0.113222 0.0456785 0.0682611 0.052948 0.034956 0.141965 0.281709 0.406171 0.192674 -0.0344004 0.16668 0.149227 0.220688 0.388808 0.692809 0.274399 0.163201 0.113222 0.173057 0.141922 0.119325 0.00424473 0.130108 -0.0610982 0.190528 0.164659 0.214888
internal_weight=85565 77465 23282 8100 9447 3602 3365 8678 1190 400 287 189 113 769 4498 1507 384 105 279 1123 2991 1561 1407 1332 2175 1138 104 1052 987 845
internal_count=85565 77465 23282 8100 9447 3602 3365 8678 1190 400 287 189 113 769 4498 1507 384 105 279 1123 2991 1561 1407 1332 2175 1138 104 1052 987 845
cat_boundaries=0 1
cat_threshold=6
is_linear=0
shrinkage=0.03


Tree=86
num_leaves=31
num_cat=2
split_feature=49 45 140 182 177 34 132 136 17 180 42 18 68 7 33 93 6 193 175 39 169 131 88 143 14 82 140 6 118 197
split_gain=119948 23833.4 15529.2 13302.1 14229.1 15021.1 20463.1 19064.5 16884.3 12320.1 11671.6 11668.4 17078.9 14609.1 17856.8 11197.8 10805.6 14180.8 17030.7 10107.3 11117.5 13681.6 10904.1 11148.5 10025.6 12096.8 12309.3 10851.9 10112.5 10104.7
threshold=0.2727478444576264 0.030776515603065494 108.05000000000001 32.500000000000007 23.500000000000004 101.83333206176759 63.968750000000007 24.516666666666669 11.500000000000002 1.0000000180025095e-35 3.4444940090179448 1.0000000180025095e-35 0.11081871390342714 0.37833333333333347 18.500000000000004 0.42002442682347357 0.025000000000000005 0 169.50000000000003 7.9791667461395273 57.791666666666679 60.596130949267597 11.620192307692308 1.203063107211837 0.27500000000000008 62.291666666666679 100.85000000000001 0.67500000000000016 0.42642995794893479 1
decision_type=10 8 10 8 10 10 10 10 2 2 10 2 10 10 10 10 8 1 8 10 10 10 10 10 8 10 10 10 8 9
left_child=1 -1 10 9 5 7 -7 8 -5 15 -2 16 -13 14 -14 -4 -3 18 -18 20 -9 -22 -23 -24 28 26 27 -26 -12 -30
right_child=2 11 3 4 -6 6 -8 19 -10 -11 24 12 13 -15 -16 -17 17 -19 -20 -21 21 22 23 -25 25 -27 -28 -29 29 -31
leaf_value=-0.021701235759591927 -0.041071118291691411 -0.068684538784024529 0.32504432217398688 0.83871110542732119 0.089123822901972641 0.18956578192678655 0.96181126254909433 0.4257361127901822 0.23942301111936104 0.12492425811534026 -0.09942321754281043 0.0086679544652146952 0.21385290995511141 0.13794941335022451 0.98184748431046798 0.91498274059856632 0.022814019735040315 -0.0061358708247504605 0.12216955414376549 0.51160041547956914 -0.064260862794729451 0.19886652682378939 -0.25074744178730751 0.24980095627717672 0.10941233816408666 0.08102226710147109 0.83406358035405481 0.68858761470392349 0.3245289723019974 0.068760890977405315
leaf_weight=56643 790 1389 67 68 2729 74 53 102 112 98 294 350 55 150 54 51 6531 10049 2037 63 339 861 107 64 107 242 45 40 143 1858
leaf_count=56643 790 1389 67 68 2729 74 53 102 112 98 294 350 55 150 54 51 6531 10049 2037 63 339 861 107 64 107 242 45 40 143 1858
internal_value=-1.87542e-06 -0.011649 0.108321 0.143485 0.132617 0.197018 0.511841 0.173718 0.465821 0.37354 0.0604753 0.015971 0.145333 0.330016 0.594327 0.580018 0.0120331 0.0180554 0.0463812 0.139488 0.123572 0.101092 0.155408 -0.0634077 0.0898713 0.222099 0.399914 0.267011 0.0648662 0.0890046
internal_weight=85565 77258 8307 4788 4572 1843 127 1716 180 216 3519 20615 609 259 109 118 20006 18617 8568 1536 1473 1371 1032 171 2729 434 192 147 2295 2001
internal_count=85565 77258 8307 4788 4572 1843 127 1716 180 216 3519 20615 609 259 109 118 20006 18617 8568 1536 1473 1371 1032 171 2729 434 192 147 2295 2001
cat_boundaries=0 1 2
cat_threshold=4 33
is_linear=0
shrinkage=0.03


Tree=87
num_leaves=31
num_cat=1
split_feature=38 37 45 138 14 11 124 145 78 126 151 125 168 173 169 170 40 171 39 35 33 178 35 197 143 151 100 140 6 127
split_gain=113906 28449.9 15896.7 14568.4 15741.8 14265.6 13763.7 15893.3 13944.1 13683.8 12535.7 15196.4 13783.5 12456.9 14427.3 11994.3 13331.6 11761.4 10746.4 11052.7 10643.5 26512.8 10678.9 10532.5 13247.1 13094.7 11411.6 13204.7 11376.8 10326.1
threshold=43.139610290527351 1.4833333492279055 0.3647450208663941 105.30000000000003 0.18500000000000008 0.25724290135734545 5.3406844562959401 7.8333333333333348 0.27542895078659063 0.76750000000000018 0.99083159875400806 0.7511904761904763 0.70050366300366307 0.046957582495397644 62.791666666666679 23.416666666666671 2.9999465942382817 12.362600743770601 2.7559523582458501 43.633333206176765 91.500000000000014 4.5573492217073222 55.633333206176765 0 1.282054105075215 1.1678847273074566 2.4313762626262627 98.535714285714292 0.59500000000000008 0.74475516338653058
decision_type=10 10 8 10 10 8 8 10 8 10 8 10 8 10 10 10 10 10 10 10 10 10 10 9 10 8 10 10 10 10
left_child=1 -1 -3 4 -4 -2 7 9 -8 17 11 12 13 -10 -15 16 -5 -7 -6 -20 -17 22 -22 24 26 -25 27 -12 -26 -27
right_child=5 2 3 15 18 6 8 -9 10 -11 23 -13 -14 14 -16 20 -18 -19 19 -21 21 -23 -24 25 28 29 -28 -29 -30 -31
leaf_value=-0.021552955141984329 -0.026452080478391995 0.010488662639150933 -0.089696823418666805 0.85960300442784332 0.65415216824412337 -0.014708055506936378 0.61350913712852873 0.55017204294813438 0.087884336889088144 0.51510913082739207 0.044526593701762922 -0.14044253899383224 0.80047217876696186 0.21797800826258026 0.89072352133691313 0.091524829419755441 0.23416822448868965 -0.48294313241656012 0.24390088517808439 -0.29704133749008177 0.37835146075487136 -0.093480609669571821 1.0673296802218368 -0.23855285378846713 0.28413057612521309 0.11205307479925122 -0.25554342508316041 0.33966043054678685 0.93730096578598021 0.41467456344228526
leaf_weight=56518 574 20104 552 43 40 675 57 47 125 41 222 56 61 64 52 961 107 52 139 45 40 63 41 94 56 4188 48 354 42 104
leaf_count=56518 574 20104 552 43 40 675 57 47 125 41 222 56 61 64 52 961 107 52 139 45 40 63 41 94 56 4188 48 354 42 104
internal_value=-4.62121e-07 -0.0102615 0.0185693 0.0985566 -0.00362268 0.116762 0.129732 0.0146461 0.146715 -0.018127 0.141847 0.313457 0.397624 0.295659 0.519554 0.161737 0.41346 -0.0481994 0.208489 0.111605 0.127566 0.368092 0.727094 0.129819 0.236525 0.111461 0.188876 0.225911 0.564061 0.119386
internal_weight=85565 78653 22135 2031 776 6912 6338 815 5523 768 5466 358 302 241 116 1255 150 727 224 184 1105 144 81 5108 722 4386 624 576 98 4292
internal_count=85565 78653 22135 2031 776 6912 6338 815 5523 768 5466 358 302 241 116 1255 150 727 224 184 1105 144 81 5108 722 4386 624 576 98 4292
cat_boundaries=0 1
cat_threshold=99
is_linear=0
shrinkage=0.03


Tree=88
num_leaves=31
num_cat=0
split_feature=38 45 79 75 173 10 11 124 145 78 126 29 44 17 189 177 92 35 43 69 171 69 131 170 30 50 153 79 161 50
split_gain=107174 27161.6 15897.2 16708.6 18820.3 13705.5 13422.5 12950.3 14954 13120 12875.1 12611.8 12241.3 14618.7 14828.3 12039.7 18255.7 18043.6 14254.5 11164.3 11066.3 10806.8 10961.9 12640.8 13620.2 11684.2 10737.2 23593.4 12539.7 10806.5
threshold=43.139610290527351 0.16247642785310748 0.30166326463222509 0.31017240881919866 -0.13303824098631062 0.20087719298245618 0.25724290135734545 5.3406844562959401 7.8333333333333348 0.27542895078659063 0.76750000000000018 10.633333683013918 4.5249664783477792 4.5000000000000009 113.95 50.500000000000007 22.45804195804196 80.299999237060561 4.8335318565368661 0.2650000005960465 12.362600743770601 0.9462856948375703 60.596130949267597 23.083333333333339 9.449684143066408 0.67852005362510692 0.0080034380066235904 0.4632928222417832 6.0128825286755232 0.57272747159004223
decision_type=10 10 8 10 10 8 8 8 10 8 10 10 10 2 2 8 8 10 8 8 10 10 10 10 10 10 8 8 8 10
left_child=1 -1 3 4 -3 -4 -2 8 10 -9 20 -5 15 -14 19 21 -17 -18 -19 -15 -8 22 25 24 -24 -11 27 -16 -28 -30
right_child=6 2 5 11 -6 -7 7 9 -10 12 -12 -13 13 14 26 16 17 18 -20 -21 -22 -23 23 -25 -26 -27 28 -29 29 -31
leaf_value=-0.015968131986943211 -0.025658518422252207 0.46044854522880879 -0.11773246931567749 0.21855953534290193 0.014886228497587629 0.034804052140563264 -0.014266810455462998 0.59510385588595738 0.53366687901476595 -0.076201200869579766 0.49965585717340794 0.74290331554412836 -0.018534447335682453 0.75886335862443799 0.90699716244425088 0.82455630666830315 0.072965176978113735 0.91283476535310137 0.21514258575439454 0.28441769833689101 -0.46845483806270816 0.44828394315923964 0.72983068850305344 0.078054374199792581 0.18480800271545139 0.4155068422885651 -0.24544240957314375 0.10344902996756136 0.045896768855043207 0.3087600141868625
leaf_weight=70453 574 94 581 500 924 6056 675 57 47 583 41 45 252 47 49 44 328 47 60 888 52 70 54 2005 175 47 89 100 415 213
leaf_count=70453 574 94 581 500 924 6056 675 57 47 583 41 45 252 47 49 44 328 47 60 888 52 70 54 2005 175 47 89 100 415 213
internal_value=-4.48695e-07 -0.00995365 0.0417217 0.127797 0.0560285 0.0214511 0.113259 0.12584 0.0142067 0.142313 -0.0175831 0.261854 0.137591 0.195477 0.225423 0.102772 0.242223 0.18332 0.521606 0.308267 -0.0467534 0.080005 0.0710038 0.102172 0.313329 -0.0395182 0.135977 0.367703 0.0878224 0.135053
internal_weight=85565 78653 8200 1563 1018 6637 6912 6338 815 5523 768 545 5466 2053 1801 3413 479 435 107 935 727 2934 2864 2234 229 630 866 149 717 628
internal_count=85565 78653 8200 1563 1018 6637 6912 6338 815 5523 768 545 5466 2053 1801 3413 479 435 107 935 727 2934 2864 2234 229 630 866 149 717 628
is_linear=0
shrinkage=0.03


Tree=89
num_leaves=31
num_cat=1
split_feature=37 45 5 129 31 26 144 188 134 138 26 175 130 107 56 84 193 74 12 182 94 84 35 93 8 175 183 103 39 96
split_gain=101471 25972.4 14634.9 16672 15297.5 11982.1 11833.8 11530.6 13583.5 14581.7 12712.7 13351.2 12386 12197.6 14357.2 11736.2 10666.1 15832.7 12503.1 10430.7 13889.6 10188.2 17093.4 17679.4 17750.3 16250.2 14621 13789 10182.6 13772.6
threshold=16.345238685607914 0.46247655153274542 1.0000000180025095e-35 58.833333333333336 11.516666889190676 3.5000000000000004 0.69615384615384623 10.500000000000002 22.500000000000004 133.10000000000002 96.500000000000014 145.50000000000003 54.900000000000006 7.452926136335388 2.0776772499084477 64.483333333333348 0 0.50834849476814281 0.15524344387288633 41.500000000000007 0.45613798002546341 62.516666666666673 34.674999237060554 0.35319772381618225 0.4863333333333334 65.500000000000014 7.5000000000000009 4.0781408693788874 3.1628788709640507 0.5310774428738525
decision_type=10 8 2 10 10 2 10 2 10 10 2 8 10 10 10 10 1 8 10 8 10 10 10 10 10 10 10 10 10 10
left_child=16 5 7 -4 -5 -2 -7 10 -9 -10 12 -12 -3 14 28 -16 17 18 -1 20 -8 22 -21 -24 25 27 -27 -25 -14 -30
right_child=1 2 3 4 -6 6 19 8 9 -11 11 -13 13 -15 15 -17 -18 -19 -20 21 -22 -23 23 24 -26 26 -28 -29 29 -31
leaf_value=0.039485343545880951 -0.049632570017524032 0.61527944687279779 -0.55031930699131704 -0.42704981961250305 0.17029544271308289 0.0101251404199798 0.092503254722435896 0.43420342415571211 -0.21692530066069018 0.27541337511908837 -0.2274157906845212 0.25854709207237542 0.08853931245250854 0.54354736602588272 0.099431611759979735 -0.2135563323597767 -0.019494675143550123 0.12159847538108862 -0.027321485407057745 0.048166693271171804 0.36183641455774562 0.03236161691453697 0.841924109500508 0.89642509800195691 0.05063220984964948 -0.052944235533810731 0.6261444453895092 0.22745777750218454 0.22002185316862174 -0.19539317421816488
leaf_weight=4347 1085 55 55 50 169 3055 486 50 228 71 150 77 865 74 371 152 60141 1077 6003 903 267 2729 43 75 291 89 42 44 2447 74
leaf_count=4347 1085 55 55 50 169 3055 486 50 228 71 150 77 865 74 371 152 60141 1077 6003 903 267 2729 43 75 291 89 42 44 2447 74
internal_value=-4.34903e-07 0.0738725 0.129659 -0.0833581 0.0339152 0.0439368 0.0565892 0.142309 -0.0234798 -0.100015 0.155875 -0.0625738 0.168156 0.161981 0.154758 0.00846762 -0.0144482 0.012118 0.000737383 0.0851558 0.188004 0.0667866 0.129965 0.256443 0.209908 0.395304 0.164779 0.649076 0.177354 0.207828
internal_weight=85565 13997 4888 274 219 9109 8024 4614 349 299 4265 227 4038 3983 3909 523 71568 11427 10350 4969 753 4216 1487 584 541 250 131 119 3386 2521
internal_count=85565 13997 4888 274 219 9109 8024 4614 349 299 4265 227 4038 3983 3909 523 71568 11427 10350 4969 753 4216 1487 584 541 250 131 119 3386 2521
cat_boundaries=0 1
cat_threshold=4
is_linear=0
shrinkage=0.03


Tree=90
num_leaves=31
num_cat=0
split_feature=38 37 45 74 6 20 78 17 173 66 135 107 113 151 48 95 93 179 5 8 8 182 14 92 92 169 12 22 45 141
split_gain=95499.8 24746 13888.1 17152.7 12485.7 12280.4 15213.8 16832.4 15921.7 11903.3 11193.7 11842.4 12605.5 13599.4 10120.8 15046.5 13371 9864.02 9400.24 10525.5 14106.4 9329.71 9068.49 9039.51 10801.2 11309.9 8882.11 9691.12 15591.2 9928.05
threshold=43.139610290527351 1.105555593967438 0.16247642785310748 0.33160191774368292 0.51500000000000012 1.0000000180025095e-35 0.27773582935333258 5.5000000000000009 -0.027320010845799849 0.80312624573707592 25.305103125588989 4.4095475334669256 0.052338479376198593 2.0678699777989586 0.54587534070014965 0.45068969556947369 0.39810172721404519 3.2879667114319586 1.0000000180025095e-35 0.74450000000000016 0.65225000000000022 34.500000000000007 0.10000000000000003 21.035714285714288 19.055555555555561 62.083333333333343 0.41076678254025761 42.500000000000007 0.44058823585510259 1.5833333333333337
decision_type=10 10 8 10 8 2 10 2 10 10 8 8 10 10 8 10 10 8 2 10 10 8 8 8 10 10 8 2 10 10
left_child=1 -1 -3 5 -2 9 7 -7 -9 10 -4 12 13 -12 26 16 -16 -6 23 20 -20 -13 -10 24 25 -19 27 28 29 -5
right_child=4 2 3 14 17 6 -8 8 22 -11 11 21 -14 -15 15 -17 -18 18 19 -21 -22 -23 -24 -25 -26 -27 -28 -29 -30 -31
leaf_value=-0.020302812426078124 0.057622353660728536 0.0010913492733376209 -0.019008825698979839 0.042974705741519022 -0.21844710441196666 0.13241622097832573 -0.0057249995492259908 0.8652306486006025 0.65755888274737762 0.46938799664926001 0.068956855088972396 0.40022173172467718 0.75655295149139734 0.68015150542770109 0.1116524993337509 -0.33061477421969171 0.61376545547149497 0.41831214235696407 -0.13500783906764344 -0.4855137141644954 0.43232839257535288 0.059676799014143425 0.099957228343401636 0.14467037531351984 0.51304910982482965 -0.18197285008273628 -0.021908101147926937 -0.027721398736421099 0.56942039258204979 0.5289399856051733
leaf_weight=55385 2771 16094 870 315 68 176 161 79 42 68 149 77 46 42 123 40 78 56 119 40 59 1213 70 3607 135 57 3159 345 78 43
leaf_count=55385 2771 16094 870 315 68 176 161 79 42 68 149 77 46 42 123 40 78 56 119 40 59 1213 70 3607 135 57 3159 345 78 43
internal_value=-4.90626e-07 -0.00939596 0.0165657 0.0512805 0.106912 0.106107 0.237408 0.344068 0.539098 0.077983 0.0668793 0.115814 0.310727 0.203356 0.0120323 0.200757 0.306502 0.139895 0.145878 -0.0457757 0.0530418 0.0800039 0.309058 0.156716 0.331914 0.115514 0.000488494 0.0910786 0.185083 0.101345
internal_weight=85565 78653 23268 7174 6912 2993 528 367 191 2465 2397 1527 237 191 4181 241 201 4141 4073 218 178 1290 112 3855 248 113 3940 781 436 358
internal_count=85565 78653 23268 7174 6912 2993 528 367 191 2465 2397 1527 237 191 4181 241 201 4141 4073 218 178 1290 112 3855 248 113 3940 781 436 358
is_linear=0
shrinkage=0.03


Tree=91
num_leaves=31
num_cat=0
split_feature=37 45 5 129 31 26 144 188 134 139 26 175 130 107 56 103 100 35 80 68 182 179 22 130 133 39 84 6 142 131
split_gain=90192.6 22869.1 13321 15549.4 14384.3 11095.8 11060.4 10805.2 12775.1 13930.2 11874.1 12528.7 11648.4 11512.2 13541.1 11361.9 10461.6 10256.1 10055.9 9780.05 9750.77 10386 9801.45 9605.61 13837.6 11742.3 12966 12791.4 13747 12178.3
threshold=16.345238685607914 0.46247655153274542 1.0000000180025095e-35 58.833333333333336 11.516666889190676 3.5000000000000004 0.69615384615384623 10.500000000000002 22.500000000000004 123.85468264446779 96.500000000000014 145.50000000000003 54.900000000000006 7.452926136335388 2.0776772499084477 3.3090980951362829 1.5582756132756137 84.299999237060561 0.19466587156057361 0.38014084100723272 73.500000000000014 4.4178150524655839 45.500000000000007 71.325000000000017 29.166666666666668 3.1628788709640507 72.045454545454561 0.6150000000000001 0.90000000000000013 67.964624795936672
decision_type=10 8 2 10 10 2 10 2 10 10 2 8 10 10 10 10 10 10 8 10 8 8 2 10 10 10 10 8 10 10
left_child=19 5 7 -4 -5 -2 -7 10 -9 -10 12 -12 -3 14 23 -16 -17 18 -8 -1 22 -22 -20 25 -25 29 27 28 -27 -14
right_child=1 2 3 4 -6 6 17 8 9 -11 11 -13 13 -15 15 16 -18 -19 20 -21 21 -23 -24 24 -26 26 -28 -29 -30 -31
leaf_value=-0.014732620670693242 -0.04848624442434174 0.59266901912472469 -0.53220219425992532 -0.41497452936172485 0.16426719177448185 0.0088111360444147729 0.24055813425069761 0.41742927918434142 -0.24254674070026028 0.19484771868233214 -0.22360943949744105 0.2471461262021746 0.098818947939544294 0.52376714082183062 0.29888658678508362 -0.46550870620152529 -0.0076248701645972887 0.47119942837953566 0.14116040594439178 0.097088806129017463 -0.11861414682182921 0.050459327304025504 0.01534845298498403 0.86772374970572341 0.21273627411653387 0.0090913654185193343 -0.21457143503686654 0.25530104923391855 0.25321447346975112 -0.28046766410855684
leaf_weight=70857 1085 55 55 50 169 3055 315 50 202 97 150 77 735 74 96 51 376 60 1837 711 415 1542 800 42 94 502 69 1505 354 85
leaf_count=70857 1085 55 55 50 169 3055 315 50 202 97 150 77 735 74 96 51 376 60 1837 711 415 1542 800 42 94 502 69 1505 354 85
internal_value=-4.75662e-07 0.0696462 0.121994 -0.0812361 0.0320202 0.0415558 0.0537313 0.134063 -0.0264262 -0.10065 0.147195 -0.0639258 0.159064 0.153076 0.146059 0.00398703 -0.0623136 0.0813487 0.0765838 -0.0136217 0.0653404 0.0146057 0.102992 0.168003 0.415012 0.157667 0.190792 0.202639 0.110049 0.0595027
internal_weight=85565 13997 4888 274 219 9109 8024 4614 349 299 4265 227 4038 3983 3909 523 427 4969 4909 71568 4594 1957 2637 3386 136 3250 2430 2361 856 820
internal_count=85565 13997 4888 274 219 9109 8024 4614 349 299 4265 227 4038 3983 3909 523 427 4969 4909 71568 4594 1957 2637 3386 136 3250 2430 2361 856 820
is_linear=0
shrinkage=0.03


Tree=92
num_leaves=31
num_cat=1
split_feature=38 37 45 73 20 182 14 138 119 26 44 197 138 45 173 189 169 50 179 35 112 43 6 116 26 36 8 74 190 140
split_gain=85344.1 22385.9 12413.6 16176.6 14933.7 13991 13508.8 12874.1 12010.6 12488.6 13600.2 14737.2 16699.4 13267.6 17008.9 14862.6 12747.1 15573.1 12156.9 11980.3 14810.8 15846.1 11970.9 11260.5 11090.1 11266.3 10984.9 15334.8 10815.9 13075.9
threshold=43.139610290527351 1.105555593967438 0.16247642785310748 0.3251923024654389 1.0000000180025095e-35 26.500000000000004 -0.1349999999999999 124.90000000000002 0.41772379556673939 2.5000000000000004 4.5249664783477792 0 132.50000000000003 0.81165540218353283 0.035901866950254054 170.30000000000004 62.916666666666679 0.47434881329536444 6.5113235502917854 80.299999237060561 1.4409722222222225 4.8335318565368661 0.21500000000000002 -0.1031862315580369 46.500000000000007 77.270702362060561 0.41100000000000003 0.5973431169986726 1808.0500000000002 84.190909090909102
decision_type=10 10 8 10 2 8 10 8 8 2 10 9 10 10 10 2 10 10 8 10 10 8 8 8 2 10 8 10 2 8
left_child=1 -1 -3 4 5 -4 -5 22 -2 -10 18 12 16 15 -15 28 -12 -18 -11 26 21 -21 -7 -24 25 -8 -20 -28 29 -13
right_child=8 2 3 6 -6 7 24 -9 9 10 11 13 -14 14 -16 -17 17 -19 19 20 -22 -23 23 -25 -26 -27 27 -29 -30 -31
leaf_value=-0.019256049876080338 -0.0094933771258410137 0.0011804995540932478 0.57663315493233347 -0.077205762189332935 0.26610545943852537 -0.12981356136232691 0.076376410164165937 0.17180520609658848 -0.20453308966631689 0.06527040620828789 0.054778320801466003 0.60283840971774072 0.80657886368036258 0.18714739003181458 0.94706307422824021 0.031888767320870981 0.22522351462762435 0.86831965272625278 0.52515266221458623 1.0340058088981545 -0.018315851591527463 0.24356860561030252 0.53044005300601327 0.044579686836994648 -0.022935479296756912 0.57843362313945113 -0.058691251661366545 0.30757558595995566 -0.044297818325757979 0.20997525012715321
leaf_weight=55385 784 16094 49 1087 451 389 2134 666 108 3312 129 87 65 75 41 805 91 54 59 50 40 42 45 934 1378 41 256 172 125 617
leaf_count=55385 784 16094 49 1087 451 389 2134 666 108 3312 129 87 65 75 41 805 91 54 59 50 40 42 45 934 1378 41 256 172 125 617
internal_value=-4.61738e-07 -0.00888232 0.0158103 0.0486306 0.10959 0.0757019 0.0153395 0.0636342 0.101068 0.115213 0.120949 0.182805 0.363549 0.144887 0.455738 0.123706 0.271719 0.464721 0.0880781 0.210112 0.463618 0.673154 0.010972 0.0669124 0.0436527 0.0858405 0.141401 0.0885001 0.212864 0.258525
internal_weight=85565 78653 23268 7174 2534 2083 4640 2034 6912 6128 6020 2089 339 1750 116 1634 274 145 3931 619 132 92 1368 979 3553 2175 487 428 829 704
internal_count=85565 78653 23268 7174 2534 2083 4640 2034 6912 6128 6020 2089 339 1750 116 1634 274 145 3931 619 132 92 1368 979 3553 2175 487 428 829 704
cat_boundaries=0 1
cat_threshold=97
is_linear=0
shrinkage=0.03


Tree=93
num_leaves=31
num_cat=0
split_feature=38 37 45 73 20 182 14 138 11 124 145 78 126 151 125 168 87 6 144 75 128 46 132 116 132 179 179 93 169 171
split_gain=80300.2 21062.9 11680 15220.5 14051.1 13164.1 12710.5 12113.3 11625.2 11548.1 13928.5 12539.8 11948.4 11374.3 14070.7 13028.6 11318.7 11263.4 10959.3 11830.6 13522.4 11515.9 11512.9 10595 10578.5 11553.1 10334 10279.9 10459.5 10186.8
threshold=43.139610290527351 1.105555593967438 0.16247642785310748 0.3251923024654389 1.0000000180025095e-35 26.500000000000004 -0.1349999999999999 124.90000000000002 0.25724290135734545 5.3406844562959401 7.8333333333333348 0.27542895078659063 0.76750000000000018 0.99083159875400806 0.7511904761904763 0.70050366300366307 10.151364842627748 0.21500000000000002 0.82575757575757591 0.48619088530540472 0.66624149659863952 0.58023792505264293 57.483333333333341 -0.1031862315580369 58.174242424242429 5.7188451991322644 5.2774747787245486 0.41238458859764549 62.916666666666679 12.362600743770601
decision_type=10 10 8 10 2 8 10 8 8 8 10 8 10 8 10 8 10 8 10 10 10 10 10 8 10 8 8 10 10 10
left_child=1 -1 -3 4 5 -4 24 17 -2 10 12 -11 29 14 15 16 -13 -7 -8 20 22 -21 -20 -19 25 -5 -6 -18 -29 -10
right_child=8 2 3 6 26 7 18 -9 9 11 -12 13 -14 -15 -16 -17 27 23 19 21 -22 -23 -24 -25 -26 -27 -28 28 -30 -31
leaf_value=-0.018678368317071585 -0.031246777978767917 0.0011450844354276471 0.55933415602512504 0.0054356285679069433 0.34803012324428112 -0.12591915454954905 -0.0092446395061382483 0.1666510526232132 -0.023284496523108749 0.56796571210811009 0.50566164527801749 0.69508142447471621 0.47192427334262099 0.10922716404527598 -0.1526123389109437 0.7568020967406327 -0.15191068719471654 0.51452684930960335 0.63630684171404162 -0.0024237782572832916 0.70817907367433819 0.38443016469478608 0.12441599488666159 0.043242297038551598 -0.12749731854637114 0.55395034444404812 0.028751147837876745 0.08373788729310036 0.61868223414338874 -0.4590518231804554
leaf_weight=55385 574 16094 49 220 324 389 1814 666 675 57 47 45 41 5108 56 61 62 45 42 904 42 75 676 934 826 41 127 76 58 52
leaf_count=55385 574 16094 49 220 324 389 1814 666 675 57 47 45 41 5108 56 61 62 45 42 904 42 75 676 934 826 41 127 76 58 52
internal_value=-4.4784e-07 -0.00861585 0.015336 0.0471717 0.106302 0.0734308 0.0148793 0.0617252 0.098036 0.109744 0.00432793 0.1253 -0.0263526 0.120684 0.284152 0.365142 0.266008 0.0106429 0.0423431 0.0961557 0.184965 0.0272126 0.154359 0.064905 -0.0748896 0.0916008 0.258122 0.167496 0.315281 -0.0544535
internal_weight=85565 78653 23268 7174 2534 2083 4640 2034 6912 6338 815 5523 768 5466 358 302 241 1368 3553 1739 760 979 718 979 1087 261 451 196 134 727
internal_count=85565 78653 23268 7174 2534 2083 4640 2034 6912 6338 815 5523 768 5466 358 302 241 1368 3553 1739 760 979 718 979 1087 261 451 196 134 727
is_linear=0
shrinkage=0.03


Tree=94
num_leaves=31
num_cat=0
split_feature=37 45 5 129 31 188 134 138 26 175 130 179 21 49 107 56 84 68 142 175 92 45 84 190 138 68 143 135 31 84
split_gain=76018 19586.1 12392.6 14597.2 13274.9 10119.8 12060.5 13115.8 11016.6 11579.1 10948.1 10792.7 10702.5 12522.7 10746.2 12974.4 11443.7 10830.5 10708.5 15150.6 19729.1 12114.6 13620.5 11789.4 11200.8 11537.6 15034 12680.5 11251.2 15930.5
threshold=16.345238685607914 0.46247655153274542 1.0000000180025095e-35 58.833333333333336 11.516666889190676 10.500000000000002 22.500000000000004 133.10000000000002 96.500000000000014 145.50000000000003 54.900000000000006 3.2879667114319586 0.37500000000000006 0.4935798197984696 7.452926136335388 2.0776772499084477 64.483333333333348 0.46201923489570623 0.7333333333333335 76.500000000000014 31.968750000000004 0.59317129850387584 70.679487179487197 2063.0500000000006 172.50000000000003 0.16733333468437198 0.59669383894239991 26.395470893871693 16.759614944458011 56.763888888888893
decision_type=10 8 2 10 10 2 10 10 2 8 10 8 2 10 10 10 10 10 10 8 10 10 10 2 10 10 10 10 10 10
left_child=-1 -2 5 -4 -5 8 -7 -8 10 -10 -3 -12 14 -14 15 18 17 -17 19 20 -13 -20 23 24 25 27 -27 -23 29 -28
right_child=1 2 3 4 -6 6 7 -9 9 -11 11 12 13 -15 -16 16 -18 -19 21 -21 -22 22 -24 -25 -26 26 28 -29 -30 -31
leaf_value=-0.012505599245673953 0.037943575690356189 0.56853558520837255 -0.52057492984966802 -0.40331322762966154 0.15314251746828034 0.39997252846956249 -0.21428613124317245 0.25265000853110364 -0.22013481954745948 0.23243074671014563 -0.20257235310226676 0.15610197728090675 0.78263017243924826 0.073582803368568428 0.50478582347432777 -0.13378007896244526 -0.23248241521418095 0.20633617607373023 0.10727301772569464 0.0077068124399218702 0.78351036339998237 0.37216943680023656 -0.17896833685040475 -0.21440778868954355 0.79650376814603807 0.84912817764541382 0.95773805149644609 -0.26086985312840522 0.16476625837893649 0.33444510488624468
leaf_weight=71568 9109 55 55 50 169 50 228 71 150 77 80 461 51 40 72 132 144 233 749 787 50 49 60 41 40 46 40 68 363 477
leaf_count=71568 9109 55 55 50 169 50 228 71 150 77 80 461 51 40 72 132 144 233 749 787 50 49 60 41 40 46 40 68 363 477
internal_value=-4.34398e-07 0.0639397 0.112385 -0.0836358 0.0260978 0.124025 -0.0312907 -0.103408 0.136734 -0.0666214 0.148166 0.142361 0.149432 0.470961 0.141756 0.134767 -0.006012 0.0833352 0.156945 0.0902957 0.217492 0.2017 0.261434 0.284943 0.303848 0.284954 0.320421 0.00424917 0.292784 0.382669
internal_weight=85565 13997 4888 274 219 4614 349 299 4265 227 4038 3983 3903 91 3812 3740 509 365 3231 1298 511 1933 1184 1124 1083 1043 926 117 880 517
internal_count=85565 13997 4888 274 219 4614 349 299 4265 227 4038 3983 3903 91 3812 3740 509 365 3231 1298 511 1933 1184 1124 1083 1043 926 117 880 517
is_linear=0
shrinkage=0.03


Tree=95
num_leaves=31
num_cat=1
split_feature=38 37 124 159 151 126 179 155 163 45 178 12 36 129 169 159 197 44 137 84 50 82 26 73 135 175 189 129 65 94
split_gain=72136.2 19639.4 12593.5 14859.2 19771.1 13017.6 11883.9 12060.1 17680.1 11804.7 13182.2 16513.3 15990.8 15133.1 13259.9 11314.5 10465.9 13660.5 18376.6 14124.2 14006.9 10220.6 10023.7 13114.3 9709.01 9514.66 9333.69 15331.1 12889.4 12474.6
threshold=44.263767242431648 1.105555593967438 5.3406844562959401 0.36352498071141032 0.94823955773988844 0.63261904761904775 4.3479766795518922 -0.0012320397755809923 4.9382872266063034 0.3647450208663941 4.5573492217073222 0.41366234687827769 72.489036560058608 71.833333333333357 59.583333333333343 0.47824075276313843 0 4.5249664783477792 141.16666666666671 60.781746031746039 0.43334844708442694 61.900000000000006 34.500000000000007 0.54750365018844616 25.53047351841224 157.50000000000003 113.95 73.500000000000014 1.3666666746139529 0.37170844633625144
decision_type=10 10 8 8 8 10 10 10 10 8 10 8 10 10 10 10 9 10 10 8 8 10 2 10 10 10 2 8 10 10
left_child=1 -1 5 -4 6 15 7 8 -5 -3 12 14 13 -11 -12 -2 17 22 19 -19 -21 -22 23 -6 -10 -16 27 29 -28 -18
right_child=2 9 3 4 16 -7 -8 -9 24 10 11 -13 -14 -15 25 -17 26 18 -20 20 21 -23 -24 -25 -26 -27 28 -29 -30 -31
leaf_value=-0.01776876716718364 -0.12858389684148799 0.0082488402337096544 -0.45167828907391849 0.16580618817697873 0.098142660677433005 0.16913100516598206 0.015510474616804947 0.089978032694621513 0.97277610852748531 0.096831611715734497 0.61275570577383032 -0.10010888877955758 0.56923528988110395 0.65246465206146242 0.017267312129607072 0.28671426181088794 0.28207848542792097 -0.072351356307162509 0.9403761684043066 0.14011731795195373 1.0188259403407574 0.40752214059932157 0.0081869034993975794 0.70807585920606342 0.41257901629736254 0.50404037748064312 0.030506322598406736 -0.25038633954493289 0.5672680583606452 0.1057903565971311
leaf_weight=55405 560 21331 42 66 90 256 78 66 79 1077 50 583 76 46 259 66 450 79 42 96 40 64 321 49 43 42 2242 94 41 1832
leaf_count=55405 560 21331 42 66 90 256 78 66 79 1077 50 583 76 46 259 66 450 79 42 96 40 64 321 49 43 42 2242 94 41 1832
internal_value=-4.20639e-07 -0.00802652 0.0945352 0.11056 0.114651 -0.0110956 0.339403 0.438866 0.561348 0.0149776 0.0822687 -0.00223101 0.148092 0.119591 0.160341 -0.0847985 0.100934 0.202557 0.355345 0.267276 0.401429 0.642639 0.10034 0.313155 0.77533 0.0851891 0.0832855 0.125087 0.0401459 0.140554
internal_weight=85565 78869 6696 5814 5772 882 332 254 188 23464 2133 934 1199 1123 351 626 5440 781 321 279 200 104 460 139 122 301 4659 2376 2283 2282
internal_count=85565 78869 6696 5814 5772 882 332 254 188 23464 2133 934 1199 1123 351 626 5440 781 321 279 200 104 460 139 122 301 4659 2376 2283 2282
cat_boundaries=0 1
cat_threshold=99
is_linear=0
shrinkage=0.03


Tree=96
num_leaves=31
num_cat=1
split_feature=37 45 189 140 129 175 139 39 155 155 38 134 89 55 92 171 44 182 136 37 73 193 177 168 21 42 22 129 182 131
split_gain=67940.9 17865.7 16643.9 16942.4 12806.1 14135.1 13941.3 13529.3 12707.8 17204.2 12787.7 12220.1 16957 16270.5 13780.6 13575.3 11606.6 11434.3 11403.8 10876 14812.6 10132.7 15784 12516.1 10492.6 9801.93 10103.8 12512.7 15494.6 10302.2
threshold=38.240385055541999 0.030776515603065494 106.40000000000002 87.20714285714287 63.166666666666679 44.500000000000007 173.73845159424337 7.9791667461395273 0.0019324194846926052 -0.033884586696692046 85.672954559326186 28.675000000000004 39.166666666666679 3.5166666507720952 21.174242424242429 13.37767478823662 3.4750107526779179 33.500000000000007 21.677083333333339 75.527778625488295 0.67129164934158336 0 42.500000000000007 0.62877122877122893 0.075000000000000025 2.9909731149673466 34.500000000000007 65.166666666666671 54.500000000000007 69.777674068477594
decision_type=10 8 2 10 10 10 10 10 10 10 10 10 10 10 10 10 10 8 8 10 10 1 8 8 2 10 2 10 8 10
left_child=1 -1 11 18 5 19 7 8 9 10 17 12 14 -13 15 -2 -16 -6 -4 -5 -21 22 23 -3 -25 -19 27 28 -27 -28
right_child=2 21 3 4 6 -7 -8 -9 -10 -11 -12 13 -14 -15 16 -17 -18 25 -20 20 -22 -23 -24 24 -26 26 29 -29 -30 -31
leaf_value=-0.016777023157977806 0.63943774989673063 -0.074135316452892439 0.049875521322730744 0.048330178060863593 0.51552506741016135 -0.084496856887659649 0.67584369028486857 -0.26696060619022272 -0.093861152422141256 0.63905313635773175 0.54687877666594376 0.19829993650207839 0.71205826310813425 0.80779630359353083 -0.28461509732505941 -0.041823932938277721 0.085617251767187708 -0.31805947693026793 -0.24631371727307066 0.72360511715124765 0.047879518608707684 -0.006164571299761939 0.10460920218582222 0.018064007132149815 0.126153116024905 0.91204991846549799 -0.070930705427642779 0.10357782506749832 0.24892577082663775 0.4406432618200779
leaf_weight=56663 77 1184 202 474 62 740 41 79 187 67 67 1022 40 41 79 40 2156 49 278 56 61 10591 2311 7107 912 41 310 448 140 40
leaf_count=56663 77 1184 202 474 62 740 41 79 187 67 67 1022 40 41 79 40 2156 49 278 56 61 10591 2311 7107 912 41 310 448 140 40
internal_value=-4.08328e-07 -0.00785318 0.0910025 0.0432703 0.0709329 0.00287255 0.130102 0.115085 0.136475 0.171666 0.1446 0.137174 0.099562 0.221808 0.0891454 0.406528 0.0725307 0.119873 -0.121667 0.112269 0.371304 0.0150218 0.0344853 0.0169137 0.030357 0.0960105 0.116735 0.188627 0.399136 -0.0124651
internal_weight=85565 78768 6797 3342 2862 1331 1531 1490 1411 1224 1157 3455 2392 1063 2352 117 2235 1090 480 591 117 22105 11514 9203 8019 1028 979 629 181 350
internal_count=85565 78768 6797 3342 2862 1331 1531 1490 1411 1224 1157 3455 2392 1063 2352 117 2235 1090 480 591 117 22105 11514 9203 8019 1028 979 629 181 350
cat_boundaries=0 1
cat_threshold=4
is_linear=0
shrinkage=0.03


Tree=97
num_leaves=31
num_cat=1
split_feature=38 37 124 159 151 126 26 45 24 20 143 84 78 179 155 163 14 90 82 159 197 44 137 84 50 129 130 131 178 129
split_gain=64500.9 17558.4 11783.5 14006.5 18551.4 12224.7 11083.1 15494 13981.6 11803.2 11360.9 11586.8 15929.8 11027.3 11339.6 16477.3 10963.4 12076 12818.3 10636.9 9867.74 12680.7 17151.9 13261.5 13116.1 9953.83 9857.17 10371.1 9749.7 12233.9
threshold=44.263767242431648 1.105555593967438 5.3406844562959401 0.36352498071141032 0.94823955773988844 0.63261904761904775 42.500000000000007 0.16247642785310748 1.0000000180025095e-35 1.0000000180025095e-35 0.75657967357093048 56.547008547008552 0.50391352176666271 4.3479766795518922 -0.0012320397755809923 4.9382872266063034 -0.089999999999999969 32.500000000000007 69.700000000000003 0.47824075276313843 0 4.5249664783477792 141.16666666666671 60.781746031746039 0.43334844708442694 63.166666666666679 59.900000000000006 58.875995563608079 4.7186120470639112 73.833333333333357
decision_type=10 10 8 8 8 10 2 8 2 2 10 10 8 10 10 10 8 10 10 10 9 10 10 8 8 8 10 10 10 10
left_child=1 -1 5 -4 13 19 7 -3 9 10 11 12 -9 14 15 -5 -11 18 26 -2 21 -6 23 -23 -25 -26 27 -18 29 -12
right_child=2 6 3 4 20 -7 -8 8 -10 16 28 -13 -14 -15 -16 -17 17 -19 -20 -21 -22 22 -24 24 25 -27 -28 -29 -30 -31
leaf_value=-0.016801518187946916 -0.12666228928776194 0.00758975582778688 -0.44097426742315293 0.15930153534070332 0.095717119242186122 0.16186729287961496 -0.01330683498498735 0.6629416226276329 -0.061720103616488796 -0.12602062224068597 0.14193734751630308 -0.0022723439480097306 -0.12091748625040054 0.014571757218442285 0.084079559350555597 0.74772716212468071 0.21653765391111374 -0.22230542773442963 0.74186746548203852 0.27600833093578164 0.078458613762956902 -0.072768698432777501 0.90660702556371686 0.13344774227123707 0.27700081196698273 0.87106192629784351 0.17727230319336279 0.84070995993183362 0.0069520570941796495 0.6336496891113037
leaf_weight=55405 560 9853 42 66 460 256 8456 56 621 79 1465 1730 40 78 66 122 50 45 51 66 4659 79 42 96 44 60 402 46 523 47
leaf_count=55405 560 9853 42 66 460 256 8456 56 621 79 1465 1730 40 78 66 122 50 45 51 66 4659 79 42 96 44 60 402 46 523 47
internal_value=-4.1749e-07 -0.00758987 0.0893922 0.104893 0.108865 -0.0127849 0.0141614 0.0296379 0.0717795 0.0900643 0.0698556 0.0155295 0.336334 0.326574 0.422385 0.541152 0.206001 0.250159 0.288886 -0.0842082 0.0955781 0.194212 0.341407 0.256323 0.386314 0.619728 0.242496 0.51562 0.118602 0.157222
internal_weight=85565 78869 6696 5814 5772 882 23464 15008 5155 4534 3861 1826 96 332 254 188 673 594 549 626 5440 781 321 279 200 104 498 96 2035 1512
internal_count=85565 78869 6696 5814 5772 882 23464 15008 5155 4534 3861 1826 96 332 254 188 673 594 549 626 5440 781 321 279 200 104 498 96 2035 1512
cat_boundaries=0 1
cat_threshold=99
is_linear=0
shrinkage=0.03


Tree=98
num_leaves=31
num_cat=1
split_feature=38 37 124 159 151 126 26 45 24 20 143 84 78 79 94 17 83 179 39 108 159 143 182 178 91 66 183 144 197 44
split_gain=60693.4 16520.7 11087.9 13178.9 17454.3 11502.3 10428.1 14578.3 13155.3 11105.6 10689.4 10902 14988.3 10467.7 13925.7 15355.1 15469.8 10375.6 11203 11135.7 10008.3 9825.92 9825.21 9292.53 13631 11199.1 12562.1 10374.8 9283.69 11931.2
threshold=44.263767242431648 1.105555593967438 5.3406844562959401 0.36352498071141032 0.94823955773988844 0.63261904761904775 42.500000000000007 0.16247642785310748 1.0000000180025095e-35 1.0000000180025095e-35 0.75657967357093048 56.547008547008552 0.50391352176666271 0.33254556357860571 0.48415698016020564 7.5000000000000009 66.095118810288355 4.3479766795518922 3.1628788709640507 5.1180555555555562 0.47824075276313843 0.79944820573143238 48.500000000000007 4.5573492217073222 24.564403245698312 0.25729592144489294 8.5000000000000018 0.67708333333333337 0 4.5249664783477792
decision_type=10 10 8 8 8 10 2 8 2 2 10 10 8 10 10 2 10 10 10 8 10 10 8 10 10 10 10 10 9 10
left_child=1 -1 5 -4 17 20 7 -3 9 10 11 12 -9 14 15 22 -17 18 -5 -20 -2 -18 -11 24 25 -12 -27 -26 29 -6
right_child=2 6 3 4 28 -7 -8 8 -10 13 23 -13 -14 -15 -16 16 21 -19 19 -21 -22 -23 -24 -25 27 26 -28 -29 -30 -31
leaf_value=-0.016297473529525864 -0.12286241993088541 0.0073620631502892856 -0.42774503819644449 0.81723467315642195 0.092845604961717745 0.15701127271167933 -0.01290763005427281 0.64305336347381981 -0.059868500031134933 0.55208688797695293 0.19620039923489094 -0.0022041726924500542 -0.11728996638581157 0.0032697895002764695 -0.1884192879821332 0.30212761110416281 1.1326448228192885 0.014134604820999533 0.062369438936312985 0.50790905712480128 0.26772807885300026 0.49847038454810777 0.039384450485720437 0.035228323384111082 0.3900313364954725 0.33051553764209457 0.9406953204761852 0.052832836962790571 0.076109896938349034 0.3311643521529492
leaf_weight=55405 560 9853 42 49 460 256 8456 56 621 42 300 1730 40 179 53 142 43 78 90 115 66 45 169 798 93 98 44 702 4659 321
leaf_count=55405 560 9853 42 49 460 256 8456 56 621 42 300 1730 40 179 53 142 43 78 90 115 66 45 169 798 93 98 44 702 4659 321
internal_value=-1.30462e-07 -0.00736218 0.0867139 0.10175 0.105603 -0.0124014 0.0137365 0.0287487 0.0696261 0.0873623 0.06776 0.0150636 0.326244 0.199821 0.271041 0.32626 0.495813 0.316776 0.409714 0.312306 -0.081682 0.808351 0.141439 0.115044 0.166534 0.300093 0.519585 0.0922787 0.092715 0.188385
internal_weight=85565 78869 6696 5814 5772 882 23464 15008 5155 4534 3861 1826 96 673 494 441 230 332 254 205 626 88 211 2035 1237 442 142 795 5440 781
internal_count=85565 78869 6696 5814 5772 882 23464 15008 5155 4534 3861 1826 96 673 494 441 230 332 254 205 626 88 211 2035 1237 442 142 795 5440 781
cat_boundaries=0 1
cat_threshold=99
is_linear=0
shrinkage=0.03


Tree=99
num_leaves=31
num_cat=0
split_feature=37 69 5 173 17 74 61 10 164 54 84 138 27 67 160 43 15 116 93 125 15 59 14 21 83 38 76 177 103 15
split_gain=57340.2 16302.8 12126.4 10994.5 11724.5 11451.3 10910.5 10685.9 10235.8 12756.6 9831.17 13345.5 12995.9 13517.8 13093.1 11707.6 12464.5 12088.6 11703.9 10692.5 11464.1 10270 10031.1 9980.48 10197.2 9638.82 9892.13 9842.21 9456 9164.3
threshold=16.345238685607914 0.34887461364269262 1.0000000180025095e-35 -0.0045415333458811427 5.5000000000000009 0.16438138484954837 0.57738095521926891 0.85906464427591189 5.5990517988686905 0.8666672706604005 67.645833333333357 91.700000000000003 21.500000000000004 0.79285714030265819 0.41219788190060175 4.7931244373321542 -0.0059728555704064703 -0.099782848831592455 0.56796691301409064 0.82063492063492083 0.050329590525668967 0.2488452419638634 0.050000000000000037 0.52500000000000013 54.00343434177347 39.020833969116218 0.33240412175655371 24.500000000000004 3.806140922355727 0.26599503237279554
decision_type=10 8 2 10 2 10 10 10 8 10 8 10 10 10 8 10 10 10 10 10 8 10 10 2 10 10 8 8 10 10
left_child=-1 3 7 4 -2 -6 -5 10 -7 25 11 18 14 -14 15 17 -17 -13 -3 23 -21 -18 -15 24 -16 26 -10 -27 -8 -12
right_child=1 2 -4 6 5 8 28 -9 9 -11 29 12 13 22 19 16 21 -19 -20 20 -22 -23 -24 -25 -26 27 -28 -29 -30 -31
leaf_value=-0.010860630278803476 -0.041225668793432931 0.0075193072333784956 -0.071406965215013635 -0.061229739305411215 0.44805203488265921 -0.12155017105079965 0.5748336259399851 -0.11219226324425534 0.15624311832473142 0.56385042633989757 0.0022778091797775206 0.17589090826619469 0.17481128535643387 0.25339933697857076 0.47588071563795431 -0.14381608411480018 0.0046506738144418466 -0.27482339209167778 0.47399118618965147 0.17752112722460259 0.73615256558446318 0.59232187909539791 0.76693414871181764 0.48226056242906129 0.10335133807402254 0.64481376475095742 -0.12321579968044331 0.16226595899680765 0.034782790848087657 0.4237844272702932
leaf_weight=71568 653 1521 483 1960 88 169 45 247 227 58 1413 71 443 67 67 81 46 218 50 94 51 64 70 65 5095 45 229 246 83 48
leaf_count=71568 653 1521 483 1960 88 169 45 247 227 58 1413 71 443 67 67 81 46 218 50 94 51 64 70 65 5095 45 229 246 83 48
internal_value=1.40982e-07 0.0555323 0.0753077 0.00252395 0.0588072 0.120315 -0.0437049 0.0826049 0.0907045 0.135265 0.0876889 0.100753 0.119899 0.255353 0.106474 -0.0436455 0.138604 -0.164094 0.0223656 0.119888 0.374005 0.346568 0.515789 0.112838 0.108187 0.101988 0.0159008 0.236887 0.224644 0.0161261
internal_weight=85565 13997 10194 3803 1715 1062 2088 9711 974 805 9464 8003 6432 580 5852 480 191 289 1571 5372 145 110 137 5227 5162 747 456 291 128 1461
internal_count=85565 13997 10194 3803 1715 1062 2088 9711 974 805 9464 8003 6432 580 5852 480 191 289 1571 5372 145 110 137 5227 5162 747 456 291 128 1461
is_linear=0
shrinkage=0.03


Tree=100
num_leaves=31
num_cat=0
split_feature=38 1 45 140 41 14 173 140 123 134 126 152 122 65 83 78 90 140 144 189 146 34 5 12 133 175 174 72 8 7
split_gain=54463.2 27914.7 18631.4 14336.5 16311.2 13376.6 11177.1 13861.5 10685.3 10457.8 10449.3 10380 15727.5 14233.5 10823.6 14247.9 10806 13265.8 18753.8 10112.3 12458.9 11044.6 10037.4 11813 9519.75 11287.5 10480 9531.54 9504.64 9384.34
threshold=19.086667060852054 1.5000000000000002 0.9574275314807893 108.37980769230771 2.7142765522003178 0.27500000000000008 0.14896195102714613 124.03125000000001 6.3436722417297213 26.100000000000005 0.76750000000000018 2.2071428571428577 5.6401357872765834 1.3666666746139529 57.242707867254964 0.50994199514389049 30.900000000000002 109.77500000000002 0.77350427350427364 257.90000000000003 5.9000000000000012 119.16666793823244 1.0000000180025095e-35 0.60124500529139413 29.833333333333339 69.500000000000014 30.500000000000004 0.63431400060653698 0.25450000000000012 0.31833333333333341
decision_type=10 8 8 8 10 10 10 10 10 8 10 8 10 10 10 10 8 8 10 2 10 10 2 8 10 10 10 8 8 10
left_child=-1 2 3 4 -2 19 8 -8 10 -3 11 14 13 16 15 -5 17 18 -13 20 21 -6 -19 -24 26 -26 27 -21 -11 -30
right_child=1 9 -4 6 5 -7 7 -9 -10 28 -12 12 -14 -15 -16 -17 -18 22 -20 24 -22 -23 23 -25 25 -27 -28 -29 29 -31
leaf_value=-0.011329979354789677 -0.24315093753712899 -0.034319938726614409 0.70986574343470632 0.62828854270910817 0.059320127489061819 0.30388333351169217 0.16538719581203026 0.66426300050147502 -0.12488627331138684 0.11136048743876735 0.39326328513891262 0.063234860565927295 0.5074750589442496 0.65190106495221456 -0.0054238831397236849 -0.031016511270555398 -0.0043832180591326366 0.1382551157292726 0.84679393807692183 -0.10681914849911056 0.57664036377271022 0.56369576910138131 0.14796259310738794 -0.46572251093387601 -0.0082559107038481482 -0.62009107296957688 0.45816922092160511 0.065363001280395003 -0.055015232629186749 0.056335088227919945
leaf_weight=69901 178 3143 43 59 1687 179 165 72 174 1156 118 54 98 45 984 59 568 2530 56 566 45 40 58 55 58 51 43 592 1184 1604
leaf_count=69901 178 3143 43 59 1687 179 165 72 174 1156 118 54 98 45 984 59 568 2530 56 566 45 40 58 55 58 51 43 592 1184 1604
internal_value=1.36553e-07 0.0505611 0.0869651 0.0838265 0.0364981 0.0517626 0.115772 0.316944 0.105958 0.00650326 0.114533 0.10733 0.132842 0.121935 0.0271343 0.298636 0.114754 0.139334 0.462138 0.0371196 0.0838429 0.0710023 0.1259 -0.150734 -0.0260816 -0.294527 -0.00171812 -0.0187951 0.0390355 0.00904715
internal_weight=85565 15664 8577 8534 3439 3261 5095 237 4858 7087 4684 4566 3464 3366 1102 118 3321 2753 110 3082 1772 1727 2643 113 1310 109 1201 1158 3944 2788
internal_count=85565 15664 8577 8534 3439 3261 5095 237 4858 7087 4684 4566 3464 3366 1102 118 3321 2753 110 3082 1772 1727 2643 113 1310 109 1201 1158 3944 2788
is_linear=0
shrinkage=0.03


Tree=101
num_leaves=31
num_cat=1
split_feature=38 193 21 44 74 6 44 17 87 179 49 189 128 110 120 189 22 14 92 182 177 152 47 140 182 36 69 43 173 188
split_gain=51500.4 14613 16265.7 15114.6 10550 11156.6 10493.7 13688.1 12840.9 12363.8 14700.8 11607.9 11128.9 11189.9 11042.4 12130.6 10615.7 15116.4 17993.3 14861.1 13855 10235.7 10032.8 11960.5 9774.83 12910.8 8945.75 8985.37 12606.9 9237.67
threshold=44.263767242431648 0 0.15500000000000003 5.2652719020843515 0.11755952239036561 0.19500000000000003 4.5249664783477792 4.5000000000000009 11.947211631128644 6.5113235502917854 0.69659206271171581 1582.5500000000002 0.56436507936507951 2.5500000000000003 0.41135012673290844 113.95 17.500000000000004 0.040000000000000001 27.75961538461539 39.500000000000007 32.500000000000007 0.83974358974358987 0.76811501383781444 76.041666666666671 54.500000000000007 98.529468536376967 0.9462856948375703 4.4983162879943857 0.14327272806678526 6.5000000000000009
decision_type=10 1 2 8 10 10 10 2 10 8 10 2 8 10 8 2 2 8 8 10 8 8 10 8 8 10 10 10 10 2
left_child=1 2 3 4 -1 -6 8 -8 9 26 11 21 -9 14 -14 16 17 20 -19 -20 -16 -11 23 -17 -25 -26 27 29 -29 -2
right_child=6 -3 -4 -5 5 -7 7 12 -10 10 -12 -13 13 -15 15 22 -18 18 19 -21 -22 -23 -24 24 25 -27 -28 28 -30 -31
leaf_value=0.041169039017236946 0.19657732368553249 -0.015486716480454391 0.10061007204781695 0.066215002737047432 -0.049240911146043162 0.0034627769088926134 -0.053751619258419571 -0.012327305595578646 -0.16388022292389515 0.41475806099094759 0.51102574741633811 0.53061482805954785 0.5325123311130151 0.57234983041653265 0.91292035048658193 -0.43522254406051203 0.14776419383975176 -0.18476646993959908 0.88435128868650648 0.16663442489867275 0.33791560321707614 0.035223835051752798 0.47558823537654599 -0.089764752084655411 0.10230791807332675 0.65239499671118595 0.37983522074434029 -0.12546667122912261 0.34538759560961468 0.033042536221142199
leaf_weight=3743 359 54220 1747 3191 5530 10438 317 297 235 73 101 57 73 65 66 44 507 73 40 74 88 516 52 224 448 42 68 501 57 2319
leaf_count=3743 359 54220 1747 3191 5530 10438 317 297 235 73 101 57 73 65 66 44 507 73 40 74 88 516 52 224 448 42 68 501 57 2319
internal_value=1.32016e-07 -0.00678148 0.0123685 0.00564274 -0.00416326 -0.0147894 0.0798776 0.129961 0.0517157 0.0642225 0.174446 0.121823 0.157786 0.185917 0.171406 0.155507 0.234815 0.364242 0.182979 0.418465 0.584346 0.0822629 0.072479 0.0448251 0.0744079 0.149458 0.0393021 0.0321462 -0.0773687 0.0549652
internal_weight=85565 78869 24649 22902 19711 15968 6696 2410 4286 4051 747 646 2093 1796 1731 1658 848 341 187 114 154 589 810 758 714 490 3304 3236 558 2678
internal_count=85565 78869 24649 22902 19711 15968 6696 2410 4286 4051 747 646 2093 1796 1731 1658 848 341 187 114 154 589 810 758 714 490 3304 3236 558 2678
cat_boundaries=0 1
cat_threshold=6
is_linear=0
shrinkage=0.03


Tree=102
num_leaves=31
num_cat=1
split_feature=68 1 45 193 173 44 29 46 165 21 22 98 140 133 17 46 100 105 189 137 29 182 21 126 130 37 11 91 178 83
split_gain=48782 15180.8 15448.1 11681.7 12774.8 12697.7 12153.7 11387.4 10533.8 10479 10200.6 9950.98 9616.56 12397.2 11394 12667.3 11052.3 13230.2 13149.3 11806.4 12250.5 10267.9 10795.7 12425.9 10723.6 13585.8 10545 9355.61 9120.75 8858.55
threshold=0.21483516693115237 1.5000000000000002 0.9574275314807893 0 0.0058533803900480694 4.0761373043060312 5.2249999046325692 0.58781284093856823 0.34682539682539687 0.44500000000000006 9.5000000000000018 2.7572294372294377 101.31666666666668 21.416666666666668 15.500000000000002 0.46148861944675451 2.2223070332445336 6.5833333333333348 289.80000000000007 94.166666666666671 17.633333206176761 25.500000000000004 0.10500000000000002 0.80375000000000008 62.900000000000006 47.035715103149421 0.73693619214063777 29.171493898155582 4.8448642646328279 54.00343434177347
decision_type=10 8 8 1 10 8 8 8 8 2 2 10 8 8 2 10 10 10 2 10 10 8 2 10 10 8 8 10 10 8
left_child=3 2 8 4 5 -1 -7 9 -2 -3 -9 12 16 14 15 -14 18 -18 28 -20 -21 26 23 29 25 -24 -15 -16 -10 -23
right_child=1 7 -4 -5 -6 6 -8 10 11 -11 -12 -13 13 21 27 -17 17 -19 19 20 -22 22 24 -25 -26 -27 -28 -29 -30 -31
leaf_value=0.015337017022745356 -0.14788300136463683 0.011475278160054853 0.66169989568846566 -0.014029533946994858 -0.014333335862559762 0.048493808742161623 0.18522807773737496 -0.58726080790466184 0.051411015219358459 0.27990541091188786 -0.087449831801409625 -0.11608231787060574 0.26516126771067611 0.076550934612751004 0.32888744189719521 0.95378989122130653 0.49743261572686909 -0.15399139139056203 -0.18222491288436465 -0.033172878177860111 0.44048393776820549 0.50181344366570313 0.15048028864511628 0.54597135928441887 0.12998471035167228 0.88721040540933604 0.74256569861069965 -0.12431716936249886 0.30177960053859609 0.078369264499567506
leaf_weight=5335 171 2934 42 60866 6817 1665 902 49 875 137 147 203 53 40 121 44 94 40 415 237 62 45 41 53 129 50 46 62 154 3736
leaf_count=5335 171 2934 42 60866 6817 1665 902 49 875 137 147 203 53 40 121 44 94 40 415 237 62 45 41 53 129 50 46 62 154 3736
internal_value=7.38125e-08 0.0623384 0.0881503 -0.00823088 0.0157465 0.0417161 0.0965399 0.00930046 0.0845393 0.0234502 -0.212403 0.0906538 0.0973185 0.121478 0.314671 0.577529 0.0404275 0.302978 0.0202429 -0.0786769 0.0650436 0.108412 0.10153 0.0898032 0.305901 0.555277 0.432791 0.175343 0.0888811 0.0834089
internal_weight=85565 9980 6713 75585 14719 7902 2567 3267 6671 3071 196 6500 6297 4420 280 97 1877 134 1743 714 299 4140 4054 3834 220 91 86 183 1029 3781
internal_count=85565 9980 6713 75585 14719 7902 2567 3267 6671 3071 196 6500 6297 4420 280 97 1877 134 1743 714 299 4140 4054 3834 220 91 86 183 1029 3781
cat_boundaries=0 1
cat_threshold=4
is_linear=0
shrinkage=0.03


Tree=103
num_leaves=31
num_cat=0
split_feature=37 69 5 93 38 10 135 10 137 84 143 84 27 74 34 130 7 33 139 189 105 35 103 12 182 189 140 40 80 14
split_gain=46222 13831 11116.1 10367.3 11158.4 9920.48 9666.56 13820.9 12317.1 9229.71 9165.11 10856.2 12373.5 11906.4 21149.1 12368.5 10347 9899.93 12538.9 10270.2 11113.5 11638.8 11352.7 11067.7 13083.6 13102.7 9911.63 9809.79 11186.4 10758.8
threshold=16.345238685607914 0.34887461364269262 1.0000000180025095e-35 0.31544168481114493 35.893236160278327 0.85906464427591189 29.395498972866012 0.19287677023885016 123.16666666666667 66.105555555555569 0.74676456878240038 70.408333333333346 28.500000000000004 0.56691947579383861 101.83333206176759 65.100000000000009 0.61416666666666686 119.50000000000001 126.19054367384838 951.25000000000011 4.166666666666667 53.45000076293946 3.2009625904675238 0.53710089709366382 59.500000000000007 197.65000000000001 116.26969696969698 2.833518505096436 0.43821664154529577 0.27500000000000008
decision_type=10 8 2 10 10 10 10 10 10 8 8 8 10 10 10 10 10 10 10 2 8 10 10 8 8 2 10 10 10 10
left_child=-1 3 5 4 9 10 -5 -8 -9 -2 27 12 13 14 -12 -16 -15 19 -19 20 22 26 -18 -23 25 -25 -22 28 -3 -29
right_child=1 2 -4 6 -6 -7 7 8 -10 -11 11 -13 -14 16 15 -17 17 18 -20 -21 21 23 -24 24 -26 -27 -28 29 -30 -31
leaf_value=-0.0097511255852041883 -0.16469750193855431 -0.18915069171699553 -0.07239673658210484 -0.038375388981909675 0.5054981845413169 -0.11263153570926623 -0.0069942225968338424 -0.10761132755062797 0.36143487465843349 0.33366801527553591 0.13749605631229397 -0.052105581793508653 0.55830983320349137 -0.078135051347315312 0.29248814879916607 0.93741108344948809 0.25407325177335405 -0.53705716318013719 0.17878489672578871 -0.045623074440438234 0.22592997287095429 0.76600718198174778 -0.2151352315095823 0.29996928885896151 0.11546390303245214 0.94824500960111613 -0.012495133441293473 0.0471554853039814 0.1784848325639963 0.22788952131723933
leaf_weight=71568 79 292 483 2741 73 247 573 66 213 58 2600 359 57 400 64 46 71 49 40 305 321 44 134 94 214 40 307 3604 100 323
leaf_count=71568 79 292 483 2741 73 247 573 66 213 58 2600 359 57 400 64 46 71 49 40 305 321 44 134 94 214 40 307 3604 100 323
internal_value=2.2759e-08 0.0498586 0.0680733 0.00103383 0.205919 0.0750599 -0.0109411 0.0773188 0.250478 0.0462894 0.0799584 0.107007 0.118943 0.113647 0.154734 0.562183 0.0584971 0.0922543 -0.21533 0.110146 0.14893 0.189439 -0.0526289 0.317705 0.261024 0.493484 0.109375 0.0477363 -0.0953661 0.0620211
internal_weight=85565 13997 10194 3803 210 9711 3593 852 279 137 9464 5145 4786 4729 2710 110 2019 1619 89 1530 1225 1020 205 392 348 134 628 4319 392 3927
internal_count=85565 13997 10194 3803 210 9711 3593 852 279 137 9464 5145 4786 4729 2710 110 2019 1619 89 1530 1225 1020 205 392 348 134 628 4319 392 3927
is_linear=0
shrinkage=0.03


Tree=104
num_leaves=31
num_cat=1
split_feature=38 37 124 159 151 126 14 173 179 26 45 10 79 134 73 178 93 28 33 138 130 89 159 73 26 44 197 137 169 50
split_gain=43871.5 13021.9 10375.3 11968.5 16232 10416.5 10133.7 14172.6 10378.6 9448.17 12168.2 12041.2 10741.8 12794.3 12954.7 10518.4 11595 11066.7 10720.3 23892.8 9866.62 9425.67 9327.8 8833.64 8815.61 9926.3 12787 14235 10044.6 14206.9
threshold=44.263767242431648 0.98576596379280101 5.3406844562959401 0.36352498071141032 0.94823955773988844 0.63261904761904775 -0.16999999999999993 0.059759236648412407 4.1465971388736991 42.500000000000007 0.16247642785310748 0.12556306306306309 0.30166326463222509 32.70000000000001 0.3466669768095017 4.5573492217073222 0.31255986287012533 4.8333332538604745 91.500000000000014 102.45000000000002 62.366666666666674 31.166666666666668 0.47824075276313843 0.5887083411216737 2.5000000000000004 4.5249664783477792 0 142.16666666666671 62.916666666666679 0.47434881329536444
decision_type=10 10 8 8 8 10 8 10 10 2 8 8 8 10 10 10 8 10 10 10 10 10 10 8 2 10 9 8 10 8
left_child=1 -1 5 -4 6 22 -5 -8 23 10 -3 -12 13 14 21 16 17 -14 -18 -20 -19 -13 -2 -9 -6 -26 27 28 -27 -30
right_child=2 9 3 4 24 -7 7 8 -10 -11 11 12 15 -15 -16 -17 18 20 19 -21 -22 -23 -24 -25 25 26 -28 -29 29 -31
leaf_value=-0.014407302484314622 -0.12783891942095943 0.0073353660774155872 -0.41632427022925445 0.70886196267831592 -0.19538971689719598 0.13906489638735364 0.025189390185515623 0.91686334200446362 0.040593481980264183 -0.012960317075083752 -0.11371281998699109 0.15676173225614157 0.0032310913027601036 0.59091442848074027 0.66290150776505463 -0.010673507086173617 0.05968180045751189 0.25487850072907237 -0.2008768935319854 0.72123378217220302 0.917134702026844 -0.075638540462427531 0.24923981487751007 0.34614259445896517 0.055410580786575465 0.058266077932090522 0.1047224349951368 0.85927698701620103 0.15122195217920387 0.79436572363334046
leaf_weight=54513 560 10434 42 46 103 256 148 46 40 8757 323 825 47 58 40 1492 1998 41 41 66 40 194 66 52 3519 124 1529 40 69 56
leaf_count=54513 560 10434 42 46 103 256 148 46 40 8757 323 825 47 58 40 1492 1998 41 41 66 40 194 66 52 3519 124 1529 40 69 56
internal_value=2.23766e-08 -0.00625918 0.0737242 0.0882691 0.0919407 -0.0221535 0.295586 0.229115 0.447818 0.0119778 0.0259775 0.0636373 0.0754679 0.157067 0.133306 0.0509992 0.0922064 0.369432 0.075349 0.367902 0.581919 0.112517 -0.088083 0.614032 0.0795124 0.0848178 0.14174 0.322792 0.249573 0.43935
internal_weight=85565 78869 6696 5814 5772 882 332 286 138 24356 15599 5165 4842 1117 1059 3725 2233 128 2105 107 81 1019 626 98 5440 5337 1818 289 249 125
internal_count=85565 78869 6696 5814 5772 882 332 286 138 24356 15599 5165 4842 1117 1059 3725 2233 128 2105 107 81 1019 626 98 5440 5337 1818 289 249 125
cat_boundaries=0 1
cat_threshold=97
is_linear=0
shrinkage=0.03


Tree=105
num_leaves=31
num_cat=1
split_feature=68 1 45 46 22 193 173 44 29 21 165 98 189 95 140 133 17 46 100 105 189 137 29 182 21 126 130 37 11 91
split_gain=41418.7 13790.3 14437.8 10946.9 11187.6 10160.6 11846.9 11680 10960.2 9916.91 9754.65 9341.71 8979.76 8955.91 8922.04 11732.3 10678 11800.2 10350.6 12336.6 12313.6 11036.7 11349.3 9489.9 10088.4 11666.6 10097 12778.9 9957.44 8777.11
threshold=0.21483516693115237 1.5000000000000002 0.9574275314807893 0.59427037835121166 9.5000000000000018 0 0.0058533803900480694 4.0761373043060312 5.2249999046325692 0.44500000000000006 0.34682539682539687 2.7572294372294377 951.25000000000011 0.31983801241513371 101.31666666666668 21.416666666666668 15.500000000000002 0.46148861944675451 2.2223070332445336 6.5833333333333348 289.80000000000007 94.166666666666671 17.633333206176761 25.500000000000004 0.10500000000000002 0.80375000000000008 62.900000000000006 47.035715103149421 0.73693619214063777 29.171493898155582
decision_type=10 8 8 8 2 1 10 8 8 2 8 10 2 8 8 8 2 10 10 10 2 10 10 8 2 10 10 8 8 10
left_child=5 2 10 9 -5 6 7 -1 -9 12 -2 14 13 -3 18 16 17 -16 20 -20 -12 -22 -23 28 25 -25 27 -26 -17 -18
right_child=1 3 -4 4 -6 -7 -8 8 -10 -11 11 -13 -14 -15 15 23 29 -19 19 -21 21 22 -24 24 26 -27 -28 -29 -30 -31
leaf_value=0.014486366826177233 -0.14510884366798818 0.35490754531206264 0.63652074754238119 -0.62335002888803892 -0.082626023694981621 -0.012991966068484405 -0.014189160866250957 0.046741162793324874 0.17658866458425443 0.26977465080301255 0.082983432240382321 -0.11587107759170931 -0.09746387510019737 0.023893273982922559 0.25508318375304062 0.06712805295735598 0.31594758227221237 0.91972474401647397 0.47794650146301759 -0.15109292927384374 -0.17927859370643834 -0.034740295666682568 0.42116146054839892 0.077305378128403254 0.14178924343934873 0.52551274068653586 0.12170164243772971 0.85630540462285276 0.71432336631028537 -0.12302170241972611
leaf_weight=5335 171 76 42 46 137 60866 6817 1665 902 137 1029 203 577 2294 53 40 121 44 94 40 415 237 62 3781 41 53 129 50 46 62
leaf_count=5335 171 76 42 46 137 60866 6817 1665 902 137 1029 203 577 2294 53 40 121 44 94 40 415 237 62 3781 41 53 129 50 46 62
internal_value=3.88345e-07 0.0574417 0.0820431 0.00689095 -0.218546 -0.00758397 0.0147779 0.0397864 0.0923674 0.020268 0.0785521 0.0844361 0.00866898 0.0345081 0.0908936 0.114164 0.302106 0.55657 0.0360954 0.290174 0.0165622 -0.0791625 0.0597945 0.101453 0.0948377 0.0835013 0.292401 0.534381 0.413302 0.167226
internal_weight=85565 9980 6713 3267 183 75585 14719 7902 2567 3084 6671 6500 2947 2370 6297 4420 280 97 1877 134 1743 714 299 4140 4054 3834 220 91 86 183
internal_count=85565 9980 6713 3267 183 75585 14719 7902 2567 3084 6671 6500 2947 2370 6297 4420 280 97 1877 134 1743 714 299 4140 4054 3834 220 91 86 183
cat_boundaries=0 1
cat_threshold=4
is_linear=0
shrinkage=0.03


Tree=106
num_leaves=31
num_cat=0
split_feature=38 37 110 87 87 89 26 45 10 8 70 106 119 56 119 135 21 137 89 27 120 113 117 168 105 128 120 123 46 102
split_gain=39113.8 11769.9 9882.89 9574.34 11630.9 8843.74 8832.48 11196.2 10940.7 10165.2 14893.2 11079 9692.04 13891 10502.1 9998.68 11476.2 11393.8 9304.54 9249.2 8648.95 10666.1 10947.8 11716.5 11711.3 8880.01 9409.5 8781.02 8490.02 8392.54
threshold=44.263767242431648 0.98576596379280101 3.1000000000000005 11.965370751164707 11.856710684752633 17.166666666666668 42.500000000000007 0.14434523880481723 0.12556306306306309 0.54225000000000012 0.72833335399627697 7.5500000000000007 0.39665068499567258 1.0370879173278811 0.38396437816441292 24.917372521620042 1.0000000180025095e-35 79.833333333333357 20.166666666666668 20.500000000000004 0.42634916526355843 -0.01557205686109585 0.44283010225719494 0.58480519480519499 3.8333333333333335 0.5924819624819625 0.40180546338875817 5.179058906453041 0.477636069059372 3.1000000000000005
decision_type=10 10 10 10 10 8 2 8 8 8 8 10 8 10 10 10 2 10 10 10 8 8 10 10 10 10 10 8 10 10
left_child=1 -1 3 4 5 -2 7 -3 -9 11 18 12 13 14 -10 16 -14 -18 -11 -17 25 22 23 24 -22 -7 -27 -23 -24 -5
right_child=2 6 -4 29 -6 20 -8 8 9 10 -12 -13 15 -15 -16 19 17 -19 -20 -21 21 27 28 -25 -26 26 -28 -29 -30 -31
leaf_value=-0.01365628358434392 0.39339763514305415 0.0059304874078751763 0.52835823076111932 0.1858232921993031 0.50226922803803498 -0.10964619771724912 -0.0126834523009728 -0.1030126487349414 -0.047436889308340405 0.21168953319781281 0.081580057719246646 -0.26745813854251588 -0.022785022647875658 0.71817066978131017 0.49710825562477112 0.13042060706607342 0.69613852697174727 0.087247357041520229 -0.11267412894268138 0.59164328677207234 0.64031134606391749 -0.35235738380727444 0.20123901463569477 -0.16004015147874628 0.023386226676661393 0.40245045870746649 -0.057070678465821763 0.073242059777149593 0.7437486034426195 -0.15138368652067391
leaf_weight=54513 76 9994 42 85 57 442 8757 352 85 89 1386 70 795 56 51 1802 41 85 753 40 53 44 47 79 58 73 89 5189 58 304
leaf_count=54513 76 9994 42 85 57 442 8757 352 85 89 1386 70 795 56 51 1802 41 85 753 40 53 44 47 79 58 73 89 5189 58 304
internal_value=3.31342e-07 -0.00590974 0.0696123 0.0667166 0.0756837 0.0717669 0.0114284 0.0249643 0.0589027 0.0697525 0.0211251 0.105568 0.114404 0.32051 0.156768 0.100082 0.0193742 0.285379 -0.0783887 0.140436 0.0677806 0.0795577 0.255069 0.119209 0.317954 -0.0400067 0.149997 0.0696635 0.500911 -0.0777009
internal_weight=85565 78869 6696 6654 6265 6208 24356 15599 5605 5253 2228 3025 2955 192 136 2763 921 126 842 1842 6132 5528 295 190 111 604 162 5233 105 389
internal_count=85565 78869 6696 6654 6265 6208 24356 15599 5605 5253 2228 3025 2955 192 136 2763 921 126 842 1842 6132 5528 295 190 111 604 162 5233 105 389
is_linear=0
shrinkage=0.03


Tree=107
num_leaves=31
num_cat=0
split_feature=37 190 129 83 139 39 182 183 93 123 8 81 34 47 151 87 127 136 115 21 45 31 117 170 192 179 73 174 177 79
split_gain=36983.4 14375.3 14221.7 13777.4 11698 12341.8 11571.2 18351.5 20522 13126.7 11904.2 17107.2 18200.5 12220 11063.4 14659.5 14982.8 11417.1 11424.1 10633.1 10482.4 9547.12 9520.35 10790 9921.15 19386.8 11718 10547.9 13648.9 13355.9
threshold=38.240385055541999 220.95000000000002 63.166666666666679 65.831404775923332 173.73845159424337 7.9791667461395273 52.500000000000007 11.500000000000002 0.43559250654048415 5.6405430619751611 0.66100000000000025 62.833333333333336 77.416667938232436 0.57972654700279247 1.9146424088945269 10.54742764357349 0.62720268737190754 27.031250000000004 0.025592137948965955 0.13500000000000004 0.030776515603065494 12.809091091156008 0.49064165941885357 34.291666666666679 1.0000000180025095e-35 3.9052050119078321 0.36033333837985998 16.500000000000004 37.500000000000007 0.53482237458229076
decision_type=10 2 10 10 10 10 10 10 10 10 8 10 10 10 10 10 8 10 10 2 8 10 8 10 2 10 8 10 10 8
left_child=20 2 3 -2 5 6 7 9 -9 10 13 12 -12 -4 15 16 21 -16 -19 -8 -1 -3 -18 24 25 -24 -27 -28 29 -29
right_child=1 14 4 -5 -6 -7 19 8 -10 -11 11 -13 -14 -15 17 -17 22 18 -20 -21 -22 -23 23 -25 -26 26 27 28 -30 -31
leaf_value=-0.012628961257617087 0.016727001907358322 0.68469564288814677 0.048576791648755495 -0.17214647784486939 0.56107368695735926 -0.24442379983833856 -0.022932268374188131 0.91229446264176528 0.091542751928075011 0.41334121178394478 0.23165902133294661 0.020559694297438445 0.99976897315281188 -0.34109581371148429 0.026727546698280744 -0.031875058422411152 -0.27500074607946656 0.72455349730817897 0.2139927830274512 0.42894217950850727 0.011728437362928251 0.16173045308966386 0.47567961788439955 -0.36308259147405619 0.083657301417160254 0.50562924601814963 -0.19171334533130421 -0.025374571113482763 -0.22871441766193934 0.37820435811064734
leaf_weight=56663 1267 70 371 479 45 105 748 58 52 114 86 172 41 90 84 614 55 76 82 50 22105 57 198 40 1284 66 102 115 70 206
leaf_count=56663 1267 70 371 479 45 105 748 58 52 114 86 172 41 90 84 614 55 76 82 50 22105 57 198 40 1284 66 102 115 70 206
internal_value=3.20937e-07 0.0671421 0.0269656 -0.0350888 0.0830459 0.0716462 0.0902698 0.159113 0.524303 0.113151 0.0681222 0.21555 0.479632 -0.0274981 0.114519 0.0981324 0.133406 0.309333 0.459579 0.00538067 -0.00579344 0.449979 0.114584 0.12488 0.134444 0.220586 0.13023 0.0799741 0.150849 0.23362
internal_weight=85565 6797 3678 1746 1932 1887 1782 984 110 874 760 299 127 461 3119 2877 2263 242 158 798 78768 127 2136 2081 2041 757 559 493 391 321
internal_count=85565 6797 3678 1746 1932 1887 1782 984 110 874 760 299 127 461 3119 2877 2263 242 158 798 78768 127 2136 2081 2041 757 559 493 391 321
is_linear=0
shrinkage=0.03


Tree=108
num_leaves=31
num_cat=2
split_feature=68 1 21 45 140 88 153 127 124 46 189 193 21 45 9 140 10 130 38 162 31 130 74 170 17 143 155 153 156 197
split_gain=35156.4 12644 13145 12648.3 9785.58 10598.2 10643.3 9839 8801.28 10667.1 10059.1 8770.31 11354 11136 10283.2 9562.25 10740.7 8805.22 8470.74 9815.72 8120.7 9311.72 9158.94 10466.7 11398.8 10692.2 8658.59 11406.8 11269.7 8857.35
threshold=0.21483516693115237 1.5000000000000002 0.44500000000000006 0.9574275314807893 93.232142857142875 11.292857142857146 0.15164835916119171 0.76808635337794684 6.259828806940166 0.59427037835121166 951.25000000000011 0 0.14500000000000005 0.68237251043319713 0.55488778354513402 112.93303571428574 0.25824574121058358 57.366666666666674 66.719806671142592 5.9179478929384244 9.8090910911560076 54.900000000000006 0.35904315114021307 24.083333333333339 9.5000000000000018 0.68717048270876335 0.10016078964407919 0.11687313647957671 0.10885662335525391 1
decision_type=10 10 2 8 8 10 10 10 10 10 2 1 2 8 8 8 8 10 8 8 8 8 8 10 2 10 10 10 10 9
left_child=11 3 8 4 -2 20 7 -7 9 10 -3 12 15 14 17 -1 -17 -14 -18 -20 -6 -22 23 -23 -25 -26 27 29 -28 -24
right_child=1 2 -4 -5 5 6 -8 -9 -10 -11 -12 -13 13 -15 -16 16 18 -19 19 -21 21 22 26 24 25 -27 28 -29 -30 -31
leaf_value=-0.020389453069224208 0.001033499880748251 0.018754773853879279 0.31306218287682736 0.58158965905958959 0.042497153680934638 -0.089457904090475798 0.30950527873635292 0.36109151127649114 0.2384474491998553 -0.29250821713255498 -0.13164191487637988 -0.012011606171252472 0.49882041724289161 0.56497415081659941 -0.17778064354268971 -0.011467223056495147 0.056211803899184669 0.094613998705741137 0.03481783924109124 0.64474010832607742 0.54849384872203177 0.6895011412724853 0.233625291706271 -0.2204500046501989 0.58880348276447603 0.13172884496997614 0.62242069950835266 -0.40443846353888513 0.04655468385470541 0.08397713465545939
leaf_weight=6475 1421 2039 116 44 1348 607 80 47 120 127 498 60866 51 45 121 3114 3827 991 47 48 47 48 415 46 74 122 66 40 57 2618
leaf_count=6475 1421 2039 116 44 1348 607 80 47 120 127 498 60866 51 45 121 3114 3827 991 47 48 47 48 415 46 74 122 66 40 57 2618
internal_value=3.11554e-07 0.0529213 0.000159888 0.0745326 0.0713617 0.0891598 -0.0171243 -0.057079 -0.0128777 -0.0241987 -0.0107673 -0.00698721 0.0137885 0.101916 0.083999 0.00591932 0.0301304 0.114398 0.0631582 0.342989 0.105143 0.129045 0.12339 0.28482 0.204552 0.304298 0.108742 0.0988627 0.355556 0.1055
internal_weight=85565 9980 2900 7080 7036 5615 734 654 2784 2664 2537 75585 14719 1208 1163 13511 7036 1042 3922 95 4881 3533 3486 290 242 196 3196 3073 123 3033
internal_count=85565 9980 2900 7080 7036 5615 734 654 2784 2664 2537 75585 14719 1208 1163 13511 7036 1042 3922 95 4881 3533 3486 290 242 196 3196 3073 123 3033
cat_boundaries=0 1 2
cat_threshold=4 99
is_linear=0
shrinkage=0.03


Tree=109
num_leaves=31
num_cat=1
split_feature=38 37 110 124 151 168 171 103 145 108 128 169 88 151 82 91 170 49 197 188 72 26 74 81 84 65 179 179 174 26
split_gain=33206.1 10283.9 9253.88 8922.97 10503.2 10384.5 11048.8 9969.61 10970.5 10287.4 9710.66 9371.32 11914.3 8473.06 8646.42 8333.56 8969.12 8307.42 9701.37 11549.2 14118 8949.84 9119.73 10592.7 8968.5 8718.01 8559.43 11528 8292.4 9718.75
threshold=44.263767242431648 0.240384615957737 3.1000000000000005 5.3406844562959401 0.98457133355174753 0.70050366300366307 14.715727567672731 3.7689433989116199 7.5833333333333348 5.5419580419580425 0.55575396825396839 64.083333333333357 10.839743589743593 1.1678847273074566 61.900000000000006 23.469565851279512 28.083333333333339 0.11178514733910562 0 9.5000000000000018 0.75260910391807567 2.5000000000000004 0.27752193808555609 73.833333333333357 74.050000000000011 1.2250000238418581 4.1676836032882871 3.9924204455648593 25.500000000000004 30.500000000000004
decision_type=10 10 10 8 8 8 8 10 10 10 8 10 10 8 8 10 10 8 9 2 10 2 8 10 10 10 10 8 8 2
left_child=1 -1 3 7 5 6 -5 8 10 -9 -2 12 -8 14 -6 -12 -17 -15 19 20 26 -20 -23 25 -25 -24 27 -19 -3 -30
right_child=2 28 -4 4 13 -7 11 9 -10 -11 15 -13 -14 17 -16 16 -18 18 21 -21 -22 22 23 24 -26 -27 -28 -29 29 -31
leaf_value=-0.013536692258609637 -0.11694301671029567 -0.0040954775926588553 0.50804845946175703 -0.12958802187375806 0.086297194134621391 0.54493862097263335 0.47879490634900024 -0.28883244558946408 0.46149176352164323 0.12490673265545753 0.3899790176488459 0.6056745478050275 -0.06973680573701857 -0.20619933133013546 -0.394951874949038 -0.17546615963801743 0.25176559049000097 -0.036401875518700652 -0.23172071209320652 0.60694306578676571 0.62171995977759353 0.33735350644266282 0.065453902512568801 -0.30971480764140769 0.16138163666312511 0.38152310278639195 -0.069148519822142332 0.50127179581083747 0.054809535653069126 -0.0013446346449070181
leaf_weight=50620 292 17071 42 89 63 75 59 201 51 74 80 55 90 96 72 96 82 68 91 59 50 111 4306 121 52 80 165 76 6069 5109
leaf_count=50620 292 17071 42 89 63 75 59 201 51 74 80 55 90 96 72 96 82 68 91 59 50 111 4306 121 52 80 165 76 6069 5109
internal_value=1.37413e-06 -0.00544412 0.0641412 0.0613393 0.0748662 0.22995 0.149322 -0.0278826 0.0405775 -0.177499 0.00154725 0.271003 0.147467 0.064317 -0.170369 0.135653 0.0213485 0.0703232 0.0754489 0.212868 0.154033 0.0628049 0.0686786 0.062137 -0.168114 0.071219 0.0783554 0.24737 0.00905715 0.0291438
internal_weight=85565 78869 6696 6654 5778 368 293 876 601 275 550 204 149 5410 135 258 178 5275 5179 418 359 4761 4670 4559 173 4386 309 144 28249 11178
internal_count=85565 78869 6696 6654 5778 368 293 876 601 275 550 204 149 5410 135 258 178 5275 5179 418 359 4761 4670 4559 173 4386 309 144 28249 11178
cat_boundaries=0 1
cat_threshold=35
is_linear=0
shrinkage=0.03


Tree=110
num_leaves=31
num_cat=0
split_feature=37 69 5 173 17 74 164 54 61 84 14 34 83 26 143 43 39 93 95 15 40 14 43 44 43 131 76 141 135 130
split_gain=31474.7 11150.6 10671 9816.48 10051.7 11132.5 10034.1 12035.7 9632.98 9107.37 10765.2 16555 16747.3 11419.9 9946.54 12791 12129.7 9945.96 9789.71 10571.1 9630.08 10187.2 9747.41 10719 9297.72 9220.5 9245.64 12196.6 10995.7 9562.7
threshold=16.035714149475101 0.34887461364269262 1.0000000180025095e-35 -0.0045415333458811427 5.5000000000000009 0.16438138484954837 5.5990517988686905 0.8666672706604005 0.57738095521926891 67.645833333333357 0.019999999999999938 119.16666793823244 54.00343434177347 98.500000000000014 0.77385397136288303 2.860059499740601 2.4330357313156132 0.39950688880687146 0.50610193224345779 0.2776865056004742 2.4342592954635625 0.27500000000000008 4.2223222255706796 3.905604481697083 3.2134690284729008 60.543269129239015 0.4433791339397431 1.5833333333333337 23.786527090389004 65.366666666666688
decision_type=10 8 2 10 2 10 8 10 10 8 8 10 10 2 10 10 10 10 8 10 10 10 10 10 10 10 8 10 10 10
left_child=-1 3 9 4 -2 -6 -7 -8 -5 10 25 12 -12 14 20 16 -16 -17 19 -11 -14 -22 23 -23 -19 -3 27 28 -27 -29
right_child=1 2 -4 8 5 6 7 -9 -10 18 11 -13 13 -15 15 17 -18 24 -20 -21 21 22 -24 -25 -26 26 -28 29 -30 -31
leaf_value=-0.0080905818727534471 -0.042446553976503598 -0.033631265932157671 -0.080115127457171365 -0.062203783017848679 0.41834793414682786 -0.13082429546496771 0.088541206424192193 0.53340531467381169 0.20629334992234361 -0.042151309486259433 0.58776610805697382 0.55819839863680709 -0.234182679852874 -0.13347024714821912 0.068846111526091894 0.037539191613484485 0.69505531614773897 -0.14844999183231677 0.24863829091308626 0.41094110980629917 0.042109746193572287 0.087347408642371491 0.089335528266167752 0.67917016741255642 0.20544838773588087 0.47479834589091213 0.045876358118105844 0.83858270832470483 0.051146042424351418 0.19045006466656922
leaf_weight=71436 656 1073 485 1989 94 173 757 59 128 1343 63 73 97 188 45 631 73 71 127 48 1517 45 162 71 1133 66 2545 42 335 40
leaf_count=71436 656 1073 485 1989 94 173 757 59 128 1343 63 73 97 188 45 631 73 71 127 48 1517 45 162 71 1133 66 2545 42 335 40
internal_value=1.33287e-06 0.0409139 0.057242 -0.00258662 0.0502264 0.106361 0.0767078 0.120707 -0.0459697 0.0640481 0.0764462 0.110394 0.102413 0.0948311 0.105994 0.153486 0.456247 0.134017 -0.00349603 -0.0265162 0.0569708 0.0727045 0.239655 0.449584 0.184579 0.0419356 0.0687135 0.189046 0.120874 0.52242
internal_weight=85565 14129 10273 3856 1739 1083 989 816 2117 9788 8270 4169 4096 4033 3845 1953 118 1835 1518 1391 1892 1795 278 116 1204 4101 3028 483 401 82
internal_count=85565 14129 10273 3856 1739 1083 989 816 2117 9788 8270 4169 4096 4033 3845 1953 118 1835 1518 1391 1892 1795 278 116 1204 4101 3028 483 401 82
is_linear=0
shrinkage=0.03


Tree=111
num_leaves=31
num_cat=0
split_feature=68 10 5 76 175 138 124 136 133 122 189 90 144 170 178 174 134 130 188 173 127 120 78 127 43 29 47 173 179 68
split_gain=29968.7 11900.2 16918 10171.9 14474.4 13061.4 12051.5 11140.5 12060.5 12334.1 13382.1 12533.3 11031 10961 13699.1 14329.7 15510 11270.4 9670.83 10616.4 10626.5 9645.41 11909 9320.32 9594.34 9303.22 12347.9 11680.9 10980.8 12540.9
threshold=0.21483516693115237 0.38651515151515153 1.0000000180025095e-35 0.4433791339397431 121.50000000000001 93.100000000000009 4.8969212623813023 30.483333333333338 26.166666666666668 5.4051598858996881 969.05000000000007 23.366666666666671 0.83974358974358987 23.083333333333339 4.5560583207642038 16.500000000000004 25.500000000000004 65.100000000000009 10.500000000000002 0.18060642724958859 0.81912194157689211 0.47082050767865363 0.45175178349018102 0.6005841681942693 4.5417122840881357 18.266667366027836 0.61466205120086681 -0.092857250969732616 6.0605939070527288 0.30805176496505743
decision_type=10 8 2 8 10 10 8 10 10 10 2 10 8 10 10 10 10 10 2 10 10 10 8 8 8 10 10 10 8 10
left_child=-1 25 3 4 6 -5 -3 8 9 10 11 -8 -13 14 17 -16 -17 23 19 20 21 22 -15 -7 -25 26 27 28 -2 -30
right_child=1 2 -4 5 -6 13 7 -9 -10 -11 -12 12 -14 18 15 16 -18 -19 -20 -21 -22 -23 -24 24 -26 -27 -28 -29 29 -31
leaf_value=-0.0064501159418849105 0.046245036825615295 -0.15439554787599122 -0.13363677255704368 -0.017756165198687533 -0.10578168446487851 0.39937151449173686 0.81707046971764674 0.67082756417707123 0.077327106943738594 0.70860486902296538 -0.20406664174535999 0.002953259544559272 0.51230927235643631 -0.24753075907839106 0.13978750662473233 1.1128963607278737 0.30190102789460155 0.51245426070182876 -0.087751735239928838 0.37511348861103344 0.52749161877530681 -0.10515119454558521 0.094456742041712172 0.061019038241356613 -0.44494805972450052 0.42650344852696764 -0.39803610954586771 -0.030647802847837333 0.080018717358852257 0.70387703723948569
leaf_weight=75585 288 65 355 1331 135 40 43 58 247 70 46 83 71 94 69 44 41 47 306 112 47 254 3654 96 52 44 73 2099 58 58
leaf_count=75585 288 65 355 1331 135 40 43 58 247 70 46 83 71 94 69 44 41 47 306 112 47 254 3654 96 52 44 73 2099 58 58
internal_value=1.29264e-06 0.048862 0.0684074 0.0786466 0.178068 0.0655018 0.234173 0.275042 0.23405 0.357726 0.25665 0.364229 0.237786 0.0883223 0.241058 0.460979 0.72171 0.0969393 0.0750216 0.0869919 0.0790222 0.0737553 0.0858797 -0.00693942 -0.116753 -0.00604416 -0.0134324 -0.00221543 0.145506 0.391948
internal_weight=85565 9980 7360 7005 818 6187 683 618 560 313 243 197 154 4856 389 154 85 235 4467 4161 4049 4002 3748 188 148 2620 2576 2503 404 116
internal_count=85565 9980 7360 7005 818 6187 683 618 560 313 243 197 154 4856 389 154 85 235 4467 4161 4049 4002 3748 188 148 2620 2576 2503 404 116
is_linear=0
shrinkage=0.03


Tree=112
num_leaves=31
num_cat=0
split_feature=38 1 45 140 132 91 43 98 126 21 111 168 144 15 44 74 167 47 170 182 22 46 46 14 161 134 84 101 126 137
split_gain=28485 19019.1 14208.1 11570.4 13485 10262.3 11936.3 10341.7 10653.2 10124.6 9509.9 11765.9 9678.32 9339.36 9660.03 10459.8 10314.7 9387.85 16116.8 9280.36 12995.6 11521.9 10718.3 13671.3 8865.87 8713.83 9511.87 8570.25 8508.75 8745.7
threshold=19.086667060852054 1.5000000000000002 0.9574275314807893 87.20714285714287 66.408333333333346 35.139046068499532 5.5000360012054452 2.7758275058275061 0.81464285714285734 0.56500000000000017 0.89839516076807213 0.5000744047619049 0.48333333333333339 0.03844632568953401 4.1120164394378671 0.59016665816307079 0.45344792509409676 0.67882251739501964 22.583333333333339 50.500000000000007 41.500000000000007 0.59427037835121166 0.29314844310283666 0.12000000000000009 6.1231999769197349 22.100000000000005 67.174242424242451 4.8333333333333348 0.53363095238095259 149.50000000000003
decision_type=10 8 8 8 8 10 10 10 10 2 8 8 10 10 10 10 10 10 10 8 2 10 10 10 8 10 10 10 8 10
left_child=-1 2 3 13 5 7 -7 8 9 25 12 -12 -6 17 -15 16 -16 -2 -19 20 21 22 -3 -24 -17 -5 -27 28 -13 -30
right_child=1 19 -4 4 10 6 -8 -9 -10 -11 11 27 -14 14 15 24 -18 18 -20 -21 -22 -23 23 -25 -26 26 -28 -29 29 -31
leaf_value=-0.0081926511337247765 -0.10823117982787903 0.077307830898634258 0.61057173855776004 -0.088733452159597215 0.21465983039417932 0.11287412479866382 0.63738300038235529 -0.21103057567593003 0.46278346548123017 0.5219538845792413 0.63647898674011227 -0.20958269170352389 -0.36729451825842258 -0.16410970594584942 0.64846414409053155 0.34157012812793253 0.050827313945060827 0.65936421597876194 -0.072139360651373857 -0.017595301215352077 -0.078296936098715006 -0.35533265924419871 0.17716290700472584 0.64312031374589818 -0.2454221415411342 0.073644264328473791 -0.049321181320402398 0.45812242669494524 0.1145910527134419 0.28765161593190647
leaf_weight=69901 782 734 43 415 43 129 56 139 56 40 45 63 64 75 71 40 41 41 80 5586 407 44 242 74 55 3745 667 76 1492 319
leaf_count=69901 782 734 43 415 43 129 56 139 56 40 45 63 64 75 71 40 41 41 80 5586 407 44 242 74 55 3745 667 76 1492 319
internal_value=1.25381e-06 0.0365668 0.0666156 0.0638748 0.0779018 0.0521805 0.271644 0.0441598 0.0513651 0.0466313 0.142107 0.156885 -0.133425 -0.0231163 0.127593 0.233282 0.429686 -0.0701816 0.175725 0.000200287 0.0664269 0.120268 0.140198 0.28628 0.0017325 0.0426924 0.0550545 0.145818 0.133152 0.145075
internal_weight=85565 15664 8577 8534 7349 5247 185 5062 4923 4867 2102 1995 107 1185 282 207 112 903 121 7087 1501 1094 1050 316 95 4827 4412 1950 1874 1811
internal_count=85565 15664 8577 8534 7349 5247 185 5062 4923 4867 2102 1995 107 1185 282 207 112 903 121 7087 1501 1094 1050 316 95 4827 4412 1950 1874 1811
is_linear=0
shrinkage=0.03


Tree=113
num_leaves=31
num_cat=0
split_feature=37 0 56 151 139 125 49 50 38 15 40 11 80 175 92 113 80 15 155 34 154 154 182 47 92 47 188 40 173 171
split_gain=27014.1 10633.9 11707.8 11578.9 9881.86 9875.94 9266.7 11989.2 9800.88 12809.5 11251.2 9834.91 8730.49 9931.5 9759.78 8532.97 8295.21 8358.54 8103.54 8057.98 8016.24 14521.2 12076.1 7625.35 11282.9 8462.08 7571.49 12105.3 9585.78 12706.5
threshold=16.035714149475101 1.0000000180025095e-35 3.9893616437911992 1.4097776561712965 188.45914355234052 0.85912698412698429 0.37108966708183294 0.34266573190689092 35.012821197509773 0.14678932178932183 3.1908737421035771 0.26542398070001044 0.3354982733726502 15.500000000000002 32.966666666666676 -0.30745540832588875 0.17297352850437167 0.047777777777777787 0.10378388197280135 19.166666984558109 0.0020695758243975304 -0.023025681651241907 61.500000000000007 0.76811501383781444 24.433035714285719 0.74256291985511791 13.500000000000002 4.4248015880584726 0.031521869591104902 16.048382312059406
decision_type=10 2 10 8 10 10 10 10 10 10 10 8 8 8 10 8 8 8 10 10 10 10 10 8 10 10 2 10 10 10
left_child=-1 4 3 -3 15 6 7 8 16 10 19 -12 -13 -14 -15 -2 17 -5 20 -10 21 26 -22 25 -25 -17 28 -28 29 -8
right_child=1 2 -4 5 -6 -7 18 -9 9 -11 11 12 13 14 -16 23 -18 -19 -20 -21 22 -23 -24 24 -26 -27 27 -29 -30 -31
leaf_value=-0.007495403481759642 0.4121784408422226 -0.023506813794158952 0.54106512673523111 0.51401933300879687 0.48217080599069589 0.47148069780123864 0.2346160398515722 -0.13143270887044758 0.17587248438170977 0.61452185866637865 -0.22391356158359296 0.49042054584393135 0.3828264200210571 -0.083470529571361071 0.37709795102477073 0.0053115561175896605 0.018730691444517195 -0.038080073842188207 0.42773152732768571 0.71839028201319954 -0.22807866779918021 0.69078586766123773 0.35596853294542852 0.48876691900193686 -0.035302830996285922 -0.33349757189181312 0.084710866357340958 -0.51812901361044061 0.045211039855398032 0.015440985054340002
leaf_weight=71436 47 1210 46 62 40 57 947 325 56 52 87 52 75 241 50 6788 2177 41 74 44 132 40 42 72 76 67 99 43 769 318
leaf_count=71436 47 1210 46 62 40 57 947 325 56 52 87 52 75 241 50 6788 2177 41 74 44 132 40 42 72 76 67 99 43 769 318
internal_value=1.21635e-06 0.037904 0.0640244 0.0608864 0.0119715 0.0785444 0.0746328 0.0414635 0.0605957 0.162687 0.123851 0.0662809 0.12668 0.0750013 -0.00433505 0.0093037 0.0311775 0.294252 0.118544 0.41458 0.108971 0.124367 -0.0871018 0.00659984 0.21965 0.00200007 0.113955 -0.0978392 0.128741 0.179519
internal_weight=85565 14129 7039 6993 7090 5783 5726 3262 2937 657 605 505 418 366 291 7050 2280 103 2464 100 2390 2216 174 7003 148 6855 2176 142 2034 1265
internal_count=85565 14129 7039 6993 7090 5783 5726 3262 2937 657 605 505 418 366 291 7050 2280 103 2464 100 2390 2216 174 7003 148 6855 2176 142 2034 1265
is_linear=0
shrinkage=0.03


Tree=114
num_leaves=31
num_cat=0
split_feature=38 37 87 87 43 40 32 164 136 173 40 8 182 144 106 137 89 8 131 14 66 142 95 137 46 41 80 15 172 76
split_gain=25744.1 8746.42 8681.08 10874.6 8241.92 11841.2 9247.42 9782.73 9009.49 10144.5 13049.5 8605.55 14096.6 12412.4 10875.1 10631.9 10189.1 10631.2 10000.6 12373.8 11994.3 11732.9 17341.2 14966.9 12834.7 18739.6 14673.2 12387.8 10658.9 9575.84
threshold=44.263767242431648 0.16940990835428241 11.965370751164707 11.856710684752633 6.5007576942443857 5.2785789966583261 10.211032390594484 5.7591667927572567 30.292857142857148 0.069989743862694728 5.1673974990844735 0.79633333333333345 39.500000000000007 0.73030303030303034 8.3000000000000025 94.833333333333357 17.166666666666668 0.76900000000000024 60.596130949267597 0.41500000000000009 0.56501489877700817 0.90000000000000013 0.41223354917786248 114.16666666666667 0.64861908555030834 3.8000891208648686 0.42141838371753698 -0.01012108331704774 -0.20934109870066098 0.70872735977172863
decision_type=10 10 10 10 10 10 10 10 8 10 10 10 8 10 10 10 8 10 8 10 10 8 8 10 10 10 10 8 8 8
left_child=1 -1 3 4 6 -6 7 8 9 10 -2 14 -13 29 16 -15 -8 18 -18 20 28 -22 23 -23 25 -24 -26 -27 -20 -14
right_child=2 -3 -4 -5 5 -7 11 -9 -10 -11 -12 12 13 15 -16 -17 17 -19 19 -21 21 22 24 -25 26 27 -28 -29 -30 -31
leaf_value=-0.012325016258506285 0.18409916775191532 0.0084586389400746406 -0.080321007223643423 0.47749997480919482 0.28407345709752058 -0.24893544080480934 0.40475109895286354 0.63849924304655625 -0.13114304870940172 0.036311660710383539 0.74167000598832966 0.64931559583315479 0.62897525425684653 -0.39669007844649828 0.49631428528577093 0.092845317768149596 -0.030806435938358682 -0.21636069214437156 -0.30973266416901923 0.51585437043688509 0.052148594722490421 0.45414511899330784 0.76292886484265321 -0.21971625456051661 0.95492115730047222 0.43970417314632371 0.25520291126504235 -0.071241492550235153 0.039746851657858857 0.14614484342661771
leaf_weight=50289 102 28580 393 57 49 160 69 42 78 132 60 52 59 52 48 172 1185 144 81 55 528 42 50 101 60 66 49 121 2590 99
leaf_count=50289 102 28580 393 57 49 160 69 42 78 132 60 52 59 52 48 172 1185 144 81 55 528 42 50 101 60 66 49 121 2590 99
internal_value=1.17984e-06 -0.00479358 0.0564764 0.0650059 0.0612415 -0.123972 0.0676536 0.204491 0.15549 0.231536 0.390607 0.0575787 0.185907 0.122826 0.0468455 -0.0207968 0.042649 0.0377229 0.0451474 0.0691937 0.0625326 0.150211 0.256093 -0.0217989 0.370945 0.247032 0.640369 0.109092 0.0291486 0.326442
internal_weight=85565 78869 6696 6303 6246 209 6037 414 372 294 162 5623 434 382 5189 224 5141 5072 4928 3743 3688 1017 489 143 346 237 109 187 2671 158
internal_count=85565 78869 6696 6303 6246 209 6037 414 372 294 162 5623 434 382 5189 224 5141 5072 4928 3743 3688 1017 489 143 346 237 109 187 2671 158
is_linear=0
shrinkage=0.03


Tree=115
num_leaves=31
num_cat=1
split_feature=45 1 173 74 67 183 140 34 105 151 151 14 81 36 136 95 118 117 105 155 154 126 88 74 51 137 45 132 182 197
split_gain=24384.2 14308.1 11227.1 11005.2 13622.8 9694.78 9152.61 14696.9 10379.8 13114.4 12725.8 9743.96 8562.5 9229.89 11503.4 11660.5 9173.43 9034.76 19140.2 11823.3 11940.5 11433 11334.5 11542.9 11171 9941.29 15393.1 13172.7 10757 8868.04
threshold=0.13921189308166507 2.5000000000000004 -0.25738040940168289 0.36198039352893835 0.19732846319675448 21.500000000000004 99.045454545454561 98.166667938232436 6.166666666666667 2.0198215992144535 0.61424728022232344 0.10500000000000002 73.833333333333357 60.327621459960945 19.950000000000003 0.34244920891067726 0.36250712458742901 0.47237519529386912 8.1666666666666696 0.093549132924972703 0.037717477296335428 0.59023809523809534 10.566964285714286 0.55856129527091991 0.98437500000000011 145.50000000000003 0.59317129850387584 64.292857142857159 52.500000000000007 0
decision_type=10 8 8 10 8 10 10 10 10 10 8 10 10 10 8 10 8 10 10 10 10 10 8 10 8 10 10 8 10 9
left_child=-1 2 -2 6 -5 12 -4 8 9 10 -8 -11 13 16 -15 -16 -6 18 19 20 24 -21 -19 -24 -17 29 27 -27 -28 -26
right_child=1 -3 3 4 5 -7 7 -9 -10 11 -12 -13 -14 14 15 17 -18 22 -20 21 -22 -23 23 -25 25 26 28 -29 -30 -31
leaf_value=-0.007612600055074914 0.50437845014035698 -0.030509233326709004 0.027831046097469555 -0.025822076135559108 0.44197036550258811 0.43207158172130583 0.61182647413828151 0.5776219593990044 -0.12455202399412306 0.20818923852623325 0.096864471989195094 0.75848949108971275 -0.19193934443936897 0.50676469410052061 -0.33437074435384651 0.54784623593091963 0.015229558243074192 -0.41130821139995866 0.76321351014986261 0.10178737704346819 -0.2283541589749582 0.80603196727378024 0.37382705773576164 -0.13041111982402812 0.12141107439970956 0.38084458050504322 0.70330115206539623 -0.34637363300603979 0.17919474008537473 -0.035114553141385667
leaf_weight=69791 48 2608 1657 3056 46 60 44 61 164 73 2344 48 130 61 57 51 3142 65 41 41 99 42 64 113 927 40 80 51 63 498
leaf_count=69791 48 2608 1657 3056 46 60 44 61 164 73 2344 48 130 61 57 51 3142 65 41 41 99 42 64 113 927 40 80 51 63 498
internal_value=1.14404e-06 0.0336876 0.0464041 0.0447284 0.0252373 0.0527524 0.0834663 0.117185 0.106678 0.121792 0.106353 0.42649 0.0486962 0.0544037 0.100307 0.0891989 0.021387 0.100299 0.121934 0.108037 0.091973 0.458152 -0.0725064 0.0519123 0.110518 0.0970742 0.2783 -0.0267173 0.472401 0.0673151
internal_weight=85565 15774 13166 13118 8727 5671 4391 2734 2673 2509 2388 121 5611 5481 2293 2232 3188 2175 1933 1892 1809 83 242 177 1710 1659 234 91 143 1425
internal_count=85565 15774 13166 13118 8727 5671 4391 2734 2673 2509 2388 121 5611 5481 2293 2232 3188 2175 1933 1892 1809 83 242 177 1710 1659 234 91 143 1425
cat_boundaries=0 1
cat_threshold=49
is_linear=0
shrinkage=0.03


Tree=116
num_leaves=31
num_cat=0
split_feature=38 1 45 113 189 189 14 33 33 171 177 73 83 140 136 62 91 21 96 168 17 32 134 8 83 41 79 174 42 138
split_gain=23069.6 16551.2 13297.8 11133.7 11458.4 11764 14521.6 16225.8 10703.4 12298.8 12057.1 13192.8 11827.1 10221.1 10096.2 10042.9 10980.3 9970.48 9799.76 9709.53 9616.46 9077.38 8947.12 9624.98 8826.72 8822.8 8630.49 11667 12138.5 9767.47
threshold=19.086667060852054 1.5000000000000002 0.9574275314807893 -0.30745540832588875 113.95 670.15000000000009 0.085000000000000034 122.50000000000001 119.50000000000001 6.4657501131296167 39.500000000000007 0.60519230365753185 65.831404775923332 77.881944444444457 28.861904761904764 0.51887464523315441 24.38085758202477 0.39500000000000007 0.3435683496087053 0.49609279609279616 42.500000000000007 19.795873641967777 26.100000000000005 0.25450000000000012 54.373317347254719 5.666802406311036 0.52846240997314464 17.500000000000004 4.8582000732421884 115.50000000000001
decision_type=10 8 8 8 2 2 8 10 10 10 10 8 8 8 8 8 8 2 8 8 2 10 8 8 10 10 10 8 10 10
left_child=-1 2 3 -2 14 8 13 15 10 -10 11 25 26 -7 17 -8 18 -5 -17 -16 -18 -15 24 -24 -3 -6 27 -13 29 -29
right_child=1 22 -4 4 5 6 7 -9 9 -11 -12 12 -14 21 19 16 20 -19 -20 -21 -22 -23 23 -25 -26 -27 -28 28 -30 -31
leaf_value=-0.0073725882590451432 0.51390005061402921 0.37373900015069089 0.58718091144811269 0.05431304262401393 -0.1058982340053925 -0.30107526178105493 0.43701087664280619 0.63813159212714332 0.075533541162808734 -0.55339764226932775 0.3314322661240417 0.58141686022281647 -0.15423535183719966 0.017760603862976176 0.60476265414509656 0.21812859124289108 0.21628462155040637 0.5091398067907853 -0.27952836016440286 0.14597439850603885 -0.17158297603699699 0.47552619758248327 0.10185523566593348 -0.0011037774016503432 -0.044903816975506425 -0.49933307187897813 0.016964015609042329 -0.31123089976229906 0.56530411964509542 0.21450394614883089
leaf_weight=69901 48 46 43 3067 611 89 84 61 45 74 83 68 207 1539 43 52 407 44 113 1203 67 40 1156 2788 3097 56 364 59 41 69
leaf_count=69901 48 46 43 3067 611 89 84 61 45 74 83 68 207 1539 43 52 407 44 113 1203 67 40 1156 2788 3097 56 364 59 41 69
internal_value=1.41288e-06 0.0329081 0.0609397 0.0582882 0.0557111 0.0199011 0.0617788 0.168269 -0.0413297 -0.315567 -0.0203835 -0.0401806 0.0413368 0.011726 0.0896471 0.128626 0.0880873 0.0607458 -0.122691 0.161807 0.161459 0.0293569 -0.00101705 0.0290739 -0.0387767 -0.13893 0.108697 0.249586 0.116069 -0.027827
internal_weight=85565 15664 8577 8534 8486 4129 2452 784 1677 119 1558 1475 808 1668 4357 723 639 3111 165 1246 474 1579 7087 3944 3143 667 601 237 169 128
internal_count=85565 15664 8577 8534 8486 4129 2452 784 1677 119 1558 1475 808 1668 4357 723 639 3111 165 1246 474 1579 7087 3944 3143 667 601 237 169 128
is_linear=0
shrinkage=0.03


Tree=117
num_leaves=31
num_cat=0
split_feature=37 0 56 151 21 130 45 44 33 137 178 139 115 119 22 15 140 182 171 29 131 33 137 90 14 75 15 173 140 44
split_gain=21951.3 9583.64 10890.4 10768.9 9390.99 15483.2 9433.44 10100 10527.9 9550.49 11338.4 9167.6 8730.92 12644.6 9906.04 10626.4 10784.3 10644.1 14371 16467.8 10596.2 10532.6 11355.4 11010.1 10915.9 9894.24 9886.67 9689.46 8222.58 13321
threshold=16.035714149475101 1.0000000180025095e-35 3.9893616437911992 1.4097776561712965 0.40500000000000008 64.90000000000002 0.16064515709877017 4.0001425743103036 4.5000000000000009 157.16666666666671 4.5290363310524606 188.45914355234052 0.025592137948965955 0.45079742519816157 74.500000000000014 0.13237365368682688 126.30952380952382 54.500000000000007 18.97189632058144 18.899999618530277 71.506850789284556 66.500000000000014 85.500000000000014 28.325000000000003 0.010000000000000007 0.63386571407318126 -0.16771943573667705 0.068942886389550109 118.83974358974361 4.333367347717286
decision_type=10 2 10 8 2 10 10 10 10 8 10 10 8 10 2 10 10 8 10 10 10 10 10 10 10 10 8 10 10 10
left_child=-1 11 3 -3 6 -6 -5 9 -9 -8 -11 -2 13 28 15 17 25 18 19 21 26 22 23 -14 -23 -17 -19 -16 -10 -30
right_child=1 2 -4 4 5 -7 7 8 12 10 -12 -13 14 -15 27 16 -18 20 -20 -21 -22 24 -24 -25 -26 -27 -28 -29 29 -31
leaf_value=-0.0067563492116839491 0.0069801308265322465 -0.025448881025857115 0.51905184708373697 -0.012912877004843349 0.61559308682402514 -0.034895602433942255 -0.0077191998558036783 0.56574275167092036 0.01172554818939575 0.52249384362356999 -0.032264502843221021 0.46243750923871996 0.090622366206212474 0.68731522700365844 -0.24219592445925492 0.3303771415694815 0.64646587261557575 0.40355238180658587 0.73130551082331952 -0.31288757939492501 -0.31721711272778713 0.20609216220184295 0.029339238551629194 0.7739180293461172 0.66864363661287596 -0.15736688115530545 0.046144265481757638 0.19813502710943037 0.76208727918068564 0.14516026542016439
leaf_weight=71436 7050 1210 46 1074 73 60 1247 46 142 70 63 40 44 51 146 122 60 73 41 62 69 121 314 41 74 54 1521 65 45 105
leaf_count=71436 7050 1210 46 1074 73 60 1247 46 142 70 63 40 44 51 146 122 60 73 41 62 69 121 314 41 74 54 1521 65 45 105
internal_value=1.37012e-06 0.0341683 0.0589652 0.0559388 0.0729679 0.32214 0.0671024 0.0858822 0.115169 0.0180551 0.259714 0.00954971 0.108589 0.251469 0.0911304 0.107198 0.299136 0.0880036 0.186416 0.15236 0.0467569 0.200921 0.112608 0.420212 0.381625 0.180728 0.0625124 -0.106549 0.175345 0.330238
internal_weight=85565 14129 7039 6993 5783 133 5650 4576 3196 1380 133 7090 3150 343 2807 2596 236 2360 697 656 1663 594 399 85 195 176 1594 211 292 150
internal_count=85565 14129 7039 6993 5783 133 5650 4576 3196 1380 133 7090 3150 343 2807 2596 236 2360 697 656 1663 594 399 85 195 176 1594 211 292 150
is_linear=0
shrinkage=0.03


Tree=118
num_leaves=31
num_cat=1
split_feature=38 124 159 151 14 173 103 145 128 108 81 152 197 46 84 14 129 26 37 27 17 91 170 127 151 30 55 74 32 81
split_gain=20955.3 8414.98 10740.4 14669 9440.38 13143.5 9125.74 9858.3 9143.43 8347.04 8242.4 10135.1 8106.62 14162 9746.28 10270 8726.27 8191.34 7583.48 7784.94 7519.08 7379.88 8653.28 7312.23 10192.5 11287.9 7573.73 7518.13 8920.46 7758.93
threshold=44.263767242431648 5.3406844562959401 0.36352498071141032 0.98457133355174753 -0.16999999999999993 0.059759236648412407 3.7689433989116199 7.5833333333333348 0.55575396825396839 5.1380952380952394 64.833333333333357 0.63961038961038974 0 0.52394837141036998 60.825757575757585 1.0000000180025095e-35 63.500000000000007 2.5000000000000004 0.16940990835428241 9.5000000000000018 18.500000000000004 23.469565851279512 28.083333333333339 0.74325521599097877 1.264141057248684 11.905345916748049 3.966666698455811 0.27752193808555609 10.801315784454347 73.833333333333357
decision_type=10 8 8 8 8 10 10 10 8 10 10 10 9 8 8 8 10 2 10 10 2 10 10 10 8 10 10 8 10 10
left_child=18 6 -3 4 -4 -6 7 8 20 -8 11 -7 13 -5 -15 -16 -17 -14 19 -1 -2 -10 -23 24 25 -19 27 28 -26 -29
right_child=1 2 3 12 5 10 9 -9 21 -11 -12 -13 17 14 15 16 -18 23 -20 -21 -22 22 -24 -25 26 -27 -28 29 -30 -31
leaf_value=-0.010493121897384324 -0.30538970787349123 -0.41395174533128737 0.65630172095868899 0.025707327674683783 0.0067842901540252397 -0.10011715099215507 -0.30964312025516694 0.42931609251919911 0.3625149999372661 0.02613312208483165 0.76196152479751256 0.50345962169189606 -0.23644244720430477 0.022311900577374866 0.78265214682346385 -0.042420772939193538 0.54802424740791311 0.11058753198385238 0.0080152378212255664 -0.17635140344122191 0.0044224565504172629 -0.17835556982085107 0.23858349405960844 0.27039658574486958 0.5483318869178665 -0.42684903414109171 0.40754756336223408 0.048528165214094858 0.022174275682853729 -0.15815188242232098
leaf_weight=50033 119 42 46 248 159 42 169 51 80 110 41 62 92 56 62 41 50 60 28580 256 173 96 84 131 58 85 53 4258 58 170
leaf_count=50033 119 42 46 248 159 42 169 51 80 110 41 62 92 56 62 41 50 60 28580 256 173 96 84 131 58 85 53 4258 58 170
internal_value=1.32924e-06 0.0509538 0.0640528 0.067531 0.255767 0.19516 -0.0353924 0.0302469 -0.00662357 -0.177258 0.401724 0.259707 0.05538 0.175185 0.360937 0.484878 0.282 0.0439113 -0.00432455 -0.0113374 -0.121837 0.12277 0.016216 0.0492944 0.0431863 -0.204461 0.0509977 0.046839 0.285253 0.0405933
internal_weight=85565 6696 5814 5772 350 304 882 603 552 279 145 104 5422 457 209 153 91 4965 78869 50289 292 260 180 4873 4742 145 4597 4544 116 4428
internal_count=85565 6696 5814 5772 350 304 882 603 552 279 145 104 5422 457 209 153 91 4965 78869 50289 292 260 180 4873 4742 145 4597 4544 116 4428
cat_boundaries=0 1
cat_threshold=35
is_linear=0
shrinkage=0.03


Tree=119
num_leaves=31
num_cat=0
split_feature=68 10 5 76 175 138 124 170 178 174 134 130 136 133 122 189 90 131 84 76 188 173 127 90 92 79 158 88 45 29
split_gain=19857.6 9852.87 15736.6 9428.75 13520.2 11405.8 10968.6 10427.9 12667.9 13270.8 14635.2 10488.7 9988.53 11408.3 11438.9 12298.8 11621.5 10257.6 9089.71 9003.35 8857.45 9554.36 9572.71 8911.39 9901.74 8780.37 8480.62 9829.6 8601.52 8443.85
threshold=0.21483516693115237 0.38651515151515153 1.0000000180025095e-35 0.4433791339397431 121.50000000000001 93.100000000000009 4.8969212623813023 23.083333333333339 4.5560583207642038 16.500000000000004 25.500000000000004 65.100000000000009 30.483333333333338 26.166666666666668 5.4051598858996881 969.05000000000007 23.366666666666671 59.651730084329053 60.781746031746039 0.47803597152233129 10.500000000000002 0.18060642724958859 0.81912194157689211 32.366666666666674 36.055555555555564 0.5777665674686433 0.43332000076281441 11.345238095238097 0.58898946642875682 18.266667366027836
decision_type=10 8 2 8 10 10 8 10 10 10 10 10 10 10 10 2 10 10 10 8 2 10 10 10 8 10 8 8 8 10
left_child=-1 29 3 4 6 19 -3 8 11 -10 -11 18 13 14 15 16 -8 -18 -7 -5 21 22 23 -9 -25 -23 -15 -28 -29 -2
right_child=1 2 -4 5 -6 7 12 20 9 10 -12 -13 -14 26 -16 -17 17 -19 -20 -21 -22 25 -24 24 -26 -27 27 28 -30 -31
leaf_value=-0.0052502218035175617 -0.017224717498619559 -0.1533213269042854 -0.13730319642265079 -0.38856342512985753 -0.11117808882395426 -0.28150204327744499 0.77969292181175809 0.080233923000596508 0.12746340936292774 1.0674674282527783 0.279676183200464 0.48733757069136235 0.63113310092482067 -0.32890173859712557 0.67574582000715389 -0.20117383174274278 -0.14754914296434279 0.3841475951608932 0.14877987002906126 -0.0063691651785727195 -0.092646899174524497 0.56967343704774975 0.49267802131936905 -0.09839147697220002 0.26358731441105471 0.029745437198359034 0.54118751833384682 0.20320933341103442 -0.24946995508670802 0.40189967093142592
leaf_weight=75585 2576 65 355 58 135 71 43 3434 69 44 41 47 58 41 70 46 47 107 117 1273 306 66 47 489 79 46 44 102 60 44
leaf_count=75585 2576 65 355 58 135 71 43 3434 69 44 41 47 58 41 70 46 47 107 117 1273 306 66 47 489 79 46 44 102 60 44
internal_value=1.28901e-06 0.0397744 0.0575592 0.0674344 0.163156 0.0547789 0.21738 0.0761041 0.225079 0.43656 0.687474 0.0864913 0.256369 0.217554 0.33784 0.240501 0.343633 0.221877 -0.0137202 -0.0230238 0.0631309 0.0745868 0.0670262 0.0620273 -0.0480458 0.347917 0.0651273 0.143551 0.0355503 -0.010186
internal_weight=85565 9980 7360 7005 818 6187 683 4856 389 154 85 235 618 560 313 243 197 154 188 1331 4467 4161 4049 4002 568 112 247 206 162 2620
internal_count=85565 9980 7360 7005 818 6187 683 4856 389 154 85 235 618 560 313 243 197 154 188 1331 4467 4161 4049 4002 568 112 247 206 162 2620
is_linear=0
shrinkage=0.03


Tree=120
num_leaves=31
num_cat=0
split_feature=45 1 74 67 183 140 34 105 151 151 14 73 44 131 31 74 31 81 39 45 39 84 27 83 15 81 36 136 95 120
split_gain=19042.4 12534.5 10618.2 11109.9 8956.32 8707.38 13273.1 9850.39 12093.9 11960.3 9030.19 8319.42 8211.46 10194.5 8102.25 8827.45 16700.7 8377.68 16710.6 12086.8 8740.72 8217.4 7986.34 11356.6 7951.63 7774.72 7970.24 10809.8 11150.9 8814.67
threshold=0.13921189308166507 2.5000000000000004 0.36198039352893835 0.19732846319675448 21.500000000000004 99.045454545454561 98.166667938232436 6.166666666666667 2.0198215992144535 0.61424728022232344 0.10500000000000002 0.37087121605873113 4.9891259670257577 59.005922420277258 15.516666889190676 0.3505645245313645 10.345237731933596 66.833333333333357 1.912878751754761 0.46247655153274542 9.0263156890869158 68.966666666666683 15.500000000000002 69.386770114317429 -0.13140289264000599 73.833333333333357 60.327621459960945 19.950000000000003 0.34244920891067726 0.46957512231047865
decision_type=10 8 10 8 10 10 10 10 10 8 10 10 10 10 8 10 10 10 10 10 10 10 10 10 8 10 10 8 10 10
left_child=-1 2 5 -4 25 22 7 8 9 -7 -10 -9 -3 -14 15 17 -17 20 -19 -20 21 -11 24 -24 -2 26 -5 -28 -29 -30
right_child=1 12 3 4 -6 6 -8 11 10 14 -12 -13 13 -15 -16 16 -18 18 19 -21 -22 -23 23 -25 -26 -27 27 28 29 -31
leaf_value=-0.0067270552908426026 -0.22888379336866949 -0.050188636536615976 -0.023433235813059665 0.01833111027995557 0.41197494792938227 0.59242065659978171 0.5499681625503009 0.031006144897805316 0.19957544877410752 0.031510825643604065 0.72933677621185777 -0.41958609360669336 0.48797446933057576 0.035722236488787633 -0.069365825693647146 0.10021450341156084 0.86288485662639136 0.66597801191884953 0.064272166583542678 0.44033336549997326 0.44594814135747796 0.40559731539812949 -0.2120631567137064 0.32060699975767798 0.072226417581358532 -0.18581134220384635 0.4855940038649762 -0.33339838831048263 0.11010189954309264 -0.10584751748029261
leaf_weight=69791 84 2289 3070 3202 60 44 61 108 73 1351 48 56 54 265 247 73 40 61 387 96 51 55 222 43 1308 130 61 57 1992 186
leaf_count=69791 84 2289 3070 3202 60 44 61 108 73 1351 48 56 54 265 247 73 40 61 387 96 51 55 222 43 1308 130 61 57 1992 186
internal_value=1.25028e-06 0.0297702 0.0416725 0.022559 0.0473826 0.0796478 0.112371 0.102448 0.117076 0.102352 0.409729 -0.122855 -0.0303162 0.112279 0.093219 0.112215 0.370186 0.0976473 0.198107 0.139017 0.0601389 0.0461444 0.0253192 -0.12563 0.054056 0.0434957 0.0489176 0.0915736 0.0808195 0.0916599
internal_weight=85565 15774 13166 8758 5688 4408 2751 2690 2526 2405 121 164 2608 319 2361 2114 113 2001 544 483 1457 1406 1657 265 1392 5628 5498 2296 2235 2178
internal_count=85565 15774 13166 8758 5688 4408 2751 2690 2526 2405 121 164 2608 319 2361 2114 113 2001 544 483 1457 1406 1657 265 1392 5628 5498 2296 2235 2178
is_linear=0
shrinkage=0.03


Tree=121
num_leaves=31
num_cat=0
split_feature=38 87 87 43 40 32 162 94 100 171 189 66 131 168 132 41 139 135 144 72 82 50 144 14 93 92 93 96 117 32
split_gain=17938 8031.81 10061.7 7768.86 11161 8590.34 9199.53 8503.96 13644.3 11056.8 10396.9 10335.2 12378.3 10768.6 9597.47 9800.73 14620.9 19476.1 12060.3 11441.3 12502 11478 9568.35 21595.6 10506.5 9550.51 15916.2 11675 10039.1 12022
threshold=44.263767242431648 11.965370751164707 11.856710684752633 6.5007576942443857 5.2785789966583261 10.211032390594484 5.7452031947946827 0.37170844633625144 1.9997150997151001 21.459164500236515 257.90000000000003 0.47849099338054663 60.543269129239015 0.51150793650793669 68.174242424242451 3.7618800401687627 94.8493208447819 26.663881786917027 0.86190476190476206 0.80726328492164623 62.100000000000009 0.62159928679466259 0.96875000000000011 -0.15999999999999992 0.38509914293763975 24.720779220779225 0.41719342745704252 0.41239911579873251 0.47237519529386912 12.294786453247072
decision_type=10 10 10 10 10 10 10 8 10 10 2 10 8 8 10 10 8 10 8 8 8 10 10 8 10 8 10 8 10 10
left_child=-1 2 3 5 -5 6 -2 8 9 10 22 -9 -13 -14 15 16 -15 -18 -19 21 -21 25 23 -7 -25 -17 27 -27 29 -28
right_child=1 -3 -4 4 -6 7 -8 11 -10 -11 -12 12 13 14 -16 19 17 18 -20 20 -22 -23 -24 24 -26 26 28 -29 -30 -31
leaf_value=-0.0040011315552178801 0.14232007172980135 -0.084439407509275283 0.45212439158245138 0.26805877198978345 -0.24941451826295816 0.78696397516704519 0.61071054680006842 -0.0070237814383190067 0.54580638662668379 -0.26088035685320698 0.001005428581922353 -0.044667933418935428 0.48315191333610064 -0.098566376136408909 -0.073012922983032455 -0.27551584531279172 0.92995228086818338 0.61406065870415072 -0.035367855496944919 0.64890664546306309 0.12412709641456603 -0.17435939252006341 0.016358795350941712 0.10764319100406732 0.54697605499625201 0.10417978942394256 -0.17476910731993442 0.76324948612411148 -0.31535379696567106 0.23839873348264201
leaf_weight=78869 372 393 57 49 160 65 42 2702 65 72 367 489 74 54 213 51 55 44 62 65 110 161 167 267 60 41 86 59 53 241
leaf_count=78869 372 393 57 49 160 65 42 2702 65 72 367 489 74 54 213 51 55 44 62 65 110 161 167 267 60 41 86 59 53 241
internal_value=1.21332e-06 0.0471429 0.0553473 0.0517263 -0.128093 0.0579516 0.189838 0.0482414 0.124654 0.0972239 0.125068 0.0304286 0.0848937 0.131173 0.111059 0.147295 0.328608 0.471883 0.234206 0.102333 0.319045 0.0475291 0.206519 0.28753 0.188255 0.114806 0.156278 0.493031 0.0676584 0.129737
internal_weight=85565 6696 6303 6246 209 6037 414 5623 1063 998 926 4560 1858 1369 1295 1082 215 161 106 867 175 692 559 392 327 531 480 100 380 327
internal_count=85565 6696 6303 6246 209 6037 414 5623 1063 998 926 4560 1858 1369 1295 1082 215 161 106 867 175 692 559 392 327 531 480 100 380 327
is_linear=0
shrinkage=0.03


Tree=122
num_leaves=31
num_cat=0
split_feature=37 0 56 151 21 130 139 45 44 179 74 15 78 126 26 42 74 75 29 29 28 183 113 15 190 171 177 188 83 40
split_gain=17322.7 8840.78 9841.73 10022.6 8819.52 14509.9 8548.58 8255.73 9124.1 10464 11494.5 10091.5 13955.3 9400.39 10621.9 7975.34 10329.5 9039.92 8135.43 9726.18 11491.2 11102.8 7775.08 7673.83 15558.7 11310.4 15174.6 8100.01 9916 9220.06
threshold=16.035714149475101 1.0000000180025095e-35 3.9893616437911992 1.4097776561712965 0.40500000000000008 64.90000000000002 188.45914355234052 0.16064515709877017 4.1477947235107431 5.6486570916440959 0.63005554676055919 -0.035995176151330403 0.37392963469028478 0.78642857142857159 120.50000000000001 3.8940658569335942 0.16028665006160739 0.5219314992427827 15.449999809265138 12.900000095367433 13.166666507720949 8.5000000000000018 -0.30745540832588875 0.13237365368682688 357.50000000000006 10.934192836284639 26.500000000000004 10.500000000000002 66.055514788641545 4.500077724456788
decision_type=10 2 10 8 2 10 10 10 10 8 10 8 10 10 2 10 10 10 10 10 10 10 8 10 2 8 10 2 10 10
left_child=-1 6 3 -3 7 -6 22 -5 9 10 15 12 -11 14 23 17 -17 18 19 21 -21 -9 -2 27 -25 26 -26 -10 29 -29
right_child=1 2 -4 4 5 -7 -8 8 13 11 -12 -13 -14 -15 -16 16 -18 -19 -20 20 -22 -23 -24 24 25 -27 -28 28 -30 -31
leaf_value=-0.0060019514971692721 0.38879367722020031 -0.027224584308568354 0.49154490046527072 -0.012817539021622535 0.59327313281085392 -0.036439911164343357 0.44403803658485413 -0.065348484943497862 0.11446103926432098 0.86149770868197084 -0.30312851900989946 0.080346396488658448 0.11615954827803832 0.54901355307210575 -0.30568756354938853 0.25827416756004096 -0.10595237833208741 0.41205077405209123 -0.26476955565539267 0.74320409513101349 0.065643772476911541 0.26107884358642691 0.0016453855410571824 -0.18262659586559643 0.24401679360486089 0.18821700456763515 1.0023700668662785 0.31365765759721398 -0.40148070232041422 -0.20398880571126937
leaf_weight=71436 47 1210 46 1074 73 60 40 318 2202 40 111 295 52 44 55 80 565 69 66 41 50 133 7003 55 47 119 48 64 62 60
leaf_count=71436 47 1210 46 1074 73 60 40 318 2202 40 111 295 52 44 55 80 565 69 66 41 50 133 7003 55 47 119 48 64 62 60
internal_value=1.17619e-06 0.0303529 0.0541694 0.0512924 0.0677208 0.309192 0.00670768 0.0620366 0.0796051 0.0274763 -0.00990613 0.165898 0.44022 0.11403 0.106972 0.0147139 -0.060777 0.0866365 0.0497063 0.0880004 0.370918 0.030915 0.00422637 0.115515 0.26742 0.383086 0.627185 0.0984029 -0.0917045 0.0631836
internal_weight=85565 14129 7039 6993 5783 133 7090 5650 4576 1820 1433 387 92 2756 2712 1322 645 677 608 542 91 451 7050 2657 269 214 95 2388 186 124
internal_count=85565 14129 7039 6993 5783 133 7090 5650 4576 1820 1433 387 92 2756 2712 1322 645 677 608 542 91 451 7050 2657 269 214 95 2388 186 124
is_linear=0
shrinkage=0.03


Tree=123
num_leaves=31
num_cat=0
split_feature=38 1 45 92 139 45 113 179 31 26 6 140 22 34 137 190 170 138 169 21 171 14 182 74 75 27 170 10 189 179
split_gain=16415.6 13711.8 12307.7 10522.1 11263.5 10947.8 9421.93 9077.81 8560.03 10608 10449.4 12437.8 12122.9 12058.2 11958 10505.9 12111.5 10316.6 10419.6 13736.3 9955.93 9589.51 9123.91 8563.78 8526.07 8420.74 8326.85 8046.03 7955.66 7736.53
threshold=19.086667060852054 1.5000000000000002 0.9574275314807893 34.708333333333336 86.868458364596464 0.52086955308914196 -0.30745540832588875 3.9633353336261083 13.677083492279055 4.5000000000000009 0.39500000000000007 114.7638888888889 14.500000000000002 46.416666030883796 91.416666666666671 835.60000000000002 25.791666666666671 116.10000000000001 59.583333333333343 0.18500000000000003 11.275577813386919 -0.26499999999999985 51.500000000000007 0.26431424915790563 0.35811682045459753 28.500000000000004 29.583333333333339 0.34634424980959638 1678.9000000000003 4.1465971388736991
decision_type=10 8 8 8 10 10 8 8 8 2 10 10 2 10 10 2 10 10 10 2 10 8 8 10 8 10 10 8 2 8
left_child=-1 2 3 4 -2 7 -6 -5 10 -10 22 12 15 24 -13 20 -17 -16 -19 -20 -12 -11 23 -3 -14 -8 -27 -9 -29 -23
right_child=1 8 -4 5 6 -7 25 27 9 21 11 14 13 -15 17 16 -18 18 19 -21 -22 29 -24 -25 -26 26 -28 28 -30 -31
leaf_value=-0.0062191545115724903 -0.050442409025810993 0.17740160771406679 0.55954541740029362 0.54313203500849849 0.5022731832654348 -0.016259858699021291 0.047705031889501516 -0.085833535942920411 -0.4534057882699099 0.23259106028865981 -0.032722587010489315 0.67360098150372494 0.4093259765420641 -0.30174735598563235 -0.097982849503062991 0.81291474714875223 0.07466294413805008 0.56382487431649242 0.10056432194835731 0.67508918401671614 0.48329497405886651 0.074958084818563961 -0.036756086751116815 -0.00030023103888482736 -0.043239144233058094 0.65593717757430736 0.051314250848642204 0.1907133522222105 0.63496715784072877 -0.14410105816291868
leaf_weight=69901 1072 382 43 70 42 245 6507 86 66 91 212 40 42 163 132 40 40 62 433 41 40 190 3476 676 347 41 41 390 40 614
leaf_count=69901 1072 382 43 70 42 245 6507 86 66 91 212 40 42 163 132 40 40 62 433 41 40 190 3476 676 347 41 41 390 40 614
internal_value=1.14105e-06 0.0277594 0.0532735 0.0507225 0.0397813 0.152143 0.0543673 0.22255 -0.0031189 -0.0863632 0.00993982 0.0760622 0.00101879 -0.0851397 0.169761 0.14427 0.443789 0.13959 0.198097 0.15026 0.049185 -0.0592963 -0.0132774 0.0638605 0.00562393 0.0515122 0.353626 0.17906 0.232039 -0.0923334
internal_weight=85565 15664 8577 8534 7703 831 6631 586 7087 961 6126 1592 884 552 708 332 80 668 536 474 252 895 4534 1058 389 6589 82 516 430 804
internal_count=85565 15664 8577 8534 7703 831 6631 586 7087 961 6126 1592 884 552 708 332 80 668 536 474 252 895 4534 1058 389 6589 82 516 430 804
is_linear=0
shrinkage=0.03


Tree=124
num_leaves=31
num_cat=1
split_feature=193 175 10 7 113 87 78 12 138 34 80 67 85 173 126 132 65 82 50 93 72 8 29 130 11 43 11 29 33 70
split_gain=15830.4 16830.1 12766.2 11086.2 10668.4 10646.4 10196.1 14980.4 9860.12 11922 11515.1 16584.1 13595.1 9837.12 14580.3 9717.06 9477.47 11515.5 17614 15064.8 9226.45 10383.4 9553.65 11372.7 8921.1 8277.37 8008.4 7984.68 13045.8 9220.08
threshold=0 169.50000000000003 0.33192090395480228 0.91166666666666674 -0.30745540832588875 11.965370751164707 0.67536774277687084 0.72331748820276831 73.100000000000009 93.833332061767592 0.47879618406295782 1.0333333611488345 10.16666666666667 -0.0077044350920442419 0.68027777777777787 60.809090909090919 0.90000000596046459 59.900000000000006 0.40303386747837072 0.5096617761658454 0.82925575971603405 0.79633333333333345 20.44999980926514 64.366666666666688 0.14305253518526054 3.9583718776702885 0.64337068570716682 17.899999618530277 63.500000000000007 0.54362800717353832
decision_type=1 8 8 10 8 10 10 10 8 8 10 8 10 10 8 10 10 10 10 10 10 10 10 10 8 8 10 10 10 10
left_child=1 2 24 13 -3 6 8 -8 -6 25 11 12 -11 14 -4 -13 20 -18 -19 -20 21 22 -15 -24 -1 -10 -27 29 -29 -16
right_child=-2 4 3 -5 5 -7 7 -9 9 10 -12 15 -14 16 27 -17 17 18 19 -21 -22 -23 23 -25 -26 26 -28 28 -30 -31
leaf_value=0.037575622993748017 -0.0078214514503289669 0.49833154272507219 -0.10323788938799121 0.41944718753374538 -0.18716573216444388 -0.068757238564350204 0.62274181356781155 -0.023125005138331444 0.11249749411872789 0.94678436521972931 -0.10377015155294667 0.33475108545484406 0.26253325066092065 -0.0037130874407713776 0.091246278935310829 -0.11687549484893679 0.55599934405088425 0.59462429259051663 -0.24058841407299042 0.32609935433470777 -0.38692643665034193 0.46909461653814083 0.00088534648530185216 -0.58177960454241229 -0.040851215840531543 0.036778548902507147 -0.31666377990806505 0.57777699274589878 0.079487911262727182 -0.022260108212034148
leaf_weight=1689 62571 51 449 65 132 506 73 58 1779 56 69 106 49 4844 3043 72 55 47 128 63 58 41 64 57 5747 2612 59 74 131 817
leaf_count=1689 62571 51 449 65 132 506 73 58 1779 56 69 106 49 4844 3043 72 55 47 128 63 58 41 64 57 5747 2612 59 74 131 817
internal_value=1.10746e-06 0.0212819 0.00669032 0.0289383 0.0664078 0.0624537 0.0755619 0.336786 0.0686263 0.0756576 0.243729 0.328455 0.627467 0.0263668 0.0589921 0.152071 -0.00112443 0.164765 0.0743541 -0.0536705 -0.0107227 -0.00636398 -0.0102902 -0.273593 -0.0230375 0.062363 0.0289713 0.0769113 0.259358 0.0672217
internal_weight=85565 22994 17372 9936 5622 5571 5065 131 4934 4802 352 283 105 9871 4514 178 5357 293 238 191 5064 5006 4965 121 7436 4450 2671 4065 205 3860
internal_count=85565 22994 17372 9936 5622 5571 5065 131 4934 4802 352 283 105 9871 4514 178 5357 293 238 191 5064 5006 4965 121 7436 4450 2671 4065 205 3860
cat_boundaries=0 1
cat_threshold=4
is_linear=0
shrinkage=0.03


Tree=125
num_leaves=31
num_cat=1
split_feature=193 175 10 7 113 87 27 131 38 173 149 65 82 50 93 72 8 29 130 11 147 46 41 97 20 29 33 72 69 40
split_gain=14894.9 15835.4 12011.7 10431 10037.9 10017.2 9618.82 10061.7 14006.3 9255.75 13794.7 8917.35 10835 16573 14174.4 8681.16 9769.71 8989.03 10700.6 8419.94 8258.34 7975.34 7690.95 8919.24 7348.4 7423.66 12380.1 8841.31 13799.2 13397.3
threshold=0 169.50000000000003 0.33192090395480228 0.91166666666666674 -0.30745540832588875 11.965370751164707 21.500000000000004 61.960749261117407 72.194999694824233 -0.0077044350920442419 2.1666666666666674 0.90000000596046459 59.900000000000006 0.40303386747837072 0.5096617761658454 0.82925575971603405 0.79633333333333345 20.44999980926514 64.366666666666688 0.14842296991961143 5.9379406446809524 0.65856346487998974 4.3000228404998788 2.4972222222222227 1.5000000000000002 18.266667366027836 65.500000000000014 0.55342307686805736 0.62836956977844249 3.6664352416992192
decision_type=1 8 8 10 8 10 8 10 10 10 8 10 10 10 10 10 10 10 10 8 8 10 8 8 2 10 10 10 10 10
left_child=1 2 19 9 -3 6 -6 22 -9 10 -4 15 -13 -14 21 16 17 -11 -19 -1 -12 -15 -8 -24 25 27 -27 -22 -29 -30
right_child=-2 4 3 -5 5 -7 7 8 -10 11 20 12 13 14 -16 -17 -18 18 -20 -21 24 -23 23 -25 -26 26 -28 28 29 -31
leaf_value=0.033085350685684536 -0.0075868456936896977 0.48338159056051683 -0.10038186799692921 0.40686377516159644 0.061058190839061846 -0.066694520627822093 -0.2994034719726314 0.20105888615402837 0.71932478109995523 -0.0036016939410056939 0.40007895305428814 0.5393193589990789 0.5767855503140612 -0.052987112557446515 0.31631637442679633 -0.37531864436536 0.45502177867220667 0.00085878760088235132 -0.56432621830388119 -0.040730941493059912 0.076962898275135763 -0.5442447060219785 -0.072141420900821693 0.46081600152254104 0.38058893029369523 0.57508273887100503 0.052172141272861225 -0.21938316294248122 0.26340761490762232 -0.072607464718421666
leaf_weight=1852 62571 51 450 65 4657 506 46 184 63 4844 69 55 47 81 63 58 41 64 57 5584 3057 47 65 50 67 67 104 251 175 274
leaf_count=1852 62571 51 450 65 4657 506 46 184 63 4844 69 55 47 81 63 58 41 64 57 5584 3057 47 65 50 67 67 104 251 175 274
internal_value=1.04668e-06 0.0206435 0.00648961 0.0280702 0.0644156 0.0605801 0.073295 0.212969 0.333248 0.0255758 0.0572224 -0.0010907 0.159822 0.0721235 -0.0520603 -0.010401 -0.00617306 -0.00998152 -0.265385 -0.0223464 0.0746736 -0.233371 0.0284413 0.159579 0.0690534 0.0637395 0.257055 0.0549407 -0.0412333 0.0583561
internal_weight=85565 22994 17372 9936 5622 5571 5065 408 247 9871 4514 5357 293 238 191 5064 5006 4965 121 7436 4064 128 161 115 3995 3928 171 3757 700 449
internal_count=85565 22994 17372 9936 5622 5571 5065 408 247 9871 4514 5357 293 238 191 5064 5006 4965 121 7436 4064 128 161 115 3995 3928 171 3757 700 449
cat_boundaries=0 1
cat_threshold=4
is_linear=0
shrinkage=0.03


Tree=126
num_leaves=31
num_cat=0
split_feature=68 10 5 165 76 175 123 118 138 170 178 174 134 130 84 142 188 173 127 94 10 93 41 34 15 26 171 31 49 179
split_gain=14179.4 8196.52 14684.3 9189 9669.29 13006.1 9328.06 13505.1 8764.13 11367.1 13047.5 12026.3 11499.1 10266.7 10037.6 9202.98 9065.26 9457.57 9265.29 8632.57 10289.7 9669.35 8533.32 13123.3 9561.76 10211.6 9230.85 9104.48 8826.8 13890.2
threshold=0.21483516693115237 0.38651515151515153 1.0000000180025095e-35 0.34682539682539687 0.4433791339397431 121.50000000000001 5.6273050834032663 0.46752561776733687 93.100000000000009 23.083333333333339 4.5560583207642038 15.500000000000002 25.500000000000004 65.100000000000009 60.781746031746039 0.7333333333333335 10.500000000000002 0.18060642724958859 0.81912194157689211 0.38501652433427175 0.50238095238095248 0.51816006531078584 3.6000653505325322 76.166667938232436 -0.17203254075446803 92.500000000000014 17.852528840303425 15.806250095367433 0.57887187600135814 5.457509800870036
decision_type=10 8 2 8 8 10 10 10 10 10 10 10 10 10 10 10 2 10 10 10 8 10 10 10 8 2 10 10 8 10
left_child=-1 -2 3 -3 5 6 19 -8 -6 10 13 -12 -13 14 -10 -16 17 18 22 20 -5 -21 23 26 -24 28 -11 -27 -26 -30
right_child=1 2 -4 4 8 -7 7 -9 9 16 11 12 -14 -15 15 -17 -18 -19 -20 21 -22 -23 24 -25 25 27 -28 -29 29 -31
leaf_value=-0.0044366317559722326 -0.01195794751163117 -0.16049532268575564 -0.13840336657346972 0.19656723149542538 -0.01704068152656299 -0.10872201073260707 0.78696460108304833 0.15723746582865714 -0.30752392054048933 0.1392883424399006 0.12810831483814022 0.99308522556690448 0.30104158803820608 0.48963659007909399 0.48828845216830569 -0.068088156255808746 -0.10102663691976282 0.3447387796148248 0.48950748897095525 0.025730421476893951 0.74231168417768045 0.45933744380043612 0.32416554231429467 0.6492787586152553 -0.0077508178618175124 -0.048375782749437268 -0.15540275221586089 -0.54309609724925112 0.15068907163209133 -0.19740426984883969
leaf_weight=75585 2620 167 355 106 1302 131 58 65 67 903 62 47 40 45 45 66 303 109 45 324 44 54 96 42 1692 94 107 52 821 118
leaf_count=75585 2620 167 355 106 1302 131 58 65 67 903 62 47 40 45 45 66 303 109 45 324 44 54 96 42 1692 94 107 52 821 118
internal_value=9.88541e-07 0.03361 0.0498311 0.0593705 0.0647401 0.164016 0.218899 0.454182 0.0519208 0.0708077 0.230022 0.447378 0.674904 0.0847924 -0.0175558 0.15747 0.0572915 0.0690519 0.0614826 0.164088 0.356652 0.0876743 0.0565753 0.129676 0.0298083 0.0196325 0.108069 -0.224578 0.0331842 0.106946
internal_weight=85565 9980 7360 7005 6838 782 651 123 6056 4754 372 149 87 223 178 111 4382 4079 3970 528 150 378 3925 1052 2873 2777 1010 146 2631 939
internal_count=85565 9980 7360 7005 6838 782 651 123 6056 4754 372 149 87 223 178 111 4382 4079 3970 528 150 378 3925 1052 2873 2777 1010 146 2631 939
is_linear=0
shrinkage=0.03


Tree=127
num_leaves=31
num_cat=1
split_feature=193 175 10 7 113 138 34 50 67 67 151 87 173 126 96 65 67 169 72 8 29 130 12 17 89 173 28 174 38 12
split_gain=13590.8 14920.6 10906.6 9683.52 9441.14 9874.57 9752.4 10889.4 12652.2 15661.9 17406.6 9945.52 8687.42 13180.8 8611.06 8259.35 10452.8 11058.2 8260.29 9128.81 8555.94 10093.7 7976.12 7889.87 7192.6 7790.58 9811.45 9276.12 9369.65 9727.96
threshold=0 169.50000000000003 0.33192090395480228 0.91166666666666674 -0.30745540832588875 71.700000000000003 93.833332061767592 0.63699352741241466 0.63068181276321422 1.0333333611488345 1.1351516338472363 10.876687276801084 -0.0077044350920442419 0.68027777777777787 0.29782897916664997 0.90000000596046459 0.67708334326744091 66.083333333333357 0.82925575971603405 0.79633333333333345 20.44999980926514 64.366666666666688 0.16806856367566517 27.500000000000004 16.166666666666668 -0.11206436548271782 8.416666507720949 32.500000000000007 66.719806671142592 0.3665332608698344
decision_type=1 8 8 10 8 8 8 10 10 10 10 10 10 8 10 10 10 10 10 10 10 10 8 2 10 10 10 10 10 10
left_child=1 2 22 12 -3 -6 -7 8 11 10 -10 14 13 -4 -8 18 -17 23 19 20 -14 -22 -1 -18 -15 26 -26 28 -28 -30
right_child=-2 4 3 -5 5 6 7 -9 9 -11 -12 -13 15 24 -16 16 17 -19 -20 -21 21 -23 -24 -25 25 -27 27 -29 29 -31
leaf_value=0.025181768225082508 -0.0072471566203208835 0.46852912692462695 -0.099447222465694887 0.39151291088874524 -0.18847349154631751 0.053184788309654472 0.59577163121766508 -0.21845414254130149 1.1541247658396876 0.011541684953177847 0.31454942006131875 -0.083318036571828596 -0.0039875100088287698 0.41576222817103065 0.11241531538928663 0.48876302644839659 0.0085191353747719207 -0.28062268771940752 -0.36661635030960216 0.43928046030242268 -0.00080358131323009729 -0.54972613218583555 -0.04217850866950195 0.42826594821044378 0.067921075840743722 0.090258470338621499 -0.17144567970765157 -0.459303109080065 0.48630560584366322 -0.14715966065973043
leaf_weight=2283 62571 51 449 65 142 5001 54 49 43 41 46 109 4844 54 86 65 95 63 58 41 64 57 5153 70 577 3076 206 64 48 40
leaf_count=2283 62571 51 449 65 142 5001 54 49 43 41 46 109 4844 54 86 65 95 63 58 41 64 57 5153 70 577 3076 206 64 48 40
internal_value=9.58611e-07 0.019719 0.00597998 0.0265439 0.0622078 0.0584881 0.0649476 0.202391 0.256801 0.496691 0.720187 0.131557 0.0241406 0.0548002 0.298853 -0.00169428 0.153168 0.0574943 -0.0106545 -0.00653033 -0.0102117 -0.259387 -0.0214976 0.186594 0.0718376 0.0672073 -0.00862724 -0.132003 -0.0607535 0.198367
internal_weight=85565 22994 17372 9936 5622 5571 5429 428 379 130 89 249 9871 4514 140 5357 293 228 5064 5006 4965 121 7436 165 4065 4011 935 358 294 88
internal_count=85565 22994 17372 9936 5622 5571 5429 428 379 130 89 249 9871 4514 140 5357 293 228 5064 5006 4965 121 7436 165 4065 4011 935 358 294 88
cat_boundaries=0 1
cat_threshold=4
is_linear=0
shrinkage=0.03


Tree=128
num_leaves=31
num_cat=1
split_feature=37 42 0 134 55 125 94 76 164 197 171 190 179 95 89 131 79 26 80 92 32 69 15 139 30 177 14 41 113 170
split_gain=13008.2 8894.63 8810.09 9036.43 11679.1 8374.9 10304.5 10316 9480.24 8173.92 10761.8 14484.6 11750.5 10707.4 13622.4 10633 10041.8 8910.17 8469.99 8099.44 20282.8 10779.8 9766.5 7972.38 7794.23 11023.4 14502.2 7683.72 7917.29 7150.94
threshold=16.035714149475101 1.6752015352249148 1.0000000180025095e-35 28.100000000000005 3.5166666507720952 0.39722222222222231 0.54017300173658189 0.34862826764583593 5.9729390360609953 0 8.4256644845008868 545.65000000000009 4.2141281430873647 0.38952820221384449 29.166666666666668 58.641111893719646 0.17463646829128268 18.500000000000004 0.25496444106101995 21.174242424242429 5.770838975906373 0.67500001192092907 -0.043309110503773431 188.45914355234052 16.480546951293949 34.500000000000007 0.039999999999999959 2.6667493581771855 -0.30745540832588875 18.916666666666671
decision_type=10 10 2 8 10 8 10 10 8 9 10 2 10 10 10 10 8 2 10 8 10 8 8 10 10 10 8 10 8 10
left_child=-1 -2 23 5 9 -4 19 -8 -9 10 17 12 -12 -13 -15 -11 -17 -5 -14 20 -7 22 -22 27 -18 26 -26 -3 -29 -21
right_child=1 2 3 4 -6 6 7 8 -10 15 11 13 18 14 -16 16 24 -19 -20 29 21 -23 -24 -25 25 -27 -28 28 -30 -31
leaf_value=-0.0052011925540423479 0.43831739255722535 -0.14519966505327314 -0.18801256668926389 0.24812439177244427 0.55377961752366045 -0.26822225565495694 0.026654155133292078 0.16833188282325862 0.76457771420478826 0.39618034772776267 0.14836673140525816 -0.2265853478358342 1.0816588175296784 0.61446657790976056 -0.022356643311439019 0.49085516847488353 -0.011920818068339166 -0.0089450407028198228 0.46428578191995623 0.39549520946649275 0.53838322797600102 0.66849732568708509 0.023058420844814354 0.42362731826305389 0.6699704775866121 -0.14976529776471956 0.038510562039133327 0.41632264253284246 0.0031342982828988504 0.006489807757656724
leaf_weight=71436 47 318 162 189 49 69 96 48 48 74 41 52 40 59 62 41 1271 339 40 43 49 59 102 40 64 58 67 42 6670 3890
leaf_count=71436 47 318 162 189 49 69 96 48 48 74 41 52 40 59 62 41 1271 339 40 43 49 59 102 40 64 58 67 42 6670 3890
internal_value=9.0433e-07 0.0263026 0.0249275 0.0487544 0.095285 0.023828 0.0316205 0.246554 0.466455 0.0859124 0.162102 0.309544 0.561329 0.133439 0.28816 0.0448347 0.0278119 0.0830741 0.772972 0.021823 0.178017 0.324638 0.190283 0.00129603 0.0148086 0.19456 0.34701 -0.00110699 0.0057198 0.0107429
internal_weight=85565 14129 14082 7012 2446 4566 4404 192 96 2397 822 294 121 173 121 1575 1501 528 80 4212 279 210 151 7070 1460 189 131 7030 6712 3933
internal_count=85565 14129 14082 7012 2446 4566 4404 192 96 2397 822 294 121 173 121 1575 1501 528 80 4212 279 210 151 7070 1460 189 131 7030 6712 3933
cat_boundaries=0 1
cat_threshold=75
is_linear=0
shrinkage=0.03


Tree=129
num_leaves=31
num_cat=0
split_feature=37 190 129 83 138 182 89 10 139 137 156 100 132 129 182 177 138 92 90 172 44 129 130 173 144 131 74 47 179 45
split_gain=12310.5 10756.5 12318 11626.5 9872.29 9416.92 9449.65 10024.2 9541.19 9789.51 11006 13712 10166.5 10060.4 12422 8991.8 12362.8 10437.5 10119.1 9254.95 9174.84 10042.3 8666.04 11207.9 10335.7 9205.36 8663.62 8652.58 9404.78 8631.5
threshold=38.240385055541999 220.95000000000002 63.166666666666679 65.831404775923332 176.10000000000002 27.500000000000004 18.833333333333339 0.34634424980959638 152.82546287861976 146.83333333333334 0.029404468001034165 2.0097735597735604 66.449494949494962 63.833333333333336 58.500000000000007 31.500000000000004 158.30000000000004 20.966666666666672 32.500000000000007 -0.1935908585622387 4.5249664783477792 66.833333333333357 62.550000000000004 -0.1074742833337959 0.85164835164835173 63.304887320335048 0.57000181078910839 0.66711720824241649 5.7188451991322644 0.6792857050895692
decision_type=10 2 10 10 10 8 10 8 10 10 10 10 10 10 8 10 10 10 10 10 10 10 10 10 10 10 10 10 10 10
left_child=-1 2 3 22 5 -4 -7 -8 9 10 11 13 -11 14 -9 16 17 -3 20 -18 27 -22 -2 -24 -25 -26 -13 28 29 -17
right_child=1 15 4 -5 -6 6 7 8 -10 12 -12 26 -14 -15 -16 18 19 -19 -20 -21 21 -23 23 24 25 -27 -28 -29 -30 -31
leaf_value=-0.0033417992887556816 0.042017217691547398 0.44490271727781039 0.43273723170974038 -0.1796726279097195 0.50565434414980015 0.44972891315817831 -0.15807871265446438 0.7326675053313374 -0.21186283316851959 0.088411076179770537 -0.26538251659117246 0.67923529835308305 0.58777027513599023 0.0082956227802167652 0.069942036471196581 -0.091375727349398084 0.64916244644385113 0.08245856900778363 -0.28085343022005899 0.077790556879980224 0.029957965821472567 0.44105286445008235 -0.59970791786182209 -0.2316298811430538 -0.040911792718178158 0.48993338831833427 0.12626606353942085 -0.29519699607083671 0.45388432712089721 0.31500267888020195
leaf_weight=78768 920 74 55 479 43 48 238 40 115 86 95 51 64 976 70 294 65 2124 105 42 134 89 41 166 98 42 51 95 41 56
leaf_count=78768 920 74 55 479 43 48 238 40 115 86 95 51 64 976 70 294 65 2124 105 42 134 89 41 166 98 42 51 95 41 56
internal_value=8.77533e-07 0.038738 0.00398441 -0.0537675 0.0561764 0.0459447 0.0343452 0.0231815 0.0510496 0.0721487 0.0453378 0.070185 0.301471 0.0389495 0.310933 0.0797202 0.10999 0.094661 -0.00599547 0.424886 0.0347099 0.194027 -0.00616803 -0.133921 -0.0715121 0.118342 0.402751 -0.0383925 0.0240024 -0.0263552
internal_weight=85565 6797 3678 1746 1932 1889 1834 1786 1548 1433 1283 1188 150 1086 110 3119 2305 2198 814 107 709 223 1267 347 306 140 102 486 391 350
internal_count=85565 6797 3678 1746 1932 1889 1834 1786 1548 1433 1283 1188 150 1086 110 3119 2305 2198 814 107 709 223 1267 347 306 140 102 486 391 350
is_linear=0
shrinkage=0.03


Tree=130
num_leaves=31
num_cat=1
split_feature=193 21 71 18 182 27 35 175 130 132 1 53 171 82 8 48 95 40 36 6 182 76 30 84 169 66 84 66 173 26
split_gain=11986.2 14078.1 15257 12160.8 10972.8 10277.9 12945.3 9797.07 9186.16 8867.47 10207.2 8299.84 11918.1 10142.5 8628.82 11239.1 10528.6 10313 8032.99 10310.8 10660.5 8322.46 8070.05 8030.87 10399.4 7946.4 10150.5 11922.9 9410.2 8387.81
threshold=0 0.10500000000000002 0.79633334279060375 1.0000000180025095e-35 31.500000000000004 22.500000000000004 78.224998474121108 152.50000000000003 54.900000000000006 69.033333333333346 2.5000000000000004 1.231836795806885 5.0422362238168725 63.100000000000009 0.4863333333333334 0.37067836523056036 0.44098155522233301 4.2550864219665536 87.06799697875978 0.46500000000000002 54.500000000000007 0.32123388350009924 14.108506679534914 63.174242424242429 67.416666666666686 0.56501489877700817 61.759615384615394 0.70501849055290233 0.0086856753310392571 13.500000000000002
decision_type=1 2 8 2 8 10 10 8 8 8 8 10 10 10 8 8 10 10 10 8 8 8 10 10 10 10 10 10 8 2
left_child=1 2 7 5 -4 6 11 9 -6 -1 18 14 13 -13 15 -3 -16 -17 19 22 -21 -22 -11 24 25 28 27 -27 -10 -30
right_child=-2 3 4 -5 8 -7 -8 -9 23 10 -12 12 -14 -15 16 17 -18 -19 -20 20 21 -23 -24 -25 -26 26 -28 -29 29 -31
leaf_value=-0.020571100989923194 -0.0068059452809599054 0.069803381155319935 0.49778003941322191 0.52623602355781351 0.51754275266613281 0.50200407406863046 -0.45038861964430127 0.037372064868420346 0.19143209721854668 0.057401163536822161 -0.074530432427755922 0.2237741306707263 -0.08497457418104877 0.86468846154212942 -0.17516836867241536 0.1728360170460766 0.25095450772750955 0.75924226580596554 -0.27209284452958543 0.58437989103383037 0.53478269849051818 0.11542060568603577 -0.33786224075726096 0.0066054276064110608 0.55707294650527894 0.58956766596436494 0.68211003070527854 -0.029826727528725901 0.15706248829834654 -0.13280975714197446
leaf_weight=11612 62571 1305 58 57 42 51 42 5380 291 907 476 50 46 40 236 79 67 41 55 58 47 454 49 927 49 40 44 93 137 261
leaf_count=11612 62571 1305 58 57 42 51 42 5380 291 907 476 50 46 40 236 79 67 41 55 58 47 454 49 927 49 40 44 93 137 261
internal_value=8.51205e-07 0.0185183 0.0112534 0.0942897 0.0913545 0.0817087 0.0704626 0.00308257 0.0788425 -0.0104244 0.0471631 0.0821985 0.307849 0.508625 0.064439 0.0953519 -0.0809432 0.373191 0.0840588 0.0969884 0.199338 0.154762 0.0371418 0.0688395 0.13189 0.107832 0.287128 0.156457 0.0617721 -0.0330296
internal_weight=85565 22994 20980 2014 1942 1957 1906 19038 1884 13658 2046 1864 136 90 1728 1425 303 120 1570 1515 559 501 956 1842 915 866 177 133 689 398
internal_count=85565 22994 20980 2014 1942 1957 1906 19038 1884 13658 2046 1864 136 90 1728 1425 303 120 1570 1515 559 501 956 1842 915 866 177 133 689 398
cat_boundaries=0 1
cat_threshold=4
is_linear=0
shrinkage=0.03


Tree=131
num_leaves=31
num_cat=0
split_feature=68 1 21 45 46 98 22 179 132 45 122 189 189 128 155 37 138 173 82 137 81 66 92 178 182 136 26 134 143 39
split_gain=11292.4 7302.93 11442.1 9150.98 8373.31 8290.73 8224.32 8000.16 10709.9 7729.58 7945.43 7710.87 8845.88 7568.53 7735.18 12742.9 12228.9 7341.47 7278.47 11606.8 13820.7 12099.3 21045.4 10643.9 10344.6 9933.8 10875.6 11539.7 11242.1 22274.7
threshold=0.21483516693115237 1.5000000000000002 0.44500000000000006 0.9574275314807893 0.59427037835121166 2.7572294372294377 9.5000000000000018 3.2879667114319586 62.806250000000006 0.67028987407684337 6.6273602942323242 951.25000000000011 920.15000000000009 0.5201190476190477 0.10183033870845107 77.033332824707045 152.10000000000002 -0.17926410866780584 62.291666666666679 122.83333333333336 52.500000000000007 0.98614394664764415 29.031250000000004 5.0397356437696148 44.500000000000007 24.861904761904764 29.500000000000004 24.775000000000002 0.70005093520554385 5.1277174949646005
decision_type=10 10 2 8 10 10 2 8 10 10 10 2 2 8 10 8 10 8 8 10 10 10 8 10 8 10 2 10 10 10
left_child=-1 3 4 5 9 7 -6 8 -2 10 11 12 17 -9 18 16 -16 -3 19 20 -15 25 -23 24 -21 -22 27 -27 29 -28
right_child=1 2 -4 -5 6 -7 -8 13 -10 -11 -12 -13 -14 14 15 -17 -18 -19 -20 23 21 22 -24 -25 -26 26 28 -29 -30 -31
leaf_value=-0.0039593661372902683 0.097879865945510139 0.33663986523946127 0.281827545885382 0.47771360822699283 -0.60858430179153999 -0.13382672985600852 -0.095966408073902124 -0.054303973960175889 -0.49971531499515875 0.31240732363267582 0.40071209666132929 -0.13102999887418001 0.44213039351999756 -0.29579683828353881 -0.04967949225390253 0.65865107774734499 0.50418212234973903 -0.017957553219397151 0.03067472682653722 0.22511978532037427 0.057841980908742811 0.86120517916720485 0.0070607803603436083 0.35942909327191364 -0.075043076773564671 0.50561810402608498 0.31476181247070723 -0.052644401428739669 0.44616659471909609 -0.44452815246582028
leaf_weight=75585 53 54 116 44 41 229 90 536 55 65 40 500 40 60 121 50 51 1954 3677 124 622 58 47 71 620 41 153 178 245 45
leaf_count=75585 53 54 116 44 41 229 90 536 55 65 40 500 40 60 121 50 51 1954 3677 124 622 58 47 71 620 41 153 178 245 45
internal_value=8.01615e-07 0.0299937 -0.0101042 0.046418 -0.0222681 0.0437209 -0.256404 0.0496939 -0.206451 -0.0107069 -0.0188222 -0.0254083 0.000378276 0.0538234 0.0632273 0.237093 0.114547 -0.00842157 0.0567304 0.0990479 0.149991 0.169247 0.478874 0.0084756 -0.0250159 0.143928 0.224812 0.0518705 0.310306 0.142196
internal_weight=85565 9980 2900 7080 2784 7036 131 6807 108 2653 2588 2548 2048 6699 6163 222 172 2008 5941 2264 1449 1389 105 815 744 1284 662 219 443 198
internal_count=85565 9980 2900 7080 2784 7036 131 6807 108 2653 2588 2548 2048 6699 6163 222 172 2008 5941 2264 1449 1389 105 815 744 1284 662 219 443 198
is_linear=0
shrinkage=0.03


Tree=132
num_leaves=31
num_cat=1
split_feature=193 21 71 18 182 27 35 175 130 132 1 53 53 32 8 48 95 40 36 6 182 76 30 84 169 133 133 17 83 170
split_gain=10984.8 13149.9 14245.9 11445.4 10292.2 9595.39 12182.6 9175.27 8640.42 8386.12 9544.88 7699.74 11365.6 8241.04 8107.09 10547.8 9885.64 9675.21 7595.99 9644.37 9997.03 7837.24 7614.45 7477.13 9818.01 7630.77 7969.01 7569.73 8038.35 8962.22
threshold=0 0.10500000000000002 0.79633334279060375 1.0000000180025095e-35 31.500000000000004 22.500000000000004 78.224998474121108 152.50000000000003 54.900000000000006 69.033333333333346 2.5000000000000004 1.231836795806885 1.6333333253860476 11.401922702789308 0.4863333333333334 0.37067836523056036 0.44098155522233301 4.2550864219665536 87.06799697875978 0.46500000000000002 54.500000000000007 0.32123388350009924 14.108506679534914 63.174242424242429 67.416666666666686 23.583333333333339 24.583333333333339 11.500000000000002 63.170658864285926 28.916666666666671
decision_type=1 2 8 2 8 10 10 8 8 8 8 10 10 10 8 8 10 10 10 8 8 8 10 10 10 10 10 2 10 10
left_child=1 2 7 5 -4 6 11 9 -6 -1 18 14 -13 -14 15 -3 -16 -17 19 22 -21 -22 -11 24 27 -25 -27 -10 29 -29
right_child=-2 3 4 -5 8 -7 -8 -9 23 10 -12 12 13 -15 16 17 -18 -19 -20 20 21 -23 -24 25 -26 26 -28 28 -30 -31
leaf_value=-0.02012773364224358 -0.0065154987792367123 0.067379991671081163 0.48172728143889326 0.51000695884227754 0.50145956550325665 0.48485379997613454 -0.43738808873508656 0.035994548961450948 0.047087909255358502 0.055793142753714581 -0.071936826949485208 0.69993671228719312 -0.14063373162196233 0.42816688811088482 -0.17005463505889906 0.16722879549559158 0.24285166042842971 0.73521343641164827 -0.26490781207518138 0.56584886793432565 0.5185901931752549 0.11163656263870683 -0.32815081131701568 -0.16216769658312841 0.54025344477624315 0.3621414827766703 0.018946137448192801 0.46894657568677384 -0.050688390422257631 0.0058869798137591439
leaf_weight=11612 62571 1305 58 57 42 51 42 5380 615 907 476 43 52 41 236 79 67 41 55 58 47 454 49 192 49 67 668 136 63 52
leaf_count=11612 62571 1305 58 57 42 51 42 5380 615 907 476 43 52 41 236 79 67 41 55 58 47 454 49 192 49 67 668 136 63 52
internal_value=7.77802e-07 0.0177279 0.0107065 0.0909586 0.088108 0.0787533 0.0678871 0.00281104 0.0759902 -0.0102602 0.0457425 0.079272 0.296612 0.110128 0.0621666 0.0921303 -0.0787519 0.36129 0.081421 0.093994 0.19298 0.149814 0.036114 0.066289 0.127127 0.00623873 0.0502306 0.103751 0.242588 0.340866
internal_weight=85565 22994 20980 2014 1942 1957 1906 19038 1884 13658 2046 1864 136 93 1728 1425 303 120 1570 1515 559 501 956 1842 915 927 735 866 251 188
internal_count=85565 22994 20980 2014 1942 1957 1906 19038 1884 13658 2046 1864 136 93 1728 1425 303 120 1570 1515 559 501 956 1842 915 927 735 866 251 188
cat_boundaries=0 1
cat_threshold=4
is_linear=0
shrinkage=0.03


Tree=133
num_leaves=31
num_cat=1
split_feature=193 21 71 18 182 27 35 175 130 132 1 138 83 14 69 37 15 81 53 171 82 8 48 95 40 84 169 133 133 49
split_gain=10335.7 12372.7 13404 10768.9 9683.89 9028.3 11462.6 8633.01 8129.77 7890.5 8980.78 7511.55 7460.47 17227.7 7431.03 8592.54 19397.9 8163.56 7244.68 11204.2 9486.96 7627.96 9924.47 9301.4 9103.4 7035.24 9237.76 7179.79 7498.04 7137.85
threshold=0 0.10500000000000002 0.79633334279060375 1.0000000180025095e-35 31.500000000000004 22.500000000000004 78.224998474121108 152.50000000000003 54.900000000000006 69.033333333333346 2.5000000000000004 76.300000000000026 54.00343434177347 0.030000000000000013 0.8599664866924287 90.045455932617202 0.095613379773812901 61.166666666666679 1.231836795806885 5.0422362238168725 63.100000000000009 0.4863333333333334 0.37067836523056036 0.44098155522233301 4.2550864219665536 63.174242424242429 67.416666666666686 23.583333333333339 24.583333333333339 0.66669291257858287
decision_type=1 2 8 2 8 10 10 8 8 8 8 10 10 8 10 10 8 10 10 10 10 8 8 10 10 10 10 10 10 10
left_child=1 2 7 5 -4 6 18 9 -6 12 11 -11 13 -1 15 -9 17 -17 21 20 -20 22 -3 -23 -24 26 -10 29 -29 -27
right_child=-2 3 4 -5 8 -7 -8 14 25 10 -12 -13 -14 -15 -16 16 -18 -19 19 -21 -22 23 24 -25 -26 27 -28 28 -30 -31
leaf_value=-0.082837261100514578 -0.0063200649657505527 0.065358591686056441 0.4672754599102612 0.4947067488337818 0.48641577533313207 0.47030818111756267 -0.42426645144820213 0.033612114369117423 0.10063868023046479 0.4370996635451036 -0.069778721816524739 0.066954588885514102 -0.022112261974345859 0.61048029051043773 -0.21142271283600064 -0.2835107560604811 0.83013936826586721 0.26796558151479627 0.20689175831079484 -0.09316357192785843 0.82674819027632473 -0.16495299829967255 0.16221193381927057 0.23556611082891918 0.71315703134711195 -0.051695448697234192 0.52404584849975544 0.35127723775692837 0.018377754173191364 -0.47412432894110679
leaf_weight=78 62571 1305 58 57 42 51 42 5131 866 51 476 1519 11479 55 108 40 40 61 50 46 40 236 79 67 41 144 49 67 668 48
leaf_count=78 62571 1305 58 57 42 51 42 5131 866 51 476 1519 11479 55 108 40 40 61 50 46 40 236 79 67 41 144 49 67 668 48
internal_value=7.31652e-07 0.0171961 0.0103853 0.0882299 0.0854648 0.0763907 0.0658505 0.00272671 0.0737105 -0.00995242 0.0443702 0.0789784 -0.0195239 0.203873 0.0349147 0.0399611 0.271 0.0495591 0.0768939 0.287713 0.482384 0.0603016 0.0893664 -0.0763894 0.350452 0.0643003 0.123313 0.00605157 0.0487237 -0.157303
internal_weight=85565 22994 20980 2014 1942 1957 1906 19038 1884 13658 2046 1570 11612 133 5380 5272 141 101 1864 136 90 1728 1425 303 120 1842 915 927 735 192
internal_count=85565 22994 20980 2014 1942 1957 1906 19038 1884 13658 2046 1570 11612 133 5380 5272 141 101 1864 136 90 1728 1425 303 120 1842 915 927 735 192
cat_boundaries=0 1
cat_threshold=4
is_linear=0
shrinkage=0.03


Tree=134
num_leaves=31
num_cat=0
split_feature=37 42 93 43 6 8 95 82 75 69 80 175 34 8 182 129 33 68 179 6 96 175 74 80 15 68 7 140 17 33
split_gain=9888.93 8412.45 8036.18 15727.4 8423.93 7706.58 8676.72 7019.67 11060.6 12704.3 11995.2 10819.7 10513 13446.5 9894.45 12285.7 14229 11605.1 11322.8 14234.4 13276.2 10403.7 13453.7 10366.3 10044.1 10161 11646.4 9871.89 13435.7 11618.3
threshold=16.035714149475101 1.6752015352249148 0.26667728275534319 3.8055591583251958 0.20500000000000004 0.27100000000000013 0.34173385550830387 59.100000000000009 0.23836579918861392 0.62336957454681408 0.45970250666141516 132.50000000000003 92.833332061767592 0.70450000000000024 51.500000000000007 60.166666666666679 99.500000000000014 0.3416177779436112 5.0216128292128532 0.63500000000000012 0.37058099749303991 101.50000000000001 0.45502874255180364 0.32015800476074224 0.16423772503488535 0.70627450942993175 0.76833333333333342 84.190909090909102 19.500000000000004 99.500000000000014
decision_type=10 10 8 10 8 8 10 10 8 8 8 10 10 10 8 10 10 10 10 8 10 10 10 8 10 10 10 10 2 10
left_child=-1 -2 3 -3 5 6 -4 8 -6 10 11 -10 -11 -14 15 16 -9 23 19 21 -21 22 -19 -17 25 -16 27 -27 29 -29
right_child=1 2 4 -5 7 -7 -8 14 9 12 -12 -13 13 -15 24 17 -18 18 -20 20 -22 -23 -24 -25 -26 26 -28 28 -30 -31
leaf_value=-0.0045350185712590687 0.42362460729923651 0.74468363276123994 0.36277023315429685 -0.07724313530054959 0.42466298128719682 -0.11397829782721025 -0.0093295865638696775 -0.004702507786738053 0.1095289583393874 0.11176478247211728 -0.17220007808084373 -0.29028801207309185 0.86161074996739617 0.10161971886049617 -0.016179547548838057 0.22875231510798136 -0.58185063502410561 0.854650228283235 -0.019458799244140287 0.62701452447473993 0.040811083627920734 0.090926999560424257 0.35253864018648279 0.00016800098056296648 0.11382264941168906 -0.15413135695457458 -0.14531157314777374 0.33360331626711309 0.62828166099155647 -0.27462575738022965
leaf_weight=71436 47 40 60 44 81 755 940 617 520 853 293 69 40 44 6813 225 41 70 166 40 266 70 153 865 665 45 90 91 85 41
leaf_count=71436 47 40 60 44 81 755 940 617 520 853 293 69 40 44 6813 225 41 70 166 40 266 70 153 865 665 45 90 91 85 41
internal_value=6.87427e-07 0.0229331 0.0215958 0.314151 0.0198402 -0.041628 0.0129964 0.0286515 0.0816523 0.066378 -0.0153395 0.0626913 0.143299 0.46352 0.0189153 0.0707092 -0.0406646 0.110215 0.199784 0.260543 0.117439 0.409996 0.510152 0.0473528 0.00229234 -0.00805904 0.149114 0.250253 0.334111 0.144684
internal_weight=85565 14129 14082 84 13998 1755 1000 12243 1900 1819 882 589 937 84 10343 2513 658 1855 765 599 306 293 223 1090 7830 7165 352 262 217 132
internal_count=85565 14129 14082 84 13998 1755 1000 12243 1900 1819 882 589 937 84 10343 2513 658 1855 765 599 306 293 223 1090 7830 7165 352 262 217 132
is_linear=0
shrinkage=0.03


Tree=135
num_leaves=31
num_cat=0
split_feature=45 44 140 89 74 1 90 89 44 80 187 182 190 32 134 74 140 92 140 37 95 41 129 182 90 45 73 63 96 26
split_gain=9490.98 10142.8 7511.8 8378.92 6564.81 7880.05 6406.97 9370.39 9042.84 7110.49 8341.14 8067.98 11762.8 13967.4 16642 17024.1 14070.1 14699.9 8490.12 7643.59 8613.01 12634 20124 11083.4 9517.19 8120.98 9765.83 8026.44 7826.92 7546.73
threshold=0.030776515603065494 3.9999837875366215 91.408333333333346 16.166666666666668 0.11755952239036561 2.5000000000000004 32.366666666666674 41.166666666666679 4.5706949234008798 0.36227452754974371 6.5000000000000009 51.500000000000007 384.30000000000001 3.0914314985275273 30.550000000000004 0.38401389122009283 107.29285714285716 27.207142857142859 117.09545454545456 62.049999237060554 0.41577952567190141 4.1335880756378183 63.833333333333336 47.500000000000007 31.550000000000004 0.57359308004379284 0.64226496219635021 0.6050902083516122 0.36532827266729234 40.500000000000007
decision_type=10 10 8 8 10 8 10 10 10 10 2 8 2 10 10 10 10 10 10 10 10 10 10 8 10 10 10 10 10 2
left_child=-1 4 -3 -4 -2 -6 9 8 -8 11 -11 12 -5 -14 15 16 -15 -18 -17 -12 23 22 27 -21 29 26 -25 -22 -27 -23
right_child=1 2 3 6 5 -7 7 -9 -10 10 19 -13 13 14 -16 18 17 -19 -20 20 21 24 -24 25 -26 28 -28 -29 -30 -31
leaf_value=-0.0069343924937610582 0.047582206908795478 -0.013500622444712429 0.43957371913372201 0.068291409834509445 -0.0027093461148345026 -0.06918855087736922 -0.12625568205768761 0.33611427415162326 0.025689819995460876 -0.072418832004812347 0.016822984902989731 0.048387439381188231 0.0069381099624873759 0.29952246737240679 -0.12061139724756541 -0.0046141296508441483 0.53518841970775077 1.2506193146498306 0.52744716569781303 0.38565706406648337 0.40080314926306404 0.19587774242206316 0.82991261993135723 -0.17837747756664346 0.48767148038148872 0.078328341202302421 0.47640783319386037 -0.17947163461185081 -0.35803763040399128 -0.080249111909132739
leaf_weight=57745 1719 2919 47 997 8136 1999 585 64 887 748 3660 4690 154 70 57 83 59 46 40 52 45 164 63 41 50 55 41 41 113 195
leaf_count=57745 1719 2919 47 997 8136 1999 585 64 887 748 3660 4690 154 70 57 83 59 46 40 52 45 164 63 41 50 55 41 41 113 195
internal_value=6.66916e-07 0.0143955 0.0300038 0.039737 -0.00662707 -0.0158215 0.0382915 -0.0192457 -0.0346961 0.0460006 0.0203772 0.0677862 0.128198 0.24554 0.349046 0.43888 0.628978 0.848615 0.168414 0.0357338 0.116214 0.18606 0.422566 -0.012837 0.0998996 -0.0957238 0.149015 0.124161 -0.21518 0.0458924
internal_weight=85565 27820 15966 13047 11854 10135 13000 1536 1472 11464 5268 6196 1506 509 355 298 175 105 123 4520 860 558 149 302 409 250 82 86 168 359
internal_count=85565 27820 15966 13047 11854 10135 13000 1536 1472 11464 5268 6196 1506 509 355 298 175 105 123 4520 860 558 149 302 409 250 82 86 168 359
is_linear=0
shrinkage=0.03


Tree=136
num_leaves=31
num_cat=0
split_feature=37 176 44 44 138 45 144 143 182 162 141 80 168 152 40 141 41 144 143 167 177 33 28 39 46 26 27 79 43 78
split_gain=9023.87 7613.65 7853.2 10217.9 7222.39 7816.84 8681.43 9034.83 11143.6 10894.5 10731.5 11488.4 9800.61 9242.69 10002.5 13985.6 10334.2 16157.8 11222.4 10219.3 11106.2 11097.7 14321.4 12670.2 10412.3 9717.98 8074.19 7662.27 11371 7521.67
threshold=0.98576596379280101 1.0000000180025095e-35 4.0113627910614023 4.0247683525085458 73.100000000000009 0.62331080436706554 1.851648351648352 0.60681607017489736 66.500000000000014 5.1399482951276001 0.58333333333333337 0.56804680824279796 0.5483087679516252 2.226495726495727 3.1400846242904668 1.1666666666666667 3.8000891208648686 1.1380952380952383 0.7594784935846407 0.71295737542936222 35.500000000000007 83.500000000000014 16.500000000000004 4.3266649246215829 0.63812658190727245 31.500000000000004 15.500000000000002 0.67358016967773449 3.9751991033554082 0.45499110221862799
decision_type=10 8 10 10 8 8 8 10 10 8 10 10 10 10 10 10 10 10 10 10 10 10 10 10 10 2 10 10 10 10
left_child=-1 2 -2 -4 -3 -6 7 8 9 -7 -9 13 -11 14 15 -12 17 -16 -18 20 21 24 -23 -24 26 -22 -20 -13 -29 -26
right_child=1 4 3 -5 5 6 -8 10 -10 12 11 27 -14 -15 16 -17 18 -19 19 -21 25 22 23 -25 29 -27 -28 28 -30 -31
leaf_value=-0.0072534072719709474 -0.030215471210539961 -0.079677212729215449 0.36375730260163541 0.012081503844263288 0.024138591041919302 0.45418999613717542 -0.27324643822691658 0.55320337551290333 -0.51668320937454693 0.064475911259651186 0.71035918102377926 -0.28468236440225786 -0.48246139679013234 0.61352388437837357 0.092049489509552079 0.055645059878175911 -0.16622632755861652 -0.51028991965310921 0.24619788153966266 -0.22076325549635775 -0.37952140778303145 0.91871985234179587 0.78334621855616571 0.14585953607204113 0.11451043295008795 0.22024689697450206 -0.30771486707925794 -0.29346567474669072 0.35258114209917724 0.66696912383779561
leaf_weight=55047 5679 549 75 8662 14072 43 55 55 40 105 63 92 41 40 141 55 77 56 45 43 40 53 40 94 42 62 50 41 61 47
leaf_count=55047 5679 549 75 8662 14072 43 55 55 40 105 63 92 41 40 141 55 77 56 45 43 40 53 40 94 42 62 50 41 61 47
internal_value=6.46718e-07 0.0130852 -0.00275124 0.0151004 0.0272634 0.0310383 0.0965969 0.110862 -0.0617821 0.0344932 0.14389 0.124177 -0.0891161 0.167221 0.147561 0.405196 0.109078 -0.0791739 0.171617 0.222032 0.262286 0.338509 0.501266 0.336154 0.173099 -0.0149564 -0.0453351 -0.086162 0.0928957 0.406258
internal_weight=85565 30518 14416 8737 16102 15553 1481 1426 229 189 1197 1142 146 948 908 118 790 197 593 516 473 371 187 134 184 102 95 194 102 89
internal_count=85565 30518 14416 8737 16102 15553 1481 1426 229 189 1197 1142 146 948 908 118 790 197 593 516 473 371 187 134 184 102 95 194 102 89
is_linear=0
shrinkage=0.03


Tree=137
num_leaves=31
num_cat=1
split_feature=193 21 71 18 182 9 171 142 107 130 136 14 26 84 90 66 96 173 46 152 96 1 140 27 35 74 78 156 179 29
split_gain=8595.07 11764.2 12287.2 10127.7 8886.86 8632.54 8697.69 12267.7 12624.6 11288.2 9997.75 9816.73 17839.6 9531.66 12330.5 9234.23 10729.9 13601.4 9722.64 9113.97 8584.75 10038.2 8451.75 8282.46 10729.1 8020.78 7949.05 7948.62 9374.26 7711.8
threshold=0 0.10500000000000002 0.79633334279060375 1.0000000180025095e-35 31.500000000000004 0.76456733615131267 8.3184177577495593 0.90000000000000013 2.1525326882864388 71.325000000000017 30.75961538461539 0.34500000000000014 14.500000000000002 58.345238095238102 25.100000000000005 0.85196417570114147 0.3819488677046457 0.082066052304539908 0.63812658190727245 1.7817460317460319 0.52241558245848108 2.5000000000000004 91.045454545454561 22.500000000000004 78.224998474121108 0.49301162362098699 0.60897579789161693 0.047355261047064126 5.3522121160646732 19.69999980926514
decision_type=1 2 8 2 8 10 8 10 8 10 8 10 2 8 10 10 10 10 10 8 8 10 10 10 10 10 10 8 8 10
left_child=1 2 5 23 -4 6 11 8 -8 22 -11 20 -13 14 19 26 -17 18 -18 -9 25 -22 -10 24 -3 -1 29 -21 -29 -15
right_child=-2 3 4 -5 -6 -7 7 13 9 10 -12 12 -14 15 -16 16 17 -19 -20 27 21 -23 -24 -25 -26 -27 -28 28 -30 -31
leaf_value=-0.017438563053909548 -0.0057634210753755568 0.074053361400089515 0.44668431906093808 0.47913547028444309 0.069663220843193444 -0.19144276160782978 0.44474393550916147 0.70342629663903133 -0.098668967154299708 0.62792901899017717 -0.0010089744826157886 0.63111039224570087 0.030005358495749531 0.037063094270300925 0.054030896229850287 -0.15180438944968311 0.3211713462881744 -0.098315211512007797 0.8612447694540023 -0.093825038700568963 0.10061662662341107 -0.10134793681517086 0.0056756121545386822 0.45076041757183916 -0.410808097454054 -0.11740168419616567 -0.30745950466748007 0.097001657286068285 0.73852562876736239 0.39946079836951365
leaf_weight=9479 62571 1864 58 57 1884 206 55 58 943 46 45 59 180 2477 206 55 120 53 40 41 1019 283 2696 51 42 782 59 41 41 54
leaf_count=9479 62571 1864 58 57 1884 206 55 58 943 46 45 59 180 2477 206 55 120 53 40 41 1019 283 2696 51 42 782 59 41 41 54
internal_value=6.2721e-07 0.0156814 0.00903972 0.0849459 0.0809234 0.00170712 0.00381995 0.0302364 -0.0064579 -0.013111 0.316916 -0.0119153 0.178395 0.0730371 0.212762 0.054117 0.221755 0.318214 0.45619 0.393417 -0.0158489 0.056718 -0.0213639 0.0734646 0.0633691 -0.0250568 0.0367707 0.247234 0.417764 0.044795
internal_weight=85565 22994 20980 2014 1942 19038 18832 7030 3785 3730 91 11802 239 3245 387 2858 268 213 160 181 11563 1302 3639 1957 1906 10261 2590 123 82 2531
internal_count=85565 22994 20980 2014 1942 19038 18832 7030 3785 3730 91 11802 239 3245 387 2858 268 213 160 181 11563 1302 3639 1957 1906 10261 2590 123 82 2531
cat_boundaries=0 1
cat_threshold=4
is_linear=0
shrinkage=0.03


Tree=138
num_leaves=31
num_cat=1
split_feature=37 175 33 14 32 193 158 92 30 17 144 156 156 172 182 74 22 173 29 37 14 138 179 142 40 20 46 67 129 129
split_gain=8220.3 6939.45 8426.53 7558.81 7016.38 7825.07 8043.24 8915.18 8781.55 7651.44 7346.62 7188.1 8261.67 7159.89 6983.2 7529.31 7938.28 6020.65 12099.8 8181.34 7075.05 7882.17 8733.96 9067.19 9765.61 7019.7 11998.9 5950.67 11060.5 10616.1
threshold=0.16940990835428241 155.50000000000003 145.50000000000003 0.030000000000000013 18.196040153503422 0 0.43759255724927509 25.207142857142859 20.419725418090824 58.500000000000007 1.0000000180025095e-35 -0.10593807638415791 0.072602362510699667 -0.35380052379421112 63.500000000000007 0.36198039352893835 29.500000000000004 -0.008545605118108977 18.69999980926514 78.549999237060561 0.3050000000000001 123.10000000000001 4.7297775237265691 0.55000000000000016 4.0335748195648202 1.5000000000000002 0.11399132758378984 0.53589746356010448 69.833333333333357 68.166666666666671
decision_type=10 8 10 10 10 1 8 10 10 2 8 10 10 8 10 10 2 10 10 10 10 10 10 10 10 2 10 10 10 10
left_child=-1 17 4 -4 5 6 7 9 10 -3 -8 14 -13 -12 15 -9 -17 18 25 -20 27 22 23 -22 -25 -2 -27 -19 29 -29
right_child=1 2 3 -5 -6 -7 8 11 -10 -11 13 12 -14 -15 -16 16 -18 20 19 -21 21 -23 -24 24 -26 26 -28 28 -30 -31
leaf_value=-0.0076877981358240361 0.012191601901012818 0.071592285257625399 0.031750309819355602 0.60156171713363038 -0.25676536869935013 0.0074466095979238761 0.40914881449192758 -0.0094997179248464212 0.47341616873557746 0.50141390405595299 0.41321597300419072 -0.11260589553667304 0.27106440312332575 0.067843268616915656 -0.18423501641912893 0.65458791623061352 0.13592842707771863 -0.022342280098162283 0.53133668893838626 0.075501959650097664 0.052125092966207223 -0.14898374203712711 0.047303086417286019 0.20097381490198049 0.81972777765709903 0.0092645923639165934 0.58187310523300795 0.056093578429142241 -0.21339256887354197 0.40992970534733364
leaf_weight=50821 10467 547 40 44 77 5962 60 109 52 40 55 782 54 3039 66 44 67 11422 68 74 61 93 247 44 48 87 53 834 124 84
leaf_count=50821 10467 547 40 44 77 5962 60 109 52 40 55 782 54 3039 66 44 67 11422 68 74 61 93 247 44 48 87 53 834 124 84
internal_value=5.88451e-07 0.0112466 0.030895 0.330223 0.0285997 0.0306198 0.058595 0.00615055 0.086734 0.100882 0.0803588 -0.0434102 -0.0878234 0.0739827 0.0864129 0.167607 0.341523 0.00209789 0.0186969 0.293789 -0.0116725 0.0997927 0.157633 0.335748 0.523802 0.0150141 0.226038 -0.0160814 0.0525484 0.0884707
internal_weight=85565 34744 11038 84 10954 10877 4915 1709 3206 587 3154 1122 836 3094 286 220 111 23706 10749 142 12957 493 400 153 92 10607 140 12464 1042 918
internal_count=85565 34744 11038 84 10954 10877 4915 1709 3206 587 3154 1122 836 3094 286 220 111 23706 10749 142 12957 493 400 153 92 10607 140 12464 1042 918
cat_boundaries=0 1
cat_threshold=4
is_linear=0
shrinkage=0.03


Tree=139
num_leaves=31
num_cat=1
split_feature=37 175 33 156 32 193 158 107 30 94 128 161 172 95 91 6 189 14 144 93 28 166 78 190 14 68 71 46 68 82
split_gain=7734.53 6529.43 7928.51 7402.33 6601.73 7362.49 7567.88 8399.02 8262.56 6933.51 9971.45 8011.48 7229.58 8369.35 8644.1 6945.48 6846.89 8603.64 6669.1 12107.1 13657.5 9478.23 10753.7 8585.43 11771.1 7484.96 7367.4 9060.74 6776.93 12412
threshold=0.16940990835428241 155.50000000000003 145.50000000000003 -0.10688039594889653 18.196040153503422 0 0.43759255724927509 2.2386714515587527 20.419725418090824 0.49785070373575707 0.68556547619047625 4.931941253135224 -0.35380052379421112 0.4876071615039862 30.747812696601166 0.31500000000000006 540.10000000000014 0.050000000000000017 0.85164835164835173 0.43772706850611659 17.416666984558109 0.65587301587301605 0.45499110221862799 241.85000000000002 -0.040000000000000008 0.58076375722885143 0.6182156801223756 0.59427037835121166 0.29179605841636663 65.700000000000003
decision_type=10 8 10 10 10 1 8 10 10 10 10 8 8 10 10 8 2 8 8 8 10 10 10 2 10 10 8 8 10 10
left_child=-1 -2 4 -4 5 6 7 -3 9 10 11 -8 -13 14 18 -15 17 -12 -14 20 25 22 23 -21 -25 26 27 28 -20 -30
right_child=1 2 3 -5 -6 -7 8 -9 -10 -11 16 12 13 15 -16 -17 -18 -19 19 21 -22 -23 -24 24 -26 -27 -28 -29 29 -31
leaf_value=-0.0074571646840812566 0.0020349522814047017 0.33267748667036784 0.61568341693282125 0.051800674633546311 -0.24906240717544184 0.0072235856456045223 0.41419527630011238 -0.0075722801858658 0.4592136909182255 -0.033257661308836318 0.26127489385604857 0.4149060099985864 0.13121652525065911 0.063118933321999721 -0.2180099545625373 0.50103817580427445 0.077721007857471699 0.8060919889211654 -0.040082376529803364 -0.040267883688211437 -0.57106675288081166 -0.1256140963040607 0.64225844376617003 0.69332007824158182 0.064223784066862979 -0.33057107035815714 0.20699774010094585 -0.46166681525856257 -0.0053839417488387459 0.61534193025078887
leaf_weight=50821 23706 68 40 44 77 5962 63 1641 52 435 75 54 814 61 103 70 72 40 615 96 40 71 54 49 59 60 151 40 89 43
leaf_count=50821 23706 68 40 44 77 5962 63 1641 52 435 75 54 814 61 103 70 72 40 615 96 40 71 54 49 59 60 151 40 89 43
internal_value=5.96632e-07 0.0109093 0.0299684 0.320316 0.0277419 0.0297014 0.0568372 0.00596604 0.084132 0.077948 0.0957393 0.0801263 0.0716021 0.0639257 0.0505506 0.297122 0.30714 0.450776 0.0632337 0.0227523 -0.0275116 0.181336 0.265807 0.166158 0.349647 -0.00572586 0.0150532 -0.0217748 0.00178028 0.196822
internal_weight=85565 34744 11038 84 10954 10877 4915 1709 3206 3154 2719 2532 2469 2415 2284 131 187 115 2181 1367 1038 329 258 204 108 998 938 787 747 132
internal_count=85565 34744 11038 84 10954 10877 4915 1709 3206 3154 2719 2532 2469 2415 2284 131 187 115 2181 1367 1038 329 258 204 108 998 938 787 747 132
cat_boundaries=0 1
cat_threshold=4
is_linear=0
shrinkage=0.03


Tree=140
num_leaves=31
num_cat=0
split_feature=68 89 1 21 135 45 124 46 189 98 128 165 44 166 180 107 51 179 44 96 132 50 95 43 83 84 34 41 11 171
split_gain=7353.11 6761.24 6668.47 10497.1 10362.3 8004.38 7804.62 9281.33 7910.74 7620.59 7224.47 7525.24 11761.3 14214.7 9885.01 8554.46 8070.08 7140.46 9926.53 7111.15 6929.16 11054.8 9548.7 13768.9 8558.51 11626.9 9154.88 8331.31 8385.31 9134.74
threshold=0.21483516693115237 16.500000000000004 1.5000000000000002 0.45500000000000007 25.712067156478316 0.9574275314807893 6.259828806940166 0.59427037835121166 951.25000000000011 2.7572294372294377 0.5201190476190477 0.69861111111111129 4.3968870639801034 0.64309523809523828 1.0000000180025095e-35 5.4401554616847649 1.6233479976654055 3.2879667114319586 4.2990145683288583 0.39184986479041412 66.408333333333346 0.72366321086883556 0.54986320003190881 5.2222466468811044 62.269998754801875 64.89444444444446 110.16666793823244 6.2966659069061288 0.81836763542422586 9.5004085451364535
decision_type=10 8 10 2 10 8 10 10 2 10 8 10 10 10 2 10 10 8 10 8 8 10 10 10 10 8 10 10 10 10
left_child=-1 -2 5 6 -5 9 7 8 -4 10 -3 17 14 -14 -13 16 -15 18 -12 -9 22 27 24 -24 25 26 -19 28 29 -22
right_child=1 2 3 4 -6 -7 -8 19 -10 -11 11 12 13 15 -16 -17 -18 20 -20 -21 21 -23 23 -25 -26 -27 -28 -29 -30 -31
leaf_value=-0.0031950227041112594 0.32683997219428423 -0.065041668227700106 0.0008323627735617238 -0.03514998018741608 0.57333871858018748 0.44598389400992283 0.20843654015832694 0.0046924121697690894 -0.13278838159786838 -0.13478418190369795 -0.52189629009924832 0.12807236317978349 0.75007222687496855 0.26805253975649374 -0.35857312101238176 0.44424869812726975 -0.20888637450935899 0.076337095060076188 0.061331629804496107 -0.46024995084106918 0.23058241387011014 -0.35409714384281887 0.033338444720615035 0.72818013048065555 -0.017444826926384924 -0.28214497603175426 0.46083212222518588 -0.14105353744079668 -0.19540396975158755 0.074787939688401237
leaf_weight=75585 66 531 2034 48 53 43 121 47 496 229 48 129 51 67 53 75 61 1426 58 80 642 47 66 42 2438 79 58 108 67 717
leaf_count=75585 66 531 2034 48 53 43 121 47 496 229 48 129 51 67 53 75 61 1426 58 80 642 47 66 42 2438 79 58 108 67 717
internal_value=6.04121e-07 0.0242032 0.0221884 -0.0162726 0.284156 0.0379282 -0.0271953 -0.037926 -0.0253636 0.0354187 0.0411819 0.0502327 0.170428 0.302322 -0.0136431 0.189833 0.0407613 0.0411911 -0.202772 -0.288185 0.0457359 0.0991072 0.0252005 0.303555 0.0176868 0.0724859 0.0913645 0.112993 0.132233 0.148386
internal_weight=85565 9980 9914 2879 101 7035 2778 2657 2530 6992 6763 6232 436 254 182 203 128 5796 106 127 5690 1581 4109 108 4001 1563 1484 1534 1426 1359
internal_count=85565 9980 9914 2879 101 7035 2778 2657 2530 6992 6763 6232 436 254 182 203 128 5796 106 127 5690 1581 4109 108 4001 1563 1484 1534 1426 1359
is_linear=0
shrinkage=0.03


Tree=141
num_leaves=31
num_cat=1
split_feature=37 21 174 36 29 32 142 140 82 18 28 34 17 139 26 6 46 79 130 131 37 36 83 74 10 34 48 44 194 29
split_gain=7151.15 6332.65 7884.03 8006.66 12245.7 11179.4 9571.33 11766.9 11153.2 6669.4 6334.86 7387.63 5647.95 5557.53 5720.21 5935.53 5929.78 5358.24 9703.21 8510.72 5304.55 5824.32 5678.1 4813.57 10868.4 8945.1 7384.6 5317 5558.22 7640.16
threshold=0.16940990835428241 0.10500000000000002 15.500000000000002 39.764862060546882 13.900000095367433 12.92619848251343 0.55000000000000016 105.7596153846154 63.100000000000009 1.0000000180025095e-35 9.166666507720949 32.833333969116218 23.500000000000004 80.141182262217654 107.50000000000001 0.025000000000000005 0.58781284093856823 0.21233596652746203 58.900000000000006 67.792414171470185 60.414285659790046 28.859960556030277 59.820819501372917 0.12223355844616891 0.33192090395480228 98.166667938232436 0.68213236331939708 4.0001425743103036 0 19.10000038146973
decision_type=10 2 8 10 10 10 10 10 10 2 10 10 2 8 2 8 10 8 10 10 10 10 10 10 10 10 10 10 9 10
left_child=-1 13 -3 9 6 -6 -5 -8 -9 10 11 17 -7 -2 15 -15 20 18 -4 -20 21 -16 -23 24 25 26 -17 28 -25 -30
right_child=1 2 3 4 5 12 7 8 -10 -11 -12 -13 -14 14 16 23 -18 -19 19 -21 -22 22 -24 27 -26 -27 -28 -29 29 -31
leaf_value=-0.0071704067718047319 -0.034399672772284957 -0.006525482387183059 0.56314257140954338 0.73490806452771451 -0.29616482891142365 -0.030585574328899381 -0.15337824944486009 0.10193486148118971 0.66119675651840537 0.43665731863277712 -0.23856007784605027 0.41307545367341775 0.45935115231076873 -0.043502324246212594 -0.021702445556389657 0.044850685640494325 -0.38851274354891341 0.016028325858499819 0.024205990431918983 0.48547391553010255 0.29721480825117658 0.078822189903259274 -0.29159345217151184 0.025790630942515633 0.49480908645659072 0.42375777409835297 -0.2668416299394199 0.023508646970645572 -0.02813406036788681 0.33724198180895587
leaf_weight=50821 2746 1309 45 47 64 40 47 60 69 41 66 52 45 1550 1304 3011 44 1070 252 42 42 50 146 3058 49 55 70 13887 5431 52
leaf_count=50821 2746 1309 45 47 64 40 47 60 69 41 66 52 45 1550 1304 3011 44 1070 252 42 42 50 146 3058 49 55 70 13887 5431 52
internal_value=5.86002e-07 0.0104898 0.0503666 0.088754 0.21388 0.00330758 0.354577 0.253011 0.401075 0.0590685 0.0489303 0.0619175 0.228793 0.00637614 0.0102709 0.0135044 -0.0451091 0.0489578 0.152894 0.0901014 -0.0353103 -0.044621 -0.1971 0.0169543 0.0514659 0.0445386 0.0377691 0.0120533 -0.00657228 -0.024624
internal_weight=85565 34744 3249 1940 372 149 223 176 129 1568 1527 1461 85 31495 28749 27163 1586 1409 339 294 1542 1500 196 25613 3185 3136 3081 22428 8541 5483
internal_count=85565 34744 3249 1940 372 149 223 176 129 1568 1527 1461 85 31495 28749 27163 1586 1409 339 294 1542 1500 196 25613 3185 3136 3081 22428 8541 5483
cat_boundaries=0 1
cat_threshold=264
is_linear=0
shrinkage=0.03


Tree=142
num_leaves=31
num_cat=1
split_feature=193 21 71 18 9 182 56 130 134 189 27 35 44 93 7 169 179 13 95 91 74 22 47 84 169 132 66 130 173 43
split_gain=6857.97 10265.6 11037.8 9158.56 8422.52 8270.71 8032.96 7542.34 7469.07 7427.72 7339.84 10054 6942.24 9591.09 15024.2 12113.6 8175.6 7372.13 6931.64 10496.5 9974.84 11058.7 8828.16 6433.13 8720.06 6979.84 10061.2 15198.6 9086.09 6955.11
threshold=0 0.10500000000000002 0.79633334279060375 1.0000000180025095e-35 0.76456733615131267 31.500000000000004 3.9893616437911992 54.900000000000006 27.775000000000002 911.35000000000002 22.500000000000004 78.224998474121108 4.9891259670257577 0.36913689556325635 0.45583333333333337 62.583333333333343 4.1465971388736991 -1.0000000180025095e-35 0.41142361010703804 26.148677592439252 0.46516685187816625 23.500000000000004 0.29156583547592169 63.174242424242429 67.416666666666686 67.908333333333346 0.56501489877700817 63.100000000000009 0.022193300506933415 3.5986477136611943
decision_type=1 2 8 2 10 8 10 8 10 2 10 10 8 10 10 10 10 10 10 10 10 2 10 10 10 10 10 10 8 8
left_child=1 2 4 10 6 -4 8 -7 12 -6 11 -3 -1 14 -14 -16 17 -15 -19 -20 22 -22 -21 24 25 26 28 -28 -9 -25
right_child=-2 3 5 -5 9 7 -8 23 -10 -11 -12 -13 13 16 15 -17 -18 18 19 20 21 -23 -24 29 -26 -27 27 -29 -30 -31
leaf_value=-0.021921830538832347 -0.0051480764013059638 0.068630575843141903 0.42878756127994633 0.45356452361533511 -0.089294258949293451 0.46258674068110328 0.33586913935496254 0.2017830968830128 0.025900237384443098 -0.51238631618266206 0.42296913476551279 -0.40072799699647088 0.056367322821845658 0.36122990717887876 0.87361320414145782 0.17357598050074144 -0.076595979486920679 -0.15179100198405129 0.462437711940898 0.014725326403911533 0.57856599990810664 0.0053912885622544714 -0.45779463836124962 0.1236397437641495 0.50178031803393841 -0.12194721320550889 0.083879279358668277 0.68466876509176067 -0.035393406093238038 -0.054443564404011054
leaf_weight=10136 62571 1864 58 57 157 42 65 258 7154 49 51 42 193 75 45 44 535 126 62 233 56 66 42 285 49 120 89 66 333 642
leaf_count=10136 62571 1864 58 57 157 42 65 258 7154 49 51 42 193 75 45 44 535 126 62 233 56 66 42 285 49 120 89 66 333 642
internal_value=6.58739e-07 0.0140075 0.00780299 0.0787097 0.00085318 0.075934 0.00294015 0.0650712 0.00178704 -0.189933 0.0677916 0.0582879 -0.0130675 0.0476959 0.205067 0.527527 0.010559 0.0812074 0.045307 0.0994124 0.0427183 0.268488 -0.0574414 0.0560074 0.112438 0.0904085 0.124568 0.339699 0.0681456 0.000306967
internal_weight=85565 22994 20980 2014 19038 1942 18832 1884 18767 206 1957 1906 11613 1477 282 89 1195 660 585 459 397 122 275 1842 915 866 746 155 591 927
internal_count=85565 22994 20980 2014 19038 1942 18832 1884 18767 206 1957 1906 11613 1477 282 89 1195 660 585 459 397 122 275 1842 915 866 746 155 591 927
cat_boundaries=0 1
cat_threshold=4
is_linear=0
shrinkage=0.03


Tree=143
num_leaves=31
num_cat=0
split_feature=37 14 68 119 66 50 68 36 134 62 135 169 33 175 170 84 41 81 183 79 31 33 84 34 28 134 137 38 33 26
split_gain=6527.89 6151.32 7766.79 6083.04 9464.02 6218.8 7518.81 9893.02 13722.4 9443.92 7095.3 7088.74 6053.87 9241.36 9792.02 15369.7 6943.8 10715.9 7866.13 7467.3 10635.2 6952.51 5855.77 5736.68 6932.83 5698.17 7309.55 5455.6 14685 11278
threshold=0.16940990835428241 0.14000000000000007 0.76967287063598644 0.36334474105671749 0.013156512752175333 0.62159928679466259 0.52106758952140819 60.327621459960945 25.325000000000003 0.77003204822540294 25.680271996770937 65.416666666666686 61.500000000000007 151.50000000000003 23.583333333333339 62.458041958041967 4.6725425720214853 67.500000000000014 5.5000000000000009 0.35589063167572027 11.516666889190676 108.50000000000001 60.741666666666674 48.416666030883796 11.833333492279055 29.550000000000004 108.16666666666667 80.160358428955092 133.50000000000003 11.500000000000002
decision_type=10 10 10 8 10 10 10 10 10 10 10 10 10 10 10 10 10 10 8 8 8 10 10 10 10 10 10 10 10 2
left_child=-1 27 3 4 -3 6 9 8 -8 12 -9 22 23 14 15 -14 18 19 -16 -18 -21 25 -7 24 -5 26 -20 -2 29 -29
right_child=1 2 -4 5 -6 11 7 10 -10 -11 -12 -13 13 -15 16 -17 17 -19 21 20 -22 -23 -24 -25 -26 -27 -28 28 -30 -31
leaf_value=-0.006850755298410411 0.0031272872993652529 -0.012046141478099992 0.44828070165855544 0.02473443530897192 0.54724811714845445 0.054431334676221008 0.01773936167359352 0.28707644503224977 0.72976729853399869 -0.35886407949165866 -0.22830425856248387 0.18560115353266396 0.80256770916101405 0.52524072900414465 0.23686046368772942 -0.02399136134237051 -0.22689964933215445 0.60001461020537783 0.053309029874516953 0.58357457318902017 -0.085282596420982612 -0.49295032057378974 -0.37895164075049947 -0.16413821631586634 0.39168666935981583 0.24605124671284745 -0.40460988751912519 -0.2138773313122736 -0.28720699559988044 0.1889810531122344
leaf_weight=50821 29425 56 42 3288 53 40 42 44 58 55 53 45 41 48 62 40 53 42 67 40 46 42 94 143 47 41 59 71 82 525
leaf_count=50821 29425 56 42 3288 53 40 42 44 58 55 53 45 41 48 62 40 53 42 67 40 46 42 94 143 47 41 59 71 82 525
internal_value=6.21066e-07 0.0100223 0.0421711 0.0384624 0.259904 0.0330866 0.0402809 0.221334 0.430716 0.0316111 0.00547668 -0.14018 0.0369021 0.126543 0.0906375 0.39439 0.0362039 0.180082 -0.059892 0.0531964 0.225814 -0.147924 -0.249584 0.0219276 0.0299059 -0.0611508 -0.161113 0.00506591 0.0892018 0.14099
internal_weight=85565 34744 4641 4599 109 4490 4311 197 100 4114 97 179 4059 581 533 81 452 181 271 139 86 209 134 3478 3335 167 126 30103 678 596
internal_count=85565 34744 4641 4599 109 4490 4311 197 100 4114 97 179 4059 581 533 81 452 181 271 139 86 209 134 3478 3335 167 126 30103 678 596
is_linear=0
shrinkage=0.03


Tree=144
num_leaves=31
num_cat=1
split_feature=193 44 21 173 174 28 189 35 28 146 171 188 74 7 66 134 91 39 45 131 84 80 80 26 171 132 134 74 95 62
split_gain=6234.02 11575.1 8382.89 8421.84 11320.3 11448.4 7736.25 8000.79 7702.36 7485.28 9762.21 9389.61 8291.61 14797 7776.03 8600.43 8575.78 20509 8511.6 7896.56 8261.09 7654.63 16609.7 10072.8 9328.58 11822.8 11927.1 9514.36 17078.2 9816.93
threshold=0 3.9999837875366215 0.10500000000000002 -0.081613720376898444 26.500000000000004 5.8333332538604745 257.90000000000003 119.70000076293947 7.0374889373779306 5.7333333333333343 6.5502359867095956 10.500000000000002 0.1393142640590668 0.088333333333333361 1.0000334382057192 34.900000000000006 28.039452741892166 3.7061843872070317 0.89237451553344738 59.583243193562716 60.516666666666673 0.58390983939170849 0.53370195627212536 97.500000000000014 13.37767478823662 61.160256410256416 26.900000000000002 0.51561737060546886 0.36311788407711409 0.51471862196922313
decision_type=1 8 2 10 8 10 2 8 10 8 8 2 8 10 8 10 10 10 8 10 8 10 10 2 10 10 10 10 10 10
left_child=1 -1 6 4 -4 -6 9 -8 -2 -3 -11 12 13 -12 15 18 17 -16 19 20 -14 22 23 24 27 -26 -27 29 -29 -21
right_child=8 2 3 -5 5 -7 7 -9 -10 10 11 -13 14 -15 16 -17 -18 -19 -20 21 -22 -23 -24 -25 25 26 -28 28 -30 -31
leaf_value=-0.0077425943885927415 -0.0057307130755162427 -0.005482422714541549 0.030942201018333435 0.069595413202751824 0.18998559840415655 0.79955292915304499 -0.0069871317101751979 0.24237930318103881 -0.30598993275459713 0.019290892220570514 0.036627392228743255 -0.094680889212105365 0.29217218883966994 0.80400082590324529 0.14419840449999485 -0.25349479309537193 0.10590992851529656 0.98911447370924588 0.469572856988547 0.14698549753049164 -0.091891702448873847 -0.00066391914583347877 0.54950673810073303 -0.18289935723103976 0.39900196521915493 -0.29797888348251578 0.07504899777058098 0.86212981979955328 0.23041094133901652 -0.32019412133582803
leaf_weight=15532 54143 2229 88 909 57 54 6204 118 77 2949 49 219 59 42 70 66 145 41 53 691 346 453 84 95 60 120 216 44 309 43
leaf_count=15532 54143 2229 88 909 57 54 6204 118 77 2949 49 219 59 42 70 66 145 41 53 691 346 453 84 95 60 120 216 44 309 43
internal_value=6.02426e-07 0.0106487 0.02872 0.108294 0.285065 0.486532 0.0227241 -0.00233271 -0.00615599 0.0416207 0.0586816 0.0949259 0.108832 0.3908 0.0999688 0.0846553 0.25783 0.456285 0.0933292 0.0854161 -0.0359417 0.108655 0.138451 0.11657 0.135754 0.011094 -0.0581752 0.181168 0.309152 0.119617
internal_weight=85565 31345 15813 1108 199 111 14705 6322 54220 8383 6154 3205 2986 91 2895 2639 256 111 2573 2520 405 2115 1662 1578 1483 396 336 1087 353 734
internal_count=85565 31345 15813 1108 199 111 14705 6322 54220 8383 6154 3205 2986 91 2895 2639 256 111 2573 2520 405 2115 1662 1578 1483 396 336 1087 353 734
cat_boundaries=0 1
cat_threshold=6
is_linear=0
shrinkage=0.03


Tree=145
num_leaves=31
num_cat=1
split_feature=37 175 33 14 32 193 158 92 144 17 156 156 30 182 74 163 172 29 45 66 120 54 126 47 173 29 37 20 46 44
split_gain=5929.09 5767.11 7042.47 6910.58 6306.42 6383.3 6914.69 8242.67 7635.19 7145.53 6742.1 7610.9 6588.7 6510.93 6938.88 7761.49 6322.54 5778.36 10199.7 6678.33 7105.48 5895.23 5691.45 7900.07 6689.89 9777.1 11933.1 8143.08 13103 6460.33
threshold=0.16940990835428241 155.50000000000003 145.50000000000003 0.030000000000000013 18.196040153503422 0 0.43759255724927509 25.207142857142859 1.0000000180025095e-35 58.500000000000007 -0.10593807638415791 0.072602362510699667 20.419725418090824 63.500000000000007 0.36198039352893835 5.0479937087004334 -0.35380052379421112 10.22499990463257 0.52440476417541515 0.29629631340503698 0.42940032352007979 1.2925828099250796 0.66714285714285737 0.2620511800050736 -0.0036709198906545444 18.69999980926514 78.549999237060561 1.5000000000000002 0.11399132758378984 5.1769204139709482
decision_type=10 8 10 10 10 1 8 10 8 2 10 10 10 10 10 10 8 10 10 10 10 10 8 10 10 10 10 2 10 10
left_child=-1 22 4 -4 5 6 7 9 -8 17 13 -12 16 14 -9 -16 -10 21 -19 -20 -21 -3 23 -2 25 27 -27 -24 -29 -25
right_child=1 2 3 -5 -6 -7 8 10 12 -11 11 -13 -14 -15 15 -17 -18 18 19 20 -22 -23 24 29 -26 26 -28 28 -30 -31
leaf_value=-0.0065289975336206788 -0.010099198517801122 0.094844086567560909 0.015719668775796888 0.56055052432146935 -0.24517730993013104 0.0063520587884605163 0.4110595629156617 -0.0096268884304466593 0.38539113889770071 0.48206958556920287 -0.11053725887671151 0.25771219698091347 0.41039551411481462 -0.17934245954860342 0.13536339970145905 0.65513730316082153 0.060841861292454932 -0.3982391209232396 -0.18798359018105726 0.53278358490765099 -0.025905646554061343 0.48147867903113362 0.018321100585722727 -0.15093874154576439 -0.0089776508239529824 0.54419220738112928 0.0069384741260633837 0.0098609128284763981 0.62624925269530363 0.13583297039889083
leaf_weight=50821 2537 315 40 44 77 5962 61 109 55 40 782 54 51 66 70 41 3039 58 52 40 42 40 9266 673 10873 72 77 77 52 79
leaf_count=50821 2537 315 40 44 77 5962 61 109 55 40 782 54 51 66 70 41 3039 58 52 40 42 40 9266 673 10873 72 77 77 52 79
internal_value=5.84413e-07 0.00955158 0.0274636 0.301107 0.0253652 0.0272804 0.0525471 0.00391724 0.0786337 0.0950053 -0.0437376 -0.0867508 0.072186 0.0819935 0.160394 0.327352 0.0666112 0.0667008 -0.0658839 0.0779713 0.246626 0.138409 0.00121138 -0.0354128 0.00711121 0.0254405 0.266551 0.0216166 0.258328 -0.120812
internal_weight=85565 34744 11038 84 10954 10877 4915 1709 3206 587 1122 836 3145 286 220 111 3094 547 192 134 82 355 23706 3289 20417 9544 149 9395 129 752
internal_count=85565 34744 11038 84 10954 10877 4915 1709 3206 587 1122 836 3145 286 220 111 3094 547 192 134 82 355 23706 3289 20417 9544 149 9395 129 752
cat_boundaries=0 1
cat_threshold=4
is_linear=0
shrinkage=0.03


Tree=146
num_leaves=31
num_cat=0
split_feature=45 44 190 140 27 129 182 121 178 141 66 50 37 91 136 44 49 33 67 164 35 32 15 180 119 83 66 151 128 29
split_gain=5604.78 8027.27 6357.85 7879.99 7691.72 7427.26 6227.67 11418.6 8517.59 9789.12 6250.07 6226.99 6999.28 6762.73 9150.61 11006.7 6498.36 6206.96 6862.94 8889.54 8083.68 6889.89 6255.35 7722.46 6159.52 6010.89 11057.5 7410.23 8191.8 7537.37
threshold=0.030776515603065494 3.9999837875366215 313.45000000000005 92.038461538461561 28.500000000000004 71.500000000000014 44.500000000000007 5.10529804922525 4.3328378087235846 1.1666666666666667 0.29081250727176672 0.72366321086883556 105.85909271240236 30.612980265578621 28.138095238095243 4.3464059829711923 0.3472177535295487 51.500000000000007 0.14835165441036227 5.2959114430120442 46.225000381469734 12.513762950897219 0.11819496253496804 1.0000000180025095e-35 0.52894884128892439 58.400581258472748 0.60152745246887218 1.5885540877116602 0.70415013227513246 8.6333336830139178
decision_type=8 10 2 8 10 10 8 10 10 10 10 10 10 10 10 10 10 10 10 8 10 10 8 2 10 8 10 8 10 10
left_child=-1 -2 3 5 11 17 7 8 10 -10 -4 12 13 -5 15 16 -15 -3 20 -20 -19 -21 -23 -24 25 26 -8 29 -29 -27
right_child=1 2 6 4 -6 -7 24 -9 9 -11 -12 -13 -14 14 -16 -17 -18 18 19 21 -22 22 23 -25 -26 27 -28 28 -30 -31
leaf_value=-0.0054804448208345706 -0.0069831691460882474 -0.024796307181262682 0.2209699418851733 0.033806050059553873 0.38597990794823717 0.28959125352533238 0.07484642323182121 -0.082113611887783752 0.1897196995070263 -0.13733630191534757 0.57342813914930313 -0.29531126280714354 0.33709886739296574 -0.070805375317135183 -0.14774810667249649 0.063055928232960204 -0.42716648331112589 -0.056515172733501949 0.21796348581967107 -0.33636926563829178 -0.59000866295861421 -0.24659023467084051 0.38998031716793774 -0.16704535037279128 0.36787599102258678 0.01256101037889318 0.46296748197159254 0.035848402354111936 0.41133752163851039 -0.15350707089102283
leaf_weight=56681 12791 1288 125 6016 52 57 616 188 347 108 71 56 63 158 466 819 65 44 68 120 61 71 48 42 50 669 74 3909 53 389
leaf_count=56681 12791 1288 125 6016 52 57 616 188 347 108 71 56 63 158 466 819 65 44 68 120 61 71 48 42 50 669 74 3909 53 389
internal_value=5.89188e-07 0.0107564 0.0248561 0.00913539 0.0223505 -0.0473906 0.0474735 0.123835 0.18331 0.112089 0.348646 0.0198765 0.0222029 0.0195662 -0.037242 0.0121782 -0.174677 -0.058417 -0.153799 -0.0898211 -0.366449 -0.164303 -0.0360544 0.130035 0.0363507 0.0334477 0.116471 0.0220361 0.0408714 -0.048498
internal_weight=85565 28884 16093 9494 7695 1799 6599 839 651 455 196 7643 7587 7524 1508 1042 223 1742 454 349 105 281 161 90 5760 5710 690 5020 3962 1058
internal_count=85565 28884 16093 9494 7695 1799 6599 839 651 455 196 7643 7587 7524 1508 1042 223 1742 454 349 105 281 161 90 5760 5710 690 5020 3962 1058
is_linear=0
shrinkage=0.03


Tree=147
num_leaves=31
num_cat=1
split_feature=38 110 124 151 127 15 173 124 135 197 46 35 95 14 148 183 0 38 29 6 190 178 189 67 14 140 41 170 15 82
split_gain=5409.61 9191.54 7418.51 8379.91 10107.6 12150.8 10260.8 7869.01 7523.15 6897.32 12049.1 11691.3 8417.89 7250.91 7128.04 7254.73 7378.09 11768.9 18166.7 15575.7 10056.7 9344.88 11815.4 10506.8 9762.92 10303.6 8847.72 8730.29 13290.7 8330.12
threshold=47.702096939086921 3.1000000000000005 5.3406844562959401 0.98457133355174753 0.68454701694672493 -0.11810672311160904 0.057484105345839649 5.8133094258039586 26.426101999152412 0 0.52394837141036998 62.100000381469734 0.41660232166064143 0.02499999999999997 4.7596153846153859 20.500000000000004 1.0000000180025095e-35 50.503520965576179 11.449999809265138 0.35500000000000004 1817.4000000000003 4.5891148325358859 670.15000000000009 0.59166666865348827 -0.18499999999999991 86.690476190476204 5.6004760265350351 24.083333333333339 0.049091233010286957 56.366666666666674
decision_type=10 10 8 8 10 8 10 10 10 9 8 10 10 8 8 10 2 10 10 10 2 8 2 8 8 8 10 8 8 8
left_child=-1 2 8 4 5 -4 -7 -8 -2 10 -5 -12 -13 -14 -11 16 21 18 19 -18 29 23 27 -16 -24 -26 -27 28 -23 -19
right_child=1 -3 3 9 -6 6 7 -9 -10 14 11 12 13 -15 15 -17 17 20 -20 -21 -22 22 24 -25 25 26 -28 -29 -30 -31
leaf_value=-0.0020795717343404037 -0.16722723804414272 0.48061104829609397 0.75052188345364157 -0.010912632760233604 -0.074529990602512738 -0.00013075614481100015 0.70915680456161501 0.13085488853976129 0.019082973194164982 -0.12330041928180291 0.73530230827953502 -0.18409270079433918 0.5721542784654432 0.084936644373727693 -0.16396877974933627 0.41437126877696012 0.24981362221033679 -0.2541220884737761 -0.018103010930559216 0.96722255561749138 -0.13041485788424811 -0.21870115318002978 -0.19026546822653875 0.051224436387419699 -0.15915977923175956 0.16760027567654487 0.57974411570108841 -0.13379014362959135 0.49001916526664385 0.083131437065312633
leaf_weight=79518 342 40 42 208 98 112 45 40 454 306 46 40 54 56 591 43 69 69 102 45 270 42 81 312 79 476 52 404 55 1474
leaf_count=79518 342 40 42 208 98 112 45 40 454 306 46 40 54 56 591 43 69 69 102 45 270 42 81 312 79 476 52 404 55 1474
internal_value=5.71509e-07 0.0273544 0.0243362 0.0373663 0.182046 0.287253 0.188485 0.437015 -0.0609649 0.0273628 0.144549 0.316903 0.188594 0.324116 0.0164114 0.0267178 0.0226729 0.0634327 0.272758 0.533001 0.0384938 -0.0168594 0.0383967 -0.0896163 0.119098 0.16038 0.20819 -0.0724264 0.183151 0.0680501
internal_weight=85565 6047 6007 5211 337 239 197 85 796 4874 404 196 150 110 4470 4164 4121 2029 216 114 1813 2092 1189 903 688 607 528 501 97 1543
internal_count=85565 6047 6007 5211 337 239 197 85 796 4874 404 196 150 110 4470 4164 4121 2029 216 114 1813 2092 1189 903 688 607 528 501 97 1543
cat_boundaries=0 1
cat_threshold=35
is_linear=0
shrinkage=0.03


Tree=148
num_leaves=31
num_cat=0
split_feature=37 14 68 119 66 50 68 36 134 62 135 169 189 33 175 170 84 148 30 179 79 94 15 41 37 47 45 45 140 27
split_gain=5266.92 5610.83 6964.38 5751.99 8912.68 5970.05 6813.21 9422.66 12821.7 8714.61 6671.1 6619.68 5684.83 5467.46 8558.07 9085.19 14408.6 6554.32 8813.48 7838.62 7769.5 7983.42 6480.15 9992.09 5459.15 8223.2 7448.33 6818.54 5058.88 8035.38
threshold=0.16940990835428241 0.14000000000000007 0.76967287063598644 0.36334474105671749 0.013156512752175333 0.62159928679466259 0.52106758952140819 60.327621459960945 25.325000000000003 0.77003204822540294 25.680271996770937 65.416666666666686 470.60000000000008 61.500000000000007 151.50000000000003 23.583333333333339 62.458041958041967 5.1937500000000005 16.480546951293949 4.7745157113642804 0.35898917913436895 0.41989030316396192 0.20367537247515036 3.8981628417968754 43.033332824707038 0.57095494866371166 0.60922586917877208 0.60922586917877208 99.045454545454561 20.500000000000004
decision_type=10 10 10 8 10 10 10 10 10 10 10 10 2 10 10 10 10 10 10 8 8 10 8 10 10 10 10 10 8 10
left_child=-1 28 3 4 -3 6 9 8 -8 13 -9 12 -7 24 15 16 -15 18 19 22 -21 -22 -17 -24 27 26 -26 -5 -2 -30
right_child=1 2 -4 5 -6 11 7 10 -10 -11 -12 -13 -14 14 -16 17 -18 -19 -20 20 21 -23 23 -25 25 -27 -28 -29 29 -31
leaf_value=-0.0061536221428323138 -0.015792195441560471 -0.012383733884032282 0.42426593810319901 0.023517314830849453 0.53037475362701236 -0.10324595078148624 0.01551471831543105 0.27275318406522275 0.70377851715118722 -0.34533200019056148 -0.22698386178826385 0.17601923545201617 -0.51478606410648509 0.77327626103308134 0.50370972882956266 -0.099978340015961578 -0.027023851018398999 0.34649683350486293 -0.39444730281829832 -0.36672538852407821 -0.21883776192481702 0.293075584103835 0.025149348320499542 0.55750118935566684 -0.107454346914361 0.24865063876606699 -0.56835619018208694 0.30394589401781558 0.0087580343816965646 0.12017178456378301
leaf_weight=50821 8223 56 42 3177 53 88 42 44 58 55 53 45 46 41 48 52 40 53 47 63 52 58 62 65 137 43 41 80 21281 599
leaf_count=50821 8223 56 42 3177 53 88 42 44 58 55 53 45 46 41 48 52 40 53 47 63 52 58 62 65 137 43 41 80 21281 599
internal_value=5.54302e-07 0.00900244 0.0397064 0.0361944 0.251526 0.030967 0.0380159 0.210364 0.414708 0.029763 -0.000299016 -0.138799 -0.244521 0.0348456 0.120034 0.0854817 0.378066 0.0330495 -0.00858631 0.0429349 -0.101069 0.0510802 0.182112 0.297613 0.0206148 -0.123674 -0.213617 0.0304053 0.00426879 0.0118082
internal_weight=85565 34744 4641 4599 109 4490 4311 197 100 4114 97 179 134 4059 581 533 81 452 399 352 173 110 179 127 3478 221 178 3257 30103 21880
internal_count=85565 34744 4641 4599 109 4490 4311 197 100 4114 97 179 134 4059 581 533 81 452 399 352 173 110 179 127 3478 221 178 3257 30103 21880
is_linear=0
shrinkage=0.03


Tree=149
num_leaves=31
num_cat=0
split_feature=176 48 28 31 74 138 182 6 89 78 125 80 37 134 190 81 69 96 143 66 14 74 67 6 112 157 187 178 68 27
split_gain=5149.95 7629.75 7832.94 6632.71 7916.02 7683.65 6646.53 5804.96 6494.88 9373.19 7487.15 7013.26 6721.28 6652.52 7573.71 7422.06 6448.63 8196.86 7492.7 7058.34 7733.73 6856.49 7050.31 9199.68 7213.44 13226.8 7380.9 6855.31 7846.48 6784.81
threshold=1.0000000180025095e-35 0.78459259867668163 22.833333015441898 0.88194444775581371 0.10792857408523561 71.700000000000003 78.500000000000014 0.055000000000000007 32.500000000000007 0.30102489888668066 0.44365079365079368 0.69642889499664318 93.035713195800795 27.900000000000002 2191.4500000000003 61.833333333333336 0.60500001907348644 0.40113119419755078 0.22715936148073096 0.063404973596334471 -0.43499999999999989 0.48927700519561773 0.63068181276321422 0.33500000000000008 1.2583333333333335 0.46039196410807465 12.500000000000002 4.6466891748249735 0.40586884319782263 17.500000000000004
decision_type=8 10 10 10 8 8 10 8 10 10 8 10 10 8 2 10 10 10 10 10 8 10 10 10 10 10 2 8 10 10
left_child=1 2 -1 -2 6 -6 -5 -7 11 -10 -11 13 -12 16 -15 -16 18 27 -9 -20 -21 22 24 -24 25 26 -22 28 -18 -23
right_child=3 -3 -4 4 5 7 -8 8 9 10 12 -13 -14 14 15 -17 17 -19 19 20 21 29 23 -25 -26 -27 -28 -29 -30 -31
leaf_value=-0.0057655439781714654 -0.002378104304039673 0.3050166038728096 -0.32561245313845572 0.099173474917005108 -0.10807093493467787 -0.055914091535174668 0.47996400806714185 0.35138485333865338 -0.11223921149415267 -0.24046691181456167 0.033151103772989556 -0.010083831999077544 0.32325707071944126 0.073791653461016446 0.080227805834550123 0.58709796574253292 0.56193014469146729 0.0250750473918794 0.051801425309997234 0.30021831447795283 -0.048884720368374768 -0.1870025971720832 -0.094878554344177246 0.39653951288200912 -0.19467487716911869 0.51576245303664892 0.27233958425729171 0.11362450676799403 0.079617854198988744 0.20892312826112258
leaf_weight=52881 18537 71 69 661 410 772 44 55 676 82 797 2195 79 3423 52 52 75 904 1322 59 961 414 60 80 220 42 69 409 51 43
leaf_count=52881 18537 71 69 661 410 772 44 55 676 82 797 2195 79 3423 52 52 75 904 1322 59 961 414 60 80 220 42 69 409 51 43
internal_value=5.37544e-07 -0.00576562 -0.00618234 0.00939481 0.0249752 0.0197832 0.122939 0.0238493 0.0289299 -0.0267033 0.0336539 0.0375991 0.0593136 0.0502229 0.0814544 0.333663 0.0271007 0.0801567 0.00413906 -0.00170147 -0.0380109 -0.048575 -0.0162869 0.185932 -0.0381991 -0.00608653 -0.0273658 0.173229 0.366709 -0.149749
internal_weight=85565 53021 52950 32544 14007 13302 705 12892 12120 1634 958 10486 876 8291 3527 104 4764 1439 3325 3270 1948 1889 1432 140 1292 1072 1030 535 126 457
internal_count=85565 53021 52950 32544 14007 13302 705 12892 12120 1634 958 10486 876 8291 3527 104 4764 1439 3325 3270 1948 1889 1432 140 1292 1072 1030 535 126 457
is_linear=0
shrinkage=0.03


Tree=150
num_leaves=31
num_cat=1
split_feature=176 48 28 193 21 138 38 136 132 171 32 174 35 68 26 47 47 80 132 97 54 105 29 45 182 7 69 1 27 83
split_gain=4845.59 7178.83 7370.01 6296.75 7070.35 6872.15 6973.43 9974.35 13734.6 14229.8 11698.8 10630.6 9819.99 9285.33 8662.18 7557.5 10381.3 7484.48 8499.12 6694.25 6518.24 9164.33 6828.25 7502.29 7175.28 6837.67 7492.42 6160.32 6552.56 7514.98
threshold=1.0000000180025095e-35 0.78459259867668163 22.833333015441898 0 0.10500000000000002 73.100000000000009 73.802780151367202 29.806250000000002 63.851648351648358 13.883501455187799 16.467029571533207 23.500000000000004 95.700000762939467 0.50177305936813366 50.500000000000007 0.72240287065505993 0.6555457115173341 0.50262266397476207 66.26969696969698 2.1030303030303035 1.3337143659591677 4.8333333333333348 13.900000095367433 0.4555336087942124 81.500000000000014 0.1016666666666667 0.095000002533197417 2.5000000000000004 22.500000000000004 61.596360786146739
decision_type=8 10 10 1 2 8 8 8 10 10 8 8 10 8 2 10 10 10 10 10 10 10 10 10 8 8 10 8 8 8
left_child=1 2 -1 4 5 -2 -7 8 9 15 -9 -10 14 -12 -11 16 19 18 -13 -8 22 -22 23 25 -25 26 -6 28 29 -15
right_child=3 -3 -4 -5 20 6 7 10 11 12 13 17 -14 27 -16 -17 -18 -19 -20 -21 21 -23 -24 24 -26 -27 -28 -29 -30 -31
leaf_value=-0.0055925774698918213 -0.089176450275379571 0.29586610824289455 -0.31584408020195753 -0.0052325455950889312 0.10652294223926154 0.014373251111823608 -0.11208526059601674 0.69430168352847876 -0.45432194165987511 0.81643714188956296 -0.26034106197953222 -0.17443652405458338 0.0028916208918501694 0.42734272380173205 0.22922225242853164 -0.30347061535445125 0.52029861714781778 -0.33643441192647244 0.34652467049303509 0.317347486462704 0.59352668247132934 0.076730177289730792 -0.24022015421621259 0.48888271279431672 -0.0098262505531311033 0.016382327639291896 0.51621959756005487 -0.066720001347819149 0.47447936164543908 -0.12683881453105381
leaf_weight=52881 542 71 69 14919 166 14800 136 43 73 52 40 51 41 40 40 55 41 47 63 43 53 74 62 74 40 796 53 49 102 49
leaf_count=52881 542 71 69 14919 166 14800 136 43 73 52 40 51 41 40 40 55 41 47 63 43 53 74 62 74 40 796 53 49 102 49
internal_value=5.21552e-07 -0.00559265 -0.00599687 0.00911297 0.0212469 0.015857 0.0194681 0.0976065 0.0291943 0.134279 0.233584 -0.15403 0.389039 0.162831 0.561126 0.011068 0.0897027 -0.0178735 0.113463 -0.00892544 0.0880943 0.292401 0.0663085 0.0831418 0.313897 0.0572244 0.205673 0.233359 0.310343 0.122232
internal_weight=85565 53021 52950 32544 17625 16307 15765 965 642 408 323 234 133 280 92 275 220 161 114 179 1318 127 1191 1129 114 1015 219 240 191 89
internal_count=85565 53021 52950 32544 17625 16307 15765 965 642 408 323 234 133 280 92 275 220 161 114 179 1318 127 1191 1129 114 1015 219 240 191 89
cat_boundaries=0 1
cat_threshold=6
is_linear=0
shrinkage=0.03


Tree=151
num_leaves=31
num_cat=1
split_feature=178 67 193 34 50 33 135 68 34 14 21 26 91 6 190 22 178 169 45 173 137 171 31 27 34 13 8 171 91 120
split_gain=4663.14 8617.58 6132.36 7022.17 15655.3 13925.3 14073.5 14777.4 12307.2 8945.43 7833.32 7529.86 9265.25 8172.09 13031 10450.3 7658.97 7180.86 9741.53 7117.6 9656.36 10982 6799.69 6687.98 16304.7 8689.94 8599.23 9009.29 6634.7 8776.02
threshold=4.5290363310524606 1.3541666865348818 0 93.833332061767592 0.65152710676193248 101.50000000000001 25.928467375470898 0.53365698456764232 112.16666793823244 -0.080000000000000016 0.115 11.500000000000002 22.096110789813377 0.25500000000000006 458.95000000000005 4.5000000000000009 4.4838361318191327 67.416666666666686 0.20761494338512423 -0.075373389382977177 123.16666666666667 7.8434714376926431 12.809091091156008 10.500000000000002 47.833333969116218 -1.0000000180025095e-35 0.51450000000000007 15.05008313059807 34.361135743504256 0.44387905289610102
decision_type=10 10 1 8 10 8 10 10 10 8 2 2 8 8 2 2 10 10 10 10 10 8 10 10 10 8 8 10 10 10
left_child=2 -2 3 10 5 6 -5 -8 -6 -7 11 12 13 -1 -15 -16 -13 23 -19 20 21 -12 -14 24 25 -18 -25 -28 29 -11
right_child=1 -3 -4 4 8 9 7 -9 -10 28 19 16 22 14 15 -17 17 18 -20 -21 -22 -23 -24 26 -26 -27 27 -29 -30 -31
leaf_value=0.04902757632709108 -0.0054838296377025132 0.40983698662122087 -0.0046636576155139019 0.091118651032447817 -0.46903408013617814 -0.28683763209511254 0.33139598089536387 1.0863708389103413 0.14605076553156743 0.15971896653034184 0.16741770060687527 -0.0080736588700261892 0.044242185313193232 0.13074412518029296 0.27521885056793688 0.96097660747915492 0.47857745490968223 0.022061999549991204 0.49781370375729811 0.057208062446302888 0.096356620111248709 0.86610340422391885 -0.1653211547099814 -0.34622707930742763 0.59701579999248933 0.022311298890509507 -0.12781387768059133 0.34183625419225011 0.49674597449418972 -0.2541909619461406
leaf_weight=200 55506 45 14328 72 67 51 56 40 52 285 41 9691 2677 129 40 40 40 76 79 721 132 40 147 80 53 618 107 56 41 55
leaf_count=200 55506 45 14328 72 67 51 56 40 52 285 41 9691 2677 129 40 40 40 76 79 721 132 40 147 80 53 618 107 56 41 55
internal_value=4.8768e-07 -0.00514739 0.00952837 0.0224804 0.114075 0.176418 0.408176 0.645969 -0.200258 0.08629 0.0180953 0.0124961 0.0526611 0.186111 0.317291 0.618098 0.000472598 0.0751541 0.264542 0.102221 0.254588 0.512448 0.0333336 0.0443835 0.0908204 0.0500478 -0.0914873 0.0335383 0.136236 0.0927629
internal_weight=85565 55551 30014 15686 719 600 168 96 119 432 14967 14033 3233 409 209 80 10800 1109 155 934 213 81 2824 954 711 658 243 163 381 340
internal_count=85565 55551 30014 15686 719 600 168 96 119 432 14967 14033 3233 409 209 80 10800 1109 155 934 213 81 2824 954 711 658 243 163 381 340
cat_boundaries=0 1
cat_threshold=6
is_linear=0
shrinkage=0.03


Tree=152
num_leaves=31
num_cat=0
split_feature=32 7 81 87 96 188 50 94 156 96 132 28 33 144 74 53 14 90 30 61 14 182 42 92 132 37 91 9 34 96
split_gain=4581.59 10668 10143.2 8767.38 8753.12 10969.4 15578.5 11185.9 10166.3 9543.36 9090.06 8747.5 10717.6 9209.15 8978.49 8730.98 8471.7 10282.4 10721 9110.84 8990.28 13406.9 12655.1 11148.5 11959.9 9050.35 8972.45 8923.06 8228.51 9375.57
threshold=14.504098415374758 0.91166666666666674 71.166666666666671 10.32830394711387 0.40909952782987019 6.5000000000000009 0.72366321086883556 0.4691966254223775 -0.043710248548207459 0.40602749972738167 60.809090909090919 19.416666984558109 44.500000000000007 0.69615384615384623 0.41640894114971166 4.0999999046325692 0.25500000000000012 30.300000000000001 20.419725418090824 0.39230769872665411 -0.080000000000000016 35.500000000000007 4.1414668560028085 30.839743589743595 65.91987179487181 64.035713195800795 28.634412936102585 0.66181721190353848 59.500000000000007 0.44473711785554804
decision_type=10 10 10 8 8 2 10 10 8 10 10 10 10 8 10 10 10 10 10 10 10 10 10 10 10 10 10 10 10 10
left_child=15 2 3 -2 9 7 8 -6 10 11 -7 12 14 -14 -5 -1 17 20 19 -19 21 22 -10 24 26 -26 -22 -20 -23 -30
right_child=1 -3 -4 4 5 6 -8 -9 16 -11 -12 -13 13 -15 -16 -17 -18 18 27 -21 23 28 -24 -25 25 -27 -28 -29 29 -31
leaf_value=-0.00094879105857230937 0.30929158174702637 0.39539082473271508 -0.18538343007233052 0.47904862778527391 0.47338977796144976 0.064142390639255087 -0.53084671296724462 0.031266490758761117 0.14416964877735483 -0.47540545359600417 -0.55288284765048457 0.26631345238875259 0.023438702688685486 -0.25966208281362474 0.015402488048245618 -0.28143751151841134 0.43360860729217532 -0.24494791959250051 0.4815023659944534 0.24250219859727998 0.0047222603557424414 0.36175842440128325 0.81167947497279924 0.52258434969931844 -0.055193413746793096 0.52924352718811285 -0.36226121322307958 -0.048098578008253186 -0.27745405314573596 0.2435290667054982
leaf_weight=82616 107 73 187 42 117 42 41 92 44 43 44 88 168 269 358 100 60 218 50 41 216 75 61 40 41 57 83 67 67 58
leaf_count=82616 107 73 187 42 117 42 41 92 44 43 44 88 168 269 358 100 60 218 50 41 216 75 61 40 41 57 83 67 67 58
internal_value=4.56553e-07 0.0374055 0.0279916 0.0434034 0.0319408 0.0769889 0.0446729 0.278771 0.0633408 -0.0385166 -0.251545 -0.0182072 -0.048121 -0.150827 0.0640853 -0.00128789 0.0863291 0.0676916 -0.0601158 -0.167784 0.132456 0.257453 0.531961 0.0452166 -0.00288091 0.284734 -0.0971494 0.178227 0.113336 -0.0357179
internal_weight=85565 2849 2776 2589 2482 1514 1305 209 1264 968 86 925 837 437 400 82716 1178 1118 376 259 742 305 105 437 397 98 299 117 200 125
internal_count=85565 2849 2776 2589 2482 1514 1305 209 1264 968 86 925 837 437 400 82716 1178 1118 376 259 742 305 105 437 397 98 299 117 200 125
is_linear=0
shrinkage=0.03


Tree=153
num_leaves=31
num_cat=0
split_feature=176 48 28 31 74 138 132 153 6 28 6 89 35 9 29 80 79 134 190 79 147 28 111 182 57 34 132 131 103 17
split_gain=4421.87 6571.25 7004.55 5835.68 7373.01 6881.71 6326.74 7082.16 8717 5486.4 5419.3 6043.42 9516.81 10570.7 7225.74 6349.1 7061.4 7127.88 8315.79 8328.47 15573.8 7586.41 7303.41 6684.73 10444.9 10805.8 9848.48 10569.2 10925.1 12165.5
threshold=1.0000000180025095e-35 0.78459259867668163 22.833333015441898 0.88194444775581371 0.10792857408523561 71.700000000000003 62.345238095238102 0.12232603945265914 0.065000000000000016 15.166666507720949 0.055000000000000007 33.166666666666679 93.90000152587892 0.75575487055227109 22.300000190734867 0.69642889499664318 0.68197822570800792 27.900000000000002 2191.4500000000003 0.59170722961425792 5.1167180731655426 20.166666984558109 0.39557562624763054 51.500000000000007 0.35371918976306921 33.833333969116218 63.912878787878789 58.875995563608079 3.4480542254521978 22.500000000000004
decision_type=8 10 10 10 8 8 10 8 10 10 8 10 10 8 10 10 10 8 2 10 10 10 8 8 10 10 10 10 10 2
left_child=1 2 -1 -2 6 9 7 -5 -9 -6 -7 14 -13 -14 15 16 17 23 19 21 -21 22 -19 24 25 -12 27 -27 29 -29
right_child=3 -3 -4 4 5 10 -8 8 -10 -11 11 12 13 -15 -16 -17 -18 18 -20 20 -22 -23 -24 -25 -26 26 -28 28 -30 -31
leaf_value=-0.0053351854815598581 -0.0023375703663861993 0.28307726216987822 -0.30779658969977625 0.086089188504964109 -0.058590921832607376 -0.054911239099389643 0.045993735757808005 0.16004992146125954 0.65230150533504172 -0.37579017495638445 0.030927907401176749 -0.054669328636375691 0.52833625786412841 -0.091653800566991156 -0.31481035675220892 -0.0085554553614991657 0.17241269961909483 -0.24764597234271818 0.33892589730138961 -0.41569823002781381 0.15538770647985592 0.47330392266428745 0.078651400577276029 -0.0029161450086501619 -0.19278356572992242 0.065335282494750194 0.052737714658890454 0.31263864363865418 0.099630787245770722 0.92103828379651531
leaf_weight=52881 18537 71 69 145 353 772 430 69 61 57 610 1265 55 45 53 2241 393 63 104 88 84 43 3078 3472 113 79 168 55 47 64
leaf_count=52881 18537 71 69 145 353 772 430 69 61 57 610 1265 55 45 53 2241 393 63 104 88 84 43 3078 3472 113 79 168 55 47 64
internal_value=4.43039e-07 -0.00534259 -0.00572933 0.00870536 0.0233197 0.0183089 0.117864 0.230243 0.39103 -0.102689 0.022157 0.0270659 -0.0323975 0.249341 0.0346129 0.0363433 0.0482353 0.0421865 0.074728 0.0665407 -0.136796 0.0775249 0.0721068 0.0177522 0.0809218 0.111155 0.22965 0.350962 0.486893 0.639845
internal_weight=85565 53021 52950 32544 14007 13302 705 275 130 410 12892 12120 1365 100 10755 10702 8461 8068 3460 3356 172 3184 3141 4608 1136 1023 413 245 166 119
internal_count=85565 53021 52950 32544 14007 13302 705 275 130 410 12892 12120 1365 100 10755 10702 8461 8068 3460 3356 172 3184 3141 4608 1136 1023 413 245 166 119
is_linear=0
shrinkage=0.03


Tree=154
num_leaves=31
num_cat=0
split_feature=56 29 178 28 94 14 33 93 34 29 67 32 28 26 27 44 177 174 131 175 26 140 68 48 178 6 14 43 44 68
split_gain=4304.26 4322.08 4478.8 8237.65 16755.7 10558.7 11567.4 11191.7 10932.7 9244.54 6572.87 5655.96 5307.85 13388.1 11687.8 9653.92 9521.65 9917.69 7847.63 11072.1 6871.69 6748.69 6047.72 5666.63 5074.57 9543.36 6301.2 10163.4 12433.6 10229.5
threshold=4.0594117641448983 23.899999618530277 4.5290363310524606 19.833333015441898 0.39297001576896107 0.049999999999999975 94.500000000000014 0.48657988308176681 95.833332061767592 20.22500038146973 1.3541666865348818 19.795873641967777 17.833333015441898 76.500000000000014 21.500000000000004 4.4304559230804452 31.500000000000004 26.500000000000004 59.060265780800897 58.500000000000007 33.500000000000007 113.78888888888891 0.4131333082914353 0.56478539109230053 4.4882763686459546 0.79500000000000015 -0.054999999999999986 3.952811717987061 4.323946714401246 0.24509049206972125
decision_type=10 10 10 10 8 8 10 10 10 10 10 10 10 2 10 10 10 10 10 10 2 10 10 10 10 10 10 10 10 10
left_child=1 2 3 24 -5 6 8 -7 -6 -9 11 12 14 16 -4 23 18 -18 -14 -20 21 -21 -19 -16 -1 26 27 28 -26 -30
right_child=-2 -3 10 4 5 7 -8 9 -10 -11 -12 -13 13 -15 15 -17 17 22 19 20 -22 -23 -24 -25 25 -27 -28 -29 29 -31
leaf_value=0.0046428380765228608 0.23185808092355725 -0.22783361394405363 -0.0055034231578557124 0.68256431233623749 -0.1049976802933706 -0.015624221628041644 -0.34867037474005314 0.17772884706656139 0.49800259526385815 0.78927088916301724 0.37011760311467307 0.23637785524804272 -0.25710285778703357 -0.5076084722299129 0.29758307789380728 0.61351233836263419 -0.55800904918800698 -0.29447762066004224 0.44275846981753902 -0.44850611824880948 0.19742844073846935 0.083147972055843899 0.1722183157415951 -0.17407950186147922 0.1136561416854029 0.50189268433770462 -0.017290981526639316 -0.023639547168441907 0.24936208953299829 0.86471300008893015
leaf_weight=28005 72 75 54730 46 73 76 81 45 43 44 42 87 58 64 52 48 55 49 72 44 80 42 51 41 345 43 689 311 62 40
leaf_count=28005 72 75 54730 46 73 76 81 45 43 44 42 87 58 64 52 48 55 49 72 44 80 42 51 41 345 43 689 311 62 40
internal_value=4.29692e-07 -0.000194835 5.03999e-06 0.00936502 0.143243 0.0747107 -0.0735686 0.251747 0.118528 0.480064 -0.00503669 -0.00532073 -0.00570039 -0.101563 -0.00480065 0.267983 -0.0439421 -0.234431 0.055807 0.132062 -0.00269746 -0.188861 -0.0564627 0.0896458 0.0075131 0.0614606 0.0483725 0.108059 0.199688 0.490676
internal_weight=85565 85493 85418 29903 408 362 197 165 116 89 55515 55473 55386 515 54871 141 451 155 296 238 166 86 100 93 29495 1490 1447 758 447 102
internal_count=85565 85493 85418 29903 408 362 197 165 116 89 55515 55473 55386 515 54871 141 451 155 296 238 166 86 100 93 29495 1490 1447 758 447 102
is_linear=0
shrinkage=0.03


Tree=155
num_leaves=31
num_cat=0
split_feature=44 68 94 96 39 38 170 142 84 26 74 74 66 82 17 160 158 13 33 173 136 34 34 167 6 74 28 137 46 144
split_gain=4212.75 7921.16 5970.52 9492.01 10359.6 13854.8 14561 15683.4 7212.74 6447.64 7912 7531.69 8803.1 5891.27 8568.86 8982.82 10363.7 13528.9 8991.99 8858.76 8760.45 9454.83 15511.9 9368.43 7749.01 8692.55 7418.86 7260.99 7075.02 6861.07
threshold=3.9999837875366215 0.057259952649474151 0.36323012768556212 0.37973010010443942 5.0156250000000009 43.139610290527351 26.083333333333339 0.7333333333333335 56.354166666666679 16.500000000000004 0.69507330656051647 0.3220412433147431 0.3105101883411408 59.100000000000009 4.5000000000000009 0.41993522153201662 0.45404647767814188 -1.0000000180025095e-35 28.500000000000004 -0.008545605118108977 27.720779220779225 42.833333969116218 60.166666030883796 0.5207074682170475 0.58500000000000008 0.45131884515285497 13.166666507720949 77.166666666666671 0.35057540237903601 0.60769230769230786
decision_type=10 10 10 8 10 10 8 10 10 2 8 10 10 10 2 8 10 10 10 10 10 10 10 8 8 10 10 10 10 8
left_child=-1 -2 3 8 5 -5 7 -7 -3 10 11 -10 -13 14 -4 -16 17 18 -17 -18 23 -22 -23 -19 26 -26 27 -25 -21 -27
right_child=1 2 13 4 -6 6 -8 -9 9 -11 -12 12 -14 -15 15 16 19 20 -20 28 21 22 -24 24 25 29 -28 -29 -30 -31
leaf_value=-0.0066837601340960498 -0.0022618787060299395 -0.34002835957454919 -0.081849255695079379 0.11520703659242679 -0.0070955372038226435 0.31070226492250669 0.10541863070380303 1.0476478051576974 0.088083588079183914 0.0094548540675989199 -0.062472937245059902 0.77685798479163126 0.16833147583901881 0.0076497718274810772 -0.05365481600873858 0.19447526958904096 0.15938926725433422 0.42777400086323419 0.7985220379525042 -0.048611923465409226 0.13725186747385412 0.92322093970396291 0.20438222515583038 0.34956707402415893 0.4303348999619484 0.28439149860412843 -0.38868343332234551 -0.059330412671399803 -0.479641431705007 -0.024902249761985091
leaf_weight=42606 29097 46 312 248 197 51 62 53 79 1033 81 46 40 9839 326 42 104 63 47 97 193 44 70 46 75 93 51 260 53 211
leaf_count=42606 29097 46 312 248 197 51 62 53 79 1033 81 46 40 9839 326 42 104 63 47 97 193 44 70 46 75 93 51 260 53 211
internal_value=4.16777e-07 0.00662967 0.0252935 0.0741597 0.171981 0.257194 0.46932 0.686261 0.029051 0.0423252 0.180354 0.29956 0.493822 0.0173608 0.0631426 0.0886284 0.12064 0.157629 0.513466 -0.0533853 0.128995 0.265205 0.481829 0.0766586 0.0466039 0.14108 -0.0536938 0.00213784 -0.200909 0.0697172
internal_weight=85565 42959 13862 1936 611 414 166 104 1325 1279 246 165 86 11926 2087 1775 1449 1195 89 254 1106 307 114 799 736 379 357 306 150 304
internal_count=85565 42959 13862 1936 611 414 166 104 1325 1279 246 165 86 11926 2087 1775 1449 1195 89 254 1106 307 114 799 736 379 357 306 150 304
is_linear=0
shrinkage=0.03


Tree=156
num_leaves=31
num_cat=0
split_feature=56 29 27 89 178 28 94 56 65 39 180 82 178 6 169 41 45 27 30 45 67 13 29 10 33 33 73 27 67 53
split_gain=4053.84 4066.2 4291.21 20089.7 4148.09 7248.2 17269.1 11593.3 12674.2 15774.3 9603.56 9817.5 4830.96 8888.67 6077.82 9038.36 8222.03 5866.74 14334 8662.91 11302.9 6235.67 5717.16 11257.3 4945.99 6002.52 10558 4706.36 4514.05 4443.63
threshold=4.0594117641448983 23.899999618530277 28.500000000000004 29.833333333333339 4.5290363310524606 19.833333015441898 0.39297001576896107 2.7010638713836674 0.70833334326744091 4.6414284706115732 1.0000000180025095e-35 64.90000000000002 4.4882763686459546 0.79500000000000015 67.416666666666686 3.877599954605103 0.17712418735027316 10.500000000000002 11.099178314208986 0.58434957265853893 0.30384616553783422 -1.0000000180025095e-35 19.44999980926514 0.6755001755001756 146.50000000000003 121.50000000000001 0.61516666412353527 4.5000000000000009 1.3541666865348818 4.0999999046325692
decision_type=10 10 10 10 10 10 8 10 10 10 2 8 10 10 10 10 10 10 10 10 10 8 10 8 10 10 8 10 10 10
left_child=1 2 4 -4 5 12 -7 8 10 -10 11 -8 22 14 17 16 -16 18 21 -19 -21 -14 24 -24 25 29 -27 -23 -6 -1
right_child=-2 -3 3 -5 28 6 7 -9 9 -11 -12 -13 13 -15 15 -17 -18 19 -20 20 -22 27 23 -25 -26 26 -28 -29 -30 -31
leaf_value=0.0060724034026798431 0.22501242349545161 -0.22098674573898314 0.71078546784273011 -0.13724723798495073 -0.0053165340841478722 0.71390466928482055 0.43077719344033133 -0.37380299091339109 0.66276275341425617 -0.067286594634832345 -0.31127782421845657 -0.16920198023319244 0.32049812948030809 0.48486282897549998 0.18214258777037742 -0.002880499765276909 0.73381976276636118 -0.25817201242371873 0.58307611318474462 -0.21221497732400893 0.46795294162838957 0.053007379033364527 0.085870659457484497 -0.54165751188397404 0.29747378220924964 0.059620031437703537 -0.54337674707782513 -0.097975567322352838 0.30958366391135422 -0.23673904312007565
leaf_weight=27657 72 75 41 65 55433 42 54 46 70 43 65 45 62 43 62 100 40 143 44 45 43 645 53 50 52 56 49 261 41 68
leaf_count=27657 72 75 41 65 55433 42 54 46 70 43 65 45 62 43 62 100 40 143 44 45 43 645 53 50 52 56 49 261 41 68
internal_value=4.04336e-07 -0.000189095 4.7731e-06 0.190765 -0.000232247 0.00878762 0.141655 0.0672444 0.140487 0.384956 -0.0279584 0.158059 0.00714217 0.059815 0.0471665 0.19979 0.398487 0.0223637 0.0535023 -0.114053 0.12014 0.0294308 0.00434148 -0.218755 0.00516563 0.00461946 -0.221778 0.00951229 -0.0050838 0.00547687
internal_weight=85565 85493 85418 106 85312 29838 365 323 277 113 164 99 29473 1488 1445 202 102 1243 1012 231 88 968 27985 103 27882 27830 105 906 55474 27725
internal_count=85565 85493 85418 106 85312 29838 365 323 277 113 164 99 29473 1488 1445 202 102 1243 1012 231 88 968 27985 103 27882 27830 105 906 55474 27725
is_linear=0
shrinkage=0.03


Tree=157
num_leaves=31
num_cat=0
split_feature=44 68 94 96 39 38 170 142 84 130 26 14 26 154 162 84 138 34 175 143 136 140 34 32 37 31 137 38 26 179
split_gain=3978.61 7322.78 5594.01 8925.78 9755.51 12989.9 13685.9 14749.2 6777.22 6275.88 6456.88 7751.49 5830.5 6029.37 6291.5 6161.03 7207.03 9792.47 7691.86 6979.96 6779.5 6632.8 7129.46 10754.2 7898.99 8523.3 7878.97 7787.48 7419.59 12746.3
threshold=3.9999837875366215 0.057259952649474151 0.36323012768556212 0.37973010010443942 5.0156250000000009 43.139610290527351 26.083333333333339 0.7333333333333335 56.354166666666679 71.700000000000003 16.500000000000004 0.25500000000000012 1.5000000000000002 -0.23713925268613631 4.1312334714294101 67.031250000000014 157.30000000000004 36.166666030883796 84.500000000000014 0.23500023957082203 25.45804195804196 92.038461538461561 39.166666030883796 13.402702331542971 34.033332824707038 8.5166668891906756 107.83333333333336 85.672954559326186 57.500000000000007 4.3964566539207421
decision_type=10 10 10 8 10 10 8 10 10 10 2 8 2 8 10 10 10 10 10 8 10 8 10 10 10 10 10 10 2 10
left_child=-1 -2 3 8 5 -5 7 -7 -3 10 11 -10 -4 14 -14 21 18 -18 19 20 -17 22 24 -24 -15 -26 27 28 29 -25
right_child=1 2 12 4 -6 6 -8 -9 9 -11 -12 -13 13 15 -16 16 17 -19 -20 -21 -22 -23 23 26 25 -27 -28 -29 -30 -31
leaf_value=-0.0064953760477626131 -0.0021063263735863363 -0.32981747010803741 -0.24521697430626341 0.11175436084068591 -0.0072299154170878642 0.30075521647930142 0.101839124425765 1.0154158185647342 0.2599939390404804 0.39288383086973971 -0.0051585091655711847 -0.15457865798702608 0.022228008913993836 -0.0073677606364204121 0.50837775213562919 0.036224799241338458 -0.10264744344949722 0.47257624497539119 -0.14211740484969182 -0.028945396423409101 0.53561334899067869 0.037143046161073306 -0.19332392319593603 0.38588873060960921 0.54929213186502446 0.055666628585142243 0.39877360354947006 -0.38633930722872412 -0.17528952608967935 -0.20426964803653605
leaf_weight=42606 29097 46 76 248 197 51 62 53 185 44 998 52 50 913 46 63 50 57 550 1022 40 8166 437 93 50 85 46 45 86 51
leaf_count=42606 29097 46 76 248 197 51 62 53 185 44 998 52 50 913 46 63 50 57 550 1022 40 8166 437 93 50 85 46 45 86 51
internal_value=3.92113e-07 0.00644278 0.0243878 0.0716881 0.166547 0.249238 0.454636 0.664957 0.0279456 0.0408127 0.0282693 0.169033 0.0167093 0.0183892 0.255175 0.0164552 -0.0349246 0.20378 -0.0501732 -0.00522267 0.230162 0.0256368 -0.0263897 -0.0964766 0.024303 0.238491 0.0353686 -0.0254192 0.0451957 0.176874
internal_weight=85565 42959 13862 1936 611 414 166 104 1325 1279 1235 237 11926 11850 96 11754 1782 107 1675 1125 103 9972 1806 758 1048 135 321 275 230 144
internal_count=85565 42959 13862 1936 611 414 166 104 1325 1279 1235 237 11926 11850 96 11754 1782 107 1675 1125 103 9972 1806 758 1048 135 321 275 230 144
is_linear=0
shrinkage=0.03


Tree=158
num_leaves=31
num_cat=1
split_feature=193 28 176 48 171 31 44 131 90 66 90 133 38 73 174 84 14 179 136 179 137 89 83 35 169 33 129 50 144 68
split_gain=3852.27 7840.19 4792.66 5649.95 7134.04 13610.1 7967.52 12740.1 8322.47 10753.5 10581.4 10052.9 9039.01 12331.5 9430.64 8705.4 10586.7 10214.6 10931.1 9523.28 7349.75 7035.57 9828.91 10155.6 6827.69 7596.21 6819.4 6759.7 5614.31 5469.67
threshold=0 7.0374889373779306 1.0000000180025095e-35 0.78459259867668163 9.5004085451364535 18.226495742797855 5.2652719020843515 62.916059765348479 30.500000000000004 1.0000334382057192 29.700000000000006 25.166666666666668 53.463596343994148 0.34976817667484289 31.500000000000004 64.433035714285737 -0.18499999999999991 4.874072629577392 27.559027777777782 4.0728392884968372 78.500000000000014 28.583333333333339 63.990821996265204 50.633333206176765 66.083333333333357 40.500000000000007 66.833333333333357 0.60826835036277782 0.67708333333333337 0.43538899719715124
decision_type=1 10 8 10 10 10 10 10 10 10 10 10 10 8 10 8 8 10 8 10 10 10 10 10 10 10 10 10 8 10
left_child=2 -2 3 4 5 -1 8 -8 9 10 12 -10 13 -6 20 16 -14 18 -17 27 -15 22 -22 -24 25 -21 28 -18 -13 -20
right_child=1 -3 -4 -5 6 -7 7 -9 11 -11 -12 26 15 14 -16 17 19 -19 29 24 21 -23 23 -25 -26 -27 -28 -29 -30 -31
leaf_value=-0.0016944848079980693 -0.010136985058385671 -0.33279060607447342 0.013586280097322437 0.2642959066427929 0.13531397725527103 0.39249377375916589 -0.20884551650562952 0.46316005849700059 -0.53037963794250231 0.31193724792936572 0.30575005792436144 -0.20355243943631648 0.53724351606611154 0.049241833784142319 0.14984648205339909 -0.25140820620788462 -0.47196143410643754 -0.50949281420026504 -0.057399490982294077 0.37117482275962826 -0.42872061461539557 -0.67254831411838523 -0.31623221037217547 0.23724856308446479 0.4865117889046669 -0.060836638616819455 -0.38019906989010899 0.0066299566780698704 0.24045081175999208 0.41989074605576532
leaf_weight=36852 20871 68 25987 71 91 79 43 62 76 69 63 48 40 49 48 108 49 56 40 50 181 50 70 52 40 137 55 58 55 47
leaf_count=36852 20871 68 25987 71 91 79 43 62 76 69 63 48 40 49 48 108 49 56 40 50 181 50 70 52 40 137 55 58 55 47
internal_value=3.80453e-07 -0.0111795 0.00362385 -0.00307553 -0.00356773 -0.000851267 -0.0648517 0.187958 -0.0821787 -0.0524902 -0.0729503 -0.246861 -0.0934118 -0.183191 -0.247599 -0.0156993 0.0760234 -0.15237 -0.0498113 0.0207875 -0.295056 -0.342848 -0.288441 -0.0803224 0.130769 0.0546744 -0.110485 -0.212538 0.0335367 0.200447
internal_weight=85565 20939 64626 38639 38568 36931 1637 105 1532 1298 1229 234 1166 541 450 625 374 251 195 334 402 353 303 122 227 187 158 107 103 87
internal_count=85565 20939 64626 38639 38568 36931 1637 105 1532 1298 1229 234 1166 541 450 625 374 251 195 334 402 353 303 122 227 187 158 107 103 87
cat_boundaries=0 1
cat_threshold=22
is_linear=0
shrinkage=0.03


Tree=159
num_leaves=31
num_cat=0
split_feature=56 29 27 89 178 28 94 37 56 39 40 140 93 178 6 14 15 189 29 132 39 171 50 34 8 34 36 94 136 79
split_gain=3757.26 3885.23 4056.7 18691.9 3709.14 6787.87 16051.1 11326.5 10327.3 7408.12 10328.1 4697.76 4628.48 4533.67 8245.7 5868.31 9534.42 9228.91 8590.87 10978.9 7016.59 6508.65 5726.4 13790.1 13846.5 7455.1 10947.5 9215.45 5544.01 5242.22
threshold=4.0594117641448983 23.899999618530277 28.500000000000004 29.833333333333339 4.5290363310524606 19.833333015441898 0.39297001576896107 100.5357131958008 2.7010638713836674 4.1987020969390878 4.2550864219665536 102.03333333333335 0.49422219206701973 4.4882763686459546 0.79500000000000015 -0.054999999999999986 -0.070548871212807659 890.20000000000016 9.2249999046325701 67.408333333333346 1.0000000180025095e-35 4.100503347814084 0.67852005362510692 69.416667938232436 0.76450000000000007 93.833332061767592 87.06799697875978 0.46138032297756859 25.839743589743595 0.34759671986103063
decision_type=10 10 10 10 10 10 8 10 10 10 10 10 8 10 10 10 10 2 10 8 10 10 10 10 8 10 10 8 10 10
left_child=1 2 4 -4 5 13 -7 8 9 10 11 -8 -11 22 15 16 17 18 20 28 -15 -19 25 24 -24 -1 -27 -28 -20 -17
right_child=-2 -3 3 -5 -6 6 7 -9 -10 12 -12 -13 -14 14 -16 29 -18 21 19 -21 -22 -23 23 -25 -26 26 27 -29 -30 -31
leaf_value=0.0039799832657739951 0.21662503236283859 -0.21601034469604491 0.68708553301125042 -0.13091358848718496 -0.0048106921918466715 0.68858667697225295 -0.20623712682723996 0.48523927206895784 -0.45544732613861555 -0.35486847305297847 0.61573936441540722 0.22270980475677385 0.055385365572842682 0.4249619192426855 0.4671265546942866 0.012603899752536769 0.51238151991739866 0.086494532578916677 0.3999779539137352 0.72350612892707189 0.024950366792300661 -0.31100428905831762 -0.19535435862669889 -0.49200159909020003 0.44692512563389281 0.58828146686777472 -0.27947643764640973 0.2719687826575628 -0.079779779146546909 -0.24297790856986512
leaf_weight=27619 72 75 41 65 55474 42 40 49 40 45 40 54 55 44 43 606 48 67 41 45 383 83 88 71 46 48 46 67 46 82
leaf_count=27619 72 75 41 65 55474 42 40 49 40 45 40 54 55 44 43 606 48 67 41 45 383 83 88 71 46 48 46 67 46 82
internal_value=3.68835e-07 -0.000182067 7.43793e-06 0.185482 -0.000223014 0.00830627 0.136885 0.0651466 -0.00997942 0.0661689 0.211988 0.0401792 -0.129229 0.00671393 0.0577403 0.0455579 0.103193 0.075491 0.131559 0.343083 0.0661694 -0.133455 0.00400078 -0.153974 0.0251296 0.00516655 0.208717 0.0474867 0.146313 -0.0178579
internal_weight=85565 85493 85418 106 85312 29838 365 323 274 234 134 94 100 29473 1488 1445 757 709 559 132 427 150 27985 205 134 27780 161 113 87 688
internal_count=85565 85493 85418 106 85312 29838 365 323 274 234 134 94 100 29473 1488 1445 757 709 559 132 427 150 27985 205 134 27780 161 113 87 688
is_linear=0
shrinkage=0.03


Tree=160
num_leaves=31
num_cat=0
split_feature=44 50 21 89 89 177 152 152 130 33 46 82 15 131 130 178 31 176 69 50 131 135 28 39 190 140 40 33 132 170
split_gain=3683.17 6654.58 8007.86 7312.69 7150.37 8226.16 7364.83 9067.25 8597.2 9278.22 10127 7494.91 8889.98 11856.6 7667.14 7085.15 7064.02 15301.3 6849.28 8713.89 7397.01 6817.87 9521.16 9975.99 9262.83 11463.6 8844.31 9061.81 9078.06 13622.5
threshold=3.9999837875366215 0.15175053477287295 0.72500000000000009 41.166666666666679 30.833333333333339 47.500000000000007 1.2403846153846156 1.0645833333333334 64.733333333333348 132.50000000000003 0.66872748732566845 60.775000000000006 -0.011013850482278152 62.232615943114759 60.550000000000004 4.7580108443348328 9.8090910911560076 1.0000000180025095e-35 0.59626111388206493 0.2187495827674866 67.964624795936672 29.429789334730355 21.833333015441898 4.2223336696624765 2283.8000000000006 115.78461538461541 6.5012176036834726 145.50000000000003 66.177083333333357 28.583333333333339
decision_type=10 8 2 10 10 10 10 10 10 10 10 10 10 10 10 8 10 10 10 8 10 8 10 10 2 8 10 10 8 10
left_child=-1 -2 3 4 5 21 7 8 11 10 18 15 13 -13 -14 -6 -15 -18 19 -10 -20 22 26 -24 25 -23 27 28 -3 -30
right_child=1 2 -4 -5 6 -7 -8 -9 9 -11 -12 12 14 16 -16 -17 17 -19 20 -21 -22 24 23 -25 -26 -27 -28 -29 29 -31
leaf_value=-0.0062495814197496618 -0.00052761388438161614 0.0091497419751197968 0.430796748757447 0.33764319732118009 -0.0019413045793771741 0.3605860702565738 -0.12535561462232109 0.3278581476449966 0.10847274942278136 -0.53480493982136246 0.36013881203976078 -0.020553362316083557 0.064767930041188776 0.07999593064421788 -0.22505146441201268 0.4786297112428225 0.69675817389147621 0.049574503783256771 -0.1019449347810399 -0.2374998122757655 0.26530802361121991 -0.087597868195833387 0.046837674913609892 -0.59672086634065791 0.51813498811666348 0.10663094227017038 -0.088985514218996586 0.38409232265569948 0.13221768264953385 -0.25365931069248182
leaf_weight=42606 32433 4087 44 67 48 70 495 75 82 40 47 407 138 128 203 65 70 62 124 326 82 331 41 46 43 1574 576 66 1100 89
leaf_count=42606 32433 4087 44 67 48 70 495 75 82 40 47 407 138 128 203 65 70 62 124 326 82 331 41 46 43 1574 576 66 1100 89
internal_value=3.57748e-07 0.00619894 0.026925 0.0252297 0.0232199 0.0367926 -0.0223044 0.00458557 -0.00872148 -0.0911295 -0.0642807 0.0428111 0.0168388 0.0805412 -0.107764 0.274493 0.238793 0.392778 -0.0967689 -0.167966 0.0442431 0.0339427 0.0181223 -0.293435 0.0827115 0.072883 0.0227025 0.0347452 0.0303751 0.103334
internal_weight=85565 42959 10526 10482 10415 8023 2392 1897 1822 701 661 1121 1008 667 341 113 260 132 614 408 206 7953 6005 87 1948 1905 5918 5342 5276 1189
internal_count=85565 42959 10526 10482 10415 8023 2392 1897 1822 701 661 1121 1008 667 341 113 260 132 614 408 206 7953 6005 87 1948 1905 5918 5342 5276 1189
is_linear=0
shrinkage=0.03


Tree=161
num_leaves=31
num_cat=1
split_feature=56 29 68 74 29 26 39 14 143 182 48 47 45 27 27 49 12 33 10 129 10 45 120 15 49 178 193 26 5 6
split_gain=3526.56 3631.36 3867 10921.1 12685.6 10674.9 11510.8 10625.1 7606.06 8437.91 7433.59 6255.32 5809.96 4206.24 9420.67 3790.46 3446.23 5703.96 8157.45 5233.44 5139.7 7264.07 4992.11 9106.79 5543.47 3839.16 5678.51 8970.96 6800.32 10422
threshold=4.0594117641448983 23.899999618530277 0.71902412176132213 0.58431679010391246 20.69999980926514 18.500000000000004 3.9999837875366215 0.044999999999999991 0.56826733430782317 35.500000000000007 0.63419318199157726 0.32481074333190924 0.92980295419693004 30.500000000000004 28.500000000000004 0.66669291257858287 0.15524344387288633 0.99920478463172924 0.27408307556341144 70.833333333333357 0.19287677023885016 0.22792208194732669 0.4687922254312521 0.03844632568953401 0.0024660950293764476 4.5290363310524606 0 11.500000000000002 1.0000000180025095e-35 0.40500000000000008
decision_type=10 10 10 10 10 2 10 8 10 10 10 10 10 10 10 8 8 10 10 10 8 10 10 8 10 10 1 2 2 8
left_child=1 2 12 5 7 6 -4 10 -7 -10 -5 -8 13 14 16 -9 17 -1 19 22 21 -18 24 -24 -19 26 27 -22 -29 -30
right_child=-2 -3 3 4 -6 8 11 15 9 -11 -12 -13 -14 -15 -16 -17 20 18 -20 -21 25 -23 23 -25 -26 -27 -28 28 29 -31
leaf_value=0.0047684123563380316 0.20986907108376421 -0.20883436831235885 0.39117469562217594 -0.2369757391123668 0.41328649574518206 0.7307707852802493 0.068810377344489096 -0.23161053649403832 0.5545005144142523 -0.043676765059882945 0.29146013066768645 -0.46174554768204684 0.32610458106410745 -0.30822430729866029 0.41964888358488678 -0.63511690101027485 -0.01548592609963022 0.28052684057805988 0.45139393018484114 0.30098511402870154 0.075386094890405181 -0.11610249232312915 -0.024304902203222536 0.58358555144497326 0.012100011772867863 -0.0046494056969690395 -0.0042477323462376086 0.016637033082936084 0.15887207698314748 -0.20653836242144377
leaf_weight=4221 72 75 48 46 40 44 40 44 41 44 50 40 49 40 48 40 9294 74 50 77 2499 694 47 42 1077 44945 12234 9178 94 278
leaf_count=4221 72 75 48 46 40 44 40 44 41 44 50 40 49 40 48 40 9294 74 50 77 2499 694 47 42 1077 44945 12234 9178 94 278
internal_value=3.47155e-07 -0.000176399 6.81014e-06 0.0851859 -0.0699634 0.217999 0.0238983 -0.177352 0.410594 0.244856 0.0382513 -0.196468 -0.000471527 -0.000660028 -0.000515039 -0.423756 -0.000752857 0.0220172 0.0752776 0.0609983 -0.00235908 -0.0224771 0.0460959 0.262565 0.0293577 0.000543481 0.0101549 0.0247617 0.0115404 -0.114203
internal_weight=85565 85493 85418 477 220 257 128 180 129 85 96 80 84941 84892 84852 84 84804 5588 1367 1317 79216 9988 1240 89 1151 69228 24283 12049 9550 372
internal_count=85565 85493 85418 477 220 257 128 180 129 85 96 80 84941 84892 84852 84 84804 5588 1367 1317 79216 9988 1240 89 1151 69228 24283 12049 9550 372
cat_boundaries=0 1
cat_threshold=6
is_linear=0
shrinkage=0.03


Tree=162
num_leaves=31
num_cat=0
split_feature=44 68 94 96 39 38 91 132 84 80 36 133 74 132 66 177 174 26 48 171 5 6 67 75 83 33 128 17 81 179
split_gain=3454.66 6197.09 5165.44 8243.28 9134.43 12072 10577.5 6728.18 6348.32 5909.54 10792.8 5961.33 5866.45 5638.51 5576.67 5536.66 7845.63 5456.74 5757.63 6375.53 5494.46 7244.17 7104.5 7001.85 6004.82 8888.31 7598.09 7377.69 6661.81 7406.51
threshold=3.9999837875366215 0.057259952649474151 0.36323012768556212 0.37973010010443942 5.0156250000000009 51.460927963256843 21.005480592268366 61.930952380952384 56.354166666666679 0.3426599800586701 20.239326477050785 27.833333333333339 0.29009090363979345 56.690476190476197 0.35391043126583105 43.500000000000007 32.500000000000007 4.5000000000000009 0.26120354235172277 4.1721260547637948 1.0000000180025095e-35 0.43500000000000005 0.17424242943525317 0.13197180628776553 59.527928623444502 136.50000000000003 0.54638278388278405 4.5000000000000009 57.833333333333336 4.4178150524655839
decision_type=10 10 10 8 10 10 10 10 10 8 10 10 8 8 10 10 10 2 8 10 2 10 10 10 10 10 8 2 10 8
left_child=-1 -2 3 8 5 12 -7 -8 -3 10 -10 -12 -5 -11 -6 16 -15 18 -4 -20 24 22 -22 -24 25 26 -19 -28 29 -26
right_child=1 2 17 4 14 6 7 -9 9 13 11 -13 -14 15 -16 -17 -18 20 19 -21 21 -23 23 -25 28 -27 27 -29 -30 -31
leaf_value=-0.006052638336133908 -0.0018610618473929037 -0.32033014230972978 -0.0069045656755695054 0.39884230861067771 0.082812227989370754 0.88971688592433928 0.56640980466109947 0.022918034006909626 -0.0220279812596498 0.35664729496836661 0.20933962752281779 0.65069296952088673 0.06604441521287864 -0.0046800597487856328 -0.28643128763656228 0.27035188540572025 -0.40237383127212523 -0.077781976915159895 -0.55640936396338714 -0.1078027429845598 -0.10460079706607073 -0.17121388278100699 -0.046365442938274805 0.40973314035845843 0.16901345887509259 0.5001868226698466 -0.07236765468532072 0.10651950413058245 0.016755479795671609 -0.22429837838489206
leaf_weight=42606 29097 46 203 60 148 40 41 41 124 40 71 45 232 891 49 61 47 310 44 81 137 307 54 69 55 42 239 1574 8612 199
leaf_count=42606 29097 46 203 60 148 40 41 41 124 40 71 45 232 891 49 61 47 310 44 81 137 307 54 69 55 42 239 1574 8612 199
internal_value=3.21913e-07 0.00600354 0.0225117 0.0679641 0.159124 0.23914 0.489763 0.294664 0.0259272 0.0383805 0.172553 0.380554 0.134428 0.00738773 -0.00903007 -0.00659663 -0.0246071 0.0151332 -0.105536 -0.265712 0.0185458 -0.0725311 0.0439906 0.209495 0.0232273 0.0680191 0.0594693 0.0829376 0.0122895 -0.139132
internal_weight=85565 42959 13862 1936 611 414 122 82 1325 1279 240 116 292 1039 197 999 938 11926 328 125 11598 567 260 123 11031 2165 2123 1813 8866 254
internal_count=85565 42959 13862 1936 611 414 122 82 1325 1279 240 116 292 1039 197 999 938 11926 328 125 11598 567 260 123 11031 2165 2123 1813 8866 254
is_linear=0
shrinkage=0.03


Tree=163
num_leaves=31
num_cat=1
split_feature=56 59 107 87 65 22 101 61 40 41 151 66 29 103 161 10 54 106 144 91 54 82 92 74 193 26 10 34 6 182
split_gain=3311.11 3443.78 9201.57 9348.87 7548.08 10029.5 5906.79 4402.52 8269.36 10085.1 9229.73 6499 7845.23 8015.04 6763.09 6688.59 6326.24 5772.18 4209.78 3895.67 3689.19 3616.39 3597.15 3512.49 7319.53 7788.34 9343.67 9626.48 7235.81 7104.66
threshold=4.0594117641448983 1.3666666746139529 3.8640563890260338 10.205479204816379 1.3666666746139529 30.500000000000004 3.8333333333333335 0.88194444775581371 6.1969454288482675 5.4001767635345468 2.4798276920558138 0.36503124237060552 18.69999980926514 3.9090121290158586 5.2448638602957915 0.59508740204942745 2.6669715642929082 4.1000000000000005 1.2928571428571431 29.665474068212319 1.6667010784149172 65.700000000000003 27.31666666666667 0.11755952239036561 0 13.500000000000002 0.33192090395480228 100.50000000000001 0.055000000000000007 67.500000000000014
decision_type=10 10 10 10 10 2 10 10 10 8 10 10 10 10 10 10 10 10 8 10 10 10 10 10 1 2 10 10 8 10
left_child=1 4 -3 -4 7 -6 -5 23 9 10 11 16 13 17 -15 19 20 -13 21 -16 -9 -8 -22 24 25 28 27 -27 -1 -30
right_child=-2 2 3 6 5 -7 18 8 -10 -11 -12 12 -14 14 15 -17 -18 -19 -20 -21 22 -23 -24 -25 -26 26 -28 -29 29 -31
leaf_value=0.026145663626293829 0.2033572606742382 0.33305929865408684 0.23827537825767028 -0.50076166115701193 -0.062572663336299184 0.5652300236419755 -0.3313297640916073 -0.025596672835258336 -0.28831600474050412 0.51414165907278664 0.50441219513009228 0.155575158259143 -0.27010578632354737 0.28806677181469764 -0.43803542410455099 0.22695106513120911 0.23967267958856209 0.62122882629632947 0.11197047522799534 -0.021901820484548806 -0.4805373085898404 -0.037675652885046158 -0.097123919304460279 -0.0032663446886832853 -0.0061630516967927139 -0.014108450091567831 0.45693200794234867 0.37687562325905105 0.086236391255520184 0.24766509069094
leaf_weight=1452 72 40 47 54 43 49 99 78 52 50 41 46 41 76 41 44 41 50 44 40 49 61 40 71740 7135 2481 40 58 1149 312
leaf_count=1452 72 40 47 54 43 49 99 78 52 50 41 46 41 76 41 44 41 50 44 40 49 61 40 71740 7135 2481 40 58 1149 312
internal_value=3.12179e-07 -0.00017095 -0.0947622 -0.15087 0.000212312 0.271801 -0.221761 -8.14485e-05 0.0754445 0.105139 0.0703009 0.0377028 0.118896 0.172597 0.0648925 -0.0707974 -0.0942368 0.398103 -0.147908 -0.232537 -0.176215 -0.219374 -0.308217 -0.000698246 0.0138923 0.0398862 0.00199031 -0.00517695 0.0735739 0.12071
internal_weight=85565 85493 345 305 85148 92 258 85056 689 637 587 546 338 297 201 125 208 96 204 81 167 160 89 84367 12627 5492 2579 2539 2913 1461
internal_count=85565 85493 345 305 85148 92 258 85056 689 637 587 546 338 297 201 125 208 96 204 81 167 160 89 84367 12627 5492 2579 2539 2913 1461
cat_boundaries=0 1
cat_threshold=6
is_linear=0
shrinkage=0.03


Tree=164
num_leaves=31
num_cat=1
split_feature=6 36 193 74 134 143 171 6 75 93 179 67 49 10 82 37 81 26 48 182 33 140 129 132 166 46 89 54 36 98
split_gain=3291.71 6828.56 5169.1 9667.62 7020.28 8195.52 11684.8 15551.4 14171.9 7024.79 7222.85 9043.12 8988.84 14570 10327 9147.42 9752.77 7476.82 9041.05 8096.1 6999.33 10261.8 7620.57 7626.24 7030.44 6954.71 7610.92 7690.3 6915.15 6669.48
threshold=0.025000000000000005 4.0558760166168222 0 0.11755952239036561 26.900000000000002 0.21785753776628627 11.816741466522219 0.60500000000000009 0.54437410831451427 0.26667728275534319 5.7188451991322644 1.0801282525062563 0.69659206271171581 0.6755001755001756 54.300000000000004 70.633930206298842 64.166666666666671 70.500000000000014 0.63419318199157726 22.500000000000004 64.500000000000014 146.29670329670333 67.166666666666671 62.763888888888893 0.51309523809523816 0.62845399975776683 29.166666666666668 2.6207830905914311 83.201320648193374 2.6593162393162397
decision_type=8 10 1 10 10 10 10 10 10 10 8 8 8 10 10 10 10 2 10 8 10 10 10 10 10 10 10 10 10 10
left_child=1 -1 3 -2 5 6 7 -5 -9 -6 17 12 14 -14 -12 20 28 19 -19 -11 25 22 23 24 -22 26 27 -16 -17 -7
right_child=2 -3 -4 4 9 29 -8 8 -10 10 11 -13 13 -15 15 16 -18 18 -20 -21 21 -23 -24 -25 -26 -27 -28 -29 -30 -31
leaf_value=-0.0029538336179144686 0.06514912110984844 -0.072313018739709287 -0.0027223549214467758 0.06413669192729142 0.35050664637982842 -0.01434761647719693 -0.27799416201455251 0.87658134672452104 0.15423600630868564 0.31230681582759406 0.50076228421926494 -0.12438636093314008 0.65772481409252659 -0.079018277630209924 0.096497342870680958 -0.49209362720591682 0.16255536636978876 -0.044385499485262131 -0.40111795954082324 0.016793614529935445 -0.25023249050974844 0.61306052348166706 -0.20181957864380895 0.45957452108328406 0.26322776179015639 -0.27880782824642253 -0.040534655528017584 0.46524480422337849 -0.0087253580606260969 -0.15315038954131996
leaf_weight=5263 2945 1687 58761 506 60 8113 70 44 55 85 50 194 61 40 887 70 61 872 69 4541 40 50 47 74 60 53 386 54 43 324
leaf_count=5263 2945 1687 58761 506 60 8113 70 44 55 85 50 194 61 40 887 70 61 872 69 4541 40 50 47 74 60 53 386 54 43 324
internal_value=2.81275e-07 -0.0197897 0.00174982 0.0149797 0.00625073 -0.0116305 0.0889572 0.131414 0.475278 0.0271477 0.02464 0.071067 0.0902562 0.365945 0.0754058 0.0637522 -0.143137 0.00654295 -0.0705434 0.0222235 0.0855564 0.224946 0.137137 0.228695 0.0578437 0.0581835 0.0716428 0.117658 -0.308157 -0.019678
internal_weight=85565 6950 78615 19854 16909 9112 675 605 99 7797 7737 2170 1976 101 1875 1825 174 5567 941 4626 1651 271 221 174 100 1380 1327 941 113 8437
internal_count=85565 6950 78615 19854 16909 9112 675 605 99 7797 7737 2170 1976 101 1875 1825 174 5567 941 4626 1651 271 221 174 100 1380 1327 941 113 8437
cat_boundaries=0 1
cat_threshold=4
is_linear=0
shrinkage=0.03


Tree=165
num_leaves=31
num_cat=0
split_feature=44 68 187 39 21 81 6 68 29 27 129 67 15 5 6 66 32 128 122 12 131 79 31 171 41 183 173 94 177 169
split_gain=3250.94 5668.5 5109.09 9404.88 12635.1 10923.3 7776.17 6259.79 7878.09 8072.06 6159.58 6082.65 5815.16 5768.44 6590.93 7556.79 6279.01 5970.38 6864.74 7425.24 7759.95 5686.4 7122.69 6762.14 6627.55 5905.3 5730.81 5487.65 5970.26 10049.1
threshold=3.9999837875366215 0.057259952649474151 6.5000000000000009 4.8208556175231942 1.0000000180025095e-35 60.583333333333336 0.6150000000000001 0.70627450942993175 16.633333206176761 18.500000000000004 64.166666666666671 0.30384616553783422 -0.17203254075446803 1.0000000180025095e-35 0.43500000000000005 0.44444446265697485 13.757820129394533 0.5487662337662339 5.8165810513585923 0.52834155611329792 60.817589027729589 0.33870974183082586 12.677083492279055 3.7020039558410649 3.4491794109344487 11.500000000000002 -0.04268287730956765 0.29276626106134312 19.500000000000004 69.416666666666686
decision_type=10 10 2 10 2 10 10 10 10 10 10 10 10 2 10 8 10 8 10 10 10 10 8 8 10 8 10 8 10 10
left_child=-1 -2 3 4 7 -6 11 8 9 21 -7 -5 -8 17 15 16 -15 18 -4 20 -20 23 -23 -3 -25 -24 -26 -19 -29 -30
right_child=1 2 13 6 5 10 12 -9 -10 -11 -12 -13 -14 14 -16 -17 -18 27 19 -21 -22 22 25 24 26 -27 -28 28 29 -31
leaf_value=-0.0058715099145200522 -0.0016979307387383913 -0.058440888895871151 -0.060757040849555403 -0.10337869320574559 0.67593015245769339 -0.1416620211402575 0.24677458415568715 0.3528275882346289 -0.26570182715946772 0.39929995727539058 0.34447266843854163 -0.33451353926025329 -0.060738802757633631 0.038576951012639936 -0.16020011901263367 0.33764641015256036 -0.37989238581061358 0.32029874497935884 0.63707647240161891 -0.06676413617508356 0.097634220540523536 -0.031130668707922391 -0.59448998502322603 -0.089731772948395128 0.51025528845034152 -0.088356895832026869 0.14540959383830551 0.071212876043564702 0.03285195903628136 -0.11180984431216794
leaf_weight=42606 29097 235 1006 285 46 45 71 42 106 45 49 160 251 167 302 61 40 63 40 86 60 306 42 66 57 41 121 3481 6123 465
leaf_count=42606 29097 235 1006 285 46 45 71 42 106 45 49 160 251 167 302 61 40 63 40 86 60 306 42 66 57 41 121 3481 6123 465
internal_value=2.63231e-07 0.00582379 0.0216122 -0.0231624 0.0292473 0.297123 -0.105228 -0.00609908 -0.0208929 0.00752958 0.111749 -0.186483 0.00706694 0.0290207 -0.0641006 0.0441906 -0.0422867 0.033708 -0.0298005 0.137631 0.313411 -0.0127811 -0.0979877 0.0564159 0.167036 -0.344472 0.262242 0.0411796 0.0394332 0.0226413
internal_weight=85565 42959 13862 1968 1201 140 767 1061 1019 913 94 445 322 11894 570 268 207 11324 1192 186 100 868 389 479 244 83 178 10132 10069 6588
internal_count=85565 42959 13862 1968 1201 140 767 1061 1019 913 94 445 322 11894 570 268 207 11324 1192 186 100 868 389 479 244 83 178 10132 10069 6588
is_linear=0
shrinkage=0.03


end of trees

feature_importances:
role_prior_offense_snap_pct=194
player_rushing_yards_career_prior=164
player_carry_share_lag1=161
player_rushing_yards_season_to_date=155
player_rushing_yards_ewm5=134
opponent_rushing_yards_allowed_season_to_date=120
player_carry_share_ewm5=89
role_teammate_unavailable_snap_share_position=85
role_snap_share_change=81
player_carries_ewm5=77
player_rushing_tds_career_prior=76
player_yards_per_carry_career_prior=75
opponent_rushing_yards_allowed_roll5_mean=75
role_depth_rank_pregame=74
environment_temperature=72
history_history_games=71
player_offense_snap_pct_career_prior=65
matchup_player_carry_share_x_opp_rushes=65
player_rushing_yards_roll5_mean=64
player_rushing_yards_roll3_mean=58
matchup_position_allowed_shrunk_rate_lag1=57
opponent_opponent_rush_attempts_season_to_date=56
player_carries_season_to_date=55
team_offensive_plays_ewm5=55
team_offensive_plays_season_to_date=55
player_rushing_tds_season_to_date=53
matchup_rush_rate_vs_opponent=53
player_carry_share_season_to_date=52
role_participation_change=51
player_rushing_yards_lag1=51
position=50
player_carry_share_roll3_mean=49
opponent_defensive_plays_season_to_date=48
matchup_position_allowed_rushing_yards_allowed_lag1=46
role_games_with_current_team_before_game=45
opponent_rushing_yards_allowed_roll3_mean=45
opponent_defensive_plays_roll5_mean=44
player_carries_roll5_mean=42
team_offensive_plays_roll5_mean=42
environment_team_miles_traveled=42
player_carries_career_prior=41
player_yards_per_carry_lag1=41
opponent_defensive_plays_roll3_mean=40
opponent_opponent_rush_attempts_roll5_mean=40
player_offense_snap_pct_season_to_date=39
matchup_position_allowed_league_rate_lag1=39
team_rush_attempts_season_to_date=37
team_rush_rate_season_to_date=37
role_snap_pct_roll5=36
player_carries_lag1=36
team_rush_rate_roll5_mean=36
opponent_defensive_plays_ewm5=36
player_offense_participation_career_prior=34
player_yards_per_carry_season_to_date=33
role_prior_offense_participation=32
player_carry_share_career_prior=32
opponent_rushing_tds_allowed_season_to_date=32
role_injury_questionable_flag=31
opponent_rushing_yards_allowed_ewm5=31
team_rush_attempts_ewm5=30
player_carry_share_roll5_mean=29
team_rush_attempts_roll3_mean=29
team_rush_rate_roll3_mean=27
matchup_position_allowed_raw_rate_sample_size_lag1=27
player_rushing_tds_ewm5=26
player_offense_participation_season_to_date=26
opponent_goal_line_rush_attempts_allowed_ewm5=26
player_yards_per_carry_roll3_mean=25
player_yards_per_carry_roll5_mean=25
matchup_expected_team_plays=25
player_carries_roll3_mean=24
opponent_opponent_rush_attempts_ewm5=24
opponent_rushing_tds_allowed_ewm5=24
matchup_expected_team_rush_attempts=24
player_offense_snap_pct_lag1=23
matchup_position_allowed_carries_allowed_lag1=23
environment_opponent_rest_days=23
role_snap_pct_roll3=21
team_rush_rate_ewm5=21
team_yards_per_play_season_to_date=21
environment_opponent_miles_traveled=21
role_snap_pct_ewm5=20
team_red_zone_td_rate_roll5_mean=20
player_yards_per_carry_ewm5=19
player_offense_participation_ewm5=19
role_role_history_games=18
player_red_zone_carries_career_prior=18
team_offensive_plays_roll3_mean=18
team_red_zone_td_rate_ewm5=18
role_participation_roll3=17
team_drives_ewm5=17
role_teammate_out_count_position=16
team_red_zone_drives_ewm5=16
opponent_opponent_rush_attempts_roll3_mean=16
history_no_nfl_history_flag=15
team_rush_attempts_roll5_mean=15
environment_surface=15
player_offense_snap_pct_roll5_mean=14
player_offense_participation_lag1=14
team_red_zone_td_rate_season_to_date=14
opponent_def_success_rate_ewm5=14
player_offense_snap_pct_ewm5=13
team_red_zone_rush_attempts_ewm5=13
environment_wind=13
role_starter_promotion_flag=12
team_red_zone_rush_attempts_roll3_mean=12
team_off_epa_per_play_roll3_mean=12
team_off_success_rate_season_to_date=12
opponent_rushing_tds_allowed_roll5_mean=12
role_participation_roll5=11
player_offense_participation_roll3_mean=11
team_off_success_rate_ewm5=11
opponent_def_success_rate_season_to_date=11
opponent_red_zone_td_rate_allowed_season_to_date=11
player_rushing_tds_roll5_mean=10
team_points_per_drive_roll5_mean=10
opponent_def_epa_per_play_ewm5=10
opponent_def_epa_per_play_season_to_date=10
player_red_zone_carries_ewm5=9
team_red_zone_td_rate_roll3_mean=9
opponent_goal_line_rush_attempts_allowed_season_to_date=9
player_goal_line_carries_career_prior=8
team_points_per_drive_season_to_date=8
opponent_rushing_tds_allowed_roll3_mean=8
opponent_red_zone_rush_attempts_allowed_roll3_mean=8
opponent_yards_per_play_allowed_season_to_date=8
matchup_position_allowed_rushing_tds_allowed_lag1=8
role_depth_rank_change=7
opponent_red_zone_rush_attempts_allowed_season_to_date=7
opponent_def_epa_per_play_roll3_mean=7
opponent_def_epa_per_play_roll5_mean=7
opponent_def_success_rate_roll5_mean=7
opponent_red_zone_td_rate_allowed_roll3_mean=7
player_red_zone_carries_roll5_mean=6
team_drives_season_to_date=6
team_goal_line_rush_attempts_season_to_date=6
opponent_yards_per_play_allowed_roll5_mean=6
opponent_red_zone_td_rate_allowed_ewm5=6
matchup_off_epa_vs_def_epa=6
home_flag=5
player_red_zone_carries_lag1=5
player_goal_line_carries_season_to_date=5
team_points_per_drive_roll3_mean=5
team_goal_line_rush_attempts_roll5_mean=5
team_off_epa_per_play_season_to_date=5
team_yards_per_play_roll5_mean=5
team_yards_per_play_ewm5=5
opponent_red_zone_rush_attempts_allowed_ewm5=5
environment_divisional_game_flag=5
player_red_zone_carries_season_to_date=4
player_offense_snap_pct_roll3_mean=4
team_red_zone_rush_attempts_roll5_mean=4
team_red_zone_rush_attempts_season_to_date=4
team_goal_line_rush_attempts_ewm5=4
team_off_epa_per_play_roll5_mean=4
team_off_success_rate_roll3_mean=4
team_off_success_rate_roll5_mean=4
opponent_def_success_rate_roll3_mean=4
opponent_yards_per_play_allowed_roll3_mean=4
player_offense_participation_roll5_mean=3
team_off_epa_per_play_ewm5=3
opponent_red_zone_rush_attempts_allowed_roll5_mean=3
opponent_yards_per_play_allowed_ewm5=3
opponent_red_zone_td_rate_allowed_roll5_mean=3
environment_team_rest_days=3
player_goal_line_carries_lag1=2
player_goal_line_carries_roll5_mean=2
team_drives_roll5_mean=2
team_red_zone_drives_roll3_mean=2
team_red_zone_drives_roll5_mean=2
opponent_goal_line_rush_attempts_allowed_roll3_mean=2
environment_team_time_zones_crossed=2
player_rushing_tds_lag1=1
team_drives_roll3_mean=1
team_yards_per_play_roll3_mean=1
environment_opponent_time_zones_crossed=1
position_group=1

parameters:
[boosting: gbdt]
[objective: regression]
[metric: rmse]
[tree_learner: serial]
[device_type: cpu]
[data_sample_strategy: bagging]
[data: ]
[valid: ]
[num_iterations: 166]
[learning_rate: 0.03]
[num_leaves: 31]
[num_threads: 1]
[seed: 24024]
[deterministic: 1]
[force_col_wise: 1]
[force_row_wise: 0]
[histogram_pool_size: -1]
[max_depth: -1]
[min_data_in_leaf: 40]
[min_sum_hessian_in_leaf: 0.001]
[bagging_fraction: 1]
[pos_bagging_fraction: 1]
[neg_bagging_fraction: 1]
[bagging_freq: 0]
[bagging_seed: 24024]
[bagging_by_query: 0]
[feature_fraction: 1]
[feature_fraction_bynode: 1]
[feature_fraction_seed: 24024]
[extra_trees: 0]
[extra_seed: 8483]
[early_stopping_round: 0]
[early_stopping_min_delta: 0]
[first_metric_only: 0]
[max_delta_step: 0]
[lambda_l1: 0]
[lambda_l2: 0]
[linear_lambda: 0]
[min_gain_to_split: 0]
[drop_rate: 0.1]
[max_drop: 50]
[skip_drop: 0.5]
[xgboost_dart_mode: 0]
[uniform_drop: 0]
[drop_seed: 27597]
[top_rate: 0.2]
[other_rate: 0.1]
[min_data_per_group: 100]
[max_cat_threshold: 32]
[cat_l2: 10]
[cat_smooth: 10]
[max_cat_to_onehot: 4]
[top_k: 20]
[monotone_constraints: ]
[monotone_constraints_method: basic]
[monotone_penalty: 0]
[feature_contri: ]
[forcedsplits_filename: ]
[refit_decay_rate: 0.9]
[cegb_tradeoff: 1]
[cegb_penalty_split: 0]
[cegb_penalty_feature_lazy: ]
[cegb_penalty_feature_coupled: ]
[path_smooth: 0]
[interaction_constraints: ]
[verbosity: -1]
[saved_feature_importance_type: 0]
[use_quantized_grad: 0]
[num_grad_quant_bins: 4]
[quant_train_renew_leaf: 0]
[stochastic_rounding: 1]
[linear_tree: 0]
[max_bin: 255]
[max_bin_by_feature: ]
[min_data_in_bin: 3]
[bin_construct_sample_cnt: 200000]
[data_random_seed: 24024]
[is_enable_sparse: 1]
[enable_bundle: 1]
[use_missing: 1]
[zero_as_missing: 0]
[feature_pre_filter: 1]
[pre_partition: 0]
[two_round: 0]
[header: 0]
[label_column: ]
[weight_column: ]
[group_column: ]
[ignore_column: ]
[categorical_feature: 193,194,195,196,197]
[forcedbins_filename: ]
[precise_float_parser: 0]
[parser_config_file: ]
[objective_seed: 14575]
[num_class: 1]
[is_unbalance: 0]
[scale_pos_weight: 1]
[sigmoid: 1]
[boost_from_average: 1]
[reg_sqrt: 0]
[alpha: 0.9]
[fair_c: 1]
[poisson_max_delta_step: 0.7]
[tweedie_variance_power: 1.5]
[lambdarank_truncation_level: 30]
[lambdarank_norm: 1]
[label_gain: ]
[lambdarank_position_bias_regularization: 0]
[eval_at: ]
[multi_error_top_k: 1]
[auc_mu_weights: ]
[num_machines: 1]
[local_listen_port: 12400]
[time_out: 120]
[machine_list_filename: ]
[machines: ]
[gpu_platform_id: -1]
[gpu_device_id: -1]
[gpu_use_dp: 0]
[num_gpu: 1]

end of parameters

pandas_categorical:[]
