league,market_type,bucket_dimension,bucket,bets,wins,losses,pushes,total,win_pct,units_flat,roi_flat,units_kelly,roi_kelly,avg_ev,avg_edge_vs_market_pp,avg_kelly_pct,avg_model_prob,avg_odds_american
ncaam,moneyline,dow,FRI,109,57,52,0,109,0.5229,-12.2023,-0.1119,-0.101589,-0.0431,0.1359,6.7168,0.1017,0.5658,-22.6
ncaam,moneyline,dow,MON,61,32,29,0,61,0.5246,16.3747,0.2684,0.300491,0.262,0.1088,5.6403,0.0833,0.5022,56.2
ncaam,moneyline,dow,SAT,275,125,150,0,275,0.4545,-24.83,-0.0903,-0.24665,-0.0523,0.1011,5.0841,0.0729,0.5178,28.5
ncaam,moneyline,dow,SUN,77,42,35,0,77,0.5455,5.6548,0.0734,0.021143,0.0132,0.1174,6.5227,0.0988,0.5533,-12.8
ncaam,moneyline,dow,THU,134,80,54,0,134,0.597,5.4847,0.0409,0.000627,0.0003,0.0638,4.5868,0.0629,0.5724,-62.7
ncaam,moneyline,dow,TUE,107,54,53,0,107,0.5047,13.2257,0.1236,0.352286,0.1599,0.146,6.4426,0.0917,0.5048,57.1
ncaam,moneyline,dow,WED,182,87,95,0,182,0.478,11.9498,0.0657,0.105158,0.0305,0.1108,5.4218,0.0843,0.5191,43.5
