league,market_type,side_group,bucket_dimension,bucket,bets,wins,losses,pushes,total,win_pct,units_flat,roi_flat,units_kelly,roi_kelly,avg_ev,avg_edge_vs_market_pp,avg_kelly_pct,avg_model_prob,avg_odds_american
ncaam,moneyline,AWAY,win_prob,0.20_to_0.30,23,6,17,0,23,0.2609,0.23,0.01,0.004111,0.0343,0.0646,2.5237,0.0209,0.2605,313.0
ncaam,moneyline,AWAY,win_prob,0.30_to_0.40,54,23,31,0,54,0.4259,14.33,0.2654,0.116043,0.2742,0.0619,3.3084,0.0314,0.3606,196.5
ncaam,moneyline,AWAY,win_prob,0.40_to_0.50,55,25,30,0,55,0.4545,3.28,0.0596,0.0267,0.0548,0.0474,3.4268,0.0354,0.4496,133.9
ncaam,moneyline,AWAY,win_prob,0.50_to_0.60,33,14,19,0,33,0.4242,-6.1469,-0.1863,-0.066625,-0.1957,0.0382,4.1797,0.0413,0.5392,-24.0
ncaam,moneyline,AWAY,win_prob,0.60_to_0.70,1,1,0,0,1,1.0,0.6897,0.6897,0.008095,0.6897,0.0324,3.9884,0.0469,0.611,-145.0
ncaam,moneyline,AWAY,win_prob,below_0.20,5,1,4,0,5,0.2,1.5,0.3,0.009133,0.506,0.0826,1.8152,0.0144,0.1624,597.0
ncaam,moneyline,HOME,win_prob,0.50_to_0.60,112,60,52,0,112,0.5357,4.428,0.0395,0.063866,0.0412,0.0669,5.0694,0.0582,0.5516,-48.3
ncaam,moneyline,HOME,win_prob,0.60_to_0.70,2,2,0,0,2,1.0,1.5668,0.7834,0.035027,0.8543,0.0701,6.011,0.082,0.6,-129.5
