league,market_type,bucket_dimension,bucket,bets,wins,losses,pushes,total,win_pct,units_flat,roi_flat,units_kelly,roi_kelly,avg_ev,avg_edge_vs_market_pp,avg_kelly_pct,avg_model_prob,avg_odds_american
ncaam,moneyline,month,APR,7,6,1,0,7,0.8571,3.3983,0.4855,0.041189,0.4931,0.0368,4.1164,0.0477,0.5637,-41.6
ncaam,moneyline,month,DEC,168,84,84,0,168,0.5,20.6408,0.1229,0.351698,0.1028,0.1207,5.3655,0.0884,0.5044,58.3
ncaam,moneyline,month,FEB,208,106,102,0,208,0.5096,-0.945,-0.0045,0.273672,0.094,0.0725,4.3745,0.0563,0.5315,-4.1
ncaam,moneyline,month,JAN,216,121,95,0,216,0.5602,14.5413,0.0673,0.323907,0.0914,0.0683,4.6983,0.0684,0.5746,-60.1
ncaam,moneyline,month,MAR,145,75,70,0,145,0.5172,5.6155,0.0387,-0.011866,-0.0053,0.0736,4.8532,0.0631,0.5379,-9.7
ncaam,moneyline,month,NOV,209,86,123,0,209,0.4115,-27.0535,-0.1294,-0.532472,-0.0936,0.2542,8.804,0.134,0.4944,122.6
