league,market_type,bucket_dimension,bucket,bets,wins,losses,pushes,total,win_pct,units_flat,roi_flat,units_kelly,roi_kelly,avg_ev,avg_edge_vs_market_pp,avg_kelly_pct,avg_model_prob,avg_odds_american
ncaam,moneyline,dow,FRI,28,11,17,0,28,0.3929,-5.6938,-0.2034,-0.132705,-0.35,0.0655,4.7583,0.0559,0.4949,36.6
ncaam,moneyline,dow,MON,25,12,13,0,25,0.48,0.763,0.0305,0.136424,0.4635,0.0595,4.0558,0.0472,0.4768,75.4
ncaam,moneyline,dow,SAT,81,35,46,0,81,0.4321,-2.5396,-0.0314,-0.03475,-0.0439,0.049,3.8881,0.0391,0.4827,39.7
ncaam,moneyline,dow,SUN,27,15,12,0,27,0.5556,8.0186,0.297,0.081115,0.3142,0.0493,3.7866,0.0382,0.4537,87.0
ncaam,moneyline,dow,THU,43,22,21,0,43,0.5116,6.6302,0.1542,0.057702,0.1538,0.0449,3.6713,0.0349,0.4662,68.3
ncaam,moneyline,dow,TUE,28,13,15,0,28,0.4643,2.1366,0.0763,0.01801,0.047,0.1065,5.4985,0.0645,0.4612,87.7
ncaam,moneyline,dow,WED,53,24,29,0,53,0.4528,10.5627,0.1993,0.070556,0.1389,0.0612,3.6291,0.0383,0.4206,145.1
