league,market_type,bucket_dimension,bucket,bets,wins,losses,pushes,total,win_pct,units_flat,roi_flat,units_kelly,roi_kelly,avg_ev,avg_edge_vs_market_pp,avg_kelly_pct,avg_model_prob,avg_odds_american
ncaam,moneyline,win_prob,0.20_to_0.30,23,6,17,0,23,0.2609,0.23,0.01,0.004111,0.0343,0.0646,2.5237,0.0209,0.2605,313.0
ncaam,moneyline,win_prob,0.30_to_0.40,54,23,31,0,54,0.4259,14.33,0.2654,0.116043,0.2742,0.0619,3.3084,0.0314,0.3606,196.5
ncaam,moneyline,win_prob,0.40_to_0.50,55,25,30,0,55,0.4545,3.28,0.0596,0.0267,0.0548,0.0474,3.4268,0.0354,0.4496,133.9
ncaam,moneyline,win_prob,0.50_to_0.60,145,74,71,0,145,0.5103,-1.7189,-0.0119,-0.002759,-0.0015,0.0604,4.8669,0.0543,0.5488,-42.8
ncaam,moneyline,win_prob,0.60_to_0.70,3,3,0,0,3,1.0,2.2565,0.7522,0.043122,0.8177,0.0575,5.3368,0.0703,0.6037,-134.7
ncaam,moneyline,win_prob,below_0.20,5,1,4,0,5,0.2,1.5,0.3,0.009133,0.506,0.0826,1.8152,0.0144,0.1624,597.0
