league,market_type,bucket_dimension,bucket,bets,wins,losses,pushes,total,win_pct,units_flat,roi_flat,units_kelly,roi_kelly,avg_ev,avg_edge_vs_market_pp,avg_kelly_pct,avg_model_prob,avg_odds_american
ncaam,moneyline,ev,0.00_to_0.0099,18,12,6,0,18,0.6667,3.864,0.2147,0.004666,0.1631,0.005,2.494,0.0064,0.5582,-114.4
ncaam,moneyline,ev,0.01_to_0.0199,24,12,12,0,24,0.5,-1.9736,-0.0822,-0.007573,-0.0705,0.015,2.8799,0.0179,0.551,-111.0
ncaam,moneyline,ev,0.02_to_0.0299,14,9,5,0,14,0.6429,2.2509,0.1608,0.021801,0.2093,0.0245,3.5743,0.0298,0.5609,-93.5
ncaam,moneyline,ev,0.03_to_0.0399,66,29,37,0,66,0.4394,-2.0056,-0.0304,-0.024342,-0.0472,0.0349,3.3856,0.0313,0.4764,56.0
ncaam,moneyline,ev,0.04_to_0.0499,45,20,25,0,45,0.4444,1.4266,0.0317,-0.007543,-0.018,0.0453,3.6457,0.0372,0.4621,90.4
ncaam,moneyline,ev,0.05_to_0.0749,61,27,34,0,61,0.4426,10.3521,0.1697,0.096776,0.1606,0.0624,3.7192,0.0395,0.4004,162.6
ncaam,moneyline,ev,0.075_to_0.0999,34,13,21,0,34,0.3824,6.266,0.1843,0.043567,0.1033,0.086,4.1326,0.0496,0.3707,217.6
ncaam,moneyline,ev,0.10_plus,23,10,13,0,23,0.4348,-0.3028,-0.0132,0.068999,0.0873,0.2133,10.3059,0.1516,0.5214,108.9
