league,market_type,bucket_dimension,bucket,bets,wins,losses,pushes,total,win_pct,units_flat,roi_flat,units_kelly,roi_kelly,avg_ev,avg_edge_vs_market_pp,avg_kelly_pct,avg_model_prob,avg_odds_american
ncaam,moneyline,ev,0.00_to_0.0099,99,64,35,0,99,0.6465,1.0572,0.0107,-0.023601,-0.0738,0.005,2.7882,0.0129,0.6531,-218.7
ncaam,moneyline,ev,0.01_to_0.0199,109,68,41,0,109,0.6239,-2.3729,-0.0218,-0.000555,-0.0006,0.0152,3.2286,0.0352,0.6296,-174.7
ncaam,moneyline,ev,0.02_to_0.0299,91,54,37,0,91,0.5934,-9.7108,-0.1067,-0.003381,-0.0028,0.0244,3.739,0.0529,0.6384,-165.6
ncaam,moneyline,ev,0.03_to_0.0399,80,48,32,0,80,0.6,1.6153,0.0202,-0.046311,-0.0327,0.035,4.2465,0.0709,0.621,-130.4
ncaam,moneyline,ev,0.04_to_0.0499,60,41,19,0,60,0.6833,11.1405,0.1857,0.125812,0.1057,0.045,4.68,0.082,0.6106,-106.0
ncaam,moneyline,ev,0.05_to_0.0749,95,53,42,0,95,0.5579,6.9871,0.0735,0.045613,0.0216,0.0633,5.2449,0.0951,0.5624,-39.2
ncaam,moneyline,ev,0.075_to_0.0999,90,48,42,0,90,0.5333,10.702,0.1189,0.28015,0.1325,0.0867,5.7155,0.1014,0.5159,40.0
ncaam,moneyline,ev,0.10_plus,321,101,220,0,321,0.3146,-3.7609,-0.0117,0.053739,0.0065,0.2459,8.3051,0.1206,0.3893,268.3
