league,market_type,bucket_dimension,bucket,bets,wins,losses,pushes,total,win_pct,units_flat,roi_flat,units_kelly,roi_kelly,avg_ev,avg_edge_vs_market_pp,avg_kelly_pct,avg_model_prob,avg_odds_american
ncaam,moneyline,month,APR,7,6,1,0,7,0.8571,3.3983,0.4855,0.041189,0.4931,0.0368,4.1164,0.0477,0.5637,-41.6
ncaam,moneyline,month,DEC,168,84,84,0,168,0.5,20.6408,0.1229,0.351698,0.1028,0.1207,5.3655,0.0884,0.5044,58.3
ncaam,moneyline,month,FEB,207,106,101,0,207,0.5121,0.055,0.0003,0.323672,0.1132,0.0634,4.2887,0.0554,0.5325,-8.0
ncaam,moneyline,month,JAN,216,121,95,0,216,0.5602,14.5413,0.0673,0.323907,0.0914,0.0683,4.6983,0.0684,0.5746,-60.1
ncaam,moneyline,month,MAR,145,75,70,0,145,0.5172,5.6155,0.0387,-0.011866,-0.0053,0.0736,4.8532,0.0631,0.5379,-9.7
ncaam,moneyline,month,NOV,202,85,117,0,202,0.4208,-28.5935,-0.1416,-0.597135,-0.1107,0.2154,8.5683,0.1327,0.5024,98.8
