league,market_type,bucket_dimension,bucket,bets,wins,losses,pushes,total,win_pct,units_flat,roi_flat,units_kelly,roi_kelly,avg_ev,avg_edge_vs_market_pp,avg_kelly_pct,avg_model_prob,avg_odds_american
ncaam,moneyline,odds,minus_100_to_plus_100,10,5,5,0,10,0.5,0.0,0.0,-0.0265,-0.2718,0.039,4.0751,0.039,0.5195,100.0
ncaam,moneyline,odds,minus_109_to_minus_101,18,4,14,0,18,0.2222,-10.1343,-0.563,-0.154722,-0.7018,0.047,4.4437,0.049,0.5343,-104.2
ncaam,moneyline,odds,minus_124_to_minus_110,39,21,18,0,39,0.5385,0.0479,0.0012,-0.036607,-0.0874,0.0369,4.2235,0.0429,0.5572,-116.2
ncaam,moneyline,odds,minus_149_to_minus_125,43,25,18,0,43,0.5814,0.824,0.0192,0.017007,0.0574,0.0209,3.3721,0.0276,0.5808,-132.1
ncaam,moneyline,odds,plus_101_to_plus_125,55,31,24,0,55,0.5636,11.01,0.2002,0.202409,0.2419,0.0689,4.9841,0.0609,0.5019,113.2
ncaam,moneyline,odds,plus_126_to_plus_150,25,11,14,0,25,0.44,1.23,0.0492,0.048827,0.1507,0.0736,4.4132,0.0537,0.4524,137.5
ncaam,moneyline,odds,plus_151_to_plus_200,51,21,30,0,51,0.4118,7.52,0.1475,-0.012658,-0.0259,0.0733,3.9155,0.041,0.3872,177.8
ncaam,moneyline,odds,plus_201_or_higher,44,14,30,0,44,0.3182,9.38,0.2132,0.158595,0.5156,0.0871,3.213,0.031,0.2773,316.1
