league,market_type,bucket_dimension,bucket,bets,wins,losses,pushes,total,win_pct,units_flat,roi_flat,units_kelly,roi_kelly,avg_ev,avg_edge_vs_market_pp,avg_kelly_pct,avg_model_prob,avg_odds_american
ncaam,moneyline,kelly,0.0_to_2.5pct,198,90,108,0,198,0.4545,-14.4689,-0.0731,-0.050263,-0.0794,0.0238,2.4478,0.0128,0.4758,44.9
ncaam,moneyline,kelly,10_to_20pct,180,98,82,0,180,0.5444,-16.4736,-0.0915,-0.428806,-0.0678,0.1405,7.9316,0.1406,0.6359,-105.8
ncaam,moneyline,kelly,2.5_to_5pct,230,113,117,0,230,0.4913,41.1993,0.1791,0.372529,0.1721,0.0802,3.6855,0.0376,0.4581,95.8
ncaam,moneyline,kelly,20pct_plus,74,48,26,0,74,0.6486,13.8691,0.1874,0.693455,0.1874,0.2865,14.7646,0.2978,0.695,-98.2
ncaam,moneyline,kelly,5_to_10pct,263,128,135,0,263,0.4867,-8.4685,-0.0322,-0.15545,-0.033,0.1254,5.3792,0.0717,0.521,33.5
