league,market_type,bucket_dimension,bucket,bets,wins,losses,pushes,total,win_pct,units_flat,roi_flat,units_kelly,roi_kelly,avg_ev,avg_edge_vs_market_pp,avg_kelly_pct,avg_model_prob,avg_odds_american
ncaam,moneyline,dow,FRI,110,57,53,0,110,0.5182,-13.2023,-0.12,-0.151589,-0.063,0.1516,6.8421,0.1028,0.5634,-14.9
ncaam,moneyline,dow,MON,61,32,29,0,61,0.5246,16.3747,0.2684,0.300491,0.262,0.1088,5.6403,0.0833,0.5022,56.2
ncaam,moneyline,dow,SAT,276,125,151,0,276,0.4529,-25.83,-0.0936,-0.291332,-0.0612,0.1068,5.125,0.0733,0.5169,31.8
ncaam,moneyline,dow,SUN,78,42,36,0,78,0.5385,4.6548,0.0597,-0.011755,-0.0072,0.1303,6.5967,0.0992,0.5491,-1.8
ncaam,moneyline,dow,THU,135,80,55,0,135,0.5926,4.4847,0.0332,-0.049373,-0.0233,0.0777,4.7168,0.0642,0.5705,-56.3
ncaam,moneyline,dow,TUE,110,55,55,0,110,0.5,18.7657,0.1706,0.587008,0.2524,0.1769,6.6742,0.0936,0.4981,77.3
ncaam,moneyline,dow,WED,183,87,96,0,183,0.4754,10.9498,0.0598,0.062678,0.018,0.1163,5.4756,0.0847,0.5178,46.9
