league,market_type,bucket_dimension,bucket,bets,wins,losses,pushes,total,win_pct,units_flat,roi_flat,units_kelly,roi_kelly,avg_ev,avg_edge_vs_market_pp,avg_kelly_pct,avg_model_prob,avg_odds_american
ncaam,moneyline,kelly,0.0_to_2.5pct,198,90,108,0,198,0.4545,-14.4689,-0.0731,-0.050263,-0.0794,0.0238,2.4478,0.0128,0.4758,44.9
ncaam,moneyline,kelly,10_to_20pct,186,99,87,0,186,0.5323,-13.9336,-0.0749,-0.314143,-0.0478,0.1776,8.1528,0.1413,0.6237,-76.3
ncaam,moneyline,kelly,2.5_to_5pct,230,113,117,0,230,0.4913,41.1993,0.1791,0.372529,0.1721,0.0802,3.6855,0.0376,0.4581,95.8
ncaam,moneyline,kelly,20pct_plus,76,48,28,0,76,0.6316,11.8691,0.1562,0.593455,0.1562,0.3291,14.9372,0.2961,0.6851,-74.3
ncaam,moneyline,kelly,5_to_10pct,263,128,135,0,263,0.4867,-8.4685,-0.0322,-0.15545,-0.033,0.1254,5.3792,0.0717,0.521,33.5
