league,market_type,bucket_dimension,bucket,bets,wins,losses,pushes,total,win_pct,units_flat,roi_flat,units_kelly,roi_kelly,avg_ev,avg_edge_vs_market_pp,avg_kelly_pct,avg_model_prob,avg_odds_american
ncaam,moneyline,win_prob,0.20_to_0.30,114,20,94,0,114,0.1754,-20.04,-0.1758,-0.058912,-0.0438,0.2244,4.631,0.0472,0.2512,394.1
ncaam,moneyline,win_prob,0.30_to_0.40,128,42,86,0,128,0.3281,3.7,0.0289,-0.360261,-0.1982,0.1667,5.2604,0.0574,0.3503,236.1
ncaam,moneyline,win_prob,0.40_to_0.50,121,47,74,0,121,0.3884,-2.11,-0.0174,0.090325,0.0393,0.1381,6.2736,0.0782,0.4472,155.4
ncaam,moneyline,win_prob,0.50_to_0.60,114,66,48,0,114,0.5789,17.5579,0.154,0.368721,0.1758,0.1008,6.3337,0.0802,0.5521,-28.9
ncaam,moneyline,win_prob,0.60_to_0.70,181,113,68,0,181,0.6243,3.5734,0.0197,0.203327,0.0536,0.0697,5.928,0.0924,0.6528,-155.8
ncaam,moneyline,win_prob,0.70_to_0.80,138,106,32,0,138,0.7681,11.3358,0.0821,0.424555,0.1388,0.0532,5.9485,0.1012,0.7484,-259.3
ncaam,moneyline,win_prob,0.80_to_0.90,97,74,23,0,97,0.7629,-6.1559,-0.0635,-0.245336,-0.0853,0.0407,6.1536,0.148,0.8446,-465.1
ncaam,moneyline,win_prob,0.90_plus,1,1,0,0,1,1.0,0.1562,0.1562,0.007812,0.1562,0.0476,6.6229,0.3044,0.906,-640.0
ncaam,moneyline,win_prob,below_0.20,59,9,50,0,59,0.1525,8.18,0.1386,0.015897,0.0294,0.256,3.7106,0.0366,0.1676,660.5
