league,market_type,side_group,bucket_dimension,bucket,bets,wins,losses,pushes,total,win_pct,units_flat,roi_flat,units_kelly,roi_kelly,avg_ev,avg_edge_vs_market_pp,avg_kelly_pct,avg_model_prob,avg_odds_american
wnba,total,OVER,win_prob,0.50_to_0.60,36,22,14,0,36,0.6111,6.1226,0.1701,0.112375,0.1472,0.0779,6.2277,0.0848,0.5625,-109.2
wnba,total,OVER,win_prob,0.60_to_0.70,31,16,14,1,31,0.5333,0.5354,0.0173,0.052624,0.0355,0.2085,13.134,0.2304,0.6344,-110.6
wnba,total,OVER,win_prob,0.70_to_0.80,5,3,1,1,5,0.75,1.7359,0.3472,0.086796,0.3472,0.4215,24.2747,0.4645,0.7456,-110.4
wnba,total,UNDER,win_prob,0.50_to_0.60,25,17,8,0,25,0.68,7.6854,0.3074,0.140918,0.3112,0.0668,5.5978,0.0724,0.5552,-108.5
wnba,total,UNDER,win_prob,0.60_to_0.70,25,13,12,0,25,0.52,0.0764,0.0031,0.00382,0.0031,0.2692,16.0223,0.2899,0.6586,-92.0
wnba,total,UNDER,win_prob,0.70_to_0.80,7,4,3,0,7,0.5714,0.6707,0.0958,0.033533,0.0958,0.4004,22.8191,0.4343,0.7285,-108.4
