league,market_type,bucket_dimension,bucket,bets,wins,losses,pushes,total,win_pct,units_flat,roi_flat,units_kelly,roi_kelly,avg_ev,avg_edge_vs_market_pp,avg_kelly_pct,avg_model_prob,avg_odds_american
wnba,total,dow,FRI,37,24,12,1,37,0.6667,9.8214,0.2654,0.317659,0.2614,0.1576,10.406,0.1728,0.6057,-104.5
wnba,total,dow,MON,7,3,4,0,7,0.4286,-1.28,-0.1829,-0.008949,-0.042,0.1314,9.078,0.1436,0.5914,-109.6
wnba,total,dow,SAT,23,9,14,0,23,0.3913,-5.6704,-0.2465,-0.115032,-0.1608,0.1246,8.6763,0.1359,0.5869,-109.2
wnba,total,dow,SUN,39,19,20,0,39,0.4872,-2.316,-0.0594,-0.221745,-0.1735,0.1607,10.5025,0.175,0.6045,-98.5
wnba,total,dow,THU,24,13,11,0,24,0.5417,0.9302,0.0388,0.071626,0.0919,0.1559,10.3334,0.1705,0.6039,-109.4
wnba,total,dow,TUE,46,16,29,1,46,0.3556,-14.3654,-0.3123,-0.437667,-0.3243,0.1315,8.9705,0.1426,0.5895,-104.5
wnba,total,dow,WED,25,16,9,0,25,0.64,5.6729,0.2269,0.249008,0.3083,0.1507,10.0103,0.1642,0.5998,-108.9
