league,market_type,bucket_dimension,bucket,bets,wins,losses,pushes,total,win_pct,units_flat,roi_flat,units_kelly,roi_kelly,avg_ev,avg_edge_vs_market_pp,avg_kelly_pct,avg_model_prob,avg_odds_american
wnba,total,total_range,145_to_149.9,3,3,0,0,3,1.0,2.6307,0.8769,0.087275,0.8614,0.1461,10.1833,0.1717,0.6125,-115.0
wnba,total,total_range,150_to_154.9,11,3,8,0,11,0.2727,-5.2559,-0.4778,-0.197949,-0.4501,0.1712,11.2148,0.1876,0.6127,-109.7
wnba,total,total_range,155_to_159.9,46,27,18,1,46,0.6,6.6539,0.1446,0.202733,0.1377,0.1578,10.4148,0.1737,0.6058,-109.8
wnba,total,total_range,160_to_164.9,35,25,9,1,35,0.7353,13.9773,0.3994,0.390137,0.3392,0.1445,9.6562,0.1576,0.597,-109.1
wnba,total,total_range,165_to_169.9,17,8,9,0,17,0.4706,-1.5557,-0.0915,-0.108365,-0.189,0.1738,11.1726,0.187,0.6097,-108.2
wnba,total,total_range,170_to_174.9,11,7,4,0,11,0.6364,2.5411,0.231,0.127056,0.231,0.3063,17.7944,0.3276,0.6745,-70.5
wnba,total,total_range,175_to_179.9,5,1,4,0,5,0.2,-3.0741,-0.6148,-0.116277,-0.547,0.2747,16.275,0.2958,0.6621,-108.2
wnba,total,total_range,180_to_184.9,1,1,0,0,1,1.0,0.9091,0.9091,0.045455,0.9091,0.2442,14.9534,0.2686,0.6517,-110.0
