league,market_type,bucket_dimension,bucket,bets,wins,losses,pushes,total,win_pct,units_flat,roi_flat,units_kelly,roi_kelly,avg_ev,avg_edge_vs_market_pp,avg_kelly_pct,avg_model_prob,avg_odds_american
wnba,total,month,AUG,40,20,20,0,40,0.5,-1.8122,-0.0453,-0.072251,-0.0529,0.1771,11.437,0.1941,0.6156,-109.7
wnba,total,month,JUL,23,13,10,0,23,0.5652,2.1231,0.0923,0.073778,0.0864,0.1886,11.7906,0.2026,0.617,-99.4
wnba,total,month,JUN,26,14,10,2,26,0.5833,2.8407,0.1093,-0.124275,-0.1412,0.1493,10.0114,0.1649,0.602,-110.0
wnba,total,month,MAY,19,15,4,0,19,0.7895,9.7435,0.5128,0.406553,0.5171,0.2313,14.167,0.2512,0.6408,-98.1
wnba,total,month,OCT,1,0,1,0,1,0.0,-1.0,-1.0,-0.022521,-1.0,0.0819,6.6705,0.0901,0.5667,-110.0
wnba,total,month,SEP,20,13,7,0,20,0.65,4.9313,0.2466,0.168782,0.2637,0.1399,9.4079,0.1522,0.5938,-108.8
