league,market_type,bucket_dimension,bucket,bets,wins,losses,pushes,total,win_pct,units_flat,roi_flat,units_kelly,roi_kelly,avg_ev,avg_edge_vs_market_pp,avg_kelly_pct,avg_model_prob,avg_odds_american
wnba,total,dow,FRI,29,18,10,1,29,0.6429,6.4423,0.2221,0.185538,0.182,0.1772,11.3797,0.1934,0.6148,-102.6
wnba,total,dow,MON,2,2,0,0,2,1.0,1.8109,0.9054,0.075423,0.9043,0.1508,10.0829,0.1668,0.6041,-110.5
wnba,total,dow,SAT,13,8,5,0,13,0.6154,2.3772,0.1829,0.049814,0.1009,0.1581,10.4013,0.1722,0.6034,-108.8
wnba,total,dow,SUN,22,14,8,0,22,0.6364,4.9238,0.2238,0.078263,0.0999,0.201,12.7119,0.2202,0.6285,-109.9
wnba,total,dow,THU,19,11,8,0,19,0.5789,2.1121,0.1112,0.075148,0.106,0.1835,11.7278,0.2006,0.6178,-109.2
wnba,total,dow,TUE,28,11,16,1,28,0.4074,-5.9072,-0.211,-0.262443,-0.2791,0.1625,10.5287,0.1759,0.605,-101.5
wnba,total,dow,WED,16,11,5,0,16,0.6875,5.0673,0.3167,0.228322,0.4386,0.1639,10.6422,0.1785,0.6064,-108.8
