league,market_type,bucket_dimension,bucket,bets,wins,losses,pushes,total,win_pct,units_flat,roi_flat,units_kelly,roi_kelly,avg_ev,avg_edge_vs_market_pp,avg_kelly_pct,avg_model_prob,avg_odds_american
wnba,total,month,AUG,56,25,31,0,56,0.4464,-8.2235,-0.1468,-0.177967,-0.0988,0.155,10.2908,0.1697,0.6038,-109.6
wnba,total,month,JUL,40,19,21,0,40,0.475,-3.4525,-0.0863,-0.099521,-0.0818,0.1439,9.5953,0.1553,0.5955,-103.7
wnba,total,month,JUN,43,20,21,2,43,0.4878,-2.6537,-0.0617,-0.284876,-0.2208,0.1251,8.7497,0.1379,0.5882,-100.3
wnba,total,month,MAY,25,17,8,0,25,0.68,7.5786,0.3031,0.335353,0.3564,0.2041,12.7726,0.2218,0.6271,-100.8
wnba,total,month,OCT,3,0,3,0,3,0.0,-3.0,-1.0,-0.085722,-1.0,0.1045,7.6154,0.1143,0.5769,-109.3
wnba,total,month,SEP,34,19,15,0,34,0.5588,2.5437,0.0748,0.167634,0.164,0.1239,8.533,0.1345,0.5851,-108.6
