league,market_type,bucket_dimension,bucket,bets,wins,losses,pushes,total,win_pct,units_flat,roi_flat,units_kelly,roi_kelly,avg_ev,avg_edge_vs_market_pp,avg_kelly_pct,avg_model_prob,avg_odds_american
wnba,total,ev,0.00_to_0.0099,6,4,2,0,6,0.6667,1.6532,0.2755,0.006847,0.8822,0.0047,2.5878,0.0052,0.5255,-109.7
wnba,total,ev,0.01_to_0.0199,3,1,2,0,3,0.3333,-1.0909,-0.3636,-0.005267,-0.4193,0.0153,2.9913,0.0167,0.5303,-109.3
wnba,total,ev,0.02_to_0.0299,1,1,0,0,1,1.0,0.9524,0.9524,0.005726,0.9524,0.0229,3.4753,0.024,0.5239,-105.0
wnba,total,ev,0.03_to_0.0399,2,1,1,0,2,0.5,-0.1304,-0.0652,-0.000586,-0.032,0.0325,3.8343,0.0366,0.5466,-112.5
wnba,total,ev,0.04_to_0.0499,9,5,4,0,9,0.5556,0.5791,0.0643,0.004701,0.0436,0.0437,4.465,0.0479,0.5456,-109.6
wnba,total,ev,0.05_to_0.0749,13,12,1,0,13,0.9231,10.0712,0.7747,0.183505,0.8098,0.0645,5.4386,0.0697,0.553,-108.2
wnba,total,ev,0.075_to_0.0999,8,4,4,0,8,0.5,-0.2949,-0.0369,-0.00388,-0.0205,0.0875,6.6901,0.0948,0.5655,-108.4
wnba,total,ev,0.10_plus,87,47,38,2,87,0.5529,5.0867,0.0585,0.239019,0.06,0.2355,14.4012,0.2568,0.6448,-104.7
