league,market_type,bucket_dimension,bucket,bets,wins,losses,pushes,total,win_pct,units_flat,roi_flat,units_kelly,roi_kelly,avg_ev,avg_edge_vs_market_pp,avg_kelly_pct,avg_model_prob,avg_odds_american
wnba,total,ev,0.00_to_0.0099,10,5,5,0,10,0.5,-0.4377,-0.0438,0.002808,0.1681,0.0061,2.6744,0.0067,0.5263,-109.7
wnba,total,ev,0.01_to_0.0199,7,3,4,0,7,0.4286,-1.177,-0.1681,-0.004947,-0.1734,0.0151,2.9344,0.0163,0.5273,-108.1
wnba,total,ev,0.02_to_0.0299,3,2,1,0,3,0.6667,0.8783,0.2928,0.003854,0.1951,0.0244,3.4692,0.0263,0.5311,-107.7
wnba,total,ev,0.03_to_0.0399,5,1,4,0,5,0.2,-3.1304,-0.6261,-0.026699,-0.6011,0.0323,3.8008,0.0355,0.5406,-110.0
wnba,total,ev,0.04_to_0.0499,12,6,6,0,12,0.5,-0.4209,-0.0351,-0.007183,-0.0509,0.0432,4.4079,0.0471,0.5436,-92.2
wnba,total,ev,0.05_to_0.0749,26,15,11,0,26,0.5769,2.7683,0.1065,0.052302,0.1175,0.0628,5.3527,0.0685,0.5543,-109.0
wnba,total,ev,0.075_to_0.0999,21,9,12,0,21,0.4286,-3.7326,-0.1777,-0.089145,-0.1745,0.089,6.8886,0.0973,0.5688,-109.4
wnba,total,ev,0.10_plus,117,59,56,2,117,0.513,-1.9554,-0.0167,-0.076088,-0.0148,0.2138,13.2923,0.2332,0.6333,-104.1
