league,market_type,bucket_dimension,bucket,bets,wins,losses,pushes,total,win_pct,units_flat,roi_flat,units_kelly,roi_kelly,avg_ev,avg_edge_vs_market_pp,avg_kelly_pct,avg_model_prob,avg_odds_american
wnba,total,total_range,145_to_149.9,3,3,0,0,3,1.0,2.6307,0.8769,0.087275,0.8614,0.1461,10.1833,0.1717,0.6125,-115.0
wnba,total,total_range,150_to_154.9,15,4,11,0,15,0.2667,-7.3468,-0.4898,-0.223906,-0.4048,0.153,10.2696,0.1678,0.6034,-109.8
wnba,total,total_range,155_to_159.9,61,34,26,1,61,0.5667,5.0783,0.0833,0.158725,0.089,0.1375,9.3755,0.1513,0.5951,-106.4
wnba,total,total_range,160_to_164.9,55,29,25,1,55,0.537,1.6738,0.0304,0.061182,0.0376,0.124,8.5779,0.135,0.5858,-105.2
wnba,total,total_range,165_to_169.9,42,18,24,0,42,0.4286,-7.3636,-0.1753,-0.295033,-0.2212,0.1421,9.5901,0.1542,0.5946,-108.7
wnba,total,total_range,170_to_174.9,17,9,8,0,17,0.5294,0.3761,0.0221,0.113265,0.1777,0.217,13.3084,0.2326,0.6308,-84.3
wnba,total,total_range,175_to_179.9,6,2,4,0,6,0.3333,-2.165,-0.3608,-0.07575,-0.2946,0.2559,15.338,0.2762,0.6532,-108.5
wnba,total,total_range,180_to_184.9,2,1,1,0,2,0.5,-0.0909,-0.0455,0.029143,0.4395,0.1518,9.6392,0.1669,0.6033,-110.0
