season,week,game_id,player_id,player_name,team,opponent,position,passing_yards,passing_yards_low,passing_yards_high,passing_tds,passing_tds_prob_1plus,rushing_yards,rushing_yards_low,rushing_yards_high,rushing_tds,rushing_tds_prob_1plus,receiving_yards,receiving_yards_low,receiving_yards_high,receiving_tds,receiving_tds_prob_1plus,kicking_points,kicking_points_low,kicking_points_high,tackles,tackles_low,tackles_high,sacks,sacks_prob_1plus,injury_game_status,role_status,generated_at
2026,1,401872656,00-0034778,Carlton Davis III,NE,SEA,CB,0.0,0.0,0.0,0.0,0.0,0.0,0.0,0.0,0.0,0.0,0.0,0.0,0.0,0.0,0.0,0.0,0.0,0.0,3.7,1.5,6.4,0.014,0.0112363928781587,Active,starter,2026-09-06T20:32:23+00:00
2026,1,401872656,00-0041316,Channing Canada,NE,SEA,CB,0.0,0.0,0.0,0.0,0.0,0.0,0.0,0.0,0.0,0.0,0.0,0.0,0.0,0.0,0.0,0.0,0.0,0.0,1.7,0.0,5.5,0.011,0.0090753786134082,,backup,2026-09-06T20:32:23+00:00
2026,1,401872656,00-0039770,Charles Woods,NE,SEA,CB,0.0,0.0,0.0,0.0,0.0,0.0,0.0,0.0,0.0,0.0,0.0,0.0,0.0,0.0,0.0,0.0,0.0,0.0,1.7,0.0,4.1,0.008,0.0066647087700085,,backup,2026-09-06T20:32:23+00:00
2026,1,401872656,00-0039147,Christian Gonzalez,NE,SEA,CB,0.0,0.0,0.0,0.0,0.0,0.0,0.0,0.0,0.0,0.0,0.0,0.0,0.0,0.0,0.0,0.0,0.0,0.0,3.9,1.2,7.4,0.016,0.0137029765283181,Active,starter,2026-09-06T20:32:23+00:00
2026,1,401872656,00-0041088,Karon Prunty,NE,SEA,CB,0.0,0.0,0.0,0.0,0.0,0.0,0.0,0.0,0.0,0.0,0.0,0.0,0.0,0.0,0.0,0.0,0.0,0.0,2.0,0.0,6.0,0.012,0.0098499963717702,,backup,2026-09-06T20:32:23+00:00
2026,1,401872656,00-0036307,Kindle Vildor,NE,SEA,CB,0.0,0.0,0.0,0.0,0.0,0.0,0.0,0.0,0.0,0.0,0.0,0.0,0.0,0.0,0.0,0.0,0.0,0.0,0.0,0.0,0.0,0.0,0.0,,roster_only,2026-09-06T20:32:23+00:00
2026,1,401872656,00-0037253,Marcus Jones,NE,SEA,CB,0.0,0.0,0.0,0.0,0.0,0.0,0.0,0.0,0.0,0.0,0.0,0.0,0.0,0.0,0.0,0.0,0.0,0.0,3.5,1.3,6.2,0.01,0.0078165355669276,,starter,2026-09-06T20:32:23+00:00
2026,1,401872656,00-0035678,Dre'Mont Jones,NE,SEA,DE,0.0,0.0,0.0,0.0,0.0,0.0,0.0,0.0,0.0,0.0,0.0,0.0,0.0,0.0,0.0,0.0,0.0,0.0,2.2,0.1,5.0,0.345,0.2773670925330057,,starter,2026-09-06T20:32:23+00:00
2026,1,401872656,00-0036981,Christian Barmore,NE,SEA,DT,0.0,0.0,0.0,0.0,0.0,0.0,0.0,0.0,0.0,0.0,0.0,0.0,0.0,0.0,0.0,0.0,0.0,0.0,2.0,0.0,4.8,0.28,0.225991679355627,,starter,2026-09-06T20:32:23+00:00
2026,1,401872656,00-0038653,Cory Durden,NE,SEA,DT,0.0,0.0,0.0,0.0,0.0,0.0,0.0,0.0,0.0,0.0,0.0,0.0,0.0,0.0,0.0,0.0,0.0,0.0,1.9,0.0,4.5,0.12,0.0958382241422071,,starter,2026-09-06T20:32:23+00:00
2026,1,401872656,00-0040371,Eric Gregory,NE,SEA,DT,0.0,0.0,0.0,0.0,0.0,0.0,0.0,0.0,0.0,0.0,0.0,0.0,0.0,0.0,0.0,0.0,0.0,0.0,0.0,0.0,0.0,0.0,0.0,,roster_only,2026-09-06T20:32:23+00:00
2026,1,401872656,00-0039644,Isaiah Iton,NE,SEA,DT,0.0,0.0,0.0,0.0,0.0,0.0,0.0,0.0,0.0,0.0,0.0,0.0,0.0,0.0,0.0,0.0,0.0,0.0,0.0,0.0,0.0,0.0,0.0,Injured Reserve,backup,2026-09-06T20:32:23+00:00
2026,1,401872656,00-0037711,Jeremiah Pharms Jr.,NE,SEA,DT,0.0,0.0,0.0,0.0,0.0,0.0,0.0,0.0,0.0,0.0,0.0,0.0,0.0,0.0,0.0,0.0,0.0,0.0,0.0,0.0,0.0,0.0,0.0,,roster_only,2026-09-06T20:32:23+00:00
2026,1,401872656,00-0040171,Joshua Farmer,NE,SEA,DT,0.0,0.0,0.0,0.0,0.0,0.0,0.0,0.0,0.0,0.0,0.0,0.0,0.0,0.0,0.0,0.0,0.0,0.0,1.1,0.0,3.5,0.067,0.0559384542979314,,backup,2026-09-06T20:32:23+00:00
2026,1,401872656,00-0039289,Leonard Taylor III,NE,SEA,DT,0.0,0.0,0.0,0.0,0.0,0.0,0.0,0.0,0.0,0.0,0.0,0.0,0.0,0.0,0.0,0.0,0.0,0.0,1.1,0.0,3.6,0.084,0.0669846127705035,,backup,2026-09-06T20:32:23+00:00
2026,1,401872656,00-0036916,Milton Williams,NE,SEA,DT,0.0,0.0,0.0,0.0,0.0,0.0,0.0,0.0,0.0,0.0,0.0,0.0,0.0,0.0,0.0,0.0,0.0,0.0,1.8,0.0,4.4,0.222,0.175816453919454,,starter,2026-09-06T20:32:23+00:00
2026,1,401872656,00-0036187,Reggie Gilliam,NE,SEA,FB,0.0,0.0,0.0,0.0,0.0,3.9,-6.3,19.8,0.015,0.0135887455509287,2.2,-11.7,33.7,0.027,0.024203541304474,0.0,0.0,0.0,0.0,0.0,0.0,0.0,0.0,,starter,2026-09-06T20:32:23+00:00
2026,1,401872656,00-0036813,Christian Elliss,NE,SEA,LB,0.0,0.0,0.0,0.0,0.0,0.0,0.0,0.0,0.0,0.0,0.0,0.0,0.0,0.0,0.0,0.0,0.0,0.0,0.0,0.0,0.0,0.0,0.0,,roster_only,2026-09-06T20:32:23+00:00
2026,1,401872656,00-0039829,Darius Muasau,NE,SEA,LB,0.0,0.0,0.0,0.0,0.0,0.0,0.0,0.0,0.0,0.0,0.0,0.0,0.0,0.0,0.0,0.0,0.0,0.0,0.0,0.0,0.0,0.0,0.0,Active,roster_only,2026-09-06T20:32:23+00:00
2026,1,401872656,00-0040574,Elijah Ponder,NE,SEA,LB,0.0,0.0,0.0,0.0,0.0,0.0,0.0,0.0,0.0,0.0,0.0,0.0,0.0,0.0,0.0,0.0,0.0,0.0,3.3,1.2,5.6,0.066,0.0554937106483687,,starter,2026-09-06T20:32:23+00:00
2026,1,401872656,00-0041455,Erick Hunter,NE,SEA,LB,0.0,0.0,0.0,0.0,0.0,0.0,0.0,0.0,0.0,0.0,0.0,0.0,0.0,0.0,0.0,0.0,0.0,0.0,0.0,0.0,0.0,0.0,0.0,,roster_only,2026-09-06T20:32:23+00:00
2026,1,401872656,00-0041569,Gabe Jacas,NE,SEA,LB,0.0,0.0,0.0,0.0,0.0,0.0,0.0,0.0,0.0,0.0,0.0,0.0,0.0,0.0,0.0,0.0,0.0,0.0,1.6,0.0,5.0,0.135,0.1046658865250596,,backup,2026-09-06T20:32:23+00:00
2026,1,401872656,00-0034828,Harold Landry III,NE,SEA,LB,0.0,0.0,0.0,0.0,0.0,0.0,0.0,0.0,0.0,0.0,0.0,0.0,0.0,0.0,0.0,0.0,0.0,0.0,0.0,0.0,0.0,0.0,0.0,Out,backup,2026-09-06T20:32:23+00:00
2026,1,401872656,00-0039053,Jose Ramirez,NE,SEA,LB,0.0,0.0,0.0,0.0,0.0,0.0,0.0,0.0,0.0,0.0,0.0,0.0,0.0,0.0,0.0,0.0,0.0,0.0,0.0,0.0,0.0,0.0,0.0,,roster_only,2026-09-06T20:32:23+00:00
2026,1,401872656,00-0036643,K.J. Britt,NE,SEA,LB,0.0,0.0,0.0,0.0,0.0,0.0,0.0,0.0,0.0,0.0,0.0,0.0,0.0,0.0,0.0,0.0,0.0,0.0,0.0,0.0,0.0,0.0,0.0,,roster_only,2026-09-06T20:32:23+00:00
2026,1,401872656,00-0041321,Khalil Jacobs,NE,SEA,LB,0.0,0.0,0.0,0.0,0.0,0.0,0.0,0.0,0.0,0.0,0.0,0.0,0.0,0.0,0.0,0.0,0.0,0.0,0.0,0.0,0.0,0.0,0.0,Injured Reserve,roster_only,2026-09-06T20:32:23+00:00
2026,1,401872656,00-0041109,Namdi Obiazor,NE,SEA,LB,0.0,0.0,0.0,0.0,0.0,0.0,0.0,0.0,0.0,0.0,0.0,0.0,0.0,0.0,0.0,0.0,0.0,0.0,0.0,0.0,0.0,0.0,0.0,,roster_only,2026-09-06T20:32:23+00:00
2026,1,401872656,00-0041402,Quintayvious Hutchins,NE,SEA,LB,0.0,0.0,0.0,0.0,0.0,0.0,0.0,0.0,0.0,0.0,0.0,0.0,0.0,0.0,0.0,0.0,0.0,0.0,1.6,0.0,5.0,0.135,0.1046658865250596,Active,backup,2026-09-06T20:32:23+00:00
2026,1,401872656,00-0041564,Riley Wilson,NE,SEA,LB,0.0,0.0,0.0,0.0,0.0,0.0,0.0,0.0,0.0,0.0,0.0,0.0,0.0,0.0,0.0,0.0,0.0,0.0,0.0,0.0,0.0,0.0,0.0,,roster_only,2026-09-06T20:32:23+00:00
2026,1,401872656,00-0034720,Robert Spillane,NE,SEA,LB,0.0,0.0,0.0,0.0,0.0,0.0,0.0,0.0,0.0,0.0,0.0,0.0,0.0,0.0,0.0,0.0,0.0,0.0,0.0,0.0,0.0,0.0,0.0,,roster_only,2026-09-06T20:32:23+00:00
2026,1,401872656,00-0040200,Andy Borregales,NE,SEA,PK,0.0,0.0,0.0,0.0,0.0,0.0,0.0,0.0,0.0,0.0,0.0,0.0,0.0,0.0,0.0,7.1,2.5,12.3,0.0,0.0,0.0,0.0,0.0,Active,starter,2026-09-06T20:32:23+00:00
2026,1,401872656,00-0041123,Behren Morton,NE,SEA,QB,0.0,0.0,0.0,0.0,0.0,6.0,-9.7,30.7,0.098,0.09118679119678,0.0,0.0,0.0,0.0,0.0,0.0,0.0,0.0,0.0,0.0,0.0,0.0,0.0,Active,backup,2026-09-06T20:32:23+00:00
2026,1,401872656,00-0039851,Drake Maye,NE,SEA,QB,211.2,120.0,317.3,1.388,0.7649825085177796,17.3,5.9,35.3,0.179,0.1559444356464046,0.0,0.0,0.0,0.0,0.0,0.0,0.0,0.0,0.0,0.0,0.0,0.0,0.0,Active,starter,2026-09-06T20:32:23+00:00
2026,1,401872656,00-0038476,Tommy DeVito,NE,SEA,QB,0.0,0.0,0.0,0.0,0.0,9.7,-1.7,27.6,0.085,0.0796919365512366,0.0,0.0,0.0,0.0,0.0,0.0,0.0,0.0,0.0,0.0,0.0,0.0,0.0,,backup,2026-09-06T20:32:23+00:00
2026,1,401872656,00-0040556,Corey Kiner,NE,SEA,RB,0.0,0.0,0.0,0.0,0.0,10.0,-13.0,46.1,0.062,0.0606259757756875,0.0,-15.6,34.4,0.023,0.0231660231660231,0.0,0.0,0.0,0.0,0.0,0.0,0.0,0.0,Active,backup,2026-09-06T20:32:23+00:00
2026,1,401872656,00-0037617,Hassan Haskins,NE,SEA,RB,0.0,0.0,0.0,0.0,0.0,0.0,0.0,0.0,0.0,0.0,0.0,0.0,0.0,0.0,0.0,0.0,0.0,0.0,0.0,0.0,0.0,0.0,0.0,,roster_only,2026-09-06T20:32:23+00:00
2026,1,401872656,00-0040568,Lan Larison,NE,SEA,RB,0.0,0.0,0.0,0.0,0.0,0.0,0.0,0.0,0.0,0.0,0.0,0.0,0.0,0.0,0.0,0.0,0.0,0.0,0.0,0.0,0.0,0.0,0.0,,roster_only,2026-09-06T20:32:23+00:00
2026,1,401872656,00-0041323,Myles Montgomery,NE,SEA,RB,0.0,0.0,0.0,0.0,0.0,0.0,0.0,0.0,0.0,0.0,0.0,0.0,0.0,0.0,0.0,0.0,0.0,0.0,0.0,0.0,0.0,0.0,0.0,Injured Reserve,backup,2026-09-06T20:32:23+00:00
2026,1,401872656,00-0036875,Rhamondre Stevenson,NE,SEA,RB,0.0,0.0,0.0,0.0,0.0,44.4,23.6,77.2,0.22,0.1987165935999647,19.6,5.7,51.2,0.127,0.1059986820560742,0.0,0.0,0.0,0.0,0.0,0.0,0.0,0.0,Active,starter,2026-09-06T20:32:23+00:00
2026,1,401872656,00-0040734,TreVeyon Henderson,NE,SEA,RB,0.0,0.0,0.0,0.0,0.0,37.0,16.1,69.8,0.323,0.3090930737453595,7.6,-6.4,39.1,0.092,0.0887113206554542,0.0,0.0,0.0,0.0,0.0,0.0,0.0,0.0,Questionable,backup,2026-09-06T20:32:23+00:00
2026,1,401872656,00-0037205,Brenden Schooler,NE,SEA,S,0.0,0.0,0.0,0.0,0.0,0.0,0.0,0.0,0.0,0.0,0.0,0.0,0.0,0.0,0.0,0.0,0.0,0.0,0.0,0.0,0.0,0.0,0.0,Out,backup,2026-09-06T20:32:23+00:00
2026,1,401872656,00-0040716,Craig Woodson,NE,SEA,S,0.0,0.0,0.0,0.0,0.0,0.0,0.0,0.0,0.0,0.0,0.0,0.0,0.0,0.0,0.0,0.0,0.0,0.0,4.8,2.0,8.2,0.017,0.0145708486026436,,starter,2026-09-06T20:32:23+00:00
2026,1,401872656,00-0039692,Dell Pettus,NE,SEA,S,0.0,0.0,0.0,0.0,0.0,0.0,0.0,0.0,0.0,0.0,0.0,0.0,0.0,0.0,0.0,0.0,0.0,0.0,1.9,0.0,4.4,0.017,0.0145456478345013,,backup,2026-09-06T20:32:23+00:00
2026,1,401872656,00-0040537,Elliott Davison,NE,SEA,S,0.0,0.0,0.0,0.0,0.0,0.0,0.0,0.0,0.0,0.0,0.0,0.0,0.0,0.0,0.0,0.0,0.0,0.0,0.0,0.0,0.0,0.0,0.0,,roster_only,2026-09-06T20:32:23+00:00
2026,1,401872656,00-0040204,Jaylen Reed,NE,SEA,S,0.0,0.0,0.0,0.0,0.0,0.0,0.0,0.0,0.0,0.0,0.0,0.0,0.0,0.0,0.0,0.0,0.0,0.0,1.9,0.0,5.0,0.009,0.0070295250050021,Active,backup,2026-09-06T20:32:23+00:00
2026,1,401872656,00-0033132,Kevin Byard,NE,SEA,S,0.0,0.0,0.0,0.0,0.0,0.0,0.0,0.0,0.0,0.0,0.0,0.0,0.0,0.0,0.0,0.0,0.0,0.0,5.9,3.1,9.3,0.018,0.0153814940224885,,starter,2026-09-06T20:32:23+00:00
2026,1,401872656,00-0038564,Cameron Latu,NE,SEA,TE,0.0,0.0,0.0,0.0,0.0,0.0,-10.3,15.8,0.008,0.0071864111498257,2.9,-11.0,34.4,0.045,0.0424710424710424,0.0,0.0,0.0,0.0,0.0,0.0,0.0,0.0,Active,backup,2026-09-06T20:32:23+00:00
2026,1,401872656,00-0041395,Eli Raridon,NE,SEA,TE,0.0,0.0,0.0,0.0,0.0,0.0,-14.2,21.7,0.008,0.0071864111498257,4.8,-14.3,48.2,0.076,0.0759581180031311,0.0,0.0,0.0,0.0,0.0,0.0,0.0,0.0,,backup,2026-09-06T20:32:23+00:00
2026,1,401872656,00-0033090,Hunter Henry,NE,SEA,TE,0.0,0.0,0.0,0.0,0.0,0.0,-10.4,15.7,0.008,0.0071864111498257,29.6,12.0,69.3,0.298,0.2702690207048709,0.0,0.0,0.0,0.0,0.0,0.0,0.0,0.0,Active,starter,2026-09-06T20:32:23+00:00
2026,1,401872656,00-0038720,Julian Hill,NE,SEA,TE,0.0,0.0,0.0,0.0,0.0,0.0,0.0,0.0,0.0,0.0,0.0,0.0,0.0,0.0,0.0,0.0,0.0,0.0,0.0,0.0,0.0,0.0,0.0,,backup,2026-09-06T20:32:23+00:00
2026,1,401872656,00-0036534,Shane Zylstra,NE,SEA,TE,0.0,0.0,0.0,0.0,0.0,0.0,0.0,0.0,0.0,0.0,0.0,0.0,0.0,0.0,0.0,0.0,0.0,0.0,0.0,0.0,0.0,0.0,0.0,,roster_only,2026-09-06T20:32:23+00:00
2026,1,401872656,00-0041314,Tanner Arkin,NE,SEA,TE,0.0,0.0,0.0,0.0,0.0,0.0,-14.3,21.7,0.008,0.0071864111498257,2.5,-16.7,45.9,0.074,0.0739949256876725,0.0,0.0,0.0,0.0,0.0,0.0,0.0,0.0,,backup,2026-09-06T20:32:23+00:00
2026,1,401872656,00-0035676,A.J. Brown,NE,SEA,WR,0.0,0.0,0.0,0.0,0.0,0.0,-10.3,15.8,0.008,0.0071864111498257,47.0,22.8,101.8,0.234,0.2106019518129524,0.0,0.0,0.0,0.0,0.0,0.0,0.0,0.0,Active,starter,2026-09-06T20:32:23+00:00
2026,1,401872656,00-0041319,Cameron Dorner,NE,SEA,WR,0.0,0.0,0.0,0.0,0.0,0.0,0.0,0.0,0.0,0.0,0.0,0.0,0.0,0.0,0.0,0.0,0.0,0.0,0.0,0.0,0.0,0.0,0.0,,roster_only,2026-09-06T20:32:23+00:00
2026,1,401872656,00-0038621,DeMario Douglas,NE,SEA,WR,0.0,0.0,0.0,0.0,0.0,0.3,-9.9,16.2,0.008,0.0071864111498257,6.1,-7.8,37.6,0.09,0.0871454169494376,0.0,0.0,0.0,0.0,0.0,0.0,0.0,0.0,,backup,2026-09-06T20:32:23+00:00
2026,1,401872656,00-0040563,Efton Chism III,NE,SEA,WR,0.0,0.0,0.0,0.0,0.0,0.0,-10.3,15.8,0.008,0.0071864111498257,4.5,-9.4,36.0,0.082,0.0804569210907083,0.0,0.0,0.0,0.0,0.0,0.0,0.0,0.0,,backup,2026-09-06T20:32:23+00:00
2026,1,401872656,00-0034971,Jalen Hurd,NE,SEA,WR,0.0,0.0,0.0,0.0,0.0,0.0,-14.1,21.8,0.008,0.0071864111498257,4.3,-14.8,47.7,0.059,0.0558312848648787,0.0,0.0,0.0,0.0,0.0,0.0,0.0,0.0,,roster_only,2026-09-06T20:32:23+00:00
2026,1,401872656,00-0040570,Jeremiah Webb,NE,SEA,WR,0.0,0.0,0.0,0.0,0.0,0.0,0.0,0.0,0.0,0.0,0.0,0.0,0.0,0.0,0.0,0.0,0.0,0.0,0.0,0.0,0.0,0.0,0.0,,backup,2026-09-06T20:32:23+00:00
2026,1,401872656,00-0041318,Kyle Dixon,NE,SEA,WR,0.0,0.0,0.0,0.0,0.0,0.0,0.0,0.0,0.0,0.0,0.0,0.0,0.0,0.0,0.0,0.0,0.0,0.0,0.0,0.0,0.0,0.0,0.0,,roster_only,2026-09-06T20:32:23+00:00
2026,1,401872656,00-0040131,Kyle Williams,NE,SEA,WR,0.0,0.0,0.0,0.0,0.0,0.0,-10.4,15.7,0.008,0.0071864111498257,15.4,1.5,46.9,0.069,0.0688583373977446,0.0,0.0,0.0,0.0,0.0,0.0,0.0,0.0,Active,backup,2026-09-06T20:32:23+00:00
2026,1,401872656,00-0033555,Mack Hollins,NE,SEA,WR,0.0,0.0,0.0,0.0,0.0,0.0,-10.3,15.8,0.008,0.0071864111498257,25.3,1.1,80.1,0.219,0.196620105948014,0.0,0.0,0.0,0.0,0.0,0.0,0.0,0.0,Active,backup,2026-09-06T20:32:23+00:00
2026,1,401872656,00-0037816,Romeo Doubs,NE,SEA,WR,0.0,0.0,0.0,0.0,0.0,0.0,-10.3,15.8,0.008,0.0071864111498257,23.4,-0.8,78.2,0.194,0.1748373885958538,0.0,0.0,0.0,0.0,0.0,0.0,0.0,0.0,Active,backup,2026-09-06T20:32:23+00:00
2026,1,401872656,00-0040903,Andre Fuller,SEA,NE,CB,0.0,0.0,0.0,0.0,0.0,0.0,0.0,0.0,0.0,0.0,0.0,0.0,0.0,0.0,0.0,0.0,0.0,0.0,0.0,0.0,0.0,0.0,0.0,,roster_only,2026-09-06T20:32:23+00:00
2026,1,401872656,00-0041382,Avery Smith,SEA,NE,CB,0.0,0.0,0.0,0.0,0.0,0.0,0.0,0.0,0.0,0.0,0.0,0.0,0.0,0.0,0.0,0.0,0.0,0.0,1.6,0.0,5.4,0.012,0.0100654700107357,Active,backup,2026-09-06T20:32:23+00:00
2026,1,401872656,00-0039169,Devon Witherspoon,SEA,NE,CB,0.0,0.0,0.0,0.0,0.0,0.0,0.0,0.0,0.0,0.0,0.0,0.0,0.0,0.0,0.0,0.0,0.0,0.0,5.8,3.1,9.2,0.022,0.0186825916477513,,starter,2026-09-06T20:32:23+00:00
2026,1,401872656,00-0037137,Josh Jobe,SEA,NE,CB,0.0,0.0,0.0,0.0,0.0,0.0,0.0,0.0,0.0,0.0,0.0,0.0,0.0,0.0,0.0,0.0,0.0,0.0,3.5,0.8,7.0,0.012,0.0095981515955533,,starter,2026-09-06T20:32:23+00:00
2026,1,401872656,00-0040873,Julian Neal,SEA,NE,CB,0.0,0.0,0.0,0.0,0.0,0.0,0.0,0.0,0.0,0.0,0.0,0.0,0.0,0.0,0.0,0.0,0.0,0.0,1.9,0.0,5.9,0.014,0.0117575367292556,,backup,2026-09-06T20:32:23+00:00
2026,1,401872656,00-0040910,Michael Dansby,SEA,NE,CB,0.0,0.0,0.0,0.0,0.0,0.0,0.0,0.0,0.0,0.0,0.0,0.0,0.0,0.0,0.0,0.0,0.0,0.0,0.0,0.0,0.0,0.0,0.0,,roster_only,2026-09-06T20:32:23+00:00
2026,1,401872656,00-0039795,Nehemiah Pritchett,SEA,NE,CB,0.0,0.0,0.0,0.0,0.0,0.0,0.0,0.0,0.0,0.0,0.0,0.0,0.0,0.0,0.0,0.0,0.0,0.0,1.1,0.0,3.7,0.007,0.0053455710215105,,backup,2026-09-06T20:32:23+00:00
2026,1,401872656,00-0039903,Terrion Arnold,SEA,NE,CB,0.0,0.0,0.0,0.0,0.0,0.0,0.0,0.0,0.0,0.0,0.0,0.0,0.0,0.0,0.0,0.0,0.0,0.0,0.0,0.0,0.0,0.0,0.0,Out,backup,2026-09-06T20:32:23+00:00
2026,1,401872656,00-0036361,Trevon Diggs,SEA,NE,CB,0.0,0.0,0.0,0.0,0.0,0.0,0.0,0.0,0.0,0.0,0.0,0.0,0.0,0.0,0.0,0.0,0.0,0.0,0.0,0.0,0.0,0.0,0.0,,roster_only,2026-09-06T20:32:23+00:00
2026,1,401872656,00-0038591,Mike Morris,SEA,NE,DE,0.0,0.0,0.0,0.0,0.0,0.0,0.0,0.0,0.0,0.0,0.0,0.0,0.0,0.0,0.0,0.0,0.0,0.0,1.1,0.0,3.5,0.074,0.0610115178687587,,backup,2026-09-06T20:32:23+00:00
2026,1,401872656,00-0038694,Brandon Pili,SEA,NE,DT,0.0,0.0,0.0,0.0,0.0,0.0,0.0,0.0,0.0,0.0,0.0,0.0,0.0,0.0,0.0,0.0,0.0,0.0,0.9,0.0,3.4,0.052,0.0431883378044141,,backup,2026-09-06T20:32:23+00:00
2026,1,401872656,00-0039309,Byron Murphy II,SEA,NE,DT,0.0,0.0,0.0,0.0,0.0,0.0,0.0,0.0,0.0,0.0,0.0,0.0,0.0,0.0,0.0,0.0,0.0,0.0,3.1,0.9,5.8,0.127,0.1000047621729756,,starter,2026-09-06T20:32:23+00:00
2026,1,401872656,00-0040904,Deven Eastern,SEA,NE,DT,0.0,0.0,0.0,0.0,0.0,0.0,0.0,0.0,0.0,0.0,0.0,0.0,0.0,0.0,0.0,0.0,0.0,0.0,0.0,0.0,0.0,0.0,0.0,,roster_only,2026-09-06T20:32:23+00:00
2026,1,401872656,00-0032387,Jarran Reed,SEA,NE,DT,0.0,0.0,0.0,0.0,0.0,0.0,0.0,0.0,0.0,0.0,0.0,0.0,0.0,0.0,0.0,0.0,0.0,0.0,2.4,0.4,4.9,0.212,0.1670217572988839,,starter,2026-09-06T20:32:23+00:00
2026,1,401872656,00-0031933,Leonard Williams,SEA,NE,DT,0.0,0.0,0.0,0.0,0.0,0.0,0.0,0.0,0.0,0.0,0.0,0.0,0.0,0.0,0.0,0.0,0.0,0.0,3.1,0.9,5.8,0.325,0.2620864995011989,Active,starter,2026-09-06T20:32:23+00:00
2026,1,401872656,00-0040647,Rylie Mills,SEA,NE,DT,0.0,0.0,0.0,0.0,0.0,0.0,0.0,0.0,0.0,0.0,0.0,0.0,0.0,0.0,0.0,0.0,0.0,0.0,1.0,0.0,3.7,0.034,0.0285765891823066,,backup,2026-09-06T20:32:23+00:00
2026,1,401872656,00-0038488,Brady Russell,SEA,NE,FB,0.0,0.0,0.0,0.0,0.0,1.2,-8.9,17.2,0.022,0.0213312985232503,0.1,-13.8,31.6,0.045,0.0424710424710424,0.0,0.0,0.0,0.0,0.0,0.0,0.0,0.0,,starter,2026-09-06T20:32:23+00:00
2026,1,401872656,00-0040567,Brock Lampe,SEA,NE,FB,0.0,0.0,0.0,0.0,0.0,11.6,-17.1,56.7,0.311,0.2966770147924701,0.1,-19.0,43.5,0.126,0.1041713130301903,0.0,0.0,0.0,0.0,0.0,0.0,0.0,0.0,,roster_only,2026-09-06T20:32:23+00:00
2026,1,401872656,00-0040649,Robbie Ouzts,SEA,NE,FB,0.0,0.0,0.0,0.0,0.0,0.0,0.0,0.0,0.0,0.0,0.0,0.0,0.0,0.0,0.0,0.0,0.0,0.0,0.0,0.0,0.0,0.0,0.0,Injured Reserve,backup,2026-09-06T20:32:23+00:00
2026,1,401872656,00-0040972,Aidan Hubbard,SEA,NE,LB,0.0,0.0,0.0,0.0,0.0,0.0,0.0,0.0,0.0,0.0,0.0,0.0,0.0,0.0,0.0,0.0,0.0,0.0,0.0,0.0,0.0,0.0,0.0,,roster_only,2026-09-06T20:32:23+00:00
2026,1,401872656,00-0037003,Chazz Surratt,SEA,NE,LB,0.0,0.0,0.0,0.0,0.0,0.0,0.0,0.0,0.0,0.0,0.0,0.0,0.0,0.0,0.0,0.0,0.0,0.0,0.0,0.0,0.0,0.0,0.0,,roster_only,2026-09-06T20:32:23+00:00
2026,1,401872656,00-0040061,Connor O'Toole,SEA,NE,LB,0.0,0.0,0.0,0.0,0.0,0.0,0.0,0.0,0.0,0.0,0.0,0.0,0.0,0.0,0.0,0.0,0.0,0.0,0.8,0.0,3.3,0.016,0.0137029765283181,,backup,2026-09-06T20:32:23+00:00
2026,1,401872656,00-0032052,Dante Fowler Jr.,SEA,NE,LB,0.0,0.0,0.0,0.0,0.0,0.0,0.0,0.0,0.0,0.0,0.0,0.0,0.0,0.0,0.0,0.0,0.0,0.0,1.1,0.0,3.7,0.244,0.1958805364306862,,backup,2026-09-06T20:32:23+00:00
2026,1,401872656,00-0031411,DeMarcus Lawrence,SEA,NE,LB,0.0,0.0,0.0,0.0,0.0,0.0,0.0,0.0,0.0,0.0,0.0,0.0,0.0,0.0,0.0,0.0,0.0,0.0,3.6,0.5,7.6,0.383,0.3054161693002357,,starter,2026-09-06T20:32:23+00:00
2026,1,401872656,00-0039047,Derick Hall,SEA,NE,LB,0.0,0.0,0.0,0.0,0.0,0.0,0.0,0.0,0.0,0.0,0.0,0.0,0.0,0.0,0.0,0.0,0.0,0.0,1.8,0.0,4.2,0.141,0.1079896964172141,,backup,2026-09-06T20:32:23+00:00
2026,1,401872656,00-0038922,Drake Thomas,SEA,NE,LB,0.0,0.0,0.0,0.0,0.0,0.0,0.0,0.0,0.0,0.0,0.0,0.0,0.0,0.0,0.0,0.0,0.0,0.0,0.0,0.0,0.0,0.0,0.0,,roster_only,2026-09-06T20:32:23+00:00
2026,1,401872656,00-0036994,Ernest Jones IV,SEA,NE,LB,0.0,0.0,0.0,0.0,0.0,0.0,0.0,0.0,0.0,0.0,0.0,0.0,0.0,0.0,0.0,0.0,0.0,0.0,0.0,0.0,0.0,0.0,0.0,,roster_only,2026-09-06T20:32:23+00:00
2026,1,401872656,00-0040973,Marvin Jones Jr.,SEA,NE,LB,0.0,0.0,0.0,0.0,0.0,0.0,0.0,0.0,0.0,0.0,0.0,0.0,0.0,0.0,0.0,0.0,0.0,0.0,0.0,0.0,0.0,0.0,0.0,,roster_only,2026-09-06T20:32:23+00:00
2026,1,401872656,00-0038764,Patrick O'Connell,SEA,NE,LB,0.0,0.0,0.0,0.0,0.0,0.0,0.0,0.0,0.0,0.0,0.0,0.0,0.0,0.0,0.0,0.0,0.0,0.0,0.0,0.0,0.0,0.0,0.0,,roster_only,2026-09-06T20:32:23+00:00
2026,1,401872656,00-0040270,Power Echols,SEA,NE,LB,0.0,0.0,0.0,0.0,0.0,0.0,0.0,0.0,0.0,0.0,0.0,0.0,0.0,0.0,0.0,0.0,0.0,0.0,0.0,0.0,0.0,0.0,0.0,Injured Reserve,roster_only,2026-09-06T20:32:23+00:00
2026,1,401872656,00-0039815,Tyrice Knight,SEA,NE,LB,0.0,0.0,0.0,0.0,0.0,0.0,0.0,0.0,0.0,0.0,0.0,0.0,0.0,0.0,0.0,0.0,0.0,0.0,0.0,0.0,0.0,0.0,0.0,,roster_only,2026-09-06T20:32:23+00:00
2026,1,401872656,00-0034350,Uchenna Nwosu,SEA,NE,LB,0.0,0.0,0.0,0.0,0.0,0.0,0.0,0.0,0.0,0.0,0.0,0.0,0.0,0.0,0.0,0.0,0.0,0.0,2.3,0.4,4.8,0.238,0.1902847670054346,,starter,2026-09-06T20:32:23+00:00
2026,1,401872656,00-0031492,Jason Myers,SEA,NE,PK,0.0,0.0,0.0,0.0,0.0,0.0,0.0,0.0,0.0,0.0,0.0,0.0,0.0,0.0,0.0,7.1,2.0,12.9,0.0,0.0,0.0,0.0,0.0,Active,starter,2026-09-06T20:32:23+00:00
2026,1,401872656,00-0035704,Drew Lock,SEA,NE,QB,0.0,0.0,0.0,0.0,0.0,4.9,-5.2,20.9,0.247,0.2284869315328936,0.0,0.0,0.0,0.0,0.0,0.0,0.0,0.0,0.0,0.0,0.0,0.0,0.0,Active,backup,2026-09-06T20:32:23+00:00
2026,1,401872656,00-0040673,Jalen Milroe,SEA,NE,QB,0.0,0.0,0.0,0.0,0.0,3.0,-8.2,20.6,0.175,0.1525508831122277,0.0,0.0,0.0,0.0,0.0,0.0,0.0,0.0,0.0,0.0,0.0,0.0,0.0,Active,backup,2026-09-06T20:32:23+00:00
2026,1,401872656,00-0034869,Sam Darnold,SEA,NE,QB,210.4,119.2,316.5,1.188,0.6547619047619048,6.1,-5.3,24.1,0.386,0.3682373472949389,0.0,0.0,0.0,0.0,0.0,0.0,0.0,0.0,0.0,0.0,0.0,0.0,0.0,Active,starter,2026-09-06T20:32:23+00:00
2026,1,401872656,00-0038797,Emanuel Wilson,SEA,NE,RB,0.0,0.0,0.0,0.0,0.0,21.6,0.7,54.4,0.316,0.3013809635969937,1.5,-12.5,33.0,0.123,0.1010838243321436,0.0,0.0,0.0,0.0,0.0,0.0,0.0,0.0,Questionable,backup,2026-09-06T20:32:23+00:00
2026,1,401872656,00-0039299,George Holani,SEA,NE,RB,0.0,0.0,0.0,0.0,0.0,9.3,-11.5,42.1,0.256,0.2379909963444665,0.0,-15.4,30.1,0.045,0.0424710424710424,0.0,0.0,0.0,0.0,0.0,0.0,0.0,0.0,Active,backup,2026-09-06T20:32:23+00:00
2026,1,401872656,00-0040067,Jacardia Wright,SEA,NE,RB,0.0,0.0,0.0,0.0,0.0,0.0,0.0,0.0,0.0,0.0,0.0,0.0,0.0,0.0,0.0,0.0,0.0,0.0,0.0,0.0,0.0,0.0,0.0,,roster_only,2026-09-06T20:32:23+00:00
2026,1,401872656,00-0041512,Jadarian Price,SEA,NE,RB,0.0,0.0,0.0,0.0,0.0,24.8,-3.9,69.9,0.223,0.2020663373550609,3.9,-15.2,47.3,0.126,0.1041713130301903,0.0,0.0,0.0,0.0,0.0,0.0,0.0,0.0,Active,starter,2026-09-06T20:32:23+00:00
2026,1,401872656,00-0039165,Zach Charbonnet,SEA,NE,RB,0.0,0.0,0.0,0.0,0.0,0.0,0.0,0.0,0.0,0.0,0.0,0.0,0.0,0.0,0.0,0.0,0.0,0.0,0.0,0.0,0.0,0.0,0.0,Out,backup,2026-09-06T20:32:23+00:00
2026,1,401872656,00-0038866,AJ Finley,SEA,NE,S,0.0,0.0,0.0,0.0,0.0,0.0,0.0,0.0,0.0,0.0,0.0,0.0,0.0,0.0,0.0,0.0,0.0,0.0,0.0,0.0,0.0,0.0,0.0,,roster_only,2026-09-06T20:32:23+00:00
2026,1,401872656,00-0041463,Bud Clark,SEA,NE,S,0.0,0.0,0.0,0.0,0.0,0.0,0.0,0.0,0.0,0.0,0.0,0.0,0.0,0.0,0.0,0.0,0.0,0.0,0.0,0.0,0.0,0.0,0.0,Injured Reserve,backup,2026-09-06T20:32:23+00:00
2026,1,401872656,00-0034974,Julian Love,SEA,NE,S,0.0,0.0,0.0,0.0,0.0,0.0,0.0,0.0,0.0,0.0,0.0,0.0,0.0,0.0,0.0,0.0,0.0,0.0,5.8,3.1,9.2,0.016,0.0137029765283181,,starter,2026-09-06T20:32:23+00:00
2026,1,401872656,00-0040026,Maxen Hook,SEA,NE,S,0.0,0.0,0.0,0.0,0.0,0.0,0.0,0.0,0.0,0.0,0.0,0.0,0.0,0.0,0.0,0.0,0.0,0.0,0.0,0.0,0.0,0.0,0.0,,roster_only,2026-09-06T20:32:23+00:00
2026,1,401872656,00-0040733,Nick Emmanwori,SEA,NE,S,0.0,0.0,0.0,0.0,0.0,0.0,0.0,0.0,0.0,0.0,0.0,0.0,0.0,0.0,0.0,0.0,0.0,0.0,5.6,2.8,8.9,0.016,0.0137029765283181,Questionable,starter,2026-09-06T20:32:23+00:00
2026,1,401872656,00-0037323,Rodney Thomas II,SEA,NE,S,0.0,0.0,0.0,0.0,0.0,0.0,0.0,0.0,0.0,0.0,0.0,0.0,0.0,0.0,0.0,0.0,0.0,0.0,0.0,0.0,0.0,0.0,0.0,,roster_only,2026-09-06T20:32:23+00:00
2026,1,401872656,00-0038765,Ty Okada,SEA,NE,S,0.0,0.0,0.0,0.0,0.0,0.0,0.0,0.0,0.0,0.0,0.0,0.0,0.0,0.0,0.0,0.0,0.0,0.0,4.5,2.2,7.1,0.021,0.0180274354393012,,starter,2026-09-06T20:32:23+00:00
2026,1,401872656,00-0039793,AJ Barner,SEA,NE,TE,0.0,0.0,0.0,0.0,0.0,0.1,-10.1,16.1,0.019,0.0179655230637463,20.6,3.1,60.4,0.356,0.3241763917286493,0.0,0.0,0.0,0.0,0.0,0.0,0.0,0.0,Active,starter,2026-09-06T20:32:23+00:00
2026,1,401872656,00-0040739,Elijah Arroyo,SEA,NE,TE,0.0,0.0,0.0,0.0,0.0,0.0,-10.5,15.7,0.018,0.0170867395211812,1.5,-12.4,33.1,0.129,0.1082039949804858,0.0,0.0,0.0,0.0,0.0,0.0,0.0,0.0,Active,backup,2026-09-06T20:32:23+00:00
2026,1,401872656,00-0033576,Eric Saubert,SEA,NE,TE,0.0,0.0,0.0,0.0,0.0,0.0,-10.4,15.8,0.02,0.0192424343654925,2.7,-11.2,34.2,0.233,0.2098580929468237,0.0,0.0,0.0,0.0,0.0,0.0,0.0,0.0,,backup,2026-09-06T20:32:23+00:00
2026,1,401872656,00-0040058,Nick Kallerup,SEA,NE,TE,0.0,0.0,0.0,0.0,0.0,0.0,-10.5,15.7,0.018,0.0170867395211812,0.0,-14.4,31.1,0.085,0.0830717586260716,0.0,0.0,0.0,0.0,0.0,0.0,0.0,0.0,,backup,2026-09-06T20:32:23+00:00
2026,1,401872656,00-0033908,Cooper Kupp,SEA,NE,WR,0.0,0.0,0.0,0.0,0.0,1.2,-9.0,17.1,0.024,0.0238528596330871,30.4,6.2,85.1,0.414,0.3423597678916827,0.0,0.0,0.0,0.0,0.0,0.0,0.0,0.0,,backup,2026-09-06T20:32:23+00:00
2026,1,401872656,00-0040895,Emmanuel Henderson Jr.,SEA,NE,WR,0.0,0.0,0.0,0.0,0.0,0.0,0.0,0.0,0.0,0.0,0.0,0.0,0.0,0.0,0.0,0.0,0.0,0.0,0.0,0.0,0.0,0.0,0.0,,roster_only,2026-09-06T20:32:23+00:00
2026,1,401872656,00-0037156,Irv Charles,SEA,NE,WR,0.0,0.0,0.0,0.0,0.0,0.0,0.0,0.0,0.0,0.0,0.0,0.0,0.0,0.0,0.0,0.0,0.0,0.0,0.0,0.0,0.0,0.0,0.0,Injured Reserve,backup,2026-09-06T20:32:23+00:00
2026,1,401872656,00-0038752,Jake Bobo,SEA,NE,WR,0.0,0.0,0.0,0.0,0.0,0.0,0.0,0.0,0.0,0.0,0.0,0.0,0.0,0.0,0.0,0.0,0.0,0.0,0.0,0.0,0.0,0.0,0.0,Injured Reserve,backup,2026-09-06T20:32:23+00:00
2026,1,401872656,00-0038543,Jaxon Smith-Njigba,SEA,NE,WR,0.0,0.0,0.0,0.0,0.0,1.7,-8.5,17.7,0.024,0.0238528596330871,81.8,57.6,136.6,0.414,0.3423597678916827,0.0,0.0,0.0,0.0,0.0,0.0,0.0,0.0,Active,starter,2026-09-06T20:32:23+00:00
2026,1,401872656,00-0039329,Julian Hicks,SEA,NE,WR,0.0,0.0,0.0,0.0,0.0,0.0,0.0,0.0,0.0,0.0,0.0,0.0,0.0,0.0,0.0,0.0,0.0,0.0,0.0,0.0,0.0,0.0,0.0,,roster_only,2026-09-06T20:32:23+00:00
2026,1,401872656,00-0040621,Montorie Foster Jr.,SEA,NE,WR,0.0,0.0,0.0,0.0,0.0,1.1,-12.9,23.1,0.024,0.0238528596330871,3.9,-15.2,47.3,0.174,0.1578446835965529,0.0,0.0,0.0,0.0,0.0,0.0,0.0,0.0,Active,backup,2026-09-06T20:32:23+00:00
2026,1,401872656,00-0037545,Rashid Shaheed,SEA,NE,WR,0.0,0.0,0.0,0.0,0.0,2.3,-7.8,18.3,0.038,0.0389569304345252,10.4,-3.5,41.9,0.203,0.1826615396733693,0.0,0.0,0.0,0.0,0.0,0.0,0.0,0.0,Active,backup,2026-09-06T20:32:23+00:00
2026,1,401872656,00-0040653,Ricky White III,SEA,NE,WR,0.0,0.0,0.0,0.0,0.0,0.0,0.0,0.0,0.0,0.0,0.0,0.0,0.0,0.0,0.0,0.0,0.0,0.0,0.0,0.0,0.0,0.0,0.0,,roster_only,2026-09-06T20:32:23+00:00
2026,1,401872656,00-0040648,Tory Horton,SEA,NE,WR,0.0,0.0,0.0,0.0,0.0,1.1,-9.1,17.1,0.024,0.0238528596330871,16.8,2.9,48.3,0.27,0.2433696842805431,0.0,0.0,0.0,0.0,0.0,0.0,0.0,0.0,Questionable,backup,2026-09-06T20:32:23+00:00
2026,1,401872656,00-0037745,Velus Jones Jr.,SEA,NE,WR,0.0,0.0,0.0,0.0,0.0,0.0,0.0,0.0,0.0,0.0,0.0,0.0,0.0,0.0,0.0,0.0,0.0,0.0,0.0,0.0,0.0,0.0,0.0,,roster_only,2026-09-06T20:32:23+00:00
2026,1,401872657,00-0039506,Alex Johnson,LAR,SF,CB,0.0,0.0,0.0,0.0,0.0,0.0,0.0,0.0,0.0,0.0,0.0,0.0,0.0,0.0,0.0,0.0,0.0,0.0,0.0,0.0,0.0,0.0,0.0,Injured Reserve,backup,2026-09-06T20:32:23+00:00
2026,1,401872657,00-0039780,Cam Lampkin,LAR,SF,CB,0.0,0.0,0.0,0.0,0.0,0.0,0.0,0.0,0.0,0.0,0.0,0.0,0.0,0.0,0.0,0.0,0.0,0.0,0.0,0.0,0.0,0.0,0.0,,roster_only,2026-09-06T20:32:23+00:00
2026,1,401872657,00-0039151,Emmanuel Forbes Jr.,LAR,SF,CB,0.0,0.0,0.0,0.0,0.0,0.0,0.0,0.0,0.0,0.0,0.0,0.0,0.0,0.0,0.0,0.0,0.0,0.0,2.3,0.0,5.9,0.015,0.0121827293596606,,backup,2026-09-06T20:32:23+00:00
2026,1,401872657,00-0037195,Jaylen Watson,LAR,SF,CB,0.0,0.0,0.0,0.0,0.0,0.0,0.0,0.0,0.0,0.0,0.0,0.0,0.0,0.0,0.0,0.0,0.0,0.0,3.7,0.9,7.1,0.019,0.0163681254983175,,starter,2026-09-06T20:32:23+00:00
2026,1,401872657,00-0039772,Josh Wallace,LAR,SF,CB,0.0,0.0,0.0,0.0,0.0,0.0,0.0,0.0,0.0,0.0,0.0,0.0,0.0,0.0,0.0,0.0,0.0,0.0,2.3,0.2,5.1,0.015,0.0123216968306508,,backup,2026-09-06T20:32:23+00:00
2026,1,401872657,00-0041416,Nyzier Fourqurean,LAR,SF,CB,0.0,0.0,0.0,0.0,0.0,0.0,0.0,0.0,0.0,0.0,0.0,0.0,0.0,0.0,0.0,0.0,0.0,0.0,0.0,0.0,0.0,0.0,0.0,,roster_only,2026-09-06T20:32:23+00:00
2026,1,401872657,00-0037191,Trent McDuffie,LAR,SF,CB,0.0,0.0,0.0,0.0,0.0,0.0,0.0,0.0,0.0,0.0,0.0,0.0,0.0,0.0,0.0,0.0,0.0,0.0,3.7,1.5,6.3,0.035,0.028912477802071,,starter,2026-09-06T20:32:23+00:00
2026,1,401872657,00-0036917,Zech McPhearson,LAR,SF,CB,0.0,0.0,0.0,0.0,0.0,0.0,0.0,0.0,0.0,0.0,0.0,0.0,0.0,0.0,0.0,0.0,0.0,0.0,0.0,0.0,0.0,0.0,0.0,Injured Reserve,backup,2026-09-06T20:32:23+00:00
2026,1,401872657,00-0039734,Braden Fiske,LAR,SF,DE,0.0,0.0,0.0,0.0,0.0,0.0,0.0,0.0,0.0,0.0,0.0,0.0,0.0,0.0,0.0,0.0,0.0,0.0,1.1,0.0,3.6,0.134,0.1037082207085637,,backup,2026-09-06T20:32:23+00:00
2026,1,401872657,00-0039061,Desjuan Johnson,LAR,SF,DE,0.0,0.0,0.0,0.0,0.0,0.0,0.0,0.0,0.0,0.0,0.0,0.0,0.0,0.0,0.0,0.0,0.0,0.0,1.1,0.0,3.5,0.114,0.0926039667145939,,backup,2026-09-06T20:32:23+00:00
2026,1,401872657,00-0039138,Kobie Turner,LAR,SF,DE,0.0,0.0,0.0,0.0,0.0,0.0,0.0,0.0,0.0,0.0,0.0,0.0,0.0,0.0,0.0,0.0,0.0,0.0,2.6,0.5,5.4,0.417,0.3200775945683802,,starter,2026-09-06T20:32:23+00:00
2026,1,401872657,00-0036237,Larrell Murchison,LAR,SF,DE,0.0,0.0,0.0,0.0,0.0,0.0,0.0,0.0,0.0,0.0,0.0,0.0,0.0,0.0,0.0,0.0,0.0,0.0,0.0,0.0,0.0,0.0,0.0,,roster_only,2026-09-06T20:32:23+00:00
2026,1,401872657,00-0033868,Myles Garrett,LAR,SF,DE,0.0,0.0,0.0,0.0,0.0,0.0,0.0,0.0,0.0,0.0,0.0,0.0,0.0,0.0,0.0,0.0,0.0,0.0,2.5,0.4,5.3,0.436,0.3200775945683802,Questionable,starter,2026-09-06T20:32:23+00:00
2026,1,401872657,00-0039749,Tyler Davis,LAR,SF,DE,0.0,0.0,0.0,0.0,0.0,0.0,0.0,0.0,0.0,0.0,0.0,0.0,0.0,0.0,0.0,0.0,0.0,0.0,1.7,0.0,4.1,0.084,0.0668609903563429,,backup,2026-09-06T20:32:23+00:00
2026,1,401872657,00-0031388,Aaron Donald,LAR,SF,DT,0.0,0.0,0.0,0.0,0.0,0.0,0.0,0.0,0.0,0.0,0.0,0.0,0.0,0.0,0.0,0.0,0.0,0.0,1.5,0.0,5.0,0.251,0.201386312184186,Active,starter,2026-09-06T20:32:23+00:00
2026,1,401872657,00-0040595,Bill Norton,LAR,SF,DT,0.0,0.0,0.0,0.0,0.0,0.0,0.0,0.0,0.0,0.0,0.0,0.0,0.0,0.0,0.0,0.0,0.0,0.0,0.0,0.0,0.0,0.0,0.0,,roster_only,2026-09-06T20:32:23+00:00
2026,1,401872657,00-0034234,Poona Ford,LAR,SF,DT,0.0,0.0,0.0,0.0,0.0,0.0,0.0,0.0,0.0,0.0,0.0,0.0,0.0,0.0,0.0,0.0,0.0,0.0,2.1,0.2,4.6,0.1,0.0804698215974036,,starter,2026-09-06T20:32:23+00:00
2026,1,401872657,00-0040585,Ty Hamilton,LAR,SF,DT,0.0,0.0,0.0,0.0,0.0,0.0,0.0,0.0,0.0,0.0,0.0,0.0,0.0,0.0,0.0,0.0,0.0,0.0,0.9,0.0,3.4,0.023,0.0199660830127674,,backup,2026-09-06T20:32:23+00:00
2026,1,401872657,00-0039137,Byron Young,LAR,SF,LB,0.0,0.0,0.0,0.0,0.0,0.0,0.0,0.0,0.0,0.0,0.0,0.0,0.0,0.0,0.0,0.0,0.0,0.0,3.7,0.6,7.8,0.331,0.2666368029668949,,starter,2026-09-06T20:32:23+00:00
2026,1,401872657,00-0041421,Darryl Peterson III,LAR,SF,LB,0.0,0.0,0.0,0.0,0.0,0.0,0.0,0.0,0.0,0.0,0.0,0.0,0.0,0.0,0.0,0.0,0.0,0.0,0.0,0.0,0.0,0.0,0.0,,roster_only,2026-09-06T20:32:23+00:00
2026,1,401872657,WAL575790,Eddie Walls III,LAR,SF,LB,0.0,0.0,0.0,0.0,0.0,0.0,0.0,0.0,0.0,0.0,0.0,0.0,0.0,0.0,0.0,0.0,0.0,0.0,0.0,0.0,0.0,0.0,0.0,,backup,2026-09-06T20:32:23+00:00
2026,1,401872657,00-0039775,Elias Neal,LAR,SF,LB,0.0,0.0,0.0,0.0,0.0,0.0,0.0,0.0,0.0,0.0,0.0,0.0,0.0,0.0,0.0,0.0,0.0,0.0,0.0,0.0,0.0,0.0,0.0,,roster_only,2026-09-06T20:32:23+00:00
2026,1,401872657,00-0036672,Grant Stuard,LAR,SF,LB,0.0,0.0,0.0,0.0,0.0,0.0,0.0,0.0,0.0,0.0,0.0,0.0,0.0,0.0,0.0,0.0,0.0,0.0,0.0,0.0,0.0,0.0,0.0,,roster_only,2026-09-06T20:32:23+00:00
2026,1,401872657,00-0039944,Jamie Sheriff,LAR,SF,LB,0.0,0.0,0.0,0.0,0.0,0.0,0.0,0.0,0.0,0.0,0.0,0.0,0.0,0.0,0.0,0.0,0.0,0.0,0.0,0.0,0.0,0.0,0.0,,roster_only,2026-09-06T20:32:23+00:00
2026,1,401872657,00-0040580,Josaiah Stewart,LAR,SF,LB,0.0,0.0,0.0,0.0,0.0,0.0,0.0,0.0,0.0,0.0,0.0,0.0,0.0,0.0,0.0,0.0,0.0,0.0,1.1,0.0,3.7,0.143,0.1091319959869766,,backup,2026-09-06T20:32:23+00:00
2026,1,401872657,00-0037057,Keir Thomas II,LAR,SF,LB,0.0,0.0,0.0,0.0,0.0,0.0,0.0,0.0,0.0,0.0,0.0,0.0,0.0,0.0,0.0,0.0,0.0,0.0,0.0,0.0,0.0,0.0,0.0,Injured Reserve,backup,2026-09-06T20:32:23+00:00
2026,1,401872657,00-0037587,Nate Landman,LAR,SF,LB,0.0,0.0,0.0,0.0,0.0,0.0,0.0,0.0,0.0,0.0,0.0,0.0,0.0,0.0,0.0,0.0,0.0,0.0,0.0,0.0,0.0,0.0,0.0,,roster_only,2026-09-06T20:32:23+00:00
2026,1,401872657,00-0039774,Omar Speights,LAR,SF,LB,0.0,0.0,0.0,0.0,0.0,0.0,0.0,0.0,0.0,0.0,0.0,0.0,0.0,0.0,0.0,0.0,0.0,0.0,0.0,0.0,0.0,0.0,0.0,,roster_only,2026-09-06T20:32:23+00:00
2026,1,401872657,00-0040613,Shaun Dolac,LAR,SF,LB,0.0,0.0,0.0,0.0,0.0,0.0,0.0,0.0,0.0,0.0,0.0,0.0,0.0,0.0,0.0,0.0,0.0,0.0,0.0,0.0,0.0,0.0,0.0,,roster_only,2026-09-06T20:32:23+00:00
2026,1,401872657,00-0041404,Wesley Bailey,LAR,SF,LB,0.0,0.0,0.0,0.0,0.0,0.0,0.0,0.0,0.0,0.0,0.0,0.0,0.0,0.0,0.0,0.0,0.0,0.0,1.1,0.0,4.6,0.13,0.1014316541948113,,backup,2026-09-06T20:32:23+00:00
2026,1,401872657,00-0039498,Harrison Mevis,LAR,SF,PK,0.0,0.0,0.0,0.0,0.0,0.0,0.0,0.0,0.0,0.0,0.0,0.0,0.0,0.0,0.0,7.5,3.0,12.8,0.0,0.0,0.0,0.0,0.0,Active,starter,2026-09-06T20:32:23+00:00
2026,1,401872657,00-0041414,Matthew Caldwell,LAR,SF,QB,0.0,0.0,0.0,0.0,0.0,0.0,0.0,0.0,0.0,0.0,0.0,0.0,0.0,0.0,0.0,0.0,0.0,0.0,0.0,0.0,0.0,0.0,0.0,Injured Reserve,backup,2026-09-06T20:32:23+00:00
2026,1,401872657,00-0026498,Matthew Stafford,LAR,SF,QB,264.9,173.7,371.0,1.879,0.847474923980142,3.0,-7.1,19.0,0.1,0.092609793292759,0.0,0.0,0.0,0.0,0.0,0.0,0.0,0.0,0.0,0.0,0.0,0.0,0.0,Active,starter,2026-09-06T20:32:23+00:00
2026,1,401872657,00-0039107,Stetson Bennett IV,LAR,SF,QB,0.0,0.0,0.0,0.0,0.0,7.2,-8.5,31.9,0.206,0.182687324489732,0.0,0.0,0.0,0.0,0.0,0.0,0.0,0.0,0.0,0.0,0.0,0.0,0.0,Active,backup,2026-09-06T20:32:23+00:00
2026,1,401872657,00-0041568,Ty Simpson,LAR,SF,QB,0.0,0.0,0.0,0.0,0.0,7.1,-8.6,31.8,0.206,0.182687324489732,0.0,0.0,0.0,0.0,0.0,0.0,0.0,0.0,0.0,0.0,0.0,0.0,0.0,Active,backup,2026-09-06T20:32:23+00:00
2026,1,401872657,00-0039738,Blake Corum,LAR,SF,RB,0.0,0.0,0.0,0.0,0.0,23.6,2.7,56.4,0.464,0.3682373472949389,1.5,-12.4,33.0,0.045,0.0424710424710424,0.0,0.0,0.0,0.0,0.0,0.0,0.0,0.0,Active,backup,2026-09-06T20:32:23+00:00
2026,1,401872657,00-0041415,Dean Connors,LAR,SF,RB,0.0,0.0,0.0,0.0,0.0,0.0,0.0,0.0,0.0,0.0,0.0,0.0,0.0,0.0,0.0,0.0,0.0,0.0,0.0,0.0,0.0,0.0,0.0,,roster_only,2026-09-06T20:32:23+00:00
2026,1,401872657,00-0040601,Jordan Waters,LAR,SF,RB,0.0,0.0,0.0,0.0,0.0,0.0,0.0,0.0,0.0,0.0,0.0,0.0,0.0,0.0,0.0,0.0,0.0,0.0,0.0,0.0,0.0,0.0,0.0,,roster_only,2026-09-06T20:32:23+00:00
2026,1,401872657,00-0037840,Kyren Williams,LAR,SF,RB,0.0,0.0,0.0,0.0,0.0,57.9,37.0,90.7,0.464,0.3682373472949389,14.1,0.2,45.7,0.15,0.1325242042058427,0.0,0.0,0.0,0.0,0.0,0.0,0.0,0.0,Active,starter,2026-09-06T20:32:23+00:00
2026,1,401872657,00-0037557,Ronnie Rivers,LAR,SF,RB,0.0,0.0,0.0,0.0,0.0,7.0,-3.1,23.0,0.166,0.1452946926988756,0.0,-14.9,30.5,0.045,0.0424710424710424,0.0,0.0,0.0,0.0,0.0,0.0,0.0,0.0,,backup,2026-09-06T20:32:23+00:00
2026,1,401872657,00-0039776,Jaylen McCollough,LAR,SF,S,0.0,0.0,0.0,0.0,0.0,0.0,0.0,0.0,0.0,0.0,0.0,0.0,0.0,0.0,0.0,0.0,0.0,0.0,2.4,0.0,6.0,0.017,0.0150604633675089,,backup,2026-09-06T20:32:23+00:00
2026,1,401872657,00-0036349,Kam Curl,LAR,SF,S,0.0,0.0,0.0,0.0,0.0,0.0,0.0,0.0,0.0,0.0,0.0,0.0,0.0,0.0,0.0,0.0,0.0,0.0,6.0,3.2,9.4,0.027,0.0233862588450488,,starter,2026-09-06T20:32:23+00:00
2026,1,401872657,00-0039834,Kamren Kinchens,LAR,SF,S,0.0,0.0,0.0,0.0,0.0,0.0,0.0,0.0,0.0,0.0,0.0,0.0,0.0,0.0,0.0,0.0,0.0,0.0,4.8,2.5,7.4,0.016,0.0137029765283181,,starter,2026-09-06T20:32:23+00:00
2026,1,401872657,00-0041413,Nick Andersen,LAR,SF,S,0.0,0.0,0.0,0.0,0.0,0.0,0.0,0.0,0.0,0.0,0.0,0.0,0.0,0.0,0.0,0.0,0.0,0.0,0.0,0.0,0.0,0.0,0.0,,roster_only,2026-09-06T20:32:23+00:00
2026,1,401872657,00-0037841,Quentin Lake,LAR,SF,S,0.0,0.0,0.0,0.0,0.0,0.0,0.0,0.0,0.0,0.0,0.0,0.0,0.0,0.0,0.0,0.0,0.0,0.0,5.3,2.4,8.6,0.025,0.0214819623300344,,starter,2026-09-06T20:32:23+00:00
2026,1,401872657,00-0038366,Tanner Ingle,LAR,SF,S,0.0,0.0,0.0,0.0,0.0,0.0,0.0,0.0,0.0,0.0,0.0,0.0,0.0,0.0,0.0,0.0,0.0,0.0,0.0,0.0,0.0,0.0,0.0,,roster_only,2026-09-06T20:32:23+00:00
2026,1,401872657,00-0036244,Colby Parkinson,LAR,SF,TE,0.0,0.0,0.0,0.0,0.0,0.0,-10.4,15.8,0.008,0.0071864111498257,24.2,6.7,64.0,0.286,0.258841648923227,0.0,0.0,0.0,0.0,0.0,0.0,0.0,0.0,Active,starter,2026-09-06T20:32:23+00:00
2026,1,401872657,00-0041422,Dan Villari,LAR,SF,TE,0.0,0.0,0.0,0.0,0.0,0.0,0.0,0.0,0.0,0.0,0.0,0.0,0.0,0.0,0.0,0.0,0.0,0.0,0.0,0.0,0.0,0.0,0.0,,roster_only,2026-09-06T20:32:23+00:00
2026,1,401872657,00-0039074,Davis Allen,LAR,SF,TE,0.0,0.0,0.0,0.0,0.0,0.0,-10.5,15.7,0.008,0.0071864111498257,8.1,-5.8,39.7,0.191,0.1723127903100834,0.0,0.0,0.0,0.0,0.0,0.0,0.0,0.0,Questionable,backup,2026-09-06T20:32:23+00:00
2026,1,401872657,00-0041510,Max Klare,LAR,SF,TE,0.0,0.0,0.0,0.0,0.0,0.0,-14.2,21.7,0.008,0.0071864111498257,2.7,-16.4,46.1,0.144,0.1254295520316009,0.0,0.0,0.0,0.0,0.0,0.0,0.0,0.0,Active,backup,2026-09-06T20:32:23+00:00
2026,1,401872657,00-0040737,Terrance Ferguson,LAR,SF,TE,0.0,0.0,0.0,0.0,0.0,0.0,-10.4,15.7,0.008,0.0071864111498257,9.9,-4.1,41.4,0.196,0.1770150375901736,0.0,0.0,0.0,0.0,0.0,0.0,0.0,0.0,Questionable,backup,2026-09-06T20:32:23+00:00
2026,1,401872657,00-0033110,Tyler Higbee,LAR,SF,TE,0.0,0.0,0.0,0.0,0.0,0.0,-10.4,15.8,0.008,0.0071864111498257,16.2,2.3,47.7,0.266,0.2398927556851387,0.0,0.0,0.0,0.0,0.0,0.0,0.0,0.0,,backup,2026-09-06T20:32:23+00:00
2026,1,401872657,00-0035602,Alex Bachman,LAR,SF,WR,0.0,0.0,0.0,0.0,0.0,0.0,0.0,0.0,0.0,0.0,0.0,0.0,0.0,0.0,0.0,0.0,0.0,0.0,0.0,0.0,0.0,0.0,0.0,,roster_only,2026-09-06T20:32:23+00:00
2026,1,401872657,00-0040597,Brennan Presley,LAR,SF,WR,0.0,0.0,0.0,0.0,0.0,0.0,0.0,0.0,0.0,0.0,0.0,0.0,0.0,0.0,0.0,0.0,0.0,0.0,0.0,0.0,0.0,0.0,0.0,,roster_only,2026-09-06T20:32:23+00:00
2026,1,401872657,00-0041399,CJ Daniels,LAR,SF,WR,0.0,0.0,0.0,0.0,0.0,0.0,-14.1,21.8,0.009,0.0073751623058182,4.6,-14.5,48.0,0.115,0.0943708515105892,0.0,0.0,0.0,0.0,0.0,0.0,0.0,0.0,Active,backup,2026-09-06T20:32:23+00:00
2026,1,401872657,00-0031381,Davante Adams,LAR,SF,WR,0.0,0.0,0.0,0.0,0.0,0.0,-10.5,15.7,0.009,0.0073751623058182,43.0,18.9,97.8,0.367,0.3343079499597494,0.0,0.0,0.0,0.0,0.0,0.0,0.0,0.0,Active,backup,2026-09-06T20:32:23+00:00
2026,1,401872657,00-0039751,Jordan Whittington,LAR,SF,WR,0.0,0.0,0.0,0.0,0.0,0.0,-10.3,15.8,0.009,0.0073751623058182,3.2,-10.8,34.7,0.067,0.0667000930844403,0.0,0.0,0.0,0.0,0.0,0.0,0.0,0.0,Active,backup,2026-09-06T20:32:23+00:00
2026,1,401872657,00-0040590,Konata Mumpfield,LAR,SF,WR,0.0,0.0,0.0,0.0,0.0,0.0,-10.3,15.9,0.009,0.0073751623058182,13.6,-10.6,68.3,0.194,0.1749624501384972,0.0,0.0,0.0,0.0,0.0,0.0,0.0,0.0,,backup,2026-09-06T20:32:23+00:00
2026,1,401872657,00-0039075,Puka Nacua,LAR,SF,WR,0.0,0.0,0.0,0.0,0.0,1.1,-9.1,17.0,0.015,0.0132982847574194,62.5,38.3,117.3,0.414,0.3423597678916827,0.0,0.0,0.0,0.0,0.0,0.0,0.0,0.0,Questionable,starter,2026-09-06T20:32:23+00:00
2026,1,401872657,00-0036849,Tutu Atwell,LAR,SF,WR,0.0,0.0,0.0,0.0,0.0,0.0,-10.2,15.9,0.009,0.0073751623058182,7.3,-6.6,38.8,0.135,0.1153152807446425,0.0,0.0,0.0,0.0,0.0,0.0,0.0,0.0,,backup,2026-09-06T20:32:23+00:00
2026,1,401872657,00-0038359,Xavier Smith,LAR,SF,WR,0.0,0.0,0.0,0.0,0.0,0.0,-10.3,15.9,0.009,0.0073751623058182,15.1,1.2,46.7,0.173,0.1566198117626527,0.0,0.0,0.0,0.0,0.0,0.0,0.0,0.0,,backup,2026-09-06T20:32:23+00:00
2026,1,401872657,00-0039333,Brandon Codrington,SF,LAR,CB,0.0,0.0,0.0,0.0,0.0,0.0,0.0,0.0,0.0,0.0,0.0,0.0,0.0,0.0,0.0,0.0,0.0,0.0,0.0,0.0,0.0,0.0,0.0,,roster_only,2026-09-06T20:32:23+00:00
2026,1,401872657,00-0036563,Deommodore Lenoir,SF,LAR,CB,0.0,0.0,0.0,0.0,0.0,0.0,0.0,0.0,0.0,0.0,0.0,0.0,0.0,0.0,0.0,0.0,0.0,0.0,4.0,1.2,7.4,0.018,0.0157343375774089,,starter,2026-09-06T20:32:23+00:00
2026,1,401872657,00-0041068,Ephesians Prysock,SF,LAR,CB,0.0,0.0,0.0,0.0,0.0,0.0,0.0,0.0,0.0,0.0,0.0,0.0,0.0,0.0,0.0,0.0,0.0,0.0,1.8,0.0,5.8,0.015,0.0122161525911157,Questionable,backup,2026-09-06T20:32:23+00:00
2026,1,401872657,00-0038039,Jack Jones,SF,LAR,CB,0.0,0.0,0.0,0.0,0.0,0.0,0.0,0.0,0.0,0.0,0.0,0.0,0.0,0.0,0.0,0.0,0.0,0.0,2.7,0.1,6.3,0.007,0.0058726521269699,,backup,2026-09-06T20:32:23+00:00
2026,1,401872657,00-0040559,Jakob Robinson,SF,LAR,CB,0.0,0.0,0.0,0.0,0.0,0.0,0.0,0.0,0.0,0.0,0.0,0.0,0.0,0.0,0.0,0.0,0.0,0.0,0.0,0.0,0.0,0.0,0.0,,roster_only,2026-09-06T20:32:23+00:00
2026,1,401872657,00-0036871,Nate Hobbs,SF,LAR,CB,0.0,0.0,0.0,0.0,0.0,0.0,0.0,0.0,0.0,0.0,0.0,0.0,0.0,0.0,0.0,0.0,0.0,0.0,0.0,0.0,0.0,0.0,0.0,Injured Reserve,backup,2026-09-06T20:32:23+00:00
2026,1,401872657,00-0039345,Renardo Green,SF,LAR,CB,0.0,0.0,0.0,0.0,0.0,0.0,0.0,0.0,0.0,0.0,0.0,0.0,0.0,0.0,0.0,0.0,0.0,0.0,4.3,1.5,7.7,0.016,0.0137029765283181,,starter,2026-09-06T20:32:23+00:00
2026,1,401872657,00-0034391,Siran Neal,SF,LAR,CB,0.0,0.0,0.0,0.0,0.0,0.0,0.0,0.0,0.0,0.0,0.0,0.0,0.0,0.0,0.0,0.0,0.0,0.0,0.7,0.0,3.1,0.004,0.0038797284190106,,backup,2026-09-06T20:32:23+00:00
2026,1,401872657,00-0040152,Upton Stout,SF,LAR,CB,0.0,0.0,0.0,0.0,0.0,0.0,0.0,0.0,0.0,0.0,0.0,0.0,0.0,0.0,0.0,0.0,0.0,0.0,5.1,2.8,7.7,0.019,0.0162355569664215,,starter,2026-09-06T20:32:23+00:00
2026,1,401872657,00-0038865,Andrew Farmer II,SF,LAR,DE,0.0,0.0,0.0,0.0,0.0,0.0,0.0,0.0,0.0,0.0,0.0,0.0,0.0,0.0,0.0,0.0,0.0,0.0,0.0,0.0,0.0,0.0,0.0,,backup,2026-09-06T20:32:23+00:00
2026,1,401872657,00-0039148,Keion White,SF,LAR,DE,0.0,0.0,0.0,0.0,0.0,0.0,0.0,0.0,0.0,0.0,0.0,0.0,0.0,0.0,0.0,0.0,0.0,0.0,1.8,0.0,4.3,0.168,0.1263319451735161,,starter,2026-09-06T20:32:23+00:00
2026,1,401872657,00-0041360,Mikail Kamara,SF,LAR,DE,0.0,0.0,0.0,0.0,0.0,0.0,0.0,0.0,0.0,0.0,0.0,0.0,0.0,0.0,0.0,0.0,0.0,0.0,0.0,0.0,0.0,0.0,0.0,,backup,2026-09-06T20:32:23+00:00
2026,1,401872657,00-0040660,Mykel Williams,SF,LAR,DE,0.0,0.0,0.0,0.0,0.0,0.0,0.0,0.0,0.0,0.0,0.0,0.0,0.0,0.0,0.0,0.0,0.0,0.0,0.0,0.0,0.0,0.0,0.0,Out,backup,2026-09-06T20:32:23+00:00
2026,1,401872657,00-0035717,Nick Bosa,SF,LAR,DE,0.0,0.0,0.0,0.0,0.0,0.0,0.0,0.0,0.0,0.0,0.0,0.0,0.0,0.0,0.0,0.0,0.0,0.0,3.5,1.5,5.9,0.436,0.3200775945683802,Questionable,starter,2026-09-06T20:32:23+00:00
2026,1,401872657,00-0041556,Romello Height,SF,LAR,DE,0.0,0.0,0.0,0.0,0.0,0.0,0.0,0.0,0.0,0.0,0.0,0.0,0.0,0.0,0.0,0.0,0.0,0.0,1.1,0.0,4.6,0.213,0.168323308522081,,backup,2026-09-06T20:32:23+00:00
2026,1,401872657,00-0040950,Vincent Anthony Jr.,SF,LAR,DE,0.0,0.0,0.0,0.0,0.0,0.0,0.0,0.0,0.0,0.0,0.0,0.0,0.0,0.0,0.0,0.0,0.0,0.0,0.0,0.0,0.0,0.0,0.0,,roster_only,2026-09-06T20:32:23+00:00
2026,1,401872657,00-0036341,Khalid Kareem,SF,LAR,DL,0.0,0.0,0.0,0.0,0.0,0.0,0.0,0.0,0.0,0.0,0.0,0.0,0.0,0.0,0.0,0.0,0.0,0.0,1.1,0.0,3.5,0.062,0.0519194095463137,,backup,2026-09-06T20:32:23+00:00
2026,1,401872657,00-0040721,Alfred Collins,SF,LAR,DT,0.0,0.0,0.0,0.0,0.0,0.0,0.0,0.0,0.0,0.0,0.0,0.0,0.0,0.0,0.0,0.0,0.0,0.0,1.7,0.0,4.2,0.167,0.1252505793213438,,starter,2026-09-06T20:32:23+00:00
2026,1,401872657,00-0040711,C.J. West,SF,LAR,DT,0.0,0.0,0.0,0.0,0.0,0.0,0.0,0.0,0.0,0.0,0.0,0.0,0.0,0.0,0.0,0.0,0.0,0.0,1.5,0.0,4.0,0.095,0.0758571022965196,,starter,2026-09-06T20:32:23+00:00
2026,1,401872657,00-0041557,Gracen Halton,SF,LAR,DT,0.0,0.0,0.0,0.0,0.0,0.0,0.0,0.0,0.0,0.0,0.0,0.0,0.0,0.0,0.0,0.0,0.0,0.0,1.1,0.0,4.6,0.213,0.168323308522081,,backup,2026-09-06T20:32:23+00:00
2026,1,401872657,THO581952,James Thompson Jr.,SF,LAR,DT,0.0,0.0,0.0,0.0,0.0,0.0,0.0,0.0,0.0,0.0,0.0,0.0,0.0,0.0,0.0,0.0,0.0,0.0,1.1,0.0,4.6,0.213,0.168323308522081,,backup,2026-09-06T20:32:23+00:00
2026,1,401872657,00-0035026,Kevin Givens,SF,LAR,DT,0.0,0.0,0.0,0.0,0.0,0.0,0.0,0.0,0.0,0.0,0.0,0.0,0.0,0.0,0.0,0.0,0.0,0.0,0.0,0.0,0.0,0.0,0.0,,roster_only,2026-09-06T20:32:23+00:00
2026,1,401872657,00-0036942,Osa Odighizuwa,SF,LAR,DT,0.0,0.0,0.0,0.0,0.0,0.0,0.0,0.0,0.0,0.0,0.0,0.0,0.0,0.0,0.0,0.0,0.0,0.0,2.0,0.0,4.9,0.198,0.1546629583785964,,starter,2026-09-06T20:32:23+00:00
2026,1,401872657,00-0037602,Sam Okuayinonu,SF,LAR,DT,0.0,0.0,0.0,0.0,0.0,0.0,0.0,0.0,0.0,0.0,0.0,0.0,0.0,0.0,0.0,0.0,0.0,0.0,0.0,0.0,0.0,0.0,0.0,Injured Reserve,backup,2026-09-06T20:32:23+00:00
2026,1,401872657,00-0040560,Sebastian Valdez,SF,LAR,DT,0.0,0.0,0.0,0.0,0.0,0.0,0.0,0.0,0.0,0.0,0.0,0.0,0.0,0.0,0.0,0.0,0.0,0.0,0.0,0.0,0.0,0.0,0.0,,roster_only,2026-09-06T20:32:23+00:00
2026,1,401872657,00-0029892,Kyle Juszczyk,SF,LAR,FB,0.0,0.0,0.0,0.0,0.0,0.0,-10.2,15.9,0.01,0.0083996321644558,10.2,-3.7,41.8,0.249,0.2247517042534755,0.0,0.0,0.0,0.0,0.0,0.0,0.0,0.0,Questionable,starter,2026-09-06T20:32:23+00:00
2026,1,401872657,00-0034982,Dre Greenlaw,SF,LAR,LB,0.0,0.0,0.0,0.0,0.0,0.0,0.0,0.0,0.0,0.0,0.0,0.0,0.0,0.0,0.0,0.0,0.0,0.0,0.0,0.0,0.0,0.0,0.0,,roster_only,2026-09-06T20:32:23+00:00
2026,1,401872657,00-0034815,Fred Warner,SF,LAR,LB,0.0,0.0,0.0,0.0,0.0,0.0,0.0,0.0,0.0,0.0,0.0,0.0,0.0,0.0,0.0,0.0,0.0,0.0,0.0,0.0,0.0,0.0,0.0,,roster_only,2026-09-06T20:32:23+00:00
2026,1,401872657,00-0036844,Garret Wallow,SF,LAR,LB,0.0,0.0,0.0,0.0,0.0,0.0,0.0,0.0,0.0,0.0,0.0,0.0,0.0,0.0,0.0,0.0,0.0,0.0,0.0,0.0,0.0,0.0,0.0,,roster_only,2026-09-06T20:32:23+00:00
2026,1,401872657,00-0041078,Jaden Dugger,SF,LAR,LB,0.0,0.0,0.0,0.0,0.0,0.0,0.0,0.0,0.0,0.0,0.0,0.0,0.0,0.0,0.0,0.0,0.0,0.0,0.0,0.0,0.0,0.0,0.0,,roster_only,2026-09-06T20:32:23+00:00
2026,1,401872657,00-0038648,Jalen Graham,SF,LAR,LB,0.0,0.0,0.0,0.0,0.0,0.0,0.0,0.0,0.0,0.0,0.0,0.0,0.0,0.0,0.0,0.0,0.0,0.0,0.0,0.0,0.0,0.0,0.0,,roster_only,2026-09-06T20:32:23+00:00
2026,1,401872657,00-0035413,Luke Gifford,SF,LAR,LB,0.0,0.0,0.0,0.0,0.0,0.0,0.0,0.0,0.0,0.0,0.0,0.0,0.0,0.0,0.0,0.0,0.0,0.0,0.0,0.0,0.0,0.0,0.0,,roster_only,2026-09-06T20:32:23+00:00
2026,1,401872657,00-0040135,Nick Martin,SF,LAR,LB,0.0,0.0,0.0,0.0,0.0,0.0,0.0,0.0,0.0,0.0,0.0,0.0,0.0,0.0,0.0,0.0,0.0,0.0,0.0,0.0,0.0,0.0,0.0,Injured Reserve,roster_only,2026-09-06T20:32:23+00:00
2026,1,401872657,00-0034807,Ogbo Okoronkwo,SF,LAR,LB,0.0,0.0,0.0,0.0,0.0,0.0,0.0,0.0,0.0,0.0,0.0,0.0,0.0,0.0,0.0,0.0,0.0,0.0,0.0,0.0,0.0,0.0,0.0,,roster_only,2026-09-06T20:32:23+00:00
2026,1,401872657,00-0039435,Tatum Bethune,SF,LAR,LB,0.0,0.0,0.0,0.0,0.0,0.0,0.0,0.0,0.0,0.0,0.0,0.0,0.0,0.0,0.0,0.0,0.0,0.0,0.0,0.0,0.0,0.0,0.0,,roster_only,2026-09-06T20:32:23+00:00
2026,1,401872657,00-0034173,Eddy Pineiro,SF,LAR,PK,0.0,0.0,0.0,0.0,0.0,0.0,0.0,0.0,0.0,0.0,0.0,0.0,0.0,0.0,0.0,7.3,2.8,12.6,0.0,0.0,0.0,0.0,0.0,Active,starter,2026-09-06T20:32:23+00:00
2026,1,401872657,00-0037834,Brock Purdy,SF,LAR,QB,241.7,150.5,347.8,1.628,0.8125,8.3,-3.1,26.3,0.269,0.2520319192934402,0.0,0.0,0.0,0.0,0.0,0.0,0.0,0.0,0.0,0.0,0.0,0.0,0.0,Active,starter,2026-09-06T20:32:23+00:00
2026,1,401872657,00-0040589,Kurtis Rourke,SF,LAR,QB,0.0,0.0,0.0,0.0,0.0,5.8,-9.9,30.5,0.214,0.1921841589927806,0.0,0.0,0.0,0.0,0.0,0.0,0.0,0.0,0.0,0.0,0.0,0.0,0.0,,backup,2026-09-06T20:32:23+00:00
2026,1,401872657,00-0036972,Mac Jones,SF,LAR,QB,0.0,0.0,0.0,0.0,0.0,4.8,-6.7,22.7,0.182,0.1576384983327521,0.0,0.0,0.0,0.0,0.0,0.0,0.0,0.0,0.0,0.0,0.0,0.0,0.0,Active,backup,2026-09-06T20:32:23+00:00
2026,1,401872657,00-0033280,Christian McCaffrey,SF,LAR,RB,0.0,0.0,0.0,0.0,0.0,63.4,42.6,96.2,0.464,0.3682373472949389,37.6,23.7,69.1,0.414,0.3423597678916827,0.0,0.0,0.0,0.0,0.0,0.0,0.0,0.0,Questionable,starter,2026-09-06T20:32:23+00:00
2026,1,401872657,00-0039363,Isaac Guerendo,SF,LAR,RB,0.0,0.0,0.0,0.0,0.0,0.0,0.0,0.0,0.0,0.0,0.0,0.0,0.0,0.0,0.0,0.0,0.0,0.0,0.0,0.0,0.0,0.0,0.0,Out,backup,2026-09-06T20:32:23+00:00
2026,1,401872657,00-0040177,Jordan James,SF,LAR,RB,0.0,0.0,0.0,0.0,0.0,4.8,-23.8,49.9,0.125,0.1127850343188997,0.0,-20.1,42.4,0.108,0.0931769834438926,0.0,0.0,0.0,0.0,0.0,0.0,0.0,0.0,Active,backup,2026-09-06T20:32:23+00:00
2026,1,401872657,00-0041052,Kaelon Black,SF,LAR,RB,0.0,0.0,0.0,0.0,0.0,9.6,-19.0,54.7,0.156,0.1376693320133052,1.6,-17.6,44.9,0.129,0.1077982039992358,0.0,0.0,0.0,0.0,0.0,0.0,0.0,0.0,Active,backup,2026-09-06T20:32:23+00:00
2026,1,401872657,00-0037509,Sincere McCormick,SF,LAR,RB,0.0,0.0,0.0,0.0,0.0,0.0,0.0,0.0,0.0,0.0,0.0,0.0,0.0,0.0,0.0,0.0,0.0,0.0,0.0,0.0,0.0,0.0,0.0,,roster_only,2026-09-06T20:32:23+00:00
2026,1,401872657,00-0036329,Ashtyn Davis,SF,LAR,S,0.0,0.0,0.0,0.0,0.0,0.0,0.0,0.0,0.0,0.0,0.0,0.0,0.0,0.0,0.0,0.0,0.0,0.0,2.0,0.0,5.6,0.014,0.0112918340239799,,backup,2026-09-06T20:32:23+00:00
2026,1,401872657,00-0036638,Darrick Forrest,SF,LAR,S,0.0,0.0,0.0,0.0,0.0,0.0,0.0,0.0,0.0,0.0,0.0,0.0,0.0,0.0,0.0,0.0,0.0,0.0,0.0,0.0,0.0,0.0,0.0,,backup,2026-09-06T20:32:23+00:00
2026,1,401872657,00-0041362,Jalen Stroman,SF,LAR,S,0.0,0.0,0.0,0.0,0.0,0.0,0.0,0.0,0.0,0.0,0.0,0.0,0.0,0.0,0.0,0.0,0.0,0.0,0.0,0.0,0.0,0.0,0.0,,roster_only,2026-09-06T20:32:23+00:00
2026,1,401872657,00-0038554,Ji'Ayir Brown,SF,LAR,S,0.0,0.0,0.0,0.0,0.0,0.0,0.0,0.0,0.0,0.0,0.0,0.0,0.0,0.0,0.0,0.0,0.0,0.0,5.2,2.4,8.5,0.016,0.0143873049826723,,starter,2026-09-06T20:32:23+00:00
2026,1,401872657,00-0039360,Malik Mustapha,SF,LAR,S,0.0,0.0,0.0,0.0,0.0,0.0,0.0,0.0,0.0,0.0,0.0,0.0,0.0,0.0,0.0,0.0,0.0,0.0,6.0,3.3,9.4,0.016,0.0137029765283181,,starter,2026-09-06T20:32:23+00:00
2026,1,401872657,00-0040185,Marques Sigle,SF,LAR,S,0.0,0.0,0.0,0.0,0.0,0.0,0.0,0.0,0.0,0.0,0.0,0.0,0.0,0.0,0.0,0.0,0.0,0.0,0.8,0.0,3.2,0.01,0.0084809568130431,,backup,2026-09-06T20:32:23+00:00
2026,1,401872657,00-0038643,Brayden Willis,SF,LAR,TE,0.0,0.0,0.0,0.0,0.0,0.0,-10.4,15.7,0.008,0.0071864111498257,0.0,-15.7,29.8,0.045,0.0424710424710424,0.0,0.0,0.0,0.0,0.0,0.0,0.0,0.0,Questionable,backup,2026-09-06T20:32:23+00:00
2026,1,401872657,00-0033288,George Kittle,SF,LAR,TE,0.0,0.0,0.0,0.0,0.0,0.0,-10.4,15.7,0.008,0.0071864111498257,43.8,26.2,83.5,0.414,0.3423597678916827,0.0,0.0,0.0,0.0,0.0,0.0,0.0,0.0,Questionable,starter,2026-09-06T20:32:23+00:00
2026,1,401872657,00-0037112,Jake Tonges,SF,LAR,TE,0.0,0.0,0.0,0.0,0.0,0.0,-10.4,15.7,0.008,0.0071864111498257,17.8,3.8,49.3,0.341,0.3107543701822483,0.0,0.0,0.0,0.0,0.0,0.0,0.0,0.0,,backup,2026-09-06T20:32:23+00:00
2026,1,401872657,00-0036887,Luke Farrell,SF,LAR,TE,0.0,0.0,0.0,0.0,0.0,0.0,-10.5,15.7,0.009,0.0071864111498257,1.4,-12.5,32.9,0.166,0.1506410993105916,0.0,0.0,0.0,0.0,0.0,0.0,0.0,0.0,,backup,2026-09-06T20:32:23+00:00
2026,1,401872657,00-0036261,Brandon Aiyuk,SF,LAR,WR,0.0,0.0,0.0,0.0,0.0,0.0,0.0,0.0,0.0,0.0,0.0,0.0,0.0,0.0,0.0,0.0,0.0,0.0,0.0,0.0,0.0,0.0,0.0,,backup,2026-09-06T20:32:23+00:00
2026,1,401872657,00-0034775,Christian Kirk,SF,LAR,WR,0.0,0.0,0.0,0.0,0.0,0.0,0.0,0.0,0.0,0.0,0.0,0.0,0.0,0.0,0.0,0.0,0.0,0.0,0.0,0.0,0.0,0.0,0.0,Injured Reserve,backup,2026-09-06T20:32:23+00:00
2026,1,401872657,00-0041035,De'Zhaun Stribling,SF,LAR,WR,0.0,0.0,0.0,0.0,0.0,0.0,-14.2,21.7,0.012,0.0101280778522587,4.5,-14.6,47.9,0.176,0.1596141605928404,0.0,0.0,0.0,0.0,0.0,0.0,0.0,0.0,Questionable,backup,2026-09-06T20:32:23+00:00
2026,1,401872657,00-0035719,Deebo Samuel Sr.,SF,LAR,WR,0.0,0.0,0.0,0.0,0.0,3.5,-6.7,19.5,0.083,0.0780356452009358,32.8,8.6,87.6,0.376,0.3419703469057806,0.0,0.0,0.0,0.0,0.0,0.0,0.0,0.0,Active,backup,2026-09-06T20:32:23+00:00
2026,1,401872657,00-0032775,Demarcus Robinson,SF,LAR,WR,0.0,0.0,0.0,0.0,0.0,0.0,-10.4,15.8,0.012,0.0101280778522587,9.6,-4.3,41.2,0.21,0.1881647586659367,0.0,0.0,0.0,0.0,0.0,0.0,0.0,0.0,,backup,2026-09-06T20:32:23+00:00
2026,1,401872657,00-0039365,Jacob Cowing,SF,LAR,WR,0.0,0.0,0.0,0.0,0.0,1.4,-8.7,17.4,0.012,0.0101280778522587,4.8,-9.1,36.3,0.203,0.1824306059125031,0.0,0.0,0.0,0.0,0.0,0.0,0.0,0.0,,backup,2026-09-06T20:32:23+00:00
2026,1,401872657,00-0040172,Jordan Watkins,SF,LAR,WR,0.0,0.0,0.0,0.0,0.0,0.0,-11.3,17.4,0.012,0.0101280778522587,3.3,-12.1,38.0,0.106,0.0927651792022867,0.0,0.0,0.0,0.0,0.0,0.0,0.0,0.0,Active,backup,2026-09-06T20:32:23+00:00
2026,1,401872657,00-0034854,KhaDarel Hodge,SF,LAR,WR,0.0,0.0,0.0,0.0,0.0,0.0,0.0,0.0,0.0,0.0,0.0,0.0,0.0,0.0,0.0,0.0,0.0,0.0,0.0,0.0,0.0,0.0,0.0,,roster_only,2026-09-06T20:32:23+00:00
2026,1,401872657,00-0031408,Mike Evans,SF,LAR,WR,0.0,0.0,0.0,0.0,0.0,0.0,-10.4,15.7,0.012,0.0101280778522587,51.1,26.9,105.9,0.414,0.3423597678916827,0.0,0.0,0.0,0.0,0.0,0.0,0.0,0.0,Questionable,starter,2026-09-06T20:32:23+00:00
2026,1,401872657,00-0039916,Ricky Pearsall,SF,LAR,WR,0.0,0.0,0.0,0.0,0.0,0.0,0.0,0.0,0.0,0.0,0.0,0.0,0.0,0.0,0.0,0.0,0.0,0.0,0.0,0.0,0.0,0.0,0.0,,backup,2026-09-06T20:32:23+00:00
2026,1,401872657,00-0041359,Wesley Grimes,SF,LAR,WR,0.0,0.0,0.0,0.0,0.0,0.0,0.0,0.0,0.0,0.0,0.0,0.0,0.0,0.0,0.0,0.0,0.0,0.0,0.0,0.0,0.0,0.0,0.0,,roster_only,2026-09-06T20:32:23+00:00
2026,1,401872657,00-0041361,Will Pauling,SF,LAR,WR,0.0,0.0,0.0,0.0,0.0,0.0,0.0,0.0,0.0,0.0,0.0,0.0,0.0,0.0,0.0,0.0,0.0,0.0,0.0,0.0,0.0,0.0,0.0,,roster_only,2026-09-06T20:32:23+00:00
2026,1,401872658,00-0036285,A.J. Terrell Jr.,ATL,PIT,CB,0.0,0.0,0.0,0.0,0.0,0.0,0.0,0.0,0.0,0.0,0.0,0.0,0.0,0.0,0.0,0.0,0.0,0.0,3.8,1.1,7.3,0.016,0.0137029765283181,,starter,2026-09-06T20:32:23+00:00
2026,1,401872658,00-0041469,Avieon Terrell,ATL,PIT,CB,0.0,0.0,0.0,0.0,0.0,0.0,0.0,0.0,0.0,0.0,0.0,0.0,0.0,0.0,0.0,0.0,0.0,0.0,1.8,0.0,5.8,0.015,0.01226765870802,,backup,2026-09-06T20:32:23+00:00
2026,1,401872658,00-0040156,Billy Bowman Jr.,ATL,PIT,CB,0.0,0.0,0.0,0.0,0.0,0.0,0.0,0.0,0.0,0.0,0.0,0.0,0.0,0.0,0.0,0.0,0.0,0.0,3.7,1.0,7.2,0.021,0.0184499883641982,Questionable,starter,2026-09-06T20:32:23+00:00
2026,1,401872658,00-0036281,C.J. Henderson,ATL,PIT,CB,0.0,0.0,0.0,0.0,0.0,0.0,0.0,0.0,0.0,0.0,0.0,0.0,0.0,0.0,0.0,0.0,0.0,0.0,2.6,0.5,5.3,0.019,0.0165335777059454,,backup,2026-09-06T20:32:23+00:00
2026,1,401872658,00-0036394,Darnay Holmes,ATL,PIT,CB,0.0,0.0,0.0,0.0,0.0,0.0,0.0,0.0,0.0,0.0,0.0,0.0,0.0,0.0,0.0,0.0,0.0,0.0,0.0,0.0,0.0,0.0,0.0,,roster_only,2026-09-06T20:32:23+00:00
2026,1,401872658,00-0041188,Malcolm DeWalt IV,ATL,PIT,CB,0.0,0.0,0.0,0.0,0.0,0.0,0.0,0.0,0.0,0.0,0.0,0.0,0.0,0.0,0.0,0.0,0.0,0.0,1.8,0.0,5.8,0.015,0.01226765870802,,backup,2026-09-06T20:32:23+00:00
2026,1,401872658,00-0034639,Mike Ford Jr.,ATL,PIT,CB,0.0,0.0,0.0,0.0,0.0,0.0,0.0,0.0,0.0,0.0,0.0,0.0,0.0,0.0,0.0,0.0,0.0,0.0,0.7,0.0,3.2,0.004,0.0038797284190106,,backup,2026-09-06T20:32:23+00:00
2026,1,401872658,00-0034843,Mike Hughes,ATL,PIT,CB,0.0,0.0,0.0,0.0,0.0,0.0,0.0,0.0,0.0,0.0,0.0,0.0,0.0,0.0,0.0,0.0,0.0,0.0,3.1,0.4,6.6,0.013,0.0106281493542216,,starter,2026-09-06T20:32:23+00:00
2026,1,401872658,00-0037815,Cameron Thomas,ATL,PIT,DE,0.0,0.0,0.0,0.0,0.0,0.0,0.0,0.0,0.0,0.0,0.0,0.0,0.0,0.0,0.0,0.0,0.0,0.0,1.1,0.0,3.7,0.103,0.0827010765159088,,backup,2026-09-06T20:32:23+00:00
2026,1,401872658,00-0038462,Keshawn Banks,ATL,PIT,DE,0.0,0.0,0.0,0.0,0.0,0.0,0.0,0.0,0.0,0.0,0.0,0.0,0.0,0.0,0.0,0.0,0.0,0.0,0.0,0.0,0.0,0.0,0.0,Injured Reserve,backup,2026-09-06T20:32:23+00:00
2026,1,401872658,00-0036204,LaCale London,ATL,PIT,DE,0.0,0.0,0.0,0.0,0.0,0.0,0.0,0.0,0.0,0.0,0.0,0.0,0.0,0.0,0.0,0.0,0.0,0.0,1.6,0.0,4.0,0.117,0.093930309087424,,backup,2026-09-06T20:32:23+00:00
2026,1,401872658,00-0033945,Samson Ebukam,ATL,PIT,DE,0.0,0.0,0.0,0.0,0.0,0.0,0.0,0.0,0.0,0.0,0.0,0.0,0.0,0.0,0.0,0.0,0.0,0.0,1.8,0.0,4.3,0.237,0.1889558107741173,,starter,2026-09-06T20:32:23+00:00
2026,1,401872658,00-0031576,Za'Darius Smith,ATL,PIT,DE,0.0,0.0,0.0,0.0,0.0,0.0,0.0,0.0,0.0,0.0,0.0,0.0,0.0,0.0,0.0,0.0,0.0,0.0,1.9,0.0,4.5,0.381,0.3039548741989915,Active,starter,2026-09-06T20:32:23+00:00
2026,1,401872658,00-0038980,Zach Harrison,ATL,PIT,DE,0.0,0.0,0.0,0.0,0.0,0.0,0.0,0.0,0.0,0.0,0.0,0.0,0.0,0.0,0.0,0.0,0.0,0.0,0.0,0.0,0.0,0.0,0.0,,roster_only,2026-09-06T20:32:23+00:00
2026,1,401872658,00-0041484,Anterio Thompson,ATL,PIT,DT,0.0,0.0,0.0,0.0,0.0,0.0,0.0,0.0,0.0,0.0,0.0,0.0,0.0,0.0,0.0,0.0,0.0,0.0,0.0,0.0,0.0,0.0,0.0,Out,backup,2026-09-06T20:32:23+00:00
2026,1,401872658,00-0039859,Brandon Dorlus,ATL,PIT,DT,0.0,0.0,0.0,0.0,0.0,0.0,0.0,0.0,0.0,0.0,0.0,0.0,0.0,0.0,0.0,0.0,0.0,0.0,1.3,0.0,3.9,0.155,0.1157187329897664,,starter,2026-09-06T20:32:23+00:00
2026,1,401872658,00-0041184,Carlos Allen Jr.,ATL,PIT,DT,0.0,0.0,0.0,0.0,0.0,0.0,0.0,0.0,0.0,0.0,0.0,0.0,0.0,0.0,0.0,0.0,0.0,0.0,0.0,0.0,0.0,0.0,0.0,,roster_only,2026-09-06T20:32:23+00:00
2026,1,401872658,00-0034371,Da'Shawn Hand,ATL,PIT,DT,0.0,0.0,0.0,0.0,0.0,0.0,0.0,0.0,0.0,0.0,0.0,0.0,0.0,0.0,0.0,0.0,0.0,0.0,2.1,0.2,4.6,0.125,0.0990646225157969,Active,starter,2026-09-06T20:32:23+00:00
2026,1,401872658,00-0039070,Gervon Dexter Sr.,ATL,PIT,DT,0.0,0.0,0.0,0.0,0.0,0.0,0.0,0.0,0.0,0.0,0.0,0.0,0.0,0.0,0.0,0.0,0.0,0.0,2.3,0.4,4.8,0.255,0.2054121846381233,Active,starter,2026-09-06T20:32:23+00:00
2026,1,401872658,00-0039889,Maason Smith,ATL,PIT,DT,0.0,0.0,0.0,0.0,0.0,0.0,0.0,0.0,0.0,0.0,0.0,0.0,0.0,0.0,0.0,0.0,0.0,0.0,1.1,0.0,3.7,0.131,0.1024454741912103,,backup,2026-09-06T20:32:23+00:00
2026,1,401872658,00-0039837,Bralen Trice,ATL,PIT,LB,0.0,0.0,0.0,0.0,0.0,0.0,0.0,0.0,0.0,0.0,0.0,0.0,0.0,0.0,0.0,0.0,0.0,0.0,0.0,0.0,0.0,0.0,0.0,,roster_only,2026-09-06T20:32:23+00:00
2026,1,401872658,00-0037823,Christian Harris,ATL,PIT,LB,0.0,0.0,0.0,0.0,0.0,0.0,0.0,0.0,0.0,0.0,0.0,0.0,0.0,0.0,0.0,0.0,0.0,0.0,0.0,0.0,0.0,0.0,0.0,,roster_only,2026-09-06T20:32:23+00:00
2026,1,401872658,00-0037808,DeAngelo Malone,ATL,PIT,LB,0.0,0.0,0.0,0.0,0.0,0.0,0.0,0.0,0.0,0.0,0.0,0.0,0.0,0.0,0.0,0.0,0.0,0.0,0.0,0.0,0.0,0.0,0.0,,backup,2026-09-06T20:32:23+00:00
2026,1,401872658,00-0036990,Divine Deablo,ATL,PIT,LB,0.0,0.0,0.0,0.0,0.0,0.0,0.0,0.0,0.0,0.0,0.0,0.0,0.0,0.0,0.0,0.0,0.0,0.0,0.0,0.0,0.0,0.0,0.0,Active,roster_only,2026-09-06T20:32:23+00:00
2026,1,401872658,00-0041112,Harold Perkins Jr.,ATL,PIT,LB,0.0,0.0,0.0,0.0,0.0,0.0,0.0,0.0,0.0,0.0,0.0,0.0,0.0,0.0,0.0,0.0,0.0,0.0,0.0,0.0,0.0,0.0,0.0,,roster_only,2026-09-06T20:32:23+00:00
2026,1,401872658,00-0039370,JD Bertrand,ATL,PIT,LB,0.0,0.0,0.0,0.0,0.0,0.0,0.0,0.0,0.0,0.0,0.0,0.0,0.0,0.0,0.0,0.0,0.0,0.0,0.0,0.0,0.0,0.0,0.0,Injured Reserve,roster_only,2026-09-06T20:32:23+00:00
2026,1,401872658,00-0040578,James Pearce Jr.,ATL,PIT,LB,0.0,0.0,0.0,0.0,0.0,0.0,0.0,0.0,0.0,0.0,0.0,0.0,0.0,0.0,0.0,0.0,0.0,0.0,0.0,0.0,0.0,0.0,0.0,Suspension,backup,2026-09-06T20:32:23+00:00
2026,1,401872658,00-0040056,Jared Ivey,ATL,PIT,LB,0.0,0.0,0.0,0.0,0.0,0.0,0.0,0.0,0.0,0.0,0.0,0.0,0.0,0.0,0.0,0.0,0.0,0.0,0.0,0.0,0.0,0.0,0.0,,roster_only,2026-09-06T20:32:23+00:00
2026,1,401872658,00-0034801,Josh Woods,ATL,PIT,LB,0.0,0.0,0.0,0.0,0.0,0.0,0.0,0.0,0.0,0.0,0.0,0.0,0.0,0.0,0.0,0.0,0.0,0.0,0.0,0.0,0.0,0.0,0.0,,roster_only,2026-09-06T20:32:23+00:00
2026,1,401872658,00-0041066,Kendal Daniels,ATL,PIT,LB,0.0,0.0,0.0,0.0,0.0,0.0,0.0,0.0,0.0,0.0,0.0,0.0,0.0,0.0,0.0,0.0,0.0,0.0,0.0,0.0,0.0,0.0,0.0,,roster_only,2026-09-06T20:32:23+00:00
2026,1,401872658,00-0040554,Malik Verdon,ATL,PIT,LB,0.0,0.0,0.0,0.0,0.0,0.0,0.0,0.0,0.0,0.0,0.0,0.0,0.0,0.0,0.0,0.0,0.0,0.0,0.0,0.0,0.0,0.0,0.0,Injured Reserve,backup,2026-09-06T20:32:23+00:00
2026,1,401872658,00-0038580,Yasir Abdullah,ATL,PIT,LB,0.0,0.0,0.0,0.0,0.0,0.0,0.0,0.0,0.0,0.0,0.0,0.0,0.0,0.0,0.0,0.0,0.0,0.0,0.0,0.0,0.0,0.0,0.0,,roster_only,2026-09-06T20:32:23+00:00
2026,1,401872658,00-0025565,Nick Folk,ATL,PIT,PK,0.0,0.0,0.0,0.0,0.0,0.0,0.0,0.0,0.0,0.0,0.0,0.0,0.0,0.0,0.0,6.6,1.9,12.1,0.0,0.0,0.0,0.0,0.0,Active,starter,2026-09-06T20:32:23+00:00
2026,1,401872658,00-0033662,Cooper Rush,ATL,PIT,QB,0.0,0.0,0.0,0.0,0.0,2.3,-7.8,18.3,0.084,0.0789039101879552,0.0,0.0,0.0,0.0,0.0,0.0,0.0,0.0,0.0,0.0,0.0,0.0,0.0,Active,backup,2026-09-06T20:32:23+00:00
2026,1,401872658,00-0041194,Jack Strand,ATL,PIT,QB,0.0,0.0,0.0,0.0,0.0,6.2,-9.5,30.9,0.163,0.1434812253852096,0.0,0.0,0.0,0.0,0.0,0.0,0.0,0.0,0.0,0.0,0.0,0.0,0.0,Active,backup,2026-09-06T20:32:23+00:00
2026,1,401872658,00-0039917,Michael Penix Jr.,ATL,PIT,QB,0.0,0.0,0.0,0.0,0.0,2.8,-7.4,18.8,0.119,0.1082368153703775,0.0,0.0,0.0,0.0,0.0,0.0,0.0,0.0,0.0,0.0,0.0,0.0,0.0,Questionable,backup,2026-09-06T20:32:23+00:00
2026,1,401872658,00-0036212,Tua Tagovailoa,ATL,PIT,QB,209.1,117.9,315.2,1.464,0.8049529834350585,3.4,-6.8,19.4,0.117,0.1065627430984018,0.0,0.0,0.0,0.0,0.0,0.0,0.0,0.0,0.0,0.0,0.0,0.0,0.0,Active,starter,2026-09-06T20:32:23+00:00
2026,1,401872658,00-0038542,Bijan Robinson,ATL,PIT,RB,0.0,0.0,0.0,0.0,0.0,73.5,52.7,106.3,0.464,0.3682373472949389,34.4,20.5,66.0,0.393,0.3423597678916827,0.0,0.0,0.0,0.0,0.0,0.0,0.0,0.0,,starter,2026-09-06T20:32:23+00:00
2026,1,401872658,00-0037746,Brian Robinson Jr.,ATL,PIT,RB,0.0,0.0,0.0,0.0,0.0,19.3,-1.5,52.1,0.357,0.3430166563618828,1.1,-12.8,32.6,0.11,0.0934092241811741,0.0,0.0,0.0,0.0,0.0,0.0,0.0,0.0,Active,backup,2026-09-06T20:32:23+00:00
2026,1,401872658,00-0041191,Cash Jones,ATL,PIT,RB,0.0,0.0,0.0,0.0,0.0,0.0,0.0,0.0,0.0,0.0,0.0,0.0,0.0,0.0,0.0,0.0,0.0,0.0,0.0,0.0,0.0,0.0,0.0,,roster_only,2026-09-06T20:32:23+00:00
2026,1,401872658,00-0036984,Trey Sermon,ATL,PIT,RB,0.0,0.0,0.0,0.0,0.0,0.0,0.0,0.0,0.0,0.0,0.0,0.0,0.0,0.0,0.0,0.0,0.0,0.0,0.0,0.0,0.0,0.0,0.0,Injured Reserve,backup,2026-09-06T20:32:23+00:00
2026,1,401872658,00-0037120,Tyler Goodson,ATL,PIT,RB,0.0,0.0,0.0,0.0,0.0,0.0,0.0,0.0,0.0,0.0,0.0,0.0,0.0,0.0,0.0,0.0,0.0,0.0,0.0,0.0,0.0,0.0,0.0,,roster_only,2026-09-06T20:32:23+00:00
2026,1,401872658,00-0038628,DeMarcco Hellams,ATL,PIT,S,0.0,0.0,0.0,0.0,0.0,0.0,0.0,0.0,0.0,0.0,0.0,0.0,0.0,0.0,0.0,0.0,0.0,0.0,0.7,0.0,3.2,0.015,0.0123412589412519,Active,backup,2026-09-06T20:32:23+00:00
2026,1,401872658,00-0038587,Jammie Robinson,ATL,PIT,S,0.0,0.0,0.0,0.0,0.0,0.0,0.0,0.0,0.0,0.0,0.0,0.0,0.0,0.0,0.0,0.0,0.0,0.0,0.0,0.0,0.0,0.0,0.0,,roster_only,2026-09-06T20:32:23+00:00
2026,1,401872658,00-0034675,Jessie Bates III,ATL,PIT,S,0.0,0.0,0.0,0.0,0.0,0.0,0.0,0.0,0.0,0.0,0.0,0.0,0.0,0.0,0.0,0.0,0.0,0.0,5.5,2.7,8.9,0.016,0.0137029765283181,Active,starter,2026-09-06T20:32:23+00:00
2026,1,401872658,00-0039002,Sydney Brown,ATL,PIT,S,0.0,0.0,0.0,0.0,0.0,0.0,0.0,0.0,0.0,0.0,0.0,0.0,0.0,0.0,0.0,0.0,0.0,0.0,1.1,0.0,3.7,0.006,0.0051911898111989,,backup,2026-09-06T20:32:23+00:00
2026,1,401872658,00-0040148,Xavier Watts,ATL,PIT,S,0.0,0.0,0.0,0.0,0.0,0.0,0.0,0.0,0.0,0.0,0.0,0.0,0.0,0.0,0.0,0.0,0.0,0.0,5.4,2.6,8.8,0.027,0.0232776970266827,Active,starter,2026-09-06T20:32:23+00:00
2026,1,401872658,00-0036956,Darren Hall,ATL,PIT,SS,0.0,0.0,0.0,0.0,0.0,0.0,0.0,0.0,0.0,0.0,0.0,0.0,0.0,0.0,0.0,0.0,0.0,0.0,0.0,0.0,0.0,0.0,0.0,,backup,2026-09-06T20:32:23+00:00
2026,1,401872658,00-0032392,Austin Hooper,ATL,PIT,TE,0.0,0.0,0.0,0.0,0.0,0.0,-10.5,15.6,0.008,0.0071864111498257,10.5,-3.4,42.0,0.332,0.3024891895263591,0.0,0.0,0.0,0.0,0.0,0.0,0.0,0.0,,backup,2026-09-06T20:32:23+00:00
2026,1,401872658,00-0036429,Charlie Woerner,ATL,PIT,TE,0.0,0.0,0.0,0.0,0.0,0.0,-10.4,15.7,0.008,0.0071864111498257,3.4,-10.5,35.0,0.176,0.1593970287983159,0.0,0.0,0.0,0.0,0.0,0.0,0.0,0.0,,backup,2026-09-06T20:32:23+00:00
2026,1,401872658,00-0041195,Jack Velling,ATL,PIT,TE,0.0,0.0,0.0,0.0,0.0,0.0,0.0,0.0,0.0,0.0,0.0,0.0,0.0,0.0,0.0,0.0,0.0,0.0,0.0,0.0,0.0,0.0,0.0,,roster_only,2026-09-06T20:32:23+00:00
2026,1,401872658,00-0036970,Kyle Pitts Sr.,ATL,PIT,TE,0.0,0.0,0.0,0.0,0.0,0.0,-10.4,15.7,0.008,0.0071864111498257,40.6,23.0,80.3,0.414,0.3423597678916827,0.0,0.0,0.0,0.0,0.0,0.0,0.0,0.0,Active,starter,2026-09-06T20:32:23+00:00
2026,1,401872658,00-0037317,Nick Muse,ATL,PIT,TE,0.0,0.0,0.0,0.0,0.0,0.0,0.0,0.0,0.0,0.0,0.0,0.0,0.0,0.0,0.0,0.0,0.0,0.0,0.0,0.0,0.0,0.0,0.0,,roster_only,2026-09-06T20:32:23+00:00
2026,1,401872658,00-0040577,Jalon Walker,ATL,PIT,WLB,0.0,0.0,0.0,0.0,0.0,0.0,0.0,0.0,0.0,0.0,0.0,0.0,0.0,0.0,0.0,0.0,0.0,0.0,0.0,0.0,0.0,0.0,0.0,,backup,2026-09-06T20:32:23+00:00
2026,1,401872658,00-0040438,Antwane Wells Jr.,ATL,PIT,WR,0.0,0.0,0.0,0.0,0.0,0.0,0.0,0.0,0.0,0.0,0.0,0.0,0.0,0.0,0.0,0.0,0.0,0.0,0.0,0.0,0.0,0.0,0.0,,roster_only,2026-09-06T20:32:23+00:00
2026,1,401872658,00-0040432,Beaux Collins,ATL,PIT,WR,0.0,0.0,0.0,0.0,0.0,0.0,0.0,0.0,0.0,0.0,0.0,0.0,0.0,0.0,0.0,0.0,0.0,0.0,0.0,0.0,0.0,0.0,0.0,Injured Reserve,backup,2026-09-06T20:32:23+00:00
2026,1,401872658,00-0036463,Chris Blair,ATL,PIT,WR,0.0,0.0,0.0,0.0,0.0,0.0,-11.4,17.4,0.008,0.0071864111498257,0.0,-16.5,33.6,0.045,0.0424710424710424,0.0,0.0,0.0,0.0,0.0,0.0,0.0,0.0,,backup,2026-09-06T20:32:23+00:00
2026,1,401872658,00-0037238,Drake London,ATL,PIT,WR,0.0,0.0,0.0,0.0,0.0,0.0,-10.3,15.8,0.008,0.0071864111498257,64.4,40.2,119.2,0.414,0.3423597678916827,0.0,0.0,0.0,0.0,0.0,0.0,0.0,0.0,Active,starter,2026-09-06T20:32:23+00:00
2026,1,401872658,00-0038953,Dylan Drummond,ATL,PIT,WR,0.0,0.0,0.0,0.0,0.0,0.0,0.0,0.0,0.0,0.0,0.0,0.0,0.0,0.0,0.0,0.0,0.0,0.0,0.0,0.0,0.0,0.0,0.0,,roster_only,2026-09-06T20:32:23+00:00
2026,1,401872658,00-0037741,Jahan Dotson,ATL,PIT,WR,0.0,0.0,0.0,0.0,0.0,0.0,-10.4,15.8,0.008,0.0071864111498257,10.5,-3.4,42.1,0.302,0.2739422440732589,0.0,0.0,0.0,0.0,0.0,0.0,0.0,0.0,Active,backup,2026-09-06T20:32:23+00:00
2026,1,401872658,00-0035208,Olamide Zaccheaus,ATL,PIT,WR,0.0,0.0,0.0,0.0,0.0,0.0,-10.3,15.8,0.008,0.0071864111498257,16.3,2.4,47.9,0.335,0.3052052545078243,0.0,0.0,0.0,0.0,0.0,0.0,0.0,0.0,,backup,2026-09-06T20:32:23+00:00
2026,1,401872658,00-0041185,Vinny Anthony II,ATL,PIT,WR,0.0,0.0,0.0,0.0,0.0,0.0,0.0,0.0,0.0,0.0,0.0,0.0,0.0,0.0,0.0,0.0,0.0,0.0,0.0,0.0,0.0,0.0,0.0,,roster_only,2026-09-06T20:32:23+00:00
2026,1,401872658,00-0041044,Zachariah Branch,ATL,PIT,WR,0.0,0.0,0.0,0.0,0.0,0.0,-14.1,21.8,0.008,0.0071864111498257,4.0,-15.1,47.4,0.189,0.1702636528656936,0.0,0.0,0.0,0.0,0.0,0.0,0.0,0.0,Active,backup,2026-09-06T20:32:23+00:00
2026,1,401872658,00-0036617,Asante Samuel Jr.,PIT,ATL,CB,0.0,0.0,0.0,0.0,0.0,0.0,0.0,0.0,0.0,0.0,0.0,0.0,0.0,0.0,0.0,0.0,0.0,0.0,2.5,0.0,6.1,0.015,0.0120579906275654,,backup,2026-09-06T20:32:23+00:00
2026,1,401872658,00-0036504,Brandin Echols,PIT,ATL,CB,0.0,0.0,0.0,0.0,0.0,0.0,0.0,0.0,0.0,0.0,0.0,0.0,0.0,0.0,0.0,0.0,0.0,0.0,1.8,0.0,4.3,0.006,0.0044498114926141,,backup,2026-09-06T20:32:23+00:00
2026,1,401872658,00-0040322,Car'lin Vigers,PIT,ATL,CB,0.0,0.0,0.0,0.0,0.0,0.0,0.0,0.0,0.0,0.0,0.0,0.0,0.0,0.0,0.0,0.0,0.0,0.0,0.0,0.0,0.0,0.0,0.0,,roster_only,2026-09-06T20:32:23+00:00
2026,1,401872658,00-0039883,Daequan Hardy,PIT,ATL,CB,0.0,0.0,0.0,0.0,0.0,0.0,0.0,0.0,0.0,0.0,0.0,0.0,0.0,0.0,0.0,0.0,0.0,0.0,0.0,0.0,0.0,0.0,0.0,,backup,2026-09-06T20:32:23+00:00
2026,1,401872658,00-0041393,Daylen Everette,PIT,ATL,CB,0.0,0.0,0.0,0.0,0.0,0.0,0.0,0.0,0.0,0.0,0.0,0.0,0.0,0.0,0.0,0.0,0.0,0.0,2.0,0.0,6.0,0.014,0.0113258059346112,,backup,2026-09-06T20:32:23+00:00
2026,1,401872658,00-0040341,Doneiko Slaughter,PIT,ATL,CB,0.0,0.0,0.0,0.0,0.0,0.0,0.0,0.0,0.0,0.0,0.0,0.0,0.0,0.0,0.0,0.0,0.0,0.0,0.0,0.0,0.0,0.0,0.0,,roster_only,2026-09-06T20:32:23+00:00
2026,1,401872658,00-0040232,Donte Kent,PIT,ATL,CB,0.0,0.0,0.0,0.0,0.0,0.0,0.0,0.0,0.0,0.0,0.0,0.0,0.0,0.0,0.0,0.0,0.0,0.0,0.0,0.0,0.0,0.0,0.0,Out,backup,2026-09-06T20:32:23+00:00
2026,1,401872658,00-0033055,Jalen Ramsey,PIT,ATL,CB,0.0,0.0,0.0,0.0,0.0,0.0,0.0,0.0,0.0,0.0,0.0,0.0,0.0,0.0,0.0,0.0,0.0,0.0,3.5,0.7,6.9,0.017,0.0144766912892686,Questionable,starter,2026-09-06T20:32:23+00:00
2026,1,401872658,00-0035699,Jamel Dean,PIT,ATL,CB,0.0,0.0,0.0,0.0,0.0,0.0,0.0,0.0,0.0,0.0,0.0,0.0,0.0,0.0,0.0,0.0,0.0,0.0,3.5,0.8,7.0,0.014,0.0119312591061852,,starter,2026-09-06T20:32:23+00:00
2026,1,401872658,00-0039167,Joey Porter Jr.,PIT,ATL,CB,0.0,0.0,0.0,0.0,0.0,0.0,0.0,0.0,0.0,0.0,0.0,0.0,0.0,0.0,0.0,0.0,0.0,0.0,3.8,1.1,7.2,0.016,0.0137029765283181,Active,starter,2026-09-06T20:32:23+00:00
2026,1,401872658,00-0040188,Yahya Black,PIT,ATL,DE,0.0,0.0,0.0,0.0,0.0,0.0,0.0,0.0,0.0,0.0,0.0,0.0,0.0,0.0,0.0,0.0,0.0,0.0,2.4,0.5,4.9,0.129,0.1012883293449912,,starter,2026-09-06T20:32:23+00:00
2026,1,401872658,00-0027969,Cameron Heyward,PIT,ATL,DT,0.0,0.0,0.0,0.0,0.0,0.0,0.0,0.0,0.0,0.0,0.0,0.0,0.0,0.0,0.0,0.0,0.0,0.0,3.1,1.1,5.5,0.349,0.2805267897100681,,starter,2026-09-06T20:32:23+00:00
2026,1,401872658,00-0040678,Derrick Harmon,PIT,ATL,DT,0.0,0.0,0.0,0.0,0.0,0.0,0.0,0.0,0.0,0.0,0.0,0.0,0.0,0.0,0.0,0.0,0.0,0.0,2.1,0.2,4.7,0.149,0.1124379909917057,,starter,2026-09-06T20:32:23+00:00
2026,1,401872658,00-0037274,Esezi Otomewo,PIT,ATL,DT,0.0,0.0,0.0,0.0,0.0,0.0,0.0,0.0,0.0,0.0,0.0,0.0,0.0,0.0,0.0,0.0,0.0,0.0,0.0,0.0,0.0,0.0,0.0,,roster_only,2026-09-06T20:32:23+00:00
2026,1,401872658,00-0039110,Keeanu Benton,PIT,ATL,DT,0.0,0.0,0.0,0.0,0.0,0.0,0.0,0.0,0.0,0.0,0.0,0.0,0.0,0.0,0.0,0.0,0.0,0.0,1.7,0.0,4.1,0.082,0.0659473690947958,,backup,2026-09-06T20:32:23+00:00
2026,1,401872658,00-0041261,Kevin Jobity Jr.,PIT,ATL,DT,0.0,0.0,0.0,0.0,0.0,0.0,0.0,0.0,0.0,0.0,0.0,0.0,0.0,0.0,0.0,0.0,0.0,0.0,1.0,0.0,4.5,0.191,0.1474726966962864,,backup,2026-09-06T20:32:23+00:00
2026,1,401872658,00-0039609,Kyler Baugh,PIT,ATL,DT,0.0,0.0,0.0,0.0,0.0,0.0,0.0,0.0,0.0,0.0,0.0,0.0,0.0,0.0,0.0,0.0,0.0,0.0,0.0,0.0,0.0,0.0,0.0,,roster_only,2026-09-06T20:32:23+00:00
2026,1,401872658,00-0039389,Logan Lee,PIT,ATL,DT,0.0,0.0,0.0,0.0,0.0,0.0,0.0,0.0,0.0,0.0,0.0,0.0,0.0,0.0,0.0,0.0,0.0,0.0,0.0,0.0,0.0,0.0,0.0,Injured Reserve,backup,2026-09-06T20:32:23+00:00
2026,1,401872658,00-0034810,Sebastian Joseph-Day,PIT,ATL,DT,0.0,0.0,0.0,0.0,0.0,0.0,0.0,0.0,0.0,0.0,0.0,0.0,0.0,0.0,0.0,0.0,0.0,0.0,1.5,0.0,3.9,0.093,0.0739098863392276,,backup,2026-09-06T20:32:23+00:00
2026,1,401872658,00-0041398,Riley Nowakowski,PIT,ATL,FB,0.0,0.0,0.0,0.0,0.0,11.3,-17.4,56.4,0.079,0.0754767943938162,2.5,-16.6,45.9,0.079,0.0782704185532856,0.0,0.0,0.0,0.0,0.0,0.0,0.0,0.0,Active,starter,2026-09-06T20:32:23+00:00
2026,1,401872658,00-0036333,Alex Highsmith,PIT,ATL,LB,0.0,0.0,0.0,0.0,0.0,0.0,0.0,0.0,0.0,0.0,0.0,0.0,0.0,0.0,0.0,0.0,0.0,0.0,3.8,0.7,7.9,0.436,0.3200775945683802,,starter,2026-09-06T20:32:23+00:00
2026,1,401872658,00-0040176,Bradyn Swinson,PIT,ATL,LB,0.0,0.0,0.0,0.0,0.0,0.0,0.0,0.0,0.0,0.0,0.0,0.0,0.0,0.0,0.0,0.0,0.0,0.0,0.0,0.0,0.0,0.0,0.0,,roster_only,2026-09-06T20:32:23+00:00
2026,1,401872658,00-0040231,Carson Bruener,PIT,ATL,LB,0.0,0.0,0.0,0.0,0.0,0.0,0.0,0.0,0.0,0.0,0.0,0.0,0.0,0.0,0.0,0.0,0.0,0.0,0.0,0.0,0.0,0.0,0.0,,roster_only,2026-09-06T20:32:23+00:00
2026,1,401872658,00-0035286,Cole Holcomb,PIT,ATL,LB,0.0,0.0,0.0,0.0,0.0,0.0,0.0,0.0,0.0,0.0,0.0,0.0,0.0,0.0,0.0,0.0,0.0,0.0,0.0,0.0,0.0,0.0,0.0,,roster_only,2026-09-06T20:32:23+00:00
2026,1,401872658,00-0040160,Jack Sawyer,PIT,ATL,LB,0.0,0.0,0.0,0.0,0.0,0.0,0.0,0.0,0.0,0.0,0.0,0.0,0.0,0.0,0.0,0.0,0.0,0.0,1.6,0.0,4.0,0.109,0.0886296352591292,,backup,2026-09-06T20:32:23+00:00
2026,1,401872658,00-0039457,Jacoby Windmon,PIT,ATL,LB,0.0,0.0,0.0,0.0,0.0,0.0,0.0,0.0,0.0,0.0,0.0,0.0,0.0,0.0,0.0,0.0,0.0,0.0,0.0,0.0,0.0,0.0,0.0,,roster_only,2026-09-06T20:32:23+00:00
2026,1,401872658,00-0039931,Julius Welschof,PIT,ATL,LB,0.0,0.0,0.0,0.0,0.0,0.0,0.0,0.0,0.0,0.0,0.0,0.0,0.0,0.0,0.0,0.0,0.0,0.0,0.0,0.0,0.0,0.0,0.0,,roster_only,2026-09-06T20:32:23+00:00
2026,1,401872658,00-0038577,Nick Herbig,PIT,ATL,LB,0.0,0.0,0.0,0.0,0.0,0.0,0.0,0.0,0.0,0.0,0.0,0.0,0.0,0.0,0.0,0.0,0.0,0.0,1.7,0.0,4.1,0.363,0.2905006061789591,,backup,2026-09-06T20:32:23+00:00
2026,1,401872658,00-0036323,Patrick Queen,PIT,ATL,LB,0.0,0.0,0.0,0.0,0.0,0.0,0.0,0.0,0.0,0.0,0.0,0.0,0.0,0.0,0.0,0.0,0.0,0.0,0.0,0.0,0.0,0.0,0.0,,roster_only,2026-09-06T20:32:23+00:00
2026,1,401872658,00-0039741,Payton Wilson,PIT,ATL,LB,0.0,0.0,0.0,0.0,0.0,0.0,0.0,0.0,0.0,0.0,0.0,0.0,0.0,0.0,0.0,0.0,0.0,0.0,0.0,0.0,0.0,0.0,0.0,,roster_only,2026-09-06T20:32:23+00:00
2026,1,401872658,00-0033886,T.J. Watt,PIT,ATL,LB,0.0,0.0,0.0,0.0,0.0,0.0,0.0,0.0,0.0,0.0,0.0,0.0,0.0,0.0,0.0,0.0,0.0,0.0,3.5,0.4,7.6,0.436,0.3200775945683802,,starter,2026-09-06T20:32:23+00:00
2026,1,401872658,00-0031136,Chris Boswell,PIT,ATL,PK,0.0,0.0,0.0,0.0,0.0,0.0,0.0,0.0,0.0,0.0,0.0,0.0,0.0,0.0,0.0,7.3,2.2,13.1,0.0,0.0,0.0,0.0,0.0,Active,starter,2026-09-06T20:32:23+00:00
2026,1,401872658,00-0023459,Aaron Rodgers,PIT,ATL,QB,234.9,143.7,341.1,1.613,0.8125,4.9,-5.3,20.9,0.092,0.0855710745256151,0.0,0.0,0.0,0.0,0.0,0.0,0.0,0.0,0.0,0.0,0.0,0.0,0.0,Active,starter,2026-09-06T20:32:23+00:00
2026,1,401872658,00-0041565,Drew Allar,PIT,ATL,QB,0.0,0.0,0.0,0.0,0.0,6.7,-9.0,31.4,0.108,0.0992909650780264,0.0,0.0,0.0,0.0,0.0,0.0,0.0,0.0,0.0,0.0,0.0,0.0,0.0,Active,backup,2026-09-06T20:32:23+00:00
2026,1,401872658,00-0034771,Mason Rudolph,PIT,ATL,QB,0.0,0.0,0.0,0.0,0.0,2.9,-7.3,18.9,0.056,0.0555137349513292,0.0,0.0,0.0,0.0,0.0,0.0,0.0,0.0,0.0,0.0,0.0,0.0,0.0,Active,backup,2026-09-06T20:32:23+00:00
2026,1,401872658,00-0040203,Will Howard,PIT,ATL,QB,0.0,0.0,0.0,0.0,0.0,6.7,-9.0,31.4,0.108,0.0992909650780264,0.0,0.0,0.0,0.0,0.0,0.0,0.0,0.0,0.0,0.0,0.0,0.0,0.0,Active,backup,2026-09-06T20:32:23+00:00
2026,1,401872658,00-0041490,Eli Heidenreich,PIT,ATL,RB,0.0,0.0,0.0,0.0,0.0,9.7,-19.0,54.8,0.079,0.0750566865449606,1.9,-17.3,45.2,0.079,0.0782704185532856,0.0,0.0,0.0,0.0,0.0,0.0,0.0,0.0,Active,backup,2026-09-06T20:32:23+00:00
2026,1,401872658,00-0037228,Jaylen Warren,PIT,ATL,RB,0.0,0.0,0.0,0.0,0.0,44.3,23.4,77.1,0.334,0.3196417797777827,7.7,-6.2,39.3,0.172,0.1561660840655946,0.0,0.0,0.0,0.0,0.0,0.0,0.0,0.0,Active,starter,2026-09-06T20:32:23+00:00
2026,1,401872658,00-0038409,Lew Nichols,PIT,ATL,RB,0.0,0.0,0.0,0.0,0.0,0.0,0.0,0.0,0.0,0.0,0.0,0.0,0.0,0.0,0.0,0.0,0.0,0.0,0.0,0.0,0.0,0.0,0.0,,roster_only,2026-09-06T20:32:23+00:00
2026,1,401872658,00-0040618,Max Hurleman,PIT,ATL,RB,0.0,0.0,0.0,0.0,0.0,0.0,0.0,0.0,0.0,0.0,0.0,0.0,0.0,0.0,0.0,0.0,0.0,0.0,0.0,0.0,0.0,0.0,0.0,,roster_only,2026-09-06T20:32:23+00:00
2026,1,401872658,00-0036139,Rico Dowdle,PIT,ATL,RB,0.0,0.0,0.0,0.0,0.0,29.2,8.4,62.0,0.216,0.1935650538772313,10.9,-3.0,42.4,0.175,0.1582984342240448,0.0,0.0,0.0,0.0,0.0,0.0,0.0,0.0,Active,backup,2026-09-06T20:32:23+00:00
2026,1,401872658,00-0035594,Travis Homer,PIT,ATL,RB,0.0,0.0,0.0,0.0,0.0,0.0,0.0,0.0,0.0,0.0,0.0,0.0,0.0,0.0,0.0,0.0,0.0,0.0,0.0,0.0,0.0,0.0,0.0,,roster_only,2026-09-06T20:32:23+00:00
2026,1,401872658,00-0040914,Bishop Fitzgerald,PIT,ATL,S,0.0,0.0,0.0,0.0,0.0,0.0,0.0,0.0,0.0,0.0,0.0,0.0,0.0,0.0,0.0,0.0,0.0,0.0,0.0,0.0,0.0,0.0,0.0,,roster_only,2026-09-06T20:32:23+00:00
2026,1,401872658,00-0034277,DeShon Elliott,PIT,ATL,S,0.0,0.0,0.0,0.0,0.0,0.0,0.0,0.0,0.0,0.0,0.0,0.0,0.0,0.0,0.0,0.0,0.0,0.0,0.0,0.0,0.0,0.0,0.0,Injured Reserve,backup,2026-09-06T20:32:23+00:00
2026,1,401872658,00-0038135,Jaquan Brisker,PIT,ATL,S,0.0,0.0,0.0,0.0,0.0,0.0,0.0,0.0,0.0,0.0,0.0,0.0,0.0,0.0,0.0,0.0,0.0,0.0,5.4,2.5,8.7,0.077,0.0625566391306313,Questionable,starter,2026-09-06T20:32:23+00:00
2026,1,401872658,00-0033941,Rayshawn Jenkins,PIT,ATL,S,0.0,0.0,0.0,0.0,0.0,0.0,0.0,0.0,0.0,0.0,0.0,0.0,0.0,0.0,0.0,0.0,0.0,0.0,4.0,1.9,6.3,0.015,0.0128533127101332,,starter,2026-09-06T20:32:23+00:00
2026,1,401872658,00-0041401,Robert Spears-Jennings,PIT,ATL,S,0.0,0.0,0.0,0.0,0.0,0.0,0.0,0.0,0.0,0.0,0.0,0.0,0.0,0.0,0.0,0.0,0.0,0.0,0.0,0.0,0.0,0.0,0.0,,roster_only,2026-09-06T20:32:23+00:00
2026,1,401872658,00-0040527,Sebastian Castro,PIT,ATL,S,0.0,0.0,0.0,0.0,0.0,0.0,0.0,0.0,0.0,0.0,0.0,0.0,0.0,0.0,0.0,0.0,0.0,0.0,0.0,0.0,0.0,0.0,0.0,,roster_only,2026-09-06T20:32:23+00:00
2026,1,401872658,00-0038558,Darnell Washington,PIT,ATL,TE,0.0,0.0,0.0,0.0,0.0,0.0,-10.5,15.7,0.008,0.0071864111498257,8.6,-5.3,40.1,0.151,0.1338571449693459,0.0,0.0,0.0,0.0,0.0,0.0,0.0,0.0,Active,backup,2026-09-06T20:32:23+00:00
2026,1,401872658,00-0041263,Lake McRee,PIT,ATL,TE,0.0,0.0,0.0,0.0,0.0,0.0,0.0,0.0,0.0,0.0,0.0,0.0,0.0,0.0,0.0,0.0,0.0,0.0,0.0,0.0,0.0,0.0,0.0,,roster_only,2026-09-06T20:32:23+00:00
2026,1,401872658,00-0036894,Pat Freiermuth,PIT,ATL,TE,0.0,0.0,0.0,0.0,0.0,0.0,-10.4,15.8,0.008,0.0071864111498257,28.3,10.7,68.0,0.27,0.2432314189620966,0.0,0.0,0.0,0.0,0.0,0.0,0.0,0.0,Active,starter,2026-09-06T20:32:23+00:00
2026,1,401872658,00-0033757,Robert Tonyan,PIT,ATL,TE,0.0,0.0,0.0,0.0,0.0,0.0,-10.5,15.7,0.008,0.0071864111498257,1.7,-12.2,33.3,0.083,0.0811815249762346,0.0,0.0,0.0,0.0,0.0,0.0,0.0,0.0,,backup,2026-09-06T20:32:23+00:00
2026,1,401872658,00-0036862,Ben Skowronek,PIT,ATL,WR,0.0,0.0,0.0,0.0,0.0,0.0,-10.4,15.7,0.008,0.0071864111498257,0.0,-15.3,30.1,0.045,0.0424710424710424,0.0,0.0,0.0,0.0,0.0,0.0,0.0,0.0,Questionable,backup,2026-09-06T20:32:23+00:00
2026,1,401872658,00-0037382,Brandon Johnson,PIT,ATL,WR,0.0,0.0,0.0,0.0,0.0,0.0,0.0,0.0,0.0,0.0,0.0,0.0,0.0,0.0,0.0,0.0,0.0,0.0,0.0,0.0,0.0,0.0,0.0,,roster_only,2026-09-06T20:32:23+00:00
2026,1,401872658,00-0036775,Brandon Smith,PIT,ATL,WR,0.0,0.0,0.0,0.0,0.0,0.0,0.0,0.0,0.0,0.0,0.0,0.0,0.0,0.0,0.0,0.0,0.0,0.0,0.0,0.0,0.0,0.0,0.0,,roster_only,2026-09-06T20:32:23+00:00
2026,1,401872658,00-0039626,Cole Burgess,PIT,ATL,WR,0.0,0.0,0.0,0.0,0.0,0.0,0.0,0.0,0.0,0.0,0.0,0.0,0.0,0.0,0.0,0.0,0.0,0.0,0.0,0.0,0.0,0.0,0.0,,backup,2026-09-06T20:32:23+00:00
2026,1,401872658,00-0035640,DK Metcalf,PIT,ATL,WR,0.0,0.0,0.0,0.0,0.0,0.0,-10.3,15.9,0.008,0.0071864111498257,50.2,26.1,105.0,0.378,0.3423597678916827,0.0,0.0,0.0,0.0,0.0,0.0,0.0,0.0,Questionable,starter,2026-09-06T20:32:23+00:00
2026,1,401872658,00-0041489,Germie Bernard,PIT,ATL,WR,0.0,0.0,0.0,0.0,0.0,0.0,-14.1,21.8,0.008,0.0071864111498257,5.0,-14.1,48.4,0.102,0.0921107409705688,0.0,0.0,0.0,0.0,0.0,0.0,0.0,0.0,Active,backup,2026-09-06T20:32:23+00:00
2026,1,401872658,00-0041397,Kaden Wetjen,PIT,ATL,WR,0.0,0.0,0.0,0.0,0.0,0.0,-14.1,21.8,0.008,0.0071864111498257,5.0,-14.1,48.4,0.102,0.0921107409705688,0.0,0.0,0.0,0.0,0.0,0.0,0.0,0.0,Active,backup,2026-09-06T20:32:23+00:00
2026,1,401872658,00-0036252,Michael Pittman Jr.,PIT,ATL,WR,0.0,0.0,0.0,0.0,0.0,0.0,-10.3,15.8,0.008,0.0071864111498257,28.1,4.0,82.9,0.36,0.3282240032790205,0.0,0.0,0.0,0.0,0.0,0.0,0.0,0.0,Questionable,backup,2026-09-06T20:32:23+00:00
2026,1,401872658,00-0039739,Roman Wilson,PIT,ATL,WR,0.0,0.0,0.0,0.0,0.0,0.0,-10.4,15.8,0.008,0.0071864111498257,5.0,-8.9,36.5,0.101,0.0920188562406184,0.0,0.0,0.0,0.0,0.0,0.0,0.0,0.0,Active,backup,2026-09-06T20:32:23+00:00
2026,1,401872659,00-0040073,Bilhal Kone,BAL,IND,CB,0.0,0.0,0.0,0.0,0.0,0.0,0.0,0.0,0.0,0.0,0.0,0.0,0.0,0.0,0.0,0.0,0.0,0.0,0.0,0.0,0.0,0.0,0.0,Injured Reserve,backup,2026-09-06T20:32:23+00:00
2026,1,401872659,00-0040885,Chandler Rivers,BAL,IND,CB,0.0,0.0,0.0,0.0,0.0,0.0,0.0,0.0,0.0,0.0,0.0,0.0,0.0,0.0,0.0,0.0,0.0,0.0,1.7,0.0,5.5,0.014,0.0113514890080428,,backup,2026-09-06T20:32:23+00:00
2026,1,401872659,00-0033548,Chidobe Awuzie,BAL,IND,CB,0.0,0.0,0.0,0.0,0.0,0.0,0.0,0.0,0.0,0.0,0.0,0.0,0.0,0.0,0.0,0.0,0.0,0.0,2.4,0.5,4.9,0.007,0.005370794890363,,backup,2026-09-06T20:32:23+00:00
2026,1,401872659,00-0036395,K'Von Wallace,BAL,IND,CB,0.0,0.0,0.0,0.0,0.0,0.0,0.0,0.0,0.0,0.0,0.0,0.0,0.0,0.0,0.0,0.0,0.0,0.0,0.0,0.0,0.0,0.0,0.0,,roster_only,2026-09-06T20:32:23+00:00
2026,1,401872659,00-0040636,Keyon Martin,BAL,IND,CB,0.0,0.0,0.0,0.0,0.0,0.0,0.0,0.0,0.0,0.0,0.0,0.0,0.0,0.0,0.0,0.0,0.0,0.0,0.9,0.0,3.3,0.004,0.0038797284190106,,backup,2026-09-06T20:32:23+00:00
2026,1,401872659,00-0033281,Marlon Humphrey,BAL,IND,CB,0.0,0.0,0.0,0.0,0.0,0.0,0.0,0.0,0.0,0.0,0.0,0.0,0.0,0.0,0.0,0.0,0.0,0.0,3.9,1.2,7.4,0.02,0.0172238228472055,,starter,2026-09-06T20:32:23+00:00
2026,1,401872659,00-0039232,Nate Wiggins,BAL,IND,CB,0.0,0.0,0.0,0.0,0.0,0.0,0.0,0.0,0.0,0.0,0.0,0.0,0.0,0.0,0.0,0.0,0.0,0.0,3.9,1.2,7.3,0.016,0.0137029765283181,,starter,2026-09-06T20:32:23+00:00
2026,1,401872659,00-0039234,T.J. Tampa,BAL,IND,CB,0.0,0.0,0.0,0.0,0.0,0.0,0.0,0.0,0.0,0.0,0.0,0.0,0.0,0.0,0.0,0.0,0.0,0.0,1.4,0.0,3.9,0.007,0.0054341161476102,,backup,2026-09-06T20:32:23+00:00
2026,1,401872659,00-0026190,Calais Campbell,BAL,IND,DE,0.0,0.0,0.0,0.0,0.0,0.0,0.0,0.0,0.0,0.0,0.0,0.0,0.0,0.0,0.0,0.0,0.0,0.0,2.2,0.3,4.7,0.283,0.2285491213023536,,starter,2026-09-06T20:32:23+00:00
2026,1,401872659,00-0040076,Aeneas Peebles,BAL,IND,DT,0.0,0.0,0.0,0.0,0.0,0.0,0.0,0.0,0.0,0.0,0.0,0.0,0.0,0.0,0.0,0.0,0.0,0.0,0.6,0.0,3.1,0.051,0.0424890270117762,Questionable,backup,2026-09-06T20:32:23+00:00
2026,1,401872659,00-0036081,Broderick Washington Jr.,BAL,IND,DT,0.0,0.0,0.0,0.0,0.0,0.0,0.0,0.0,0.0,0.0,0.0,0.0,0.0,0.0,0.0,0.0,0.0,0.0,1.7,0.0,4.0,0.11,0.0890981862547966,,backup,2026-09-06T20:32:23+00:00
2026,1,401872659,00-0039938,David Olajiga,BAL,IND,DT,0.0,0.0,0.0,0.0,0.0,0.0,0.0,0.0,0.0,0.0,0.0,0.0,0.0,0.0,0.0,0.0,0.0,0.0,0.0,0.0,0.0,0.0,0.0,,roster_only,2026-09-06T20:32:23+00:00
2026,1,401872659,00-0030070,John Jenkins,BAL,IND,DT,0.0,0.0,0.0,0.0,0.0,0.0,0.0,0.0,0.0,0.0,0.0,0.0,0.0,0.0,0.0,0.0,0.0,0.0,1.4,0.0,3.9,0.031,0.0259688936921195,Active,backup,2026-09-06T20:32:23+00:00
2026,1,401872659,00-0036130,Nnamdi Madubuike,BAL,IND,DT,0.0,0.0,0.0,0.0,0.0,0.0,0.0,0.0,0.0,0.0,0.0,0.0,0.0,0.0,0.0,0.0,0.0,0.0,2.2,0.3,4.8,0.331,0.266836370576309,Questionable,starter,2026-09-06T20:32:23+00:00
2026,1,401872659,00-0040907,Rayshaun Benny,BAL,IND,DT,0.0,0.0,0.0,0.0,0.0,0.0,0.0,0.0,0.0,0.0,0.0,0.0,0.0,0.0,0.0,0.0,0.0,0.0,0.0,0.0,0.0,0.0,0.0,,roster_only,2026-09-06T20:32:23+00:00
2026,1,401872659,00-0037756,Travis Jones,BAL,IND,DT,0.0,0.0,0.0,0.0,0.0,0.0,0.0,0.0,0.0,0.0,0.0,0.0,0.0,0.0,0.0,0.0,0.0,0.0,2.5,0.4,5.3,0.128,0.1006761172745123,,starter,2026-09-06T20:32:23+00:00
2026,1,401872659,00-0039791,Adisa Isaac,BAL,IND,LB,0.0,0.0,0.0,0.0,0.0,0.0,0.0,0.0,0.0,0.0,0.0,0.0,0.0,0.0,0.0,0.0,0.0,0.0,0.0,0.0,0.0,0.0,0.0,,roster_only,2026-09-06T20:32:23+00:00
2026,1,401872659,00-0039460,Carl Jones,BAL,IND,LB,0.0,0.0,0.0,0.0,0.0,0.0,0.0,0.0,0.0,0.0,0.0,0.0,0.0,0.0,0.0,0.0,0.0,0.0,0.0,0.0,0.0,0.0,0.0,,roster_only,2026-09-06T20:32:23+00:00
2026,1,401872659,00-0040980,Dominic DeLuca,BAL,IND,LB,0.0,0.0,0.0,0.0,0.0,0.0,0.0,0.0,0.0,0.0,0.0,0.0,0.0,0.0,0.0,0.0,0.0,0.0,0.0,0.0,0.0,0.0,0.0,,roster_only,2026-09-06T20:32:23+00:00
2026,1,401872659,00-0040978,Ethan Burke,BAL,IND,LB,0.0,0.0,0.0,0.0,0.0,0.0,0.0,0.0,0.0,0.0,0.0,0.0,0.0,0.0,0.0,0.0,0.0,0.0,1.1,0.0,4.6,0.138,0.1062736299237143,,backup,2026-09-06T20:32:23+00:00
2026,1,401872659,00-0040100,Jay Higgins IV,BAL,IND,LB,0.0,0.0,0.0,0.0,0.0,0.0,0.0,0.0,0.0,0.0,0.0,0.0,0.0,0.0,0.0,0.0,0.0,0.0,0.0,0.0,0.0,0.0,0.0,Questionable,roster_only,2026-09-06T20:32:23+00:00
2026,1,401872659,00-0040658,Kaimon Rucker,BAL,IND,LB,0.0,0.0,0.0,0.0,0.0,0.0,0.0,0.0,0.0,0.0,0.0,0.0,0.0,0.0,0.0,0.0,0.0,0.0,0.0,0.0,0.0,0.0,0.0,,roster_only,2026-09-06T20:32:23+00:00
2026,1,401872659,00-0040722,Mike Green,BAL,IND,LB,0.0,0.0,0.0,0.0,0.0,0.0,0.0,0.0,0.0,0.0,0.0,0.0,0.0,0.0,0.0,0.0,0.0,0.0,1.5,0.0,4.0,0.118,0.0950718442730334,,backup,2026-09-06T20:32:23+00:00
2026,1,401872659,00-0034874,Roquan Smith,BAL,IND,LB,0.0,0.0,0.0,0.0,0.0,0.0,0.0,0.0,0.0,0.0,0.0,0.0,0.0,0.0,0.0,0.0,0.0,0.0,0.0,0.0,0.0,0.0,0.0,,roster_only,2026-09-06T20:32:23+00:00
2026,1,401872659,00-0038505,Tavius Robinson,BAL,IND,LB,0.0,0.0,0.0,0.0,0.0,0.0,0.0,0.0,0.0,0.0,0.0,0.0,0.0,0.0,0.0,0.0,0.0,0.0,2.7,0.7,5.2,0.177,0.134956296408741,,starter,2026-09-06T20:32:23+00:00
2026,1,401872659,00-0040069,Teddye Buchanan,BAL,IND,LB,0.0,0.0,0.0,0.0,0.0,0.0,0.0,0.0,0.0,0.0,0.0,0.0,0.0,0.0,0.0,0.0,0.0,0.0,0.0,0.0,0.0,0.0,0.0,,roster_only,2026-09-06T20:32:23+00:00
2026,1,401872659,00-0038504,Trenton Simpson,BAL,IND,LB,0.0,0.0,0.0,0.0,0.0,0.0,0.0,0.0,0.0,0.0,0.0,0.0,0.0,0.0,0.0,0.0,0.0,0.0,0.0,0.0,0.0,0.0,0.0,,roster_only,2026-09-06T20:32:23+00:00
2026,1,401872659,00-0033935,Trey Hendrickson,BAL,IND,LB,0.0,0.0,0.0,0.0,0.0,0.0,0.0,0.0,0.0,0.0,0.0,0.0,0.0,0.0,0.0,0.0,0.0,0.0,1.7,0.0,4.0,0.271,0.2189214016638738,,starter,2026-09-06T20:32:23+00:00
2026,1,401872659,00-0041494,Zion Young,BAL,IND,LB,0.0,0.0,0.0,0.0,0.0,0.0,0.0,0.0,0.0,0.0,0.0,0.0,0.0,0.0,0.0,0.0,0.0,0.0,1.5,0.0,5.0,0.142,0.1084328110717292,,backup,2026-09-06T20:32:23+00:00
2026,1,401872659,00-0040074,Tyler Loop,BAL,IND,PK,0.0,0.0,0.0,0.0,0.0,0.0,0.0,0.0,0.0,0.0,0.0,0.0,0.0,0.0,0.0,7.1,2.5,12.3,0.0,0.0,0.0,0.0,0.0,Active,starter,2026-09-06T20:32:23+00:00
2026,1,401872659,00-0040981,Joe Fagnano,BAL,IND,QB,0.0,0.0,0.0,0.0,0.0,6.5,-9.2,31.2,0.147,0.1307861335567952,0.0,0.0,0.0,0.0,0.0,0.0,0.0,0.0,0.0,0.0,0.0,0.0,0.0,Active,backup,2026-09-06T20:32:23+00:00
2026,1,401872659,00-0034796,Lamar Jackson,BAL,IND,QB,190.7,99.6,296.9,1.476,0.8105890179349998,28.7,17.2,46.6,0.318,0.3036324944571688,0.0,0.0,0.0,0.0,0.0,0.0,0.0,0.0,0.0,0.0,0.0,0.0,0.0,Active,starter,2026-09-06T20:32:23+00:00
2026,1,401872659,00-0037327,Skylar Thompson,BAL,IND,QB,0.0,0.0,0.0,0.0,0.0,0.0,0.0,0.0,0.0,0.0,0.0,0.0,0.0,0.0,0.0,0.0,0.0,0.0,0.0,0.0,0.0,0.0,0.0,Injured Reserve,backup,2026-09-06T20:32:23+00:00
2026,1,401872659,00-0035993,Tyler Huntley,BAL,IND,QB,0.0,0.0,0.0,0.0,0.0,14.1,2.7,32.1,0.244,0.2247170245217008,0.0,0.0,0.0,0.0,0.0,0.0,0.0,0.0,0.0,0.0,0.0,0.0,0.0,Active,backup,2026-09-06T20:32:23+00:00
2026,1,401872659,00-0040888,Adam Randall,BAL,IND,RB,0.0,0.0,0.0,0.0,0.0,0.0,0.0,0.0,0.0,0.0,0.0,0.0,0.0,0.0,0.0,0.0,0.0,0.0,0.0,0.0,0.0,0.0,0.0,Injured Reserve,backup,2026-09-06T20:32:23+00:00
2026,1,401872659,00-0032764,Derrick Henry,BAL,IND,RB,0.0,0.0,0.0,0.0,0.0,82.5,61.6,115.3,0.464,0.3682373472949389,8.1,-5.9,39.6,0.045,0.0424710424710424,0.0,0.0,0.0,0.0,0.0,0.0,0.0,0.0,Active,starter,2026-09-06T20:32:23+00:00
2026,1,401872659,00-0035924,Jonathan Ward,BAL,IND,RB,0.0,0.0,0.0,0.0,0.0,0.0,0.0,0.0,0.0,0.0,0.0,0.0,0.0,0.0,0.0,0.0,0.0,0.0,0.0,0.0,0.0,0.0,0.0,,roster_only,2026-09-06T20:32:23+00:00
2026,1,401872659,00-0034975,Justice Hill,BAL,IND,RB,0.0,0.0,0.0,0.0,0.0,6.0,-4.2,22.0,0.079,0.074938123190365,6.5,-7.4,38.0,0.045,0.0424710424710424,0.0,0.0,0.0,0.0,0.0,0.0,0.0,0.0,Active,backup,2026-09-06T20:32:23+00:00
2026,1,401872659,00-0039796,Rasheen Ali,BAL,IND,RB,0.0,0.0,0.0,0.0,0.0,0.9,-9.2,16.9,0.016,0.0144228306433187,3.1,-10.8,34.6,0.045,0.0424710424710424,0.0,0.0,0.0,0.0,0.0,0.0,0.0,0.0,Active,backup,2026-09-06T20:32:23+00:00
2026,1,401872659,00-0040988,Jahquez Robinson,BAL,IND,S,0.0,0.0,0.0,0.0,0.0,0.0,0.0,0.0,0.0,0.0,0.0,0.0,0.0,0.0,0.0,0.0,0.0,0.0,0.0,0.0,0.0,0.0,0.0,Injured Reserve,backup,2026-09-06T20:32:23+00:00
2026,1,401872659,00-0036302,Jaylinn Hawkins,BAL,IND,S,0.0,0.0,0.0,0.0,0.0,0.0,0.0,0.0,0.0,0.0,0.0,0.0,0.0,0.0,0.0,0.0,0.0,0.0,4.1,1.4,7.5,0.016,0.0137029765283181,,starter,2026-09-06T20:32:23+00:00
2026,1,401872659,00-0040104,Keondre Jackson,BAL,IND,S,0.0,0.0,0.0,0.0,0.0,0.0,0.0,0.0,0.0,0.0,0.0,0.0,0.0,0.0,0.0,0.0,0.0,0.0,0.7,0.0,3.2,0.005,0.0038797284190106,,backup,2026-09-06T20:32:23+00:00
2026,1,401872659,00-0038038,Kyle Hamilton,BAL,IND,S,0.0,0.0,0.0,0.0,0.0,0.0,0.0,0.0,0.0,0.0,0.0,0.0,0.0,0.0,0.0,0.0,0.0,0.0,5.8,3.1,9.2,0.044,0.0364894058386373,,starter,2026-09-06T20:32:23+00:00
2026,1,401872659,00-0040688,Malaki Starks,BAL,IND,S,0.0,0.0,0.0,0.0,0.0,0.0,0.0,0.0,0.0,0.0,0.0,0.0,0.0,0.0,0.0,0.0,0.0,0.0,5.8,3.0,9.2,0.026,0.0223633755408659,,starter,2026-09-06T20:32:23+00:00
2026,1,401872659,00-0034798,Durham Smythe,BAL,IND,TE,0.0,0.0,0.0,0.0,0.0,0.0,-10.4,15.7,0.008,0.0071864111498257,3.7,-10.2,35.3,0.059,0.0563393180349997,0.0,0.0,0.0,0.0,0.0,0.0,0.0,0.0,,backup,2026-09-06T20:32:23+00:00
2026,1,401872659,00-0040887,Josh Cuevas,BAL,IND,TE,0.0,0.0,0.0,0.0,0.0,0.0,-14.3,21.7,0.008,0.0071864111498257,3.6,-15.6,46.9,0.064,0.0625312038494245,0.0,0.0,0.0,0.0,0.0,0.0,0.0,0.0,Active,backup,2026-09-06T20:32:23+00:00
2026,1,401872659,00-0034753,Mark Andrews,BAL,IND,TE,0.0,0.0,0.0,0.0,0.0,0.1,-10.0,16.1,0.008,0.0071864111498257,37.6,23.7,69.2,0.194,0.1751811966109211,0.0,0.0,0.0,0.0,0.0,0.0,0.0,0.0,Active,starter,2026-09-06T20:32:23+00:00
2026,1,401872659,00-0040879,Matthew Hibner,BAL,IND,TE,0.0,0.0,0.0,0.0,0.0,0.0,-14.3,21.7,0.008,0.0071864111498257,3.6,-15.6,46.9,0.064,0.0625312038494245,0.0,0.0,0.0,0.0,0.0,0.0,0.0,0.0,Active,backup,2026-09-06T20:32:23+00:00
2026,1,401872659,00-0032394,Nick Vannett,BAL,IND,TE,0.0,0.0,0.0,0.0,0.0,0.0,0.0,0.0,0.0,0.0,0.0,0.0,0.0,0.0,0.0,0.0,0.0,0.0,0.0,0.0,0.0,0.0,0.0,,roster_only,2026-09-06T20:32:23+00:00
2026,1,401872659,00-0040986,Ty Pezza,BAL,IND,TE,0.0,0.0,0.0,0.0,0.0,0.0,0.0,0.0,0.0,0.0,0.0,0.0,0.0,0.0,0.0,0.0,0.0,0.0,0.0,0.0,0.0,0.0,0.0,,roster_only,2026-09-06T20:32:23+00:00
2026,1,401872659,00-0032398,Chris Moore,BAL,IND,WR,0.0,0.0,0.0,0.0,0.0,0.0,0.0,0.0,0.0,0.0,0.0,0.0,0.0,0.0,0.0,0.0,0.0,0.0,0.0,0.0,0.0,0.0,0.0,,roster_only,2026-09-06T20:32:23+00:00
2026,1,401872659,00-0039792,Devontez Walker,BAL,IND,WR,0.0,0.0,0.0,0.0,0.0,0.0,-10.4,15.8,0.008,0.0071864111498257,5.3,-8.6,36.9,0.034,0.0328031358292685,0.0,0.0,0.0,0.0,0.0,0.0,0.0,0.0,Active,backup,2026-09-06T20:32:23+00:00
2026,1,401872659,00-0040876,Elijah Sarratt,BAL,IND,WR,0.0,0.0,0.0,0.0,0.0,0.0,-14.2,21.8,0.008,0.0071864111498257,5.7,-13.4,49.1,0.08,0.0786920185418796,0.0,0.0,0.0,0.0,0.0,0.0,0.0,0.0,Active,backup,2026-09-06T20:32:23+00:00
2026,1,401872659,00-0040870,Ja'Kobi Lane,BAL,IND,WR,0.0,0.0,0.0,0.0,0.0,0.0,-14.2,21.8,0.008,0.0071864111498257,5.7,-13.4,49.1,0.08,0.0786920185418796,0.0,0.0,0.0,0.0,0.0,0.0,0.0,0.0,Active,backup,2026-09-06T20:32:23+00:00
2026,1,401872659,00-0040075,LaJohntay Wester,BAL,IND,WR,0.0,0.0,0.0,0.0,0.0,0.1,-10.1,16.0,0.008,0.0071864111498257,1.0,-12.9,32.5,0.023,0.0231660231660231,0.0,0.0,0.0,0.0,0.0,0.0,0.0,0.0,,backup,2026-09-06T20:32:23+00:00
2026,1,401872659,00-0036550,Rashod Bateman,BAL,IND,WR,0.0,0.0,0.0,0.0,0.0,0.0,-10.3,15.8,0.008,0.0071864111498257,14.7,0.8,46.2,0.136,0.1165678331735175,0.0,0.0,0.0,0.0,0.0,0.0,0.0,0.0,Active,backup,2026-09-06T20:32:23+00:00
2026,1,401872659,00-0040099,Xavier Guillory,BAL,IND,WR,0.0,0.0,0.0,0.0,0.0,0.0,0.0,0.0,0.0,0.0,0.0,0.0,0.0,0.0,0.0,0.0,0.0,0.0,0.0,0.0,0.0,0.0,0.0,,roster_only,2026-09-06T20:32:23+00:00
2026,1,401872659,00-0039064,Zay Flowers,BAL,IND,WR,0.0,0.0,0.0,0.0,0.0,0.6,-9.5,16.6,0.008,0.0071864111498257,47.6,23.5,102.4,0.291,0.2631185926773774,0.0,0.0,0.0,0.0,0.0,0.0,0.0,0.0,Questionable,starter,2026-09-06T20:32:23+00:00
2026,1,401872659,00-0037753,Cam Taylor-Britt,IND,BAL,CB,0.0,0.0,0.0,0.0,0.0,0.0,0.0,0.0,0.0,0.0,0.0,0.0,0.0,0.0,0.0,0.0,0.0,0.0,0.0,0.0,0.0,0.0,0.0,Suspension,backup,2026-09-06T20:32:23+00:00
2026,1,401872659,00-0038585,Cameron Mitchell,IND,BAL,CB,0.0,0.0,0.0,0.0,0.0,0.0,0.0,0.0,0.0,0.0,0.0,0.0,0.0,0.0,0.0,0.0,0.0,0.0,0.0,0.0,0.0,0.0,0.0,Injured Reserve,backup,2026-09-06T20:32:23+00:00
2026,1,401872659,00-0034573,Charvarius Ward,IND,BAL,CB,0.0,0.0,0.0,0.0,0.0,0.0,0.0,0.0,0.0,0.0,0.0,0.0,0.0,0.0,0.0,0.0,0.0,0.0,4.0,1.3,7.4,0.012,0.0094687907026245,Questionable,starter,2026-09-06T20:32:23+00:00
2026,1,401872659,00-0038407,Jaylon Jones,IND,BAL,CB,0.0,0.0,0.0,0.0,0.0,0.0,0.0,0.0,0.0,0.0,0.0,0.0,0.0,0.0,0.0,0.0,0.0,0.0,1.3,0.0,3.8,0.005,0.0038797284190106,,backup,2026-09-06T20:32:23+00:00
2026,1,401872659,00-0040347,Johnathan Edwards,IND,BAL,CB,0.0,0.0,0.0,0.0,0.0,0.0,0.0,0.0,0.0,0.0,0.0,0.0,0.0,0.0,0.0,0.0,0.0,0.0,0.9,0.0,3.7,0.005,0.0040446193249777,,backup,2026-09-06T20:32:23+00:00
2026,1,401872659,00-0040139,Justin Walley,IND,BAL,CB,0.0,0.0,0.0,0.0,0.0,0.0,0.0,0.0,0.0,0.0,0.0,0.0,0.0,0.0,0.0,0.0,0.0,0.0,3.6,0.7,7.3,0.014,0.0115007987780996,,starter,2026-09-06T20:32:23+00:00
2026,1,401872659,00-0040928,Kapena Gushiken,IND,BAL,CB,0.0,0.0,0.0,0.0,0.0,0.0,0.0,0.0,0.0,0.0,0.0,0.0,0.0,0.0,0.0,0.0,0.0,0.0,2.2,0.0,6.2,0.01,0.0082220560251938,,backup,2026-09-06T20:32:23+00:00
2026,1,401872659,00-0026836,Kenneth Harris,IND,BAL,CB,0.0,0.0,0.0,0.0,0.0,0.0,0.0,0.0,0.0,0.0,0.0,0.0,0.0,0.0,0.0,0.0,0.0,0.0,0.0,0.0,0.0,0.0,0.0,Active,roster_only,2026-09-06T20:32:23+00:00
2026,1,401872659,00-0040790,Rob Carter Jr.,IND,BAL,CB,0.0,0.0,0.0,0.0,0.0,0.0,0.0,0.0,0.0,0.0,0.0,0.0,0.0,0.0,0.0,0.0,0.0,0.0,0.0,0.0,0.0,0.0,0.0,,roster_only,2026-09-06T20:32:23+00:00
2026,1,401872659,00-0037190,Sauce Gardner,IND,BAL,CB,0.0,0.0,0.0,0.0,0.0,0.0,0.0,0.0,0.0,0.0,0.0,0.0,0.0,0.0,0.0,0.0,0.0,0.0,3.4,0.7,6.8,0.011,0.0091904309354849,,starter,2026-09-06T20:32:23+00:00
2026,1,401872659,00-0034825,Arden Key,IND,BAL,DE,0.0,0.0,0.0,0.0,0.0,0.0,0.0,0.0,0.0,0.0,0.0,0.0,0.0,0.0,0.0,0.0,0.0,0.0,1.7,0.0,4.1,0.178,0.1354028755233675,,starter,2026-09-06T20:32:23+00:00
2026,1,401872659,00-0040744,Jaylahn Tuimoloau,IND,BAL,DE,0.0,0.0,0.0,0.0,0.0,0.0,0.0,0.0,0.0,0.0,0.0,0.0,0.0,0.0,0.0,0.0,0.0,0.0,0.8,0.0,3.3,0.04,0.032992004298855,,backup,2026-09-06T20:32:23+00:00
2026,1,401872659,00-0039340,Laiatu Latu,IND,BAL,DE,0.0,0.0,0.0,0.0,0.0,0.0,0.0,0.0,0.0,0.0,0.0,0.0,0.0,0.0,0.0,0.0,0.0,0.0,2.2,0.3,4.8,0.247,0.1981441840705304,,starter,2026-09-06T20:32:23+00:00
2026,1,401872659,00-0038107,Micheal Clemons,IND,BAL,DE,0.0,0.0,0.0,0.0,0.0,0.0,0.0,0.0,0.0,0.0,0.0,0.0,0.0,0.0,0.0,0.0,0.0,0.0,1.4,0.0,3.9,0.128,0.100345003439226,,backup,2026-09-06T20:32:23+00:00
2026,1,401872659,00-0041230,Mitchell Melton,IND,BAL,DE,0.0,0.0,0.0,0.0,0.0,0.0,0.0,0.0,0.0,0.0,0.0,0.0,0.0,0.0,0.0,0.0,0.0,0.0,0.0,0.0,0.0,0.0,0.0,,roster_only,2026-09-06T20:32:23+00:00
2026,1,401872659,00-0039031,Adetomiwa Adebawore,IND,BAL,DT,0.0,0.0,0.0,0.0,0.0,0.0,0.0,0.0,0.0,0.0,0.0,0.0,0.0,0.0,0.0,0.0,0.0,0.0,1.6,0.0,4.0,0.256,0.2061497324243558,,backup,2026-09-06T20:32:23+00:00
2026,1,401872659,00-0041225,Cameron Ball,IND,BAL,DT,0.0,0.0,0.0,0.0,0.0,0.0,0.0,0.0,0.0,0.0,0.0,0.0,0.0,0.0,0.0,0.0,0.0,0.0,0.0,0.0,0.0,0.0,0.0,,roster_only,2026-09-06T20:32:23+00:00
2026,1,401872659,00-0032378,DeForest Buckner,IND,BAL,DT,0.0,0.0,0.0,0.0,0.0,0.0,0.0,0.0,0.0,0.0,0.0,0.0,0.0,0.0,0.0,0.0,0.0,0.0,3.4,1.4,5.8,0.289,0.2333480554574441,,starter,2026-09-06T20:32:23+00:00
2026,1,401872659,00-0033952,Grover Stewart,IND,BAL,DT,0.0,0.0,0.0,0.0,0.0,0.0,0.0,0.0,0.0,0.0,0.0,0.0,0.0,0.0,0.0,0.0,0.0,0.0,2.6,0.6,5.1,0.078,0.06338842684126,,starter,2026-09-06T20:32:23+00:00
2026,1,401872659,00-0035674,Jerry Tillery,IND,BAL,DT,0.0,0.0,0.0,0.0,0.0,0.0,0.0,0.0,0.0,0.0,0.0,0.0,0.0,0.0,0.0,0.0,0.0,0.0,1.1,0.0,3.7,0.088,0.0699842286496489,,backup,2026-09-06T20:32:23+00:00
2026,1,401872659,00-0040207,Tim Smith,IND,BAL,DT,0.0,0.0,0.0,0.0,0.0,0.0,0.0,0.0,0.0,0.0,0.0,0.0,0.0,0.0,0.0,0.0,0.0,0.0,0.9,0.0,4.4,0.148,0.1116429835278201,,backup,2026-09-06T20:32:23+00:00
2026,1,401872659,00-0036298,Akeem Davis-Gaither,IND,BAL,LB,0.0,0.0,0.0,0.0,0.0,0.0,0.0,0.0,0.0,0.0,0.0,0.0,0.0,0.0,0.0,0.0,0.0,0.0,5.6,2.4,9.6,0.02,0.0170131836701492,,starter,2026-09-06T20:32:23+00:00
2026,1,401872659,00-0039178,Austin Ajiake,IND,BAL,LB,0.0,0.0,0.0,0.0,0.0,0.0,0.0,0.0,0.0,0.0,0.0,0.0,0.0,0.0,0.0,0.0,0.0,0.0,1.1,0.0,3.5,0.016,0.014203175806163,,backup,2026-09-06T20:32:23+00:00
2026,1,401872659,00-0041518,Bryce Boettcher,IND,BAL,LB,0.0,0.0,0.0,0.0,0.0,0.0,0.0,0.0,0.0,0.0,0.0,0.0,0.0,0.0,0.0,0.0,0.0,0.0,3.3,0.6,6.7,0.138,0.1064729185730707,,starter,2026-09-06T20:32:23+00:00
2026,1,401872659,00-0041039,CJ Allen,IND,BAL,LB,0.0,0.0,0.0,0.0,0.0,0.0,0.0,0.0,0.0,0.0,0.0,0.0,0.0,0.0,0.0,0.0,0.0,0.0,3.3,0.6,6.7,0.138,0.1064729185730707,Active,starter,2026-09-06T20:32:23+00:00
2026,1,401872659,00-0041111,Caden Curry,IND,BAL,LB,0.0,0.0,0.0,0.0,0.0,0.0,0.0,0.0,0.0,0.0,0.0,0.0,0.0,0.0,0.0,0.0,0.0,0.0,1.1,0.0,4.7,0.12,0.0959074087584126,,backup,2026-09-06T20:32:23+00:00
2026,1,401872659,00-0041080,George Gumbs Jr.,IND,BAL,LB,0.0,0.0,0.0,0.0,0.0,0.0,0.0,0.0,0.0,0.0,0.0,0.0,0.0,0.0,0.0,0.0,0.0,0.0,1.1,0.0,4.7,0.12,0.0959074087584126,,backup,2026-09-06T20:32:23+00:00
2026,1,401872659,00-0039377,Jaylon Carlies,IND,BAL,LB,0.0,0.0,0.0,0.0,0.0,0.0,0.0,0.0,0.0,0.0,0.0,0.0,0.0,0.0,0.0,0.0,0.0,0.0,1.0,0.0,3.4,0.085,0.0677824584279399,,backup,2026-09-06T20:32:23+00:00
2026,1,401872659,00-0041227,Tahj Chambers,IND,BAL,LB,0.0,0.0,0.0,0.0,0.0,0.0,0.0,0.0,0.0,0.0,0.0,0.0,0.0,0.0,0.0,0.0,0.0,0.0,1.5,0.0,5.0,0.126,0.0992613264705513,,backup,2026-09-06T20:32:23+00:00
2026,1,401872659,00-0041236,West Weeks,IND,BAL,LB,0.0,0.0,0.0,0.0,0.0,0.0,0.0,0.0,0.0,0.0,0.0,0.0,0.0,0.0,0.0,0.0,0.0,0.0,0.0,0.0,0.0,0.0,0.0,,roster_only,2026-09-06T20:32:23+00:00
2026,1,401872659,00-0039576,Spencer Shrader,IND,BAL,PK,0.0,0.0,0.0,0.0,0.0,0.0,0.0,0.0,0.0,0.0,0.0,0.0,0.0,0.0,0.0,7.1,2.0,12.9,0.0,0.0,0.0,0.0,0.0,Active,starter,2026-09-06T20:32:23+00:00
2026,1,401872659,00-0039164,Anthony Richardson Sr.,IND,BAL,QB,0.0,0.0,0.0,0.0,0.0,16.6,5.2,34.6,0.191,0.1653871838328585,0.0,0.0,0.0,0.0,0.0,0.0,0.0,0.0,0.0,0.0,0.0,0.0,0.0,Active,backup,2026-09-06T20:32:23+00:00
2026,1,401872659,00-0035710,Daniel Jones,IND,BAL,QB,212.2,121.0,318.3,1.134,0.6547619047619048,14.4,4.2,30.3,0.136,0.1219410972998096,0.0,0.0,0.0,0.0,0.0,0.0,0.0,0.0,0.0,0.0,0.0,0.0,0.0,Active,starter,2026-09-06T20:32:23+00:00
2026,1,401872659,00-0040206,Riley Leonard,IND,BAL,QB,0.0,0.0,0.0,0.0,0.0,1.8,-8.3,17.8,0.008,0.0071864111498257,0.0,0.0,0.0,0.0,0.0,0.0,0.0,0.0,0.0,0.0,0.0,0.0,0.0,Active,backup,2026-09-06T20:32:23+00:00
2026,1,401872659,00-0041486,Anderson Castle,IND,BAL,RB,0.0,0.0,0.0,0.0,0.0,0.0,0.0,0.0,0.0,0.0,0.0,0.0,0.0,0.0,0.0,0.0,0.0,0.0,0.0,0.0,0.0,0.0,0.0,,roster_only,2026-09-06T20:32:23+00:00
2026,1,401872659,00-0040179,DJ Giddens,IND,BAL,RB,0.0,0.0,0.0,0.0,0.0,9.1,-1.1,25.1,0.136,0.121660945173771,0.0,-15.1,30.3,0.023,0.0231660231660231,0.0,0.0,0.0,0.0,0.0,0.0,0.0,0.0,Active,backup,2026-09-06T20:32:23+00:00
2026,1,401872659,00-0041277,Davon Booth,IND,BAL,RB,0.0,0.0,0.0,0.0,0.0,0.0,0.0,0.0,0.0,0.0,0.0,0.0,0.0,0.0,0.0,0.0,0.0,0.0,0.0,0.0,0.0,0.0,0.0,,roster_only,2026-09-06T20:32:23+00:00
2026,1,401872659,00-0036223,Jonathan Taylor,IND,BAL,RB,0.0,0.0,0.0,0.0,0.0,76.2,55.4,109.0,0.464,0.3682373472949389,14.5,0.6,46.0,0.088,0.085543005093546,0.0,0.0,0.0,0.0,0.0,0.0,0.0,0.0,Active,starter,2026-09-06T20:32:23+00:00
2026,1,401872659,00-0041125,Seth McGowan,IND,BAL,RB,0.0,0.0,0.0,0.0,0.0,12.2,-16.5,57.3,0.114,0.1040230605976953,1.0,-18.1,44.4,0.045,0.0424710424710424,0.0,0.0,0.0,0.0,0.0,0.0,0.0,0.0,Active,backup,2026-09-06T20:32:23+00:00
2026,1,401872659,00-0040476,Ulysses Bentley IV,IND,BAL,RB,0.0,0.0,0.0,0.0,0.0,0.0,0.0,0.0,0.0,0.0,0.0,0.0,0.0,0.0,0.0,0.0,0.0,0.0,0.0,0.0,0.0,0.0,0.0,,roster_only,2026-09-06T20:32:23+00:00
2026,1,401872659,00-0041043,A.J. Haulcy,IND,BAL,S,0.0,0.0,0.0,0.0,0.0,0.0,0.0,0.0,0.0,0.0,0.0,0.0,0.0,0.0,0.0,0.0,0.0,0.0,3.6,0.7,7.4,0.013,0.0104303495802723,Questionable,starter,2026-09-06T20:32:23+00:00
2026,1,401872659,00-0036629,Cam Bynum,IND,BAL,S,0.0,0.0,0.0,0.0,0.0,0.0,0.0,0.0,0.0,0.0,0.0,0.0,0.0,0.0,0.0,0.0,0.0,0.0,5.7,2.9,9.0,0.016,0.0137029765283181,,starter,2026-09-06T20:32:23+00:00
2026,1,401872659,00-0038392,Daniel Scott,IND,BAL,S,0.0,0.0,0.0,0.0,0.0,0.0,0.0,0.0,0.0,0.0,0.0,0.0,0.0,0.0,0.0,0.0,0.0,0.0,0.0,0.0,0.0,0.0,0.0,,roster_only,2026-09-06T20:32:23+00:00
2026,1,401872659,00-0040235,Hunter Wohler,IND,BAL,S,0.0,0.0,0.0,0.0,0.0,0.0,0.0,0.0,0.0,0.0,0.0,0.0,0.0,0.0,0.0,0.0,0.0,0.0,1.7,0.0,5.5,0.012,0.0096217860250967,,backup,2026-09-06T20:32:23+00:00
2026,1,401872659,00-0034485,Jonathan Owens,IND,BAL,S,0.0,0.0,0.0,0.0,0.0,0.0,0.0,0.0,0.0,0.0,0.0,0.0,0.0,0.0,0.0,0.0,0.0,0.0,1.1,0.0,3.6,0.004,0.0038797284190106,,backup,2026-09-06T20:32:23+00:00
2026,1,401872659,00-0040357,Trey Washington,IND,BAL,S,0.0,0.0,0.0,0.0,0.0,0.0,0.0,0.0,0.0,0.0,0.0,0.0,0.0,0.0,0.0,0.0,0.0,0.0,0.0,0.0,0.0,0.0,0.0,,roster_only,2026-09-06T20:32:23+00:00
2026,1,401872659,00-0040853,Carson Towt,IND,BAL,TE,0.0,0.0,0.0,0.0,0.0,0.0,0.0,0.0,0.0,0.0,0.0,0.0,0.0,0.0,0.0,0.0,0.0,0.0,0.0,0.0,0.0,0.0,0.0,Injured Reserve,backup,2026-09-06T20:32:23+00:00
2026,1,401872659,00-0037292,Drew Ogletree,IND,BAL,TE,0.0,0.0,0.0,0.0,0.0,0.0,-10.4,15.7,0.008,0.0071864111498257,1.7,-12.2,33.2,0.045,0.0424710424710424,0.0,0.0,0.0,0.0,0.0,0.0,0.0,0.0,,backup,2026-09-06T20:32:23+00:00
2026,1,401872659,00-0033217,Mo Alie-Cox,IND,BAL,TE,0.0,0.0,0.0,0.0,0.0,0.0,-10.3,15.8,0.008,0.0071864111498257,7.4,-6.5,38.9,0.079,0.0784120979240193,0.0,0.0,0.0,0.0,0.0,0.0,0.0,0.0,,backup,2026-09-06T20:32:23+00:00
2026,1,401872659,00-0033439,Pharaoh Brown,IND,BAL,TE,0.0,0.0,0.0,0.0,0.0,0.0,0.0,0.0,0.0,0.0,0.0,0.0,0.0,0.0,0.0,0.0,0.0,0.0,0.0,0.0,0.0,0.0,0.0,,roster_only,2026-09-06T20:32:23+00:00
2026,1,401872659,00-0036032,Sean McKeon,IND,BAL,TE,0.0,0.0,0.0,0.0,0.0,0.0,-10.5,15.7,0.008,0.0071864111498257,0.0,-13.9,31.6,0.033,0.0320768529844343,0.0,0.0,0.0,0.0,0.0,0.0,0.0,0.0,Questionable,roster_only,2026-09-06T20:32:23+00:00
2026,1,401872659,00-0040128,Tyler Warren,IND,BAL,TE,0.0,0.0,0.0,0.0,0.0,0.6,-9.6,16.5,0.053,0.0532467555267284,47.9,30.4,87.7,0.297,0.2691370832953424,0.0,0.0,0.0,0.0,0.0,0.0,0.0,0.0,Questionable,starter,2026-09-06T20:32:23+00:00
2026,1,401872659,00-0038394,Will Mallory,IND,BAL,TE,0.0,0.0,0.0,0.0,0.0,0.0,0.0,0.0,0.0,0.0,0.0,0.0,0.0,0.0,0.0,0.0,0.0,0.0,0.0,0.0,0.0,0.0,0.0,Injured Reserve,backup,2026-09-06T20:32:23+00:00
2026,1,401872659,00-0037664,Alec Pierce,IND,BAL,WR,0.0,0.0,0.0,0.0,0.0,1.2,-8.9,17.2,0.008,0.0071864111498257,49.2,35.3,80.8,0.131,0.1099196223054447,0.0,0.0,0.0,0.0,0.0,0.0,0.0,0.0,Active,starter,2026-09-06T20:32:23+00:00
2026,1,401872659,00-0039816,Anthony Gould,IND,BAL,WR,0.0,0.0,0.0,0.0,0.0,0.0,0.0,0.0,0.0,0.0,0.0,0.0,0.0,0.0,0.0,0.0,0.0,0.0,0.0,0.0,0.0,0.0,0.0,,roster_only,2026-09-06T20:32:23+00:00
2026,1,401872659,00-0035021,Ashton Dulin,IND,BAL,WR,0.0,0.0,0.0,0.0,0.0,1.5,-8.7,17.5,0.008,0.0071864111498257,0.9,-13.0,32.4,0.028,0.0262841468324445,0.0,0.0,0.0,0.0,0.0,0.0,0.0,0.0,Active,backup,2026-09-06T20:32:23+00:00
2026,1,401872659,00-0040352,Coleman Owen,IND,BAL,WR,0.0,0.0,0.0,0.0,0.0,0.0,0.0,0.0,0.0,0.0,0.0,0.0,0.0,0.0,0.0,0.0,0.0,0.0,0.0,0.0,0.0,0.0,0.0,Injured Reserve,backup,2026-09-06T20:32:23+00:00
2026,1,401872659,00-0035045,D.J. Montgomery,IND,BAL,WR,0.0,0.0,0.0,0.0,0.0,0.0,0.0,0.0,0.0,0.0,0.0,0.0,0.0,0.0,0.0,0.0,0.0,0.0,0.0,0.0,0.0,0.0,0.0,Injured Reserve,backup,2026-09-06T20:32:23+00:00
2026,1,401872659,00-0041132,Deion Burks,IND,BAL,WR,0.0,0.0,0.0,0.0,0.0,1.1,-12.9,23.1,0.008,0.0071864111498257,4.3,-14.8,47.7,0.045,0.0424710424710424,0.0,0.0,0.0,0.0,0.0,0.0,0.0,0.0,,backup,2026-09-06T20:32:23+00:00
2026,1,401872659,00-0038997,Josh Downs,IND,BAL,WR,0.0,0.0,0.0,0.0,0.0,1.1,-9.1,17.0,0.008,0.0071864111498257,25.7,1.5,80.5,0.239,0.2157980673944063,0.0,0.0,0.0,0.0,0.0,0.0,0.0,0.0,Questionable,backup,2026-09-06T20:32:23+00:00
2026,1,401872659,00-0030279,Keenan Allen,IND,BAL,WR,0.0,0.0,0.0,0.0,0.0,1.0,-9.1,17.0,0.008,0.0071864111498257,19.1,-5.1,73.9,0.133,0.1131860437933692,0.0,0.0,0.0,0.0,0.0,0.0,0.0,0.0,Active,backup,2026-09-06T20:32:23+00:00
2026,1,401872659,00-0032951,Laquon Treadwell,IND,BAL,WR,0.0,0.0,0.0,0.0,0.0,1.0,-9.1,17.0,0.008,0.0071864111498257,0.0,-14.1,31.3,0.023,0.0231660231660231,0.0,0.0,0.0,0.0,0.0,0.0,0.0,0.0,,backup,2026-09-06T20:32:23+00:00
2026,1,401872659,00-0036182,Nick Westbrook-Ikhine,IND,BAL,WR,0.0,0.0,0.0,0.0,0.0,0.0,0.0,0.0,0.0,0.0,0.0,0.0,0.0,0.0,0.0,0.0,0.0,0.0,0.0,0.0,0.0,0.0,0.0,,roster_only,2026-09-06T20:32:23+00:00
2026,1,401872660,00-0038848,Anthony Kendall,BUF,HOU,CB,0.0,0.0,0.0,0.0,0.0,0.0,0.0,0.0,0.0,0.0,0.0,0.0,0.0,0.0,0.0,0.0,0.0,0.0,0.0,0.0,0.0,0.0,0.0,,roster_only,2026-09-06T20:32:23+00:00
2026,1,401872660,00-0037288,Christian Benford,BUF,HOU,CB,0.0,0.0,0.0,0.0,0.0,0.0,0.0,0.0,0.0,0.0,0.0,0.0,0.0,0.0,0.0,0.0,0.0,0.0,3.6,0.8,7.0,0.016,0.0137029765283181,,starter,2026-09-06T20:32:23+00:00
2026,1,401872660,00-0041391,Davison Igbinosun,BUF,HOU,CB,0.0,0.0,0.0,0.0,0.0,0.0,0.0,0.0,0.0,0.0,0.0,0.0,0.0,0.0,0.0,0.0,0.0,0.0,2.0,0.0,5.9,0.013,0.0102855790229002,,backup,2026-09-06T20:32:23+00:00
2026,1,401872660,00-0037034,Dee Alford,BUF,HOU,CB,0.0,0.0,0.0,0.0,0.0,0.0,0.0,0.0,0.0,0.0,0.0,0.0,0.0,0.0,0.0,0.0,0.0,0.0,3.9,1.6,6.5,0.016,0.0137029765283181,,starter,2026-09-06T20:32:23+00:00
2026,1,401872660,00-0040197,Dorian Strong,BUF,HOU,CB,0.0,0.0,0.0,0.0,0.0,0.0,0.0,0.0,0.0,0.0,0.0,0.0,0.0,0.0,0.0,0.0,0.0,0.0,0.0,0.0,0.0,0.0,0.0,,backup,2026-09-06T20:32:23+00:00
2026,1,401872660,00-0040192,Jordan Hancock,BUF,HOU,CB,0.0,0.0,0.0,0.0,0.0,0.0,0.0,0.0,0.0,0.0,0.0,0.0,0.0,0.0,0.0,0.0,0.0,0.0,0.9,0.0,3.4,0.006,0.0045780949929138,,backup,2026-09-06T20:32:23+00:00
2026,1,401872660,00-0041275,Kani Walker,BUF,HOU,CB,0.0,0.0,0.0,0.0,0.0,0.0,0.0,0.0,0.0,0.0,0.0,0.0,0.0,0.0,0.0,0.0,0.0,0.0,0.0,0.0,0.0,0.0,0.0,,roster_only,2026-09-06T20:32:23+00:00
2026,1,401872660,00-0040709,Maxwell Hairston,BUF,HOU,CB,0.0,0.0,0.0,0.0,0.0,0.0,0.0,0.0,0.0,0.0,0.0,0.0,0.0,0.0,0.0,0.0,0.0,0.0,3.0,0.8,5.7,0.016,0.0137029765283181,,starter,2026-09-06T20:32:23+00:00
2026,1,401872660,00-0039469,Te'Cory Couch,BUF,HOU,CB,0.0,0.0,0.0,0.0,0.0,0.0,0.0,0.0,0.0,0.0,0.0,0.0,0.0,0.0,0.0,0.0,0.0,0.0,0.0,0.0,0.0,0.0,0.0,,roster_only,2026-09-06T20:32:23+00:00
2026,1,401872660,00-0040132,Landon Jackson,BUF,HOU,DE,0.0,0.0,0.0,0.0,0.0,0.0,0.0,0.0,0.0,0.0,0.0,0.0,0.0,0.0,0.0,0.0,0.0,0.0,0.7,0.0,4.2,0.138,0.1064986594654236,Active,backup,2026-09-06T20:32:23+00:00
2026,1,401872660,00-0035933,Michael Hoecht,BUF,HOU,DE,0.0,0.0,0.0,0.0,0.0,0.0,0.0,0.0,0.0,0.0,0.0,0.0,0.0,0.0,0.0,0.0,0.0,0.0,1.8,0.0,4.2,0.213,0.1677212522110434,,backup,2026-09-06T20:32:23+00:00
2026,1,401872660,00-0036378,Mike Danna,BUF,HOU,DE,0.0,0.0,0.0,0.0,0.0,0.0,0.0,0.0,0.0,0.0,0.0,0.0,0.0,0.0,0.0,0.0,0.0,0.0,1.1,0.0,3.7,0.144,0.1097256212778831,,backup,2026-09-06T20:32:23+00:00
2026,1,401872660,00-0039873,DeWayne Carter,BUF,HOU,DT,0.0,0.0,0.0,0.0,0.0,0.0,0.0,0.0,0.0,0.0,0.0,0.0,0.0,0.0,0.0,0.0,0.0,0.0,1.9,0.0,4.4,0.121,0.0962542032646402,,backup,2026-09-06T20:32:23+00:00
2026,1,401872660,00-0040710,Deone Walker,BUF,HOU,DT,0.0,0.0,0.0,0.0,0.0,0.0,0.0,0.0,0.0,0.0,0.0,0.0,0.0,0.0,0.0,0.0,0.0,0.0,2.3,0.4,4.8,0.127,0.0998705196458125,,starter,2026-09-06T20:32:23+00:00
2026,1,401872660,00-0035230,Ed Oliver,BUF,HOU,DT,0.0,0.0,0.0,0.0,0.0,0.0,0.0,0.0,0.0,0.0,0.0,0.0,0.0,0.0,0.0,0.0,0.0,0.0,2.3,0.4,4.8,0.241,0.1927202726195739,,starter,2026-09-06T20:32:23+00:00
2026,1,401872660,00-0035667,Greg Gaines,BUF,HOU,DT,0.0,0.0,0.0,0.0,0.0,0.0,0.0,0.0,0.0,0.0,0.0,0.0,0.0,0.0,0.0,0.0,0.0,0.0,1.2,0.0,3.7,0.085,0.0680142073093358,Active,backup,2026-09-06T20:32:23+00:00
2026,1,401872660,00-0038099,Phidarian Mathis,BUF,HOU,DT,0.0,0.0,0.0,0.0,0.0,0.0,0.0,0.0,0.0,0.0,0.0,0.0,0.0,0.0,0.0,0.0,0.0,0.0,0.0,0.0,0.0,0.0,0.0,Suspension,backup,2026-09-06T20:32:23+00:00
2026,1,401872660,00-0040724,T.J. Sanders,BUF,HOU,DT,0.0,0.0,0.0,0.0,0.0,0.0,0.0,0.0,0.0,0.0,0.0,0.0,0.0,0.0,0.0,0.0,0.0,0.0,2.1,0.2,4.6,0.117,0.094213066430306,,starter,2026-09-06T20:32:23+00:00
2026,1,401872660,00-0041091,Zane Durant,BUF,HOU,DT,0.0,0.0,0.0,0.0,0.0,0.0,0.0,0.0,0.0,0.0,0.0,0.0,0.0,0.0,0.0,0.0,0.0,0.0,0.0,0.0,0.0,0.0,0.0,Injured Reserve,backup,2026-09-06T20:32:23+00:00
2026,1,401872660,00-0038635,Andre Jones Jr.,BUF,HOU,LB,0.0,0.0,0.0,0.0,0.0,0.0,0.0,0.0,0.0,0.0,0.0,0.0,0.0,0.0,0.0,0.0,0.0,0.0,0.0,0.0,0.0,0.0,0.0,,roster_only,2026-09-06T20:32:23+00:00
2026,1,401872660,00-0034832,Bradley Chubb,BUF,HOU,LB,0.0,0.0,0.0,0.0,0.0,0.0,0.0,0.0,0.0,0.0,0.0,0.0,0.0,0.0,0.0,0.0,0.0,0.0,3.1,0.1,7.2,0.39,0.3108971253602417,,starter,2026-09-06T20:32:23+00:00
2026,1,401872660,00-0038557,Dorian Williams,BUF,HOU,LB,0.0,0.0,0.0,0.0,0.0,0.0,0.0,0.0,0.0,0.0,0.0,0.0,0.0,0.0,0.0,0.0,0.0,0.0,0.0,0.0,0.0,0.0,0.0,Active,roster_only,2026-09-06T20:32:23+00:00
2026,1,401872660,00-0036914,Greg Rousseau,BUF,HOU,LB,0.0,0.0,0.0,0.0,0.0,0.0,0.0,0.0,0.0,0.0,0.0,0.0,0.0,0.0,0.0,0.0,0.0,0.0,2.7,0.0,6.9,0.397,0.3154098354274238,,starter,2026-09-06T20:32:23+00:00
2026,1,401872660,00-0039879,Javon Solomon,BUF,HOU,LB,0.0,0.0,0.0,0.0,0.0,0.0,0.0,0.0,0.0,0.0,0.0,0.0,0.0,0.0,0.0,0.0,0.0,0.0,0.9,0.0,3.3,0.067,0.0556692985273909,,backup,2026-09-06T20:32:23+00:00
2026,1,401872660,00-0039763,Joe Andreessen,BUF,HOU,LB,0.0,0.0,0.0,0.0,0.0,0.0,0.0,0.0,0.0,0.0,0.0,0.0,0.0,0.0,0.0,0.0,0.0,0.0,0.0,0.0,0.0,0.0,0.0,,roster_only,2026-09-06T20:32:23+00:00
2026,1,401872660,00-0041444,Kaleb Elarms-Orr,BUF,HOU,LB,0.0,0.0,0.0,0.0,0.0,0.0,0.0,0.0,0.0,0.0,0.0,0.0,0.0,0.0,0.0,0.0,0.0,0.0,0.0,0.0,0.0,0.0,0.0,,roster_only,2026-09-06T20:32:23+00:00
2026,1,401872660,00-0040362,Keonta Jenkins,BUF,HOU,LB,0.0,0.0,0.0,0.0,0.0,0.0,0.0,0.0,0.0,0.0,0.0,0.0,0.0,0.0,0.0,0.0,0.0,0.0,0.0,0.0,0.0,0.0,0.0,,roster_only,2026-09-06T20:32:23+00:00
2026,1,401872660,00-0031550,Shaq Thompson,BUF,HOU,LB,0.0,0.0,0.0,0.0,0.0,0.0,0.0,0.0,0.0,0.0,0.0,0.0,0.0,0.0,0.0,0.0,0.0,0.0,0.0,0.0,0.0,0.0,0.0,,roster_only,2026-09-06T20:32:23+00:00
2026,1,401872660,00-0041036,TJ Parker,BUF,HOU,LB,0.0,0.0,0.0,0.0,0.0,0.0,0.0,0.0,0.0,0.0,0.0,0.0,0.0,0.0,0.0,0.0,0.0,0.0,1.6,0.0,5.1,0.134,0.1040822775861184,,backup,2026-09-06T20:32:23+00:00
2026,1,401872660,00-0037254,Terrel Bernard,BUF,HOU,LB,0.0,0.0,0.0,0.0,0.0,0.0,0.0,0.0,0.0,0.0,0.0,0.0,0.0,0.0,0.0,0.0,0.0,0.0,0.0,0.0,0.0,0.0,0.0,Questionable,roster_only,2026-09-06T20:32:23+00:00
2026,1,401872660,00-0036162,Tyler Bass,BUF,HOU,PK,0.0,0.0,0.0,0.0,0.0,0.0,0.0,0.0,0.0,0.0,0.0,0.0,0.0,0.0,0.0,6.7,1.6,12.5,0.0,0.0,0.0,0.0,0.0,Active,starter,2026-09-06T20:32:23+00:00
2026,1,401872660,00-0034857,Josh Allen,BUF,HOU,QB,206.1,114.9,312.2,1.464,0.8049529834350585,32.2,20.8,50.2,0.464,0.3682373472949389,0.0,0.0,0.0,0.0,0.0,0.0,0.0,0.0,0.0,0.0,0.0,0.0,0.0,Active,starter,2026-09-06T20:32:23+00:00
2026,1,401872660,00-0034577,Kyle Allen,BUF,HOU,QB,0.0,0.0,0.0,0.0,0.0,4.3,-5.9,20.3,0.167,0.1464523751658148,0.0,0.0,0.0,0.0,0.0,0.0,0.0,0.0,0.0,0.0,0.0,0.0,0.0,,backup,2026-09-06T20:32:23+00:00
2026,1,401872660,00-0036679,Shane Buechele,BUF,HOU,QB,0.0,0.0,0.0,0.0,0.0,0.0,0.0,0.0,0.0,0.0,0.0,0.0,0.0,0.0,0.0,0.0,0.0,0.0,0.0,0.0,0.0,0.0,0.0,,roster_only,2026-09-06T20:32:23+00:00
2026,1,401872660,00-0039471,Frank Gore Jr.,BUF,HOU,RB,0.0,0.0,0.0,0.0,0.0,0.0,0.0,0.0,0.0,0.0,0.0,0.0,0.0,0.0,0.0,0.0,0.0,0.0,0.0,0.0,0.0,0.0,0.0,,roster_only,2026-09-06T20:32:23+00:00
2026,1,401872660,00-0037248,James Cook III,BUF,HOU,RB,0.0,0.0,0.0,0.0,0.0,62.8,42.0,95.6,0.464,0.3682373472949389,12.1,-1.9,43.6,0.157,0.1405564492059293,0.0,0.0,0.0,0.0,0.0,0.0,0.0,0.0,Active,starter,2026-09-06T20:32:23+00:00
2026,1,401872660,00-0039875,Ray Davis,BUF,HOU,RB,0.0,0.0,0.0,0.0,0.0,5.5,-4.7,21.5,0.174,0.1517162209362418,0.8,-13.2,32.3,0.045,0.0424710424710424,0.0,0.0,0.0,0.0,0.0,0.0,0.0,0.0,Active,backup,2026-09-06T20:32:23+00:00
2026,1,401872660,00-0035537,Ty Johnson,BUF,HOU,RB,0.0,0.0,0.0,0.0,0.0,8.7,-12.2,41.5,0.268,0.2516701410760473,7.2,-6.7,38.7,0.106,0.0927482180812643,0.0,0.0,0.0,0.0,0.0,0.0,0.0,0.0,Questionable,backup,2026-09-06T20:32:23+00:00
2026,1,401872660,00-0035253,C.J. Gardner-Johnson,BUF,HOU,S,0.0,0.0,0.0,0.0,0.0,0.0,0.0,0.0,0.0,0.0,0.0,0.0,0.0,0.0,0.0,0.0,0.0,0.0,4.3,1.6,7.7,0.016,0.0137132329135338,Active,starter,2026-09-06T20:32:23+00:00
2026,1,401872660,00-0039872,Cole Bishop,BUF,HOU,S,0.0,0.0,0.0,0.0,0.0,0.0,0.0,0.0,0.0,0.0,0.0,0.0,0.0,0.0,0.0,0.0,0.0,0.0,5.5,2.7,8.9,0.016,0.0137029765283181,,starter,2026-09-06T20:32:23+00:00
2026,1,401872660,00-0036888,Damar Hamlin,BUF,HOU,S,0.0,0.0,0.0,0.0,0.0,0.0,0.0,0.0,0.0,0.0,0.0,0.0,0.0,0.0,0.0,0.0,0.0,0.0,1.5,0.0,5.0,0.007,0.0057955080289829,,backup,2026-09-06T20:32:23+00:00
2026,1,401872660,00-0036199,Geno Stone,BUF,HOU,S,0.0,0.0,0.0,0.0,0.0,0.0,0.0,0.0,0.0,0.0,0.0,0.0,0.0,0.0,0.0,0.0,0.0,0.0,0.0,0.0,0.0,0.0,0.0,,roster_only,2026-09-06T20:32:23+00:00
2026,1,401872660,00-0041086,Jalon Kilgore,BUF,HOU,S,0.0,0.0,0.0,0.0,0.0,0.0,0.0,0.0,0.0,0.0,0.0,0.0,0.0,0.0,0.0,0.0,0.0,0.0,2.0,0.0,5.9,0.013,0.0102855790229002,,backup,2026-09-06T20:32:23+00:00
2026,1,401872660,00-0036037,Sam Franklin Jr.,BUF,HOU,S,0.0,0.0,0.0,0.0,0.0,0.0,0.0,0.0,0.0,0.0,0.0,0.0,0.0,0.0,0.0,0.0,0.0,0.0,0.7,0.0,3.2,0.004,0.0038797284190106,,backup,2026-09-06T20:32:23+00:00
2026,1,401872660,00-0038933,Dalton Kincaid,BUF,HOU,TE,0.0,0.0,0.0,0.0,0.0,0.0,-10.4,15.8,0.019,0.0176238993229468,23.6,9.7,55.1,0.239,0.215585569889197,0.0,0.0,0.0,0.0,0.0,0.0,0.0,0.0,Active,starter,2026-09-06T20:32:23+00:00
2026,1,401872660,00-0035689,Dawson Knox,BUF,HOU,TE,0.0,0.0,0.0,0.0,0.0,0.0,-10.3,15.9,0.021,0.019736132452433,17.1,3.2,48.7,0.248,0.2233077772803541,0.0,0.0,0.0,0.0,0.0,0.0,0.0,0.0,Active,backup,2026-09-06T20:32:23+00:00
2026,1,401872660,00-0040194,Jackson Hawes,BUF,HOU,TE,0.0,0.0,0.0,0.0,0.0,0.0,-10.4,15.7,0.018,0.0167505766731282,4.3,-9.6,35.8,0.112,0.0937842279869295,0.0,0.0,0.0,0.0,0.0,0.0,0.0,0.0,Active,backup,2026-09-06T20:32:23+00:00
2026,1,401872660,00-0040363,Keleki Latu,BUF,HOU,TE,0.0,0.0,0.0,0.0,0.0,0.0,-11.4,17.3,0.016,0.014523568010455,0.7,-14.6,35.4,0.045,0.0424710424710424,0.0,0.0,0.0,0.0,0.0,0.0,0.0,0.0,,backup,2026-09-06T20:32:23+00:00
2026,1,401872660,00-0034827,DJ Moore,BUF,HOU,WR,0.0,0.0,0.0,0.0,0.0,1.1,-9.1,17.0,0.011,0.0096017280009644,48.0,23.8,102.8,0.388,0.3423597678916827,0.0,0.0,0.0,0.0,0.0,0.0,0.0,0.0,Active,starter,2026-09-06T20:32:23+00:00
2026,1,401872660,00-0035500,Greg Dortch,BUF,HOU,WR,0.0,0.0,0.0,0.0,0.0,0.0,0.0,0.0,0.0,0.0,0.0,0.0,0.0,0.0,0.0,0.0,0.0,0.0,0.0,0.0,0.0,0.0,0.0,,roster_only,2026-09-06T20:32:23+00:00
2026,1,401872660,00-0041272,Ja'Mori Maclin,BUF,HOU,WR,0.0,0.0,0.0,0.0,0.0,0.0,0.0,0.0,0.0,0.0,0.0,0.0,0.0,0.0,0.0,0.0,0.0,0.0,0.0,0.0,0.0,0.0,0.0,,roster_only,2026-09-06T20:32:23+00:00
2026,1,401872660,00-0036988,Joshua Palmer,BUF,HOU,WR,0.0,0.0,0.0,0.0,0.0,0.0,-10.3,15.9,0.024,0.0234747686795948,15.0,1.1,46.5,0.14,0.1209073981958244,0.0,0.0,0.0,0.0,0.0,0.0,0.0,0.0,,backup,2026-09-06T20:32:23+00:00
2026,1,401872660,00-0039901,Keon Coleman,BUF,HOU,WR,0.0,0.0,0.0,0.0,0.0,0.0,-10.3,15.8,0.024,0.0234747686795948,20.5,-3.7,75.3,0.217,0.1946397421299854,0.0,0.0,0.0,0.0,0.0,0.0,0.0,0.0,Questionable,backup,2026-09-06T20:32:23+00:00
2026,1,401872660,00-0037261,Khalil Shakir,BUF,HOU,WR,0.0,0.0,0.0,0.0,0.0,0.0,-10.3,15.8,0.024,0.0234747686795948,28.6,4.4,83.4,0.323,0.2942681974992234,0.0,0.0,0.0,0.0,0.0,0.0,0.0,0.0,Questionable,backup,2026-09-06T20:32:23+00:00
2026,1,401872660,00-0041443,Skyler Bell,BUF,HOU,WR,0.0,0.0,0.0,0.0,0.0,0.0,-14.1,21.9,0.024,0.0234747686795948,4.1,-15.1,47.4,0.103,0.0922646863627585,0.0,0.0,0.0,0.0,0.0,0.0,0.0,0.0,Active,backup,2026-09-06T20:32:23+00:00
2026,1,401872660,00-0040361,Stephen Gosnell,BUF,HOU,WR,0.0,0.0,0.0,0.0,0.0,0.0,0.0,0.0,0.0,0.0,0.0,0.0,0.0,0.0,0.0,0.0,0.0,0.0,0.0,0.0,0.0,0.0,0.0,,roster_only,2026-09-06T20:32:23+00:00
2026,1,401872660,00-0034487,Trent Sherfield,BUF,HOU,WR,0.0,0.0,0.0,0.0,0.0,0.0,0.0,0.0,0.0,0.0,0.0,0.0,0.0,0.0,0.0,0.0,0.0,0.0,0.0,0.0,0.0,0.0,0.0,,roster_only,2026-09-06T20:32:23+00:00
2026,1,401872660,00-0038679,Tyrell Shavers,BUF,HOU,WR,0.0,0.0,0.0,0.0,0.0,0.0,0.0,0.0,0.0,0.0,0.0,0.0,0.0,0.0,0.0,0.0,0.0,0.0,0.0,0.0,0.0,0.0,0.0,Out,backup,2026-09-06T20:32:23+00:00
2026,1,401872660,00-0040411,Alijah Huzzie,HOU,BUF,CB,0.0,0.0,0.0,0.0,0.0,0.0,0.0,0.0,0.0,0.0,0.0,0.0,0.0,0.0,0.0,0.0,0.0,0.0,0.0,0.0,0.0,0.0,0.0,,roster_only,2026-09-06T20:32:23+00:00
2026,1,401872660,00-0036241,Bryce Hall,HOU,BUF,CB,0.0,0.0,0.0,0.0,0.0,0.0,0.0,0.0,0.0,0.0,0.0,0.0,0.0,0.0,0.0,0.0,0.0,0.0,0.0,0.0,0.0,0.0,0.0,,roster_only,2026-09-06T20:32:23+00:00
2026,1,401872660,00-0041313,Collin Wright,HOU,BUF,CB,0.0,0.0,0.0,0.0,0.0,0.0,0.0,0.0,0.0,0.0,0.0,0.0,0.0,0.0,0.0,0.0,0.0,0.0,1.6,0.0,5.4,0.012,0.0096758605044117,,backup,2026-09-06T20:32:23+00:00
2026,1,401872660,00-0037237,Derek Stingley Jr.,HOU,BUF,CB,0.0,0.0,0.0,0.0,0.0,0.0,0.0,0.0,0.0,0.0,0.0,0.0,0.0,0.0,0.0,0.0,0.0,0.0,3.5,0.8,7.0,0.016,0.0137029765283181,,starter,2026-09-06T20:32:23+00:00
2026,1,401872660,00-0037661,Ja'Marcus Ingram,HOU,BUF,CB,0.0,0.0,0.0,0.0,0.0,0.0,0.0,0.0,0.0,0.0,0.0,0.0,0.0,0.0,0.0,0.0,0.0,0.0,0.0,0.0,0.0,0.0,0.0,Injured Reserve,backup,2026-09-06T20:32:23+00:00
2026,1,401872660,00-0040149,Jaylin Smith,HOU,BUF,CB,0.0,0.0,0.0,0.0,0.0,0.0,0.0,0.0,0.0,0.0,0.0,0.0,0.0,0.0,0.0,0.0,0.0,0.0,1.7,0.0,4.4,0.013,0.0108406067396342,,backup,2026-09-06T20:32:23+00:00
2026,1,401872660,00-0039343,Kamari Lassiter,HOU,BUF,CB,0.0,0.0,0.0,0.0,0.0,0.0,0.0,0.0,0.0,0.0,0.0,0.0,0.0,0.0,0.0,0.0,0.0,0.0,4.8,2.0,8.1,0.014,0.0116781559102329,,starter,2026-09-06T20:32:23+00:00
2026,1,401872660,00-0034278,Tremon Smith,HOU,BUF,CB,0.0,0.0,0.0,0.0,0.0,0.0,0.0,0.0,0.0,0.0,0.0,0.0,0.0,0.0,0.0,0.0,0.0,0.0,1.5,0.0,3.9,0.009,0.0069065842417066,,backup,2026-09-06T20:32:23+00:00
2026,1,401872660,00-0038724,Ali Gaye,HOU,BUF,DE,0.0,0.0,0.0,0.0,0.0,0.0,0.0,0.0,0.0,0.0,0.0,0.0,0.0,0.0,0.0,0.0,0.0,0.0,0.0,0.0,0.0,0.0,0.0,Injured Reserve,backup,2026-09-06T20:32:23+00:00
2026,1,401872660,00-0031565,Danielle Hunter,HOU,BUF,DE,0.0,0.0,0.0,0.0,0.0,0.0,0.0,0.0,0.0,0.0,0.0,0.0,0.0,0.0,0.0,0.0,0.0,0.0,2.9,1.0,5.4,0.436,0.3200775945683802,,starter,2026-09-06T20:32:23+00:00
2026,1,401872660,00-0037082,Dominique Robinson,HOU,BUF,DE,0.0,0.0,0.0,0.0,0.0,0.0,0.0,0.0,0.0,0.0,0.0,0.0,0.0,0.0,0.0,0.0,0.0,0.0,1.0,0.0,3.4,0.082,0.0658423322979412,Questionable,backup,2026-09-06T20:32:23+00:00
2026,1,401872660,00-0039009,Dylan Horton,HOU,BUF,DE,0.0,0.0,0.0,0.0,0.0,0.0,0.0,0.0,0.0,0.0,0.0,0.0,0.0,0.0,0.0,0.0,0.0,0.0,0.0,0.0,0.0,0.0,0.0,Injured Reserve,backup,2026-09-06T20:32:23+00:00
2026,1,401872660,00-0031364,Jadeveon Clowney,HOU,BUF,DE,0.0,0.0,0.0,0.0,0.0,0.0,0.0,0.0,0.0,0.0,0.0,0.0,0.0,0.0,0.0,0.0,0.0,0.0,1.7,0.0,4.2,0.206,0.161631358233893,Questionable,backup,2026-09-06T20:32:23+00:00
2026,1,401872660,00-0038127,Logan Hall,HOU,BUF,DE,0.0,0.0,0.0,0.0,0.0,0.0,0.0,0.0,0.0,0.0,0.0,0.0,0.0,0.0,0.0,0.0,0.0,0.0,1.7,0.0,4.1,0.172,0.1305977305520765,,backup,2026-09-06T20:32:23+00:00
2026,1,401872660,00-0041305,Sabastian Harsh,HOU,BUF,DE,0.0,0.0,0.0,0.0,0.0,0.0,0.0,0.0,0.0,0.0,0.0,0.0,0.0,0.0,0.0,0.0,0.0,0.0,1.1,0.0,4.6,0.208,0.1630443982576716,,backup,2026-09-06T20:32:23+00:00
2026,1,401872660,00-0039427,Solomon Byrd,HOU,BUF,DE,0.0,0.0,0.0,0.0,0.0,0.0,0.0,0.0,0.0,0.0,0.0,0.0,0.0,0.0,0.0,0.0,0.0,0.0,0.0,0.0,0.0,0.0,0.0,Injured Reserve,backup,2026-09-06T20:32:23+00:00
2026,1,401872660,00-0039108,Will Anderson Jr.,HOU,BUF,DE,0.0,0.0,0.0,0.0,0.0,0.0,0.0,0.0,0.0,0.0,0.0,0.0,0.0,0.0,0.0,0.0,0.0,0.0,2.3,0.4,4.8,0.428,0.3200775945683802,,starter,2026-09-06T20:32:23+00:00
2026,1,401872660,00-0041302,Dominic Bailey,HOU,BUF,DT,0.0,0.0,0.0,0.0,0.0,0.0,0.0,0.0,0.0,0.0,0.0,0.0,0.0,0.0,0.0,0.0,0.0,0.0,0.0,0.0,0.0,0.0,0.0,,roster_only,2026-09-06T20:32:23+00:00
2026,1,401872660,00-0040414,Junior Tafuna,HOU,BUF,DT,0.0,0.0,0.0,0.0,0.0,0.0,0.0,0.0,0.0,0.0,0.0,0.0,0.0,0.0,0.0,0.0,0.0,0.0,0.0,0.0,0.0,0.0,0.0,,roster_only,2026-09-06T20:32:23+00:00
2026,1,401872660,00-0041440,Kayden McDonald,HOU,BUF,DT,0.0,0.0,0.0,0.0,0.0,0.0,0.0,0.0,0.0,0.0,0.0,0.0,0.0,0.0,0.0,0.0,0.0,0.0,1.1,0.0,4.6,0.208,0.1630443982576716,,backup,2026-09-06T20:32:23+00:00
2026,1,401872660,00-0040229,Kyonte Hamilton,HOU,BUF,DT,0.0,0.0,0.0,0.0,0.0,0.0,0.0,0.0,0.0,0.0,0.0,0.0,0.0,0.0,0.0,0.0,0.0,0.0,0.0,0.0,0.0,0.0,0.0,Injured Reserve,backup,2026-09-06T20:32:23+00:00
2026,1,401872660,00-0032265,Mario Edwards Jr.,HOU,BUF,DT,0.0,0.0,0.0,0.0,0.0,0.0,0.0,0.0,0.0,0.0,0.0,0.0,0.0,0.0,0.0,0.0,0.0,0.0,1.1,0.0,3.5,0.148,0.1119963862763277,,backup,2026-09-06T20:32:23+00:00
2026,1,401872660,00-0032759,Sheldon Rankins,HOU,BUF,DT,0.0,0.0,0.0,0.0,0.0,0.0,0.0,0.0,0.0,0.0,0.0,0.0,0.0,0.0,0.0,0.0,0.0,0.0,1.9,0.0,4.4,0.235,0.1880373631213894,,starter,2026-09-06T20:32:23+00:00
2026,1,401872660,00-0036883,Tommy Togiai,HOU,BUF,DT,0.0,0.0,0.0,0.0,0.0,0.0,0.0,0.0,0.0,0.0,0.0,0.0,0.0,0.0,0.0,0.0,0.0,0.0,3.4,1.4,5.8,0.212,0.1667402892028756,,starter,2026-09-06T20:32:23+00:00
2026,1,401872660,00-0041449,Aiden Fisher,HOU,BUF,LB,0.0,0.0,0.0,0.0,0.0,0.0,0.0,0.0,0.0,0.0,0.0,0.0,0.0,0.0,0.0,0.0,0.0,0.0,1.5,0.0,5.0,0.135,0.1042752594705066,,backup,2026-09-06T20:32:23+00:00
2026,1,401872660,00-0035166,Azeez Al-Shaair,HOU,BUF,LB,0.0,0.0,0.0,0.0,0.0,0.0,0.0,0.0,0.0,0.0,0.0,0.0,0.0,0.0,0.0,0.0,0.0,0.0,6.6,3.5,10.7,0.049,0.0408630355902629,,starter,2026-09-06T20:32:23+00:00
2026,1,401872660,00-0039902,Chris Braswell,HOU,BUF,LB,0.0,0.0,0.0,0.0,0.0,0.0,0.0,0.0,0.0,0.0,0.0,0.0,0.0,0.0,0.0,0.0,0.0,0.0,0.0,0.0,0.0,0.0,0.0,,roster_only,2026-09-06T20:32:23+00:00
2026,1,401872660,00-0034987,E.J. Speed,HOU,BUF,LB,0.0,0.0,0.0,0.0,0.0,0.0,0.0,0.0,0.0,0.0,0.0,0.0,0.0,0.0,0.0,0.0,0.0,0.0,0.0,0.0,0.0,0.0,0.0,Out,backup,2026-09-06T20:32:23+00:00
2026,1,401872660,00-0038599,Henry To'oTo'o,HOU,BUF,LB,0.0,0.0,0.0,0.0,0.0,0.0,0.0,0.0,0.0,0.0,0.0,0.0,0.0,0.0,0.0,0.0,0.0,0.0,6.6,3.5,10.6,0.034,0.0287485048304758,,starter,2026-09-06T20:32:23+00:00
2026,1,401872660,00-0037457,Jake Hansen,HOU,BUF,LB,0.0,0.0,0.0,0.0,0.0,0.0,0.0,0.0,0.0,0.0,0.0,0.0,0.0,0.0,0.0,0.0,0.0,0.0,1.6,0.0,4.0,0.013,0.0102757094507909,,starter,2026-09-06T20:32:23+00:00
2026,1,401872660,00-0037633,Jake Hummel,HOU,BUF,LB,0.0,0.0,0.0,0.0,0.0,0.0,0.0,0.0,0.0,0.0,0.0,0.0,0.0,0.0,0.0,0.0,0.0,0.0,0.6,0.0,3.1,0.016,0.0137029765283181,,backup,2026-09-06T20:32:23+00:00
2026,1,401872660,00-0039395,Jamal Hill,HOU,BUF,LB,0.0,0.0,0.0,0.0,0.0,0.0,0.0,0.0,0.0,0.0,0.0,0.0,0.0,0.0,0.0,0.0,0.0,0.0,0.0,0.0,0.0,0.0,0.0,,roster_only,2026-09-06T20:32:23+00:00
2026,1,401872660,00-0040413,K.C. Ossai,HOU,BUF,LB,0.0,0.0,0.0,0.0,0.0,0.0,0.0,0.0,0.0,0.0,0.0,0.0,0.0,0.0,0.0,0.0,0.0,0.0,0.0,0.0,0.0,0.0,0.0,Injured Reserve,backup,2026-09-06T20:32:23+00:00
2026,1,401872660,00-0041465,Wade Woodaz,HOU,BUF,LB,0.0,0.0,0.0,0.0,0.0,0.0,0.0,0.0,0.0,0.0,0.0,0.0,0.0,0.0,0.0,0.0,0.0,0.0,1.5,0.0,5.0,0.126,0.0994376250139193,Questionable,backup,2026-09-06T20:32:23+00:00
2026,1,401872660,00-0032726,Ka'imi Fairbairn,HOU,BUF,PK,0.0,0.0,0.0,0.0,0.0,0.0,0.0,0.0,0.0,0.0,0.0,0.0,0.0,0.0,0.0,7.2,2.7,12.5,0.0,0.0,0.0,0.0,0.0,Active,starter,2026-09-06T20:32:23+00:00
2026,1,401872660,00-0039163,C.J. Stroud,HOU,BUF,QB,240.1,148.9,346.2,1.464,0.8049581049899427,10.4,-1.0,28.4,0.198,0.1730374327887551,0.0,0.0,0.0,0.0,0.0,0.0,0.0,0.0,0.0,0.0,0.0,0.0,0.0,Active,starter,2026-09-06T20:32:23+00:00
2026,1,401872660,00-0036898,Davis Mills,HOU,BUF,QB,0.0,0.0,0.0,0.0,0.0,4.9,-6.5,22.9,0.168,0.1473917356330835,0.0,0.0,0.0,0.0,0.0,0.0,0.0,0.0,0.0,0.0,0.0,0.0,0.0,,backup,2026-09-06T20:32:23+00:00
2026,1,401872660,00-0040211,Graham Mertz,HOU,BUF,QB,0.0,0.0,0.0,0.0,0.0,0.0,0.0,0.0,0.0,0.0,0.0,0.0,0.0,0.0,0.0,0.0,0.0,0.0,0.0,0.0,0.0,0.0,0.0,,backup,2026-09-06T20:32:23+00:00
2026,1,401872660,00-0039603,British Brooks,HOU,BUF,RB,0.0,0.0,0.0,0.0,0.0,1.6,-8.5,17.6,0.035,0.0354139957835799,0.0,-15.0,30.4,0.034,0.0326521746496376,0.0,0.0,0.0,0.0,0.0,0.0,0.0,0.0,Questionable,backup,2026-09-06T20:32:23+00:00
2026,1,401872660,00-0035685,David Montgomery,HOU,BUF,RB,0.0,0.0,0.0,0.0,0.0,36.7,15.8,69.5,0.366,0.3517941793739645,5.4,-8.6,36.9,0.105,0.0925843034678205,0.0,0.0,0.0,0.0,0.0,0.0,0.0,0.0,Active,starter,2026-09-06T20:32:23+00:00
2026,1,401872660,00-0039405,Jawhar Jordan,HOU,BUF,RB,0.0,0.0,0.0,0.0,0.0,0.0,0.0,0.0,0.0,0.0,0.0,0.0,0.0,0.0,0.0,0.0,0.0,0.0,0.0,0.0,0.0,0.0,0.0,,roster_only,2026-09-06T20:32:23+00:00
2026,1,401872660,00-0041312,Noah Whittington,HOU,BUF,RB,0.0,0.0,0.0,0.0,0.0,0.0,0.0,0.0,0.0,0.0,0.0,0.0,0.0,0.0,0.0,0.0,0.0,0.0,0.0,0.0,0.0,0.0,0.0,,roster_only,2026-09-06T20:32:23+00:00
2026,1,401872660,00-0040583,Woody Marks,HOU,BUF,RB,0.0,0.0,0.0,0.0,0.0,38.8,17.9,71.6,0.464,0.3682373472949389,6.3,-7.6,37.9,0.135,0.1146398866562481,0.0,0.0,0.0,0.0,0.0,0.0,0.0,0.0,Active,backup,2026-09-06T20:32:23+00:00
2026,1,401872660,00-0039838,Calen Bullock,HOU,BUF,S,0.0,0.0,0.0,0.0,0.0,0.0,0.0,0.0,0.0,0.0,0.0,0.0,0.0,0.0,0.0,0.0,0.0,0.0,4.2,1.4,7.6,0.016,0.0130715671269606,,starter,2026-09-06T20:32:23+00:00
2026,1,401872660,00-0034091,George Odum,HOU,BUF,S,0.0,0.0,0.0,0.0,0.0,0.0,0.0,0.0,0.0,0.0,0.0,0.0,0.0,0.0,0.0,0.0,0.0,0.0,0.0,0.0,0.0,0.0,0.0,Active,roster_only,2026-09-06T20:32:23+00:00
2026,1,401872660,00-0037246,Jalen Pitre,HOU,BUF,S,0.0,0.0,0.0,0.0,0.0,0.0,0.0,0.0,0.0,0.0,0.0,0.0,0.0,0.0,0.0,0.0,0.0,0.0,5.8,3.0,9.2,0.016,0.0137029765283181,,starter,2026-09-06T20:32:23+00:00
2026,1,401872660,00-0041466,Kamari Ramsey,HOU,BUF,S,0.0,0.0,0.0,0.0,0.0,0.0,0.0,0.0,0.0,0.0,0.0,0.0,0.0,0.0,0.0,0.0,0.0,0.0,2.0,0.0,6.0,0.014,0.0113093791250243,,backup,2026-09-06T20:32:23+00:00
2026,1,401872660,00-0034355,M.J. Stewart,HOU,BUF,S,0.0,0.0,0.0,0.0,0.0,0.0,0.0,0.0,0.0,0.0,0.0,0.0,0.0,0.0,0.0,0.0,0.0,0.0,0.0,0.0,0.0,0.0,0.0,Out,backup,2026-09-06T20:32:23+00:00
2026,1,401872660,00-0037130,Reed Blankenship,HOU,BUF,S,0.0,0.0,0.0,0.0,0.0,0.0,0.0,0.0,0.0,0.0,0.0,0.0,0.0,0.0,0.0,0.0,0.0,0.0,5.8,3.0,9.2,0.015,0.0121863433040683,,starter,2026-09-06T20:32:23+00:00
2026,1,401872660,00-0036556,Brevin Jordan,HOU,BUF,TE,0.0,0.0,0.0,0.0,0.0,0.0,-10.4,15.7,0.008,0.0071864111498257,5.9,-8.0,37.5,0.164,0.1481084443107965,0.0,0.0,0.0,0.0,0.0,0.0,0.0,0.0,Questionable,backup,2026-09-06T20:32:23+00:00
2026,1,401872660,00-0039359,Cade Stover,HOU,BUF,TE,0.0,0.0,0.0,0.0,0.0,0.3,-9.9,16.3,0.008,0.0071864111498257,7.8,-6.1,39.3,0.177,0.1606581856617959,0.0,0.0,0.0,0.0,0.0,0.0,0.0,0.0,,backup,2026-09-06T20:32:23+00:00
2026,1,401872660,00-0034383,Dalton Schultz,HOU,BUF,TE,0.0,0.0,0.0,0.0,0.0,0.0,-10.3,15.8,0.008,0.0071864111498257,28.3,10.8,68.1,0.366,0.3335548486506928,0.0,0.0,0.0,0.0,0.0,0.0,0.0,0.0,Active,starter,2026-09-06T20:32:23+00:00
2026,1,401872660,00-0034981,Foster Moreau,HOU,BUF,TE,0.0,0.0,0.0,0.0,0.0,0.0,-10.4,15.8,0.008,0.0071864111498257,6.4,-7.5,37.9,0.143,0.1242355236062874,0.0,0.0,0.0,0.0,0.0,0.0,0.0,0.0,,backup,2026-09-06T20:32:23+00:00
2026,1,401872660,00-0041472,Marlin Klein,HOU,BUF,TE,0.0,0.0,0.0,0.0,0.0,0.0,-14.2,21.8,0.008,0.0071864111498257,2.4,-16.7,45.8,0.105,0.0926615447295851,0.0,0.0,0.0,0.0,0.0,0.0,0.0,0.0,,backup,2026-09-06T20:32:23+00:00
2026,1,401872660,00-0037340,Zaire Mitchell-Paden,HOU,BUF,TE,0.0,0.0,0.0,0.0,0.0,0.0,0.0,0.0,0.0,0.0,0.0,0.0,0.0,0.0,0.0,0.0,0.0,0.0,0.0,0.0,0.0,0.0,0.0,,roster_only,2026-09-06T20:32:23+00:00
2026,1,401872660,00-0041309,Daniel Sobkowicz,HOU,BUF,WR,0.0,0.0,0.0,0.0,0.0,0.0,0.0,0.0,0.0,0.0,0.0,0.0,0.0,0.0,0.0,0.0,0.0,0.0,0.0,0.0,0.0,0.0,0.0,,roster_only,2026-09-06T20:32:23+00:00
2026,1,401872660,00-0038728,Jared Wayne,HOU,BUF,WR,0.0,0.0,0.0,0.0,0.0,0.0,-11.2,17.5,0.008,0.0071864111498257,9.8,-5.5,44.5,0.107,0.0929742015885527,0.0,0.0,0.0,0.0,0.0,0.0,0.0,0.0,,backup,2026-09-06T20:32:23+00:00
2026,1,401872660,00-0040130,Jayden Higgins,HOU,BUF,WR,0.0,0.0,0.0,0.0,0.0,0.0,0.0,0.0,0.0,0.0,0.0,0.0,0.0,0.0,0.0,0.0,0.0,0.0,0.0,0.0,0.0,0.0,0.0,,backup,2026-09-06T20:32:23+00:00
2026,1,401872660,00-0040138,Jaylin Noel,HOU,BUF,WR,0.0,0.0,0.0,0.0,0.0,0.2,-10.0,16.1,0.008,0.0071864111498257,8.0,-5.9,39.6,0.079,0.0782351829920341,0.0,0.0,0.0,0.0,0.0,0.0,0.0,0.0,,backup,2026-09-06T20:32:23+00:00
2026,1,401872660,00-0040049,Josh Kelly,HOU,BUF,WR,0.0,0.0,0.0,0.0,0.0,0.0,0.0,0.0,0.0,0.0,0.0,0.0,0.0,0.0,0.0,0.0,0.0,0.0,0.0,0.0,0.0,0.0,0.0,,roster_only,2026-09-06T20:32:23+00:00
2026,1,401872660,00-0038608,Kayshon Boutte,HOU,BUF,WR,0.0,0.0,0.0,0.0,0.0,0.0,-10.2,15.9,0.008,0.0071864111498257,16.4,2.4,47.9,0.217,0.1948609558237597,0.0,0.0,0.0,0.0,0.0,0.0,0.0,0.0,Active,backup,2026-09-06T20:32:23+00:00
2026,1,401872660,00-0041467,Lewis Bond,HOU,BUF,WR,0.0,0.0,0.0,0.0,0.0,0.0,0.0,0.0,0.0,0.0,0.0,0.0,0.0,0.0,0.0,0.0,0.0,0.0,0.0,0.0,0.0,0.0,0.0,,roster_only,2026-09-06T20:32:23+00:00
2026,1,401872660,00-0038839,Mitchell Tinsley,HOU,BUF,WR,0.0,0.0,0.0,0.0,0.0,0.0,0.0,0.0,0.0,0.0,0.0,0.0,0.0,0.0,0.0,0.0,0.0,0.0,0.0,0.0,0.0,0.0,0.0,,roster_only,2026-09-06T20:32:23+00:00
2026,1,401872660,00-0036554,Nico Collins,HOU,BUF,WR,0.0,0.0,0.0,0.0,0.0,0.1,-10.1,16.1,0.008,0.0071864111498257,67.5,43.4,122.3,0.337,0.3072627288955618,0.0,0.0,0.0,0.0,0.0,0.0,0.0,0.0,Active,starter,2026-09-06T20:32:23+00:00
2026,1,401872660,00-0038977,Tank Dell,HOU,BUF,WR,0.0,0.0,0.0,0.0,0.0,0.0,0.0,0.0,0.0,0.0,0.0,0.0,0.0,0.0,0.0,0.0,0.0,0.0,0.0,0.0,0.0,0.0,0.0,Injured Reserve,backup,2026-09-06T20:32:23+00:00
2026,1,401872660,00-0038618,Xavier Hutchinson,HOU,BUF,WR,0.0,0.0,0.0,0.0,0.0,0.5,-9.7,16.4,0.008,0.0071864111498257,11.7,-2.2,43.2,0.143,0.1237808761046879,0.0,0.0,0.0,0.0,0.0,0.0,0.0,0.0,,backup,2026-09-06T20:32:23+00:00
2026,1,401872661,00-0038101,Akayleb Evans,CAR,CHI,CB,0.0,0.0,0.0,0.0,0.0,0.0,0.0,0.0,0.0,0.0,0.0,0.0,0.0,0.0,0.0,0.0,0.0,0.0,1.0,0.0,3.4,0.004,0.0038797284190106,Questionable,backup,2026-09-06T20:32:23+00:00
2026,1,401872661,00-0039380,Chau Smith-Wade,CAR,CHI,CB,0.0,0.0,0.0,0.0,0.0,0.0,0.0,0.0,0.0,0.0,0.0,0.0,0.0,0.0,0.0,0.0,0.0,0.0,3.8,1.1,7.3,0.016,0.0137029765283181,,starter,2026-09-06T20:32:23+00:00
2026,1,401872661,00-0040296,Corey Thornton,CAR,CHI,CB,0.0,0.0,0.0,0.0,0.0,0.0,0.0,0.0,0.0,0.0,0.0,0.0,0.0,0.0,0.0,0.0,0.0,0.0,0.0,0.0,0.0,0.0,0.0,,roster_only,2026-09-06T20:32:23+00:00
2026,1,401872661,00-0041153,DeVonta Smith,CAR,CHI,CB,0.0,0.0,0.0,0.0,0.0,0.0,0.0,0.0,0.0,0.0,0.0,0.0,0.0,0.0,0.0,0.0,0.0,0.0,0.0,0.0,0.0,0.0,0.0,,roster_only,2026-09-06T20:32:23+00:00
2026,1,401872661,00-0036944,Jaycee Horn,CAR,CHI,CB,0.0,0.0,0.0,0.0,0.0,0.0,0.0,0.0,0.0,0.0,0.0,0.0,0.0,0.0,0.0,0.0,0.0,0.0,3.7,0.9,7.1,0.022,0.0189157612694311,,starter,2026-09-06T20:32:23+00:00
2026,1,401872661,00-0035277,Mike Jackson,CAR,CHI,CB,0.0,0.0,0.0,0.0,0.0,0.0,0.0,0.0,0.0,0.0,0.0,0.0,0.0,0.0,0.0,0.0,0.0,0.0,3.8,1.1,7.3,0.016,0.0137029765283181,,starter,2026-09-06T20:32:23+00:00
2026,1,401872661,00-0041063,Will Lee III,CAR,CHI,CB,0.0,0.0,0.0,0.0,0.0,0.0,0.0,0.0,0.0,0.0,0.0,0.0,0.0,0.0,0.0,0.0,0.0,0.0,1.8,0.0,5.8,0.014,0.0113907843659199,,backup,2026-09-06T20:32:23+00:00
2026,1,401872661,00-0040044,Zion Childress,CAR,CHI,CB,0.0,0.0,0.0,0.0,0.0,0.0,0.0,0.0,0.0,0.0,0.0,0.0,0.0,0.0,0.0,0.0,0.0,0.0,0.0,0.0,0.0,0.0,0.0,,roster_only,2026-09-06T20:32:23+00:00
2026,1,401872661,00-0039783,Anthony Goodlow,CAR,CHI,DE,0.0,0.0,0.0,0.0,0.0,0.0,0.0,0.0,0.0,0.0,0.0,0.0,0.0,0.0,0.0,0.0,0.0,0.0,0.0,0.0,0.0,0.0,0.0,,roster_only,2026-09-06T20:32:23+00:00
2026,1,401872661,00-0041148,Aaron Hall,CAR,CHI,DT,0.0,0.0,0.0,0.0,0.0,0.0,0.0,0.0,0.0,0.0,0.0,0.0,0.0,0.0,0.0,0.0,0.0,0.0,1.1,0.0,4.6,0.195,0.1520183140779963,,backup,2026-09-06T20:32:23+00:00
2026,1,401872661,00-0036903,Bobby Brown III,CAR,CHI,DT,0.0,0.0,0.0,0.0,0.0,0.0,0.0,0.0,0.0,0.0,0.0,0.0,0.0,0.0,0.0,0.0,0.0,0.0,2.1,0.2,4.6,0.051,0.0422058937422772,,starter,2026-09-06T20:32:23+00:00
2026,1,401872661,00-0040174,Cam Jackson,CAR,CHI,DT,0.0,0.0,0.0,0.0,0.0,0.0,0.0,0.0,0.0,0.0,0.0,0.0,0.0,0.0,0.0,0.0,0.0,0.0,1.1,0.0,3.9,0.064,0.0535350890400317,,backup,2026-09-06T20:32:23+00:00
2026,1,401872661,00-0036220,Derrick Brown,CAR,CHI,DT,0.0,0.0,0.0,0.0,0.0,0.0,0.0,0.0,0.0,0.0,0.0,0.0,0.0,0.0,0.0,0.0,0.0,0.0,3.2,1.0,5.8,0.1,0.080403701300669,Questionable,starter,2026-09-06T20:32:23+00:00
2026,1,401872661,00-0041478,Lee Hunter,CAR,CHI,DT,0.0,0.0,0.0,0.0,0.0,0.0,0.0,0.0,0.0,0.0,0.0,0.0,0.0,0.0,0.0,0.0,0.0,0.0,1.5,0.0,5.0,0.227,0.1807161138212727,,starter,2026-09-06T20:32:23+00:00
2026,1,401872661,00-0041151,Parker Petersen,CAR,CHI,DT,0.0,0.0,0.0,0.0,0.0,0.0,0.0,0.0,0.0,0.0,0.0,0.0,0.0,0.0,0.0,0.0,0.0,0.0,0.0,0.0,0.0,0.0,0.0,,roster_only,2026-09-06T20:32:23+00:00
2026,1,401872661,00-0040458,TeRah Edwards,CAR,CHI,DT,0.0,0.0,0.0,0.0,0.0,0.0,0.0,0.0,0.0,0.0,0.0,0.0,0.0,0.0,0.0,0.0,0.0,0.0,1.1,0.0,4.5,0.18,0.1376767175910468,Active,backup,2026-09-06T20:32:23+00:00
2026,1,401872661,00-0035890,Tershawn Wharton,CAR,CHI,DT,0.0,0.0,0.0,0.0,0.0,0.0,0.0,0.0,0.0,0.0,0.0,0.0,0.0,0.0,0.0,0.0,0.0,0.0,0.0,0.0,0.0,0.0,0.0,Out,backup,2026-09-06T20:32:23+00:00
2026,1,401872661,00-0040289,Bam Martin-Scott,CAR,CHI,LB,0.0,0.0,0.0,0.0,0.0,0.0,0.0,0.0,0.0,0.0,0.0,0.0,0.0,0.0,0.0,0.0,0.0,0.0,0.0,0.0,0.0,0.0,0.0,Injured Reserve,roster_only,2026-09-06T20:32:23+00:00
2026,1,401872661,00-0035687,Bobby Okereke,CAR,CHI,LB,0.0,0.0,0.0,0.0,0.0,0.0,0.0,0.0,0.0,0.0,0.0,0.0,0.0,0.0,0.0,0.0,0.0,0.0,0.0,0.0,0.0,0.0,0.0,Active,roster_only,2026-09-06T20:32:23+00:00
2026,1,401872661,00-0036045,Cam Gill,CAR,CHI,LB,0.0,0.0,0.0,0.0,0.0,0.0,0.0,0.0,0.0,0.0,0.0,0.0,0.0,0.0,0.0,0.0,0.0,0.0,0.0,0.0,0.0,0.0,0.0,,roster_only,2026-09-06T20:32:23+00:00
2026,1,401872661,00-0038493,Claudin Cherelus,CAR,CHI,LB,0.0,0.0,0.0,0.0,0.0,0.0,0.0,0.0,0.0,0.0,0.0,0.0,0.0,0.0,0.0,0.0,0.0,0.0,0.0,0.0,0.0,0.0,0.0,,roster_only,2026-09-06T20:32:23+00:00
2026,1,401872661,00-0037244,Devin Lloyd,CAR,CHI,LB,0.0,0.0,0.0,0.0,0.0,0.0,0.0,0.0,0.0,0.0,0.0,0.0,0.0,0.0,0.0,0.0,0.0,0.0,0.0,0.0,0.0,0.0,0.0,Questionable,roster_only,2026-09-06T20:32:23+00:00
2026,1,401872661,00-0041119,Jackson Kuwatch,CAR,CHI,LB,0.0,0.0,0.0,0.0,0.0,0.0,0.0,0.0,0.0,0.0,0.0,0.0,0.0,0.0,0.0,0.0,0.0,0.0,0.0,0.0,0.0,0.0,0.0,,roster_only,2026-09-06T20:32:23+00:00
2026,1,401872661,00-0036934,Jaelan Phillips,CAR,CHI,LB,0.0,0.0,0.0,0.0,0.0,0.0,0.0,0.0,0.0,0.0,0.0,0.0,0.0,0.0,0.0,0.0,0.0,0.0,2.7,0.0,6.9,0.401,0.3185627287971715,Questionable,starter,2026-09-06T20:32:23+00:00
2026,1,401872661,00-0040763,Mapalo Mwansa,CAR,CHI,LB,0.0,0.0,0.0,0.0,0.0,0.0,0.0,0.0,0.0,0.0,0.0,0.0,0.0,0.0,0.0,0.0,0.0,0.0,0.0,0.0,0.0,0.0,0.0,,roster_only,2026-09-06T20:32:23+00:00
2026,1,401872661,00-0040746,Nic Scourton,CAR,CHI,LB,0.0,0.0,0.0,0.0,0.0,0.0,0.0,0.0,0.0,0.0,0.0,0.0,0.0,0.0,0.0,0.0,0.0,0.0,0.0,0.0,0.0,0.0,0.0,,backup,2026-09-06T20:32:23+00:00
2026,1,401872661,00-0037007,Patrick Jones II,CAR,CHI,LB,0.0,0.0,0.0,0.0,0.0,0.0,0.0,0.0,0.0,0.0,0.0,0.0,0.0,0.0,0.0,0.0,0.0,0.0,2.7,0.8,5.2,0.237,0.1893567079782336,,starter,2026-09-06T20:32:23+00:00
2026,1,401872661,00-0040136,Princely Umanmielen,CAR,CHI,LB,0.0,0.0,0.0,0.0,0.0,0.0,0.0,0.0,0.0,0.0,0.0,0.0,0.0,0.0,0.0,0.0,0.0,0.0,1.3,0.0,3.8,0.016,0.0137029765283181,,backup,2026-09-06T20:32:23+00:00
2026,1,401872661,00-0038791,Thomas Incoom,CAR,CHI,LB,0.0,0.0,0.0,0.0,0.0,0.0,0.0,0.0,0.0,0.0,0.0,0.0,0.0,0.0,0.0,0.0,0.0,0.0,0.8,0.0,3.3,0.028,0.0236248922377239,,backup,2026-09-06T20:32:23+00:00
2026,1,401872661,00-0036305,Trevis Gipson,CAR,CHI,LB,0.0,0.0,0.0,0.0,0.0,0.0,0.0,0.0,0.0,0.0,0.0,0.0,0.0,0.0,0.0,0.0,0.0,0.0,1.3,0.0,3.8,0.213,0.1679601007822198,,backup,2026-09-06T20:32:23+00:00
2026,1,401872661,00-0035352,Tyrel Dodson,CAR,CHI,LB,0.0,0.0,0.0,0.0,0.0,0.0,0.0,0.0,0.0,0.0,0.0,0.0,0.0,0.0,0.0,0.0,0.0,0.0,0.0,0.0,0.0,0.0,0.0,,roster_only,2026-09-06T20:32:23+00:00
2026,1,401872661,00-0040279,Ryan Fitzgerald,CAR,CHI,PK,0.0,0.0,0.0,0.0,0.0,0.0,0.0,0.0,0.0,0.0,0.0,0.0,0.0,0.0,0.0,7.0,2.2,12.4,0.0,0.0,0.0,0.0,0.0,Active,starter,2026-09-06T20:32:23+00:00
2026,1,401872661,00-0039150,Bryce Young,CAR,CHI,QB,203.6,112.4,309.7,1.188,0.6547619047619048,16.5,5.1,34.5,0.087,0.081706323329863,0.0,0.0,0.0,0.0,0.0,0.0,0.0,0.0,0.0,0.0,0.0,0.0,0.0,Active,starter,2026-09-06T20:32:23+00:00
2026,1,401872661,00-0041149,Haynes King,CAR,CHI,QB,0.0,0.0,0.0,0.0,0.0,6.8,-8.9,31.5,0.062,0.0610268959956958,0.0,0.0,0.0,0.0,0.0,0.0,0.0,0.0,0.0,0.0,0.0,0.0,0.0,Questionable,backup,2026-09-06T20:32:23+00:00
2026,1,401872661,00-0038102,Kenny Pickett,CAR,CHI,QB,0.0,0.0,0.0,0.0,0.0,5.5,-4.7,21.5,0.024,0.023607701657466,0.0,0.0,0.0,0.0,0.0,0.0,0.0,0.0,0.0,0.0,0.0,0.0,0.0,,backup,2026-09-06T20:32:23+00:00
2026,1,401872661,00-0036265,AJ Dillon,CAR,CHI,RB,0.0,0.0,0.0,0.0,0.0,17.0,6.8,32.9,0.086,0.0809624989588579,1.0,-12.9,32.6,0.023,0.0231660231660231,0.0,0.0,0.0,0.0,0.0,0.0,0.0,0.0,Active,backup,2026-09-06T20:32:23+00:00
2026,1,401872661,00-0040260,Ahmani Marshall,CAR,CHI,RB,0.0,0.0,0.0,0.0,0.0,0.0,0.0,0.0,0.0,0.0,0.0,0.0,0.0,0.0,0.0,0.0,0.0,0.0,0.0,0.0,0.0,0.0,0.0,,roster_only,2026-09-06T20:32:23+00:00
2026,1,401872661,00-0040394,Anthony Tyus III,CAR,CHI,RB,0.0,0.0,0.0,0.0,0.0,0.0,0.0,0.0,0.0,0.0,0.0,0.0,0.0,0.0,0.0,0.0,0.0,0.0,0.0,0.0,0.0,0.0,0.0,,roster_only,2026-09-06T20:32:23+00:00
2026,1,401872661,00-0036555,Chuba Hubbard,CAR,CHI,RB,0.0,0.0,0.0,0.0,0.0,31.6,10.7,64.4,0.129,0.1165890750353337,10.8,-3.1,42.3,0.045,0.0424710424710424,0.0,0.0,0.0,0.0,0.0,0.0,0.0,0.0,Questionable,starter,2026-09-06T20:32:23+00:00
2026,1,401872661,00-0039344,Jonathon Brooks,CAR,CHI,RB,0.0,0.0,0.0,0.0,0.0,10.8,-12.2,46.9,0.042,0.0426212628199635,0.0,-15.6,34.4,0.023,0.0231660231660231,0.0,0.0,0.0,0.0,0.0,0.0,0.0,0.0,Questionable,backup,2026-09-06T20:32:23+00:00
2026,1,401872661,00-0040644,Trevor Etienne,CAR,CHI,RB,0.0,0.0,0.0,0.0,0.0,0.0,0.0,0.0,0.0,0.0,0.0,0.0,0.0,0.0,0.0,0.0,0.0,0.0,0.0,0.0,0.0,0.0,0.0,Injured Reserve,backup,2026-09-06T20:32:23+00:00
2026,1,401872661,00-0036356,Isaiah Simmons,CAR,CHI,S,0.0,0.0,0.0,0.0,0.0,0.0,0.0,0.0,0.0,0.0,0.0,0.0,0.0,0.0,0.0,0.0,0.0,0.0,0.0,0.0,0.0,0.0,0.0,,roster_only,2026-09-06T20:32:23+00:00
2026,1,401872661,00-0040159,Lathan Ransom,CAR,CHI,S,0.0,0.0,0.0,0.0,0.0,0.0,0.0,0.0,0.0,0.0,0.0,0.0,0.0,0.0,0.0,0.0,0.0,0.0,1.5,0.0,4.2,0.016,0.0142119033463685,,backup,2026-09-06T20:32:23+00:00
2026,1,401872661,00-0035669,Nick Scott,CAR,CHI,S,0.0,0.0,0.0,0.0,0.0,0.0,0.0,0.0,0.0,0.0,0.0,0.0,0.0,0.0,0.0,0.0,0.0,0.0,4.9,2.0,8.2,0.016,0.0137029765283181,,starter,2026-09-06T20:32:23+00:00
2026,1,401872661,00-0036962,Tre'von Moehrig,CAR,CHI,S,0.0,0.0,0.0,0.0,0.0,0.0,0.0,0.0,0.0,0.0,0.0,0.0,0.0,0.0,0.0,0.0,0.0,0.0,5.1,2.3,8.5,0.023,0.019803716878995,,starter,2026-09-06T20:32:23+00:00
2026,1,401872661,00-0041076,Zakee Wheatley,CAR,CHI,S,0.0,0.0,0.0,0.0,0.0,0.0,0.0,0.0,0.0,0.0,0.0,0.0,0.0,0.0,0.0,0.0,0.0,0.0,1.8,0.0,5.8,0.014,0.0113907843659199,,backup,2026-09-06T20:32:23+00:00
2026,1,401872661,00-0031610,Darren Waller,CAR,CHI,TE,0.0,0.0,0.0,0.0,0.0,0.0,-10.3,15.9,0.008,0.0071864111498257,15.4,-2.2,55.2,0.073,0.0729228093672241,0.0,0.0,0.0,0.0,0.0,0.0,0.0,0.0,Active,backup,2026-09-06T20:32:23+00:00
2026,1,401872661,00-0036825,Feleipe Franks,CAR,CHI,TE,0.0,0.0,0.0,0.0,0.0,0.0,-10.3,15.8,0.008,0.0071864111498257,0.0,-14.5,30.9,0.023,0.0231660231660231,0.0,0.0,0.0,0.0,0.0,0.0,0.0,0.0,,backup,2026-09-06T20:32:23+00:00
2026,1,401872661,00-0039356,Ja'Tavion Sanders,CAR,CHI,TE,0.0,0.0,0.0,0.0,0.0,0.0,-10.5,15.7,0.008,0.0071864111498257,2.0,-11.9,33.6,0.045,0.0424710424710424,0.0,0.0,0.0,0.0,0.0,0.0,0.0,0.0,,backup,2026-09-06T20:32:23+00:00
2026,1,401872661,00-0040187,Mitchell Evans,CAR,CHI,TE,0.0,0.0,0.0,0.0,0.0,0.0,-10.2,15.9,0.008,0.0071864111498257,7.9,-6.0,39.5,0.045,0.0424710424710424,0.0,0.0,0.0,0.0,0.0,0.0,0.0,0.0,,backup,2026-09-06T20:32:23+00:00
2026,1,401872661,00-0037005,Tommy Tremble,CAR,CHI,TE,0.0,0.0,0.0,0.0,0.0,0.0,-10.4,15.8,0.008,0.0071864111498257,9.4,-4.5,41.0,0.045,0.0424710424710424,0.0,0.0,0.0,0.0,0.0,0.0,0.0,0.0,Active,starter,2026-09-06T20:32:23+00:00
2026,1,401872661,00-0038840,Brycen Tremayne,CAR,CHI,WR,0.0,0.0,0.0,0.0,0.0,0.0,-10.3,15.8,0.008,0.0071864111498257,1.0,-13.0,32.5,0.023,0.0231660231660231,0.0,0.0,0.0,0.0,0.0,0.0,0.0,0.0,,backup,2026-09-06T20:32:23+00:00
2026,1,401872661,00-0039394,Casey Washington,CAR,CHI,WR,0.0,0.0,0.0,0.0,0.0,0.0,0.0,0.0,0.0,0.0,0.0,0.0,0.0,0.0,0.0,0.0,0.0,0.0,0.0,0.0,0.0,0.0,0.0,,roster_only,2026-09-06T20:32:23+00:00
2026,1,401872661,00-0041047,Chris Brazzell II,CAR,CHI,WR,0.0,0.0,0.0,0.0,0.0,0.0,0.0,0.0,0.0,0.0,0.0,0.0,0.0,0.0,0.0,0.0,0.0,0.0,0.0,0.0,0.0,0.0,0.0,,backup,2026-09-06T20:32:23+00:00
2026,1,401872661,00-0033589,David Moore,CAR,CHI,WR,0.0,0.0,0.0,0.0,0.0,0.0,0.0,0.0,0.0,0.0,0.0,0.0,0.0,0.0,0.0,0.0,0.0,0.0,0.0,0.0,0.0,0.0,0.0,,roster_only,2026-09-06T20:32:23+00:00
2026,1,401872661,00-0040265,Ja'seem Reed,CAR,CHI,WR,0.0,0.0,0.0,0.0,0.0,0.0,0.0,0.0,0.0,0.0,0.0,0.0,0.0,0.0,0.0,0.0,0.0,0.0,0.0,0.0,0.0,0.0,0.0,,roster_only,2026-09-06T20:32:23+00:00
2026,1,401872661,00-0039491,Jalen Coker,CAR,CHI,WR,0.0,0.0,0.0,0.0,0.0,0.0,-10.2,15.9,0.008,0.0071864111498257,25.7,11.8,57.3,0.078,0.0771795955616272,0.0,0.0,0.0,0.0,0.0,0.0,0.0,0.0,Active,backup,2026-09-06T20:32:23+00:00
2026,1,401872661,00-0040218,Jimmy Horn Jr.,CAR,CHI,WR,0.0,0.0,0.0,0.0,0.0,1.4,-8.8,17.4,0.008,0.0071864111498257,6.7,-7.2,38.2,0.045,0.0424710424710424,0.0,0.0,0.0,0.0,0.0,0.0,0.0,0.0,Active,backup,2026-09-06T20:32:23+00:00
2026,1,401872661,00-0037614,John Metchie III,CAR,CHI,WR,0.0,0.0,0.0,0.0,0.0,0.0,-10.2,15.9,0.008,0.0071864111498257,16.3,-7.9,71.1,0.082,0.0808256419642392,0.0,0.0,0.0,0.0,0.0,0.0,0.0,0.0,Active,backup,2026-09-06T20:32:23+00:00
2026,1,401872661,00-0040124,Tetairoa McMillan,CAR,CHI,WR,0.0,0.0,0.0,0.0,0.0,0.0,-10.2,15.9,0.008,0.0071864111498257,48.9,24.8,103.7,0.147,0.1291935649511975,0.0,0.0,0.0,0.0,0.0,0.0,0.0,0.0,Active,starter,2026-09-06T20:32:23+00:00
2026,1,401872661,00-0039342,Xavier Legette,CAR,CHI,WR,0.0,0.0,0.0,0.0,0.0,0.0,-10.3,15.8,0.008,0.0071864111498257,14.1,0.2,45.6,0.098,0.0914573911929487,0.0,0.0,0.0,0.0,0.0,0.0,0.0,0.0,Questionable,backup,2026-09-06T20:32:23+00:00
2026,1,401872661,00-0039454,Beanie Bishop Jr.,CHI,CAR,CB,0.0,0.0,0.0,0.0,0.0,0.0,0.0,0.0,0.0,0.0,0.0,0.0,0.0,0.0,0.0,0.0,0.0,0.0,0.0,0.0,0.0,0.0,0.0,Injured Reserve,backup,2026-09-06T20:32:23+00:00
2026,1,401872661,00-0035357,Cam Lewis,CHI,CAR,CB,0.0,0.0,0.0,0.0,0.0,0.0,0.0,0.0,0.0,0.0,0.0,0.0,0.0,0.0,0.0,0.0,0.0,0.0,4.0,1.8,6.6,0.016,0.0137029765283181,,starter,2026-09-06T20:32:23+00:00
2026,1,401872661,00-0038568,Clark Phillips III,CHI,CAR,CB,0.0,0.0,0.0,0.0,0.0,0.0,0.0,0.0,0.0,0.0,0.0,0.0,0.0,0.0,0.0,0.0,0.0,0.0,1.0,0.0,3.7,0.004,0.0038797284190106,Active,backup,2026-09-06T20:32:23+00:00
2026,1,401872661,00-0037395,Dallis Flowers,CHI,CAR,CB,0.0,0.0,0.0,0.0,0.0,0.0,0.0,0.0,0.0,0.0,0.0,0.0,0.0,0.0,0.0,0.0,0.0,0.0,0.0,0.0,0.0,0.0,0.0,,backup,2026-09-06T20:32:23+00:00
2026,1,401872661,00-0039378,Deantre Prince,CHI,CAR,CB,0.0,0.0,0.0,0.0,0.0,0.0,0.0,0.0,0.0,0.0,0.0,0.0,0.0,0.0,0.0,0.0,0.0,0.0,0.0,0.0,0.0,0.0,0.0,,roster_only,2026-09-06T20:32:23+00:00
2026,1,401872661,00-0040550,Dontae Manning,CHI,CAR,CB,0.0,0.0,0.0,0.0,0.0,0.0,0.0,0.0,0.0,0.0,0.0,0.0,0.0,0.0,0.0,0.0,0.0,0.0,0.0,0.0,0.0,0.0,0.0,Injured Reserve,backup,2026-09-06T20:32:23+00:00
2026,1,401872661,00-0036292,Jaylon Johnson,CHI,CAR,CB,0.0,0.0,0.0,0.0,0.0,0.0,0.0,0.0,0.0,0.0,0.0,0.0,0.0,0.0,0.0,0.0,0.0,0.0,2.6,0.5,5.4,0.009,0.0074603657989213,Questionable,starter,2026-09-06T20:32:23+00:00
2026,1,401872661,00-0037106,Jaylon Jones,CHI,CAR,CB,0.0,0.0,0.0,0.0,0.0,0.0,0.0,0.0,0.0,0.0,0.0,0.0,0.0,0.0,0.0,0.0,0.0,0.0,0.0,0.0,0.0,0.0,0.0,,roster_only,2026-09-06T20:32:23+00:00
2026,1,401872661,00-0037129,Josh Blackwell,CHI,CAR,CB,0.0,0.0,0.0,0.0,0.0,0.0,0.0,0.0,0.0,0.0,0.0,0.0,0.0,0.0,0.0,0.0,0.0,0.0,0.7,0.0,3.1,0.005,0.0039968307537312,,backup,2026-09-06T20:32:23+00:00
2026,1,401872661,00-0038111,Kyler Gordon,CHI,CAR,CB,0.0,0.0,0.0,0.0,0.0,0.0,0.0,0.0,0.0,0.0,0.0,0.0,0.0,0.0,0.0,0.0,0.0,0.0,0.0,0.0,0.0,0.0,0.0,Out,backup,2026-09-06T20:32:23+00:00
2026,1,401872661,00-0041060,Malik Muhammad,CHI,CAR,CB,0.0,0.0,0.0,0.0,0.0,0.0,0.0,0.0,0.0,0.0,0.0,0.0,0.0,0.0,0.0,0.0,0.0,0.0,1.7,0.0,5.5,0.011,0.0093688917747557,,backup,2026-09-06T20:32:23+00:00
2026,1,401872661,00-0039071,Tyrique Stevenson,CHI,CAR,CB,0.0,0.0,0.0,0.0,0.0,0.0,0.0,0.0,0.0,0.0,0.0,0.0,0.0,0.0,0.0,0.0,0.0,0.0,3.7,1.6,6.1,0.009,0.007094682555069,,starter,2026-09-06T20:32:23+00:00
2026,1,401872661,00-0039840,Austin Booker,CHI,CAR,DE,0.0,0.0,0.0,0.0,0.0,0.0,0.0,0.0,0.0,0.0,0.0,0.0,0.0,0.0,0.0,0.0,0.0,0.0,2.3,0.2,5.1,0.336,0.2703301945952133,,backup,2026-09-06T20:32:23+00:00
2026,1,401872661,00-0037843,Daniel Hardy,CHI,CAR,DE,0.0,0.0,0.0,0.0,0.0,0.0,0.0,0.0,0.0,0.0,0.0,0.0,0.0,0.0,0.0,0.0,0.0,0.0,0.6,0.0,3.0,0.026,0.0219012781652569,,backup,2026-09-06T20:32:23+00:00
2026,1,401872661,00-0036480,Dayo Odeyingbo,CHI,CAR,DE,0.0,0.0,0.0,0.0,0.0,0.0,0.0,0.0,0.0,0.0,0.0,0.0,0.0,0.0,0.0,0.0,0.0,0.0,2.0,0.0,4.8,0.323,0.2602825543738976,,starter,2026-09-06T20:32:23+00:00
2026,1,401872661,00-0031583,Grady Jarrett,CHI,CAR,DE,0.0,0.0,0.0,0.0,0.0,0.0,0.0,0.0,0.0,0.0,0.0,0.0,0.0,0.0,0.0,0.0,0.0,0.0,2.9,1.0,5.4,0.152,0.1141484799189181,,starter,2026-09-06T20:32:23+00:00
2026,1,401872661,00-0039461,Jamree Kromah,CHI,CAR,DE,0.0,0.0,0.0,0.0,0.0,0.0,0.0,0.0,0.0,0.0,0.0,0.0,0.0,0.0,0.0,0.0,0.0,0.0,1.1,0.0,4.5,0.189,0.1462131089583004,,backup,2026-09-06T20:32:23+00:00
2026,1,401872661,00-0036239,Jonathan Garvin,CHI,CAR,DE,0.0,0.0,0.0,0.0,0.0,0.0,0.0,0.0,0.0,0.0,0.0,0.0,0.0,0.0,0.0,0.0,0.0,0.0,0.0,0.0,0.0,0.0,0.0,,backup,2026-09-06T20:32:23+00:00
2026,1,401872661,00-0034344,Marcus Davenport,CHI,CAR,DE,0.0,0.0,0.0,0.0,0.0,0.0,0.0,0.0,0.0,0.0,0.0,0.0,0.0,0.0,0.0,0.0,0.0,0.0,0.0,0.0,0.0,0.0,0.0,,roster_only,2026-09-06T20:32:23+00:00
2026,1,401872661,00-0035647,Montez Sweat,CHI,CAR,DE,0.0,0.0,0.0,0.0,0.0,0.0,0.0,0.0,0.0,0.0,0.0,0.0,0.0,0.0,0.0,0.0,0.0,0.0,2.2,0.3,4.8,0.436,0.3200775945683802,,starter,2026-09-06T20:32:23+00:00
2026,1,401872661,00-0036337,James Lynch,CHI,CAR,DT,0.0,0.0,0.0,0.0,0.0,0.0,0.0,0.0,0.0,0.0,0.0,0.0,0.0,0.0,0.0,0.0,0.0,0.0,0.9,0.0,3.3,0.039,0.0328198385251598,,backup,2026-09-06T20:32:23+00:00
2026,1,401872661,00-0041171,Jayden Loving,CHI,CAR,DT,0.0,0.0,0.0,0.0,0.0,0.0,0.0,0.0,0.0,0.0,0.0,0.0,0.0,0.0,0.0,0.0,0.0,0.0,1.1,0.0,4.6,0.183,0.1405263706539756,,backup,2026-09-06T20:32:23+00:00
2026,1,401872661,00-0041110,Jordan van den Berg,CHI,CAR,DT,0.0,0.0,0.0,0.0,0.0,0.0,0.0,0.0,0.0,0.0,0.0,0.0,0.0,0.0,0.0,0.0,0.0,0.0,1.0,0.0,4.5,0.167,0.1253920196743281,,backup,2026-09-06T20:32:23+00:00
2026,1,401872661,00-0034320,Kentavius Street,CHI,CAR,DT,0.0,0.0,0.0,0.0,0.0,0.0,0.0,0.0,0.0,0.0,0.0,0.0,0.0,0.0,0.0,0.0,0.0,0.0,1.9,0.0,4.4,0.141,0.1081705229448491,,starter,2026-09-06T20:32:23+00:00
2026,1,401872661,00-0036366,Neville Gallimore,CHI,CAR,DT,0.0,0.0,0.0,0.0,0.0,0.0,0.0,0.0,0.0,0.0,0.0,0.0,0.0,0.0,0.0,0.0,0.0,0.0,1.3,0.0,3.8,0.075,0.0613902084729035,,backup,2026-09-06T20:32:23+00:00
2026,1,401872661,00-0040741,Shemar Turner,CHI,CAR,DT,0.0,0.0,0.0,0.0,0.0,0.0,0.0,0.0,0.0,0.0,0.0,0.0,0.0,0.0,0.0,0.0,0.0,0.0,0.0,0.0,0.0,0.0,0.0,Out,backup,2026-09-06T20:32:23+00:00
2026,1,401872661,00-0036870,Buddy Johnson,CHI,CAR,LB,0.0,0.0,0.0,0.0,0.0,0.0,0.0,0.0,0.0,0.0,0.0,0.0,0.0,0.0,0.0,0.0,0.0,0.0,0.0,0.0,0.0,0.0,0.0,,roster_only,2026-09-06T20:32:23+00:00
2026,1,401872661,00-0037271,D'Marco Jackson,CHI,CAR,LB,0.0,0.0,0.0,0.0,0.0,0.0,0.0,0.0,0.0,0.0,0.0,0.0,0.0,0.0,0.0,0.0,0.0,0.0,2.1,0.2,4.6,0.043,0.0357471886298199,,starter,2026-09-06T20:32:23+00:00
2026,1,401872661,00-0035525,Devin Bush,CHI,CAR,LB,0.0,0.0,0.0,0.0,0.0,0.0,0.0,0.0,0.0,0.0,0.0,0.0,0.0,0.0,0.0,0.0,0.0,0.0,6.7,3.8,10.9,0.033,0.0274552872439399,,starter,2026-09-06T20:32:23+00:00
2026,1,401872661,00-0037109,Jack Sanborn,CHI,CAR,LB,0.0,0.0,0.0,0.0,0.0,0.0,0.0,0.0,0.0,0.0,0.0,0.0,0.0,0.0,0.0,0.0,0.0,0.0,1.1,0.0,3.5,0.024,0.0207435503638232,Active,backup,2026-09-06T20:32:23+00:00
2026,1,401872661,00-0041085,Keyshaun Elliott,CHI,CAR,LB,0.0,0.0,0.0,0.0,0.0,0.0,0.0,0.0,0.0,0.0,0.0,0.0,0.0,0.0,0.0,0.0,0.0,0.0,1.6,0.0,5.1,0.139,0.1068080641593711,,backup,2026-09-06T20:32:23+00:00
2026,1,401872661,00-0037544,Nephi Sewell,CHI,CAR,LB,0.0,0.0,0.0,0.0,0.0,0.0,0.0,0.0,0.0,0.0,0.0,0.0,0.0,0.0,0.0,0.0,0.0,0.0,0.0,0.0,0.0,0.0,0.0,,backup,2026-09-06T20:32:23+00:00
2026,1,401872661,00-0038390,Noah Sewell,CHI,CAR,LB,0.0,0.0,0.0,0.0,0.0,0.0,0.0,0.0,0.0,0.0,0.0,0.0,0.0,0.0,0.0,0.0,0.0,0.0,0.0,0.0,0.0,0.0,0.0,Out,backup,2026-09-06T20:32:23+00:00
2026,1,401872661,00-0040167,Ruben Hyppolite II,CHI,CAR,LB,0.0,0.0,0.0,0.0,0.0,0.0,0.0,0.0,0.0,0.0,0.0,0.0,0.0,0.0,0.0,0.0,0.0,0.0,0.0,0.0,0.0,0.0,0.0,Injured Reserve,backup,2026-09-06T20:32:23+00:00
2026,1,401872661,00-0035386,T.J. Edwards,CHI,CAR,LB,0.0,0.0,0.0,0.0,0.0,0.0,0.0,0.0,0.0,0.0,0.0,0.0,0.0,0.0,0.0,0.0,0.0,0.0,6.7,4.4,11.6,0.091,0.0725471368735152,,starter,2026-09-06T20:32:23+00:00
2026,1,401872661,00-0036634,Tony Fields II,CHI,CAR,LB,0.0,0.0,0.0,0.0,0.0,0.0,0.0,0.0,0.0,0.0,0.0,0.0,0.0,0.0,0.0,0.0,0.0,0.0,0.0,0.0,0.0,0.0,0.0,Injured Reserve,backup,2026-09-06T20:32:23+00:00
2026,1,401872661,00-0041408,Wayne Matthews III,CHI,CAR,LB,0.0,0.0,0.0,0.0,0.0,0.0,0.0,0.0,0.0,0.0,0.0,0.0,0.0,0.0,0.0,0.0,0.0,0.0,0.0,0.0,0.0,0.0,0.0,,roster_only,2026-09-06T20:32:23+00:00
2026,1,401872661,00-0031203,Cairo Santos,CHI,CAR,PK,0.0,0.0,0.0,0.0,0.0,0.0,0.0,0.0,0.0,0.0,0.0,0.0,0.0,0.0,0.0,7.0,2.5,12.3,0.0,0.0,0.0,0.0,0.0,,starter,2026-09-06T20:32:23+00:00
2026,1,401872661,00-0039918,Caleb Williams,CHI,CAR,QB,225.2,134.0,331.3,1.589,0.8125,15.8,4.4,33.8,0.156,0.1376471297607882,0.0,0.0,0.0,0.0,0.0,0.0,0.0,0.0,0.0,0.0,0.0,0.0,0.0,Active,starter,2026-09-06T20:32:23+00:00
2026,1,401872661,00-0028986,Case Keenum,CHI,CAR,QB,0.0,0.0,0.0,0.0,0.0,3.1,-7.1,19.1,0.087,0.0817474019865514,0.0,0.0,0.0,0.0,0.0,0.0,0.0,0.0,0.0,0.0,0.0,0.0,0.0,,backup,2026-09-06T20:32:23+00:00
2026,1,401872661,00-0038416,Tyson Bagent,CHI,CAR,QB,0.0,0.0,0.0,0.0,0.0,4.2,-6.0,20.1,0.062,0.0609254951812245,0.0,0.0,0.0,0.0,0.0,0.0,0.0,0.0,0.0,0.0,0.0,0.0,0.0,Active,backup,2026-09-06T20:32:23+00:00
2026,1,401872661,00-0037329,Brittain Brown,CHI,CAR,RB,0.0,0.0,0.0,0.0,0.0,0.0,0.0,0.0,0.0,0.0,0.0,0.0,0.0,0.0,0.0,0.0,0.0,0.0,0.0,0.0,0.0,0.0,0.0,Injured Reserve,backup,2026-09-06T20:32:23+00:00
2026,1,401872661,00-0036275,D'Andre Swift,CHI,CAR,RB,0.0,0.0,0.0,0.0,0.0,55.6,34.7,88.4,0.464,0.3682373472949389,16.7,2.8,48.2,0.226,0.2031080230757939,0.0,0.0,0.0,0.0,0.0,0.0,0.0,0.0,Questionable,starter,2026-09-06T20:32:23+00:00
2026,1,401872661,00-0040236,Kyle Monangai,CHI,CAR,RB,0.0,0.0,0.0,0.0,0.0,30.6,9.7,63.4,0.354,0.3393003757420555,8.6,-5.3,40.2,0.231,0.2081547541946676,0.0,0.0,0.0,0.0,0.0,0.0,0.0,0.0,Questionable,backup,2026-09-06T20:32:23+00:00
2026,1,401872661,00-0039021,Roschon Johnson,CHI,CAR,RB,0.0,0.0,0.0,0.0,0.0,2.9,-7.2,18.9,0.038,0.0390042216587894,0.0,-15.1,30.4,0.054,0.0498467120042172,0.0,0.0,0.0,0.0,0.0,0.0,0.0,0.0,Active,backup,2026-09-06T20:32:23+00:00
2026,1,401872661,00-0036020,Salvon Ahmed,CHI,CAR,RB,0.0,0.0,0.0,0.0,0.0,0.0,0.0,0.0,0.0,0.0,0.0,0.0,0.0,0.0,0.0,0.0,0.0,0.0,0.0,0.0,0.0,0.0,0.0,,roster_only,2026-09-06T20:32:23+00:00
2026,1,401872661,00-0038440,Zavier Scott,CHI,CAR,RB,0.0,0.0,0.0,0.0,0.0,0.0,0.0,0.0,0.0,0.0,0.0,0.0,0.0,0.0,0.0,0.0,0.0,0.0,0.0,0.0,0.0,0.0,0.0,,roster_only,2026-09-06T20:32:23+00:00
2026,1,401872661,00-0038136,Coby Bryant,CHI,CAR,S,0.0,0.0,0.0,0.0,0.0,0.0,0.0,0.0,0.0,0.0,0.0,0.0,0.0,0.0,0.0,0.0,0.0,0.0,0.0,0.0,0.0,0.0,0.0,Injured Reserve,backup,2026-09-06T20:32:23+00:00
2026,1,401872661,00-0041538,Dillon Thieneman,CHI,CAR,S,0.0,0.0,0.0,0.0,0.0,0.0,0.0,0.0,0.0,0.0,0.0,0.0,0.0,0.0,0.0,0.0,0.0,0.0,3.7,0.8,7.4,0.015,0.0121232486628155,,starter,2026-09-06T20:32:23+00:00
2026,1,401872661,00-0037096,Elijah Hicks,CHI,CAR,S,0.0,0.0,0.0,0.0,0.0,0.0,0.0,0.0,0.0,0.0,0.0,0.0,0.0,0.0,0.0,0.0,0.0,0.0,1.1,0.0,3.7,0.004,0.0038797284190106,,backup,2026-09-06T20:32:23+00:00
2026,1,401872661,SEW364952,Marlen Sewell,CHI,CAR,S,0.0,0.0,0.0,0.0,0.0,0.0,0.0,0.0,0.0,0.0,0.0,0.0,0.0,0.0,0.0,0.0,0.0,0.0,0.0,0.0,0.0,0.0,0.0,,roster_only,2026-09-06T20:32:23+00:00
2026,1,401872661,00-0041175,Skyler Thomas,CHI,CAR,S,0.0,0.0,0.0,0.0,0.0,0.0,0.0,0.0,0.0,0.0,0.0,0.0,0.0,0.0,0.0,0.0,0.0,0.0,2.0,0.0,6.0,0.012,0.0099667879457133,,backup,2026-09-06T20:32:23+00:00
2026,1,401872661,00-0033579,Xavier Woods,CHI,CAR,S,0.0,0.0,0.0,0.0,0.0,0.0,0.0,0.0,0.0,0.0,0.0,0.0,0.0,0.0,0.0,0.0,0.0,0.0,3.5,1.3,6.1,0.008,0.0060283535843156,,starter,2026-09-06T20:32:23+00:00
2026,1,401872661,00-0036290,Cole Kmet,CHI,CAR,TE,0.0,0.0,0.0,0.0,0.0,0.0,-10.4,15.7,0.008,0.0071864111498257,17.1,3.2,48.6,0.334,0.303771733172984,0.0,0.0,0.0,0.0,0.0,0.0,0.0,0.0,Active,backup,2026-09-06T20:32:23+00:00
2026,1,401872661,00-0040126,Colston Loveland,CHI,CAR,TE,0.0,0.0,0.0,0.0,0.0,0.0,-10.3,15.9,0.008,0.0071864111498257,42.2,24.6,81.9,0.414,0.3423597678916827,0.0,0.0,0.0,0.0,0.0,0.0,0.0,0.0,Active,starter,2026-09-06T20:32:23+00:00
2026,1,401872661,00-0041170,Hayden Large,CHI,CAR,TE,0.0,0.0,0.0,0.0,0.0,0.0,0.0,0.0,0.0,0.0,0.0,0.0,0.0,0.0,0.0,0.0,0.0,0.0,0.0,0.0,0.0,0.0,0.0,Injured Reserve,backup,2026-09-06T20:32:23+00:00
2026,1,401872661,00-0037031,Nikola Kalinic,CHI,CAR,TE,0.0,0.0,0.0,0.0,0.0,0.0,0.0,0.0,0.0,0.0,0.0,0.0,0.0,0.0,0.0,0.0,0.0,0.0,0.0,0.0,0.0,0.0,0.0,,backup,2026-09-06T20:32:23+00:00
2026,1,401872661,00-0039843,Qadir Ismail,CHI,CAR,TE,0.0,0.0,0.0,0.0,0.0,0.0,0.0,0.0,0.0,0.0,0.0,0.0,0.0,0.0,0.0,0.0,0.0,0.0,0.0,0.0,0.0,0.0,0.0,,roster_only,2026-09-06T20:32:23+00:00
2026,1,401872661,00-0041558,Sam Roush,CHI,CAR,TE,0.0,0.0,0.0,0.0,0.0,0.0,-14.2,21.7,0.008,0.0071864111498257,3.2,-15.9,46.6,0.189,0.1709200561475835,0.0,0.0,0.0,0.0,0.0,0.0,0.0,0.0,Active,backup,2026-09-06T20:32:23+00:00
2026,1,401872661,00-0035039,Stephen Carlson,CHI,CAR,TE,0.0,0.0,0.0,0.0,0.0,0.0,0.0,0.0,0.0,0.0,0.0,0.0,0.0,0.0,0.0,0.0,0.0,0.0,0.0,0.0,0.0,0.0,0.0,,roster_only,2026-09-06T20:32:23+00:00
2026,1,401872661,00-0040275,JP Richardson,CHI,CAR,WR,0.0,0.0,0.0,0.0,0.0,0.0,0.0,0.0,0.0,0.0,0.0,0.0,0.0,0.0,0.0,0.0,0.0,0.0,0.0,0.0,0.0,0.0,0.0,,roster_only,2026-09-06T20:32:23+00:00
2026,1,401872661,00-0040277,Jahdae Walker,CHI,CAR,WR,0.0,0.0,0.0,0.0,0.0,0.0,-10.3,15.8,0.008,0.0071864111498257,9.0,-4.9,40.6,0.224,0.2019382474123274,0.0,0.0,0.0,0.0,0.0,0.0,0.0,0.0,Active,backup,2026-09-06T20:32:23+00:00
2026,1,401872661,00-0037380,Kaden Davis,CHI,CAR,WR,0.0,0.0,0.0,0.0,0.0,0.0,0.0,0.0,0.0,0.0,0.0,0.0,0.0,0.0,0.0,0.0,0.0,0.0,0.0,0.0,0.0,0.0,0.0,,roster_only,2026-09-06T20:32:23+00:00
2026,1,401872661,00-0032464,Kalif Raymond,CHI,CAR,WR,0.0,0.0,0.0,0.0,0.0,0.0,-10.4,15.7,0.008,0.0071864111498257,7.6,-6.3,39.1,0.165,0.1499238507120119,0.0,0.0,0.0,0.0,0.0,0.0,0.0,0.0,,backup,2026-09-06T20:32:23+00:00
2026,1,401872661,00-0040735,Luther Burden III,CHI,CAR,WR,0.0,0.0,0.0,0.0,0.0,0.3,-9.8,16.3,0.008,0.0071864111498257,28.7,4.6,83.5,0.304,0.2755433164272779,0.0,0.0,0.0,0.0,0.0,0.0,0.0,0.0,Questionable,backup,2026-09-06T20:32:23+00:00
2026,1,401872661,00-0039919,Rome Odunze,CHI,CAR,WR,0.0,0.0,0.0,0.0,0.0,0.0,-10.4,15.8,0.008,0.0071864111498257,37.5,13.3,92.3,0.414,0.3423597678916827,0.0,0.0,0.0,0.0,0.0,0.0,0.0,0.0,Questionable,starter,2026-09-06T20:32:23+00:00
2026,1,401872661,00-0035298,Scotty Miller,CHI,CAR,WR,0.0,0.0,0.0,0.0,0.0,0.0,0.0,0.0,0.0,0.0,0.0,0.0,0.0,0.0,0.0,0.0,0.0,0.0,0.0,0.0,0.0,0.0,0.0,,roster_only,2026-09-06T20:32:23+00:00
2026,1,401872661,00-0041051,Zavion Thomas,CHI,CAR,WR,0.0,0.0,0.0,0.0,0.0,0.0,-14.1,21.8,0.008,0.0071864111498257,4.5,-14.6,47.9,0.17,0.1543377709626387,0.0,0.0,0.0,0.0,0.0,0.0,0.0,0.0,Active,backup,2026-09-06T20:32:23+00:00
2026,1,401872922,00-0034966,D'Angelo Ross,CLE,JAX,CB,0.0,0.0,0.0,0.0,0.0,0.0,0.0,0.0,0.0,0.0,0.0,0.0,0.0,0.0,0.0,0.0,0.0,0.0,0.0,0.0,0.0,0.0,0.0,,roster_only,2026-09-06T20:32:23+00:00
2026,1,401872922,00-0038105,Damarri Mathis,CLE,JAX,CB,0.0,0.0,0.0,0.0,0.0,0.0,0.0,0.0,0.0,0.0,0.0,0.0,0.0,0.0,0.0,0.0,0.0,0.0,0.0,0.0,0.0,0.0,0.0,,backup,2026-09-06T20:32:23+00:00
2026,1,401872922,00-0034856,Denzel Ward,CLE,JAX,CB,0.0,0.0,0.0,0.0,0.0,0.0,0.0,0.0,0.0,0.0,0.0,0.0,0.0,0.0,0.0,0.0,0.0,0.0,3.5,0.7,6.9,0.016,0.0137029765283181,,starter,2026-09-06T20:32:23+00:00
2026,1,401872922,00-0038565,Mekhi Blackmon,CLE,JAX,CB,0.0,0.0,0.0,0.0,0.0,0.0,0.0,0.0,0.0,0.0,0.0,0.0,0.0,0.0,0.0,0.0,0.0,0.0,2.5,0.0,6.1,0.007,0.0060006315921576,Active,backup,2026-09-06T20:32:23+00:00
2026,1,401872922,00-0041411,Michael Coats Jr.,CLE,JAX,CB,0.0,0.0,0.0,0.0,0.0,0.0,0.0,0.0,0.0,0.0,0.0,0.0,0.0,0.0,0.0,0.0,0.0,0.0,0.0,0.0,0.0,0.0,0.0,,roster_only,2026-09-06T20:32:23+00:00
2026,1,401872922,00-0036087,Myles Bryant,CLE,JAX,CB,0.0,0.0,0.0,0.0,0.0,0.0,0.0,0.0,0.0,0.0,0.0,0.0,0.0,0.0,0.0,0.0,0.0,0.0,0.0,0.0,0.0,0.0,0.0,,roster_only,2026-09-06T20:32:23+00:00
2026,1,401872922,00-0039417,Myles Harden,CLE,JAX,CB,0.0,0.0,0.0,0.0,0.0,0.0,0.0,0.0,0.0,0.0,0.0,0.0,0.0,0.0,0.0,0.0,0.0,0.0,3.8,1.0,7.2,0.016,0.013450286296315,,starter,2026-09-06T20:32:23+00:00
2026,1,401872922,00-0036287,Noah Igbinoghene,CLE,JAX,CB,0.0,0.0,0.0,0.0,0.0,0.0,0.0,0.0,0.0,0.0,0.0,0.0,0.0,0.0,0.0,0.0,0.0,0.0,2.2,0.1,5.0,0.006,0.0051630501189899,,backup,2026-09-06T20:32:23+00:00
2026,1,401872922,00-0041115,Toriano Pride Jr.,CLE,JAX,CB,0.0,0.0,0.0,0.0,0.0,0.0,0.0,0.0,0.0,0.0,0.0,0.0,0.0,0.0,0.0,0.0,0.0,0.0,1.5,0.0,5.4,0.012,0.0102482806541984,,backup,2026-09-06T20:32:23+00:00
2026,1,401872922,00-0036974,Tyson Campbell,CLE,JAX,CB,0.0,0.0,0.0,0.0,0.0,0.0,0.0,0.0,0.0,0.0,0.0,0.0,0.0,0.0,0.0,0.0,0.0,0.0,5.0,2.2,8.3,0.016,0.0132716283167233,,starter,2026-09-06T20:32:23+00:00
2026,1,401872922,00-0040255,Adin Huntington,CLE,JAX,DE,0.0,0.0,0.0,0.0,0.0,0.0,0.0,0.0,0.0,0.0,0.0,0.0,0.0,0.0,0.0,0.0,0.0,0.0,1.1,0.0,3.5,0.092,0.0730263656759556,,backup,2026-09-06T20:32:23+00:00
2026,1,401872922,00-0037251,Alex Wright,CLE,JAX,DE,0.0,0.0,0.0,0.0,0.0,0.0,0.0,0.0,0.0,0.0,0.0,0.0,0.0,0.0,0.0,0.0,0.0,0.0,0.0,0.0,0.0,0.0,0.0,Injured Reserve,backup,2026-09-06T20:32:23+00:00
2026,1,401872922,00-0033876,Derek Barnett,CLE,JAX,DE,0.0,0.0,0.0,0.0,0.0,0.0,0.0,0.0,0.0,0.0,0.0,0.0,0.0,0.0,0.0,0.0,0.0,0.0,1.1,0.0,3.5,0.141,0.1081734896081037,Active,backup,2026-09-06T20:32:23+00:00
2026,1,401872922,00-0038574,Isaiah McGuire,CLE,JAX,DE,0.0,0.0,0.0,0.0,0.0,0.0,0.0,0.0,0.0,0.0,0.0,0.0,0.0,0.0,0.0,0.0,0.0,0.0,1.8,0.0,4.2,0.13,0.101911580559026,,starter,2026-09-06T20:32:23+00:00
2026,1,401872922,00-0039852,Jared Verse,CLE,JAX,DE,0.0,0.0,0.0,0.0,0.0,0.0,0.0,0.0,0.0,0.0,0.0,0.0,0.0,0.0,0.0,0.0,0.0,0.0,3.0,0.8,5.7,0.217,0.1715866381251627,,starter,2026-09-06T20:32:23+00:00
2026,1,401872922,00-0041285,Khordae Sydnor,CLE,JAX,DE,0.0,0.0,0.0,0.0,0.0,0.0,0.0,0.0,0.0,0.0,0.0,0.0,0.0,0.0,0.0,0.0,0.0,0.0,0.0,0.0,0.0,0.0,0.0,,roster_only,2026-09-06T20:32:23+00:00
2026,1,401872922,00-0041279,Logan Fano,CLE,JAX,DE,0.0,0.0,0.0,0.0,0.0,0.0,0.0,0.0,0.0,0.0,0.0,0.0,0.0,0.0,0.0,0.0,0.0,0.0,0.0,0.0,0.0,0.0,0.0,,roster_only,2026-09-06T20:32:23+00:00
2026,1,401872922,00-0041288,Tyreak Sapp,CLE,JAX,DE,0.0,0.0,0.0,0.0,0.0,0.0,0.0,0.0,0.0,0.0,0.0,0.0,0.0,0.0,0.0,0.0,0.0,0.0,0.0,0.0,0.0,0.0,0.0,,roster_only,2026-09-06T20:32:23+00:00
2026,1,401872922,00-0035857,Chris Williams,CLE,JAX,DT,0.0,0.0,0.0,0.0,0.0,0.0,0.0,0.0,0.0,0.0,0.0,0.0,0.0,0.0,0.0,0.0,0.0,0.0,0.0,0.0,0.0,0.0,0.0,,roster_only,2026-09-06T20:32:23+00:00
2026,1,401872922,00-0039764,Elijah Chatman,CLE,JAX,DT,0.0,0.0,0.0,0.0,0.0,0.0,0.0,0.0,0.0,0.0,0.0,0.0,0.0,0.0,0.0,0.0,0.0,0.0,0.0,0.0,0.0,0.0,0.0,Injured Reserve,backup,2026-09-06T20:32:23+00:00
2026,1,401872922,00-0037832,Kalia Davis,CLE,JAX,DT,0.0,0.0,0.0,0.0,0.0,0.0,0.0,0.0,0.0,0.0,0.0,0.0,0.0,0.0,0.0,0.0,0.0,0.0,0.0,0.0,0.0,0.0,0.0,Injured Reserve,backup,2026-09-06T20:32:23+00:00
2026,1,401872922,00-0033131,Maliek Collins,CLE,JAX,DT,0.0,0.0,0.0,0.0,0.0,0.0,0.0,0.0,0.0,0.0,0.0,0.0,0.0,0.0,0.0,0.0,0.0,0.0,1.7,0.0,4.0,0.145,0.1099535093490437,Active,starter,2026-09-06T20:32:23+00:00
2026,1,401872922,00-0040685,Mason Graham,CLE,JAX,DT,0.0,0.0,0.0,0.0,0.0,0.0,0.0,0.0,0.0,0.0,0.0,0.0,0.0,0.0,0.0,0.0,0.0,0.0,2.7,0.6,5.5,0.177,0.1351398506458966,,starter,2026-09-06T20:32:23+00:00
2026,1,401872922,00-0039895,Mike Hall Jr.,CLE,JAX,DT,0.0,0.0,0.0,0.0,0.0,0.0,0.0,0.0,0.0,0.0,0.0,0.0,0.0,0.0,0.0,0.0,0.0,0.0,1.1,0.0,3.6,0.213,0.1677405372593356,,backup,2026-09-06T20:32:23+00:00
2026,1,401872922,00-0036705,Sam Kamara,CLE,JAX,DT,0.0,0.0,0.0,0.0,0.0,0.0,0.0,0.0,0.0,0.0,0.0,0.0,0.0,0.0,0.0,0.0,0.0,0.0,0.0,0.0,0.0,0.0,0.0,,roster_only,2026-09-06T20:32:23+00:00
2026,1,401872922,00-0038405,Travis Bell,CLE,JAX,DT,0.0,0.0,0.0,0.0,0.0,0.0,0.0,0.0,0.0,0.0,0.0,0.0,0.0,0.0,0.0,0.0,0.0,0.0,0.0,0.0,0.0,0.0,0.0,Injured Reserve,backup,2026-09-06T20:32:23+00:00
2026,1,401872922,00-0031595,Michael Burton,CLE,JAX,FB,0.0,0.0,0.0,0.0,0.0,3.8,-6.4,19.7,0.139,0.1240124219952545,0.6,-13.3,32.1,0.045,0.0424710424710424,0.0,0.0,0.0,0.0,0.0,0.0,0.0,0.0,,starter,2026-09-06T20:32:23+00:00
2026,1,401872922,00-0040579,Carson Schwesinger,CLE,JAX,LB,0.0,0.0,0.0,0.0,0.0,0.0,0.0,0.0,0.0,0.0,0.0,0.0,0.0,0.0,0.0,0.0,0.0,0.0,6.7,5.6,12.8,0.215,0.1700522468944666,Active,starter,2026-09-06T20:32:23+00:00
2026,1,401872922,00-0040261,Easton Mascarenas-Arnold,CLE,JAX,LB,0.0,0.0,0.0,0.0,0.0,0.0,0.0,0.0,0.0,0.0,0.0,0.0,0.0,0.0,0.0,0.0,0.0,0.0,1.4,0.0,3.9,0.097,0.0777197693129216,,backup,2026-09-06T20:32:23+00:00
2026,1,401872922,00-0039878,Edefuan Ulofoshio,CLE,JAX,LB,0.0,0.0,0.0,0.0,0.0,0.0,0.0,0.0,0.0,0.0,0.0,0.0,0.0,0.0,0.0,0.0,0.0,0.0,0.0,0.0,0.0,0.0,0.0,Injured Reserve,backup,2026-09-06T20:32:23+00:00
2026,1,401872922,00-0036915,Jeremiah Owusu-Koramoah,CLE,JAX,LB,0.0,0.0,0.0,0.0,0.0,0.0,0.0,0.0,0.0,0.0,0.0,0.0,0.0,0.0,0.0,0.0,0.0,0.0,0.0,0.0,0.0,0.0,0.0,,backup,2026-09-06T20:32:23+00:00
2026,1,401872922,00-0041075,Justin Jefferson,CLE,JAX,LB,0.0,0.0,0.0,0.0,0.0,0.0,0.0,0.0,0.0,0.0,0.0,0.0,0.0,0.0,0.0,0.0,0.0,0.0,1.5,0.0,5.0,0.14,0.1073275859949004,,backup,2026-09-06T20:32:23+00:00
2026,1,401872922,00-0039406,Nathaniel Watson,CLE,JAX,LB,0.0,0.0,0.0,0.0,0.0,0.0,0.0,0.0,0.0,0.0,0.0,0.0,0.0,0.0,0.0,0.0,0.0,0.0,0.0,0.0,0.0,0.0,0.0,,roster_only,2026-09-06T20:32:23+00:00
2026,1,401872922,00-0035680,Quincy Williams,CLE,JAX,LB,0.0,0.0,0.0,0.0,0.0,0.0,0.0,0.0,0.0,0.0,0.0,0.0,0.0,0.0,0.0,0.0,0.0,0.0,6.6,3.5,10.7,0.053,0.04418831925962,,starter,2026-09-06T20:32:23+00:00
2026,1,401872922,00-0037665,Sam Williams,CLE,JAX,LB,0.0,0.0,0.0,0.0,0.0,0.0,0.0,0.0,0.0,0.0,0.0,0.0,0.0,0.0,0.0,0.0,0.0,0.0,1.2,0.0,3.8,0.243,0.1944126722819977,Active,backup,2026-09-06T20:32:23+00:00
2026,1,401872922,00-0039515,Winston Reid,CLE,JAX,LB,0.0,0.0,0.0,0.0,0.0,0.0,0.0,0.0,0.0,0.0,0.0,0.0,0.0,0.0,0.0,0.0,0.0,0.0,3.7,1.6,6.1,0.111,0.0895779595367977,,starter,2026-09-06T20:32:23+00:00
2026,1,401872922,00-0038428,Andre Szmyt,CLE,JAX,PK,0.0,0.0,0.0,0.0,0.0,0.0,0.0,0.0,0.0,0.0,0.0,0.0,0.0,0.0,0.0,6.5,1.8,12.0,0.0,0.0,0.0,0.0,0.0,Active,starter,2026-09-06T20:32:23+00:00
2026,1,401872922,00-0033537,Deshaun Watson,CLE,JAX,QB,211.9,120.7,318.0,1.188,0.6547619047619048,19.9,8.5,37.9,0.169,0.147679990673585,0.0,0.0,0.0,0.0,0.0,0.0,0.0,0.0,0.0,0.0,0.0,0.0,0.0,Active,starter,2026-09-06T20:32:23+00:00
2026,1,401872922,00-0040704,Dillon Gabriel,CLE,JAX,QB,0.0,0.0,0.0,0.0,0.0,0.0,0.0,0.0,0.0,0.0,0.0,0.0,0.0,0.0,0.0,0.0,0.0,0.0,0.0,0.0,0.0,0.0,0.0,Injured Reserve,backup,2026-09-06T20:32:23+00:00
2026,1,401872922,00-0040668,Shedeur Sanders,CLE,JAX,QB,0.0,0.0,0.0,0.0,0.0,11.2,-0.2,29.2,0.173,0.1512601156713876,0.0,0.0,0.0,0.0,0.0,0.0,0.0,0.0,0.0,0.0,0.0,0.0,0.0,Active,backup,2026-09-06T20:32:23+00:00
2026,1,401872922,00-0041092,Taylen Green,CLE,JAX,QB,0.0,0.0,0.0,0.0,0.0,6.5,-9.2,31.2,0.148,0.1311325208848825,0.0,0.0,0.0,0.0,0.0,0.0,0.0,0.0,0.0,0.0,0.0,0.0,0.0,Active,backup,2026-09-06T20:32:23+00:00
2026,1,401872922,00-0040162,Dylan Sampson,CLE,JAX,RB,0.0,0.0,0.0,0.0,0.0,14.5,-6.4,47.3,0.166,0.1459482593403595,10.8,-3.2,42.3,0.135,0.1148124101823097,0.0,0.0,0.0,0.0,0.0,0.0,0.0,0.0,Active,backup,2026-09-06T20:32:23+00:00
2026,1,401872922,00-0038794,Jaleel McLaughlin,CLE,JAX,RB,0.0,0.0,0.0,0.0,0.0,0.0,0.0,0.0,0.0,0.0,0.0,0.0,0.0,0.0,0.0,0.0,0.0,0.0,0.0,0.0,0.0,0.0,0.0,,roster_only,2026-09-06T20:32:23+00:00
2026,1,401872922,00-0040784,Quinshon Judkins,CLE,JAX,RB,0.0,0.0,0.0,0.0,0.0,33.2,12.3,66.0,0.299,0.2843981075548884,10.4,-3.5,41.9,0.134,0.1134298772911796,0.0,0.0,0.0,0.0,0.0,0.0,0.0,0.0,Active,starter,2026-09-06T20:32:23+00:00
2026,1,401872922,00-0040466,Raheim Sanders,CLE,JAX,RB,0.0,0.0,0.0,0.0,0.0,16.7,-6.2,52.8,0.247,0.2284420786248953,1.8,-13.5,36.5,0.103,0.0921963307584779,0.0,0.0,0.0,0.0,0.0,0.0,0.0,0.0,,backup,2026-09-06T20:32:23+00:00
2026,1,401872922,00-0036306,Daniel Thomas,CLE,JAX,S,0.0,0.0,0.0,0.0,0.0,0.0,0.0,0.0,0.0,0.0,0.0,0.0,0.0,0.0,0.0,0.0,0.0,0.0,1.5,0.0,4.2,0.01,0.008409427280531,,backup,2026-09-06T20:32:23+00:00
2026,1,401872922,00-0040263,Donovan McMillon,CLE,JAX,S,0.0,0.0,0.0,0.0,0.0,0.0,0.0,0.0,0.0,0.0,0.0,0.0,0.0,0.0,0.0,0.0,0.0,0.0,0.8,0.0,3.2,0.015,0.0120321256145094,,backup,2026-09-06T20:32:23+00:00
2026,1,401872922,00-0041471,Emmanuel McNeil-Warren,CLE,JAX,S,0.0,0.0,0.0,0.0,0.0,0.0,0.0,0.0,0.0,0.0,0.0,0.0,0.0,0.0,0.0,0.0,0.0,0.0,1.9,0.0,5.8,0.013,0.0110273941211973,,backup,2026-09-06T20:32:23+00:00
2026,1,401872922,00-0036282,Grant Delpit,CLE,JAX,S,0.0,0.0,0.0,0.0,0.0,0.0,0.0,0.0,0.0,0.0,0.0,0.0,0.0,0.0,0.0,0.0,0.0,0.0,5.9,3.1,9.2,0.027,0.0230169352727632,,starter,2026-09-06T20:32:23+00:00
2026,1,401872922,00-0038715,Ronnie Hickman,CLE,JAX,S,0.0,0.0,0.0,0.0,0.0,0.0,0.0,0.0,0.0,0.0,0.0,0.0,0.0,0.0,0.0,0.0,0.0,0.0,5.5,2.7,8.9,0.016,0.0137029765283181,,starter,2026-09-06T20:32:23+00:00
2026,1,401872922,00-0041286,Zion Washington,CLE,JAX,S,0.0,0.0,0.0,0.0,0.0,0.0,0.0,0.0,0.0,0.0,0.0,0.0,0.0,0.0,0.0,0.0,0.0,0.0,0.0,0.0,0.0,0.0,0.0,,roster_only,2026-09-06T20:32:23+00:00
2026,1,401872922,00-0038710,Blake Whiteheart,CLE,JAX,TE,0.0,0.0,0.0,0.0,0.0,0.0,-10.3,15.8,0.008,0.0071864111498257,4.2,-9.7,35.8,0.078,0.0769182886414281,0.0,0.0,0.0,0.0,0.0,0.0,0.0,0.0,,backup,2026-09-06T20:32:23+00:00
2026,1,401872922,00-0041131,Carsen Ryan,CLE,JAX,TE,0.0,0.0,0.0,0.0,0.0,0.0,-14.2,21.7,0.008,0.0071864111498257,2.6,-16.5,46.0,0.105,0.0926688488832143,0.0,0.0,0.0,0.0,0.0,0.0,0.0,0.0,Active,backup,2026-09-06T20:32:23+00:00
2026,1,401872922,00-0040663,Harold Fannin Jr.,CLE,JAX,TE,0.0,0.0,0.0,0.0,0.0,0.5,-9.7,16.5,0.008,0.0071864111498257,43.0,25.5,82.8,0.315,0.2868376032812663,0.0,0.0,0.0,0.0,0.0,0.0,0.0,0.0,Active,starter,2026-09-06T20:32:23+00:00
2026,1,401872922,00-0041087,Joe Royer,CLE,JAX,TE,0.0,0.0,0.0,0.0,0.0,0.0,0.0,0.0,0.0,0.0,0.0,0.0,0.0,0.0,0.0,0.0,0.0,0.0,0.0,0.0,0.0,0.0,0.0,Out,backup,2026-09-06T20:32:23+00:00
2026,1,401872922,00-0039275,Messiah Swinson,CLE,JAX,TE,0.0,0.0,0.0,0.0,0.0,0.0,0.0,0.0,0.0,0.0,0.0,0.0,0.0,0.0,0.0,0.0,0.0,0.0,0.0,0.0,0.0,0.0,0.0,,roster_only,2026-09-06T20:32:23+00:00
2026,1,401872922,00-0039650,Bryce Oliver,CLE,JAX,WR,0.0,0.0,0.0,0.0,0.0,0.0,0.0,0.0,0.0,0.0,0.0,0.0,0.0,0.0,0.0,0.0,0.0,0.0,0.0,0.0,0.0,0.0,0.0,,roster_only,2026-09-06T20:32:23+00:00
2026,1,401872922,00-0041037,Denzel Boston,CLE,JAX,WR,0.0,0.0,0.0,0.0,0.0,0.0,-14.1,21.8,0.008,0.0071864111498257,3.7,-15.4,47.1,0.095,0.0907212157457815,0.0,0.0,0.0,0.0,0.0,0.0,0.0,0.0,Active,backup,2026-09-06T20:32:23+00:00
2026,1,401872922,00-0040782,Isaiah Bond,CLE,JAX,WR,0.0,0.0,0.0,0.0,0.0,0.1,-10.1,16.0,0.008,0.0071864111498257,8.0,-5.9,39.5,0.098,0.0913421204371979,0.0,0.0,0.0,0.0,0.0,0.0,0.0,0.0,Questionable,backup,2026-09-06T20:32:23+00:00
2026,1,401872922,00-0039379,Jamari Thrash,CLE,JAX,WR,0.0,0.0,0.0,0.0,0.0,0.0,0.0,0.0,0.0,0.0,0.0,0.0,0.0,0.0,0.0,0.0,0.0,0.0,0.0,0.0,0.0,0.0,0.0,Injured Reserve,backup,2026-09-06T20:32:23+00:00
2026,1,401872922,00-0036407,Jerry Jeudy,CLE,JAX,WR,0.0,0.0,0.0,0.0,0.0,0.0,-10.3,15.9,0.008,0.0071864111498257,49.5,25.4,104.3,0.314,0.2851375504521026,0.0,0.0,0.0,0.0,0.0,0.0,0.0,0.0,Active,starter,2026-09-06T20:32:23+00:00
2026,1,401872922,00-0041547,KC Concepcion,CLE,JAX,WR,0.0,0.0,0.0,0.0,0.0,0.0,-14.1,21.8,0.008,0.0071864111498257,6.7,-12.4,50.1,0.097,0.0913158488452803,0.0,0.0,0.0,0.0,0.0,0.0,0.0,0.0,Active,backup,2026-09-06T20:32:23+00:00
2026,1,401872922,00-0041287,Kole Wilson,CLE,JAX,WR,0.0,0.0,0.0,0.0,0.0,0.0,0.0,0.0,0.0,0.0,0.0,0.0,0.0,0.0,0.0,0.0,0.0,0.0,0.0,0.0,0.0,0.0,0.0,,roster_only,2026-09-06T20:32:23+00:00
2026,1,401872922,00-0039920,Malachi Corley,CLE,JAX,WR,0.0,0.0,0.0,0.0,0.0,2.9,-7.2,18.9,0.044,0.0453417206029358,7.5,-6.5,39.0,0.097,0.0913087021263511,0.0,0.0,0.0,0.0,0.0,0.0,0.0,0.0,,backup,2026-09-06T20:32:23+00:00
2026,1,401872922,00-0036630,Tylan Wallace,CLE,JAX,WR,0.0,0.0,0.0,0.0,0.0,0.0,-10.4,15.7,0.008,0.0071864111498257,1.0,-12.9,32.6,0.084,0.0817457982310214,0.0,0.0,0.0,0.0,0.0,0.0,0.0,0.0,,backup,2026-09-06T20:32:23+00:00
2026,1,401872922,00-0038616,Christian Braswell,JAX,CLE,CB,0.0,0.0,0.0,0.0,0.0,0.0,0.0,0.0,0.0,0.0,0.0,0.0,0.0,0.0,0.0,0.0,0.0,0.0,1.1,0.0,3.5,0.007,0.0059141822476896,,backup,2026-09-06T20:32:23+00:00
2026,1,401872922,00-0041212,Devon Marshall,JAX,CLE,CB,0.0,0.0,0.0,0.0,0.0,0.0,0.0,0.0,0.0,0.0,0.0,0.0,0.0,0.0,0.0,0.0,0.0,0.0,0.0,0.0,0.0,0.0,0.0,,roster_only,2026-09-06T20:32:23+00:00
2026,1,401872922,00-0040336,Jabbar Muhammad,JAX,CLE,CB,0.0,0.0,0.0,0.0,0.0,0.0,0.0,0.0,0.0,0.0,0.0,0.0,0.0,0.0,0.0,0.0,0.0,0.0,0.0,0.0,0.0,0.0,0.0,,roster_only,2026-09-06T20:32:23+00:00
2026,1,401872922,00-0039353,Jarrian Jones,JAX,CLE,CB,0.0,0.0,0.0,0.0,0.0,0.0,0.0,0.0,0.0,0.0,0.0,0.0,0.0,0.0,0.0,0.0,0.0,0.0,2.1,0.0,5.7,0.023,0.0196288073276815,,backup,2026-09-06T20:32:23+00:00
2026,1,401872922,00-0033928,Jourdan Lewis,JAX,CLE,CB,0.0,0.0,0.0,0.0,0.0,0.0,0.0,0.0,0.0,0.0,0.0,0.0,0.0,0.0,0.0,0.0,0.0,0.0,3.8,1.5,6.4,0.016,0.0137029765283181,,starter,2026-09-06T20:32:23+00:00
2026,1,401872922,00-0037313,Montaric Brown,JAX,CLE,CB,0.0,0.0,0.0,0.0,0.0,0.0,0.0,0.0,0.0,0.0,0.0,0.0,0.0,0.0,0.0,0.0,0.0,0.0,4.2,1.4,7.6,0.016,0.0137029765283181,,starter,2026-09-06T20:32:23+00:00
2026,1,401872922,00-0040329,B.J. Green II,JAX,CLE,DE,0.0,0.0,0.0,0.0,0.0,0.0,0.0,0.0,0.0,0.0,0.0,0.0,0.0,0.0,0.0,0.0,0.0,0.0,1.0,0.0,3.4,0.05,0.0419580114710935,,backup,2026-09-06T20:32:23+00:00
2026,1,401872922,00-0041218,Bryan Thomas Jr.,JAX,CLE,DE,0.0,0.0,0.0,0.0,0.0,0.0,0.0,0.0,0.0,0.0,0.0,0.0,0.0,0.0,0.0,0.0,0.0,0.0,1.0,0.0,4.5,0.196,0.1524090762241051,,backup,2026-09-06T20:32:23+00:00
2026,1,401872922,00-0040342,Danny Striggow,JAX,CLE,DE,0.0,0.0,0.0,0.0,0.0,0.0,0.0,0.0,0.0,0.0,0.0,0.0,0.0,0.0,0.0,0.0,0.0,0.0,0.6,0.0,3.1,0.034,0.0282457103023745,,backup,2026-09-06T20:32:23+00:00
2026,1,401872922,00-0035642,Josh Hines-Allen,JAX,CLE,DE,0.0,0.0,0.0,0.0,0.0,0.0,0.0,0.0,0.0,0.0,0.0,0.0,0.0,0.0,0.0,0.0,0.0,0.0,2.8,0.7,5.5,0.436,0.3200775945683802,,starter,2026-09-06T20:32:23+00:00
2026,1,401872922,00-0034657,Matt Dickerson,JAX,CLE,DE,0.0,0.0,0.0,0.0,0.0,0.0,0.0,0.0,0.0,0.0,0.0,0.0,0.0,0.0,0.0,0.0,0.0,0.0,1.1,0.0,3.6,0.057,0.0473069173548527,,backup,2026-09-06T20:32:23+00:00
2026,1,401872922,00-0037235,Travon Walker,JAX,CLE,DE,0.0,0.0,0.0,0.0,0.0,0.0,0.0,0.0,0.0,0.0,0.0,0.0,0.0,0.0,0.0,0.0,0.0,0.0,2.9,0.7,5.6,0.363,0.2908519791575886,,starter,2026-09-06T20:32:23+00:00
2026,1,401872922,00-0041059,Wesley Williams,JAX,CLE,DE,0.0,0.0,0.0,0.0,0.0,0.0,0.0,0.0,0.0,0.0,0.0,0.0,0.0,0.0,0.0,0.0,0.0,0.0,1.1,0.0,4.6,0.206,0.1620181058128883,,backup,2026-09-06T20:32:23+00:00
2026,1,401872922,00-0041122,Zach Durfee,JAX,CLE,DE,0.0,0.0,0.0,0.0,0.0,0.0,0.0,0.0,0.0,0.0,0.0,0.0,0.0,0.0,0.0,0.0,0.0,0.0,0.0,0.0,0.0,0.0,0.0,Injured Reserve,backup,2026-09-06T20:32:23+00:00
2026,1,401872922,00-0041045,Albert Regis,JAX,CLE,DT,0.0,0.0,0.0,0.0,0.0,0.0,0.0,0.0,0.0,0.0,0.0,0.0,0.0,0.0,0.0,0.0,0.0,0.0,1.1,0.0,4.6,0.206,0.1620181058128883,,backup,2026-09-06T20:32:23+00:00
2026,1,401872922,00-0032164,Arik Armstead,JAX,CLE,DT,0.0,0.0,0.0,0.0,0.0,0.0,0.0,0.0,0.0,0.0,0.0,0.0,0.0,0.0,0.0,0.0,0.0,0.0,1.8,0.0,4.2,0.214,0.1691740131856297,,starter,2026-09-06T20:32:23+00:00
2026,1,401872922,00-0036262,DaVon Hamilton,JAX,CLE,DT,0.0,0.0,0.0,0.0,0.0,0.0,0.0,0.0,0.0,0.0,0.0,0.0,0.0,0.0,0.0,0.0,0.0,0.0,2.2,0.3,4.7,0.071,0.0589523776351862,,starter,2026-09-06T20:32:23+00:00
2026,1,401872922,00-0040338,Keivie Rose,JAX,CLE,DT,0.0,0.0,0.0,0.0,0.0,0.0,0.0,0.0,0.0,0.0,0.0,0.0,0.0,0.0,0.0,0.0,0.0,0.0,0.0,0.0,0.0,0.0,0.0,Injured Reserve,backup,2026-09-06T20:32:23+00:00
2026,1,401872922,00-0039733,Ruke Orhorhoro,JAX,CLE,DT,0.0,0.0,0.0,0.0,0.0,0.0,0.0,0.0,0.0,0.0,0.0,0.0,0.0,0.0,0.0,0.0,0.0,0.0,1.3,0.0,3.8,0.22,0.1743891415687338,,backup,2026-09-06T20:32:23+00:00
2026,1,401872922,00-0041204,T.J. Bollers,JAX,CLE,DT,0.0,0.0,0.0,0.0,0.0,0.0,0.0,0.0,0.0,0.0,0.0,0.0,0.0,0.0,0.0,0.0,0.0,0.0,0.0,0.0,0.0,0.0,0.0,,roster_only,2026-09-06T20:32:23+00:00
2026,1,401872922,00-0040326,Branson Combs,JAX,CLE,LB,0.0,0.0,0.0,0.0,0.0,0.0,0.0,0.0,0.0,0.0,0.0,0.0,0.0,0.0,0.0,0.0,0.0,0.0,0.7,0.0,3.2,0.011,0.0090482121289713,,backup,2026-09-06T20:32:23+00:00
2026,1,401872922,00-0034473,Dennis Gardeck,JAX,CLE,LB,0.0,0.0,0.0,0.0,0.0,0.0,0.0,0.0,0.0,0.0,0.0,0.0,0.0,0.0,0.0,0.0,0.0,0.0,1.5,0.0,3.9,0.299,0.2413804779409344,,backup,2026-09-06T20:32:23+00:00
2026,1,401872922,00-0034413,Foyesade Oluokun,JAX,CLE,LB,0.0,0.0,0.0,0.0,0.0,0.0,0.0,0.0,0.0,0.0,0.0,0.0,0.0,0.0,0.0,0.0,0.0,0.0,6.7,4.2,11.4,0.056,0.0464866542973607,,starter,2026-09-06T20:32:23+00:00
2026,1,401872922,00-0040723,Jack Kiser,JAX,CLE,LB,0.0,0.0,0.0,0.0,0.0,0.0,0.0,0.0,0.0,0.0,0.0,0.0,0.0,0.0,0.0,0.0,0.0,0.0,0.0,0.0,0.0,0.0,0.0,,roster_only,2026-09-06T20:32:23+00:00
2026,1,401872922,00-0035240,Jahlani Tavai,JAX,CLE,LB,0.0,0.0,0.0,0.0,0.0,0.0,0.0,0.0,0.0,0.0,0.0,0.0,0.0,0.0,0.0,0.0,0.0,0.0,3.4,1.3,5.7,0.028,0.0238045576438986,,backup,2026-09-06T20:32:23+00:00
2026,1,401872922,00-0040209,Jalen McLeod,JAX,CLE,LB,0.0,0.0,0.0,0.0,0.0,0.0,0.0,0.0,0.0,0.0,0.0,0.0,0.0,0.0,0.0,0.0,0.0,0.0,0.0,0.0,0.0,0.0,0.0,,roster_only,2026-09-06T20:32:23+00:00
2026,1,401872922,00-0040395,Jared Bartlett,JAX,CLE,LB,0.0,0.0,0.0,0.0,0.0,0.0,0.0,0.0,0.0,0.0,0.0,0.0,0.0,0.0,0.0,0.0,0.0,0.0,0.0,0.0,0.0,0.0,0.0,,starter,2026-09-06T20:32:23+00:00
2026,1,401872922,00-0041127,Parker Hughes,JAX,CLE,LB,0.0,0.0,0.0,0.0,0.0,0.0,0.0,0.0,0.0,0.0,0.0,0.0,0.0,0.0,0.0,0.0,0.0,0.0,0.0,0.0,0.0,0.0,0.0,Injured Reserve,backup,2026-09-06T20:32:23+00:00
2026,1,401872922,00-0038570,Ventrell Miller,JAX,CLE,LB,0.0,0.0,0.0,0.0,0.0,0.0,0.0,0.0,0.0,0.0,0.0,0.0,0.0,0.0,0.0,0.0,0.0,0.0,1.8,0.0,4.3,0.006,0.0048959972207137,,starter,2026-09-06T20:32:23+00:00
2026,1,401872922,00-0039409,Cam Little,JAX,CLE,PK,0.0,0.0,0.0,0.0,0.0,0.0,0.0,0.0,0.0,0.0,0.0,0.0,0.0,0.0,0.0,7.3,2.8,12.6,0.0,0.0,0.0,0.0,0.0,Active,starter,2026-09-06T20:32:23+00:00
2026,1,401872922,00-0039534,Carter Bradley,JAX,CLE,QB,0.0,0.0,0.0,0.0,0.0,0.0,0.0,0.0,0.0,0.0,0.0,0.0,0.0,0.0,0.0,0.0,0.0,0.0,0.0,0.0,0.0,0.0,0.0,Injured Reserve,backup,2026-09-06T20:32:23+00:00
2026,1,401872922,00-0041203,Joey Aguilar,JAX,CLE,QB,0.0,0.0,0.0,0.0,0.0,0.0,0.0,0.0,0.0,0.0,0.0,0.0,0.0,0.0,0.0,0.0,0.0,0.0,0.0,0.0,0.0,0.0,0.0,,roster_only,2026-09-06T20:32:23+00:00
2026,1,401872922,00-0033319,Nick Mullens,JAX,CLE,QB,0.0,0.0,0.0,0.0,0.0,0.0,0.0,0.0,0.0,0.0,0.0,0.0,0.0,0.0,0.0,0.0,0.0,0.0,0.0,0.0,0.0,0.0,0.0,,roster_only,2026-09-06T20:32:23+00:00
2026,1,401872922,00-0040234,Quinn Ewers,JAX,CLE,QB,0.0,0.0,0.0,0.0,0.0,5.9,-6.7,25.6,0.181,0.1569613295265703,0.0,0.0,0.0,0.0,0.0,0.0,0.0,0.0,0.0,0.0,0.0,0.0,0.0,Active,backup,2026-09-06T20:32:23+00:00
2026,1,401872922,00-0036971,Trevor Lawrence,JAX,CLE,QB,229.3,138.1,335.5,1.474,0.8093740182457984,21.5,10.1,39.4,0.406,0.3682373472949389,0.0,0.0,0.0,0.0,0.0,0.0,0.0,0.0,0.0,0.0,0.0,0.0,0.0,Active,starter,2026-09-06T20:32:23+00:00
2026,1,401872922,00-0032104,Ameer Abdullah,JAX,CLE,RB,0.0,0.0,0.0,0.0,0.0,6.8,-3.3,22.8,0.143,0.1278346223049104,1.6,-12.3,33.1,0.111,0.0937358442028612,0.0,0.0,0.0,0.0,0.0,0.0,0.0,0.0,Active,backup,2026-09-06T20:32:23+00:00
2026,1,401872922,00-0040719,Bhayshul Tuten,JAX,CLE,RB,0.0,0.0,0.0,0.0,0.0,16.4,-4.4,49.2,0.257,0.23980244302486,0.6,-13.3,32.1,0.128,0.1069899347405535,0.0,0.0,0.0,0.0,0.0,0.0,0.0,0.0,Questionable,starter,2026-09-06T20:32:23+00:00
2026,1,401872922,00-0038611,Chris Rodriguez Jr.,JAX,CLE,RB,0.0,0.0,0.0,0.0,0.0,26.2,5.4,59.0,0.326,0.3115333737813055,3.1,-10.9,34.6,0.221,0.1988926415261955,0.0,0.0,0.0,0.0,0.0,0.0,0.0,0.0,Active,backup,2026-09-06T20:32:23+00:00
2026,1,401872922,00-0041217,J'Mari Taylor,JAX,CLE,RB,0.0,0.0,0.0,0.0,0.0,0.0,0.0,0.0,0.0,0.0,0.0,0.0,0.0,0.0,0.0,0.0,0.0,0.0,0.0,0.0,0.0,0.0,0.0,,roster_only,2026-09-06T20:32:23+00:00
2026,1,401872922,00-0040238,LeQuint Allen Jr.,JAX,CLE,RB,0.0,0.0,0.0,0.0,0.0,5.0,-15.9,37.8,0.149,0.1320440514603545,0.0,-14.1,31.3,0.078,0.0770591251375762,0.0,0.0,0.0,0.0,0.0,0.0,0.0,0.0,Questionable,backup,2026-09-06T20:32:23+00:00
2026,1,401872922,00-0038596,Antonio Johnson,JAX,CLE,S,0.0,0.0,0.0,0.0,0.0,0.0,0.0,0.0,0.0,0.0,0.0,0.0,0.0,0.0,0.0,0.0,0.0,0.0,4.1,1.9,6.7,0.019,0.0163729533957588,,starter,2026-09-06T20:32:23+00:00
2026,1,401872922,00-0040145,Caleb Ransaw,JAX,CLE,S,0.0,0.0,0.0,0.0,0.0,0.0,0.0,0.0,0.0,0.0,0.0,0.0,0.0,0.0,0.0,0.0,0.0,0.0,1.3,0.0,5.3,0.012,0.0096927663121892,,backup,2026-09-06T20:32:23+00:00
2026,1,401872922,00-0040339,Cam'Ron Silmon-Craig,JAX,CLE,S,0.0,0.0,0.0,0.0,0.0,0.0,0.0,0.0,0.0,0.0,0.0,0.0,0.0,0.0,0.0,0.0,0.0,0.0,0.0,0.0,0.0,0.0,0.0,,roster_only,2026-09-06T20:32:23+00:00
2026,1,401872922,00-0033038,Eric Murray,JAX,CLE,S,0.0,0.0,0.0,0.0,0.0,0.0,0.0,0.0,0.0,0.0,0.0,0.0,0.0,0.0,0.0,0.0,0.0,0.0,4.8,2.0,8.2,0.024,0.0202878222983249,,starter,2026-09-06T20:32:23+00:00
2026,1,401872922,00-0041055,Jalen Huskey,JAX,CLE,S,0.0,0.0,0.0,0.0,0.0,0.0,0.0,0.0,0.0,0.0,0.0,0.0,0.0,0.0,0.0,0.0,0.0,0.0,1.5,0.0,5.4,0.013,0.0110114777087152,,backup,2026-09-06T20:32:23+00:00
2026,1,401872922,00-0038823,Kaevon Merriweather,JAX,CLE,S,0.0,0.0,0.0,0.0,0.0,0.0,0.0,0.0,0.0,0.0,0.0,0.0,0.0,0.0,0.0,0.0,0.0,0.0,0.0,0.0,0.0,0.0,0.0,,roster_only,2026-09-06T20:32:23+00:00
2026,1,401872922,00-0040213,Rayuan Lane III,JAX,CLE,S,0.0,0.0,0.0,0.0,0.0,0.0,0.0,0.0,0.0,0.0,0.0,0.0,0.0,0.0,0.0,0.0,0.0,0.0,0.9,0.0,3.3,0.005,0.0040673398205317,,backup,2026-09-06T20:32:23+00:00
2026,1,401872922,00-0038935,Brenton Strange,JAX,CLE,TE,0.0,0.0,0.0,0.0,0.0,0.0,-10.3,15.8,0.008,0.0071864111498257,25.5,7.9,65.2,0.396,0.3423597678916827,0.0,0.0,0.0,0.0,0.0,0.0,0.0,0.0,Active,starter,2026-09-06T20:32:23+00:00
2026,1,401872922,00-0039489,Hayden Rucci,JAX,CLE,TE,0.0,0.0,0.0,0.0,0.0,0.0,0.0,0.0,0.0,0.0,0.0,0.0,0.0,0.0,0.0,0.0,0.0,0.0,0.0,0.0,0.0,0.0,0.0,,roster_only,2026-09-06T20:32:23+00:00
2026,1,401872922,00-0041503,Nate Boerkircher,JAX,CLE,TE,0.0,0.0,0.0,0.0,0.0,0.0,-14.2,21.8,0.008,0.0071864111498257,5.1,-14.1,48.4,0.227,0.2048090751605249,0.0,0.0,0.0,0.0,0.0,0.0,0.0,0.0,Active,backup,2026-09-06T20:32:23+00:00
2026,1,401872922,00-0036590,Quintin Morris,JAX,CLE,TE,0.0,0.0,0.0,0.0,0.0,0.0,-10.5,15.7,0.008,0.0071864111498257,0.1,-13.8,31.6,0.074,0.0737130334729919,0.0,0.0,0.0,0.0,0.0,0.0,0.0,0.0,,backup,2026-09-06T20:32:23+00:00
2026,1,401872922,00-0041084,Tanner Koziol,JAX,CLE,TE,0.0,0.0,0.0,0.0,0.0,0.0,-14.2,21.7,0.008,0.0071864111498257,2.7,-16.5,46.0,0.223,0.2007234340283383,0.0,0.0,0.0,0.0,0.0,0.0,0.0,0.0,Active,backup,2026-09-06T20:32:23+00:00
2026,1,401872922,00-0036841,Austin Trammell,JAX,CLE,WR,0.0,0.0,0.0,0.0,0.0,0.0,0.0,0.0,0.0,0.0,0.0,0.0,0.0,0.0,0.0,0.0,0.0,0.0,0.0,0.0,0.0,0.0,0.0,,roster_only,2026-09-06T20:32:23+00:00
2026,1,401872922,00-0039893,Brian Thomas Jr.,JAX,CLE,WR,0.0,0.0,0.0,0.0,0.0,0.1,-10.1,16.1,0.008,0.0071864111498257,44.7,20.5,99.5,0.414,0.3423597678916827,0.0,0.0,0.0,0.0,0.0,0.0,0.0,0.0,Active,starter,2026-09-06T20:32:23+00:00
2026,1,401872922,00-0041106,CJ Williams,JAX,CLE,WR,0.0,0.0,0.0,0.0,0.0,0.0,-14.1,21.9,0.008,0.0071864111498257,4.0,-15.1,47.4,0.2,0.1798322723735594,0.0,0.0,0.0,0.0,0.0,0.0,0.0,0.0,Active,backup,2026-09-06T20:32:23+00:00
2026,1,401872922,00-0034960,Jakobi Meyers,JAX,CLE,WR,0.0,0.0,0.0,0.0,0.0,0.7,-9.5,16.7,0.058,0.0569008400025801,39.3,15.1,94.1,0.414,0.3423597678916827,0.0,0.0,0.0,0.0,0.0,0.0,0.0,0.0,Questionable,backup,2026-09-06T20:32:23+00:00
2026,1,401872922,00-0041100,Josh Cameron,JAX,CLE,WR,0.0,0.0,0.0,0.0,0.0,0.0,-14.1,21.9,0.008,0.0071864111498257,4.0,-15.1,47.4,0.2,0.1798322723735594,0.0,0.0,0.0,0.0,0.0,0.0,0.0,0.0,Active,backup,2026-09-06T20:32:23+00:00
2026,1,401872922,00-0041220,Michael Wortham,JAX,CLE,WR,0.0,0.0,0.0,0.0,0.0,0.0,0.0,0.0,0.0,0.0,0.0,0.0,0.0,0.0,0.0,0.0,0.0,0.0,0.0,0.0,0.0,0.0,0.0,,roster_only,2026-09-06T20:32:23+00:00
2026,1,401872922,00-0038606,Parker Washington,JAX,CLE,WR,0.0,0.0,0.0,0.0,0.0,0.1,-10.0,16.1,0.008,0.0071864111498257,36.9,12.7,91.7,0.414,0.3423597678916827,0.0,0.0,0.0,0.0,0.0,0.0,0.0,0.0,Active,backup,2026-09-06T20:32:23+00:00
2026,1,401872922,00-0036497,Tim Jones,JAX,CLE,WR,0.0,0.0,0.0,0.0,0.0,0.0,0.0,0.0,0.0,0.0,0.0,0.0,0.0,0.0,0.0,0.0,0.0,0.0,0.0,0.0,0.0,0.0,0.0,,roster_only,2026-09-06T20:32:23+00:00
2026,1,401872922,00-0040718,Travis Hunter,JAX,CLE,WR,0.0,0.0,0.0,0.0,0.0,0.0,-10.1,16.0,0.039,0.0398555895209725,34.5,10.4,89.3,0.414,0.3423597678916827,0.0,0.0,0.0,0.0,0.0,0.0,0.0,0.0,Active,starter,2026-09-06T20:32:23+00:00
2026,1,401872922,00-0041216,Trebor Pena,JAX,CLE,WR,0.0,0.0,0.0,0.0,0.0,0.0,0.0,0.0,0.0,0.0,0.0,0.0,0.0,0.0,0.0,0.0,0.0,0.0,0.0,0.0,0.0,0.0,0.0,,roster_only,2026-09-06T20:32:23+00:00
2026,1,401872923,00-0041454,Aamaris Brown,DET,NO,CB,0.0,0.0,0.0,0.0,0.0,0.0,0.0,0.0,0.0,0.0,0.0,0.0,0.0,0.0,0.0,0.0,0.0,0.0,0.0,0.0,0.0,0.0,0.0,,roster_only,2026-09-06T20:32:23+00:00
2026,1,401872923,00-0034377,Avonte Maddox,DET,NO,CB,0.0,0.0,0.0,0.0,0.0,0.0,0.0,0.0,0.0,0.0,0.0,0.0,0.0,0.0,0.0,0.0,0.0,0.0,4.0,1.3,7.5,0.021,0.017782400716885,,starter,2026-09-06T20:32:23+00:00
2026,1,401872923,00-0034384,D.J. Reed,DET,NO,CB,0.0,0.0,0.0,0.0,0.0,0.0,0.0,0.0,0.0,0.0,0.0,0.0,0.0,0.0,0.0,0.0,0.0,0.0,4.5,1.7,7.9,0.016,0.0137029765283181,Questionable,starter,2026-09-06T20:32:23+00:00
2026,1,401872923,00-0039862,Ennis Rakestraw Jr.,DET,NO,CB,0.0,0.0,0.0,0.0,0.0,0.0,0.0,0.0,0.0,0.0,0.0,0.0,0.0,0.0,0.0,0.0,0.0,0.0,0.8,0.0,3.2,0.006,0.0051723134136272,Questionable,backup,2026-09-06T20:32:23+00:00
2026,1,401872923,00-0041445,Keith Abney II,DET,NO,CB,0.0,0.0,0.0,0.0,0.0,0.0,0.0,0.0,0.0,0.0,0.0,0.0,0.0,0.0,0.0,0.0,0.0,0.0,3.5,0.6,7.3,0.016,0.0137029765283181,,starter,2026-09-06T20:32:23+00:00
2026,1,401872923,00-0036124,Khalil Dorsey,DET,NO,CB,0.0,0.0,0.0,0.0,0.0,0.0,0.0,0.0,0.0,0.0,0.0,0.0,0.0,0.0,0.0,0.0,0.0,0.0,0.7,0.0,3.2,0.005,0.0038797284190106,,backup,2026-09-06T20:32:23+00:00
2026,1,401872923,00-0038841,Nick Whiteside,DET,NO,CB,0.0,0.0,0.0,0.0,0.0,0.0,0.0,0.0,0.0,0.0,0.0,0.0,0.0,0.0,0.0,0.0,0.0,0.0,0.0,0.0,0.0,0.0,0.0,,roster_only,2026-09-06T20:32:23+00:00
2026,1,401872923,00-0035637,Rock Ya-Sin,DET,NO,CB,0.0,0.0,0.0,0.0,0.0,0.0,0.0,0.0,0.0,0.0,0.0,0.0,0.0,0.0,0.0,0.0,0.0,0.0,2.9,0.3,6.4,0.016,0.0137029765283181,,backup,2026-09-06T20:32:23+00:00
2026,1,401872923,00-0038125,Roger McCreary,DET,NO,CB,0.0,0.0,0.0,0.0,0.0,0.0,0.0,0.0,0.0,0.0,0.0,0.0,0.0,0.0,0.0,0.0,0.0,0.0,3.8,1.5,6.4,0.028,0.0236325033254691,,starter,2026-09-06T20:32:23+00:00
2026,1,401872923,00-0040761,Ahmed Hassanein,DET,NO,DE,0.0,0.0,0.0,0.0,0.0,0.0,0.0,0.0,0.0,0.0,0.0,0.0,0.0,0.0,0.0,0.0,0.0,0.0,0.9,0.0,4.4,0.187,0.1443147700530072,,backup,2026-09-06T20:32:23+00:00
2026,1,401872923,00-0037236,Aidan Hutchinson,DET,NO,DE,0.0,0.0,0.0,0.0,0.0,0.0,0.0,0.0,0.0,0.0,0.0,0.0,0.0,0.0,0.0,0.0,0.0,0.0,2.9,0.8,5.6,0.436,0.3200775945683802,,starter,2026-09-06T20:32:23+00:00
2026,1,401872923,00-0019730,Anthony Lucas,DET,NO,DE,0.0,0.0,0.0,0.0,0.0,0.0,0.0,0.0,0.0,0.0,0.0,0.0,0.0,0.0,0.0,0.0,0.0,0.0,0.0,0.0,0.0,0.0,0.0,,roster_only,2026-09-06T20:32:23+00:00
2026,1,401872923,00-0041441,Derrick Moore,DET,NO,DE,0.0,0.0,0.0,0.0,0.0,0.0,0.0,0.0,0.0,0.0,0.0,0.0,0.0,0.0,0.0,0.0,0.0,0.0,1.1,0.0,4.5,0.209,0.1644572974509886,Questionable,backup,2026-09-06T20:32:23+00:00
2026,1,401872923,00-0041459,Eric O'Neill,DET,NO,DE,0.0,0.0,0.0,0.0,0.0,0.0,0.0,0.0,0.0,0.0,0.0,0.0,0.0,0.0,0.0,0.0,0.0,0.0,1.0,0.0,4.5,0.207,0.162364424349556,,backup,2026-09-06T20:32:23+00:00
2026,1,401872923,00-0036954,Levi Onwuzurike,DET,NO,DE,0.0,0.0,0.0,0.0,0.0,0.0,0.0,0.0,0.0,0.0,0.0,0.0,0.0,0.0,0.0,0.0,0.0,0.0,2.4,0.3,5.2,0.145,0.1100491055244511,,starter,2026-09-06T20:32:23+00:00
2026,1,401872923,00-0036926,Payton Turner,DET,NO,DE,0.0,0.0,0.0,0.0,0.0,0.0,0.0,0.0,0.0,0.0,0.0,0.0,0.0,0.0,0.0,0.0,0.0,0.0,0.0,0.0,0.0,0.0,0.0,Injured Reserve,backup,2026-09-06T20:32:23+00:00
2026,1,401872923,00-0036624,Alim McNeill,DET,NO,DT,0.0,0.0,0.0,0.0,0.0,0.0,0.0,0.0,0.0,0.0,0.0,0.0,0.0,0.0,0.0,0.0,0.0,0.0,1.7,0.0,4.4,0.178,0.1359889220993412,,starter,2026-09-06T20:32:23+00:00
2026,1,401872923,00-0037356,Ben Stille,DET,NO,DT,0.0,0.0,0.0,0.0,0.0,0.0,0.0,0.0,0.0,0.0,0.0,0.0,0.0,0.0,0.0,0.0,0.0,0.0,0.0,0.0,0.0,0.0,0.0,,roster_only,2026-09-06T20:32:23+00:00
2026,1,401872923,00-0038661,Chris Smith,DET,NO,DT,0.0,0.0,0.0,0.0,0.0,0.0,0.0,0.0,0.0,0.0,0.0,0.0,0.0,0.0,0.0,0.0,0.0,0.0,0.0,0.0,0.0,0.0,0.0,,roster_only,2026-09-06T20:32:23+00:00
2026,1,401872923,00-0039396,Mekhi Wingo,DET,NO,DT,0.0,0.0,0.0,0.0,0.0,0.0,0.0,0.0,0.0,0.0,0.0,0.0,0.0,0.0,0.0,0.0,0.0,0.0,1.1,0.0,3.6,0.094,0.0745709306400786,Questionable,backup,2026-09-06T20:32:23+00:00
2026,1,401872923,00-0041447,Skyler Gill-Howard,DET,NO,DT,0.0,0.0,0.0,0.0,0.0,0.0,0.0,0.0,0.0,0.0,0.0,0.0,0.0,0.0,0.0,0.0,0.0,0.0,1.1,0.0,4.6,0.218,0.1722110971049171,,backup,2026-09-06T20:32:23+00:00
2026,1,401872923,00-0040672,Tyleik Williams,DET,NO,DT,0.0,0.0,0.0,0.0,0.0,0.0,0.0,0.0,0.0,0.0,0.0,0.0,0.0,0.0,0.0,0.0,0.0,0.0,1.1,0.0,3.7,0.241,0.193128963994634,,backup,2026-09-06T20:32:23+00:00
2026,1,401872923,00-0038940,Tyler Lacy,DET,NO,DT,0.0,0.0,0.0,0.0,0.0,0.0,0.0,0.0,0.0,0.0,0.0,0.0,0.0,0.0,0.0,0.0,0.0,0.0,1.3,0.0,3.8,0.071,0.0586759777054349,,backup,2026-09-06T20:32:23+00:00
2026,1,401872923,00-0041448,Tyre West,DET,NO,DT,0.0,0.0,0.0,0.0,0.0,0.0,0.0,0.0,0.0,0.0,0.0,0.0,0.0,0.0,0.0,0.0,0.0,0.0,0.0,0.0,0.0,0.0,0.0,,roster_only,2026-09-06T20:32:23+00:00
2026,1,401872923,00-0036716,Amen Ogbongbemiga,DET,NO,LB,0.0,0.0,0.0,0.0,0.0,0.0,0.0,0.0,0.0,0.0,0.0,0.0,0.0,0.0,0.0,0.0,0.0,0.0,0.0,0.0,0.0,0.0,0.0,,roster_only,2026-09-06T20:32:23+00:00
2026,1,401872923,00-0036335,DJ Wonnum,DET,NO,LB,0.0,0.0,0.0,0.0,0.0,0.0,0.0,0.0,0.0,0.0,0.0,0.0,0.0,0.0,0.0,0.0,0.0,0.0,2.5,0.6,5.0,0.32,0.2581786778582303,,starter,2026-09-06T20:32:23+00:00
2026,1,401872923,00-0037281,Damone Clark,DET,NO,LB,0.0,0.0,0.0,0.0,0.0,0.0,0.0,0.0,0.0,0.0,0.0,0.0,0.0,0.0,0.0,0.0,0.0,0.0,0.0,0.0,0.0,0.0,0.0,Injured Reserve,backup,2026-09-06T20:32:23+00:00
2026,1,401872923,00-0036964,Derrick Barnes,DET,NO,LB,0.0,0.0,0.0,0.0,0.0,0.0,0.0,0.0,0.0,0.0,0.0,0.0,0.0,0.0,0.0,0.0,0.0,0.0,5.4,2.2,9.4,0.115,0.092968862985265,,starter,2026-09-06T20:32:23+00:00
2026,1,401872923,00-0035707,Devin White,DET,NO,LB,0.0,0.0,0.0,0.0,0.0,0.0,0.0,0.0,0.0,0.0,0.0,0.0,0.0,0.0,0.0,0.0,0.0,0.0,3.4,0.3,7.5,0.096,0.0768699299653979,,backup,2026-09-06T20:32:23+00:00
2026,1,401872923,00-0039018,Jack Campbell,DET,NO,LB,0.0,0.0,0.0,0.0,0.0,0.0,0.0,0.0,0.0,0.0,0.0,0.0,0.0,0.0,0.0,0.0,0.0,0.0,6.7,4.6,11.7,0.07,0.058453521551522,,starter,2026-09-06T20:32:23+00:00
2026,1,401872923,00-0041442,Jimmy Rolder,DET,NO,LB,0.0,0.0,0.0,0.0,0.0,0.0,0.0,0.0,0.0,0.0,0.0,0.0,0.0,0.0,0.0,0.0,0.0,0.0,1.4,0.0,4.9,0.139,0.1070577532754551,Questionable,backup,2026-09-06T20:32:23+00:00
2026,1,401872923,00-0035895,Joe Bachie,DET,NO,LB,0.0,0.0,0.0,0.0,0.0,0.0,0.0,0.0,0.0,0.0,0.0,0.0,0.0,0.0,0.0,0.0,0.0,0.0,0.0,0.0,0.0,0.0,0.0,,roster_only,2026-09-06T20:32:23+00:00
2026,1,401872923,00-0037289,Malcolm Rodriguez,DET,NO,LB,0.0,0.0,0.0,0.0,0.0,0.0,0.0,0.0,0.0,0.0,0.0,0.0,0.0,0.0,0.0,0.0,0.0,0.0,3.7,1.6,6.1,0.071,0.0587016394020333,Questionable,starter,2026-09-06T20:32:23+00:00
2026,1,401872923,00-0038660,Trevor Nowaske,DET,NO,LB,0.0,0.0,0.0,0.0,0.0,0.0,0.0,0.0,0.0,0.0,0.0,0.0,0.0,0.0,0.0,0.0,0.0,0.0,1.0,0.0,3.4,0.086,0.0685154991831713,,backup,2026-09-06T20:32:23+00:00
2026,1,401872923,00-0039172,Jake Bates,DET,NO,PK,0.0,0.0,0.0,0.0,0.0,0.0,0.0,0.0,0.0,0.0,0.0,0.0,0.0,0.0,0.0,7.1,2.1,13.0,0.0,0.0,0.0,0.0,0.0,Active,starter,2026-09-06T20:32:23+00:00
2026,1,401872923,00-0033106,Jared Goff,DET,NO,QB,231.5,140.3,337.6,1.582,0.8125,2.6,-7.6,18.6,0.189,0.1635906388680053,0.0,0.0,0.0,0.0,0.0,0.0,0.0,0.0,0.0,0.0,0.0,0.0,0.0,Active,starter,2026-09-06T20:32:23+00:00
2026,1,401872923,00-0033949,Joshua Dobbs,DET,NO,QB,0.0,0.0,0.0,0.0,0.0,9.3,-2.1,27.3,0.238,0.2187254912650423,0.0,0.0,0.0,0.0,0.0,0.0,0.0,0.0,0.0,0.0,0.0,0.0,0.0,Active,backup,2026-09-06T20:32:23+00:00
2026,1,401872923,00-0041453,Luke Altmyer,DET,NO,QB,0.0,0.0,0.0,0.0,0.0,0.0,0.0,0.0,0.0,0.0,0.0,0.0,0.0,0.0,0.0,0.0,0.0,0.0,0.0,0.0,0.0,0.0,0.0,,roster_only,2026-09-06T20:32:23+00:00
2026,1,401872923,00-0037197,Isiah Pacheco,DET,NO,RB,0.0,0.0,0.0,0.0,0.0,0.0,0.0,0.0,0.0,0.0,0.0,0.0,0.0,0.0,0.0,0.0,0.0,0.0,0.0,0.0,0.0,0.0,0.0,Injured Reserve,backup,2026-09-06T20:32:23+00:00
2026,1,401872923,00-0038896,Jacob Saylors,DET,NO,RB,0.0,0.0,0.0,0.0,0.0,0.9,-9.3,16.8,0.012,0.0104149337666616,0.0,-15.6,29.9,0.067,0.0659071544825626,0.0,0.0,0.0,0.0,0.0,0.0,0.0,0.0,Active,backup,2026-09-06T20:32:23+00:00
2026,1,401872923,00-0039139,Jahmyr Gibbs,DET,NO,RB,0.0,0.0,0.0,0.0,0.0,67.2,46.3,100.0,0.464,0.3682373472949389,34.0,20.1,65.5,0.414,0.3423597678916827,0.0,0.0,0.0,0.0,0.0,0.0,0.0,0.0,Active,starter,2026-09-06T20:32:23+00:00
2026,1,401872923,00-0034440,Justin Jackson,DET,NO,RB,0.0,0.0,0.0,0.0,0.0,13.8,-14.9,58.9,0.182,0.1579707004979382,1.1,-18.0,44.5,0.192,0.1733815909421013,0.0,0.0,0.0,0.0,0.0,0.0,0.0,0.0,,roster_only,2026-09-06T20:32:23+00:00
2026,1,401872923,00-0039364,Sione Vaki,DET,NO,RB,0.0,0.0,0.0,0.0,0.0,0.9,-9.2,16.9,0.016,0.0150737561279119,0.0,-15.3,30.1,0.067,0.0659071544825626,0.0,0.0,0.0,0.0,0.0,0.0,0.0,0.0,Active,backup,2026-09-06T20:32:23+00:00
2026,1,401872923,00-0039141,Brian Branch,DET,NO,S,0.0,0.0,0.0,0.0,0.0,0.0,0.0,0.0,0.0,0.0,0.0,0.0,0.0,0.0,0.0,0.0,0.0,0.0,0.0,0.0,0.0,0.0,0.0,Out,backup,2026-09-06T20:32:23+00:00
2026,1,401872923,00-0038820,Christian Izien,DET,NO,S,0.0,0.0,0.0,0.0,0.0,0.0,0.0,0.0,0.0,0.0,0.0,0.0,0.0,0.0,0.0,0.0,0.0,0.0,3.0,0.4,6.5,0.011,0.0089009483305428,,backup,2026-09-06T20:32:23+00:00
2026,1,401872923,00-0033294,Chuck Clark,DET,NO,S,0.0,0.0,0.0,0.0,0.0,0.0,0.0,0.0,0.0,0.0,0.0,0.0,0.0,0.0,0.0,0.0,0.0,0.0,4.0,1.7,6.6,0.016,0.0141370841182494,,starter,2026-09-06T20:32:23+00:00
2026,1,401872923,00-0037667,Kerby Joseph,DET,NO,S,0.0,0.0,0.0,0.0,0.0,0.0,0.0,0.0,0.0,0.0,0.0,0.0,0.0,0.0,0.0,0.0,0.0,0.0,0.0,0.0,0.0,0.0,0.0,Out,backup,2026-09-06T20:32:23+00:00
2026,1,401872923,00-0039660,Thomas Harper,DET,NO,S,0.0,0.0,0.0,0.0,0.0,0.0,0.0,0.0,0.0,0.0,0.0,0.0,0.0,0.0,0.0,0.0,0.0,0.0,2.3,0.4,4.8,0.016,0.0137029765283181,,backup,2026-09-06T20:32:23+00:00
2026,1,401872923,00-0036754,Brock Wright,DET,NO,TE,0.0,0.0,0.0,0.0,0.0,0.0,-10.4,15.8,0.011,0.0087178410157844,13.4,-4.1,53.2,0.281,0.2535496387027589,0.0,0.0,0.0,0.0,0.0,0.0,0.0,0.0,Active,backup,2026-09-06T20:32:23+00:00
2026,1,401872923,00-0039065,Sam LaPorta,DET,NO,TE,0.0,0.0,0.0,0.0,0.0,0.0,-10.4,15.8,0.01,0.007680728186834,37.2,19.6,76.9,0.414,0.3423597678916827,0.0,0.0,0.0,0.0,0.0,0.0,0.0,0.0,Questionable,starter,2026-09-06T20:32:23+00:00
2026,1,401872923,00-0040697,Thomas Gordon,DET,NO,TE,0.0,0.0,0.0,0.0,0.0,0.0,0.0,0.0,0.0,0.0,0.0,0.0,0.0,0.0,0.0,0.0,0.0,0.0,0.0,0.0,0.0,0.0,0.0,,roster_only,2026-09-06T20:32:23+00:00
2026,1,401872923,00-0034270,Tyler Conklin,DET,NO,TE,0.0,0.0,0.0,0.0,0.0,0.0,-10.5,15.7,0.013,0.0116250953467871,4.4,-9.5,35.9,0.303,0.2748697495362798,0.0,0.0,0.0,0.0,0.0,0.0,0.0,0.0,Active,backup,2026-09-06T20:32:23+00:00
2026,1,401872923,00-0036963,Amon-Ra St. Brown,DET,NO,WR,0.0,0.0,0.0,0.0,0.0,0.0,-10.1,16.0,0.014,0.0124644124862451,58.8,34.6,113.6,0.414,0.3423597678916827,0.0,0.0,0.0,0.0,0.0,0.0,0.0,0.0,Active,starter,2026-09-06T20:32:23+00:00
2026,1,401872923,00-0040241,Dominic Lovett,DET,NO,WR,0.0,0.0,0.0,0.0,0.0,0.0,0.0,0.0,0.0,0.0,0.0,0.0,0.0,0.0,0.0,0.0,0.0,0.0,0.0,0.0,0.0,0.0,0.0,,roster_only,2026-09-06T20:32:23+00:00
2026,1,401872923,00-0040669,Isaac TeSlaa,DET,NO,WR,0.0,0.0,0.0,0.0,0.0,0.0,-10.3,15.9,0.014,0.0124644124862451,12.7,-11.5,67.5,0.348,0.3167477463399769,0.0,0.0,0.0,0.0,0.0,0.0,0.0,0.0,,backup,2026-09-06T20:32:23+00:00
2026,1,401872923,00-0040390,Jackson Meeks,DET,NO,WR,0.0,0.0,0.0,0.0,0.0,0.0,-14.2,21.7,0.014,0.0124644124862451,2.2,-17.0,45.5,0.19,0.1711033722019398,0.0,0.0,0.0,0.0,0.0,0.0,0.0,0.0,,backup,2026-09-06T20:32:23+00:00
2026,1,401872923,00-0037240,Jameson Williams,DET,NO,WR,0.0,0.0,0.0,0.0,0.0,0.3,-9.9,16.3,0.018,0.0173253343053676,40.6,16.4,95.3,0.414,0.3423597678916827,0.0,0.0,0.0,0.0,0.0,0.0,0.0,0.0,Active,backup,2026-09-06T20:32:23+00:00
2026,1,401872923,LAW090280,Kendrick Law,DET,NO,WR,0.0,0.0,0.0,0.0,0.0,0.0,0.0,0.0,0.0,0.0,0.0,0.0,0.0,0.0,0.0,0.0,0.0,0.0,0.0,0.0,0.0,0.0,0.0,,backup,2026-09-06T20:32:23+00:00
2026,1,401872923,00-0038181,Lucky Jackson,DET,NO,WR,0.0,0.0,0.0,0.0,0.0,0.0,0.0,0.0,0.0,0.0,0.0,0.0,0.0,0.0,0.0,0.0,0.0,0.0,0.0,0.0,0.0,0.0,0.0,,roster_only,2026-09-06T20:32:23+00:00
2026,1,401872923,00-0037524,Tay Martin,DET,NO,WR,0.0,0.0,0.0,0.0,0.0,0.0,-10.2,15.9,0.014,0.0124644124862451,5.0,-9.0,36.5,0.168,0.1526271668046387,0.0,0.0,0.0,0.0,0.0,0.0,0.0,0.0,,backup,2026-09-06T20:32:23+00:00
2026,1,401872923,00-0035544,Tom Kennedy,DET,NO,WR,0.0,0.0,0.0,0.0,0.0,0.0,0.0,0.0,0.0,0.0,0.0,0.0,0.0,0.0,0.0,0.0,0.0,0.0,0.0,0.0,0.0,0.0,0.0,,roster_only,2026-09-06T20:32:23+00:00
2026,1,401872923,00-0035665,David Long Jr.,NO,DET,CB,0.0,0.0,0.0,0.0,0.0,0.0,0.0,0.0,0.0,0.0,0.0,0.0,0.0,0.0,0.0,0.0,0.0,0.0,0.0,0.0,0.0,0.0,0.0,Injured Reserve,backup,2026-09-06T20:32:23+00:00
2026,1,401872923,00-0039357,Decamerion Richardson,NO,DET,CB,0.0,0.0,0.0,0.0,0.0,0.0,0.0,0.0,0.0,0.0,0.0,0.0,0.0,0.0,0.0,0.0,0.0,0.0,0.8,0.0,3.2,0.004,0.0038797284190106,,backup,2026-09-06T20:32:23+00:00
2026,1,401872923,00-0039725,Jayden Price,NO,DET,CB,0.0,0.0,0.0,0.0,0.0,0.0,0.0,0.0,0.0,0.0,0.0,0.0,0.0,0.0,0.0,0.0,0.0,0.0,1.1,0.0,4.9,0.012,0.0097738364703152,,backup,2026-09-06T20:32:23+00:00
2026,1,401872923,00-0039860,Kool-Aid McKinstry,NO,DET,CB,0.0,0.0,0.0,0.0,0.0,0.0,0.0,0.0,0.0,0.0,0.0,0.0,0.0,0.0,0.0,0.0,0.0,0.0,4.2,1.5,7.6,0.016,0.0141924832394929,,starter,2026-09-06T20:32:23+00:00
2026,1,401872923,00-0037250,Martin Emerson Jr.,NO,DET,CB,0.0,0.0,0.0,0.0,0.0,0.0,0.0,0.0,0.0,0.0,0.0,0.0,0.0,0.0,0.0,0.0,0.0,0.0,2.6,0.0,6.2,0.009,0.0071059651962281,,backup,2026-09-06T20:32:23+00:00
2026,1,401872923,00-0040293,Mike Reid,NO,DET,CB,0.0,0.0,0.0,0.0,0.0,0.0,0.0,0.0,0.0,0.0,0.0,0.0,0.0,0.0,0.0,0.0,0.0,0.0,1.5,0.0,5.4,0.01,0.0082196423274471,,backup,2026-09-06T20:32:23+00:00
2026,1,401872923,00-0040166,Quincy Riley,NO,DET,CB,0.0,0.0,0.0,0.0,0.0,0.0,0.0,0.0,0.0,0.0,0.0,0.0,0.0,0.0,0.0,0.0,0.0,0.0,3.0,0.3,6.5,0.024,0.0205185944090113,,starter,2026-09-06T20:32:23+00:00
2026,1,401872923,00-0038781,Rejzohn Wright,NO,DET,CB,0.0,0.0,0.0,0.0,0.0,0.0,0.0,0.0,0.0,0.0,0.0,0.0,0.0,0.0,0.0,0.0,0.0,0.0,0.0,0.0,0.0,0.0,0.0,Injured Reserve,backup,2026-09-06T20:32:23+00:00
2026,1,401872923,00-0041114,TJ Hall Jr.,NO,DET,CB,0.0,0.0,0.0,0.0,0.0,0.0,0.0,0.0,0.0,0.0,0.0,0.0,0.0,0.0,0.0,0.0,0.0,0.0,0.0,0.0,0.0,0.0,0.0,,roster_only,2026-09-06T20:32:23+00:00
2026,1,401872923,00-0027962,Cameron Jordan,NO,DET,DE,0.0,0.0,0.0,0.0,0.0,0.0,0.0,0.0,0.0,0.0,0.0,0.0,0.0,0.0,0.0,0.0,0.0,0.0,2.1,0.2,4.6,0.329,0.2647518634067478,,starter,2026-09-06T20:32:23+00:00
2026,1,401872923,00-0035402,Carl Granderson,NO,DET,DE,0.0,0.0,0.0,0.0,0.0,0.0,0.0,0.0,0.0,0.0,0.0,0.0,0.0,0.0,0.0,0.0,0.0,0.0,2.5,0.6,5.0,0.367,0.2937875735563335,,starter,2026-09-06T20:32:23+00:00
2026,1,401872923,00-0036321,Chase Young,NO,DET,DE,0.0,0.0,0.0,0.0,0.0,0.0,0.0,0.0,0.0,0.0,0.0,0.0,0.0,0.0,0.0,0.0,0.0,0.0,2.3,0.4,4.8,0.387,0.3088375701460233,,starter,2026-09-06T20:32:23+00:00
2026,1,401872923,00-0036867,Chris Rumph II,NO,DET,DE,0.0,0.0,0.0,0.0,0.0,0.0,0.0,0.0,0.0,0.0,0.0,0.0,0.0,0.0,0.0,0.0,0.0,0.0,1.1,0.0,3.5,0.143,0.1089304130827156,,backup,2026-09-06T20:32:23+00:00
2026,1,401872923,00-0040249,Fadil Diggs,NO,DET,DE,0.0,0.0,0.0,0.0,0.0,0.0,0.0,0.0,0.0,0.0,0.0,0.0,0.0,0.0,0.0,0.0,0.0,0.0,0.0,0.0,0.0,0.0,0.0,,roster_only,2026-09-06T20:32:23+00:00
2026,1,401872923,00-0038541,Tyree Wilson,NO,DET,DE,0.0,0.0,0.0,0.0,0.0,0.0,0.0,0.0,0.0,0.0,0.0,0.0,0.0,0.0,0.0,0.0,0.0,0.0,1.1,0.0,3.6,0.204,0.1599302082989547,,backup,2026-09-06T20:32:23+00:00
2026,1,401872923,00-0038995,Bryan Bresee,NO,DET,DT,0.0,0.0,0.0,0.0,0.0,0.0,0.0,0.0,0.0,0.0,0.0,0.0,0.0,0.0,0.0,0.0,0.0,0.0,0.0,0.0,0.0,0.0,0.0,,backup,2026-09-06T20:32:23+00:00
2026,1,401872923,00-0041390,Christen Miller,NO,DET,DT,0.0,0.0,0.0,0.0,0.0,0.0,0.0,0.0,0.0,0.0,0.0,0.0,0.0,0.0,0.0,0.0,0.0,0.0,1.0,0.0,4.5,0.223,0.1773394131951765,Active,backup,2026-09-06T20:32:23+00:00
2026,1,401872923,00-0038387,Colby Wooden,NO,DET,DT,0.0,0.0,0.0,0.0,0.0,0.0,0.0,0.0,0.0,0.0,0.0,0.0,0.0,0.0,0.0,0.0,0.0,0.0,2.5,0.6,5.0,0.135,0.1045554631596114,Active,starter,2026-09-06T20:32:23+00:00
2026,1,401872923,00-0033860,Davon Godchaux,NO,DET,DT,0.0,0.0,0.0,0.0,0.0,0.0,0.0,0.0,0.0,0.0,0.0,0.0,0.0,0.0,0.0,0.0,0.0,0.0,2.8,0.9,5.3,0.046,0.0379088046640676,,starter,2026-09-06T20:32:23+00:00
2026,1,401872923,00-0041335,Jay'viar Suggs,NO,DET,DT,0.0,0.0,0.0,0.0,0.0,0.0,0.0,0.0,0.0,0.0,0.0,0.0,0.0,0.0,0.0,0.0,0.0,0.0,0.0,0.0,0.0,0.0,0.0,,roster_only,2026-09-06T20:32:23+00:00
2026,1,401872923,00-0037283,John Ridgeway III,NO,DET,DT,0.0,0.0,0.0,0.0,0.0,0.0,0.0,0.0,0.0,0.0,0.0,0.0,0.0,0.0,0.0,0.0,0.0,0.0,1.1,0.0,3.7,0.054,0.0453855442671566,Questionable,backup,2026-09-06T20:32:23+00:00
2026,1,401872923,00-0039401,Khristian Boyd,NO,DET,DT,0.0,0.0,0.0,0.0,0.0,0.0,0.0,0.0,0.0,0.0,0.0,0.0,0.0,0.0,0.0,0.0,0.0,0.0,1.1,0.0,3.5,0.079,0.0638679508113233,,backup,2026-09-06T20:32:23+00:00
2026,1,401872923,00-0034760,Nathan Shepherd,NO,DET,DT,0.0,0.0,0.0,0.0,0.0,0.0,0.0,0.0,0.0,0.0,0.0,0.0,0.0,0.0,0.0,0.0,0.0,0.0,1.8,0.0,4.2,0.141,0.107722682357658,,backup,2026-09-06T20:32:23+00:00
2026,1,401872923,00-0040642,Vernon Broughton,NO,DET,DT,0.0,0.0,0.0,0.0,0.0,0.0,0.0,0.0,0.0,0.0,0.0,0.0,0.0,0.0,0.0,0.0,0.0,0.0,1.7,0.0,4.3,0.107,0.0867994134566863,,backup,2026-09-06T20:32:23+00:00
2026,1,401872923,00-0036193,Anfernee Jennings,NO,DET,LB,0.0,0.0,0.0,0.0,0.0,0.0,0.0,0.0,0.0,0.0,0.0,0.0,0.0,0.0,0.0,0.0,0.0,0.0,2.2,0.3,4.7,0.089,0.0709162337298859,,backup,2026-09-06T20:32:23+00:00
2026,1,401872923,00-0040155,Danny Stutsman,NO,DET,LB,0.0,0.0,0.0,0.0,0.0,0.0,0.0,0.0,0.0,0.0,0.0,0.0,0.0,0.0,0.0,0.0,0.0,0.0,0.0,0.0,0.0,0.0,0.0,,roster_only,2026-09-06T20:32:23+00:00
2026,1,401872923,00-0039622,Isaiah Stalbird,NO,DET,LB,0.0,0.0,0.0,0.0,0.0,0.0,0.0,0.0,0.0,0.0,0.0,0.0,0.0,0.0,0.0,0.0,0.0,0.0,0.0,0.0,0.0,0.0,0.0,,roster_only,2026-09-06T20:32:23+00:00
2026,1,401872923,00-0039288,Jackson Sirmon,NO,DET,LB,0.0,0.0,0.0,0.0,0.0,0.0,0.0,0.0,0.0,0.0,0.0,0.0,0.0,0.0,0.0,0.0,0.0,0.0,0.0,0.0,0.0,0.0,0.0,,roster_only,2026-09-06T20:32:23+00:00
2026,1,401872923,00-0039388,Jaylan Ford,NO,DET,LB,0.0,0.0,0.0,0.0,0.0,0.0,0.0,0.0,0.0,0.0,0.0,0.0,0.0,0.0,0.0,0.0,0.0,0.0,0.0,0.0,0.0,0.0,0.0,Injured Reserve,roster_only,2026-09-06T20:32:23+00:00
2026,1,401872923,00-0035316,Kaden Elliss,NO,DET,LB,0.0,0.0,0.0,0.0,0.0,0.0,0.0,0.0,0.0,0.0,0.0,0.0,0.0,0.0,0.0,0.0,0.0,0.0,0.0,0.0,0.0,0.0,0.0,,roster_only,2026-09-06T20:32:23+00:00
2026,1,401872923,00-0036927,Pete Werner,NO,DET,LB,0.0,0.0,0.0,0.0,0.0,0.0,0.0,0.0,0.0,0.0,0.0,0.0,0.0,0.0,0.0,0.0,0.0,0.0,0.0,0.0,0.0,0.0,0.0,Questionable,roster_only,2026-09-06T20:32:23+00:00
2026,1,401872923,00-0039229,Charlie Smyth,NO,DET,PK,0.0,0.0,0.0,0.0,0.0,0.0,0.0,0.0,0.0,0.0,0.0,0.0,0.0,0.0,0.0,0.0,0.0,0.0,0.0,0.0,0.0,0.0,0.0,,kicker_role,2026-09-06T20:32:23+00:00
2026,1,401872923,00-0034161,Daniel Carlson,NO,DET,PK,0.0,0.0,0.0,0.0,0.0,0.0,0.0,0.0,0.0,0.0,0.0,0.0,0.0,0.0,0.0,6.9,2.1,12.3,0.0,0.0,0.0,0.0,0.0,Active,starter,2026-09-06T20:32:23+00:00
2026,1,401872923,00-0039376,Spencer Rattler,NO,DET,QB,0.0,0.0,0.0,0.0,0.0,8.0,-2.2,24.0,0.008,0.0071864111498257,0.0,0.0,0.0,0.0,0.0,0.0,0.0,0.0,0.0,0.0,0.0,0.0,0.0,Active,backup,2026-09-06T20:32:23+00:00
2026,1,401872923,00-0040743,Tyler Shough,NO,DET,QB,212.4,121.2,318.5,1.188,0.6547619047619048,12.1,0.7,30.1,0.053,0.0526703719785345,0.0,0.0,0.0,0.0,0.0,0.0,0.0,0.0,0.0,0.0,0.0,0.0,0.0,Active,starter,2026-09-06T20:32:23+00:00
2026,1,401872923,00-0037013,Zach Wilson,NO,DET,QB,0.0,0.0,0.0,0.0,0.0,4.7,-5.4,20.7,0.008,0.0071864111498257,0.0,0.0,0.0,0.0,0.0,0.0,0.0,0.0,0.0,0.0,0.0,0.0,0.0,Active,backup,2026-09-06T20:32:23+00:00
2026,1,401872923,00-0033906,Alvin Kamara,NO,DET,RB,0.0,0.0,0.0,0.0,0.0,25.4,4.5,58.2,0.145,0.129105405394218,7.1,-6.8,38.7,0.227,0.2043886812944486,0.0,0.0,0.0,0.0,0.0,0.0,0.0,0.0,Questionable,backup,2026-09-06T20:32:23+00:00
2026,1,401872923,00-0039373,Audric Estime,NO,DET,RB,0.0,0.0,0.0,0.0,0.0,19.3,-1.5,52.1,0.069,0.0670022583181986,4.8,-9.1,36.3,0.067,0.0668525276454874,0.0,0.0,0.0,0.0,0.0,0.0,0.0,0.0,Active,backup,2026-09-06T20:32:23+00:00
2026,1,401872923,00-0041326,CJ Donaldson,NO,DET,RB,0.0,0.0,0.0,0.0,0.0,0.0,0.0,0.0,0.0,0.0,0.0,0.0,0.0,0.0,0.0,0.0,0.0,0.0,0.0,0.0,0.0,0.0,0.0,,roster_only,2026-09-06T20:32:23+00:00
2026,1,401872923,00-0038551,Kendre Miller,NO,DET,RB,0.0,0.0,0.0,0.0,0.0,11.8,-9.1,44.6,0.031,0.0306205395246662,0.0,-14.8,30.6,0.043,0.0424710424710424,0.0,0.0,0.0,0.0,0.0,0.0,0.0,0.0,Questionable,backup,2026-09-06T20:32:23+00:00
2026,1,401872923,00-0036973,Travis Etienne Jr.,NO,DET,RB,0.0,0.0,0.0,0.0,0.0,52.7,31.9,85.5,0.127,0.1142115440517758,16.6,2.7,48.2,0.106,0.0928709175812192,0.0,0.0,0.0,0.0,0.0,0.0,0.0,0.0,Active,starter,2026-09-06T20:32:23+00:00
2026,1,401872923,00-0037276,Ty Chandler,NO,DET,RB,0.0,0.0,0.0,0.0,0.0,0.0,0.0,0.0,0.0,0.0,0.0,0.0,0.0,0.0,0.0,0.0,0.0,0.0,0.0,0.0,0.0,0.0,0.0,Injured Reserve,backup,2026-09-06T20:32:23+00:00
2026,1,401872923,00-0038040,Zamir White,NO,DET,RB,0.0,0.0,0.0,0.0,0.0,0.0,0.0,0.0,0.0,0.0,0.0,0.0,0.0,0.0,0.0,0.0,0.0,0.0,0.0,0.0,0.0,0.0,0.0,,roster_only,2026-09-06T20:32:23+00:00
2026,1,401872923,00-0040643,Jonas Sanker,NO,DET,S,0.0,0.0,0.0,0.0,0.0,0.0,0.0,0.0,0.0,0.0,0.0,0.0,0.0,0.0,0.0,0.0,0.0,0.0,5.7,2.9,9.0,0.03,0.0255260629115696,,starter,2026-09-06T20:32:23+00:00
2026,1,401872923,00-0038588,Jordan Howden,NO,DET,S,0.0,0.0,0.0,0.0,0.0,0.0,0.0,0.0,0.0,0.0,0.0,0.0,0.0,0.0,0.0,0.0,0.0,0.0,1.1,0.0,4.8,0.005,0.0042724008947056,,backup,2026-09-06T20:32:23+00:00
2026,1,401872923,00-0036253,Julian Blackmon,NO,DET,S,0.0,0.0,0.0,0.0,0.0,0.0,0.0,0.0,0.0,0.0,0.0,0.0,0.0,0.0,0.0,0.0,0.0,0.0,4.5,1.7,7.8,0.023,0.0194188370971445,,starter,2026-09-06T20:32:23+00:00
2026,1,401872923,00-0034361,Justin Reid,NO,DET,S,0.0,0.0,0.0,0.0,0.0,0.0,0.0,0.0,0.0,0.0,0.0,0.0,0.0,0.0,0.0,0.0,0.0,0.0,5.8,3.5,8.4,0.034,0.0287581257269908,,starter,2026-09-06T20:32:23+00:00
2026,1,401872923,00-0041089,Lorenzo Styles Jr.,NO,DET,S,0.0,0.0,0.0,0.0,0.0,0.0,0.0,0.0,0.0,0.0,0.0,0.0,0.0,0.0,0.0,0.0,0.0,0.0,0.0,0.0,0.0,0.0,0.0,Injured Reserve,backup,2026-09-06T20:32:23+00:00
2026,1,401872923,00-0039425,Myles Cole,NO,DET,SLB,0.0,0.0,0.0,0.0,0.0,0.0,0.0,0.0,0.0,0.0,0.0,0.0,0.0,0.0,0.0,0.0,0.0,0.0,0.0,0.0,0.0,0.0,0.0,,backup,2026-09-06T20:32:23+00:00
2026,1,401872923,00-0036040,Juwan Johnson,NO,DET,TE,0.0,0.0,0.0,0.0,0.0,0.0,-10.4,15.8,0.008,0.0071864111498257,34.4,16.8,74.2,0.224,0.2019517847473793,0.0,0.0,0.0,0.0,0.0,0.0,0.0,0.0,Active,starter,2026-09-06T20:32:23+00:00
2026,1,401872923,00-0040244,Moliki Matavao,NO,DET,TE,0.0,0.0,0.0,0.0,0.0,0.0,0.0,0.0,0.0,0.0,0.0,0.0,0.0,0.0,0.0,0.0,0.0,0.0,0.0,0.0,0.0,0.0,0.0,Injured Reserve,backup,2026-09-06T20:32:23+00:00
2026,1,401872923,00-0035644,Noah Fant,NO,DET,TE,0.0,0.0,0.0,0.0,0.0,0.0,-10.4,15.7,0.008,0.0071864111498257,6.1,-7.8,37.7,0.111,0.0936008913782818,0.0,0.0,0.0,0.0,0.0,0.0,0.0,0.0,,backup,2026-09-06T20:32:23+00:00
2026,1,401872923,00-0041041,Oscar Delp,NO,DET,TE,0.0,0.0,0.0,0.0,0.0,0.0,-14.3,21.6,0.008,0.0071864111498257,2.0,-17.1,45.4,0.087,0.0843420573317249,0.0,0.0,0.0,0.0,0.0,0.0,0.0,0.0,Questionable,backup,2026-09-06T20:32:23+00:00
2026,1,401872923,00-0037475,Stone Smartt,NO,DET,TE,0.0,0.0,0.0,0.0,0.0,0.0,0.0,0.0,0.0,0.0,0.0,0.0,0.0,0.0,0.0,0.0,0.0,0.0,0.0,0.0,0.0,0.0,0.0,,roster_only,2026-09-06T20:32:23+00:00
2026,1,401872923,00-0039518,Treyton Welch,NO,DET,TE,0.0,0.0,0.0,0.0,0.0,0.0,0.0,0.0,0.0,0.0,0.0,0.0,0.0,0.0,0.0,0.0,0.0,0.0,0.0,0.0,0.0,0.0,0.0,,roster_only,2026-09-06T20:32:23+00:00
2026,1,401872923,00-0041099,Barion Brown,NO,DET,WR,0.0,0.0,0.0,0.0,0.0,1.1,-12.9,23.0,0.008,0.0071864111498257,4.2,-14.9,47.6,0.072,0.0724774094699253,0.0,0.0,0.0,0.0,0.0,0.0,0.0,0.0,Active,backup,2026-09-06T20:32:23+00:00
2026,1,401872923,00-0041451,Brock Rechsteiner,NO,DET,WR,0.0,0.0,0.0,0.0,0.0,0.0,0.0,0.0,0.0,0.0,0.0,0.0,0.0,0.0,0.0,0.0,0.0,0.0,0.0,0.0,0.0,0.0,0.0,,roster_only,2026-09-06T20:32:23+00:00
2026,1,401872923,00-0041067,Bryce Lance,NO,DET,WR,0.0,0.0,0.0,0.0,0.0,1.1,-12.9,23.0,0.008,0.0071864111498257,4.2,-14.9,47.6,0.072,0.0724774094699253,0.0,0.0,0.0,0.0,0.0,0.0,0.0,0.0,Active,backup,2026-09-06T20:32:23+00:00
2026,1,401872923,00-0038979,Cedric Tillman,NO,DET,WR,0.0,0.0,0.0,0.0,0.0,0.0,0.0,0.0,0.0,0.0,0.0,0.0,0.0,0.0,0.0,0.0,0.0,0.0,0.0,0.0,0.0,0.0,0.0,,roster_only,2026-09-06T20:32:23+00:00
2026,1,401872923,00-0037239,Chris Olave,NO,DET,WR,0.0,0.0,0.0,0.0,0.0,1.1,-9.1,17.1,0.008,0.0071864111498257,83.5,59.3,138.2,0.348,0.3174843964870003,0.0,0.0,0.0,0.0,0.0,0.0,0.0,0.0,Active,starter,2026-09-06T20:32:23+00:00
2026,1,401872923,00-0039424,Devaughn Vele,NO,DET,WR,0.0,0.0,0.0,0.0,0.0,0.0,-10.2,15.9,0.008,0.0071864111498257,26.4,2.2,81.2,0.239,0.21547680052466,0.0,0.0,0.0,0.0,0.0,0.0,0.0,0.0,,backup,2026-09-06T20:32:23+00:00
2026,1,401872923,00-0038740,Jalen Moreno-Cropper,NO,DET,WR,0.0,0.0,0.0,0.0,0.0,0.0,0.0,0.0,0.0,0.0,0.0,0.0,0.0,0.0,0.0,0.0,0.0,0.0,0.0,0.0,0.0,0.0,0.0,,roster_only,2026-09-06T20:32:23+00:00
2026,1,401872923,00-0041029,Jordyn Tyson,NO,DET,WR,0.0,0.0,0.0,0.0,0.0,0.0,0.0,0.0,0.0,0.0,0.0,0.0,0.0,0.0,0.0,0.0,0.0,0.0,0.0,0.0,0.0,0.0,0.0,Injured Reserve,backup,2026-09-06T20:32:23+00:00
2026,1,401872923,00-0037231,Kevin Austin Jr.,NO,DET,WR,0.0,0.0,0.0,0.0,0.0,0.0,0.0,0.0,0.0,0.0,0.0,0.0,0.0,0.0,0.0,0.0,0.0,0.0,0.0,0.0,0.0,0.0,0.0,,roster_only,2026-09-06T20:32:23+00:00
2026,1,401872923,00-0039623,Mason Tipton,NO,DET,WR,0.0,0.0,0.0,0.0,0.0,0.0,0.0,0.0,0.0,0.0,0.0,0.0,0.0,0.0,0.0,0.0,0.0,0.0,0.0,0.0,0.0,0.0,0.0,Out,backup,2026-09-06T20:32:23+00:00
2026,1,401872923,00-0039052,Trey Palmer,NO,DET,WR,0.0,0.0,0.0,0.0,0.0,0.0,0.0,0.0,0.0,0.0,0.0,0.0,0.0,0.0,0.0,0.0,0.0,0.0,0.0,0.0,0.0,0.0,0.0,,roster_only,2026-09-06T20:32:23+00:00
2026,1,401872924,00-0040133,Azareye'h Thomas,NYJ,TEN,CB,0.0,0.0,0.0,0.0,0.0,0.0,0.0,0.0,0.0,0.0,0.0,0.0,0.0,0.0,0.0,0.0,0.0,0.0,2.8,0.2,6.3,0.018,0.0159994739971732,,backup,2026-09-06T20:32:23+00:00
2026,1,401872924,00-0036987,Brandon Stephens,NYJ,TEN,CB,0.0,0.0,0.0,0.0,0.0,0.0,0.0,0.0,0.0,0.0,0.0,0.0,0.0,0.0,0.0,0.0,0.0,0.0,4.2,1.4,7.6,0.021,0.0183514474858749,,starter,2026-09-06T20:32:23+00:00
2026,1,401872924,00-0041038,D'Angelo Ponds,NYJ,TEN,CB,0.0,0.0,0.0,0.0,0.0,0.0,0.0,0.0,0.0,0.0,0.0,0.0,0.0,0.0,0.0,0.0,0.0,0.0,1.9,0.0,5.8,0.013,0.0110769697479307,Questionable,backup,2026-09-06T20:32:23+00:00
2026,1,401872924,00-0039372,Jarvis Brownlee Jr.,NYJ,TEN,CB,0.0,0.0,0.0,0.0,0.0,0.0,0.0,0.0,0.0,0.0,0.0,0.0,0.0,0.0,0.0,0.0,0.0,0.0,4.9,2.6,7.4,0.016,0.0137029765283181,,starter,2026-09-06T20:32:23+00:00
2026,1,401872924,00-0040397,Jordan Clark,NYJ,TEN,CB,0.0,0.0,0.0,0.0,0.0,0.0,0.0,0.0,0.0,0.0,0.0,0.0,0.0,0.0,0.0,0.0,0.0,0.0,0.0,0.0,0.0,0.0,0.0,,roster_only,2026-09-06T20:32:23+00:00
2026,1,401872924,00-0041196,Mory Bamba,NYJ,TEN,CB,0.0,0.0,0.0,0.0,0.0,0.0,0.0,0.0,0.0,0.0,0.0,0.0,0.0,0.0,0.0,0.0,0.0,0.0,0.0,0.0,0.0,0.0,0.0,,roster_only,2026-09-06T20:32:23+00:00
2026,1,401872924,00-0036986,Nahshon Wright,NYJ,TEN,CB,0.0,0.0,0.0,0.0,0.0,0.0,0.0,0.0,0.0,0.0,0.0,0.0,0.0,0.0,0.0,0.0,0.0,0.0,3.7,1.0,7.1,0.016,0.0137029765283181,Questionable,starter,2026-09-06T20:32:23+00:00
2026,1,401872924,00-0039789,Qwan'tez Stiggers,NYJ,TEN,CB,0.0,0.0,0.0,0.0,0.0,0.0,0.0,0.0,0.0,0.0,0.0,0.0,0.0,0.0,0.0,0.0,0.0,0.0,2.3,0.0,5.9,0.016,0.0137029765283181,Questionable,backup,2026-09-06T20:32:23+00:00
2026,1,401872924,00-0037830,Samuel Womack III,NYJ,TEN,CB,0.0,0.0,0.0,0.0,0.0,0.0,0.0,0.0,0.0,0.0,0.0,0.0,0.0,0.0,0.0,0.0,0.0,0.0,0.0,0.0,0.0,0.0,0.0,,roster_only,2026-09-06T20:32:23+00:00
2026,1,401872924,00-0036885,Tre Brown,NYJ,TEN,CB,0.0,0.0,0.0,0.0,0.0,0.0,0.0,0.0,0.0,0.0,0.0,0.0,0.0,0.0,0.0,0.0,0.0,0.0,0.0,0.0,0.0,0.0,0.0,Injured Reserve,backup,2026-09-06T20:32:23+00:00
2026,1,401872924,00-0039284,Braiden McGregor,NYJ,TEN,DE,0.0,0.0,0.0,0.0,0.0,0.0,0.0,0.0,0.0,0.0,0.0,0.0,0.0,0.0,0.0,0.0,0.0,0.0,1.2,0.0,3.8,0.119,0.095426548876041,,backup,2026-09-06T20:32:23+00:00
2026,1,401872924,00-0036902,Joseph Ossai,NYJ,TEN,DE,0.0,0.0,0.0,0.0,0.0,0.0,0.0,0.0,0.0,0.0,0.0,0.0,0.0,0.0,0.0,0.0,0.0,0.0,1.8,0.0,4.5,0.281,0.2267297809059272,Questionable,backup,2026-09-06T20:32:23+00:00
2026,1,401872924,00-0037431,Kingsley Jonathan,NYJ,TEN,DE,0.0,0.0,0.0,0.0,0.0,0.0,0.0,0.0,0.0,0.0,0.0,0.0,0.0,0.0,0.0,0.0,0.0,0.0,0.0,0.0,0.0,0.0,0.0,Injured Reserve,backup,2026-09-06T20:32:23+00:00
2026,1,401872924,00-0039447,Nate Lynn,NYJ,TEN,DE,0.0,0.0,0.0,0.0,0.0,0.0,0.0,0.0,0.0,0.0,0.0,0.0,0.0,0.0,0.0,0.0,0.0,0.0,0.0,0.0,0.0,0.0,0.0,,roster_only,2026-09-06T20:32:23+00:00
2026,1,401872924,EKE080143,Paschal Ekeji,NYJ,TEN,DE,0.0,0.0,0.0,0.0,0.0,0.0,0.0,0.0,0.0,0.0,0.0,0.0,0.0,0.0,0.0,0.0,0.0,0.0,0.0,0.0,0.0,0.0,0.0,,roster_only,2026-09-06T20:32:23+00:00
2026,1,401872924,00-0040196,Tyler Baron,NYJ,TEN,DE,0.0,0.0,0.0,0.0,0.0,0.0,0.0,0.0,0.0,0.0,0.0,0.0,0.0,0.0,0.0,0.0,0.0,0.0,0.0,0.0,0.0,0.0,0.0,Out,backup,2026-09-06T20:32:23+00:00
2026,1,401872924,00-0039142,Will McDonald IV,NYJ,TEN,DE,0.0,0.0,0.0,0.0,0.0,0.0,0.0,0.0,0.0,0.0,0.0,0.0,0.0,0.0,0.0,0.0,0.0,0.0,2.2,0.2,5.1,0.436,0.3200775945683802,,starter,2026-09-06T20:32:23+00:00
2026,1,401872924,00-0041549,Darrell Jackson Jr.,NYJ,TEN,DT,0.0,0.0,0.0,0.0,0.0,0.0,0.0,0.0,0.0,0.0,0.0,0.0,0.0,0.0,0.0,0.0,0.0,0.0,1.1,0.0,4.6,0.204,0.1598884709927526,,backup,2026-09-06T20:32:23+00:00
2026,1,401872924,00-0033051,David Onyemata,NYJ,TEN,DT,0.0,0.0,0.0,0.0,0.0,0.0,0.0,0.0,0.0,0.0,0.0,0.0,0.0,0.0,0.0,0.0,0.0,0.0,1.8,0.0,4.2,0.225,0.1783910968621692,,backup,2026-09-06T20:32:23+00:00
2026,1,401872924,00-0034782,Harrison Phillips,NYJ,TEN,DT,0.0,0.0,0.0,0.0,0.0,0.0,0.0,0.0,0.0,0.0,0.0,0.0,0.0,0.0,0.0,0.0,0.0,0.0,3.2,1.1,5.6,0.088,0.0698182403313708,,starter,2026-09-06T20:32:23+00:00
2026,1,401872924,00-0036788,Jack Heflin,NYJ,TEN,DT,0.0,0.0,0.0,0.0,0.0,0.0,0.0,0.0,0.0,0.0,0.0,0.0,0.0,0.0,0.0,0.0,0.0,0.0,0.0,0.0,0.0,0.0,0.0,,roster_only,2026-09-06T20:32:23+00:00
2026,1,401872924,00-0039431,Jowon Briggs,NYJ,TEN,DT,0.0,0.0,0.0,0.0,0.0,0.0,0.0,0.0,0.0,0.0,0.0,0.0,0.0,0.0,0.0,0.0,0.0,0.0,1.5,0.0,4.2,0.13,0.1018946595807857,,backup,2026-09-06T20:32:23+00:00
2026,1,401872924,00-0040404,Payton Page,NYJ,TEN,DT,0.0,0.0,0.0,0.0,0.0,0.0,0.0,0.0,0.0,0.0,0.0,0.0,0.0,0.0,0.0,0.0,0.0,0.0,0.0,0.0,0.0,0.0,0.0,,roster_only,2026-09-06T20:32:23+00:00
2026,1,401872924,00-0039886,T'Vondre Sweat,NYJ,TEN,DT,0.0,0.0,0.0,0.0,0.0,0.0,0.0,0.0,0.0,0.0,0.0,0.0,0.0,0.0,0.0,0.0,0.0,0.0,2.4,0.5,4.9,0.089,0.0706783466326945,Active,starter,2026-09-06T20:32:23+00:00
2026,1,401872924,00-0034959,Andrew Beck,NYJ,TEN,FB,0.0,0.0,0.0,0.0,0.0,0.4,-9.7,16.4,0.008,0.0071864111498257,3.1,-10.8,34.6,0.045,0.0424710424710424,0.0,0.0,0.0,0.0,0.0,0.0,0.0,0.0,,starter,2026-09-06T20:32:23+00:00
2026,1,401872924,BAI173035,David Bailey,NYJ,TEN,LB,0.0,0.0,0.0,0.0,0.0,0.0,0.0,0.0,0.0,0.0,0.0,0.0,0.0,0.0,0.0,0.0,0.0,0.0,1.5,0.0,5.0,0.141,0.1078242219699887,,backup,2026-09-06T20:32:23+00:00
2026,1,401872924,00-0029607,Demario Davis,NYJ,TEN,LB,0.0,0.0,0.0,0.0,0.0,0.0,0.0,0.0,0.0,0.0,0.0,0.0,0.0,0.0,0.0,0.0,0.0,0.0,6.3,3.2,10.4,0.114,0.0924959674002085,,starter,2026-09-06T20:32:23+00:00
2026,1,401872924,00-0041410,Jaden Keller,NYJ,TEN,LB,0.0,0.0,0.0,0.0,0.0,0.0,0.0,0.0,0.0,0.0,0.0,0.0,0.0,0.0,0.0,0.0,0.0,0.0,0.0,0.0,0.0,0.0,0.0,,roster_only,2026-09-06T20:32:23+00:00
2026,1,401872924,00-0036500,Jamien Sherwood,NYJ,TEN,LB,0.0,0.0,0.0,0.0,0.0,0.0,0.0,0.0,0.0,0.0,0.0,0.0,0.0,0.0,0.0,0.0,0.0,0.0,6.7,4.0,11.2,0.064,0.0531840231695426,,starter,2026-09-06T20:32:23+00:00
2026,1,401872924,00-0040186,Kiko Mauigoa,NYJ,TEN,LB,0.0,0.0,0.0,0.0,0.0,0.0,0.0,0.0,0.0,0.0,0.0,0.0,0.0,0.0,0.0,0.0,0.0,0.0,3.7,1.7,6.1,0.156,0.1161259133732348,Active,starter,2026-09-06T20:32:23+00:00
2026,1,401872924,00-0037083,Kingsley Enagbare,NYJ,TEN,LB,0.0,0.0,0.0,0.0,0.0,0.0,0.0,0.0,0.0,0.0,0.0,0.0,0.0,0.0,0.0,0.0,0.0,0.0,3.0,0.0,7.1,0.308,0.2482823168630044,,starter,2026-09-06T20:32:23+00:00
2026,1,401872924,00-0037526,Marcelino McCrary-Ball,NYJ,TEN,LB,0.0,0.0,0.0,0.0,0.0,0.0,0.0,0.0,0.0,0.0,0.0,0.0,0.0,0.0,0.0,0.0,0.0,0.0,2.2,0.3,4.7,0.071,0.0586358613746389,,backup,2026-09-06T20:32:23+00:00
2026,1,401872924,00-0039347,Trevin Wallace,NYJ,TEN,LB,0.0,0.0,0.0,0.0,0.0,0.0,0.0,0.0,0.0,0.0,0.0,0.0,0.0,0.0,0.0,0.0,0.0,0.0,2.9,0.0,7.0,0.029,0.0248563639299363,Active,backup,2026-09-06T20:32:23+00:00
2026,1,401872924,00-0035617,Troy Reeder,NYJ,TEN,LB,0.0,0.0,0.0,0.0,0.0,0.0,0.0,0.0,0.0,0.0,0.0,0.0,0.0,0.0,0.0,0.0,0.0,0.0,0.0,0.0,0.0,0.0,0.0,,roster_only,2026-09-06T20:32:23+00:00
2026,1,401872924,00-0038905,Blake Grupe,NYJ,TEN,PK,0.0,0.0,0.0,0.0,0.0,0.0,0.0,0.0,0.0,0.0,0.0,0.0,0.0,0.0,0.0,6.8,1.8,12.7,0.0,0.0,0.0,0.0,0.0,Active,starter,2026-09-06T20:32:23+00:00
2026,1,401872924,00-0034794,Jason Sanders,NYJ,TEN,PK,0.0,0.0,0.0,0.0,0.0,0.0,0.0,0.0,0.0,0.0,0.0,0.0,0.0,0.0,0.0,0.0,0.0,0.0,0.0,0.0,0.0,0.0,0.0,,kicker_role,2026-09-06T20:32:23+00:00
2026,1,401872924,00-0038108,Bailey Zappe,NYJ,TEN,QB,0.0,0.0,0.0,0.0,0.0,0.0,0.0,0.0,0.0,0.0,0.0,0.0,0.0,0.0,0.0,0.0,0.0,0.0,0.0,0.0,0.0,0.0,0.0,,roster_only,2026-09-06T20:32:23+00:00
2026,1,401872924,00-0041056,Cade Klubnik,NYJ,TEN,QB,0.0,0.0,0.0,0.0,0.0,6.6,-9.1,31.3,0.071,0.0679284722172233,0.0,0.0,0.0,0.0,0.0,0.0,0.0,0.0,0.0,0.0,0.0,0.0,0.0,Active,backup,2026-09-06T20:32:23+00:00
2026,1,401872924,00-0030565,Geno Smith,NYJ,TEN,QB,202.7,111.5,308.8,1.139,0.6547619047619048,5.6,-4.5,21.6,0.094,0.0877450641975361,0.0,0.0,0.0,0.0,0.0,0.0,0.0,0.0,0.0,0.0,0.0,0.0,0.0,Active,starter,2026-09-06T20:32:23+00:00
2026,1,401872924,00-0039794,Braelon Allen,NYJ,TEN,RB,0.0,0.0,0.0,0.0,0.0,16.9,-4.0,49.7,0.131,0.1175139110764419,2.4,-11.5,33.9,0.045,0.0424710424710424,0.0,0.0,0.0,0.0,0.0,0.0,0.0,0.0,Active,backup,2026-09-06T20:32:23+00:00
2026,1,401872924,00-0038120,Breece Hall,NYJ,TEN,RB,0.0,0.0,0.0,0.0,0.0,60.2,39.3,93.0,0.254,0.236142401016568,15.7,1.8,47.2,0.212,0.1900203528280054,0.0,0.0,0.0,0.0,0.0,0.0,0.0,0.0,Questionable,starter,2026-09-06T20:32:23+00:00
2026,1,401872924,00-0041239,Chip Trayanum,NYJ,TEN,RB,0.0,0.0,0.0,0.0,0.0,0.0,0.0,0.0,0.0,0.0,0.0,0.0,0.0,0.0,0.0,0.0,0.0,0.0,0.0,0.0,0.0,0.0,0.0,Injured Reserve,backup,2026-09-06T20:32:23+00:00
2026,1,401872924,00-0039798,Isaiah Davis,NYJ,TEN,RB,0.0,0.0,0.0,0.0,0.0,14.2,-6.7,47.0,0.097,0.0904285969021647,3.4,-10.5,35.0,0.046,0.0424710424710424,0.0,0.0,0.0,0.0,0.0,0.0,0.0,0.0,Questionable,backup,2026-09-06T20:32:23+00:00
2026,1,401872924,00-0036842,Kene Nwangwu,NYJ,TEN,RB,0.0,0.0,0.0,0.0,0.0,6.9,-3.3,22.8,0.121,0.1099739578828125,0.9,-13.1,32.4,0.03,0.028672673840713,0.0,0.0,0.0,0.0,0.0,0.0,0.0,0.0,,backup,2026-09-06T20:32:23+00:00
2026,1,401872924,00-0036941,Andre Cisco,NYJ,TEN,S,0.0,0.0,0.0,0.0,0.0,0.0,0.0,0.0,0.0,0.0,0.0,0.0,0.0,0.0,0.0,0.0,0.0,0.0,4.4,1.6,7.8,0.019,0.0169077570022379,,starter,2026-09-06T20:32:23+00:00
2026,1,401872924,00-0038123,Dane Belton,NYJ,TEN,S,0.0,0.0,0.0,0.0,0.0,0.0,0.0,0.0,0.0,0.0,0.0,0.0,0.0,0.0,0.0,0.0,0.0,0.0,2.8,0.2,6.4,0.016,0.0137667965855403,,backup,2026-09-06T20:32:23+00:00
2026,1,401872924,00-0040165,Malachi Moore,NYJ,TEN,S,0.0,0.0,0.0,0.0,0.0,0.0,0.0,0.0,0.0,0.0,0.0,0.0,0.0,0.0,0.0,0.0,0.0,0.0,3.5,0.8,7.0,0.022,0.0186943125495379,,backup,2026-09-06T20:32:23+00:00
2026,1,401872924,00-0034789,Minkah Fitzpatrick,NYJ,TEN,S,0.0,0.0,0.0,0.0,0.0,0.0,0.0,0.0,0.0,0.0,0.0,0.0,0.0,0.0,0.0,0.0,0.0,0.0,5.4,2.5,8.7,0.016,0.0132811579482674,,starter,2026-09-06T20:32:23+00:00
2026,1,401872924,00-0041120,VJ Payne,NYJ,TEN,S,0.0,0.0,0.0,0.0,0.0,0.0,0.0,0.0,0.0,0.0,0.0,0.0,0.0,0.0,0.0,0.0,0.0,0.0,0.0,0.0,0.0,0.0,0.0,Injured Reserve,backup,2026-09-06T20:32:23+00:00
2026,1,401872924,00-0037755,Jelani Woods,NYJ,TEN,TE,0.0,0.0,0.0,0.0,0.0,0.0,-10.4,15.8,0.008,0.0071864111498257,7.6,-6.3,39.2,0.106,0.0927480517759443,0.0,0.0,0.0,0.0,0.0,0.0,0.0,0.0,,backup,2026-09-06T20:32:23+00:00
2026,1,401872924,00-0037805,Jeremy Ruckert,NYJ,TEN,TE,0.0,0.0,0.0,0.0,0.0,0.0,-10.4,15.7,0.008,0.0071864111498257,9.3,-4.6,40.9,0.116,0.0945371292725761,0.0,0.0,0.0,0.0,0.0,0.0,0.0,0.0,,backup,2026-09-06T20:32:23+00:00
2026,1,401872924,00-0041032,Kenyon Sadiq,NYJ,TEN,TE,0.0,0.0,0.0,0.0,0.0,0.0,-14.3,21.7,0.008,0.0071864111498257,3.9,-15.3,47.2,0.095,0.0909749525075434,0.0,0.0,0.0,0.0,0.0,0.0,0.0,0.0,Questionable,backup,2026-09-06T20:32:23+00:00
2026,1,401872924,00-0040736,Mason Taylor,NYJ,TEN,TE,0.0,0.0,0.0,0.0,0.0,0.0,-10.4,15.8,0.008,0.0071864111498257,25.0,7.4,64.8,0.271,0.2446885286353032,0.0,0.0,0.0,0.0,0.0,0.0,0.0,0.0,Active,starter,2026-09-06T20:32:23+00:00
2026,1,401872924,00-0039890,Adonai Mitchell,NYJ,TEN,WR,0.0,0.0,0.0,0.0,0.0,0.0,-10.3,15.8,0.008,0.0071864111498257,25.9,1.7,80.7,0.27,0.2436346032312648,0.0,0.0,0.0,0.0,0.0,0.0,0.0,0.0,Active,backup,2026-09-06T20:32:23+00:00
2026,1,401872924,00-0040582,Arian Smith,NYJ,TEN,WR,0.0,0.0,0.0,0.0,0.0,0.0,-10.1,16.0,0.008,0.0071864111498257,2.0,-11.9,33.6,0.045,0.0424710424710424,0.0,0.0,0.0,0.0,0.0,0.0,0.0,0.0,,backup,2026-09-06T20:32:23+00:00
2026,1,401872924,00-0041199,Caullin Lacy,NYJ,TEN,WR,0.0,0.0,0.0,0.0,0.0,0.0,-14.1,21.8,0.008,0.0071864111498257,2.9,-16.2,46.3,0.077,0.0767117348353454,0.0,0.0,0.0,0.0,0.0,0.0,0.0,0.0,,roster_only,2026-09-06T20:32:23+00:00
2026,1,401872924,00-0037740,Garrett Wilson,NYJ,TEN,WR,0.0,0.0,0.0,0.0,0.0,0.0,-10.4,15.8,0.008,0.0071864111498257,39.2,15.0,94.0,0.331,0.3016811546316297,0.0,0.0,0.0,0.0,0.0,0.0,0.0,0.0,Active,starter,2026-09-06T20:32:23+00:00
2026,1,401872924,00-0039451,Isaiah Williams,NYJ,TEN,WR,0.0,0.0,0.0,0.0,0.0,0.3,-9.8,16.3,0.008,0.0071864111498257,10.9,-13.3,65.7,0.161,0.1448302506506613,0.0,0.0,0.0,0.0,0.0,0.0,0.0,0.0,,backup,2026-09-06T20:32:23+00:00
2026,1,401872924,00-0040405,Jamaal Pritchett,NYJ,TEN,WR,0.0,0.0,0.0,0.0,0.0,0.0,0.0,0.0,0.0,0.0,0.0,0.0,0.0,0.0,0.0,0.0,0.0,0.0,0.0,0.0,0.0,0.0,0.0,,roster_only,2026-09-06T20:32:23+00:00
2026,1,401872924,00-0041267,Malik McClain,NYJ,TEN,WR,0.0,0.0,0.0,0.0,0.0,0.0,0.0,0.0,0.0,0.0,0.0,0.0,0.0,0.0,0.0,0.0,0.0,0.0,0.0,0.0,0.0,0.0,0.0,,roster_only,2026-09-06T20:32:23+00:00
2026,1,401872924,00-0041511,Omar Cooper Jr.,NYJ,TEN,WR,0.0,0.0,0.0,0.0,0.0,0.0,-14.1,21.8,0.008,0.0071864111498257,3.0,-16.2,46.3,0.077,0.0767117348353454,0.0,0.0,0.0,0.0,0.0,0.0,0.0,0.0,Active,backup,2026-09-06T20:32:23+00:00
2026,1,401872924,00-0033375,Tim Patrick,NYJ,TEN,WR,0.0,0.0,0.0,0.0,0.0,0.0,-10.4,15.7,0.008,0.0071864111498257,4.9,-9.0,36.5,0.096,0.0910693824203809,0.0,0.0,0.0,0.0,0.0,0.0,0.0,0.0,,backup,2026-09-06T20:32:23+00:00
2026,1,401872924,00-0038121,Alontae Taylor,TEN,NYJ,CB,0.0,0.0,0.0,0.0,0.0,0.0,0.0,0.0,0.0,0.0,0.0,0.0,0.0,0.0,0.0,0.0,0.0,0.0,4.8,2.0,8.2,0.022,0.0188761104630189,,starter,2026-09-06T20:32:23+00:00
2026,1,401872924,00-0037758,Cor'Dale Flott,TEN,NYJ,CB,0.0,0.0,0.0,0.0,0.0,0.0,0.0,0.0,0.0,0.0,0.0,0.0,0.0,0.0,0.0,0.0,0.0,0.0,3.1,0.4,6.6,0.015,0.012054889542411,,starter,2026-09-06T20:32:23+00:00
2026,1,401872924,00-0040917,Jalen McMurray,TEN,NYJ,CB,0.0,0.0,0.0,0.0,0.0,0.0,0.0,0.0,0.0,0.0,0.0,0.0,0.0,0.0,0.0,0.0,0.0,0.0,0.0,0.0,0.0,0.0,0.0,,roster_only,2026-09-06T20:32:23+00:00
2026,1,401872924,00-0038043,Joshua Williams,TEN,NYJ,CB,0.0,0.0,0.0,0.0,0.0,0.0,0.0,0.0,0.0,0.0,0.0,0.0,0.0,0.0,0.0,0.0,0.0,0.0,0.0,0.0,0.0,0.0,0.0,Injured Reserve,backup,2026-09-06T20:32:23+00:00
2026,1,401872924,00-0040201,Marcus Harris,TEN,NYJ,CB,0.0,0.0,0.0,0.0,0.0,0.0,0.0,0.0,0.0,0.0,0.0,0.0,0.0,0.0,0.0,0.0,0.0,0.0,2.8,0.2,6.4,0.021,0.0178100675585861,Active,starter,2026-09-06T20:32:23+00:00
2026,1,401872924,00-0037136,Mario Goodrich III,TEN,NYJ,CB,0.0,0.0,0.0,0.0,0.0,0.0,0.0,0.0,0.0,0.0,0.0,0.0,0.0,0.0,0.0,0.0,0.0,0.0,0.0,0.0,0.0,0.0,0.0,Active,roster_only,2026-09-06T20:32:23+00:00
2026,1,401872924,00-0040093,Melvin Smith Jr.,TEN,NYJ,CB,0.0,0.0,0.0,0.0,0.0,0.0,0.0,0.0,0.0,0.0,0.0,0.0,0.0,0.0,0.0,0.0,0.0,0.0,1.0,0.0,4.8,0.007,0.005950490377422,Active,backup,2026-09-06T20:32:23+00:00
2026,1,401872924,00-0040020,Micah Robinson,TEN,NYJ,CB,0.0,0.0,0.0,0.0,0.0,0.0,0.0,0.0,0.0,0.0,0.0,0.0,0.0,0.0,0.0,0.0,0.0,0.0,0.7,0.0,3.2,0.005,0.0042333838124574,,backup,2026-09-06T20:32:23+00:00
2026,1,401872924,00-0039292,Shemar Bartholomew,TEN,NYJ,CB,0.0,0.0,0.0,0.0,0.0,0.0,0.0,0.0,0.0,0.0,0.0,0.0,0.0,0.0,0.0,0.0,0.0,0.0,0.0,0.0,0.0,0.0,0.0,,roster_only,2026-09-06T20:32:23+00:00
2026,1,401872924,00-0034163,Jacob Martin,TEN,NYJ,DE,0.0,0.0,0.0,0.0,0.0,0.0,0.0,0.0,0.0,0.0,0.0,0.0,0.0,0.0,0.0,0.0,0.0,0.0,1.7,0.0,4.4,0.283,0.2287486867203203,,backup,2026-09-06T20:32:23+00:00
2026,1,401872924,00-0034264,Jalyn Holmes,TEN,NYJ,DE,0.0,0.0,0.0,0.0,0.0,0.0,0.0,0.0,0.0,0.0,0.0,0.0,0.0,0.0,0.0,0.0,0.0,0.0,0.0,0.0,0.0,0.0,0.0,,roster_only,2026-09-06T20:32:23+00:00
2026,1,401872924,00-0037663,Jermaine Johnson II,TEN,NYJ,DE,0.0,0.0,0.0,0.0,0.0,0.0,0.0,0.0,0.0,0.0,0.0,0.0,0.0,0.0,0.0,0.0,0.0,0.0,2.4,0.5,4.9,0.324,0.2610638477852614,,starter,2026-09-06T20:32:23+00:00
2026,1,401872924,00-0034805,John Franklin-Myers,TEN,NYJ,DE,0.0,0.0,0.0,0.0,0.0,0.0,0.0,0.0,0.0,0.0,0.0,0.0,0.0,0.0,0.0,0.0,0.0,0.0,1.4,0.0,3.9,0.242,0.1940471134327329,,starter,2026-09-06T20:32:23+00:00
2026,1,401872924,00-0041508,Keldric Faulk,TEN,NYJ,DE,0.0,0.0,0.0,0.0,0.0,0.0,0.0,0.0,0.0,0.0,0.0,0.0,0.0,0.0,0.0,0.0,0.0,0.0,1.1,0.0,4.5,0.2,0.1563175221672938,Questionable,backup,2026-09-06T20:32:23+00:00
2026,1,401872924,00-0040752,Oluwafemi Oladejo,TEN,NYJ,DE,0.0,0.0,0.0,0.0,0.0,0.0,0.0,0.0,0.0,0.0,0.0,0.0,0.0,0.0,0.0,0.0,0.0,0.0,1.1,0.0,3.6,0.129,0.101311727239842,,backup,2026-09-06T20:32:23+00:00
2026,1,401872924,00-0033902,Tanoh Kpassagnon,TEN,NYJ,DE,0.0,0.0,0.0,0.0,0.0,0.0,0.0,0.0,0.0,0.0,0.0,0.0,0.0,0.0,0.0,0.0,0.0,0.0,0.0,0.0,0.0,0.0,0.0,Injured Reserve,backup,2026-09-06T20:32:23+00:00
2026,1,401872924,00-0038514,Truman Jones,TEN,NYJ,DE,0.0,0.0,0.0,0.0,0.0,0.0,0.0,0.0,0.0,0.0,0.0,0.0,0.0,0.0,0.0,0.0,0.0,0.0,1.0,0.0,3.4,0.118,0.094730493538827,,backup,2026-09-06T20:32:23+00:00
2026,1,401872924,00-0040892,Jackie Marshall,TEN,NYJ,DT,0.0,0.0,0.0,0.0,0.0,0.0,0.0,0.0,0.0,0.0,0.0,0.0,0.0,0.0,0.0,0.0,0.0,0.0,1.1,0.0,4.6,0.206,0.1616643214689521,,backup,2026-09-06T20:32:23+00:00
2026,1,401872924,00-0035643,Jeffery Simmons,TEN,NYJ,DT,0.0,0.0,0.0,0.0,0.0,0.0,0.0,0.0,0.0,0.0,0.0,0.0,0.0,0.0,0.0,0.0,0.0,0.0,3.4,1.1,6.0,0.408,0.3200775945683802,Active,starter,2026-09-06T20:32:23+00:00
2026,1,401872924,00-0036266,Jordan Elliott,TEN,NYJ,DT,0.0,0.0,0.0,0.0,0.0,0.0,0.0,0.0,0.0,0.0,0.0,0.0,0.0,0.0,0.0,0.0,0.0,0.0,1.7,0.0,4.2,0.071,0.0587688675695773,,starter,2026-09-06T20:32:23+00:00
2026,1,401872924,00-0040762,Laki Tasi,TEN,NYJ,DT,0.0,0.0,0.0,0.0,0.0,0.0,0.0,0.0,0.0,0.0,0.0,0.0,0.0,0.0,0.0,0.0,0.0,0.0,0.0,0.0,0.0,0.0,0.0,,roster_only,2026-09-06T20:32:23+00:00
2026,1,401872924,00-0040041,Nazir Stackhouse,TEN,NYJ,DT,0.0,0.0,0.0,0.0,0.0,0.0,0.0,0.0,0.0,0.0,0.0,0.0,0.0,0.0,0.0,0.0,0.0,0.0,0.7,0.0,3.2,0.055,0.0455264989787285,,backup,2026-09-06T20:32:23+00:00
2026,1,401872924,00-0033870,Solomon Thomas,TEN,NYJ,DT,0.0,0.0,0.0,0.0,0.0,0.0,0.0,0.0,0.0,0.0,0.0,0.0,0.0,0.0,0.0,0.0,0.0,0.0,1.1,0.0,3.6,0.085,0.0676557877039109,,backup,2026-09-06T20:32:23+00:00
2026,1,401872924,00-0037585,Timmy Horne,TEN,NYJ,DT,0.0,0.0,0.0,0.0,0.0,0.0,0.0,0.0,0.0,0.0,0.0,0.0,0.0,0.0,0.0,0.0,0.0,0.0,0.0,0.0,0.0,0.0,0.0,,roster_only,2026-09-06T20:32:23+00:00
2026,1,401872924,00-0041479,Anthony Hill Jr.,TEN,NYJ,LB,0.0,0.0,0.0,0.0,0.0,0.0,0.0,0.0,0.0,0.0,0.0,0.0,0.0,0.0,0.0,0.0,0.0,0.0,1.6,0.0,5.1,0.146,0.1108573683324264,,backup,2026-09-06T20:32:23+00:00
2026,1,401872924,00-0039858,Cedric Gray,TEN,NYJ,LB,0.0,0.0,0.0,0.0,0.0,0.0,0.0,0.0,0.0,0.0,0.0,0.0,0.0,0.0,0.0,0.0,0.0,0.0,6.7,5.6,12.8,0.114,0.0922452711625463,,starter,2026-09-06T20:32:23+00:00
2026,1,401872924,00-0035672,Cody Barton,TEN,NYJ,LB,0.0,0.0,0.0,0.0,0.0,0.0,0.0,0.0,0.0,0.0,0.0,0.0,0.0,0.0,0.0,0.0,0.0,0.0,5.0,1.8,9.0,0.036,0.0298868131578338,,starter,2026-09-06T20:32:23+00:00
2026,1,401872924,00-0040503,Dorian Mausi,TEN,NYJ,LB,0.0,0.0,0.0,0.0,0.0,0.0,0.0,0.0,0.0,0.0,0.0,0.0,0.0,0.0,0.0,0.0,0.0,0.0,0.0,0.0,0.0,0.0,0.0,Injured Reserve,backup,2026-09-06T20:32:23+00:00
2026,1,401872924,00-0039430,James Williams Sr.,TEN,NYJ,LB,0.0,0.0,0.0,0.0,0.0,0.0,0.0,0.0,0.0,0.0,0.0,0.0,0.0,0.0,0.0,0.0,0.0,0.0,2.1,0.2,4.6,0.067,0.0564793646783054,,starter,2026-09-06T20:32:23+00:00
2026,1,401872924,00-0039436,Jaylen Harrell,TEN,NYJ,LB,0.0,0.0,0.0,0.0,0.0,0.0,0.0,0.0,0.0,0.0,0.0,0.0,0.0,0.0,0.0,0.0,0.0,0.0,0.0,0.0,0.0,0.0,0.0,Injured Reserve,backup,2026-09-06T20:32:23+00:00
2026,1,401872924,00-0036511,Milo Eifler,TEN,NYJ,LB,0.0,0.0,0.0,0.0,0.0,0.0,0.0,0.0,0.0,0.0,0.0,0.0,0.0,0.0,0.0,0.0,0.0,0.0,0.0,0.0,0.0,0.0,0.0,Injured Reserve,backup,2026-09-06T20:32:23+00:00
2026,1,401872924,00-0038711,Mohamoud Diabate,TEN,NYJ,LB,0.0,0.0,0.0,0.0,0.0,0.0,0.0,0.0,0.0,0.0,0.0,0.0,0.0,0.0,0.0,0.0,0.0,0.0,0.0,0.0,0.0,0.0,0.0,,roster_only,2026-09-06T20:32:23+00:00
2026,1,401872924,00-0038600,Owen Pappoe,TEN,NYJ,LB,0.0,0.0,0.0,0.0,0.0,0.0,0.0,0.0,0.0,0.0,0.0,0.0,0.0,0.0,0.0,0.0,0.0,0.0,0.9,0.0,3.3,0.014,0.0118016922895235,,backup,2026-09-06T20:32:23+00:00
2026,1,401872924,00-0035192,Joey Slye,TEN,NYJ,PK,0.0,0.0,0.0,0.0,0.0,0.0,0.0,0.0,0.0,0.0,0.0,0.0,0.0,0.0,0.0,7.5,2.9,12.7,0.0,0.0,0.0,0.0,0.0,Active,starter,2026-09-06T20:32:23+00:00
2026,1,401872924,00-0040676,Cam Ward,TEN,NYJ,QB,212.2,121.0,318.4,1.378,0.7594624731599396,6.3,-5.1,24.3,0.095,0.0883647863729817,0.0,0.0,0.0,0.0,0.0,0.0,0.0,0.0,0.0,0.0,0.0,0.0,0.0,Active,starter,2026-09-06T20:32:23+00:00
2026,1,401872924,00-0038550,Hendon Hooker,TEN,NYJ,QB,0.0,0.0,0.0,0.0,0.0,0.0,0.0,0.0,0.0,0.0,0.0,0.0,0.0,0.0,0.0,0.0,0.0,0.0,0.0,0.0,0.0,0.0,0.0,,roster_only,2026-09-06T20:32:23+00:00
2026,1,401872924,00-0033869,Mitchell Trubisky,TEN,NYJ,QB,0.0,0.0,0.0,0.0,0.0,5.9,-4.2,21.9,0.044,0.0454806299376392,0.0,0.0,0.0,0.0,0.0,0.0,0.0,0.0,0.0,0.0,0.0,0.0,0.0,Questionable,backup,2026-09-06T20:32:23+00:00
2026,1,401872924,00-0037594,Julius Chestnut,TEN,NYJ,RB,0.0,0.0,0.0,0.0,0.0,1.5,-8.6,17.5,0.015,0.013891141373168,0.0,-15.8,29.7,0.045,0.0424710424710424,0.0,0.0,0.0,0.0,0.0,0.0,0.0,0.0,,backup,2026-09-06T20:32:23+00:00
2026,1,401872924,00-0040205,Kalel Mullings,TEN,NYJ,RB,0.0,0.0,0.0,0.0,0.0,0.0,0.0,0.0,0.0,0.0,0.0,0.0,0.0,0.0,0.0,0.0,0.0,0.0,0.0,0.0,0.0,0.0,0.0,,roster_only,2026-09-06T20:32:23+00:00
2026,1,401872924,00-0036924,Michael Carter,TEN,NYJ,RB,0.0,0.0,0.0,0.0,0.0,0.0,0.0,0.0,0.0,0.0,0.0,0.0,0.0,0.0,0.0,0.0,0.0,0.0,0.0,0.0,0.0,0.0,0.0,,roster_only,2026-09-06T20:32:23+00:00
2026,1,401872924,00-0040886,Nicholas Singleton,TEN,NYJ,RB,0.0,0.0,0.0,0.0,0.0,12.2,-16.5,57.3,0.069,0.0662103813273622,0.9,-18.2,44.3,0.104,0.0925309978189779,0.0,0.0,0.0,0.0,0.0,0.0,0.0,0.0,Active,backup,2026-09-06T20:32:23+00:00
2026,1,401872924,00-0035261,Tony Pollard,TEN,NYJ,RB,0.0,0.0,0.0,0.0,0.0,56.7,35.9,89.5,0.303,0.2883549452135732,7.6,-6.4,39.1,0.193,0.173979382614198,0.0,0.0,0.0,0.0,0.0,0.0,0.0,0.0,Active,starter,2026-09-06T20:32:23+00:00
2026,1,401872924,00-0039032,Tyjae Spears,TEN,NYJ,RB,0.0,0.0,0.0,0.0,0.0,18.9,-2.0,51.7,0.141,0.1259493833079261,14.2,0.3,45.7,0.28,0.2526054537357999,0.0,0.0,0.0,0.0,0.0,0.0,0.0,0.0,Active,backup,2026-09-06T20:32:23+00:00
2026,1,401872924,00-0035632,Amani Hooker,TEN,NYJ,S,0.0,0.0,0.0,0.0,0.0,0.0,0.0,0.0,0.0,0.0,0.0,0.0,0.0,0.0,0.0,0.0,0.0,0.0,4.8,2.0,8.2,0.016,0.0137029765283181,,starter,2026-09-06T20:32:23+00:00
2026,1,401872924,00-0038620,Erick Hallett II,TEN,NYJ,S,0.0,0.0,0.0,0.0,0.0,0.0,0.0,0.0,0.0,0.0,0.0,0.0,0.0,0.0,0.0,0.0,0.0,0.0,0.0,0.0,0.0,0.0,0.0,,roster_only,2026-09-06T20:32:23+00:00
2026,1,401872924,00-0038613,Jerrick Reed II,TEN,NYJ,S,0.0,0.0,0.0,0.0,0.0,0.0,0.0,0.0,0.0,0.0,0.0,0.0,0.0,0.0,0.0,0.0,0.0,0.0,0.0,0.0,0.0,0.0,0.0,,roster_only,2026-09-06T20:32:23+00:00
2026,1,401872924,00-0038703,Kendell Brooks,TEN,NYJ,S,0.0,0.0,0.0,0.0,0.0,0.0,0.0,0.0,0.0,0.0,0.0,0.0,0.0,0.0,0.0,0.0,0.0,0.0,0.0,0.0,0.0,0.0,0.0,Injured Reserve,backup,2026-09-06T20:32:23+00:00
2026,1,401872924,00-0040141,Kevin Winston Jr.,TEN,NYJ,S,0.0,0.0,0.0,0.0,0.0,0.0,0.0,0.0,0.0,0.0,0.0,0.0,0.0,0.0,0.0,0.0,0.0,0.0,4.3,2.0,6.9,0.026,0.0222632744460123,,starter,2026-09-06T20:32:23+00:00
2026,1,401872924,00-0036421,Terrell Burgess,TEN,NYJ,S,0.0,0.0,0.0,0.0,0.0,0.0,0.0,0.0,0.0,0.0,0.0,0.0,0.0,0.0,0.0,0.0,0.0,0.0,1.0,0.0,3.4,0.005,0.0039498327850469,,backup,2026-09-06T20:32:23+00:00
2026,1,401872924,00-0037155,Tony Adams,TEN,NYJ,S,0.0,0.0,0.0,0.0,0.0,0.0,0.0,0.0,0.0,0.0,0.0,0.0,0.0,0.0,0.0,0.0,0.0,0.0,3.5,1.2,6.1,0.016,0.0137029765283181,,backup,2026-09-06T20:32:23+00:00
2026,1,401872924,00-0038115,Daniel Bellinger,TEN,NYJ,TE,0.0,0.0,0.0,0.0,0.0,0.0,-10.4,15.7,0.008,0.0071864111498257,18.1,4.2,49.6,0.278,0.2512309020760252,0.0,0.0,0.0,0.0,0.0,0.0,0.0,0.0,,backup,2026-09-06T20:32:23+00:00
2026,1,401872924,00-0039648,David Martin-Robinson,TEN,NYJ,TE,0.0,0.0,0.0,0.0,0.0,0.0,-10.4,15.7,0.008,0.0071864111498257,1.5,-12.4,33.1,0.052,0.0478544089680636,0.0,0.0,0.0,0.0,0.0,0.0,0.0,0.0,,backup,2026-09-06T20:32:23+00:00
2026,1,401872924,00-0040584,Gunnar Helm,TEN,NYJ,TE,0.0,0.0,0.0,0.0,0.0,0.0,-10.3,15.9,0.008,0.0071864111498257,23.3,9.4,54.9,0.317,0.2885378120287921,0.0,0.0,0.0,0.0,0.0,0.0,0.0,0.0,Active,starter,2026-09-06T20:32:23+00:00
2026,1,401872924,00-0040901,Jaren Kanak,TEN,NYJ,TE,0.0,0.0,0.0,0.0,0.0,0.0,0.0,0.0,0.0,0.0,0.0,0.0,0.0,0.0,0.0,0.0,0.0,0.0,0.0,0.0,0.0,0.0,0.0,Injured Reserve,backup,2026-09-06T20:32:23+00:00
2026,1,401872924,00-0039023,Joel Wilson,TEN,NYJ,TE,0.0,0.0,0.0,0.0,0.0,0.0,0.0,0.0,0.0,0.0,0.0,0.0,0.0,0.0,0.0,0.0,0.0,0.0,0.0,0.0,0.0,0.0,0.0,,roster_only,2026-09-06T20:32:23+00:00
2026,1,401872924,00-0036876,Kylen Granson,TEN,NYJ,TE,0.0,0.0,0.0,0.0,0.0,0.0,-10.4,15.7,0.008,0.0071864111498257,3.7,-10.2,35.3,0.15,0.132930323959217,0.0,0.0,0.0,0.0,0.0,0.0,0.0,0.0,,backup,2026-09-06T20:32:23+00:00
2026,1,401872924,00-0034837,Calvin Ridley,TEN,NYJ,WR,0.0,0.0,0.0,0.0,0.0,0.0,-10.2,15.9,0.008,0.0071864111498257,21.0,-3.2,75.8,0.276,0.248805200009941,0.0,0.0,0.0,0.0,0.0,0.0,0.0,0.0,Active,backup,2026-09-06T20:32:23+00:00
2026,1,401872924,00-0041438,Carnell Tate,TEN,NYJ,WR,0.0,0.0,0.0,0.0,0.0,0.0,-14.1,21.8,0.008,0.0071864111498257,11.8,-7.3,55.2,0.141,0.1223351526034717,0.0,0.0,0.0,0.0,0.0,0.0,0.0,0.0,Questionable,starter,2026-09-06T20:32:23+00:00
2026,1,401872924,00-0040705,Chimere Dike,TEN,NYJ,WR,0.0,0.0,0.0,0.0,0.0,1.2,-9.0,17.2,0.008,0.0071864111498257,23.3,-0.9,78.1,0.348,0.3168987388610242,0.0,0.0,0.0,0.0,0.0,0.0,0.0,0.0,Active,backup,2026-09-06T20:32:23+00:00
2026,1,401872924,00-0040170,Elic Ayomanor,TEN,NYJ,WR,0.0,0.0,0.0,0.0,0.0,0.0,-10.2,15.9,0.008,0.0071864111498257,22.4,-1.8,77.2,0.332,0.3022846569180659,0.0,0.0,0.0,0.0,0.0,0.0,0.0,0.0,Active,backup,2026-09-06T20:32:23+00:00
2026,1,401872924,00-0036345,K.J. Osborn,TEN,NYJ,WR,0.0,0.0,0.0,0.0,0.0,0.0,0.0,0.0,0.0,0.0,0.0,0.0,0.0,0.0,0.0,0.0,0.0,0.0,0.0,0.0,0.0,0.0,0.0,,roster_only,2026-09-06T20:32:23+00:00
2026,1,401872924,00-0040919,Tyren Montgomery,TEN,NYJ,WR,0.0,0.0,0.0,0.0,0.0,0.0,0.0,0.0,0.0,0.0,0.0,0.0,0.0,0.0,0.0,0.0,0.0,0.0,0.0,0.0,0.0,0.0,0.0,,roster_only,2026-09-06T20:32:23+00:00
2026,1,401872924,00-0038117,Wan'Dale Robinson,TEN,NYJ,WR,0.0,0.0,0.0,0.0,0.0,0.0,-10.1,16.0,0.008,0.0071864111498257,29.1,4.9,83.8,0.414,0.3423597678916827,0.0,0.0,0.0,0.0,0.0,0.0,0.0,0.0,Questionable,backup,2026-09-06T20:32:23+00:00
2026,1,401872924,00-0040522,Xavier Restrepo,TEN,NYJ,WR,0.0,0.0,0.0,0.0,0.0,0.0,0.0,0.0,0.0,0.0,0.0,0.0,0.0,0.0,0.0,0.0,0.0,0.0,0.0,0.0,0.0,0.0,0.0,,roster_only,2026-09-06T20:32:23+00:00
2026,1,401872925,00-0040372,Bralyn Lux,CIN,TB,CB,0.0,0.0,0.0,0.0,0.0,0.0,0.0,0.0,0.0,0.0,0.0,0.0,0.0,0.0,0.0,0.0,0.0,0.0,0.0,0.0,0.0,0.0,0.0,,roster_only,2026-09-06T20:32:23+00:00
2026,1,401872925,00-0038642,DJ Ivey,CIN,TB,CB,0.0,0.0,0.0,0.0,0.0,0.0,0.0,0.0,0.0,0.0,0.0,0.0,0.0,0.0,0.0,0.0,0.0,0.0,1.7,0.0,4.3,0.016,0.0137029765283181,,backup,2026-09-06T20:32:23+00:00
2026,1,401872925,00-0038549,DJ Turner II,CIN,TB,CB,0.0,0.0,0.0,0.0,0.0,0.0,0.0,0.0,0.0,0.0,0.0,0.0,0.0,0.0,0.0,0.0,0.0,0.0,3.3,1.1,6.0,0.019,0.0162096389707773,,starter,2026-09-06T20:32:23+00:00
2026,1,401872925,00-0037743,Dax Hill,CIN,TB,CB,0.0,0.0,0.0,0.0,0.0,0.0,0.0,0.0,0.0,0.0,0.0,0.0,0.0,0.0,0.0,0.0,0.0,0.0,4.1,1.4,7.6,0.022,0.0186389116441293,Questionable,starter,2026-09-06T20:32:23+00:00
2026,1,401872925,00-0037307,Ja'Sir Taylor,CIN,TB,CB,0.0,0.0,0.0,0.0,0.0,0.0,0.0,0.0,0.0,0.0,0.0,0.0,0.0,0.0,0.0,0.0,0.0,0.0,0.0,0.0,0.0,0.0,0.0,Injured Reserve,backup,2026-09-06T20:32:23+00:00
2026,1,401872925,00-0034446,Jalen Davis,CIN,TB,CB,0.0,0.0,0.0,0.0,0.0,0.0,0.0,0.0,0.0,0.0,0.0,0.0,0.0,0.0,0.0,0.0,0.0,0.0,3.6,1.4,6.2,0.023,0.0195741455784294,,starter,2026-09-06T20:32:23+00:00
2026,1,401872925,00-0039375,Josh Newton,CIN,TB,CB,0.0,0.0,0.0,0.0,0.0,0.0,0.0,0.0,0.0,0.0,0.0,0.0,0.0,0.0,0.0,0.0,0.0,0.0,1.7,0.0,4.2,0.01,0.0079035681000226,Active,backup,2026-09-06T20:32:23+00:00
2026,1,401872925,00-0041464,Tacario Davis,CIN,TB,CB,0.0,0.0,0.0,0.0,0.0,0.0,0.0,0.0,0.0,0.0,0.0,0.0,0.0,0.0,0.0,0.0,0.0,0.0,2.0,0.0,6.0,0.014,0.0112640459665619,,backup,2026-09-06T20:32:23+00:00
2026,1,401872925,00-0040251,Trikweze Bridges,CIN,TB,CB,0.0,0.0,0.0,0.0,0.0,0.0,0.0,0.0,0.0,0.0,0.0,0.0,0.0,0.0,0.0,0.0,0.0,0.0,0.0,0.0,0.0,0.0,0.0,,roster_only,2026-09-06T20:32:23+00:00
2026,1,401872925,00-0038133,Boye Mafe,CIN,TB,DE,0.0,0.0,0.0,0.0,0.0,0.0,0.0,0.0,0.0,0.0,0.0,0.0,0.0,0.0,0.0,0.0,0.0,0.0,2.1,0.2,4.6,0.257,0.2070487657771917,,starter,2026-09-06T20:32:23+00:00
2026,1,401872925,00-0041546,Cashius Howell,CIN,TB,DE,0.0,0.0,0.0,0.0,0.0,0.0,0.0,0.0,0.0,0.0,0.0,0.0,0.0,0.0,0.0,0.0,0.0,0.0,1.1,0.0,4.6,0.2,0.1563775965303983,Active,backup,2026-09-06T20:32:23+00:00
2026,1,401872925,00-0039752,Cedric Johnson,CIN,TB,DE,0.0,0.0,0.0,0.0,0.0,0.0,0.0,0.0,0.0,0.0,0.0,0.0,0.0,0.0,0.0,0.0,0.0,0.0,1.1,0.0,3.7,0.259,0.2086029404346136,,backup,2026-09-06T20:32:23+00:00
2026,1,401872925,00-0040472,Garmon Randolph,CIN,TB,DE,0.0,0.0,0.0,0.0,0.0,0.0,0.0,0.0,0.0,0.0,0.0,0.0,0.0,0.0,0.0,0.0,0.0,0.0,0.0,0.0,0.0,0.0,0.0,,roster_only,2026-09-06T20:32:23+00:00
2026,1,401872925,00-0039143,Isaiah Foskey,CIN,TB,DE,0.0,0.0,0.0,0.0,0.0,0.0,0.0,0.0,0.0,0.0,0.0,0.0,0.0,0.0,0.0,0.0,0.0,0.0,0.0,0.0,0.0,0.0,0.0,,roster_only,2026-09-06T20:32:23+00:00
2026,1,401872925,00-0038546,Myles Murphy,CIN,TB,DE,0.0,0.0,0.0,0.0,0.0,0.0,0.0,0.0,0.0,0.0,0.0,0.0,0.0,0.0,0.0,0.0,0.0,0.0,2.5,0.6,5.0,0.169,0.1273830631351383,Questionable,starter,2026-09-06T20:32:23+00:00
2026,1,401872925,00-0040756,Shemar Stewart,CIN,TB,DE,0.0,0.0,0.0,0.0,0.0,0.0,0.0,0.0,0.0,0.0,0.0,0.0,0.0,0.0,0.0,0.0,0.0,0.0,1.4,0.0,3.9,0.142,0.1085200141969257,Questionable,backup,2026-09-06T20:32:23+00:00
2026,1,401872925,00-0034800,B.J. Hill,CIN,TB,DT,0.0,0.0,0.0,0.0,0.0,0.0,0.0,0.0,0.0,0.0,0.0,0.0,0.0,0.0,0.0,0.0,0.0,0.0,1.7,0.0,4.1,0.12,0.0957796478130187,Active,backup,2026-09-06T20:32:23+00:00
2026,1,401872925,00-0035683,Dexter Lawrence II,CIN,TB,DT,0.0,0.0,0.0,0.0,0.0,0.0,0.0,0.0,0.0,0.0,0.0,0.0,0.0,0.0,0.0,0.0,0.0,0.0,2.5,0.4,5.3,0.317,0.2557770086140115,,starter,2026-09-06T20:32:23+00:00
2026,1,401872925,00-0040369,Howard Cross III,CIN,TB,DT,0.0,0.0,0.0,0.0,0.0,0.0,0.0,0.0,0.0,0.0,0.0,0.0,0.0,0.0,0.0,0.0,0.0,0.0,0.0,0.0,0.0,0.0,0.0,,roster_only,2026-09-06T20:32:23+00:00
2026,1,401872925,00-0033523,Jonathan Allen,CIN,TB,DT,0.0,0.0,0.0,0.0,0.0,0.0,0.0,0.0,0.0,0.0,0.0,0.0,0.0,0.0,0.0,0.0,0.0,0.0,3.4,1.1,6.0,0.346,0.278239427277538,Active,starter,2026-09-06T20:32:23+00:00
2026,1,401872925,00-0039908,Kris Jenkins Jr.,CIN,TB,DT,0.0,0.0,0.0,0.0,0.0,0.0,0.0,0.0,0.0,0.0,0.0,0.0,0.0,0.0,0.0,0.0,0.0,0.0,1.4,0.0,3.9,0.237,0.1889688798932252,Active,backup,2026-09-06T20:32:23+00:00
2026,1,401872925,00-0041118,Landon Robinson,CIN,TB,DT,0.0,0.0,0.0,0.0,0.0,0.0,0.0,0.0,0.0,0.0,0.0,0.0,0.0,0.0,0.0,0.0,0.0,0.0,1.0,0.0,4.5,0.179,0.1367477086782371,,backup,2026-09-06T20:32:23+00:00
2026,1,401872925,00-0036642,T.J. Slaton Jr.,CIN,TB,DT,0.0,0.0,0.0,0.0,0.0,0.0,0.0,0.0,0.0,0.0,0.0,0.0,0.0,0.0,0.0,0.0,0.0,0.0,1.7,0.0,4.1,0.081,0.0651433653668076,,backup,2026-09-06T20:32:23+00:00
2026,1,401872925,00-0040157,Barrett Carter,CIN,TB,LB,0.0,0.0,0.0,0.0,0.0,0.0,0.0,0.0,0.0,0.0,0.0,0.0,0.0,0.0,0.0,0.0,0.0,0.0,6.2,3.1,10.3,0.169,0.1270795813008093,,starter,2026-09-06T20:32:23+00:00
2026,1,401872925,00-0040738,Demetrius Knight Jr.,CIN,TB,LB,0.0,0.0,0.0,0.0,0.0,0.0,0.0,0.0,0.0,0.0,0.0,0.0,0.0,0.0,0.0,0.0,0.0,0.0,5.5,3.4,7.8,0.133,0.1034901528498471,,starter,2026-09-06T20:32:23+00:00
2026,1,401872925,00-0035363,Joe Giles-Harris,CIN,TB,LB,0.0,0.0,0.0,0.0,0.0,0.0,0.0,0.0,0.0,0.0,0.0,0.0,0.0,0.0,0.0,0.0,0.0,0.0,0.0,0.0,0.0,0.0,0.0,,roster_only,2026-09-06T20:32:23+00:00
2026,1,401872925,00-0034754,Oren Burks,CIN,TB,LB,0.0,0.0,0.0,0.0,0.0,0.0,0.0,0.0,0.0,0.0,0.0,0.0,0.0,0.0,0.0,0.0,0.0,0.0,3.3,1.2,5.7,0.028,0.023710722754207,,starter,2026-09-06T20:32:23+00:00
2026,1,401872925,00-0038890,Shaka Heyward,CIN,TB,LB,0.0,0.0,0.0,0.0,0.0,0.0,0.0,0.0,0.0,0.0,0.0,0.0,0.0,0.0,0.0,0.0,0.0,0.0,0.0,0.0,0.0,0.0,0.0,,roster_only,2026-09-06T20:32:23+00:00
2026,1,401872925,00-0039313,Swayze Bozeman,CIN,TB,LB,0.0,0.0,0.0,0.0,0.0,0.0,0.0,0.0,0.0,0.0,0.0,0.0,0.0,0.0,0.0,0.0,0.0,0.0,0.7,0.0,3.2,0.021,0.0182364335324964,,backup,2026-09-06T20:32:23+00:00
2026,1,401872925,00-0036854,Evan McPherson,CIN,TB,PK,0.0,0.0,0.0,0.0,0.0,0.0,0.0,0.0,0.0,0.0,0.0,0.0,0.0,0.0,0.0,7.6,2.5,13.4,0.0,0.0,0.0,0.0,0.0,Active,starter,2026-09-06T20:32:23+00:00
2026,1,401872925,00-0036442,Joe Burrow,CIN,TB,QB,259.0,167.8,365.1,1.982,0.8571428571428571,6.1,-5.4,24.0,0.179,0.155307482971942,0.0,0.0,0.0,0.0,0.0,0.0,0.0,0.0,0.0,0.0,0.0,0.0,0.0,Active,starter,2026-09-06T20:32:23+00:00
2026,1,401872925,00-0026158,Joe Flacco,CIN,TB,QB,0.0,0.0,0.0,0.0,0.0,3.5,-6.7,19.4,0.14,0.1248555640617625,0.0,0.0,0.0,0.0,0.0,0.0,0.0,0.0,0.0,0.0,0.0,0.0,0.0,,backup,2026-09-06T20:32:23+00:00
2026,1,401872925,00-0026300,Josh Johnson,CIN,TB,QB,0.0,0.0,0.0,0.0,0.0,0.0,0.0,0.0,0.0,0.0,0.0,0.0,0.0,0.0,0.0,0.0,0.0,0.0,0.0,0.0,0.0,0.0,0.0,,roster_only,2026-09-06T20:32:23+00:00
2026,1,401872925,00-0038391,Sean Clifford,CIN,TB,QB,0.0,0.0,0.0,0.0,0.0,0.0,0.0,0.0,0.0,0.0,0.0,0.0,0.0,0.0,0.0,0.0,0.0,0.0,0.0,0.0,0.0,0.0,0.0,,roster_only,2026-09-06T20:32:23+00:00
2026,1,401872925,00-0038597,Chase Brown,CIN,TB,RB,0.0,0.0,0.0,0.0,0.0,63.1,42.2,95.9,0.464,0.3682373472949389,21.1,7.2,52.6,0.24,0.2165340550536262,0.0,0.0,0.0,0.0,0.0,0.0,0.0,0.0,Active,starter,2026-09-06T20:32:23+00:00
2026,1,401872925,00-0039266,Kendall Milton,CIN,TB,RB,0.0,0.0,0.0,0.0,0.0,0.0,0.0,0.0,0.0,0.0,0.0,0.0,0.0,0.0,0.0,0.0,0.0,0.0,0.0,0.0,0.0,0.0,0.0,,roster_only,2026-09-06T20:32:23+00:00
2026,1,401872925,00-0041241,Kentrel Bullock,CIN,TB,RB,0.0,0.0,0.0,0.0,0.0,0.0,0.0,0.0,0.0,0.0,0.0,0.0,0.0,0.0,0.0,0.0,0.0,0.0,0.0,0.0,0.0,0.0,0.0,,roster_only,2026-09-06T20:32:23+00:00
2026,1,401872925,00-0033526,Samaje Perine,CIN,TB,RB,0.0,0.0,0.0,0.0,0.0,17.1,-3.7,49.9,0.321,0.3065389878123466,5.5,-8.4,37.1,0.091,0.0875904377066919,0.0,0.0,0.0,0.0,0.0,0.0,0.0,0.0,Active,backup,2026-09-06T20:32:23+00:00
2026,1,401872925,00-0040208,Tahj Brooks,CIN,TB,RB,0.0,0.0,0.0,0.0,0.0,7.2,-13.7,40.0,0.155,0.1370037412065258,0.3,-13.6,31.8,0.045,0.0424710424710424,0.0,0.0,0.0,0.0,0.0,0.0,0.0,0.0,Active,backup,2026-09-06T20:32:23+00:00
2026,1,401872925,00-0037193,Bryan Cook,CIN,TB,S,0.0,0.0,0.0,0.0,0.0,0.0,0.0,0.0,0.0,0.0,0.0,0.0,0.0,0.0,0.0,0.0,0.0,0.0,5.1,2.3,8.4,0.02,0.0169552495824247,Active,starter,2026-09-06T20:32:23+00:00
2026,1,401872925,00-0038560,Jordan Battle,CIN,TB,S,0.0,0.0,0.0,0.0,0.0,0.0,0.0,0.0,0.0,0.0,0.0,0.0,0.0,0.0,0.0,0.0,0.0,0.0,6.1,3.3,9.5,0.021,0.0184831599132221,,starter,2026-09-06T20:32:23+00:00
2026,1,401872925,00-0036231,Kyle Dugger,CIN,TB,S,0.0,0.0,0.0,0.0,0.0,0.0,0.0,0.0,0.0,0.0,0.0,0.0,0.0,0.0,0.0,0.0,0.0,0.0,2.9,0.3,6.5,0.016,0.0137029765283181,,backup,2026-09-06T20:32:23+00:00
2026,1,401872925,00-0039632,PJ Jules,CIN,TB,S,0.0,0.0,0.0,0.0,0.0,0.0,0.0,0.0,0.0,0.0,0.0,0.0,0.0,0.0,0.0,0.0,0.0,0.0,0.8,0.0,3.3,0.005,0.0039229054023445,,backup,2026-09-06T20:32:23+00:00
2026,1,401872925,00-0037844,Russ Yeast,CIN,TB,S,0.0,0.0,0.0,0.0,0.0,0.0,0.0,0.0,0.0,0.0,0.0,0.0,0.0,0.0,0.0,0.0,0.0,0.0,0.0,0.0,0.0,0.0,0.0,,roster_only,2026-09-06T20:32:23+00:00
2026,1,401872925,00-0035631,Drew Sample,CIN,TB,TE,0.0,0.0,0.0,0.0,0.0,0.0,-10.3,15.8,0.008,0.0071864111498257,6.8,-7.2,38.3,0.104,0.0925356050380459,0.0,0.0,0.0,0.0,0.0,0.0,0.0,0.0,,backup,2026-09-06T20:32:23+00:00
2026,1,401872925,00-0039814,Erick All Jr.,CIN,TB,TE,0.0,0.0,0.0,0.0,0.0,0.0,-10.4,15.7,0.008,0.0071864111498257,6.0,-7.9,37.6,0.107,0.0929993405552382,0.0,0.0,0.0,0.0,0.0,0.0,0.0,0.0,Active,backup,2026-09-06T20:32:23+00:00
2026,1,401872925,00-0041116,Jack Endries,CIN,TB,TE,0.0,0.0,0.0,0.0,0.0,0.0,-14.2,21.7,0.008,0.0071864111498257,3.4,-15.7,46.8,0.108,0.0931218949966336,0.0,0.0,0.0,0.0,0.0,0.0,0.0,0.0,Active,backup,2026-09-06T20:32:23+00:00
2026,1,401872925,00-0034829,Mike Gesicki,CIN,TB,TE,0.0,0.0,0.0,0.0,0.0,0.0,-10.4,15.8,0.008,0.0071864111498257,18.0,4.0,49.5,0.172,0.1560772377312285,0.0,0.0,0.0,0.0,0.0,0.0,0.0,0.0,Active,starter,2026-09-06T20:32:23+00:00
2026,1,401872925,00-0034613,Tanner Hudson,CIN,TB,TE,0.0,0.0,0.0,0.0,0.0,0.0,0.0,0.0,0.0,0.0,0.0,0.0,0.0,0.0,0.0,0.0,0.0,0.0,0.0,0.0,0.0,0.0,0.0,,roster_only,2026-09-06T20:32:23+00:00
2026,1,401872925,00-0038619,Andrei Iosivas,CIN,TB,WR,0.0,0.0,0.0,0.0,0.0,0.0,-10.2,16.0,0.008,0.0071864111498257,17.2,3.3,48.7,0.187,0.1688747452795175,0.0,0.0,0.0,0.0,0.0,0.0,0.0,0.0,Active,backup,2026-09-06T20:32:23+00:00
2026,1,401872925,00-0041069,Colbie Young,CIN,TB,WR,0.0,0.0,0.0,0.0,0.0,0.0,-14.1,21.9,0.008,0.0071864111498257,5.3,-13.8,48.7,0.098,0.0914225881159757,0.0,0.0,0.0,0.0,0.0,0.0,0.0,0.0,Active,backup,2026-09-06T20:32:23+00:00
2026,1,401872925,00-0040785,Dohnte Meyers,CIN,TB,WR,0.0,0.0,0.0,0.0,0.0,0.0,-14.1,21.9,0.008,0.0071864111498257,5.3,-13.8,48.7,0.098,0.0914225881159757,0.0,0.0,0.0,0.0,0.0,0.0,0.0,0.0,Active,backup,2026-09-06T20:32:23+00:00
2026,1,401872925,00-0036900,Ja'Marr Chase,CIN,TB,WR,0.0,0.0,0.0,0.0,0.0,0.0,-10.2,15.9,0.008,0.0071864111498257,62.8,38.6,117.6,0.414,0.3423597678916827,0.0,0.0,0.0,0.0,0.0,0.0,0.0,0.0,Questionable,starter,2026-09-06T20:32:23+00:00
2026,1,401872925,00-0040375,Jordan Moore,CIN,TB,WR,0.0,0.0,0.0,0.0,0.0,0.0,0.0,0.0,0.0,0.0,0.0,0.0,0.0,0.0,0.0,0.0,0.0,0.0,0.0,0.0,0.0,0.0,0.0,,roster_only,2026-09-06T20:32:23+00:00
2026,1,401872925,00-0040534,Ke'Shawn Williams,CIN,TB,WR,0.0,0.0,0.0,0.0,0.0,0.7,-9.5,16.7,0.008,0.0071864111498257,0.8,-13.2,32.3,0.044,0.0424710424710424,0.0,0.0,0.0,0.0,0.0,0.0,0.0,0.0,,backup,2026-09-06T20:32:23+00:00
2026,1,401872925,00-0041248,Noah Thomas,CIN,TB,WR,0.0,0.0,0.0,0.0,0.0,0.0,0.0,0.0,0.0,0.0,0.0,0.0,0.0,0.0,0.0,0.0,0.0,0.0,0.0,0.0,0.0,0.0,0.0,,roster_only,2026-09-06T20:32:23+00:00
2026,1,401872925,00-0036410,Tee Higgins,CIN,TB,WR,0.0,0.0,0.0,0.0,0.0,0.0,-10.3,15.8,0.008,0.0071864111498257,42.8,18.6,97.6,0.343,0.3126611427101982,0.0,0.0,0.0,0.0,0.0,0.0,0.0,0.0,Questionable,backup,2026-09-06T20:32:23+00:00
2026,1,401872925,00-0041253,Ayden Garnes,TB,CIN,CB,0.0,0.0,0.0,0.0,0.0,0.0,0.0,0.0,0.0,0.0,0.0,0.0,0.0,0.0,0.0,0.0,0.0,0.0,2.0,0.0,6.0,0.014,0.0117536571463464,,backup,2026-09-06T20:32:23+00:00
2026,1,401872925,00-0040747,Benjamin Morrison,TB,CIN,CB,0.0,0.0,0.0,0.0,0.0,0.0,0.0,0.0,0.0,0.0,0.0,0.0,0.0,0.0,0.0,0.0,0.0,0.0,3.8,1.1,7.3,0.02,0.0176873811604597,,starter,2026-09-06T20:32:23+00:00
2026,1,401872925,00-0040143,Jacob Parrish,TB,CIN,CB,0.0,0.0,0.0,0.0,0.0,0.0,0.0,0.0,0.0,0.0,0.0,0.0,0.0,0.0,0.0,0.0,0.0,0.0,5.3,2.5,8.6,0.018,0.0155738908634528,,starter,2026-09-06T20:32:23+00:00
2026,1,401872925,00-0039051,Josh Hayes,TB,CIN,CB,0.0,0.0,0.0,0.0,0.0,0.0,0.0,0.0,0.0,0.0,0.0,0.0,0.0,0.0,0.0,0.0,0.0,0.0,0.0,0.0,0.0,0.0,0.0,Injured Reserve,backup,2026-09-06T20:32:23+00:00
2026,1,401872925,00-0041057,Keionte Scott,TB,CIN,CB,0.0,0.0,0.0,0.0,0.0,0.0,0.0,0.0,0.0,0.0,0.0,0.0,0.0,0.0,0.0,0.0,0.0,0.0,2.0,0.0,6.0,0.014,0.0117536571463464,Active,backup,2026-09-06T20:32:23+00:00
2026,1,401872925,00-0040089,Kevin Knowles,TB,CIN,CB,0.0,0.0,0.0,0.0,0.0,0.0,0.0,0.0,0.0,0.0,0.0,0.0,0.0,0.0,0.0,0.0,0.0,0.0,1.0,0.0,3.7,0.007,0.0053736041147748,,backup,2026-09-06T20:32:23+00:00
2026,1,401872925,00-0035239,Sean Murphy-Bunting,TB,CIN,CB,0.0,0.0,0.0,0.0,0.0,0.0,0.0,0.0,0.0,0.0,0.0,0.0,0.0,0.0,0.0,0.0,0.0,0.0,0.0,0.0,0.0,0.0,0.0,,roster_only,2026-09-06T20:32:23+00:00
2026,1,401872925,00-0037268,Zyon McCollum,TB,CIN,CB,0.0,0.0,0.0,0.0,0.0,0.0,0.0,0.0,0.0,0.0,0.0,0.0,0.0,0.0,0.0,0.0,0.0,0.0,4.0,1.3,7.4,0.016,0.0137029765283181,Active,starter,2026-09-06T20:32:23+00:00
2026,1,401872925,00-0040183,Elijah Roberts,TB,CIN,DE,0.0,0.0,0.0,0.0,0.0,0.0,0.0,0.0,0.0,0.0,0.0,0.0,0.0,0.0,0.0,0.0,0.0,0.0,1.8,0.0,4.3,0.145,0.1103801689534565,,starter,2026-09-06T20:32:23+00:00
2026,1,401872925,00-0032889,A'Shawn Robinson,TB,CIN,DT,0.0,0.0,0.0,0.0,0.0,0.0,0.0,0.0,0.0,0.0,0.0,0.0,0.0,0.0,0.0,0.0,0.0,0.0,3.7,1.5,6.3,0.095,0.0762206285806906,,starter,2026-09-06T20:32:23+00:00
2026,1,401872925,00-0039063,Calijah Kancey,TB,CIN,DT,0.0,0.0,0.0,0.0,0.0,0.0,0.0,0.0,0.0,0.0,0.0,0.0,0.0,0.0,0.0,0.0,0.0,0.0,1.1,0.0,3.7,0.165,0.1238369052050593,,backup,2026-09-06T20:32:23+00:00
2026,1,401872925,00-0041079,DeMonte Capehart,TB,CIN,DT,0.0,0.0,0.0,0.0,0.0,0.0,0.0,0.0,0.0,0.0,0.0,0.0,0.0,0.0,0.0,0.0,0.0,0.0,1.0,0.0,4.5,0.194,0.1508579780172615,,backup,2026-09-06T20:32:23+00:00
2026,1,401872925,00-0041339,Deshawn McKnight,TB,CIN,DT,0.0,0.0,0.0,0.0,0.0,0.0,0.0,0.0,0.0,0.0,0.0,0.0,0.0,0.0,0.0,0.0,0.0,0.0,0.0,0.0,0.0,0.0,0.0,Injured Reserve,backup,2026-09-06T20:32:23+00:00
2026,1,401872925,00-0040384,Elijah Simmons,TB,CIN,DT,0.0,0.0,0.0,0.0,0.0,0.0,0.0,0.0,0.0,0.0,0.0,0.0,0.0,0.0,0.0,0.0,0.0,0.0,1.0,0.0,3.4,0.087,0.0691751743012136,,backup,2026-09-06T20:32:23+00:00
2026,1,401872925,00-0040105,Jayson Jones,TB,CIN,DT,0.0,0.0,0.0,0.0,0.0,0.0,0.0,0.0,0.0,0.0,0.0,0.0,0.0,0.0,0.0,0.0,0.0,0.0,0.0,0.0,0.0,0.0,0.0,,roster_only,2026-09-06T20:32:23+00:00
2026,1,401872925,00-0031957,Rakeem Nunez-Roches,TB,CIN,DT,0.0,0.0,0.0,0.0,0.0,0.0,0.0,0.0,0.0,0.0,0.0,0.0,0.0,0.0,0.0,0.0,0.0,0.0,1.1,0.0,3.7,0.054,0.0453783517629143,,backup,2026-09-06T20:32:23+00:00
2026,1,401872925,00-0034773,Vita Vea,TB,CIN,DT,0.0,0.0,0.0,0.0,0.0,0.0,0.0,0.0,0.0,0.0,0.0,0.0,0.0,0.0,0.0,0.0,0.0,0.0,2.3,0.3,5.1,0.377,0.301088425558927,Active,starter,2026-09-06T20:32:23+00:00
2026,1,401872925,00-0033964,Al-Quadin Muhammad,TB,CIN,LB,0.0,0.0,0.0,0.0,0.0,0.0,0.0,0.0,0.0,0.0,0.0,0.0,0.0,0.0,0.0,0.0,0.0,0.0,1.2,0.0,3.8,0.15,0.1131451939831046,,backup,2026-09-06T20:32:23+00:00
2026,1,401872925,00-0033914,Alex Anzalone,TB,CIN,LB,0.0,0.0,0.0,0.0,0.0,0.0,0.0,0.0,0.0,0.0,0.0,0.0,0.0,0.0,0.0,0.0,0.0,0.0,0.0,0.0,0.0,0.0,0.0,,roster_only,2026-09-06T20:32:23+00:00
2026,1,401872925,00-0035254,Anthony Nelson,TB,CIN,LB,0.0,0.0,0.0,0.0,0.0,0.0,0.0,0.0,0.0,0.0,0.0,0.0,0.0,0.0,0.0,0.0,0.0,0.0,1.1,0.0,3.6,0.124,0.0983983114574542,,backup,2026-09-06T20:32:23+00:00
2026,1,401872925,00-0035942,Christian Rozeboom,TB,CIN,LB,0.0,0.0,0.0,0.0,0.0,0.0,0.0,0.0,0.0,0.0,0.0,0.0,0.0,0.0,0.0,0.0,0.0,0.0,0.0,0.0,0.0,0.0,0.0,,roster_only,2026-09-06T20:32:23+00:00
2026,1,401872925,00-0040158,David Walker,TB,CIN,LB,0.0,0.0,0.0,0.0,0.0,0.0,0.0,0.0,0.0,0.0,0.0,0.0,0.0,0.0,0.0,0.0,0.0,0.0,1.0,0.0,4.5,0.136,0.1050242543065939,Active,backup,2026-09-06T20:32:23+00:00
2026,1,401872925,00-0041424,Javin Wright,TB,CIN,LB,0.0,0.0,0.0,0.0,0.0,0.0,0.0,0.0,0.0,0.0,0.0,0.0,0.0,0.0,0.0,0.0,0.0,0.0,0.0,0.0,0.0,0.0,0.0,,roster_only,2026-09-06T20:32:23+00:00
2026,1,401872925,00-0041502,Josiah Trotter,TB,CIN,LB,0.0,0.0,0.0,0.0,0.0,0.0,0.0,0.0,0.0,0.0,0.0,0.0,0.0,0.0,0.0,0.0,0.0,0.0,0.0,0.0,0.0,0.0,0.0,,roster_only,2026-09-06T20:32:23+00:00
2026,1,401872925,00-0039877,Mohamed Kamara,TB,CIN,LB,0.0,0.0,0.0,0.0,0.0,0.0,0.0,0.0,0.0,0.0,0.0,0.0,0.0,0.0,0.0,0.0,0.0,0.0,0.0,0.0,0.0,0.0,0.0,Injured Reserve,backup,2026-09-06T20:32:23+00:00
2026,1,401872925,00-0041031,Rueben Bain Jr.,TB,CIN,LB,0.0,0.0,0.0,0.0,0.0,0.0,0.0,0.0,0.0,0.0,0.0,0.0,0.0,0.0,0.0,0.0,0.0,0.0,3.1,0.5,6.6,0.146,0.1105479982447969,Questionable,starter,2026-09-06T20:32:23+00:00
2026,1,401872925,00-0039049,SirVocea Dennis,TB,CIN,LB,0.0,0.0,0.0,0.0,0.0,0.0,0.0,0.0,0.0,0.0,0.0,0.0,0.0,0.0,0.0,0.0,0.0,0.0,0.0,0.0,0.0,0.0,0.0,,roster_only,2026-09-06T20:32:23+00:00
2026,1,401872925,00-0041434,Yasir Holmes,TB,CIN,LB,0.0,0.0,0.0,0.0,0.0,0.0,0.0,0.0,0.0,0.0,0.0,0.0,0.0,0.0,0.0,0.0,0.0,0.0,0.0,0.0,0.0,0.0,0.0,,roster_only,2026-09-06T20:32:23+00:00
2026,1,401872925,00-0039068,Yaya Diaby,TB,CIN,LB,0.0,0.0,0.0,0.0,0.0,0.0,0.0,0.0,0.0,0.0,0.0,0.0,0.0,0.0,0.0,0.0,0.0,0.0,2.9,0.0,7.1,0.423,0.3200775945683802,,starter,2026-09-06T20:32:23+00:00
2026,1,401872925,00-0035358,Chase McLaughlin,TB,CIN,PK,0.0,0.0,0.0,0.0,0.0,0.0,0.0,0.0,0.0,0.0,0.0,0.0,0.0,0.0,0.0,6.8,1.7,12.6,0.0,0.0,0.0,0.0,0.0,Active,starter,2026-09-06T20:32:23+00:00
2026,1,401872925,00-0034855,Baker Mayfield,TB,CIN,QB,240.2,149.0,346.4,1.589,0.8125,11.1,-0.3,29.1,0.237,0.217082052069167,0.0,0.0,0.0,0.0,0.0,0.0,0.0,0.0,0.0,0.0,0.0,0.0,0.0,Active,starter,2026-09-06T20:32:23+00:00
2026,1,401872925,00-0035282,Easton Stick,TB,CIN,QB,0.0,0.0,0.0,0.0,0.0,0.0,0.0,0.0,0.0,0.0,0.0,0.0,0.0,0.0,0.0,0.0,0.0,0.0,0.0,0.0,0.0,0.0,0.0,,roster_only,2026-09-06T20:32:23+00:00
2026,1,401872925,00-0041251,Jalon Daniels,TB,CIN,QB,0.0,0.0,0.0,0.0,0.0,7.4,-8.3,32.1,0.196,0.1712057358812569,0.0,0.0,0.0,0.0,0.0,0.0,0.0,0.0,0.0,0.0,0.0,0.0,0.0,Active,backup,2026-09-06T20:32:23+00:00
2026,1,401872925,00-0039361,Bucky Irving,TB,CIN,RB,0.0,0.0,0.0,0.0,0.0,54.3,33.4,87.1,0.464,0.3682373472949389,14.4,0.5,45.9,0.23,0.2068046632731312,0.0,0.0,0.0,0.0,0.0,0.0,0.0,0.0,Active,starter,2026-09-06T20:32:23+00:00
2026,1,401872925,00-0040429,Josh Williams,TB,CIN,RB,0.0,0.0,0.0,0.0,0.0,0.0,0.0,0.0,0.0,0.0,0.0,0.0,0.0,0.0,0.0,0.0,0.0,0.0,0.0,0.0,0.0,0.0,0.0,,roster_only,2026-09-06T20:32:23+00:00
2026,1,401872925,00-0036919,Kenny Gainwell,TB,CIN,RB,0.0,0.0,0.0,0.0,0.0,23.7,2.8,56.5,0.328,0.314147568493671,14.8,0.9,46.4,0.275,0.2477724706132286,0.0,0.0,0.0,0.0,0.0,0.0,0.0,0.0,Active,backup,2026-09-06T20:32:23+00:00
2026,1,401872925,00-0038951,Sean Tucker,TB,CIN,RB,0.0,0.0,0.0,0.0,0.0,10.6,-10.3,43.4,0.245,0.2267635867427381,0.0,-14.8,30.6,0.045,0.0424710424710424,0.0,0.0,0.0,0.0,0.0,0.0,0.0,0.0,Questionable,backup,2026-09-06T20:32:23+00:00
2026,1,401872925,00-0036411,Antoine Winfield Jr.,TB,CIN,S,0.0,0.0,0.0,0.0,0.0,0.0,0.0,0.0,0.0,0.0,0.0,0.0,0.0,0.0,0.0,0.0,0.0,0.0,6.1,3.4,9.5,0.382,0.3050085705689173,,starter,2026-09-06T20:32:23+00:00
2026,1,401872925,00-0036993,Ifeatu Melifonwu,TB,CIN,S,0.0,0.0,0.0,0.0,0.0,0.0,0.0,0.0,0.0,0.0,0.0,0.0,0.0,0.0,0.0,0.0,0.0,0.0,0.0,0.0,0.0,0.0,0.0,,roster_only,2026-09-06T20:32:23+00:00
2026,1,401872925,00-0040425,JJ Roberts,TB,CIN,S,0.0,0.0,0.0,0.0,0.0,0.0,0.0,0.0,0.0,0.0,0.0,0.0,0.0,0.0,0.0,0.0,0.0,0.0,0.0,0.0,0.0,0.0,0.0,Active,roster_only,2026-09-06T20:32:23+00:00
2026,1,401872925,00-0032399,Miles Killebrew,TB,CIN,S,0.0,0.0,0.0,0.0,0.0,0.0,0.0,0.0,0.0,0.0,0.0,0.0,0.0,0.0,0.0,0.0,0.0,0.0,1.0,0.0,3.4,0.004,0.0038797284190106,,backup,2026-09-06T20:32:23+00:00
2026,1,401872925,00-0040992,Silas Walters,TB,CIN,S,0.0,0.0,0.0,0.0,0.0,0.0,0.0,0.0,0.0,0.0,0.0,0.0,0.0,0.0,0.0,0.0,0.0,0.0,0.0,0.0,0.0,0.0,0.0,,roster_only,2026-09-06T20:32:23+00:00
2026,1,401872925,00-0039846,Tykee Smith,TB,CIN,S,0.0,0.0,0.0,0.0,0.0,0.0,0.0,0.0,0.0,0.0,0.0,0.0,0.0,0.0,0.0,0.0,0.0,0.0,4.4,2.2,7.0,0.016,0.0137029765283181,,starter,2026-09-06T20:32:23+00:00
2026,1,401872925,00-0031713,Xavier Williams,TB,CIN,S,0.0,0.0,0.0,0.0,0.0,0.0,0.0,0.0,0.0,0.0,0.0,0.0,0.0,0.0,0.0,0.0,0.0,0.0,0.0,0.0,0.0,0.0,0.0,Injured Reserve,backup,2026-09-06T20:32:23+00:00
2026,1,401872925,00-0041094,Bauer Sharp,TB,CIN,TE,0.0,0.0,0.0,0.0,0.0,0.0,-14.2,21.7,0.008,0.0071864111498257,2.5,-16.7,45.8,0.166,0.1500573470611154,0.0,0.0,0.0,0.0,0.0,0.0,0.0,0.0,,backup,2026-09-06T20:32:23+00:00
2026,1,401872925,00-0040566,CJ Dippre,TB,CIN,TE,0.0,0.0,0.0,0.0,0.0,0.0,0.0,0.0,0.0,0.0,0.0,0.0,0.0,0.0,0.0,0.0,0.0,0.0,0.0,0.0,0.0,0.0,0.0,,roster_only,2026-09-06T20:32:23+00:00
2026,1,401872925,00-0038129,Cade Otton,TB,CIN,TE,0.0,0.0,0.0,0.0,0.0,0.0,-10.4,15.8,0.008,0.0071864111498257,25.2,11.3,56.7,0.357,0.3255235085778228,0.0,0.0,0.0,0.0,0.0,0.0,0.0,0.0,Active,starter,2026-09-06T20:32:23+00:00
2026,1,401872925,00-0037311,Ko Kieft,TB,CIN,TE,0.0,0.0,0.0,0.0,0.0,0.0,-10.4,15.7,0.008,0.0071864111498257,0.7,-13.2,32.3,0.045,0.0424710424710424,0.0,0.0,0.0,0.0,0.0,0.0,0.0,0.0,,backup,2026-09-06T20:32:23+00:00
2026,1,401872925,00-0039050,Payne Durham,TB,CIN,TE,0.0,0.0,0.0,0.0,0.0,0.0,-10.4,15.7,0.008,0.0071864111498257,0.2,-13.7,31.7,0.072,0.0721880901498312,0.0,0.0,0.0,0.0,0.0,0.0,0.0,0.0,,backup,2026-09-06T20:32:23+00:00
2026,1,401872925,00-0033921,Chris Godwin Jr.,TB,CIN,WR,0.0,0.0,0.0,0.0,0.0,0.0,-10.2,15.9,0.008,0.0071864111498257,47.1,22.9,101.9,0.414,0.3423597678916827,0.0,0.0,0.0,0.0,0.0,0.0,0.0,0.0,Active,backup,2026-09-06T20:32:23+00:00
2026,1,401872925,00-0035359,David Sills V,TB,CIN,WR,0.0,0.0,0.0,0.0,0.0,0.0,0.0,0.0,0.0,0.0,0.0,0.0,0.0,0.0,0.0,0.0,0.0,0.0,0.0,0.0,0.0,0.0,0.0,Injured Reserve,backup,2026-09-06T20:32:23+00:00
2026,1,401872925,00-0041435,Dean Patterson,TB,CIN,WR,0.0,0.0,0.0,0.0,0.0,0.0,0.0,0.0,0.0,0.0,0.0,0.0,0.0,0.0,0.0,0.0,0.0,0.0,0.0,0.0,0.0,0.0,0.0,,roster_only,2026-09-06T20:32:23+00:00
2026,1,401872925,00-0040129,Emeka Egbuka,TB,CIN,WR,0.0,0.0,0.0,0.0,0.0,0.0,-10.2,15.9,0.008,0.0071864111498257,47.4,23.2,102.2,0.393,0.3423597678916827,0.0,0.0,0.0,0.0,0.0,0.0,0.0,0.0,Questionable,starter,2026-09-06T20:32:23+00:00
2026,1,401872925,00-0041257,Eric Rivers Jr.,TB,CIN,WR,0.0,0.0,0.0,0.0,0.0,0.0,0.0,0.0,0.0,0.0,0.0,0.0,0.0,0.0,0.0,0.0,0.0,0.0,0.0,0.0,0.0,0.0,0.0,,roster_only,2026-09-06T20:32:23+00:00
2026,1,401872925,00-0040419,Garrett Greene,TB,CIN,WR,0.0,0.0,0.0,0.0,0.0,0.0,0.0,0.0,0.0,0.0,0.0,0.0,0.0,0.0,0.0,0.0,0.0,0.0,0.0,0.0,0.0,0.0,0.0,,roster_only,2026-09-06T20:32:23+00:00
2026,1,401872925,00-0039855,Jalen McMillan,TB,CIN,WR,0.0,0.0,0.0,0.0,0.0,0.4,-9.8,16.4,0.024,0.0229904839374307,28.0,3.9,82.8,0.278,0.2508128681242471,0.0,0.0,0.0,0.0,0.0,0.0,0.0,0.0,Questionable,backup,2026-09-06T20:32:23+00:00
2026,1,401872925,00-0039589,Kameron Johnson,TB,CIN,WR,0.0,0.0,0.0,0.0,0.0,0.0,-10.1,16.0,0.008,0.0071864111498257,0.0,-15.2,30.2,0.045,0.0424710424710424,0.0,0.0,0.0,0.0,0.0,0.0,0.0,0.0,,backup,2026-09-06T20:32:23+00:00
2026,1,401872925,00-0041048,Ted Hurst III,TB,CIN,WR,0.0,0.0,0.0,0.0,0.0,0.0,-14.1,21.9,0.008,0.0071864111498257,4.5,-14.6,47.9,0.135,0.1146637718498724,0.0,0.0,0.0,0.0,0.0,0.0,0.0,0.0,Active,backup,2026-09-06T20:32:23+00:00
2026,1,401872925,00-0040237,Tez Johnson,TB,CIN,WR,0.0,0.0,0.0,0.0,0.0,0.1,-10.0,16.1,0.008,0.0071864111498257,5.3,-8.6,36.9,0.164,0.1487192566835844,0.0,0.0,0.0,0.0,0.0,0.0,0.0,0.0,Active,backup,2026-09-06T20:32:23+00:00
2026,1,401872926,00-0038877,D'Shawn Jamison,ARI,LAC,CB,0.0,0.0,0.0,0.0,0.0,0.0,0.0,0.0,0.0,0.0,0.0,0.0,0.0,0.0,0.0,0.0,0.0,0.0,0.0,0.0,0.0,0.0,0.0,,roster_only,2026-09-06T20:32:23+00:00
2026,1,401872926,00-0040195,Denzel Burke,ARI,LAC,CB,0.0,0.0,0.0,0.0,0.0,0.0,0.0,0.0,0.0,0.0,0.0,0.0,0.0,0.0,0.0,0.0,0.0,0.0,4.0,1.3,7.5,0.02,0.0170143347991742,,starter,2026-09-06T20:32:23+00:00
2026,1,401872926,00-0039007,Garrett Williams,ARI,LAC,CB,0.0,0.0,0.0,0.0,0.0,0.0,0.0,0.0,0.0,0.0,0.0,0.0,0.0,0.0,0.0,0.0,0.0,0.0,3.7,1.4,6.3,0.017,0.014654174512238,Active,starter,2026-09-06T20:32:23+00:00
2026,1,401872926,00-0039239,Kalen King,ARI,LAC,CB,0.0,0.0,0.0,0.0,0.0,0.0,0.0,0.0,0.0,0.0,0.0,0.0,0.0,0.0,0.0,0.0,0.0,0.0,0.0,0.0,0.0,0.0,0.0,,roster_only,2026-09-06T20:32:23+00:00
2026,1,401872926,00-0038984,Kei'Trel Clark,ARI,LAC,CB,0.0,0.0,0.0,0.0,0.0,0.0,0.0,0.0,0.0,0.0,0.0,0.0,0.0,0.0,0.0,0.0,0.0,0.0,0.8,0.0,3.3,0.004,0.0038797284190106,,backup,2026-09-06T20:32:23+00:00
2026,1,401872926,00-0039807,Max Melton,ARI,LAC,CB,0.0,0.0,0.0,0.0,0.0,0.0,0.0,0.0,0.0,0.0,0.0,0.0,0.0,0.0,0.0,0.0,0.0,0.0,1.0,0.0,3.7,0.005,0.0039674393937488,,backup,2026-09-06T20:32:23+00:00
2026,1,401872926,00-0038663,Starling Thomas V,ARI,LAC,CB,0.0,0.0,0.0,0.0,0.0,0.0,0.0,0.0,0.0,0.0,0.0,0.0,0.0,0.0,0.0,0.0,0.0,0.0,0.0,0.0,0.0,0.0,0.0,,roster_only,2026-09-06T20:32:23+00:00
2026,1,401872926,00-0040751,Will Johnson,ARI,LAC,CB,0.0,0.0,0.0,0.0,0.0,0.0,0.0,0.0,0.0,0.0,0.0,0.0,0.0,0.0,0.0,0.0,0.0,0.0,3.4,0.7,6.9,0.02,0.0170526564246179,Questionable,starter,2026-09-06T20:32:23+00:00
2026,1,401872926,00-0039854,Darius Robinson,ARI,LAC,DE,0.0,0.0,0.0,0.0,0.0,0.0,0.0,0.0,0.0,0.0,0.0,0.0,0.0,0.0,0.0,0.0,0.0,0.0,2.6,0.7,5.1,0.149,0.1126188985314938,,starter,2026-09-06T20:32:23+00:00
2026,1,401872926,00-0040283,Jared Harrison-Hunte,ARI,LAC,DE,0.0,0.0,0.0,0.0,0.0,0.0,0.0,0.0,0.0,0.0,0.0,0.0,0.0,0.0,0.0,0.0,0.0,0.0,0.0,0.0,0.0,0.0,0.0,,roster_only,2026-09-06T20:32:23+00:00
2026,1,401872926,00-0035636,L.J. Collier,ARI,LAC,DE,0.0,0.0,0.0,0.0,0.0,0.0,0.0,0.0,0.0,0.0,0.0,0.0,0.0,0.0,0.0,0.0,0.0,0.0,1.1,0.0,3.6,0.103,0.0826218335185305,,backup,2026-09-06T20:32:23+00:00
2026,1,401872926,00-0033066,Andrew Billings,ARI,LAC,DT,0.0,0.0,0.0,0.0,0.0,0.0,0.0,0.0,0.0,0.0,0.0,0.0,0.0,0.0,0.0,0.0,0.0,0.0,1.2,0.0,3.8,0.062,0.051552646711529,,backup,2026-09-06T20:32:23+00:00
2026,1,401872926,00-0040517,Cam Horsley,ARI,LAC,DT,0.0,0.0,0.0,0.0,0.0,0.0,0.0,0.0,0.0,0.0,0.0,0.0,0.0,0.0,0.0,0.0,0.0,0.0,0.0,0.0,0.0,0.0,0.0,,roster_only,2026-09-06T20:32:23+00:00
2026,1,401872926,00-0041369,Damonic Williams,ARI,LAC,DT,0.0,0.0,0.0,0.0,0.0,0.0,0.0,0.0,0.0,0.0,0.0,0.0,0.0,0.0,0.0,0.0,0.0,0.0,0.0,0.0,0.0,0.0,0.0,,roster_only,2026-09-06T20:32:23+00:00
2026,1,401872926,00-0038623,Dante Stills,ARI,LAC,DT,0.0,0.0,0.0,0.0,0.0,0.0,0.0,0.0,0.0,0.0,0.0,0.0,0.0,0.0,0.0,0.0,0.0,0.0,1.8,0.0,4.2,0.156,0.1161430540961747,,backup,2026-09-06T20:32:23+00:00
2026,1,401872926,00-0041555,Kaleb Proctor,ARI,LAC,DT,0.0,0.0,0.0,0.0,0.0,0.0,0.0,0.0,0.0,0.0,0.0,0.0,0.0,0.0,0.0,0.0,0.0,0.0,0.0,0.0,0.0,0.0,0.0,,backup,2026-09-06T20:32:23+00:00
2026,1,401872926,00-0036568,Roy Lopez,ARI,LAC,DT,0.0,0.0,0.0,0.0,0.0,0.0,0.0,0.0,0.0,0.0,0.0,0.0,0.0,0.0,0.0,0.0,0.0,0.0,2.0,0.1,4.6,0.075,0.0612682142138969,,starter,2026-09-06T20:32:23+00:00
2026,1,401872926,00-0040706,Walter Nolen III,ARI,LAC,DT,0.0,0.0,0.0,0.0,0.0,0.0,0.0,0.0,0.0,0.0,0.0,0.0,0.0,0.0,0.0,0.0,0.0,0.0,1.7,0.0,4.0,0.242,0.1935124469155255,,starter,2026-09-06T20:32:23+00:00
2026,1,401872926,00-0037804,Zachary Carter,ARI,LAC,DT,0.0,0.0,0.0,0.0,0.0,0.0,0.0,0.0,0.0,0.0,0.0,0.0,0.0,0.0,0.0,0.0,0.0,0.0,0.0,0.0,0.0,0.0,0.0,Injured Reserve,backup,2026-09-06T20:32:23+00:00
2026,1,401872926,00-0036995,Baron Browning,ARI,LAC,LB,0.0,0.0,0.0,0.0,0.0,0.0,0.0,0.0,0.0,0.0,0.0,0.0,0.0,0.0,0.0,0.0,0.0,0.0,1.8,0.0,4.3,0.086,0.0685629835023523,,backup,2026-09-06T20:32:23+00:00
2026,1,401872926,00-0040645,Cody Simon,ARI,LAC,LB,0.0,0.0,0.0,0.0,0.0,0.0,0.0,0.0,0.0,0.0,0.0,0.0,0.0,0.0,0.0,0.0,0.0,0.0,6.7,4.3,11.5,0.202,0.158291823003861,,starter,2026-09-06T20:32:23+00:00
2026,1,401872926,00-0038782,Eku Leota,ARI,LAC,LB,0.0,0.0,0.0,0.0,0.0,0.0,0.0,0.0,0.0,0.0,0.0,0.0,0.0,0.0,0.0,0.0,0.0,0.0,0.7,0.0,3.2,0.06,0.0502106258504603,,backup,2026-09-06T20:32:23+00:00
2026,1,401872926,00-0040299,Eugene Asante,ARI,LAC,LB,0.0,0.0,0.0,0.0,0.0,0.0,0.0,0.0,0.0,0.0,0.0,0.0,0.0,0.0,0.0,0.0,0.0,0.0,0.0,0.0,0.0,0.0,0.0,,roster_only,2026-09-06T20:32:23+00:00
2026,1,401872926,00-0037596,Jack Gibbens,ARI,LAC,LB,0.0,0.0,0.0,0.0,0.0,0.0,0.0,0.0,0.0,0.0,0.0,0.0,0.0,0.0,0.0,0.0,0.0,0.0,3.4,0.3,7.5,0.025,0.0211694165421304,,backup,2026-09-06T20:32:23+00:00
2026,1,401872926,00-0040137,Jordan Burch,ARI,LAC,LB,0.0,0.0,0.0,0.0,0.0,0.0,0.0,0.0,0.0,0.0,0.0,0.0,0.0,0.0,0.0,0.0,0.0,0.0,1.6,0.0,4.0,0.132,0.1029410721554197,,backup,2026-09-06T20:32:23+00:00
2026,1,401872926,00-0034381,Josh Sweat,ARI,LAC,LB,0.0,0.0,0.0,0.0,0.0,0.0,0.0,0.0,0.0,0.0,0.0,0.0,0.0,0.0,0.0,0.0,0.0,0.0,1.4,0.0,3.9,0.253,0.2032793088100989,Active,starter,2026-09-06T20:32:23+00:00
2026,1,401872926,00-0041093,Karson Sharar,ARI,LAC,LB,0.0,0.0,0.0,0.0,0.0,0.0,0.0,0.0,0.0,0.0,0.0,0.0,0.0,0.0,0.0,0.0,0.0,0.0,1.5,0.0,5.0,0.136,0.1053741856282128,,backup,2026-09-06T20:32:23+00:00
2026,1,401872926,00-0035144,Mack Wilson Sr.,ARI,LAC,LB,0.0,0.0,0.0,0.0,0.0,0.0,0.0,0.0,0.0,0.0,0.0,0.0,0.0,0.0,0.0,0.0,0.0,0.0,5.4,2.2,9.4,0.112,0.0907832308158519,,starter,2026-09-06T20:32:23+00:00
2026,1,401872926,00-0036933,Zaven Collins,ARI,LAC,LB,0.0,0.0,0.0,0.0,0.0,0.0,0.0,0.0,0.0,0.0,0.0,0.0,0.0,0.0,0.0,0.0,0.0,0.0,3.2,1.2,5.6,0.081,0.0652394992853961,,starter,2026-09-06T20:32:23+00:00
2026,1,401872926,00-0038567,Chad Ryland,ARI,LAC,PK,0.0,0.0,0.0,0.0,0.0,0.0,0.0,0.0,0.0,0.0,0.0,0.0,0.0,0.0,0.0,6.9,2.2,12.4,0.0,0.0,0.0,0.0,0.0,Active,starter,2026-09-06T20:32:23+00:00
2026,1,401872926,00-0041561,Carson Beck,ARI,LAC,QB,0.0,0.0,0.0,0.0,0.0,6.7,-9.0,31.4,0.047,0.047380519504798,0.0,0.0,0.0,0.0,0.0,0.0,0.0,0.0,0.0,0.0,0.0,0.0,0.0,Active,backup,2026-09-06T20:32:23+00:00
2026,1,401872926,00-0035289,Gardner Minshew II,ARI,LAC,QB,0.0,0.0,0.0,0.0,0.0,5.1,-5.1,21.1,0.032,0.03212836459102,0.0,0.0,0.0,0.0,0.0,0.0,0.0,0.0,0.0,0.0,0.0,0.0,0.0,Active,backup,2026-09-06T20:32:23+00:00
2026,1,401872926,00-0033119,Jacoby Brissett,ARI,LAC,QB,202.9,111.7,309.0,1.317,0.7224953785364218,4.8,-5.3,20.8,0.042,0.0434308745663362,0.0,0.0,0.0,0.0,0.0,0.0,0.0,0.0,0.0,0.0,0.0,0.0,0.0,Active,starter,2026-09-06T20:32:23+00:00
2026,1,401872926,00-0037157,Bam Knight,ARI,LAC,RB,0.0,0.0,0.0,0.0,0.0,12.7,-8.2,45.5,0.15,0.1328571935837337,3.8,-10.1,35.3,0.076,0.0754097117013371,0.0,0.0,0.0,0.0,0.0,0.0,0.0,0.0,,backup,2026-09-06T20:32:23+00:00
2026,1,401872926,00-0038397,Evan Hull,ARI,LAC,RB,0.0,0.0,0.0,0.0,0.0,0.0,0.0,0.0,0.0,0.0,0.0,0.0,0.0,0.0,0.0,0.0,0.0,0.0,0.0,0.0,0.0,0.0,0.0,,roster_only,2026-09-06T20:32:23+00:00
2026,1,401872926,00-0033553,James Conner,ARI,LAC,RB,0.0,0.0,0.0,0.0,0.0,0.0,0.0,0.0,0.0,0.0,0.0,0.0,0.0,0.0,0.0,0.0,0.0,0.0,0.0,0.0,0.0,0.0,0.0,Injured Reserve,backup,2026-09-06T20:32:23+00:00
2026,1,401872926,00-0041027,Jeremiyah Love,ARI,LAC,RB,0.0,0.0,0.0,0.0,0.0,25.0,-3.7,70.1,0.028,0.0278518190016916,4.5,-14.7,47.8,0.08,0.07849883853546,0.0,0.0,0.0,0.0,0.0,0.0,0.0,0.0,Questionable,starter,2026-09-06T20:32:23+00:00
2026,1,401872926,00-0039921,Trey Benson,ARI,LAC,RB,0.0,0.0,0.0,0.0,0.0,0.0,0.0,0.0,0.0,0.0,0.0,0.0,0.0,0.0,0.0,0.0,0.0,0.0,0.0,0.0,0.0,0.0,0.0,Injured Reserve,backup,2026-09-06T20:32:23+00:00
2026,1,401872926,00-0037263,Tyler Allgeier,ARI,LAC,RB,0.0,0.0,0.0,0.0,0.0,30.6,9.7,63.4,0.127,0.1147680089548828,2.5,-11.4,34.0,0.098,0.0914256481049642,0.0,0.0,0.0,0.0,0.0,0.0,0.0,0.0,Active,backup,2026-09-06T20:32:23+00:00
2026,1,401872926,00-0035378,Andrew Wingard,ARI,LAC,S,0.0,0.0,0.0,0.0,0.0,0.0,0.0,0.0,0.0,0.0,0.0,0.0,0.0,0.0,0.0,0.0,0.0,0.0,5.1,2.3,8.5,0.018,0.0153145896794847,,starter,2026-09-06T20:32:23+00:00
2026,1,401872926,00-0033890,Budda Baker,ARI,LAC,S,0.0,0.0,0.0,0.0,0.0,0.0,0.0,0.0,0.0,0.0,0.0,0.0,0.0,0.0,0.0,0.0,0.0,0.0,6.7,4.1,10.3,0.025,0.0214514400486758,,starter,2026-09-06T20:32:23+00:00
2026,1,401872926,00-0039864,Dadrion Taylor-Demerson,ARI,LAC,S,0.0,0.0,0.0,0.0,0.0,0.0,0.0,0.0,0.0,0.0,0.0,0.0,0.0,0.0,0.0,0.0,0.0,0.0,2.4,0.0,6.0,0.016,0.0135052196595156,Questionable,backup,2026-09-06T20:32:23+00:00
2026,1,401872926,00-0037141,Joey Blount,ARI,LAC,S,0.0,0.0,0.0,0.0,0.0,0.0,0.0,0.0,0.0,0.0,0.0,0.0,0.0,0.0,0.0,0.0,0.0,0.0,0.0,0.0,0.0,0.0,0.0,,backup,2026-09-06T20:32:23+00:00
2026,1,401872926,00-0040230,Kitan Crawford,ARI,LAC,S,0.0,0.0,0.0,0.0,0.0,0.0,0.0,0.0,0.0,0.0,0.0,0.0,0.0,0.0,0.0,0.0,0.0,0.0,1.3,0.0,4.1,0.01,0.0077227309456368,,backup,2026-09-06T20:32:23+00:00
2026,1,401872926,00-0041370,Wydett Williams Jr.,ARI,LAC,S,0.0,0.0,0.0,0.0,0.0,0.0,0.0,0.0,0.0,0.0,0.0,0.0,0.0,0.0,0.0,0.0,0.0,0.0,1.6,0.0,5.4,0.012,0.0095148469173439,,backup,2026-09-06T20:32:23+00:00
2026,1,401872926,00-0039041,Elijah Higgins,ARI,LAC,TE,0.0,0.0,0.0,0.0,0.0,0.0,-10.4,15.8,0.008,0.0071864111498257,10.9,-3.0,42.5,0.153,0.1354415199223678,0.0,0.0,0.0,0.0,0.0,0.0,0.0,0.0,Active,backup,2026-09-06T20:32:23+00:00
2026,1,401872926,00-0037004,Hunter Long,ARI,LAC,TE,0.0,0.0,0.0,0.0,0.0,0.0,-10.4,15.7,0.008,0.0071864111498257,5.4,-8.5,37.0,0.16,0.14338290133584,0.0,0.0,0.0,0.0,0.0,0.0,0.0,0.0,Active,backup,2026-09-06T20:32:23+00:00
2026,1,401872926,00-0041366,Jameson Geers,ARI,LAC,TE,0.0,0.0,0.0,0.0,0.0,0.0,0.0,0.0,0.0,0.0,0.0,0.0,0.0,0.0,0.0,0.0,0.0,0.0,0.0,0.0,0.0,0.0,0.0,,backup,2026-09-06T20:32:23+00:00
2026,1,401872926,00-0039550,Shawn Bowman,ARI,LAC,TE,0.0,0.0,0.0,0.0,0.0,0.0,0.0,0.0,0.0,0.0,0.0,0.0,0.0,0.0,0.0,0.0,0.0,0.0,0.0,0.0,0.0,0.0,0.0,,roster_only,2026-09-06T20:32:23+00:00
2026,1,401872926,00-0037277,Teagan Quitoriano,ARI,LAC,TE,0.0,0.0,0.0,0.0,0.0,0.0,0.0,0.0,0.0,0.0,0.0,0.0,0.0,0.0,0.0,0.0,0.0,0.0,0.0,0.0,0.0,0.0,0.0,,roster_only,2026-09-06T20:32:23+00:00
2026,1,401872926,00-0039737,Tip Reiman,ARI,LAC,TE,0.0,0.0,0.0,0.0,0.0,0.0,0.0,0.0,0.0,0.0,0.0,0.0,0.0,0.0,0.0,0.0,0.0,0.0,0.0,0.0,0.0,0.0,0.0,Out,backup,2026-09-06T20:32:23+00:00
2026,1,401872926,00-0037744,Trey McBride,ARI,LAC,TE,0.0,0.0,0.0,0.0,0.0,0.0,-10.3,15.8,0.008,0.0071864111498257,62.2,44.6,102.0,0.414,0.3423597678916827,0.0,0.0,0.0,0.0,0.0,0.0,0.0,0.0,Active,starter,2026-09-06T20:32:23+00:00
2026,1,401872926,00-0036331,Devin Duvernay,ARI,LAC,WR,0.0,0.0,0.0,0.0,0.0,0.0,-10.2,15.9,0.008,0.0071864111498257,1.3,-12.6,32.9,0.089,0.085703558174828,0.0,0.0,0.0,0.0,0.0,0.0,0.0,0.0,,backup,2026-09-06T20:32:23+00:00
2026,1,401872926,00-0041368,Harrison Wallace III,ARI,LAC,WR,0.0,0.0,0.0,0.0,0.0,0.0,0.0,0.0,0.0,0.0,0.0,0.0,0.0,0.0,0.0,0.0,0.0,0.0,0.0,0.0,0.0,0.0,0.0,,roster_only,2026-09-06T20:32:23+00:00
2026,1,401872926,00-0036635,Ihmir Smith-Marsette,ARI,LAC,WR,0.0,0.0,0.0,0.0,0.0,0.0,0.0,0.0,0.0,0.0,0.0,0.0,0.0,0.0,0.0,0.0,0.0,0.0,0.0,0.0,0.0,0.0,0.0,,roster_only,2026-09-06T20:32:23+00:00
2026,1,401872926,00-0038640,Jalen Brooks,ARI,LAC,WR,0.0,0.0,0.0,0.0,0.0,0.0,-10.3,15.8,0.008,0.0071864111498257,5.7,-8.2,37.3,0.075,0.074403414727163,0.0,0.0,0.0,0.0,0.0,0.0,0.0,0.0,Active,backup,2026-09-06T20:32:23+00:00
2026,1,401872926,00-0033307,Kendrick Bourne,ARI,LAC,WR,0.0,0.0,0.0,0.0,0.0,0.0,-10.3,15.8,0.008,0.0071864111498257,11.1,-2.8,42.6,0.209,0.1879245222112135,0.0,0.0,0.0,0.0,0.0,0.0,0.0,0.0,,backup,2026-09-06T20:32:23+00:00
2026,1,401872926,00-0039849,Marvin Harrison Jr.,ARI,LAC,WR,0.0,0.0,0.0,0.0,0.0,0.0,-10.3,15.8,0.008,0.0071864111498257,26.0,12.1,57.5,0.322,0.2926970003314307,0.0,0.0,0.0,0.0,0.0,0.0,0.0,0.0,Active,starter,2026-09-06T20:32:23+00:00
2026,1,401872926,00-0038559,Michael Wilson,ARI,LAC,WR,0.0,0.0,0.0,0.0,0.0,0.0,-10.3,15.9,0.008,0.0071864111498257,40.4,16.2,95.2,0.32,0.2910748304459433,0.0,0.0,0.0,0.0,0.0,0.0,0.0,0.0,Active,backup,2026-09-06T20:32:23+00:00
2026,1,401872926,00-0041070,Reggie Virgil,ARI,LAC,WR,0.0,0.0,0.0,0.0,0.0,0.0,-14.1,21.8,0.008,0.0071864111498257,3.6,-15.5,47.0,0.102,0.0921431827268203,0.0,0.0,0.0,0.0,0.0,0.0,0.0,0.0,Active,backup,2026-09-06T20:32:23+00:00
2026,1,401872926,00-0036646,Simi Fehoko,ARI,LAC,WR,0.0,0.0,0.0,0.0,0.0,0.0,-10.1,16.0,0.008,0.0071864111498257,2.5,-11.5,34.0,0.045,0.0424710424710424,0.0,0.0,0.0,0.0,0.0,0.0,0.0,0.0,,backup,2026-09-06T20:32:23+00:00
2026,1,401872926,00-0039521,Xavier Weaver,ARI,LAC,WR,0.0,0.0,0.0,0.0,0.0,0.0,-10.3,15.9,0.008,0.0071864111498257,9.1,-4.8,40.6,0.153,0.1359000954346647,0.0,0.0,0.0,0.0,0.0,0.0,0.0,0.0,,roster_only,2026-09-06T20:32:23+00:00
2026,1,401872926,00-0039369,Cam Hart,LAC,ARI,CB,0.0,0.0,0.0,0.0,0.0,0.0,0.0,0.0,0.0,0.0,0.0,0.0,0.0,0.0,0.0,0.0,0.0,0.0,3.8,1.1,7.2,0.019,0.0162436174117182,,starter,2026-09-06T20:32:23+00:00
2026,1,401872926,00-0037320,Deane Leonard,LAC,ARI,CB,0.0,0.0,0.0,0.0,0.0,0.0,0.0,0.0,0.0,0.0,0.0,0.0,0.0,0.0,0.0,0.0,0.0,0.0,0.8,0.0,3.3,0.004,0.0038797284190106,,backup,2026-09-06T20:32:23+00:00
2026,1,401872926,00-0034356,Donte Jackson,LAC,ARI,CB,0.0,0.0,0.0,0.0,0.0,0.0,0.0,0.0,0.0,0.0,0.0,0.0,0.0,0.0,0.0,0.0,0.0,0.0,2.6,0.5,5.3,0.01,0.0080112798442383,,starter,2026-09-06T20:32:23+00:00
2026,1,401872926,00-0036992,Elijah Molden,LAC,ARI,CB,0.0,0.0,0.0,0.0,0.0,0.0,0.0,0.0,0.0,0.0,0.0,0.0,0.0,0.0,0.0,0.0,0.0,0.0,4.2,1.9,6.8,0.014,0.0115287213868023,,starter,2026-09-06T20:32:23+00:00
2026,1,401872926,00-0037242,Kaiir Elam,LAC,ARI,CB,0.0,0.0,0.0,0.0,0.0,0.0,0.0,0.0,0.0,0.0,0.0,0.0,0.0,0.0,0.0,0.0,0.0,0.0,0.0,0.0,0.0,0.0,0.0,,roster_only,2026-09-06T20:32:23+00:00
2026,1,401872926,00-0040471,Nikko Reed,LAC,ARI,CB,0.0,0.0,0.0,0.0,0.0,0.0,0.0,0.0,0.0,0.0,0.0,0.0,0.0,0.0,0.0,0.0,0.0,0.0,0.0,0.0,0.0,0.0,0.0,Active,roster_only,2026-09-06T20:32:23+00:00
2026,1,401872926,00-0041381,Rodney Shelley,LAC,ARI,CB,0.0,0.0,0.0,0.0,0.0,0.0,0.0,0.0,0.0,0.0,0.0,0.0,0.0,0.0,0.0,0.0,0.0,0.0,1.8,0.0,5.8,0.015,0.0123768282844984,,backup,2026-09-06T20:32:23+00:00
2026,1,401872926,00-0039366,Tarheeb Still,LAC,ARI,CB,0.0,0.0,0.0,0.0,0.0,0.0,0.0,0.0,0.0,0.0,0.0,0.0,0.0,0.0,0.0,0.0,0.0,0.0,4.0,1.3,7.4,0.022,0.0191365822723903,,starter,2026-09-06T20:32:23+00:00
2026,1,401872926,00-0033546,Dalvin Tomlinson,LAC,ARI,DT,0.0,0.0,0.0,0.0,0.0,0.0,0.0,0.0,0.0,0.0,0.0,0.0,0.0,0.0,0.0,0.0,0.0,0.0,1.8,0.0,4.3,0.108,0.0873981133194366,,starter,2026-09-06T20:32:23+00:00
2026,1,401872926,00-0040144,Jamaree Caldwell,LAC,ARI,DT,0.0,0.0,0.0,0.0,0.0,0.0,0.0,0.0,0.0,0.0,0.0,0.0,0.0,0.0,0.0,0.0,0.0,0.0,1.8,0.0,4.3,0.269,0.2169961653015873,,starter,2026-09-06T20:32:23+00:00
2026,1,401872926,00-0039743,Jordan Jefferson,LAC,ARI,DT,0.0,0.0,0.0,0.0,0.0,0.0,0.0,0.0,0.0,0.0,0.0,0.0,0.0,0.0,0.0,0.0,0.0,0.0,0.0,0.0,0.0,0.0,0.0,,roster_only,2026-09-06T20:32:23+00:00
2026,1,401872926,00-0039835,Justin Eboigbe,LAC,ARI,DT,0.0,0.0,0.0,0.0,0.0,0.0,0.0,0.0,0.0,0.0,0.0,0.0,0.0,0.0,0.0,0.0,0.0,0.0,1.1,0.0,3.6,0.266,0.2144150765010513,,backup,2026-09-06T20:32:23+00:00
2026,1,401872926,00-0041072,Nick Barrett,LAC,ARI,DT,0.0,0.0,0.0,0.0,0.0,0.0,0.0,0.0,0.0,0.0,0.0,0.0,0.0,0.0,0.0,0.0,0.0,0.0,1.1,0.0,4.6,0.215,0.1698513845616938,,backup,2026-09-06T20:32:23+00:00
2026,1,401872926,00-0036181,Teair Tart,LAC,ARI,DT,0.0,0.0,0.0,0.0,0.0,0.0,0.0,0.0,0.0,0.0,0.0,0.0,0.0,0.0,0.0,0.0,0.0,0.0,2.0,0.1,4.5,0.079,0.0636902199962514,,starter,2026-09-06T20:32:23+00:00
2026,1,401872926,00-0041386,Terry Webb,LAC,ARI,DT,0.0,0.0,0.0,0.0,0.0,0.0,0.0,0.0,0.0,0.0,0.0,0.0,0.0,0.0,0.0,0.0,0.0,0.0,0.0,0.0,0.0,0.0,0.0,,roster_only,2026-09-06T20:32:23+00:00
2026,1,401872926,00-0035125,Alec Ingold,LAC,ARI,FB,0.0,0.0,0.0,0.0,0.0,3.5,-6.7,19.4,0.032,0.0322502289914785,6.2,-7.7,37.8,0.204,0.1830544668056416,0.0,0.0,0.0,0.0,0.0,0.0,0.0,0.0,,starter,2026-09-06T20:32:23+00:00
2026,1,401872926,00-0038614,Scott Matlock,LAC,ARI,FB,0.0,0.0,0.0,0.0,0.0,0.0,0.0,0.0,0.0,0.0,0.0,0.0,0.0,0.0,0.0,0.0,0.0,0.0,0.0,0.0,0.0,0.0,0.0,Injured Reserve,backup,2026-09-06T20:32:23+00:00
2026,1,401872926,00-0041544,Akheem Mesidor,LAC,ARI,LB,0.0,0.0,0.0,0.0,0.0,0.0,0.0,0.0,0.0,0.0,0.0,0.0,0.0,0.0,0.0,0.0,0.0,0.0,1.6,0.0,5.0,0.147,0.1112485269925655,,backup,2026-09-06T20:32:23+00:00
2026,1,401872926,00-0038801,Andre Carter II,LAC,ARI,LB,0.0,0.0,0.0,0.0,0.0,0.0,0.0,0.0,0.0,0.0,0.0,0.0,0.0,0.0,0.0,0.0,0.0,0.0,0.0,0.0,0.0,0.0,0.0,,roster_only,2026-09-06T20:32:23+00:00
2026,1,401872926,00-0032146,Bud Dupree,LAC,ARI,LB,0.0,0.0,0.0,0.0,0.0,0.0,0.0,0.0,0.0,0.0,0.0,0.0,0.0,0.0,0.0,0.0,0.0,0.0,1.1,0.0,3.6,0.249,0.2000309343152899,,backup,2026-09-06T20:32:23+00:00
2026,1,401872926,00-0038851,Caleb Murphy,LAC,ARI,LB,0.0,0.0,0.0,0.0,0.0,0.0,0.0,0.0,0.0,0.0,0.0,0.0,0.0,0.0,0.0,0.0,0.0,0.0,0.0,0.0,0.0,0.0,0.0,,roster_only,2026-09-06T20:32:23+00:00
2026,1,401872926,00-0038553,Daiyan Henley,LAC,ARI,LB,0.0,0.0,0.0,0.0,0.0,0.0,0.0,0.0,0.0,0.0,0.0,0.0,0.0,0.0,0.0,0.0,0.0,0.0,0.0,0.0,0.0,0.0,0.0,,roster_only,2026-09-06T20:32:23+00:00
2026,1,401872926,00-0035202,Del'Shawn Phillips,LAC,ARI,LB,0.0,0.0,0.0,0.0,0.0,0.0,0.0,0.0,0.0,0.0,0.0,0.0,0.0,0.0,0.0,0.0,0.0,0.0,0.0,0.0,0.0,0.0,0.0,,roster_only,2026-09-06T20:32:23+00:00
2026,1,401872926,00-0032103,Denzel Perryman,LAC,ARI,LB,0.0,0.0,0.0,0.0,0.0,0.0,0.0,0.0,0.0,0.0,0.0,0.0,0.0,0.0,0.0,0.0,0.0,0.0,0.0,0.0,0.0,0.0,0.0,Injured Reserve,roster_only,2026-09-06T20:32:23+00:00
2026,1,401872926,00-0039346,Junior Colson,LAC,ARI,LB,0.0,0.0,0.0,0.0,0.0,0.0,0.0,0.0,0.0,0.0,0.0,0.0,0.0,0.0,0.0,0.0,0.0,0.0,0.0,0.0,0.0,0.0,0.0,Active,roster_only,2026-09-06T20:32:23+00:00
2026,1,401872926,00-0031040,Khalil Mack,LAC,ARI,LB,0.0,0.0,0.0,0.0,0.0,0.0,0.0,0.0,0.0,0.0,0.0,0.0,0.0,0.0,0.0,0.0,0.0,0.0,3.1,0.0,7.2,0.436,0.3200775945683802,,starter,2026-09-06T20:32:23+00:00
2026,1,401872926,00-0041372,Lander Barton,LAC,ARI,LB,0.0,0.0,0.0,0.0,0.0,0.0,0.0,0.0,0.0,0.0,0.0,0.0,0.0,0.0,0.0,0.0,0.0,0.0,0.0,0.0,0.0,0.0,0.0,,roster_only,2026-09-06T20:32:23+00:00
2026,1,401872926,00-0040460,Marlowe Wax,LAC,ARI,LB,0.0,0.0,0.0,0.0,0.0,0.0,0.0,0.0,0.0,0.0,0.0,0.0,0.0,0.0,0.0,0.0,0.0,0.0,0.0,0.0,0.0,0.0,0.0,,roster_only,2026-09-06T20:32:23+00:00
2026,1,401872926,00-0036338,Troy Dye,LAC,ARI,LB,0.0,0.0,0.0,0.0,0.0,0.0,0.0,0.0,0.0,0.0,0.0,0.0,0.0,0.0,0.0,0.0,0.0,0.0,0.0,0.0,0.0,0.0,0.0,,roster_only,2026-09-06T20:32:23+00:00
2026,1,401872926,00-0039111,Tuli Tuipulotu,LAC,ARI,LB,0.0,0.0,0.0,0.0,0.0,0.0,0.0,0.0,0.0,0.0,0.0,0.0,0.0,0.0,0.0,0.0,0.0,0.0,3.1,0.0,7.2,0.365,0.2926151385889552,,starter,2026-09-06T20:32:23+00:00
2026,1,401872926,00-0037224,Cameron Dicker,LAC,ARI,PK,0.0,0.0,0.0,0.0,0.0,0.0,0.0,0.0,0.0,0.0,0.0,0.0,0.0,0.0,0.0,7.7,2.6,13.5,0.0,0.0,0.0,0.0,0.0,Questionable,starter,2026-09-06T20:32:23+00:00
2026,1,401872926,00-0040464,DJ Uiagalelei,LAC,ARI,QB,0.0,0.0,0.0,0.0,0.0,0.0,0.0,0.0,0.0,0.0,0.0,0.0,0.0,0.0,0.0,0.0,0.0,0.0,0.0,0.0,0.0,0.0,0.0,,roster_only,2026-09-06T20:32:23+00:00
2026,1,401872926,00-0036355,Justin Herbert,LAC,ARI,QB,251.4,160.2,357.5,1.841,0.8403466087682929,14.2,2.7,32.1,0.238,0.2189237680770113,0.0,0.0,0.0,0.0,0.0,0.0,0.0,0.0,0.0,0.0,0.0,0.0,0.0,Active,starter,2026-09-06T20:32:23+00:00
2026,1,401872926,00-0037012,Trey Lance,LAC,ARI,QB,0.0,0.0,0.0,0.0,0.0,6.1,-5.3,24.1,0.111,0.1012092381945829,0.0,0.0,0.0,0.0,0.0,0.0,0.0,0.0,0.0,0.0,0.0,0.0,0.0,Active,backup,2026-09-06T20:32:23+00:00
2026,1,401872926,00-0040039,Amar Johnson,LAC,ARI,RB,0.0,0.0,0.0,0.0,0.0,0.0,0.0,0.0,0.0,0.0,0.0,0.0,0.0,0.0,0.0,0.0,0.0,0.0,0.0,0.0,0.0,0.0,0.0,,roster_only,2026-09-06T20:32:23+00:00
2026,1,401872926,00-0038454,Keaton Mitchell,LAC,ARI,RB,0.0,0.0,0.0,0.0,0.0,21.0,0.2,53.8,0.155,0.1369327618697838,1.4,-12.5,33.0,0.11,0.0934605600016714,0.0,0.0,0.0,0.0,0.0,0.0,0.0,0.0,Questionable,backup,2026-09-06T20:32:23+00:00
2026,1,401872926,00-0039391,Kimani Vidal,LAC,ARI,RB,0.0,0.0,0.0,0.0,0.0,21.8,1.0,54.6,0.447,0.3682373472949389,5.8,-8.2,37.3,0.179,0.1615738678001291,0.0,0.0,0.0,0.0,0.0,0.0,0.0,0.0,Active,backup,2026-09-06T20:32:23+00:00
2026,1,401872926,00-0040666,Omarion Hampton,LAC,ARI,RB,0.0,0.0,0.0,0.0,0.0,57.6,36.7,90.4,0.464,0.3682373472949389,25.6,11.7,57.2,0.276,0.248711133931698,0.0,0.0,0.0,0.0,0.0,0.0,0.0,0.0,Active,starter,2026-09-06T20:32:23+00:00
2026,1,401872926,00-0034790,Derwin James Jr.,LAC,ARI,S,0.0,0.0,0.0,0.0,0.0,0.0,0.0,0.0,0.0,0.0,0.0,0.0,0.0,0.0,0.0,0.0,0.0,0.0,6.1,3.4,9.5,0.09,0.0717178697662251,,starter,2026-09-06T20:32:23+00:00
2026,1,401872926,00-0041064,Genesis Smith,LAC,ARI,S,0.0,0.0,0.0,0.0,0.0,0.0,0.0,0.0,0.0,0.0,0.0,0.0,0.0,0.0,0.0,0.0,0.0,0.0,1.9,0.0,5.8,0.015,0.0123768282844984,,backup,2026-09-06T20:32:23+00:00
2026,1,401872926,00-0038414,Kendall Williamson,LAC,ARI,S,0.0,0.0,0.0,0.0,0.0,0.0,0.0,0.0,0.0,0.0,0.0,0.0,0.0,0.0,0.0,0.0,0.0,0.0,0.7,0.0,3.2,0.004,0.0038797284190106,,backup,2026-09-06T20:32:23+00:00
2026,1,401872926,00-0040221,RJ Mickens,LAC,ARI,S,0.0,0.0,0.0,0.0,0.0,0.0,0.0,0.0,0.0,0.0,0.0,0.0,0.0,0.0,0.0,0.0,0.0,0.0,1.7,0.0,4.3,0.014,0.0117066240677437,,backup,2026-09-06T20:32:23+00:00
2026,1,401872926,00-0030294,Tony Jefferson,LAC,ARI,S,0.0,0.0,0.0,0.0,0.0,0.0,0.0,0.0,0.0,0.0,0.0,0.0,0.0,0.0,0.0,0.0,0.0,0.0,3.1,0.4,6.6,0.023,0.0194201642323959,Active,backup,2026-09-06T20:32:23+00:00
2026,1,401872926,00-0038046,Charlie Kolar,LAC,ARI,TE,0.0,0.0,0.0,0.0,0.0,0.0,-10.4,15.7,0.008,0.0071864111498257,6.1,-7.8,37.6,0.235,0.211651981787327,0.0,0.0,0.0,0.0,0.0,0.0,0.0,0.0,Active,starter,2026-09-06T20:32:23+00:00
2026,1,401872926,00-0033885,David Njoku,LAC,ARI,TE,0.0,0.0,0.0,0.0,0.0,0.0,-10.5,15.7,0.008,0.0071864111498257,7.7,-6.2,39.3,0.253,0.2279857412735297,0.0,0.0,0.0,0.0,0.0,0.0,0.0,0.0,Active,backup,2026-09-06T20:32:23+00:00
2026,1,401872926,00-0041384,Evan Svoboda,LAC,ARI,TE,0.0,0.0,0.0,0.0,0.0,0.0,0.0,0.0,0.0,0.0,0.0,0.0,0.0,0.0,0.0,0.0,0.0,0.0,0.0,0.0,0.0,0.0,0.0,,roster_only,2026-09-06T20:32:23+00:00
2026,1,401872926,00-0040189,Oronde Gadsden,LAC,ARI,TE,0.0,0.0,0.0,0.0,0.0,0.0,-10.4,15.7,0.008,0.0071864111498257,21.6,4.0,61.3,0.336,0.3063956563228646,0.0,0.0,0.0,0.0,0.0,0.0,0.0,0.0,Active,backup,2026-09-06T20:32:23+00:00
2026,1,401872926,00-0040331,Patrick Herbert,LAC,ARI,TE,0.0,0.0,0.0,0.0,0.0,0.0,0.0,0.0,0.0,0.0,0.0,0.0,0.0,0.0,0.0,0.0,0.0,0.0,0.0,0.0,0.0,0.0,0.0,,roster_only,2026-09-06T20:32:23+00:00
2026,1,401872926,00-0041550,Brenen Thompson,LAC,ARI,WR,0.0,0.0,0.0,0.0,0.0,0.0,-14.2,21.8,0.008,0.0071864111498257,4.1,-15.0,47.5,0.156,0.138698567296291,0.0,0.0,0.0,0.0,0.0,0.0,0.0,0.0,Questionable,backup,2026-09-06T20:32:23+00:00
2026,1,401872926,00-0040629,Dalevon Campbell,LAC,ARI,WR,0.0,0.0,0.0,0.0,0.0,0.0,0.0,0.0,0.0,0.0,0.0,0.0,0.0,0.0,0.0,0.0,0.0,0.0,0.0,0.0,0.0,0.0,0.0,Injured Reserve,backup,2026-09-06T20:32:23+00:00
2026,1,401872926,00-0038573,Derius Davis,LAC,ARI,WR,0.0,0.0,0.0,0.0,0.0,0.4,-9.7,16.4,0.008,0.0071864111498257,0.0,-15.2,30.3,0.045,0.0424710424710424,0.0,0.0,0.0,0.0,0.0,0.0,0.0,0.0,,backup,2026-09-06T20:32:23+00:00
2026,1,401872926,00-0035589,Gary Jennings,LAC,ARI,WR,0.0,0.0,0.0,0.0,0.0,0.0,0.0,0.0,0.0,0.0,0.0,0.0,0.0,0.0,0.0,0.0,0.0,0.0,0.0,0.0,0.0,0.0,0.0,,roster_only,2026-09-06T20:32:23+00:00
2026,1,401872926,00-0040184,KeAndre Lambert-Smith,LAC,ARI,WR,0.0,0.0,0.0,0.0,0.0,0.0,-10.4,15.8,0.008,0.0071864111498257,1.9,-12.0,33.5,0.1,0.0917289034767039,0.0,0.0,0.0,0.0,0.0,0.0,0.0,0.0,Active,backup,2026-09-06T20:32:23+00:00
2026,1,401872926,00-0039915,Ladd McConkey,LAC,ARI,WR,0.0,0.0,0.0,0.0,0.0,0.0,-10.2,15.9,0.008,0.0071864111498257,61.7,47.8,93.3,0.393,0.3423597678916827,0.0,0.0,0.0,0.0,0.0,0.0,0.0,0.0,Active,starter,2026-09-06T20:32:23+00:00
2026,1,401872926,00-0038544,Quentin Johnston,LAC,ARI,WR,0.0,0.0,0.0,0.0,0.0,0.0,-10.3,15.8,0.008,0.0071864111498257,32.9,8.7,87.7,0.383,0.3423597678916827,0.0,0.0,0.0,0.0,0.0,0.0,0.0,0.0,Active,backup,2026-09-06T20:32:23+00:00
2026,1,401872926,00-0040311,Theo Wease Jr.,LAC,ARI,WR,0.0,0.0,0.0,0.0,0.0,0.0,0.0,0.0,0.0,0.0,0.0,0.0,0.0,0.0,0.0,0.0,0.0,0.0,0.0,0.0,0.0,0.0,0.0,,roster_only,2026-09-06T20:32:23+00:00
2026,1,401872926,00-0040727,Tre' Harris,LAC,ARI,WR,0.0,0.0,0.0,0.0,0.0,0.0,-10.2,15.9,0.008,0.0071864111498257,12.0,-1.9,43.6,0.191,0.1724881515570062,0.0,0.0,0.0,0.0,0.0,0.0,0.0,0.0,Questionable,backup,2026-09-06T20:32:23+00:00
2026,1,401872927,00-0036625,Benjamin St-Juste,GB,MIN,CB,0.0,0.0,0.0,0.0,0.0,0.0,0.0,0.0,0.0,0.0,0.0,0.0,0.0,0.0,0.0,0.0,0.0,0.0,2.7,0.6,5.4,0.014,0.0111289851148929,,backup,2026-09-06T20:32:23+00:00
2026,1,401872927,00-0041470,Brandon Cisse,GB,MIN,CB,0.0,0.0,0.0,0.0,0.0,0.0,0.0,0.0,0.0,0.0,0.0,0.0,0.0,0.0,0.0,0.0,0.0,0.0,2.2,0.0,6.2,0.011,0.0092751279244577,,backup,2026-09-06T20:32:23+00:00
2026,1,401872927,00-0038408,Carrington Valentine,GB,MIN,CB,0.0,0.0,0.0,0.0,0.0,0.0,0.0,0.0,0.0,0.0,0.0,0.0,0.0,0.0,0.0,0.0,0.0,0.0,3.2,0.5,6.7,0.012,0.0099820841423394,,starter,2026-09-06T20:32:23+00:00
2026,1,401872927,00-0040896,Domani Jackson,GB,MIN,CB,0.0,0.0,0.0,0.0,0.0,0.0,0.0,0.0,0.0,0.0,0.0,0.0,0.0,0.0,0.0,0.0,0.0,0.0,0.0,0.0,0.0,0.0,0.0,,roster_only,2026-09-06T20:32:23+00:00
2026,1,401872927,00-0039831,Kamal Hadden,GB,MIN,CB,0.0,0.0,0.0,0.0,0.0,0.0,0.0,0.0,0.0,0.0,0.0,0.0,0.0,0.0,0.0,0.0,0.0,0.0,1.1,0.0,3.6,0.007,0.00545056450875,,backup,2026-09-06T20:32:23+00:00
2026,1,401872927,00-0035133,Keisean Nixon,GB,MIN,CB,0.0,0.0,0.0,0.0,0.0,0.0,0.0,0.0,0.0,0.0,0.0,0.0,0.0,0.0,0.0,0.0,0.0,0.0,5.1,2.2,8.4,0.022,0.018970874296908,,starter,2026-09-06T20:32:23+00:00
2026,1,401872927,00-0037364,Arron Mosby,GB,MIN,DE,0.0,0.0,0.0,0.0,0.0,0.0,0.0,0.0,0.0,0.0,0.0,0.0,0.0,0.0,0.0,0.0,0.0,0.0,0.0,0.0,0.0,0.0,0.0,,roster_only,2026-09-06T20:32:23+00:00
2026,1,401872927,00-0040010,Barryn Sorrell,GB,MIN,DE,0.0,0.0,0.0,0.0,0.0,0.0,0.0,0.0,0.0,0.0,0.0,0.0,0.0,0.0,0.0,0.0,0.0,0.0,1.3,0.0,3.8,0.121,0.0963903679313709,,starter,2026-09-06T20:32:23+00:00
2026,1,401872927,00-0038463,Brenton Cox Jr.,GB,MIN,DE,0.0,0.0,0.0,0.0,0.0,0.0,0.0,0.0,0.0,0.0,0.0,0.0,0.0,0.0,0.0,0.0,0.0,0.0,1.1,0.0,3.5,0.156,0.1165301412029636,,backup,2026-09-06T20:32:23+00:00
2026,1,401872927,00-0040012,Collin Oliver,GB,MIN,DE,0.0,0.0,0.0,0.0,0.0,0.0,0.0,0.0,0.0,0.0,0.0,0.0,0.0,0.0,0.0,0.0,0.0,0.0,0.0,0.0,0.0,0.0,0.0,Injured Reserve,backup,2026-09-06T20:32:23+00:00
2026,1,401872927,00-0040877,Dani Dennis-Sutton,GB,MIN,DE,0.0,0.0,0.0,0.0,0.0,0.0,0.0,0.0,0.0,0.0,0.0,0.0,0.0,0.0,0.0,0.0,0.0,0.0,1.1,0.0,4.6,0.194,0.1510418890199657,,backup,2026-09-06T20:32:23+00:00
2026,1,401872927,00-0039112,Lukas Van Ness,GB,MIN,DE,0.0,0.0,0.0,0.0,0.0,0.0,0.0,0.0,0.0,0.0,0.0,0.0,0.0,0.0,0.0,0.0,0.0,0.0,2.4,0.5,4.9,0.257,0.2065039713340566,,starter,2026-09-06T20:32:23+00:00
2026,1,401872927,00-0036932,Micah Parsons,GB,MIN,DE,0.0,0.0,0.0,0.0,0.0,0.0,0.0,0.0,0.0,0.0,0.0,0.0,0.0,0.0,0.0,0.0,0.0,0.0,0.0,0.0,0.0,0.0,0.0,Out,backup,2026-09-06T20:32:23+00:00
2026,1,401872927,00-0040944,Nyjalik Kelly,GB,MIN,DE,0.0,0.0,0.0,0.0,0.0,0.0,0.0,0.0,0.0,0.0,0.0,0.0,0.0,0.0,0.0,0.0,0.0,0.0,0.0,0.0,0.0,0.0,0.0,,roster_only,2026-09-06T20:32:23+00:00
2026,1,401872927,00-0040689,Anthony Campbell,GB,MIN,DT,0.0,0.0,0.0,0.0,0.0,0.0,0.0,0.0,0.0,0.0,0.0,0.0,0.0,0.0,0.0,0.0,0.0,0.0,1.1,0.0,4.6,0.175,0.1333656613121648,,backup,2026-09-06T20:32:23+00:00
2026,1,401872927,00-0040869,Chris McClellan,GB,MIN,DT,0.0,0.0,0.0,0.0,0.0,0.0,0.0,0.0,0.0,0.0,0.0,0.0,0.0,0.0,0.0,0.0,0.0,0.0,1.1,0.0,4.6,0.194,0.1510418890199657,,backup,2026-09-06T20:32:23+00:00
2026,1,401872927,00-0037075,Devonte Wyatt,GB,MIN,DT,0.0,0.0,0.0,0.0,0.0,0.0,0.0,0.0,0.0,0.0,0.0,0.0,0.0,0.0,0.0,0.0,0.0,0.0,2.7,0.8,5.2,0.32,0.258429559374665,,starter,2026-09-06T20:32:23+00:00
2026,1,401872927,00-0033109,Javon Hargrave,GB,MIN,DT,0.0,0.0,0.0,0.0,0.0,0.0,0.0,0.0,0.0,0.0,0.0,0.0,0.0,0.0,0.0,0.0,0.0,0.0,2.6,0.7,5.1,0.246,0.196872252975008,,starter,2026-09-06T20:32:23+00:00
2026,1,401872927,00-0037094,Jonathan Ford,GB,MIN,DT,0.0,0.0,0.0,0.0,0.0,0.0,0.0,0.0,0.0,0.0,0.0,0.0,0.0,0.0,0.0,0.0,0.0,0.0,1.0,0.0,3.4,0.071,0.0587819827912511,,backup,2026-09-06T20:32:23+00:00
2026,1,401872927,00-0038506,Jordon Riley,GB,MIN,DT,0.0,0.0,0.0,0.0,0.0,0.0,0.0,0.0,0.0,0.0,0.0,0.0,0.0,0.0,0.0,0.0,0.0,0.0,0.0,0.0,0.0,0.0,0.0,Out,backup,2026-09-06T20:32:23+00:00
2026,1,401872927,00-0038398,Karl Brooks,GB,MIN,DT,0.0,0.0,0.0,0.0,0.0,0.0,0.0,0.0,0.0,0.0,0.0,0.0,0.0,0.0,0.0,0.0,0.0,0.0,2.4,0.3,5.2,0.314,0.2531964693748232,,starter,2026-09-06T20:32:23+00:00
2026,1,401872927,00-0040016,Warren Brinson,GB,MIN,DT,0.0,0.0,0.0,0.0,0.0,0.0,0.0,0.0,0.0,0.0,0.0,0.0,0.0,0.0,0.0,0.0,0.0,0.0,1.4,0.0,3.9,0.267,0.2155901842344465,Questionable,backup,2026-09-06T20:32:23+00:00
2026,1,401872927,00-0039850,Edgerrin Cooper,GB,MIN,LB,0.0,0.0,0.0,0.0,0.0,0.0,0.0,0.0,0.0,0.0,0.0,0.0,0.0,0.0,0.0,0.0,0.0,0.0,0.0,0.0,0.0,0.0,0.0,,roster_only,2026-09-06T20:32:23+00:00
2026,1,401872927,00-0036658,Isaiah McDuffie,GB,MIN,LB,0.0,0.0,0.0,0.0,0.0,0.0,0.0,0.0,0.0,0.0,0.0,0.0,0.0,0.0,0.0,0.0,0.0,0.0,0.0,0.0,0.0,0.0,0.0,,roster_only,2026-09-06T20:32:23+00:00
2026,1,401872927,00-0036157,Kristian Welch,GB,MIN,LB,0.0,0.0,0.0,0.0,0.0,0.0,0.0,0.0,0.0,0.0,0.0,0.0,0.0,0.0,0.0,0.0,0.0,0.0,0.0,0.0,0.0,0.0,0.0,,roster_only,2026-09-06T20:32:23+00:00
2026,1,401872927,00-0036648,Nick Niemann,GB,MIN,LB,0.0,0.0,0.0,0.0,0.0,0.0,0.0,0.0,0.0,0.0,0.0,0.0,0.0,0.0,0.0,0.0,0.0,0.0,0.0,0.0,0.0,0.0,0.0,,roster_only,2026-09-06T20:32:23+00:00
2026,1,401872927,00-0039812,Ty'Ron Hopper,GB,MIN,LB,0.0,0.0,0.0,0.0,0.0,0.0,0.0,0.0,0.0,0.0,0.0,0.0,0.0,0.0,0.0,0.0,0.0,0.0,0.0,0.0,0.0,0.0,0.0,,roster_only,2026-09-06T20:32:23+00:00
2026,1,401872927,00-0034431,Zaire Franklin,GB,MIN,LB,0.0,0.0,0.0,0.0,0.0,0.0,0.0,0.0,0.0,0.0,0.0,0.0,0.0,0.0,0.0,0.0,0.0,0.0,0.0,0.0,0.0,0.0,0.0,,roster_only,2026-09-06T20:32:23+00:00
2026,1,401872927,00-0040003,Lenny Krieg,GB,MIN,PK,0.0,0.0,0.0,0.0,0.0,0.0,0.0,0.0,0.0,0.0,0.0,0.0,0.0,0.0,0.0,0.0,0.0,0.0,0.0,0.0,0.0,0.0,0.0,,kicker_role,2026-09-06T20:32:23+00:00
2026,1,401872927,00-0040899,Trey Smack,GB,MIN,PK,0.0,0.0,0.0,0.0,0.0,0.0,0.0,0.0,0.0,0.0,0.0,0.0,0.0,0.0,0.0,6.9,0.4,14.4,0.0,0.0,0.0,0.0,0.0,Active,starter,2026-09-06T20:32:23+00:00
2026,1,401872927,00-0036264,Jordan Love,GB,MIN,QB,202.4,111.2,308.5,1.188,0.6547619047619048,8.2,-2.0,24.1,0.224,0.2034021439829646,0.0,0.0,0.0,0.0,0.0,0.0,0.0,0.0,0.0,0.0,0.0,0.0,0.0,Active,starter,2026-09-06T20:32:23+00:00
2026,1,401872927,00-0039577,Kedon Slovis,GB,MIN,QB,0.0,0.0,0.0,0.0,0.0,0.0,0.0,0.0,0.0,0.0,0.0,0.0,0.0,0.0,0.0,0.0,0.0,0.0,0.0,0.0,0.0,0.0,0.0,,roster_only,2026-09-06T20:32:23+00:00
2026,1,401872927,00-0028118,Tyrod Taylor,GB,MIN,QB,0.0,0.0,0.0,0.0,0.0,13.0,1.6,31.0,0.256,0.2387331541108856,0.0,0.0,0.0,0.0,0.0,0.0,0.0,0.0,0.0,0.0,0.0,0.0,0.0,,backup,2026-09-06T20:32:23+00:00
2026,1,401872927,00-0038685,Chris Brooks,GB,MIN,RB,0.0,0.0,0.0,0.0,0.0,6.5,-3.7,22.5,0.152,0.1348191006589674,4.0,-9.9,35.5,0.275,0.2479219283263569,0.0,0.0,0.0,0.0,0.0,0.0,0.0,0.0,Active,backup,2026-09-06T20:32:23+00:00
2026,1,401872927,00-0035700,Josh Jacobs,GB,MIN,RB,0.0,0.0,0.0,0.0,0.0,0.0,0.0,0.0,0.0,0.0,0.0,0.0,0.0,0.0,0.0,0.0,0.0,0.0,0.0,0.0,0.0,0.0,0.0,Out,backup,2026-09-06T20:32:23+00:00
2026,1,401872927,00-0040142,Kaleb Johnson,GB,MIN,RB,0.0,0.0,0.0,0.0,0.0,11.6,1.5,27.6,0.249,0.2307311321208117,0.0,-14.5,30.9,0.051,0.045862779898953,0.0,0.0,0.0,0.0,0.0,0.0,0.0,0.0,Active,backup,2026-09-06T20:32:23+00:00
2026,1,401872927,00-0039811,MarShawn Lloyd,GB,MIN,RB,0.0,0.0,0.0,0.0,0.0,21.6,-1.3,57.7,0.2,0.1759274900532208,4.1,-11.2,38.8,0.136,0.1160127925186331,0.0,0.0,0.0,0.0,0.0,0.0,0.0,0.0,Active,starter,2026-09-06T20:32:23+00:00
2026,1,401872927,00-0038098,Pierre Strong Jr.,GB,MIN,RB,0.0,0.0,0.0,0.0,0.0,0.0,0.0,0.0,0.0,0.0,0.0,0.0,0.0,0.0,0.0,0.0,0.0,0.0,0.0,0.0,0.0,0.0,0.0,,roster_only,2026-09-06T20:32:23+00:00
2026,1,401872927,00-0008818,Marlon Jones,GB,MIN,RCB,0.0,0.0,0.0,0.0,0.0,0.0,0.0,0.0,0.0,0.0,0.0,0.0,0.0,0.0,0.0,0.0,0.0,0.0,0.0,0.0,0.0,0.0,0.0,,backup,2026-09-06T20:32:23+00:00
2026,1,401872927,00-0039813,Evan Williams,GB,MIN,S,0.0,0.0,0.0,0.0,0.0,0.0,0.0,0.0,0.0,0.0,0.0,0.0,0.0,0.0,0.0,0.0,0.0,0.0,5.7,3.0,9.1,0.015,0.0119763847123665,,starter,2026-09-06T20:32:23+00:00
2026,1,401872927,00-0039867,Javon Bullard,GB,MIN,S,0.0,0.0,0.0,0.0,0.0,0.0,0.0,0.0,0.0,0.0,0.0,0.0,0.0,0.0,0.0,0.0,0.0,0.0,5.6,2.8,8.9,0.007,0.0059501697216547,Active,starter,2026-09-06T20:32:23+00:00
2026,1,401872927,00-0040033,Johnathan Baldwin II,GB,MIN,S,0.0,0.0,0.0,0.0,0.0,0.0,0.0,0.0,0.0,0.0,0.0,0.0,0.0,0.0,0.0,0.0,0.0,0.0,0.0,0.0,0.0,0.0,0.0,Injured Reserve,backup,2026-09-06T20:32:23+00:00
2026,1,401872927,00-0039818,Kitan Oladapo,GB,MIN,S,0.0,0.0,0.0,0.0,0.0,0.0,0.0,0.0,0.0,0.0,0.0,0.0,0.0,0.0,0.0,0.0,0.0,0.0,0.9,0.0,3.3,0.004,0.0038797284190106,,backup,2026-09-06T20:32:23+00:00
2026,1,401872927,00-0040968,Murvin Kenion III,GB,MIN,S,0.0,0.0,0.0,0.0,0.0,0.0,0.0,0.0,0.0,0.0,0.0,0.0,0.0,0.0,0.0,0.0,0.0,0.0,0.0,0.0,0.0,0.0,0.0,,roster_only,2026-09-06T20:32:23+00:00
2026,1,401872927,00-0038494,Trey Dean III,GB,MIN,S,0.0,0.0,0.0,0.0,0.0,0.0,0.0,0.0,0.0,0.0,0.0,0.0,0.0,0.0,0.0,0.0,0.0,0.0,0.0,0.0,0.0,0.0,0.0,Injured Reserve,backup,2026-09-06T20:32:23+00:00
2026,1,401872927,00-0036388,Xavier McKinney,GB,MIN,S,0.0,0.0,0.0,0.0,0.0,0.0,0.0,0.0,0.0,0.0,0.0,0.0,0.0,0.0,0.0,0.0,0.0,0.0,6.3,3.6,9.7,0.021,0.0185781750827251,,starter,2026-09-06T20:32:23+00:00
2026,1,401872927,00-0040628,Drake Dabney,GB,MIN,TE,0.0,0.0,0.0,0.0,0.0,0.0,0.0,0.0,0.0,0.0,0.0,0.0,0.0,0.0,0.0,0.0,0.0,0.0,0.0,0.0,0.0,0.0,0.0,,roster_only,2026-09-06T20:32:23+00:00
2026,1,401872927,00-0033858,Jonnu Smith,GB,MIN,TE,0.0,0.0,0.0,0.0,0.0,5.2,-4.9,21.2,0.111,0.1011187753898517,11.8,-2.1,43.3,0.322,0.2928178051121884,0.0,0.0,0.0,0.0,0.0,0.0,0.0,0.0,Active,backup,2026-09-06T20:32:23+00:00
2026,1,401872927,00-0038589,Josh Whyle,GB,MIN,TE,0.0,0.0,0.0,0.0,0.0,1.1,-9.1,17.0,0.022,0.0215227624078514,6.0,-8.0,37.5,0.241,0.2168013908310083,0.0,0.0,0.0,0.0,0.0,0.0,0.0,0.0,,backup,2026-09-06T20:32:23+00:00
2026,1,401872927,00-0039144,Luke Musgrave,GB,MIN,TE,0.0,0.0,0.0,0.0,0.0,0.0,0.0,0.0,0.0,0.0,0.0,0.0,0.0,0.0,0.0,0.0,0.0,0.0,0.0,0.0,0.0,0.0,0.0,Out,backup,2026-09-06T20:32:23+00:00
2026,1,401872927,00-0040598,Mark Redman,GB,MIN,TE,0.0,0.0,0.0,0.0,0.0,1.0,-12.9,23.0,0.02,0.0190981736244508,2.8,-16.4,46.2,0.21,0.1889737898855677,0.0,0.0,0.0,0.0,0.0,0.0,0.0,0.0,Active,backup,2026-09-06T20:32:23+00:00
2026,1,401872927,00-0039936,Thomas Yassmin,GB,MIN,TE,0.0,0.0,0.0,0.0,0.0,0.0,0.0,0.0,0.0,0.0,0.0,0.0,0.0,0.0,0.0,0.0,0.0,0.0,0.0,0.0,0.0,0.0,0.0,Injured Reserve,backup,2026-09-06T20:32:23+00:00
2026,1,401872927,00-0038996,Tucker Kraft,GB,MIN,TE,0.0,0.0,0.0,0.0,0.0,1.2,-9.0,17.2,0.023,0.0224734412352802,42.8,25.3,82.6,0.414,0.3423597678916827,0.0,0.0,0.0,0.0,0.0,0.0,0.0,0.0,Questionable,starter,2026-09-06T20:32:23+00:00
2026,1,401872927,00-0037091,Bo Melton,GB,MIN,WR,0.0,0.0,0.0,0.0,0.0,1.0,-9.1,17.0,0.049,0.0498195642763654,8.6,-5.3,40.2,0.184,0.1667413924381237,0.0,0.0,0.0,0.0,0.0,0.0,0.0,0.0,Active,backup,2026-09-06T20:32:23+00:00
2026,1,401872927,00-0041179,Chris Hilton Jr.,GB,MIN,WR,0.0,0.0,0.0,0.0,0.0,0.0,0.0,0.0,0.0,0.0,0.0,0.0,0.0,0.0,0.0,0.0,0.0,0.0,0.0,0.0,0.0,0.0,0.0,,roster_only,2026-09-06T20:32:23+00:00
2026,1,401872927,00-0038124,Christian Watson,GB,MIN,WR,0.0,0.0,0.0,0.0,0.0,0.5,-9.7,16.4,0.029,0.0288407418343478,53.1,28.9,107.9,0.414,0.3423597678916827,0.0,0.0,0.0,0.0,0.0,0.0,0.0,0.0,Active,starter,2026-09-06T20:32:23+00:00
2026,1,401872927,00-0040558,Isaiah Neyor,GB,MIN,WR,0.0,0.0,0.0,0.0,0.0,0.0,0.0,0.0,0.0,0.0,0.0,0.0,0.0,0.0,0.0,0.0,0.0,0.0,0.0,0.0,0.0,0.0,0.0,,roster_only,2026-09-06T20:32:23+00:00
2026,1,401872927,00-0040948,J. Michael Sturdivant,GB,MIN,WR,0.0,0.0,0.0,0.0,0.0,0.0,-14.0,21.9,0.029,0.0288407418343478,4.7,-14.5,48.0,0.189,0.1708282247389005,0.0,0.0,0.0,0.0,0.0,0.0,0.0,0.0,Active,backup,2026-09-06T20:32:23+00:00
2026,1,401872927,00-0039146,Jayden Reed,GB,MIN,WR,0.0,0.0,0.0,0.0,0.0,3.8,-6.3,19.8,0.038,0.0382658193022755,29.1,4.9,83.9,0.347,0.3159488826915617,0.0,0.0,0.0,0.0,0.0,0.0,0.0,0.0,Active,backup,2026-09-06T20:32:23+00:00
2026,1,401872927,00-0040667,Matthew Golden,GB,MIN,WR,0.0,0.0,0.0,0.0,0.0,1.4,-8.7,17.4,0.059,0.0580736976620051,13.3,-0.6,44.9,0.226,0.2038155341505049,0.0,0.0,0.0,0.0,0.0,0.0,0.0,0.0,Active,backup,2026-09-06T20:32:23+00:00
2026,1,401872927,00-0040009,Savion Williams,GB,MIN,WR,0.0,0.0,0.0,0.0,0.0,0.0,0.0,0.0,0.0,0.0,0.0,0.0,0.0,0.0,0.0,0.0,0.0,0.0,0.0,0.0,0.0,0.0,0.0,Injured Reserve,backup,2026-09-06T20:32:23+00:00
2026,1,401872927,00-0038090,Skyy Moore,GB,MIN,WR,0.0,0.0,0.0,0.0,0.0,0.6,-9.6,16.6,0.029,0.0288407418343478,1.1,-12.8,32.7,0.102,0.0920941618676122,0.0,0.0,0.0,0.0,0.0,0.0,0.0,0.0,,backup,2026-09-06T20:32:23+00:00
2026,1,401872927,00-0040962,Bryce Phillips,MIN,GB,CB,0.0,0.0,0.0,0.0,0.0,0.0,0.0,0.0,0.0,0.0,0.0,0.0,0.0,0.0,0.0,0.0,0.0,0.0,0.0,0.0,0.0,0.0,0.0,,roster_only,2026-09-06T20:32:23+00:00
2026,1,401872927,00-0035236,Byron Murphy Jr.,MIN,GB,CB,0.0,0.0,0.0,0.0,0.0,0.0,0.0,0.0,0.0,0.0,0.0,0.0,0.0,0.0,0.0,0.0,0.0,0.0,3.8,1.1,7.3,0.016,0.0137029765283181,,starter,2026-09-06T20:32:23+00:00
2026,1,401872927,00-0041083,Charles Demmings,MIN,GB,CB,0.0,0.0,0.0,0.0,0.0,0.0,0.0,0.0,0.0,0.0,0.0,0.0,0.0,0.0,0.0,0.0,0.0,0.0,3.6,0.7,7.4,0.016,0.0133052605183231,,starter,2026-09-06T20:32:23+00:00
2026,1,401872927,00-0041341,Da'Veawn Armstead,MIN,GB,CB,0.0,0.0,0.0,0.0,0.0,0.0,0.0,0.0,0.0,0.0,0.0,0.0,0.0,0.0,0.0,0.0,0.0,0.0,0.0,0.0,0.0,0.0,0.0,,roster_only,2026-09-06T20:32:23+00:00
2026,1,401872927,00-0039714,Dwight McGlothern Jr.,MIN,GB,CB,0.0,0.0,0.0,0.0,0.0,0.0,0.0,0.0,0.0,0.0,0.0,0.0,0.0,0.0,0.0,0.0,0.0,0.0,0.0,0.0,0.0,0.0,0.0,,roster_only,2026-09-06T20:32:23+00:00
2026,1,401872927,00-0036222,Isaiah Rodgers,MIN,GB,CB,0.0,0.0,0.0,0.0,0.0,0.0,0.0,0.0,0.0,0.0,0.0,0.0,0.0,0.0,0.0,0.0,0.0,0.0,0.0,0.0,0.0,0.0,0.0,,roster_only,2026-09-06T20:32:23+00:00
2026,1,401872927,00-0035795,James Pierre,MIN,GB,CB,0.0,0.0,0.0,0.0,0.0,0.0,0.0,0.0,0.0,0.0,0.0,0.0,0.0,0.0,0.0,0.0,0.0,0.0,4.3,1.5,7.7,0.011,0.0090804718075852,,starter,2026-09-06T20:32:23+00:00
2026,1,401872927,00-0041340,Marcus Allen,MIN,GB,CB,0.0,0.0,0.0,0.0,0.0,0.0,0.0,0.0,0.0,0.0,0.0,0.0,0.0,0.0,0.0,0.0,0.0,0.0,0.0,0.0,0.0,0.0,0.0,Injured Reserve,backup,2026-09-06T20:32:23+00:00
2026,1,401872927,00-0040507,Zemaiah Vaughn,MIN,GB,CB,0.0,0.0,0.0,0.0,0.0,0.0,0.0,0.0,0.0,0.0,0.0,0.0,0.0,0.0,0.0,0.0,0.0,0.0,1.5,0.0,5.3,0.01,0.0081115484423247,,backup,2026-09-06T20:32:23+00:00
2026,1,401872927,00-0040624,Elijah Williams,MIN,GB,DE,0.0,0.0,0.0,0.0,0.0,0.0,0.0,0.0,0.0,0.0,0.0,0.0,0.0,0.0,0.0,0.0,0.0,0.0,0.8,0.0,3.3,0.043,0.0353653810573751,Active,backup,2026-09-06T20:32:23+00:00
2026,1,401872927,00-0040572,Jahvaree Ritzie,MIN,GB,DE,0.0,0.0,0.0,0.0,0.0,0.0,0.0,0.0,0.0,0.0,0.0,0.0,0.0,0.0,0.0,0.0,0.0,0.0,0.0,0.0,0.0,0.0,0.0,,roster_only,2026-09-06T20:32:23+00:00
2026,1,401872927,00-0040173,Tyrion Ingram-Dawkins,MIN,GB,DE,0.0,0.0,0.0,0.0,0.0,0.0,0.0,0.0,0.0,0.0,0.0,0.0,0.0,0.0,0.0,0.0,0.0,0.0,0.8,0.0,3.3,0.154,0.1152992821565349,,backup,2026-09-06T20:32:23+00:00
2026,1,401872927,00-0041033,Caleb Banks,MIN,GB,DT,0.0,0.0,0.0,0.0,0.0,0.0,0.0,0.0,0.0,0.0,0.0,0.0,0.0,0.0,0.0,0.0,0.0,0.0,1.6,0.0,5.0,0.215,0.1701158540014764,,starter,2026-09-06T20:32:23+00:00
2026,1,401872927,00-0041046,Domonique Orange,MIN,GB,DT,0.0,0.0,0.0,0.0,0.0,0.0,0.0,0.0,0.0,0.0,0.0,0.0,0.0,0.0,0.0,0.0,0.0,0.0,1.1,0.0,4.6,0.187,0.1440593807289161,,backup,2026-09-06T20:32:23+00:00
2026,1,401872927,00-0038778,Jalen Redmond,MIN,GB,DT,0.0,0.0,0.0,0.0,0.0,0.0,0.0,0.0,0.0,0.0,0.0,0.0,0.0,0.0,0.0,0.0,0.0,0.0,2.8,0.7,5.5,0.31,0.2502187741142042,,starter,2026-09-06T20:32:23+00:00
2026,1,401872927,00-0039421,Levi Drake Rodriguez,MIN,GB,DT,0.0,0.0,0.0,0.0,0.0,0.0,0.0,0.0,0.0,0.0,0.0,0.0,0.0,0.0,0.0,0.0,0.0,0.0,2.4,0.5,4.9,0.123,0.0974645467656758,,starter,2026-09-06T20:32:23+00:00
2026,1,401872927,00-0036695,Naquan Jones,MIN,GB,DT,0.0,0.0,0.0,0.0,0.0,0.0,0.0,0.0,0.0,0.0,0.0,0.0,0.0,0.0,0.0,0.0,0.0,0.0,0.0,0.0,0.0,0.0,0.0,,roster_only,2026-09-06T20:32:23+00:00
2026,1,401872927,00-0041081,Max Bredeson,MIN,GB,FB,0.0,0.0,0.0,0.0,0.0,13.4,-15.3,58.5,0.12,0.1092547174606237,3.5,-15.7,46.8,0.054,0.0498678038536552,0.0,0.0,0.0,0.0,0.0,0.0,0.0,0.0,,starter,2026-09-06T20:32:23+00:00
2026,1,401872927,00-0035272,Andrew Van Ginkel,MIN,GB,LB,0.0,0.0,0.0,0.0,0.0,0.0,0.0,0.0,0.0,0.0,0.0,0.0,0.0,0.0,0.0,0.0,0.0,0.0,4.7,1.5,8.7,0.426,0.3200775945683802,,starter,2026-09-06T20:32:23+00:00
2026,1,401872927,00-0041431,Bangally Kamara,MIN,GB,LB,0.0,0.0,0.0,0.0,0.0,0.0,0.0,0.0,0.0,0.0,0.0,0.0,0.0,0.0,0.0,0.0,0.0,0.0,0.0,0.0,0.0,0.0,0.0,,roster_only,2026-09-06T20:32:23+00:00
2026,1,401872927,00-0035276,Blake Cashman,MIN,GB,LB,0.0,0.0,0.0,0.0,0.0,0.0,0.0,0.0,0.0,0.0,0.0,0.0,0.0,0.0,0.0,0.0,0.0,0.0,0.0,0.0,0.0,0.0,0.0,,roster_only,2026-09-06T20:32:23+00:00
2026,1,401872927,00-0039718,Bo Richter,MIN,GB,LB,0.0,0.0,0.0,0.0,0.0,0.0,0.0,0.0,0.0,0.0,0.0,0.0,0.0,0.0,0.0,0.0,0.0,0.0,0.7,0.0,3.2,0.03,0.0253746534623728,,backup,2026-09-06T20:32:23+00:00
2026,1,401872927,00-0040496,Chaz Chambliss,MIN,GB,LB,0.0,0.0,0.0,0.0,0.0,0.0,0.0,0.0,0.0,0.0,0.0,0.0,0.0,0.0,0.0,0.0,0.0,0.0,0.7,0.0,3.2,0.204,0.1599025834903846,,backup,2026-09-06T20:32:23+00:00
2026,1,401872927,00-0039924,Dallas Turner,MIN,GB,LB,0.0,0.0,0.0,0.0,0.0,0.0,0.0,0.0,0.0,0.0,0.0,0.0,0.0,0.0,0.0,0.0,0.0,0.0,3.2,0.1,7.3,0.292,0.2361395653849291,,starter,2026-09-06T20:32:23+00:00
2026,1,401872927,00-0033336,Eric Wilson,MIN,GB,LB,0.0,0.0,0.0,0.0,0.0,0.0,0.0,0.0,0.0,0.0,0.0,0.0,0.0,0.0,0.0,0.0,0.0,0.0,0.0,0.0,0.0,0.0,0.0,,roster_only,2026-09-06T20:32:23+00:00
2026,1,401872927,00-0038807,Ivan Pace Jr.,MIN,GB,LB,0.0,0.0,0.0,0.0,0.0,0.0,0.0,0.0,0.0,0.0,0.0,0.0,0.0,0.0,0.0,0.0,0.0,0.0,0.0,0.0,0.0,0.0,0.0,,roster_only,2026-09-06T20:32:23+00:00
2026,1,401872927,00-0041495,Jake Golday,MIN,GB,LB,0.0,0.0,0.0,0.0,0.0,0.0,0.0,0.0,0.0,0.0,0.0,0.0,0.0,0.0,0.0,0.0,0.0,0.0,0.0,0.0,0.0,0.0,0.0,,roster_only,2026-09-06T20:32:23+00:00
2026,1,401872927,00-0033872,Jamal Adams,MIN,GB,LB,0.0,0.0,0.0,0.0,0.0,0.0,0.0,0.0,0.0,0.0,0.0,0.0,0.0,0.0,0.0,0.0,0.0,0.0,0.0,0.0,0.0,0.0,0.0,Injured Reserve,roster_only,2026-09-06T20:32:23+00:00
2026,1,401872927,00-0039494,Kenny Dyson Jr.,MIN,GB,LB,0.0,0.0,0.0,0.0,0.0,0.0,0.0,0.0,0.0,0.0,0.0,0.0,0.0,0.0,0.0,0.0,0.0,0.0,0.0,0.0,0.0,0.0,0.0,Injured Reserve,roster_only,2026-09-06T20:32:23+00:00
2026,1,401872927,00-0031360,Kyle Van Noy,MIN,GB,LB,0.0,0.0,0.0,0.0,0.0,0.0,0.0,0.0,0.0,0.0,0.0,0.0,0.0,0.0,0.0,0.0,0.0,0.0,0.0,0.0,0.0,0.0,0.0,,roster_only,2026-09-06T20:32:23+00:00
2026,1,401872927,00-0040492,Tyler Batty,MIN,GB,LB,0.0,0.0,0.0,0.0,0.0,0.0,0.0,0.0,0.0,0.0,0.0,0.0,0.0,0.0,0.0,0.0,0.0,0.0,0.0,0.0,0.0,0.0,0.0,Injured Reserve,backup,2026-09-06T20:32:23+00:00
2026,1,401872927,00-0041344,Tyreek Chappell,MIN,GB,NB,0.0,0.0,0.0,0.0,0.0,0.0,0.0,0.0,0.0,0.0,0.0,0.0,0.0,0.0,0.0,0.0,0.0,0.0,0.0,0.0,0.0,0.0,0.0,,backup,2026-09-06T20:32:23+00:00
2026,1,401872927,00-0039720,Taki Taimani,MIN,GB,NT,0.0,0.0,0.0,0.0,0.0,0.0,0.0,0.0,0.0,0.0,0.0,0.0,0.0,0.0,0.0,0.0,0.0,0.0,0.0,0.0,0.0,0.0,0.0,,backup,2026-09-06T20:32:23+00:00
2026,1,401872927,00-0039404,Will Reichard,MIN,GB,PK,0.0,0.0,0.0,0.0,0.0,0.0,0.0,0.0,0.0,0.0,0.0,0.0,0.0,0.0,0.0,7.1,2.6,12.4,0.0,0.0,0.0,0.0,0.0,Active,starter,2026-09-06T20:32:23+00:00
2026,1,401872927,00-0032950,Carson Wentz,MIN,GB,QB,0.0,0.0,0.0,0.0,0.0,6.3,-5.2,24.2,0.125,0.1132212477193072,0.0,0.0,0.0,0.0,0.0,0.0,0.0,0.0,0.0,0.0,0.0,0.0,0.0,Active,backup,2026-09-06T20:32:23+00:00
2026,1,401872927,00-0039923,J.J. McCarthy,MIN,GB,QB,0.0,0.0,0.0,0.0,0.0,11.2,-0.3,29.1,0.148,0.1316521749755786,0.0,0.0,0.0,0.0,0.0,0.0,0.0,0.0,0.0,0.0,0.0,0.0,0.0,Active,backup,2026-09-06T20:32:23+00:00
2026,1,401872927,00-0035228,Kyler Murray,MIN,GB,QB,215.9,124.8,322.1,1.478,0.8112383892791801,19.5,8.1,37.5,0.236,0.2168692813539215,0.0,0.0,0.0,0.0,0.0,0.0,0.0,0.0,0.0,0.0,0.0,0.0,0.0,Active,starter,2026-09-06T20:32:23+00:00
2026,1,401872927,00-0040494,Max Brosmer,MIN,GB,QB,0.0,0.0,0.0,0.0,0.0,0.0,0.0,0.0,0.0,0.0,0.0,0.0,0.0,0.0,0.0,0.0,0.0,0.0,0.0,0.0,0.0,0.0,0.0,,roster_only,2026-09-06T20:32:23+00:00
2026,1,401872927,00-0033293,Aaron Jones Sr.,MIN,GB,RB,0.0,0.0,0.0,0.0,0.0,60.8,39.9,93.6,0.464,0.3682373472949389,21.6,7.7,53.2,0.189,0.1703746651071367,0.0,0.0,0.0,0.0,0.0,0.0,0.0,0.0,Active,starter,2026-09-06T20:32:23+00:00
2026,1,401872927,00-0036425,DeeJay Dallas,MIN,GB,RB,0.0,0.0,0.0,0.0,0.0,0.0,0.0,0.0,0.0,0.0,0.0,0.0,0.0,0.0,0.0,0.0,0.0,0.0,0.0,0.0,0.0,0.0,0.0,,roster_only,2026-09-06T20:32:23+00:00
2026,1,401872927,00-0041104,Demond Claiborne,MIN,GB,RB,0.0,0.0,0.0,0.0,0.0,10.6,-18.1,55.7,0.119,0.1077108062871054,1.1,-18.1,44.4,0.054,0.0498678038536552,0.0,0.0,0.0,0.0,0.0,0.0,0.0,0.0,Active,backup,2026-09-06T20:32:23+00:00
2026,1,401872927,00-0036670,Jermar Jefferson,MIN,GB,RB,0.0,0.0,0.0,0.0,0.0,0.0,0.0,0.0,0.0,0.0,0.0,0.0,0.0,0.0,0.0,0.0,0.0,0.0,0.0,0.0,0.0,0.0,0.0,Injured Reserve,backup,2026-09-06T20:32:23+00:00
2026,1,401872927,00-0037525,Jordan Mason,MIN,GB,RB,0.0,0.0,0.0,0.0,0.0,20.9,0.1,53.7,0.232,0.2116020923964901,1.7,-12.2,33.2,0.043,0.0424710424710424,0.0,0.0,0.0,0.0,0.0,0.0,0.0,0.0,Active,backup,2026-09-06T20:32:23+00:00
2026,1,401872927,00-0041354,Jacob Thomas,MIN,GB,S,0.0,0.0,0.0,0.0,0.0,0.0,0.0,0.0,0.0,0.0,0.0,0.0,0.0,0.0,0.0,0.0,0.0,0.0,1.9,0.0,5.8,0.013,0.010321040927744,Questionable,backup,2026-09-06T20:32:23+00:00
2026,1,401872927,00-0041054,Jakobe Thomas,MIN,GB,S,0.0,0.0,0.0,0.0,0.0,0.0,0.0,0.0,0.0,0.0,0.0,0.0,0.0,0.0,0.0,0.0,0.0,0.0,1.7,0.0,5.5,0.012,0.0100028346060985,Questionable,backup,2026-09-06T20:32:23+00:00
2026,1,401872927,00-0038578,Jay Ward,MIN,GB,S,0.0,0.0,0.0,0.0,0.0,0.0,0.0,0.0,0.0,0.0,0.0,0.0,0.0,0.0,0.0,0.0,0.0,0.0,2.1,0.1,4.9,0.016,0.0137029765283181,,backup,2026-09-06T20:32:23+00:00
2026,1,401872927,00-0036348,Joshua Metellus,MIN,GB,S,0.0,0.0,0.0,0.0,0.0,0.0,0.0,0.0,0.0,0.0,0.0,0.0,0.0,0.0,0.0,0.0,0.0,0.0,6.0,3.2,9.4,0.02,0.0176121482918374,Active,starter,2026-09-06T20:32:23+00:00
2026,1,401872927,00-0038523,Kahlef Hailassie,MIN,GB,S,0.0,0.0,0.0,0.0,0.0,0.0,0.0,0.0,0.0,0.0,0.0,0.0,0.0,0.0,0.0,0.0,0.0,0.0,0.0,0.0,0.0,0.0,0.0,,roster_only,2026-09-06T20:32:23+00:00
2026,1,401872927,00-0034488,Tavierre Thomas,MIN,GB,S,0.0,0.0,0.0,0.0,0.0,0.0,0.0,0.0,0.0,0.0,0.0,0.0,0.0,0.0,0.0,0.0,0.0,0.0,0.0,0.0,0.0,0.0,0.0,,roster_only,2026-09-06T20:32:23+00:00
2026,1,401872927,00-0037301,Theo Jackson,MIN,GB,S,0.0,0.0,0.0,0.0,0.0,0.0,0.0,0.0,0.0,0.0,0.0,0.0,0.0,0.0,0.0,0.0,0.0,0.0,3.6,1.4,6.2,0.013,0.0109698675660821,,starter,2026-09-06T20:32:23+00:00
2026,1,401872927,00-0040509,Ben Yurosek,MIN,GB,TE,0.0,0.0,0.0,0.0,0.0,0.0,-10.4,15.7,0.008,0.0071864111498257,3.5,-10.4,35.1,0.045,0.0424710424710424,0.0,0.0,0.0,0.0,0.0,0.0,0.0,0.0,,backup,2026-09-06T20:32:23+00:00
2026,1,401872927,00-0039631,Cam Grandy,MIN,GB,TE,0.0,0.0,0.0,0.0,0.0,0.0,0.0,0.0,0.0,0.0,0.0,0.0,0.0,0.0,0.0,0.0,0.0,0.0,0.0,0.0,0.0,0.0,0.0,,roster_only,2026-09-06T20:32:23+00:00
2026,1,401872927,00-0040215,Gavin Bartholomew,MIN,GB,TE,0.0,0.0,0.0,0.0,0.0,0.0,-14.2,21.7,0.008,0.0071864111498257,4.4,-14.7,47.8,0.098,0.0914944798063878,0.0,0.0,0.0,0.0,0.0,0.0,0.0,0.0,Active,backup,2026-09-06T20:32:23+00:00
2026,1,401872927,00-0035249,Josh Oliver,MIN,GB,TE,0.0,0.0,0.0,0.0,0.0,0.0,-10.4,15.8,0.008,0.0071864111498257,10.9,-3.0,42.4,0.128,0.1066987780659648,0.0,0.0,0.0,0.0,0.0,0.0,0.0,0.0,,backup,2026-09-06T20:32:23+00:00
2026,1,401872927,00-0035229,T.J. Hockenson,MIN,GB,TE,0.0,0.0,0.0,0.0,0.0,0.0,-10.4,15.8,0.008,0.0071864111498257,29.7,15.7,61.2,0.32,0.2908195152979975,0.0,0.0,0.0,0.0,0.0,0.0,0.0,0.0,Active,starter,2026-09-06T20:32:23+00:00
2026,1,401872927,00-0041342,Dillon Bell,MIN,GB,WR,0.0,0.0,0.0,0.0,0.0,0.0,0.0,0.0,0.0,0.0,0.0,0.0,0.0,0.0,0.0,0.0,0.0,0.0,0.0,0.0,0.0,0.0,0.0,,roster_only,2026-09-06T20:32:23+00:00
2026,1,401872927,00-0036259,Jauan Jennings,MIN,GB,WR,0.0,0.0,0.0,0.0,0.0,0.0,-10.3,15.8,0.008,0.0071864111498257,21.0,-3.1,75.8,0.249,0.2244982308290093,0.0,0.0,0.0,0.0,0.0,0.0,0.0,0.0,Active,backup,2026-09-06T20:32:23+00:00
2026,1,401872927,00-0039710,Jeshaun Jones,MIN,GB,WR,0.0,0.0,0.0,0.0,0.0,0.0,0.0,0.0,0.0,0.0,0.0,0.0,0.0,0.0,0.0,0.0,0.0,0.0,0.0,0.0,0.0,0.0,0.0,Suspension,backup,2026-09-06T20:32:23+00:00
2026,1,401872927,00-0038994,Jordan Addison,MIN,GB,WR,0.0,0.0,0.0,0.0,0.0,2.0,-8.1,18.0,0.008,0.0071864111498257,28.8,14.9,60.4,0.256,0.23089762515762,0.0,0.0,0.0,0.0,0.0,0.0,0.0,0.0,Active,backup,2026-09-06T20:32:23+00:00
2026,1,401872927,00-0036322,Justin Jefferson,MIN,GB,WR,0.0,0.0,0.0,0.0,0.0,0.0,-10.4,15.8,0.008,0.0071864111498257,59.5,35.3,114.2,0.414,0.3423597678916827,0.0,0.0,0.0,0.0,0.0,0.0,0.0,0.0,Active,starter,2026-09-06T20:32:23+00:00
2026,1,401872927,00-0040970,Michael Briscoe,MIN,GB,WR,0.0,0.0,0.0,0.0,0.0,0.0,0.0,0.0,0.0,0.0,0.0,0.0,0.0,0.0,0.0,0.0,0.0,0.0,0.0,0.0,0.0,0.0,0.0,,roster_only,2026-09-06T20:32:23+00:00
2026,1,401872927,00-0040506,Myles Price,MIN,GB,WR,0.0,0.0,0.0,0.0,0.0,0.0,-10.2,16.0,0.008,0.0071864111498257,0.0,-15.5,30.0,0.028,0.0257074274201423,0.0,0.0,0.0,0.0,0.0,0.0,0.0,0.0,,backup,2026-09-06T20:32:23+00:00
2026,1,401872927,00-0040154,Tai Felton,MIN,GB,WR,0.0,0.0,0.0,0.0,0.0,0.0,-10.3,15.9,0.008,0.0071864111498257,0.0,-15.2,30.3,0.035,0.0338408206307345,0.0,0.0,0.0,0.0,0.0,0.0,0.0,0.0,,backup,2026-09-06T20:32:23+00:00
2026,1,401872927,00-0041475,Trayvon Rudolph,MIN,GB,WR,0.0,0.0,0.0,0.0,0.0,0.0,0.0,0.0,0.0,0.0,0.0,0.0,0.0,0.0,0.0,0.0,0.0,0.0,0.0,0.0,0.0,0.0,0.0,,roster_only,2026-09-06T20:32:23+00:00
2026,1,401872928,00-0039676,Chigozie Anusiem,LV,MIA,CB,0.0,0.0,0.0,0.0,0.0,0.0,0.0,0.0,0.0,0.0,0.0,0.0,0.0,0.0,0.0,0.0,0.0,0.0,0.0,0.0,0.0,0.0,0.0,Injured Reserve,backup,2026-09-06T20:32:23+00:00
2026,1,401872928,00-0040641,Darien Porter,LV,MIA,CB,0.0,0.0,0.0,0.0,0.0,0.0,0.0,0.0,0.0,0.0,0.0,0.0,0.0,0.0,0.0,0.0,0.0,0.0,4.0,1.3,7.4,0.022,0.0186525636471334,,starter,2026-09-06T20:32:23+00:00
2026,1,401872928,00-0038594,Darrell Luter Jr.,LV,MIA,CB,0.0,0.0,0.0,0.0,0.0,0.0,0.0,0.0,0.0,0.0,0.0,0.0,0.0,0.0,0.0,0.0,0.0,0.0,2.5,0.0,6.1,0.015,0.0124919642692663,Active,backup,2026-09-06T20:32:23+00:00
2026,1,401872928,00-0036901,Eric Stokes,LV,MIA,CB,0.0,0.0,0.0,0.0,0.0,0.0,0.0,0.0,0.0,0.0,0.0,0.0,0.0,0.0,0.0,0.0,0.0,0.0,3.5,0.8,7.0,0.016,0.0137029765283181,,starter,2026-09-06T20:32:23+00:00
2026,1,401872928,00-0040489,Greedy Vance,LV,MIA,CB,0.0,0.0,0.0,0.0,0.0,0.0,0.0,0.0,0.0,0.0,0.0,0.0,0.0,0.0,0.0,0.0,0.0,0.0,0.0,0.0,0.0,0.0,0.0,,roster_only,2026-09-06T20:32:23+00:00
2026,1,401872928,00-0040889,Hezekiah Masses,LV,MIA,CB,0.0,0.0,0.0,0.0,0.0,0.0,0.0,0.0,0.0,0.0,0.0,0.0,0.0,0.0,0.0,0.0,0.0,0.0,2.0,0.0,6.0,0.014,0.0113269430457719,,backup,2026-09-06T20:32:23+00:00
2026,1,401872928,00-0041563,Jermod McCoy,LV,MIA,CB,0.0,0.0,0.0,0.0,0.0,0.0,0.0,0.0,0.0,0.0,0.0,0.0,0.0,0.0,0.0,0.0,0.0,0.0,1.7,0.0,5.5,0.011,0.009066807552539,Active,backup,2026-09-06T20:32:23+00:00
2026,1,401872928,00-0034376,Taron Johnson,LV,MIA,CB,0.0,0.0,0.0,0.0,0.0,0.0,0.0,0.0,0.0,0.0,0.0,0.0,0.0,0.0,0.0,0.0,0.0,0.0,4.7,2.4,7.2,0.02,0.0171647004967509,,starter,2026-09-06T20:32:23+00:00
2026,1,401872928,00-0041006,Cian Slone,LV,MIA,DE,0.0,0.0,0.0,0.0,0.0,0.0,0.0,0.0,0.0,0.0,0.0,0.0,0.0,0.0,0.0,0.0,0.0,0.0,0.0,0.0,0.0,0.0,0.0,,roster_only,2026-09-06T20:32:23+00:00
2026,1,401872928,00-0041553,Keyron Crawford,LV,MIA,DE,0.0,0.0,0.0,0.0,0.0,0.0,0.0,0.0,0.0,0.0,0.0,0.0,0.0,0.0,0.0,0.0,0.0,0.0,0.0,0.0,0.0,0.0,0.0,Injured Reserve,backup,2026-09-06T20:32:23+00:00
2026,1,401872928,00-0036479,Kwity Paye,LV,MIA,DE,0.0,0.0,0.0,0.0,0.0,0.0,0.0,0.0,0.0,0.0,0.0,0.0,0.0,0.0,0.0,0.0,0.0,0.0,2.2,0.3,4.7,0.315,0.2540116354084213,,starter,2026-09-06T20:32:23+00:00
2026,1,401872928,00-0036989,Malcolm Koonce,LV,MIA,DE,0.0,0.0,0.0,0.0,0.0,0.0,0.0,0.0,0.0,0.0,0.0,0.0,0.0,0.0,0.0,0.0,0.0,0.0,1.5,0.0,3.9,0.364,0.2914933757687236,,backup,2026-09-06T20:32:23+00:00
2026,1,401872928,00-0034973,Maxx Crosby,LV,MIA,DE,0.0,0.0,0.0,0.0,0.0,0.0,0.0,0.0,0.0,0.0,0.0,0.0,0.0,0.0,0.0,0.0,0.0,0.0,3.5,1.3,6.2,0.436,0.3200775945683802,Active,starter,2026-09-06T20:32:23+00:00
2026,1,401872928,00-0036922,Patrick Johnson,LV,MIA,DE,0.0,0.0,0.0,0.0,0.0,0.0,0.0,0.0,0.0,0.0,0.0,0.0,0.0,0.0,0.0,0.0,0.0,0.0,0.8,0.0,3.3,0.062,0.0517851697038635,Active,backup,2026-09-06T20:32:23+00:00
2026,1,401872928,00-0033381,Adam Butler,LV,MIA,DT,0.0,0.0,0.0,0.0,0.0,0.0,0.0,0.0,0.0,0.0,0.0,0.0,0.0,0.0,0.0,0.0,0.0,0.0,1.8,0.0,4.4,0.169,0.1270202060268046,Active,starter,2026-09-06T20:32:23+00:00
2026,1,401872928,00-0040902,Brandon Cleveland,LV,MIA,DT,0.0,0.0,0.0,0.0,0.0,0.0,0.0,0.0,0.0,0.0,0.0,0.0,0.0,0.0,0.0,0.0,0.0,0.0,0.0,0.0,0.0,0.0,0.0,,roster_only,2026-09-06T20:32:23+00:00
2026,1,401872928,00-0034275,Folorunso Fatukasi,LV,MIA,DT,0.0,0.0,0.0,0.0,0.0,0.0,0.0,0.0,0.0,0.0,0.0,0.0,0.0,0.0,0.0,0.0,0.0,0.0,1.1,0.0,3.6,0.078,0.0631956196207803,Active,backup,2026-09-06T20:32:23+00:00
2026,1,401872928,SMI283040,Gary Smith III,LV,MIA,DT,0.0,0.0,0.0,0.0,0.0,0.0,0.0,0.0,0.0,0.0,0.0,0.0,0.0,0.0,0.0,0.0,0.0,0.0,0.0,0.0,0.0,0.0,0.0,,roster_only,2026-09-06T20:32:23+00:00
2026,1,401872928,00-0040199,JJ Pegues,LV,MIA,DT,0.0,0.0,0.0,0.0,0.0,0.0,0.0,0.0,0.0,0.0,0.0,0.0,0.0,0.0,0.0,0.0,0.0,0.0,1.1,0.0,3.6,0.081,0.0654165730308022,,backup,2026-09-06T20:32:23+00:00
2026,1,401872928,00-0039423,Jonah Laulu,LV,MIA,DT,0.0,0.0,0.0,0.0,0.0,0.0,0.0,0.0,0.0,0.0,0.0,0.0,0.0,0.0,0.0,0.0,0.0,0.0,2.9,0.7,5.6,0.13,0.1019269712651724,,starter,2026-09-06T20:32:23+00:00
2026,1,401872928,00-0037262,Thomas Booker IV,LV,MIA,DT,0.0,0.0,0.0,0.0,0.0,0.0,0.0,0.0,0.0,0.0,0.0,0.0,0.0,0.0,0.0,0.0,0.0,0.0,2.0,0.2,4.6,0.135,0.1042807816037785,,starter,2026-09-06T20:32:23+00:00
2026,1,401872928,00-0040169,Tonka Hemingway,LV,MIA,DT,0.0,0.0,0.0,0.0,0.0,0.0,0.0,0.0,0.0,0.0,0.0,0.0,0.0,0.0,0.0,0.0,0.0,0.0,1.1,0.0,3.7,0.121,0.0964916139521069,,backup,2026-09-06T20:32:23+00:00
2026,1,401872928,00-0037304,Connor Heyward,LV,MIA,FB,0.0,0.0,0.0,0.0,0.0,7.8,-13.1,40.6,0.091,0.0847168556250149,1.1,-12.8,32.7,0.023,0.0231660231660231,0.0,0.0,0.0,0.0,0.0,0.0,0.0,0.0,,starter,2026-09-06T20:32:23+00:00
2026,1,401872928,00-0036552,Azeez Ojulari,LV,MIA,LB,0.0,0.0,0.0,0.0,0.0,0.0,0.0,0.0,0.0,0.0,0.0,0.0,0.0,0.0,0.0,0.0,0.0,0.0,0.0,0.0,0.0,0.0,0.0,,roster_only,2026-09-06T20:32:23+00:00
2026,1,401872928,00-0039836,Brennan Jackson,LV,MIA,LB,0.0,0.0,0.0,0.0,0.0,0.0,0.0,0.0,0.0,0.0,0.0,0.0,0.0,0.0,0.0,0.0,0.0,0.0,0.0,0.0,0.0,0.0,0.0,Injured Reserve,backup,2026-09-06T20:32:23+00:00
2026,1,401872928,00-0036644,Cameron McGrone,LV,MIA,LB,0.0,0.0,0.0,0.0,0.0,0.0,0.0,0.0,0.0,0.0,0.0,0.0,0.0,0.0,0.0,0.0,0.0,0.0,0.0,0.0,0.0,0.0,0.0,,roster_only,2026-09-06T20:32:23+00:00
2026,1,401872928,00-0040228,Cody Lindenberg,LV,MIA,LB,0.0,0.0,0.0,0.0,0.0,0.0,0.0,0.0,0.0,0.0,0.0,0.0,0.0,0.0,0.0,0.0,0.0,0.0,0.0,0.0,0.0,0.0,0.0,,roster_only,2026-09-06T20:32:23+00:00
2026,1,401872928,00-0037615,Nakobe Dean,LV,MIA,LB,0.0,0.0,0.0,0.0,0.0,0.0,0.0,0.0,0.0,0.0,0.0,0.0,0.0,0.0,0.0,0.0,0.0,0.0,0.0,0.0,0.0,0.0,0.0,,roster_only,2026-09-06T20:32:23+00:00
2026,1,401872928,00-0037074,Quay Walker,LV,MIA,LB,0.0,0.0,0.0,0.0,0.0,0.0,0.0,0.0,0.0,0.0,0.0,0.0,0.0,0.0,0.0,0.0,0.0,0.0,0.0,0.0,0.0,0.0,0.0,,roster_only,2026-09-06T20:32:23+00:00
2026,1,401872928,00-0037527,Segun Olubi,LV,MIA,LB,0.0,0.0,0.0,0.0,0.0,0.0,0.0,0.0,0.0,0.0,0.0,0.0,0.0,0.0,0.0,0.0,0.0,0.0,0.0,0.0,0.0,0.0,0.0,,roster_only,2026-09-06T20:32:23+00:00
2026,1,401872928,00-0039374,Tommy Eichenberg,LV,MIA,LB,0.0,0.0,0.0,0.0,0.0,0.0,0.0,0.0,0.0,0.0,0.0,0.0,0.0,0.0,0.0,0.0,0.0,0.0,0.0,0.0,0.0,0.0,0.0,,roster_only,2026-09-06T20:32:23+00:00
2026,1,401872928,MAT411363,Kansei Matsuzawa,LV,MIA,PK,0.0,0.0,0.0,0.0,0.0,0.0,0.0,0.0,0.0,0.0,0.0,0.0,0.0,0.0,0.0,0.0,0.0,0.0,0.0,0.0,0.0,0.0,0.0,,kicker_role,2026-09-06T20:32:23+00:00
2026,1,401872928,00-0035269,Matt Gay,LV,MIA,PK,0.0,0.0,0.0,0.0,0.0,0.0,0.0,0.0,0.0,0.0,0.0,0.0,0.0,0.0,0.0,6.9,1.9,12.8,0.0,0.0,0.0,0.0,0.0,Active,starter,2026-09-06T20:32:23+00:00
2026,1,401872928,00-0038579,Aidan O'Connell,LV,MIA,QB,0.0,0.0,0.0,0.0,0.0,6.3,-5.1,24.3,0.129,0.1162471145114011,0.0,0.0,0.0,0.0,0.0,0.0,0.0,0.0,0.0,0.0,0.0,0.0,0.0,,backup,2026-09-06T20:32:23+00:00
2026,1,401872928,00-0041562,Fernando Mendoza,LV,MIA,QB,0.0,0.0,0.0,0.0,0.0,6.1,-9.6,30.8,0.076,0.0722014459836786,0.0,0.0,0.0,0.0,0.0,0.0,0.0,0.0,0.0,0.0,0.0,0.0,0.0,Active,backup,2026-09-06T20:32:23+00:00
2026,1,401872928,00-0029604,Kirk Cousins,LV,MIA,QB,203.2,112.0,309.3,1.589,0.8125,2.8,-7.4,18.7,0.068,0.066054784059723,0.0,0.0,0.0,0.0,0.0,0.0,0.0,0.0,0.0,0.0,0.0,0.0,0.0,Active,starter,2026-09-06T20:32:23+00:00
2026,1,401872928,00-0040122,Ashton Jeanty,LV,MIA,RB,0.0,0.0,0.0,0.0,0.0,63.4,42.5,96.2,0.285,0.2691775334638087,24.5,10.6,56.0,0.067,0.0658959073464246,0.0,0.0,0.0,0.0,0.0,0.0,0.0,0.0,Questionable,starter,2026-09-06T20:32:23+00:00
2026,1,401872928,00-0039244,Chris Collier,LV,MIA,RB,0.0,0.0,0.0,0.0,0.0,0.0,0.0,0.0,0.0,0.0,0.0,0.0,0.0,0.0,0.0,0.0,0.0,0.0,0.0,0.0,0.0,0.0,0.0,Injured Reserve,backup,2026-09-06T20:32:23+00:00
2026,1,401872928,00-0033854,Dare Ogunbowale,LV,MIA,RB,0.0,0.0,0.0,0.0,0.0,0.0,0.0,0.0,0.0,0.0,0.0,0.0,0.0,0.0,0.0,0.0,0.0,0.0,0.0,0.0,0.0,0.0,0.0,,roster_only,2026-09-06T20:32:23+00:00
2026,1,401872928,00-0039407,Dylan Laube,LV,MIA,RB,0.0,0.0,0.0,0.0,0.0,1.3,-8.8,17.3,0.008,0.0071864111498257,0.0,-15.7,29.8,0.023,0.0231660231660231,0.0,0.0,0.0,0.0,0.0,0.0,0.0,0.0,,backup,2026-09-06T20:32:23+00:00
2026,1,401872928,WAS569019,Mike Washington Jr.,LV,MIA,RB,0.0,0.0,0.0,0.0,0.0,11.7,-17.0,56.8,0.069,0.0667988262472261,1.2,-18.0,44.5,0.034,0.0334567063358641,0.0,0.0,0.0,0.0,0.0,0.0,0.0,0.0,Active,backup,2026-09-06T20:32:23+00:00
2026,1,401872928,00-0040998,Roman Hemby,LV,MIA,RB,0.0,0.0,0.0,0.0,0.0,0.0,0.0,0.0,0.0,0.0,0.0,0.0,0.0,0.0,0.0,0.0,0.0,0.0,0.0,0.0,0.0,0.0,0.0,,roster_only,2026-09-06T20:32:23+00:00
2026,1,401872928,00-0040883,Dalton Johnson,LV,MIA,S,0.0,0.0,0.0,0.0,0.0,0.0,0.0,0.0,0.0,0.0,0.0,0.0,0.0,0.0,0.0,0.0,0.0,0.0,2.1,0.0,6.0,0.014,0.0113269430457719,,backup,2026-09-06T20:32:23+00:00
2026,1,401872928,00-0041000,Devin Lafayette,LV,MIA,S,0.0,0.0,0.0,0.0,0.0,0.0,0.0,0.0,0.0,0.0,0.0,0.0,0.0,0.0,0.0,0.0,0.0,0.0,0.0,0.0,0.0,0.0,0.0,,roster_only,2026-09-06T20:32:23+00:00
2026,1,401872928,00-0037512,Isaiah Pola-Mao,LV,MIA,S,0.0,0.0,0.0,0.0,0.0,0.0,0.0,0.0,0.0,0.0,0.0,0.0,0.0,0.0,0.0,0.0,0.0,0.0,5.7,3.0,9.1,0.041,0.0337254531102895,,starter,2026-09-06T20:32:23+00:00
2026,1,401872928,00-0036293,Jeremy Chinn,LV,MIA,S,0.0,0.0,0.0,0.0,0.0,0.0,0.0,0.0,0.0,0.0,0.0,0.0,0.0,0.0,0.0,0.0,0.0,0.0,5.9,3.2,9.3,0.024,0.0208171102172342,,starter,2026-09-06T20:32:23+00:00
2026,1,401872928,00-0040868,Treydan Stukes,LV,MIA,S,0.0,0.0,0.0,0.0,0.0,0.0,0.0,0.0,0.0,0.0,0.0,0.0,0.0,0.0,0.0,0.0,0.0,0.0,2.1,0.0,6.0,0.014,0.0113269430457719,,backup,2026-09-06T20:32:23+00:00
2026,1,401872928,00-0037461,Tristin McCollum,LV,MIA,S,0.0,0.0,0.0,0.0,0.0,0.0,0.0,0.0,0.0,0.0,0.0,0.0,0.0,0.0,0.0,0.0,0.0,0.0,1.1,0.0,3.9,0.007,0.0052896086091488,,backup,2026-09-06T20:32:23+00:00
2026,1,401872928,00-0039338,Brock Bowers,LV,MIA,TE,0.0,0.0,0.0,0.0,0.0,0.0,-10.2,15.9,0.008,0.0071864111498257,52.6,35.0,92.4,0.254,0.2292297808442112,0.0,0.0,0.0,0.0,0.0,0.0,0.0,0.0,Active,starter,2026-09-06T20:32:23+00:00
2026,1,401872928,00-0040488,Carter Runyon,LV,MIA,TE,0.0,0.0,0.0,0.0,0.0,0.0,0.0,0.0,0.0,0.0,0.0,0.0,0.0,0.0,0.0,0.0,0.0,0.0,0.0,0.0,0.0,0.0,0.0,Injured Reserve,backup,2026-09-06T20:32:23+00:00
2026,1,401872928,00-0035345,Chris Myarick,LV,MIA,TE,0.0,0.0,0.0,0.0,0.0,0.0,0.0,0.0,0.0,0.0,0.0,0.0,0.0,0.0,0.0,0.0,0.0,0.0,0.0,0.0,0.0,0.0,0.0,,roster_only,2026-09-06T20:32:23+00:00
2026,1,401872928,00-0034365,Ian Thomas,LV,MIA,TE,0.0,0.0,0.0,0.0,0.0,0.0,-10.4,15.7,0.008,0.0071864111498257,4.3,-9.7,35.8,0.045,0.0424710424710424,0.0,0.0,0.0,0.0,0.0,0.0,0.0,0.0,,backup,2026-09-06T20:32:23+00:00
2026,1,401872928,00-0039066,Michael Mayer,LV,MIA,TE,0.0,0.0,0.0,0.0,0.0,0.0,-10.4,15.8,0.008,0.0071864111498257,21.3,3.7,61.1,0.089,0.0863541147812728,0.0,0.0,0.0,0.0,0.0,0.0,0.0,0.0,Active,backup,2026-09-06T20:32:23+00:00
2026,1,401872928,00-0035891,Cody White,LV,MIA,WR,0.0,0.0,0.0,0.0,0.0,0.0,0.0,0.0,0.0,0.0,0.0,0.0,0.0,0.0,0.0,0.0,0.0,0.0,0.0,0.0,0.0,0.0,0.0,,roster_only,2026-09-06T20:32:23+00:00
2026,1,401872928,RUC514959,Corey Rucker,LV,MIA,WR,0.0,0.0,0.0,0.0,0.0,0.0,0.0,0.0,0.0,0.0,0.0,0.0,0.0,0.0,0.0,0.0,0.0,0.0,0.0,0.0,0.0,0.0,0.0,,backup,2026-09-06T20:32:23+00:00
2026,1,401872928,00-0037093,Dareke Young,LV,MIA,WR,0.0,0.0,0.0,0.0,0.0,0.0,-10.2,16.0,0.008,0.0071864111498257,0.8,-13.1,32.4,0.031,0.0299940048726468,0.0,0.0,0.0,0.0,0.0,0.0,0.0,0.0,,backup,2026-09-06T20:32:23+00:00
2026,1,401872928,00-0037487,Deven Thompkins,LV,MIA,WR,0.0,0.0,0.0,0.0,0.0,0.0,0.0,0.0,0.0,0.0,0.0,0.0,0.0,0.0,0.0,0.0,0.0,0.0,0.0,0.0,0.0,0.0,0.0,,roster_only,2026-09-06T20:32:23+00:00
2026,1,401872928,00-0040581,Dont'e Thornton Jr.,LV,MIA,WR,0.0,0.0,0.0,0.0,0.0,0.0,0.0,0.0,0.0,0.0,0.0,0.0,0.0,0.0,0.0,0.0,0.0,0.0,0.0,0.0,0.0,0.0,0.0,Injured Reserve,backup,2026-09-06T20:32:23+00:00
2026,1,401872928,00-0040729,Jack Bech,LV,MIA,WR,0.0,0.0,0.0,0.0,0.0,0.0,-10.3,15.9,0.008,0.0071864111498257,14.6,-9.6,69.4,0.073,0.0727905550678795,0.0,0.0,0.0,0.0,0.0,0.0,0.0,0.0,Active,backup,2026-09-06T20:32:23+00:00
2026,1,401872928,00-0037291,Jalen Nailor,LV,MIA,WR,0.0,0.0,0.0,0.0,0.0,0.0,-10.3,15.8,0.008,0.0071864111498257,12.9,-1.0,44.4,0.072,0.0727467909621518,0.0,0.0,0.0,0.0,0.0,0.0,0.0,0.0,Active,backup,2026-09-06T20:32:23+00:00
2026,1,401872928,00-0038590,Justin Shorter,LV,MIA,WR,0.0,0.0,0.0,0.0,0.0,0.0,0.0,0.0,0.0,0.0,0.0,0.0,0.0,0.0,0.0,0.0,0.0,0.0,0.0,0.0,0.0,0.0,0.0,,backup,2026-09-06T20:32:23+00:00
2026,1,401872928,00-0040894,Malik Benson,LV,MIA,WR,0.0,0.0,0.0,0.0,0.0,0.0,-14.1,21.8,0.008,0.0071864111498257,3.9,-15.3,47.2,0.045,0.0424710424710424,0.0,0.0,0.0,0.0,0.0,0.0,0.0,0.0,Active,backup,2026-09-06T20:32:23+00:00
2026,1,401872928,00-0038647,Ronnie Bell,LV,MIA,WR,0.0,0.0,0.0,0.0,0.0,0.0,0.0,0.0,0.0,0.0,0.0,0.0,0.0,0.0,0.0,0.0,0.0,0.0,0.0,0.0,0.0,0.0,0.0,,roster_only,2026-09-06T20:32:23+00:00
2026,1,401872928,00-0038563,Tre Tucker,LV,MIA,WR,0.0,0.0,0.0,0.0,0.0,1.9,-8.3,17.9,0.023,0.0218637042064175,36.6,12.4,91.4,0.14,0.1213772776595097,0.0,0.0,0.0,0.0,0.0,0.0,0.0,0.0,Active,starter,2026-09-06T20:32:23+00:00
2026,1,401872928,00-0041533,Chris Johnson,MIA,LV,CB,0.0,0.0,0.0,0.0,0.0,0.0,0.0,0.0,0.0,0.0,0.0,0.0,0.0,0.0,0.0,0.0,0.0,0.0,3.6,0.7,7.3,0.015,0.01238168975392,,starter,2026-09-06T20:32:23+00:00
2026,1,401872928,00-0037549,Darrell Baker Jr.,MIA,LV,CB,0.0,0.0,0.0,0.0,0.0,0.0,0.0,0.0,0.0,0.0,0.0,0.0,0.0,0.0,0.0,0.0,0.0,0.0,0.0,0.0,0.0,0.0,0.0,Out,backup,2026-09-06T20:32:23+00:00
2026,1,401872928,00-0038684,Ethan Bonner,MIA,LV,CB,0.0,0.0,0.0,0.0,0.0,0.0,0.0,0.0,0.0,0.0,0.0,0.0,0.0,0.0,0.0,0.0,0.0,0.0,0.0,0.0,0.0,0.0,0.0,,roster_only,2026-09-06T20:32:23+00:00
2026,1,401872928,00-0040178,Jason Marshall Jr.,MIA,LV,CB,0.0,0.0,0.0,0.0,0.0,0.0,0.0,0.0,0.0,0.0,0.0,0.0,0.0,0.0,0.0,0.0,0.0,0.0,3.9,1.2,7.3,0.021,0.0182642527242497,,starter,2026-09-06T20:32:23+00:00
2026,1,401872928,00-0039156,JuJu Brents,MIA,LV,CB,0.0,0.0,0.0,0.0,0.0,0.0,0.0,0.0,0.0,0.0,0.0,0.0,0.0,0.0,0.0,0.0,0.0,0.0,4.2,2.0,6.8,0.014,0.0119584622635066,Active,starter,2026-09-06T20:32:23+00:00
2026,1,401872928,00-0039390,Marcellas Dial Jr.,MIA,LV,CB,0.0,0.0,0.0,0.0,0.0,0.0,0.0,0.0,0.0,0.0,0.0,0.0,0.0,0.0,0.0,0.0,0.0,0.0,1.8,0.0,4.6,0.011,0.0092727089101379,,backup,2026-09-06T20:32:23+00:00
2026,1,401872928,00-0038521,Reese Taylor,MIA,LV,CB,0.0,0.0,0.0,0.0,0.0,0.0,0.0,0.0,0.0,0.0,0.0,0.0,0.0,0.0,0.0,0.0,0.0,0.0,0.7,0.0,3.5,0.004,0.0038797284190106,Active,backup,2026-09-06T20:32:23+00:00
2026,1,401872928,00-0039481,Storm Duck,MIA,LV,CB,0.0,0.0,0.0,0.0,0.0,0.0,0.0,0.0,0.0,0.0,0.0,0.0,0.0,0.0,0.0,0.0,0.0,0.0,0.0,0.0,0.0,0.0,0.0,Out,backup,2026-09-06T20:32:23+00:00
2026,1,401872928,00-0035692,Clelin Ferrell,MIA,LV,DE,0.0,0.0,0.0,0.0,0.0,0.0,0.0,0.0,0.0,0.0,0.0,0.0,0.0,0.0,0.0,0.0,0.0,0.0,0.0,0.0,0.0,0.0,0.0,,roster_only,2026-09-06T20:32:23+00:00
2026,1,401872928,00-0036682,Malik Herring,MIA,LV,DE,0.0,0.0,0.0,0.0,0.0,0.0,0.0,0.0,0.0,0.0,0.0,0.0,0.0,0.0,0.0,0.0,0.0,0.0,0.8,0.0,3.2,0.053,0.0443208022288212,,backup,2026-09-06T20:32:23+00:00
2026,1,401872928,00-0041531,Max Llewellyn,MIA,LV,DE,0.0,0.0,0.0,0.0,0.0,0.0,0.0,0.0,0.0,0.0,0.0,0.0,0.0,0.0,0.0,0.0,0.0,0.0,0.0,0.0,0.0,0.0,0.0,,roster_only,2026-09-06T20:32:23+00:00
2026,1,401872928,00-0038603,Robert Beal Jr.,MIA,LV,DE,0.0,0.0,0.0,0.0,0.0,0.0,0.0,0.0,0.0,0.0,0.0,0.0,0.0,0.0,0.0,0.0,0.0,0.0,1.1,0.0,3.7,0.099,0.0794456837704039,,backup,2026-09-06T20:32:23+00:00
2026,1,401872928,00-0041159,Rodney McGraw,MIA,LV,DE,0.0,0.0,0.0,0.0,0.0,0.0,0.0,0.0,0.0,0.0,0.0,0.0,0.0,0.0,0.0,0.0,0.0,0.0,0.0,0.0,0.0,0.0,0.0,,roster_only,2026-09-06T20:32:23+00:00
2026,1,401872928,00-0039570,Jordan Miller,MIA,LV,DT,0.0,0.0,0.0,0.0,0.0,0.0,0.0,0.0,0.0,0.0,0.0,0.0,0.0,0.0,0.0,0.0,0.0,0.0,0.0,0.0,0.0,0.0,0.0,,roster_only,2026-09-06T20:32:23+00:00
2026,1,401872928,00-0040175,Jordan Phillips,MIA,LV,DT,0.0,0.0,0.0,0.0,0.0,0.0,0.0,0.0,0.0,0.0,0.0,0.0,0.0,0.0,0.0,0.0,0.0,0.0,0.0,0.0,0.0,0.0,0.0,,roster_only,2026-09-06T20:32:23+00:00
2026,1,401872928,00-0040655,Keith Cooper Jr.,MIA,LV,DT,0.0,0.0,0.0,0.0,0.0,0.0,0.0,0.0,0.0,0.0,0.0,0.0,0.0,0.0,0.0,0.0,0.0,0.0,0.6,0.0,4.2,0.126,0.0991705161950292,,backup,2026-09-06T20:32:23+00:00
2026,1,401872928,00-0040127,Kenneth Grant,MIA,LV,DT,0.0,0.0,0.0,0.0,0.0,0.0,0.0,0.0,0.0,0.0,0.0,0.0,0.0,0.0,0.0,0.0,0.0,0.0,0.0,0.0,0.0,0.0,0.0,Injured Reserve,backup,2026-09-06T20:32:23+00:00
2026,1,401872928,00-0038545,Mazi Smith,MIA,LV,DT,0.0,0.0,0.0,0.0,0.0,0.0,0.0,0.0,0.0,0.0,0.0,0.0,0.0,0.0,0.0,0.0,0.0,0.0,0.0,0.0,0.0,0.0,0.0,,roster_only,2026-09-06T20:32:23+00:00
2026,1,401872928,00-0041136,Rene Konga,MIA,LV,DT,0.0,0.0,0.0,0.0,0.0,0.0,0.0,0.0,0.0,0.0,0.0,0.0,0.0,0.0,0.0,0.0,0.0,0.0,0.0,0.0,0.0,0.0,0.0,,backup,2026-09-06T20:32:23+00:00
2026,1,401872928,00-0034285,Zach Sieler,MIA,LV,DT,0.0,0.0,0.0,0.0,0.0,0.0,0.0,0.0,0.0,0.0,0.0,0.0,0.0,0.0,0.0,0.0,0.0,0.0,2.6,0.5,5.4,0.339,0.272440017018804,,starter,2026-09-06T20:32:23+00:00
2026,1,401872928,00-0040248,Zeek Biggers,MIA,LV,DT,0.0,0.0,0.0,0.0,0.0,0.0,0.0,0.0,0.0,0.0,0.0,0.0,0.0,0.0,0.0,0.0,0.0,0.0,1.7,0.0,4.1,0.179,0.1364665520237183,,backup,2026-09-06T20:32:23+00:00
2026,1,401872928,00-0041436,DJ Herman,MIA,LV,FB,0.0,0.0,0.0,0.0,0.0,10.4,-18.3,55.5,0.061,0.059862573158589,1.9,-17.2,45.3,0.09,0.086572316883265,0.0,0.0,0.0,0.0,0.0,0.0,0.0,0.0,,starter,2026-09-06T20:32:23+00:00
2026,1,401872928,00-0039539,Amari Gainer,MIA,LV,LB,0.0,0.0,0.0,0.0,0.0,0.0,0.0,0.0,0.0,0.0,0.0,0.0,0.0,0.0,0.0,0.0,0.0,0.0,0.0,0.0,0.0,0.0,0.0,,roster_only,2026-09-06T20:32:23+00:00
2026,1,401872928,00-0039911,Chop Robinson,MIA,LV,LB,0.0,0.0,0.0,0.0,0.0,0.0,0.0,0.0,0.0,0.0,0.0,0.0,0.0,0.0,0.0,0.0,0.0,0.0,1.8,0.0,4.3,0.153,0.1146337554801332,,starter,2026-09-06T20:32:23+00:00
2026,1,401872928,00-0040066,Jackson Woodard,MIA,LV,LB,0.0,0.0,0.0,0.0,0.0,0.0,0.0,0.0,0.0,0.0,0.0,0.0,0.0,0.0,0.0,0.0,0.0,0.0,0.7,0.0,4.2,0.099,0.0797153859394344,,backup,2026-09-06T20:32:23+00:00
2026,1,401872928,00-0041522,Jacob Rodriguez,MIA,LV,LB,0.0,0.0,0.0,0.0,0.0,0.0,0.0,0.0,0.0,0.0,0.0,0.0,0.0,0.0,0.0,0.0,0.0,0.0,3.0,0.4,6.5,0.139,0.1065722367916044,Questionable,starter,2026-09-06T20:32:23+00:00
2026,1,401872928,00-0036409,Jordyn Brooks,MIA,LV,LB,0.0,0.0,0.0,0.0,0.0,0.0,0.0,0.0,0.0,0.0,0.0,0.0,0.0,0.0,0.0,0.0,0.0,0.0,6.7,4.4,11.6,0.044,0.0362537477069813,Active,starter,2026-09-06T20:32:23+00:00
2026,1,401872928,00-0036159,Josh Uche,MIA,LV,LB,0.0,0.0,0.0,0.0,0.0,0.0,0.0,0.0,0.0,0.0,0.0,0.0,0.0,0.0,0.0,0.0,0.0,0.0,1.8,0.0,4.3,0.249,0.2000181689294609,,starter,2026-09-06T20:32:23+00:00
2026,1,401872928,00-0041527,Kyle Louis,MIA,LV,LB,0.0,0.0,0.0,0.0,0.0,0.0,0.0,0.0,0.0,0.0,0.0,0.0,0.0,0.0,0.0,0.0,0.0,0.0,1.1,0.0,4.7,0.127,0.1001000902997675,,backup,2026-09-06T20:32:23+00:00
2026,1,401872928,00-0038429,Liam Anderson,MIA,LV,LB,0.0,0.0,0.0,0.0,0.0,0.0,0.0,0.0,0.0,0.0,0.0,0.0,0.0,0.0,0.0,0.0,0.0,0.0,0.0,0.0,0.0,0.0,0.0,,roster_only,2026-09-06T20:32:23+00:00
2026,1,401872928,00-0034779,Ronnie Harrison Jr.,MIA,LV,LB,0.0,0.0,0.0,0.0,0.0,0.0,0.0,0.0,0.0,0.0,0.0,0.0,0.0,0.0,0.0,0.0,0.0,0.0,1.9,0.0,4.4,0.047,0.0394030691432262,,backup,2026-09-06T20:32:23+00:00
2026,1,401872928,00-0041526,Trey Moore,MIA,LV,LB,0.0,0.0,0.0,0.0,0.0,0.0,0.0,0.0,0.0,0.0,0.0,0.0,0.0,0.0,0.0,0.0,0.0,0.0,0.0,0.0,0.0,0.0,0.0,Injured Reserve,backup,2026-09-06T20:32:23+00:00
2026,1,401872928,00-0036362,Willie Gay Jr.,MIA,LV,LB,0.0,0.0,0.0,0.0,0.0,0.0,0.0,0.0,0.0,0.0,0.0,0.0,0.0,0.0,0.0,0.0,0.0,0.0,3.4,1.3,5.7,0.025,0.0210823448680934,,starter,2026-09-06T20:32:23+00:00
2026,1,401872928,00-0031557,Jordan Phillips,MIA,LV,LDT,0.0,0.0,0.0,0.0,0.0,0.0,0.0,0.0,0.0,0.0,0.0,0.0,0.0,0.0,0.0,0.0,0.0,0.0,0.0,0.0,0.0,0.0,0.0,,starter,2026-09-06T20:32:23+00:00
2026,1,401872928,00-0036816,Riley Patterson,MIA,LV,PK,0.0,0.0,0.0,0.0,0.0,0.0,0.0,0.0,0.0,0.0,0.0,0.0,0.0,0.0,0.0,6.9,2.2,12.4,0.0,0.0,0.0,0.0,0.0,,starter,2026-09-06T20:32:23+00:00
2026,1,401872928,00-0040398,Brady Cook,MIA,LV,QB,0.0,0.0,0.0,0.0,0.0,5.4,-6.0,23.4,0.074,0.0712391937391084,0.0,0.0,0.0,0.0,0.0,0.0,0.0,0.0,0.0,0.0,0.0,0.0,0.0,Active,backup,2026-09-06T20:32:23+00:00
2026,1,401872928,00-0040014,Kyle McCord,MIA,LV,QB,0.0,0.0,0.0,0.0,0.0,6.9,-8.8,31.6,0.065,0.0628959759930473,0.0,0.0,0.0,0.0,0.0,0.0,0.0,0.0,0.0,0.0,0.0,0.0,0.0,Active,backup,2026-09-06T20:32:23+00:00
2026,1,401872928,00-0038128,Malik Willis,MIA,LV,QB,160.8,69.6,266.9,1.004,0.6547619047619048,15.3,3.8,33.2,0.111,0.1016744047383477,0.0,0.0,0.0,0.0,0.0,0.0,0.0,0.0,0.0,0.0,0.0,0.0,0.0,Active,starter,2026-09-06T20:32:23+00:00
2026,1,401872928,00-0038930,Carlos Washington Jr.,MIA,LV,RB,0.0,0.0,0.0,0.0,0.0,0.0,0.0,0.0,0.0,0.0,0.0,0.0,0.0,0.0,0.0,0.0,0.0,0.0,0.0,0.0,0.0,0.0,0.0,,roster_only,2026-09-06T20:32:23+00:00
2026,1,401872928,00-0039040,De'Von Achane,MIA,LV,RB,0.0,0.0,0.0,0.0,0.0,58.6,37.8,91.4,0.313,0.2987725085094895,23.8,9.9,55.3,0.285,0.2573186058961688,0.0,0.0,0.0,0.0,0.0,0.0,0.0,0.0,Active,starter,2026-09-06T20:32:23+00:00
2026,1,401872928,00-0040692,Jarquez Hunter,MIA,LV,RB,0.0,0.0,0.0,0.0,0.0,0.0,0.0,0.0,0.0,0.0,0.0,0.0,0.0,0.0,0.0,0.0,0.0,0.0,0.0,0.0,0.0,0.0,0.0,,roster_only,2026-09-06T20:32:23+00:00
2026,1,401872928,00-0039874,Jaylen Wright,MIA,LV,RB,0.0,0.0,0.0,0.0,0.0,14.0,-6.8,46.8,0.068,0.0656452970663475,0.9,-13.0,32.4,0.045,0.0424710424710424,0.0,0.0,0.0,0.0,0.0,0.0,0.0,0.0,Active,backup,2026-09-06T20:32:23+00:00
2026,1,401872928,00-0040198,Ollie Gordon II,MIA,LV,RB,0.0,0.0,0.0,0.0,0.0,5.8,-4.3,21.8,0.034,0.0342613191169395,0.0,-14.4,31.1,0.045,0.0424710424710424,0.0,0.0,0.0,0.0,0.0,0.0,0.0,0.0,Questionable,backup,2026-09-06T20:32:23+00:00
2026,1,401872928,00-0040182,Dante Trader Jr.,MIA,LV,S,0.0,0.0,0.0,0.0,0.0,0.0,0.0,0.0,0.0,0.0,0.0,0.0,0.0,0.0,0.0,0.0,0.0,0.0,3.9,1.6,6.5,0.016,0.0137029765283181,,starter,2026-09-06T20:32:23+00:00
2026,1,401872928,00-0039383,Jaylin Simpson,MIA,LV,S,0.0,0.0,0.0,0.0,0.0,0.0,0.0,0.0,0.0,0.0,0.0,0.0,0.0,0.0,0.0,0.0,0.0,0.0,0.0,0.0,0.0,0.0,0.0,,roster_only,2026-09-06T20:32:23+00:00
2026,1,401872928,00-0039532,Julius Wood,MIA,LV,S,0.0,0.0,0.0,0.0,0.0,0.0,0.0,0.0,0.0,0.0,0.0,0.0,0.0,0.0,0.0,0.0,0.0,0.0,0.9,0.0,3.6,0.006,0.0045032804207469,,backup,2026-09-06T20:32:23+00:00
2026,1,401872928,00-0040268,Major Burns,MIA,LV,S,0.0,0.0,0.0,0.0,0.0,0.0,0.0,0.0,0.0,0.0,0.0,0.0,0.0,0.0,0.0,0.0,0.0,0.0,0.0,0.0,0.0,0.0,0.0,,roster_only,2026-09-06T20:32:23+00:00
2026,1,401872928,00-0041528,Michael Taaffe,MIA,LV,S,0.0,0.0,0.0,0.0,0.0,0.0,0.0,0.0,0.0,0.0,0.0,0.0,0.0,0.0,0.0,0.0,0.0,0.0,2.0,0.0,6.0,0.013,0.0103406640566623,,backup,2026-09-06T20:32:23+00:00
2026,1,401872928,00-0036677,Zayne Anderson,MIA,LV,S,0.0,0.0,0.0,0.0,0.0,0.0,0.0,0.0,0.0,0.0,0.0,0.0,0.0,0.0,0.0,0.0,0.0,0.0,1.5,0.0,4.0,0.004,0.0038797284190106,,starter,2026-09-06T20:32:23+00:00
2026,1,401872928,00-0038809,Ben Sims,MIA,LV,TE,0.0,0.0,0.0,0.0,0.0,0.0,0.0,0.0,0.0,0.0,0.0,0.0,0.0,0.0,0.0,0.0,0.0,0.0,0.0,0.0,0.0,0.0,0.0,Injured Reserve,backup,2026-09-06T20:32:23+00:00
2026,1,401872928,00-0037078,Cole Turner,MIA,LV,TE,0.0,0.0,0.0,0.0,0.0,0.0,0.0,0.0,0.0,0.0,0.0,0.0,0.0,0.0,0.0,0.0,0.0,0.0,0.0,0.0,0.0,0.0,0.0,Injured Reserve,backup,2026-09-06T20:32:23+00:00
2026,1,401872928,00-0037252,Greg Dulcich,MIA,LV,TE,0.0,0.0,0.0,0.0,0.0,1.2,-9.0,17.1,0.008,0.0071864111498257,39.1,25.2,70.7,0.242,0.2178752701106266,0.0,0.0,0.0,0.0,0.0,0.0,0.0,0.0,Active,starter,2026-09-06T20:32:23+00:00
2026,1,401872928,00-0041077,Justin Joly,MIA,LV,TE,0.0,0.0,0.0,0.0,0.0,1.0,-13.0,22.9,0.008,0.0071864111498257,4.0,-15.2,47.3,0.129,0.10757550495746,0.0,0.0,0.0,0.0,0.0,0.0,0.0,0.0,Active,backup,2026-09-06T20:32:23+00:00
2026,1,401872928,TRA291459,Seydou Traore,MIA,LV,TE,0.0,0.0,0.0,0.0,0.0,1.0,-13.0,22.9,0.008,0.0071864111498257,4.0,-15.2,47.3,0.129,0.10757550495746,0.0,0.0,0.0,0.0,0.0,0.0,0.0,0.0,Active,backup,2026-09-06T20:32:23+00:00
2026,1,401872928,00-0040094,Tre Watson,MIA,LV,TE,0.0,0.0,0.0,0.0,0.0,0.0,0.0,0.0,0.0,0.0,0.0,0.0,0.0,0.0,0.0,0.0,0.0,0.0,0.0,0.0,0.0,0.0,0.0,,roster_only,2026-09-06T20:32:23+00:00
2026,1,401872928,00-0041524,Will Kacmarek,MIA,LV,TE,0.0,0.0,0.0,0.0,0.0,1.0,-13.0,22.9,0.008,0.0071864111498257,6.2,-13.0,49.5,0.133,0.1132973965672401,0.0,0.0,0.0,0.0,0.0,0.0,0.0,0.0,Questionable,backup,2026-09-06T20:32:23+00:00
2026,1,401872928,00-0041523,Caleb Douglas,MIA,LV,WR,0.0,0.0,0.0,0.0,0.0,0.0,-14.1,21.8,0.008,0.0071864111498257,4.5,-14.7,47.8,0.109,0.0932918168020939,0.0,0.0,0.0,0.0,0.0,0.0,0.0,0.0,Active,backup,2026-09-06T20:32:23+00:00
2026,1,401872928,00-0041525,Chris Bell,MIA,LV,WR,0.0,0.0,0.0,0.0,0.0,0.0,-14.1,21.8,0.008,0.0071864111498257,4.5,-14.7,47.8,0.109,0.0932918168020939,0.0,0.0,0.0,0.0,0.0,0.0,0.0,0.0,Active,backup,2026-09-06T20:32:23+00:00
2026,1,401872928,00-0036387,Jalen Reagor,MIA,LV,WR,0.0,0.0,0.0,0.0,0.0,0.0,0.0,0.0,0.0,0.0,0.0,0.0,0.0,0.0,0.0,0.0,0.0,0.0,0.0,0.0,0.0,0.0,0.0,,roster_only,2026-09-06T20:32:23+00:00
2026,1,401872928,00-0037666,Jalen Tolbert,MIA,LV,WR,0.0,0.0,0.0,0.0,0.0,0.0,-10.3,15.9,0.008,0.0071864111498257,17.4,3.5,48.9,0.221,0.1987860504474268,0.0,0.0,0.0,0.0,0.0,0.0,0.0,0.0,Active,backup,2026-09-06T20:32:23+00:00
2026,1,401872928,00-0041529,Kevin Coleman Jr.,MIA,LV,WR,0.0,0.0,0.0,0.0,0.0,0.0,-14.1,21.8,0.008,0.0071864111498257,4.5,-14.7,47.8,0.109,0.0932918168020939,0.0,0.0,0.0,0.0,0.0,0.0,0.0,0.0,,backup,2026-09-06T20:32:23+00:00
2026,1,401872928,00-0039880,Malik Washington,MIA,LV,WR,0.0,0.0,0.0,0.0,0.0,1.6,-8.5,17.6,0.008,0.0071864111498257,17.5,3.6,49.0,0.208,0.187124222666276,0.0,0.0,0.0,0.0,0.0,0.0,0.0,0.0,Active,starter,2026-09-06T20:32:23+00:00
2026,1,401872928,00-0038824,Ryan Miller,MIA,LV,WR,0.0,0.0,0.0,0.0,0.0,0.0,-10.3,15.9,0.008,0.0071864111498257,0.6,-13.3,32.1,0.045,0.0424710424710424,0.0,0.0,0.0,0.0,0.0,0.0,0.0,0.0,,backup,2026-09-06T20:32:23+00:00
2026,1,401872928,00-0040753,Will Sheppard,MIA,LV,WR,0.0,0.0,0.0,0.0,0.0,0.0,0.0,0.0,0.0,0.0,0.0,0.0,0.0,0.0,0.0,0.0,0.0,0.0,0.0,0.0,0.0,0.0,0.0,,roster_only,2026-09-06T20:32:23+00:00
2026,1,401872929,00-0039841,Cooper DeJean,PHI,WSH,CB,0.0,0.0,0.0,0.0,0.0,0.0,0.0,0.0,0.0,0.0,0.0,0.0,0.0,0.0,0.0,0.0,0.0,0.0,5.0,2.2,8.4,0.019,0.0161367774914111,Questionable,starter,2026-09-06T20:32:23+00:00
2026,1,401872929,00-0039072,Jakorian Bennett,PHI,WSH,CB,0.0,0.0,0.0,0.0,0.0,0.0,0.0,0.0,0.0,0.0,0.0,0.0,0.0,0.0,0.0,0.0,0.0,0.0,0.0,0.0,0.0,0.0,0.0,Injured Reserve,backup,2026-09-06T20:32:23+00:00
2026,1,401872929,00-0032580,Jonathan Jones,PHI,WSH,CB,0.0,0.0,0.0,0.0,0.0,0.0,0.0,0.0,0.0,0.0,0.0,0.0,0.0,0.0,0.0,0.0,0.0,0.0,2.7,0.1,6.3,0.01,0.0078203523170668,Questionable,backup,2026-09-06T20:32:23+00:00
2026,1,401872929,00-0039140,Kelee Ringo,PHI,WSH,CB,0.0,0.0,0.0,0.0,0.0,0.0,0.0,0.0,0.0,0.0,0.0,0.0,0.0,0.0,0.0,0.0,0.0,0.0,1.1,0.0,3.5,0.006,0.0047576427075258,,backup,2026-09-06T20:32:23+00:00
2026,1,401872929,00-0040071,Mac McWilliams,PHI,WSH,CB,0.0,0.0,0.0,0.0,0.0,0.0,0.0,0.0,0.0,0.0,0.0,0.0,0.0,0.0,0.0,0.0,0.0,0.0,1.4,0.0,4.2,0.006,0.0046265216982375,,backup,2026-09-06T20:32:23+00:00
2026,1,401872929,00-0036501,Michael Carter II,PHI,WSH,CB,0.0,0.0,0.0,0.0,0.0,0.0,0.0,0.0,0.0,0.0,0.0,0.0,0.0,0.0,0.0,0.0,0.0,0.0,1.9,0.0,4.4,0.006,0.0050502041393617,,backup,2026-09-06T20:32:23+00:00
2026,1,401872929,00-0039888,Quinyon Mitchell,PHI,WSH,CB,0.0,0.0,0.0,0.0,0.0,0.0,0.0,0.0,0.0,0.0,0.0,0.0,0.0,0.0,0.0,0.0,0.0,0.0,3.4,0.7,6.8,0.013,0.0109038773480804,Active,starter,2026-09-06T20:32:23+00:00
2026,1,401872929,00-0037079,Riq Woolen,PHI,WSH,CB,0.0,0.0,0.0,0.0,0.0,0.0,0.0,0.0,0.0,0.0,0.0,0.0,0.0,0.0,0.0,0.0,0.0,0.0,3.3,1.1,6.0,0.009,0.0068446378600953,,starter,2026-09-06T20:32:23+00:00
2026,1,401872929,00-0040077,Robert Longerbeam,PHI,WSH,CB,0.0,0.0,0.0,0.0,0.0,0.0,0.0,0.0,0.0,0.0,0.0,0.0,0.0,0.0,0.0,0.0,0.0,0.0,0.0,0.0,0.0,0.0,0.0,,roster_only,2026-09-06T20:32:23+00:00
2026,1,401872929,00-0037833,Tariq Castro-Fields,PHI,WSH,CB,0.0,0.0,0.0,0.0,0.0,0.0,0.0,0.0,0.0,0.0,0.0,0.0,0.0,0.0,0.0,0.0,0.0,0.0,0.0,0.0,0.0,0.0,0.0,,roster_only,2026-09-06T20:32:23+00:00
2026,1,401872929,00-0036192,AJ Epenesa,PHI,WSH,DE,0.0,0.0,0.0,0.0,0.0,0.0,0.0,0.0,0.0,0.0,0.0,0.0,0.0,0.0,0.0,0.0,0.0,0.0,1.1,0.0,3.7,0.187,0.1438597947182402,,backup,2026-09-06T20:32:23+00:00
2026,1,401872929,00-0038978,Byron Young,PHI,WSH,DT,0.0,0.0,0.0,0.0,0.0,0.0,0.0,0.0,0.0,0.0,0.0,0.0,0.0,0.0,0.0,0.0,0.0,0.0,1.3,0.0,3.8,0.08,0.0645640325813046,Questionable,backup,2026-09-06T20:32:23+00:00
2026,1,401872929,00-0039265,Gabe Hall,PHI,WSH,DT,0.0,0.0,0.0,0.0,0.0,0.0,0.0,0.0,0.0,0.0,0.0,0.0,0.0,0.0,0.0,0.0,0.0,0.0,0.0,0.0,0.0,0.0,0.0,,roster_only,2026-09-06T20:32:23+00:00
2026,1,401872929,00-0038386,Jalen Carter,PHI,WSH,DT,0.0,0.0,0.0,0.0,0.0,0.0,0.0,0.0,0.0,0.0,0.0,0.0,0.0,0.0,0.0,0.0,0.0,0.0,2.2,0.1,5.0,0.328,0.2645697686508342,,starter,2026-09-06T20:32:23+00:00
2026,1,401872929,00-0037073,Jordan Davis,PHI,WSH,DT,0.0,0.0,0.0,0.0,0.0,0.0,0.0,0.0,0.0,0.0,0.0,0.0,0.0,0.0,0.0,0.0,0.0,0.0,3.3,1.3,5.7,0.122,0.0970459559791283,,starter,2026-09-06T20:32:23+00:00
2026,1,401872929,00-0038412,Moro Ojomo,PHI,WSH,DT,0.0,0.0,0.0,0.0,0.0,0.0,0.0,0.0,0.0,0.0,0.0,0.0,0.0,0.0,0.0,0.0,0.0,0.0,2.0,0.0,4.8,0.097,0.0772899030672236,,starter,2026-09-06T20:32:23+00:00
2026,1,401872929,00-0040662,Ty Robinson,PHI,WSH,DT,0.0,0.0,0.0,0.0,0.0,0.0,0.0,0.0,0.0,0.0,0.0,0.0,0.0,0.0,0.0,0.0,0.0,0.0,0.6,0.0,3.4,0.051,0.0425036902854666,,backup,2026-09-06T20:32:23+00:00
2026,1,401872929,BER237368,Uar Bernard,PHI,WSH,DT,0.0,0.0,0.0,0.0,0.0,0.0,0.0,0.0,0.0,0.0,0.0,0.0,0.0,0.0,0.0,0.0,0.0,0.0,0.0,0.0,0.0,0.0,0.0,,roster_only,2026-09-06T20:32:23+00:00
2026,1,401872929,00-0038116,Arnold Ebiketie,PHI,WSH,LB,0.0,0.0,0.0,0.0,0.0,0.0,0.0,0.0,0.0,0.0,0.0,0.0,0.0,0.0,0.0,0.0,0.0,0.0,1.1,0.0,3.7,0.123,0.0978837871978959,,backup,2026-09-06T20:32:23+00:00
2026,1,401872929,00-0037312,Chance Campbell,PHI,WSH,LB,0.0,0.0,0.0,0.0,0.0,0.0,0.0,0.0,0.0,0.0,0.0,0.0,0.0,0.0,0.0,0.0,0.0,0.0,0.0,0.0,0.0,0.0,0.0,,roster_only,2026-09-06T20:32:23+00:00
2026,1,401872929,00-0039740,Jalyx Hunt,PHI,WSH,LB,0.0,0.0,0.0,0.0,0.0,0.0,0.0,0.0,0.0,0.0,0.0,0.0,0.0,0.0,0.0,0.0,0.0,0.0,2.3,0.4,4.8,0.123,0.0974273497673599,,backup,2026-09-06T20:32:23+00:00
2026,1,401872929,00-0039826,Jeremiah Trotter Jr.,PHI,WSH,LB,0.0,0.0,0.0,0.0,0.0,0.0,0.0,0.0,0.0,0.0,0.0,0.0,0.0,0.0,0.0,0.0,0.0,0.0,0.0,0.0,0.0,0.0,0.0,,roster_only,2026-09-06T20:32:23+00:00
2026,1,401872929,00-0040708,Jihaad Campbell,PHI,WSH,LB,0.0,0.0,0.0,0.0,0.0,0.0,0.0,0.0,0.0,0.0,0.0,0.0,0.0,0.0,0.0,0.0,0.0,0.0,0.0,0.0,0.0,0.0,0.0,,roster_only,2026-09-06T20:32:23+00:00
2026,1,401872929,00-0036224,Jonathan Greenard,PHI,WSH,LB,0.0,0.0,0.0,0.0,0.0,0.0,0.0,0.0,0.0,0.0,0.0,0.0,0.0,0.0,0.0,0.0,0.0,0.0,0.0,0.0,0.0,0.0,0.0,Out,starter,2026-09-06T20:32:23+00:00
2026,1,401872929,00-0040926,Joshua Weru,PHI,WSH,LB,0.0,0.0,0.0,0.0,0.0,0.0,0.0,0.0,0.0,0.0,0.0,0.0,0.0,0.0,0.0,0.0,0.0,0.0,0.0,0.0,0.0,0.0,0.0,,roster_only,2026-09-06T20:32:23+00:00
2026,1,401872929,00-0040908,Keyshawn James-Newby,PHI,WSH,LB,0.0,0.0,0.0,0.0,0.0,0.0,0.0,0.0,0.0,0.0,0.0,0.0,0.0,0.0,0.0,0.0,0.0,0.0,0.0,0.0,0.0,0.0,0.0,,roster_only,2026-09-06T20:32:23+00:00
2026,1,401872929,00-0041162,Mason Reiger,PHI,WSH,LB,0.0,0.0,0.0,0.0,0.0,0.0,0.0,0.0,0.0,0.0,0.0,0.0,0.0,0.0,0.0,0.0,0.0,0.0,0.0,0.0,0.0,0.0,0.0,,roster_only,2026-09-06T20:32:23+00:00
2026,1,401872929,00-0039013,Nolan Smith Jr.,PHI,WSH,LB,0.0,0.0,0.0,0.0,0.0,0.0,0.0,0.0,0.0,0.0,0.0,0.0,0.0,0.0,0.0,0.0,0.0,0.0,2.6,0.7,5.1,0.292,0.2355632224303316,,starter,2026-09-06T20:32:23+00:00
2026,1,401872929,00-0040013,Smael Mondon Jr.,PHI,WSH,LB,0.0,0.0,0.0,0.0,0.0,0.0,0.0,0.0,0.0,0.0,0.0,0.0,0.0,0.0,0.0,0.0,0.0,0.0,0.0,0.0,0.0,0.0,0.0,,roster_only,2026-09-06T20:32:23+00:00
2026,1,401872929,00-0036418,Zack Baun,PHI,WSH,LB,0.0,0.0,0.0,0.0,0.0,0.0,0.0,0.0,0.0,0.0,0.0,0.0,0.0,0.0,0.0,0.0,0.0,0.0,0.0,0.0,0.0,0.0,0.0,,roster_only,2026-09-06T20:32:23+00:00
2026,1,401872929,00-0033787,Jake Elliott,PHI,WSH,PK,0.0,0.0,0.0,0.0,0.0,0.0,0.0,0.0,0.0,0.0,0.0,0.0,0.0,0.0,0.0,7.2,2.2,13.1,0.0,0.0,0.0,0.0,0.0,Active,starter,2026-09-06T20:32:23+00:00
2026,1,401872929,00-0027973,Andy Dalton,PHI,WSH,QB,0.0,0.0,0.0,0.0,0.0,4.6,-5.6,20.6,0.196,0.1707676839597158,0.0,0.0,0.0,0.0,0.0,0.0,0.0,0.0,0.0,0.0,0.0,0.0,0.0,Active,backup,2026-09-06T20:32:23+00:00
2026,1,401872929,00-0040891,Cole Payton,PHI,WSH,QB,0.0,0.0,0.0,0.0,0.0,7.2,-8.5,31.9,0.248,0.2294862189399453,0.0,0.0,0.0,0.0,0.0,0.0,0.0,0.0,0.0,0.0,0.0,0.0,0.0,Active,backup,2026-09-06T20:32:23+00:00
2026,1,401872929,00-0036389,Jalen Hurts,PHI,WSH,QB,211.7,120.5,317.8,1.464,0.8049529834350585,25.6,14.2,43.6,0.464,0.3682373472949389,0.0,0.0,0.0,0.0,0.0,0.0,0.0,0.0,0.0,0.0,0.0,0.0,0.0,Active,starter,2026-09-06T20:32:23+00:00
2026,1,401872929,00-0038400,Tanner McKee,PHI,WSH,QB,0.0,0.0,0.0,0.0,0.0,3.3,-6.9,19.2,0.186,0.1607470798165543,0.0,0.0,0.0,0.0,0.0,0.0,0.0,0.0,0.0,0.0,0.0,0.0,0.0,Active,backup,2026-09-06T20:32:23+00:00
2026,1,401872929,00-0039325,Carson Steele,PHI,WSH,RB,0.0,0.0,0.0,0.0,0.0,0.0,0.0,0.0,0.0,0.0,0.0,0.0,0.0,0.0,0.0,0.0,0.0,0.0,0.0,0.0,0.0,0.0,0.0,,roster_only,2026-09-06T20:32:23+00:00
2026,1,401872929,00-0037258,Dameon Pierce,PHI,WSH,RB,0.0,0.0,0.0,0.0,0.0,0.0,0.0,0.0,0.0,0.0,0.0,0.0,0.0,0.0,0.0,0.0,0.0,0.0,0.0,0.0,0.0,0.0,0.0,,roster_only,2026-09-06T20:32:23+00:00
2026,1,401872929,00-0040586,Jaydon Blue,PHI,WSH,RB,0.0,0.0,0.0,0.0,0.0,0.0,0.0,0.0,0.0,0.0,0.0,0.0,0.0,0.0,0.0,0.0,0.0,0.0,0.0,0.0,0.0,0.0,0.0,,roster_only,2026-09-06T20:32:23+00:00
2026,1,401872929,00-0034844,Saquon Barkley,PHI,WSH,RB,0.0,0.0,0.0,0.0,0.0,64.2,43.4,97.0,0.464,0.3682373472949389,9.6,-4.3,41.2,0.225,0.2021141077016856,0.0,0.0,0.0,0.0,0.0,0.0,0.0,0.0,Active,starter,2026-09-06T20:32:23+00:00
2026,1,401872929,00-0038555,Tank Bigsby,PHI,WSH,RB,0.0,0.0,0.0,0.0,0.0,12.7,-8.2,45.5,0.214,0.1917240553516048,0.0,-14.2,31.2,0.045,0.0424710424710424,0.0,0.0,0.0,0.0,0.0,0.0,0.0,0.0,Active,backup,2026-09-06T20:32:23+00:00
2026,1,401872929,00-0039746,Will Shipley,PHI,WSH,RB,0.0,0.0,0.0,0.0,0.0,3.2,-7.0,19.1,0.153,0.1351181816415839,0.0,-14.5,31.0,0.045,0.0424710424710424,0.0,0.0,0.0,0.0,0.0,0.0,0.0,0.0,,backup,2026-09-06T20:32:23+00:00
2026,1,401872929,00-0039267,Andre' Sam,PHI,WSH,S,0.0,0.0,0.0,0.0,0.0,0.0,0.0,0.0,0.0,0.0,0.0,0.0,0.0,0.0,0.0,0.0,0.0,0.0,0.0,0.0,0.0,0.0,0.0,Injured Reserve,backup,2026-09-06T20:32:23+00:00
2026,1,401872929,00-0040749,Andrew Mukuba,PHI,WSH,S,0.0,0.0,0.0,0.0,0.0,0.0,0.0,0.0,0.0,0.0,0.0,0.0,0.0,0.0,0.0,0.0,0.0,0.0,4.0,1.2,7.4,0.017,0.0150384817350445,,starter,2026-09-06T20:32:23+00:00
2026,1,401872929,00-0040905,Cole Wisniewski,PHI,WSH,S,0.0,0.0,0.0,0.0,0.0,0.0,0.0,0.0,0.0,0.0,0.0,0.0,0.0,0.0,0.0,0.0,0.0,0.0,0.0,0.0,0.0,0.0,0.0,,roster_only,2026-09-06T20:32:23+00:00
2026,1,401872929,00-0034993,Marcus Epps,PHI,WSH,S,0.0,0.0,0.0,0.0,0.0,0.0,0.0,0.0,0.0,0.0,0.0,0.0,0.0,0.0,0.0,0.0,0.0,0.0,5.1,2.3,8.5,0.011,0.0093225826640825,,starter,2026-09-06T20:32:23+00:00
2026,1,401872929,00-0040923,Maximus Pulley,PHI,WSH,S,0.0,0.0,0.0,0.0,0.0,0.0,0.0,0.0,0.0,0.0,0.0,0.0,0.0,0.0,0.0,0.0,0.0,0.0,0.0,0.0,0.0,0.0,0.0,,roster_only,2026-09-06T20:32:23+00:00
2026,1,401872929,LAR108765,Tucker Large,PHI,WSH,S,0.0,0.0,0.0,0.0,0.0,0.0,0.0,0.0,0.0,0.0,0.0,0.0,0.0,0.0,0.0,0.0,0.0,0.0,0.0,0.0,0.0,0.0,0.0,,backup,2026-09-06T20:32:23+00:00
2026,1,401872929,00-0034351,Dallas Goedert,PHI,WSH,TE,0.0,0.0,0.0,0.0,0.0,0.0,-10.3,15.8,0.025,0.0248249608911866,42.5,25.0,82.3,0.414,0.3423597678916827,0.0,0.0,0.0,0.0,0.0,0.0,0.0,0.0,Active,starter,2026-09-06T20:32:23+00:00
2026,1,401872929,00-0038498,E.J. Jenkins,PHI,WSH,TE,0.0,0.0,0.0,0.0,0.0,0.0,-11.4,17.3,0.02,0.019145855601665,2.2,-13.1,36.9,0.053,0.0485459953534279,0.0,0.0,0.0,0.0,0.0,0.0,0.0,0.0,,backup,2026-09-06T20:32:23+00:00
2026,1,401872929,00-0041483,Eli Stowers,PHI,WSH,TE,0.0,0.0,0.0,0.0,0.0,0.0,-14.2,21.7,0.02,0.019145855601665,2.4,-16.8,45.7,0.145,0.126792828343803,0.0,0.0,0.0,0.0,0.0,0.0,0.0,0.0,Questionable,backup,2026-09-06T20:32:23+00:00
2026,1,401872929,00-0037086,Grant Calcaterra,PHI,WSH,TE,0.0,0.0,0.0,0.0,0.0,0.0,0.0,0.0,0.0,0.0,0.0,0.0,0.0,0.0,0.0,0.0,0.0,0.0,0.0,0.0,0.0,0.0,0.0,Injured Reserve,backup,2026-09-06T20:32:23+00:00
2026,1,401872929,00-0033246,Johnny Mundt,PHI,WSH,TE,0.0,0.0,0.0,0.0,0.0,0.0,-10.4,15.7,0.024,0.0239064110477805,5.6,-8.3,37.2,0.17,0.1544506842483659,0.0,0.0,0.0,0.0,0.0,0.0,0.0,0.0,,backup,2026-09-06T20:32:23+00:00
2026,1,401872929,00-0037132,Britain Covey,PHI,WSH,WR,0.0,0.0,0.0,0.0,0.0,0.0,0.0,0.0,0.0,0.0,0.0,0.0,0.0,0.0,0.0,0.0,0.0,0.0,0.0,0.0,0.0,0.0,0.0,,roster_only,2026-09-06T20:32:23+00:00
2026,1,401872929,00-0037828,Danny Gray,PHI,WSH,WR,0.0,0.0,0.0,0.0,0.0,0.0,0.0,0.0,0.0,0.0,0.0,0.0,0.0,0.0,0.0,0.0,0.0,0.0,0.0,0.0,0.0,0.0,0.0,,roster_only,2026-09-06T20:32:23+00:00
2026,1,401872929,00-0040024,Darius Cooper,PHI,WSH,WR,0.0,0.0,0.0,0.0,0.0,0.0,-10.3,15.8,0.029,0.0288966508719552,5.4,-8.5,37.0,0.113,0.0939538776638973,0.0,0.0,0.0,0.0,0.0,0.0,0.0,0.0,,backup,2026-09-06T20:32:23+00:00
2026,1,401872929,00-0036912,DeVonta Smith,PHI,WSH,WR,0.0,0.0,0.0,0.0,0.0,0.0,-10.3,15.9,0.029,0.0288966508719552,61.0,36.8,115.8,0.414,0.3423597678916827,0.0,0.0,0.0,0.0,0.0,0.0,0.0,0.0,Active,starter,2026-09-06T20:32:23+00:00
2026,1,401872929,00-0038393,Dontayvion Wicks,PHI,WSH,WR,0.0,0.0,0.0,0.0,0.0,0.0,-10.4,15.7,0.029,0.0288966508719552,9.0,-4.9,40.6,0.146,0.1274791391219379,0.0,0.0,0.0,0.0,0.0,0.0,0.0,0.0,Active,backup,2026-09-06T20:32:23+00:00
2026,1,401872929,00-0036980,Elijah Moore,PHI,WSH,WR,0.0,0.0,0.0,0.0,0.0,0.0,-10.1,16.0,0.029,0.0288966508719552,8.3,-5.7,39.8,0.223,0.200863803339502,0.0,0.0,0.0,0.0,0.0,0.0,0.0,0.0,Active,backup,2026-09-06T20:32:23+00:00
2026,1,401872929,00-0035662,Hollywood Brown,PHI,WSH,WR,0.0,0.0,0.0,0.0,0.0,0.0,-10.3,15.8,0.029,0.0288966508719552,15.9,2.0,47.5,0.238,0.2141544250805489,0.0,0.0,0.0,0.0,0.0,0.0,0.0,0.0,Active,backup,2026-09-06T20:32:23+00:00
2026,1,401872929,00-0039236,Johnny Wilson,PHI,WSH,WR,0.0,0.0,0.0,0.0,0.0,0.0,0.0,0.0,0.0,0.0,0.0,0.0,0.0,0.0,0.0,0.0,0.0,0.0,0.0,0.0,0.0,0.0,0.0,Injured Reserve,backup,2026-09-06T20:32:23+00:00
2026,1,401872929,00-0040867,Makai Lemon,PHI,WSH,WR,0.0,0.0,0.0,0.0,0.0,0.0,-14.1,21.8,0.029,0.0288966508719552,3.5,-15.6,46.9,0.136,0.1163802782725392,0.0,0.0,0.0,0.0,0.0,0.0,0.0,0.0,Active,backup,2026-09-06T20:32:23+00:00
2026,1,401872929,00-0036375,Amik Robertson,WSH,PHI,CB,0.0,0.0,0.0,0.0,0.0,0.0,0.0,0.0,0.0,0.0,0.0,0.0,0.0,0.0,0.0,0.0,0.0,0.0,3.2,1.2,5.6,0.016,0.0137029765283181,,starter,2026-09-06T20:32:23+00:00
2026,1,401872929,00-0038388,Darius Rush,WSH,PHI,CB,0.0,0.0,0.0,0.0,0.0,0.0,0.0,0.0,0.0,0.0,0.0,0.0,0.0,0.0,0.0,0.0,0.0,0.0,0.0,0.0,0.0,0.0,0.0,,roster_only,2026-09-06T20:32:23+00:00
2026,1,401872929,00-0033918,Fabian Moreau,WSH,PHI,CB,0.0,0.0,0.0,0.0,0.0,0.0,0.0,0.0,0.0,0.0,0.0,0.0,0.0,0.0,0.0,0.0,0.0,0.0,1.9,0.0,4.4,0.005,0.004323447279478,Active,backup,2026-09-06T20:32:23+00:00
2026,1,401872929,DAV321726,Fred Davis II,WSH,PHI,CB,0.0,0.0,0.0,0.0,0.0,0.0,0.0,0.0,0.0,0.0,0.0,0.0,0.0,0.0,0.0,0.0,0.0,0.0,0.0,0.0,0.0,0.0,0.0,,roster_only,2026-09-06T20:32:23+00:00
2026,1,401872929,00-0034780,Isaac Yiadom,WSH,PHI,CB,0.0,0.0,0.0,0.0,0.0,0.0,0.0,0.0,0.0,0.0,0.0,0.0,0.0,0.0,0.0,0.0,0.0,0.0,0.0,0.0,0.0,0.0,0.0,,roster_only,2026-09-06T20:32:23+00:00
2026,1,401872929,00-0039898,Mike Sainristil,WSH,PHI,CB,0.0,0.0,0.0,0.0,0.0,0.0,0.0,0.0,0.0,0.0,0.0,0.0,0.0,0.0,0.0,0.0,0.0,0.0,4.8,2.0,8.1,0.016,0.0137029765283181,,starter,2026-09-06T20:32:23+00:00
2026,1,401872929,00-0033551,Rasul Douglas,WSH,PHI,CB,0.0,0.0,0.0,0.0,0.0,0.0,0.0,0.0,0.0,0.0,0.0,0.0,0.0,0.0,0.0,0.0,0.0,0.0,4.0,1.3,7.5,0.016,0.0137029765283181,,starter,2026-09-06T20:32:23+00:00
2026,1,401872929,00-0038395,Terell Smith,WSH,PHI,CB,0.0,0.0,0.0,0.0,0.0,0.0,0.0,0.0,0.0,0.0,0.0,0.0,0.0,0.0,0.0,0.0,0.0,0.0,0.0,0.0,0.0,0.0,0.0,,roster_only,2026-09-06T20:32:23+00:00
2026,1,401872929,00-0040731,Trey Amos,WSH,PHI,CB,0.0,0.0,0.0,0.0,0.0,0.0,0.0,0.0,0.0,0.0,0.0,0.0,0.0,0.0,0.0,0.0,0.0,0.0,0.0,0.0,0.0,0.0,0.0,Injured Reserve,backup,2026-09-06T20:32:23+00:00
2026,1,401872929,00-0035279,Charles Omenihu,WSH,PHI,DE,0.0,0.0,0.0,0.0,0.0,0.0,0.0,0.0,0.0,0.0,0.0,0.0,0.0,0.0,0.0,0.0,0.0,0.0,1.2,0.0,3.7,0.152,0.1144317867377279,,backup,2026-09-06T20:32:23+00:00
2026,1,401872929,00-0033947,Deatrich Wise Jr.,WSH,PHI,DE,0.0,0.0,0.0,0.0,0.0,0.0,0.0,0.0,0.0,0.0,0.0,0.0,0.0,0.0,0.0,0.0,0.0,0.0,0.0,0.0,0.0,0.0,0.0,Out,backup,2026-09-06T20:32:23+00:00
2026,1,401872929,00-0034373,Dorance Armstrong,WSH,PHI,DE,0.0,0.0,0.0,0.0,0.0,0.0,0.0,0.0,0.0,0.0,0.0,0.0,0.0,0.0,0.0,0.0,0.0,0.0,0.0,0.0,0.0,0.0,0.0,,backup,2026-09-06T20:32:23+00:00
2026,1,401872929,00-0035278,Byron Cowart,WSH,PHI,DT,0.0,0.0,0.0,0.0,0.0,0.0,0.0,0.0,0.0,0.0,0.0,0.0,0.0,0.0,0.0,0.0,0.0,0.0,0.0,0.0,0.0,0.0,0.0,,roster_only,2026-09-06T20:32:23+00:00
2026,1,401872929,00-0034333,Daron Payne,WSH,PHI,DT,0.0,0.0,0.0,0.0,0.0,0.0,0.0,0.0,0.0,0.0,0.0,0.0,0.0,0.0,0.0,0.0,0.0,0.0,2.4,0.5,5.0,0.172,0.1306449495406965,,starter,2026-09-06T20:32:23+00:00
2026,1,401872929,00-0036260,Javon Kinlaw,WSH,PHI,DT,0.0,0.0,0.0,0.0,0.0,0.0,0.0,0.0,0.0,0.0,0.0,0.0,0.0,0.0,0.0,0.0,0.0,0.0,2.7,0.7,5.2,0.148,0.1120817113927045,,starter,2026-09-06T20:32:23+00:00
2026,1,401872929,00-0040864,Jeffrey M'ba,WSH,PHI,DT,0.0,0.0,0.0,0.0,0.0,0.0,0.0,0.0,0.0,0.0,0.0,0.0,0.0,0.0,0.0,0.0,0.0,0.0,0.0,0.0,0.0,0.0,0.0,,roster_only,2026-09-06T20:32:23+00:00
2026,1,401872929,00-0039906,Jer'Zhan Newton,WSH,PHI,DT,0.0,0.0,0.0,0.0,0.0,0.0,0.0,0.0,0.0,0.0,0.0,0.0,0.0,0.0,0.0,0.0,0.0,0.0,0.0,0.0,0.0,0.0,0.0,Injured Reserve,backup,2026-09-06T20:32:23+00:00
2026,1,401872929,00-0040314,Ricky Barber,WSH,PHI,DT,0.0,0.0,0.0,0.0,0.0,0.0,0.0,0.0,0.0,0.0,0.0,0.0,0.0,0.0,0.0,0.0,0.0,0.0,1.1,0.0,4.0,0.016,0.0140651110687061,,backup,2026-09-06T20:32:23+00:00
2026,1,401872929,00-0035409,Shy Tuttle,WSH,PHI,DT,0.0,0.0,0.0,0.0,0.0,0.0,0.0,0.0,0.0,0.0,0.0,0.0,0.0,0.0,0.0,0.0,0.0,0.0,1.1,0.0,3.5,0.016,0.0137029765283181,Active,backup,2026-09-06T20:32:23+00:00
2026,1,401872929,00-0034397,Tim Settle,WSH,PHI,DT,0.0,0.0,0.0,0.0,0.0,0.0,0.0,0.0,0.0,0.0,0.0,0.0,0.0,0.0,0.0,0.0,0.0,0.0,1.7,0.0,4.1,0.172,0.1306281673099418,Questionable,starter,2026-09-06T20:32:23+00:00
2026,1,401872929,00-0040318,Ale Kaho,WSH,PHI,LB,0.0,0.0,0.0,0.0,0.0,0.0,0.0,0.0,0.0,0.0,0.0,0.0,0.0,0.0,0.0,0.0,0.0,0.0,0.0,0.0,0.0,0.0,0.0,,roster_only,2026-09-06T20:32:23+00:00
2026,1,401872929,00-0039318,Curtis Jacobs,WSH,PHI,LB,0.0,0.0,0.0,0.0,0.0,0.0,0.0,0.0,0.0,0.0,0.0,0.0,0.0,0.0,0.0,0.0,0.0,0.0,0.0,0.0,0.0,0.0,0.0,Injured Reserve,roster_only,2026-09-06T20:32:23+00:00
2026,1,401872929,00-0034302,Frankie Luvu,WSH,PHI,LB,0.0,0.0,0.0,0.0,0.0,0.0,0.0,0.0,0.0,0.0,0.0,0.0,0.0,0.0,0.0,0.0,0.0,0.0,0.0,0.0,0.0,0.0,0.0,,roster_only,2026-09-06T20:32:23+00:00
2026,1,401872929,00-0039412,Javontae Jean-Baptiste,WSH,PHI,LB,0.0,0.0,0.0,0.0,0.0,0.0,0.0,0.0,0.0,0.0,0.0,0.0,0.0,0.0,0.0,0.0,0.0,0.0,1.1,0.0,3.7,0.047,0.039233004144034,,backup,2026-09-06T20:32:23+00:00
2026,1,401872929,00-0039368,Jordan Magee,WSH,PHI,LB,0.0,0.0,0.0,0.0,0.0,0.0,0.0,0.0,0.0,0.0,0.0,0.0,0.0,0.0,0.0,0.0,0.0,0.0,0.0,0.0,0.0,0.0,0.0,,roster_only,2026-09-06T20:32:23+00:00
2026,1,401872929,00-0041074,Joshua Josephs,WSH,PHI,LB,0.0,0.0,0.0,0.0,0.0,0.0,0.0,0.0,0.0,0.0,0.0,0.0,0.0,0.0,0.0,0.0,0.0,0.0,1.6,0.0,5.0,0.13,0.1016471666403296,,backup,2026-09-06T20:32:23+00:00
2026,1,401872929,00-0036286,K'Lavon Chaisson,WSH,PHI,LB,0.0,0.0,0.0,0.0,0.0,0.0,0.0,0.0,0.0,0.0,0.0,0.0,0.0,0.0,0.0,0.0,0.0,0.0,2.5,0.6,5.0,0.133,0.1036556661255301,Active,starter,2026-09-06T20:32:23+00:00
2026,1,401872929,00-0040216,Kain Medrano,WSH,PHI,LB,0.0,0.0,0.0,0.0,0.0,0.0,0.0,0.0,0.0,0.0,0.0,0.0,0.0,0.0,0.0,0.0,0.0,0.0,0.0,0.0,0.0,0.0,0.0,,roster_only,2026-09-06T20:32:23+00:00
2026,1,401872929,00-0037819,Leo Chenal,WSH,PHI,LB,0.0,0.0,0.0,0.0,0.0,0.0,0.0,0.0,0.0,0.0,0.0,0.0,0.0,0.0,0.0,0.0,0.0,0.0,0.0,0.0,0.0,0.0,0.0,,roster_only,2026-09-06T20:32:23+00:00
2026,1,401872929,00-0036940,Odafe Oweh,WSH,PHI,LB,0.0,0.0,0.0,0.0,0.0,0.0,0.0,0.0,0.0,0.0,0.0,0.0,0.0,0.0,0.0,0.0,0.0,0.0,1.9,0.1,4.5,0.251,0.2019958075565436,,starter,2026-09-06T20:32:23+00:00
2026,1,401872929,00-0041028,Sonny Styles,WSH,PHI,LB,0.0,0.0,0.0,0.0,0.0,0.0,0.0,0.0,0.0,0.0,0.0,0.0,0.0,0.0,0.0,0.0,0.0,0.0,0.0,0.0,0.0,0.0,0.0,,roster_only,2026-09-06T20:32:23+00:00
2026,1,401872929,00-0041182,Drew Stevens,WSH,PHI,PK,0.0,0.0,0.0,0.0,0.0,0.0,0.0,0.0,0.0,0.0,0.0,0.0,0.0,0.0,0.0,6.9,0.4,14.4,0.0,0.0,0.0,0.0,0.0,,starter,2026-09-06T20:32:23+00:00
2026,1,401872929,00-0041117,Athan Kaliakmanis,WSH,PHI,QB,0.0,0.0,0.0,0.0,0.0,6.3,-9.4,31.0,0.189,0.1636831989348773,0.0,0.0,0.0,0.0,0.0,0.0,0.0,0.0,0.0,0.0,0.0,0.0,0.0,,backup,2026-09-06T20:32:23+00:00
2026,1,401872929,00-0039910,Jayden Daniels,WSH,PHI,QB,157.8,66.6,263.9,1.188,0.6547619047619048,38.8,27.4,56.8,0.412,0.3682373472949389,0.0,0.0,0.0,0.0,0.0,0.0,0.0,0.0,0.0,0.0,0.0,0.0,0.0,Active,starter,2026-09-06T20:32:23+00:00
2026,1,401872929,00-0032268,Marcus Mariota,WSH,PHI,QB,0.0,0.0,0.0,0.0,0.0,17.5,6.1,35.5,0.318,0.3031315794009808,0.0,0.0,0.0,0.0,0.0,0.0,0.0,0.0,0.0,0.0,0.0,0.0,0.0,Questionable,backup,2026-09-06T20:32:23+00:00
2026,1,401872929,00-0039677,Sam Hartman,WSH,PHI,QB,0.0,0.0,0.0,0.0,0.0,0.0,0.0,0.0,0.0,0.0,0.0,0.0,0.0,0.0,0.0,0.0,0.0,0.0,0.0,0.0,0.0,0.0,0.0,,roster_only,2026-09-06T20:32:23+00:00
2026,1,401872929,00-0035567,Craig Reynolds,WSH,PHI,RB,0.0,0.0,0.0,0.0,0.0,0.0,0.0,0.0,0.0,0.0,0.0,0.0,0.0,0.0,0.0,0.0,0.0,0.0,0.0,0.0,0.0,0.0,0.0,,roster_only,2026-09-06T20:32:23+00:00
2026,1,401872929,00-0040242,Jacory Croskey-Merritt,WSH,PHI,RB,0.0,0.0,0.0,0.0,0.0,52.0,31.2,84.8,0.464,0.3682373472949389,3.5,-10.4,35.1,0.024,0.0231660231660231,0.0,0.0,0.0,0.0,0.0,0.0,0.0,0.0,Questionable,starter,2026-09-06T20:32:23+00:00
2026,1,401872929,00-0033955,Jeremy McNichols,WSH,PHI,RB,0.0,0.0,0.0,0.0,0.0,0.0,0.0,0.0,0.0,0.0,0.0,0.0,0.0,0.0,0.0,0.0,0.0,0.0,0.0,0.0,0.0,0.0,0.0,Injured Reserve,backup,2026-09-06T20:32:23+00:00
2026,1,401872929,00-0041096,Kaytron Allen,WSH,PHI,RB,0.0,0.0,0.0,0.0,0.0,10.6,-18.1,55.7,0.155,0.1368122147010943,1.0,-18.2,44.3,0.038,0.0378875299022743,0.0,0.0,0.0,0.0,0.0,0.0,0.0,0.0,Active,backup,2026-09-06T20:32:23+00:00
2026,1,401872929,00-0037256,Rachaad White,WSH,PHI,RB,0.0,0.0,0.0,0.0,0.0,22.8,2.0,55.6,0.337,0.3225283111609759,6.7,-7.2,38.3,0.047,0.0424710424710424,0.0,0.0,0.0,0.0,0.0,0.0,0.0,0.0,Questionable,backup,2026-09-06T20:32:23+00:00
2026,1,401872929,00-0041178,Robert Henry Jr.,WSH,PHI,RB,0.0,0.0,0.0,0.0,0.0,0.0,0.0,0.0,0.0,0.0,0.0,0.0,0.0,0.0,0.0,0.0,0.0,0.0,0.0,0.0,0.0,0.0,0.0,,roster_only,2026-09-06T20:32:23+00:00
2026,1,401872929,00-0034465,Jeremy Reaves,WSH,PHI,S,0.0,0.0,0.0,0.0,0.0,0.0,0.0,0.0,0.0,0.0,0.0,0.0,0.0,0.0,0.0,0.0,0.0,0.0,4.8,2.5,7.3,0.021,0.0181052207388157,,starter,2026-09-06T20:32:23+00:00
2026,1,401872929,00-0037616,Nick Cross,WSH,PHI,S,0.0,0.0,0.0,0.0,0.0,0.0,0.0,0.0,0.0,0.0,0.0,0.0,0.0,0.0,0.0,0.0,0.0,0.0,6.3,3.5,9.7,0.017,0.0144237379781248,,starter,2026-09-06T20:32:23+00:00
2026,1,401872929,00-0038100,Percy Butler,WSH,PHI,S,0.0,0.0,0.0,0.0,0.0,0.0,0.0,0.0,0.0,0.0,0.0,0.0,0.0,0.0,0.0,0.0,0.0,0.0,0.9,0.0,3.4,0.004,0.0038797284190106,,backup,2026-09-06T20:32:23+00:00
2026,1,401872929,00-0039149,Quan Martin,WSH,PHI,S,0.0,0.0,0.0,0.0,0.0,0.0,0.0,0.0,0.0,0.0,0.0,0.0,0.0,0.0,0.0,0.0,0.0,0.0,3.0,0.4,6.5,0.015,0.0125229696553343,,backup,2026-09-06T20:32:23+00:00
2026,1,401872929,00-0039681,Tyler Owens,WSH,PHI,S,0.0,0.0,0.0,0.0,0.0,0.0,0.0,0.0,0.0,0.0,0.0,0.0,0.0,0.0,0.0,0.0,0.0,0.0,0.7,0.0,3.2,0.004,0.0038797284190106,,backup,2026-09-06T20:32:23+00:00
2026,1,401872929,00-0039912,Ben Sinnott,WSH,PHI,TE,0.0,0.0,0.0,0.0,0.0,0.0,-10.4,15.7,0.008,0.0071864111498257,7.3,-6.7,38.8,0.045,0.0424710424710424,0.0,0.0,0.0,0.0,0.0,0.0,0.0,0.0,Questionable,backup,2026-09-06T20:32:23+00:00
2026,1,401872929,00-0037809,Chig Okonkwo,WSH,PHI,TE,0.0,0.0,0.0,0.0,0.0,0.0,-10.3,15.9,0.008,0.0071864111498257,29.1,11.5,68.8,0.102,0.0921500666415891,0.0,0.0,0.0,0.0,0.0,0.0,0.0,0.0,Active,starter,2026-09-06T20:32:23+00:00
2026,1,401872929,00-0039686,Colson Yankoff,WSH,PHI,TE,0.0,0.0,0.0,0.0,0.0,0.0,-10.4,15.7,0.008,0.0071864111498257,0.1,-13.8,31.6,0.023,0.0231660231660231,0.0,0.0,0.0,0.0,0.0,0.0,0.0,0.0,,backup,2026-09-06T20:32:23+00:00
2026,1,401872929,00-0039305,Jack Westover,WSH,PHI,TE,0.0,0.0,0.0,0.0,0.0,0.0,0.0,0.0,0.0,0.0,0.0,0.0,0.0,0.0,0.0,0.0,0.0,0.0,0.0,0.0,0.0,0.0,0.0,,roster_only,2026-09-06T20:32:23+00:00
2026,1,401872929,00-0036628,John Bates,WSH,PHI,TE,0.0,0.0,0.0,0.0,0.0,0.0,-10.4,15.8,0.008,0.0071864111498257,4.0,-9.9,35.6,0.045,0.0424710424710424,0.0,0.0,0.0,0.0,0.0,0.0,0.0,0.0,,backup,2026-09-06T20:32:23+00:00
2026,1,401872929,00-0040552,Joshua Simon,WSH,PHI,TE,0.0,0.0,0.0,0.0,0.0,0.0,0.0,0.0,0.0,0.0,0.0,0.0,0.0,0.0,0.0,0.0,0.0,0.0,0.0,0.0,0.0,0.0,0.0,,roster_only,2026-09-06T20:32:23+00:00
2026,1,401872929,00-0041180,Quentin Moore,WSH,PHI,TE,0.0,0.0,0.0,0.0,0.0,0.0,0.0,0.0,0.0,0.0,0.0,0.0,0.0,0.0,0.0,0.0,0.0,0.0,0.0,0.0,0.0,0.0,0.0,Injured Reserve,backup,2026-09-06T20:32:23+00:00
2026,1,401872929,00-0041040,Antonio Williams,WSH,PHI,WR,0.0,0.0,0.0,0.0,0.0,0.0,-14.1,21.8,0.008,0.0071864111498257,4.1,-15.1,47.4,0.045,0.0424710424710424,0.0,0.0,0.0,0.0,0.0,0.0,0.0,0.0,Active,backup,2026-09-06T20:32:23+00:00
2026,1,401872929,00-0036626,Dyami Brown,WSH,PHI,WR,0.0,0.0,0.0,0.0,0.0,0.1,-10.0,16.1,0.008,0.0071864111498257,3.2,-10.8,34.7,0.045,0.0424710424710424,0.0,0.0,0.0,0.0,0.0,0.0,0.0,0.0,,backup,2026-09-06T20:32:23+00:00
2026,1,401872929,00-0040317,Jacoby Jones,WSH,PHI,WR,0.0,0.0,0.0,0.0,0.0,0.0,0.0,0.0,0.0,0.0,0.0,0.0,0.0,0.0,0.0,0.0,0.0,0.0,0.0,0.0,0.0,0.0,0.0,Injured Reserve,backup,2026-09-06T20:32:23+00:00
2026,1,401872929,00-0041176,Jaden Bradley,WSH,PHI,WR,0.0,0.0,0.0,0.0,0.0,0.0,0.0,0.0,0.0,0.0,0.0,0.0,0.0,0.0,0.0,0.0,0.0,0.0,0.0,0.0,0.0,0.0,0.0,,roster_only,2026-09-06T20:32:23+00:00
2026,1,401872929,00-0040164,Jaylin Lane,WSH,PHI,WR,0.0,0.0,0.0,0.0,0.0,0.0,-10.4,15.7,0.008,0.0071864111498257,0.5,-13.5,32.0,0.023,0.0231660231660231,0.0,0.0,0.0,0.0,0.0,0.0,0.0,0.0,,backup,2026-09-06T20:32:23+00:00
2026,1,401872929,00-0039355,Luke McCaffrey,WSH,PHI,WR,0.0,0.0,0.0,0.0,0.0,0.0,-10.4,15.8,0.008,0.0071864111498257,1.6,-12.3,33.1,0.038,0.0372402165691223,0.0,0.0,0.0,0.0,0.0,0.0,0.0,0.0,Active,backup,2026-09-06T20:32:23+00:00
2026,1,401872929,00-0031588,Stefon Diggs,WSH,PHI,WR,0.0,0.0,0.0,0.0,0.0,0.0,-10.4,15.8,0.008,0.0071864111498257,32.9,8.7,87.7,0.094,0.0903418874050808,0.0,0.0,0.0,0.0,0.0,0.0,0.0,0.0,Active,backup,2026-09-06T20:32:23+00:00
2026,1,401872929,00-0035659,Terry McLaurin,WSH,PHI,WR,0.0,0.0,0.0,0.0,0.0,0.0,-10.2,15.9,0.008,0.0071864111498257,64.9,40.7,119.7,0.18,0.1630473058242359,0.0,0.0,0.0,0.0,0.0,0.0,0.0,0.0,Active,starter,2026-09-06T20:32:23+00:00
2026,1,401872929,00-0037742,Treylon Burks,WSH,PHI,WR,0.0,0.0,0.0,0.0,0.0,0.0,-10.2,15.9,0.008,0.0071864111498257,14.1,0.1,45.6,0.103,0.0922666076285543,0.0,0.0,0.0,0.0,0.0,0.0,0.0,0.0,,backup,2026-09-06T20:32:23+00:00
2026,1,401872930,00-0038624,Ameer Speed,DAL,NYG,CB,0.0,0.0,0.0,0.0,0.0,0.0,0.0,0.0,0.0,0.0,0.0,0.0,0.0,0.0,0.0,0.0,0.0,0.0,0.7,0.0,3.2,0.004,0.0038797284190106,,backup,2026-09-06T20:32:23+00:00
2026,1,401872930,00-0039387,Caelen Carson,DAL,NYG,CB,0.0,0.0,0.0,0.0,0.0,0.0,0.0,0.0,0.0,0.0,0.0,0.0,0.0,0.0,0.0,0.0,0.0,0.0,2.1,0.2,4.6,0.015,0.0123994671786575,,backup,2026-09-06T20:32:23+00:00
2026,1,401872930,00-0037839,Cobie Durant,DAL,NYG,CB,0.0,0.0,0.0,0.0,0.0,0.0,0.0,0.0,0.0,0.0,0.0,0.0,0.0,0.0,0.0,0.0,0.0,0.0,2.9,0.2,6.4,0.017,0.0152842195052626,,starter,2026-09-06T20:32:23+00:00
2026,1,401872930,00-0037275,DaRon Bland,DAL,NYG,CB,0.0,0.0,0.0,0.0,0.0,0.0,0.0,0.0,0.0,0.0,0.0,0.0,0.0,0.0,0.0,0.0,0.0,0.0,5.2,2.4,8.6,0.013,0.0107525890005101,,starter,2026-09-06T20:32:23+00:00
2026,1,401872930,00-0037842,Derion Kendrick,DAL,NYG,CB,0.0,0.0,0.0,0.0,0.0,0.0,0.0,0.0,0.0,0.0,0.0,0.0,0.0,0.0,0.0,0.0,0.0,0.0,0.0,0.0,0.0,0.0,0.0,,roster_only,2026-09-06T20:32:23+00:00
2026,1,401872930,00-0040875,Devin Moore,DAL,NYG,CB,0.0,0.0,0.0,0.0,0.0,0.0,0.0,0.0,0.0,0.0,0.0,0.0,0.0,0.0,0.0,0.0,0.0,0.0,0.0,0.0,0.0,0.0,0.0,Injured Reserve,backup,2026-09-06T20:32:23+00:00
2026,1,401872930,00-0039465,Reddy Steward,DAL,NYG,CB,0.0,0.0,0.0,0.0,0.0,0.0,0.0,0.0,0.0,0.0,0.0,0.0,0.0,0.0,0.0,0.0,0.0,0.0,0.0,0.0,0.0,0.0,0.0,,roster_only,2026-09-06T20:32:23+00:00
2026,1,401872930,00-0040008,Shavon Revel Jr.,DAL,NYG,CB,0.0,0.0,0.0,0.0,0.0,0.0,0.0,0.0,0.0,0.0,0.0,0.0,0.0,0.0,0.0,0.0,0.0,0.0,3.0,0.3,6.5,0.016,0.0137029765283181,,backup,2026-09-06T20:32:23+00:00
2026,1,401872930,00-0037051,Elijah Garcia,DAL,NYG,DE,0.0,0.0,0.0,0.0,0.0,0.0,0.0,0.0,0.0,0.0,0.0,0.0,0.0,0.0,0.0,0.0,0.0,0.0,0.0,0.0,0.0,0.0,0.0,,roster_only,2026-09-06T20:32:23+00:00
2026,1,401872930,00-0038144,Adedayo Odeleye,DAL,NYG,DT,0.0,0.0,0.0,0.0,0.0,0.0,0.0,0.0,0.0,0.0,0.0,0.0,0.0,0.0,0.0,0.0,0.0,0.0,0.0,0.0,0.0,0.0,0.0,,roster_only,2026-09-06T20:32:23+00:00
2026,1,401872930,00-0033093,Jonathan Bullard,DAL,NYG,DT,0.0,0.0,0.0,0.0,0.0,0.0,0.0,0.0,0.0,0.0,0.0,0.0,0.0,0.0,0.0,0.0,0.0,0.0,1.1,0.0,3.7,0.056,0.0469402837968328,Questionable,backup,2026-09-06T20:32:23+00:00
2026,1,401872930,00-0040933,Kelvin Gilliam Jr.,DAL,NYG,DT,0.0,0.0,0.0,0.0,0.0,0.0,0.0,0.0,0.0,0.0,0.0,0.0,0.0,0.0,0.0,0.0,0.0,0.0,0.0,0.0,0.0,0.0,0.0,Injured Reserve,backup,2026-09-06T20:32:23+00:00
2026,1,401872930,00-0033120,Kenny Clark,DAL,NYG,DT,0.0,0.0,0.0,0.0,0.0,0.0,0.0,0.0,0.0,0.0,0.0,0.0,0.0,0.0,0.0,0.0,0.0,0.0,2.6,0.5,5.4,0.145,0.1102939358716228,,starter,2026-09-06T20:32:23+00:00
2026,1,401872930,00-0040880,LT Overton,DAL,NYG,DT,0.0,0.0,0.0,0.0,0.0,0.0,0.0,0.0,0.0,0.0,0.0,0.0,0.0,0.0,0.0,0.0,0.0,0.0,1.1,0.0,4.7,0.166,0.1245583115948222,,backup,2026-09-06T20:32:23+00:00
2026,1,401872930,00-0037270,Otito Ogbonnia,DAL,NYG,DT,0.0,0.0,0.0,0.0,0.0,0.0,0.0,0.0,0.0,0.0,0.0,0.0,0.0,0.0,0.0,0.0,0.0,0.0,1.8,0.0,4.3,0.031,0.0258784560979405,,starter,2026-09-06T20:32:23+00:00
2026,1,401872930,00-0035718,Quinnen Williams,DAL,NYG,DT,0.0,0.0,0.0,0.0,0.0,0.0,0.0,0.0,0.0,0.0,0.0,0.0,0.0,0.0,0.0,0.0,0.0,0.0,2.8,0.9,5.3,0.329,0.264630937723601,,starter,2026-09-06T20:32:23+00:00
2026,1,401872930,00-0040931,Tommy Dunn Jr.,DAL,NYG,DT,0.0,0.0,0.0,0.0,0.0,0.0,0.0,0.0,0.0,0.0,0.0,0.0,0.0,0.0,0.0,0.0,0.0,0.0,0.0,0.0,0.0,0.0,0.0,,roster_only,2026-09-06T20:32:23+00:00
2026,1,401872930,00-0038738,Hunter Luepke,DAL,NYG,FB,0.0,0.0,0.0,0.0,0.0,6.6,-14.3,39.4,0.121,0.1100758736078987,5.3,-8.6,36.9,0.087,0.0847750515318451,0.0,0.0,0.0,0.0,0.0,0.0,0.0,0.0,,starter,2026-09-06T20:32:23+00:00
2026,1,401872930,00-0036728,Curtis Robinson,DAL,NYG,LB,0.0,0.0,0.0,0.0,0.0,0.0,0.0,0.0,0.0,0.0,0.0,0.0,0.0,0.0,0.0,0.0,0.0,0.0,0.0,0.0,0.0,0.0,0.0,,roster_only,2026-09-06T20:32:23+00:00
2026,1,401872930,00-0038556,DeMarvion Overshown,DAL,NYG,LB,0.0,0.0,0.0,0.0,0.0,0.0,0.0,0.0,0.0,0.0,0.0,0.0,0.0,0.0,0.0,0.0,0.0,0.0,0.0,0.0,0.0,0.0,0.0,Active,roster_only,2026-09-06T20:32:23+00:00
2026,1,401872930,00-0038625,Dee Winters,DAL,NYG,LB,0.0,0.0,0.0,0.0,0.0,0.0,0.0,0.0,0.0,0.0,0.0,0.0,0.0,0.0,0.0,0.0,0.0,0.0,0.0,0.0,0.0,0.0,0.0,,roster_only,2026-09-06T20:32:23+00:00
2026,1,401872930,00-0040725,Donovan Ezeiruaku,DAL,NYG,LB,0.0,0.0,0.0,0.0,0.0,0.0,0.0,0.0,0.0,0.0,0.0,0.0,0.0,0.0,0.0,0.0,0.0,0.0,2.6,0.6,5.1,0.12,0.0959768633874195,,starter,2026-09-06T20:32:23+00:00
2026,1,401872930,00-0038737,Isaiah Land,DAL,NYG,LB,0.0,0.0,0.0,0.0,0.0,0.0,0.0,0.0,0.0,0.0,0.0,0.0,0.0,0.0,0.0,0.0,0.0,0.0,0.0,0.0,0.0,0.0,0.0,,roster_only,2026-09-06T20:32:23+00:00
2026,1,401872930,00-0040872,Jaishawn Barham,DAL,NYG,LB,0.0,0.0,0.0,0.0,0.0,0.0,0.0,0.0,0.0,0.0,0.0,0.0,0.0,0.0,0.0,0.0,0.0,0.0,0.0,0.0,0.0,0.0,0.0,Active,roster_only,2026-09-06T20:32:23+00:00
2026,1,401872930,00-0037310,James Houston,DAL,NYG,LB,0.0,0.0,0.0,0.0,0.0,0.0,0.0,0.0,0.0,0.0,0.0,0.0,0.0,0.0,0.0,0.0,0.0,0.0,1.1,0.0,3.5,0.118,0.094637399058854,Active,backup,2026-09-06T20:32:23+00:00
2026,1,401872930,00-0040043,Justin Barron,DAL,NYG,LB,0.0,0.0,0.0,0.0,0.0,0.0,0.0,0.0,0.0,0.0,0.0,0.0,0.0,0.0,0.0,0.0,0.0,0.0,0.0,0.0,0.0,0.0,0.0,,roster_only,2026-09-06T20:32:23+00:00
2026,1,401872930,00-0041537,Malachi Lawrence,DAL,NYG,LB,0.0,0.0,0.0,0.0,0.0,0.0,0.0,0.0,0.0,0.0,0.0,0.0,0.0,0.0,0.0,0.0,0.0,0.0,1.7,0.0,5.1,0.127,0.1001725908467486,,backup,2026-09-06T20:32:23+00:00
2026,1,401872930,00-0039352,Marist Liufau,DAL,NYG,LB,0.0,0.0,0.0,0.0,0.0,0.0,0.0,0.0,0.0,0.0,0.0,0.0,0.0,0.0,0.0,0.0,0.0,0.0,0.0,0.0,0.0,0.0,0.0,Injured Reserve,backup,2026-09-06T20:32:23+00:00
2026,1,401872930,00-0034967,Rashan Gary,DAL,NYG,LB,0.0,0.0,0.0,0.0,0.0,0.0,0.0,0.0,0.0,0.0,0.0,0.0,0.0,0.0,0.0,0.0,0.0,0.0,2.2,0.3,4.8,0.354,0.2842437490699685,,starter,2026-09-06T20:32:23+00:00
2026,1,401872930,00-0040011,Shemar James,DAL,NYG,LB,0.0,0.0,0.0,0.0,0.0,0.0,0.0,0.0,0.0,0.0,0.0,0.0,0.0,0.0,0.0,0.0,0.0,0.0,0.0,0.0,0.0,0.0,0.0,,roster_only,2026-09-06T20:32:23+00:00
2026,1,401872930,00-0038742,Tyrus Wheat,DAL,NYG,LB,0.0,0.0,0.0,0.0,0.0,0.0,0.0,0.0,0.0,0.0,0.0,0.0,0.0,0.0,0.0,0.0,0.0,0.0,0.7,0.0,3.1,0.02,0.0174929238008382,,backup,2026-09-06T20:32:23+00:00
2026,1,401872930,00-0027940,Von Miller,DAL,NYG,LB,0.0,0.0,0.0,0.0,0.0,0.0,0.0,0.0,0.0,0.0,0.0,0.0,0.0,0.0,0.0,0.0,0.0,0.0,1.3,0.0,3.9,0.288,0.2324395712952351,Active,backup,2026-09-06T20:32:23+00:00
2026,1,401872930,00-0037692,Brandon Aubrey,DAL,NYG,PK,0.0,0.0,0.0,0.0,0.0,0.0,0.0,0.0,0.0,0.0,0.0,0.0,0.0,0.0,0.0,6.9,2.3,12.1,0.0,0.0,0.0,0.0,0.0,Active,starter,2026-09-06T20:32:23+00:00
2026,1,401872930,00-0033077,Dak Prescott,DAL,NYG,QB,256.5,165.3,362.6,1.61,0.8125,9.9,-1.5,27.9,0.173,0.1509625085276624,0.0,0.0,0.0,0.0,0.0,0.0,0.0,0.0,0.0,0.0,0.0,0.0,0.0,Active,starter,2026-09-06T20:32:23+00:00
2026,1,401872930,00-0039398,Joe Milton III,DAL,NYG,QB,0.0,0.0,0.0,0.0,0.0,0.0,0.0,0.0,0.0,0.0,0.0,0.0,0.0,0.0,0.0,0.0,0.0,0.0,0.0,0.0,0.0,0.0,0.0,,roster_only,2026-09-06T20:32:23+00:00
2026,1,401872930,00-0037077,Sam Howell,DAL,NYG,QB,0.0,0.0,0.0,0.0,0.0,7.9,-2.3,23.9,0.115,0.1048505702468328,0.0,0.0,0.0,0.0,0.0,0.0,0.0,0.0,0.0,0.0,0.0,0.0,0.0,Active,backup,2026-09-06T20:32:23+00:00
2026,1,401872930,00-0038705,Emari Demercado,DAL,NYG,RB,0.0,0.0,0.0,0.0,0.0,16.9,-4.0,49.7,0.154,0.1362734098024454,6.9,-7.0,38.4,0.159,0.1431315145665457,0.0,0.0,0.0,0.0,0.0,0.0,0.0,0.0,,backup,2026-09-06T20:32:23+00:00
2026,1,401872930,00-0038389,Israel Abanikanda,DAL,NYG,RB,0.0,0.0,0.0,0.0,0.0,0.0,0.0,0.0,0.0,0.0,0.0,0.0,0.0,0.0,0.0,0.0,0.0,0.0,0.0,0.0,0.0,0.0,0.0,,roster_only,2026-09-06T20:32:23+00:00
2026,1,401872930,00-0036997,Javonte Williams,DAL,NYG,RB,0.0,0.0,0.0,0.0,0.0,55.4,34.6,88.2,0.464,0.3682373472949389,8.1,-5.8,39.6,0.12,0.0975061294215101,0.0,0.0,0.0,0.0,0.0,0.0,0.0,0.0,Active,starter,2026-09-06T20:32:23+00:00
2026,1,401872930,00-0037563,Malik Davis,DAL,NYG,RB,0.0,0.0,0.0,0.0,0.0,28.2,7.3,61.0,0.343,0.3284896718148756,5.2,-8.7,36.8,0.104,0.0924415047177471,0.0,0.0,0.0,0.0,0.0,0.0,0.0,0.0,Active,backup,2026-09-06T20:32:23+00:00
2026,1,401872930,00-0040045,Alijah Clark,DAL,NYG,S,0.0,0.0,0.0,0.0,0.0,0.0,0.0,0.0,0.0,0.0,0.0,0.0,0.0,0.0,0.0,0.0,0.0,0.0,1.1,0.0,3.7,0.007,0.0056996340105769,,backup,2026-09-06T20:32:23+00:00
2026,1,401872930,00-0040865,Caleb Downs,DAL,NYG,S,0.0,0.0,0.0,0.0,0.0,0.0,0.0,0.0,0.0,0.0,0.0,0.0,0.0,0.0,0.0,0.0,0.0,0.0,4.0,1.0,7.7,0.014,0.0111413863323969,,starter,2026-09-06T20:32:23+00:00
2026,1,401872930,00-0035705,Jalen Thompson,DAL,NYG,S,0.0,0.0,0.0,0.0,0.0,0.0,0.0,0.0,0.0,0.0,0.0,0.0,0.0,0.0,0.0,0.0,0.0,0.0,6.0,3.2,9.4,0.012,0.0096068599946354,Active,starter,2026-09-06T20:32:23+00:00
2026,1,401872930,00-0033877,Malik Hooker,DAL,NYG,S,0.0,0.0,0.0,0.0,0.0,0.0,0.0,0.0,0.0,0.0,0.0,0.0,0.0,0.0,0.0,0.0,0.0,0.0,4.0,1.2,7.4,0.011,0.0088034913987935,,starter,2026-09-06T20:32:23+00:00
2026,1,401872930,00-0037561,Markquese Bell,DAL,NYG,S,0.0,0.0,0.0,0.0,0.0,0.0,0.0,0.0,0.0,0.0,0.0,0.0,0.0,0.0,0.0,0.0,0.0,0.0,1.8,0.0,4.6,0.009,0.0070768898700577,,backup,2026-09-06T20:32:23+00:00
2026,1,401872930,00-0035227,P.J. Locke,DAL,NYG,S,0.0,0.0,0.0,0.0,0.0,0.0,0.0,0.0,0.0,0.0,0.0,0.0,0.0,0.0,0.0,0.0,0.0,0.0,3.1,0.5,6.6,0.016,0.0137029765283181,Active,backup,2026-09-06T20:32:23+00:00
2026,1,401872930,00-0039530,Brevyn Spann-Ford,DAL,NYG,TE,0.0,0.0,0.0,0.0,0.0,1.0,-9.1,17.0,0.008,0.0071864111498257,5.1,-8.8,36.6,0.104,0.0924609751300479,0.0,0.0,0.0,0.0,0.0,0.0,0.0,0.0,,backup,2026-09-06T20:32:23+00:00
2026,1,401872930,00-0040938,DJ Rogers,DAL,NYG,TE,0.0,0.0,0.0,0.0,0.0,0.0,0.0,0.0,0.0,0.0,0.0,0.0,0.0,0.0,0.0,0.0,0.0,0.0,0.0,0.0,0.0,0.0,0.0,Injured Reserve,backup,2026-09-06T20:32:23+00:00
2026,1,401872930,00-0038041,Jake Ferguson,DAL,NYG,TE,0.0,0.0,0.0,0.0,0.0,1.1,-9.1,17.1,0.008,0.0071864111498257,29.8,15.9,61.3,0.335,0.304734333189903,0.0,0.0,0.0,0.0,0.0,0.0,0.0,0.0,Active,starter,2026-09-06T20:32:23+00:00
2026,1,401872930,00-0037282,James Mitchell,DAL,NYG,TE,0.0,0.0,0.0,0.0,0.0,0.0,0.0,0.0,0.0,0.0,0.0,0.0,0.0,0.0,0.0,0.0,0.0,0.0,0.0,0.0,0.0,0.0,0.0,,roster_only,2026-09-06T20:32:23+00:00
2026,1,401872930,00-0038547,Luke Schoonmaker,DAL,NYG,TE,0.0,0.0,0.0,0.0,0.0,1.0,-9.2,17.0,0.008,0.0071864111498257,6.5,-7.5,38.0,0.113,0.0939606870299711,0.0,0.0,0.0,0.0,0.0,0.0,0.0,0.0,,backup,2026-09-06T20:32:23+00:00
2026,1,401872930,00-0040939,Michael Trigg,DAL,NYG,TE,0.0,0.0,0.0,0.0,0.0,0.0,0.0,0.0,0.0,0.0,0.0,0.0,0.0,0.0,0.0,0.0,0.0,0.0,0.0,0.0,0.0,0.0,0.0,,roster_only,2026-09-06T20:32:23+00:00
2026,1,401872930,00-0038735,Princeton Fant,DAL,NYG,TE,0.0,0.0,0.0,0.0,0.0,0.0,0.0,0.0,0.0,0.0,0.0,0.0,0.0,0.0,0.0,0.0,0.0,0.0,0.0,0.0,0.0,0.0,0.0,Injured Reserve,backup,2026-09-06T20:32:23+00:00
2026,1,401872930,00-0040900,Anthony Smith,DAL,NYG,WR,0.0,0.0,0.0,0.0,0.0,0.0,0.0,0.0,0.0,0.0,0.0,0.0,0.0,0.0,0.0,0.0,0.0,0.0,0.0,0.0,0.0,0.0,0.0,,roster_only,2026-09-06T20:32:23+00:00
2026,1,401872930,00-0040930,Camden Brown,DAL,NYG,WR,0.0,0.0,0.0,0.0,0.0,0.0,-14.1,21.8,0.008,0.0071864111498257,3.6,-15.6,47.0,0.103,0.0923442799857078,0.0,0.0,0.0,0.0,0.0,0.0,0.0,0.0,Active,backup,2026-09-06T20:32:23+00:00
2026,1,401872930,00-0036358,CeeDee Lamb,DAL,NYG,WR,0.0,0.0,0.0,0.0,0.0,0.7,-9.5,16.7,0.008,0.0071864111498257,60.3,36.1,115.1,0.414,0.3423597678916827,0.0,0.0,0.0,0.0,0.0,0.0,0.0,0.0,Active,starter,2026-09-06T20:32:23+00:00
2026,1,401872930,00-0037247,George Pickens,DAL,NYG,WR,0.0,0.0,0.0,0.0,0.0,0.0,-10.4,15.8,0.008,0.0071864111498257,46.4,22.2,101.2,0.389,0.3423597678916827,0.0,0.0,0.0,0.0,0.0,0.0,0.0,0.0,Active,backup,2026-09-06T20:32:23+00:00
2026,1,401872930,00-0039062,Jonathan Mingo,DAL,NYG,WR,0.0,0.0,0.0,0.0,0.0,0.0,-10.5,15.7,0.008,0.0071864111498257,2.1,-11.8,33.6,0.094,0.0902050868824519,0.0,0.0,0.0,0.0,0.0,0.0,0.0,0.0,,backup,2026-09-06T20:32:23+00:00
2026,1,401872930,00-0040934,Jordan Hudson,DAL,NYG,WR,0.0,0.0,0.0,0.0,0.0,0.0,0.0,0.0,0.0,0.0,0.0,0.0,0.0,0.0,0.0,0.0,0.0,0.0,0.0,0.0,0.0,0.0,0.0,,roster_only,2026-09-06T20:32:23+00:00
2026,1,401872930,00-0037801,KaVontae Turpin,DAL,NYG,WR,0.0,0.0,0.0,0.0,0.0,1.9,-8.3,17.9,0.024,0.0233710050598187,7.4,-6.5,38.9,0.098,0.0913313098828948,0.0,0.0,0.0,0.0,0.0,0.0,0.0,0.0,,backup,2026-09-06T20:32:23+00:00
2026,1,401872930,00-0039410,Ryan Flournoy,DAL,NYG,WR,0.0,0.0,0.0,0.0,0.0,0.0,-10.3,15.8,0.008,0.0071864111498257,13.4,-10.7,68.2,0.21,0.1881727132855232,0.0,0.0,0.0,0.0,0.0,0.0,0.0,0.0,Active,backup,2026-09-06T20:32:23+00:00
2026,1,401872930,00-0041462,Colton Hood,NYG,DAL,CB,0.0,0.0,0.0,0.0,0.0,0.0,0.0,0.0,0.0,0.0,0.0,0.0,0.0,0.0,0.0,0.0,0.0,0.0,1.8,0.0,5.7,0.015,0.0123587829685784,Questionable,backup,2026-09-06T20:32:23+00:00
2026,1,401872930,00-0039800,DJ James,NYG,DAL,CB,0.0,0.0,0.0,0.0,0.0,0.0,0.0,0.0,0.0,0.0,0.0,0.0,0.0,0.0,0.0,0.0,0.0,0.0,0.0,0.0,0.0,0.0,0.0,,roster_only,2026-09-06T20:32:23+00:00
2026,1,401872930,00-0039000,Deonte Banks,NYG,DAL,CB,0.0,0.0,0.0,0.0,0.0,0.0,0.0,0.0,0.0,0.0,0.0,0.0,0.0,0.0,0.0,0.0,0.0,0.0,2.7,0.6,5.4,0.016,0.0137029765283181,,backup,2026-09-06T20:32:23+00:00
2026,1,401872930,00-0039821,Dru Phillips,NYG,DAL,CB,0.0,0.0,0.0,0.0,0.0,0.0,0.0,0.0,0.0,0.0,0.0,0.0,0.0,0.0,0.0,0.0,0.0,0.0,3.6,1.3,6.2,0.018,0.0159524667701224,Questionable,starter,2026-09-06T20:32:23+00:00
2026,1,401872930,00-0039823,Elijah Jones,NYG,DAL,CB,0.0,0.0,0.0,0.0,0.0,0.0,0.0,0.0,0.0,0.0,0.0,0.0,0.0,0.0,0.0,0.0,0.0,0.0,0.0,0.0,0.0,0.0,0.0,,roster_only,2026-09-06T20:32:23+00:00
2026,1,401872930,00-0036996,Greg Newsome II,NYG,DAL,CB,0.0,0.0,0.0,0.0,0.0,0.0,0.0,0.0,0.0,0.0,0.0,0.0,0.0,0.0,0.0,0.0,0.0,0.0,3.1,0.4,6.6,0.017,0.0148190051765028,Questionable,starter,2026-09-06T20:32:23+00:00
2026,1,401872930,00-0038401,Jarrick Bernard-Converse,NYG,DAL,CB,0.0,0.0,0.0,0.0,0.0,0.0,0.0,0.0,0.0,0.0,0.0,0.0,0.0,0.0,0.0,0.0,0.0,0.0,0.0,0.0,0.0,0.0,0.0,Injured Reserve,backup,2026-09-06T20:32:23+00:00
2026,1,401872930,00-0040243,Korie Black,NYG,DAL,CB,0.0,0.0,0.0,0.0,0.0,0.0,0.0,0.0,0.0,0.0,0.0,0.0,0.0,0.0,0.0,0.0,0.0,0.0,0.0,0.0,0.0,0.0,0.0,Injured Reserve,backup,2026-09-06T20:32:23+00:00
2026,1,401872930,00-0038986,Nic Jones,NYG,DAL,CB,0.0,0.0,0.0,0.0,0.0,0.0,0.0,0.0,0.0,0.0,0.0,0.0,0.0,0.0,0.0,0.0,0.0,0.0,0.9,0.0,3.3,0.006,0.0052234248636803,,backup,2026-09-06T20:32:23+00:00
2026,1,401872930,00-0036937,Paulson Adebo,NYG,DAL,CB,0.0,0.0,0.0,0.0,0.0,0.0,0.0,0.0,0.0,0.0,0.0,0.0,0.0,0.0,0.0,0.0,0.0,0.0,5.0,2.2,8.3,0.016,0.0137029765283181,Questionable,starter,2026-09-06T20:32:23+00:00
2026,1,401872930,00-0039620,Rico Payton,NYG,DAL,CB,0.0,0.0,0.0,0.0,0.0,0.0,0.0,0.0,0.0,0.0,0.0,0.0,0.0,0.0,0.0,0.0,0.0,0.0,0.0,0.0,0.0,0.0,0.0,,backup,2026-09-06T20:32:23+00:00
2026,1,401872930,DIX670855,Thaddeus Dixon,NYG,DAL,CB,0.0,0.0,0.0,0.0,0.0,0.0,0.0,0.0,0.0,0.0,0.0,0.0,0.0,0.0,0.0,0.0,0.0,0.0,0.0,0.0,0.0,0.0,0.0,,backup,2026-09-06T20:32:23+00:00
2026,1,401872930,00-0036982,Chauncey Golston,NYG,DAL,DE,0.0,0.0,0.0,0.0,0.0,0.0,0.0,0.0,0.0,0.0,0.0,0.0,0.0,0.0,0.0,0.0,0.0,0.0,1.7,0.0,4.0,0.154,0.1152177905160679,,backup,2026-09-06T20:32:23+00:00
2026,1,401872930,00-0041095,Bobby Jamison-Travis,NYG,DAL,DT,0.0,0.0,0.0,0.0,0.0,0.0,0.0,0.0,0.0,0.0,0.0,0.0,0.0,0.0,0.0,0.0,0.0,0.0,1.1,0.0,4.6,0.2,0.1558400312110584,,backup,2026-09-06T20:32:23+00:00
2026,1,401872930,00-0039176,CJ Okoye,NYG,DAL,DT,0.0,0.0,0.0,0.0,0.0,0.0,0.0,0.0,0.0,0.0,0.0,0.0,0.0,0.0,0.0,0.0,0.0,0.0,1.1,0.0,3.5,0.06,0.0500492058967232,Active,backup,2026-09-06T20:32:23+00:00
2026,1,401872930,00-0032424,DJ Reader,NYG,DAL,DT,0.0,0.0,0.0,0.0,0.0,0.0,0.0,0.0,0.0,0.0,0.0,0.0,0.0,0.0,0.0,0.0,0.0,0.0,1.9,0.0,4.4,0.074,0.060850251515291,,starter,2026-09-06T20:32:23+00:00
2026,1,401872930,00-0040694,Darius Alexander,NYG,DAL,DT,0.0,0.0,0.0,0.0,0.0,0.0,0.0,0.0,0.0,0.0,0.0,0.0,0.0,0.0,0.0,0.0,0.0,0.0,1.9,0.1,4.5,0.143,0.1092097033917756,,starter,2026-09-06T20:32:23+00:00
2026,1,401872930,00-0033347,Josh Tupou,NYG,DAL,DT,0.0,0.0,0.0,0.0,0.0,0.0,0.0,0.0,0.0,0.0,0.0,0.0,0.0,0.0,0.0,0.0,0.0,0.0,0.0,0.0,0.0,0.0,0.0,,roster_only,2026-09-06T20:32:23+00:00
2026,1,401872930,00-0032667,Roy Robertson-Harris,NYG,DAL,DT,0.0,0.0,0.0,0.0,0.0,0.0,0.0,0.0,0.0,0.0,0.0,0.0,0.0,0.0,0.0,0.0,0.0,0.0,0.0,0.0,0.0,0.0,0.0,Injured Reserve,backup,2026-09-06T20:32:23+00:00
2026,1,401872930,00-0031270,Shelby Harris,NYG,DAL,DT,0.0,0.0,0.0,0.0,0.0,0.0,0.0,0.0,0.0,0.0,0.0,0.0,0.0,0.0,0.0,0.0,0.0,0.0,2.3,0.2,5.1,0.298,0.2404578887257737,,starter,2026-09-06T20:32:23+00:00
2026,1,401872930,00-0033376,Patrick Ricard,NYG,DAL,FB,0.0,0.0,0.0,0.0,0.0,3.1,-7.1,19.0,0.008,0.0071864111498257,2.7,-11.2,34.3,0.12,0.0981679964970467,0.0,0.0,0.0,0.0,0.0,0.0,0.0,0.0,,starter,2026-09-06T20:32:23+00:00
2026,1,401872930,00-0040677,Abdul Carter,NYG,DAL,LB,0.0,0.0,0.0,0.0,0.0,0.0,0.0,0.0,0.0,0.0,0.0,0.0,0.0,0.0,0.0,0.0,0.0,0.0,3.4,0.4,7.5,0.165,0.1231663201080675,,starter,2026-09-06T20:32:23+00:00
2026,1,401872930,00-0041509,Arvell Reese,NYG,DAL,LB,0.0,0.0,0.0,0.0,0.0,0.0,0.0,0.0,0.0,0.0,0.0,0.0,0.0,0.0,0.0,0.0,0.0,0.0,0.0,0.0,0.0,0.0,0.0,,roster_only,2026-09-06T20:32:23+00:00
2026,1,401872930,00-0035713,Brian Burns,NYG,DAL,LB,0.0,0.0,0.0,0.0,0.0,0.0,0.0,0.0,0.0,0.0,0.0,0.0,0.0,0.0,0.0,0.0,0.0,0.0,2.9,0.0,7.1,0.436,0.3200775945683802,,starter,2026-09-06T20:32:23+00:00
2026,1,401872930,00-0040108,Chandler Martin,NYG,DAL,LB,0.0,0.0,0.0,0.0,0.0,0.0,0.0,0.0,0.0,0.0,0.0,0.0,0.0,0.0,0.0,0.0,0.0,0.0,0.0,0.0,0.0,0.0,0.0,,roster_only,2026-09-06T20:32:23+00:00
2026,1,401872930,00-0041102,Jack Kelly,NYG,DAL,LB,0.0,0.0,0.0,0.0,0.0,0.0,0.0,0.0,0.0,0.0,0.0,0.0,0.0,0.0,0.0,0.0,0.0,0.0,0.0,0.0,0.0,0.0,0.0,,roster_only,2026-09-06T20:32:23+00:00
2026,1,401872930,00-0037611,Kayvon Thibodeaux,NYG,DAL,LB,0.0,0.0,0.0,0.0,0.0,0.0,0.0,0.0,0.0,0.0,0.0,0.0,0.0,0.0,0.0,0.0,0.0,0.0,1.9,0.0,6.1,0.309,0.2492130470994989,,backup,2026-09-06T20:32:23+00:00
2026,1,401872930,00-0036280,Malik Harrison,NYG,DAL,LB,0.0,0.0,0.0,0.0,0.0,0.0,0.0,0.0,0.0,0.0,0.0,0.0,0.0,0.0,0.0,0.0,0.0,0.0,0.0,0.0,0.0,0.0,0.0,,roster_only,2026-09-06T20:32:23+00:00
2026,1,401872930,00-0037259,Micah McFadden,NYG,DAL,LB,0.0,0.0,0.0,0.0,0.0,0.0,0.0,0.0,0.0,0.0,0.0,0.0,0.0,0.0,0.0,0.0,0.0,0.0,0.0,0.0,0.0,0.0,0.0,,roster_only,2026-09-06T20:32:23+00:00
2026,1,401872930,00-0040434,Trace Ford,NYG,DAL,LB,0.0,0.0,0.0,0.0,0.0,0.0,0.0,0.0,0.0,0.0,0.0,0.0,0.0,0.0,0.0,0.0,0.0,0.0,0.0,0.0,0.0,0.0,0.0,,roster_only,2026-09-06T20:32:23+00:00
2026,1,401872930,00-0034673,Tremaine Edmunds,NYG,DAL,LB,0.0,0.0,0.0,0.0,0.0,0.0,0.0,0.0,0.0,0.0,0.0,0.0,0.0,0.0,0.0,0.0,0.0,0.0,0.0,0.0,0.0,0.0,0.0,,roster_only,2026-09-06T20:32:23+00:00
2026,1,401872930,00-0038399,Zaire Barnes,NYG,DAL,LB,0.0,0.0,0.0,0.0,0.0,0.0,0.0,0.0,0.0,0.0,0.0,0.0,0.0,0.0,0.0,0.0,0.0,0.0,0.0,0.0,0.0,0.0,0.0,,roster_only,2026-09-06T20:32:23+00:00
2026,1,401872930,00-0041145,Dominic Zvada,NYG,DAL,PK,0.0,0.0,0.0,0.0,0.0,0.0,0.0,0.0,0.0,0.0,0.0,0.0,0.0,0.0,0.0,7.2,0.7,14.7,0.0,0.0,0.0,0.0,0.0,Active,starter,2026-09-06T20:32:23+00:00
2026,1,401872930,00-0038998,Jake Haener,NYG,DAL,QB,0.0,0.0,0.0,0.0,0.0,0.0,0.0,0.0,0.0,0.0,0.0,0.0,0.0,0.0,0.0,0.0,0.0,0.0,0.0,0.0,0.0,0.0,0.0,,roster_only,2026-09-06T20:32:23+00:00
2026,1,401872930,00-0031503,Jameis Winston,NYG,DAL,QB,0.0,0.0,0.0,0.0,0.0,4.3,-7.1,22.3,0.062,0.0609239692942924,0.0,0.0,0.0,0.0,0.0,0.0,0.0,0.0,0.0,0.0,0.0,0.0,0.0,,backup,2026-09-06T20:32:23+00:00
2026,1,401872930,00-0040691,Jaxson Dart,NYG,DAL,QB,204.1,113.0,310.3,1.188,0.6547619047619048,22.0,10.6,39.9,0.185,0.1606500375525609,0.0,0.0,0.0,0.0,0.0,0.0,0.0,0.0,0.0,0.0,0.0,0.0,0.0,Active,starter,2026-09-06T20:32:23+00:00
2026,1,401872930,00-0040715,Cam Skattebo,NYG,DAL,RB,0.0,0.0,0.0,0.0,0.0,38.4,17.6,71.2,0.302,0.2871493106780029,12.4,-1.5,43.9,0.241,0.2172757953468107,0.0,0.0,0.0,0.0,0.0,0.0,0.0,0.0,Active,starter,2026-09-06T20:32:23+00:00
2026,1,401872930,00-0035250,Devin Singletary,NYG,DAL,RB,0.0,0.0,0.0,0.0,0.0,21.6,0.7,54.4,0.197,0.1722779812284579,4.2,-9.7,35.8,0.157,0.1403266713198658,0.0,0.0,0.0,0.0,0.0,0.0,0.0,0.0,Active,backup,2026-09-06T20:32:23+00:00
2026,1,401872930,00-0036893,Najee Harris,NYG,DAL,RB,0.0,0.0,0.0,0.0,0.0,21.8,0.9,54.6,0.195,0.1699255194869736,3.3,-10.6,34.8,0.106,0.0927492645374806,0.0,0.0,0.0,0.0,0.0,0.0,0.0,0.0,Active,backup,2026-09-06T20:32:23+00:00
2026,1,401872930,00-0039384,Tyrone Tracy Jr.,NYG,DAL,RB,0.0,0.0,0.0,0.0,0.0,29.0,8.1,61.8,0.339,0.3250759551843982,9.2,-4.7,40.7,0.214,0.1926228080320699,0.0,0.0,0.0,0.0,0.0,0.0,0.0,0.0,Questionable,backup,2026-09-06T20:32:23+00:00
2026,1,401872930,00-0036587,Ar'Darius Washington,NYG,DAL,S,0.0,0.0,0.0,0.0,0.0,0.0,0.0,0.0,0.0,0.0,0.0,0.0,0.0,0.0,0.0,0.0,0.0,0.0,1.6,0.0,4.0,0.054,0.0446365990805922,,backup,2026-09-06T20:32:23+00:00
2026,1,401872930,00-0034248,Elijah Campbell,NYG,DAL,S,0.0,0.0,0.0,0.0,0.0,0.0,0.0,0.0,0.0,0.0,0.0,0.0,0.0,0.0,0.0,0.0,0.0,0.0,0.9,0.0,3.4,0.005,0.004410914062936,,backup,2026-09-06T20:32:23+00:00
2026,1,401872930,00-0036502,Jason Pinnock,NYG,DAL,S,0.0,0.0,0.0,0.0,0.0,0.0,0.0,0.0,0.0,0.0,0.0,0.0,0.0,0.0,0.0,0.0,0.0,0.0,1.8,0.0,4.2,0.016,0.0137029765283181,,backup,2026-09-06T20:32:23+00:00
2026,1,401872930,00-0036998,Jevon Holland,NYG,DAL,S,0.0,0.0,0.0,0.0,0.0,0.0,0.0,0.0,0.0,0.0,0.0,0.0,0.0,0.0,0.0,0.0,0.0,0.0,5.5,2.7,8.9,0.02,0.0171327597588348,Active,starter,2026-09-06T20:32:23+00:00
2026,1,401872930,00-0037468,Raheem Layne,NYG,DAL,S,0.0,0.0,0.0,0.0,0.0,0.0,0.0,0.0,0.0,0.0,0.0,0.0,0.0,0.0,0.0,0.0,0.0,0.0,0.0,0.0,0.0,0.0,0.0,,roster_only,2026-09-06T20:32:23+00:00
2026,1,401872930,00-0039861,Tyler Nubin,NYG,DAL,S,0.0,0.0,0.0,0.0,0.0,0.0,0.0,0.0,0.0,0.0,0.0,0.0,0.0,0.0,0.0,0.0,0.0,0.0,6.0,3.3,9.4,0.015,0.0125430909200686,,starter,2026-09-06T20:32:23+00:00
2026,1,401872930,00-0031484,Chris Manhertz,NYG,DAL,TE,0.0,0.0,0.0,0.0,0.0,0.0,-10.4,15.7,0.008,0.0071864111498257,2.5,-11.5,34.0,0.045,0.0424710424710424,0.0,0.0,0.0,0.0,0.0,0.0,0.0,0.0,,backup,2026-09-06T20:32:23+00:00
2026,1,401872930,00-0037838,Isaiah Likely,NYG,DAL,TE,0.0,0.0,0.0,0.0,0.0,0.0,-10.4,15.7,0.008,0.0071864111498257,18.2,4.3,49.7,0.274,0.2472123739244343,0.0,0.0,0.0,0.0,0.0,0.0,0.0,0.0,Active,starter,2026-09-06T20:32:23+00:00
2026,1,401872930,00-0039847,Theo Johnson,NYG,DAL,TE,0.0,0.0,0.0,0.0,0.0,0.0,-10.5,15.7,0.008,0.0071864111498257,19.5,1.9,59.2,0.311,0.2821521448782615,0.0,0.0,0.0,0.0,0.0,0.0,0.0,0.0,Questionable,backup,2026-09-06T20:32:23+00:00
2026,1,401872930,00-0040225,Thomas Fidone II,NYG,DAL,TE,0.0,0.0,0.0,0.0,0.0,0.0,-11.2,17.5,0.008,0.0071864111498257,0.0,-15.3,34.7,0.045,0.0424710424710424,0.0,0.0,0.0,0.0,0.0,0.0,0.0,0.0,,backup,2026-09-06T20:32:23+00:00
2026,1,401872930,00-0034419,Braxton Berrios,NYG,DAL,WR,0.0,0.0,0.0,0.0,0.0,0.0,0.0,0.0,0.0,0.0,0.0,0.0,0.0,0.0,0.0,0.0,0.0,0.0,0.0,0.0,0.0,0.0,0.0,,roster_only,2026-09-06T20:32:23+00:00
2026,1,401872930,00-0037837,Calvin Austin III,NYG,DAL,WR,0.0,0.0,0.0,0.0,0.0,0.0,0.0,0.0,0.0,0.0,0.0,0.0,0.0,0.0,0.0,0.0,0.0,0.0,0.0,0.0,0.0,0.0,0.0,Injured Reserve,backup,2026-09-06T20:32:23+00:00
2026,1,401872930,00-0038576,Charlie Jones,NYG,DAL,WR,0.0,0.0,0.0,0.0,0.0,0.0,0.0,0.0,0.0,0.0,0.0,0.0,0.0,0.0,0.0,0.0,0.0,0.0,0.0,0.0,0.0,0.0,0.0,,roster_only,2026-09-06T20:32:23+00:00
2026,1,401872930,00-0040431,Dalen Cambre,NYG,DAL,WR,0.0,0.0,0.0,0.0,0.0,0.0,0.0,0.0,0.0,0.0,0.0,0.0,0.0,0.0,0.0,0.0,0.0,0.0,0.0,0.0,0.0,0.0,0.0,,roster_only,2026-09-06T20:32:23+00:00
2026,1,401872930,00-0035535,Darius Slayton,NYG,DAL,WR,0.0,0.0,0.0,0.0,0.0,0.0,-10.3,15.8,0.008,0.0071864111498257,28.9,4.8,83.7,0.273,0.245748976628788,0.0,0.0,0.0,0.0,0.0,0.0,0.0,0.0,Active,backup,2026-09-06T20:32:23+00:00
2026,1,401872930,00-0036309,Darnell Mooney,NYG,DAL,WR,0.0,0.0,0.0,0.0,0.0,0.0,-10.3,15.8,0.008,0.0071864111498257,19.8,5.9,51.3,0.299,0.2707211827466633,0.0,0.0,0.0,0.0,0.0,0.0,0.0,0.0,Active,backup,2026-09-06T20:32:23+00:00
2026,1,401872930,00-0035645,Gunner Olszewski,NYG,DAL,WR,0.0,0.0,0.0,0.0,0.0,0.0,0.0,0.0,0.0,0.0,0.0,0.0,0.0,0.0,0.0,0.0,0.0,0.0,0.0,0.0,0.0,0.0,0.0,,backup,2026-09-06T20:32:23+00:00
2026,1,401872930,00-0038938,Jalin Hyatt,NYG,DAL,WR,0.0,0.0,0.0,0.0,0.0,0.0,0.0,0.0,0.0,0.0,0.0,0.0,0.0,0.0,0.0,0.0,0.0,0.0,0.0,0.0,0.0,0.0,0.0,,roster_only,2026-09-06T20:32:23+00:00
2026,1,401872930,00-0041042,Malachi Fields,NYG,DAL,WR,0.0,0.0,0.0,0.0,0.0,0.0,-14.1,21.8,0.008,0.0071864111498257,3.7,-15.4,47.1,0.12,0.0977488992977028,0.0,0.0,0.0,0.0,0.0,0.0,0.0,0.0,Active,backup,2026-09-06T20:32:23+00:00
2026,1,401872930,00-0039337,Malik Nabers,NYG,DAL,WR,0.0,0.0,0.0,0.0,0.0,0.0,-10.3,15.9,0.008,0.0071864111498257,57.2,33.1,112.0,0.414,0.3423597678916827,0.0,0.0,0.0,0.0,0.0,0.0,0.0,0.0,Questionable,starter,2026-09-06T20:32:23+00:00
2026,1,401872930,00-0031235,Odell Beckham Jr.,NYG,DAL,WR,0.0,0.0,0.0,0.0,0.0,0.0,-14.1,21.8,0.008,0.0071864111498257,3.7,-15.4,47.1,0.116,0.0945701689978318,0.0,0.0,0.0,0.0,0.0,0.0,0.0,0.0,Active,backup,2026-09-06T20:32:23+00:00
2026,1,401872931,00-0041289,Brent Austin,DEN,KC,CB,0.0,0.0,0.0,0.0,0.0,0.0,0.0,0.0,0.0,0.0,0.0,0.0,0.0,0.0,0.0,0.0,0.0,0.0,0.0,0.0,0.0,0.0,0.0,,roster_only,2026-09-06T20:32:23+00:00
2026,1,401872931,00-0037384,Ja'Quan McMillian,DEN,KC,CB,0.0,0.0,0.0,0.0,0.0,0.0,0.0,0.0,0.0,0.0,0.0,0.0,0.0,0.0,0.0,0.0,0.0,0.0,3.7,1.5,6.4,0.016,0.013745974582401,,starter,2026-09-06T20:32:23+00:00
2026,1,401872931,00-0040720,Jahdae Barron,DEN,KC,CB,0.0,0.0,0.0,0.0,0.0,0.0,0.0,0.0,0.0,0.0,0.0,0.0,0.0,0.0,0.0,0.0,0.0,0.0,1.8,0.0,4.2,0.011,0.0092916916362059,,backup,2026-09-06T20:32:23+00:00
2026,1,401872931,00-0039371,Kris Abrams-Draine,DEN,KC,CB,0.0,0.0,0.0,0.0,0.0,0.0,0.0,0.0,0.0,0.0,0.0,0.0,0.0,0.0,0.0,0.0,0.0,0.0,0.8,0.0,3.2,0.004,0.0038797284190106,,backup,2026-09-06T20:32:23+00:00
2026,1,401872931,00-0036874,Pat Surtain II,DEN,KC,CB,0.0,0.0,0.0,0.0,0.0,0.0,0.0,0.0,0.0,0.0,0.0,0.0,0.0,0.0,0.0,0.0,0.0,0.0,3.4,0.7,6.8,0.016,0.0137029765283181,,starter,2026-09-06T20:32:23+00:00
2026,1,401872931,00-0038552,Riley Moss,DEN,KC,CB,0.0,0.0,0.0,0.0,0.0,0.0,0.0,0.0,0.0,0.0,0.0,0.0,0.0,0.0,0.0,0.0,0.0,0.0,4.6,1.8,8.0,0.016,0.013102735150906,Questionable,starter,2026-09-06T20:32:23+00:00
2026,1,401872931,00-0040679,Sean Fresch,DEN,KC,CB,0.0,0.0,0.0,0.0,0.0,0.0,0.0,0.0,0.0,0.0,0.0,0.0,0.0,0.0,0.0,0.0,0.0,0.0,0.0,0.0,0.0,0.0,0.0,,roster_only,2026-09-06T20:32:23+00:00
2026,1,401872931,00-0039177,David Ebuka Agoha,DEN,KC,DE,0.0,0.0,0.0,0.0,0.0,0.0,0.0,0.0,0.0,0.0,0.0,0.0,0.0,0.0,0.0,0.0,0.0,0.0,0.0,0.0,0.0,0.0,0.0,,roster_only,2026-09-06T20:32:23+00:00
2026,1,401872931,00-0038106,Eyioma Uwazurike,DEN,KC,DE,0.0,0.0,0.0,0.0,0.0,0.0,0.0,0.0,0.0,0.0,0.0,0.0,0.0,0.0,0.0,0.0,0.0,0.0,1.5,0.0,4.0,0.116,0.0936382790163313,,backup,2026-09-06T20:32:23+00:00
2026,1,401872931,00-0037303,Matt Henningsen,DEN,KC,DE,0.0,0.0,0.0,0.0,0.0,0.0,0.0,0.0,0.0,0.0,0.0,0.0,0.0,0.0,0.0,0.0,0.0,0.0,0.0,0.0,0.0,0.0,0.0,Injured Reserve,backup,2026-09-06T20:32:23+00:00
2026,1,401872931,00-0040153,Sai'vion Jones,DEN,KC,DE,0.0,0.0,0.0,0.0,0.0,0.0,0.0,0.0,0.0,0.0,0.0,0.0,0.0,0.0,0.0,0.0,0.0,0.0,0.9,0.0,4.4,0.159,0.1182907866105063,,backup,2026-09-06T20:32:23+00:00
2026,1,401872931,00-0035248,Zach Allen,DEN,KC,DE,0.0,0.0,0.0,0.0,0.0,0.0,0.0,0.0,0.0,0.0,0.0,0.0,0.0,0.0,0.0,0.0,0.0,0.0,2.3,0.2,5.1,0.272,0.2197009709807098,,starter,2026-09-06T20:32:23+00:00
2026,1,401872931,00-0033297,D.J. Jones,DEN,KC,DT,0.0,0.0,0.0,0.0,0.0,0.0,0.0,0.0,0.0,0.0,0.0,0.0,0.0,0.0,0.0,0.0,0.0,0.0,2.3,0.4,4.8,0.089,0.0703813127129282,,starter,2026-09-06T20:32:23+00:00
2026,1,401872931,00-0037294,Jordan Jackson,DEN,KC,DT,0.0,0.0,0.0,0.0,0.0,0.0,0.0,0.0,0.0,0.0,0.0,0.0,0.0,0.0,0.0,0.0,0.0,0.0,1.1,0.0,3.5,0.07,0.0581907630200101,,backup,2026-09-06T20:32:23+00:00
2026,1,401872931,00-0035763,Malcolm Roach,DEN,KC,DT,0.0,0.0,0.0,0.0,0.0,0.0,0.0,0.0,0.0,0.0,0.0,0.0,0.0,0.0,0.0,0.0,0.0,0.0,2.3,0.4,4.8,0.081,0.0650987817188385,,starter,2026-09-06T20:32:23+00:00
2026,1,401872931,00-0041552,Tyler Onyedim,DEN,KC,DT,0.0,0.0,0.0,0.0,0.0,0.0,0.0,0.0,0.0,0.0,0.0,0.0,0.0,0.0,0.0,0.0,0.0,0.0,1.0,0.0,4.5,0.182,0.139378668539424,,backup,2026-09-06T20:32:23+00:00
2026,1,401872931,00-0036727,Adam Prentice,DEN,KC,FB,0.0,0.0,0.0,0.0,0.0,0.0,0.0,0.0,0.0,0.0,0.0,0.0,0.0,0.0,0.0,0.0,0.0,0.0,0.0,0.0,0.0,0.0,0.0,,roster_only,2026-09-06T20:32:23+00:00
2026,1,401872931,00-0031898,Alex Singleton,DEN,KC,LB,0.0,0.0,0.0,0.0,0.0,0.0,0.0,0.0,0.0,0.0,0.0,0.0,0.0,0.0,0.0,0.0,0.0,0.0,0.0,0.0,0.0,0.0,0.0,,roster_only,2026-09-06T20:32:23+00:00
2026,1,401872931,00-0037799,Dondrea Tillman,DEN,KC,LB,0.0,0.0,0.0,0.0,0.0,0.0,0.0,0.0,0.0,0.0,0.0,0.0,0.0,0.0,0.0,0.0,0.0,0.0,2.3,0.4,4.8,0.148,0.1120181045557728,,starter,2026-09-06T20:32:23+00:00
2026,1,401872931,00-0039003,Drew Sanders,DEN,KC,LB,0.0,0.0,0.0,0.0,0.0,0.0,0.0,0.0,0.0,0.0,0.0,0.0,0.0,0.0,0.0,0.0,0.0,0.0,0.0,0.0,0.0,0.0,0.0,Injured Reserve,backup,2026-09-06T20:32:23+00:00
2026,1,401872931,00-0040452,Johnny Walker,DEN,KC,LB,0.0,0.0,0.0,0.0,0.0,0.0,0.0,0.0,0.0,0.0,0.0,0.0,0.0,0.0,0.0,0.0,0.0,0.0,0.0,0.0,0.0,0.0,0.0,,roster_only,2026-09-06T20:32:23+00:00
2026,1,401872931,00-0039809,Jonah Elliss,DEN,KC,LB,0.0,0.0,0.0,0.0,0.0,0.0,0.0,0.0,0.0,0.0,0.0,0.0,0.0,0.0,0.0,0.0,0.0,0.0,1.8,0.0,4.3,0.261,0.210150934703623,,backup,2026-09-06T20:32:23+00:00
2026,1,401872931,00-0036952,Jonathon Cooper,DEN,KC,LB,0.0,0.0,0.0,0.0,0.0,0.0,0.0,0.0,0.0,0.0,0.0,0.0,0.0,0.0,0.0,0.0,0.0,0.0,0.0,0.0,0.0,0.0,0.0,Out,backup,2026-09-06T20:32:23+00:00
2026,1,401872931,00-0040634,Jordan Turner,DEN,KC,LB,0.0,0.0,0.0,0.0,0.0,0.0,0.0,0.0,0.0,0.0,0.0,0.0,0.0,0.0,0.0,0.0,0.0,0.0,0.0,0.0,0.0,0.0,0.0,Active,roster_only,2026-09-06T20:32:23+00:00
2026,1,401872931,00-0036428,Justin Strnad,DEN,KC,LB,0.0,0.0,0.0,0.0,0.0,0.0,0.0,0.0,0.0,0.0,0.0,0.0,0.0,0.0,0.0,0.0,0.0,0.0,0.0,0.0,0.0,0.0,0.0,,roster_only,2026-09-06T20:32:23+00:00
2026,1,401872931,00-0040449,Karene Reid,DEN,KC,LB,0.0,0.0,0.0,0.0,0.0,0.0,0.0,0.0,0.0,0.0,0.0,0.0,0.0,0.0,0.0,0.0,0.0,0.0,0.0,0.0,0.0,0.0,0.0,,roster_only,2026-09-06T20:32:23+00:00
2026,1,401872931,00-0039565,Levelle Bailey,DEN,KC,LB,0.0,0.0,0.0,0.0,0.0,0.0,0.0,0.0,0.0,0.0,0.0,0.0,0.0,0.0,0.0,0.0,0.0,0.0,0.0,0.0,0.0,0.0,0.0,Injured Reserve,roster_only,2026-09-06T20:32:23+00:00
2026,1,401872931,00-0037249,Nik Bonitto,DEN,KC,LB,0.0,0.0,0.0,0.0,0.0,0.0,0.0,0.0,0.0,0.0,0.0,0.0,0.0,0.0,0.0,0.0,0.0,0.0,2.2,0.3,4.7,0.412,0.3200775945683802,Active,starter,2026-09-06T20:32:23+00:00
2026,1,401872931,00-0040168,Que Robinson,DEN,KC,LB,0.0,0.0,0.0,0.0,0.0,0.0,0.0,0.0,0.0,0.0,0.0,0.0,0.0,0.0,0.0,0.0,0.0,0.0,1.1,0.0,3.6,0.179,0.137208409071034,,backup,2026-09-06T20:32:23+00:00
2026,1,401872931,00-0041134,Red Murdock,DEN,KC,LB,0.0,0.0,0.0,0.0,0.0,0.0,0.0,0.0,0.0,0.0,0.0,0.0,0.0,0.0,0.0,0.0,0.0,0.0,0.0,0.0,0.0,0.0,0.0,,roster_only,2026-09-06T20:32:23+00:00
2026,1,401872931,00-0032569,Wil Lutz,DEN,KC,PK,0.0,0.0,0.0,0.0,0.0,0.0,0.0,0.0,0.0,0.0,0.0,0.0,0.0,0.0,0.0,6.9,1.9,12.8,0.0,0.0,0.0,0.0,0.0,Active,starter,2026-09-06T20:32:23+00:00
2026,1,401872931,00-0039732,Bo Nix,DEN,KC,QB,234.5,143.3,340.7,1.589,0.8125,17.0,5.6,35.0,0.192,0.1663335562640503,0.0,0.0,0.0,0.0,0.0,0.0,0.0,0.0,0.0,0.0,0.0,0.0,0.0,,starter,2026-09-06T20:32:23+00:00
2026,1,401872931,00-0035264,Jarrett Stidham,DEN,KC,QB,0.0,0.0,0.0,0.0,0.0,4.3,-5.9,20.3,0.078,0.0738812255981396,0.0,0.0,0.0,0.0,0.0,0.0,0.0,0.0,0.0,0.0,0.0,0.0,0.0,Active,backup,2026-09-06T20:32:23+00:00
2026,1,401872931,00-0036879,Sam Ehlinger,DEN,KC,QB,0.0,0.0,0.0,0.0,0.0,7.2,-4.2,25.2,0.13,0.1167484918160081,0.0,0.0,0.0,0.0,0.0,0.0,0.0,0.0,0.0,0.0,0.0,0.0,0.0,,backup,2026-09-06T20:32:23+00:00
2026,1,401872931,00-0039703,Cody Schrader,DEN,KC,RB,0.0,0.0,0.0,0.0,0.0,0.0,0.0,0.0,0.0,0.0,0.0,0.0,0.0,0.0,0.0,0.0,0.0,0.0,0.0,0.0,0.0,0.0,0.0,,roster_only,2026-09-06T20:32:23+00:00
2026,1,401872931,00-0036158,J.K. Dobbins,DEN,KC,RB,0.0,0.0,0.0,0.0,0.0,55.1,34.3,87.9,0.36,0.345753416384803,5.3,-8.7,36.8,0.153,0.1362217051526731,0.0,0.0,0.0,0.0,0.0,0.0,0.0,0.0,Active,starter,2026-09-06T20:32:23+00:00
2026,1,401872931,00-0041496,Jonah Coleman,DEN,KC,RB,0.0,0.0,0.0,0.0,0.0,10.0,-18.7,55.1,0.09,0.084282809752453,1.1,-18.0,44.5,0.099,0.0915449801721933,0.0,0.0,0.0,0.0,0.0,0.0,0.0,0.0,Active,backup,2026-09-06T20:32:23+00:00
2026,1,401872931,00-0040730,RJ Harvey,DEN,KC,RB,0.0,0.0,0.0,0.0,0.0,27.8,7.0,60.6,0.35,0.3359022584025459,15.9,1.9,47.4,0.265,0.238501242682826,0.0,0.0,0.0,0.0,0.0,0.0,0.0,0.0,Active,backup,2026-09-06T20:32:23+00:00
2026,1,401872931,00-0037085,Tyler Badie,DEN,KC,RB,0.0,0.0,0.0,0.0,0.0,1.6,-8.5,17.6,0.008,0.0071864111498257,1.5,-12.4,33.1,0.079,0.078217404228096,0.0,0.0,0.0,0.0,0.0,0.0,0.0,0.0,,backup,2026-09-06T20:32:23+00:00
2026,1,401872931,00-0036221,Brandon Jones,DEN,KC,S,0.0,0.0,0.0,0.0,0.0,0.0,0.0,0.0,0.0,0.0,0.0,0.0,0.0,0.0,0.0,0.0,0.0,0.0,5.2,2.4,8.6,0.072,0.0598478887312849,,starter,2026-09-06T20:32:23+00:00
2026,1,401872931,00-0036683,Devon Key,DEN,KC,S,0.0,0.0,0.0,0.0,0.0,0.0,0.0,0.0,0.0,0.0,0.0,0.0,0.0,0.0,0.0,0.0,0.0,0.0,1.0,0.0,3.4,0.004,0.0038797284190106,,backup,2026-09-06T20:32:23+00:00
2026,1,401872931,00-0038605,JL Skinner,DEN,KC,S,0.0,0.0,0.0,0.0,0.0,0.0,0.0,0.0,0.0,0.0,0.0,0.0,0.0,0.0,0.0,0.0,0.0,0.0,0.7,0.0,3.2,0.004,0.0038797284190106,,backup,2026-09-06T20:32:23+00:00
2026,1,401872931,00-0041130,Miles Scott,DEN,KC,S,0.0,0.0,0.0,0.0,0.0,0.0,0.0,0.0,0.0,0.0,0.0,0.0,0.0,0.0,0.0,0.0,0.0,0.0,0.0,0.0,0.0,0.0,0.0,,roster_only,2026-09-06T20:32:23+00:00
2026,1,401872931,00-0036564,Talanoa Hufanga,DEN,KC,S,0.0,0.0,0.0,0.0,0.0,0.0,0.0,0.0,0.0,0.0,0.0,0.0,0.0,0.0,0.0,0.0,0.0,0.0,5.5,2.7,8.9,0.021,0.0183158444833199,,starter,2026-09-06T20:32:23+00:00
2026,1,401872931,00-0037752,Tycen Anderson,DEN,KC,S,0.0,0.0,0.0,0.0,0.0,0.0,0.0,0.0,0.0,0.0,0.0,0.0,0.0,0.0,0.0,0.0,0.0,0.0,1.1,0.0,3.6,0.016,0.01366164142848,,backup,2026-09-06T20:32:23+00:00
2026,1,401872931,00-0036422,Adam Trautman,DEN,KC,TE,0.0,0.0,0.0,0.0,0.0,0.0,-10.4,15.8,0.008,0.0071864111498257,10.8,-3.2,42.3,0.128,0.107428753025052,0.0,0.0,0.0,0.0,0.0,0.0,0.0,0.0,,backup,2026-09-06T20:32:23+00:00
2026,1,401872931,00-0040240,Caleb Lohner,DEN,KC,TE,0.0,0.0,0.0,0.0,0.0,0.0,0.0,0.0,0.0,0.0,0.0,0.0,0.0,0.0,0.0,0.0,0.0,0.0,0.0,0.0,0.0,0.0,0.0,Injured Reserve,backup,2026-09-06T20:32:23+00:00
2026,1,401872931,00-0041133,Dallen Bentley,DEN,KC,TE,0.0,0.0,0.0,0.0,0.0,0.0,-14.2,21.7,0.008,0.0071864111498257,2.8,-16.4,46.1,0.148,0.1300645456798415,0.0,0.0,0.0,0.0,0.0,0.0,0.0,0.0,,backup,2026-09-06T20:32:23+00:00
2026,1,401872931,00-0033881,Evan Engram,DEN,KC,TE,0.0,0.0,0.0,0.0,0.0,0.0,-10.3,15.9,0.008,0.0071864111498257,26.4,12.5,57.9,0.259,0.2331319184032059,0.0,0.0,0.0,0.0,0.0,0.0,0.0,0.0,Active,starter,2026-09-06T20:32:23+00:00
2026,1,401872931,00-0037539,Lucas Krull,DEN,KC,TE,0.0,0.0,0.0,0.0,0.0,0.0,0.0,0.0,0.0,0.0,0.0,0.0,0.0,0.0,0.0,0.0,0.0,0.0,0.0,0.0,0.0,0.0,0.0,,roster_only,2026-09-06T20:32:23+00:00
2026,1,401872931,00-0038783,Nate Adkins,DEN,KC,TE,0.0,0.0,0.0,0.0,0.0,0.0,-10.5,15.7,0.008,0.0071864111498257,1.8,-12.1,33.4,0.115,0.0943045868733611,0.0,0.0,0.0,0.0,0.0,0.0,0.0,0.0,Active,backup,2026-09-06T20:32:23+00:00
2026,1,401872931,00-0034348,Courtland Sutton,DEN,KC,WR,0.0,0.0,0.0,0.0,0.0,0.0,-10.3,15.8,0.008,0.0071864111498257,43.5,19.3,98.2,0.414,0.3423597678916827,0.0,0.0,0.0,0.0,0.0,0.0,0.0,0.0,Active,backup,2026-09-06T20:32:23+00:00
2026,1,401872931,00-0041293,Dane Key,DEN,KC,WR,0.0,0.0,0.0,0.0,0.0,0.0,0.0,0.0,0.0,0.0,0.0,0.0,0.0,0.0,0.0,0.0,0.0,0.0,0.0,0.0,0.0,0.0,0.0,,roster_only,2026-09-06T20:32:23+00:00
2026,1,401872931,00-0036613,Jaylen Waddle,DEN,KC,WR,0.0,0.0,0.0,0.0,0.0,0.2,-9.9,16.2,0.008,0.0071864111498257,25.5,1.4,80.3,0.273,0.2459759226401627,0.0,0.0,0.0,0.0,0.0,0.0,0.0,0.0,Active,starter,2026-09-06T20:32:23+00:00
2026,1,401872931,00-0041292,Kolbe Katsis,DEN,KC,WR,0.0,0.0,0.0,0.0,0.0,0.0,0.0,0.0,0.0,0.0,0.0,0.0,0.0,0.0,0.0,0.0,0.0,0.0,0.0,0.0,0.0,0.0,0.0,,roster_only,2026-09-06T20:32:23+00:00
2026,1,401872931,00-0035406,Lil'Jordan Humphrey,DEN,KC,WR,0.0,0.0,0.0,0.0,0.0,0.0,-10.3,15.8,0.008,0.0071864111498257,12.9,-1.0,44.5,0.212,0.1899944879869149,0.0,0.0,0.0,0.0,0.0,0.0,0.0,0.0,,backup,2026-09-06T20:32:23+00:00
2026,1,401872931,00-0038976,Marvin Mims Jr.,DEN,KC,WR,0.0,0.0,0.0,0.0,0.0,1.4,-8.8,17.4,0.008,0.0071864111498257,12.5,-11.6,67.3,0.202,0.1820815180391432,0.0,0.0,0.0,0.0,0.0,0.0,0.0,0.0,Questionable,backup,2026-09-06T20:32:23+00:00
2026,1,401872931,00-0036959,Michael Bandy,DEN,KC,WR,0.0,0.0,0.0,0.0,0.0,0.0,0.0,0.0,0.0,0.0,0.0,0.0,0.0,0.0,0.0,0.0,0.0,0.0,0.0,0.0,0.0,0.0,0.0,,roster_only,2026-09-06T20:32:23+00:00
2026,1,401872931,00-0040134,Pat Bryant,DEN,KC,WR,0.0,0.0,0.0,0.0,0.0,0.0,-10.3,15.8,0.008,0.0071864111498257,19.6,-4.6,74.4,0.273,0.2464682671966512,0.0,0.0,0.0,0.0,0.0,0.0,0.0,0.0,Active,backup,2026-09-06T20:32:23+00:00
2026,1,401872931,00-0039868,Troy Franklin,DEN,KC,WR,0.0,0.0,0.0,0.0,0.0,0.0,-10.3,15.9,0.008,0.0071864111498257,17.2,-7.0,72.0,0.266,0.2395764360621194,0.0,0.0,0.0,0.0,0.0,0.0,0.0,0.0,Active,backup,2026-09-06T20:32:23+00:00
2026,1,401872931,00-0039324,Chris Roland-Wallace,KC,DEN,CB,0.0,0.0,0.0,0.0,0.0,0.0,0.0,0.0,0.0,0.0,0.0,0.0,0.0,0.0,0.0,0.0,0.0,0.0,2.3,0.2,5.1,0.013,0.0103656083856208,,backup,2026-09-06T20:32:23+00:00
2026,1,401872931,00-0040961,D'Arco Perkins-McAllister,KC,DEN,CB,0.0,0.0,0.0,0.0,0.0,0.0,0.0,0.0,0.0,0.0,0.0,0.0,0.0,0.0,0.0,0.0,0.0,0.0,0.0,0.0,0.0,0.0,0.0,,roster_only,2026-09-06T20:32:23+00:00
2026,1,401872931,00-0041497,Jadon Canady,KC,DEN,CB,0.0,0.0,0.0,0.0,0.0,0.0,0.0,0.0,0.0,0.0,0.0,0.0,0.0,0.0,0.0,0.0,0.0,0.0,3.4,0.5,7.2,0.016,0.0137029765283181,,starter,2026-09-06T20:32:23+00:00
2026,1,401872931,00-0037353,Kader Kohou,KC,DEN,CB,0.0,0.0,0.0,0.0,0.0,0.0,0.0,0.0,0.0,0.0,0.0,0.0,0.0,0.0,0.0,0.0,0.0,0.0,0.0,0.0,0.0,0.0,0.0,,roster_only,2026-09-06T20:32:23+00:00
2026,1,401872931,00-0036416,Kristian Fulton,KC,DEN,CB,0.0,0.0,0.0,0.0,0.0,0.0,0.0,0.0,0.0,0.0,0.0,0.0,0.0,0.0,0.0,0.0,0.0,0.0,2.4,0.3,5.2,0.018,0.015564741995325,,backup,2026-09-06T20:32:23+00:00
2026,1,401872931,00-0036374,L'Jarius Sneed,KC,DEN,CB,0.0,0.0,0.0,0.0,0.0,0.0,0.0,0.0,0.0,0.0,0.0,0.0,0.0,0.0,0.0,0.0,0.0,0.0,4.7,1.9,8.0,0.027,0.023198546308771,,starter,2026-09-06T20:32:23+00:00
2026,1,401872931,00-0041543,Mansoor Delane,KC,DEN,CB,0.0,0.0,0.0,0.0,0.0,0.0,0.0,0.0,0.0,0.0,0.0,0.0,0.0,0.0,0.0,0.0,0.0,0.0,3.4,0.5,7.2,0.016,0.0137029765283181,,starter,2026-09-06T20:32:23+00:00
2026,1,401872931,00-0040670,Nohl Williams,KC,DEN,CB,0.0,0.0,0.0,0.0,0.0,0.0,0.0,0.0,0.0,0.0,0.0,0.0,0.0,0.0,0.0,0.0,0.0,0.0,2.4,0.0,6.0,0.022,0.0187950149786779,,backup,2026-09-06T20:32:23+00:00
2026,1,401872931,00-0040640,Ashton Gillotte,KC,DEN,DE,0.0,0.0,0.0,0.0,0.0,0.0,0.0,0.0,0.0,0.0,0.0,0.0,0.0,0.0,0.0,0.0,0.0,0.0,1.7,0.0,4.1,0.139,0.1069215836627958,Questionable,backup,2026-09-06T20:32:23+00:00
2026,1,401872931,00-0033073,Emmanuel Ogbah,KC,DEN,DE,0.0,0.0,0.0,0.0,0.0,0.0,0.0,0.0,0.0,0.0,0.0,0.0,0.0,0.0,0.0,0.0,0.0,0.0,0.0,0.0,0.0,0.0,0.0,,roster_only,2026-09-06T20:32:23+00:00
2026,1,401872931,00-0039006,Felix Anudike-Uzomah,KC,DEN,DE,0.0,0.0,0.0,0.0,0.0,0.0,0.0,0.0,0.0,0.0,0.0,0.0,0.0,0.0,0.0,0.0,0.0,0.0,1.8,0.0,4.3,0.084,0.0672818538005207,,starter,2026-09-06T20:32:23+00:00
2026,1,401872931,00-0037192,George Karlaftis,KC,DEN,DE,0.0,0.0,0.0,0.0,0.0,0.0,0.0,0.0,0.0,0.0,0.0,0.0,0.0,0.0,0.0,0.0,0.0,0.0,2.0,0.0,4.8,0.411,0.3200775945683802,,starter,2026-09-06T20:32:23+00:00
2026,1,401872931,00-0041501,R Mason Thomas,KC,DEN,DE,0.0,0.0,0.0,0.0,0.0,0.0,0.0,0.0,0.0,0.0,0.0,0.0,0.0,0.0,0.0,0.0,0.0,0.0,1.1,0.0,4.5,0.207,0.1624817670972229,Questionable,backup,2026-09-06T20:32:23+00:00
2026,1,401872931,00-0037080,Tyreke Smith,KC,DEN,DE,0.0,0.0,0.0,0.0,0.0,0.0,0.0,0.0,0.0,0.0,0.0,0.0,0.0,0.0,0.0,0.0,0.0,0.0,0.0,0.0,0.0,0.0,0.0,,roster_only,2026-09-06T20:32:23+00:00
2026,1,401872931,00-0041358,Bryson Eason,KC,DEN,DT,0.0,0.0,0.0,0.0,0.0,0.0,0.0,0.0,0.0,0.0,0.0,0.0,0.0,0.0,0.0,0.0,0.0,0.0,1.0,0.0,4.5,0.215,0.1696295947677019,,backup,2026-09-06T20:32:23+00:00
2026,1,401872931,00-0032762,Chris Jones,KC,DEN,DT,0.0,0.0,0.0,0.0,0.0,0.0,0.0,0.0,0.0,0.0,0.0,0.0,0.0,0.0,0.0,0.0,0.0,0.0,1.7,0.0,4.1,0.436,0.3200775945683802,Active,starter,2026-09-06T20:32:23+00:00
2026,1,401872931,00-0036909,Khyiris Tonga,KC,DEN,DT,0.0,0.0,0.0,0.0,0.0,0.0,0.0,0.0,0.0,0.0,0.0,0.0,0.0,0.0,0.0,0.0,0.0,0.0,1.6,0.0,4.0,0.058,0.0480805104929229,,starter,2026-09-06T20:32:23+00:00
2026,1,401872931,00-0039433,Marcus Harris,KC,DEN,DT,0.0,0.0,0.0,0.0,0.0,0.0,0.0,0.0,0.0,0.0,0.0,0.0,0.0,0.0,0.0,0.0,0.0,0.0,0.0,0.0,0.0,0.0,0.0,,roster_only,2026-09-06T20:32:23+00:00
2026,1,401872931,00-0040748,Omarr Norman-Lott,KC,DEN,DT,0.0,0.0,0.0,0.0,0.0,0.0,0.0,0.0,0.0,0.0,0.0,0.0,0.0,0.0,0.0,0.0,0.0,0.0,0.0,0.0,0.0,0.0,0.0,Out,backup,2026-09-06T20:32:23+00:00
2026,1,401872931,00-0041545,Peter Woods,KC,DEN,DT,0.0,0.0,0.0,0.0,0.0,0.0,0.0,0.0,0.0,0.0,0.0,0.0,0.0,0.0,0.0,0.0,0.0,0.0,1.1,0.0,4.6,0.216,0.1702540043205602,,backup,2026-09-06T20:32:23+00:00
2026,1,401872931,00-0038489,Ben VanSumeren,KC,DEN,FB,0.0,0.0,0.0,0.0,0.0,0.0,0.0,0.0,0.0,0.0,0.0,0.0,0.0,0.0,0.0,0.0,0.0,0.0,0.0,0.0,0.0,0.0,0.0,,roster_only,2026-09-06T20:32:23+00:00
2026,1,401872931,00-0038513,Cam Jones,KC,DEN,LB,0.0,0.0,0.0,0.0,0.0,0.0,0.0,0.0,0.0,0.0,0.0,0.0,0.0,0.0,0.0,0.0,0.0,0.0,0.0,0.0,0.0,0.0,0.0,,roster_only,2026-09-06T20:32:23+00:00
2026,1,401872931,00-0035900,Cole Christiansen,KC,DEN,LB,0.0,0.0,0.0,0.0,0.0,0.0,0.0,0.0,0.0,0.0,0.0,0.0,0.0,0.0,0.0,0.0,0.0,0.0,0.0,0.0,0.0,0.0,0.0,,roster_only,2026-09-06T20:32:23+00:00
2026,1,401872931,00-0040118,Cooper McDonald,KC,DEN,LB,0.0,0.0,0.0,0.0,0.0,0.0,0.0,0.0,0.0,0.0,0.0,0.0,0.0,0.0,0.0,0.0,0.0,0.0,1.0,0.0,3.4,0.09,0.0714851322318839,,backup,2026-09-06T20:32:23+00:00
2026,1,401872931,00-0035262,Drue Tranquill,KC,DEN,LB,0.0,0.0,0.0,0.0,0.0,0.0,0.0,0.0,0.0,0.0,0.0,0.0,0.0,0.0,0.0,0.0,0.0,0.0,6.0,2.8,10.0,0.134,0.1040616924279507,Questionable,starter,2026-09-06T20:32:23+00:00
2026,1,401872931,00-0040328,Ethan Downs,KC,DEN,LB,0.0,0.0,0.0,0.0,0.0,0.0,0.0,0.0,0.0,0.0,0.0,0.0,0.0,0.0,0.0,0.0,0.0,0.0,0.0,0.0,0.0,0.0,0.0,,backup,2026-09-06T20:32:23+00:00
2026,1,401872931,00-0037208,Jack Cochrane,KC,DEN,LB,0.0,0.0,0.0,0.0,0.0,0.0,0.0,0.0,0.0,0.0,0.0,0.0,0.0,0.0,0.0,0.0,0.0,0.0,0.8,0.0,3.3,0.018,0.0159196106660139,,backup,2026-09-06T20:32:23+00:00
2026,1,401872931,00-0041256,Jack Pyburn,KC,DEN,LB,0.0,0.0,0.0,0.0,0.0,0.0,0.0,0.0,0.0,0.0,0.0,0.0,0.0,0.0,0.0,0.0,0.0,0.0,1.1,0.0,4.6,0.15,0.1132616539732982,,backup,2026-09-06T20:32:23+00:00
2026,1,401872931,00-0040072,Jeffrey Bassa,KC,DEN,LB,0.0,0.0,0.0,0.0,0.0,0.0,0.0,0.0,0.0,0.0,0.0,0.0,0.0,0.0,0.0,0.0,0.0,0.0,2.0,0.1,4.5,0.02,0.0171982177452228,,starter,2026-09-06T20:32:23+00:00
2026,1,401872931,00-0036621,Nick Bolton,KC,DEN,LB,0.0,0.0,0.0,0.0,0.0,0.0,0.0,0.0,0.0,0.0,0.0,0.0,0.0,0.0,0.0,0.0,0.0,0.0,6.7,4.1,11.3,0.05,0.0414376324547898,,starter,2026-09-06T20:32:23+00:00
2026,1,401872931,00-0033303,Harrison Butker,KC,DEN,PK,0.0,0.0,0.0,0.0,0.0,0.0,0.0,0.0,0.0,0.0,0.0,0.0,0.0,0.0,0.0,7.0,2.3,12.5,0.0,0.0,0.0,0.0,0.0,,starter,2026-09-06T20:32:23+00:00
2026,1,401872931,00-0040906,Garrett Nussmeier,KC,DEN,QB,0.0,0.0,0.0,0.0,0.0,7.2,-8.5,31.9,0.008,0.0071864111498257,0.0,0.0,0.0,0.0,0.0,0.0,0.0,0.0,0.0,0.0,0.0,0.0,0.0,Active,backup,2026-09-06T20:32:23+00:00
2026,1,401872931,00-0036945,Justin Fields,KC,DEN,QB,0.0,0.0,0.0,0.0,0.0,27.3,15.9,45.3,0.008,0.0071864111498257,0.0,0.0,0.0,0.0,0.0,0.0,0.0,0.0,0.0,0.0,0.0,0.0,0.0,Active,backup,2026-09-06T20:32:23+00:00
2026,1,401872931,00-0033873,Patrick Mahomes,KC,DEN,QB,217.5,126.3,323.6,1.589,0.8125,14.2,2.7,32.1,0.008,0.0071864111498257,0.0,0.0,0.0,0.0,0.0,0.0,0.0,0.0,0.0,0.0,0.0,0.0,0.0,Questionable,starter,2026-09-06T20:32:23+00:00
2026,1,401872931,00-0040078,Brashard Smith,KC,DEN,RB,0.0,0.0,0.0,0.0,0.0,3.3,-6.9,19.3,0.008,0.0071864111498257,1.5,-12.4,33.1,0.045,0.0424710424710424,0.0,0.0,0.0,0.0,0.0,0.0,0.0,0.0,Active,backup,2026-09-06T20:32:23+00:00
2026,1,401872931,00-0041013,Emmett Johnson,KC,DEN,RB,0.0,0.0,0.0,0.0,0.0,13.5,-15.2,58.6,0.008,0.0071864111498257,0.9,-18.3,44.2,0.045,0.0424710424710424,0.0,0.0,0.0,0.0,0.0,0.0,0.0,0.0,Active,backup,2026-09-06T20:32:23+00:00
2026,1,401872931,00-0040959,Jaydn Ott,KC,DEN,RB,0.0,0.0,0.0,0.0,0.0,0.0,0.0,0.0,0.0,0.0,0.0,0.0,0.0,0.0,0.0,0.0,0.0,0.0,0.0,0.0,0.0,0.0,0.0,,roster_only,2026-09-06T20:32:23+00:00
2026,1,401872931,00-0038134,Kenneth Walker III,KC,DEN,RB,0.0,0.0,0.0,0.0,0.0,51.6,30.8,84.4,0.008,0.0071864111498257,9.4,-4.5,40.9,0.099,0.0916026811954194,0.0,0.0,0.0,0.0,0.0,0.0,0.0,0.0,Active,starter,2026-09-06T20:32:23+00:00
2026,1,401872931,00-0040547,Nathan Carter,KC,DEN,RB,0.0,0.0,0.0,0.0,0.0,0.0,0.0,0.0,0.0,0.0,0.0,0.0,0.0,0.0,0.0,0.0,0.0,0.0,0.0,0.0,0.0,0.0,0.0,,roster_only,2026-09-06T20:32:23+00:00
2026,1,401872931,00-0036380,Alohi Gilman,KC,DEN,S,0.0,0.0,0.0,0.0,0.0,0.0,0.0,0.0,0.0,0.0,0.0,0.0,0.0,0.0,0.0,0.0,0.0,0.0,4.4,1.7,7.8,0.017,0.0151132769713066,Questionable,starter,2026-09-06T20:32:23+00:00
2026,1,401872931,00-0038982,Chamarri Conner,KC,DEN,S,0.0,0.0,0.0,0.0,0.0,0.0,0.0,0.0,0.0,0.0,0.0,0.0,0.0,0.0,0.0,0.0,0.0,0.0,5.8,3.0,9.1,0.031,0.025870023703811,,starter,2026-09-06T20:32:23+00:00
2026,1,401872931,00-0040963,DeShon Singleton,KC,DEN,S,0.0,0.0,0.0,0.0,0.0,0.0,0.0,0.0,0.0,0.0,0.0,0.0,0.0,0.0,0.0,0.0,0.0,0.0,0.0,0.0,0.0,0.0,0.0,,roster_only,2026-09-06T20:32:23+00:00
2026,1,401872931,00-0039825,Jaden Hicks,KC,DEN,S,0.0,0.0,0.0,0.0,0.0,0.0,0.0,0.0,0.0,0.0,0.0,0.0,0.0,0.0,0.0,0.0,0.0,0.0,1.8,0.0,4.5,0.09,0.0713537359421476,,backup,2026-09-06T20:32:23+00:00
2026,1,401872931,00-0038717,Tanner McCalister,KC,DEN,S,0.0,0.0,0.0,0.0,0.0,0.0,0.0,0.0,0.0,0.0,0.0,0.0,0.0,0.0,0.0,0.0,0.0,0.0,0.0,0.0,0.0,0.0,0.0,,roster_only,2026-09-06T20:32:23+00:00
2026,1,401872931,00-0040957,Xavier Nwankpa,KC,DEN,S,0.0,0.0,0.0,0.0,0.0,0.0,0.0,0.0,0.0,0.0,0.0,0.0,0.0,0.0,0.0,0.0,0.0,0.0,1.8,0.0,5.8,0.015,0.0129686460779423,,backup,2026-09-06T20:32:23+00:00
2026,1,401872931,00-0040081,Jake Briningstool,KC,DEN,TE,0.0,0.0,0.0,0.0,0.0,0.0,-14.2,21.7,0.008,0.0071864111498257,1.9,-17.2,45.3,0.072,0.0725948954239097,0.0,0.0,0.0,0.0,0.0,0.0,0.0,0.0,,backup,2026-09-06T20:32:23+00:00
2026,1,401872931,00-0039824,Jared Wiley,KC,DEN,TE,0.0,0.0,0.0,0.0,0.0,0.0,-11.4,17.3,0.008,0.0071864111498257,0.6,-14.7,35.3,0.045,0.0424710424710424,0.0,0.0,0.0,0.0,0.0,0.0,0.0,0.0,,backup,2026-09-06T20:32:23+00:00
2026,1,401872931,00-0040955,John Michael Gyllenborg,KC,DEN,TE,0.0,0.0,0.0,0.0,0.0,0.0,0.0,0.0,0.0,0.0,0.0,0.0,0.0,0.0,0.0,0.0,0.0,0.0,0.0,0.0,0.0,0.0,0.0,,backup,2026-09-06T20:32:23+00:00
2026,1,401872931,00-0036637,Noah Gray,KC,DEN,TE,0.0,0.0,0.0,0.0,0.0,0.0,-10.3,15.8,0.008,0.0071864111498257,6.5,-7.4,38.0,0.077,0.0766025174420789,0.0,0.0,0.0,0.0,0.0,0.0,0.0,0.0,Active,backup,2026-09-06T20:32:23+00:00
2026,1,401872931,00-0030506,Travis Kelce,KC,DEN,TE,0.0,0.0,0.0,0.0,0.0,0.0,-10.4,15.7,0.008,0.0071864111498257,36.0,18.5,75.8,0.317,0.2882636840467346,0.0,0.0,0.0,0.0,0.0,0.0,0.0,0.0,Active,starter,2026-09-06T20:32:23+00:00
2026,1,401872931,00-0040298,Andrew Armstrong,KC,DEN,WR,0.0,0.0,0.0,0.0,0.0,0.0,0.0,0.0,0.0,0.0,0.0,0.0,0.0,0.0,0.0,0.0,0.0,0.0,0.0,0.0,0.0,0.0,0.0,,roster_only,2026-09-06T20:32:23+00:00
2026,1,401872931,00-0040890,Cyrus Allen,KC,DEN,WR,0.0,0.0,0.0,0.0,0.0,1.1,-12.8,23.1,0.008,0.0071864111498257,4.3,-14.8,47.7,0.057,0.0534751412916417,0.0,0.0,0.0,0.0,0.0,0.0,0.0,0.0,Active,backup,2026-09-06T20:32:23+00:00
2026,1,401872931,00-0040646,Jalen Royals,KC,DEN,WR,0.0,0.0,0.0,0.0,0.0,1.0,-10.1,18.6,0.008,0.0071864111498257,0.4,-14.9,35.1,0.023,0.0231660231660231,0.0,0.0,0.0,0.0,0.0,0.0,0.0,0.0,,backup,2026-09-06T20:32:23+00:00
2026,1,401872931,00-0040953,Jeff Caldwell,KC,DEN,WR,0.0,0.0,0.0,0.0,0.0,0.0,0.0,0.0,0.0,0.0,0.0,0.0,0.0,0.0,0.0,0.0,0.0,0.0,0.0,0.0,0.0,0.0,0.0,Injured Reserve,backup,2026-09-06T20:32:23+00:00
2026,1,401872931,00-0040120,Jimmy Holiday,KC,DEN,WR,0.0,0.0,0.0,0.0,0.0,0.0,0.0,0.0,0.0,0.0,0.0,0.0,0.0,0.0,0.0,0.0,0.0,0.0,0.0,0.0,0.0,0.0,0.0,Injured Reserve,backup,2026-09-06T20:32:23+00:00
2026,1,401872931,00-0038519,Nikko Remigio,KC,DEN,WR,0.0,0.0,0.0,0.0,0.0,2.1,-8.0,18.1,0.008,0.0071864111498257,0.0,-14.0,31.5,0.023,0.0231660231660231,0.0,0.0,0.0,0.0,0.0,0.0,0.0,0.0,,backup,2026-09-06T20:32:23+00:00
2026,1,401872931,00-0040954,Omari Evans,KC,DEN,WR,0.0,0.0,0.0,0.0,0.0,0.0,0.0,0.0,0.0,0.0,0.0,0.0,0.0,0.0,0.0,0.0,0.0,0.0,0.0,0.0,0.0,0.0,0.0,,roster_only,2026-09-06T20:32:23+00:00
2026,1,401872931,00-0039067,Rashee Rice,KC,DEN,WR,0.0,0.0,0.0,0.0,0.0,1.9,-8.3,17.9,0.008,0.0071864111498257,85.2,61.1,140.0,0.322,0.2927983708568717,0.0,0.0,0.0,0.0,0.0,0.0,0.0,0.0,Active,starter,2026-09-06T20:32:23+00:00
2026,1,401872931,00-0038104,Tyquan Thornton,KC,DEN,WR,0.0,0.0,0.0,0.0,0.0,1.2,-9.0,17.1,0.008,0.0071864111498257,12.7,-1.3,44.2,0.07,0.0706647009667858,0.0,0.0,0.0,0.0,0.0,0.0,0.0,0.0,Active,backup,2026-09-06T20:32:23+00:00
2026,1,401872931,00-0039894,Xavier Worthy,KC,DEN,WR,0.0,0.0,0.0,0.0,0.0,5.3,-4.9,21.2,0.008,0.0071864111498257,24.3,10.4,55.9,0.134,0.1133886810950089,0.0,0.0,0.0,0.0,0.0,0.0,0.0,0.0,Active,backup,2026-09-06T20:32:23+00:00
