tree
version=v4
num_class=1
num_tree_per_iteration=1
label_index=0
max_feature_idx=76
objective=regression
feature_names=home_flag role_depth_rank_pregame role_depth_starter_flag_pregame role_injury_out_flag role_injury_doubtful_flag role_injury_questionable_flag role_prior_offense_snap_pct role_snap_pct_roll3 role_snap_pct_roll5 role_snap_pct_ewm5 role_prior_offense_participation role_participation_roll3 role_participation_roll5 role_depth_rank_change role_snap_share_change role_participation_change role_team_change_flag role_games_with_current_team_before_game role_starter_promotion_flag role_starter_demotion_flag role_teammate_out_count_position role_teammate_unavailable_snap_share_position role_role_history_games role_role_missing_flag history_no_nfl_history_flag history_new_team_flag history_history_games player_pass_attempts_lag1 player_pass_attempts_roll3_mean player_pass_attempts_roll5_mean player_pass_attempts_roll8_mean player_pass_attempts_ewm3 player_pass_attempts_ewm5 player_pass_attempts_season_to_date player_pass_attempts_career_prior player_dropbacks_lag1 player_dropbacks_roll3_mean player_dropbacks_roll5_mean player_dropbacks_roll8_mean player_dropbacks_ewm3 player_dropbacks_ewm5 player_dropbacks_season_to_date player_dropbacks_career_prior team_pass_attempts_lag1 team_pass_attempts_roll3_mean team_pass_attempts_roll5_mean team_pass_attempts_ewm5 team_pass_attempts_season_to_date team_dropbacks_lag1 team_dropbacks_roll3_mean team_dropbacks_roll5_mean team_dropbacks_ewm5 team_dropbacks_season_to_date team_pass_rate_roll3_mean team_pass_rate_roll5_mean team_pass_rate_ewm5 opponent_opponent_dropbacks_roll3_mean opponent_opponent_pass_attempts_roll3_mean opponent_sacks_roll3_mean opponent_qb_hits_roll3_mean matchup_expected_team_plays matchup_expected_team_dropbacks matchup_pass_rate_vs_opponent matchup_off_epa_vs_def_epa environment_divisional_game_flag environment_neutral_site_flag environment_temperature environment_wind environment_international_flag environment_weather_missing_flag environment_travel_missing_flag environment_team_rest_days environment_opponent_rest_days environment_team_miles_traveled environment_opponent_miles_traveled environment_team_time_zones_crossed environment_opponent_time_zones_crossed
feature_infos=[0:1] [1:3] [0:1] none none [0:1] [0:1] [0:1] [0:1] [0:1] [0:0.9452054794520548] [0.01098901098901099:0.90361445783132532] [0.01098901098901099:0.90361445783132532] [-2:2] [-1:1] [-0.87654320987654311:0.87827932098765427] [0:1] [0:160] [0:1] [0:1] [0:2] [0:1.4299999999999999] [0:182] none [0:1] [0:1] [0:211] [0:68] [0:57] [0:54] [0:54] [0:55.743267059326172] [0:54] [0:62] [0:54] [0:78] [0:65] [0:65] [0:65] [0:65] [0:65] [0:66] [0:65] [3:72] [16.666666666666668:57] [20.800000000000001:56] [19.657791336949373:56] [10:62] [3:78] [19.333333333333332:59] [22.399999999999999:58] [22.265258767561061:58] [11:66] [0.29338052338052339:0.8125] [0.32929565271253247:0.8125] [0.33676279432508349:0.8125] [19.333333333333332:58] [18:56] [0:7.333333333333333] [0:14] [49.5:78.5] [25.5:50.833333333333336] [-0.35795454545454547:0.42540322580645162] [-0.66009375668216697:0.79030825619748946] [0:1] [0:1] [1:97] [0:71] [0:1] [0:1] none [4:17] [4:17] [0:2719.8000000000002] [0:2719.8000000000002] [0:3] [0:3]
tree_sizes=2686 2812 2816 2812 2822 2817 2791 2811 2814 2794 2804 2822 2817 2816 2842 2802 2829 2808 2820 2817 2821 2807 2820 2817 2817 2832 2829 2823 2814 2818 2832 2837 2834 2827 2853 2844 2838 2833 2817 2815 2825 2839 2821 2825 2820 2818 2825 2825 2824 2840 2832 2853 2822 2840 2854 2840 2833 2832 2829 2822 2830 2824 2794 2831 2849 2817 2832 2831 2826 2826 2844 2838 2838 2831 2851 2838 2830 2826 2839 2844 2856 2836 2832 2819 2838 2832 2820 2868 2836 2844 2849 2840 2800 2822 2849 2809 2828 2842 2814 2851 2816 2856 2855 2845 2866 2864 2853 2843 2847

Tree=0
num_leaves=31
num_cat=0
split_feature=1 33 34 6 21 33 31 32 34 21 63 24 31 34 7 33 34 67 30 33 26 66 17 45 56 50 30 11 52 57
split_gain=470128 100767 40551.9 20132.3 17655.7 9993.05 9815.74 7598.06 4877.7 2456.98 2421.5 2387.98 7299.49 2137.87 2081.77 2005.89 1805.49 1692.34 1623.46 1581.58 1643.16 1575.51 1534.53 1447.41 1378.26 1343.49 1322.82 1264.52 1258.67 1183.75
threshold=1.5000000000000002 9.0769228935241717 32.438375473022468 0.31500000000000006 0.14500000000000005 0.94444444775581371 12.436080932617189 35.348211288452156 26.714545249938968 0.41500000000000009 -0.10842760538054254 1.0000000180025095e-35 17.911192893981937 29.014286041259769 0.98583333333333345 2.8999999761581425 35.632690429687507 12.500000000000002 33.062500000000007 28.773504257202152 9.5000000000000018 55.500000000000007 1.5000000000000002 35.63333333333334 34.500000000000007 41.45000000000001 30.133928298950199 0.82227046266224779 38.935416666666676 35.500000000000007
decision_type=8 10 8 10 2 8 10 8 10 2 8 2 10 10 10 10 10 8 10 8 2 10 2 10 10 10 10 10 10 8
left_child=2 4 6 11 5 -2 -1 19 26 13 -7 12 23 22 15 -12 -9 -6 -10 -4 -21 28 -5 -3 -17 -22 -8 -18 -15 -11
right_child=1 3 7 9 17 10 8 16 18 29 14 -13 -14 21 -16 24 27 -19 -20 20 25 -23 -24 -25 -26 -27 -28 -29 -30 -31
leaf_value=28.557611572890192 28.111902331220751 28.536214056207481 28.951018168946518 28.904997592745492 28.573746025514467 28.465743439886733 28.862708624939195 29.085063367860752 28.949812874084596 29.060468717461855 28.257992913528888 28.381182999339092 28.821767417702237 28.888325859568621 28.505468716150023 28.243358323360798 29.170759539474059 28.827676508252345 29.01809124086547 28.922627103716344 29.061048342475384 28.99994923600936 28.715845700513679 28.305193988546378 28.443655526891856 28.923069996525179 28.956004432122761 29.107286898463137 28.691706811434596 28.859640145592955
leaf_weight=63 283 46 182 47 51 91 736 689 1320 56 487 84 66 84 42 44 727 44 411 92 1220 66 216 52 104 67 168 462 45 50
leaf_count=63 283 46 182 47 51 91 736 689 1320 56 487 84 66 84 42 44 727 44 411 92 1220 66 216 52 104 67 168 462 45 50
internal_value=28.8856 28.4809 29.0147 28.7365 28.2997 28.2643 28.9277 29.0831 28.9365 28.8356 28.3204 28.5113 28.5779 28.8055 28.3009 28.2874 29.1237 28.6914 28.966 29.0341 29.0451 28.8807 28.7496 28.4136 28.3841 29.0539 28.88 29.1461 28.8197 28.9657
internal_weight=8095 1958 6137 812 1146 1051 2698 3439 2635 564 768 248 164 458 677 635 1878 95 1731 1561 1379 195 263 98 148 1287 904 1189 129 106
internal_count=8095 1958 6137 812 1146 1051 2698 3439 2635 564 768 248 164 458 677 635 1878 95 1731 1561 1379 195 263 98 148 1287 904 1189 129 106
is_linear=0
shrinkage=1


Tree=1
num_leaves=31
num_cat=0
split_feature=1 33 34 6 21 33 33 32 34 21 63 24 31 34 7 33 34 67 29 33 26 66 17 45 32 56 50 22 11 57
split_gain=442343 94811.3 38155.2 18942.4 16612.2 9402.46 9307.37 7149.02 4847.79 2311.78 2278.39 2246.85 6868.09 2011.52 1958.73 1887.34 1698.78 1592.32 1555.78 1488.11 1546.05 1482.4 1443.84 1361.87 1340.86 1296.81 1264.09 1221.09 1189.79 1113.79
threshold=1.5000000000000002 9.0769228935241717 32.438375473022468 0.31500000000000006 0.14500000000000005 0.94444444775581371 10.083333492279055 35.348211288452156 26.714545249938968 0.41500000000000009 -0.10842760538054254 1.0000000180025095e-35 17.911192893981937 29.014286041259769 0.98583333333333345 2.8999999761581425 35.632690429687507 12.500000000000002 29.499838829040531 28.773504257202152 9.5000000000000018 55.500000000000007 1.5000000000000002 35.63333333333334 23.755092620849613 34.500000000000007 41.45000000000001 23.500000000000004 0.82227046266224779 35.500000000000007
decision_type=8 10 8 10 2 8 8 8 10 2 8 2 10 10 10 10 10 8 10 8 2 10 2 10 10 10 10 2 10 10
left_child=2 4 6 11 5 -2 -1 19 24 13 -7 12 23 22 15 -12 -9 -6 -10 -4 -21 27 -5 -3 -8 -17 -22 -15 -18 -11
right_child=1 3 7 9 17 10 8 16 18 29 14 -13 -14 21 -16 25 28 -19 -20 20 26 -23 -24 -25 -26 -27 -28 -29 -30 -31
leaf_value=-0.38702539110183715 -0.75049487630807044 -0.33891251937202788 0.06344747598845879 0.018807519644181779 -0.30250649259370915 -0.40726901302625845 -0.064683225778016176 0.19347132088613786 0.038303149108187995 0.16961451113756212 -0.60878703257264055 -0.4892926435811179 -0.061925755210898145 -0.2015726026073098 -0.36873548439570836 -0.6229825750399719 0.27659661316437112 -0.056193935126066206 0.098167003686237014 0.035908143434511576 0.1701767434945605 0.11091061362778087 -0.16466981101367206 -0.56300199068509615 0.015383661111317028 -0.42869427436819441 0.036337749379784311 -0.0020166485003206168 0.21502815221424224 -0.02518920369744301
leaf_weight=45 283 46 182 47 51 91 264 689 595 56 487 84 66 40 42 44 727 44 1138 92 1220 66 216 52 656 104 67 89 462 50
leaf_count=45 283 46 182 47 51 91 264 689 595 56 487 84 66 40 42 44 727 44 1138 92 1220 66 216 52 656 104 67 89 462 50
internal_value=-7.11746e-10 -0.392613 0.125262 -0.144608 -0.568336 -0.602677 0.0408093 0.191518 0.0480662 -0.0485249 -0.548207 -0.36312 -0.298495 -0.0777446 -0.567152 -0.580275 0.230953 -0.188425 0.0776136 0.144075 0.154716 -0.00472967 -0.131881 -0.457817 -0.00759205 -0.486456 0.163209 -0.0638945 0.252673 0.077726
internal_weight=8095 1958 6137 812 1146 1051 2698 3439 2653 564 768 248 164 458 677 635 1878 95 1733 1561 1379 195 263 98 920 148 1287 129 1189 106
internal_count=8095 1958 6137 812 1146 1051 2698 3439 2653 564 768 248 164 458 677 635 1878 95 1733 1561 1379 195 263 98 920 148 1287 129 1189 106
is_linear=0
shrinkage=0.03


Tree=2
num_leaves=31
num_cat=0
split_feature=1 33 34 6 21 33 31 32 34 21 63 24 31 34 7 33 34 33 30 33 26 66 17 27 56 30 52 50 11 54
split_gain=416201 89208 35900.3 17822.9 15630.4 8846.78 8842.3 6726.51 4303.37 2175.15 2143.74 2114.07 6462.18 1892.64 1842.97 1775.8 1598.38 1587.19 1492.52 1400.16 1454.68 1394.79 1358.51 1352.34 1220.17 1218.18 1196.88 1189.38 1119.47 1112.91
threshold=1.5000000000000002 9.0769228935241717 32.438375473022468 0.31500000000000006 0.14500000000000005 0.94444444775581371 12.436080932617189 35.348211288452156 26.714545249938968 0.41500000000000009 -0.10842760538054254 1.0000000180025095e-35 17.911192893981937 29.014286041259769 0.98583333333333345 2.8999999761581425 35.632690429687507 9.0769228935241717 33.062500000000007 28.773504257202152 9.5000000000000018 55.500000000000007 1.5000000000000002 3.5000000000000004 34.500000000000007 30.133928298950199 38.935416666666676 41.45000000000001 0.82227046266224779 0.59394407656476367
decision_type=8 10 8 10 2 8 10 8 10 2 8 2 10 10 10 10 10 8 10 8 2 10 2 10 10 10 10 10 10 10
left_child=2 4 6 11 5 -2 -1 19 25 13 -7 12 23 22 15 -12 -9 -6 -10 -4 -21 26 -5 -3 -17 -8 -15 -22 -18 -24
right_child=1 3 7 9 17 10 8 16 18 -11 14 -13 -14 21 -16 24 28 -19 -20 20 27 -23 29 -25 -26 -27 -28 -29 -30 -31
leaf_value=-0.31165419710533959 -0.72798005402930632 -0.56257065840389409 0.061544054388017438 0.018243291230594857 -0.050754302784123205 -0.39505092537255732 -0.021707247451514651 0.18766718155976131 0.060144499810073859 0.075394184062222258 -0.59052341136660658 -0.47461383998394013 -0.060067979957569725 0.0049058109282382892 -0.35767343597752704 -0.60429311001842667 0.26829871442163827 -0.2966698915730504 0.12561141033949208 0.03483089771364694 0.16507144300163279 0.10758329870348626 -0.19855982009252887 -0.33926624866632316 -0.4158334526648888 0.067822647786566187 -0.18682670056819917 0.035247617141524357 0.20857729834395569 -0.040308865488700142
leaf_weight=63 283 46 182 47 44 91 736 689 1320 106 487 84 66 84 42 44 727 51 411 92 1220 66 163 52 104 168 45 67 462 53
leaf_count=63 283 46 182 47 44 91 736 689 1320 106 487 84 66 84 42 44 727 51 411 92 1220 66 163 52 104 168 45 67 462 53
internal_value=-6.24137e-10 -0.380834 0.121505 -0.14027 -0.551286 -0.584596 0.0395851 0.185773 0.0479828 -0.0470692 -0.531761 -0.352226 -0.28954 -0.0754122 -0.550137 -0.562867 0.224025 -0.182772 0.0756886 0.139753 0.150075 -0.00458777 -0.127925 -0.444083 -0.471862 -0.00506895 -0.0619776 0.158313 0.245093 -0.15973
internal_weight=8095 1958 6137 812 1146 1051 2698 3439 2635 564 768 248 164 458 677 635 1878 95 1731 1561 1379 195 263 98 148 904 129 1287 1189 216
internal_count=8095 1958 6137 812 1146 1051 2698 3439 2635 564 768 248 164 458 677 635 1878 95 1731 1561 1379 195 263 98 148 904 129 1287 1189 216
is_linear=0
shrinkage=0.03


Tree=3
num_leaves=31
num_cat=0
split_feature=1 33 34 6 21 33 33 32 34 1 67 21 24 7 27 34 27 33 34 67 60 29 57 33 26 17 32 47 60 9
split_gain=391603 83935.8 33778.6 16769.6 14706.7 8434.44 8323.93 6328.97 4271.35 2082.46 2225.69 2046.6 1989.12 6108.35 2051.11 1780.79 1681.16 1659.38 1505.01 1495.78 1439.45 1427.31 1351.82 1317.41 1374.22 1278.22 1209.84 1093.03 1081.56 1074.78
threshold=1.5000000000000002 9.0769228935241717 32.438375473022468 0.31500000000000006 0.14500000000000005 10.083333492279055 0.94444444775581371 35.348211288452156 26.714545249938968 2.5000000000000004 6.5000000000000009 0.41500000000000009 1.0000000180025095e-35 0.68500000000000005 6.5000000000000009 29.014286041259769 34.500000000000007 2.8999999761581425 35.632690429687507 12.500000000000002 61.583333333333343 29.499838829040531 32.833333333333336 28.773504257202152 12.500000000000002 1.5000000000000002 23.755092620849613 34.207142857142863 61.083333333333343 0.91321766668360205
decision_type=8 10 8 10 2 8 8 8 10 8 10 2 2 8 10 10 8 10 8 8 8 10 10 8 2 2 10 10 10 8
left_child=2 4 5 12 6 -1 -2 23 26 16 -11 15 13 14 -3 25 17 20 -9 -6 27 -10 -17 -4 -25 -5 -7 -8 -27 -28
right_child=1 3 7 11 19 8 9 18 21 10 -12 -13 -14 -15 -16 22 -18 -19 -20 -21 -22 -23 -24 24 -26 28 29 -29 -30 -31
leaf_value=-0.36888031661510468 -0.70614061170563669 -0.53615267181396487 0.059697729665990712 0.017695992770505712 -0.28785829936756807 -0.061168950645422396 -0.58685291099548342 0.18132644609149012 0.035388392293152687 -0.51681498598377651 -0.2281622721026228 0.073132359395330804 -0.46037543492657801 -0.046017476695199164 -0.26280478307179039 -0.12437430909124471 -0.41074152770777084 -0.46973573142591912 0.23735127471943399 -0.049129080420190638 -0.6181691021954312 0.092727320154176229 0.047575785786680438 0.047672420155880496 0.154733743510969 -0.049138283787235136 0.08007087685101659 -0.40651412416677002 -0.19753244247529411 -0.0077352718475754744
leaf_weight=45 283 60 182 47 51 264 60 672 595 53 44 106 84 62 42 59 86 158 1206 44 306 1138 136 118 1261 62 169 61 154 487
leaf_count=45 283 60 182 47 51 264 60 672 595 53 44 106 84 62 42 59 86 158 1206 44 306 1138 136 118 1261 62 169 61 154 487
internal_value=-7.26202e-10 -0.369409 0.117859 -0.136062 -0.534748 0.0383975 -0.567058 0.1802 0.0453057 -0.515808 -0.38588 -0.0456571 -0.34166 -0.280854 -0.423598 -0.0731499 -0.534591 -0.552797 0.217304 -0.177289 -0.583532 0.0730408 -0.00445014 0.13556 0.145573 -0.124087 -0.00693881 -0.495938 -0.154938 0.0148855
internal_weight=8095 1958 6137 812 1146 2698 1051 3439 2653 768 97 564 248 164 102 458 671 585 1878 95 427 1733 195 1561 1379 263 920 121 216 656
internal_count=8095 1958 6137 812 1146 2698 1051 3439 2653 768 97 564 248 164 102 458 671 585 1878 95 427 1733 195 1561 1379 263 920 121 216 656
is_linear=0
shrinkage=0.03


Tree=4
num_leaves=31
num_cat=0
split_feature=1 33 34 6 21 33 33 34 32 30 63 21 24 31 7 30 57 33 33 11 26 45 60 6 55 9 9 29 30 10
split_gain=368459 78975.2 31838.5 15778.5 13837.5 8875.3 7831.98 5708.52 4347.99 2328.04 1986.77 1925.65 1871.57 5815.59 1716.91 1697.15 1717.93 1602.52 1491.03 1459.59 1341.52 1279.28 1211.63 1375.05 1364.97 1204.75 1267.78 1226.25 1196.72 1151.92
threshold=1.5000000000000002 9.0769228935241717 33.685289382934577 0.31500000000000006 0.14500000000000005 10.083333492279055 0.94444444775581371 26.714545249938968 34.280004501342781 33.562500000000007 -0.10842760538054254 0.41500000000000009 1.0000000180025095e-35 17.911192893981937 0.98583333333333345 29.748609542846683 32.833333333333336 2.8999999761581425 9.0769228935241717 0.82448237873064822 133.50000000000003 35.63333333333334 60.916666666666679 0.56500000000000006 0.56490034934245814 0.89507319609808444 0.99998929204382681 23.10000038146973 30.133928298950199 0.76820431247790755
decision_type=8 10 8 10 2 8 8 10 8 10 8 2 2 10 10 10 10 10 8 10 2 10 10 10 10 8 10 10 10 8
left_child=2 4 5 12 6 -1 -2 28 -4 20 -8 15 13 21 17 22 -17 -12 -6 -10 25 -3 24 -24 -5 27 -27 -9 -7 -25
right_child=1 3 8 11 18 7 10 9 19 -11 14 -13 -14 -15 -16 16 -18 -19 -20 -21 -22 -23 23 29 -26 26 -28 -29 -30 -31
leaf_value=-0.36316731543644609 -0.68495639569399214 -0.30379257272119103 0.13160045974669024 -0.14805211231355433 -0.044014089764519169 -0.022902884330461792 -0.36872404884956367 -0.0073561375390510161 0.23083574847219857 0.13178979693345871 -0.55658378190359048 0.070938389479305669 -0.44656418595995218 -0.054738960049369116 -0.33225981137582233 -0.13913507405747758 0.079413214672285196 -0.44386015592696698 -0.28236391809056782 0.17680427657697126 -0.042466517255300346 -0.52098103770842918 -0.30888990664627491 0.020860449437584194 0.072499256059527395 0.050346028561566079 0.16191509736758289 0.15866268880359113 0.065659391462270705 -0.16129834015594155
leaf_weight=46 283 46 868 46 44 752 91 49 1297 612 487 106 84 66 42 47 104 148 51 689 101 52 41 42 56 1237 99 219 168 122
leaf_count=46 283 46 868 46 44 752 91 49 1297 612 487 106 84 66 42 47 104 148 51 689 101 52 41 42 56 1237 99 219 168 122
internal_value=2.79825e-10 -0.358327 0.114324 -0.13198 -0.518705 0.0506131 -0.550047 0.0564932 0.187611 0.0815971 -0.500334 -0.0442874 -0.33141 -0.272428 -0.518024 -0.0709554 0.0113883 -0.530311 -0.17197 0.212091 0.0635808 -0.419035 -0.111457 -0.153496 -0.0269651 0.0702583 0.0586135 0.128309 -0.00673064 -0.114648
internal_weight=8095 1958 6137 812 1146 3283 1051 3237 2854 2317 768 564 248 164 677 458 151 635 95 1986 1705 98 307 205 102 1604 1336 268 920 164
internal_count=8095 1958 6137 812 1146 3283 1051 3237 2854 2317 768 564 248 164 677 458 151 635 95 1986 1705 98 307 205 102 1604 1336 268 920 164
is_linear=0
shrinkage=0.03


Tree=5
num_leaves=31
num_cat=0
split_feature=1 33 34 6 21 31 33 32 34 1 14 46 15 24 31 27 21 66 22 6 63 10 60 56 34 29 33 26 50 10
split_gain=346683 74307.8 29999.1 14846 13019.7 7639.05 7369.12 5648.84 3537.67 1938.32 2138.8 1842.66 1820.33 4676.69 4564.77 1589.74 1584.08 1607.59 2039.26 1481.46 1456.66 2628.58 1436.57 2033.02 1383.18 1328.37 1200.77 1297.76 1127.61 1125.24
threshold=1.5000000000000002 9.0769228935241717 32.438375473022468 0.31500000000000006 0.14500000000000005 12.436080932617189 0.94444444775581371 35.348211288452156 26.714545249938968 2.5000000000000004 1.0000000180025095e-35 29.199340142744287 -0.66754996989360149 1.0000000180025095e-35 17.911192893981937 8.5000000000000018 0.41500000000000009 56.500000000000007 21.500000000000004 0.13500000000000004 -0.12602498252631908 0.73443554637044706 61.416666666666679 33.500000000000007 35.632690429687507 29.209040641784672 28.773504257202152 9.5000000000000018 41.45000000000001 0.7814295977011495
decision_type=8 10 8 10 2 10 8 8 10 8 8 10 10 2 10 8 2 10 2 10 10 8 8 10 10 10 8 2 10 10
left_child=2 4 5 12 6 -1 -2 26 -7 15 -11 -5 13 14 -3 22 17 18 -13 -6 21 -17 23 -8 -9 -10 -4 -28 -29 -18
right_child=1 3 7 11 19 8 9 24 25 10 -12 16 -14 -15 -16 20 29 -19 -20 -21 -22 -23 -24 -25 -26 -27 27 28 -30 -31
leaf_value=-0.29045807456686384 -0.66440772562692518 -0.33868873315012971 0.055044282380041179 -0.22711297085881232 -0.027894137486815452 -0.0042861381090715921 -0.60638057987740701 0.17087557241353049 0.031082223775940512 -0.20854127239187559 -0.49101891593291208 -0.16243384228628824 -0.45107525600705822 -0.43316726718630105 0.079521924648433925 -0.19266999133463417 0.16245896009355781 0.039622155404534218 -0.0049656343631391976 -0.26784179970080202 -0.56752170995227058 -0.46198438766476224 -0.57465232760889218 -0.35407891568601935 0.22429605277623318 0.087181064656438073 0.028178581933126501 0.15139093062110612 0.024983657278231722 -0.042958512749522927
leaf_weight=63 283 46 182 45 40 904 47 689 563 45 52 161 70 84 48 42 60 121 137 55 64 146 298 74 1189 1168 92 1220 67 40
leaf_count=63 283 46 182 45 40 904 47 689 563 45 52 161 70 84 48 42 60 121 137 55 64 146 298 74 1189 1168 92 1220 67 40
internal_value=-3.23705e-10 -0.347577 0.110894 -0.128021 -0.503144 0.0360094 -0.533545 0.169643 0.0438148 -0.485324 -0.359973 -0.0429588 -0.321468 -0.270498 -0.125134 -0.503445 -0.0269916 -0.0525963 -0.0900407 -0.166811 -0.443902 -0.401818 -0.539256 -0.45208 0.204697 0.0689352 0.12747 0.137029 0.14481 0.080292
internal_weight=8095 1958 6137 812 1146 2698 1051 3439 2635 768 97 564 248 178 94 671 519 419 298 95 252 188 419 121 1878 1731 1561 1379 1287 100
internal_count=8095 1958 6137 812 1146 2698 1051 3439 2635 768 97 564 248 178 94 671 519 419 298 95 252 188 419 121 1878 1731 1561 1379 1287 100
is_linear=0
shrinkage=0.03


Tree=6
num_leaves=31
num_cat=0
split_feature=1 33 34 6 21 33 33 34 32 30 1 67 30 15 24 31 21 27 52 67 11 11 12 26 60 15 30 55 33 60
split_gain=326194 69916.2 28303.3 13968.6 12250.3 8046.1 6933.6 5010.98 3889.75 2105.91 1823.76 2086.83 1784.01 1712.74 4400.3 4294.99 1631.58 1547.71 1586.06 1407.04 1384.33 1364.06 1490.04 1256.45 1199.74 1429.35 1196.75 1179.37 1159.48 1221.19
threshold=1.5000000000000002 9.0769228935241717 33.685289382934577 0.31500000000000006 0.14500000000000005 10.083333492279055 0.94444444775581371 26.714545249938968 34.280004501342781 33.562500000000007 2.5000000000000004 6.5000000000000009 29.748609542846683 -0.66754996989360149 1.0000000180025095e-35 17.911192893981937 0.115 34.500000000000007 29.408333333333335 12.500000000000002 0.82227046266224779 0.64897783902144379 0.77010070109240703 133.50000000000003 60.916666666666679 0.069820678603006184 37.267856597900398 0.56541958662272751 2.8999999761581425 61.583333333333343
decision_type=8 10 8 10 2 8 8 10 8 10 8 10 10 10 2 10 2 8 10 8 10 10 10 2 10 10 10 10 10 10
left_child=2 4 5 13 6 -1 -2 -7 -4 23 17 -12 16 14 15 -3 24 18 -8 -6 26 -14 -23 -9 27 -26 -10 -5 29 -20
right_child=1 3 8 12 19 7 10 9 20 -11 11 -13 21 -15 -16 -17 -18 -19 28 -21 -22 22 -24 -25 25 -27 -28 -29 -30 -31
leaf_value=-0.34647947503010862 -0.64447549367330104 -0.32852806225419046 0.12368910485131811 -0.14413369232788681 -0.26904631600660439 -0.0061388512729140723 -0.63979601699965338 0.065943665741257679 0.1858489443820876 0.12435470235588797 -0.47595817017667696 -0.19645541273734785 0.14685514552518725 -0.43754297561517785 -0.4201722262480429 0.077136270031332957 0.020496415292026005 -0.36950947612524032 -0.42650832144148421 -0.037506587281823156 0.16678733568465143 -0.17414717644290065 0.050104691907763482 -0.043148206492314246 -0.10033251211548051 -0.27614619109779598 0.24472392549131478 0.073548386804759502 -0.41738073686063287 -0.54993253911460249
leaf_weight=46 283 46 868 42 51 920 70 1604 555 612 53 44 64 70 84 48 107 86 99 44 725 40 80 101 119 64 706 48 150 266
leaf_count=46 283 46 868 42 51 920 70 1604 555 612 53 44 64 70 84 48 107 86 99 44 725 40 80 101 119 64 706 48 150 266
internal_value=-7.23132e-10 -0.33715 0.107567 -0.12418 -0.48805 0.0474977 -0.517539 0.0530964 0.176666 0.0766166 -0.470764 -0.349173 -0.04167 -0.311823 -0.262383 -0.12138 -0.0787976 -0.488341 -0.505811 -0.161807 0.19982 0.0350066 -0.0246459 0.0594813 -0.117715 -0.161819 0.218811 -0.0280366 -0.487599 -0.516456
internal_weight=8095 1958 6137 812 1146 3283 1051 3237 2854 2317 768 97 564 248 178 94 380 671 585 95 1986 184 120 1705 273 183 1261 90 515 365
internal_count=8095 1958 6137 812 1146 3283 1051 3237 2854 2317 768 97 564 248 178 94 380 671 585 95 1986 184 120 1705 273 183 1261 90 515 365
is_linear=0
shrinkage=0.03


Tree=7
num_leaves=31
num_cat=0
split_feature=1 33 34 6 21 31 33 32 30 63 34 46 27 24 15 7 30 33 21 60 66 33 34 11 12 53 45 56 52 13
split_gain=306916 65784.1 26636.8 13143.1 11526.3 6907.85 6523.83 5027.76 3246.71 1792.41 1708.19 1697.9 1643.62 3152.95 3834.28 1552.45 1448.96 1445.57 1410.03 1666.81 1910.6 1402.64 1346.83 1243.42 1181.76 1154.11 1406.28 1107.61 1063.31 1081.04
threshold=1.5000000000000002 9.0769228935241717 32.438375473022468 0.31500000000000006 0.14500000000000005 12.436080932617189 0.94444444775581371 35.138441085815437 31.645833015441898 -0.10842760538054254 26.944272994995121 29.199340142744287 2.5000000000000004 1.0000000180025095e-35 -0.66754996989360149 0.98583333333333345 28.437500000000004 2.8999999761581425 0.115 60.916666666666679 39.500000000000007 9.0769228935241717 40.549999237060554 0.64897783902144379 0.82433103193972768 0.52221817510864177 40.32500000000001 34.500000000000007 39.031250000000007 -1.0000000180025095e-35
decision_type=8 10 8 10 2 10 8 8 10 8 10 10 10 2 10 10 10 10 2 10 10 8 10 10 10 10 10 10 8 10
left_child=2 4 5 12 6 -1 -2 25 10 -8 24 -5 -3 14 -14 17 18 -11 19 -13 -21 -6 -9 -18 -7 -4 -27 -19 29 -12
right_child=1 3 7 11 21 8 9 22 -10 15 28 16 13 -15 -16 -17 23 27 -20 20 -22 -23 -24 -25 -26 26 -28 -29 -30 -31
leaf_value=-0.27667338500420252 -0.62514121625453967 -0.46876606960188261 0.084953434603909653 -0.2171927062769731 -0.032847067090598016 0.00017085681932094769 -0.33163476288973626 0.18346018609525019 0.091184484237873994 -0.5100804905314954 0.15984699781124406 0.018092285055009757 -0.034223002974648732 -0.40756707058421199 -0.38300908713884974 -0.29680028150124205 0.13687671962666184 -0.52919488858092922 0.032067521338792218 -0.27328903946094213 -0.062687078017209255 -0.26402414909180472 0.26959591013689838 -0.018498583602623679 -0.10911021942601483 0.14783686556450532 -0.020652255010097584 -0.34963741342823662 0.099698371657532106 0.018254226825649669
leaf_weight=63 283 44 576 45 44 702 91 1769 810 487 52 68 74 84 46 42 73 44 95 72 84 51 180 127 102 867 47 104 242 727
leaf_count=63 283 44 576 45 44 702 91 1769 810 487 52 68 74 84 46 42 73 44 95 72 84 51 180 127 102 867 47 104 242 727
internal_value=4.41623e-10 -0.327035 0.10434 -0.120455 -0.473408 0.0337767 -0.502013 0.159699 0.0411992 -0.456641 0.019014 -0.0404199 -0.302469 -0.266601 -0.167924 -0.473444 -0.0250928 -0.485128 -0.0647832 -0.105858 -0.159888 -0.156953 0.191415 0.0382134 -0.0136932 0.118213 0.139173 -0.403019 0.0447697 0.0277059
internal_weight=8095 1958 6137 812 1146 2698 1051 3439 2635 768 1825 564 248 204 120 677 519 635 319 224 156 95 1949 200 804 1490 914 148 1021 779
internal_count=8095 1958 6137 812 1146 2698 1051 3439 2635 768 1825 564 248 204 120 677 519 635 319 224 156 95 1949 200 804 1490 914 148 1021 779
is_linear=0
shrinkage=0.03


Tree=8
num_leaves=31
num_cat=0
split_feature=1 33 34 6 21 33 33 34 32 30 28 63 46 27 24 15 73 6 21 66 22 11 45 7 15 33 30 26 22 44
split_gain=288778 61896.3 25202.2 12366.3 10845.1 7297.98 6142.56 4404.07 3467.25 1886.58 1787.41 1702.52 1597.56 1546.48 2966.61 3607.68 1453.95 1397.69 1389.64 1448.99 1890.04 1300.7 1214.07 1115.99 1158.31 1662.64 1515.43 1165.99 1101.25 1083.67
threshold=1.5000000000000002 9.0769228935241717 33.685289382934577 0.31500000000000006 0.14500000000000005 10.083333492279055 0.72380954027175914 26.714545249938968 34.280004501342781 34.549999237060554 3.4166666269302373 -0.10842760538054254 29.199340142744287 2.5000000000000004 1.0000000180025095e-35 -0.66754996989360149 352.85000000000008 0.13500000000000004 0.41500000000000009 56.500000000000007 21.500000000000004 0.82448237873064822 30.300000000000001 0.98583333333333345 -0.16882746108098215 5.0454545021057138 12.562500000000002 33.500000000000007 43.500000000000007 40.500000000000007
decision_type=8 10 8 10 2 8 8 10 8 10 8 8 10 10 2 10 2 10 2 10 2 10 8 10 8 10 10 2 2 8
left_child=2 4 5 13 6 -1 -2 -7 -4 22 -8 -12 -5 -3 15 -15 -11 -6 19 20 -14 -10 -9 24 27 26 -26 -13 -22 -18
right_child=1 3 8 12 17 7 10 9 21 16 11 23 18 14 -16 -17 29 -19 -20 -21 28 -23 -24 -25 25 -27 -28 -29 -30 -31
leaf_value=-0.33068785456211669 -0.60969034886206774 -0.45470307599414478 0.11639649021079949 -0.21067692204192282 -0.017311863854527473 -0.0056735888027950468 -0.51653319767930284 0.015029455201047755 0.205969164043596 0.084520743000938231 -0.27942495660235483 -0.45517466659131256 -0.15356531620951172 -0.033196307799300634 -0.39534004198653355 -0.3715188147775505 0.24388507740890106 -0.25037659650499172 0.076143745377659791 0.039229561049675891 0.092971322734336379 0.1549632508743484 0.072270023144675441 -0.28789627721799271 -0.41571678776826176 -0.31307018390893937 -0.55238274829728262 -0.23515712708961672 -0.078169035680199922 0.064130307935178266
leaf_weight=46 272 44 868 45 40 920 220 431 1297 249 72 46 161 74 84 46 123 55 100 121 61 689 1474 42 119 50 189 41 76 40
leaf_count=46 272 44 868 45 40 920 220 431 1297 249 72 46 161 74 84 46 123 55 100 121 61 689 1474 42 119 50 189 41 76 40
internal_value=5.72297e-10 -0.317224 0.10121 -0.116841 -0.459206 0.0445267 -0.486952 0.0498587 0.166413 0.0719087 -0.444096 -0.415588 -0.0392073 -0.293395 -0.258603 -0.162887 0.130118 -0.152244 -0.02434 -0.0483218 -0.0838712 0.188274 0.0593195 -0.435719 -0.449671 -0.473531 -0.49958 -0.351488 -0.00196785 0.199773
internal_weight=8095 1958 6137 812 1146 3283 1051 3237 2854 2317 779 559 564 248 204 120 412 95 519 419 298 1986 1905 487 445 358 308 87 137 163
internal_count=8095 1958 6137 812 1146 3283 1051 3237 2854 2317 779 559 564 248 204 120 412 95 519 419 298 1986 1905 487 445 358 308 87 137 163
is_linear=0
shrinkage=0.03


Tree=9
num_leaves=31
num_cat=0
split_feature=1 33 34 6 21 33 33 34 30 30 28 30 1 66 60 62 21 73 67 12 12 63 26 30 62 28 52 32 17 9
split_gain=271711 58238.2 23712.8 11635.5 10204.1 6866.67 5779.54 4144.54 3347 1763.8 1696.89 1565.81 1557.09 1514.73 2000.82 1697.44 1398.4 1358.33 1323.57 1227.42 1330.14 1208.49 1182.57 1175.54 1164.54 1386.31 1228.47 1153.79 1127.42 1097.28
threshold=1.5000000000000002 9.0769228935241717 33.685289382934577 0.31500000000000006 0.14500000000000005 10.083333492279055 0.72380954027175914 26.944272994995121 37.562500000000007 33.562500000000007 2.1666666269302373 29.748609542846683 2.5000000000000004 49.500000000000007 65.583333333333357 0.049406540641395109 0.115 190.45000000000002 12.500000000000002 0.68483040366579873 0.77010070109240703 -0.1278824757994749 133.50000000000003 30.133928298950199 0.053169332718648467 33.500000000000007 29.408333333333335 34.280004501342781 9.5000000000000018 0.89507319609808444
decision_type=8 10 8 10 2 8 8 10 8 10 8 10 8 8 10 10 2 2 8 10 10 8 2 10 8 8 10 10 2 8
left_child=2 4 5 13 6 -1 -2 23 27 22 -8 16 21 17 15 -15 -5 -3 -6 -13 -21 -12 29 -7 25 26 -23 -4 -11 -9
right_child=1 3 8 11 18 7 10 9 -10 28 12 19 -14 14 -16 -17 -18 -19 -20 20 -22 24 -24 -25 -26 -27 -28 -29 -30 -31
leaf_value=-0.32076720965054373 -0.5913996565298123 -0.26970683991909028 0.11038695501448632 -0.10884352537997803 -0.251686721198699 -0.020983490112498303 -0.52033503498224654 0.11614520090583123 0.20241491355042526 0.026727157818492161 -0.29597998445559487 0.1424943860788499 -0.28347338788211346 -0.075398977473378176 -0.38525115980292263 -0.31662112565665712 0.019111153824585617 -0.51542877763509753 -0.027119740831919689 -0.15814604503767829 0.050341699903830882 -0.58411916408806952 -0.045318472626259418 0.065247983497381215 -0.51543647366461998 -0.25536275840618394 -0.41124843862631694 0.15909944918252283 0.13279132702415752 0.049368939765786025
leaf_weight=46 272 41 843 273 51 761 153 266 1101 110 57 62 78 73 53 41 107 40 44 42 80 43 101 175 139 44 265 910 501 1323
leaf_count=46 272 41 843 273 51 761 153 266 1101 110 57 62 78 73 53 41 107 40 44 42 80 43 101 175 139 44 265 910 501 1323
internal_value=-5.27131e-10 -0.307707 0.0981736 -0.113336 -0.44543 0.0431909 -0.472344 0.048363 0.161421 0.0700135 -0.430774 -0.0380311 -0.408884 -0.284593 -0.232958 -0.162154 -0.0728142 -0.391051 -0.147677 0.0338036 -0.0214328 -0.426734 0.0542205 -0.00486115 -0.441914 -0.41288 -0.435383 0.135674 0.113696 0.0605473
internal_weight=8095 1958 6137 812 1146 3283 1051 3237 2854 2301 779 564 626 248 167 114 380 81 95 184 122 548 1690 936 491 352 308 1753 611 1589
internal_count=8095 1958 6137 812 1146 3283 1051 3237 2854 2301 779 564 626 248 167 114 380 81 95 184 122 548 1690 936 491 352 308 1753 611 1589
is_linear=0
shrinkage=0.03


Tree=10
num_leaves=31
num_cat=0
split_feature=1 33 34 6 21 31 33 32 30 28 52 48 63 15 46 27 24 15 33 62 30 57 21 60 66 31 34 32 26 27
split_gain=255653 54796.3 22335.9 10947.8 9601.06 5996.97 5437.97 4234.13 2775.14 1596.91 1587.66 1560.1 2154.61 1865.02 1483.04 1441.84 2773.82 3350.08 1319.49 1294.61 1278.13 1222.41 1204.4 1554.05 1763.73 1187.17 1172.05 1096.1 1179.52 1089.43
threshold=1.5000000000000002 9.0769228935241717 32.438375473022468 0.31500000000000006 0.14500000000000005 12.436080932617189 0.72380954027175914 35.348211288452156 31.645833015441898 3.4166666269302373 39.031250000000007 28.500000000000004 -0.10842760538054254 0.090290124940923269 29.199340142744287 2.5000000000000004 1.0000000180025095e-35 -0.66754996989360149 9.0769228935241717 0.0078275178132093965 28.437500000000004 32.833333333333336 0.115 60.916666666666679 39.500000000000007 35.905351638793952 35.632690429687507 25.437675476074222 12.500000000000002 30.500000000000004
decision_type=8 10 8 10 2 10 8 8 10 8 8 10 10 8 10 10 2 10 8 10 10 10 2 10 10 10 10 10 2 10
left_child=2 4 5 15 6 -1 -2 27 10 -8 -7 -11 13 -13 -5 -3 17 -17 -6 -14 22 -22 23 -16 -25 29 -9 -4 -29 -23
right_child=1 3 7 14 18 8 9 26 -10 11 -12 12 19 -15 20 16 -18 -19 -20 -21 21 25 -24 24 -26 -27 -28 28 -30 -31
leaf_value=-0.25864636435395194 -0.57365765296525384 -0.43181034288623116 -0.045607326664030549 -0.20209962320327757 -0.022875486609991637 0.0027874224637988308 -0.48631838900392704 0.14513689499786353 0.083740974629228859 -0.50166574084131343 0.072039323875904074 -0.22798042064582977 -0.38095134435708705 -0.37803399973109958 0.021879450946169741 -0.024932447051679765 -0.37468058782496622 -0.35095302864747202 -0.24709591798922595 -0.57337348597948667 -0.069995411396026608 0.05564601855457954 0.029667456837076889 -0.25893049184232947 -0.056585022101977044 -0.048745443105697631 0.19431156790609291 0.023217733517289164 0.12121833118330887 0.26020575267927987
leaf_weight=63 272 44 40 45 44 1450 220 689 810 95 375 111 65 227 68 74 84 46 51 61 65 53 95 72 84 40 1189 120 1401 42
leaf_count=63 272 44 40 45 44 1450 220 689 810 95 375 111 65 227 68 74 84 46 51 61 65 53 95 72 84 40 1189 120 1401 42
internal_value=7.31547e-10 -0.298476 0.0952284 -0.109936 -0.432067 0.0306123 -0.458173 0.145922 0.0375282 -0.41785 0.0170173 -0.390904 -0.368227 -0.328756 -0.0368902 -0.276055 -0.242461 -0.149907 -0.143246 -0.474108 -0.0225656 0.0368918 -0.059843 -0.0978051 -0.149975 0.088356 0.17627 0.10941 0.113487 0.146083
internal_weight=8095 1958 6137 812 1146 2698 1051 3439 2635 779 1825 559 464 338 564 248 204 120 95 126 519 200 319 224 156 135 1878 1561 1521 95
internal_count=8095 1958 6137 812 1146 2698 1051 3439 2635 779 1825 559 464 338 564 248 204 120 95 126 519 200 319 224 156 135 1878 1561 1521 95
is_linear=0
shrinkage=0.03


Tree=11
num_leaves=31
num_cat=0
split_feature=1 33 34 6 21 33 33 34 30 45 28 42 1 21 66 60 62 6 73 34 57 17 63 55 52 34 57 60 11 32
split_gain=240544 51557.9 21088.4 10300.8 9033.64 6229.36 5116.58 3746.25 3022.02 1611.9 1522 1490.32 1444.09 1407.7 1404.48 1859.31 1561.27 1318.65 1285.62 1242.33 1184.12 1146.12 1128.71 1264.76 1103.39 1320.95 1054.52 1046.21 1021.66 1002.61
threshold=1.5000000000000002 9.0769228935241717 33.685289382934577 0.31500000000000006 0.14500000000000005 10.083333492279055 0.72380954027175914 26.714545249938968 37.562500000000007 31.225000000000005 2.1666666269302373 39.089899063110359 2.5000000000000004 0.41500000000000009 49.500000000000007 65.583333333333357 0.049406540641395109 0.13500000000000004 190.45000000000002 29.014286041259769 32.833333333333336 1.5000000000000002 0.038853750101566643 0.50732792583121433 29.408333333333335 31.966384887695316 35.500000000000007 68.208333333333357 0.82227046266224779 23.755092620849613
decision_type=8 10 8 10 2 8 8 10 8 8 8 8 8 2 8 10 10 10 2 10 10 2 8 10 10 8 10 10 10 10
left_child=2 4 5 14 6 -1 -2 29 22 -9 -8 -11 24 19 18 16 -16 -6 -3 21 -21 -5 -4 -24 -12 -26 -15 -13 -10 -7
right_child=1 3 8 13 17 7 10 9 28 11 12 27 -14 26 15 -17 -18 -19 -20 20 -22 -23 23 -25 25 -27 -28 -29 -30 -31
leaf_value=-0.30613655607337537 -0.55644791398197413 -0.25223209654412615 0.075307566056616523 0.033127713098805002 -0.0078876641169190395 -0.055138298428871413 -0.49013543869934828 0.024567615597082364 0.21216055386832411 0.035436211528065496 -0.50951230618599297 0.10845113558054328 -0.26380980844681079 0.15214474982448986 -0.066596398063718462 -0.36486214183411508 -0.29794089116701267 -0.23426643743162803 -0.49128728230297558 -0.11344282538203869 0.047488375798908661 -0.13034274953934882 0.070952399951177386 0.15027259961069475 -0.40438234539304685 -0.25585434223375014 -0.037404685145616533 0.022110043259767384 0.15155934429594448 0.014096855928371774
leaf_weight=46 272 41 307 47 40 264 153 624 716 468 74 1082 78 56 73 53 41 55 40 59 136 216 212 1234 412 62 50 143 385 656
leaf_count=46 272 41 307 47 40 264 153 624 716 468 74 1082 78 56 73 53 41 55 40 59 136 216 212 1234 412 62 50 143 385 656
internal_value=5.63208e-10 -0.289522 0.0923715 -0.106638 -0.419105 0.0405205 -0.444428 0.0454468 0.152016 0.0657834 -0.405315 0.0809746 -0.384584 -0.0357835 -0.267773 -0.218053 -0.149799 -0.138949 -0.370284 -0.0585846 -0.00120363 -0.101129 0.127551 0.138643 -0.401774 -0.384955 0.0627346 0.0983721 0.190969 -0.00577062
internal_weight=8095 1958 6137 812 1146 3283 1051 3237 2854 2317 779 1693 626 564 248 167 114 95 81 458 195 263 1753 1446 548 474 106 1225 1101 920
internal_count=8095 1958 6137 812 1146 3283 1051 3237 2854 2317 779 1693 626 564 248 167 114 95 81 458 195 263 1753 1446 548 474 106 1225 1101 920
is_linear=0
shrinkage=0.03


Tree=12
num_leaves=31
num_cat=0
split_feature=1 33 30 6 21 31 33 34 34 9 24 30 10 6 17 63 12 26 52 54 7 33 12 9 34 41 12 9 11 35
split_gain=226328 48510.8 19884.7 9743.17 8499.75 5491.63 4814.19 4142.91 2959.87 1873.69 3125.61 1768.76 1576.31 1484.79 1460.69 1456.55 1409.35 1390.43 1302.77 1388.93 1293.45 1278.17 1277.94 1270.14 1212.25 1172.76 1160.81 1097.79 1097.82 1091.93
threshold=1.5000000000000002 9.0769228935241717 32.437500000000007 0.20500000000000004 0.14500000000000005 12.436080932617189 0.72380954027175914 35.265724182128913 26.944272994995121 0.47979295037818365 1.0000000180025095e-35 29.748609542846683 0.36425061425061428 0.15500000000000003 36.500000000000007 -0.10842760538054254 0.68483040366579873 23.500000000000004 37.31009615384616 0.61160881379793341 0.98583333333333345 2.8999999761581425 0.77010070109240703 0.34283656709813443 40.983606338500984 31.038461685180668 0.75931630984244491 0.96788063457044304 0.82845672024064265 28.500000000000004
decision_type=8 10 8 10 2 10 8 8 10 8 2 10 8 8 2 8 10 2 8 10 10 10 10 10 10 10 10 8 8 8
left_child=2 4 5 9 6 -1 -2 14 -7 -3 13 12 -5 -11 27 -8 -13 -9 -10 26 21 -17 -18 -6 -19 29 -20 28 -4 -14
right_child=1 3 7 11 23 8 15 17 18 10 -12 16 25 -15 -16 20 22 24 19 -21 -22 -23 -24 -25 -26 -27 -28 -29 -30 -31
leaf_value=-0.246671469388275 -0.53975447453120173 -0.43498561850803741 -0.042428919379718794 -0.22390685591314521 -0.02392528156650827 -0.012138891712693885 -0.28036067730163805 0.10723579733182083 0.038006492758831223 -0.22083468972182854 -0.35515294325138841 0.14945104602724313 0.10035243216902018 0.036071030102670196 0.13523569311046396 -0.44156761989712778 -0.15155356468756992 0.17249053618903545 0.153794160131903 -0.0098165807318408033 -0.2467525889618056 -0.34115526833445642 0.048285053006373348 -0.24332641107961533 0.27047433101361795 -0.19197776346764667 0.06228506287486018 0.096394885337813582 0.094065801017370415 -0.055572011322328758
leaf_weight=64 272 51 117 56 47 829 91 275 1163 41 84 64 48 40 747 498 45 1360 277 100 42 148 80 48 124 47 227 757 97 256
leaf_count=64 272 51 117 56 47 829 91 275 1163 41 84 64 48 40 747 498 45 1360 277 100 42 148 80 48 124 47 227 757 97 256
internal_value=1.36202e-10 -0.280836 0.0896004 -0.103438 -0.406532 0.0278607 -0.431095 0.136833 0.0346288 -0.276058 -0.226935 -0.0408783 -0.0760965 -0.0939677 0.103697 -0.393155 0.0349617 0.169196 0.0565702 0.0923146 -0.408075 -0.418563 -0.0236568 -0.134781 0.180678 -0.0525142 0.112579 0.0794347 0.0194402 -0.0309524
internal_weight=8095 1958 6137 812 1146 2660 1051 3477 2596 216 165 596 407 81 1718 779 189 1759 1767 604 688 646 125 95 1484 351 504 971 214 304
internal_count=8095 1958 6137 812 1146 2660 1051 3477 2596 216 165 596 407 81 1718 779 189 1759 1767 604 688 646 125 95 1484 351 504 971 214 304
is_linear=0
shrinkage=0.03


Tree=13
num_leaves=31
num_cat=0
split_feature=1 33 34 6 21 31 28 32 30 9 24 30 63 48 10 15 52 34 12 43 60 67 12 10 21 62 41 34 26 22
split_gain=212952 45643.8 18835.6 9167.35 7997.41 5065.98 4578.38 3628.77 2362.96 1762.95 2940.89 1664.22 1657.77 1674.78 1483.15 1462.19 1438.64 1411.5 1326.06 1268.65 1338.79 1241.14 1202.41 1147.49 1167.73 1066.29 1122.9 1049.37 1044.83 2801.94
threshold=1.5000000000000002 9.0769228935241717 32.438375473022468 0.20500000000000004 0.14500000000000005 12.436080932617189 2.1666666269302373 35.348211288452156 31.645833015441898 0.47979295037818365 1.0000000180025095e-35 29.748609542846683 -0.10842760538054254 28.500000000000004 0.36425061425061428 -0.72680337074258239 39.031250000000007 28.253205299377445 0.68483040366579873 36.500000000000007 61.416666666666679 12.500000000000002 0.77010070109240703 0.83796653796653808 0.41500000000000009 0.0071013963764857699 2.1250000000000004 40.549999237060554 48.500000000000007 20.500000000000004
decision_type=8 10 8 10 2 10 8 8 10 8 2 10 10 10 8 10 8 10 10 10 10 8 10 10 2 10 10 10 2 2
left_child=2 4 5 9 6 -1 -2 -4 16 -3 17 14 13 -8 -5 19 -7 -11 -13 20 -15 -6 -20 24 28 26 -14 -9 29 -16
right_child=1 3 7 11 21 8 12 27 -10 10 -12 18 25 15 23 -17 -18 -19 22 -21 -22 -23 -24 -25 -26 -27 -28 -29 -30 -31
leaf_value=-0.23828446256972494 -0.50583562923904879 -0.42193604497348564 0.099663181331588593 -0.21718964686351161 -0.23145606552743733 0.0014592951741198013 -0.46459491635704864 0.15430353241950437 0.076574414417716785 -0.21484489708411983 -0.34449836021555325 0.144967514234595 -0.45968450349821172 -0.16272946104770752 -0.085884573308146556 -0.25415165621109986 0.067381196842789648 0.035640021979808804 -0.14700695846478143 -0.44300950679995793 -0.36955330365127881 -0.013994809639724817 0.046836499909870322 -0.17161088850538608 0.09525775518856551 -0.53121968116473273 -0.26094041184335948 0.23086301560492747 -0.18977024982141893 0.19376934833642911
leaf_weight=63 355 51 1561 56 51 1450 87 1700 810 41 84 64 71 41 151 176 375 40 45 110 90 44 80 59 57 81 40 178 43 41
leaf_count=63 355 51 1561 56 51 1450 87 1700 810 41 84 64 71 41 151 176 375 40 45 110 90 44 80 59 57 81 40 178 43 41
internal_value=9.95142e-10 -0.272411 0.0869124 -0.100335 -0.394336 0.027575 -0.418163 0.133464 0.0339314 -0.267776 -0.220127 -0.039652 -0.373444 -0.344867 -0.0738136 -0.319888 0.0150049 -0.0911486 0.0339128 -0.367895 -0.304822 -0.130737 -0.0229471 -0.0509387 -0.0265564 -0.448458 -0.388065 0.16156 -0.0561028 -0.0261668
internal_weight=8095 1958 6137 812 1146 2698 1051 3439 2635 216 165 596 696 504 407 417 1825 81 189 241 131 95 125 351 292 192 111 1878 235 192
internal_count=8095 1958 6137 812 1146 2698 1051 3439 2635 216 165 596 696 504 407 417 1825 81 189 241 131 95 125 351 292 192 111 1878 235 192
is_linear=0
shrinkage=0.03


Tree=14
num_leaves=31
num_cat=0
split_feature=1 33 34 6 20 33 28 29 30 33 9 24 63 31 48 15 6 43 60 7 63 30 9 74 11 44 62 63 55 10
split_gain=200366 42946.3 17841.8 8625.56 7562.76 5446.81 4355.49 3216.4 2619.24 2063.13 1658.76 2767.08 1589.26 1586.06 1535.28 1462.97 1391.85 1301.55 1395.77 1258.42 1213.54 1200.61 1552.23 1387.63 1311.48 1262.14 1046.71 1035.55 1130.03 998.708
threshold=1.5000000000000002 9.0769228935241717 33.685289382934577 0.20500000000000004 1.0000000180025095e-35 10.083333492279055 2.1666666269302373 29.209040641784672 37.562500000000007 0.32051283121109014 0.47979295037818365 1.0000000180025095e-35 -0.10842760538054254 20.586394309997562 28.500000000000004 -0.72680337074258239 0.15500000000000003 36.500000000000007 61.416666666666679 0.40166666666666678 -0.035187929606419303 34.401784896850593 0.91474361909637214 170.30000000000004 0.81276842847062525 40.500000000000007 -0.027340470680459996 0.038853750101566643 0.50732792583121433 0.85548862115127189
decision_type=8 10 8 10 2 8 8 10 8 10 8 2 10 10 10 10 8 10 10 10 8 10 8 2 10 10 10 8 10 8
left_child=2 4 5 10 6 -1 -2 -7 27 -6 -3 16 14 19 -8 17 -12 18 -16 -5 -9 22 29 25 -25 -23 -17 -4 -29 -22
right_child=1 3 8 13 9 7 12 20 -10 -11 11 -13 -14 -15 15 26 -18 -19 -20 -21 21 23 -24 24 -26 -27 -28 28 -30 -31
leaf_value=-0.28754040624136507 -0.49458834462772217 -0.40927796251633586 0.066349070768542462 -0.0089275750047282179 -0.26007013079665953 0.0046685087491251604 -0.45065707241345582 0.0016215589133879312 0.17543126020367367 0.00099874299485236406 -0.21124665511817467 -0.33416340917348858 -0.43824063050131945 -0.0094486072803942507 -0.14872409407049417 -0.37469479222630342 0.037489108823239796 -0.43673020358752768 -0.36207675541175549 -0.18620312342230155 0.21664012152219519 0.20667200502198696 0.046526335912718347 -0.0089324177565002754 0.13933401250513269 0.033122936799190934 -0.2042702703313394 0.063030730696430184 0.13800731080427245 0.071636119020539665
leaf_weight=46 346 51 307 57 63 1298 87 234 1101 48 41 84 189 441 40 43 40 109 89 98 85 176 1095 111 104 48 132 212 1234 86
leaf_count=46 346 51 307 57 63 1298 87 234 1101 48 41 84 189 441 40 43 40 109 89 98 85 176 1095 111 104 48 132 212 1234 86
internal_value=2.97741e-10 -0.264239 0.084305 -0.0973252 -0.382506 0.036612 -0.407744 0.0412184 0.139167 -0.147175 -0.259743 -0.213523 -0.364133 -0.0384624 -0.33612 -0.311993 -0.0884142 -0.360409 -0.295921 -0.121011 0.0656856 0.0744779 0.0596536 0.117229 0.0627872 0.169483 -0.246146 0.116391 0.127015 0.143714
internal_weight=8095 1958 6137 812 1146 3283 1035 3237 2854 111 216 165 689 596 500 413 81 238 129 155 1939 1705 1266 439 215 224 175 1753 1446 171
internal_count=8095 1958 6137 812 1146 3283 1035 3237 2854 111 216 165 689 596 500 413 81 238 129 155 1939 1705 1266 439 215 224 175 1753 1446 171
is_linear=0
shrinkage=0.03


Tree=15
num_leaves=31
num_cat=0
split_feature=1 33 30 6 21 34 33 33 34 1 67 9 24 30 10 45 26 34 57 28 27 52 9 33 41 17 47 15 39 45
split_gain=188524 40408.1 16796 8115.79 7116.97 5234.79 4775.4 4391.26 2327.84 1726.68 1774.17 1560.73 2603.55 1527.9 1377.57 1334.82 1324.48 1323.06 1288.51 1362.35 1281.59 1295.1 1236.23 1157.12 1104.76 1101.5 1073.57 1033.37 1373.06 1460.76
threshold=1.5000000000000002 9.0769228935241717 33.562500000000007 0.20500000000000004 0.26500000000000007 26.714545249938968 11.125000000000002 0.94444444775581371 35.265724182128913 2.5000000000000004 6.5000000000000009 0.47979295037818365 1.0000000180025095e-35 29.748609542846683 0.36425061425061428 31.550000000000004 23.500000000000004 28.253205299377445 32.833333333333336 32.833333969116218 34.500000000000007 29.408333333333335 0.34283656709813443 33.422618865966804 31.038461685180668 36.500000000000007 33.759615384615394 0.28852586119444085 29.747070312500004 32.70000000000001
decision_type=8 10 8 10 2 10 8 8 8 8 10 8 2 10 8 8 2 10 10 10 8 10 10 8 10 2 8 10 8 10
left_child=2 4 5 11 7 6 -1 -2 25 20 -11 -3 17 14 -5 23 -10 -13 -15 -20 21 -9 -6 26 27 -4 -7 28 -16 -30
right_child=1 3 8 13 22 15 -8 9 16 10 -12 12 -14 18 24 -17 -18 -19 19 -21 -22 -23 -24 -25 -26 -27 -28 -29 29 -31
leaf_value=-0.33943155778305872 -0.49337485295785982 -0.39699962586164472 0.077107941502359056 -0.20821933189406991 0.0068595234836850844 0.021081065695073332 -0.011787033102183524 -0.50974881199428002 0.095775523860218384 -0.35479005887291648 -0.10231485800898593 -0.20552017816683141 -0.3241385115816125 -0.080289186024274983 0.15150272719238114 0.074640013667499824 0.16897159555548211 0.036990634135901923 0.19648636521379415 -0.00044038085096423894 -0.2646430287908676 -0.37226622075130117 -0.21944811164836087 0.11313811196341826 -0.18335550853546628 0.13293950183671557 -0.13559048524924686 -0.12203693616893385 -0.14728225597646086 0.030983368834623919
leaf_weight=42 284 51 678 56 42 627 856 70 265 55 46 41 84 61 46 1523 1387 40 57 71 86 518 45 118 47 599 42 77 64 117
leaf_count=42 284 51 678 56 42 627 856 70 265 55 46 41 84 61 46 1523 1387 40 57 71 86 518 45 118 47 599 42 77 64 117
internal_value=5.82108e-11 -0.256312 0.0817758 -0.0944054 -0.371031 0.0343529 -0.0271112 -0.392459 0.133716 -0.355478 -0.239801 -0.251951 -0.207117 -0.0373086 -0.0700411 0.0582468 0.15723 -0.0857618 0.0331789 0.0872536 -0.372812 -0.388633 -0.110196 0.0265226 -0.0479955 0.103297 0.0112452 -0.0270682 0.00514588 -0.0320498
internal_weight=8095 1958 6137 812 1146 3208 898 1059 2929 775 101 216 165 596 407 2310 1652 81 189 128 674 588 87 787 351 1277 669 304 227 181
internal_count=8095 1958 6137 812 1146 3208 898 1059 2929 775 101 216 165 596 407 2310 1652 81 189 128 674 588 87 787 351 1277 669 304 227 181
is_linear=0
shrinkage=0.03


Tree=16
num_leaves=31
num_cat=0
split_feature=1 33 34 6 20 33 28 29 30 33 15 24 32 41 30 10 12 52 12 63 9 30 74 11 10 21 64 66 33 30
split_gain=177383 38020 15939.2 7636.15 6727.69 4800.88 3952.27 2869.36 2370.64 1923.73 1509.02 2435.76 2575.09 1494.21 1437.6 1296.15 1237.56 1182.99 1138.09 1136.94 1083.14 1655.82 1187.36 1365.26 1059.87 1087.4 1026.21 2095.13 1513.49 1001.75
threshold=1.5000000000000002 9.0769228935241717 33.685289382934577 0.20500000000000004 1.0000000180025095e-35 10.083333492279055 2.1666666269302373 29.209040641784672 37.562500000000007 0.32051283121109014 -0.66754996989360149 1.0000000180025095e-35 19.660519599914554 2.7708333730697636 29.748609542846683 0.36425061425061428 0.68483040366579873 28.703296703296708 0.77010070109240703 -0.035187929606419303 0.89507319609808444 31.937500000000004 170.30000000000004 0.80862616732763992 0.83796653796653808 0.41500000000000009 1.0000000180025095e-35 53.500000000000007 6.0625000000000009 26.38749980926514
decision_type=8 10 8 10 2 8 8 10 8 10 10 2 10 8 10 8 10 10 10 8 8 10 2 10 10 2 2 10 8 10
left_child=2 4 5 10 6 -1 -2 -7 -4 -6 11 12 -3 -8 15 -5 -16 -15 -18 -9 -21 -22 -23 -24 25 -17 29 28 -28 -19
right_child=1 3 8 14 9 7 13 19 -10 -11 -12 -13 -14 17 16 24 18 26 -20 20 21 22 23 -25 -26 -27 27 -29 -30 -31
leaf_value=-0.27008147921251213 -0.46643061273316772 -0.25268005175107133 0.10950828737748496 -0.20197275337230947 -0.24695582142898015 0.0040470751014377382 -0.48391362808766908 -0.00033052882812439628 0.1656771963634287 0.0051392964087426662 -0.38887328449487685 -0.31441435583933652 0.083553026885521117 -0.43772821795481898 0.13946829150198026 -0.051634661169762307 -0.14344244380791982 -0.37280001534572382 0.045145382400602098 0.15044693982644047 0.025811298525127549 0.12155344968759571 0.0011479408566706945 0.10554323247482073 -0.16252956952962835 0.09442710555697742 -0.29169309003599758 -0.37678676439494618 -0.08010681621730327 -0.25275905116665653
leaf_weight=46 346 41 1753 56 63 1298 61 234 1101 48 50 84 41 78 64 235 45 264 80 139 637 478 224 227 59 57 58 82 64 82
leaf_count=46 346 41 1753 56 63 1298 61 234 1101 48 50 84 41 78 64 235 45 264 80 139 637 478 224 227 59 57 58 82 64 82
internal_value=-1.61171e-10 -0.248622 0.0793226 -0.0915733 -0.3599 0.0342443 -0.383704 0.0385689 0.131177 -0.137942 -0.244392 -0.200874 -0.0845635 -0.34216 -0.0361893 -0.0679399 0.0321836 -0.328391 -0.0227462 0.0616785 0.0701888 0.063065 0.0886093 0.0536928 -0.0465557 -0.0231226 -0.312885 -0.259517 -0.180697 -0.344351
internal_weight=8095 1958 6137 812 1146 3283 1035 3237 2854 111 216 166 82 689 596 407 189 628 125 1939 1705 1566 929 451 351 292 550 204 122 346
internal_count=8095 1958 6137 812 1146 3283 1035 3237 2854 111 216 166 82 689 596 407 189 628 125 1939 1705 1566 929 451 351 292 550 204 122 346
is_linear=0
shrinkage=0.03


Tree=17
num_leaves=31
num_cat=0
split_feature=1 33 34 6 21 31 33 33 30 1 67 66 60 57 31 12 52 6 46 27 52 32 7 67 66 42 71 41 30 58
split_gain=166899 35773 15052.4 7184.85 6346.83 4208.44 3961.57 3027.45 1870.35 1580.94 1659.94 1485.28 1610.23 1448.07 1379.5 1316.3 1307.77 1216.29 1199.28 1176.97 1175.92 1114.8 1028.61 1245.8 971.041 1134.31 950.203 1242.7 1398.75 1377.14
threshold=1.5000000000000002 9.0769228935241717 32.438375473022468 0.20500000000000004 0.26500000000000007 12.436080932617189 0.94444444775581371 35.639610290527351 31.645833015441898 2.5000000000000004 6.5000000000000009 43.500000000000007 65.583333333333357 36.166666666666679 19.462507247924808 0.82195923774354751 39.031250000000007 0.14500000000000005 44.912315052533536 34.500000000000007 29.408333333333335 28.625509262084964 0.34833333333333333 12.500000000000002 50.500000000000007 26.062500000000004 6.5000000000000009 31.038461685180668 29.937500000000004 1.8333333333333337
decision_type=8 10 8 10 2 10 8 8 10 8 10 8 10 10 10 10 8 10 10 8 10 10 10 8 8 8 2 10 10 10
left_child=2 4 5 11 6 -1 -2 21 16 19 -11 -3 13 -13 22 -9 24 -6 -17 20 -8 -4 -5 -24 -7 -26 -16 29 -29 -28
right_child=1 3 7 14 17 8 9 15 -10 10 -12 12 -14 -15 26 18 -18 -19 -20 -21 -22 -23 23 -25 25 -27 27 28 -30 -31
leaf_value=-0.21841704632554734 -0.46518992073676535 -0.38829258823058688 0.0091244896465852363 0.00498437660081046 0.013322891869715282 -0.042780198051283753 -0.4813697104964938 0.15887667630621899 0.067630397328486039 -0.33475188039649617 -0.090539334040621061 -0.21663462219176008 -0.32278017602987208 0.0048861829665574159 -0.11643932705200635 0.092673169625146934 0.062790546651296325 -0.21115218286712961 0.22417659290454217 -0.24713972967984368 -0.35036566530638391 0.094351673455728341 -0.065802471935749049 -0.28309135666235963 -0.10553710236033396 0.021879457267017659 0.11695090329895416 -0.22289955976791678 0.016188528434354432 -0.014144943846746326
leaf_weight=63 284 46 155 42 42 360 70 1369 810 55 46 67 59 44 65 576 375 45 70 86 518 1269 48 47 67 1023 117 40 49 188
leaf_count=63 284 46 155 42 42 360 70 1369 810 55 46 67 59 44 65 576 375 45 70 86 518 1269 48 47 67 1023 117 40 49 188
internal_value=-1.52607e-10 -0.241164 0.0769429 -0.0888261 -0.349103 0.0238983 -0.369338 0.118558 0.0296918 -0.334214 -0.223526 -0.23706 -0.196139 -0.128825 -0.0351036 0.14222 0.0128533 -0.102785 0.106923 -0.3508 -0.365961 0.0850748 -0.118646 -0.173303 -6.14982e-05 0.0140474 -0.0101684 0.00736361 -0.0912668 0.0361443
internal_weight=8095 1958 6137 812 1146 2698 1059 3439 2635 775 101 216 170 111 596 2015 1825 87 646 674 588 1424 137 95 1450 1090 459 394 89 305
internal_count=8095 1958 6137 812 1146 2698 1059 3439 2635 775 101 216 170 111 596 2015 1825 87 646 674 588 1424 137 95 1450 1090 459 394 89 305
is_linear=0
shrinkage=0.03


Tree=18
num_leaves=31
num_cat=0
split_feature=1 33 34 6 20 33 28 34 32 33 63 26 46 66 60 62 7 60 63 56 73 14 29 10 31 34 45 66 21 22
split_gain=157036 33658.8 14193.6 6775.79 5984.17 4353.22 3586.69 2668.16 2161.26 1811.65 1438.82 1259.95 1235.06 1228.5 1529.74 1444.66 1203.44 1232.98 1233.16 1343.76 1203.42 1183.11 1295.41 1109.96 1366.24 1083.19 1082.85 1079.06 1231.17 1700.96
threshold=1.5000000000000002 9.0769228935241717 33.685289382934577 0.31500000000000006 1.0000000180025095e-35 10.083333492279055 2.1666666269302373 26.944272994995121 34.280004501342781 0.32051283121109014 0.03199128240223751 128.50000000000003 29.199340142744287 49.500000000000007 65.583333333333357 0.049406540641395109 0.98583333333333345 65.208333333333357 -0.1278824757994749 34.500000000000007 190.45000000000002 -0.54499999999999982 16.675000190734867 0.85120759056929274 45.892513275146491 30.602325439453129 31.100000000000005 62.500000000000007 0.41500000000000009 21.500000000000004
decision_type=8 10 8 10 2 8 8 10 8 10 10 2 10 8 10 10 10 8 8 10 2 8 10 10 10 10 8 10 2 2
left_child=2 4 5 13 6 -1 -2 -7 -4 -6 16 26 -5 20 15 -15 17 18 -8 -20 -3 -21 -23 -10 -25 -13 -9 28 29 -14
right_child=1 3 8 12 9 7 10 11 23 -11 -12 25 27 14 -16 -17 -18 -19 19 21 -22 22 -24 24 -26 -27 -28 -29 -30 -31
leaf_value=-0.25769396875215611 -0.43988774211813475 -0.19850729096226574 0.084078011435825675 -0.17946130898594856 -0.2350863051982153 -0.0064903782723913298 -0.14798532961674454 0.022920228137301841 0.15145076738691712 0.0095542780635878427 -0.41886805195557442 0.045870419494807718 -0.12465134916735478 -0.028403233985786567 -0.30351207699415816 -0.25094056178883811 -0.14759087481735539 -0.37722466369038044 -0.39069321480702679 -0.11240402179956437 -0.42979433041065929 -0.21997680563566296 -0.39822770090773701 0.072491865976459069 0.2544130875822157 -0.1248896609712392 0.071534442875176463 0.067309954408052805 0.068163143104013016 0.012646555251964967
leaf_weight=46 346 41 868 45 63 936 53 554 1622 48 114 70 183 73 53 41 42 184 106 40 40 86 64 322 42 64 1613 111 79 146
leaf_count=46 346 41 868 45 63 936 53 554 1622 48 114 70 183 73 53 41 42 184 106 40 40 86 64 322 42 64 1613 111 79 146
internal_value=4.70691e-10 -0.233929 0.0746346 -0.0861613 -0.33863 0.0320962 -0.36108 0.0362144 0.123567 -0.129296 -0.321504 0.0535858 -0.0286955 -0.21685 -0.170348 -0.108439 -0.302201 -0.314384 -0.281253 -0.305116 -0.312723 -0.257372 -0.296031 0.140826 0.0934828 -0.0356866 0.0591061 -0.0156233 -0.0381861 -0.0637228
internal_weight=8095 1958 6137 812 1146 3283 1035 3237 2854 111 689 2301 564 248 167 114 575 533 349 296 81 190 150 1986 364 134 2167 519 408 329
internal_count=8095 1958 6137 812 1146 3283 1035 3237 2854 111 689 2301 564 248 167 114 575 533 349 296 81 190 150 1986 364 134 2167 519 408 329
is_linear=0
shrinkage=0.03


Tree=19
num_leaves=31
num_cat=0
split_feature=1 33 30 6 21 34 33 33 20 34 27 31 62 63 26 21 52 32 9 15 53 7 30 64 48 66 73 30 28 26
split_gain=147755 31692 13461.5 7614.01 6039.19 4287.36 3937.84 3428.38 3100.46 1919.13 1353.81 3252.35 1468.27 1293.98 1241.49 1228.61 1187.08 1148.21 1133.2 1122.76 1478.42 1264.21 1309.65 1208.23 1124.29 1038.67 1033.59 1452.18 1178.27 1022.77
threshold=1.5000000000000002 7.2083332538604745 33.562500000000007 0.31500000000000006 0.69000000000000006 26.714545249938968 11.125000000000002 0.94444444775581371 1.0000000180025095e-35 35.265724182128913 29.373226165771488 17.911192893981937 0.043501539300759791 -0.11518454873087873 23.500000000000004 0.41500000000000009 42.174242424242429 29.01345252990723 0.91861979034361319 -0.16882746108098215 0.57446983241683569 0.98583333333333345 15.562500000000002 1.0000000180025095e-35 38.500000000000007 70.500000000000014 1388.4000000000003 29.752307891845707 35.833333969116218 56.500000000000007
decision_type=8 10 8 10 2 10 8 8 2 8 10 10 10 8 2 2 8 10 8 8 10 10 10 2 8 8 2 10 10 2
left_child=2 4 5 8 7 6 -1 -2 10 -4 11 12 -3 -9 -11 26 17 -7 -19 20 -15 22 23 -21 -25 -18 27 29 -29 -5
right_child=1 3 9 15 -6 16 -8 13 -10 14 -12 -13 -14 19 -16 -17 25 18 -20 21 -22 -23 -24 24 -26 -27 -28 28 -30 -31
leaf_value=-0.30929628014564509 -0.4388557992214468 -0.23614264449582914 0.091275047102334819 -0.046125705280033361 -0.032815987985385091 0.0091526670463261059 -0.011768873682589418 -0.2111970156463592 0.025877668814733624 0.080747251004542941 -0.38281820207834244 -0.050673451112075281 -0.46173816418647762 -0.35581640016200933 0.15161301530159005 0.062677953325280367 0.20499741439819336 0.13103575052737312 0.048481476001873615 -0.3720288477889423 -0.1084623818505894 -0.19357354351878167 -0.41465532011782641 -0.17916225988653642 -0.35224774936498215 0.074520890899417103 -0.1688697196307935 0.1116352938442083 -0.084390471864491695 -0.20351586009502751
leaf_weight=42 284 74 1277 239 57 610 856 92 40 265 60 66 40 43 1387 109 75 170 1250 174 44 45 223 79 59 205 57 89 40 44
leaf_count=42 284 74 1277 239 57 610 856 92 40 265 60 66 40 43 1387 109 75 170 1250 174 44 45 223 79 59 205 57 89 40 44
internal_value=1.19726e-10 -0.226911 0.0723956 -0.0902506 -0.333506 0.0299402 -0.0256844 -0.349939 -0.218652 0.118895 -0.259407 -0.21827 -0.315299 -0.316668 0.140245 -0.0280493 0.0515639 0.0435769 0.0583647 -0.331216 -0.230718 -0.34629 -0.359136 -0.319453 -0.253163 0.10947 -0.0491352 -0.0325699 0.0508521 -0.0705963
internal_weight=8095 1958 6137 858 1100 3208 898 1043 280 2929 240 180 114 759 1652 578 2310 2030 1420 667 87 580 535 312 138 280 469 412 129 283
internal_count=8095 1958 6137 858 1100 3208 898 1043 280 2929 240 180 114 759 1652 578 2310 2030 1420 667 87 580 535 312 138 280 469 412 129 283
is_linear=0
shrinkage=0.03


Tree=20
num_leaves=31
num_cat=0
split_feature=1 33 34 6 21 31 28 20 33 30 27 31 62 1 15 12 47 21 27 46 66 45 14 52 43 66 10 6 66 26
split_gain=139022 29819 12728.2 7164.02 5682.27 3635.23 3250.94 2917.23 2595.45 1591.42 1273.8 3060.14 1381.49 1246.68 2113.31 1220.04 1174.74 1156 1121.13 1093.36 1045.02 1003.23 1242.61 993.076 1022.7 1291.64 1186.44 2132.04 1130.38 984.076
threshold=1.5000000000000002 7.2083332538604745 32.438375473022468 0.31500000000000006 0.69000000000000006 12.436080932617189 1.1666666865348818 1.0000000180025095e-35 35.639610290527351 31.645833015441898 29.373226165771488 17.911192893981937 0.043501539300759791 2.5000000000000004 0.010091516670463986 0.82195923774354751 36.441558441558449 0.41500000000000009 34.500000000000007 44.912315052533536 51.500000000000007 31.450000000000003 -0.14999999999999994 29.408333333333335 35.500000000000007 55.500000000000007 0.069366479550922219 0.03500000000000001 52.500000000000007 109.50000000000001
decision_type=8 10 8 10 2 10 8 2 8 10 10 10 10 8 8 10 8 2 8 10 8 10 10 10 10 8 10 10 8 2
left_child=2 4 5 7 6 -1 -2 10 21 16 11 12 -3 18 -15 -10 20 29 23 -17 -7 22 -4 -8 25 -25 27 -27 -26 -5
right_child=1 3 8 17 -6 9 13 -9 15 -11 -12 -13 -14 14 -16 19 -18 -19 -20 -21 -22 -23 -24 24 28 26 -28 -29 -30 -31
leaf_value=-0.20376325024025779 -0.4258169868290424 -0.22905836535466684 0.15447636774608067 -0.061467452701279547 -0.031831507008326682 -0.044075000458323056 -0.45271701678633686 0.025101337647065521 0.14643623925674737 0.061825881436191228 -0.37133365565538401 -0.049153245335275472 -0.44788602089881896 -0.039373515020124615 -0.31996128784828493 0.082812291429472676 0.057392461327573904 0.060797615054174574 -0.22106883860258167 0.2083743321469852 0.014052184940929607 0.090195331561145287 -0.0029097083370828833 -0.37660168096769686 -0.24897082265270384 -0.323625743240118 -0.32706534023086226 -0.044565060968909942 -0.40075569517378296 0.089117993875298382
leaf_weight=63 285 74 56 426 57 378 60 40 1369 810 60 66 40 40 61 576 391 109 86 70 1056 1135 233 86 57 44 72 56 196 43
leaf_count=63 285 74 56 426 57 378 60 40 1369 810 60 66 40 40 61 576 391 109 86 70 1056 1135 233 86 57 44 72 56 196 43
internal_value=3.09539e-10 -0.220104 0.0702237 -0.0875431 -0.323501 0.0214459 -0.33944 -0.212092 0.108491 0.0268304 -0.251625 -0.211722 -0.30584 -0.306964 -0.208837 0.130401 0.0112982 -0.0272078 -0.322049 0.0964181 -0.00127004 0.0774891 0.0275872 -0.337258 -0.323701 -0.281673 -0.234209 -0.167352 -0.366559 -0.0476611
internal_weight=8095 1958 6137 858 1100 2698 1043 280 3439 2635 240 180 114 758 101 2015 1825 578 657 646 1434 1424 289 571 511 258 172 100 253 469
internal_count=8095 1958 6137 858 1100 2698 1043 280 3439 2635 240 180 114 758 101 2015 1825 578 657 646 1434 1424 289 571 511 258 172 100 253 469
is_linear=0
shrinkage=0.03


Tree=21
num_leaves=31
num_cat=0
split_feature=1 33 34 6 20 21 33 28 34 49 30 45 66 11 34 60 57 26 54 26 29 54 57 34 11 30 49 74 64 48
split_gain=130806 28134.3 12022 9104.01 4499.1 3824.39 3692.78 2541.27 2245.96 2134.07 1928.89 1840.4 1498.83 1493.43 1368.39 1473.29 1329.72 1155.7 1077.87 1026.78 1418.47 1093.4 1384.15 1024.09 990.467 1060.43 1292.35 1366.23 970.705 1057.83
threshold=1.5000000000000002 2.8999999761581425 33.685289382934577 0.31500000000000006 1.0000000180025095e-35 0.69000000000000006 10.083333492279055 12.416666507720949 26.714545249938968 44.166666666666679 37.562500000000007 33.45000000000001 47.500000000000007 0.19998742659301585 29.517886161804203 66.083333333333357 39.416666666666679 128.50000000000003 0.61725319986143223 45.500000000000007 16.266667366027836 0.57450592911902276 37.833333333333336 30.143222808837894 0.59528699334444257 34.549999237060554 44.500000000000007 170.30000000000004 1.0000000180025095e-35 38.500000000000007
decision_type=8 10 8 10 2 2 8 8 10 10 8 10 8 10 10 10 10 2 10 2 10 10 10 10 8 10 8 2 2 8
left_child=2 5 6 4 9 7 -1 28 -8 11 -4 13 -9 -3 18 -16 -13 24 19 20 -5 22 -22 -19 -10 -26 27 -27 -2 -30
right_child=1 3 10 14 -6 -7 8 12 17 -11 -12 16 -14 -15 15 -17 -18 23 -20 -21 21 -23 -24 -25 25 26 -28 -29 29 -31
leaf_value=-0.23793631736351095 -0.41771467618621927 -0.27304083312614053 0.093605285488678427 -0.16409357270056549 0.039729199319013524 -0.058650483739647 -0.0068963796137224724 -0.1098538474291563 0.20166568289324641 -0.09456531871448863 0.14427134990286111 -0.39152266579110229 -0.30477034665665531 -0.056517501791318259 -0.0070965938696122546 0.18943217567035131 -0.19806770818574088 0.065517909351103701 0.052770811127404033 -0.22698434057759076 0.095510406525043598 -0.14442157294849553 -0.1105675188536671 -0.10409669390155209 0.040917117849305899 0.18238243462742065 -0.01984654468173782 0.059550111427358006 -0.27378000897796528 -0.41011906658449482
leaf_weight=46 334 79 1753 88 56 44 920 40 40 66 1101 134 316 45 188 42 42 53 59 41 88 45 44 81 1745 162 72 164 114 93
leaf_count=46 334 79 1753 88 56 44 920 40 40 66 1101 134 316 45 188 42 42 53 59 41 88 45 44 81 1745 162 72 164 114 93
internal_value=-1.66741e-10 -0.2135 0.068117 -0.104113 -0.210694 -0.331723 0.0289677 -0.345117 0.0327606 -0.24901 0.113151 -0.282988 -0.28287 -0.194464 -0.0285213 0.0287913 -0.345357 0.0485071 -0.064636 -0.0872733 -0.0656576 -0.0167177 0.0268178 -0.0370103 0.0537564 0.0509956 0.095184 0.120589 -0.386079 -0.335034
internal_weight=8095 1958 6137 1017 422 941 3283 897 3237 366 2854 300 356 124 595 230 176 2317 365 306 265 177 132 134 2183 2143 398 326 541 207
internal_count=8095 1958 6137 1017 422 941 3283 897 3237 366 2854 300 356 124 595 230 176 2317 365 306 265 177 132 134 2183 2143 398 326 541 207
is_linear=0
shrinkage=0.03


Tree=22
num_leaves=31
num_cat=0
split_feature=1 33 30 6 20 34 21 27 31 49 66 44 66 34 34 60 9 9 8 17 38 63 7 64 48 10 54 26 29 33
split_gain=123076 26471.5 11367.4 8565.96 4233.21 3657.73 3598.37 3579.14 2408.54 2007.94 1817.87 1755.06 1957.4 1670.66 1287.51 1386.22 1165.92 1180.54 1208.53 1156.16 1151.66 1113.42 1072.78 1056.94 1485.43 1259.9 1014.17 966.1 1334.64 1071.72
threshold=1.5000000000000002 2.8999999761581425 33.562500000000007 0.31500000000000006 1.0000000180025095e-35 26.714545249938968 0.69000000000000006 3.5000000000000004 9.6287574768066424 44.166666666666679 47.500000000000007 32.416666666666679 73.500000000000014 35.632690429687507 29.517886161804203 66.083333333333357 0.99999423557308031 0.91629259851538236 0.77550000000000019 36.500000000000007 21.145833015441898 0.15538376532337414 0.92500000000000016 1.0000000180025095e-35 38.500000000000007 0.069366479550922219 0.61725319986143223 45.500000000000007 16.266667366027836 29.158603668212894
decision_type=8 10 8 10 2 10 2 10 8 10 8 10 8 8 10 8 10 8 10 2 8 8 8 2 8 10 10 2 10 10
left_child=2 6 5 4 9 7 8 -1 23 11 -10 12 -3 19 26 -16 17 18 -7 22 -9 -13 -4 -2 25 -25 27 28 -5 -30
right_child=1 3 13 14 -6 16 -8 20 10 -11 -12 21 -14 -15 15 -17 -18 -19 -20 -21 -22 -23 -24 24 -26 -27 -28 -29 29 -31
leaf_value=-0.29814198494684402 -0.41098614785985288 -0.27595218553937773 -0.067157613036307406 -0.15917076728899371 0.038537318839558535 -0.00057306718347328053 -0.056890968605875968 -0.16636632905864135 -0.08581686531007289 -0.091728355342691595 -0.29972551546791892 -0.23793503867728369 -0.019533740388495584 0.13093292436254939 -0.0068836970646132499 0.18374920961047919 0.13848573026893965 0.030776189263377964 0.11288748896870285 0.11457901994462551 -0.0034227793962996011 -0.38994009237540395 0.070365503472492152 -0.17685403506233266 -0.41540988942210594 -0.38308446526527401 0.051187687233342966 -0.22017480871299416 0.028813826469487921 -0.13723414261534342
leaf_weight=41 316 74 55 88 56 112 44 41 40 66 337 70 42 1499 188 42 119 1735 344 664 816 114 711 73 89 42 59 41 129 48
leaf_count=41 316 74 55 88 56 112 44 41 40 66 337 70 42 1499 188 42 119 1735 344 664 816 114 711 73 89 42 59 41 129 48
internal_value=2.48492e-10 -0.207095 0.0660735 -0.10099 -0.204373 0.0270598 -0.321771 -0.0243183 -0.334764 -0.24154 -0.27703 -0.274498 -0.183111 0.108803 -0.0276656 0.0279275 0.0470327 0.0420656 0.08502 0.0856061 -0.0112182 -0.332112 0.0604911 -0.376621 -0.323389 -0.252173 -0.0626969 -0.0846551 -0.0636879 -0.0162161
internal_weight=8095 1958 6137 1017 422 3208 941 898 897 366 377 300 116 2929 595 230 2310 2191 456 1430 857 184 766 520 204 115 365 306 265 177
internal_count=8095 1958 6137 1017 422 3208 941 898 897 366 377 300 116 2929 595 230 2310 2191 456 1430 857 184 766 520 204 115 365 306 265 177
is_linear=0
shrinkage=0.03


Tree=23
num_leaves=31
num_cat=0
split_feature=1 33 34 6 20 21 31 31 32 49 45 66 11 30 57 34 60 52 64 48 10 45 53 35 31 26 56 9 6 63
split_gain=115802 24907.1 10765 8059.72 3983.02 3385.7 3083.9 2266.2 2245.87 1891.3 1752.09 1710.43 1398.86 1377.31 1335.69 1211.42 1304.3 1082.9 994.475 1397.64 1185.44 990.93 1054.33 982.881 1644.94 966.27 1102.33 967.299 937.676 945.638
threshold=1.5000000000000002 2.8999999761581425 32.438375473022468 0.31500000000000006 1.0000000180025095e-35 0.69000000000000006 12.436080932617189 9.6287574768066424 35.348211288452156 43.833333333333336 33.45000000000001 47.500000000000007 0.19998742659301585 31.645833015441898 39.416666666666679 29.517886161804203 66.083333333333357 39.031250000000007 1.0000000180025095e-35 38.500000000000007 0.069366479550922219 40.100000000000009 0.52221817510864177 24.500000000000004 17.911192893981937 39.500000000000007 34.166666666666679 0.69479830310420188 0.70500000000000007 -0.047062638525174165
decision_type=8 10 8 10 2 2 10 8 8 10 10 8 10 10 10 8 10 8 2 8 10 10 10 8 10 2 10 10 8 8
left_child=2 5 6 4 9 7 -1 18 21 10 12 -9 -3 17 -12 23 -17 -8 -2 20 -20 22 -4 -5 -25 26 -26 -28 -19 -30
right_child=1 3 8 15 -6 -7 13 11 -10 -11 14 -13 -14 -15 -16 16 -18 28 19 -21 -22 -23 -24 24 25 -27 27 -29 29 -31
leaf_value=-0.18819681328322205 -0.39865656575588865 -0.2579413873070403 0.045819570186886018 0.052444983962280999 0.037381204372005802 -0.055184238695285534 -0.0020096883535353017 -0.083242356643080703 0.12138721697044073 -0.095284495101848124 -0.37785056304446485 -0.29073375162566273 -0.048385872662067411 0.056748344621379614 -0.18306693128177096 -0.0066771859548827436 0.17823673063024345 -0.082101598732173431 -0.17154841520606653 -0.40294759348704573 -0.37159193652016775 -0.050087396900512664 0.0973582756698496 -0.20999061495065688 0.12039355473858969 -0.17134088797156108 -0.15367856311798095 0.0041091657755896452 -0.02649366137598242 0.097481383332947508
leaf_weight=63 316 79 584 58 56 44 1450 40 1878 71 129 337 45 810 42 188 42 40 73 89 42 57 920 70 42 44 55 96 70 265
leaf_count=63 316 79 584 58 56 44 1450 40 1878 71 129 337 45 810 42 188 42 40 73 89 42 57 920 70 42 44 55 96 70 265
internal_value=-1.38948e-10 -0.200883 0.0640913 -0.09796 -0.198242 -0.312118 0.0192326 -0.324721 0.0992842 -0.234294 -0.26775 -0.268719 -0.181893 0.0241921 -0.330009 -0.0268357 0.0270897 0.00974241 -0.365323 -0.313687 -0.244608 0.0726927 0.0773459 -0.060816 -0.0822139 -0.0444739 -0.0155508 -0.0533632 0.0551839 0.0715762
internal_weight=8095 1958 6137 1017 422 941 2698 897 3439 366 295 377 124 2635 171 595 230 1825 520 204 115 1561 1504 365 307 237 193 151 375 335
internal_count=8095 1958 6137 1017 422 941 2698 897 3439 366 295 377 124 2635 171 595 230 1825 520 204 115 1561 1504 365 307 237 193 151 375 335
is_linear=0
shrinkage=0.03


Tree=24
num_leaves=31
num_cat=0
split_feature=1 33 34 6 20 33 21 28 29 49 30 44 66 66 34 60 63 9 63 9 30 34 30 17 58 54 66 22 66 67
split_gain=108958 23435.1 10186.8 7583.39 3747.63 3211.83 3185.61 2144.67 1929.53 1782.39 1683.56 1603.15 1830.18 1247.57 1139.83 1227.21 1045.43 1004.84 1003.17 1087.09 1132.68 1022.9 989.048 967.536 1040.53 943.011 932.398 1373.03 929.123 915.674
threshold=1.5000000000000002 2.8999999761581425 33.685289382934577 0.31500000000000006 1.0000000180025095e-35 10.083333492279055 0.69000000000000006 12.416666507720949 29.209040641784672 44.166666666666679 37.562500000000007 32.416666666666679 73.500000000000014 47.500000000000007 29.517886161804203 66.083333333333357 0.15538376532337414 0.97409765728903397 -0.1428064895585662 0.89126657521719277 32.062500000000007 26.302968978881839 28.437500000000004 1.5000000000000002 1.8333333333333337 0.61725319986143223 52.500000000000007 23.500000000000004 54.500000000000007 13.500000000000002
decision_type=8 10 8 10 2 8 2 8 10 10 10 10 8 8 8 10 8 10 8 8 10 10 10 2 10 10 10 2 8 8
left_child=2 6 5 4 9 -1 7 23 -7 11 -4 12 -3 -9 25 26 -13 -12 -10 29 21 28 -23 24 -2 -5 27 -16 -21 -20
right_child=1 3 10 14 -6 8 -8 13 18 -11 17 16 -14 -15 15 -17 -18 -19 19 20 -22 22 -24 -25 -26 -27 -28 -29 -30 -31
leaf_value=-0.22278594981555055 -0.40109003010003463 -0.26074777889090617 0.085591309326937634 -0.080165317799969035 0.036259765247149127 0.0013591140436578272 -0.053528706795451311 -0.099945323377847672 -0.040668486058015686 -0.086117972352287991 0.18052395899598916 -0.22212484336750846 -0.012801908212048666 -0.27777570495190379 -0.2005598280422855 0.17288963242300917 -0.36941563052958565 0.1154866181836109 0.18714203027322104 -0.16517255352934201 0.068707523360649281 0.14444785481866668 0.022797268601357865 -0.37620028052645826 -0.22665422843348595 0.050825045134051373 0.081261991262435912 0.015160305561804317 -0.0015247544383301453 0.025250119104030286
leaf_weight=46 46 74 1770 306 56 1298 44 40 107 66 293 70 42 316 40 42 114 791 95 45 954 68 521 402 93 59 69 79 102 47
leaf_count=46 46 74 1770 306 56 1298 44 40 107 66 293 70 42 316 40 42 114 791 95 45 954 68 521 402 93 59 69 79 102 47
internal_value=-1.30091e-10 -0.194856 0.0621685 -0.0950212 -0.192295 0.026131 -0.302754 -0.314979 0.0296683 -0.227265 0.103623 -0.258317 -0.170974 -0.257795 -0.0260306 0.026277 -0.313381 0.133066 0.048619 0.0538339 0.0471352 0.0191733 0.0368418 -0.352609 -0.284381 -0.0589915 -0.00647687 -0.0573507 -0.051621 0.133558
internal_weight=8095 1958 6137 1017 422 3283 941 897 3237 366 2854 300 116 356 595 230 184 1084 1939 1832 1690 736 589 541 139 365 188 119 147 142
internal_count=8095 1958 6137 1017 422 3283 941 897 3237 366 2854 300 116 356 595 230 184 1084 1939 1832 1690 736 589 541 139 365 188 119 147 142
is_linear=0
shrinkage=0.03


Tree=25
num_leaves=31
num_cat=0
split_feature=1 33 30 33 6 20 28 34 34 22 24 63 53 26 43 15 42 63 48 15 62 62 43 60 33 62 34 57 43 59
split_gain=102629 20425.3 11272.1 4740.48 4446.65 4368.25 2509.47 2391.7 2211.48 1521.92 1851.4 1387.16 1338.45 1293.7 1184.03 1397.4 1125.14 1114.16 1455.6 1231.59 1200.98 1191.15 1089.06 1073.89 1061.67 1036.77 956.686 955.65 1028.16 953.428
threshold=1.5000000000000002 9.0769228935241717 32.062500000000007 5.0454545021057138 0.20500000000000004 1.0000000180025095e-35 2.1666666269302373 35.265724182128913 26.302968978881839 10.500000000000002 1.0000000180025095e-35 -0.13550773213239631 0.6387817485066063 23.500000000000004 28.500000000000004 0.026328392821133268 18.033333778381351 -0.10842760538054254 28.500000000000004 -0.72680337074258239 -0.021480200668686663 0.019847081428840677 36.500000000000007 61.583333333333343 0.32051283121109014 0.10088404205285507 40.983606338500984 39.166666666666679 32.500000000000007 4.5833333333333348
decision_type=10 10 10 8 10 2 8 10 8 2 2 8 10 2 10 10 8 10 10 10 10 10 10 10 10 10 10 10 10 10
left_child=2 5 3 -1 9 6 -2 11 12 10 -3 -4 16 29 15 -6 -5 18 -8 22 -21 -19 23 -20 -7 27 -15 28 -16 -9
right_child=1 4 7 8 14 24 17 13 -10 -11 -12 -13 -14 26 25 -17 -18 21 19 20 -22 -23 -24 -25 -26 -27 -28 -29 -30 -31
leaf_value=-0.30992538933346914 -0.36551509141057198 -0.020384633326139604 -0.03670319852845691 -0.1660638771764934 -0.036530756913125517 -0.18356236207981905 -0.35375784690941081 0.13416975687909871 0.034675850247924335 -0.3245037465253845 -0.24294394902586935 0.074513213565632272 -0.17346377186915451 0.12031676164044715 0.14658632670269636 -0.25266788615823482 -0.0065288869718163707 -0.26672020705468064 -0.073386364459991457 -0.29459784054174654 -0.10711268172758381 -0.42530790342603408 -0.33228988962353395 -0.26119404539465901 0.022512498050928115 -0.12564188582412267 0.20730880192210596 -0.073309864041305364 0.0069665340421216507 0.013536767424411025
leaf_weight=41 336 61 107 42 72 45 85 90 1729 60 75 1780 51 1380 61 43 755 109 40 41 123 70 106 87 45 59 124 93 214 171
leaf_count=41 336 61 107 42 72 45 85 90 1729 60 75 1780 51 1380 61 43 755 109 40 41 123 70 106 87 45 59 124 93 214 171
internal_value=-1.76284e-11 -0.197993 0.0576295 0.0101211 -0.076189 -0.280689 -0.298758 0.0916867 0.015213 -0.198645 -0.14312 0.0682068 -0.0244701 0.11679 -0.0319059 -0.117347 -0.014936 -0.264824 -0.241089 -0.216966 -0.153984 -0.328738 -0.261296 -0.202042 -0.0805249 -0.00889481 0.127489 0.00982279 0.0379367 0.0551343
internal_weight=8095 1825 6270 2618 738 1087 997 3652 2577 196 136 1887 848 1765 542 115 797 661 482 397 164 179 233 127 90 427 1504 368 275 261
internal_count=8095 1825 6270 2618 738 1087 997 3652 2577 196 136 1887 848 1765 542 115 797 661 482 397 164 179 233 127 90 427 1504 368 275 261
is_linear=0
shrinkage=0.03


Tree=26
num_leaves=31
num_cat=0
split_feature=1 33 30 33 20 6 20 28 34 34 61 50 15 15 53 9 31 53 22 26 26 63 42 57 63 48 15 62 62 55
split_gain=96563.2 19218.2 10615.7 4525.71 4202.58 4424.66 4110.09 2361.16 2251.84 2090.87 1499.86 2007.45 1431.78 1429.04 1886.35 1293.17 1492.97 1265.05 1177.01 1596.28 1147.07 1129.97 1061.96 1059.41 1048.32 1369.57 1158.81 1130 1120.76 1067.56
threshold=1.5000000000000002 9.0769228935241717 32.437500000000007 5.0454545021057138 1.0000000180025095e-35 0.20500000000000004 1.0000000180025095e-35 2.1666666269302373 26.302968978881839 35.265724182128913 38.708333333333343 37.900000000000006 -0.30919820466090187 0.055979137106847439 0.59279465791076225 0.47979295037818365 26.98297214508057 0.6387817485066063 22.500000000000004 8.5000000000000018 23.500000000000004 -0.13550773213239631 18.033333778381351 35.500000000000007 -0.10842760538054254 28.500000000000004 -0.72680337074258239 -0.021480200668686663 0.019847081428840677 0.52263879127941448
decision_type=10 10 10 8 2 10 2 8 8 10 10 10 8 10 10 8 10 10 2 2 2 8 8 10 10 10 10 10 10 10
left_child=2 6 3 -1 5 15 7 -2 17 21 11 -6 -7 18 -15 -3 -17 22 19 -14 -11 -4 -5 -21 25 -9 29 -28 -26 -27
right_child=1 4 9 8 10 12 -8 24 -10 20 -12 -13 13 14 -16 16 -18 -19 -20 23 -22 -23 -24 -25 28 26 27 -29 -30 -31
leaf_value=-0.30062762740181714 -0.35454964255381904 -0.38862169257232121 -0.035410353408737494 -0.16108196015868867 0.014682965314475027 -0.21251295831054448 -0.078109181836247446 -0.34314511192370861 0.035254472214654484 0.055574294529681982 -0.060233650166694436 0.26771597525347834 0.073506627649068831 -0.24086034372701481 0.013887131952858985 -0.079073501115495506 -0.2872931573330097 -0.16825985785792857 0.098957354320755489 -0.23831532048016058 0.12409248267863661 0.073184988605628679 -0.0061499175164567701 -0.026360373337837781 -0.25871860019110759 -0.14191392935298638 -0.28575990653619532 -0.10389929935699556 -0.41254866467203416 -0.29042625700235369
leaf_weight=41 336 42 91 42 73 48 90 85 1885 258 73 46 60 59 47 55 71 51 79 41 1489 1647 766 44 109 58 41 123 70 175
leaf_count=41 336 42 91 42 73 48 90 85 1885 258 73 46 60 59 47 55 71 51 79 41 1489 1647 766 44 109 58 41 123 70 175
internal_value=9.13113e-11 -0.192053 0.0559006 0.0122339 -0.0739034 -0.116356 -0.272269 -0.289796 0.0169086 0.0907963 0.0468215 0.112494 -0.0594218 -0.037154 -0.127906 -0.244458 -0.196404 -0.0233499 0.00579127 -0.0449682 0.113974 0.067499 -0.0142033 -0.128597 -0.25688 -0.233856 -0.210457 -0.149364 -0.318876 -0.253458
internal_weight=8095 1825 6270 2785 738 546 1087 997 2744 3485 192 119 378 330 106 168 126 859 224 145 1747 1738 808 85 661 482 397 164 179 233
internal_count=8095 1825 6270 2785 738 546 1087 997 2744 3485 192 119 378 330 106 168 126 859 224 145 1747 1738 808 85 661 482 397 164 179 233
is_linear=0
shrinkage=0.03


Tree=27
num_leaves=31
num_cat=0
split_feature=1 33 34 6 20 21 31 28 49 29 45 30 11 43 56 66 26 22 22 12 15 30 60 66 31 47 61 42 63 9
split_gain=90897.5 19749.8 8629.59 6311.23 3234.12 2710.44 2701.57 1823.45 1643.61 1606.66 1566.57 1482.53 1292.74 1244.91 1735.87 1149.61 1049.39 1828.42 1627.52 1967.51 1431.22 969.032 1074.69 1300.15 1245.49 926.258 1011.97 920.694 891.103 1086.21
threshold=1.5000000000000002 2.8999999761581425 33.685289382934577 0.31500000000000006 1.0000000180025095e-35 0.69000000000000006 12.436080932617189 12.416666507720949 43.833333333333336 29.209040641784672 33.45000000000001 37.562500000000007 0.19998742659301585 33.500000000000007 38.833333333333336 47.500000000000007 100.50000000000001 56.500000000000007 25.500000000000004 0.64776194292759393 0.28852586119444085 12.562500000000002 66.208333333333357 62.500000000000007 32.072299957275398 35.806250000000006 36.708333333333343 19.062500000000004 -0.035187929606419303 0.89507319609808444
decision_type=8 10 8 10 2 2 10 8 10 10 10 8 10 10 10 8 2 2 2 10 10 10 10 10 10 8 10 8 8 8
left_child=2 5 6 4 8 7 -1 -2 10 27 12 -4 -3 -12 -15 -9 17 18 20 -20 21 -5 23 24 25 26 -23 -8 -11 -30
right_child=1 3 11 16 -6 -7 9 15 -10 28 13 -13 -14 14 -16 -17 -18 -19 19 -21 -22 22 -24 -25 -26 -27 -28 -29 29 -31
leaf_value=-0.17094499470222563 -0.32300130035321944 -0.23066343559117258 0.077801838561239567 -0.16141536006331442 0.037253191669005897 -0.047139483548023484 -0.14033046538755298 -0.084050310507416723 -0.077964985358043457 -0.010265462160086595 -0.42006293648710619 0.12222046592293119 -0.029213244517644246 -0.33667729953924813 -0.10228767300222782 -0.25475564398071904 0.10401898430484645 -0.22355107497337251 0.23154138540768104 -0.023260220109081981 -0.17855970430187881 0.013012262318494184 0.12100947336238974 0.10781941974535585 -0.211000559077199 0.091194862820381334 -0.18043990403413773 0.0059017400963226286 0.13222483679652214 0.045006417647268183
leaf_weight=63 541 79 1753 40 56 44 40 40 71 234 52 1101 45 72 47 316 53 43 46 67 64 53 51 48 42 43 45 1240 140 1566
leaf_count=63 541 79 1753 40 56 44 40 40 71 234 52 1101 45 72 47 316 53 43 46 67 64 53 51 48 42 43 45 1240 140 1566
internal_value=-2.29424e-11 -0.177976 0.0567828 -0.086326 -0.175066 -0.277027 0.023614 -0.288304 -0.207552 0.0274206 -0.238741 0.0949374 -0.157557 -0.297611 -0.244103 -0.235575 -0.0233876 -0.0358462 -0.0196712 0.0804643 -0.0489855 -0.0232316 -0.00363112 -0.0311492 -0.0675999 -0.0248849 -0.0758178 0.00133198 0.0446337 0.0521638
internal_weight=8095 1958 6137 1017 422 941 3283 897 366 3220 295 2854 124 171 119 356 595 542 499 113 386 322 282 231 183 141 98 1280 1940 1706
internal_count=8095 1958 6137 1017 422 941 3283 897 366 3220 295 2854 124 171 119 356 595 542 499 113 386 322 282 231 183 141 98 1280 1940 1706
is_linear=0
shrinkage=0.03


Tree=28
num_leaves=31
num_cat=0
split_feature=1 33 34 27 31 13 24 21 33 32 37 71 51 51 20 15 14 43 12 11 17 15 45 41 50 61 7 46 45 56
split_gain=85607.6 17108.7 9539.4 6403.68 3903.64 3077.98 3028.64 2234.63 1830.62 1631.93 1448.61 1354.92 1241.35 1212.89 1162.62 1300.78 1430.19 1531.85 1153.2 1129.21 1064.53 1222.84 1116.57 1031.91 1017.83 1497.61 978.609 974.221 926.534 908.293
threshold=1.5000000000000002 2.8999999761581425 32.438375473022468 9.5000000000000018 13.099408626556398 -1.0000000180025095e-35 1.0000000180025095e-35 0.51500000000000012 35.639610290527351 1.9030023217201235 33.774999618530281 7.5000000000000009 40.847044099233791 37.175641008153413 1.0000000180025095e-35 -0.30919820466090187 -0.13499999999999995 29.500000000000004 0.82195923774354751 0.19998742659301585 5.5000000000000009 0.049061037172724649 35.900000000000006 33.759614944458015 38.100000000000009 39.916666666666679 0.65166666666666684 44.912315052533536 28.900000000000002 46.166666666666679
decision_type=10 10 10 10 8 8 2 2 8 8 8 2 10 10 2 8 10 10 10 10 2 8 10 8 10 10 10 10 10 10
left_child=2 7 4 11 5 -1 14 9 29 -2 26 12 13 19 15 -5 -17 -18 -10 -3 22 -22 -19 -11 -16 -26 -6 -20 -28 -4
right_child=1 3 8 6 10 -7 -8 -9 18 23 -12 -13 -14 -15 24 16 17 20 27 -21 21 -23 -24 -25 25 -27 28 -29 -30 -31
leaf_value=0.022266174067811267 -0.35986232507937022 -0.24753055798262355 0.054476146515972899 -0.1968365897587005 -0.16632823844981748 -0.31983444574688158 -0.22295567717999218 -0.058660926379990284 0.12036405377619627 -0.33267883755831879 0.028285579739353143 -0.35442569348047365 -0.045089096069335935 -0.33897589445114135 -0.025633869358794168 0.075648250012250423 -0.17750179897013463 0.16145097800095876 0.05892785130713174 -0.046103292953136352 0.036914883365233735 -0.16528020674612984 -0.040050139310685073 -0.24182196668746225 0.2315811534511282 -0.018166673786938189 -0.11394187281577615 0.17742956088110803 0.0043447913757035496 0.15789276868863789
leaf_weight=41 202 60 1356 47 43 56 75 41 1359 145 2268 53 45 54 94 89 76 45 578 43 45 67 55 502 47 40 72 70 346 81
leaf_count=41 202 60 1356 47 43 56 75 41 1359 145 2268 53 45 54 94 89 76 45 578 43 45 67 55 502 47 40 72 70 346 81
internal_value=8.43109e-12 -0.18083 0.052634 -0.0912139 0.0117839 -0.175235 -0.0431359 -0.274978 0.0861539 -0.285424 0.0184313 -0.219422 -0.184 -0.223815 -0.0208442 -0.0480161 -0.0294629 -0.0619452 0.104661 -0.16344 -0.0205192 -0.0840411 0.0506254 -0.262184 0.042807 0.116755 -0.0300491 0.071729 -0.0160299 0.0603055
internal_weight=8095 1825 6270 935 2826 97 680 890 3444 849 2729 255 202 157 605 424 377 288 2007 103 212 112 100 647 181 87 461 648 418 1437
internal_count=8095 1825 6270 935 2826 97 680 890 3444 849 2729 255 202 157 605 424 377 288 2007 103 212 112 100 647 181 87 461 648 418 1437
is_linear=0
shrinkage=0.03


Tree=29
num_leaves=31
num_cat=0
split_feature=1 33 30 27 33 24 21 34 34 31 71 63 51 26 51 53 26 22 22 12 14 45 11 44 27 14 8 27 9 22
split_gain=80548.2 16097.6 9058 6025.22 3829.65 2849.64 2102.56 1908.91 1798.04 1538.04 1274.85 1205.14 1167.99 1143.22 1141.21 1135.88 1130.85 2946.23 1119.22 2294.17 1293.52 1933.07 1062.48 1009.29 1056.64 989.037 1052.17 959.632 955.505 949.382
threshold=1.5000000000000002 2.8999999761581425 32.062500000000007 9.5000000000000018 5.0454545021057138 1.0000000180025095e-35 0.51500000000000012 35.265724182128913 26.302968978881839 10.410391807556154 7.5000000000000009 -0.13550773213239631 40.847044099233791 23.500000000000004 37.175641008153413 0.6387817485066063 89.500000000000014 53.500000000000007 27.500000000000004 0.64776194292759393 -0.15999999999999992 39.900000000000006 0.19998742659301585 33.416666666666679 17.500000000000004 0.50500000000000012 0.90100000000000013 11.500000000000002 0.99998929204382681 11.500000000000002
decision_type=10 10 10 10 8 2 2 10 8 8 2 8 10 2 10 10 2 2 2 10 10 10 10 8 10 8 10 8 10 2
left_child=2 6 4 10 -1 16 9 11 15 -2 12 -4 14 -9 22 23 17 18 20 -20 -5 29 -3 24 -6 26 -25 -10 -29 -22
right_child=1 3 7 5 8 -7 -8 13 27 -11 -12 -13 -14 -15 -16 -17 -18 -19 19 -21 21 -23 -24 25 -26 -27 -28 28 -30 -31
leaf_value=-0.27919396148949133 -0.30970130624778114 -0.24010464209318158 -0.03717696953599698 0.041802402647650415 -0.15720581153471921 -0.216267006701231 -0.056901096596535881 0.046052857028513118 0.15879317707272575 -0.22721338373052297 -0.34379292132719508 0.066486224531159432 -0.043736423254013064 0.11406922584807035 -0.32880661778979831 -0.15999453351778142 0.10226539975184885 -0.28177568878233433 0.24623999249167378 -0.067411967571391604 -0.060251356519111607 0.10966499485572179 -0.0447201983180157 0.13236229022151058 -0.021949454029453194 -0.092449315841807864 -0.0072326201411045113 0.021467759704757516 0.12470021535565748 -0.18515379846096039
leaf_weight=41 511 60 107 136 58 75 41 261 51 338 53 1780 45 1504 54 51 61 40 41 43 154 45 43 103 501 43 92 1593 85 85
leaf_count=41 511 60 107 136 58 75 41 261 51 338 53 1780 45 1504 54 51 61 40 41 43 154 45 43 103 501 43 92 1593 85 85
internal_value=8.02239e-11 -0.175405 0.051055 -0.0884775 0.00846731 -0.0418419 -0.266729 0.0815847 0.013044 -0.276862 -0.212839 0.0606081 -0.17848 0.104011 -0.217101 -0.0227379 -0.0202189 -0.0339534 -0.0142849 0.0856801 -0.0342779 -0.0707108 -0.158536 -0.0139549 -0.0359832 0.037784 0.0665021 0.0305935 0.0266971 -0.104673
internal_weight=8095 1825 6270 935 2618 680 890 3652 2577 849 255 1887 202 1765 157 848 605 544 504 84 420 284 103 797 559 238 195 1729 1678 239
internal_count=8095 1825 6270 935 2618 680 890 3652 2577 849 255 1887 202 1765 157 848 605 544 504 84 420 284 103 797 559 238 195 1729 1678 239
is_linear=0
shrinkage=0.03


Tree=30
num_leaves=31
num_cat=0
split_feature=1 33 30 27 33 24 34 1 21 27 34 17 71 33 51 10 73 26 22 51 28 10 60 11 12 14 50 62 66 34
split_gain=75787.8 15146.2 8548.28 5669.13 3307.89 2681.23 2450.28 2132.66 1978.3 1497.03 1210.56 1226.24 1199.51 1197.28 1098.96 1096.93 1096.19 1523.46 2693.44 1073.77 1004.62 1510.68 1128.33 999.686 994.948 980.792 1237.57 1182.43 1091.38 1087.63
threshold=1.5000000000000002 2.8999999761581425 30.133928298950199 9.5000000000000018 5.0454545021057138 1.0000000180025095e-35 33.944805145263679 1.0000000180025095e-35 0.51500000000000012 0.026288514025509361 26.944272994995121 8.5000000000000018 7.5000000000000009 40.809089660644538 40.847044099233791 0.87564432989690733 1522.9000000000003 89.500000000000014 50.500000000000007 37.175641008153413 1.1666666865348818 0.069366479550922219 63.416666666666679 0.19998742659301585 0.82433103193972768 -0.15999999999999992 40.550000000000004 0.028026773227350369 40.500000000000007 25.859127044677738
decision_type=10 10 10 10 8 2 10 10 2 8 8 2 2 8 10 10 2 2 2 10 8 8 10 10 10 10 10 10 10 10
left_child=2 8 4 12 -1 16 -4 -6 9 -2 24 -12 14 15 19 -8 17 18 25 23 -11 22 -22 -3 -9 27 29 -5 -28 -27
right_child=1 3 6 5 7 -7 13 10 -10 20 11 -13 -14 -15 -16 -17 -18 -19 -20 -21 21 -23 -24 -25 -26 26 28 -29 -30 -31
leaf_value=-0.27081814405394761 -0.32430116313725438 -0.2329015038460493 0.045664495957140644 0.13494288786018593 -0.14979650919511914 -0.20977899762392044 0.08437588255676555 -0.0066845808949736645 -0.055194064027107345 -0.33194317221641539 0.077200371712578861 0.0063018752325747513 -0.33347913656594619 0.12822692877454683 -0.042424326062202457 -0.030405855875175733 -0.13404253213819284 0.1427449336115803 -0.25210627517529899 -0.31894241889317831 0.002726668460028512 -0.24754552352290177 -0.21717535529817852 -0.043378590719644408 -0.11079546555876732 -0.13322755037287695 -0.046515889730304474 -0.045608778922062998 0.17000175738199191 0.0008811239557606832
leaf_weight=41 287 60 1822 85 80 75 1906 682 41 90 337 630 53 600 45 78 67 56 42 54 42 388 42 43 94 113 40 53 44 105
leaf_count=41 287 60 1822 85 80 75 1906 682 41 90 337 630 53 600 45 78 67 56 42 54 42 388 42 43 94 113 40 53 44 105
internal_value=3.63935e-11 -0.170143 0.0495234 -0.0858231 -0.00433166 -0.0405866 0.0723072 0.00166173 -0.258727 -0.268556 0.00861334 0.03101 -0.206454 0.0910932 -0.173126 0.0798633 -0.0196123 -0.00536175 -0.0225692 -0.210588 -0.240088 -0.222573 -0.107224 -0.15378 -0.019296 -0.000658803 -0.0309363 0.0656006 0.0668981 -0.0686339
internal_weight=8095 1825 6270 935 1864 680 4406 1823 890 849 1743 967 255 2584 202 1984 605 538 482 157 562 472 84 103 776 440 302 138 84 218
internal_count=8095 1825 6270 935 1864 680 4406 1823 890 849 1743 967 255 2584 202 1984 605 538 482 157 562 472 84 103 776 440 302 138 84 218
is_linear=0
shrinkage=0.03


Tree=31
num_leaves=31
num_cat=0
split_feature=1 33 34 27 31 13 24 21 33 32 37 64 71 10 20 15 17 26 14 41 62 12 55 51 29 12 61 53 56 60
split_gain=71308.7 14251.1 8082.15 5334.09 3318.25 2768.02 2522.77 1862.32 1589.47 1426.47 1285.99 1135.01 1128.61 1087.39 1087.28 1247.64 1327.01 1545.56 1409.28 1204.85 1533.97 1072.78 1055.94 1034.01 1027.41 1118.79 1045.71 1021.81 1132.93 1016.24
threshold=1.5000000000000002 2.8999999761581425 32.438375473022468 9.5000000000000018 13.099408626556398 -1.0000000180025095e-35 1.0000000180025095e-35 0.37500000000000006 35.639610290527351 0.33333435654640203 36.633333206176765 1.0000000180025095e-35 7.5000000000000009 0.8734904699548961 1.0000000180025095e-35 -0.30919820466090187 1.5000000000000002 89.500000000000014 -0.13499999999999995 30.845238685607914 0.0034962772630208754 0.82195923774354751 0.50302288435310227 40.847044099233791 19.10000038146973 0.82249456565764845 36.083333333333343 0.59718847319023716 39.166666666666679 63.208333333333343
decision_type=10 10 10 10 8 8 2 2 8 8 8 2 2 8 2 8 2 2 10 8 10 10 8 10 8 8 8 10 10 8
left_child=2 7 4 12 5 -1 14 9 -4 -2 13 -11 23 -6 15 -5 -17 18 -18 -20 -21 -10 -12 -3 -24 27 -27 -26 -29 -13
right_child=1 3 8 6 10 -7 -8 -9 21 11 22 29 -14 -15 -16 16 17 -19 19 20 -22 -23 24 -25 25 26 -28 28 -30 -31
leaf_value=0.025302834016520802 -0.37227243288703582 -0.20427001467176303 0.054805457615915737 -0.1910493753121254 -0.0089693641551692061 -0.29911557457808935 -0.20348562692472477 -0.058363022585940914 0.11128193509077271 -0.27499405853357162 -0.00033206460428356283 -0.13203480970556453 -0.32347475755327149 -0.16470429252746491 0.042530255191933715 0.10622971304153141 0.071344871271867311 0.11873896457254886 -0.0076744286528461292 -0.2630837403704871 -0.073037385647551398 0.064373171942274043 -0.1011780795721071 -0.041151601269841194 0.10723471930589187 -0.03381645476511741 0.047323996004239151 -0.050847241176435576 0.11971985794211688 -0.24855319398223974
leaf_weight=41 92 157 1437 47 655 56 75 43 1359 480 727 118 53 43 181 57 48 42 74 67 89 648 42 45 396 197 521 91 57 157
leaf_count=41 92 157 1437 47 655 56 75 43 1359 480 727 118 53 43 181 57 48 42 74 67 89 648 42 45 396 197 521 91 57 157
internal_value=-6.14686e-13 -0.165039 0.0480377 -0.0832485 0.0104369 -0.16199 -0.039369 -0.250965 0.0788912 -0.260743 0.0165657 -0.247152 -0.20026 -0.0185633 -0.019024 -0.0453007 -0.0271304 -0.0508852 -0.0765118 -0.107369 -0.15466 0.0961365 0.0286386 -0.167932 0.0447902 0.0496481 0.0250612 0.082099 0.0148441 -0.198556
internal_weight=8095 1825 6270 935 2826 97 680 890 3444 847 2729 755 255 698 605 424 377 320 278 230 156 2007 2031 202 1304 1262 718 544 148 275
internal_count=8095 1825 6270 935 2826 97 680 890 3444 847 2729 755 255 698 605 424 377 320 278 230 156 2007 2031 202 1304 1262 718 544 148 275
is_linear=0
shrinkage=0.03


Tree=32
num_leaves=31
num_cat=0
split_feature=1 33 30 27 31 13 24 21 34 32 9 12 32 50 32 47 71 73 26 26 26 51 51 17 41 11 73 50 34 15
split_gain=67094.4 13408.8 7674.02 5018.84 3420.95 2492.8 2373.67 1754.02 1429.79 1369.25 1285.67 1145.88 1122.43 1117.52 1106.92 1074.79 1061.91 1026.72 1382.14 2525.13 981.444 972.899 1010.31 963.004 941.022 940.604 915.981 1663.89 1221.02 1378.99
threshold=1.5000000000000002 2.8999999761581425 33.562500000000007 9.5000000000000018 13.099408626556398 -1.0000000180025095e-35 1.0000000180025095e-35 0.51500000000000012 30.824808120727543 1.9030023217201235 0.91629259851538236 0.82433103193972768 36.408966064453132 41.45000000000001 25.437675476074222 36.919871794871803 7.5000000000000009 1522.9000000000003 89.500000000000014 56.500000000000007 20.500000000000004 40.847044099233791 37.175641008153413 8.5000000000000018 33.759614944458015 0.19998742659301585 384.30000000000001 42.900000000000006 25.690981864929203 0.069820678603006184
decision_type=10 10 10 10 8 8 2 2 10 8 10 10 10 8 10 8 2 2 2 2 2 10 10 2 8 10 2 10 10 10
left_child=2 7 4 16 5 -1 17 9 11 -2 14 -6 13 20 -10 -16 21 18 19 26 -4 22 25 -14 -11 -3 27 28 29 -5
right_child=1 3 12 6 8 -7 -8 -9 10 24 -12 -13 23 -15 15 -17 -18 -19 -20 -21 -22 -23 -24 -25 -26 -27 -28 -29 -30 -31
leaf_value=0.015603166350296564 -0.32087542957008475 -0.21978635489940643 0.001310688307438093 -0.047799233019884146 0.011672294071542215 -0.2901421023373093 -0.19738105590939523 -0.051787353670451695 -0.045460159985105622 -0.2987221162874123 0.026701551224073715 -0.062048420400048293 0.043842669307934831 -0.019629847277158302 0.071358222233898497 0.18770036158439787 -0.31377051609726447 -0.12919778522938044 0.13640883560358943 -0.23769748587857148 0.081837267814536832 -0.039917051936189336 -0.30324604607290689 0.10809904830282466 -0.21195855019458262 -0.035949134937552515 0.060522767276941059 0.14874219435453415 0.012220581389571489 -0.24805736403684225
leaf_weight=42 202 60 158 84 1562 56 75 41 46 145 1105 216 247 138 204 110 53 67 56 44 988 45 54 1398 502 43 151 40 114 49
leaf_count=42 202 60 158 84 1562 56 75 41 46 145 1105 216 247 138 204 110 53 67 56 44 988 45 54 1398 502 43 151 40 114 49
internal_value=5.21249e-11 -0.160088 0.0465965 -0.080751 0.0155209 -0.159108 -0.0381879 -0.243436 0.020798 -0.252691 0.0427428 0.00271635 0.0820434 0.0610229 0.0919804 0.112115 -0.194252 -0.0184533 -0.00466165 -0.0210516 0.070735 -0.162894 -0.198142 0.0984508 -0.231403 -0.143039 0.00071193 -0.0307565 -0.0598251 -0.121579
internal_weight=8095 1825 6270 935 3341 98 680 890 3243 849 1465 1778 2929 1284 360 314 255 605 538 482 1146 202 157 1645 647 103 438 287 247 133
internal_count=8095 1825 6270 935 3341 98 680 890 3243 849 1465 1778 2929 1284 360 314 255 605 538 482 1146 202 157 1645 647 103 438 287 247 133
is_linear=0
shrinkage=0.03


Tree=33
num_leaves=31
num_cat=0
split_feature=1 33 30 27 33 24 21 34 34 27 53 20 15 17 26 14 41 62 71 61 50 26 63 9 9 8 45 7 67 29
split_gain=63129.1 12616.4 7246.45 4722.23 3112.6 2233.39 1650.36 1583.37 1493.25 1326.24 1030.07 1028.53 1170.6 1240.17 1386.59 1305.11 1250.38 1478.71 999.154 969.694 1540.76 965.362 957.131 939.025 1122.91 1764.01 1277.32 1183.11 1229.38 959.813
threshold=1.5000000000000002 2.8999999761581425 32.437500000000007 9.5000000000000018 5.0454545021057138 1.0000000180025095e-35 0.51500000000000012 26.302968978881839 35.265724182128913 0.026288514025509361 0.6387817485066063 1.0000000180025095e-35 -0.30919820466090187 1.5000000000000002 89.500000000000014 -0.14999999999999994 30.845238685607914 0.0034962772630208754 7.5000000000000009 38.708333333333343 37.900000000000006 23.500000000000004 -0.13550773213239631 0.99998929204382681 0.91629259851538236 0.79225000000000023 38.900000000000006 0.75833333333333353 13.500000000000002 29.045296669006351
decision_type=10 10 10 10 8 2 2 8 10 8 10 2 8 2 2 10 8 10 2 10 10 2 8 10 8 10 10 10 8 10
left_child=2 6 4 18 -1 11 9 10 22 -2 -6 12 -5 -14 15 -15 -17 -18 -3 20 -13 -10 -4 24 25 -9 -26 -27 29 -29
right_child=1 3 8 5 7 -7 -8 23 21 -11 -12 19 13 14 -16 16 17 -19 -20 -21 -22 -23 -24 -25 26 27 -28 28 -30 -31
leaf_value=-0.25033911684664284 -0.29757970283255758 -0.15800698719162606 -0.0403711885361226 -0.18463381276168719 -0.01250708827652074 -0.19145962150096893 -0.050233729663418561 -0.023896954260141091 0.040042159214052693 -0.21831551353848172 -0.15152178214315107 0.0099089051145331373 0.10306638599177331 0.072884278781712053 0.11184340664318629 -0.0012707856029272079 -0.25550469512448593 -0.069697130052896031 -0.30435739877370166 -0.045471926208053313 0.24037153459021024 0.10289943162612979 0.059574563873744948 0.12185749562639418 0.015905835396243531 0.22393572212975532 -0.1357178590618647 0.050663885127591048 -0.0071832925826311109 0.20570274817943571
leaf_weight=41 287 202 91 47 808 75 41 137 258 562 51 69 57 46 42 75 68 89 53 70 42 1489 1647 92 1303 61 52 69 96 75
leaf_count=41 287 202 91 47 808 75 41 137 258 562 51 69 57 46 42 75 68 89 53 70 42 1489 1647 92 1303 61 52 69 96 75
internal_value=9.66108e-11 -0.155285 0.0451986 -0.0783285 0.00912091 -0.0370423 -0.236133 0.0129977 0.0740297 -0.24511 -0.0207606 -0.0178997 -0.0434566 -0.0258562 -0.0488205 -0.0730935 -0.102037 -0.150174 -0.188425 0.0419684 0.097111 0.0936166 0.0543415 0.0283814 0.0235851 0.0653427 0.0100871 0.10596 0.0759747 0.131413
internal_weight=8095 1825 6270 935 2785 680 890 2744 3485 849 859 605 424 377 320 278 232 157 255 181 111 1747 1738 1885 1793 438 1355 301 240 144
internal_count=8095 1825 6270 935 2785 680 890 2744 3485 849 859 605 424 377 320 278 232 157 255 181 111 1747 1738 1885 1793 438 1355 301 240 144
is_linear=0
shrinkage=0.03


Tree=34
num_leaves=31
num_cat=0
split_feature=1 33 30 20 27 33 34 24 1 21 61 50 31 15 17 26 14 41 62 34 33 10 55 47 48 8 66 9 26 64
split_gain=59398.2 11870.7 6860.55 4530.73 3924.95 2647.92 1997.11 1941.42 1862.87 1554.31 1536.79 1390.89 1258.97 1101.42 1166.88 1304.64 1227.97 1176.48 1391.32 1078.14 1062.78 1025.35 1013.09 1010.89 1073.94 1225.21 931.701 991.519 902.246 898.392
threshold=1.5000000000000002 2.8999999761581425 30.133928298950199 1.0000000180025095e-35 9.5000000000000018 5.0454545021057138 33.944805145263679 1.0000000180025095e-35 1.0000000180025095e-35 0.37500000000000006 38.416666666666679 37.900000000000006 10.410391807556154 -0.30919820466090187 1.5000000000000002 89.500000000000014 -0.14999999999999994 30.845238685607914 0.0034962772630208754 35.335496902465827 40.809089660644538 0.87564432989690733 0.61521007937087913 36.483333333333341 39.500000000000007 0.89900000000000013 56.500000000000007 0.74523232913832527 5.5000000000000009 1.0000000180025095e-35
decision_type=10 10 10 2 10 8 10 2 10 2 10 10 8 8 2 2 10 8 10 8 8 10 10 10 10 8 10 10 2 2
left_child=2 9 5 4 22 -1 -4 13 -7 12 11 -5 -2 -6 -15 16 -16 -18 -19 23 21 28 -3 26 25 -25 27 29 -8 -10
right_child=1 3 6 10 7 8 20 -9 19 -11 -12 -13 -14 14 15 -17 17 18 -20 -21 -22 -23 -24 24 -26 -27 -28 -29 -30 -31
leaf_value=-0.24282893941169834 -0.26764004147041098 -0.24762513238240727 0.040200674519388559 0.036194523977517913 -0.17909479491412639 -0.14059570229798554 -0.026287671846190564 -0.22063417875074914 -0.031952492888226651 -0.053093471762745877 -0.054205394827683141 0.23975792420299155 -0.19287633501192822 0.099974393095625072 0.070697749874190141 0.10848810383251735 -0.0012326664119958876 -0.24783955507856956 -0.067606214120816646 0.12830503643956034 0.11619978128739167 -0.035977139770984649 -0.084165818010057722 0.19239305266096624 -0.0089580766892490473 -0.0066099077844342519 0.024449817854233762 -0.0099409216910023822 0.079202688663144463 -0.1717926146446819
leaf_weight=41 511 182 1822 88 47 80 76 63 99 43 90 46 336 57 46 42 75 68 89 64 600 78 42 79 104 43 550 733 1830 71
leaf_count=41 511 182 1822 88 47 80 76 63 99 43 90 46 336 57 46 42 75 68 89 64 600 78 42 79 104 43 550 733 1830 71
internal_value=7.25586e-12 -0.150627 0.0438427 -0.0759786 -0.113046 -0.00440386 0.0642538 -0.0652418 0.000958411 -0.229049 0.0416763 0.106074 -0.237982 -0.0421529 -0.0250805 -0.0473559 -0.0709007 -0.0989763 -0.145669 0.00745544 0.0812139 0.0706335 -0.216977 0.00284891 0.0618725 0.122253 -0.00633164 -0.02508 0.0749964 -0.0903563
internal_weight=8095 1825 6270 935 711 1864 4406 487 1823 890 224 134 847 424 377 320 278 232 157 1743 2584 1984 224 1679 226 122 1453 903 1906 170
internal_count=8095 1825 6270 935 711 1864 4406 487 1823 890 224 134 847 424 377 320 278 232 157 1743 2584 1984 224 1679 226 122 1453 903 1906 170
is_linear=0
shrinkage=0.03


Tree=35
num_leaves=31
num_cat=0
split_feature=1 33 30 20 27 32 24 9 33 21 61 50 32 62 64 15 17 34 15 29 37 32 50 9 60 10 34 45 66 15
split_gain=55887.7 11169.2 6507.78 4262.96 3692.99 2978.98 1826.69 1764.25 1605.8 1463.24 1445.97 1308.69 1241.72 1199.43 1140.66 1036.33 1097.91 1255.43 1201.9 1020.81 1015.31 1013.92 1046.23 1012.5 1010.22 1167.15 1005.86 1148.76 1003.29 1306.92
threshold=1.5000000000000002 2.8999999761581425 33.562500000000007 1.0000000180025095e-35 9.5000000000000018 23.755092620849613 1.0000000180025095e-35 0.89507319609808444 5.0454545021057138 0.51500000000000012 38.416666666666679 37.900000000000006 0.33333435654640203 0.03800489021839288 1.0000000180025095e-35 -0.30919820466090187 1.5000000000000002 25.690981864929203 -0.094513481527220333 27.899999618530277 38.100000381469734 36.408966064453132 41.45000000000001 0.99999423557308031 63.208333333333343 0.075474683544303811 29.816498756408695 37.900000000000006 63.500000000000007 -0.40268759018759015
decision_type=10 10 10 2 10 8 2 8 8 2 10 10 8 10 2 8 2 10 10 10 8 10 8 10 8 10 8 10 10 10
left_child=2 9 5 4 -3 8 15 13 -1 12 11 -5 -2 19 -14 -6 -17 18 -18 -7 -19 22 -4 26 25 -16 27 -9 -10 -30
right_child=1 3 21 10 6 7 -8 23 28 -11 -12 -13 14 -15 24 16 17 20 -20 -21 -22 -23 -24 -25 -26 -27 -28 -29 29 -31
leaf_value=-0.23554407787032244 -0.33470233354879458 -0.21046721634222193 0.06458851787317739 0.035108689035458322 -0.17372195057016104 0.061472552177753853 -0.21401515652736028 -0.0073665306088202516 -0.064701774315965688 -0.047133914704729871 -0.052579233548759166 0.23256518755755992 -0.24587805936279514 0.012587978428613545 -0.027533666575327517 0.096975161069023763 0.017420930834703665 0.099745304787700814 -0.17373956057978304 0.17624727483271904 -0.047640612608399885 0.090763971299422749 -0.022846455017671637 0.094770181103725065 -0.21933631722714489 -0.21972862258870551 0.025170501641870093 -0.15877719251438976 0.17679940954595805 -0.043148673271399832
leaf_weight=41 92 224 1146 88 47 141 63 746 326 41 90 46 481 148 72 57 43 66 95 138 116 1645 138 137 157 47 1514 48 40 62
leaf_count=41 92 224 1146 88 47 141 63 746 326 41 90 46 481 148 72 57 43 66 95 138 116 1645 138 137 157 47 1514 48 40 62
internal_value=-2.99122e-11 -0.146108 0.0425274 -0.0736993 -0.109654 0.0139103 -0.0632846 0.0253578 -0.0561905 -0.222177 0.040426 0.102892 -0.230631 0.0816224 -0.217983 -0.0408883 -0.0243281 -0.0459352 -0.114175 0.118243 0.00580703 0.0751698 0.0551913 0.0155317 -0.169368 -0.103443 0.0108282 -0.0165198 -0.0390094 0.0431055
internal_weight=8095 1825 6270 935 711 3341 487 2872 469 890 224 134 849 427 757 424 377 320 138 279 182 2929 1284 2445 276 119 2308 794 428 102
internal_count=8095 1825 6270 935 711 3341 487 2872 469 890 224 134 849 427 757 424 377 320 138 279 182 2929 1284 2445 276 119 2308 794 428 102
is_linear=0
shrinkage=0.03


Tree=36
num_leaves=31
num_cat=0
split_feature=1 33 34 20 27 31 13 24 21 61 14 33 27 37 10 12 15 14 45 34 17 12 8 55 10 66 27 55 12 53
split_gain=52584.8 10509.1 6172.99 4011.02 3474.73 2510.96 2329.03 1718.73 1376.76 1360.51 1306.18 1260.34 1186.15 1089.84 1002.05 998.564 976.309 1086.85 1386.4 1624.68 1430.32 1001.75 1508.51 953.22 935.062 952.782 928.791 884.937 946.653 1153.49
threshold=1.5000000000000002 2.8999999761581425 32.438375473022468 1.0000000180025095e-35 9.5000000000000018 13.099408626556398 -1.0000000180025095e-35 1.0000000180025095e-35 0.51500000000000012 38.416666666666679 -0.15999999999999992 35.639610290527351 0.026288514025509361 36.633333206176765 0.8734904699548961 0.82195923774354751 -0.2642804096310194 -0.14999999999999994 39.900000000000006 25.859127044677738 3.5000000000000004 0.68148839607033518 0.93100000000000016 0.61521007937087913 0.069366479550922219 77.500000000000014 34.500000000000007 0.50302288435310227 0.82282532285456378 0.59718847319023716
decision_type=10 10 10 2 10 8 8 2 2 10 10 8 8 8 8 10 8 10 10 10 2 8 10 10 8 8 8 8 8 10
left_child=2 8 5 4 23 6 -1 16 12 10 -5 -4 -2 14 -7 -13 -6 -18 19 20 -19 -21 -23 -3 25 -14 -26 -15 29 -29
right_child=1 3 11 9 7 13 -8 -9 -10 -11 -12 15 24 27 -16 -17 17 18 -20 21 -22 22 -24 -25 26 -27 -28 28 -30 -31
leaf_value=0.030198501980886229 -0.27333264820251729 -0.23388236245160901 0.046768333579497195 0.22120733837094156 -0.16010445120199671 -0.0094073382300104338 -0.26738515255706652 -0.20759470266245661 -0.04571989877194893 -0.051001855539778866 0.027542492297444755 0.098184355372978302 -0.19159770001560006 -0.0016852241620534142 -0.15890639338382453 0.052927363308888205 0.075475432637147608 -0.044314007691361686 0.099820753158407008 0.10933222200189317 -0.27379522087357261 -0.19230595919749011 0.038632850658736728 -0.075326832703181676 -0.23951190032782915 -0.011911036629568448 -0.13310116023786606 0.094428360421905666 0.016956162864316816 -0.0011661695674634897
leaf_weight=41 287 182 1437 50 53 655 56 63 41 90 84 1359 67 727 43 648 80 44 47 42 55 46 57 42 358 44 93 418 730 156
leaf_count=41 287 182 1437 50 53 655 56 63 41 90 84 1359 67 727 43 648 80 44 47 42 55 46 57 42 358 44 93 418 730 156
internal_value=2.32094e-11 -0.141725 0.0412516 -0.0714883 -0.106365 0.00839057 -0.141602 -0.061386 -0.215512 0.0392133 0.0998055 0.0682159 -0.223712 0.0137219 -0.0186172 0.0835722 -0.0396616 -0.0224555 -0.0493781 -0.0781172 -0.171804 -0.0141521 -0.0645049 -0.204153 -0.198372 -0.120371 -0.217569 0.024836 0.039622 0.068448
internal_weight=8095 1825 6270 935 711 2826 97 487 890 224 134 3444 849 2729 698 2007 424 371 291 244 99 145 103 224 562 111 451 2031 1304 574
internal_count=8095 1825 6270 935 711 2826 97 487 890 224 134 3444 849 2729 698 2007 424 371 291 244 99 145 103 224 562 111 451 2031 1304 574
is_linear=0
shrinkage=0.03


Tree=37
num_leaves=31
num_cat=0
split_feature=1 33 30 20 27 27 42 34 24 21 61 50 46 47 32 64 12 15 17 26 14 41 62 26 48 48 52 30 60 10
split_gain=49477 9888 5835.31 3773.97 3269.38 2266.89 1711.76 1711.53 1617.15 1295.71 1280.1 1236.7 1152.05 1518.56 1132.31 998.483 996.865 921.158 993.677 1171.62 1084.05 961.726 1226.41 907.723 905.618 988.582 1077.71 887.232 884.725 1023.63
threshold=1.5000000000000002 2.8999999761581425 30.133928298950199 1.0000000180025095e-35 9.5000000000000018 1.5000000000000002 18.033333778381351 33.944805145263679 1.0000000180025095e-35 0.37500000000000006 38.416666666666679 37.900000000000006 39.727341110700657 36.483333333333341 0.33333435654640203 1.0000000180025095e-35 0.80022506176779273 -0.30919820466090187 1.5000000000000002 89.500000000000014 -0.13499999999999995 30.845238685607914 0.0034962772630208754 16.500000000000004 35.500000000000007 39.500000000000007 39.516666666666673 20.062500000000004 63.208333333333343 0.075474683544303811
decision_type=10 10 10 2 10 8 8 10 2 2 10 10 10 8 8 2 10 8 2 2 10 8 10 2 10 10 10 10 8 10
left_child=2 9 5 4 24 -1 -7 -4 17 14 11 -5 13 -8 -2 27 23 -6 -19 20 -20 -22 -23 -9 -3 -26 -27 -16 29 -17
right_child=1 3 7 10 8 6 12 16 -10 -11 -12 -13 -14 -15 15 28 -18 18 19 -21 21 22 -24 -25 25 26 -28 -29 -30 -31
leaf_value=-0.18588965053111312 -0.31656973118367399 -0.26832009906517834 0.03657132594200601 0.030918380801396615 -0.16370715730684868 -0.16023126423358919 -0.0014062660345828049 0.010212027079679749 -0.20136686029888332 -0.048393900928109183 -0.049471798732876777 0.22286740774349512 -0.1081961922943592 0.073007499690343966 -0.26127426398337078 -0.025555999421737561 0.055453045543329013 0.092542436109904785 0.06395109653472901 0.10427084792937551 -0.0037205958849674944 -0.23198826367730524 -0.062058481299475339 0.10021380584376269 -0.038380139656364914 -0.31828012722294502 -0.099406646221876144 -0.17587840606475019 -0.2061644289704265 -0.20604723116184803
leaf_weight=60 92 95 1822 88 47 57 1371 110 63 43 90 46 75 301 311 71 1261 57 48 42 74 67 89 1213 48 41 40 169 157 47
leaf_count=60 92 95 1822 88 47 57 1371 110 63 43 90 46 75 301 311 71 1261 57 48 42 74 67 89 1213 48 41 40 169 157 47
internal_value=1.40038e-10 -0.137473 0.040014 -0.0693436 -0.103174 -0.00448176 0.00155176 0.0588384 -0.0595444 -0.209047 0.0380369 0.0968113 0.00683031 0.01199 -0.217203 -0.205094 0.0745391 -0.0384718 -0.0228589 -0.0434147 -0.0657269 -0.0927902 -0.135041 0.0927307 -0.198029 -0.146264 -0.210194 -0.231208 -0.159515 -0.0974466
internal_weight=8095 1825 6270 935 711 1864 1804 4406 487 890 224 134 1747 1672 847 755 2584 424 377 320 278 230 156 1323 224 129 81 480 275 118
internal_count=8095 1825 6270 935 711 1864 1804 4406 487 890 224 134 1747 1672 847 755 2584 424 377 320 278 230 156 1323 224 129 81 480 275 118
is_linear=0
shrinkage=0.03


Tree=38
num_leaves=31
num_cat=0
split_feature=1 33 30 20 6 32 49 9 33 66 60 57 21 61 14 41 62 32 63 11 66 12 45 26 66 29 17 28 48 41
split_gain=46552.9 9303.62 5561.01 3550.93 3078 2570.85 1679.23 1675.06 1381.02 1340.26 1393.82 1516.8 1220.69 1204.45 1234.19 1136.73 1117.86 1083.44 981.601 962.907 1086.68 1054.26 944.541 1416.75 1005.82 943.443 940.786 1145.57 928.103 917.954
threshold=1.5000000000000002 2.8999999761581425 33.562500000000007 1.0000000180025095e-35 0.52500000000000013 23.755092620849613 43.833333333333336 0.89507319609808444 5.0454545021057138 40.500000000000007 66.083333333333357 39.833333333333336 0.51500000000000012 38.416666666666679 -0.15999999999999992 30.845238685607914 0.03800489021839288 1.9030023217201235 -0.13550773213239631 0.81143861838183851 62.500000000000007 0.66401756329587569 37.900000000000006 25.500000000000004 51.500000000000007 27.899999618530277 3.5000000000000004 30.166666984558109 39.500000000000007 28.763889312744144
decision_type=10 10 10 2 10 8 10 8 8 8 10 10 2 10 10 8 10 8 8 10 10 8 10 2 8 10 2 10 10 10
left_child=2 12 5 4 6 8 9 16 -1 -3 11 -11 17 14 -5 -6 25 -2 -4 20 -10 -22 24 -24 -9 28 -17 -28 -7 -18
right_child=1 3 18 13 15 7 -8 22 19 10 -12 -13 -14 -15 -16 26 29 -19 -20 -21 21 -23 23 -25 -26 -27 27 -29 -30 -31
leaf_value=-0.21908996679433962 -0.27114840224975406 -0.30908124665082509 -0.010640802992843932 0.21191602422595024 0.071317461221306416 0.11043300688420374 -0.02228074276447296 -0.018496021826409859 -0.050545230971087943 -0.15701891097901524 -0.30587430230776469 0.044780269861221314 -0.042896482966295099 -0.047987645061065752 0.023663516225559369 0.024784973354576384 0.061346754690303512 -0.19156001484675053 0.072776075781711733 -0.17324318985853876 -0.031622338742017746 0.16936106025524761 -0.17314799640501327 0.0054419631889510538 0.029475780221792314 0.16893455870854465 -0.21069293293513749 -0.031749713932340204 -0.055684994103556325 -0.10008302977055554
leaf_weight=41 202 59 133 50 81 97 75 507 292 207 45 40 41 90 84 73 102 647 2796 42 48 46 59 124 1755 138 57 74 44 46
leaf_count=41 202 59 133 50 81 97 75 507 292 207 45 40 41 90 84 73 102 647 2796 42 48 46 59 124 1755 138 57 74 44 46
internal_value=2.06653e-10 -0.133349 0.0388136 -0.0672633 -0.100079 0.0123599 -0.151134 0.0229944 -0.052762 -0.178666 -0.152315 -0.124339 -0.202775 0.0368958 0.093907 -0.0237648 0.0778182 -0.210496 0.0689883 -0.0368287 -0.0219857 0.0667312 0.0134199 -0.0521362 0.0187235 0.113171 -0.061518 -0.109611 0.0585948 0.0111726
internal_weight=8095 1825 6270 935 711 3341 426 2872 469 351 292 247 890 224 134 285 427 849 2929 428 386 94 2445 183 2262 279 204 131 141 148
internal_count=8095 1825 6270 935 711 3341 426 2872 469 351 292 247 890 224 134 285 427 849 2929 428 386 94 2445 183 2262 279 204 131 141 148
is_linear=0
shrinkage=0.03


Tree=39
num_leaves=31
num_cat=0
split_feature=1 33 34 6 20 28 34 57 42 49 44 7 32 71 28 41 44 22 31 12 57 48 33 47 63 46 10 31 30 47
split_gain=43812.4 9679.8 4576.13 3091.12 2152.02 1585.12 1353.37 1235.97 1190.71 1102.18 1338.74 1442.82 1022.64 1004.6 1306.89 1060.41 1166.63 1132.1 1031.75 1015.21 983.865 1148.86 1093.59 2205.26 957.984 901.916 877.068 1131.42 874.73 866.475
threshold=1.5000000000000002 2.8999999761581425 33.685289382934577 0.31500000000000006 1.0000000180025095e-35 6.1666667461395273 26.944272994995121 31.416666666666668 18.033333778381351 43.833333333333336 31.416666666666668 0.52166666666666683 34.280004501342781 6.5000000000000009 12.166666507720949 31.038461685180668 30.166666666666668 22.500000000000004 31.020507812500004 0.52754605661953213 38.166666666666679 38.500000000000007 0.94444444775581371 32.964285714285722 0.15538376532337414 27.286718861535128 0.85120759056929274 45.892513275146491 29.937500000000004 35.730303030303041
decision_type=8 10 8 10 2 10 8 8 8 10 10 8 8 2 10 10 10 2 10 10 8 10 8 10 8 8 10 10 10 10
left_child=2 6 5 4 9 -1 20 -8 -7 10 11 -3 -4 -5 -15 16 -16 18 19 -18 21 22 -2 -24 -12 -10 -14 -28 -17 -9
right_child=1 3 12 13 -6 8 7 29 25 -11 24 -13 26 14 15 28 17 -19 -20 -21 -22 -23 23 -25 -26 -27 27 -29 -30 -31
leaf_value=-0.17243001922219989 -0.22793993614912031 -0.21463907441922597 0.040042942728040404 -0.11018699605537709 0.051691927321787394 -0.14111356734697308 -0.24964724082013834 -0.048768350545127508 -0.033892007808989058 -0.041884781760229188 -0.13192445176921477 0.018872098690999501 0.088522908142486492 -0.13469559848308563 -0.081777451775841795 -0.17932315207645297 0.036448231860995293 0.13824926566915666 0.13138771223572066 -0.13393238447150405 -0.27226044439226388 -0.24700642288491434 -0.23085263581307078 -0.0029858028285958791 -0.26870257399320602 0.024400512183707576 0.01789194969856614 0.18344261979418142 0.010631051547825336 -0.16815877965267964
leaf_weight=40 100 42 868 86 56 42 69 118 260 71 73 55 1622 57 59 40 88 115 53 49 200 196 67 89 125 2941 322 42 48 102
leaf_count=40 100 42 868 86 56 42 69 118 260 71 73 55 1622 57 59 40 88 115 53 49 200 196 67 89 125 2941 322 42 48 102
internal_value=-3.40052e-11 -0.123561 0.0394221 -0.0593987 -0.121503 0.0152684 -0.192906 -0.138867 0.0175835 -0.148003 -0.173543 -0.0822358 0.0672065 -0.0153517 0.000671547 0.0177422 0.0403354 0.0639573 0.0189911 -0.0244908 -0.216859 -0.192345 -0.150496 -0.100852 -0.218274 0.0196657 0.0790785 0.036994 -0.0757118 -0.104122
internal_weight=8095 1958 6137 1017 422 3283 941 289 3243 366 295 97 2854 595 509 452 364 305 190 137 652 452 256 156 198 3201 1986 364 88 220
internal_count=8095 1958 6137 1017 422 3283 941 289 3243 366 295 97 2854 595 509 452 364 305 190 137 652 452 256 156 198 3201 1986 364 88 220
is_linear=0
shrinkage=0.03


Tree=40
num_leaves=31
num_cat=0
split_feature=1 33 34 20 27 31 13 24 21 61 14 61 26 27 37 9 10 10 63 60 44 15 17 15 33 34 48 48 52 54
split_gain=41273.4 8236.58 5006.07 3210.91 2787.69 1998.99 2124.23 1416.2 1140.35 1139.9 1158.21 1093.5 1273.5 1006.4 935.903 932.899 922.057 886.387 971.708 883.026 842.792 841.052 999.459 1411.37 1258.99 1409.2 832.644 942.071 975.776 827.545
threshold=1.5000000000000002 2.8999999761581425 32.438375473022468 1.0000000180025095e-35 9.5000000000000018 13.099408626556398 -1.0000000180025095e-35 1.0000000180025095e-35 0.37500000000000006 38.416666666666679 -0.15999999999999992 37.416666666666679 5.5000000000000009 0.026288514025509361 36.633333206176765 0.99998126732846859 0.8734904699548961 0.069366479550922219 -0.069231258073927548 63.583333333333343 38.416666666666679 -0.2642804096310194 3.5000000000000004 0.10465580647910806 22.083333015441898 29.334733963012699 35.500000000000007 39.500000000000007 39.516666666666673 0.48624239137772068
decision_type=10 10 10 2 10 8 8 2 2 10 10 10 2 8 8 8 8 8 10 10 10 8 2 10 10 10 10 10 10 10
left_child=2 8 5 4 26 6 -1 21 13 10 -5 -4 -13 -2 16 -14 -7 19 29 -15 -11 -6 -23 24 -24 -26 -3 -28 -29 -19
right_child=1 3 11 9 7 14 -8 -9 -10 20 -12 12 15 17 -16 -17 -18 18 -20 -21 -22 22 23 -25 25 -27 27 28 -30 -31
leaf_value=0.037196600324496995 -0.24421449768626313 -0.24957295323673048 0.040230122622411428 0.20544812430739401 -0.14636577789794722 -0.0094228088696992011 -0.24700233406254224 -0.18701528517972854 -0.040169899146570716 -0.14288872484312673 0.023083010615913994 -0.035652699619997293 0.069463256047914576 -0.010698266881254482 0.022010209466104966 0.12122953496311251 -0.15283070654370062 -0.26910992439716092 -0.27477919393662109 -0.18009985250645671 0.040900296042574211 0.044642755029456957 0.12389785349431136 -0.17936885280714882 -0.18860968943685291 0.019020401988864729 -0.027222309457138178 -0.29779327808356865 -0.089527929514646526 -0.14813368993378442
leaf_weight=41 287 95 1386 50 53 655 56 63 43 43 84 90 1577 53 2031 391 43 62 103 58 47 140 45 62 48 76 48 41 40 284
leaf_count=41 287 95 1386 50 53 655 56 63 43 43 84 90 1577 53 2031 391 43 62 103 58 47 140 45 62 48 76 48 41 40 284
internal_value=1.59113e-11 -0.12556 0.0365465 -0.0633795 -0.0945841 0.006954 -0.126877 -0.0542968 -0.190884 0.0356673 0.0911297 0.0608288 0.0747014 -0.198535 0.0117109 0.0797481 -0.0182574 -0.175125 -0.193891 -0.0992144 -0.04691 -0.0345768 -0.018607 -0.0569402 -0.0120255 -0.0613525 -0.182173 -0.132537 -0.194946 -0.169812
internal_weight=8095 1825 6270 935 711 2826 97 487 890 224 134 3444 2058 847 2729 1968 698 560 449 111 90 424 371 231 169 124 224 129 81 346
internal_count=8095 1825 6270 935 711 2826 97 487 890 224 134 3444 2058 847 2729 1968 698 560 449 111 90 424 371 231 169 124 224 129 81 346
is_linear=0
shrinkage=0.03


Tree=41
num_leaves=31
num_cat=0
split_feature=1 33 30 20 27 27 32 42 24 32 20 61 50 9 48 31 30 14 64 45 10 12 35 61 56 57 48 43 27 17
split_gain=38834.2 7749.8 4783.12 3021.15 2622.93 1875.5 1472.93 1433.21 1332.5 1078.11 1107.16 1072.53 1160.33 1058.91 1705.1 1503.66 1270.73 918.469 882.276 857.81 855.378 1163.44 1014.71 977.844 939.734 912.919 847.801 1311.79 841.384 838.709
threshold=1.5000000000000002 2.8999999761581425 30.133928298950199 1.0000000180025095e-35 9.5000000000000018 1.5000000000000002 36.241512298583991 18.033333778381351 1.0000000180025095e-35 0.33333435654640203 1.0000000180025095e-35 38.416666666666679 37.900000000000006 0.91321766668360205 39.500000000000007 27.5583028793335 22.645833015441898 0.12500000000000003 1.0000000180025095e-35 36.45000000000001 0.84395292207792216 0.81848363835781901 51.500000000000007 39.916666666666679 32.833333333333336 39.833333333333336 34.500000000000007 28.500000000000004 34.500000000000007 8.5000000000000018
decision_type=10 10 10 2 10 8 10 8 2 8 2 10 10 8 10 10 10 10 2 10 10 8 8 8 10 10 8 10 10 2
left_child=2 9 5 4 -3 -1 -4 -7 -6 -2 18 12 -5 14 15 -9 -16 19 28 29 21 25 -22 24 -23 -8 27 -20 -11 -15
right_child=1 3 6 11 8 7 20 13 -10 10 -12 -13 -14 17 16 -17 -18 -19 26 -21 22 23 -24 -25 -26 -27 -28 -29 -30 -31
leaf_value=-0.16984074246883393 -0.28181709235714325 -0.176707770781525 0.038306234607467064 0.02457000405154593 -0.03353953448963299 -0.14738280104277163 0.1133535253237801 0.035668462522186854 -0.18140482970646449 -0.22027138324428613 -0.041399626751553335 -0.045502713168660794 0.21049733371838278 0.047690665494539479 -0.13198768589016679 0.16178007331032018 0.027213576609320049 -0.13018425581178494 -0.17199856853176806 -0.10273115482181311 -0.038748899107555981 0.043304574302651666 0.064301259314690523 0.042277191983741268 0.13153972706423614 0.24952159623305001 -0.18343518126617978 0.037685857066512105 -0.07808056528975324 -0.014637726091465953
leaf_weight=60 93 224 2640 88 424 57 247 312 63 433 53 90 46 264 77 117 109 56 58 76 115 165 341 526 318 54 162 50 41 736
leaf_count=60 93 224 2640 88 424 57 247 312 63 433 53 90 46 264 77 117 109 56 58 76 115 165 341 526 318 54 162 50 41 736
internal_value=-2.96764e-11 -0.121793 0.0354501 -0.0614781 -0.0917466 -0.00483483 0.052493 0.000653171 -0.0526679 -0.185157 -0.173878 0.0345973 0.0883958 0.00548319 0.0371708 0.0700625 -0.0386923 -0.0117323 -0.183316 -0.00556747 0.0737009 0.0860192 0.0383127 0.0705775 0.101397 0.137782 -0.14003 -0.0749224 -0.207972 0.00181697
internal_weight=8095 1825 6270 935 711 1864 4406 1804 487 890 797 224 134 1747 615 429 186 1132 744 1076 1766 1310 456 1009 483 301 270 108 474 1000
internal_count=8095 1825 6270 935 711 1864 4406 1804 487 890 797 224 134 1747 615 429 186 1132 744 1076 1766 1310 456 1009 483 301 270 108 474 1000
is_linear=0
shrinkage=0.03


Tree=42
num_leaves=31
num_cat=0
split_feature=1 33 30 20 6 32 9 49 66 60 57 33 47 45 46 51 66 22 62 21 61 14 27 9 63 54 29 60 47 41
split_gain=36539.1 7291.79 4526.85 2842.6 2468.21 2106.3 1546.59 1471.66 1231.3 1244.85 1403.42 1139.98 1943.04 1089.34 1644.96 1348.38 1072.03 1057.12 1036.71 1015.83 1009.14 1094.51 964.22 930.502 903.419 878.367 871.821 845.012 1428.74 842.629
threshold=1.5000000000000002 2.8999999761581425 33.562500000000007 1.0000000180025095e-35 0.52500000000000013 23.755092620849613 0.89507319609808444 43.833333333333336 40.500000000000007 66.083333333333357 39.833333333333336 1.0714285969734194 31.279220779220783 39.900000000000006 34.93890227713208 34.559741665161617 62.500000000000007 24.500000000000004 0.03800489021839288 0.51500000000000012 38.416666666666679 -0.15999999999999992 34.500000000000007 0.99999423557308031 -0.13550773213239631 0.64464545244829397 27.899999618530277 64.916666666666686 35.806250000000006 28.763889312744144
decision_type=10 10 10 2 10 8 8 10 8 10 10 10 10 10 10 10 10 2 10 2 10 10 8 10 8 10 10 10 10 10
left_child=2 19 5 4 7 11 18 8 -3 10 -10 12 -1 14 15 -6 27 -16 26 22 21 -5 -2 25 -4 -8 -7 28 -13 -20
right_child=1 3 24 20 13 6 23 -9 9 -11 -12 16 -14 -15 17 -17 -18 -19 29 -21 -22 -23 -24 -25 -26 -27 -28 -29 -30 -31
leaf_value=-0.012438660865199977 -0.19826161203309894 -0.28548929362794601 -0.014780824543852218 0.19687423473000526 -0.064231653159054422 0.05440619707820897 0.0090158475679839069 -0.014086457848548889 -0.14022662422795226 -0.28035178392132121 0.053883530706167221 -0.058640806732051395 -0.26372671291513261 0.12242470626424 -0.22117475733160971 0.12001078413630073 0.076790035119667255 -0.023548098536474365 0.056714620813727377 -0.033755059725627666 -0.044137632782260579 0.019594938258773516 -0.098648838996887214 0.086907129073855421 0.065245193024530662 -0.12631990904073145 0.16047506227927363 -0.1526879827438633 0.13918497982621192 -0.097950157635926224
leaf_weight=58 750 59 133 50 78 141 2264 75 207 45 40 184 53 41 58 66 77 42 102 41 90 84 99 137 2796 44 138 57 40 46
leaf_count=58 750 59 133 50 78 141 2264 75 207 45 40 184 53 41 58 66 77 42 102 41 90 84 99 137 2796 44 138 57 40 46
internal_value=1.52246e-10 -0.118139 0.0343866 -0.0596337 -0.0889942 0.0105191 0.0201449 -0.134713 -0.160488 -0.135231 -0.108792 -0.0484261 -0.132423 -0.0206565 -0.0446988 0.0202128 -0.0223824 -0.138172 0.0728244 -0.179603 0.0335594 0.0857439 -0.186646 0.0109448 0.0616114 0.00643579 0.10687 -0.0495577 -0.0233148 0.00864314
internal_weight=8095 1825 6270 935 711 3341 2872 426 351 292 247 469 111 285 244 144 358 100 427 890 224 134 849 2445 2929 2308 279 281 224 148
internal_count=8095 1825 6270 935 711 3341 2872 426 351 292 247 469 111 285 244 144 358 100 427 890 224 134 849 2445 2929 2308 279 281 224 148
is_linear=0
shrinkage=0.03


Tree=43
num_leaves=31
num_cat=0
split_feature=1 33 34 20 27 33 24 35 32 44 26 20 61 50 29 8 74 29 29 30 52 33 15 58 59 64 30 59 12 8
split_gain=34379.6 6860.84 4342.62 2674.6 2360.93 1707.18 1209.43 1011.1 1003.46 995.241 1257.2 990.2 949.501 1096.37 935.177 1063.79 951.906 955.011 922.291 922.255 928.288 914.949 1000.79 882.69 1143.39 830.659 801.01 844.08 795.033 829.477
threshold=1.5000000000000002 2.8999999761581425 32.438375473022468 1.0000000180025095e-35 9.5000000000000018 5.0454545021057138 1.0000000180025095e-35 31.148711204528812 0.33333435654640203 43.166666666666679 28.500000000000004 1.0000000180025095e-35 38.416666666666679 37.900000000000006 23.10000038146973 0.88225000000000009 509.80000000000001 26.44999980926514 24.633333206176761 32.062500000000007 46.055555555555564 40.809089660644538 -0.14955493944257989 3.1666666666666674 5.166666666666667 1.0000000180025095e-35 19.645833015441898 7.166666666666667 0.40514253582353116 0.25100000000000006
decision_type=10 10 10 2 10 8 2 8 8 10 2 2 10 10 8 8 2 10 10 10 8 8 8 8 10 2 10 10 10 10
left_child=2 8 5 4 28 -1 -6 -4 -2 14 -11 25 13 -5 23 16 17 18 -16 20 -17 22 -9 24 -7 26 27 -10 29 -3
right_child=1 3 7 12 6 9 -8 21 11 10 -12 -13 -14 -15 15 19 -18 -19 -20 -21 -22 -23 -24 -25 -26 -27 -28 -29 -30 -31
leaf_value=-0.1888036249503493 -0.2674677973024307 -0.13497568763047454 -0.01056037706505392 0.021129792319526049 -0.03102514400403894 -0.0058579598622371075 -0.17189664165178933 0.18204310010832089 -0.25055375290803672 -0.21490949696302414 0.010737350535392761 -0.038047236150728074 -0.042813501964012783 0.20186031079810599 0.048228244775153223 -0.010971483982272167 0.1337200689570206 0.079023709522637847 -0.14178943259517351 0.04020655085688829 0.07987698733197017 0.090945174688374444 0.049081804721101692 0.056173046456800928 -0.13296007523478001 -0.13025765005085202 -0.14474113031360455 -0.12400359774039964 -0.078534791405384358 -0.27202078864167006
leaf_weight=40 93 80 194 88 424 146 63 52 242 40 50 53 90 46 47 1269 123 144 45 625 110 678 2520 74 113 270 173 59 65 79
leaf_count=40 93 80 194 88 424 146 63 52 242 40 50 53 90 46 47 1269 123 144 45 625 110 678 2520 74 113 270 173 59 65 79
internal_value=-4.18768e-11 -0.114595 0.033355 -0.0578447 -0.0863243 0.00579311 -0.0492488 0.0559711 -0.174215 0.00858703 -0.0895501 -0.163333 0.0325526 0.0831716 0.0118631 0.018496 0.0660534 0.0307865 -0.0447152 0.00997642 -0.00372469 0.0599425 0.05177 -0.035204 -0.0613118 -0.172258 -0.196182 -0.225748 -0.166931 -0.203067
internal_weight=8095 1825 6270 935 711 2826 487 3444 890 2786 90 797 224 134 2696 2363 359 236 92 2004 1379 3250 2572 333 259 744 474 301 224 159
internal_count=8095 1825 6270 935 711 2826 487 3444 890 2786 90 797 224 134 2696 2363 359 236 92 2004 1379 3250 2572 333 259 744 474 301 224 159
is_linear=0
shrinkage=0.03


Tree=44
num_leaves=31
num_cat=0
split_feature=1 33 34 20 27 33 24 37 61 26 9 32 20 61 14 66 44 64 48 43 15 14 45 34 57 17 48 48 52 48
split_gain=32347.8 6455.37 4102.06 2516.53 2221.4 1840.34 1137.95 1136.06 977.707 991.946 1023.52 944.154 931.68 893.385 1034.31 862.717 792.983 781.568 794.623 1232.01 773.48 968.567 1237.78 1605 1088.42 995.741 772.201 890.337 900.317 760.344
threshold=1.5000000000000002 2.8999999761581425 33.685289382934577 1.0000000180025095e-35 9.5000000000000018 5.0454545021057138 1.0000000180025095e-35 33.774999618530281 37.416666666666679 5.5000000000000009 0.99999728720081227 0.33333435654640203 1.0000000180025095e-35 38.416666666666679 -0.15999999999999992 59.500000000000007 38.416666666666679 1.0000000180025095e-35 34.500000000000007 28.500000000000004 -0.2642804096310194 -0.30499999999999988 39.900000000000006 25.690981864929203 32.166666666666679 3.5000000000000004 35.500000000000007 39.500000000000007 39.516666666666673 24.500000000000004
decision_type=10 10 10 2 10 8 2 8 10 2 8 8 2 10 10 8 10 2 8 10 8 10 10 10 10 2 10 10 10 8
left_child=2 11 5 4 26 -1 20 -7 29 -10 -11 -2 17 14 -5 -12 -15 -13 19 -19 -6 -22 23 25 -25 -23 -3 -28 -29 -4
right_child=1 3 8 13 6 7 -8 -9 9 10 15 12 -14 16 -16 -17 -18 18 -20 -21 21 22 -24 24 -26 -27 27 28 -30 -31
leaf_value=-0.18960083377797429 -0.2594437593317801 -0.22683028782041448 -0.069199523226968165 0.18870753850042818 -0.13729861710993749 -0.02859915239455765 -0.1667397437776838 0.019957699591840045 -0.029237037755416924 0.067320518122349252 0.049922667192856235 -0.19029688374764178 -0.036905816790630229 -0.13462844697541967 0.016372252008212462 0.16576705171190279 0.043646902636961728 -0.15739522337965697 -0.16837169517935427 0.045813183125853536 0.10018408632970283 -0.049208458097691227 0.095523315320412305 -0.13554061111807825 0.046139179929443025 -0.23429400205359618 -0.011740090916864574 -0.27358395848332379 -0.07353352260589599 0.042449105920560101
leaf_weight=41 93 95 58 50 53 511 63 2865 82 1413 83 474 53 43 84 191 47 58 162 50 56 47 54 40 115 59 48 41 40 1026
leaf_count=41 93 95 58 50 53 511 63 2865 82 1413 83 474 53 43 84 191 47 58 162 50 56 47 54 40 115 59 48 41 40 1026
internal_value=-9.57547e-12 -0.111157 0.0323543 -0.0561094 -0.0837346 0.0101817 -0.0477713 0.012608 0.0589102 0.0726577 0.0776105 -0.168988 -0.158433 0.031576 0.0806765 0.130676 -0.0415291 -0.16709 -0.12635 -0.0633173 -0.0300944 -0.0147795 -0.0352175 -0.0622673 -0.000745927 -0.152228 -0.161923 -0.114123 -0.174794 0.0364753
internal_weight=8095 1825 6270 935 711 3417 487 3376 2853 1769 1687 890 797 224 134 274 90 744 270 108 424 371 315 261 155 106 224 129 81 1084
internal_count=8095 1825 6270 935 711 3417 487 3376 2853 1769 1687 890 797 224 134 274 90 744 270 108 424 371 315 261 155 106 224 129 81 1084
is_linear=0
shrinkage=0.03


Tree=45
num_leaves=31
num_cat=0
split_feature=1 33 30 20 6 27 49 34 42 74 41 46 47 66 60 56 74 32 34 56 57 48 8 54 45 33 47 63 61 50
split_gain=30436 6073.85 3885.92 2367.8 2097.77 1559.26 1341.75 1263.89 1259.05 1176.06 1051.97 993.769 1347.51 969.259 1211.74 1222.92 1464.33 1112.83 917.34 1033.14 926.809 927.504 883.443 1297.57 1629.74 879.539 2010.03 870.314 840.586 1035.94
threshold=1.5000000000000002 2.8999999761581425 30.133928298950199 1.0000000180025095e-35 0.52500000000000013 1.5000000000000002 43.833333333333336 35.632690429687507 18.033333778381351 1173.0500000000002 30.845238685607914 39.727341110700657 36.483333333333341 40.500000000000007 65.916666666666686 34.166666666666679 310.10000000000008 16.342768669128422 26.944272994995121 33.833333333333336 38.166666666666679 38.500000000000007 0.98325000000000007 0.59893742402744732 35.300000000000004 0.94444444775581371 32.964285714285722 -0.045261274550871596 38.416666666666679 37.900000000000006
decision_type=10 10 10 2 10 8 10 10 8 2 8 10 8 8 10 10 2 10 8 8 8 10 10 10 10 8 10 8 10 8
left_child=2 18 5 4 6 -1 9 27 -7 13 -6 12 -10 -3 15 -15 17 -17 20 -20 21 25 23 24 -12 -2 -27 -4 29 -5
right_child=1 3 7 28 10 8 -8 -9 11 -11 22 -13 -14 14 -16 16 -18 -19 19 -21 -22 -23 -24 -25 -26 26 -28 -29 -30 -31
leaf_value=-0.1553798968195915 -0.19078669671805537 -0.28933278892627529 -0.011490348327033061 0.01794845650522885 0.073247385527248729 -0.13867320368703651 -0.0081917112827301023 0.067481007579679037 -0.0032229789845297455 -0.011653007217017668 -0.05533851443082094 -0.10222878811955452 0.066874685654435245 -0.22723091084449018 -0.28502697524817089 0.11284556802700867 -0.19813254972696304 -0.094020068550109859 -0.2143562175966289 -0.082320543915654215 -0.23944110099994945 -0.21019827491333409 0.059562676877100415 0.058804231189191342 -0.28874796433108191 -0.2023665741015048 0.022378482014299872 0.04050902550370377 -0.040283225238323214 0.19362744340430132
leaf_weight=60 98 51 329 88 81 57 75 1653 1371 49 75 75 301 61 46 44 50 50 73 198 189 186 47 40 42 63 83 2424 90 46
leaf_count=60 98 51 329 88 81 57 75 1653 1371 49 75 75 301 61 46 44 50 50 73 198 189 186 47 40 42 63 83 2424 90 46
internal_value=4.90921e-11 -0.107822 0.0313837 -0.0544261 -0.0812226 -0.0049269 -0.123371 0.0467453 7.70757e-05 -0.147982 -0.0182216 0.00460413 0.00939628 -0.170102 -0.145876 -0.114651 -0.0669613 0.00281065 -0.163919 -0.117887 -0.184071 -0.159734 -0.0545401 -0.0886983 -0.139127 -0.121265 -0.0746005 0.0342948 0.0306287 0.0782562
internal_weight=8095 1825 6270 935 711 1864 426 4406 1804 351 285 1747 1672 302 251 205 144 94 890 271 619 430 204 157 117 244 146 2753 224 134
internal_count=8095 1825 6270 935 711 1864 426 4406 1804 351 285 1747 1672 302 251 205 144 94 890 271 619 430 204 157 117 244 146 2753 224 134
is_linear=0
shrinkage=0.03


Tree=46
num_leaves=31
num_cat=0
split_feature=1 27 34 33 20 13 33 46 8 46 44 53 44 26 46 34 34 61 12 29 66 8 42 15 8 10 36 61 43 17
split_gain=28637.2 5737.08 3692.76 3030.82 2074.99 1538.91 1446.95 1200.18 1138.49 1087.87 2132.95 949.393 901.9 1164.86 888.387 880.308 858.217 841.854 1018.65 835.198 994.235 914.333 912.311 846.965 762.388 759.876 752.407 733.413 737.307 715.973
threshold=1.5000000000000002 9.5000000000000018 32.438375473022468 37.516666412353523 1.0000000180025095e-35 -1.0000000180025095e-35 5.0454545021057138 41.065447344823802 0.9910000000000001 39.23025881841918 36.166666666666679 0.51956964859439692 43.166666666666679 28.500000000000004 39.23025881841918 29.334733963012699 27.25290679931641 35.583333333333343 0.46732481973992651 31.774999618530277 58.500000000000007 0.69366666666666676 18.033333778381351 -0.15837457287616355 0.88450000000000017 0.85906464427591189 35.833333969116218 37.708333333333343 39.500000000000007 3.5000000000000004
decision_type=10 8 10 8 2 10 8 10 10 8 10 10 10 2 10 8 10 10 8 10 8 10 8 10 8 10 10 10 10 2
left_child=2 4 6 5 16 -3 -1 14 9 10 15 -4 19 -14 -7 -5 29 -18 -19 20 21 23 -22 -8 -21 -13 -24 28 -27 -2
right_child=1 3 11 8 -6 7 12 -9 -10 -11 -12 25 13 -15 -16 -17 17 18 -20 24 22 -23 26 -25 -26 27 -28 -29 -30 -31
leaf_value=-0.17412639637291433 -0.15350511305197143 -0.17497745417496735 0.019038153779118772 -0.25417666400535194 0.0047156711015850306 -0.0062490472929312086 -0.17060657836496829 0.11534988093463812 0.01053021935529487 -0.28182434062957762 0.030245473918161892 0.064899598245143228 -0.20649138361215591 0.010710665237903594 -0.14161142216995359 -0.10807026584552866 -0.22319293497875334 -0.17762990840687984 0.014496761163075763 0.14873628180027007 -0.12376571983825869 -0.014178116617968816 0.027625863473063002 -0.002338210417087688 0.028046941142300424 0.026125919744372367 -0.058858237880648992 0.043673947794306986 -0.14389108395965938 -0.21566302477570451
leaf_weight=40 310 51 663 79 64 480 72 68 43 50 57 2435 40 50 48 70 40 41 63 50 41 518 1059 43 814 48 99 254 44 361
leaf_count=40 310 51 663 79 64 480 72 68 43 50 57 2435 40 50 48 70 40 41 63 50 41 518 1059 43 814 48 99 254 44 361
internal_value=-2.86138e-11 -0.104588 0.0304422 -0.0533153 -0.159768 -0.0168114 0.00502611 -0.00327701 -0.132305 -0.156297 -0.12583 0.0512976 0.0075983 -0.0858236 -0.0185547 -0.185536 -0.172685 -0.106231 -0.0612455 0.010717 -0.000750028 -0.0311666 0.0153081 -0.107689 0.0350313 0.0589883 0.0202321 0.0173873 -0.0551866 -0.186946
internal_weight=8095 1825 6270 946 879 647 2826 596 299 256 206 3444 2786 90 528 149 815 144 104 2696 1832 633 1199 115 864 2781 1158 346 92 671
internal_count=8095 1825 6270 946 879 647 2826 596 299 256 206 3444 2786 90 528 149 815 144 104 2696 1832 633 1199 115 864 2781 1158 346 92 671
is_linear=0
shrinkage=0.03


Tree=47
num_leaves=31
num_cat=0
split_feature=1 27 30 33 20 32 9 13 46 48 46 44 33 47 66 74 62 9 45 46 52 58 32 17 26 34 46 34 67 48
split_gain=26944.8 5398.02 3503.41 2851.7 1952.36 1649.1 1464.22 1447.96 1129.25 1071.36 1425.67 1011.2 988.669 1674.37 982.158 981.356 960.006 874.318 872.099 915.845 954.122 903.474 923.736 1701.92 854.916 976.122 835.883 807.497 815.68 796.476
threshold=1.5000000000000002 9.5000000000000018 33.562500000000007 37.516666412353523 1.0000000180025095e-35 23.755092620849613 0.89507319609808444 -1.0000000180025095e-35 41.065447344823802 31.500000000000004 39.23025881841918 36.416666666666679 1.0714285969734194 31.279220779220783 62.500000000000007 587.25000000000011 0.03800489021839288 0.99999423557308031 36.45000000000001 33.228362674782893 33.148351648351657 1.5833333333333337 34.707376480102546 12.500000000000002 5.5000000000000009 40.549999237060554 39.23025881841918 27.25290679931641 9.5000000000000018 42.500000000000007
decision_type=10 8 10 8 2 8 8 10 10 10 10 10 10 10 10 2 10 10 10 8 10 10 10 2 2 10 10 10 8 10
left_child=2 4 5 7 27 12 16 -3 26 -5 11 15 13 -1 -14 -11 29 18 19 -8 -21 -20 23 -23 -4 -26 -9 -2 -29 -7
right_child=1 3 24 9 -6 6 17 8 -10 10 -12 -13 14 -15 -16 -17 -18 -19 21 20 -22 22 -24 -25 25 -27 -28 28 -30 -31
leaf_value=-0.010468335073955099 -0.18133786718326381 -0.16972813023363842 -0.029756494212164499 -0.22476018054531766 0.004574200683273375 0.1270361570513289 -0.0037399274778350516 -0.006061575252475449 0.11188938365263097 -0.035695154690742491 -0.22736580861698497 0.060070884718614465 -0.045382403878766867 -0.24373711955997177 0.075553412258431513 -0.21822796534110858 0.0065456734177329248 0.081730931268012424 0.060140507807023826 0.1343437781965876 0.02585430072796582 -0.2267741386392223 0.014007449949608196 -0.028893853380800558 0.052266781939243438 0.12789759936353956 -0.13736308430554345 -0.018562003303319214 -0.16338821738958356 0.0021255119440370591
leaf_weight=58 671 51 107 77 64 221 1322 480 68 75 55 51 281 53 77 41 148 137 60 83 603 67 79 94 2659 163 48 60 84 58
leaf_count=58 671 51 107 77 64 221 1322 480 68 75 55 51 281 53 77 41 148 137 60 83 603 67 79 94 2659 163 48 60 84 58
internal_value=9.69018e-11 -0.10145 0.0295289 -0.0517158 -0.154975 0.00853209 0.0170494 -0.016307 -0.0031787 -0.128336 -0.0948918 -0.0512627 -0.0436249 -0.121849 -0.0193711 -0.100211 0.0683069 0.00809765 0.00372687 0.0108548 0.0389806 -0.0439829 -0.0700138 -0.111242 0.0534793 0.0566353 -0.0179981 -0.167504 -0.103044 0.101069
internal_weight=8095 1825 6270 946 879 3341 2872 647 596 299 222 167 469 111 358 116 427 2445 2308 2008 686 300 240 161 2929 2822 528 815 144 279
internal_count=8095 1825 6270 946 879 3341 2872 647 596 299 222 167 469 111 358 116 427 2445 2308 2008 686 300 240 161 2929 2822 528 815 144 279
is_linear=0
shrinkage=0.03


Tree=48
num_leaves=31
num_cat=0
split_feature=1 33 34 20 26 32 6 63 9 30 53 26 45 50 33 47 58 57 31 74 59 14 74 14 62 11 30 56 27 32
split_gain=25352.3 5099.94 3352.75 2182.47 1848.5 1770.24 1761 1158.03 946.561 1278.37 941.45 3243.97 1146.81 1110.87 935.021 1575.42 971.426 929.851 929.816 1081.83 957.12 915.968 873.481 975.968 1310.12 820.909 853.663 996.271 874.015 818.218
threshold=1.5000000000000002 2.111111164093018 34.802438735961921 1.0000000180025095e-35 91.500000000000014 23.755092620849613 0.52500000000000013 -0.14881647266536407 0.89507319609808444 34.145833969116218 0.54548442823645504 11.500000000000002 35.300000000000004 40.70000000000001 1.0714285969734194 31.279220779220783 1.1666666666666667 40.833333333333336 29.355107307434086 1084.7500000000002 3.8333333333333335 -0.034999999999999969 307.30000000000007 -0.074999999999999997 0.031548285427792207 0.82227046266224779 37.267856597900398 35.500000000000007 28.964636802673343 0.33333435654640203
decision_type=10 10 10 2 2 8 10 8 8 10 10 2 10 10 10 10 10 10 10 2 10 10 2 10 8 10 10 10 10 8
left_child=2 29 5 4 6 14 17 -7 -9 -10 11 -8 -12 -14 15 -1 -16 18 19 20 -3 -11 23 24 -22 26 27 28 -4 -2
right_child=1 3 25 -5 -6 7 10 8 9 21 12 -13 13 -15 16 -17 -18 -19 -20 -21 22 -23 -24 -25 -26 -27 -28 -29 -30 -31
leaf_value=-0.010154284960750874 -0.23499167175062241 -0.045913075852345248 -0.086153353893238568 0.031188120945791403 0.094913150782011596 -0.048391896145312356 0.09951071547480618 0.066733769275516566 0.0065243126189216578 -0.021505244635892186 0.1250565266519271 -0.25587011910131513 -0.14021305534112102 0.06196401774249178 0.12081129835546016 -0.23642500897623459 -0.036080633862713811 -0.01452212663560078 -0.27486173114111256 -0.0024203833515913983 0.026100397620882305 0.064967193960654868 -0.26935079373857557 -0.24087392493766155 -0.20373053614867895 0.033368637421053698 0.097761524938467237 0.077589898667058108 0.036221906707198784 -0.14083879423756296
leaf_weight=58 93 61 69 225 53 211 41 411 2227 132 58 53 51 47 40 53 317 58 43 53 49 669 68 53 41 739 647 477 220 778
leaf_count=58 93 61 69 225 53 211 41 411 2227 132 58 53 51 47 40 53 317 58 43 53 49 669 68 53 41 739 647 477 220 778
internal_value=1.64705e-10 -0.0984066 0.0286431 -0.0504877 -0.0756963 0.0127844 -0.0890724 0.0198276 0.0240133 0.0182147 -0.0258658 -0.100864 0.0193251 -0.0432506 -0.0421465 -0.118193 -0.0185017 -0.126166 -0.143762 -0.126416 -0.150577 0.0507171 -0.180835 -0.138744 -0.0786004 0.0589897 0.0723895 0.050959 0.00700428 -0.150892
internal_weight=8095 1825 6270 954 729 4118 676 3650 3439 3028 250 94 156 98 468 111 357 426 368 325 272 801 211 143 90 2152 1413 766 289 871
internal_count=8095 1825 6270 954 729 4118 676 3650 3439 3028 250 94 156 98 468 111 357 426 368 325 272 801 211 143 90 2152 1413 766 289 871
is_linear=0
shrinkage=0.03


Tree=49
num_leaves=31
num_cat=0
split_feature=31 30 33 17 1 20 26 60 34 56 66 52 62 67 15 58 63 26 1 9 34 66 6 52 33 73 45 45 35 66
split_gain=23890.2 4335.69 2835.12 2394.67 1794.45 1723.46 1341.63 1288.86 1221.57 1216.23 1234.54 1158.81 1423.39 1672.43 1308.55 1307.88 1119.65 1034.11 949.89 942.624 929.514 916.121 1359.38 1007.92 1295.29 1004.62 1525.12 1221.29 958.491 911.727
threshold=17.911192893981937 30.133928298950199 0.94444444775581371 1.0000000180025095e-35 1.5000000000000002 1.0000000180025095e-35 67.500000000000014 65.708333333333357 35.632690429687507 36.166666666666679 35.500000000000007 33.730303030303041 0.060791285081127223 1.5000000000000002 -0.088851471109535604 2.5833333333333335 -0.15110952842338601 5.5000000000000009 1.5000000000000002 0.82284666397936657 35.722557067871101 53.500000000000007 0.6150000000000001 39.516666666666673 32.436506271362312 299.4500000000001 35.900000000000006 30.633333333333336 26.500000000000004 41.500000000000007
decision_type=10 8 8 2 10 2 2 8 10 8 8 10 10 10 10 10 8 2 10 8 10 10 8 8 8 2 10 10 8 10
left_child=2 3 -1 -2 -4 6 7 11 9 10 -3 -6 13 14 -13 -15 -11 -10 -12 -18 -19 22 28 24 25 26 27 -24 -5 -29
right_child=1 8 4 21 5 -7 -8 -9 17 16 18 12 -14 15 -16 -17 19 20 -20 -21 -22 -23 23 -25 -26 -27 -28 29 -30 -31
leaf_value=-0.20161499367058278 -0.11075733865239643 -0.11781075944363231 -0.0068271841547851049 -0.028845861128398348 -0.19401084334356711 0.0045711441865117341 0.036592408302705728 -0.21436829489397716 -0.040199738971889012 -0.062128959966116934 0.018889731315874587 0.1847264465242624 -0.18121873487112591 -0.18677147101206953 -0.05502936744264194 -0.01204240519553423 0.1576629390238839 0.18666071442266302 -0.086541549562510228 0.043597977347692538 0.06003916190440476 0.022546271357968259 -0.068851983817158985 0.052602035427698861 -0.13672977116049789 0.024861124279693916 -0.202737874921332 0.069546606496676502 -0.22706842062265975 -0.07243873570787919
leaf_weight=300 203 71 168 42 128 95 40 166 90 87 1048 40 103 83 42 72 68 54 83 1586 1546 790 241 192 82 377 47 149 46 56
leaf_count=300 203 71 168 42 128 95 40 166 90 87 1048 40 103 83 42 72 68 54 83 1586 1546 790 241 192 82 377 47 149 46 56
internal_value=8.73529e-11 0.0218881 -0.121349 -0.0125324 -0.0956503 -0.115055 -0.131916 -0.142548 0.0384186 0.0267452 0.00353488 -0.117073 -0.0881082 -0.0476425 0.0619247 -0.105607 0.0427698 0.0587469 0.0111525 0.0482875 0.0643126 -0.00267105 -0.0188412 -0.0101012 -0.0227472 -0.012004 -0.040195 -0.023066 -0.132462 0.0307604
internal_weight=8095 6858 1237 2225 937 769 674 634 4633 2943 1202 468 340 237 82 155 1741 1690 1131 1654 1600 2022 1232 1144 952 870 493 446 88 205
internal_count=8095 6858 1237 2225 937 769 674 634 4633 2943 1202 468 340 237 82 155 1741 1690 1131 1654 1600 2022 1232 1144 952 870 493 446 88 205
is_linear=0
shrinkage=0.03


Tree=50
num_leaves=31
num_cat=0
split_feature=1 33 34 20 26 6 33 33 12 49 62 66 15 53 26 45 50 15 39 9 46 53 6 61 14 48 12 8 57 52
split_gain=22493.7 4564.34 3061.73 1983.9 1680.78 1561.54 1209.99 1055.68 933.509 905.833 1017.22 1177.79 1154.1 873.576 3044.33 1069.41 1035.37 864.439 849.513 1011.21 825.605 803.923 798.961 794.031 1074.16 951.858 789.691 875.748 1618.88 1323.8
threshold=1.5000000000000002 2.111111164093018 30.824808120727543 1.0000000180025095e-35 91.500000000000014 0.52500000000000013 35.639610290527351 6.0625000000000009 0.82195923774354751 43.833333333333336 0.028026773227350369 82.500000000000014 -0.068955458120575117 0.54548442823645504 11.500000000000002 35.300000000000004 40.70000000000001 -0.068955458120575117 38.237005233764656 0.89507319609808444 44.912315052533536 0.54005126452494878 0.77500000000000013 38.708333333333343 -0.18499999999999994 40.500000000000007 0.82348889146055659 0.77100000000000024 36.833333333333336 41.095454545454551
decision_type=10 10 10 2 2 10 8 8 10 10 10 8 8 10 2 10 10 8 8 8 10 10 8 10 10 10 10 10 10 8
left_child=2 -2 7 4 5 9 18 -1 22 10 11 17 -12 14 -7 -15 -17 -3 -4 21 -10 -20 -8 24 -5 -25 27 28 29 -9
right_child=1 3 6 23 -6 13 8 26 20 -11 12 -13 -14 15 -16 16 -18 -19 19 -21 -22 -23 -24 25 -26 -27 -28 -29 -30 -31
leaf_value=-0.15164324333625182 -0.14234553768247127 -0.031065530361873761 -0.010696456284219814 0.18419963547247736 0.091291103649989894 0.097237209634083069 -0.058102054340498789 -0.031429452801893028 0.017585412249495478 -0.020424190210311541 -0.31684528591001732 -0.001125215875265533 -0.13284527747855557 0.12100275876578587 -0.24703431228562348 -0.13513495642472714 0.060051126369532755 -0.19046628627365669 0.22883659721910951 0.028627689931224137 0.12626593584460871 0.064788416500498602 0.07465121646014114 -0.14581533256827331 0.011520458648002213 0.055093306932778266 -0.044734874581559919 0.020725982752057427 -0.10455455021839589 0.10270808843672276
leaf_weight=42 871 42 461 51 53 41 42 196 621 70 51 73 77 58 53 51 47 113 40 1443 70 82 1430 41 89 44 299 1284 160 100
leaf_count=42 871 42 461 51 53 41 42 196 621 70 51 73 77 58 53 51 47 113 40 1443 70 82 1430 41 89 44 299 1284 160 100
internal_value=-1.14886e-10 -0.0926927 0.0269799 -0.0473598 -0.0713943 -0.0841492 0.0417558 -0.00276342 0.0573602 -0.119079 -0.138477 -0.100481 -0.206158 -0.0246297 -0.0968733 0.0189018 -0.0415253 -0.147274 0.0250962 0.0356395 0.028595 0.118575 0.0708634 0.0305119 0.074425 -0.0418156 0.000303258 0.00804257 -0.0276713 0.0138873
internal_weight=8095 1825 6270 954 729 676 4189 2081 2163 426 356 228 128 250 94 156 98 155 2026 1565 691 122 1472 225 140 85 2039 1740 456 296
internal_count=8095 1825 6270 954 729 676 4189 2081 2163 426 356 228 128 250 94 156 98 155 2026 1565 691 122 1472 225 140 85 2039 1740 456 296
is_linear=0
shrinkage=0.03


Tree=51
num_leaves=31
num_cat=0
split_feature=31 30 33 17 1 20 60 52 62 67 15 34 56 66 63 26 43 6 10 37 18 10 50 9 34 35 56 27 6 10
split_gain=21269.4 3857.74 2598.28 2165.04 1619.75 1424.97 1193.84 1424.06 1536.57 1715.72 1145.02 1094.93 1139.34 1156.87 1043.28 969.203 936.392 929.935 906.949 1282.44 967.76 897.822 896.655 894.866 872.979 859.181 856.582 844.937 1078.67 757.79
threshold=17.911192893981937 30.133928298950199 0.72380954027175914 1.0000000180025095e-35 1.5000000000000002 1.0000000180025095e-35 65.708333333333357 33.730303030303041 0.064308925182525692 4.5000000000000009 -0.66754996989360149 35.632690429687507 36.166666666666679 35.500000000000007 -0.15110952842338601 5.5000000000000009 23.500000000000004 0.14500000000000005 0.8609353023909988 29.899999618530277 1.0000000180025095e-35 0.34641025641025647 43.225000000000009 0.82284666397936657 35.722557067871101 4.5000000000000009 38.500000000000007 7.5000000000000009 0.12500000000000003 0.84796367638965331
decision_type=10 10 8 2 10 2 8 10 10 10 10 10 8 8 8 2 10 10 10 10 2 8 10 8 10 10 10 8 8 10
left_child=2 3 -1 -2 25 6 7 -6 9 10 -9 12 13 -3 -14 26 -15 -7 20 -20 21 -5 -8 -16 -17 -4 -13 28 -11 -23
right_child=1 11 4 18 5 17 22 8 -10 27 -12 15 14 16 23 24 -18 -19 19 -21 -22 29 -24 -25 -26 -27 -28 -29 -30 -31
leaf_value=-0.1934251433320848 -0.1052120545594563 -0.11473735100891387 0.03312678151143094 -0.11907156820954948 -0.18509649983474186 0.10999759560450911 -0.23265536271734163 0.16249093995196745 -0.16650588987757348 -0.068039348307868536 -0.022418674101570137 0.054332178517837414 -0.060554756100835466 -0.12399645827213923 0.15259830973713712 0.17944846105658344 0.015659716520728593 -0.079393364858281398 -0.13796722299659375 0.047855546906152187 0.077652405505293398 -0.0041589425531630871 -0.079441170793898563 0.041460490866824351 0.056738013646657696 -0.12355131902865001 -0.13081698479859727 0.011258420152589679 -0.2676699067439352 0.080227415526614471
leaf_weight=288 203 71 126 58 133 40 128 48 108 58 81 44 87 45 68 54 1086 56 97 51 145 1569 47 1586 1546 42 46 40 42 102
leaf_count=288 203 71 126 58 133 40 128 48 108 58 81 44 87 45 68 54 1086 56 97 51 145 1569 47 1586 1546 42 46 40 42 102
internal_value=8.26123e-11 0.0206527 -0.1145 -0.0118153 -0.0905478 -0.108726 -0.123896 -0.100696 -0.0709206 -0.0325443 0.0463849 0.0362455 0.0251937 0.002729 0.0407035 0.0554913 0.0101031 -0.000480465 -0.00243864 -0.0739337 0.00320772 -0.00303547 -0.191506 0.0460296 0.0608795 -0.00604274 -0.0402996 -0.105272 -0.151884 0.00099211
internal_weight=8095 6858 1237 2225 949 781 685 510 377 269 129 4633 2943 1202 1741 1690 1131 96 2022 148 1874 1729 175 1654 1600 168 90 140 100 1671
internal_count=8095 6858 1237 2225 949 781 685 510 377 269 129 4633 2943 1202 1741 1690 1131 96 2022 148 1874 1729 175 1654 1600 168 90 140 100 1671
is_linear=0
shrinkage=0.03


Tree=52
num_leaves=31
num_cat=0
split_feature=1 33 34 20 26 6 33 6 10 47 62 12 53 66 60 64 57 31 10 33 42 30 66 29 12 29 67 17 63 26
split_gain=20013 4094.01 2762.39 1816.07 1535.49 1316.53 1152.31 987.744 1858.23 1426.48 1473.85 983.982 924.539 907.594 1476.12 1128.26 1022.85 887.198 878.725 869.924 838.497 1110.56 838.483 780.58 767.652 857.501 764.203 758.769 1181.47 953.412
threshold=1.5000000000000002 2.111111164093018 30.824808120727543 1.0000000180025095e-35 108.50000000000001 0.52500000000000013 28.773504257202152 0.56500000000000006 0.23271742593182546 38.148351648351657 -0.014408878850125898 0.82348889146055659 0.49126492962632567 50.500000000000007 65.083333333333357 1.0000000180025095e-35 38.416666666666679 26.98297214508057 0.86385701676963822 26.845238685607914 29.771552085876468 24.062500000000004 62.500000000000007 27.10000038146973 0.83374436345470782 37.899999618530281 12.500000000000002 3.5000000000000004 0.14845866909219155 19.500000000000004
decision_type=10 10 10 2 2 10 8 10 10 10 8 10 8 8 10 2 10 10 10 10 8 10 8 10 10 10 8 2 8 2
left_child=2 -2 7 4 5 13 17 8 9 10 22 18 -8 15 16 -3 20 26 -9 -12 -15 -22 -1 -13 -14 -26 -4 -7 -29 -30
right_child=1 3 6 -5 -6 27 12 11 -10 -11 19 23 24 14 -16 -17 -18 -19 -20 -21 21 -23 -24 -25 25 -27 -28 28 29 -31
leaf_value=-0.14967538381706583 -0.13445719547296023 -0.26124716577356427 -0.010812196765580904 0.030006796274582543 0.10429705157876014 0.044546401541194193 -0.0015787935455436589 0.0217814202580866 -0.22338045462965964 -0.18637635058164598 0.1569533217512071 -0.16517432282746927 0.05492246399545786 -0.16756549265384674 -0.18103604404732238 -0.09786158211227633 0.1035277679990977 0.027345675857837443 -0.079886050362277916 -0.02034835774451494 0.075457791309389788 -0.1239801299952446 0.0063671725610612139 -0.02425723146874631 -0.016402439795127965 0.054657525512188471 -0.1592514691305788 0.028043116407180338 -0.028892126519505571 -0.22495389893042797
leaf_weight=55 871 67 69 225 44 92 366 1381 48 40 66 41 2917 50 86 88 40 168 81 40 54 47 71 258 316 296 57 71 41 49
leaf_count=55 871 67 69 225 44 92 366 1381 48 40 66 41 2917 50 86 88 40 168 81 40 54 47 71 258 316 296 57 71 41 49
internal_value=1.70753e-11 -0.0874321 0.0254487 -0.0444983 -0.0674937 -0.0785284 0.0394837 -0.00280324 -0.0512888 -0.0209197 0.00760736 0.0060073 0.0438065 -0.110356 -0.0778289 -0.168486 -0.0313587 -0.0177867 0.0161487 0.090047 -0.0670902 -0.01735 -0.0617466 -0.0435803 0.0485135 0.0179664 -0.0779633 -0.0241818 -0.063455 -0.135637
internal_weight=8095 1825 6270 954 729 685 4189 2081 320 272 232 1761 3895 432 277 155 191 294 1462 106 151 101 126 299 3529 612 126 253 161 90
internal_count=8095 1825 6270 954 729 685 4189 2081 320 272 232 1761 3895 432 277 155 191 294 1462 106 151 101 126 299 3529 612 126 253 161 90
is_linear=0
shrinkage=0.03


Tree=53
num_leaves=31
num_cat=0
split_feature=31 34 33 17 1 20 6 52 60 62 67 40 10 49 61 31 7 49 7 17 66 28 10 31 9 62 59 35 8 63
split_gain=18959.7 3449.64 2369.64 2204.62 1432.87 1279.08 1201.63 1107.07 1337.48 1899.22 1683.18 1421.43 1146.45 1051.08 957.356 1090.06 927.649 917.379 893.89 1080.69 868.788 860.242 811.432 1444.75 847.33 801.95 1384.12 787.778 767.605 755.444
threshold=17.911192893981937 31.966384887695316 0.72380954027175914 1.0000000180025095e-35 1.5000000000000002 1.0000000180025095e-35 0.17500000000000002 33.730303030303041 65.208333333333357 0.064308925182525692 4.5000000000000009 15.459432601928713 0.32557195072424533 42.833333333333336 37.416666666666679 27.091840744018558 0.32833333333333342 31.833333333333339 0.71416666666666673 37.500000000000007 59.500000000000007 38.583333969116218 0.86275684931506869 29.621688842773441 0.94105075979587349 0.0054853648435823641 5.416666666666667 4.5000000000000009 0.99200000000000021 -0.13947061166914551
decision_type=10 10 8 2 10 2 8 10 10 10 10 8 8 10 10 10 10 8 10 2 8 10 10 10 10 8 8 10 8 8
left_child=2 3 -1 25 27 7 -5 -6 9 10 11 -9 13 -10 15 28 -7 -17 20 29 -16 -22 -8 -24 -25 -2 -27 -4 -3 -20
right_child=1 14 4 6 5 16 22 8 12 -11 -12 -13 -14 -15 18 17 -18 -19 19 -21 21 -23 23 24 -26 26 -28 -29 -30 -31
leaf_value=-0.18347682702975968 -0.15353861110472897 -0.087642368005458701 0.031757378865565573 -0.15088950961828229 -0.18495013542336189 0.080744087270037693 0.0099634770940924666 -0.073673043463911334 -0.18122925006245311 -0.17194776405880641 -0.091072948737026649 0.14430976615026594 -0.25044757119330924 0.01395111438225616 0.026238450007392212 0.09122740483268145 -0.10778375507127948 0.019934917347154982 -0.070943989830242624 0.065191307979436355 0.21626779308887542 0.070962102519932083 -0.19210808068513868 -0.10685348850316727 0.040545342622531781 -0.13948396299291271 0.073667840762780254 -0.11826911521809441 0.05183612060790159 0.029018242704599389
leaf_weight=288 109 129 126 45 163 55 2595 42 57 99 129 75 76 44 77 188 41 1195 74 1084 81 67 50 52 108 58 52 42 49 845
leaf_count=288 109 129 126 45 163 55 2595 42 57 99 129 75 76 44 77 188 41 1195 74 1084 81 67 50 52 108 58 52 42 49 845
internal_value=7.76115e-11 0.0194991 -0.108104 -0.00414231 -0.0852302 -0.102327 0.00290607 -0.1167 -0.0953879 -0.0609921 -0.0163392 0.0660595 -0.162431 -0.0962002 0.0386481 0.0206323 0.000226988 0.0296262 0.0512704 0.0449016 0.107967 0.150488 0.00537338 -0.0513471 -0.00735928 -0.0958678 -0.0387213 -0.00574924 -0.0492466 0.0209691
internal_weight=8095 6858 1237 3069 949 781 2850 685 522 345 246 117 177 101 3789 1561 96 1383 2228 2003 225 148 2805 210 160 219 110 168 178 919
internal_count=8095 6858 1237 3069 949 781 2850 685 522 345 246 117 177 101 3789 1561 96 1383 2228 2003 225 148 2805 210 160 219 110 168 178 919
is_linear=0
shrinkage=0.03


Tree=54
num_leaves=31
num_cat=0
split_feature=31 30 33 17 1 20 60 52 62 67 15 34 17 67 55 66 32 11 1 47 32 6 66 6 39 52 33 12 66 10
split_gain=17839.2 3248.75 2229.59 1829.76 1348.19 1203.48 1048 1253.5 1347.94 1507.12 1042.32 981.195 1017.33 1132.53 1040.44 1034.3 1152.01 1014.09 1050.47 993.93 1288.56 883.57 851.753 1146.78 1705.5 927.146 1140.02 821.406 819.17 791.344
threshold=17.911192893981937 30.133928298950199 0.72380954027175914 1.0000000180025095e-35 1.5000000000000002 1.0000000180025095e-35 65.708333333333357 33.730303030303041 0.064308925182525692 4.5000000000000009 -0.66754996989360149 40.549999237060554 34.500000000000007 11.500000000000002 0.50523542089739892 52.500000000000007 34.777976989746101 0.60657139651150793 1.5000000000000002 34.516666666666673 32.506858825683601 0.14500000000000005 53.500000000000007 0.72500000000000009 28.801757812500004 39.516666666666673 32.211111068725593 0.32921030289113901 52.500000000000007 0.83405797101449286
decision_type=10 10 8 2 10 2 8 10 10 10 10 10 2 10 10 10 10 8 10 8 10 10 10 8 8 8 8 10 8 10
left_child=2 3 -1 -2 -4 6 7 -6 9 10 -9 12 13 17 -14 16 -15 -3 29 -20 -21 -7 23 24 -5 26 -25 -27 -8 -19
right_child=1 11 4 22 5 21 28 8 -10 -11 -12 -13 14 15 -16 -17 -18 18 19 20 -22 -23 -24 25 -26 27 -28 -29 -30 -31
leaf_value=-0.17797252089406052 -0.096742047547119583 0.16875542688098821 -0.0055767680358673848 0.02336141250875531 -0.17064742129099997 0.10790889272466302 -0.061043192233358107 0.15716880882158876 -0.15305298851182061 -0.095746496419289284 -0.019253225656295263 0.098911047050995474 -0.024524170936790504 -0.15928283373291571 0.052373159251476877 0.0047260991639261748 0.02982405007751875 0.040762832893267896 0.045516982808195307 0.0094131216649399243 -0.21255949919040387 -0.076700330773102385 0.022054238021379641 -0.010151215570822129 -0.21262571181569781 0.16234906312240205 -0.12304032118802659 0.016355870496877964 -0.21301982924454194 -0.0058780729264159212
leaf_weight=288 203 44 168 49 133 40 42 48 108 140 81 196 173 89 1871 271 43 1362 58 43 52 56 790 844 63 46 89 141 133 431
leaf_count=288 203 44 168 49 133 40 42 48 108 140 81 196 173 89 1871 271 43 1362 58 43 52 56 790 844 63 46 89 141 133 431
internal_value=-7.87347e-11 0.0189141 -0.104861 -0.0108811 -0.0826733 -0.0992574 -0.113199 -0.0914623 -0.0635269 -0.0275833 0.0463922 0.0332233 0.0303216 0.0170453 0.0458647 -0.0288163 -0.0976798 0.0263329 0.0231126 -0.0523421 -0.112088 0.000220179 -0.00226105 -0.0178528 -0.109381 -0.00869998 -0.0209198 0.0522686 -0.176545 0.0295513
internal_weight=8095 6858 1237 2225 949 781 685 510 377 269 129 4633 4437 2393 2044 403 132 1990 1946 153 95 96 2022 1232 112 1120 933 187 175 1793
internal_count=8095 6858 1237 2225 949 781 685 510 377 269 129 4633 4437 2393 2044 403 132 1990 1946 153 95 96 2022 1232 112 1120 933 187 175 1793
is_linear=0
shrinkage=0.03


Tree=55
num_leaves=31
num_cat=0
split_feature=31 34 33 17 34 6 60 53 43 9 27 47 61 31 49 26 9 62 20 63 8 10 9 62 59 12 12 57 57 31
split_gain=16784.9 3102.73 2097.82 1965.14 1332.91 1107 1099.52 1426.8 1091.82 1269.49 1098.48 1180.67 880.882 961.603 845.548 835.445 918.191 834.529 822.005 788.358 773.748 757.166 1358.63 754.669 1301.07 747.96 734.164 688.049 682.017 727.753
threshold=17.911192893981937 31.966384887695316 0.72380954027175914 1.0000000180025095e-35 26.302968978881839 0.17500000000000002 61.416666666666679 0.55367025895811894 49.500000000000007 0.079438921724142506 10.500000000000002 34.345238095238102 37.083333333333343 27.091840744018558 31.833333333333339 8.5000000000000018 0.99996909952174873 0.17428435579090956 1.0000000180025095e-35 -0.25456587439640549 0.99200000000000021 0.86275684931506869 0.94105075979587349 0.0054853648435823641 5.416666666666667 0.23815436894384265 0.37933680601054415 37.500000000000007 39.833333333333336 36.591552734375007
decision_type=10 10 8 2 8 8 8 10 8 8 10 10 10 10 8 2 8 10 2 10 8 10 10 8 8 10 8 10 10 10
left_child=2 3 25 23 8 -5 -6 -8 9 -4 18 -12 13 20 -15 -14 17 -17 -11 -9 -3 26 -23 27 -25 -1 -7 -2 29 -18
right_child=1 12 4 5 6 21 7 19 -10 10 11 -13 15 14 -16 16 28 -19 -20 -21 -22 22 -24 24 -26 -27 -28 -29 -30 -31
leaf_value=-0.14108781302329337 -0.22130481602928853 -0.091264740732987806 0.071110501639544951 -0.14503584903478622 0.078420911616003008 0.13231143224724504 -0.14191951882368639 0.099263939365463433 -0.25410058305412531 -0.14080049373957287 -0.11264733188303121 0.052161163647684292 -0.01747157936052578 0.086583045598913416 0.016893779730377291 0.047242375540408575 0.19353879175804278 -0.064801687290591575 -0.0082761832944890281 -0.07715955716371535 0.050556149792914486 -0.14517961831717954 0.01123240349261323 -0.13293131037261979 0.073726323854464745 -0.24672866638316662 0.0073109100097241125 -0.070551839354965409 0.030780808630196943 0.088291903003437866
leaf_weight=202 55 118 40 45 71 43 95 53 40 406 83 74 164 183 1090 1708 81 62 47 40 49 82 128 58 52 86 2552 54 115 219
leaf_count=202 55 118 40 45 71 43 95 53 40 406 83 74 164 183 1090 1708 81 62 47 40 49 82 128 58 52 86 2552 54 115 219
internal_value=-2.53071e-11 0.0183467 -0.101715 -0.00407448 -0.0801931 0.00258008 -0.0221616 -0.0601476 -0.101976 -0.0926144 -0.10335 -0.0349669 0.0365073 0.0180326 0.026912 0.0478328 0.0527344 0.0433177 -0.127051 0.0233829 -0.0496526 0.00494825 -0.0498428 -0.0906749 -0.0352386 -0.172633 0.00938221 -0.14662 0.0928973 0.116709
internal_weight=8095 6858 1237 3069 949 2850 259 188 690 650 610 157 3789 1440 1273 2349 2185 1770 453 93 167 2805 210 219 110 288 2595 109 415 300
internal_count=8095 6858 1237 3069 949 2850 259 188 690 650 610 157 3789 1440 1273 2349 2185 1770 453 93 167 2805 210 219 110 288 2595 109 415 300
is_linear=0
shrinkage=0.03


Tree=56
num_leaves=31
num_cat=0
split_feature=1 20 34 27 60 30 62 60 53 50 26 17 14 30 33 63 9 30 8 63 14 62 30 60 28 76 33 41 15 27
split_gain=15895.7 3399.68 2287.93 2240.19 1325.25 1287.47 1245.87 1760.89 1664.99 1240.39 1283.17 1103.56 1090.53 1056.63 1526.02 790.927 991.732 961.814 952.791 951.779 892.514 793.69 782.666 779.22 737.628 736.906 727.599 712.73 911.463 709.469
threshold=1.5000000000000002 1.0000000180025095e-35 34.802438735961921 8.5000000000000018 68.583333333333357 25.062500000000004 0.10088404205285507 67.083333333333357 0.60834917884226192 36.266666666666673 3.5000000000000004 46.500000000000007 0.18500000000000003 30.791666984558109 26.045454978942875 -0.14881647266536407 0.89507319609808444 34.145833969116218 0.75291666666666679 -0.18924146534946296 -0.034999999999999969 0.037087539806656807 25.937500000000004 63.416666666666679 30.583333015441898 1.0000000180025095e-35 40.809089660644538 17.125000000000004 -0.094513481527220333 29.750917434692386
decision_type=10 2 10 8 10 8 8 10 10 10 2 2 8 10 8 8 8 10 10 10 10 10 8 10 10 2 8 10 10 10
left_child=2 3 5 -2 6 11 7 8 13 -3 -11 24 -12 14 27 19 18 -18 -17 25 -19 -20 -8 -16 -1 -7 -4 28 -5 -10
right_child=1 9 26 4 -6 15 22 -9 29 10 12 -13 -14 -15 23 16 17 20 21 -21 -22 -23 -24 -25 -26 -27 -28 -29 -30 -31
leaf_value=-0.03386560634996906 -0.13067089805174642 -0.060818956946107477 0.037677704629879509 0.022205657778601895 0.07222414021147415 -0.052157525791098246 -0.092915218809376587 -0.24259266870362417 0.12547660635276273 -0.0737516546180082 0.053804151448746056 -0.17945795868124279 0.23883774577185166 0.026303034577180039 -0.18726712189270897 -0.057602808871306477 0.0038097861963892624 -0.029009117387573825 0.12234734656232776 -0.15226637491526512 0.05634902952698314 0.023255604129770527 -0.27436219726502897 -0.0682678693041089 0.066201271489262581 0.091869794215474809 0.077962907737702619 0.083141087889671325 -0.15423886111196206 -0.029003024693578482
leaf_weight=477 791 110 1614 57 64 92 46 42 66 43 86 42 43 88 130 48 2167 132 198 52 669 115 40 80 77 49 538 45 49 45
leaf_count=477 791 110 1614 57 64 92 46 42 66 43 86 42 43 88 130 48 2167 132 198 52 669 115 40 80 77 49 538 45 49 45
internal_value=4.65712e-11 -0.077921 0.0226804 -0.0954255 -0.0583523 0.00957989 -0.070499 -0.0552404 -0.0411889 0.0178574 0.0681736 -0.0311974 0.115482 -0.066909 -0.089631 0.0164803 0.0199034 0.0141928 0.0668538 -0.0425633 0.0422825 0.0859398 -0.177309 -0.141934 -0.0199574 -0.00210548 0.047749 -0.0168916 -0.0593583 0.0628497
internal_weight=8095 1825 6270 1543 752 4118 688 602 560 282 172 596 129 449 361 3522 3329 2968 361 193 801 313 86 210 554 141 2152 151 106 111
internal_count=8095 1825 6270 1543 752 4118 688 602 560 282 172 596 129 449 361 3522 3329 2968 361 193 801 313 86 210 554 141 2152 151 106 111
is_linear=0
shrinkage=0.03


Tree=57
num_leaves=31
num_cat=0
split_feature=1 33 34 30 12 20 31 66 63 10 29 6 60 26 61 50 30 27 74 12 67 55 52 63 28 41 61 62 55 15
split_gain=14970.5 3560.48 2001.09 1628.79 1515.27 1431.42 1005.43 1182.01 979.904 962.536 1051.12 995.623 2274.31 1127.96 944.173 1089.23 940.858 954.76 896.046 858.178 796.061 1136.97 1003.33 868.457 887.802 793.148 781.312 739.511 1795.32 938.79
threshold=1.5000000000000002 2.8999999761581425 35.265724182128913 29.937500000000004 0.68483040366579873 1.0000000180025095e-35 26.98297214508057 51.500000000000007 -0.12875288788376205 0.069366479550922219 24.899999618530277 0.03500000000000001 61.208333333333343 36.500000000000007 38.416666666666679 35.63333333333334 29.376238822937015 9.5000000000000018 834.15000000000009 0.77010070109240703 5.5000000000000009 0.4560084901583345 38.148351648351657 -0.050644885338732661 28.92473125457764 30.94999980926514 37.083333333333343 0.046577786960386759 0.58330691330439066 0.040278791453539083
decision_type=8 10 8 10 10 2 10 10 8 10 10 10 10 2 10 10 10 10 2 10 10 10 8 8 10 10 10 10 10 10
left_child=2 8 6 5 -5 16 7 -1 -2 11 -11 -10 -13 -14 15 -7 17 18 -3 -6 -8 -22 -23 -24 -25 27 -9 28 29 -19
right_child=1 3 -4 4 19 14 20 26 9 10 -12 12 13 -15 -16 -17 -18 25 -20 -21 21 22 23 24 -26 -27 -28 -29 -30 -31
leaf_value=-0.047240945645747427 -0.01453151189342693 -0.14222618531656653 0.048625797855210075 0.1408622257680778 -0.12747583799064158 -0.010437845209214303 0.032744201487958709 -0.0037508940647382263 -0.13473757601521832 -0.19010604677491644 -0.056402894664894447 0.1423664875497872 -0.13921209732268716 0.033295561313629145 -0.05836071098682942 0.18324145382764387 -0.19035544671510393 0.025577095324794453 0.0016865445256233217 0.035143189659342169 0.14411190048605205 -0.023917765682844535 -0.0583642352069728 0.16856190299107271 0.028498876935999541 -0.15146567013417911 0.090957098901271821 -0.084519427619348067 0.1928507282052721 -0.12405808585342662
leaf_weight=501 81 176 1900 83 46 56 1793 286 297 267 66 44 141 45 77 49 57 108 50 80 50 811 96 44 548 43 108 92 42 58
leaf_count=501 81 176 1900 83 46 56 1793 286 297 267 66 44 141 45 77 49 57 108 50 80 50 811 96 44 548 43 108 92 42 58
internal_value=6.15764e-11 -0.0722276 0.0230441 -0.0333139 0.0413356 -0.0526229 0.0115725 -0.0166672 -0.114284 -0.12368 -0.163606 -0.0984507 -0.0515934 -0.0974764 0.0214315 0.0799458 -0.0741531 -0.0625125 -0.110387 -0.0242257 0.0191352 0.00338246 -0.00131165 0.025336 0.038909 -0.0309683 0.0222097 -0.013697 0.0176283 -0.0267051
internal_weight=8095 1958 6137 1017 209 808 4237 895 941 860 333 527 230 186 182 105 626 569 226 126 3342 1549 1499 688 592 343 394 300 208 166
internal_count=8095 1958 6137 1017 209 808 4237 895 941 860 333 527 230 186 182 105 626 569 226 126 3342 1549 1499 688 592 343 394 300 208 166
is_linear=0
shrinkage=0.03


Tree=58
num_leaves=31
num_cat=0
split_feature=1 20 34 27 60 62 60 53 50 61 30 33 33 44 42 53 52 9 66 66 8 17 59 30 44 12 29 42 41 15
split_gain=14094.1 3051.67 2030.11 1990.64 1242.2 1148.87 1637.46 1526.76 1142.21 1167.49 959.689 1387.2 948.996 909.733 804.937 802.433 754.499 752.378 747.28 903.432 763.469 1006.52 778.643 743.813 729.774 724.927 754.972 674.855 667.918 828.1
threshold=1.5000000000000002 1.0000000180025095e-35 30.824808120727543 8.5000000000000018 68.583333333333357 0.10088404205285507 67.083333333333357 0.60834917884226192 37.900000000000006 37.583333333333343 30.791666984558109 26.045454978942875 28.773504257202152 43.166666666666679 17.236110687255863 0.49126492962632567 32.408333333333339 0.98998254403378338 68.500000000000014 85.500000000000014 0.5970000000000002 11.500000000000002 5.166666666666667 25.937500000000004 36.416666666666679 0.83374436345470782 37.899999618530281 28.782352447509769 17.125000000000004 -0.094513481527220333
decision_type=10 2 10 8 10 8 10 10 10 10 10 8 8 10 8 8 8 8 8 10 10 2 10 8 10 10 10 10 10 10
left_child=2 3 13 -2 5 6 7 10 -3 -10 11 28 17 14 -1 16 -14 -4 20 -20 22 -22 -16 -7 -13 -17 -27 -9 29 -5
right_child=1 8 12 4 -6 23 -8 27 9 -11 -12 24 15 -15 18 25 -18 -19 19 -21 21 -23 -24 -25 -26 26 -28 -29 -30 -31
leaf_value=-0.11144930106354876 -0.12318124532725488 -0.038865117603505882 -0.04591586489910008 0.021135549890367606 0.071409488576464356 -0.087064961716532704 -0.2327833946262087 0.11658148940810015 0.20812807214531029 0.018502069739946 0.025637061646716162 -0.1626805933957387 0.11466392172234399 -0.11332965951699477 -0.014150136401513953 0.047924377205944071 -0.020479207489363573 0.065685663973951397 0.030161316441387507 -0.091982880257840807 0.043205349056891371 -0.026178120603755916 -0.15515454872984152 -0.26395099387317894 -0.022868191961731229 -0.020237286939415372 0.046439241198067728 -0.037492354477755722 0.081337866902351383 -0.14704668959298609
leaf_weight=56 791 151 222 57 64 46 42 71 44 87 88 168 42 65 77 2917 324 72 903 58 279 578 65 40 42 316 296 40 45 49
leaf_count=56 791 151 222 57 64 46 42 71 44 87 88 168 42 65 77 2917 324 72 903 58 279 578 65 40 42 316 296 40 45 49
internal_value=-3.42796e-11 -0.0733726 0.0213564 -0.089957 -0.0550096 -0.0667695 -0.052117 -0.038567 0.0173712 0.0821932 -0.0631962 -0.0848509 0.0333882 -0.00286314 0.000698528 0.0373112 -0.00497098 -0.0185849 0.00390275 0.0227895 -0.0142655 -0.00359004 -0.0786944 -0.169338 -0.134718 0.0416964 0.0120115 0.0610594 -0.0154991 -0.0566091
internal_weight=8095 1825 6270 1543 752 688 602 560 282 131 449 361 4189 2081 2016 3895 366 294 1960 961 999 857 142 86 210 3529 612 111 151 106
internal_count=8095 1825 6270 1543 752 688 602 560 282 131 449 361 4189 2081 2016 3895 366 294 1960 961 999 857 142 86 210 3529 612 111 151 106
is_linear=0
shrinkage=0.03


Tree=59
num_leaves=31
num_cat=0
split_feature=1 20 34 22 27 22 22 12 62 13 30 50 59 61 26 45 8 56 17 33 28 34 61 7 64 44 7 30 50 28
split_gain=13261.1 2871.31 1947.41 1923.39 1658.35 1206.74 1129.36 1362.14 1466.01 1202.66 1116.99 1095.08 1047.09 1182.36 1328.55 1414.11 2045.89 1211.06 1029.19 972.895 914.124 841.506 850.644 893.337 761.176 975.969 719.845 791.549 881.418 1050.98
threshold=1.5000000000000002 1.0000000180025095e-35 34.802438735961921 94.500000000000014 8.5000000000000018 53.500000000000007 20.500000000000004 0.72579978494348329 0.026961304560076563 -1.0000000180025095e-35 25.062500000000004 42.100000000000009 3.1666666666666674 39.083333333333343 13.500000000000002 33.300000000000004 0.36450000000000005 43.166666666666679 46.500000000000007 35.679487228393562 24.833333015441898 29.630276679992679 37.916666666666679 0.57416666666666683 1.0000000180025095e-35 24.500000000000004 0.99416666666666675 37.267856597900398 41.900000000000006 39.166666030883796
decision_type=10 2 10 2 8 2 2 10 10 10 8 10 10 10 2 10 10 10 2 8 8 10 10 8 2 8 10 10 8 10
left_child=2 3 10 4 -2 6 9 8 -8 -6 18 19 -11 14 15 16 -14 20 -1 21 -15 22 23 -3 25 -12 27 28 29 -4
right_child=1 11 26 -5 5 -7 7 -9 -10 12 24 -13 13 17 -16 -17 -18 -19 -20 -21 -22 -23 -24 -25 -26 -27 -28 -29 -30 -31
leaf_value=-0.018497597305541218 -0.12311439230424348 -0.05275861392660839 0.040700004498585886 0.11056775319714879 -0.22294044882059097 -0.17828903322560447 0.18898877357265778 -0.10932997746276669 -0.033343516220064727 0.083927641227756714 -0.10667897996397652 0.16226078076101841 -0.13717413754588584 -0.036654880801836646 -0.21103889094123357 -0.14733551467840486 0.14872093695849181 -0.12096822411417961 -0.17252983876637049 -0.13844612268464906 0.14972294585108756 0.12556248373845041 -0.097108243549099332 0.14296466197558613 -0.0031767132184898051 0.028710043546201526 0.028949480890792502 0.097363322569694696 -0.066722964050217728 0.19960198965014478
leaf_weight=554 783 41 434 43 42 70 56 48 51 44 49 40 41 45 79 91 50 50 42 42 50 51 65 43 1300 2173 1239 377 61 41
leaf_count=554 783 41 434 43 42 70 56 48 51 44 49 40 41 45 79 91 50 50 42 42 50 51 65 43 1300 2173 1239 377 61 41
internal_value=1.75181e-10 -0.0711714 0.0207158 -0.0872583 -0.0929293 -0.0599656 -0.047164 0.0234517 0.0830173 -0.0694108 0.00862943 0.0168501 -0.0550814 -0.0701464 -0.108305 -0.0637122 0.0199111 -0.00146023 -0.0293522 -0.00718475 0.0614387 0.0203801 -0.0156219 0.0474331 0.0150568 0.0257244 0.0438438 0.0640562 0.0406294 0.0544158
internal_weight=8095 1825 6270 1543 1500 717 647 155 107 492 4118 282 450 406 261 182 91 145 596 242 95 200 149 84 3522 2222 2152 913 536 475
internal_count=8095 1825 6270 1543 1500 717 647 155 107 492 4118 282 450 406 261 182 91 145 596 242 95 200 149 84 3522 2222 2152 913 536 475
is_linear=0
shrinkage=0.03


Tree=60
num_leaves=31
num_cat=0
split_feature=31 34 33 17 34 9 60 53 6 63 46 52 63 62 27 59 49 26 54 48 55 53 10 28 12 63 12 47 50 66
split_gain=12498.3 2343.2 1777.01 1568.3 1206.4 1042.31 1002.02 1310.65 927.48 784.639 1184.35 1005.67 880.05 781.859 772.279 775.555 879.489 1277.8 790.78 733.265 804.859 730.407 727.602 739.836 722.84 720.679 710.988 708.418 1048.49 692.455
threshold=17.911192893981937 31.966384887695316 0.72380954027175914 1.0000000180025095e-35 26.302968978881839 0.079438921724142506 61.416666666666679 0.55367025895811894 0.17500000000000002 0.043040263861022172 39.986482582167575 41.519230769230781 -0.22934774602292848 0.028026773227350369 9.5000000000000018 3.1666666666666674 33.833333333333336 7.5000000000000009 0.56539345179938127 39.500000000000007 0.58330691330439066 0.52528347972148259 0.87662776932183328 31.416666984558109 0.23815436894384265 -0.25456587439640549 0.83582307394020394 34.345238095238102 39.550000000000004 28.500000000000004
decision_type=10 10 8 2 8 8 8 10 8 8 10 8 10 10 10 8 8 2 10 10 10 10 10 10 10 10 10 10 10 8
left_child=2 3 24 -2 5 -4 -6 -8 -5 10 12 -12 -3 -14 15 -7 17 -17 -18 20 -20 -11 26 -24 -1 -9 -10 -16 -29 -23
right_child=1 9 4 8 6 14 7 25 22 21 11 -13 13 -15 27 16 18 -19 19 -21 -22 29 23 -25 -26 -27 -28 28 -30 -31
leaf_value=-0.12203053610565344 -0.081016684036752953 0.071005898947319526 0.054338977953722313 -0.13282564186553161 0.083265155931593657 -0.0030626778526509062 -0.12738958254789837 0.10359208182414185 0.010971175596247284 0.01235288029406101 0.19131469431732381 0.024860136740061701 -0.010737054103133666 -0.10366244803952133 -0.10661466661290349 0.07110779664612242 -0.22014546977900698 -0.13764750359763561 -0.14933074628434528 -0.17265326511219281 0.036447397080618282 -0.054121875802024461 -0.16739068695090034 0.0037819809262502066 -0.22588228358778842 -0.065088711798191062 -0.056226262127608062 0.12313207652951989 -0.07927929170758409 0.048257979210169041
leaf_weight=202 219 66 43 45 71 47 95 53 2564 785 42 147 199 138 88 42 115 71 41 107 43 61 44 47 86 40 150 42 51 2351
leaf_count=202 219 66 43 45 71 47 95 53 2564 785 42 147 199 138 88 42 115 71 41 107 43 61 44 47 86 40 150 42 51 2351
internal_value=4.88012e-11 0.0158316 -0.0877712 -0.00365301 -0.067963 -0.0886863 -0.0127543 -0.0490169 0.00229178 0.0316136 -0.000111563 0.06185 -0.0291705 -0.0487896 -0.0981919 -0.118619 -0.131581 -0.060057 -0.157993 -0.120572 -0.05423 0.0374883 0.00445944 -0.0789828 -0.153042 0.0310412 0.00725724 -0.045601 0.0121323 0.0456688
internal_weight=8095 6858 1237 3069 949 690 259 188 2850 3789 592 189 403 337 647 466 419 113 306 191 84 3197 2805 91 288 93 2714 181 93 2412
internal_count=8095 6858 1237 3069 949 690 259 188 2850 3789 592 189 403 337 647 466 419 113 306 191 84 3197 2805 91 288 93 2714 181 93 2412
is_linear=0
shrinkage=0.03


Tree=61
num_leaves=31
num_cat=0
split_feature=1 20 34 22 27 10 22 50 26 22 12 62 13 33 61 59 61 26 45 8 56 14 12 28 46 66 50 15 15 28
split_gain=11866.4 2641.27 1764.25 1763.01 1431.15 1232.06 1142.58 1066.34 1185.59 1051.63 1286.07 1380.17 1122.24 1042.56 1034.44 983.073 1106.49 1257.61 1331.48 1901.52 1140.18 980.464 873.943 857.018 851.147 771.096 742.724 932.133 792.966 770.518
threshold=1.5000000000000002 1.0000000180025095e-35 26.714545249938968 94.500000000000014 8.5000000000000018 0.53596945060359713 53.500000000000007 36.266666666666673 3.5000000000000004 20.500000000000004 0.72579978494348329 0.026961304560076563 -1.0000000180025095e-35 35.639610290527351 36.583333333333343 3.1666666666666674 39.083333333333343 13.500000000000002 33.300000000000004 0.36450000000000005 43.166666666666679 0.18500000000000003 0.82195923774354751 24.833333015441898 44.912315052533536 43.500000000000007 42.366666666666674 0.038090336494865547 -0.018860544977347845 38.833333969116218
decision_type=10 2 10 2 8 8 2 10 2 2 10 10 10 8 10 10 10 2 10 10 10 8 10 8 8 8 8 8 10 10
left_child=2 3 5 4 -2 14 9 -3 -9 12 11 -11 -6 -4 -1 -14 17 18 19 -17 23 -10 26 -18 25 -24 29 28 -28 -15
right_child=1 7 13 -5 6 -7 -8 8 21 10 -12 -13 15 22 -16 16 20 -19 -20 -21 -22 -23 24 -25 -26 -27 27 -29 -30 -31
leaf_value=-0.2356696047708392 -0.11622450458478197 -0.055850739980285814 0.014569181125567567 0.10664488521079683 -0.21487957628709928 -0.0059270727364404956 -0.17269582315002169 -0.072672172341235838 0.050741023436881777 0.18373902672369566 -0.10598240212537348 -0.031986098429735967 0.081963143888437617 0.053581044004039048 -0.031881359267760728 -0.13115325782357193 -0.034830701669057211 -0.20419463175384303 -0.14199853370150367 0.14447005773782728 -0.1168389058470726 0.22618901834411675 -0.094714009805367538 0.14563174910545348 0.11202181765188773 0.014166501942446459 0.020088409605160566 0.00075549429754162079 0.16238022232062316 0.11223688451174114
leaf_weight=40 783 110 2869 43 42 954 70 43 86 56 48 51 44 832 51 41 45 79 91 50 50 43 65 50 72 589 71 391 70 266
leaf_count=40 783 110 2869 43 42 954 70 43 86 56 48 51 44 832 51 41 45 79 91 50 50 43 65 50 72 589 71 391 70 266
internal_value=-6.06752e-11 -0.0673248 0.0195961 -0.0827538 -0.0881833 -0.0159877 -0.0575608 0.0170971 0.0637497 -0.0451042 0.0230383 0.0809168 -0.0665718 0.0267129 -0.121459 -0.0527297 -0.067327 -0.104241 -0.0608552 0.0202881 -0.000880961 0.109224 0.0415008 0.0601495 0.0141229 0.00334504 0.0536949 0.0246021 0.0907297 0.0677909
internal_weight=8095 1825 6270 1543 1500 1045 717 282 172 647 155 107 492 5225 91 450 406 261 182 91 145 129 2356 95 726 654 1630 532 141 1098
internal_count=8095 1825 6270 1543 1500 1045 717 282 172 647 155 107 492 5225 91 450 406 261 182 91 145 129 2356 95 726 654 1630 532 141 1098
is_linear=0
shrinkage=0.03


Tree=62
num_leaves=31
num_cat=0
split_feature=1 20 34 22 27 22 50 30 22 12 62 13 17 59 61 26 45 8 56 33 28 9 14 8 62 67 34 61 7 74
split_gain=11165.1 2485.18 1677.84 1658.82 1346.57 1075.05 1004.36 1003.93 989.481 1210.07 1298.6 1055.92 970.786 924.974 1041.1 1183.29 1252.79 1789.14 1072.79 903.247 806.369 772.171 917.731 902.161 1105.11 880.862 771.414 807.011 821.101 742.649
threshold=1.5000000000000002 1.0000000180025095e-35 35.265724182128913 94.500000000000014 8.5000000000000018 53.500000000000007 42.100000000000009 25.062500000000004 20.500000000000004 0.72579978494348329 0.026961304560076563 -1.0000000180025095e-35 46.500000000000007 3.1666666666666674 39.083333333333343 13.500000000000002 33.300000000000004 0.36450000000000005 43.166666666666679 35.679487228393562 24.833333015441898 0.89507319609808444 0.19 0.75291666666666679 -0.092801783451648537 12.500000000000002 29.630276679992679 37.916666666666679 0.57416666666666683 476.60000000000008
decision_type=10 2 10 2 8 2 10 8 2 10 10 10 2 10 10 2 10 10 10 8 8 8 10 10 10 8 8 10 8 2
left_child=2 3 7 4 -2 8 19 12 11 10 -10 -6 -1 -13 15 16 17 -15 20 26 -16 23 -23 -9 -25 -26 27 28 -3 -27
right_child=1 6 -4 -5 5 -7 -8 21 9 -11 -12 13 -14 14 18 -17 -18 -19 -20 -21 -22 22 -24 24 25 29 -28 -29 -30 -31
leaf_value=-0.016827514304944217 -0.11273776865756081 -0.048982850589403291 0.042651015347919534 0.10344554144282674 -0.20843319264905791 -0.16751495012640952 0.15584215103834867 -0.061013007660706844 0.17822685799694488 -0.1028029293846339 -0.031026513957801982 0.079504247878424139 -0.16642580449581146 -0.1272186613737083 -0.033785782972971599 -0.19806879213339165 -0.13773857624157443 0.14013595440387724 -0.11333373508751392 -0.13290945287261691 0.14126279658079147 0.012191531504484604 -0.091922810134979396 0.19839351219053453 0.093730056589512625 -0.065992216269175216 0.12083282769602888 -0.093712818988240673 0.13866039758504822 0.078446934445286706
leaf_weight=554 783 41 1888 43 42 70 40 54 56 48 51 44 42 41 45 79 91 50 50 42 50 3296 78 52 172 81 51 65 43 53
leaf_count=554 783 41 1888 43 42 70 40 54 56 48 51 44 42 41 45 79 91 50 50 42 50 3296 78 52 172 81 51 65 43 53
internal_value=5.89727e-11 -0.0653051 0.0190083 -0.0802712 -0.0855378 -0.055834 0.0165841 0.00882169 -0.043751 0.0223472 0.0784893 -0.0645746 -0.0273697 -0.0511479 -0.0653072 -0.101114 -0.0590295 0.0196795 -0.000854532 -0.0064337 0.058345 0.014519 0.00978462 0.0532904 0.0705317 0.0488036 0.0201262 -0.0143438 0.0470726 -0.0088633
internal_weight=8095 1825 6270 1543 1500 717 282 4382 647 155 107 492 596 450 406 261 182 91 145 242 95 3786 3374 412 358 306 200 149 84 134
internal_count=8095 1825 6270 1543 1500 717 282 4382 647 155 107 492 596 450 406 261 182 91 145 242 95 3786 3374 412 358 306 200 149 84 134
is_linear=0
shrinkage=0.03


Tree=63
num_leaves=31
num_cat=0
split_feature=1 33 54 20 30 28 66 56 66 46 52 6 64 10 12 34 63 67 34 6 76 52 6 14 14 43 50 6 10 66
split_gain=10521.2 2646.42 1490.92 1408.51 1390.87 1203.33 1071.65 1198.21 998.774 1124.95 1331.52 1076.97 998.519 947.188 917.042 915.815 912.603 891.01 881.059 876.991 838.291 825.366 824.842 805.217 782.717 843.477 787.526 778.82 895.521 1003.59
threshold=1.5000000000000002 1.0714285969734194 0.50547944519186261 1.0000000180025095e-35 29.937500000000004 36.166666030883796 50.500000000000007 33.833333333333336 46.500000000000007 34.094326460525359 34.67948717948719 0.085000000000000006 1.0000000180025095e-35 0.61143790849673219 0.67308816756723222 40.549999237060554 -0.13828957812224038 7.5000000000000009 28.412404060363773 0.67500000000000016 1.0000000180025095e-35 43.045454545454554 0.15500000000000003 0.28500000000000009 0.26500000000000007 42.500000000000007 39.266666666666673 0.03500000000000001 0.075474683544303811 51.500000000000007
decision_type=8 10 8 2 10 10 10 10 10 10 8 10 2 8 10 8 8 10 10 8 2 8 8 10 10 10 10 8 8 10
left_child=2 12 13 4 6 14 8 -8 9 10 19 -11 18 -1 -6 16 17 -4 -2 -3 -20 27 -9 -15 25 26 -13 -14 -29 -30
right_child=1 3 15 -5 5 -7 7 22 -10 11 -12 24 21 23 -16 -17 -18 -19 20 -21 -22 -23 -24 -25 -26 -27 -28 28 29 -31
leaf_value=-0.15142572955387393 -0.14630780793092471 -0.18360264117012218 0.0065096904860991161 0.033751073655483015 0.17894690529424315 -0.11096945916116237 -0.12941632778807119 0.12351217482984067 -0.23708949825167655 -0.21044725551097479 0.072729212637794638 -0.07574039497545787 -0.13591968036614929 -0.0097857866863518741 0.010701124265324324 0.089913822050819436 0.027907115254566028 -0.10292608728956268 0.0048523461417509951 0.0032145896194768803 -0.15553772567434512 -0.16488940213735287 -0.016841544639684406 0.11431811436098449 -0.19262853109091521 -0.14814605891704558 0.10909121334916208 0.11735364011355807 0.029110988352492633 -0.12898811941500754
leaf_weight=41 415 49 246 241 49 40 66 50 40 81 76 42 52 1184 72 199 4326 92 78 42 47 52 153 49 40 43 41 42 83 64
leaf_count=41 415 49 246 241 49 40 66 50 40 81 76 42 52 1184 72 199 4326 92 78 42 47 52 153 49 40 43 41 42 83 64
internal_value=7.17216e-11 -0.0605505 0.0193186 -0.0305388 -0.0480658 0.0316776 -0.0658234 -0.0183741 -0.0939376 -0.0801065 -0.0199646 -0.120769 -0.101083 -0.00957083 0.0788337 0.0268869 0.0241978 -0.0232776 -0.125277 -0.0973793 -0.0554543 -0.0564923 0.0177283 -0.00485384 -0.0770107 -0.0403066 0.015562 -0.0331037 -0.00481574 -0.0397213
internal_weight=8095 1958 6137 1125 884 161 723 269 454 414 167 247 833 1274 121 4863 4664 338 540 91 125 293 203 1233 166 126 83 241 189 147
internal_count=8095 1958 6137 1125 884 161 723 269 454 414 167 247 833 1274 121 4863 4664 338 540 91 125 293 203 1233 166 126 83 241 189 147
is_linear=0
shrinkage=0.03


Tree=64
num_leaves=31
num_cat=0
split_feature=1 33 34 26 20 6 66 31 57 62 63 45 46 33 61 63 10 29 66 56 61 60 10 9 7 8 32 49 46 10
split_gain=9899.44 2491.55 1433.9 1225.23 1028.51 920.699 949.209 972.069 945.438 984.878 899.45 867.756 904.416 1336.22 869.338 838.731 901.086 906.034 851.224 940.217 1015.37 836.057 817.157 807.832 792.788 764.074 1167.48 731.448 730.762 795.657
threshold=1.5000000000000002 2.8999999761581425 35.265724182128913 91.500000000000014 1.0000000180025095e-35 0.52500000000000013 62.500000000000007 29.355107307434086 34.583333333333336 0.0034962772630208754 -0.14881647266536407 31.450000000000003 31.732549707163201 30.925824165344242 39.416666666666679 -0.12875288788376205 0.069366479550922219 24.899999618530277 87.500000000000014 33.833333333333336 37.708333333333343 61.750000000000007 0.81096096096096104 0.97542278385925385 0.058333333333333341 0.65100000000000013 19.337531089782718 39.166666666666679 31.937773338611258 0.86188554658840799
decision_type=8 10 8 2 2 10 10 10 10 10 8 8 10 8 10 8 10 10 8 10 10 8 8 10 10 10 10 8 8 10
left_child=2 15 10 4 5 6 7 25 -7 22 23 12 14 -14 -12 -2 18 -18 19 -17 24 -20 -10 -1 -21 26 -3 -23 -13 -30
right_child=1 3 -4 -5 -6 8 -8 -9 9 -11 11 28 13 -15 -16 16 17 -19 21 20 -22 27 -24 -25 -26 -27 -28 -29 29 -31
leaf_value=-0.081985984784896881 -0.0016277275331042431 -0.087693653451186598 0.040393837539194836 0.095871771113218165 0.020949121952056882 -0.07306456194437487 0.014783700857940431 -0.22849934699687549 0.071933246857446176 0.12772317137103528 -0.0040982319362437942 -0.026671016654872801 -0.16339028156114907 0.0016819435101002454 0.12945272652999212 -0.18349350931142505 -0.16584201170654778 -0.041708766608075661 0.080024874198895243 -0.094740164389587794 -0.12244223010932613 -0.15522224244864088 -0.098038277720150183 0.029443294746954715 0.060539716873595967 -0.17682523463593153 0.087888813124197288 0.013055484142709285 0.032130705052535111 -0.023442561047714808
leaf_weight=175 81 202 1900 69 225 128 77 47 46 64 946 256 79 100 46 95 267 66 52 53 167 46 57 88 67 61 41 47 2289 258
leaf_count=175 81 202 1900 69 225 128 77 47 46 64 946 256 79 100 46 95 267 66 52 53 167 46 57 88 67 61 41 47 2289 258
internal_value=8.66777e-11 -0.058734 0.018739 -0.0261816 -0.0350652 -0.0524971 -0.0806031 -0.101528 -0.0117194 0.0352996 0.00902831 0.0125842 -0.00910482 -0.0711712 0.00209466 -0.0939156 -0.102608 -0.141239 -0.0781976 -0.101688 -0.0746095 -0.0163126 -0.0221287 -0.0447017 -0.00804223 -0.0818981 -0.0580686 -0.0701787 0.0216451 0.0265014
internal_weight=8095 1958 6137 1017 948 723 428 351 295 167 4237 3974 1171 179 992 941 860 333 527 382 287 145 103 263 120 304 243 93 2803 2547
internal_count=8095 1958 6137 1017 948 723 428 351 295 167 4237 3974 1171 179 992 941 860 333 527 382 287 145 103 263 120 304 243 93 2803 2547
is_linear=0
shrinkage=0.03


Tree=65
num_leaves=31
num_cat=0
split_feature=1 20 34 22 27 10 22 50 26 61 14 22 47 12 13 33 59 61 12 12 26 45 8 46 52 33 47 64 7 50
split_gain=9323.49 2106.67 1503.54 1462.13 1177 1100.39 1012.35 977.524 1093.67 958.37 902.114 897.395 1173.61 1294.01 951.294 882.215 873.456 971.956 1194.26 819.699 807.951 1038.07 1434.97 792.198 749.844 728.369 741.765 926.086 738.514 716.403
threshold=1.5000000000000002 1.0000000180025095e-35 26.714545249938968 94.500000000000014 8.5000000000000018 0.53596945060359713 53.500000000000007 36.266666666666673 3.5000000000000004 36.583333333333343 0.18500000000000003 20.500000000000004 38.345238095238102 0.72174873873664958 -1.0000000180025095e-35 35.639610290527351 3.1666666666666674 39.416666666666679 0.77778788220895889 0.82195923774354751 13.500000000000002 33.300000000000004 0.36450000000000005 44.912315052533536 39.449494949494955 34.184659957885749 36.441558441558449 1.0000000180025095e-35 0.97833333333333339 42.366666666666674
decision_type=10 2 10 2 8 8 2 10 2 10 8 2 8 10 10 8 10 10 8 10 2 10 10 8 10 10 8 2 8 8
left_child=2 3 5 4 -2 9 11 -3 -9 -1 -10 14 13 -13 -6 -4 -16 20 -19 29 21 22 -18 24 -21 26 -7 28 -28 -17
right_child=1 7 15 -5 6 25 -8 8 10 -11 -12 12 -14 -15 16 19 17 18 -20 23 -22 -23 -24 -25 -26 -27 27 -29 -30 -31
leaf_value=-0.22508686861395835 -0.1038302626031169 -0.05412480615214868 0.012769025599674225 0.099025811078243473 -0.19528119942173361 -0.011979804207629058 -0.15900539379460471 -0.070640140647111924 0.047964952789073763 -0.02893450673888711 0.21625688174436258 0.16176961713555185 -0.097372279811878584 -0.05447321013361215 0.080970146226781323 0.063196749386067189 -0.11851261657912557 -0.11923900224099106 0.072922398240067229 0.053569531301883126 -0.16987791368042129 -0.12504292820021509 0.11883782347234395 0.10547645397484302 -0.018861617008759931 -0.10134947015287063 0.086099941262467339 0.157658462024826 -0.068670033229448438 0.020780054532355607
leaf_weight=40 783 110 2869 43 42 720 70 43 86 51 43 66 49 40 44 1098 41 44 86 176 83 100 52 72 478 67 55 56 56 532
leaf_count=40 783 110 2869 43 42 720 70 43 86 51 43 66 49 40 44 1098 41 44 86 176 83 100 52 72 478 67 55 56 56 532
internal_value=-1.55285e-10 -0.0596766 0.01737 -0.073456 -0.0784005 -0.0154796 -0.05063 0.0157191 0.0603867 -0.115155 0.104062 -0.0389046 0.0240427 0.0801686 -0.0587356 0.0239399 -0.0459914 -0.0597507 0.00788316 0.0375432 -0.0916073 -0.0579469 0.0141995 0.0110285 0.000630557 -0.00597172 0.00123268 0.0581967 0.00801779 0.0493528
internal_weight=8095 1825 6270 1543 1500 1045 717 282 172 91 129 647 155 106 492 5225 450 406 130 2356 276 193 93 726 654 954 887 167 111 1630
internal_count=8095 1825 6270 1543 1500 1045 717 282 172 91 129 647 155 106 492 5225 450 406 130 2356 276 193 93 726 654 954 887 167 111 1630
is_linear=0
shrinkage=0.03


Tree=66
num_leaves=31
num_cat=0
split_feature=1 33 34 26 22 31 22 12 33 10 22 66 55 66 61 33 12 30 21 46 38 15 39 42 47 9 67 56 67 33
split_gain=8772.47 1988.13 1414.68 1052.53 1039.51 1255.57 1359.62 1651.46 1055.71 1035.35 919.398 1151.38 978.033 949.508 901.731 833.392 882.233 780.868 1055.69 777.247 716.83 696.103 717.683 851.634 753.643 871.475 719.573 864.745 1008.79 685.322
threshold=1.5000000000000002 2.111111164093018 26.714545249938968 91.500000000000014 56.500000000000007 17.911192893981937 25.500000000000004 0.6598003268284035 15.125000000000002 0.53596945060359713 11.500000000000002 37.500000000000007 0.53315367474567155 57.500000000000007 36.583333333333343 35.966667175292976 0.82195923774354751 20.267857551574711 0.41500000000000009 44.912315052533536 43.562500000000007 -0.33985143997708522 38.237005233764656 39.679801940917976 38.031250000000007 0.94671823943307909 5.5000000000000009 35.833333333333336 1.5000000000000002 34.184659957885749
decision_type=10 10 10 2 2 8 2 10 10 8 2 10 10 8 10 8 10 10 2 10 10 8 8 10 10 8 8 10 10 10
left_child=2 -2 9 4 5 8 10 -8 -3 14 12 -12 13 -7 -1 21 20 -14 -19 -18 -17 -4 24 26 -23 -26 27 28 -24 -11
right_child=1 3 15 -5 -6 6 7 -9 -10 29 11 -13 17 -15 -16 16 19 18 -20 -21 -22 22 23 -25 25 -27 -28 -29 -30 -31
leaf_value=-0.21833425498008727 -0.090656419738241803 -0.047839624991666677 0.1340787333625901 0.092598586018945342 -0.16016117632389068 -0.019294788752283368 0.24868750630355463 -0.0070366497074856472 -0.18730166771401793 0.0011957017983086282 -0.20775663197674649 -0.0055480513247576618 0.08630012104969198 0.17332558353157604 -0.028066470868447244 0.053252893719457815 -0.0017782711886018515 -0.10291448259115218 0.074156138710677624 0.10231216033299764 -0.064517264124006032 -0.0029115242307203625 0.12180607434282911 0.1402898688921157 -0.016933397079721607 -0.19636958552258355 0.0063298668489635765 0.074952622064488592 -0.035123108072500478 -0.098308986350337954
leaf_weight=40 871 284 42 61 57 42 41 51 59 887 47 55 41 51 51 1503 625 125 40 72 48 562 47 51 58 42 1657 347 171 67
leaf_count=40 871 284 42 61 57 42 41 51 59 887 47 55 41 51 51 1503 625 125 40 72 48 562 47 51 58 42 1657 347 171 67
internal_value=8.96175e-12 -0.0578864 0.0168489 -0.0279673 -0.0362031 -0.0277514 0.00291497 0.106927 -0.0718287 -0.0150152 -0.0209482 -0.0987226 0.00558349 0.0863357 -0.111701 0.0232217 0.0370095 -0.0308726 -0.0599883 0.00897426 0.0496082 0.0128103 0.0110749 0.0190808 -0.0164138 -0.0922966 0.0162988 0.0455352 -0.00128975 -0.00579257
internal_weight=8095 1825 6270 954 893 836 493 92 343 1045 401 102 299 93 91 5225 2248 206 165 697 1551 2977 2935 2273 662 100 2222 565 218 954
internal_count=8095 1825 6270 954 893 836 493 92 343 1045 401 102 299 93 91 5225 2248 206 165 697 1551 2977 2935 2273 662 100 2222 565 218 954
is_linear=0
shrinkage=0.03


Tree=67
num_leaves=31
num_cat=0
split_feature=1 33 54 26 20 45 49 74 59 67 66 64 11 46 6 51 34 34 10 63 67 52 76 59 66 29 44 54 54 47
split_gain=8258.88 2159.48 1292.84 1168.6 1196.47 955.361 1025.19 980.14 1099.82 1131.72 1010.56 954.396 894.304 874.188 954.855 830.265 822.567 793.25 791.086 783.95 834.418 778.185 772.286 763.698 761.373 997.601 1278.6 852.273 935.247 930.86
threshold=1.5000000000000002 1.0714285969734194 0.50547944519186261 91.500000000000014 1.0000000180025095e-35 35.300000000000004 38.500000000000007 834.15000000000009 5.416666666666667 3.5000000000000004 65.500000000000014 1.0000000180025095e-35 0.57645378044903373 34.544187032886647 0.69500000000000006 35.808283450047675 40.549999237060554 28.412404060363773 0.78973684210526329 -0.13828957812224038 7.5000000000000009 43.045454545454554 1.0000000180025095e-35 4.5833333333333348 50.500000000000007 13.633333683013918 40.500000000000007 0.59893742402744732 0.56074134832091282 40.033333333333339
decision_type=8 10 8 2 2 10 10 2 10 10 8 2 10 10 8 10 8 10 10 8 10 8 2 10 10 10 10 10 10 8
left_child=2 11 13 4 5 6 7 8 9 -3 -9 17 -10 14 -1 -16 19 -2 23 20 -4 -13 -19 -6 27 -26 -27 28 -7 -29
right_child=1 3 16 -5 18 24 -8 10 12 -11 -12 21 -14 -15 15 -17 -18 22 -20 -21 -22 -23 -24 -25 25 26 -28 29 -30 -31
leaf_value=-0.14982336771229038 -0.13386982906642314 0.10263603371732374 0.0064389944330948152 0.091270142008720981 0.15488758312196146 -0.068600212471051636 0.10837367955297231 -0.047815557519594827 -0.19870866427789696 -0.069092600001762053 0.15679690825353776 -0.023956489520325204 -0.022222058622166516 0.093277187727391714 -0.0037207820634323203 -0.10630096635903771 0.083895753824231603 0.010221252520210467 -0.085702497291824081 0.025053049992726683 -0.09946443132448779 -0.1519200395850035 -0.14372498681887666 0.016887175959609722 -0.14865926392873127 -0.060434336737910307 0.15391084237396718 -0.014138866396564425 -0.24560003691393395 -0.17294011859893799
leaf_weight=46 415 51 246 71 49 44 50 45 73 107 42 241 40 70 1082 76 199 78 46 4326 92 52 47 137 45 67 40 99 69 50
leaf_count=46 415 51 246 71 49 44 50 45 73 107 42 241 40 70 1082 76 199 78 46 4326 92 52 47 137 45 67 40 99 69 50
internal_value=3.72686e-11 -0.053647 0.017116 -0.0265366 -0.0344723 -0.0514532 -0.0188741 -0.0366461 -0.0647715 -0.0136612 0.0509629 -0.0902607 -0.136236 -0.0097859 -0.0157779 -0.0104532 0.0241637 -0.113914 0.0256928 0.0216151 -0.0223868 -0.0466667 -0.0476625 0.0532421 -0.0835601 -0.0301469 0.0196947 -0.114548 -0.17668 -0.0674279
internal_weight=8095 1958 6137 1125 1054 822 408 358 271 158 87 833 113 1274 1204 1158 4863 540 232 4664 338 293 125 186 414 152 107 262 113 149
internal_count=8095 1958 6137 1125 1054 822 408 358 271 158 87 833 113 1274 1204 1158 4863 540 232 4664 338 293 125 186 414 152 107 262 113 149
is_linear=0
shrinkage=0.03


Tree=68
num_leaves=31
num_cat=0
split_feature=1 20 34 22 27 7 26 22 46 63 62 22 15 49 26 46 8 45 9 61 9 76 66 51 11 28 12 61 50 66
split_gain=7774.82 1811.51 1296.92 1253.11 1025.41 984.139 1088.4 948.079 945.796 878.732 841.503 927.707 1395.19 958.356 1223.94 1181.28 1475.09 968.255 836.842 1561.09 1449.98 1303.76 1211.28 1449.88 1715.51 909.228 823.429 762.316 849.098 760.967
threshold=1.5000000000000002 1.0000000180025095e-35 34.802438735961921 94.500000000000014 8.5000000000000018 0.10583333333333335 3.5000000000000004 53.500000000000007 32.701483930940377 -0.14881647266536407 0.10088404205285507 20.500000000000004 0.045861253793366079 36.833333333333336 13.500000000000002 32.923275185399909 0.41200000000000003 35.100000000000009 0.74523232913832527 41.916666666666679 0.81571169958776002 1.0000000180025095e-35 57.500000000000007 37.004545132584568 0.21887759591323969 36.583333969116218 0.71483602565598725 38.583333333333343 36.900000000000006 73.500000000000014
decision_type=10 2 10 2 8 10 2 2 10 8 8 2 10 10 2 10 10 10 10 10 10 2 8 8 10 10 10 10 10 8
left_child=2 3 9 4 -2 -3 -7 10 -8 -1 11 13 26 14 15 16 -6 -15 19 22 21 -20 27 24 -24 -22 -13 28 -11 -19
right_child=1 5 -4 -5 7 6 8 -9 -10 18 -12 12 -14 17 -16 -17 -18 29 20 -21 25 -23 23 -25 -26 -27 -28 -29 -30 -31
leaf_value=-0.045308738454170189 -0.095586312878948296 0.1512948306920234 0.034735987359224244 0.092404385711564563 -0.081974017658016887 -0.14647099480032921 -0.08837141215228117 -0.15080850536642332 0.060491397879704145 -0.057323322180037696 -0.12315795664542488 0.20728626002436099 -0.072749224857850514 0.12803679268442403 -0.19729252273128148 -0.1381654659172763 0.14823986766616934 0.032048379819741686 0.05218723803686981 -0.16103023060468527 0.0035756125035178751 0.25194143638014793 0.026303257300050221 0.09852932171003051 -0.15440210779197514 0.045002383007502492 0.021174171723425388 0.031459359698928893 -0.22344285682216286 -0.10636120292273435
leaf_weight=280 783 41 2152 43 55 42 52 70 147 90 84 46 55 45 63 69 46 78 104 65 2468 41 181 146 64 591 40 48 40 66
leaf_count=280 783 41 2152 43 55 42 52 70 147 90 84 46 55 45 63 69 46 78 104 65 2468 41 181 146 64 591 40 48 40 66
internal_value=9.52857e-11 -0.0544954 0.0158619 -0.0672731 -0.0718505 0.0154192 -0.00769651 -0.0459299 0.0215926 0.00599863 -0.0345829 -0.0213674 0.0452548 -0.0436275 -0.084345 -0.042488 0.0228759 0.00656926 0.00974174 -0.0217497 0.0159732 0.108669 -0.00583889 0.0236942 -0.0209014 0.0115793 0.120722 -0.0707122 -0.108437 -0.0313893
internal_weight=8095 1825 6270 1543 1500 282 241 717 199 4118 647 563 141 422 233 170 101 189 3838 634 3204 145 569 391 245 3059 86 178 130 144
internal_count=8095 1825 6270 1543 1500 282 241 717 199 4118 647 563 141 422 233 170 101 189 3838 634 3204 145 569 391 245 3059 86 178 130 144
is_linear=0
shrinkage=0.03


Tree=69
num_leaves=31
num_cat=0
split_feature=1 26 33 34 20 64 10 66 60 29 61 34 7 7 61 74 53 6 33 30 27 66 7 8 63 53 6 34 10 33
split_gain=7315.32 1739.81 1498.41 1242.27 1040.57 980.021 926.829 845.262 1784.19 1176.24 1135.5 836.019 832.273 1096.17 825.26 1033.39 1214.46 955.97 758.49 735.009 797.314 734.752 1191.51 879.559 713.191 724.783 692.341 870.635 663.461 658.171
threshold=1.5000000000000002 98.500000000000014 1.0714285969734194 26.714545249938968 1.0000000180025095e-35 1.0000000180025095e-35 0.53596945060359713 50.500000000000007 65.083333333333357 17.500000000000004 40.083333333333343 18.522727012634281 0.40166666666666678 0.58500000000000008 37.208333333333343 1086.1500000000003 0.52528347972148259 0.63500000000000012 40.809089660644538 19.062500000000004 8.5000000000000018 53.500000000000007 0.36833333333333346 0.57266666666666677 0.043040263861022172 0.53030128473676863 0.54500000000000015 28.253205299377445 0.57416666666666683 34.184659957885749
decision_type=10 2 10 10 2 2 8 8 10 10 10 10 10 10 10 2 10 10 8 10 10 10 8 8 8 8 10 10 10 10
left_child=3 2 5 6 7 -2 11 19 14 -10 -11 -1 -6 -14 15 16 -9 -18 24 20 -4 22 -7 -23 -5 -26 27 -21 -15 -8
right_child=1 -3 4 18 12 21 29 8 9 10 -12 -13 13 28 -16 -17 17 -19 -20 26 -22 23 -24 -25 25 -27 -28 -29 -30 -31
leaf_value=-0.20416719824075696 -0.1149116450242086 0.096031702858642404 -0.10427221786408197 -0.010694174200885942 0.10600013337723196 -0.081940675399921559 0.0011010341877705735 0.035142020219354891 -0.21573600720259403 -0.15266859261827034 0.064108439975006634 -0.021766147695633831 -0.15199631633609534 0.10780217667514423 0.054808596236897364 0.10227591264434159 -0.20558419697046759 -0.018871384012262994 0.047199001332646921 -0.27936255477368832 0.066987134389579303 -0.033803482420742513 0.083434389631607028 -0.20158676413779564 0.0043938232756758839 0.032080752063569577 -0.047169119468466796 -0.091118241722990823 -0.039649604951080525 -0.096412650128242683
leaf_weight=42 499 68 63 733 73 81 887 64 63 44 43 49 40 53 168 40 62 41 855 48 40 70 76 47 1358 2279 44 41 57 67
leaf_count=42 499 68 63 733 73 81 887 64 63 44 43 49 40 53 168 40 62 41 855 48 40 70 76 47 1358 2279 44 41 57 67
internal_value=-1.25822e-10 -0.0528606 -0.0586231 0.0153861 -0.0340679 -0.0898809 -0.0144733 -0.050768 -0.0295697 -0.117014 -0.0455259 -0.105951 0.0229222 -0.0175091 0.00540806 -0.0346851 -0.0674902 -0.131262 0.0213579 -0.0979252 -0.0377637 -0.0442956 -0.0018865 -0.101204 0.0163021 0.0217429 -0.144516 -0.192643 0.0313953 -0.00574741
internal_weight=8095 1825 1757 6270 984 773 1045 761 525 150 87 91 223 150 375 207 167 103 5225 236 103 274 157 117 4370 3637 133 89 110 954
internal_count=8095 1825 1757 6270 984 773 1045 761 525 150 87 91 223 150 375 207 167 103 5225 236 103 274 157 117 4370 3637 133 89 110 954
is_linear=0
shrinkage=0.03


Tree=70
num_leaves=31
num_cat=0
split_feature=1 26 33 27 49 20 10 7 64 14 45 51 66 66 60 29 61 7 7 56 33 42 6 64 66 7 8 9 47 37
split_gain=6882.99 1636.99 1409.85 1197.58 1455.18 979.072 969.64 995.323 922.102 907.527 886.872 973.108 883.411 795.307 1678.74 1106.73 1068.39 783.085 1031.39 782.434 753.232 736.094 695.396 1096.55 691.328 1121.09 827.577 690.582 674.51 1049.25
threshold=1.5000000000000002 98.500000000000014 1.0714285969734194 29.776374816894535 45.166666666666679 1.0000000180025095e-35 0.85906464427591189 0.8566666666666668 1.0000000180025095e-35 -0.54499999999999982 31.450000000000003 33.342033206840789 68.500000000000014 50.500000000000007 65.083333333333357 17.500000000000004 40.083333333333343 0.40166666666666678 0.58500000000000008 35.166666666666679 17.166666984558109 18.033333778381351 0.48500000000000004 1.0000000180025095e-35 53.500000000000007 0.36833333333333346 0.57266666666666677 0.61188639943098122 35.654761904761912 31.984042167663578
decision_type=10 2 10 10 10 2 10 10 2 8 8 10 10 8 10 10 10 10 10 10 8 8 10 2 10 8 8 8 8 10
left_child=3 2 8 4 9 13 10 -8 -2 -1 11 -5 -13 22 19 -16 -17 -7 -19 -15 -11 -21 23 -4 25 -10 -26 -23 -22 -30
right_child=1 -3 5 6 -6 17 7 -9 24 20 -12 12 -14 14 15 16 -18 18 -20 21 28 27 -24 -25 26 -27 -28 -29 29 -31
leaf_value=0.10496982416671623 -0.11146429589835699 0.093150752759264668 -0.21153389425654159 0.035044780986100303 -0.16188194002956152 0.10282013033759103 -0.14764200248320897 -0.00059600798745008032 -0.079482455154260001 -0.091366638285773141 0.035459250351835496 -0.088498466717341392 0.051088142633024185 -0.05187016299460083 -0.20926392734760327 -0.14808853223919868 0.062185189030891236 -0.1474364250227809 0.030453484317118473 -0.072659728245979008 -0.012350091193400322 0.14583801585339731 -0.010565488825086504 -0.059002899909391997 -0.0327893781129803 0.080931359796147601 -0.19553916297060375 0.024458073221083558 0.052365494203148087 -0.029873185599411742
leaf_weight=72 499 68 76 217 51 73 45 522 81 84 3172 167 54 137 63 44 43 40 110 44 1250 62 64 96 70 76 47 132 429 207
leaf_count=72 499 68 76 217 51 73 45 522 81 84 3172 167 54 137 63 44 43 40 110 44 1250 62 64 96 70 76 47 132 429 207
internal_value=1.29558e-10 -0.0512748 -0.0568644 0.0149245 -0.00359748 -0.0330459 0.0242054 -0.0122663 -0.0871844 0.000355761 0.0299338 -0.0100817 -0.0543913 -0.049245 -0.0286826 -0.113504 -0.0441601 0.0222345 -0.0169838 0.00524582 -0.0034677 0.0381235 -0.0949875 -0.1264 -0.0429668 -0.00182991 -0.0981675 0.0632496 0.000447208 0.0255991
internal_weight=8095 1825 1757 6270 2093 984 4177 567 773 2042 3610 438 221 761 525 150 87 223 150 375 1970 238 236 172 274 157 117 194 1886 636
internal_count=8095 1825 1757 6270 2093 984 4177 567 773 2042 3610 438 221 761 525 150 87 223 150 375 1970 238 236 172 274 157 117 194 1886 636
is_linear=0
shrinkage=0.03


Tree=71
num_leaves=31
num_cat=0
split_feature=31 34 34 17 6 10 47 10 7 12 66 9 53 47 63 44 57 8 48 61 36 10 33 74 9 67 31 67 17 53
split_gain=6479.06 1414.86 1314.04 1500.98 1251.17 1641.79 1102.61 968.91 1340.8 977.314 1030.72 1004.16 930.617 1215.99 749.24 714.415 708.35 753.106 649.241 1501.42 850.487 837.685 724.093 712.322 909.143 668.672 676.588 647.923 641.243 957.486
threshold=17.911192893981937 30.824808120727543 27.25290679931641 3.5000000000000004 0.03500000000000001 0.062828947368421068 30.75961538461539 0.86385701676963822 0.88500000000000012 0.82348889146055659 62.500000000000007 0.82284666397936657 0.51633375180689234 35.148351648351657 -0.25456587439640549 24.833333333333339 39.416666666666679 0.80700000000000016 32.500000000000007 38.583333333333343 24.416666984558109 0.84325537443893228 4.0454545021057138 890.20000000000016 0.93315898525380392 13.500000000000002 31.126955986022953 21.500000000000004 3.5000000000000004 0.55279507672472172
decision_type=8 10 10 2 10 8 8 10 10 8 8 8 10 10 10 8 8 8 10 10 10 10 10 2 10 10 10 10 2 10
left_child=2 7 3 4 -1 -6 -7 9 -9 18 11 -11 -4 -14 -15 -3 17 -12 19 22 25 23 -2 24 -22 26 -20 -17 -13 -30
right_child=1 15 12 -5 5 6 -8 8 -10 10 16 28 13 14 -16 27 -18 -19 20 -21 21 -23 -24 -25 -26 -27 -28 -29 29 -31
leaf_value=-0.10436247978243045 -0.098388515961170195 -0.092587527086844243 -0.085348426601779992 -0.11546669163896392 0.13390442859741949 0.093734411875406903 -0.071500624042181743 -0.22880330967530607 -0.028033338288674835 0.039528092907534701 0.086881462914900759 -0.15474745584161659 0.18279582153572593 0.072836029271284741 -0.1033455506818635 0.02379086928957929 0.065930819953680928 -0.02730734079931298 0.11299041042923927 -0.14959629604893346 -0.089238682308048003 0.099398535641340116 0.023345237356240618 0.067230325159819235 0.024309990832751448 -0.050377972338880812 0.030507257115440788 -0.090637908319632213 -0.087735324368262896 0.034223840392206786
leaf_weight=176 50 49 67 504 62 45 189 40 119 81 59 76 43 45 42 4304 126 437 200 62 150 65 365 69 110 42 162 45 234 77
leaf_count=176 50 49 67 504 62 45 189 40 119 81 59 76 43 45 42 4304 126 437 200 62 150 65 365 69 110 42 162 45 234 77
internal_value=-2.32086e-11 0.0110485 -0.0651982 -0.0794636 -0.0410197 -0.0033564 -0.0397247 -0.00685534 -0.0785415 -0.00203585 -0.0228935 -0.0565253 0.00547708 0.0522871 -0.0122171 0.0213234 0.00241155 -0.0137244 0.0157954 -0.0118939 0.0323465 0.00098501 0.00867852 -0.0184584 -0.0411989 0.0629316 0.0760781 0.0226069 -0.0766296 -0.0575396
internal_weight=8095 6922 1173 976 472 296 234 2524 159 2365 1090 468 197 130 87 4398 622 496 1275 477 798 394 415 329 260 404 362 4349 387 311
internal_count=8095 6922 1173 976 472 296 234 2524 159 2365 1090 468 197 130 87 4398 622 496 1275 477 798 394 415 329 260 404 362 4349 387 311
is_linear=0
shrinkage=0.03


Tree=72
num_leaves=31
num_cat=0
split_feature=1 26 33 34 20 55 15 64 8 27 7 7 41 61 10 66 9 52 49 7 73 67 7 34 10 32 47 8 66 27
split_gain=6188 1496.36 1283.04 1100.89 897.956 867.991 961.867 858.981 792.084 861.999 759.067 962.447 744.144 699.708 1251.9 1170.73 1128.16 1191.25 941.081 932.56 765.664 707.633 907.635 877.532 789.147 689.513 738.919 799.211 653.338 1053.68
threshold=1.5000000000000002 98.500000000000014 1.0714285969734194 35.265724182128913 1.0000000180025095e-35 0.65514921936930615 0.0061206770401443971 1.0000000180025095e-35 0.12100000000000001 9.5000000000000018 0.40166666666666678 0.58500000000000008 23.899999618530277 36.083333333333343 0.46470099667774095 52.500000000000007 0.99642013544010755 36.720779220779228 32.833333333333336 0.80416666666666681 106.40000000000002 5.5000000000000009 0.9883333333333334 29.014286041259769 0.36425061425061428 38.171886444091804 38.031250000000007 0.9790000000000002 53.500000000000007 0.026288514025509361
decision_type=10 2 10 10 2 10 8 2 8 10 10 10 8 8 8 8 8 10 10 8 2 8 10 10 8 10 8 10 10 8
left_child=3 2 7 5 8 12 -7 -2 -4 -10 -6 -12 -1 14 -14 16 17 -16 -18 -17 -19 22 23 -15 -23 26 27 -24 29 -9
right_child=1 -3 4 -5 10 6 -8 28 9 -11 11 -13 13 21 15 19 18 20 -20 -21 -22 24 25 -25 -26 -27 -28 -29 -30 -31
leaf_value=-0.095889010023875315 -0.10631980293559168 0.089465549020644491 0.083189977124333375 0.033302103705292067 0.10104176882807521 0.02182440828039961 -0.14921414139555461 -0.095151046571277431 -0.095491529402561767 -0.028052576382745154 -0.14292794751003385 0.028913897508924657 -0.16666729986268494 0.0858427876255968 -0.051962151228716329 0.11034970940755946 -0.03476686264339246 0.0017717458414179938 -0.20430733485788596 0.0069002966245229778 0.17239585752167352 0.1399634544125625 0.20851295796888214 -0.03305540701620098 0.0084685246423605552 0.19963207662105559 -0.038991905283182859 0.06211254125003686 -0.093870894188682233 0.063407866568007371
leaf_weight=61 499 68 40 1888 73 53 67 63 277 444 40 110 42 85 224 84 57 56 61 1182 41 42 42 163 1866 41 48 167 117 94
leaf_count=61 499 68 40 1888 73 53 67 63 277 444 40 110 42 85 224 84 57 56 61 1182 41 42 42 163 1866 41 48 167 117 94
internal_value=1.78036e-10 -0.0486172 -0.0539613 0.0141509 -0.0312393 0.0058996 -0.0736721 -0.0828857 -0.0467528 -0.0539619 0.0217016 -0.0169106 0.00814001 0.00965055 -0.00486035 -0.000874491 -0.0430901 -0.0139317 -0.122411 0.0137642 0.0738912 0.0199808 0.0500957 0.00769599 0.0113631 0.0853814 0.0671546 0.0915327 -0.0402083 -0.000217685
internal_weight=8095 1825 1757 6270 984 4382 120 773 761 721 223 150 4262 4201 1747 1705 439 321 118 1266 97 2454 546 248 1908 298 257 209 274 157
internal_count=8095 1825 1757 6270 984 4382 120 773 761 721 223 150 4262 4201 1747 1705 439 321 118 1266 97 2454 546 248 1908 298 257 209 274 157
is_linear=0
shrinkage=0.03


Tree=73
num_leaves=31
num_cat=0
split_feature=1 20 27 49 22 50 63 8 10 7 14 60 57 34 50 66 33 33 45 51 66 74 56 56 32 30 48 44 72 15
split_gain=5822.29 1413.38 1057.93 1372.16 956.382 939.909 910.247 923.497 888.697 890.108 848.885 835.493 1122.74 1717.37 1135.47 987.373 917.011 872.698 808.326 914.991 814.918 744.229 720.072 796.457 719.019 1168.42 1100.29 1121.2 717.015 829.799
threshold=1.5000000000000002 1.0000000180025095e-35 29.776374816894535 45.166666666666679 94.500000000000014 42.100000000000009 0.15362629905336508 0.99550000000000016 0.85906464427591189 0.8566666666666668 -0.54499999999999982 65.083333333333357 37.833333333333336 10.552381038665773 38.100000000000009 50.500000000000007 4.0454545021057138 17.166666984558109 31.450000000000003 33.342033206840789 68.500000000000014 727.95000000000016 36.166666666666679 33.166666666666679 1.2439076304435732 4.7083332538604745 29.500000000000004 30.166666666666668 7.5000000000000009 0.73033438964811526
decision_type=10 2 10 10 2 10 10 10 10 10 8 8 10 8 10 8 10 10 8 10 10 2 8 10 10 10 8 10 2 8
left_child=2 4 3 10 6 21 7 11 18 -10 -1 12 15 -14 16 17 -15 -2 19 -4 -21 -3 23 -13 -17 -26 -27 -28 29 -29
right_child=1 5 8 -5 -6 -7 -8 -9 9 -11 -12 22 13 14 -16 24 -18 -19 -20 20 -22 -23 -24 -25 25 26 27 28 -30 -31
leaf_value=0.10133427967084571 -0.081005185986640013 0.022537002301478124 0.033489321886394426 -0.1573849196118467 0.08105191130277721 0.14931243357807397 -0.1480653695633205 0.066762239850073499 -0.14048750475821239 -0.0014305471980023657 -0.003541235834922698 -0.11079256160391701 -0.12480717138810592 -0.073461192938334807 0.19722707756360372 -0.12260977365608726 0.10733908545970916 -0.22878371245720805 0.033208659514569375 -0.085993215986220783 0.04807295351806614 -0.099297706738114361 -0.1173184897965931 0.050683443515361949 0.12776906324923037 -0.14111986114057126 0.13118527066335081 -0.053765579800587146 -0.1368497046497133 0.068291859357324361
leaf_weight=72 122 182 217 51 43 40 104 53 45 522 1970 54 55 51 45 84 50 51 3172 167 54 60 327 56 40 81 40 160 54 73
leaf_count=72 122 182 217 51 43 40 104 53 45 522 1970 54 55 51 45 84 50 51 3172 167 54 60 327 56 40 81 40 160 54 73
internal_value=8.77069e-11 -0.0471587 0.0137264 -0.00368218 -0.0584452 0.0145971 -0.0624442 -0.0560655 0.0224495 -0.0124668 0.000156628 -0.0609128 -0.0444792 0.018066 0.071888 -0.0623112 0.0160439 -0.12457 0.0279336 -0.0102688 -0.053235 -0.00766995 -0.0949832 -0.0285866 -0.0420655 -0.0269634 -0.0421333 -0.0176136 -0.0383522 -0.0155244
internal_weight=8095 1825 6270 2093 1543 282 1500 1396 4177 567 2042 1343 906 201 146 705 101 173 3610 438 221 242 437 110 532 448 408 327 287 233
internal_count=8095 1825 6270 2093 1543 282 1500 1396 4177 567 2042 1343 906 201 146 705 101 173 3610 438 221 242 437 110 532 448 408 327 287 233
is_linear=0
shrinkage=0.03


Tree=74
num_leaves=31
num_cat=0
split_feature=31 30 34 17 6 10 47 1 53 47 54 56 48 66 6 34 47 59 10 37 18 31 57 10 51 10 55 7 74 50
split_gain=5492.24 1218.41 1192.45 1388.42 1125.61 1559.59 1024.67 944.092 860.603 1134.97 707.169 706.333 1015.36 762.048 1042.57 686.164 679.608 680.947 663.828 1067.01 760.39 703.106 713.247 629.642 628.489 772.254 928.669 800.28 659.532 623.225
threshold=17.911192893981937 30.133928298950199 27.25290679931641 3.5000000000000004 0.03500000000000001 0.062828947368421068 30.75961538461539 1.0000000180025095e-35 0.51633375180689234 35.148351648351657 0.60681145786304558 36.166666666666679 24.500000000000004 51.500000000000007 0.57500000000000007 35.335496902465827 34.620192307692314 5.8333333333333348 0.8609353023909988 29.899999618530277 1.0000000180025095e-35 27.992400169372562 34.833333333333336 0.020942982456140354 47.4235088789031 0.86385701676963822 0.58708652763448244 0.75833333333333353 1751.7500000000002 44.100000000000009
decision_type=8 10 10 2 10 8 8 10 10 10 10 8 10 8 10 10 10 10 10 10 2 10 10 8 10 10 10 8 2 10
left_child=2 7 3 4 23 -6 -7 -2 -4 -10 -11 12 -3 14 -14 18 -16 -18 20 -20 29 22 -22 -1 25 27 -27 -13 -29 -9
right_child=1 11 8 -5 5 6 -8 15 9 10 -12 24 13 -15 16 -17 17 -19 19 -21 21 -23 -24 -25 -26 26 -28 28 -30 -31
leaf_value=-0.0053721802377579165 -0.13666230078488589 -0.12707386292955455 -0.080043959039360721 -0.10824429303984202 0.13286112445737083 0.092290052970250447 -0.066998044169167909 -0.010833773110303393 0.17839900645232479 -0.092636147922525808 0.078527575901576441 0.1402909257471309 -0.15081401152743235 0.018649277695502665 -0.083021321951278607 0.10503193493485451 -0.01255650510857861 0.1009637214207933 -0.12719409049255773 0.047262962825120762 0.10035633120685815 0.13945692694475573 -0.071997914523520362 -0.13196951769703016 0.11007945151529022 0.031089286003739405 -0.091501612554497597 0.023836585195857872 0.082979490830684483 0.10095427695175875
leaf_weight=49 50 51 67 504 62 45 189 1851 43 45 42 59 54 1455 84 50 194 63 96 47 40 62 47 127 83 117 106 2183 184 46
leaf_count=49 50 51 67 504 62 45 189 1851 43 45 42 59 54 1455 84 50 194 63 96 47 40 62 47 127 83 117 106 2183 184 46
internal_value=1.24438e-10 0.0101723 -0.0600281 -0.0736175 -0.0366431 -0.000919555 -0.0363657 -0.00773418 0.00729819 0.052313 -0.0100054 0.0190193 0.00497682 0.00861714 -0.0283367 -0.00485503 -0.00894146 0.0152714 -0.00736501 -0.0698551 -0.00299743 0.0622596 0.00724542 -0.0967237 0.0287905 0.0262435 -0.0271826 0.0311544 0.0284341 -0.00812305
internal_weight=8095 6922 1173 976 472 296 234 2289 197 130 87 4633 1901 1850 395 2239 341 257 2189 143 2046 149 87 176 2732 2649 223 2426 2367 1897
internal_count=8095 6922 1173 976 472 296 234 2289 197 130 87 4633 1901 1850 395 2239 341 257 2189 143 2046 149 87 176 2732 2649 223 2426 2367 1897
is_linear=0
shrinkage=0.03


Tree=75
num_leaves=31
num_cat=0
split_feature=1 26 33 39 27 59 64 10 9 9 30 29 36 12 48 12 20 17 56 6 10 27 61 49 47 22 12 28 26 61
split_gain=5234.5 1326.62 1130.31 986.345 1087.51 818.122 802.142 759.161 1684.93 1115.2 1081.91 892.622 890.17 835.428 1130.26 836.507 754.061 906.953 903.31 993.807 1340.05 742.872 739.736 736.707 800.174 711.982 682.727 779.791 680.295 640.778
threshold=1.5000000000000002 98.500000000000014 1.0714285969734194 38.286703109741218 2.5000000000000004 3.1666666666666674 1.0000000180025095e-35 0.86034008502125536 0.91629259851538236 0.89507319609808444 34.145833969116218 31.899999618530277 39.416666030883796 0.66732245246118327 39.500000000000007 0.55604163110909754 1.0000000180025095e-35 3.5000000000000004 33.833333333333336 0.12500000000000003 0.18727974492364494 39.500000000000007 30.708333333333339 34.833333333333336 34.031250000000007 20.500000000000004 0.69619817615330415 31.416666984558109 22.500000000000004 37.916666666666679
decision_type=10 2 10 8 8 10 2 10 10 8 10 10 8 10 8 10 2 2 10 8 10 10 10 10 8 2 10 10 2 10
left_child=3 2 6 22 -5 -4 -2 9 -9 13 -11 -12 -13 14 15 -6 17 18 -7 -20 -21 -16 -1 24 -14 -24 -15 -28 29 -18
right_child=1 -3 5 4 7 16 -8 8 -10 10 11 12 23 26 21 -17 28 -19 19 20 -22 -23 25 -25 -26 -27 27 -29 -30 -31
leaf_value=-0.11038478105678223 -0.099540663183627573 0.085300591222065333 0.058325998496389787 -0.13133483041164487 0.11492016755798949 -0.10884563333044449 -0.035653868808145944 -0.16405728104710576 0.0054600237312484277 0.0028356402071805461 0.1521427507006696 0.14863816488866827 0.078844867868626364 0.22653210659644432 -0.093046281349820056 -0.026957658389393162 0.038668843807981294 -0.084114335323646053 0.12181349443173722 -0.085859007412324773 0.075229465310963292 0.062613682448017322 -0.046553574282831203 0.033397739133337212 -0.063715889293234795 0.0078118189846185645 0.021140875109604426 0.17537095022552154 0.089431986783232012 -0.092551489790732203
leaf_weight=64 499 68 89 43 158 72 274 60 438 1949 56 56 47 42 74 49 68 369 57 115 78 44 288 1760 144 877 70 51 70 66
leaf_count=64 499 68 89 43 158 72 274 60 438 1949 56 56 47 42 74 49 68 369 57 115 78 44 288 1760 144 877 70 51 70 66
internal_value=-6.70276e-11 -0.0447149 -0.0497468 0.0130151 0.0188903 -0.02842 -0.0768952 0.0201827 -0.0149637 0.0240723 0.0188637 0.034006 0.0307097 0.0668938 0.0390955 0.0813356 -0.0370461 -0.0520081 -0.0152155 0.0117499 -0.0207559 -0.0350036 -0.0110831 0.0273248 -0.0286355 -0.00562787 0.12232 0.0861469 0.0136339 -0.0259621
internal_weight=8095 1825 1757 6270 5041 984 773 4998 498 4500 4012 2063 2007 488 325 207 895 691 322 250 193 118 1229 1951 191 1165 163 121 204 134
internal_count=8095 1825 1757 6270 5041 984 773 4998 498 4500 4012 2063 2007 488 325 207 895 691 322 250 193 118 1229 1951 191 1165 163 121 204 134
is_linear=0
shrinkage=0.03


Tree=76
num_leaves=31
num_cat=0
split_feature=1 26 33 34 10 61 59 64 20 17 56 22 53 55 48 45 34 61 33 15 63 9 17 33 47 64 7 6 47 66
split_gain=4925.14 1248.22 1063.51 938.407 771.447 779.444 769.771 754.735 709.496 853.352 849.924 942.371 768.805 913.568 656.642 650.972 709.778 938.165 647.119 644.99 731.454 1131.15 1160.55 638.546 680.444 846.309 693.451 633.612 623.082 621.796
threshold=1.5000000000000002 98.500000000000014 1.0714285969734194 26.714545249938968 0.53596945060359713 36.583333333333343 3.1666666666666674 1.0000000180025095e-35 1.0000000180025095e-35 3.5000000000000004 33.833333333333336 2.5000000000000004 0.52060932762032952 0.57885835047317336 37.500000000000007 38.550000000000004 29.630276679992679 37.916666666666679 40.809089660644538 -0.36660569105691049 -0.13828957812224038 0.97409765728903397 13.500000000000002 34.184659957885749 36.441558441558449 1.0000000180025095e-35 0.97833333333333339 0.045000000000000005 38.105555555555561 55.500000000000007
decision_type=10 2 10 10 8 10 10 2 2 2 10 2 10 10 10 10 10 10 8 8 8 10 2 10 8 2 8 8 10 8
left_child=3 2 7 4 5 -1 -4 -2 9 10 -8 12 -12 -14 -13 16 17 -10 19 -5 21 22 -21 24 29 26 -26 -11 -23 -6
right_child=1 -3 6 18 23 -7 8 -9 15 27 11 14 13 -15 -16 -17 -18 -19 -20 20 -22 28 -24 -25 25 -27 -28 -29 -30 -31
leaf_value=-0.19592534852586688 -0.096554443317639058 0.082741572827867718 0.056576220328720762 0.13305941117968176 -0.049501185725927356 -0.019028791938634479 -0.10558026548475026 -0.03458425323893554 0.020989284450593202 -0.19278065669827343 0.064812852057015022 0.0030317668212672413 -0.19681938739993224 -0.0066202135296428901 0.14517899551268279 0.12007851397664082 0.090926761048477744 -0.14869505905053196 0.041683686779669014 -0.22638428321616214 0.015030761832994512 0.10337275245420212 -0.033243575831512356 -0.094669596183933863 0.083631459897214711 0.15101920572641703 -0.06634224847491299 -0.067692186428779139 -0.034287717207543443 0.0090576544655784179
leaf_weight=40 499 68 89 40 250 51 72 274 69 41 41 59 41 51 58 41 43 51 855 44 4089 53 77 67 55 56 56 328 67 470
leaf_count=40 499 68 89 40 250 51 72 274 69 41 41 59 41 51 58 41 43 51 855 44 4089 53 77 67 55 56 56 328 67 470
internal_value=-1.32642e-10 -0.0433735 -0.0482544 0.0126247 -0.0133272 -0.0967855 -0.0275674 -0.0745883 -0.0359347 -0.0504479 -0.0147591 0.0113974 -0.0432323 -0.0913829 0.0734979 0.0132249 -0.0136524 -0.0511266 0.017815 0.0131451 0.0120373 -0.0387518 -0.103477 -0.00536627 0.0013793 0.055938 0.00796905 -0.0815909 0.0265123 -0.0112753
internal_weight=8095 1825 1757 6270 1045 91 984 773 895 691 322 250 133 92 117 204 163 120 5225 4370 4330 241 121 954 887 167 111 369 120 720
internal_count=8095 1825 1757 6270 1045 91 984 773 895 691 322 250 133 92 117 204 163 120 5225 4370 4330 241 121 954 887 167 111 369 120 720
is_linear=0
shrinkage=0.03


Tree=77
num_leaves=31
num_cat=0
split_feature=31 34 17 17 6 10 47 53 47 34 63 11 15 63 52 33 31 66 51 50 49 51 56 55 1 13 34 30 66 7
split_gain=4655.4 1089.22 1251.66 1075.11 1015.31 1465.5 946.942 805.438 1052.29 750.163 699.434 645.586 823.425 1072.73 1110.91 1181.63 796.173 758.656 1131.68 1027.25 796.567 723.041 691.418 691.243 629.779 731.311 786 844.482 955.381 612.649
threshold=17.911192893981937 27.25290679931641 3.5000000000000004 1.0000000180025095e-35 0.03500000000000001 0.062828947368421068 30.75961538461539 0.51633375180689234 35.148351648351657 29.014286041259769 -0.25456587439640549 0.8169818423840477 0.054628091925575946 -0.072087997439066978 39.483333333333341 33.483333587646491 25.041066169738773 62.500000000000007 33.915208768093045 36.100000000000009 36.833333333333336 38.954318903721052 32.166666666666679 0.55279551191658916 1.5000000000000002 -1.0000000180025095e-35 22.897428512573246 29.133928298950199 76.500000000000014 0.69500000000000017
decision_type=8 10 2 2 10 8 8 10 10 10 10 10 8 10 10 10 10 10 10 10 10 10 10 10 8 10 10 10 8 8
left_child=1 2 4 24 -1 -6 -7 -3 -9 11 -10 12 -5 14 17 -16 -13 18 -14 -19 -20 -22 -18 -15 -2 -26 -27 -28 -29 -11
right_child=3 7 -4 9 5 6 -8 8 10 29 -12 16 13 23 15 -17 22 19 20 -21 21 -23 -24 -25 25 26 27 28 -30 -31
leaf_value=-0.090208603350276292 0.022878920995827876 -0.075416368633063863 -0.10113117596666728 0.036926056733229067 0.13046253200019559 0.090100244800249737 -0.063027447127397093 0.17403489943160566 0.074800204273934162 0.093575660449234724 -0.095424801920141494 -0.16678616192936899 0.0062447035752072185 -0.023084949063403266 0.15478657995526854 -0.042958511855713158 -0.12596989271445916 -0.017415532552997388 -0.17368732716496052 0.14986515080556273 0.050861215824034155 -0.12239609326033489 -0.007110641128189551 -0.18973778404295444 -0.15405652776360512 0.065351373481750491 -0.16927509617920106 -0.10380917384343988 0.092037080883979799 0.016262393208806705
leaf_weight=176 99 67 504 444 62 45 189 43 45 94 42 40 181 42 74 43 52 106 76 48 41 46 288 48 64 50 52 51 40 4943
leaf_count=176 99 67 504 444 62 45 189 43 45 94 42 40 181 42 74 43 52 106 76 48 41 46 288 48 64 50 52 51 40 4943
internal_value=-1.05e-10 -0.055266 -0.0682539 0.00936536 -0.0331477 0.000780407 -0.0335798 0.00908006 0.0526282 0.0121184 -0.00737738 -0.00628642 0.00492411 -0.0152303 -0.0010738 0.082111 -0.0401835 -0.0206172 -0.045392 0.0347239 -0.102731 -0.0407461 -0.0252891 -0.111966 -0.0414105 -0.0661756 -0.0370338 -0.0728328 -0.0177229 0.0177052
internal_weight=8095 1173 976 6922 472 296 234 197 130 6566 87 1529 1149 705 615 117 380 498 344 154 163 87 340 90 356 257 193 143 91 5037
internal_count=8095 1173 976 6922 472 296 234 197 130 6566 87 1529 1149 705 615 117 380 498 344 154 163 87 340 90 356 257 193 143 91 5037
is_linear=0
shrinkage=0.03


Tree=78
num_leaves=31
num_cat=0
split_feature=1 20 7 26 27 49 46 63 14 8 14 10 7 45 51 66 33 47 10 57 60 45 61 48 10 55 71 67 59 14
split_gain=4422.67 1156.52 929.59 987.061 896.747 1281.64 824.088 783.318 1405.29 935.25 777.874 752.704 770.375 710.438 865.119 754.621 615.068 613.523 970.902 682.923 692.784 667.525 608.552 604.09 597.34 755.726 593.047 616.087 821.023 1044.43
threshold=1.5000000000000002 1.0000000180025095e-35 0.10583333333333335 3.5000000000000004 29.776374816894535 45.166666666666679 32.701483930940377 -0.13550773213239631 0.02 0.99550000000000016 -0.54499999999999982 0.85906464427591189 0.8566666666666668 31.450000000000003 33.342033206840789 68.500000000000014 31.612500190734867 36.741666666666674 0.48951271186440687 31.416666666666668 61.583333333333343 36.100000000000009 38.583333333333343 47.500000000000007 0.088259841424398397 0.58276892202849651 10.500000000000002 14.500000000000002 6.8333333333333348 -0.43499999999999989
decision_type=10 2 10 2 10 10 10 8 8 10 8 10 10 8 10 10 10 8 8 8 8 10 10 10 10 10 2 10 10 10
left_child=4 7 -3 -4 5 10 -5 8 -2 26 -1 13 -13 14 -6 16 -16 18 -12 -19 21 -21 23 -14 -8 -26 27 28 -9 -30
right_child=1 2 3 6 11 -7 24 9 -10 -11 17 12 22 -15 15 -17 -18 19 -20 20 -22 -23 -24 -25 25 -27 -28 -29 29 -31
leaf_value=0.096499142791144549 -0.072018415902752472 0.14681788747630467 -0.13986028058188302 -0.082457341717985952 0.031775792255774482 -0.1526109389785458 0.13248785872208446 -0.065341572059147826 0.10843535292638491 0.055403366413327951 -0.15111235509812831 -0.13123892172674337 -0.013810236945748329 0.029986912629211528 -0.13179066049104388 0.044936015174413715 -0.014606462187845917 0.088905394724325126 -0.0095466522909023778 0.014773389311397777 0.032886300790326103 -0.12021536537271459 0.029181967510067967 -0.13519349435965219 -0.088822871558368197 0.086125382298231121 -0.14517246571418485 -0.12804567992968377 0.077841851299007725 -0.052434616242535412
leaf_weight=72 83 41 42 52 217 51 57 909 73 62 45 45 205 3172 99 54 68 114 1403 68 276 64 272 45 40 50 76 106 90 144
leaf_count=72 83 41 42 52 217 51 57 909 73 62 45 45 205 3172 99 54 68 114 1403 68 276 64 272 45 40 50 76 106 90 144
internal_value=5.00438e-11 -0.0411015 0.0147616 -0.00770436 0.0119634 -0.0040643 0.0201878 -0.0513111 0.0124247 -0.0584796 -0.000354275 0.0199944 -0.0121394 0.0250415 -0.0107731 -0.0525519 -0.0840749 -0.0038941 -0.0139461 0.0239897 0.00585153 -0.0506757 -0.00187224 -0.0356592 0.0564977 0.0083706 -0.0638085 -0.0588576 -0.0524412 -0.00232828
internal_weight=8095 1825 282 241 6270 2093 199 1543 156 1387 2042 4177 567 3610 438 221 167 1970 1448 522 408 132 522 250 147 90 1325 1249 1143 234
internal_count=8095 1825 282 241 6270 2093 199 1543 156 1387 2042 4177 567 3610 438 221 167 1970 1448 522 408 132 522 250 147 90 1325 1249 1143 234
is_linear=0
shrinkage=0.03


Tree=79
num_leaves=31
num_cat=0
split_feature=1 26 33 39 27 27 59 64 61 63 62 53 10 9 9 6 30 33 36 34 10 48 58 49 22 66 76 30 6 67
split_gain=4161.29 1129.69 939.111 867.549 953.819 779.799 721.578 707.109 684.577 655.152 925.324 698.316 643.452 1535.54 736.09 1032.06 969.311 834.91 917.729 694.581 790.807 822.329 779.978 689.899 642.221 614.601 1115.06 897.765 851.854 826.201
threshold=1.5000000000000002 98.500000000000014 1.0714285969734194 38.286703109741218 3.5000000000000004 10.500000000000002 3.1666666666666674 1.0000000180025095e-35 30.708333333333339 -0.26601122699539981 0.10088404205285507 0.64106190754157089 0.86034008502125536 0.91629259851538236 0.89507319609808444 0.65500000000000014 34.145833969116218 33.322916030883796 39.416666030883796 31.855844497680668 0.83594323464644005 40.500000000000007 1.8333333333333337 34.833333333333336 20.500000000000004 62.500000000000007 1.5000000000000002 8.8125000000000018 0.48500000000000004 9.5000000000000018
decision_type=10 2 10 8 8 8 10 2 10 8 10 10 10 10 8 10 10 8 8 10 10 10 10 10 2 8 2 10 10 10
left_child=3 2 7 8 -5 -6 -4 -2 -1 -8 11 25 14 -14 15 -7 -16 -18 -19 20 21 22 -17 -20 -10 27 29 -11 -29 -27
right_child=1 -3 6 4 5 12 9 -9 24 10 -12 -13 13 -15 16 19 17 18 23 -21 -22 -23 -24 -25 -26 26 -28 28 -30 -31
leaf_value=-0.10652368898809073 -0.090519455878553021 0.080109187659040529 0.056394698455762324 -0.11460051882023714 0.14712946792798381 -0.053194022462918204 0.082499137520790092 -0.030536374317849203 -0.044617174436183023 0.040009569742140316 -0.12412829379670987 0.074499598097588327 -0.15735558747313916 0.0044725363937602059 0.001639160204958842 -0.026510960572078579 0.10831252143726128 0.14839394207992074 -0.03377502754224198 0.1454708564542618 0.163732784781605 -0.070299722287537794 0.1048732403116148 0.02875915237848815 0.0070161856664185378 -0.0067157535965088749 0.14222985345125197 -0.12919400621205568 -0.026691926913552506 -0.15332453736662863
leaf_weight=64 499 68 89 49 42 65 42 274 288 63 101 56 60 438 1942 61 119 54 175 97 48 56 122 1713 877 256 40 168 129 40
leaf_count=64 499 68 89 49 42 65 42 274 288 63 101 56 60 438 1942 61 119 54 175 97 48 56 122 1713 877 256 40 168 129 40
internal_value=8.64137e-11 -0.0398684 -0.0445119 0.0116045 0.0171145 0.0184073 -0.0250723 -0.0692577 -0.010996 -0.0331735 -0.038869 -0.0274179 0.0173151 -0.0150248 0.0209327 0.0573559 0.0168472 0.0311772 0.0264506 0.0760688 0.0526124 0.0302953 0.0610785 0.0229628 -0.00574811 -0.0356182 -0.00643756 -0.0628535 -0.0846729 -0.0265278
internal_weight=8095 1825 1757 6270 5041 4992 984 773 1229 895 853 752 4950 498 4452 449 4003 2061 1942 384 287 239 183 1888 1165 696 336 360 297 296
internal_count=8095 1825 1757 6270 5041 4992 984 773 1229 895 853 752 4950 498 4452 449 4003 2061 1942 384 287 239 183 1888 1165 696 336 360 297 296
is_linear=0
shrinkage=0.03


Tree=80
num_leaves=31
num_cat=0
split_feature=31 34 17 17 6 6 33 15 53 47 34 63 17 53 67 52 62 62 47 28 55 8 66 15 35 54 27 75 7 32
split_gain=3940.69 1015.51 1157.46 939.659 932.632 1430.02 868.816 772.587 760.663 980.964 672.565 656.807 652.786 967.564 935.525 904.438 875.343 1761.66 1245.21 1012.62 1033.44 857.745 709.053 780.324 672.098 801.387 1009.21 977.947 756.159 718.826
threshold=17.911192893981937 27.25290679931641 3.5000000000000004 1.0000000180025095e-35 0.03500000000000001 0.12500000000000003 12.09999990463257 0.017936907203281175 0.51633375180689234 35.148351648351657 40.549999237060554 -0.25456587439640549 34.500000000000007 0.51464722623583226 11.500000000000002 42.174242424242429 0.040714964447125086 0.017692328782936254 52.250000000000007 41.166666030883796 0.62833197351624637 0.88100000000000012 52.500000000000007 0.064341826294692164 46.500000000000007 0.61725319986143223 26.500000000000004 1.5000000000000002 0.9883333333333334 34.090789794921882
decision_type=8 10 2 2 10 10 10 8 10 10 10 10 2 10 10 8 10 10 8 10 10 8 10 10 10 10 10 2 10 10
left_child=1 2 4 -2 -1 7 -7 -6 -3 -10 12 -11 14 -14 16 22 17 19 24 20 -5 -19 -16 -24 25 27 -27 -18 -29 -28
right_child=3 8 -4 10 5 6 -8 -9 9 11 -12 -13 13 -15 15 -17 18 21 -20 -21 -22 -23 23 -25 -26 26 29 28 -30 -31
leaf_value=-0.084316924086517905 -0.038853111495839414 -0.070830573315051062 -0.095003592388793107 0.0093477794540229846 0.1654978897341273 -0.088875476290930552 0.067498491229489449 0.012724549137628995 0.17082400847313017 0.075301866849263502 0.066217162143391045 -0.089654403924942005 -0.013121397443478349 0.031481624534816156 -0.087479929353576152 0.060731897335499524 0.0050630411850188361 0.18602876576510344 0.13978997454543907 -0.12679514542222023 0.15812426352223682 0.060660511039641277 0.00075775942591539886 -0.12426796651111457 0.077438157968993837 0.046558969817212165 -0.1770174661030372 -0.19246307617876418 -0.017474536367732545 -0.061446897880712247
leaf_weight=176 356 67 504 1844 55 134 42 65 43 45 194 42 565 1943 216 84 558 66 45 48 43 192 295 53 58 53 72 43 46 148
leaf_count=176 356 67 504 1844 55 134 42 65 43 45 194 42 565 1943 216 84 558 66 45 48 43 192 295 53 58 53 72 43 46 148
internal_value=-3.96419e-11 -0.0508471 -0.0633878 0.00861653 -0.0296286 0.00288886 -0.051559 0.0827457 0.0112837 0.0536041 0.0111903 -0.00433219 0.00951494 0.0214335 0.00177898 -0.0311062 0.00840511 0.0190949 -0.0145106 0.00927673 0.012738 0.0927315 -0.0447843 -0.0182835 -0.0216104 -0.0278547 -0.0709589 -0.00966702 -0.10202 -0.09927
internal_weight=8095 1173 976 6922 472 296 176 120 197 130 6566 87 6372 2508 3864 648 3216 2193 1023 1935 1887 258 564 348 978 920 273 647 89 220
internal_count=8095 1173 976 6922 472 296 176 120 197 130 6566 87 6372 2508 3864 648 3216 2193 1023 1935 1887 258 564 348 978 920 273 647 89 220
is_linear=0
shrinkage=0.03


Tree=81
num_leaves=31
num_cat=0
split_feature=1 20 7 26 39 27 46 63 14 66 8 27 61 10 9 9 6 30 29 36 33 49 34 10 48 58 22 43 10 31
split_gain=3717.04 1064.28 900.708 922.696 806.594 883.997 772.059 709.595 1320.5 901.562 855.485 683.63 641.379 607.769 1435.24 692.035 960.142 886.036 833.055 788.407 687.935 977.901 647.593 745.281 771.646 732.514 591.733 599.392 650.07 793.188
threshold=1.5000000000000002 1.0000000180025095e-35 0.10583333333333335 3.5000000000000004 38.286703109741218 2.5000000000000004 32.701483930940377 -0.13550773213239631 -0.010000000000000002 64.500000000000014 0.99550000000000016 9.5000000000000018 30.708333333333339 0.86034008502125536 0.91629259851538236 0.89507319609808444 0.65500000000000014 34.145833969116218 31.899999618530277 39.416666030883796 33.322916030883796 34.833333333333336 31.855844497680668 0.83594323464644005 40.500000000000007 1.8333333333333337 20.500000000000004 26.500000000000004 0.82124060150375955 26.607805252075199
decision_type=10 2 10 2 8 8 10 8 8 8 10 8 10 10 10 8 10 10 10 8 8 10 10 10 10 10 2 10 10 10
left_child=4 7 -3 -4 12 -6 -5 8 -2 -10 -9 -7 -1 15 -15 16 -13 -17 -19 -20 -21 -22 23 24 25 -18 27 -14 29 -29
right_child=1 2 3 6 5 11 -8 10 9 -11 -12 13 26 14 -16 17 22 18 19 20 21 -23 -24 -25 -26 -27 -28 28 -30 -31
leaf_value=-0.10328914881902164 -0.11024836165257371 0.14589731150647489 -0.13397995974336352 -0.078590161529584576 -0.11916115189707556 0.13944333649626592 0.055906868806603005 -0.059393659263877373 0.18439801367181466 0.00365002752769561 0.054621295066730628 -0.048004597308843031 0.049145973691573509 -0.1526001748293638 0.0038535570972662875 0.0014390187505000259 -0.025964991782532365 0.1448592421466654 0.13749654738099445 0.10037526193893316 -0.052670648817259531 0.025821220862225883 0.14056221090986865 0.15885106518864631 -0.068151316223655667 0.10118629578410125 0.0065074210081774069 -0.026964542416661984 -0.0063015936534194378 -0.17353123680573621
leaf_weight=64 52 41 42 52 43 41 147 1325 41 63 62 69 52 60 438 1944 61 55 56 99 156 1695 97 48 56 123 877 61 102 73
leaf_count=64 52 41 42 52 43 41 147 1325 41 63 62 69 52 60 438 1944 61 55 56 99 156 1695 97 48 56 123 877 61 102 73
internal_value=-8.99477e-11 -0.0376803 0.0159087 -0.00620555 0.0109675 0.0162805 0.0207619 -0.0474742 0.0131882 0.0749064 -0.0542971 0.0174457 -0.0108245 0.0164367 -0.0149963 0.0199472 0.0550499 0.015968 0.0296723 0.0265141 0.0233269 0.019206 0.0735194 0.050939 0.0293566 0.0590329 -0.00574488 -0.0430548 -0.0633703 -0.106811
internal_weight=8095 1825 282 241 6270 5041 199 1543 156 104 1387 4998 1229 4957 498 4459 454 4005 2061 2006 1950 1851 385 288 240 184 1165 288 236 134
internal_count=8095 1825 282 241 6270 5041 199 1543 156 104 1387 4998 1229 4957 498 4459 454 4005 2061 2006 1950 1851 385 288 240 184 1165 288 236 134
is_linear=0
shrinkage=0.03


Tree=82
num_leaves=31
num_cat=0
split_feature=31 34 17 63 53 17 10 7 53 47 54 10 7 30 54 37 73 66 59 6 8 8 12 52 15 9 59 29 11 66
split_gain=3512.92 951.659 1090.37 915.166 909.252 853.479 840.16 783.174 718.274 922.101 662.633 645.971 1552.66 737.344 1131.17 983.836 778.291 721.757 654.609 602.526 700.032 1076.66 969.612 1103.85 775.732 1101.29 812.007 729.852 763.393 721.615
threshold=17.911192893981937 27.25290679931641 3.5000000000000004 -0.1926909365991501 0.49208535828254146 1.0000000180025095e-35 0.062828947368421068 0.32833333333333342 0.51633375180689234 35.148351648351657 0.60681145786304558 0.85906464427591189 0.82833333333333348 40.38750076293946 0.6307236443036689 50.100000381469734 410.40000000000003 36.500000000000007 5.166666666666667 0.095000000000000015 0.83450000000000013 0.80200000000000016 0.30161707755517403 38.935416666666676 0.42834498928368486 0.6289098320220462 5.416666666666667 28.589538574218754 0.80992381895607779 51.500000000000007
decision_type=8 10 2 10 8 2 10 8 10 10 10 10 10 10 10 8 2 8 10 8 8 10 10 8 10 10 10 10 10 8
left_child=1 2 3 4 -1 -2 -5 -6 -3 -10 -11 13 -13 19 16 -16 -15 -14 -18 -7 21 22 23 -21 25 -24 -27 28 29 -22
right_child=5 8 -4 6 7 11 -8 -9 9 10 -12 12 17 14 15 -17 18 -19 -20 20 27 -23 24 -25 -26 26 -28 -29 -30 -31
leaf_value=0.033611411328722793 -0.037105075409897506 -0.067655812767681789 -0.090833993154533568 0.12384923658128513 -0.033081850335001946 -0.10503925631940365 -0.028381314024533311 -0.1380010994518239 0.16691071492294934 -0.082895574251810697 0.082790679080145688 -0.17652450086439356 -0.12581757994686685 0.1391521277176086 0.11160625659102617 -0.058297187373494715 0.10784688998545919 0.0044938630517490606 -0.05964843763836792 0.011497834250330925 -0.056981131023750076 0.10169609939829717 0.13494639398323166 0.17302476643161338 -0.094853856795418412 -0.06984294887976486 0.04377022757919298 0.013021587335621065 -0.073082192781056918 0.01608710839663733
leaf_weight=82 356 67 504 59 140 40 73 118 43 45 42 51 41 143 43 107 42 571 42 90 164 186 54 66 76 119 108 3974 178 471
leaf_count=82 356 67 504 59 140 40 73 118 43 45 42 51 41 143 43 107 42 571 42 90 164 186 54 66 76 119 108 3974 178 471
internal_value=4.02088e-11 -0.048008 -0.0601481 -0.0273817 -0.0534102 0.00813542 0.0396611 -0.0810682 0.0121377 0.0532621 -0.00290911 0.0105883 -0.0174891 0.0137418 0.0543352 -0.00959153 0.0965775 -0.00423615 0.0240992 0.0109724 0.0118183 0.0398627 0.0174435 0.0798362 -0.00982049 0.0131779 -0.0157891 0.00772327 -0.0181753 -0.00278406
internal_weight=8095 1173 976 472 340 6922 132 258 197 130 87 6566 663 5903 377 150 227 612 84 5526 5486 699 513 156 357 281 227 4787 813 635
internal_count=8095 1173 976 472 340 6922 132 258 197 130 87 6566 663 5903 377 150 227 612 84 5526 5486 699 513 156 357 281 227 4787 813 635
is_linear=0
shrinkage=0.03


Tree=83
num_leaves=31
num_cat=0
split_feature=1 26 33 34 55 15 59 7 32 49 64 26 31 22 12 7 74 11 62 22 66 55 50 45 66 56 54 61 60 66
split_gain=3341.75 1007.05 807.51 749.834 803.462 854.019 680.265 661.132 679.443 1090.55 654.832 648.808 839.015 1370.11 1168.44 1149.48 1366.38 815.226 810.272 762.829 1024.37 833.916 706.767 683.179 664.586 625.667 767.159 994.207 630.625 600.261
threshold=1.5000000000000002 98.500000000000014 1.0714285969734194 35.265724182128913 0.65514921936930615 0.0061206770401443971 3.1666666666666674 0.99416666666666675 36.408966064453132 40.833333333333336 1.0000000180025095e-35 59.500000000000007 17.911192893981937 25.500000000000004 0.66732245246118327 0.32833333333333342 641.10000000000002 0.19998742659301585 0.032750921917588667 11.500000000000002 37.500000000000007 0.51396348579221873 42.100000000000009 34.100000000000009 62.500000000000007 42.500000000000007 0.64119272957306628 37.208333333333343 63.916666666666679 53.500000000000007
decision_type=10 2 10 10 10 8 10 10 10 8 2 2 10 2 10 8 2 8 10 2 10 10 10 10 8 10 10 8 8 10
left_child=3 2 10 4 -1 -6 -4 8 9 -5 -2 12 15 19 -15 17 18 -8 -17 21 -21 -14 23 -23 -25 26 27 -10 -29 -12
right_child=1 -3 6 7 5 -7 11 -9 25 -11 29 -13 13 14 -16 16 -18 -19 -20 20 -22 22 -24 24 -26 -27 -28 28 -30 -31
leaf_value=0.0057448471218729622 -0.083518846753484491 0.077550879474181461 0.057015021684150513 0.0371842848654826 0.01701622522102212 -0.14414865074317845 -0.056118248945102089 0.010865839432717435 0.019762972604538149 -0.11649329709245804 0.012536137064171443 -0.11320419586324072 0.10530930597903364 0.22664752206632066 0.0015109064593547728 -0.00083572951230135824 -0.24868402089923616 0.067984865073916267 -0.1622186757217754 -0.20601077058329814 -0.0037119747698307038 0.038998329443681347 0.081079713182246438 -0.17809157750707991 -0.032246445757736053 -0.014020506181433552 0.015779501519442258 0.25462398441378464 0.12304927056614795 -0.07723236181797126
leaf_weight=4262 499 68 89 359 53 67 120 1081 68 47 157 77 59 42 41 77 48 79 44 41 50 53 47 47 70 61 91 43 138 117
leaf_count=4262 499 68 89 359 53 67 120 1081 68 47 157 77 59 42 41 77 48 79 44 41 50 53 47 47 70 61 91 43 138 117
internal_value=4.71888e-11 -0.0357274 -0.0401116 0.0103991 0.00358933 -0.0729675 -0.0220855 0.0262045 0.0467511 0.019394 -0.0630581 -0.0299514 -0.0221146 0.00536101 0.115435 -0.0557125 -0.113247 -0.00685118 -0.0595204 -0.0195332 -0.0948576 0.005302 -0.0218889 -0.0503567 -0.0908338 0.0744494 0.0903219 0.117564 0.154307 -0.0257957
internal_weight=8095 1825 1757 6270 4382 120 984 1888 807 406 773 895 818 450 83 368 169 199 121 367 91 276 217 170 117 401 340 249 181 274
internal_count=8095 1825 1757 6270 4382 120 984 1888 807 406 773 895 818 450 83 368 169 199 121 367 91 276 217 170 117 401 340 249 181 274
is_linear=0
shrinkage=0.03


Tree=84
num_leaves=31
num_cat=0
split_feature=1 20 7 26 27 49 14 46 6 71 67 60 61 10 30 32 30 15 42 31 60 34 64 62 57 49 62 33 6 66
split_gain=3144.25 959.294 862.752 853.148 739.465 1196.66 718.643 711.993 657.132 1018.27 803.536 777.043 1240.1 1077.51 727.777 837.794 662.371 1102.78 871.278 1114.62 737.929 695.486 810.544 687.758 652.239 642.526 789.509 810.647 623.747 635.66
threshold=1.5000000000000002 1.0000000180025095e-35 0.10583333333333335 3.5000000000000004 29.776374816894535 45.166666666666679 -0.54499999999999982 32.701483930940377 0.03500000000000001 11.500000000000002 15.500000000000002 61.208333333333343 37.916666666666679 0.052015692640692647 29.371987342834476 30.765450477600101 23.791666984558109 -0.037051337051337001 21.083333015441898 20.586394309997562 65.416666666666686 10.552381038665773 1.0000000180025095e-35 0.037087539806656807 27.166666666666668 43.500000000000007 -0.0708330873484639 0.32051283121109014 0.41500000000000004 66.500000000000014
decision_type=10 2 10 2 10 10 8 10 10 2 10 10 10 10 10 10 8 8 10 10 10 10 2 10 8 10 8 10 10 8
left_child=4 8 -3 -4 5 6 -1 -5 25 10 11 12 13 -10 16 -16 18 -18 19 20 21 -13 -23 -22 -6 26 27 -2 -15 -30
right_child=1 2 3 7 24 -7 -8 -9 9 -11 -12 14 -14 28 15 -17 17 -19 -20 -21 23 22 -24 -25 -26 -27 -28 -29 29 -31
leaf_value=0.09221065158199053 -0.099222644518633343 0.14344191353949831 -0.12828622047390256 -0.074899380685618286 -0.036046927714416262 -0.14800463098813504 -0.0042846832770941697 0.054259776305407278 0.11180865420235528 -0.15833843694792854 -0.13849729029637464 -0.062020780083380238 0.15517175765994648 -0.10442012039355084 0.13606105548075653 -0.03243422030290561 0.0030946893795676853 -0.18395679882551366 -0.14173756343537364 0.11368492522660424 -0.14087990791960195 -0.020385696560911395 0.13872928404808044 0.00029146159067749972 0.020010448922290865 0.010691687096567714 -0.11754967179827973 0.059602681355042889 0.092685677270094552 -0.054461119207553567
leaf_weight=72 61 41 42 52 196 51 1970 147 54 54 53 95 52 79 44 67 46 74 58 51 88 68 50 48 3981 68 269 55 45 64
leaf_count=72 61 41 42 52 196 51 1970 147 54 54 53 95 52 79 44 67 46 74 58 51 88 68 50 48 3981 68 269 55 45 64
internal_value=6.7308e-11 -0.0346556 0.0162217 -0.00542158 0.0100872 -0.00446722 -0.000882301 0.0205096 -0.043954 -0.0313328 -0.0247128 -0.018578 0.0222543 -0.00630652 -0.0360013 0.0343567 -0.0495129 -0.112254 -0.0330743 -0.0173181 -0.0364618 -0.0016044 0.0470359 -0.0910547 0.01738 -0.0743229 -0.0893384 -0.0239175 -0.0402332 0.00628756
internal_weight=8095 1825 282 241 6270 2093 2042 199 1543 1090 1036 983 294 242 689 111 578 120 458 400 349 213 118 136 4177 453 385 116 188 109
internal_count=8095 1825 282 241 6270 2093 2042 199 1543 1090 1036 983 294 242 689 111 578 120 458 400 349 213 118 136 4177 453 385 116 188 109
is_linear=0
shrinkage=0.03


Tree=85
num_leaves=31
num_cat=0
split_feature=1 26 63 71 52 39 27 27 32 41 39 59 60 15 8 9 7 59 34 59 16 59 67 17 11 58 61 62 63 10
split_gain=2958.42 932.705 756.627 778.781 717.539 716.542 808.014 707.99 697.664 777.101 1049.85 823.741 936.225 982.179 844.152 1291.75 1028.36 848.882 718.457 652.295 719.136 692.65 817.499 801.716 805.17 650.28 593.199 575.854 560.826 545.939
threshold=1.5000000000000002 98.500000000000014 0.1433978525745262 11.500000000000002 28.703296703296708 38.286703109741218 3.5000000000000004 10.500000000000002 0.33333435654640203 31.427272796630863 20.091788291931156 6.8333333333333348 65.583333333333357 -0.51626029199558598 0.9145000000000002 0.77855586038713642 0.76833333333333342 3.1666666666666674 29.395285606384281 3.5833333333333335 1.0000000180025095e-35 5.8333333333333348 3.5000000000000004 14.500000000000002 0.24771052309432753 1.1666666666666667 30.708333333333339 0.0093116857232171685 0.12100409628527657 0.86034008502125536
decision_type=10 2 10 2 10 8 8 8 8 10 10 10 10 10 10 10 10 10 10 10 2 10 8 2 8 10 10 10 8 10
left_child=5 2 3 4 -2 26 -7 -8 -6 10 11 14 13 -13 15 16 17 25 -11 -19 21 22 -21 24 27 -10 -1 -24 -23 -9
right_child=1 -3 -4 -5 8 6 7 29 9 18 -12 12 -14 -15 -16 -17 -18 19 -20 20 -22 28 23 -25 -26 -27 -28 -29 -30 -31
leaf_value=-0.099678848970215769 -0.11144843732488566 0.075400851339868749 -0.10927798734136647 -0.12429588533041974 -0.10891820240020751 -0.10643833892686025 0.13863433788929666 0.01827355375536184 -0.034628483008365241 -0.19378977441361972 0.071432051447833447 0.15462151729080773 -0.047848347292226902 -0.0038350255129968413 0.070566059086810448 -0.17879101681866144 0.10998575971715829 -0.16850192076712844 -0.022173154546838738 0.096298026010394083 0.07201299361387889 -0.0091567655056715002 0.12795576719249166 -0.1570530495880281 -0.05911993882419006 0.11915367865562437 -0.005869898331924161 -0.016957578473093527 -0.13914164952065605 -0.014847468169271407
leaf_weight=64 87 68 124 79 80 49 42 4452 49 42 123 73 85 68 66 57 44 40 46 40 45 40 41 51 247 50 1165 62 118 498
leaf_count=64 87 68 124 79 80 49 42 4452 49 42 123 73 85 68 66 57 44 40 46 40 45 40 41 51 247 50 1165 62 118 498
internal_value=-2.3612e-11 -0.0336159 -0.0378352 -0.0324102 -0.0277391 0.00978455 0.0147921 0.0159821 -0.0227747 -0.0178061 -0.0119614 -0.0206837 0.0307942 0.0782028 -0.03293 -0.0406571 -0.0311364 -0.0390666 -0.104081 -0.0509504 -0.0436491 -0.0523382 -0.0330286 -0.045929 -0.0297366 0.0430393 -0.010755 0.0407264 -0.106234 0.0149414
internal_weight=8095 1825 1757 1633 1554 6270 5041 4992 1467 1387 1299 1176 226 141 950 884 827 783 88 684 644 599 441 401 350 99 1229 103 158 4950
internal_count=8095 1825 1757 1633 1554 6270 5041 4992 1467 1387 1299 1176 226 141 950 884 827 783 88 684 644 599 441 401 350 99 1229 103 158 4950
is_linear=0
shrinkage=0.03


Tree=86
num_leaves=31
num_cat=0
split_feature=1 20 7 26 30 17 44 67 57 60 30 28 59 48 52 63 8 49 60 34 27 56 12 59 30 52 29 37 67 56
split_gain=2783.58 888.615 812.269 807.843 691.129 871.492 656.735 782.781 639.977 635.635 885.533 1140.19 817.764 678.951 635.573 628.891 657.133 623.278 536.989 1061.28 770.867 834.388 1029.56 807.769 756.089 814.783 828.25 1310.06 876.24 711.912
threshold=1.5000000000000002 1.0000000180025095e-35 0.10583333333333335 6.5000000000000009 25.062500000000004 46.500000000000007 37.166666666666679 6.5000000000000009 27.166666666666668 61.208333333333343 7.5625000000000009 30.583333015441898 6.166666666666667 36.500000000000007 39.654761904761912 -0.26036561864710323 0.99550000000000016 36.166666666666679 65.083333333333357 31.966384887695316 39.500000000000007 36.500000000000007 0.45585304854597841 7.5000000000000009 23.791666984558109 33.67948717948719 1.8999999761581423 26.675000190734867 14.500000000000002 36.166666666666679
decision_type=10 2 10 2 8 2 10 10 8 8 10 10 10 10 8 8 10 10 8 8 10 10 8 10 8 10 10 8 8 8
left_child=4 15 -3 -4 5 9 7 -5 14 13 -11 12 -12 -1 17 -2 18 -6 20 29 21 24 -23 -24 25 -17 -27 -28 -29 -20
right_child=1 2 3 6 8 -7 -8 -9 -10 10 11 -13 -14 -15 -16 16 -18 -19 19 -21 -22 22 23 -25 -26 26 27 28 -30 -31
leaf_value=-0.023771259926802273 0.055354713468716059 0.13980175281170662 -0.09048782583858285 -0.073396575278469489 -0.022181676849122006 -0.15299371191433497 0.11364568303290166 0.088083362708037558 0.01492258176228568 0.14563007417321203 0.0055831855395808809 0.10895784881373401 -0.10860766672507366 -0.15541676766522552 0.024486111220225548 -0.12054820476283488 0.047934659944130827 -0.14439332732043805 -0.022963710716542077 0.061819946289062497 -0.16588386529684065 -0.050197886360939158 0.014510072541959358 0.15796205638106478 -0.11140869474538215 -0.10284106311870032 -0.079080169077962628 0.022205324324209297 0.19452325214039193 -0.11440680969845164
leaf_weight=151 58 41 70 70 93 42 57 44 5415 40 168 64 85 46 103 71 65 63 102 45 40 215 198 43 164 58 65 67 44 308
leaf_count=151 58 41 70 70 93 42 57 44 5415 40 168 64 85 46 103 71 65 63 102 45 40 215 198 43 164 58 65 67 44 308
internal_value=5.22061e-11 -0.0326075 0.0163597 -0.00464081 0.00949101 -0.0212408 0.0305012 -0.011071 0.0127191 -0.0112524 0.0126186 -0.00416522 -0.0327813 -0.0545108 -0.0333498 -0.0415568 -0.0453418 -0.0715364 -0.0496115 -0.0764785 -0.0369437 -0.0313679 -0.00247189 0.0401052 -0.059463 -0.0315316 -0.00452228 0.0278782 0.0905115 -0.0916576
internal_weight=8095 1825 282 241 6270 596 171 114 5674 554 357 317 253 197 259 1543 1485 156 1420 455 965 925 456 241 469 305 234 176 111 410
internal_count=8095 1825 282 241 6270 596 171 114 5674 554 357 317 253 197 259 1543 1485 156 1420 455 965 925 456 241 469 305 234 176 111 410
is_linear=0
shrinkage=0.03


Tree=87
num_leaves=31
num_cat=0
split_feature=31 34 17 63 53 10 17 53 10 7 7 34 53 47 12 27 54 67 6 66 63 58 14 73 7 71 67 14 40 12
split_gain=2628.83 856.715 990.906 871.704 839.327 779.661 773.935 956.598 750.667 1588.22 726.045 678.751 657.772 844.071 644.612 726.799 631.77 754.708 601.781 1036.98 870.086 804.22 796.721 859.255 861.233 762.735 901.552 822.781 647.76 815.284
threshold=17.911192893981937 27.25290679931641 3.5000000000000004 -0.1926909365991501 0.49208535828254146 0.062828947368421068 34.500000000000007 0.51464722623583226 0.8609353023909988 0.85416666666666685 0.32833333333333342 39.213478088378913 0.51633375180689234 35.148351648351657 0.83374436345470782 33.500000000000007 0.6307236443036689 10.500000000000002 0.96500000000000008 60.500000000000007 -0.14550262611295975 3.4166666666666674 -0.024999999999999963 2119.7500000000005 0.72416666666666674 4.5000000000000009 10.500000000000002 0.065000000000000016 29.037013053894047 0.71171594808358807
decision_type=8 10 2 10 8 10 2 10 10 10 8 10 10 10 10 10 10 8 10 10 10 10 10 2 10 2 10 10 8 8
left_child=1 2 3 4 -1 -5 8 -8 11 -10 -6 14 -3 -14 18 -16 17 -13 19 -2 21 -21 -20 24 -24 -26 27 28 -27 -30
right_child=6 12 -4 5 10 -7 7 -9 9 -11 -12 16 13 -15 15 -17 -18 -19 22 20 -22 -23 23 -25 25 26 -28 -29 29 -31
leaf_value=0.036393304238232164 -0.031278727790606871 -0.060822201472387386 -0.08230128919084867 0.12471956359064679 -0.027585430844287787 -0.021927599449680278 -0.014151597284169978 0.02974780333030359 -0.19463868721476141 -0.015441789925232423 -0.12860552669771141 0.015146592941723372 0.16362480823383774 0.0011490198815691059 -0.091851775715061063 0.0043071181918461834 -0.041319379851222034 0.163150680639288 0.11010941057604409 0.023846132491757585 -0.089638872241583775 0.15356750280425255 0.078390325474388456 -0.087111959778998466 -0.063715976520180698 -0.070346177676692601 -0.029664911135645709 -0.030844695243351861 0.11887947689960984 0.030054675179971704
leaf_weight=82 875 67 504 59 140 73 574 2015 53 278 118 57 43 87 140 143 40 68 74 352 53 49 170 79 125 52 357 212 102 1054
leaf_count=82 875 67 504 59 140 73 574 2015 53 278 118 57 43 87 140 143 40 68 74 352 53 49 170 79 125 52 357 212 102 1054
internal_value=8.30261e-11 -0.0415299 -0.0530484 -0.0218123 -0.0472152 0.0436192 0.00703764 0.020015 -0.000716427 -0.0441349 -0.0737884 0.00287466 0.0155368 0.054891 0.00031263 -0.0432627 0.0624535 0.0956608 0.00378247 -0.0121904 0.0245986 0.0396974 0.0133231 0.00999344 0.0136958 0.00791345 0.0129521 0.0236664 0.0332329 0.0378922
internal_weight=8095 1173 976 472 340 132 6922 2589 4333 331 258 4002 197 130 3837 283 165 125 3554 1329 454 401 2225 2151 2072 1902 1777 1420 1208 1156
internal_count=8095 1173 976 472 340 132 6922 2589 4333 331 258 4002 197 130 3837 283 165 125 3554 1329 454 401 2225 2151 2072 1902 1777 1420 1208 1156
is_linear=0
shrinkage=0.03


Tree=88
num_leaves=31
num_cat=0
split_feature=1 26 71 63 52 41 39 66 27 8 49 31 16 60 59 10 11 67 66 6 62 54 34 34 55 15 7 32 49 11
split_gain=2487.63 849.073 703.652 729.955 669.52 656.254 1095.51 887.068 753.216 871.582 758.34 683.282 778.381 732.062 1016.01 1622.17 779.991 787.641 766.9 701.055 696.556 694.31 670.755 653.751 748.456 800.976 631.719 623.348 1024.71 617.373
threshold=1.5000000000000002 98.500000000000014 11.500000000000002 0.1433978525745262 28.703296703296708 31.427272796630863 20.091788291931156 83.500000000000014 31.500000000000004 0.98225000000000018 36.833333333333336 27.757221221923832 1.0000000180025095e-35 65.708333333333357 7.166666666666667 0.34641025641025647 0.28421717171717176 1.5000000000000002 44.500000000000007 0.19500000000000003 -0.069988368945507348 0.56074134832091282 29.395285606384281 35.265724182128913 0.65514921936930615 0.0061206770401443971 0.99416666666666675 36.408966064453132 40.833333333333336 0.078465856421876617
decision_type=10 2 2 10 10 10 10 10 8 8 10 10 2 10 10 8 10 10 8 10 10 10 10 10 10 8 10 10 8 10
left_child=23 2 3 4 -2 6 7 8 11 10 -10 12 13 14 16 -16 17 19 -15 -6 -19 -22 -7 24 -1 -26 27 28 -25 -4
right_child=1 -3 29 -5 5 22 -8 -9 9 -11 -12 -13 -14 18 15 -17 -18 20 -20 -21 21 -23 -24 26 25 -27 -28 -29 -30 -31
leaf_value=0.0046941687927241791 -0.10598396778106689 0.073189071112942386 -0.036306818772107362 -0.10162361348155609 -0.0010086724832653999 -0.18643791171056884 0.070185511570151252 0.11361875441743106 -0.11362238742178306 0.11031869908453712 0.048219090276642847 -0.11053987718054226 0.073782656940280411 0.030502496063709261 -0.043066624876330881 0.2087015491936888 -0.089410319632683699 0.055884166359901427 -0.11216925209536301 0.15155570347134659 -0.12281694028637197 -0.014796939298118416 -0.020616306705481334 0.034856094256001925 0.015868456346808738 -0.14021122383537576 0.0087367291088068684 0.070344930655459992 -0.11411018611268793 -0.200989342137639
leaf_weight=4262 87 68 40 121 80 42 123 41 48 71 57 105 61 42 51 42 173 53 176 41 101 114 46 359 53 67 1081 401 47 42
leaf_count=4262 87 68 40 121 80 42 123 41 48 71 57 105 61 42 51 42 173 53 176 41 101 114 46 359 53 67 1081 401 47 42
internal_value=1.36806e-10 -0.0308254 -0.034851 -0.0306503 -0.0251241 -0.0203287 -0.01526 -0.0236277 -0.028259 0.0291321 -0.0257656 -0.0379807 -0.0298236 -0.037063 -0.0212142 0.0706351 -0.0364135 -0.0128442 -0.084682 0.0506867 -0.041528 -0.0655412 -0.0997584 0.0089723 0.00261374 -0.071276 0.0237303 0.0438147 0.0176112 -0.120656
internal_weight=8095 1825 1757 1675 1554 1467 1379 1256 1215 176 105 1039 934 873 655 93 562 389 218 121 268 215 88 6270 4382 120 1888 807 406 82
internal_count=8095 1825 1757 1675 1554 1467 1379 1256 1215 176 105 1039 934 873 655 93 562 389 218 121 268 215 88 6270 4382 120 1888 807 406 82
is_linear=0
shrinkage=0.03


Tree=89
num_leaves=31
num_cat=0
split_feature=29 26 67 59 44 52 58 15 14 64 34 30 6 72 67 42 15 48 63 26 60 27 9 51 7 1 8 47 33 8
split_gain=2360.28 909.952 830.553 918.736 810.428 808.605 786.683 1657.91 773.997 695.59 1035.67 821.562 780.137 1089.44 959.66 699.385 710.432 682.618 650.753 738.413 838.073 638.604 575.45 957.627 801.607 640.472 882.873 846.072 664.022 767.475
threshold=23.44999980926514 93.500000000000014 1.5000000000000002 3.1666666666666674 24.833333333333339 33.516666666666673 3.8333333333333335 0.28852586119444085 0.76500000000000012 1.0000000180025095e-35 34.802438735961921 17.812500000000004 0.97500000000000009 9.5000000000000018 13.500000000000002 32.585714340209968 -0.22929185372779246 38.500000000000007 -0.11518454873087873 13.500000000000002 59.583333333333343 25.500000000000004 0.81002057613168743 33.987778789302958 0.77500000000000024 1.5000000000000002 0.89100000000000013 36.031250000000007 40.535715103149421 0.82900000000000018
decision_type=8 2 8 8 8 10 10 8 10 2 8 10 10 2 10 8 8 10 8 2 10 10 8 10 10 10 8 8 8 10
left_child=1 2 -1 5 -2 -4 -5 -8 9 11 12 -6 13 15 18 -11 -17 -7 -14 -20 -21 -22 23 -13 -25 28 -27 -28 -24 -30
right_child=4 -3 3 6 8 17 7 -9 -10 10 -12 22 14 -15 -16 16 -18 -19 19 20 21 -23 25 24 -26 26 27 -29 29 -31
leaf_value=0.086601363681256774 -0.074202761426831604 0.10362475772929745 -0.079131029081899062 -0.055087757913076581 -0.10351835860925562 0.14841803458603944 -0.075326725134383071 0.14331124775503812 0.13072842231456269 -0.17027062757764583 0.022670350632145866 0.19712985167861916 -0.081603947300208757 0.083591086082160468 -0.092825975661525617 0.06662908362597228 -0.067424594784034009 -0.0039509580415837903 0.072462089754291026 -0.074770921150800487 -0.066964764938904686 0.024952892982617589 0.012280501276968496 -0.0088068161076307293 0.12108065270990706 -0.14356744573396796 0.059086286956444377 -0.069696183186024427 0.1338736804649234 0.033611924550321533
leaf_weight=48 106 43 43 1243 51 55 69 57 47 52 819 40 73 48 101 40 322 51 149 116 78 532 2920 125 65 51 96 88 80 487
leaf_count=48 106 43 43 1243 51 55 69 57 47 52 819 40 73 48 101 40 322 51 149 116 78 532 2920 125 65 51 96 88 80 487
internal_value=-6.63761e-13 -0.0325241 -0.0362626 -0.0401476 0.00806835 0.0305964 -0.0478473 0.0235809 0.00943523 0.00853506 -0.00449684 0.0161205 -0.0192221 -0.051704 -0.00491649 -0.0673904 -0.052612 0.0751084 0.00444939 0.0116287 -0.00085639 0.0131995 0.0176644 0.0637156 0.0356284 0.0148187 -0.0331188 -0.00250533 0.0180493 0.0477582
internal_weight=8095 1609 1566 1518 6486 149 1369 126 6380 6333 2330 4003 1511 462 1049 414 362 106 948 875 726 610 3952 230 190 3722 235 184 3487 567
internal_count=8095 1609 1566 1518 6486 149 1369 126 6380 6333 2330 4003 1511 462 1049 414 362 106 948 875 726 610 3952 230 190 3722 235 184 3487 567
is_linear=0
shrinkage=0.03


Tree=90
num_leaves=31
num_cat=0
split_feature=31 34 17 33 17 53 10 7 15 22 53 47 12 27 54 67 38 17 34 26 62 62 8 9 62 7 31 66 14 9
split_gain=2226.06 787.136 922.16 1087.88 694.929 884.45 713.769 1480.08 645.129 635.059 611.96 779.13 595.969 730.454 593.044 575.579 681.192 571.121 570.218 641.751 561.607 1637.25 1332.88 756.894 887.305 813.207 818.194 730.083 713.325 788.771
threshold=17.911192893981937 27.25290679931641 1.5000000000000002 0.94444444775581371 34.500000000000007 0.51464722623583226 0.8609353023909988 0.85416666666666685 -0.18368545913805465 3.5000000000000004 0.51633375180689234 35.148351648351657 0.83374436345470782 33.500000000000007 0.60681145786304558 6.5000000000000009 39.437500000000007 138.50000000000003 38.566965103149421 16.500000000000004 0.040714964447125086 0.017692328782936254 0.87100000000000011 0.67302907800957856 0.087341136909464837 0.8516666666666669 26.462507247924808 47.500000000000007 -0.62499999999999989 0.74523232913832527
decision_type=8 10 2 10 2 10 10 10 10 2 10 10 10 10 10 8 8 2 10 2 10 10 10 8 10 8 8 8 8 8
left_child=1 2 3 8 6 -6 12 -8 -1 -5 -3 -12 18 -14 -13 -9 -17 -7 20 -20 21 28 -23 24 -22 -25 -27 -28 -2 -30
right_child=4 10 -4 9 5 17 7 15 -10 -11 11 14 13 -15 -16 16 -18 -19 19 -21 23 22 -24 25 -26 26 27 -29 29 -31
leaf_value=-0.098273383059538894 0.12353554620299227 -0.057167950799660895 -0.06692166369486631 0.015521423389782775 -0.014079637470612957 0.03090573060521256 -0.18849885382742251 0.065906773150944314 0.036484500633037473 0.16270845409573576 0.15891022006439609 -0.07286017209291458 -0.086445582566525903 0.0063829518326482971 0.083884802630969452 0.035491384120809065 -0.076633467016077331 -0.063829696740228994 -0.037594725144345587 0.1018152272921159 -0.022354993208291683 0.15288717020513309 0.022546518471591719 -0.083364865099725544 0.16510268869725142 0.11583460921590977 -0.083259362319561964 -0.0044047538643660206 -0.05925580060838357 0.0057181111010011082
leaf_weight=100 43 67 714 74 574 1956 53 61 47 41 43 45 145 161 42 74 143 59 41 108 47 124 164 163 44 44 126 655 184 1953
leaf_count=100 43 67 714 74 574 1956 53 61 47 41 43 45 145 161 42 74 143 59 41 108 47 124 164 163 44 44 126 655 184 1953
internal_value=5.94193e-11 -0.0382163 -0.0492572 -0.00111807 0.00647611 0.0187733 -0.000871517 -0.0432095 -0.0551875 0.0679968 0.016484 0.054443 0.0026302 -0.0376044 0.00280982 -0.0155105 -0.0383973 0.0281318 0.00596132 0.0634541 0.0035462 0.0114393 0.0786654 -0.0145076 0.0682839 -0.0221331 -0.0100352 -0.0171265 0.002558 0.000123727
internal_weight=8095 1173 976 262 6922 2589 4333 331 147 115 197 130 4002 306 87 278 217 2015 3696 149 3547 2468 288 1079 91 988 825 781 2180 2137
internal_count=8095 1173 976 262 6922 2589 4333 331 147 115 197 130 4002 306 87 278 217 2015 3696 149 3547 2468 288 1079 91 988 825 781 2180 2137
is_linear=0
shrinkage=0.03


Tree=91
num_leaves=31
num_cat=0
split_feature=1 20 74 6 15 57 27 49 15 33 49 67 17 50 66 26 54 11 48 55 54 48 30 71 37 50 28 9 74 57
split_gain=2114.53 799.705 762.524 883.456 653.766 632.048 636.899 1030.36 711.838 734.65 712.296 825.557 699.868 636.496 685.849 624.155 662.151 1221.8 819.741 718.494 725.914 647.21 905.844 756.97 843.694 986.692 715.965 886.488 774.449 711.08
threshold=1.5000000000000002 1.0000000180025095e-35 727.95000000000016 0.13500000000000004 0.16693924154446607 27.166666666666668 29.776374816894535 45.166666666666679 -0.30919820466090187 12.09999990463257 34.833333333333336 8.5000000000000018 14.500000000000002 40.70000000000001 79.500000000000014 191.50000000000003 0.64464545244829397 0.83381937990146959 45.500000000000007 0.61521007937087913 0.59153823232980474 35.500000000000007 21.312500000000004 6.5000000000000009 41.899999618530281 45.70000000000001 38.166666030883796 0.92521703619523599 704.80000000000007 42.833333333333336
decision_type=10 2 2 10 8 8 10 10 10 8 8 10 2 10 8 2 10 8 10 10 10 10 10 2 10 10 10 10 2 10
left_child=5 -2 3 -3 -5 -1 7 8 10 -10 -7 12 -12 -11 -15 16 19 18 -18 21 -21 29 -23 26 25 -25 27 -24 -29 -8
right_child=1 2 -4 4 -6 6 15 -9 9 13 11 -13 -14 14 -16 -17 17 -19 -20 20 -22 22 23 24 -26 -27 -28 28 -30 -31
leaf_value=-0.036032044213359322 -0.036909670133870372 0.14580777078481583 -0.069480596891303051 -0.065943542449247272 0.059221448049910606 -0.0022052729528352437 0.031305878230347597 -0.13791955863386393 -0.13873821517293591 -0.0028204707698469313 -0.017572383782021084 0.1299026778538008 0.09428585313260554 -0.01188781959614877 -0.16700478115159531 0.12713898731962492 -0.025502161887784799 -0.078902488981998017 0.109789399015781 0.16518938019547771 0.040786041519121255 -0.11520815880762206 0.19964859356765044 0.0018570513522736939 -0.12769205052405597 0.14559746715155517 -0.02875823702059082 0.089507053303221853 -0.042368435114622113 0.15845251785857337
leaf_weight=277 1543 58 68 63 93 415 689 50 41 1090 133 98 81 58 46 46 90 176 73 46 513 54 44 1854 44 44 74 135 57 42
leaf_count=277 1543 58 68 63 93 415 689 50 41 1090 133 98 81 58 46 46 90 176 73 46 513 54 44 1854 44 44 74 135 57 42
internal_value=-1.62043e-10 -0.0284199 0.0180331 0.0458411 0.00867405 0.00827214 0.0103199 -0.00343686 -9.68003e-06 -0.0138739 0.0235424 0.05779 0.0247665 -0.00958629 -0.0804972 0.0172726 0.0159882 -0.0240926 0.0350885 0.0197667 0.0510232 0.0140136 0.00621615 0.00912775 0.00217858 0.00518928 0.0526609 0.0781906 0.0503565 0.0386112
internal_weight=8095 1825 282 214 156 6270 5993 2012 1962 1235 727 312 214 1194 104 3981 3935 339 163 3596 559 3037 2306 2252 1942 1898 310 236 192 731
internal_count=8095 1825 282 214 156 6270 5993 2012 1962 1235 727 312 214 1194 104 3981 3935 339 163 3596 559 3037 2306 2252 1942 1898 310 236 192 731
is_linear=0
shrinkage=0.03


Tree=92
num_leaves=31
num_cat=0
split_feature=33 1 30 12 34 33 26 26 31 7 22 74 22 67 12 24 55 44 46 11 9 66 9 43 46 62 59 60 44 47
split_gain=2008.63 1157.96 949.895 846.059 697.317 671.279 710.32 859.532 623.648 1022.4 931.022 871.852 869.463 1252.84 852.529 825.031 675.581 1145.79 970.248 659.13 764.147 678.821 606.784 579.404 777.882 844.847 1013.5 1152.56 655.603 588.155
threshold=1.0714285969734194 1.5000000000000002 7.5625000000000009 0.23815436894384265 12.286363601684572 37.516666412353523 89.500000000000014 59.500000000000007 17.911192893981937 0.36833333333333346 25.500000000000004 505.30000000000007 11.500000000000002 5.5000000000000009 0.6598003268284035 1.0000000180025095e-35 0.51396348579221873 39.166666666666679 35.160246233319675 0.19998742659301585 0.22621754253813028 45.500000000000007 0.47979295037818365 25.500000000000004 40.155502347479555 -0.04543503528128761 6.166666666666667 63.916666666666679 36.166666666666679 35.148351648351657
decision_type=8 10 8 10 8 8 2 2 10 10 2 2 2 10 10 2 10 10 10 10 10 10 10 10 10 10 10 10 10 10
left_child=3 2 -2 -1 -4 6 7 8 9 19 12 22 15 -14 -12 16 -10 18 -18 20 21 -3 -11 -7 25 29 27 28 -27 -25
right_child=1 5 4 -5 -6 23 -8 -9 10 11 14 -13 13 -15 -16 -17 17 -19 -20 -21 -22 -23 -24 24 -26 26 -28 -29 -30 -31
leaf_value=-0.036744397607273778 0.15288366059704525 -0.038873655155523497 -0.099327668415175541 -0.13277389431049014 0.008949748891947518 -0.14003708842161455 0.096979691516607999 -0.11414456785044499 0.15575464660817004 -0.13621380977332592 0.20473253609878675 -0.21073462444682453 -0.17707326044170363 0.038173982818921405 0.013586145719247204 -0.060354627668857568 0.053987654954570335 0.15421651087660829 -0.11779444313977123 0.092373794913291937 -0.088969067285458239 0.10196920318038839 0.017947489188777074 -0.033070022762377756 -0.13055245394215864 -0.14144580526583228 0.11916752915456891 0.077836691155320117 0.01086275206106465 -0.17626183388488634
leaf_weight=260 41 67 54 121 6150 57 56 70 47 40 42 43 53 45 42 75 67 46 53 57 90 57 54 67 68 67 60 63 41 42
leaf_count=260 41 67 54 121 6150 57 56 70 47 40 42 43 53 45 42 75 67 46 53 57 90 57 54 67 68 67 60 63 41 42
internal_value=2.02903e-11 0.00332113 0.00895845 -0.067242 0.0080073 -0.0206442 -0.00684283 -0.0129758 -0.00490996 -0.032047 0.0186473 -0.0988392 -0.00104963 -0.0782352 0.109159 0.0252149 0.055345 0.0269158 -0.0218828 0.00171882 -0.0224276 0.0258686 -0.0476531 -0.0504432 -0.0379264 -0.0194012 0.0130834 -0.0241391 -0.083625 -0.0882448
internal_weight=8095 7714 6245 381 6204 1469 1004 948 878 408 470 137 386 98 84 288 213 166 120 271 214 124 94 465 408 340 231 171 108 109
internal_count=8095 7714 6245 381 6204 1469 1004 948 878 408 470 137 386 98 84 288 213 166 120 271 214 124 94 465 408 340 231 171 108 109
is_linear=0
shrinkage=0.03


Tree=93
num_leaves=31
num_cat=0
split_feature=33 1 30 12 34 62 63 44 47 48 43 67 15 14 33 51 46 22 52 73 14 55 60 14 22 14 66 66 64 52
split_gain=1889.92 1089.52 893.757 796.057 656.106 635.838 737.583 794.983 704.071 662.314 1263.24 1265.07 1135.49 783.037 1088.34 775.106 1059.84 848.149 861.854 845.869 815.456 763.818 732.162 704.975 695.227 651.457 645.022 591.254 575.144 890.242
threshold=1.0714285969734194 1.5000000000000002 7.5625000000000009 0.23815436894384265 12.286363601684572 0.10088404205285507 -0.16374779333796774 40.500000000000007 36.031250000000007 32.500000000000007 33.500000000000007 1.5000000000000002 0.02046994776377015 -0.35499999999999993 29.499838829040531 43.074489946051614 39.376237552014608 20.500000000000004 37.759615384615394 139.10000000000002 -1.0000000180025095e-35 0.56960567065954948 62.583333333333343 -0.060000000000000019 13.500000000000002 0.14499999999999999 62.500000000000007 44.500000000000007 1.0000000180025095e-35 36.345238095238102
decision_type=8 10 8 10 8 8 10 10 10 10 10 10 10 8 8 10 10 2 10 2 10 10 10 10 2 8 10 10 2 10
left_child=3 2 -2 28 -4 9 7 8 -7 12 11 -11 13 -3 22 16 17 18 -12 27 21 -20 -15 -16 -14 -17 -13 -19 -1 -30
right_child=1 5 4 -5 -6 6 -8 -9 -10 10 15 26 24 14 23 25 -18 19 20 -21 -22 -23 -24 -25 -26 -27 -28 -29 29 -31
leaf_value=-0.0723662051491199 0.14829714960441356 -0.1143140054174832 -0.096347840453187616 -0.1287906771307149 0.0086812564160061497 -0.0098295323377431826 -0.1681552273385665 0.043971308295149357 -0.18150576648324035 0.19923919936785328 -0.085409614252560634 -0.035567626976998334 -0.029219332018068856 0.13213921942939497 -0.11910010107299859 -0.0065172551042290737 -0.14493135506054386 -0.094137853467836971 0.039624288320541379 0.11382174939897499 0.096654929481446744 -0.13718981569199715 -0.010646600648760796 0.033968707373986641 -0.18402862143905266 0.13532252217040341 0.10680686756968498 0.059032295270021573 0.12555556384580477 -0.052754113237772668
leaf_weight=155 41 56 54 121 6150 43 51 64 43 52 188 71 42 73 68 68 64 48 45 76 60 43 58 45 69 51 48 43 42 63
leaf_count=155 41 56 54 121 6150 43 51 64 43 52 188 71 42 73 68 68 64 48 45 76 60 43 58 45 69 51 48 43 42 63
internal_value=-3.06094e-11 0.00322149 0.00868969 -0.0652247 0.00776708 -0.0200249 -0.0695979 -0.0360884 -0.0956676 -0.0121667 0.00284828 0.0758004 -0.0434752 -0.0131438 0.0100756 -0.0153366 -0.0299456 -0.0153152 -0.0427791 0.0399415 0.0113732 -0.0467735 0.0689211 -0.0581435 -0.125452 0.0542712 0.0218607 -0.0217608 -0.0356421 0.0185698
internal_weight=8095 7714 6245 381 6204 1469 201 150 86 1268 857 171 411 300 244 686 567 503 336 167 148 88 131 113 111 119 119 91 260 105
internal_count=8095 7714 6245 381 6204 1469 201 150 86 1268 857 171 411 300 244 686 567 503 336 167 148 88 131 113 111 119 119 91 260 105
is_linear=0
shrinkage=0.03


Tree=94
num_leaves=31
num_cat=0
split_feature=29 26 67 59 52 44 14 58 15 64 34 30 6 72 67 58 8 66 48 9 43 9 60 45 12 66 9 59 8 30
split_gain=1799.68 802.882 774.847 849.17 761.544 753.216 717.142 714.679 1509.88 646.217 939.921 735.856 709.286 1028.73 898.917 638.848 691.793 796.464 623.911 618.401 811.966 610.901 694.72 674.886 643.483 626.974 560.151 907.661 1151.78 540.687
threshold=23.44999980926514 93.500000000000014 1.5000000000000002 3.1666666666666674 33.516666666666673 24.833333333333339 0.76500000000000012 3.8333333333333335 0.28852586119444085 1.0000000180025095e-35 34.802438735961921 17.812500000000004 0.97500000000000009 9.5000000000000018 13.500000000000002 1.8333333333333337 0.77550000000000019 51.500000000000007 38.500000000000007 0.91321766668360205 31.500000000000004 0.96788063457044304 59.916666666666679 36.100000000000009 0.82598405935644104 78.500000000000014 0.81002057613168743 4.8333333333333348 0.79700000000000015 38.937500000000007
decision_type=8 2 8 8 10 8 10 10 8 2 8 10 10 2 10 8 10 10 10 10 10 10 10 10 10 8 8 10 10 10
left_child=1 2 -1 4 -4 -2 9 -5 -9 11 12 -7 13 15 19 -11 17 -17 -6 20 -14 22 -21 -24 -23 -26 27 -13 -29 -28
right_child=5 -3 3 7 18 6 -8 8 -10 10 -12 26 14 -15 -16 16 -18 -19 -20 21 -22 24 23 -25 25 -27 29 28 -30 -31
leaf_value=0.086760293239494787 -0.072268719294301745 0.099488148579243998 -0.074137783514898872 -0.049967889378048864 0.14563230355219406 -0.098418724326526416 0.12511641079758073 -0.069374436076892448 0.13927414895672549 -0.019295564131788547 0.020816590989404273 -0.0050572756173856122 -0.041065116264718642 0.08140698278788476 -0.090533664406526201 -0.22955321292343892 -0.050895141797314448 -0.068773444170753165 -3.7303882486679976e-05 -0.16322552197590107 0.11112049007788299 0.028638989161744146 0.023791987879495869 -0.11149808976580114 -0.08264829556469952 0.026123061590805286 0.0089103269540699564 0.036791823990132706 0.21858069289814341 0.042189172417042529
leaf_weight=48 106 43 43 1243 55 51 47 69 57 164 819 102 47 48 101 57 139 54 51 41 96 422 95 51 114 82 3213 73 55 509
leaf_count=48 106 43 43 1243 55 51 47 69 57 164 819 102 47 48 101 57 139 54 51 41 96 422 95 51 114 82 3213 73 55 509
internal_value=4.72653e-11 -0.0284002 -0.0319118 -0.0356643 0.0323487 0.00704531 0.00836306 -0.0430667 0.0250142 0.00749659 -0.00506431 0.0148078 -0.0190924 -0.0500642 -0.00545183 -0.0653072 -0.0954909 -0.151336 0.075546 0.0036128 0.0611014 -0.00659947 -0.0541091 -0.0234669 0.00777644 -0.0371419 0.016269 0.0617039 0.114904 0.0134614
internal_weight=8095 1609 1566 1518 149 6486 6380 1369 126 6333 2330 4003 1511 462 1049 414 250 111 106 948 143 805 187 146 618 196 3952 230 128 3722
internal_count=8095 1609 1566 1518 149 6486 6380 1369 126 6333 2330 4003 1511 462 1049 414 250 111 106 948 143 805 187 146 618 196 3952 230 128 3722
is_linear=0
shrinkage=0.03


Tree=95
num_leaves=31
num_cat=0
split_feature=33 1 30 12 33 26 26 34 10 63 29 57 8 31 7 22 74 12 22 67 24 55 44 46 11 9 66 33 52 54
split_gain=1728.22 974.943 847.409 745.297 606.727 642.493 789.843 605.004 574.63 763.073 624.675 568.907 568.375 567.171 940.84 850.643 815.29 811.613 807.261 1167.15 749.118 628.224 1056.3 891.052 610.049 708.962 628.332 565.16 552.075 628.214
threshold=1.0714285969734194 1.5000000000000002 7.5625000000000009 0.23815436894384265 37.516666412353523 89.500000000000014 59.500000000000007 12.286363601684572 0.11952380952380953 -0.11356789444236874 39.699998855590827 27.166666666666668 0.36450000000000005 17.911192893981937 0.36833333333333346 25.500000000000004 505.30000000000007 0.6598003268284035 11.500000000000002 5.5000000000000009 1.0000000180025095e-35 0.51396348579221873 39.166666666666679 35.160246233319675 0.19998742659301585 0.22621754253813028 45.500000000000007 11.125000000000002 39.654761904761912 0.58023185527971599
decision_type=8 10 8 10 8 2 2 8 8 10 8 8 10 10 10 2 2 10 2 10 2 10 10 10 10 10 10 10 8 10
left_child=3 2 -2 -1 5 6 13 -4 12 10 -10 28 -6 14 24 18 27 -17 20 -20 21 -15 23 -23 25 26 -3 -16 29 -9
right_child=1 4 7 -5 8 -7 -8 11 9 -11 -12 -13 -14 15 16 17 -18 -19 19 -21 -22 22 -24 -25 -26 -27 -28 -29 -30 -31
leaf_value=-0.033748008411664233 0.14419276622737326 -0.036375918495121284 -0.092623280831095237 -0.12387797203438342 -0.059688147001488258 0.092952837326696944 -0.10860204790106842 -0.034896228938698766 -0.060353635552276921 -0.14933386255502701 0.062083499236879024 0.010191772081911785 0.089763396467481341 0.1505929952408088 0.032416675806045528 0.19834424020456415 -0.20204607565562394 0.011841127840535981 -0.17002314502338195 0.037732942859331764 -0.056481746798753736 0.052205663224988021 0.14858060591246772 -0.11241644376150842 0.08983704225013131 -0.084701196230947975 0.099128011904264748 -0.11483711355802963 0.019573214694059319 -0.17022246472900959
leaf_weight=260 41 67 54 121 43 56 70 125 254 75 44 5879 49 47 45 42 43 42 53 45 75 67 46 53 57 90 57 49 105 41
leaf_count=260 41 67 54 121 43 56 70 125 254 75 44 5879 49 47 45 42 43 42 53 45 75 67 46 53 57 90 57 49 105 41
internal_value=-1.09692e-10 0.0030806 0.00825328 -0.062372 -0.0189095 -0.00578847 -0.0116213 0.0073549 -0.0472395 -0.0638021 -0.0422757 0.00823276 0.019911 -0.00388934 -0.0297685 0.018576 -0.0938412 0.105093 -0.000251525 -0.0746249 0.0250561 0.0537666 0.0263519 -0.0205024 0.00262256 -0.0206075 0.0259122 -0.0443433 -0.0342655 -0.0683202
internal_weight=8095 7714 6245 381 1469 1004 948 6204 465 373 298 6150 92 878 408 470 137 84 386 98 288 213 166 120 271 214 124 94 271 166
internal_count=8095 7714 6245 381 1469 1004 948 6204 465 373 298 6150 92 878 408 470 137 84 386 98 288 213 166 120 271 214 124 94 271 166
is_linear=0
shrinkage=0.03


Tree=96
num_leaves=31
num_cat=0
split_feature=33 1 30 11 64 47 63 62 43 62 30 28 66 57 60 47 49 14 47 47 8 52 56 59 15 34 60 62 53 60
split_gain=1626.08 917.324 797.327 715.088 599.088 1005.31 592.363 828.934 700.126 712.428 577.211 614.021 697.022 826.122 858.586 672.732 575.168 1185.96 679.444 635.398 1438.88 770.98 802.857 860.758 986.788 760.65 769.227 728.053 705.377 619.861
threshold=1.0714285969734194 1.5000000000000002 7.5625000000000009 0.12720689804023141 1.0000000180025095e-35 34.620192307692314 -0.2371046437227049 0.11221691983823358 37.500000000000007 0.15040064524949465 25.062500000000004 30.583333015441898 52.500000000000007 34.833333333333336 63.583333333333343 30.035714285714288 43.500000000000007 -0.59499999999999986 41.414285714285718 38.148351648351657 0.39900000000000008 39.966666666666676 43.833333333333336 6.8333333333333348 -0.1225890127807036 29.770978927612308 63.916666666666679 -0.10486100674204184 0.53373900108463601 61.750000000000007
decision_type=8 10 8 10 2 10 8 8 8 8 8 10 10 10 10 10 10 10 8 8 8 10 10 10 10 10 10 10 10 10
left_child=3 2 -2 4 -1 -6 -3 16 -9 -10 11 12 13 -4 15 -15 19 -18 -19 21 -21 22 23 25 -25 27 29 -8 -24 -27
right_child=1 6 10 -5 5 -7 7 8 9 -11 -12 -13 -14 14 -16 -17 17 18 -20 20 -22 -23 28 24 -26 26 -28 -29 -30 -31
leaf_value=-0.066120477621890092 0.13986698011436113 0.061567266458951976 -0.0087949160110851934 -0.11322761380424103 0.14454283481463789 -0.056355931469622783 0.055586831574557259 0.0033608308620750901 -0.22796575695276258 -0.064965110356157471 0.0099338387881176878 0.054968684501587768 0.0088330050413661289 -0.14310277882218359 -0.19957686362968335 0.025119097355915151 0.17560113021305629 0.052287634404028872 -0.10450941365818645 0.044483086181183649 -0.117325810054435 0.10626437577418982 -0.17514480247217065 0.14368244869495503 -0.024567582273887376 0.064783568622337445 0.14642681394304546 -0.055905575050309915 -0.016574227184057235 -0.08180602908767759
leaf_weight=146 41 79 121 144 40 51 61 48 43 55 5673 78 184 40 62 46 42 59 43 72 158 48 51 67 59 54 42 388 50 50
leaf_count=146 41 79 121 144 40 51 61 48 43 55 5673 78 184 40 62 46 42 59 43 72 158 48 51 67 59 54 42 388 50 50
internal_value=-2.43122e-11 0.00298818 0.00800568 -0.0605008 -0.0284643 0.0319512 -0.0183422 -0.0228838 -0.0905088 -0.136486 0.00713425 -0.0227754 -0.0361618 -0.066939 -0.114476 -0.0531236 -0.0149471 0.0414327 -0.0138131 -0.0223277 -0.0666726 -0.0106044 -0.0174288 -0.00633203 0.0648987 -0.0214162 0.0380681 -0.0407585 -0.0966445 -0.0056922
internal_weight=8095 7714 6245 381 237 91 1469 1390 146 98 6204 531 453 269 148 86 1244 144 102 1100 230 870 822 721 126 595 146 449 101 104
internal_count=8095 7714 6245 381 237 91 1469 1390 146 98 6204 531 453 269 148 86 1244 144 102 1100 230 870 822 721 126 595 146 449 101 104
is_linear=0
shrinkage=0.03


Tree=97
num_leaves=31
num_cat=0
split_feature=34 43 33 53 27 31 11 26 57 9 61 62 55 67 26 17 53 63 66 60 67 57 59 27 50 50 14 54 67 29
split_gain=1549.96 805.737 894.496 880.966 758.471 1166.36 1207.32 754.089 1033.9 1259.34 1154.12 872.175 836.106 813.922 799.891 689.495 698.826 687.547 674.881 699.188 838.936 675.175 670.636 670.591 669.324 832.863 665.69 932.761 702.872 650.443
threshold=26.714545249938968 47.500000000000007 0.94444444775581371 0.60834917884226192 37.500000000000007 15.709452152252199 0.49687373306452493 12.500000000000002 38.166666666666679 0.80006789536449541 36.916666666666679 0.031548285427792207 0.54626981522995843 12.500000000000002 4.5000000000000009 34.500000000000007 0.51464722623583226 -0.17077555745147591 50.500000000000007 66.083333333333357 2.5000000000000004 28.833333333333339 8.4166666666666696 15.500000000000002 32.225000000000009 34.366666666666674 -0.13499999999999995 0.50030786592397203 10.500000000000002 8.0999999046325701
decision_type=8 8 8 10 10 10 10 2 10 8 10 10 10 8 2 2 10 8 8 10 10 10 10 10 10 10 10 10 10 10
left_child=1 2 -1 7 5 29 -7 8 10 -10 12 17 24 -13 -12 18 -17 -9 19 20 -2 -22 -20 -23 -4 -26 -25 -28 -29 -5
right_child=15 -3 3 4 -6 6 -8 11 9 -11 14 13 -14 -15 -16 16 -18 -19 22 -21 21 23 -24 26 25 -27 27 28 -30 -31
leaf_value=-0.070735394374792829 0.06556871241840001 -0.098478596378595393 -0.019095522583178853 0.055633235133829569 -0.07122940906040047 0.25049940015872318 0.051328730285167691 -0.14250254029726109 -0.11411041418666189 0.059636849229665174 0.019635712671570663 -0.051831043530255555 -0.064289350521105973 -0.19935262364718845 0.19155707347393036 -0.013244110123727247 0.028238033782388858 -0.016261959046628555 0.0088396114915639274 0.02667571772499518 -0.15707041751179429 0.055360956147031959 -0.064784304125812556 -0.14197031304945371 0.19352574456309857 0.023851871863007544 -0.1553655838615754 0.023833594948053358 -0.083925234361418646 -0.091836578763545826
leaf_weight=249 56 117 92 63 46 45 70 41 110 57 41 99 104 51 60 451 1928 733 2778 165 54 53 116 70 43 66 51 155 84 47
leaf_count=249 56 117 92 63 46 45 70 41 110 57 41 99 104 51 60 451 1928 733 2778 165 54 53 116 70 43 66 51 155 84 47
internal_value=4.94439e-11 -0.02194 -0.0175002 -0.0100027 0.0397694 0.0624625 0.129265 -0.0190129 0.00802547 -0.0548075 0.0338705 -0.0357802 0.00476377 -0.101988 0.121767 0.00785437 0.020374 -0.0229491 -0.000460622 -0.0271677 -0.0441547 -0.0573121 0.00588855 -0.0442686 0.0404927 0.0907874 -0.0589363 -0.0388936 -0.0140398 -0.00737659
internal_weight=8095 2134 2017 1768 271 225 115 1497 573 167 406 924 305 150 101 5961 2379 774 3582 688 523 467 2894 413 201 109 360 290 239 110
internal_count=8095 2134 2017 1768 271 225 115 1497 573 167 406 924 305 150 101 5961 2379 774 3582 688 523 467 2894 413 201 109 360 290 239 110
is_linear=0
shrinkage=0.03


Tree=98
num_leaves=31
num_cat=0
split_feature=6 34 10 60 44 73 67 48 31 14 59 34 8 73 52 22 17 14 54 15 28 29 8 61 60 45 66 55 45 33
split_gain=1493.58 934.858 676.379 1058.81 673.453 566.035 517.059 512.332 813.532 777.781 636.189 612.977 712.663 639.116 685.917 1303.73 1260.23 803.392 712.317 739.55 670.147 771.227 884.484 1429.77 930.13 630.832 622.121 553.953 740.852 524.413
threshold=0.03500000000000001 29.770978927612308 0.020942982456140354 62.916666666666679 24.833333333333339 2301.1000000000008 6.5000000000000009 43.500000000000007 34.677452087402351 -0.48499999999999993 5.166666666666667 0.53571429848670971 0.14700000000000005 106.40000000000002 38.851648351648358 49.500000000000007 7.5000000000000009 -0.29499999999999987 0.560130817789112 -0.037051337051337001 4.4166667461395273 8.9000000953674334 0.54266666666666674 39.208333333333343 62.708333333333343 37.63333333333334 47.500000000000007 0.59563217883491493 36.300000000000004 13.166666507720949
decision_type=8 10 8 10 8 2 10 10 8 8 10 8 8 2 8 2 2 8 8 10 10 10 8 10 10 10 10 10 10 10
left_child=2 5 3 -1 -3 7 -4 11 9 -9 -10 -2 26 14 17 16 18 -14 -16 -20 -15 -22 24 25 -23 29 -13 28 -19 -24
right_child=1 4 6 -5 -6 -7 -8 8 10 -11 -12 12 13 20 15 -17 -18 27 19 -21 21 22 23 -25 -26 -27 -28 -29 -30 -31
leaf_value=-0.11676709874436772 -0.095802496392880715 -0.093106601520308419 -0.16572445786916293 0.05295455577311578 0.011522729051156552 -0.087913498372571272 -0.051632916690273714 0.067788410224020476 -0.047051266357302668 -0.071916160076928415 0.089577889273494055 0.012093622229316018 0.06852338557059949 -0.071017461210102231 0.091166077280044555 -0.13609247515841227 0.13857146384387181 -0.039628553774948727 -0.108194327265469 0.049048317511876424 0.1467123818663614 0.023585564863557614 -0.053444288419238456 0.11185175474425975 -0.16824977140063824 -0.10208575549721717 0.16441334982251013 0.046326146915554998 -0.15233769589348842 0.026408782373745773
leaf_weight=58 62 56 78 77 4890 84 66 40 54 347 71 55 65 77 50 41 87 663 67 45 42 45 87 141 46 45 43 60 57 496
leaf_count=58 62 56 78 77 4890 84 66 40 54 347 71 55 65 77 50 41 87 663 67 45 42 45 87 141 46 45 43 60 57 496
internal_value=5.83475e-11 0.00243466 -0.0682053 -0.0199629 0.0103381 -0.0111857 -0.113433 -0.00887228 -0.0359846 -0.0574764 0.0305541 -0.00276784 -0.000160174 -0.0038265 -0.0191463 0.0206634 0.0464746 -0.0328087 -0.00298483 -0.0450165 0.0139344 0.0211864 0.015056 0.0255219 -0.0733861 0.00613892 0.0789278 -0.0412531 -0.0485514 0.0144925
internal_weight=8095 7816 279 135 4946 2870 144 2786 512 387 125 2274 2212 2114 1135 290 249 845 162 112 979 902 860 769 91 628 98 780 720 583
internal_count=8095 7816 279 135 4946 2870 144 2786 512 387 125 2274 2212 2114 1135 290 249 845 162 112 979 902 860 769 91 628 98 780 720 583
is_linear=0
shrinkage=0.03


Tree=99
num_leaves=31
num_cat=0
split_feature=6 30 7 18 46 50 34 51 8 32 12 43 10 27 63 7 7 56 48 28 7 66 26 52 60 62 29 31 32 9
split_gain=1405.31 885.647 1037.35 782.132 1030.04 1088.26 1000.22 931.113 914.144 1106.21 749.375 696.011 646.018 754.191 633.963 1109.63 631.61 586.739 695.753 660.236 770.904 570.53 815.605 1142.43 597.838 728.506 584.264 551.568 546.511 657.386
threshold=0.03500000000000001 30.133928298950199 0.70166666666666677 1.0000000180025095e-35 39.376237552014608 44.100000000000009 24.678675651550297 41.271346412941199 0.38366666666666671 24.006182670593265 0.22890365667093099 47.500000000000007 0.02672619047619048 0.026288514025509361 -0.13947061166914551 0.97833333333333339 0.57416666666666683 36.166666666666679 24.500000000000004 28.166666984558109 0.84166666666666679 72.500000000000014 55.500000000000007 34.25833333333334 64.583333333333357 0.099129032306163975 39.699998855590827 12.436080932617189 31.294757843017582 0.9297289219020014
decision_type=8 10 8 2 10 10 10 10 10 10 8 10 8 10 8 8 10 8 10 10 8 10 2 10 10 8 10 10 10 10
left_child=12 3 -3 4 7 10 -7 11 -5 -10 -6 -2 13 -1 15 -4 27 18 -16 -20 -21 24 28 -24 25 -19 -25 -12 -23 -30
right_child=1 2 14 8 5 6 -8 -9 9 -11 16 -13 -14 -15 17 -17 -18 21 19 20 -22 22 23 26 -26 -27 -28 -29 29 -31
leaf_value=-0.085076144477900323 -0.0084641099934633403 0.13681654197902512 -0.11942705487291658 0.17385876774787903 0.0043485813885927203 -0.059353577004124719 0.12774988804757595 0.10906664942507632 -0.066811640467736619 0.091064301463494826 -0.1144220118863242 -0.13016083409619886 -0.12676165621469518 0.039767116779755599 -0.11538777822192678 0.012300098536425079 -0.066160413077322108 0.038111647883472197 0.075248157695677234 -0.12026492151526771 0.00057474717967350081 0.040243033744553298 0.17461644873749918 -0.045075969528971298 0.012109926577295097 0.15783068569377065 0.088458478446783756 -0.26479106783866879 -0.17842332180057255 -0.042155081147767219
leaf_weight=102 2584 58 93 41 40 72 40 60 77 83 42 43 101 76 47 151 59 974 103 49 1567 47 41 99 1136 48 42 46 42 132
leaf_count=102 2584 58 93 41 40 72 40 60 77 83 42 43 101 76 47 151 59 974 103 49 1567 47 41 99 1136 48 42 46 42 132
internal_value=1.57167e-11 0.00236162 0.0107409 -0.00980898 -0.0136649 -0.0664853 0.00746909 -0.00778719 0.0474729 0.0150865 -0.110779 -0.0104561 -0.0661591 -0.0317723 0.00914116 -0.0379074 -0.142106 0.0117942 -0.00150907 0.00160454 -0.00308933 0.0209679 -0.0117986 0.0352308 0.0270869 0.0437345 -0.00529975 -0.193024 -0.0505286 -0.0750474
internal_weight=8095 7816 4629 3187 2986 299 112 2687 201 160 187 2627 279 178 4571 244 147 4327 1766 1719 1616 2561 403 182 2158 1022 141 88 221 174
internal_count=8095 7816 4629 3187 2986 299 112 2687 201 160 187 2627 279 178 4571 244 147 4327 1766 1719 1616 2561 403 182 2158 1022 141 88 221 174
is_linear=0
shrinkage=0.03


Tree=100
num_leaves=31
num_cat=0
split_feature=33 1 30 12 63 62 43 62 72 63 63 48 15 57 44 29 11 7 41 28 54 59 74 10 67 67 28 10 57 57
split_gain=1327.95 749.939 731.249 675.925 559.789 753.799 643.978 668.512 574.784 748.168 700.849 734.827 872.94 880.428 770.71 883.782 606.925 590.732 542.34 921.126 687.028 826.131 833.21 1019.5 905.072 798.531 749.673 678.708 667.127 542.114
threshold=1.0714285969734194 1.5000000000000002 7.5625000000000009 0.23815436894384265 -0.2371046437227049 0.11221691983823358 37.500000000000007 0.15040064524949465 6.5000000000000009 -0.077315069446845755 0.14143774095343586 29.500000000000004 -0.57287709973816048 29.500000000000004 30.166666666666668 19.899999618530277 0.61120331888045853 0.64166666666666683 31.211111068725589 30.166666984558109 0.61565871002963646 6.8333333333333348 224.60000000000002 0.82966634429400399 14.500000000000002 6.5000000000000009 12.166666507720949 0.057307060755336627 37.500000000000007 27.166666666666668
decision_type=8 10 8 10 8 8 8 8 2 10 10 10 8 10 10 8 8 10 10 10 10 10 2 8 8 10 10 10 10 8
left_child=3 2 -2 -1 -3 8 -7 -8 9 17 11 14 -13 -14 15 -10 -16 -6 19 20 21 22 23 26 -24 -25 -15 -23 -22 -4
right_child=1 4 29 -5 5 6 7 -9 10 -11 -12 12 13 18 16 -17 -18 -19 -20 -21 28 27 24 25 -26 -27 -28 -29 -30 -31
leaf_value=-0.027414752467893634 0.13351621547668444 0.061095323006186308 -0.034853034756370707 -0.11324762870703847 -0.046829384889453644 0.0045385983586311339 -0.21819878610067589 -0.060302015971053724 -0.026341881532967088 0.043997830335389482 -0.094815200473347752 0.14885976744633986 0.13548669356604418 -0.021948300261050463 -0.069731578153112664 -0.2106932236965407 0.081999142502947722 -0.17524775363504885 -0.090094545107138782 0.089256764777442987 -0.012413515799086202 0.14520031533962072 -0.036571331900514419 -0.13848905692143099 -0.17089112852660701 0.033403252736383747 0.15153707253582335 -0.02147202133387327 0.15474315581577164 0.0083087903554914487
leaf_weight=260 41 79 274 121 80 48 43 55 50 44 73 41 45 40 46 44 49 54 57 102 44 43 124 56 71 43 51 45 42 5930
leaf_count=260 41 79 274 121 80 48 43 55 50 44 73 41 45 40 46 44 49 54 57 102 44 43 124 56 71 43 51 45 42 5930
internal_value=-1.02207e-12 0.00270039 0.00723708 -0.054674 -0.016586 -0.0210009 -0.0854884 -0.129583 -0.0134325 -0.0633361 -0.00509959 0.00149582 0.0140083 0.00676198 -0.0517317 -0.112634 0.00852953 -0.0985801 -0.00130573 0.0063508 -0.00877695 -0.0229584 -0.0419135 0.0027969 -0.0854775 -0.0638288 0.0752798 0.0599701 0.0692211 0.00640255
internal_weight=8095 7714 6245 381 1469 1390 146 98 1244 178 1066 993 804 763 189 94 95 134 718 661 559 473 385 190 195 99 91 88 86 6204
internal_count=8095 7714 6245 381 1469 1390 146 98 1244 178 1066 993 804 763 189 94 95 134 718 661 559 473 385 190 195 99 91 88 86 6204
is_linear=0
shrinkage=0.03


Tree=101
num_leaves=31
num_cat=0
split_feature=34 46 52 6 12 15 17 66 60 11 12 12 7 17 6 43 47 44 52 53 47 42 63 33 41 11 53 10 52 67
split_gain=1293.81 749.047 705.261 701.97 1032.47 1428.91 601.551 721.746 687.427 831.551 681.099 1128.92 1107.72 1094.45 1039.71 882.177 697.44 746.182 700.235 663.688 651.369 621.735 611.546 773.531 686.619 604.734 598.331 679.138 834.416 781.866
threshold=26.302968978881839 44.649217001779235 45.527777777777786 0.44500000000000006 0.30161707755517403 0.42834498928368486 34.500000000000007 50.500000000000007 66.083333333333357 0.82187802345125005 0.6995686136318966 0.65412222596845493 0.97833333333333339 13.500000000000002 0.065000000000000016 36.500000000000007 39.458041958041967 37.166666666666679 36.148351648351657 0.51464722623583226 36.193750000000009 34.575172424316413 -0.11356789444236874 10.083333492279055 2.1250000000000004 0.81452014025204511 0.65846889129933961 0.062828947368421068 42.279220779220786 5.5000000000000009
decision_type=8 8 10 10 8 10 2 8 10 8 10 10 10 2 8 10 8 10 10 10 10 10 10 8 10 10 10 8 10 8
left_child=1 2 3 26 -5 -6 7 8 9 21 11 14 13 16 -9 -13 17 18 -12 -8 25 -2 23 -16 -24 -14 27 29 -29 -1
right_child=6 -3 -4 4 5 -7 19 10 -10 -11 12 15 20 -15 22 -17 -18 -19 -20 -21 -22 -23 24 -25 -26 -27 -28 28 -30 -31
leaf_value=-0.11961388945579529 0.029108363439171878 -0.14741371188221908 0.09225334644317626 0.13118890615412965 -0.0013823953688303688 -0.13639440837365233 -0.013629374926073431 -0.10110961553028652 0.025536216069351542 -0.075910551722167402 -0.04281178155035343 0.0240082970288183 0.082242806039750566 0.0022346695326268674 0.14491277891397475 0.19024547130122021 -0.21293750550225377 0.013344983098835781 -0.1963088661763403 0.026433508622421845 -0.020206604227444656 -0.086490163290873168 -0.14842373126890601 0.018419938334909725 0.0093133172534760975 0.00929076714744464 0.06820143880019354 -0.05353762925839102 -0.19071498193020042 0.023624634664246743
leaf_weight=42 166 41 51 48 984 76 461 70 165 314 53 56 145 171 45 59 40 58 54 1931 416 56 41 1314 63 347 43 555 43 187
leaf_count=42 166 41 51 48 984 76 461 70 165 314 53 56 145 171 45 59 40 58 54 1931 416 56 41 1314 63 347 43 555 43 187
internal_value=-3.3527e-11 -0.0204617 -0.0178964 -0.0207364 -0.00489999 -0.0110625 0.00702999 -0.000661793 -0.0280084 -0.0444914 0.0058764 0.0186393 -0.0105046 -0.053806 0.0118386 0.109295 -0.100552 -0.0733072 -0.120278 0.0187124 0.00742638 -5.16253e-05 0.0172428 0.0226084 -0.0528715 0.0307909 -0.0409051 -0.0465781 -0.0634016 -0.00264619
internal_weight=8095 2070 2029 1978 1108 1060 6025 3633 701 536 2932 1648 1284 376 1533 115 205 165 107 2392 908 222 1463 1359 104 492 870 827 598 229
internal_count=8095 2070 2029 1978 1108 1060 6025 3633 701 536 2932 1648 1284 376 1533 115 205 165 107 2392 908 222 1463 1359 104 492 870 827 598 229
is_linear=0
shrinkage=0.03


Tree=102
num_leaves=31
num_cat=0
split_feature=6 27 67 73 29 60 43 12 10 27 63 34 73 67 5 8 33 11 43 8 47 29 33 59 59 34 49 44 74 53
split_gain=1252.09 780.417 609.845 616.211 640.042 673.633 609.839 638.734 596.055 714.397 582.681 596.421 527.582 528.927 1075.09 673.864 709.783 593.826 536.765 715.826 773.264 1130.24 840.638 678.936 555.993 732.681 549.335 646.384 520.193 517.811
threshold=0.03500000000000001 29.776374816894535 1.5000000000000002 1985.7500000000002 16.266667366027836 62.708333333333343 49.500000000000007 0.83374436345470782 0.02672619047619048 0.026288514025509361 0.32216204412200894 0.53571429848670971 1560.7500000000002 11.500000000000002 1.0000000180025095e-35 0.16300000000000003 35.57738113403321 0.67497139915716808 33.500000000000007 0.14700000000000005 34.620192307692314 37.300001144409187 12.09999990463257 6.416666666666667 3.5833333333333335 33.179449081420906 44.166666666666679 32.416666666666679 106.40000000000002 0.54348165966052264
decision_type=8 10 8 2 10 8 10 10 8 10 10 8 2 10 2 10 8 8 10 8 10 10 8 10 10 8 10 10 2 10
left_child=8 2 28 6 -5 -6 7 10 9 -1 11 -4 13 14 18 -15 17 -17 19 -13 -21 22 -22 29 -20 26 27 -26 -2 -24
right_child=1 -3 3 4 5 -7 -8 -9 -10 -11 -12 12 -14 15 -16 16 -18 -19 24 20 21 -23 23 -25 25 -27 -28 -29 -30 -31
leaf_value=-0.081296500160413634 0.12933809483280551 0.010328401538785665 -0.087483818650245654 -0.16996891301397871 0.035456239893101156 -0.10063849710817657 -0.098331034616990512 -0.064414227688685058 -0.1206601621372865 0.040208544884073105 -0.11108355626971883 0.13265126651951245 0.06216962752314132 0.044818451596157889 0.15301657685013706 -0.13850765757444428 0.037530607765211776 -0.043050893339898109 0.051415117025375358 -0.0068683745141651037 -0.047351338235955491 -0.086541394955732598 0.10313666912061828 0.15343407697230577 0.027874566678489955 0.058429177719212709 0.038280546305314543 -0.083455256876551767 0.00019352051658464258 0.015005171538463659
leaf_weight=102 52 4518 70 41 64 67 66 160 101 76 44 42 122 84 43 82 68 206 75 1052 57 55 105 80 56 63 53 290 61 140
leaf_count=102 52 4518 70 41 64 67 66 160 101 76 44 42 122 84 43 82 68 206 75 1052 57 55 105 80 56 63 53 290 61 140
internal_value=-6.82706e-11 0.00222915 -0.00886618 -0.0112961 -0.066525 -0.0341495 -0.00814329 -0.00612347 -0.0624483 -0.0294179 -0.00277704 -0.00103971 0.00122407 -0.00169061 0.00454596 -0.031612 -0.0496462 -0.0702296 0.00145881 0.0105107 0.00706546 0.0406087 0.0589156 0.0775532 -0.0243482 -0.0366475 -0.0516596 -0.0654366 0.0596229 0.0527758
internal_weight=8095 7816 3298 3185 172 131 3013 2947 279 178 2787 2743 2673 2551 2111 440 356 288 2068 1531 1489 437 382 325 537 462 399 346 113 245
internal_count=8095 7816 3298 3185 172 131 3013 2947 279 178 2787 2743 2673 2551 2111 440 356 288 2068 1531 1489 437 382 325 537 462 399 346 113 245
is_linear=0
shrinkage=0.03


Tree=103
num_leaves=31
num_cat=0
split_feature=6 27 67 73 29 60 27 12 30 76 50 26 45 15 50 55 59 10 17 43 54 11 15 8 9 46 10 60 66 52
split_gain=1178.09 734.295 573.803 579.793 602.215 633.822 592.25 600.62 618.775 795.539 751.948 1283.99 899.723 737.595 645.787 953.914 773.817 614.932 862.143 662.391 708.916 662.626 738.507 577.506 718.319 613.222 565.73 978.767 551.584 537.186
threshold=0.03500000000000001 29.776374816894535 1.5000000000000002 1985.7500000000002 16.266667366027836 62.708333333333343 29.373226165771488 0.83374436345470782 25.774999618530277 1.0000000180025095e-35 33.225000000000009 17.500000000000004 35.300000000000004 0.061728395061728371 41.100000000000009 0.63566959029067738 5.416666666666667 0.069366479550922219 3.5000000000000004 47.500000000000007 0.63540755865442289 0.10262100989892815 -0.021011878356981647 0.61900000000000011 0.73509676207393382 32.576771081889873 0.020942982456140354 62.916666666666679 82.500000000000014 32.033333333333339
decision_type=8 10 8 2 10 8 10 10 8 2 8 2 10 10 10 10 10 8 2 8 10 8 8 8 8 10 8 10 8 10
left_child=26 2 -2 6 -5 -6 7 8 9 17 29 12 -12 14 -10 16 -16 18 -4 20 21 -19 -23 25 -25 -24 27 -1 -27 -11
right_child=1 -3 3 4 5 -7 -8 -9 13 10 11 -13 -14 -15 15 -17 -18 19 -20 -21 -22 22 23 24 -26 28 -28 -29 -30 -31
leaf_value=-0.10952793106950562 0.057834196157621594 0.010018549541125668 0.15125366188012634 -0.16486984508793529 0.034392552478238941 -0.097619340231280716 -0.09891441069188571 -0.062481800129637118 0.021286843754987381 -0.056186550590727059 0.11806967182528405 -0.10175621412361839 -0.041634904397651551 -0.069555077365413304 -0.16057288354720736 0.080019389476094924 -0.0061277307623199056 -0.12545968388517698 -0.022343577023814707 -0.13170011906325818 0.10507588875945657 -0.061387969261070471 0.12197288871898006 -0.11340366414851613 0.010960734282997814 -0.033383066479752699 -0.10193759055148499 0.053652662766444217 0.10030920750328473 -0.19000064371360673
leaf_weight=58 113 4518 52 41 64 67 63 160 1354 54 63 112 64 100 61 42 56 45 51 40 48 159 72 54 185 82 144 77 42 54
leaf_count=58 113 4518 52 41 64 67 63 160 1354 54 63 112 64 100 61 42 56 45 51 40 48 159 72 54 185 82 144 77 42 54
internal_value=5.56266e-11 0.00216228 -0.00860019 -0.0109572 -0.0645293 -0.033125 -0.00789899 -0.00595527 -0.00271361 -0.0192528 -0.0573978 -0.027711 0.0375886 0.00935499 0.0145705 -0.0426244 -0.0866504 -0.00330543 0.0652977 -0.013025 -0.00611524 -0.0144676 -0.00605913 0.0141645 -0.0171383 0.0523348 -0.0605748 -0.0164546 0.0118998 -0.123094
internal_weight=8095 7816 3298 3185 172 131 3013 2950 2790 1177 347 239 127 1613 1513 159 117 830 103 727 687 639 594 435 239 196 279 135 124 108
internal_count=8095 7816 3298 3185 172 131 3013 2950 2790 1177 347 239 127 1613 1513 159 117 830 103 727 687 639 594 435 239 196 279 135 124 108
is_linear=0
shrinkage=0.03


Tree=104
num_leaves=31
num_cat=0
split_feature=34 46 50 58 27 26 10 53 47 45 66 14 17 66 53 60 67 12 7 17 12 6 47 17 11 9 9 66 54 41
split_gain=1108.64 683.531 696.814 741.083 695.556 1093.83 812.846 794.665 683.574 620.789 701.834 568.34 646.519 697.616 672.183 656.972 729.664 588.519 1150.24 1205.64 937.59 921.884 689.575 571.328 566.009 547.925 539.387 983.185 553.342 661.621
threshold=26.302968978881839 44.649217001779235 41.300000000000004 1.8333333333333337 9.5000000000000018 7.5000000000000009 0.11952380952380953 0.51229971146933673 34.031250000000007 35.550000000000004 69.500000000000014 0.71500000000000019 34.500000000000007 50.500000000000007 0.51464722623583226 66.083333333333357 2.5000000000000004 0.6934467582654088 0.97833333333333339 13.500000000000002 0.66732245246118327 0.065000000000000016 36.193750000000009 138.50000000000003 0.81452014025204511 0.99642013544010755 0.99457313229502464 36.500000000000007 0.61220492007019722 41.845237731933601
decision_type=8 8 10 10 10 2 10 10 8 10 8 10 2 8 10 10 10 10 10 2 10 8 10 2 10 8 10 8 10 8
left_child=1 2 4 -4 5 7 9 -1 -9 10 -7 12 13 15 -14 16 -2 20 19 -19 21 -15 24 26 -20 -18 28 -28 -16 -30
right_child=11 -3 3 -5 -6 6 -8 8 -10 -11 -12 -13 14 17 23 -17 25 18 22 -21 -22 -23 -24 -25 -26 -27 27 -29 29 -31
leaf_value=0.088285735258034292 0.060403056227816991 -0.14021406223497737 -0.04419959451877669 0.060528300240985121 -0.009491760048993797 -0.065623905789107081 -0.14540356486521919 0.061893869904072384 -0.077200502973158378 -0.11543484300698922 0.051847664850789149 0.089135307029292385 -0.01499177674414671 -0.092677138660052047 0.053701314387591847 0.022763256489133542 -0.036392560409718694 -0.10308268976371202 0.080487090105913123 0.0038714003847169051 0.12769109398126602 0.016583540039721491 -0.021202068889330357 -0.066530801655282662 0.010278963152126506 -0.10652275888107973 -0.12810960046450295 0.016833409785822397 0.074404854639334245 -0.020180213138167011
leaf_weight=70 52 41 89 192 1127 120 116 46 103 92 74 74 460 73 838 163 325 210 147 173 65 1450 418 59 348 145 45 658 94 228
leaf_count=70 52 41 89 192 1127 120 116 46 103 92 74 74 460 73 838 163 325 210 147 173 65 1450 418 59 348 145 45 658 94 228
internal_value=3.60079e-11 -0.018941 -0.0164904 0.0273583 -0.0235393 -0.049033 -0.0784203 0.00491081 -0.0342586 -0.0512523 -0.0208152 0.00650752 0.00548005 -0.00259815 0.0175838 -0.0298132 -0.0462307 0.00386589 -0.0111353 -0.0547718 0.0161087 0.0113465 0.00717001 0.0253802 0.0311286 -0.0580285 0.028291 0.00755541 0.0408575 0.00743158
internal_weight=8095 2070 2029 281 1748 621 402 219 149 286 194 6025 5951 3569 2382 685 522 2884 1296 383 1588 1523 913 1922 495 470 1863 703 1160 322
internal_count=8095 2070 2029 281 1748 621 402 219 149 286 194 6025 5951 3569 2382 685 522 2884 1296 383 1588 1523 913 1922 495 470 1863 703 1160 322
is_linear=0
shrinkage=0.03


Tree=105
num_leaves=31
num_cat=0
split_feature=6 30 7 34 46 51 50 12 6 38 10 27 7 56 61 51 9 48 73 59 48 52 15 74 53 53 17 57 17 47
split_gain=1061.25 663.006 946.674 726.217 672.034 1059.45 876.285 943.063 797.06 571.79 532.126 659.491 522.249 521.826 682.612 844.318 975.155 872.942 922.002 810.667 705.995 618.865 901.968 695.234 715.867 692.011 838.642 873.947 781.944 824.568
threshold=0.03500000000000001 30.133928298950199 0.70166666666666677 35.335496902465827 39.376237552014608 41.271346412941199 44.100000000000009 0.22890365667093099 0.53500000000000014 33.774999618530281 0.02672619047619048 0.026288514025509361 0.57416666666666683 36.166666666666679 40.083333333333343 41.849586708822557 0.99550896591698101 44.500000000000007 840.00000000000011 5.416666666666667 24.500000000000004 33.422619047619058 0.0056149699705245202 1825.6000000000001 0.4865578870461475 0.49661605986019142 36.500000000000007 35.833333333333336 11.500000000000002 36.483333333333341
decision_type=8 10 8 10 10 10 10 8 8 8 8 10 10 8 10 10 10 10 2 10 10 8 10 2 8 8 2 10 2 8
left_child=10 3 -3 4 5 -2 7 -6 -8 -4 11 -1 -9 14 15 17 -17 20 -19 -16 -11 22 -15 24 -23 -26 27 28 29 -27
right_child=1 2 9 -5 6 -7 8 12 -10 13 -12 -13 -14 21 19 16 -18 18 -20 -21 -22 23 -24 -25 25 26 -28 -29 -30 -31
leaf_value=-0.076128763679195841 -0.0085136728198551767 0.12974185327260659 -0.081266544273239552 0.10271574866886322 0.035097419862137283 0.11135989932233796 -0.058928601653530047 -0.16788478913746382 0.095493212174624198 -0.11134271717725359 -0.11249413784187619 0.040613697217287199 -0.057016626130789519 0.10831367253437232 -0.013133119304941312 0.085837404839138487 -0.022520757668628162 -0.029548203241897789 -0.18698242955881617 -0.17692231878984807 0.0048423547382197615 -0.053534150691748918 -0.050463789829186027 0.072955311852316532 0.11179015988838814 0.20560948120057582 0.031541846198815469 -0.02197426762583778 -0.0071350642479659551 0.042982315131007358
leaf_weight=102 2744 58 64 52 43 68 65 95 56 49 101 76 64 138 74 201 119 123 46 43 1195 152 42 166 63 40 959 846 157 94
leaf_count=102 2744 58 64 52 43 68 65 95 56 49 101 76 64 138 74 201 119 123 46 43 1195 152 42 166 63 40 959 846 157 94
internal_value=7.62107e-11 0.00205225 0.0093022 -0.00847803 -0.0103224 -0.00561488 -0.0513055 -0.0895492 0.0125393 0.00777398 -0.0574925 -0.0262837 -0.123259 0.00903837 -0.00319511 0.00153984 0.0455417 -0.00842519 -0.0724001 -0.0733291 0.000265933 0.0175562 0.0712656 0.0136532 0.00939355 0.0138238 0.0108793 -0.00654857 0.0382973 0.0915277
internal_weight=8095 7816 4629 3187 3135 2812 323 202 121 4571 279 178 159 4507 1850 1733 320 1413 169 117 1244 2657 180 2477 2311 2159 2096 1137 291 134
internal_count=8095 7816 4629 3187 3135 2812 323 202 121 4571 279 178 159 4507 1850 1733 320 1413 169 117 1244 2657 180 2477 2311 2159 2096 1137 291 134
is_linear=0
shrinkage=0.03


Tree=106
num_leaves=31
num_cat=0
split_feature=6 27 73 29 66 48 12 73 9 67 48 67 67 10 15 36 46 30 33 63 8 62 45 17 22 15 66 49 51 72
split_gain=998.526 634.636 538.702 564.109 585.619 551.076 562.291 544.075 790.79 756.45 715.598 660.338 1196.51 1017.84 631.983 621.385 645.668 621.952 616.943 575.277 568.133 1286.31 920.088 946.333 733.926 733.898 971.269 697.5 599.034 659.106
threshold=0.03500000000000001 29.776374816894535 2014.1000000000001 16.266667366027836 51.500000000000007 53.500000000000007 0.83374436345470782 1.0000000180025095e-35 0.9997301961827918 11.500000000000002 39.500000000000007 1.5000000000000002 3.5000000000000004 0.069366479550922219 -0.36660569105691049 32.380950927734382 33.579594481409721 32.791666030883796 3.7500000000000004 0.010988189857959737 0.43900000000000011 -0.04543503528128761 36.300000000000004 7.5000000000000009 12.500000000000002 0.057223064206439807 51.500000000000007 34.416666666666679 36.475057492232594 5.5000000000000009
decision_type=8 10 2 10 10 10 10 2 10 10 10 8 8 8 10 8 10 8 8 8 8 10 10 2 2 10 8 10 10 2
left_child=-1 2 5 -4 -5 6 7 9 11 10 20 -9 -13 -14 15 -15 17 -17 -16 -20 21 -2 25 -24 -23 26 27 -22 29 -28
right_child=1 -3 3 4 -6 -7 -8 8 -10 -11 -12 12 13 14 18 16 -18 -19 19 -21 22 24 23 -25 -26 -27 28 -29 -30 -31
leaf_value=-0.055767702842431682 -0.043985413215123115 0.0092943957574896964 -0.1552195246890187 -0.10227813004948465 0.025937203705310819 -0.1118177513448998 -0.057725272265876204 0.12235073227774011 0.11690276229310603 -0.059209999420605737 -0.052713610860582898 -0.10527880046915795 0.12457692848737627 -0.072814483458691445 -0.10708107334577431 0.033089077341017022 0.089262458125323602 -0.092371245803577556 0.044835440455200645 -0.023231712873976556 -0.086357122574240788 0.20559614425668349 -0.14896624588210819 -0.0041869780789864693 0.035851873272984495 -0.089414485304032343 -0.082979322863476618 0.054032272974650061 0.14501639048258463 0.041443820285868724
leaf_weight=279 64 4518 42 56 75 43 164 44 63 263 219 84 68 47 59 232 163 42 152 422 109 52 71 95 41 59 42 45 45 437
leaf_count=279 64 4518 42 56 75 43 164 44 63 263 219 84 68 47 59 232 163 42 152 422 109 52 71 95 41 59 42 45 45 437
internal_value=8.14514e-12 0.00199068 -0.00801482 -0.0595463 -0.0288724 -0.00516204 -0.00367399 -0.000636147 0.0130771 -0.0128731 -0.00334493 0.00809538 0.00413381 0.0118896 0.00502954 0.0308359 0.0419836 0.0138579 -0.0147023 -0.00520696 0.00685483 0.0595278 -0.00230314 -0.0661106 0.130763 0.0120687 0.0208998 -0.0453342 0.0403656 0.0305341
internal_weight=8095 7816 3298 173 131 3125 3082 2918 1376 1542 1279 1313 1269 1185 1117 484 437 274 633 574 1060 157 903 166 93 737 678 154 524 479
internal_count=8095 7816 3298 173 131 3125 3082 2918 1376 1542 1279 1313 1269 1185 1117 484 437 274 633 574 1060 157 903 166 93 737 678 154 524 479
is_linear=0
shrinkage=0.03


Tree=107
num_leaves=31
num_cat=0
split_feature=34 46 52 33 27 50 38 34 15 73 34 55 66 27 58 59 58 10 50 49 59 14 57 17 62 9 28 48 27 7
split_gain=966.425 625.539 660.39 577.02 754.167 1024.01 723.24 639.276 827.93 607.689 942.083 706.265 550.422 540.712 532.999 607.156 753.8 633.965 639.395 733.688 564.946 531.247 604.64 587.781 784.42 752.89 705.327 1496.49 707.955 713.42
threshold=26.302968978881839 44.649217001779235 44.033333333333339 34.31666564941407 17.500000000000004 42.100000000000009 18.083333015441898 15.116883277893068 0.061728395061728371 178.35000000000002 23.847734451293949 0.50302288435310227 46.500000000000007 25.500000000000004 4.166666666666667 3.8333333333333335 1.1666666666666667 0.11043360433604336 41.100000000000009 33.833333333333336 6.8333333333333348 0.71500000000000019 27.166666666666668 2.5000000000000004 -0.077144862556932217 0.99167452837909531 21.416666984558109 39.500000000000007 29.612557411193851 0.96416666666666684
decision_type=8 8 10 10 10 10 8 10 8 2 10 10 10 10 10 10 10 8 10 10 10 10 8 2 10 10 10 10 10 8
left_child=1 2 3 4 14 6 -6 12 -9 10 -10 -12 -8 -11 15 16 -1 18 19 -17 -19 22 -2 24 -24 26 27 -26 -28 -30
right_child=21 -3 -4 -5 5 -7 7 8 9 13 11 -13 -14 -15 -16 17 -18 20 -20 -21 -22 -23 23 -25 25 -27 28 -29 29 -31
leaf_value=-0.073230175562202932 -0.038115083342351072 -0.13369888964949586 0.065040648611982096 -0.11218420234958416 -0.12004678671088186 0.13813208644060379 0.1296167542245239 0.020563425153012623 -0.023346440793930993 0.066956996472913824 -0.065852865993976592 -0.24303731958677127 -0.0017728422013196076 -0.03896625025016142 0.061508051007986064 0.048041071712970729 0.057155829370021817 -0.098087480141035618 0.091404733167188917 -0.078331928336082532 -0.016725857608458575 0.085961717794070358 0.033724562836472287 0.010618469276047203 -0.081568716869387825 0.044022962596858492 -0.14534837973708251 0.14109594957395033 -0.13719854810658624 -0.0006441340637656877
leaf_weight=64 278 41 88 58 47 47 60 418 121 67 40 41 55 123 47 60 106 311 41 133 102 74 176 5041 71 78 106 44 51 106
leaf_count=64 278 41 88 58 47 47 60 418 121 67 40 41 55 123 47 60 106 311 41 133 102 74 176 5041 71 78 106 44 51 106
internal_value=-1.86065e-11 -0.0176844 -0.0153401 -0.0189844 -0.0161136 0.00136872 -0.00524432 0.000588883 -0.00880837 -0.0401283 -0.0763543 -0.155539 0.0667783 -0.00161437 -0.0367323 -0.0423838 0.00806933 -0.0556404 -0.0161884 -0.039045 -0.0779933 0.0060758 0.00508243 0.00719928 -0.0200731 -0.0408371 -0.0583479 0.00362472 -0.0854461 -0.0450026
internal_weight=8095 2070 2029 1941 1883 1019 972 925 810 392 202 81 115 190 864 817 170 647 234 193 413 6025 5951 5673 632 456 378 115 263 157
internal_count=8095 2070 2029 1941 1883 1019 972 925 810 392 202 81 115 190 864 817 170 647 234 193 413 6025 5951 5673 632 456 378 115 263 157
is_linear=0
shrinkage=0.03


Tree=108
num_leaves=31
num_cat=0
split_feature=6 30 7 18 46 50 34 8 32 51 31 55 43 63 7 45 60 57 1 6 66 22 57 17 54 47 30 61 28 7
split_gain=919.863 574.938 893.567 685.715 862.243 944.783 882.96 821.557 1008.91 819.793 708.45 626.44 610.971 547.101 1011.84 540.087 518.084 507.442 626.793 542.231 712.544 757.466 633.327 602.946 597.895 528.664 871.583 867.072 804.754 700.192
threshold=0.03500000000000001 30.133928298950199 0.70166666666666677 1.0000000180025095e-35 39.376237552014608 44.100000000000009 24.678675651550297 0.38366666666666671 24.006182670593265 41.271346412941199 27.091840744018558 0.63160034615999938 47.500000000000007 -0.13947061166914551 0.97833333333333339 37.300000000000004 55.416666666666679 34.833333333333336 1.5000000000000002 0.69500000000000006 73.500000000000014 30.500000000000004 36.166666666666679 11.500000000000002 0.55950398086715691 34.620192307692314 35.145833969116218 31.750000000000004 28.166666984558109 0.87166666666666692
decision_type=8 10 8 2 10 10 10 10 10 10 10 10 10 8 10 10 8 8 10 8 10 2 10 2 8 8 10 10 10 8
left_child=-1 3 -3 4 9 10 -7 -5 -9 12 11 -6 16 14 -4 -16 -2 18 25 -19 22 24 23 -21 -22 26 27 -15 -27 -30
right_child=1 2 13 7 5 6 -8 8 -10 -11 -12 -13 -14 17 15 -17 -18 19 -20 20 21 -23 -24 -25 -26 28 -28 -29 29 -31
leaf_value=-0.053525981578415122 0.072578824336330089 0.12567460278884091 -0.11437404506389172 0.16555444522601803 -0.11747136399915364 -0.053709337605784335 0.12208485355228185 -0.063176124141394313 0.087596583328692301 0.10351821109093724 -0.18502513553275435 0.018030965249493436 -0.12078610220274259 0.053570038257883139 0.075802099250934341 -0.038580509397036881 -0.009040259096880757 0.10545602510450408 -0.082994067105982033 0.12329228216782212 -0.0062898174889626044 0.016802246515023506 0.015087362448075077 0.036589342638437355 -0.13040847755223511 0.13001405029892921 0.074240943373491367 -0.055907348308005034 -0.09839527768393358 0.011825935131672762
leaf_weight=279 72 58 93 41 73 72 40 77 83 60 61 53 43 78 66 85 2512 64 81 96 62 177 1512 291 80 50 72 394 54 1316
leaf_count=279 72 58 93 41 73 72 40 77 83 60 61 53 43 78 66 85 2512 64 81 96 62 177 1512 291 80 50 72 394 54 1316
internal_value=-2.97887e-11 0.00191066 0.00866196 -0.00789534 -0.0115057 -0.0598327 0.0090743 0.0457397 0.0150372 -0.00612809 -0.101103 -0.0604744 -0.00863238 0.00717722 -0.0365295 0.0114145 -0.00676604 0.00964185 -0.00121072 0.0193673 0.0168832 -0.0246039 0.0238524 0.058097 -0.0762158 0.00216222 -0.0229847 -0.0378157 0.011796 0.00748145
internal_weight=8095 7816 4629 3187 2986 299 112 201 160 2687 187 126 2627 4571 244 151 2584 4327 2045 2282 2218 319 1899 387 142 1964 544 472 1420 1370
internal_count=8095 7816 4629 3187 2986 299 112 201 160 2687 187 126 2627 4571 244 151 2584 4327 2045 2282 2218 319 1899 387 142 1964 544 472 1420 1370
is_linear=0
shrinkage=0.03


end of trees

feature_importances:
player_pass_attempts_season_to_date=201
player_pass_attempts_career_prior=182
player_pass_attempts_roll8_mean=116
environment_temperature=116
role_depth_rank_pregame=103
history_history_games=97
role_prior_offense_snap_pct=95
role_prior_offense_participation=93
player_pass_attempts_lag1=91
role_snap_pct_ewm5=83
matchup_off_epa_vs_def_epa=83
role_participation_roll5=79
role_participation_change=76
player_pass_attempts_ewm3=74
role_snap_pct_roll3=73
matchup_expected_team_plays=73
role_games_with_current_team_before_game=72
matchup_pass_rate_vs_opponent=66
role_teammate_out_count_position=63
environment_wind=63
matchup_expected_team_dropbacks=59
team_dropbacks_season_to_date=57
player_pass_attempts_ewm5=56
team_pass_attempts_season_to_date=55
role_teammate_unavailable_snap_share_position=54
role_snap_pct_roll5=52
role_role_history_games=52
role_snap_share_change=51
team_pass_attempts_roll5_mean=50
team_dropbacks_roll5_mean=50
team_dropbacks_lag1=49
team_pass_rate_roll3_mean=48
opponent_opponent_pass_attempts_roll3_mean=46
team_pass_attempts_ewm5=45
player_pass_attempts_roll3_mean=43
player_pass_attempts_roll5_mean=43
opponent_qb_hits_roll3_mean=43
role_participation_roll3=42
team_dropbacks_roll3_mean=38
opponent_opponent_dropbacks_roll3_mean=36
history_no_nfl_history_flag=32
team_pass_rate_ewm5=32
team_pass_rate_roll5_mean=31
environment_divisional_game_flag=31
team_pass_attempts_roll3_mean=30
team_pass_attempts_lag1=27
player_dropbacks_season_to_date=25
team_dropbacks_ewm5=25
environment_opponent_miles_traveled=24
environment_team_miles_traveled=22
player_dropbacks_career_prior=18
opponent_sacks_roll3_mean=16
environment_team_rest_days=14
role_depth_rank_change=13
player_dropbacks_roll5_mean=12
player_dropbacks_ewm3=10
player_dropbacks_lag1=8
player_dropbacks_roll3_mean=6
environment_opponent_time_zones_crossed=6
player_dropbacks_roll8_mean=5
environment_opponent_rest_days=5
role_starter_promotion_flag=4
role_team_change_flag=2
player_dropbacks_ewm5=2
role_injury_questionable_flag=1
environment_team_time_zones_crossed=1

parameters:
[boosting: gbdt]
[objective: regression]
[metric: rmse]
[tree_learner: serial]
[device_type: cpu]
[data_sample_strategy: bagging]
[data: ]
[valid: ]
[num_iterations: 109]
[learning_rate: 0.03]
[num_leaves: 31]
[num_threads: 1]
[seed: 24024]
[deterministic: 1]
[force_col_wise: 1]
[force_row_wise: 0]
[histogram_pool_size: -1]
[max_depth: -1]
[min_data_in_leaf: 40]
[min_sum_hessian_in_leaf: 0.001]
[bagging_fraction: 1]
[pos_bagging_fraction: 1]
[neg_bagging_fraction: 1]
[bagging_freq: 0]
[bagging_seed: 24024]
[bagging_by_query: 0]
[feature_fraction: 1]
[feature_fraction_bynode: 1]
[feature_fraction_seed: 24024]
[extra_trees: 0]
[extra_seed: 8483]
[early_stopping_round: 0]
[early_stopping_min_delta: 0]
[first_metric_only: 0]
[max_delta_step: 0]
[lambda_l1: 0]
[lambda_l2: 0]
[linear_lambda: 0]
[min_gain_to_split: 0]
[drop_rate: 0.1]
[max_drop: 50]
[skip_drop: 0.5]
[xgboost_dart_mode: 0]
[uniform_drop: 0]
[drop_seed: 27597]
[top_rate: 0.2]
[other_rate: 0.1]
[min_data_per_group: 100]
[max_cat_threshold: 32]
[cat_l2: 10]
[cat_smooth: 10]
[max_cat_to_onehot: 4]
[top_k: 20]
[monotone_constraints: ]
[monotone_constraints_method: basic]
[monotone_penalty: 0]
[feature_contri: ]
[forcedsplits_filename: ]
[refit_decay_rate: 0.9]
[cegb_tradeoff: 1]
[cegb_penalty_split: 0]
[cegb_penalty_feature_lazy: ]
[cegb_penalty_feature_coupled: ]
[path_smooth: 0]
[interaction_constraints: ]
[verbosity: -1]
[saved_feature_importance_type: 0]
[use_quantized_grad: 0]
[num_grad_quant_bins: 4]
[quant_train_renew_leaf: 0]
[stochastic_rounding: 1]
[linear_tree: 0]
[max_bin: 255]
[max_bin_by_feature: ]
[min_data_in_bin: 3]
[bin_construct_sample_cnt: 200000]
[data_random_seed: 24024]
[is_enable_sparse: 1]
[enable_bundle: 1]
[use_missing: 1]
[zero_as_missing: 0]
[feature_pre_filter: 1]
[pre_partition: 0]
[two_round: 0]
[header: 0]
[label_column: ]
[weight_column: ]
[group_column: ]
[ignore_column: ]
[categorical_feature: ]
[forcedbins_filename: ]
[precise_float_parser: 0]
[parser_config_file: ]
[objective_seed: 14575]
[num_class: 1]
[is_unbalance: 0]
[scale_pos_weight: 1]
[sigmoid: 1]
[boost_from_average: 1]
[reg_sqrt: 0]
[alpha: 0.9]
[fair_c: 1]
[poisson_max_delta_step: 0.7]
[tweedie_variance_power: 1.5]
[lambdarank_truncation_level: 30]
[lambdarank_norm: 1]
[label_gain: ]
[lambdarank_position_bias_regularization: 0]
[eval_at: ]
[multi_error_top_k: 1]
[auc_mu_weights: ]
[num_machines: 1]
[local_listen_port: 12400]
[time_out: 120]
[machine_list_filename: ]
[machines: ]
[gpu_platform_id: -1]
[gpu_device_id: -1]
[gpu_use_dp: 0]
[num_gpu: 1]

end of parameters

pandas_categorical:[]
