league,market_type,side_group,variable,Win,Loss,Push,Total,bets_excluding_pushes,bets_including_pushes,Win_Pct,units,roi,avg_odds,avg_ev,avg_kelly,avg_win_prob
nhl,puck_line,AWAY,0.01_to_0.02,1,0,0,1,1,1,1.0,0.44052863436123346,0.44052863436123346,-227.0,0.0181128312578491,0.0411655255860206,0.7070227994846174
nhl,puck_line,AWAY,0.02_to_0.03,1,0,0,1,1,1,1.0,0.4291845493562232,0.4291845493562232,-233.0,0.0280623674668876,0.0652613196904361,0.718924732494327
nhl,puck_line,AWAY,0.04_to_0.05,1,0,0,1,1,1,1.0,0.44052863436123346,0.44052863436123346,-227.0,0.044856297157928,0.1019461299043818,0.7255946508041167
nhl,puck_line,AWAY,0.05_to_0.075,1,0,0,1,1,1,1.0,0.4608294930875576,0.4608294930875576,-217.0,0.0506689898617889,0.1101499779604106,0.7196362944258828
nhl,puck_line,AWAY,0.075_to_0.1,3,3,0,6,6,6,0.5,-1.6175115207373272,-0.2695852534562212,-209.83333333333334,0.0886929434544087,0.18641832271344852,0.7373732209455169
nhl,puck_line,AWAY,0.1_to_999,37,13,0,50,50,50,0.74,2.5584584866424174,0.051169169732848345,-240.04,0.142079842468666,0.33960465369549353,0.8047427991936585
nhl,puck_line,HOME,0.05_to_0.075,1,0,0,1,1,1,1.0,0.38022813688212925,0.38022813688212925,-263.0,0.0662926846404732,0.1744544332644035,0.7726758584351257
nhl,puck_line,HOME,0.075_to_0.1,4,4,0,8,8,8,0.5,-2.4598187683249826,-0.3074773460406228,-258.75,0.0905911782428752,0.23522715245153844,0.7852242879733304
nhl,puck_line,HOME,0.1_to_999,31,12,0,43,43,43,0.7209302325581395,1.2574295704284766,0.029242548149499455,-236.6046511627907,0.16001636051593077,0.3739994980246319,0.8135365580338447
