league,market_type,side_group,variable,Win,Loss,Push,Total,bets_excluding_pushes,bets_including_pushes,Win_Pct,units,roi,avg_odds,avg_ev,avg_kelly,avg_win_prob
nhl,puck_line,ALL,0.01_to_0.02,1,0,0,1,1,1,1.0,0.44052863436123346,0.44052863436123346,-227.0,0.0181128312578491,0.0411655255860206,0.7070227994846174
nhl,puck_line,ALL,0.02_to_0.03,1,0,0,1,1,1,1.0,0.4291845493562232,0.4291845493562232,-233.0,0.0280623674668876,0.0652613196904361,0.718924732494327
nhl,puck_line,ALL,0.04_to_0.05,1,0,0,1,1,1,1.0,0.44052863436123346,0.44052863436123346,-227.0,0.044856297157928,0.1019461299043818,0.7255946508041167
nhl,puck_line,ALL,0.05_to_0.075,2,0,0,2,2,2,1.0,0.8410576299696868,0.4205288149848434,-240.0,0.058480837251131054,0.14230220561240703,0.7461560764305042
nhl,puck_line,ALL,0.075_to_0.1,7,7,0,14,14,14,0.5,-4.07733028906231,-0.291237877790165,-237.78571428571428,0.08977764904781813,0.2143090825637856,0.7647166878185533
nhl,puck_line,ALL,0.1_to_999,68,25,0,93,93,93,0.7311827956989247,3.815888057070894,0.041031054377106385,-238.4516129032258,0.15037307124320778,0.3555076462347726,0.8088087307004113
