league,market_type,side_group,variable,Win,Loss,Push,Total,bets_excluding_pushes,bets_including_pushes,Win_Pct,units,roi,avg_odds,avg_ev,avg_kelly,avg_win_prob
nhl,puck_line,AWAY,0.02_to_0.05,1,0,0,1,1,1,1.0,0.44052863436123346,0.44052863436123346,-227.0,0.0181128312578491,0.0411655255860206,0.7070227994846174
nhl,puck_line,AWAY,0.05_to_0.1,1,0,0,1,1,1,1.0,0.4291845493562232,0.4291845493562232,-233.0,0.0280623674668876,0.0652613196904361,0.718924732494327
nhl,puck_line,AWAY,0.1_to_0.2,3,3,0,6,6,6,0.5,-1.6378123794636514,-0.27296872991060855,-211.5,0.07250272086214216,0.15196092671507477,0.7279406361809603
nhl,puck_line,AWAY,0.2_to_0.5,39,13,0,52,52,52,0.75,3.4801174728175326,0.06692533601572179,-239.15384615384616,0.14032036050012725,0.3345975609351868,0.8026724310288513
nhl,puck_line,HOME,0.1_to_0.2,2,1,0,3,3,3,0.6666666666666666,-0.17924322875663729,-0.0597477429188791,-239.0,0.07748260450169434,0.18402657537950573,0.7589834178266646
nhl,puck_line,HOME,0.2_to_0.5,31,15,0,46,46,46,0.6739130434782609,-2.0233099891204844,-0.04398499976348879,-242.0,0.1463161434097411,0.34875005518418584,0.8090918193785501
nhl,puck_line,HOME,0.5_to_999,3,0,0,3,3,3,1.0,1.380392156862745,0.46013071895424834,-219.33333333333334,0.2362450674717744,0.5145559344416071,0.8471227375945971
