league,market_type,bucket_dimension,bucket,bets,wins,losses,pushes,total,win_pct,units_flat,roi_flat,units_kelly,roi_kelly,avg_ev,avg_edge_vs_market_pp,avg_kelly_pct,avg_model_prob,avg_odds_american
nba,spread,month,APR,20,9,11,0,20,0.45,-2.895,-0.1447,-0.053727,-0.1558,0.0628,5.6372,0.069,0.5558,-109.8
nba,spread,month,DEC,67,42,24,1,67,0.6364,14.2326,0.2124,0.355353,0.2665,0.0752,6.3272,0.0829,0.5633,-110.1
nba,spread,month,FEB,69,37,31,1,69,0.5441,2.6331,0.0382,0.142306,0.1042,0.0722,6.153,0.0796,0.5622,-107.3
nba,spread,month,JAN,90,55,34,1,90,0.618,15.9071,0.1767,0.252673,0.1542,0.0669,5.8786,0.0736,0.5591,-110.1
nba,spread,month,MAR,59,26,33,0,59,0.4407,-9.16,-0.1553,-0.110134,-0.1105,0.0619,5.5942,0.068,0.5553,-106.3
nba,spread,month,NOV,66,32,34,0,66,0.4848,-4.9278,-0.0747,0.066121,0.0429,0.0887,7.0076,0.0971,0.5696,-109.8
nba,spread,month,OCT,26,12,13,1,26,0.48,-2.1082,-0.0811,0.040762,0.0577,0.1058,7.8899,0.1157,0.5779,-101.8
