league,market_type,side_group,bucket_dimension,bucket,bets,wins,losses,pushes,total,win_pct,units_flat,roi_flat,units_kelly,roi_kelly,avg_ev,avg_edge_vs_market_pp,avg_kelly_pct,avg_model_prob,avg_odds_american
nba,spread,AWAY,kelly,10_to_20pct,81,47,34,0,81,0.5802,8.6001,0.1062,0.327165,0.12,0.1225,8.7869,0.1346,0.5877,-109.9
nba,spread,AWAY,kelly,2.5_to_5pct,44,22,21,1,44,0.5116,-0.693,-0.0157,-0.004904,-0.0108,0.0379,4.3281,0.0412,0.5408,-108.8
nba,spread,AWAY,kelly,20pct_plus,21,14,7,0,21,0.6667,5.711,0.272,0.285552,0.272,0.2153,13.6781,0.2377,0.6375,-110.3
nba,spread,AWAY,kelly,5_to_10pct,112,62,49,1,112,0.5586,7.1392,0.0637,0.170737,0.0841,0.0659,5.8261,0.0725,0.5585,-110.1
nba,spread,HOME,kelly,0.0_to_2.5pct,14,6,7,1,14,0.4615,-1.5696,-0.1121,-0.010637,-0.3325,0.0084,2.8048,0.0091,0.5265,-109.3
nba,spread,HOME,kelly,10_to_20pct,9,4,5,0,9,0.4444,-1.3599,-0.1511,-0.044581,-0.1476,0.1222,8.7697,0.1342,0.5877,-110.0
nba,spread,HOME,kelly,2.5_to_5pct,11,4,7,0,11,0.3636,-3.3636,-0.3058,-0.028064,-0.3211,0.0286,3.8855,0.0318,0.5408,-110.9
nba,spread,HOME,kelly,20pct_plus,3,1,2,0,3,0.3333,-1.0909,-0.3636,-0.054545,-0.3636,0.2967,17.9243,0.3264,0.6792,-110.0
nba,spread,HOME,kelly,5_to_10pct,11,8,3,0,11,0.7273,4.2332,0.3848,0.061335,0.3395,0.0597,5.5043,0.0657,0.555,-110.0
