league,market_type,side_group,bucket_dimension,bucket,bets,wins,losses,pushes,total,win_pct,units_flat,roi_flat,units_kelly,roi_kelly,avg_ev,avg_edge_vs_market_pp,avg_kelly_pct,avg_model_prob,avg_odds_american
nba,spread,AWAY,edge_vs_market,10pp_plus,39,24,15,0,39,0.6154,6.7695,0.1736,0.32988,0.1808,0.1882,12.2431,0.2074,0.6228,-110.2
nba,spread,AWAY,edge_vs_market,3_to_5pp,60,29,30,1,60,0.4915,-3.3851,-0.0564,-0.037157,-0.0569,0.0398,4.4436,0.0436,0.543,-109.3
nba,spread,AWAY,edge_vs_market,5_to_7pp,96,55,40,1,96,0.5789,9.8708,0.1028,0.205861,0.1141,0.0684,5.9505,0.0752,0.5595,-110.0
nba,spread,AWAY,edge_vs_market,7_to_10pp,65,38,27,0,65,0.5846,7.4112,0.114,0.280031,0.14,0.1119,8.2449,0.1231,0.5826,-110.1
nba,spread,HOME,edge_vs_market,10pp_plus,6,2,4,0,6,0.3333,-2.1385,-0.3564,-0.097125,-0.3602,0.222,13.9695,0.243,0.6379,-109.2
nba,spread,HOME,edge_vs_market,2_to_3pp,10,5,4,1,10,0.5556,0.5213,0.0521,-0.002633,-0.1873,0.0052,2.6382,0.0056,0.5253,-109.5
nba,spread,HOME,edge_vs_market,3_to_5pp,17,7,10,0,17,0.4118,-3.6364,-0.2139,-0.013261,-0.1017,0.0278,3.8333,0.0307,0.539,-110.3
nba,spread,HOME,edge_vs_market,5_to_7pp,9,6,3,0,9,0.6667,2.415,0.2683,0.038529,0.2477,0.0629,5.6674,0.0691,0.5567,-110.0
nba,spread,HOME,edge_vs_market,7_to_10pp,6,3,3,0,6,0.5,-0.3123,-0.052,-0.002001,-0.011,0.1096,8.1473,0.1215,0.5833,-110.8
