league,market_type,bucket_dimension,bucket,bets,wins,losses,pushes,total,win_pct,units_flat,roi_flat,units_kelly,roi_kelly,avg_ev,avg_edge_vs_market_pp,avg_kelly_pct,avg_model_prob,avg_odds_american
nba,spread,month,APR,10,6,4,0,10,0.6,1.2198,0.122,-0.003178,-0.0105,0.1175,8.6507,0.1338,0.5957,-114.2
nba,spread,month,DEC,31,23,8,0,31,0.7419,12.8696,0.4151,0.42012,0.5102,0.0968,7.4745,0.1068,0.5754,-110.4
nba,spread,month,FEB,33,23,10,0,33,0.697,10.8533,0.3289,0.345752,0.392,0.0988,7.5633,0.109,0.5764,-110.4
nba,spread,month,JAN,34,26,8,0,34,0.7647,15.5968,0.4587,0.447619,0.5465,0.0898,7.0895,0.099,0.5715,-110.3
nba,spread,month,MAR,13,7,6,0,13,0.5385,0.2088,0.0161,-0.004324,-0.0132,0.0952,7.4258,0.1071,0.5793,-112.3
nba,spread,month,NOV,46,23,23,0,46,0.5,-2.2395,-0.0487,-0.106944,-0.0775,0.1123,8.2725,0.1239,0.5839,-110.5
nba,spread,month,OCT,17,9,8,0,17,0.5294,0.1818,0.0107,0.059416,0.1032,0.1328,9.3448,0.1463,0.5941,-110.3
