league,market_type,bucket_dimension,bucket,bets,wins,losses,pushes,total,win_pct,units_flat,roi_flat,units_kelly,roi_kelly,avg_ev,avg_edge_vs_market_pp,avg_kelly_pct,avg_model_prob,avg_odds_american
nba,spread,dow,FRI,57,36,21,0,57,0.6316,11.8871,0.2085,0.354932,0.2689,0.0871,6.9275,0.0953,0.5682,-109.5
nba,spread,dow,MON,48,25,22,1,48,0.5319,0.9169,0.0191,0.15126,0.1532,0.0768,6.3763,0.0839,0.5619,-109.1
nba,spread,dow,SAT,39,21,18,0,39,0.5385,0.9494,0.0243,0.049627,0.0539,0.0901,7.0933,0.0992,0.5714,-110.2
nba,spread,dow,SUN,42,23,19,0,42,0.5476,1.5567,0.0371,-0.002261,-0.0023,0.0876,6.9947,0.0975,0.5728,-111.3
nba,spread,dow,THU,36,20,15,1,36,0.5714,3.2327,0.0898,0.007834,0.0099,0.0812,6.6111,0.0891,0.5648,-109.4
nba,spread,dow,TUE,33,15,17,1,33,0.4688,-3.4415,-0.1043,0.022412,0.0304,0.0845,6.8066,0.0933,0.5694,-110.6
nba,spread,dow,WED,53,29,24,0,53,0.5472,2.4145,0.0456,0.118319,0.0909,0.0962,7.4067,0.1057,0.5731,-109.6
