league,market_type,side_group,bucket_dimension,bucket,bets,wins,losses,pushes,total,win_pct,units_flat,roi_flat,units_kelly,roi_kelly,avg_ev,avg_edge_vs_market_pp,avg_kelly_pct,avg_model_prob,avg_odds_american
nba,spread,AWAY,kelly,10_to_20pct,81,47,34,0,81,0.5802,8.6001,0.1062,0.327165,0.12,0.1225,8.7869,0.1346,0.5877,-109.9
nba,spread,AWAY,kelly,2.5_to_5pct,43,22,20,1,43,0.5238,0.307,0.0071,0.003249,0.0073,0.038,4.3382,0.0414,0.5411,-108.9
nba,spread,AWAY,kelly,20pct_plus,21,14,7,0,21,0.6667,5.711,0.272,0.285552,0.272,0.2153,13.6781,0.2377,0.6375,-110.3
nba,spread,AWAY,kelly,5_to_10pct,110,61,48,1,110,0.5596,7.2301,0.0657,0.173738,0.0871,0.0659,5.8275,0.0725,0.5586,-110.1
nba,spread,HOME,kelly,0.0_to_2.5pct,14,6,7,1,14,0.4615,-1.5696,-0.1121,-0.010637,-0.3325,0.0084,2.8048,0.0091,0.5265,-109.3
nba,spread,HOME,kelly,10_to_20pct,9,4,5,0,9,0.4444,-1.3599,-0.1511,-0.044581,-0.1476,0.1222,8.7697,0.1342,0.5877,-110.0
nba,spread,HOME,kelly,2.5_to_5pct,11,4,7,0,11,0.3636,-3.3636,-0.3058,-0.028064,-0.3211,0.0286,3.8855,0.0318,0.5408,-110.9
nba,spread,HOME,kelly,20pct_plus,2,0,2,0,2,0.0,-2.0,-1.0,-0.1,-1.0,0.2755,16.8104,0.303,0.6681,-110.0
nba,spread,HOME,kelly,5_to_10pct,11,8,3,0,11,0.7273,4.2332,0.3848,0.061335,0.3395,0.0597,5.5043,0.0657,0.555,-110.0
