league,market_type,bucket_dimension,bucket,bets,wins,losses,pushes,total,win_pct,units_flat,roi_flat,units_kelly,roi_kelly,avg_ev,avg_edge_vs_market_pp,avg_kelly_pct,avg_model_prob,avg_odds_american
nba,spread,ev,0.00_to_0.0099,9,5,3,1,9,0.625,1.5213,0.169,0.000548,0.0504,0.0044,2.6134,0.0048,0.5269,-110.3
nba,spread,ev,0.01_to_0.0199,4,1,3,0,4,0.25,-2.0909,-0.5227,-0.005909,-0.3732,0.0146,3.1036,0.0158,0.5267,-108.0
nba,spread,ev,0.02_to_0.0299,10,3,7,0,10,0.3,-4.2727,-0.4273,-0.032984,-0.4634,0.026,3.7315,0.0285,0.5362,-109.5
nba,spread,ev,0.03_to_0.0399,23,12,10,1,23,0.5455,0.9157,0.0398,0.010425,0.0467,0.0352,4.2154,0.0388,0.5427,-110.3
nba,spread,ev,0.04_to_0.0499,33,18,15,0,33,0.5455,1.5651,0.0474,0.016398,0.0423,0.0431,4.6062,0.0469,0.5438,-108.9
nba,spread,ev,0.05_to_0.0749,62,36,25,1,62,0.5902,7.4813,0.1207,0.137285,0.1328,0.0605,5.544,0.0667,0.5561,-110.3
nba,spread,ev,0.075_to_0.0999,58,34,24,0,58,0.5862,6.9723,0.1202,0.154337,0.1114,0.0869,6.9291,0.0955,0.5691,-109.9
nba,spread,ev,0.10_plus,88,53,35,0,88,0.6023,13.1342,0.1493,0.535176,0.1547,0.152,10.3348,0.1671,0.6032,-109.9
