league,market_type,side_group,bucket_dimension,bucket,bets,wins,losses,pushes,total,win_pct,units_flat,roi_flat,units_kelly,roi_kelly,avg_ev,avg_edge_vs_market_pp,avg_kelly_pct,avg_model_prob,avg_odds_american
nba,spread,AWAY,kelly,10_to_20pct,72,45,27,0,72,0.625,13.7218,0.1906,0.51115,0.2123,0.1211,8.7368,0.1338,0.5884,-110.5
nba,spread,AWAY,kelly,20pct_plus,20,14,6,0,20,0.7,6.711,0.3356,0.335552,0.3356,0.2146,13.6587,0.2375,0.6379,-110.6
nba,spread,AWAY,kelly,5_to_10pct,83,50,33,0,83,0.6024,12.0246,0.1449,0.220172,0.1401,0.0683,5.9789,0.0757,0.5619,-111.0
nba,spread,HOME,kelly,0.0_to_2.5pct,12,6,5,1,12,0.5455,0.4304,0.0359,-0.00218,-0.0926,0.0071,2.7561,0.0078,0.5281,-110.2
nba,spread,HOME,kelly,10_to_20pct,8,3,5,0,8,0.375,-2.3123,-0.289,-0.08219,-0.3132,0.1187,8.6149,0.1312,0.5875,-110.6
nba,spread,HOME,kelly,2.5_to_5pct,11,4,7,0,11,0.3636,-3.3636,-0.3058,-0.028064,-0.3211,0.0286,3.8855,0.0318,0.5408,-110.9
nba,spread,HOME,kelly,20pct_plus,3,1,2,0,3,0.3333,-1.0909,-0.3636,-0.054545,-0.3636,0.2967,17.9243,0.3264,0.6792,-110.0
nba,spread,HOME,kelly,5_to_10pct,10,8,2,0,10,0.8,5.2332,0.5233,0.076667,0.4638,0.0599,5.5252,0.0661,0.5563,-110.5
