league,market_type,bucket_dimension,bucket,bets,wins,losses,pushes,total,win_pct,units_flat,roi_flat,units_kelly,roi_kelly,avg_ev,avg_edge_vs_market_pp,avg_kelly_pct,avg_model_prob,avg_odds_american
nba,spread,kelly,0.0_to_2.5pct,65,33,32,0,65,0.5077,-2.0621,-0.0317,0.011074,0.0582,0.0106,2.9153,0.0117,0.5299,-110.3
nba,spread,kelly,10_to_20pct,113,62,50,1,113,0.5536,6.2326,0.0552,0.232351,0.0599,0.1246,8.907,0.1372,0.5893,-110.1
nba,spread,kelly,2.5_to_5pct,77,40,36,1,77,0.5263,0.7703,0.01,0.012085,0.0173,0.0334,4.0972,0.0363,0.5389,-103.8
nba,spread,kelly,20pct_plus,19,14,5,0,19,0.7368,7.8139,0.4113,0.390693,0.4113,0.2206,13.8625,0.2403,0.6363,-98.4
nba,spread,kelly,5_to_10pct,123,64,57,2,123,0.5289,0.9271,0.0075,0.04715,0.0213,0.0652,5.7977,0.0719,0.5587,-110.4
