league,market_type,bucket_dimension,bucket,bets,wins,losses,pushes,total,win_pct,units_flat,roi_flat,units_kelly,roi_kelly,avg_ev,avg_edge_vs_market_pp,avg_kelly_pct,avg_model_prob,avg_odds_american
nba,spread,dow,FRI,32,22,10,0,32,0.6875,9.9838,0.312,0.374204,0.399,0.1105,8.1965,0.1221,0.5828,-110.4
nba,spread,dow,MON,23,16,7,0,23,0.6957,7.5059,0.3263,0.194836,0.3114,0.1019,7.722,0.1122,0.5777,-110.2
nba,spread,dow,SAT,27,17,10,0,27,0.6296,5.3292,0.1974,0.152501,0.2161,0.1001,7.6299,0.1105,0.5777,-110.6
nba,spread,dow,SUN,29,18,11,0,29,0.6207,5.1298,0.1769,0.093886,0.1286,0.0958,7.4452,0.1072,0.5782,-111.7
nba,spread,dow,THU,19,12,7,0,19,0.6316,3.7684,0.1983,0.050766,0.0941,0.1027,7.7829,0.1139,0.5799,-110.9
nba,spread,dow,TUE,22,12,10,0,22,0.5455,0.8312,0.0378,0.108869,0.1808,0.1043,7.8586,0.1153,0.5807,-111.0
nba,spread,dow,WED,32,20,12,0,32,0.625,6.1423,0.1919,0.183399,0.1893,0.1108,8.1939,0.1222,0.5826,-110.3
