league,market_type,bucket_dimension,bucket,bets,wins,losses,pushes,total,win_pct,units_flat,roi_flat,units_kelly,roi_kelly,avg_ev,avg_edge_vs_market_pp,avg_kelly_pct,avg_model_prob,avg_odds_american
nba,spread,dow,FRI,37,26,11,0,37,0.7027,12.596,0.3404,0.379086,0.3947,0.0978,7.5268,0.108,0.5761,-110.4
nba,spread,dow,MON,29,17,12,0,29,0.5862,3.415,0.1178,0.183894,0.2608,0.0907,7.1377,0.1,0.5718,-110.2
nba,spread,dow,SAT,31,18,13,0,31,0.5806,3.2383,0.1045,0.090524,0.1105,0.1012,7.6864,0.1117,0.5781,-110.5
nba,spread,dow,SUN,32,19,13,0,32,0.5938,3.9993,0.125,0.089488,0.1126,0.094,7.3508,0.1052,0.5772,-111.7
nba,spread,dow,THU,22,13,9,0,22,0.5909,2.6775,0.1217,0.008728,0.0148,0.0973,7.4962,0.1078,0.5767,-110.8
nba,spread,dow,TUE,28,15,12,1,28,0.5556,1.5585,0.0557,0.094901,0.1427,0.0899,7.1078,0.0996,0.5735,-111.1
nba,spread,dow,WED,40,23,17,0,40,0.575,3.8696,0.0967,0.129942,0.1148,0.1116,8.2327,0.123,0.5829,-110.2
