league,market_type,bucket_dimension,bucket,bets,wins,losses,pushes,total,win_pct,units_flat,roi_flat,units_kelly,roi_kelly,avg_ev,avg_edge_vs_market_pp,avg_kelly_pct,avg_model_prob,avg_odds_american
nba,spread,kelly,0.0_to_2.5pct,14,6,7,1,14,0.4615,-1.5696,-0.1121,-0.010637,-0.3325,0.0084,2.8048,0.0091,0.5265,-109.3
nba,spread,kelly,10_to_20pct,83,48,35,0,83,0.5783,8.4691,0.102,0.315566,0.1134,0.122,8.7655,0.1342,0.5878,-110.1
nba,spread,kelly,2.5_to_5pct,48,22,25,1,48,0.4681,-4.74,-0.0988,-0.044388,-0.0945,0.0359,4.233,0.0392,0.5407,-109.2
nba,spread,kelly,20pct_plus,21,13,8,0,21,0.619,3.8182,0.1818,0.190909,0.1818,0.2193,13.8674,0.2413,0.6387,-110.0
nba,spread,kelly,5_to_10pct,111,64,46,1,111,0.5818,12.1364,0.1093,0.240242,0.119,0.0662,5.8419,0.0728,0.5583,-110.0
