league,market_type,bucket_dimension,bucket,bets,wins,losses,pushes,total,win_pct,units_flat,roi_flat,units_kelly,roi_kelly,avg_ev,avg_edge_vs_market_pp,avg_kelly_pct,avg_model_prob,avg_odds_american
nba,spread,kelly,0.0_to_2.5pct,65,33,32,0,65,0.5077,-2.0621,-0.0317,0.011074,0.0582,0.0106,2.9153,0.0117,0.5299,-110.3
nba,spread,kelly,10_to_20pct,113,62,50,1,113,0.5536,6.2326,0.0552,0.241784,0.0625,0.1244,8.8919,0.1369,0.5891,-110.1
nba,spread,kelly,2.5_to_5pct,76,39,36,1,76,0.52,-0.182,-0.0024,0.001875,0.0027,0.0333,4.093,0.0362,0.539,-103.8
nba,spread,kelly,20pct_plus,19,14,5,0,19,0.7368,7.8139,0.4113,0.390693,0.4113,0.2206,13.8625,0.2403,0.6363,-98.4
nba,spread,kelly,5_to_10pct,123,64,57,2,123,0.5289,0.9666,0.0079,0.044991,0.0204,0.0651,5.7928,0.0718,0.5586,-110.3
