league,market_type,bucket_dimension,bucket,bets,wins,losses,pushes,total,win_pct,units_flat,roi_flat,units_kelly,roi_kelly,avg_ev,avg_edge_vs_market_pp,avg_kelly_pct,avg_model_prob,avg_odds_american
nba,spread,ev,0.00_to_0.0099,9,5,3,1,9,0.625,1.5213,0.169,0.000548,0.0504,0.0044,2.6134,0.0048,0.5269,-110.3
nba,spread,ev,0.01_to_0.0199,3,1,2,0,3,0.3333,-1.0909,-0.3636,-0.002728,-0.2156,0.0153,3.1843,0.0169,0.5318,-110.0
nba,spread,ev,0.02_to_0.0299,9,3,6,0,9,0.3333,-3.2727,-0.3636,-0.027708,-0.4204,0.0266,3.7758,0.0293,0.5378,-110.0
nba,spread,ev,0.03_to_0.0399,1,0,1,0,1,0.0,-1.0,-1.0,-0.010425,-1.0,0.0348,4.267,0.0417,0.5644,-120.0
nba,spread,ev,0.04_to_0.0499,3,3,0,0,3,1.0,2.7273,0.9091,0.032875,0.9091,0.0438,4.677,0.0482,0.5468,-110.0
nba,spread,ev,0.05_to_0.0749,60,38,22,0,60,0.6333,12.155,0.2026,0.208979,0.2061,0.0608,5.584,0.0676,0.5583,-111.1
nba,spread,ev,0.075_to_0.0999,52,29,23,0,52,0.5577,3.2088,0.0617,0.064834,0.0517,0.0873,6.9751,0.0965,0.571,-110.6
nba,spread,ev,0.10_plus,82,52,30,0,82,0.6341,17.1054,0.2086,0.710187,0.2176,0.1565,10.5992,0.173,0.6071,-110.5
