league,market_type,bucket_dimension,bucket,bets,wins,losses,pushes,total,win_pct,units_flat,roi_flat,units_kelly,roi_kelly,avg_ev,avg_edge_vs_market_pp,avg_kelly_pct,avg_model_prob,avg_odds_american
nba,spread,ev,0.00_to_0.0099,33,16,17,0,33,0.4848,-2.4735,-0.075,-0.000519,-0.0104,0.0055,2.6509,0.006,0.5274,-110.4
nba,spread,ev,0.01_to_0.0199,30,15,15,0,30,0.5,-1.426,-0.0475,0.001104,0.0085,0.0156,3.1708,0.0172,0.5325,-110.3
nba,spread,ev,0.02_to_0.0299,35,19,16,0,35,0.5429,1.2956,0.037,0.004589,0.0181,0.0265,3.753,0.029,0.5369,-104.0
nba,spread,ev,0.03_to_0.0399,21,9,11,1,21,0.45,-2.7326,-0.1301,-0.024557,-0.1229,0.0348,4.1881,0.0381,0.5406,-109.4
nba,spread,ev,0.04_to_0.0499,39,22,17,0,39,0.5641,3.1825,0.0816,0.032986,0.0719,0.0432,4.6051,0.0471,0.544,-103.9
nba,spread,ev,0.05_to_0.0749,72,38,33,1,72,0.5352,1.3352,0.0185,0.049566,0.0409,0.0611,5.5796,0.0674,0.5564,-110.3
nba,spread,ev,0.075_to_0.0999,59,32,26,1,59,0.5517,3.0043,0.0509,0.073078,0.051,0.0878,6.9966,0.0971,0.5711,-110.6
nba,spread,ev,0.10_plus,108,62,45,1,108,0.5794,11.4961,0.1064,0.557104,0.133,0.148,10.1107,0.1623,0.6005,-107.8
