league,market_type,bucket_dimension,bucket,bets,wins,losses,pushes,total,win_pct,units_flat,roi_flat,units_kelly,roi_kelly,avg_ev,avg_edge_vs_market_pp,avg_kelly_pct,avg_model_prob,avg_odds_american
nba,spread,ev,0.00_to_0.0099,61,32,27,2,61,0.5424,2.1498,0.0352,0.00246,0.0289,0.0051,2.6331,0.0056,0.527,-110.3
nba,spread,ev,0.01_to_0.0199,45,22,23,0,45,0.4889,-3.0191,-0.0671,-0.003858,-0.0197,0.0158,3.1846,0.0174,0.5318,-109.9
nba,spread,ev,0.02_to_0.0299,50,23,26,1,50,0.4694,-5.0247,-0.1005,-0.042099,-0.1174,0.0262,3.7363,0.0287,0.5361,-105.4
nba,spread,ev,0.03_to_0.0399,30,14,15,1,30,0.4828,-2.2352,-0.0745,-0.021381,-0.0747,0.0347,4.1896,0.0382,0.5418,-110.0
nba,spread,ev,0.04_to_0.0499,42,24,18,0,42,0.5714,3.9612,0.0943,0.043048,0.0866,0.0433,4.6177,0.0473,0.5446,-104.5
nba,spread,ev,0.05_to_0.0749,85,46,38,1,85,0.5476,3.5522,0.0418,0.091227,0.064,0.0609,5.5653,0.0671,0.5562,-110.2
nba,spread,ev,0.075_to_0.0999,71,38,32,1,71,0.5429,2.4589,0.0346,0.047983,0.028,0.0876,6.9764,0.0967,0.5706,-110.4
nba,spread,ev,0.10_plus,140,79,60,1,140,0.5683,12.049,0.0861,0.603747,0.1104,0.1495,10.1907,0.1639,0.6012,-108.2
