league,market_type,bucket_dimension,bucket,bets,wins,losses,pushes,total,win_pct,units_flat,roi_flat,units_kelly,roi_kelly,avg_ev,avg_edge_vs_market_pp,avg_kelly_pct,avg_model_prob,avg_odds_american
nba,spread,kelly,0.0_to_2.5pct,14,6,7,1,14,0.4615,-1.5696,-0.1121,-0.010637,-0.3325,0.0084,2.8048,0.0091,0.5265,-109.3
nba,spread,kelly,10_to_20pct,90,51,39,0,90,0.5667,7.2402,0.0804,0.282585,0.0933,0.1224,8.7852,0.1345,0.5877,-109.9
nba,spread,kelly,2.5_to_5pct,54,26,27,1,54,0.4906,-3.0566,-0.0566,-0.024815,-0.0466,0.0361,4.246,0.0394,0.541,-109.3
nba,spread,kelly,20pct_plus,23,14,9,0,23,0.6087,3.711,0.1613,0.185552,0.1613,0.2206,13.9504,0.2434,0.6402,-110.3
nba,spread,kelly,5_to_10pct,121,69,51,1,121,0.575,11.4633,0.0947,0.235073,0.1081,0.0654,5.7981,0.0719,0.5582,-110.1
