league,market_type,bucket_dimension,bucket,bets,wins,losses,pushes,total,win_pct,units_flat,roi_flat,units_kelly,roi_kelly,avg_ev,avg_edge_vs_market_pp,avg_kelly_pct,avg_model_prob,avg_odds_american
nba,spread,dow,FRI,55,35,20,0,55,0.6364,11.978,0.2178,0.354867,0.2738,0.0887,7.0098,0.0971,0.5688,-109.4
nba,spread,dow,MON,47,25,21,1,47,0.5435,1.9169,0.0408,0.159413,0.1628,0.0778,6.4291,0.085,0.5626,-109.2
nba,spread,dow,SAT,39,21,18,0,39,0.5385,0.9494,0.0243,0.049627,0.0539,0.0901,7.0933,0.0992,0.5714,-110.2
nba,spread,dow,SUN,42,23,19,0,42,0.5476,1.5567,0.0371,-0.002261,-0.0023,0.0876,6.9947,0.0975,0.5728,-111.3
nba,spread,dow,THU,36,20,15,1,36,0.5714,3.2327,0.0898,0.007834,0.0099,0.0812,6.6111,0.0891,0.5648,-109.4
nba,spread,dow,TUE,33,15,17,1,33,0.4688,-3.4415,-0.1043,0.022412,0.0304,0.0845,6.8066,0.0933,0.5694,-110.6
nba,spread,dow,WED,50,27,23,0,50,0.54,1.5963,0.0319,0.075866,0.0623,0.0926,7.2183,0.1017,0.5712,-109.5
