league,market_type,bucket_dimension,bucket,bets,wins,losses,pushes,total,win_pct,units_flat,roi_flat,units_kelly,roi_kelly,avg_ev,avg_edge_vs_market_pp,avg_kelly_pct,avg_model_prob,avg_odds_american
nba,spread,kelly,0.0_to_2.5pct,12,6,5,1,12,0.5455,0.4304,0.0359,-0.00218,-0.0926,0.0071,2.7561,0.0078,0.5281,-110.2
nba,spread,kelly,10_to_20pct,80,48,32,0,80,0.6,11.4096,0.1426,0.42896,0.1607,0.1208,8.7246,0.1335,0.5883,-110.5
nba,spread,kelly,2.5_to_5pct,11,4,7,0,11,0.3636,-3.3636,-0.3058,-0.028064,-0.3211,0.0286,3.8855,0.0318,0.5408,-110.9
nba,spread,kelly,20pct_plus,23,15,8,0,23,0.6522,5.6201,0.2444,0.281006,0.2444,0.2253,14.2151,0.2491,0.6433,-110.5
nba,spread,kelly,5_to_10pct,93,58,35,0,93,0.6237,17.2578,0.1856,0.296839,0.1709,0.0674,5.9301,0.0747,0.5613,-111.0
