league,market_type,side_group,bucket_dimension,bucket,bets,wins,losses,pushes,total,win_pct,units_flat,roi_flat,units_kelly,roi_kelly,avg_ev,avg_edge_vs_market_pp,avg_kelly_pct,avg_model_prob,avg_odds_american
nba,spread,AWAY,edge_vs_market,10pp_plus,37,23,14,0,37,0.6216,6.8766,0.1859,0.335237,0.1944,0.1857,12.1037,0.2043,0.621,-110.0
nba,spread,AWAY,edge_vs_market,3_to_5pp,52,27,24,1,52,0.5294,0.7535,0.0145,0.004374,0.0078,0.0397,4.4358,0.0434,0.5427,-109.2
nba,spread,AWAY,edge_vs_market,5_to_7pp,89,52,36,1,89,0.5909,11.2447,0.1263,0.228872,0.1359,0.0689,5.977,0.0757,0.5597,-109.9
nba,spread,AWAY,edge_vs_market,7_to_10pp,62,38,24,0,62,0.6129,10.4112,0.1679,0.36874,0.1929,0.112,8.2537,0.1233,0.583,-110.2
nba,spread,HOME,edge_vs_market,10pp_plus,5,1,4,0,5,0.2,-3.0476,-0.6095,-0.14258,-0.649,0.1986,12.733,0.217,0.6252,-109.0
nba,spread,HOME,edge_vs_market,2_to_3pp,10,5,4,1,10,0.5556,0.5213,0.0521,-0.002633,-0.1873,0.0052,2.6382,0.0056,0.5253,-109.5
nba,spread,HOME,edge_vs_market,3_to_5pp,17,7,10,0,17,0.4118,-3.6364,-0.2139,-0.013261,-0.1017,0.0278,3.8333,0.0307,0.539,-110.3
nba,spread,HOME,edge_vs_market,5_to_7pp,9,6,3,0,9,0.6667,2.415,0.2683,0.038529,0.2477,0.0629,5.6674,0.0691,0.5567,-110.0
nba,spread,HOME,edge_vs_market,7_to_10pp,6,3,3,0,6,0.5,-0.3123,-0.052,-0.002001,-0.011,0.1096,8.1473,0.1215,0.5833,-110.8
