league,market_type,bucket_dimension,bucket,bets,wins,losses,pushes,total,win_pct,units_flat,roi_flat,units_kelly,roi_kelly,avg_ev,avg_edge_vs_market_pp,avg_kelly_pct,avg_model_prob,avg_odds_american
nba,spread,month,APR,21,9,12,0,21,0.4286,-3.8555,-0.1836,-0.047309,-0.1422,0.0581,5.3777,0.0634,0.553,-109.7
nba,spread,month,DEC,90,55,32,3,90,0.6322,18.0941,0.201,0.436368,0.2549,0.0714,6.1216,0.0785,0.561,-109.9
nba,spread,month,FEB,91,46,44,1,91,0.5111,-2.0553,-0.0226,0.062085,0.0359,0.072,6.1417,0.0793,0.5618,-107.9
nba,spread,month,JAN,115,65,49,1,115,0.5702,9.998,0.0869,0.152804,0.0748,0.0654,5.7973,0.0718,0.5579,-110.0
nba,spread,month,MAR,78,40,38,0,78,0.5128,-1.5172,-0.0195,-0.041131,-0.031,0.0623,5.619,0.0685,0.5558,-107.2
nba,spread,month,NOV,98,48,50,0,98,0.4898,-6.3518,-0.0648,0.059626,0.0284,0.0805,6.5828,0.0883,0.5654,-109.8
nba,spread,month,OCT,31,15,14,2,31,0.5172,-0.4204,-0.0136,0.098682,0.1253,0.0983,7.5032,0.1076,0.5745,-103.3
