league,market_type,bucket_dimension,bucket,bets,wins,losses,pushes,total,win_pct,units_flat,roi_flat,units_kelly,roi_kelly,avg_ev,avg_edge_vs_market_pp,avg_kelly_pct,avg_model_prob,avg_odds_american
nba,spread,month,APR,21,12,9,0,21,0.5714,1.7815,0.0848,0.007054,0.0139,0.0925,7.2408,0.1028,0.575,-111.2
nba,spread,month,DEC,55,35,19,1,55,0.6481,12.869,0.234,0.384282,0.3226,0.0792,6.5269,0.087,0.5648,-109.8
nba,spread,month,FEB,45,27,17,1,45,0.6136,7.4502,0.1656,0.311733,0.2963,0.0861,6.8981,0.095,0.57,-110.5
nba,spread,month,JAN,60,40,20,0,60,0.6667,16.3967,0.2733,0.445272,0.3863,0.0717,6.1241,0.0787,0.5606,-109.7
nba,spread,month,MAR,32,15,17,0,32,0.4688,-3.1725,-0.0991,-0.072496,-0.119,0.0717,6.0859,0.0785,0.5583,-108.8
nba,spread,month,NOV,64,28,36,0,64,0.4375,-10.7182,-0.1675,-0.304008,-0.1836,0.0993,7.5759,0.1092,0.5761,-110.2
nba,spread,month,OCT,25,9,15,1,25,0.375,-6.8182,-0.2727,-0.10408,-0.139,0.118,8.5256,0.1288,0.5835,-109.2
