league,market_type,bucket_dimension,bucket,bets,wins,losses,pushes,total,win_pct,units_flat,roi_flat,units_kelly,roi_kelly,avg_ev,avg_edge_vs_market_pp,avg_kelly_pct,avg_model_prob,avg_odds_american
nba,spread,dow,FRI,48,32,16,0,48,0.6667,13.2501,0.276,0.362895,0.328,0.0861,6.8803,0.0943,0.5676,-109.5
nba,spread,dow,MON,44,23,20,1,44,0.5349,1.0122,0.023,0.129875,0.1408,0.0782,6.4569,0.0856,0.5633,-109.4
nba,spread,dow,SAT,36,19,17,0,36,0.5278,0.1636,0.0045,0.011848,0.0138,0.0913,7.1532,0.1004,0.5715,-110.0
nba,spread,dow,SUN,39,22,17,0,39,0.5641,2.6871,0.0689,0.059835,0.0678,0.084,6.8004,0.0933,0.5706,-111.2
nba,spread,dow,THU,34,19,14,1,34,0.5758,3.3852,0.0996,0.002729,0.0036,0.0832,6.7121,0.0911,0.5653,-109.1
nba,spread,dow,TUE,31,14,16,1,31,0.4667,-3.289,-0.1061,0.022739,0.0321,0.0865,6.913,0.0954,0.5701,-110.5
nba,spread,dow,WED,45,24,21,0,45,0.5333,0.9048,0.0201,0.101771,0.0912,0.0949,7.3345,0.104,0.5721,-109.4
