league,market_type,bucket_dimension,bucket,bets,wins,losses,pushes,total,win_pct,units_flat,roi_flat,units_kelly,roi_kelly,avg_ev,avg_edge_vs_market_pp,avg_kelly_pct,avg_model_prob,avg_odds_american
nba,spread,kelly,0.0_to_2.5pct,14,6,7,1,14,0.4615,-1.5696,-0.1121,-0.010637,-0.3325,0.0084,2.8048,0.0091,0.5265,-109.3
nba,spread,kelly,10_to_20pct,87,51,36,0,87,0.5862,10.2402,0.1177,0.371293,0.1263,0.1228,8.8101,0.1351,0.5882,-110.1
nba,spread,kelly,2.5_to_5pct,51,25,25,1,51,0.5,-2.009,-0.0394,-0.016707,-0.0334,0.0359,4.2371,0.0392,0.5408,-109.3
nba,spread,kelly,20pct_plus,21,13,8,0,21,0.619,3.8182,0.1818,0.190909,0.1818,0.2193,13.8674,0.2413,0.6387,-110.0
nba,spread,kelly,5_to_10pct,114,67,46,1,114,0.5929,14.7463,0.1294,0.280418,0.1358,0.0659,5.8266,0.0725,0.5584,-110.1
