league,market_type,bucket_dimension,bucket,bets,wins,losses,pushes,total,win_pct,units_flat,roi_flat,units_kelly,roi_kelly,avg_ev,avg_edge_vs_market_pp,avg_kelly_pct,avg_model_prob,avg_odds_american
nba,spread,ev,0.00_to_0.0099,33,16,17,0,33,0.4848,-2.4735,-0.075,-0.000519,-0.0104,0.0055,2.6509,0.006,0.5274,-110.4
nba,spread,ev,0.01_to_0.0199,30,15,15,0,30,0.5,-1.426,-0.0475,0.001104,0.0085,0.0156,3.1708,0.0172,0.5325,-110.3
nba,spread,ev,0.02_to_0.0299,35,19,16,0,35,0.5429,1.2956,0.037,0.004589,0.0181,0.0265,3.753,0.029,0.5369,-104.0
nba,spread,ev,0.03_to_0.0399,21,9,11,1,21,0.45,-2.7326,-0.1301,-0.024557,-0.1229,0.0348,4.1881,0.0381,0.5406,-109.4
nba,spread,ev,0.04_to_0.0499,38,21,17,0,38,0.5526,2.2301,0.0587,0.022776,0.0508,0.0432,4.61,0.0472,0.5443,-103.9
nba,spread,ev,0.05_to_0.0749,73,39,33,1,73,0.5417,2.2443,0.0307,0.067727,0.0549,0.0613,5.5876,0.0676,0.5564,-110.3
nba,spread,ev,0.075_to_0.0999,58,31,26,1,58,0.5439,2.1348,0.0368,0.052758,0.0374,0.088,7.0004,0.0972,0.571,-110.5
nba,spread,ev,0.10_plus,108,62,45,1,108,0.5794,11.4961,0.1064,0.566537,0.1355,0.1477,10.0949,0.1619,0.6002,-107.8
