league,market_type,bucket_dimension,bucket,bets,wins,losses,pushes,total,win_pct,units_flat,roi_flat,units_kelly,roi_kelly,avg_ev,avg_edge_vs_market_pp,avg_kelly_pct,avg_model_prob,avg_odds_american
nba,spread,kelly,0.0_to_2.5pct,14,6,7,1,14,0.4615,-1.5696,-0.1121,-0.010637,-0.3325,0.0084,2.8048,0.0091,0.5265,-109.3
nba,spread,kelly,10_to_20pct,90,51,39,0,90,0.5667,7.2402,0.0804,0.282585,0.0933,0.1224,8.7852,0.1345,0.5877,-109.9
nba,spread,kelly,2.5_to_5pct,56,26,29,1,56,0.4727,-5.0566,-0.0903,-0.044418,-0.0805,0.0361,4.2453,0.0394,0.5411,-109.4
nba,spread,kelly,20pct_plus,24,15,9,0,24,0.625,4.6201,0.1925,0.231006,0.1925,0.2255,14.2088,0.2488,0.6427,-110.3
nba,spread,kelly,5_to_10pct,124,71,52,1,124,0.5772,12.2815,0.099,0.243588,0.1095,0.0652,5.789,0.0717,0.5581,-110.1
