league,market_type,side_group,bucket_dimension,bucket,bets,wins,losses,pushes,total,win_pct,units_flat,roi_flat,units_kelly,roi_kelly,avg_ev,avg_edge_vs_market_pp,avg_kelly_pct,avg_model_prob,avg_odds_american
nba,spread,AWAY,kelly,10_to_20pct,74,44,30,0,74,0.5946,9.829,0.1328,0.360146,0.1451,0.122,8.7649,0.1341,0.5878,-110.1
nba,spread,AWAY,kelly,2.5_to_5pct,37,18,18,1,37,0.5,-1.3764,-0.0372,-0.016325,-0.0427,0.038,4.3363,0.0414,0.5407,-108.8
nba,spread,AWAY,kelly,20pct_plus,19,13,6,0,19,0.6842,5.8182,0.3062,0.290909,0.3062,0.2134,13.5576,0.2348,0.6356,-110.0
nba,spread,AWAY,kelly,5_to_10pct,100,56,43,1,100,0.5657,7.9032,0.079,0.178907,0.0973,0.0669,5.8791,0.0735,0.5587,-110.0
nba,spread,HOME,kelly,0.0_to_2.5pct,14,6,7,1,14,0.4615,-1.5696,-0.1121,-0.010637,-0.3325,0.0084,2.8048,0.0091,0.5265,-109.3
nba,spread,HOME,kelly,10_to_20pct,9,4,5,0,9,0.4444,-1.3599,-0.1511,-0.044581,-0.1476,0.1222,8.7697,0.1342,0.5877,-110.0
nba,spread,HOME,kelly,2.5_to_5pct,11,4,7,0,11,0.3636,-3.3636,-0.3058,-0.028064,-0.3211,0.0286,3.8855,0.0318,0.5408,-110.9
nba,spread,HOME,kelly,20pct_plus,2,0,2,0,2,0.0,-2.0,-1.0,-0.1,-1.0,0.2755,16.8104,0.303,0.6681,-110.0
nba,spread,HOME,kelly,5_to_10pct,11,8,3,0,11,0.7273,4.2332,0.3848,0.061335,0.3395,0.0597,5.5043,0.0657,0.555,-110.0
