league,market_type,bucket_dimension,bucket,bets,wins,losses,pushes,total,win_pct,units_flat,roi_flat,units_kelly,roi_kelly,avg_ev,avg_edge_vs_market_pp,avg_kelly_pct,avg_model_prob,avg_odds_american
nba,spread,ev,0.00_to_0.0099,9,5,3,1,9,0.625,1.5213,0.169,0.000548,0.0504,0.0044,2.6134,0.0048,0.5269,-110.3
nba,spread,ev,0.01_to_0.0199,4,1,3,0,4,0.25,-2.0909,-0.5227,-0.005909,-0.3732,0.0146,3.1036,0.0158,0.5267,-108.0
nba,spread,ev,0.02_to_0.0299,10,3,7,0,10,0.3,-4.2727,-0.4273,-0.032984,-0.4634,0.026,3.7315,0.0285,0.5362,-109.5
nba,spread,ev,0.03_to_0.0399,21,10,10,1,21,0.5,-0.863,-0.0411,-0.007046,-0.0346,0.0352,4.2125,0.0388,0.5422,-110.0
nba,spread,ev,0.04_to_0.0499,31,16,15,0,31,0.5161,-0.2802,-0.009,-0.005274,-0.0145,0.0431,4.6058,0.0469,0.5438,-109.0
nba,spread,ev,0.05_to_0.0749,60,34,25,1,60,0.5763,5.7642,0.0961,0.108571,0.1086,0.0606,5.546,0.0667,0.5556,-110.1
nba,spread,ev,0.075_to_0.0999,58,34,24,0,58,0.5862,6.9723,0.1202,0.154337,0.1114,0.0869,6.9291,0.0955,0.5691,-109.9
nba,spread,ev,0.10_plus,84,50,34,0,84,0.5952,11.363,0.1353,0.479448,0.1451,0.1525,10.3633,0.1677,0.6035,-109.9
