league,market_type,bucket_dimension,bucket,bets,wins,losses,pushes,total,win_pct,units_flat,roi_flat,units_kelly,roi_kelly,avg_ev,avg_edge_vs_market_pp,avg_kelly_pct,avg_model_prob,avg_odds_american
nba,spread,dow,FRI,62,39,23,0,62,0.629,12.5536,0.2025,0.382969,0.3065,0.0746,6.2813,0.0819,0.5627,-110.0
nba,spread,dow,MON,60,35,24,1,60,0.5932,8.0082,0.1335,0.206949,0.1638,0.0787,6.4678,0.0857,0.5632,-106.0
nba,spread,dow,SAT,53,29,23,1,53,0.5577,3.3022,0.0623,0.111427,0.1122,0.0688,5.9815,0.076,0.5602,-110.2
nba,spread,dow,SUN,63,28,35,0,63,0.4444,-9.6005,-0.1524,-0.124804,-0.1094,0.0694,5.9996,0.0765,0.5607,-107.1
nba,spread,dow,THU,49,27,20,2,49,0.5745,4.6016,0.0939,0.207259,0.2134,0.0734,6.216,0.0807,0.562,-109.9
nba,spread,dow,TUE,49,24,25,0,49,0.4898,-3.1941,-0.0652,0.001383,0.0014,0.0775,6.4212,0.0852,0.5643,-105.9
nba,spread,dow,WED,61,31,30,0,61,0.5082,-1.9891,-0.0326,-0.091831,-0.0711,0.0787,6.4962,0.0866,0.565,-110.0
