league,market_type,bucket_dimension,bucket,bets,wins,losses,pushes,total,win_pct,units_flat,roi_flat,units_kelly,roi_kelly,avg_ev,avg_edge_vs_market_pp,avg_kelly_pct,avg_model_prob,avg_odds_american
nba,spread,dow,FRI,50,34,16,0,50,0.68,15.0852,0.3017,0.404571,0.3513,0.086,6.8727,0.0941,0.5675,-109.5
nba,spread,dow,MON,45,24,20,1,45,0.5455,1.9645,0.0437,0.160501,0.1682,0.0792,6.5044,0.0866,0.5636,-109.3
nba,spread,dow,SAT,38,21,17,0,38,0.5526,1.9494,0.0513,0.05958,0.0654,0.0915,7.1673,0.1008,0.5719,-110.1
nba,spread,dow,SUN,39,22,17,0,39,0.5641,2.6871,0.0689,0.059835,0.0678,0.084,6.8004,0.0933,0.5706,-111.2
nba,spread,dow,THU,34,19,14,1,34,0.5758,3.3852,0.0996,0.002729,0.0036,0.0832,6.7121,0.0911,0.5653,-109.1
nba,spread,dow,TUE,32,15,16,1,32,0.4839,-2.4415,-0.0763,0.036303,0.0502,0.0855,6.8626,0.0944,0.5701,-110.7
nba,spread,dow,WED,49,27,22,0,49,0.551,2.5963,0.053,0.091758,0.0764,0.0932,7.2564,0.1025,0.5719,-109.7
