league,market_type,side_group,bucket_dimension,bucket,bets,wins,losses,pushes,total,win_pct,units_flat,roi_flat,units_kelly,roi_kelly,avg_ev,avg_edge_vs_market_pp,avg_kelly_pct,avg_model_prob,avg_odds_american
nba,spread,AWAY,kelly,10_to_20pct,78,47,31,0,78,0.6026,11.6001,0.1487,0.415874,0.1577,0.1229,8.8148,0.1352,0.5883,-110.1
nba,spread,AWAY,kelly,2.5_to_5pct,40,21,18,1,40,0.5385,1.3547,0.0339,0.011357,0.0275,0.038,4.3338,0.0413,0.5408,-108.8
nba,spread,AWAY,kelly,20pct_plus,19,13,6,0,19,0.6842,5.8182,0.3062,0.290909,0.3062,0.2134,13.5576,0.2348,0.6356,-110.0
nba,spread,AWAY,kelly,5_to_10pct,103,59,43,1,103,0.5784,10.5131,0.1021,0.219083,0.1162,0.0665,5.861,0.0732,0.5588,-110.1
nba,spread,HOME,kelly,0.0_to_2.5pct,14,6,7,1,14,0.4615,-1.5696,-0.1121,-0.010637,-0.3325,0.0084,2.8048,0.0091,0.5265,-109.3
nba,spread,HOME,kelly,10_to_20pct,9,4,5,0,9,0.4444,-1.3599,-0.1511,-0.044581,-0.1476,0.1222,8.7697,0.1342,0.5877,-110.0
nba,spread,HOME,kelly,2.5_to_5pct,11,4,7,0,11,0.3636,-3.3636,-0.3058,-0.028064,-0.3211,0.0286,3.8855,0.0318,0.5408,-110.9
nba,spread,HOME,kelly,20pct_plus,2,0,2,0,2,0.0,-2.0,-1.0,-0.1,-1.0,0.2755,16.8104,0.303,0.6681,-110.0
nba,spread,HOME,kelly,5_to_10pct,11,8,3,0,11,0.7273,4.2332,0.3848,0.061335,0.3395,0.0597,5.5043,0.0657,0.555,-110.0
