league,market_type,bucket_dimension,bucket,bets,wins,losses,pushes,total,win_pct,units_flat,roi_flat,units_kelly,roi_kelly,avg_ev,avg_edge_vs_market_pp,avg_kelly_pct,avg_model_prob,avg_odds_american
nba,spread,kelly,0.0_to_2.5pct,109,56,51,2,109,0.5234,-0.032,-0.0003,0.003814,0.0128,0.0099,2.8821,0.0109,0.5291,-110.1
nba,spread,kelly,10_to_20pct,139,74,64,1,139,0.5362,3.2401,0.0233,0.173232,0.0362,0.1252,8.9305,0.1376,0.5893,-110.0
nba,spread,kelly,2.5_to_5pct,100,49,49,2,100,0.5,-4.0527,-0.0405,-0.026151,-0.0295,0.0325,4.0535,0.0354,0.5389,-105.2
nba,spread,kelly,20pct_plus,28,19,9,0,28,0.6786,8.3593,0.2985,0.417965,0.2985,0.2185,13.7639,0.2384,0.6357,-102.0
nba,spread,kelly,5_to_10pct,148,80,66,2,148,0.5479,6.3773,0.0431,0.152266,0.0571,0.0654,5.8056,0.0721,0.5587,-110.3
