league,market_type,bucket_dimension,bucket,bets,wins,losses,pushes,total,win_pct,units_flat,roi_flat,units_kelly,roi_kelly,avg_ev,avg_edge_vs_market_pp,avg_kelly_pct,avg_model_prob,avg_odds_american
nba,spread,ev,0.00_to_0.0099,9,5,3,1,9,0.625,1.5213,0.169,0.000548,0.0504,0.0044,2.6134,0.0048,0.5269,-110.3
nba,spread,ev,0.01_to_0.0199,4,1,3,0,4,0.25,-2.0909,-0.5227,-0.005909,-0.3732,0.0146,3.1036,0.0158,0.5267,-108.0
nba,spread,ev,0.02_to_0.0299,10,3,7,0,10,0.3,-4.2727,-0.4273,-0.032984,-0.4634,0.026,3.7315,0.0285,0.5362,-109.5
nba,spread,ev,0.03_to_0.0399,27,12,14,1,27,0.4615,-3.0843,-0.1142,-0.028865,-0.1099,0.0352,4.2185,0.0389,0.543,-110.4
nba,spread,ev,0.04_to_0.0499,37,20,17,0,37,0.5405,1.4265,0.0386,0.014159,0.0324,0.0434,4.622,0.0473,0.5439,-108.9
nba,spread,ev,0.05_to_0.0749,69,39,29,1,69,0.5735,6.1074,0.0885,0.114274,0.099,0.0606,5.5511,0.0669,0.5562,-110.3
nba,spread,ev,0.075_to_0.0999,59,34,25,0,59,0.5763,5.9723,0.1012,0.12709,0.09,0.0871,6.9396,0.0958,0.5692,-109.9
nba,spread,ev,0.10_plus,93,55,38,0,93,0.5914,11.9361,0.1283,0.513811,0.14,0.155,10.4935,0.1705,0.6048,-109.9
