league,market_type,bucket_dimension,bucket,bets,wins,losses,pushes,total,win_pct,units_flat,roi_flat,units_kelly,roi_kelly,avg_ev,avg_edge_vs_market_pp,avg_kelly_pct,avg_model_prob,avg_odds_american
nba,spread,kelly,0.0_to_2.5pct,14,6,7,1,14,0.4615,-1.5696,-0.1121,-0.010637,-0.3325,0.0084,2.8048,0.0091,0.5265,-109.3
nba,spread,kelly,10_to_20pct,90,51,39,0,90,0.5667,7.2402,0.0804,0.282585,0.0933,0.1224,8.7852,0.1345,0.5877,-109.9
nba,spread,kelly,2.5_to_5pct,55,26,28,1,55,0.4815,-4.0566,-0.0738,-0.032968,-0.061,0.036,4.2396,0.0393,0.5408,-109.3
nba,spread,kelly,20pct_plus,24,15,9,0,24,0.625,4.6201,0.1925,0.231006,0.1925,0.2255,14.2088,0.2488,0.6427,-110.3
nba,spread,kelly,5_to_10pct,123,70,52,1,123,0.5738,11.3724,0.0925,0.232072,0.105,0.0654,5.7973,0.0719,0.5582,-110.1
