league,market_type,bucket_dimension,bucket,bets,wins,losses,pushes,total,win_pct,units_flat,roi_flat,units_kelly,roi_kelly,avg_ev,avg_edge_vs_market_pp,avg_kelly_pct,avg_model_prob,avg_odds_american
nba,spread,ev,0.00_to_0.0099,61,32,27,2,61,0.5424,2.1498,0.0352,0.00246,0.0289,0.0051,2.6331,0.0056,0.527,-110.3
nba,spread,ev,0.01_to_0.0199,45,22,23,0,45,0.4889,-3.0191,-0.0671,-0.003858,-0.0197,0.0158,3.1846,0.0174,0.5318,-109.9
nba,spread,ev,0.02_to_0.0299,50,23,26,1,50,0.4694,-5.0247,-0.1005,-0.042099,-0.1174,0.0262,3.7363,0.0287,0.5361,-105.4
nba,spread,ev,0.03_to_0.0399,30,14,15,1,30,0.4828,-2.2352,-0.0745,-0.021381,-0.0747,0.0347,4.1896,0.0382,0.5418,-110.0
nba,spread,ev,0.04_to_0.0499,43,25,18,0,43,0.5814,4.9135,0.1143,0.053258,0.1049,0.0433,4.613,0.0472,0.5443,-104.5
nba,spread,ev,0.05_to_0.0749,84,45,38,1,84,0.5422,2.6431,0.0315,0.073066,0.052,0.0607,5.5582,0.0669,0.5561,-110.2
nba,spread,ev,0.075_to_0.0999,72,39,32,1,72,0.5493,3.3284,0.0462,0.068303,0.0393,0.0875,6.9737,0.0966,0.5707,-110.5
nba,spread,ev,0.10_plus,140,79,60,1,140,0.5683,12.049,0.0861,0.594314,0.1085,0.1497,10.203,0.1642,0.6014,-108.3
