league,market_type,bucket_dimension,bucket,bets,wins,losses,pushes,total,win_pct,units_flat,roi_flat,units_kelly,roi_kelly,avg_ev,avg_edge_vs_market_pp,avg_kelly_pct,avg_model_prob,avg_odds_american
nba,spread,kelly,0.0_to_2.5pct,109,56,51,2,109,0.5234,-0.032,-0.0003,0.003814,0.0128,0.0099,2.8821,0.0109,0.5291,-110.1
nba,spread,kelly,10_to_20pct,139,74,64,1,139,0.5362,3.2401,0.0233,0.1638,0.0342,0.1254,8.9428,0.1379,0.5895,-110.0
nba,spread,kelly,2.5_to_5pct,101,50,49,2,101,0.5051,-3.1003,-0.0307,-0.015941,-0.0178,0.0325,4.0571,0.0355,0.5388,-105.2
nba,spread,kelly,20pct_plus,28,19,9,0,28,0.6786,8.3593,0.2985,0.417965,0.2985,0.2185,13.7639,0.2384,0.6357,-102.0
nba,spread,kelly,5_to_10pct,148,80,66,2,148,0.5479,6.3377,0.0428,0.154425,0.0579,0.0654,5.8097,0.0721,0.5588,-110.3
