league,market_type,bucket_dimension,bucket,bets,wins,losses,pushes,total,win_pct,units_flat,roi_flat,units_kelly,roi_kelly,avg_ev,avg_edge_vs_market_pp,avg_kelly_pct,avg_model_prob,avg_odds_american
nba,spread,ev,0.00_to_0.0099,9,5,3,1,9,0.625,1.5213,0.169,0.000548,0.0504,0.0044,2.6134,0.0048,0.5269,-110.3
nba,spread,ev,0.01_to_0.0199,4,1,3,0,4,0.25,-2.0909,-0.5227,-0.005909,-0.3732,0.0146,3.1036,0.0158,0.5267,-108.0
nba,spread,ev,0.02_to_0.0299,10,3,7,0,10,0.3,-4.2727,-0.4273,-0.032984,-0.4634,0.026,3.7315,0.0285,0.5362,-109.5
nba,spread,ev,0.03_to_0.0399,25,12,12,1,25,0.5,-1.0843,-0.0434,-0.009262,-0.0381,0.0352,4.2178,0.0389,0.5431,-110.4
nba,spread,ev,0.04_to_0.0499,36,19,17,0,36,0.5278,0.5175,0.0144,0.002643,0.0062,0.0433,4.6179,0.0472,0.5438,-108.9
nba,spread,ev,0.05_to_0.0749,67,38,28,1,67,0.5758,6.1983,0.0925,0.117275,0.1049,0.0605,5.5452,0.0668,0.5562,-110.3
nba,spread,ev,0.075_to_0.0999,59,34,25,0,59,0.5763,5.9723,0.1012,0.12709,0.09,0.0871,6.9396,0.0958,0.5692,-109.9
nba,spread,ev,0.10_plus,92,54,38,0,92,0.587,11.027,0.1199,0.468357,0.1294,0.153,10.3885,0.1683,0.6037,-109.9
