league,market_type,bucket_dimension,bucket,bets,wins,losses,pushes,total,win_pct,units_flat,roi_flat,units_kelly,roi_kelly,avg_ev,avg_edge_vs_market_pp,avg_kelly_pct,avg_model_prob,avg_odds_american
nba,spread,dow,FRI,83,53,30,0,83,0.6386,18.2519,0.2199,0.55797,0.3378,0.0734,6.2186,0.0806,0.5624,-110.1
nba,spread,dow,MON,74,44,29,1,74,0.6027,11.1775,0.151,0.291439,0.1988,0.0736,6.2122,0.0804,0.5611,-106.8
nba,spread,dow,SAT,74,33,40,1,74,0.4521,-10.0614,-0.136,-0.09578,-0.0713,0.0669,5.8718,0.0737,0.5584,-109.9
nba,spread,dow,SUN,83,40,42,1,83,0.4878,-5.6275,-0.0678,-0.06421,-0.0455,0.0654,5.7888,0.072,0.5581,-107.6
nba,spread,dow,THU,67,35,30,2,67,0.5385,1.9889,0.0297,0.099273,0.076,0.072,6.134,0.0789,0.5606,-109.7
nba,spread,dow,TUE,64,30,32,2,64,0.4839,-4.8006,-0.075,-0.080261,-0.0647,0.0723,6.1497,0.0794,0.562,-107.1
nba,spread,dow,WED,80,44,36,0,80,0.55,3.8761,0.0485,0.015632,0.0095,0.078,6.46,0.0858,0.5645,-110.0
