league,market_type,bucket_dimension,bucket,bets,wins,losses,pushes,total,win_pct,units_flat,roi_flat,units_kelly,roi_kelly,avg_ev,avg_edge_vs_market_pp,avg_kelly_pct,avg_model_prob,avg_odds_american
nba,spread,month,APR,10,6,4,0,10,0.6,1.2198,0.122,-0.003178,-0.0105,0.1175,8.6507,0.1338,0.5957,-114.2
nba,spread,month,DEC,42,28,13,1,42,0.6829,12.3755,0.2947,0.358225,0.3659,0.0848,6.8431,0.0937,0.5692,-110.4
nba,spread,month,FEB,39,25,14,0,39,0.641,8.6715,0.2223,0.356947,0.345,0.1017,7.7202,0.1123,0.5784,-110.6
nba,spread,month,JAN,43,31,12,0,43,0.7209,16.1423,0.3754,0.436631,0.4668,0.0813,6.6446,0.0896,0.5669,-110.2
nba,spread,month,MAR,14,7,7,0,14,0.5,-0.7912,-0.0565,-0.010994,-0.0328,0.0901,7.1562,0.1013,0.5762,-112.1
nba,spread,month,NOV,54,25,29,0,54,0.463,-6.4455,-0.1194,-0.220484,-0.1464,0.1073,8.0086,0.1184,0.5812,-110.5
nba,spread,month,OCT,17,9,8,0,17,0.5294,0.1818,0.0107,0.059416,0.1032,0.1328,9.3448,0.1463,0.5941,-110.3
