league,market_type,bucket_dimension,bucket,bets,wins,losses,pushes,total,win_pct,units_flat,roi_flat,units_kelly,roi_kelly,avg_ev,avg_edge_vs_market_pp,avg_kelly_pct,avg_model_prob,avg_odds_american
nba,total,dow,FRI,52,30,22,0,52,0.5769,5.2332,0.1006,0.123644,0.1517,0.0571,5.3689,0.0627,0.5537,-110.0
nba,total,dow,MON,50,28,22,0,50,0.56,3.4421,0.0688,0.15783,0.1988,0.0579,5.4047,0.0635,0.5539,-109.9
nba,total,dow,SAT,31,17,14,0,31,0.5484,1.4978,0.0483,-0.057726,-0.1218,0.0555,5.2863,0.0611,0.5525,-109.8
nba,total,dow,SUN,30,16,13,1,30,0.5517,1.5623,0.0521,-0.023126,-0.0447,0.063,5.6671,0.069,0.5558,-109.6
nba,total,dow,THU,32,17,14,1,32,0.5484,1.4551,0.0455,0.131245,0.2596,0.0576,5.388,0.0632,0.5532,-109.7
nba,total,dow,TUE,28,16,10,2,28,0.6154,4.5271,0.1617,0.089722,0.2345,0.0498,4.9844,0.0547,0.5502,-110.2
nba,total,dow,WED,43,29,13,1,43,0.6905,13.3241,0.3099,0.300591,0.4492,0.0565,5.3425,0.0623,0.5537,-110.1
