league,market_type,bucket_dimension,bucket,bets,wins,losses,pushes,total,win_pct,units_flat,roi_flat,units_kelly,roi_kelly,avg_ev,avg_edge_vs_market_pp,avg_kelly_pct,avg_model_prob,avg_odds_american
nba,total,ev,0.00_to_0.0099,64,39,25,0,64,0.6094,10.6256,0.166,0.014182,0.182,0.0044,2.6004,0.0049,0.5247,-109.4
nba,total,ev,0.01_to_0.0199,86,41,43,2,86,0.4881,-5.7076,-0.0664,-0.012762,-0.0371,0.0146,3.1382,0.016,0.5311,-109.9
nba,total,ev,0.02_to_0.0299,46,24,21,1,46,0.5333,0.8957,0.0195,0.003487,0.0115,0.024,3.6336,0.0264,0.5363,-110.0
nba,total,ev,0.03_to_0.0399,65,40,25,0,65,0.6154,11.4179,0.1757,0.094714,0.1577,0.0337,4.1376,0.037,0.5405,-109.6
nba,total,ev,0.04_to_0.0499,62,33,27,2,62,0.55,2.9421,0.0475,0.036619,0.0464,0.0463,4.8028,0.051,0.5482,-110.1
nba,total,ev,0.05_to_0.0749,110,60,49,1,110,0.5505,5.4052,0.0491,0.095823,0.0504,0.0628,5.6702,0.0692,0.5569,-110.1
nba,total,ev,0.075_to_0.0999,68,34,33,1,68,0.5075,-2.1624,-0.0318,-0.02548,-0.0155,0.0879,6.9827,0.0968,0.5701,-110.1
nba,total,ev,0.10_plus,192,104,86,2,192,0.5474,8.7485,0.0456,0.322526,0.04,0.1809,11.8403,0.1986,0.618,-109.8
