league,market_type,bucket_dimension,bucket,bets,wins,losses,pushes,total,win_pct,units_flat,roi_flat,units_kelly,roi_kelly,avg_ev,avg_edge_vs_market_pp,avg_kelly_pct,avg_model_prob,avg_odds_american
nba,total,ev,0.00_to_0.0099,26,18,8,0,26,0.6923,8.4406,0.3246,0.008982,0.298,0.0042,2.5932,0.0046,0.5252,-109.7
nba,total,ev,0.01_to_0.0199,43,20,21,2,43,0.4878,-2.797,-0.065,-0.008073,-0.0471,0.0145,3.1328,0.0159,0.5305,-109.6
nba,total,ev,0.02_to_0.0299,16,9,7,0,16,0.5625,1.1987,0.0749,0.008657,0.0803,0.0245,3.6604,0.0269,0.537,-110.2
nba,total,ev,0.03_to_0.0399,28,19,9,0,28,0.6786,8.2933,0.2962,0.077181,0.2957,0.034,4.1524,0.0373,0.5406,-109.6
nba,total,ev,0.04_to_0.0499,40,22,17,1,40,0.5641,2.882,0.0721,0.041806,0.082,0.0461,4.8031,0.051,0.549,-110.4
nba,total,ev,0.05_to_0.0749,59,34,24,1,59,0.5862,6.8046,0.1153,0.118443,0.1155,0.0631,5.687,0.0695,0.5574,-110.2
nba,total,ev,0.075_to_0.0999,37,19,17,1,37,0.5278,0.316,0.0085,0.018181,0.0203,0.0883,6.988,0.0967,0.569,-109.6
nba,total,ev,0.10_plus,43,30,13,0,43,0.6977,14.393,0.3347,0.522503,0.3547,0.1253,8.9164,0.137,0.5879,-109.4
