league,market_type,bucket_dimension,bucket,bets,wins,losses,pushes,total,win_pct,units_flat,roi_flat,units_kelly,roi_kelly,avg_ev,avg_edge_vs_market_pp,avg_kelly_pct,avg_model_prob,avg_odds_american
nba,total,total_range,210_to_214.9,7,1,6,0,7,0.1429,-5.0909,-0.7273,-0.065726,-0.7153,0.0477,4.871,0.0525,0.5487,-110.0
nba,total,total_range,215_to_219.9,19,12,7,0,19,0.6316,4.0125,0.2112,0.011105,0.0395,0.054,5.1911,0.0592,0.5505,-109.4
nba,total,total_range,220_to_224.9,36,25,11,0,36,0.6944,11.7052,0.3251,0.086676,0.187,0.0468,4.8263,0.0515,0.5481,-109.9
nba,total,total_range,225_to_229.9,33,18,15,0,33,0.5455,1.3674,0.0414,0.036706,0.0826,0.0492,4.9428,0.0539,0.5485,-109.5
nba,total,total_range,230_to_234.9,119,66,51,2,119,0.5641,9.0268,0.0759,0.195174,0.0989,0.0604,5.5365,0.0663,0.5549,-109.8
nba,total,total_range,235_to_239.9,91,55,34,2,91,0.618,15.9085,0.1748,0.355749,0.2033,0.0699,6.0414,0.0769,0.5606,-110.1
nba,total,total_range,240_to_244.9,32,21,11,0,32,0.6562,8.1685,0.2553,0.151801,0.2709,0.0639,5.7156,0.07,0.5562,-109.5
nba,total,total_range,245_to_249.9,4,2,2,0,4,0.5,-0.1818,-0.0455,-0.009143,-0.0967,0.0853,6.8663,0.0945,0.57,-110.5
nba,total,total_range,250_to_254.9,1,1,0,0,1,1.0,0.9524,0.9524,0.039423,0.9524,0.1577,10.3799,0.1656,0.593,-105.0
