league,market_type,bucket_dimension,bucket,bets,wins,losses,pushes,total,win_pct,units_flat,roi_flat,units_kelly,roi_kelly,avg_ev,avg_edge_vs_market_pp,avg_kelly_pct,avg_model_prob,avg_odds_american
nba,total,dow,FRI,97,54,43,0,97,0.5567,6.0557,0.0624,0.061618,0.04,0.0582,5.4217,0.0639,0.5541,-109.9
nba,total,dow,MON,79,45,34,0,79,0.5696,6.8783,0.0871,0.311977,0.2688,0.0535,5.1765,0.0588,0.5518,-110.0
nba,total,dow,SAT,67,37,30,0,67,0.5522,3.7971,0.0567,-0.151551,-0.1355,0.0625,5.6396,0.0685,0.5555,-109.6
nba,total,dow,SUN,82,34,47,1,82,0.4198,-16.1773,-0.1973,-0.30286,-0.2242,0.0619,5.6111,0.0679,0.5559,-109.9
nba,total,dow,THU,72,37,33,2,72,0.5286,0.7404,0.0103,0.170308,0.141,0.0622,5.6228,0.0681,0.5552,-109.5
nba,total,dow,TUE,66,38,25,3,66,0.6032,9.5521,0.1447,0.200761,0.2425,0.0456,4.764,0.0502,0.5477,-110.0
nba,total,dow,WED,99,59,39,1,99,0.602,14.7046,0.1485,0.259013,0.1746,0.0547,5.2399,0.0602,0.5521,-109.8
