league,market_type,side_group,bucket_dimension,bucket,bets,wins,losses,pushes,total,win_pct,units_flat,roi_flat,units_kelly,roi_kelly,avg_ev,avg_edge_vs_market_pp,avg_kelly_pct,avg_model_prob,avg_odds_american
nba,total,UNDER,ev,0.00_to_0.0099,29,20,9,0,29,0.6897,9.3021,0.3208,0.008687,0.2581,0.0042,2.591,0.0046,0.5249,-109.5
nba,total,UNDER,ev,0.01_to_0.0199,48,23,23,2,48,0.5,-2.1092,-0.0439,-0.00637,-0.0332,0.0146,3.1358,0.016,0.531,-109.9
nba,total,UNDER,ev,0.02_to_0.0299,17,9,8,0,17,0.5294,0.1987,0.0117,0.001629,0.0142,0.0245,3.6649,0.027,0.5376,-110.5
nba,total,UNDER,ev,0.03_to_0.0399,30,19,11,0,30,0.6333,6.2933,0.2098,0.057286,0.2039,0.0341,4.1596,0.0375,0.5411,-109.7
nba,total,UNDER,ev,0.04_to_0.0499,43,25,17,1,43,0.5952,5.6034,0.1303,0.075311,0.1378,0.0461,4.7969,0.0508,0.5488,-110.4
nba,total,UNDER,ev,0.05_to_0.0749,62,35,26,1,62,0.5738,5.7137,0.0922,0.095722,0.0887,0.0632,5.6898,0.0696,0.5574,-110.2
nba,total,UNDER,ev,0.075_to_0.0999,42,21,20,1,42,0.5122,-0.8225,-0.0196,-0.015565,-0.0154,0.0877,6.9541,0.0961,0.5687,-109.6
nba,total,UNDER,ev,0.10_plus,46,32,14,0,46,0.6957,15.2118,0.3307,0.553126,0.352,0.1248,8.8944,0.1366,0.5879,-109.5
