league,market_type,bucket_dimension,bucket,bets,wins,losses,pushes,total,win_pct,units_flat,roi_flat,units_kelly,roi_kelly,avg_ev,avg_edge_vs_market_pp,avg_kelly_pct,avg_model_prob,avg_odds_american
nba,total,month,APR,49,30,19,0,49,0.6122,8.5325,0.1741,0.063879,0.0935,0.051,5.0186,0.0558,0.5487,-109.3
nba,total,month,DEC,117,55,61,1,117,0.4741,-10.8891,-0.0931,-0.217718,-0.1137,0.0609,5.5597,0.0668,0.555,-109.7
nba,total,month,FEB,91,50,40,1,91,0.5556,5.3035,0.0583,0.14317,0.1083,0.0534,5.1824,0.0589,0.5524,-110.3
nba,total,month,JAN,95,51,41,3,95,0.5543,5.3241,0.056,0.204656,0.1391,0.0572,5.373,0.0629,0.5534,-109.8
nba,total,month,MAR,76,41,35,0,76,0.5395,2.1858,0.0288,0.12519,0.1636,0.0366,4.2866,0.0403,0.5425,-109.8
nba,total,month,MAY,1,0,1,0,1,0.0,-1.0,-1.0,-0.003563,-1.0,0.0133,3.0238,0.0143,0.525,-108.0
nba,total,month,NOV,98,61,36,1,98,0.6289,19.5449,0.1994,0.306051,0.1612,0.0714,6.112,0.0783,0.5609,-109.9
nba,total,month,OCT,35,16,18,1,35,0.4706,-3.4508,-0.0986,-0.0724,-0.1145,0.0663,5.8466,0.0729,0.5582,-109.9
