league,market_type,bucket_dimension,bucket,bets,wins,losses,pushes,total,win_pct,units_flat,roi_flat,units_kelly,roi_kelly,avg_ev,avg_edge_vs_market_pp,avg_kelly_pct,avg_model_prob,avg_odds_american
nba,total,total_range,205_to_209.9,1,0,1,0,1,0.0,-1.0,-1.0,-0.007301,-1.0,0.0266,3.7474,0.0292,0.5375,-110.0
nba,total,total_range,210_to_214.9,4,2,2,0,4,0.5,-0.1981,-0.0495,-0.022179,-0.5793,0.0348,4.1858,0.0383,0.5432,-110.5
nba,total,total_range,215_to_219.9,9,6,3,0,9,0.6667,2.558,0.2842,0.014034,0.1347,0.0423,4.5645,0.0463,0.5416,-108.1
nba,total,total_range,220_to_224.9,24,18,6,0,24,0.75,10.3409,0.4309,0.096105,0.3626,0.0401,4.4787,0.0442,0.545,-110.1
nba,total,total_range,230_to_234.9,109,59,47,3,109,0.5566,6.6295,0.0608,0.180115,0.1079,0.0558,5.2957,0.0613,0.5526,-109.9
nba,total,total_range,235_to_239.9,104,61,41,2,104,0.598,14.3961,0.1384,0.317684,0.1855,0.06,5.5168,0.0659,0.5552,-110.0
nba,total,total_range,240_to_244.9,36,22,14,0,36,0.6111,6.0343,0.1676,0.151083,0.266,0.0576,5.3875,0.0631,0.553,-109.6
nba,total,total_range,245_to_249.9,4,2,2,0,4,0.5,-0.1818,-0.0455,0.018716,0.2808,0.0606,5.5546,0.0666,0.5555,-110.0
nba,total,total_range,250_to_254.9,1,1,0,0,1,1.0,0.9524,0.9524,0.039423,0.9524,0.1577,10.3799,0.1656,0.593,-105.0
