league,market_type,side_group,bucket_dimension,bucket,bets,wins,losses,pushes,total,win_pct,units_flat,roi_flat,units_kelly,roi_kelly,avg_ev,avg_edge_vs_market_pp,avg_kelly_pct,avg_model_prob,avg_odds_american
nba,total,OVER,ev,0.03_to_0.0399,34,20,14,0,34,0.5882,4.1824,0.123,0.031239,0.1004,0.0334,4.1195,0.0366,0.5406,-109.7
nba,total,OVER,ev,0.04_to_0.0499,19,10,8,1,19,0.5556,1.1077,0.0583,0.008321,0.0345,0.0464,4.7977,0.0508,0.5469,-109.5
nba,total,OVER,ev,0.05_to_0.0749,36,19,17,0,36,0.5278,0.2765,0.0077,0.000253,0.0004,0.0623,5.6322,0.0683,0.5556,-109.6
nba,total,UNDER,ev,0.00_to_0.0099,29,20,9,0,29,0.6897,9.3021,0.3208,0.008687,0.2581,0.0042,2.591,0.0046,0.5249,-109.5
nba,total,UNDER,ev,0.03_to_0.0399,30,19,11,0,30,0.6333,6.2933,0.2098,0.057286,0.2039,0.0341,4.1596,0.0375,0.5411,-109.7
nba,total,UNDER,ev,0.04_to_0.0499,44,25,18,1,44,0.5814,4.6034,0.1046,0.062696,0.1121,0.0461,4.7966,0.0508,0.5488,-110.4
nba,total,UNDER,ev,0.05_to_0.0749,62,35,26,1,62,0.5738,5.7137,0.0922,0.095722,0.0887,0.0632,5.6898,0.0696,0.5574,-110.2
nba,total,UNDER,ev,0.075_to_0.0999,42,21,20,1,42,0.5122,-0.8225,-0.0196,-0.015565,-0.0154,0.0877,6.9541,0.0961,0.5687,-109.6
nba,total,UNDER,ev,0.10_plus,46,32,14,0,46,0.6957,15.2118,0.3307,0.553126,0.352,0.1248,8.8944,0.1366,0.5879,-109.5
