league,market_type,bucket_dimension,bucket,bets,wins,losses,pushes,total,win_pct,units_flat,roi_flat,units_kelly,roi_kelly,avg_ev,avg_edge_vs_market_pp,avg_kelly_pct,avg_model_prob,avg_odds_american
nba,total,total_range,205_to_209.9,1,0,1,0,1,0.0,-1.0,-1.0,-0.007301,-1.0,0.0266,3.7474,0.0292,0.5375,-110.0
nba,total,total_range,210_to_214.9,5,2,3,0,5,0.4,-1.1981,-0.2396,-0.024028,-0.5987,0.0292,3.8903,0.0321,0.54,-110.4
nba,total,total_range,215_to_219.9,15,10,5,0,15,0.6667,4.2544,0.2836,0.0244,0.1267,0.0471,4.8109,0.0514,0.5446,-108.4
nba,total,total_range,220_to_224.9,28,22,6,0,28,0.7857,13.9546,0.4984,0.131738,0.4331,0.0395,4.444,0.0435,0.5448,-110.2
nba,total,total_range,230_to_234.9,113,61,49,3,113,0.5545,6.4645,0.0572,0.162527,0.0926,0.0566,5.3368,0.0621,0.553,-109.8
nba,total,total_range,235_to_239.9,109,63,44,2,109,0.5888,13.1585,0.1207,0.32777,0.1826,0.0599,5.5145,0.0659,0.5555,-110.2
nba,total,total_range,240_to_244.9,39,23,16,0,39,0.5897,4.9867,0.1279,0.132053,0.2243,0.0551,5.2558,0.0604,0.5518,-109.6
nba,total,total_range,245_to_249.9,6,2,4,0,6,0.3333,-2.1818,-0.3636,-0.016755,-0.1641,0.0614,5.6174,0.0681,0.5588,-111.2
nba,total,total_range,250_to_254.9,1,1,0,0,1,1.0,0.9524,0.9524,0.039423,0.9524,0.1577,10.3799,0.1656,0.593,-105.0
