league,market_type,bucket_dimension,bucket,bets,wins,losses,pushes,total,win_pct,units_flat,roi_flat,units_kelly,roi_kelly,avg_ev,avg_edge_vs_market_pp,avg_kelly_pct,avg_model_prob,avg_odds_american
nba,total,month,APR,35,22,13,0,35,0.6286,7.2255,0.2064,0.081839,0.1385,0.0618,5.5812,0.0675,0.5543,-109.3
nba,total,month,DEC,72,38,33,1,72,0.5352,1.6093,0.0224,0.07846,0.0666,0.0597,5.496,0.0654,0.5544,-109.8
nba,total,month,FEB,46,24,22,0,46,0.5217,-0.2771,-0.006,-0.055066,-0.0832,0.0522,5.1206,0.0576,0.5519,-110.3
nba,total,month,JAN,51,38,12,1,51,0.76,22.5059,0.4413,0.424695,0.5182,0.0585,5.4403,0.0643,0.5542,-109.9
nba,total,month,MAR,42,24,18,0,42,0.5714,3.8048,0.0906,0.071822,0.1276,0.0489,4.9261,0.0536,0.5485,-109.6
nba,total,month,NOV,72,45,26,1,72,0.6338,14.9091,0.2071,0.274395,0.1962,0.0706,6.0811,0.0777,0.5608,-110.0
nba,total,month,OCT,24,10,13,1,24,0.4348,-3.9091,-0.1629,-0.074379,-0.1524,0.0744,6.256,0.0813,0.5612,-109.4
