league,market_type,bucket_dimension,bucket,bets,wins,losses,pushes,total,win_pct,units_flat,roi_flat,units_kelly,roi_kelly,avg_ev,avg_edge_vs_market_pp,avg_kelly_pct,avg_model_prob,avg_odds_american
nba,total,dow,FRI,111,62,49,0,111,0.5586,7.3052,0.0658,0.054027,0.0231,0.0821,6.6784,0.0903,0.5669,-110.1
nba,total,dow,MON,102,58,44,0,102,0.5686,8.6802,0.0851,0.299954,0.1469,0.0801,6.5735,0.0881,0.5658,-110.0
nba,total,dow,SAT,92,50,41,1,92,0.5495,4.6131,0.0501,-0.044577,-0.0211,0.0915,7.1695,0.1007,0.5714,-109.9
nba,total,dow,SUN,102,48,53,1,102,0.4752,-9.3997,-0.0922,-0.107053,-0.0495,0.0878,6.9669,0.0963,0.5691,-109.8
nba,total,dow,THU,84,44,38,2,84,0.5366,2.1209,0.0252,0.091743,0.0565,0.0804,6.5781,0.0882,0.5647,-109.5
nba,total,dow,TUE,84,47,34,3,84,0.5802,8.7772,0.1045,0.262529,0.1943,0.0664,5.8515,0.073,0.5585,-110.0
nba,total,dow,WED,118,66,50,2,118,0.569,10.0683,0.0853,-0.027515,-0.0131,0.0705,6.0674,0.0775,0.5604,-109.9
