league,market_type,side_group,bucket_dimension,bucket,bets,wins,losses,pushes,total,win_pct,units_flat,roi_flat,units_kelly,roi_kelly,avg_ev,avg_edge_vs_market_pp,avg_kelly_pct,avg_model_prob,avg_odds_american
nba,total,OVER,win_prob,0.50_to_0.60,214,106,106,2,214,0.5,-9.572,-0.0447,-0.083572,-0.0296,0.0481,4.891,0.0528,0.5483,-109.7
nba,total,OVER,win_prob,0.60_to_0.70,18,8,10,0,18,0.4444,-2.7235,-0.1513,-0.149524,-0.1742,0.194,12.5442,0.2136,0.626,-110.3
nba,total,UNDER,win_prob,0.50_to_0.60,361,207,149,5,361,0.5815,39.4037,0.1092,0.691544,0.1286,0.0542,5.2147,0.0596,0.5519,-109.9
nba,total,UNDER,win_prob,0.60_to_0.70,88,44,42,2,88,0.5116,-2.0514,-0.0233,-0.12084,-0.0289,0.1981,12.7594,0.2181,0.6281,-110.2
nba,total,UNDER,win_prob,0.70_to_0.80,8,6,2,0,8,0.75,3.4551,0.4319,0.172757,0.4319,0.4112,23.8427,0.4497,0.7371,-109.4
nba,total,UNDER,win_prob,0.80_to_0.90,2,1,1,0,2,0.5,-0.0909,-0.0455,-0.004545,-0.0455,0.6095,34.307,0.6704,0.8431,-110.0
