league,market_type,side_group,bucket_dimension,bucket,bets,wins,losses,pushes,total,win_pct,units_flat,roi_flat,units_kelly,roi_kelly,avg_ev,avg_edge_vs_market_pp,avg_kelly_pct,avg_model_prob,avg_odds_american
nba,total,OVER,kelly,0.0_to_2.5pct,74,36,38,0,74,0.4865,-5.2402,-0.0708,-0.014209,-0.0577,0.0121,3.0064,0.0133,0.5295,-109.8
nba,total,OVER,kelly,10_to_20pct,41,22,19,0,41,0.5366,0.968,0.0236,0.067815,0.0511,0.1179,8.5425,0.1294,0.5849,-109.8
nba,total,OVER,kelly,2.5_to_5pct,48,25,21,2,48,0.5435,1.7447,0.0363,0.026398,0.0603,0.0333,4.1141,0.0365,0.5405,-109.7
nba,total,OVER,kelly,20pct_plus,13,5,8,0,13,0.3846,-3.4113,-0.2624,-0.170563,-0.2624,0.2107,13.4106,0.2317,0.6341,-110.0
nba,total,OVER,kelly,5_to_10pct,66,32,34,0,66,0.4848,-4.9016,-0.0743,-0.106763,-0.0904,0.0651,5.7845,0.0715,0.5574,-109.8
nba,total,UNDER,kelly,0.0_to_2.5pct,84,46,36,2,84,0.561,5.9201,0.0705,-0.002671,-0.0101,0.0115,2.9747,0.0126,0.5293,-109.8
nba,total,UNDER,kelly,10_to_20pct,59,40,19,0,59,0.678,17.4845,0.2963,0.614806,0.3211,0.1185,8.5683,0.1298,0.5849,-109.6
nba,total,UNDER,kelly,2.5_to_5pct,53,29,24,0,53,0.5472,2.4347,0.0459,0.014564,0.0295,0.0339,4.1486,0.0372,0.5413,-109.9
nba,total,UNDER,kelly,5_to_10pct,124,69,52,3,124,0.5702,10.5519,0.0851,0.119889,0.0551,0.0638,5.7198,0.0702,0.5575,-110.1
