league,market_type,bucket_dimension,bucket,bets,wins,losses,pushes,total,win_pct,units_flat,roi_flat,units_kelly,roi_kelly,avg_ev,avg_edge_vs_market_pp,avg_kelly_pct,avg_model_prob,avg_odds_american
nba,total,kelly,0.0_to_2.5pct,158,82,74,2,158,0.5256,0.6799,0.0043,-0.016881,-0.033,0.0118,2.9895,0.013,0.5294,-109.8
nba,total,kelly,10_to_20pct,100,62,38,0,100,0.62,18.4525,0.1845,0.682621,0.2106,0.1183,8.5577,0.1297,0.5849,-109.7
nba,total,kelly,2.5_to_5pct,101,54,45,2,101,0.5455,4.1794,0.0414,0.040962,0.044,0.0336,4.1322,0.0369,0.5409,-109.8
nba,total,kelly,20pct_plus,13,5,8,0,13,0.3846,-3.4113,-0.2624,-0.170563,-0.2624,0.2107,13.4106,0.2317,0.6341,-110.0
nba,total,kelly,5_to_10pct,190,101,86,3,190,0.5401,5.6503,0.0297,0.013126,0.0039,0.0643,5.7423,0.0707,0.5575,-110.0
