league,market_type,side_group,bucket_dimension,bucket,bets,wins,losses,pushes,total,win_pct,units_flat,roi_flat,units_kelly,roi_kelly,avg_ev,avg_edge_vs_market_pp,avg_kelly_pct,avg_model_prob,avg_odds_american
nba,total,OVER,kelly,2.5_to_5pct,40,24,15,1,40,0.6154,6.8356,0.1709,0.062853,0.1652,0.0347,4.1884,0.038,0.5411,-109.7
nba,total,OVER,kelly,5_to_10pct,49,25,24,0,49,0.5102,-1.269,-0.0259,-0.023039,-0.0293,0.0586,5.4376,0.0642,0.5536,-109.6
nba,total,UNDER,kelly,0.0_to_2.5pct,29,20,9,0,29,0.6897,9.3021,0.3208,0.008687,0.2581,0.0042,2.591,0.0046,0.5249,-109.5
nba,total,UNDER,kelly,10_to_20pct,59,40,19,0,59,0.678,17.4845,0.2963,0.614806,0.3211,0.1185,8.5683,0.1298,0.5849,-109.6
nba,total,UNDER,kelly,2.5_to_5pct,41,23,18,0,41,0.561,2.9634,0.0723,0.01857,0.0456,0.0362,4.2691,0.0398,0.5422,-109.8
nba,total,UNDER,kelly,5_to_10pct,124,69,52,3,124,0.5702,10.5519,0.0851,0.119889,0.0551,0.0638,5.7198,0.0702,0.5575,-110.1
