league,market_type,side_group,bucket_dimension,bucket,bets,wins,losses,pushes,total,win_pct,units_flat,roi_flat,units_kelly,roi_kelly,avg_ev,avg_edge_vs_market_pp,avg_kelly_pct,avg_model_prob,avg_odds_american
nba,total,UNDER,month,APR,20,14,6,0,20,0.7,6.8487,0.3424,0.074917,0.3146,0.0438,4.6333,0.0476,0.5442,-109.0
nba,total,UNDER,month,DEC,70,35,35,0,70,0.5,-3.1179,-0.0445,0.041501,0.0411,0.0527,5.1291,0.0577,0.5506,-109.7
nba,total,UNDER,month,FEB,31,15,16,0,31,0.4839,-2.4194,-0.078,-0.043601,-0.1212,0.0421,4.5905,0.0464,0.5465,-110.3
nba,total,UNDER,month,JAN,50,36,11,3,50,0.766,21.6877,0.4338,0.41592,0.5971,0.0507,5.0338,0.0557,0.5503,-110.0
nba,total,UNDER,month,MAR,31,19,12,0,31,0.6129,5.2989,0.1709,0.095122,0.2196,0.051,5.0337,0.0559,0.5495,-109.6
nba,total,UNDER,month,NOV,69,44,24,1,69,0.6471,16.0,0.2319,0.291284,0.2217,0.0693,6.0084,0.0762,0.5601,-110.0
nba,total,UNDER,month,OCT,21,8,12,1,21,0.4,-4.7668,-0.227,-0.087462,-0.2076,0.0732,6.2031,0.0802,0.562,-110.0
