league,market_type,bucket_dimension,bucket,bets,wins,losses,pushes,total,win_pct,units_flat,roi_flat,units_kelly,roi_kelly,avg_ev,avg_edge_vs_market_pp,avg_kelly_pct,avg_model_prob,avg_odds_american
nba,total,month,APR,38,24,14,0,38,0.6316,8.0172,0.211,0.073777,0.136,0.0522,5.0817,0.0571,0.5494,-109.4
nba,total,month,DEC,70,35,35,0,70,0.5,-3.1179,-0.0445,0.041501,0.0411,0.0527,5.1291,0.0577,0.5506,-109.7
nba,total,month,FEB,32,15,17,0,32,0.4688,-3.4194,-0.1069,-0.056216,-0.1509,0.0422,4.5965,0.0466,0.5466,-110.3
nba,total,month,JAN,50,36,11,3,50,0.766,21.6877,0.4338,0.41592,0.5971,0.0507,5.0338,0.0557,0.5503,-110.0
nba,total,month,MAR,39,22,17,0,39,0.5641,2.9904,0.0767,0.071348,0.1459,0.0456,4.7627,0.0502,0.5482,-110.2
nba,total,month,NOV,69,44,24,1,69,0.6471,16.0,0.2319,0.291284,0.2217,0.0693,6.0084,0.0762,0.5601,-110.0
nba,total,month,OCT,21,8,12,1,21,0.4,-4.7668,-0.227,-0.087462,-0.2076,0.0732,6.2031,0.0802,0.562,-110.0
