league,market_type,bucket_dimension,bucket,bets,wins,losses,pushes,total,win_pct,units_flat,roi_flat,units_kelly,roi_kelly,avg_ev,avg_edge_vs_market_pp,avg_kelly_pct,avg_model_prob,avg_odds_american
nba,total,kelly,0.0_to_2.5pct,173,93,78,2,173,0.5439,6.8132,0.0394,0.012439,0.0222,0.0118,2.9909,0.013,0.5292,-109.7
nba,total,kelly,10_to_20pct,142,85,56,1,142,0.6028,21.2928,0.1499,0.80045,0.1584,0.1296,9.1588,0.1424,0.5913,-109.9
nba,total,kelly,2.5_to_5pct,105,58,45,2,105,0.5631,7.8158,0.0744,0.057648,0.0599,0.0334,4.1227,0.0366,0.5407,-109.8
nba,total,kelly,20pct_plus,72,34,37,1,72,0.4789,-6.0264,-0.0837,-0.301321,-0.0837,0.2559,15.7711,0.2811,0.6577,-110.0
nba,total,kelly,5_to_10pct,201,105,93,3,201,0.5303,2.2699,0.0113,-0.040108,-0.0113,0.0644,5.7496,0.0708,0.5576,-110.0
