league,market_type,bucket_dimension,bucket,bets,wins,losses,pushes,total,win_pct,units_flat,roi_flat,units_kelly,roi_kelly,avg_ev,avg_edge_vs_market_pp,avg_kelly_pct,avg_model_prob,avg_odds_american
nba,total,total_range,215_to_219.9,3,2,1,0,3,0.6667,0.8182,0.2727,0.006122,0.0976,0.0761,6.3651,0.0837,0.5637,-110.0
nba,total,total_range,220_to_224.9,20,15,5,0,20,0.75,8.5968,0.4298,0.110929,0.4736,0.0425,4.61,0.0468,0.5466,-110.2
nba,total,total_range,230_to_234.9,103,54,46,3,103,0.54,3.0395,0.0295,0.101052,0.0652,0.0547,5.2418,0.0601,0.5522,-109.9
nba,total,total_range,235_to_239.9,100,57,41,2,100,0.5816,10.7824,0.1078,0.270526,0.1629,0.0605,5.5434,0.0664,0.5554,-110.0
nba,total,total_range,240_to_244.9,35,22,13,0,35,0.6286,7.0343,0.201,0.175413,0.3227,0.0566,5.3394,0.0621,0.5528,-109.7
nba,total,total_range,245_to_249.9,4,2,2,0,4,0.5,-0.1818,-0.0455,0.018716,0.2808,0.0606,5.5546,0.0666,0.5555,-110.0
nba,total,total_range,250_to_254.9,1,1,0,0,1,1.0,0.9524,0.9524,0.039423,0.9524,0.1577,10.3799,0.1656,0.593,-105.0
