league,market_type,bucket_dimension,bucket,bets,wins,losses,pushes,total,win_pct,units_flat,roi_flat,units_kelly,roi_kelly,avg_ev,avg_edge_vs_market_pp,avg_kelly_pct,avg_model_prob,avg_odds_american
nba,total,month,APR,34,22,12,0,34,0.6471,8.1926,0.241,0.07409,0.1315,0.0706,6.0284,0.0767,0.5583,-109.1
nba,total,month,DEC,137,67,69,1,137,0.4926,-8.0195,-0.0585,-0.132787,-0.0516,0.0708,6.0817,0.0778,0.5605,-109.8
nba,total,month,FEB,102,53,48,1,102,0.5248,0.0308,0.0003,0.017321,0.0113,0.0571,5.3786,0.063,0.5543,-110.3
nba,total,month,JAN,124,69,50,5,124,0.5798,12.7743,0.103,0.288316,0.1318,0.0671,5.8837,0.0735,0.5584,-109.8
nba,total,month,MAR,87,50,37,0,87,0.5747,8.5356,0.0981,0.163546,0.1304,0.0584,5.4301,0.0644,0.5533,-109.5
nba,total,month,NOV,146,87,58,1,146,0.6,21.1813,0.1451,0.405963,0.1054,0.1053,7.8921,0.1157,0.5788,-109.9
nba,total,month,OCT,63,27,35,1,63,0.4355,-10.5298,-0.1671,-0.28734,-0.1618,0.1367,9.5403,0.1505,0.5959,-110.2
