league,market_type,bucket_dimension,bucket,bets,wins,losses,pushes,total,win_pct,units_flat,roi_flat,units_kelly,roi_kelly,avg_ev,avg_edge_vs_market_pp,avg_kelly_pct,avg_model_prob,avg_odds_american
nba,total,ev,0.00_to_0.0099,57,35,22,0,57,0.614,9.9893,0.1753,0.01202,0.1684,0.0046,2.6048,0.005,0.5246,-109.3
nba,total,ev,0.01_to_0.0199,82,36,44,2,82,0.45,-11.3695,-0.1387,-0.040646,-0.1247,0.0144,3.1333,0.0159,0.5314,-110.1
nba,total,ev,0.02_to_0.0299,39,18,20,1,39,0.4737,-3.5594,-0.0913,-0.028716,-0.1115,0.024,3.634,0.0264,0.5365,-110.1
nba,total,ev,0.03_to_0.0399,64,39,25,0,64,0.6094,10.4757,0.1637,0.088525,0.1495,0.0337,4.1383,0.037,0.5408,-109.7
nba,total,ev,0.04_to_0.0499,63,35,26,2,63,0.5738,5.7112,0.0907,0.071017,0.0887,0.0462,4.7969,0.0508,0.5482,-110.1
nba,total,ev,0.05_to_0.0749,98,54,43,1,98,0.5567,5.9902,0.0611,0.095975,0.0567,0.0628,5.6686,0.0691,0.5567,-110.0
nba,total,ev,0.075_to_0.0999,68,34,33,1,68,0.5075,-2.0796,-0.0306,-0.034502,-0.021,0.0877,6.9679,0.0964,0.5696,-110.0
nba,total,ev,0.10_plus,91,53,38,0,91,0.5824,10.393,0.1142,0.385591,0.1165,0.137,9.5308,0.15,0.5943,-109.5
