league,market_type,bucket_dimension,bucket,bets,wins,losses,pushes,total,win_pct,units_flat,roi_flat,units_kelly,roi_kelly,avg_ev,avg_edge_vs_market_pp,avg_kelly_pct,avg_model_prob,avg_odds_american
nba,total,ev,0.00_to_0.0099,29,20,9,0,29,0.6897,9.3021,0.3208,0.008687,0.2581,0.0042,2.591,0.0046,0.5249,-109.5
nba,total,ev,0.03_to_0.0399,64,39,25,0,64,0.6094,10.4757,0.1637,0.088525,0.1495,0.0337,4.1383,0.037,0.5408,-109.7
nba,total,ev,0.04_to_0.0499,63,35,26,2,63,0.5738,5.7112,0.0907,0.071017,0.0887,0.0462,4.7969,0.0508,0.5482,-110.1
nba,total,ev,0.05_to_0.0749,98,54,43,1,98,0.5567,5.9902,0.0611,0.095975,0.0567,0.0628,5.6686,0.0691,0.5567,-110.0
nba,total,ev,0.075_to_0.0999,42,21,20,1,42,0.5122,-0.8225,-0.0196,-0.015565,-0.0154,0.0877,6.9541,0.0961,0.5687,-109.6
nba,total,ev,0.10_plus,46,32,14,0,46,0.6957,15.2118,0.3307,0.553126,0.352,0.1248,8.8944,0.1366,0.5879,-109.5
