league,market_type,side_group,bucket_dimension,bucket,bets,wins,losses,pushes,total,win_pct,units_flat,roi_flat,units_kelly,roi_kelly,avg_ev,avg_edge_vs_market_pp,avg_kelly_pct,avg_model_prob,avg_odds_american
nba,total,UNDER,ev,0.00_to_0.0099,22,14,8,0,22,0.6364,4.7441,0.2156,0.004457,0.1767,0.0042,2.5955,0.0046,0.5258,-109.9
nba,total,UNDER,ev,0.01_to_0.0199,36,14,20,2,36,0.4118,-7.3123,-0.2031,-0.028789,-0.2053,0.0142,3.1195,0.0156,0.5309,-109.9
nba,total,UNDER,ev,0.02_to_0.0299,14,8,6,0,14,0.5714,1.2727,0.0909,0.009661,0.1032,0.0243,3.6551,0.0268,0.5373,-110.4
nba,total,UNDER,ev,0.03_to_0.0399,27,18,9,0,27,0.6667,7.4238,0.275,0.067206,0.2693,0.0338,4.1372,0.037,0.54,-109.4
nba,total,UNDER,ev,0.04_to_0.0499,37,20,16,1,37,0.5556,2.0801,0.0562,0.030054,0.0637,0.0462,4.8076,0.051,0.549,-110.4
nba,total,UNDER,ev,0.05_to_0.0749,55,33,21,1,55,0.6111,8.9118,0.162,0.151561,0.1574,0.0636,5.7133,0.0701,0.5576,-110.2
nba,total,UNDER,ev,0.075_to_0.0999,35,19,15,1,35,0.5588,2.316,0.0662,0.064995,0.0766,0.0883,6.9956,0.0969,0.5693,-109.7
nba,total,UNDER,ev,0.10_plus,40,27,13,0,40,0.675,11.6056,0.2901,0.423035,0.3096,0.1247,8.8944,0.1366,0.588,-109.6
