league,market_type,bucket_dimension,bucket,bets,wins,losses,pushes,total,win_pct,units_flat,roi_flat,units_kelly,roi_kelly,avg_ev,avg_edge_vs_market_pp,avg_kelly_pct,avg_model_prob,avg_odds_american
nba,total,dow,FRI,59,37,22,0,59,0.6271,11.6407,0.1973,0.176411,0.1709,0.0638,5.7108,0.07,0.5566,-109.8
nba,total,dow,MON,54,33,21,0,54,0.6111,9.0308,0.1672,0.268581,0.2816,0.0644,5.7451,0.0707,0.5573,-109.9
nba,total,dow,SAT,39,20,19,0,39,0.5128,-0.7911,-0.0203,-0.091123,-0.1465,0.0581,5.4146,0.0638,0.5535,-109.7
nba,total,dow,SUN,52,26,25,1,52,0.5098,-1.3916,-0.0268,-0.085465,-0.1002,0.0597,5.4971,0.0656,0.5545,-109.8
nba,total,dow,THU,44,24,20,0,44,0.5455,1.8789,0.0427,0.132383,0.1671,0.0658,5.8116,0.072,0.5573,-109.6
nba,total,dow,TUE,34,22,10,2,34,0.6875,9.9985,0.2941,0.123506,0.2374,0.0558,5.2934,0.0612,0.5531,-110.1
nba,total,dow,WED,60,39,20,1,60,0.661,15.5022,0.2584,0.277473,0.2994,0.0562,5.3176,0.0618,0.5529,-109.9
