league,market_type,bucket_dimension,bucket,bets,wins,losses,pushes,total,win_pct,units_flat,roi_flat,units_kelly,roi_kelly,avg_ev,avg_edge_vs_market_pp,avg_kelly_pct,avg_model_prob,avg_odds_american
nba,total,month,DEC,70,35,35,0,70,0.5,-3.1179,-0.0445,0.041501,0.0411,0.0527,5.1291,0.0577,0.5506,-109.7
nba,total,month,FEB,31,15,16,0,31,0.4839,-2.4194,-0.078,-0.043601,-0.1212,0.0421,4.5905,0.0464,0.5465,-110.3
nba,total,month,JAN,50,36,11,3,50,0.766,21.6877,0.4338,0.41592,0.5971,0.0507,5.0338,0.0557,0.5503,-110.0
nba,total,month,MAR,25,15,10,0,25,0.6,3.6582,0.1463,0.104539,0.2935,0.0519,5.0858,0.057,0.5503,-109.7
nba,total,month,NOV,69,44,24,1,69,0.6471,16.0,0.2319,0.291284,0.2217,0.0693,6.0084,0.0762,0.5601,-110.0
nba,total,month,OCT,21,8,12,1,21,0.4,-4.7668,-0.227,-0.087462,-0.2076,0.0732,6.2031,0.0802,0.562,-110.0
