league,market_type,bucket_dimension,bucket,bets,wins,losses,pushes,total,win_pct,units_flat,roi_flat,units_kelly,roi_kelly,avg_ev,avg_edge_vs_market_pp,avg_kelly_pct,avg_model_prob,avg_odds_american
nba,total,kelly,0.0_to_2.5pct,170,90,78,2,170,0.5357,4.0691,0.0239,0.000805,0.0015,0.0117,2.9879,0.0129,0.5292,-109.7
nba,total,kelly,10_to_20pct,142,85,56,1,142,0.6028,21.2928,0.1499,0.80045,0.1584,0.1296,9.1588,0.1424,0.5913,-109.9
nba,total,kelly,2.5_to_5pct,106,58,46,2,106,0.5577,6.8158,0.0643,0.045995,0.0472,0.0335,4.127,0.0367,0.5408,-109.8
nba,total,kelly,20pct_plus,72,34,37,1,72,0.4789,-6.0264,-0.0837,-0.301321,-0.0837,0.2559,15.7711,0.2811,0.6577,-110.0
nba,total,kelly,5_to_10pct,201,105,93,3,201,0.5303,2.2699,0.0113,-0.040108,-0.0113,0.0644,5.7496,0.0708,0.5576,-110.0
