league,market_type,side_group,bucket_dimension,bucket,bets,wins,losses,pushes,total,win_pct,units_flat,roi_flat,units_kelly,roi_kelly,avg_ev,avg_edge_vs_market_pp,avg_kelly_pct,avg_model_prob,avg_odds_american
nba,total,UNDER,dow,FRI,54,31,23,0,54,0.5741,5.1856,0.096,0.117209,0.1423,0.0556,5.2859,0.061,0.5527,-109.9
nba,total,UNDER,dow,MON,54,31,23,0,54,0.5741,5.17,0.0957,0.179517,0.212,0.0572,5.3658,0.0627,0.5535,-109.9
nba,total,UNDER,dow,SAT,34,18,16,0,34,0.5294,0.3907,0.0115,-0.08427,-0.1591,0.0567,5.3425,0.0623,0.553,-109.8
nba,total,UNDER,dow,SUN,32,18,13,1,32,0.5806,3.3578,0.1049,-0.008853,-0.0166,0.0608,5.5565,0.0667,0.5549,-109.7
nba,total,UNDER,dow,THU,37,21,15,1,37,0.5833,4.1516,0.1122,0.203705,0.3445,0.0585,5.4252,0.0639,0.553,-109.4
nba,total,UNDER,dow,TUE,32,18,12,2,32,0.6,4.3621,0.1363,0.071944,0.17,0.0482,4.8978,0.0529,0.5492,-110.1
nba,total,UNDER,dow,WED,49,34,14,1,49,0.7083,16.9135,0.3452,0.308428,0.4254,0.0537,5.1934,0.0592,0.5519,-110.0
