league,market_type,bucket_dimension,bucket,bets,wins,losses,pushes,total,win_pct,units_flat,roi_flat,units_kelly,roi_kelly,avg_ev,avg_edge_vs_market_pp,avg_kelly_pct,avg_model_prob,avg_odds_american
nba,total,ev,0.00_to_0.0099,63,38,25,0,63,0.6032,9.7165,0.1542,0.012501,0.1644,0.0044,2.5987,0.0048,0.5246,-109.4
nba,total,ev,0.01_to_0.0199,85,40,43,2,85,0.4819,-6.6167,-0.0778,-0.017418,-0.0514,0.0145,3.1359,0.0159,0.531,-109.9
nba,total,ev,0.02_to_0.0299,45,23,21,1,45,0.5227,-0.0302,-0.0007,-0.001811,-0.0061,0.024,3.6379,0.0265,0.5365,-110.1
nba,total,ev,0.03_to_0.0399,65,40,25,0,65,0.6154,11.4179,0.1757,0.094714,0.1577,0.0337,4.1376,0.037,0.5405,-109.6
nba,total,ev,0.04_to_0.0499,63,33,28,2,63,0.541,1.9421,0.0308,0.024966,0.0312,0.0462,4.7993,0.0509,0.5482,-110.1
nba,total,ev,0.05_to_0.0749,110,60,49,1,110,0.5505,5.4052,0.0491,0.095823,0.0504,0.0628,5.6702,0.0692,0.5569,-110.1
nba,total,ev,0.075_to_0.0999,68,34,33,1,68,0.5075,-2.1624,-0.0318,-0.02548,-0.0155,0.0879,6.9827,0.0968,0.5701,-110.1
nba,total,ev,0.10_plus,192,104,86,2,192,0.5474,8.7485,0.0456,0.322526,0.04,0.1809,11.8403,0.1986,0.618,-109.8
