snapshot_id,snapshot_fetched_at,game_id,commence_time,home_team,away_team,bookmaker,market_type,bet_side,line,odds_american,odds_decimal,last_update,home_moneyline_american,away_moneyline_american,home_spread,away_spread,home_spread_american,away_spread_american,total,over_american,under_american
2026_09_03_164525_884675,2026-09-03T16:45:25.884675+00:00,401872656,2026-09-10T00:20Z,Seattle Seahawks,New England Patriots,Draft Kings,h2h,home,,-175,1.57,2026-09-03T16:45:25.884675+00:00,-175,145,-3.5,3.5,-105,-115,44.5,-105,-115
2026_09_03_164525_884675,2026-09-03T16:45:25.884675+00:00,401872656,2026-09-10T00:20Z,Seattle Seahawks,New England Patriots,Draft Kings,h2h,away,,145,2.45,2026-09-03T16:45:25.884675+00:00,-175,145,-3.5,3.5,-105,-115,44.5,-105,-115
2026_09_03_164525_884675,2026-09-03T16:45:25.884675+00:00,401872656,2026-09-10T00:20Z,Seattle Seahawks,New England Patriots,Draft Kings,spreads,home,-3.5,-105,1.95,2026-09-03T16:45:25.884675+00:00,-175,145,-3.5,3.5,-105,-115,44.5,-105,-115
2026_09_03_164525_884675,2026-09-03T16:45:25.884675+00:00,401872656,2026-09-10T00:20Z,Seattle Seahawks,New England Patriots,Draft Kings,spreads,away,3.5,-115,1.86,2026-09-03T16:45:25.884675+00:00,-175,145,-3.5,3.5,-105,-115,44.5,-105,-115
2026_09_03_164525_884675,2026-09-03T16:45:25.884675+00:00,401872656,2026-09-10T00:20Z,Seattle Seahawks,New England Patriots,Draft Kings,totals,over,44.5,-105,1.95,2026-09-03T16:45:25.884675+00:00,-175,145,-3.5,3.5,-105,-115,44.5,-105,-115
2026_09_03_164525_884675,2026-09-03T16:45:25.884675+00:00,401872656,2026-09-10T00:20Z,Seattle Seahawks,New England Patriots,Draft Kings,totals,under,44.5,-115,1.86,2026-09-03T16:45:25.884675+00:00,-175,145,-3.5,3.5,-105,-115,44.5,-105,-115
2026_09_03_164525_884675,2026-09-03T16:45:25.884675+00:00,401872657,2026-09-11T00:35Z,Los Angeles Rams,San Francisco 49ers,Draft Kings,h2h,home,,-198,1.5,2026-09-03T16:45:25.884675+00:00,-198,164,-3.5,3.5,-112,-108,48.5,-105,-115
2026_09_03_164525_884675,2026-09-03T16:45:25.884675+00:00,401872657,2026-09-11T00:35Z,Los Angeles Rams,San Francisco 49ers,Draft Kings,h2h,away,,164,2.64,2026-09-03T16:45:25.884675+00:00,-198,164,-3.5,3.5,-112,-108,48.5,-105,-115
2026_09_03_164525_884675,2026-09-03T16:45:25.884675+00:00,401872657,2026-09-11T00:35Z,Los Angeles Rams,San Francisco 49ers,Draft Kings,spreads,home,-3.5,-112,1.89,2026-09-03T16:45:25.884675+00:00,-198,164,-3.5,3.5,-112,-108,48.5,-105,-115
2026_09_03_164525_884675,2026-09-03T16:45:25.884675+00:00,401872657,2026-09-11T00:35Z,Los Angeles Rams,San Francisco 49ers,Draft Kings,spreads,away,3.5,-108,1.92,2026-09-03T16:45:25.884675+00:00,-198,164,-3.5,3.5,-112,-108,48.5,-105,-115
2026_09_03_164525_884675,2026-09-03T16:45:25.884675+00:00,401872657,2026-09-11T00:35Z,Los Angeles Rams,San Francisco 49ers,Draft Kings,totals,over,48.5,-105,1.95,2026-09-03T16:45:25.884675+00:00,-198,164,-3.5,3.5,-112,-108,48.5,-105,-115
2026_09_03_164525_884675,2026-09-03T16:45:25.884675+00:00,401872657,2026-09-11T00:35Z,Los Angeles Rams,San Francisco 49ers,Draft Kings,totals,under,48.5,-115,1.86,2026-09-03T16:45:25.884675+00:00,-198,164,-3.5,3.5,-112,-108,48.5,-105,-115
2026_09_03_164525_884675,2026-09-03T16:45:25.884675+00:00,401872658,2026-09-13T17:00Z,Pittsburgh Steelers,Atlanta Falcons,Draft Kings,h2h,home,,-185,1.54,2026-09-03T16:45:25.884675+00:00,-185,154,-3.5,3.5,-102,-118,42.5,-105,-115
2026_09_03_164525_884675,2026-09-03T16:45:25.884675+00:00,401872658,2026-09-13T17:00Z,Pittsburgh Steelers,Atlanta Falcons,Draft Kings,h2h,away,,154,2.54,2026-09-03T16:45:25.884675+00:00,-185,154,-3.5,3.5,-102,-118,42.5,-105,-115
2026_09_03_164525_884675,2026-09-03T16:45:25.884675+00:00,401872658,2026-09-13T17:00Z,Pittsburgh Steelers,Atlanta Falcons,Draft Kings,spreads,home,-3.5,-102,1.98,2026-09-03T16:45:25.884675+00:00,-185,154,-3.5,3.5,-102,-118,42.5,-105,-115
2026_09_03_164525_884675,2026-09-03T16:45:25.884675+00:00,401872658,2026-09-13T17:00Z,Pittsburgh Steelers,Atlanta Falcons,Draft Kings,spreads,away,3.5,-118,1.84,2026-09-03T16:45:25.884675+00:00,-185,154,-3.5,3.5,-102,-118,42.5,-105,-115
2026_09_03_164525_884675,2026-09-03T16:45:25.884675+00:00,401872658,2026-09-13T17:00Z,Pittsburgh Steelers,Atlanta Falcons,Draft Kings,totals,over,42.5,-105,1.95,2026-09-03T16:45:25.884675+00:00,-185,154,-3.5,3.5,-102,-118,42.5,-105,-115
2026_09_03_164525_884675,2026-09-03T16:45:25.884675+00:00,401872658,2026-09-13T17:00Z,Pittsburgh Steelers,Atlanta Falcons,Draft Kings,totals,under,42.5,-115,1.86,2026-09-03T16:45:25.884675+00:00,-185,154,-3.5,3.5,-102,-118,42.5,-105,-115
2026_09_03_164525_884675,2026-09-03T16:45:25.884675+00:00,401872659,2026-09-13T17:00Z,Indianapolis Colts,Baltimore Ravens,Draft Kings,h2h,home,,145,2.45,2026-09-03T16:45:25.884675+00:00,145,-175,3.5,-3.5,-112,-108,48.5,-105,-115
2026_09_03_164525_884675,2026-09-03T16:45:25.884675+00:00,401872659,2026-09-13T17:00Z,Indianapolis Colts,Baltimore Ravens,Draft Kings,h2h,away,,-175,1.57,2026-09-03T16:45:25.884675+00:00,145,-175,3.5,-3.5,-112,-108,48.5,-105,-115
2026_09_03_164525_884675,2026-09-03T16:45:25.884675+00:00,401872659,2026-09-13T17:00Z,Indianapolis Colts,Baltimore Ravens,Draft Kings,spreads,home,3.5,-112,1.89,2026-09-03T16:45:25.884675+00:00,145,-175,3.5,-3.5,-112,-108,48.5,-105,-115
2026_09_03_164525_884675,2026-09-03T16:45:25.884675+00:00,401872659,2026-09-13T17:00Z,Indianapolis Colts,Baltimore Ravens,Draft Kings,spreads,away,-3.5,-108,1.92,2026-09-03T16:45:25.884675+00:00,145,-175,3.5,-3.5,-112,-108,48.5,-105,-115
2026_09_03_164525_884675,2026-09-03T16:45:25.884675+00:00,401872659,2026-09-13T17:00Z,Indianapolis Colts,Baltimore Ravens,Draft Kings,totals,over,48.5,-105,1.95,2026-09-03T16:45:25.884675+00:00,145,-175,3.5,-3.5,-112,-108,48.5,-105,-115
2026_09_03_164525_884675,2026-09-03T16:45:25.884675+00:00,401872659,2026-09-13T17:00Z,Indianapolis Colts,Baltimore Ravens,Draft Kings,totals,under,48.5,-115,1.86,2026-09-03T16:45:25.884675+00:00,145,-175,3.5,-3.5,-112,-108,48.5,-105,-115
2026_09_03_164525_884675,2026-09-03T16:45:25.884675+00:00,401872660,2026-09-13T17:00Z,Houston Texans,Buffalo Bills,Draft Kings,h2h,home,,-102,1.98,2026-09-03T16:45:25.884675+00:00,-102,-118,1.5,-1.5,-115,-105,44.5,-110,-110
2026_09_03_164525_884675,2026-09-03T16:45:25.884675+00:00,401872660,2026-09-13T17:00Z,Houston Texans,Buffalo Bills,Draft Kings,h2h,away,,-118,1.84,2026-09-03T16:45:25.884675+00:00,-102,-118,1.5,-1.5,-115,-105,44.5,-110,-110
2026_09_03_164525_884675,2026-09-03T16:45:25.884675+00:00,401872660,2026-09-13T17:00Z,Houston Texans,Buffalo Bills,Draft Kings,spreads,home,1.5,-115,1.86,2026-09-03T16:45:25.884675+00:00,-102,-118,1.5,-1.5,-115,-105,44.5,-110,-110
2026_09_03_164525_884675,2026-09-03T16:45:25.884675+00:00,401872660,2026-09-13T17:00Z,Houston Texans,Buffalo Bills,Draft Kings,spreads,away,-1.5,-105,1.95,2026-09-03T16:45:25.884675+00:00,-102,-118,1.5,-1.5,-115,-105,44.5,-110,-110
2026_09_03_164525_884675,2026-09-03T16:45:25.884675+00:00,401872660,2026-09-13T17:00Z,Houston Texans,Buffalo Bills,Draft Kings,totals,over,44.5,-110,1.9,2026-09-03T16:45:25.884675+00:00,-102,-118,1.5,-1.5,-115,-105,44.5,-110,-110
2026_09_03_164525_884675,2026-09-03T16:45:25.884675+00:00,401872660,2026-09-13T17:00Z,Houston Texans,Buffalo Bills,Draft Kings,totals,under,44.5,-110,1.9,2026-09-03T16:45:25.884675+00:00,-102,-118,1.5,-1.5,-115,-105,44.5,-110,-110
2026_09_03_164525_884675,2026-09-03T16:45:25.884675+00:00,401872661,2026-09-13T17:00Z,Carolina Panthers,Chicago Bears,Draft Kings,h2h,home,,130,2.3,2026-09-03T16:45:25.884675+00:00,130,-162,2.5,-2.5,-102,-118,47.5,-110,-110
2026_09_03_164525_884675,2026-09-03T16:45:25.884675+00:00,401872661,2026-09-13T17:00Z,Carolina Panthers,Chicago Bears,Draft Kings,h2h,away,,-162,1.61,2026-09-03T16:45:25.884675+00:00,130,-162,2.5,-2.5,-102,-118,47.5,-110,-110
2026_09_03_164525_884675,2026-09-03T16:45:25.884675+00:00,401872661,2026-09-13T17:00Z,Carolina Panthers,Chicago Bears,Draft Kings,spreads,home,2.5,-102,1.98,2026-09-03T16:45:25.884675+00:00,130,-162,2.5,-2.5,-102,-118,47.5,-110,-110
2026_09_03_164525_884675,2026-09-03T16:45:25.884675+00:00,401872661,2026-09-13T17:00Z,Carolina Panthers,Chicago Bears,Draft Kings,spreads,away,-2.5,-118,1.84,2026-09-03T16:45:25.884675+00:00,130,-162,2.5,-2.5,-102,-118,47.5,-110,-110
2026_09_03_164525_884675,2026-09-03T16:45:25.884675+00:00,401872661,2026-09-13T17:00Z,Carolina Panthers,Chicago Bears,Draft Kings,totals,over,47.5,-110,1.9,2026-09-03T16:45:25.884675+00:00,130,-162,2.5,-2.5,-102,-118,47.5,-110,-110
2026_09_03_164525_884675,2026-09-03T16:45:25.884675+00:00,401872661,2026-09-13T17:00Z,Carolina Panthers,Chicago Bears,Draft Kings,totals,under,47.5,-110,1.9,2026-09-03T16:45:25.884675+00:00,130,-162,2.5,-2.5,-102,-118,47.5,-110,-110
2026_09_03_164525_884675,2026-09-03T16:45:25.884675+00:00,401872922,2026-09-13T17:00Z,Jacksonville Jaguars,Cleveland Browns,Draft Kings,h2h,home,,-395,1.25,2026-09-03T16:45:25.884675+00:00,-395,310,-7.5,7.5,-110,-110,40.5,-110,-110
2026_09_03_164525_884675,2026-09-03T16:45:25.884675+00:00,401872922,2026-09-13T17:00Z,Jacksonville Jaguars,Cleveland Browns,Draft Kings,h2h,away,,310,4.1,2026-09-03T16:45:25.884675+00:00,-395,310,-7.5,7.5,-110,-110,40.5,-110,-110
2026_09_03_164525_884675,2026-09-03T16:45:25.884675+00:00,401872922,2026-09-13T17:00Z,Jacksonville Jaguars,Cleveland Browns,Draft Kings,spreads,home,-7.5,-110,1.9,2026-09-03T16:45:25.884675+00:00,-395,310,-7.5,7.5,-110,-110,40.5,-110,-110
2026_09_03_164525_884675,2026-09-03T16:45:25.884675+00:00,401872922,2026-09-13T17:00Z,Jacksonville Jaguars,Cleveland Browns,Draft Kings,spreads,away,7.5,-110,1.9,2026-09-03T16:45:25.884675+00:00,-395,310,-7.5,7.5,-110,-110,40.5,-110,-110
2026_09_03_164525_884675,2026-09-03T16:45:25.884675+00:00,401872922,2026-09-13T17:00Z,Jacksonville Jaguars,Cleveland Browns,Draft Kings,totals,over,40.5,-110,1.9,2026-09-03T16:45:25.884675+00:00,-395,310,-7.5,7.5,-110,-110,40.5,-110,-110
2026_09_03_164525_884675,2026-09-03T16:45:25.884675+00:00,401872922,2026-09-13T17:00Z,Jacksonville Jaguars,Cleveland Browns,Draft Kings,totals,under,40.5,-110,1.9,2026-09-03T16:45:25.884675+00:00,-395,310,-7.5,7.5,-110,-110,40.5,-110,-110
2026_09_03_164525_884675,2026-09-03T16:45:25.884675+00:00,401872923,2026-09-13T17:00Z,Detroit Lions,New Orleans Saints,Draft Kings,h2h,home,,-305,1.32,2026-09-03T16:45:25.884675+00:00,-305,240,-7,7,-110,-110,49.5,-115,-105
2026_09_03_164525_884675,2026-09-03T16:45:25.884675+00:00,401872923,2026-09-13T17:00Z,Detroit Lions,New Orleans Saints,Draft Kings,h2h,away,,240,3.4,2026-09-03T16:45:25.884675+00:00,-305,240,-7,7,-110,-110,49.5,-115,-105
2026_09_03_164525_884675,2026-09-03T16:45:25.884675+00:00,401872923,2026-09-13T17:00Z,Detroit Lions,New Orleans Saints,Draft Kings,spreads,home,-7,-110,1.9,2026-09-03T16:45:25.884675+00:00,-305,240,-7,7,-110,-110,49.5,-115,-105
2026_09_03_164525_884675,2026-09-03T16:45:25.884675+00:00,401872923,2026-09-13T17:00Z,Detroit Lions,New Orleans Saints,Draft Kings,spreads,away,7,-110,1.9,2026-09-03T16:45:25.884675+00:00,-305,240,-7,7,-110,-110,49.5,-115,-105
2026_09_03_164525_884675,2026-09-03T16:45:25.884675+00:00,401872923,2026-09-13T17:00Z,Detroit Lions,New Orleans Saints,Draft Kings,totals,over,49.5,-115,1.86,2026-09-03T16:45:25.884675+00:00,-305,240,-7,7,-110,-110,49.5,-115,-105
2026_09_03_164525_884675,2026-09-03T16:45:25.884675+00:00,401872923,2026-09-13T17:00Z,Detroit Lions,New Orleans Saints,Draft Kings,totals,under,49.5,-105,1.95,2026-09-03T16:45:25.884675+00:00,-305,240,-7,7,-110,-110,49.5,-115,-105
2026_09_03_164525_884675,2026-09-03T16:45:25.884675+00:00,401872924,2026-09-13T17:00Z,Tennessee Titans,New York Jets,Draft Kings,h2h,home,,-130,1.76,2026-09-03T16:45:25.884675+00:00,-130,110,-1.5,1.5,-115,-105,38.5,-115,-105
2026_09_03_164525_884675,2026-09-03T16:45:25.884675+00:00,401872924,2026-09-13T17:00Z,Tennessee Titans,New York Jets,Draft Kings,h2h,away,,110,2.1,2026-09-03T16:45:25.884675+00:00,-130,110,-1.5,1.5,-115,-105,38.5,-115,-105
2026_09_03_164525_884675,2026-09-03T16:45:25.884675+00:00,401872924,2026-09-13T17:00Z,Tennessee Titans,New York Jets,Draft Kings,spreads,home,-1.5,-115,1.86,2026-09-03T16:45:25.884675+00:00,-130,110,-1.5,1.5,-115,-105,38.5,-115,-105
2026_09_03_164525_884675,2026-09-03T16:45:25.884675+00:00,401872924,2026-09-13T17:00Z,Tennessee Titans,New York Jets,Draft Kings,spreads,away,1.5,-105,1.95,2026-09-03T16:45:25.884675+00:00,-130,110,-1.5,1.5,-115,-105,38.5,-115,-105
2026_09_03_164525_884675,2026-09-03T16:45:25.884675+00:00,401872924,2026-09-13T17:00Z,Tennessee Titans,New York Jets,Draft Kings,totals,over,38.5,-115,1.86,2026-09-03T16:45:25.884675+00:00,-130,110,-1.5,1.5,-115,-105,38.5,-115,-105
2026_09_03_164525_884675,2026-09-03T16:45:25.884675+00:00,401872924,2026-09-13T17:00Z,Tennessee Titans,New York Jets,Draft Kings,totals,under,38.5,-105,1.95,2026-09-03T16:45:25.884675+00:00,-130,110,-1.5,1.5,-115,-105,38.5,-115,-105
2026_09_03_164525_884675,2026-09-03T16:45:25.884675+00:00,401872925,2026-09-13T17:00Z,Cincinnati Bengals,Tampa Bay Buccaneers,Draft Kings,h2h,home,,-192,1.52,2026-09-03T16:45:25.884675+00:00,-192,160,-3.5,3.5,-115,-105,50.5,-120,100
2026_09_03_164525_884675,2026-09-03T16:45:25.884675+00:00,401872925,2026-09-13T17:00Z,Cincinnati Bengals,Tampa Bay Buccaneers,Draft Kings,h2h,away,,160,2.6,2026-09-03T16:45:25.884675+00:00,-192,160,-3.5,3.5,-115,-105,50.5,-120,100
2026_09_03_164525_884675,2026-09-03T16:45:25.884675+00:00,401872925,2026-09-13T17:00Z,Cincinnati Bengals,Tampa Bay Buccaneers,Draft Kings,spreads,home,-3.5,-115,1.86,2026-09-03T16:45:25.884675+00:00,-192,160,-3.5,3.5,-115,-105,50.5,-120,100
2026_09_03_164525_884675,2026-09-03T16:45:25.884675+00:00,401872925,2026-09-13T17:00Z,Cincinnati Bengals,Tampa Bay Buccaneers,Draft Kings,spreads,away,3.5,-105,1.95,2026-09-03T16:45:25.884675+00:00,-192,160,-3.5,3.5,-115,-105,50.5,-120,100
2026_09_03_164525_884675,2026-09-03T16:45:25.884675+00:00,401872925,2026-09-13T17:00Z,Cincinnati Bengals,Tampa Bay Buccaneers,Draft Kings,totals,over,50.5,-120,1.83,2026-09-03T16:45:25.884675+00:00,-192,160,-3.5,3.5,-115,-105,50.5,-120,100
2026_09_03_164525_884675,2026-09-03T16:45:25.884675+00:00,401872925,2026-09-13T17:00Z,Cincinnati Bengals,Tampa Bay Buccaneers,Draft Kings,totals,under,50.5,100,2,2026-09-03T16:45:25.884675+00:00,-192,160,-3.5,3.5,-115,-105,50.5,-120,100
2026_09_03_164525_884675,2026-09-03T16:45:25.884675+00:00,401872926,2026-09-13T20:25Z,Los Angeles Chargers,Arizona Cardinals,Draft Kings,h2h,home,,-550,1.18,2026-09-03T16:45:25.884675+00:00,-550,410,-10.5,10.5,-110,-110,46.5,-115,-105
2026_09_03_164525_884675,2026-09-03T16:45:25.884675+00:00,401872926,2026-09-13T20:25Z,Los Angeles Chargers,Arizona Cardinals,Draft Kings,h2h,away,,410,5.1,2026-09-03T16:45:25.884675+00:00,-550,410,-10.5,10.5,-110,-110,46.5,-115,-105
2026_09_03_164525_884675,2026-09-03T16:45:25.884675+00:00,401872926,2026-09-13T20:25Z,Los Angeles Chargers,Arizona Cardinals,Draft Kings,spreads,home,-10.5,-110,1.9,2026-09-03T16:45:25.884675+00:00,-550,410,-10.5,10.5,-110,-110,46.5,-115,-105
2026_09_03_164525_884675,2026-09-03T16:45:25.884675+00:00,401872926,2026-09-13T20:25Z,Los Angeles Chargers,Arizona Cardinals,Draft Kings,spreads,away,10.5,-110,1.9,2026-09-03T16:45:25.884675+00:00,-550,410,-10.5,10.5,-110,-110,46.5,-115,-105
2026_09_03_164525_884675,2026-09-03T16:45:25.884675+00:00,401872926,2026-09-13T20:25Z,Los Angeles Chargers,Arizona Cardinals,Draft Kings,totals,over,46.5,-115,1.86,2026-09-03T16:45:25.884675+00:00,-550,410,-10.5,10.5,-110,-110,46.5,-115,-105
2026_09_03_164525_884675,2026-09-03T16:45:25.884675+00:00,401872926,2026-09-13T20:25Z,Los Angeles Chargers,Arizona Cardinals,Draft Kings,totals,under,46.5,-105,1.95,2026-09-03T16:45:25.884675+00:00,-550,410,-10.5,10.5,-110,-110,46.5,-115,-105
2026_09_03_164525_884675,2026-09-03T16:45:25.884675+00:00,401872927,2026-09-13T20:25Z,Minnesota Vikings,Green Bay Packers,Draft Kings,h2h,home,,-118,1.84,2026-09-03T16:45:25.884675+00:00,-118,-102,-1.5,1.5,-102,-118,45.5,-110,-110
2026_09_03_164525_884675,2026-09-03T16:45:25.884675+00:00,401872927,2026-09-13T20:25Z,Minnesota Vikings,Green Bay Packers,Draft Kings,h2h,away,,-102,1.98,2026-09-03T16:45:25.884675+00:00,-118,-102,-1.5,1.5,-102,-118,45.5,-110,-110
2026_09_03_164525_884675,2026-09-03T16:45:25.884675+00:00,401872927,2026-09-13T20:25Z,Minnesota Vikings,Green Bay Packers,Draft Kings,spreads,home,-1.5,-102,1.98,2026-09-03T16:45:25.884675+00:00,-118,-102,-1.5,1.5,-102,-118,45.5,-110,-110
2026_09_03_164525_884675,2026-09-03T16:45:25.884675+00:00,401872927,2026-09-13T20:25Z,Minnesota Vikings,Green Bay Packers,Draft Kings,spreads,away,1.5,-118,1.84,2026-09-03T16:45:25.884675+00:00,-118,-102,-1.5,1.5,-102,-118,45.5,-110,-110
2026_09_03_164525_884675,2026-09-03T16:45:25.884675+00:00,401872927,2026-09-13T20:25Z,Minnesota Vikings,Green Bay Packers,Draft Kings,totals,over,45.5,-110,1.9,2026-09-03T16:45:25.884675+00:00,-118,-102,-1.5,1.5,-102,-118,45.5,-110,-110
2026_09_03_164525_884675,2026-09-03T16:45:25.884675+00:00,401872927,2026-09-13T20:25Z,Minnesota Vikings,Green Bay Packers,Draft Kings,totals,under,45.5,-110,1.9,2026-09-03T16:45:25.884675+00:00,-118,-102,-1.5,1.5,-102,-118,45.5,-110,-110
2026_09_03_164525_884675,2026-09-03T16:45:25.884675+00:00,401872928,2026-09-13T20:25Z,Las Vegas Raiders,Miami Dolphins,Draft Kings,h2h,home,,-198,1.5,2026-09-03T16:45:25.884675+00:00,-198,164,-3.5,3.5,-110,-110,40.5,-110,-110
2026_09_03_164525_884675,2026-09-03T16:45:25.884675+00:00,401872928,2026-09-13T20:25Z,Las Vegas Raiders,Miami Dolphins,Draft Kings,h2h,away,,164,2.64,2026-09-03T16:45:25.884675+00:00,-198,164,-3.5,3.5,-110,-110,40.5,-110,-110
2026_09_03_164525_884675,2026-09-03T16:45:25.884675+00:00,401872928,2026-09-13T20:25Z,Las Vegas Raiders,Miami Dolphins,Draft Kings,spreads,home,-3.5,-110,1.9,2026-09-03T16:45:25.884675+00:00,-198,164,-3.5,3.5,-110,-110,40.5,-110,-110
2026_09_03_164525_884675,2026-09-03T16:45:25.884675+00:00,401872928,2026-09-13T20:25Z,Las Vegas Raiders,Miami Dolphins,Draft Kings,spreads,away,3.5,-110,1.9,2026-09-03T16:45:25.884675+00:00,-198,164,-3.5,3.5,-110,-110,40.5,-110,-110
2026_09_03_164525_884675,2026-09-03T16:45:25.884675+00:00,401872928,2026-09-13T20:25Z,Las Vegas Raiders,Miami Dolphins,Draft Kings,totals,over,40.5,-110,1.9,2026-09-03T16:45:25.884675+00:00,-198,164,-3.5,3.5,-110,-110,40.5,-110,-110
2026_09_03_164525_884675,2026-09-03T16:45:25.884675+00:00,401872928,2026-09-13T20:25Z,Las Vegas Raiders,Miami Dolphins,Draft Kings,totals,under,40.5,-110,1.9,2026-09-03T16:45:25.884675+00:00,-198,164,-3.5,3.5,-110,-110,40.5,-110,-110
2026_09_03_164525_884675,2026-09-03T16:45:25.884675+00:00,401872929,2026-09-13T20:25Z,Philadelphia Eagles,Washington Commanders,Draft Kings,h2h,home,,-218,1.45,2026-09-03T16:45:25.884675+00:00,-218,180,-5.5,5.5,-105,-115,45.5,-108,-112
2026_09_03_164525_884675,2026-09-03T16:45:25.884675+00:00,401872929,2026-09-13T20:25Z,Philadelphia Eagles,Washington Commanders,Draft Kings,h2h,away,,180,2.8,2026-09-03T16:45:25.884675+00:00,-218,180,-5.5,5.5,-105,-115,45.5,-108,-112
2026_09_03_164525_884675,2026-09-03T16:45:25.884675+00:00,401872929,2026-09-13T20:25Z,Philadelphia Eagles,Washington Commanders,Draft Kings,spreads,home,-5.5,-105,1.95,2026-09-03T16:45:25.884675+00:00,-218,180,-5.5,5.5,-105,-115,45.5,-108,-112
2026_09_03_164525_884675,2026-09-03T16:45:25.884675+00:00,401872929,2026-09-13T20:25Z,Philadelphia Eagles,Washington Commanders,Draft Kings,spreads,away,5.5,-115,1.86,2026-09-03T16:45:25.884675+00:00,-218,180,-5.5,5.5,-105,-115,45.5,-108,-112
2026_09_03_164525_884675,2026-09-03T16:45:25.884675+00:00,401872929,2026-09-13T20:25Z,Philadelphia Eagles,Washington Commanders,Draft Kings,totals,over,45.5,-108,1.92,2026-09-03T16:45:25.884675+00:00,-218,180,-5.5,5.5,-105,-115,45.5,-108,-112
2026_09_03_164525_884675,2026-09-03T16:45:25.884675+00:00,401872929,2026-09-13T20:25Z,Philadelphia Eagles,Washington Commanders,Draft Kings,totals,under,45.5,-112,1.89,2026-09-03T16:45:25.884675+00:00,-218,180,-5.5,5.5,-105,-115,45.5,-108,-112
2026_09_03_164525_884675,2026-09-03T16:45:25.884675+00:00,401872930,2026-09-14T00:20Z,New York Giants,Dallas Cowboys,Draft Kings,h2h,home,,124,2.24,2026-09-03T16:45:25.884675+00:00,124,-148,2.5,-2.5,-105,-115,48.5,-110,-110
2026_09_03_164525_884675,2026-09-03T16:45:25.884675+00:00,401872930,2026-09-14T00:20Z,New York Giants,Dallas Cowboys,Draft Kings,h2h,away,,-148,1.67,2026-09-03T16:45:25.884675+00:00,124,-148,2.5,-2.5,-105,-115,48.5,-110,-110
2026_09_03_164525_884675,2026-09-03T16:45:25.884675+00:00,401872930,2026-09-14T00:20Z,New York Giants,Dallas Cowboys,Draft Kings,spreads,home,2.5,-105,1.95,2026-09-03T16:45:25.884675+00:00,124,-148,2.5,-2.5,-105,-115,48.5,-110,-110
2026_09_03_164525_884675,2026-09-03T16:45:25.884675+00:00,401872930,2026-09-14T00:20Z,New York Giants,Dallas Cowboys,Draft Kings,spreads,away,-2.5,-115,1.86,2026-09-03T16:45:25.884675+00:00,124,-148,2.5,-2.5,-105,-115,48.5,-110,-110
2026_09_03_164525_884675,2026-09-03T16:45:25.884675+00:00,401872930,2026-09-14T00:20Z,New York Giants,Dallas Cowboys,Draft Kings,totals,over,48.5,-110,1.9,2026-09-03T16:45:25.884675+00:00,124,-148,2.5,-2.5,-105,-115,48.5,-110,-110
2026_09_03_164525_884675,2026-09-03T16:45:25.884675+00:00,401872930,2026-09-14T00:20Z,New York Giants,Dallas Cowboys,Draft Kings,totals,under,48.5,-110,1.9,2026-09-03T16:45:25.884675+00:00,124,-148,2.5,-2.5,-105,-115,48.5,-110,-110
2026_09_03_164525_884675,2026-09-03T16:45:25.884675+00:00,401872931,2026-09-15T00:15Z,Kansas City Chiefs,Denver Broncos,Draft Kings,h2h,home,,-148,1.67,2026-09-03T16:45:25.884675+00:00,-148,124,-3,3,100,-120,42.5,-110,-110
2026_09_03_164525_884675,2026-09-03T16:45:25.884675+00:00,401872931,2026-09-15T00:15Z,Kansas City Chiefs,Denver Broncos,Draft Kings,h2h,away,,124,2.24,2026-09-03T16:45:25.884675+00:00,-148,124,-3,3,100,-120,42.5,-110,-110
2026_09_03_164525_884675,2026-09-03T16:45:25.884675+00:00,401872931,2026-09-15T00:15Z,Kansas City Chiefs,Denver Broncos,Draft Kings,spreads,home,-3,100,2,2026-09-03T16:45:25.884675+00:00,-148,124,-3,3,100,-120,42.5,-110,-110
2026_09_03_164525_884675,2026-09-03T16:45:25.884675+00:00,401872931,2026-09-15T00:15Z,Kansas City Chiefs,Denver Broncos,Draft Kings,spreads,away,3,-120,1.83,2026-09-03T16:45:25.884675+00:00,-148,124,-3,3,100,-120,42.5,-110,-110
2026_09_03_164525_884675,2026-09-03T16:45:25.884675+00:00,401872931,2026-09-15T00:15Z,Kansas City Chiefs,Denver Broncos,Draft Kings,totals,over,42.5,-110,1.9,2026-09-03T16:45:25.884675+00:00,-148,124,-3,3,100,-120,42.5,-110,-110
2026_09_03_164525_884675,2026-09-03T16:45:25.884675+00:00,401872931,2026-09-15T00:15Z,Kansas City Chiefs,Denver Broncos,Draft Kings,totals,under,42.5,-110,1.9,2026-09-03T16:45:25.884675+00:00,-148,124,-3,3,100,-120,42.5,-110,-110
2026_09_03_164525_884675,2026-09-03T16:45:25.884675+00:00,401872932,2026-09-18T00:15Z,Buffalo Bills,Detroit Lions,Draft Kings,h2h,home,,-162,1.61,2026-09-03T16:45:25.884675+00:00,-162,136,-3,3,-110,-110,52.5,-110,-110
2026_09_03_164525_884675,2026-09-03T16:45:25.884675+00:00,401872932,2026-09-18T00:15Z,Buffalo Bills,Detroit Lions,Draft Kings,h2h,away,,136,2.36,2026-09-03T16:45:25.884675+00:00,-162,136,-3,3,-110,-110,52.5,-110,-110
2026_09_03_164525_884675,2026-09-03T16:45:25.884675+00:00,401872932,2026-09-18T00:15Z,Buffalo Bills,Detroit Lions,Draft Kings,spreads,home,-3,-110,1.9,2026-09-03T16:45:25.884675+00:00,-162,136,-3,3,-110,-110,52.5,-110,-110
2026_09_03_164525_884675,2026-09-03T16:45:25.884675+00:00,401872932,2026-09-18T00:15Z,Buffalo Bills,Detroit Lions,Draft Kings,spreads,away,3,-110,1.9,2026-09-03T16:45:25.884675+00:00,-162,136,-3,3,-110,-110,52.5,-110,-110
2026_09_03_164525_884675,2026-09-03T16:45:25.884675+00:00,401872932,2026-09-18T00:15Z,Buffalo Bills,Detroit Lions,Draft Kings,totals,over,52.5,-110,1.9,2026-09-03T16:45:25.884675+00:00,-162,136,-3,3,-110,-110,52.5,-110,-110
2026_09_03_164525_884675,2026-09-03T16:45:25.884675+00:00,401872932,2026-09-18T00:15Z,Buffalo Bills,Detroit Lions,Draft Kings,totals,under,52.5,-110,1.9,2026-09-03T16:45:25.884675+00:00,-162,136,-3,3,-110,-110,52.5,-110,-110
2026_09_03_164525_884675,2026-09-03T16:45:25.884675+00:00,401872933,2026-09-20T17:00Z,Atlanta Falcons,Carolina Panthers,Draft Kings,h2h,home,,-125,1.8,2026-09-03T16:45:25.884675+00:00,-125,105,-1.5,1.5,-110,-110,44.5,-102,-118
2026_09_03_164525_884675,2026-09-03T16:45:25.884675+00:00,401872933,2026-09-20T17:00Z,Atlanta Falcons,Carolina Panthers,Draft Kings,h2h,away,,105,2.05,2026-09-03T16:45:25.884675+00:00,-125,105,-1.5,1.5,-110,-110,44.5,-102,-118
2026_09_03_164525_884675,2026-09-03T16:45:25.884675+00:00,401872933,2026-09-20T17:00Z,Atlanta Falcons,Carolina Panthers,Draft Kings,spreads,home,-1.5,-110,1.9,2026-09-03T16:45:25.884675+00:00,-125,105,-1.5,1.5,-110,-110,44.5,-102,-118
2026_09_03_164525_884675,2026-09-03T16:45:25.884675+00:00,401872933,2026-09-20T17:00Z,Atlanta Falcons,Carolina Panthers,Draft Kings,spreads,away,1.5,-110,1.9,2026-09-03T16:45:25.884675+00:00,-125,105,-1.5,1.5,-110,-110,44.5,-102,-118
2026_09_03_164525_884675,2026-09-03T16:45:25.884675+00:00,401872933,2026-09-20T17:00Z,Atlanta Falcons,Carolina Panthers,Draft Kings,totals,over,44.5,-102,1.98,2026-09-03T16:45:25.884675+00:00,-125,105,-1.5,1.5,-110,-110,44.5,-102,-118
2026_09_03_164525_884675,2026-09-03T16:45:25.884675+00:00,401872933,2026-09-20T17:00Z,Atlanta Falcons,Carolina Panthers,Draft Kings,totals,under,44.5,-118,1.84,2026-09-03T16:45:25.884675+00:00,-125,105,-1.5,1.5,-110,-110,44.5,-102,-118
2026_09_03_164525_884675,2026-09-03T16:45:25.884675+00:00,401872934,2026-09-20T17:00Z,Houston Texans,Cincinnati Bengals,Draft Kings,h2h,home,,-135,1.74,2026-09-03T16:45:25.884675+00:00,-135,114,-2.5,2.5,-110,-110,46.5,-110,-110
2026_09_03_164525_884675,2026-09-03T16:45:25.884675+00:00,401872934,2026-09-20T17:00Z,Houston Texans,Cincinnati Bengals,Draft Kings,h2h,away,,114,2.14,2026-09-03T16:45:25.884675+00:00,-135,114,-2.5,2.5,-110,-110,46.5,-110,-110
2026_09_03_164525_884675,2026-09-03T16:45:25.884675+00:00,401872934,2026-09-20T17:00Z,Houston Texans,Cincinnati Bengals,Draft Kings,spreads,home,-2.5,-110,1.9,2026-09-03T16:45:25.884675+00:00,-135,114,-2.5,2.5,-110,-110,46.5,-110,-110
2026_09_03_164525_884675,2026-09-03T16:45:25.884675+00:00,401872934,2026-09-20T17:00Z,Houston Texans,Cincinnati Bengals,Draft Kings,spreads,away,2.5,-110,1.9,2026-09-03T16:45:25.884675+00:00,-135,114,-2.5,2.5,-110,-110,46.5,-110,-110
2026_09_03_164525_884675,2026-09-03T16:45:25.884675+00:00,401872934,2026-09-20T17:00Z,Houston Texans,Cincinnati Bengals,Draft Kings,totals,over,46.5,-110,1.9,2026-09-03T16:45:25.884675+00:00,-135,114,-2.5,2.5,-110,-110,46.5,-110,-110
2026_09_03_164525_884675,2026-09-03T16:45:25.884675+00:00,401872934,2026-09-20T17:00Z,Houston Texans,Cincinnati Bengals,Draft Kings,totals,under,46.5,-110,1.9,2026-09-03T16:45:25.884675+00:00,-135,114,-2.5,2.5,-110,-110,46.5,-110,-110
2026_09_03_164525_884675,2026-09-03T16:45:25.884675+00:00,401872935,2026-09-20T17:00Z,Tampa Bay Buccaneers,Cleveland Browns,Draft Kings,h2h,home,,-285,1.35,2026-09-03T16:45:25.884675+00:00,-285,230,-6.5,6.5,-110,-110,42.5,-110,-110
2026_09_03_164525_884675,2026-09-03T16:45:25.884675+00:00,401872935,2026-09-20T17:00Z,Tampa Bay Buccaneers,Cleveland Browns,Draft Kings,h2h,away,,230,3.3,2026-09-03T16:45:25.884675+00:00,-285,230,-6.5,6.5,-110,-110,42.5,-110,-110
2026_09_03_164525_884675,2026-09-03T16:45:25.884675+00:00,401872935,2026-09-20T17:00Z,Tampa Bay Buccaneers,Cleveland Browns,Draft Kings,spreads,home,-6.5,-110,1.9,2026-09-03T16:45:25.884675+00:00,-285,230,-6.5,6.5,-110,-110,42.5,-110,-110
2026_09_03_164525_884675,2026-09-03T16:45:25.884675+00:00,401872935,2026-09-20T17:00Z,Tampa Bay Buccaneers,Cleveland Browns,Draft Kings,spreads,away,6.5,-110,1.9,2026-09-03T16:45:25.884675+00:00,-285,230,-6.5,6.5,-110,-110,42.5,-110,-110
2026_09_03_164525_884675,2026-09-03T16:45:25.884675+00:00,401872935,2026-09-20T17:00Z,Tampa Bay Buccaneers,Cleveland Browns,Draft Kings,totals,over,42.5,-110,1.9,2026-09-03T16:45:25.884675+00:00,-285,230,-6.5,6.5,-110,-110,42.5,-110,-110
2026_09_03_164525_884675,2026-09-03T16:45:25.884675+00:00,401872935,2026-09-20T17:00Z,Tampa Bay Buccaneers,Cleveland Browns,Draft Kings,totals,under,42.5,-110,1.9,2026-09-03T16:45:25.884675+00:00,-285,230,-6.5,6.5,-110,-110,42.5,-110,-110
2026_09_03_164525_884675,2026-09-03T16:45:25.884675+00:00,401872936,2026-09-20T17:00Z,New York Jets,Green Bay Packers,Draft Kings,h2h,home,,200,3,2026-09-03T16:45:25.884675+00:00,200,-245,5.5,-5.5,-110,-110,42.5,-110,-110
2026_09_03_164525_884675,2026-09-03T16:45:25.884675+00:00,401872936,2026-09-20T17:00Z,New York Jets,Green Bay Packers,Draft Kings,h2h,away,,-245,1.4,2026-09-03T16:45:25.884675+00:00,200,-245,5.5,-5.5,-110,-110,42.5,-110,-110
2026_09_03_164525_884675,2026-09-03T16:45:25.884675+00:00,401872936,2026-09-20T17:00Z,New York Jets,Green Bay Packers,Draft Kings,spreads,home,5.5,-110,1.9,2026-09-03T16:45:25.884675+00:00,200,-245,5.5,-5.5,-110,-110,42.5,-110,-110
2026_09_03_164525_884675,2026-09-03T16:45:25.884675+00:00,401872936,2026-09-20T17:00Z,New York Jets,Green Bay Packers,Draft Kings,spreads,away,-5.5,-110,1.9,2026-09-03T16:45:25.884675+00:00,200,-245,5.5,-5.5,-110,-110,42.5,-110,-110
2026_09_03_164525_884675,2026-09-03T16:45:25.884675+00:00,401872936,2026-09-20T17:00Z,New York Jets,Green Bay Packers,Draft Kings,totals,over,42.5,-110,1.9,2026-09-03T16:45:25.884675+00:00,200,-245,5.5,-5.5,-110,-110,42.5,-110,-110
2026_09_03_164525_884675,2026-09-03T16:45:25.884675+00:00,401872936,2026-09-20T17:00Z,New York Jets,Green Bay Packers,Draft Kings,totals,under,42.5,-110,1.9,2026-09-03T16:45:25.884675+00:00,200,-245,5.5,-5.5,-110,-110,42.5,-110,-110
2026_09_03_164525_884675,2026-09-03T16:45:25.884675+00:00,401872937,2026-09-20T17:00Z,Chicago Bears,Minnesota Vikings,Draft Kings,h2h,home,,-192,1.52,2026-09-03T16:45:25.884675+00:00,-192,160,-3.5,3.5,-105,-115,45.5,-110,-110
2026_09_03_164525_884675,2026-09-03T16:45:25.884675+00:00,401872937,2026-09-20T17:00Z,Chicago Bears,Minnesota Vikings,Draft Kings,h2h,away,,160,2.6,2026-09-03T16:45:25.884675+00:00,-192,160,-3.5,3.5,-105,-115,45.5,-110,-110
2026_09_03_164525_884675,2026-09-03T16:45:25.884675+00:00,401872937,2026-09-20T17:00Z,Chicago Bears,Minnesota Vikings,Draft Kings,spreads,home,-3.5,-105,1.95,2026-09-03T16:45:25.884675+00:00,-192,160,-3.5,3.5,-105,-115,45.5,-110,-110
2026_09_03_164525_884675,2026-09-03T16:45:25.884675+00:00,401872937,2026-09-20T17:00Z,Chicago Bears,Minnesota Vikings,Draft Kings,spreads,away,3.5,-115,1.86,2026-09-03T16:45:25.884675+00:00,-192,160,-3.5,3.5,-105,-115,45.5,-110,-110
2026_09_03_164525_884675,2026-09-03T16:45:25.884675+00:00,401872937,2026-09-20T17:00Z,Chicago Bears,Minnesota Vikings,Draft Kings,totals,over,45.5,-110,1.9,2026-09-03T16:45:25.884675+00:00,-192,160,-3.5,3.5,-105,-115,45.5,-110,-110
2026_09_03_164525_884675,2026-09-03T16:45:25.884675+00:00,401872937,2026-09-20T17:00Z,Chicago Bears,Minnesota Vikings,Draft Kings,totals,under,45.5,-110,1.9,2026-09-03T16:45:25.884675+00:00,-192,160,-3.5,3.5,-105,-115,45.5,-110,-110
2026_09_03_164525_884675,2026-09-03T16:45:25.884675+00:00,401872938,2026-09-20T17:00Z,Baltimore Ravens,New Orleans Saints,Draft Kings,h2h,home,,-345,1.28,2026-09-03T16:45:25.884675+00:00,-345,275,-7.5,7.5,-110,-110,46.5,-110,-110
2026_09_03_164525_884675,2026-09-03T16:45:25.884675+00:00,401872938,2026-09-20T17:00Z,Baltimore Ravens,New Orleans Saints,Draft Kings,h2h,away,,275,3.75,2026-09-03T16:45:25.884675+00:00,-345,275,-7.5,7.5,-110,-110,46.5,-110,-110
2026_09_03_164525_884675,2026-09-03T16:45:25.884675+00:00,401872938,2026-09-20T17:00Z,Baltimore Ravens,New Orleans Saints,Draft Kings,spreads,home,-7.5,-110,1.9,2026-09-03T16:45:25.884675+00:00,-345,275,-7.5,7.5,-110,-110,46.5,-110,-110
2026_09_03_164525_884675,2026-09-03T16:45:25.884675+00:00,401872938,2026-09-20T17:00Z,Baltimore Ravens,New Orleans Saints,Draft Kings,spreads,away,7.5,-110,1.9,2026-09-03T16:45:25.884675+00:00,-345,275,-7.5,7.5,-110,-110,46.5,-110,-110
2026_09_03_164525_884675,2026-09-03T16:45:25.884675+00:00,401872938,2026-09-20T17:00Z,Baltimore Ravens,New Orleans Saints,Draft Kings,totals,over,46.5,-110,1.9,2026-09-03T16:45:25.884675+00:00,-345,275,-7.5,7.5,-110,-110,46.5,-110,-110
2026_09_03_164525_884675,2026-09-03T16:45:25.884675+00:00,401872938,2026-09-20T17:00Z,Baltimore Ravens,New Orleans Saints,Draft Kings,totals,under,46.5,-110,1.9,2026-09-03T16:45:25.884675+00:00,-345,275,-7.5,7.5,-110,-110,46.5,-110,-110
2026_09_03_164525_884675,2026-09-03T16:45:25.884675+00:00,401872939,2026-09-20T17:00Z,Tennessee Titans,Philadelphia Eagles,Draft Kings,h2h,home,,180,2.8,2026-09-03T16:45:25.884675+00:00,180,-218,4.5,-4.5,-110,-110,42.5,-110,-110
2026_09_03_164525_884675,2026-09-03T16:45:25.884675+00:00,401872939,2026-09-20T17:00Z,Tennessee Titans,Philadelphia Eagles,Draft Kings,h2h,away,,-218,1.45,2026-09-03T16:45:25.884675+00:00,180,-218,4.5,-4.5,-110,-110,42.5,-110,-110
2026_09_03_164525_884675,2026-09-03T16:45:25.884675+00:00,401872939,2026-09-20T17:00Z,Tennessee Titans,Philadelphia Eagles,Draft Kings,spreads,home,4.5,-110,1.9,2026-09-03T16:45:25.884675+00:00,180,-218,4.5,-4.5,-110,-110,42.5,-110,-110
2026_09_03_164525_884675,2026-09-03T16:45:25.884675+00:00,401872939,2026-09-20T17:00Z,Tennessee Titans,Philadelphia Eagles,Draft Kings,spreads,away,-4.5,-110,1.9,2026-09-03T16:45:25.884675+00:00,180,-218,4.5,-4.5,-110,-110,42.5,-110,-110
2026_09_03_164525_884675,2026-09-03T16:45:25.884675+00:00,401872939,2026-09-20T17:00Z,Tennessee Titans,Philadelphia Eagles,Draft Kings,totals,over,42.5,-110,1.9,2026-09-03T16:45:25.884675+00:00,180,-218,4.5,-4.5,-110,-110,42.5,-110,-110
2026_09_03_164525_884675,2026-09-03T16:45:25.884675+00:00,401872939,2026-09-20T17:00Z,Tennessee Titans,Philadelphia Eagles,Draft Kings,totals,under,42.5,-110,1.9,2026-09-03T16:45:25.884675+00:00,180,-218,4.5,-4.5,-110,-110,42.5,-110,-110
2026_09_03_164525_884675,2026-09-03T16:45:25.884675+00:00,401872946,2026-09-20T17:00Z,New England Patriots,Pittsburgh Steelers,Draft Kings,h2h,home,,-218,1.45,2026-09-03T16:45:25.884675+00:00,-218,180,-4.5,4.5,-110,-110,43.5,-110,-110
2026_09_03_164525_884675,2026-09-03T16:45:25.884675+00:00,401872946,2026-09-20T17:00Z,New England Patriots,Pittsburgh Steelers,Draft Kings,h2h,away,,180,2.8,2026-09-03T16:45:25.884675+00:00,-218,180,-4.5,4.5,-110,-110,43.5,-110,-110
2026_09_03_164525_884675,2026-09-03T16:45:25.884675+00:00,401872946,2026-09-20T17:00Z,New England Patriots,Pittsburgh Steelers,Draft Kings,spreads,home,-4.5,-110,1.9,2026-09-03T16:45:25.884675+00:00,-218,180,-4.5,4.5,-110,-110,43.5,-110,-110
2026_09_03_164525_884675,2026-09-03T16:45:25.884675+00:00,401872946,2026-09-20T17:00Z,New England Patriots,Pittsburgh Steelers,Draft Kings,spreads,away,4.5,-110,1.9,2026-09-03T16:45:25.884675+00:00,-218,180,-4.5,4.5,-110,-110,43.5,-110,-110
2026_09_03_164525_884675,2026-09-03T16:45:25.884675+00:00,401872946,2026-09-20T17:00Z,New England Patriots,Pittsburgh Steelers,Draft Kings,totals,over,43.5,-110,1.9,2026-09-03T16:45:25.884675+00:00,-218,180,-4.5,4.5,-110,-110,43.5,-110,-110
2026_09_03_164525_884675,2026-09-03T16:45:25.884675+00:00,401872946,2026-09-20T17:00Z,New England Patriots,Pittsburgh Steelers,Draft Kings,totals,under,43.5,-110,1.9,2026-09-03T16:45:25.884675+00:00,-218,180,-4.5,4.5,-110,-110,43.5,-110,-110
2026_09_03_164525_884675,2026-09-03T16:45:25.884675+00:00,401872940,2026-09-20T20:05Z,Denver Broncos,Jacksonville Jaguars,Draft Kings,h2h,home,,-155,1.64,2026-09-03T16:45:25.884675+00:00,-155,130,-3,3,-110,-110,43.5,-110,-110
2026_09_03_164525_884675,2026-09-03T16:45:25.884675+00:00,401872940,2026-09-20T20:05Z,Denver Broncos,Jacksonville Jaguars,Draft Kings,h2h,away,,130,2.3,2026-09-03T16:45:25.884675+00:00,-155,130,-3,3,-110,-110,43.5,-110,-110
2026_09_03_164525_884675,2026-09-03T16:45:25.884675+00:00,401872940,2026-09-20T20:05Z,Denver Broncos,Jacksonville Jaguars,Draft Kings,spreads,home,-3,-110,1.9,2026-09-03T16:45:25.884675+00:00,-155,130,-3,3,-110,-110,43.5,-110,-110
2026_09_03_164525_884675,2026-09-03T16:45:25.884675+00:00,401872940,2026-09-20T20:05Z,Denver Broncos,Jacksonville Jaguars,Draft Kings,spreads,away,3,-110,1.9,2026-09-03T16:45:25.884675+00:00,-155,130,-3,3,-110,-110,43.5,-110,-110
2026_09_03_164525_884675,2026-09-03T16:45:25.884675+00:00,401872940,2026-09-20T20:05Z,Denver Broncos,Jacksonville Jaguars,Draft Kings,totals,over,43.5,-110,1.9,2026-09-03T16:45:25.884675+00:00,-155,130,-3,3,-110,-110,43.5,-110,-110
2026_09_03_164525_884675,2026-09-03T16:45:25.884675+00:00,401872940,2026-09-20T20:05Z,Denver Broncos,Jacksonville Jaguars,Draft Kings,totals,under,43.5,-110,1.9,2026-09-03T16:45:25.884675+00:00,-155,130,-3,3,-110,-110,43.5,-110,-110
2026_09_03_164525_884675,2026-09-03T16:45:25.884675+00:00,401872941,2026-09-20T20:05Z,Los Angeles Chargers,Las Vegas Raiders,Draft Kings,h2h,home,,-360,1.27,2026-09-03T16:45:25.884675+00:00,-360,285,-8.5,8.5,-110,-110,42.5,-110,-110
2026_09_03_164525_884675,2026-09-03T16:45:25.884675+00:00,401872941,2026-09-20T20:05Z,Los Angeles Chargers,Las Vegas Raiders,Draft Kings,h2h,away,,285,3.85,2026-09-03T16:45:25.884675+00:00,-360,285,-8.5,8.5,-110,-110,42.5,-110,-110
2026_09_03_164525_884675,2026-09-03T16:45:25.884675+00:00,401872941,2026-09-20T20:05Z,Los Angeles Chargers,Las Vegas Raiders,Draft Kings,spreads,home,-8.5,-110,1.9,2026-09-03T16:45:25.884675+00:00,-360,285,-8.5,8.5,-110,-110,42.5,-110,-110
2026_09_03_164525_884675,2026-09-03T16:45:25.884675+00:00,401872941,2026-09-20T20:05Z,Los Angeles Chargers,Las Vegas Raiders,Draft Kings,spreads,away,8.5,-110,1.9,2026-09-03T16:45:25.884675+00:00,-360,285,-8.5,8.5,-110,-110,42.5,-110,-110
2026_09_03_164525_884675,2026-09-03T16:45:25.884675+00:00,401872941,2026-09-20T20:05Z,Los Angeles Chargers,Las Vegas Raiders,Draft Kings,totals,over,42.5,-110,1.9,2026-09-03T16:45:25.884675+00:00,-360,285,-8.5,8.5,-110,-110,42.5,-110,-110
2026_09_03_164525_884675,2026-09-03T16:45:25.884675+00:00,401872941,2026-09-20T20:05Z,Los Angeles Chargers,Las Vegas Raiders,Draft Kings,totals,under,42.5,-110,1.9,2026-09-03T16:45:25.884675+00:00,-360,285,-8.5,8.5,-110,-110,42.5,-110,-110
2026_09_03_164525_884675,2026-09-03T16:45:25.884675+00:00,401872942,2026-09-20T20:25Z,San Francisco 49ers,Miami Dolphins,Draft Kings,h2h,home,,-675,1.14,2026-09-03T16:45:25.884675+00:00,-675,490,-10.5,10.5,-110,-110,46.5,-110,-110
2026_09_03_164525_884675,2026-09-03T16:45:25.884675+00:00,401872942,2026-09-20T20:25Z,San Francisco 49ers,Miami Dolphins,Draft Kings,h2h,away,,490,5.9,2026-09-03T16:45:25.884675+00:00,-675,490,-10.5,10.5,-110,-110,46.5,-110,-110
2026_09_03_164525_884675,2026-09-03T16:45:25.884675+00:00,401872942,2026-09-20T20:25Z,San Francisco 49ers,Miami Dolphins,Draft Kings,spreads,home,-10.5,-110,1.9,2026-09-03T16:45:25.884675+00:00,-675,490,-10.5,10.5,-110,-110,46.5,-110,-110
2026_09_03_164525_884675,2026-09-03T16:45:25.884675+00:00,401872942,2026-09-20T20:25Z,San Francisco 49ers,Miami Dolphins,Draft Kings,spreads,away,10.5,-110,1.9,2026-09-03T16:45:25.884675+00:00,-675,490,-10.5,10.5,-110,-110,46.5,-110,-110
2026_09_03_164525_884675,2026-09-03T16:45:25.884675+00:00,401872942,2026-09-20T20:25Z,San Francisco 49ers,Miami Dolphins,Draft Kings,totals,over,46.5,-110,1.9,2026-09-03T16:45:25.884675+00:00,-675,490,-10.5,10.5,-110,-110,46.5,-110,-110
2026_09_03_164525_884675,2026-09-03T16:45:25.884675+00:00,401872942,2026-09-20T20:25Z,San Francisco 49ers,Miami Dolphins,Draft Kings,totals,under,46.5,-110,1.9,2026-09-03T16:45:25.884675+00:00,-675,490,-10.5,10.5,-110,-110,46.5,-110,-110
2026_09_03_164525_884675,2026-09-03T16:45:25.884675+00:00,401872943,2026-09-20T20:25Z,Arizona Cardinals,Seattle Seahawks,Draft Kings,h2h,home,,400,5,2026-09-03T16:45:25.884675+00:00,400,-535,10,-10,-110,-110,44.5,-110,-110
2026_09_03_164525_884675,2026-09-03T16:45:25.884675+00:00,401872943,2026-09-20T20:25Z,Arizona Cardinals,Seattle Seahawks,Draft Kings,h2h,away,,-535,1.18,2026-09-03T16:45:25.884675+00:00,400,-535,10,-10,-110,-110,44.5,-110,-110
2026_09_03_164525_884675,2026-09-03T16:45:25.884675+00:00,401872943,2026-09-20T20:25Z,Arizona Cardinals,Seattle Seahawks,Draft Kings,spreads,home,10,-110,1.9,2026-09-03T16:45:25.884675+00:00,400,-535,10,-10,-110,-110,44.5,-110,-110
2026_09_03_164525_884675,2026-09-03T16:45:25.884675+00:00,401872943,2026-09-20T20:25Z,Arizona Cardinals,Seattle Seahawks,Draft Kings,spreads,away,-10,-110,1.9,2026-09-03T16:45:25.884675+00:00,400,-535,10,-10,-110,-110,44.5,-110,-110
2026_09_03_164525_884675,2026-09-03T16:45:25.884675+00:00,401872943,2026-09-20T20:25Z,Arizona Cardinals,Seattle Seahawks,Draft Kings,totals,over,44.5,-110,1.9,2026-09-03T16:45:25.884675+00:00,400,-535,10,-10,-110,-110,44.5,-110,-110
2026_09_03_164525_884675,2026-09-03T16:45:25.884675+00:00,401872943,2026-09-20T20:25Z,Arizona Cardinals,Seattle Seahawks,Draft Kings,totals,under,44.5,-110,1.9,2026-09-03T16:45:25.884675+00:00,400,-535,10,-10,-110,-110,44.5,-110,-110
2026_09_03_164525_884675,2026-09-03T16:45:25.884675+00:00,401872944,2026-09-20T20:25Z,Dallas Cowboys,Washington Commanders,Draft Kings,h2h,home,,-205,1.48,2026-09-03T16:45:25.884675+00:00,-205,170,-4.5,4.5,-105,-115,51.5,-110,-110
2026_09_03_164525_884675,2026-09-03T16:45:25.884675+00:00,401872944,2026-09-20T20:25Z,Dallas Cowboys,Washington Commanders,Draft Kings,h2h,away,,170,2.7,2026-09-03T16:45:25.884675+00:00,-205,170,-4.5,4.5,-105,-115,51.5,-110,-110
2026_09_03_164525_884675,2026-09-03T16:45:25.884675+00:00,401872944,2026-09-20T20:25Z,Dallas Cowboys,Washington Commanders,Draft Kings,spreads,home,-4.5,-105,1.95,2026-09-03T16:45:25.884675+00:00,-205,170,-4.5,4.5,-105,-115,51.5,-110,-110
2026_09_03_164525_884675,2026-09-03T16:45:25.884675+00:00,401872944,2026-09-20T20:25Z,Dallas Cowboys,Washington Commanders,Draft Kings,spreads,away,4.5,-115,1.86,2026-09-03T16:45:25.884675+00:00,-205,170,-4.5,4.5,-105,-115,51.5,-110,-110
2026_09_03_164525_884675,2026-09-03T16:45:25.884675+00:00,401872944,2026-09-20T20:25Z,Dallas Cowboys,Washington Commanders,Draft Kings,totals,over,51.5,-110,1.9,2026-09-03T16:45:25.884675+00:00,-205,170,-4.5,4.5,-105,-115,51.5,-110,-110
2026_09_03_164525_884675,2026-09-03T16:45:25.884675+00:00,401872944,2026-09-20T20:25Z,Dallas Cowboys,Washington Commanders,Draft Kings,totals,under,51.5,-110,1.9,2026-09-03T16:45:25.884675+00:00,-205,170,-4.5,4.5,-105,-115,51.5,-110,-110
2026_09_03_164525_884675,2026-09-03T16:45:25.884675+00:00,401872945,2026-09-21T00:20Z,Kansas City Chiefs,Indianapolis Colts,Draft Kings,h2h,home,,-325,1.3,2026-09-03T16:45:25.884675+00:00,-325,260,-6.5,6.5,-110,-110,47.5,-110,-110
2026_09_03_164525_884675,2026-09-03T16:45:25.884675+00:00,401872945,2026-09-21T00:20Z,Kansas City Chiefs,Indianapolis Colts,Draft Kings,h2h,away,,260,3.6,2026-09-03T16:45:25.884675+00:00,-325,260,-6.5,6.5,-110,-110,47.5,-110,-110
2026_09_03_164525_884675,2026-09-03T16:45:25.884675+00:00,401872945,2026-09-21T00:20Z,Kansas City Chiefs,Indianapolis Colts,Draft Kings,spreads,home,-6.5,-110,1.9,2026-09-03T16:45:25.884675+00:00,-325,260,-6.5,6.5,-110,-110,47.5,-110,-110
2026_09_03_164525_884675,2026-09-03T16:45:25.884675+00:00,401872945,2026-09-21T00:20Z,Kansas City Chiefs,Indianapolis Colts,Draft Kings,spreads,away,6.5,-110,1.9,2026-09-03T16:45:25.884675+00:00,-325,260,-6.5,6.5,-110,-110,47.5,-110,-110
2026_09_03_164525_884675,2026-09-03T16:45:25.884675+00:00,401872945,2026-09-21T00:20Z,Kansas City Chiefs,Indianapolis Colts,Draft Kings,totals,over,47.5,-110,1.9,2026-09-03T16:45:25.884675+00:00,-325,260,-6.5,6.5,-110,-110,47.5,-110,-110
2026_09_03_164525_884675,2026-09-03T16:45:25.884675+00:00,401872945,2026-09-21T00:20Z,Kansas City Chiefs,Indianapolis Colts,Draft Kings,totals,under,47.5,-110,1.9,2026-09-03T16:45:25.884675+00:00,-325,260,-6.5,6.5,-110,-110,47.5,-110,-110
2026_09_03_164525_884675,2026-09-03T16:45:25.884675+00:00,401872947,2026-09-22T00:15Z,Los Angeles Rams,New York Giants,Draft Kings,h2h,home,,-380,1.26,2026-09-03T16:45:25.884675+00:00,-380,300,-8.5,8.5,-110,-110,48.5,-110,-110
2026_09_03_164525_884675,2026-09-03T16:45:25.884675+00:00,401872947,2026-09-22T00:15Z,Los Angeles Rams,New York Giants,Draft Kings,h2h,away,,300,4,2026-09-03T16:45:25.884675+00:00,-380,300,-8.5,8.5,-110,-110,48.5,-110,-110
2026_09_03_164525_884675,2026-09-03T16:45:25.884675+00:00,401872947,2026-09-22T00:15Z,Los Angeles Rams,New York Giants,Draft Kings,spreads,home,-8.5,-110,1.9,2026-09-03T16:45:25.884675+00:00,-380,300,-8.5,8.5,-110,-110,48.5,-110,-110
2026_09_03_164525_884675,2026-09-03T16:45:25.884675+00:00,401872947,2026-09-22T00:15Z,Los Angeles Rams,New York Giants,Draft Kings,spreads,away,8.5,-110,1.9,2026-09-03T16:45:25.884675+00:00,-380,300,-8.5,8.5,-110,-110,48.5,-110,-110
2026_09_03_164525_884675,2026-09-03T16:45:25.884675+00:00,401872947,2026-09-22T00:15Z,Los Angeles Rams,New York Giants,Draft Kings,totals,over,48.5,-110,1.9,2026-09-03T16:45:25.884675+00:00,-380,300,-8.5,8.5,-110,-110,48.5,-110,-110
2026_09_03_164525_884675,2026-09-03T16:45:25.884675+00:00,401872947,2026-09-22T00:15Z,Los Angeles Rams,New York Giants,Draft Kings,totals,under,48.5,-110,1.9,2026-09-03T16:45:25.884675+00:00,-380,300,-8.5,8.5,-110,-110,48.5,-110,-110
2026_09_03_164525_884675,2026-09-03T16:45:25.884675+00:00,401872948,2026-09-25T00:15Z,Green Bay Packers,Atlanta Falcons,Draft Kings,h2h,home,,-375,1.26,2026-09-03T16:45:25.884675+00:00,-375,295,-7.5,7.5,-110,-110,46.5,-110,-110
2026_09_03_164525_884675,2026-09-03T16:45:25.884675+00:00,401872948,2026-09-25T00:15Z,Green Bay Packers,Atlanta Falcons,Draft Kings,h2h,away,,295,3.95,2026-09-03T16:45:25.884675+00:00,-375,295,-7.5,7.5,-110,-110,46.5,-110,-110
2026_09_03_164525_884675,2026-09-03T16:45:25.884675+00:00,401872948,2026-09-25T00:15Z,Green Bay Packers,Atlanta Falcons,Draft Kings,spreads,home,-7.5,-110,1.9,2026-09-03T16:45:25.884675+00:00,-375,295,-7.5,7.5,-110,-110,46.5,-110,-110
2026_09_03_164525_884675,2026-09-03T16:45:25.884675+00:00,401872948,2026-09-25T00:15Z,Green Bay Packers,Atlanta Falcons,Draft Kings,spreads,away,7.5,-110,1.9,2026-09-03T16:45:25.884675+00:00,-375,295,-7.5,7.5,-110,-110,46.5,-110,-110
2026_09_03_164525_884675,2026-09-03T16:45:25.884675+00:00,401872948,2026-09-25T00:15Z,Green Bay Packers,Atlanta Falcons,Draft Kings,totals,over,46.5,-110,1.9,2026-09-03T16:45:25.884675+00:00,-375,295,-7.5,7.5,-110,-110,46.5,-110,-110
2026_09_03_164525_884675,2026-09-03T16:45:25.884675+00:00,401872948,2026-09-25T00:15Z,Green Bay Packers,Atlanta Falcons,Draft Kings,totals,under,46.5,-110,1.9,2026-09-03T16:45:25.884675+00:00,-375,295,-7.5,7.5,-110,-110,46.5,-110,-110
2026_09_03_164525_884675,2026-09-03T16:45:25.884675+00:00,401872949,2026-09-27T17:00Z,Cleveland Browns,Carolina Panthers,Draft Kings,h2h,home,,102,2.02,2026-09-03T16:45:25.884675+00:00,102,-122,1.5,-1.5,-110,-110,39.5,-110,-110
2026_09_03_164525_884675,2026-09-03T16:45:25.884675+00:00,401872949,2026-09-27T17:00Z,Cleveland Browns,Carolina Panthers,Draft Kings,h2h,away,,-122,1.81,2026-09-03T16:45:25.884675+00:00,102,-122,1.5,-1.5,-110,-110,39.5,-110,-110
2026_09_03_164525_884675,2026-09-03T16:45:25.884675+00:00,401872949,2026-09-27T17:00Z,Cleveland Browns,Carolina Panthers,Draft Kings,spreads,home,1.5,-110,1.9,2026-09-03T16:45:25.884675+00:00,102,-122,1.5,-1.5,-110,-110,39.5,-110,-110
2026_09_03_164525_884675,2026-09-03T16:45:25.884675+00:00,401872949,2026-09-27T17:00Z,Cleveland Browns,Carolina Panthers,Draft Kings,spreads,away,-1.5,-110,1.9,2026-09-03T16:45:25.884675+00:00,102,-122,1.5,-1.5,-110,-110,39.5,-110,-110
2026_09_03_164525_884675,2026-09-03T16:45:25.884675+00:00,401872949,2026-09-27T17:00Z,Cleveland Browns,Carolina Panthers,Draft Kings,totals,over,39.5,-110,1.9,2026-09-03T16:45:25.884675+00:00,102,-122,1.5,-1.5,-110,-110,39.5,-110,-110
2026_09_03_164525_884675,2026-09-03T16:45:25.884675+00:00,401872949,2026-09-27T17:00Z,Cleveland Browns,Carolina Panthers,Draft Kings,totals,under,39.5,-110,1.9,2026-09-03T16:45:25.884675+00:00,102,-122,1.5,-1.5,-110,-110,39.5,-110,-110
2026_09_03_164525_884675,2026-09-03T16:45:25.884675+00:00,401872950,2026-09-27T17:00Z,Pittsburgh Steelers,Cincinnati Bengals,Draft Kings,h2h,home,,105,2.05,2026-09-03T16:45:25.884675+00:00,105,-125,1.5,-1.5,-110,-110,46.5,-118,-102
2026_09_03_164525_884675,2026-09-03T16:45:25.884675+00:00,401872950,2026-09-27T17:00Z,Pittsburgh Steelers,Cincinnati Bengals,Draft Kings,h2h,away,,-125,1.8,2026-09-03T16:45:25.884675+00:00,105,-125,1.5,-1.5,-110,-110,46.5,-118,-102
2026_09_03_164525_884675,2026-09-03T16:45:25.884675+00:00,401872950,2026-09-27T17:00Z,Pittsburgh Steelers,Cincinnati Bengals,Draft Kings,spreads,home,1.5,-110,1.9,2026-09-03T16:45:25.884675+00:00,105,-125,1.5,-1.5,-110,-110,46.5,-118,-102
2026_09_03_164525_884675,2026-09-03T16:45:25.884675+00:00,401872950,2026-09-27T17:00Z,Pittsburgh Steelers,Cincinnati Bengals,Draft Kings,spreads,away,-1.5,-110,1.9,2026-09-03T16:45:25.884675+00:00,105,-125,1.5,-1.5,-110,-110,46.5,-118,-102
2026_09_03_164525_884675,2026-09-03T16:45:25.884675+00:00,401872950,2026-09-27T17:00Z,Pittsburgh Steelers,Cincinnati Bengals,Draft Kings,totals,over,46.5,-118,1.84,2026-09-03T16:45:25.884675+00:00,105,-125,1.5,-1.5,-110,-110,46.5,-118,-102
2026_09_03_164525_884675,2026-09-03T16:45:25.884675+00:00,401872950,2026-09-27T17:00Z,Pittsburgh Steelers,Cincinnati Bengals,Draft Kings,totals,under,46.5,-102,1.98,2026-09-03T16:45:25.884675+00:00,105,-125,1.5,-1.5,-110,-110,46.5,-118,-102
2026_09_03_164525_884675,2026-09-03T16:45:25.884675+00:00,401872951,2026-09-27T17:00Z,Indianapolis Colts,Houston Texans,Draft Kings,h2h,home,,105,2.05,2026-09-03T16:45:25.884675+00:00,105,-125,1.5,-1.5,-110,-110,45.5,-110,-110
2026_09_03_164525_884675,2026-09-03T16:45:25.884675+00:00,401872951,2026-09-27T17:00Z,Indianapolis Colts,Houston Texans,Draft Kings,h2h,away,,-125,1.8,2026-09-03T16:45:25.884675+00:00,105,-125,1.5,-1.5,-110,-110,45.5,-110,-110
2026_09_03_164525_884675,2026-09-03T16:45:25.884675+00:00,401872951,2026-09-27T17:00Z,Indianapolis Colts,Houston Texans,Draft Kings,spreads,home,1.5,-110,1.9,2026-09-03T16:45:25.884675+00:00,105,-125,1.5,-1.5,-110,-110,45.5,-110,-110
2026_09_03_164525_884675,2026-09-03T16:45:25.884675+00:00,401872951,2026-09-27T17:00Z,Indianapolis Colts,Houston Texans,Draft Kings,spreads,away,-1.5,-110,1.9,2026-09-03T16:45:25.884675+00:00,105,-125,1.5,-1.5,-110,-110,45.5,-110,-110
2026_09_03_164525_884675,2026-09-03T16:45:25.884675+00:00,401872951,2026-09-27T17:00Z,Indianapolis Colts,Houston Texans,Draft Kings,totals,over,45.5,-110,1.9,2026-09-03T16:45:25.884675+00:00,105,-125,1.5,-1.5,-110,-110,45.5,-110,-110
2026_09_03_164525_884675,2026-09-03T16:45:25.884675+00:00,401872951,2026-09-27T17:00Z,Indianapolis Colts,Houston Texans,Draft Kings,totals,under,45.5,-110,1.9,2026-09-03T16:45:25.884675+00:00,105,-125,1.5,-1.5,-110,-110,45.5,-110,-110
2026_09_03_164525_884675,2026-09-03T16:45:25.884675+00:00,401872952,2026-09-27T17:00Z,Miami Dolphins,Kansas City Chiefs,Draft Kings,h2h,home,,340,4.4,2026-09-03T16:45:25.884675+00:00,340,-440,7.5,-7.5,-110,-110,44.5,-110,-110
2026_09_03_164525_884675,2026-09-03T16:45:25.884675+00:00,401872952,2026-09-27T17:00Z,Miami Dolphins,Kansas City Chiefs,Draft Kings,h2h,away,,-440,1.22,2026-09-03T16:45:25.884675+00:00,340,-440,7.5,-7.5,-110,-110,44.5,-110,-110
2026_09_03_164525_884675,2026-09-03T16:45:25.884675+00:00,401872952,2026-09-27T17:00Z,Miami Dolphins,Kansas City Chiefs,Draft Kings,spreads,home,7.5,-110,1.9,2026-09-03T16:45:25.884675+00:00,340,-440,7.5,-7.5,-110,-110,44.5,-110,-110
2026_09_03_164525_884675,2026-09-03T16:45:25.884675+00:00,401872952,2026-09-27T17:00Z,Miami Dolphins,Kansas City Chiefs,Draft Kings,spreads,away,-7.5,-110,1.9,2026-09-03T16:45:25.884675+00:00,340,-440,7.5,-7.5,-110,-110,44.5,-110,-110
2026_09_03_164525_884675,2026-09-03T16:45:25.884675+00:00,401872952,2026-09-27T17:00Z,Miami Dolphins,Kansas City Chiefs,Draft Kings,totals,over,44.5,-110,1.9,2026-09-03T16:45:25.884675+00:00,340,-440,7.5,-7.5,-110,-110,44.5,-110,-110
2026_09_03_164525_884675,2026-09-03T16:45:25.884675+00:00,401872952,2026-09-27T17:00Z,Miami Dolphins,Kansas City Chiefs,Draft Kings,totals,under,44.5,-110,1.9,2026-09-03T16:45:25.884675+00:00,340,-440,7.5,-7.5,-110,-110,44.5,-110,-110
2026_09_03_164525_884675,2026-09-03T16:45:25.884675+00:00,401872953,2026-09-27T17:00Z,Buffalo Bills,Los Angeles Chargers,Draft Kings,h2h,home,,-162,1.61,2026-09-03T16:45:25.884675+00:00,-162,136,-3,3,-110,-110,48.5,-110,-110
2026_09_03_164525_884675,2026-09-03T16:45:25.884675+00:00,401872953,2026-09-27T17:00Z,Buffalo Bills,Los Angeles Chargers,Draft Kings,h2h,away,,136,2.36,2026-09-03T16:45:25.884675+00:00,-162,136,-3,3,-110,-110,48.5,-110,-110
2026_09_03_164525_884675,2026-09-03T16:45:25.884675+00:00,401872953,2026-09-27T17:00Z,Buffalo Bills,Los Angeles Chargers,Draft Kings,spreads,home,-3,-110,1.9,2026-09-03T16:45:25.884675+00:00,-162,136,-3,3,-110,-110,48.5,-110,-110
2026_09_03_164525_884675,2026-09-03T16:45:25.884675+00:00,401872953,2026-09-27T17:00Z,Buffalo Bills,Los Angeles Chargers,Draft Kings,spreads,away,3,-110,1.9,2026-09-03T16:45:25.884675+00:00,-162,136,-3,3,-110,-110,48.5,-110,-110
2026_09_03_164525_884675,2026-09-03T16:45:25.884675+00:00,401872953,2026-09-27T17:00Z,Buffalo Bills,Los Angeles Chargers,Draft Kings,totals,over,48.5,-110,1.9,2026-09-03T16:45:25.884675+00:00,-162,136,-3,3,-110,-110,48.5,-110,-110
2026_09_03_164525_884675,2026-09-03T16:45:25.884675+00:00,401872953,2026-09-27T17:00Z,Buffalo Bills,Los Angeles Chargers,Draft Kings,totals,under,48.5,-110,1.9,2026-09-03T16:45:25.884675+00:00,-162,136,-3,3,-110,-110,48.5,-110,-110
2026_09_03_164525_884675,2026-09-03T16:45:25.884675+00:00,401872954,2026-09-27T17:00Z,Detroit Lions,New York Jets,Draft Kings,h2h,home,,-425,1.23,2026-09-03T16:45:25.884675+00:00,-425,330,-9.5,9.5,-110,-110,45.5,-110,-110
2026_09_03_164525_884675,2026-09-03T16:45:25.884675+00:00,401872954,2026-09-27T17:00Z,Detroit Lions,New York Jets,Draft Kings,h2h,away,,330,4.3,2026-09-03T16:45:25.884675+00:00,-425,330,-9.5,9.5,-110,-110,45.5,-110,-110
2026_09_03_164525_884675,2026-09-03T16:45:25.884675+00:00,401872954,2026-09-27T17:00Z,Detroit Lions,New York Jets,Draft Kings,spreads,home,-9.5,-110,1.9,2026-09-03T16:45:25.884675+00:00,-425,330,-9.5,9.5,-110,-110,45.5,-110,-110
2026_09_03_164525_884675,2026-09-03T16:45:25.884675+00:00,401872954,2026-09-27T17:00Z,Detroit Lions,New York Jets,Draft Kings,spreads,away,9.5,-110,1.9,2026-09-03T16:45:25.884675+00:00,-425,330,-9.5,9.5,-110,-110,45.5,-110,-110
2026_09_03_164525_884675,2026-09-03T16:45:25.884675+00:00,401872954,2026-09-27T17:00Z,Detroit Lions,New York Jets,Draft Kings,totals,over,45.5,-110,1.9,2026-09-03T16:45:25.884675+00:00,-425,330,-9.5,9.5,-110,-110,45.5,-110,-110
2026_09_03_164525_884675,2026-09-03T16:45:25.884675+00:00,401872954,2026-09-27T17:00Z,Detroit Lions,New York Jets,Draft Kings,totals,under,45.5,-110,1.9,2026-09-03T16:45:25.884675+00:00,-425,330,-9.5,9.5,-110,-110,45.5,-110,-110
2026_09_03_164525_884675,2026-09-03T16:45:25.884675+00:00,401872955,2026-09-27T17:00Z,Washington Commanders,Seattle Seahawks,Draft Kings,h2h,home,,154,2.54,2026-09-03T16:45:25.884675+00:00,154,-185,3.5,-3.5,-110,-110,46.5,-110,-110
2026_09_03_164525_884675,2026-09-03T16:45:25.884675+00:00,401872955,2026-09-27T17:00Z,Washington Commanders,Seattle Seahawks,Draft Kings,h2h,away,,-185,1.54,2026-09-03T16:45:25.884675+00:00,154,-185,3.5,-3.5,-110,-110,46.5,-110,-110
2026_09_03_164525_884675,2026-09-03T16:45:25.884675+00:00,401872955,2026-09-27T17:00Z,Washington Commanders,Seattle Seahawks,Draft Kings,spreads,home,3.5,-110,1.9,2026-09-03T16:45:25.884675+00:00,154,-185,3.5,-3.5,-110,-110,46.5,-110,-110
2026_09_03_164525_884675,2026-09-03T16:45:25.884675+00:00,401872955,2026-09-27T17:00Z,Washington Commanders,Seattle Seahawks,Draft Kings,spreads,away,-3.5,-110,1.9,2026-09-03T16:45:25.884675+00:00,154,-185,3.5,-3.5,-110,-110,46.5,-110,-110
2026_09_03_164525_884675,2026-09-03T16:45:25.884675+00:00,401872955,2026-09-27T17:00Z,Washington Commanders,Seattle Seahawks,Draft Kings,totals,over,46.5,-110,1.9,2026-09-03T16:45:25.884675+00:00,154,-185,3.5,-3.5,-110,-110,46.5,-110,-110
2026_09_03_164525_884675,2026-09-03T16:45:25.884675+00:00,401872955,2026-09-27T17:00Z,Washington Commanders,Seattle Seahawks,Draft Kings,totals,under,46.5,-110,1.9,2026-09-03T16:45:25.884675+00:00,154,-185,3.5,-3.5,-110,-110,46.5,-110,-110
2026_09_03_164525_884675,2026-09-03T16:45:25.884675+00:00,401872956,2026-09-27T17:00Z,New York Giants,Tennessee Titans,Draft Kings,h2h,home,,-166,1.6,2026-09-03T16:45:25.884675+00:00,-166,140,-3,3,-115,-105,44.5,-110,-110
2026_09_03_164525_884675,2026-09-03T16:45:25.884675+00:00,401872956,2026-09-27T17:00Z,New York Giants,Tennessee Titans,Draft Kings,h2h,away,,140,2.4,2026-09-03T16:45:25.884675+00:00,-166,140,-3,3,-115,-105,44.5,-110,-110
2026_09_03_164525_884675,2026-09-03T16:45:25.884675+00:00,401872956,2026-09-27T17:00Z,New York Giants,Tennessee Titans,Draft Kings,spreads,home,-3,-115,1.86,2026-09-03T16:45:25.884675+00:00,-166,140,-3,3,-115,-105,44.5,-110,-110
2026_09_03_164525_884675,2026-09-03T16:45:25.884675+00:00,401872956,2026-09-27T17:00Z,New York Giants,Tennessee Titans,Draft Kings,spreads,away,3,-105,1.95,2026-09-03T16:45:25.884675+00:00,-166,140,-3,3,-115,-105,44.5,-110,-110
2026_09_03_164525_884675,2026-09-03T16:45:25.884675+00:00,401872956,2026-09-27T17:00Z,New York Giants,Tennessee Titans,Draft Kings,totals,over,44.5,-110,1.9,2026-09-03T16:45:25.884675+00:00,-166,140,-3,3,-115,-105,44.5,-110,-110
2026_09_03_164525_884675,2026-09-03T16:45:25.884675+00:00,401872956,2026-09-27T17:00Z,New York Giants,Tennessee Titans,Draft Kings,totals,under,44.5,-110,1.9,2026-09-03T16:45:25.884675+00:00,-166,140,-3,3,-115,-105,44.5,-110,-110
2026_09_03_164525_884675,2026-09-03T16:45:25.884675+00:00,401872957,2026-09-27T17:00Z,Jacksonville Jaguars,New England Patriots,Draft Kings,h2h,home,,-118,1.84,2026-09-03T16:45:25.884675+00:00,-118,-102,-1.5,1.5,-105,-115,45.5,-110,-110
2026_09_03_164525_884675,2026-09-03T16:45:25.884675+00:00,401872957,2026-09-27T17:00Z,Jacksonville Jaguars,New England Patriots,Draft Kings,h2h,away,,-102,1.98,2026-09-03T16:45:25.884675+00:00,-118,-102,-1.5,1.5,-105,-115,45.5,-110,-110
2026_09_03_164525_884675,2026-09-03T16:45:25.884675+00:00,401872957,2026-09-27T17:00Z,Jacksonville Jaguars,New England Patriots,Draft Kings,spreads,home,-1.5,-105,1.95,2026-09-03T16:45:25.884675+00:00,-118,-102,-1.5,1.5,-105,-115,45.5,-110,-110
2026_09_03_164525_884675,2026-09-03T16:45:25.884675+00:00,401872957,2026-09-27T17:00Z,Jacksonville Jaguars,New England Patriots,Draft Kings,spreads,away,1.5,-115,1.86,2026-09-03T16:45:25.884675+00:00,-118,-102,-1.5,1.5,-105,-115,45.5,-110,-110
2026_09_03_164525_884675,2026-09-03T16:45:25.884675+00:00,401872957,2026-09-27T17:00Z,Jacksonville Jaguars,New England Patriots,Draft Kings,totals,over,45.5,-110,1.9,2026-09-03T16:45:25.884675+00:00,-118,-102,-1.5,1.5,-105,-115,45.5,-110,-110
2026_09_03_164525_884675,2026-09-03T16:45:25.884675+00:00,401872957,2026-09-27T17:00Z,Jacksonville Jaguars,New England Patriots,Draft Kings,totals,under,45.5,-110,1.9,2026-09-03T16:45:25.884675+00:00,-118,-102,-1.5,1.5,-105,-115,45.5,-110,-110
2026_09_03_164525_884675,2026-09-03T16:45:25.884675+00:00,401872958,2026-09-27T20:05Z,San Francisco 49ers,Arizona Cardinals,Draft Kings,h2h,home,,-675,1.14,2026-09-03T16:45:25.884675+00:00,-675,490,-11.5,11.5,-110,-110,46.5,-110,-110
2026_09_03_164525_884675,2026-09-03T16:45:25.884675+00:00,401872958,2026-09-27T20:05Z,San Francisco 49ers,Arizona Cardinals,Draft Kings,h2h,away,,490,5.9,2026-09-03T16:45:25.884675+00:00,-675,490,-11.5,11.5,-110,-110,46.5,-110,-110
2026_09_03_164525_884675,2026-09-03T16:45:25.884675+00:00,401872958,2026-09-27T20:05Z,San Francisco 49ers,Arizona Cardinals,Draft Kings,spreads,home,-11.5,-110,1.9,2026-09-03T16:45:25.884675+00:00,-675,490,-11.5,11.5,-110,-110,46.5,-110,-110
2026_09_03_164525_884675,2026-09-03T16:45:25.884675+00:00,401872958,2026-09-27T20:05Z,San Francisco 49ers,Arizona Cardinals,Draft Kings,spreads,away,11.5,-110,1.9,2026-09-03T16:45:25.884675+00:00,-675,490,-11.5,11.5,-110,-110,46.5,-110,-110
2026_09_03_164525_884675,2026-09-03T16:45:25.884675+00:00,401872958,2026-09-27T20:05Z,San Francisco 49ers,Arizona Cardinals,Draft Kings,totals,over,46.5,-110,1.9,2026-09-03T16:45:25.884675+00:00,-675,490,-11.5,11.5,-110,-110,46.5,-110,-110
2026_09_03_164525_884675,2026-09-03T16:45:25.884675+00:00,401872958,2026-09-27T20:05Z,San Francisco 49ers,Arizona Cardinals,Draft Kings,totals,under,46.5,-110,1.9,2026-09-03T16:45:25.884675+00:00,-675,490,-11.5,11.5,-110,-110,46.5,-110,-110
2026_09_03_164525_884675,2026-09-03T16:45:25.884675+00:00,401872959,2026-09-27T20:05Z,Tampa Bay Buccaneers,Minnesota Vikings,Draft Kings,h2h,home,,-125,1.8,2026-09-03T16:45:25.884675+00:00,-125,105,,,-110,-110,44.5,-110,-110
2026_09_03_164525_884675,2026-09-03T16:45:25.884675+00:00,401872959,2026-09-27T20:05Z,Tampa Bay Buccaneers,Minnesota Vikings,Draft Kings,h2h,away,,105,2.05,2026-09-03T16:45:25.884675+00:00,-125,105,,,-110,-110,44.5,-110,-110
2026_09_03_164525_884675,2026-09-03T16:45:25.884675+00:00,401872959,2026-09-27T20:05Z,Tampa Bay Buccaneers,Minnesota Vikings,Draft Kings,spreads,home,,-110,1.9,2026-09-03T16:45:25.884675+00:00,-125,105,,,-110,-110,44.5,-110,-110
2026_09_03_164525_884675,2026-09-03T16:45:25.884675+00:00,401872959,2026-09-27T20:05Z,Tampa Bay Buccaneers,Minnesota Vikings,Draft Kings,spreads,away,,-110,1.9,2026-09-03T16:45:25.884675+00:00,-125,105,,,-110,-110,44.5,-110,-110
2026_09_03_164525_884675,2026-09-03T16:45:25.884675+00:00,401872959,2026-09-27T20:05Z,Tampa Bay Buccaneers,Minnesota Vikings,Draft Kings,totals,over,44.5,-110,1.9,2026-09-03T16:45:25.884675+00:00,-125,105,,,-110,-110,44.5,-110,-110
2026_09_03_164525_884675,2026-09-03T16:45:25.884675+00:00,401872959,2026-09-27T20:05Z,Tampa Bay Buccaneers,Minnesota Vikings,Draft Kings,totals,under,44.5,-110,1.9,2026-09-03T16:45:25.884675+00:00,-125,105,,,-110,-110,44.5,-110,-110
2026_09_03_164525_884675,2026-09-03T16:45:25.884675+00:00,401872960,2026-09-27T20:25Z,Dallas Cowboys,Baltimore Ravens,Draft Kings,h2h,home,,114,2.14,2026-09-03T16:45:25.884675+00:00,114,-135,2.5,-2.5,-110,-110,51.5,-110,-110
2026_09_03_164525_884675,2026-09-03T16:45:25.884675+00:00,401872960,2026-09-27T20:25Z,Dallas Cowboys,Baltimore Ravens,Draft Kings,h2h,away,,-135,1.74,2026-09-03T16:45:25.884675+00:00,114,-135,2.5,-2.5,-110,-110,51.5,-110,-110
2026_09_03_164525_884675,2026-09-03T16:45:25.884675+00:00,401872960,2026-09-27T20:25Z,Dallas Cowboys,Baltimore Ravens,Draft Kings,spreads,home,2.5,-110,1.9,2026-09-03T16:45:25.884675+00:00,114,-135,2.5,-2.5,-110,-110,51.5,-110,-110
2026_09_03_164525_884675,2026-09-03T16:45:25.884675+00:00,401872960,2026-09-27T20:25Z,Dallas Cowboys,Baltimore Ravens,Draft Kings,spreads,away,-2.5,-110,1.9,2026-09-03T16:45:25.884675+00:00,114,-135,2.5,-2.5,-110,-110,51.5,-110,-110
2026_09_03_164525_884675,2026-09-03T16:45:25.884675+00:00,401872960,2026-09-27T20:25Z,Dallas Cowboys,Baltimore Ravens,Draft Kings,totals,over,51.5,-110,1.9,2026-09-03T16:45:25.884675+00:00,114,-135,2.5,-2.5,-110,-110,51.5,-110,-110
2026_09_03_164525_884675,2026-09-03T16:45:25.884675+00:00,401872960,2026-09-27T20:25Z,Dallas Cowboys,Baltimore Ravens,Draft Kings,totals,under,51.5,-110,1.9,2026-09-03T16:45:25.884675+00:00,114,-135,2.5,-2.5,-110,-110,51.5,-110,-110
2026_09_03_164525_884675,2026-09-03T16:45:25.884675+00:00,401872961,2026-09-27T20:25Z,New Orleans Saints,Las Vegas Raiders,Draft Kings,h2h,home,,-192,1.52,2026-09-03T16:45:25.884675+00:00,-192,160,-3.5,3.5,-110,-110,42.5,-110,-110
2026_09_03_164525_884675,2026-09-03T16:45:25.884675+00:00,401872961,2026-09-27T20:25Z,New Orleans Saints,Las Vegas Raiders,Draft Kings,h2h,away,,160,2.6,2026-09-03T16:45:25.884675+00:00,-192,160,-3.5,3.5,-110,-110,42.5,-110,-110
2026_09_03_164525_884675,2026-09-03T16:45:25.884675+00:00,401872961,2026-09-27T20:25Z,New Orleans Saints,Las Vegas Raiders,Draft Kings,spreads,home,-3.5,-110,1.9,2026-09-03T16:45:25.884675+00:00,-192,160,-3.5,3.5,-110,-110,42.5,-110,-110
2026_09_03_164525_884675,2026-09-03T16:45:25.884675+00:00,401872961,2026-09-27T20:25Z,New Orleans Saints,Las Vegas Raiders,Draft Kings,spreads,away,3.5,-110,1.9,2026-09-03T16:45:25.884675+00:00,-192,160,-3.5,3.5,-110,-110,42.5,-110,-110
2026_09_03_164525_884675,2026-09-03T16:45:25.884675+00:00,401872961,2026-09-27T20:25Z,New Orleans Saints,Las Vegas Raiders,Draft Kings,totals,over,42.5,-110,1.9,2026-09-03T16:45:25.884675+00:00,-192,160,-3.5,3.5,-110,-110,42.5,-110,-110
2026_09_03_164525_884675,2026-09-03T16:45:25.884675+00:00,401872961,2026-09-27T20:25Z,New Orleans Saints,Las Vegas Raiders,Draft Kings,totals,under,42.5,-110,1.9,2026-09-03T16:45:25.884675+00:00,-192,160,-3.5,3.5,-110,-110,42.5,-110,-110
2026_09_03_164525_884675,2026-09-03T16:45:25.884675+00:00,401872962,2026-09-28T00:20Z,Denver Broncos,Los Angeles Rams,Draft Kings,h2h,home,,130,2.3,2026-09-03T16:45:25.884675+00:00,130,-155,3,-3,-110,-110,45.5,-110,-110
2026_09_03_164525_884675,2026-09-03T16:45:25.884675+00:00,401872962,2026-09-28T00:20Z,Denver Broncos,Los Angeles Rams,Draft Kings,h2h,away,,-155,1.64,2026-09-03T16:45:25.884675+00:00,130,-155,3,-3,-110,-110,45.5,-110,-110
2026_09_03_164525_884675,2026-09-03T16:45:25.884675+00:00,401872962,2026-09-28T00:20Z,Denver Broncos,Los Angeles Rams,Draft Kings,spreads,home,3,-110,1.9,2026-09-03T16:45:25.884675+00:00,130,-155,3,-3,-110,-110,45.5,-110,-110
2026_09_03_164525_884675,2026-09-03T16:45:25.884675+00:00,401872962,2026-09-28T00:20Z,Denver Broncos,Los Angeles Rams,Draft Kings,spreads,away,-3,-110,1.9,2026-09-03T16:45:25.884675+00:00,130,-155,3,-3,-110,-110,45.5,-110,-110
2026_09_03_164525_884675,2026-09-03T16:45:25.884675+00:00,401872962,2026-09-28T00:20Z,Denver Broncos,Los Angeles Rams,Draft Kings,totals,over,45.5,-110,1.9,2026-09-03T16:45:25.884675+00:00,130,-155,3,-3,-110,-110,45.5,-110,-110
2026_09_03_164525_884675,2026-09-03T16:45:25.884675+00:00,401872962,2026-09-28T00:20Z,Denver Broncos,Los Angeles Rams,Draft Kings,totals,under,45.5,-110,1.9,2026-09-03T16:45:25.884675+00:00,130,-155,3,-3,-110,-110,45.5,-110,-110
2026_09_03_164525_884675,2026-09-03T16:45:25.884675+00:00,401872963,2026-09-29T00:15Z,Chicago Bears,Philadelphia Eagles,Draft Kings,h2h,home,,-118,1.84,2026-09-03T16:45:25.884675+00:00,-118,-102,-1.5,1.5,-105,-115,46.5,-110,-110
2026_09_03_164525_884675,2026-09-03T16:45:25.884675+00:00,401872963,2026-09-29T00:15Z,Chicago Bears,Philadelphia Eagles,Draft Kings,h2h,away,,-102,1.98,2026-09-03T16:45:25.884675+00:00,-118,-102,-1.5,1.5,-105,-115,46.5,-110,-110
2026_09_03_164525_884675,2026-09-03T16:45:25.884675+00:00,401872963,2026-09-29T00:15Z,Chicago Bears,Philadelphia Eagles,Draft Kings,spreads,home,-1.5,-105,1.95,2026-09-03T16:45:25.884675+00:00,-118,-102,-1.5,1.5,-105,-115,46.5,-110,-110
2026_09_03_164525_884675,2026-09-03T16:45:25.884675+00:00,401872963,2026-09-29T00:15Z,Chicago Bears,Philadelphia Eagles,Draft Kings,spreads,away,1.5,-115,1.86,2026-09-03T16:45:25.884675+00:00,-118,-102,-1.5,1.5,-105,-115,46.5,-110,-110
2026_09_03_164525_884675,2026-09-03T16:45:25.884675+00:00,401872963,2026-09-29T00:15Z,Chicago Bears,Philadelphia Eagles,Draft Kings,totals,over,46.5,-110,1.9,2026-09-03T16:45:25.884675+00:00,-118,-102,-1.5,1.5,-105,-115,46.5,-110,-110
2026_09_03_164525_884675,2026-09-03T16:45:25.884675+00:00,401872963,2026-09-29T00:15Z,Chicago Bears,Philadelphia Eagles,Draft Kings,totals,under,46.5,-110,1.9,2026-09-03T16:45:25.884675+00:00,-118,-102,-1.5,1.5,-105,-115,46.5,-110,-110
2026_09_03_164525_884675,2026-09-03T16:45:25.884675+00:00,401872964,2026-10-02T00:15Z,Cleveland Browns,Pittsburgh Steelers,Draft Kings,h2h,home,,114,2.14,2026-09-03T16:45:25.884675+00:00,114,-135,2.5,-2.5,-110,-110,40.5,-110,-110
2026_09_03_164525_884675,2026-09-03T16:45:25.884675+00:00,401872964,2026-10-02T00:15Z,Cleveland Browns,Pittsburgh Steelers,Draft Kings,h2h,away,,-135,1.74,2026-09-03T16:45:25.884675+00:00,114,-135,2.5,-2.5,-110,-110,40.5,-110,-110
2026_09_03_164525_884675,2026-09-03T16:45:25.884675+00:00,401872964,2026-10-02T00:15Z,Cleveland Browns,Pittsburgh Steelers,Draft Kings,spreads,home,2.5,-110,1.9,2026-09-03T16:45:25.884675+00:00,114,-135,2.5,-2.5,-110,-110,40.5,-110,-110
2026_09_03_164525_884675,2026-09-03T16:45:25.884675+00:00,401872964,2026-10-02T00:15Z,Cleveland Browns,Pittsburgh Steelers,Draft Kings,spreads,away,-2.5,-110,1.9,2026-09-03T16:45:25.884675+00:00,114,-135,2.5,-2.5,-110,-110,40.5,-110,-110
2026_09_03_164525_884675,2026-09-03T16:45:25.884675+00:00,401872964,2026-10-02T00:15Z,Cleveland Browns,Pittsburgh Steelers,Draft Kings,totals,over,40.5,-110,1.9,2026-09-03T16:45:25.884675+00:00,114,-135,2.5,-2.5,-110,-110,40.5,-110,-110
2026_09_03_164525_884675,2026-09-03T16:45:25.884675+00:00,401872964,2026-10-02T00:15Z,Cleveland Browns,Pittsburgh Steelers,Draft Kings,totals,under,40.5,-110,1.9,2026-09-03T16:45:25.884675+00:00,114,-135,2.5,-2.5,-110,-110,40.5,-110,-110
2026_09_03_164525_884675,2026-09-03T16:45:25.884675+00:00,401872965,2026-10-04T13:30Z,Washington Commanders,Indianapolis Colts,Draft Kings,h2h,home,,-118,1.84,2026-09-03T16:45:25.884675+00:00,-118,-102,-1.5,1.5,-105,-115,50.5,-110,-110
2026_09_03_164525_884675,2026-09-03T16:45:25.884675+00:00,401872965,2026-10-04T13:30Z,Washington Commanders,Indianapolis Colts,Draft Kings,h2h,away,,-102,1.98,2026-09-03T16:45:25.884675+00:00,-118,-102,-1.5,1.5,-105,-115,50.5,-110,-110
2026_09_03_164525_884675,2026-09-03T16:45:25.884675+00:00,401872965,2026-10-04T13:30Z,Washington Commanders,Indianapolis Colts,Draft Kings,spreads,home,-1.5,-105,1.95,2026-09-03T16:45:25.884675+00:00,-118,-102,-1.5,1.5,-105,-115,50.5,-110,-110
2026_09_03_164525_884675,2026-09-03T16:45:25.884675+00:00,401872965,2026-10-04T13:30Z,Washington Commanders,Indianapolis Colts,Draft Kings,spreads,away,1.5,-115,1.86,2026-09-03T16:45:25.884675+00:00,-118,-102,-1.5,1.5,-105,-115,50.5,-110,-110
2026_09_03_164525_884675,2026-09-03T16:45:25.884675+00:00,401872965,2026-10-04T13:30Z,Washington Commanders,Indianapolis Colts,Draft Kings,totals,over,50.5,-110,1.9,2026-09-03T16:45:25.884675+00:00,-118,-102,-1.5,1.5,-105,-115,50.5,-110,-110
2026_09_03_164525_884675,2026-09-03T16:45:25.884675+00:00,401872965,2026-10-04T13:30Z,Washington Commanders,Indianapolis Colts,Draft Kings,totals,under,50.5,-110,1.9,2026-09-03T16:45:25.884675+00:00,-118,-102,-1.5,1.5,-105,-115,50.5,-110,-110
2026_09_03_164525_884675,2026-09-03T16:45:25.884675+00:00,401872966,2026-10-04T17:00Z,New York Giants,Arizona Cardinals,Draft Kings,h2h,home,,-325,1.3,2026-09-03T16:45:25.884675+00:00,-325,260,-7,7,-110,-110,45.5,-110,-110
2026_09_03_164525_884675,2026-09-03T16:45:25.884675+00:00,401872966,2026-10-04T17:00Z,New York Giants,Arizona Cardinals,Draft Kings,h2h,away,,260,3.6,2026-09-03T16:45:25.884675+00:00,-325,260,-7,7,-110,-110,45.5,-110,-110
2026_09_03_164525_884675,2026-09-03T16:45:25.884675+00:00,401872966,2026-10-04T17:00Z,New York Giants,Arizona Cardinals,Draft Kings,spreads,home,-7,-110,1.9,2026-09-03T16:45:25.884675+00:00,-325,260,-7,7,-110,-110,45.5,-110,-110
2026_09_03_164525_884675,2026-09-03T16:45:25.884675+00:00,401872966,2026-10-04T17:00Z,New York Giants,Arizona Cardinals,Draft Kings,spreads,away,7,-110,1.9,2026-09-03T16:45:25.884675+00:00,-325,260,-7,7,-110,-110,45.5,-110,-110
2026_09_03_164525_884675,2026-09-03T16:45:25.884675+00:00,401872966,2026-10-04T17:00Z,New York Giants,Arizona Cardinals,Draft Kings,totals,over,45.5,-110,1.9,2026-09-03T16:45:25.884675+00:00,-325,260,-7,7,-110,-110,45.5,-110,-110
2026_09_03_164525_884675,2026-09-03T16:45:25.884675+00:00,401872966,2026-10-04T17:00Z,New York Giants,Arizona Cardinals,Draft Kings,totals,under,45.5,-110,1.9,2026-09-03T16:45:25.884675+00:00,-325,260,-7,7,-110,-110,45.5,-110,-110
2026_09_03_164525_884675,2026-09-03T16:45:25.884675+00:00,401872967,2026-10-04T17:00Z,Houston Texans,Dallas Cowboys,Draft Kings,h2h,home,,-135,1.74,2026-09-03T16:45:25.884675+00:00,-135,114,-2.5,2.5,-110,-110,47.5,-110,-110
2026_09_03_164525_884675,2026-09-03T16:45:25.884675+00:00,401872967,2026-10-04T17:00Z,Houston Texans,Dallas Cowboys,Draft Kings,h2h,away,,114,2.14,2026-09-03T16:45:25.884675+00:00,-135,114,-2.5,2.5,-110,-110,47.5,-110,-110
2026_09_03_164525_884675,2026-09-03T16:45:25.884675+00:00,401872967,2026-10-04T17:00Z,Houston Texans,Dallas Cowboys,Draft Kings,spreads,home,-2.5,-110,1.9,2026-09-03T16:45:25.884675+00:00,-135,114,-2.5,2.5,-110,-110,47.5,-110,-110
2026_09_03_164525_884675,2026-09-03T16:45:25.884675+00:00,401872967,2026-10-04T17:00Z,Houston Texans,Dallas Cowboys,Draft Kings,spreads,away,2.5,-110,1.9,2026-09-03T16:45:25.884675+00:00,-135,114,-2.5,2.5,-110,-110,47.5,-110,-110
2026_09_03_164525_884675,2026-09-03T16:45:25.884675+00:00,401872967,2026-10-04T17:00Z,Houston Texans,Dallas Cowboys,Draft Kings,totals,over,47.5,-110,1.9,2026-09-03T16:45:25.884675+00:00,-135,114,-2.5,2.5,-110,-110,47.5,-110,-110
2026_09_03_164525_884675,2026-09-03T16:45:25.884675+00:00,401872967,2026-10-04T17:00Z,Houston Texans,Dallas Cowboys,Draft Kings,totals,under,47.5,-110,1.9,2026-09-03T16:45:25.884675+00:00,-135,114,-2.5,2.5,-110,-110,47.5,-110,-110
2026_09_03_164525_884675,2026-09-03T16:45:25.884675+00:00,401872968,2026-10-04T17:00Z,Tampa Bay Buccaneers,Green Bay Packers,Draft Kings,h2h,home,,105,2.05,2026-09-03T16:45:25.884675+00:00,105,-125,1.5,-1.5,-110,-110,47.5,-110,-110
2026_09_03_164525_884675,2026-09-03T16:45:25.884675+00:00,401872968,2026-10-04T17:00Z,Tampa Bay Buccaneers,Green Bay Packers,Draft Kings,h2h,away,,-125,1.8,2026-09-03T16:45:25.884675+00:00,105,-125,1.5,-1.5,-110,-110,47.5,-110,-110
2026_09_03_164525_884675,2026-09-03T16:45:25.884675+00:00,401872968,2026-10-04T17:00Z,Tampa Bay Buccaneers,Green Bay Packers,Draft Kings,spreads,home,1.5,-110,1.9,2026-09-03T16:45:25.884675+00:00,105,-125,1.5,-1.5,-110,-110,47.5,-110,-110
2026_09_03_164525_884675,2026-09-03T16:45:25.884675+00:00,401872968,2026-10-04T17:00Z,Tampa Bay Buccaneers,Green Bay Packers,Draft Kings,spreads,away,-1.5,-110,1.9,2026-09-03T16:45:25.884675+00:00,105,-125,1.5,-1.5,-110,-110,47.5,-110,-110
2026_09_03_164525_884675,2026-09-03T16:45:25.884675+00:00,401872968,2026-10-04T17:00Z,Tampa Bay Buccaneers,Green Bay Packers,Draft Kings,totals,over,47.5,-110,1.9,2026-09-03T16:45:25.884675+00:00,105,-125,1.5,-1.5,-110,-110,47.5,-110,-110
2026_09_03_164525_884675,2026-09-03T16:45:25.884675+00:00,401872968,2026-10-04T17:00Z,Tampa Bay Buccaneers,Green Bay Packers,Draft Kings,totals,under,47.5,-110,1.9,2026-09-03T16:45:25.884675+00:00,105,-125,1.5,-1.5,-110,-110,47.5,-110,-110
2026_09_03_164525_884675,2026-09-03T16:45:25.884675+00:00,401872969,2026-10-04T17:00Z,Cincinnati Bengals,Jacksonville Jaguars,Draft Kings,h2h,home,,-135,1.74,2026-09-03T16:45:25.884675+00:00,-135,114,-2.5,2.5,-110,-110,51.5,-110,-110
2026_09_03_164525_884675,2026-09-03T16:45:25.884675+00:00,401872969,2026-10-04T17:00Z,Cincinnati Bengals,Jacksonville Jaguars,Draft Kings,h2h,away,,114,2.14,2026-09-03T16:45:25.884675+00:00,-135,114,-2.5,2.5,-110,-110,51.5,-110,-110
2026_09_03_164525_884675,2026-09-03T16:45:25.884675+00:00,401872969,2026-10-04T17:00Z,Cincinnati Bengals,Jacksonville Jaguars,Draft Kings,spreads,home,-2.5,-110,1.9,2026-09-03T16:45:25.884675+00:00,-135,114,-2.5,2.5,-110,-110,51.5,-110,-110
2026_09_03_164525_884675,2026-09-03T16:45:25.884675+00:00,401872969,2026-10-04T17:00Z,Cincinnati Bengals,Jacksonville Jaguars,Draft Kings,spreads,away,2.5,-110,1.9,2026-09-03T16:45:25.884675+00:00,-135,114,-2.5,2.5,-110,-110,51.5,-110,-110
2026_09_03_164525_884675,2026-09-03T16:45:25.884675+00:00,401872969,2026-10-04T17:00Z,Cincinnati Bengals,Jacksonville Jaguars,Draft Kings,totals,over,51.5,-110,1.9,2026-09-03T16:45:25.884675+00:00,-135,114,-2.5,2.5,-110,-110,51.5,-110,-110
2026_09_03_164525_884675,2026-09-03T16:45:25.884675+00:00,401872969,2026-10-04T17:00Z,Cincinnati Bengals,Jacksonville Jaguars,Draft Kings,totals,under,51.5,-110,1.9,2026-09-03T16:45:25.884675+00:00,-135,114,-2.5,2.5,-110,-110,51.5,-110,-110
2026_09_03_164525_884675,2026-09-03T16:45:25.884675+00:00,401872970,2026-10-04T17:00Z,Philadelphia Eagles,Los Angeles Rams,Draft Kings,h2h,home,,105,2.05,2026-09-03T16:45:25.884675+00:00,105,-125,1.5,-1.5,-110,-110,47.5,-110,-110
2026_09_03_164525_884675,2026-09-03T16:45:25.884675+00:00,401872970,2026-10-04T17:00Z,Philadelphia Eagles,Los Angeles Rams,Draft Kings,h2h,away,,-125,1.8,2026-09-03T16:45:25.884675+00:00,105,-125,1.5,-1.5,-110,-110,47.5,-110,-110
2026_09_03_164525_884675,2026-09-03T16:45:25.884675+00:00,401872970,2026-10-04T17:00Z,Philadelphia Eagles,Los Angeles Rams,Draft Kings,spreads,home,1.5,-110,1.9,2026-09-03T16:45:25.884675+00:00,105,-125,1.5,-1.5,-110,-110,47.5,-110,-110
2026_09_03_164525_884675,2026-09-03T16:45:25.884675+00:00,401872970,2026-10-04T17:00Z,Philadelphia Eagles,Los Angeles Rams,Draft Kings,spreads,away,-1.5,-110,1.9,2026-09-03T16:45:25.884675+00:00,105,-125,1.5,-1.5,-110,-110,47.5,-110,-110
2026_09_03_164525_884675,2026-09-03T16:45:25.884675+00:00,401872970,2026-10-04T17:00Z,Philadelphia Eagles,Los Angeles Rams,Draft Kings,totals,over,47.5,-110,1.9,2026-09-03T16:45:25.884675+00:00,105,-125,1.5,-1.5,-110,-110,47.5,-110,-110
2026_09_03_164525_884675,2026-09-03T16:45:25.884675+00:00,401872970,2026-10-04T17:00Z,Philadelphia Eagles,Los Angeles Rams,Draft Kings,totals,under,47.5,-110,1.9,2026-09-03T16:45:25.884675+00:00,105,-125,1.5,-1.5,-110,-110,47.5,-110,-110
2026_09_03_164525_884675,2026-09-03T16:45:25.884675+00:00,401872971,2026-10-04T17:00Z,Buffalo Bills,New England Patriots,Draft Kings,h2h,home,,-166,1.6,2026-09-03T16:45:25.884675+00:00,-166,140,-3,3,-110,-110,49.5,-110,-110
2026_09_03_164525_884675,2026-09-03T16:45:25.884675+00:00,401872971,2026-10-04T17:00Z,Buffalo Bills,New England Patriots,Draft Kings,h2h,away,,140,2.4,2026-09-03T16:45:25.884675+00:00,-166,140,-3,3,-110,-110,49.5,-110,-110
2026_09_03_164525_884675,2026-09-03T16:45:25.884675+00:00,401872971,2026-10-04T17:00Z,Buffalo Bills,New England Patriots,Draft Kings,spreads,home,-3,-110,1.9,2026-09-03T16:45:25.884675+00:00,-166,140,-3,3,-110,-110,49.5,-110,-110
2026_09_03_164525_884675,2026-09-03T16:45:25.884675+00:00,401872971,2026-10-04T17:00Z,Buffalo Bills,New England Patriots,Draft Kings,spreads,away,3,-110,1.9,2026-09-03T16:45:25.884675+00:00,-166,140,-3,3,-110,-110,49.5,-110,-110
2026_09_03_164525_884675,2026-09-03T16:45:25.884675+00:00,401872971,2026-10-04T17:00Z,Buffalo Bills,New England Patriots,Draft Kings,totals,over,49.5,-110,1.9,2026-09-03T16:45:25.884675+00:00,-166,140,-3,3,-110,-110,49.5,-110,-110
2026_09_03_164525_884675,2026-09-03T16:45:25.884675+00:00,401872971,2026-10-04T17:00Z,Buffalo Bills,New England Patriots,Draft Kings,totals,under,49.5,-110,1.9,2026-09-03T16:45:25.884675+00:00,-166,140,-3,3,-110,-110,49.5,-110,-110
2026_09_03_164525_884675,2026-09-03T16:45:25.884675+00:00,401872972,2026-10-04T17:00Z,Chicago Bears,New York Jets,Draft Kings,h2h,home,,-425,1.23,2026-09-03T16:45:25.884675+00:00,-425,330,-8.5,8.5,-110,-110,45.5,-110,-110
2026_09_03_164525_884675,2026-09-03T16:45:25.884675+00:00,401872972,2026-10-04T17:00Z,Chicago Bears,New York Jets,Draft Kings,h2h,away,,330,4.3,2026-09-03T16:45:25.884675+00:00,-425,330,-8.5,8.5,-110,-110,45.5,-110,-110
2026_09_03_164525_884675,2026-09-03T16:45:25.884675+00:00,401872972,2026-10-04T17:00Z,Chicago Bears,New York Jets,Draft Kings,spreads,home,-8.5,-110,1.9,2026-09-03T16:45:25.884675+00:00,-425,330,-8.5,8.5,-110,-110,45.5,-110,-110
2026_09_03_164525_884675,2026-09-03T16:45:25.884675+00:00,401872972,2026-10-04T17:00Z,Chicago Bears,New York Jets,Draft Kings,spreads,away,8.5,-110,1.9,2026-09-03T16:45:25.884675+00:00,-425,330,-8.5,8.5,-110,-110,45.5,-110,-110
2026_09_03_164525_884675,2026-09-03T16:45:25.884675+00:00,401872972,2026-10-04T17:00Z,Chicago Bears,New York Jets,Draft Kings,totals,over,45.5,-110,1.9,2026-09-03T16:45:25.884675+00:00,-425,330,-8.5,8.5,-110,-110,45.5,-110,-110
2026_09_03_164525_884675,2026-09-03T16:45:25.884675+00:00,401872972,2026-10-04T17:00Z,Chicago Bears,New York Jets,Draft Kings,totals,under,45.5,-110,1.9,2026-09-03T16:45:25.884675+00:00,-425,330,-8.5,8.5,-110,-110,45.5,-110,-110
2026_09_03_164525_884675,2026-09-03T16:45:25.884675+00:00,401872973,2026-10-04T17:00Z,Baltimore Ravens,Tennessee Titans,Draft Kings,h2h,home,,-395,1.25,2026-09-03T16:45:25.884675+00:00,-395,310,-8.5,8.5,-110,-110,47.5,-110,-110
2026_09_03_164525_884675,2026-09-03T16:45:25.884675+00:00,401872973,2026-10-04T17:00Z,Baltimore Ravens,Tennessee Titans,Draft Kings,h2h,away,,310,4.1,2026-09-03T16:45:25.884675+00:00,-395,310,-8.5,8.5,-110,-110,47.5,-110,-110
2026_09_03_164525_884675,2026-09-03T16:45:25.884675+00:00,401872973,2026-10-04T17:00Z,Baltimore Ravens,Tennessee Titans,Draft Kings,spreads,home,-8.5,-110,1.9,2026-09-03T16:45:25.884675+00:00,-395,310,-8.5,8.5,-110,-110,47.5,-110,-110
2026_09_03_164525_884675,2026-09-03T16:45:25.884675+00:00,401872973,2026-10-04T17:00Z,Baltimore Ravens,Tennessee Titans,Draft Kings,spreads,away,8.5,-110,1.9,2026-09-03T16:45:25.884675+00:00,-395,310,-8.5,8.5,-110,-110,47.5,-110,-110
2026_09_03_164525_884675,2026-09-03T16:45:25.884675+00:00,401872973,2026-10-04T17:00Z,Baltimore Ravens,Tennessee Titans,Draft Kings,totals,over,47.5,-110,1.9,2026-09-03T16:45:25.884675+00:00,-395,310,-8.5,8.5,-110,-110,47.5,-110,-110
2026_09_03_164525_884675,2026-09-03T16:45:25.884675+00:00,401872973,2026-10-04T17:00Z,Baltimore Ravens,Tennessee Titans,Draft Kings,totals,under,47.5,-110,1.9,2026-09-03T16:45:25.884675+00:00,-395,310,-8.5,8.5,-110,-110,47.5,-110,-110
2026_09_03_164525_884675,2026-09-03T16:45:25.884675+00:00,401872974,2026-10-04T20:05Z,Minnesota Vikings,Miami Dolphins,Draft Kings,h2h,home,,-410,1.24,2026-09-03T16:45:25.884675+00:00,-410,320,-7.5,7.5,-110,-110,43.5,-110,-110
2026_09_03_164525_884675,2026-09-03T16:45:25.884675+00:00,401872974,2026-10-04T20:05Z,Minnesota Vikings,Miami Dolphins,Draft Kings,h2h,away,,320,4.2,2026-09-03T16:45:25.884675+00:00,-410,320,-7.5,7.5,-110,-110,43.5,-110,-110
2026_09_03_164525_884675,2026-09-03T16:45:25.884675+00:00,401872974,2026-10-04T20:05Z,Minnesota Vikings,Miami Dolphins,Draft Kings,spreads,home,-7.5,-110,1.9,2026-09-03T16:45:25.884675+00:00,-410,320,-7.5,7.5,-110,-110,43.5,-110,-110
2026_09_03_164525_884675,2026-09-03T16:45:25.884675+00:00,401872974,2026-10-04T20:05Z,Minnesota Vikings,Miami Dolphins,Draft Kings,spreads,away,7.5,-110,1.9,2026-09-03T16:45:25.884675+00:00,-410,320,-7.5,7.5,-110,-110,43.5,-110,-110
2026_09_03_164525_884675,2026-09-03T16:45:25.884675+00:00,401872974,2026-10-04T20:05Z,Minnesota Vikings,Miami Dolphins,Draft Kings,totals,over,43.5,-110,1.9,2026-09-03T16:45:25.884675+00:00,-410,320,-7.5,7.5,-110,-110,43.5,-110,-110
2026_09_03_164525_884675,2026-09-03T16:45:25.884675+00:00,401872974,2026-10-04T20:05Z,Minnesota Vikings,Miami Dolphins,Draft Kings,totals,under,43.5,-110,1.9,2026-09-03T16:45:25.884675+00:00,-410,320,-7.5,7.5,-110,-110,43.5,-110,-110
2026_09_03_164525_884675,2026-09-03T16:45:25.884675+00:00,401872975,2026-10-04T20:25Z,San Francisco 49ers,Denver Broncos,Draft Kings,h2h,home,,-142,1.7,2026-09-03T16:45:25.884675+00:00,-142,120,-2.5,2.5,-110,-110,46.5,-110,-110
2026_09_03_164525_884675,2026-09-03T16:45:25.884675+00:00,401872975,2026-10-04T20:25Z,San Francisco 49ers,Denver Broncos,Draft Kings,h2h,away,,120,2.2,2026-09-03T16:45:25.884675+00:00,-142,120,-2.5,2.5,-110,-110,46.5,-110,-110
2026_09_03_164525_884675,2026-09-03T16:45:25.884675+00:00,401872975,2026-10-04T20:25Z,San Francisco 49ers,Denver Broncos,Draft Kings,spreads,home,-2.5,-110,1.9,2026-09-03T16:45:25.884675+00:00,-142,120,-2.5,2.5,-110,-110,46.5,-110,-110
2026_09_03_164525_884675,2026-09-03T16:45:25.884675+00:00,401872975,2026-10-04T20:25Z,San Francisco 49ers,Denver Broncos,Draft Kings,spreads,away,2.5,-110,1.9,2026-09-03T16:45:25.884675+00:00,-142,120,-2.5,2.5,-110,-110,46.5,-110,-110
2026_09_03_164525_884675,2026-09-03T16:45:25.884675+00:00,401872975,2026-10-04T20:25Z,San Francisco 49ers,Denver Broncos,Draft Kings,totals,over,46.5,-110,1.9,2026-09-03T16:45:25.884675+00:00,-142,120,-2.5,2.5,-110,-110,46.5,-110,-110
2026_09_03_164525_884675,2026-09-03T16:45:25.884675+00:00,401872975,2026-10-04T20:25Z,San Francisco 49ers,Denver Broncos,Draft Kings,totals,under,46.5,-110,1.9,2026-09-03T16:45:25.884675+00:00,-142,120,-2.5,2.5,-110,-110,46.5,-110,-110
2026_09_03_164525_884675,2026-09-03T16:45:25.884675+00:00,401872976,2026-10-04T20:25Z,Las Vegas Raiders,Kansas City Chiefs,Draft Kings,h2h,home,,205,3.05,2026-09-03T16:45:25.884675+00:00,205,-250,5.5,-5.5,-110,-110,43.5,-110,-110
2026_09_03_164525_884675,2026-09-03T16:45:25.884675+00:00,401872976,2026-10-04T20:25Z,Las Vegas Raiders,Kansas City Chiefs,Draft Kings,h2h,away,,-250,1.4,2026-09-03T16:45:25.884675+00:00,205,-250,5.5,-5.5,-110,-110,43.5,-110,-110
2026_09_03_164525_884675,2026-09-03T16:45:25.884675+00:00,401872976,2026-10-04T20:25Z,Las Vegas Raiders,Kansas City Chiefs,Draft Kings,spreads,home,5.5,-110,1.9,2026-09-03T16:45:25.884675+00:00,205,-250,5.5,-5.5,-110,-110,43.5,-110,-110
2026_09_03_164525_884675,2026-09-03T16:45:25.884675+00:00,401872976,2026-10-04T20:25Z,Las Vegas Raiders,Kansas City Chiefs,Draft Kings,spreads,away,-5.5,-110,1.9,2026-09-03T16:45:25.884675+00:00,205,-250,5.5,-5.5,-110,-110,43.5,-110,-110
2026_09_03_164525_884675,2026-09-03T16:45:25.884675+00:00,401872976,2026-10-04T20:25Z,Las Vegas Raiders,Kansas City Chiefs,Draft Kings,totals,over,43.5,-110,1.9,2026-09-03T16:45:25.884675+00:00,205,-250,5.5,-5.5,-110,-110,43.5,-110,-110
2026_09_03_164525_884675,2026-09-03T16:45:25.884675+00:00,401872976,2026-10-04T20:25Z,Las Vegas Raiders,Kansas City Chiefs,Draft Kings,totals,under,43.5,-110,1.9,2026-09-03T16:45:25.884675+00:00,205,-250,5.5,-5.5,-110,-110,43.5,-110,-110
2026_09_03_164525_884675,2026-09-03T16:45:25.884675+00:00,401872977,2026-10-04T20:25Z,Seattle Seahawks,Los Angeles Chargers,Draft Kings,h2h,home,,-175,1.57,2026-09-03T16:45:25.884675+00:00,-175,145,-3,3,-115,-105,45.5,-110,-110
2026_09_03_164525_884675,2026-09-03T16:45:25.884675+00:00,401872977,2026-10-04T20:25Z,Seattle Seahawks,Los Angeles Chargers,Draft Kings,h2h,away,,145,2.45,2026-09-03T16:45:25.884675+00:00,-175,145,-3,3,-115,-105,45.5,-110,-110
2026_09_03_164525_884675,2026-09-03T16:45:25.884675+00:00,401872977,2026-10-04T20:25Z,Seattle Seahawks,Los Angeles Chargers,Draft Kings,spreads,home,-3,-115,1.86,2026-09-03T16:45:25.884675+00:00,-175,145,-3,3,-115,-105,45.5,-110,-110
2026_09_03_164525_884675,2026-09-03T16:45:25.884675+00:00,401872977,2026-10-04T20:25Z,Seattle Seahawks,Los Angeles Chargers,Draft Kings,spreads,away,3,-105,1.95,2026-09-03T16:45:25.884675+00:00,-175,145,-3,3,-115,-105,45.5,-110,-110
2026_09_03_164525_884675,2026-09-03T16:45:25.884675+00:00,401872977,2026-10-04T20:25Z,Seattle Seahawks,Los Angeles Chargers,Draft Kings,totals,over,45.5,-110,1.9,2026-09-03T16:45:25.884675+00:00,-175,145,-3,3,-115,-105,45.5,-110,-110
2026_09_03_164525_884675,2026-09-03T16:45:25.884675+00:00,401872977,2026-10-04T20:25Z,Seattle Seahawks,Los Angeles Chargers,Draft Kings,totals,under,45.5,-110,1.9,2026-09-03T16:45:25.884675+00:00,-175,145,-3,3,-115,-105,45.5,-110,-110
2026_09_03_164525_884675,2026-09-03T16:45:25.884675+00:00,401872978,2026-10-05T00:20Z,Carolina Panthers,Detroit Lions,Draft Kings,h2h,home,,136,2.36,2026-09-03T16:45:25.884675+00:00,136,-162,3,-3,-110,-110,47.5,-110,-110
2026_09_03_164525_884675,2026-09-03T16:45:25.884675+00:00,401872978,2026-10-05T00:20Z,Carolina Panthers,Detroit Lions,Draft Kings,h2h,away,,-162,1.61,2026-09-03T16:45:25.884675+00:00,136,-162,3,-3,-110,-110,47.5,-110,-110
2026_09_03_164525_884675,2026-09-03T16:45:25.884675+00:00,401872978,2026-10-05T00:20Z,Carolina Panthers,Detroit Lions,Draft Kings,spreads,home,3,-110,1.9,2026-09-03T16:45:25.884675+00:00,136,-162,3,-3,-110,-110,47.5,-110,-110
2026_09_03_164525_884675,2026-09-03T16:45:25.884675+00:00,401872978,2026-10-05T00:20Z,Carolina Panthers,Detroit Lions,Draft Kings,spreads,away,-3,-110,1.9,2026-09-03T16:45:25.884675+00:00,136,-162,3,-3,-110,-110,47.5,-110,-110
2026_09_03_164525_884675,2026-09-03T16:45:25.884675+00:00,401872978,2026-10-05T00:20Z,Carolina Panthers,Detroit Lions,Draft Kings,totals,over,47.5,-110,1.9,2026-09-03T16:45:25.884675+00:00,136,-162,3,-3,-110,-110,47.5,-110,-110
2026_09_03_164525_884675,2026-09-03T16:45:25.884675+00:00,401872978,2026-10-05T00:20Z,Carolina Panthers,Detroit Lions,Draft Kings,totals,under,47.5,-110,1.9,2026-09-03T16:45:25.884675+00:00,136,-162,3,-3,-110,-110,47.5,-110,-110
2026_09_03_164525_884675,2026-09-03T16:45:25.884675+00:00,401872979,2026-10-06T00:15Z,New Orleans Saints,Atlanta Falcons,Draft Kings,h2h,home,,-135,1.74,2026-09-03T16:45:25.884675+00:00,-135,114,-2.5,2.5,-110,-110,45.5,-115,-105
2026_09_03_164525_884675,2026-09-03T16:45:25.884675+00:00,401872979,2026-10-06T00:15Z,New Orleans Saints,Atlanta Falcons,Draft Kings,h2h,away,,114,2.14,2026-09-03T16:45:25.884675+00:00,-135,114,-2.5,2.5,-110,-110,45.5,-115,-105
2026_09_03_164525_884675,2026-09-03T16:45:25.884675+00:00,401872979,2026-10-06T00:15Z,New Orleans Saints,Atlanta Falcons,Draft Kings,spreads,home,-2.5,-110,1.9,2026-09-03T16:45:25.884675+00:00,-135,114,-2.5,2.5,-110,-110,45.5,-115,-105
2026_09_03_164525_884675,2026-09-03T16:45:25.884675+00:00,401872979,2026-10-06T00:15Z,New Orleans Saints,Atlanta Falcons,Draft Kings,spreads,away,2.5,-110,1.9,2026-09-03T16:45:25.884675+00:00,-135,114,-2.5,2.5,-110,-110,45.5,-115,-105
2026_09_03_164525_884675,2026-09-03T16:45:25.884675+00:00,401872979,2026-10-06T00:15Z,New Orleans Saints,Atlanta Falcons,Draft Kings,totals,over,45.5,-115,1.86,2026-09-03T16:45:25.884675+00:00,-135,114,-2.5,2.5,-110,-110,45.5,-115,-105
2026_09_03_164525_884675,2026-09-03T16:45:25.884675+00:00,401872979,2026-10-06T00:15Z,New Orleans Saints,Atlanta Falcons,Draft Kings,totals,under,45.5,-105,1.95,2026-09-03T16:45:25.884675+00:00,-135,114,-2.5,2.5,-110,-110,45.5,-115,-105
2026_09_03_164525_884675,2026-09-03T16:45:25.884675+00:00,401872980,2026-10-09T00:15Z,Dallas Cowboys,Tampa Bay Buccaneers,Draft Kings,h2h,home,,-205,1.48,2026-09-03T16:45:25.884675+00:00,-205,170,-3.5,3.5,-110,-110,52.5,-110,-110
2026_09_03_164525_884675,2026-09-03T16:45:25.884675+00:00,401872980,2026-10-09T00:15Z,Dallas Cowboys,Tampa Bay Buccaneers,Draft Kings,h2h,away,,170,2.7,2026-09-03T16:45:25.884675+00:00,-205,170,-3.5,3.5,-110,-110,52.5,-110,-110
2026_09_03_164525_884675,2026-09-03T16:45:25.884675+00:00,401872980,2026-10-09T00:15Z,Dallas Cowboys,Tampa Bay Buccaneers,Draft Kings,spreads,home,-3.5,-110,1.9,2026-09-03T16:45:25.884675+00:00,-205,170,-3.5,3.5,-110,-110,52.5,-110,-110
2026_09_03_164525_884675,2026-09-03T16:45:25.884675+00:00,401872980,2026-10-09T00:15Z,Dallas Cowboys,Tampa Bay Buccaneers,Draft Kings,spreads,away,3.5,-110,1.9,2026-09-03T16:45:25.884675+00:00,-205,170,-3.5,3.5,-110,-110,52.5,-110,-110
2026_09_03_164525_884675,2026-09-03T16:45:25.884675+00:00,401872980,2026-10-09T00:15Z,Dallas Cowboys,Tampa Bay Buccaneers,Draft Kings,totals,over,52.5,-110,1.9,2026-09-03T16:45:25.884675+00:00,-205,170,-3.5,3.5,-110,-110,52.5,-110,-110
2026_09_03_164525_884675,2026-09-03T16:45:25.884675+00:00,401872980,2026-10-09T00:15Z,Dallas Cowboys,Tampa Bay Buccaneers,Draft Kings,totals,under,52.5,-110,1.9,2026-09-03T16:45:25.884675+00:00,-205,170,-3.5,3.5,-110,-110,52.5,-110,-110
2026_09_03_164525_884675,2026-09-03T16:45:25.884675+00:00,401872981,2026-10-11T13:30Z,Jacksonville Jaguars,Philadelphia Eagles,Draft Kings,h2h,home,,105,2.05,2026-09-03T16:45:25.884675+00:00,105,-125,1.5,-1.5,-110,-110,45.5,-110,-110
2026_09_03_164525_884675,2026-09-03T16:45:25.884675+00:00,401872981,2026-10-11T13:30Z,Jacksonville Jaguars,Philadelphia Eagles,Draft Kings,h2h,away,,-125,1.8,2026-09-03T16:45:25.884675+00:00,105,-125,1.5,-1.5,-110,-110,45.5,-110,-110
2026_09_03_164525_884675,2026-09-03T16:45:25.884675+00:00,401872981,2026-10-11T13:30Z,Jacksonville Jaguars,Philadelphia Eagles,Draft Kings,spreads,home,1.5,-110,1.9,2026-09-03T16:45:25.884675+00:00,105,-125,1.5,-1.5,-110,-110,45.5,-110,-110
2026_09_03_164525_884675,2026-09-03T16:45:25.884675+00:00,401872981,2026-10-11T13:30Z,Jacksonville Jaguars,Philadelphia Eagles,Draft Kings,spreads,away,-1.5,-110,1.9,2026-09-03T16:45:25.884675+00:00,105,-125,1.5,-1.5,-110,-110,45.5,-110,-110
2026_09_03_164525_884675,2026-09-03T16:45:25.884675+00:00,401872981,2026-10-11T13:30Z,Jacksonville Jaguars,Philadelphia Eagles,Draft Kings,totals,over,45.5,-110,1.9,2026-09-03T16:45:25.884675+00:00,105,-125,1.5,-1.5,-110,-110,45.5,-110,-110
2026_09_03_164525_884675,2026-09-03T16:45:25.884675+00:00,401872981,2026-10-11T13:30Z,Jacksonville Jaguars,Philadelphia Eagles,Draft Kings,totals,under,45.5,-110,1.9,2026-09-03T16:45:25.884675+00:00,105,-125,1.5,-1.5,-110,-110,45.5,-110,-110
2026_09_03_164525_884675,2026-09-03T16:45:25.884675+00:00,401872982,2026-10-11T17:00Z,Miami Dolphins,Cincinnati Bengals,Draft Kings,h2h,home,,225,3.25,2026-09-03T16:45:25.884675+00:00,225,-278,6,-6,-110,-110,49.5,-110,-110
2026_09_03_164525_884675,2026-09-03T16:45:25.884675+00:00,401872982,2026-10-11T17:00Z,Miami Dolphins,Cincinnati Bengals,Draft Kings,h2h,away,,-278,1.35,2026-09-03T16:45:25.884675+00:00,225,-278,6,-6,-110,-110,49.5,-110,-110
2026_09_03_164525_884675,2026-09-03T16:45:25.884675+00:00,401872982,2026-10-11T17:00Z,Miami Dolphins,Cincinnati Bengals,Draft Kings,spreads,home,6,-110,1.9,2026-09-03T16:45:25.884675+00:00,225,-278,6,-6,-110,-110,49.5,-110,-110
2026_09_03_164525_884675,2026-09-03T16:45:25.884675+00:00,401872982,2026-10-11T17:00Z,Miami Dolphins,Cincinnati Bengals,Draft Kings,spreads,away,-6,-110,1.9,2026-09-03T16:45:25.884675+00:00,225,-278,6,-6,-110,-110,49.5,-110,-110
2026_09_03_164525_884675,2026-09-03T16:45:25.884675+00:00,401872982,2026-10-11T17:00Z,Miami Dolphins,Cincinnati Bengals,Draft Kings,totals,over,49.5,-110,1.9,2026-09-03T16:45:25.884675+00:00,225,-278,6,-6,-110,-110,49.5,-110,-110
2026_09_03_164525_884675,2026-09-03T16:45:25.884675+00:00,401872982,2026-10-11T17:00Z,Miami Dolphins,Cincinnati Bengals,Draft Kings,totals,under,49.5,-110,1.9,2026-09-03T16:45:25.884675+00:00,225,-278,6,-6,-110,-110,49.5,-110,-110
2026_09_03_164525_884675,2026-09-03T16:45:25.884675+00:00,401872983,2026-10-11T17:00Z,New York Jets,Cleveland Browns,Draft Kings,h2h,home,,-130,1.76,2026-09-03T16:45:25.884675+00:00,-130,110,-1.5,1.5,-115,-105,39.5,-110,-110
2026_09_03_164525_884675,2026-09-03T16:45:25.884675+00:00,401872983,2026-10-11T17:00Z,New York Jets,Cleveland Browns,Draft Kings,h2h,away,,110,2.1,2026-09-03T16:45:25.884675+00:00,-130,110,-1.5,1.5,-115,-105,39.5,-110,-110
2026_09_03_164525_884675,2026-09-03T16:45:25.884675+00:00,401872983,2026-10-11T17:00Z,New York Jets,Cleveland Browns,Draft Kings,spreads,home,-1.5,-115,1.86,2026-09-03T16:45:25.884675+00:00,-130,110,-1.5,1.5,-115,-105,39.5,-110,-110
2026_09_03_164525_884675,2026-09-03T16:45:25.884675+00:00,401872983,2026-10-11T17:00Z,New York Jets,Cleveland Browns,Draft Kings,spreads,away,1.5,-105,1.95,2026-09-03T16:45:25.884675+00:00,-130,110,-1.5,1.5,-115,-105,39.5,-110,-110
2026_09_03_164525_884675,2026-09-03T16:45:25.884675+00:00,401872983,2026-10-11T17:00Z,New York Jets,Cleveland Browns,Draft Kings,totals,over,39.5,-110,1.9,2026-09-03T16:45:25.884675+00:00,-130,110,-1.5,1.5,-115,-105,39.5,-110,-110
2026_09_03_164525_884675,2026-09-03T16:45:25.884675+00:00,401872983,2026-10-11T17:00Z,New York Jets,Cleveland Browns,Draft Kings,totals,under,39.5,-110,1.9,2026-09-03T16:45:25.884675+00:00,-130,110,-1.5,1.5,-115,-105,39.5,-110,-110
2026_09_03_164525_884675,2026-09-03T16:45:25.884675+00:00,401872984,2026-10-11T17:00Z,Tennessee Titans,Houston Texans,Draft Kings,h2h,home,,154,2.54,2026-09-03T16:45:25.884675+00:00,154,-185,3.5,-3.5,-110,-110,43.5,-110,-110
2026_09_03_164525_884675,2026-09-03T16:45:25.884675+00:00,401872984,2026-10-11T17:00Z,Tennessee Titans,Houston Texans,Draft Kings,h2h,away,,-185,1.54,2026-09-03T16:45:25.884675+00:00,154,-185,3.5,-3.5,-110,-110,43.5,-110,-110
2026_09_03_164525_884675,2026-09-03T16:45:25.884675+00:00,401872984,2026-10-11T17:00Z,Tennessee Titans,Houston Texans,Draft Kings,spreads,home,3.5,-110,1.9,2026-09-03T16:45:25.884675+00:00,154,-185,3.5,-3.5,-110,-110,43.5,-110,-110
2026_09_03_164525_884675,2026-09-03T16:45:25.884675+00:00,401872984,2026-10-11T17:00Z,Tennessee Titans,Houston Texans,Draft Kings,spreads,away,-3.5,-110,1.9,2026-09-03T16:45:25.884675+00:00,154,-185,3.5,-3.5,-110,-110,43.5,-110,-110
2026_09_03_164525_884675,2026-09-03T16:45:25.884675+00:00,401872984,2026-10-11T17:00Z,Tennessee Titans,Houston Texans,Draft Kings,totals,over,43.5,-110,1.9,2026-09-03T16:45:25.884675+00:00,154,-185,3.5,-3.5,-110,-110,43.5,-110,-110
2026_09_03_164525_884675,2026-09-03T16:45:25.884675+00:00,401872984,2026-10-11T17:00Z,Tennessee Titans,Houston Texans,Draft Kings,totals,under,43.5,-110,1.9,2026-09-03T16:45:25.884675+00:00,154,-185,3.5,-3.5,-110,-110,43.5,-110,-110
2026_09_03_164525_884675,2026-09-03T16:45:25.884675+00:00,401872985,2026-10-11T17:00Z,Pittsburgh Steelers,Indianapolis Colts,Draft Kings,h2h,home,,-142,1.7,2026-09-03T16:45:25.884675+00:00,-142,120,-2.5,2.5,-110,-110,47.5,-110,-110
2026_09_03_164525_884675,2026-09-03T16:45:25.884675+00:00,401872985,2026-10-11T17:00Z,Pittsburgh Steelers,Indianapolis Colts,Draft Kings,h2h,away,,120,2.2,2026-09-03T16:45:25.884675+00:00,-142,120,-2.5,2.5,-110,-110,47.5,-110,-110
2026_09_03_164525_884675,2026-09-03T16:45:25.884675+00:00,401872985,2026-10-11T17:00Z,Pittsburgh Steelers,Indianapolis Colts,Draft Kings,spreads,home,-2.5,-110,1.9,2026-09-03T16:45:25.884675+00:00,-142,120,-2.5,2.5,-110,-110,47.5,-110,-110
2026_09_03_164525_884675,2026-09-03T16:45:25.884675+00:00,401872985,2026-10-11T17:00Z,Pittsburgh Steelers,Indianapolis Colts,Draft Kings,spreads,away,2.5,-110,1.9,2026-09-03T16:45:25.884675+00:00,-142,120,-2.5,2.5,-110,-110,47.5,-110,-110
2026_09_03_164525_884675,2026-09-03T16:45:25.884675+00:00,401872985,2026-10-11T17:00Z,Pittsburgh Steelers,Indianapolis Colts,Draft Kings,totals,over,47.5,-110,1.9,2026-09-03T16:45:25.884675+00:00,-142,120,-2.5,2.5,-110,-110,47.5,-110,-110
2026_09_03_164525_884675,2026-09-03T16:45:25.884675+00:00,401872985,2026-10-11T17:00Z,Pittsburgh Steelers,Indianapolis Colts,Draft Kings,totals,under,47.5,-110,1.9,2026-09-03T16:45:25.884675+00:00,-142,120,-2.5,2.5,-110,-110,47.5,-110,-110
2026_09_03_164525_884675,2026-09-03T16:45:25.884675+00:00,401872986,2026-10-11T17:00Z,New England Patriots,Las Vegas Raiders,Draft Kings,h2h,home,,-395,1.25,2026-09-03T16:45:25.884675+00:00,-395,310,-8.5,8.5,-110,-110,44.5,-110,-110
2026_09_03_164525_884675,2026-09-03T16:45:25.884675+00:00,401872986,2026-10-11T17:00Z,New England Patriots,Las Vegas Raiders,Draft Kings,h2h,away,,310,4.1,2026-09-03T16:45:25.884675+00:00,-395,310,-8.5,8.5,-110,-110,44.5,-110,-110
2026_09_03_164525_884675,2026-09-03T16:45:25.884675+00:00,401872986,2026-10-11T17:00Z,New England Patriots,Las Vegas Raiders,Draft Kings,spreads,home,-8.5,-110,1.9,2026-09-03T16:45:25.884675+00:00,-395,310,-8.5,8.5,-110,-110,44.5,-110,-110
2026_09_03_164525_884675,2026-09-03T16:45:25.884675+00:00,401872986,2026-10-11T17:00Z,New England Patriots,Las Vegas Raiders,Draft Kings,spreads,away,8.5,-110,1.9,2026-09-03T16:45:25.884675+00:00,-395,310,-8.5,8.5,-110,-110,44.5,-110,-110
2026_09_03_164525_884675,2026-09-03T16:45:25.884675+00:00,401872986,2026-10-11T17:00Z,New England Patriots,Las Vegas Raiders,Draft Kings,totals,over,44.5,-110,1.9,2026-09-03T16:45:25.884675+00:00,-395,310,-8.5,8.5,-110,-110,44.5,-110,-110
2026_09_03_164525_884675,2026-09-03T16:45:25.884675+00:00,401872986,2026-10-11T17:00Z,New England Patriots,Las Vegas Raiders,Draft Kings,totals,under,44.5,-110,1.9,2026-09-03T16:45:25.884675+00:00,-395,310,-8.5,8.5,-110,-110,44.5,-110,-110
2026_09_03_164525_884675,2026-09-03T16:45:25.884675+00:00,401872987,2026-10-11T17:00Z,New Orleans Saints,Minnesota Vikings,Draft Kings,h2h,home,,105,2.05,2026-09-03T16:45:25.884675+00:00,105,-125,1.5,-1.5,-110,-110,44.5,-110,-110
2026_09_03_164525_884675,2026-09-03T16:45:25.884675+00:00,401872987,2026-10-11T17:00Z,New Orleans Saints,Minnesota Vikings,Draft Kings,h2h,away,,-125,1.8,2026-09-03T16:45:25.884675+00:00,105,-125,1.5,-1.5,-110,-110,44.5,-110,-110
2026_09_03_164525_884675,2026-09-03T16:45:25.884675+00:00,401872987,2026-10-11T17:00Z,New Orleans Saints,Minnesota Vikings,Draft Kings,spreads,home,1.5,-110,1.9,2026-09-03T16:45:25.884675+00:00,105,-125,1.5,-1.5,-110,-110,44.5,-110,-110
2026_09_03_164525_884675,2026-09-03T16:45:25.884675+00:00,401872987,2026-10-11T17:00Z,New Orleans Saints,Minnesota Vikings,Draft Kings,spreads,away,-1.5,-110,1.9,2026-09-03T16:45:25.884675+00:00,105,-125,1.5,-1.5,-110,-110,44.5,-110,-110
2026_09_03_164525_884675,2026-09-03T16:45:25.884675+00:00,401872987,2026-10-11T17:00Z,New Orleans Saints,Minnesota Vikings,Draft Kings,totals,over,44.5,-110,1.9,2026-09-03T16:45:25.884675+00:00,105,-125,1.5,-1.5,-110,-110,44.5,-110,-110
2026_09_03_164525_884675,2026-09-03T16:45:25.884675+00:00,401872987,2026-10-11T17:00Z,New Orleans Saints,Minnesota Vikings,Draft Kings,totals,under,44.5,-110,1.9,2026-09-03T16:45:25.884675+00:00,105,-125,1.5,-1.5,-110,-110,44.5,-110,-110
2026_09_03_164525_884675,2026-09-03T16:45:25.884675+00:00,401872988,2026-10-11T17:00Z,Washington Commanders,New York Giants,Draft Kings,h2h,home,,-130,1.76,2026-09-03T16:45:25.884675+00:00,-130,110,-1.5,1.5,-115,-105,48.5,-110,-110
2026_09_03_164525_884675,2026-09-03T16:45:25.884675+00:00,401872988,2026-10-11T17:00Z,Washington Commanders,New York Giants,Draft Kings,h2h,away,,110,2.1,2026-09-03T16:45:25.884675+00:00,-130,110,-1.5,1.5,-115,-105,48.5,-110,-110
2026_09_03_164525_884675,2026-09-03T16:45:25.884675+00:00,401872988,2026-10-11T17:00Z,Washington Commanders,New York Giants,Draft Kings,spreads,home,-1.5,-115,1.86,2026-09-03T16:45:25.884675+00:00,-130,110,-1.5,1.5,-115,-105,48.5,-110,-110
2026_09_03_164525_884675,2026-09-03T16:45:25.884675+00:00,401872988,2026-10-11T17:00Z,Washington Commanders,New York Giants,Draft Kings,spreads,away,1.5,-105,1.95,2026-09-03T16:45:25.884675+00:00,-130,110,-1.5,1.5,-115,-105,48.5,-110,-110
2026_09_03_164525_884675,2026-09-03T16:45:25.884675+00:00,401872988,2026-10-11T17:00Z,Washington Commanders,New York Giants,Draft Kings,totals,over,48.5,-110,1.9,2026-09-03T16:45:25.884675+00:00,-130,110,-1.5,1.5,-115,-105,48.5,-110,-110
2026_09_03_164525_884675,2026-09-03T16:45:25.884675+00:00,401872988,2026-10-11T17:00Z,Washington Commanders,New York Giants,Draft Kings,totals,under,48.5,-110,1.9,2026-09-03T16:45:25.884675+00:00,-130,110,-1.5,1.5,-115,-105,48.5,-110,-110
2026_09_03_164525_884675,2026-09-03T16:45:25.884675+00:00,401872989,2026-10-11T20:05Z,Los Angeles Chargers,Denver Broncos,Draft Kings,h2h,home,,-135,1.74,2026-09-03T16:45:25.884675+00:00,-135,114,-2.5,2.5,-110,-110,44.5,-110,-110
2026_09_03_164525_884675,2026-09-03T16:45:25.884675+00:00,401872989,2026-10-11T20:05Z,Los Angeles Chargers,Denver Broncos,Draft Kings,h2h,away,,114,2.14,2026-09-03T16:45:25.884675+00:00,-135,114,-2.5,2.5,-110,-110,44.5,-110,-110
2026_09_03_164525_884675,2026-09-03T16:45:25.884675+00:00,401872989,2026-10-11T20:05Z,Los Angeles Chargers,Denver Broncos,Draft Kings,spreads,home,-2.5,-110,1.9,2026-09-03T16:45:25.884675+00:00,-135,114,-2.5,2.5,-110,-110,44.5,-110,-110
2026_09_03_164525_884675,2026-09-03T16:45:25.884675+00:00,401872989,2026-10-11T20:05Z,Los Angeles Chargers,Denver Broncos,Draft Kings,spreads,away,2.5,-110,1.9,2026-09-03T16:45:25.884675+00:00,-135,114,-2.5,2.5,-110,-110,44.5,-110,-110
2026_09_03_164525_884675,2026-09-03T16:45:25.884675+00:00,401872989,2026-10-11T20:05Z,Los Angeles Chargers,Denver Broncos,Draft Kings,totals,over,44.5,-110,1.9,2026-09-03T16:45:25.884675+00:00,-135,114,-2.5,2.5,-110,-110,44.5,-110,-110
2026_09_03_164525_884675,2026-09-03T16:45:25.884675+00:00,401872989,2026-10-11T20:05Z,Los Angeles Chargers,Denver Broncos,Draft Kings,totals,under,44.5,-110,1.9,2026-09-03T16:45:25.884675+00:00,-135,114,-2.5,2.5,-110,-110,44.5,-110,-110
2026_09_03_164525_884675,2026-09-03T16:45:25.884675+00:00,401872990,2026-10-11T20:25Z,Green Bay Packers,Chicago Bears,Draft Kings,h2h,home,,-166,1.6,2026-09-03T16:45:25.884675+00:00,-166,140,-3,3,-110,-110,49.5,-110,-110
2026_09_03_164525_884675,2026-09-03T16:45:25.884675+00:00,401872990,2026-10-11T20:25Z,Green Bay Packers,Chicago Bears,Draft Kings,h2h,away,,140,2.4,2026-09-03T16:45:25.884675+00:00,-166,140,-3,3,-110,-110,49.5,-110,-110
2026_09_03_164525_884675,2026-09-03T16:45:25.884675+00:00,401872990,2026-10-11T20:25Z,Green Bay Packers,Chicago Bears,Draft Kings,spreads,home,-3,-110,1.9,2026-09-03T16:45:25.884675+00:00,-166,140,-3,3,-110,-110,49.5,-110,-110
2026_09_03_164525_884675,2026-09-03T16:45:25.884675+00:00,401872990,2026-10-11T20:25Z,Green Bay Packers,Chicago Bears,Draft Kings,spreads,away,3,-110,1.9,2026-09-03T16:45:25.884675+00:00,-166,140,-3,3,-110,-110,49.5,-110,-110
2026_09_03_164525_884675,2026-09-03T16:45:25.884675+00:00,401872990,2026-10-11T20:25Z,Green Bay Packers,Chicago Bears,Draft Kings,totals,over,49.5,-110,1.9,2026-09-03T16:45:25.884675+00:00,-166,140,-3,3,-110,-110,49.5,-110,-110
2026_09_03_164525_884675,2026-09-03T16:45:25.884675+00:00,401872990,2026-10-11T20:25Z,Green Bay Packers,Chicago Bears,Draft Kings,totals,under,49.5,-110,1.9,2026-09-03T16:45:25.884675+00:00,-166,140,-3,3,-110,-110,49.5,-110,-110
2026_09_03_164525_884675,2026-09-03T16:45:25.884675+00:00,401872991,2026-10-11T20:25Z,Arizona Cardinals,Detroit Lions,Draft Kings,h2h,home,,300,4,2026-09-03T16:45:25.884675+00:00,300,-380,8.5,-8.5,-110,-110,48.5,-110,-110
2026_09_03_164525_884675,2026-09-03T16:45:25.884675+00:00,401872991,2026-10-11T20:25Z,Arizona Cardinals,Detroit Lions,Draft Kings,h2h,away,,-380,1.26,2026-09-03T16:45:25.884675+00:00,300,-380,8.5,-8.5,-110,-110,48.5,-110,-110
2026_09_03_164525_884675,2026-09-03T16:45:25.884675+00:00,401872991,2026-10-11T20:25Z,Arizona Cardinals,Detroit Lions,Draft Kings,spreads,home,8.5,-110,1.9,2026-09-03T16:45:25.884675+00:00,300,-380,8.5,-8.5,-110,-110,48.5,-110,-110
2026_09_03_164525_884675,2026-09-03T16:45:25.884675+00:00,401872991,2026-10-11T20:25Z,Arizona Cardinals,Detroit Lions,Draft Kings,spreads,away,-8.5,-110,1.9,2026-09-03T16:45:25.884675+00:00,300,-380,8.5,-8.5,-110,-110,48.5,-110,-110
2026_09_03_164525_884675,2026-09-03T16:45:25.884675+00:00,401872991,2026-10-11T20:25Z,Arizona Cardinals,Detroit Lions,Draft Kings,totals,over,48.5,-110,1.9,2026-09-03T16:45:25.884675+00:00,300,-380,8.5,-8.5,-110,-110,48.5,-110,-110
2026_09_03_164525_884675,2026-09-03T16:45:25.884675+00:00,401872991,2026-10-11T20:25Z,Arizona Cardinals,Detroit Lions,Draft Kings,totals,under,48.5,-110,1.9,2026-09-03T16:45:25.884675+00:00,300,-380,8.5,-8.5,-110,-110,48.5,-110,-110
2026_09_03_164525_884675,2026-09-03T16:45:25.884675+00:00,401872992,2026-10-11T20:25Z,Seattle Seahawks,San Francisco 49ers,Draft Kings,h2h,home,,-205,1.48,2026-09-03T16:45:25.884675+00:00,-205,170,-3.5,3.5,-110,-110,48.5,-110,-110
2026_09_03_164525_884675,2026-09-03T16:45:25.884675+00:00,401872992,2026-10-11T20:25Z,Seattle Seahawks,San Francisco 49ers,Draft Kings,h2h,away,,170,2.7,2026-09-03T16:45:25.884675+00:00,-205,170,-3.5,3.5,-110,-110,48.5,-110,-110
2026_09_03_164525_884675,2026-09-03T16:45:25.884675+00:00,401872992,2026-10-11T20:25Z,Seattle Seahawks,San Francisco 49ers,Draft Kings,spreads,home,-3.5,-110,1.9,2026-09-03T16:45:25.884675+00:00,-205,170,-3.5,3.5,-110,-110,48.5,-110,-110
2026_09_03_164525_884675,2026-09-03T16:45:25.884675+00:00,401872992,2026-10-11T20:25Z,Seattle Seahawks,San Francisco 49ers,Draft Kings,spreads,away,3.5,-110,1.9,2026-09-03T16:45:25.884675+00:00,-205,170,-3.5,3.5,-110,-110,48.5,-110,-110
2026_09_03_164525_884675,2026-09-03T16:45:25.884675+00:00,401872992,2026-10-11T20:25Z,Seattle Seahawks,San Francisco 49ers,Draft Kings,totals,over,48.5,-110,1.9,2026-09-03T16:45:25.884675+00:00,-205,170,-3.5,3.5,-110,-110,48.5,-110,-110
2026_09_03_164525_884675,2026-09-03T16:45:25.884675+00:00,401872992,2026-10-11T20:25Z,Seattle Seahawks,San Francisco 49ers,Draft Kings,totals,under,48.5,-110,1.9,2026-09-03T16:45:25.884675+00:00,-205,170,-3.5,3.5,-110,-110,48.5,-110,-110
2026_09_03_164525_884675,2026-09-03T16:45:25.884675+00:00,401872993,2026-10-12T00:20Z,Atlanta Falcons,Baltimore Ravens,Draft Kings,h2h,home,,170,2.7,2026-09-03T16:45:25.884675+00:00,170,-205,4.5,-4.5,-110,-110,48.5,-110,-110
2026_09_03_164525_884675,2026-09-03T16:45:25.884675+00:00,401872993,2026-10-12T00:20Z,Atlanta Falcons,Baltimore Ravens,Draft Kings,h2h,away,,-205,1.48,2026-09-03T16:45:25.884675+00:00,170,-205,4.5,-4.5,-110,-110,48.5,-110,-110
2026_09_03_164525_884675,2026-09-03T16:45:25.884675+00:00,401872993,2026-10-12T00:20Z,Atlanta Falcons,Baltimore Ravens,Draft Kings,spreads,home,4.5,-110,1.9,2026-09-03T16:45:25.884675+00:00,170,-205,4.5,-4.5,-110,-110,48.5,-110,-110
2026_09_03_164525_884675,2026-09-03T16:45:25.884675+00:00,401872993,2026-10-12T00:20Z,Atlanta Falcons,Baltimore Ravens,Draft Kings,spreads,away,-4.5,-110,1.9,2026-09-03T16:45:25.884675+00:00,170,-205,4.5,-4.5,-110,-110,48.5,-110,-110
2026_09_03_164525_884675,2026-09-03T16:45:25.884675+00:00,401872993,2026-10-12T00:20Z,Atlanta Falcons,Baltimore Ravens,Draft Kings,totals,over,48.5,-110,1.9,2026-09-03T16:45:25.884675+00:00,170,-205,4.5,-4.5,-110,-110,48.5,-110,-110
2026_09_03_164525_884675,2026-09-03T16:45:25.884675+00:00,401872993,2026-10-12T00:20Z,Atlanta Falcons,Baltimore Ravens,Draft Kings,totals,under,48.5,-110,1.9,2026-09-03T16:45:25.884675+00:00,170,-205,4.5,-4.5,-110,-110,48.5,-110,-110
2026_09_03_164525_884675,2026-09-03T16:45:25.884675+00:00,401872994,2026-10-13T00:15Z,Los Angeles Rams,Buffalo Bills,Draft Kings,h2h,home,,-166,1.6,2026-09-03T16:45:25.884675+00:00,-166,140,-3,3,-110,-110,53.5,-110,-110
2026_09_03_164525_884675,2026-09-03T16:45:25.884675+00:00,401872994,2026-10-13T00:15Z,Los Angeles Rams,Buffalo Bills,Draft Kings,h2h,away,,140,2.4,2026-09-03T16:45:25.884675+00:00,-166,140,-3,3,-110,-110,53.5,-110,-110
2026_09_03_164525_884675,2026-09-03T16:45:25.884675+00:00,401872994,2026-10-13T00:15Z,Los Angeles Rams,Buffalo Bills,Draft Kings,spreads,home,-3,-110,1.9,2026-09-03T16:45:25.884675+00:00,-166,140,-3,3,-110,-110,53.5,-110,-110
2026_09_03_164525_884675,2026-09-03T16:45:25.884675+00:00,401872994,2026-10-13T00:15Z,Los Angeles Rams,Buffalo Bills,Draft Kings,spreads,away,3,-110,1.9,2026-09-03T16:45:25.884675+00:00,-166,140,-3,3,-110,-110,53.5,-110,-110
2026_09_03_164525_884675,2026-09-03T16:45:25.884675+00:00,401872994,2026-10-13T00:15Z,Los Angeles Rams,Buffalo Bills,Draft Kings,totals,over,53.5,-110,1.9,2026-09-03T16:45:25.884675+00:00,-166,140,-3,3,-110,-110,53.5,-110,-110
2026_09_03_164525_884675,2026-09-03T16:45:25.884675+00:00,401872994,2026-10-13T00:15Z,Los Angeles Rams,Buffalo Bills,Draft Kings,totals,under,53.5,-110,1.9,2026-09-03T16:45:25.884675+00:00,-166,140,-3,3,-110,-110,53.5,-110,-110
2026_09_03_164525_884675,2026-09-03T16:45:25.884675+00:00,401872995,2026-10-16T00:15Z,Denver Broncos,Seattle Seahawks,Draft Kings,h2h,home,,110,2.1,2026-09-03T16:45:25.884675+00:00,110,-130,2.5,-2.5,-115,-105,43.5,-110,-110
2026_09_03_164525_884675,2026-09-03T16:45:25.884675+00:00,401872995,2026-10-16T00:15Z,Denver Broncos,Seattle Seahawks,Draft Kings,h2h,away,,-130,1.76,2026-09-03T16:45:25.884675+00:00,110,-130,2.5,-2.5,-115,-105,43.5,-110,-110
2026_09_03_164525_884675,2026-09-03T16:45:25.884675+00:00,401872995,2026-10-16T00:15Z,Denver Broncos,Seattle Seahawks,Draft Kings,spreads,home,2.5,-115,1.86,2026-09-03T16:45:25.884675+00:00,110,-130,2.5,-2.5,-115,-105,43.5,-110,-110
2026_09_03_164525_884675,2026-09-03T16:45:25.884675+00:00,401872995,2026-10-16T00:15Z,Denver Broncos,Seattle Seahawks,Draft Kings,spreads,away,-2.5,-105,1.95,2026-09-03T16:45:25.884675+00:00,110,-130,2.5,-2.5,-115,-105,43.5,-110,-110
2026_09_03_164525_884675,2026-09-03T16:45:25.884675+00:00,401872995,2026-10-16T00:15Z,Denver Broncos,Seattle Seahawks,Draft Kings,totals,over,43.5,-110,1.9,2026-09-03T16:45:25.884675+00:00,110,-130,2.5,-2.5,-115,-105,43.5,-110,-110
2026_09_03_164525_884675,2026-09-03T16:45:25.884675+00:00,401872995,2026-10-16T00:15Z,Denver Broncos,Seattle Seahawks,Draft Kings,totals,under,43.5,-110,1.9,2026-09-03T16:45:25.884675+00:00,110,-130,2.5,-2.5,-115,-105,43.5,-110,-110
2026_09_03_164525_884675,2026-09-03T16:45:25.884675+00:00,401872996,2026-10-18T13:30Z,Jacksonville Jaguars,Houston Texans,Draft Kings,h2h,home,,-112,1.89,2026-09-03T16:45:25.884675+00:00,-112,-108,-1.5,1.5,102,-122,42.5,-110,-110
2026_09_03_164525_884675,2026-09-03T16:45:25.884675+00:00,401872996,2026-10-18T13:30Z,Jacksonville Jaguars,Houston Texans,Draft Kings,h2h,away,,-108,1.92,2026-09-03T16:45:25.884675+00:00,-112,-108,-1.5,1.5,102,-122,42.5,-110,-110
2026_09_03_164525_884675,2026-09-03T16:45:25.884675+00:00,401872996,2026-10-18T13:30Z,Jacksonville Jaguars,Houston Texans,Draft Kings,spreads,home,-1.5,102,2.02,2026-09-03T16:45:25.884675+00:00,-112,-108,-1.5,1.5,102,-122,42.5,-110,-110
2026_09_03_164525_884675,2026-09-03T16:45:25.884675+00:00,401872996,2026-10-18T13:30Z,Jacksonville Jaguars,Houston Texans,Draft Kings,spreads,away,1.5,-122,1.81,2026-09-03T16:45:25.884675+00:00,-112,-108,-1.5,1.5,102,-122,42.5,-110,-110
2026_09_03_164525_884675,2026-09-03T16:45:25.884675+00:00,401872996,2026-10-18T13:30Z,Jacksonville Jaguars,Houston Texans,Draft Kings,totals,over,42.5,-110,1.9,2026-09-03T16:45:25.884675+00:00,-112,-108,-1.5,1.5,102,-122,42.5,-110,-110
2026_09_03_164525_884675,2026-09-03T16:45:25.884675+00:00,401872996,2026-10-18T13:30Z,Jacksonville Jaguars,Houston Texans,Draft Kings,totals,under,42.5,-110,1.9,2026-09-03T16:45:25.884675+00:00,-112,-108,-1.5,1.5,102,-122,42.5,-110,-110
2026_09_03_164525_884675,2026-09-03T16:45:25.884675+00:00,401872997,2026-10-18T17:00Z,Cleveland Browns,Baltimore Ravens,Draft Kings,h2h,home,,205,3.05,2026-09-03T16:45:25.884675+00:00,205,-250,6.5,-6.5,-110,-110,44.5,-110,-110
2026_09_03_164525_884675,2026-09-03T16:45:25.884675+00:00,401872997,2026-10-18T17:00Z,Cleveland Browns,Baltimore Ravens,Draft Kings,h2h,away,,-250,1.4,2026-09-03T16:45:25.884675+00:00,205,-250,6.5,-6.5,-110,-110,44.5,-110,-110
2026_09_03_164525_884675,2026-09-03T16:45:25.884675+00:00,401872997,2026-10-18T17:00Z,Cleveland Browns,Baltimore Ravens,Draft Kings,spreads,home,6.5,-110,1.9,2026-09-03T16:45:25.884675+00:00,205,-250,6.5,-6.5,-110,-110,44.5,-110,-110
2026_09_03_164525_884675,2026-09-03T16:45:25.884675+00:00,401872997,2026-10-18T17:00Z,Cleveland Browns,Baltimore Ravens,Draft Kings,spreads,away,-6.5,-110,1.9,2026-09-03T16:45:25.884675+00:00,205,-250,6.5,-6.5,-110,-110,44.5,-110,-110
2026_09_03_164525_884675,2026-09-03T16:45:25.884675+00:00,401872997,2026-10-18T17:00Z,Cleveland Browns,Baltimore Ravens,Draft Kings,totals,over,44.5,-110,1.9,2026-09-03T16:45:25.884675+00:00,205,-250,6.5,-6.5,-110,-110,44.5,-110,-110
2026_09_03_164525_884675,2026-09-03T16:45:25.884675+00:00,401872997,2026-10-18T17:00Z,Cleveland Browns,Baltimore Ravens,Draft Kings,totals,under,44.5,-110,1.9,2026-09-03T16:45:25.884675+00:00,205,-250,6.5,-6.5,-110,-110,44.5,-110,-110
2026_09_03_164525_884675,2026-09-03T16:45:25.884675+00:00,401872998,2026-10-18T17:00Z,Philadelphia Eagles,Carolina Panthers,Draft Kings,h2h,home,,-278,1.35,2026-09-03T16:45:25.884675+00:00,-278,225,-6.5,6.5,-110,-110,43.5,-110,-110
2026_09_03_164525_884675,2026-09-03T16:45:25.884675+00:00,401872998,2026-10-18T17:00Z,Philadelphia Eagles,Carolina Panthers,Draft Kings,h2h,away,,225,3.25,2026-09-03T16:45:25.884675+00:00,-278,225,-6.5,6.5,-110,-110,43.5,-110,-110
2026_09_03_164525_884675,2026-09-03T16:45:25.884675+00:00,401872998,2026-10-18T17:00Z,Philadelphia Eagles,Carolina Panthers,Draft Kings,spreads,home,-6.5,-110,1.9,2026-09-03T16:45:25.884675+00:00,-278,225,-6.5,6.5,-110,-110,43.5,-110,-110
2026_09_03_164525_884675,2026-09-03T16:45:25.884675+00:00,401872998,2026-10-18T17:00Z,Philadelphia Eagles,Carolina Panthers,Draft Kings,spreads,away,6.5,-110,1.9,2026-09-03T16:45:25.884675+00:00,-278,225,-6.5,6.5,-110,-110,43.5,-110,-110
2026_09_03_164525_884675,2026-09-03T16:45:25.884675+00:00,401872998,2026-10-18T17:00Z,Philadelphia Eagles,Carolina Panthers,Draft Kings,totals,over,43.5,-110,1.9,2026-09-03T16:45:25.884675+00:00,-278,225,-6.5,6.5,-110,-110,43.5,-110,-110
2026_09_03_164525_884675,2026-09-03T16:45:25.884675+00:00,401872998,2026-10-18T17:00Z,Philadelphia Eagles,Carolina Panthers,Draft Kings,totals,under,43.5,-110,1.9,2026-09-03T16:45:25.884675+00:00,-278,225,-6.5,6.5,-110,-110,43.5,-110,-110
2026_09_03_164525_884675,2026-09-03T16:45:25.884675+00:00,401872999,2026-10-18T17:00Z,Atlanta Falcons,Chicago Bears,Draft Kings,h2h,home,,130,2.3,2026-09-03T16:45:25.884675+00:00,130,-155,3,-3,-110,-110,47.5,-110,-110
2026_09_03_164525_884675,2026-09-03T16:45:25.884675+00:00,401872999,2026-10-18T17:00Z,Atlanta Falcons,Chicago Bears,Draft Kings,h2h,away,,-155,1.64,2026-09-03T16:45:25.884675+00:00,130,-155,3,-3,-110,-110,47.5,-110,-110
2026_09_03_164525_884675,2026-09-03T16:45:25.884675+00:00,401872999,2026-10-18T17:00Z,Atlanta Falcons,Chicago Bears,Draft Kings,spreads,home,3,-110,1.9,2026-09-03T16:45:25.884675+00:00,130,-155,3,-3,-110,-110,47.5,-110,-110
2026_09_03_164525_884675,2026-09-03T16:45:25.884675+00:00,401872999,2026-10-18T17:00Z,Atlanta Falcons,Chicago Bears,Draft Kings,spreads,away,-3,-110,1.9,2026-09-03T16:45:25.884675+00:00,130,-155,3,-3,-110,-110,47.5,-110,-110
2026_09_03_164525_884675,2026-09-03T16:45:25.884675+00:00,401872999,2026-10-18T17:00Z,Atlanta Falcons,Chicago Bears,Draft Kings,totals,over,47.5,-110,1.9,2026-09-03T16:45:25.884675+00:00,130,-155,3,-3,-110,-110,47.5,-110,-110
2026_09_03_164525_884675,2026-09-03T16:45:25.884675+00:00,401872999,2026-10-18T17:00Z,Atlanta Falcons,Chicago Bears,Draft Kings,totals,under,47.5,-110,1.9,2026-09-03T16:45:25.884675+00:00,130,-155,3,-3,-110,-110,47.5,-110,-110
2026_09_03_164525_884675,2026-09-03T16:45:25.884675+00:00,401873000,2026-10-18T17:00Z,New York Giants,New Orleans Saints,Draft Kings,h2h,home,,-142,1.7,2026-09-03T16:45:25.884675+00:00,-142,120,-2.5,2.5,-110,-110,44.5,-110,-110
2026_09_03_164525_884675,2026-09-03T16:45:25.884675+00:00,401873000,2026-10-18T17:00Z,New York Giants,New Orleans Saints,Draft Kings,h2h,away,,120,2.2,2026-09-03T16:45:25.884675+00:00,-142,120,-2.5,2.5,-110,-110,44.5,-110,-110
2026_09_03_164525_884675,2026-09-03T16:45:25.884675+00:00,401873000,2026-10-18T17:00Z,New York Giants,New Orleans Saints,Draft Kings,spreads,home,-2.5,-110,1.9,2026-09-03T16:45:25.884675+00:00,-142,120,-2.5,2.5,-110,-110,44.5,-110,-110
2026_09_03_164525_884675,2026-09-03T16:45:25.884675+00:00,401873000,2026-10-18T17:00Z,New York Giants,New Orleans Saints,Draft Kings,spreads,away,2.5,-110,1.9,2026-09-03T16:45:25.884675+00:00,-142,120,-2.5,2.5,-110,-110,44.5,-110,-110
2026_09_03_164525_884675,2026-09-03T16:45:25.884675+00:00,401873000,2026-10-18T17:00Z,New York Giants,New Orleans Saints,Draft Kings,totals,over,44.5,-110,1.9,2026-09-03T16:45:25.884675+00:00,-142,120,-2.5,2.5,-110,-110,44.5,-110,-110
2026_09_03_164525_884675,2026-09-03T16:45:25.884675+00:00,401873000,2026-10-18T17:00Z,New York Giants,New Orleans Saints,Draft Kings,totals,under,44.5,-110,1.9,2026-09-03T16:45:25.884675+00:00,-142,120,-2.5,2.5,-110,-110,44.5,-110,-110
2026_09_03_164525_884675,2026-09-03T16:45:25.884675+00:00,401873001,2026-10-18T17:00Z,New England Patriots,New York Jets,Draft Kings,h2h,home,,-455,1.21,2026-09-03T16:45:25.884675+00:00,-455,350,-9.5,9.5,-110,-110,42.5,-110,-110
2026_09_03_164525_884675,2026-09-03T16:45:25.884675+00:00,401873001,2026-10-18T17:00Z,New England Patriots,New York Jets,Draft Kings,h2h,away,,350,4.5,2026-09-03T16:45:25.884675+00:00,-455,350,-9.5,9.5,-110,-110,42.5,-110,-110
2026_09_03_164525_884675,2026-09-03T16:45:25.884675+00:00,401873001,2026-10-18T17:00Z,New England Patriots,New York Jets,Draft Kings,spreads,home,-9.5,-110,1.9,2026-09-03T16:45:25.884675+00:00,-455,350,-9.5,9.5,-110,-110,42.5,-110,-110
2026_09_03_164525_884675,2026-09-03T16:45:25.884675+00:00,401873001,2026-10-18T17:00Z,New England Patriots,New York Jets,Draft Kings,spreads,away,9.5,-110,1.9,2026-09-03T16:45:25.884675+00:00,-455,350,-9.5,9.5,-110,-110,42.5,-110,-110
2026_09_03_164525_884675,2026-09-03T16:45:25.884675+00:00,401873001,2026-10-18T17:00Z,New England Patriots,New York Jets,Draft Kings,totals,over,42.5,-110,1.9,2026-09-03T16:45:25.884675+00:00,-455,350,-9.5,9.5,-110,-110,42.5,-110,-110
2026_09_03_164525_884675,2026-09-03T16:45:25.884675+00:00,401873001,2026-10-18T17:00Z,New England Patriots,New York Jets,Draft Kings,totals,under,42.5,-110,1.9,2026-09-03T16:45:25.884675+00:00,-455,350,-9.5,9.5,-110,-110,42.5,-110,-110
2026_09_03_164525_884675,2026-09-03T16:45:25.884675+00:00,401873002,2026-10-18T17:00Z,Tampa Bay Buccaneers,Pittsburgh Steelers,Draft Kings,h2h,home,,-125,1.8,2026-09-03T16:45:25.884675+00:00,-125,105,-1.5,1.5,-110,-110,45.5,-110,-110
2026_09_03_164525_884675,2026-09-03T16:45:25.884675+00:00,401873002,2026-10-18T17:00Z,Tampa Bay Buccaneers,Pittsburgh Steelers,Draft Kings,h2h,away,,105,2.05,2026-09-03T16:45:25.884675+00:00,-125,105,-1.5,1.5,-110,-110,45.5,-110,-110
2026_09_03_164525_884675,2026-09-03T16:45:25.884675+00:00,401873002,2026-10-18T17:00Z,Tampa Bay Buccaneers,Pittsburgh Steelers,Draft Kings,spreads,home,-1.5,-110,1.9,2026-09-03T16:45:25.884675+00:00,-125,105,-1.5,1.5,-110,-110,45.5,-110,-110
2026_09_03_164525_884675,2026-09-03T16:45:25.884675+00:00,401873002,2026-10-18T17:00Z,Tampa Bay Buccaneers,Pittsburgh Steelers,Draft Kings,spreads,away,1.5,-110,1.9,2026-09-03T16:45:25.884675+00:00,-125,105,-1.5,1.5,-110,-110,45.5,-110,-110
2026_09_03_164525_884675,2026-09-03T16:45:25.884675+00:00,401873002,2026-10-18T17:00Z,Tampa Bay Buccaneers,Pittsburgh Steelers,Draft Kings,totals,over,45.5,-110,1.9,2026-09-03T16:45:25.884675+00:00,-125,105,-1.5,1.5,-110,-110,45.5,-110,-110
2026_09_03_164525_884675,2026-09-03T16:45:25.884675+00:00,401873002,2026-10-18T17:00Z,Tampa Bay Buccaneers,Pittsburgh Steelers,Draft Kings,totals,under,45.5,-110,1.9,2026-09-03T16:45:25.884675+00:00,-125,105,-1.5,1.5,-110,-110,45.5,-110,-110
2026_09_03_164525_884675,2026-09-03T16:45:25.884675+00:00,401873003,2026-10-18T17:00Z,Indianapolis Colts,Tennessee Titans,Draft Kings,h2h,home,,-192,1.52,2026-09-03T16:45:25.884675+00:00,-192,160,-3.5,3.5,-110,-110,47.5,-110,-110
2026_09_03_164525_884675,2026-09-03T16:45:25.884675+00:00,401873003,2026-10-18T17:00Z,Indianapolis Colts,Tennessee Titans,Draft Kings,h2h,away,,160,2.6,2026-09-03T16:45:25.884675+00:00,-192,160,-3.5,3.5,-110,-110,47.5,-110,-110
2026_09_03_164525_884675,2026-09-03T16:45:25.884675+00:00,401873003,2026-10-18T17:00Z,Indianapolis Colts,Tennessee Titans,Draft Kings,spreads,home,-3.5,-110,1.9,2026-09-03T16:45:25.884675+00:00,-192,160,-3.5,3.5,-110,-110,47.5,-110,-110
2026_09_03_164525_884675,2026-09-03T16:45:25.884675+00:00,401873003,2026-10-18T17:00Z,Indianapolis Colts,Tennessee Titans,Draft Kings,spreads,away,3.5,-110,1.9,2026-09-03T16:45:25.884675+00:00,-192,160,-3.5,3.5,-110,-110,47.5,-110,-110
2026_09_03_164525_884675,2026-09-03T16:45:25.884675+00:00,401873003,2026-10-18T17:00Z,Indianapolis Colts,Tennessee Titans,Draft Kings,totals,over,47.5,-110,1.9,2026-09-03T16:45:25.884675+00:00,-192,160,-3.5,3.5,-110,-110,47.5,-110,-110
2026_09_03_164525_884675,2026-09-03T16:45:25.884675+00:00,401873003,2026-10-18T17:00Z,Indianapolis Colts,Tennessee Titans,Draft Kings,totals,under,47.5,-110,1.9,2026-09-03T16:45:25.884675+00:00,-192,160,-3.5,3.5,-110,-110,47.5,-110,-110
2026_09_03_164525_884675,2026-09-03T16:45:25.884675+00:00,401873004,2026-10-18T20:05Z,Los Angeles Rams,Arizona Cardinals,Draft Kings,h2h,home,,-800,1.12,2026-09-03T16:45:25.884675+00:00,-800,550,-13.5,13.5,-112,-108,47.5,-110,-110
2026_09_03_164525_884675,2026-09-03T16:45:25.884675+00:00,401873004,2026-10-18T20:05Z,Los Angeles Rams,Arizona Cardinals,Draft Kings,h2h,away,,550,6.5,2026-09-03T16:45:25.884675+00:00,-800,550,-13.5,13.5,-112,-108,47.5,-110,-110
2026_09_03_164525_884675,2026-09-03T16:45:25.884675+00:00,401873004,2026-10-18T20:05Z,Los Angeles Rams,Arizona Cardinals,Draft Kings,spreads,home,-13.5,-112,1.89,2026-09-03T16:45:25.884675+00:00,-800,550,-13.5,13.5,-112,-108,47.5,-110,-110
2026_09_03_164525_884675,2026-09-03T16:45:25.884675+00:00,401873004,2026-10-18T20:05Z,Los Angeles Rams,Arizona Cardinals,Draft Kings,spreads,away,13.5,-108,1.92,2026-09-03T16:45:25.884675+00:00,-800,550,-13.5,13.5,-112,-108,47.5,-110,-110
2026_09_03_164525_884675,2026-09-03T16:45:25.884675+00:00,401873004,2026-10-18T20:05Z,Los Angeles Rams,Arizona Cardinals,Draft Kings,totals,over,47.5,-110,1.9,2026-09-03T16:45:25.884675+00:00,-800,550,-13.5,13.5,-112,-108,47.5,-110,-110
2026_09_03_164525_884675,2026-09-03T16:45:25.884675+00:00,401873004,2026-10-18T20:05Z,Los Angeles Rams,Arizona Cardinals,Draft Kings,totals,under,47.5,-110,1.9,2026-09-03T16:45:25.884675+00:00,-800,550,-13.5,13.5,-112,-108,47.5,-110,-110
2026_09_03_164525_884675,2026-09-03T16:45:25.884675+00:00,401873005,2026-10-18T20:25Z,Las Vegas Raiders,Buffalo Bills,Draft Kings,h2h,home,,215,3.15,2026-09-03T16:45:25.884675+00:00,215,-265,6.5,-6.5,-110,-110,47.5,-110,-110
2026_09_03_164525_884675,2026-09-03T16:45:25.884675+00:00,401873005,2026-10-18T20:25Z,Las Vegas Raiders,Buffalo Bills,Draft Kings,h2h,away,,-265,1.37,2026-09-03T16:45:25.884675+00:00,215,-265,6.5,-6.5,-110,-110,47.5,-110,-110
2026_09_03_164525_884675,2026-09-03T16:45:25.884675+00:00,401873005,2026-10-18T20:25Z,Las Vegas Raiders,Buffalo Bills,Draft Kings,spreads,home,6.5,-110,1.9,2026-09-03T16:45:25.884675+00:00,215,-265,6.5,-6.5,-110,-110,47.5,-110,-110
2026_09_03_164525_884675,2026-09-03T16:45:25.884675+00:00,401873005,2026-10-18T20:25Z,Las Vegas Raiders,Buffalo Bills,Draft Kings,spreads,away,-6.5,-110,1.9,2026-09-03T16:45:25.884675+00:00,215,-265,6.5,-6.5,-110,-110,47.5,-110,-110
2026_09_03_164525_884675,2026-09-03T16:45:25.884675+00:00,401873005,2026-10-18T20:25Z,Las Vegas Raiders,Buffalo Bills,Draft Kings,totals,over,47.5,-110,1.9,2026-09-03T16:45:25.884675+00:00,215,-265,6.5,-6.5,-110,-110,47.5,-110,-110
2026_09_03_164525_884675,2026-09-03T16:45:25.884675+00:00,401873005,2026-10-18T20:25Z,Las Vegas Raiders,Buffalo Bills,Draft Kings,totals,under,47.5,-110,1.9,2026-09-03T16:45:25.884675+00:00,215,-265,6.5,-6.5,-110,-110,47.5,-110,-110
2026_09_03_164525_884675,2026-09-03T16:45:25.884675+00:00,401873006,2026-10-18T20:25Z,Kansas City Chiefs,Los Angeles Chargers,Draft Kings,h2h,home,,-142,1.7,2026-09-03T16:45:25.884675+00:00,-142,120,-2.5,2.5,-110,-110,46.5,-110,-110
2026_09_03_164525_884675,2026-09-03T16:45:25.884675+00:00,401873006,2026-10-18T20:25Z,Kansas City Chiefs,Los Angeles Chargers,Draft Kings,h2h,away,,120,2.2,2026-09-03T16:45:25.884675+00:00,-142,120,-2.5,2.5,-110,-110,46.5,-110,-110
2026_09_03_164525_884675,2026-09-03T16:45:25.884675+00:00,401873006,2026-10-18T20:25Z,Kansas City Chiefs,Los Angeles Chargers,Draft Kings,spreads,home,-2.5,-110,1.9,2026-09-03T16:45:25.884675+00:00,-142,120,-2.5,2.5,-110,-110,46.5,-110,-110
2026_09_03_164525_884675,2026-09-03T16:45:25.884675+00:00,401873006,2026-10-18T20:25Z,Kansas City Chiefs,Los Angeles Chargers,Draft Kings,spreads,away,2.5,-110,1.9,2026-09-03T16:45:25.884675+00:00,-142,120,-2.5,2.5,-110,-110,46.5,-110,-110
2026_09_03_164525_884675,2026-09-03T16:45:25.884675+00:00,401873006,2026-10-18T20:25Z,Kansas City Chiefs,Los Angeles Chargers,Draft Kings,totals,over,46.5,-110,1.9,2026-09-03T16:45:25.884675+00:00,-142,120,-2.5,2.5,-110,-110,46.5,-110,-110
2026_09_03_164525_884675,2026-09-03T16:45:25.884675+00:00,401873006,2026-10-18T20:25Z,Kansas City Chiefs,Los Angeles Chargers,Draft Kings,totals,under,46.5,-110,1.9,2026-09-03T16:45:25.884675+00:00,-142,120,-2.5,2.5,-110,-110,46.5,-110,-110
2026_09_03_164525_884675,2026-09-03T16:45:25.884675+00:00,401873007,2026-10-19T00:20Z,Green Bay Packers,Dallas Cowboys,Draft Kings,h2h,home,,-166,1.6,2026-09-03T16:45:25.884675+00:00,-166,140,-3,3,-110,-110,51.5,-110,-110
2026_09_03_164525_884675,2026-09-03T16:45:25.884675+00:00,401873007,2026-10-19T00:20Z,Green Bay Packers,Dallas Cowboys,Draft Kings,h2h,away,,140,2.4,2026-09-03T16:45:25.884675+00:00,-166,140,-3,3,-110,-110,51.5,-110,-110
2026_09_03_164525_884675,2026-09-03T16:45:25.884675+00:00,401873007,2026-10-19T00:20Z,Green Bay Packers,Dallas Cowboys,Draft Kings,spreads,home,-3,-110,1.9,2026-09-03T16:45:25.884675+00:00,-166,140,-3,3,-110,-110,51.5,-110,-110
2026_09_03_164525_884675,2026-09-03T16:45:25.884675+00:00,401873007,2026-10-19T00:20Z,Green Bay Packers,Dallas Cowboys,Draft Kings,spreads,away,3,-110,1.9,2026-09-03T16:45:25.884675+00:00,-166,140,-3,3,-110,-110,51.5,-110,-110
2026_09_03_164525_884675,2026-09-03T16:45:25.884675+00:00,401873007,2026-10-19T00:20Z,Green Bay Packers,Dallas Cowboys,Draft Kings,totals,over,51.5,-110,1.9,2026-09-03T16:45:25.884675+00:00,-166,140,-3,3,-110,-110,51.5,-110,-110
2026_09_03_164525_884675,2026-09-03T16:45:25.884675+00:00,401873007,2026-10-19T00:20Z,Green Bay Packers,Dallas Cowboys,Draft Kings,totals,under,51.5,-110,1.9,2026-09-03T16:45:25.884675+00:00,-166,140,-3,3,-110,-110,51.5,-110,-110
2026_09_03_164525_884675,2026-09-03T16:45:25.884675+00:00,401873008,2026-10-20T00:15Z,San Francisco 49ers,Washington Commanders,Draft Kings,h2h,home,,-250,1.4,2026-09-03T16:45:25.884675+00:00,-250,205,-5.5,5.5,-110,-110,50.5,-110,-110
2026_09_03_164525_884675,2026-09-03T16:45:25.884675+00:00,401873008,2026-10-20T00:15Z,San Francisco 49ers,Washington Commanders,Draft Kings,h2h,away,,205,3.05,2026-09-03T16:45:25.884675+00:00,-250,205,-5.5,5.5,-110,-110,50.5,-110,-110
2026_09_03_164525_884675,2026-09-03T16:45:25.884675+00:00,401873008,2026-10-20T00:15Z,San Francisco 49ers,Washington Commanders,Draft Kings,spreads,home,-5.5,-110,1.9,2026-09-03T16:45:25.884675+00:00,-250,205,-5.5,5.5,-110,-110,50.5,-110,-110
2026_09_03_164525_884675,2026-09-03T16:45:25.884675+00:00,401873008,2026-10-20T00:15Z,San Francisco 49ers,Washington Commanders,Draft Kings,spreads,away,5.5,-110,1.9,2026-09-03T16:45:25.884675+00:00,-250,205,-5.5,5.5,-110,-110,50.5,-110,-110
2026_09_03_164525_884675,2026-09-03T16:45:25.884675+00:00,401873008,2026-10-20T00:15Z,San Francisco 49ers,Washington Commanders,Draft Kings,totals,over,50.5,-110,1.9,2026-09-03T16:45:25.884675+00:00,-250,205,-5.5,5.5,-110,-110,50.5,-110,-110
2026_09_03_164525_884675,2026-09-03T16:45:25.884675+00:00,401873008,2026-10-20T00:15Z,San Francisco 49ers,Washington Commanders,Draft Kings,totals,under,50.5,-110,1.9,2026-09-03T16:45:25.884675+00:00,-250,205,-5.5,5.5,-110,-110,50.5,-110,-110
2026_09_03_164525_884675,2026-09-03T16:45:25.884675+00:00,401873010,2026-10-23T00:15Z,Chicago Bears,New England Patriots,Draft Kings,h2h,home,,-125,1.8,2026-09-03T16:45:25.884675+00:00,-125,105,-1.5,1.5,-110,-110,47.5,-110,-110
2026_09_03_164525_884675,2026-09-03T16:45:25.884675+00:00,401873010,2026-10-23T00:15Z,Chicago Bears,New England Patriots,Draft Kings,h2h,away,,105,2.05,2026-09-03T16:45:25.884675+00:00,-125,105,-1.5,1.5,-110,-110,47.5,-110,-110
2026_09_03_164525_884675,2026-09-03T16:45:25.884675+00:00,401873010,2026-10-23T00:15Z,Chicago Bears,New England Patriots,Draft Kings,spreads,home,-1.5,-110,1.9,2026-09-03T16:45:25.884675+00:00,-125,105,-1.5,1.5,-110,-110,47.5,-110,-110
2026_09_03_164525_884675,2026-09-03T16:45:25.884675+00:00,401873010,2026-10-23T00:15Z,Chicago Bears,New England Patriots,Draft Kings,spreads,away,1.5,-110,1.9,2026-09-03T16:45:25.884675+00:00,-125,105,-1.5,1.5,-110,-110,47.5,-110,-110
2026_09_03_164525_884675,2026-09-03T16:45:25.884675+00:00,401873010,2026-10-23T00:15Z,Chicago Bears,New England Patriots,Draft Kings,totals,over,47.5,-110,1.9,2026-09-03T16:45:25.884675+00:00,-125,105,-1.5,1.5,-110,-110,47.5,-110,-110
2026_09_03_164525_884675,2026-09-03T16:45:25.884675+00:00,401873010,2026-10-23T00:15Z,Chicago Bears,New England Patriots,Draft Kings,totals,under,47.5,-110,1.9,2026-09-03T16:45:25.884675+00:00,-125,105,-1.5,1.5,-110,-110,47.5,-110,-110
2026_09_03_164525_884675,2026-09-03T16:45:25.884675+00:00,401873011,2026-10-25T13:30Z,New Orleans Saints,Pittsburgh Steelers,Draft Kings,h2h,home,,120,2.2,2026-09-03T16:45:25.884675+00:00,120,-142,2.5,-2.5,-110,-110,42.5,-110,-110
2026_09_03_164525_884675,2026-09-03T16:45:25.884675+00:00,401873011,2026-10-25T13:30Z,New Orleans Saints,Pittsburgh Steelers,Draft Kings,h2h,away,,-142,1.7,2026-09-03T16:45:25.884675+00:00,120,-142,2.5,-2.5,-110,-110,42.5,-110,-110
2026_09_03_164525_884675,2026-09-03T16:45:25.884675+00:00,401873011,2026-10-25T13:30Z,New Orleans Saints,Pittsburgh Steelers,Draft Kings,spreads,home,2.5,-110,1.9,2026-09-03T16:45:25.884675+00:00,120,-142,2.5,-2.5,-110,-110,42.5,-110,-110
2026_09_03_164525_884675,2026-09-03T16:45:25.884675+00:00,401873011,2026-10-25T13:30Z,New Orleans Saints,Pittsburgh Steelers,Draft Kings,spreads,away,-2.5,-110,1.9,2026-09-03T16:45:25.884675+00:00,120,-142,2.5,-2.5,-110,-110,42.5,-110,-110
2026_09_03_164525_884675,2026-09-03T16:45:25.884675+00:00,401873011,2026-10-25T13:30Z,New Orleans Saints,Pittsburgh Steelers,Draft Kings,totals,over,42.5,-110,1.9,2026-09-03T16:45:25.884675+00:00,120,-142,2.5,-2.5,-110,-110,42.5,-110,-110
2026_09_03_164525_884675,2026-09-03T16:45:25.884675+00:00,401873011,2026-10-25T13:30Z,New Orleans Saints,Pittsburgh Steelers,Draft Kings,totals,under,42.5,-110,1.9,2026-09-03T16:45:25.884675+00:00,120,-142,2.5,-2.5,-110,-110,42.5,-110,-110
2026_09_03_164525_884675,2026-09-03T16:45:25.884675+00:00,401873012,2026-10-25T17:00Z,Baltimore Ravens,Cincinnati Bengals,Draft Kings,h2h,home,,-185,1.54,2026-09-03T16:45:25.884675+00:00,-185,154,-3.5,3.5,-110,-110,51.5,-110,-110
2026_09_03_164525_884675,2026-09-03T16:45:25.884675+00:00,401873012,2026-10-25T17:00Z,Baltimore Ravens,Cincinnati Bengals,Draft Kings,h2h,away,,154,2.54,2026-09-03T16:45:25.884675+00:00,-185,154,-3.5,3.5,-110,-110,51.5,-110,-110
2026_09_03_164525_884675,2026-09-03T16:45:25.884675+00:00,401873012,2026-10-25T17:00Z,Baltimore Ravens,Cincinnati Bengals,Draft Kings,spreads,home,-3.5,-110,1.9,2026-09-03T16:45:25.884675+00:00,-185,154,-3.5,3.5,-110,-110,51.5,-110,-110
2026_09_03_164525_884675,2026-09-03T16:45:25.884675+00:00,401873012,2026-10-25T17:00Z,Baltimore Ravens,Cincinnati Bengals,Draft Kings,spreads,away,3.5,-110,1.9,2026-09-03T16:45:25.884675+00:00,-185,154,-3.5,3.5,-110,-110,51.5,-110,-110
2026_09_03_164525_884675,2026-09-03T16:45:25.884675+00:00,401873012,2026-10-25T17:00Z,Baltimore Ravens,Cincinnati Bengals,Draft Kings,totals,over,51.5,-110,1.9,2026-09-03T16:45:25.884675+00:00,-185,154,-3.5,3.5,-110,-110,51.5,-110,-110
2026_09_03_164525_884675,2026-09-03T16:45:25.884675+00:00,401873012,2026-10-25T17:00Z,Baltimore Ravens,Cincinnati Bengals,Draft Kings,totals,under,51.5,-110,1.9,2026-09-03T16:45:25.884675+00:00,-185,154,-3.5,3.5,-110,-110,51.5,-110,-110
2026_09_03_164525_884675,2026-09-03T16:45:25.884675+00:00,401873013,2026-10-25T17:00Z,Tennessee Titans,Cleveland Browns,Draft Kings,h2h,home,,-135,1.74,2026-09-03T16:45:25.884675+00:00,-135,114,-2.5,2.5,-110,-110,40.5,-110,-110
2026_09_03_164525_884675,2026-09-03T16:45:25.884675+00:00,401873013,2026-10-25T17:00Z,Tennessee Titans,Cleveland Browns,Draft Kings,h2h,away,,114,2.14,2026-09-03T16:45:25.884675+00:00,-135,114,-2.5,2.5,-110,-110,40.5,-110,-110
2026_09_03_164525_884675,2026-09-03T16:45:25.884675+00:00,401873013,2026-10-25T17:00Z,Tennessee Titans,Cleveland Browns,Draft Kings,spreads,home,-2.5,-110,1.9,2026-09-03T16:45:25.884675+00:00,-135,114,-2.5,2.5,-110,-110,40.5,-110,-110
2026_09_03_164525_884675,2026-09-03T16:45:25.884675+00:00,401873013,2026-10-25T17:00Z,Tennessee Titans,Cleveland Browns,Draft Kings,spreads,away,2.5,-110,1.9,2026-09-03T16:45:25.884675+00:00,-135,114,-2.5,2.5,-110,-110,40.5,-110,-110
2026_09_03_164525_884675,2026-09-03T16:45:25.884675+00:00,401873013,2026-10-25T17:00Z,Tennessee Titans,Cleveland Browns,Draft Kings,totals,over,40.5,-110,1.9,2026-09-03T16:45:25.884675+00:00,-135,114,-2.5,2.5,-110,-110,40.5,-110,-110
2026_09_03_164525_884675,2026-09-03T16:45:25.884675+00:00,401873013,2026-10-25T17:00Z,Tennessee Titans,Cleveland Browns,Draft Kings,totals,under,40.5,-110,1.9,2026-09-03T16:45:25.884675+00:00,-135,114,-2.5,2.5,-110,-110,40.5,-110,-110
2026_09_03_164525_884675,2026-09-03T16:45:25.884675+00:00,401873014,2026-10-25T17:00Z,Minnesota Vikings,Indianapolis Colts,Draft Kings,h2h,home,,-142,1.7,2026-09-03T16:45:25.884675+00:00,-142,120,-2.5,2.5,-110,-110,46.5,-110,-110
2026_09_03_164525_884675,2026-09-03T16:45:25.884675+00:00,401873014,2026-10-25T17:00Z,Minnesota Vikings,Indianapolis Colts,Draft Kings,h2h,away,,120,2.2,2026-09-03T16:45:25.884675+00:00,-142,120,-2.5,2.5,-110,-110,46.5,-110,-110
2026_09_03_164525_884675,2026-09-03T16:45:25.884675+00:00,401873014,2026-10-25T17:00Z,Minnesota Vikings,Indianapolis Colts,Draft Kings,spreads,home,-2.5,-110,1.9,2026-09-03T16:45:25.884675+00:00,-142,120,-2.5,2.5,-110,-110,46.5,-110,-110
2026_09_03_164525_884675,2026-09-03T16:45:25.884675+00:00,401873014,2026-10-25T17:00Z,Minnesota Vikings,Indianapolis Colts,Draft Kings,spreads,away,2.5,-110,1.9,2026-09-03T16:45:25.884675+00:00,-142,120,-2.5,2.5,-110,-110,46.5,-110,-110
2026_09_03_164525_884675,2026-09-03T16:45:25.884675+00:00,401873014,2026-10-25T17:00Z,Minnesota Vikings,Indianapolis Colts,Draft Kings,totals,over,46.5,-110,1.9,2026-09-03T16:45:25.884675+00:00,-142,120,-2.5,2.5,-110,-110,46.5,-110,-110
2026_09_03_164525_884675,2026-09-03T16:45:25.884675+00:00,401873014,2026-10-25T17:00Z,Minnesota Vikings,Indianapolis Colts,Draft Kings,totals,under,46.5,-110,1.9,2026-09-03T16:45:25.884675+00:00,-142,120,-2.5,2.5,-110,-110,46.5,-110,-110
2026_09_03_164525_884675,2026-09-03T16:45:25.884675+00:00,401873015,2026-10-25T17:00Z,New York Jets,Miami Dolphins,Draft Kings,h2h,home,,-135,1.74,2026-09-03T16:45:25.884675+00:00,-135,114,-2.5,2.5,-110,-110,41.5,-110,-110
2026_09_03_164525_884675,2026-09-03T16:45:25.884675+00:00,401873015,2026-10-25T17:00Z,New York Jets,Miami Dolphins,Draft Kings,h2h,away,,114,2.14,2026-09-03T16:45:25.884675+00:00,-135,114,-2.5,2.5,-110,-110,41.5,-110,-110
2026_09_03_164525_884675,2026-09-03T16:45:25.884675+00:00,401873015,2026-10-25T17:00Z,New York Jets,Miami Dolphins,Draft Kings,spreads,home,-2.5,-110,1.9,2026-09-03T16:45:25.884675+00:00,-135,114,-2.5,2.5,-110,-110,41.5,-110,-110
2026_09_03_164525_884675,2026-09-03T16:45:25.884675+00:00,401873015,2026-10-25T17:00Z,New York Jets,Miami Dolphins,Draft Kings,spreads,away,2.5,-110,1.9,2026-09-03T16:45:25.884675+00:00,-135,114,-2.5,2.5,-110,-110,41.5,-110,-110
2026_09_03_164525_884675,2026-09-03T16:45:25.884675+00:00,401873015,2026-10-25T17:00Z,New York Jets,Miami Dolphins,Draft Kings,totals,over,41.5,-110,1.9,2026-09-03T16:45:25.884675+00:00,-135,114,-2.5,2.5,-110,-110,41.5,-110,-110
2026_09_03_164525_884675,2026-09-03T16:45:25.884675+00:00,401873015,2026-10-25T17:00Z,New York Jets,Miami Dolphins,Draft Kings,totals,under,41.5,-110,1.9,2026-09-03T16:45:25.884675+00:00,-135,114,-2.5,2.5,-110,-110,41.5,-110,-110
2026_09_03_164525_884675,2026-09-03T16:45:25.884675+00:00,401873016,2026-10-25T17:00Z,Houston Texans,New York Giants,Draft Kings,h2h,home,,-238,1.42,2026-09-03T16:45:25.884675+00:00,-238,195,-5.5,5.5,-110,-110,43.5,-110,-110
2026_09_03_164525_884675,2026-09-03T16:45:25.884675+00:00,401873016,2026-10-25T17:00Z,Houston Texans,New York Giants,Draft Kings,h2h,away,,195,2.95,2026-09-03T16:45:25.884675+00:00,-238,195,-5.5,5.5,-110,-110,43.5,-110,-110
2026_09_03_164525_884675,2026-09-03T16:45:25.884675+00:00,401873016,2026-10-25T17:00Z,Houston Texans,New York Giants,Draft Kings,spreads,home,-5.5,-110,1.9,2026-09-03T16:45:25.884675+00:00,-238,195,-5.5,5.5,-110,-110,43.5,-110,-110
2026_09_03_164525_884675,2026-09-03T16:45:25.884675+00:00,401873016,2026-10-25T17:00Z,Houston Texans,New York Giants,Draft Kings,spreads,away,5.5,-110,1.9,2026-09-03T16:45:25.884675+00:00,-238,195,-5.5,5.5,-110,-110,43.5,-110,-110
2026_09_03_164525_884675,2026-09-03T16:45:25.884675+00:00,401873016,2026-10-25T17:00Z,Houston Texans,New York Giants,Draft Kings,totals,over,43.5,-110,1.9,2026-09-03T16:45:25.884675+00:00,-238,195,-5.5,5.5,-110,-110,43.5,-110,-110
2026_09_03_164525_884675,2026-09-03T16:45:25.884675+00:00,401873016,2026-10-25T17:00Z,Houston Texans,New York Giants,Draft Kings,totals,under,43.5,-110,1.9,2026-09-03T16:45:25.884675+00:00,-238,195,-5.5,5.5,-110,-110,43.5,-110,-110
2026_09_03_164525_884675,2026-09-03T16:45:25.884675+00:00,401873017,2026-10-25T17:00Z,Atlanta Falcons,San Francisco 49ers,Draft Kings,h2h,home,,180,2.8,2026-09-03T16:45:25.884675+00:00,180,-218,4.5,-4.5,-110,-110,47.5,-110,-110
2026_09_03_164525_884675,2026-09-03T16:45:25.884675+00:00,401873017,2026-10-25T17:00Z,Atlanta Falcons,San Francisco 49ers,Draft Kings,h2h,away,,-218,1.45,2026-09-03T16:45:25.884675+00:00,180,-218,4.5,-4.5,-110,-110,47.5,-110,-110
2026_09_03_164525_884675,2026-09-03T16:45:25.884675+00:00,401873017,2026-10-25T17:00Z,Atlanta Falcons,San Francisco 49ers,Draft Kings,spreads,home,4.5,-110,1.9,2026-09-03T16:45:25.884675+00:00,180,-218,4.5,-4.5,-110,-110,47.5,-110,-110
2026_09_03_164525_884675,2026-09-03T16:45:25.884675+00:00,401873017,2026-10-25T17:00Z,Atlanta Falcons,San Francisco 49ers,Draft Kings,spreads,away,-4.5,-110,1.9,2026-09-03T16:45:25.884675+00:00,180,-218,4.5,-4.5,-110,-110,47.5,-110,-110
2026_09_03_164525_884675,2026-09-03T16:45:25.884675+00:00,401873017,2026-10-25T17:00Z,Atlanta Falcons,San Francisco 49ers,Draft Kings,totals,over,47.5,-110,1.9,2026-09-03T16:45:25.884675+00:00,180,-218,4.5,-4.5,-110,-110,47.5,-110,-110
2026_09_03_164525_884675,2026-09-03T16:45:25.884675+00:00,401873017,2026-10-25T17:00Z,Atlanta Falcons,San Francisco 49ers,Draft Kings,totals,under,47.5,-110,1.9,2026-09-03T16:45:25.884675+00:00,180,-218,4.5,-4.5,-110,-110,47.5,-110,-110
2026_09_03_164525_884675,2026-09-03T16:45:25.884675+00:00,401873018,2026-10-25T17:00Z,Carolina Panthers,Tampa Bay Buccaneers,Draft Kings,h2h,home,,105,2.05,2026-09-03T16:45:25.884675+00:00,105,-125,1.5,-1.5,-110,-110,45.5,-110,-110
2026_09_03_164525_884675,2026-09-03T16:45:25.884675+00:00,401873018,2026-10-25T17:00Z,Carolina Panthers,Tampa Bay Buccaneers,Draft Kings,h2h,away,,-125,1.8,2026-09-03T16:45:25.884675+00:00,105,-125,1.5,-1.5,-110,-110,45.5,-110,-110
2026_09_03_164525_884675,2026-09-03T16:45:25.884675+00:00,401873018,2026-10-25T17:00Z,Carolina Panthers,Tampa Bay Buccaneers,Draft Kings,spreads,home,1.5,-110,1.9,2026-09-03T16:45:25.884675+00:00,105,-125,1.5,-1.5,-110,-110,45.5,-110,-110
2026_09_03_164525_884675,2026-09-03T16:45:25.884675+00:00,401873018,2026-10-25T17:00Z,Carolina Panthers,Tampa Bay Buccaneers,Draft Kings,spreads,away,-1.5,-110,1.9,2026-09-03T16:45:25.884675+00:00,105,-125,1.5,-1.5,-110,-110,45.5,-110,-110
2026_09_03_164525_884675,2026-09-03T16:45:25.884675+00:00,401873018,2026-10-25T17:00Z,Carolina Panthers,Tampa Bay Buccaneers,Draft Kings,totals,over,45.5,-110,1.9,2026-09-03T16:45:25.884675+00:00,105,-125,1.5,-1.5,-110,-110,45.5,-110,-110
2026_09_03_164525_884675,2026-09-03T16:45:25.884675+00:00,401873018,2026-10-25T17:00Z,Carolina Panthers,Tampa Bay Buccaneers,Draft Kings,totals,under,45.5,-110,1.9,2026-09-03T16:45:25.884675+00:00,105,-125,1.5,-1.5,-110,-110,45.5,-110,-110
2026_09_03_164525_884675,2026-09-03T16:45:25.884675+00:00,401873019,2026-10-25T20:05Z,Arizona Cardinals,Denver Broncos,Draft Kings,h2h,home,,285,3.85,2026-09-03T16:45:25.884675+00:00,285,-360,7.5,-7.5,-110,-110,43.5,-110,-110
2026_09_03_164525_884675,2026-09-03T16:45:25.884675+00:00,401873019,2026-10-25T20:05Z,Arizona Cardinals,Denver Broncos,Draft Kings,h2h,away,,-360,1.27,2026-09-03T16:45:25.884675+00:00,285,-360,7.5,-7.5,-110,-110,43.5,-110,-110
2026_09_03_164525_884675,2026-09-03T16:45:25.884675+00:00,401873019,2026-10-25T20:05Z,Arizona Cardinals,Denver Broncos,Draft Kings,spreads,home,7.5,-110,1.9,2026-09-03T16:45:25.884675+00:00,285,-360,7.5,-7.5,-110,-110,43.5,-110,-110
2026_09_03_164525_884675,2026-09-03T16:45:25.884675+00:00,401873019,2026-10-25T20:05Z,Arizona Cardinals,Denver Broncos,Draft Kings,spreads,away,-7.5,-110,1.9,2026-09-03T16:45:25.884675+00:00,285,-360,7.5,-7.5,-110,-110,43.5,-110,-110
2026_09_03_164525_884675,2026-09-03T16:45:25.884675+00:00,401873019,2026-10-25T20:05Z,Arizona Cardinals,Denver Broncos,Draft Kings,totals,over,43.5,-110,1.9,2026-09-03T16:45:25.884675+00:00,285,-360,7.5,-7.5,-110,-110,43.5,-110,-110
2026_09_03_164525_884675,2026-09-03T16:45:25.884675+00:00,401873019,2026-10-25T20:05Z,Arizona Cardinals,Denver Broncos,Draft Kings,totals,under,43.5,-110,1.9,2026-09-03T16:45:25.884675+00:00,285,-360,7.5,-7.5,-110,-110,43.5,-110,-110
2026_09_03_164525_884675,2026-09-03T16:45:25.884675+00:00,401873020,2026-10-25T20:25Z,Detroit Lions,Green Bay Packers,Draft Kings,h2h,home,,-142,1.7,2026-09-03T16:45:25.884675+00:00,-142,120,-2.5,2.5,-110,-110,50.5,-110,-110
2026_09_03_164525_884675,2026-09-03T16:45:25.884675+00:00,401873020,2026-10-25T20:25Z,Detroit Lions,Green Bay Packers,Draft Kings,h2h,away,,120,2.2,2026-09-03T16:45:25.884675+00:00,-142,120,-2.5,2.5,-110,-110,50.5,-110,-110
2026_09_03_164525_884675,2026-09-03T16:45:25.884675+00:00,401873020,2026-10-25T20:25Z,Detroit Lions,Green Bay Packers,Draft Kings,spreads,home,-2.5,-110,1.9,2026-09-03T16:45:25.884675+00:00,-142,120,-2.5,2.5,-110,-110,50.5,-110,-110
2026_09_03_164525_884675,2026-09-03T16:45:25.884675+00:00,401873020,2026-10-25T20:25Z,Detroit Lions,Green Bay Packers,Draft Kings,spreads,away,2.5,-110,1.9,2026-09-03T16:45:25.884675+00:00,-142,120,-2.5,2.5,-110,-110,50.5,-110,-110
2026_09_03_164525_884675,2026-09-03T16:45:25.884675+00:00,401873020,2026-10-25T20:25Z,Detroit Lions,Green Bay Packers,Draft Kings,totals,over,50.5,-110,1.9,2026-09-03T16:45:25.884675+00:00,-142,120,-2.5,2.5,-110,-110,50.5,-110,-110
2026_09_03_164525_884675,2026-09-03T16:45:25.884675+00:00,401873020,2026-10-25T20:25Z,Detroit Lions,Green Bay Packers,Draft Kings,totals,under,50.5,-110,1.9,2026-09-03T16:45:25.884675+00:00,-142,120,-2.5,2.5,-110,-110,50.5,-110,-110
2026_09_03_164525_884675,2026-09-03T16:45:25.884675+00:00,401873021,2026-10-25T20:25Z,Las Vegas Raiders,Los Angeles Rams,Draft Kings,h2h,home,,275,3.75,2026-09-03T16:45:25.884675+00:00,275,-345,7.5,-7.5,-110,-110,46.5,-110,-110
2026_09_03_164525_884675,2026-09-03T16:45:25.884675+00:00,401873021,2026-10-25T20:25Z,Las Vegas Raiders,Los Angeles Rams,Draft Kings,h2h,away,,-345,1.28,2026-09-03T16:45:25.884675+00:00,275,-345,7.5,-7.5,-110,-110,46.5,-110,-110
2026_09_03_164525_884675,2026-09-03T16:45:25.884675+00:00,401873021,2026-10-25T20:25Z,Las Vegas Raiders,Los Angeles Rams,Draft Kings,spreads,home,7.5,-110,1.9,2026-09-03T16:45:25.884675+00:00,275,-345,7.5,-7.5,-110,-110,46.5,-110,-110
2026_09_03_164525_884675,2026-09-03T16:45:25.884675+00:00,401873021,2026-10-25T20:25Z,Las Vegas Raiders,Los Angeles Rams,Draft Kings,spreads,away,-7.5,-110,1.9,2026-09-03T16:45:25.884675+00:00,275,-345,7.5,-7.5,-110,-110,46.5,-110,-110
2026_09_03_164525_884675,2026-09-03T16:45:25.884675+00:00,401873021,2026-10-25T20:25Z,Las Vegas Raiders,Los Angeles Rams,Draft Kings,totals,over,46.5,-110,1.9,2026-09-03T16:45:25.884675+00:00,275,-345,7.5,-7.5,-110,-110,46.5,-110,-110
2026_09_03_164525_884675,2026-09-03T16:45:25.884675+00:00,401873021,2026-10-25T20:25Z,Las Vegas Raiders,Los Angeles Rams,Draft Kings,totals,under,46.5,-110,1.9,2026-09-03T16:45:25.884675+00:00,275,-345,7.5,-7.5,-110,-110,46.5,-110,-110
2026_09_03_164525_884675,2026-09-03T16:45:25.884675+00:00,401873022,2026-10-26T00:20Z,Seattle Seahawks,Kansas City Chiefs,Draft Kings,h2h,home,,-175,1.57,2026-09-03T16:45:25.884675+00:00,-175,145,-3,3,-110,-110,45.5,-110,-110
2026_09_03_164525_884675,2026-09-03T16:45:25.884675+00:00,401873022,2026-10-26T00:20Z,Seattle Seahawks,Kansas City Chiefs,Draft Kings,h2h,away,,145,2.45,2026-09-03T16:45:25.884675+00:00,-175,145,-3,3,-110,-110,45.5,-110,-110
2026_09_03_164525_884675,2026-09-03T16:45:25.884675+00:00,401873022,2026-10-26T00:20Z,Seattle Seahawks,Kansas City Chiefs,Draft Kings,spreads,home,-3,-110,1.9,2026-09-03T16:45:25.884675+00:00,-175,145,-3,3,-110,-110,45.5,-110,-110
2026_09_03_164525_884675,2026-09-03T16:45:25.884675+00:00,401873022,2026-10-26T00:20Z,Seattle Seahawks,Kansas City Chiefs,Draft Kings,spreads,away,3,-110,1.9,2026-09-03T16:45:25.884675+00:00,-175,145,-3,3,-110,-110,45.5,-110,-110
2026_09_03_164525_884675,2026-09-03T16:45:25.884675+00:00,401873022,2026-10-26T00:20Z,Seattle Seahawks,Kansas City Chiefs,Draft Kings,totals,over,45.5,-110,1.9,2026-09-03T16:45:25.884675+00:00,-175,145,-3,3,-110,-110,45.5,-110,-110
2026_09_03_164525_884675,2026-09-03T16:45:25.884675+00:00,401873022,2026-10-26T00:20Z,Seattle Seahawks,Kansas City Chiefs,Draft Kings,totals,under,45.5,-110,1.9,2026-09-03T16:45:25.884675+00:00,-175,145,-3,3,-110,-110,45.5,-110,-110
2026_09_03_164525_884675,2026-09-03T16:45:25.884675+00:00,401873009,2026-10-27T00:15Z,Philadelphia Eagles,Dallas Cowboys,Draft Kings,h2h,home,,-162,1.61,2026-09-03T16:45:25.884675+00:00,-162,136,-3,3,-110,-110,48.5,-110,-110
2026_09_03_164525_884675,2026-09-03T16:45:25.884675+00:00,401873009,2026-10-27T00:15Z,Philadelphia Eagles,Dallas Cowboys,Draft Kings,h2h,away,,136,2.36,2026-09-03T16:45:25.884675+00:00,-162,136,-3,3,-110,-110,48.5,-110,-110
2026_09_03_164525_884675,2026-09-03T16:45:25.884675+00:00,401873009,2026-10-27T00:15Z,Philadelphia Eagles,Dallas Cowboys,Draft Kings,spreads,home,-3,-110,1.9,2026-09-03T16:45:25.884675+00:00,-162,136,-3,3,-110,-110,48.5,-110,-110
2026_09_03_164525_884675,2026-09-03T16:45:25.884675+00:00,401873009,2026-10-27T00:15Z,Philadelphia Eagles,Dallas Cowboys,Draft Kings,spreads,away,3,-110,1.9,2026-09-03T16:45:25.884675+00:00,-162,136,-3,3,-110,-110,48.5,-110,-110
2026_09_03_164525_884675,2026-09-03T16:45:25.884675+00:00,401873009,2026-10-27T00:15Z,Philadelphia Eagles,Dallas Cowboys,Draft Kings,totals,over,48.5,-110,1.9,2026-09-03T16:45:25.884675+00:00,-162,136,-3,3,-110,-110,48.5,-110,-110
2026_09_03_164525_884675,2026-09-03T16:45:25.884675+00:00,401873009,2026-10-27T00:15Z,Philadelphia Eagles,Dallas Cowboys,Draft Kings,totals,under,48.5,-110,1.9,2026-09-03T16:45:25.884675+00:00,-162,136,-3,3,-110,-110,48.5,-110,-110
2026_09_03_164525_884675,2026-09-03T16:45:25.884675+00:00,401873023,2026-10-30T00:15Z,Green Bay Packers,Carolina Panthers,Draft Kings,h2h,home,,-340,1.29,2026-09-03T16:45:25.884675+00:00,-340,270,-7,7,-110,-110,45.5,-110,-110
2026_09_03_164525_884675,2026-09-03T16:45:25.884675+00:00,401873023,2026-10-30T00:15Z,Green Bay Packers,Carolina Panthers,Draft Kings,h2h,away,,270,3.7,2026-09-03T16:45:25.884675+00:00,-340,270,-7,7,-110,-110,45.5,-110,-110
2026_09_03_164525_884675,2026-09-03T16:45:25.884675+00:00,401873023,2026-10-30T00:15Z,Green Bay Packers,Carolina Panthers,Draft Kings,spreads,home,-7,-110,1.9,2026-09-03T16:45:25.884675+00:00,-340,270,-7,7,-110,-110,45.5,-110,-110
2026_09_03_164525_884675,2026-09-03T16:45:25.884675+00:00,401873023,2026-10-30T00:15Z,Green Bay Packers,Carolina Panthers,Draft Kings,spreads,away,7,-110,1.9,2026-09-03T16:45:25.884675+00:00,-340,270,-7,7,-110,-110,45.5,-110,-110
2026_09_03_164525_884675,2026-09-03T16:45:25.884675+00:00,401873023,2026-10-30T00:15Z,Green Bay Packers,Carolina Panthers,Draft Kings,totals,over,45.5,-110,1.9,2026-09-03T16:45:25.884675+00:00,-340,270,-7,7,-110,-110,45.5,-110,-110
2026_09_03_164525_884675,2026-09-03T16:45:25.884675+00:00,401873023,2026-10-30T00:15Z,Green Bay Packers,Carolina Panthers,Draft Kings,totals,under,45.5,-110,1.9,2026-09-03T16:45:25.884675+00:00,-340,270,-7,7,-110,-110,45.5,-110,-110
2026_09_03_164525_884675,2026-09-03T16:45:25.884675+00:00,401873024,2026-11-01T18:00Z,Dallas Cowboys,Arizona Cardinals,Draft Kings,h2h,home,,-500,1.2,2026-09-03T16:45:25.884675+00:00,-500,380,-10.5,10.5,-110,-110,47.5,-110,-110
2026_09_03_164525_884675,2026-09-03T16:45:25.884675+00:00,401873024,2026-11-01T18:00Z,Dallas Cowboys,Arizona Cardinals,Draft Kings,h2h,away,,380,4.8,2026-09-03T16:45:25.884675+00:00,-500,380,-10.5,10.5,-110,-110,47.5,-110,-110
2026_09_03_164525_884675,2026-09-03T16:45:25.884675+00:00,401873024,2026-11-01T18:00Z,Dallas Cowboys,Arizona Cardinals,Draft Kings,spreads,home,-10.5,-110,1.9,2026-09-03T16:45:25.884675+00:00,-500,380,-10.5,10.5,-110,-110,47.5,-110,-110
2026_09_03_164525_884675,2026-09-03T16:45:25.884675+00:00,401873024,2026-11-01T18:00Z,Dallas Cowboys,Arizona Cardinals,Draft Kings,spreads,away,10.5,-110,1.9,2026-09-03T16:45:25.884675+00:00,-500,380,-10.5,10.5,-110,-110,47.5,-110,-110
2026_09_03_164525_884675,2026-09-03T16:45:25.884675+00:00,401873024,2026-11-01T18:00Z,Dallas Cowboys,Arizona Cardinals,Draft Kings,totals,over,47.5,-110,1.9,2026-09-03T16:45:25.884675+00:00,-500,380,-10.5,10.5,-110,-110,47.5,-110,-110
2026_09_03_164525_884675,2026-09-03T16:45:25.884675+00:00,401873024,2026-11-01T18:00Z,Dallas Cowboys,Arizona Cardinals,Draft Kings,totals,under,47.5,-110,1.9,2026-09-03T16:45:25.884675+00:00,-500,380,-10.5,10.5,-110,-110,47.5,-110,-110
2026_09_03_164525_884675,2026-09-03T16:45:25.884675+00:00,401873025,2026-11-01T18:00Z,Tampa Bay Buccaneers,Atlanta Falcons,Draft Kings,h2h,home,,-218,1.45,2026-09-03T16:45:25.884675+00:00,-218,180,-4.5,4.5,-110,-110,46.5,-110,-110
2026_09_03_164525_884675,2026-09-03T16:45:25.884675+00:00,401873025,2026-11-01T18:00Z,Tampa Bay Buccaneers,Atlanta Falcons,Draft Kings,h2h,away,,180,2.8,2026-09-03T16:45:25.884675+00:00,-218,180,-4.5,4.5,-110,-110,46.5,-110,-110
2026_09_03_164525_884675,2026-09-03T16:45:25.884675+00:00,401873025,2026-11-01T18:00Z,Tampa Bay Buccaneers,Atlanta Falcons,Draft Kings,spreads,home,-4.5,-110,1.9,2026-09-03T16:45:25.884675+00:00,-218,180,-4.5,4.5,-110,-110,46.5,-110,-110
2026_09_03_164525_884675,2026-09-03T16:45:25.884675+00:00,401873025,2026-11-01T18:00Z,Tampa Bay Buccaneers,Atlanta Falcons,Draft Kings,spreads,away,4.5,-110,1.9,2026-09-03T16:45:25.884675+00:00,-218,180,-4.5,4.5,-110,-110,46.5,-110,-110
2026_09_03_164525_884675,2026-09-03T16:45:25.884675+00:00,401873025,2026-11-01T18:00Z,Tampa Bay Buccaneers,Atlanta Falcons,Draft Kings,totals,over,46.5,-110,1.9,2026-09-03T16:45:25.884675+00:00,-218,180,-4.5,4.5,-110,-110,46.5,-110,-110
2026_09_03_164525_884675,2026-09-03T16:45:25.884675+00:00,401873025,2026-11-01T18:00Z,Tampa Bay Buccaneers,Atlanta Falcons,Draft Kings,totals,under,46.5,-110,1.9,2026-09-03T16:45:25.884675+00:00,-218,180,-4.5,4.5,-110,-110,46.5,-110,-110
2026_09_03_164525_884675,2026-09-03T16:45:25.884675+00:00,401873026,2026-11-01T18:00Z,Buffalo Bills,Baltimore Ravens,Draft Kings,h2h,home,,-135,1.74,2026-09-03T16:45:25.884675+00:00,-135,114,-2.5,2.5,-110,-110,51.5,-110,-110
2026_09_03_164525_884675,2026-09-03T16:45:25.884675+00:00,401873026,2026-11-01T18:00Z,Buffalo Bills,Baltimore Ravens,Draft Kings,h2h,away,,114,2.14,2026-09-03T16:45:25.884675+00:00,-135,114,-2.5,2.5,-110,-110,51.5,-110,-110
2026_09_03_164525_884675,2026-09-03T16:45:25.884675+00:00,401873026,2026-11-01T18:00Z,Buffalo Bills,Baltimore Ravens,Draft Kings,spreads,home,-2.5,-110,1.9,2026-09-03T16:45:25.884675+00:00,-135,114,-2.5,2.5,-110,-110,51.5,-110,-110
2026_09_03_164525_884675,2026-09-03T16:45:25.884675+00:00,401873026,2026-11-01T18:00Z,Buffalo Bills,Baltimore Ravens,Draft Kings,spreads,away,2.5,-110,1.9,2026-09-03T16:45:25.884675+00:00,-135,114,-2.5,2.5,-110,-110,51.5,-110,-110
2026_09_03_164525_884675,2026-09-03T16:45:25.884675+00:00,401873026,2026-11-01T18:00Z,Buffalo Bills,Baltimore Ravens,Draft Kings,totals,over,51.5,-110,1.9,2026-09-03T16:45:25.884675+00:00,-135,114,-2.5,2.5,-110,-110,51.5,-110,-110
2026_09_03_164525_884675,2026-09-03T16:45:25.884675+00:00,401873026,2026-11-01T18:00Z,Buffalo Bills,Baltimore Ravens,Draft Kings,totals,under,51.5,-110,1.9,2026-09-03T16:45:25.884675+00:00,-135,114,-2.5,2.5,-110,-110,51.5,-110,-110
2026_09_03_164525_884675,2026-09-03T16:45:25.884675+00:00,401873027,2026-11-01T18:00Z,Pittsburgh Steelers,Cleveland Browns,Draft Kings,h2h,home,,-258,1.38,2026-09-03T16:45:25.884675+00:00,-258,210,-6,6,-110,-110,39.5,-110,-110
2026_09_03_164525_884675,2026-09-03T16:45:25.884675+00:00,401873027,2026-11-01T18:00Z,Pittsburgh Steelers,Cleveland Browns,Draft Kings,h2h,away,,210,3.1,2026-09-03T16:45:25.884675+00:00,-258,210,-6,6,-110,-110,39.5,-110,-110
2026_09_03_164525_884675,2026-09-03T16:45:25.884675+00:00,401873027,2026-11-01T18:00Z,Pittsburgh Steelers,Cleveland Browns,Draft Kings,spreads,home,-6,-110,1.9,2026-09-03T16:45:25.884675+00:00,-258,210,-6,6,-110,-110,39.5,-110,-110
2026_09_03_164525_884675,2026-09-03T16:45:25.884675+00:00,401873027,2026-11-01T18:00Z,Pittsburgh Steelers,Cleveland Browns,Draft Kings,spreads,away,6,-110,1.9,2026-09-03T16:45:25.884675+00:00,-258,210,-6,6,-110,-110,39.5,-110,-110
2026_09_03_164525_884675,2026-09-03T16:45:25.884675+00:00,401873027,2026-11-01T18:00Z,Pittsburgh Steelers,Cleveland Browns,Draft Kings,totals,over,39.5,-110,1.9,2026-09-03T16:45:25.884675+00:00,-258,210,-6,6,-110,-110,39.5,-110,-110
2026_09_03_164525_884675,2026-09-03T16:45:25.884675+00:00,401873027,2026-11-01T18:00Z,Pittsburgh Steelers,Cleveland Browns,Draft Kings,totals,under,39.5,-110,1.9,2026-09-03T16:45:25.884675+00:00,-258,210,-6,6,-110,-110,39.5,-110,-110
2026_09_03_164525_884675,2026-09-03T16:45:25.884675+00:00,401873028,2026-11-01T18:00Z,Jacksonville Jaguars,Indianapolis Colts,Draft Kings,h2h,home,,-225,1.44,2026-09-03T16:45:25.884675+00:00,-225,185,-4.5,4.5,-110,-110,49.5,-110,-110
2026_09_03_164525_884675,2026-09-03T16:45:25.884675+00:00,401873028,2026-11-01T18:00Z,Jacksonville Jaguars,Indianapolis Colts,Draft Kings,h2h,away,,185,2.85,2026-09-03T16:45:25.884675+00:00,-225,185,-4.5,4.5,-110,-110,49.5,-110,-110
2026_09_03_164525_884675,2026-09-03T16:45:25.884675+00:00,401873028,2026-11-01T18:00Z,Jacksonville Jaguars,Indianapolis Colts,Draft Kings,spreads,home,-4.5,-110,1.9,2026-09-03T16:45:25.884675+00:00,-225,185,-4.5,4.5,-110,-110,49.5,-110,-110
2026_09_03_164525_884675,2026-09-03T16:45:25.884675+00:00,401873028,2026-11-01T18:00Z,Jacksonville Jaguars,Indianapolis Colts,Draft Kings,spreads,away,4.5,-110,1.9,2026-09-03T16:45:25.884675+00:00,-225,185,-4.5,4.5,-110,-110,49.5,-110,-110
2026_09_03_164525_884675,2026-09-03T16:45:25.884675+00:00,401873028,2026-11-01T18:00Z,Jacksonville Jaguars,Indianapolis Colts,Draft Kings,totals,over,49.5,-110,1.9,2026-09-03T16:45:25.884675+00:00,-225,185,-4.5,4.5,-110,-110,49.5,-110,-110
2026_09_03_164525_884675,2026-09-03T16:45:25.884675+00:00,401873028,2026-11-01T18:00Z,Jacksonville Jaguars,Indianapolis Colts,Draft Kings,totals,under,49.5,-110,1.9,2026-09-03T16:45:25.884675+00:00,-225,185,-4.5,4.5,-110,-110,49.5,-110,-110
2026_09_03_164525_884675,2026-09-03T16:45:25.884675+00:00,401873029,2026-11-01T18:00Z,New York Jets,Las Vegas Raiders,Draft Kings,h2h,home,,-122,1.81,2026-09-03T16:45:25.884675+00:00,-122,102,-1.5,1.5,-110,-110,40.5,-110,-110
2026_09_03_164525_884675,2026-09-03T16:45:25.884675+00:00,401873029,2026-11-01T18:00Z,New York Jets,Las Vegas Raiders,Draft Kings,h2h,away,,102,2.02,2026-09-03T16:45:25.884675+00:00,-122,102,-1.5,1.5,-110,-110,40.5,-110,-110
2026_09_03_164525_884675,2026-09-03T16:45:25.884675+00:00,401873029,2026-11-01T18:00Z,New York Jets,Las Vegas Raiders,Draft Kings,spreads,home,-1.5,-110,1.9,2026-09-03T16:45:25.884675+00:00,-122,102,-1.5,1.5,-110,-110,40.5,-110,-110
2026_09_03_164525_884675,2026-09-03T16:45:25.884675+00:00,401873029,2026-11-01T18:00Z,New York Jets,Las Vegas Raiders,Draft Kings,spreads,away,1.5,-110,1.9,2026-09-03T16:45:25.884675+00:00,-122,102,-1.5,1.5,-110,-110,40.5,-110,-110
2026_09_03_164525_884675,2026-09-03T16:45:25.884675+00:00,401873029,2026-11-01T18:00Z,New York Jets,Las Vegas Raiders,Draft Kings,totals,over,40.5,-110,1.9,2026-09-03T16:45:25.884675+00:00,-122,102,-1.5,1.5,-110,-110,40.5,-110,-110
2026_09_03_164525_884675,2026-09-03T16:45:25.884675+00:00,401873029,2026-11-01T18:00Z,New York Jets,Las Vegas Raiders,Draft Kings,totals,under,40.5,-110,1.9,2026-09-03T16:45:25.884675+00:00,-122,102,-1.5,1.5,-110,-110,40.5,-110,-110
2026_09_03_164525_884675,2026-09-03T16:45:25.884675+00:00,401873030,2026-11-01T18:00Z,Detroit Lions,Minnesota Vikings,Draft Kings,h2h,home,,-225,1.44,2026-09-03T16:45:25.884675+00:00,-225,185,-4.5,4.5,-110,-110,47.5,-110,-110
2026_09_03_164525_884675,2026-09-03T16:45:25.884675+00:00,401873030,2026-11-01T18:00Z,Detroit Lions,Minnesota Vikings,Draft Kings,h2h,away,,185,2.85,2026-09-03T16:45:25.884675+00:00,-225,185,-4.5,4.5,-110,-110,47.5,-110,-110
2026_09_03_164525_884675,2026-09-03T16:45:25.884675+00:00,401873030,2026-11-01T18:00Z,Detroit Lions,Minnesota Vikings,Draft Kings,spreads,home,-4.5,-110,1.9,2026-09-03T16:45:25.884675+00:00,-225,185,-4.5,4.5,-110,-110,47.5,-110,-110
2026_09_03_164525_884675,2026-09-03T16:45:25.884675+00:00,401873030,2026-11-01T18:00Z,Detroit Lions,Minnesota Vikings,Draft Kings,spreads,away,4.5,-110,1.9,2026-09-03T16:45:25.884675+00:00,-225,185,-4.5,4.5,-110,-110,47.5,-110,-110
2026_09_03_164525_884675,2026-09-03T16:45:25.884675+00:00,401873030,2026-11-01T18:00Z,Detroit Lions,Minnesota Vikings,Draft Kings,totals,over,47.5,-110,1.9,2026-09-03T16:45:25.884675+00:00,-225,185,-4.5,4.5,-110,-110,47.5,-110,-110
2026_09_03_164525_884675,2026-09-03T16:45:25.884675+00:00,401873030,2026-11-01T18:00Z,Detroit Lions,Minnesota Vikings,Draft Kings,totals,under,47.5,-110,1.9,2026-09-03T16:45:25.884675+00:00,-225,185,-4.5,4.5,-110,-110,47.5,-110,-110
2026_09_03_164525_884675,2026-09-03T16:45:25.884675+00:00,401873031,2026-11-01T18:00Z,Cincinnati Bengals,Tennessee Titans,Draft Kings,h2h,home,,-298,1.33,2026-09-03T16:45:25.884675+00:00,-298,240,-6.5,6.5,-110,-110,49.5,-110,-110
2026_09_03_164525_884675,2026-09-03T16:45:25.884675+00:00,401873031,2026-11-01T18:00Z,Cincinnati Bengals,Tennessee Titans,Draft Kings,h2h,away,,240,3.4,2026-09-03T16:45:25.884675+00:00,-298,240,-6.5,6.5,-110,-110,49.5,-110,-110
2026_09_03_164525_884675,2026-09-03T16:45:25.884675+00:00,401873031,2026-11-01T18:00Z,Cincinnati Bengals,Tennessee Titans,Draft Kings,spreads,home,-6.5,-110,1.9,2026-09-03T16:45:25.884675+00:00,-298,240,-6.5,6.5,-110,-110,49.5,-110,-110
2026_09_03_164525_884675,2026-09-03T16:45:25.884675+00:00,401873031,2026-11-01T18:00Z,Cincinnati Bengals,Tennessee Titans,Draft Kings,spreads,away,6.5,-110,1.9,2026-09-03T16:45:25.884675+00:00,-298,240,-6.5,6.5,-110,-110,49.5,-110,-110
2026_09_03_164525_884675,2026-09-03T16:45:25.884675+00:00,401873031,2026-11-01T18:00Z,Cincinnati Bengals,Tennessee Titans,Draft Kings,totals,over,49.5,-110,1.9,2026-09-03T16:45:25.884675+00:00,-298,240,-6.5,6.5,-110,-110,49.5,-110,-110
2026_09_03_164525_884675,2026-09-03T16:45:25.884675+00:00,401873031,2026-11-01T18:00Z,Cincinnati Bengals,Tennessee Titans,Draft Kings,totals,under,49.5,-110,1.9,2026-09-03T16:45:25.884675+00:00,-298,240,-6.5,6.5,-110,-110,49.5,-110,-110
2026_09_03_164525_884675,2026-09-03T16:45:25.884675+00:00,401873032,2026-11-01T21:05Z,Los Angeles Rams,Los Angeles Chargers,Draft Kings,h2h,home,,-192,1.52,2026-09-03T16:45:25.884675+00:00,-192,160,-3.5,3.5,-115,-105,48.5,-110,-110
2026_09_03_164525_884675,2026-09-03T16:45:25.884675+00:00,401873032,2026-11-01T21:05Z,Los Angeles Rams,Los Angeles Chargers,Draft Kings,h2h,away,,160,2.6,2026-09-03T16:45:25.884675+00:00,-192,160,-3.5,3.5,-115,-105,48.5,-110,-110
2026_09_03_164525_884675,2026-09-03T16:45:25.884675+00:00,401873032,2026-11-01T21:05Z,Los Angeles Rams,Los Angeles Chargers,Draft Kings,spreads,home,-3.5,-115,1.86,2026-09-03T16:45:25.884675+00:00,-192,160,-3.5,3.5,-115,-105,48.5,-110,-110
2026_09_03_164525_884675,2026-09-03T16:45:25.884675+00:00,401873032,2026-11-01T21:05Z,Los Angeles Rams,Los Angeles Chargers,Draft Kings,spreads,away,3.5,-105,1.95,2026-09-03T16:45:25.884675+00:00,-192,160,-3.5,3.5,-115,-105,48.5,-110,-110
2026_09_03_164525_884675,2026-09-03T16:45:25.884675+00:00,401873032,2026-11-01T21:05Z,Los Angeles Rams,Los Angeles Chargers,Draft Kings,totals,over,48.5,-110,1.9,2026-09-03T16:45:25.884675+00:00,-192,160,-3.5,3.5,-115,-105,48.5,-110,-110
2026_09_03_164525_884675,2026-09-03T16:45:25.884675+00:00,401873032,2026-11-01T21:05Z,Los Angeles Rams,Los Angeles Chargers,Draft Kings,totals,under,48.5,-110,1.9,2026-09-03T16:45:25.884675+00:00,-192,160,-3.5,3.5,-115,-105,48.5,-110,-110
2026_09_03_164525_884675,2026-09-03T16:45:25.884675+00:00,401873033,2026-11-01T21:25Z,Denver Broncos,Kansas City Chiefs,Draft Kings,h2h,home,,-125,1.8,2026-09-03T16:45:25.884675+00:00,-125,105,-1.5,1.5,-110,-110,43.5,-110,-110
2026_09_03_164525_884675,2026-09-03T16:45:25.884675+00:00,401873033,2026-11-01T21:25Z,Denver Broncos,Kansas City Chiefs,Draft Kings,h2h,away,,105,2.05,2026-09-03T16:45:25.884675+00:00,-125,105,-1.5,1.5,-110,-110,43.5,-110,-110
2026_09_03_164525_884675,2026-09-03T16:45:25.884675+00:00,401873033,2026-11-01T21:25Z,Denver Broncos,Kansas City Chiefs,Draft Kings,spreads,home,-1.5,-110,1.9,2026-09-03T16:45:25.884675+00:00,-125,105,-1.5,1.5,-110,-110,43.5,-110,-110
2026_09_03_164525_884675,2026-09-03T16:45:25.884675+00:00,401873033,2026-11-01T21:25Z,Denver Broncos,Kansas City Chiefs,Draft Kings,spreads,away,1.5,-110,1.9,2026-09-03T16:45:25.884675+00:00,-125,105,-1.5,1.5,-110,-110,43.5,-110,-110
2026_09_03_164525_884675,2026-09-03T16:45:25.884675+00:00,401873033,2026-11-01T21:25Z,Denver Broncos,Kansas City Chiefs,Draft Kings,totals,over,43.5,-110,1.9,2026-09-03T16:45:25.884675+00:00,-125,105,-1.5,1.5,-110,-110,43.5,-110,-110
2026_09_03_164525_884675,2026-09-03T16:45:25.884675+00:00,401873033,2026-11-01T21:25Z,Denver Broncos,Kansas City Chiefs,Draft Kings,totals,under,43.5,-110,1.9,2026-09-03T16:45:25.884675+00:00,-125,105,-1.5,1.5,-110,-110,43.5,-110,-110
2026_09_03_164525_884675,2026-09-03T16:45:25.884675+00:00,401873034,2026-11-01T21:25Z,Miami Dolphins,New England Patriots,Draft Kings,h2h,home,,280,3.8,2026-09-03T16:45:25.884675+00:00,280,-355,7,-7,-110,-110,45.5,-110,-110
2026_09_03_164525_884675,2026-09-03T16:45:25.884675+00:00,401873034,2026-11-01T21:25Z,Miami Dolphins,New England Patriots,Draft Kings,h2h,away,,-355,1.28,2026-09-03T16:45:25.884675+00:00,280,-355,7,-7,-110,-110,45.5,-110,-110
2026_09_03_164525_884675,2026-09-03T16:45:25.884675+00:00,401873034,2026-11-01T21:25Z,Miami Dolphins,New England Patriots,Draft Kings,spreads,home,7,-110,1.9,2026-09-03T16:45:25.884675+00:00,280,-355,7,-7,-110,-110,45.5,-110,-110
2026_09_03_164525_884675,2026-09-03T16:45:25.884675+00:00,401873034,2026-11-01T21:25Z,Miami Dolphins,New England Patriots,Draft Kings,spreads,away,-7,-110,1.9,2026-09-03T16:45:25.884675+00:00,280,-355,7,-7,-110,-110,45.5,-110,-110
2026_09_03_164525_884675,2026-09-03T16:45:25.884675+00:00,401873034,2026-11-01T21:25Z,Miami Dolphins,New England Patriots,Draft Kings,totals,over,45.5,-110,1.9,2026-09-03T16:45:25.884675+00:00,280,-355,7,-7,-110,-110,45.5,-110,-110
2026_09_03_164525_884675,2026-09-03T16:45:25.884675+00:00,401873034,2026-11-01T21:25Z,Miami Dolphins,New England Patriots,Draft Kings,totals,under,45.5,-110,1.9,2026-09-03T16:45:25.884675+00:00,280,-355,7,-7,-110,-110,45.5,-110,-110
2026_09_03_164525_884675,2026-09-03T16:45:25.884675+00:00,401873035,2026-11-02T01:20Z,Washington Commanders,Philadelphia Eagles,Draft Kings,h2h,home,,105,2.05,2026-09-03T16:45:25.884675+00:00,105,-125,1.5,-1.5,-110,-110,46.5,-110,-110
2026_09_03_164525_884675,2026-09-03T16:45:25.884675+00:00,401873035,2026-11-02T01:20Z,Washington Commanders,Philadelphia Eagles,Draft Kings,h2h,away,,-125,1.8,2026-09-03T16:45:25.884675+00:00,105,-125,1.5,-1.5,-110,-110,46.5,-110,-110
2026_09_03_164525_884675,2026-09-03T16:45:25.884675+00:00,401873035,2026-11-02T01:20Z,Washington Commanders,Philadelphia Eagles,Draft Kings,spreads,home,1.5,-110,1.9,2026-09-03T16:45:25.884675+00:00,105,-125,1.5,-1.5,-110,-110,46.5,-110,-110
2026_09_03_164525_884675,2026-09-03T16:45:25.884675+00:00,401873035,2026-11-02T01:20Z,Washington Commanders,Philadelphia Eagles,Draft Kings,spreads,away,-1.5,-110,1.9,2026-09-03T16:45:25.884675+00:00,105,-125,1.5,-1.5,-110,-110,46.5,-110,-110
2026_09_03_164525_884675,2026-09-03T16:45:25.884675+00:00,401873035,2026-11-02T01:20Z,Washington Commanders,Philadelphia Eagles,Draft Kings,totals,over,46.5,-110,1.9,2026-09-03T16:45:25.884675+00:00,105,-125,1.5,-1.5,-110,-110,46.5,-110,-110
2026_09_03_164525_884675,2026-09-03T16:45:25.884675+00:00,401873035,2026-11-02T01:20Z,Washington Commanders,Philadelphia Eagles,Draft Kings,totals,under,46.5,-110,1.9,2026-09-03T16:45:25.884675+00:00,105,-125,1.5,-1.5,-110,-110,46.5,-110,-110
2026_09_03_164525_884675,2026-09-03T16:45:25.884675+00:00,401873036,2026-11-03T01:15Z,Seattle Seahawks,Chicago Bears,Draft Kings,h2h,home,,-225,1.44,2026-09-03T16:45:25.884675+00:00,-225,185,-4.5,4.5,-110,-110,47.5,-110,-110
2026_09_03_164525_884675,2026-09-03T16:45:25.884675+00:00,401873036,2026-11-03T01:15Z,Seattle Seahawks,Chicago Bears,Draft Kings,h2h,away,,185,2.85,2026-09-03T16:45:25.884675+00:00,-225,185,-4.5,4.5,-110,-110,47.5,-110,-110
2026_09_03_164525_884675,2026-09-03T16:45:25.884675+00:00,401873036,2026-11-03T01:15Z,Seattle Seahawks,Chicago Bears,Draft Kings,spreads,home,-4.5,-110,1.9,2026-09-03T16:45:25.884675+00:00,-225,185,-4.5,4.5,-110,-110,47.5,-110,-110
2026_09_03_164525_884675,2026-09-03T16:45:25.884675+00:00,401873036,2026-11-03T01:15Z,Seattle Seahawks,Chicago Bears,Draft Kings,spreads,away,4.5,-110,1.9,2026-09-03T16:45:25.884675+00:00,-225,185,-4.5,4.5,-110,-110,47.5,-110,-110
2026_09_03_164525_884675,2026-09-03T16:45:25.884675+00:00,401873036,2026-11-03T01:15Z,Seattle Seahawks,Chicago Bears,Draft Kings,totals,over,47.5,-110,1.9,2026-09-03T16:45:25.884675+00:00,-225,185,-4.5,4.5,-110,-110,47.5,-110,-110
2026_09_03_164525_884675,2026-09-03T16:45:25.884675+00:00,401873036,2026-11-03T01:15Z,Seattle Seahawks,Chicago Bears,Draft Kings,totals,under,47.5,-110,1.9,2026-09-03T16:45:25.884675+00:00,-225,185,-4.5,4.5,-110,-110,47.5,-110,-110
2026_09_03_164525_884675,2026-09-03T16:45:25.884675+00:00,401873037,2026-11-06T01:15Z,Baltimore Ravens,Jacksonville Jaguars,Draft Kings,h2h,home,,-205,1.48,2026-09-03T16:45:25.884675+00:00,-205,170,-4.5,4.5,-110,-110,49.5,-110,-110
2026_09_03_164525_884675,2026-09-03T16:45:25.884675+00:00,401873037,2026-11-06T01:15Z,Baltimore Ravens,Jacksonville Jaguars,Draft Kings,h2h,away,,170,2.7,2026-09-03T16:45:25.884675+00:00,-205,170,-4.5,4.5,-110,-110,49.5,-110,-110
2026_09_03_164525_884675,2026-09-03T16:45:25.884675+00:00,401873037,2026-11-06T01:15Z,Baltimore Ravens,Jacksonville Jaguars,Draft Kings,spreads,home,-4.5,-110,1.9,2026-09-03T16:45:25.884675+00:00,-205,170,-4.5,4.5,-110,-110,49.5,-110,-110
2026_09_03_164525_884675,2026-09-03T16:45:25.884675+00:00,401873037,2026-11-06T01:15Z,Baltimore Ravens,Jacksonville Jaguars,Draft Kings,spreads,away,4.5,-110,1.9,2026-09-03T16:45:25.884675+00:00,-205,170,-4.5,4.5,-110,-110,49.5,-110,-110
2026_09_03_164525_884675,2026-09-03T16:45:25.884675+00:00,401873037,2026-11-06T01:15Z,Baltimore Ravens,Jacksonville Jaguars,Draft Kings,totals,over,49.5,-110,1.9,2026-09-03T16:45:25.884675+00:00,-205,170,-4.5,4.5,-110,-110,49.5,-110,-110
2026_09_03_164525_884675,2026-09-03T16:45:25.884675+00:00,401873037,2026-11-06T01:15Z,Baltimore Ravens,Jacksonville Jaguars,Draft Kings,totals,under,49.5,-110,1.9,2026-09-03T16:45:25.884675+00:00,-205,170,-4.5,4.5,-110,-110,49.5,-110,-110
2026_09_03_164525_884675,2026-09-03T16:45:25.884675+00:00,401873038,2026-11-08T14:30Z,Atlanta Falcons,Cincinnati Bengals,Draft Kings,h2h,home,,190,2.9,2026-09-03T16:45:25.884675+00:00,190,-230,5.5,-5.5,-110,-110,49.5,-110,-110
2026_09_03_164525_884675,2026-09-03T16:45:25.884675+00:00,401873038,2026-11-08T14:30Z,Atlanta Falcons,Cincinnati Bengals,Draft Kings,h2h,away,,-230,1.43,2026-09-03T16:45:25.884675+00:00,190,-230,5.5,-5.5,-110,-110,49.5,-110,-110
2026_09_03_164525_884675,2026-09-03T16:45:25.884675+00:00,401873038,2026-11-08T14:30Z,Atlanta Falcons,Cincinnati Bengals,Draft Kings,spreads,home,5.5,-110,1.9,2026-09-03T16:45:25.884675+00:00,190,-230,5.5,-5.5,-110,-110,49.5,-110,-110
2026_09_03_164525_884675,2026-09-03T16:45:25.884675+00:00,401873038,2026-11-08T14:30Z,Atlanta Falcons,Cincinnati Bengals,Draft Kings,spreads,away,-5.5,-110,1.9,2026-09-03T16:45:25.884675+00:00,190,-230,5.5,-5.5,-110,-110,49.5,-110,-110
2026_09_03_164525_884675,2026-09-03T16:45:25.884675+00:00,401873038,2026-11-08T14:30Z,Atlanta Falcons,Cincinnati Bengals,Draft Kings,totals,over,49.5,-110,1.9,2026-09-03T16:45:25.884675+00:00,190,-230,5.5,-5.5,-110,-110,49.5,-110,-110
2026_09_03_164525_884675,2026-09-03T16:45:25.884675+00:00,401873038,2026-11-08T14:30Z,Atlanta Falcons,Cincinnati Bengals,Draft Kings,totals,under,49.5,-110,1.9,2026-09-03T16:45:25.884675+00:00,190,-230,5.5,-5.5,-110,-110,49.5,-110,-110
2026_09_03_164525_884675,2026-09-03T16:45:25.884675+00:00,401873039,2026-11-08T18:00Z,New Orleans Saints,Cleveland Browns,Draft Kings,h2h,home,,-205,1.48,2026-09-03T16:45:25.884675+00:00,-205,170,-3.5,3.5,-115,-105,41.5,-110,-110
2026_09_03_164525_884675,2026-09-03T16:45:25.884675+00:00,401873039,2026-11-08T18:00Z,New Orleans Saints,Cleveland Browns,Draft Kings,h2h,away,,170,2.7,2026-09-03T16:45:25.884675+00:00,-205,170,-3.5,3.5,-115,-105,41.5,-110,-110
2026_09_03_164525_884675,2026-09-03T16:45:25.884675+00:00,401873039,2026-11-08T18:00Z,New Orleans Saints,Cleveland Browns,Draft Kings,spreads,home,-3.5,-115,1.86,2026-09-03T16:45:25.884675+00:00,-205,170,-3.5,3.5,-115,-105,41.5,-110,-110
2026_09_03_164525_884675,2026-09-03T16:45:25.884675+00:00,401873039,2026-11-08T18:00Z,New Orleans Saints,Cleveland Browns,Draft Kings,spreads,away,3.5,-105,1.95,2026-09-03T16:45:25.884675+00:00,-205,170,-3.5,3.5,-115,-105,41.5,-110,-110
2026_09_03_164525_884675,2026-09-03T16:45:25.884675+00:00,401873039,2026-11-08T18:00Z,New Orleans Saints,Cleveland Browns,Draft Kings,totals,over,41.5,-110,1.9,2026-09-03T16:45:25.884675+00:00,-205,170,-3.5,3.5,-115,-105,41.5,-110,-110
2026_09_03_164525_884675,2026-09-03T16:45:25.884675+00:00,401873039,2026-11-08T18:00Z,New Orleans Saints,Cleveland Browns,Draft Kings,totals,under,41.5,-110,1.9,2026-09-03T16:45:25.884675+00:00,-205,170,-3.5,3.5,-115,-105,41.5,-110,-110
2026_09_03_164525_884675,2026-09-03T16:45:25.884675+00:00,401873040,2026-11-08T18:00Z,Indianapolis Colts,Dallas Cowboys,Draft Kings,h2h,home,,105,2.05,2026-09-03T16:45:25.884675+00:00,105,-125,1.5,-1.5,-110,-110,52.5,-110,-110
2026_09_03_164525_884675,2026-09-03T16:45:25.884675+00:00,401873040,2026-11-08T18:00Z,Indianapolis Colts,Dallas Cowboys,Draft Kings,h2h,away,,-125,1.8,2026-09-03T16:45:25.884675+00:00,105,-125,1.5,-1.5,-110,-110,52.5,-110,-110
2026_09_03_164525_884675,2026-09-03T16:45:25.884675+00:00,401873040,2026-11-08T18:00Z,Indianapolis Colts,Dallas Cowboys,Draft Kings,spreads,home,1.5,-110,1.9,2026-09-03T16:45:25.884675+00:00,105,-125,1.5,-1.5,-110,-110,52.5,-110,-110
2026_09_03_164525_884675,2026-09-03T16:45:25.884675+00:00,401873040,2026-11-08T18:00Z,Indianapolis Colts,Dallas Cowboys,Draft Kings,spreads,away,-1.5,-110,1.9,2026-09-03T16:45:25.884675+00:00,105,-125,1.5,-1.5,-110,-110,52.5,-110,-110
2026_09_03_164525_884675,2026-09-03T16:45:25.884675+00:00,401873040,2026-11-08T18:00Z,Indianapolis Colts,Dallas Cowboys,Draft Kings,totals,over,52.5,-110,1.9,2026-09-03T16:45:25.884675+00:00,105,-125,1.5,-1.5,-110,-110,52.5,-110,-110
2026_09_03_164525_884675,2026-09-03T16:45:25.884675+00:00,401873040,2026-11-08T18:00Z,Indianapolis Colts,Dallas Cowboys,Draft Kings,totals,under,52.5,-110,1.9,2026-09-03T16:45:25.884675+00:00,105,-125,1.5,-1.5,-110,-110,52.5,-110,-110
2026_09_03_164525_884675,2026-09-03T16:45:25.884675+00:00,401873041,2026-11-08T18:00Z,Carolina Panthers,Denver Broncos,Draft Kings,h2h,home,,136,2.36,2026-09-03T16:45:25.884675+00:00,136,-162,3,-3,-110,-110,42.5,-110,-110
2026_09_03_164525_884675,2026-09-03T16:45:25.884675+00:00,401873041,2026-11-08T18:00Z,Carolina Panthers,Denver Broncos,Draft Kings,h2h,away,,-162,1.61,2026-09-03T16:45:25.884675+00:00,136,-162,3,-3,-110,-110,42.5,-110,-110
2026_09_03_164525_884675,2026-09-03T16:45:25.884675+00:00,401873041,2026-11-08T18:00Z,Carolina Panthers,Denver Broncos,Draft Kings,spreads,home,3,-110,1.9,2026-09-03T16:45:25.884675+00:00,136,-162,3,-3,-110,-110,42.5,-110,-110
2026_09_03_164525_884675,2026-09-03T16:45:25.884675+00:00,401873041,2026-11-08T18:00Z,Carolina Panthers,Denver Broncos,Draft Kings,spreads,away,-3,-110,1.9,2026-09-03T16:45:25.884675+00:00,136,-162,3,-3,-110,-110,42.5,-110,-110
2026_09_03_164525_884675,2026-09-03T16:45:25.884675+00:00,401873041,2026-11-08T18:00Z,Carolina Panthers,Denver Broncos,Draft Kings,totals,over,42.5,-110,1.9,2026-09-03T16:45:25.884675+00:00,136,-162,3,-3,-110,-110,42.5,-110,-110
2026_09_03_164525_884675,2026-09-03T16:45:25.884675+00:00,401873041,2026-11-08T18:00Z,Carolina Panthers,Denver Broncos,Draft Kings,totals,under,42.5,-110,1.9,2026-09-03T16:45:25.884675+00:00,136,-162,3,-3,-110,-110,42.5,-110,-110
2026_09_03_164525_884675,2026-09-03T16:45:25.884675+00:00,401873042,2026-11-08T18:00Z,Miami Dolphins,Detroit Lions,Draft Kings,h2h,home,,225,3.25,2026-09-03T16:45:25.884675+00:00,225,-278,6.5,-6.5,-110,-110,47.5,-110,-110
2026_09_03_164525_884675,2026-09-03T16:45:25.884675+00:00,401873042,2026-11-08T18:00Z,Miami Dolphins,Detroit Lions,Draft Kings,h2h,away,,-278,1.35,2026-09-03T16:45:25.884675+00:00,225,-278,6.5,-6.5,-110,-110,47.5,-110,-110
2026_09_03_164525_884675,2026-09-03T16:45:25.884675+00:00,401873042,2026-11-08T18:00Z,Miami Dolphins,Detroit Lions,Draft Kings,spreads,home,6.5,-110,1.9,2026-09-03T16:45:25.884675+00:00,225,-278,6.5,-6.5,-110,-110,47.5,-110,-110
2026_09_03_164525_884675,2026-09-03T16:45:25.884675+00:00,401873042,2026-11-08T18:00Z,Miami Dolphins,Detroit Lions,Draft Kings,spreads,away,-6.5,-110,1.9,2026-09-03T16:45:25.884675+00:00,225,-278,6.5,-6.5,-110,-110,47.5,-110,-110
2026_09_03_164525_884675,2026-09-03T16:45:25.884675+00:00,401873042,2026-11-08T18:00Z,Miami Dolphins,Detroit Lions,Draft Kings,totals,over,47.5,-110,1.9,2026-09-03T16:45:25.884675+00:00,225,-278,6.5,-6.5,-110,-110,47.5,-110,-110
2026_09_03_164525_884675,2026-09-03T16:45:25.884675+00:00,401873042,2026-11-08T18:00Z,Miami Dolphins,Detroit Lions,Draft Kings,totals,under,47.5,-110,1.9,2026-09-03T16:45:25.884675+00:00,225,-278,6.5,-6.5,-110,-110,47.5,-110,-110
2026_09_03_164525_884675,2026-09-03T16:45:25.884675+00:00,401873043,2026-11-08T18:00Z,Washington Commanders,Los Angeles Rams,Draft Kings,h2h,home,,180,2.8,2026-09-03T16:45:25.884675+00:00,180,-218,5.5,-5.5,-115,-105,50.5,-110,-110
2026_09_03_164525_884675,2026-09-03T16:45:25.884675+00:00,401873043,2026-11-08T18:00Z,Washington Commanders,Los Angeles Rams,Draft Kings,h2h,away,,-218,1.45,2026-09-03T16:45:25.884675+00:00,180,-218,5.5,-5.5,-115,-105,50.5,-110,-110
2026_09_03_164525_884675,2026-09-03T16:45:25.884675+00:00,401873043,2026-11-08T18:00Z,Washington Commanders,Los Angeles Rams,Draft Kings,spreads,home,5.5,-115,1.86,2026-09-03T16:45:25.884675+00:00,180,-218,5.5,-5.5,-115,-105,50.5,-110,-110
2026_09_03_164525_884675,2026-09-03T16:45:25.884675+00:00,401873043,2026-11-08T18:00Z,Washington Commanders,Los Angeles Rams,Draft Kings,spreads,away,-5.5,-105,1.95,2026-09-03T16:45:25.884675+00:00,180,-218,5.5,-5.5,-115,-105,50.5,-110,-110
2026_09_03_164525_884675,2026-09-03T16:45:25.884675+00:00,401873043,2026-11-08T18:00Z,Washington Commanders,Los Angeles Rams,Draft Kings,totals,over,50.5,-110,1.9,2026-09-03T16:45:25.884675+00:00,180,-218,5.5,-5.5,-115,-105,50.5,-110,-110
2026_09_03_164525_884675,2026-09-03T16:45:25.884675+00:00,401873043,2026-11-08T18:00Z,Washington Commanders,Los Angeles Rams,Draft Kings,totals,under,50.5,-110,1.9,2026-09-03T16:45:25.884675+00:00,180,-218,5.5,-5.5,-115,-105,50.5,-110,-110
2026_09_03_164525_884675,2026-09-03T16:45:25.884675+00:00,401873044,2026-11-08T18:00Z,Philadelphia Eagles,New York Giants,Draft Kings,h2h,home,,-238,1.42,2026-09-03T16:45:25.884675+00:00,-238,195,-5.5,5.5,-110,-110,44.5,-110,-110
2026_09_03_164525_884675,2026-09-03T16:45:25.884675+00:00,401873044,2026-11-08T18:00Z,Philadelphia Eagles,New York Giants,Draft Kings,h2h,away,,195,2.95,2026-09-03T16:45:25.884675+00:00,-238,195,-5.5,5.5,-110,-110,44.5,-110,-110
2026_09_03_164525_884675,2026-09-03T16:45:25.884675+00:00,401873044,2026-11-08T18:00Z,Philadelphia Eagles,New York Giants,Draft Kings,spreads,home,-5.5,-110,1.9,2026-09-03T16:45:25.884675+00:00,-238,195,-5.5,5.5,-110,-110,44.5,-110,-110
2026_09_03_164525_884675,2026-09-03T16:45:25.884675+00:00,401873044,2026-11-08T18:00Z,Philadelphia Eagles,New York Giants,Draft Kings,spreads,away,5.5,-110,1.9,2026-09-03T16:45:25.884675+00:00,-238,195,-5.5,5.5,-110,-110,44.5,-110,-110
2026_09_03_164525_884675,2026-09-03T16:45:25.884675+00:00,401873044,2026-11-08T18:00Z,Philadelphia Eagles,New York Giants,Draft Kings,totals,over,44.5,-110,1.9,2026-09-03T16:45:25.884675+00:00,-238,195,-5.5,5.5,-110,-110,44.5,-110,-110
2026_09_03_164525_884675,2026-09-03T16:45:25.884675+00:00,401873044,2026-11-08T18:00Z,Philadelphia Eagles,New York Giants,Draft Kings,totals,under,44.5,-110,1.9,2026-09-03T16:45:25.884675+00:00,-238,195,-5.5,5.5,-110,-110,44.5,-110,-110
2026_09_03_164525_884675,2026-09-03T16:45:25.884675+00:00,401873045,2026-11-08T18:00Z,Kansas City Chiefs,New York Jets,Draft Kings,h2h,home,,-455,1.21,2026-09-03T16:45:25.884675+00:00,-455,350,-9.5,9.5,-110,-110,41.5,-110,-110
2026_09_03_164525_884675,2026-09-03T16:45:25.884675+00:00,401873045,2026-11-08T18:00Z,Kansas City Chiefs,New York Jets,Draft Kings,h2h,away,,350,4.5,2026-09-03T16:45:25.884675+00:00,-455,350,-9.5,9.5,-110,-110,41.5,-110,-110
2026_09_03_164525_884675,2026-09-03T16:45:25.884675+00:00,401873045,2026-11-08T18:00Z,Kansas City Chiefs,New York Jets,Draft Kings,spreads,home,-9.5,-110,1.9,2026-09-03T16:45:25.884675+00:00,-455,350,-9.5,9.5,-110,-110,41.5,-110,-110
2026_09_03_164525_884675,2026-09-03T16:45:25.884675+00:00,401873045,2026-11-08T18:00Z,Kansas City Chiefs,New York Jets,Draft Kings,spreads,away,9.5,-110,1.9,2026-09-03T16:45:25.884675+00:00,-455,350,-9.5,9.5,-110,-110,41.5,-110,-110
2026_09_03_164525_884675,2026-09-03T16:45:25.884675+00:00,401873045,2026-11-08T18:00Z,Kansas City Chiefs,New York Jets,Draft Kings,totals,over,41.5,-110,1.9,2026-09-03T16:45:25.884675+00:00,-455,350,-9.5,9.5,-110,-110,41.5,-110,-110
2026_09_03_164525_884675,2026-09-03T16:45:25.884675+00:00,401873045,2026-11-08T18:00Z,Kansas City Chiefs,New York Jets,Draft Kings,totals,under,41.5,-110,1.9,2026-09-03T16:45:25.884675+00:00,-455,350,-9.5,9.5,-110,-110,41.5,-110,-110
2026_09_03_164525_884675,2026-09-03T16:45:25.884675+00:00,401873046,2026-11-08T21:05Z,Los Angeles Chargers,Houston Texans,Draft Kings,h2h,home,,-142,1.7,2026-09-03T16:45:25.884675+00:00,-142,120,-2.5,2.5,-110,-110,43.5,-110,-110
2026_09_03_164525_884675,2026-09-03T16:45:25.884675+00:00,401873046,2026-11-08T21:05Z,Los Angeles Chargers,Houston Texans,Draft Kings,h2h,away,,120,2.2,2026-09-03T16:45:25.884675+00:00,-142,120,-2.5,2.5,-110,-110,43.5,-110,-110
2026_09_03_164525_884675,2026-09-03T16:45:25.884675+00:00,401873046,2026-11-08T21:05Z,Los Angeles Chargers,Houston Texans,Draft Kings,spreads,home,-2.5,-110,1.9,2026-09-03T16:45:25.884675+00:00,-142,120,-2.5,2.5,-110,-110,43.5,-110,-110
2026_09_03_164525_884675,2026-09-03T16:45:25.884675+00:00,401873046,2026-11-08T21:05Z,Los Angeles Chargers,Houston Texans,Draft Kings,spreads,away,2.5,-110,1.9,2026-09-03T16:45:25.884675+00:00,-142,120,-2.5,2.5,-110,-110,43.5,-110,-110
2026_09_03_164525_884675,2026-09-03T16:45:25.884675+00:00,401873046,2026-11-08T21:05Z,Los Angeles Chargers,Houston Texans,Draft Kings,totals,over,43.5,-110,1.9,2026-09-03T16:45:25.884675+00:00,-142,120,-2.5,2.5,-110,-110,43.5,-110,-110
2026_09_03_164525_884675,2026-09-03T16:45:25.884675+00:00,401873046,2026-11-08T21:05Z,Los Angeles Chargers,Houston Texans,Draft Kings,totals,under,43.5,-110,1.9,2026-09-03T16:45:25.884675+00:00,-142,120,-2.5,2.5,-110,-110,43.5,-110,-110
2026_09_03_164525_884675,2026-09-03T16:45:25.884675+00:00,401873047,2026-11-08T21:05Z,San Francisco 49ers,Las Vegas Raiders,Draft Kings,h2h,home,,-440,1.22,2026-09-03T16:45:25.884675+00:00,-440,340,-8.5,8.5,-110,-110,46.5,-110,-110
2026_09_03_164525_884675,2026-09-03T16:45:25.884675+00:00,401873047,2026-11-08T21:05Z,San Francisco 49ers,Las Vegas Raiders,Draft Kings,h2h,away,,340,4.4,2026-09-03T16:45:25.884675+00:00,-440,340,-8.5,8.5,-110,-110,46.5,-110,-110
2026_09_03_164525_884675,2026-09-03T16:45:25.884675+00:00,401873047,2026-11-08T21:05Z,San Francisco 49ers,Las Vegas Raiders,Draft Kings,spreads,home,-8.5,-110,1.9,2026-09-03T16:45:25.884675+00:00,-440,340,-8.5,8.5,-110,-110,46.5,-110,-110
2026_09_03_164525_884675,2026-09-03T16:45:25.884675+00:00,401873047,2026-11-08T21:05Z,San Francisco 49ers,Las Vegas Raiders,Draft Kings,spreads,away,8.5,-110,1.9,2026-09-03T16:45:25.884675+00:00,-440,340,-8.5,8.5,-110,-110,46.5,-110,-110
2026_09_03_164525_884675,2026-09-03T16:45:25.884675+00:00,401873047,2026-11-08T21:05Z,San Francisco 49ers,Las Vegas Raiders,Draft Kings,totals,over,46.5,-110,1.9,2026-09-03T16:45:25.884675+00:00,-440,340,-8.5,8.5,-110,-110,46.5,-110,-110
2026_09_03_164525_884675,2026-09-03T16:45:25.884675+00:00,401873047,2026-11-08T21:05Z,San Francisco 49ers,Las Vegas Raiders,Draft Kings,totals,under,46.5,-110,1.9,2026-09-03T16:45:25.884675+00:00,-440,340,-8.5,8.5,-110,-110,46.5,-110,-110
2026_09_03_164525_884675,2026-09-03T16:45:25.884675+00:00,401873048,2026-11-08T21:25Z,Seattle Seahawks,Arizona Cardinals,Draft Kings,h2h,home,,-850,1.11,2026-09-03T16:45:25.884675+00:00,-850,575,-13.5,13.5,-110,-110,45.5,-110,-110
2026_09_03_164525_884675,2026-09-03T16:45:25.884675+00:00,401873048,2026-11-08T21:25Z,Seattle Seahawks,Arizona Cardinals,Draft Kings,h2h,away,,575,6.75,2026-09-03T16:45:25.884675+00:00,-850,575,-13.5,13.5,-110,-110,45.5,-110,-110
2026_09_03_164525_884675,2026-09-03T16:45:25.884675+00:00,401873048,2026-11-08T21:25Z,Seattle Seahawks,Arizona Cardinals,Draft Kings,spreads,home,-13.5,-110,1.9,2026-09-03T16:45:25.884675+00:00,-850,575,-13.5,13.5,-110,-110,45.5,-110,-110
2026_09_03_164525_884675,2026-09-03T16:45:25.884675+00:00,401873048,2026-11-08T21:25Z,Seattle Seahawks,Arizona Cardinals,Draft Kings,spreads,away,13.5,-110,1.9,2026-09-03T16:45:25.884675+00:00,-850,575,-13.5,13.5,-110,-110,45.5,-110,-110
2026_09_03_164525_884675,2026-09-03T16:45:25.884675+00:00,401873048,2026-11-08T21:25Z,Seattle Seahawks,Arizona Cardinals,Draft Kings,totals,over,45.5,-110,1.9,2026-09-03T16:45:25.884675+00:00,-850,575,-13.5,13.5,-110,-110,45.5,-110,-110
2026_09_03_164525_884675,2026-09-03T16:45:25.884675+00:00,401873048,2026-11-08T21:25Z,Seattle Seahawks,Arizona Cardinals,Draft Kings,totals,under,45.5,-110,1.9,2026-09-03T16:45:25.884675+00:00,-850,575,-13.5,13.5,-110,-110,45.5,-110,-110
2026_09_03_164525_884675,2026-09-03T16:45:25.884675+00:00,401873049,2026-11-08T21:25Z,New England Patriots,Green Bay Packers,Draft Kings,h2h,home,,-125,1.8,2026-09-03T16:45:25.884675+00:00,-125,105,-1.5,1.5,-110,-110,46.5,-110,-110
2026_09_03_164525_884675,2026-09-03T16:45:25.884675+00:00,401873049,2026-11-08T21:25Z,New England Patriots,Green Bay Packers,Draft Kings,h2h,away,,105,2.05,2026-09-03T16:45:25.884675+00:00,-125,105,-1.5,1.5,-110,-110,46.5,-110,-110
2026_09_03_164525_884675,2026-09-03T16:45:25.884675+00:00,401873049,2026-11-08T21:25Z,New England Patriots,Green Bay Packers,Draft Kings,spreads,home,-1.5,-110,1.9,2026-09-03T16:45:25.884675+00:00,-125,105,-1.5,1.5,-110,-110,46.5,-110,-110
2026_09_03_164525_884675,2026-09-03T16:45:25.884675+00:00,401873049,2026-11-08T21:25Z,New England Patriots,Green Bay Packers,Draft Kings,spreads,away,1.5,-110,1.9,2026-09-03T16:45:25.884675+00:00,-125,105,-1.5,1.5,-110,-110,46.5,-110,-110
2026_09_03_164525_884675,2026-09-03T16:45:25.884675+00:00,401873049,2026-11-08T21:25Z,New England Patriots,Green Bay Packers,Draft Kings,totals,over,46.5,-110,1.9,2026-09-03T16:45:25.884675+00:00,-125,105,-1.5,1.5,-110,-110,46.5,-110,-110
2026_09_03_164525_884675,2026-09-03T16:45:25.884675+00:00,401873049,2026-11-08T21:25Z,New England Patriots,Green Bay Packers,Draft Kings,totals,under,46.5,-110,1.9,2026-09-03T16:45:25.884675+00:00,-125,105,-1.5,1.5,-110,-110,46.5,-110,-110
2026_09_03_164525_884675,2026-09-03T16:45:25.884675+00:00,401873050,2026-11-09T01:20Z,Chicago Bears,Tampa Bay Buccaneers,Draft Kings,h2h,home,,-198,1.5,2026-09-03T16:45:25.884675+00:00,-198,164,-3.5,3.5,-110,-110,48.5,-110,-110
2026_09_03_164525_884675,2026-09-03T16:45:25.884675+00:00,401873050,2026-11-09T01:20Z,Chicago Bears,Tampa Bay Buccaneers,Draft Kings,h2h,away,,164,2.64,2026-09-03T16:45:25.884675+00:00,-198,164,-3.5,3.5,-110,-110,48.5,-110,-110
2026_09_03_164525_884675,2026-09-03T16:45:25.884675+00:00,401873050,2026-11-09T01:20Z,Chicago Bears,Tampa Bay Buccaneers,Draft Kings,spreads,home,-3.5,-110,1.9,2026-09-03T16:45:25.884675+00:00,-198,164,-3.5,3.5,-110,-110,48.5,-110,-110
2026_09_03_164525_884675,2026-09-03T16:45:25.884675+00:00,401873050,2026-11-09T01:20Z,Chicago Bears,Tampa Bay Buccaneers,Draft Kings,spreads,away,3.5,-110,1.9,2026-09-03T16:45:25.884675+00:00,-198,164,-3.5,3.5,-110,-110,48.5,-110,-110
2026_09_03_164525_884675,2026-09-03T16:45:25.884675+00:00,401873050,2026-11-09T01:20Z,Chicago Bears,Tampa Bay Buccaneers,Draft Kings,totals,over,48.5,-110,1.9,2026-09-03T16:45:25.884675+00:00,-198,164,-3.5,3.5,-110,-110,48.5,-110,-110
2026_09_03_164525_884675,2026-09-03T16:45:25.884675+00:00,401873050,2026-11-09T01:20Z,Chicago Bears,Tampa Bay Buccaneers,Draft Kings,totals,under,48.5,-110,1.9,2026-09-03T16:45:25.884675+00:00,-198,164,-3.5,3.5,-110,-110,48.5,-110,-110
2026_09_03_164525_884675,2026-09-03T16:45:25.884675+00:00,401873051,2026-11-10T01:15Z,Minnesota Vikings,Buffalo Bills,Draft Kings,h2h,home,,142,2.42,2026-09-03T16:45:25.884675+00:00,142,-170,3,-3,-110,-110,48.5,-110,-110
2026_09_03_164525_884675,2026-09-03T16:45:25.884675+00:00,401873051,2026-11-10T01:15Z,Minnesota Vikings,Buffalo Bills,Draft Kings,h2h,away,,-170,1.58,2026-09-03T16:45:25.884675+00:00,142,-170,3,-3,-110,-110,48.5,-110,-110
2026_09_03_164525_884675,2026-09-03T16:45:25.884675+00:00,401873051,2026-11-10T01:15Z,Minnesota Vikings,Buffalo Bills,Draft Kings,spreads,home,3,-110,1.9,2026-09-03T16:45:25.884675+00:00,142,-170,3,-3,-110,-110,48.5,-110,-110
2026_09_03_164525_884675,2026-09-03T16:45:25.884675+00:00,401873051,2026-11-10T01:15Z,Minnesota Vikings,Buffalo Bills,Draft Kings,spreads,away,-3,-110,1.9,2026-09-03T16:45:25.884675+00:00,142,-170,3,-3,-110,-110,48.5,-110,-110
2026_09_03_164525_884675,2026-09-03T16:45:25.884675+00:00,401873051,2026-11-10T01:15Z,Minnesota Vikings,Buffalo Bills,Draft Kings,totals,over,48.5,-110,1.9,2026-09-03T16:45:25.884675+00:00,142,-170,3,-3,-110,-110,48.5,-110,-110
2026_09_03_164525_884675,2026-09-03T16:45:25.884675+00:00,401873051,2026-11-10T01:15Z,Minnesota Vikings,Buffalo Bills,Draft Kings,totals,under,48.5,-110,1.9,2026-09-03T16:45:25.884675+00:00,142,-170,3,-3,-110,-110,48.5,-110,-110
2026_09_03_164525_884675,2026-09-03T16:45:25.884675+00:00,401873052,2026-11-13T01:15Z,New York Giants,Washington Commanders,Draft Kings,h2h,home,,-125,1.8,2026-09-03T16:45:25.884675+00:00,-125,105,-1.5,1.5,-110,-110,47.5,-110,-110
2026_09_03_164525_884675,2026-09-03T16:45:25.884675+00:00,401873052,2026-11-13T01:15Z,New York Giants,Washington Commanders,Draft Kings,h2h,away,,105,2.05,2026-09-03T16:45:25.884675+00:00,-125,105,-1.5,1.5,-110,-110,47.5,-110,-110
2026_09_03_164525_884675,2026-09-03T16:45:25.884675+00:00,401873052,2026-11-13T01:15Z,New York Giants,Washington Commanders,Draft Kings,spreads,home,-1.5,-110,1.9,2026-09-03T16:45:25.884675+00:00,-125,105,-1.5,1.5,-110,-110,47.5,-110,-110
2026_09_03_164525_884675,2026-09-03T16:45:25.884675+00:00,401873052,2026-11-13T01:15Z,New York Giants,Washington Commanders,Draft Kings,spreads,away,1.5,-110,1.9,2026-09-03T16:45:25.884675+00:00,-125,105,-1.5,1.5,-110,-110,47.5,-110,-110
2026_09_03_164525_884675,2026-09-03T16:45:25.884675+00:00,401873052,2026-11-13T01:15Z,New York Giants,Washington Commanders,Draft Kings,totals,over,47.5,-110,1.9,2026-09-03T16:45:25.884675+00:00,-125,105,-1.5,1.5,-110,-110,47.5,-110,-110
2026_09_03_164525_884675,2026-09-03T16:45:25.884675+00:00,401873052,2026-11-13T01:15Z,New York Giants,Washington Commanders,Draft Kings,totals,under,47.5,-110,1.9,2026-09-03T16:45:25.884675+00:00,-125,105,-1.5,1.5,-110,-110,47.5,-110,-110
2026_09_03_164525_884675,2026-09-03T16:45:25.884675+00:00,401873053,2026-11-15T14:30Z,Detroit Lions,New England Patriots,Draft Kings,h2h,home,,-125,1.8,2026-09-03T16:45:25.884675+00:00,-125,105,-1.5,1.5,-112,-108,48.5,-112,-108
2026_09_03_164525_884675,2026-09-03T16:45:25.884675+00:00,401873053,2026-11-15T14:30Z,Detroit Lions,New England Patriots,Draft Kings,h2h,away,,105,2.05,2026-09-03T16:45:25.884675+00:00,-125,105,-1.5,1.5,-112,-108,48.5,-112,-108
2026_09_03_164525_884675,2026-09-03T16:45:25.884675+00:00,401873053,2026-11-15T14:30Z,Detroit Lions,New England Patriots,Draft Kings,spreads,home,-1.5,-112,1.89,2026-09-03T16:45:25.884675+00:00,-125,105,-1.5,1.5,-112,-108,48.5,-112,-108
2026_09_03_164525_884675,2026-09-03T16:45:25.884675+00:00,401873053,2026-11-15T14:30Z,Detroit Lions,New England Patriots,Draft Kings,spreads,away,1.5,-108,1.92,2026-09-03T16:45:25.884675+00:00,-125,105,-1.5,1.5,-112,-108,48.5,-112,-108
2026_09_03_164525_884675,2026-09-03T16:45:25.884675+00:00,401873053,2026-11-15T14:30Z,Detroit Lions,New England Patriots,Draft Kings,totals,over,48.5,-112,1.89,2026-09-03T16:45:25.884675+00:00,-125,105,-1.5,1.5,-112,-108,48.5,-112,-108
2026_09_03_164525_884675,2026-09-03T16:45:25.884675+00:00,401873053,2026-11-15T14:30Z,Detroit Lions,New England Patriots,Draft Kings,totals,under,48.5,-108,1.92,2026-09-03T16:45:25.884675+00:00,-125,105,-1.5,1.5,-112,-108,48.5,-112,-108
2026_09_03_164525_884675,2026-09-03T16:45:25.884675+00:00,401873054,2026-11-15T18:00Z,New York Jets,Buffalo Bills,Draft Kings,h2h,home,,270,3.7,2026-09-03T16:45:25.884675+00:00,270,-340,7,-7,-105,-115,46.5,-110,-110
2026_09_03_164525_884675,2026-09-03T16:45:25.884675+00:00,401873054,2026-11-15T18:00Z,New York Jets,Buffalo Bills,Draft Kings,h2h,away,,-340,1.29,2026-09-03T16:45:25.884675+00:00,270,-340,7,-7,-105,-115,46.5,-110,-110
2026_09_03_164525_884675,2026-09-03T16:45:25.884675+00:00,401873054,2026-11-15T18:00Z,New York Jets,Buffalo Bills,Draft Kings,spreads,home,7,-105,1.95,2026-09-03T16:45:25.884675+00:00,270,-340,7,-7,-105,-115,46.5,-110,-110
2026_09_03_164525_884675,2026-09-03T16:45:25.884675+00:00,401873054,2026-11-15T18:00Z,New York Jets,Buffalo Bills,Draft Kings,spreads,away,-7,-115,1.86,2026-09-03T16:45:25.884675+00:00,270,-340,7,-7,-105,-115,46.5,-110,-110
2026_09_03_164525_884675,2026-09-03T16:45:25.884675+00:00,401873054,2026-11-15T18:00Z,New York Jets,Buffalo Bills,Draft Kings,totals,over,46.5,-110,1.9,2026-09-03T16:45:25.884675+00:00,270,-340,7,-7,-105,-115,46.5,-110,-110
2026_09_03_164525_884675,2026-09-03T16:45:25.884675+00:00,401873054,2026-11-15T18:00Z,New York Jets,Buffalo Bills,Draft Kings,totals,under,46.5,-110,1.9,2026-09-03T16:45:25.884675+00:00,270,-340,7,-7,-105,-115,46.5,-110,-110
2026_09_03_164525_884675,2026-09-03T16:45:25.884675+00:00,401873055,2026-11-15T18:00Z,New Orleans Saints,Carolina Panthers,Draft Kings,h2h,home,,-118,1.84,2026-09-03T16:45:25.884675+00:00,-118,-102,-1.5,1.5,-105,-115,43.5,-110,-110
2026_09_03_164525_884675,2026-09-03T16:45:25.884675+00:00,401873055,2026-11-15T18:00Z,New Orleans Saints,Carolina Panthers,Draft Kings,h2h,away,,-102,1.98,2026-09-03T16:45:25.884675+00:00,-118,-102,-1.5,1.5,-105,-115,43.5,-110,-110
2026_09_03_164525_884675,2026-09-03T16:45:25.884675+00:00,401873055,2026-11-15T18:00Z,New Orleans Saints,Carolina Panthers,Draft Kings,spreads,home,-1.5,-105,1.95,2026-09-03T16:45:25.884675+00:00,-118,-102,-1.5,1.5,-105,-115,43.5,-110,-110
2026_09_03_164525_884675,2026-09-03T16:45:25.884675+00:00,401873055,2026-11-15T18:00Z,New Orleans Saints,Carolina Panthers,Draft Kings,spreads,away,1.5,-115,1.86,2026-09-03T16:45:25.884675+00:00,-118,-102,-1.5,1.5,-105,-115,43.5,-110,-110
2026_09_03_164525_884675,2026-09-03T16:45:25.884675+00:00,401873055,2026-11-15T18:00Z,New Orleans Saints,Carolina Panthers,Draft Kings,totals,over,43.5,-110,1.9,2026-09-03T16:45:25.884675+00:00,-118,-102,-1.5,1.5,-105,-115,43.5,-110,-110
2026_09_03_164525_884675,2026-09-03T16:45:25.884675+00:00,401873055,2026-11-15T18:00Z,New Orleans Saints,Carolina Panthers,Draft Kings,totals,under,43.5,-110,1.9,2026-09-03T16:45:25.884675+00:00,-118,-102,-1.5,1.5,-105,-115,43.5,-110,-110
2026_09_03_164525_884675,2026-09-03T16:45:25.884675+00:00,401873056,2026-11-15T18:00Z,Cleveland Browns,Houston Texans,Draft Kings,h2h,home,,170,2.7,2026-09-03T16:45:25.884675+00:00,170,-205,4.5,-4.5,-110,-110,38.5,-110,-110
2026_09_03_164525_884675,2026-09-03T16:45:25.884675+00:00,401873056,2026-11-15T18:00Z,Cleveland Browns,Houston Texans,Draft Kings,h2h,away,,-205,1.48,2026-09-03T16:45:25.884675+00:00,170,-205,4.5,-4.5,-110,-110,38.5,-110,-110
2026_09_03_164525_884675,2026-09-03T16:45:25.884675+00:00,401873056,2026-11-15T18:00Z,Cleveland Browns,Houston Texans,Draft Kings,spreads,home,4.5,-110,1.9,2026-09-03T16:45:25.884675+00:00,170,-205,4.5,-4.5,-110,-110,38.5,-110,-110
2026_09_03_164525_884675,2026-09-03T16:45:25.884675+00:00,401873056,2026-11-15T18:00Z,Cleveland Browns,Houston Texans,Draft Kings,spreads,away,-4.5,-110,1.9,2026-09-03T16:45:25.884675+00:00,170,-205,4.5,-4.5,-110,-110,38.5,-110,-110
2026_09_03_164525_884675,2026-09-03T16:45:25.884675+00:00,401873056,2026-11-15T18:00Z,Cleveland Browns,Houston Texans,Draft Kings,totals,over,38.5,-110,1.9,2026-09-03T16:45:25.884675+00:00,170,-205,4.5,-4.5,-110,-110,38.5,-110,-110
2026_09_03_164525_884675,2026-09-03T16:45:25.884675+00:00,401873056,2026-11-15T18:00Z,Cleveland Browns,Houston Texans,Draft Kings,totals,under,38.5,-110,1.9,2026-09-03T16:45:25.884675+00:00,170,-205,4.5,-4.5,-110,-110,38.5,-110,-110
2026_09_03_164525_884675,2026-09-03T16:45:25.884675+00:00,401873057,2026-11-15T18:00Z,Tennessee Titans,Jacksonville Jaguars,Draft Kings,h2h,home,,114,2.14,2026-09-03T16:45:25.884675+00:00,114,-135,2.5,-2.5,-110,-110,45.5,-110,-110
2026_09_03_164525_884675,2026-09-03T16:45:25.884675+00:00,401873057,2026-11-15T18:00Z,Tennessee Titans,Jacksonville Jaguars,Draft Kings,h2h,away,,-135,1.74,2026-09-03T16:45:25.884675+00:00,114,-135,2.5,-2.5,-110,-110,45.5,-110,-110
2026_09_03_164525_884675,2026-09-03T16:45:25.884675+00:00,401873057,2026-11-15T18:00Z,Tennessee Titans,Jacksonville Jaguars,Draft Kings,spreads,home,2.5,-110,1.9,2026-09-03T16:45:25.884675+00:00,114,-135,2.5,-2.5,-110,-110,45.5,-110,-110
2026_09_03_164525_884675,2026-09-03T16:45:25.884675+00:00,401873057,2026-11-15T18:00Z,Tennessee Titans,Jacksonville Jaguars,Draft Kings,spreads,away,-2.5,-110,1.9,2026-09-03T16:45:25.884675+00:00,114,-135,2.5,-2.5,-110,-110,45.5,-110,-110
2026_09_03_164525_884675,2026-09-03T16:45:25.884675+00:00,401873057,2026-11-15T18:00Z,Tennessee Titans,Jacksonville Jaguars,Draft Kings,totals,over,45.5,-110,1.9,2026-09-03T16:45:25.884675+00:00,114,-135,2.5,-2.5,-110,-110,45.5,-110,-110
2026_09_03_164525_884675,2026-09-03T16:45:25.884675+00:00,401873057,2026-11-15T18:00Z,Tennessee Titans,Jacksonville Jaguars,Draft Kings,totals,under,45.5,-110,1.9,2026-09-03T16:45:25.884675+00:00,114,-135,2.5,-2.5,-110,-110,45.5,-110,-110
2026_09_03_164525_884675,2026-09-03T16:45:25.884675+00:00,401873058,2026-11-15T18:00Z,Atlanta Falcons,Kansas City Chiefs,Draft Kings,h2h,home,,190,2.9,2026-09-03T16:45:25.884675+00:00,190,-230,4.5,-4.5,-110,-110,45.5,-110,-110
2026_09_03_164525_884675,2026-09-03T16:45:25.884675+00:00,401873058,2026-11-15T18:00Z,Atlanta Falcons,Kansas City Chiefs,Draft Kings,h2h,away,,-230,1.43,2026-09-03T16:45:25.884675+00:00,190,-230,4.5,-4.5,-110,-110,45.5,-110,-110
2026_09_03_164525_884675,2026-09-03T16:45:25.884675+00:00,401873058,2026-11-15T18:00Z,Atlanta Falcons,Kansas City Chiefs,Draft Kings,spreads,home,4.5,-110,1.9,2026-09-03T16:45:25.884675+00:00,190,-230,4.5,-4.5,-110,-110,45.5,-110,-110
2026_09_03_164525_884675,2026-09-03T16:45:25.884675+00:00,401873058,2026-11-15T18:00Z,Atlanta Falcons,Kansas City Chiefs,Draft Kings,spreads,away,-4.5,-110,1.9,2026-09-03T16:45:25.884675+00:00,190,-230,4.5,-4.5,-110,-110,45.5,-110,-110
2026_09_03_164525_884675,2026-09-03T16:45:25.884675+00:00,401873058,2026-11-15T18:00Z,Atlanta Falcons,Kansas City Chiefs,Draft Kings,totals,over,45.5,-110,1.9,2026-09-03T16:45:25.884675+00:00,190,-230,4.5,-4.5,-110,-110,45.5,-110,-110
2026_09_03_164525_884675,2026-09-03T16:45:25.884675+00:00,401873058,2026-11-15T18:00Z,Atlanta Falcons,Kansas City Chiefs,Draft Kings,totals,under,45.5,-110,1.9,2026-09-03T16:45:25.884675+00:00,190,-230,4.5,-4.5,-110,-110,45.5,-110,-110
2026_09_03_164525_884675,2026-09-03T16:45:25.884675+00:00,401873059,2026-11-15T18:00Z,Indianapolis Colts,Miami Dolphins,Draft Kings,h2h,home,,-305,1.32,2026-09-03T16:45:25.884675+00:00,-305,245,-6.5,6.5,-110,-110,47.5,-110,-110
2026_09_03_164525_884675,2026-09-03T16:45:25.884675+00:00,401873059,2026-11-15T18:00Z,Indianapolis Colts,Miami Dolphins,Draft Kings,h2h,away,,245,3.45,2026-09-03T16:45:25.884675+00:00,-305,245,-6.5,6.5,-110,-110,47.5,-110,-110
2026_09_03_164525_884675,2026-09-03T16:45:25.884675+00:00,401873059,2026-11-15T18:00Z,Indianapolis Colts,Miami Dolphins,Draft Kings,spreads,home,-6.5,-110,1.9,2026-09-03T16:45:25.884675+00:00,-305,245,-6.5,6.5,-110,-110,47.5,-110,-110
2026_09_03_164525_884675,2026-09-03T16:45:25.884675+00:00,401873059,2026-11-15T18:00Z,Indianapolis Colts,Miami Dolphins,Draft Kings,spreads,away,6.5,-110,1.9,2026-09-03T16:45:25.884675+00:00,-305,245,-6.5,6.5,-110,-110,47.5,-110,-110
2026_09_03_164525_884675,2026-09-03T16:45:25.884675+00:00,401873059,2026-11-15T18:00Z,Indianapolis Colts,Miami Dolphins,Draft Kings,totals,over,47.5,-110,1.9,2026-09-03T16:45:25.884675+00:00,-305,245,-6.5,6.5,-110,-110,47.5,-110,-110
2026_09_03_164525_884675,2026-09-03T16:45:25.884675+00:00,401873059,2026-11-15T18:00Z,Indianapolis Colts,Miami Dolphins,Draft Kings,totals,under,47.5,-110,1.9,2026-09-03T16:45:25.884675+00:00,-305,245,-6.5,6.5,-110,-110,47.5,-110,-110
2026_09_03_164525_884675,2026-09-03T16:45:25.884675+00:00,401873060,2026-11-15T18:00Z,Green Bay Packers,Minnesota Vikings,Draft Kings,h2h,home,,-245,1.4,2026-09-03T16:45:25.884675+00:00,-245,200,-4.5,4.5,-110,-110,45.5,-110,-110
2026_09_03_164525_884675,2026-09-03T16:45:25.884675+00:00,401873060,2026-11-15T18:00Z,Green Bay Packers,Minnesota Vikings,Draft Kings,h2h,away,,200,3,2026-09-03T16:45:25.884675+00:00,-245,200,-4.5,4.5,-110,-110,45.5,-110,-110
2026_09_03_164525_884675,2026-09-03T16:45:25.884675+00:00,401873060,2026-11-15T18:00Z,Green Bay Packers,Minnesota Vikings,Draft Kings,spreads,home,-4.5,-110,1.9,2026-09-03T16:45:25.884675+00:00,-245,200,-4.5,4.5,-110,-110,45.5,-110,-110
2026_09_03_164525_884675,2026-09-03T16:45:25.884675+00:00,401873060,2026-11-15T18:00Z,Green Bay Packers,Minnesota Vikings,Draft Kings,spreads,away,4.5,-110,1.9,2026-09-03T16:45:25.884675+00:00,-245,200,-4.5,4.5,-110,-110,45.5,-110,-110
2026_09_03_164525_884675,2026-09-03T16:45:25.884675+00:00,401873060,2026-11-15T18:00Z,Green Bay Packers,Minnesota Vikings,Draft Kings,totals,over,45.5,-110,1.9,2026-09-03T16:45:25.884675+00:00,-245,200,-4.5,4.5,-110,-110,45.5,-110,-110
2026_09_03_164525_884675,2026-09-03T16:45:25.884675+00:00,401873060,2026-11-15T18:00Z,Green Bay Packers,Minnesota Vikings,Draft Kings,totals,under,45.5,-110,1.9,2026-09-03T16:45:25.884675+00:00,-245,200,-4.5,4.5,-110,-110,45.5,-110,-110
2026_09_03_164525_884675,2026-09-03T16:45:25.884675+00:00,401873061,2026-11-15T21:05Z,Arizona Cardinals,Los Angeles Rams,Draft Kings,h2h,home,,360,4.6,2026-09-03T16:45:25.884675+00:00,360,-470,10.5,-10.5,-110,-110,47.5,-110,-110
2026_09_03_164525_884675,2026-09-03T16:45:25.884675+00:00,401873061,2026-11-15T21:05Z,Arizona Cardinals,Los Angeles Rams,Draft Kings,h2h,away,,-470,1.21,2026-09-03T16:45:25.884675+00:00,360,-470,10.5,-10.5,-110,-110,47.5,-110,-110
2026_09_03_164525_884675,2026-09-03T16:45:25.884675+00:00,401873061,2026-11-15T21:05Z,Arizona Cardinals,Los Angeles Rams,Draft Kings,spreads,home,10.5,-110,1.9,2026-09-03T16:45:25.884675+00:00,360,-470,10.5,-10.5,-110,-110,47.5,-110,-110
2026_09_03_164525_884675,2026-09-03T16:45:25.884675+00:00,401873061,2026-11-15T21:05Z,Arizona Cardinals,Los Angeles Rams,Draft Kings,spreads,away,-10.5,-110,1.9,2026-09-03T16:45:25.884675+00:00,360,-470,10.5,-10.5,-110,-110,47.5,-110,-110
2026_09_03_164525_884675,2026-09-03T16:45:25.884675+00:00,401873061,2026-11-15T21:05Z,Arizona Cardinals,Los Angeles Rams,Draft Kings,totals,over,47.5,-110,1.9,2026-09-03T16:45:25.884675+00:00,360,-470,10.5,-10.5,-110,-110,47.5,-110,-110
2026_09_03_164525_884675,2026-09-03T16:45:25.884675+00:00,401873061,2026-11-15T21:05Z,Arizona Cardinals,Los Angeles Rams,Draft Kings,totals,under,47.5,-110,1.9,2026-09-03T16:45:25.884675+00:00,360,-470,10.5,-10.5,-110,-110,47.5,-110,-110
2026_09_03_164525_884675,2026-09-03T16:45:25.884675+00:00,401873062,2026-11-15T21:05Z,Las Vegas Raiders,Seattle Seahawks,Draft Kings,h2h,home,,250,3.5,2026-09-03T16:45:25.884675+00:00,250,-310,7,-7,-110,-110,43.5,-110,-110
2026_09_03_164525_884675,2026-09-03T16:45:25.884675+00:00,401873062,2026-11-15T21:05Z,Las Vegas Raiders,Seattle Seahawks,Draft Kings,h2h,away,,-310,1.32,2026-09-03T16:45:25.884675+00:00,250,-310,7,-7,-110,-110,43.5,-110,-110
2026_09_03_164525_884675,2026-09-03T16:45:25.884675+00:00,401873062,2026-11-15T21:05Z,Las Vegas Raiders,Seattle Seahawks,Draft Kings,spreads,home,7,-110,1.9,2026-09-03T16:45:25.884675+00:00,250,-310,7,-7,-110,-110,43.5,-110,-110
2026_09_03_164525_884675,2026-09-03T16:45:25.884675+00:00,401873062,2026-11-15T21:05Z,Las Vegas Raiders,Seattle Seahawks,Draft Kings,spreads,away,-7,-110,1.9,2026-09-03T16:45:25.884675+00:00,250,-310,7,-7,-110,-110,43.5,-110,-110
2026_09_03_164525_884675,2026-09-03T16:45:25.884675+00:00,401873062,2026-11-15T21:05Z,Las Vegas Raiders,Seattle Seahawks,Draft Kings,totals,over,43.5,-110,1.9,2026-09-03T16:45:25.884675+00:00,250,-310,7,-7,-110,-110,43.5,-110,-110
2026_09_03_164525_884675,2026-09-03T16:45:25.884675+00:00,401873062,2026-11-15T21:05Z,Las Vegas Raiders,Seattle Seahawks,Draft Kings,totals,under,43.5,-110,1.9,2026-09-03T16:45:25.884675+00:00,250,-310,7,-7,-110,-110,43.5,-110,-110
2026_09_03_164525_884675,2026-09-03T16:45:25.884675+00:00,401873063,2026-11-15T21:25Z,Dallas Cowboys,San Francisco 49ers,Draft Kings,h2h,home,,-120,1.83,2026-09-03T16:45:25.884675+00:00,-120,100,-1.5,1.5,-105,-115,52.5,-110,-110
2026_09_03_164525_884675,2026-09-03T16:45:25.884675+00:00,401873063,2026-11-15T21:25Z,Dallas Cowboys,San Francisco 49ers,Draft Kings,h2h,away,,100,2,2026-09-03T16:45:25.884675+00:00,-120,100,-1.5,1.5,-105,-115,52.5,-110,-110
2026_09_03_164525_884675,2026-09-03T16:45:25.884675+00:00,401873063,2026-11-15T21:25Z,Dallas Cowboys,San Francisco 49ers,Draft Kings,spreads,home,-1.5,-105,1.95,2026-09-03T16:45:25.884675+00:00,-120,100,-1.5,1.5,-105,-115,52.5,-110,-110
2026_09_03_164525_884675,2026-09-03T16:45:25.884675+00:00,401873063,2026-11-15T21:25Z,Dallas Cowboys,San Francisco 49ers,Draft Kings,spreads,away,1.5,-115,1.86,2026-09-03T16:45:25.884675+00:00,-120,100,-1.5,1.5,-105,-115,52.5,-110,-110
2026_09_03_164525_884675,2026-09-03T16:45:25.884675+00:00,401873063,2026-11-15T21:25Z,Dallas Cowboys,San Francisco 49ers,Draft Kings,totals,over,52.5,-110,1.9,2026-09-03T16:45:25.884675+00:00,-120,100,-1.5,1.5,-105,-115,52.5,-110,-110
2026_09_03_164525_884675,2026-09-03T16:45:25.884675+00:00,401873063,2026-11-15T21:25Z,Dallas Cowboys,San Francisco 49ers,Draft Kings,totals,under,52.5,-110,1.9,2026-09-03T16:45:25.884675+00:00,-120,100,-1.5,1.5,-105,-115,52.5,-110,-110
2026_09_03_164525_884675,2026-09-03T16:45:25.884675+00:00,401873064,2026-11-16T01:20Z,Cincinnati Bengals,Pittsburgh Steelers,Draft Kings,h2h,home,,-192,1.52,2026-09-03T16:45:25.884675+00:00,-192,160,-3.5,3.5,-110,-110,47.5,-110,-110
2026_09_03_164525_884675,2026-09-03T16:45:25.884675+00:00,401873064,2026-11-16T01:20Z,Cincinnati Bengals,Pittsburgh Steelers,Draft Kings,h2h,away,,160,2.6,2026-09-03T16:45:25.884675+00:00,-192,160,-3.5,3.5,-110,-110,47.5,-110,-110
2026_09_03_164525_884675,2026-09-03T16:45:25.884675+00:00,401873064,2026-11-16T01:20Z,Cincinnati Bengals,Pittsburgh Steelers,Draft Kings,spreads,home,-3.5,-110,1.9,2026-09-03T16:45:25.884675+00:00,-192,160,-3.5,3.5,-110,-110,47.5,-110,-110
2026_09_03_164525_884675,2026-09-03T16:45:25.884675+00:00,401873064,2026-11-16T01:20Z,Cincinnati Bengals,Pittsburgh Steelers,Draft Kings,spreads,away,3.5,-110,1.9,2026-09-03T16:45:25.884675+00:00,-192,160,-3.5,3.5,-110,-110,47.5,-110,-110
2026_09_03_164525_884675,2026-09-03T16:45:25.884675+00:00,401873064,2026-11-16T01:20Z,Cincinnati Bengals,Pittsburgh Steelers,Draft Kings,totals,over,47.5,-110,1.9,2026-09-03T16:45:25.884675+00:00,-192,160,-3.5,3.5,-110,-110,47.5,-110,-110
2026_09_03_164525_884675,2026-09-03T16:45:25.884675+00:00,401873064,2026-11-16T01:20Z,Cincinnati Bengals,Pittsburgh Steelers,Draft Kings,totals,under,47.5,-110,1.9,2026-09-03T16:45:25.884675+00:00,-192,160,-3.5,3.5,-110,-110,47.5,-110,-110
2026_09_03_164525_884675,2026-09-03T16:45:25.884675+00:00,401873065,2026-11-17T01:15Z,Baltimore Ravens,Los Angeles Chargers,Draft Kings,h2h,home,,-185,1.54,2026-09-03T16:45:25.884675+00:00,-185,154,-3.5,3.5,-110,-110,47.5,-110,-110
2026_09_03_164525_884675,2026-09-03T16:45:25.884675+00:00,401873065,2026-11-17T01:15Z,Baltimore Ravens,Los Angeles Chargers,Draft Kings,h2h,away,,154,2.54,2026-09-03T16:45:25.884675+00:00,-185,154,-3.5,3.5,-110,-110,47.5,-110,-110
2026_09_03_164525_884675,2026-09-03T16:45:25.884675+00:00,401873065,2026-11-17T01:15Z,Baltimore Ravens,Los Angeles Chargers,Draft Kings,spreads,home,-3.5,-110,1.9,2026-09-03T16:45:25.884675+00:00,-185,154,-3.5,3.5,-110,-110,47.5,-110,-110
2026_09_03_164525_884675,2026-09-03T16:45:25.884675+00:00,401873065,2026-11-17T01:15Z,Baltimore Ravens,Los Angeles Chargers,Draft Kings,spreads,away,3.5,-110,1.9,2026-09-03T16:45:25.884675+00:00,-185,154,-3.5,3.5,-110,-110,47.5,-110,-110
2026_09_03_164525_884675,2026-09-03T16:45:25.884675+00:00,401873065,2026-11-17T01:15Z,Baltimore Ravens,Los Angeles Chargers,Draft Kings,totals,over,47.5,-110,1.9,2026-09-03T16:45:25.884675+00:00,-185,154,-3.5,3.5,-110,-110,47.5,-110,-110
2026_09_03_164525_884675,2026-09-03T16:45:25.884675+00:00,401873065,2026-11-17T01:15Z,Baltimore Ravens,Los Angeles Chargers,Draft Kings,totals,under,47.5,-110,1.9,2026-09-03T16:45:25.884675+00:00,-185,154,-3.5,3.5,-110,-110,47.5,-110,-110
2026_09_03_164525_884675,2026-09-03T16:45:25.884675+00:00,401873066,2026-11-20T01:15Z,Houston Texans,Indianapolis Colts,Draft Kings,h2h,home,,-245,1.4,2026-09-03T16:45:25.884675+00:00,-245,200,-5.5,5.5,-110,-110,45.5,-110,-110
2026_09_03_164525_884675,2026-09-03T16:45:25.884675+00:00,401873066,2026-11-20T01:15Z,Houston Texans,Indianapolis Colts,Draft Kings,h2h,away,,200,3,2026-09-03T16:45:25.884675+00:00,-245,200,-5.5,5.5,-110,-110,45.5,-110,-110
2026_09_03_164525_884675,2026-09-03T16:45:25.884675+00:00,401873066,2026-11-20T01:15Z,Houston Texans,Indianapolis Colts,Draft Kings,spreads,home,-5.5,-110,1.9,2026-09-03T16:45:25.884675+00:00,-245,200,-5.5,5.5,-110,-110,45.5,-110,-110
2026_09_03_164525_884675,2026-09-03T16:45:25.884675+00:00,401873066,2026-11-20T01:15Z,Houston Texans,Indianapolis Colts,Draft Kings,spreads,away,5.5,-110,1.9,2026-09-03T16:45:25.884675+00:00,-245,200,-5.5,5.5,-110,-110,45.5,-110,-110
2026_09_03_164525_884675,2026-09-03T16:45:25.884675+00:00,401873066,2026-11-20T01:15Z,Houston Texans,Indianapolis Colts,Draft Kings,totals,over,45.5,-110,1.9,2026-09-03T16:45:25.884675+00:00,-245,200,-5.5,5.5,-110,-110,45.5,-110,-110
2026_09_03_164525_884675,2026-09-03T16:45:25.884675+00:00,401873066,2026-11-20T01:15Z,Houston Texans,Indianapolis Colts,Draft Kings,totals,under,45.5,-110,1.9,2026-09-03T16:45:25.884675+00:00,-245,200,-5.5,5.5,-110,-110,45.5,-110,-110
2026_09_03_164525_884675,2026-09-03T16:45:25.884675+00:00,401873067,2026-11-22T18:00Z,Kansas City Chiefs,Arizona Cardinals,Draft Kings,h2h,home,,-600,1.16,2026-09-03T16:45:25.884675+00:00,-600,440,-11.5,11.5,-110,-110,44.5,-110,-110
2026_09_03_164525_884675,2026-09-03T16:45:25.884675+00:00,401873067,2026-11-22T18:00Z,Kansas City Chiefs,Arizona Cardinals,Draft Kings,h2h,away,,440,5.4,2026-09-03T16:45:25.884675+00:00,-600,440,-11.5,11.5,-110,-110,44.5,-110,-110
2026_09_03_164525_884675,2026-09-03T16:45:25.884675+00:00,401873067,2026-11-22T18:00Z,Kansas City Chiefs,Arizona Cardinals,Draft Kings,spreads,home,-11.5,-110,1.9,2026-09-03T16:45:25.884675+00:00,-600,440,-11.5,11.5,-110,-110,44.5,-110,-110
2026_09_03_164525_884675,2026-09-03T16:45:25.884675+00:00,401873067,2026-11-22T18:00Z,Kansas City Chiefs,Arizona Cardinals,Draft Kings,spreads,away,11.5,-110,1.9,2026-09-03T16:45:25.884675+00:00,-600,440,-11.5,11.5,-110,-110,44.5,-110,-110
2026_09_03_164525_884675,2026-09-03T16:45:25.884675+00:00,401873067,2026-11-22T18:00Z,Kansas City Chiefs,Arizona Cardinals,Draft Kings,totals,over,44.5,-110,1.9,2026-09-03T16:45:25.884675+00:00,-600,440,-11.5,11.5,-110,-110,44.5,-110,-110
2026_09_03_164525_884675,2026-09-03T16:45:25.884675+00:00,401873067,2026-11-22T18:00Z,Kansas City Chiefs,Arizona Cardinals,Draft Kings,totals,under,44.5,-110,1.9,2026-09-03T16:45:25.884675+00:00,-600,440,-11.5,11.5,-110,-110,44.5,-110,-110
2026_09_03_164525_884675,2026-09-03T16:45:25.884675+00:00,401873068,2026-11-22T18:00Z,Carolina Panthers,Baltimore Ravens,Draft Kings,h2h,home,,170,2.7,2026-09-03T16:45:25.884675+00:00,170,-205,4.5,-4.5,-110,-110,46.5,-110,-110
2026_09_03_164525_884675,2026-09-03T16:45:25.884675+00:00,401873068,2026-11-22T18:00Z,Carolina Panthers,Baltimore Ravens,Draft Kings,h2h,away,,-205,1.48,2026-09-03T16:45:25.884675+00:00,170,-205,4.5,-4.5,-110,-110,46.5,-110,-110
2026_09_03_164525_884675,2026-09-03T16:45:25.884675+00:00,401873068,2026-11-22T18:00Z,Carolina Panthers,Baltimore Ravens,Draft Kings,spreads,home,4.5,-110,1.9,2026-09-03T16:45:25.884675+00:00,170,-205,4.5,-4.5,-110,-110,46.5,-110,-110
2026_09_03_164525_884675,2026-09-03T16:45:25.884675+00:00,401873068,2026-11-22T18:00Z,Carolina Panthers,Baltimore Ravens,Draft Kings,spreads,away,-4.5,-110,1.9,2026-09-03T16:45:25.884675+00:00,170,-205,4.5,-4.5,-110,-110,46.5,-110,-110
2026_09_03_164525_884675,2026-09-03T16:45:25.884675+00:00,401873068,2026-11-22T18:00Z,Carolina Panthers,Baltimore Ravens,Draft Kings,totals,over,46.5,-110,1.9,2026-09-03T16:45:25.884675+00:00,170,-205,4.5,-4.5,-110,-110,46.5,-110,-110
2026_09_03_164525_884675,2026-09-03T16:45:25.884675+00:00,401873068,2026-11-22T18:00Z,Carolina Panthers,Baltimore Ravens,Draft Kings,totals,under,46.5,-110,1.9,2026-09-03T16:45:25.884675+00:00,170,-205,4.5,-4.5,-110,-110,46.5,-110,-110
2026_09_03_164525_884675,2026-09-03T16:45:25.884675+00:00,401873069,2026-11-22T18:00Z,New York Giants,Jacksonville Jaguars,Draft Kings,h2h,home,,102,2.02,2026-09-03T16:45:25.884675+00:00,102,-122,1.5,-1.5,-110,-110,46.5,-110,-110
2026_09_03_164525_884675,2026-09-03T16:45:25.884675+00:00,401873069,2026-11-22T18:00Z,New York Giants,Jacksonville Jaguars,Draft Kings,h2h,away,,-122,1.81,2026-09-03T16:45:25.884675+00:00,102,-122,1.5,-1.5,-110,-110,46.5,-110,-110
2026_09_03_164525_884675,2026-09-03T16:45:25.884675+00:00,401873069,2026-11-22T18:00Z,New York Giants,Jacksonville Jaguars,Draft Kings,spreads,home,1.5,-110,1.9,2026-09-03T16:45:25.884675+00:00,102,-122,1.5,-1.5,-110,-110,46.5,-110,-110
2026_09_03_164525_884675,2026-09-03T16:45:25.884675+00:00,401873069,2026-11-22T18:00Z,New York Giants,Jacksonville Jaguars,Draft Kings,spreads,away,-1.5,-110,1.9,2026-09-03T16:45:25.884675+00:00,102,-122,1.5,-1.5,-110,-110,46.5,-110,-110
2026_09_03_164525_884675,2026-09-03T16:45:25.884675+00:00,401873069,2026-11-22T18:00Z,New York Giants,Jacksonville Jaguars,Draft Kings,totals,over,46.5,-110,1.9,2026-09-03T16:45:25.884675+00:00,102,-122,1.5,-1.5,-110,-110,46.5,-110,-110
2026_09_03_164525_884675,2026-09-03T16:45:25.884675+00:00,401873069,2026-11-22T18:00Z,New York Giants,Jacksonville Jaguars,Draft Kings,totals,under,46.5,-110,1.9,2026-09-03T16:45:25.884675+00:00,102,-122,1.5,-1.5,-110,-110,46.5,-110,-110
2026_09_03_164525_884675,2026-09-03T16:45:25.884675+00:00,401873070,2026-11-22T18:00Z,Buffalo Bills,Miami Dolphins,Draft Kings,h2h,home,,-650,1.15,2026-09-03T16:45:25.884675+00:00,-650,470,-11.5,11.5,-110,-110,47.5,-110,-110
2026_09_03_164525_884675,2026-09-03T16:45:25.884675+00:00,401873070,2026-11-22T18:00Z,Buffalo Bills,Miami Dolphins,Draft Kings,h2h,away,,470,5.7,2026-09-03T16:45:25.884675+00:00,-650,470,-11.5,11.5,-110,-110,47.5,-110,-110
2026_09_03_164525_884675,2026-09-03T16:45:25.884675+00:00,401873070,2026-11-22T18:00Z,Buffalo Bills,Miami Dolphins,Draft Kings,spreads,home,-11.5,-110,1.9,2026-09-03T16:45:25.884675+00:00,-650,470,-11.5,11.5,-110,-110,47.5,-110,-110
2026_09_03_164525_884675,2026-09-03T16:45:25.884675+00:00,401873070,2026-11-22T18:00Z,Buffalo Bills,Miami Dolphins,Draft Kings,spreads,away,11.5,-110,1.9,2026-09-03T16:45:25.884675+00:00,-650,470,-11.5,11.5,-110,-110,47.5,-110,-110
2026_09_03_164525_884675,2026-09-03T16:45:25.884675+00:00,401873070,2026-11-22T18:00Z,Buffalo Bills,Miami Dolphins,Draft Kings,totals,over,47.5,-110,1.9,2026-09-03T16:45:25.884675+00:00,-650,470,-11.5,11.5,-110,-110,47.5,-110,-110
2026_09_03_164525_884675,2026-09-03T16:45:25.884675+00:00,401873070,2026-11-22T18:00Z,Buffalo Bills,Miami Dolphins,Draft Kings,totals,under,47.5,-110,1.9,2026-09-03T16:45:25.884675+00:00,-650,470,-11.5,11.5,-110,-110,47.5,-110,-110
2026_09_03_164525_884675,2026-09-03T16:45:25.884675+00:00,401873071,2026-11-22T18:00Z,Chicago Bears,New Orleans Saints,Draft Kings,h2h,home,,-285,1.35,2026-09-03T16:45:25.884675+00:00,-285,230,-6.5,6.5,-110,-110,46.5,-110,-110
2026_09_03_164525_884675,2026-09-03T16:45:25.884675+00:00,401873071,2026-11-22T18:00Z,Chicago Bears,New Orleans Saints,Draft Kings,h2h,away,,230,3.3,2026-09-03T16:45:25.884675+00:00,-285,230,-6.5,6.5,-110,-110,46.5,-110,-110
2026_09_03_164525_884675,2026-09-03T16:45:25.884675+00:00,401873071,2026-11-22T18:00Z,Chicago Bears,New Orleans Saints,Draft Kings,spreads,home,-6.5,-110,1.9,2026-09-03T16:45:25.884675+00:00,-285,230,-6.5,6.5,-110,-110,46.5,-110,-110
2026_09_03_164525_884675,2026-09-03T16:45:25.884675+00:00,401873071,2026-11-22T18:00Z,Chicago Bears,New Orleans Saints,Draft Kings,spreads,away,6.5,-110,1.9,2026-09-03T16:45:25.884675+00:00,-285,230,-6.5,6.5,-110,-110,46.5,-110,-110
2026_09_03_164525_884675,2026-09-03T16:45:25.884675+00:00,401873071,2026-11-22T18:00Z,Chicago Bears,New Orleans Saints,Draft Kings,totals,over,46.5,-110,1.9,2026-09-03T16:45:25.884675+00:00,-285,230,-6.5,6.5,-110,-110,46.5,-110,-110
2026_09_03_164525_884675,2026-09-03T16:45:25.884675+00:00,401873071,2026-11-22T18:00Z,Chicago Bears,New Orleans Saints,Draft Kings,totals,under,46.5,-110,1.9,2026-09-03T16:45:25.884675+00:00,-285,230,-6.5,6.5,-110,-110,46.5,-110,-110
2026_09_03_164525_884675,2026-09-03T16:45:25.884675+00:00,401873072,2026-11-22T18:00Z,Detroit Lions,Tampa Bay Buccaneers,Draft Kings,h2h,home,,-225,1.44,2026-09-03T16:45:25.884675+00:00,-225,185,-4.5,4.5,-110,-110,49.5,-110,-110
2026_09_03_164525_884675,2026-09-03T16:45:25.884675+00:00,401873072,2026-11-22T18:00Z,Detroit Lions,Tampa Bay Buccaneers,Draft Kings,h2h,away,,185,2.85,2026-09-03T16:45:25.884675+00:00,-225,185,-4.5,4.5,-110,-110,49.5,-110,-110
2026_09_03_164525_884675,2026-09-03T16:45:25.884675+00:00,401873072,2026-11-22T18:00Z,Detroit Lions,Tampa Bay Buccaneers,Draft Kings,spreads,home,-4.5,-110,1.9,2026-09-03T16:45:25.884675+00:00,-225,185,-4.5,4.5,-110,-110,49.5,-110,-110
2026_09_03_164525_884675,2026-09-03T16:45:25.884675+00:00,401873072,2026-11-22T18:00Z,Detroit Lions,Tampa Bay Buccaneers,Draft Kings,spreads,away,4.5,-110,1.9,2026-09-03T16:45:25.884675+00:00,-225,185,-4.5,4.5,-110,-110,49.5,-110,-110
2026_09_03_164525_884675,2026-09-03T16:45:25.884675+00:00,401873072,2026-11-22T18:00Z,Detroit Lions,Tampa Bay Buccaneers,Draft Kings,totals,over,49.5,-110,1.9,2026-09-03T16:45:25.884675+00:00,-225,185,-4.5,4.5,-110,-110,49.5,-110,-110
2026_09_03_164525_884675,2026-09-03T16:45:25.884675+00:00,401873072,2026-11-22T18:00Z,Detroit Lions,Tampa Bay Buccaneers,Draft Kings,totals,under,49.5,-110,1.9,2026-09-03T16:45:25.884675+00:00,-225,185,-4.5,4.5,-110,-110,49.5,-110,-110
2026_09_03_164525_884675,2026-09-03T16:45:25.884675+00:00,401873073,2026-11-22T18:00Z,Dallas Cowboys,Tennessee Titans,Draft Kings,h2h,home,,-285,1.35,2026-09-03T16:45:25.884675+00:00,-285,230,-6.5,6.5,-110,-110,48.5,-110,-110
2026_09_03_164525_884675,2026-09-03T16:45:25.884675+00:00,401873073,2026-11-22T18:00Z,Dallas Cowboys,Tennessee Titans,Draft Kings,h2h,away,,230,3.3,2026-09-03T16:45:25.884675+00:00,-285,230,-6.5,6.5,-110,-110,48.5,-110,-110
2026_09_03_164525_884675,2026-09-03T16:45:25.884675+00:00,401873073,2026-11-22T18:00Z,Dallas Cowboys,Tennessee Titans,Draft Kings,spreads,home,-6.5,-110,1.9,2026-09-03T16:45:25.884675+00:00,-285,230,-6.5,6.5,-110,-110,48.5,-110,-110
2026_09_03_164525_884675,2026-09-03T16:45:25.884675+00:00,401873073,2026-11-22T18:00Z,Dallas Cowboys,Tennessee Titans,Draft Kings,spreads,away,6.5,-110,1.9,2026-09-03T16:45:25.884675+00:00,-285,230,-6.5,6.5,-110,-110,48.5,-110,-110
2026_09_03_164525_884675,2026-09-03T16:45:25.884675+00:00,401873073,2026-11-22T18:00Z,Dallas Cowboys,Tennessee Titans,Draft Kings,totals,over,48.5,-110,1.9,2026-09-03T16:45:25.884675+00:00,-285,230,-6.5,6.5,-110,-110,48.5,-110,-110
2026_09_03_164525_884675,2026-09-03T16:45:25.884675+00:00,401873073,2026-11-22T18:00Z,Dallas Cowboys,Tennessee Titans,Draft Kings,totals,under,48.5,-110,1.9,2026-09-03T16:45:25.884675+00:00,-285,230,-6.5,6.5,-110,-110,48.5,-110,-110
2026_09_03_164525_884675,2026-09-03T16:45:25.884675+00:00,401873074,2026-11-22T21:05Z,Los Angeles Chargers,New York Jets,Draft Kings,h2h,home,,-425,1.23,2026-09-03T16:45:25.884675+00:00,-425,330,-9.5,9.5,-110,-110,41.5,-110,-110
2026_09_03_164525_884675,2026-09-03T16:45:25.884675+00:00,401873074,2026-11-22T21:05Z,Los Angeles Chargers,New York Jets,Draft Kings,h2h,away,,330,4.3,2026-09-03T16:45:25.884675+00:00,-425,330,-9.5,9.5,-110,-110,41.5,-110,-110
2026_09_03_164525_884675,2026-09-03T16:45:25.884675+00:00,401873074,2026-11-22T21:05Z,Los Angeles Chargers,New York Jets,Draft Kings,spreads,home,-9.5,-110,1.9,2026-09-03T16:45:25.884675+00:00,-425,330,-9.5,9.5,-110,-110,41.5,-110,-110
2026_09_03_164525_884675,2026-09-03T16:45:25.884675+00:00,401873074,2026-11-22T21:05Z,Los Angeles Chargers,New York Jets,Draft Kings,spreads,away,9.5,-110,1.9,2026-09-03T16:45:25.884675+00:00,-425,330,-9.5,9.5,-110,-110,41.5,-110,-110
2026_09_03_164525_884675,2026-09-03T16:45:25.884675+00:00,401873074,2026-11-22T21:05Z,Los Angeles Chargers,New York Jets,Draft Kings,totals,over,41.5,-110,1.9,2026-09-03T16:45:25.884675+00:00,-425,330,-9.5,9.5,-110,-110,41.5,-110,-110
2026_09_03_164525_884675,2026-09-03T16:45:25.884675+00:00,401873074,2026-11-22T21:05Z,Los Angeles Chargers,New York Jets,Draft Kings,totals,under,41.5,-110,1.9,2026-09-03T16:45:25.884675+00:00,-425,330,-9.5,9.5,-110,-110,41.5,-110,-110
2026_09_03_164525_884675,2026-09-03T16:45:25.884675+00:00,401873075,2026-11-22T21:25Z,Denver Broncos,Las Vegas Raiders,Draft Kings,h2h,home,,-340,1.29,2026-09-03T16:45:25.884675+00:00,-340,270,-7.5,7.5,-110,-110,41.5,-110,-110
2026_09_03_164525_884675,2026-09-03T16:45:25.884675+00:00,401873075,2026-11-22T21:25Z,Denver Broncos,Las Vegas Raiders,Draft Kings,h2h,away,,270,3.7,2026-09-03T16:45:25.884675+00:00,-340,270,-7.5,7.5,-110,-110,41.5,-110,-110
2026_09_03_164525_884675,2026-09-03T16:45:25.884675+00:00,401873075,2026-11-22T21:25Z,Denver Broncos,Las Vegas Raiders,Draft Kings,spreads,home,-7.5,-110,1.9,2026-09-03T16:45:25.884675+00:00,-340,270,-7.5,7.5,-110,-110,41.5,-110,-110
2026_09_03_164525_884675,2026-09-03T16:45:25.884675+00:00,401873075,2026-11-22T21:25Z,Denver Broncos,Las Vegas Raiders,Draft Kings,spreads,away,7.5,-110,1.9,2026-09-03T16:45:25.884675+00:00,-340,270,-7.5,7.5,-110,-110,41.5,-110,-110
2026_09_03_164525_884675,2026-09-03T16:45:25.884675+00:00,401873075,2026-11-22T21:25Z,Denver Broncos,Las Vegas Raiders,Draft Kings,totals,over,41.5,-110,1.9,2026-09-03T16:45:25.884675+00:00,-340,270,-7.5,7.5,-110,-110,41.5,-110,-110
2026_09_03_164525_884675,2026-09-03T16:45:25.884675+00:00,401873075,2026-11-22T21:25Z,Denver Broncos,Las Vegas Raiders,Draft Kings,totals,under,41.5,-110,1.9,2026-09-03T16:45:25.884675+00:00,-340,270,-7.5,7.5,-110,-110,41.5,-110,-110
2026_09_03_164525_884675,2026-09-03T16:45:25.884675+00:00,401873076,2026-11-22T21:25Z,Philadelphia Eagles,Pittsburgh Steelers,Draft Kings,h2h,home,,-238,1.42,2026-09-03T16:45:25.884675+00:00,-238,195,-5.5,5.5,-110,-110,42.5,-110,-110
2026_09_03_164525_884675,2026-09-03T16:45:25.884675+00:00,401873076,2026-11-22T21:25Z,Philadelphia Eagles,Pittsburgh Steelers,Draft Kings,h2h,away,,195,2.95,2026-09-03T16:45:25.884675+00:00,-238,195,-5.5,5.5,-110,-110,42.5,-110,-110
2026_09_03_164525_884675,2026-09-03T16:45:25.884675+00:00,401873076,2026-11-22T21:25Z,Philadelphia Eagles,Pittsburgh Steelers,Draft Kings,spreads,home,-5.5,-110,1.9,2026-09-03T16:45:25.884675+00:00,-238,195,-5.5,5.5,-110,-110,42.5,-110,-110
2026_09_03_164525_884675,2026-09-03T16:45:25.884675+00:00,401873076,2026-11-22T21:25Z,Philadelphia Eagles,Pittsburgh Steelers,Draft Kings,spreads,away,5.5,-110,1.9,2026-09-03T16:45:25.884675+00:00,-238,195,-5.5,5.5,-110,-110,42.5,-110,-110
2026_09_03_164525_884675,2026-09-03T16:45:25.884675+00:00,401873076,2026-11-22T21:25Z,Philadelphia Eagles,Pittsburgh Steelers,Draft Kings,totals,over,42.5,-110,1.9,2026-09-03T16:45:25.884675+00:00,-238,195,-5.5,5.5,-110,-110,42.5,-110,-110
2026_09_03_164525_884675,2026-09-03T16:45:25.884675+00:00,401873076,2026-11-22T21:25Z,Philadelphia Eagles,Pittsburgh Steelers,Draft Kings,totals,under,42.5,-110,1.9,2026-09-03T16:45:25.884675+00:00,-238,195,-5.5,5.5,-110,-110,42.5,-110,-110
2026_09_03_164525_884675,2026-09-03T16:45:25.884675+00:00,401873077,2026-11-23T01:20Z,San Francisco 49ers,Minnesota Vikings,Draft Kings,h2h,home,,-192,1.52,2026-09-03T16:45:25.884675+00:00,-192,160,-3.5,3.5,-110,-110,46.5,-110,-110
2026_09_03_164525_884675,2026-09-03T16:45:25.884675+00:00,401873077,2026-11-23T01:20Z,San Francisco 49ers,Minnesota Vikings,Draft Kings,h2h,away,,160,2.6,2026-09-03T16:45:25.884675+00:00,-192,160,-3.5,3.5,-110,-110,46.5,-110,-110
2026_09_03_164525_884675,2026-09-03T16:45:25.884675+00:00,401873077,2026-11-23T01:20Z,San Francisco 49ers,Minnesota Vikings,Draft Kings,spreads,home,-3.5,-110,1.9,2026-09-03T16:45:25.884675+00:00,-192,160,-3.5,3.5,-110,-110,46.5,-110,-110
2026_09_03_164525_884675,2026-09-03T16:45:25.884675+00:00,401873077,2026-11-23T01:20Z,San Francisco 49ers,Minnesota Vikings,Draft Kings,spreads,away,3.5,-110,1.9,2026-09-03T16:45:25.884675+00:00,-192,160,-3.5,3.5,-110,-110,46.5,-110,-110
2026_09_03_164525_884675,2026-09-03T16:45:25.884675+00:00,401873077,2026-11-23T01:20Z,San Francisco 49ers,Minnesota Vikings,Draft Kings,totals,over,46.5,-110,1.9,2026-09-03T16:45:25.884675+00:00,-192,160,-3.5,3.5,-110,-110,46.5,-110,-110
2026_09_03_164525_884675,2026-09-03T16:45:25.884675+00:00,401873077,2026-11-23T01:20Z,San Francisco 49ers,Minnesota Vikings,Draft Kings,totals,under,46.5,-110,1.9,2026-09-03T16:45:25.884675+00:00,-192,160,-3.5,3.5,-110,-110,46.5,-110,-110
2026_09_03_164525_884675,2026-09-03T16:45:25.884675+00:00,401873078,2026-11-24T01:15Z,Washington Commanders,Cincinnati Bengals,Draft Kings,h2h,home,,102,2.02,2026-09-03T16:45:25.884675+00:00,102,-122,1.5,-1.5,-110,-110,52.5,-110,-110
2026_09_03_164525_884675,2026-09-03T16:45:25.884675+00:00,401873078,2026-11-24T01:15Z,Washington Commanders,Cincinnati Bengals,Draft Kings,h2h,away,,-122,1.81,2026-09-03T16:45:25.884675+00:00,102,-122,1.5,-1.5,-110,-110,52.5,-110,-110
2026_09_03_164525_884675,2026-09-03T16:45:25.884675+00:00,401873078,2026-11-24T01:15Z,Washington Commanders,Cincinnati Bengals,Draft Kings,spreads,home,1.5,-110,1.9,2026-09-03T16:45:25.884675+00:00,102,-122,1.5,-1.5,-110,-110,52.5,-110,-110
2026_09_03_164525_884675,2026-09-03T16:45:25.884675+00:00,401873078,2026-11-24T01:15Z,Washington Commanders,Cincinnati Bengals,Draft Kings,spreads,away,-1.5,-110,1.9,2026-09-03T16:45:25.884675+00:00,102,-122,1.5,-1.5,-110,-110,52.5,-110,-110
2026_09_03_164525_884675,2026-09-03T16:45:25.884675+00:00,401873078,2026-11-24T01:15Z,Washington Commanders,Cincinnati Bengals,Draft Kings,totals,over,52.5,-110,1.9,2026-09-03T16:45:25.884675+00:00,102,-122,1.5,-1.5,-110,-110,52.5,-110,-110
2026_09_03_164525_884675,2026-09-03T16:45:25.884675+00:00,401873078,2026-11-24T01:15Z,Washington Commanders,Cincinnati Bengals,Draft Kings,totals,under,52.5,-110,1.9,2026-09-03T16:45:25.884675+00:00,102,-122,1.5,-1.5,-110,-110,52.5,-110,-110
2026_09_03_164525_884675,2026-09-03T16:45:25.884675+00:00,401873079,2026-11-26T01:00Z,Los Angeles Rams,Green Bay Packers,Draft Kings,h2h,home,,-225,1.44,2026-09-03T16:45:25.884675+00:00,-225,185,-4.5,4.5,-115,-105,48.5,-110,-110
2026_09_03_164525_884675,2026-09-03T16:45:25.884675+00:00,401873079,2026-11-26T01:00Z,Los Angeles Rams,Green Bay Packers,Draft Kings,h2h,away,,185,2.85,2026-09-03T16:45:25.884675+00:00,-225,185,-4.5,4.5,-115,-105,48.5,-110,-110
2026_09_03_164525_884675,2026-09-03T16:45:25.884675+00:00,401873079,2026-11-26T01:00Z,Los Angeles Rams,Green Bay Packers,Draft Kings,spreads,home,-4.5,-115,1.86,2026-09-03T16:45:25.884675+00:00,-225,185,-4.5,4.5,-115,-105,48.5,-110,-110
2026_09_03_164525_884675,2026-09-03T16:45:25.884675+00:00,401873079,2026-11-26T01:00Z,Los Angeles Rams,Green Bay Packers,Draft Kings,spreads,away,4.5,-105,1.95,2026-09-03T16:45:25.884675+00:00,-225,185,-4.5,4.5,-115,-105,48.5,-110,-110
2026_09_03_164525_884675,2026-09-03T16:45:25.884675+00:00,401873079,2026-11-26T01:00Z,Los Angeles Rams,Green Bay Packers,Draft Kings,totals,over,48.5,-110,1.9,2026-09-03T16:45:25.884675+00:00,-225,185,-4.5,4.5,-115,-105,48.5,-110,-110
2026_09_03_164525_884675,2026-09-03T16:45:25.884675+00:00,401873079,2026-11-26T01:00Z,Los Angeles Rams,Green Bay Packers,Draft Kings,totals,under,48.5,-110,1.9,2026-09-03T16:45:25.884675+00:00,-225,185,-4.5,4.5,-115,-105,48.5,-110,-110
2026_09_03_164525_884675,2026-09-03T16:45:25.884675+00:00,401873081,2026-11-26T18:00Z,Detroit Lions,Chicago Bears,Draft Kings,h2h,home,,-142,1.7,2026-09-03T16:45:25.884675+00:00,-142,120,-2.5,2.5,-115,-105,52.5,-110,-110
2026_09_03_164525_884675,2026-09-03T16:45:25.884675+00:00,401873081,2026-11-26T18:00Z,Detroit Lions,Chicago Bears,Draft Kings,h2h,away,,120,2.2,2026-09-03T16:45:25.884675+00:00,-142,120,-2.5,2.5,-115,-105,52.5,-110,-110
2026_09_03_164525_884675,2026-09-03T16:45:25.884675+00:00,401873081,2026-11-26T18:00Z,Detroit Lions,Chicago Bears,Draft Kings,spreads,home,-2.5,-115,1.86,2026-09-03T16:45:25.884675+00:00,-142,120,-2.5,2.5,-115,-105,52.5,-110,-110
2026_09_03_164525_884675,2026-09-03T16:45:25.884675+00:00,401873081,2026-11-26T18:00Z,Detroit Lions,Chicago Bears,Draft Kings,spreads,away,2.5,-105,1.95,2026-09-03T16:45:25.884675+00:00,-142,120,-2.5,2.5,-115,-105,52.5,-110,-110
2026_09_03_164525_884675,2026-09-03T16:45:25.884675+00:00,401873081,2026-11-26T18:00Z,Detroit Lions,Chicago Bears,Draft Kings,totals,over,52.5,-110,1.9,2026-09-03T16:45:25.884675+00:00,-142,120,-2.5,2.5,-115,-105,52.5,-110,-110
2026_09_03_164525_884675,2026-09-03T16:45:25.884675+00:00,401873081,2026-11-26T18:00Z,Detroit Lions,Chicago Bears,Draft Kings,totals,under,52.5,-110,1.9,2026-09-03T16:45:25.884675+00:00,-142,120,-2.5,2.5,-115,-105,52.5,-110,-110
2026_09_03_164525_884675,2026-09-03T16:45:25.884675+00:00,401873080,2026-11-26T21:30Z,Dallas Cowboys,Philadelphia Eagles,Draft Kings,h2h,home,,-125,1.8,2026-09-03T16:45:25.884675+00:00,-125,105,-1.5,1.5,-110,-110,49.5,-110,-110
2026_09_03_164525_884675,2026-09-03T16:45:25.884675+00:00,401873080,2026-11-26T21:30Z,Dallas Cowboys,Philadelphia Eagles,Draft Kings,h2h,away,,105,2.05,2026-09-03T16:45:25.884675+00:00,-125,105,-1.5,1.5,-110,-110,49.5,-110,-110
2026_09_03_164525_884675,2026-09-03T16:45:25.884675+00:00,401873080,2026-11-26T21:30Z,Dallas Cowboys,Philadelphia Eagles,Draft Kings,spreads,home,-1.5,-110,1.9,2026-09-03T16:45:25.884675+00:00,-125,105,-1.5,1.5,-110,-110,49.5,-110,-110
2026_09_03_164525_884675,2026-09-03T16:45:25.884675+00:00,401873080,2026-11-26T21:30Z,Dallas Cowboys,Philadelphia Eagles,Draft Kings,spreads,away,1.5,-110,1.9,2026-09-03T16:45:25.884675+00:00,-125,105,-1.5,1.5,-110,-110,49.5,-110,-110
2026_09_03_164525_884675,2026-09-03T16:45:25.884675+00:00,401873080,2026-11-26T21:30Z,Dallas Cowboys,Philadelphia Eagles,Draft Kings,totals,over,49.5,-110,1.9,2026-09-03T16:45:25.884675+00:00,-125,105,-1.5,1.5,-110,-110,49.5,-110,-110
2026_09_03_164525_884675,2026-09-03T16:45:25.884675+00:00,401873080,2026-11-26T21:30Z,Dallas Cowboys,Philadelphia Eagles,Draft Kings,totals,under,49.5,-110,1.9,2026-09-03T16:45:25.884675+00:00,-125,105,-1.5,1.5,-110,-110,49.5,-110,-110
2026_09_03_164525_884675,2026-09-03T16:45:25.884675+00:00,401873082,2026-11-27T01:20Z,Buffalo Bills,Kansas City Chiefs,Draft Kings,h2h,home,,-148,1.67,2026-09-03T16:45:25.884675+00:00,-148,124,-2.5,2.5,-115,-105,50.5,-110,-110
2026_09_03_164525_884675,2026-09-03T16:45:25.884675+00:00,401873082,2026-11-27T01:20Z,Buffalo Bills,Kansas City Chiefs,Draft Kings,h2h,away,,124,2.24,2026-09-03T16:45:25.884675+00:00,-148,124,-2.5,2.5,-115,-105,50.5,-110,-110
2026_09_03_164525_884675,2026-09-03T16:45:25.884675+00:00,401873082,2026-11-27T01:20Z,Buffalo Bills,Kansas City Chiefs,Draft Kings,spreads,home,-2.5,-115,1.86,2026-09-03T16:45:25.884675+00:00,-148,124,-2.5,2.5,-115,-105,50.5,-110,-110
2026_09_03_164525_884675,2026-09-03T16:45:25.884675+00:00,401873082,2026-11-27T01:20Z,Buffalo Bills,Kansas City Chiefs,Draft Kings,spreads,away,2.5,-105,1.95,2026-09-03T16:45:25.884675+00:00,-148,124,-2.5,2.5,-115,-105,50.5,-110,-110
2026_09_03_164525_884675,2026-09-03T16:45:25.884675+00:00,401873082,2026-11-27T01:20Z,Buffalo Bills,Kansas City Chiefs,Draft Kings,totals,over,50.5,-110,1.9,2026-09-03T16:45:25.884675+00:00,-148,124,-2.5,2.5,-115,-105,50.5,-110,-110
2026_09_03_164525_884675,2026-09-03T16:45:25.884675+00:00,401873082,2026-11-27T01:20Z,Buffalo Bills,Kansas City Chiefs,Draft Kings,totals,under,50.5,-110,1.9,2026-09-03T16:45:25.884675+00:00,-148,124,-2.5,2.5,-115,-105,50.5,-110,-110
2026_09_03_164525_884675,2026-09-03T16:45:25.884675+00:00,401873083,2026-11-27T20:00Z,Pittsburgh Steelers,Denver Broncos,Draft Kings,h2h,home,,105,2.05,2026-09-03T16:45:25.884675+00:00,105,-125,1.5,-1.5,-110,-110,39.5,-110,-110
2026_09_03_164525_884675,2026-09-03T16:45:25.884675+00:00,401873083,2026-11-27T20:00Z,Pittsburgh Steelers,Denver Broncos,Draft Kings,h2h,away,,-125,1.8,2026-09-03T16:45:25.884675+00:00,105,-125,1.5,-1.5,-110,-110,39.5,-110,-110
2026_09_03_164525_884675,2026-09-03T16:45:25.884675+00:00,401873083,2026-11-27T20:00Z,Pittsburgh Steelers,Denver Broncos,Draft Kings,spreads,home,1.5,-110,1.9,2026-09-03T16:45:25.884675+00:00,105,-125,1.5,-1.5,-110,-110,39.5,-110,-110
2026_09_03_164525_884675,2026-09-03T16:45:25.884675+00:00,401873083,2026-11-27T20:00Z,Pittsburgh Steelers,Denver Broncos,Draft Kings,spreads,away,-1.5,-110,1.9,2026-09-03T16:45:25.884675+00:00,105,-125,1.5,-1.5,-110,-110,39.5,-110,-110
2026_09_03_164525_884675,2026-09-03T16:45:25.884675+00:00,401873083,2026-11-27T20:00Z,Pittsburgh Steelers,Denver Broncos,Draft Kings,totals,over,39.5,-110,1.9,2026-09-03T16:45:25.884675+00:00,105,-125,1.5,-1.5,-110,-110,39.5,-110,-110
2026_09_03_164525_884675,2026-09-03T16:45:25.884675+00:00,401873083,2026-11-27T20:00Z,Pittsburgh Steelers,Denver Broncos,Draft Kings,totals,under,39.5,-110,1.9,2026-09-03T16:45:25.884675+00:00,105,-125,1.5,-1.5,-110,-110,39.5,-110,-110
2026_09_03_164525_884675,2026-09-03T16:45:25.884675+00:00,401873084,2026-11-29T18:00Z,Minnesota Vikings,Atlanta Falcons,Draft Kings,h2h,home,,-218,1.45,2026-09-03T16:45:25.884675+00:00,-218,180,-4.5,4.5,-110,-110,43.5,-110,-110
2026_09_03_164525_884675,2026-09-03T16:45:25.884675+00:00,401873084,2026-11-29T18:00Z,Minnesota Vikings,Atlanta Falcons,Draft Kings,h2h,away,,180,2.8,2026-09-03T16:45:25.884675+00:00,-218,180,-4.5,4.5,-110,-110,43.5,-110,-110
2026_09_03_164525_884675,2026-09-03T16:45:25.884675+00:00,401873084,2026-11-29T18:00Z,Minnesota Vikings,Atlanta Falcons,Draft Kings,spreads,home,-4.5,-110,1.9,2026-09-03T16:45:25.884675+00:00,-218,180,-4.5,4.5,-110,-110,43.5,-110,-110
2026_09_03_164525_884675,2026-09-03T16:45:25.884675+00:00,401873084,2026-11-29T18:00Z,Minnesota Vikings,Atlanta Falcons,Draft Kings,spreads,away,4.5,-110,1.9,2026-09-03T16:45:25.884675+00:00,-218,180,-4.5,4.5,-110,-110,43.5,-110,-110
2026_09_03_164525_884675,2026-09-03T16:45:25.884675+00:00,401873084,2026-11-29T18:00Z,Minnesota Vikings,Atlanta Falcons,Draft Kings,totals,over,43.5,-110,1.9,2026-09-03T16:45:25.884675+00:00,-218,180,-4.5,4.5,-110,-110,43.5,-110,-110
2026_09_03_164525_884675,2026-09-03T16:45:25.884675+00:00,401873084,2026-11-29T18:00Z,Minnesota Vikings,Atlanta Falcons,Draft Kings,totals,under,43.5,-110,1.9,2026-09-03T16:45:25.884675+00:00,-218,180,-4.5,4.5,-110,-110,43.5,-110,-110
2026_09_03_164525_884675,2026-09-03T16:45:25.884675+00:00,401873085,2026-11-29T18:00Z,Houston Texans,Baltimore Ravens,Draft Kings,h2h,home,,-122,1.81,2026-09-03T16:45:25.884675+00:00,-122,102,-1.5,1.5,-110,-110,45.5,-110,-110
2026_09_03_164525_884675,2026-09-03T16:45:25.884675+00:00,401873085,2026-11-29T18:00Z,Houston Texans,Baltimore Ravens,Draft Kings,h2h,away,,102,2.02,2026-09-03T16:45:25.884675+00:00,-122,102,-1.5,1.5,-110,-110,45.5,-110,-110
2026_09_03_164525_884675,2026-09-03T16:45:25.884675+00:00,401873085,2026-11-29T18:00Z,Houston Texans,Baltimore Ravens,Draft Kings,spreads,home,-1.5,-110,1.9,2026-09-03T16:45:25.884675+00:00,-122,102,-1.5,1.5,-110,-110,45.5,-110,-110
2026_09_03_164525_884675,2026-09-03T16:45:25.884675+00:00,401873085,2026-11-29T18:00Z,Houston Texans,Baltimore Ravens,Draft Kings,spreads,away,1.5,-110,1.9,2026-09-03T16:45:25.884675+00:00,-122,102,-1.5,1.5,-110,-110,45.5,-110,-110
2026_09_03_164525_884675,2026-09-03T16:45:25.884675+00:00,401873085,2026-11-29T18:00Z,Houston Texans,Baltimore Ravens,Draft Kings,totals,over,45.5,-110,1.9,2026-09-03T16:45:25.884675+00:00,-122,102,-1.5,1.5,-110,-110,45.5,-110,-110
2026_09_03_164525_884675,2026-09-03T16:45:25.884675+00:00,401873085,2026-11-29T18:00Z,Houston Texans,Baltimore Ravens,Draft Kings,totals,under,45.5,-110,1.9,2026-09-03T16:45:25.884675+00:00,-122,102,-1.5,1.5,-110,-110,45.5,-110,-110
2026_09_03_164525_884675,2026-09-03T16:45:25.884675+00:00,401873086,2026-11-29T18:00Z,Cleveland Browns,Las Vegas Raiders,Draft Kings,h2h,home,,-125,1.8,2026-09-03T16:45:25.884675+00:00,-125,105,-1.5,1.5,-110,-110,39.5,-110,-110
2026_09_03_164525_884675,2026-09-03T16:45:25.884675+00:00,401873086,2026-11-29T18:00Z,Cleveland Browns,Las Vegas Raiders,Draft Kings,h2h,away,,105,2.05,2026-09-03T16:45:25.884675+00:00,-125,105,-1.5,1.5,-110,-110,39.5,-110,-110
2026_09_03_164525_884675,2026-09-03T16:45:25.884675+00:00,401873086,2026-11-29T18:00Z,Cleveland Browns,Las Vegas Raiders,Draft Kings,spreads,home,-1.5,-110,1.9,2026-09-03T16:45:25.884675+00:00,-125,105,-1.5,1.5,-110,-110,39.5,-110,-110
2026_09_03_164525_884675,2026-09-03T16:45:25.884675+00:00,401873086,2026-11-29T18:00Z,Cleveland Browns,Las Vegas Raiders,Draft Kings,spreads,away,1.5,-110,1.9,2026-09-03T16:45:25.884675+00:00,-125,105,-1.5,1.5,-110,-110,39.5,-110,-110
2026_09_03_164525_884675,2026-09-03T16:45:25.884675+00:00,401873086,2026-11-29T18:00Z,Cleveland Browns,Las Vegas Raiders,Draft Kings,totals,over,39.5,-110,1.9,2026-09-03T16:45:25.884675+00:00,-125,105,-1.5,1.5,-110,-110,39.5,-110,-110
2026_09_03_164525_884675,2026-09-03T16:45:25.884675+00:00,401873086,2026-11-29T18:00Z,Cleveland Browns,Las Vegas Raiders,Draft Kings,totals,under,39.5,-110,1.9,2026-09-03T16:45:25.884675+00:00,-125,105,-1.5,1.5,-110,-110,39.5,-110,-110
2026_09_03_164525_884675,2026-09-03T16:45:25.884675+00:00,401873087,2026-11-29T18:00Z,Cincinnati Bengals,New Orleans Saints,Draft Kings,h2h,home,,-290,1.34,2026-09-03T16:45:25.884675+00:00,-290,235,-6.5,6.5,-110,-110,48.5,-110,-110
2026_09_03_164525_884675,2026-09-03T16:45:25.884675+00:00,401873087,2026-11-29T18:00Z,Cincinnati Bengals,New Orleans Saints,Draft Kings,h2h,away,,235,3.35,2026-09-03T16:45:25.884675+00:00,-290,235,-6.5,6.5,-110,-110,48.5,-110,-110
2026_09_03_164525_884675,2026-09-03T16:45:25.884675+00:00,401873087,2026-11-29T18:00Z,Cincinnati Bengals,New Orleans Saints,Draft Kings,spreads,home,-6.5,-110,1.9,2026-09-03T16:45:25.884675+00:00,-290,235,-6.5,6.5,-110,-110,48.5,-110,-110
2026_09_03_164525_884675,2026-09-03T16:45:25.884675+00:00,401873087,2026-11-29T18:00Z,Cincinnati Bengals,New Orleans Saints,Draft Kings,spreads,away,6.5,-110,1.9,2026-09-03T16:45:25.884675+00:00,-290,235,-6.5,6.5,-110,-110,48.5,-110,-110
2026_09_03_164525_884675,2026-09-03T16:45:25.884675+00:00,401873087,2026-11-29T18:00Z,Cincinnati Bengals,New Orleans Saints,Draft Kings,totals,over,48.5,-110,1.9,2026-09-03T16:45:25.884675+00:00,-290,235,-6.5,6.5,-110,-110,48.5,-110,-110
2026_09_03_164525_884675,2026-09-03T16:45:25.884675+00:00,401873087,2026-11-29T18:00Z,Cincinnati Bengals,New Orleans Saints,Draft Kings,totals,under,48.5,-110,1.9,2026-09-03T16:45:25.884675+00:00,-290,235,-6.5,6.5,-110,-110,48.5,-110,-110
2026_09_03_164525_884675,2026-09-03T16:45:25.884675+00:00,401873088,2026-11-29T18:00Z,Indianapolis Colts,New York Giants,Draft Kings,h2h,home,,-135,1.74,2026-09-03T16:45:25.884675+00:00,-135,114,-2.5,2.5,-110,-110,47.5,-110,-110
2026_09_03_164525_884675,2026-09-03T16:45:25.884675+00:00,401873088,2026-11-29T18:00Z,Indianapolis Colts,New York Giants,Draft Kings,h2h,away,,114,2.14,2026-09-03T16:45:25.884675+00:00,-135,114,-2.5,2.5,-110,-110,47.5,-110,-110
2026_09_03_164525_884675,2026-09-03T16:45:25.884675+00:00,401873088,2026-11-29T18:00Z,Indianapolis Colts,New York Giants,Draft Kings,spreads,home,-2.5,-110,1.9,2026-09-03T16:45:25.884675+00:00,-135,114,-2.5,2.5,-110,-110,47.5,-110,-110
2026_09_03_164525_884675,2026-09-03T16:45:25.884675+00:00,401873088,2026-11-29T18:00Z,Indianapolis Colts,New York Giants,Draft Kings,spreads,away,2.5,-110,1.9,2026-09-03T16:45:25.884675+00:00,-135,114,-2.5,2.5,-110,-110,47.5,-110,-110
2026_09_03_164525_884675,2026-09-03T16:45:25.884675+00:00,401873088,2026-11-29T18:00Z,Indianapolis Colts,New York Giants,Draft Kings,totals,over,47.5,-110,1.9,2026-09-03T16:45:25.884675+00:00,-135,114,-2.5,2.5,-110,-110,47.5,-110,-110
2026_09_03_164525_884675,2026-09-03T16:45:25.884675+00:00,401873088,2026-11-29T18:00Z,Indianapolis Colts,New York Giants,Draft Kings,totals,under,47.5,-110,1.9,2026-09-03T16:45:25.884675+00:00,-135,114,-2.5,2.5,-110,-110,47.5,-110,-110
2026_09_03_164525_884675,2026-09-03T16:45:25.884675+00:00,401873089,2026-11-29T18:00Z,Miami Dolphins,New York Jets,Draft Kings,h2h,home,,-125,1.8,2026-09-03T16:45:25.884675+00:00,-125,105,-1.5,1.5,-110,-110,40.5,-110,-110
2026_09_03_164525_884675,2026-09-03T16:45:25.884675+00:00,401873089,2026-11-29T18:00Z,Miami Dolphins,New York Jets,Draft Kings,h2h,away,,105,2.05,2026-09-03T16:45:25.884675+00:00,-125,105,-1.5,1.5,-110,-110,40.5,-110,-110
2026_09_03_164525_884675,2026-09-03T16:45:25.884675+00:00,401873089,2026-11-29T18:00Z,Miami Dolphins,New York Jets,Draft Kings,spreads,home,-1.5,-110,1.9,2026-09-03T16:45:25.884675+00:00,-125,105,-1.5,1.5,-110,-110,40.5,-110,-110
2026_09_03_164525_884675,2026-09-03T16:45:25.884675+00:00,401873089,2026-11-29T18:00Z,Miami Dolphins,New York Jets,Draft Kings,spreads,away,1.5,-110,1.9,2026-09-03T16:45:25.884675+00:00,-125,105,-1.5,1.5,-110,-110,40.5,-110,-110
2026_09_03_164525_884675,2026-09-03T16:45:25.884675+00:00,401873089,2026-11-29T18:00Z,Miami Dolphins,New York Jets,Draft Kings,totals,over,40.5,-110,1.9,2026-09-03T16:45:25.884675+00:00,-125,105,-1.5,1.5,-110,-110,40.5,-110,-110
2026_09_03_164525_884675,2026-09-03T16:45:25.884675+00:00,401873089,2026-11-29T18:00Z,Miami Dolphins,New York Jets,Draft Kings,totals,under,40.5,-110,1.9,2026-09-03T16:45:25.884675+00:00,-125,105,-1.5,1.5,-110,-110,40.5,-110,-110
2026_09_03_164525_884675,2026-09-03T16:45:25.884675+00:00,401873090,2026-11-29T21:05Z,Jacksonville Jaguars,Tennessee Titans,Draft Kings,h2h,home,,-230,1.43,2026-09-03T16:45:25.884675+00:00,-230,190,-5.5,5.5,-110,-110,45.5,-110,-110
2026_09_03_164525_884675,2026-09-03T16:45:25.884675+00:00,401873090,2026-11-29T21:05Z,Jacksonville Jaguars,Tennessee Titans,Draft Kings,h2h,away,,190,2.9,2026-09-03T16:45:25.884675+00:00,-230,190,-5.5,5.5,-110,-110,45.5,-110,-110
2026_09_03_164525_884675,2026-09-03T16:45:25.884675+00:00,401873090,2026-11-29T21:05Z,Jacksonville Jaguars,Tennessee Titans,Draft Kings,spreads,home,-5.5,-110,1.9,2026-09-03T16:45:25.884675+00:00,-230,190,-5.5,5.5,-110,-110,45.5,-110,-110
2026_09_03_164525_884675,2026-09-03T16:45:25.884675+00:00,401873090,2026-11-29T21:05Z,Jacksonville Jaguars,Tennessee Titans,Draft Kings,spreads,away,5.5,-110,1.9,2026-09-03T16:45:25.884675+00:00,-230,190,-5.5,5.5,-110,-110,45.5,-110,-110
2026_09_03_164525_884675,2026-09-03T16:45:25.884675+00:00,401873090,2026-11-29T21:05Z,Jacksonville Jaguars,Tennessee Titans,Draft Kings,totals,over,45.5,-110,1.9,2026-09-03T16:45:25.884675+00:00,-230,190,-5.5,5.5,-110,-110,45.5,-110,-110
2026_09_03_164525_884675,2026-09-03T16:45:25.884675+00:00,401873090,2026-11-29T21:05Z,Jacksonville Jaguars,Tennessee Titans,Draft Kings,totals,under,45.5,-110,1.9,2026-09-03T16:45:25.884675+00:00,-230,190,-5.5,5.5,-110,-110,45.5,-110,-110
2026_09_03_164525_884675,2026-09-03T16:45:25.884675+00:00,401873091,2026-11-29T21:25Z,San Francisco 49ers,Seattle Seahawks,Draft Kings,h2h,home,,-110,1.9,2026-09-03T16:45:25.884675+00:00,-110,-110,1.5,-1.5,-125,105,46.5,-110,-110
2026_09_03_164525_884675,2026-09-03T16:45:25.884675+00:00,401873091,2026-11-29T21:25Z,San Francisco 49ers,Seattle Seahawks,Draft Kings,h2h,away,,-110,1.9,2026-09-03T16:45:25.884675+00:00,-110,-110,1.5,-1.5,-125,105,46.5,-110,-110
2026_09_03_164525_884675,2026-09-03T16:45:25.884675+00:00,401873091,2026-11-29T21:25Z,San Francisco 49ers,Seattle Seahawks,Draft Kings,spreads,home,1.5,-125,1.8,2026-09-03T16:45:25.884675+00:00,-110,-110,1.5,-1.5,-125,105,46.5,-110,-110
2026_09_03_164525_884675,2026-09-03T16:45:25.884675+00:00,401873091,2026-11-29T21:25Z,San Francisco 49ers,Seattle Seahawks,Draft Kings,spreads,away,-1.5,105,2.05,2026-09-03T16:45:25.884675+00:00,-110,-110,1.5,-1.5,-125,105,46.5,-110,-110
2026_09_03_164525_884675,2026-09-03T16:45:25.884675+00:00,401873091,2026-11-29T21:25Z,San Francisco 49ers,Seattle Seahawks,Draft Kings,totals,over,46.5,-110,1.9,2026-09-03T16:45:25.884675+00:00,-110,-110,1.5,-1.5,-125,105,46.5,-110,-110
2026_09_03_164525_884675,2026-09-03T16:45:25.884675+00:00,401873091,2026-11-29T21:25Z,San Francisco 49ers,Seattle Seahawks,Draft Kings,totals,under,46.5,-110,1.9,2026-09-03T16:45:25.884675+00:00,-110,-110,1.5,-1.5,-125,105,46.5,-110,-110
2026_09_03_164525_884675,2026-09-03T16:45:25.884675+00:00,401873092,2026-11-29T21:25Z,Arizona Cardinals,Washington Commanders,Draft Kings,h2h,home,,180,2.8,2026-09-03T16:45:25.884675+00:00,180,-218,4.5,-4.5,-110,-110,47.5,-110,-110
2026_09_03_164525_884675,2026-09-03T16:45:25.884675+00:00,401873092,2026-11-29T21:25Z,Arizona Cardinals,Washington Commanders,Draft Kings,h2h,away,,-218,1.45,2026-09-03T16:45:25.884675+00:00,180,-218,4.5,-4.5,-110,-110,47.5,-110,-110
2026_09_03_164525_884675,2026-09-03T16:45:25.884675+00:00,401873092,2026-11-29T21:25Z,Arizona Cardinals,Washington Commanders,Draft Kings,spreads,home,4.5,-110,1.9,2026-09-03T16:45:25.884675+00:00,180,-218,4.5,-4.5,-110,-110,47.5,-110,-110
2026_09_03_164525_884675,2026-09-03T16:45:25.884675+00:00,401873092,2026-11-29T21:25Z,Arizona Cardinals,Washington Commanders,Draft Kings,spreads,away,-4.5,-110,1.9,2026-09-03T16:45:25.884675+00:00,180,-218,4.5,-4.5,-110,-110,47.5,-110,-110
2026_09_03_164525_884675,2026-09-03T16:45:25.884675+00:00,401873092,2026-11-29T21:25Z,Arizona Cardinals,Washington Commanders,Draft Kings,totals,over,47.5,-110,1.9,2026-09-03T16:45:25.884675+00:00,180,-218,4.5,-4.5,-110,-110,47.5,-110,-110
2026_09_03_164525_884675,2026-09-03T16:45:25.884675+00:00,401873092,2026-11-29T21:25Z,Arizona Cardinals,Washington Commanders,Draft Kings,totals,under,47.5,-110,1.9,2026-09-03T16:45:25.884675+00:00,180,-218,4.5,-4.5,-110,-110,47.5,-110,-110
2026_09_03_164525_884675,2026-09-03T16:45:25.884675+00:00,401873093,2026-11-30T01:20Z,Los Angeles Chargers,New England Patriots,Draft Kings,h2h,home,,-122,1.81,2026-09-03T16:45:25.884675+00:00,-122,102,-1.5,1.5,-110,-110,45.5,-110,-110
2026_09_03_164525_884675,2026-09-03T16:45:25.884675+00:00,401873093,2026-11-30T01:20Z,Los Angeles Chargers,New England Patriots,Draft Kings,h2h,away,,102,2.02,2026-09-03T16:45:25.884675+00:00,-122,102,-1.5,1.5,-110,-110,45.5,-110,-110
2026_09_03_164525_884675,2026-09-03T16:45:25.884675+00:00,401873093,2026-11-30T01:20Z,Los Angeles Chargers,New England Patriots,Draft Kings,spreads,home,-1.5,-110,1.9,2026-09-03T16:45:25.884675+00:00,-122,102,-1.5,1.5,-110,-110,45.5,-110,-110
2026_09_03_164525_884675,2026-09-03T16:45:25.884675+00:00,401873093,2026-11-30T01:20Z,Los Angeles Chargers,New England Patriots,Draft Kings,spreads,away,1.5,-110,1.9,2026-09-03T16:45:25.884675+00:00,-122,102,-1.5,1.5,-110,-110,45.5,-110,-110
2026_09_03_164525_884675,2026-09-03T16:45:25.884675+00:00,401873093,2026-11-30T01:20Z,Los Angeles Chargers,New England Patriots,Draft Kings,totals,over,45.5,-110,1.9,2026-09-03T16:45:25.884675+00:00,-122,102,-1.5,1.5,-110,-110,45.5,-110,-110
2026_09_03_164525_884675,2026-09-03T16:45:25.884675+00:00,401873093,2026-11-30T01:20Z,Los Angeles Chargers,New England Patriots,Draft Kings,totals,under,45.5,-110,1.9,2026-09-03T16:45:25.884675+00:00,-122,102,-1.5,1.5,-110,-110,45.5,-110,-110
2026_09_03_164525_884675,2026-09-03T16:45:25.884675+00:00,401873094,2026-12-01T01:15Z,Tampa Bay Buccaneers,Carolina Panthers,Draft Kings,h2h,home,,-192,1.52,2026-09-03T16:45:25.884675+00:00,-192,160,-3.5,3.5,-110,-110,44.5,-110,-110
2026_09_03_164525_884675,2026-09-03T16:45:25.884675+00:00,401873094,2026-12-01T01:15Z,Tampa Bay Buccaneers,Carolina Panthers,Draft Kings,h2h,away,,160,2.6,2026-09-03T16:45:25.884675+00:00,-192,160,-3.5,3.5,-110,-110,44.5,-110,-110
2026_09_03_164525_884675,2026-09-03T16:45:25.884675+00:00,401873094,2026-12-01T01:15Z,Tampa Bay Buccaneers,Carolina Panthers,Draft Kings,spreads,home,-3.5,-110,1.9,2026-09-03T16:45:25.884675+00:00,-192,160,-3.5,3.5,-110,-110,44.5,-110,-110
2026_09_03_164525_884675,2026-09-03T16:45:25.884675+00:00,401873094,2026-12-01T01:15Z,Tampa Bay Buccaneers,Carolina Panthers,Draft Kings,spreads,away,3.5,-110,1.9,2026-09-03T16:45:25.884675+00:00,-192,160,-3.5,3.5,-110,-110,44.5,-110,-110
2026_09_03_164525_884675,2026-09-03T16:45:25.884675+00:00,401873094,2026-12-01T01:15Z,Tampa Bay Buccaneers,Carolina Panthers,Draft Kings,totals,over,44.5,-110,1.9,2026-09-03T16:45:25.884675+00:00,-192,160,-3.5,3.5,-110,-110,44.5,-110,-110
2026_09_03_164525_884675,2026-09-03T16:45:25.884675+00:00,401873094,2026-12-01T01:15Z,Tampa Bay Buccaneers,Carolina Panthers,Draft Kings,totals,under,44.5,-110,1.9,2026-09-03T16:45:25.884675+00:00,-192,160,-3.5,3.5,-110,-110,44.5,-110,-110
2026_09_03_164525_884675,2026-09-03T16:45:25.884675+00:00,401873096,2026-12-04T01:15Z,Los Angeles Rams,Kansas City Chiefs,Draft Kings,h2h,home,,-205,1.48,2026-09-03T16:45:25.884675+00:00,-205,170,-4.5,4.5,-102,-118,47.5,-110,-110
2026_09_03_164525_884675,2026-09-03T16:45:25.884675+00:00,401873096,2026-12-04T01:15Z,Los Angeles Rams,Kansas City Chiefs,Draft Kings,h2h,away,,170,2.7,2026-09-03T16:45:25.884675+00:00,-205,170,-4.5,4.5,-102,-118,47.5,-110,-110
2026_09_03_164525_884675,2026-09-03T16:45:25.884675+00:00,401873096,2026-12-04T01:15Z,Los Angeles Rams,Kansas City Chiefs,Draft Kings,spreads,home,-4.5,-102,1.98,2026-09-03T16:45:25.884675+00:00,-205,170,-4.5,4.5,-102,-118,47.5,-110,-110
2026_09_03_164525_884675,2026-09-03T16:45:25.884675+00:00,401873096,2026-12-04T01:15Z,Los Angeles Rams,Kansas City Chiefs,Draft Kings,spreads,away,4.5,-118,1.84,2026-09-03T16:45:25.884675+00:00,-205,170,-4.5,4.5,-102,-118,47.5,-110,-110
2026_09_03_164525_884675,2026-09-03T16:45:25.884675+00:00,401873096,2026-12-04T01:15Z,Los Angeles Rams,Kansas City Chiefs,Draft Kings,totals,over,47.5,-110,1.9,2026-09-03T16:45:25.884675+00:00,-205,170,-4.5,4.5,-102,-118,47.5,-110,-110
2026_09_03_164525_884675,2026-09-03T16:45:25.884675+00:00,401873096,2026-12-04T01:15Z,Los Angeles Rams,Kansas City Chiefs,Draft Kings,totals,under,47.5,-110,1.9,2026-09-03T16:45:25.884675+00:00,-205,170,-4.5,4.5,-102,-118,47.5,-110,-110
2026_09_03_164525_884675,2026-09-03T16:45:25.884675+00:00,401873095,2026-12-06T18:00Z,New York Giants,San Francisco 49ers,Draft Kings,h2h,home,,140,2.4,2026-09-03T16:45:25.884675+00:00,140,-166,3,-3,-110,-110,47.5,-110,-110
2026_09_03_164525_884675,2026-09-03T16:45:25.884675+00:00,401873095,2026-12-06T18:00Z,New York Giants,San Francisco 49ers,Draft Kings,h2h,away,,-166,1.6,2026-09-03T16:45:25.884675+00:00,140,-166,3,-3,-110,-110,47.5,-110,-110
2026_09_03_164525_884675,2026-09-03T16:45:25.884675+00:00,401873095,2026-12-06T18:00Z,New York Giants,San Francisco 49ers,Draft Kings,spreads,home,3,-110,1.9,2026-09-03T16:45:25.884675+00:00,140,-166,3,-3,-110,-110,47.5,-110,-110
2026_09_03_164525_884675,2026-09-03T16:45:25.884675+00:00,401873095,2026-12-06T18:00Z,New York Giants,San Francisco 49ers,Draft Kings,spreads,away,-3,-110,1.9,2026-09-03T16:45:25.884675+00:00,140,-166,3,-3,-110,-110,47.5,-110,-110
2026_09_03_164525_884675,2026-09-03T16:45:25.884675+00:00,401873095,2026-12-06T18:00Z,New York Giants,San Francisco 49ers,Draft Kings,totals,over,47.5,-110,1.9,2026-09-03T16:45:25.884675+00:00,140,-166,3,-3,-110,-110,47.5,-110,-110
2026_09_03_164525_884675,2026-09-03T16:45:25.884675+00:00,401873095,2026-12-06T18:00Z,New York Giants,San Francisco 49ers,Draft Kings,totals,under,47.5,-110,1.9,2026-09-03T16:45:25.884675+00:00,140,-166,3,-3,-110,-110,47.5,-110,-110
2026_09_03_164525_884675,2026-09-03T16:45:25.884675+00:00,401873097,2026-12-06T18:00Z,Cleveland Browns,Cincinnati Bengals,Draft Kings,h2h,home,,185,2.85,2026-09-03T16:45:25.884675+00:00,185,-225,4.5,-4.5,-110,-110,45.5,-110,-110
2026_09_03_164525_884675,2026-09-03T16:45:25.884675+00:00,401873097,2026-12-06T18:00Z,Cleveland Browns,Cincinnati Bengals,Draft Kings,h2h,away,,-225,1.44,2026-09-03T16:45:25.884675+00:00,185,-225,4.5,-4.5,-110,-110,45.5,-110,-110
2026_09_03_164525_884675,2026-09-03T16:45:25.884675+00:00,401873097,2026-12-06T18:00Z,Cleveland Browns,Cincinnati Bengals,Draft Kings,spreads,home,4.5,-110,1.9,2026-09-03T16:45:25.884675+00:00,185,-225,4.5,-4.5,-110,-110,45.5,-110,-110
2026_09_03_164525_884675,2026-09-03T16:45:25.884675+00:00,401873097,2026-12-06T18:00Z,Cleveland Browns,Cincinnati Bengals,Draft Kings,spreads,away,-4.5,-110,1.9,2026-09-03T16:45:25.884675+00:00,185,-225,4.5,-4.5,-110,-110,45.5,-110,-110
2026_09_03_164525_884675,2026-09-03T16:45:25.884675+00:00,401873097,2026-12-06T18:00Z,Cleveland Browns,Cincinnati Bengals,Draft Kings,totals,over,45.5,-110,1.9,2026-09-03T16:45:25.884675+00:00,185,-225,4.5,-4.5,-110,-110,45.5,-110,-110
2026_09_03_164525_884675,2026-09-03T16:45:25.884675+00:00,401873097,2026-12-06T18:00Z,Cleveland Browns,Cincinnati Bengals,Draft Kings,totals,under,45.5,-110,1.9,2026-09-03T16:45:25.884675+00:00,185,-225,4.5,-4.5,-110,-110,45.5,-110,-110
2026_09_03_164525_884675,2026-09-03T16:45:25.884675+00:00,401873098,2026-12-06T18:00Z,Atlanta Falcons,Detroit Lions,Draft Kings,h2h,home,,154,2.54,2026-09-03T16:45:25.884675+00:00,154,-185,3.5,-3.5,-110,-110,48.5,-110,-110
2026_09_03_164525_884675,2026-09-03T16:45:25.884675+00:00,401873098,2026-12-06T18:00Z,Atlanta Falcons,Detroit Lions,Draft Kings,h2h,away,,-185,1.54,2026-09-03T16:45:25.884675+00:00,154,-185,3.5,-3.5,-110,-110,48.5,-110,-110
2026_09_03_164525_884675,2026-09-03T16:45:25.884675+00:00,401873098,2026-12-06T18:00Z,Atlanta Falcons,Detroit Lions,Draft Kings,spreads,home,3.5,-110,1.9,2026-09-03T16:45:25.884675+00:00,154,-185,3.5,-3.5,-110,-110,48.5,-110,-110
2026_09_03_164525_884675,2026-09-03T16:45:25.884675+00:00,401873098,2026-12-06T18:00Z,Atlanta Falcons,Detroit Lions,Draft Kings,spreads,away,-3.5,-110,1.9,2026-09-03T16:45:25.884675+00:00,154,-185,3.5,-3.5,-110,-110,48.5,-110,-110
2026_09_03_164525_884675,2026-09-03T16:45:25.884675+00:00,401873098,2026-12-06T18:00Z,Atlanta Falcons,Detroit Lions,Draft Kings,totals,over,48.5,-110,1.9,2026-09-03T16:45:25.884675+00:00,154,-185,3.5,-3.5,-110,-110,48.5,-110,-110
2026_09_03_164525_884675,2026-09-03T16:45:25.884675+00:00,401873098,2026-12-06T18:00Z,Atlanta Falcons,Detroit Lions,Draft Kings,totals,under,48.5,-110,1.9,2026-09-03T16:45:25.884675+00:00,154,-185,3.5,-3.5,-110,-110,48.5,-110,-110
2026_09_03_164525_884675,2026-09-03T16:45:25.884675+00:00,401873099,2026-12-06T18:00Z,New Orleans Saints,Green Bay Packers,Draft Kings,h2h,home,,185,2.85,2026-09-03T16:45:25.884675+00:00,185,-225,4.5,-4.5,-110,-110,45.5,-110,-110
2026_09_03_164525_884675,2026-09-03T16:45:25.884675+00:00,401873099,2026-12-06T18:00Z,New Orleans Saints,Green Bay Packers,Draft Kings,h2h,away,,-225,1.44,2026-09-03T16:45:25.884675+00:00,185,-225,4.5,-4.5,-110,-110,45.5,-110,-110
2026_09_03_164525_884675,2026-09-03T16:45:25.884675+00:00,401873099,2026-12-06T18:00Z,New Orleans Saints,Green Bay Packers,Draft Kings,spreads,home,4.5,-110,1.9,2026-09-03T16:45:25.884675+00:00,185,-225,4.5,-4.5,-110,-110,45.5,-110,-110
2026_09_03_164525_884675,2026-09-03T16:45:25.884675+00:00,401873099,2026-12-06T18:00Z,New Orleans Saints,Green Bay Packers,Draft Kings,spreads,away,-4.5,-110,1.9,2026-09-03T16:45:25.884675+00:00,185,-225,4.5,-4.5,-110,-110,45.5,-110,-110
2026_09_03_164525_884675,2026-09-03T16:45:25.884675+00:00,401873099,2026-12-06T18:00Z,New Orleans Saints,Green Bay Packers,Draft Kings,totals,over,45.5,-110,1.9,2026-09-03T16:45:25.884675+00:00,185,-225,4.5,-4.5,-110,-110,45.5,-110,-110
2026_09_03_164525_884675,2026-09-03T16:45:25.884675+00:00,401873099,2026-12-06T18:00Z,New Orleans Saints,Green Bay Packers,Draft Kings,totals,under,45.5,-110,1.9,2026-09-03T16:45:25.884675+00:00,185,-225,4.5,-4.5,-110,-110,45.5,-110,-110
2026_09_03_164525_884675,2026-09-03T16:45:25.884675+00:00,401873100,2026-12-06T18:00Z,Chicago Bears,Jacksonville Jaguars,Draft Kings,h2h,home,,-155,1.64,2026-09-03T16:45:25.884675+00:00,-155,130,-3,3,-105,-115,47.5,-110,-110
2026_09_03_164525_884675,2026-09-03T16:45:25.884675+00:00,401873100,2026-12-06T18:00Z,Chicago Bears,Jacksonville Jaguars,Draft Kings,h2h,away,,130,2.3,2026-09-03T16:45:25.884675+00:00,-155,130,-3,3,-105,-115,47.5,-110,-110
2026_09_03_164525_884675,2026-09-03T16:45:25.884675+00:00,401873100,2026-12-06T18:00Z,Chicago Bears,Jacksonville Jaguars,Draft Kings,spreads,home,-3,-105,1.95,2026-09-03T16:45:25.884675+00:00,-155,130,-3,3,-105,-115,47.5,-110,-110
2026_09_03_164525_884675,2026-09-03T16:45:25.884675+00:00,401873100,2026-12-06T18:00Z,Chicago Bears,Jacksonville Jaguars,Draft Kings,spreads,away,3,-115,1.86,2026-09-03T16:45:25.884675+00:00,-155,130,-3,3,-105,-115,47.5,-110,-110
2026_09_03_164525_884675,2026-09-03T16:45:25.884675+00:00,401873100,2026-12-06T18:00Z,Chicago Bears,Jacksonville Jaguars,Draft Kings,totals,over,47.5,-110,1.9,2026-09-03T16:45:25.884675+00:00,-155,130,-3,3,-105,-115,47.5,-110,-110
2026_09_03_164525_884675,2026-09-03T16:45:25.884675+00:00,401873100,2026-12-06T18:00Z,Chicago Bears,Jacksonville Jaguars,Draft Kings,totals,under,47.5,-110,1.9,2026-09-03T16:45:25.884675+00:00,-155,130,-3,3,-105,-115,47.5,-110,-110
2026_09_03_164525_884675,2026-09-03T16:45:25.884675+00:00,401873101,2026-12-06T18:00Z,Tampa Bay Buccaneers,Los Angeles Chargers,Draft Kings,h2h,home,,114,2.14,2026-09-03T16:45:25.884675+00:00,114,-135,2.5,-2.5,-110,-110,46.5,-110,-110
2026_09_03_164525_884675,2026-09-03T16:45:25.884675+00:00,401873101,2026-12-06T18:00Z,Tampa Bay Buccaneers,Los Angeles Chargers,Draft Kings,h2h,away,,-135,1.74,2026-09-03T16:45:25.884675+00:00,114,-135,2.5,-2.5,-110,-110,46.5,-110,-110
2026_09_03_164525_884675,2026-09-03T16:45:25.884675+00:00,401873101,2026-12-06T18:00Z,Tampa Bay Buccaneers,Los Angeles Chargers,Draft Kings,spreads,home,2.5,-110,1.9,2026-09-03T16:45:25.884675+00:00,114,-135,2.5,-2.5,-110,-110,46.5,-110,-110
2026_09_03_164525_884675,2026-09-03T16:45:25.884675+00:00,401873101,2026-12-06T18:00Z,Tampa Bay Buccaneers,Los Angeles Chargers,Draft Kings,spreads,away,-2.5,-110,1.9,2026-09-03T16:45:25.884675+00:00,114,-135,2.5,-2.5,-110,-110,46.5,-110,-110
2026_09_03_164525_884675,2026-09-03T16:45:25.884675+00:00,401873101,2026-12-06T18:00Z,Tampa Bay Buccaneers,Los Angeles Chargers,Draft Kings,totals,over,46.5,-110,1.9,2026-09-03T16:45:25.884675+00:00,114,-135,2.5,-2.5,-110,-110,46.5,-110,-110
2026_09_03_164525_884675,2026-09-03T16:45:25.884675+00:00,401873101,2026-12-06T18:00Z,Tampa Bay Buccaneers,Los Angeles Chargers,Draft Kings,totals,under,46.5,-110,1.9,2026-09-03T16:45:25.884675+00:00,114,-135,2.5,-2.5,-110,-110,46.5,-110,-110
2026_09_03_164525_884675,2026-09-03T16:45:25.884675+00:00,401873102,2026-12-06T18:00Z,Tennessee Titans,Washington Commanders,Draft Kings,h2h,home,,105,2.05,2026-09-03T16:45:25.884675+00:00,105,-125,1.5,-1.5,-110,-110,46.5,-110,-110
2026_09_03_164525_884675,2026-09-03T16:45:25.884675+00:00,401873102,2026-12-06T18:00Z,Tennessee Titans,Washington Commanders,Draft Kings,h2h,away,,-125,1.8,2026-09-03T16:45:25.884675+00:00,105,-125,1.5,-1.5,-110,-110,46.5,-110,-110
2026_09_03_164525_884675,2026-09-03T16:45:25.884675+00:00,401873102,2026-12-06T18:00Z,Tennessee Titans,Washington Commanders,Draft Kings,spreads,home,1.5,-110,1.9,2026-09-03T16:45:25.884675+00:00,105,-125,1.5,-1.5,-110,-110,46.5,-110,-110
2026_09_03_164525_884675,2026-09-03T16:45:25.884675+00:00,401873102,2026-12-06T18:00Z,Tennessee Titans,Washington Commanders,Draft Kings,spreads,away,-1.5,-110,1.9,2026-09-03T16:45:25.884675+00:00,105,-125,1.5,-1.5,-110,-110,46.5,-110,-110
2026_09_03_164525_884675,2026-09-03T16:45:25.884675+00:00,401873102,2026-12-06T18:00Z,Tennessee Titans,Washington Commanders,Draft Kings,totals,over,46.5,-110,1.9,2026-09-03T16:45:25.884675+00:00,105,-125,1.5,-1.5,-110,-110,46.5,-110,-110
2026_09_03_164525_884675,2026-09-03T16:45:25.884675+00:00,401873102,2026-12-06T18:00Z,Tennessee Titans,Washington Commanders,Draft Kings,totals,under,46.5,-110,1.9,2026-09-03T16:45:25.884675+00:00,105,-125,1.5,-1.5,-110,-110,46.5,-110,-110
2026_09_03_164525_884675,2026-09-03T16:45:25.884675+00:00,401873103,2026-12-06T21:05Z,Denver Broncos,Miami Dolphins,Draft Kings,h2h,home,,-470,1.21,2026-09-03T16:45:25.884675+00:00,-470,360,-9.5,9.5,-110,-110,42.5,-110,-110
2026_09_03_164525_884675,2026-09-03T16:45:25.884675+00:00,401873103,2026-12-06T21:05Z,Denver Broncos,Miami Dolphins,Draft Kings,h2h,away,,360,4.6,2026-09-03T16:45:25.884675+00:00,-470,360,-9.5,9.5,-110,-110,42.5,-110,-110
2026_09_03_164525_884675,2026-09-03T16:45:25.884675+00:00,401873103,2026-12-06T21:05Z,Denver Broncos,Miami Dolphins,Draft Kings,spreads,home,-9.5,-110,1.9,2026-09-03T16:45:25.884675+00:00,-470,360,-9.5,9.5,-110,-110,42.5,-110,-110
2026_09_03_164525_884675,2026-09-03T16:45:25.884675+00:00,401873103,2026-12-06T21:05Z,Denver Broncos,Miami Dolphins,Draft Kings,spreads,away,9.5,-110,1.9,2026-09-03T16:45:25.884675+00:00,-470,360,-9.5,9.5,-110,-110,42.5,-110,-110
2026_09_03_164525_884675,2026-09-03T16:45:25.884675+00:00,401873103,2026-12-06T21:05Z,Denver Broncos,Miami Dolphins,Draft Kings,totals,over,42.5,-110,1.9,2026-09-03T16:45:25.884675+00:00,-470,360,-9.5,9.5,-110,-110,42.5,-110,-110
2026_09_03_164525_884675,2026-09-03T16:45:25.884675+00:00,401873103,2026-12-06T21:05Z,Denver Broncos,Miami Dolphins,Draft Kings,totals,under,42.5,-110,1.9,2026-09-03T16:45:25.884675+00:00,-470,360,-9.5,9.5,-110,-110,42.5,-110,-110
2026_09_03_164525_884675,2026-09-03T16:45:25.884675+00:00,401873104,2026-12-06T21:05Z,Arizona Cardinals,Philadelphia Eagles,Draft Kings,h2h,home,,310,4.1,2026-09-03T16:45:25.884675+00:00,310,-395,8.5,-8.5,-110,-110,43.5,-110,-110
2026_09_03_164525_884675,2026-09-03T16:45:25.884675+00:00,401873104,2026-12-06T21:05Z,Arizona Cardinals,Philadelphia Eagles,Draft Kings,h2h,away,,-395,1.25,2026-09-03T16:45:25.884675+00:00,310,-395,8.5,-8.5,-110,-110,43.5,-110,-110
2026_09_03_164525_884675,2026-09-03T16:45:25.884675+00:00,401873104,2026-12-06T21:05Z,Arizona Cardinals,Philadelphia Eagles,Draft Kings,spreads,home,8.5,-110,1.9,2026-09-03T16:45:25.884675+00:00,310,-395,8.5,-8.5,-110,-110,43.5,-110,-110
2026_09_03_164525_884675,2026-09-03T16:45:25.884675+00:00,401873104,2026-12-06T21:05Z,Arizona Cardinals,Philadelphia Eagles,Draft Kings,spreads,away,-8.5,-110,1.9,2026-09-03T16:45:25.884675+00:00,310,-395,8.5,-8.5,-110,-110,43.5,-110,-110
2026_09_03_164525_884675,2026-09-03T16:45:25.884675+00:00,401873104,2026-12-06T21:05Z,Arizona Cardinals,Philadelphia Eagles,Draft Kings,totals,over,43.5,-110,1.9,2026-09-03T16:45:25.884675+00:00,310,-395,8.5,-8.5,-110,-110,43.5,-110,-110
2026_09_03_164525_884675,2026-09-03T16:45:25.884675+00:00,401873104,2026-12-06T21:05Z,Arizona Cardinals,Philadelphia Eagles,Draft Kings,totals,under,43.5,-110,1.9,2026-09-03T16:45:25.884675+00:00,310,-395,8.5,-8.5,-110,-110,43.5,-110,-110
2026_09_03_164525_884675,2026-09-03T16:45:25.884675+00:00,401873105,2026-12-06T21:25Z,New England Patriots,Buffalo Bills,Draft Kings,h2h,home,,-122,1.81,2026-09-03T16:45:25.884675+00:00,-122,102,-1.5,1.5,-108,-112,48.5,-110,-110
2026_09_03_164525_884675,2026-09-03T16:45:25.884675+00:00,401873105,2026-12-06T21:25Z,New England Patriots,Buffalo Bills,Draft Kings,h2h,away,,102,2.02,2026-09-03T16:45:25.884675+00:00,-122,102,-1.5,1.5,-108,-112,48.5,-110,-110
2026_09_03_164525_884675,2026-09-03T16:45:25.884675+00:00,401873105,2026-12-06T21:25Z,New England Patriots,Buffalo Bills,Draft Kings,spreads,home,-1.5,-108,1.92,2026-09-03T16:45:25.884675+00:00,-122,102,-1.5,1.5,-108,-112,48.5,-110,-110
2026_09_03_164525_884675,2026-09-03T16:45:25.884675+00:00,401873105,2026-12-06T21:25Z,New England Patriots,Buffalo Bills,Draft Kings,spreads,away,1.5,-112,1.89,2026-09-03T16:45:25.884675+00:00,-122,102,-1.5,1.5,-108,-112,48.5,-110,-110
2026_09_03_164525_884675,2026-09-03T16:45:25.884675+00:00,401873105,2026-12-06T21:25Z,New England Patriots,Buffalo Bills,Draft Kings,totals,over,48.5,-110,1.9,2026-09-03T16:45:25.884675+00:00,-122,102,-1.5,1.5,-108,-112,48.5,-110,-110
2026_09_03_164525_884675,2026-09-03T16:45:25.884675+00:00,401873105,2026-12-06T21:25Z,New England Patriots,Buffalo Bills,Draft Kings,totals,under,48.5,-110,1.9,2026-09-03T16:45:25.884675+00:00,-122,102,-1.5,1.5,-108,-112,48.5,-110,-110
2026_09_03_164525_884675,2026-09-03T16:45:25.884675+00:00,401873106,2026-12-06T21:25Z,Minnesota Vikings,Carolina Panthers,Draft Kings,h2h,home,,-192,1.52,2026-09-03T16:45:25.884675+00:00,-192,160,-3.5,3.5,-110,-110,42.5,-110,-110
2026_09_03_164525_884675,2026-09-03T16:45:25.884675+00:00,401873106,2026-12-06T21:25Z,Minnesota Vikings,Carolina Panthers,Draft Kings,h2h,away,,160,2.6,2026-09-03T16:45:25.884675+00:00,-192,160,-3.5,3.5,-110,-110,42.5,-110,-110
2026_09_03_164525_884675,2026-09-03T16:45:25.884675+00:00,401873106,2026-12-06T21:25Z,Minnesota Vikings,Carolina Panthers,Draft Kings,spreads,home,-3.5,-110,1.9,2026-09-03T16:45:25.884675+00:00,-192,160,-3.5,3.5,-110,-110,42.5,-110,-110
2026_09_03_164525_884675,2026-09-03T16:45:25.884675+00:00,401873106,2026-12-06T21:25Z,Minnesota Vikings,Carolina Panthers,Draft Kings,spreads,away,3.5,-110,1.9,2026-09-03T16:45:25.884675+00:00,-192,160,-3.5,3.5,-110,-110,42.5,-110,-110
2026_09_03_164525_884675,2026-09-03T16:45:25.884675+00:00,401873106,2026-12-06T21:25Z,Minnesota Vikings,Carolina Panthers,Draft Kings,totals,over,42.5,-110,1.9,2026-09-03T16:45:25.884675+00:00,-192,160,-3.5,3.5,-110,-110,42.5,-110,-110
2026_09_03_164525_884675,2026-09-03T16:45:25.884675+00:00,401873106,2026-12-06T21:25Z,Minnesota Vikings,Carolina Panthers,Draft Kings,totals,under,42.5,-110,1.9,2026-09-03T16:45:25.884675+00:00,-192,160,-3.5,3.5,-110,-110,42.5,-110,-110
2026_09_03_164525_884675,2026-09-03T16:45:25.884675+00:00,401873107,2026-12-07T01:20Z,Pittsburgh Steelers,Houston Texans,Draft Kings,h2h,home,,102,2.02,2026-09-03T16:45:25.884675+00:00,102,-122,1.5,-1.5,-110,-110,41.5,-110,-110
2026_09_03_164525_884675,2026-09-03T16:45:25.884675+00:00,401873107,2026-12-07T01:20Z,Pittsburgh Steelers,Houston Texans,Draft Kings,h2h,away,,-122,1.81,2026-09-03T16:45:25.884675+00:00,102,-122,1.5,-1.5,-110,-110,41.5,-110,-110
2026_09_03_164525_884675,2026-09-03T16:45:25.884675+00:00,401873107,2026-12-07T01:20Z,Pittsburgh Steelers,Houston Texans,Draft Kings,spreads,home,1.5,-110,1.9,2026-09-03T16:45:25.884675+00:00,102,-122,1.5,-1.5,-110,-110,41.5,-110,-110
2026_09_03_164525_884675,2026-09-03T16:45:25.884675+00:00,401873107,2026-12-07T01:20Z,Pittsburgh Steelers,Houston Texans,Draft Kings,spreads,away,-1.5,-110,1.9,2026-09-03T16:45:25.884675+00:00,102,-122,1.5,-1.5,-110,-110,41.5,-110,-110
2026_09_03_164525_884675,2026-09-03T16:45:25.884675+00:00,401873107,2026-12-07T01:20Z,Pittsburgh Steelers,Houston Texans,Draft Kings,totals,over,41.5,-110,1.9,2026-09-03T16:45:25.884675+00:00,102,-122,1.5,-1.5,-110,-110,41.5,-110,-110
2026_09_03_164525_884675,2026-09-03T16:45:25.884675+00:00,401873107,2026-12-07T01:20Z,Pittsburgh Steelers,Houston Texans,Draft Kings,totals,under,41.5,-110,1.9,2026-09-03T16:45:25.884675+00:00,102,-122,1.5,-1.5,-110,-110,41.5,-110,-110
2026_09_03_164525_884675,2026-09-03T16:45:25.884675+00:00,401873108,2026-12-08T01:15Z,Seattle Seahawks,Dallas Cowboys,Draft Kings,h2h,home,,-225,1.44,2026-09-03T16:45:25.884675+00:00,-225,185,-4.5,4.5,-110,-110,48.5,-110,-110
2026_09_03_164525_884675,2026-09-03T16:45:25.884675+00:00,401873108,2026-12-08T01:15Z,Seattle Seahawks,Dallas Cowboys,Draft Kings,h2h,away,,185,2.85,2026-09-03T16:45:25.884675+00:00,-225,185,-4.5,4.5,-110,-110,48.5,-110,-110
2026_09_03_164525_884675,2026-09-03T16:45:25.884675+00:00,401873108,2026-12-08T01:15Z,Seattle Seahawks,Dallas Cowboys,Draft Kings,spreads,home,-4.5,-110,1.9,2026-09-03T16:45:25.884675+00:00,-225,185,-4.5,4.5,-110,-110,48.5,-110,-110
2026_09_03_164525_884675,2026-09-03T16:45:25.884675+00:00,401873108,2026-12-08T01:15Z,Seattle Seahawks,Dallas Cowboys,Draft Kings,spreads,away,4.5,-110,1.9,2026-09-03T16:45:25.884675+00:00,-225,185,-4.5,4.5,-110,-110,48.5,-110,-110
2026_09_03_164525_884675,2026-09-03T16:45:25.884675+00:00,401873108,2026-12-08T01:15Z,Seattle Seahawks,Dallas Cowboys,Draft Kings,totals,over,48.5,-110,1.9,2026-09-03T16:45:25.884675+00:00,-225,185,-4.5,4.5,-110,-110,48.5,-110,-110
2026_09_03_164525_884675,2026-09-03T16:45:25.884675+00:00,401873108,2026-12-08T01:15Z,Seattle Seahawks,Dallas Cowboys,Draft Kings,totals,under,48.5,-110,1.9,2026-09-03T16:45:25.884675+00:00,-225,185,-4.5,4.5,-110,-110,48.5,-110,-110
2026_09_03_164525_884675,2026-09-03T16:45:25.884675+00:00,401873109,2026-12-11T01:15Z,New England Patriots,Minnesota Vikings,Draft Kings,h2h,home,,-218,1.45,2026-09-03T16:45:25.884675+00:00,-218,180,-4.5,4.5,-110,-110,43.5,-110,-110
2026_09_03_164525_884675,2026-09-03T16:45:25.884675+00:00,401873109,2026-12-11T01:15Z,New England Patriots,Minnesota Vikings,Draft Kings,h2h,away,,180,2.8,2026-09-03T16:45:25.884675+00:00,-218,180,-4.5,4.5,-110,-110,43.5,-110,-110
2026_09_03_164525_884675,2026-09-03T16:45:25.884675+00:00,401873109,2026-12-11T01:15Z,New England Patriots,Minnesota Vikings,Draft Kings,spreads,home,-4.5,-110,1.9,2026-09-03T16:45:25.884675+00:00,-218,180,-4.5,4.5,-110,-110,43.5,-110,-110
2026_09_03_164525_884675,2026-09-03T16:45:25.884675+00:00,401873109,2026-12-11T01:15Z,New England Patriots,Minnesota Vikings,Draft Kings,spreads,away,4.5,-110,1.9,2026-09-03T16:45:25.884675+00:00,-218,180,-4.5,4.5,-110,-110,43.5,-110,-110
2026_09_03_164525_884675,2026-09-03T16:45:25.884675+00:00,401873109,2026-12-11T01:15Z,New England Patriots,Minnesota Vikings,Draft Kings,totals,over,43.5,-110,1.9,2026-09-03T16:45:25.884675+00:00,-218,180,-4.5,4.5,-110,-110,43.5,-110,-110
2026_09_03_164525_884675,2026-09-03T16:45:25.884675+00:00,401873109,2026-12-11T01:15Z,New England Patriots,Minnesota Vikings,Draft Kings,totals,under,43.5,-110,1.9,2026-09-03T16:45:25.884675+00:00,-218,180,-4.5,4.5,-110,-110,43.5,-110,-110
2026_09_03_164525_884675,2026-09-03T16:45:25.884675+00:00,401873110,2026-12-13T18:00Z,Cleveland Browns,Atlanta Falcons,Draft Kings,h2h,home,,-125,1.8,2026-09-03T16:45:25.884675+00:00,-125,105,-1.5,1.5,-110,-110,40.5,-110,-110
2026_09_03_164525_884675,2026-09-03T16:45:25.884675+00:00,401873110,2026-12-13T18:00Z,Cleveland Browns,Atlanta Falcons,Draft Kings,h2h,away,,105,2.05,2026-09-03T16:45:25.884675+00:00,-125,105,-1.5,1.5,-110,-110,40.5,-110,-110
2026_09_03_164525_884675,2026-09-03T16:45:25.884675+00:00,401873110,2026-12-13T18:00Z,Cleveland Browns,Atlanta Falcons,Draft Kings,spreads,home,-1.5,-110,1.9,2026-09-03T16:45:25.884675+00:00,-125,105,-1.5,1.5,-110,-110,40.5,-110,-110
2026_09_03_164525_884675,2026-09-03T16:45:25.884675+00:00,401873110,2026-12-13T18:00Z,Cleveland Browns,Atlanta Falcons,Draft Kings,spreads,away,1.5,-110,1.9,2026-09-03T16:45:25.884675+00:00,-125,105,-1.5,1.5,-110,-110,40.5,-110,-110
2026_09_03_164525_884675,2026-09-03T16:45:25.884675+00:00,401873110,2026-12-13T18:00Z,Cleveland Browns,Atlanta Falcons,Draft Kings,totals,over,40.5,-110,1.9,2026-09-03T16:45:25.884675+00:00,-125,105,-1.5,1.5,-110,-110,40.5,-110,-110
2026_09_03_164525_884675,2026-09-03T16:45:25.884675+00:00,401873110,2026-12-13T18:00Z,Cleveland Browns,Atlanta Falcons,Draft Kings,totals,under,40.5,-110,1.9,2026-09-03T16:45:25.884675+00:00,-125,105,-1.5,1.5,-110,-110,40.5,-110,-110
2026_09_03_164525_884675,2026-09-03T16:45:25.884675+00:00,401873111,2026-12-13T18:00Z,Miami Dolphins,Chicago Bears,Draft Kings,h2h,home,,200,3,2026-09-03T16:45:25.884675+00:00,200,-245,5.5,-5.5,-110,-110,46.5,-110,-110
2026_09_03_164525_884675,2026-09-03T16:45:25.884675+00:00,401873111,2026-12-13T18:00Z,Miami Dolphins,Chicago Bears,Draft Kings,h2h,away,,-245,1.4,2026-09-03T16:45:25.884675+00:00,200,-245,5.5,-5.5,-110,-110,46.5,-110,-110
2026_09_03_164525_884675,2026-09-03T16:45:25.884675+00:00,401873111,2026-12-13T18:00Z,Miami Dolphins,Chicago Bears,Draft Kings,spreads,home,5.5,-110,1.9,2026-09-03T16:45:25.884675+00:00,200,-245,5.5,-5.5,-110,-110,46.5,-110,-110
2026_09_03_164525_884675,2026-09-03T16:45:25.884675+00:00,401873111,2026-12-13T18:00Z,Miami Dolphins,Chicago Bears,Draft Kings,spreads,away,-5.5,-110,1.9,2026-09-03T16:45:25.884675+00:00,200,-245,5.5,-5.5,-110,-110,46.5,-110,-110
2026_09_03_164525_884675,2026-09-03T16:45:25.884675+00:00,401873111,2026-12-13T18:00Z,Miami Dolphins,Chicago Bears,Draft Kings,totals,over,46.5,-110,1.9,2026-09-03T16:45:25.884675+00:00,200,-245,5.5,-5.5,-110,-110,46.5,-110,-110
2026_09_03_164525_884675,2026-09-03T16:45:25.884675+00:00,401873111,2026-12-13T18:00Z,Miami Dolphins,Chicago Bears,Draft Kings,totals,under,46.5,-110,1.9,2026-09-03T16:45:25.884675+00:00,200,-245,5.5,-5.5,-110,-110,46.5,-110,-110
2026_09_03_164525_884675,2026-09-03T16:45:25.884675+00:00,401873112,2026-12-13T18:00Z,New York Jets,Denver Broncos,Draft Kings,h2h,home,,190,2.9,2026-09-03T16:45:25.884675+00:00,190,-230,5.5,-5.5,-110,-110,39.5,-110,-110
2026_09_03_164525_884675,2026-09-03T16:45:25.884675+00:00,401873112,2026-12-13T18:00Z,New York Jets,Denver Broncos,Draft Kings,h2h,away,,-230,1.43,2026-09-03T16:45:25.884675+00:00,190,-230,5.5,-5.5,-110,-110,39.5,-110,-110
2026_09_03_164525_884675,2026-09-03T16:45:25.884675+00:00,401873112,2026-12-13T18:00Z,New York Jets,Denver Broncos,Draft Kings,spreads,home,5.5,-110,1.9,2026-09-03T16:45:25.884675+00:00,190,-230,5.5,-5.5,-110,-110,39.5,-110,-110
2026_09_03_164525_884675,2026-09-03T16:45:25.884675+00:00,401873112,2026-12-13T18:00Z,New York Jets,Denver Broncos,Draft Kings,spreads,away,-5.5,-110,1.9,2026-09-03T16:45:25.884675+00:00,190,-230,5.5,-5.5,-110,-110,39.5,-110,-110
2026_09_03_164525_884675,2026-09-03T16:45:25.884675+00:00,401873112,2026-12-13T18:00Z,New York Jets,Denver Broncos,Draft Kings,totals,over,39.5,-110,1.9,2026-09-03T16:45:25.884675+00:00,190,-230,5.5,-5.5,-110,-110,39.5,-110,-110
2026_09_03_164525_884675,2026-09-03T16:45:25.884675+00:00,401873112,2026-12-13T18:00Z,New York Jets,Denver Broncos,Draft Kings,totals,under,39.5,-110,1.9,2026-09-03T16:45:25.884675+00:00,190,-230,5.5,-5.5,-110,-110,39.5,-110,-110
2026_09_03_164525_884675,2026-09-03T16:45:25.884675+00:00,401873113,2026-12-13T18:00Z,Washington Commanders,Houston Texans,Draft Kings,h2h,home,,102,2.02,2026-09-03T16:45:25.884675+00:00,102,-122,1.5,-1.5,-110,-110,44.5,-110,-110
2026_09_03_164525_884675,2026-09-03T16:45:25.884675+00:00,401873113,2026-12-13T18:00Z,Washington Commanders,Houston Texans,Draft Kings,h2h,away,,-122,1.81,2026-09-03T16:45:25.884675+00:00,102,-122,1.5,-1.5,-110,-110,44.5,-110,-110
2026_09_03_164525_884675,2026-09-03T16:45:25.884675+00:00,401873113,2026-12-13T18:00Z,Washington Commanders,Houston Texans,Draft Kings,spreads,home,1.5,-110,1.9,2026-09-03T16:45:25.884675+00:00,102,-122,1.5,-1.5,-110,-110,44.5,-110,-110
2026_09_03_164525_884675,2026-09-03T16:45:25.884675+00:00,401873113,2026-12-13T18:00Z,Washington Commanders,Houston Texans,Draft Kings,spreads,away,-1.5,-110,1.9,2026-09-03T16:45:25.884675+00:00,102,-122,1.5,-1.5,-110,-110,44.5,-110,-110
2026_09_03_164525_884675,2026-09-03T16:45:25.884675+00:00,401873113,2026-12-13T18:00Z,Washington Commanders,Houston Texans,Draft Kings,totals,over,44.5,-110,1.9,2026-09-03T16:45:25.884675+00:00,102,-122,1.5,-1.5,-110,-110,44.5,-110,-110
2026_09_03_164525_884675,2026-09-03T16:45:25.884675+00:00,401873113,2026-12-13T18:00Z,Washington Commanders,Houston Texans,Draft Kings,totals,under,44.5,-110,1.9,2026-09-03T16:45:25.884675+00:00,102,-122,1.5,-1.5,-110,-110,44.5,-110,-110
2026_09_03_164525_884675,2026-09-03T16:45:25.884675+00:00,401873114,2026-12-13T18:00Z,Philadelphia Eagles,Indianapolis Colts,Draft Kings,h2h,home,,-245,1.4,2026-09-03T16:45:25.884675+00:00,-245,200,-5.5,5.5,-110,-110,46.5,-110,-110
2026_09_03_164525_884675,2026-09-03T16:45:25.884675+00:00,401873114,2026-12-13T18:00Z,Philadelphia Eagles,Indianapolis Colts,Draft Kings,h2h,away,,200,3,2026-09-03T16:45:25.884675+00:00,-245,200,-5.5,5.5,-110,-110,46.5,-110,-110
2026_09_03_164525_884675,2026-09-03T16:45:25.884675+00:00,401873114,2026-12-13T18:00Z,Philadelphia Eagles,Indianapolis Colts,Draft Kings,spreads,home,-5.5,-110,1.9,2026-09-03T16:45:25.884675+00:00,-245,200,-5.5,5.5,-110,-110,46.5,-110,-110
2026_09_03_164525_884675,2026-09-03T16:45:25.884675+00:00,401873114,2026-12-13T18:00Z,Philadelphia Eagles,Indianapolis Colts,Draft Kings,spreads,away,5.5,-110,1.9,2026-09-03T16:45:25.884675+00:00,-245,200,-5.5,5.5,-110,-110,46.5,-110,-110
2026_09_03_164525_884675,2026-09-03T16:45:25.884675+00:00,401873114,2026-12-13T18:00Z,Philadelphia Eagles,Indianapolis Colts,Draft Kings,totals,over,46.5,-110,1.9,2026-09-03T16:45:25.884675+00:00,-245,200,-5.5,5.5,-110,-110,46.5,-110,-110
2026_09_03_164525_884675,2026-09-03T16:45:25.884675+00:00,401873114,2026-12-13T18:00Z,Philadelphia Eagles,Indianapolis Colts,Draft Kings,totals,under,46.5,-110,1.9,2026-09-03T16:45:25.884675+00:00,-245,200,-5.5,5.5,-110,-110,46.5,-110,-110
2026_09_03_164525_884675,2026-09-03T16:45:25.884675+00:00,401873115,2026-12-13T18:00Z,Carolina Panthers,New Orleans Saints,Draft Kings,h2h,home,,-135,1.74,2026-09-03T16:45:25.884675+00:00,-135,114,-2.5,2.5,-110,-110,43.5,-110,-110
2026_09_03_164525_884675,2026-09-03T16:45:25.884675+00:00,401873115,2026-12-13T18:00Z,Carolina Panthers,New Orleans Saints,Draft Kings,h2h,away,,114,2.14,2026-09-03T16:45:25.884675+00:00,-135,114,-2.5,2.5,-110,-110,43.5,-110,-110
2026_09_03_164525_884675,2026-09-03T16:45:25.884675+00:00,401873115,2026-12-13T18:00Z,Carolina Panthers,New Orleans Saints,Draft Kings,spreads,home,-2.5,-110,1.9,2026-09-03T16:45:25.884675+00:00,-135,114,-2.5,2.5,-110,-110,43.5,-110,-110
2026_09_03_164525_884675,2026-09-03T16:45:25.884675+00:00,401873115,2026-12-13T18:00Z,Carolina Panthers,New Orleans Saints,Draft Kings,spreads,away,2.5,-110,1.9,2026-09-03T16:45:25.884675+00:00,-135,114,-2.5,2.5,-110,-110,43.5,-110,-110
2026_09_03_164525_884675,2026-09-03T16:45:25.884675+00:00,401873115,2026-12-13T18:00Z,Carolina Panthers,New Orleans Saints,Draft Kings,totals,over,43.5,-110,1.9,2026-09-03T16:45:25.884675+00:00,-135,114,-2.5,2.5,-110,-110,43.5,-110,-110
2026_09_03_164525_884675,2026-09-03T16:45:25.884675+00:00,401873115,2026-12-13T18:00Z,Carolina Panthers,New Orleans Saints,Draft Kings,totals,under,43.5,-110,1.9,2026-09-03T16:45:25.884675+00:00,-135,114,-2.5,2.5,-110,-110,43.5,-110,-110
2026_09_03_164525_884675,2026-09-03T16:45:25.884675+00:00,401873116,2026-12-13T18:00Z,Baltimore Ravens,Tampa Bay Buccaneers,Draft Kings,h2h,home,,-258,1.38,2026-09-03T16:45:25.884675+00:00,-258,210,-6,6,-110,-110,48.5,-110,-110
2026_09_03_164525_884675,2026-09-03T16:45:25.884675+00:00,401873116,2026-12-13T18:00Z,Baltimore Ravens,Tampa Bay Buccaneers,Draft Kings,h2h,away,,210,3.1,2026-09-03T16:45:25.884675+00:00,-258,210,-6,6,-110,-110,48.5,-110,-110
2026_09_03_164525_884675,2026-09-03T16:45:25.884675+00:00,401873116,2026-12-13T18:00Z,Baltimore Ravens,Tampa Bay Buccaneers,Draft Kings,spreads,home,-6,-110,1.9,2026-09-03T16:45:25.884675+00:00,-258,210,-6,6,-110,-110,48.5,-110,-110
2026_09_03_164525_884675,2026-09-03T16:45:25.884675+00:00,401873116,2026-12-13T18:00Z,Baltimore Ravens,Tampa Bay Buccaneers,Draft Kings,spreads,away,6,-110,1.9,2026-09-03T16:45:25.884675+00:00,-258,210,-6,6,-110,-110,48.5,-110,-110
2026_09_03_164525_884675,2026-09-03T16:45:25.884675+00:00,401873116,2026-12-13T18:00Z,Baltimore Ravens,Tampa Bay Buccaneers,Draft Kings,totals,over,48.5,-110,1.9,2026-09-03T16:45:25.884675+00:00,-258,210,-6,6,-110,-110,48.5,-110,-110
2026_09_03_164525_884675,2026-09-03T16:45:25.884675+00:00,401873116,2026-12-13T18:00Z,Baltimore Ravens,Tampa Bay Buccaneers,Draft Kings,totals,under,48.5,-110,1.9,2026-09-03T16:45:25.884675+00:00,-258,210,-6,6,-110,-110,48.5,-110,-110
2026_09_03_164525_884675,2026-09-03T16:45:25.884675+00:00,401873117,2026-12-13T18:00Z,Detroit Lions,Tennessee Titans,Draft Kings,h2h,home,,-345,1.28,2026-09-03T16:45:25.884675+00:00,-345,275,-7.5,7.5,-110,-110,47.5,-110,-110
2026_09_03_164525_884675,2026-09-03T16:45:25.884675+00:00,401873117,2026-12-13T18:00Z,Detroit Lions,Tennessee Titans,Draft Kings,h2h,away,,275,3.75,2026-09-03T16:45:25.884675+00:00,-345,275,-7.5,7.5,-110,-110,47.5,-110,-110
2026_09_03_164525_884675,2026-09-03T16:45:25.884675+00:00,401873117,2026-12-13T18:00Z,Detroit Lions,Tennessee Titans,Draft Kings,spreads,home,-7.5,-110,1.9,2026-09-03T16:45:25.884675+00:00,-345,275,-7.5,7.5,-110,-110,47.5,-110,-110
2026_09_03_164525_884675,2026-09-03T16:45:25.884675+00:00,401873117,2026-12-13T18:00Z,Detroit Lions,Tennessee Titans,Draft Kings,spreads,away,7.5,-110,1.9,2026-09-03T16:45:25.884675+00:00,-345,275,-7.5,7.5,-110,-110,47.5,-110,-110
2026_09_03_164525_884675,2026-09-03T16:45:25.884675+00:00,401873117,2026-12-13T18:00Z,Detroit Lions,Tennessee Titans,Draft Kings,totals,over,47.5,-110,1.9,2026-09-03T16:45:25.884675+00:00,-345,275,-7.5,7.5,-110,-110,47.5,-110,-110
2026_09_03_164525_884675,2026-09-03T16:45:25.884675+00:00,401873117,2026-12-13T18:00Z,Detroit Lions,Tennessee Titans,Draft Kings,totals,under,47.5,-110,1.9,2026-09-03T16:45:25.884675+00:00,-345,275,-7.5,7.5,-110,-110,47.5,-110,-110
2026_09_03_164525_884675,2026-09-03T16:45:25.884675+00:00,401873118,2026-12-13T21:05Z,Las Vegas Raiders,Los Angeles Chargers,Draft Kings,h2h,home,,190,2.9,2026-09-03T16:45:25.884675+00:00,190,-230,5.5,-5.5,-110,-110,43.5,-110,-110
2026_09_03_164525_884675,2026-09-03T16:45:25.884675+00:00,401873118,2026-12-13T21:05Z,Las Vegas Raiders,Los Angeles Chargers,Draft Kings,h2h,away,,-230,1.43,2026-09-03T16:45:25.884675+00:00,190,-230,5.5,-5.5,-110,-110,43.5,-110,-110
2026_09_03_164525_884675,2026-09-03T16:45:25.884675+00:00,401873118,2026-12-13T21:05Z,Las Vegas Raiders,Los Angeles Chargers,Draft Kings,spreads,home,5.5,-110,1.9,2026-09-03T16:45:25.884675+00:00,190,-230,5.5,-5.5,-110,-110,43.5,-110,-110
2026_09_03_164525_884675,2026-09-03T16:45:25.884675+00:00,401873118,2026-12-13T21:05Z,Las Vegas Raiders,Los Angeles Chargers,Draft Kings,spreads,away,-5.5,-110,1.9,2026-09-03T16:45:25.884675+00:00,190,-230,5.5,-5.5,-110,-110,43.5,-110,-110
2026_09_03_164525_884675,2026-09-03T16:45:25.884675+00:00,401873118,2026-12-13T21:05Z,Las Vegas Raiders,Los Angeles Chargers,Draft Kings,totals,over,43.5,-110,1.9,2026-09-03T16:45:25.884675+00:00,190,-230,5.5,-5.5,-110,-110,43.5,-110,-110
2026_09_03_164525_884675,2026-09-03T16:45:25.884675+00:00,401873118,2026-12-13T21:05Z,Las Vegas Raiders,Los Angeles Chargers,Draft Kings,totals,under,43.5,-110,1.9,2026-09-03T16:45:25.884675+00:00,190,-230,5.5,-5.5,-110,-110,43.5,-110,-110
2026_09_03_164525_884675,2026-09-03T16:45:25.884675+00:00,401873119,2026-12-13T21:25Z,Cincinnati Bengals,Kansas City Chiefs,Draft Kings,h2h,home,,-125,1.8,2026-09-03T16:45:25.884675+00:00,-125,105,-1.5,1.5,-110,-110,48.5,-110,-110
2026_09_03_164525_884675,2026-09-03T16:45:25.884675+00:00,401873119,2026-12-13T21:25Z,Cincinnati Bengals,Kansas City Chiefs,Draft Kings,h2h,away,,105,2.05,2026-09-03T16:45:25.884675+00:00,-125,105,-1.5,1.5,-110,-110,48.5,-110,-110
2026_09_03_164525_884675,2026-09-03T16:45:25.884675+00:00,401873119,2026-12-13T21:25Z,Cincinnati Bengals,Kansas City Chiefs,Draft Kings,spreads,home,-1.5,-110,1.9,2026-09-03T16:45:25.884675+00:00,-125,105,-1.5,1.5,-110,-110,48.5,-110,-110
2026_09_03_164525_884675,2026-09-03T16:45:25.884675+00:00,401873119,2026-12-13T21:25Z,Cincinnati Bengals,Kansas City Chiefs,Draft Kings,spreads,away,1.5,-110,1.9,2026-09-03T16:45:25.884675+00:00,-125,105,-1.5,1.5,-110,-110,48.5,-110,-110
2026_09_03_164525_884675,2026-09-03T16:45:25.884675+00:00,401873119,2026-12-13T21:25Z,Cincinnati Bengals,Kansas City Chiefs,Draft Kings,totals,over,48.5,-110,1.9,2026-09-03T16:45:25.884675+00:00,-125,105,-1.5,1.5,-110,-110,48.5,-110,-110
2026_09_03_164525_884675,2026-09-03T16:45:25.884675+00:00,401873119,2026-12-13T21:25Z,Cincinnati Bengals,Kansas City Chiefs,Draft Kings,totals,under,48.5,-110,1.9,2026-09-03T16:45:25.884675+00:00,-125,105,-1.5,1.5,-110,-110,48.5,-110,-110
2026_09_03_164525_884675,2026-09-03T16:45:25.884675+00:00,401873120,2026-12-13T21:25Z,San Francisco 49ers,Los Angeles Rams,Draft Kings,h2h,home,,110,2.1,2026-09-03T16:45:25.884675+00:00,110,-130,2.5,-2.5,-115,-105,49.5,-110,-110
2026_09_03_164525_884675,2026-09-03T16:45:25.884675+00:00,401873120,2026-12-13T21:25Z,San Francisco 49ers,Los Angeles Rams,Draft Kings,h2h,away,,-130,1.76,2026-09-03T16:45:25.884675+00:00,110,-130,2.5,-2.5,-115,-105,49.5,-110,-110
2026_09_03_164525_884675,2026-09-03T16:45:25.884675+00:00,401873120,2026-12-13T21:25Z,San Francisco 49ers,Los Angeles Rams,Draft Kings,spreads,home,2.5,-115,1.86,2026-09-03T16:45:25.884675+00:00,110,-130,2.5,-2.5,-115,-105,49.5,-110,-110
2026_09_03_164525_884675,2026-09-03T16:45:25.884675+00:00,401873120,2026-12-13T21:25Z,San Francisco 49ers,Los Angeles Rams,Draft Kings,spreads,away,-2.5,-105,1.95,2026-09-03T16:45:25.884675+00:00,110,-130,2.5,-2.5,-115,-105,49.5,-110,-110
2026_09_03_164525_884675,2026-09-03T16:45:25.884675+00:00,401873120,2026-12-13T21:25Z,San Francisco 49ers,Los Angeles Rams,Draft Kings,totals,over,49.5,-110,1.9,2026-09-03T16:45:25.884675+00:00,110,-130,2.5,-2.5,-115,-105,49.5,-110,-110
2026_09_03_164525_884675,2026-09-03T16:45:25.884675+00:00,401873120,2026-12-13T21:25Z,San Francisco 49ers,Los Angeles Rams,Draft Kings,totals,under,49.5,-110,1.9,2026-09-03T16:45:25.884675+00:00,110,-130,2.5,-2.5,-115,-105,49.5,-110,-110
2026_09_03_164525_884675,2026-09-03T16:45:25.884675+00:00,401873121,2026-12-13T21:25Z,Seattle Seahawks,New York Giants,Draft Kings,h2h,home,,-395,1.25,2026-09-03T16:45:25.884675+00:00,-395,310,-7.5,7.5,-110,-110,45.5,-110,-110
2026_09_03_164525_884675,2026-09-03T16:45:25.884675+00:00,401873121,2026-12-13T21:25Z,Seattle Seahawks,New York Giants,Draft Kings,h2h,away,,310,4.1,2026-09-03T16:45:25.884675+00:00,-395,310,-7.5,7.5,-110,-110,45.5,-110,-110
2026_09_03_164525_884675,2026-09-03T16:45:25.884675+00:00,401873121,2026-12-13T21:25Z,Seattle Seahawks,New York Giants,Draft Kings,spreads,home,-7.5,-110,1.9,2026-09-03T16:45:25.884675+00:00,-395,310,-7.5,7.5,-110,-110,45.5,-110,-110
2026_09_03_164525_884675,2026-09-03T16:45:25.884675+00:00,401873121,2026-12-13T21:25Z,Seattle Seahawks,New York Giants,Draft Kings,spreads,away,7.5,-110,1.9,2026-09-03T16:45:25.884675+00:00,-395,310,-7.5,7.5,-110,-110,45.5,-110,-110
2026_09_03_164525_884675,2026-09-03T16:45:25.884675+00:00,401873121,2026-12-13T21:25Z,Seattle Seahawks,New York Giants,Draft Kings,totals,over,45.5,-110,1.9,2026-09-03T16:45:25.884675+00:00,-395,310,-7.5,7.5,-110,-110,45.5,-110,-110
2026_09_03_164525_884675,2026-09-03T16:45:25.884675+00:00,401873121,2026-12-13T21:25Z,Seattle Seahawks,New York Giants,Draft Kings,totals,under,45.5,-110,1.9,2026-09-03T16:45:25.884675+00:00,-395,310,-7.5,7.5,-110,-110,45.5,-110,-110
2026_09_03_164525_884675,2026-09-03T16:45:25.884675+00:00,401873122,2026-12-14T01:20Z,Green Bay Packers,Buffalo Bills,Draft Kings,h2h,home,,-125,1.8,2026-09-03T16:45:25.884675+00:00,-125,105,-1.5,1.5,-110,-110,49.5,-110,-110
2026_09_03_164525_884675,2026-09-03T16:45:25.884675+00:00,401873122,2026-12-14T01:20Z,Green Bay Packers,Buffalo Bills,Draft Kings,h2h,away,,105,2.05,2026-09-03T16:45:25.884675+00:00,-125,105,-1.5,1.5,-110,-110,49.5,-110,-110
2026_09_03_164525_884675,2026-09-03T16:45:25.884675+00:00,401873122,2026-12-14T01:20Z,Green Bay Packers,Buffalo Bills,Draft Kings,spreads,home,-1.5,-110,1.9,2026-09-03T16:45:25.884675+00:00,-125,105,-1.5,1.5,-110,-110,49.5,-110,-110
2026_09_03_164525_884675,2026-09-03T16:45:25.884675+00:00,401873122,2026-12-14T01:20Z,Green Bay Packers,Buffalo Bills,Draft Kings,spreads,away,1.5,-110,1.9,2026-09-03T16:45:25.884675+00:00,-125,105,-1.5,1.5,-110,-110,49.5,-110,-110
2026_09_03_164525_884675,2026-09-03T16:45:25.884675+00:00,401873122,2026-12-14T01:20Z,Green Bay Packers,Buffalo Bills,Draft Kings,totals,over,49.5,-110,1.9,2026-09-03T16:45:25.884675+00:00,-125,105,-1.5,1.5,-110,-110,49.5,-110,-110
2026_09_03_164525_884675,2026-09-03T16:45:25.884675+00:00,401873122,2026-12-14T01:20Z,Green Bay Packers,Buffalo Bills,Draft Kings,totals,under,49.5,-110,1.9,2026-09-03T16:45:25.884675+00:00,-125,105,-1.5,1.5,-110,-110,49.5,-110,-110
2026_09_03_164525_884675,2026-09-03T16:45:25.884675+00:00,401873123,2026-12-15T01:15Z,Jacksonville Jaguars,Pittsburgh Steelers,Draft Kings,h2h,home,,-162,1.61,2026-09-03T16:45:25.884675+00:00,-162,136,-3,3,-110,-110,44.5,-110,-110
2026_09_03_164525_884675,2026-09-03T16:45:25.884675+00:00,401873123,2026-12-15T01:15Z,Jacksonville Jaguars,Pittsburgh Steelers,Draft Kings,h2h,away,,136,2.36,2026-09-03T16:45:25.884675+00:00,-162,136,-3,3,-110,-110,44.5,-110,-110
2026_09_03_164525_884675,2026-09-03T16:45:25.884675+00:00,401873123,2026-12-15T01:15Z,Jacksonville Jaguars,Pittsburgh Steelers,Draft Kings,spreads,home,-3,-110,1.9,2026-09-03T16:45:25.884675+00:00,-162,136,-3,3,-110,-110,44.5,-110,-110
2026_09_03_164525_884675,2026-09-03T16:45:25.884675+00:00,401873123,2026-12-15T01:15Z,Jacksonville Jaguars,Pittsburgh Steelers,Draft Kings,spreads,away,3,-110,1.9,2026-09-03T16:45:25.884675+00:00,-162,136,-3,3,-110,-110,44.5,-110,-110
2026_09_03_164525_884675,2026-09-03T16:45:25.884675+00:00,401873123,2026-12-15T01:15Z,Jacksonville Jaguars,Pittsburgh Steelers,Draft Kings,totals,over,44.5,-110,1.9,2026-09-03T16:45:25.884675+00:00,-162,136,-3,3,-110,-110,44.5,-110,-110
2026_09_03_164525_884675,2026-09-03T16:45:25.884675+00:00,401873123,2026-12-15T01:15Z,Jacksonville Jaguars,Pittsburgh Steelers,Draft Kings,totals,under,44.5,-110,1.9,2026-09-03T16:45:25.884675+00:00,-162,136,-3,3,-110,-110,44.5,-110,-110
2026_09_03_164525_884675,2026-09-03T16:45:25.884675+00:00,401873124,2026-12-18T01:15Z,Los Angeles Chargers,San Francisco 49ers,Draft Kings,h2h,home,,-142,1.7,2026-09-03T16:45:25.884675+00:00,-142,120,-2.5,2.5,-110,-110,47.5,-110,-110
2026_09_03_164525_884675,2026-09-03T16:45:25.884675+00:00,401873124,2026-12-18T01:15Z,Los Angeles Chargers,San Francisco 49ers,Draft Kings,h2h,away,,120,2.2,2026-09-03T16:45:25.884675+00:00,-142,120,-2.5,2.5,-110,-110,47.5,-110,-110
2026_09_03_164525_884675,2026-09-03T16:45:25.884675+00:00,401873124,2026-12-18T01:15Z,Los Angeles Chargers,San Francisco 49ers,Draft Kings,spreads,home,-2.5,-110,1.9,2026-09-03T16:45:25.884675+00:00,-142,120,-2.5,2.5,-110,-110,47.5,-110,-110
2026_09_03_164525_884675,2026-09-03T16:45:25.884675+00:00,401873124,2026-12-18T01:15Z,Los Angeles Chargers,San Francisco 49ers,Draft Kings,spreads,away,2.5,-110,1.9,2026-09-03T16:45:25.884675+00:00,-142,120,-2.5,2.5,-110,-110,47.5,-110,-110
2026_09_03_164525_884675,2026-09-03T16:45:25.884675+00:00,401873124,2026-12-18T01:15Z,Los Angeles Chargers,San Francisco 49ers,Draft Kings,totals,over,47.5,-110,1.9,2026-09-03T16:45:25.884675+00:00,-142,120,-2.5,2.5,-110,-110,47.5,-110,-110
2026_09_03_164525_884675,2026-09-03T16:45:25.884675+00:00,401873124,2026-12-18T01:15Z,Los Angeles Chargers,San Francisco 49ers,Draft Kings,totals,under,47.5,-110,1.9,2026-09-03T16:45:25.884675+00:00,-142,120,-2.5,2.5,-110,-110,47.5,-110,-110
2026_09_03_164525_884675,2026-09-03T16:45:25.884675+00:00,401873125,2026-12-19T22:00Z,Philadelphia Eagles,Seattle Seahawks,Draft Kings,h2h,home,,-125,1.8,2026-09-03T16:45:25.884675+00:00,-125,105,-1.5,1.5,-110,-110,43.5,-110,-110
2026_09_03_164525_884675,2026-09-03T16:45:25.884675+00:00,401873125,2026-12-19T22:00Z,Philadelphia Eagles,Seattle Seahawks,Draft Kings,h2h,away,,105,2.05,2026-09-03T16:45:25.884675+00:00,-125,105,-1.5,1.5,-110,-110,43.5,-110,-110
2026_09_03_164525_884675,2026-09-03T16:45:25.884675+00:00,401873125,2026-12-19T22:00Z,Philadelphia Eagles,Seattle Seahawks,Draft Kings,spreads,home,-1.5,-110,1.9,2026-09-03T16:45:25.884675+00:00,-125,105,-1.5,1.5,-110,-110,43.5,-110,-110
2026_09_03_164525_884675,2026-09-03T16:45:25.884675+00:00,401873125,2026-12-19T22:00Z,Philadelphia Eagles,Seattle Seahawks,Draft Kings,spreads,away,1.5,-110,1.9,2026-09-03T16:45:25.884675+00:00,-125,105,-1.5,1.5,-110,-110,43.5,-110,-110
2026_09_03_164525_884675,2026-09-03T16:45:25.884675+00:00,401873125,2026-12-19T22:00Z,Philadelphia Eagles,Seattle Seahawks,Draft Kings,totals,over,43.5,-110,1.9,2026-09-03T16:45:25.884675+00:00,-125,105,-1.5,1.5,-110,-110,43.5,-110,-110
2026_09_03_164525_884675,2026-09-03T16:45:25.884675+00:00,401873125,2026-12-19T22:00Z,Philadelphia Eagles,Seattle Seahawks,Draft Kings,totals,under,43.5,-110,1.9,2026-09-03T16:45:25.884675+00:00,-125,105,-1.5,1.5,-110,-110,43.5,-110,-110
2026_09_03_164525_884675,2026-09-03T16:45:25.884675+00:00,401873126,2026-12-20T01:20Z,Buffalo Bills,Chicago Bears,Draft Kings,h2h,home,,-185,1.54,2026-09-03T16:45:25.884675+00:00,-185,154,-3.5,3.5,-110,-110,51.5,-110,-110
2026_09_03_164525_884675,2026-09-03T16:45:25.884675+00:00,401873126,2026-12-20T01:20Z,Buffalo Bills,Chicago Bears,Draft Kings,h2h,away,,154,2.54,2026-09-03T16:45:25.884675+00:00,-185,154,-3.5,3.5,-110,-110,51.5,-110,-110
2026_09_03_164525_884675,2026-09-03T16:45:25.884675+00:00,401873126,2026-12-20T01:20Z,Buffalo Bills,Chicago Bears,Draft Kings,spreads,home,-3.5,-110,1.9,2026-09-03T16:45:25.884675+00:00,-185,154,-3.5,3.5,-110,-110,51.5,-110,-110
2026_09_03_164525_884675,2026-09-03T16:45:25.884675+00:00,401873126,2026-12-20T01:20Z,Buffalo Bills,Chicago Bears,Draft Kings,spreads,away,3.5,-110,1.9,2026-09-03T16:45:25.884675+00:00,-185,154,-3.5,3.5,-110,-110,51.5,-110,-110
2026_09_03_164525_884675,2026-09-03T16:45:25.884675+00:00,401873126,2026-12-20T01:20Z,Buffalo Bills,Chicago Bears,Draft Kings,totals,over,51.5,-110,1.9,2026-09-03T16:45:25.884675+00:00,-185,154,-3.5,3.5,-110,-110,51.5,-110,-110
2026_09_03_164525_884675,2026-09-03T16:45:25.884675+00:00,401873126,2026-12-20T01:20Z,Buffalo Bills,Chicago Bears,Draft Kings,totals,under,51.5,-110,1.9,2026-09-03T16:45:25.884675+00:00,-185,154,-3.5,3.5,-110,-110,51.5,-110,-110
2026_09_03_164525_884675,2026-09-03T16:45:25.884675+00:00,401873127,2026-12-20T18:00Z,Washington Commanders,Atlanta Falcons,Draft Kings,h2h,home,,-180,1.55,2026-09-03T16:45:25.884675+00:00,-180,150,-3.5,3.5,-110,-110,46.5,-110,-110
2026_09_03_164525_884675,2026-09-03T16:45:25.884675+00:00,401873127,2026-12-20T18:00Z,Washington Commanders,Atlanta Falcons,Draft Kings,h2h,away,,150,2.5,2026-09-03T16:45:25.884675+00:00,-180,150,-3.5,3.5,-110,-110,46.5,-110,-110
2026_09_03_164525_884675,2026-09-03T16:45:25.884675+00:00,401873127,2026-12-20T18:00Z,Washington Commanders,Atlanta Falcons,Draft Kings,spreads,home,-3.5,-110,1.9,2026-09-03T16:45:25.884675+00:00,-180,150,-3.5,3.5,-110,-110,46.5,-110,-110
2026_09_03_164525_884675,2026-09-03T16:45:25.884675+00:00,401873127,2026-12-20T18:00Z,Washington Commanders,Atlanta Falcons,Draft Kings,spreads,away,3.5,-110,1.9,2026-09-03T16:45:25.884675+00:00,-180,150,-3.5,3.5,-110,-110,46.5,-110,-110
2026_09_03_164525_884675,2026-09-03T16:45:25.884675+00:00,401873127,2026-12-20T18:00Z,Washington Commanders,Atlanta Falcons,Draft Kings,totals,over,46.5,-110,1.9,2026-09-03T16:45:25.884675+00:00,-180,150,-3.5,3.5,-110,-110,46.5,-110,-110
2026_09_03_164525_884675,2026-09-03T16:45:25.884675+00:00,401873127,2026-12-20T18:00Z,Washington Commanders,Atlanta Falcons,Draft Kings,totals,under,46.5,-110,1.9,2026-09-03T16:45:25.884675+00:00,-180,150,-3.5,3.5,-110,-110,46.5,-110,-110
2026_09_03_164525_884675,2026-09-03T16:45:25.884675+00:00,401873128,2026-12-20T18:00Z,Pittsburgh Steelers,Baltimore Ravens,Draft Kings,h2h,home,,124,2.24,2026-09-03T16:45:25.884675+00:00,124,-148,2.5,-2.5,100,-120,46.5,-110,-110
2026_09_03_164525_884675,2026-09-03T16:45:25.884675+00:00,401873128,2026-12-20T18:00Z,Pittsburgh Steelers,Baltimore Ravens,Draft Kings,h2h,away,,-148,1.67,2026-09-03T16:45:25.884675+00:00,124,-148,2.5,-2.5,100,-120,46.5,-110,-110
2026_09_03_164525_884675,2026-09-03T16:45:25.884675+00:00,401873128,2026-12-20T18:00Z,Pittsburgh Steelers,Baltimore Ravens,Draft Kings,spreads,home,2.5,100,2,2026-09-03T16:45:25.884675+00:00,124,-148,2.5,-2.5,100,-120,46.5,-110,-110
2026_09_03_164525_884675,2026-09-03T16:45:25.884675+00:00,401873128,2026-12-20T18:00Z,Pittsburgh Steelers,Baltimore Ravens,Draft Kings,spreads,away,-2.5,-120,1.83,2026-09-03T16:45:25.884675+00:00,124,-148,2.5,-2.5,100,-120,46.5,-110,-110
2026_09_03_164525_884675,2026-09-03T16:45:25.884675+00:00,401873128,2026-12-20T18:00Z,Pittsburgh Steelers,Baltimore Ravens,Draft Kings,totals,over,46.5,-110,1.9,2026-09-03T16:45:25.884675+00:00,124,-148,2.5,-2.5,100,-120,46.5,-110,-110
2026_09_03_164525_884675,2026-09-03T16:45:25.884675+00:00,401873128,2026-12-20T18:00Z,Pittsburgh Steelers,Baltimore Ravens,Draft Kings,totals,under,46.5,-110,1.9,2026-09-03T16:45:25.884675+00:00,124,-148,2.5,-2.5,100,-120,46.5,-110,-110
2026_09_03_164525_884675,2026-09-03T16:45:25.884675+00:00,401873129,2026-12-20T18:00Z,Carolina Panthers,Cincinnati Bengals,Draft Kings,h2h,home,,124,2.24,2026-09-03T16:45:25.884675+00:00,124,-148,2.5,-2.5,100,-120,47.5,-110,-110
2026_09_03_164525_884675,2026-09-03T16:45:25.884675+00:00,401873129,2026-12-20T18:00Z,Carolina Panthers,Cincinnati Bengals,Draft Kings,h2h,away,,-148,1.67,2026-09-03T16:45:25.884675+00:00,124,-148,2.5,-2.5,100,-120,47.5,-110,-110
2026_09_03_164525_884675,2026-09-03T16:45:25.884675+00:00,401873129,2026-12-20T18:00Z,Carolina Panthers,Cincinnati Bengals,Draft Kings,spreads,home,2.5,100,2,2026-09-03T16:45:25.884675+00:00,124,-148,2.5,-2.5,100,-120,47.5,-110,-110
2026_09_03_164525_884675,2026-09-03T16:45:25.884675+00:00,401873129,2026-12-20T18:00Z,Carolina Panthers,Cincinnati Bengals,Draft Kings,spreads,away,-2.5,-120,1.83,2026-09-03T16:45:25.884675+00:00,124,-148,2.5,-2.5,100,-120,47.5,-110,-110
2026_09_03_164525_884675,2026-09-03T16:45:25.884675+00:00,401873129,2026-12-20T18:00Z,Carolina Panthers,Cincinnati Bengals,Draft Kings,totals,over,47.5,-110,1.9,2026-09-03T16:45:25.884675+00:00,124,-148,2.5,-2.5,100,-120,47.5,-110,-110
2026_09_03_164525_884675,2026-09-03T16:45:25.884675+00:00,401873129,2026-12-20T18:00Z,Carolina Panthers,Cincinnati Bengals,Draft Kings,totals,under,47.5,-110,1.9,2026-09-03T16:45:25.884675+00:00,124,-148,2.5,-2.5,100,-120,47.5,-110,-110
2026_09_03_164525_884675,2026-09-03T16:45:25.884675+00:00,401873130,2026-12-20T18:00Z,New York Giants,Cleveland Browns,Draft Kings,h2h,home,,-218,1.45,2026-09-03T16:45:25.884675+00:00,-218,180,-4.5,4.5,-110,-110,40.5,-110,-110
2026_09_03_164525_884675,2026-09-03T16:45:25.884675+00:00,401873130,2026-12-20T18:00Z,New York Giants,Cleveland Browns,Draft Kings,h2h,away,,180,2.8,2026-09-03T16:45:25.884675+00:00,-218,180,-4.5,4.5,-110,-110,40.5,-110,-110
2026_09_03_164525_884675,2026-09-03T16:45:25.884675+00:00,401873130,2026-12-20T18:00Z,New York Giants,Cleveland Browns,Draft Kings,spreads,home,-4.5,-110,1.9,2026-09-03T16:45:25.884675+00:00,-218,180,-4.5,4.5,-110,-110,40.5,-110,-110
2026_09_03_164525_884675,2026-09-03T16:45:25.884675+00:00,401873130,2026-12-20T18:00Z,New York Giants,Cleveland Browns,Draft Kings,spreads,away,4.5,-110,1.9,2026-09-03T16:45:25.884675+00:00,-218,180,-4.5,4.5,-110,-110,40.5,-110,-110
2026_09_03_164525_884675,2026-09-03T16:45:25.884675+00:00,401873130,2026-12-20T18:00Z,New York Giants,Cleveland Browns,Draft Kings,totals,over,40.5,-110,1.9,2026-09-03T16:45:25.884675+00:00,-218,180,-4.5,4.5,-110,-110,40.5,-110,-110
2026_09_03_164525_884675,2026-09-03T16:45:25.884675+00:00,401873130,2026-12-20T18:00Z,New York Giants,Cleveland Browns,Draft Kings,totals,under,40.5,-110,1.9,2026-09-03T16:45:25.884675+00:00,-218,180,-4.5,4.5,-110,-110,40.5,-110,-110
2026_09_03_164525_884675,2026-09-03T16:45:25.884675+00:00,401873131,2026-12-20T18:00Z,Tennessee Titans,Indianapolis Colts,Draft Kings,h2h,home,,105,2.05,2026-09-03T16:45:25.884675+00:00,105,-125,1.5,-1.5,-110,-110,47.5,-110,-110
2026_09_03_164525_884675,2026-09-03T16:45:25.884675+00:00,401873131,2026-12-20T18:00Z,Tennessee Titans,Indianapolis Colts,Draft Kings,h2h,away,,-125,1.8,2026-09-03T16:45:25.884675+00:00,105,-125,1.5,-1.5,-110,-110,47.5,-110,-110
2026_09_03_164525_884675,2026-09-03T16:45:25.884675+00:00,401873131,2026-12-20T18:00Z,Tennessee Titans,Indianapolis Colts,Draft Kings,spreads,home,1.5,-110,1.9,2026-09-03T16:45:25.884675+00:00,105,-125,1.5,-1.5,-110,-110,47.5,-110,-110
2026_09_03_164525_884675,2026-09-03T16:45:25.884675+00:00,401873131,2026-12-20T18:00Z,Tennessee Titans,Indianapolis Colts,Draft Kings,spreads,away,-1.5,-110,1.9,2026-09-03T16:45:25.884675+00:00,105,-125,1.5,-1.5,-110,-110,47.5,-110,-110
2026_09_03_164525_884675,2026-09-03T16:45:25.884675+00:00,401873131,2026-12-20T18:00Z,Tennessee Titans,Indianapolis Colts,Draft Kings,totals,over,47.5,-110,1.9,2026-09-03T16:45:25.884675+00:00,105,-125,1.5,-1.5,-110,-110,47.5,-110,-110
2026_09_03_164525_884675,2026-09-03T16:45:25.884675+00:00,401873131,2026-12-20T18:00Z,Tennessee Titans,Indianapolis Colts,Draft Kings,totals,under,47.5,-110,1.9,2026-09-03T16:45:25.884675+00:00,105,-125,1.5,-1.5,-110,-110,47.5,-110,-110
2026_09_03_164525_884675,2026-09-03T16:45:25.884675+00:00,401873132,2026-12-20T18:00Z,Houston Texans,Jacksonville Jaguars,Draft Kings,h2h,home,,-155,1.64,2026-09-03T16:45:25.884675+00:00,-155,130,-3,3,-110,-110,43.5,-110,-110
2026_09_03_164525_884675,2026-09-03T16:45:25.884675+00:00,401873132,2026-12-20T18:00Z,Houston Texans,Jacksonville Jaguars,Draft Kings,h2h,away,,130,2.3,2026-09-03T16:45:25.884675+00:00,-155,130,-3,3,-110,-110,43.5,-110,-110
2026_09_03_164525_884675,2026-09-03T16:45:25.884675+00:00,401873132,2026-12-20T18:00Z,Houston Texans,Jacksonville Jaguars,Draft Kings,spreads,home,-3,-110,1.9,2026-09-03T16:45:25.884675+00:00,-155,130,-3,3,-110,-110,43.5,-110,-110
2026_09_03_164525_884675,2026-09-03T16:45:25.884675+00:00,401873132,2026-12-20T18:00Z,Houston Texans,Jacksonville Jaguars,Draft Kings,spreads,away,3,-110,1.9,2026-09-03T16:45:25.884675+00:00,-155,130,-3,3,-110,-110,43.5,-110,-110
2026_09_03_164525_884675,2026-09-03T16:45:25.884675+00:00,401873132,2026-12-20T18:00Z,Houston Texans,Jacksonville Jaguars,Draft Kings,totals,over,43.5,-110,1.9,2026-09-03T16:45:25.884675+00:00,-155,130,-3,3,-110,-110,43.5,-110,-110
2026_09_03_164525_884675,2026-09-03T16:45:25.884675+00:00,401873132,2026-12-20T18:00Z,Houston Texans,Jacksonville Jaguars,Draft Kings,totals,under,43.5,-110,1.9,2026-09-03T16:45:25.884675+00:00,-155,130,-3,3,-110,-110,43.5,-110,-110
2026_09_03_164525_884675,2026-09-03T16:45:25.884675+00:00,401873133,2026-12-20T18:00Z,Green Bay Packers,Miami Dolphins,Draft Kings,h2h,home,,-650,1.15,2026-09-03T16:45:25.884675+00:00,-650,470,-10.5,10.5,-110,-110,45.5,-110,-110
2026_09_03_164525_884675,2026-09-03T16:45:25.884675+00:00,401873133,2026-12-20T18:00Z,Green Bay Packers,Miami Dolphins,Draft Kings,h2h,away,,470,5.7,2026-09-03T16:45:25.884675+00:00,-650,470,-10.5,10.5,-110,-110,45.5,-110,-110
2026_09_03_164525_884675,2026-09-03T16:45:25.884675+00:00,401873133,2026-12-20T18:00Z,Green Bay Packers,Miami Dolphins,Draft Kings,spreads,home,-10.5,-110,1.9,2026-09-03T16:45:25.884675+00:00,-650,470,-10.5,10.5,-110,-110,45.5,-110,-110
2026_09_03_164525_884675,2026-09-03T16:45:25.884675+00:00,401873133,2026-12-20T18:00Z,Green Bay Packers,Miami Dolphins,Draft Kings,spreads,away,10.5,-110,1.9,2026-09-03T16:45:25.884675+00:00,-650,470,-10.5,10.5,-110,-110,45.5,-110,-110
2026_09_03_164525_884675,2026-09-03T16:45:25.884675+00:00,401873133,2026-12-20T18:00Z,Green Bay Packers,Miami Dolphins,Draft Kings,totals,over,45.5,-110,1.9,2026-09-03T16:45:25.884675+00:00,-650,470,-10.5,10.5,-110,-110,45.5,-110,-110
2026_09_03_164525_884675,2026-09-03T16:45:25.884675+00:00,401873133,2026-12-20T18:00Z,Green Bay Packers,Miami Dolphins,Draft Kings,totals,under,45.5,-110,1.9,2026-09-03T16:45:25.884675+00:00,-650,470,-10.5,10.5,-110,-110,45.5,-110,-110
2026_09_03_164525_884675,2026-09-03T16:45:25.884675+00:00,401873134,2026-12-20T18:00Z,Tampa Bay Buccaneers,New Orleans Saints,Draft Kings,h2h,home,,-198,1.5,2026-09-03T16:45:25.884675+00:00,-198,164,-3.5,3.5,-110,-110,45.5,-110,-110
2026_09_03_164525_884675,2026-09-03T16:45:25.884675+00:00,401873134,2026-12-20T18:00Z,Tampa Bay Buccaneers,New Orleans Saints,Draft Kings,h2h,away,,164,2.64,2026-09-03T16:45:25.884675+00:00,-198,164,-3.5,3.5,-110,-110,45.5,-110,-110
2026_09_03_164525_884675,2026-09-03T16:45:25.884675+00:00,401873134,2026-12-20T18:00Z,Tampa Bay Buccaneers,New Orleans Saints,Draft Kings,spreads,home,-3.5,-110,1.9,2026-09-03T16:45:25.884675+00:00,-198,164,-3.5,3.5,-110,-110,45.5,-110,-110
2026_09_03_164525_884675,2026-09-03T16:45:25.884675+00:00,401873134,2026-12-20T18:00Z,Tampa Bay Buccaneers,New Orleans Saints,Draft Kings,spreads,away,3.5,-110,1.9,2026-09-03T16:45:25.884675+00:00,-198,164,-3.5,3.5,-110,-110,45.5,-110,-110
2026_09_03_164525_884675,2026-09-03T16:45:25.884675+00:00,401873134,2026-12-20T18:00Z,Tampa Bay Buccaneers,New Orleans Saints,Draft Kings,totals,over,45.5,-110,1.9,2026-09-03T16:45:25.884675+00:00,-198,164,-3.5,3.5,-110,-110,45.5,-110,-110
2026_09_03_164525_884675,2026-09-03T16:45:25.884675+00:00,401873134,2026-12-20T18:00Z,Tampa Bay Buccaneers,New Orleans Saints,Draft Kings,totals,under,45.5,-110,1.9,2026-09-03T16:45:25.884675+00:00,-198,164,-3.5,3.5,-110,-110,45.5,-110,-110
2026_09_03_164525_884675,2026-09-03T16:45:25.884675+00:00,401873135,2026-12-20T21:05Z,Arizona Cardinals,New York Jets,Draft Kings,h2h,home,,-110,1.9,2026-09-03T16:45:25.884675+00:00,-110,-110,-1.5,1.5,102,-122,41.5,-110,-110
2026_09_03_164525_884675,2026-09-03T16:45:25.884675+00:00,401873135,2026-12-20T21:05Z,Arizona Cardinals,New York Jets,Draft Kings,h2h,away,,-110,1.9,2026-09-03T16:45:25.884675+00:00,-110,-110,-1.5,1.5,102,-122,41.5,-110,-110
2026_09_03_164525_884675,2026-09-03T16:45:25.884675+00:00,401873135,2026-12-20T21:05Z,Arizona Cardinals,New York Jets,Draft Kings,spreads,home,-1.5,102,2.02,2026-09-03T16:45:25.884675+00:00,-110,-110,-1.5,1.5,102,-122,41.5,-110,-110
2026_09_03_164525_884675,2026-09-03T16:45:25.884675+00:00,401873135,2026-12-20T21:05Z,Arizona Cardinals,New York Jets,Draft Kings,spreads,away,1.5,-122,1.81,2026-09-03T16:45:25.884675+00:00,-110,-110,-1.5,1.5,102,-122,41.5,-110,-110
2026_09_03_164525_884675,2026-09-03T16:45:25.884675+00:00,401873135,2026-12-20T21:05Z,Arizona Cardinals,New York Jets,Draft Kings,totals,over,41.5,-110,1.9,2026-09-03T16:45:25.884675+00:00,-110,-110,-1.5,1.5,102,-122,41.5,-110,-110
2026_09_03_164525_884675,2026-09-03T16:45:25.884675+00:00,401873135,2026-12-20T21:05Z,Arizona Cardinals,New York Jets,Draft Kings,totals,under,41.5,-110,1.9,2026-09-03T16:45:25.884675+00:00,-110,-110,-1.5,1.5,102,-122,41.5,-110,-110
2026_09_03_164525_884675,2026-09-03T16:45:25.884675+00:00,401873136,2026-12-20T21:25Z,Los Angeles Rams,Dallas Cowboys,Draft Kings,h2h,home,,-245,1.4,2026-09-03T16:45:25.884675+00:00,-245,200,-6,6,-110,-110,52.5,-110,-110
2026_09_03_164525_884675,2026-09-03T16:45:25.884675+00:00,401873136,2026-12-20T21:25Z,Los Angeles Rams,Dallas Cowboys,Draft Kings,h2h,away,,200,3,2026-09-03T16:45:25.884675+00:00,-245,200,-6,6,-110,-110,52.5,-110,-110
2026_09_03_164525_884675,2026-09-03T16:45:25.884675+00:00,401873136,2026-12-20T21:25Z,Los Angeles Rams,Dallas Cowboys,Draft Kings,spreads,home,-6,-110,1.9,2026-09-03T16:45:25.884675+00:00,-245,200,-6,6,-110,-110,52.5,-110,-110
2026_09_03_164525_884675,2026-09-03T16:45:25.884675+00:00,401873136,2026-12-20T21:25Z,Los Angeles Rams,Dallas Cowboys,Draft Kings,spreads,away,6,-110,1.9,2026-09-03T16:45:25.884675+00:00,-245,200,-6,6,-110,-110,52.5,-110,-110
2026_09_03_164525_884675,2026-09-03T16:45:25.884675+00:00,401873136,2026-12-20T21:25Z,Los Angeles Rams,Dallas Cowboys,Draft Kings,totals,over,52.5,-110,1.9,2026-09-03T16:45:25.884675+00:00,-245,200,-6,6,-110,-110,52.5,-110,-110
2026_09_03_164525_884675,2026-09-03T16:45:25.884675+00:00,401873136,2026-12-20T21:25Z,Los Angeles Rams,Dallas Cowboys,Draft Kings,totals,under,52.5,-110,1.9,2026-09-03T16:45:25.884675+00:00,-245,200,-6,6,-110,-110,52.5,-110,-110
2026_09_03_164525_884675,2026-09-03T16:45:25.884675+00:00,401873137,2026-12-20T21:25Z,Las Vegas Raiders,Denver Broncos,Draft Kings,h2h,home,,170,2.7,2026-09-03T16:45:25.884675+00:00,170,-205,4.5,-4.5,-110,-110,41.5,-110,-110
2026_09_03_164525_884675,2026-09-03T16:45:25.884675+00:00,401873137,2026-12-20T21:25Z,Las Vegas Raiders,Denver Broncos,Draft Kings,h2h,away,,-205,1.48,2026-09-03T16:45:25.884675+00:00,170,-205,4.5,-4.5,-110,-110,41.5,-110,-110
2026_09_03_164525_884675,2026-09-03T16:45:25.884675+00:00,401873137,2026-12-20T21:25Z,Las Vegas Raiders,Denver Broncos,Draft Kings,spreads,home,4.5,-110,1.9,2026-09-03T16:45:25.884675+00:00,170,-205,4.5,-4.5,-110,-110,41.5,-110,-110
2026_09_03_164525_884675,2026-09-03T16:45:25.884675+00:00,401873137,2026-12-20T21:25Z,Las Vegas Raiders,Denver Broncos,Draft Kings,spreads,away,-4.5,-110,1.9,2026-09-03T16:45:25.884675+00:00,170,-205,4.5,-4.5,-110,-110,41.5,-110,-110
2026_09_03_164525_884675,2026-09-03T16:45:25.884675+00:00,401873137,2026-12-20T21:25Z,Las Vegas Raiders,Denver Broncos,Draft Kings,totals,over,41.5,-110,1.9,2026-09-03T16:45:25.884675+00:00,170,-205,4.5,-4.5,-110,-110,41.5,-110,-110
2026_09_03_164525_884675,2026-09-03T16:45:25.884675+00:00,401873137,2026-12-20T21:25Z,Las Vegas Raiders,Denver Broncos,Draft Kings,totals,under,41.5,-110,1.9,2026-09-03T16:45:25.884675+00:00,170,-205,4.5,-4.5,-110,-110,41.5,-110,-110
2026_09_03_164525_884675,2026-09-03T16:45:25.884675+00:00,401873138,2026-12-21T01:20Z,Minnesota Vikings,Detroit Lions,Draft Kings,h2h,home,,105,2.05,2026-09-03T16:45:25.884675+00:00,105,-125,1.5,-1.5,-110,-110,46.5,-110,-110
2026_09_03_164525_884675,2026-09-03T16:45:25.884675+00:00,401873138,2026-12-21T01:20Z,Minnesota Vikings,Detroit Lions,Draft Kings,h2h,away,,-125,1.8,2026-09-03T16:45:25.884675+00:00,105,-125,1.5,-1.5,-110,-110,46.5,-110,-110
2026_09_03_164525_884675,2026-09-03T16:45:25.884675+00:00,401873138,2026-12-21T01:20Z,Minnesota Vikings,Detroit Lions,Draft Kings,spreads,home,1.5,-110,1.9,2026-09-03T16:45:25.884675+00:00,105,-125,1.5,-1.5,-110,-110,46.5,-110,-110
2026_09_03_164525_884675,2026-09-03T16:45:25.884675+00:00,401873138,2026-12-21T01:20Z,Minnesota Vikings,Detroit Lions,Draft Kings,spreads,away,-1.5,-110,1.9,2026-09-03T16:45:25.884675+00:00,105,-125,1.5,-1.5,-110,-110,46.5,-110,-110
2026_09_03_164525_884675,2026-09-03T16:45:25.884675+00:00,401873138,2026-12-21T01:20Z,Minnesota Vikings,Detroit Lions,Draft Kings,totals,over,46.5,-110,1.9,2026-09-03T16:45:25.884675+00:00,105,-125,1.5,-1.5,-110,-110,46.5,-110,-110
2026_09_03_164525_884675,2026-09-03T16:45:25.884675+00:00,401873138,2026-12-21T01:20Z,Minnesota Vikings,Detroit Lions,Draft Kings,totals,under,46.5,-110,1.9,2026-09-03T16:45:25.884675+00:00,105,-125,1.5,-1.5,-110,-110,46.5,-110,-110
2026_09_03_164525_884675,2026-09-03T16:45:25.884675+00:00,401873139,2026-12-22T01:15Z,Kansas City Chiefs,New England Patriots,Draft Kings,h2h,home,,-142,1.7,2026-09-03T16:45:25.884675+00:00,-142,120,-2.5,2.5,-110,-110,45.5,-110,-110
2026_09_03_164525_884675,2026-09-03T16:45:25.884675+00:00,401873139,2026-12-22T01:15Z,Kansas City Chiefs,New England Patriots,Draft Kings,h2h,away,,120,2.2,2026-09-03T16:45:25.884675+00:00,-142,120,-2.5,2.5,-110,-110,45.5,-110,-110
2026_09_03_164525_884675,2026-09-03T16:45:25.884675+00:00,401873139,2026-12-22T01:15Z,Kansas City Chiefs,New England Patriots,Draft Kings,spreads,home,-2.5,-110,1.9,2026-09-03T16:45:25.884675+00:00,-142,120,-2.5,2.5,-110,-110,45.5,-110,-110
2026_09_03_164525_884675,2026-09-03T16:45:25.884675+00:00,401873139,2026-12-22T01:15Z,Kansas City Chiefs,New England Patriots,Draft Kings,spreads,away,2.5,-110,1.9,2026-09-03T16:45:25.884675+00:00,-142,120,-2.5,2.5,-110,-110,45.5,-110,-110
2026_09_03_164525_884675,2026-09-03T16:45:25.884675+00:00,401873139,2026-12-22T01:15Z,Kansas City Chiefs,New England Patriots,Draft Kings,totals,over,45.5,-110,1.9,2026-09-03T16:45:25.884675+00:00,-142,120,-2.5,2.5,-110,-110,45.5,-110,-110
2026_09_03_164525_884675,2026-09-03T16:45:25.884675+00:00,401873139,2026-12-22T01:15Z,Kansas City Chiefs,New England Patriots,Draft Kings,totals,under,45.5,-110,1.9,2026-09-03T16:45:25.884675+00:00,-142,120,-2.5,2.5,-110,-110,45.5,-110,-110
2026_09_03_164525_884675,2026-09-03T16:45:25.884675+00:00,401873140,2026-12-25T01:15Z,Philadelphia Eagles,Houston Texans,Draft Kings,h2h,home,,-135,1.74,2026-09-03T16:45:25.884675+00:00,-135,114,-2.5,2.5,-108,-112,37.5,-110,-110
2026_09_03_164525_884675,2026-09-03T16:45:25.884675+00:00,401873140,2026-12-25T01:15Z,Philadelphia Eagles,Houston Texans,Draft Kings,h2h,away,,114,2.14,2026-09-03T16:45:25.884675+00:00,-135,114,-2.5,2.5,-108,-112,37.5,-110,-110
2026_09_03_164525_884675,2026-09-03T16:45:25.884675+00:00,401873140,2026-12-25T01:15Z,Philadelphia Eagles,Houston Texans,Draft Kings,spreads,home,-2.5,-108,1.92,2026-09-03T16:45:25.884675+00:00,-135,114,-2.5,2.5,-108,-112,37.5,-110,-110
2026_09_03_164525_884675,2026-09-03T16:45:25.884675+00:00,401873140,2026-12-25T01:15Z,Philadelphia Eagles,Houston Texans,Draft Kings,spreads,away,2.5,-112,1.89,2026-09-03T16:45:25.884675+00:00,-135,114,-2.5,2.5,-108,-112,37.5,-110,-110
2026_09_03_164525_884675,2026-09-03T16:45:25.884675+00:00,401873140,2026-12-25T01:15Z,Philadelphia Eagles,Houston Texans,Draft Kings,totals,over,37.5,-110,1.9,2026-09-03T16:45:25.884675+00:00,-135,114,-2.5,2.5,-108,-112,37.5,-110,-110
2026_09_03_164525_884675,2026-09-03T16:45:25.884675+00:00,401873140,2026-12-25T01:15Z,Philadelphia Eagles,Houston Texans,Draft Kings,totals,under,37.5,-110,1.9,2026-09-03T16:45:25.884675+00:00,-135,114,-2.5,2.5,-108,-112,37.5,-110,-110
2026_09_03_164525_884675,2026-09-03T16:45:25.884675+00:00,401873141,2026-12-25T18:00Z,Chicago Bears,Green Bay Packers,Draft Kings,h2h,home,,-118,1.84,2026-09-03T16:45:25.884675+00:00,-118,-102,-1.5,1.5,-105,-115,47.5,-110,-110
2026_09_03_164525_884675,2026-09-03T16:45:25.884675+00:00,401873141,2026-12-25T18:00Z,Chicago Bears,Green Bay Packers,Draft Kings,h2h,away,,-102,1.98,2026-09-03T16:45:25.884675+00:00,-118,-102,-1.5,1.5,-105,-115,47.5,-110,-110
2026_09_03_164525_884675,2026-09-03T16:45:25.884675+00:00,401873141,2026-12-25T18:00Z,Chicago Bears,Green Bay Packers,Draft Kings,spreads,home,-1.5,-105,1.95,2026-09-03T16:45:25.884675+00:00,-118,-102,-1.5,1.5,-105,-115,47.5,-110,-110
2026_09_03_164525_884675,2026-09-03T16:45:25.884675+00:00,401873141,2026-12-25T18:00Z,Chicago Bears,Green Bay Packers,Draft Kings,spreads,away,1.5,-115,1.86,2026-09-03T16:45:25.884675+00:00,-118,-102,-1.5,1.5,-105,-115,47.5,-110,-110
2026_09_03_164525_884675,2026-09-03T16:45:25.884675+00:00,401873141,2026-12-25T18:00Z,Chicago Bears,Green Bay Packers,Draft Kings,totals,over,47.5,-110,1.9,2026-09-03T16:45:25.884675+00:00,-118,-102,-1.5,1.5,-105,-115,47.5,-110,-110
2026_09_03_164525_884675,2026-09-03T16:45:25.884675+00:00,401873141,2026-12-25T18:00Z,Chicago Bears,Green Bay Packers,Draft Kings,totals,under,47.5,-110,1.9,2026-09-03T16:45:25.884675+00:00,-118,-102,-1.5,1.5,-105,-115,47.5,-110,-110
2026_09_03_164525_884675,2026-09-03T16:45:25.884675+00:00,401873142,2026-12-25T21:30Z,Denver Broncos,Buffalo Bills,Draft Kings,h2h,home,,110,2.1,2026-09-03T16:45:25.884675+00:00,110,-130,1.5,-1.5,-105,-115,46.5,-110,-110
2026_09_03_164525_884675,2026-09-03T16:45:25.884675+00:00,401873142,2026-12-25T21:30Z,Denver Broncos,Buffalo Bills,Draft Kings,h2h,away,,-130,1.76,2026-09-03T16:45:25.884675+00:00,110,-130,1.5,-1.5,-105,-115,46.5,-110,-110
2026_09_03_164525_884675,2026-09-03T16:45:25.884675+00:00,401873142,2026-12-25T21:30Z,Denver Broncos,Buffalo Bills,Draft Kings,spreads,home,1.5,-105,1.95,2026-09-03T16:45:25.884675+00:00,110,-130,1.5,-1.5,-105,-115,46.5,-110,-110
2026_09_03_164525_884675,2026-09-03T16:45:25.884675+00:00,401873142,2026-12-25T21:30Z,Denver Broncos,Buffalo Bills,Draft Kings,spreads,away,-1.5,-115,1.86,2026-09-03T16:45:25.884675+00:00,110,-130,1.5,-1.5,-105,-115,46.5,-110,-110
2026_09_03_164525_884675,2026-09-03T16:45:25.884675+00:00,401873142,2026-12-25T21:30Z,Denver Broncos,Buffalo Bills,Draft Kings,totals,over,46.5,-110,1.9,2026-09-03T16:45:25.884675+00:00,110,-130,1.5,-1.5,-105,-115,46.5,-110,-110
2026_09_03_164525_884675,2026-09-03T16:45:25.884675+00:00,401873142,2026-12-25T21:30Z,Denver Broncos,Buffalo Bills,Draft Kings,totals,under,46.5,-110,1.9,2026-09-03T16:45:25.884675+00:00,110,-130,1.5,-1.5,-105,-115,46.5,-110,-110
2026_09_03_164525_884675,2026-09-03T16:45:25.884675+00:00,401873143,2026-12-26T01:15Z,Seattle Seahawks,Los Angeles Rams,Draft Kings,h2h,home,,-130,1.76,2026-09-03T16:45:25.884675+00:00,-130,110,-1.5,1.5,-115,-105,47.5,-110,-110
2026_09_03_164525_884675,2026-09-03T16:45:25.884675+00:00,401873143,2026-12-26T01:15Z,Seattle Seahawks,Los Angeles Rams,Draft Kings,h2h,away,,110,2.1,2026-09-03T16:45:25.884675+00:00,-130,110,-1.5,1.5,-115,-105,47.5,-110,-110
2026_09_03_164525_884675,2026-09-03T16:45:25.884675+00:00,401873143,2026-12-26T01:15Z,Seattle Seahawks,Los Angeles Rams,Draft Kings,spreads,home,-1.5,-115,1.86,2026-09-03T16:45:25.884675+00:00,-130,110,-1.5,1.5,-115,-105,47.5,-110,-110
2026_09_03_164525_884675,2026-09-03T16:45:25.884675+00:00,401873143,2026-12-26T01:15Z,Seattle Seahawks,Los Angeles Rams,Draft Kings,spreads,away,1.5,-105,1.95,2026-09-03T16:45:25.884675+00:00,-130,110,-1.5,1.5,-115,-105,47.5,-110,-110
2026_09_03_164525_884675,2026-09-03T16:45:25.884675+00:00,401873143,2026-12-26T01:15Z,Seattle Seahawks,Los Angeles Rams,Draft Kings,totals,over,47.5,-110,1.9,2026-09-03T16:45:25.884675+00:00,-130,110,-1.5,1.5,-115,-105,47.5,-110,-110
2026_09_03_164525_884675,2026-09-03T16:45:25.884675+00:00,401873143,2026-12-26T01:15Z,Seattle Seahawks,Los Angeles Rams,Draft Kings,totals,under,47.5,-110,1.9,2026-09-03T16:45:25.884675+00:00,-130,110,-1.5,1.5,-115,-105,47.5,-110,-110
2026_09_03_164525_884675,2026-09-03T16:45:25.884675+00:00,401873144,2026-12-27T05:00Z,Pittsburgh Steelers,Carolina Panthers,Draft Kings,h2h,home,,-192,1.52,2026-09-03T16:45:25.884675+00:00,-192,160,-3.5,3.5,-110,-110,41.5,-110,-110
2026_09_03_164525_884675,2026-09-03T16:45:25.884675+00:00,401873144,2026-12-27T05:00Z,Pittsburgh Steelers,Carolina Panthers,Draft Kings,h2h,away,,160,2.6,2026-09-03T16:45:25.884675+00:00,-192,160,-3.5,3.5,-110,-110,41.5,-110,-110
2026_09_03_164525_884675,2026-09-03T16:45:25.884675+00:00,401873144,2026-12-27T05:00Z,Pittsburgh Steelers,Carolina Panthers,Draft Kings,spreads,home,-3.5,-110,1.9,2026-09-03T16:45:25.884675+00:00,-192,160,-3.5,3.5,-110,-110,41.5,-110,-110
2026_09_03_164525_884675,2026-09-03T16:45:25.884675+00:00,401873144,2026-12-27T05:00Z,Pittsburgh Steelers,Carolina Panthers,Draft Kings,spreads,away,3.5,-110,1.9,2026-09-03T16:45:25.884675+00:00,-192,160,-3.5,3.5,-110,-110,41.5,-110,-110
2026_09_03_164525_884675,2026-09-03T16:45:25.884675+00:00,401873144,2026-12-27T05:00Z,Pittsburgh Steelers,Carolina Panthers,Draft Kings,totals,over,41.5,-110,1.9,2026-09-03T16:45:25.884675+00:00,-192,160,-3.5,3.5,-110,-110,41.5,-110,-110
2026_09_03_164525_884675,2026-09-03T16:45:25.884675+00:00,401873144,2026-12-27T05:00Z,Pittsburgh Steelers,Carolina Panthers,Draft Kings,totals,under,41.5,-110,1.9,2026-09-03T16:45:25.884675+00:00,-192,160,-3.5,3.5,-110,-110,41.5,-110,-110
2026_09_03_164525_884675,2026-09-03T16:45:25.884675+00:00,401873145,2026-12-27T05:00Z,Indianapolis Colts,Cincinnati Bengals,Draft Kings,h2h,home,,105,2.05,2026-09-03T16:45:25.884675+00:00,105,-125,1.5,-1.5,-110,-110,52.5,-110,-110
2026_09_03_164525_884675,2026-09-03T16:45:25.884675+00:00,401873145,2026-12-27T05:00Z,Indianapolis Colts,Cincinnati Bengals,Draft Kings,h2h,away,,-125,1.8,2026-09-03T16:45:25.884675+00:00,105,-125,1.5,-1.5,-110,-110,52.5,-110,-110
2026_09_03_164525_884675,2026-09-03T16:45:25.884675+00:00,401873145,2026-12-27T05:00Z,Indianapolis Colts,Cincinnati Bengals,Draft Kings,spreads,home,1.5,-110,1.9,2026-09-03T16:45:25.884675+00:00,105,-125,1.5,-1.5,-110,-110,52.5,-110,-110
2026_09_03_164525_884675,2026-09-03T16:45:25.884675+00:00,401873145,2026-12-27T05:00Z,Indianapolis Colts,Cincinnati Bengals,Draft Kings,spreads,away,-1.5,-110,1.9,2026-09-03T16:45:25.884675+00:00,105,-125,1.5,-1.5,-110,-110,52.5,-110,-110
2026_09_03_164525_884675,2026-09-03T16:45:25.884675+00:00,401873145,2026-12-27T05:00Z,Indianapolis Colts,Cincinnati Bengals,Draft Kings,totals,over,52.5,-110,1.9,2026-09-03T16:45:25.884675+00:00,105,-125,1.5,-1.5,-110,-110,52.5,-110,-110
2026_09_03_164525_884675,2026-09-03T16:45:25.884675+00:00,401873145,2026-12-27T05:00Z,Indianapolis Colts,Cincinnati Bengals,Draft Kings,totals,under,52.5,-110,1.9,2026-09-03T16:45:25.884675+00:00,105,-125,1.5,-1.5,-110,-110,52.5,-110,-110
2026_09_03_164525_884675,2026-09-03T16:45:25.884675+00:00,401873146,2026-12-27T05:00Z,Atlanta Falcons,Tampa Bay Buccaneers,Draft Kings,h2h,home,,105,2.05,2026-09-03T16:45:25.884675+00:00,105,-125,1.5,-1.5,-110,-110,45.5,-110,-110
2026_09_03_164525_884675,2026-09-03T16:45:25.884675+00:00,401873146,2026-12-27T05:00Z,Atlanta Falcons,Tampa Bay Buccaneers,Draft Kings,h2h,away,,-125,1.8,2026-09-03T16:45:25.884675+00:00,105,-125,1.5,-1.5,-110,-110,45.5,-110,-110
2026_09_03_164525_884675,2026-09-03T16:45:25.884675+00:00,401873146,2026-12-27T05:00Z,Atlanta Falcons,Tampa Bay Buccaneers,Draft Kings,spreads,home,1.5,-110,1.9,2026-09-03T16:45:25.884675+00:00,105,-125,1.5,-1.5,-110,-110,45.5,-110,-110
2026_09_03_164525_884675,2026-09-03T16:45:25.884675+00:00,401873146,2026-12-27T05:00Z,Atlanta Falcons,Tampa Bay Buccaneers,Draft Kings,spreads,away,-1.5,-110,1.9,2026-09-03T16:45:25.884675+00:00,105,-125,1.5,-1.5,-110,-110,45.5,-110,-110
2026_09_03_164525_884675,2026-09-03T16:45:25.884675+00:00,401873146,2026-12-27T05:00Z,Atlanta Falcons,Tampa Bay Buccaneers,Draft Kings,totals,over,45.5,-110,1.9,2026-09-03T16:45:25.884675+00:00,105,-125,1.5,-1.5,-110,-110,45.5,-110,-110
2026_09_03_164525_884675,2026-09-03T16:45:25.884675+00:00,401873146,2026-12-27T05:00Z,Atlanta Falcons,Tampa Bay Buccaneers,Draft Kings,totals,under,45.5,-110,1.9,2026-09-03T16:45:25.884675+00:00,105,-125,1.5,-1.5,-110,-110,45.5,-110,-110
2026_09_03_164525_884675,2026-09-03T16:45:25.884675+00:00,401873147,2026-12-27T05:00Z,Minnesota Vikings,Washington Commanders,Draft Kings,h2h,home,,-142,1.7,2026-09-03T16:45:25.884675+00:00,-142,120,-2.5,2.5,-110,-110,46.5,-110,-110
2026_09_03_164525_884675,2026-09-03T16:45:25.884675+00:00,401873147,2026-12-27T05:00Z,Minnesota Vikings,Washington Commanders,Draft Kings,h2h,away,,120,2.2,2026-09-03T16:45:25.884675+00:00,-142,120,-2.5,2.5,-110,-110,46.5,-110,-110
2026_09_03_164525_884675,2026-09-03T16:45:25.884675+00:00,401873147,2026-12-27T05:00Z,Minnesota Vikings,Washington Commanders,Draft Kings,spreads,home,-2.5,-110,1.9,2026-09-03T16:45:25.884675+00:00,-142,120,-2.5,2.5,-110,-110,46.5,-110,-110
2026_09_03_164525_884675,2026-09-03T16:45:25.884675+00:00,401873147,2026-12-27T05:00Z,Minnesota Vikings,Washington Commanders,Draft Kings,spreads,away,2.5,-110,1.9,2026-09-03T16:45:25.884675+00:00,-142,120,-2.5,2.5,-110,-110,46.5,-110,-110
2026_09_03_164525_884675,2026-09-03T16:45:25.884675+00:00,401873147,2026-12-27T05:00Z,Minnesota Vikings,Washington Commanders,Draft Kings,totals,over,46.5,-110,1.9,2026-09-03T16:45:25.884675+00:00,-142,120,-2.5,2.5,-110,-110,46.5,-110,-110
2026_09_03_164525_884675,2026-09-03T16:45:25.884675+00:00,401873147,2026-12-27T05:00Z,Minnesota Vikings,Washington Commanders,Draft Kings,totals,under,46.5,-110,1.9,2026-09-03T16:45:25.884675+00:00,-142,120,-2.5,2.5,-110,-110,46.5,-110,-110
2026_09_03_164525_884675,2026-09-03T16:45:25.884675+00:00,401873148,2026-12-27T18:00Z,New Orleans Saints,Arizona Cardinals,Draft Kings,h2h,home,,-250,1.4,2026-09-03T16:45:25.884675+00:00,-250,205,-5.5,5.5,-110,-110,44.5,-110,-110
2026_09_03_164525_884675,2026-09-03T16:45:25.884675+00:00,401873148,2026-12-27T18:00Z,New Orleans Saints,Arizona Cardinals,Draft Kings,h2h,away,,205,3.05,2026-09-03T16:45:25.884675+00:00,-250,205,-5.5,5.5,-110,-110,44.5,-110,-110
2026_09_03_164525_884675,2026-09-03T16:45:25.884675+00:00,401873148,2026-12-27T18:00Z,New Orleans Saints,Arizona Cardinals,Draft Kings,spreads,home,-5.5,-110,1.9,2026-09-03T16:45:25.884675+00:00,-250,205,-5.5,5.5,-110,-110,44.5,-110,-110
2026_09_03_164525_884675,2026-09-03T16:45:25.884675+00:00,401873148,2026-12-27T18:00Z,New Orleans Saints,Arizona Cardinals,Draft Kings,spreads,away,5.5,-110,1.9,2026-09-03T16:45:25.884675+00:00,-250,205,-5.5,5.5,-110,-110,44.5,-110,-110
2026_09_03_164525_884675,2026-09-03T16:45:25.884675+00:00,401873148,2026-12-27T18:00Z,New Orleans Saints,Arizona Cardinals,Draft Kings,totals,over,44.5,-110,1.9,2026-09-03T16:45:25.884675+00:00,-250,205,-5.5,5.5,-110,-110,44.5,-110,-110
2026_09_03_164525_884675,2026-09-03T16:45:25.884675+00:00,401873148,2026-12-27T18:00Z,New Orleans Saints,Arizona Cardinals,Draft Kings,totals,under,44.5,-110,1.9,2026-09-03T16:45:25.884675+00:00,-250,205,-5.5,5.5,-110,-110,44.5,-110,-110
2026_09_03_164525_884675,2026-09-03T16:45:25.884675+00:00,401873149,2026-12-27T18:00Z,Baltimore Ravens,Cleveland Browns,Draft Kings,h2h,home,,-425,1.23,2026-09-03T16:45:25.884675+00:00,-425,330,-10,10,-110,-110,43.5,-110,-110
2026_09_03_164525_884675,2026-09-03T16:45:25.884675+00:00,401873149,2026-12-27T18:00Z,Baltimore Ravens,Cleveland Browns,Draft Kings,h2h,away,,330,4.3,2026-09-03T16:45:25.884675+00:00,-425,330,-10,10,-110,-110,43.5,-110,-110
2026_09_03_164525_884675,2026-09-03T16:45:25.884675+00:00,401873149,2026-12-27T18:00Z,Baltimore Ravens,Cleveland Browns,Draft Kings,spreads,home,-10,-110,1.9,2026-09-03T16:45:25.884675+00:00,-425,330,-10,10,-110,-110,43.5,-110,-110
2026_09_03_164525_884675,2026-09-03T16:45:25.884675+00:00,401873149,2026-12-27T18:00Z,Baltimore Ravens,Cleveland Browns,Draft Kings,spreads,away,10,-110,1.9,2026-09-03T16:45:25.884675+00:00,-425,330,-10,10,-110,-110,43.5,-110,-110
2026_09_03_164525_884675,2026-09-03T16:45:25.884675+00:00,401873149,2026-12-27T18:00Z,Baltimore Ravens,Cleveland Browns,Draft Kings,totals,over,43.5,-110,1.9,2026-09-03T16:45:25.884675+00:00,-425,330,-10,10,-110,-110,43.5,-110,-110
2026_09_03_164525_884675,2026-09-03T16:45:25.884675+00:00,401873149,2026-12-27T18:00Z,Baltimore Ravens,Cleveland Browns,Draft Kings,totals,under,43.5,-110,1.9,2026-09-03T16:45:25.884675+00:00,-425,330,-10,10,-110,-110,43.5,-110,-110
2026_09_03_164525_884675,2026-09-03T16:45:25.884675+00:00,401873150,2026-12-27T18:00Z,Miami Dolphins,Los Angeles Chargers,Draft Kings,h2h,home,,295,3.95,2026-09-03T16:45:25.884675+00:00,295,-375,7,-7,-108,-112,45.5,-110,-110
2026_09_03_164525_884675,2026-09-03T16:45:25.884675+00:00,401873150,2026-12-27T18:00Z,Miami Dolphins,Los Angeles Chargers,Draft Kings,h2h,away,,-375,1.26,2026-09-03T16:45:25.884675+00:00,295,-375,7,-7,-108,-112,45.5,-110,-110
2026_09_03_164525_884675,2026-09-03T16:45:25.884675+00:00,401873150,2026-12-27T18:00Z,Miami Dolphins,Los Angeles Chargers,Draft Kings,spreads,home,7,-108,1.92,2026-09-03T16:45:25.884675+00:00,295,-375,7,-7,-108,-112,45.5,-110,-110
2026_09_03_164525_884675,2026-09-03T16:45:25.884675+00:00,401873150,2026-12-27T18:00Z,Miami Dolphins,Los Angeles Chargers,Draft Kings,spreads,away,-7,-112,1.89,2026-09-03T16:45:25.884675+00:00,295,-375,7,-7,-108,-112,45.5,-110,-110
2026_09_03_164525_884675,2026-09-03T16:45:25.884675+00:00,401873150,2026-12-27T18:00Z,Miami Dolphins,Los Angeles Chargers,Draft Kings,totals,over,45.5,-110,1.9,2026-09-03T16:45:25.884675+00:00,295,-375,7,-7,-108,-112,45.5,-110,-110
2026_09_03_164525_884675,2026-09-03T16:45:25.884675+00:00,401873150,2026-12-27T18:00Z,Miami Dolphins,Los Angeles Chargers,Draft Kings,totals,under,45.5,-110,1.9,2026-09-03T16:45:25.884675+00:00,295,-375,7,-7,-108,-112,45.5,-110,-110
2026_09_03_164525_884675,2026-09-03T16:45:25.884675+00:00,401873151,2026-12-27T18:00Z,New York Jets,New England Patriots,Draft Kings,h2h,home,,225,3.25,2026-09-03T16:45:25.884675+00:00,225,-278,6.5,-6.5,-110,-110,40.5,-110,-110
2026_09_03_164525_884675,2026-09-03T16:45:25.884675+00:00,401873151,2026-12-27T18:00Z,New York Jets,New England Patriots,Draft Kings,h2h,away,,-278,1.35,2026-09-03T16:45:25.884675+00:00,225,-278,6.5,-6.5,-110,-110,40.5,-110,-110
2026_09_03_164525_884675,2026-09-03T16:45:25.884675+00:00,401873151,2026-12-27T18:00Z,New York Jets,New England Patriots,Draft Kings,spreads,home,6.5,-110,1.9,2026-09-03T16:45:25.884675+00:00,225,-278,6.5,-6.5,-110,-110,40.5,-110,-110
2026_09_03_164525_884675,2026-09-03T16:45:25.884675+00:00,401873151,2026-12-27T18:00Z,New York Jets,New England Patriots,Draft Kings,spreads,away,-6.5,-110,1.9,2026-09-03T16:45:25.884675+00:00,225,-278,6.5,-6.5,-110,-110,40.5,-110,-110
2026_09_03_164525_884675,2026-09-03T16:45:25.884675+00:00,401873151,2026-12-27T18:00Z,New York Jets,New England Patriots,Draft Kings,totals,over,40.5,-110,1.9,2026-09-03T16:45:25.884675+00:00,225,-278,6.5,-6.5,-110,-110,40.5,-110,-110
2026_09_03_164525_884675,2026-09-03T16:45:25.884675+00:00,401873151,2026-12-27T18:00Z,New York Jets,New England Patriots,Draft Kings,totals,under,40.5,-110,1.9,2026-09-03T16:45:25.884675+00:00,225,-278,6.5,-6.5,-110,-110,40.5,-110,-110
2026_09_03_164525_884675,2026-09-03T16:45:25.884675+00:00,401873152,2026-12-27T21:05Z,Las Vegas Raiders,Tennessee Titans,Draft Kings,h2h,home,,-125,1.8,2026-09-03T16:45:25.884675+00:00,-125,105,-1.5,1.5,-110,-110,42.5,-110,-110
2026_09_03_164525_884675,2026-09-03T16:45:25.884675+00:00,401873152,2026-12-27T21:05Z,Las Vegas Raiders,Tennessee Titans,Draft Kings,h2h,away,,105,2.05,2026-09-03T16:45:25.884675+00:00,-125,105,-1.5,1.5,-110,-110,42.5,-110,-110
2026_09_03_164525_884675,2026-09-03T16:45:25.884675+00:00,401873152,2026-12-27T21:05Z,Las Vegas Raiders,Tennessee Titans,Draft Kings,spreads,home,-1.5,-110,1.9,2026-09-03T16:45:25.884675+00:00,-125,105,-1.5,1.5,-110,-110,42.5,-110,-110
2026_09_03_164525_884675,2026-09-03T16:45:25.884675+00:00,401873152,2026-12-27T21:05Z,Las Vegas Raiders,Tennessee Titans,Draft Kings,spreads,away,1.5,-110,1.9,2026-09-03T16:45:25.884675+00:00,-125,105,-1.5,1.5,-110,-110,42.5,-110,-110
2026_09_03_164525_884675,2026-09-03T16:45:25.884675+00:00,401873152,2026-12-27T21:05Z,Las Vegas Raiders,Tennessee Titans,Draft Kings,totals,over,42.5,-110,1.9,2026-09-03T16:45:25.884675+00:00,-125,105,-1.5,1.5,-110,-110,42.5,-110,-110
2026_09_03_164525_884675,2026-09-03T16:45:25.884675+00:00,401873152,2026-12-27T21:05Z,Las Vegas Raiders,Tennessee Titans,Draft Kings,totals,under,42.5,-110,1.9,2026-09-03T16:45:25.884675+00:00,-125,105,-1.5,1.5,-110,-110,42.5,-110,-110
2026_09_03_164525_884675,2026-09-03T16:45:25.884675+00:00,401873153,2026-12-27T21:25Z,Kansas City Chiefs,San Francisco 49ers,Draft Kings,h2h,home,,-162,1.61,2026-09-03T16:45:25.884675+00:00,-162,136,-3,3,100,-120,46.5,-110,-110
2026_09_03_164525_884675,2026-09-03T16:45:25.884675+00:00,401873153,2026-12-27T21:25Z,Kansas City Chiefs,San Francisco 49ers,Draft Kings,h2h,away,,136,2.36,2026-09-03T16:45:25.884675+00:00,-162,136,-3,3,100,-120,46.5,-110,-110
2026_09_03_164525_884675,2026-09-03T16:45:25.884675+00:00,401873153,2026-12-27T21:25Z,Kansas City Chiefs,San Francisco 49ers,Draft Kings,spreads,home,-3,100,2,2026-09-03T16:45:25.884675+00:00,-162,136,-3,3,100,-120,46.5,-110,-110
2026_09_03_164525_884675,2026-09-03T16:45:25.884675+00:00,401873153,2026-12-27T21:25Z,Kansas City Chiefs,San Francisco 49ers,Draft Kings,spreads,away,3,-120,1.83,2026-09-03T16:45:25.884675+00:00,-162,136,-3,3,100,-120,46.5,-110,-110
2026_09_03_164525_884675,2026-09-03T16:45:25.884675+00:00,401873153,2026-12-27T21:25Z,Kansas City Chiefs,San Francisco 49ers,Draft Kings,totals,over,46.5,-110,1.9,2026-09-03T16:45:25.884675+00:00,-162,136,-3,3,100,-120,46.5,-110,-110
2026_09_03_164525_884675,2026-09-03T16:45:25.884675+00:00,401873153,2026-12-27T21:25Z,Kansas City Chiefs,San Francisco 49ers,Draft Kings,totals,under,46.5,-110,1.9,2026-09-03T16:45:25.884675+00:00,-162,136,-3,3,100,-120,46.5,-110,-110
2026_09_03_164525_884675,2026-09-03T16:45:25.884675+00:00,401873154,2026-12-28T01:20Z,Dallas Cowboys,Jacksonville Jaguars,Draft Kings,h2h,home,,-162,1.61,2026-09-03T16:45:25.884675+00:00,-162,136,-3,3,-102,-118,51.5,-110,-110
2026_09_03_164525_884675,2026-09-03T16:45:25.884675+00:00,401873154,2026-12-28T01:20Z,Dallas Cowboys,Jacksonville Jaguars,Draft Kings,h2h,away,,136,2.36,2026-09-03T16:45:25.884675+00:00,-162,136,-3,3,-102,-118,51.5,-110,-110
2026_09_03_164525_884675,2026-09-03T16:45:25.884675+00:00,401873154,2026-12-28T01:20Z,Dallas Cowboys,Jacksonville Jaguars,Draft Kings,spreads,home,-3,-102,1.98,2026-09-03T16:45:25.884675+00:00,-162,136,-3,3,-102,-118,51.5,-110,-110
2026_09_03_164525_884675,2026-09-03T16:45:25.884675+00:00,401873154,2026-12-28T01:20Z,Dallas Cowboys,Jacksonville Jaguars,Draft Kings,spreads,away,3,-118,1.84,2026-09-03T16:45:25.884675+00:00,-162,136,-3,3,-102,-118,51.5,-110,-110
2026_09_03_164525_884675,2026-09-03T16:45:25.884675+00:00,401873154,2026-12-28T01:20Z,Dallas Cowboys,Jacksonville Jaguars,Draft Kings,totals,over,51.5,-110,1.9,2026-09-03T16:45:25.884675+00:00,-162,136,-3,3,-102,-118,51.5,-110,-110
2026_09_03_164525_884675,2026-09-03T16:45:25.884675+00:00,401873154,2026-12-28T01:20Z,Dallas Cowboys,Jacksonville Jaguars,Draft Kings,totals,under,51.5,-110,1.9,2026-09-03T16:45:25.884675+00:00,-162,136,-3,3,-102,-118,51.5,-110,-110
2026_09_03_164525_884675,2026-09-03T16:45:25.884675+00:00,401873155,2026-12-29T01:15Z,Detroit Lions,New York Giants,Draft Kings,h2h,home,,-205,1.48,2026-09-03T16:45:25.884675+00:00,-205,170,-4.5,4.5,-110,-110,49.5,-110,-110
2026_09_03_164525_884675,2026-09-03T16:45:25.884675+00:00,401873155,2026-12-29T01:15Z,Detroit Lions,New York Giants,Draft Kings,h2h,away,,170,2.7,2026-09-03T16:45:25.884675+00:00,-205,170,-4.5,4.5,-110,-110,49.5,-110,-110
2026_09_03_164525_884675,2026-09-03T16:45:25.884675+00:00,401873155,2026-12-29T01:15Z,Detroit Lions,New York Giants,Draft Kings,spreads,home,-4.5,-110,1.9,2026-09-03T16:45:25.884675+00:00,-205,170,-4.5,4.5,-110,-110,49.5,-110,-110
2026_09_03_164525_884675,2026-09-03T16:45:25.884675+00:00,401873155,2026-12-29T01:15Z,Detroit Lions,New York Giants,Draft Kings,spreads,away,4.5,-110,1.9,2026-09-03T16:45:25.884675+00:00,-205,170,-4.5,4.5,-110,-110,49.5,-110,-110
2026_09_03_164525_884675,2026-09-03T16:45:25.884675+00:00,401873155,2026-12-29T01:15Z,Detroit Lions,New York Giants,Draft Kings,totals,over,49.5,-110,1.9,2026-09-03T16:45:25.884675+00:00,-205,170,-4.5,4.5,-110,-110,49.5,-110,-110
2026_09_03_164525_884675,2026-09-03T16:45:25.884675+00:00,401873155,2026-12-29T01:15Z,Detroit Lions,New York Giants,Draft Kings,totals,under,49.5,-110,1.9,2026-09-03T16:45:25.884675+00:00,-205,170,-4.5,4.5,-110,-110,49.5,-110,-110
2026_09_03_164525_884675,2026-09-03T16:45:25.884675+00:00,401873156,2027-01-01T01:15Z,Cincinnati Bengals,Baltimore Ravens,Draft Kings,h2h,home,,-135,1.74,2026-09-03T16:45:25.884675+00:00,-135,114,-2.5,2.5,-110,-110,51.5,-110,-110
2026_09_03_164525_884675,2026-09-03T16:45:25.884675+00:00,401873156,2027-01-01T01:15Z,Cincinnati Bengals,Baltimore Ravens,Draft Kings,h2h,away,,114,2.14,2026-09-03T16:45:25.884675+00:00,-135,114,-2.5,2.5,-110,-110,51.5,-110,-110
2026_09_03_164525_884675,2026-09-03T16:45:25.884675+00:00,401873156,2027-01-01T01:15Z,Cincinnati Bengals,Baltimore Ravens,Draft Kings,spreads,home,-2.5,-110,1.9,2026-09-03T16:45:25.884675+00:00,-135,114,-2.5,2.5,-110,-110,51.5,-110,-110
2026_09_03_164525_884675,2026-09-03T16:45:25.884675+00:00,401873156,2027-01-01T01:15Z,Cincinnati Bengals,Baltimore Ravens,Draft Kings,spreads,away,2.5,-110,1.9,2026-09-03T16:45:25.884675+00:00,-135,114,-2.5,2.5,-110,-110,51.5,-110,-110
2026_09_03_164525_884675,2026-09-03T16:45:25.884675+00:00,401873156,2027-01-01T01:15Z,Cincinnati Bengals,Baltimore Ravens,Draft Kings,totals,over,51.5,-110,1.9,2026-09-03T16:45:25.884675+00:00,-135,114,-2.5,2.5,-110,-110,51.5,-110,-110
2026_09_03_164525_884675,2026-09-03T16:45:25.884675+00:00,401873156,2027-01-01T01:15Z,Cincinnati Bengals,Baltimore Ravens,Draft Kings,totals,under,51.5,-110,1.9,2026-09-03T16:45:25.884675+00:00,-135,114,-2.5,2.5,-110,-110,51.5,-110,-110
2026_09_03_164525_884675,2026-09-03T16:45:25.884675+00:00,401873157,2027-01-03T05:00Z,New England Patriots,Denver Broncos,Draft Kings,h2h,home,,-135,1.74,2026-09-03T16:45:25.884675+00:00,-135,114,-2.5,2.5,-110,-110,42.5,-110,-110
2026_09_03_164525_884675,2026-09-03T16:45:25.884675+00:00,401873157,2027-01-03T05:00Z,New England Patriots,Denver Broncos,Draft Kings,h2h,away,,114,2.14,2026-09-03T16:45:25.884675+00:00,-135,114,-2.5,2.5,-110,-110,42.5,-110,-110
2026_09_03_164525_884675,2026-09-03T16:45:25.884675+00:00,401873157,2027-01-03T05:00Z,New England Patriots,Denver Broncos,Draft Kings,spreads,home,-2.5,-110,1.9,2026-09-03T16:45:25.884675+00:00,-135,114,-2.5,2.5,-110,-110,42.5,-110,-110
2026_09_03_164525_884675,2026-09-03T16:45:25.884675+00:00,401873157,2027-01-03T05:00Z,New England Patriots,Denver Broncos,Draft Kings,spreads,away,2.5,-110,1.9,2026-09-03T16:45:25.884675+00:00,-135,114,-2.5,2.5,-110,-110,42.5,-110,-110
2026_09_03_164525_884675,2026-09-03T16:45:25.884675+00:00,401873157,2027-01-03T05:00Z,New England Patriots,Denver Broncos,Draft Kings,totals,over,42.5,-110,1.9,2026-09-03T16:45:25.884675+00:00,-135,114,-2.5,2.5,-110,-110,42.5,-110,-110
2026_09_03_164525_884675,2026-09-03T16:45:25.884675+00:00,401873157,2027-01-03T05:00Z,New England Patriots,Denver Broncos,Draft Kings,totals,under,42.5,-110,1.9,2026-09-03T16:45:25.884675+00:00,-135,114,-2.5,2.5,-110,-110,42.5,-110,-110
2026_09_03_164525_884675,2026-09-03T16:45:25.884675+00:00,401873158,2027-01-03T05:00Z,Los Angeles Chargers,Kansas City Chiefs,Draft Kings,h2h,home,,-125,1.8,2026-09-03T16:45:25.884675+00:00,-125,105,-1.5,1.5,-110,-110,45.5,-110,-110
2026_09_03_164525_884675,2026-09-03T16:45:25.884675+00:00,401873158,2027-01-03T05:00Z,Los Angeles Chargers,Kansas City Chiefs,Draft Kings,h2h,away,,105,2.05,2026-09-03T16:45:25.884675+00:00,-125,105,-1.5,1.5,-110,-110,45.5,-110,-110
2026_09_03_164525_884675,2026-09-03T16:45:25.884675+00:00,401873158,2027-01-03T05:00Z,Los Angeles Chargers,Kansas City Chiefs,Draft Kings,spreads,home,-1.5,-110,1.9,2026-09-03T16:45:25.884675+00:00,-125,105,-1.5,1.5,-110,-110,45.5,-110,-110
2026_09_03_164525_884675,2026-09-03T16:45:25.884675+00:00,401873158,2027-01-03T05:00Z,Los Angeles Chargers,Kansas City Chiefs,Draft Kings,spreads,away,1.5,-110,1.9,2026-09-03T16:45:25.884675+00:00,-125,105,-1.5,1.5,-110,-110,45.5,-110,-110
2026_09_03_164525_884675,2026-09-03T16:45:25.884675+00:00,401873158,2027-01-03T05:00Z,Los Angeles Chargers,Kansas City Chiefs,Draft Kings,totals,over,45.5,-110,1.9,2026-09-03T16:45:25.884675+00:00,-125,105,-1.5,1.5,-110,-110,45.5,-110,-110
2026_09_03_164525_884675,2026-09-03T16:45:25.884675+00:00,401873158,2027-01-03T05:00Z,Los Angeles Chargers,Kansas City Chiefs,Draft Kings,totals,under,45.5,-110,1.9,2026-09-03T16:45:25.884675+00:00,-125,105,-1.5,1.5,-110,-110,45.5,-110,-110
2026_09_03_164525_884675,2026-09-03T16:45:25.884675+00:00,401873159,2027-01-03T05:00Z,Tampa Bay Buccaneers,Los Angeles Rams,Draft Kings,h2h,home,,180,2.8,2026-09-03T16:45:25.884675+00:00,180,-218,4.5,-4.5,-110,-110,48.5,-110,-110
2026_09_03_164525_884675,2026-09-03T16:45:25.884675+00:00,401873159,2027-01-03T05:00Z,Tampa Bay Buccaneers,Los Angeles Rams,Draft Kings,h2h,away,,-218,1.45,2026-09-03T16:45:25.884675+00:00,180,-218,4.5,-4.5,-110,-110,48.5,-110,-110
2026_09_03_164525_884675,2026-09-03T16:45:25.884675+00:00,401873159,2027-01-03T05:00Z,Tampa Bay Buccaneers,Los Angeles Rams,Draft Kings,spreads,home,4.5,-110,1.9,2026-09-03T16:45:25.884675+00:00,180,-218,4.5,-4.5,-110,-110,48.5,-110,-110
2026_09_03_164525_884675,2026-09-03T16:45:25.884675+00:00,401873159,2027-01-03T05:00Z,Tampa Bay Buccaneers,Los Angeles Rams,Draft Kings,spreads,away,-4.5,-110,1.9,2026-09-03T16:45:25.884675+00:00,180,-218,4.5,-4.5,-110,-110,48.5,-110,-110
2026_09_03_164525_884675,2026-09-03T16:45:25.884675+00:00,401873159,2027-01-03T05:00Z,Tampa Bay Buccaneers,Los Angeles Rams,Draft Kings,totals,over,48.5,-110,1.9,2026-09-03T16:45:25.884675+00:00,180,-218,4.5,-4.5,-110,-110,48.5,-110,-110
2026_09_03_164525_884675,2026-09-03T16:45:25.884675+00:00,401873159,2027-01-03T05:00Z,Tampa Bay Buccaneers,Los Angeles Rams,Draft Kings,totals,under,48.5,-110,1.9,2026-09-03T16:45:25.884675+00:00,180,-218,4.5,-4.5,-110,-110,48.5,-110,-110
2026_09_03_164525_884675,2026-09-03T16:45:25.884675+00:00,401873160,2027-01-03T05:00Z,Jacksonville Jaguars,Washington Commanders,Draft Kings,h2h,home,,-192,1.52,2026-09-03T16:45:25.884675+00:00,-192,160,-3.5,3.5,-110,-110,48.5,-110,-110
2026_09_03_164525_884675,2026-09-03T16:45:25.884675+00:00,401873160,2027-01-03T05:00Z,Jacksonville Jaguars,Washington Commanders,Draft Kings,h2h,away,,160,2.6,2026-09-03T16:45:25.884675+00:00,-192,160,-3.5,3.5,-110,-110,48.5,-110,-110
2026_09_03_164525_884675,2026-09-03T16:45:25.884675+00:00,401873160,2027-01-03T05:00Z,Jacksonville Jaguars,Washington Commanders,Draft Kings,spreads,home,-3.5,-110,1.9,2026-09-03T16:45:25.884675+00:00,-192,160,-3.5,3.5,-110,-110,48.5,-110,-110
2026_09_03_164525_884675,2026-09-03T16:45:25.884675+00:00,401873160,2027-01-03T05:00Z,Jacksonville Jaguars,Washington Commanders,Draft Kings,spreads,away,3.5,-110,1.9,2026-09-03T16:45:25.884675+00:00,-192,160,-3.5,3.5,-110,-110,48.5,-110,-110
2026_09_03_164525_884675,2026-09-03T16:45:25.884675+00:00,401873160,2027-01-03T05:00Z,Jacksonville Jaguars,Washington Commanders,Draft Kings,totals,over,48.5,-110,1.9,2026-09-03T16:45:25.884675+00:00,-192,160,-3.5,3.5,-110,-110,48.5,-110,-110
2026_09_03_164525_884675,2026-09-03T16:45:25.884675+00:00,401873160,2027-01-03T05:00Z,Jacksonville Jaguars,Washington Commanders,Draft Kings,totals,under,48.5,-110,1.9,2026-09-03T16:45:25.884675+00:00,-192,160,-3.5,3.5,-110,-110,48.5,-110,-110
2026_09_03_164525_884675,2026-09-03T16:45:25.884675+00:00,401873161,2027-01-03T18:00Z,Miami Dolphins,Buffalo Bills,Draft Kings,h2h,home,,295,3.95,2026-09-03T16:45:25.884675+00:00,295,-375,7.5,-7.5,-110,-110,47.5,-110,-110
2026_09_03_164525_884675,2026-09-03T16:45:25.884675+00:00,401873161,2027-01-03T18:00Z,Miami Dolphins,Buffalo Bills,Draft Kings,h2h,away,,-375,1.26,2026-09-03T16:45:25.884675+00:00,295,-375,7.5,-7.5,-110,-110,47.5,-110,-110
2026_09_03_164525_884675,2026-09-03T16:45:25.884675+00:00,401873161,2027-01-03T18:00Z,Miami Dolphins,Buffalo Bills,Draft Kings,spreads,home,7.5,-110,1.9,2026-09-03T16:45:25.884675+00:00,295,-375,7.5,-7.5,-110,-110,47.5,-110,-110
2026_09_03_164525_884675,2026-09-03T16:45:25.884675+00:00,401873161,2027-01-03T18:00Z,Miami Dolphins,Buffalo Bills,Draft Kings,spreads,away,-7.5,-110,1.9,2026-09-03T16:45:25.884675+00:00,295,-375,7.5,-7.5,-110,-110,47.5,-110,-110
2026_09_03_164525_884675,2026-09-03T16:45:25.884675+00:00,401873161,2027-01-03T18:00Z,Miami Dolphins,Buffalo Bills,Draft Kings,totals,over,47.5,-110,1.9,2026-09-03T16:45:25.884675+00:00,295,-375,7.5,-7.5,-110,-110,47.5,-110,-110
2026_09_03_164525_884675,2026-09-03T16:45:25.884675+00:00,401873161,2027-01-03T18:00Z,Miami Dolphins,Buffalo Bills,Draft Kings,totals,under,47.5,-110,1.9,2026-09-03T16:45:25.884675+00:00,295,-375,7.5,-7.5,-110,-110,47.5,-110,-110
2026_09_03_164525_884675,2026-09-03T16:45:25.884675+00:00,401873162,2027-01-03T18:00Z,Cleveland Browns,Indianapolis Colts,Draft Kings,h2h,home,,114,2.14,2026-09-03T16:45:25.884675+00:00,114,-135,2.5,-2.5,-110,-110,43.5,-110,-110
2026_09_03_164525_884675,2026-09-03T16:45:25.884675+00:00,401873162,2027-01-03T18:00Z,Cleveland Browns,Indianapolis Colts,Draft Kings,h2h,away,,-135,1.74,2026-09-03T16:45:25.884675+00:00,114,-135,2.5,-2.5,-110,-110,43.5,-110,-110
2026_09_03_164525_884675,2026-09-03T16:45:25.884675+00:00,401873162,2027-01-03T18:00Z,Cleveland Browns,Indianapolis Colts,Draft Kings,spreads,home,2.5,-110,1.9,2026-09-03T16:45:25.884675+00:00,114,-135,2.5,-2.5,-110,-110,43.5,-110,-110
2026_09_03_164525_884675,2026-09-03T16:45:25.884675+00:00,401873162,2027-01-03T18:00Z,Cleveland Browns,Indianapolis Colts,Draft Kings,spreads,away,-2.5,-110,1.9,2026-09-03T16:45:25.884675+00:00,114,-135,2.5,-2.5,-110,-110,43.5,-110,-110
2026_09_03_164525_884675,2026-09-03T16:45:25.884675+00:00,401873162,2027-01-03T18:00Z,Cleveland Browns,Indianapolis Colts,Draft Kings,totals,over,43.5,-110,1.9,2026-09-03T16:45:25.884675+00:00,114,-135,2.5,-2.5,-110,-110,43.5,-110,-110
2026_09_03_164525_884675,2026-09-03T16:45:25.884675+00:00,401873162,2027-01-03T18:00Z,Cleveland Browns,Indianapolis Colts,Draft Kings,totals,under,43.5,-110,1.9,2026-09-03T16:45:25.884675+00:00,114,-135,2.5,-2.5,-110,-110,43.5,-110,-110
2026_09_03_164525_884675,2026-09-03T16:45:25.884675+00:00,401873163,2027-01-03T18:00Z,New York Jets,Minnesota Vikings,Draft Kings,h2h,home,,160,2.6,2026-09-03T16:45:25.884675+00:00,160,-192,3.5,-3.5,-110,-110,39.5,-110,-110
2026_09_03_164525_884675,2026-09-03T16:45:25.884675+00:00,401873163,2027-01-03T18:00Z,New York Jets,Minnesota Vikings,Draft Kings,h2h,away,,-192,1.52,2026-09-03T16:45:25.884675+00:00,160,-192,3.5,-3.5,-110,-110,39.5,-110,-110
2026_09_03_164525_884675,2026-09-03T16:45:25.884675+00:00,401873163,2027-01-03T18:00Z,New York Jets,Minnesota Vikings,Draft Kings,spreads,home,3.5,-110,1.9,2026-09-03T16:45:25.884675+00:00,160,-192,3.5,-3.5,-110,-110,39.5,-110,-110
2026_09_03_164525_884675,2026-09-03T16:45:25.884675+00:00,401873163,2027-01-03T18:00Z,New York Jets,Minnesota Vikings,Draft Kings,spreads,away,-3.5,-110,1.9,2026-09-03T16:45:25.884675+00:00,160,-192,3.5,-3.5,-110,-110,39.5,-110,-110
2026_09_03_164525_884675,2026-09-03T16:45:25.884675+00:00,401873163,2027-01-03T18:00Z,New York Jets,Minnesota Vikings,Draft Kings,totals,over,39.5,-110,1.9,2026-09-03T16:45:25.884675+00:00,160,-192,3.5,-3.5,-110,-110,39.5,-110,-110
2026_09_03_164525_884675,2026-09-03T16:45:25.884675+00:00,401873163,2027-01-03T18:00Z,New York Jets,Minnesota Vikings,Draft Kings,totals,under,39.5,-110,1.9,2026-09-03T16:45:25.884675+00:00,160,-192,3.5,-3.5,-110,-110,39.5,-110,-110
2026_09_03_164525_884675,2026-09-03T16:45:25.884675+00:00,401873164,2027-01-03T18:00Z,Atlanta Falcons,New Orleans Saints,Draft Kings,h2h,home,,-122,1.81,2026-09-03T16:45:25.884675+00:00,-122,102,-1.5,1.5,-110,-110,44.5,-110,-110
2026_09_03_164525_884675,2026-09-03T16:45:25.884675+00:00,401873164,2027-01-03T18:00Z,Atlanta Falcons,New Orleans Saints,Draft Kings,h2h,away,,102,2.02,2026-09-03T16:45:25.884675+00:00,-122,102,-1.5,1.5,-110,-110,44.5,-110,-110
2026_09_03_164525_884675,2026-09-03T16:45:25.884675+00:00,401873164,2027-01-03T18:00Z,Atlanta Falcons,New Orleans Saints,Draft Kings,spreads,home,-1.5,-110,1.9,2026-09-03T16:45:25.884675+00:00,-122,102,-1.5,1.5,-110,-110,44.5,-110,-110
2026_09_03_164525_884675,2026-09-03T16:45:25.884675+00:00,401873164,2027-01-03T18:00Z,Atlanta Falcons,New Orleans Saints,Draft Kings,spreads,away,1.5,-110,1.9,2026-09-03T16:45:25.884675+00:00,-122,102,-1.5,1.5,-110,-110,44.5,-110,-110
2026_09_03_164525_884675,2026-09-03T16:45:25.884675+00:00,401873164,2027-01-03T18:00Z,Atlanta Falcons,New Orleans Saints,Draft Kings,totals,over,44.5,-110,1.9,2026-09-03T16:45:25.884675+00:00,-122,102,-1.5,1.5,-110,-110,44.5,-110,-110
2026_09_03_164525_884675,2026-09-03T16:45:25.884675+00:00,401873164,2027-01-03T18:00Z,Atlanta Falcons,New Orleans Saints,Draft Kings,totals,under,44.5,-110,1.9,2026-09-03T16:45:25.884675+00:00,-122,102,-1.5,1.5,-110,-110,44.5,-110,-110
2026_09_03_164525_884675,2026-09-03T16:45:25.884675+00:00,401873165,2027-01-03T18:00Z,Dallas Cowboys,New York Giants,Draft Kings,h2h,home,,-218,1.45,2026-09-03T16:45:25.884675+00:00,-218,180,-4.5,4.5,-110,-110,49.5,-110,-110
2026_09_03_164525_884675,2026-09-03T16:45:25.884675+00:00,401873165,2027-01-03T18:00Z,Dallas Cowboys,New York Giants,Draft Kings,h2h,away,,180,2.8,2026-09-03T16:45:25.884675+00:00,-218,180,-4.5,4.5,-110,-110,49.5,-110,-110
2026_09_03_164525_884675,2026-09-03T16:45:25.884675+00:00,401873165,2027-01-03T18:00Z,Dallas Cowboys,New York Giants,Draft Kings,spreads,home,-4.5,-110,1.9,2026-09-03T16:45:25.884675+00:00,-218,180,-4.5,4.5,-110,-110,49.5,-110,-110
2026_09_03_164525_884675,2026-09-03T16:45:25.884675+00:00,401873165,2027-01-03T18:00Z,Dallas Cowboys,New York Giants,Draft Kings,spreads,away,4.5,-110,1.9,2026-09-03T16:45:25.884675+00:00,-218,180,-4.5,4.5,-110,-110,49.5,-110,-110
2026_09_03_164525_884675,2026-09-03T16:45:25.884675+00:00,401873165,2027-01-03T18:00Z,Dallas Cowboys,New York Giants,Draft Kings,totals,over,49.5,-110,1.9,2026-09-03T16:45:25.884675+00:00,-218,180,-4.5,4.5,-110,-110,49.5,-110,-110
2026_09_03_164525_884675,2026-09-03T16:45:25.884675+00:00,401873165,2027-01-03T18:00Z,Dallas Cowboys,New York Giants,Draft Kings,totals,under,49.5,-110,1.9,2026-09-03T16:45:25.884675+00:00,-218,180,-4.5,4.5,-110,-110,49.5,-110,-110
2026_09_03_164525_884675,2026-09-03T16:45:25.884675+00:00,401873166,2027-01-03T18:00Z,Tennessee Titans,Pittsburgh Steelers,Draft Kings,h2h,home,,102,2.02,2026-09-03T16:45:25.884675+00:00,102,-122,1.5,-1.5,-110,-110,42.5,-110,-110
2026_09_03_164525_884675,2026-09-03T16:45:25.884675+00:00,401873166,2027-01-03T18:00Z,Tennessee Titans,Pittsburgh Steelers,Draft Kings,h2h,away,,-122,1.81,2026-09-03T16:45:25.884675+00:00,102,-122,1.5,-1.5,-110,-110,42.5,-110,-110
2026_09_03_164525_884675,2026-09-03T16:45:25.884675+00:00,401873166,2027-01-03T18:00Z,Tennessee Titans,Pittsburgh Steelers,Draft Kings,spreads,home,1.5,-110,1.9,2026-09-03T16:45:25.884675+00:00,102,-122,1.5,-1.5,-110,-110,42.5,-110,-110
2026_09_03_164525_884675,2026-09-03T16:45:25.884675+00:00,401873166,2027-01-03T18:00Z,Tennessee Titans,Pittsburgh Steelers,Draft Kings,spreads,away,-1.5,-110,1.9,2026-09-03T16:45:25.884675+00:00,102,-122,1.5,-1.5,-110,-110,42.5,-110,-110
2026_09_03_164525_884675,2026-09-03T16:45:25.884675+00:00,401873166,2027-01-03T18:00Z,Tennessee Titans,Pittsburgh Steelers,Draft Kings,totals,over,42.5,-110,1.9,2026-09-03T16:45:25.884675+00:00,102,-122,1.5,-1.5,-110,-110,42.5,-110,-110
2026_09_03_164525_884675,2026-09-03T16:45:25.884675+00:00,401873166,2027-01-03T18:00Z,Tennessee Titans,Pittsburgh Steelers,Draft Kings,totals,under,42.5,-110,1.9,2026-09-03T16:45:25.884675+00:00,102,-122,1.5,-1.5,-110,-110,42.5,-110,-110
2026_09_03_164525_884675,2026-09-03T16:45:25.884675+00:00,401873167,2027-01-03T18:00Z,Carolina Panthers,Seattle Seahawks,Draft Kings,h2h,home,,200,3,2026-09-03T16:45:25.884675+00:00,200,-245,5.5,-5.5,-110,-110,42.5,-110,-110
2026_09_03_164525_884675,2026-09-03T16:45:25.884675+00:00,401873167,2027-01-03T18:00Z,Carolina Panthers,Seattle Seahawks,Draft Kings,h2h,away,,-245,1.4,2026-09-03T16:45:25.884675+00:00,200,-245,5.5,-5.5,-110,-110,42.5,-110,-110
2026_09_03_164525_884675,2026-09-03T16:45:25.884675+00:00,401873167,2027-01-03T18:00Z,Carolina Panthers,Seattle Seahawks,Draft Kings,spreads,home,5.5,-110,1.9,2026-09-03T16:45:25.884675+00:00,200,-245,5.5,-5.5,-110,-110,42.5,-110,-110
2026_09_03_164525_884675,2026-09-03T16:45:25.884675+00:00,401873167,2027-01-03T18:00Z,Carolina Panthers,Seattle Seahawks,Draft Kings,spreads,away,-5.5,-110,1.9,2026-09-03T16:45:25.884675+00:00,200,-245,5.5,-5.5,-110,-110,42.5,-110,-110
2026_09_03_164525_884675,2026-09-03T16:45:25.884675+00:00,401873167,2027-01-03T18:00Z,Carolina Panthers,Seattle Seahawks,Draft Kings,totals,over,42.5,-110,1.9,2026-09-03T16:45:25.884675+00:00,200,-245,5.5,-5.5,-110,-110,42.5,-110,-110
2026_09_03_164525_884675,2026-09-03T16:45:25.884675+00:00,401873167,2027-01-03T18:00Z,Carolina Panthers,Seattle Seahawks,Draft Kings,totals,under,42.5,-110,1.9,2026-09-03T16:45:25.884675+00:00,200,-245,5.5,-5.5,-110,-110,42.5,-110,-110
2026_09_03_164525_884675,2026-09-03T16:45:25.884675+00:00,401873168,2027-01-03T21:05Z,Arizona Cardinals,Las Vegas Raiders,Draft Kings,h2h,home,,110,2.1,2026-09-03T16:45:25.884675+00:00,110,-130,1.5,-1.5,-105,-115,42.5,-110,-110
2026_09_03_164525_884675,2026-09-03T16:45:25.884675+00:00,401873168,2027-01-03T21:05Z,Arizona Cardinals,Las Vegas Raiders,Draft Kings,h2h,away,,-130,1.76,2026-09-03T16:45:25.884675+00:00,110,-130,1.5,-1.5,-105,-115,42.5,-110,-110
2026_09_03_164525_884675,2026-09-03T16:45:25.884675+00:00,401873168,2027-01-03T21:05Z,Arizona Cardinals,Las Vegas Raiders,Draft Kings,spreads,home,1.5,-105,1.95,2026-09-03T16:45:25.884675+00:00,110,-130,1.5,-1.5,-105,-115,42.5,-110,-110
2026_09_03_164525_884675,2026-09-03T16:45:25.884675+00:00,401873168,2027-01-03T21:05Z,Arizona Cardinals,Las Vegas Raiders,Draft Kings,spreads,away,-1.5,-115,1.86,2026-09-03T16:45:25.884675+00:00,110,-130,1.5,-1.5,-105,-115,42.5,-110,-110
2026_09_03_164525_884675,2026-09-03T16:45:25.884675+00:00,401873168,2027-01-03T21:05Z,Arizona Cardinals,Las Vegas Raiders,Draft Kings,totals,over,42.5,-110,1.9,2026-09-03T16:45:25.884675+00:00,110,-130,1.5,-1.5,-105,-115,42.5,-110,-110
2026_09_03_164525_884675,2026-09-03T16:45:25.884675+00:00,401873168,2027-01-03T21:05Z,Arizona Cardinals,Las Vegas Raiders,Draft Kings,totals,under,42.5,-110,1.9,2026-09-03T16:45:25.884675+00:00,110,-130,1.5,-1.5,-105,-115,42.5,-110,-110
2026_09_03_164525_884675,2026-09-03T16:45:25.884675+00:00,401873169,2027-01-03T21:25Z,Chicago Bears,Detroit Lions,Draft Kings,h2h,home,,-122,1.81,2026-09-03T16:45:25.884675+00:00,-122,102,-1.5,1.5,-110,-110,49.5,-110,-110
2026_09_03_164525_884675,2026-09-03T16:45:25.884675+00:00,401873169,2027-01-03T21:25Z,Chicago Bears,Detroit Lions,Draft Kings,h2h,away,,102,2.02,2026-09-03T16:45:25.884675+00:00,-122,102,-1.5,1.5,-110,-110,49.5,-110,-110
2026_09_03_164525_884675,2026-09-03T16:45:25.884675+00:00,401873169,2027-01-03T21:25Z,Chicago Bears,Detroit Lions,Draft Kings,spreads,home,-1.5,-110,1.9,2026-09-03T16:45:25.884675+00:00,-122,102,-1.5,1.5,-110,-110,49.5,-110,-110
2026_09_03_164525_884675,2026-09-03T16:45:25.884675+00:00,401873169,2027-01-03T21:25Z,Chicago Bears,Detroit Lions,Draft Kings,spreads,away,1.5,-110,1.9,2026-09-03T16:45:25.884675+00:00,-122,102,-1.5,1.5,-110,-110,49.5,-110,-110
2026_09_03_164525_884675,2026-09-03T16:45:25.884675+00:00,401873169,2027-01-03T21:25Z,Chicago Bears,Detroit Lions,Draft Kings,totals,over,49.5,-110,1.9,2026-09-03T16:45:25.884675+00:00,-122,102,-1.5,1.5,-110,-110,49.5,-110,-110
2026_09_03_164525_884675,2026-09-03T16:45:25.884675+00:00,401873169,2027-01-03T21:25Z,Chicago Bears,Detroit Lions,Draft Kings,totals,under,49.5,-110,1.9,2026-09-03T16:45:25.884675+00:00,-122,102,-1.5,1.5,-110,-110,49.5,-110,-110
2026_09_03_164525_884675,2026-09-03T16:45:25.884675+00:00,401873170,2027-01-04T01:20Z,San Francisco 49ers,Philadelphia Eagles,Draft Kings,h2h,home,,-125,1.8,2026-09-03T16:45:25.884675+00:00,-125,105,-1.5,1.5,-110,-110,45.5,-110,
2026_09_03_164525_884675,2026-09-03T16:45:25.884675+00:00,401873170,2027-01-04T01:20Z,San Francisco 49ers,Philadelphia Eagles,Draft Kings,h2h,away,,105,2.05,2026-09-03T16:45:25.884675+00:00,-125,105,-1.5,1.5,-110,-110,45.5,-110,
2026_09_03_164525_884675,2026-09-03T16:45:25.884675+00:00,401873170,2027-01-04T01:20Z,San Francisco 49ers,Philadelphia Eagles,Draft Kings,spreads,home,-1.5,-110,1.9,2026-09-03T16:45:25.884675+00:00,-125,105,-1.5,1.5,-110,-110,45.5,-110,
2026_09_03_164525_884675,2026-09-03T16:45:25.884675+00:00,401873170,2027-01-04T01:20Z,San Francisco 49ers,Philadelphia Eagles,Draft Kings,spreads,away,1.5,-110,1.9,2026-09-03T16:45:25.884675+00:00,-125,105,-1.5,1.5,-110,-110,45.5,-110,
2026_09_03_164525_884675,2026-09-03T16:45:25.884675+00:00,401873170,2027-01-04T01:20Z,San Francisco 49ers,Philadelphia Eagles,Draft Kings,totals,over,45.5,-110,1.9,2026-09-03T16:45:25.884675+00:00,-125,105,-1.5,1.5,-110,-110,45.5,-110,
2026_09_03_164525_884675,2026-09-03T16:45:25.884675+00:00,401873170,2027-01-04T01:20Z,San Francisco 49ers,Philadelphia Eagles,Draft Kings,totals,under,45.5,,,2026-09-03T16:45:25.884675+00:00,-125,105,-1.5,1.5,-110,-110,45.5,-110,
2026_09_03_164525_884675,2026-09-03T16:45:25.884675+00:00,401873171,2027-01-05T01:15Z,Green Bay Packers,Houston Texans,Draft Kings,h2h,home,,-135,1.74,2026-09-03T16:45:25.884675+00:00,-135,114,-2.5,2.5,-110,-110,42.5,-110,-110
2026_09_03_164525_884675,2026-09-03T16:45:25.884675+00:00,401873171,2027-01-05T01:15Z,Green Bay Packers,Houston Texans,Draft Kings,h2h,away,,114,2.14,2026-09-03T16:45:25.884675+00:00,-135,114,-2.5,2.5,-110,-110,42.5,-110,-110
2026_09_03_164525_884675,2026-09-03T16:45:25.884675+00:00,401873171,2027-01-05T01:15Z,Green Bay Packers,Houston Texans,Draft Kings,spreads,home,-2.5,-110,1.9,2026-09-03T16:45:25.884675+00:00,-135,114,-2.5,2.5,-110,-110,42.5,-110,-110
2026_09_03_164525_884675,2026-09-03T16:45:25.884675+00:00,401873171,2027-01-05T01:15Z,Green Bay Packers,Houston Texans,Draft Kings,spreads,away,2.5,-110,1.9,2026-09-03T16:45:25.884675+00:00,-135,114,-2.5,2.5,-110,-110,42.5,-110,-110
2026_09_03_164525_884675,2026-09-03T16:45:25.884675+00:00,401873171,2027-01-05T01:15Z,Green Bay Packers,Houston Texans,Draft Kings,totals,over,42.5,-110,1.9,2026-09-03T16:45:25.884675+00:00,-135,114,-2.5,2.5,-110,-110,42.5,-110,-110
2026_09_03_164525_884675,2026-09-03T16:45:25.884675+00:00,401873171,2027-01-05T01:15Z,Green Bay Packers,Houston Texans,Draft Kings,totals,under,42.5,-110,1.9,2026-09-03T16:45:25.884675+00:00,-135,114,-2.5,2.5,-110,-110,42.5,-110,-110
2026_09_03_164525_884675,2026-09-03T16:45:25.884675+00:00,401873172,2027-01-10T05:00Z,Carolina Panthers,Atlanta Falcons,Draft Kings,h2h,home,,-135,1.74,2026-09-03T16:45:25.884675+00:00,-135,114,-2.5,2.5,-110,-110,41.5,-110,-110
2026_09_03_164525_884675,2026-09-03T16:45:25.884675+00:00,401873172,2027-01-10T05:00Z,Carolina Panthers,Atlanta Falcons,Draft Kings,h2h,away,,114,2.14,2026-09-03T16:45:25.884675+00:00,-135,114,-2.5,2.5,-110,-110,41.5,-110,-110
2026_09_03_164525_884675,2026-09-03T16:45:25.884675+00:00,401873172,2027-01-10T05:00Z,Carolina Panthers,Atlanta Falcons,Draft Kings,spreads,home,-2.5,-110,1.9,2026-09-03T16:45:25.884675+00:00,-135,114,-2.5,2.5,-110,-110,41.5,-110,-110
2026_09_03_164525_884675,2026-09-03T16:45:25.884675+00:00,401873172,2027-01-10T05:00Z,Carolina Panthers,Atlanta Falcons,Draft Kings,spreads,away,2.5,-110,1.9,2026-09-03T16:45:25.884675+00:00,-135,114,-2.5,2.5,-110,-110,41.5,-110,-110
2026_09_03_164525_884675,2026-09-03T16:45:25.884675+00:00,401873172,2027-01-10T05:00Z,Carolina Panthers,Atlanta Falcons,Draft Kings,totals,over,41.5,-110,1.9,2026-09-03T16:45:25.884675+00:00,-135,114,-2.5,2.5,-110,-110,41.5,-110,-110
2026_09_03_164525_884675,2026-09-03T16:45:25.884675+00:00,401873172,2027-01-10T05:00Z,Carolina Panthers,Atlanta Falcons,Draft Kings,totals,under,41.5,-110,1.9,2026-09-03T16:45:25.884675+00:00,-135,114,-2.5,2.5,-110,-110,41.5,-110,-110
2026_09_03_164525_884675,2026-09-03T16:45:25.884675+00:00,401873173,2027-01-10T05:00Z,Minnesota Vikings,Chicago Bears,Draft Kings,h2h,home,,-125,1.8,2026-09-03T16:45:25.884675+00:00,-125,105,-1.5,1.5,-110,-110,43.5,-110,-110
2026_09_03_164525_884675,2026-09-03T16:45:25.884675+00:00,401873173,2027-01-10T05:00Z,Minnesota Vikings,Chicago Bears,Draft Kings,h2h,away,,105,2.05,2026-09-03T16:45:25.884675+00:00,-125,105,-1.5,1.5,-110,-110,43.5,-110,-110
2026_09_03_164525_884675,2026-09-03T16:45:25.884675+00:00,401873173,2027-01-10T05:00Z,Minnesota Vikings,Chicago Bears,Draft Kings,spreads,home,-1.5,-110,1.9,2026-09-03T16:45:25.884675+00:00,-125,105,-1.5,1.5,-110,-110,43.5,-110,-110
2026_09_03_164525_884675,2026-09-03T16:45:25.884675+00:00,401873173,2027-01-10T05:00Z,Minnesota Vikings,Chicago Bears,Draft Kings,spreads,away,1.5,-110,1.9,2026-09-03T16:45:25.884675+00:00,-125,105,-1.5,1.5,-110,-110,43.5,-110,-110
2026_09_03_164525_884675,2026-09-03T16:45:25.884675+00:00,401873173,2027-01-10T05:00Z,Minnesota Vikings,Chicago Bears,Draft Kings,totals,over,43.5,-110,1.9,2026-09-03T16:45:25.884675+00:00,-125,105,-1.5,1.5,-110,-110,43.5,-110,-110
2026_09_03_164525_884675,2026-09-03T16:45:25.884675+00:00,401873173,2027-01-10T05:00Z,Minnesota Vikings,Chicago Bears,Draft Kings,totals,under,43.5,-110,1.9,2026-09-03T16:45:25.884675+00:00,-125,105,-1.5,1.5,-110,-110,43.5,-110,-110
2026_09_03_164525_884675,2026-09-03T16:45:25.884675+00:00,401873174,2027-01-10T05:00Z,Cincinnati Bengals,Cleveland Browns,Draft Kings,h2h,home,,-355,1.28,2026-09-03T16:45:25.884675+00:00,-355,280,-7.5,7.5,-110,-110,43.5,-110,-110
2026_09_03_164525_884675,2026-09-03T16:45:25.884675+00:00,401873174,2027-01-10T05:00Z,Cincinnati Bengals,Cleveland Browns,Draft Kings,h2h,away,,280,3.8,2026-09-03T16:45:25.884675+00:00,-355,280,-7.5,7.5,-110,-110,43.5,-110,-110
2026_09_03_164525_884675,2026-09-03T16:45:25.884675+00:00,401873174,2027-01-10T05:00Z,Cincinnati Bengals,Cleveland Browns,Draft Kings,spreads,home,-7.5,-110,1.9,2026-09-03T16:45:25.884675+00:00,-355,280,-7.5,7.5,-110,-110,43.5,-110,-110
2026_09_03_164525_884675,2026-09-03T16:45:25.884675+00:00,401873174,2027-01-10T05:00Z,Cincinnati Bengals,Cleveland Browns,Draft Kings,spreads,away,7.5,-110,1.9,2026-09-03T16:45:25.884675+00:00,-355,280,-7.5,7.5,-110,-110,43.5,-110,-110
2026_09_03_164525_884675,2026-09-03T16:45:25.884675+00:00,401873174,2027-01-10T05:00Z,Cincinnati Bengals,Cleveland Browns,Draft Kings,totals,over,43.5,-110,1.9,2026-09-03T16:45:25.884675+00:00,-355,280,-7.5,7.5,-110,-110,43.5,-110,-110
2026_09_03_164525_884675,2026-09-03T16:45:25.884675+00:00,401873174,2027-01-10T05:00Z,Cincinnati Bengals,Cleveland Browns,Draft Kings,totals,under,43.5,-110,1.9,2026-09-03T16:45:25.884675+00:00,-355,280,-7.5,7.5,-110,-110,43.5,-110,-110
2026_09_03_164525_884675,2026-09-03T16:45:25.884675+00:00,401873175,2027-01-10T05:00Z,Washington Commanders,Dallas Cowboys,Draft Kings,h2h,home,,102,2.02,2026-09-03T16:45:25.884675+00:00,102,-122,1.5,-1.5,-110,-110,49.5,-110,-110
2026_09_03_164525_884675,2026-09-03T16:45:25.884675+00:00,401873175,2027-01-10T05:00Z,Washington Commanders,Dallas Cowboys,Draft Kings,h2h,away,,-122,1.81,2026-09-03T16:45:25.884675+00:00,102,-122,1.5,-1.5,-110,-110,49.5,-110,-110
2026_09_03_164525_884675,2026-09-03T16:45:25.884675+00:00,401873175,2027-01-10T05:00Z,Washington Commanders,Dallas Cowboys,Draft Kings,spreads,home,1.5,-110,1.9,2026-09-03T16:45:25.884675+00:00,102,-122,1.5,-1.5,-110,-110,49.5,-110,-110
2026_09_03_164525_884675,2026-09-03T16:45:25.884675+00:00,401873175,2027-01-10T05:00Z,Washington Commanders,Dallas Cowboys,Draft Kings,spreads,away,-1.5,-110,1.9,2026-09-03T16:45:25.884675+00:00,102,-122,1.5,-1.5,-110,-110,49.5,-110,-110
2026_09_03_164525_884675,2026-09-03T16:45:25.884675+00:00,401873175,2027-01-10T05:00Z,Washington Commanders,Dallas Cowboys,Draft Kings,totals,over,49.5,-110,1.9,2026-09-03T16:45:25.884675+00:00,102,-122,1.5,-1.5,-110,-110,49.5,-110,-110
2026_09_03_164525_884675,2026-09-03T16:45:25.884675+00:00,401873175,2027-01-10T05:00Z,Washington Commanders,Dallas Cowboys,Draft Kings,totals,under,49.5,-110,1.9,2026-09-03T16:45:25.884675+00:00,102,-122,1.5,-1.5,-110,-110,49.5,-110,-110
2026_09_03_164525_884675,2026-09-03T16:45:25.884675+00:00,401873176,2027-01-10T05:00Z,Green Bay Packers,Detroit Lions,Draft Kings,h2h,home,,-135,1.74,2026-09-03T16:45:25.884675+00:00,-135,114,-2.5,2.5,-110,-110,47.5,-110,-110
2026_09_03_164525_884675,2026-09-03T16:45:25.884675+00:00,401873176,2027-01-10T05:00Z,Green Bay Packers,Detroit Lions,Draft Kings,h2h,away,,114,2.14,2026-09-03T16:45:25.884675+00:00,-135,114,-2.5,2.5,-110,-110,47.5,-110,-110
2026_09_03_164525_884675,2026-09-03T16:45:25.884675+00:00,401873176,2027-01-10T05:00Z,Green Bay Packers,Detroit Lions,Draft Kings,spreads,home,-2.5,-110,1.9,2026-09-03T16:45:25.884675+00:00,-135,114,-2.5,2.5,-110,-110,47.5,-110,-110
2026_09_03_164525_884675,2026-09-03T16:45:25.884675+00:00,401873176,2027-01-10T05:00Z,Green Bay Packers,Detroit Lions,Draft Kings,spreads,away,2.5,-110,1.9,2026-09-03T16:45:25.884675+00:00,-135,114,-2.5,2.5,-110,-110,47.5,-110,-110
2026_09_03_164525_884675,2026-09-03T16:45:25.884675+00:00,401873176,2027-01-10T05:00Z,Green Bay Packers,Detroit Lions,Draft Kings,totals,over,47.5,-110,1.9,2026-09-03T16:45:25.884675+00:00,-135,114,-2.5,2.5,-110,-110,47.5,-110,-110
2026_09_03_164525_884675,2026-09-03T16:45:25.884675+00:00,401873176,2027-01-10T05:00Z,Green Bay Packers,Detroit Lions,Draft Kings,totals,under,47.5,-110,1.9,2026-09-03T16:45:25.884675+00:00,-135,114,-2.5,2.5,-110,-110,47.5,-110,-110
2026_09_03_164525_884675,2026-09-03T16:45:25.884675+00:00,401873177,2027-01-10T05:00Z,Indianapolis Colts,Jacksonville Jaguars,Draft Kings,h2h,home,,-125,1.8,2026-09-03T16:45:25.884675+00:00,-125,105,-1.5,1.5,-110,-110,46.5,-110,-110
2026_09_03_164525_884675,2026-09-03T16:45:25.884675+00:00,401873177,2027-01-10T05:00Z,Indianapolis Colts,Jacksonville Jaguars,Draft Kings,h2h,away,,105,2.05,2026-09-03T16:45:25.884675+00:00,-125,105,-1.5,1.5,-110,-110,46.5,-110,-110
2026_09_03_164525_884675,2026-09-03T16:45:25.884675+00:00,401873177,2027-01-10T05:00Z,Indianapolis Colts,Jacksonville Jaguars,Draft Kings,spreads,home,-1.5,-110,1.9,2026-09-03T16:45:25.884675+00:00,-125,105,-1.5,1.5,-110,-110,46.5,-110,-110
2026_09_03_164525_884675,2026-09-03T16:45:25.884675+00:00,401873177,2027-01-10T05:00Z,Indianapolis Colts,Jacksonville Jaguars,Draft Kings,spreads,away,1.5,-110,1.9,2026-09-03T16:45:25.884675+00:00,-125,105,-1.5,1.5,-110,-110,46.5,-110,-110
2026_09_03_164525_884675,2026-09-03T16:45:25.884675+00:00,401873177,2027-01-10T05:00Z,Indianapolis Colts,Jacksonville Jaguars,Draft Kings,totals,over,46.5,-110,1.9,2026-09-03T16:45:25.884675+00:00,-125,105,-1.5,1.5,-110,-110,46.5,-110,-110
2026_09_03_164525_884675,2026-09-03T16:45:25.884675+00:00,401873177,2027-01-10T05:00Z,Indianapolis Colts,Jacksonville Jaguars,Draft Kings,totals,under,46.5,-110,1.9,2026-09-03T16:45:25.884675+00:00,-125,105,-1.5,1.5,-110,-110,46.5,-110,-110
2026_09_03_164525_884675,2026-09-03T16:45:25.884675+00:00,401873178,2027-01-10T05:00Z,Kansas City Chiefs,Las Vegas Raiders,Draft Kings,h2h,home,,-395,1.25,2026-09-03T16:45:25.884675+00:00,-395,310,-8.5,8.5,-110,-110,40.5,-110,-110
2026_09_03_164525_884675,2026-09-03T16:45:25.884675+00:00,401873178,2027-01-10T05:00Z,Kansas City Chiefs,Las Vegas Raiders,Draft Kings,h2h,away,,310,4.1,2026-09-03T16:45:25.884675+00:00,-395,310,-8.5,8.5,-110,-110,40.5,-110,-110
2026_09_03_164525_884675,2026-09-03T16:45:25.884675+00:00,401873178,2027-01-10T05:00Z,Kansas City Chiefs,Las Vegas Raiders,Draft Kings,spreads,home,-8.5,-110,1.9,2026-09-03T16:45:25.884675+00:00,-395,310,-8.5,8.5,-110,-110,40.5,-110,-110
2026_09_03_164525_884675,2026-09-03T16:45:25.884675+00:00,401873178,2027-01-10T05:00Z,Kansas City Chiefs,Las Vegas Raiders,Draft Kings,spreads,away,8.5,-110,1.9,2026-09-03T16:45:25.884675+00:00,-395,310,-8.5,8.5,-110,-110,40.5,-110,-110
2026_09_03_164525_884675,2026-09-03T16:45:25.884675+00:00,401873178,2027-01-10T05:00Z,Kansas City Chiefs,Las Vegas Raiders,Draft Kings,totals,over,40.5,-110,1.9,2026-09-03T16:45:25.884675+00:00,-395,310,-8.5,8.5,-110,-110,40.5,-110,-110
2026_09_03_164525_884675,2026-09-03T16:45:25.884675+00:00,401873178,2027-01-10T05:00Z,Kansas City Chiefs,Las Vegas Raiders,Draft Kings,totals,under,40.5,-110,1.9,2026-09-03T16:45:25.884675+00:00,-395,310,-8.5,8.5,-110,-110,40.5,-110,-110
2026_09_03_164525_884675,2026-09-03T16:45:25.884675+00:00,401873179,2027-01-10T05:00Z,Denver Broncos,Los Angeles Chargers,Draft Kings,h2h,home,,-122,1.81,2026-09-03T16:45:25.884675+00:00,-122,102,-1.5,1.5,-110,-110,41.5,-110,-110
2026_09_03_164525_884675,2026-09-03T16:45:25.884675+00:00,401873179,2027-01-10T05:00Z,Denver Broncos,Los Angeles Chargers,Draft Kings,h2h,away,,102,2.02,2026-09-03T16:45:25.884675+00:00,-122,102,-1.5,1.5,-110,-110,41.5,-110,-110
2026_09_03_164525_884675,2026-09-03T16:45:25.884675+00:00,401873179,2027-01-10T05:00Z,Denver Broncos,Los Angeles Chargers,Draft Kings,spreads,home,-1.5,-110,1.9,2026-09-03T16:45:25.884675+00:00,-122,102,-1.5,1.5,-110,-110,41.5,-110,-110
2026_09_03_164525_884675,2026-09-03T16:45:25.884675+00:00,401873179,2027-01-10T05:00Z,Denver Broncos,Los Angeles Chargers,Draft Kings,spreads,away,1.5,-110,1.9,2026-09-03T16:45:25.884675+00:00,-122,102,-1.5,1.5,-110,-110,41.5,-110,-110
2026_09_03_164525_884675,2026-09-03T16:45:25.884675+00:00,401873179,2027-01-10T05:00Z,Denver Broncos,Los Angeles Chargers,Draft Kings,totals,over,41.5,-110,1.9,2026-09-03T16:45:25.884675+00:00,-122,102,-1.5,1.5,-110,-110,41.5,-110,-110
2026_09_03_164525_884675,2026-09-03T16:45:25.884675+00:00,401873179,2027-01-10T05:00Z,Denver Broncos,Los Angeles Chargers,Draft Kings,totals,under,41.5,-110,1.9,2026-09-03T16:45:25.884675+00:00,-122,102,-1.5,1.5,-110,-110,41.5,-110,-110
2026_09_03_164525_884675,2026-09-03T16:45:25.884675+00:00,401873180,2027-01-10T05:00Z,New England Patriots,Miami Dolphins,Draft Kings,h2h,home,,-600,1.16,2026-09-03T16:45:25.884675+00:00,-600,440,-10.5,10.5,-110,-110,42.5,-110,-110
2026_09_03_164525_884675,2026-09-03T16:45:25.884675+00:00,401873180,2027-01-10T05:00Z,New England Patriots,Miami Dolphins,Draft Kings,h2h,away,,440,5.4,2026-09-03T16:45:25.884675+00:00,-600,440,-10.5,10.5,-110,-110,42.5,-110,-110
2026_09_03_164525_884675,2026-09-03T16:45:25.884675+00:00,401873180,2027-01-10T05:00Z,New England Patriots,Miami Dolphins,Draft Kings,spreads,home,-10.5,-110,1.9,2026-09-03T16:45:25.884675+00:00,-600,440,-10.5,10.5,-110,-110,42.5,-110,-110
2026_09_03_164525_884675,2026-09-03T16:45:25.884675+00:00,401873180,2027-01-10T05:00Z,New England Patriots,Miami Dolphins,Draft Kings,spreads,away,10.5,-110,1.9,2026-09-03T16:45:25.884675+00:00,-600,440,-10.5,10.5,-110,-110,42.5,-110,-110
2026_09_03_164525_884675,2026-09-03T16:45:25.884675+00:00,401873180,2027-01-10T05:00Z,New England Patriots,Miami Dolphins,Draft Kings,totals,over,42.5,-110,1.9,2026-09-03T16:45:25.884675+00:00,-600,440,-10.5,10.5,-110,-110,42.5,-110,-110
2026_09_03_164525_884675,2026-09-03T16:45:25.884675+00:00,401873180,2027-01-10T05:00Z,New England Patriots,Miami Dolphins,Draft Kings,totals,under,42.5,-110,1.9,2026-09-03T16:45:25.884675+00:00,-600,440,-10.5,10.5,-110,-110,42.5,-110,-110
2026_09_03_164525_884675,2026-09-03T16:45:25.884675+00:00,401873181,2027-01-10T05:00Z,Buffalo Bills,New York Jets,Draft Kings,h2h,home,,-485,1.2,2026-09-03T16:45:25.884675+00:00,-485,370,-10,10,-110,-110,43.5,-110,-110
2026_09_03_164525_884675,2026-09-03T16:45:25.884675+00:00,401873181,2027-01-10T05:00Z,Buffalo Bills,New York Jets,Draft Kings,h2h,away,,370,4.7,2026-09-03T16:45:25.884675+00:00,-485,370,-10,10,-110,-110,43.5,-110,-110
2026_09_03_164525_884675,2026-09-03T16:45:25.884675+00:00,401873181,2027-01-10T05:00Z,Buffalo Bills,New York Jets,Draft Kings,spreads,home,-10,-110,1.9,2026-09-03T16:45:25.884675+00:00,-485,370,-10,10,-110,-110,43.5,-110,-110
2026_09_03_164525_884675,2026-09-03T16:45:25.884675+00:00,401873181,2027-01-10T05:00Z,Buffalo Bills,New York Jets,Draft Kings,spreads,away,10,-110,1.9,2026-09-03T16:45:25.884675+00:00,-485,370,-10,10,-110,-110,43.5,-110,-110
2026_09_03_164525_884675,2026-09-03T16:45:25.884675+00:00,401873181,2027-01-10T05:00Z,Buffalo Bills,New York Jets,Draft Kings,totals,over,43.5,-110,1.9,2026-09-03T16:45:25.884675+00:00,-485,370,-10,10,-110,-110,43.5,-110,-110
2026_09_03_164525_884675,2026-09-03T16:45:25.884675+00:00,401873181,2027-01-10T05:00Z,Buffalo Bills,New York Jets,Draft Kings,totals,under,43.5,-110,1.9,2026-09-03T16:45:25.884675+00:00,-485,370,-10,10,-110,-110,43.5,-110,-110
2026_09_03_164525_884675,2026-09-03T16:45:25.884675+00:00,401873182,2027-01-10T05:00Z,New York Giants,Philadelphia Eagles,Draft Kings,h2h,home,,130,2.3,2026-09-03T16:45:25.884675+00:00,130,-155,3,-3,-110,-110,41.5,-110,-110
2026_09_03_164525_884675,2026-09-03T16:45:25.884675+00:00,401873182,2027-01-10T05:00Z,New York Giants,Philadelphia Eagles,Draft Kings,h2h,away,,-155,1.64,2026-09-03T16:45:25.884675+00:00,130,-155,3,-3,-110,-110,41.5,-110,-110
2026_09_03_164525_884675,2026-09-03T16:45:25.884675+00:00,401873182,2027-01-10T05:00Z,New York Giants,Philadelphia Eagles,Draft Kings,spreads,home,3,-110,1.9,2026-09-03T16:45:25.884675+00:00,130,-155,3,-3,-110,-110,41.5,-110,-110
2026_09_03_164525_884675,2026-09-03T16:45:25.884675+00:00,401873182,2027-01-10T05:00Z,New York Giants,Philadelphia Eagles,Draft Kings,spreads,away,-3,-110,1.9,2026-09-03T16:45:25.884675+00:00,130,-155,3,-3,-110,-110,41.5,-110,-110
2026_09_03_164525_884675,2026-09-03T16:45:25.884675+00:00,401873182,2027-01-10T05:00Z,New York Giants,Philadelphia Eagles,Draft Kings,totals,over,41.5,-110,1.9,2026-09-03T16:45:25.884675+00:00,130,-155,3,-3,-110,-110,41.5,-110,-110
2026_09_03_164525_884675,2026-09-03T16:45:25.884675+00:00,401873182,2027-01-10T05:00Z,New York Giants,Philadelphia Eagles,Draft Kings,totals,under,41.5,-110,1.9,2026-09-03T16:45:25.884675+00:00,130,-155,3,-3,-110,-110,41.5,-110,-110
2026_09_03_164525_884675,2026-09-03T16:45:25.884675+00:00,401873183,2027-01-10T05:00Z,Baltimore Ravens,Pittsburgh Steelers,Draft Kings,h2h,home,,-238,1.42,2026-09-03T16:45:25.884675+00:00,-238,195,-5.5,5.5,-110,-110,43.5,-110,-110
2026_09_03_164525_884675,2026-09-03T16:45:25.884675+00:00,401873183,2027-01-10T05:00Z,Baltimore Ravens,Pittsburgh Steelers,Draft Kings,h2h,away,,195,2.95,2026-09-03T16:45:25.884675+00:00,-238,195,-5.5,5.5,-110,-110,43.5,-110,-110
2026_09_03_164525_884675,2026-09-03T16:45:25.884675+00:00,401873183,2027-01-10T05:00Z,Baltimore Ravens,Pittsburgh Steelers,Draft Kings,spreads,home,-5.5,-110,1.9,2026-09-03T16:45:25.884675+00:00,-238,195,-5.5,5.5,-110,-110,43.5,-110,-110
2026_09_03_164525_884675,2026-09-03T16:45:25.884675+00:00,401873183,2027-01-10T05:00Z,Baltimore Ravens,Pittsburgh Steelers,Draft Kings,spreads,away,5.5,-110,1.9,2026-09-03T16:45:25.884675+00:00,-238,195,-5.5,5.5,-110,-110,43.5,-110,-110
2026_09_03_164525_884675,2026-09-03T16:45:25.884675+00:00,401873183,2027-01-10T05:00Z,Baltimore Ravens,Pittsburgh Steelers,Draft Kings,totals,over,43.5,-110,1.9,2026-09-03T16:45:25.884675+00:00,-238,195,-5.5,5.5,-110,-110,43.5,-110,-110
2026_09_03_164525_884675,2026-09-03T16:45:25.884675+00:00,401873183,2027-01-10T05:00Z,Baltimore Ravens,Pittsburgh Steelers,Draft Kings,totals,under,43.5,-110,1.9,2026-09-03T16:45:25.884675+00:00,-238,195,-5.5,5.5,-110,-110,43.5,-110,-110
2026_09_03_164525_884675,2026-09-03T16:45:25.884675+00:00,401873184,2027-01-10T05:00Z,Arizona Cardinals,San Francisco 49ers,Draft Kings,h2h,home,,330,4.3,2026-09-03T16:45:25.884675+00:00,330,-425,8.5,-8.5,-110,-110,44.5,-110,-110
2026_09_03_164525_884675,2026-09-03T16:45:25.884675+00:00,401873184,2027-01-10T05:00Z,Arizona Cardinals,San Francisco 49ers,Draft Kings,h2h,away,,-425,1.23,2026-09-03T16:45:25.884675+00:00,330,-425,8.5,-8.5,-110,-110,44.5,-110,-110
2026_09_03_164525_884675,2026-09-03T16:45:25.884675+00:00,401873184,2027-01-10T05:00Z,Arizona Cardinals,San Francisco 49ers,Draft Kings,spreads,home,8.5,-110,1.9,2026-09-03T16:45:25.884675+00:00,330,-425,8.5,-8.5,-110,-110,44.5,-110,-110
2026_09_03_164525_884675,2026-09-03T16:45:25.884675+00:00,401873184,2027-01-10T05:00Z,Arizona Cardinals,San Francisco 49ers,Draft Kings,spreads,away,-8.5,-110,1.9,2026-09-03T16:45:25.884675+00:00,330,-425,8.5,-8.5,-110,-110,44.5,-110,-110
2026_09_03_164525_884675,2026-09-03T16:45:25.884675+00:00,401873184,2027-01-10T05:00Z,Arizona Cardinals,San Francisco 49ers,Draft Kings,totals,over,44.5,-110,1.9,2026-09-03T16:45:25.884675+00:00,330,-425,8.5,-8.5,-110,-110,44.5,-110,-110
2026_09_03_164525_884675,2026-09-03T16:45:25.884675+00:00,401873184,2027-01-10T05:00Z,Arizona Cardinals,San Francisco 49ers,Draft Kings,totals,under,44.5,-110,1.9,2026-09-03T16:45:25.884675+00:00,330,-425,8.5,-8.5,-110,-110,44.5,-110,-110
2026_09_03_164525_884675,2026-09-03T16:45:25.884675+00:00,401873185,2027-01-10T05:00Z,Los Angeles Rams,Seattle Seahawks,Draft Kings,h2h,home,,-155,1.64,2026-09-03T16:45:25.884675+00:00,-155,130,-3,3,-110,-110,44.5,-110,-110
2026_09_03_164525_884675,2026-09-03T16:45:25.884675+00:00,401873185,2027-01-10T05:00Z,Los Angeles Rams,Seattle Seahawks,Draft Kings,h2h,away,,130,2.3,2026-09-03T16:45:25.884675+00:00,-155,130,-3,3,-110,-110,44.5,-110,-110
2026_09_03_164525_884675,2026-09-03T16:45:25.884675+00:00,401873185,2027-01-10T05:00Z,Los Angeles Rams,Seattle Seahawks,Draft Kings,spreads,home,-3,-110,1.9,2026-09-03T16:45:25.884675+00:00,-155,130,-3,3,-110,-110,44.5,-110,-110
2026_09_03_164525_884675,2026-09-03T16:45:25.884675+00:00,401873185,2027-01-10T05:00Z,Los Angeles Rams,Seattle Seahawks,Draft Kings,spreads,away,3,-110,1.9,2026-09-03T16:45:25.884675+00:00,-155,130,-3,3,-110,-110,44.5,-110,-110
2026_09_03_164525_884675,2026-09-03T16:45:25.884675+00:00,401873185,2027-01-10T05:00Z,Los Angeles Rams,Seattle Seahawks,Draft Kings,totals,over,44.5,-110,1.9,2026-09-03T16:45:25.884675+00:00,-155,130,-3,3,-110,-110,44.5,-110,-110
2026_09_03_164525_884675,2026-09-03T16:45:25.884675+00:00,401873185,2027-01-10T05:00Z,Los Angeles Rams,Seattle Seahawks,Draft Kings,totals,under,44.5,-110,1.9,2026-09-03T16:45:25.884675+00:00,-155,130,-3,3,-110,-110,44.5,-110,-110
2026_09_03_164525_884675,2026-09-03T16:45:25.884675+00:00,401873186,2027-01-10T05:00Z,New Orleans Saints,Tampa Bay Buccaneers,Draft Kings,h2h,home,,105,2.05,2026-09-03T16:45:25.884675+00:00,105,-125,1.5,-1.5,-110,-110,43.5,-110,-110
2026_09_03_164525_884675,2026-09-03T16:45:25.884675+00:00,401873186,2027-01-10T05:00Z,New Orleans Saints,Tampa Bay Buccaneers,Draft Kings,h2h,away,,-125,1.8,2026-09-03T16:45:25.884675+00:00,105,-125,1.5,-1.5,-110,-110,43.5,-110,-110
2026_09_03_164525_884675,2026-09-03T16:45:25.884675+00:00,401873186,2027-01-10T05:00Z,New Orleans Saints,Tampa Bay Buccaneers,Draft Kings,spreads,home,1.5,-110,1.9,2026-09-03T16:45:25.884675+00:00,105,-125,1.5,-1.5,-110,-110,43.5,-110,-110
2026_09_03_164525_884675,2026-09-03T16:45:25.884675+00:00,401873186,2027-01-10T05:00Z,New Orleans Saints,Tampa Bay Buccaneers,Draft Kings,spreads,away,-1.5,-110,1.9,2026-09-03T16:45:25.884675+00:00,105,-125,1.5,-1.5,-110,-110,43.5,-110,-110
2026_09_03_164525_884675,2026-09-03T16:45:25.884675+00:00,401873186,2027-01-10T05:00Z,New Orleans Saints,Tampa Bay Buccaneers,Draft Kings,totals,over,43.5,-110,1.9,2026-09-03T16:45:25.884675+00:00,105,-125,1.5,-1.5,-110,-110,43.5,-110,-110
2026_09_03_164525_884675,2026-09-03T16:45:25.884675+00:00,401873186,2027-01-10T05:00Z,New Orleans Saints,Tampa Bay Buccaneers,Draft Kings,totals,under,43.5,-110,1.9,2026-09-03T16:45:25.884675+00:00,105,-125,1.5,-1.5,-110,-110,43.5,-110,-110
2026_09_03_164525_884675,2026-09-03T16:45:25.884675+00:00,401873187,2027-01-10T05:00Z,Houston Texans,Tennessee Titans,Draft Kings,h2h,home,,-290,1.34,2026-09-03T16:45:25.884675+00:00,-290,235,-7,7,-110,-110,39.5,-110,-110
2026_09_03_164525_884675,2026-09-03T16:45:25.884675+00:00,401873187,2027-01-10T05:00Z,Houston Texans,Tennessee Titans,Draft Kings,h2h,away,,235,3.35,2026-09-03T16:45:25.884675+00:00,-290,235,-7,7,-110,-110,39.5,-110,-110
2026_09_03_164525_884675,2026-09-03T16:45:25.884675+00:00,401873187,2027-01-10T05:00Z,Houston Texans,Tennessee Titans,Draft Kings,spreads,home,-7,-110,1.9,2026-09-03T16:45:25.884675+00:00,-290,235,-7,7,-110,-110,39.5,-110,-110
2026_09_03_164525_884675,2026-09-03T16:45:25.884675+00:00,401873187,2027-01-10T05:00Z,Houston Texans,Tennessee Titans,Draft Kings,spreads,away,7,-110,1.9,2026-09-03T16:45:25.884675+00:00,-290,235,-7,7,-110,-110,39.5,-110,-110
2026_09_03_164525_884675,2026-09-03T16:45:25.884675+00:00,401873187,2027-01-10T05:00Z,Houston Texans,Tennessee Titans,Draft Kings,totals,over,39.5,-110,1.9,2026-09-03T16:45:25.884675+00:00,-290,235,-7,7,-110,-110,39.5,-110,-110
2026_09_03_164525_884675,2026-09-03T16:45:25.884675+00:00,401873187,2027-01-10T05:00Z,Houston Texans,Tennessee Titans,Draft Kings,totals,under,39.5,-110,1.9,2026-09-03T16:45:25.884675+00:00,-290,235,-7,7,-110,-110,39.5,-110,-110
