league,market_type,bucket_dimension,bucket,bets,wins,losses,pushes,total,win_pct,units_flat,roi_flat,units_kelly,roi_kelly,avg_ev,avg_edge_vs_market_pp,avg_kelly_pct,avg_model_prob,avg_odds_american
ncaam,spread,dow,FRI,71,39,30,2,71,0.5652,6.2266,0.0877,0.220901,0.1261,0.1372,9.2191,0.1471,0.5898,-102.2
ncaam,spread,dow,MON,51,28,23,0,51,0.549,3.0721,0.0602,0.165419,0.1592,0.0892,6.6657,0.0962,0.5643,-99.7
ncaam,spread,dow,SAT,283,151,129,3,283,0.5393,10.6072,0.0375,0.310109,0.0425,0.1162,8.1678,0.1258,0.5801,-107.5
ncaam,spread,dow,SUN,67,41,25,1,67,0.6212,13.0034,0.1941,0.336693,0.2209,0.1205,8.4018,0.131,0.5827,-105.4
ncaam,spread,dow,THU,110,57,50,3,110,0.5327,2.8321,0.0257,0.111743,0.0529,0.0852,6.5749,0.0925,0.5646,-108.5
ncaam,spread,dow,TUE,115,70,40,5,115,0.6364,24.5858,0.2138,0.481966,0.1746,0.1253,8.6356,0.1354,0.5845,-108.1
ncaam,spread,dow,WED,149,92,54,3,149,0.6301,31.3208,0.2102,0.806394,0.2262,0.1139,7.9778,0.1231,0.5784,-108.0
