league,market_type,bucket_dimension,bucket,bets,wins,losses,pushes,total,win_pct,units_flat,roi_flat,units_kelly,roi_kelly,avg_ev,avg_edge_vs_market_pp,avg_kelly_pct,avg_model_prob,avg_odds_american
ncaam,spread,win_prob,0.40_to_0.50,1,1,0,0,1,1.0,1.02,1.02,0.000707,1.02,0.0028,2.2537,0.0028,0.4964,102.0
ncaam,spread,win_prob,0.50_to_0.60,1485,761,699,25,1485,0.5212,2.3777,0.0016,0.225386,0.0083,0.0675,5.651,0.0732,0.5557,-106.2
ncaam,spread,win_prob,0.60_to_0.70,333,162,164,7,333,0.4969,-15.2343,-0.0457,-0.714675,-0.0448,0.2115,13.1711,0.2303,0.6323,-106.9
ncaam,spread,win_prob,0.70_to_0.80,29,21,8,0,29,0.7241,11.3775,0.3923,0.568875,0.3923,0.4093,23.418,0.4432,0.7329,-108.4
ncaam,spread,win_prob,0.80_to_0.90,16,13,2,1,16,0.8667,9.6946,0.6059,0.484731,0.6059,0.5926,33.3919,0.6627,0.8412,-112.3
ncaam,spread,win_prob,0.90_plus,15,15,0,0,15,1.0,13.7621,0.9175,0.688107,0.9175,0.8401,46.0424,0.9165,0.9599,-95.7
