league,market_type,bucket_dimension,bucket,bets,wins,losses,pushes,total,win_pct,units_flat,roi_flat,units_kelly,roi_kelly,avg_ev,avg_edge_vs_market_pp,avg_kelly_pct,avg_model_prob,avg_odds_american
ncaam,spread,month,DEC,231,113,113,5,231,0.5,-8.7199,-0.0377,-0.374015,-0.0574,0.1228,8.5159,0.1331,0.5845,-106.1
ncaam,spread,month,FEB,587,296,280,11,587,0.5139,-6.8846,-0.0117,-0.029289,-0.0024,0.0805,6.3006,0.0874,0.5625,-105.6
ncaam,spread,month,JAN,562,286,263,13,562,0.5209,0.5138,0.0009,0.251948,0.0188,0.0951,7.0579,0.103,0.5701,-106.9
ncaam,spread,month,MAR,249,135,114,0,249,0.5422,9.0413,0.0363,0.298505,0.0548,0.0993,7.5756,0.11,0.5756,-105.1
ncaam,spread,month,NOV,258,147,107,4,258,0.5787,28.7868,0.1116,1.092972,0.1243,0.212,13.1117,0.2302,0.6306,-107.7
