league,market_type,bucket_dimension,bucket,bets,wins,losses,pushes,total,win_pct,units_flat,roi_flat,units_kelly,roi_kelly,avg_ev,avg_edge_vs_market_pp,avg_kelly_pct,avg_model_prob,avg_odds_american
ncaam,spread,month,DEC,137,71,63,3,137,0.5299,2.8102,0.0205,0.203953,0.0544,0.121,8.3597,0.1301,0.5814,-104.9
ncaam,spread,month,FEB,234,136,94,4,234,0.5913,31.9451,0.1365,0.604359,0.1377,0.0714,5.7867,0.0772,0.5567,-107.4
ncaam,spread,month,JAN,235,135,94,6,235,0.5895,31.3901,0.1336,0.952251,0.1903,0.0839,6.4555,0.0906,0.5628,-107.2
ncaam,spread,month,MAR,69,41,28,0,69,0.5942,9.8767,0.1431,0.200476,0.1653,0.0794,6.4679,0.0858,0.5609,-105.3
ncaam,spread,month,NOV,171,95,72,4,171,0.5689,15.6258,0.0914,0.472186,0.0831,0.2195,13.5158,0.2381,0.6343,-107.2
