league,market_type,bucket_dimension,bucket,bets,wins,losses,pushes,total,win_pct,units_flat,roi_flat,units_kelly,roi_kelly,avg_ev,avg_edge_vs_market_pp,avg_kelly_pct,avg_model_prob,avg_odds_american
ncaam,spread,dow,FRI,166,89,76,1,166,0.5394,6.2604,0.0377,0.152222,0.0344,0.1289,8.9252,0.1407,0.5887,-105.4
ncaam,spread,dow,MON,112,58,52,2,112,0.5273,1.8614,0.0166,-0.032384,-0.0105,0.1158,8.0491,0.1248,0.5788,-98.9
ncaam,spread,dow,SAT,647,316,319,12,647,0.4976,-29.214,-0.0452,-0.156883,-0.0095,0.1124,8.0221,0.1227,0.5801,-107.8
ncaam,spread,dow,SUN,150,76,72,2,150,0.5135,-1.9385,-0.0129,0.026417,0.0073,0.1088,7.8456,0.1183,0.5773,-104.7
ncaam,spread,dow,THU,295,144,143,8,295,0.5017,-10.4835,-0.0355,0.155591,0.0257,0.0862,6.6263,0.0934,0.5657,-105.4
ncaam,spread,dow,TUE,215,122,88,5,215,0.581,24.0945,0.1121,0.274788,0.0513,0.1178,8.2568,0.1276,0.5821,-106.9
ncaam,spread,dow,WED,294,168,123,3,294,0.5773,32.4174,0.1103,0.83338,0.1183,0.1038,7.4958,0.1127,0.5746,-107.3
