league,market_type,bucket_dimension,bucket,bets,wins,losses,pushes,total,win_pct,units_flat,roi_flat,units_kelly,roi_kelly,avg_ev,avg_edge_vs_market_pp,avg_kelly_pct,avg_model_prob,avg_odds_american
ncaam,spread,win_prob,0.40_to_0.50,1,1,0,0,1,1.0,1.02,1.02,0.000707,1.02,0.0028,2.2537,0.0028,0.4964,102.0
ncaam,spread,win_prob,0.50_to_0.60,1485,761,699,25,1485,0.5212,2.3777,0.0016,0.225386,0.0083,0.0675,5.651,0.0732,0.5557,-106.2
ncaam,spread,win_prob,0.60_to_0.70,334,162,165,7,334,0.4954,-16.2343,-0.0486,-0.764675,-0.0477,0.2118,13.1873,0.2306,0.6324,-106.9
ncaam,spread,win_prob,0.70_to_0.80,34,23,11,0,34,0.6765,10.239,0.3011,0.511948,0.3011,0.4096,23.4832,0.4449,0.7343,-108.9
ncaam,spread,win_prob,0.80_to_0.90,17,14,2,1,17,0.875,10.647,0.6263,0.53235,0.6263,0.5923,33.3032,0.6601,0.8395,-111.9
ncaam,spread,win_prob,0.90_plus,16,16,0,0,16,1.0,14.6881,0.918,0.734404,0.918,0.843,46.1385,0.9191,0.9611,-96.5
