league,market_type,bucket_dimension,bucket,bets,wins,losses,pushes,total,win_pct,units_flat,roi_flat,units_kelly,roi_kelly,avg_ev,avg_edge_vs_market_pp,avg_kelly_pct,avg_model_prob,avg_odds_american
ncaam,spread,dow,FRI,167,90,76,1,167,0.5422,7.2128,0.0432,0.199841,0.0447,0.1317,9.0627,0.1435,0.59,-105.4
ncaam,spread,dow,MON,112,58,52,2,112,0.5273,1.8614,0.0166,-0.032384,-0.0105,0.1158,8.0491,0.1248,0.5788,-98.9
ncaam,spread,dow,SAT,648,316,320,12,648,0.4969,-30.214,-0.0466,-0.206883,-0.0124,0.113,8.0542,0.1234,0.5804,-107.8
ncaam,spread,dow,SUN,151,77,72,2,151,0.5168,-1.0294,-0.0068,0.071872,0.0196,0.1111,7.9688,0.1208,0.5786,-104.7
ncaam,spread,dow,THU,296,144,144,8,296,0.5,-11.4835,-0.0388,0.105591,0.0173,0.0869,6.6699,0.0943,0.5662,-105.5
ncaam,spread,dow,TUE,218,124,89,5,218,0.5822,24.9728,0.1146,0.318703,0.0578,0.1237,8.5561,0.1339,0.5851,-106.9
ncaam,spread,dow,WED,295,168,124,3,295,0.5753,31.4174,0.1065,0.78338,0.1104,0.1047,7.5405,0.1136,0.5751,-107.3
