league,market_type,bucket_dimension,bucket,bets,wins,losses,pushes,total,win_pct,units_flat,roi_flat,units_kelly,roi_kelly,avg_ev,avg_edge_vs_market_pp,avg_kelly_pct,avg_model_prob,avg_odds_american
ncaam,spread,ev,0.00_to_0.0099,90,38,50,2,90,0.4318,-15.1646,-0.1685,-0.018937,-0.1511,0.0051,2.4377,0.0056,0.5242,-106.8
ncaam,spread,ev,0.01_to_0.0199,59,41,18,0,59,0.6949,20.3835,0.3455,0.086032,0.3698,0.0147,2.672,0.0158,0.5244,-103.6
ncaam,spread,ev,0.02_to_0.0299,65,39,24,2,65,0.619,11.9659,0.1841,0.080342,0.1835,0.0248,3.4435,0.0269,0.5336,-108.7
ncaam,spread,ev,0.03_to_0.0399,37,16,20,1,37,0.4444,-5.1539,-0.1393,-0.04597,-0.1307,0.0352,3.9666,0.038,0.5376,-108.1
ncaam,spread,ev,0.04_to_0.0499,38,23,15,0,38,0.6053,6.0901,0.1603,0.079133,0.163,0.0469,4.6926,0.0511,0.546,-109.0
ncaam,spread,ev,0.05_to_0.0749,110,67,42,1,110,0.6147,20.3264,0.1848,0.31772,0.1744,0.0615,5.27,0.0663,0.5505,-107.7
ncaam,spread,ev,0.075_to_0.0999,108,64,44,0,108,0.5926,15.2691,0.1414,0.345605,0.1391,0.0851,6.5462,0.092,0.5635,-106.2
ncaam,spread,ev,0.10_plus,339,190,138,11,339,0.5793,37.9315,0.1119,1.589299,0.1127,0.2183,13.4551,0.2362,0.6328,-106.3
