league,market_type,bucket_dimension,bucket,bets,wins,losses,pushes,total,win_pct,units_flat,roi_flat,units_kelly,roi_kelly,avg_ev,avg_edge_vs_market_pp,avg_kelly_pct,avg_model_prob,avg_odds_american
ncaam,spread,ev,0.00_to_0.0099,100,40,56,4,100,0.4167,-19.2983,-0.193,-0.030648,-0.214,0.0052,2.4473,0.0057,0.5261,-105.9
ncaam,spread,ev,0.01_to_0.0199,111,63,48,0,111,0.5676,10.4286,0.094,0.034362,0.0762,0.015,2.8389,0.0162,0.5269,-104.4
ncaam,spread,ev,0.02_to_0.0299,144,79,61,4,144,0.5643,11.6591,0.081,0.07243,0.0734,0.0252,3.4969,0.0274,0.5345,-107.6
ncaam,spread,ev,0.03_to_0.0399,110,49,59,2,110,0.4537,-13.5644,-0.1233,-0.134111,-0.1281,0.035,3.9774,0.0381,0.5389,-108.7
ncaam,spread,ev,0.04_to_0.0499,109,56,53,0,109,0.5138,-1.8031,-0.0165,-0.014276,-0.0105,0.0458,4.6202,0.05,0.546,-107.5
ncaam,spread,ev,0.05_to_0.0749,290,156,130,4,290,0.5455,13.6655,0.0471,0.194878,0.0401,0.0617,5.3468,0.0671,0.5529,-106.7
ncaam,spread,ev,0.075_to_0.0999,263,132,125,6,263,0.5136,-3.8909,-0.0148,-0.093073,-0.0151,0.0861,6.6567,0.0939,0.5662,-105.9
ncaam,spread,ev,0.10_plus,752,398,341,13,752,0.5386,25.801,0.0343,1.223571,0.0393,0.1988,12.471,0.2161,0.6241,-105.7
