league,market_type,bucket_dimension,bucket,bets,wins,losses,pushes,total,win_pct,units_flat,roi_flat,units_kelly,roi_kelly,avg_ev,avg_edge_vs_market_pp,avg_kelly_pct,avg_model_prob,avg_odds_american
ncaam,spread,kelly,0.0_to_2.5pct,257,128,122,7,257,0.512,-4.2957,-0.0167,0.029542,0.0339,0.0124,2.8036,0.0136,0.5283,-106.1
ncaam,spread,kelly,10_to_20pct,542,273,263,6,542,0.5093,-12.0386,-0.0222,-0.743295,-0.0387,0.1302,8.9196,0.1416,0.589,-107.1
ncaam,spread,kelly,2.5_to_5pct,270,132,135,3,270,0.4944,-12.5361,-0.0464,-0.162662,-0.0654,0.034,3.9068,0.0369,0.5377,-106.9
ncaam,spread,kelly,20pct_plus,279,162,109,8,279,0.5978,40.431,0.1449,2.02155,0.1449,0.3178,18.6675,0.3456,0.686,-104.3
ncaam,spread,kelly,5_to_10pct,539,282,248,9,539,0.5321,11.1768,0.0207,0.094985,0.0095,0.0685,5.7204,0.0745,0.5566,-106.2
