league,market_type,bucket_dimension,bucket,bets,wins,losses,pushes,total,win_pct,units_flat,roi_flat,units_kelly,roi_kelly,avg_ev,avg_edge_vs_market_pp,avg_kelly_pct,avg_model_prob,avg_odds_american
ncaam,spread,month,DEC,231,113,113,5,231,0.5,-8.7199,-0.0377,-0.374015,-0.0574,0.1228,8.5159,0.1331,0.5845,-106.1
ncaam,spread,month,FEB,586,296,279,11,586,0.5148,-5.8846,-0.01,0.020711,0.0017,0.0802,6.2781,0.087,0.5622,-105.5
ncaam,spread,month,JAN,562,286,263,13,562,0.5209,0.5138,0.0009,0.251948,0.0188,0.0951,7.0579,0.103,0.5701,-106.9
ncaam,spread,month,MAR,249,135,114,0,249,0.5422,9.0413,0.0363,0.298505,0.0548,0.0993,7.5756,0.11,0.5756,-105.1
ncaam,spread,month,NOV,251,143,104,4,251,0.5789,28.047,0.1117,1.055983,0.1251,0.2038,12.6892,0.2214,0.6264,-107.7
