league,market_type,bucket_dimension,bucket,bets,wins,losses,pushes,total,win_pct,units_flat,roi_flat,units_kelly,roi_kelly,avg_ev,avg_edge_vs_market_pp,avg_kelly_pct,avg_model_prob,avg_odds_american
ncaam,spread,kelly,0.0_to_2.5pct,175,94,77,4,175,0.5497,9.7438,0.0557,0.093872,0.182,0.0108,2.6697,0.0118,0.5262,-106.3
ncaam,spread,kelly,10_to_20pct,230,128,96,6,230,0.5714,22.3388,0.0971,0.738421,0.0902,0.1315,8.9551,0.1423,0.588,-107.3
ncaam,spread,kelly,2.5_to_5pct,92,49,42,1,92,0.5385,3.6499,0.0397,0.021569,0.0263,0.0331,3.8178,0.0357,0.5358,-107.7
ncaam,spread,kelly,20pct_plus,129,74,50,5,129,0.5968,18.5521,0.1438,0.927605,0.1438,0.3542,20.5153,0.3834,0.7034,-105.0
ncaam,spread,kelly,5_to_10pct,220,133,86,1,220,0.6073,37.3634,0.1698,0.651756,0.16,0.0687,5.6788,0.0741,0.5546,-107.0
