league,market_type,bucket_dimension,bucket,bets,wins,losses,pushes,total,win_pct,units_flat,roi_flat,units_kelly,roi_kelly,avg_ev,avg_edge_vs_market_pp,avg_kelly_pct,avg_model_prob,avg_odds_american
ncaam,spread,edge_vs_market,0_to_1pp,1,0,1,0,1,0.0,-1.0,-1.0,-0.000534,-1.0,0.0021,0.8334,0.0021,0.5036,-101.0
ncaam,spread,edge_vs_market,10pp_plus,174,98,69,7,174,0.5868,21.6974,0.1247,1.03618,0.122,0.3058,18.0219,0.3311,0.6785,-105.9
ncaam,spread,edge_vs_market,1_to_2pp,18,11,7,0,18,0.6111,3.3701,0.1872,0.01007,0.3998,0.0053,1.758,0.0056,0.5191,-95.7
ncaam,spread,edge_vs_market,2_to_3pp,122,60,60,2,122,0.5,-4.2998,-0.0352,0.033728,0.1064,0.0097,2.5857,0.0104,0.5246,-106.6
ncaam,spread,edge_vs_market,3_to_5pp,182,108,71,3,182,0.6034,28.6698,0.1575,0.267797,0.1491,0.0365,4.0524,0.0395,0.5391,-108.4
ncaam,spread,edge_vs_market,5_to_7pp,164,98,65,1,164,0.6012,26.0916,0.1591,0.510298,0.1548,0.0746,5.9677,0.0804,0.5574,-106.6
ncaam,spread,edge_vs_market,7_to_10pp,185,103,78,4,185,0.5691,17.1189,0.0925,0.575685,0.0941,0.1223,8.5078,0.1323,0.5834,-107.2
