league,market_type,bucket_dimension,bucket,bets,wins,losses,pushes,total,win_pct,units_flat,roi_flat,units_kelly,roi_kelly,avg_ev,avg_edge_vs_market_pp,avg_kelly_pct,avg_model_prob,avg_odds_american
ncaam,spread,edge_vs_market,0_to_1pp,1,0,1,0,1,0.0,-1.0,-1.0,-0.000534,-1.0,0.0021,0.8334,0.0021,0.5036,-101.0
ncaam,spread,edge_vs_market,10pp_plus,397,214,174,9,397,0.5515,23.222,0.0585,1.195619,0.0622,0.266,16.0015,0.2895,0.6595,-105.8
ncaam,spread,edge_vs_market,1_to_2pp,20,11,9,0,20,0.55,1.3609,0.068,0.00441,0.1378,0.0061,1.745,0.0064,0.5183,-96.3
ncaam,spread,edge_vs_market,2_to_3pp,151,75,72,4,151,0.5102,-2.1968,-0.0145,0.041847,0.099,0.0104,2.6017,0.0112,0.5258,-104.6
ncaam,spread,edge_vs_market,3_to_5pp,483,242,234,7,483,0.5084,-11.1005,-0.023,-0.154639,-0.0323,0.0366,4.0397,0.0396,0.5397,-107.0
ncaam,spread,edge_vs_market,5_to_7pp,401,213,180,8,401,0.542,15.9125,0.0397,0.282994,0.0355,0.0732,5.9742,0.0796,0.5593,-105.4
ncaam,spread,edge_vs_market,7_to_10pp,426,218,203,5,426,0.5178,-3.2005,-0.0075,-0.116566,-0.0085,0.1182,8.3473,0.1287,0.5831,-107.7
