league,market_type,side_group,bucket_dimension,bucket,bets,wins,losses,pushes,total,win_pct,units_flat,roi_flat,units_kelly,roi_kelly,avg_ev,avg_edge_vs_market_pp,avg_kelly_pct,avg_model_prob,avg_odds_american
ncaam,spread,AWAY,kelly,0.0_to_2.5pct,91,48,40,3,91,0.5455,4.4806,0.0492,0.051799,0.1799,0.0117,2.659,0.0127,0.5254,-103.7
ncaam,spread,AWAY,kelly,10_to_20pct,230,128,96,6,230,0.5714,22.3388,0.0971,0.738421,0.0902,0.1315,8.9551,0.1423,0.588,-107.3
ncaam,spread,AWAY,kelly,2.5_to_5pct,92,49,42,1,92,0.5385,3.6499,0.0397,0.021569,0.0263,0.0331,3.8178,0.0357,0.5358,-107.7
ncaam,spread,AWAY,kelly,20pct_plus,106,58,45,3,106,0.5631,8.7868,0.0829,0.439342,0.0829,0.3492,20.2062,0.3772,0.6999,-105.9
ncaam,spread,AWAY,kelly,5_to_10pct,220,133,86,1,220,0.6073,37.3634,0.1698,0.651756,0.16,0.0687,5.6788,0.0741,0.5546,-107.0
ncaam,spread,HOME,kelly,0.0_to_2.5pct,84,46,37,1,84,0.5542,5.2631,0.0627,0.042073,0.1847,0.0099,2.6812,0.0108,0.527,-109.2
ncaam,spread,HOME,kelly,20pct_plus,23,16,5,2,23,0.7619,9.7653,0.4246,0.488263,0.4246,0.3771,21.9396,0.4117,0.7193,-100.9
