league,market_type,bucket_dimension,bucket,bets,wins,losses,pushes,total,win_pct,units_flat,roi_flat,units_kelly,roi_kelly,avg_ev,avg_edge_vs_market_pp,avg_kelly_pct,avg_model_prob,avg_odds_american
ncaam,spread,win_prob,0.50_to_0.60,675,381,283,11,675,0.5738,70.0328,0.1038,1.399383,0.1198,0.0642,5.4389,0.0692,0.5527,-106.9
ncaam,spread,win_prob,0.60_to_0.70,129,64,61,4,129,0.512,-1.888,-0.0146,-0.141316,-0.0226,0.218,13.4413,0.2355,0.6328,-106.6
ncaam,spread,win_prob,0.70_to_0.80,20,13,6,1,20,0.6842,6.0418,0.3021,0.302092,0.3021,0.3961,22.7981,0.431,0.7279,-109.1
ncaam,spread,win_prob,0.80_to_0.90,9,7,1,1,9,0.875,5.4849,0.6094,0.274243,0.6094,0.6303,34.9056,0.6859,0.8498,-109.0
ncaam,spread,win_prob,0.90_plus,13,13,0,0,13,1.0,11.9764,0.9213,0.598822,0.9213,0.8433,46.046,0.916,0.9596,-93.2
