tree
version=v4
num_class=1
num_tree_per_iteration=1
label_index=0
max_feature_idx=76
objective=regression
feature_names=home_flag role_depth_rank_pregame role_depth_starter_flag_pregame role_injury_out_flag role_injury_doubtful_flag role_injury_questionable_flag role_prior_offense_snap_pct role_snap_pct_roll3 role_snap_pct_roll5 role_snap_pct_ewm5 role_prior_offense_participation role_participation_roll3 role_participation_roll5 role_depth_rank_change role_snap_share_change role_participation_change role_team_change_flag role_games_with_current_team_before_game role_starter_promotion_flag role_starter_demotion_flag role_teammate_out_count_position role_teammate_unavailable_snap_share_position role_role_history_games role_role_missing_flag history_no_nfl_history_flag history_new_team_flag history_history_games player_carries_lag1 player_carries_roll3_mean player_carries_roll5_mean player_carries_roll8_mean player_carries_ewm3 player_carries_ewm5 player_carries_season_to_date player_carries_career_prior player_carry_share_lag1 player_carry_share_roll3_mean player_carry_share_roll5_mean player_carry_share_roll8_mean player_carry_share_ewm3 player_carry_share_ewm5 player_carry_share_season_to_date player_carry_share_career_prior player_red_zone_carries_lag1 player_red_zone_carries_roll3_mean player_red_zone_carries_roll5_mean player_red_zone_carries_ewm5 player_red_zone_carries_season_to_date player_goal_line_carries_lag1 player_goal_line_carries_roll3_mean player_goal_line_carries_roll5_mean player_goal_line_carries_ewm5 player_goal_line_carries_season_to_date team_rush_attempts_lag1 team_rush_attempts_roll3_mean team_rush_attempts_roll5_mean team_rush_attempts_ewm5 team_rush_attempts_season_to_date team_rush_rate_roll3_mean team_rush_rate_roll5_mean team_goal_line_rush_attempts_roll3_mean team_red_zone_rush_attempts_roll3_mean matchup_expected_team_rush_attempts matchup_rush_rate_vs_opponent environment_divisional_game_flag environment_neutral_site_flag environment_temperature environment_wind environment_international_flag environment_weather_missing_flag environment_travel_missing_flag environment_team_rest_days environment_opponent_rest_days environment_team_miles_traveled environment_opponent_miles_traveled environment_team_time_zones_crossed environment_opponent_time_zones_crossed
feature_infos=[0:1] [1:3] [0:1] none none [0:1] [0:1] [0:1] [0:1] [0:1] [0:1] [0:0.97804706708816302] [0:0.96166777812196069] [-2:2] [-1:1] [-0.87654320987654311:0.87827932098765427] [0:1] [0:173] [0:1] [0:1] [0:3] [0:1.8900000000000001] [0:182] [0:1] [0:1] [0:1] [0:211] [0:38] [0:32] [0:29.399999618530273] [0:28.125] [0:31.899192810058594] [0:29.368961334228516] [0:31] [0:28] [0:1] [0:0.97530865669250488] [0:0.92414814233779907] [0:0.89670354127883911] [0:0.96194469928741455] [0:0.9144209623336792] [0:1] [0:0.8709334135055542] [0:14] [0:8.3333330154418945] [0:7.1999998092651367] [0:7.3570256233215332] [0:8.5] [0:5] [0:3.6666667461395264] [0:3] [0:3] [0:4] [5:55] [10:48.333333333333336] [10:46.799999999999997] [10:43.721892070080216] [10:49] [0.15625:0.69255104975553639] [0.15625:0.65198896318665511] [0:5] [0:13] [14.333333333333334:39.333333333333329] [-0.42439516129032262:0.37315462315462322] [0:1] [0:1] [1:97] [0:71] [0:1] [0:1] none [4:17] [4:17] [0:2719.8000000000002] [0:2719.8000000000002] [0:3] [0:3]
tree_sizes=2880 2967 2967 2979 2966 2978 2979 2990 2999 2972 2998 2980 2999 2985 2988 2994 3010 2983 3006 2990 2976 3000 3006 2972 3009 2988 2997 3004 2991 2993 2982 3006 2983 3004 2984 2988 2991 3003 3006 3002 2999 2984 3016 2989 3018 2989 3007 3001 2995 2984 3016 2987 2994 2989 2980 3020 2998 2987 2979 2997 3000 2970 2973 2986 3009 3012 2983 2993 3008 3013 2991 2985 2991 2988 2996 3009 3010 3002 2990 2993 2993 3004 3004 3011 3019 3017 3008 3014 3007 2991 3009 3016 2980 2994 3009 3024 3026 3013 3012 3018 3021 3008 3033 2996 3021 3014 3012 3011 3027 3009 3037 3036 3023 3020 3011 3010 2999 2969 3040 3005 3003 3017 3031 3007 2997 2971 3020 3008 3009 2990 2976 3016 2991 2982 2973 3002 2960 3005 2981 3012 2980 2981 2980 3009 2996 2992 3002 2968 2997 2982 2967 2980 3003 2969 2987 2988 3021 3006 2957 3012 2988 3001 2980 2990 2953 3018 2996 2942 2963 2994 3027 2954 3007 2969 2935 2979 3002 2986 2993 2975 2972 2993 2966

Tree=0
num_leaves=31
num_cat=0
split_feature=39 32 39 40 39 34 39 34 40 41 40 17 38 34 34 39 34 57 1 6 1 6 21 6 30 6 14 40 8 1
split_gain=1520.46 198.138 112.333 21.8767 20.522 17.979 10.3742 4.49747 4.11621 3.21465 2.46521 2.14004 1.49456 1.43192 1.3837 1.3704 1.30156 1.20816 1.10935 1.04547 0.936817 0.965611 0.92144 0.896512 0.856026 0.851448 0.848731 0.81838 0.805552 0.774476
threshold=0.26712584495544439 1.9353346824645998 0.45269808173179632 0.62154957652091991 0.15372467041015628 0.98058068752288829 0.35781665146350866 7.5612499713897714 0.52638193964958202 0.67531934380531322 0.10810628905892374 1.0000000180025095e-35 0.014810034539550545 4.3164315223693857 6.7111909389495858 0.39856715500354772 7.8340978622436532 19.441558441558445 1.5000000000000002 0.56500000000000006 1.5000000000000002 0.19500000000000003 0.34500000000000008 0.54500000000000015 11.062500000000002 0.45500000000000007 0.2350000000000001 0.046442324295639999 0.74450000000000016 1.5000000000000002
decision_type=10 10 10 10 10 8 10 10 10 10 8 2 10 10 10 10 10 10 10 10 8 8 2 8 10 8 10 10 10 8
left_child=1 5 6 8 10 12 14 11 -4 29 -3 -6 -1 19 -2 20 -12 18 24 -13 28 -22 -16 -10 -9 -18 -17 -7 -8 -5
right_child=2 4 3 9 7 27 15 17 23 -11 16 13 -14 -15 22 26 25 -19 -20 -21 21 -23 -24 -25 -26 -27 -28 -29 -30 -31
leaf_value=0.088883690592297629 0.096571638862330167 0.091738956369508171 0.10330548556675176 0.10753860633723936 0.092536871814306615 0.090387631971571042 0.1014403391004991 0.098048192484134308 0.10441141355478016 0.10977387104595709 0.09267366850051692 0.094652380970634206 0.089460127620697064 0.095108308937077252 0.098076926590410521 0.10128067397593965 0.094028640085634024 0.095924329691145838 0.096414680521081375 0.093118636162262888 0.094667402171091722 0.099396963078520875 0.10214638324308772 0.10583994975200287 0.10393293040218894 0.098375270313092969 0.10401139443390121 0.091110390055051657 0.09693671238094953 0.10440074018215759
leaf_weight=42526 671 3552 1525 878 550 2989 336 45 568 915 3007 804 4474 1894 1354 823 296 1091 106 796 44 332 52 1301 44 47 117 2669 40 77
leaf_count=42526 671 3552 1525 878 550 2989 336 45 568 915 3007 804 4474 1894 1354 823 296 1091 106 796 44 332 52 1301 44 47 117 2669 40 77
internal_value=0.0915351 0.0899299 0.103067 0.105898 0.0933694 0.0891309 0.0991131 0.0947677 0.104462 0.108503 0.0922896 0.0942763 0.0889386 0.0945501 0.0976925 0.100857 0.0928734 0.0963131 0.0984881 0.0938893 0.0999024 0.0988435 0.0982274 0.105406 0.100958 0.0946242 0.101621 0.0907286 0.100961 0.107286
internal_weight=73923 64890 9033 5264 12232 52658 3769 5330 3394 1870 6902 4044 47000 3494 2077 1692 3350 1286 195 1600 752 376 1406 1869 89 343 940 5658 376 955
internal_count=73923 64890 9033 5264 12232 52658 3769 5330 3394 1870 6902 4044 47000 3494 2077 1692 3350 1286 195 1600 752 376 1406 1869 89 343 940 5658 376 955
is_linear=0
shrinkage=1


Tree=1
num_leaves=31
num_cat=0
split_feature=39 32 39 39 40 34 39 34 40 41 34 6 39 9 42 21 34 57 41 34 1 6 1 6 30 33 40 8 32 1
split_gain=1430.6 186.428 105.736 19.3092 19.067 16.9164 11.4734 4.23167 3.2295 3.02466 2.38692 2.0277 1.65844 1.47119 1.42559 1.31847 1.36148 1.13676 1.10031 1.04418 1.04379 0.900216 0.881451 0.908543 0.805435 0.786955 0.770014 0.757944 0.741079 0.774174
threshold=0.26712584495544439 1.9353346824645998 0.46419787406921392 0.15372467041015628 0.62154957652091991 0.98058068752288829 0.35781665146350866 7.5612499713897714 0.53481405973434459 0.67531934380531322 2.9967741966247563 0.03500000000000001 0.39856715500354772 0.68557659253841485 0.01427541906014085 0.31500000000000006 6.7111909389495858 19.441558441558445 0.10847653821110727 8.7615494728088397 1.5000000000000002 0.54500000000000015 1.5000000000000002 0.19500000000000003 11.062500000000002 1.9198717474937441 0.046442324295639999 0.74450000000000016 18.564299583435062 1.5000000000000002
decision_type=10 10 10 10 10 8 10 10 10 10 10 8 10 8 10 2 10 10 8 10 10 8 8 8 10 10 10 10 10 8
left_child=1 5 6 10 8 14 15 11 25 28 -3 -5 22 -13 -1 16 -2 20 -12 -20 24 -10 27 -24 -9 -4 -7 -8 29 -6
right_child=2 3 4 7 9 26 12 17 21 -11 18 13 -14 -15 -16 -17 -18 -19 19 -21 -22 -23 23 -25 -26 -27 -28 -29 -30 -31
leaf_value=-0.0025720331743424637 0.004661686823098375 4.4421552321885494e-05 0.0087319432868021001 -0.00016904916483326813 0.015039461533824577 -0.0011130769989805658 0.0096080489122998963 0.0063176666839669148 0.012485648223198018 0.017691575157227083 0.00057052887990486495 0.0033855000151328156 0.0099350223393350375 0.0022084638622933382 -0.0020070711757714361 0.0094836016957212804 0.0063475307182838713 0.0042575198175803025 0.0013779205279652687 0.0034687005372753344 0.0047331600071629509 0.014005213502267385 0.0030383000107990069 0.0076259741004548005 0.012025862830606374 0.011806859748378343 -0.00041200165934898215 0.0052395309917628767 0.016469162936011951 0.011561464381520637
leaf_weight=42561 633 2741 79 216 576 2989 336 45 499 915 1610 1984 1128 1844 4439 92 1352 1091 2314 237 106 1182 44 332 44 1446 2669 40 315 64
leaf_count=42561 633 2741 79 216 576 2989 336 45 499 915 1610 1984 1128 1844 4439 92 1352 1091 2314 237 106 1182 44 332 44 1446 2669 40 315 64
internal_value=3.73886e-12 -0.00155711 0.0111857 0.00177925 0.0140515 -0.00233211 0.00750955 0.00313561 0.0126472 0.016459 0.000731803 0.00265893 0.0092075 0.00281851 -0.00251867 0.00597265 0.00580993 0.00463461 0.00118461 0.00157216 0.00674435 0.0135541 0.00811622 0.00708912 0.0091397 0.0116476 -0.000782365 0.00914331 0.015278 0.0146917
internal_weight=73923 64890 9033 12232 5076 52658 3957 5330 3206 1870 6902 4044 1880 3828 47000 2077 1985 1286 4161 2551 195 1681 752 376 89 1525 5658 376 955 640
internal_count=73923 64890 9033 12232 5076 52658 3957 5330 3206 1870 6902 4044 1880 3828 47000 2077 1985 1286 4161 2551 195 1681 752 376 89 1525 5658 376 955 640
is_linear=0
shrinkage=0.03


Tree=2
num_leaves=31
num_cat=0
split_feature=39 32 39 40 39 34 39 34 40 38 34 6 7 57 30 21 34 6 11 41 34 33 21 1 41 6 1 1 27 41
split_gain=1346.05 175.41 99.5089 19.3544 18.168 15.9167 9.16855 4.01142 3.65577 2.90041 2.24618 2.11346 1.43924 1.38213 1.36124 1.24055 1.28102 1.24028 1.18171 1.13862 1.02015 0.951873 0.875177 0.917477 0.976436 1.04958 0.869206 0.862607 0.757518 0.790199
threshold=0.26712584495544439 1.9353346824645998 0.45269808173179632 0.62154957652091991 0.15372467041015628 0.98058068752288829 0.35781665146350866 8.7615494728088397 0.52638193964958202 0.6845531463623048 2.7651654481887822 0.03500000000000001 0.97833333333333339 20.033333333333335 0.30952382087707525 0.31500000000000006 6.7111909389495858 0.20500000000000004 0.61277477873915076 0.10847653821110727 8.7615494728088397 6.0312500000000009 0.4250000000000001 1.5000000000000002 0.10690471157431604 0.6150000000000001 1.5000000000000002 1.5000000000000002 17.500000000000004 0.46993438899517065
decision_type=10 10 10 10 10 8 10 10 10 10 10 8 8 10 10 2 10 8 10 8 10 10 2 8 10 10 8 8 10 10
left_child=1 5 6 8 10 14 15 11 28 -5 -3 -6 21 -9 -1 16 -2 26 22 -12 -21 -13 23 -19 -25 -26 -8 -10 29 -4
right_child=2 4 3 9 7 -7 17 13 27 -11 19 12 -14 -15 -16 -17 -18 18 -20 20 -22 -23 -24 24 25 -27 -28 -29 -30 -31
leaf_value=-0.0025038098139504362 0.004521836158135349 -4.7769385648473594e-05 0.009877896895401396 0.014816103097117766 -0.00010992162677351958 -0.00075889375712762661 0.0086605892535299052 0.0073355740296126267 0.013298620667937839 0.017179998807330912 0.00051701743491222986 0.0028977489324685133 0.0020994617013263854 0.0042992187020127253 -0.0020136560293476484 0.0091990936636094645 0.0061571049633916027 0.009713413565906593 0.0053597998686084544 0.0013053179269928881 0.0033646394874564593 0.0041801406478592122 0.013290902279317379 0.0037180830725673129 0.007945266708660104 0.011309864316880703 0.0033442748778109107 0.011358256249232769 0.012201286531947858 0.011465990092756201
leaf_weight=41180 633 2332 560 961 234 5658 50 164 1633 909 1830 1891 1561 761 5820 92 1352 813 77 2503 237 719 45 41 504 100 62 236 397 568
leaf_count=41180 633 2332 560 961 234 5658 50 164 1633 909 1830 1891 1561 761 5820 92 1352 813 77 2503 237 719 45 41 504 100 62 236 397 568
internal_value=-4.98802e-11 -0.00151039 0.0108501 0.0135145 0.00172587 -0.00226215 0.00712896 0.00304155 0.0121642 0.0159652 0.000709848 0.0026644 0.00282005 0.00483756 -0.00244311 0.00579347 0.00563563 0.00876833 0.00898458 0.00109645 0.00148344 0.00325102 0.00917028 0.00904311 0.00819821 0.00850232 0.00571763 0.0130536 0.0110742 0.0106776
internal_weight=73923 64890 9033 5264 12232 52658 3769 5330 3394 1870 6902 4405 4171 925 47000 2077 1985 1692 1580 4570 2740 2610 1503 1458 645 604 112 1869 1525 1128
internal_count=73923 64890 9033 5264 12232 52658 3769 5330 3394 1870 6902 4405 4171 925 47000 2077 1985 1692 1580 4570 2740 2610 1503 1458 645 604 112 1869 1525 1128
is_linear=0
shrinkage=0.03


Tree=3
num_leaves=31
num_cat=0
split_feature=39 32 39 39 40 34 39 40 34 40 17 39 41 34 41 34 21 34 38 57 1 6 30 1 41 32 31 57 59 6
split_gain=1266.5 165.082 93.6408 18.3181 17.0271 13.4635 10.1487 4.43428 3.79186 2.40605 1.76852 1.51218 1.36336 1.23041 1.19281 1.17148 1.16723 1.20531 1.10292 1.08525 0.932016 0.929181 0.883829 0.788182 0.821719 0.783433 0.782755 0.781709 0.737739 0.729747
threshold=0.26712584495544439 1.8322282433509829 0.46419787406921392 0.15372467041015628 0.65891560912132274 0.83518517017364513 0.35781665146350866 0.56083941459655773 7.232051134109498 0.10810628905892374 1.0000000180025095e-35 0.39856715500354772 0.46993438899517065 4.3164315223693857 0.68881103396415722 5.7965855598449716 0.31500000000000006 6.7111909389495858 0.01099594868719578 20.033333333333335 1.5000000000000002 0.56500000000000006 10.291666507720949 1.5000000000000002 0.10690471157431604 0.91754221916198742 13.760167121887209 14.750000000000002 0.43742986107452325 0.53500000000000014
decision_type=10 10 10 10 10 8 10 10 10 8 2 10 10 10 10 10 2 10 10 10 10 10 10 8 10 8 10 10 8 8
left_child=1 5 6 9 7 18 16 12 10 -3 -5 23 26 21 -6 -11 17 -2 -1 20 22 -12 -10 -8 -25 -7 -4 -17 -28 -9
right_child=2 3 4 8 14 25 11 29 19 15 13 -13 -14 -15 -16 27 -18 -19 -20 -21 -22 -23 -24 24 -26 -27 28 -29 -30 -31
leaf_value=-0.0024315202273917837 0.0043861810656560148 0.00013149581123267519 0.009461236857944243 0.00088320433779687983 0.015126604746248024 -0.0013786317971988273 0.0085912266534897419 0.01217062066331686 0.0056880459124093044 0.00093442633616785931 0.0028400552150652505 0.0093567424123133635 0.011906066232879136 0.0032687427138072861 0.016955772442868024 0.0061779022930105298 0.0089231206604239079 0.0059723916293339544 -0.001992143818513896 0.0039269224447917505 0.0043896520698211219 0.0013959206920800002 0.011282891093287615 0.0026938313018763436 0.0071460756969350262 -0.00059534752226958259 0.012628287091928043 0.0020496212096817335 0.010073852308016164 0.013676233001656516
leaf_weight=40762 633 3931 437 545 563 1613 376 372 54 2656 807 1128 1240 1776 746 44 92 1352 5884 1192 116 797 48 42 334 3997 194 668 214 1310
leaf_count=40762 633 3931 437 545 563 1613 376 372 54 2656 807 1128 1240 1776 746 44 92 1352 5884 1192 116 797 48 42 334 3997 194 668 214 1310
internal_value=-1.33027e-11 -0.00146508 0.0105246 0.00161229 0.0132215 -0.0022091 0.00706512 0.0121973 0.00294844 0.000635665 0.00246907 0.00866204 0.0112728 0.00272478 0.016169 0.00122411 0.00561967 0.00546656 -0.0023761 0.00428285 0.00622905 0.00212249 0.00832091 0.00761999 0.00664875 -0.000820559 0.0103435 0.00230474 0.0112885 0.0133432
internal_weight=73923 64890 9033 12634 5076 52256 3957 3767 5335 7299 3925 1880 2085 3380 1309 3368 2077 1985 46646 1410 218 1604 102 752 376 5610 845 712 408 1682
internal_count=73923 64890 9033 12634 5076 52256 3957 3767 5335 7299 3925 1880 2085 3380 1309 3368 2077 1985 46646 1410 218 1604 102 752 376 5610 845 712 408 1682
is_linear=0
shrinkage=0.03


Tree=4
num_leaves=31
num_cat=0
split_feature=39 32 39 40 39 34 39 34 40 38 34 6 7 42 57 6 11 21 34 41 34 21 1 41 6 1 1 42 17 1
split_gain=1191.65 155.337 88.1484 17.1842 16.0732 14.0906 8.10301 3.58735 3.24794 2.59566 2.06404 1.97995 1.43825 1.23195 1.22992 1.14475 1.11517 1.09825 1.16571 0.942655 0.849421 0.824823 0.829569 0.883381 0.982823 0.803295 0.795863 0.737531 0.874671 0.718145
threshold=0.26712584495544439 1.9353346824645998 0.45269808173179632 0.62154957652091991 0.15372467041015628 0.98058068752288829 0.35781665146350866 8.7615494728088397 0.52638193964958202 0.6845531463623048 2.9967741966247563 0.10500000000000002 0.68833333333333346 0.012214175891131164 20.033333333333335 0.20500000000000004 0.61277477873915076 0.31500000000000006 9.3011627197265643 0.099407196044921889 8.7615494728088397 0.4250000000000001 1.5000000000000002 0.10690471157431604 0.6150000000000001 1.5000000000000002 1.5000000000000002 0.17116487026214602 1.5000000000000002 1.5000000000000002
decision_type=10 10 10 10 10 8 10 10 10 10 10 8 8 10 10 8 10 2 10 8 10 2 8 10 10 8 8 10 2 8
left_child=1 5 6 8 10 13 17 11 -4 29 -3 -6 -13 -1 -9 26 21 18 -2 -12 -21 22 -17 -24 -25 -10 -8 -14 -29 -5
right_child=2 4 3 9 7 -7 15 14 25 -11 19 12 27 -15 -16 16 -18 -19 -20 20 -22 -23 23 24 -26 -27 -28 28 -30 -31
leaf_value=-0.002353919293446363 0.0047250405308592877 2.9475668456420863e-05 0.01041684710598917 0.014173865354473614 0.00054346811170256329 -0.00071416549748793063 0.0081329303277656428 0.0069167142905857092 0.012518983425724217 0.016174987844397425 0.00043168364028371123 0.0032607575917622065 0.0014407104813571538 -0.0018705997125265177 0.0040524344321593653 0.0091498116395785038 0.0049342420659717412 0.0086554271170398728 0.00621773198214214 0.0012380838983727424 0.0030728874990088211 0.012636209509025017 0.0034477208827326934 0.0074592349833359807 0.010715067824546712 0.010646515723714464 0.0030458488333369453 0.0014340068724029253 0.0032289600437220771 0.011078434192817913
leaf_weight=41643 1217 2741 1525 888 419 5658 50 164 1633 909 1332 2066 822 5357 761 813 77 92 768 2580 249 45 41 504 100 236 62 367 731 73
leaf_count=41643 1217 2741 1525 888 419 5658 50 164 1633 909 1332 2066 822 5357 761 813 77 92 768 2580 249 45 41 504 100 236 62 367 731 73
internal_value=-2.34093e-11 -0.00142113 0.0102089 0.0127166 0.00162433 -0.00212856 0.00670657 0.00286184 0.0114442 0.0150258 0.000668676 0.00250519 0.0027114 -0.00229883 0.00456026 0.00824774 0.00845549 0.00545108 0.00530257 0.00108974 0.00139958 0.00863589 0.00851242 0.00770902 0.00799828 0.0122825 0.00531687 0.00212027 0.00262901 0.0139387
internal_weight=73923 64890 9033 5264 12232 52658 3769 5330 3394 1870 6902 4405 3986 47000 925 1692 1580 2077 1985 4161 2829 1503 1458 645 604 1869 112 1920 1098 961
internal_count=73923 64890 9033 5264 12232 52658 3769 5330 3394 1870 6902 4405 3986 47000 925 1692 1580 2077 1985 4161 2829 1503 1458 645 604 1869 112 1920 1098 961
is_linear=0
shrinkage=0.03


Tree=5
num_leaves=31
num_cat=0
split_feature=39 32 39 39 40 34 39 40 34 40 39 6 41 9 40 21 34 30 57 1 30 13 10 32 57 41 34 14 6 1
split_gain=1121.23 146.193 82.9465 16.2061 15.1512 11.9169 9.0035 3.94492 3.38449 2.1707 1.74113 1.66385 1.25026 1.24439 1.1215 1.11137 1.05853 1.0036 0.959499 0.874128 0.817364 0.771871 0.760498 0.738796 0.730008 0.729265 0.728504 0.698277 0.681625 0.681452
threshold=0.26712584495544439 1.8322282433509829 0.46419787406921392 0.15372467041015628 0.65891560912132274 0.83518517017364513 0.38775168359279638 0.56083941459655773 7.232051134109498 0.10810628905892374 0.32103291153907781 0.03500000000000001 0.46993438899517065 0.68557659253841485 0.75403150916099559 0.33500000000000008 5.7965855598449716 0.30952382087707525 20.033333333333335 1.5000000000000002 10.291666507720949 1.0000000180025095e-35 0.12337223067816676 0.95608681440353405 14.750000000000002 0.59921553730964672 11.008196830749513 0.2950000000000001 0.53500000000000014 1.5000000000000002
decision_type=10 10 10 10 10 8 10 10 10 8 10 8 10 8 10 2 10 10 10 10 10 8 8 10 10 10 10 10 8 8
left_child=1 5 6 9 7 17 10 12 11 -3 15 -5 21 -13 25 26 -11 -1 19 20 -10 -4 -12 -7 -18 -6 -2 29 -9 -8
right_child=2 3 4 8 14 23 27 28 18 16 22 13 -14 -15 -16 -17 24 -19 -20 -21 -22 -23 -24 -25 -26 -27 -28 -29 -30 -31
leaf_value=-0.0022867788478171899 0.0043172419097929245 0.00011999186752840539 0.0099852693866500867 -0.0002571892121894462 0.012710264499138655 -0.0012073952921071193 0.009003827244198466 0.011422256461885428 0.0053588241598400699 0.00088242734415589213 0.0023871190801245819 0.0030011088968602351 0.011209131209224822 0.0019019693887549389 0.016609690341386284 0.0089290381117386672 0.0059279007429722695 -0.0018561764598786746 0.003700255004706872 0.0040835400693046316 0.0107391875423491 0.0066958277421404738 0.0065380529776895889 -0.00049989178115248929 0.0019384735381702298 0.01502484477552603 0.0061012200086330813 0.010845560828177642 0.012877380412036397 0.0075205854753182906
leaf_weight=41120 1007 3931 775 213 145 2160 752 372 54 2656 41 1916 1240 1796 374 58 44 5526 1192 116 48 70 1276 3450 668 790 259 121 1310 443
leaf_count=41120 1007 3931 775 213 145 2160 752 372 54 2656 41 1916 1240 1796 374 58 44 5526 1192 116 48 70 1276 3450 668 790 259 121 1310 443
internal_value=4.71065e-12 -0.00137849 0.00990264 0.00151747 0.0124408 -0.00207865 0.00664665 0.0114747 0.00277423 0.000598869 0.0056365 0.00232135 0.0106027 0.00246931 0.0152213 0.00486825 0.0011578 -0.00223577 0.00403493 0.0058649 0.00789076 0.00971277 0.00640883 -0.0007723 0.00218501 0.0146659 0.00468221 0.00867387 0.0125556 0.00845397
internal_weight=73923 64890 9033 12634 5076 52256 3957 3767 5335 7299 2641 3925 2085 3712 1309 1324 3368 46646 1410 218 102 845 1317 5610 712 935 1266 1316 1682 1195
internal_count=73923 64890 9033 12634 5076 52256 3957 3767 5335 7299 2641 3925 2085 3712 1309 1324 3368 46646 1410 218 102 845 1317 5610 712 935 1266 1316 1682 1195
is_linear=0
shrinkage=0.03


Tree=6
num_leaves=31
num_cat=0
split_feature=39 32 39 39 40 34 39 34 40 34 6 39 7 42 57 33 40 21 41 30 21 30 34 14 41 21 32 41 10 34
split_gain=1054.96 137.559 78.0844 14.22 13.3306 12.4765 9.95021 3.20818 3.19752 1.90451 1.80155 1.63823 1.27705 1.11404 1.09444 1.05893 1.05522 1.04569 0.97407 0.915139 0.833823 0.94791 0.798009 0.788086 0.715848 0.705048 0.69429 0.689489 0.689228 0.685449
threshold=0.26712584495544439 1.9353346824645998 0.47439032793045049 0.15372467041015628 0.65891560912132274 0.98058068752288829 0.38775168359279638 8.7615494728088397 0.56083941459655773 2.6434624195098881 0.10500000000000002 0.32103291153907781 0.68833333333333346 0.01427541906014085 20.033333333333335 3.6396104097366337 0.75403150916099559 0.33500000000000008 0.10847653821110727 9.6458334922790545 1.0000000180025095e-35 11.775000095367433 11.573214054107668 0.18500000000000008 0.3461847603321076 0.17500000000000002 4.5478231906890878 0.62745124101638805 0.1822134387351779 11.008196830749513
decision_type=10 10 10 10 10 8 10 10 10 10 8 10 8 10 10 10 10 2 8 10 2 10 10 10 10 2 10 10 8 10
left_child=1 5 6 9 8 13 11 10 15 -3 -5 17 -12 -1 -9 22 27 29 -11 25 21 -8 -4 -22 28 -20 -14 -6 -13 -2
right_child=2 3 4 7 16 -7 20 14 -10 18 12 24 26 -15 -16 -17 -18 -19 19 -21 23 -23 -24 -25 -26 -27 -28 -29 -30 -31
leaf_value=-0.0022102522779154114 0.0041877246971854035 -0.00012086519831692257 0.0046408239914560497 0.00048420838021374858 0.012638919318811252 -0.00067193923048295562 0.0075142777848807955 0.0065217859961842067 0.012178890998571112 0.00044901218613367091 0.0030698219386822534 0.0020713693631981361 0.0011680882743646454 -0.0017108252989524828 0.0038198537288139786 0.010548566681339579 0.016111400128755581 0.0086611670813651689 0.0011529221684351326 0.005767605737555863 0.0089422961291731207 0.0091196672416817108 0.010027983382344246 0.013122289229158923 0.0069905747151603236 0.0035421654969957608 0.0023886458575964917 0.014644118937865101 0.0058280826521346103 0.0059181833221904328
leaf_weight=42561 1007 2111 49 419 195 5658 705 164 1682 1971 2066 47 619 4439 761 1798 374 58 2663 41 111 624 50 64 592 116 1301 740 678 259
leaf_count=42561 1007 2111 49 419 195 5658 705 164 1682 1971 2066 47 619 4439 761 1798 374 58 2663 41 111 624 50 64 592 116 1301 740 678 259
internal_value=-1.90734e-11 -0.00133714 0.00960556 0.00152876 0.0121741 -0.00200286 0.00657662 0.00269274 0.0112266 0.000629883 0.00235546 0.0054674 0.00255216 -0.00216308 0.0042989 0.0103822 0.0147646 0.0047222 0.000960676 0.0013183 0.00852437 0.00826805 0.00736161 0.010471 0.00621656 0.00125265 0.00199514 0.0142259 0.00558454 0.00454174
internal_weight=73923 64890 9033 12232 4888 52658 4145 5330 3579 6902 4405 2641 3986 47000 925 1897 1309 1324 4791 2820 1504 1329 99 175 1317 2779 1920 935 725 1266
internal_count=73923 64890 9033 12232 4888 52658 4145 5330 3579 6902 4405 2641 3986 47000 925 1897 1309 1324 4791 2820 1504 1329 99 175 1317 2779 1920 935 725 1266
is_linear=0
shrinkage=0.03


Tree=7
num_leaves=31
num_cat=0
split_feature=39 32 39 32 40 34 39 34 40 41 40 6 39 39 42 21 17 32 30 34 30 6 14 35 6 32 32 1 27 35
split_gain=992.613 129.465 73.5397 14.4341 14.4023 10.5468 6.81882 3.42261 2.75033 2.22551 1.75795 1.46597 1.35579 1.2403 1.20482 1.1286 0.985303 0.922924 0.907076 0.763041 0.758262 0.755791 0.711504 0.699951 0.692676 0.68928 0.653418 0.679264 0.609797 0.603066
threshold=0.26712584495544439 1.8322282433509829 0.45269808173179632 3.9815453290939335 0.62154957652091991 0.83518517017364513 0.34842495620250707 7.232051134109498 0.52638193964958202 0.67531934380531322 0.10631904006004335 0.025000000000000005 0.23562562465667727 0.38775168359279638 0.15491502732038501 0.31500000000000006 1.0000000180025095e-35 13.766847133636476 0.30952382087707525 14.191332817077638 8.6458334922790545 0.33500000000000008 0.2950000000000001 0.21807064861059192 0.27500000000000008 0.95608681440353405 18.564299583435062 1.5000000000000002 17.500000000000004 0.23861283808946612
decision_type=10 10 10 10 10 8 10 10 10 10 10 8 8 10 10 2 2 10 10 10 10 8 10 10 8 10 10 8 10 10
left_child=1 5 6 10 8 18 15 11 24 26 -3 -5 -9 -8 29 20 -16 -14 -1 21 -2 -10 -15 -18 -4 -7 27 -6 -26 -13
right_child=2 3 4 7 9 25 13 12 19 -11 -12 14 17 22 16 -17 23 -19 -20 -21 -22 -23 -24 -25 28 -27 -28 -29 -30 -31
leaf_value=-0.0021522130354055678 0.0041445863090662236 5.2249221342470164e-05 0.0056510411305125893 -0.00031495579206834506 0.012484103442863367 -0.0011472124153992303 0.006453760461485449 0.0030147943788492869 0.0067047481437599874 0.014779203804293799 0.0010133739642482699 0.0010770358019294832 0.0044194866871893846 0.0077942524792112798 0.0011496050811021458 0.008223611406105405 0.0024161252894760502 0.0084866673006591467 -0.0017428408745172666 0.011929142288312844 0.0053846366274494708 0.010856955577388435 0.010469309060919876 0.0035279687336527503 0.0092370253436531435 -0.000463829469090358 0.013827385240544875 0.0092262671968819637 0.010611917642095112 0.0026482190050124985
leaf_weight=41120 1016 3668 41 220 576 2160 752 1050 41 915 3213 962 577 1030 376 85 1439 55 5526 782 788 1046 98 789 1088 3450 315 64 396 285
leaf_count=41120 1016 3668 41 220 576 2160 752 1050 41 915 3213 962 577 1030 376 85 1439 55 5526 782 788 1046 98 789 1088 3450 315 64 396 285
internal_value=-2.67703e-11 -0.00129703 0.00931739 0.00142822 0.0116078 -0.00195591 0.00611841 0.0025372 0.0104431 0.0137219 0.000501035 0.00206686 0.00367559 0.0073975 0.00220293 0.00484542 0.00257013 0.00477343 -0.00210372 0.0112145 0.00468625 0.0107003 0.00802666 0.00280986 0.00949764 -0.00072695 0.0127088 0.0121583 0.00960391 0.00143613
internal_weight=73923 64890 9033 12634 5264 52256 3769 5753 3394 1870 6881 4071 1682 1880 3851 1889 2604 632 46646 1869 1804 1087 1128 2228 1525 5610 955 640 1484 1247
internal_count=73923 64890 9033 12634 5264 52256 3769 5753 3394 1870 6881 4071 1682 1880 3851 1889 2604 632 46646 1869 1804 1087 1128 2228 1525 5610 955 640 1484 1247
is_linear=0
shrinkage=0.03


Tree=8
num_leaves=31
num_cat=0
split_feature=39 32 39 39 40 34 39 34 40 38 34 17 42 39 21 57 21 42 41 30 1 30 20 11 6 1 22 32 6 9
split_gain=933.949 121.813 69.1935 13.5988 13.5511 9.92344 6.41583 2.86391 2.58779 2.11665 1.83755 1.66415 1.29367 1.167 1.0619 0.996276 0.868616 0.864855 0.843981 0.760693 0.723323 0.713449 0.696941 0.675296 0.863784 0.716146 0.666682 0.655291 0.651739 0.635136
threshold=0.26712584495544439 1.8322282433509829 0.45269808173179632 0.15372467041015628 0.62154957652091991 0.83518517017364513 0.34842495620250707 8.7615494728088397 0.52638193964958202 0.6845531463623048 2.9967741966247563 1.0000000180025095e-35 0.18070394545793536 0.38775168359279638 0.31500000000000006 20.033333333333335 0.26500000000000007 0.0096980039961636084 0.099407196044921889 9.3874998092651385 1.5000000000000002 8.6458334922790545 1.0000000180025095e-35 0.61277477873915076 0.6150000000000001 1.5000000000000002 56.500000000000007 0.6138826608657838 0.27500000000000008 0.68557659253841485
decision_type=10 10 10 10 10 8 10 10 10 10 10 2 10 10 2 10 2 10 8 10 8 10 2 10 10 8 2 8 8 10
left_child=1 5 6 10 8 17 14 11 28 26 -3 -5 29 -8 21 -9 18 -1 -12 -20 -10 -2 -14 24 25 -15 -6 -7 -4 -13
right_child=2 3 4 7 9 27 13 15 20 -11 16 12 22 23 -16 -17 -18 -19 19 -21 -22 -23 -24 -25 -26 -27 -28 -29 -30 -31
leaf_value=-0.0020927638307069508 0.0040202487265975553 -1.9980189631063875e-05 0.0054815100251537994 0.00071624393704725813 0.012690984782113597 -0.0014927249740217673 0.0062601476695577883 0.0061751528091731527 0.011102403894206572 0.014348006705575232 0.0002280774419705267 0.0023446403571487809 0.0027703419757727811 0.0082635755246521867 0.007976903097594485 0.0035972425408686455 0.002891198908331033 -0.0017206855429410057 0.0010831768212996333 0.0048176799606531855 0.0093255852905873553 0.0052230974939739836 0.0046131345333762907 0.0042655755242114847 0.0096711083559283713 0.0065246766556971867 0.010605659070229548 -0.00057166131107771871 0.0093157930836358267 0.0011951305132116498
leaf_weight=40107 1016 3037 41 577 794 813 752 164 1633 909 1320 999 1866 501 85 761 197 6539 2695 50 236 788 205 47 209 371 167 4797 1484 763
leaf_count=40107 1016 3037 41 577 794 813 752 164 1633 909 1320 999 1866 501 85 761 197 6539 2695 50 236 788 205 47 209 371 167 4797 1484 763
internal_value=-3.94294e-11 -0.00125811 0.00903787 0.00138537 0.0112596 -0.00189723 0.00593486 0.00253661 0.0101298 0.0133102 0.000543909 0.00221828 0.00244439 0.00717558 0.00470006 0.0040543 0.000945724 -0.0020406 0.000851441 0.0011512 0.010878 0.00454566 0.00295275 0.00778586 0.00793892 0.00752375 0.0123286 -0.000705142 0.00921271 0.00184687
internal_weight=73923 64890 9033 12634 5264 52256 3769 5335 3394 1870 7299 4410 3833 1880 1889 925 4262 46646 4065 2745 1869 1804 2071 1128 1081 872 961 5610 1525 1762
internal_count=73923 64890 9033 12634 5264 52256 3769 5335 3394 1870 7299 4410 3833 1880 1889 925 4262 46646 4065 2745 1869 1804 2071 1128 1081 872 961 5610 1525 1762
is_linear=0
shrinkage=0.03


Tree=9
num_leaves=31
num_cat=0
split_feature=39 32 39 32 40 30 39 34 40 40 30 6 32 7 21 33 39 40 42 17 21 30 41 34 6 1 6 14 39 9
split_gain=878.753 114.649 65.1258 11.9808 11.2102 10.4412 8.25918 2.7907 2.68707 1.86677 1.47362 1.34783 1.12821 1.11863 1.03693 0.988658 0.951181 0.943542 0.919012 0.878157 0.777059 0.881499 0.760923 0.743657 0.742279 0.726851 0.863598 0.712772 0.665028 0.64539
threshold=0.26712584495544439 1.9353346824645998 0.47439032793045049 4.2420101165771493 0.65891560912132274 0.77500000596046459 0.38775168359279638 7.5612499713897714 0.56083941459655773 0.10810628905892374 9.6458334922790545 0.025000000000000005 13.766847133636476 0.46416666666666678 0.26500000000000007 3.6396104097366337 0.15372467041015628 0.75403150916099559 0.01427541906014085 1.0000000180025095e-35 1.0000000180025095e-35 11.775000095367433 0.27668987214565283 11.573214054107668 0.23500000000000001 1.5000000000000002 0.23500000000000001 0.18500000000000008 0.22410047799348834 0.42185794848346297
decision_type=10 10 10 10 10 8 10 10 10 10 10 8 10 8 2 10 10 10 10 2 2 10 8 10 10 10 8 10 8 8
left_child=1 5 6 9 8 18 10 11 15 -3 13 -5 28 14 24 23 -13 -6 -1 -18 21 -8 -16 -4 -2 -12 -27 -22 -9 -10
right_child=2 3 4 7 17 -7 20 12 29 -11 25 16 -14 -15 22 -17 19 -19 -20 -21 27 -23 -24 -25 -26 26 -28 -29 -30 -31
leaf_value=-0.0020182713850148805 0.0031302338773985545 0.00010100063300256993 0.00392438070354413 -0.00028912622458747092 0.012978661718240437 -0.00062414566853824006 0.006800737192713101 0.002830549893783888 0.0076505662905091932 0.0010760181450524887 0.0065905654293977088 0.0010387003105210952 0.0076553630172196069 0.0035532574627765699 0.010955443019668261 0.009630272850563627 0.0010507480018388015 0.014761574931472619 -0.0015555082958876284 0.0026057798256546257 0.0082004449918010348 0.0083488684695531938 0.0053408237333756655 0.0091248446032404906 0.0052706498093980673 0.0022437594109488762 0.0056571444633863712 0.012175690879812464 0.0041291295591035808 0.011216206816546278
leaf_weight=42639 186 3497 49 209 935 5772 705 779 47 3573 581 543 59 717 45 1798 375 374 4247 2545 111 624 42 50 675 85 310 64 652 1635
leaf_count=42639 186 3497 49 209 935 5772 705 779 47 3573 581 543 59 717 45 1798 375 374 4247 2545 111 624 42 50 675 85 310 64 652 1635
internal_value=-3.30993e-11 -0.00122037 0.00876673 0.00139601 0.0111125 -0.00182813 0.00600052 0.00249481 0.0102436 0.00059375 0.00498995 0.00205047 0.00358984 0.00444739 0.00512365 0.00946957 0.00219167 0.0134881 -0.00197635 0.00240608 0.00777507 0.00752763 0.00824494 0.00655088 0.00480826 0.00591553 0.00492262 0.00965425 0.00342222 0.0111166
internal_weight=73923 64890 9033 12232 4888 52658 4145 5162 3579 7070 2641 3672 1490 1665 948 1897 3463 1309 46886 2920 1504 1329 87 99 861 976 395 175 1431 1682
internal_count=73923 64890 9033 12232 4888 52658 4145 5162 3579 7070 2641 3672 1490 1665 948 1897 3463 1309 46886 2920 1504 1329 87 99 861 976 395 175 1431 1682
is_linear=0
shrinkage=0.03


Tree=10
num_leaves=31
num_cat=0
split_feature=39 32 39 41 32 34 39 40 34 40 42 6 35 42 6 33 39 21 38 17 34 21 6 14 34 34 33 1 35 40
split_gain=826.819 107.873 61.3196 12.0877 11.2856 9.85996 5.74395 2.9378 2.88798 1.93087 1.35123 1.28463 1.17257 1.06941 1.0661 1.03628 1.01518 0.950866 0.891445 0.82571 0.801778 0.759042 0.740316 0.654395 0.652273 0.650405 0.640932 0.634134 0.633917 0.608329
threshold=0.26712584495544439 1.9353346824645998 0.45269808173179632 0.61767166852951061 3.9815453290939335 0.98058068752288829 0.34842495620250707 0.53481405973434459 7.232051134109498 0.69099023938179027 0.10542796552181245 0.025000000000000005 0.33687943220138555 0.15491502732038501 0.53500000000000014 8.6794872283935565 0.39856715500354772 0.31500000000000006 0.015603814274072649 1.0000000180025095e-35 15.922264099121096 0.14500000000000005 0.27500000000000008 0.2350000000000001 13.858058452606203 6.7111909389495858 14.033333301544191 2.5000000000000004 0.21807064861059192 0.04990899749100209
decision_type=10 10 10 10 10 8 10 10 10 10 10 8 8 10 8 8 10 2 10 2 10 2 8 10 10 10 10 10 10 10
left_child=1 5 6 7 10 18 17 22 11 -5 -3 -6 15 -13 -9 -10 27 25 -1 -15 -17 -12 -4 26 -16 -2 -18 -8 -21 -7
right_child=2 4 3 9 8 29 16 14 12 -11 21 13 -14 19 24 20 23 -19 -20 28 -22 -23 -24 -25 -26 -27 -28 -29 -30 -31
leaf_value=-0.0019564202743935217 0.0034561577516492624 2.292535444446475e-05 0.0047659593314996786 0.011693890395565955 -0.00034052398177531851 -0.00085470733436427706 0.0063019210678256846 0.0091860327650136828 0.0027120387401264063 0.013735973928450294 0.00078284282493897277 0.0012940628841582335 0.0078016286003045167 0.0010620394969288447 0.010230387530586825 0.0039729648767369806 0.0068600581828435619 0.0075150478402810066 -0.0014962827748415874 0.0022071975396018633 0.0081651197251242889 0.0026596324967708691 0.0087997755307816488 0.0095530386106708106 0.011508536944820879 0.0046677589823628934 0.0095296863537118002 0.0035556316082309704 0.0032652964419818097 -0.00022439677496505041
leaf_weight=42843 595 2959 42 840 220 3283 857 476 1116 827 3314 1247 52 376 775 469 732 85 4157 1439 45 206 1634 117 670 1209 91 83 789 2375
leaf_count=42843 595 2959 42 840 220 3283 857 476 1116 827 3314 1247 52 376 775 469 732 85 4157 1439 45 206 1634 117 670 1209 91 83 789 2375
internal_value=-1.16659e-11 -0.00118376 0.00850373 0.0105952 0.00135413 -0.00177329 0.00558261 0.00961658 0.00232116 0.012707 0.000495456 0.00188911 0.00336687 0.00201649 0.0104174 0.00322539 0.00675656 0.00441425 -0.00191572 0.00236244 0.00433998 0.000892678 0.00869869 0.00745369 0.010823 0.00426815 0.00715524 0.00605943 0.0025819 -0.000590128
internal_weight=73923 64890 9033 5264 12232 52658 3769 3597 5753 1667 6479 4071 1682 3851 1921 1630 1880 1889 47000 2604 514 3520 1676 940 1445 1804 823 940 2228 5658
internal_count=73923 64890 9033 5264 12232 52658 3769 3597 5753 1667 6479 4071 1682 3851 1921 1630 1880 1889 47000 2604 514 3520 1676 940 1445 1804 823 940 2228 5658
is_linear=0
shrinkage=0.03


Tree=11
num_leaves=31
num_cat=0
split_feature=39 32 39 39 40 30 39 34 40 39 6 30 7 7 41 21 30 33 57 40 42 21 1 34 6 34 1 6 14 33
split_gain=777.954 101.504 57.7051 11.5026 9.98166 8.33747 7.31334 2.41172 2.37904 1.61297 1.53544 1.34943 1.05566 1.04437 1.01378 0.979906 0.963695 0.927288 0.88348 0.859219 0.82882 0.729052 0.852548 0.726708 0.720434 0.695898 0.675475 0.805771 0.655086 0.644268
threshold=0.26712584495544439 1.8322282433509829 0.47439032793045049 0.15372467041015628 0.65891560912132274 0.77500000596046459 0.38775168359279638 8.7615494728088397 0.56083941459655773 0.11144390329718591 0.10500000000000002 9.6458334922790545 0.68833333333333346 0.46416666666666678 0.10532536730170251 0.26500000000000007 7.6458332538604745 3.6396104097366337 20.033333333333335 0.75403150916099559 0.0096980039961636084 1.0000000180025095e-35 1.5000000000000002 2.9967741966247563 0.58500000000000008 11.573214054107668 1.5000000000000002 0.23500000000000001 0.18500000000000008 4.7596154212951669
decision_type=10 10 10 10 10 8 10 10 10 8 8 10 8 8 10 2 10 10 10 10 10 2 8 10 10 10 10 8 10 10
left_child=1 5 6 9 8 20 11 10 17 23 -5 13 -12 14 -2 24 -11 25 -9 -6 -1 22 -8 -3 -16 -4 -13 -28 -23 -24
right_child=2 3 4 7 19 -7 21 18 -10 16 12 26 -14 -15 15 -17 -18 -19 -20 -21 -22 28 29 -25 -26 -27 27 -29 -30 -31
leaf_value=-0.0019111619988674915 0.0014565075625589971 -0.00026006308183810405 0.0035410697404675336 0.00030841609500425988 0.012212211921776241 -0.00061206997624210671 0.0076314426130114528 0.0057135530752584155 0.010458210224358257 0.00093391867828093147 0.0026837358432512735 0.0062302823489184828 0.0017070026694495251 0.0033106838374312919 0.0045405676284470875 0.0081940894933982891 0.0038481873392900625 0.0090641181404379663 0.0032859580140094974 0.01391359244660041 -0.0015494410153667751 0.0077410892562978471 0.0023979302990483121 0.00051097257885516524 0.0081305822781804534 0.0085717718794941899 0.0020347469336736727 0.0053318705425537639 0.011552079141838475 0.0063808420744557361
leaf_weight=40243 74 2180 49 421 935 5371 865 164 1682 2792 2068 581 1921 717 736 84 106 1798 761 374 6642 111 40 2221 54 50 85 310 64 424
leaf_count=40243 74 2180 49 421 935 5371 865 164 1682 2792 2068 581 1921 717 736 84 106 1798 761 374 6642 111 40 2221 54 50 85 310 64 424
internal_value=-4.5715e-11 -0.00114825 0.00824862 0.00126484 0.0104567 -0.00173166 0.00564477 0.00232364 0.0096368 0.000490936 0.00203151 0.00469382 0.00221337 0.00417463 0.00482805 0.00511352 0.00104051 0.00890848 0.00371636 0.0126983 -0.00185992 0.00731462 0.00707494 0.000129046 0.00478596 0.00608183 0.00557954 0.00462236 0.00913482 0.00603749
internal_weight=73923 64890 9033 12634 4888 52256 4145 5335 3579 7299 4410 2641 3989 1665 948 874 2898 1897 925 1309 46885 1504 1329 4401 790 99 976 395 175 464
internal_count=73923 64890 9033 12634 4888 52256 4145 5335 3579 7299 4410 2641 3989 1665 948 874 2898 1897 925 1309 46885 1504 1329 4401 790 99 976 395 175 464
is_linear=0
shrinkage=0.03


Tree=12
num_leaves=31
num_cat=0
split_feature=39 32 39 34 39 40 39 34 1 17 33 39 34 41 21 20 34 1 29 41 40 14 38 1 40 28 8 34 33 33
split_gain=732.175 106.072 43.7221 11.1605 10.2185 7.56967 7.33081 2.52143 1.69714 1.66973 1.6401 1.41631 1.11754 1.01297 0.969576 0.963787 0.942649 0.929021 1.24725 0.90108 0.823136 0.821097 0.812165 0.776999 0.751003 0.736038 0.703763 0.696971 0.688436 0.679865
threshold=0.28829419612884527 2.1871006488800053 0.50428348779678356 0.98058068752288829 0.16781819611787799 0.65891560912132274 0.38775168359279638 7.5612499713897714 1.5000000000000002 1.0000000180025095e-35 23.464285850524906 0.12936355173587802 14.961679458618166 0.3461847603321076 0.10500000000000002 1.0000000180025095e-35 4.3164315223693857 1.5000000000000002 12.22499990463257 0.58235868811607372 0.78955584764480602 0.2350000000000001 0.017349969595670704 1.5000000000000002 0.04990899749100209 11.833333492279055 0.33633333333333343 2.9967741966247563 15.369318008422853 15.806250095367433
decision_type=10 10 10 8 10 10 10 10 8 2 8 8 10 10 2 2 10 8 10 10 10 10 10 8 10 10 10 10 8 8
left_child=1 3 6 22 11 8 13 9 19 -6 15 27 21 14 -2 -10 26 18 -9 25 -7 23 -1 28 -5 -4 -11 -3 -8 -25
right_child=2 4 5 24 7 20 12 17 10 16 -12 -13 -14 -15 -16 -17 -18 -19 -20 -21 -22 -23 -24 29 -26 -27 -28 -29 -30 -31
leaf_value=-0.001838347029616853 0.0040828918850094849 -6.729885494257403e-05 0.0078408624744897171 -0.00080473038858022824 0.00053759094377268479 0.01201024863070853 0.0069878108353794441 0.0041559168282603622 0.0078372352455391477 0.0026118661702190897 0.0022114042877560344 0.0013300960998598719 0.0089635185589167204 0.0057120307959960363 0.0069664952072679351 0.011533340637076211 0.0027884861867083824 0.0030364312972704357 0.0094040956685785201 0.010631183632957529 0.014160105491213918 0.0086574839731685862 -0.0013705127784413953 0.0061877783399888094 -0.0001662775391111783 0.0097170574371032905 0.0011748595152066593 0.00071108774367025743 0.0093306754887075606 0.0021241067012306302
leaf_weight=43411 1200 1687 218 3341 533 1122 816 432 362 501 41 2301 330 758 115 77 1847 979 45 941 187 248 3618 503 3292 1376 791 2680 131 40
leaf_count=43411 1200 1687 218 3341 533 1122 816 432 362 501 41 2301 330 758 115 77 1847 979 45 941 187 248 3618 503 3292 1376 791 2680 131 40
internal_value=-1.88771e-11 -0.00107367 0.00830246 -0.00163988 0.00150209 0.0104124 0.00609929 0.00250896 0.00958532 0.00209007 0.00794961 0.000727764 0.00736306 0.00483856 0.00433507 0.00848553 0.00235368 0.00356539 0.00465103 0.00989504 0.0123174 0.00705917 -0.00180236 0.00679315 -0.000487862 0.00946046 0.00173209 0.000410392 0.0073119 0.00588843
internal_weight=73923 65458 8465 53662 11796 4324 4141 5128 3015 3672 480 6668 2068 2073 1315 439 3139 1456 477 2535 1309 1738 47029 1490 6633 1594 1292 4367 947 543
internal_count=73923 65458 8465 53662 11796 4324 4141 5128 3015 3672 480 6668 2068 2073 1315 439 3139 1456 477 2535 1309 1738 47029 1490 6633 1594 1292 4367 947 543
is_linear=0
shrinkage=0.03


Tree=13
num_leaves=31
num_cat=0
split_feature=39 32 39 30 32 40 39 32 1 33 6 41 40 34 41 21 20 35 57 1 33 41 41 14 42 42 1 28 14 9
split_gain=688.903 99.8028 41.1382 10.519 9.67736 7.1223 6.89756 2.69145 1.59684 1.54317 1.39362 1.13125 1.06888 1.05149 0.953103 0.912274 0.906827 0.902405 0.850109 1.34316 0.888605 0.847827 0.802036 0.77257 0.743461 0.735197 0.731078 0.692538 0.673671 0.648965
threshold=0.28829419612884527 2.1871006488800053 0.50428348779678356 0.77500000596046459 4.2420101165771493 0.65891560912132274 0.38775168359279638 7.1497278213500985 1.5000000000000002 23.464285850524906 1.0000000180025095e-35 0.27668987214565283 0.10810628905892374 14.961679458618166 0.3461847603321076 0.10500000000000002 1.0000000180025095e-35 0.30495168268680578 20.31666666666667 1.5000000000000002 4.1291666030883798 0.58235868811607372 0.70467796921730053 0.2350000000000001 0.0096980039961636084 0.074604094028472914 1.5000000000000002 11.833333492279055 0.18500000000000008 0.39000314641413864
decision_type=10 10 10 8 10 10 10 10 8 8 8 10 10 10 10 2 2 10 10 10 10 10 10 10 10 10 8 10 8 10
left_child=1 3 6 24 12 8 14 10 21 16 -6 17 -3 23 15 -2 29 -12 19 -9 -20 27 -7 26 -1 -5 -8 -4 -17 -10
right_child=2 4 5 25 7 22 13 18 9 -11 11 -13 -14 -15 -16 28 -18 -19 20 -21 -22 -23 -24 -25 -26 -27 -28 -29 -30 -31
leaf_value=-0.0017988814085443049 0.0039604051280821293 0.0001575318400179493 0.0076056365297179143 -0.00072311288632484027 -0.00056939184925228843 0.011229267215863223 0.0070925459017685578 0.0078977736583328798 0.0046011212212880223 0.002145062179032077 0.0018110112391797222 0.0036228808955464046 0.00096319076865852621 0.0086946129442446608 0.0055406698724592843 0.0048140232879390465 0.011187340265696311 0.0034963504073554069 0.00084840448203800812 0.002766598004593768 0.0035457619352839611 0.010312248138460583 0.012715246281476241 0.0083977594279924465 -0.0014563371576746822 -7.4318261314642738e-05 0.005711775804748913 0.0094255456451385316 0.0094702704495284694 0.00813975606275592
leaf_weight=40243 1200 2562 218 4296 183 676 947 96 55 41 3548 400 3516 330 758 67 77 311 124 88 968 941 633 248 6644 2479 543 1376 48 307
leaf_count=40243 1200 2562 218 4296 183 676 947 96 55 41 3548 400 3516 330 758 67 77 311 124 88 968 941 633 248 6644 2479 543 1376 48 307
internal_value=4.42186e-12 -0.00104146 0.00805339 -0.00159068 0.00145703 0.0101 0.00591631 0.00234294 0.00929776 0.00771112 0.0019941 0.00210425 0.000623589 0.00714217 0.0046934 0.00420502 0.00823096 0.00194683 0.00355732 0.00544373 0.00323947 0.00959819 0.0119478 0.0068474 -0.00175034 -0.000485716 0.00658935 0.00917665 0.0067575 0.00760212
internal_weight=73923 65458 8465 53662 11796 4324 4141 5718 3015 480 4442 4259 6078 2068 2073 1315 439 3859 1276 184 1092 2535 1309 1738 46887 6775 1490 1594 115 362
internal_count=73923 65458 8465 53662 11796 4324 4141 5718 3015 480 4442 4259 6078 2068 2073 1315 439 3859 1276 184 1092 2535 1309 1738 46887 6775 1490 1594 115 362
is_linear=0
shrinkage=0.03


Tree=14
num_leaves=31
num_cat=0
split_feature=39 40 39 32 41 30 39 40 34 40 34 30 6 6 11 1 33 6 41 39 21 17 21 6 35 34 21 30 35 17
split_gain=648.196 84.6158 48.2579 10.6214 9.69868 5.789 4.58669 2.30889 2.12918 1.53679 1.32779 1.22706 0.975247 0.945013 0.923936 0.963885 1.36837 1.31801 0.892595 0.864675 0.809233 0.701133 0.687272 0.657973 0.648832 0.640092 0.637667 0.629903 0.607585 0.567542
threshold=0.26712584495544439 0.062015848234295852 0.45269808173179632 3.9815453290939335 0.61767166852951061 0.77500000596046459 0.34842495620250707 0.53481405973434459 7.232051134109498 0.69099023938179027 2.6434624195098881 6.7750000953674325 0.59500000000000008 0.025000000000000005 0.61277477873915076 1.5000000000000002 2.3452380895614628 0.54500000000000015 0.16239532083272937 0.23562562465667727 0.31500000000000006 1.0000000180025095e-35 0.26500000000000007 0.27500000000000008 0.2419017776846886 15.922264099121096 0.03500000000000001 0.18333333730697635 0.2152509689331055 6.5000000000000009
decision_type=10 10 10 10 10 8 10 10 10 10 10 10 8 8 10 8 10 10 10 10 2 2 2 8 10 10 2 10 10 2
left_child=1 5 6 10 7 27 20 23 13 -6 -3 -7 25 -5 15 -8 -17 24 -15 -10 -2 -20 -12 -4 -18 29 -19 -1 -23 -9
right_child=2 3 4 8 9 11 14 12 19 -11 22 -13 -14 18 -16 16 17 26 21 -21 -22 28 -24 -25 -26 -27 -28 -29 -30 -31
leaf_value=-0.0017542366440318176 0.00375912141821969 -0.00010517805991644073 0.003986851305235177 -0.00028142410853921533 0.010372548434841779 -0.00065230025333006512 0.0067896050221380984 0.0043279595309641304 0.0024420006447860385 0.012194360442185928 0.00060602048525087624 0.0045599361568712058 0.0097362483686292238 0.0011740454071669968 0.0031041587738222195 0.0012476493350219574 0.0018301601149141788 0.007011341195663108 0.00092593600583955522 0.0038626103895845723 0.0067544631151865951 0.0019310321043397808 0.0023151392670063254 0.0077897212921063672 0.0053454257635984354 0.0096133135643716641 0.011265573744429274 -0.0014709941149501765 0.0029691162758891994 0.0080205411922394769
leaf_weight=38051 1804 3269 42 207 840 4761 956 41 1031 827 4198 41 1210 1334 95 66 52 153 367 616 85 1268 223 1634 518 236 40 8678 846 434
leaf_count=38051 1804 3269 42 207 840 4761 956 41 1031 827 4198 41 1210 1334 95 66 52 153 367 616 85 1268 223 1634 518 236 40 8678 846 434
internal_value=2.77395e-11 -0.00104812 0.00752935 0.00107955 0.00938478 -0.0015997 0.00493795 0.00850815 0.00206478 0.0112764 0.000353254 -0.000607798 0.0092181 0.00169273 0.005987 0.00614043 0.0053918 0.00575027 0.00179985 0.00297333 0.0038939 0.00213633 0.00069223 0.00769442 0.00502473 0.00833629 0.00789305 -0.00170164 0.00234646 0.00770181
internal_weight=73923 64890 9033 13359 5264 51531 3769 3597 5669 1667 7690 4802 1921 4022 1880 1785 829 763 3815 1647 1889 2481 4421 1676 570 711 193 46729 2114 475
internal_count=73923 64890 9033 13359 5264 51531 3769 3597 5669 1667 7690 4802 1921 4022 1880 1785 829 763 3815 1647 1889 2481 4421 1676 570 711 193 46729 2114 475
is_linear=0
shrinkage=0.03


Tree=15
num_leaves=31
num_cat=0
split_feature=39 32 39 34 39 41 39 34 6 1 33 41 7 39 34 6 42 21 21 40 1 29 20 14 38 40 34 6 1 33
split_gain=610.071 88.4267 36.4291 9.37398 8.62784 6.36369 6.11078 2.15688 1.77505 1.50945 1.70679 1.23232 1.08816 1.00538 0.975388 0.915876 0.894902 0.96439 0.859465 0.834453 0.783516 0.956746 0.773797 0.71888 0.679382 0.62656 0.617412 0.605582 0.602268 1.08961
threshold=0.28829419612884527 2.1871006488800053 0.50428348779678356 0.98058068752288829 0.16781819611787799 0.6393314301967622 0.38775168359279638 8.4321250915527362 0.10500000000000002 1.5000000000000002 23.464285850524906 0.1263430938124657 0.64166666666666694 0.68932336568832409 14.961679458618166 0.055000000000000007 0.35929594933986669 0.10500000000000002 0.16500000000000004 0.69099023938179027 1.5000000000000002 12.22499990463257 1.0000000180025095e-35 0.32500000000000012 0.0088099897839128988 0.04990899749100209 14.961679458618166 0.60500000000000009 1.5000000000000002 16.809090614318851
decision_type=10 10 10 8 10 10 10 10 8 8 8 8 8 10 10 8 10 2 2 10 8 10 2 10 10 10 10 10 8 8
left_child=1 3 6 24 11 9 15 8 -6 13 22 -3 18 26 23 -2 17 -17 -10 -7 21 -9 27 28 -1 -5 -4 -11 -8 -30
right_child=2 4 5 25 7 19 14 20 12 10 -12 -13 -14 -15 -16 16 -18 -19 -20 -21 -22 -23 -24 -25 -26 -27 -28 -29 29 -31
leaf_value=-0.0016958886146948751 0.00059690657181834627 0.00030045200023437062 0.0084209314175632908 -0.00073066956278241841 -9.0187290641314695e-05 0.010316205841536429 0.0067036005245936867 0.0040333350056725534 0.0024584227161076125 0.0059663248901100207 0.0018075936828972771 0.0011225493056783015 0.0016234733232334429 0.010878058563902089 0.0082166028186382561 0.003842691411013897 0.0054371249639863471 0.0067019905562408204 0.0046773902852339884 0.011812952587728218 0.0029148249687703043 0.0088039205987872765 0.010540807598829268 0.0084829790978296904 -0.0013856349764194255 -0.00014750707004229142 0.0094440738980006468 0.0084483064599495759 0.0058434370127599181 0.0007161024999732035
leaf_weight=39458 55 3750 1364 3341 345 576 1003 315 1709 180 48 2918 1752 236 330 1252 650 116 173 802 791 43 75 142 7571 3292 869 174 553 40
leaf_count=39458 55 3750 1364 3341 345 576 1003 315 1709 180 48 2918 1752 236 330 1252 650 116 173 802 791 43 75 142 7571 3292 869 174 553 40
internal_value=1.45475e-11 -0.000980063 0.00757861 -0.00149703 0.00137172 0.00950455 0.00556756 0.00229691 0.00196628 0.00871743 0.00717247 0.000660212 0.00216152 0.00901591 0.00672139 0.00441652 0.00452062 0.00408515 0.0026624 0.0111873 0.00344186 0.00460634 0.00777274 0.00643749 -0.00164594 -0.000441242 0.0088191 0.00718628 0.0062555 0.00549758
internal_weight=73923 65458 8465 53662 11796 4324 4141 5128 3979 2946 477 6668 3634 2469 2068 2073 2018 1368 1882 1378 1149 358 429 1738 47029 6633 2233 354 1596 593
internal_count=73923 65458 8465 53662 11796 4324 4141 5128 3979 2946 477 6668 3634 2469 2068 2073 2018 1368 1882 1378 1149 358 429 1738 47029 6633 2233 354 1596 593
is_linear=0
shrinkage=0.03


Tree=16
num_leaves=31
num_cat=0
split_feature=39 32 39 34 32 41 39 32 40 6 40 41 41 6 6 42 21 35 57 1 33 21 30 42 1 33 42 42 14 26
split_gain=574.016 83.2007 34.3216 8.81998 8.14474 7.39087 3.81199 2.31471 1.62495 1.21981 1.19397 1.00527 0.941382 0.867045 0.861748 0.842013 0.907395 0.796557 0.776576 1.22981 0.805764 0.671367 0.75537 0.650598 0.643714 0.608697 0.596471 0.58293 0.570477 0.540951
threshold=0.28829419612884527 2.1871006488800053 0.47439032793045049 0.98058068752288829 4.2420101165771493 0.62745124101638805 0.38775168359279638 7.1497278213500985 0.53481405973434459 1.0000000180025095e-35 0.69099023938179027 0.27668987214565283 0.11181718483567239 0.62500000000000011 0.055000000000000007 0.35929594933986669 0.10500000000000002 0.30495168268680578 20.31666666666667 1.5000000000000002 4.1291666030883798 1.0000000180025095e-35 11.775000095367433 0.01427541906014085 1.5000000000000002 21.062500000000004 0.074604094028472914 0.15491502732038501 0.18500000000000008 1.5000000000000002
decision_type=10 10 10 8 10 10 10 10 10 8 10 10 10 8 8 10 2 10 10 10 10 2 10 10 10 8 10 10 10 2
left_child=1 3 6 23 12 8 14 9 25 -6 -7 17 -3 24 -2 16 -16 27 19 -9 -20 22 -8 -1 -10 -4 -5 -11 -23 -29
right_child=2 4 5 26 7 10 21 18 13 11 -12 -13 -14 -15 15 -17 -18 -19 20 -21 -22 28 -24 -25 -26 -27 -28 29 -30 -31
leaf_value=-0.0016327080331808761 0.00057899937050586391 0.0002079037610167442 0.0075263991334647909 -0.00065808974567931142 -0.00057850991925377331 0.0098147903399705312 0.0053651019815966101 0.0074206880744895898 0.0082991177763841132 0.00099789198914832194 0.011498113099823211 0.0033544365430374454 0.00095526999159766261 0.0092587809352797246 0.0037274106607731133 0.0052740112314287281 0.0065009307621673139 0.0032302702922999884 0.00068881652219833121 0.0025107868353105994 0.0032573658875861096 0.0067140739772317774 0.00679820283486781 -0.0012520939392970159 0.0057071640571944183 0.0046114965736427727 -7.6255265174146781e-05 0.00081482350934463949 0.010270452724071219 0.0020496307732042855
leaf_weight=42563 55 3166 1244 4010 183 707 705 96 777 922 818 400 2912 1177 1252 650 116 311 124 88 968 111 624 4466 97 68 2623 372 64 2254
leaf_count=42563 55 3166 1244 4010 183 707 705 96 777 922 818 400 2912 1177 1252 650 116 311 124 88 968 111 624 4466 97 68 2623 372 64 2254
internal_value=3.16241e-11 -0.000950661 0.00735125 -0.00145212 0.00133057 0.00898538 0.00511821 0.00214331 0.00819983 0.0018198 0.0107177 0.00192285 0.000565971 0.00872725 0.00428402 0.004385 0.00396259 0.00177446 0.0032695 0.00507247 0.0029657 0.00626798 0.00603798 -0.00159656 0.00801145 0.00737532 -0.000428005 0.00164685 0.00801469 0.00187471
internal_weight=73923 65458 8465 53662 11796 4888 3577 5718 3363 4442 1525 4259 6078 2051 2073 2018 1368 3859 1276 184 1092 1504 1329 47029 874 1312 6633 3548 175 2626
internal_count=73923 65458 8465 53662 11796 4888 3577 5718 3363 4442 1525 4259 6078 2051 2073 2018 1368 3859 1276 184 1092 1504 1329 47029 874 1312 6633 3548 175 2626
is_linear=0
shrinkage=0.03


Tree=17
num_leaves=31
num_cat=0
split_feature=39 32 39 32 39 41 39 32 1 33 7 6 39 21 34 21 34 41 11 37 29 1 21 35 34 28 34 14 21 14
split_gain=540.092 78.2835 32.2947 8.34919 7.70745 6.10495 4.79997 2.42829 1.45224 1.72429 1.22969 1.01566 0.989285 0.92314 0.848058 0.87175 0.827281 0.822642 0.768371 0.761597 0.748319 1.06679 0.738487 0.689166 0.679378 0.625856 0.630141 0.625736 0.620745 0.839829
threshold=0.28829419612884527 2.1871006488800053 0.49398681521415716 0.8419458568096162 0.15372467041015628 0.6393314301967622 0.38775168359279638 7.1497278213500985 1.5000000000000002 23.464285850524906 0.63416666666666688 0.03500000000000001 0.68932336568832409 0.15500000000000003 2.7651654481887822 0.39500000000000007 14.961679458618166 0.3461847603321076 0.38788907003367562 0.75025799870491039 12.633333683013918 1.5000000000000002 0.10500000000000002 0.6792857050895692 0.498322144150734 12.166666507720949 9.8905982971191424 0.18500000000000008 1.0000000180025095e-35 -0.02999999999999994
decision_type=10 10 10 8 8 10 10 10 8 8 8 10 10 2 10 2 10 10 8 10 10 8 2 10 10 10 10 8 2 10
left_child=1 3 6 24 14 8 17 10 12 23 11 -6 25 -13 -3 -16 28 22 -17 -7 -9 -22 -2 -10 -1 26 -4 -24 -8 -30
right_child=2 4 5 -5 7 19 16 20 9 -11 -12 13 -14 -15 15 18 -18 -19 -20 -21 21 -23 27 -25 -26 -27 -28 -29 29 -31
leaf_value=-0.0015775130589121473 0.0034816865176202551 -5.535716692857794e-05 0.0052973100231387292 -0.00039730664018328089 -3.176071369769365e-05 0.010097864802952699 0.005760259667756432 0.00299236270245438 0.0063909080000501437 0.0014505455935860108 0.0011806857728254847 0.0021287956137516139 0.010274568873919325 0.0040993526887085231 0.00066552947587932303 0.0052017710604928182 0.0077531259750498321 0.0049426479417693089 0.00064000779404075909 0.011683446298375784 0.0088326821979135273 0.0030952645198600035 0.0041252387463247206 0.008771397019113782 -0.0011220585882897843 0.008454053557855154 0.0079287786564308689 0.0086127723916433752 0.0048168161913139662 0.0089051224026415066
leaf_weight=44040 1200 1671 117 6463 178 1006 1397 1113 301 51 2023 2291 236 236 4030 73 280 758 61 374 50 70 67 172 3159 1982 273 48 68 135
leaf_count=44040 1200 1671 117 6463 178 1006 1397 1113 301 51 2023 2291 236 236 4030 73 280 758 61 374 50 70 67 172 3159 1982 273 48 68 135
internal_value=-5.52927e-12 -0.000922141 0.00713072 -0.00140856 0.00129065 0.00886513 0.00515104 0.00204935 0.00813263 0.00669145 0.00174014 0.00215855 0.00842219 0.00231283 0.00051557 0.000744681 0.00624877 0.0041555 0.00312515 0.0105276 0.00323504 0.00548586 0.00370177 0.00725654 -0.00154703 0.00823789 0.00713934 0.0059983 0.00598551 0.00753564
internal_weight=73923 65458 8465 53662 11796 4512 3953 5961 3132 524 4728 2705 2608 2527 5835 4164 1880 2073 134 1380 1233 120 1315 473 47199 2372 390 115 1600 203
internal_count=73923 65458 8465 53662 11796 4512 3953 5961 3132 524 4728 2705 2608 2527 5835 4164 1880 2073 134 1380 1233 120 1315 473 47199 2372 390 115 1600 203
is_linear=0
shrinkage=0.03


Tree=18
num_leaves=31
num_cat=0
split_feature=39 40 39 41 32 30 39 40 34 40 34 30 27 1 6 42 21 39 7 6 38 41 35 6 20 6 1 21 17 35
split_gain=508.269 66.5834 38.0153 8.71343 8.39537 4.53882 2.45118 2.09114 1.7594 1.37957 1.07639 1.05008 0.804777 0.846449 0.786289 0.777799 0.724156 0.707124 0.70221 0.71789 0.701074 0.89289 0.685609 0.766037 0.704267 0.631708 0.682538 0.618311 0.589222 0.529022
threshold=0.26712584495544439 0.062015848234295852 0.43105377256870275 0.60799673199653637 3.9815453290939335 0.77500000596046459 0.34842495620250707 0.53481405973434459 7.232051134109498 0.69099023938179027 2.6434624195098881 6.7750000953674325 23.500000000000004 1.5000000000000002 0.025000000000000005 0.14815595746040347 0.39500000000000007 0.23562562465667727 0.48833333333333345 0.25500000000000006 0.49267607927322393 0.59921553730964672 0.48808848857879644 0.34500000000000003 1.0000000180025095e-35 0.95500000000000007 2.5000000000000004 0.26500000000000007 1.0000000180025095e-35 0.21807064861059192
decision_type=10 10 10 10 10 8 10 10 10 10 10 10 10 8 8 10 2 10 8 10 10 8 10 10 2 10 8 2 2 10
left_child=1 5 6 7 10 -1 18 20 14 -5 -3 -7 13 -9 -6 -16 25 -10 19 -2 21 22 23 -4 -24 26 -8 -12 -17 -30
right_child=2 4 3 9 8 11 16 12 17 -11 27 -13 -14 -15 15 28 -18 -19 -20 -21 -22 -23 24 -25 -26 -27 -28 -29 29 -31
leaf_value=-0.0015076705436523087 0.0027768866382616242 -9.9207472160439897e-05 0.0027605351097851156 0.0091265937599066919 -0.00030376210650159179 -0.00058028717739050091 0.0053238318694392916 0.0081621597111185395 0.0021805961148486869 0.010788578403503935 0.00053698492996428072 0.0042414400013299977 0.010005417401687457 0.0060898295504596143 0.00091081772619834014 0.00075990524867015755 0.0086489314328384945 0.0034652798264562384 0.0026924426586677356 0.0043802311132157259 0.0074580088104958427 0.0030720338710162739 0.0065473707572786385 0.0061003502695407084 0.0087407494353828954 0.0022013652669556905 0.0032345051774184024 0.0021580909007765828 0.0017071186765878711 0.0026463076569539453
leaf_weight=46729 363 3269 76 975 207 4761 1224 1406 1031 834 4198 41 182 203 1075 376 49 616 709 817 726 73 670 331 164 72 159 223 1530 834
leaf_count=46729 363 3269 76 975 207 4761 1224 1406 1031 834 4198 41 182 203 1075 376 49 616 709 817 726 73 670 331 164 72 159 223 1530 834
internal_value=2.07881e-11 -0.000928123 0.00666732 0.00817683 0.000959271 -0.00141741 0.00415814 0.00736654 0.00183519 0.00989282 0.000313551 -0.000539119 0.00811458 0.0079007 0.00149699 0.0015947 0.0050618 0.00266108 0.00343865 0.003887 0.00670981 0.00629642 0.00648609 0.0054767 0.00697868 0.004941 0.00508363 0.000618755 0.00186301 0.00203846
internal_weight=73923 64890 9033 5640 13359 51531 3393 3831 5669 1809 7690 4802 1791 1609 4022 3815 1504 1647 1889 1180 2040 1314 1241 407 834 1455 1383 4421 2740 2364
internal_count=73923 64890 9033 5640 13359 51531 3393 3831 5669 1809 7690 4802 1791 1609 4022 3815 1504 1647 1889 1180 2040 1314 1241 407 834 1455 1383 4421 2740 2364
is_linear=0
shrinkage=0.03


Tree=19
num_leaves=31
num_cat=0
split_feature=39 32 39 34 39 40 39 34 40 6 39 7 6 42 21 21 1 33 33 40 31 11 6 1 20 34 30 14 34 9
split_gain=478.265 69.3568 28.615 7.42689 6.89589 6.24295 3.17339 1.76679 1.54375 1.54206 1.08495 0.914457 0.795509 0.757043 0.794354 0.723314 0.688029 0.83522 0.686238 0.671591 0.605189 0.604767 0.703652 0.752182 0.611198 0.594537 0.576206 0.575226 0.572293 0.551525
threshold=0.28829419612884527 2.1871006488800053 0.47439032793045049 0.98058068752288829 0.16781819611787799 0.65891560912132274 0.38775168359279638 8.4321250915527362 0.56083941459655773 0.10500000000000002 0.11144390329718591 0.52166666666666683 0.055000000000000007 0.35929594933986669 0.085000000000000006 0.16500000000000004 1.5000000000000002 4.7596154212951669 3.6396104097366337 0.78955584764480602 6.875155210494996 0.61277477873915076 0.58500000000000008 1.5000000000000002 1.0000000180025095e-35 5.1504716873168954 0.18333333730697635 0.19500000000000006 10.626453399658205 0.42185794848346297
decision_type=10 10 10 8 10 10 10 10 10 8 8 8 8 10 2 2 8 10 10 10 10 10 10 8 2 10 10 8 10 8
left_child=1 3 6 26 10 8 12 9 18 -6 -3 15 -2 14 -14 -11 17 -9 28 -7 -17 22 23 -8 -24 -12 -1 -16 -4 -10
right_child=2 4 5 -5 7 19 21 16 29 11 25 -13 13 -15 27 20 -18 -19 -20 -21 -22 -23 24 -25 -26 -27 -28 -29 -30 -31
leaf_value=-0.001509441650547644 0.00035030791425908153 0.00017124884883170814 0.0018226267152039791 -0.00038583663753941506 -0.00017380644657153069 0.0096976684464980915 0.006094203729680941 0.0068072494802048356 0.0050115013985518129 0.0022218243633098955 0.00069731078978116368 0.0014682815596772216 0.003377333433883337 0.0048500713426109336 0.0041114026148685477 0.0032846899525863739 0.0025845642611305101 0.0033735852414996108 0.0071010812298654439 0.01163956520937705 0.0075161793523002406 0.0026324924994260068 0.0064072340597969386 0.0044737294645063328 0.0096273927571746756 0.0015649048761965454 -0.0012431765400705752 0.0082197734930862989 0.0064532800717279314 0.0083076671163846288
leaf_weight=37969 55 3123 41 6633 345 1122 646 83 47 1575 2561 1892 1243 650 71 127 791 275 1798 187 40 55 310 429 64 984 9060 54 58 1635
leaf_count=37969 55 3123 41 6633 345 1122 646 83 47 1575 2561 1892 1243 650 71 127 791 275 1798 187 40 55 310 429 64 984 9060 54 58 1635
internal_value=8.89838e-12 -0.000867756 0.00671017 -0.0013256 0.00121506 0.00820228 0.0046712 0.00204219 0.00755388 0.00174295 0.000578958 0.00192492 0.00391009 0.00400711 0.00360658 0.00242088 0.00307844 0.00416966 0.00696719 0.00997508 0.00429822 0.00572026 0.00583746 0.00544752 0.00695828 0.000938132 -0.00145815 0.00588622 0.00453553 0.00821556
internal_weight=73923 65458 8465 53662 11796 4888 3577 5128 3579 3979 6668 3634 2073 2018 1368 1742 1149 358 1897 1309 167 1504 1449 1075 374 3545 47029 125 99 1682
internal_count=73923 65458 8465 53662 11796 4888 3577 5128 3579 3979 6668 3634 2073 2018 1368 1742 1149 358 1897 1309 167 1504 1449 1075 374 3545 47029 125 99 1682
is_linear=0
shrinkage=0.03


Tree=20
num_leaves=31
num_cat=0
split_feature=31 40 39 41 32 34 39 41 1 33 35 40 39 34 6 42 6 21 21 15 14 1 33 6 14 34 21 34 6 34
split_gain=450.092 58.0157 35.8826 7.78384 7.30515 3.84372 2.32664 2.12017 1.89178 1.80785 1.22804 1.20949 1.20784 0.982484 0.802603 0.777747 0.734378 0.863595 0.685161 0.652548 0.623203 0.604474 0.819123 0.66223 0.636687 0.595468 0.563433 0.558482 0.553505 0.543064
threshold=7.2500905990600595 0.062015848234295852 0.43105377256870275 0.60799673199653637 3.9815453290939335 0.57947367429733287 0.34842495620250707 0.27668987214565283 1.5000000000000002 3.2182539701461796 0.6792857050895692 0.69099023938179027 0.54410049319267284 2.6434624195098881 0.025000000000000005 0.14815595746040347 0.23500000000000001 0.16500000000000004 0.20500000000000004 0.13938502164445293 0.050000000000000037 1.5000000000000002 5.2583334445953378 0.95500000000000007 -0.26499999999999985 14.961679458618166 0.26500000000000007 9.7069921493530291 0.34500000000000003 4.89528512954712
decision_type=10 10 8 10 10 8 10 10 8 10 10 10 8 10 8 10 10 2 2 10 10 8 10 10 8 10 2 10 8 10
left_child=1 5 6 8 13 -1 16 14 12 -10 28 -5 25 -3 -6 -16 27 -18 21 -17 -20 23 -23 -8 -24 -4 -15 -2 -11 -9
right_child=2 4 3 11 7 -7 18 29 9 10 -12 -13 -14 26 15 19 17 -19 20 -21 -22 22 24 -25 -26 -27 -28 -29 -30 -31
leaf_value=-0.0014326381113729555 0.0012758107499641208 -9.9786651487669283e-05 0.006312970050707579 0.0086048594836139886 -0.00017577871977609685 -0.00063620945899455687 0.0054898542813274238 0.00091346027084690485 0.0012258799408795312 0.0029814120940864085 0.0083041000260378819 0.010161766827009323 0.0078762102504283654 0.00050740696865907435 0.00089642786841404552 0.0016900258872793905 0.0033441573422127316 0.006042343031959203 0.0047972948734338085 0.003333021424336132 0.0097628944654665571 0.0010498308491570733 0.00084334674372363479 0.002292582723821397 0.0046515780886911525 0.0076820085459501607 0.0020515427734686194 0.0032424937934916027 0.00579200537880766 0.0034239251574671612
leaf_weight=45315 265 3275 1087 973 249 6200 655 87 75 72 176 834 1530 4206 1136 3097 1490 115 45 234 46 78 43 64 487 388 224 255 508 714
leaf_count=45315 265 3275 1087 973 249 6200 655 87 75 72 176 834 1530 4206 1136 3097 1490 115 45 234 46 78 43 64 487 388 224 255 508 714
internal_value=2.3224e-11 -0.000881798 0.00621434 0.00770004 0.000890906 -0.00133679 0.00384804 0.00172425 0.00693532 0.00566843 0.00610916 0.00932343 0.00728566 0.000294211 0.00148187 0.00157427 0.00322004 0.00353749 0.00478915 0.00180544 0.00730738 0.00461647 0.00392018 0.00520526 0.00434261 0.0066731 0.000585485 0.00224024 0.0054431 0.00315125
internal_weight=73923 64737 9186 5643 13222 51515 3543 5517 3836 831 756 1807 3005 7705 4716 4467 2125 1605 1418 3331 91 1327 608 719 530 1475 4430 520 580 801
internal_count=73923 64737 9186 5643 13222 51515 3543 5517 3836 831 756 1807 3005 7705 4716 4467 2125 1605 1418 3331 91 1327 608 719 530 1475 4430 520 580 801
is_linear=0
shrinkage=0.03


Tree=21
num_leaves=31
num_cat=0
split_feature=39 32 40 32 39 39 38 34 6 39 39 7 34 6 1 6 33 21 21 6 31 41 15 32 1 57 12 32 42 34
split_gain=423.762 63.5397 23.498 6.66007 6.51134 4.99664 3.62571 1.78651 1.42602 1.04842 0.983669 0.960883 0.948612 0.823596 1.01267 0.806828 0.705952 0.683782 0.680048 0.644756 0.635286 0.610042 0.60642 0.56531 0.564382 0.809358 0.557315 0.551577 0.53498 0.534522
threshold=0.29584755003452307 2.1871006488800053 0.52638193964958202 0.8419458568096162 0.16781819611787799 0.39856715500354772 0.6845531463623048 8.4321250915527362 0.10500000000000002 0.68932336568832409 0.11144390329718591 0.52166666666666683 14.191332817077638 0.6150000000000001 1.5000000000000002 0.055000000000000007 17.041666984558109 0.16500000000000004 0.36500000000000005 0.33500000000000008 7.0304276943206796 0.35233184695243841 -0.093396022546884269 10.743412971496584 1.5000000000000002 18.100000000000005 0.61245730559604672 0.18295708298683169 0.074604094028472914 7.8340978622436532
decision_type=10 10 10 8 10 10 10 10 8 10 8 8 10 10 8 8 8 2 2 8 10 10 8 10 8 10 10 10 10 10
left_child=1 3 5 27 10 15 9 8 -6 12 -3 17 19 14 23 -2 -16 -10 26 -4 -19 22 -17 -7 25 -9 -15 -1 -5 -12
right_child=2 4 6 28 7 13 -8 24 11 -11 29 -13 -14 18 16 21 -18 20 -20 -21 -22 -23 -24 -25 -26 -27 -28 -29 -30 -31
leaf_value=-0.0014201584141610882 0.00030791010757502994 0.00015581453806268631 0.0031455825561923639 -0.00055415891905919443 -0.00018824040790385533 0.0047552819303293683 0.0097824767782689701 0.0069390699601230713 0.0021275260112941022 0.0090108388483321721 0.00076429509654929938 0.0013545000152800108 0.0079932108935741007 0.0066654132772757217 0.0047825771329861556 0.0018922037896591908 0.00098407302168197937 0.0030980928126320413 0.010415530224989462 0.0069276774341347838 0.0073732292194987033 0.0046175301715452111 0.0038117436403196981 0.0063902669767439413 0.0025062475392243614 0.0032819645549794323 0.0033877416014671323 -0.0011562322998541598 1.0749288388888089e-05 0.0020008004400427159
leaf_weight=38451 56 3123 42 4063 348 246 929 65 1628 416 3196 1929 1164 705 533 172 48 132 41 1189 41 777 1067 841 838 336 50 8748 2400 349
leaf_count=38451 56 3123 42 4063 348 246 929 65 1628 416 3196 1929 1164 705 533 172 48 132 41 1189 41 777 1067 841 838 336 50 8748 2400 349
internal_value=3.23898e-11 -0.000806483 0.0063972 -0.00124757 0.00116844 0.00494567 0.00815766 0.00195151 0.0016484 0.00762068 0.000544027 0.00181976 0.00737922 0.00585873 0.00547983 0.00385987 0.00446876 0.00231808 0.00665269 0.00679864 0.00411128 0.00395854 0.00354527 0.00602025 0.00294916 0.00387476 0.00644835 -0.00137124 -0.000344383 0.000886027
internal_weight=73923 65647 8276 53662 11985 4536 3740 5317 4078 2811 6668 3730 2395 2464 1668 2072 581 1801 796 1231 173 2016 1239 1087 1239 401 755 47199 6463 3545
internal_count=73923 65647 8276 53662 11985 4536 3740 5317 4078 2811 6668 3730 2395 2464 1668 2072 581 1801 796 1231 173 2016 1239 1087 1239 401 755 47199 6463 3545
is_linear=0
shrinkage=0.03


Tree=22
num_leaves=31
num_cat=0
split_feature=39 32 39 39 41 34 34 39 40 35 34 17 42 6 1 29 7 6 38 41 21 38 21 35 6 6 20 6 21 9
split_gain=398.803 52.356 29.7534 8.18676 6.96084 2.13972 2.09428 1.9267 1.63265 1.13122 0.992756 0.914602 1.16516 0.742776 0.731626 1.29515 0.634677 0.669528 0.629855 0.754869 0.627229 0.611568 0.605869 0.602089 0.538825 0.604331 0.525291 0.516633 0.510948 0.510689
threshold=0.26712584495544439 1.3085306882858279 0.43105377256870275 0.13215601444244388 0.60799673199653637 7.5612499713897714 0.57947367429733287 0.34842495620250707 0.53481405973434459 0.76568627357482921 2.6434624195098881 1.0000000180025095e-35 0.14815595746040347 0.59500000000000008 1.5000000000000002 12.22499990463257 0.48583333333333339 0.25500000000000006 0.49267607927322393 0.59921553730964672 0.39500000000000007 0.6575433909893037 0.26500000000000007 0.65571120381355297 0.95500000000000007 0.20500000000000004 1.0000000180025095e-35 0.025000000000000005 0.41500000000000009 0.286538222539169
decision_type=10 10 10 8 10 10 8 10 10 10 10 2 10 8 8 10 8 10 10 8 2 10 2 10 10 8 2 10 2 8
left_child=1 6 7 10 8 11 -1 16 18 21 -3 -5 29 -10 15 -7 17 -2 19 23 24 -6 27 -4 25 -9 -14 -12 -16 -13
right_child=2 3 4 5 9 14 -8 20 13 -11 22 12 26 -15 28 -17 -18 -19 -20 -21 -22 -23 -24 -25 -26 -27 -28 -29 -30 -31
leaf_value=-0.0013488444832054677 0.0024111909562003417 -0.00026190217149364513 0.0053991435228702752 0.00019846589273222318 0.0075834555491530757 0.0029975861844978072 -0.00068463784493210419 0.0023835979996727325 0.0063915459849354043 0.0098754462995688103 -0.0004011584885253894 0.0016131137938011975 0.0016178006756104003 0.0076526227796181439 0.0019728759466527556 0.0082902006436377119 0.0023513690517556951 0.0039655111874569117 0.0066459690195146068 0.0025802391955680021 0.0078256443610452871 0.0089188680136487453 0.001958357086204815 0.007082973972882412 0.0018445530569685311 0.0046917520508467751 0.0029866822215450567 0.00048161667215934818 0.0053899950437565763 0.0004624978077877871
leaf_weight=45328 362 3752 1005 674 606 363 4717 111 674 574 726 475 2636 1117 998 47 725 802 726 73 49 629 215 236 72 1272 279 3349 41 1290
leaf_count=45328 362 3752 1005 674 606 363 4717 111 674 574 726 475 2636 1117 998 47 725 802 726 73 49 629 215 236 72 1272 279 3349 41 1290
internal_value=-1.5158e-11 -0.000822125 0.00590586 0.000742485 0.00724131 0.00150847 -0.00128624 0.00368603 0.00651708 0.00877504 9.45142e-05 0.00123168 0.00138048 0.00717805 0.00253118 0.0036043 0.00304814 0.00348212 0.00593679 0.00554496 0.0044872 0.0082636 0.000406233 0.00571936 0.00437477 0.0045065 0.00174882 0.000324342 0.00210772 0.000772154
internal_weight=73923 64890 9033 14845 5640 6803 50045 3393 3831 1809 8042 5354 4680 1791 1449 410 1889 1164 2040 1314 1504 1235 4290 1241 1455 1383 2915 4075 1039 1765
internal_count=73923 64890 9033 14845 5640 6803 50045 3393 3831 1809 8042 5354 4680 1791 1449 410 1889 1164 2040 1314 1504 1235 4290 1241 1455 1383 2915 4075 1039 1765
is_linear=0
shrinkage=0.03


Tree=23
num_leaves=31
num_cat=0
split_feature=31 40 39 41 32 32 39 41 1 33 6 35 32 34 6 42 14 38 34 21 1 14 33 15 21 38 9 8 34 35
split_gain=375.478 48.3384 29.7907 6.5364 6.08577 3.2471 1.90878 1.82276 1.66702 1.63369 1.10306 1.05398 1.02809 0.835601 0.715731 0.684024 0.669966 0.66346 0.639233 0.612917 0.584939 0.747102 0.617463 0.583934 0.57509 0.574463 0.55393 0.550736 0.505605 0.546589
threshold=7.2500905990600595 0.062015848234295852 0.43105377256870275 0.60799673199653637 3.9815453290939335 0.6138826608657838 0.34842495620250707 0.27668987214565283 1.5000000000000002 3.2182539701461796 0.60500000000000009 0.76568627357482921 12.515005588531496 2.7651654481887822 1.0000000180025095e-35 0.14815595746040347 0.28500000000000009 0.71722477674484264 6.8341424465179452 0.18500000000000003 1.5000000000000002 -0.28499999999999986 5.2583334445953378 0.14494297691796057 0.115 0.6845531463623048 0.93053925451360997 0.25100000000000011 4.89528512954712 0.38956639170646673
decision_type=10 10 8 10 10 8 10 10 8 10 8 10 10 10 8 10 10 8 10 2 8 8 10 10 2 10 10 8 10 10
left_child=1 5 6 8 13 -1 16 14 12 -10 -11 25 -4 27 -6 -16 18 -14 -2 20 26 -22 -23 -17 -15 -5 -8 -3 -9 -30
right_child=2 4 3 11 7 -7 19 28 9 10 -12 -13 17 24 15 23 -18 -19 -20 -21 21 22 -24 -25 -26 -27 -28 -29 29 -31
leaf_value=-0.0013085019211731225 0.0019628220069826501 0.00059955861032991663 0.0057057199426321682 0.0075414374464860667 -0.00048042657396227527 -0.00057454265654395249 0.0050300285012634541 0.00073723271730002655 0.00091648803651332852 0.0044803828939965614 0.006776507862318884 0.0095791828789170645 0.0068927564554538004 0.00045896832941016199 0.00078940988858501116 0.001533776172932141 0.0049645102957075983 0.0099917785084107889 0.0031519925931476852 0.0066739595589916864 0.00014817322410332659 0.0010513141998533336 0.0042075769153362167 0.0031321555890727638 0.0018352633242599895 0.0088937940037780681 0.0019719300906280261 -0.00027965674823583877 0.0029197740200051984 0.0060327566953968592
leaf_weight=45353 571 841 762 794 185 6162 659 87 75 401 355 574 2179 3871 1145 3166 139 64 1415 97 54 63 487 220 294 439 58 2699 659 55
leaf_count=45353 571 841 762 794 185 6162 659 87 75 401 355 574 2179 3871 1145 3166 139 64 1415 97 54 63 487 220 294 439 58 2699 659 55
internal_value=3.82583e-12 -0.000805398 0.00567593 0.00702965 0.000812717 -0.00122071 0.00351983 0.00157333 0.00632888 0.00513963 0.00555859 0.00851728 0.00665775 0.000268095 0.0013486 0.00142328 0.00295102 0.00698118 0.00281009 0.00437226 0.00420324 0.00351544 0.00384604 0.00163763 0.000556119 0.00802293 0.00478265 -7.0781e-05 0.00289647 0.00315957
internal_weight=73923 64737 9186 5643 13222 51515 3543 5517 3836 831 756 1807 3005 7705 4716 4531 2125 2243 1986 1418 1321 604 550 3386 4165 1233 717 3540 801 714
internal_count=73923 64737 9186 5643 13222 51515 3543 5517 3836 831 756 1807 3005 7705 4716 4531 2125 2243 1986 1418 1321 604 550 3386 4165 1233 717 3540 801 714
is_linear=0
shrinkage=0.03


Tree=24
num_leaves=31
num_cat=0
split_feature=39 40 40 32 30 39 38 34 6 6 7 30 34 6 1 6 21 1 57 39 12 21 34 33 20 42 21 41 15 31
split_gain=353.289 53.0039 19.619 5.86937 4.88624 4.11243 3.05798 1.5367 0.910498 0.846893 0.789736 0.779414 0.774943 0.732488 0.869751 0.728567 0.724381 0.706745 0.798695 0.705762 0.642477 0.627044 0.618694 0.614508 0.606829 0.539931 0.658795 0.535419 0.562021 0.529611
threshold=0.29584755003452307 0.077075026929378523 0.52638193964958202 4.2420101165771493 0.77500000596046459 0.39856715500354772 0.6845531463623048 7.5612499713897714 0.48500000000000004 0.19500000000000003 0.9683333333333336 6.7750000953674325 2.9967741966247563 0.6150000000000001 1.5000000000000002 0.055000000000000007 0.50500000000000012 1.5000000000000002 17.125000000000004 0.68932336568832409 0.29538006963128333 0.36500000000000005 14.191332817077638 17.516666412353519 1.0000000180025095e-35 0.15491502732038501 0.16500000000000004 0.35233184695243841 -0.093396022546884269 13.760167121887209
decision_type=10 10 10 10 8 10 10 10 8 8 8 10 10 10 8 8 2 10 10 10 8 2 10 8 2 10 2 10 8 10
left_child=1 4 5 12 -1 15 8 9 -4 -5 25 -6 20 14 -7 -2 17 18 -9 22 -3 29 -10 -16 -14 -11 -27 28 -17 -15
right_child=2 3 6 7 11 13 -8 16 19 10 -12 -13 24 21 23 27 -18 -19 -20 -21 -22 -23 -24 -25 -26 26 -28 -29 -30 -31
leaf_value=-0.0012574355730966807 0.00015441257273778318 0.00094825144584527129 0.0056573803801480953 0.00046613752044720046 -0.00039729751643059709 0.0054866187767463395 0.0089418912706356567 0.0059752246085554355 0.0064264446104477556 0.0011233089823433084 0.0010540419875424802 0.0033265064125332761 0.00057403681768088534 0.0052468969941830007 0.0043382190118263879 0.0016449038880903594 0.0064288235408021133 0.0018858756278364839 0.0027424533706563153 0.0083225831294225314 -0.00016507579722310341 0.0097050949239467325 0.0074839337190337023 0.00076011019560726393 0.0018621044699654334 0.0021118427368262264 0.0046169161046033394 0.0042408449682102842 0.0034928383890833114 0.0068687837329131883
leaf_weight=46754 56 579 414 738 6244 1087 929 78 1008 474 1402 51 3441 453 534 172 40 1115 582 405 2401 41 984 47 364 1282 102 777 1067 302
leaf_count=46754 56 579 414 738 6244 1087 929 78 1008 474 1402 51 3441 453 534 172 40 1115 582 405 2401 41 984 47 364 1282 102 777 1067 302
internal_value=-1.52352e-11 -0.000736376 0.00584109 0.00101289 -0.00115179 0.00451477 0.0074497 0.00171247 0.00695655 0.00138383 0.00159157 -0.000367128 0.000413524 0.00534311 0.00498578 0.00352971 0.00243641 0.00234644 0.00312451 0.00718093 5.12385e-05 0.00609187 0.00694882 0.00404877 0.000697258 0.00199718 0.00229647 0.00362347 0.00323631 0.00589565
internal_weight=73923 65647 8276 12598 53049 4536 3740 5813 2811 3998 3260 6295 6785 2464 1668 2072 1815 1775 660 2397 2980 796 1992 581 3805 1858 1384 2016 1239 755
internal_count=73923 65647 8276 12598 53049 4536 3740 5813 2811 3998 3260 6295 6785 2464 1668 2072 1815 1775 660 2397 2980 796 1992 581 3805 1858 1384 2016 1239 755
is_linear=0
shrinkage=0.03


Tree=25
num_leaves=31
num_cat=0
split_feature=31 40 39 32 41 34 39 41 1 33 34 35 35 39 6 56 8 6 21 21 21 14 29 34 6 38 8 6 6 34
split_gain=332.677 42.8019 26.3576 6.23174 5.8298 1.97368 1.6775 1.64796 1.50116 1.50527 1.03988 1.038 0.95883 0.937949 0.659432 0.71209 0.671924 0.644183 0.749052 0.623267 0.571133 0.575006 0.524924 0.514916 0.512077 0.504337 0.490404 0.508347 0.488094 0.480929
threshold=7.2500905990600595 0.051631048321723945 0.43105377256870275 3.9815453290939335 0.60799673199653637 0.57947367429733287 0.34842495620250707 0.27668987214565283 1.5000000000000002 3.2182539701461796 2.7651654481887822 0.6792857050895692 0.76568627357482921 0.54410049319267284 0.025000000000000005 26.715719462872059 0.28225000000000006 0.23500000000000001 0.16500000000000004 0.26500000000000007 0.20500000000000004 0.050000000000000037 9.6333336830139178 14.961679458618166 0.34500000000000003 0.6575433909893037 0.18900000000000006 0.055000000000000007 0.34500000000000003 9.7069921493530291
decision_type=10 10 8 10 10 8 10 10 8 10 10 10 10 8 8 10 8 10 2 2 2 10 10 10 8 10 8 10 8 10
left_child=1 5 6 10 8 -1 17 14 13 -10 26 28 25 23 -5 16 -16 29 -19 -12 22 -22 24 -4 -8 -6 27 -3 -11 -2
right_child=2 3 4 7 12 -7 20 -9 9 11 19 -13 -14 -15 15 -17 -18 18 -20 -21 21 -23 -24 -25 -26 -27 -28 -29 -30 -31
leaf_value=-0.0012331099718511144 0.00096870977136145572 -0.00042565149980046873 0.0053915589124770968 -0.00023876729642927465 0.0069312314181939763 -0.00061226502132552703 0.001020873588277027 0.0027354482871692625 0.00077185905715450645 0.0023037666324914122 0.00043604886257177331 0.0072457659654107621 0.0090337338677557982 0.006786652012730294 0.00259466016094666 0.00099351767694727143 0.0014083499162575162 0.0028985980993238626 0.0054114833713266187 0.0020436142478462288 0.0040017726970836519 0.0087714937521630645 0.0043920903824739297 0.0066646366044065854 0.0036104232185624864 0.0081449152677613573 -0.00028769018886237252 0.0010652552711180627 0.0049430666556815597 0.0027937417101553258
leaf_weight=45250 265 330 1087 249 605 5131 84 801 75 72 4163 176 574 1530 605 2387 1483 1490 115 229 45 46 865 388 378 628 3562 547 508 255
leaf_count=45250 265 330 1087 249 605 5131 84 801 75 72 4163 176 574 1530 605 2387 1483 1490 115 229 45 46 865 388 378 628 3562 547 508 255
internal_value=2.31299e-11 -0.000758106 0.00534264 0.000686978 0.00661597 -0.00116988 0.00331458 0.0014772 0.00595416 0.00482562 0.000192587 0.00522778 0.0080209 0.00626625 0.00126385 0.00134746 0.00175208 0.00278134 0.00307865 0.000519868 0.0041137 0.00641284 0.00395603 0.00572644 0.0031396 0.00754939 -0.000131228 0.000504253 0.00461543 0.00186368
internal_weight=73923 64737 9186 14356 5643 50381 3543 5525 3836 831 8831 756 1807 3005 4724 4475 2088 2125 1605 4392 1418 91 1327 1475 462 1233 4439 877 580 520
internal_count=73923 64737 9186 14356 5643 50381 3543 5525 3836 831 8831 756 1807 3005 4724 4475 2088 2125 1605 4392 1418 91 1327 1475 462 1233 4439 877 580 520
is_linear=0
shrinkage=0.03


Tree=26
num_leaves=31
num_cat=0
split_feature=31 40 39 40 32 32 41 41 1 41 35 38 34 30 6 21 7 32 6 1 14 20 56 7 6 31 33 8 15 41
split_gain=313.016 40.2899 24.7999 5.49495 5.0405 2.74638 1.62022 1.52124 1.29614 1.33348 0.939749 0.886026 0.865458 0.85575 0.962235 0.964244 0.733682 0.729836 0.668505 0.5924 0.585292 0.535526 0.529904 0.535596 0.575538 0.534362 0.525957 0.502458 0.481682 0.475819
threshold=7.2500905990600595 0.062015848234295852 0.43105377256870275 0.62154957652091991 4.2420101165771493 0.6138826608657838 0.35233184695243841 0.27668987214565283 1.5000000000000002 0.66363593935966503 0.6792857050895692 0.71722477674484264 2.7651654481887822 12.133928775787355 0.23500000000000001 0.16500000000000004 0.4916666666666667 12.515005588531496 1.0000000180025095e-35 1.5000000000000002 0.23000000000000001 1.0000000180025095e-35 26.764280954770388 0.48583333333333339 0.28500000000000009 6.3658673763275155 7.5166666507720956 0.27450000000000013 -0.33157555218094498 0.099407196044921889
decision_type=10 10 8 10 10 8 10 10 8 8 10 10 10 10 10 2 8 10 8 8 10 2 10 10 10 10 10 8 10 8
left_child=1 5 6 8 12 -1 13 18 17 10 -10 16 27 14 -2 -16 -5 -4 -6 28 -17 29 23 24 -20 -26 -18 -3 -15 -14
right_child=2 4 3 11 7 -7 -8 -9 9 -11 -12 -13 21 19 15 20 26 -19 22 -21 -22 -23 -24 -25 25 -27 -28 -29 -30 -31
leaf_value=-0.0011952654145734735 0.001245344458180177 0.00054243981821739382 0.0052728788151041543 0.0033915210003033279 -0.00056417857742002394 -0.00052026475068734203 0.0041149783862304834 0.0027120911118859703 0.0044918758112680503 0.00057816951589372294 0.0070493737003886614 0.0086786509151842196 -4.0144101240222647e-05 0.0080876646596425416 0.0026501770645398167 0.0037520593438530336 0.0051494778617120832 0.006336206706864321 0.001592318358896944 0.002978212298036834 0.007889665086194873 0.0015425224971113494 0.0010277209288250748 0.00089312774148805419 0.002369184003709961 0.0048801855301273235 0.0075969451926626869 -0.00026900105744063921 0.0044133283691804789 0.00065782229298097571
leaf_weight=45353 414 925 794 42 171 6162 1194 786 585 65 166 617 1241 48 1501 80 85 2165 887 159 50 450 2119 508 357 97 1124 2667 97 3014
leaf_count=45353 414 925 794 42 171 6162 1194 786 585 65 166 617 1241 48 1501 80 85 2165 887 159 50 450 2119 508 357 97 1124 2667 97 3014
internal_value=-7.73142e-13 -0.000735363 0.00518236 0.00641749 0.000741912 -0.00111452 0.00321514 0.00150218 0.00575896 0.0047004 0.00505718 0.00774831 0.000290626 0.00275776 0.00253699 0.00286485 0.00728946 0.00605088 0.00127242 0.00424288 0.00534345 0.000558341 0.00135157 0.0017227 0.00203696 0.00290568 0.00742487 -6.00415e-05 0.00562966 0.000454256
internal_weight=73923 64737 9186 5643 13222 51515 3543 4925 3775 816 751 1868 8297 2349 2045 1631 1251 2959 4139 304 130 4705 3968 1849 1341 454 1209 3592 145 4255
internal_count=73923 64737 9186 5643 13222 51515 3543 4925 3775 816 751 1868 8297 2349 2045 1631 1251 2959 4139 304 130 4705 3968 1849 1341 454 1209 3592 145 4255
is_linear=0
shrinkage=0.03


Tree=27
num_leaves=31
num_cat=0
split_feature=39 32 40 34 39 39 38 34 17 6 20 41 41 6 27 33 1 41 13 13 21 28 15 6 6 53 7 71 1 41
split_gain=294.65 44.2223 16.3855 4.69631 4.61811 3.07955 2.80031 1.52996 1.20649 0.890963 0.794731 0.736946 0.717481 0.660663 0.658578 0.61839 0.589723 0.586497 0.873782 0.537972 0.534118 0.530916 0.588382 0.520549 0.51325 0.507776 0.491689 0.469566 0.469266 0.563745
threshold=0.29584755003452307 2.1871006488800053 0.51642590761184703 0.98058068752288829 0.16781819611787799 0.39856715500354772 0.6845531463623048 9.5022521018981951 1.0000000180025095e-35 0.48500000000000004 1.0000000180025095e-35 0.1263430938124657 0.58235868811607372 0.055000000000000007 19.500000000000004 6.0312500000000009 1.5000000000000002 0.46993438899517065 1.5000000000000002 -1.0000000180025095e-35 0.33500000000000008 12.416666507720949 -0.12846250288295377 0.95500000000000007 0.33500000000000008 20.500000000000004 0.3741666666666667 6.5000000000000009 1.5000000000000002 0.3461847603321076
decision_type=10 10 10 8 8 10 10 10 2 8 2 8 10 8 10 10 8 10 8 10 2 10 10 10 10 10 10 2 8 8
left_child=1 3 5 -1 11 13 9 8 16 -4 15 -3 21 -2 17 -10 -6 18 20 -13 -7 22 -11 28 25 -9 -12 -23 29 -15
right_child=2 4 6 -5 7 14 -8 24 10 12 26 19 -14 23 -16 -17 -18 -19 -20 -21 -22 27 -24 -25 -26 -27 -28 -29 -30 -31
leaf_value=-0.0011458686658119975 1.4869367005303502e-05 0.00016587335399963194 0.0050705239688337957 -0.00029317061090894706 0.0022034770348579235 0.0043397238179349604 0.0081782610698445685 0.0037942485735766238 0.0011533228042029924 0.0024412594605024091 0.0036160063605348114 0.0020429769918861749 0.0070556583679346804 0.0029869322786629819 0.0062068793364973857 0.0020006677838379141 -0.00021754059193260906 0.0053406449847292689 0.0011844049000109618 0.00066866605454103103 0.0077434296789037618 0.0077868577471661669 0.0057782861253751127 0.0017972025880337002 0.0037166097477884046 0.0017654897284222354 0.0013847276773442752 0.0060535962759852369 0.0030398418988323681 0.0046145175105993981
leaf_weight=47029 56 3750 455 6633 109 1184 929 144 2227 71 264 285 1175 306 274 1189 535 698 78 2550 43 164 144 184 313 485 134 989 1014 512
leaf_count=47029 56 3750 455 6633 109 1184 929 144 2227 71 264 285 1175 306 274 1189 535 698 78 2550 43 164 144 184 313 485 134 989 1014 512
internal_value=1.95213e-11 -0.000672493 0.00533436 -0.00104047 0.000975096 0.0040659 0.00673913 0.0016254 0.00139327 0.00629318 0.00159607 0.000441818 0.00651194 0.00322903 0.00482742 0.00144826 0.000192228 0.00463872 0.00426328 0.000806824 0.00445901 0.00604492 0.00467629 0.00331831 0.00272392 0.00222994 0.00286477 0.00630013 0.00347109 0.00400567
internal_weight=73923 65647 8276 53662 11985 4349 3927 5400 4458 2998 3814 6585 2543 2072 2277 3416 644 2003 1305 2835 1227 1368 215 2016 942 629 398 1153 1832 818
internal_count=73923 65647 8276 53662 11985 4349 3927 5400 4458 2998 3814 6585 2543 2072 2277 3416 644 2003 1305 2835 1227 1368 215 2016 942 629 398 1153 1832 818
is_linear=0
shrinkage=0.03


Tree=28
num_leaves=31
num_cat=0
split_feature=31 38 39 32 41 39 29 41 1 33 34 20 35 71 6 21 31 41 14 34 6 12 24 20 57 30 15 57 1 34
split_gain=277.313 35.7585 21.9709 4.95284 4.00461 2.46138 1.94018 1.37255 1.04763 1.08357 0.898489 0.796702 0.761649 0.654982 0.632687 0.631794 0.629335 0.601693 0.598728 0.578532 0.570283 0.618282 0.565798 0.783885 0.529887 0.496691 0.524809 0.580326 0.493639 0.466088
threshold=7.2500905990600595 0.057827323675155647 0.46419787406921392 3.9815453290939335 0.61767166852951061 0.34842495620250707 0.63333335518836986 0.27668987214565283 1.5000000000000002 3.2182539701461796 2.7651654481887822 1.0000000180025095e-35 0.76568627357482921 8.5000000000000018 0.60500000000000009 0.26500000000000007 15.18731737136841 0.13095685839653018 0.28500000000000009 15.922264099121096 0.20500000000000004 0.60911820703607267 1.0000000180025095e-35 1.0000000180025095e-35 25.679487179487186 11.387499809265138 0.21931298835323607 26.345238095238098 1.5000000000000002 4.89528512954712
decision_type=10 10 8 10 10 10 8 10 8 10 10 2 10 2 10 2 10 8 10 10 8 10 2 2 10 10 10 8 10 10
left_child=1 6 5 10 8 18 -1 17 16 -10 -3 13 -6 14 -11 -12 -4 -5 19 -2 28 25 23 -19 -25 26 -22 -28 -7 -9
right_child=2 3 4 7 12 20 -8 29 9 11 15 -13 -14 -15 -16 -17 -18 22 -20 -21 21 -23 -24 24 -26 -27 27 -29 -30 -31
leaf_value=-0.0011212972505953217 0.0022863196072330535 -0.00012636014601226047 0.0054424611004615809 0.00037944468349054199 0.0069479870113764962 0.0036098522023659072 -0.00047920761368584736 0.00042500679967282656 0.00086153705769146857 0.0038163540356908922 0.00040875965800223134 0.0071965040744429356 0.008308111861453301 0.0015298235203860507 0.0061545676457361595 0.0020407838283261902 0.0063510347112925303 0.0012690856571528049 0.0044396349718700415 0.0046503915059931417 0.0035590093634333959 0.0016790784342182717 0.00021015687049789862 0.004005587120291183 0.0017259598921892964 0.0048227314859723121 0.0076224267858196982 0.0033995216029385723 -0.00036370757297845554 0.002750755675015247
leaf_weight=46087 1888 4068 1467 756 1103 68 4664 87 65 240 4171 114 558 62 184 225 1289 3207 139 98 878 88 385 163 210 779 64 54 48 714
leaf_count=46087 1888 4068 1467 756 1103 68 4664 87 65 240 4171 114 558 62 184 225 1289 3207 139 98 878 88 385 163 210 779 64 54 48 714
internal_value=-2.15923e-11 -0.000692155 0.00487786 0.00065095 0.00619633 0.0032452 -0.00106229 0.00134989 0.00560953 0.00454078 0.000194953 0.00493936 0.00740491 0.00440991 0.00483105 0.000492291 0.00586741 0.00115507 0.0025362 0.00240298 0.00400652 0.00413359 0.00130296 0.00142048 0.00272215 0.00425528 0.00381147 0.00568991 0.00196562 0.00249815
internal_weight=73923 64737 9186 13986 5082 4104 50751 5522 3421 665 8464 600 1661 486 424 4396 2756 4721 2125 1986 1979 1863 3965 3580 373 1775 996 118 116 801
internal_count=73923 64737 9186 13986 5082 4104 50751 5522 3421 665 8464 600 1661 486 424 4396 2756 4721 2125 1986 1979 1863 3965 3580 373 1775 996 118 116 801
is_linear=0
shrinkage=0.03


Tree=29
num_leaves=31
num_cat=0
split_feature=39 31 40 39 39 34 38 34 6 34 39 34 7 6 42 6 21 21 6 54 31 41 6 12 26 11 34 6 39 31
split_gain=261.035 39.2612 14.5538 5.30641 2.96319 2.73017 2.33992 1.33681 0.983238 0.878989 0.743296 0.75454 0.700825 0.61233 0.74737 0.61034 0.557348 0.540546 0.53874 0.534218 0.573267 0.524719 0.472551 0.469498 0.467298 0.459527 0.443403 0.4366 0.473583 0.432769
threshold=0.29584755003452307 1.6432477831840517 0.52638193964958202 0.15372467041015628 0.39856715500354772 0.98058068752288829 0.6845531463623048 8.9572725296020526 0.10500000000000002 5.1504716873168954 0.68932336568832409 14.191332817077638 0.64166666666666694 0.6150000000000001 0.49188396334648138 0.055000000000000007 0.36500000000000005 0.16500000000000004 0.33500000000000008 19.166666666666668 6.1956338882446298 0.10690471157431604 0.95500000000000007 0.61245730559604672 93.500000000000014 0.5557973066486529 12.403143405914308 0.45500000000000007 0.13215601444244388 7.1178834438323983
decision_type=10 10 10 10 10 8 10 10 8 10 10 10 8 10 10 8 2 2 8 8 10 10 10 10 2 10 10 8 8 10
left_child=1 5 4 9 15 -1 10 8 -5 21 11 18 17 14 -6 -2 23 -10 -4 -9 -21 -3 -17 24 -15 26 -8 -11 -29 -19
right_child=2 3 6 7 13 -7 25 19 12 27 -12 -13 -14 16 -16 22 -18 29 -20 20 -22 -23 -24 -25 -26 -27 -28 28 -30 -31
leaf_value=-0.0010810184525552467 -4.6971016890243579e-05 -8.8992921505022169e-05 0.001914607155402856 -0.00011469650007757393 0.0038707221032441212 -0.00035311153173802099 0.0048546153016920598 0.0053242438853271347 0.0015856198105827183 0.00068912542561379503 0.0071454751169053796 0.0063192433151209454 0.00098161545122720049 0.0054869124717416137 0.0053044785905298122 0.0032737286771051272 0.0086727569506662647 0.002490844854915325 0.0053718058821384711 0.0013863498724094824 0.0027954536842073456 0.00048209339526242973 0.0016788817183576454 0.0022721119210124016 0.0023905554223567884 0.0083941113212123303 0.0074403920516682162 0.00093688876572202971 0.0034285642056283159 0.0058462092418191123
leaf_weight=46845 56 3968 42 437 1221 5147 70 53 2157 1034 416 1164 2139 658 447 1832 41 177 1189 429 659 2280 184 50 47 454 405 157 122 43
leaf_count=46845 56 3968 42 437 1221 5147 70 53 2157 1034 416 1164 2139 658 447 1832 41 177 1189 429 659 2280 184 50 47 454 405 157 122 43
internal_value=-1.78454e-11 -0.000632971 0.00502086 0.000798617 0.00387851 -0.00100896 0.00640634 0.00145736 0.00124409 0.000267687 0.00597496 0.00577165 0.00137558 0.00458165 0.00425495 0.00304235 0.00526625 0.0017301 0.00525385 0.00238311 0.00223984 0.000119406 0.00312817 0.00508126 0.00528049 0.00771163 0.00705933 0.000973292 0.00202644 0.00314667
internal_weight=73923 65647 8276 13655 4536 51992 3740 6094 4953 7561 2811 2395 4516 2464 1668 2072 796 2377 1231 1141 1088 6248 2016 755 705 929 475 1313 279 220
internal_count=73923 65647 8276 13655 4536 51992 3740 6094 4953 7561 2811 2395 4516 2464 1668 2072 796 2377 1231 1141 1088 6248 2016 755 705 929 475 1313 279 220
is_linear=0
shrinkage=0.03


Tree=30
num_leaves=31
num_cat=0
split_feature=31 40 39 32 41 39 32 41 1 33 34 20 35 71 6 6 56 8 28 14 34 6 12 35 21 11 1 30 15 57
split_gain=245.659 31.7309 19.4546 4.69271 3.56473 2.18015 1.37528 1.26004 0.963047 1.01604 0.820036 0.740885 0.691473 0.618185 0.593786 0.582733 0.575634 0.624872 0.57052 0.559655 0.540097 0.525618 0.555512 0.482235 0.481531 0.460649 0.459906 0.45872 0.48864 0.543022
threshold=7.2500905990600595 0.04990899749100209 0.46419787406921392 3.9028583765029912 0.61767166852951061 0.34842495620250707 0.48625275492668157 0.27668987214565283 1.5000000000000002 3.2182539701461796 2.6434624195098881 1.0000000180025095e-35 0.76568627357482921 8.5000000000000018 0.025000000000000005 0.60500000000000009 26.764280954770388 0.28225000000000006 12.166666507720949 0.28500000000000009 16.626225471496586 0.20500000000000004 0.60911820703607267 0.62115561962127697 0.26500000000000007 0.19543555258445031 1.5000000000000002 11.387499809265138 0.21931298835323607 26.345238095238098
decision_type=10 10 8 10 10 10 8 10 8 10 10 2 10 2 8 8 10 8 10 10 10 8 10 8 2 8 10 10 10 8
left_child=1 6 5 10 8 19 -1 14 18 -10 -3 13 -6 15 -5 -11 17 -16 -4 20 -2 26 27 -20 -12 -26 -7 28 -23 -30
right_child=2 3 4 7 12 21 -8 -9 9 11 24 -13 -14 -15 16 -17 -18 -19 23 -21 -22 22 -24 -25 25 -27 -28 -29 29 -31
leaf_value=-0.0010671714562277411 0.0021713172251211226 -0.00014933191826848669 0.0046302609999435774 -0.0003266396864342528 0.0065366137135955005 0.0033989286316842911 -0.00058509774854471333 0.0023531636265991937 0.00069062154761587191 0.0034820136888111387 0.00035651195761294809 0.0068159713319159649 0.0078325651439848133 0.0013307491412776853 0.002301952662112207 0.0057093641010057461 0.0008359325421952382 0.0011815545603418209 0.0053818728051329969 0.0042277199009151979 0.0050616167661501092 0.0033384423986313186 0.0015666268881812521 0.0062855251685850185 0.0035795127318878832 0.00079702034218331105 -0.00043646348814945667 0.0045538867131018753 0.0072639770898149433 0.0031790520233981726
leaf_weight=44135 1926 4285 520 259 1103 68 6057 803 65 223 4297 114 558 62 629 201 2476 1557 1366 139 60 878 88 870 81 158 48 779 64 54
leaf_count=44135 1926 4285 520 259 1103 68 6057 803 65 223 4297 114 558 62 629 201 2476 1557 1366 139 60 878 88 870 81 158 48 779 64 54
internal_value=4.00714e-13 -0.000651455 0.00459104 0.00058235 0.00583171 0.00305471 -0.001009 0.00125129 0.00527807 0.00425337 0.000148273 0.00463933 0.00697198 0.00412876 0.00107149 0.0045379 0.00114916 0.00150394 0.00552532 0.00238744 0.00225864 0.00377121 0.00389321 0.00573347 0.00042941 0.00174004 0.00181187 0.00400856 0.00358204 0.0053946
internal_weight=73923 64737 9186 14545 5082 4104 50192 5724 3421 665 8821 600 1661 486 4921 424 4662 2186 2756 2125 1986 1979 1863 2236 4536 239 116 1775 996 118
internal_count=73923 64737 9186 14545 5082 4104 50192 5724 3421 665 8821 600 1661 486 4921 424 4662 2186 2756 2125 1986 1979 1863 2236 4536 239 116 1775 996 118
is_linear=0
shrinkage=0.03


Tree=31
num_leaves=31
num_cat=0
split_feature=39 40 40 42 32 39 38 6 21 30 8 6 58 6 34 30 6 6 42 6 47 53 39 21 30 34 7 57 31 41
split_gain=231.255 34.7961 12.905 3.90873 3.2128 2.60261 2.11517 1.07339 0.845058 0.727709 0.702137 0.770543 0.737523 0.699565 0.68457 0.606024 0.564578 0.554127 0.692149 0.528682 0.562379 0.594855 0.517953 0.515456 0.499155 0.48913 0.470541 0.458739 0.543776 0.494651
threshold=0.29584755003452307 0.08541318774223329 0.52638193964958202 0.03126464597880841 4.7408423423767099 0.39856715500354772 0.6845531463623048 0.21500000000000002 0.16500000000000004 6.7750000953674325 0.25100000000000011 0.015000000000000001 0.36081363179074449 0.48500000000000004 3.1507576704025273 7.9375000000000009 0.055000000000000007 0.6150000000000001 0.51051902770996105 1.0000000180025095e-35 1.2392723560333254 17.500000000000004 0.68932336568832409 0.36500000000000005 8.2678570747375506 14.191332817077638 0.38833333333333347 21.369318181818183 13.760167121887209 0.35233184695243841
decision_type=10 10 10 8 10 10 10 10 2 10 8 10 10 8 10 10 8 10 10 8 8 8 10 2 10 10 10 8 10 10
left_child=1 3 5 -1 10 16 13 19 15 -5 11 -3 -13 -4 -12 -9 -2 18 -7 -6 -21 24 25 27 -22 -15 -10 -19 29 -29
right_child=2 4 6 9 7 17 -8 8 26 -11 14 12 -14 22 -16 -17 -18 23 -20 20 21 -23 -24 -25 -26 -27 -28 28 -30 -31
leaf_value=-0.0010166119712942229 -0.00010479796469943331 -0.00045251753528550336 0.0044815044550046293 -0.00027187619352596147 -0.00071223752469417039 0.0036862004484428616 0.0072714500806903525 0.0014511577708307935 0.0051175199645970551 0.0034351421424071303 -0.00011481257376670897 0.0022667149375979376 0.00082787865522374027 0.0051536525808599737 0.00059186630053744468 0.0024888638300068155 0.0029489896355850455 0.0077550249100154772 0.0051949927307432513 -0.0002261793423805962 0.0019969498707175992 0.0011043817434215621 0.006794990068249818 0.0082362952437706107 0.0060178575780009845 0.0060939175720723807 0.0019940610334742812 0.002224913293738728 0.0055808165040169217 0.0045390305052977059
leaf_weight=47046 56 304 414 6721 165 1323 929 2115 105 48 2229 427 1287 1008 2763 666 2016 44 345 257 91 1309 405 41 40 984 74 115 296 300
leaf_count=47046 56 304 414 6721 165 1323 929 2115 105 48 2229 427 1287 1008 2763 666 2016 44 345 257 91 1309 405 41 40 984 74 115 296 300
internal_value=1.81741e-11 -0.000595771 0.00472579 -0.000919631 0.000877224 0.00365009 0.00603042 0.00147327 0.00182827 -0.000245589 0.00046722 0.000939446 0.00118633 0.00562028 0.000276324 0.00169967 0.00286645 0.00430906 0.00399827 0.000908929 0.00106656 0.00129727 0.00581697 0.00496031 0.00322471 0.00561812 0.00382626 0.00478241 0.00459845 0.00389777
internal_weight=73923 65647 8276 53815 11832 4536 3740 4822 2960 6769 7010 2018 1714 2811 4992 2781 2072 2464 1668 1862 1697 1440 2397 796 131 1992 179 755 711 415
internal_count=73923 65647 8276 53815 11832 4536 3740 4822 2960 6769 7010 2018 1714 2811 4992 2781 2072 2464 1668 1862 1697 1440 2397 796 131 1992 179 755 711 415
is_linear=0
shrinkage=0.03


Tree=32
num_leaves=31
num_cat=0
split_feature=31 40 39 32 41 34 41 41 1 33 35 30 6 21 35 34 32 41 1 38 20 33 21 14 15 34 35 8 6 6
split_gain=217.641 28.1127 17.2397 4.03626 3.91041 1.34415 1.22227 1.11978 1.10724 1.19869 0.816771 0.727665 0.82416 0.822893 0.709186 0.703453 0.671952 0.541276 0.524018 0.510912 0.501265 0.744998 0.500932 0.473642 0.437798 0.43617 0.453422 0.434804 0.459047 0.422493
threshold=7.2500905990600595 0.051631048321723945 0.43105377256870275 3.9815453290939335 0.60799673199653637 0.498322144150734 0.35233184695243841 0.27668987214565283 1.5000000000000002 3.2182539701461796 0.6792857050895692 12.133928775787355 0.23500000000000001 0.17500000000000002 0.76568627357482921 2.7651654481887822 12.515005588531496 0.13095685839653018 1.5000000000000002 0.71722477674484264 1.0000000180025095e-35 6.6961536407470712 0.26500000000000007 0.23000000000000001 -0.33157555218094498 4.89528512954712 0.38956639170646673 0.18900000000000006 0.055000000000000007 0.34500000000000003
decision_type=10 10 8 10 10 8 10 10 8 10 8 10 10 2 10 10 10 8 8 8 2 10 2 10 10 10 10 8 10 8
left_child=1 5 6 15 8 -1 11 17 16 -10 29 12 -2 -14 -6 27 -4 -5 24 -18 -19 -22 -17 -15 -13 -9 -27 28 -3 -11
right_child=2 3 4 7 14 -7 -8 25 9 10 -12 18 13 23 -16 22 19 20 -20 -21 21 -23 -24 -25 -26 26 -28 -29 -30 -31
leaf_value=-0.0010043484648319145 0.00088489530630413095 -0.00039153329249397344 0.004307442552895435 0.00028410167460196504 0.0060962376951091586 -0.00052893208790279753 0.0034626750834432464 0.00022563057935571875 0.0002223965238314122 0.0015030840578644225 0.0059821955527729455 0.0073009840841405087 0.0021878905553139121 0.0032505404738857086 0.0073728025942411714 0.00035412532163546924 0.0052609931622476271 0.0010393943471460666 0.0024638963657343991 0.0079805021930951618 0.0028130605245042625 -6.4412303150318141e-05 0.0017953144289516562 0.0070141372533172978 0.0037980188172761853 0.0022570915203808488 0.0050923824149437923 -0.0002535693620202136 0.0010252358491463177 0.003958923525863035
leaf_weight=44293 414 330 762 759 1233 6088 1194 87 75 72 177 48 1504 78 574 4163 2179 3525 159 64 333 107 229 49 97 659 55 3562 547 507
leaf_count=44293 414 330 762 759 1233 6088 1194 87 75 72 177 48 1504 78 574 4163 2179 3525 159 64 333 107 229 49 97 659 55 3562 547 507
internal_value=-2.04195e-11 -0.000613181 0.00432131 0.00055797 0.00535111 -0.0009469 0.00268112 0.00119393 0.00480909 0.00383986 0.00419874 0.00228386 0.00208028 0.0023837 0.00650174 0.000160088 0.00507711 0.00101807 0.00365334 0.00533859 0.00115857 0.00211331 0.000429269 0.00470264 0.00495762 0.00223113 0.0024755 -0.000106244 0.00049213 0.00365353
internal_weight=73923 64737 9186 14356 5643 50381 3543 5525 3836 831 756 2349 2045 1631 1807 8831 3005 4724 304 2243 3965 440 4392 127 145 801 714 4439 877 579
internal_count=73923 64737 9186 14356 5643 50381 3543 5525 3836 831 756 2349 2045 1631 1807 8831 3005 4724 304 2243 3965 440 4392 127 145 801 714 4439 877 579
is_linear=0
shrinkage=0.03


Tree=33
num_leaves=31
num_cat=0
split_feature=39 31 40 39 39 32 38 34 17 34 6 20 33 6 6 21 42 14 31 57 54 33 21 1 35 39 30 34 41 41
split_gain=204.857 30.8773 11.4548 4.20261 2.2849 2.17613 1.90005 1.11778 0.888697 0.729706 0.643051 0.617601 0.60216 0.521725 0.520579 0.539609 0.65547 0.580205 0.545216 0.641053 0.499809 0.525054 0.485786 0.477752 0.476499 0.468027 0.454625 0.44929 0.444096 0.439782
threshold=0.29584755003452307 1.6432477831840517 0.52638193964958202 0.15372467041015628 0.39856715500354772 0.64295786619186412 0.6845531463623048 8.9572725296020526 1.0000000180025095e-35 5.1504716873168954 0.48500000000000004 1.0000000180025095e-35 6.0312500000000009 0.055000000000000007 0.20500000000000004 1.0000000180025095e-35 0.52158275246620189 0.3050000000000001 10.414874553680422 29.303846153846155 19.166666666666668 10.966666698455812 0.15500000000000003 1.5000000000000002 0.3483316451311112 0.68932336568832409 9.7750000953674334 14.191332817077638 0.3890956342220307 0.10690471157431604
decision_type=10 10 10 10 10 8 10 10 2 10 8 2 10 8 8 2 10 10 10 8 8 8 2 8 10 10 10 10 10 10
left_child=1 5 4 9 13 -1 10 8 23 29 -4 12 -10 -2 -6 16 18 -17 28 -20 -9 22 -22 -5 -13 27 -21 -12 -16 -3
right_child=2 3 6 7 14 -7 -8 20 11 -11 25 24 -14 -15 15 17 -18 -19 19 26 21 -23 -24 -25 -26 -27 -28 -29 -30 -31
leaf_value=-0.00096639711226128504 -0.00015607695390430974 -8.9555341421840566e-05 0.0041965004495116021 0.0020203735656366588 0.0011108054552350264 -0.00037261040517433375 0.0068532656159315079 0.004986425209790468 0.00088197594148128259 0.00087923681862007801 0.0048427144478801138 0.0019253254288706381 0.0016942803919292094 0.0027795273818281884 0.0012219974665053849 0.0046661907388577725 0.0051197111668275317 0.0080457879436251368 0.0044279283669136004 0.00047254629122714202 0.0014479878449470739 0.0031501164403461086 0.0046544369921709102 -0.0003681702568889993 0.0048581030127886485 0.006406578481973459 0.0034051188004697902 0.0057438734924857623 0.0034314601541679409 0.00043327078959019241
leaf_weight=45668 56 3968 414 89 53 6324 929 53 2745 1313 1008 398 1172 2016 124 231 359 57 945 54 773 270 45 492 57 405 400 984 241 2280
leaf_count=45668 56 3968 414 89 53 6324 929 53 2745 1313 1008 398 1172 2016 124 231 359 57 945 54 773 270 45 492 57 405 400 984 241 2280
internal_value=-5.3947e-12 -0.000560737 0.00444789 0.000708831 0.00343444 -0.000894172 0.00567704 0.00129507 0.00110006 0.000236336 0.00528831 0.00124655 0.00112502 0.00270019 0.00405187 0.00411653 0.00395122 0.00533507 0.00371342 0.00398281 0.00214159 0.00200301 0.00162438 -2.28317e-06 0.00229273 0.00547688 0.00305631 0.00528787 0.00268085 0.000101233
internal_weight=73923 65647 8276 13655 4536 51992 3740 6094 4953 7561 2811 4372 3917 2072 2464 2411 2123 288 1764 1399 1141 1088 818 581 455 2397 454 1992 365 6248
internal_count=73923 65647 8276 13655 4536 51992 3740 6094 4953 7561 2811 4372 3917 2072 2464 2411 2123 288 1764 1399 1141 1088 818 581 455 2397 454 1992 365 6248
is_linear=0
shrinkage=0.03


Tree=34
num_leaves=31
num_cat=0
split_feature=31 38 39 39 38 39 29 34 1 41 35 41 41 1 33 6 11 6 28 73 71 35 14 21 12 34 35 29 11 36
split_gain=192.811 24.9619 15.2592 3.39319 2.62544 1.97977 1.38136 1.09664 1.02452 0.908799 0.860438 0.789911 0.724549 0.640322 0.933872 0.917335 0.625534 0.590163 0.563327 0.5537 0.50968 0.520985 0.505747 0.503256 0.499234 0.489283 0.444434 0.450593 0.42236 0.415597
threshold=7.2500905990600595 0.057827323675155647 0.47439032793045049 0.12936355173587802 0.6845531463623048 0.34842495620250707 0.63333335518836986 4.4309523105621347 1.5000000000000002 0.66363593935966503 0.4555336087942124 0.58235868811607372 0.27668987214565283 1.5000000000000002 16.809090614318851 0.54500000000000015 0.61277477873915076 0.025000000000000005 11.833333492279055 352.85000000000008 12.500000000000002 0.67028987407684337 0.28500000000000009 0.065000000000000016 0.15322054807093202 15.922264099121096 0.2419017776846886 8.4499998092651385 0.5557973066486529 0.23791210353374484
decision_type=10 10 8 10 10 10 8 10 8 8 10 10 10 8 8 10 10 8 10 2 2 10 10 2 8 10 10 10 10 10
left_child=1 6 5 24 8 22 -1 -5 11 20 12 18 17 16 15 26 -7 -9 19 -4 21 -10 25 -17 -3 -2 -15 -28 -6 -24
right_child=2 3 4 7 28 13 -8 10 9 -11 -12 -13 -14 14 -16 23 -18 -19 -20 -21 -22 -23 29 -25 -26 -27 27 -29 -30 -31
leaf_value=-0.00093618285073001142 0.0018811020187055906 0.00089341721773788694 0.0025405606377140876 0.00058388255492768679 0.0060222996467038199 0.0040123089029550849 -0.00039439610282345329 -0.00050642326419620082 0.0037736694259681665 0.00056202455669907589 0.0052597157668322321 0.0056748999297992035 0.0021708932991436102 -0.00020977745137105766 -0.00046982765870730146 0.0039915721158823988 0.0014182332121454237 0.0012096557281772824 0.0049421377317870998 0.0050398600930993843 0.00090990423993207508 0.0057506229101648831 0.0059183131805103685 0.0075557112769985731 7.5635619388459645e-06 0.0040551884441187474 0.00092554404888337905 0.0031276099233931813 0.0073019624137450907 0.0025527423527365659
leaf_weight=46087 1888 628 191 2953 475 1188 4664 192 368 70 50 1278 702 52 73 188 90 2975 1704 137 40 178 54 44 6486 98 104 427 454 85
leaf_count=46087 1888 628 191 2953 475 1188 4664 192 368 70 50 1278 702 52 73 188 90 2975 1704 137 40 178 54 44 6486 98 104 427 454 85
internal_value=-1.90836e-11 -0.000577144 0.00406734 0.000545029 0.00521213 0.0027614 -0.000886393 0.00102047 0.00487587 0.00379277 0.00134944 0.00509052 0.0012989 0.00339966 0.00278086 0.00307203 0.00382963 0.00110562 0.00472299 0.00358448 0.0041787 0.00441817 0.00211082 0.00466753 8.57637e-05 0.00198838 0.00243711 0.00269632 0.00664767 0.00386023
internal_weight=73923 64737 9186 13986 4895 4291 50751 6872 3966 656 3919 3310 3869 2166 888 815 1278 3167 2032 328 586 546 2125 232 7114 1986 583 531 929 139
internal_count=73923 64737 9186 13986 4895 4291 50751 6872 3966 656 3919 3310 3869 2166 888 815 1278 3167 2032 328 586 546 2125 232 7114 1986 583 531 929 139
is_linear=0
shrinkage=0.03


Tree=35
num_leaves=31
num_cat=0
split_feature=39 31 40 42 39 34 38 6 32 20 27 17 6 6 6 42 21 41 35 26 31 34 8 12 58 6 39 57 31 11
split_gain=181.464 27.3865 10.1401 3.74168 2.00435 1.9428 1.67853 1.17848 0.938295 0.818623 0.77398 0.661669 0.595024 0.48229 0.47863 0.602803 0.455617 0.447101 0.442105 0.435337 0.426567 0.440403 0.42315 0.413746 0.539335 0.41347 0.406489 0.402425 0.43805 0.397398
threshold=0.29584755003452307 1.6432477831840517 0.52638193964958202 0.15491502732038501 0.39856715500354772 0.57947367429733287 0.6845531463623048 1.0000000180025095e-35 7.1497278213500985 1.0000000180025095e-35 6.5000000000000009 1.5000000000000002 0.48500000000000004 0.055000000000000007 0.6150000000000001 0.49188396334648138 0.36500000000000005 0.70467796921730053 0.41421362757682806 93.500000000000014 19.904785156250004 13.858058452606203 0.72450000000000025 0.29538006963128333 0.40524578222489838 0.95500000000000007 0.25886163115501409 21.369318181818183 13.760167121887209 0.5557973066486529
decision_type=10 10 10 10 10 8 10 8 10 2 10 2 8 8 10 10 2 10 8 2 10 10 10 8 10 10 10 8 10 10
left_child=1 5 4 10 13 -1 12 -5 9 -9 23 -11 -4 -2 15 -6 19 20 -12 22 21 -14 27 24 -3 -15 -13 -16 -29 -8
right_child=2 3 6 7 14 -7 29 8 -10 11 18 26 17 25 16 -17 -18 -19 -20 -21 -22 -23 -24 -25 -26 -27 -28 28 -30 -31
leaf_value=-0.00091191903348126384 -0.00020117881219318534 0.001339649471571747 0.0039270897907545737 -0.00080382692744024092 0.0031770925842187223 -0.00036233597095558252 0.0058416306281339767 0.00095435419039950696 0.0020085334137184812 0.00029789989670028999 0.00097264963841375244 0.0024196251224960735 0.0044524670009101798 0.0027574593652833828 0.0074788769160743888 0.0044647354867722259 0.0074962327017863394 0.0071224123598076401 0.003767869117187469 0.0016002828989607784 0.0059943836376750983 0.0053619370887232681 0.0020990261413334384 -7.1979813739065171e-06 0.00013817669907698307 0.0012656371481384468 0.0052351899611992091 0.0037841973517000172 0.0054313564993377075 0.0070829036149467105
leaf_weight=45356 56 519 414 252 1221 6636 475 4204 1287 126 562 357 992 1832 43 447 41 100 56 52 378 927 63 5284 955 184 53 347 250 454
leaf_count=45356 56 519 414 252 1221 6636 475 4204 1287 126 562 357 992 1832 43 447 41 100 56 52 378 927 63 5284 955 184 53 347 250 454
internal_value=-1.64885e-13 -0.000527751 0.00418624 0.000667899 0.00323271 -0.000841773 0.0053427 0.00120614 0.00129018 0.00109513 0.000209712 0.00219927 0.00497734 0.00254502 0.003811 0.00352216 0.00441626 0.00515873 0.00122594 0.00424901 0.00507324 0.0048918 0.00444493 0.000116781 0.000561219 0.0026213 0.00278359 0.00467586 0.00447396 0.00644824
internal_weight=73923 65647 8276 13655 4536 51992 3740 6279 6027 4740 7376 536 2811 2072 2464 1668 796 2397 618 755 2297 1919 703 6758 1474 2016 410 640 597 929
internal_count=73923 65647 8276 13655 4536 51992 3740 6279 6027 4740 7376 536 2811 2072 2464 1668 796 2397 618 755 2297 1919 703 6758 1474 2016 410 640 597 929
is_linear=0
shrinkage=0.03


Tree=36
num_leaves=31
num_cat=0
split_feature=31 38 39 40 32 32 41 41 56 41 21 6 8 34 30 9 56 55 13 21 34 41 8 6 42 30 1 10 35 34
split_gain=170.757 22.165 13.5297 3.10966 3.02961 1.22197 1.0184 1.00263 0.959652 0.799485 0.674744 0.667515 0.641207 0.625467 0.604843 0.565021 0.521393 0.6028 0.536964 0.518375 0.486049 0.575837 0.480747 0.461341 0.460617 0.460586 0.438241 0.424901 0.423291 0.652088
threshold=7.2500905990600595 0.057827323675155647 0.43105377256870275 0.56961169838905346 3.9815453290939335 0.5652933418750764 0.35233184695243841 0.68881103396415722 24.693278910090157 0.46993438899517065 0.115 0.37500000000000006 0.22100000000000003 2.7651654481887822 12.133928775787355 0.42185794848346297 21.792221912209062 25.550000000000004 1.0000000180025095e-35 0.26500000000000007 13.858058452606203 0.46993438899517065 0.48266666666666674 0.10500000000000002 0.15491502732038501 7.6458332538604745 1.5000000000000002 0.1822134387351779 0.64365079998970043 7.4033899307250985
decision_type=10 10 8 8 10 8 10 10 10 10 2 10 10 10 10 8 8 10 8 2 10 8 10 8 10 10 8 8 10 10
left_child=1 5 6 9 13 -1 11 15 10 16 25 -2 -13 -3 22 -5 -4 -18 -19 -15 21 -17 -14 -10 -25 27 -23 -6 29 -11
right_child=2 4 3 7 8 -7 -8 -9 23 28 -12 12 14 19 -16 20 17 18 -20 -21 -22 26 -24 24 -26 -27 -28 -29 -30 -31
leaf_value=-0.00088751433853218324 0.0014251544234748987 -0.00011042277173686023 0.00159965674392879 0.0015996235059347094 -5.7947669241541212e-05 -0.00042544861692982627 0.003088044115569363 0.0063350789157095803 -0.00012131364380527454 0.0016434958677951105 0.0035269181346052098 0.006009765357117761 0.0027326170591669523 0.00033008306228208498 0.0042133529801634661 0.0072122030946261736 0.004608173610121594 0.0033915299800352352 0.00030940814875066278 0.0018083768115689357 0.005539382323919372 0.0045803954162119305 0.0015143356109634622 0.00036249981655064249 0.0011407158718260812 0.002420703500774207 0.0021696261608801586 0.0014265368644424715 0.0057044833956488589 0.0044525803534626153
leaf_weight=44933 1001 4068 121 41 206 5818 1194 811 445 79 154 44 567 4171 137 68 400 678 55 225 1189 634 600 976 2292 348 76 1101 221 1270
leaf_count=44933 1001 4068 121 41 206 5818 1194 811 445 79 154 44 567 4171 137 68 400 678 55 225 1189 634 600 976 2292 348 76 1101 221 1270
internal_value=2.95258e-11 -0.000543135 0.00382766 0.00473995 0.000514302 -0.000834544 0.00237464 0.00544482 0.00106095 0.00403633 0.00162755 0.00201202 0.00244781 0.000157663 0.00232763 0.00508526 0.00347153 0.00367144 0.00316027 0.000405746 0.00515791 0.00457493 0.00210625 0.000784901 0.000908299 0.00145081 0.00432234 0.00119256 0.00448745 0.00428808
internal_weight=73923 64737 9186 5643 13986 50751 3543 2819 5522 2824 1809 2349 1348 8464 1304 2008 1254 1133 733 4396 1967 778 1167 3713 3268 1655 710 1307 1570 1349
internal_count=73923 64737 9186 5643 13986 50751 3543 2819 5522 2824 1809 2349 1348 8464 1304 2008 1254 1133 733 4396 1967 778 1167 3713 3268 1655 710 1307 1570 1349
is_linear=0
shrinkage=0.03


Tree=37
num_leaves=31
num_cat=0
split_feature=39 40 40 42 32 39 38 34 6 7 29 10 21 1 33 26 14 8 53 21 6 34 21 39 34 28 21 14 5 31
split_gain=160.754 24.3265 8.95575 2.76049 2.19173 1.78012 1.50433 0.890096 0.822791 0.655507 0.608492 0.566994 0.507345 0.616917 0.85808 0.645595 0.559494 0.493992 0.756552 0.500724 0.48977 0.479448 0.474281 0.466702 0.488999 0.464489 0.44853 0.42447 0.785374 0.454634
threshold=0.29584755003452307 0.08541318774223329 0.52638193964958202 0.03126464597880841 4.2420101165771493 0.38775168359279638 0.6845531463623048 9.5022521018981951 0.19500000000000003 0.9683333333333336 5.0999999046325692 0.28758561643835617 1.0000000180025095e-35 1.5000000000000002 17.041666984558109 16.500000000000004 0.3050000000000001 0.25100000000000011 30.500000000000004 0.22500000000000006 0.115 2.9967741966247563 0.16500000000000004 0.68932336568832409 14.191332817077638 10.416666507720949 0.045000000000000005 -0.15999999999999992 1.0000000180025095e-35 5.941582679748536
decision_type=10 10 10 8 10 10 10 10 8 8 10 8 2 8 8 2 10 8 10 2 8 10 2 10 10 10 2 8 2 10
left_child=1 3 5 -1 17 27 11 8 -6 22 -5 -4 13 25 15 -15 -14 18 19 -3 -19 -22 -10 24 26 -7 -13 28 -2 -29
right_child=2 4 6 10 7 12 -8 -9 9 -11 -12 23 16 14 -16 -17 -18 20 -20 -21 21 -23 -24 -25 -26 -27 -28 29 -30 -31
leaf_value=-0.00084901436118602015 0.00088496565117300076 0.00094127873698907647 0.001665022115392441 -0.00023157409649170535 0.00017555005023019369 0.0027956101987406806 0.0060735534032467413 0.0019297177454762977 0.0013668947801879115 0.00068962365298344563 0.0024506045640416006 0.003978645645288369 0.0040558629892848332 0.0042181878860631005 -0.00072669981398665513 0.0023023147541460127 0.0072530185012910199 -0.0012582323154772613 -0.00030063994425339564 0.0029691400661610435 -0.00012666594249995935 0.00052660654485478465 0.0029800553374555549 0.0056671574040662491 0.0050219809624331303 0.0040109148915241939 0.0060676124394124396 -0.00020234223150719817 0.0053022828032887291 0.0026516259918292701
leaf_weight=47046 311 1162 55 6692 933 369 929 1076 2090 1528 77 1100 256 246 61 444 61 208 447 121 1831 2258 178 416 1139 1215 101 52 41 1480
leaf_count=47046 311 1162 55 6692 933 369 929 1076 2090 1528 77 1100 256 246 61 444 61 208 447 121 1831 2258 178 416 1139 1215 101 52 41 1480
internal_value=1.35727e-11 -0.000496724 0.00394012 -0.000767513 0.000734893 0.00304402 0.00502696 0.00115093 0.000973735 0.00116992 -0.000201063 0.00468107 0.00354493 0.00339204 0.00268385 0.00298537 0.00467109 0.000334177 0.000762223 0.00113253 0.000161843 0.00023408 0.0014935 0.00474126 0.00457666 0.0037278 0.00415432 0.00233891 0.00139948 0.00255476
internal_weight=73923 65647 8276 53815 11832 4536 3740 5805 4729 3796 6769 2811 2652 2335 751 690 317 6027 1730 1283 4297 4089 2268 2756 2340 1584 1201 1884 352 1532
internal_count=73923 65647 8276 53815 11832 4536 3740 5805 4729 3796 6769 2811 2652 2335 751 690 317 6027 1730 1283 4297 4089 2268 2756 2340 1584 1201 1884 352 1532
is_linear=0
shrinkage=0.03


Tree=38
num_leaves=31
num_cat=0
split_feature=31 40 39 39 41 41 41 30 1 33 35 13 30 6 21 6 35 7 21 34 10 42 27 8 1 14 35 15 34 21
split_gain=151.27 19.6476 11.9832 2.92319 2.78637 0.917407 0.901463 0.894173 0.869873 1.01571 0.678449 0.654081 0.623629 0.705348 0.702933 0.591471 0.580169 0.563905 0.540053 0.535272 0.521457 0.516842 0.537562 0.483657 0.459898 0.457253 0.443444 0.409229 0.408877 0.404146
threshold=7.2500905990600595 0.04990899749100209 0.43105377256870275 0.12936355173587802 0.60799673199653637 0.35233184695243841 0.27668987214565283 0.46428571641445165 1.5000000000000002 3.2182539701461796 0.6792857050895692 -1.0000000180025095e-35 12.133928775787355 0.23500000000000001 0.16500000000000004 0.095000000000000015 0.76568627357482921 0.55833333333333346 0.36500000000000005 4.89528512954712 0.33489096573208726 0.65781536698341381 15.500000000000002 0.31633333333333341 1.5000000000000002 0.23000000000000001 0.38956639170646673 -0.33157555218094498 2.6434624195098881 0.26500000000000007
decision_type=10 10 8 10 10 10 10 8 8 10 8 8 10 10 2 8 10 8 2 10 10 8 10 10 8 10 10 10 10 2
left_child=1 7 5 28 8 12 11 -1 21 -10 -11 23 13 -2 -15 -13 -6 18 -17 -8 -20 22 -4 -5 27 -16 -21 -14 -3 -30
right_child=2 3 4 6 16 -7 19 -9 9 10 -12 15 24 14 25 17 -18 -19 20 26 -22 -23 -24 -25 -26 -27 -28 -29 29 -31
leaf_value=-0.0008421074223736979 0.00059667297331886227 -0.00016843139847526946 0.0037695746544243228 0.0033194906865847444 0.0050657229306524127 0.0029122852782052519 -0.00018308302926016038 -0.00046901643459310743 -0.00018533323984593151 0.0029780511067211482 0.0051003906806788828 -0.0001428619176757697 0.006646308259223588 0.0017999580840983159 0.0026929180609731704 0.0010362630927239181 0.0062203452399052037 0.00050915009807763671 0.0017258477719587972 0.0019212875863569916 0.0058221529271998782 0.0057068360609674965 0.0046071532907948015 0.00077052134715150885 0.0020445170716980013 0.0063500545598566532 0.0047033450160441645 0.0032595687707857295 0.00020104759603648006 0.0016124955541772579
leaf_weight=43525 414 3738 1578 155 1233 1194 102 6667 75 579 177 643 48 1501 80 2451 574 2589 88 651 41 202 1225 118 159 50 56 97 3721 192
leaf_count=43525 414 3738 1578 155 1233 1194 102 6667 75 579 177 643 48 1501 80 2451 574 2589 88 651 41 202 1225 118 159 50 56 97 3721 192
internal_value=9.98526e-12 -0.000511205 0.00360264 0.000459664 0.00446121 0.00223518 0.000907703 -0.00079255 0.00400367 0.0031446 0.00347495 0.000782619 0.00189101 0.00170254 0.00198325 0.000715209 0.00543249 0.000821949 0.00113584 0.00184854 0.00302777 0.00424124 0.00413562 0.00221774 0.00315881 0.00409951 0.00214165 0.0043807 5.59536e-05 0.000270303
internal_weight=73923 64737 9186 14545 5643 3543 6894 50192 3836 831 756 6085 2349 2045 1631 5812 1807 5169 2580 809 129 3005 2803 273 304 130 707 145 7651 3913
internal_count=73923 64737 9186 14545 5643 3543 6894 50192 3836 831 756 6085 2349 2045 1631 5812 1807 5169 2580 809 129 3005 2803 273 304 130 707 145 7651 3913
is_linear=0
shrinkage=0.03


Tree=39
num_leaves=31
num_cat=0
split_feature=39 31 40 39 38 39 34 34 6 42 1 33 57 1 8 35 8 39 41 1 20 8 21 56 8 8 21 1 42 15
split_gain=142.39 21.5878 7.95431 3.32842 1.46107 1.42797 1.2288 1.20373 0.849948 0.72942 0.596174 0.665605 0.536206 0.623075 0.514017 0.498317 0.489189 0.537913 0.450417 0.710606 0.454978 0.51796 0.440012 0.431086 0.537404 0.430639 0.401656 0.478388 0.459638 0.540604
threshold=0.29584755003452307 1.4545714855194094 0.51642590761184703 0.12936355173587802 0.6845531463623048 0.38775168359279638 8.7615494728088397 0.98058068752288829 0.10500000000000002 0.14815595746040347 1.5000000000000002 16.679487228393558 16.125000000000004 1.5000000000000002 0.27450000000000013 0.75337839126586925 0.79633333333333345 0.68932336568832409 0.46993438899517065 1.0000000180025095e-35 1.0000000180025095e-35 0.49900000000000005 0.36500000000000005 27.507539189404579 0.24600000000000005 0.32550000000000007 0.36500000000000005 2.5000000000000004 0.36835029721260076 -0.13455674236808404
decision_type=10 10 10 8 10 10 10 8 8 10 10 8 10 8 8 10 8 10 10 10 2 10 2 10 8 8 2 10 10 8
left_child=1 7 5 23 10 26 8 -1 -5 14 16 -12 13 -8 -10 18 17 -4 19 -7 -21 -22 -11 24 -3 -24 27 28 29 -2
right_child=2 3 4 6 -6 15 12 -9 9 22 11 -13 -14 -15 -16 -17 -18 -19 -20 20 21 -23 25 -25 -26 -27 -28 -29 -30 -31
leaf_value=-0.00080187468021386543 -1.1319807396294215e-06 0.00087144154308883045 0.0041564454101773 -0.0002546156702680723 0.0057265256357546422 -0.0009640882048960321 0.0054611151364657119 -0.00028523630420626539 0.0013373887071186561 0.0010971659634889407 0.0036596121344568949 -0.00044877808408013407 0.0015960463465106865 0.0016061663050083563 0.00017565687749495189 0.0056286720906500703 0.005445286477208636 0.0055505369443798512 0.0038140963391921001 0.0028235463438338912 0.0050907812245470077 0.0018356808933224214 0.0045471912514376666 -0.00019363789668864947 6.3725068155350508e-05 0.0012164316274710508 0.0044001089197505889 0.00061496036117788763 0.0030034709867585137 0.0021546706503529764
leaf_weight=46715 117 1025 2027 612 929 41 74 4445 446 3713 229 42 1173 77 1481 80 416 284 778 1334 173 59 67 3067 2679 73 72 173 527 995
leaf_count=46715 117 1025 2027 612 929 41 74 4445 446 3713 229 42 1173 77 1481 80 416 284 778 1334 173 59 67 3067 2679 73 72 173 527 995
internal_value=1.11423e-11 -0.000467491 0.00370824 0.000554846 0.004687 0.00282445 0.000980819 -0.000756987 0.000808516 0.000921083 0.00436488 0.00302289 0.00181266 0.00349535 0.000444537 0.0032997 0.00449824 0.00432777 0.00322158 0.00293472 0.0030368 0.00426298 0.00115942 6.94225e-05 0.000287243 0.00281044 0.00220265 0.00211533 0.0022737 0.00192785
internal_weight=73923 65647 8276 14487 3927 4349 7716 51160 6392 5780 2998 271 1324 151 1927 2465 2727 2311 2385 1607 1566 232 3853 6771 3704 140 1884 1812 1639 1112
internal_count=73923 65647 8276 14487 3927 4349 7716 51160 6392 5780 2998 271 1324 151 1927 2465 2727 2311 2385 1607 1566 232 3853 6771 3704 140 1884 1812 1639 1112
is_linear=0
shrinkage=0.03


Tree=40
num_leaves=31
num_cat=0
split_feature=31 38 39 39 41 39 29 34 6 27 35 6 53 34 1 33 6 11 9 12 6 21 21 26 33 1 35 29 36 41
split_gain=134.013 17.4261 10.6185 2.3783 1.88254 1.40072 0.985776 0.816826 0.720427 0.716533 0.693167 0.649554 0.602393 0.575885 0.522072 0.80453 0.820098 0.537944 0.463333 0.447374 0.444218 0.497837 0.428466 0.427931 0.472237 0.467702 0.406149 0.406431 0.399543 0.387964
threshold=7.2500905990600595 0.057827323675155647 0.47439032793045049 0.12936355173587802 0.66363593935966503 0.34842495620250707 0.63333335518836986 4.4309523105621347 0.28500000000000009 26.500000000000004 0.36899313330650335 0.28500000000000009 20.500000000000004 14.191332817077638 1.5000000000000002 16.809090614318851 0.54500000000000015 0.61277477873915076 0.43334567206218827 0.15322054807093202 0.23500000000000001 0.16500000000000004 0.065000000000000016 92.500000000000014 22.038461685180668 1.5000000000000002 0.2419017776846886 8.4499998092651385 0.26102052628993994 0.26121157407760626
decision_type=10 10 8 10 10 10 8 10 10 10 10 8 10 10 8 8 10 10 10 8 10 2 2 2 8 8 10 10 10 10
left_child=1 6 5 19 9 20 -1 29 12 11 -10 -4 -9 23 17 16 26 -7 -12 -3 -2 -22 -18 24 -13 -26 -16 -28 -23 -5
right_child=2 3 4 7 -6 14 -8 8 10 -11 18 13 -14 -15 15 -17 22 -19 -20 -21 21 28 -24 -25 25 -27 27 -29 -30 -31
leaf_value=-0.0007816096610725017 0.00099225955899769004 0.00083650303032618758 0.00061883489699819335 0.00059332322027747387 0.0054329273719096365 0.0033960383120659509 -0.00032392738082195882 0.0016143109975133669 0.0014286387903384508 0.0061655717603999243 0.005257193086121382 0.0039043782703117084 0.00047071476576184755 0.0044643408421684988 -0.00058074625351694597 -0.00073755219872173377 0.0034347547024260569 0.00099042545251237855 0.0013414824062716053 -2.0782064370043193e-06 0.0018544004458995156 0.0062786416908180926 0.0067234084578442635 0.0017914153957869583 0.0032888277213305624 -0.00041775324816505115 0.00051559900174582326 0.0026069707827030765 0.0025867910343977444 -0.00054487891850294552
leaf_weight=46087 520 628 52 2653 1109 1188 4664 561 1653 136 74 1929 1588 1426 52 73 188 90 43 6486 1490 41 44 102 96 45 104 427 74 300
leaf_count=46087 520 628 52 2653 1109 1188 4664 561 1653 136 74 1929 1588 1426 52 73 188 90 43 6486 1490 41 44 102 96 45 104 427 74 300
internal_value=4.55164e-12 -0.000481162 0.00339092 0.000456446 0.0043459 0.00230152 -0.000739549 0.000854482 0.0011384 0.00402748 0.00158659 0.00394782 0.000769252 0.00399593 0.00283839 0.00227964 0.00254989 0.00322663 0.00381809 7.19489e-05 0.0017543 0.00200119 0.00405846 0.0036884 0.00378187 0.00210588 0.00194957 0.00219736 0.00390302 0.000477691
internal_weight=73923 64737 9186 13986 4895 4291 50751 6872 3919 3786 1770 3650 2149 3598 2166 888 815 1278 117 7114 2125 1605 232 2172 2070 141 583 531 115 2953
internal_count=73923 64737 9186 13986 4895 4291 50751 6872 3919 3786 1770 3650 2149 3598 2166 888 815 1278 117 7114 2125 1605 232 2172 2070 141 583 531 115 2953
is_linear=0
shrinkage=0.03


Tree=41
num_leaves=31
num_cat=0
split_feature=39 31 40 39 38 39 34 1 33 34 21 6 21 1 29 17 42 6 34 26 42 8 55 41 35 56 8 9 14 6
split_gain=126.133 16.8206 9.31452 2.40652 1.69281 1.43268 1.07086 0.958912 0.935987 0.855751 0.726236 0.656423 0.558427 0.570702 0.830313 0.558321 0.55377 0.531775 0.483103 0.464931 0.739719 0.460311 0.535931 0.447474 0.411569 0.405196 0.499297 0.400872 0.460437 0.399669
threshold=0.26712584495544439 1.4545714855194094 0.47824405133724218 0.12936355173587802 0.6845531463623048 0.35781665146350866 0.57947367429733287 1.5000000000000002 16.679487228393558 7.5612499713897714 0.39500000000000007 0.115 0.46500000000000008 1.5000000000000002 12.22499990463257 1.0000000180025095e-35 0.14815595746040347 0.43500000000000005 6.7111909389495858 26.500000000000004 0.30568869411945349 0.33633333333333343 28.550000000000004 0.30000621080398565 0.74322345852851879 27.507539189404579 0.24600000000000005 0.286538222539169 0.21500000000000008 0.055000000000000007
decision_type=10 10 10 8 10 10 8 10 8 10 2 8 2 8 10 2 10 8 10 2 10 10 10 8 10 10 8 8 10 10
left_child=1 6 5 25 7 18 -1 17 24 15 11 -7 13 14 -11 -5 27 -4 21 -19 -21 22 23 -2 -9 26 29 28 -17 -3
right_child=2 3 4 9 -6 10 -8 8 -10 12 -12 -13 -14 -15 -16 16 -18 19 -20 20 -22 -23 -24 -25 -26 -27 -28 -29 -30 -31
leaf_value=-0.00076203769860097505 0.0035595125460531562 -4.1654903970478663e-05 0.0030732790806946614 -0.00013475155375236946 0.0053978306775039463 -0.0009289968919095605 -0.00033173019320071283 0.00277523894197701 -0.0010115045017816803 0.001874288142524042 0.0056687866240633716 0.0028143602960266135 0.004958331829913688 0.0010297508251438986 0.0061573197299857503 0.00074003727229147564 0.0010580342190984547 0.0049021747560399013 0.0020696500049656357 0.0011018101813120617 0.0041542061391672503 0.00043243903215773054 -0.00028502851169939867 0.00030568345896899698 0.0056010758667252953 -0.00018768213705926481 6.3087330355604161e-05 0.00013673838119093168 0.0032586071429193597 0.0012389352183793624
leaf_weight=45279 159 318 372 651 929 43 5881 329 55 356 79 2159 41 1020 46 431 2950 785 1406 74 2077 394 68 50 54 3067 2679 1387 77 707
leaf_count=45279 159 318 372 651 929 43 5881 329 55 356 79 2159 41 1020 46 431 2950 785 1406 74 2077 394 68 50 54 3067 2679 1387 77 707
internal_value=-7.21655e-12 -0.000462352 0.00332138 0.000470007 0.0042515 0.0023236 -0.000712573 0.00396721 0.00264813 0.000861779 0.00284265 0.00274126 0.00150658 0.00140705 0.00236439 0.000690139 0.000800975 0.00414186 0.00175357 0.00427726 0.0040492 0.00109128 0.00202839 0.00278108 0.00317366 6.73565e-05 0.000278535 0.000400805 0.00112179 0.00084164
internal_weight=73923 64890 9033 13730 4675 4358 51160 3746 438 6959 2281 2202 1463 1422 402 5496 4845 3308 2077 2936 2151 671 277 209 383 6771 3704 1895 508 1025
internal_count=73923 64890 9033 13730 4675 4358 51160 3746 438 6959 2281 2202 1463 1422 402 5496 4845 3308 2077 2936 2151 671 277 209 383 6771 3704 1895 508 1025
is_linear=0
shrinkage=0.03


Tree=42
num_leaves=31
num_cat=0
split_feature=39 34 40 41 33 32 38 34 6 14 21 56 41 10 35 21 42 20 17 1 56 8 6 56 40 37 39 8 7 15
split_gain=118.718 18.0588 6.66533 2.11374 2.02993 1.3014 1.14298 1.07763 0.693464 0.661077 0.816116 0.575915 0.570111 0.491139 0.488901 0.481653 0.476449 0.491364 0.679791 0.475867 0.474996 0.418125 0.403194 0.424735 0.398753 0.399289 0.376528 0.428303 0.374032 0.367149
threshold=0.29584755003452307 2.590326309204102 0.52638193964958202 0.13095685839653018 0.88194444775581371 10.996103763580324 0.6845531463623048 9.5022521018981951 0.10500000000000002 0.28500000000000009 0.085000000000000006 28.490146132619039 0.35233184695243841 0.28758561643835617 0.19098278135061267 0.22500000000000006 0.14815595746040347 1.0000000180025095e-35 1.5000000000000002 1.5000000000000002 23.611784887906868 0.44450000000000006 0.015000000000000001 29.576914422149954 0.25894619524478918 0.2611777931451798 0.68932336568832409 0.79633333333333345 0.39166666666666677 -0.093396022546884269
decision_type=10 10 10 8 10 10 10 10 8 10 2 10 10 8 8 2 10 2 2 10 10 10 8 10 8 10 10 8 8 8
left_child=1 4 5 15 -1 9 13 8 -5 12 20 -7 29 -4 -6 22 -10 -18 -19 -16 -11 -20 -3 -24 -9 -26 27 -15 -17 -2
right_child=2 3 6 7 14 11 -8 24 16 10 -12 -13 -14 26 19 28 17 18 21 -21 -22 -23 23 -25 25 -27 -28 -29 -30 -31
leaf_value=-0.00072455082276116911 0.0002815757474332043 -0.00093438971000252649 0.0012150637484578922 -3.3053075006436504e-05 -0.00018993400418769482 0.0036578508510548818 0.005235895751763071 0.0012115347582174897 0.00042736431806068099 0.0046648668679832054 0.0062977700059169105 0.0026809988838362208 0.002482401662021939 0.0037678715678796043 4.5299301587734727e-05 0.0019838939986486989 0.00095668145414049173 -3.9243597502463329e-05 0.0032704635651453454 0.0023523421103413466 0.0015914406994124873 0.00057506915925142281 0.00032414255909996492 -0.00036743249921660095 0.0042277696694735167 0.0020188676611946903 0.0049097912365127392 0.0049445309651072709 -0.00044575879287768206 0.0017276133490870382
leaf_weight=48118 190 356 55 811 5226 1027 929 527 1402 66 70 1153 947 2017 195 205 3746 107 255 137 144 65 2719 1132 87 480 416 323 79 939
leaf_count=48118 190 356 55 811 5226 1027 929 527 1402 66 70 1153 947 2017 195 205 3746 107 255 137 144 65 2719 1132 87 480 416 323 79 939
internal_value=-4.21801e-12 -0.000426868 0.00338601 0.000626751 -0.000661849 0.00261293 0.00432362 0.00093564 0.000786601 0.00212413 0.00349247 0.00314119 0.00193958 0.00402212 -0.000119016 0.00011228 0.000905837 0.00106659 0.00203079 0.000997302 0.00255737 0.00272296 3.15587e-05 0.000120854 0.00180562 0.0023578 0.00407814 0.00393029 0.00130804 0.00148426
internal_weight=73923 65647 8276 11971 53676 4536 3740 7480 6386 2356 280 2180 2076 2811 5558 4491 5575 4173 427 332 210 320 4207 3851 1094 567 2756 2340 284 1129
internal_count=73923 65647 8276 11971 53676 4536 3740 7480 6386 2356 280 2180 2076 2811 5558 4491 5575 4173 427 332 210 320 4207 3851 1094 567 2756 2340 284 1129
is_linear=0
shrinkage=0.03


Tree=43
num_leaves=31
num_cat=0
split_feature=31 39 40 42 34 38 39 6 1 35 56 20 9 41 9 14 58 1 33 28 8 34 26 11 34 15 34 21 14 33
split_gain=111.777 15.1201 8.2645 1.68975 1.51004 1.44522 1.18728 0.904473 0.859234 0.711443 0.691984 0.690549 0.659817 0.624602 0.563047 0.553651 0.552298 0.517136 1.01397 0.495201 0.438182 0.434545 0.390379 0.377351 0.38062 0.372115 0.368199 0.36687 0.353698 0.351096
threshold=7.4441618919372567 0.076464008539915099 0.47824405133724218 0.03126464597880841 4.4309523105621347 0.6845531463623048 0.35781665146350866 0.28500000000000009 1.5000000000000002 0.36899313330650335 24.165440383305398 1.0000000180025095e-35 0.50244142759795452 0.66363593935966503 0.47046350342593807 0.18500000000000008 0.40598827900201462 2.5000000000000004 7.7596154212951669 12.166666507720949 0.11291666666666669 6.7111909389495858 26.500000000000004 0.5557973066486529 12.403143405914308 0.049031045783177025 10.626453399658205 0.46500000000000008 0.19500000000000006 1.2071428894996645
decision_type=10 10 8 8 10 8 10 10 8 10 10 2 8 8 10 10 10 8 10 10 8 10 2 10 10 10 10 2 8 10
left_child=1 3 6 -1 12 8 21 10 19 -9 20 17 16 -10 28 -13 25 -8 -19 26 -6 -2 -21 24 -7 -3 -4 -12 -11 -27
right_child=2 4 5 -5 7 23 11 9 13 14 27 15 -14 -15 -16 -17 -18 18 -20 22 -22 -23 -24 -25 -26 29 -28 -29 -30 -31
leaf_value=-0.00070964548867035002 0.00095591464181107649 0.00078417629693374922 0.0017600983433658257 -0.00018680321137430194 0.0041597302226970591 0.0025373903526501223 0.0026134538101990996 0.0012607760416126965 0.0029757077400011985 0.0026283757284630174 0.00020006075045811674 0.0030588447030069645 1.1614896191229697e-05 -0.0003531863472859473 0.0005433979793451726 0.0056719705688364399 0.00022280275115675889 -0.002980986456076304 0.0022490928485058245 0.0046797948133827649 0.0011231852569885774 0.0019354650303576746 0.003866433489587521 0.0056711180785121874 0.0048379431663861253 -0.00011291639875331573 0.0035859064833983502 0.0027080193782846136 0.0062322210688389055 0.0024739910356331926
leaf_weight=47005 552 863 144 6310 45 77 1704 2001 461 43 1883 213 4057 57 42 111 1398 45 129 719 863 1558 2032 461 406 58 321 54 57 254
leaf_count=47005 552 863 144 6310 45 77 1704 2001 461 43 1883 213 4057 57 42 111 1398 45 129 719 863 1558 2032 461 406 58 321 54 57 254
internal_value=1.49738e-11 -0.000434064 0.00313516 -0.000647765 0.000546611 0.00400845 0.00218774 0.000940926 0.00374332 0.00140639 0.000590314 0.00267504 0.000249953 0.0026094 0.00345831 0.00395408 0.000625755 0.00245437 0.000896486 0.00392596 0.00127367 0.0016792 0.00407901 0.00505717 0.00447119 0.00110518 0.00302049 0.000269978 0.00468257 0.00199309
internal_weight=73923 64933 8990 53315 11618 4678 4312 4988 3734 2143 2845 2202 6630 518 142 324 2573 1878 174 3216 908 2110 2751 944 483 1175 465 1937 100 312
internal_count=73923 64933 8990 53315 11618 4678 4312 4988 3734 2143 2845 2202 6630 518 142 324 2573 1878 174 3216 908 2110 2751 944 483 1175 465 1937 100 312
is_linear=0
shrinkage=0.03


Tree=44
num_leaves=31
num_cat=0
split_feature=32 38 39 41 41 35 32 6 41 17 20 27 8 1 33 11 58 21 11 57 15 58 33 36 30 39 27 13 34 21
split_gain=105.207 13.3801 8.79945 2.06642 1.84508 1.33156 0.789113 0.732047 0.733953 0.648806 0.731895 0.608642 0.600527 0.588202 0.792632 0.570921 0.505042 0.486844 0.674195 0.4593 0.509515 0.522765 0.466997 0.460296 0.45843 0.446514 0.409874 0.400397 0.399162 0.408385
threshold=7.1497278213500985 0.057827323675155647 0.43105377256870275 0.58235868811607372 0.13095685839653018 0.46770833432674414 0.48625275492668157 0.025000000000000005 0.35233184695243841 1.0000000180025095e-35 1.0000000180025095e-35 23.500000000000004 0.44450000000000006 1.5000000000000002 3.2182539701461796 0.49607630315369811 0.47145450522181936 0.15500000000000003 0.31623484309142919 24.806250000000002 0.21931298835323607 0.42370317935711316 4.4833333492279062 0.26493202149868017 21.645833015441898 0.19993280619382861 3.5000000000000004 -1.0000000180025095e-35 6.417635679244996 0.16500000000000004
decision_type=10 10 8 10 10 10 8 8 8 2 2 10 10 8 10 8 10 2 8 10 8 8 10 10 10 10 10 10 10 2
left_child=1 6 7 11 17 9 -1 -2 19 -6 25 13 -12 -4 -15 -5 -16 27 26 20 -9 23 -21 -22 -17 -11 -19 -3 -24 -30
right_child=2 4 3 15 5 -7 -8 8 -10 10 12 -13 -14 14 16 24 -18 18 -20 22 21 -23 28 -25 -26 -27 -28 -29 29 -31
leaf_value=-0.00070189676094873754 -0.0012657025630877757 0.0007018867039415333 0.0033758855745228879 0.0033078449299377755 -0.00012590146501412501 0.0040792733834435543 -0.00035044270489231381 0.0016372578690791279 0.0024093296777471279 0.00050588942217729815 0.0024332920930885335 0.0047729619380283469 -1.9870943379709899e-05 -0.00055759928431617074 0.0030846057046303708 0.0045028546471933776 0.00078137702312053054 0.0014807249959588485 5.4358817623305727e-05 -0.00085693070998497532 0.0073553314573335934 0.0012008940536563969 0.00042332849928779107 0.0034203410636053067 0.0062532090978562986 0.0011037910818548849 0.0044778290619849163 -5.7968667045991893e-05 0.0015297591340550508 0.0039876034963890559
leaf_weight=44132 67 692 2445 343 722 108 6611 311 1496 3176 410 223 115 73 565 1735 101 154 294 85 41 53 292 77 146 1740 56 6363 1233 64
leaf_count=44132 67 692 2445 343 722 108 6611 311 1496 3176 410 223 115 73 565 1735 101 154 294 85 41 53 292 77 146 1740 56 6363 1233 64
internal_value=1.31827e-11 -0.000430659 0.00297422 0.00372215 0.000396526 0.000776962 -0.000656108 0.00184176 0.00189877 0.000719092 0.00083122 0.00325783 0.00189593 0.00315171 0.00241004 0.00443346 0.00273532 8.09132e-05 0.00098169 0.0015445 0.00236052 0.00367592 0.00130954 0.00478758 0.00463871 0.000717515 0.00227995 1.65629e-05 0.00142543 0.00165104
internal_weight=73923 64573 9350 5631 13830 6271 50743 3719 3652 6163 5441 3407 525 3184 739 2224 666 7559 504 2156 482 171 1674 118 1881 4916 210 7055 1589 1297
internal_count=73923 64573 9350 5631 13830 6271 50743 3719 3652 6163 5441 3407 525 3184 739 2224 666 7559 504 2156 482 171 1674 118 1881 4916 210 7055 1589 1297
is_linear=0
shrinkage=0.03


Tree=45
num_leaves=31
num_cat=0
split_feature=31 39 39 42 41 34 32 6 59 35 56 9 14 33 56 27 39 9 58 6 17 38 54 6 8 6 71 1 30 58
split_gain=98.9903 13.4146 7.34734 1.49938 1.44097 1.36163 0.999638 0.832754 0.692033 0.645541 0.64284 0.606617 0.572225 0.655341 0.665064 0.55909 0.531188 0.526922 0.519621 0.501176 0.467181 0.456442 0.590239 0.412862 0.412057 0.389169 0.3891 0.411232 0.386887 0.38126
threshold=7.4441618919372567 0.076464008539915099 0.47439032793045049 0.03126464597880841 0.58235868811607372 4.4309523105621347 11.269276142120363 0.28500000000000009 0.4900937285383436 0.36899313330650335 24.165440383305398 0.45505906278699582 0.27500000000000008 11.031250000000002 25.441816439178361 21.500000000000004 0.80906736850738536 0.47046350342593807 0.40598827900201462 0.28500000000000009 1.5000000000000002 0.45095805823802954 24.500000000000004 0.03500000000000001 0.11291666666666669 0.21500000000000002 6.5000000000000009 1.5000000000000002 21.645833015441898 0.46846293405295059
decision_type=10 10 8 8 10 10 10 10 8 10 10 8 10 8 10 10 10 10 10 8 2 10 10 8 8 10 2 8 10 10
left_child=1 3 6 -1 15 11 8 10 12 -9 24 18 23 14 -14 19 20 -11 -3 -4 -6 25 -23 -2 -7 -8 -21 -28 -22 -29
right_child=2 5 4 -5 16 7 21 9 -10 17 -12 -13 13 -15 -16 -17 -18 -19 -20 26 28 22 -24 -25 -26 -27 27 29 -30 -31
leaf_value=-0.00066806240170627705 -0.0010687036775052546 0.0010848401175634298 -7.4701727346771139e-05 -0.00017555236927997359 0.001584395921663152 0.0040105904651184876 0.0004220426185006195 0.0011975891256599692 0.0007710646361094685 0.0044752019561827179 0.0002444901989486716 1.3831778113040184e-05 0.0063013119851662346 0.00048513561021536585 0.0026794713077002339 0.0043537734327572814 0.0059253106725477012 0.00047101766320078499 0.00020775165314357931 0.0041438255047910747 0.0041535957452785346 0.0058132107250533898 0.0029801488160014476 0.0018371134519854573 0.0010659559467415672 0.0025138401052001184 0.0032216383760520491 0.0025212629947697655 0.0060778507271386454 -0.00012777084582730341
leaf_weight=47005 45 1119 44 6310 61 45 91 2001 572 100 1937 4180 77 57 112 369 168 42 1331 311 1876 79 408 1992 863 665 1563 344 99 57
leaf_count=47005 45 1119 44 6310 61 45 91 2001 572 100 1937 4180 77 57 112 369 168 42 1331 311 1876 79 408 1992 863 665 1563 344 99 57
internal_value=1.46549e-11 -0.000408484 0.0029504 -0.000609772 0.00373536 0.000515228 0.00201335 0.000889666 0.00170418 0.00133629 0.000553242 0.000233525 0.00193797 0.00330469 0.00415504 0.00326914 0.00430397 0.00329087 0.000608348 0.00309655 0.00417019 0.00272345 0.00343972 0.00177292 0.00121189 0.00226205 0.00315788 0.00300176 0.00425005 0.00214472
internal_weight=73923 64933 8990 53315 4892 11618 4098 4988 2855 2143 2845 6630 2283 246 189 2688 2204 142 2450 2319 2036 1243 487 2037 908 756 2275 1964 1975 401
internal_count=73923 64933 8990 53315 4892 11618 4098 4988 2855 2143 2845 6630 2283 246 189 2688 2204 142 2450 2319 2036 1243 487 2037 908 756 2275 1964 1975 401
is_linear=0
shrinkage=0.03


Tree=46
num_leaves=31
num_cat=0
split_feature=32 39 39 41 41 35 6 41 32 17 20 6 8 11 27 8 14 38 26 56 56 57 15 58 33 36 30 39 31 34
split_gain=93.2284 11.8773 7.77029 1.82872 1.72408 1.20103 0.663678 0.672353 0.65995 0.610781 0.674286 0.571443 0.561193 0.530162 0.523836 0.458037 0.459194 0.424218 0.444861 0.672691 0.489809 0.422524 0.47382 0.487013 0.434894 0.434182 0.406692 0.392978 0.386255 0.374931
threshold=7.1497278213500985 0.049694662913680084 0.43105377256870275 0.58235868811607372 0.13095685839653018 0.46770833432674414 0.025000000000000005 0.35233184695243841 0.33508519828319555 1.0000000180025095e-35 1.0000000180025095e-35 0.23500000000000001 0.44450000000000006 0.49607630315369811 26.500000000000004 0.25100000000000011 0.13500000000000001 0.49267607927322393 23.500000000000004 21.581562318158628 28.490146132619039 24.806250000000002 0.21931298835323607 0.42370317935711316 4.4833333492279062 0.26493202149868017 21.645833015441898 0.19993280619382861 6.1956338882446298 6.417635679244996
decision_type=10 10 8 10 10 10 8 8 8 2 2 8 10 8 10 8 10 8 2 8 8 10 8 8 10 10 10 10 10 10
left_child=1 8 6 11 15 9 -2 21 -1 -6 27 -4 28 -5 17 16 -3 18 19 -13 -21 22 -8 25 -23 -24 -15 -11 -12 -26
right_child=2 4 3 13 5 -7 7 -9 -10 10 12 14 -14 26 -16 -17 -18 -19 -20 20 -22 24 23 -25 29 -27 -28 -29 -30 -31
leaf_value=-0.00066952280402847626 -0.0012231825025223974 0.00022698730592929793 0.00013905580824446248 0.0030870819853801765 -0.00013861710209949553 0.0038723778174931385 0.0015360209800660838 0.0022785616054384287 -0.00038060505917075158 0.00048114401434850581 0.0018544440970322991 -9.878289784588243e-05 -3.844062005594858e-05 0.0042416009478762574 0.0054565710127021053 -7.7055186395508633e-05 0.0013347829432787319 0.0033521248663698358 0.0022508715820830924 0.0043457654393922818 0.0022337011681930296 -0.00086521695374155083 0.0070687977369965575 0.0011130824391642267 0.00036608892132939562 0.003247058501326503 0.0058902276757896894 0.0010427185662644251 0.0041072939288128033 0.0015559540048690726
leaf_weight=41901 67 1844 59 343 722 108 311 1496 8571 3155 322 46 115 1735 84 5596 412 1872 879 325 142 85 41 53 292 77 146 1740 87 1297
leaf_count=41901 67 1844 59 343 722 108 311 1496 8571 3155 322 46 115 1735 84 5596 412 1872 879 325 142 85 41 53 292 77 146 1740 87 1297
internal_value=7.54732e-12 -0.000405402 0.00279979 0.00350263 0.000364358 0.000736201 0.00173561 0.00178989 -0.00062046 0.000681046 0.000790254 0.00306582 0.00181306 0.00417177 0.0031174 6.84277e-05 0.000429298 0.0030572 0.00266058 0.0033626 0.00370355 0.00145082 0.00223349 0.00350197 0.00122546 0.00457495 0.00436956 0.000680764 0.00233366 0.0013373
internal_weight=73923 64573 9350 5631 14101 6249 3719 3652 50472 6141 5419 3407 524 2224 3348 7852 2256 3264 1392 513 467 2156 482 171 1674 118 1881 4895 409 1589
internal_count=73923 64573 9350 5631 14101 6249 3719 3652 50472 6141 5419 3407 524 2224 3348 7852 2256 3264 1392 513 467 2156 482 171 1674 118 1881 4895 409 1589
is_linear=0
shrinkage=0.03


Tree=47
num_leaves=31
num_cat=0
split_feature=32 42 39 40 35 41 29 21 28 6 41 30 21 41 6 56 55 6 8 6 21 29 13 57 33 15 36 7 41 35
split_gain=87.7186 11.1878 7.31107 1.72605 1.42659 0.911957 0.867975 0.723691 0.65163 0.624455 0.632617 0.577776 0.575654 0.551786 0.479393 0.475237 0.513145 0.47215 0.436871 0.442259 0.419252 0.402228 0.402202 0.394505 0.465829 0.378679 0.6472 0.355503 0.353851 0.353713
threshold=7.1497278213500985 0.072228953242301955 0.43105377256870275 0.56961169838905346 0.31503759324550634 0.13095685839653018 0.63333335518836986 0.26500000000000007 22.500000000000004 0.025000000000000005 0.35233184695243841 2.8783129453659062 0.15500000000000003 0.46993438899517065 0.48500000000000004 21.792221912209062 25.900000000000002 0.27500000000000008 0.48266666666666674 0.55500000000000016 0.20500000000000004 10.09999990463257 -1.0000000180025095e-35 26.148351648351653 4.5166666507720956 0.065678177933051071 0.26102052628993994 0.32416666666666677 0.68881103396415722 0.64365079998970043
decision_type=10 10 8 10 10 8 8 2 10 8 8 10 2 10 8 8 10 8 10 10 2 10 8 10 10 8 10 8 10 10
left_child=1 6 9 13 5 12 -1 17 14 -2 20 -7 -3 15 -5 -4 22 -6 19 -19 23 -18 -17 25 -25 -11 -27 -14 -16 -15
right_child=2 4 3 8 7 11 -8 -9 -10 10 -12 -13 27 29 28 16 21 18 -20 -21 -22 -23 -24 24 -26 26 -28 -29 -30 -31
leaf_value=-0.00063458764788867385 -0.0011864870448193665 -2.5678075730764552e-05 0.00057798381820561937 0.0025100619821679456 -0.00039168295864429738 -0.00014291006094450552 -0.00023862055070934254 0.0049740701280097709 0.005306739716879714 0.0012125759754958491 0.0022102047531187899 0.00068402493413699474 0.0019503641850941483 0.0030681664444222601 0.0036749324692033026 0.0060108696406786432 0.0001501607694389189 0.0017388114515772507 0.00028462265562126062 0.0041081916543419701 0.0031381339226661544 0.0023525230664788121 0.0030775380920690766 -0.0013613133614084549 0.0011496486202629539 0.0056592976361409652 0.0020463875401153589 0.00011355363815726542 0.0045054887047623719 0.004363010164584155
leaf_weight=45967 67 5597 116 244 108 884 5588 56 277 328 1496 5440 223 1348 1637 47 85 321 133 91 119 612 401 70 1328 54 257 165 643 221
leaf_count=45967 67 5597 116 244 108 884 5588 56 277 328 1496 5440 223 1348 1637 47 85 321 133 91 119 612 401 70 1328 54 257 165 643 221
internal_value=-1.48856e-12 -0.00039324 0.0027158 0.00339755 0.000392596 0.000317224 -0.000591669 0.00170114 0.0039255 0.00168354 0.0017362 0.000568432 5.17874e-05 0.00287501 0.00377391 0.00240774 0.00259311 0.00142045 0.00177956 0.00226215 0.00140729 0.00208394 0.00338528 0.00130618 0.00102392 0.00192371 0.00267371 0.00116925 0.00390916 0.00325055
internal_weight=73923 64573 9350 5631 13018 12309 51555 709 2801 3719 3652 6324 5985 2830 2524 1261 1145 653 545 412 2156 697 448 2037 1398 639 311 388 2280 1569
internal_count=73923 64573 9350 5631 13018 12309 51555 709 2801 3719 3652 6324 5985 2830 2524 1261 1145 653 545 412 2156 697 448 2037 1398 639 311 388 2280 1569
is_linear=0
shrinkage=0.03


Tree=48
num_leaves=31
num_cat=0
split_feature=31 40 39 42 41 41 40 6 7 21 10 6 17 34 59 34 56 42 30 22 14 6 27 11 41 1 14 33 54 35
split_gain=82.5532 11.6261 5.72707 1.38679 1.20132 1.05496 0.943773 0.681227 0.75725 0.742104 0.675575 0.577231 0.547111 0.542101 0.540629 0.534398 0.518839 0.506373 0.478636 0.471469 0.459748 0.443125 0.441299 0.441216 0.441187 0.519415 0.429746 0.41046 0.357106 0.340263
threshold=7.6393775939941415 0.08541318774223329 0.50428348779678356 0.03126464597880841 0.27668987214565283 0.67531934380531322 0.35506713390350347 0.025000000000000005 0.55833333333333346 0.46500000000000008 0.27363455809334664 0.40500000000000008 2.5000000000000004 14.961679458618166 0.48677661552137713 3.08856213092804 26.764280954770388 0.65781536698341381 4.6458332538604745 14.500000000000002 0.3050000000000001 0.055000000000000007 26.500000000000004 0.31344734283818459 0.66363593935966503 1.5000000000000002 0.28500000000000009 9.0357141494750994 19.500000000000004 0.19478319585323337
decision_type=10 10 8 8 10 10 10 8 8 2 8 10 2 10 8 10 10 8 10 2 10 8 10 8 8 8 10 8 10 10
left_child=1 3 6 -1 7 10 14 -3 9 11 -4 16 -11 29 21 -10 19 22 -6 -9 28 -2 24 -14 -12 -26 -23 -28 -20 -8
right_child=2 4 5 -5 18 -7 13 8 15 12 17 -13 23 -15 -16 -17 -18 -19 20 -21 -22 26 -24 -25 25 -27 27 -29 -30 -31
leaf_value=-0.00061003487417209644 -0.0010855557840938367 -0.00056572337675726543 -0.00017174487906124661 -0.00015030405234243421 -0.00058390479488298289 0.0043803591490542042 0.00044138952163192102 0.0014414616854711252 -0.00020178403882171059 -0.00025124695152044295 0.00321182336154469 0.0013631701258600723 0.005061024377723755 0.0033909593894412894 0.00080171262793234642 0.0004471159289544651 0.00013788233428468181 0.0043289157782453284 0.0030788285450762485 0.0004853314671534183 0.0047752246100987708 0.0017466247813294176 0.0049703096631535529 0.0013393526331832012 0.0024917263070749342 -0.0012563164924504235 0.0045296817379729716 0.0011654813529457897 0.0013145697833589428 0.0022620184235414391
leaf_weight=47046 45 607 51 6753 90 964 97 739 1810 42 2575 871 79 394 674 3096 1801 386 120 1248 42 1159 118 45 198 40 102 48 740 1943
leaf_count=47046 45 607 51 6753 90 964 97 739 1810 42 2575 871 79 394 674 3096 1801 386 120 1248 42 1159 118 45 198 40 102 48 740 1943
internal_value=7.86486e-12 -0.000368387 0.0027283 -0.000552328 0.000505032 0.00350529 0.00197395 0.000409341 0.000470164 0.00073702 0.00325483 0.000666791 0.00270807 0.00237221 0.00149596 0.000207713 0.000506668 0.00330751 0.00150227 0.000840933 0.00171042 0.00184155 0.003173 0.00371042 0.0030976 0.0018618 0.00194218 0.00345314 0.00156075 0.00217545
internal_weight=73923 65129 8794 53799 11330 4332 4462 10338 9731 4825 3368 4659 166 2434 2028 4906 3788 3317 992 1987 902 1354 2931 124 2813 238 1309 150 860 2040
internal_count=73923 65129 8794 53799 11330 4332 4462 10338 9731 4825 3368 4659 166 2434 2028 4906 3788 3317 992 1987 902 1354 2931 124 2813 238 1309 150 860 2040
is_linear=0
shrinkage=0.03


Tree=49
num_leaves=31
num_cat=0
split_feature=32 33 39 35 41 34 41 27 6 1 34 6 1 57 57 21 28 18 31 28 73 41 9 30 26 21 7 33 14 7
split_gain=77.6896 9.97245 6.48113 1.60476 1.54511 0.986428 0.841418 0.740985 0.635335 0.675232 0.582347 0.66407 0.505925 0.591532 0.482756 0.447321 0.423906 0.41613 0.701433 0.410662 0.554138 0.767461 0.420053 0.445281 0.41971 0.408066 0.465958 0.398698 0.384998 0.367169
threshold=7.1497278213500985 1.5166666507720949 0.43105377256870275 0.31503759324550634 0.61767166852951061 0.498322144150734 0.13335058838129046 12.500000000000002 0.6150000000000001 1.5000000000000002 9.5022521018981951 0.21500000000000002 1.5000000000000002 42.500000000000007 19.055555555555561 0.25500000000000006 22.833333015441898 1.0000000180025095e-35 3.0771898031234746 12.416666507720949 874.75000000000011 0.3461847603321076 0.63531317495370632 13.387499809265138 92.500000000000014 0.15500000000000003 0.33166666666666672 16.679487228393558 0.01499999999999996 0.4216666666666668
decision_type=10 10 8 8 10 8 10 10 8 10 10 10 10 8 10 2 10 2 10 10 2 10 8 10 2 2 8 8 8 10
left_child=1 5 10 6 8 -1 25 28 9 -4 11 -2 13 -12 17 -14 -6 -7 -19 20 21 -10 -21 -24 -25 -3 -27 -11 -5 -13
right_child=2 3 4 7 16 14 -8 -9 19 27 12 29 15 -15 -16 -17 -18 18 -20 22 -22 -23 23 24 -26 26 -28 -29 -30 -31
leaf_value=-0.00060380588937274701 4.0078669566739819e-05 2.2483266438506892e-05 0.0027735713146999357 0.00022286964992690046 0.0037958247220082524 9.8801907761660767e-05 0.00060574873261064178 0.0048730017547137464 -0.00074071538828119818 0.0017135657949386785 0.0021757611324356523 0.002073934568259825 0.0012583429754478568 0.004672601462708429 -0.00035489460171485955 0.0045088921995484268 0.0053260848733794981 0.0001821957873845739 0.0051234232467917227 0.0042439411728348126 0.0042850096582166724 0.0026285727973906965 0.0020143527467060148 0.0036693379589523389 0.00065426652145106345 0.0019739064399783394 -0.00013097751159907683 -0.0014096074653562249 0.0019443644922278519 0.0011089014216432913
leaf_weight=44389 355 5692 1583 157 1485 1395 5215 65 77 358 933 580 803 94 6708 40 183 70 41 470 118 290 235 747 44 212 171 41 458 914
leaf_count=44389 355 5692 1583 157 1485 1395 5215 65 77 358 933 580 803 94 6708 40 183 70 41 470 118 290 235 747 44 212 171 41 458 914
internal_value=8.45527e-12 -0.000370078 0.00255583 0.000411469 0.00319773 -0.000547922 0.00032622 0.00182684 0.00287533 0.00249557 0.00158394 0.00120641 0.00195723 0.00240429 -0.00024592 0.00141258 0.00396371 0.000239471 0.00200733 0.00325527 0.00249666 0.00192166 0.00350121 0.00316097 0.00350162 8.62627e-05 0.00103413 0.00139264 0.00150489 0.00148355
internal_weight=73923 64573 9350 11970 5631 52603 11290 680 3963 1982 3719 1849 1870 1027 8214 843 1668 1506 111 1981 485 367 1496 1026 791 6075 383 399 615 1494
internal_count=73923 64573 9350 11970 5631 52603 11290 680 3963 1982 3719 1849 1870 1027 8214 843 1668 1506 111 1981 485 367 1496 1026 791 6075 383 399 615 1494
is_linear=0
shrinkage=0.03


Tree=50
num_leaves=31
num_cat=0
split_feature=39 34 40 41 33 32 34 34 39 14 21 6 59 35 1 33 31 1 41 1 35 6 62 56 21 41 56 42 58 42
split_gain=73.102 11.4098 4.14429 1.33092 1.26388 0.968203 0.814008 0.79051 0.61125 0.603465 0.710611 0.556026 0.505205 0.490163 0.464134 0.654386 0.447355 0.440452 0.427549 0.42673 0.477105 0.415303 0.389419 0.389189 0.384692 0.357214 0.356201 0.349771 0.34819 0.346378
threshold=0.29584755003452307 2.590326309204102 0.53481405973434459 0.13095685839653018 0.88194444775581371 10.996103763580324 13.858058452606203 9.5022521018981951 0.80906736850738536 -0.15999999999999992 0.31500000000000006 0.10500000000000002 0.48677661552137713 0.6792857050895692 1.5000000000000002 12.63068199157715 5.941582679748536 1.5000000000000002 0.18356244266033175 1.5000000000000002 0.19098278135061267 0.42500000000000004 25.583333333333339 26.50527662502903 0.22500000000000006 0.44184692203998571 21.792221912209062 0.38519915938377386 0.46214343252327666 0.14815595746040347
decision_type=10 10 10 8 10 10 10 10 10 8 2 8 8 10 10 8 10 10 8 8 8 10 10 8 2 8 10 10 8 10
left_child=1 4 5 24 -1 9 13 11 -8 27 12 -5 16 17 22 21 -11 -4 -18 -6 26 -16 -7 -17 28 -15 -21 -2 -3 -13
right_child=2 3 6 7 19 14 8 -9 -10 10 -12 29 -14 25 15 23 18 -19 -20 20 -22 -23 -24 -25 -26 -27 -28 -29 -30 -31
leaf_value=-0.00057121908985680145 -9.7468197221002939e-05 0.00022163826988433981 0.0026658037740488502 -0.0001139713749824578 -0.00027616285002260676 0.0035050497311133145 0.0036627963813213385 0.0014927539838616118 0.0056552365112146541 -0.00088311904986553328 0.0043070436752110832 0.00031878001962919763 0.00022172961460815353 0.0057876021057171254 0.0012604912228070552 -0.0021030473288875529 0.0044344390959280434 0.00058574714857552728 0.0018753285727004564 0.0012312833142622485 0.0018762974707079269 0.0032404310382518624 0.0024876042653416072 0.0011168110730795887 0.001162930160412607 0.0032909290453572017 -4.0975781788161775e-05 0.0018383893007800603 -0.0003512410057387585 0.00086381058058720951
leaf_weight=48118 252 2742 719 811 3747 466 1981 1094 149 51 101 1402 182 57 148 41 61 105 1597 230 155 268 1238 192 284 542 1426 126 1465 4173
leaf_count=48118 252 2742 719 811 3747 466 1981 1094 149 51 101 1402 182 57 148 41 61 105 1597 230 155 268 1238 192 284 542 1426 126 1465 4173
internal_value=1.28757e-11 -0.000334965 0.00265701 0.000502522 -0.000521744 0.00207474 0.00343102 0.000747627 0.00380217 0.00164675 0.00185528 0.000619978 0.00172433 0.00287547 0.00250582 0.0018231 0.00188435 0.00240075 0.00196948 -9.34135e-05 0.000284699 0.00253603 0.00276585 0.000550227 9.42855e-05 0.00352851 0.000135727 0.000547818 2.2145e-05 0.000726746
internal_weight=73923 65647 8276 11971 53676 4723 3553 7480 2130 2370 1992 6386 1891 1423 2353 649 1709 824 1658 5558 1811 416 1704 233 4491 599 1656 378 4207 5575
internal_count=73923 65647 8276 11971 53676 4723 3553 7480 2130 2370 1992 6386 1891 1423 2353 649 1709 824 1658 5558 1811 416 1704 233 4491 599 1656 378 4207 5575
is_linear=0
shrinkage=0.03


Tree=51
num_leaves=31
num_cat=0
split_feature=32 33 39 35 41 42 41 27 1 21 57 33 6 11 27 50 14 21 7 57 8 18 31 14 14 57 20 17 12 30
split_gain=68.8272 8.86164 5.74968 1.45586 1.39324 0.880225 0.728294 0.691738 0.547378 0.625423 0.588377 0.556057 0.501847 0.4526 0.449441 0.394214 0.383023 0.369008 0.433334 0.364316 0.391204 0.366112 0.699088 0.358357 0.357233 0.353567 0.341219 0.447663 0.363604 0.340986
threshold=7.1497278213500985 1.5166666507720949 0.43105377256870275 0.31503759324550634 0.58235868811607372 0.01800561044365168 0.13335058838129046 12.500000000000002 2.5000000000000004 0.20500000000000004 27.792857142857148 9.8090910911560076 0.23500000000000001 0.49607630315369811 23.500000000000004 0.35926121473312383 0.20500000000000007 0.15500000000000003 0.33166666666666672 18.809090909090912 0.12708333333333335 1.0000000180025095e-35 3.0771898031234746 0.01499999999999996 0.13 26.516666666666669 1.0000000180025095e-35 1.5000000000000002 0.22352432267778888 21.645833015441898
decision_type=10 10 8 8 10 8 10 10 8 2 8 8 8 8 10 8 10 2 8 10 8 2 10 8 8 8 2 2 8 10
left_child=1 5 8 6 12 -1 17 23 9 11 15 -2 -4 -6 -14 -10 25 -3 -19 21 24 -7 -23 -5 -21 -11 -8 -28 -29 -15
right_child=2 3 4 7 13 19 26 -9 10 16 -12 -13 14 29 -16 -17 -18 18 -20 20 -22 22 -24 -25 -26 -27 27 28 -30 -31
leaf_value=-0.0005689804372063607 0.0011660048490081474 2.3311367564464428e-05 -0.00011379179402680719 0.00018857627582089727 0.0025920823724124068 5.0553457388473174e-05 0.0004863345681902777 0.0046797082008650662 -0.0010627774455243461 0.00083444945951923724 -0.00036786413215033633 0.0019806519445104195 0.0025846717947694432 0.0036598730640565054 0.0039816169556532357 0.0020564050938337458 0.0060490558768917877 0.0018916060670264138 -0.00013825438807416184 -5.7522118277640783e-05 -0.00044135605005109755 9.2356141172594537e-05 0.0049528624731820167 0.0018494412575676318 0.0014007661564944007 0.0044586259699327521 -0.00036715145345385131 0.003531452228472265 0.001306683051260188 0.0051694587462387141
leaf_weight=44333 1588 5692 59 157 343 1439 4693 65 43 50 274 1436 3126 1735 222 240 41 212 171 1153 5387 76 41 458 174 47 114 83 325 146
leaf_count=44333 1588 5692 59 157 343 1439 4693 65 43 50 274 1436 3126 1735 222 240 41 212 171 1153 5387 76 41 458 174 47 114 83 325 146
internal_value=1.42644e-11 -0.000348331 0.00240564 0.000388404 0.00301023 -0.000515977 0.000307207 0.00173652 0.00149023 0.00164299 0.000623057 0.00155285 0.00262897 0.00359429 0.0026773 0.00158247 0.00361804 8.39617e-05 0.000985324 -0.000231843 -0.0003277 0.000181769 0.00179561 0.00142545 0.000133693 0.00259049 0.000567267 0.00129488 0.00175927 0.00377704
internal_weight=73923 64573 9350 11970 5631 52603 11290 680 3719 3162 557 3024 3407 2224 3348 283 138 6075 383 8270 6714 1556 117 615 1327 97 5215 522 408 1881
internal_count=73923 64573 9350 11970 5631 52603 11290 680 3719 3162 557 3024 3407 2224 3348 283 138 6075 383 8270 6714 1556 117 615 1327 97 5215 522 408 1881
is_linear=0
shrinkage=0.03


Tree=52
num_leaves=31
num_cat=0
split_feature=31 34 38 31 41 35 41 42 37 21 39 5 7 20 8 1 32 33 6 41 8 33 39 8 34 21 66 55 6 31
split_gain=64.7654 9.20164 4.53577 1.12682 1.04614 0.978939 1.10894 0.927819 0.805587 0.755355 0.649001 0.571178 0.534494 0.518957 0.481722 0.450665 0.445589 0.439994 0.41913 0.415413 0.393578 0.390926 0.387997 0.364843 0.37138 0.417533 0.364177 0.36353 0.346895 0.435551
threshold=7.6393775939941415 2.590326309204102 0.49267607927322393 0.97868147492408764 0.12881318479776385 0.505102038383484 0.13335058838129046 0.27476245164871221 0.75025799870491039 0.025000000000000005 0.32103291153907781 1.0000000180025095e-35 0.47666666666666674 1.0000000180025095e-35 0.48266666666666674 2.5000000000000004 6.9529638290405282 9.8090910911560076 0.025000000000000005 0.28190258145332342 0.24600000000000005 16.033333778381351 0.64609786868095409 0.79633333333333345 14.191332817077638 0.10500000000000002 65.500000000000014 20.900000000000002 0.055000000000000007 8.0938134193420428
decision_type=10 10 8 8 8 10 10 8 8 2 10 2 8 2 8 8 10 8 8 10 8 8 10 10 10 2 8 10 10 10
left_child=1 3 5 -1 -3 15 -7 -4 12 11 13 22 -9 18 26 17 19 -2 -6 -15 27 28 -8 24 25 -14 -12 -5 -17 -30
right_child=2 4 7 20 10 6 9 8 -10 -11 14 -13 23 16 -16 21 -18 -19 -20 -21 -22 -23 -24 -25 -26 -27 -28 -29 29 -31
leaf_value=-0.00054034703132895933 0.0012149430638692348 7.9764102452789515e-05 -0.0013783070756258761 0.0019344346108871673 -0.00050756133722452816 -0.00096644557418619991 0.0023879506440482655 0.0021438911617173971 0.0043657437042723332 0.0044416975058496943 0.0048266018891814522 -0.0005188516813434725 0.0025679762493263526 0.0015042930386153931 0.00030468645229459151 -0.0014265852781633536 -0.00014961741918215297 0.0019666078415922633 0.00058534866656354066 0.0043679594904184344 -0.00024522630647990436 -0.0011865145299571245 0.0049043646085439084 0.0042101821195267668 0.0033720308856519158 0.0047386945566052895 0.0019894507394701997 0.00017927947193665779 0.0039266613333979071 0.00089547607036114755
leaf_weight=47550 1305 4357 41 115 334 79 844 543 444 189 65 58 1291 517 86 45 137 1514 5798 50 4622 89 59 273 1623 85 109 1389 51 261
leaf_count=47550 1305 4357 41 115 334 79 844 543 444 189 65 58 1291 517 86 45 137 1514 5798 50 4622 89 59 273 1623 85 109 1389 51 261
internal_value=1.26812e-11 -0.000326294 0.00241656 -0.00049101 0.00044567 0.0017501 0.00247179 0.00311308 0.00315632 0.00270798 0.000670339 0.00236701 0.00301556 0.000614386 0.00214147 0.00147845 0.00138582 0.00161864 0.00052582 0.00175682 -0.000108057 0.000592338 0.00255237 0.00316022 0.00306464 0.00270207 0.00304931 0.000313483 0.00103581 0.00139096
internal_weight=73923 65129 8794 53676 11453 4494 1229 4300 4259 1150 7096 961 3815 6836 260 3265 704 2819 6132 567 6126 446 903 3272 2999 1376 174 1504 357 312
internal_count=73923 65129 8794 53676 11453 4494 1229 4300 4259 1150 7096 961 3815 6836 260 3265 704 2819 6132 567 6126 446 903 3272 2999 1376 174 1504 357 312
is_linear=0
shrinkage=0.03


Tree=53
num_leaves=31
num_cat=0
split_feature=32 33 40 35 34 34 32 35 39 27 59 21 1 33 6 7 21 8 38 6 34 57 11 14 14 72 59 18 31 14
split_gain=60.9839 7.8852 5.09373 1.31936 0.933009 0.779978 0.778861 0.686114 0.661776 0.643436 0.640685 0.70637 0.595169 0.666512 0.575093 0.514145 0.661833 0.42352 0.419264 0.417753 0.494757 0.40756 0.4062 0.403942 0.364394 0.394505 0.478066 0.351576 0.625289 0.335718
threshold=7.1497278213500985 1.5166666507720949 0.47824405133724218 0.31503759324550634 13.858058452606203 0.47655677795410162 10.996103763580324 0.90161287784576427 0.11144390329718591 12.500000000000002 0.4900937285383436 0.4250000000000001 1.5000000000000002 16.809090614318851 0.025000000000000005 0.63416666666666688 0.45500000000000007 0.79633333333333345 0.37464112043380743 0.54500000000000015 14.961679458618166 19.055555555555561 0.3018129309019652 -0.080000000000000016 0.27500000000000008 7.5000000000000009 0.39686677797028796 1.0000000180025095e-35 2.6765681505203252 0.01499999999999996
decision_type=10 10 8 8 10 8 10 8 10 10 8 2 8 8 8 8 2 10 10 8 10 10 8 10 10 2 10 2 10 8
left_child=1 5 6 8 12 -1 10 19 -3 29 11 14 17 23 -2 16 -10 18 -4 20 -6 27 -18 -14 -16 26 -26 -7 -29 -5
right_child=2 3 4 9 7 21 -8 -9 15 -11 -12 -13 13 -15 24 -17 22 -19 -20 -21 -22 -23 -24 -25 25 -27 -28 28 -30 -31
leaf_value=-0.00053621124483941749 -0.0018284108157968148 2.2221926117667014e-05 0.0055287975089793849 0.00015326001011072449 0.00033766847372484896 9.5417465093917031e-05 0.0021291790488697517 0.0062501267002274584 0.00066529440463568268 0.0044890102168115287 0.00042145553452116772 0.0045449944903531957 0.00073627462663339392 -0.0012035493922176893 0.0013770266316132651 0.00020657547818282457 0.0046668082112293749 0.0046289203083142638 0.0025616217048089959 0.0034934393793252861 0.0029176196604121869 -0.00031873092289078265 0.00095582092438447979 0.0028511991734728836 0.0038792543983754511 0.004898872439516708 0.00046336244478629063 -8.2764408515336409e-05 0.0044318804594513494 0.0017608060746482105
leaf_weight=44251 48 4790 44 157 78 1401 1491 72 3303 65 607 67 133 69 2252 3089 61 102 1653 1850 470 6838 47 209 64 54 87 65 48 458
leaf_count=44251 48 4790 44 157 78 1401 1491 72 3303 65 607 67 133 69 2252 3089 61 102 1653 1850 470 6838 47 209 64 54 87 65 48 458
internal_value=-3.10896e-12 -0.000327883 0.00226443 0.000367077 0.0029639 -0.000486024 0.00156346 0.00336457 0.00028978 0.00165044 0.00129813 0.00150503 0.00251609 0.00148608 0.00142372 0.00048695 0.000740858 0.00275141 0.00263855 0.00327793 0.0025504 -0.000220121 0.00305184 0.00202873 0.00148726 0.00269817 0.00191116 0.000225251 0.00183496 0.00135042
internal_weight=73923 64573 9350 11970 4680 52603 4670 2470 11290 680 3179 2572 2210 411 2505 6500 3411 1799 1697 2398 548 8352 108 342 2457 205 151 1514 113 615
internal_count=73923 64573 9350 11970 4680 52603 4670 2470 11290 680 3179 2572 2210 411 2505 6500 3411 1799 1697 2398 548 8352 108 342 2457 205 151 1514 113 615
is_linear=0
shrinkage=0.03


Tree=54
num_leaves=31
num_cat=0
split_feature=32 33 31 35 41 41 42 21 39 1 33 27 1 57 33 14 7 21 57 21 15 11 30 38 14 58 26 6 36 10
split_gain=57.3798 7.41919 4.81524 1.24138 1.22668 1.06975 0.738785 0.692857 0.622665 0.620258 0.73838 0.605409 0.596829 0.54794 0.591183 0.530272 0.483759 0.622718 0.476496 0.444329 0.385118 0.382194 0.381448 0.345211 0.332999 0.338626 0.321069 0.358466 0.370522 0.320795
threshold=7.1497278213500985 1.5166666507720949 12.446073055267336 0.31503759324550634 0.35233184695243841 0.66363593935966503 0.01800561044365168 0.39500000000000007 0.11144390329718591 1.5000000000000002 21.784614562988285 12.500000000000002 2.5000000000000004 24.881944444444446 4.4833333492279062 0.13500000000000001 0.63416666666666688 0.45500000000000007 25.031250000000004 0.12500000000000003 0.077994839432997135 0.3018129309019652 14.387499809265138 0.71722477674484264 0.26500000000000012 0.49070439501852187 67.500000000000014 0.27500000000000008 0.34454956650733953 0.34228550829127619
decision_type=10 10 10 8 10 10 8 2 10 8 8 10 10 10 10 10 8 2 10 2 8 8 10 8 10 8 2 8 8 10
left_child=1 6 4 8 12 9 -1 15 -3 23 18 26 13 22 -15 -6 17 29 20 -20 -11 -19 24 -4 25 -2 27 -5 -29 -10
right_child=2 3 5 11 7 -7 -8 -9 16 10 -12 -13 -14 14 -16 -17 -18 21 19 -21 -22 -23 -24 -25 -26 -27 -28 28 -30 -31
leaf_value=-0.00052000194915801864 0.0017355540502712646 2.1555272571641432e-05 0.002755614124429043 -0.00015176571719348428 0.0017094504659824151 0.0036933836755741888 -0.00021113655808040424 0.0056190859728512607 0.00050039658875805778 0.0019758203586873911 -0.00048223861133945834 0.0043543399099547127 -0.00031746150668416365 -0.0015146242126320431 0.0010211345140457616 0.0029742885277388147 0.00020037821334141395 0.0045268039750011599 0.0014538770364268159 0.0043107056804001327 0.0048983044910334769 0.00092714631177009412 0.0044601308712165569 0.0047649856473767202 0.0040267785731703046 -0.00078679018919295763 -0.00046270532766357064 0.0015857652652796225 0.0041384002417957375 0.0012484176360111404
leaf_weight=44333 498 4790 2965 90 1674 1057 8270 47 2663 72 105 65 266 88 1386 363 3089 61 449 55 93 47 49 79 51 53 80 386 59 640
leaf_count=44333 498 4790 2965 90 1674 1057 8270 47 2663 72 105 65 266 88 1386 363 3089 61 449 55 93 47 49 79 51 53 80 386 59 640
internal_value=-8.51073e-12 -0.000318047 0.0021965 0.000356065 0.00148591 0.00284878 -0.000471444 0.00201794 0.000281087 0.00261495 0.00185665 0.00160092 0.0010222 0.00118989 0.000869746 0.00193485 0.000472342 0.000718632 0.00222374 0.00176563 0.00362304 0.00296029 0.00191477 0.00280776 0.00170759 0.00149293 0.00130991 0.00157498 0.0019242 0.000645336
internal_weight=73923 64573 9350 11970 4475 4875 52603 2084 11290 3818 774 680 2391 2125 1474 2037 6500 3411 669 504 165 108 651 3044 602 551 615 535 445 3303
internal_count=73923 64573 9350 11970 4475 4875 52603 2084 11290 3818 774 680 2391 2125 1474 2037 6500 3411 669 504 165 108 651 3044 602 551 615 535 445 3303
is_linear=0
shrinkage=0.03


Tree=55
num_leaves=31
num_cat=0
split_feature=32 42 31 41 21 40 6 9 41 6 21 32 1 33 1 33 57 33 14 28 14 13 30 14 6 30 8 14 51 57
split_gain=53.9886 7.00108 4.53066 1.15419 1.08403 1.01291 0.756134 0.716349 0.679793 0.654668 0.651909 0.584366 0.561556 0.529231 0.591847 0.573575 0.515557 0.556244 0.498933 0.440592 0.43562 0.388693 0.38524 0.379439 0.452982 0.358904 0.348916 0.448796 0.344795 0.338932
threshold=7.1497278213500985 0.074604094028472914 12.446073055267336 0.35233184695243841 0.13500000000000004 0.62154957652091991 0.015000000000000001 0.489813842684309 0.13335058838129046 0.38500000000000006 0.39500000000000007 0.32675376534461981 2.5000000000000004 6.6961536407470712 1.5000000000000002 17.679487228393558 24.881944444444446 4.4833333492279062 0.13500000000000001 22.833333015441898 -0.085000000000000006 -1.0000000180025095e-35 3.0625000000000004 0.28500000000000009 0.87500000000000011 14.387499809265138 0.12708333333333335 0.13999999999999999 0.6666724979877473 25.322916666666668
decision_type=10 10 10 10 2 8 8 8 10 10 2 8 10 8 8 8 10 10 10 10 10 10 10 10 10 10 8 8 8 10
left_child=1 11 3 12 6 13 -3 9 21 -6 18 -1 16 -4 -15 20 25 -18 -5 -7 -16 -8 -10 -24 -25 -2 27 -13 -22 -30
right_child=2 4 5 10 7 19 8 -9 22 -11 -12 26 -14 14 15 -17 17 -19 -20 -21 28 -23 23 24 -26 -27 -28 -29 29 -31
leaf_value=-0.00051517655164804094 0.0016563664399883386 -0.00075202200309850038 0.0055262239473130633 0.0016581669441857424 0.0013540317345836919 0.0031542475726167741 0.00081623070650974473 -0.00010928489884068055 -0.00019562216566780795 0.0036982497500721362 0.0054505133165165462 -6.6307285063775333e-05 -0.00030793764605274406 0.0026089342146470417 0.00084239028935967158 -0.00038989824212985031 -0.0014691854977784465 0.00099050048447526184 0.0028850598782680982 0.0045875479251262733 0.00021037435508333146 -8.4011841208170902e-07 0.00058161883529280454 0.0031662879686971956 -9.1947805850719236e-05 0.0043263269443901218 -0.000338551536447171 0.0013488693464788117 0.0046444801946135261 0.0023881021608840747
leaf_weight=41156 602 649 49 1674 521 1574 581 230 565 135 47 1387 266 2351 197 109 88 1386 363 220 48 5341 4637 110 59 49 8966 236 79 248
leaf_count=41156 602 649 49 1674 521 1574 581 230 565 135 47 1387 266 2351 197 109 88 1386 363 220 48 5341 4637 110 59 49 8966 236 79 248
internal_value=-6.22333e-12 -0.000308506 0.0021306 0.00144134 0.000318878 0.00276331 0.00024376 0.00133135 0.000300987 0.00183645 0.0019574 -0.000464039 0.000991533 0.00243333 0.00238335 0.00160457 0.0011542 0.000843654 0.0018768 0.00333001 0.00198464 7.93217e-05 0.000545393 0.000632508 0.0020288 0.00185733 -0.000265284 0.000139473 0.0025847 0.00293322
internal_weight=73923 64573 9350 4475 12828 4875 11942 886 11293 656 2084 51745 2391 3081 3032 681 2125 1474 2037 1794 572 5922 5371 4806 169 651 10589 1623 375 327
internal_count=73923 64573 9350 4475 12828 4875 11942 886 11293 656 2084 51745 2391 3081 3032 681 2125 1474 2037 1794 572 5922 5371 4806 169 651 10589 1623 375 327
is_linear=0
shrinkage=0.03


Tree=56
num_leaves=31
num_cat=0
split_feature=32 36 40 30 34 6 14 29 35 35 41 14 1 41 57 56 71 55 21 8 6 8 38 7 20 30 49 39 26 1
split_gain=50.7979 6.60995 4.28518 1.07857 0.82645 0.709896 0.658548 0.691454 0.628246 0.613163 0.618395 0.540702 0.523222 0.597103 0.505476 0.484243 0.480277 0.476883 0.446088 0.417136 0.400243 0.383596 0.393149 0.375692 0.366866 0.359943 0.352894 0.351826 0.337022 0.424571
threshold=7.1497278213500985 0.044129703193902976 0.47824405133724218 2.8783129453659062 13.858058452606203 0.025000000000000005 0.27500000000000008 9.9000000953674334 0.90161287784576427 0.33687943220138555 0.46063023805618292 0.01999999999999998 1.5000000000000002 0.62745124101638805 28.303846153846155 28.379423142029399 9.5000000000000018 24.733333333333338 0.12500000000000003 0.18100000000000005 0.19500000000000003 0.79633333333333345 0.37464112043380743 0.67166666666666686 1.0000000180025095e-35 0.16339442878961566 0.33170334994792944 0.36758890748023992 15.500000000000002 1.5000000000000002
decision_type=10 10 8 10 10 8 10 10 8 10 8 8 8 8 10 10 2 10 2 8 10 10 10 8 2 8 10 10 2 10
left_child=1 25 5 19 12 -2 7 -7 23 15 11 -11 21 16 28 24 -14 -8 -19 20 -3 22 -4 -6 -5 -1 27 -13 -9 -30
right_child=2 3 4 9 8 6 17 14 -10 10 -12 26 13 -15 -16 -17 -18 18 -20 -21 -22 -23 -24 -25 -26 -27 -28 -29 29 -31
leaf_value=-0.00050898195813469575 -0.0015114350534643824 0.00017867851169515707 0.0051987940561296206 0.0005094560985491385 0.002600309515011218 0.00097961079763542397 0.0043598949594480839 0.0034018842414180214 0.0058465275688407321 -0.00029413030160447726 -0.0015550251646302914 0.001642474160811213 0.0022667550045278881 -0.0011394586028173972 0.0012504753081688295 9.957844645893864e-05 -0.0012342063013929872 0.0014818763795110266 0.0047743313911963589 -0.0001575401991780273 0.0014579658049790722 0.0042942450556438415 0.0023255145953634715 0.003353076954292183 0.0013299619831589305 -0.00032056675331226494 0.0049527324674030144 0.0045901267681010939 0.0024317419365741176 0.0010998616940897747
leaf_weight=37911 73 1136 44 4529 1117 2118 107 173 72 78 51 239 298 73 978 2675 40 234 44 5025 273 102 1653 1281 550 12018 45 43 610 333
leaf_count=37911 73 1136 44 4529 1117 2118 107 173 72 78 51 239 298 73 978 2675 40 234 44 5025 273 102 1653 1281 550 12018 45 43 610 333
internal_value=1.19171e-11 -0.00029925 0.00206668 0.000261206 0.00270824 0.00142375 0.00147036 0.00136181 0.00308534 0.000489127 0.00155823 0.00195027 0.00228678 0.00132103 0.00174838 0.000426255 0.00185244 0.00265802 0.00200298 -2.96295e-05 0.000426546 0.00250741 0.00240001 0.00300243 0.000598308 -0.00046363 0.00248563 0.00209194 0.00218472 0.00196142
internal_weight=73923 64573 9350 14644 4680 4670 4597 4212 2470 8210 456 405 2210 411 2094 7754 338 385 278 6434 1409 1799 1697 2398 5079 49929 327 282 1116 943
internal_count=73923 64573 9350 14644 4680 4670 4597 4212 2470 8210 456 405 2210 411 2094 7754 338 385 278 6434 1409 1799 1697 2398 5079 49929 327 282 1116 943
is_linear=0
shrinkage=0.03


Tree=57
num_leaves=31
num_cat=0
split_feature=31 32 34 14 1 21 41 56 41 1 33 14 21 74 21 60 30 34 30 27 14 31 35 33 27 38 35 56 9 57
split_gain=47.8141 5.82337 4.84546 1.1488 1.08281 0.75704 0.732346 0.644126 0.616243 0.615498 0.599911 0.552767 0.527402 0.495496 0.450556 0.398763 0.434919 0.397001 0.384748 0.368246 0.367822 0.355138 0.385025 0.355098 0.397276 0.351061 0.423489 0.343558 0.331489 0.326492
threshold=6.1956338882446298 11.269276142120363 1.9023064374923708 -0.19499999999999992 1.5000000000000002 0.31500000000000006 0.61767166852951061 24.648983696819183 0.14287481456995013 1.5000000000000002 4.9198718070983896 0.3050000000000001 0.16500000000000004 951.25000000000011 0.15500000000000003 0.58333333333333337 9.2678570747375506 0.22276159375905993 12.062500000000002 10.500000000000002 0.050000000000000037 12.446073055267336 0.56594201922416698 9.2071428298950213 8.5000000000000018 0.27678602933883673 0.26247388124465948 29.119444803154256 0.47472533781848886 20.31666666666667
decision_type=10 10 10 10 8 2 10 10 10 8 10 10 2 2 2 10 10 8 10 10 10 10 10 10 10 10 10 10 8 10
left_child=2 3 17 9 6 7 -3 11 14 15 18 23 -12 20 27 16 25 -1 -6 -11 -7 22 -9 24 29 26 -2 -4 -16 -5
right_child=1 4 8 5 10 13 -8 21 -10 19 12 -13 -14 -15 28 -17 -18 -19 -20 -21 -22 -23 -24 -25 -26 -27 -28 -29 -30 -31
leaf_value=-0.00049198460586276729 0.00025970630152340651 0.0024247681278367051 0.00013332098807955603 0.0039694780942277404 -0.0026795871364997653 0.0022136154138532125 0.0032148948850742676 0.0010271583263494013 0.00051315146750017897 -0.00034609802270454558 0.001666250549847477 0.0039874216285308156 0.0043145849794224908 0.00040971963503939467 0.0013974010569936194 -0.0010061620288818586 0.0030730073812996923 -0.0002937444873712508 0.00079757880385180843 0.001702317452727584 0.0053211880071348571 0.0034618265728036369 -0.0010518873087972042 0.0023832821168958012 0.00034296138451568906 -0.00067312776406898216 0.0032576906086049144 -0.00030611114859817551 -0.00017407068816272623 0.0014451515307417138
leaf_weight=38771 89 3186 5578 58 41 57 1579 2350 4139 771 792 103 74 43 376 61 123 11877 95 88 86 52 83 373 263 85 81 2246 178 225
leaf_count=38771 89 3186 5578 58 41 57 1579 2350 4139 771 792 103 74 43 376 61 123 11877 95 88 86 52 83 373 263 85 81 2246 178 225
internal_value=-4.0528e-12 0.00184877 -0.000314874 0.00109849 0.00249809 0.00136832 0.0026866 0.0012694 0.00021367 0.000330768 0.00160165 0.00190338 0.00189255 0.00323342 6.5717e-05 0.00124459 0.00160781 -0.000445497 -0.000250684 -0.000136249 0.00408251 0.00100866 0.000956233 0.00166981 0.00118239 0.000901063 0.00168816 7.17521e-06 0.000892488 0.0019625
internal_weight=73923 10758 63165 4991 5767 3693 4765 3507 12517 1298 1002 1022 866 186 8378 439 378 50648 136 859 143 2485 2433 919 546 255 170 7824 554 283
internal_count=73923 10758 63165 4991 5767 3693 4765 3507 12517 1298 1002 1022 866 186 8378 439 378 50648 136 859 143 2485 2433 919 546 255 170 7824 554 283
is_linear=0
shrinkage=0.03


Tree=58
num_leaves=31
num_cat=0
split_feature=31 32 32 14 38 39 1 21 33 56 1 14 21 74 27 20 59 22 60 30 30 45 14 57 34 31 35 59 33 27
split_gain=44.9883 5.47921 4.56728 1.0809 1.03205 0.743178 0.738827 0.712299 0.642827 0.606059 0.579122 0.520098 0.492604 0.466212 0.439082 0.423306 0.41315 0.400015 0.375197 0.410696 0.366473 0.365318 0.346083 0.344201 0.343952 0.33415 0.363144 0.410466 0.334111 0.373797
threshold=6.1956338882446298 11.269276142120363 1.1330738067626955 -0.19499999999999992 0.6845531463623048 0.11144390329718591 1.5000000000000002 0.31500000000000006 16.809090614318851 24.648983696819183 1.5000000000000002 0.3050000000000001 0.16500000000000004 951.25000000000011 23.500000000000004 1.0000000180025095e-35 0.37950110916118202 30.500000000000004 0.58333333333333337 9.6458334922790545 12.062500000000002 1.2270753383636477 0.050000000000000037 29.193750000000005 9.3011627197265643 12.446073055267336 0.56594201922416698 0.43112860290563609 9.2071428298950213 8.5000000000000018
decision_type=10 10 10 10 8 10 8 2 8 10 8 10 2 2 10 2 10 2 10 10 10 8 10 8 10 10 8 10 10 10
left_child=2 3 -1 10 6 -4 17 9 12 11 18 28 14 22 -8 -7 -17 -3 19 -2 -10 -12 -9 -23 -19 26 -11 -28 29 -5
right_child=1 4 5 7 -6 15 8 13 20 25 21 -13 -14 -15 -16 16 -18 24 -20 -21 -22 23 -24 -25 -26 -27 27 -29 -30 -31
leaf_value=-0.00044108124684976823 0.00094226089146960625 0.0027464726486678736 -3.181992781500627e-05 0.0019036295237398113 0.0033366510022051297 0.00032533759114575207 0.0014500895453824483 0.0021472069572069145 -0.0024840981575349965 0.00099979277160390165 -0.0018970885157521362 0.0038677990224293786 0.0042510539760754092 0.00039742806590660365 0.0045406333009966396 0.0021682014692555335 0.00059433203093186659 0.0010170389119008509 -0.00097597719257941731 0.0031436165822406278 0.00066980893934322965 0.00058330741627333398 0.0051615523953575555 -0.00072744988929060255 0.0022755160559481983 0.0033579718039030782 0.0011052867487693825 -0.0029246222713561073 0.0023117836440623746 0.00033267255076835774
leaf_weight=49241 272 1883 7389 283 933 5859 693 57 45 2342 94 103 71 43 44 225 451 220 61 106 126 474 86 291 1752 52 45 46 373 263
leaf_count=49241 272 1883 7389 283 933 5859 693 57 45 2342 94 103 71 43 44 225 451 220 61 106 126 474 86 291 1752 52 45 46 373 263
internal_value=-1.0121e-11 0.0017933 -0.000305428 0.00106553 0.00242315 0.000174298 0.00224683 0.00132727 0.00151086 0.00123132 0.000320845 0.00184628 0.00186451 0.00313642 0.0016346 0.000407351 0.00111818 0.00243374 0.00120725 0.00155957 -0.000160167 -0.000132161 0.00396003 8.47056e-05 0.00213512 0.000978404 0.000927546 -0.00093181 0.00161971 0.00114692
internal_weight=73923 10758 63165 4991 5767 13924 4834 3693 979 3507 1298 1022 808 186 737 6535 676 3855 439 378 171 859 143 765 1972 2485 2433 91 919 546
internal_count=73923 10758 63165 4991 5767 13924 4834 3693 979 3507 1298 1022 808 186 737 6535 676 3855 439 378 171 859 143 765 1972 2485 2433 91 919 546
is_linear=0
shrinkage=0.03


Tree=59
num_leaves=31
num_cat=0
split_feature=31 34 38 42 33 41 35 41 6 21 21 6 5 37 34 56 10 6 29 1 37 33 33 17 13 56 57 8 14 12
split_gain=42.3355 6.1868 3.07047 0.818293 0.815941 0.698003 0.685432 0.911159 0.614488 0.598442 0.554531 0.663673 0.534321 0.469158 0.432351 0.429682 0.386617 0.4255 0.3703 0.414105 0.405356 0.369448 0.368542 0.364176 0.42163 0.39894 0.346051 0.343504 0.336462 0.330846
threshold=7.6393775939941415 2.7651654481887822 0.49267607927322393 0.27476245164871221 0.88194444775581371 0.27668987214565283 0.505102038383484 0.10690471157431604 0.52500000000000013 0.025000000000000005 0.26500000000000007 0.025000000000000005 1.0000000180025095e-35 0.75025799870491039 4.89528512954712 30.422462989187 0.5265987549518959 0.41500000000000004 5.3666667938232431 2.5000000000000004 0.54289269447326671 9.8090910911560076 4.9198718070983896 23.500000000000004 -1.0000000180025095e-35 21.422374156887695 28.460606060606064 0.69633333333333347 0.22500000000000003 0.37813710146972823
decision_type=10 10 8 8 10 10 10 10 8 2 2 8 2 8 10 10 8 10 10 8 10 8 10 2 8 10 10 10 10 8
left_child=1 4 6 -4 -1 10 18 -8 27 12 11 -3 23 -10 -7 -13 17 -12 -2 20 21 -20 -21 24 -9 -26 -24 -5 -16 -6
right_child=2 5 3 8 29 14 7 9 13 -11 16 15 -14 -15 28 -17 -18 -19 19 22 -22 -23 26 -25 25 -27 -28 -29 -30 -31
leaf_value=-0.00043605025450394277 0.0040468841807451096 -0.00061306100506316173 -0.0016911012780279056 0.0018206440825272326 0.00030822568948693415 -0.00071495763666462153 -0.0011948277693241834 0.0047157025001943109 0.0026324995729104924 0.0037564099785246832 0.0014482291308988956 0.00043815896868333094 -0.00087719606154333348 0.0037079145762503943 0.0011846746663350665 -9.0556843544426765e-05 0.00017202744020440461 0.0045546897125313991 0.00094633716487490518 -0.0013697127441478904 -0.0015472665432219703 0.0016447478780761274 0.0016416719563572939 0.0012630787846025599 -0.00043159562891916084 0.0024935523283936495 -0.00027332858363661217 0.0044999958456028253 0.0032611307686847913 -0.00019789972774899987
leaf_weight=48202 40 723 41 1001 1573 100 75 70 2793 190 289 6953 58 420 799 1727 187 46 1263 95 45 1481 181 312 46 478 160 45 77 4453
leaf_count=48202 40 723 41 1001 1573 100 75 70 2793 190 289 6953 58 420 799 1727 187 46 1263 95 45 1481 181 312 46 478 160 45 77 4453
internal_value=-1.13164e-12 -0.000263809 0.00195379 0.00252687 -0.000394905 0.000388338 0.00140545 0.00200934 0.00256747 0.00221758 0.000313059 0.000260224 0.00191428 0.00277308 0.00115386 0.000332964 0.0012648 0.00187479 0.00117814 0.00114256 0.00127697 0.00132329 0.000282769 0.00209298 0.0025289 0.00223676 0.000743138 0.00193591 0.00136719 -6.5783e-05
internal_weight=73923 65129 8794 4300 54228 10901 4494 1229 4259 1154 9925 9403 964 3213 976 8680 522 335 3265 3225 2789 2744 436 906 594 524 341 1046 876 6026
internal_count=73923 65129 8794 4300 54228 10901 4494 1229 4259 1154 9925 9403 964 3213 976 8680 522 335 3265 3225 2789 2744 436 906 594 524 341 1046 876 6026
is_linear=0
shrinkage=0.03


Tree=60
num_leaves=31
num_cat=0
split_feature=31 32 34 14 35 34 21 56 42 1 14 57 17 6 74 31 60 30 34 56 20 41 46 46 57 38 35 30 1 33
split_gain=39.8959 4.86417 4.05913 0.991555 0.947636 0.809182 0.655479 0.554703 0.541852 0.533815 0.480397 0.462821 0.513902 0.459804 0.440786 0.401361 0.354102 0.379732 0.352004 0.350324 0.544183 0.461376 0.341663 0.341626 0.340166 0.33397 0.394654 0.327157 0.326596 0.370014
threshold=6.1956338882446298 11.269276142120363 1.9023064374923708 -0.19499999999999992 0.75337839126586925 15.355990409851076 0.31500000000000006 24.648983696819183 0.14815595746040347 1.5000000000000002 0.3050000000000001 28.408333333333335 1.5000000000000002 0.015000000000000001 951.25000000000011 19.904785156250004 0.58333333333333337 9.2678570747375506 0.22276159375905993 28.379423142029399 1.0000000180025095e-35 0.28723931312561041 1.3987168073654177 1.947090268135071 29.193750000000005 0.27678602933883673 0.26247388124465948 7.6458332538604745 1.5000000000000002 15.25833320617676
decision_type=10 10 10 10 8 10 2 10 10 8 10 8 2 8 2 10 10 10 8 10 2 8 8 8 8 10 10 10 10 8
left_child=2 3 18 9 5 11 7 10 27 16 -5 12 -3 -10 -8 -14 17 25 -1 20 -15 -22 -11 -6 -24 26 -2 -4 -13 -30
right_child=1 4 8 6 23 -7 14 -9 13 22 -12 28 15 19 -16 -17 -18 -19 -20 -21 21 -23 24 -25 -26 -27 -28 -29 29 -31
leaf_value=-0.00045095143772364336 0.00021145584794242728 -0.00064110765201521333 2.5236477945086333e-05 0.001532273459359973 0.00086776240965859449 0.0026365757827238865 0.0037900666054663853 0.00091973087171232472 -0.00069400673266500229 -0.0017312573664821683 0.0036928543666948544 0.0016775415037137021 0.0021473754065610626 0.00055089942454470905 0.00032597376726741011 0.0047513543939725917 -0.00098013465010301495 0.0028521930527796676 -0.00026428370018125844 6.8728588705151762e-05 0.0013483437896261595 0.0044195293418418328 0.0005818373998307863 0.00330555781387575 -0.00073159726032377172 -0.00071267177684999558 0.0031055740094463411 0.0023064172542408895 0.0011900792337454988 -0.0010519932572109003
leaf_weight=38771 89 58 7717 919 55 1719 143 2485 297 107 103 971 1696 2978 43 55 61 123 11877 1129 287 52 465 872 287 85 81 57 251 90
leaf_count=38771 89 58 7717 919 55 1719 143 2485 297 107 103 971 1696 2978 43 55 61 123 11877 1129 287 52 465 872 287 85 81 57 251 90
internal_value=6.04639e-12 0.00168876 -0.000287623 0.00100305 0.0022822 0.0021139 0.00125374 0.00116169 0.000196138 0.000289805 0.00175002 0.00182602 0.00213714 0.000448839 0.00298923 0.00222917 0.00114083 0.00148311 -0.000407178 0.000525183 0.000680545 0.00181944 -0.000145121 0.00316092 8.05665e-05 0.000822721 0.00159042 4.19624e-05 0.00139705 0.00059833
internal_weight=73923 10758 63165 4991 5767 4840 3693 3507 12517 1298 1022 3121 1809 4743 186 1751 439 378 50648 4446 3317 339 859 927 752 255 170 7774 1312 341
internal_count=73923 10758 63165 4991 5767 4840 3693 3507 12517 1298 1022 3121 1809 4743 186 1751 439 378 50648 4446 3317 339 859 927 752 255 170 7774 1312 341
is_linear=0
shrinkage=0.03


Tree=61
num_leaves=31
num_cat=0
split_feature=31 32 36 14 35 1 34 21 33 57 1 33 56 34 10 20 74 41 71 33 38 31 27 27 60 30 12 28 57 46
split_gain=37.538 4.57669 3.8362 0.932954 0.89163 0.774252 0.666619 0.61674 0.606003 0.525511 0.502267 0.455925 0.453354 0.438795 0.4172 0.415619 0.414736 0.397853 0.377077 0.334156 0.402838 0.341698 0.3367 0.333552 0.333174 0.3589 0.331533 0.326472 0.471441 0.321436
threshold=6.1956338882446298 11.269276142120363 0.044129703193902976 -0.19499999999999992 0.75337839126586925 1.5000000000000002 2.7651654481887822 0.31500000000000006 17.345238685607914 24.75961538461539 1.5000000000000002 15.035714149475099 29.674193003857727 15.355990409851076 0.2152872444011685 1.0000000180025095e-35 951.25000000000011 0.28190258145332342 12.500000000000002 3.9309524297714238 0.18183290213346484 11.449680805206301 8.5000000000000018 10.500000000000002 0.58333333333333337 9.6458334922790545 0.28992521636861979 7.0713672637939462 22.031250000000004 1.947090268135071
decision_type=10 10 10 10 8 10 10 2 8 10 8 8 10 10 8 2 2 10 2 8 8 10 10 10 10 10 8 10 10 8
left_child=2 3 -1 10 5 13 -4 9 18 14 24 -11 15 -3 -5 -8 -9 -17 -7 -16 -21 22 26 -12 25 27 -22 28 -2 -6
right_child=1 4 6 7 29 8 12 16 -10 11 23 -13 -14 -15 19 17 -18 -19 -20 20 21 -23 -24 -25 -26 -27 -28 -29 -30 -31
leaf_value=-0.0003993801298518276 0.0044953236643535399 0.0019618781129732369 -8.963799281803473e-05 -0.0003508609784396619 0.00084172955798831846 0.0017307744592884478 0.00038409052930756936 0.0036763646415519441 -0.00083239595430265913 0.00093433903900393871 -0.0003404864442677093 -0.0016142895738012156 -7.786167981754074e-05 0.002598652398253621 0.0042434933162439842 0.00099949200914542144 0.0003161945605520592 0.0040906926314346493 -0.0010019963373173483 -0.00091695743667728757 0.0047348321852570567 0.0037782423107843915 0.0011237982778005641 0.0016090482379315125 -0.00095073061247096674 0.0029194029022653681 0.0019898647770892376 4.3786439980197299e-05 0.00041852380508178115 0.0032063910819601703
leaf_weight=49927 45 2422 5200 88 55 626 5636 143 114 2246 771 65 1769 1629 48 593 43 40 49 51 44 74 495 88 61 106 396 168 59 872
leaf_count=49927 45 2422 5200 88 55 626 5636 143 114 2246 771 65 1769 1629 48 593 43 40 49 51 44 74 495 88 61 106 396 168 59 872
internal_value=1.28183e-11 0.0016381 -0.000278994 0.000972958 0.00221374 0.00205048 0.000175042 0.00121612 0.00119071 0.00112684 0.000281111 0.000862655 0.000346271 0.00221794 0.00163732 0.000465953 0.00289955 0.00119483 0.0015324 0.00179523 0.00168436 0.00181585 0.00166053 -0.000140767 0.00110661 0.00143861 0.00226436 0.000861539 0.00218252 0.00306609
internal_weight=73923 10758 63165 4991 5767 4840 13238 3693 789 3507 1298 2311 8038 4051 1196 6269 186 633 675 1108 1060 1009 935 859 439 378 440 272 104 927
internal_count=73923 10758 63165 4991 5767 4840 13238 3693 789 3507 1298 2311 8038 4051 1196 6269 186 633 675 1108 1060 1009 935 859 439 378 440 272 104 927
is_linear=0
shrinkage=0.03


Tree=62
num_leaves=31
num_cat=0
split_feature=31 32 32 14 38 39 1 21 33 56 14 1 11 11 74 26 74 52 20 59 45 14 30 10 33 27 11 33 9 10
split_gain=35.3195 4.30621 3.62281 0.877816 0.850004 0.709373 0.602935 0.580291 0.56528 0.503596 0.488848 0.472583 0.408555 0.39241 0.390225 0.377989 0.419853 0.360384 0.350157 0.367235 0.320799 0.318648 0.318072 0.377185 0.395298 0.332572 0.313671 0.309245 0.312425 0.476046
threshold=6.1956338882446298 11.269276142120363 0.95608681440353405 -0.19499999999999992 0.6845531463623048 0.11144390329718591 1.5000000000000002 0.31500000000000006 12.63068199157715 25.020306513458525 0.3050000000000001 1.5000000000000002 0.57078795793563808 0.14650138274246219 951.25000000000011 23.500000000000004 1991.2000000000003 0.82575756311416637 1.0000000180025095e-35 0.37950110916118202 1.2270753383636477 0.050000000000000037 8.9375000000000018 0.61185250219490794 7.0746994018554696 7.0597538948059091 0.3903087880853508 9.2071428298950213 0.3057838652535706 0.31876094919573184
decision_type=10 10 8 10 8 10 8 2 8 10 10 8 8 8 2 2 2 10 2 10 8 10 10 8 8 10 8 10 10 10
left_child=2 3 -1 11 6 13 15 9 -8 10 27 22 -10 -4 21 16 17 -3 -7 -20 -13 -9 23 -2 25 -25 -17 -5 -29 -30
right_child=1 4 5 7 -6 18 8 14 12 -11 -12 20 -14 -15 -16 26 -18 -19 19 -21 -22 -23 -24 24 -26 -27 -28 28 29 -31
leaf_value=-0.00039939228669034322 -0.0016424412771894206 0.0027413750308463228 0.00052169462158954195 0.00097619142576638206 0.002976352071311509 0.00029193326133969102 0.0020440792825795777 0.0018265895261184164 0.0012976523422563429 0.00084920508156590259 0.0034655182841555054 -0.0017904378550636154 -0.00047688693237432742 -0.00011622424057662425 0.00030670876268210794 0.001151814055780014 0.005468044594881382 0.00044421774571511282 0.0019989783483373505 0.0005200432747369632 6.667963377948777e-05 0.0047189876164829489 0.002037509748249415 0.00044154102547327057 -0.00021205556405974284 0.0040955489480813201 0.0021086332767933781 0.0045730316005647186 0.00036710592612752092 0.0026372767872797414
leaf_weight=47808 62 744 976 596 933 5866 489 57 298 2402 116 94 192 7833 43 349 47 67 226 456 765 86 181 40 105 51 2648 40 134 219
leaf_count=47808 62 744 976 596 933 5866 489 57 298 2402 116 94 192 7833 43 349 47 67 226 456 765 86 181 40 105 51 2648 40 134 219
internal_value=-2.05643e-12 0.00158895 -0.000270624 0.000943769 0.00214732 0.000130245 0.00198731 0.00117964 0.00132246 0.00109304 0.00162307 0.000272678 0.000602323 -4.55455e-05 0.00281256 0.00215616 0.00271136 0.0025516 0.000366736 0.00101013 -0.000136544 0.00356607 0.00107341 0.000397044 0.00104219 0.00248939 0.00199721 0.00140696 0.00206025 0.00177551
internal_weight=73923 10758 63165 4991 5767 15357 4834 3693 979 3507 1105 1298 490 8809 186 3855 858 811 6548 682 859 143 439 258 196 91 2997 989 393 353
internal_count=73923 10758 63165 4991 5767 15357 4834 3693 979 3507 1105 1298 490 8809 186 3855 858 811 6548 682 859 143 439 258 196 91 2997 989 393 353
is_linear=0
shrinkage=0.03


Tree=63
num_leaves=31
num_cat=0
split_feature=32 33 31 35 41 41 35 9 21 1 33 1 55 33 21 32 14 30 26 33 20 29 9 44 39 62 26 53 57 33
split_gain=33.2391 4.49587 2.92741 0.873918 0.790135 0.697537 0.58247 0.723652 0.5609 0.469588 0.460202 0.557198 0.528262 0.542349 0.457543 0.455766 0.435969 0.426972 0.397934 0.388718 0.351596 0.337394 0.411471 0.393081 0.31901 0.370697 0.304183 0.299557 0.292606 0.468952
threshold=7.1497278213500985 1.5166666507720949 12.446073055267336 0.46770833432674414 0.35233184695243841 0.67531934380531322 0.1490740776062012 0.46683618419493583 0.39500000000000007 2.5000000000000004 6.6961536407470712 1.5000000000000002 23.500000000000004 23.464285850524906 0.16500000000000004 0.18295708298683169 0.13500000000000001 15.062500000000002 35.500000000000007 13.211111068725588 1.0000000180025095e-35 13.22499990463257 0.47472533781848886 1.5833333134651186 0.339137613773346 25.708333333333339 53.500000000000007 20.500000000000004 24.881944444444446 4.4833333492279062
decision_type=10 10 10 8 10 10 10 8 2 10 8 8 10 8 2 8 8 10 2 10 2 10 8 10 8 8 2 10 10 10
left_child=1 15 4 6 9 10 -3 14 16 17 -4 -12 -13 18 -8 -1 19 28 21 27 -5 -14 -23 -24 25 -11 -16 -6 -2 -30
right_child=2 3 5 20 8 -7 7 -9 -10 24 11 12 13 -15 26 -17 -18 -19 -20 -21 -22 22 23 -25 -26 -27 -28 -29 29 -31
leaf_value=-0.00041505084071904931 0.0013755814528106389 8.5501286846287669e-05 0.0048960790258585187 0.0016857791613022399 0.0020599175314035506 0.0029224078155940247 0.00075369568623165014 0.00015944488537447042 0.0047848305751215367 0.0021917862003963244 0.0021452592553900919 0.003264675865508616 0.0029878015377701613 -0.0012819215512416997 0.0027052742026520832 -0.00021592177524063882 0.0022404614139007887 0.0035278085213293607 0.00026443148283798192 0.00017462791724982759 0.0051030871190596372 -0.0013609092831215327 0.0028559766896069047 -0.00052182514559138895 -0.0022884857955796176 -0.00066373372621079583 0.0002216123609506557 0.0010972660541885085 -0.0015815935770764813 0.00072744549306734006
leaf_weight=38451 613 7134 49 84 450 924 2006 2459 47 57 3153 100 147 87 189 14152 499 54 219 265 40 47 105 44 64 145 58 823 84 1374
leaf_count=38451 613 7134 49 84 450 924 2006 2459 47 57 3153 100 147 87 189 14152 499 54 219 265 40 47 105 44 64 145 58 823 84 1374
internal_value=-3.97126e-12 -0.000242067 0.00167177 0.000282693 0.00111772 0.00218035 0.000256467 0.00051531 0.00154471 0.000745553 0.00200681 0.00197053 0.001235 0.000922257 0.000903712 -0.000361478 0.00146995 0.000894301 0.00126347 0.00121995 0.00278814 0.00190135 0.0010865 0.00185851 -0.000442754 0.000142032 0.00212207 0.00143756 0.000825634 0.000594414
internal_weight=73923 64573 9350 11970 4475 4875 11846 4712 2084 2391 3951 3902 749 649 2253 52603 2037 2125 562 1538 124 343 196 149 266 202 247 1273 2071 1458
internal_count=73923 64573 9350 11970 4475 4875 11846 4712 2084 2391 3951 3902 749 649 2253 52603 2037 2125 562 1538 124 343 196 149 266 202 247 1273 2071 1458
is_linear=0
shrinkage=0.03


Tree=64
num_leaves=31
num_cat=0
split_feature=31 32 34 14 34 35 33 21 57 56 34 46 20 33 57 10 31 8 6 1 33 29 26 33 1 32 30 36 26 7
split_gain=31.2861 3.83221 3.24387 0.806859 0.793621 0.632501 0.552737 0.524256 0.457918 0.445142 0.436447 0.441505 0.43617 0.417546 0.402106 0.385624 0.384915 0.384207 0.380069 0.373381 0.579602 0.446015 0.411892 0.372615 0.405887 0.372034 0.367821 0.354796 0.340098 0.326016
threshold=6.1956338882446298 11.269276142120363 2.7651654481887822 -0.19499999999999992 14.961679458618166 0.6792857050895692 0.25833334028720861 0.31500000000000006 24.75961538461539 29.674193003857727 9.7069921493530291 2.9987694025039677 1.0000000180025095e-35 15.035714149475099 28.809090909090912 0.2152872444011685 3.3663891553878789 0.11291666666666669 0.015000000000000001 1.5000000000000002 15.806250095367433 13.22499990463257 45.500000000000007 5.4365079402923593 2.5000000000000004 12.759384632110597 21.645833015441898 0.83223584294319164 26.500000000000004 0.33833333333333343
decision_type=10 10 10 10 10 8 10 2 10 10 10 8 2 8 10 8 10 8 8 10 8 10 2 8 8 10 10 8 2 10
left_child=2 3 6 10 5 19 -1 8 15 12 11 -2 18 -10 -12 -5 -14 -8 -4 -3 21 22 -21 -9 -25 -7 27 -6 -27 -18
right_child=1 4 9 7 26 25 17 23 13 -11 14 -13 16 -15 -16 -17 29 -19 -20 20 -22 -23 -24 24 -26 28 -28 -29 -30 -31
leaf_value=-0.00039174386858709207 -0.0015119632303612889 0.0016970142247262434 -0.00060216378506895403 -0.00040428648305929857 0.0022839940429632277 0.00096032016874792478 0.00031987214514304338 0.0052303756526671345 0.00085264484985926147 -0.00012238383869071044 0.0018028098569117933 0.00021101058953564917 0.00038786082762326963 -0.0015863545350193117 -0.00069740307394807269 0.0016589898056848565 0.0024155273671713075 -0.00022027615350235865 0.00036489202553320838 0.0028710300613936776 -0.0012417844282463192 0.0003050020395855072 0.00033160890923835426 0.003035046464783954 -0.00036998644491414659 0.0034444433957604424 0.0038363370195123704 0.0047031572123939569 0.002133617508290804 0.00052611596770584586
leaf_weight=42792 160 1965 390 88 2125 130 1344 40 2246 1997 243 819 362 65 76 1108 240 10029 5886 187 100 236 83 100 46 315 160 56 410 125
leaf_count=42792 160 1965 390 88 2125 130 1344 40 2246 1997 243 819 362 65 76 1108 240 10029 5886 187 100 236 83 100 46 315 160 56 410 125
internal_value=3.03305e-12 0.00149548 -0.000254703 0.000886835 0.00202222 0.00173131 -0.000342338 0.00111297 0.00103066 0.000272712 0.000243439 -7.05786e-05 0.000385379 0.000784045 0.00120715 0.00150718 0.00108101 -0.000156444 0.000304798 0.00149624 0.000845228 0.00125768 0.00209039 0.00266506 0.00196223 0.00243816 0.00244796 0.00234611 0.00270315 0.00176847
internal_weight=73923 10758 63165 4991 5767 3426 54165 3693 3507 9000 1298 979 7003 2311 319 1196 727 11373 6276 2571 606 506 270 186 146 855 2341 2181 725 365
internal_count=73923 10758 63165 4991 5767 3426 54165 3693 3507 9000 1298 979 7003 2311 319 1196 727 11373 6276 2571 606 506 270 186 146 855 2341 2181 725 365
is_linear=0
shrinkage=0.03


Tree=65
num_leaves=31
num_cat=0
split_feature=32 33 31 35 41 35 35 9 21 34 57 1 14 30 21 35 33 29 31 20 36 1 55 26 53 55 26 7 30 15
split_gain=29.4425 4.01113 2.60159 0.841897 0.718996 0.639564 0.568954 0.662419 0.518879 0.499731 0.458176 0.43319 0.409436 0.394938 0.37457 0.374381 0.367852 0.339329 0.313913 0.310939 0.30546 0.303249 0.300112 0.411001 0.282682 0.280049 0.309695 0.378286 0.409668 0.370837
threshold=7.1497278213500985 1.2583333253860476 12.446073055267336 0.46770833432674414 0.35233184695243841 0.75337839126586925 0.1490740776062012 0.46683618419493583 0.39500000000000007 15.355990409851076 28.408333333333335 2.5000000000000004 0.13500000000000001 15.062500000000002 0.16500000000000004 0.4246212244033814 13.211111068725588 0.18316175043582919 19.904785156250004 1.0000000180025095e-35 0.26102052628993994 1.5000000000000002 30.100000000000005 45.500000000000007 29.500000000000004 32.366666666666674 31.500000000000004 0.34333333333333343 3.6458333730697636 0.1624932919389924
decision_type=10 10 10 8 10 8 10 8 2 10 8 10 8 10 2 10 10 8 10 2 8 10 8 2 10 10 2 10 10 10
left_child=1 17 4 6 11 9 24 14 12 10 15 13 16 -2 25 -4 -6 -1 -17 -5 -13 -12 -23 -24 -3 26 27 -8 -29 -28
right_child=2 3 5 19 8 -7 7 -9 -10 -11 21 20 -14 -15 -16 18 -18 -19 -20 -21 -22 22 23 -25 -26 -27 29 28 -30 -31
leaf_value=-0.00039853278001550249 0.00077290275283247128 0.00020122880316423287 0.00026572648222957337 0.0016672925258000544 0.0013559195130101365 0.0027653013232968233 0.00084576404366683213 0.0001400321186154167 0.0045747969828625308 0.0023160003733300079 0.0014475716780972046 0.00094131275382448702 0.0021332018676588713 0.0033717353704075018 0.0019333077447720817 0.0020290970025032139 0.00012735306304651048 -0.00023282383541195579 0.0043466434600678361 0.0048748521013185385 -0.0011906249301556519 -0.00095756079764368958 0.0020517843664097399 -0.0013300122641958295 -0.00016709238747312537 -0.00055437641546819097 0.0001328058709606685 -0.00029757698781685709 0.0028372215689159929 0.002326107106441609
leaf_weight=35369 2071 5115 105 85 1273 920 882 2487 47 1511 812 93 499 54 254 1206 265 16223 55 40 173 106 115 45 2961 146 701 47 186 77
leaf_count=35369 2071 5115 105 85 1273 920 882 2487 47 1511 812 93 499 54 254 1206 265 16223 55 40 173 106 115 45 2961 146 701 47 186 77
internal_value=5.32389e-12 -0.000227824 0.0015734 0.00024355 0.00105109 0.00205285 0.000219727 0.00047914 0.00145841 0.00188712 0.00162197 0.000696077 0.0013865 0.000838944 0.000846938 0.00198687 0.00114424 -0.000346426 0.00213018 0.00269371 -0.000445248 0.00115958 0.000280463 0.00110065 6.61868e-05 0.000711608 0.000809249 0.00112978 0.00220488 0.000349881
internal_weight=73923 64573 9350 12981 4475 4875 12856 4780 2084 3955 2444 2391 2037 2125 2293 1366 1538 51592 1261 125 266 1078 266 160 8076 2039 1893 1115 233 778
internal_count=73923 64573 9350 12981 4475 4875 12856 4780 2084 3955 2444 2391 2037 2125 2293 1366 1538 51592 1261 125 266 1078 266 160 8076 2039 1893 1115 233 778
is_linear=0
shrinkage=0.03


Tree=66
num_leaves=31
num_cat=0
split_feature=31 32 34 14 34 35 6 6 54 14 42 1 21 35 6 32 30 1 33 29 26 36 41 6 26 67 41 60 30 57
split_gain=27.7046 3.40811 2.91109 0.743346 0.707005 0.562852 0.504245 0.564503 0.562542 0.635986 0.443292 0.418261 0.406961 0.568222 0.402076 0.343911 0.341692 0.337957 0.535696 0.418935 0.379523 0.329969 0.322311 0.390916 0.380325 0.328284 0.315832 0.304646 0.30271 0.30168
threshold=6.1956338882446298 11.269276142120363 1.9023064374923708 -0.19499999999999992 14.961679458618166 0.6792857050895692 0.96500000000000008 0.075000000000000025 26.833333333333339 0.28500000000000009 0.14815595746040347 1.5000000000000002 0.085000000000000006 0.53001201152801525 0.015000000000000001 12.759384632110597 21.645833015441898 1.5000000000000002 15.806250095367433 13.22499990463257 45.500000000000007 0.83223584294319164 0.46993438899517065 0.52500000000000013 43.500000000000007 7.5000000000000009 0.51951169967651378 0.58333333333333337 7.6458332538604745 28.720779220779225
decision_type=10 10 8 10 10 8 10 10 10 10 10 8 2 10 8 10 10 10 8 10 2 8 8 10 2 10 8 10 10 8
left_child=2 3 -1 11 5 17 7 -5 9 -9 28 27 13 -11 -12 26 21 -3 19 20 -19 -6 -17 -24 -25 -26 -7 -2 -4 -13
right_child=1 4 10 6 16 15 -8 8 -10 12 14 29 -14 -15 -16 22 -18 18 -20 -21 -22 -23 23 24 25 -27 -28 -29 -30 -31
leaf_value=-0.0003431024186479063 0.0012865264690434929 0.0015987063190550544 1.2696231512506572e-05 -0.0011081448559191137 0.0021477872431293977 0.0022233070144560972 0.00019773543500367633 0.0014192587527311956 0.00083896953657425276 0.0043708791589118822 -0.00067643592878691074 0.00029696400735716196 0.0054598032947594547 0.00077199144370117495 0.00046365326788087532 0.0040387071077586031 0.0036440107848029579 0.002741229718967831 -0.0012180763618089257 0.00026155105368007309 0.00030363181361883697 0.00448077215991881 0.00035397756609088944 0.0031698045022380741 0.00062577584004909611 0.0033184831280377693 -0.00074675728375549915 -0.00099823333498579069 0.0022065641301972057 -0.00084722603229207111
leaf_weight=50216 378 1965 8149 93 2125 71 534 1391 1463 73 297 509 53 86 4446 111 160 187 100 236 83 56 82 345 127 60 59 61 57 350
leaf_count=50216 378 1965 8149 93 2125 71 534 1391 1463 73 297 509 53 86 4446 111 160 187 100 236 83 56 82 345 127 60 59 61 57 350
internal_value=5.50125e-13 0.00140728 -0.000239682 0.000833302 0.00190402 0.00162944 0.00105036 0.00119449 0.00126433 0.00165254 0.000161382 0.000215748 0.00318318 0.00242431 0.000392262 0.00229624 0.00230586 0.0014077 0.000788333 0.00118486 0.00199189 0.00220769 0.00255102 0.00228207 0.00257926 0.00148975 0.000875355 0.000969054 2.79351e-05 -0.000169237
internal_weight=73923 10758 63165 4991 5767 3426 3693 3159 3066 1603 12949 1298 212 159 4743 855 2341 2571 606 506 270 2181 725 614 532 187 130 439 8206 859
internal_count=73923 10758 63165 4991 5767 3426 3693 3159 3066 1603 12949 1298 212 159 4743 855 2341 2571 606 506 270 2181 725 614 532 187 130 439 8206 859
is_linear=0
shrinkage=0.03


Tree=67
num_leaves=31
num_cat=0
split_feature=32 33 31 35 41 41 21 8 21 33 1 55 33 30 1 39 35 56 14 30 57 33 9 6 26 21 15 7 20 66
split_gain=26.0735 3.58617 2.31218 0.724958 0.650842 0.570765 0.489087 0.62956 0.483794 0.435876 0.45594 0.474035 0.472836 0.40551 0.417239 0.534669 0.38424 0.384141 0.381008 0.370617 0.367586 0.350049 0.335589 0.316682 0.357642 0.303487 0.3241 0.30088 0.296378 0.288597
threshold=7.1497278213500985 1.5166666507720949 12.446073055267336 0.46770833432674414 0.35233184695243841 0.67531934380531322 0.15500000000000003 0.44900000000000012 0.39500000000000007 6.6961536407470712 1.5000000000000002 23.500000000000004 17.679487228393558 13.291666507720949 2.5000000000000004 0.3768534660339356 0.13714733719825747 28.920331818158463 0.13500000000000001 0.16339442878961566 26.730303030303034 13.211111068725588 0.48630208966513211 0.075000000000000025 45.500000000000007 0.12500000000000003 0.10343980249442437 0.56833333333333347 1.0000000180025095e-35 82.500000000000014
decision_type=10 10 10 8 10 10 2 8 2 8 8 10 8 10 8 8 10 10 8 8 8 10 8 8 2 2 10 8 2 10
left_child=1 19 4 6 13 9 16 -8 18 -4 29 -12 25 14 -2 20 -3 -14 21 -1 -16 -6 -15 -18 27 26 -13 -25 -5 -11
right_child=2 3 5 28 8 -7 7 -9 -10 10 11 12 17 22 15 -17 23 -19 -20 -21 -22 -23 -24 24 -26 -27 -28 -29 -30 -31
leaf_value=-0.00037048475021282424 0.00073042148706453679 2.6022134585473204e-05 0.0045875265217405186 0.0015241254398383067 0.0012791375541103525 0.0026038847267150765 0.0015815131889123754 -0.00026292849618574066 0.004384962055742978 0.0019605053826526127 0.0029976799858734012 0.00053525914784235832 -0.002488888205620102 0.00096873557594928726 0.0013752245029616283 -0.0031914454807813923 -0.00078625155755053121 0.0011410289448262614 0.0020266549905224559 -0.0001927935737957876 -0.00071498630858389284 8.06692254363094e-05 0.0037975452023965772 0.00090377927897730258 5.8114356063386708e-05 0.003173229311103538 0.002586413994871951 0.00030940058933720386 0.004661635833035689 0.0005718576574222521
leaf_weight=37966 1863 6294 49 84 1273 924 503 249 47 3012 100 397 65 92 123 52 200 44 499 14637 197 265 64 1604 1528 59 84 1468 40 141
leaf_count=37966 1863 6294 49 84 1273 924 503 249 47 3012 100 397 65 92 123 52 200 44 499 14637 197 265 64 1604 1528 59 84 1468 40 141
internal_value=-3.84305e-12 -0.000214393 0.00148064 0.000254279 0.000988246 0.00193264 0.000230392 0.000970787 0.00137577 0.00177566 0.00174035 0.001075 0.000778744 0.000650476 0.000547257 -0.00037004 0.000180205 -0.0010236 0.00130634 -0.000321041 8.84385e-05 0.00107264 0.00212927 0.000382377 0.000433187 0.00114255 0.000893465 0.000619747 0.00253623 0.00189841
internal_weight=73923 64573 9350 11970 4475 4875 11846 752 2084 3951 3902 749 649 2391 2235 372 11094 109 2037 52603 320 1538 156 4800 4600 540 481 3072 124 3153
internal_count=73923 64573 9350 11970 4475 4875 11846 752 2084 3951 3902 749 649 2391 2235 372 11094 109 2037 52603 320 1538 156 4800 4600 540 481 3072 124 3153
is_linear=0
shrinkage=0.03


Tree=68
num_leaves=31
num_cat=0
split_feature=31 32 34 14 34 35 6 10 21 13 53 31 17 56 6 20 34 46 22 8 57 41 62 31 6 6 30 36 26 1
split_gain=24.5434 3.02943 2.61687 0.685814 0.645428 0.51453 0.462557 0.525481 0.501219 0.477716 0.452489 0.445481 0.442584 0.401859 0.393535 0.387974 0.385368 0.406226 0.368619 0.362072 0.358701 0.354207 0.353276 0.353208 0.35743 0.332717 0.315872 0.305496 0.302972 0.321357
threshold=6.1956338882446298 11.269276142120363 2.7651654481887822 -0.19499999999999992 14.961679458618166 0.64785373210906994 0.96500000000000008 0.34634424980959638 0.075000000000000025 -1.0000000180025095e-35 27.500000000000004 0.97868147492408764 19.500000000000004 29.674193003857727 0.12500000000000003 1.0000000180025095e-35 9.7069921493530291 2.9987694025039677 41.500000000000007 0.24200000000000005 28.809090909090912 0.28190258145332342 21.583333333333339 15.18731737136841 0.58500000000000008 0.015000000000000001 21.645833015441898 0.83223584294319164 95.500000000000014 1.5000000000000002
decision_type=10 10 10 10 10 8 10 8 2 10 10 8 2 10 10 2 10 8 2 8 10 10 8 10 10 8 10 8 2 10
left_child=2 3 11 16 5 28 7 10 -9 -10 14 -1 -11 15 -5 25 17 -2 22 -13 -18 -17 -7 -24 -25 -4 27 -6 29 -3
right_child=1 4 13 6 26 18 -8 8 9 12 -12 19 -14 -15 -16 21 20 -19 -20 -21 -22 -23 23 24 -26 -27 -28 -29 -30 -31
leaf_value=-0.000336236365748391 -0.0014874346776814491 0.0015690069188302384 -0.00056941764705474129 -0.001146562770570329 0.0020248065270504893 0.0045872315049411789 0.00017527746889269377 0.0012280743612644951 0.00014812127067919144 0.0045200622842871937 -2.7988991824769484e-05 0.00031909066337845114 0.0017165498252919255 -0.00012727935909363531 0.0015212114558390329 0.0008514583052754175 0.0016583885809544612 0.00016526727261803806 0.001119368818636878 -0.00019939024322786163 -0.00070302961725055382 0.0037555392428766932 0.0012453585825407203 0.0010879883783325404 0.0030904523243527643 0.00033539364271545125 0.0034634310483379525 0.004269611131967394 -0.00018828758044450096 0.0007390789889599467
leaf_weight=47607 160 1706 390 56 2125 62 534 1858 55 116 537 1605 90 1997 447 687 243 819 265 4953 76 40 226 101 390 5886 160 56 119 557
leaf_count=47607 160 1706 390 56 2125 62 534 1858 55 116 537 1605 90 1997 447 687 243 819 265 4953 76 40 226 101 390 5886 160 56 119 557
internal_value=-3.08818e-12 0.00132456 -0.000225593 0.000783408 0.00179289 0.00153054 0.000991895 0.00112994 0.001401 0.00263204 0.000577638 -0.000304304 0.00329523 0.000248117 0.0012242 0.000355166 0.000190233 -0.000104837 0.00208588 -7.24976e-05 0.00109579 0.00101124 0.00241466 0.0022268 0.00267854 0.000279167 0.00217683 0.00208244 0.00128715 0.00136473
internal_weight=73923 10758 63165 4991 5767 3426 3693 3159 2119 261 1040 54165 206 9000 503 7003 1298 979 1044 6558 319 727 779 717 491 6276 2341 2181 2382 2263
internal_count=73923 10758 63165 4991 5767 3426 3693 3159 2119 261 1040 54165 206 9000 503 7003 1298 979 1044 6558 319 727 779 717 491 6276 2341 2181 2382 2263
is_linear=0
shrinkage=0.03


Tree=69
num_leaves=31
num_cat=0
split_feature=31 31 34 6 1 14 56 35 54 30 57 26 57 50 33 6 33 8 34 35 56 8 7 20 66 27 71 14 17 14
split_gain=23.0928 2.8562 2.46222 0.729391 0.669759 0.564601 0.610589 0.536676 0.49714 0.489412 0.625884 0.471683 0.46461 0.481035 0.424948 0.422657 0.38741 0.578232 0.425112 0.385415 0.363455 0.350092 0.343394 0.341364 0.333499 0.322168 0.635543 0.415809 0.320685 0.31822
threshold=6.1956338882446298 11.704053401947023 2.7651654481887822 0.35500000000000004 2.5000000000000004 0.27500000000000008 25.441816439178361 0.52440476417541515 33.166666666666679 20.062500000000004 28.345238095238098 26.500000000000004 28.563492063492067 0.36969967186450964 0.25833334028720861 0.025000000000000005 10.303846359252931 0.47450000000000009 5.259629726409913 0.03637566231191159 29.674193003857727 0.11291666666666669 0.3741666666666667 1.0000000180025095e-35 68.500000000000014 17.500000000000004 12.500000000000002 -0.024999999999999963 2.5000000000000004 0.040000000000000001
decision_type=10 10 10 8 8 10 10 10 10 10 8 2 8 8 10 8 8 10 10 10 10 8 8 2 8 10 2 10 2 8
left_child=2 4 14 28 5 8 24 -8 16 10 11 25 13 -6 -1 -15 17 -2 -18 -4 23 29 -14 -21 -7 26 -5 -27 -3 -16
right_child=1 3 19 9 12 6 7 -9 -10 -11 -12 -13 22 15 21 -17 18 -19 -20 20 -22 -23 -24 -25 -26 27 -28 -29 -30 -31
leaf_value=-0.00033849496433750221 0.0011024524702833596 -0.0020357304375713944 -0.00017850465494590359 0.0023963365600409036 -0.0012816305193253075 0.0050138594433410122 0.0018672624501694733 -0.0021029129461676344 -3.1604990533909979e-05 0.0028937420098669826 0.0013403096972160709 0.0017649643199528098 0.00021141443355250056 -0.001094553232958008 -9.9477823659904282e-06 0.0013155542444342058 -0.00090940749632533293 0.00011367981407126327 0.0015701723391258399 0.00036400900527784028 -7.4035514378080662e-05 -0.00019311247317921993 -0.0016428741205072584 0.0011218230299504125 0.0021746749054306603 0.0045430968689698986 -0.0013883006072408239 0.0025258127714111122 0.00073600137204924733 0.00096348705186220969
leaf_weight=42792 1524 44 1619 560 104 73 131 40 501 375 1872 1901 169 77 885 438 66 818 1089 5225 1560 10029 192 596 76 140 43 268 257 459
leaf_count=42792 1524 44 1619 560 104 73 131 40 501 375 1872 1901 169 77 885 438 66 818 1089 5225 1560 10029 192 596 76 140 43 268 257 459
internal_value=-3.37569e-12 0.00128482 -0.000218825 0.00176634 0.000788583 0.000949276 0.00216182 0.000938566 0.000852224 0.00185009 0.00176828 0.00204341 8.05508e-05 0.00057939 -0.000295175 0.000955208 0.000978846 0.0007571 0.00142848 0.000240673 0.000332619 -0.00013218 -0.0007748 0.0004416 0.00356568 0.00256697 0.00212645 0.00321802 0.000330831 0.000322498
internal_weight=73923 10758 63165 5460 5298 4318 320 171 3998 5159 4784 2912 980 619 54165 515 3497 2342 1155 9000 7381 11373 361 5821 149 1011 603 408 301 1344
internal_count=73923 10758 63165 5460 5298 4318 320 171 3998 5159 4784 2912 980 619 54165 515 3497 2342 1155 9000 7381 11373 361 5821 149 1011 603 408 301 1344
is_linear=0
shrinkage=0.03


Tree=70
num_leaves=31
num_cat=0
split_feature=31 32 36 14 34 35 34 6 54 14 6 31 63 1 6 56 22 26 6 35 28 27 66 22 57 39 26 1 33 29
split_gain=21.7281 2.68774 2.33067 0.632026 0.595631 0.46605 0.451409 0.428394 0.506972 0.476064 0.545742 0.389053 0.4512 0.366396 0.35736 0.373142 0.353784 0.33958 0.320146 0.299836 0.288234 0.285194 0.409252 0.297683 0.285729 0.284885 0.283065 0.297629 0.385063 0.367273
threshold=6.1956338882446298 11.269276142120363 0.044129703193902976 -0.19499999999999992 14.961679458618166 0.64785373210906994 3.9390847682952885 0.075000000000000025 26.833333333333339 0.28500000000000009 0.82500000000000007 7.8751721382141122 -0.0059818779655552981 1.5000000000000002 0.52500000000000013 24.648983696819183 39.500000000000007 16.500000000000004 1.0000000180025095e-35 0.90161287784576427 10.416666507720949 8.5000000000000018 66.500000000000014 21.500000000000004 18.550000000000004 0.39856715500354772 95.500000000000014 1.5000000000000002 15.806250095367433 13.22499990463257
decision_type=10 10 10 10 10 8 10 10 10 10 10 10 10 8 8 10 2 2 8 8 10 10 8 2 10 10 2 10 8 10
left_child=2 3 -1 13 5 26 17 -5 9 20 11 -11 -13 -2 15 -7 -16 -4 -8 -6 21 24 25 -24 -9 -23 27 -3 29 -29
right_child=1 4 6 7 19 14 18 8 -10 10 -12 12 -14 -15 16 -17 -18 -19 -20 -21 -22 22 23 -25 -26 -27 -28 28 -30 -31
leaf_value=-0.00030609603392987758 0.00087217493152727445 0.0014753193116679817 0.00029231801827099449 -0.00107360691440502 0.0020035762465164977 0.002132925339974463 -0.00084350766029171135 0.0037000547547865175 0.00064430111473689805 0.0055484788856063876 -0.00047587396758722093 0.00096461799871176473 0.0045420021903701127 -0.0001932066362201933 0.0024981058865591941 -0.0017751142756702997 0.001221807905793382 -0.00011473829819355223 0.0004300299719107606 0.0042451040100052271 0.0021018787659516916 0.00034112401188097217 0.00016604115115364501 0.0019093519445959827 0.0012477106590675644 -0.0017571520021677617 -0.00022240065955830845 0.0018013178902713115 -0.0011693356897638633 0.00012266837913812691
leaf_weight=49927 439 1706 2684 93 2286 43 185 46 1860 52 41 75 55 859 682 45 274 5897 4472 55 248 165 153 208 607 90 119 250 86 221
leaf_count=49927 439 1706 2684 93 2286 43 185 46 1860 52 41 75 55 859 682 45 274 5897 4472 55 248 165 153 208 607 90 119 250 86 221
internal_value=6.05811e-12 0.00124628 -0.000212261 0.000736558 0.00168741 0.00143538 0.000141639 0.000936702 0.000988635 0.00135672 0.00265097 0.00335537 0.00247813 0.000167119 0.00196391 0.000134496 0.00213231 1.25824e-05 0.000379439 0.00205624 0.00116646 0.000983652 0.000520603 0.0011705 0.00142046 -0.000399444 0.00120374 0.00127873 0.000676618 0.00101367
internal_weight=73923 10758 63165 4991 5767 3426 13238 3693 3600 1740 223 182 130 1298 1044 88 956 8581 4657 2341 1517 1269 616 361 653 255 2382 2263 557 471
internal_count=73923 10758 63165 4991 5767 3426 13238 3693 3600 1740 223 182 130 1298 1044 88 956 8581 4657 2341 1517 1269 616 361 653 255 2382 2263 557 471
is_linear=0
shrinkage=0.03


Tree=71
num_leaves=31
num_cat=0
split_feature=30 33 1 35 41 8 6 35 53 28 35 33 21 22 33 36 6 21 8 26 6 26 6 21 7 55 52 53 35 51
split_gain=20.4603 3.30441 1.67482 1.07928 0.868419 0.610314 0.565469 0.538521 0.534855 0.524727 0.492262 0.470735 0.509524 0.488073 0.428432 0.343855 0.367257 0.340016 0.377308 0.374601 0.332907 0.341423 0.327058 0.316345 0.314542 0.345262 0.342738 0.40784 0.328973 0.32481
threshold=7.6458332538604745 1.5166666507720949 1.5000000000000002 0.31866537034511572 0.58235868811607372 0.45633333333333342 0.34500000000000003 0.46770833432674414 28.500000000000004 11.833333492279055 0.70659971237182628 16.679487228393558 0.40500000000000008 13.500000000000002 9.0357141494750994 0.43758633732795721 0.025000000000000005 0.15500000000000003 0.44900000000000012 54.500000000000007 0.77500000000000013 24.500000000000004 0.055000000000000007 0.18500000000000003 0.25166666666666676 31.700000000000006 0.36339341104030615 26.500000000000004 0.42020373046398168 0.13168839365243915
decision_type=10 10 8 8 8 10 10 10 8 10 10 8 2 2 10 8 8 2 8 2 8 2 8 2 8 10 10 10 10 8
left_child=1 7 4 17 9 10 8 -1 15 -2 23 12 13 -8 -11 16 -4 22 19 -19 -6 -22 -3 24 29 26 27 -26 -29 -5
right_child=2 3 6 5 20 -7 11 -9 -10 14 -12 -13 -14 -15 -16 -17 -18 18 -20 -21 21 -23 -24 -25 25 -27 -28 28 -30 -31
leaf_value=-0.00028518995345088068 0.00093084350875013001 -0.00044873197502756038 -0.0014003302749188151 -0.002203975370651934 0.0017672964996306769 -1.2034007517251905e-05 0.002104743123537312 -0.0037674201437512237 -0.00044955703294488668 0.0033738936057512757 0.0044761573110008611 -0.00031714908388509811 0.0046344658443931395 0.0008037823225100593 0.0015423323967461758 -0.0006227925121039152 0.0013400557145799229 0.0017674141976566095 -0.00014508425092505178 -0.00031821310760058239 0.0033703880236792046 0.0021402372574994416 0.00017096813289962522 0.0029798611840233203 0.00087647631238125406 -0.0011388306864026207 0.0043185567050906164 0.0015031179346988209 0.0043644032312758181 0.00076030995913873884
leaf_weight=52592 1624 832 48 43 1436 318 387 40 543 122 48 175 41 788 1987 125 530 357 245 99 279 746 9734 95 313 41 42 80 66 147
leaf_count=52592 1624 832 48 43 1436 318 387 40 543 122 48 175 41 788 1987 125 530 357 245 99 279 746 9734 95 313 41 42 80 66 147
internal_value=4.21673e-12 -0.000183835 0.00135502 0.000255474 0.00162459 0.00111352 0.000721837 -0.000287836 0.000257669 0.00133617 0.00152258 0.00113762 0.00134698 0.00123227 0.00164828 0.000803933 0.00111248 0.00016462 0.000804448 0.00131461 0.00206209 0.00247508 0.000122171 0.00135116 0.00113978 0.00150798 0.00172458 0.00148723 0.00279658 8.94454e-05
internal_weight=73923 65092 8831 12460 6194 1193 2637 52632 1246 3733 875 1391 1216 1175 2109 703 578 11267 701 456 2461 1025 10566 827 732 542 501 459 146 190
internal_count=73923 65092 8831 12460 6194 1193 2637 52632 1246 3733 875 1391 1216 1175 2109 703 578 11267 701 456 2461 1025 10566 827 732 542 501 459 146 190
is_linear=0
shrinkage=0.03


Tree=72
num_leaves=31
num_cat=0
split_feature=30 33 1 35 32 57 35 8 35 20 15 33 21 33 67 34 6 62 30 36 21 12 22 26 75 6 42 10 28 5
split_gain=19.2511 3.11887 1.577 1.15059 0.833836 0.623295 0.619867 0.569779 0.502149 0.462691 0.526049 0.457954 0.552702 0.434554 0.352503 0.350473 0.347408 0.339958 0.326578 0.322032 0.317435 0.308878 0.304261 0.294159 0.293328 0.301517 0.291727 0.291659 0.310832 0.290917
threshold=7.6458332538604745 0.88194444775581371 1.5000000000000002 0.31866537034511572 14.291843414306642 17.875000000000004 0.20881782472133639 0.45633333333333342 0.46770833432674414 1.0000000180025095e-35 0.15510593010593013 16.033333778381351 0.40500000000000008 17.041666984558109 9.5000000000000018 2.7651654481887822 0.6150000000000001 23.583333333333339 21.645833015441898 0.35094982385635382 0.26500000000000007 0.26452793439608258 30.500000000000004 17.500000000000004 1.0000000180025095e-35 0.6150000000000001 0.42453156411647802 0.28758561643835617 11.166666507720949 1.0000000180025095e-35
decision_type=10 10 10 8 10 10 8 10 10 2 8 8 2 8 10 10 10 10 10 10 2 8 2 2 2 8 8 10 10 2
left_child=1 8 4 15 5 14 19 9 -1 27 -11 12 16 26 -2 23 -8 -18 29 -4 -17 22 -22 -3 25 -12 -7 -5 -29 -6
right_child=2 3 6 7 18 13 11 -9 -10 10 24 -13 -14 -15 -16 20 17 -19 -20 -21 21 -23 -24 -25 -26 -27 -28 28 -30 -31
leaf_value=-0.00029173752855594633 0.0021369423299026826 0.00023600300190120306 9.0776290097106167e-05 0.00045121675060363485 0.0019069363619953167 0.00088858703232280061 0.00078567976705536829 1.2445577085600235e-06 -0.0036543975077220235 0.00039976682289436985 0.0011107403390802617 -0.00037724220855323985 0.0042685536463977769 -0.0010484937349016347 0.0050982658647110435 0.00020135243154415519 0.0044108116665149792 0.0015095423779842329 0.0032032723729049856 -0.0018765955985513294 0.0030957377712707967 0.00043672909599482869 0.00022954518715851007 -0.00020878937387384993 0.0059411487635225059 0.0046845190582098439 0.0014814024654448985 0.0013916236538121314 0.0041865657132002521 0.00059166045385063626
leaf_weight=49545 228 2028 472 315 2799 1602 1249 320 40 56 43 215 48 82 43 7930 43 235 166 89 100 265 50 3934 42 42 1400 342 40 160
leaf_count=49545 228 2028 472 315 2799 1602 1249 320 40 56 43 215 48 82 43 7930 43 235 166 89 100 265 50 3934 42 42 1400 342 40 160
internal_value=-3.46677e-13 -0.00017832 0.00131437 0.000193016 0.00155584 0.00122741 0.000648802 0.0010853 -0.00029445 0.0014795 0.002822 0.000921511 0.0010988 0.00110619 0.00260682 0.000118176 0.000999163 0.0019583 0.00190846 -0.000221338 0.00024368 0.00105249 0.00214034 -5.74913e-05 0.00389008 0.00287661 0.00116505 0.00112702 0.00168429 0.00183582
internal_weight=73923 65092 8831 15507 6480 3355 2351 1200 49585 880 183 1790 1575 3084 271 14307 1527 278 3125 561 8345 415 150 5962 127 85 3002 697 382 2959
internal_count=73923 65092 8831 15507 6480 3355 2351 1200 49585 880 183 1790 1575 3084 271 14307 1527 278 3125 561 8345 415 150 5962 127 85 3002 697 382 2959
is_linear=0
shrinkage=0.03


Tree=73
num_leaves=31
num_cat=0
split_feature=30 33 1 35 32 57 35 8 35 35 33 21 33 6 67 34 36 53 62 55 6 8 14 58 38 1 30 42 21 12
split_gain=18.1133 2.93454 1.4838 1.08259 0.784557 0.586458 0.583233 0.536105 0.472472 0.445977 0.431016 0.521767 0.408872 0.335338 0.33167 0.33075 0.319192 0.356931 0.318438 0.317424 0.341449 0.312515 0.444222 0.34011 0.310078 0.309718 0.307278 0.296546 0.293848 0.298797
threshold=7.6458332538604745 0.88194444775581371 1.5000000000000002 0.31866537034511572 14.291843414306642 17.875000000000004 0.20881782472133639 0.45633333333333342 0.46770833432674414 0.70659971237182628 16.679487228393558 0.40500000000000008 17.041666984558109 0.6150000000000001 9.5000000000000018 2.9967741966247563 0.6076599955558778 27.500000000000004 23.583333333333339 31.700000000000006 0.28500000000000009 0.18100000000000005 0.040000000000000001 0.38263957305632984 0.40934884548187261 2.5000000000000004 21.645833015441898 0.27476245164871221 0.26500000000000007 0.26452793439608258
decision_type=10 10 10 8 10 10 8 10 10 10 8 2 8 10 10 10 10 10 10 10 8 8 8 10 10 8 10 8 2 8
left_child=1 8 4 15 5 14 24 9 -1 19 11 13 -7 16 -2 21 17 -8 -15 20 27 22 -3 25 -4 -24 -6 -5 -17 -30
right_child=2 3 6 7 26 12 10 -9 -10 -11 -12 -13 -14 18 -16 28 -18 -19 -20 -21 -22 -23 23 -25 -26 -27 -28 -29 29 -31
leaf_value=-0.00028298539823859854 0.0020728340550742455 -8.721536571821248e-05 0.00013165532854765311 -0.0011433522155744253 0.0017807418454885125 0.0011300984288704092 0.0014046456079751727 1.2072141034877858e-06 -0.0035447655566968024 0.0042468650150112811 -0.00040774713151943708 0.0041404970335497636 -0.0010170389546035991 0.0042784873176593503 0.0049453178352438084 0.000204075407217483 -0.0015693286357118803 0.0003710168942906539 0.0014723812380239745 -0.00075698201772638634 0.0017156076580718308 -0.00015057600809232884 0.0011188571474907037 0.00049616967180063799 -0.0016509512925804634 0.0036770480629125168 0.0031071742194675256 0.0019440129639538512 0.002145476237047647 0.00042474504314928447
leaf_weight=49545 228 819 452 77 2959 3002 564 320 40 48 203 48 82 43 43 7393 51 644 237 64 647 5141 114 378 109 68 166 44 142 252
leaf_count=49545 228 819 452 77 2959 3002 564 320 40 48 203 48 82 43 43 7393 51 644 237 64 647 5141 114 378 109 68 166 44 142 252
internal_value=2.23987e-12 -0.00017297 0.00127494 0.000187226 0.00150917 0.00119059 0.000629338 0.00105274 -0.000285617 0.00143511 0.000893866 0.00106036 0.00107301 0.000964294 0.00252862 0.000114631 0.000755456 0.000853605 0.00190332 0.0012729 0.00144205 -4.30061e-05 0.000358022 0.00100918 -0.000214698 0.00207466 0.0018512 -2.0674e-05 0.000246619 0.00104491
internal_weight=73923 65092 8831 15507 6480 3355 2351 1200 49585 880 1790 1587 3084 1539 271 14307 1259 1208 280 832 768 6520 1379 560 561 182 3125 121 7787 394
internal_count=73923 65092 8831 15507 6480 3355 2351 1200 49585 880 1790 1587 3084 1539 271 14307 1259 1208 280 832 768 6520 1379 560 561 182 3125 121 7787 394
is_linear=0
shrinkage=0.03


Tree=74
num_leaves=31
num_cat=0
split_feature=30 33 1 32 35 21 35 57 8 35 8 35 35 33 38 67 33 21 15 30 59 6 54 74 7 55 53 30 36 41
split_gain=17.0428 2.76743 1.3961 0.738189 0.723501 0.553315 0.588204 0.551798 0.495418 0.403348 0.463043 0.390529 0.385988 0.384708 0.345115 0.312069 0.309915 0.290815 0.290165 0.289117 0.288967 0.285015 0.311445 0.433971 0.283259 0.311761 0.360843 0.27814 0.436088 0.277889
threshold=7.6458332538604745 2.3229166269302373 1.5000000000000002 14.291843414306642 0.31866537034511572 0.45500000000000007 0.2152509689331055 17.875000000000004 0.45633333333333342 0.030776515603065494 0.12708333333333335 0.70659971237182628 0.48808848857879644 17.041666984558109 0.41824072599411016 9.5000000000000018 16.033333778381351 0.18500000000000003 -0.31403337100058404 21.645833015441898 0.40431206764007727 0.6150000000000001 21.500000000000004 742.95000000000016 0.25166666666666676 29.450000000000003 29.500000000000004 6.3875000476837167 0.33159847557544714 0.43475259840488439
decision_type=10 10 10 10 8 2 8 10 10 8 8 10 10 8 10 10 8 2 8 10 8 10 10 2 8 10 10 10 8 8
left_child=1 9 3 7 -3 6 14 15 11 -1 -11 17 -12 18 -4 -2 21 24 -9 20 -5 -8 -23 -24 -6 26 -26 28 -10 -20
right_child=2 4 5 19 8 -7 16 13 27 10 12 -13 -14 -15 -16 -17 -18 -19 29 -21 -22 22 23 -25 25 -27 -28 -29 -30 -31
leaf_value=-0.00028552067723975656 0.0020106490495125301 0.00020182225251408919 5.0080476751860173e-05 0.002179703541665471 -1.9873609739685586e-05 0.0037326131039299069 0.00077463672768975631 0.0028787119573680684 -0.00014148713863822957 0.00048289225009414706 -0.00013508950814480504 0.0040298730214225476 -0.0030898234967608003 -0.00098652773979687833 -0.001887565899034962 0.0047969583333145041 -0.00025625770157081693 0.0027760485417613954 0.00075563164901235871 0.0030139589852706738 0.001533034888094203 0.0042858657042961568 0.00062447868343232856 0.0034554707172313047 0.0012533001027711689 -0.00038276563967354121 0.0034214325781692476 -0.0010298774764954072 0.0032080090568342707 0.0013407560034160489
leaf_weight=46445 228 8637 479 889 180 50 1231 80 129 1202 7598 47 40 82 100 43 211 95 1465 166 2070 40 172 68 369 79 85 138 48 1457
leaf_count=46445 228 8637 479 889 180 50 1231 80 129 1202 7598 47 40 82 100 43 211 95 1465 166 2070 40 172 68 369 79 85 138 48 1457
internal_value=-8.73242e-13 -0.000167781 0.00123669 0.00146389 0.000296661 0.000610458 0.000542615 0.00115487 0.000996762 -0.000250169 -6.44306e-05 0.00137146 -0.000150563 0.00104082 -0.000284573 0.00245276 0.000820746 0.00121683 0.0010962 0.00179567 0.00172732 0.000971141 0.00183506 0.00142659 0.00100908 0.00135657 0.00165923 -2.02873e-05 0.000766851 0.00104739
internal_weight=73923 65092 8831 6480 9807 2351 2301 3355 1170 55285 8840 855 7638 3084 579 271 1722 808 3002 3125 2959 1511 280 240 713 533 454 315 177 2922
internal_count=73923 65092 8831 6480 9807 2351 2301 3355 1170 55285 8840 855 7638 3084 579 271 1722 808 3002 3125 2959 1511 280 240 713 533 454 315 177 2922
is_linear=0
shrinkage=0.03


Tree=75
num_leaves=31
num_cat=0
split_feature=30 33 1 35 32 6 57 8 33 26 35 20 15 33 9 53 8 58 14 21 34 10 21 67 58 14 53 32 14 17
split_gain=16.0356 2.61358 1.31359 0.960667 0.694562 0.527645 0.519187 0.475839 0.438663 0.433408 0.424694 0.411443 0.490846 0.361971 0.32135 0.376122 0.309966 0.502092 0.477828 0.354137 0.325058 0.408836 0.299856 0.293625 0.286489 0.281982 0.278431 0.334914 0.464091 0.359645
threshold=7.6458332538604745 0.88194444775581371 1.5000000000000002 0.31866537034511572 14.291843414306642 0.34500000000000003 17.875000000000004 0.45633333333333342 16.679487228393558 18.500000000000004 0.46770833432674414 1.0000000180025095e-35 0.15510593010593013 17.041666984558109 0.41002171478713612 26.500000000000004 0.25450000000000012 0.38995711209478306 0.065000000000000016 0.115 3.08856213092804 0.35025773195876292 0.15500000000000003 9.5000000000000018 0.33407540040604566 0.24500000000000011 24.500000000000004 10.996103763580324 0.11999999999999997 8.5000000000000018
decision_type=10 10 10 8 10 10 10 10 8 2 10 2 8 8 10 8 8 10 10 2 10 8 2 10 10 10 10 10 10 2
left_child=1 10 4 16 6 14 23 11 9 25 -1 -5 -13 26 15 -4 17 18 -3 -19 -18 -22 24 -2 -11 -7 -8 29 -29 -28
right_child=2 3 5 7 -6 8 13 -9 -10 22 -12 12 -14 -15 -16 -17 20 19 -20 -21 21 -23 -24 -25 -26 -27 27 28 -30 -31
leaf_value=-0.00026656077955463839 0.0019503295621267935 0.00046371897637446897 0.00093720724202876727 0.0010203538172019991 0.0017417958991897157 0.0016868397972747077 0.0013731977906723594 1.8334267006139271e-06 -0.00070451777274138292 0.0028737652663181983 -0.0033590242312056943 0.00027893050363802878 0.0036504335484676444 -0.00095693192950154578 -0.0012768842294662906 -0.00023917895014440054 -0.00015341423206592067 -2.0541616344584818e-05 0.0017422949229662994 0.0010758746482212582 -0.00030532026526614866 0.00032935888102211862 0.0027701978613209398 0.0046530495729936328 0.00042024609268442414 0.0040065316662023015 -0.0010039818145595679 0.00083353438639659531 0.0025263918649985409 0.00065506146971001131
leaf_weight=49545 228 992 455 697 3125 331 1396 320 120 46 40 56 127 82 131 529 4976 2471 358 297 1181 4032 62 43 622 55 149 716 183 558
leaf_count=49545 228 992 455 697 3125 331 1396 320 120 46 40 56 127 82 131 529 4976 2471 358 297 1181 4032 62 43 622 55 149 716 183 558
internal_value=5.37093e-12 -0.000162748 0.00119959 0.00017718 0.00141998 0.000592144 0.00112022 0.000992499 0.00101901 0.00120434 -0.000269055 0.00135274 0.00261872 0.00100959 0.000118952 0.00030478 0.000108795 0.000328443 0.000802778 9.71013e-05 2.00218e-05 0.000185573 0.000774436 0.00237917 0.000589201 0.00201737 0.00106331 0.000793942 0.00117813 0.000305419
internal_weight=73923 65092 8831 15507 6480 2351 3355 1200 1236 1116 49585 880 183 3084 1115 984 14307 4118 1350 2768 10189 5213 730 271 668 386 3002 1606 899 707
internal_count=73923 65092 8831 15507 6480 2351 3355 1200 1236 1116 49585 880 183 3084 1115 984 14307 4118 1350 2768 10189 5213 730 271 668 386 3002 1606 899 707
is_linear=0
shrinkage=0.03


Tree=76
num_leaves=31
num_cat=0
split_feature=31 31 34 6 1 14 56 39 54 50 26 14 30 57 26 58 33 62 54 66 8 33 33 6 7 27 8 36 64 38
split_gain=15.0929 1.89653 1.71421 0.583648 0.530839 0.454218 0.516876 0.519677 0.417264 0.410612 0.49891 0.439995 0.379839 0.548726 0.420414 0.367391 0.320304 0.319449 0.313478 0.306775 0.302233 0.470591 0.403823 0.313423 0.301565 0.292499 0.2888 0.345296 0.318247 0.286724
threshold=6.1956338882446298 11.704053401947023 1.9023064374923708 0.35500000000000004 2.5000000000000004 0.27500000000000008 25.441816439178361 0.26712584495544439 33.166666666666679 0.36969967186450964 38.500000000000007 -0.12000000000000001 20.062500000000004 28.345238095238098 26.500000000000004 0.3935562521769419 2.3229166269302373 24.416666666666671 23.833333333333339 68.500000000000014 0.47900000000000004 10.303846359252931 13.345237731933596 0.20500000000000004 0.37166666666666676 7.0708811283111581 0.26633333333333342 0.033345693722367294 1.0000000180025095e-35 0.25985807180404669
decision_type=10 10 8 8 8 10 10 10 10 8 2 10 10 8 2 10 8 10 10 8 10 8 10 8 8 10 8 8 2 8
left_child=2 4 -1 -3 5 8 19 -8 20 -6 17 -12 13 14 -5 26 -17 18 -11 -7 23 -22 -23 24 -2 -25 27 -4 -29 -19
right_child=1 3 15 12 9 6 7 -9 -10 10 11 -13 -14 -15 -16 16 -18 29 -20 -21 21 22 -24 25 -26 -27 -28 28 -30 -31
leaf_value=-0.00025626871566545391 0.00064659889418612994 0.0001469654725258087 -0.00036319252703106026 0.0021858145752808567 -0.0012522725723702311 0.0045455535797223655 0.0035068732351064683 -0.00024885720756304049 -0.00011937565427108996 0.00015819073397177553 0.0035464804033815325 0.00051968805756176756 0.0024254178201965986 0.0010331933707083151 0.0014286521155094929 -0.00029609699111474353 0.00012449428429909108 0.00054162925393481183 0.0029523268114665852 0.0018225006613494387 -1.0263658445223831e-05 0.0014604059671874579 -0.00065892553869058789 0.0017086882541635419 -0.0016486033064021324 0.00090569592813613986 0.00018091589918794025 0.00050490106685865152 0.0014793193857092803 -0.0010941219271262525
leaf_weight=50216 223 301 240 1011 189 73 45 126 501 124 70 113 375 1872 1901 2255 5876 145 51 76 801 488 97 618 67 1203 3300 790 488 288
leaf_count=50216 223 301 240 1011 189 73 45 126 501 124 70 113 375 1872 1901 2255 5876 145 51 76 801 488 97 618 67 1203 3300 790 488 288
internal_value=-3.56555e-14 0.0010387 -0.000176907 0.00143107 0.000634332 0.000777392 0.00186496 0.000739493 0.000690343 3.99215e-06 0.000304162 0.00167748 0.00150599 0.00143392 0.00169153 0.000130857 7.85017e-06 -0.000109188 0.000972482 0.00315661 0.000806348 0.000462151 0.001109 0.00103233 0.000116328 0.00117821 0.000338447 0.000680905 0.000876979 -0.000546353
internal_weight=73923 10758 63165 5460 5298 4318 320 171 3998 980 791 183 5159 4784 2912 12949 8131 608 175 149 3497 1386 585 2111 290 1821 4818 1518 1278 433
internal_count=73923 10758 63165 5460 5298 4318 320 171 3998 980 791 183 5159 4784 2912 12949 8131 608 175 149 3497 1386 585 2111 290 1821 4818 1518 1278 433
is_linear=0
shrinkage=0.03


Tree=77
num_leaves=31
num_cat=0
split_feature=30 33 34 35 6 53 35 8 26 35 20 75 6 9 57 42 35 30 21 55 33 13 42 34 26 9 20 12 35 62
split_gain=14.2276 2.33754 1.20198 0.861274 0.762247 0.507295 0.476426 0.436128 0.434568 0.404236 0.385356 0.476191 0.434333 0.358592 0.374922 0.35148 0.336451 0.316761 0.322117 0.307241 0.360188 0.390254 0.339567 0.331704 0.353566 0.303409 0.297862 0.401354 0.285431 0.274874
threshold=7.6458332538604745 0.88194444775581371 13.858058452606203 0.31866537034511572 0.45500000000000007 26.500000000000004 0.90161287784576427 0.45633333333333342 23.500000000000004 0.46770833432674414 1.0000000180025095e-35 1.0000000180025095e-35 0.62500000000000011 0.42185794848346297 26.226495726495731 0.30568869411945349 0.78679654002189647 10.645833492279055 0.10500000000000002 23.900000000000002 8.0333333015441912 -1.0000000180025095e-35 0.53381091356277477 10.074536800384523 59.500000000000007 0.52661771229931931 1.0000000180025095e-35 0.28992521636861979 0.26087030768394476 21.583333333333339
decision_type=10 10 10 8 10 8 8 10 2 10 2 2 8 8 10 8 10 10 2 10 10 10 10 10 2 10 2 8 10 10
left_child=1 9 4 26 5 19 13 10 16 -1 -5 12 -12 14 -4 25 29 -17 -19 22 -21 -22 23 -2 -25 -10 -3 -28 -27 -6
right_child=2 3 6 7 8 -7 -8 -9 15 -11 11 -13 -14 -15 -16 17 -18 18 -20 20 21 -23 -24 24 -26 28 27 -29 -30 -31
leaf_value=-0.0002514019778440419 -0.00024463073753003126 5.5643016181887802e-05 0.001698850380304228 0.0009633719373776322 0.003982725514797494 7.8172300469553884e-05 0.0040217360374178194 -8.260525485184189e-06 0.0016048605582038833 -0.0032684605704853308 0.00033191740420244803 0.004875525344436432 0.0040703894146831661 0.0016690403392943661 -0.0003097104797154072 0.00027736163250355003 0.0035904184677056036 0.0012369389998975388 0.0030113770174229459 0.00035773432016796664 0.0040479796998010107 0.0014415380579762811 -0.0022663034039682572 0.00079531602528847901 0.0038942218089609276 0.0012966338312088617 0.0011803600454662849 0.00015612645933120079 -0.00049015026857266418 0.0014350131146960903
leaf_weight=49545 218 12753 157 697 40 1315 72 320 127 40 88 54 41 2655 179 293 80 1316 99 257 58 476 42 157 42 106 515 1039 334 808
leaf_count=49545 218 12753 157 697 40 1315 72 320 127 40 88 54 41 2655 179 293 80 1316 99 257 58 476 42 157 42 106 515 1039 334 808
internal_value=6.26774e-12 -0.000153299 0.00112994 0.000168177 0.000874893 0.000489511 0.00161023 0.000940167 0.00118351 -0.000253836 0.00128505 0.00251024 0.00152011 0.00155218 0.000628813 0.000960332 0.00173064 0.00117518 0.00136109 0.00092224 0.00128052 0.00172463 0.00030481 0.000563771 0.00144936 0.00031314 0.000103426 0.00049556 -5.96977e-05 0.00155519
internal_weight=73923 65092 8831 15507 5768 2565 3063 1200 3203 49585 880 183 129 2991 336 2275 928 1708 1415 1250 791 534 459 417 199 567 14307 1554 440 848
internal_count=73923 65092 8831 15507 5768 2565 3063 1200 3203 49585 880 183 129 2991 336 2275 928 1708 1415 1250 791 534 459 417 199 567 14307 1554 440 848
is_linear=0
shrinkage=0.03


Tree=78
num_leaves=31
num_cat=0
split_feature=34 33 6 35 34 53 35 12 20 33 26 35 8 31 63 7 57 13 14 27 10 8 22 12 62 14 17 55 73 55
split_gain=13.4221 1.98379 1.57243 0.931234 0.553245 0.43844 0.430546 0.411767 0.40645 0.389797 0.387381 0.415385 0.520786 0.38558 0.373687 0.352904 0.352815 0.349539 0.347596 0.331325 0.323648 0.319788 0.349315 0.30292 0.295015 0.287364 0.465964 0.379405 0.270929 0.302573
threshold=7.232051134109498 0.88194444775581371 0.43500000000000005 0.48074074089527136 13.858058452606203 26.500000000000004 0.90161287784576427 0.33514904699741543 1.0000000180025095e-35 9.3452377319335955 31.500000000000004 0.15301003307104113 0.48266666666666674 19.904785156250004 -0.036796849521001783 0.68166666666666675 25.207142857142859 1.0000000180025095e-35 -0.56499999999999984 17.500000000000004 0.32240143369175633 0.26225000000000009 22.500000000000004 0.49922252479764234 24.916666666666671 0.31500000000000011 16.500000000000004 26.366666666666671 872.05000000000007 23.700000000000006
decision_type=10 10 8 8 10 10 8 8 2 10 2 10 8 10 10 8 10 8 8 10 8 10 2 8 10 10 2 10 2 10
left_child=1 -1 5 10 13 9 7 -6 16 -2 11 -3 14 17 -13 -15 28 25 -7 23 -16 -11 -23 -18 -24 -4 -27 -28 29 -5
right_child=2 3 4 8 6 18 -8 -9 -10 21 -12 12 -14 15 20 -17 19 -19 -20 -21 -22 22 24 -25 -26 26 27 -29 -30 -31
leaf_value=-0.00024746454335990864 0.00051565591319880451 8.0789141694743871e-05 0.0010307065353697235 0.00010297476965524323 -0.0012753997876478189 0.00293072322383523 0.0039702425241752359 0.0016527945105841743 0.0030007302997278437 0.0039784538727586291 -5.7165534313515395e-05 0.0015661275833637794 0.00011968315760586805 0.0042205021925843678 -4.342737542766115e-05 0.0014276106745312247 0.00019784986484246177 -5.462945428717718e-05 9.9064884499289768e-05 0.0017815114136890701 0.0010983641142793203 0.00037546103169068187 0.00076425519595957456 -0.0031366338602426213 0.0025488345236026194 0.0036405518571572268 0.002383883046054774 -0.00098434547803157718 0.0035049524021910894 0.0027295269159003507
leaf_weight=49486 1111 4626 3038 103 44 40 71 2441 114 42 6930 539 1341 65 418 109 61 251 1585 53 480 236 135 41 218 102 68 54 57 64
leaf_count=49486 1111 4626 3038 103 44 40 71 2441 114 42 6930 539 1341 65 418 109 61 251 1585 53 480 236 135 41 218 102 68 54 57 64
internal_value=-3.07915e-12 -0.000156262 0.00104576 0.00014813 0.00132757 0.000523215 0.00166676 0.00160095 0.00143012 0.000853856 0.000104037 0.00025492 0.000544888 0.00109243 0.000941687 0.00247093 0.000957692 0.00102416 0.000168767 -0.000142665 0.000566884 0.00144933 0.00126898 -0.00114248 0.00186635 0.00110716 0.00214413 0.000893028 0.0017191 0.00110956
internal_weight=73923 64313 9610 14827 6243 3367 2556 2485 493 1742 14334 7404 2778 3687 1437 174 379 3513 1625 155 898 631 589 102 353 3262 224 122 224 167
internal_count=73923 64313 9610 14827 6243 3367 2556 2485 493 1742 14334 7404 2778 3687 1437 174 379 3513 1625 155 898 631 589 102 353 3262 224 122 224 167
is_linear=0
shrinkage=0.03


Tree=79
num_leaves=31
num_cat=0
split_feature=34 33 6 35 34 53 35 12 20 33 26 35 8 31 63 54 7 57 14 27 10 8 22 12 62 14 73 55 12 8
split_gain=12.6289 1.86654 1.4795 0.876198 0.520548 0.412528 0.405101 0.387431 0.382429 0.36676 0.364487 0.390836 0.490007 0.362792 0.351602 0.333432 0.332047 0.331964 0.327053 0.311744 0.30452 0.300889 0.328671 0.285018 0.279268 0.255819 0.254917 0.284691 0.254679 0.325082
threshold=7.232051134109498 0.88194444775581371 0.43500000000000005 0.48074074089527136 13.858058452606203 26.500000000000004 0.90161287784576427 0.33514904699741543 1.0000000180025095e-35 9.3452377319335955 31.500000000000004 0.15301003307104113 0.48266666666666674 19.904785156250004 -0.036796849521001783 27.166666666666668 0.68166666666666675 25.207142857142859 -0.56499999999999984 17.500000000000004 0.32240143369175633 0.26225000000000009 22.500000000000004 0.49922252479764234 29.083333333333339 0.15500000000000003 872.05000000000007 23.700000000000006 0.56864009790537018 0.61900000000000022
decision_type=10 10 8 8 10 10 8 8 2 10 2 10 8 10 10 8 8 10 8 10 8 10 2 8 10 10 2 10 10 10
left_child=1 -1 5 10 13 9 7 -6 17 -2 11 -3 14 15 -13 25 -15 26 -7 23 -16 -11 -23 -19 -24 -4 27 -5 29 -27
right_child=2 3 4 8 6 18 -8 -9 -10 21 -12 12 -14 16 20 -17 -18 19 -20 -21 -22 22 24 -25 -26 28 -28 -29 -30 -31
leaf_value=-0.00024004060745665728 0.00050018624008462808 7.8365466005808566e-05 0.0010800284763394844 9.9885523874760206e-05 -0.0012371378112584351 0.0028428015033714472 0.0038511352818811793 0.001603210677378068 0.0029107083598041514 0.0038591002533212302 -5.5450568079814037e-05 0.0015191437643862493 0.00011609265870411809 0.0040938870876740955 -4.2124557347564942e-05 0.00068055146622906593 0.0013847823598162579 0.00019191437813102221 9.6092933912449166e-05 0.0017280660555610116 0.0010654131897210844 0.00036419719451953565 0.0014796573687264896 -0.0030425348454907464 0.0039634173092967335 0.0017992307209594861 0.0033998038739848292 0.0026476410982832019 -0.00031951411042317019 0.0042786411798026941
leaf_weight=49486 1111 4626 1462 103 44 40 71 2441 114 42 6930 539 1341 65 418 1637 109 61 1585 53 480 236 306 41 47 317 57 64 41 56
leaf_count=49486 1111 4626 1462 103 44 40 71 2441 114 42 6930 539 1341 65 418 1637 109 61 1585 53 480 236 306 41 47 317 57 64 41 56
internal_value=-3.21061e-12 -0.000151575 0.00101438 0.000143686 0.00128775 0.000507519 0.00161676 0.00155292 0.00138722 0.000828241 0.000100916 0.000247273 0.000528542 0.00105966 0.000913437 0.000993431 0.0023968 0.000928962 0.000163704 -0.000138385 0.000549878 0.00140585 0.00123091 -0.00110821 0.00181036 0.00126645 0.00166753 0.00107627 0.00192478 0.00217147
internal_weight=73923 64313 9610 14827 6243 3367 2556 2485 493 1742 14334 7404 2778 3687 1437 3513 174 379 1625 155 898 631 589 102 353 1876 224 167 414 373
internal_count=73923 64313 9610 14827 6243 3367 2556 2485 493 1742 14334 7404 2778 3687 1437 3513 174 379 1625 155 898 631 589 102 353 1876 224 167 414 373
is_linear=0
shrinkage=0.03


Tree=80
num_leaves=31
num_cat=0
split_feature=34 33 1 35 33 33 21 14 6 8 28 43 53 36 27 39 57 55 62 33 33 10 27 59 52 30 27 63 8 63
split_gain=11.8825 1.76057 1.39578 0.691969 0.636142 0.500477 0.53552 0.380411 0.347238 0.339773 0.334566 0.362928 0.329478 0.422167 0.312032 0.30293 0.325446 0.302496 0.29914 0.293624 0.331171 0.29342 0.285866 0.271757 0.283717 0.269356 0.262377 0.258816 0.280681 0.345606
threshold=7.232051134109498 2.3229166269302373 1.5000000000000002 0.70659971237182628 16.519230842590336 5.9666666984558114 0.40500000000000008 0.22500000000000003 0.6150000000000001 0.11800000000000002 11.833333492279055 1.6233479976654055 28.500000000000004 0.6076599955558778 0.16608121246099475 0.49398681521415716 24.654761904761909 34.900000000000006 23.583333333333339 12.031250000000002 12.25833320617676 0.71270481780386408 14.500000000000002 0.47281006863395686 0.080128207802772536 20.437500000000004 19.500000000000004 0.080778330243130789 0.58225000000000005 -0.075373389382977177
decision_type=10 10 8 8 8 10 2 10 10 8 10 10 10 10 10 10 8 10 10 10 10 8 10 10 10 10 10 10 8 10
left_child=1 9 4 7 10 22 8 -3 12 14 -2 17 13 -7 -1 -6 -17 19 -10 27 -21 23 -4 24 -9 -18 -13 28 -12 -30
right_child=2 3 5 -5 15 6 -8 21 18 -11 11 26 -14 -15 -16 16 25 -19 -20 20 -22 -23 -24 -25 -26 -27 -28 -29 29 -31
leaf_value=-0.00010260466001835159 0.00074581936428326295 0.00015518538909180442 0.00011737164997373569 0.0028679226759397371 0.0026669061891427519 0.0010156825158985589 0.0032866997735523807 0.0014057688134822897 0.0036945741108673461 -0.00023625786013934958 0.003484974441941761 0.00024490925542440848 7.5002782665094245e-05 -0.0019575923414280015 0.00045702129965208656 0.0026764821038785867 0.0012110118702860872 -0.00059437434316887596 0.0011871301155475889 -0.0010882213324657642 0.001446714305860404 0.0002545439875603398 -0.001785147246095891 -0.00023407183148347856 0.0037157885259261631 0.0022568294417970713 0.001804940576631842 0.0004306487830525095 0.0039387131807189892 0.0006324978548312379
leaf_weight=4358 1871 8502 1098 89 254 957 73 222 51 49553 168 422 834 45 1129 205 1217 61 267 48 1377 333 76 66 61 271 126 55 41 93
leaf_count=4358 1871 8502 1098 89 254 957 73 222 51 49553 168 422 834 45 1129 205 1217 61 267 48 1377 333 76 66 61 271 126 55 41 93
internal_value=5.55871e-13 -0.000147027 0.000983951 0.000235381 0.00125154 0.000495439 0.00075967 0.00020987 0.000674028 -0.000211455 0.00104629 0.00128142 0.000515506 0.000882152 1.25435e-05 0.00170081 0.00155587 0.00148297 0.00158927 0.00155408 0.00136133 0.000891581 -5.78971e-06 0.00149941 0.00190369 0.00140148 0.000603603 0.00232345 0.00266816 0.0016441
internal_weight=73923 64313 9610 9273 6209 3401 2227 9184 2154 55040 4262 2391 1836 1002 5487 1947 1693 1843 318 1782 1425 682 1174 349 283 1488 548 357 302 134
internal_count=73923 64313 9610 9273 6209 3401 2227 9184 2154 55040 4262 2391 1836 1002 5487 1947 1693 1843 318 1782 1425 682 1174 349 283 1488 548 357 302 134
is_linear=0
shrinkage=0.03


Tree=81
num_leaves=31
num_cat=0
split_feature=30 33 1 35 41 21 35 8 35 35 38 35 7 34 42 56 28 53 29 33 22 11 59 67 12 6 8 63 53 10
split_gain=11.1852 1.85149 1.01374 0.611227 0.503772 0.474936 0.480277 0.387626 0.383391 0.342057 0.328009 0.311769 0.334653 0.363188 0.309525 0.302189 0.285263 0.300559 0.357534 0.284502 0.350638 0.348906 0.284479 0.278814 0.281691 0.27308 0.306547 0.512293 0.3286 0.298735
threshold=7.6458332538604745 1.5166666507720949 1.5000000000000002 0.31866537034511572 0.58235868811607372 0.45500000000000007 0.2152509689331055 0.45633333333333342 0.46770833432674414 0.70659971237182628 0.41824072599411016 0.3483316451311112 0.67166666666666686 8.9572725296020526 0.70060348510742199 27.260342213440378 11.833333492279055 17.500000000000004 8.2249999046325701 12.63068199157715 16.500000000000004 0.55315570141167891 0.40758153532462188 8.5000000000000018 0.43262245322466469 0.055000000000000007 0.25450000000000012 -0.11036609810842669 22.500000000000004 0.32240143369175633
decision_type=10 10 10 8 8 2 8 10 10 10 10 10 8 10 10 10 10 10 10 8 2 8 8 10 10 8 8 10 10 10
left_child=1 8 4 25 16 6 10 9 -1 -5 -4 15 13 -13 -15 -6 17 18 -2 20 -8 -21 -18 24 -20 -3 27 28 -27 -29
right_child=2 3 5 7 11 -7 19 -9 -10 -11 -12 12 -14 14 -16 -17 22 -19 23 21 -22 -23 -24 -25 -26 26 -28 29 -30 -31
leaf_value=-0.0002115393728210674 0.0040762890208229097 -0.00037551377180751781 -1.5815798728994146e-05 0.0010217404419492493 0.0042001887638587502 0.003360824568942189 0.0014364665915233815 -5.837062542889056e-05 -0.0031497119225095955 0.0036266996804624795 -0.0019048323037277439 -0.0013418864969779471 0.0017292024072234559 0.0012987905651462362 -0.0010069215364222016 0.0014168394778177819 0.0017486116114643195 0.00054867931840141564 -0.00080954106191638857 0.00072749227369818222 0.00042823733533396078 -0.00092184586344519622 0.00099470267780767249 0.0030611336935425595 0.0019357076327156154 0.0027683125366281744 7.9318258751364331e-05 0.0002034920230386937 0.00062154486936877567 0.0014655363100354332
leaf_weight=52592 46 904 479 827 75 50 577 318 40 48 100 56 1456 815 56 66 634 1535 75 273 672 200 1556 49 61 133 7993 1928 124 185
leaf_count=52592 46 904 479 827 75 50 577 318 40 48 100 56 1456 815 56 66 634 1535 75 273 672 200 1556 49 61 133 7993 1928 124 185
internal_value=8.6585e-13 -0.000135923 0.00100187 0.000192916 0.00119548 0.000468241 0.000405386 0.000838641 -0.000213772 0.00116464 -0.000342071 0.00152663 0.00144553 0.00099998 0.00115055 0.00289734 0.000984193 0.000700504 0.00170938 0.000656709 0.000894009 3.00977e-05 0.00121296 0.00112085 0.000421784 0.000124544 0.000168166 0.000467812 0.00173252 0.000313988
internal_weight=73923 65092 8831 12460 6480 2351 2301 1193 52632 875 579 2524 2383 927 871 141 3956 1766 231 1722 1249 473 2190 185 136 11267 10363 2370 257 2113
internal_count=73923 65092 8831 12460 6480 2351 2301 1193 52632 875 579 2524 2383 927 871 141 3956 1766 231 1722 1249 473 2190 185 136 11267 10363 2370 257 2113
is_linear=0
shrinkage=0.03


Tree=82
num_leaves=31
num_cat=0
split_feature=34 33 6 35 34 9 53 26 35 26 56 21 41 13 33 37 9 10 8 21 26 66 14 5 62 17 8 35 76 31
split_gain=10.5512 1.57909 1.28181 0.755502 0.449892 0.378758 0.374278 0.366299 0.354195 0.335471 0.35374 0.332639 0.382294 0.33238 0.330804 0.436726 0.360848 0.319631 0.318034 0.309768 0.308752 0.329467 0.302651 0.291585 0.291318 0.325024 0.289677 0.373202 0.263349 0.260471
threshold=7.232051134109498 0.88194444775581371 0.43500000000000005 0.48074074089527136 13.858058452606203 0.42185794848346297 26.500000000000004 23.500000000000004 0.90161287784576427 31.500000000000004 28.266051954887111 0.47500000000000009 0.27668987214565283 1.0000000180025095e-35 10.303846359252931 0.45266877114772802 0.41407478007065829 0.60817776539426027 0.11291666666666669 0.10500000000000002 26.500000000000004 33.500000000000007 -0.56499999999999984 1.0000000180025095e-35 24.583333333333339 2.5000000000000004 0.47100000000000003 0.15301003307104113 1.0000000180025095e-35 19.904785156250004
decision_type=10 10 8 8 10 8 10 2 8 2 10 2 8 8 10 8 10 8 10 2 2 8 8 2 10 2 8 10 2 10
left_child=1 -1 6 9 13 -6 11 17 -7 10 26 12 18 19 15 16 -9 -5 -2 20 21 -4 -8 -22 25 -14 27 -3 -19 -23
right_child=2 3 4 7 5 8 22 14 -10 -11 -12 -13 24 -15 -16 -17 -18 28 -20 -21 23 29 -24 -25 -26 -27 -28 -29 -30 -31
leaf_value=-0.00021991578348542679 0.0023478220120502881 0.00032211902515104525 0.0037469665249809624 0.00093070865695124431 -0.0010978893844876437 0.0014781914198283704 0.002705131446593441 0.0022120427456684411 0.0036277745560165755 -5.6700461985614805e-05 -5.3917841017434004e-05 0.0033667319915582274 -0.0019537906493465214 -7.0997821601970185e-05 -0.00073063293723802942 0.0038970633179870556 -0.00094815575658724121 0.0043683285628621643 -7.7554034500179917e-05 0.0021060600266480769 0.0008306882192883698 0.0011566019935644032 6.2880645918495334e-05 -0.00084622967838575793 0.0014460173872123663 0.00072296234740274823 0.00013152648326754485 0.0010604832788440137 0.0013940914573946168 0.0033945199324540336
leaf_weight=49486 53 1662 50 93 50 2435 40 60 71 6930 2532 43 46 257 107 46 71 74 594 232 1955 1046 1585 98 643 363 2231 979 42 49
leaf_count=49486 53 1662 50 93 50 2435 40 60 71 6930 2532 43 46 257 107 46 71 74 594 232 1955 1046 1585 98 643 363 2231 979 42 49
internal_value=5.2399e-12 -0.000138547 0.000927195 0.000133028 0.00118164 0.00148751 0.000455408 0.00128774 0.00153909 9.33135e-05 0.000233724 0.0007609 0.000694949 0.000969599 0.000586235 0.00138231 0.000499263 0.00224098 0.000121124 0.00104757 0.000970779 0.00136549 0.000127921 0.000750641 0.00104786 0.000421909 0.000383212 0.000595825 0.00329145 0.00125675
internal_weight=73923 64313 9610 14827 6243 2556 3367 493 2506 14334 7404 1742 1699 3687 284 177 131 209 647 3430 3198 1145 1625 2053 1052 409 4872 2641 116 1095
internal_count=73923 64313 9610 14827 6243 2556 3367 493 2506 14334 7404 1742 1699 3687 284 177 131 209 647 3430 3198 1145 1625 2053 1052 409 4872 2641 116 1095
is_linear=0
shrinkage=0.03


Tree=83
num_leaves=31
num_cat=0
split_feature=32 31 35 9 54 6 21 6 56 1 33 37 5 57 30 27 9 15 17 61 14 28 34 6 11 66 21 66 52 9
split_gain=9.9411 1.62569 0.920688 0.556269 0.511966 0.536376 0.461963 0.458537 0.4475 0.380952 0.409824 0.387229 0.333878 0.359857 0.412012 0.365501 0.300947 0.274842 0.269307 0.274676 0.268851 0.266578 0.256781 0.322146 0.344491 0.252496 0.245965 0.241822 0.238803 0.238668
threshold=5.1860234737396249 11.704053401947023 0.030776515603065494 0.23778411589119655 33.166666666666679 0.055000000000000007 0.36500000000000005 0.35500000000000004 24.052289393897272 2.5000000000000004 7.3603897094726571 0.29119373857975012 1.0000000180025095e-35 24.322916666666668 20.437500000000004 19.500000000000004 0.27593807811945281 0.39159850307404448 2.5000000000000004 6.166666666666667 0.12000000000000005 7.8333332538604745 3.1507576704025273 0.39500000000000007 0.46472722214630674 47.500000000000007 0.57500000000000018 69.500000000000014 0.3839376568794251 0.48276821725020708
decision_type=10 10 8 8 10 8 2 8 10 10 10 10 2 8 10 10 8 8 2 8 8 10 8 8 8 8 2 8 8 8
left_child=2 4 -1 8 5 -2 9 18 -4 -7 11 -11 13 15 28 27 -8 -18 -3 -20 26 -12 -5 -24 -25 -22 -10 29 -15 -9
right_child=1 7 3 22 -6 6 16 12 20 10 21 -13 -14 14 -16 -17 17 -19 19 -21 25 -23 23 24 -26 -27 -28 -29 -30 -31
leaf_value=-0.00022031653532432105 -0.00063917737536162448 -0.0021435439746445889 0.00087211143707210763 -0.00016849488578897016 -0.00025551910295895869 0.00066277212085443893 0.004073215360986069 0.0037364181444059967 -6.4116968900803034e-05 -0.00028023450317441346 0.0024324266458279451 -0.0028187359892763194 0.00023539649184918166 0.00010924840751061916 0.0022799697395724551 0.0028561178273073008 0.0022222588708003359 -0.00031817207382501742 0.0024969899460025456 -6.1465471913161904e-05 -0.00060139706932478445 0.00018610977394772427 -0.00028787277581986316 0.0011812757466722651 0.00018137980115989457 0.0010441808265319039 0.0017974459326995367 0.0010357035353092837 0.0011278994844798416 0.0017183737284978161
leaf_weight=47038 317 44 1115 6793 776 4954 48 63 1988 349 72 64 287 221 270 222 117 57 46 211 103 140 1158 354 2501 453 66 473 3299 324
leaf_count=47038 317 44 1115 6793 776 4954 48 63 1988 349 72 64 287 221 270 222 117 57 46 211 103 140 1158 354 2501 453 66 473 3299 324
internal_value=-4.00568e-12 0.000776651 -0.000155837 5.2887e-05 0.000470386 0.000562459 0.000628124 0.00116335 0.000369031 0.00057472 -0.000123217 -0.00067361 0.00122976 0.00128834 0.00115057 0.00177088 0.00197019 0.00139005 2.51707e-05 0.000396468 0.000154114 0.00094901 -5.60929e-05 0.000134175 0.00030536 0.000739335 -4.30044e-06 0.00149074 0.00106394 0.00204689
internal_weight=73923 12354 61569 14531 6894 6118 5801 5460 3725 5579 625 413 5159 4872 3790 1082 222 174 301 257 2610 212 10806 4013 2855 556 2054 860 3520 387
internal_count=73923 12354 61569 14531 6894 6118 5801 5460 3725 5579 625 413 5159 4872 3790 1082 222 174 301 257 2610 212 10806 4013 2855 556 2054 860 3520 387
is_linear=0
shrinkage=0.03


Tree=84
num_leaves=31
num_cat=0
split_feature=34 33 6 35 34 21 9 18 9 6 26 54 53 35 21 41 8 62 31 7 35 45 13 31 14 17 7 10 7 41
split_gain=9.38799 1.40284 1.14559 0.696386 0.404176 0.399473 0.469419 0.35786 0.354957 0.33936 0.367798 0.342506 0.331674 0.327761 0.320265 0.354284 0.332662 0.319043 0.314886 0.317565 0.310021 0.369373 0.302609 0.288889 0.278696 0.275696 0.268786 0.250551 0.266373 0.249762
threshold=7.232051134109498 0.88194444775581371 0.43500000000000005 0.70659971237182628 13.858058452606203 0.13500000000000004 0.35827527629804851 1.0000000180025095e-35 0.42185794848346297 0.025000000000000005 22.500000000000004 32.500000000000007 26.500000000000004 0.90161287784576427 0.47500000000000009 0.27668987214565283 0.11291666666666669 24.583333333333339 19.904785156250004 0.68166666666666675 0.15849281847476962 1.0260282158851626 1.0000000180025095e-35 6.1956338882446298 -0.54499999999999982 2.5000000000000004 0.39166666666666677 0.13367697594501721 0.55416666666666681 0.38318520784378057
decision_type=10 10 8 8 10 2 8 2 8 8 2 10 10 8 2 8 10 10 10 8 10 10 8 10 8 2 8 8 8 10
left_child=1 -1 7 5 18 9 23 12 -6 -3 11 20 14 -10 15 16 -2 25 22 -20 -11 27 26 -7 -14 -17 -4 -22 -29 -24
right_child=2 3 4 -5 8 6 -8 -9 13 10 -12 -13 24 -15 -16 17 -18 -19 19 -21 21 -23 29 -25 -26 -27 -28 28 -30 -31
leaf_value=-0.00020738028626725966 0.0023419425370453748 -0.00058340710391188114 0.0019758631548451163 0.0026855717379795875 -0.001097796060377732 0.00094906631480181941 -1.6266580347681678e-05 0.0022948407825703421 0.0013964015564028349 0.00019024102413958495 -2.7056870865153489e-05 -0.00034219789835806408 0.0023396257087687387 0.0034642156786744444 0.0032242758256968021 -0.0019027506914394705 -0.00016281513946762123 0.001367909120389844 0.003819555472725859 0.001170186336326261 -0.0014832142915394972 -0.00086134060855605639 -0.00090868208995636762 0.0027931640398843834 -5.703821539079526e-06 0.00056726420828555194 0.00085880539520513156 0.0012629456755567595 0.00047844999996658126 0.0010311444157886564
leaf_weight=49486 52 691 207 95 50 508 504 90 2435 2580 7984 646 47 71 43 46 580 627 65 109 41 125 153 90 1531 351 3055 825 738 98
leaf_count=49486 52 691 207 95 50 508 504 90 2435 2580 7984 646 47 71 43 46 580 627 65 109 41 125 153 90 1531 351 3055 825 738 98
internal_value=-5.05371e-12 -0.000130686 0.000874592 0.000125285 0.00111514 0.000108774 0.000658178 0.000428577 0.00140505 6.43546e-05 9.89479e-05 0.00030198 0.000377322 0.00145499 0.00066819 0.000601818 4.32725e-05 0.000946545 0.000914158 0.00215989 0.000398554 0.000709397 0.000852456 0.00122661 6.41507e-05 0.000281066 0.000929692 0.000831805 0.000892531 -0.0001513
internal_weight=73923 64313 9610 14827 6243 14732 1102 3367 2556 13630 12939 4955 3277 2506 1699 1656 632 1024 3687 174 4309 1729 3513 598 1578 397 3262 1604 1563 251
internal_count=73923 64313 9610 14827 6243 14732 1102 3367 2556 13630 12939 4955 3277 2506 1699 1656 632 1024 3687 174 4309 1729 3513 598 1578 397 3262 1604 1563 251
is_linear=0
shrinkage=0.03


Tree=85
num_leaves=31
num_cat=0
split_feature=34 33 1 35 33 33 21 21 9 6 26 54 39 6 53 36 35 46 14 57 62 27 31 27 56 11 10 73 34 10
split_gain=8.83316 1.31993 1.08167 0.65523 0.515921 0.406415 0.457014 0.375865 0.441677 0.319304 0.346061 0.322264 0.308055 0.300327 0.293904 0.402555 0.291699 0.353966 0.426183 0.291393 0.280844 0.279649 0.271815 0.270503 0.267674 0.305884 0.26037 0.277052 0.248788 0.330481
threshold=7.232051134109498 0.88194444775581371 1.5000000000000002 0.70659971237182628 16.519230842590336 5.9666666984558114 0.40500000000000008 0.13500000000000004 0.35827527629804851 0.025000000000000005 22.500000000000004 32.500000000000007 0.49398681521415716 0.6150000000000001 28.500000000000004 0.6076599955558778 0.15849281847476962 0.89032194018363964 -0.1349999999999999 24.654761904761909 23.583333333333339 24.500000000000004 6.1956338882446298 14.500000000000002 22.744219557278495 0.22082425055445504 0.64414928292046947 870.15000000000009 10.074536800384523 0.51234756097560985
decision_type=10 10 8 8 8 10 2 2 8 8 2 10 10 10 10 10 10 10 10 8 10 10 10 10 10 8 10 2 10 8
left_child=1 -1 4 7 21 23 13 9 22 -3 11 16 -6 14 15 -7 -11 -18 -19 -14 -15 24 -9 -4 26 -26 27 28 29 -2
right_child=2 3 5 -5 12 6 -8 8 -10 10 -12 -13 19 20 -16 -17 17 18 -20 -21 -22 -23 -24 -25 25 -27 -28 -29 -30 -31
leaf_value=-0.00020115887512073719 0.0015160595537907641 -0.00056590488830826602 8.643562257731374e-05 0.0026050046101506602 0.0024627496552833274 0.00090655438984608495 0.002990882038106912 0.00092059433304719166 -1.5778582527716589e-05 0.00018453379314747127 -2.6245163843172492e-05 -0.00033193195734713504 0.0024027180768110752 0.0034683844567660019 1.3832327320990855e-05 -0.00199683584831655 0.00084248010929783537 -0.0029000861796084788 0.00030349854771024231 0.0011962632444409526 0.0010388299010843144 0.0025630695087929373 0.002709369112892697 -0.0017642525285114779 -0.00079670347248403622 0.00079796404194379031 0.0027366228876986873 0.0023296440459876387 0.0012014881070353395 -0.0014736763342204163
leaf_weight=49486 56 691 1098 95 254 957 73 508 504 2580 7984 646 205 51 834 45 1531 50 148 1488 267 89 90 76 112 3240 106 142 435 82
leaf_count=49486 56 691 1098 95 254 957 73 508 504 2580 7984 646 205 51 834 45 1531 50 148 1488 267 89 90 76 112 3240 106 142 435 82
internal_value=-2.96533e-12 -0.000126766 0.000848354 0.000121526 0.00108391 0.000418307 0.000656417 0.000105511 0.000638433 6.24239e-05 9.59795e-05 0.00029292 0.00148851 0.000577301 0.000429875 0.000776163 0.000386597 0.000688115 -0.000505487 0.00134235 0.00142848 0.000899081 0.00118981 -3.33704e-05 0.000863592 0.000744682 0.00134908 0.00114338 0.000849398 -0.00026045
internal_weight=73923 64313 9610 14827 6209 3401 2227 14732 1102 13630 12939 4955 1947 2154 1836 1002 4309 1729 198 1693 318 4262 598 1174 4173 3352 821 715 573 138
internal_count=73923 64313 9610 14827 6209 3401 2227 14732 1102 13630 12939 4955 1947 2154 1836 1002 4309 1729 198 1693 318 4262 598 1174 4173 3352 821 715 573 138
is_linear=0
shrinkage=0.03


Tree=86
num_leaves=31
num_cat=0
split_feature=30 34 1 20 14 27 14 30 10 21 53 38 11 26 42 53 31 12 8 12 53 55 14 41 32 14 42 56 8 6
split_gain=8.31327 1.40818 0.812478 0.422253 0.413837 0.405141 0.513534 0.39061 0.387352 0.355011 0.348163 0.342393 0.325464 0.307558 0.303113 0.451827 0.298172 0.367616 0.29643 0.286934 0.282316 0.317135 0.326269 0.323306 0.290398 0.273222 0.382436 0.326512 0.259185 0.25104
threshold=7.6458332538604745 2.7651654481887822 1.5000000000000002 1.0000000180025095e-35 -0.23499999999999999 10.500000000000002 0.28500000000000009 13.687500000000002 0.21896404109589043 0.45500000000000007 17.500000000000004 0.26491260528564459 0.14650138274246219 2.5000000000000004 0.18070394545793536 22.500000000000004 11.449680805206301 0.38962298992718997 0.11291666666666669 0.26133493373270228 28.500000000000004 29.900000000000002 0.17500000000000007 0.27668987214565283 17.135527610778812 0.040000000000000001 0.025160253047943119 21.581562318158628 0.22100000000000003 0.76500000000000012
decision_type=10 8 10 2 8 10 8 10 8 2 8 8 8 2 10 8 10 8 8 8 8 10 10 10 10 8 8 10 10 8
left_child=1 18 7 8 -4 11 -7 10 12 20 -2 14 28 -9 -5 -16 -10 -18 25 -17 21 22 -6 -23 -22 -1 -27 -28 -3 -15
right_child=2 3 4 5 9 6 -8 13 16 -11 -12 -13 -14 29 15 19 17 -19 -20 -21 24 23 -24 -25 -26 26 27 -29 -30 -31
leaf_value=-0.0001113095464926781 0.0016969686816586743 0.00051498311170390491 -0.00079172439616718385 0.00032499760674204288 0.00038179375205504254 0.00048786851070222571 0.0038913173827734827 -0.0012428737479389053 0.00019887994322986764 0.0030986238456271746 0.00066559454391619034 -0.00056576572717293295 -0.00048126823811167212 0.0010967100595350944 0.0028505008346076275 0.0023698904154644835 0.0036675912261474874 4.7587214366478077e-05 -0.00020347008355053905 1.507907842383965e-06 -2.2233288756363627e-05 7.205146147221651e-05 0.0020193959728723189 0.0031468384972052465 0.0025887879924557634 8.8701866879844631e-05 0.0032192115319135076 0.00080717807891878142 -0.0012904924845012526 0.0016321276166516888
leaf_weight=3419 332 614 241 595 836 84 76 44 7621 47 2613 222 1494 2289 129 63 50 51 48849 171 922 46 126 93 40 1163 59 351 81 1202
leaf_count=3419 332 614 241 595 836 84 76 44 7621 47 2613 222 1494 2289 129 63 50 51 48849 171 922 46 126 93 40 1163 59 351 81 1202
internal_value=-2.84912e-13 -0.000117181 0.000863726 0.000188063 0.000385996 0.000687888 0.00210451 0.00103705 0.000120485 0.000520513 0.000781865 0.000495804 -0.00023177 0.00124965 0.000741805 0.001425 0.000220341 0.00183967 -0.000180967 0.000639149 0.000461777 0.000789822 0.000596282 0.00212928 8.63331e-05 3.9232e-05 0.000366442 0.00115428 0.000304561 0.00128106
internal_weight=73923 65092 8831 11251 2351 1340 160 6480 9911 2110 2945 1180 2189 3535 958 363 7722 101 53841 234 2063 1101 962 139 962 4992 1573 410 695 3491
internal_count=73923 65092 8831 11251 2351 1340 160 6480 9911 2110 2945 1180 2189 3535 958 363 7722 101 53841 234 2063 1101 962 139 962 4992 1573 410 695 3491
is_linear=0
shrinkage=0.03


Tree=87
num_leaves=31
num_cat=0
split_feature=34 33 6 35 28 18 14 53 21 22 34 8 21 41 8 62 26 7 32 14 29 10 62 14 13 37 36 59 52 10
split_gain=7.84119 1.1809 0.982147 0.50372 0.365846 0.327569 0.306051 0.295303 0.291542 0.297927 0.307737 0.291136 0.289783 0.311313 0.312712 0.300223 0.277555 0.264898 0.338277 0.261199 0.256423 0.253555 0.249149 0.326267 0.246076 0.241829 0.253117 0.240893 0.269632 0.229766
threshold=7.232051134109498 2.3229166269302373 0.43500000000000005 0.70659971237182628 22.500000000000004 1.0000000180025095e-35 0.22500000000000003 26.500000000000004 0.10500000000000002 74.500000000000014 13.858058452606203 0.11291666666666669 0.47500000000000009 0.27668987214565283 0.11291666666666669 24.583333333333339 3.5000000000000004 0.40833333333333349 9.9694323539733904 -0.54499999999999982 6.4500000476837167 0.71270481780386408 23.416666666666671 0.31500000000000011 1.0000000180025095e-35 0.53685408830642711 0.52435734868049633 0.47281006863395686 0.080128207802772536 0.48823366555924702
decision_type=10 10 8 8 10 2 10 10 2 2 10 8 2 8 10 10 2 10 10 8 10 8 8 10 8 10 10 10 10 10
left_child=1 11 5 6 8 7 25 12 9 10 22 16 13 14 -2 17 -1 18 20 -9 -15 27 23 -4 29 26 -3 28 -8 -24
right_child=2 3 4 -5 -6 -7 21 19 -10 -11 -12 -13 -14 15 -16 -17 -18 -19 -20 -21 -22 -23 24 -25 -26 -27 -28 -29 -30 -31
leaf_value=0.00046437208131057481 0.0022537125260658703 0.00012265639166247344 0.0011893827470043172 0.0024398410386991887 0.0020759380554847 0.0021718612944241615 0.0012437086422043551 0.0022446711838680091 0.0018158655692065021 0.00028981759121979761 0.0012842042357492235 -0.00019462244332189046 0.0030431470208866305 -0.00169775486609939 -0.00017477948776374025 0.0012805033447950607 -7.1879940366154026e-05 0.0011743052041362355 -0.0023996622331544822 -2.5839883952211783e-05 0.00089824661344929191 0.00019126875725494034 0.00053034529777587307 0.0039094342565724879 -0.00037025740145911755 -0.0015617486072465239 0.0018849625774325701 -0.00028359637172384696 0.003495660925944351 0.0011320103267054129
leaf_weight=1098 52 8352 405 89 283 90 222 47 347 603 1999 49783 43 46 580 627 4159 159 58 1531 134 333 1426 44 183 76 74 66 61 953
leaf_count=1098 52 8352 405 89 283 90 222 47 347 603 1999 49783 43 46 580 627 4159 159 58 1531 134 333 1426 44 183 76 74 66 61 953
internal_value=-3.02693e-12 -0.000119436 0.0007993 0.000193754 0.00102203 0.000386326 0.000171988 0.000337288 0.000971984 0.000919815 0.000995641 -0.000172201 0.000611745 0.00054861 2.50331e-05 0.000871756 4.0124e-05 0.000226203 -0.000407194 4.17862e-05 0.000234824 0.000783451 0.000804064 0.00145594 0.000689821 0.000122938 0.000138134 0.00134849 0.00172911 0.000771365
internal_weight=73923 64313 9610 9273 6243 3367 9184 3277 5960 5613 5010 55040 1699 1656 632 1024 5257 397 238 1578 180 682 3011 449 2562 8502 8426 349 283 2379
internal_count=73923 64313 9610 9273 6243 3367 9184 3277 5960 5613 5010 55040 1699 1656 632 1024 5257 397 238 1578 180 682 3011 449 2562 8502 8426 349 283 2379
is_linear=0
shrinkage=0.03


Tree=88
num_leaves=31
num_cat=0
split_feature=34 6 30 33 9 26 21 6 53 17 6 28 57 29 56 73 35 26 35 33 28 31 8 57 30 38 14 10 51 62
split_gain=7.40573 1.62978 0.759284 0.471906 0.460903 0.400578 0.399034 0.394692 0.372293 0.348605 0.342939 0.443812 0.370629 0.340335 0.757704 0.420746 0.346969 0.33255 0.393021 0.304234 0.290786 0.282857 0.274322 0.27061 0.321619 0.263118 0.27807 0.261479 0.360869 0.255938
threshold=4.4309523105621347 0.34500000000000003 13.687500000000002 0.25833334028720861 0.6316991993473301 11.500000000000002 0.67500000000000016 1.0000000180025095e-35 31.500000000000004 8.5000000000000018 0.63500000000000012 12.416666507720949 29.226495726495731 7.9000000953674325 25.242833481951141 874.75000000000011 0.5617378056049348 17.500000000000004 0.15301003307104113 12.63068199157715 14.416666507720949 12.446073055267336 0.10900000000000004 28.408333333333335 20.062500000000004 0.52276676893234264 -0.27499999999999986 0.41565737633153371 1.0501860380172732 27.916666666666671
decision_type=10 8 10 10 8 2 2 10 10 2 10 10 10 10 10 2 10 2 8 8 10 10 8 10 10 10 8 8 8 10
left_child=3 6 4 -1 5 19 7 -2 -9 20 -7 13 -13 14 -12 16 -15 18 22 21 -6 -3 -5 25 -25 -4 -27 28 -28 -23
right_child=1 2 23 17 9 10 -8 8 -10 -11 11 12 -14 15 -16 -17 -18 -19 -20 -21 -22 29 -24 24 -26 26 27 -29 -30 -31
leaf_value=-0.00019939352120423783 -0.00088134354235080525 0.0013961817528888145 0.0023420925372237941 0.00054202725756951026 -1.189949263654718e-06 0.0005659957317249865 0.0028574096002557778 0.00036207655056566366 -0.00027745261111078987 0.00060168642413884756 0.0043489603670008601 0.0032720331182645168 0.00013597207477273926 0.00062060429354322062 -0.00034183792969478025 0.0025524614580949259 -0.0022187027925294959 -0.00010108862660658115 0.00078731093972089479 -0.0004038331554486201 -0.0023931525961961597 0.0040932271233121986 -5.1644963323464511e-05 0.00061782543494017623 0.0019200014094695943 0.0030090828482989998 -0.0023655134892636319 0.0013041250716030628 0.00082959276787989149 0.0013197115051313019
leaf_weight=43422 336 425 226 890 972 2687 48 3007 1126 1536 61 148 44 79 63 44 76 11034 836 65 48 77 3290 1073 203 79 41 1796 142 49
leaf_count=43422 336 425 226 890 972 2687 48 3007 1126 1536 61 148 44 79 63 44 76 11034 836 65 48 77 3290 1073 203 79 41 1796 142 49
internal_value=4.28565e-12 0.000609148 0.00082398 -0.000148016 0.000627969 0.000836698 0.000136678 0.000107456 0.000187842 0.000316182 0.000701917 0.00141109 0.00255335 0.000732091 0.00196573 -3.66099e-05 -0.000771572 -9.0173e-06 0.000193518 0.00153729 -0.000113753 0.00176628 7.47589e-05 0.00117493 0.00082499 0.00137043 0.00126372 0.00119405 0.000113749 0.00301464
internal_weight=73923 14451 9934 59472 6374 3818 4517 4469 4133 2556 3202 515 192 323 124 199 155 16050 5016 616 1020 551 4180 3560 1276 2284 2058 1979 183 126
internal_count=73923 14451 9934 59472 6374 3818 4517 4469 4133 2556 3202 515 192 323 124 199 155 16050 5016 616 1020 551 4180 3560 1276 2284 2058 1979 183 126
is_linear=0
shrinkage=0.03


Tree=89
num_leaves=31
num_cat=0
split_feature=34 6 30 35 9 21 26 26 6 53 17 6 28 57 29 56 73 35 33 56 29 31 18 57 57 30 53 38 35 17
split_gain=6.96805 1.53346 0.71441 0.446606 0.433663 0.385025 0.376904 0.375669 0.35394 0.334207 0.328002 0.322671 0.417582 0.348725 0.320221 0.712924 0.39588 0.326464 0.286254 0.280983 0.270299 0.26614 0.255804 0.30271 0.254617 0.302612 0.25434 0.247568 0.276754 0.248904
threshold=4.4309523105621347 0.34500000000000003 13.687500000000002 0.030776515603065494 0.6316991993473301 0.46500000000000008 11.500000000000002 14.500000000000002 1.0000000180025095e-35 31.500000000000004 8.5000000000000018 0.63500000000000012 12.416666507720949 29.226495726495731 7.9000000953674325 25.242833481951141 874.75000000000011 0.5617378056049348 12.63068199157715 21.31594352407274 13.22499990463257 12.446073055267336 1.0000000180025095e-35 25.654761904761909 28.408333333333335 20.062500000000004 28.500000000000004 0.52276676893234264 0.3483316451311112 1.5000000000000002
decision_type=10 8 10 8 8 2 2 2 10 10 2 10 10 10 10 10 2 10 8 8 8 10 2 10 10 10 10 10 10 2
left_child=3 5 4 -1 6 8 18 -5 -2 -10 19 22 14 26 15 -13 17 -16 21 -6 -21 -3 -8 -24 27 -26 -14 -4 -29 -30
right_child=1 2 24 7 10 -7 11 -9 9 -11 -12 12 13 -15 16 -17 -18 -19 -20 20 -22 -23 23 -25 25 -27 -28 28 29 -31
leaf_value=-0.00018692823786799971 -0.00086392857619995767 0.0013542962958050123 0.0022718297685349704 0.00025778865599484021 0.0015626456074876688 0.0016589107268797914 0.00048940534515172333 -9.4122478073932714e-05 0.00032631712704385901 -0.0002860324860044695 0.00058363584193262593 0.0042184915731004521 0.0020883259503170848 0.00013189291181995278 0.00060198617060934012 -0.00033158279644946256 0.0024758876142600044 -0.0021521416818110371 -0.00039171821201363434 -0.0001454313337468633 -0.0025540118279274212 0.0029241985761577129 0.0035378948216411199 0.00034529986265204987 0.00059929067805191468 0.0018624013863957551 0.0045986514941614588 0.0034304737586528062 -0.00096342340199043967 0.0012231840020057814
leaf_weight=46532 329 425 226 3914 83 144 2580 9026 2941 1103 1536 61 84 44 79 63 44 76 65 893 44 126 55 52 1073 203 64 50 48 1960
leaf_count=46532 329 425 226 3914 83 144 2580 9026 2941 1103 1536 61 84 44 79 63 44 76 65 893 44 126 55 52 1073 203 64 50 48 1960
internal_value=2.31585e-12 0.000590873 0.000799261 -0.000143575 0.00060913 0.000132578 0.000811597 1.23211e-05 8.2317e-05 0.000159299 0.000306697 0.00068086 0.00136875 0.00247675 0.000710128 0.00190676 -3.55116e-05 -0.000748425 0.00149117 -0.00011034 -0.000258534 0.00171329 0.000549016 0.00198635 0.00113968 0.00080024 0.00317387 0.00132931 0.00122581 0.00117091
internal_weight=73923 14451 9934 59472 6374 4517 3818 12940 4373 4044 2556 3202 515 192 323 124 199 155 616 1020 937 551 2687 107 3560 1276 148 2284 2058 2008
internal_count=73923 14451 9934 59472 6374 4517 3818 12940 4373 4044 2556 3202 515 192 323 124 199 155 616 1020 937 551 2687 107 3560 1276 148 2284 2058 2008
is_linear=0
shrinkage=0.03


Tree=90
num_leaves=31
num_cat=0
split_feature=34 33 1 35 33 33 21 21 12 27 39 37 39 6 56 7 27 34 6 27 74 57 57 71 6 60 9 10 27 27
split_gain=6.57244 1.00422 0.843595 0.544788 0.427789 0.348921 0.394761 0.328431 0.401593 0.339184 0.308697 0.307183 0.391896 0.297255 0.281845 0.316169 0.306008 0.293345 0.279666 0.266127 0.264798 0.262815 0.255221 0.281402 0.314017 0.247369 0.298982 0.404934 0.295423 0.247343
threshold=7.232051134109498 0.88194444775581371 1.5000000000000002 0.70659971237182628 16.519230842590336 5.9666666984558114 0.40500000000000008 0.13500000000000004 0.26452793439608258 10.500000000000002 0.48429021239280706 0.51629272103309642 0.5623498558998109 0.025000000000000005 27.833687759733007 0.54833333333333345 5.5000000000000009 5.88944435119629 0.27500000000000008 14.500000000000002 1173.0500000000002 24.654761904761909 28.516666666666669 13.500000000000002 0.42500000000000004 0.83333333333333337 0.29009746430103861 0.17468022807828634 4.5000000000000009 24.500000000000004
decision_type=10 10 8 8 8 10 2 2 8 10 10 8 10 8 10 10 10 10 8 10 2 8 10 2 10 10 8 10 10 10
left_child=1 -1 4 7 29 19 22 11 -9 -10 -6 13 -13 -3 15 16 -15 -18 -19 -4 -20 -12 23 24 25 26 27 28 -7 -2
right_child=2 3 5 -5 10 6 -8 8 9 -11 21 12 -14 14 -16 -17 17 18 20 -21 -22 -23 -24 -25 -26 -27 -28 -29 -30 -31
leaf_value=-0.00017423632756235309 0.00073812741827482633 -0.00054166433959727627 5.2322989301546098e-05 0.0023717506078292467 0.0023156671650649513 0.0025048907963811594 0.0027422776709833782 0.0014554883784915417 2.0875614423453548e-05 0.0023022405281517421 0.0021741906174049691 -0.0035574442200595512 0.00023757358677685262 0.00023608233573742973 -8.5163196893281204e-05 3.6222968621275643e-06 0.0012501989884299736 -0.001948772402024491 0.00089418431360687497 -0.0017833347822306677 -0.00099080272424308677 0.0010290710338788664 6.6986217301279413e-05 -0.00096933333272183387 0.0014149748001531859 -0.00070665553645682584 0.0002781541010862666 0.0040212266399525104 -0.00027176859376233924 0.0023364282480939393
leaf_weight=49486 4173 691 1098 95 240 59 73 336 702 64 205 48 50 3250 4789 3740 612 47 318 76 85 1502 783 81 529 134 435 50 83 89
leaf_count=49486 4173 691 1098 95 240 59 73 336 702 64 205 48 50 3250 4789 3740 612 47 318 76 85 1502 783 81 529 134 435 50 83 89
internal_value=6.9498e-12 -0.000109347 0.000731783 0.000107225 0.00093981 0.000352002 0.000572627 9.26218e-05 0.000590782 0.000211486 0.00130824 5.23449e-05 -0.00162121 6.4465e-05 9.7082e-05 0.000205474 0.00038055 0.000822657 0.0002412 -6.65101e-05 0.000496606 0.00116659 0.000499097 0.000745882 0.000853581 0.000463335 0.000713381 0.00169944 0.000881914 0.000771503
internal_weight=73923 64313 9610 14827 6209 3401 2227 14732 1102 766 1947 13630 98 13532 12841 8052 4312 1062 450 1174 403 1707 2154 1371 1290 761 627 192 142 4262
internal_count=73923 64313 9610 14827 6209 3401 2227 14732 1102 766 1947 13630 98 13532 12841 8052 4312 1062 450 1174 403 1707 2154 1371 1290 761 627 192 142 4262
is_linear=0
shrinkage=0.03


Tree=91
num_leaves=31
num_cat=0
split_feature=34 41 35 1 27 9 59 10 57 20 8 9 60 28 57 18 6 5 27 32 30 54 6 11 40 22 35 51 66 1
split_gain=6.1988 1.21126 0.562425 0.522414 0.374783 0.373465 0.411155 0.386623 0.350079 0.328065 0.369711 0.358012 0.345058 0.321263 0.320942 0.353388 0.336456 0.307139 0.292833 0.437614 0.345806 0.289517 0.337215 0.286349 0.278562 0.275602 0.271831 0.341804 0.325717 0.379099
threshold=5.259629726409913 0.46993438899517065 0.048199767246842391 2.5000000000000004 26.500000000000004 0.48630208966513211 0.45857986820128471 0.29120068821432965 28.935416666666672 1.0000000180025095e-35 0.44450000000000006 0.44045498451805404 1.1666666666666667 5.5833332538604745 19.775000000000002 1.0000000180025095e-35 0.40500000000000008 1.0000000180025095e-35 7.0742273330688485 5.9808506965637216 10.937500000000002 28.166666666666668 0.66500000000000015 0.45293175471099217 0.56083941459655773 43.500000000000007 0.22792208194732669 0.04389575123786927 55.500000000000007 1.5000000000000002
decision_type=10 10 8 8 10 8 10 10 8 2 10 8 10 10 10 2 10 2 10 10 10 10 8 10 8 2 10 8 10 10
left_child=2 3 13 4 9 6 7 -4 -5 14 11 -11 -12 -1 15 18 23 24 19 -2 -20 22 -22 -16 -18 -10 -9 -28 29 -29
right_child=1 -3 5 8 -6 -7 -8 26 25 10 12 -13 -14 -15 16 -17 17 -19 20 -21 21 -23 -24 -25 -26 -27 27 28 -30 -31
leaf_value=-0.00016778224819915909 4.7311262942717541e-05 0.001005418238791516 0.00024837471854001876 0.00021455200743523861 0.0033294652595317786 -7.8781738499400619e-05 -0.00021729899199349171 0.00056112388984958482 -0.0010325727506165453 0.0011355092868397458 -0.00037199707796098662 0.0031030105934931069 0.0026491305045783517 -0.0026492423057912829 0.00015111154080304842 0.0030636211131191389 0.00059599769491997803 -0.00095765286249193846 -0.00092073123301379385 0.0021546142639963664 0.00039081605943910614 -0.00042292035918569922 0.0030407828358002009 -0.0019785954862640335 0.0025712708174251021 0.00069023996146145173 -0.00049718728990563634 0.0010588170214802684 0.00077030887554948484 0.0038937539209619957
leaf_weight=49836 140 4295 2457 1153 42 6467 1132 556 443 363 200 108 41 47 2792 66 2431 112 150 242 94 99 80 58 66 103 57 68 112 113
leaf_count=49836 140 4295 2457 1153 42 6467 1132 556 443 363 200 108 41 47 2792 66 2431 112 150 242 94 99 80 58 66 103 57 68 112 113
internal_value=-2.24195e-12 0.000592553 -0.000127363 0.000390656 0.000503965 6.72055e-05 0.000277239 0.000443702 -8.17873e-05 0.000487113 0.00109765 0.00158666 0.000141971 -0.00017012 0.000418439 0.000953226 0.000333113 0.000579271 0.0007802 0.0013823 0.000236455 0.000872272 0.00160919 0.00010777 0.000648208 -0.000707573 0.000973415 0.00162837 0.00204187 0.00282869
internal_weight=73923 13078 60845 8783 7084 10962 4495 3363 1699 7042 712 471 241 49883 6330 871 5459 2609 805 382 423 273 174 2850 2497 546 906 350 293 181
internal_count=73923 13078 60845 8783 7084 10962 4495 3363 1699 7042 712 471 241 49883 6330 871 5459 2609 805 382 423 273 174 2850 2497 546 906 350 293 181
is_linear=0
shrinkage=0.03


Tree=92
num_leaves=31
num_cat=0
split_feature=30 28 34 1 35 41 14 1 33 6 57 38 17 37 13 57 31 54 36 11 56 33 26 74 30 21 67 62 30 54
split_gain=5.83698 1.02141 0.545756 0.49647 0.415504 0.325475 0.32177 0.317648 0.333604 0.372942 0.309664 0.305066 0.304929 0.347299 0.299214 0.307945 0.467285 0.295961 0.294884 0.407539 0.340932 0.293258 0.266475 0.344227 0.296801 0.257709 0.255593 0.24799 0.240377 0.231823
threshold=5.1339285373687753 11.416666507720949 1.6695402264595034 2.5000000000000004 0.47140522301197058 0.15687920898199084 0.28500000000000009 1.5000000000000002 12.63068199157715 0.20500000000000004 28.870833333333337 0.49267607927322393 25.500000000000004 0.61764907836914074 -1.0000000180025095e-35 20.31666666666667 2.8016357421875004 17.500000000000004 0.25541044771671301 0.40188557541056463 24.874001226615771 8.0333333015441912 23.500000000000004 1991.2000000000003 21.645833015441898 0.52500000000000013 7.5000000000000009 25.416666666666671 5.3875000476837167 33.166666666666679
decision_type=10 10 8 10 10 10 10 8 8 8 8 8 2 10 8 10 10 8 8 8 10 10 2 2 10 2 8 10 10 10
left_child=2 3 -1 6 14 -6 17 22 9 -9 28 -10 13 -13 15 16 -4 26 19 -8 21 -20 23 -3 -24 29 -2 -22 -5 -19
right_child=1 7 4 10 5 -7 18 8 11 -11 -12 12 -14 -15 -16 -17 -18 25 20 -21 27 -23 24 -25 -26 -27 -28 -29 -30 -31
leaf_value=-0.00016423596820460049 0.0001757301029942508 0.0012807244143837803 0.00057252859291558522 0.0022689846853812248 -0.00021109296008944511 0.003008192405288451 0.0050222934975584109 -0.0016132858501805456 -0.00084184316333980771 0.0011506583467677687 -0.0010279458601621901 0.00098147217543945392 0.0025563055105311304 -0.0019120339480702699 1.0643679762954348e-05 0.00039041128241148516 0.0047448514964198692 0.00040399495212021228 0.00025912514313104301 0.00096872978035968777 -0.002163411792134866 0.0033799476659623906 0.0008166730571090425 0.0036191703020595012 0.0022668124474479225 0.0020938185060788927 0.0028619338056487319 0.00062756880029740897 -5.4469107671862972e-05 -0.00022540679251309287
leaf_weight=49489 53 1016 61 43 45 76 41 48 265 519 332 112 57 56 11251 446 40 4773 47 49 40 64 3370 60 132 76 80 101 589 592
leaf_count=49489 53 1016 61 43 45 76 41 48 265 519 332 112 57 56 11251 446 40 4773 47 49 40 64 3370 60 132 76 80 101 589 592
internal_value=-2.76066e-13 0.000590504 -0.000120345 0.000345226 6.18942e-05 0.00181094 0.000448099 0.000889973 0.000421217 0.000916674 -0.000286093 -0.000152098 0.000660268 1.69701e-05 4.39561e-05 0.000729144 0.00222493 0.000393295 0.0013413 0.00281535 0.000814855 0.00205852 0.000998203 0.00141112 0.000871333 0.000359117 0.00179149 -0.000164199 0.000103614 0.000334544
internal_weight=73923 12515 61408 6880 11919 121 5916 5635 1057 567 964 490 225 168 11798 547 101 5574 342 90 252 111 4578 1076 3502 5441 133 141 632 5365
internal_count=73923 12515 61408 6880 11919 121 5916 5635 1057 567 964 490 225 168 11798 547 101 5574 342 90 252 111 4578 1076 3502 5441 133 141 632 5365
is_linear=0
shrinkage=0.03


Tree=93
num_leaves=31
num_cat=0
split_feature=34 33 33 26 35 21 1 33 57 6 59 11 35 35 26 62 74 55 28 32 44 45 38 8 53 35 8 59 66 54
split_gain=5.51083 0.998086 0.716827 0.447485 0.602651 0.41478 0.38202 0.39748 0.347983 0.312144 0.333775 0.286402 0.279817 0.277781 0.27073 0.262936 0.282751 0.268869 0.259367 0.247401 0.276771 0.238954 0.236171 0.235467 0.283443 0.239733 0.228855 0.271658 0.279512 0.228176
threshold=6.417635679244996 10.379807472229006 0.88194444775581371 17.500000000000004 0.57359308004379284 0.36500000000000005 1.5000000000000002 12.63068199157715 23.483333333333338 0.32500000000000007 0.50627849790556667 0.55315570141167891 0.18834459781646731 0.12632978707551959 14.500000000000002 26.916666666666671 197.65000000000001 24.550000000000004 22.833333015441898 14.291843414306642 3.1666666269302373 1.1993858218193056 0.51531758904457103 0.39633333333333337 24.500000000000004 0.81016731262207042 0.11291666666666669 0.35568253654460558 41.500000000000007 28.166666666666668
decision_type=10 8 10 2 10 2 10 8 10 10 10 10 8 10 2 8 2 10 10 10 10 10 10 10 10 10 8 10 10 10
left_child=2 5 -1 4 12 9 8 14 13 10 -2 -9 26 -3 -8 23 -17 -18 -10 20 -11 -14 -5 24 -15 -25 27 28 -4 -7
right_child=1 6 3 22 -6 29 7 11 18 19 -12 -13 21 15 -16 16 17 -19 -20 -21 -22 -23 -24 25 -26 -27 -28 -29 -30 -31
leaf_value=-0.00016166518906876142 0.00011669759272496172 0.0037039290952185786 0.0040076042460277673 -2.4183940651375956e-05 0.0033436847765440656 0.0025406665687222737 0.0020169373439756989 2.1741848430143104e-05 0.00076826000039390409 0.00050729317597565996 -0.0010628877542659672 -0.0024658914573180177 0.00082911057640294001 0.0017917886707454736 0.0005081507879999142 -1.7911079461159913e-05 0.0028571573053195608 0.00042702939294810807 0.0018493245324598276 0.002587816131301224 -0.0017755444664793202 -0.0010618629807868274 -0.0020326950107613265 0.001172286880547009 0.0048467627001880864 0.0026526335733922613 2.617910980253379e-05 0.00038344370204941277 0.00085564899470900058 0.0002801957398298241
leaf_weight=49376 2233 45 40 8979 59 111 156 560 3741 1949 239 45 998 82 341 230 80 84 211 50 49 64 53 651 41 116 2612 596 69 63
leaf_count=49376 2233 45 40 8979 59 111 156 560 3741 1949 239 45 998 82 341 230 80 84 211 50 49 64 53 651 41 116 2612 596 69 63
internal_value=-6.06049e-13 0.000616975 -0.000108746 8.52373e-05 0.000331912 0.000284901 0.000861179 0.000353114 0.000967199 0.000229571 2.65192e-06 -0.000163289 0.000291333 0.00138714 0.000981734 0.00130594 0.00066072 0.00161246 0.000825979 0.000503469 0.000451308 0.000715154 -3.59699e-05 0.00159158 0.00281011 0.00139617 0.00015564 0.000635286 0.00201233 0.00172222
internal_weight=73923 11077 62846 13470 4438 4694 6383 1102 5281 4520 2472 605 4379 1329 497 1284 394 164 3952 2048 1998 1062 9032 890 123 767 3317 705 109 174
internal_count=73923 11077 62846 13470 4438 4694 6383 1102 5281 4520 2472 605 4379 1329 497 1284 394 164 3952 2048 1998 1062 9032 890 123 767 3317 705 109 174
is_linear=0
shrinkage=0.03


Tree=94
num_leaves=31
num_cat=0
split_feature=34 6 30 9 26 33 6 21 34 53 26 72 41 11 34 17 28 26 35 14 26 14 8 43 56 6 1 63 53 73
split_gain=5.19783 1.2095 0.540496 0.370216 0.372634 0.36014 0.350446 0.348322 0.345623 0.341698 0.314208 0.30741 0.311067 0.288782 0.326657 0.28748 0.273458 0.273317 0.339157 0.26941 0.26275 0.273733 0.248535 0.242093 0.243926 0.236719 0.235604 0.307455 0.310943 0.305477
threshold=4.4309523105621347 0.34500000000000003 13.687500000000002 0.6316991993473301 94.500000000000014 0.18465909361839297 0.67500000000000016 0.67500000000000016 10.445195198059084 25.500000000000004 47.500000000000007 9.5000000000000018 0.37561905384063726 0.34244665825010195 11.724014282226564 8.5000000000000018 14.416666507720949 17.500000000000004 0.15301003307104113 -0.58499999999999985 14.500000000000002 0.32500000000000012 0.10900000000000004 1.0260282158851626 31.180664604542866 0.025000000000000005 1.5000000000000002 -0.0046331568545008852 17.500000000000004 197.65000000000001
decision_type=10 8 10 8 2 10 10 2 10 10 2 2 10 10 10 2 10 2 8 8 2 10 8 10 10 10 10 10 10 2
left_child=5 7 3 4 6 -1 20 9 11 13 -10 12 -8 25 -15 16 23 18 22 -11 21 -3 -7 24 -5 -2 -20 28 -28 -30
right_child=1 2 -4 15 -6 17 8 -9 10 19 -12 -13 -14 14 -16 -17 -18 -19 26 -21 -22 -23 -24 -25 -26 -27 27 -29 29 -31
leaf_value=-0.00017255094392174165 -0.00040488973937329828 0.001015733050927288 0.00099149802231221734 0.00033409193762014869 -0.00043237643625035474 0.00049519423601236668 -0.00017808689266873769 0.0026452876748226115 0.0017779279568257104 0.0017520210081238474 0.0049410018020619945 0.003222533941268921 0.0019320520551320023 -0.0013680483827487411 0.0011335593424023087 0.00050985651535988556 -0.0023502798718982375 -8.997511174906934e-05 0.00014672240599693495 -0.00022095739329225567 0.00054118907757037956 0.0030939612348031783 -4.5806674198126507e-05 -0.0016680451951862779 -0.00096781645345006269 0.00061249477341049862 -0.00027108935838831319 0.00033952821530114656 0.0014385537505646037 0.003806317806997756
leaf_weight=41518 236 603 3560 740 238 960 159 48 76 64 45 50 104 163 66 1536 48 12410 364 2330 2480 63 3748 75 157 1610 49 219 122 82
leaf_count=41518 236 603 3560 740 238 960 159 48 76 64 45 50 104 163 66 1536 48 12410 364 2330 2480 63 3748 75 157 1610 49 219 122 82
internal_value=2.24015e-12 0.000510328 0.000695399 0.000530023 0.000717093 -0.000124004 0.00079351 0.000103312 0.00159265 7.6009e-05 0.00295428 0.00106628 0.000656341 0.000357776 -0.000647061 0.000250588 -0.000139839 -1.17403e-05 0.000163385 -0.000168213 0.000683266 0.00121232 6.45079e-05 -3.06816e-05 0.000106222 0.000482428 0.000720218 0.00116249 0.00187485 0.0023903
internal_weight=73923 14451 9934 6374 3818 59472 3580 4517 434 4469 121 313 263 2075 229 2556 1020 17954 5544 2394 3146 666 4708 972 897 1846 836 472 253 204
internal_count=73923 14451 9934 6374 3818 59472 3580 4517 434 4469 121 313 263 2075 229 2556 1020 17954 5544 2394 3146 666 4708 972 897 1846 836 472 253 204
is_linear=0
shrinkage=0.03


Tree=95
num_leaves=31
num_cat=0
split_feature=34 6 34 33 21 53 6 26 15 35 41 11 34 17 26 35 14 55 66 62 35 8 33 30 63 42 26 31 66 14
split_gain=4.89064 1.13802 0.511976 0.338856 0.327737 0.321504 0.304824 0.324442 0.338634 0.285775 0.274168 0.271715 0.307352 0.258606 0.257164 0.319112 0.253488 0.243657 0.321102 0.251123 0.237158 0.233847 0.228255 0.374914 0.31738 0.253246 0.236436 0.227232 0.226419 0.228901
threshold=4.4309523105621347 0.34500000000000003 14.961679458618166 0.18465909361839297 0.67500000000000016 25.500000000000004 0.97500000000000009 95.500000000000014 0.17052188465309673 0.3483316451311112 0.41843225061893469 0.34244665825010195 11.724014282226564 18.500000000000004 17.500000000000004 0.15301003307104113 -0.58499999999999985 26.775000000000002 69.500000000000014 23.791666666666671 0.77003204822540294 0.10900000000000004 9.3452377319335955 12.550000190734865 -0.037849147167849422 0.40734308958053594 34.500000000000007 7.2500905990600595 42.500000000000007 -0.23499999999999999
decision_type=10 8 10 10 2 10 8 2 10 10 8 10 10 2 2 8 8 10 8 10 8 8 10 10 10 8 2 10 8 10
left_child=3 4 6 27 5 11 7 8 20 10 -4 22 -13 -10 15 21 -7 19 -19 -15 -3 -5 25 -24 -25 -2 -27 -1 -18 -30
right_child=1 2 9 14 -6 16 -8 -9 13 -11 -12 12 -14 17 -16 -17 28 18 -20 -21 -22 -23 23 24 -26 26 -28 -29 29 -31
leaf_value=-0.00016511457200276525 0.00043396809124475352 0.00057328326461814896 0.0013571117909185098 0.00048033840327730101 0.0025659290637122466 0.0016994603947023278 0.00023840979696410333 -0.00040297447946220839 0.0019269128991297754 0.00097677308044976383 0.004071378682581883 -0.0013270069450779926 0.0010995525464188012 7.2824011001837983e-05 -8.7275858806597242e-05 0.00069861102462665762 0.00055643151001849003 -0.0017848009348935669 0.0010708922042114728 0.0023114334926910905 0.0014862402077147527 -4.4432473638510368e-05 0.0020592894937822618 0.0017675524664518888 -0.0017445065037940035 -0.0022195667744291801 0.00055656456155702468 -0.0023470747627881029 -0.0010221807197265318 -0.00018172171611180465
leaf_weight=41475 1456 4376 91 960 48 64 2015 243 341 2208 53 163 66 73 12410 836 299 63 81 118 272 3748 182 40 55 65 48 43 353 1678
leaf_count=41475 1456 4376 91 960 48 64 2015 243 341 2208 53 163 66 73 12410 836 299 63 81 118 272 3748 182 40 55 65 48 43 353 1678
internal_value=6.94805e-13 0.000495019 0.000674537 -0.000120284 0.000100212 7.37287e-05 0.000554585 0.000669025 0.000717954 0.00106122 0.00235611 0.000347043 -0.000627649 0.00134533 -1.13881e-05 0.000158483 -0.000163166 0.000753329 -0.000178474 0.00145584 0.000626709 6.25726e-05 0.000467955 0.0012619 -0.000265745 0.000327789 -0.00104033 -0.000167374 -0.000214329 -0.000327799
internal_weight=73923 14451 9934 59472 4517 4469 7582 5567 5324 2352 144 2075 229 676 17954 5544 2394 335 144 191 4648 4708 1846 277 95 1569 113 41518 2330 2031
internal_count=73923 14451 9934 59472 4517 4469 7582 5567 5324 2352 144 2075 229 676 17954 5544 2394 335 144 191 4648 4708 1846 277 95 1569 113 41518 2330 2031
is_linear=0
shrinkage=0.03


Tree=96
num_leaves=31
num_cat=0
split_feature=34 35 1 33 9 6 56 41 39 41 21 58 9 1 51 21 31 11 11 57 59 8 6 43 28 33 63 33 62 74
split_gain=4.61919 0.731136 0.618603 0.344927 0.325049 0.410278 0.320436 0.299159 0.295311 0.293319 0.374395 0.318693 0.275309 0.307608 0.291508 0.263887 0.276237 0.268654 0.237964 0.237765 0.238738 0.246431 0.235846 0.234826 0.27167 0.25429 0.300469 0.281847 0.243207 0.263521
threshold=7.232051134109498 0.033908046782016761 1.5000000000000002 16.519230842590336 0.48630208966513211 0.34500000000000003 26.764280954770388 0.1263430938124657 0.48429021239280706 0.058824826031923301 0.45500000000000007 0.40598827900201462 0.24121343234362722 2.5000000000000004 0.10835451632738115 0.18500000000000003 12.446073055267336 0.29910157572232376 0.14974873370697772 24.654761904761909 0.35365233124055911 0.82900000000000018 0.025000000000000005 1.6233479976654055 11.833333492279055 12.031250000000002 0.084982383916152357 12.25833320617676 23.583333333333339 2089.8500000000004
decision_type=10 8 8 8 8 10 10 10 10 10 2 10 10 8 10 2 10 10 8 8 8 10 10 10 10 10 10 10 10 2
left_child=1 -1 3 23 5 6 12 -7 -5 -4 -11 -12 22 14 -14 16 -9 -17 -8 -10 -21 -22 -3 24 -2 26 -26 -27 -29 -30
right_child=2 4 9 8 -6 7 18 15 19 10 11 -13 13 -15 -16 17 -18 -19 -20 20 21 -23 -24 -25 25 27 -28 28 29 -31
leaf_value=-0.00015149787229989988 0.00046264713562236832 -0.00029994539434731801 -0.00056884972150618039 0.0021077931506079039 -3.5970713843591351e-05 0.00017424809384282807 0.00042533431805924857 0.00063011950688667039 0.0019422850751732589 0.00032303085838277819 0.00052668127166323887 0.0042008405787471144 -5.5365286051782958e-05 -0.0011691968601415723 0.0017934142439305011 0.00387347651932102 0.0025819177483582668 0.00093859242826898693 -0.00032733865907988094 -0.0010688216812975171 0.00078221449531864086 0.0019829888307156839 0.00064489328751287235 0.00018699654146009866 0.002081781680306169 -0.0014423725131200624 -0.00013246479015032857 0.0017787460408483942 0.00082099381598411123 -0.0012698617366779792
leaf_weight=47645 1591 278 325 240 9483 867 476 964 205 2991 43 42 652 198 87 52 70 61 1837 56 1271 175 1643 828 312 48 67 234 1125 57
leaf_count=47645 1591 278 325 240 9483 867 476 964 205 2991 43 42 652 198 87 52 70 61 1837 56 1271 175 1643 828 312 48 67 234 1125 57
internal_value=1.3369e-12 -9.16699e-05 0.000613483 0.000791621 7.93465e-05 0.000231546 9.00678e-05 0.000594795 0.00112245 0.000288266 0.000378826 0.00234215 0.00030252 -0.000119074 0.000162285 0.00091268 0.000762253 0.00228916 -0.000172444 0.000983909 0.000853105 0.000927536 0.00050816 0.000640491 0.000749837 0.000997759 0.00169034 0.000818462 0.000895101 0.000720166
internal_weight=73923 64313 9610 6209 16668 7185 5171 2014 1947 3401 3076 85 2858 937 739 1147 1034 113 2313 1707 1502 1446 1921 4262 3434 1843 379 1464 1416 1182
internal_count=73923 64313 9610 6209 16668 7185 5171 2014 1947 3401 3076 85 2858 937 739 1147 1034 113 2313 1707 1502 1446 1921 4262 3434 1843 379 1464 1416 1182
is_linear=0
shrinkage=0.03


Tree=97
num_leaves=31
num_cat=0
split_feature=34 33 33 26 35 21 13 22 57 17 62 1 71 32 28 57 35 6 38 14 63 45 35 17 54 54 8 12 62 74
split_gain=4.35106 0.820009 0.569375 0.380298 0.539301 0.369478 0.347884 0.305701 0.273604 0.363959 0.277779 0.261716 0.256606 0.24647 0.238439 0.237543 0.231338 0.231184 0.229712 0.223731 0.249802 0.221985 0.219047 0.216663 0.216252 0.242736 0.199377 0.283821 0.359402 0.226924
threshold=6.417635679244996 10.379807472229006 0.88194444775581371 17.500000000000004 0.57359308004379284 0.36500000000000005 1.0000000180025095e-35 45.500000000000007 23.483333333333338 2.5000000000000004 26.916666666666671 2.5000000000000004 5.5000000000000009 14.291843414306642 22.833333015441898 27.577380952380956 0.18834459781646731 0.88500000000000012 0.51531758904457103 0.26500000000000012 -0.12857190359497139 1.1993858218193056 0.47673159837722784 15.500000000000002 28.166666666666668 24.166666666666668 0.38450000000000012 0.20255094782707608 27.916666666666671 1000.5000000000001
decision_type=10 8 10 2 10 2 10 2 10 2 8 10 2 10 10 8 8 8 10 10 10 10 10 2 10 10 10 8 10 2
left_child=2 5 22 4 16 11 8 -8 10 -10 12 13 -3 19 -11 23 -4 -14 -5 20 -2 26 -1 -13 25 -7 27 28 -18 -29
right_child=1 6 3 18 -6 24 7 -9 9 14 -12 15 17 -15 -16 -17 21 -19 -20 -21 -22 -23 -24 -25 -26 -27 -28 29 -30 -31
leaf_value=-0.00014199204698074126 0.00097200462439073383 0.0034644367510698877 0.00014189351020790834 -2.3857511281032823e-05 0.0031527406215604583 0.0010835097401434462 -0.0015071916750619293 0.0014593685895670206 -0.00038409181754104791 0.00070582667510981376 0.00058119593900116963 0.00045869866930254774 0.0011245277869869391 0.0022343272156110194 0.0017536452107653928 -0.0010599668937644564 -0.00087151142275426535 0.0023896581453782227 -0.0020047138815851144 0.0012398972942959515 0.00012569980373600893 -0.0010621232210223752 -0.0023629277361324054 -0.0010575982336463834 0.00019994446010622636 0.0038949067595128251 0.00013753638090390808 0.0017564026083734096 0.0019374630779560396 0.00018560697404401642
leaf_weight=49336 348 53 3317 8979 59 59 108 44 268 4198 519 340 834 58 205 258 125 154 53 200 3203 64 40 113 63 52 316 391 61 105
leaf_count=49336 348 53 3317 8979 59 59 108 44 268 4198 519 340 834 58 205 258 125 154 53 200 3203 64 40 113 63 52 316 391 61 105
internal_value=6.27427e-13 0.000548222 -9.66276e-05 7.62569e-05 0.000303661 0.000247226 0.000769572 -0.000648451 0.000804163 0.000689279 0.00114815 0.000195005 0.00143082 0.000293632 0.000754612 -0.000333365 0.000265274 0.00132172 -3.54812e-05 0.000263624 0.000208638 0.000650635 -0.000143791 8.04613e-05 0.00160379 0.00240056 0.000760471 0.0010491 4.97114e-05 0.00142388
internal_weight=73923 11077 62846 13470 4438 4694 6383 152 6231 4671 1560 4520 1041 3809 4403 711 4379 988 9032 3751 3551 1062 49376 453 174 111 998 682 186 496
internal_count=73923 11077 62846 13470 4438 4694 6383 152 6231 4671 1560 4520 1041 3809 4403 711 4379 988 9032 3751 3551 1062 49376 453 174 111 998 682 186 496
is_linear=0
shrinkage=0.03


Tree=98
num_leaves=31
num_cat=0
split_feature=30 28 1 35 8 57 59 21 55 57 1 6 15 18 5 9 71 9 28 26 28 11 34 33 62 8 11 6 9 43
split_gain=4.10437 0.731141 0.428738 0.399341 0.284494 0.267549 0.265503 0.285996 0.262898 0.307493 0.471895 0.262354 0.379294 0.363188 0.296762 0.306814 0.354925 0.345578 0.259711 0.257867 0.250462 0.297712 0.312115 0.244536 0.242319 0.24158 0.29729 0.276597 0.239168 0.232655
threshold=5.1339285373687753 11.416666507720949 2.5000000000000004 0.030776515603065494 0.25100000000000011 28.870833333333337 0.35791511445133861 0.115 32.500000000000007 17.875000000000004 1.5000000000000002 0.6150000000000001 -0.17620724346076458 1.0000000180025095e-35 1.0000000180025095e-35 0.63531317495370632 6.5000000000000009 0.64679261565784008 3.4166666269302373 34.500000000000007 18.833333015441898 0.44699110735696101 9.7069921493530291 11.759615421295168 23.791666666666671 0.25450000000000012 0.1985319499308629 0.39500000000000007 0.36659761726946877 1.0260282158851626
decision_type=10 10 10 8 8 8 10 2 10 10 8 8 8 2 2 8 2 8 10 2 10 8 10 8 10 8 8 10 8 8
left_child=3 2 8 18 6 -4 24 -8 9 10 28 13 -13 20 15 16 -14 -17 -1 -9 21 23 -23 -3 -5 27 -27 -11 -2 -28
right_child=1 11 5 4 -6 -7 7 19 -10 25 -12 12 14 -15 -16 17 -18 -19 -20 -21 -22 22 -24 -25 -26 26 29 -29 -30 -31
leaf_value=-0.00013921260975446068 0.0040751214222317289 0.0014949663537193018 6.3210157458417845e-05 0.00019714899246482123 -4.4779122496706185e-05 -0.00098859073612577743 3.6036658869633201e-05 0.0012691955120946649 -0.00020124695356976336 0.00075609936228176057 0.00012005857589984406 0.0034009886133188213 0.0031542097173398358 0.0024833190792804354 -0.00045688940890807101 -0.00096187740463373839 0.0012241973212184895 0.00086004982693088509 -0.0013173804634141173 -0.00035027072255161329 0.0013311228695514225 -0.00094279381658740418 0.0002722520958042614 0.00043706461266737547 0.001377476795067943 -0.0011763544828863814 0.00077896744736700855 0.0032748420600546523 0.001615677583261189 0.00022122842918011692
leaf_weight=46735 42 276 632 297 10543 332 2876 337 620 597 217 55 100 82 141 98 602 2134 169 120 261 237 965 684 331 120 853 42 233 3192
leaf_count=46735 42 276 632 297 10543 332 2876 337 620 597 217 55 100 82 141 98 602 2134 169 120 261 237 965 684 331 120 853 42 233 3192
internal_value=1.99146e-12 0.000495167 0.000287648 -0.000100915 3.66602e-05 -0.000299028 0.000253427 0.000146813 0.000383245 0.000451672 0.00116598 0.000748536 0.000931662 0.00051972 0.000887496 0.000952103 0.00149913 0.000780055 -0.000143458 0.000843953 0.000453267 0.000347291 3.26798e-05 0.000741211 0.000819264 0.000378516 0.000295188 0.000921651 0.0019913 0.000338843
internal_weight=73923 12515 6880 61408 14504 964 3961 3333 5916 5296 492 5635 3130 2505 3075 2934 702 2232 46904 457 2423 2162 1202 960 628 4804 4165 639 275 4045
internal_count=73923 12515 6880 61408 14504 964 3961 3333 5916 5296 492 5635 3130 2505 3075 2934 702 2232 46904 457 2423 2162 1202 960 628 4804 4165 639 275 4045
is_linear=0
shrinkage=0.03


Tree=99
num_leaves=31
num_cat=0
split_feature=34 35 6 53 8 6 22 9 36 21 30 18 33 53 11 55 63 73 9 42 39 35 1 7 38 14 45 63 11 66
split_gain=3.88151 0.955254 0.533241 0.364748 0.359407 0.504152 0.287708 0.275148 0.266812 0.264959 0.263141 0.257329 0.275826 0.247316 0.244731 0.233741 0.227197 0.261534 0.251242 0.221854 0.215399 0.214163 0.214758 0.212732 0.261366 0.229741 0.221886 0.307502 0.257989 0.242798
threshold=9.7069921493530291 0.14119601994752887 0.54500000000000015 26.500000000000004 0.48266666666666674 0.34500000000000003 2.5000000000000004 0.43681177460244375 0.61540621519088756 0.36500000000000005 7.9375000000000009 1.0000000180025095e-35 10.677083492279055 16.500000000000004 0.14650138274246219 34.100000000000009 -0.12857190359497139 2115.1500000000001 0.29009746430103861 0.38519915938377386 0.27461628615856176 0.030776515603065494 2.5000000000000004 0.15833333333333341 0.21887276321649554 -0.024999999999999963 1.5500000119209292 -0.096771888515058427 0.260272299837912 39.500000000000007
decision_type=10 10 8 10 8 10 2 8 10 2 10 2 8 10 8 10 10 2 10 10 10 8 8 10 10 8 10 10 8 10
left_child=1 14 3 23 5 11 -7 -5 -6 13 20 12 16 -8 21 -15 18 19 -3 -18 -4 -1 -23 24 -2 26 28 -28 29 -25
right_child=2 4 10 7 8 6 9 -9 -10 -11 -12 -13 -14 15 -16 -17 17 -19 -20 -21 -22 22 -24 25 -26 -27 27 -29 -30 -31
leaf_value=-7.8029281505068426e-06 0.00054156292293390084 0.0020119027841404903 0.0010559043423920081 -0.00027937287506043439 -1.3379236590932474e-05 0.0026616009594593853 -0.00066236276012551516 0.00052112354926260498 0.0011450623800382915 0.0020423185915154005 0.00087227572130798778 0.0022093281843206984 -0.00062343334644590837 0.00079202160184813812 -0.00012954298464614323 -0.0011172783194779185 0.00010235209989595171 0.0019176963174249975 -0.00046192079842890139 -0.0021345033782261716 0.0038834552644402718 0.00017665867638962064 0.0011336145662435007 0.001408586616453249 0.003850164375159823 0.00016019464260594128 -0.0023478590226732195 0.00063948572124860692 0.0013809672704897084 -0.0014334111584110125
leaf_weight=2886 44 122 49 904 4150 71 126 675 187 126 3710 52 414 1510 54660 60 1495 70 53 41 48 592 328 48 42 588 40 138 632 62
leaf_count=2886 44 122 49 904 4150 71 126 675 187 126 3710 52 414 1510 54660 60 1495 70 53 41 48 592 328 48 42 588 40 138 632 62
internal_value=3.36576e-12 -7.01951e-05 0.000673219 0.000386001 0.000227423 0.000427357 0.000788042 6.28279e-05 3.65697e-05 0.000715033 0.000912605 0.000123496 7.40817e-05 0.000616426 -0.000113347 0.000719055 0.000236222 0.000124371 0.00126269 4.26444e-05 0.0024551 0.000119256 0.000517834 0.000706133 0.00215739 0.000623369 0.000919399 -3.18277e-05 0.00114759 -0.000193267
internal_weight=73923 66943 6980 3173 8477 4140 1893 1579 4337 1822 3807 2247 2195 1696 58466 1570 1781 1606 175 1536 97 3806 920 1594 86 1508 920 178 742 110
internal_count=73923 66943 6980 3173 8477 4140 1893 1579 4337 1822 3807 2247 2195 1696 58466 1570 1781 1606 175 1536 97 3806 920 1594 86 1508 920 178 742 110
is_linear=0
shrinkage=0.03


Tree=100
num_leaves=31
num_cat=0
split_feature=34 6 34 21 35 6 14 26 33 30 63 9 37 29 42 8 33 1 41 58 26 35 53 9 41 36 59 30 63 31
split_gain=3.66568 0.908987 0.402201 0.351754 0.30916 0.289296 0.276897 0.307585 0.269819 0.263083 0.244604 0.320253 0.235275 0.229826 0.228472 0.296774 0.27193 0.257175 0.226169 0.220957 0.220583 0.26334 0.219525 0.231514 0.272064 0.269788 0.266526 0.259119 0.215069 0.213468
threshold=4.4309523105621347 0.35500000000000004 14.961679458618166 0.46500000000000008 0.3483316451311112 1.0000000180025095e-35 0.070000000000000034 2.5000000000000004 0.18465909361839297 10.535714149475099 -0.082931797785216657 0.63531317495370632 0.25004425644874578 3.5499999523162846 0.23079508543014529 0.21633333333333338 7.7596154212951669 2.5000000000000004 0.41843225061893469 0.48424104614523411 17.500000000000004 0.15301003307104113 31.500000000000004 0.2264822866813295 0.27668987214565283 0.33786806464195257 0.39686677797028796 5.2678570747375497 0.11060208942619999 7.2500905990600595
decision_type=10 8 10 2 10 10 10 2 10 10 10 10 8 10 8 10 10 8 8 10 2 8 10 8 8 10 10 10 10 10
left_child=8 3 6 5 18 -2 -3 -8 29 14 11 -11 13 -5 15 -9 -17 -16 -4 -12 21 -10 23 26 25 -25 -7 -26 -21 -1
right_child=1 2 4 12 -6 22 7 9 20 10 19 -13 -14 -15 17 16 -18 -19 -20 28 -22 -23 -24 24 27 -27 -28 -29 -30 -31
leaf_value=-0.00014396642363888852 -0.0008206093658857319 0.00036295923924364577 0.0013649823211943095 0.00091319736683877499 0.00084831057510184756 0.001114825431940825 0.0032429545858493917 0.003147250261623412 6.3234524605615186e-05 0.00093370396142086851 0.0015706513160452407 -0.0018457235240123488 0.00010208094213921271 0.0040182740613818168 0.00033143078649609765 0.00041343586893579607 0.0029426372934912527 -0.0012406479350465815 0.0038456479867674271 -0.00044477253183887331 -7.7247989037175415e-05 0.00064102416885109491 -0.00025192564924806597 -0.00019082870033009314 -0.0018121961008190461 -0.0023919511255852104 0.00014748870880971021 0.00049138211039944464 0.0014809522307093841 -0.0022588113659646274
leaf_weight=41475 329 5166 88 41 2198 484 44 50 4708 116 620 55 61 45 705 347 43 108 53 113 12410 836 1138 921 46 53 545 985 97 43
leaf_count=41475 329 5166 88 41 2198 484 44 50 4708 116 620 55 61 45 705 347 43 108 53 113 12410 836 1138 921 46 53 545 985 97 43
internal_value=8.48835e-13 0.000428564 0.000592398 8.30248e-05 0.000935667 3.58606e-05 0.000484828 0.000758794 -0.000104136 0.000710301 0.00107292 3.97361e-05 0.00152715 0.00253795 0.000420612 0.000971269 0.000692297 0.000122594 0.00229743 0.00128578 -6.96464e-06 0.000150362 0.000103401 0.000236678 4.89395e-05 -0.000310602 0.000602485 0.000388604 0.000444729 -0.000146157
internal_weight=73923 14451 9803 4648 2339 4501 7464 2298 59472 2254 1001 171 147 86 1253 440 390 813 141 830 17954 5544 4172 3034 2005 974 1029 1031 210 41518
internal_count=73923 14451 9803 4648 2339 4501 7464 2298 59472 2254 1001 171 147 86 1253 440 390 813 141 830 17954 5544 4172 3034 2005 974 1029 1031 210 41518
is_linear=0
shrinkage=0.03


Tree=101
num_leaves=31
num_cat=0
split_feature=29 34 57 30 18 57 8 6 11 31 26 37 11 8 36 37 41 21 33 30 57 41 36 63 66 66 33 36 34 33
split_gain=3.45639 0.835407 0.378406 0.321937 0.303088 0.427647 0.316832 0.297625 0.285623 0.276141 0.267169 0.341792 0.313702 0.304121 0.261257 0.250791 0.288755 0.248078 0.239488 0.236056 0.234966 0.232532 0.221639 0.218809 0.217625 0.222794 0.215708 0.31786 0.213083 0.274579
threshold=9.9000000953674334 2.7651654481887822 28.408333333333335 20.062500000000004 1.0000000180025095e-35 23.160256410256412 0.37100000000000005 0.055000000000000007 0.15294616603440134 19.904785156250004 15.500000000000002 0.43010938167572027 0.24222380202602953 0.39633333333333337 0.26102052628993994 0.54289269447326671 0.60799673199653637 0.38500000000000006 18.033333778381351 10.645833492279055 28.870833333333337 0.5040738880634309 0.53087496757507335 -0.21816008444472035 80.500000000000014 55.500000000000007 12.63068199157715 0.6076599955558778 15.922264099121096 5.0333333015441903
decision_type=10 8 10 10 2 10 10 8 8 10 2 10 8 8 10 10 10 2 8 10 10 10 10 8 8 10 8 10 10 10
left_child=1 -1 9 17 7 6 -6 8 -3 10 11 -2 -12 -13 -14 24 26 19 -11 -4 -21 22 -9 -16 25 -15 -17 -28 29 -25
right_child=2 4 3 -5 5 -7 -8 21 -10 18 12 13 14 15 23 16 -18 -19 -20 20 -22 -23 -24 28 -26 -27 27 -29 -30 -31
leaf_value=-0.00011805680903715176 0.0027152088963597904 0.00038702100997755858 -0.0006157952899180384 0.0014642657512312699 0.0037747173393322358 0.00028490850044575456 0.00076656781466163948 0.00016678673132786338 -0.00058792340319785798 0.0025771936975983755 -0.0017612142480757772 -0.0014357944294302301 0.0026703500947424848 0.0026319413974648341 -0.0014103963307322972 0.00088936668294504985 0.0016405196435193324 0.0025260833176080047 0.0010074995314952057 -0.00066065805978003406 0.00042726322078776203 0.0015444242978172207 -0.0019427949898721028 -0.00040554113597897953 0.0033562864758520544 -0.00017275603460103201 0.00079239017145334579 -0.0027093512952256677 0.001041836727252207 0.0006159446100863432
leaf_weight=53843 121 381 295 204 69 266 58 11364 932 137 49 44 57 50 47 101 162 41 242 202 1547 110 45 266 72 52 43 51 912 2160
leaf_count=53843 121 381 295 204 69 266 58 11364 932 137 49 44 57 50 47 101 162 41 242 202 1547 110 45 266 72 52 43 51 912 2160
internal_value=-1.79539e-12 -6.55826e-05 0.000641648 0.000326843 0.000148056 0.000968708 0.00240092 0.000122922 -0.000305019 0.000799464 0.000729272 0.00126597 0.00062227 0.000961004 0.000656201 0.00115961 0.000704443 0.000215555 0.00157491 0.000169209 0.000301614 0.000171701 0.000158466 0.000622284 0.00209348 0.0012021 -7.3221e-05 -0.00110749 0.000650905 0.000503943
internal_weight=73923 67068 6855 2289 13225 393 127 12832 1313 4566 4187 696 3491 575 3442 531 357 2085 379 2044 1749 11519 11409 3385 174 102 195 94 3338 2426
internal_count=73923 67068 6855 2289 13225 393 127 12832 1313 4566 4187 696 3491 575 3442 531 357 2085 379 2044 1749 11519 11409 3385 174 102 195 94 3338 2426
is_linear=0
shrinkage=0.03


Tree=102
num_leaves=31
num_cat=0
split_feature=34 33 6 6 8 21 53 31 35 35 8 55 7 30 21 14 39 29 26 66 63 9 35 35 51 15 45 7 56 6
split_gain=3.26907 0.803042 0.466177 0.462264 0.49073 0.352594 0.334553 0.304594 0.295833 0.291774 0.275855 0.272762 0.289871 0.256457 0.255201 0.417646 0.250429 0.257647 0.25464 0.254343 0.267976 0.246194 0.237031 0.233875 0.230154 0.22946 0.225986 0.220034 0.214898 0.244233
threshold=9.7069921493530291 3.174242496490479 0.54500000000000015 0.21500000000000002 0.48266666666666674 0.45500000000000007 26.500000000000004 11.704053401947023 0.72318005561828624 0.58898946642875682 0.11800000000000002 30.900000000000002 0.56166666666666687 7.9375000000000009 0.19500000000000003 0.22500000000000003 0.26483057439327246 9.9000000953674334 26.500000000000004 64.500000000000014 -0.10758270377083544 0.43681177460244375 0.81530213356018078 0.030776515603065494 0.065758660435676589 -0.18096098421301671 1.6333333253860476 0.32416666666666677 22.164170782562774 1.0000000180025095e-35
decision_type=10 10 8 8 8 2 10 10 8 10 8 10 10 10 2 10 10 10 2 10 10 8 10 8 10 8 8 10 10 10
left_child=1 9 6 5 7 -3 -2 11 16 10 23 12 14 -4 24 27 -6 -18 -19 20 -20 -8 -10 -1 25 -5 -9 -16 -25 -30
right_child=2 3 13 4 8 -7 21 26 22 -11 -12 -13 -14 -15 15 -17 17 18 19 -21 -22 -23 -24 28 -26 -27 -28 -29 29 -31
leaf_value=-1.1473030887867373e-05 0.00065587444997183939 -0.00033563584972406794 0.0023644409406679374 -0.0016896664540593821 0.00021928502532645109 0.0025173338886816054 -0.00028392387816885415 0.0034914541554330342 0.0026428938668527423 -0.0023957122504682047 -0.00012489785926574873 -0.00019258959915506994 -0.0018914616408292205 0.00080184251217787518 0.001858678188182782 0.0036186354369034664 -0.000686931285746716 0.0009326549561081242 -0.001863617030545496 -0.0015515703030784301 0.00047573680684508617 0.00047328330881557323 -7.1257590025197712e-05 0.0014039443647100899 0.0012550683575067137 0.00048447371375841611 0.0011679400145463896 -0.00067704793350697545 -0.00080646213246848364 0.00046193713072493169
leaf_weight=4495 1594 1540 97 45 2910 40 904 44 73 50 52195 426 40 3710 67 68 680 237 52 108 289 675 48 180 369 1500 262 57 158 1010
leaf_count=4495 1594 1540 97 45 2910 40 904 44 73 50 52195 426 40 3710 67 68 680 237 52 108 289 675 48 180 369 1500 262 57 158 1010
internal_value=3.40981e-12 -6.44197e-05 0.000617829 0.000201706 0.000302721 -0.000263409 0.000349279 0.000607271 0.000103381 -0.000104988 -0.000103015 0.000500817 0.000638464 0.000841657 0.000686516 0.0017292 6.19868e-05 -0.000273107 0.000137098 -0.000282828 0.000119002 3.97714e-05 0.00156621 9.24652e-05 0.00058192 0.000421149 0.00150204 0.000693062 0.000439055 0.000290356
internal_weight=73923 66943 6980 8855 7275 1580 3173 2878 4397 58088 58038 2572 2146 3807 2106 192 4276 1366 686 449 341 1579 121 5843 1914 1545 306 124 1348 1168
internal_count=73923 66943 6980 8855 7275 1580 3173 2878 4397 58088 58038 2572 2146 3807 2106 192 4276 1366 686 449 341 1579 121 5843 1914 1545 306 124 1348 1168
is_linear=0
shrinkage=0.03


Tree=103
num_leaves=31
num_cat=0
split_feature=34 6 30 21 14 61 33 53 6 21 33 40 29 55 35 42 42 57 38 30 46 57 21 53 32 35 53 9 33 11
split_gain=3.08411 0.783726 0.341017 0.320171 0.292218 0.319149 0.305887 0.265118 0.259134 0.248861 0.239639 0.221913 0.279843 0.214662 0.21354 0.326472 0.325 0.212447 0.363124 0.310879 0.263579 0.247213 0.211887 0.204628 0.219476 0.203879 0.199588 0.226384 0.342823 0.271363
threshold=4.4309523105621347 0.35500000000000004 13.687500000000002 0.46500000000000008 0.22500000000000003 3.1666666666666674 21.062500000000004 16.500000000000004 1.0000000180025095e-35 0.025000000000000005 0.10555555671453477 0.25264884531497961 4.0999999046325692 27.325000000000003 0.33687943220138555 0.30568869411945349 0.44381844997406011 28.408333333333335 0.52276676893234264 20.437500000000004 4.4451563358306894 28.607692307692314 0.10500000000000002 38.500000000000007 13.037138462066652 0.65301004052162182 31.500000000000004 0.26466909549939932 10.379807472229006 0.21481347599768655
decision_type=10 8 10 2 10 8 8 10 10 2 10 8 10 10 10 10 8 8 10 10 8 8 2 10 10 8 10 8 10 8
left_child=10 3 4 8 -3 -6 7 -7 -2 23 -1 12 -5 -11 16 -16 -4 18 20 21 -17 -19 -20 24 -9 -12 27 28 -10 -29
right_child=1 2 14 11 5 6 -8 9 26 13 25 -13 -14 -15 15 17 -18 19 22 -21 -22 -23 -24 -25 -26 -27 -28 29 -30 -31
leaf_value=-0.00013970825477044443 -0.00078333873632723124 0.00033273726802573604 0.0005472707289088328 0.00089105905519853176 0.0028332625973925044 -0.0011072713407015221 -0.0015878279756833898 0.0003678554465693569 0.00040304219040039737 0.0033126957510673516 -1.7723562071299676e-05 -3.5850873183725131e-05 0.0042429047666955738 0.00090896707856416938 -0.0018068916356811921 0.00082708806456888411 0.0033238484085958498 -0.0014876002637373115 0.00079244255297791517 0.0015922580830051956 0.0036006563581311357 0.00040205933549999174 0.0024527522661082911 0.0027593402857459043 0.0024348109204681977 0.0020501432776840966 -0.00024763018171753494 -0.0013719482105411589 0.002981232344463933 8.4725482406476689e-05
leaf_weight=38657 329 5445 79 51 73 54 47 417 1408 74 20772 56 40 61 45 51 73 66 1765 194 78 1114 72 43 52 43 1138 125 48 1453
leaf_count=38657 329 5445 79 51 73 54 47 417 1408 74 20772 56 40 61 45 51 73 66 1765 194 78 1114 72 43 52 43 1138 125 48 1453
internal_value=2.35176e-12 0.000393101 0.000545228 7.22517e-05 0.00041229 0.000939892 0.000755112 0.000912199 2.72547e-05 0.00108075 -9.55189e-05 0.00145002 0.0023644 0.00222657 0.000780737 0.000731342 0.00188076 0.00076554 0.000965561 0.000479338 0.00250413 0.000296367 0.000857517 0.000778628 0.000597027 -1.34517e-05 9.11774e-05 0.000218258 0.000488037 -3.06638e-05
internal_weight=73923 14451 9803 4648 6266 821 748 701 4501 647 59472 147 91 135 3537 3385 152 3340 1966 1374 129 1180 1837 512 469 20815 4172 3034 1456 1578
internal_count=73923 14451 9803 4648 6266 821 748 701 4501 647 59472 147 91 135 3537 3385 152 3340 1966 1374 129 1180 1837 512 469 20815 4172 3034 1456 1578
is_linear=0
shrinkage=0.03


Tree=104
num_leaves=31
num_cat=0
split_feature=34 35 6 8 6 53 22 30 39 21 36 63 22 18 53 9 45 12 12 46 55 6 64 26 5 10 36 26 7 38
split_gain=2.91306 0.720269 0.419208 0.321737 0.428405 0.311559 0.26272 0.24405 0.279886 0.234819 0.232766 0.232263 0.292558 0.244956 0.225957 0.225208 0.222934 0.225802 0.220808 0.278488 0.21421 0.208212 0.205121 0.200992 0.219998 0.216093 0.200846 0.200395 0.199657 0.243315
threshold=9.7069921493530291 0.14119601994752887 0.54500000000000015 0.48266666666666674 0.34500000000000003 26.500000000000004 2.5000000000000004 8.0625000000000018 0.27461628615856176 0.36500000000000005 0.61540621519088756 -0.12857190359497139 20.500000000000004 1.0000000180025095e-35 16.500000000000004 0.43681177460244375 0.55000001192092907 0.37813710146972823 0.12687204885140724 0.7648511826992036 34.100000000000009 0.055000000000000007 1.0000000180025095e-35 89.500000000000014 1.0000000180025095e-35 0.58756443298969085 0.54402893781661998 42.500000000000007 0.15833333333333341 0.21887276321649554
decision_type=10 10 8 8 10 10 2 10 10 2 10 10 2 2 10 8 8 10 8 10 10 10 2 2 2 8 8 2 10 10
left_child=1 18 5 4 11 28 -6 8 -4 14 -5 12 -3 16 -8 26 -13 21 19 -1 -16 -18 -11 24 -9 -25 -7 -26 29 -2
right_child=2 3 7 10 6 15 9 23 -10 22 -12 13 -14 -15 20 -17 17 -19 -20 -21 -22 -23 -24 25 27 -27 -28 -29 -30 -31
leaf_value=0.00015048314298910957 0.00047134981538296078 0.0019935241410313476 0.00070214542694045049 -2.9606495875399211e-05 0.0025096235557419944 -0.00017978777046659863 -0.00066564250016762382 0.0008739531660162987 0.0038457320296321996 0.00088434941412226565 0.0010524036478809016 -0.00085244228823079928 -0.0002323732110756194 0.0021245848535909316 0.0007246282692387274 0.00044449703746633735 -0.00072616165916753112 -0.0017115606339724702 -0.00010981747206354083 0.0026767184315831401 -0.001103163550957106 0.00027668512507907436 0.0033429847592756582 0.00064083227572606972 0.00067018846135257393 -0.0011145430930338581 -0.002280669276559249 -0.0013340986488295625 0.00054424691664997041 0.003663652593136898
leaf_weight=2163 44 124 52 4150 71 861 126 3256 50 74 187 266 93 48 1510 675 214 61 56263 40 60 1441 52 163 104 103 43 79 1508 42
leaf_count=2163 44 124 52 4150 71 861 126 3256 50 74 187 266 93 48 1510 675 214 61 56263 40 60 1441 52 163 104 103 43 79 1508 42
internal_value=1.46463e-12 -6.08108e-05 0.000583218 0.000197621 0.000386789 0.000328556 0.000719275 0.00079547 0.00224312 0.000649509 1.70469e-05 0.000106683 0.00103957 6.96054e-06 0.000556679 2.9873e-05 -4.4324e-05 8.09437e-05 -9.8281e-05 0.000196352 0.000654776 0.000147012 0.00189902 0.000755615 0.000817068 -3.88807e-05 -0.000279719 -0.00019505 0.000624427 0.00203038
internal_weight=73923 66943 6980 8477 4140 3173 1893 3807 102 1822 4337 2247 217 2030 1696 1579 1982 1716 58466 2203 1570 1655 126 3705 3439 266 904 183 1594 86
internal_count=73923 66943 6980 8477 4140 3173 1893 3807 102 1822 4337 2247 217 2030 1696 1579 1982 1716 58466 2203 1570 1655 126 3705 3439 266 904 183 1594 86
is_linear=0
shrinkage=0.03


Tree=105
num_leaves=31
num_cat=0
split_feature=29 34 57 30 18 57 8 6 8 64 57 41 31 26 39 35 21 31 30 41 41 35 57 14 36 33 37 15 39 40
split_gain=2.74508 0.67156 0.336703 0.277756 0.275621 0.403845 0.292965 0.257263 0.344569 0.331668 0.303558 0.302198 0.336629 0.358754 0.274665 0.265873 0.27085 0.249961 0.255717 0.242208 0.376739 0.301195 0.255875 0.240888 0.257116 0.240814 0.240113 0.236399 0.231878 0.240598
threshold=9.9000000953674334 2.7651654481887822 28.408333333333335 20.062500000000004 1.0000000180025095e-35 23.160256410256412 0.37100000000000005 0.34500000000000003 0.48266666666666674 1.0000000180025095e-35 29.148351648351653 0.36728036403656011 9.6292109489440936 34.500000000000007 0.28129823505878454 0.38956639170646673 0.45500000000000007 19.904785156250004 8.7750000953674334 0.30000621080398565 0.27668987214565283 0.47673159837722784 24.031250000000004 -0.17499999999999993 0.4977103471755982 7.4833333492279062 0.26254816353321081 -0.40458908396664889 0.32103291153907781 0.29639284312725073
decision_type=10 8 10 10 2 10 10 8 8 2 10 10 10 2 10 10 2 10 10 8 10 8 10 8 10 10 8 8 10 10
left_child=1 -1 17 -4 7 6 -6 9 11 26 15 19 -13 -14 -10 16 28 18 25 20 -9 -21 -22 -16 -25 -2 -3 -20 29 -11
right_child=2 4 3 -5 5 -7 -8 8 14 10 -12 12 13 -15 23 -17 -18 -19 27 21 22 -23 -24 24 -26 -27 -28 -29 -30 -31
leaf_value=-0.0001054938248267077 0.00034834330885718433 -8.8345531351201857e-05 0.00017150343633834741 0.0013313686681110139 0.0036285065881826953 0.0002511849733543516 0.00073587905816284232 0.00044190506787612793 0.00018179432926740399 0.00047188812446546127 -0.0003810845467967489 0.0024678489998300329 0.0020175847504287957 -0.0013347571781122173 -0.0022992425501914852 -0.0017490459572365308 0.0027595639921491966 0.0014584619238210165 0.0027008759762975386 0.00020971092023614371 0.0002081341641023755 -0.0018426155798849375 0.0031290487570306618 -0.00047143894099559825 0.0018157468303979839 0.0027885949736902193 -0.0006859496328546189 0.00058288739114177265 0.0023436376355637453 -0.001553168397407386
leaf_weight=53843 59 2799 2085 204 69 266 58 1297 4533 1322 497 146 56 59 59 47 48 379 48 265 40 85 83 564 48 95 772 3985 57 55
leaf_count=53843 59 2799 2085 204 69 266 58 1297 4533 1322 497 146 56 59 59 47 48 379 48 265 40 85 83 564 48 95 772 3985 57 55
internal_value=2.96433e-13 -5.8446e-05 0.000571825 0.000274873 0.0001331 0.000915682 0.00230746 0.000109132 0.000227279 -4.35909e-05 0.000263008 0.00055868 0.00151165 0.000297688 9.79406e-05 0.00047237 0.000542819 0.000720691 0.000653909 0.000418157 0.000592385 -0.000288711 0.00217916 -0.000468541 -0.000292052 0.00185369 -0.000217539 0.000608095 0.000468619 0.000391004
internal_weight=73923 67068 6855 2289 13225 393 127 12832 7235 5597 2026 2031 261 115 5204 1529 1482 4566 4187 1770 1420 350 123 671 612 154 3571 4033 1434 1377
internal_count=73923 67068 6855 2289 13225 393 127 12832 7235 5597 2026 2031 261 115 5204 1529 1482 4566 4187 1770 1420 350 123 671 612 154 3571 4033 1434 1377
is_linear=0
shrinkage=0.03


Tree=106
num_leaves=31
num_cat=0
split_feature=34 35 6 8 6 53 22 30 39 59 66 21 36 53 11 9 55 42 38 74 6 12 26 63 73 30 43 64 7 38
split_gain=2.60887 0.639356 0.383046 0.297571 0.382503 0.288932 0.242952 0.2321 0.262308 0.221756 0.288025 0.221568 0.212436 0.210751 0.208568 0.207398 0.199892 0.198389 0.195865 0.389872 0.266978 0.194631 0.192332 0.214299 0.200595 0.213222 0.210642 0.191846 0.190722 0.229145
threshold=9.7069921493530291 0.14119601994752887 0.54500000000000015 0.48266666666666674 0.34500000000000003 26.500000000000004 2.5000000000000004 8.0625000000000018 0.27461628615856176 0.37950110916118202 48.500000000000007 0.36500000000000005 0.61540621519088756 16.500000000000004 0.14650138274246219 0.43681177460244375 34.100000000000009 0.2638362348079682 0.51531758904457103 346.00000000000006 0.71500000000000008 0.25558720887379932 24.500000000000004 0.035986698669633506 2101.0500000000006 21.645833015441898 1.0000000180025095e-35 1.0000000180025095e-35 0.15833333333333341 0.21887276321649554
decision_type=10 10 8 8 10 10 2 10 10 10 10 2 10 10 8 8 10 10 10 2 8 10 2 8 2 10 8 2 10 10
left_child=1 14 5 4 9 28 -6 8 -4 10 21 13 -5 -8 -1 -7 -15 -11 20 -20 -14 -3 23 -9 25 26 -24 -13 29 -2
right_child=2 3 7 12 6 15 11 22 -10 17 -12 27 18 16 -16 -17 -18 -19 19 -21 -22 -23 24 -25 -26 -27 -28 -29 -30 -31
leaf_value=0.00012187934180149268 0.00045460283840921789 0.0016675506604249299 0.00067478083552067309 -3.2294204443853935e-05 0.0024037066199095315 -0.00027623227256745988 -0.00065571121940766241 0.00074742443584350084 0.0037180507914628832 0.00011759614742417892 -7.5255075643288044e-05 0.00084739395417273041 0.00016729719008364509 0.00068698316785343651 -0.00010780299252665907 0.00041875770703773014 -0.0010786686603969429 -0.00063377772429469093 0.0016984967337985936 -0.0022091855535982174 0.0034047749285729457 1.7335608946891981e-05 0.0017859348650428376 0.0016791566925973671 -0.00063901362071097222 0.0018502511745365337 0.00051756042833145952 0.0032251419481830316 0.00051505725952651191 0.003552557284451073
leaf_weight=3806 44 232 52 4150 71 904 126 624 50 1188 307 74 41 1510 54660 675 60 431 54 40 52 89 124 345 115 125 2372 52 1508 42
leaf_count=3806 44 232 52 4150 71 904 126 624 50 1188 307 74 41 1510 54660 675 60 431 54 40 52 89 124 345 115 125 2372 52 1508 42
internal_value=-1.00815e-12 -5.75484e-05 0.000551928 0.000185936 0.00036786 0.000308498 0.00068203 0.000754819 0.00216658 0.000103185 0.000581706 0.000614939 1.22753e-05 0.000524767 -9.28512e-05 2.0866e-05 0.000619506 -8.24299e-05 0.00100138 3.56532e-05 0.0019775 0.00121001 0.000715953 0.00107916 0.000587319 0.000641126 0.000580573 0.00182869 0.000593423 0.00196756
internal_weight=73923 66943 6980 8477 4140 3173 1893 3807 102 2247 628 1822 4337 1696 58466 1579 1570 1619 187 94 93 321 3705 969 2736 2621 2496 126 1594 86
internal_count=73923 66943 6980 8477 4140 3173 1893 3807 102 2247 628 1822 4337 1696 58466 1579 1570 1619 187 94 93 321 3705 969 2736 2621 2496 126 1594 86
is_linear=0
shrinkage=0.03


Tree=107
num_leaves=31
num_cat=0
split_feature=34 1 21 33 43 26 41 35 57 39 59 8 7 74 58 55 52 28 29 34 76 59 57 1 6 36 6 36 40 8
split_gain=2.45742 0.563137 0.402426 0.351969 0.332831 0.321049 0.393526 0.343742 0.320446 0.376171 0.332748 0.318966 0.347494 0.312837 0.377477 0.312646 0.304193 0.288636 0.283574 0.267704 0.258682 0.341793 0.253342 0.308218 0.250763 0.390759 0.343779 0.249914 0.311586 0.244441
threshold=6.417635679244996 1.5000000000000002 0.40500000000000008 0.88194444775581371 4.5000000000000009 31.500000000000004 0.48890183866024023 0.15301003307104113 17.875000000000004 0.47439032793045049 0.47810889595934908 0.36225000000000013 0.39166666666666677 476.60000000000008 0.43121835720486307 31.100000000000005 0.30019012093544012 11.833333492279055 11.633333683013918 8.0043478012084979 1.0000000180025095e-35 0.4318205843212099 28.516666666666669 2.5000000000000004 0.6150000000000001 0.61540621519088756 0.74500000000000011 0.47439289093017584 0.52638193964958202 0.11291666666666669
decision_type=10 8 2 10 8 2 10 8 10 10 10 10 10 2 10 10 8 10 10 10 2 8 8 10 10 10 10 10 10 8
left_child=3 8 22 -1 -4 7 -7 -5 9 10 13 12 15 14 -2 16 -9 -10 -13 -6 21 -11 24 27 25 29 -26 -24 -29 -3
right_child=1 2 4 5 19 6 -8 11 17 20 -12 18 -14 -15 -16 -17 -18 -19 -20 -21 -22 -23 23 -25 26 -27 -28 28 -30 -31
leaf_value=-0.00010969967428031181 0.00089980230853682695 0.0019242407704272459 0.0035648360036869249 5.5287599488735279e-05 0.0025812512134179106 -6.6336069443696991e-05 -0.0029456012845472542 -5.6728343689724443e-05 0.00024537563531444389 0.00089322500665793602 -7.1538163741168214e-06 -3.3736973093014292e-05 0.0027416552052510761 0.0042069638149917757 0.0042307530922283017 -0.00048027244780193237 0.0011332266581435876 0.00067511931409044274 0.0024600851790286425 -0.00048788265017826824 0.0018408470781487894 -0.0017099314900115132 0.00015529767988877209 -0.0010270419661210436 0.0018651949151862353 -0.0023537850447852785 -0.00032836657440365877 -0.0023926609175503942 0.00051761155005654097 0.00017167133899231895
leaf_weight=49376 113 74 53 4503 41 6610 43 249 2183 115 57 899 78 71 42 180 865 3955 43 68 87 75 1106 329 187 54 98 81 56 2232
leaf_count=49376 113 74 53 4503 41 6610 43 249 2183 115 57 899 78 71 42 180 865 3955 43 68 87 75 1106 329 187 54 98 81 56 2232
internal_value=3.08937e-12 0.000412002 0.000147455 -7.26179e-05 0.00161476 6.33101e-05 -8.49455e-05 0.000207999 0.000584956 0.00127194 0.00204119 0.000505173 0.000797023 0.0025578 0.00180238 0.000679804 0.000867249 0.00052228 8.00999e-05 0.000666562 0.000486028 -0.000134337 9.10872e-05 -0.000210532 0.000270348 0.000168839 0.00111092 5.58322e-06 -0.00120306 0.000227912
internal_weight=73923 11077 4379 62846 162 13470 6653 6817 6698 560 283 2314 1372 226 155 1294 1114 6138 942 109 277 190 4217 1572 2645 2360 285 1243 137 2306
internal_count=73923 11077 4379 62846 162 13470 6653 6817 6698 560 283 2314 1372 226 155 1294 1114 6138 942 109 277 190 4217 1572 2645 2360 285 1243 137 2306
is_linear=0
shrinkage=0.03


Tree=108
num_leaves=31
num_cat=0
split_feature=34 35 10 14 8 6 11 29 58 58 59 5 58 63 11 19 28 29 28 21 1 32 58 42 57 33 53 71 45 45
split_gain=2.32784 0.579555 0.351687 0.336398 0.277501 0.412214 0.373721 0.295389 0.285975 0.274134 0.36424 0.240003 0.227921 0.264728 0.2806 0.25476 0.226779 0.226727 0.224212 0.210226 0.208346 0.436757 0.388573 0.341438 0.221343 0.37689 0.207294 0.198652 0.19853 0.3711
threshold=9.7069921493530291 0.033908046782016761 0.42689778021375724 -0.54499999999999982 0.48266666666666674 0.32500000000000007 0.35114716824373488 11.449999809265138 0.38995711209478306 0.38572645809973388 0.37950110916118202 1.0000000180025095e-35 0.38406397631216466 -0.21816008444472035 0.47078069948005413 1.0000000180025095e-35 22.500000000000004 8.0999999046325701 3.4166666269302373 0.115 1.5000000000000002 14.61451578140259 0.47845280962102538 0.37778602540493017 41.250000000000007 7.0746994018554696 23.500000000000004 8.5000000000000018 2.3666666746139531 1.2202395200729372
decision_type=10 8 8 8 8 10 10 10 10 10 10 2 8 10 8 2 10 10 10 2 8 8 10 10 8 8 10 2 10 10
left_child=1 18 3 -2 5 6 8 28 9 17 -11 12 13 -4 -15 16 -14 26 -1 -10 21 24 -23 -22 -6 -26 27 -3 29 -7
right_child=2 4 11 -5 20 7 -8 -9 19 10 -12 -13 15 14 -16 -17 -18 -19 -20 -21 23 22 -24 -25 25 -27 -28 -29 -30 -31
leaf_value=-0.00010523802492613698 0.0026518965922105978 0.00049873453946361584 -0.0010472657051510536 0.00013651556060807814 -2.0237910560645899e-05 0.0003800552455674922 -0.0010082314957699347 0.0018411478548350328 -0.00012776587846220395 0.0035972136789562434 0.00040925862523391305 -0.0002263907918347216 0.00053959827489509103 0.002418039597666068 0.0009781239117949707 -0.0015243416732889327 0.0014644268279536501 -0.0012351824334581141 -0.00095216716659854265 0.00061604119227086373 -0.00018468560178982267 0.0021890721984297759 -0.00067162885472683571 -0.0023674979939294809 0.0033690738340516049 0.0003810958985955514 -4.3585577823600596e-05 0.0017953095352859236 -0.0014208843806238077 0.0018562945989039127
leaf_weight=47501 49 935 52 2040 6956 2564 279 141 3061 55 78 260 3034 137 1098 51 259 81 283 385 2827 155 59 66 41 518 624 120 51 163
leaf_count=47501 49 935 52 2040 6956 2564 279 141 3061 55 78 260 3034 137 1098 51 259 81 283 385 2827 155 59 66 41 518 624 120 51 163
internal_value=1.77985e-12 -5.43605e-05 0.000521354 0.000195517 8.50421e-05 0.000212398 6.21331e-05 0.000501601 0.000118067 0.000414303 0.00172759 0.000660523 0.000710317 0.00104957 0.00113786 0.000579751 0.000612338 0.000315061 -0.000110254 -4.4665e-05 -1.73146e-05 6.39727e-05 0.00140037 -0.000234484 2.59168e-05 0.00060025 0.000389849 0.000646212 0.000433611 0.000468294
internal_weight=73923 66943 6980 2089 19159 8537 5618 2919 5339 1893 133 4891 4631 1287 1235 3344 3293 1760 47784 3446 10622 7729 214 2893 7515 559 1679 1055 2778 2727
internal_count=73923 66943 6980 2089 19159 8537 5618 2919 5339 1893 133 4891 4631 1287 1235 3344 3293 1760 47784 3446 10622 7729 214 2893 7515 559 1679 1055 2778 2727
is_linear=0
shrinkage=0.03


Tree=109
num_leaves=31
num_cat=0
split_feature=34 6 21 1 57 55 14 61 5 12 15 33 27 35 57 6 15 76 11 14 1 56 37 53 26 8 14 42 56 63
split_gain=2.19209 0.592291 0.282083 0.269798 0.368305 0.329425 0.289251 0.311226 0.240988 0.234911 0.294262 0.254624 0.257912 0.236628 0.324051 0.231423 0.228318 0.281345 0.224727 0.267589 0.242563 0.216526 0.213193 0.212147 0.258479 0.211578 0.233927 0.225178 0.225262 0.210905
threshold=4.4309523105621347 0.35500000000000004 0.46500000000000008 1.5000000000000002 28.516666666666669 30.100000000000005 0.22500000000000003 2.8333333333333335 1.0000000180025095e-35 0.31457023659699473 -0.012814716928640979 16.408332824707035 25.500000000000004 0.58898946642875682 24.654761904761909 1.0000000180025095e-35 0.22566048752007012 1.0000000180025095e-35 0.32836123751757013 0.21500000000000008 2.5000000000000004 34.202456889027012 0.25004425644874578 35.500000000000007 74.500000000000014 0.11291666666666669 0.050000000000000017 0.025160253047943119 21.581562318158628 0.10701754350419208
decision_type=10 8 2 8 8 8 10 8 2 8 8 8 10 10 8 10 8 2 8 10 10 8 8 10 2 8 8 8 10 10
left_child=25 2 15 8 6 18 7 -5 9 10 -3 12 -11 23 -15 -2 -8 -18 -6 20 -20 29 -4 24 -13 26 -1 -28 -29 -7
right_child=1 3 22 4 5 21 16 -9 -10 11 -12 13 -14 14 -16 -17 17 -19 19 -21 -22 -23 -24 -25 -26 -27 27 28 -30 -31
leaf_value=-2.7468960681815442e-05 -0.00075577536603155628 0.0039086447748450156 0.0023079047146182898 -0.0013013630493378062 0.00079478171263398388 0.00025740683238508697 0.0027071879407426771 0.00042025839059927521 -0.0002307003854743757 0.0004237233319412749 0.001050386035104135 0.001983403750660155 0.0026125275835214299 0.00171394521007939 0.00041024696093485118 7.0659896987444704e-05 0.00023150080529466728 0.0025070710495851043 -0.0003868520078906459 -0.0031892981740605569 -0.0022216538597315707 -0.00050027821388749338 -1.0834215705084508e-05 0.00043228062989323263 0.00018382038159126584 -9.8447343888868283e-05 0.00015370690402259648 0.002584258910137578 0.0006836433359986633 0.0018399032532119544
leaf_weight=3854 329 40 86 101 71 266 78 1469 324 4322 171 391 49 205 1053 4172 181 67 310 46 82 208 61 175 88 54052 1046 64 456 106
leaf_count=3854 329 40 86 101 71 266 78 1469 324 4322 171 391 49 205 1053 4172 181 67 310 46 82 208 61 175 88 54052 1046 64 456 106
internal_value=1.78704e-12 0.000331412 5.24875e-05 0.000463661 0.000225803 -0.000213899 0.000478353 0.000309504 0.000567798 0.000607637 0.00159224 0.000574571 0.00044826 0.000863329 0.000622694 1.02517e-05 0.00129152 0.000846272 -0.00077088 -0.00102467 -0.000770663 0.0002749 0.00134571 0.0013262 0.00165279 -8.05292e-05 9.81635e-05 0.000407351 0.000917565 0.000708333
internal_weight=73923 14451 4648 9803 2985 1089 1896 1570 6818 6494 211 6283 4371 1912 1258 4501 326 248 509 438 392 580 147 654 479 59472 5420 1566 520 372
internal_count=73923 14451 4648 9803 2985 1089 1896 1570 6818 6494 211 6283 4371 1912 1258 4501 326 248 509 438 392 580 147 654 479 59472 5420 1566 520 372
is_linear=0
shrinkage=0.03


Tree=110
num_leaves=31
num_cat=0
split_feature=34 33 6 8 10 14 21 35 31 7 55 35 39 8 35 51 8 15 29 26 66 63 26 5 58 63 11 19 53 45
split_gain=2.08115 0.522426 0.384157 0.37155 0.322793 0.318223 0.297796 0.286849 0.252746 0.239916 0.255401 0.236153 0.259238 0.228697 0.227898 0.226581 0.382627 0.275073 0.220389 0.22739 0.23912 0.248063 0.217797 0.216227 0.214945 0.248639 0.263073 0.23578 0.216861 0.207351
threshold=9.7069921493530291 3.174242496490479 0.21500000000000002 0.48266666666666674 0.42689778021375724 -0.54499999999999982 0.45500000000000007 0.58898946642875682 11.704053401947023 0.56166666666666687 30.900000000000002 0.72318005561828624 0.26483057439327246 0.11800000000000002 0.81530213356018078 0.07132637128233911 0.20600000000000004 -0.18096098421301671 9.9000000953674334 26.500000000000004 64.500000000000014 -0.10758270377083544 22.500000000000004 1.0000000180025095e-35 0.38406397631216466 -0.21816008444472035 0.47078069948005413 1.0000000180025095e-35 32.500000000000007 1.6333333253860476
decision_type=10 10 8 8 8 8 2 10 10 10 10 8 10 8 10 10 10 8 10 2 10 10 2 2 8 10 8 2 10 8
left_child=1 7 6 8 5 -2 -3 13 9 10 15 12 -5 22 -13 17 -17 -4 -14 -20 21 -21 -1 24 25 -6 -27 28 -26 -10
right_child=4 2 3 11 23 -7 -8 -9 29 -11 -12 14 18 -15 -16 16 -18 -19 19 20 -22 -23 -24 -25 27 26 -28 -29 -30 -31
leaf_value=0.00023424229971248054 0.0025698916175953888 -0.00032713069984150367 -0.0017450059900875202 0.00020494051850409117 -0.0010291159575661788 0.00012340463618163672 0.0022947876426042055 -0.002355430149869062 0.0032410278760851893 -0.0018531426691972626 -0.00021060110862805123 0.0024445984953988904 -0.00067877183354464834 -0.00010208906397504978 -0.00021675401018001137 0.0039905196123915477 0.00092642392211740208 0.0005132708911046777 0.0008351364534020738 -0.0018313867912645666 -0.0015436585913670973 0.00041937337573182652 -0.00014653788046370349 -0.00021555202945567611 0.00040697338777619514 0.0023281204579041143 0.00093389967049244929 -0.0014774405675159548 0.00092444667903366165 0.0010153725694039418
leaf_weight=3719 49 1540 50 2910 52 2040 40 50 44 41 425 73 680 52195 48 41 348 1667 237 52 108 289 2124 260 2204 137 1098 51 1089 262
leaf_count=3719 49 1540 50 2910 52 2040 40 50 44 41 425 73 680 52195 48 41 348 1667 237 52 108 289 2124 260 2204 137 1098 51 1089 262
internal_value=1.49319e-12 -5.13994e-05 0.00016325 0.000255336 0.000492955 0.00018079 -0.000260753 -8.41208e-05 0.000520336 0.000423365 0.000460242 8.18837e-05 4.48997e-05 -8.21641e-05 0.00138886 0.000595622 0.00124937 0.000447509 -0.000296036 8.33513e-05 -0.000313471 7.6149e-05 9.58242e-05 0.000626285 0.000673548 0.001003 0.00108856 0.000546753 0.000578103 0.0013354
internal_weight=73923 66943 8855 7275 6980 2089 1580 58088 2878 2572 2531 4397 4276 58038 121 2106 389 1717 1366 686 449 341 5843 4891 4631 1287 1235 3344 3293 306
internal_count=73923 66943 8855 7275 6980 2089 1580 58088 2878 2572 2531 4397 4276 58038 121 2106 389 1717 1366 686 449 341 5843 4891 4631 1287 1235 3344 3293 306
is_linear=0
shrinkage=0.03


Tree=111
num_leaves=31
num_cat=0
split_feature=33 17 44 43 21 28 29 57 30 8 38 26 5 63 36 35 1 34 63 26 13 35 9 53 37 63 14 36 14 38
split_gain=1.96324 0.370597 0.330695 0.319812 0.277837 0.271686 0.266738 0.300682 0.248373 0.234436 0.227095 0.226356 0.273137 0.225651 0.253209 0.236918 0.301015 0.219083 0.48702 0.224251 0.210351 0.308714 0.281858 0.210334 0.204453 0.201272 0.199403 0.197715 0.32031 0.190655
threshold=5.6306817531585702 1.5000000000000002 2.5833333730697636 1.0091742873191836 0.40500000000000008 12.166666507720949 0.18316175043582919 27.483333333333338 13.291666507720949 0.14450000000000005 0.28742565214633947 34.500000000000007 1.0000000180025095e-35 -0.13576419903344222 0.54402893781661998 0.26247388124465948 1.5000000000000002 5.7965855598449716 -0.10437181081113152 22.500000000000004 -1.0000000180025095e-35 0.14434523880481723 0.33225086434901435 25.500000000000004 0.75025799870491039 -0.014700342704061229 0.020000000000000014 0.74185404181480419 -1.0000000180025095e-35 0.24358926713466647
decision_type=10 2 10 10 2 10 8 10 10 10 10 2 2 8 10 8 8 10 8 2 8 10 10 10 10 10 10 10 10 10
left_child=2 3 6 13 5 -3 -1 9 26 17 -9 -7 24 -2 15 -15 -17 19 -19 -8 21 -11 -23 25 27 -18 -6 -13 -29 -24
right_child=1 4 -4 -5 8 11 7 10 -10 20 -12 12 -14 14 -16 16 23 18 -20 -21 -22 22 29 -25 -26 -27 -28 28 -30 -31
leaf_value=-0.00012056265999725661 0.0021523757411632686 0.00025506621186533254 0.0017340413543507052 -0.001902282189607541 -0.00012083450683124671 0.00082250645533187353 0.00038537153486244141 -0.00011795100431292816 0.0036631155171780849 0.00010518916466850645 -0.0016664755270006891 0.00045771208788514917 -0.00077740773016070569 -0.00063991104697591432 -0.0019590602887683416 0.0024137422829293288 -9.7131563705347824e-05 0.003451449637184851 0.00047677787715707685 -8.0087644628526889e-05 -1.0493827596394246e-05 0.0030662089848445483 -0.00019938102312153205 -0.00077638808379591512 0.0014155086884957723 0.0024520269757602364 0.0020675639873793854 -0.0024992884654137823 0.00069830174259673727 0.0020962997065443133
leaf_weight=35378 40 5143 92 94 73 1906 2419 9570 40 461 86 2148 168 253 64 65 63 60 284 1515 13246 69 82 119 191 50 77 54 59 54
leaf_count=35378 40 5143 92 94 73 1906 2419 9570 40 461 86 2148 168 253 64 65 63 60 284 1515 13246 69 82 119 191 50 77 54 59 54
internal_value=-1.58796e-12 0.000377728 -6.32788e-05 -0.000266058 0.000426572 0.000404247 -6.58941e-05 3.56156e-06 0.00156266 7.53867e-05 -0.000131743 0.000573765 0.00039281 -3.08826e-05 -0.000173114 3.47048e-05 0.000609378 0.000269606 0.000995616 0.000206121 1.56635e-05 0.000535903 0.00150448 0.000103844 0.000472988 0.00103081 0.00100254 0.000393367 -0.00082975 0.000712139
internal_weight=73923 10607 63316 748 9859 9669 63224 27846 190 18190 9656 4526 2620 654 614 550 297 4278 344 3934 13912 666 205 232 2452 113 150 2261 113 136
internal_count=73923 10607 63316 748 9859 9669 63224 27846 190 18190 9656 4526 2620 654 614 550 297 4278 344 3934 13912 666 205 232 2452 113 150 2261 113 136
is_linear=0
shrinkage=0.03


Tree=112
num_leaves=31
num_cat=0
split_feature=34 35 6 53 8 6 11 58 58 59 29 30 39 28 29 53 45 45 41 1 31 63 42 57 33 71 12 61 21 10
split_gain=1.85478 0.47358 0.299529 0.266048 0.241192 0.358535 0.346415 0.262588 0.319115 0.34771 0.261731 0.218889 0.248156 0.213125 0.2129 0.193739 0.193494 0.33437 0.254852 0.191522 0.394152 0.417747 0.320934 0.195347 0.350681 0.186684 0.186655 0.195557 0.185952 0.244095
threshold=9.7069921493530291 0.033908046782016761 0.54500000000000015 26.500000000000004 0.48266666666666674 0.32500000000000007 0.35114716824373488 0.38903733037704274 0.38572645809973388 0.38546543475252443 11.449999809265138 8.0625000000000018 0.27461628615856176 3.4166666269302373 8.0999999046325701 23.500000000000004 2.3666666746139531 1.2202395200729372 0.28190258145332342 1.5000000000000002 16.952416419982914 0.049688326131299455 0.37778602540493017 41.250000000000007 7.0746994018554696 8.5000000000000018 0.11204242078081485 5.5833333333333348 0.45500000000000007 0.23950997652582162
decision_type=10 8 8 10 8 10 10 10 10 10 10 10 10 10 10 10 10 10 8 8 8 10 10 8 8 2 8 10 2 8
left_child=1 13 3 -2 5 6 7 8 14 -10 16 12 -4 -1 15 25 17 -7 -19 20 23 -22 -21 -6 -25 -3 27 -9 -28 -30
right_child=2 4 11 -5 19 10 -8 26 9 -11 -12 -13 -14 -15 -16 -17 -18 18 -20 22 21 -23 -24 24 -26 -27 28 -29 29 -31
leaf_value=-9.4158742784228211e-05 0.0005235210504735317 0.00047479218273749829 0.00056478476863748464 -2.5895107019666263e-05 -1.345731436152009e-05 0.00035242209377159625 -0.00097443746354040342 0.00032392934814291443 0.0034500640740753302 8.7596360722091038e-05 0.0017268609290600734 0.00060704466787756385 0.0035248226315248757 -0.00091988347011063806 -0.0012047795806494023 -4.9104180499083524e-05 -0.0014288847490388434 0.00046876223806757472 0.0028488192956270223 -0.0001778716266567844 0.0026410450307034457 -0.00074242567352484907 -0.0022941274964250625 0.0032392144830125135 0.00035760594915271063 0.0017317017658746181 -0.00015815582157092568 0.0023756707676083726 0.0022255551727974545 -0.00034669009575736707
leaf_weight=47501 1594 935 52 1579 7015 2564 279 232 62 50 141 3705 50 283 81 624 51 75 88 2827 104 48 66 41 521 120 3051 51 69 64
leaf_count=47501 1594 935 52 1579 7015 2564 279 232 62 50 141 3705 50 283 81 624 51 75 88 2827 104 48 66 41 521 120 3051 51 69 64
internal_value=2.01118e-12 -4.85236e-05 0.000465375 0.000250112 7.74908e-05 0.000196223 5.60831e-05 0.000109935 0.000396256 0.00194896 0.00046594 0.000644789 0.00201578 -9.90491e-05 0.000297447 0.000369919 0.00040194 0.00043618 0.0017537 -1.7935e-05 6.00013e-05 0.00157258 -0.000226151 2.96578e-05 0.00056783 0.000617758 -4.46632e-05 0.000693678 -0.000110288 0.000987783
internal_weight=73923 66943 6980 3173 19159 8537 5618 5339 1872 112 2919 3807 102 47784 1760 1679 2778 2727 163 10622 7729 152 2893 7577 562 1055 3467 283 3184 133
internal_count=73923 66943 6980 3173 19159 8537 5618 5339 1872 112 2919 3807 102 47784 1760 1679 2778 2727 163 10622 7729 152 2893 7577 562 1055 3467 283 3184 133
is_linear=0
shrinkage=0.03


Tree=113
num_leaves=31
num_cat=0
split_feature=33 34 17 43 35 26 63 58 57 36 46 53 5 58 66 33 35 30 38 55 8 35 51 66 7 38 63 14 67 58
split_gain=1.75448 0.34223 0.334099 0.299991 0.280532 0.31749 0.27636 0.260891 0.32436 0.274747 0.256393 0.216376 0.214972 0.200518 0.204269 0.192713 0.319268 0.424179 0.249218 0.203891 0.236207 0.272488 0.373444 0.296507 0.364163 0.18584 0.229439 0.184776 0.179383 0.389882
threshold=5.0333333015441903 13.504716873168947 1.5000000000000002 1.0091742873191836 0.66312056779861461 13.500000000000002 -0.095399237358695613 0.3950651851969656 23.968750000000004 0.5816735327243806 2.4959610700607304 17.500000000000004 1.0000000180025095e-35 0.54295206900889559 74.500000000000014 0.10555555671453477 0.52440476417541515 10.937500000000002 0.29932136833667761 26.450000000000003 0.22100000000000003 0.086335405707359328 0.0031715551158413295 49.500000000000007 0.21833333333333341 0.6845531463623048 -0.03578980550629015 -0.30499999999999988 5.5000000000000009 0.39948047731459246
decision_type=10 10 2 10 10 2 8 10 10 10 10 10 2 10 10 10 10 10 10 10 8 10 8 10 10 10 10 10 10 10
left_child=1 10 3 11 25 7 -3 8 -6 -9 15 -2 13 14 -7 16 -1 -18 19 20 21 -17 -23 28 -25 -4 -27 -20 -24 -30
right_child=2 6 4 -5 5 12 -8 9 -10 -11 -12 -13 -14 -15 -16 18 17 -19 27 -21 -22 22 23 24 -26 26 -28 -29 29 -31
leaf_value=-0.00010374136437068383 0.0013010130032536484 0.0029828799675218759 0.00029457674458143731 -0.0018516775232521778 0.001972929989822984 0.0004163075557933098 0.00054126448549574144 0.0041731416233457049 -0.00094084935058624689 0.0015872098284671664 0.0021720700030741485 -0.0002607958256997703 -0.0010023063867634113 0.0023076110735695929 0.001472875858280098 0.00015169326981870134 -0.0039943314022490416 -0.00032712374176480807 -0.0028586989421354133 -8.4837194969743232e-05 2.2465024628293836e-05 -0.00048122914819101383 0.0013141132861280559 3.6941790465442909e-05 0.0030542395136269208 2.4828841326177701e-05 0.0021852205269701349 -0.00056159028401699454 0.0045303587500556287 0.00071719667143296697
leaf_weight=39418 93 50 8403 94 73 1280 252 52 65 128 46 564 77 61 189 1933 44 80 43 10796 9113 158 220 252 42 77 104 118 55 43
leaf_count=39418 93 50 8403 94 73 1280 252 52 65 128 46 564 77 61 189 1933 44 80 43 10796 9113 158 220 252 42 77 104 118 55 43
internal_value=-1.14226e-13 -6.19539e-05 0.00034478 -0.000266514 0.000388464 0.000715776 0.000945505 0.00158187 0.000600498 0.00233426 -6.68328e-05 -3.97179e-05 0.000544389 0.00062223 0.000552245 -6.84856e-05 -0.000108523 -0.00162839 1.03281e-06 9.40703e-06 9.55158e-05 0.000341802 0.000819048 0.00115474 0.000467984 0.000315063 0.00126616 -0.0011751 0.00178967 0.00285724
internal_weight=73923 62663 11260 751 10509 1925 302 318 138 180 62361 657 1607 1530 1469 62315 39542 124 22773 22612 11816 2703 770 612 294 8584 181 161 318 98
internal_count=73923 62663 11260 751 10509 1925 302 318 138 180 62361 657 1607 1530 1469 62315 39542 124 22773 22612 11816 2703 770 612 294 8584 181 161 318 98
is_linear=0
shrinkage=0.03


Tree=114
num_leaves=31
num_cat=0
split_feature=34 33 10 14 6 11 37 40 28 35 63 10 31 29 63 5 58 63 11 17 27 14 31 31 33 36 14 71 29 7
split_gain=1.65533 0.426437 0.277676 0.302664 0.272174 0.300251 0.253804 0.327717 0.279288 0.251937 0.22352 0.20049 0.199234 0.202967 0.221523 0.19105 0.202575 0.235555 0.247828 0.222924 0.245411 0.199145 0.19699 0.191941 0.246082 0.227449 0.18979 0.189142 0.187992 0.185794
threshold=9.7069921493530291 2.3452380895614628 0.42689778021375724 -0.54499999999999982 0.21500000000000002 0.46160688756380358 0.39682582020759588 0.34630843997001654 9.416666507720949 0.55684757232666027 1.0000000180025095e-35 0.51910905550146069 6.875155210494996 9.9000000953674334 -0.044796084496191595 1.0000000180025095e-35 0.38406397631216466 -0.21816008444472035 0.47078069948005413 6.5000000000000009 26.500000000000004 0.060000000000000046 12.70341730117798 13.471628189086916 19.345238685607914 0.44543913006782537 -0.27499999999999986 7.5000000000000009 10.22499990463257 0.86166666666666691
decision_type=10 10 8 8 10 8 10 10 10 10 10 8 10 10 10 2 8 10 8 2 10 10 10 10 10 10 8 2 10 8
left_child=1 9 3 -2 6 -6 7 8 -3 -1 -8 12 -7 -14 -15 16 17 -4 22 23 -21 -22 28 25 27 -18 -20 -25 -19 -28
right_child=2 4 15 -5 5 11 10 -9 -10 -11 -12 -13 13 14 -16 -17 19 18 26 20 21 -23 -24 24 -26 -27 29 -29 -30 -31
leaf_value=-7.8097844254278799e-05 0.0024800785714570355 -5.6926286732906966e-05 -0.0010503654758660839 9.4147376757385183e-05 0.00047001355064027722 0.00033826394049234421 -0.0027520848161075263 0.0024827819693212707 -0.002140239321644481 -0.0021474581593340088 0.00014308205188717692 0.00013301862021942499 -0.0025313951840290603 0.00095347181877254369 -0.001403196706053859 -0.00022800792248633045 -0.00023641415623590817 0.0026961655999319955 0.0028384458637862866 0.0005264630970041995 0.00077162457614337514 0.0028172211425128179 0.0036460844513450589 0.0011901896986303694 -0.0011004530067868089 -0.0025492307856837485 0.00056160982327659579 -0.0008291940601980861 -0.00014309166408166653 0.0015003325530277276
leaf_weight=55530 49 3147 52 2040 2759 127 60 45 59 53 40 4900 67 56 100 260 206 43 42 2561 95 78 53 230 76 47 808 51 41 248
leaf_count=55530 49 3147 52 2040 2759 127 60 45 59 53 40 4900 67 56 100 260 206 43 42 2561 95 78 53 230 76 47 808 51 41 248
internal_value=1.29276e-13 -4.58404e-05 0.000439641 0.000150112 0.000121645 0.00021663 -0.000105371 -5.95804e-05 -9.52655e-05 -8.0071e-05 -0.00159402 8.34709e-05 -0.000610198 -0.00115035 -0.000557213 0.000563302 0.000607729 0.00092756 0.00101084 0.000484637 0.000600336 0.00169392 0.00221395 -3.3926e-05 0.000414062 -0.000666068 0.000860727 0.000823682 0.00131034 0.000782067
internal_weight=73923 66943 6980 2089 11360 8009 3351 3251 3206 55583 100 5250 350 223 156 4891 4631 1287 1235 3344 2734 173 137 610 357 253 1098 281 84 1056
internal_count=73923 66943 6980 2089 11360 8009 3351 3251 3206 55583 100 5250 350 223 156 4891 4631 1287 1235 3344 2734 173 137 610 357 253 1098 281 84 1056
is_linear=0
shrinkage=0.03


Tree=115
num_leaves=31
num_cat=0
split_feature=29 34 6 21 57 33 57 55 18 57 34 26 15 45 26 33 63 34 55 17 39 37 30 52 63 29 11 6 73 39
split_gain=1.5694 0.400597 0.340661 0.304108 0.304778 0.242292 0.244334 0.230078 0.244243 0.3208 0.362339 0.217377 0.218889 0.338502 0.217218 0.284968 0.287178 0.256073 0.216721 0.239461 0.216693 0.212305 0.215114 0.211141 0.210457 0.194487 0.193714 0.209522 0.296945 0.194528
threshold=9.9000000953674334 1.6695402264595034 0.055000000000000007 0.4250000000000001 28.408333333333335 17.861905097961429 28.607692307692314 31.300000000000001 1.0000000180025095e-35 23.861904761904764 4.89528512954712 68.500000000000014 0.17052188465309673 1.1993858218193056 11.500000000000002 12.63068199157715 0.019315552172264831 13.858058452606203 30.633333333333336 5.5000000000000009 0.26530282199382788 0.63515460491180431 10.645833492279055 0.37581168115139013 -0.21816008444472035 15.449999809265138 0.3633543080692147 0.46500000000000002 396.4500000000001 0.21877440065145495
decision_type=10 8 8 2 10 10 10 10 2 10 10 2 10 10 2 8 10 10 10 2 10 8 10 8 8 10 10 10 2 10
left_child=1 -1 20 4 14 6 25 8 11 10 -10 12 -4 26 15 16 -2 -17 19 -7 -3 22 23 -8 -16 -6 27 29 -29 -14
right_child=3 2 7 -5 5 18 21 -9 9 -11 -12 -13 13 -15 24 17 -18 -19 -20 -21 -22 -23 -24 -25 -26 -27 -28 28 -30 -31
leaf_value=-8.7883220409806236e-05 0.0011260568176517498 -0.0002389763644938591 0.00017591850302186936 0.002074635129002854 -0.00034390804507189763 -0.002156849285820499 -0.0025488918802390498 -0.00015669791456448414 0.00077562626168051229 0.00017915055742988338 0.0036045605284787379 -8.2080561830674838e-05 0.00086713860614289504 0.0026766411661325643 -0.0013804219859755702 -0.0010262490074590979 0.0034963043663185085 0.0010792884025619003 0.0010939820833819332 0.00033975457702078581 -0.0018548524085333785 -0.0020608835101268404 0.00025710919601283015 -0.00030807479382134306 0.00050510230842544513 -0.0030770744519707347 -0.00012795111410113691 0.0026457825619748735 -0.00010944524430669844 -0.0012567090037507267
leaf_weight=49493 119 1761 9514 100 53 40 45 2252 104 237 67 2875 145 72 54 70 75 202 366 255 78 43 1173 238 3980 42 256 109 52 53
leaf_count=49493 119 1761 9514 100 53 40 45 2252 104 237 67 2875 145 72 54 70 75 202 366 255 78 43 1173 238 3980 42 256 109 52 53
internal_value=8.6842e-13 -4.41921e-05 7.88466e-05 0.000432367 0.000408055 0.000123391 -7.68602e-05 0.000123999 0.000170879 0.000893699 0.00188404 0.000148325 0.000213261 0.00073041 0.000550704 0.00116395 0.00204239 0.000537422 0.000606295 1.23202e-06 -0.000307513 1.66439e-05 7.79994e-05 -0.000664388 0.000479862 -0.00155226 0.000502558 0.000952169 0.0017559 0.000298634
internal_weight=73923 67068 17575 6855 6755 2255 1594 15736 13484 408 171 13076 10201 687 4500 466 194 272 661 295 1839 1499 1456 283 4034 95 615 359 161 198
internal_count=73923 67068 17575 6855 6755 2255 1594 15736 13484 408 171 13076 10201 687 4500 466 194 272 661 295 1839 1499 1456 283 4034 95 615 359 161 198
is_linear=0
shrinkage=0.03


Tree=116
num_leaves=31
num_cat=0
split_feature=33 17 44 43 21 11 30 14 5 10 34 8 29 57 8 59 38 35 26 67 56 30 32 54 73 28 73 8 7 12
split_gain=1.48378 0.309114 0.286836 0.282549 0.249494 0.24412 0.225257 0.216513 0.214729 0.362608 0.345856 0.26925 0.211892 0.263887 0.219319 0.211401 0.210327 0.20741 0.262225 0.249206 0.23749 0.215417 0.213905 0.213522 0.19994 0.222594 0.206918 0.196907 0.237183 0.232818
threshold=5.6306817531585702 1.5000000000000002 2.5833333730697636 1.0091742873191836 0.40500000000000008 0.22082425055445504 13.291666507720949 -0.12000000000000001 1.0000000180025095e-35 0.19707639778062316 6.567455768585206 0.34633333333333344 0.18316175043582919 27.483333333333338 0.14450000000000005 0.44528131066092375 0.28742565214633947 0.51668518781661998 14.500000000000002 4.5000000000000009 21.31594352407274 6.5357143878936776 21.99516582489014 20.500000000000004 608.10000000000002 14.416666507720949 178.35000000000002 0.38100000000000012 0.37166666666666676 0.36691296387775035
decision_type=10 2 10 10 2 8 10 8 2 8 10 10 8 10 10 10 10 10 2 8 10 10 10 10 2 10 2 10 10 8
left_child=2 3 12 7 5 15 -6 -2 17 -10 -11 -12 -1 14 -14 -3 -15 21 19 -19 -21 27 -20 -23 26 -26 -22 28 -7 -29
right_child=1 4 -4 -5 6 8 -8 -9 9 10 11 -13 13 16 -16 -17 -18 18 22 20 24 23 -24 -25 25 -27 -28 29 -30 -31
leaf_value=-0.0001061726916684293 0.0019009689302765763 -0.00087945462517990741 0.0016188836120557466 -0.001797531377003984 0.00091615836531855159 0.00083478612590988626 0.0034498940070188835 -0.00019215518678567317 0.0024288250615300479 -0.0025974523458408851 0.0018123016171977559 -0.00044178613189485929 0.00025959644250632933 -0.0001090255717038226 1.3978441515920872e-05 0.00040743100061316743 -0.0015992867514534397 0.0026050861419418887 0.00042921116295231487 -0.0011173238350633294 0.0011370568664428086 0.0010284854061570388 0.0016212564183507299 0.0001412338573120901 0.0036131701272262154 0.001058914845598836 -0.00073237517443688015 -0.0017714919028803705 0.0026374025902227509 0.00048606233630280944
leaf_weight=35378 48 263 92 94 150 390 40 606 43 59 55 359 4278 9570 13912 204 86 93 2951 47 234 261 142 3773 53 73 69 45 79 476
leaf_count=35378 48 263 92 94 150 390 40 606 43 59 55 359 4278 9570 13912 204 86 93 2951 47 234 261 142 3773 53 73 69 45 79 476
internal_value=2.14991e-12 0.000328381 -5.50119e-05 -0.000259582 0.000372989 0.000351834 0.00144958 -3.85314e-05 0.000385792 -0.000208788 -0.000448572 -0.00014233 -5.74476e-05 4.45695e-06 7.17439e-05 -0.000317303 -0.000122298 0.000421114 0.000592822 0.0011847 0.000907189 0.000295955 0.000483938 0.000198639 0.00112899 0.00213332 0.000711345 0.000692495 0.00113843 0.000291072
internal_weight=73923 10607 63316 748 9859 9669 190 654 9202 516 473 414 63224 27846 18190 467 9656 8686 3662 569 476 5024 3093 4034 429 126 303 990 469 521
internal_count=73923 10607 63316 748 9859 9669 190 654 9202 516 473 414 63224 27846 18190 467 9656 8686 3662 569 476 5024 3093 4034 429 126 303 990 469 521
is_linear=0
shrinkage=0.03


Tree=117
num_leaves=31
num_cat=0
split_feature=34 6 21 5 17 1 42 34 73 20 14 41 59 29 74 41 56 34 14 47 6 26 6 17 59 46 18 8 14 42
split_gain=1.40636 0.427765 0.257791 0.211236 0.248164 0.242218 0.335479 0.326933 0.356552 0.223848 0.321899 0.303324 0.322408 0.317052 0.30488 0.255952 0.22018 0.211853 0.276699 0.205092 0.203554 0.198765 0.242525 0.209728 0.197384 0.192357 0.18152 0.178617 0.214238 0.196313
threshold=4.4309523105621347 0.35500000000000004 0.69500000000000006 1.0000000180025095e-35 1.5000000000000002 1.5000000000000002 0.57358041405677807 11.207215309143068 113.95 1.0000000180025095e-35 0.19500000000000006 0.45004056394100195 0.42938175096991943 7.6333332061767587 198.30000000000004 0.74622672796249401 21.792221912209062 6.8341424465179452 0.37500000000000011 1.7303030490875246 1.0000000180025095e-35 43.500000000000007 0.57500000000000007 37.500000000000007 0.42163664057199063 2.6803584098815922 1.0000000180025095e-35 0.11291666666666669 0.050000000000000017 0.025160253047943119
decision_type=10 8 2 2 2 8 10 10 2 2 8 8 10 10 2 10 8 10 8 10 10 2 10 2 10 10 2 8 8 8
left_child=27 2 20 4 5 6 7 8 -3 15 19 12 -12 -14 -13 -6 -7 -5 -19 21 -2 23 24 -11 -23 -21 -22 28 -1 -30
right_child=1 3 -4 17 9 16 -8 -9 -10 10 11 14 13 -15 -16 -17 -18 18 -20 25 26 22 -24 -25 -26 -27 -28 -29 29 -31
leaf_value=-2.0546406802245752e-05 -0.00070223393700061742 0.002096603282872343 0.00242640632824623 -0.0017823470840373731 0.00036230745453274719 0.0012264688115101307 -0.0013203032943897223 0.0030922239278916709 -0.0010206859442405403 0.00039242455418033785 0.0033307386761962255 -0.0009964533563726263 -0.00075982567587956553 0.002672103219805285 0.0020203763981790916 0.0012030877403485967 -0.0007801923842301673 -0.00030560483451960469 0.0019726229253657426 0.0028110860160283618 3.4107292340241008e-05 -0.00061484789547149932 -0.001496583363247205 0.0026955262692977809 0.0019328346239802026 0.0003563565569597163 0.0013603002154268322 -8.0965411062269694e-05 0.00015874288314984608 0.00087196364724401903
leaf_weight=3854 337 61 40 69 7341 56 61 59 72 233 121 64 47 50 57 341 406 335 56 59 4176 62 106 42 49 56 95 54052 1046 520
leaf_count=3854 337 61 40 69 7341 56 61 59 72 233 121 64 47 50 57 341 406 335 56 59 4176 62 106 42 49 56 95 54052 1046 520
internal_value=2.02409e-12 0.000265453 2.84131e-05 0.000377843 0.000408744 -0.000128349 0.000617811 0.00123357 0.000409048 0.000453252 0.000888698 0.00162921 0.00229776 0.00100921 0.000424698 0.000399629 -0.000536961 -0.000249767 2.06887e-05 0.000475136 7.59717e-06 0.000208532 -0.000470274 0.000744171 0.000509805 0.00161574 6.36058e-05 -6.4502e-05 9.96827e-05 0.000395572
internal_weight=73923 14451 4648 9803 9343 715 253 192 133 8628 946 339 218 97 121 7682 462 460 391 607 4608 492 217 275 111 115 4271 59472 5420 1566
internal_count=73923 14451 4648 9803 9343 715 253 192 133 8628 946 339 218 97 121 7682 462 460 391 607 4608 492 217 275 111 115 4271 59472 5420 1566
is_linear=0
shrinkage=0.03


Tree=118
num_leaves=31
num_cat=0
split_feature=34 35 10 14 56 26 8 6 27 15 42 57 6 35 36 28 34 64 56 21 38 39 42 37 6 56 14 22 39 9
split_gain=1.33379 0.345137 0.240655 0.284516 0.228328 0.274758 0.228153 0.339083 0.253166 0.301617 0.254126 0.257647 0.248016 0.217033 0.311793 0.205691 0.195441 0.223514 0.45681 0.393396 0.311346 0.254566 0.221874 0.255879 0.243164 0.219044 0.217294 0.225982 0.239118 0.213164
threshold=9.7069921493530291 0.033908046782016761 0.42689778021375724 -0.54499999999999982 32.295240803060814 37.500000000000007 0.38900000000000007 0.32500000000000007 7.1254258155822763 0.29279635986953068 0.18070394545793536 24.925824175824179 0.03500000000000001 0.81530213356018078 0.69091317057609569 3.4166666269302373 0.55597329139709484 1.0000000180025095e-35 22.21529934300181 0.39500000000000007 0.10509248822927476 0.48429021239280706 0.26165482401847845 0.28598242998123174 0.22500000000000003 23.256288011589643 -0.18499999999999991 28.500000000000004 0.22996947169303897 0.19424017526093287
decision_type=10 8 8 8 10 2 8 8 8 10 8 10 10 10 10 10 10 2 10 2 8 8 10 10 10 10 8 2 10 10
left_child=1 15 3 -2 5 6 12 -8 -9 10 11 -10 -3 14 -12 -1 -14 21 20 25 -19 22 26 -24 -25 -20 -18 -28 -29 -22
right_child=2 4 -4 -5 -6 -7 7 8 9 -11 13 -13 16 -15 -16 -17 17 18 19 -21 29 -23 23 24 -26 -27 27 28 -30 -31
leaf_value=-7.9476906771053598e-05 0.0023841343555903553 -0.00023755539547153353 0.00050976246683150886 7.0839970642710417e-05 -0.00026429235744813702 -4.5443566967912084e-05 -0.00061837401923915854 3.1313120906552873e-05 0.0033993808196341236 -0.0017921884582206911 0.00044073882325682727 0.00068619878429065765 -0.00016950647732765571 -0.0016806760213618939 0.0031088980881315543 -0.00089067178438321463 -0.00079183533185161646 0.00039416461095117546 -0.00076130860944928112 0.0027732845467648335 0.0048596215532161289 0.0024296102831687996 -0.001114364185646333 -0.0014009764352217748 0.0012562947452219354 0.00060780400787936826 0.00038631584048896378 0.00091705836262801616 0.0035199853072153038 0.0022087764292941861
leaf_weight=47501 49 554 4891 2040 1711 7066 575 4002 56 49 1021 72 423 41 41 283 125 58 119 70 40 51 199 43 111 905 1559 141 41 86
leaf_count=47501 49 554 4891 2040 1711 7066 575 4002 56 49 1021 72 423 41 41 283 125 58 119 70 40 51 199 43 111 905 1559 141 41 86
internal_value=2.36656e-12 -4.11482e-05 0.00039464 0.000125101 6.64288e-05 9.88602e-05 0.000197073 7.34601e-05 0.000148773 0.00051602 0.000607899 0.00187322 0.000357074 0.000461062 0.000543747 -8.42812e-05 0.000440032 0.000512702 0.000830045 0.000597438 0.00221305 0.00033404 0.000285876 -0.000403829 0.000514329 0.000448698 0.000416351 0.000503097 0.00150343 0.00305031
internal_weight=73923 66943 6980 2089 19159 17448 10382 5857 5282 1280 1231 128 4525 1103 1062 47784 3971 3548 1278 1094 184 2270 2219 353 154 1024 1866 1741 182 126
internal_count=73923 66943 6980 2089 19159 17448 10382 5857 5282 1280 1231 128 4525 1103 1062 47784 3971 3548 1278 1094 184 2270 2219 353 154 1024 1866 1741 182 126
is_linear=0
shrinkage=0.03


Tree=119
num_leaves=31
num_cat=0
split_feature=34 1 21 43 57 39 58 34 74 63 26 76 59 6 11 42 33 26 35 38 39 57 1 36 40 8 6 36 6 33
split_gain=1.25509 0.348808 0.333416 0.314278 0.288226 0.358031 0.309213 0.261719 0.259859 0.350402 0.246852 0.239051 0.313972 0.241526 0.221178 0.235565 0.214854 0.228486 0.409555 0.230746 0.204971 0.197123 0.258256 0.247609 0.289501 0.218668 0.211571 0.369437 0.322839 0.20351
threshold=6.417635679244996 1.5000000000000002 0.40500000000000008 4.5000000000000009 17.875000000000004 0.47439032793045049 0.50808418925667709 8.0043478012084979 476.60000000000008 -0.00079501881173843481 1.5000000000000002 1.0000000180025095e-35 0.4318205843212099 0.66500000000000015 0.19543555258445031 0.35929594933986669 0.10555555671453477 17.500000000000004 0.57359308004379284 0.49987477064132696 0.26205912232398992 28.516666666666669 2.5000000000000004 0.47439289093017584 0.52638193964958202 0.11291666666666669 0.6150000000000001 0.6076599955558778 0.74500000000000011 7.6306817531585702
decision_type=10 8 2 8 10 10 10 10 2 8 2 2 8 8 8 10 10 2 8 10 10 8 10 10 10 8 10 10 10 8
left_child=16 4 21 -4 5 6 8 -5 9 -2 -6 12 13 -7 15 -12 20 18 -18 -19 -1 25 23 -23 -25 -3 27 29 -28 -27
right_child=1 2 3 7 10 11 -8 -9 -10 -11 14 -13 -14 -15 -16 -17 17 19 -20 -21 -22 22 -24 24 -26 26 28 -29 -30 -31
leaf_value=-8.9589932752927263e-05 0.00027990663720464166 0.0018008706914544154 0.0033167632605072177 0.0023935895792503909 -0.0017718428291846064 -0.00043915048806572002 -0.00057663961810559578 -0.00064103810202248174 0.0037076639053411783 0.0030322824324491501 0.00029456998511055385 0.0016177611385375774 -0.0017911086506210267 0.0023575650468627188 0.00041148520986835805 -0.002620418193750083 0.00013522603338550135 -3.7429871379929384e-05 0.0026236510500311848 -0.0018711002188314112 -0.00092521852569451505 0.00011571994504934155 -0.00097853607994953301 -0.0023830270922432346 0.00042221162877207718 -0.0001344353992772727 0.001648471931507313 -0.0022722665576729922 -0.00047723104939700992 0.00044543505186686578
leaf_weight=38720 88 74 53 41 48 68 41 68 75 79 56 87 75 47 5989 45 7533 16205 60 62 266 1106 329 81 56 1275 187 60 98 951
leaf_count=38720 88 74 53 41 48 68 41 68 75 79 56 87 75 47 5989 45 7533 16205 60 62 266 1106 329 81 56 1275 187 60 98 951
internal_value=2.89302e-13 0.00029444 8.62364e-05 0.00142182 0.000430559 0.00108209 0.00183256 0.000500427 0.00224073 0.00158193 0.000371117 0.000315362 -0.000280999 0.000703855 0.000388007 -0.00100419 -5.18969e-05 1.90074e-05 0.00015489 -4.44187e-05 -9.52914e-05 3.49287e-05 -0.000231128 -3.33026e-05 -0.00123636 0.000193054 0.000146777 5.06857e-05 0.000917528 0.000113299
internal_weight=73923 11077 4379 162 6698 560 283 109 242 167 6138 277 190 115 6090 101 62846 23860 7593 16267 38986 4217 1572 1243 137 2645 2571 2286 285 2226
internal_count=73923 11077 4379 162 6698 560 283 109 242 167 6138 277 190 115 6090 101 62846 23860 7593 16267 38986 4217 1572 1243 137 2645 2571 2286 285 2226
is_linear=0
shrinkage=0.03


Tree=120
num_leaves=31
num_cat=0
split_feature=34 34 6 21 8 42 8 59 63 10 14 17 62 10 17 35 53 74 58 51 63 47 56 8 1 36 42 38 58 39
split_gain=1.19365 0.311946 0.277414 0.306639 0.287377 0.28059 0.264391 0.274923 0.225576 0.220655 0.267925 0.203161 0.182023 0.187813 0.190944 0.181139 0.179374 0.248316 0.198444 0.185857 0.266602 0.230075 0.185673 0.175633 0.252368 0.338093 0.309997 0.252352 0.365232 0.244034
threshold=9.7069921493530291 3.1507576704025273 0.32500000000000007 0.68500000000000016 0.22100000000000003 0.22630742192268374 0.36225000000000013 0.37885557250631219 -0.19867843994856901 0.42689778021375724 -0.54499999999999982 6.5000000000000009 28.583333333333339 0.14644659377628261 1.5000000000000002 0.31866537034511572 26.500000000000004 1532.0000000000002 0.42491180031592318 0.22209031879901889 -0.098176546803612055 0.73030304908752453 23.886509953415455 0.48266666666666674 1.5000000000000002 0.62441641092300426 0.35134176909923559 0.51531758904457103 0.44828090663268233 0.26712584495544439
decision_type=10 8 8 2 8 10 8 10 10 8 8 2 10 8 2 10 10 2 10 10 10 10 10 8 8 8 10 10 10 10
left_child=1 -1 3 6 5 11 7 8 -3 10 -2 -4 13 -10 -15 -8 17 18 19 21 -21 -12 -19 -6 25 29 -26 28 -27 -25
right_child=9 2 4 -5 23 -7 15 -9 12 -11 16 -13 -14 14 -16 -17 -18 22 -20 20 -22 -23 -24 24 26 27 -28 -29 -30 -31
leaf_value=-6.8785182247365446e-05 0.0023074117219265625 0.0024640931820613331 0.0038803834098772227 0.002138356123246591 0.00042624841230801027 -0.00046985414962809373 -0.00046550578839027869 -0.00015275667121420397 -0.00048684669584533012 0.00048356685887418683 -1.0118691386086932e-07 0.0012641910323873161 0.001937898517338908 0.002383467849222538 0.0003590158673955269 -0.0021489493834275391 -0.00022177970007133087 0.0032413019653706045 0.00083318564320869579 -0.002618967077792867 -0.00012038737988312555 0.0023031662003851908 0.0005006263465620577 0.00031026905985580744 -0.00011753900064748426 0.0034464153082592896 -0.0018946822437128309 -7.0737635242039686e-05 7.55450710033377e-05 -0.00026886554640696429
leaf_weight=55207 49 48 44 55 1986 47 797 2603 233 4891 423 68 60 46 474 62 1009 44 301 57 118 43 45 2585 1467 81 94 64 45 877
leaf_count=55207 49 48 44 55 1986 47 797 2603 233 4891 423 68 60 46 474 62 1009 44 301 57 118 43 45 2585 1467 81 94 64 45 877
internal_value=3.10682e-13 -3.89265e-05 0.000101531 -8.75584e-05 0.000214039 0.00147559 -0.000115878 9.53386e-07 0.000465654 0.000373331 0.000115236 0.00229198 0.000347665 0.000220953 0.000538102 -0.000587012 6.2581e-05 0.000340874 0.000197766 -0.000100614 -0.00093421 0.000212432 0.00185557 0.000186176 9.47156e-05 0.000231184 -0.000224555 0.00146333 0.00224253 0.000163562
internal_weight=73923 66943 11736 4378 7358 159 4323 3464 861 6980 2089 112 813 753 520 859 2040 1031 942 641 175 466 89 7199 5213 3652 1561 190 126 3462
internal_count=73923 66943 11736 4378 7358 159 4323 3464 861 6980 2089 112 813 753 520 859 2040 1031 942 641 175 466 89 7199 5213 3652 1561 190 126 3462
is_linear=0
shrinkage=0.03


Tree=121
num_leaves=31
num_cat=0
split_feature=29 34 6 21 57 30 55 18 57 34 30 33 66 39 31 33 26 46 59 66 66 17 8 6 64 31 47 55 30 30
split_gain=1.13277 0.292356 0.28818 0.264777 0.272976 0.209525 0.203725 0.219108 0.299966 0.323441 0.199907 0.210712 0.207573 0.199799 0.188276 0.200908 0.187875 0.201576 0.227697 0.248951 0.216795 0.210205 0.195981 0.4344 0.352909 0.260457 0.240462 0.229901 0.231718 0.31414
threshold=9.9000000953674334 1.6695402264595034 0.055000000000000007 0.4250000000000001 28.408333333333335 20.062500000000004 31.300000000000001 1.0000000180025095e-35 23.861904761904764 4.89528512954712 8.7750000953674334 7.4833333492279062 41.500000000000007 0.26530282199382788 19.904785156250004 18.033333778381351 68.500000000000014 1.5139573216438296 0.44732187412778446 55.500000000000007 76.500000000000014 25.500000000000004 0.41633333333333339 0.39500000000000007 1.0000000180025095e-35 6.1956338882446298 1.279220759868622 29.900000000000002 8.9375000000000018 4.6458332538604745
decision_type=10 8 8 2 10 10 10 2 10 10 10 10 10 10 10 8 2 10 10 8 8 2 8 8 2 8 10 10 10 10
left_child=1 -1 13 4 10 -6 7 16 9 -9 11 -2 -13 -3 -12 -16 17 22 19 -19 -21 -22 24 25 26 -24 -4 28 29 -26
right_child=3 2 6 -5 5 -7 -8 8 -10 -11 14 12 -14 -15 15 -17 -18 18 -20 20 21 -23 23 -25 27 -27 -28 -29 -30 -31
leaf_value=-7.486940619039045e-05 7.7167508295840681e-05 -0.00022197870154888586 7.9552654779268796e-05 0.0018997241301694887 -1.5959212345059983e-05 0.00099216567116159498 -0.0001550382703235898 0.00074823947482330442 0.00014686890644215848 0.0034210187098582157 0.00038250207779707288 0.00096943250174323712 0.0038055324283777733 -0.0017735877089300909 0.0020172345082261666 0.00056604731516112774 -8.2354769687353042e-05 -0.0016900954036308186 0.002102150031509261 0.002576862807119531 -0.00093446264797543638 0.001479365097891007 -0.00037006885764847127 0.00013069705267058679 0.00051942488856815546 -0.001923408680043122 0.0022905259105997782 -0.00060189005599404946 -0.00054360118525272061 0.0014572416086184774
leaf_weight=49493 54 1761 2734 100 2051 204 2252 104 237 67 3980 45 48 78 134 239 2875 42 102 49 67 63 334 5054 817 137 45 117 110 530
leaf_count=49493 54 1761 2734 100 2051 204 2252 104 237 67 3980 45 48 78 134 239 2875 42 102 49 67 63 334 5054 817 137 45 117 110 530
internal_value=7.68191e-13 -3.75448e-05 6.75653e-05 0.000367331 0.000344645 7.52414e-05 0.000109094 0.000153208 0.000837826 0.00179547 0.000479647 0.00156774 0.00243323 -0.000287789 0.000442902 0.00108739 0.000131846 0.000192215 0.000929698 0.000388567 0.000876298 0.000235315 0.0001681 4.94901e-05 0.000318645 -0.00082189 0.000115355 0.000677567 0.00078031 0.000888425
internal_weight=73923 67068 17575 6855 6755 2255 15736 13484 408 171 4500 147 93 1839 4353 373 13076 10201 323 221 179 130 9878 5525 4353 471 2779 1574 1457 1347
internal_count=73923 67068 17575 6855 6755 2255 15736 13484 408 171 4500 147 93 1839 4353 373 13076 10201 323 221 179 130 9878 5525 4353 471 2779 1574 1457 1347
is_linear=0
shrinkage=0.03


Tree=122
num_leaves=31
num_cat=0
split_feature=34 35 56 26 31 55 8 6 6 6 8 15 30 39 18 40 53 33 36 61 17 14 36 27 12 57 7 26 10 43
split_gain=1.06828 0.278697 0.206668 0.25075 0.209123 0.344046 0.251841 0.265958 0.218012 0.203754 0.256985 0.21579 0.212207 0.227915 0.199055 0.195131 0.194454 0.203165 0.206996 0.257547 0.238121 0.260647 0.221571 0.206772 0.206775 0.196416 0.184845 0.176861 0.202688 0.198423
threshold=9.7069921493530291 0.033908046782016761 32.295240803060814 37.500000000000007 15.513684272766115 27.325000000000003 0.38900000000000007 0.32500000000000007 0.03500000000000001 0.54500000000000015 0.11291666666666669 -0.44006770603513207 8.0625000000000018 0.27461628615856176 1.0000000180025095e-35 0.13002474606037143 26.500000000000004 6.2583334445953378 0.40907859802246099 2.8333333333333335 32.500000000000007 -0.39499999999999985 0.38099893927574163 9.5000000000000018 0.35541699908064889 19.775000000000002 0.56166666666666687 89.500000000000014 0.58756443298969085 1.0000000180025095e-35
decision_type=10 8 10 2 10 10 8 8 10 8 10 8 10 10 2 10 10 8 10 10 2 10 8 10 10 10 10 2 8 8
left_child=1 15 3 4 6 -6 8 -8 -3 10 -2 -12 13 -11 16 -1 17 -13 22 20 21 -20 23 24 -19 -23 -21 29 -29 -14
right_child=9 2 -4 -5 5 -7 7 -9 -10 12 11 14 27 -15 -16 -17 -18 18 19 26 -22 25 -24 -25 -26 -27 -28 28 -30 -31
leaf_value=-7.157670785890938e-05 0.0025650456205476078 -0.00022125992603754053 -0.00025480016318155921 -4.7156280944657309e-05 -4.7850682010623409e-05 0.00287162039483733 -0.0005755672173101314 0.00010469037257844034 0.00041416836726961204 0.00046050108781156058 0.0020806082050822783 -0.00050721819181015471 0.0016196757342345014 0.0032972490187792572 0.0015361316309467521 -0.00099245099561812828 -0.00017007864155890406 0.0012759110914577125 -0.0022278663418369318 -0.0016642993323414256 0.0013860176282495642 -0.0015840690555050968 0.0023125471104326286 -0.0010214933015984195 -0.00041970608755946158 0.00051946858417313405 0.00073541747848503288 0.00037701037761675297 -0.0013230492137327283 0.00047434877319283824
leaf_weight=47576 40 554 1711 7066 78 68 575 5151 3956 52 51 230 142 50 86 208 1494 294 41 104 165 45 86 58 83 356 40 163 103 3297
leaf_count=47576 40 554 1711 7066 78 68 575 5151 3956 52 51 230 142 50 86 208 1494 294 41 104 165 45 86 58 83 356 40 163 103 3297
internal_value=1.00069e-12 -3.68256e-05 5.98439e-05 9.06988e-05 0.000184523 0.0013119 0.000168443 3.63795e-05 0.000336114 0.000353182 0.00017564 0.000145133 0.000501158 0.00185106 0.000113106 -7.55852e-05 7.22579e-05 0.000313304 0.000461669 0.000142913 0.000413506 5.04642e-05 0.000921141 0.000646059 0.000902605 0.000283411 -0.000997711 0.000463995 -0.000281283 0.000521641
internal_weight=73923 66943 19159 17448 10382 146 10236 5726 4510 6980 3173 3133 3807 102 3082 47784 2996 1502 1272 751 607 442 521 435 377 401 144 3705 266 3439
internal_count=73923 66943 19159 17448 10382 146 10236 5726 4510 6980 3173 3133 3807 102 3082 47784 2996 1502 1272 751 607 442 521 435 377 401 144 3705 266 3439
is_linear=0
shrinkage=0.03


Tree=123
num_leaves=31
num_cat=0
split_feature=29 34 6 21 57 33 57 37 55 17 26 33 63 34 63 35 11 30 52 11 29 55 18 57 34 46 51 1 47 46
split_gain=1.01249 0.262193 0.262654 0.249678 0.254602 0.198928 0.23206 0.204244 0.198847 0.218593 0.195771 0.266163 0.269265 0.237476 0.200391 0.193803 0.194773 0.190846 0.200065 0.188524 0.186136 0.185068 0.204407 0.282475 0.30283 0.177407 0.321253 0.192053 0.217877 0.236697
threshold=9.9000000953674334 1.6695402264595034 0.055000000000000007 0.4250000000000001 28.408333333333335 17.861905097961429 28.607692307692314 0.63515460491180431 30.633333333333336 5.5000000000000009 11.500000000000002 12.63068199157715 0.019315552172264831 13.858058452606203 -0.21816008444472035 0.57947367429733287 0.68293058397434703 10.645833492279055 0.37581168115139013 0.14650138274246219 15.449999809265138 31.300000000000001 1.0000000180025095e-35 23.861904761904764 4.89528512954712 1.5139573216438296 1.1799533963203432 1.5000000000000002 2.2403845787048344 1.8482146859169009
decision_type=10 8 8 2 10 10 10 8 10 2 2 8 10 10 8 10 8 10 8 8 10 10 2 10 10 10 10 8 10 10
left_child=1 -1 19 4 10 6 20 17 9 -7 11 12 -2 -13 -12 -11 -17 18 -8 -3 -6 22 25 24 -24 -4 27 -27 29 -29
right_child=3 2 21 -5 5 8 7 -9 -10 15 14 13 -14 -15 -16 16 -18 -19 -20 -21 -22 -23 23 -25 -26 26 -28 28 -30 -31
leaf_value=-7.0842292008324839e-05 0.00099948133690235755 0.00018442793501727563 0.00010438720209720356 0.0018353404228691943 -0.00037211529190107331 -0.0021388428983045741 -0.0024987345055366554 -0.0020629554088119157 0.00096977874802685045 0.0017374800315592437 -0.0014268737705424427 -0.0010735066643516931 0.0032946166487643497 0.00095413207259757618 0.00041300643704083418 -0.0012363666794359838 0.00066552843755510237 0.00020363349675187777 -0.00031748703652195547 -0.00047593812843726768 -0.0030459538135411482 -0.00014805549519776343 0.00072297831221546332 0.0001364786363475001 0.0033091953111492761 0.0004266929942640616 -0.0015766414366211094 0.0011380354765358127 -0.00010939932295254299 0.0037303187911442602
leaf_weight=49493 119 559 12632 100 53 40 45 43 366 60 54 70 75 202 3980 90 105 1173 238 1280 42 2252 104 237 67 226 49 66 42 61
leaf_count=49493 119 559 12632 100 53 40 45 43 366 60 54 70 75 202 3980 90 105 1173 238 1280 42 2252 104 237 67 226 49 66 42 61
internal_value=2.24252e-12 -3.54955e-05 6.40447e-05 0.000347281 0.000325252 6.50729e-05 -0.000116375 -2.52501e-05 0.000502635 -7.69404e-05 0.000455631 0.00103782 0.00188678 0.000432313 0.000388377 0.000246495 -0.000212269 3.49293e-05 -0.000664329 -0.000275207 -0.00155423 0.000103692 0.000145737 0.000806988 0.00173629 0.000125104 0.000714509 0.000998728 0.0017637 0.00238315
internal_weight=73923 67068 17575 6855 6755 2255 1594 1499 661 295 4500 466 194 272 4034 255 195 1456 283 1839 95 15736 13484 408 171 13076 444 395 169 127
internal_count=73923 67068 17575 6855 6755 2255 1594 1499 661 295 4500 466 194 272 4034 255 195 1456 283 1839 95 15736 13484 408 171 13076 444 395 169 127
is_linear=0
shrinkage=0.03


Tree=124
num_leaves=31
num_cat=0
split_feature=33 44 17 43 37 14 21 11 59 30 5 10 34 8 38 39 58 60 14 8 14 42 40 36 54 53 11 6 15 38
split_gain=0.957748 0.245432 0.241399 0.26436 0.209872 0.228406 0.207587 0.202698 0.205528 0.199742 0.192852 0.335012 0.304156 0.243634 0.191589 0.316537 0.182703 0.181876 0.177368 0.175555 0.216222 0.18107 0.308608 0.17678 0.173292 0.169666 0.167382 0.17642 0.264993 0.247706
threshold=5.6306817531585702 2.5833333730697636 1.5000000000000002 1.1813862323760989 0.54289269447326671 -0.099999999999999992 0.40500000000000008 0.22082425055445504 0.44528131066092375 13.291666507720949 1.0000000180025095e-35 0.19707639778062316 6.567455768585206 0.34633333333333344 0.71722477674484264 0.68932336568832409 0.51831340702308448 0.83333333333333337 0.020000000000000014 0.11800000000000002 0.13 0.55862772464752208 0.56083941459655773 0.55067431926727306 20.166666666666668 30.500000000000004 0.8203218843714194 0.60500000000000009 -0.14412592650544456 0.17016568034887317
decision_type=10 10 2 10 10 8 2 8 10 10 2 8 10 10 10 10 10 10 10 8 8 10 10 10 8 10 10 8 8 10
left_child=1 14 3 4 5 -2 7 8 -4 18 26 -12 -13 -14 15 19 17 25 -8 20 -1 23 -23 -21 -7 -10 27 29 -29 -9
right_child=2 -3 6 -5 -6 24 9 10 16 -11 11 12 13 -15 -16 -17 -18 -19 -20 21 -22 22 -24 -25 -26 -27 -28 28 -30 -31
leaf_value=2.6751306427555586e-05 0.0021596983492212451 0.0015041807473323348 -0.00088006927447434259 -0.0018414315302756482 -0.0015965535074290425 0.0017640517048791728 -0.00027652780990250253 0.0019652071167601624 0.0006553302466746349 0.0031688881081645376 0.0022866798407224893 -0.0024942376580675352 0.0016674508495594968 -0.00047673107463794972 0.0020036425672346589 -0.0026829017389838287 -0.00089499524766718265 -0.00057248104843562369 0.00178741587561785 -6.2620667971027103e-05 0.00050525709978869679 0.0032365795739460732 -0.00040431752261197698 -0.0016045176390899038 -0.00019928066871324776 0.0032434975119613229 -0.00039985409919232736 0.0020357493207459154 0.00047885022166739544 0.00021511040103010218
leaf_weight=5047 46 92 263 84 71 44 73 74 53 40 43 59 55 359 41 41 67 44 77 56922 1022 40 44 67 503 40 261 101 3809 4441
leaf_count=5047 46 92 263 84 71 44 73 74 53 40 43 59 55 359 41 41 67 44 77 56922 1022 40 44 67 503 40 261 101 3809 4441
internal_value=-1.02466e-12 -4.41974e-05 0.000263826 -0.000255761 -5.51643e-05 0.000129387 0.000303247 0.00028395 -0.000325781 0.00128526 0.000314894 -0.000248584 -0.000479063 -0.000191876 -4.64505e-05 -4.77808e-05 0.000388816 0.00101667 0.000782963 -4.60698e-05 0.00010733 -6.23819e-05 0.00132944 -6.44334e-05 -4.13527e-05 0.00176852 0.000348367 0.000371547 0.000519067 0.000243794
internal_weight=73923 63316 10607 748 664 593 9859 9669 467 190 9202 516 473 414 63224 63183 204 137 150 63142 6069 57073 84 56989 547 93 8686 8425 3910 4515
internal_count=73923 63316 10607 748 664 593 9859 9669 467 190 9202 516 473 414 63224 63183 204 137 150 63142 6069 57073 84 56989 547 93 8686 8425 3910 4515
is_linear=0
shrinkage=0.03


Tree=125
num_leaves=31
num_cat=0
split_feature=34 1 57 39 74 26 76 55 76 40 57 52 33 17 11 14 66 6 56 42 61 15 67 33 62 6 15 26 20 35
split_gain=0.907158 0.382819 0.46171 0.375978 0.289352 0.261636 0.260263 0.268403 0.237186 0.295883 0.234086 0.336091 0.217894 0.293157 0.255558 0.249337 0.227529 0.204652 0.213573 0.200999 0.214787 0.190986 0.204181 0.262222 0.258902 0.18422 0.183824 0.181417 0.176273 0.2593
threshold=4.4309523105621347 1.5000000000000002 17.875000000000004 0.48429021239280706 316.75000000000006 1.5000000000000002 1.0000000180025095e-35 26.100000000000005 1.0000000180025095e-35 0.599187731742859 31.279220779220783 0.56696429848670971 12.63068199157715 37.500000000000007 0.57078795793563808 -0.27499999999999986 54.500000000000007 0.20500000000000004 21.792221912209062 0.26255020499229437 7.166666666666667 0.14494297691796057 17.500000000000004 4.4083333015441903 26.416666666666671 0.65500000000000014 0.13658402763665925 29.500000000000004 1.0000000180025095e-35 0.52086955308914196
decision_type=8 8 10 10 2 2 2 8 2 10 8 10 8 2 10 8 8 8 10 8 8 10 8 10 10 8 10 2 2 10
left_child=-1 2 3 4 19 -4 -6 -8 9 -5 12 26 15 14 -14 16 -3 18 -7 -2 -21 28 23 -23 -24 -11 -12 -18 -17 -30
right_child=1 10 5 8 6 17 7 -9 -10 25 11 -13 13 -15 -16 21 27 -19 -20 20 -22 22 24 -25 -26 -27 -28 -29 29 -31
leaf_value=-5.2764879864259974e-05 -3.6547607654389345e-05 0.00078919619541895916 -0.0016476718512629823 -0.00194445483592738 0.0041478736512362956 0.0016496335345701398 0.0033782769617734148 0.0005081836826360339 0.0014977422395544447 -0.0009627509089384942 -0.0003219428606906826 0.0015610101503723231 -0.00036450870483517822 0.0015824643304714787 -0.0026133475069203696 0.00011580093310239541 -0.0021732652665814385 0.00033423248408834055 -0.00055352818158015994 3.3750010905070941e-05 0.002357199064795049 0.0020738824269210454 0.0028180832527994362 -0.00010569475522159435 0.00034726661976224824 0.0014389406913589385 -0.0017194330478394095 -0.00039147148525808004 0.00046086750256514255 0.0025011549036328992
leaf_weight=59040 106 73 63 70 60 44 51 69 87 47 1226 82 633 65 49 3354 90 6853 396 52 115 64 87 222 68 74 91 120 509 63
leaf_count=59040 106 73 63 70 60 44 51 69 87 47 1226 82 633 65 49 3354 90 6853 396 52 115 64 87 222 68 74 91 120 509 63
internal_value=-4.55713e-13 0.000209315 0.000348793 0.00106787 0.00160086 0.000277335 0.00253461 0.00172797 0.000199367 -0.000392039 4.33413e-05 -0.000302479 0.000132984 -0.000342608 -0.000526082 0.000209386 -0.000653566 0.000293964 -0.000333212 0.000985197 0.00163373 0.000265309 0.00085726 0.000382043 0.00173411 0.000506052 -0.000418504 -0.0011551 0.000198816 0.000685584
internal_weight=73923 14883 8087 731 453 7356 180 120 278 191 6796 1399 5397 747 682 4650 283 7293 440 273 167 4367 441 286 155 121 1317 210 3926 572
internal_count=73923 14883 8087 731 453 7356 180 120 278 191 6796 1399 5397 747 682 4650 283 7293 440 273 167 4367 441 286 155 121 1317 210 3926 572
is_linear=0
shrinkage=0.03


Tree=126
num_leaves=31
num_cat=0
split_feature=34 35 56 26 8 6 29 1 73 30 30 6 28 30 10 14 37 36 59 64 56 38 21 38 39 42 37 6 11 14
split_gain=0.861718 0.230193 0.18801 0.236832 0.195777 0.265522 0.214788 0.258441 0.202746 0.208442 0.224788 0.198668 0.187102 0.182195 0.181838 0.237426 0.174683 0.199586 0.172157 0.16967 0.376804 0.331871 0.240348 0.548488 0.193264 0.210147 0.238815 0.225878 0.192427 0.174098
threshold=9.7069921493530291 0.033908046782016761 32.295240803060814 37.500000000000007 0.38900000000000007 0.38500000000000006 8.4499998092651385 1.0000000180025095e-35 1010.7000000000002 7.5357143878936776 8.7750000953674334 0.03500000000000001 3.4166666269302373 9.3874998092651385 0.42689778021375724 -0.54499999999999982 0.32920072972774511 0.33786806464195257 0.36370671172857316 1.0000000180025095e-35 22.164170782562774 0.10509248822927476 0.39500000000000007 0.10673853382468225 0.48429021239280706 0.26165482401847845 0.28598242998123174 0.22500000000000003 0.39933779709446859 -0.18499999999999991
decision_type=10 8 10 2 8 8 8 10 2 8 8 10 10 8 8 8 8 10 10 2 10 8 2 10 10 10 10 10 8 8
left_child=1 12 3 4 11 -6 16 -8 9 -9 -11 -3 -1 -10 15 -2 17 -7 -12 24 21 -21 -22 -24 25 29 -27 -28 -23 -13
right_child=14 2 -4 -5 5 6 7 8 13 10 18 19 -14 -15 -16 -17 -18 -19 -20 20 22 28 23 -25 -26 26 27 -29 -30 -31
leaf_value=-6.37178065848873e-05 0.0021465442811937204 -0.00020858787610584853 -0.00024532348142199296 -4.9764158514817219e-05 -0.00048036713334169184 4.9055796219410794e-05 -0.0013024385143262406 -0.0014853146339598251 0.0030500498573836111 0.0021652720610533527 -0.00062521144946276754 -0.00065574084953404959 -0.00083739066331843959 0.00095356266603284024 0.00041727463107556542 3.3340250210505258e-05 -0.0012286574981745185 0.00193762030945543 0.00064441940231828646 0.00029956282534648811 0.00034582589044492804 0.0019459032670905191 -0.0002124300374998711 0.0045124102869956951 0.0022210919688222929 -0.0011052153961704292 -0.0013973800601901486 0.0011636975636812731 0.004410466543929281 0.00040441201852912321
leaf_weight=47501 49 554 1711 7066 716 4030 64 47 53 72 120 150 283 126 4891 2040 95 51 483 76 1147 81 48 41 44 211 43 111 44 1975
leaf_count=47501 49 554 1711 7066 716 4030 64 47 53 72 120 150 283 126 4891 2040 95 51 483 76 1147 81 48 41 44 211 43 111 44 1975
internal_value=1.11342e-12 -3.30742e-05 5.47814e-05 8.42105e-05 0.000175394 6.08866e-05 0.000136268 0.000539652 0.0006705 0.000446425 0.000580932 0.000323608 -6.82999e-05 0.00157431 0.000317204 8.2908e-05 4.30534e-05 7.26571e-05 0.000391757 0.000397855 0.00065826 0.00186291 0.000462358 0.00196418 0.000250183 0.000215356 -0.000449637 0.000448591 0.00281343 0.000329578
internal_weight=73923 66943 19159 17448 10382 5857 5141 965 901 722 675 4525 47784 179 6980 2089 4176 4081 603 3971 1437 201 1236 89 2534 2490 365 154 125 2125
internal_count=73923 66943 19159 17448 10382 5857 5141 965 901 722 675 4525 47784 179 6980 2089 4176 4081 603 3971 1437 201 1236 89 2534 2490 365 154 125 2125
is_linear=0
shrinkage=0.03


Tree=127
num_leaves=31
num_cat=0
split_feature=34 33 35 31 58 55 21 9 14 34 31 40 36 10 55 34 28 43 21 51 35 15 56 47 56 6 37 34 57 10
split_gain=0.81079 0.219142 0.248829 0.188455 0.320048 0.303391 0.181785 0.290048 0.204581 0.279362 0.208744 0.180614 0.232222 0.333538 0.303041 0.21936 0.179447 0.205144 0.215592 0.240294 0.221871 0.215579 0.19611 0.359446 0.268313 0.203093 0.191353 0.222527 0.350967 0.246305
threshold=9.7069921493530291 0.18465909361839297 0.55684757232666027 15.513684272766115 0.4773445732349843 27.325000000000003 0.075000000000000025 0.53756221342226884 0.18500000000000008 7.1186118125915536 7.2500905990600595 0.48883871734142309 0.5182691514492036 0.47801932367149763 25.366666666666671 8.0043478012084979 22.500000000000004 1.0091742873191836 0.15500000000000003 0.55556046962738048 0.32529069483280187 -0.44006770603513207 23.42404880138335 1.0954545736312868 23.691079050305614 0.88500000000000012 0.71397241950035106 11.724014282226564 17.875000000000004 0.28018691588785055
decision_type=10 10 10 10 10 10 2 8 10 10 10 10 10 8 10 10 10 10 2 10 10 8 8 10 8 10 10 10 10 10
left_child=1 2 -1 6 5 -5 11 8 -8 10 -10 -3 -13 -14 15 -15 17 21 19 -19 -21 -2 23 25 -24 26 27 -23 29 -29
right_child=16 3 -4 4 -6 -7 7 -9 9 -11 -12 12 13 14 -16 -17 -18 18 -20 20 -22 22 24 -25 -26 -27 -28 28 -30 -31
leaf_value=-7.1220509283883443e-05 0.0023766112646850896 1.3538871811600101e-05 -0.002210296129674784 0.00054702900026205664 -0.00070651769313553815 0.0031278750211324378 0.00034908603031401819 -0.00015964690784845776 0.00046110832246204194 0.0035147825764810163 0.0025718753721314267 -0.0024837113893590866 0.001665212802332023 -0.0013986544746905564 -0.0029961606790311632 0.00090356397190810859 0.0010476480105023028 -0.00084159266419581917 0.0017890720774929197 0.0016911439377533858 -4.3918575027434172e-05 -0.00012750415575006811 -0.001097234804147698 0.0019591536802285449 0.0002819787311107164 0.0019704546078108251 -0.00077164868891122743 0.0043699002757239215 0.00055621958591076787 0.0010610368986409611
leaf_weight=42104 47 21806 49 101 80 69 1233 875 223 41 52 55 58 75 48 74 283 336 53 73 726 316 131 168 4103 75 120 40 468 41
leaf_count=42104 47 21806 49 101 80 69 1233 875 223 41 52 55 58 75 48 74 283 336 53 73 726 316 131 168 4103 75 120 40 468 41
internal_value=1.15071e-12 -3.2082e-05 -7.3707e-05 3.86975e-05 0.000858208 0.00159455 3.03488e-05 0.000276981 0.000523624 0.00120465 0.000860235 3.31687e-06 -0.000715719 -0.000334387 -0.000923102 -0.000255271 0.000307688 0.000276419 -8.11327e-05 -0.000168464 0.000114604 0.000353524 0.000336116 0.000669904 0.000239306 0.00046557 0.000350985 0.000506726 0.000871784 0.00269504
internal_weight=73923 66943 42153 24790 250 170 24540 2424 1549 316 275 22116 310 255 197 149 6980 6697 1188 1135 799 5509 5462 1228 4234 1060 985 865 549 81
internal_count=73923 66943 42153 24790 250 170 24540 2424 1549 316 275 22116 310 255 197 149 6980 6697 1188 1135 799 5509 5462 1228 4234 1060 985 865 549 81
is_linear=0
shrinkage=0.03


Tree=128
num_leaves=31
num_cat=0
split_feature=33 21 9 34 18 57 35 9 6 36 9 39 26 52 63 17 66 27 17 28 17 66 67 62 44 6 42 62 7 62
split_gain=0.773348 0.23915 0.226404 0.222605 0.266293 0.309699 0.291075 0.352781 0.228081 0.273202 0.2181 0.202931 0.19882 0.182888 0.29479 0.196216 0.333275 0.306701 0.233518 0.242714 0.22831 0.222877 0.210729 0.208326 0.213497 0.238025 0.256919 0.219074 0.208241 0.203836
threshold=9.6770834922790545 0.40500000000000008 0.26466909549939932 1.6695402264595034 1.0000000180025095e-35 23.516666666666669 0.13714733719825747 0.35096019538502027 0.055000000000000007 0.34454956650733953 0.33225086434901435 0.43105377256870275 26.500000000000004 0.91287881135940563 -0.027461995797819713 36.500000000000007 43.500000000000007 6.5000000000000009 28.500000000000004 18.833333015441898 41.500000000000007 61.500000000000007 6.5000000000000009 21.916666666666671 5.8333332538604745 0.69500000000000006 0.63042691349983226 27.916666666666671 0.5916666666666669 32.916666666666679
decision_type=10 2 8 8 2 10 8 8 8 10 8 10 2 8 10 2 8 10 2 10 2 10 10 10 8 10 10 10 10 10
left_child=3 2 -2 -1 8 6 -6 -8 9 -5 11 -4 -12 14 -14 16 18 -17 19 -15 22 29 -19 -22 -25 -26 27 -27 -23 -18
right_child=1 -3 10 4 5 -7 7 -9 -10 -11 12 -13 13 15 -16 17 21 20 -20 -21 23 28 -24 24 25 26 -28 -29 -30 -31
leaf_value=-6.2596000607259843e-05 0.0016762301790461476 0.0018357788467192617 -0.00021266090401211345 -0.00022454044687953502 5.2885343970779275e-05 0.00013625338033307344 0.0045449177372890214 0.0013745968679777778 7.6012075742410746e-05 -0.002731818827334791 0.00057048107129513968 -0.0025427285267505795 0.00052071530466988941 -0.0018628754277491986 -0.00062613363115047429 0.0027890765950591727 0.00063451476061475529 0.00051923562864872753 0.00077079971763687046 0.00064321987584910602 -0.0017207595957443116 0.00028644060008156116 0.0022694654522795619 0.0010290318796006891 0.00047944510946988146 -0.00059826676931105927 0.00042080423340383098 -0.0033435992520560133 -0.00075356619893932628 -0.0010973694690574818
leaf_weight=49492 105 92 169 1764 77 354 45 106 15727 40 1777 42 322 166 540 55 1036 140 61 44 45 414 111 292 356 59 82 47 298 65
leaf_count=49492 105 92 169 1764 77 354 45 106 15727 40 1777 42 322 166 540 55 1036 140 61 44 45 414 111 292 356 59 82 47 298 65
internal_value=1.86209e-12 0.000317409 0.000294972 -2.96633e-05 6.03221e-05 0.00069164 0.00155395 0.00231939 3.93634e-05 -0.000280134 0.000271278 -0.000676466 0.000305114 0.000191019 -0.000197728 0.000293465 0.000118107 0.000601337 -0.000863162 -0.00133779 0.000495043 0.000264783 0.00129324 0.000267633 0.000374664 2.34219e-05 -0.000840111 -0.00181554 -0.000148843 0.000532269
internal_weight=73923 6318 6226 67605 18113 582 228 151 17531 1804 6121 211 5910 4133 862 3271 2084 1187 271 210 1132 1813 251 881 836 544 188 106 712 1101
internal_count=73923 6318 6226 67605 18113 582 228 151 17531 1804 6121 211 5910 4133 862 3271 2084 1187 271 210 1132 1813 251 881 836 544 188 106 712 1101
is_linear=0
shrinkage=0.03


Tree=129
num_leaves=31
num_cat=0
split_feature=29 57 30 33 35 33 31 33 15 14 29 72 10 1 17 28 35 31 33 6 8 57 66 53 21 6 66 71 32 42
split_gain=0.729146 0.228847 0.227086 0.201194 0.490796 0.194281 0.191565 0.210141 0.185915 0.183267 0.222415 0.404829 0.248539 0.312753 0.317382 0.245984 0.222718 0.186689 0.16996 0.191646 0.201261 0.201999 0.21711 0.20013 0.198186 0.170912 0.174384 0.165513 0.212477 0.219587
threshold=9.9000000953674334 28.408333333333335 8.7750000953674334 0.069047622382640853 0.48808848857879644 7.4833333492279062 19.904785156250004 18.033333778381351 0.081640716518589465 0.28500000000000009 3.2250000238418584 7.5000000000000009 0.71631706333198875 2.5000000000000004 13.500000000000002 7.5833332538604745 0.51668518781661998 4.1931860446929941 10.303846359252931 0.95500000000000007 0.82450000000000012 28.894444444444449 60.500000000000007 27.500000000000004 0.15500000000000003 0.50500000000000012 38.500000000000007 10.500000000000002 9.255735397338869 0.24350465089082721
decision_type=10 10 10 10 10 10 10 8 10 10 10 2 8 10 2 10 10 10 10 10 10 10 10 10 2 8 10 2 10 8
left_child=3 2 5 4 -1 -2 27 -8 -9 -5 17 12 13 14 -12 -14 -13 -11 -3 20 21 23 24 -20 -23 -25 -27 28 -4 -30
right_child=1 18 6 9 -6 -7 7 8 -10 10 11 16 15 -15 -16 -17 -18 -19 19 -21 -22 22 -24 25 -26 26 -28 -29 29 -31
leaf_value=-7.1809131672568726e-05 0.00019774188319126429 -0.00063422011591288932 0.0016821239844688938 1.2361188021200782e-05 -0.0032420826548795129 0.0023895843079019532 0.0019616241523860885 0.00012122827450661819 0.002359851805398648 0.00018374692287976578 0.0032824178287160712 0.0013154736545308672 0.00040603207860840485 -0.0011172834963820476 0.00049984255286220167 -0.0019565837824484333 0.0040536846930874469 -0.0019111160217435098 -0.0018429974779679342 -0.0014060063696587862 0.0015802627766011077 0.00040022733253870243 -0.00025635276738139232 -0.0015314512883835448 0.0023908793929923434 0.0022513156444765627 -0.00054998365900246423 -0.00037314157984380064 -0.0011935063103965698 0.00036748819018163662
leaf_weight=38024 59 286 108 27590 44 95 137 202 40 894 70 62 117 42 78 60 47 40 87 69 91 1064 524 41 47 40 40 290 83 3552
leaf_count=38024 59 286 108 27590 44 95 137 202 40 894 70 62 117 42 78 60 47 40 87 69 91 1064 524 41 47 40 40 290 83 3552
internal_value=-3.08577e-12 0.000294709 0.000417437 -3.01221e-05 -7.54734e-05 0.00154985 0.00037791 0.00102276 0.000491249 2.94102e-05 0.000363014 0.000890807 0.00041401 0.00116753 0.00181593 -0.000394855 0.00249617 9.40312e-05 4.98951e-05 0.000147577 0.000203005 0.000135001 0.000247024 -0.000745563 0.00048444 4.35023e-05 0.000850666 0.000317311 0.000370806 0.000331845
internal_weight=73923 6855 4566 67068 38068 154 4412 379 242 29000 1410 476 367 190 148 177 109 934 2289 2003 1934 1843 1635 208 1111 121 80 4033 3743 3635
internal_count=73923 6855 4566 67068 38068 154 4412 379 242 29000 1410 476 367 190 148 177 109 934 2289 2003 1934 1843 1635 208 1111 121 80 4033 3743 3635
is_linear=0
shrinkage=0.03


Tree=130
num_leaves=31
num_cat=0
split_feature=34 1 57 39 74 76 55 26 76 55 57 52 33 17 11 14 61 42 12 6 56 6 35 10 15 61 74 11 66 21
split_gain=0.694341 0.324327 0.430607 0.36063 0.27018 0.24462 0.250163 0.242437 0.221901 0.281243 0.21134 0.309496 0.2047 0.271643 0.242397 0.230536 0.213931 0.186876 0.208929 0.18584 0.195859 0.184093 0.178205 0.196814 0.229449 0.221963 0.189134 0.195079 0.210773 0.193684
threshold=4.4309523105621347 1.5000000000000002 17.875000000000004 0.48429021239280706 316.75000000000006 1.0000000180025095e-35 26.100000000000005 1.5000000000000002 1.0000000180025095e-35 27.633333333333336 31.279220779220783 0.56696429848670971 12.63068199157715 37.500000000000007 0.57078795793563808 -0.27499999999999986 4.166666666666667 0.26255020499229437 0.4465887192398012 0.20500000000000004 21.792221912209062 0.65500000000000014 0.77913278341293346 0.71270481780386408 0.14494297691796057 5.5833333333333348 1026.9000000000003 0.3903087880853508 41.500000000000007 0.4250000000000001
decision_type=8 8 10 10 2 2 8 2 2 8 8 10 8 2 10 8 10 8 8 8 10 8 8 10 10 10 2 10 8 2
left_child=-1 2 3 4 17 -6 -7 -4 9 21 12 -12 15 14 -14 16 -3 -2 -19 20 -9 -5 23 24 26 -26 29 28 -28 -17
right_child=1 10 7 8 5 6 -8 19 -10 -11 11 -13 13 -15 -16 22 -18 18 -20 -21 -22 -23 -24 -25 25 -27 27 -29 -30 -31
leaf_value=-4.6162557687429483e-05 -5.2174743054048066e-05 -0.00098933060516719702 -0.0016105355643889023 -0.00071920808912678195 0.0039942509965039787 0.0032414430272354579 0.00047058782104969667 0.0015596830013038759 0.0014111916903518783 -0.0018174090146316916 -0.00040957445568907085 0.0014900074538273633 -0.00036469117241748279 0.0015076505334940381 -0.002554859620927624 0.00022794969808512995 0.0013084651762078148 -0.00011241189655265769 0.0022322764828949853 0.00029687614143460227 -0.00055013463946648473 0.0016933909183273375 0.0021651110833451194 -0.001771946509439162 0.00065763356001313647 0.0027745412866865722 0.0015509258865910979 -0.0017138900556135923 -0.00027627870073424225 0.0014821729189273393
leaf_weight=59040 106 240 63 55 60 51 69 44 87 77 1317 82 633 65 49 3043 43 48 119 6853 396 59 43 44 354 51 63 75 579 115
leaf_count=59040 106 240 63 55 60 51 69 44 87 77 1317 82 633 65 49 3043 43 48 119 6853 396 59 43 44 354 51 63 75 579 115
internal_value=-2.53194e-12 0.000183124 0.000311505 0.00100594 0.00152793 0.00243022 0.0016482 0.000242496 0.000155348 -0.000416685 3.03554e-05 -0.000298234 0.000115532 -0.000345436 -0.000522049 0.000189584 -0.000640196 0.000933021 0.00155835 0.000258503 -0.000339153 0.000529418 0.000243357 0.000224246 0.000244768 0.000924207 0.000173755 -0.000266107 -9.69736e-05 0.000273623
internal_weight=73923 14883 8087 731 453 180 120 7356 278 191 6796 1399 5397 747 682 4650 283 273 167 7293 440 114 4367 4324 4280 405 3875 717 642 3158
internal_count=73923 14883 8087 731 453 180 120 7356 278 191 6796 1399 5397 747 682 4650 283 273 167 7293 440 114 4367 4324 4280 405 3875 717 642 3158
is_linear=0
shrinkage=0.03


Tree=131
num_leaves=31
num_cat=0
split_feature=33 9 21 35 9 26 39 34 18 57 27 9 34 41 6 8 1 58 67 37 67 52 9 8 63 37 67 66 17 66
split_gain=0.658358 0.221711 0.21541 0.207218 0.199737 0.196704 0.182943 0.182601 0.223796 0.217746 0.434468 0.281728 0.178214 0.260273 0.175625 0.257963 0.274995 0.264141 0.217505 0.245865 0.168735 0.164039 0.313399 0.200353 0.212512 0.21508 0.178438 0.173507 0.444552 0.240202
threshold=9.6770834922790545 0.26466909549939932 0.54500000000000015 0.84495192766189586 0.33225086434901435 26.500000000000004 0.43105377256870275 0.17411248385906222 1.0000000180025095e-35 23.516666666666669 3.5000000000000004 0.33979630345935857 6.417635679244996 0.48890183866024023 0.025000000000000005 0.11291666666666669 1.5000000000000002 0.36781094573443757 13.500000000000002 0.069858901202678694 5.5000000000000009 0.91287881135940563 0.57258032026980754 0.57450000000000012 -0.00079501881173843481 0.53685408830642711 2.5000000000000004 43.500000000000007 28.500000000000004 61.500000000000007
decision_type=10 8 2 10 8 2 10 8 2 10 10 10 10 10 8 8 8 10 8 10 8 8 10 10 10 8 10 8 2 10
left_child=3 -2 4 7 6 -6 -3 -1 14 10 -10 -12 13 -7 -9 16 -16 18 -18 -20 -19 22 -14 -24 -25 -26 -27 28 -23 -29
right_child=1 2 -4 -5 5 12 -8 8 9 -11 11 -13 21 -15 15 -17 17 20 19 -21 -22 27 23 24 25 26 -28 29 -30 -31
leaf_value=-7.3967519790358425e-05 0.0016404560381043768 -0.00020692223198711871 0.0023147410263671822 0.0021312500482890753 0.00055041387984661031 1.7058419021354481e-05 -0.0023909269663137055 -0.00024896160856692522 0.00020652874934827336 0.00011724756730332062 0.0042600856640158174 0.0014154110356986997 -0.00087292026872694511 -0.0026940430994046496 -0.00015798233417687606 7.7559189940261037e-06 0.0007717876671563457 0.0011998540752474003 0.0014181030064861736 0.0043742631801869719 0.00019040447777986878 -0.0012701274752049002 0.0022735829404446966 0.00073978746665454616 -0.0017918677749694323 -0.00072054998016335653 0.0015673627457855378 0.00060653410131323541 0.00060787039836428648 1.7307888865616404e-05
leaf_weight=36632 108 175 46 40 1784 99 43 2168 208 542 47 94 335 47 568 26127 163 188 69 40 719 205 43 239 80 77 51 1772 254 960
leaf_count=36632 108 175 46 40 1784 99 43 2168 208 542 47 94 335 47 568 26127 163 188 69 40 719 205 43 239 80 77 51 1772 254 960
internal_value=1.1238e-12 0.000292861 0.000269425 -2.73693e-05 0.000254162 0.000286861 -0.000637712 -2.86472e-05 2.50228e-05 0.000493579 0.00107802 0.00236364 0.000173891 -0.000855693 1.11261e-05 3.13554e-05 0.000384293 0.000645542 0.00146552 0.00250293 0.00039964 0.000211321 -0.000165759 0.000317708 0.000129559 -0.000571617 0.00019104 0.000308811 -0.000230887 0.000399485
internal_weight=73923 6318 6210 67605 6164 5946 218 67565 30933 891 349 141 4162 146 30042 27874 1747 1179 272 109 907 4016 825 490 447 208 128 3191 459 2732
internal_count=73923 6318 6210 67605 6164 5946 218 67565 30933 891 349 141 4162 146 30042 27874 1747 1179 272 109 907 4016 825 490 447 208 128 3191 459 2732
is_linear=0
shrinkage=0.03


Tree=132
num_leaves=31
num_cat=0
split_feature=33 44 46 26 57 56 59 35 21 30 26 13 17 54 56 57 66 12 75 7 56 9 67 54 57 30 34 39 42 76
split_gain=0.623187 0.213884 0.208058 0.176151 0.244796 0.238086 0.313678 0.21044 0.177411 0.207909 0.188025 0.311336 0.229026 0.205779 0.229284 0.226041 0.228278 0.219441 0.250961 0.323229 0.257742 0.201885 0.185812 0.185046 0.188886 0.172034 0.167051 0.224445 0.279384 0.223066
threshold=5.0333333015441903 2.5833333730697636 0.25173230469226843 1.5000000000000002 22.031250000000004 23.158239609540388 0.39884399963657818 0.26247388124465948 0.40500000000000008 13.291666507720949 11.500000000000002 1.0000000180025095e-35 7.5000000000000009 19.166666666666668 21.422374156887695 23.968750000000004 53.500000000000007 0.59765164813054794 1.0000000180025095e-35 0.48583333333333339 28.531873322820861 0.3357460752934005 9.5000000000000018 23.833333333333339 30.968750000000004 21.645833015441898 17.576340675354007 0.49398681521415716 0.52158275246620189 1.0000000180025095e-35
decision_type=10 10 8 2 10 8 8 10 2 10 2 8 2 10 10 10 10 10 2 10 10 10 8 10 10 10 10 10 10 2
left_child=1 26 -2 4 5 -4 -7 -8 10 -10 11 13 -13 -5 -15 16 -16 18 23 21 -21 22 -20 -17 -25 -12 27 28 -1 -29
right_child=2 -3 3 8 -6 6 7 -9 9 -11 25 12 -14 14 15 17 -18 -19 19 20 -22 -23 -24 24 -26 -27 -28 29 -30 -31
leaf_value=-3.9192132406303871e-05 -0.0012311627117354265 0.0014495221312671642 0.0018926026066080394 0.0024066948619083169 -0.00092097293849448237 -0.0024460393143817781 -0.0010326016528831262 0.0017003002297497005 0.0006452543974680068 0.003009990797287262 0.00015776214209053157 -0.0019191030680054896 0.00078139252906354764 -0.0014395736457663588 0.0025128006319811735 -0.00045617435807846 0.00044282854325138033 -0.0011376884329618643 0.00093943360080914705 0.0029272584007729004 -0.00036545842594932766 -0.0023326811143696041 -0.0012484442289800652 0.0014203218335780939 0.00020099427204808921 0.0012447745718181839 0.0014052185804757755 -0.0017753766449526524 0.0022996620420852429 0.0003661435177359222
leaf_weight=62262 90 87 68 59 280 42 42 64 182 41 8869 76 45 48 110 77 85 69 67 46 40 56 73 444 154 133 72 130 46 66
leaf_count=62262 90 87 68 59 280 42 42 64 182 41 8869 76 45 48 110 77 85 69 67 46 40 56 73 444 154 133 72 130 46 66
internal_value=8.61016e-13 -3.69236e-05 0.000205484 0.000217059 -0.000335603 0.00042321 -0.000251917 0.000617452 0.00024274 0.00108003 0.000224874 0.00054204 -0.000914787 0.000674778 0.000594255 0.000674209 0.00161051 0.000496258 0.000614066 -0.00013755 0.00139576 -0.000810329 -0.000201388 0.000928075 0.00110631 0.000173822 -3.89902e-05 -4.06539e-05 -3.74654e-05 -0.00105425
internal_weight=73923 62663 11260 11170 496 216 148 106 10674 223 10451 1449 121 1328 1269 1221 195 1026 957 282 86 196 140 675 598 9002 62576 62504 62308 196
internal_count=73923 62663 11260 11170 496 216 148 106 10674 223 10451 1449 121 1328 1269 1221 195 1026 957 282 86 196 140 675 598 9002 62576 62504 62308 196
is_linear=0
shrinkage=0.03


Tree=133
num_leaves=31
num_cat=0
split_feature=34 33 35 31 58 55 15 28 43 15 53 67 56 47 56 34 46 63 6 32 31 34 57 31 62 15 7 37 66 67
split_gain=0.592838 0.167903 0.223186 0.165844 0.295567 0.286085 0.163933 0.162585 0.206412 0.202015 0.201715 0.193527 0.181306 0.321383 0.253275 0.214999 0.196432 0.210273 0.189227 0.238281 0.172268 0.196287 0.342725 0.266237 0.207748 0.241339 0.196611 0.213223 0.193857 0.183023
threshold=9.7069921493530291 0.069047622382640853 0.55684757232666027 15.513684272766115 0.4773445732349843 27.550000000000004 0.39159850307404448 22.500000000000004 1.0091742873191836 -0.44006770603513207 31.500000000000004 2.5000000000000004 23.42404880138335 1.0954545736312868 23.691079050305614 10.074536800384523 1.4659456014633181 -0.080556484377353424 0.12500000000000003 5.9808506965637216 8.9678735733032244 11.573214054107668 21.75961538461539 11.704053401947023 23.083333333333339 -0.0057789145959295995 0.67833333333333357 0.56319722533226024 56.500000000000007 10.500000000000002
decision_type=10 10 10 10 10 10 10 10 10 8 10 8 8 10 8 10 10 10 8 10 10 10 10 10 10 8 8 10 10 8
left_child=1 2 -1 -3 5 -5 7 8 9 -2 11 -10 13 15 -14 -11 -15 -18 -17 -20 -21 22 -22 -24 26 28 27 -23 -26 -27
right_child=6 3 -4 4 -6 -7 -8 -9 10 12 -12 -13 14 16 -16 18 17 -19 19 20 21 24 23 -25 25 29 -28 -29 -30 -31
leaf_value=-6.6220820801442005e-05 0.0022577240556835177 2.0380636872644856e-05 -0.0020922090687161801 0.00053575623727270525 -0.00070726343546994024 0.0030682134283706542 0.0021317160320800861 0.00095603821360647624 -0.0023526823500093692 -0.0014695532860059756 0.00036032341259450106 -0.00032153427142187635 -0.0011144030178861263 0.0029276816129612808 0.000230699325089037 0.0021875301973992272 -0.0007101453774858538 0.0022296226145501466 -0.0013168163415315601 0.0013844319713574929 -0.0026623734044842421 0.002011061336433645 -0.0014033308059775403 0.0017686851768521593 7.2757156953836478e-05 0.00046907067421702301 0.0021344025554904966 -0.00070378673030063504 0.002889598580557842 -0.0011887601923620923
leaf_weight=38005 47 28639 49 105 80 65 42 283 45 52 451 683 130 78 4081 57 41 47 67 174 50 43 42 55 45 116 118 66 43 124
leaf_count=38005 47 28639 49 105 80 65 42 283 45 52 451 683 130 78 4081 57 41 47 67 174 50 43 42 55 45 116 118 66 43 124
internal_value=-1.23511e-12 -2.74331e-05 -6.88296e-05 2.70964e-05 0.000796429 0.00150405 0.000263102 0.00025179 0.000221842 0.000299367 -0.00013823 -0.000447086 0.000282413 0.00060477 0.000189174 0.000411192 0.00183154 0.000859958 0.000508991 0.000407531 0.000539416 0.000329967 -0.000644768 0.000395235 0.00058814 0.000105283 0.00128584 0.000367208 0.00144917 -0.000387475
internal_weight=73923 66943 38054 28889 250 170 6980 6938 6655 5476 1179 728 5429 1218 4211 1052 166 88 1000 943 876 702 147 97 555 328 227 109 88 240
internal_count=73923 66943 38054 28889 250 170 6980 6938 6655 5476 1179 728 5429 1218 4211 1052 166 88 1000 943 876 702 147 97 555 328 227 109 88 240
is_linear=0
shrinkage=0.03


Tree=134
num_leaves=31
num_cat=0
split_feature=34 1 57 39 58 11 38 66 26 76 37 57 51 36 55 40 15 34 53 1 35 8 8 63 54 6 56 64 71 37
split_gain=0.561438 0.282496 0.407256 0.334193 0.254949 0.253171 0.241248 0.223888 0.222216 0.219122 0.308197 0.196749 0.208193 0.237916 0.345677 0.271423 0.2068 0.224899 0.188666 0.182641 0.17333 0.254108 0.232109 0.190855 0.172046 0.171433 0.180666 0.17074 0.183956 0.390109
threshold=4.4309523105621347 1.5000000000000002 17.875000000000004 0.47439032793045049 0.502920567977861 0.46784457087477394 0.26254585385322576 75.500000000000014 1.5000000000000002 1.0000000180025095e-35 0.54289269447326671 28.75961538461539 0.99940627813339245 0.45294147729873663 31.100000000000005 0.49826003611087805 0.14494297691796057 13.235624790191652 16.500000000000004 2.5000000000000004 0.27386364340782171 0.31100000000000011 0.25450000000000012 -0.037849147167849422 24.833333333333339 0.20500000000000004 21.792221912209062 1.0000000180025095e-35 13.500000000000002 0.2652649879455567
decision_type=8 8 10 10 10 8 10 8 2 2 10 8 10 10 8 10 10 10 10 8 10 10 10 10 10 8 10 2 2 8
left_child=-1 2 3 4 5 24 7 -7 -4 10 -5 16 13 19 15 -15 27 18 -18 -13 22 -22 -20 -23 -2 26 -10 -3 -29 -30
right_child=1 11 8 9 -6 6 -8 -9 25 -11 -12 12 -14 14 -16 -17 17 -19 20 -21 21 23 -24 -25 -26 -27 -28 28 29 -31
leaf_value=-4.1510180369886535e-05 -0.0009897938165132228 -7.7259773742529561e-05 -0.0015566959677796278 -0.0026809423789381981 -0.00020218035616183084 0.0032611446332884951 0.0033640074349629381 0.00082496884917230185 0.0014823768315413459 0.0013851291996737321 0.00021826175499787591 4.1601576900726778e-05 0.0014877434121899568 -0.0033841416259030145 0.0008336459490712922 -0.00059571175885043644 -0.0008490556577065338 -0.0013817678659397642 0.0039963177189503499 -0.00054741385644138814 -0.0004681021228442778 0.00011775853950530289 0.0011051028257134021 0.0023299763662519759 0.0015070904195973915 0.00026955333908687665 -0.00054395919129808935 0.00041282013560232044 0.00099584405318389377 -0.0029990288729525422
leaf_weight=59040 41 2534 63 42 69 48 108 116 44 90 154 1393 64 70 49 57 45 40 41 718 92 55 64 97 63 6853 396 1389 44 44
leaf_count=59040 41 2534 63 42 69 48 108 116 44 90 154 1393 64 70 49 57 45 40 41 718 92 55 64 97 63 6853 396 1389 44 44
internal_value=-1.9305e-12 0.000164668 0.000284485 0.000959827 0.00147406 0.00178167 0.00226303 0.001538 0.000217373 0.000159701 -0.000402996 2.20915e-05 -0.000199861 -0.000247087 -0.0013068 -0.00213264 0.000139484 0.000761559 0.000979155 -0.000158736 0.00121488 0.000776308 0.00223405 0.0015295 0.000522742 0.000232698 -0.000341326 7.21742e-05 0.000328549 -0.00100159
internal_weight=73923 14883 8087 731 445 376 272 164 7356 286 196 6796 2351 2287 176 127 4445 434 394 2111 349 244 105 152 104 7293 440 4011 1477 88
internal_count=73923 14883 8087 731 445 376 272 164 7356 286 196 6796 2351 2287 176 127 4445 434 394 2111 349 244 105 152 104 7293 440 4011 1477 88
is_linear=0
shrinkage=0.03


Tree=135
num_leaves=31
num_cat=0
split_feature=33 9 35 21 9 26 34 34 41 11 63 63 74 12 56 59 14 0 37 63 55 6 30 66 38 14 15 9 34 18
split_gain=0.537031 0.209776 0.191999 0.191426 0.184051 0.181542 0.180899 0.164454 0.244525 0.158907 0.220286 0.231603 0.219298 0.239276 0.218376 0.326188 0.288152 0.285513 0.234871 0.210899 0.197513 0.226695 0.213338 0.183339 0.176191 0.170327 0.222533 0.157849 0.154894 0.207936
threshold=9.6770834922790545 0.26466909549939932 0.84495192766189586 0.55500000000000016 0.33225086434901435 26.500000000000004 12.601020812988283 6.417635679244996 0.48890183866024023 0.36651245149249473 -0.054982943127839183 0.035986698669633506 698.25000000000011 0.49922252479764234 24.165440383305398 0.39938346233311717 -0.040000000000000008 1.0000000180025095e-35 0.46928414702415472 0.049688326131299455 29.700000000000006 0.64500000000000013 12.645833492279055 73.500000000000014 0.36582437157630926 0.020000000000000014 0.09117600342164299 0.58434064194096591 0.17411248385906222 1.0000000180025095e-35
decision_type=10 8 10 2 8 2 10 10 10 10 10 10 2 10 10 8 10 2 10 10 10 8 10 8 10 10 10 10 8 2
left_child=2 -2 28 4 6 9 -3 8 -7 14 25 12 13 -12 16 18 -6 -18 -16 -13 21 22 -17 -22 -21 -11 -27 -23 -1 -30
right_child=1 3 -4 -5 5 7 -8 -9 -10 10 11 19 -14 -15 15 20 17 -19 -20 24 23 27 -24 -25 -26 26 -28 -29 29 -31
leaf_value=-6.7689740836682767e-05 0.0015753231954618563 -0.00013871908223849128 0.0020531220934353767 0.0022134518458253958 0.00042490308211805917 7.4203474672906317e-06 -0.0021533125415795816 0.00018646887779085567 -0.0026203833786929221 0.0020572934085997308 0.00042165148318919275 0.0026709715310218075 0.0010758741025109681 -0.0015146530940781363 0.0037021782857411334 -6.8914479000822592e-05 -5.0969087518751618e-05 -0.0032865229970775547 0.00093765695405411808 -0.00094155502834302536 0.0014826361144210879 -0.00063299502652296993 -0.0024282573133906616 -0.00043846350335313575 0.0009735431491268992 -0.0006371923949518532 0.0018744614894413167 0.0017770294216461477 1.0086342484672441e-05 0.00047512975713990304
leaf_weight=36632 108 165 40 44 108 99 53 4018 47 172 107 56 98 124 41 68 45 54 85 51 127 47 70 69 284 64 63 51 30042 891
leaf_count=36632 108 165 40 44 108 99 53 4018 47 172 107 56 98 124 41 68 45 54 85 51 127 47 70 69 284 64 63 51 30042 891
internal_value=1.00876e-12 0.000264503 -2.4719e-05 0.000241706 0.000227636 0.000259015 -0.000628506 0.00015053 -0.000838516 0.000512225 0.000757549 0.000473301 -0.000113266 -0.00061775 0.000185449 0.000494166 -0.000646745 -0.00181582 0.00183722 0.000966858 0.000102441 -0.000482146 -0.00126568 0.000806331 0.000681991 0.00144202 0.000608746 0.000621201 -2.59492e-05 2.34815e-05
internal_weight=73923 6318 67605 6210 6166 5948 218 4164 146 1784 1019 720 329 231 765 558 207 99 126 391 432 236 138 196 335 299 127 98 67565 30933
internal_count=73923 6318 67605 6210 6166 5948 218 4164 146 1784 1019 720 329 231 765 558 207 99 126 391 432 236 138 196 335 299 127 98 67565 30933
is_linear=0
shrinkage=0.03


Tree=136
num_leaves=31
num_cat=0
split_feature=34 15 28 43 15 53 67 15 56 47 56 34 46 63 6 32 31 34 57 31 74 14 17 62 74 7 7 6 33 35
split_gain=0.505554 0.152763 0.149452 0.196613 0.190941 0.189653 0.18091 0.171411 0.170085 0.299432 0.237473 0.199514 0.184167 0.198947 0.177853 0.22384 0.164716 0.18237 0.320581 0.250214 0.200658 0.155575 0.152873 0.166062 0.228239 0.197112 0.255017 0.157247 0.1475 0.209099
threshold=9.7069921493530291 0.39159850307404448 22.500000000000004 1.0091742873191836 -0.44006770603513207 31.500000000000004 2.5000000000000004 0.21195881523988477 23.42404880138335 1.0954545736312868 23.691079050305614 10.074536800384523 1.4659456014633181 -0.080556484377353424 0.12500000000000003 5.9808506965637216 8.9678735733032244 11.573214054107668 21.75961538461539 11.704053401947023 1705.1000000000001 -0.024999999999999963 3.5000000000000004 23.083333333333339 415.30000000000001 0.64416666666666689 0.55166666666666686 0.74500000000000011 0.069047622382640853 0.55684757232666027
decision_type=10 10 10 10 8 10 8 8 8 10 8 10 10 10 8 10 10 10 10 10 2 10 2 10 2 10 8 8 10 10
left_child=28 2 3 4 -2 6 -5 -4 9 11 21 -6 -11 -14 -13 -16 -17 18 -18 -20 22 -10 -19 -24 25 26 -25 -26 29 -1
right_child=1 -3 7 5 8 -7 -8 -9 10 12 -12 14 13 -15 15 16 17 20 19 -21 -22 -23 23 24 27 -27 -28 -29 -30 -31
leaf_value=-6.160803523946694e-05 0.0021829188884944319 0.0020467899131887991 0.0015270974830140819 -0.00229000087454915 -0.0014238667865552437 0.0003353261981491658 -0.00032618022562043149 2.7804909623228011e-05 -0.00011425578258121791 0.0028202357444808094 0.00021241156087285746 0.0021094034734721245 -0.0007091306417998744 0.0021503690901668146 -0.001287548976147603 0.0013378426923962503 -0.002584131199400872 0.001910292124109208 -0.0013705555738748184 0.0017045300519093871 -0.0012774758029501048 -0.0021938254430004561 0.001238078111366154 -0.00014394270851173334 0.0025712857399742268 0.00053745506083176123 -0.0032608191861280438 -2.5436053870291242e-05 2.5775868186433399e-05 -0.0020226162218735838
leaf_weight=38005 47 42 166 45 52 451 683 117 69 78 4081 57 41 47 67 174 50 83 42 55 49 61 167 54 43 76 42 41 28889 49
leaf_count=38005 47 42 166 45 52 451 683 117 69 78 4081 57 41 47 67 174 50 83 42 55 49 61 167 54 43 76 42 41 28889 49
internal_value=-2.2852e-12 0.000242963 0.000232043 0.000203331 0.000278993 -0.000148091 -0.00044757 0.000907249 0.00026251 0.000574732 0.000172202 0.000387882 0.00175886 0.000818102 0.000482093 0.000383729 0.000511555 0.000306749 -0.000632794 0.00037305 0.000555601 -0.00109005 0.000733113 0.000502129 2.20378e-05 -0.000603958 -0.00150758 0.00130384 -2.53332e-05 -6.41331e-05
internal_weight=73923 6980 6938 6655 5476 1179 728 283 5429 1218 4211 1052 166 88 1000 943 876 702 147 97 555 130 506 423 256 172 96 84 66943 38054
internal_count=73923 6980 6938 6655 5476 1179 728 283 5429 1218 4211 1052 166 88 1000 943 876 702 147 97 555 130 506 423 256 172 96 84 66943 38054
is_linear=0
shrinkage=0.03


Tree=137
num_leaves=31
num_cat=0
split_feature=34 6 5 27 21 10 53 11 67 59 55 63 6 47 8 39 42 59 64 8 33 14 36 33 42 66 41 66 11 59
split_gain=0.483496 0.275477 0.254056 0.229215 0.244122 0.357623 0.219974 0.266899 0.211391 0.203332 0.276022 0.216166 0.198923 0.246424 0.206162 0.197233 0.338925 0.213379 0.227867 0.193927 0.193603 0.187159 0.213956 0.198749 0.180784 0.177105 0.257541 0.171032 0.172903 0.172543
threshold=3.1507576704025273 0.34500000000000003 1.0000000180025095e-35 12.500000000000002 0.45500000000000007 0.19707639778062316 25.500000000000004 0.34244665825010195 5.5000000000000009 0.37841244838969634 18.775000000000002 0.024025730554823686 0.58500000000000008 1.9687500000000002 0.58675000000000022 0.32103291153907781 0.40734308958053594 0.3677471614407099 1.0000000180025095e-35 0.26633333333333342 9.9666666984558123 -0.58499999999999985 0.357888013124466 11.516666889190676 0.39212562143802648 81.500000000000014 0.26493477821350103 66.500000000000014 0.15294616603440134 0.35459440358779543
decision_type=8 8 2 8 2 8 10 10 8 10 10 10 10 10 10 10 10 10 2 8 8 8 10 10 10 8 10 8 8 10
left_child=-1 3 -3 4 6 -6 7 9 -5 10 -2 15 25 14 -14 17 -17 19 -19 27 -10 -8 23 24 -23 -4 -27 -12 -29 -30
right_child=1 2 12 8 5 -7 21 -9 20 -11 11 -13 13 -15 -16 16 -18 18 -20 -21 -22 22 -24 -25 -26 26 -28 28 29 -31
leaf_value=-4.4672217071876636e-05 -0.001599868851778236 0.00023959142898498804 0.00066583753818586617 0.00083277061581611624 0.0024523066210547749 -0.00010550766797016629 0.0011227609911040179 -0.00070270101564749948 -0.0030946158172030533 5.6608857290719097e-05 3.3462960374997043e-05 -0.00087029051404001554 -0.0032806833778791455 0.00083621304404223344 -0.00099019773493922662 0.0036435517111509026 0.00044137649721233174 0.00083539438616160469 0.0036380815279803101 -0.00034781358638927545 -0.00084707181186451748 -0.00016592420746885554 -0.0011981451330939307 0.0015264506837120279 -0.0013828003670433131 0.0010170221133807371 -0.0019096759488257541 0.0027261672519718208 0.001629297886742279 -0.00045851985568572817
leaf_weight=55207 47 12149 188 54 89 110 92 281 42 1435 137 67 46 50 153 59 60 69 42 181 193 2467 200 60 115 43 73 62 95 57
leaf_count=55207 47 12149 188 54 89 110 92 281 42 1435 137 67 46 50 153 59 60 69 42 181 193 2467 200 60 115 43 73 62 95 57
internal_value=-1.16229e-12 0.000131771 0.000210967 -3.54971e-05 6.11525e-06 0.00103844 -3.10604e-05 0.000170318 -0.000859824 0.000276471 0.000636633 0.000763431 -0.000417899 -0.00104659 -0.00151966 0.000907079 0.00202901 0.000699443 0.00189587 0.000449812 -0.00124876 -0.000208966 -0.000252076 -0.000180458 -0.000220123 9.70496e-05 -0.000824779 0.000861124 0.00139098 0.000846366
internal_weight=73923 18716 12702 6014 5725 199 5526 2592 289 2311 876 829 553 249 199 762 119 643 111 532 235 2934 2842 2642 2582 304 116 351 214 152
internal_count=73923 18716 12702 6014 5725 199 5526 2592 289 2311 876 829 553 249 199 762 119 643 111 532 235 2934 2842 2642 2582 304 116 351 214 152
is_linear=0
shrinkage=0.03


Tree=138
num_leaves=31
num_cat=0
split_feature=33 9 21 17 26 6 35 62 57 15 30 30 11 11 67 17 35 34 5 14 22 53 35 8 53 37 27 63 53 51
split_gain=0.464259 0.194009 0.182104 0.182618 0.197835 0.202753 0.237547 0.207839 0.273956 0.201079 0.198149 0.267695 0.258747 0.238609 0.196872 0.206255 0.179489 0.17336 0.329951 0.252965 0.227717 0.240286 0.215475 0.180191 0.164028 0.16393 0.228424 0.161525 0.157415 0.214735
threshold=9.6770834922790545 0.26466909549939932 0.40500000000000008 1.5000000000000002 26.500000000000004 0.54500000000000015 0.62115561962127697 22.083333333333339 21.75961538461539 -0.21691462167337908 13.062500000000002 15.267857074737551 0.49360119313360001 0.36651245149249473 16.500000000000004 17.500000000000004 0.84495192766189586 14.961679458618166 1.0000000180025095e-35 -0.070000000000000034 70.500000000000014 34.500000000000007 0.51668518781661998 0.48266666666666674 23.500000000000004 0.51629272103309642 16.500000000000004 -0.0059818779655552981 23.500000000000004 0.35422256588935858
decision_type=10 8 2 2 2 8 10 10 10 10 10 10 8 10 8 2 10 10 2 8 2 10 10 10 10 10 10 10 10 8
left_child=16 -2 3 25 5 6 10 -7 9 -9 14 12 -12 -13 15 24 -1 18 28 20 21 23 -20 -19 -5 -3 -27 -22 -6 -30
right_child=1 2 -4 4 17 7 -8 8 -10 -11 11 13 -14 -15 -16 -17 -18 19 22 -21 27 -23 -24 -25 -26 26 -28 -29 29 -31
leaf_value=-2.4172655040532258e-05 0.0015065284931754124 0.0001236451837872521 0.0015712659573705677 0.0035108248656615612 0.00040653860646393454 0.0021041259996380413 -0.0013213347741823762 -0.0024962380867218597 0.00078305117472769693 0.00017014102113067304 -0.00033895435622604241 -0.0005573227074845427 -0.003206231419795326 0.0023251589486608282 -0.00023291302676495563 0.00010199316682977766 0.0019860238842666147 0.0035532538719708095 -0.00038916559311850317 0.00012649166404747204 -0.0017713752784766256 -0.00025242003020442398 -0.0026432552349219536 0.0013852154563155129 0.0012925312514416873 -0.0033545240603853016 -0.00016803197437761033 0.00073632002367752278 -0.0011749933986664892 -3.8824729448345449e-06
leaf_weight=67565 108 89 89 45 760 92 94 40 938 70 87 56 42 48 112 79 40 40 87 1173 41 72 68 251 90 40 41 53 156 1457
leaf_count=67565 108 89 89 45 760 92 94 40 938 70 87 56 42 48 112 79 40 40 87 1173 41 72 68 251 90 40 41 53 156 1457
internal_value=-5.10736e-13 0.00024593 0.000224006 0.000204417 0.000232113 0.000495521 7.40084e-05 0.000736967 0.000616949 -0.000799451 0.000308646 -0.000359456 -0.00127249 0.000773053 0.000786154 0.0013195 -2.29833e-05 0.000118526 -3.70194e-05 0.000359766 0.00095852 0.0012993 -0.00137806 0.00168323 0.00203196 -0.000765093 -0.00174161 -0.000357462 5.05746e-05 -0.000117146
internal_weight=73923 6318 6210 6121 5951 1793 653 1140 1048 110 559 233 129 104 326 214 67605 4158 2528 1630 457 363 155 291 135 170 81 94 2373 1613
internal_count=73923 6318 6210 6121 5951 1793 653 1140 1048 110 559 233 129 104 326 214 67605 4158 2528 1630 457 363 155 291 135 170 81 94 2373 1613
is_linear=0
shrinkage=0.03


Tree=139
num_leaves=31
num_cat=0
split_feature=33 21 6 36 31 53 64 59 56 34 54 35 29 27 8 26 26 5 9 17 49 37 42 7 63 1 7 58 26 27
split_gain=0.442416 0.255884 0.256284 0.210739 0.240884 0.207886 0.28177 0.221128 0.207585 0.19533 0.25666 0.241518 0.286144 0.20603 0.189989 0.190654 0.181228 0.176048 0.314568 0.208313 0.225258 0.197893 0.268856 0.294889 0.291258 0.224045 0.188732 0.240106 0.174096 0.239943
threshold=3.174242496490479 0.10500000000000002 0.21500000000000002 0.096007950603961958 3.2963664531707768 28.500000000000004 1.0000000180025095e-35 0.38748991528645449 34.202456889027012 15.922264099121096 25.833333333333339 0.55217784643173229 11.633333683013918 15.500000000000002 0.11800000000000002 2.5000000000000004 73.500000000000014 1.0000000180025095e-35 0.37059266626658682 1.5000000000000002 0.2461221441626549 0.54289269447326671 0.26255020499229437 0.34333333333333343 -0.027899672027349939 1.5000000000000002 0.51166666666666683 0.3523074493421649 23.500000000000004 17.500000000000004
decision_type=10 2 8 10 10 10 2 10 10 10 10 10 10 10 8 2 2 2 10 2 10 10 10 8 10 10 8 10 2 10
left_child=9 2 5 -3 -5 6 16 -7 -6 11 -11 14 -13 -14 15 -1 -2 19 -19 20 21 22 26 -24 -25 -26 -4 -28 29 -21
right_child=1 3 17 4 8 7 -8 -9 -10 10 -12 12 13 -15 -16 -17 -18 18 -20 28 -22 -23 23 24 25 -27 27 -29 -30 -31
leaf_value=0.00052942400347386488 -0.00050195123408627201 0.0025968995176566144 0.0011584043154827034 -0.0015533682328710636 0.00070740304014791006 -0.0018349840235758754 0.00061829752892345502 -0.00038631731577649171 -0.0011569992078186355 0.0023188038266180977 -0.00015622486485741461 -0.003204648911791003 -0.0021126172870863228 0.00057946606699875751 -5.4979331985739331e-05 5.2692815745680596e-05 0.0011633541970603311 0.0010801827061287541 -0.00072957810329494946 0.00028848928725848231 -0.0019316838505134607 -0.0017087611482929786 -0.0012949710027314722 8.6771881316679628e-05 0.0042736013587564223 0.0012613235746510327 0.0007420173381793905 -0.001563246751952997 0.00013558960845648006 0.00099786750459489185
leaf_weight=890 618 45 46 49 942 111 458 651 57 73 78 46 40 71 52579 4977 65 108 433 2889 72 64 45 77 40 50 55 156 7634 504
leaf_count=890 618 45 46 49 942 111 458 651 57 73 78 46 40 71 52579 4977 65 108 433 2889 72 64 45 77 40 50 55 156 7634 504
internal_value=1.54949e-13 0.00014444 0.000110105 0.000586615 0.000500295 -0.000213654 4.25876e-05 -0.000597344 0.000601026 -3.72912e-05 0.00104031 -4.00678e-05 -0.00121514 -0.000390654 -3.69113e-05 0.000125011 -0.000343467 0.000160718 -0.000368295 0.000185322 -0.000356683 -0.000143924 6.96141e-05 0.000860462 0.00144127 0.00260011 -0.000582759 -0.000962349 0.00021506 0.000393861
internal_weight=73923 15169 14076 1093 1048 1903 1141 762 999 58754 151 58603 157 111 58446 5867 683 12173 541 11632 605 533 469 212 167 90 257 211 11027 3393
internal_count=73923 15169 14076 1093 1048 1903 1141 762 999 58754 151 58603 157 111 58446 5867 683 12173 541 11632 605 533 469 212 167 90 257 211 11027 3393
is_linear=0
shrinkage=0.03


Tree=140
num_leaves=31
num_cat=0
split_feature=33 9 35 34 41 71 17 67 36 8 26 6 10 12 8 67 53 8 33 33 32 14 9 62 34 14 8 7 63 7
split_gain=0.418895 0.295171 0.253772 0.196814 0.188224 0.148158 0.244233 0.158779 0.191396 0.217517 0.15788 0.210265 0.286849 0.208118 0.199722 0.268871 0.237028 0.229707 0.185896 0.266707 0.169531 0.301682 0.236093 0.187807 0.151931 0.307851 0.166165 0.192522 0.154863 0.149689
threshold=10.379807472229006 0.26466909549939932 0.84495192766189586 6.29099464416504 0.4800067692995072 12.500000000000002 6.5000000000000009 6.5000000000000009 0.66937607526779186 0.65100000000000025 26.500000000000004 0.42500000000000004 0.26975209559479224 0.26452793439608258 0.53100000000000014 9.5000000000000018 22.500000000000004 0.41633333333333339 14.516666889190676 12.894444465637209 9.9694323539733904 -0.054999999999999986 0.44397780301224177 32.916666666666679 15.355990409851076 -0.070000000000000034 0.93100000000000005 0.84416666666666684 -0.096771888515058427 0.69833333333333358
decision_type=10 8 10 10 10 2 2 8 10 10 2 8 8 8 10 10 10 8 10 10 10 10 10 10 10 8 10 10 10 10
left_child=2 -2 -1 4 -3 10 -7 -8 9 -9 11 12 -5 -12 15 16 -13 -18 19 -14 21 -15 -23 24 26 28 27 -22 -26 -16
right_child=1 3 -4 5 -6 6 7 8 -10 -11 13 14 18 20 29 -17 17 -19 -20 -21 23 22 -24 -25 25 -27 -28 -29 -30 -31
leaf_value=-2.2307880993804264e-05 0.0020324298234588307 2.9681570686364013e-05 0.0021828727826396837 0.0013620745320804416 -0.0020609604849909932 -0.002056818769607296 0.0010680075999445523 -0.00053868569854313817 -0.0019514865021813999 0.0018265123073843881 -0.00177804888371611 0.0030610191678861155 -0.00056959250361507971 -0.00043766628057737624 7.8096491806892187e-05 -9.7282287908524693e-05 -0.000334506329910999 0.0017198674391685543 0.00093157591758063064 -0.0034599560410715638 2.3134771121678294e-05 0.0038803145429119465 0.00096718769807804133 -0.00079585034582876316 -0.00052173724131924766 0.00018061819518786501 -0.0018734416245133616 0.0017242353101591429 0.0014127226939963072 0.00088687077477217935
leaf_weight=68102 82 96 47 72 65 61 92 137 55 47 48 80 102 67 471 106 66 190 40 40 1749 42 62 174 42 991 40 62 329 366
leaf_count=68102 82 96 47 72 65 61 92 137 55 47 48 80 102 67 471 106 66 190 40 40 1749 42 62 174 42 991 40 62 329 366
internal_value=-7.36607e-13 0.000245344 -2.0787e-05 0.000219599 -0.000814366 0.000249696 -0.000312487 8.97607e-06 -0.000398685 6.54681e-05 0.000292579 0.000547607 -0.000240804 0.000184161 0.000704179 0.00122006 0.00163565 0.00119022 -0.00087491 -0.00138378 0.000210632 0.00113225 0.00214364 0.000164102 0.000216089 0.000456583 3.91289e-05 8.13723e-05 0.00119373 0.000431754
internal_weight=73923 5774 68149 5692 161 5531 392 331 239 184 5139 1533 254 3606 1279 442 336 256 182 142 3558 171 104 3387 3213 1362 1851 1811 371 837
internal_count=73923 5774 68149 5692 161 5531 392 331 239 184 5139 1533 254 3606 1279 442 336 256 182 142 3558 171 104 3387 3213 1362 1851 1811 371 837
is_linear=0
shrinkage=0.03


Tree=141
num_leaves=31
num_cat=0
split_feature=34 1 57 9 58 57 12 66 40 26 64 6 15 52 35 42 59 12 10 54 53 6 14 74 66 36 28 7 57 51
split_gain=0.404737 0.250522 0.440084 0.35666 0.295659 0.260353 0.230297 0.234807 0.257372 0.20969 0.204595 0.225824 0.232824 0.281917 0.215092 0.21634 0.267367 0.236308 0.220322 0.205737 0.227484 0.207917 0.192752 0.191969 0.187516 0.222847 0.216866 0.314921 0.281155 0.202856
threshold=3.1507576704025273 1.5000000000000002 17.875000000000004 0.43681177460244375 0.46773030097071144 28.870833333333337 0.42960777589811133 83.500000000000014 0.65891560912132274 1.5000000000000002 1.0000000180025095e-35 0.41500000000000004 0.019894132700713555 0.48333333432674414 0.16247642785310748 0.22146406769752505 0.42417635602390547 0.29269786572583623 0.60221163245356812 17.833333333333339 14.500000000000002 0.75500000000000012 -0.22 224.60000000000002 84.500000000000014 0.26304632425308233 5.8333332538604745 0.1016666666666667 23.630681818181824 0.14814816415309909
decision_type=8 8 10 10 8 8 8 8 10 2 2 8 8 10 10 10 10 8 8 10 10 10 8 2 8 8 10 8 10 10
left_child=-1 2 3 4 -2 10 -5 -8 -9 -4 11 22 13 -13 -14 16 18 -17 -16 -12 -21 -22 -3 -6 25 -24 27 -26 -28 -30
right_child=1 5 9 6 23 -7 7 8 -10 -11 19 12 14 -15 15 17 -18 -19 -20 20 21 -23 24 -25 26 -27 28 -29 29 -31
leaf_value=-4.0872134037947602e-05 0.0021780284573839305 -0.00089419682972467708 -0.0015255708141591062 -0.0015475910717102056 -0.00055138130496897096 -0.00023219648548382968 0.0013179991891601962 0.00040703586802606708 -0.0020225942437537012 0.00017139974996221031 0.0021321561521433882 7.2688027637813131e-06 -0.00031290811922732547 -0.0024748230630995331 0.0011202638790942729 -0.0017397009409032761 6.4206828869044257e-05 0.000648668670490552 0.003827038539447269 -0.0010482949267727991 0.00044055212949751284 -0.0012137842443804454 -7.2431272981474053e-05 0.0017692035968330773 0.0016438587974891606 -0.00098708642808884028 0.0028696166246720231 -0.00037454378442787343 0.0010387116774161827 -0.0014182368769543245
leaf_weight=55207 244 309 66 52 77 2876 205 215 48 9296 57 198 218 52 50 40 58 549 59 106 1848 71 906 55 83 326 58 430 124 40
leaf_count=55207 244 309 66 52 77 2876 205 215 48 9296 57 198 218 52 50 40 58 549 59 106 1848 71 906 55 83 326 58 430 124 40
internal_value=8.00119e-14 0.000120561 0.000220226 0.000855393 0.00155928 -3.13142e-07 0.000346429 0.000556876 -3.63947e-05 0.000159436 0.00011916 -2.09219e-05 0.000307678 -0.000509006 0.000517299 0.000756698 0.00170978 0.00048647 0.0025854 0.000354647 0.000304614 0.000379344 -0.000197638 0.000415529 -8.82145e-05 -0.000314459 0.000291014 -4.79796e-05 0.00107436 0.000439456
internal_weight=73923 18716 10258 896 376 8458 520 468 263 9362 5582 3500 1224 250 974 756 167 589 109 2082 2025 1919 2276 132 1967 1232 735 513 222 164
internal_count=73923 18716 10258 896 376 8458 520 468 263 9362 5582 3500 1224 250 974 756 167 589 109 2082 2025 1919 2276 132 1967 1232 735 513 222 164
is_linear=0
shrinkage=0.03


Tree=142
num_leaves=31
num_cat=0
split_feature=34 10 27 41 51 5 15 39 66 47 42 57 17 42 59 54 73 15 33 71 37 51 29 26 10 48 51 12 60 42
split_gain=0.384383 0.169451 0.193544 0.217991 0.268779 0.161764 0.161376 0.241266 0.250267 0.212748 0.195643 0.210167 0.180267 0.321429 0.310629 0.239452 0.162125 0.153468 0.152954 0.300781 0.23094 0.207394 0.171292 0.148206 0.289323 0.21726 0.157411 0.153716 0.170311 0.218842
threshold=9.7069921493530291 0.42689778021375724 2.2343492507934575 0.11181718483567239 0.46366451680660253 1.0000000180025095e-35 -0.025363326513403669 0.54410049319267284 63.500000000000007 0.90454545617103588 0.23079508543014529 18.100000000000005 11.500000000000002 0.26537911593914038 0.38546543475252443 24.833333333333339 1085.6000000000001 -0.089341438877794485 12.17424249649048 6.5000000000000009 0.65494450926780712 0.52193322777748119 9.2249999046325701 89.500000000000014 0.55190373563218398 1.0000000180025095e-35 0.61371877789497387 0.53690384738304664 0.83333333333333337 0.45334175229072576
decision_type=8 8 8 10 8 2 8 10 8 8 8 10 2 10 10 10 2 10 8 2 10 10 10 2 8 8 10 8 10 8
left_child=-1 2 3 -2 -5 23 9 10 -9 -4 -8 -12 13 -11 -15 -16 -13 -17 19 -14 -20 22 -21 27 26 -26 -25 28 -3 -30
right_child=1 5 6 4 -6 -7 7 8 -10 12 11 16 18 14 15 17 -18 -19 20 21 -22 -23 -24 24 25 -27 -28 -29 29 -31
leaf_value=-2.283676786632655e-05 -0.00054651264828862621 0.0009800903107214853 -0.0016457018581318801 0.00011852927908462748 0.0027354127767504999 -0.0004114304448819522 0.001462712349833776 -9.1442472816623266e-05 -0.0030148580900568049 -0.00093360230093821885 0.001581526298323297 -0.0002522273976801051 0.0017085523635085502 0.003125755720413648 -0.001307526184416308 0.00062746997075155376 -0.0013823695929394044 0.0027212338311073834 0.00064370580036807049 -0.00039088562297892116 -0.00160440547906972 0.00067393966771375671 -0.0022608233531271772 -0.00019333495493128794 0.00040337229213353404 -0.0021041242904175305 0.0017365492634209138 0.00028686291659606427 0.0010040065769334533 -0.00049742426200259269
leaf_weight=66511 68 679 56 66 76 274 58 47 60 72 48 602 44 65 41 100 141 46 329 76 47 52 105 96 46 96 63 3605 157 197
leaf_count=66511 68 679 56 66 76 274 58 47 60 72 48 602 44 65 41 100 141 46 329 76 47 52 105 96 46 96 63 3605 157 197
internal_value=-7.49594e-13 0.000204924 -1.59309e-05 0.000850245 0.00151911 0.000298087 -0.000107382 -0.000388278 -0.00173074 0.000152575 -0.000219086 -0.000342404 0.000255649 0.000834166 0.00133924 0.000718263 -0.000466696 0.00128715 -3.13942e-05 -0.000566327 0.000362692 -0.000995918 -0.00147566 0.000337449 -0.000307636 -0.00129184 0.000571336 0.000379314 0.000701953 0.000168465
internal_weight=73923 7412 2199 210 142 5213 1989 956 107 1033 849 791 977 324 252 187 743 146 653 277 376 233 181 4939 301 142 159 4638 1033 354
internal_count=73923 7412 2199 210 142 5213 1989 956 107 1033 849 791 977 324 252 187 743 146 653 277 376 233 181 4939 301 142 159 4638 1033 354
is_linear=0
shrinkage=0.03


Tree=143
num_leaves=31
num_cat=0
split_feature=33 21 6 36 31 56 53 64 59 8 34 54 35 29 27 26 34 51 35 35 66 22 26 26 33 57 63 5 9 17
split_gain=0.37011 0.241716 0.230976 0.200008 0.224706 0.192832 0.191638 0.256951 0.207111 0.179137 0.18457 0.240903 0.225522 0.267813 0.192219 0.179964 0.172811 0.171035 0.22354 0.282897 0.240954 0.178318 0.168135 0.1672 0.162848 0.161843 0.170552 0.159918 0.295228 0.192919
threshold=3.174242496490479 0.10500000000000002 0.21500000000000002 0.096007950603961958 3.2963664531707768 34.202456889027012 28.500000000000004 1.0000000180025095e-35 0.38748991528645449 0.11800000000000002 15.922264099121096 25.833333333333339 0.55217784643173229 11.633333683013918 15.500000000000002 2.5000000000000004 8.4321250915527362 0.035064412280917175 0.035098522901535041 0.20881782472133639 65.500000000000014 16.500000000000004 73.500000000000014 2.5000000000000004 4.4833333492279062 23.577380952380956 -0.0046331568545008852 1.0000000180025095e-35 0.37059266626658682 1.5000000000000002
decision_type=10 2 8 10 10 10 10 2 10 8 10 10 10 10 10 2 10 10 10 10 10 2 2 2 10 10 10 2 10 2
left_child=9 2 6 -3 -5 23 7 22 -8 15 12 -12 -11 -14 -15 -1 -17 18 -9 20 25 -21 -2 -6 -10 -20 -27 29 -29 -4
right_child=1 3 27 4 5 -7 8 17 24 10 11 -13 13 14 -16 16 -18 -19 19 21 -22 -23 -24 -25 -26 26 -28 28 -30 -31
leaf_value=0.00051607895385947481 -0.00048390612396687375 0.0025203050081618133 -0.00035135541166937022 -0.0015057266322534759 -0.00050889590864244382 -0.001119336842936096 -0.0017747824345211926 -0.0012364268126548268 -0.0010256637122559671 -5.1164155911403952e-05 0.0022344203076440179 -0.00016342940131345619 -0.0031146037951111792 -0.0020554881897987798 0.00054480171491556742 3.6403215302048993e-05 0.0019465077698209083 -0.00056133656356964381 -0.00032894506711851466 -0.0012175345366132067 0.0036249746923924099 0.0011921062188160318 0.0011201134279550527 0.00081222916148085487 -2.7947609370117709e-05 0.0031610178848614496 0.00086656915373168881 0.0010458367278826902 -0.00070740905385553157 0.0001988562350316094
leaf_weight=890 618 45 605 49 96 57 111 40 225 52579 73 78 46 40 71 4934 43 93 44 59 49 52 65 846 426 49 72 108 433 11027
leaf_count=890 618 45 605 49 96 57 111 40 225 52579 73 78 46 40 71 4934 43 93 44 59 49 52 65 846 426 49 72 108 433 11027
internal_value=1.33102e-12 0.00013211 9.87396e-05 0.000561869 0.000477776 0.000575065 -0.000208618 3.74058e-05 -0.000577009 -3.4108e-05 -5.15553e-05 0.000995796 -5.45542e-05 -0.00118988 -0.00039224 0.000123167 5.2906e-05 0.000587176 0.000879811 0.00114027 0.00177772 -8.86938e-05 -0.000331254 0.000677592 -0.00037278 0.00122915 0.00179573 0.000146789 -0.000357408 0.000170239
internal_weight=73923 15169 14076 1093 1048 999 1903 1141 762 58754 52887 151 52736 157 111 5867 4977 458 365 325 214 111 683 942 651 165 121 12173 541 11632
internal_count=73923 15169 14076 1093 1048 999 1903 1141 762 58754 52887 151 52736 157 111 5867 4977 458 365 325 214 111 683 942 651 165 121 12173 541 11632
is_linear=0
shrinkage=0.03


Tree=144
num_leaves=31
num_cat=0
split_feature=34 1 57 9 58 57 12 66 40 26 22 7 64 6 66 54 53 14 11 29 66 38 9 17 27 47 71 67 74 12
split_gain=0.349226 0.226436 0.416348 0.337385 0.277799 0.241468 0.216753 0.221935 0.244762 0.193828 0.192304 0.191012 0.186715 0.235964 0.224646 0.203673 0.212757 0.250257 0.230298 0.236 0.22737 0.219974 0.227684 0.21174 0.197476 0.196551 0.18497 0.184239 0.208393 0.183562
threshold=3.1507576704025273 1.5000000000000002 17.875000000000004 0.43681177460244375 0.46773030097071144 28.870833333333337 0.42960777589811133 83.500000000000014 0.65891560912132274 1.5000000000000002 85.500000000000014 0.46166666666666673 1.0000000180025095e-35 0.41500000000000004 35.500000000000007 17.833333333333339 16.500000000000004 -0.029999999999999982 0.56502558773090195 10.900000095367433 64.500000000000014 0.21887276321649554 0.22221991763335203 22.500000000000004 8.5000000000000018 2.279220819473267 7.5000000000000009 12.500000000000002 469.20000000000005 0.53690384738304664
decision_type=8 8 10 10 8 8 8 8 10 2 2 10 2 8 10 10 10 8 8 10 8 10 10 2 10 10 2 8 2 10
left_child=-1 2 3 4 27 10 -5 -8 -9 -4 12 -12 13 14 -3 -14 17 20 19 21 -17 23 -23 26 -16 29 -18 28 -2 -15
right_child=1 5 9 6 -6 -7 7 8 -10 -11 11 -13 15 25 24 16 18 -19 -20 -21 -22 22 -24 -25 -26 -27 -28 -29 -30 -31
leaf_value=-3.7965964454153916e-05 0.00038587516924599188 0.00021852777416533727 -0.0014724109456768597 -0.00150796260869426 0.00040047790323362938 -0.00022624296322363495 0.0012736550394073698 0.00038933737746299089 -0.0019800215907162053 0.00015911601793135359 -0.00027594078969695287 -0.0022689359990236313 0.0022369480902405202 0.00055841741780539094 -0.00026206471361483249 -0.00097496745525859295 0.0010422666051573873 -0.0015322109845458598 5.0531508904528167e-06 0.0019580143055168637 0.0020941727604561794 -0.0016671967666949175 0.00032219601207501022 8.6083329578589947e-05 -0.001304640160862561 -0.0016559000798900211 0.0028344326204950768 0.0029469002006808293 0.0029562867574118583 -0.00074776167832407443
leaf_weight=55207 80 824 66 52 132 2876 205 215 48 9296 236 53 52 1019 1136 42 316 112 667 122 45 62 314 180 191 42 62 120 44 107
leaf_count=55207 80 824 66 52 132 2876 205 215 48 9296 236 53 52 1019 1136 42 316 112 667 122 45 62 314 180 191 42 62 120 44 107
internal_value=2.91621e-13 0.000111989 0.000206741 0.000824542 0.00150914 -2.92809e-06 0.000329523 0.000533688 -4.30932e-05 0.000147614 0.00011213 -0.000641438 0.000153275 1.58614e-05 -0.000170537 0.000384316 0.000334193 -0.000594565 0.000441461 0.000717109 0.000612519 0.000555021 -5.84216e-06 0.00093295 -0.000412126 0.000359134 0.00133622 0.00210891 0.00129796 0.000434296
internal_weight=73923 18716 10258 896 376 8458 520 468 263 9362 5582 289 5293 3319 2151 1974 1922 199 1723 1056 87 934 376 558 1327 1168 378 244 124 1126
internal_count=73923 18716 10258 896 376 8458 520 468 263 9362 5582 289 5293 3319 2151 1974 1922 199 1723 1056 87 934 376 558 1327 1168 378 244 124 1126
is_linear=0
shrinkage=0.03


Tree=145
num_leaves=31
num_cat=0
split_feature=33 9 35 34 41 50 49 15 49 30 40 8 26 34 42 15 6 32 14 40 39 8 7 12 14 11 41 56 1 74
split_gain=0.33579 0.278464 0.236543 0.182648 0.175571 0.147878 0.178927 0.203429 0.318035 0.179369 0.250052 0.148626 0.169586 0.184088 0.141855 0.141234 0.13994 0.225331 0.234119 0.214957 0.201898 0.184319 0.144 0.141421 0.138168 0.137268 0.137179 0.163391 0.187305 0.138032
threshold=10.379807472229006 0.26466909549939932 0.84495192766189586 6.29099464416504 0.4800067692995072 1.2250000238418581 0.36969967186450964 0.17052188465309673 0.83333334326744091 17.437500000000004 0.63232064247131359 0.11800000000000002 22.500000000000004 10.074536800384523 0.40734308958053594 -0.017042116226898853 0.27500000000000008 9.9694323539733904 -0.099999999999999992 0.47824405133724218 0.3768534660339356 0.41225000000000006 0.9883333333333334 0.51430245546199971 -0.31499999999999989 0.33994428385764336 0.013889889232814314 22.271516967706166 2.5000000000000004 704.80000000000007
decision_type=10 8 10 10 10 10 10 8 10 10 10 8 2 10 8 10 8 10 10 10 10 10 10 8 8 10 8 10 10 2
left_child=2 -2 5 4 25 6 9 14 -9 10 11 12 26 -14 -8 -16 19 18 -18 20 24 -20 -19 -23 -5 -3 -1 28 -28 -29
right_child=1 3 -4 16 -6 -7 7 8 -10 -11 -12 -13 13 -15 15 -17 17 22 21 -21 -22 23 -24 -25 -26 -27 27 29 -30 -31
leaf_value=8.7032472765809617e-05 0.0019554372310706574 0.0013560359072580467 0.0021089298849766877 0.0006556747335351395 -0.002005366088464283 -0.0015213517087977379 9.0016486918172557e-05 0.0026850821361474046 -0.00039892314581618619 0.0012777662649750708 -0.0020487047011159697 -3.9210477585926948e-05 -0.00012996976581712691 0.0018990654617593418 0.0025591127281288867 0.00022864677999168633 -0.0006088190233334899 0.00023030691598353075 0.0031548700810156084 -0.0024065929921993682 0.0015383407538040327 0.0022012974047146811 -0.0014558682071915624 8.754040699429988e-05 -0.0013021601024956907 -0.00094497070379605122 0.00057658092355700793 0.00051279884288739559 0.0024276620563119652 -0.00016493753717691044
leaf_weight=2270 82 40 47 49 65 59 832 78 49 95 55 60763 2179 41 44 50 50 5025 55 43 52 52 46 63 96 56 143 998 75 371
leaf_count=2270 82 40 47 49 65 59 832 78 49 95 55 60763 2179 41 44 50 50 5025 55 43 52 52 46 63 96 56 143 998 75 371
internal_value=1.73193e-12 0.000219663 -1.86112e-05 0.000194657 -0.000801402 -2.00795e-05 -1.87777e-05 0.000369246 0.00149519 -2.4877e-05 -2.67269e-05 -2.50631e-05 0.000116394 -9.24966e-05 0.000214824 0.0013195 0.000223651 0.000255789 0.00119572 -0.000484871 -6.54091e-05 0.00172647 0.000215011 0.00104333 -0.000640547 1.37821e-05 0.000236627 0.000450603 0.00121342 0.000329132
internal_weight=73923 5774 68149 5692 161 68102 68043 1053 127 66990 66895 66840 6077 2220 926 94 5531 5291 220 240 197 170 5071 115 145 96 3857 1587 218 1369
internal_count=73923 5774 68149 5692 161 68102 68043 1053 127 66990 66895 66840 6077 2220 926 94 5531 5291 220 240 197 170 5071 115 145 96 3857 1587 218 1369
is_linear=0
shrinkage=0.03


Tree=146
num_leaves=31
num_cat=0
split_feature=33 21 6 36 31 57 53 64 59 43 35 35 15 58 62 22 8 26 34 54 35 29 27 73 73 45 34 33 74 8
split_gain=0.319786 0.227043 0.210451 0.189093 0.210234 0.183582 0.177784 0.237741 0.195047 0.165074 0.195228 0.242325 0.265787 0.231237 0.195893 0.192997 0.160298 0.166542 0.165683 0.228174 0.212137 0.252795 0.178209 0.160267 0.163909 0.19159 0.156224 0.153703 0.152517 0.174453
threshold=3.174242496490479 0.10500000000000002 0.21500000000000002 0.096007950603961958 3.2963664531707768 33.408333333333339 28.500000000000004 1.0000000180025095e-35 0.38748991528645449 1.0000000180025095e-35 0.03637566231191159 0.20881782472133639 -0.036763406316927601 0.36781094573443757 25.791666666666671 16.500000000000004 0.11800000000000002 2.5000000000000004 15.922264099121096 25.833333333333339 0.55217784643173229 11.633333683013918 15.500000000000002 2161.1500000000001 257.90000000000003 0.63333335518836986 8.4321250915527362 4.4833333492279062 1830.5500000000002 0.26225000000000009
decision_type=10 2 8 10 10 10 10 2 10 8 10 10 10 10 10 2 8 2 10 10 10 8 10 2 2 10 10 10 2 8
left_child=16 2 6 -3 -5 -6 7 23 -8 -9 -11 12 13 -12 -15 -13 17 -1 20 -20 -18 -22 -23 24 25 28 -19 -10 29 -2
right_child=1 3 -4 4 5 -7 8 9 27 10 11 15 -14 14 -16 -17 18 26 19 -21 21 22 -24 -25 -26 -27 -28 -29 -30 -31
leaf_value=0.00049504779172528882 0.00055344698281789366 0.0024435564616384605 0.0001363234131459863 -0.0014610202821465777 0.00065261439580303643 -0.0010864276912239989 -0.0017201153752771582 -0.00049450100661770806 -0.00099384580490489787 -0.0011046119400998577 0.0038438155492277518 -0.0011555490168102551 -0.00034416305074511572 -0.0001443712113470566 0.0025460752374492582 0.0013166074883742516 -4.7762328561981964e-05 3.3790248769762846e-05 0.0021495684379175917 -0.00018407450451587255 -0.0030221510362689911 -0.0019787032764688774 0.00052503039883318502 0.0015219316724542297 -0.0010203029592467342 0.001414894866930849 0.001849911617017676 -2.4547725555185279e-05 -0.0016988338038829141 -0.0010769401868278889
leaf_weight=890 165 45 12173 49 941 58 111 103 225 40 57 60 43 41 60 54 52579 4934 73 78 46 40 71 40 258 67 43 426 61 92
leaf_count=890 165 45 12173 49 941 58 111 103 225 40 57 60 43 41 60 54 52579 4934 73 78 46 40 71 40 258 67 43 426 61 92
internal_value=-4.29481e-13 0.000122801 9.04588e-05 0.000539311 0.000457545 0.000551649 -0.000202926 3.40386e-05 -0.00055775 0.000562859 0.000869643 0.00112034 0.00174698 0.00231609 0.00145391 1.54725e-05 -3.17045e-05 0.000117072 -4.82089e-05 0.00094411 -5.10502e-05 -0.00115217 -0.000377216 -0.000320573 -0.000435193 -4.30926e-05 4.94811e-05 -0.000359559 -0.000350279 -3.01936e-05
internal_weight=73923 15169 14076 1093 1048 999 1903 1141 762 458 355 315 201 158 101 114 58754 5867 52887 151 52736 157 111 683 643 385 4977 651 318 257
internal_count=73923 15169 14076 1093 1048 999 1903 1141 762 458 355 315 201 158 101 114 58754 5867 52887 151 52736 157 111 683 643 385 4977 651 318 257
is_linear=0
shrinkage=0.03


Tree=147
num_leaves=31
num_cat=0
split_feature=28 33 61 63 54 34 39 37 14 52 9 63 63 35 59 41 51 1 27 8 17 9 71 17 62 34 39 27 66 15
split_gain=0.304464 0.213766 0.239115 0.245794 0.310713 0.333147 0.240746 0.260056 0.233206 0.22323 0.212451 0.194709 0.194685 0.242803 0.194457 0.248342 0.186278 0.19242 0.274001 0.197733 0.181101 0.172147 0.167919 0.288029 0.169462 0.234998 0.228769 0.229335 0.174197 0.250689
threshold=11.416666507720949 12.031250000000002 6.416666666666667 0.096991857372475218 21.500000000000004 9.7069921493530291 0.67310723662376415 0.61764907836914074 -0.089999999999999969 0.4083333313465119 0.42185794848346297 0.060075678087843677 -0.034724131791412725 0.53001201152801525 0.4561727721046086 0.52777913212776195 0.25689300894737249 1.5000000000000002 10.500000000000002 0.59100000000000019 30.500000000000004 0.59590123519512694 12.500000000000002 7.5000000000000009 23.583333333333339 13.858058452606203 0.52419954538345348 18.500000000000004 60.500000000000007 -0.14412592650544456
decision_type=10 8 10 10 10 10 10 10 8 8 8 10 10 10 10 10 8 8 10 10 2 8 2 2 8 10 8 10 8 10
left_child=-1 2 3 4 5 -2 7 16 -5 14 12 -4 -11 -14 15 -3 -6 19 -19 -18 -16 -20 24 -24 26 -26 -12 28 29 -28
right_child=1 9 11 8 6 -7 -8 -9 -10 10 22 -13 13 -15 20 -17 17 18 21 -21 -22 -23 23 -25 25 -27 27 -29 -30 -31
leaf_value=-1.7492738305538008e-05 -0.0027322851035107929 -0.0029839543959242292 -0.0024882666745106685 -0.0021417553569289282 0.0029623522399418538 0.00061538737031401362 0.0032587422589660324 -0.0012356398745129505 0.00031907730148470197 0.00076837176803014123 0.0023534134391229597 0.0004363309232784169 -0.00038817710127602822 -0.0025172073331297088 0.0013995846031376947 -0.00030744140314009898 0.0018688441265840084 -0.00068072918349935203 0.00064993446935492918 0.00022201988733662611 -0.0012319376676879434 0.0027975499075281814 -0.0023986733083208823 1.8753699811350089e-05 -0.00010520203354016667 0.00041620924231723432 -0.00066216613437453423 0.001626285187724489 -0.000411669921245227 0.0023703203980526806
leaf_weight=68286 41 60 40 47 46 77 44 45 132 71 72 42 160 69 52 65 267 120 142 87 43 44 57 200 1351 1834 42 122 206 59
leaf_count=68286 41 60 40 47 46 77 44 45 132 71 72 42 160 69 52 65 267 120 142 87 43 44 57 200 1351 1834 42 122 206 59
internal_value=5.12597e-13 0.000211905 0.000572107 0.000689431 0.000888721 -0.000547787 0.00110194 0.000975575 -0.000327063 0.000117153 0.000165466 -0.000990302 -0.000604137 -0.00102968 -0.000814618 -0.00159217 0.00111652 0.000987867 0.000436913 0.00146412 0.000208475 0.00115797 0.00022402 -0.000517407 0.000275715 0.000195039 0.000788596 0.000525969 8.87098e-05 0.00110929
internal_weight=73923 5637 1174 1092 913 118 795 751 179 4463 4243 82 300 229 220 125 706 660 306 354 95 186 3943 257 3686 3185 501 429 307 101
internal_count=73923 5637 1174 1092 913 118 795 751 179 4463 4243 82 300 229 220 125 706 660 306 354 95 186 3943 257 3686 3185 501 429 307 101
is_linear=0
shrinkage=0.03


Tree=148
num_leaves=31
num_cat=0
split_feature=33 21 6 36 31 56 58 57 15 7 8 26 47 50 33 28 39 39 8 26 34 54 35 29 27 5 9 17 49 27
split_gain=0.291084 0.213435 0.194402 0.17843 0.19722 0.173506 0.169253 0.215765 0.201375 0.224421 0.157584 0.154247 0.157579 0.177401 0.224449 0.203887 0.202938 0.243912 0.150866 0.1567 0.152379 0.214786 0.198298 0.237681 0.167809 0.149525 0.27915 0.177475 0.210367 0.189011
threshold=3.174242496490479 0.10500000000000002 0.21500000000000002 0.096007950603961958 3.2963664531707768 34.202456889027012 0.324606073669582 23.630681818181824 -0.44006770603513207 0.47166666666666673 0.27100000000000013 2.5000000000000004 0.67708334326744091 0.70833334326744091 5.4365079402923593 10.416666507720949 0.20453011989593509 0.15372467041015628 0.11800000000000002 2.5000000000000004 15.922264099121096 25.833333333333339 0.55217784643173229 11.633333683013918 15.500000000000002 1.0000000180025095e-35 0.37059266626658682 1.5000000000000002 0.2461221441626549 7.0708811283111581
decision_type=10 2 8 10 10 10 10 10 8 10 8 2 8 8 10 10 10 10 8 2 10 10 10 10 10 2 10 2 10 10
left_child=18 2 6 -3 -5 11 7 10 -8 -10 -2 -6 -13 15 16 -14 17 -15 19 -1 22 -22 -20 -24 -25 27 -27 28 29 -4
right_child=1 3 25 4 5 -7 8 -9 9 -11 -12 12 13 14 -16 -17 -18 -19 20 -21 21 -23 23 24 -26 26 -28 -29 -30 -31
leaf_value=0.00048072114568975429 0.00089934275744498935 0.0023707745882372063 0.00046122227226319464 -0.0014166648985761007 -0.00050963754540134687 -0.0010745384223072936 0.0015769940963432684 0.0022215872397646306 -0.00028061721931926082 -0.0024759081761937499 -0.0015482892910949886 -0.00087435616515576836 0.00093708631779568696 0.0023438356628841051 0.00036374663579408662 0.0034063813210065876 0.0028782344245068402 -0.00083498893616100152 -4.5805773661827974e-05 4.8521419143610843e-05 0.0020749418964379862 -0.0001892026477994827 -0.0029267981935940358 -0.0019162043091246229 0.00051337425462560547 0.0010068452151932028 -0.00069799136290166468 0.00018000709551329282 -0.0018697738053742796 -0.00067109832748390313
leaf_weight=890 58 45 249 49 96 57 51 57 1654 43 40 50 78 42 513 49 69 45 52579 4977 73 78 46 40 71 108 433 11027 72 284
leaf_count=890 58 45 249 49 96 57 51 57 1654 43 40 50 78 42 513 49 69 45 52579 4977 73 78 46 40 71 108 433 11027 72 284
internal_value=1.22021e-12 0.00011716 8.58027e-05 0.000520996 0.000441569 0.000532713 -0.000196173 0.000753941 -0.000280422 -0.000336243 -9.96907e-05 0.000629967 0.000759284 0.0008619 0.000666767 0.00188981 0.00166324 0.000699616 -3.02483e-05 0.000114084 -4.62598e-05 0.000905384 -4.89846e-05 -0.00111358 -0.00036215 0.000129884 -0.000357654 0.000152559 -0.000347721 -0.000142116
internal_weight=73923 15169 14076 1093 1048 999 1903 155 1748 1697 98 942 846 796 669 127 156 87 58754 5867 52887 151 52736 157 111 12173 541 11632 605 533
internal_count=73923 15169 14076 1093 1048 999 1903 155 1748 1697 98 942 846 796 669 127 156 87 58754 5867 52887 151 52736 157 111 12173 541 11632 605 533
is_linear=0
shrinkage=0.03


Tree=149
num_leaves=31
num_cat=0
split_feature=34 1 57 39 12 14 58 76 37 28 37 15 33 33 11 17 37 51 51 14 56 42 30 37 30 40 22 38 57 40
split_gain=0.278379 0.176316 0.363943 0.301576 0.225953 0.298257 0.258041 0.203579 0.266219 0.183984 0.269899 0.179883 0.174105 0.235541 0.219027 0.24909 0.228665 0.206402 0.26396 0.240155 0.254908 0.22808 0.206351 0.190508 0.184921 0.177363 0.307179 0.173594 0.217247 0.231987
threshold=4.4309523105621347 1.5000000000000002 17.875000000000004 0.47439032793045049 0.4465887192398012 -0.024999999999999963 0.502920567977861 1.0000000180025095e-35 0.54289269447326671 7.0713672637939462 0.25563101470470434 -0.049553074200961542 12.63068199157715 11.345237731933596 0.57078795793563808 30.500000000000004 0.61764907836914074 1.1799533963203432 0.99940627813339245 -0.27499999999999986 30.422462989187 0.42453156411647802 12.437500000000002 0.38832911849021917 12.803571224212648 0.41858378052711492 10.500000000000002 0.53092566132545482 22.031250000000004 0.45905306935310369
decision_type=8 8 10 10 8 8 10 2 10 10 10 10 8 10 10 2 10 10 10 8 10 10 10 10 10 10 2 10 10 10
left_child=-1 2 3 4 11 -6 9 8 -5 10 -7 -2 13 17 15 16 27 18 19 -3 21 22 -21 -15 -17 -25 -27 28 -14 -30
right_child=1 12 -4 7 5 6 -8 -9 -10 -11 -12 -13 14 23 -16 24 -18 -19 -20 20 -22 -23 -24 25 -26 26 -28 -29 29 -31
leaf_value=-2.9229531073854941e-05 -0.0010642048314594749 -0.00080446670575415043 0.00014716651496155691 -0.0025705542262377482 0.0032386336965638017 0.0014288217019730884 -0.0008659709783581396 0.0012701193894802904 0.00012397957691891035 0.0004460244037210941 0.0043664498419384466 0.001435299462885881 0.00010266974353523278 0.0020828192454990296 -0.0018886483462513236 0.00010434628397969034 -0.0023573364002976984 -0.0020367930509518225 0.0024189108616805501 0.00020859206969074426 -0.00036898815706503128 -0.00080130103052109393 0.0017781297147482658 -0.0011188664461266908 0.0023949512635480681 0.00309411382502211 2.7610336154775353e-05 0.0010394457950092413 -0.00051863797090270411 -0.0022507137244087414
leaf_weight=59040 55 292 7356 42 86 95 45 90 154 75 40 49 466 88 74 79 49 43 42 3602 914 199 77 51 53 42 98 85 460 82
leaf_count=59040 55 292 7356 42 86 95 45 90 154 75 40 49 466 88 74 79 49 43 42 3602 914 199 77 51 53 42 98 85 460 82
internal_value=2.75075e-13 0.000115952 0.000210609 0.000849029 0.00133753 0.00171086 0.0011956 8.89522e-05 -0.000453421 0.00163737 0.00229923 0.000113446 3.31287e-06 7.88441e-05 -0.00030195 -0.000209787 -0.000352403 3.30158e-05 5.03786e-05 3.08116e-05 8.17092e-05 0.000187933 0.000241442 0.000927901 0.00102406 0.000395793 0.000947561 -0.000262521 -0.000372309 -0.000780686
internal_weight=73923 14883 8087 731 445 341 255 286 196 210 135 104 6796 5448 1348 1274 1142 5169 5126 5084 4792 3878 3679 279 132 191 140 1093 1008 542
internal_count=73923 14883 8087 731 445 341 255 286 196 210 135 104 6796 5448 1348 1274 1142 5169 5126 5084 4792 3878 3679 279 132 191 140 1093 1008 542
is_linear=0
shrinkage=0.03


Tree=150
num_leaves=31
num_cat=0
split_feature=33 9 35 34 41 26 12 30 62 46 46 71 15 55 7 11 10 32 53 62 67 8 63 59 73 14 51 27 62 62
split_gain=0.268118 0.262054 0.216657 0.168422 0.162221 0.1391 0.202547 0.182718 0.169877 0.216097 0.197966 0.219708 0.187826 0.171262 0.197133 0.233725 0.336204 0.198463 0.191343 0.227331 0.22877 0.179703 0.177741 0.248034 0.168166 0.220767 0.158817 0.158283 0.15093 0.175858
threshold=10.379807472229006 0.26466909549939932 0.84495192766189586 6.29099464416504 0.4800067692995072 27.500000000000004 0.26452793439608258 9.1339287757873553 21.916666666666671 1.4448990225791933 1.7802327871322634 13.500000000000002 -0.10164835164835162 21.733333333333338 0.67416666666666691 0.47413801407805306 0.46259328358208962 10.493401527404787 19.500000000000004 26.916666666666671 6.5000000000000009 0.57450000000000012 -0.025622667691193948 0.46489268453095972 641.10000000000002 -0.019999999999999931 0.29629889130592352 11.500000000000002 32.916666666666679 30.083333333333339
decision_type=10 8 10 10 10 2 8 10 10 8 8 2 10 10 8 8 10 10 10 10 10 10 10 10 2 8 10 10 10 10
left_child=2 -2 -1 4 -3 8 -7 -8 27 26 -11 13 -13 -12 15 16 24 -17 -19 20 21 -20 -21 -24 -15 -26 -10 -5 29 -9
right_child=1 3 -4 5 -6 6 7 28 9 10 11 12 -14 14 -16 17 -18 18 19 22 -22 -23 23 -25 25 -27 -28 -29 -30 -31
leaf_value=-1.8035657800389313e-05 0.0018801365901500258 -8.7659725977573534e-07 0.0020195174035541911 0.00021367173247563187 -0.0019417433869944381 -0.0018804042122349566 0.0015883330002427101 4.4339513512769284e-05 0.00056554446229711169 -0.0015468958923417443 -0.00067049591332943238 -0.002617758991333043 0.00016067358229230057 0.00079753422021749422 0.0010043519310869089 0.0016989316573433045 0.0025263410376366942 -0.0023344808917450293 0.0031289398778462782 0.00060919179803664407 -0.00077793112406025408 0.00036535621931155519 -0.0028757674947020506 -0.00033363603574868575 0.00062441663018294742 -0.0023210219295998645 0.0030221739870806533 0.0024171886689514969 -0.00075461435667481655 0.00062914572009826943
leaf_weight=68102 82 96 47 50 65 46 75 2947 50 53 120 41 47 200 467 42 78 44 40 51 58 45 62 78 49 43 45 71 180 549
leaf_count=68102 82 96 47 50 65 46 75 2947 50 53 120 41 47 200 467 42 78 44 40 51 58 45 62 78 49 43 45 71 180 549
internal_value=6.57979e-13 0.000196285 -1.66304e-05 0.000172027 -0.000784456 0.000199869 9.82e-05 0.000122464 0.000422496 0.000341168 0.000254301 0.000319464 -0.00113382 0.000412339 0.000515712 0.000226858 0.000776632 -0.000257466 -0.000474844 -0.000229862 0.000674676 0.00166587 -0.000907081 -0.00145944 0.000309244 -0.000752256 0.00172921 0.00150664 9.25568e-05 0.000136175
internal_weight=73923 5774 68149 5692 161 5531 3797 3751 1734 1613 1518 1465 88 1377 1257 790 370 420 378 334 143 85 191 140 292 92 95 121 3676 3496
internal_count=73923 5774 68149 5692 161 5531 3797 3751 1734 1613 1518 1465 88 1377 1257 790 370 420 378 334 143 85 191 140 292 92 95 121 3676 3496
is_linear=0
shrinkage=0.03


Tree=151
num_leaves=31
num_cat=0
split_feature=34 14 31 33 47 45 57 55 57 71 17 15 43 15 58 22 26 35 33 27 34 6 11 33 62 8 9 36 56 35
split_gain=0.258501 0.21538 0.165251 0.286026 0.178909 0.246624 0.169751 0.158924 0.156444 0.171698 0.159779 0.149458 0.172771 0.161992 0.145583 0.140022 0.134047 0.217295 0.304517 0.255067 0.232603 0.217778 0.20831 0.197581 0.179441 0.178841 0.173634 0.170838 0.13875 0.138209
threshold=14.961679458618166 -0.089999999999999969 19.904785156250004 14.639610767364504 4.2111110687255868 4.0999999046325692 28.138095238095243 31.550000000000004 33.408333333333339 10.500000000000002 63.500000000000007 -0.056478405315614634 5.5000000000000009 -0.028657869237579372 0.49070439501852187 44.500000000000007 16.500000000000004 0.67028987407684337 12.63068199157715 16.500000000000004 13.858058452606203 0.63500000000000012 0.55019063180827898 10.516666889190676 25.583333333333339 0.11291666666666669 0.549694360998353 0.44543913006782537 23.120772970087259 0.12060606107115747
decision_type=10 8 10 10 10 10 10 10 10 2 2 8 8 8 10 2 2 10 10 10 10 8 8 10 10 8 8 10 10 10
left_child=2 8 4 -4 5 16 -5 -8 9 10 14 12 -3 15 -2 -13 17 18 23 26 21 -20 -21 25 28 -1 -19 -26 -25 -27
right_child=1 11 3 6 -6 -7 7 -9 -10 -11 -12 13 -14 -15 -16 -17 -18 19 20 22 -22 -23 -24 24 27 29 -28 -29 -30 -31
leaf_value=0.00024581518483986144 0.00096992596612215836 0.00044928409386193379 0.0023908039979370576 0.0012000845806200949 0.001597442563262678 -0.0021872334806199009 -0.0021430917510126784 0.00036551929606289108 -0.0010341858599198664 -0.00077073827099341616 -0.00068504099866064879 0.0026062084256078706 -0.0021624552544188807 0.0001201717561943672 0.0023825121696361088 0.00047965586681752222 -4.0514567509562264e-05 -0.0014070964446756989 -0.0010222732452878161 0.0034286349995818455 0.0004631063132546842 -0.0038044614151585845 0.00091678752734039267 0.00054703445411274866 0.001012366082077176 -3.6409079895188762e-05 0.0010574331380128158 -0.0010801239101143939 0.0026936797388771084 0.00018748105245000794
leaf_weight=3185 446 40 70 71 62 47 41 51 41 52 45 44 53 1759 77 76 49493 50 69 48 48 40 78 47 89 14638 53 58 64 2988
leaf_count=3185 446 40 70 71 62 47 41 51 41 52 45 44 53 1759 77 76 49493 50 69 48 48 40 78 47 89 14638 53 58 64 2988
internal_value=-1.29279e-12 0.000291912 -1.07814e-05 0.000786854 -1.33969e-05 -1.48036e-05 9.80413e-05 -0.000752449 0.000760565 0.00087925 0.00103031 0.000134823 -0.00103913 0.000192927 0.0011779 0.00125939 -1.33645e-05 4.92661e-05 3.93495e-05 0.000968441 -0.00127698 -0.00204326 0.00187368 4.91584e-05 0.000874262 3.89293e-05 -0.00013894 0.000186758 0.00178474 1.54529e-06
internal_weight=73923 2633 71290 233 71057 70995 163 92 661 620 568 1972 93 1879 523 120 70948 21455 21226 229 157 109 126 21069 258 20811 103 147 111 17626
internal_count=73923 2633 71290 233 71057 70995 163 92 661 620 568 1972 93 1879 523 120 70948 21455 21226 229 157 109 126 21069 258 20811 103 147 111 17626
is_linear=0
shrinkage=0.03


Tree=152
num_leaves=31
num_cat=0
split_feature=34 20 1 33 13 8 35 35 42 21 35 27 64 38 35 57 18 6 27 75 58 47 56 55 58 71 39 31 59 58
split_gain=0.24452 0.189995 0.274808 0.447101 0.250028 0.283021 0.373077 0.315129 0.292353 0.472257 0.27557 0.254031 0.230825 0.225022 0.222336 0.202136 0.21782 0.356923 0.248537 0.201061 0.191997 0.184044 0.181591 0.347681 0.215286 0.17214 0.170883 0.194743 0.19565 0.271344
threshold=3.1507576704025273 1.0000000180025095e-35 2.5000000000000004 11.207142829895021 1.0000000180025095e-35 0.44450000000000006 0.13423423469066623 0.43951219320297247 0.3207832425832749 1.0000000180025095e-35 0.072077922523021712 16.500000000000004 1.0000000180025095e-35 0.40934884548187261 0.096785984933376326 25.654761904761909 1.0000000180025095e-35 0.62500000000000011 21.500000000000004 1.0000000180025095e-35 0.33517086839120741 4.2111110687255868 23.517272467399611 26.366666666666671 0.36515693659761467 7.5000000000000009 0.15026777237653735 6.1956338882446298 0.41664268022346923 0.36699222346281174
decision_type=8 2 10 10 8 10 10 10 10 2 8 10 2 10 8 10 2 10 10 2 10 10 10 10 10 2 10 10 10 10
left_child=-1 2 15 13 5 6 25 14 9 -8 -6 -10 -5 -4 -7 16 18 19 -2 -18 -12 -17 24 -24 -9 -3 -11 -28 29 -29
right_child=1 4 3 12 10 7 8 22 11 26 20 -13 -14 -15 -16 21 17 -19 -20 -21 -22 -23 23 -25 -26 -27 27 28 -30 -31
leaf_value=-3.1768602546455098e-05 0.00015378786285687396 -0.00023502230870846665 -0.00032713710337259095 0.00050304130254186349 0.0019587405946452259 0.0010775733904902945 0.0037628231109989385 0.0004934816400054842 -0.00017162905970508288 0.0028026979654711091 0.0011870633785292738 0.0019074700733212983 0.0033691387596006344 -0.0020626045261742543 -0.0012282298641630271 -1.5195325311751215e-05 0.0024501212879728812 -0.00051562324223238768 0.0011264002594340325 4.0659210786632281e-05 -0.00084929791493916029 0.0011833703538211874 0.0025002724356789747 0.0002564219063830571 -0.0021828440776360887 0.0016939729341538623 2.4990646854876689e-05 0.0024127834512874848 0.0023677198114608854 -0.00077576346550907547
leaf_weight=55207 6096 314 1706 66 43 46 79 76 192 53 48 73 41 70 207 7950 130 84 246 41 316 117 89 206 42 48 124 41 114 58
leaf_count=55207 6096 314 1706 66 43 46 79 76 192 53 48 73 41 70 207 7950 130 84 246 41 316 117 89 206 42 48 124 41 114 58
internal_value=2.07804e-13 9.37086e-05 5.91022e-05 -0.000282073 0.000357715 0.000512519 0.000808906 2.47704e-05 0.00119761 0.00164766 -0.000312465 0.000401104 0.00160127 -0.00039554 -0.000808993 0.000102912 0.000226081 0.00108577 0.000191515 0.00187241 -0.000580767 2.18811e-06 0.000535526 0.00093338 -0.000459109 2.07561e-05 0.00121921 0.000970174 0.00152042 0.000544746
internal_weight=73923 18716 16547 1883 2169 1762 1096 666 734 469 407 265 107 1776 253 14664 6597 255 6342 171 364 8067 413 295 118 362 390 337 213 99
internal_count=73923 18716 16547 1883 2169 1762 1096 666 734 469 407 265 107 1776 253 14664 6597 255 6342 171 364 8067 413 295 118 362 390 337 213 99
is_linear=0
shrinkage=0.03


Tree=153
num_leaves=31
num_cat=0
split_feature=34 14 31 33 47 45 57 55 57 71 14 73 17 15 43 15 58 22 26 35 33 27 34 6 36 33 28 8 14 9
split_gain=0.234249 0.203524 0.150479 0.268077 0.16209 0.208855 0.157338 0.14947 0.146921 0.161238 0.159078 0.146945 0.145974 0.140743 0.162239 0.153101 0.140327 0.131345 0.127152 0.198388 0.289332 0.236362 0.219104 0.206365 0.204089 0.183795 0.170554 0.168811 0.165755 0.162344
threshold=14.961679458618166 -0.089999999999999969 19.904785156250004 14.639610767364504 4.0357143878936776 4.0999999046325692 28.138095238095243 31.550000000000004 33.408333333333339 10.500000000000002 -0.10000000000000005 1596.2 58.500000000000007 -0.056478405315614634 5.5000000000000009 -0.028657869237579372 0.48115704783937868 40.500000000000007 16.500000000000004 0.67028987407684337 12.63068199157715 16.500000000000004 13.858058452606203 0.63500000000000012 0.60084664821624767 10.516666889190676 14.416666507720949 0.11291666666666669 0.050000000000000017 0.549694360998353
decision_type=10 8 10 10 10 10 10 10 10 2 10 2 2 8 8 8 10 2 2 10 10 10 10 8 10 10 10 8 8 8
left_child=2 8 4 -4 5 18 -5 -8 9 10 11 12 16 14 -3 17 -2 -15 19 20 25 29 23 -22 -23 27 28 -1 -27 -21
right_child=1 13 3 6 -6 -7 7 -9 -10 -11 -12 -13 -14 15 -16 -17 -18 -19 -20 21 22 24 -24 -25 -26 26 -28 -29 -30 -31
leaf_value=0.00023939903898904697 0.00056266561827852371 0.00042829907027771695 0.0023036954442172174 0.0011450207195552984 0.0014846630303117516 -0.0020349348886647138 -0.0020834109504570867 0.00034943519742228088 -0.0010058171685966776 -0.00075046747891554751 0.0022626395610632834 0.0024929344198400417 -0.00094467223065835908 0.0025465050009404154 -0.0021025851650717051 0.00011083150336774035 0.0020324777899651037 0.00047665054979431745 -3.9263329976704293e-05 -0.0013657842478947714 -0.00099422501136913247 0.0028434963208504391 0.00044445385181461459 -0.003702534088224638 0.00040370073357027847 0.0019684849303904109 -0.00085701133637816043 2.0778522291877731e-06 0.00029394737928999923 0.0010172764823842301
leaf_weight=3185 331 40 70 71 65 46 41 51 41 52 77 42 47 43 53 1759 71 77 49491 50 69 72 48 40 54 115 44 17626 99 53
leaf_count=3185 331 40 70 71 65 46 41 51 41 52 77 42 47 43 53 1759 71 77 49491 50 69 72 48 40 54 115 44 17626 99 53
internal_value=-5.81014e-13 0.000277881 -1.02632e-05 0.000750886 -1.2759e-05 -1.41301e-05 8.40357e-05 -0.000734768 0.000733453 0.000848469 0.000994851 0.000796032 0.000637302 0.000125177 -0.00101403 0.000181562 0.000822259 0.00121835 -1.28198e-05 4.81784e-05 3.8703e-05 0.000926454 -0.00124439 -0.0019881 0.00179787 4.82642e-05 0.000844062 3.83985e-05 0.00119382 -0.000139549
internal_weight=73923 2633 71290 233 71057 70992 163 92 661 620 568 491 449 1972 93 1879 402 120 70946 21455 21226 229 157 109 126 21069 258 20811 214 103
internal_count=73923 2633 71290 233 71057 70992 163 92 661 620 568 491 449 1972 93 1879 402 120 70946 21455 21226 229 157 109 126 21069 258 20811 214 103
is_linear=0
shrinkage=0.03


Tree=154
num_leaves=31
num_cat=0
split_feature=34 20 1 33 13 8 35 35 30 22 35 11 22 35 36 64 26 57 18 6 27 75 12 36 21 42 27 55 33 41
split_gain=0.224001 0.178065 0.257163 0.418733 0.234872 0.26801 0.349921 0.294326 0.276993 0.279686 0.259738 0.235072 0.235832 0.218719 0.218339 0.21726 0.196796 0.189045 0.203622 0.336594 0.22869 0.189318 0.186927 0.186051 0.215072 0.194003 0.195084 0.1821 0.173545 0.184481
threshold=3.1507576704025273 1.0000000180025095e-35 2.5000000000000004 11.207142829895021 1.0000000180025095e-35 0.44450000000000006 0.13423423469066623 0.43951219320297247 4.5357143878936776 22.500000000000004 0.072077922523021712 0.41412836327904784 6.5000000000000009 0.38548950850963598 0.26869268715381628 1.0000000180025095e-35 69.500000000000014 25.654761904761909 1.0000000180025095e-35 0.62500000000000011 21.500000000000004 1.0000000180025095e-35 0.49589875951520018 0.23791210353374484 0.33500000000000008 0.31269307434558874 14.500000000000002 21.900000000000002 10.806250095367433 0.31940934062004095
decision_type=8 2 10 10 8 10 10 10 10 2 8 8 2 8 10 2 2 10 2 10 8 2 8 10 2 10 8 10 8 10
left_child=-1 2 17 14 5 6 -3 13 9 -8 -6 12 -10 16 -4 -5 -7 18 20 21 -2 -20 -22 -13 25 -25 -27 -12 29 -16
right_child=1 4 3 15 10 7 8 -9 11 -11 27 23 -14 -15 28 -17 -18 -19 19 -21 22 -23 -24 24 -26 26 -28 -29 -30 -31
leaf_value=-3.0406470895864999e-05 0.00013489323247539286 2.0434531726995328e-05 -0.00023732096692772448 0.00048329635554017096 0.0019007236514846945 -0.00088874184916815807 0.0032867583083861971 0.00051428535881285385 -0.0017178768104316657 0.00068895519859936145 0.0010606694451252103 -0.0001553567611374595 0.00064358344619246588 -0.0027621635422110558 -0.0013985381170932669 0.003263898953091262 0.0012967849983033374 1.1607177758892827e-06 0.0023733771242416247 -0.00050623878214017684 0.0025314724563549346 3.5338398841459574e-05 0.00061691150741081187 0.0027004982124154385 0.0038231685995882333 -0.0008319403815371713 0.0018751580381824169 -0.00084175848877055556 -0.0027864517385387442 0.00036586552904918786
leaf_weight=55207 5899 362 1488 66 43 163 96 413 44 61 53 47 282 42 160 41 48 8067 130 84 52 41 391 65 43 46 50 311 48 80
leaf_count=55207 5899 362 1488 66 43 163 96 413 44 61 53 47 282 42 160 41 48 8067 130 84 52 41 391 65 43 46 50 311 48 80
internal_value=2.1391e-13 8.96906e-05 5.61884e-05 -0.000273852 0.000345275 0.000495313 0.000783733 2.06753e-05 0.00116018 0.00227742 -0.000304276 0.000856186 0.000324859 -0.000785099 -0.00038366 0.00154876 -0.00039156 9.85687e-05 0.000217682 0.00104888 0.000184261 0.00181279 0.000841646 0.00154628 0.00193832 0.00143491 0.000578007 -0.000564757 -0.00113974 -0.000810404
internal_weight=73923 18716 16547 1883 2169 1762 1096 666 734 157 407 577 326 253 1776 107 211 14664 6597 255 6342 171 443 251 204 161 96 364 288 240
internal_count=73923 18716 16547 1883 2169 1762 1096 666 734 157 407 577 326 253 1776 107 211 14664 6597 255 6342 171 443 251 204 161 96 364 288 240
is_linear=0
shrinkage=0.03


Tree=155
num_leaves=31
num_cat=0
split_feature=34 14 31 33 47 45 57 55 57 22 63 14 66 58 22 30 67 11 15 43 15 54 22 33 35 50 14 50 51 34
split_gain=0.213246 0.192362 0.138541 0.249825 0.151543 0.197498 0.146793 0.140671 0.137946 0.151604 0.216267 0.182076 0.138091 0.208265 0.184862 0.18214 0.170028 0.189552 0.132381 0.152382 0.144147 0.123216 0.123016 0.122824 0.31071 0.201156 0.164724 0.19348 0.253681 0.171882
threshold=14.961679458618166 -0.089999999999999969 19.904785156250004 14.639610767364504 4.0357143878936776 4.0999999046325692 28.138095238095243 31.550000000000004 33.408333333333339 69.500000000000014 -0.019512504260424581 -0.10000000000000005 63.500000000000007 0.39948047731459246 35.500000000000007 18.145833015441898 4.5000000000000009 0.68909281413811807 -0.056478405315614634 5.5000000000000009 -0.028657869237579372 25.833333333333339 44.500000000000007 0.069047622382640853 0.67028987407684337 0.45000000298023229 0.22500000000000003 0.90000000596046459 0.14814816415309909 4.3164315223693857
decision_type=10 8 10 10 10 10 10 10 10 2 10 10 8 10 2 10 10 8 8 8 8 10 2 10 10 10 10 10 10 10
left_child=2 8 4 -4 5 23 -5 -8 9 11 -11 12 13 -2 16 -15 17 -14 19 -3 22 -16 -20 24 25 -1 -25 28 -28 -30
right_child=1 18 3 6 -6 -7 7 -9 -10 10 -12 -13 14 15 21 -17 -18 -19 20 -21 -22 -23 -24 26 -26 -27 27 -29 29 -31
leaf_value=-4.8578075210986596e-05 8.1521517561318775e-05 0.0004096573158167302 0.002219556480296887 0.0011016063085875251 0.0014356964332982896 -0.0019786063408600571 -0.0020224452696502118 0.00033770997419624641 -0.00097727392175484722 -0.0015947811339104259 0.00098362194193933692 0.0025036943895714492 -0.0011440907623618841 0.0031750792360731531 0.0023322942672977941 0.00079028933850706234 -0.0018422628917354853 0.0016391617119875354 0.0024397546920756044 -0.0020431424700215741 0.00010272653069760421 0.00035209287303469833 0.00044651144098009496 1.1378154088696828e-05 -0.0022816134904444746 0.0014211086321509875 0.0001942336160992491 -0.0017039669072520071 0.00012266661687728787 0.0017227909820212517
leaf_weight=38220 65 40 70 71 65 46 41 51 41 52 67 67 40 70 52 49 47 49 44 53 1759 62 76 30141 56 84 2133 44 92 176
leaf_count=38220 65 40 70 71 65 46 41 51 41 52 67 67 40 70 52 49 47 49 44 53 1759 62 76 30141 56 84 2133 44 92 176
internal_value=7.95623e-13 0.000265131 -9.79225e-06 0.000720541 -1.21871e-05 -1.35127e-05 7.67914e-05 -0.000714098 0.000708033 0.000819481 -0.000143075 0.00104811 0.000823402 0.00144717 0.000364312 0.00219311 -0.000382581 0.000388262 0.000116673 -0.000988175 0.000171357 0.00125534 0.00117737 -1.22386e-05 -4.86197e-05 -4.53551e-05 3.05889e-05 0.000267412 0.000303539 0.00117349
internal_weight=73923 2633 71290 233 71057 70992 163 92 661 620 119 501 434 184 250 119 136 89 1972 93 1879 114 120 70946 38360 38304 32586 2445 2401 268
internal_count=73923 2633 71290 233 71057 70992 163 92 661 620 119 501 434 184 250 119 136 89 1972 93 1879 114 120 70946 38360 38304 32586 2445 2401 268
is_linear=0
shrinkage=0.03


Tree=156
num_leaves=31
num_cat=0
split_feature=33 21 36 31 6 57 53 64 59 52 35 35 35 62 26 35 29 34 56 43 27 15 63 51 12 26 57 26 28 9
split_gain=0.202203 0.185123 0.16959 0.181133 0.167811 0.164551 0.161505 0.219433 0.184431 0.155646 0.197129 0.268416 0.245712 0.233038 0.154561 0.150417 0.266775 0.226036 0.177807 0.148491 0.260485 0.237196 0.154041 0.206758 0.173293 0.151379 0.209986 0.272607 0.241555 0.233343
threshold=3.174242496490479 0.10500000000000002 0.096007950603961958 3.2963664531707768 0.21500000000000002 33.408333333333339 28.500000000000004 1.0000000180025095e-35 0.38748991528645449 0.10555555671453477 0.035098522901535041 0.20881782472133639 0.17316342145204547 26.291666666666671 73.500000000000014 0.64785373210906994 17.10000038146973 15.922264099121096 24.55585315809191 1.0260282158851626 24.500000000000004 -0.2711012558474874 0.10701754350419208 0.33313548564910894 0.28143054528138534 13.500000000000002 22.612500000000004 4.5000000000000009 6.4166667461395273 0.41816520078265668
decision_type=10 2 10 10 8 10 10 2 10 10 10 10 10 10 2 10 10 10 10 10 10 10 10 10 10 2 8 2 10 10
left_child=15 4 -3 -4 6 -5 7 14 -8 10 -9 12 13 -12 -2 17 -17 -1 -19 25 21 -21 23 -23 -25 26 28 -28 29 -6
right_child=1 2 3 5 19 -7 8 9 -10 -11 11 -13 -14 -15 -16 16 -18 18 -20 20 -22 22 -24 24 -26 -27 27 -29 -30 -31
leaf_value=-2.5307163086724647e-05 -0.00045472639514698737 0.0022771225482380638 -0.0013845246944253391 0.00057925022674035166 0.0031440302347004651 -0.0010671872515552517 -0.0016620173615504155 -0.0011677619245892856 -0.00033900468650261637 -0.00055525917259435494 0.00015702325078840976 -0.00013297824116700606 0.0037731751673514163 0.0023636123757050545 0.0010831848882416335 -0.0022682103921646533 0.00030544323747259722 0.0028230659858408296 0.00031227929098531603 -0.0021033421319363445 0.0013496097131680677 -0.0010090185638322174 0.0004087199032509154 0.0013945969141518266 -0.00020164349807102032 9.6420519787666334e-05 -0.00025328522302760611 0.00052778175287241606 0.00042258766572003399 0.00047896808639052323
leaf_weight=58505 618 45 49 941 77 58 111 40 651 93 92 111 41 81 65 73 72 44 60 58 101 289 351 65 1050 8172 617 1155 190 48
leaf_count=58505 618 45 49 941 77 58 111 40 651 93 92 111 41 81 65 73 72 44 60 58 101 289 351 65 1050 8172 617 1155 190 48
internal_value=-4.44653e-15 9.76486e-05 0.000473748 0.000396313 6.84445e-05 0.000483661 -0.000193537 3.2318e-05 -0.000531727 0.000540368 0.000819528 0.00106412 0.00168504 0.00119017 -0.000308366 -2.52107e-05 -0.000990258 -2.28232e-05 0.00137454 0.0001094 -0.00013318 -0.000215784 -0.000153403 -0.000293934 -0.000108589 0.000154658 0.000382694 0.000255819 0.00109642 0.00212065
internal_weight=73923 15169 1093 1048 14076 999 1903 1141 762 458 365 325 214 173 683 58754 145 58609 104 12173 1914 1813 1755 1404 1115 10259 2087 1772 315 125
internal_count=73923 15169 1093 1048 14076 999 1903 1141 762 458 365 325 214 173 683 58754 145 58609 104 12173 1914 1813 1755 1404 1115 10259 2087 1772 315 125
is_linear=0
shrinkage=0.03


Tree=157
num_leaves=31
num_cat=0
split_feature=34 11 14 22 8 63 10 66 22 74 54 33 66 44 29 8 29 64 26 35 42 8 35 13 1 38 57 33 10 10
split_gain=0.193389 0.186065 0.192249 0.150648 0.191293 0.17626 0.140296 0.139872 0.24245 0.209297 0.132739 0.214357 0.14746 0.131605 0.130549 0.122064 0.211572 0.158079 0.120666 0.20405 0.153948 0.152166 0.13945 0.268925 0.303861 0.271569 0.220042 0.220762 0.227053 0.284062
threshold=14.961679458618166 0.18989820853641995 -0.070000000000000034 69.500000000000014 0.47450000000000009 -0.019512504260424581 0.47087104072398195 38.500000000000007 22.500000000000004 172.20000000000002 23.500000000000004 19.345238685607914 85.500000000000014 4.5833332538604745 21.10000038146973 0.27100000000000013 13.900000095367433 1.0000000180025095e-35 16.500000000000004 0.77913278341293346 0.67055094242095958 0.11291666666666669 0.12060606107115747 1.5000000000000002 1.5000000000000002 0.26254585385322576 25.861904761904764 11.894444465637209 0.32240143369175633 0.24292389853137519
decision_type=10 8 8 2 10 10 10 8 2 2 10 10 8 10 10 10 10 2 2 10 10 8 10 8 8 10 10 8 8 10
left_child=14 -2 3 4 -3 -5 10 8 -4 -10 -6 12 -12 15 18 16 -9 -18 19 21 -20 -1 -23 26 25 -25 -24 28 29 -28
right_child=1 2 7 5 6 -7 -8 13 9 -11 11 -13 -14 -15 -16 -17 17 -19 20 -21 -22 22 23 24 -26 -27 27 -29 -30 -31
leaf_value=0.00023452810031927707 -0.0014132523803648113 0.0023138451821158651 -0.002376927856689776 -0.0015190170468607296 -0.00077545306953116734 0.00069922516159203949 0.0014289764583502193 0.0025575244244007873 0.0013441287156954211 -0.0013296201217881574 0.0016066566855903258 -0.0011642260015248618 -8.2870076191337674e-05 0.0015340555277294837 0.0014258210802156675 3.7305480790105485e-05 -0.00020031400424107591 0.0013962761931078031 -3.4564824311306438e-05 0.0015612234495347365 -0.0018098731119425792 -3.1115456556842472e-05 0.00054603714954360122 -0.00046520907897502185 -0.00074239666371310931 0.0029264478731368267 0.00012034782163372123 -0.00088416176712866317 0.00040852108632822865 -0.0017204892208420597
leaf_weight=3187 59 77 53 54 73 80 163 47 57 49 147 47 68 65 57 1349 159 86 49702 80 44 14653 1502 43 458 42 227 204 978 113
leaf_count=3187 59 77 53 54 73 80 163 47 57 49 147 47 68 65 57 1349 159 86 49702 80 44 14653 1502 43 458 42 227 204 978 113
internal_value=-7.81725e-13 0.000252485 0.000290667 0.000711166 0.000922271 -0.000194693 0.000707108 0.000130809 -0.000720209 0.00010815 0.000355871 0.000671087 0.00107229 0.000210124 -9.32521e-06 0.000157683 0.000713813 0.000360122 -1.04736e-05 4.8937e-05 -3.61351e-05 4.32854e-05 9.83372e-06 0.00017805 -0.000436668 0.00121067 0.000288431 3.42104e-05 0.000176356 -0.00049146
internal_weight=73923 2633 2574 709 575 134 498 1865 159 106 335 262 215 1706 71290 1641 292 245 71233 21487 49746 21407 18220 3567 543 85 3024 1522 1318 340
internal_count=73923 2633 2574 709 575 134 498 1865 159 106 335 262 215 1706 71290 1641 292 245 71233 21487 49746 21407 18220 3567 543 85 3024 1522 1318 340
is_linear=0
shrinkage=0.03


Tree=158
num_leaves=31
num_cat=0
split_feature=34 57 33 14 40 6 7 62 39 62 61 63 17 6 66 14 21 11 45 74 28 43 58 66 9 66 63 54 48 22
split_gain=0.184533 0.141009 0.193074 0.177675 0.16728 0.28562 0.209512 0.189586 0.223166 0.219988 0.16243 0.223059 0.151323 0.283917 0.146746 0.143272 0.137115 0.203483 0.254468 0.222366 0.147424 0.194083 0.194008 0.153709 0.13806 0.250131 0.134483 0.176284 0.132963 0.135431
threshold=9.7069921493530291 21.433035714285719 2.3229166269302373 0.010000000000000007 0.56083941459655773 0.49500000000000005 0.5441666666666668 31.583333333333339 0.52419954538345348 20.583333333333339 4.166666666666667 -0.13576419903344222 19.500000000000004 0.76500000000000012 68.500000000000014 0.4850000000000001 0.10500000000000002 0.36016740361395855 2.4500000476837163 389.35000000000008 22.500000000000004 1.6233479976654055 0.3616611029235734 35.500000000000007 0.51430937692336254 35.500000000000007 0.06655827638354038 30.500000000000004 0.69162996113300335 53.500000000000007
decision_type=8 10 10 10 10 8 8 10 10 10 8 10 2 8 8 10 2 8 8 2 10 10 10 10 10 10 10 10 10 2
left_child=-1 4 3 -3 7 -6 -7 8 9 -2 -11 -12 13 -8 -13 16 20 19 -19 -18 21 28 23 -23 -20 -26 27 -22 29 -4
right_child=1 2 15 -5 5 6 12 -9 -10 10 11 14 -14 -15 -16 -17 17 18 24 -21 26 22 -24 -25 25 -27 -28 -29 -30 -31
leaf_value=-1.582302794071176e-05 -0.0010541152017158936 -0.00034242439978894449 0.0001994374310718301 -0.0023657182728250817 -0.001893844903402385 0.0023409752790903436 -0.0023066426373632818 -0.00077562534169659805 0.0027333367180149507 -0.00013473842787531626 0.0028739130806884373 0.0020434259386332351 0.00062356747328492536 0.00035180063750885889 0.00060140714751064984 0.0017745632224002892 0.00076641964806582437 0.0030830989324675431 0.0018306300616712263 -0.0021524723197855963 0.001541111270880054 -0.0028127054918149954 -0.00019562117257475143 -0.00043598192115314302 0.0016464789771768998 -0.00096101482174819038 0.0014132738150668877 -0.00096358903853053395 0.0012984053050384445 -0.00021062226188854884
leaf_weight=66511 58 296 3202 45 63 40 58 70 53 113 58 79 185 96 324 47 55 49 63 41 41 48 915 50 57 79 138 66 86 937
leaf_count=66511 58 296 3202 45 63 40 58 70 53 113 58 79 185 96 324 47 55 49 63 41 41 48 915 50 57 79 138 66 86 937
internal_value=-1.09948e-12 0.000141987 8.45613e-05 -0.000609428 0.000440148 -2.33612e-05 0.000287564 0.0007115 0.000863469 0.00070666 0.000884579 0.00113443 4.52731e-05 -0.000649431 0.000884086 0.000124849 0.000111543 0.000692536 0.00114649 -0.00048019 7.50915e-05 4.14483e-05 -0.000331493 -0.00160009 0.000669642 0.000131832 0.000794369 -3.84406e-06 0.000130866 0.000106607
internal_weight=73923 7412 6215 341 1197 442 379 755 685 632 574 461 339 154 403 5874 5827 344 248 96 5483 5238 1013 98 199 136 245 107 4225 4139
internal_count=73923 7412 6215 341 1197 442 379 755 685 632 574 461 339 154 403 5874 5827 344 248 96 5483 5238 1013 98 199 136 245 107 4225 4139
is_linear=0
shrinkage=0.03


Tree=159
num_leaves=31
num_cat=0
split_feature=34 20 13 13 8 35 35 42 21 35 27 35 1 57 17 73 7 63 14 14 8 63 33 33 6 59 17 38 33 62
split_gain=0.177943 0.156563 0.239726 0.212418 0.259872 0.319273 0.270663 0.270335 0.436099 0.244163 0.226327 0.20906 0.176061 0.325794 0.253209 0.24137 0.350799 0.249737 0.221949 0.218933 0.254858 0.214334 0.195927 0.229209 0.201293 0.194463 0.182066 0.23299 0.179317 0.174715
threshold=3.1507576704025273 1.0000000180025095e-35 1.5000000000000002 1.0000000180025095e-35 0.44450000000000006 0.13423423469066623 0.43951219320297247 0.3207832425832749 1.0000000180025095e-35 0.072077922523021712 16.500000000000004 0.096785984933376326 1.5000000000000002 17.875000000000004 5.5000000000000009 255.05000000000004 0.3741666666666667 -0.074171531602329935 -0.27499999999999986 -0.25499999999999984 0.57900000000000018 -0.13576419903344222 13.519230842590334 8.3452377319335955 0.22500000000000003 0.47917979369987246 4.5000000000000009 0.40076918900012976 12.63068199157715 22.750000000000004
decision_type=8 2 10 8 10 10 10 10 2 8 10 8 10 10 2 2 10 8 8 8 10 10 8 10 10 10 2 10 8 10
left_child=-1 2 12 4 5 -3 11 8 -7 -5 -9 -6 13 15 21 16 17 -2 26 20 22 -15 23 -16 -25 -23 -14 -28 -20 -11
right_child=1 3 -4 9 6 7 -8 10 -10 29 -12 -13 18 14 19 -17 -18 -19 28 -21 -22 25 -24 24 -26 -27 27 -29 -30 -31
leaf_value=-2.7100750090223218e-05 0.004224537443037012 1.7183298701407563e-05 -0.0021141694663801107 0.0018397416367173889 0.0010515753595878462 0.0035712220482867138 0.00046825801005438147 -0.00020065339579105056 0.0011269230693507358 0.0012451098395273262 0.0017618045142484184 -0.0011843247824699444 0.00032402537191284576 0.00095145411178503827 -0.00066705052030662838 0.00012315890147855091 0.00052099640138294492 0.0015733419371414372 4.8254249700395969e-05 0.0001066743003630135 0.0015632216057523142 -0.00063843160770411485 -0.0017844028037791026 0.0030111711550588633 0.00015754027323176465 0.0003511603995847031 -0.00071673933494058729 -0.0028437815484051638 -0.00040166677224172289 -0.00079123183330912666
leaf_weight=55207 42 362 46 43 46 79 413 192 390 43 73 207 107 109 77 373 302 134 5158 7492 206 900 41 44 45 223 248 57 943 321
leaf_count=55207 42 362 46 43 46 79 413 192 390 43 73 207 107 109 77 373 302 134 5158 7492 206 900 41 44 45 223 248 57 943 321
internal_value=8.51978e-13 7.99397e-05 4.85252e-05 0.000319596 0.000462282 0.000746289 -5.0934e-06 0.00110588 0.00153865 -0.000298125 0.000339948 -0.000777797 5.45542e-05 0.000133686 8.13958e-05 0.000695109 0.00114142 0.00220601 -6.67976e-05 0.000143743 0.000816177 -0.000318645 7.27412e-05 0.000531433 0.00156832 -0.000441923 -0.000740719 -0.00111425 -2.12877e-05 -0.000550675
internal_weight=73923 18716 16547 2169 1762 1096 666 734 469 407 265 253 16501 9988 9137 851 478 176 6513 7905 413 1232 207 166 89 1123 412 305 6101 364
internal_count=73923 18716 16547 2169 1762 1096 666 734 469 407 265 253 16501 9988 9137 851 478 176 6513 7905 413 1232 207 166 89 1123 412 305 6101 364
is_linear=0
shrinkage=0.03


Tree=160
num_leaves=31
num_cat=0
split_feature=34 11 14 22 74 8 6 55 29 73 63 66 22 74 44 31 33 47 45 57 55 62 17 22 35 11 31 8 6 36
split_gain=0.171058 0.173245 0.181149 0.14009 0.187359 0.243516 0.168186 0.205429 0.165393 0.181677 0.164193 0.131258 0.228655 0.196355 0.124083 0.121313 0.235188 0.142019 0.209114 0.13833 0.129742 0.117229 0.148303 0.137797 0.115899 0.116431 0.127929 0.165556 0.120781 0.257269
threshold=14.961679458618166 0.18989820853641995 -0.070000000000000034 69.500000000000014 400.45000000000005 0.47450000000000009 0.59500000000000008 26.100000000000005 18.10000038146973 773.20000000000016 -0.019512504260424581 38.500000000000007 22.500000000000004 172.20000000000002 4.5833332538604745 19.904785156250004 14.639610767364504 4.2111110687255868 4.0999999046325692 28.138095238095243 31.550000000000004 29.083333333333339 34.500000000000007 15.500000000000002 0.87689393758773815 0.14650138274246219 0.93108391761779796 0.25900000000000012 0.055000000000000007 0.35094982385635382
decision_type=10 8 8 2 2 10 10 10 10 2 10 8 2 2 10 10 10 10 10 10 10 10 2 2 10 8 10 10 8 10
left_child=15 -2 3 4 5 -3 8 -8 9 -7 -5 12 -4 -14 -13 17 -17 18 24 -18 -21 22 23 -6 25 26 -1 -28 29 -27
right_child=1 2 11 10 21 6 7 -9 -10 -11 -12 14 13 -15 -16 16 19 -19 -20 20 -22 -23 -24 -25 -26 28 27 -29 -30 -31
leaf_value=3.1290059458510984e-05 -0.0013698672993854477 0.0031575249148429268 -0.002314159629102093 -0.0014692434645904643 0.0012958121007929245 0.00056469429799012446 0.0031830984777982602 0.0007952359408328805 0.0016435052239103241 -0.0019331393509637563 0.00067171769855485757 0.00014504337994004766 0.0012963359500281512 -0.0012934242807594793 0.0014815045610213507 0.0021290891986905729 0.0010448765321175607 0.0014241755618974322 -0.0020126806941636382 -0.0019742081508202984 0.00029241397497518099 -0.0011461164896931261 0.0019982344031070722 -0.00081483188892590285 0.0013412882548398462 -0.00015234956531530135 0.00050685444572278371 -0.00061884510382842841 -1.1202175944382194e-05 -0.0023613724682945755
leaf_weight=2895 59 54 53 54 45 76 55 79 60 40 80 1641 57 49 65 70 71 62 47 41 51 47 46 73 57 4136 1148 131 62533 48
leaf_count=2895 59 54 53 54 45 76 55 79 60 40 80 1641 57 49 65 70 71 62 47 41 51 47 46 73 57 4136 1148 131 62533 48
internal_value=-5.60195e-13 0.000237461 0.000274303 0.000682483 0.000886056 0.00129836 0.000974502 0.00177533 0.000364781 -0.000296628 -0.000191058 0.00011913 -0.000705265 9.91826e-05 0.000195964 -8.77031e-06 0.000674648 -1.10113e-05 -1.22646e-05 5.00418e-05 -0.000717711 0.000174787 0.000553339 -9.92528e-06 -1.09394e-05 -1.20267e-05 0.000141683 0.000391556 -2.16432e-05 -0.000177692
internal_weight=73923 2633 2574 709 575 364 310 134 176 116 134 1865 159 106 1706 71290 233 71057 70995 163 92 211 164 118 70948 70891 4174 1279 66717 4184
internal_count=73923 2633 2574 709 575 364 310 134 176 116 134 1865 159 106 1706 71290 233 71057 70995 163 92 211 164 118 70948 70891 4174 1279 66717 4184
is_linear=0
shrinkage=0.03


Tree=161
num_leaves=31
num_cat=0
split_feature=33 44 17 63 22 63 50 58 8 26 62 36 26 35 7 27 30 36 36 58 14 41 54 63 12 56 7 10 31 66
split_gain=0.162994 0.162566 0.151436 0.301655 0.273274 0.256171 0.223577 0.227134 0.197477 0.258832 0.279913 0.234 0.192159 0.278538 0.206725 0.191618 0.24404 0.224683 0.297325 0.239877 0.220163 0.188613 0.193947 0.188197 0.187679 0.265249 0.255278 0.247746 0.228882 0.184825
threshold=5.6306817531585702 2.5833333730697636 6.5000000000000009 -0.13576419903344222 93.500000000000014 -0.084662812775824811 0.70833334326744091 0.32967780526188978 0.25900000000000012 30.500000000000004 29.916666666666671 0.19644852727651599 88.500000000000014 0.18065268546342853 0.31833333333333341 15.500000000000002 17.062500000000004 0.43758633732795721 0.5182691514492036 0.38995711209478306 0.44500000000000012 0.44184692203998571 21.833333333333339 0.0018442427492521842 0.33820638719817692 24.55585315809191 0.36166666666666675 0.40089285714285722 12.446073055267336 46.500000000000007
decision_type=10 10 2 10 2 10 10 10 8 2 10 10 2 10 8 10 10 10 10 10 8 10 10 10 8 10 10 10 10 10
left_child=1 -1 3 -2 5 -5 7 -7 9 -4 11 -11 14 -14 23 17 -17 -9 -19 -20 -21 29 -23 -10 25 26 -16 28 -27 -15
right_child=2 -3 8 4 -6 6 -8 15 12 10 -12 -13 13 21 24 16 -18 18 19 20 -22 22 -24 -25 -26 27 -28 -29 -30 -31
leaf_value=-2.0066653521154473e-05 0.0010509609816065849 0.0012419281890122321 8.9134450481863906e-05 -0.001218980574702604 0.0015782293127849698 0.0015758470977501322 -0.0015683902037011363 -0.0001279309934028516 0.00016854634440740661 0.00051937840029816411 -0.00073127088578266283 0.0026970756063747102 0.0015510033935286281 -0.0017912554238343013 0.00012182228820165618 0.0010206192390926714 -0.00072730177181583007 -0.0024888058923374207 0.0012825590210397626 8.0526850651949645e-05 -0.0029055419294963937 -0.0020280549440067261 0.00019670153665473535 -0.0010133910557977069 0.00017693822055014324 0.00032811165536404582 0.0030964650851800228 -0.0010138458498147164 0.002223045604829616 -0.0002316522659966722
leaf_weight=63224 188 92 257 226 75 72 95 1143 244 68 43 128 63 159 40 238 103 91 54 50 40 40 298 241 6069 225 74 86 77 120
leaf_count=63224 188 92 257 226 75 72 95 1143 244 68 43 128 63 159 40 238 103 91 54 50 40 40 298 241 6069 225 74 86 77 120
internal_value=-2.67084e-13 -1.82329e-05 0.000108837 -0.0001022 -0.000201329 -0.000264524 -0.000150151 -7.49231e-05 0.000169723 0.000750013 0.00146066 0.00194155 0.000132518 -0.000349117 0.000178934 -0.000144065 0.000492655 -0.000301628 -0.00114646 -0.000298175 -0.00124661 -0.000543133 -6.65833e-05 -0.000418767 0.000223049 0.000780518 0.00205273 0.000406724 0.000811257 -0.00112046
internal_weight=73923 63316 10607 2375 2187 2112 1886 1791 8232 496 239 196 7736 680 7056 1719 341 1378 235 144 90 617 338 485 6571 502 114 388 302 279
internal_count=73923 63316 10607 2375 2187 2112 1886 1791 8232 496 239 196 7736 680 7056 1719 341 1378 235 144 90 617 338 485 6571 502 114 388 302 279
is_linear=0
shrinkage=0.03


Tree=162
num_leaves=31
num_cat=0
split_feature=34 11 14 57 22 37 63 10 74 26 66 66 22 74 29 56 44 26 27 58 58 11 8 42 14 43 13 35 56 26
split_gain=0.156611 0.163463 0.169901 0.132055 0.14465 0.2063 0.168461 0.137659 0.127331 0.1347 0.152677 0.123707 0.215761 0.183853 0.118365 0.117284 0.115979 0.115208 0.186491 0.279842 0.213818 0.195178 0.149405 0.14808 0.13425 0.123281 0.243891 0.184539 0.184604 0.170327
threshold=14.961679458618166 0.18989820853641995 -0.070000000000000034 33.408333333333339 69.500000000000014 0.50002804398536693 -0.019512504260424581 0.38253449527959332 447.60000000000008 42.500000000000007 73.500000000000014 38.500000000000007 22.500000000000004 172.20000000000002 21.10000038146973 28.674448293350128 4.5833332538604745 16.500000000000004 17.500000000000004 0.42222870394376749 0.44730348531299619 0.5557973066486529 0.11291666666666669 0.67055094242095958 0.12000000000000001 1.0091742873191836 -1.4999999999999998 0.12060606107115747 32.295240803060814 5.5000000000000009
decision_type=10 8 8 10 2 10 10 8 2 2 8 8 2 2 10 10 10 2 10 8 10 8 8 10 8 10 10 10 10 2
left_child=14 -2 3 4 5 -3 -6 -7 9 10 -9 12 -4 -14 17 -11 -13 18 22 21 -21 -20 -1 -19 -22 27 -27 -24 -29 -30
right_child=1 2 11 -5 6 7 -8 8 -10 15 -12 16 13 -15 -16 -17 -18 23 19 20 24 -23 25 -25 -26 26 -28 28 29 -31
leaf_value=0.00022832379861871757 -0.001334080478981516 0.0022412009156204909 -0.0022504842296168035 -0.00097329496904941545 -0.0014230655762932857 -0.00062241084163733686 0.00081411940237993132 0.0014031719042792577 0.00019535870916820064 0.0025816154195539031 -0.0009456953672342933 0.00013808226424347431 0.0012522433681021396 -0.0012537195455587032 0.0013581474411521891 0.00076944887135177843 0.0014301611626377473 -3.3019705880884963e-05 0.0035661025357743106 -0.0015988959782953314 -0.00014755827021496049 0.00087948657917122364 -2.7297073096505824e-05 -0.0017741647880757227 0.0020097407397685293 -0.0019448189702234229 -0.00012165325062940953 0.00030005957235495221 -0.0015564145472277194 4.3537547754981042e-05
leaf_weight=3187 59 95 53 42 54 61 69 66 142 90 40 1641 57 49 57 50 65 49702 45 48 58 53 14613 44 47 85 296 2796 94 165
leaf_count=3187 59 95 53 42 54 61 69 66 142 90 40 1641 57 49 57 50 65 49702 45 48 58 53 14613 44 47 85 296 2796 94 165
internal_value=5.37927e-14 0.000227212 0.000263 0.000658304 0.000761044 0.000971116 -0.000168059 0.00070239 0.000910671 0.00132357 0.000516807 0.00011272 -0.00068761 9.38265e-05 -8.39178e-06 0.00193441 0.000187312 -9.48528e-06 4.85663e-05 0.000861513 5.98198e-05 0.00211314 3.89576e-05 -3.45597e-05 0.00081809 5.52032e-06 -0.000528396 1.70339e-05 0.000229083 -0.00053714
internal_weight=73923 2633 2574 709 667 544 123 449 388 246 106 1865 159 106 71290 140 1706 71233 21487 251 153 98 21236 49746 105 18049 381 17668 3055 259
internal_count=73923 2633 2574 709 667 544 123 449 388 246 106 1865 159 106 71290 140 1706 71233 21487 251 153 98 21236 49746 105 18049 381 17668 3055 259
is_linear=0
shrinkage=0.03


Tree=163
num_leaves=31
num_cat=0
split_feature=34 20 13 13 8 35 30 22 35 35 11 42 34 27 27 35 26 14 66 58 1 33 9 57 18 6 27 75 12 42
split_gain=0.149656 0.145849 0.226128 0.196489 0.249341 0.29525 0.259343 0.254389 0.250524 0.229503 0.218487 0.207593 0.39156 0.246185 0.218772 0.205304 0.183753 0.176926 0.166729 0.165029 0.164896 0.390478 0.207902 0.168103 0.186342 0.310937 0.203271 0.174336 0.170484 0.164656
threshold=3.1507576704025273 1.0000000180025095e-35 1.5000000000000002 1.0000000180025095e-35 0.44450000000000006 0.13423423469066623 4.5357143878936776 22.500000000000004 0.43951219320297247 0.072077922523021712 0.1985319499308629 0.3207832425832749 7.4033899307250985 8.5000000000000018 16.500000000000004 0.38548950850963598 69.500000000000014 -1.0000000180025095e-35 63.500000000000007 0.33517086839120741 2.5000000000000004 11.207142829895021 0.47472533781848886 25.654761904761909 1.0000000180025095e-35 0.62500000000000011 21.500000000000004 1.0000000180025095e-35 0.49589875951520018 0.28679747879505163
decision_type=8 2 10 8 10 10 10 2 10 8 8 10 10 10 10 8 2 10 8 10 10 10 8 10 2 10 8 2 8 8
left_child=-1 2 20 4 5 -3 7 -7 15 -5 -8 12 -12 -14 17 16 -6 -13 -10 -11 23 -22 -23 24 26 27 -2 29 -28 -26
right_child=1 3 -4 9 8 6 10 -9 18 19 11 14 13 -15 -16 -17 -18 -19 -20 -21 21 22 -24 -25 25 -27 28 -29 -30 -31
leaf_value=-2.4853497460348316e-05 0.00011621930047168949 1.8907368303088789e-05 -0.0020574726846382912 0.0017832037784852261 -0.00085849964299862004 0.0031095084556727669 -0.0013390592610599791 0.00063197208282186597 0.0012545842863459853 0.001104643128051066 0.00071330209440930044 0.00053465651022494194 0.0048232358311183698 0.001714382787915663 0.0016870511273457988 -0.0026748293172568082 0.0012533594450906094 -0.0013844305119631384 -6.2830622188270802e-06 -0.00078329621769614578 -0.00032123862186409494 0.00029407528053246892 0.0031023200568692432 -9.4426484061285572e-06 0.0032054881534653982 -0.00050479328562037795 0.0023963312382469528 1.8429443154628844e-05 0.00056791407120985137 0.0010537793423588337
leaf_weight=55207 5899 362 46 43 163 96 41 61 146 48 192 104 41 52 73 42 48 74 267 316 1742 49 46 8067 73 84 52 41 391 57
leaf_count=55207 5899 362 46 43 163 96 41 61 146 48 192 104 41 52 73 42 48 74 267 316 1742 49 46 8067 73 84 52 41 391 57
internal_value=3.85894e-13 7.33109e-05 4.29904e-05 0.000304622 0.000441854 0.000720047 0.00106584 0.0021469 -1.59539e-05 -0.000289486 0.000771689 0.000933145 0.00148721 0.00308495 0.000304028 -0.000759356 -0.000378077 -0.000263166 0.000439447 -0.000534337 4.88458e-05 -0.000219097 0.00165386 8.24118e-05 0.000194734 0.000989879 0.000162763 0.0017241 0.000782536 0.00226205
internal_weight=73923 18716 16547 2169 1762 1096 734 157 666 407 577 536 285 93 251 253 211 178 413 364 16501 1837 95 14664 6597 255 6342 171 443 130
internal_count=73923 18716 16547 2169 1762 1096 734 157 666 407 577 536 285 93 251 253 211 178 413 364 16501 1837 95 14664 6597 255 6342 171 443 130
is_linear=0
shrinkage=0.03


Tree=164
num_leaves=31
num_cat=0
split_feature=34 11 14 17 51 57 51 40 17 12 55 67 67 26 22 56 66 22 74 29 45 47 27 7 64 37 35 62 55 54
split_gain=0.142688 0.153377 0.161399 0.126205 0.159624 0.15093 0.158826 0.139572 0.138819 0.159793 0.139676 0.144248 0.155073 0.178873 0.187917 0.147096 0.116173 0.203101 0.17247 0.111205 0.113934 0.205183 0.10937 0.117786 0.143297 0.133768 0.207822 0.192935 0.14866 0.184589
threshold=14.961679458618166 0.18989820853641995 -0.070000000000000034 63.500000000000007 0.50915834307670604 32.67948717948719 1.0001018643379214 0.56083941459655773 39.500000000000007 0.68961668957208377 31.900000000000002 4.5000000000000009 6.5000000000000009 28.500000000000004 68.500000000000014 27.110999134335241 38.500000000000007 22.500000000000004 172.20000000000002 21.10000038146973 4.3666667938232431 4.0357143878936776 26.500000000000004 0.90833333333333355 1.0000000180025095e-35 0.71397241950035106 0.82807883620262157 25.583333333333339 23.366666666666671 21.833333333333339
decision_type=10 8 8 2 8 8 8 10 2 8 10 8 8 2 2 10 8 2 2 10 10 10 10 8 2 8 10 10 10 10
left_child=19 -2 3 4 -3 6 -6 -7 10 -10 11 -8 -13 -14 15 -15 17 -4 -19 20 21 -1 23 25 -25 28 27 -27 29 -18
right_child=1 2 16 -5 5 7 8 -9 9 -11 -12 12 13 14 -16 -17 22 18 -20 -21 -22 -23 -24 24 -26 26 -28 -29 -30 -31
leaf_value=-9.1436859209838592e-06 -0.0012954804199053194 0.0025933154092635958 -0.0021868353498273722 -0.00069168796800313736 -0.00074390719017873586 0.00066789670932022004 0.0019676412490873848 -0.0017354699757036775 0.0033272711349030333 0.00073816048026811788 0.0023927393721948778 -0.0010804848875063647 -0.00061931893878084212 0.0027584162775151936 -0.00049329760882375374 0.00060119862277060738 8.532559173336714e-05 0.0012096412997006586 -0.0012175016797964975 0.001316552471467539 -0.001245605232934259 0.0020883272042764084 0.0010243289175949346 0.00015098144658197193 0.0015262255727130675 -0.0026935425439407511 0.00067511664758924212 -0.00037950746792679032 -5.5917689381135612e-05 0.0019001177981831567
leaf_weight=71124 59 40 53 59 52 44 55 43 45 41 42 59 70 66 43 50 122 57 49 57 67 42 127 188 107 59 63 72 882 86
leaf_count=71124 59 40 53 59 52 44 55 43 45 41 42 59 70 66 43 50 122 57 49 57 67 42 127 188 107 59 63 72 882 86
internal_value=9.11267e-13 0.000216877 0.000251543 0.000636829 0.000757418 0.000637031 0.000829496 -0.000519974 0.00100321 0.00209293 0.000759787 0.000559834 0.000290982 0.000644329 0.00120065 0.00182858 0.000105072 -0.000670505 8.76601e-05 -8.01007e-06 -9.06997e-06 -7.90582e-06 0.000177356 0.000109234 0.000649799 -1.49616e-05 -0.000740779 -0.00142171 0.000114221 0.000835672
internal_weight=73923 2633 2574 709 650 610 523 87 471 86 385 343 288 229 159 116 1865 159 106 71290 71233 71166 1706 1579 295 1284 194 131 1090 208
internal_count=73923 2633 2574 709 650 610 523 87 471 86 385 343 288 229 159 116 1865 159 106 71290 71233 71166 1706 1579 295 1284 194 131 1090 208
is_linear=0
shrinkage=0.03


Tree=165
num_leaves=31
num_cat=0
split_feature=34 6 9 36 56 14 52 26 27 12 73 74 21 10 30 34 42 73 41 53 42 41 54 56 33 26 56 59 62 62
split_gain=0.140525 0.168626 0.200185 0.183698 0.149307 0.143033 0.139138 0.138622 0.259458 0.33675 0.189589 0.274059 0.136284 0.148377 0.15966 0.130241 0.205762 0.47933 0.193838 0.191638 0.190206 0.199273 0.219179 0.131009 0.123556 0.173996 0.210001 0.194421 0.193841 0.17536
threshold=0.1246301792562008 0.03500000000000001 0.09913574525739656 0.35094982385635382 28.266051954887111 0.13999999999999999 1.6458333134651186 14.500000000000002 17.500000000000004 0.4817967338430646 478.25000000000006 500.50000000000006 0.23500000000000001 0.023669467787114849 1.0625000000000002 17.335087776184086 0.67055094242095958 670.15000000000009 0.68881103396415722 16.500000000000004 0.65781536698341381 0.65106004476547252 24.166666666666668 24.200308473524007 1.2583333253860476 6.5000000000000009 22.069379058968476 0.418770308178883 24.250000000000004 24.250000000000004
decision_type=8 8 8 10 10 8 10 2 10 8 2 2 2 10 10 10 10 2 10 8 10 10 10 10 10 2 10 10 10 10
left_child=-1 3 5 12 7 -3 -6 8 24 -10 11 -11 -2 -14 -15 16 18 23 20 -17 21 -9 -23 -18 -4 26 29 -28 -29 -26
right_child=1 2 4 -5 6 -7 -8 15 9 10 -12 -13 13 14 -16 19 17 -19 -20 -21 -22 22 -24 -25 25 -27 27 28 -30 -31
leaf_value=-4.6134411816678715e-05 -0.00021601226257698003 0.00031388786046567576 2.4734261198466147e-05 -0.0021071987467902627 -4.9913498860364497e-05 0.0012930731075370217 0.0012819292809417417 3.3875461455649046e-05 0.0034850904927588998 -0.0019521472323685883 0.0019919517088720358 0.0014569084741538616 -0.00021245480993549513 0.00021504811434715519 0.0024322166748491948 0.0021815994903445243 0.00092702684913217967 -0.003886611058667768 0.0008372338877260892 0.00031515022334896193 0.0018421581239761928 -0.0022547728697827553 0.0001482534861872689 -0.0011917778235510923 0.00028895219122305289 0.00055613314551754213 -0.00040774035039294683 0.0017004409306017414 7.7405617046173646e-05 0.0018114971796008334
leaf_weight=32942 2618 927 2465 44 12416 157 71 17900 48 44 52 41 118 60 57 55 58 40 272 496 52 72 65 48 218 1379 712 84 313 99
leaf_count=32942 2618 927 2465 44 12416 157 71 17900 48 44 52 41 118 60 57 55 58 40 272 496 52 72 65 48 218 1379 712 84 313 99
internal_value=-6.81156e-13 3.70845e-05 5.38685e-05 -0.000183558 4.20957e-05 0.000455707 -4.23408e-05 8.51079e-05 0.000218454 0.00132273 0.000565111 -0.000307779 -0.000153891 0.000538168 0.00129521 4.69401e-05 3.3408e-05 -0.00108837 4.23279e-05 0.000501456 3.03751e-05 2.51518e-05 -0.00111465 -3.24319e-05 0.000179689 0.000315861 8.35089e-05 -0.000111133 0.000420819 0.000764447
internal_weight=73923 40981 38084 2897 37000 1084 12487 24513 5455 185 137 85 2853 235 117 19058 18507 146 18361 551 18089 18037 137 106 5270 2805 1426 1109 397 317
internal_count=73923 40981 38084 2897 37000 1084 12487 24513 5455 185 137 85 2853 235 117 19058 18507 146 18361 551 18089 18037 137 106 5270 2805 1426 1109 397 317
is_linear=0
shrinkage=0.03


Tree=166
num_leaves=31
num_cat=0
split_feature=32 6 9 36 56 14 52 26 27 12 73 74 33 26 56 63 42 40 41 54 74 62 62 8 6 55 7 9 6 50
split_gain=0.132524 0.158021 0.185017 0.172359 0.14073 0.13938 0.13075 0.120514 0.247515 0.316848 0.178384 0.257862 0.123691 0.163713 0.19759 0.188982 0.35119 0.278919 0.180257 0.179793 0.173285 0.164996 0.225504 0.161466 0.205469 0.239547 0.152395 0.150151 0.144057 0.201984
threshold=0.030658733099699024 0.03500000000000001 0.09913574525739656 0.35094982385635382 28.266051954887111 0.13999999999999999 1.6458333134651186 14.500000000000002 17.500000000000004 0.4817967338430646 478.25000000000006 500.50000000000006 1.2583333253860476 6.5000000000000009 22.069379058968476 0.013521836413152523 0.22630742192268374 0.26208226382732397 0.20480785518884662 27.166666666666668 352.85000000000008 24.250000000000004 22.416666666666671 0.53450000000000009 0.26500000000000007 26.900000000000002 0.25833333333333341 0.28291053427025736 0.31500000000000006 0.45000000298023229
decision_type=8 8 8 10 10 8 10 2 10 8 2 2 10 2 10 10 8 10 10 10 2 10 10 10 8 10 8 8 10 8
left_child=-1 3 5 -2 7 -3 -6 8 12 -10 11 -11 -4 14 21 16 18 20 -16 -19 26 22 -14 24 -18 -26 -17 -22 29 -15
right_child=1 2 4 -5 6 -7 -8 -9 9 10 -12 -13 13 28 15 17 23 19 -20 -21 27 -23 -24 -25 25 -27 -28 -29 -30 -31
leaf_value=-4.51752653953897e-05 -0.00015152219332749574 0.00029744277155649407 2.1003769558568995e-05 -0.0020439828108911487 -4.7508777717129859e-05 0.0012648526147733298 0.0012434714006155101 4.5963115009669323e-05 0.0033805377979297187 -0.001893582837444476 0.0019321931323009684 0.0014132012329177886 0.00093688528607021259 -7.4027391830229681e-05 -5.1218423928305047e-05 -0.0019277842366968146 -0.0026903302812988457 0.0027221076481330855 0.0018832887979034257 0.00022159615477417095 0.0023526949507067909 0.0017571522982060825 -0.0011375953063733227 -0.0029106160156959779 -0.00098443614452616859 0.0015330168751201459 -2.7379152025648597e-05 -8.2083250207053312e-05 0.00028284113412368491 0.0012324603563551981
leaf_weight=32639 2776 952 2666 44 12734 156 71 18895 48 44 52 41 149 142 376 56 47 65 49 43 40 99 69 41 179 42 118 53 811 426
leaf_count=32639 2776 952 2666 44 12734 156 71 18895 48 44 52 41 149 142 376 56 47 65 49 43 40 99 69 41 179 42 118 53 811 426
internal_value=-1.96374e-13 3.57154e-05 5.16076e-05 -0.00018105 4.02761e-05 0.000433648 -4.03507e-05 8.23284e-05 0.000203814 0.00128305 0.000548158 -0.000298546 0.00016732 0.000306386 8.10036e-05 -0.000107799 -0.000387718 0.000440097 0.000171819 0.00172653 -8.02594e-05 0.000741514 0.000280284 -0.00115731 -0.000889078 -0.000506006 -0.000639004 0.000965133 0.000539449 0.000905838
internal_weight=73923 41284 38464 2820 37356 1108 12805 24551 5656 185 137 85 5471 2805 1426 1109 734 375 425 108 267 317 218 309 268 221 174 93 1379 568
internal_count=73923 41284 38464 2820 37356 1108 12805 24551 5656 185 137 85 5471 2805 1426 1109 734 375 425 108 267 317 218 309 268 221 174 93 1379 568
is_linear=0
shrinkage=0.03


Tree=167
num_leaves=31
num_cat=0
split_feature=34 14 71 17 33 14 57 15 43 15 6 74 15 44 71 17 74 22 31 29 34 73 12 38 63 29 37 10 9 55
split_gain=0.127549 0.150311 0.120408 0.139993 0.130304 0.131268 0.139268 0.119328 0.140187 0.134176 0.133967 0.167294 0.128326 0.200555 0.127549 0.125815 0.120591 0.113445 0.10998 0.145534 0.150054 0.117728 0.121293 0.113412 0.123284 0.125404 0.117256 0.10931 0.105747 0.132949
threshold=14.961679458618166 -0.089999999999999969 10.500000000000002 63.500000000000007 19.345238685607914 -0.10000000000000005 18.809090909090912 -0.056478405315614634 5.5000000000000009 -0.028657869237579372 0.77500000000000013 1981.2 0.10978246608816156 3.8333333730697636 6.5000000000000009 11.500000000000002 331.60000000000008 40.500000000000007 14.578468322753908 15.22499990463257 15.922264099121096 823.35000000000002 0.63791970469965908 0.56739068031311046 0.096991857372475218 17.10000038146973 0.65494450926780712 0.59115347018572839 0.41816520078265668 23.366666666666671
decision_type=8 8 2 2 10 10 10 8 8 8 8 2 10 8 2 2 2 2 8 10 10 2 8 10 10 8 10 8 10 10
left_child=-1 2 3 4 5 6 -2 8 -3 17 14 12 13 -12 15 -11 -17 -9 19 20 -16 23 -23 24 25 -20 -25 -28 -22 -30
right_child=1 7 -4 -5 -6 -7 -8 9 -10 10 11 -13 -14 -15 18 16 -18 -19 21 -21 28 22 -24 26 -26 -27 27 -29 29 -31
leaf_value=-8.1957774503296615e-06 -0.00052431562291931804 0.00036642056173877789 -0.0007673942811217986 -0.00084387098489969504 -0.00030156898723503986 0.0022386993078069516 0.0010500104887059779 0.0023328125670411472 -0.0019861823886650489 -0.00046787739781263679 -0.0018003487167879938 -0.0013642676434863139 0.0013446911949492794 0.00037337667666580902 0.00081372023631029683 0.0020187612017352049 -3.7571743014268577e-05 0.0004091688319390591 -0.0021885299280810571 0.0015885477829187247 -0.0014171573371873293 -0.0020713168924344303 -0.00045195718826355666 0.00089590171406428519 0.00060147118879222243 -0.000452920335892807 -0.0015637460070643192 0.00022720090965399654 0.0013412004403237786 -0.00071798601612816889
leaf_weight=70858 59 40 54 48 77 69 354 43 53 63 40 51 114 849 103 66 42 77 67 52 83 79 88 107 43 85 49 82 42 86
leaf_count=70858 59 40 54 48 77 69 354 43 53 63 40 51 114 849 103 66 42 77 67 52 83 79 88 107 43 85 49 82 42 86
internal_value=-3.76599e-13 0.000189474 0.000590126 0.000710894 0.000844398 0.00102747 0.000825107 7.93107e-05 -0.00097431 0.000121711 6.8214e-05 0.00031186 0.000397086 0.000275571 -0.000157646 0.000597567 0.00121908 0.00109847 -0.000291332 0.000118517 -0.000124928 -0.000541341 -0.001218 -0.000280365 -0.000816751 -0.00121796 0.000159111 -0.000442695 -0.00058313 -4.23155e-05
internal_weight=73923 3065 661 607 559 482 413 2404 93 2311 2191 1054 1003 889 1137 171 108 120 966 366 314 600 167 433 195 152 238 131 211 128
internal_count=73923 3065 661 607 559 482 413 2404 93 2311 2191 1054 1003 889 1137 171 108 120 966 366 314 600 167 433 195 152 238 131 211 128
is_linear=0
shrinkage=0.03


Tree=168
num_leaves=31
num_cat=0
split_feature=34 42 28 13 57 1 39 59 66 76 59 6 26 66 74 58 34 41 6 21 10 33 36 14 12 6 7 42 14 40
split_gain=0.123937 0.189961 0.13265 0.115337 0.114189 0.2512 0.280929 0.246335 0.20675 0.177005 0.254495 0.178172 0.171287 0.164275 0.163751 0.198862 0.199366 0.193317 0.143527 0.153415 0.186926 0.35226 0.287637 0.153652 0.177855 0.139055 0.181377 0.13641 0.153014 0.135253
threshold=5.259629726409913 0.26165482401847845 12.833333492279055 1.5000000000000002 17.875000000000004 1.5000000000000002 0.47439032793045049 0.49513613898873771 69.500000000000014 1.0000000180025095e-35 0.4318205843212099 0.66500000000000015 1.5000000000000002 65.500000000000014 653.10000000000014 0.42773316154846014 11.724014282226564 0.40280623733997351 1.0000000180025095e-35 0.40500000000000008 0.45221787345075021 5.7596154212951669 0.24591359496116641 0.52500000000000013 0.35541699908064889 0.025000000000000005 0.63166666666666682 0.26094241440296179 -0.03999999999999998 0.62154957652091991
decision_type=8 10 10 10 10 8 10 10 8 2 8 8 2 8 2 10 8 8 8 2 8 10 8 10 10 10 8 10 8 10
left_child=1 2 -1 4 5 6 7 8 -2 10 11 -8 25 -7 15 16 17 -10 27 23 22 -22 -21 -20 -25 -6 -27 28 -14 -11
right_child=3 -3 -4 -5 12 13 9 -9 14 29 -12 -13 18 -15 -16 -17 -18 -19 19 20 21 -23 -24 24 -26 26 -28 -29 -30 -31
leaf_value=-1.5195804667578916e-05 0.0032578623760491608 -0.00066833571914766757 0.0016713651519135704 -0.0015065970142349237 -0.00011410184582109404 0.001353521764225837 -0.0005842161456156256 -0.00052972076903097325 -0.0022658543935976925 0.0023562500670751825 -0.0018635909465301666 0.0018037915035606698 -0.0011279212274797716 -0.0002813624240606424 0.0023590250386873127 0.0020999631162558216 0.0016197234128888407 0.00054490573561693329 7.0421722065425798e-05 0.0031898877354627794 -0.0023437061465810985 0.0010176261316271538 0.00038461563134516933 0.0028064261109684596 7.1187991972850712e-05 2.3453184313928851e-06 -0.0018784523354155585 -0.0015378147531453961 0.0012429305619045816 2.5098936748690904e-05
leaf_weight=59969 54 402 42 41 371 62 70 60 40 42 75 47 49 513 84 70 52 49 11094 58 40 94 76 40 46 78 113 95 49 48
leaf_count=59969 54 402 42 41 371 62 70 60 40 42 75 47 49 513 84 70 52 49 11094 58 40 94 76 40 46 78 113 95 49 48
internal_value=5.24924e-13 -1.83694e-05 -1.40154e-05 8.21429e-05 8.69791e-05 0.000358175 0.000743661 0.00124594 0.00155121 1.51809e-05 -0.000499408 0.000375069 5.88439e-05 -0.000105079 0.0012388 0.00079284 0.000143914 -0.000718357 8.35397e-05 9.72173e-05 0.000806541 1.42434e-05 0.00159884 8.02138e-05 0.00134339 -0.000452694 -0.00111038 -0.000727756 5.75047e-05 0.00111297
internal_weight=73923 60413 60011 13510 13469 1266 691 409 349 282 192 117 12203 575 295 211 141 89 11641 11448 268 134 134 11180 86 562 191 193 98 90
internal_count=73923 60413 60011 13510 13469 1266 691 409 349 282 192 117 12203 575 295 211 141 89 11641 11448 268 134 134 11180 86 562 191 193 98 90
is_linear=0
shrinkage=0.03


Tree=169
num_leaves=31
num_cat=0
split_feature=34 20 8 27 28 9 26 13 6 33 34 45 51 38 61 41 10 8 34 63 73 73 38 28 42 66 9 11 62 56
split_gain=0.121152 0.149444 0.188277 0.222067 0.320079 0.364464 0.222103 0.187984 0.160381 0.154643 0.162907 0.151149 0.267841 0.213432 0.165843 0.160947 0.177361 0.309284 0.128543 0.190277 0.144514 0.166042 0.147259 0.125941 0.125723 0.261411 0.124461 0.117573 0.113655 0.113401
threshold=0.1246301792562008 1.0000000180025095e-35 0.51100000000000023 11.500000000000002 7.1507799625396737 0.43334567206218827 29.500000000000004 1.5000000000000002 0.03500000000000001 14.639610767364504 8.7615494728088397 1.2254716753959658 0.41181655228137976 0.26491260528564459 3.1666666666666674 0.26529665291309362 0.24292389853137519 0.41225000000000006 0.57947367429733287 0.014893778538213555 2089.8500000000004 648.95000000000016 0.044305959716439254 26.500000000000004 0.19527241587638858 73.500000000000014 0.09913574525739656 0.32558892158611263 25.916666666666671 28.800913817243533
decision_type=8 2 10 10 10 8 2 10 8 8 10 10 8 10 10 8 10 8 10 10 2 2 10 10 10 8 8 10 10 10
left_child=-1 7 3 11 -5 6 -6 8 -2 10 -7 13 -13 18 15 -15 17 -17 -3 20 21 24 -23 26 -20 28 -10 -21 -26 -28
right_child=1 2 -4 4 5 9 -8 -9 23 -11 -12 12 -14 14 -16 16 -18 -19 19 27 -22 22 -24 -25 25 -27 29 -29 -30 -31
leaf_value=-4.2836355823415303e-05 -0.00021722307153628417 4.0816151798277151e-05 -4.669271436449763e-05 0.0033181245708243643 0.00057548378774512239 0.00079495930369814923 -0.0018369993481845144 -0.0014882752525620161 0.00038421326602324245 0.00012357870696709966 0.0028571817305911439 0.0032588732734147923 -0.00017126632172481288 -0.0015332352564541567 -0.0022018872692158606 0.0020290698182697476 -0.00097087365816920417 -0.00097536065437666634 0.00068051207442325226 0.00023516101970343076 0.002375902345681444 0.0016046394177828916 -0.00040874781874307642 0.0016187394913285971 0.0017151804670824536 0.00019932683301158248 5.7477824283524654e-05 -0.00095809466625173948 0.0039496148061007258 -6.6146941270833683e-05
leaf_weight=32942 2484 1105 2036 47 77 58 62 75 872 53 85 40 42 67 46 78 78 51 451 547 47 40 179 45 42 60 22611 86 40 9477
leaf_count=32942 2484 1105 2036 47 77 58 62 75 872 53 85 40 42 67 46 78 78 51 451 547 47 40 179 45 42 60 22611 86 40 9477
internal_value=4.59877e-13 3.44334e-05 0.000181223 0.000318471 0.000999707 0.000674436 -0.000500588 1.20749e-05 1.52456e-05 0.00150774 0.00202076 0.000231698 0.00150197 0.000195989 -0.000535055 -0.000255222 0.000158434 0.000841272 0.000286068 0.000467706 0.000758533 0.000664917 -4.10059e-05 3.27415e-05 0.00092562 0.0017041 3.05762e-05 7.30441e-05 0.00280515 2.0966e-05
internal_weight=73923 40981 5417 3381 382 335 139 35564 35489 196 143 2999 82 2917 320 274 207 129 2597 1492 859 812 219 33005 593 142 32960 633 82 32088
internal_count=73923 40981 5417 3381 382 335 139 35564 35489 196 143 2999 82 2917 320 274 207 129 2597 1492 859 812 219 33005 593 142 32960 633 82 32088
is_linear=0
shrinkage=0.03


Tree=170
num_leaves=31
num_cat=0
split_feature=27 57 67 8 55 33 73 66 56 34 35 35 15 11 32 6 9 36 56 14 6 40 26 35 15 33 41 41 8 11
split_gain=0.115966 0.237284 0.231146 0.149518 0.133402 0.189674 0.226954 0.174192 0.130514 0.214287 0.116916 0.135076 0.155731 0.0955077 0.0927945 0.12559 0.173834 0.159611 0.146561 0.130473 0.119476 0.121906 0.112707 0.204512 0.279646 0.177467 0.151605 0.168041 0.112105 0.173229
threshold=21.500000000000004 24.345238095238098 13.500000000000002 0.83200000000000007 29.300000000000001 17.861905097961429 458.95000000000005 58.500000000000007 27.461234567828505 13.00657892227173 0.60922586917877208 0.63762626051902782 0.089303909829475295 0.57078795793563808 0.030658733099699024 0.03500000000000001 0.09913574525739656 0.35094982385635382 28.266051954887111 0.13999999999999999 0.20500000000000004 0.023012868128716949 70.500000000000014 0.46770833432674414 0.13361575861575861 16.190909385681156 0.48890183866024023 0.30684062838554388 0.25450000000000012 0.21157112290310384
decision_type=10 8 8 10 10 10 2 10 10 10 10 10 10 8 8 8 8 10 10 8 10 10 2 10 8 8 10 10 10 8
left_child=14 2 -2 4 5 7 -7 8 -3 -10 13 -12 -13 -6 -1 17 19 -16 28 -17 21 -20 -22 26 25 -25 27 -24 -18 -30
right_child=1 3 -4 -5 10 6 -8 -9 9 -11 11 12 -14 -15 15 16 18 -19 20 -21 22 -23 23 24 -26 -27 -28 -29 29 -31
leaf_value=-4.1945807356985166e-05 0.0005524223761384856 -0.00054557443205599803 0.0030753390092457477 0.0013087281401285194 0.00052732060407288369 -0.00042489878045459992 -0.0030543805453926323 -0.0011369208318258944 0.0026289789758336085 -3.4156539477407933e-05 0.0022782751593011909 1.3438830137602052e-05 0.0018114392837326576 -0.0014483171164495301 -0.00013858323171074075 0.00027901416285881894 0.00017883640860401963 -0.0019597188137810339 3.0499222774945949e-05 0.0012150020284668875 5.7841311389096363e-05 -0.0003532485855627532 -5.9571815227286328e-05 -0.0014810234680771826 -0.0027751495978408191 0.00060763290340009213 0.0013636546065249749 -0.0011505388690705371 -0.00062490093973377871 4.6395368441102218e-05
leaf_weight=32639 91 56 51 87 40 86 45 72 52 57 41 192 56 49 2775 952 6481 44 1176 156 6961 2033 1604 69 62 78 62 138 353 17365
leaf_count=32639 91 56 51 87 40 86 45 72 52 57 41 192 56 49 2775 952 6481 44 1176 156 6961 2033 1604 69 62 78 62 138 353 17365
internal_value=-3.05263e-13 0.000325014 0.00145854 0.000131784 -5.47384e-06 -0.000412062 -0.00132816 9.43018e-05 0.000631563 0.00123633 0.000390358 0.000683149 0.000419439 -0.00056039 -4.34403e-06 2.61029e-05 4.06235e-05 -0.000167008 2.93501e-05 0.000410796 -5.55109e-05 -0.000212617 6.68361e-07 -0.000197037 -0.00108543 -0.000372757 -9.41136e-05 -0.000145997 7.20734e-05 3.3021e-05
internal_weight=73923 975 142 833 746 368 131 237 165 109 378 289 248 89 72948 40309 37490 2819 36382 1108 12183 3209 8974 2013 209 147 1804 1742 24199 17718
internal_count=73923 975 142 833 746 368 131 237 165 109 378 289 248 89 72948 40309 37490 2819 36382 1108 12183 3209 8974 2013 209 147 1804 1742 24199 17718
is_linear=0
shrinkage=0.03


Tree=171
num_leaves=31
num_cat=0
split_feature=34 35 57 57 11 27 29 64 33 29 6 14 7 67 62 55 11 36 63 22 57 14 62 62 62 74 29 73 6 72
split_gain=0.114309 0.157959 0.130506 0.141393 0.12987 0.21002 0.154083 0.14028 0.136557 0.133671 0.133035 0.144382 0.181913 0.316918 0.266384 0.242054 0.206256 0.176245 0.18087 0.248035 0.170803 0.193952 0.167858 0.238502 0.148566 0.128498 0.180663 0.134948 0.133456 0.170235
threshold=13.858058452606203 0.90161287784576427 17.875000000000004 19.055555555555561 0.22422796092590414 5.5000000000000009 8.4499998092651385 1.0000000180025095e-35 8.8090910911560076 8.0999999046325701 0.28500000000000009 -0.070000000000000034 0.48833333333333345 1.5000000000000002 27.416666666666671 23.700000000000006 0.41704516126717733 0.42311958968639379 0.12983212821325488 70.500000000000014 30.207142857142859 -0.17499999999999993 28.916666666666671 26.791666666666671 24.083333333333339 2089.8500000000004 17.10000038146973 2115.1500000000001 0.77500000000000013 10.500000000000002
decision_type=8 10 8 8 8 8 8 2 8 10 8 8 8 10 10 10 8 10 10 2 8 10 10 10 10 2 8 2 8 2
left_child=-1 2 -2 -4 9 7 -7 -6 -8 -5 -10 17 13 14 -13 -15 -14 -12 19 20 24 -22 23 -17 -19 27 -27 28 -18 -30
right_child=1 -3 3 4 5 6 8 -9 10 -11 11 12 16 15 -16 22 25 18 -20 -21 21 -23 -24 -25 -26 26 -28 -29 29 -31
leaf_value=-8.4319972785629512e-06 0.0016292137049320513 0.0015972041004501721 -0.001304717551289697 -7.4311895838185941e-05 0.0023128729035605247 -0.0012964215421694704 0.001682126269420573 0.00034098344034559668 -0.00072747311940380408 -0.0021985461035261065 0.0024474981413888076 -0.0032099382691235549 0.0022706154194410619 0.0021570779551274891 -0.00019684570365706864 0.00021389546625791712 -7.9987008238142568e-05 -0.00027127878457893813 0.0018309698552774214 -0.0013040640216786415 0.00073325558278314849 -0.0020216387872705639 0.00099145499189667711 -0.0029169967377603778 0.0011328259744362809 -0.0024846400701790117 0.00033249931813250964 -0.001009615515073844 0.00034570955426415365 0.0018791862986566098
leaf_weight=70330 52 68 62 73 67 67 52 63 154 42 42 62 41 41 46 47 732 89 74 79 46 46 46 41 285 40 42 83 941 70
leaf_count=70330 52 68 62 73 67 67 52 63 154 42 42 62 41 41 46 47 732 89 74 79 46 46 46 41 285 40 42 83 941 70
internal_value=-5.90169e-13 0.000165049 0.000137422 0.000115086 0.000140893 0.00017547 0.000126944 0.00135726 0.000157717 -0.000850119 0.000131702 0.000177437 6.21031e-05 -0.000648649 -0.00192658 0.000140019 0.000165306 0.000566886 0.000439284 0.000250321 0.000513833 -0.000644192 -0.000477141 -0.00124482 0.000798694 0.000120066 -0.00104172 0.000172238 0.000228517 0.000451885
internal_weight=73923 3593 3525 3473 3411 3296 3166 130 3099 115 3047 2893 2232 283 108 175 1949 661 619 545 466 92 134 88 374 1908 82 1826 1743 1011
internal_count=73923 3593 3525 3473 3411 3296 3166 130 3099 115 3047 2893 2232 283 108 175 1949 661 619 545 466 92 134 88 374 1908 82 1826 1743 1011
is_linear=0
shrinkage=0.03


Tree=172
num_leaves=31
num_cat=0
split_feature=33 44 42 43 34 27 57 37 30 36 57 30 38 62 66 30 29 61 47 8 43 28 10 46 39 63 56 7 75 55
split_gain=0.109931 0.148983 0.152389 0.157462 0.170305 0.335801 0.285732 0.251464 0.202964 0.218173 0.261734 0.172151 0.161621 0.151316 0.144384 0.194276 0.144452 0.14351 0.193071 0.262562 0.155486 0.191707 0.162892 0.148388 0.140025 0.165155 0.346098 0.230399 0.222013 0.143485
threshold=5.6306817531585702 2.5833333730697636 0.26165482401847845 1.2225016951560976 8.9572725296020526 5.5000000000000009 20.033333333333335 0.18534766882658008 17.437500000000004 0.56258156895637523 24.345238095238098 4.5357143878936776 0.40934884548187261 26.083333333333339 87.500000000000014 8.6458334922790545 7.2249999046325692 10.16666666666667 4.2111110687255868 0.59100000000000019 1.0091742873191836 20.166666984558109 0.87791327913279138 0.25173230469226843 0.38775168359279638 -0.023715148929428661 26.846810134771506 0.33166666666666672 1.0000000180025095e-35 24.733333333333338
decision_type=10 10 10 10 10 10 10 10 10 10 10 10 10 10 8 10 10 10 10 10 10 10 8 8 10 10 10 10 2 10
left_child=1 2 -1 4 14 6 -6 11 9 10 12 -8 13 -7 16 -16 -4 18 20 -20 23 22 24 -2 25 -22 -27 -28 -29 -26
right_child=17 -3 3 -5 5 8 7 -9 -10 -11 -12 -13 -14 -15 15 -17 -18 -19 19 -21 21 -23 -24 -25 29 26 27 28 -30 -31
leaf_value=-9.3114482301058293e-06 -0.0012246184037455047 0.0011913930395562405 -0.00063819242877486554 -0.0017784714095649265 0.0020332294780244999 -0.0017522818680395776 4.9385614203368648e-05 -0.00066259572491270157 0.00085721800436294867 -0.0022012342703550806 -0.0021710091640584558 0.0027663840973468192 0.0011722729738539784 0.00048409682777543944 -0.00034521237089249647 0.0018751312154095753 -0.0020291001629666426 -0.0016402177705035577 0.0032551473327912389 0.00038733381339732341 -0.00068689843140439021 0.0011299211465681783 -0.0019856728026206838 0.00014293268668859739 0.00010791070049377215 0.0028328367782523853 -0.0012809437494724989 7.8280095166675527e-05 0.0022025494459085165 -0.00065546220381166925
leaf_weight=61660 72 92 420 63 111 53 41 131 80 79 57 43 80 56 228 42 80 43 40 102 135 94 48 8700 326 51 75 169 60 692
leaf_count=61660 72 92 420 63 111 53 41 131 80 79 57 43 80 56 228 42 80 43 40 102 135 94 48 8700 326 51 75 169 60 692
internal_value=-2.21677e-13 -1.49738e-05 -1.67292e-05 -0.000309172 -0.000247502 8.04658e-05 0.00079714 0.000158973 -0.000496413 -0.000829614 -0.000389135 0.00144023 0.000148256 -0.000603317 -0.000558859 1.74409e-07 -0.000860738 8.93825e-05 9.64228e-05 0.00119517 8.14523e-05 -0.000185725 -0.000265205 0.000131708 -0.000210442 0.000206235 0.000545877 0.000162209 0.000634857 -0.000411003
internal_weight=73923 63316 63224 1564 1501 731 326 215 405 325 246 84 189 109 770 270 500 10607 10564 142 10422 1650 1556 8772 1508 490 355 304 229 1018
internal_count=73923 63316 63224 1564 1501 731 326 215 405 325 246 84 189 109 770 270 500 10607 10564 142 10422 1650 1556 8772 1508 490 355 304 229 1018
is_linear=0
shrinkage=0.03


Tree=173
num_leaves=31
num_cat=0
split_feature=34 20 8 27 28 9 26 13 33 34 45 51 38 61 41 10 8 6 32 63 17 11 66 26 35 33 21 39 14 17
split_gain=0.105789 0.140739 0.177893 0.207658 0.300323 0.341255 0.207177 0.17603 0.144542 0.153131 0.142397 0.251455 0.198663 0.152112 0.149396 0.166672 0.292157 0.14106 0.121358 0.197288 0.13771 0.195111 0.19048 0.219821 0.161619 0.217039 0.165248 0.164115 0.138224 0.12544
threshold=0.1246301792562008 1.0000000180025095e-35 0.51100000000000023 11.500000000000002 7.1507799625396737 0.43334567206218827 29.500000000000004 1.5000000000000002 14.639610767364504 8.7615494728088397 1.2254716753959658 0.42034024000167852 0.26491260528564459 3.1666666666666674 0.26529665291309362 0.24292389853137519 0.41225000000000006 0.03500000000000001 0.8419458568096162 0.014893778538213555 24.500000000000004 0.34519945624830689 61.500000000000007 52.500000000000007 0.12632978707551959 2.4580420255661015 0.015000000000000001 0.15372467041015628 0.10500000000000002 3.5000000000000004
decision_type=8 2 10 10 10 8 2 10 8 10 10 8 10 10 8 10 8 8 10 10 2 10 8 2 8 10 2 10 10 2
left_child=-1 7 3 10 -5 6 -6 17 9 -7 12 -12 18 14 -14 16 -16 -2 -3 20 21 24 -22 -24 25 28 -26 -28 -20 -21
right_child=1 2 -4 4 5 8 -8 -9 -10 -11 11 -13 13 -15 15 -17 -18 -19 19 29 22 -23 23 -25 26 -27 27 -29 -30 -31
leaf_value=-4.0028361732841784e-05 -0.00020446990084490492 6.7547925180534704e-05 -4.691479855816355e-05 0.0032125293142459496 0.00055401724615049633 0.00076559389315160179 -0.001775995626625034 -0.0014413841045927255 0.00011986767271322742 0.0027649846338557407 0.0031183590887614138 -0.00020421101439108209 -0.0014791317252136433 -0.00211216716925897 0.0019670873369949942 -0.00094404799921903764 -0.00095297313404872131 2.9955166653318126e-05 0.00045422790182685172 0.00072726171899121258 0.0034128025820245964 -0.0013108470560241998 0.002423697137679948 -0.00060975081597314056 0.0026080889509599229 -0.00094316043661092392 0.0022029368315776023 0.00031654554710257798 0.0023990908345731441 -0.00023684072545471528
leaf_weight=32942 2484 1275 2036 47 77 58 62 75 53 85 41 41 67 46 78 78 51 33005 185 175 40 44 43 43 66 90 59 140 40 397
leaf_count=32942 2484 1275 2036 47 77 58 62 75 53 85 41 41 67 46 78 78 51 33005 185 175 40 44 43 43 66 90 59 140 40 397
internal_value=6.43801e-13 3.21762e-05 0.000174626 0.000308036 0.0009668 0.000651728 -0.000485269 1.04787e-05 0.00145807 0.00195404 0.000224125 0.00145707 0.000189466 -0.000515831 -0.000247834 0.000150703 0.000812645 1.35469e-05 0.000276372 0.000477772 0.000797826 0.000615156 0.00170247 0.000906973 0.000761267 0.000301941 0.00130726 0.000875827 0.000799981 5.81207e-05
internal_weight=73923 40981 5417 3381 382 335 139 35564 196 143 2999 82 2917 320 274 207 129 35489 2597 1322 750 624 126 86 580 315 265 199 225 572
internal_count=73923 40981 5417 3381 382 335 139 35564 196 143 2999 82 2917 320 274 207 129 35489 2597 1322 750 624 126 86 580 315 265 199 225 572
is_linear=0
shrinkage=0.03


Tree=174
num_leaves=31
num_cat=0
split_feature=34 14 57 71 14 73 58 15 43 15 6 74 15 10 34 71 17 74 38 35 11 30 57 37 26 15 37 32 31 66
split_gain=0.102572 0.132642 0.114056 0.132794 0.127882 0.127113 0.120114 0.113122 0.133636 0.126765 0.110954 0.152165 0.119227 0.190632 0.398717 0.118023 0.114674 0.113298 0.105711 0.19931 0.105354 0.11169 0.184608 0.164606 0.192093 0.183819 0.18068 0.216278 0.127358 0.125551
threshold=14.961679458618166 -0.089999999999999969 33.408333333333339 10.500000000000002 -0.10000000000000005 1596.2 0.48115704783937868 -0.056478405315614634 5.5000000000000009 -0.028657869237579372 0.77500000000000013 1981.2 0.10978246608816156 0.69779554263565902 17.875856399536136 6.5000000000000009 11.500000000000002 331.60000000000008 0.6575433909893037 0.58898946642875682 0.14650138274246219 1.9375000000000002 35.805555555555564 0.12493179738521577 48.500000000000007 0.15510593010593013 0.22128767520189288 3.341840505599976 3.9375653266906743 51.500000000000007
decision_type=8 8 10 2 10 2 10 8 8 8 8 2 10 10 10 2 2 2 8 10 8 10 8 8 2 8 8 10 10 10
left_child=20 2 3 4 5 6 18 8 -3 -9 15 12 13 -12 -15 16 -11 -18 19 -2 21 -1 23 29 25 26 27 -25 -29 -23
right_child=1 7 -4 -5 -6 -7 -8 9 -10 10 11 -13 -14 14 -16 -17 17 -19 -20 -21 -22 22 -24 24 -26 -27 -28 28 -30 -31
leaf_value=5.4977318451538752e-05 0.00024504009539007461 0.00034960057341959326 -0.0009861565001944943 -0.0008034444683177683 0.0019171679193190261 0.0021804455740909493 0.0015004371141603095 0.0010571129013187601 -0.0019473773311331584 -0.00044055004213337914 0.00039175935844660724 -0.0013210965194465484 0.0012721161903065973 -0.0032558237880513795 0.00070058654089315004 -0.00027843394262773294 0.001945107419424775 -4.8074383604606346e-05 0.00091645517554350719 -0.002053012811442519 -1.6504008480225694e-05 0.0010273459972705264 0.0020965027079884227 -0.001015795406898203 0.0011621816957478202 -0.0023681210097856822 -0.0016748871871145796 0.0021878122645156346 0.0001326392220076302 8.174268001032312e-05
leaf_weight=3232 198 40 41 52 77 42 81 120 53 63 796 51 114 41 52 966 66 42 129 41 66682 322 56 73 76 42 58 51 58 208
leaf_count=3232 198 40 41 52 77 42 81 120 53 63 796 51 114 41 52 966 66 42 129 41 66682 322 56 73 76 42 58 51 58 208
internal_value=-1.07966e-13 0.000169913 0.000546281 0.000647619 0.000780463 0.000602202 0.000454571 6.64269e-05 -0.00095943 0.00010771 5.57114e-05 0.000277445 0.000358727 0.0002416 -0.00104364 -0.000149836 0.000576628 0.00116998 0.000224367 -0.000149187 -7.34966e-06 0.000138826 0.000425902 0.000320549 -0.000176425 -0.000537185 -0.000216771 0.000247903 0.00109423 0.000656241
internal_weight=73923 3065 661 620 568 491 449 2404 93 2311 2191 1054 1003 889 93 1137 171 108 368 239 70858 4176 944 888 358 282 240 182 109 530
internal_count=73923 3065 661 620 568 491 449 2404 93 2311 2191 1054 1003 889 93 1137 171 108 368 239 70858 4176 944 888 358 282 240 182 109 530
is_linear=0
shrinkage=0.03


Tree=175
num_leaves=31
num_cat=0
split_feature=27 57 67 8 72 59 74 34 6 22 14 33 63 33 59 59 26 27 53 67 11 8 43 13 35 63 10 6 7 14
split_gain=0.101104 0.221829 0.21795 0.136422 0.124775 0.162614 0.195535 0.151128 0.143323 0.116112 0.109432 0.119047 0.108847 0.107902 0.0969244 0.0913277 0.0892202 0.139262 0.181661 0.210272 0.155422 0.135765 0.138545 0.226892 0.156821 0.168176 0.195534 0.24683 0.261268 0.235242
threshold=21.500000000000004 24.345238095238098 13.500000000000002 0.83200000000000007 6.5000000000000009 0.40623268539246726 197.65000000000001 17.335087776184086 0.58500000000000008 14.500000000000002 -0.039999999999999945 14.207142829895021 0.098899528326322081 20.038461685180668 0.4425928364651342 0.38482366689825021 16.500000000000004 17.500000000000004 26.500000000000004 7.5000000000000009 0.50223912839457086 0.11291666666666669 1.0091742873191836 -1.4999999999999998 0.18834459781646731 -0.14093872279865671 0.31514294222751643 0.31500000000000006 0.16166666666666671 -0.02999999999999994
decision_type=10 8 8 10 2 8 2 10 10 2 10 8 8 10 10 10 2 10 8 10 8 8 10 10 10 10 8 10 10 8
left_child=16 2 15 4 14 6 -6 9 -9 12 -11 -12 -7 -10 -3 -2 17 21 -19 20 -20 -1 24 -24 -23 -26 27 28 -27 -30
right_child=1 3 -4 -5 5 7 -8 8 13 10 11 -13 -14 -15 -16 -17 -18 18 19 -21 -22 22 23 -25 25 26 -28 -29 29 -31
leaf_value=0.00021955833922004877 0.0014595909124118802 -0.00014847749257055313 0.0029694310121019096 0.0012408584859703892 -0.0024376886323290432 0.00022001058124005793 0.00027885823016531941 0.00052707066916271431 -0.00060732526554992149 0.00210216105080823 0.0016865738081889082 5.7961537891185907e-05 -0.0017023523015015554 -0.002632846234241364 0.0016454130760129456 -0.0004413038969117527 -2.5600061414731454e-05 0.0019770809810142963 0.002084470386795986 -0.0015998886926316244 -6.7917619113965573e-05 -1.5749557843312726e-05 -0.0019014934941941613 -0.00016589097636380212 0.0010366477982032636 -0.0012444698441686341 0.00031160247009242523 -0.001744137255467266 -0.00051403208576047271 0.001294190758606419
leaf_weight=3187 46 46 51 87 57 75 41 49 56 41 52 181 41 41 66 45 51312 76 52 43 72 15384 87 307 219 112 1740 95 117 145
leaf_count=3187 46 46 51 87 57 75 41 49 56 41 52 181 41 41 66 45 51312 76 52 43 72 15384 87 307 219 112 1740 95 117 145
internal_value=-7.07767e-13 0.000303473 0.00139946 0.000116641 -1.4467e-05 -0.000177539 -0.00130117 2.79018e-05 -0.000795414 0.000336118 0.000672925 0.000421429 -0.000459445 -0.00146347 0.000908637 0.000519588 -4.05612e-06 4.70376e-05 0.000761174 0.000207827 0.000834697 3.89258e-05 7.30565e-06 -0.000549133 1.9614e-05 0.000243681 0.000165066 -0.000378588 -3.17238e-05 0.000486702
internal_weight=73923 975 142 833 746 634 98 536 146 390 274 233 116 97 112 91 72948 21636 243 167 124 21393 18206 394 17812 2428 2209 469 374 262
internal_count=73923 975 142 833 746 634 98 536 146 390 274 233 116 97 112 91 72948 21636 243 167 124 21393 18206 394 17812 2428 2209 469 374 262
is_linear=0
shrinkage=0.03


Tree=176
num_leaves=31
num_cat=0
split_feature=27 15 63 58 33 34 56 6 9 36 42 14 59 21 10 30 37 10 58 34 34 53 57 67 38 67 18 57 32 9
split_gain=0.0973362 0.174891 0.137604 0.125955 0.122769 0.0863426 0.125417 0.123188 0.179917 0.15023 0.131311 0.148313 0.131847 0.130047 0.143735 0.171018 0.111319 0.26125 0.107794 0.0999691 0.113198 0.102719 0.221775 0.13897 0.119735 0.0998078 0.0931917 0.233131 0.296815 0.350702
threshold=26.500000000000004 0.09117600342164299 -0.010845667827105469 0.47984688567956452 20.038461685180668 0.10948202013969423 34.841960621196151 0.03500000000000001 0.09913574525739656 0.35094982385635382 0.23974958807229999 0.13999999999999999 0.45386526723049442 0.23500000000000001 0.023669467787114849 1.0625000000000002 0.069858901202678694 0.12337223067816676 0.3912597327630008 0.89564427733421337 10.074536800384523 20.500000000000004 23.118055555555561 7.5000000000000009 0.1084740422666073 3.5000000000000004 1.0000000180025095e-35 24.292857142857148 2.8815852403640752 0.35096019538502027
decision_type=10 10 10 10 10 8 10 8 8 10 10 8 10 2 10 10 10 10 10 10 10 10 8 8 8 10 2 10 10 10
left_child=5 2 -2 -4 -5 -1 7 9 10 13 11 16 18 19 -15 -16 -9 25 -13 -7 21 22 -21 -24 -25 -18 -10 28 -28 -30
right_child=1 -3 3 4 -6 6 -8 8 26 -11 -12 12 -14 14 15 -17 17 -19 -20 20 -22 -23 23 24 -26 -27 27 -29 29 -31
leaf_value=-3.9243696635747864e-05 0.0016475679040221232 0.0019131662662733684 -0.0012662125104662976 0.0016288993954991123 -0.00063868521924384612 5.0666085073004467e-05 -0.00026454095533848287 0.00018669999817234222 3.0794820495321083e-05 -0.0018933595438614826 -0.0012109150245253528 0.0016753691708436234 0.0026327415463005309 -0.00017461158574241993 0.00022533989914189724 0.0025346314062042233 0.0014335694114145424 0.0027894061165949645 -0.00031828913704805967 -0.0008865711459046607 0.0010163710448735704 -0.00051972422119945052 -0.00046047340403310952 0.00044621405883155986 0.0021112309956515672 -0.00038448539134659256 0.00011924526277729485 -8.4085735730473417e-05 0.0035184042887522081 0.00083768573750941347
leaf_weight=31869 42 66 67 42 44 978 1293 709 35562 44 42 52 50 122 62 54 42 53 46 143 54 1174 75 99 64 77 238 556 64 140
leaf_count=31869 42 66 67 42 44 978 1293 709 35562 44 42 52 50 122 62 54 42 53 46 143 54 1174 75 99 64 77 238 556 64 140
internal_value=6.37563e-13 0.000578323 0.000126529 -0.000291011 0.00046874 -2.04912e-06 2.63134e-05 3.55992e-05 5.00459e-05 -0.00015389 0.000433305 0.000500416 0.00137916 -0.000126798 0.00054428 0.00130035 0.000352796 0.00103746 0.00073957 -0.000188536 -0.00033393 -0.000380822 4.71884e-05 0.000608229 0.00109996 0.000257181 3.88186e-05 0.000324732 0.000838992 0.0016787
internal_weight=73923 261 195 153 86 73662 41793 40500 37631 2869 1071 1029 148 2825 238 116 881 172 98 2587 1609 1555 381 238 163 119 36560 998 442 204
internal_count=73923 261 195 153 86 73662 41793 40500 37631 2869 1071 1029 148 2825 238 116 881 172 98 2587 1609 1555 381 238 163 119 36560 998 442 204
is_linear=0
shrinkage=0.03


Tree=177
num_leaves=31
num_cat=0
split_feature=30 55 62 29 63 63 33 32 14 33 36 10 42 47 53 45 74 20 34 47 9 32 59 12 66 21 49 32 32 38
split_gain=0.095262 0.164497 0.269401 0.146185 0.108519 0.159362 0.107089 0.181643 0.136888 0.16455 0.124661 0.123305 0.0972627 0.0899795 0.128977 0.126071 0.213124 0.0889646 0.230067 0.179744 0.164792 0.254816 0.186794 0.236216 0.148966 0.146468 0.259568 0.12439 0.124361 0.224494
threshold=20.062500000000004 25.225000000000005 25.916666666666671 21.500000000000004 0.08953465439272236 0.14311689071767261 19.94999980926514 16.783004760742191 0.050000000000000037 20.781746864318851 0.79736676812171947 0.72957074721780613 0.65781536698341381 4.2111110687255868 28.500000000000004 4.0999999046325692 178.35000000000002 1.0000000180025095e-35 17.576340675354007 1.2270753383636477 0.21000129731135625 2.8815852403640752 0.39747007125983819 0.10736963240272539 75.500000000000014 0.15500000000000003 0.38179390132427221 2.4687595367431645 0.8419458568096162 0.093314290046691908
decision_type=10 8 8 10 8 8 10 10 10 10 10 8 10 10 10 10 2 2 10 10 10 10 10 10 8 2 10 10 10 10
left_child=3 -2 -3 6 12 -6 10 -8 9 -9 13 -12 -4 15 -15 17 -17 -1 19 20 21 27 23 24 -23 -21 -27 28 -19 -30
right_child=1 2 4 -5 5 -7 7 8 -10 -11 11 -13 -14 14 -16 16 -18 18 -20 25 -22 22 -24 -25 -26 26 -28 -29 29 -31
leaf_value=-1.7169357257502289e-05 0.002058804583845331 -0.001571918916373254 0.00090338970982254698 0.001339372527237012 0.002482447583773007 0.00017607241618092161 0.00092655532601444669 -0.00068326620766046367 -1.4833649969659744e-05 -0.00327780025312677 0.0018493748363286541 4.6980604335355265e-05 -0.00057204861550154277 -0.00031883635331036113 0.001941091554296744 0.00027105886873829622 -0.0026847400123785649 5.8216429373063491e-05 0.0023196217611931805 2.5761942333071539e-05 -2.6642180803511319e-05 0.0016952838171222298 0.00035350331624273124 0.0032445756591941146 -0.00026057557496977479 0.0030273474490869852 0.00036758625814691182 -0.0012796637295312914 0.0010272944177287348 -0.00071798928385353913
leaf_weight=62325 51 61 78 73 56 52 45 44 50 44 65 72 83 41 51 46 42 2077 41 101 7383 91 262 55 57 59 75 56 302 85
leaf_count=62325 51 61 78 73 56 52 45 44 50 44 65 72 83 41 51 46 42 2077 41 101 7383 91 262 55 57 59 75 56 302 85
internal_value=-5.55352e-13 0.000473147 0.000228091 -2.45124e-06 0.000636272 0.00137197 -3.7845e-06 -0.000728599 -0.00126832 -0.00198053 -1.97459e-06 0.000902131 0.00014276 -3.66788e-06 0.00093395 -4.84861e-06 -0.00113966 -3.48004e-06 7.66766e-05 6.80035e-05 4.94075e-05 0.000237506 0.000882769 0.00156586 0.000942014 0.000888444 0.00153868 0.00011844 0.000150215 0.000643963
internal_weight=73923 381 330 73542 269 108 73469 183 138 88 73286 137 161 73149 92 73057 88 72969 10644 10603 10368 2985 465 203 148 235 134 2520 2464 387
internal_count=73923 381 330 73542 269 108 73469 183 138 88 73286 137 161 73149 92 73057 88 72969 10644 10603 10368 2985 465 203 148 235 134 2520 2464 387
is_linear=0
shrinkage=0.03


Tree=178
num_leaves=31
num_cat=0
split_feature=33 9 35 51 47 49 15 49 42 35 53 67 30 18 34 67 8 73 73 8 62 59 32 42 32 59 26 10 62 10
split_gain=0.0915974 0.243626 0.160071 0.150118 0.174033 0.168518 0.194505 0.232246 0.178621 0.267164 0.277867 0.202403 0.187511 0.193808 0.17638 0.23662 0.22972 0.238228 0.195267 0.256365 0.159445 0.151507 0.151313 0.149398 0.318016 0.199078 0.18778 0.18933 0.168209 0.160918
threshold=10.379807472229006 0.26466909549939932 0.84495192766189586 1.1799533963203432 1.4083333015441897 0.36969967186450964 0.1742027933783471 0.83333334326744091 0.29997523128986364 0.71010184288024913 19.500000000000004 9.5000000000000018 7.6458332538604745 1.0000000180025095e-35 15.355990409851076 6.5000000000000009 0.40100000000000008 414.55000000000001 178.35000000000002 0.37450000000000006 21.250000000000004 0.39420766614825503 9.4766092300415057 0.42453156411647802 8.1389102935791033 0.50200782064033356 52.500000000000007 0.2152872444011685 25.583333333333339 0.47446762277270754
decision_type=10 8 10 10 10 10 8 10 10 10 10 10 10 2 10 10 8 2 2 8 10 10 10 10 10 10 2 8 10 10
left_child=2 -2 3 5 -5 8 -7 -8 12 10 14 23 -1 -14 15 16 17 -10 19 -17 -18 -22 -13 25 -25 26 29 -28 -29 -12
right_child=1 -3 -4 4 -6 6 7 -9 9 -11 11 22 13 -15 -16 18 20 -19 -20 -21 21 -23 -24 24 -26 -27 27 28 -30 -31
leaf_value=-1.2556999651953222e-05 0.0017382948339360244 9.1337220604961378e-05 0.0017404419740543087 0.0004204135172057715 -0.0020541778470300523 0.00022649600029654794 0.0025223044346435923 -0.00030833125475328418 0.0020234041704679838 -0.0017674479395426916 0.0002597627008640786 -0.0014030873078367679 0.00029644148130066213 0.0023489703003013898 0.0017819451250519099 -0.0016558118563758709 0.00063813184294849638 -0.00096424140496088591 0.0021369967502105282 0.0015303483621819929 -0.002336186414403427 -0.00027313736016985099 -0.00015435371698122044 -0.0024101957893942166 -0.00025827431072428508 -0.0014608763586371563 0.0010100583353668522 -0.0022288263544662673 -0.00036844296225657067 0.0020520827346196284
leaf_weight=63519 82 5692 47 41 68 888 75 40 58 103 564 262 1115 43 72 41 40 41 80 51 81 53 131 79 284 78 53 67 126 49
leaf_count=63519 82 5692 47 41 68 888 75 40 58 103 564 262 1115 43 72 41 40 41 80 51 81 53 131 79 284 78 53 67 126 49
internal_value=-3.42854e-13 0.000114727 -9.72034e-06 -1.09282e-05 -0.00112337 -9.14484e-06 0.000376838 0.00153774 -1.49239e-05 -0.000273966 -0.00020436 -0.000390252 -5.65997e-06 0.000372658 0.000404373 0.000181485 -0.000367614 0.000786096 0.00105302 0.000110429 -0.00102404 -0.0015202 -0.000986843 -0.000209898 -0.000726599 -9.72489e-06 0.000122044 -0.000578139 -0.00101428 0.000403031
internal_weight=73923 5774 68149 68102 109 67993 1003 115 66990 2313 2210 1693 64677 1158 517 445 273 99 172 92 174 134 393 1300 363 937 859 246 193 613
internal_count=73923 5774 68149 68102 109 67993 1003 115 66990 2313 2210 1693 64677 1158 517 445 273 99 172 92 174 134 393 1300 363 937 859 246 193 613
is_linear=0
shrinkage=0.03


Tree=179
num_leaves=31
num_cat=0
split_feature=30 55 62 29 63 63 33 32 14 33 36 15 31 42 20 35 7 36 8 41 63 73 73 39 39 47 38 42 17 26
split_gain=0.0884768 0.154125 0.253689 0.137155 0.102746 0.150033 0.101552 0.170908 0.128798 0.154825 0.116435 0.116668 0.178324 0.0916104 0.0841125 0.223996 0.26209 0.181112 0.262682 0.180845 0.17831 0.15668 0.310001 0.19779 0.147132 0.140033 0.170642 0.17636 0.245445 0.313961
threshold=20.062500000000004 25.225000000000005 25.916666666666671 21.500000000000004 0.08953465439272236 0.14311689071767261 19.94999980926514 16.783004760742191 0.050000000000000037 20.781746864318851 0.79736676812171947 0.0011787332690040566 18.139524459838871 0.65781536698341381 1.0000000180025095e-35 0.47140522301197058 0.86166666666666691 0.42957974970340734 0.61100000000000021 0.72275841236114513 -0.10604815631061267 458.95000000000005 224.60000000000002 0.51376557350158703 0.38775168359279638 1.2326803207397463 0.26491260528564459 0.15171186625957492 24.500000000000004 51.500000000000007
decision_type=10 8 8 10 8 8 10 10 10 10 10 10 10 10 2 10 8 10 8 8 10 2 2 10 10 10 10 10 2 2
left_child=3 -2 -3 6 13 -6 10 -8 9 -9 14 12 -12 -4 -1 17 19 24 -19 20 -17 22 23 -22 25 26 27 -16 -29 -30
right_child=1 2 4 -5 5 -7 7 8 -10 -11 11 -13 -14 -15 15 16 -18 18 -20 -21 21 -23 -24 -25 -26 -27 -28 28 29 -31
leaf_value=-1.6810999051547155e-05 0.0019908415391931638 -0.001527952378177748 0.00087287383118214506 0.0012973588308293933 0.002408221369107975 0.0001703752553126273 0.00089601853313312548 -0.00066550834316082982 -1.712874574586749e-05 -0.0031822064203548836 -0.0010022459448373411 0.0021446543745696546 0.0016264525341490904 -0.00055905136521008003 2.6101163882058189e-05 -0.00076142371828992548 0.0023780923723445637 -8.2677344686737643e-05 -0.00310738796798978 -0.0015015186450058004 -0.00017911766964550079 0.0015651246315093747 -0.0019620232110799745 0.0016706708190335042 0.0018263381759503058 0.0012522515972404806 -0.00065857519882855107 0.00025001471443254942 0.0031396989092063992 4.9584619129814628e-05
leaf_weight=62494 51 61 78 73 56 52 45 44 50 44 48 44 45 83 8934 76 69 73 40 41 95 157 43 115 42 86 308 456 67 53
leaf_count=62494 51 61 78 73 56 52 45 44 50 44 48 44 45 83 8934 76 69 73 40 41 95 157 43 115 42 86 308 456 67 53
internal_value=3.06526e-13 0.000455986 0.000218781 -2.36233e-06 0.00061488 0.00133074 -3.65376e-06 -0.000709481 -0.00123301 -0.00192386 -1.89126e-06 0.000871878 0.000269705 0.000134676 -3.52773e-06 7.43816e-05 0.000639474 4.08997e-05 -0.00115337 0.000411837 0.000573252 0.000820655 0.000358672 0.000833862 5.44682e-05 4.69542e-05 3.63965e-05 5.89046e-05 0.000567699 0.0017749
internal_weight=73923 381 330 73542 269 108 73469 183 138 88 73286 137 93 161 73149 10655 596 10059 113 527 486 410 253 210 9946 9904 9818 9510 576 120
internal_count=73923 381 330 73542 269 108 73469 183 138 88 73286 137 93 161 73149 10655 596 10059 113 527 486 410 253 210 9946 9904 9818 9510 576 120
is_linear=0
shrinkage=0.03


Tree=180
num_leaves=31
num_cat=0
split_feature=33 35 29 34 50 14 61 37 17 50 51 30 30 10 8 10 12 73 56 35 15 63 34 53 26 34 22 59 27 17
split_gain=0.0866816 0.151564 0.23046 0.169692 0.15592 0.129673 0.129181 0.220256 0.197197 0.133403 0.158901 0.153833 0.176031 0.15296 0.134784 0.146756 0.131641 0.123806 0.134458 0.121962 0.255872 0.158619 0.147041 0.187183 0.135468 0.133493 0.127094 0.124564 0.113826 0.129433
threshold=0.069047622382640853 0.64785373210906994 17.10000038146973 17.576340675354007 0.36241255700588232 0.22500000000000003 3.1666666666666674 0.18799009174108508 22.500000000000004 0.90000000596046459 0.14814816415309909 16.16250038146973 13.937500000000002 0.53021175611537064 0.13900000000000007 0.37561881188118817 0.2756980680204596 874.75000000000011 26.466705230863482 0.26316909492015844 0.19925915340528022 0.062624772379591728 11.008196830749513 27.500000000000004 21.500000000000004 10.074536800384523 43.500000000000007 0.4692497612904965 11.500000000000002 11.500000000000002
decision_type=10 10 10 10 10 10 8 8 2 10 10 10 10 10 10 8 10 2 10 10 10 8 10 8 2 10 2 10 10 2
left_child=1 3 -3 4 19 -2 7 -7 -9 10 11 12 14 -13 15 -8 -12 18 -18 22 21 26 -1 -24 -23 -26 27 28 29 -21
right_child=5 2 -4 -5 -6 6 9 8 -10 -11 16 13 -14 -15 -16 -17 17 -19 -20 20 -22 24 23 -25 25 -27 -28 -29 -30 -31
leaf_value=-3.0489818093545207e-05 1.7594960639897072e-05 -0.0022187548008760515 0.00018999629809210696 0.0018345238048244606 0.0008122257350915617 0.00026915010741584327 0.0025466904057507883 0.0034827013996740182 0.00060648039096920954 -0.0011748083789761251 0.0024514569010217345 -0.0024796536150388415 0.0015802162882264147 9.7762050193756124e-05 6.3498801052868048e-05 5.341672062397349e-05 0.0014169725449979663 0.0020842739307554438 -0.00049156190178346936 -0.0016554304369424773 -0.0027989408889552577 0.0018608466413570566 0.0027100076204224022 -0.00015751673025079071 -0.0013805749667517376 0.001070381200290285 0.00026579024227844043 0.00051654827955644573 -0.0025406647232525488 0.00013442289682903457
leaf_weight=37609 32695 71 72 44 197 182 42 45 41 65 43 40 77 43 1841 43 52 40 92 86 40 48 40 42 40 40 99 40 51 63
leaf_count=37609 32695 71 72 44 197 182 42 45 41 65 43 40 77 43 1841 43 52 40 92 86 40 48 40 42 40 40 99 40 51 63
internal_value=1.01437e-12 -3.10915e-05 -0.00100596 -2.74648e-05 -2.95987e-05 3.39428e-05 0.000235943 0.000860345 0.00211148 0.000165573 0.000203241 0.000121215 0.000173657 -0.00114437 0.000117424 0.00128539 0.000957015 0.000607771 0.000197631 -3.39402e-05 -0.000496138 -0.000298896 -2.7723e-05 0.00124128 0.000600882 -0.000155097 -0.000638635 -0.00101171 -0.00131736 -0.000898647
internal_weight=73923 38582 143 38439 38395 35341 2646 268 86 2378 2313 2086 2003 83 1926 85 227 184 144 38198 507 467 37691 82 128 80 339 240 200 149
internal_count=73923 38582 143 38439 38395 35341 2646 268 86 2378 2313 2086 2003 83 1926 85 227 184 144 38198 507 467 37691 82 128 80 339 240 200 149
is_linear=0
shrinkage=0.03


Tree=181
num_leaves=31
num_cat=0
split_feature=27 15 63 58 33 26 8 35 13 60 27 57 62 58 55 59 8 59 10 63 59 58 62 55 14 6 71 40 8 59
split_gain=0.0849183 0.163337 0.126727 0.116083 0.113849 0.0817525 0.11266 0.117729 0.26372 0.236318 0.209274 0.222184 0.203898 0.312564 0.187102 0.164885 0.162275 0.239021 0.192884 0.330053 0.182707 0.226206 0.174215 0.292148 0.209934 0.252453 0.220018 0.203573 0.328186 0.191191
threshold=26.500000000000004 0.09117600342164299 -0.010845667827105469 0.47984688567956452 20.038461685180668 16.500000000000004 0.11291666666666669 0.18834459781646731 1.5000000000000002 4.166666666666667 7.0708811283111581 25.720779220779225 26.708333333333339 0.43603832670593085 28.225000000000005 0.39997899272251997 0.62225000000000019 0.35258285817581697 0.31514294222751643 -0.13313302346168032 0.44463494853316204 0.41899892842172232 31.916666666666671 31.450000000000003 -0.019999999999999931 0.56500000000000006 8.5000000000000018 0.21171425282955172 0.25900000000000012 0.36370671172857316
decision_type=10 10 10 10 10 2 8 10 8 8 10 8 8 10 8 10 10 10 8 10 10 10 10 10 8 10 2 10 10 10
left_child=5 2 -2 -4 -5 6 -1 -8 16 -10 11 -11 -12 -14 15 -13 18 -18 19 -9 21 -19 24 -24 25 -20 27 28 -26 -29
right_child=1 -3 3 4 -6 -7 7 8 9 10 12 14 13 -15 -16 -17 17 20 22 -21 -22 -23 23 -25 26 -27 -28 29 -30 -31
leaf_value=0.00021166206558510762 0.0015632451472005675 0.0018301698798313735 -0.0012333434374321864 0.0015494483446569314 -0.00063420266803322276 -2.2393823073191665e-05 -1.5339873683503426e-05 0.0022274121458642185 -0.0016244288926426289 -0.0010989943426577564 -0.0017189758560620246 0.0008922976856727315 0.0016272944011725484 -0.0015187946007871585 -0.00013585676982377966 0.0035259134494699538 0.0014217645595343059 -0.00029994119890340554 0.00083226253021314537 -0.00034446280636724882 0.00026870860709538177 -0.0021326936779248141 0.0037106591301354847 0.00031669827271252869 0.0021884293263941469 0.0031421787053456198 -0.00081000314566737671 -0.00056546241337914144 -0.00056982081607830797 0.00052839555642464743
leaf_weight=3187 42 66 67 42 44 51878 15467 50 116 49 100 46 60 54 54 40 77 190 258 441 222 89 42 50 132 51 134 186 55 634
leaf_count=3187 42 66 67 42 44 51878 15467 50 116 49 100 46 60 54 54 40 77 190 258 441 222 89 42 50 132 51 134 186 55 634
internal_value=-7.4568e-13 0.000540174 0.00010356 -0.000297138 0.000432232 -1.91395e-06 4.68583e-05 1.86156e-05 0.000186408 -0.00043124 -8.77905e-05 0.000639657 -0.000730256 0.000137042 0.00124819 0.00211724 0.00030918 -0.000134376 0.000435287 -8.25611e-05 -0.000373543 -0.000884583 0.000600179 0.00186612 0.000519858 0.00121351 0.000332006 0.000483971 0.00137718 0.000280277
internal_weight=73923 261 195 153 86 73662 21784 18597 3130 519 403 189 214 114 140 86 2611 578 2033 491 501 279 1542 92 1450 309 1141 1007 187 820
internal_count=73923 261 195 153 86 73662 21784 18597 3130 519 403 189 214 114 140 86 2611 578 2033 491 501 279 1542 92 1450 309 1141 1007 187 820
is_linear=0
shrinkage=0.03


Tree=182
num_leaves=31
num_cat=0
split_feature=34 11 30 29 26 54 41 63 14 57 58 55 38 6 51 7 75 41 58 74 29 17 10 67 31 53 66 37 57 29
split_gain=0.0822079 0.129448 0.147624 0.333689 0.105205 0.103796 0.259029 0.136234 0.132009 0.132231 0.128354 0.117812 0.210313 0.157293 0.161245 0.117359 0.108961 0.115476 0.10383 0.110708 0.118193 0.177717 0.236763 0.151731 0.198278 0.100089 0.0972498 0.0955195 0.160353 0.180767
threshold=14.961679458618166 0.18989820853641995 12.062500000000002 10.09999990463257 121.50000000000001 20.833333333333339 0.72275841236114513 -0.077691743854540432 -0.070000000000000034 33.408333333333339 0.36345161940347787 22.900000000000002 0.63614979386329662 0.40500000000000008 0.58179834485054027 0.31833333333333341 2.5000000000000004 0.54210546612739574 0.55135308001113714 1981.2 17.899999618530277 32.500000000000007 0.64116499442586405 5.5000000000000009 20.663332939147953 19.500000000000004 47.500000000000007 0.47656963765621191 27.730303030303034 18.10000038146973
decision_type=8 8 8 10 2 8 8 10 8 10 10 8 8 8 8 10 2 10 10 2 10 2 8 10 10 10 10 10 8 10
left_child=-1 -2 3 25 5 6 -4 -8 9 10 -7 12 -10 15 -15 -13 18 -18 19 20 -16 22 -22 -24 -25 -3 -14 -12 -29 -30
right_child=1 2 4 -5 -6 8 7 -9 11 -11 27 13 26 14 16 -17 17 -19 -20 -21 21 -23 23 24 -26 -27 -28 28 29 -31
leaf_value=-6.5797450335140406e-06 -0.001239512097682425 0.0011806289795894434 -0.001524780038562646 0.0022078103034544995 -0.0012906877129794435 -0.00065888152178053539 0.0013277201152498454 -0.00081197971932936539 0.0027141526664561798 -0.001042242155115052 0.0020366818788706471 -0.00037821892680277904 -0.00087604071800402984 -0.0012106138302220239 0.00045086273391599672 -0.0022264980596744203 0.00042105471938460443 -0.001555915432337385 0.0011502346448607073 -0.00095026509958858558 -0.0021564268175714107 0.00065579592597336974 0.00056574038293131981 -0.002082822498837753 0.00055935473205532952 -0.0005425764938355288 0.00092177043545662478 0.0013209519525469978 -0.00082498478248568352 0.00094691800131266443
leaf_weight=70858 59 43 109 101 47 54 71 43 41 41 57 104 45 81 792 44 45 65 103 76 67 159 127 61 44 103 68 206 95 114
leaf_count=70858 59 43 109 101 47 54 71 43 41 41 57 104 45 81 792 44 45 65 103 76 67 159 127 61 44 103 68 206 95 114
internal_value=1.25923e-13 0.000152113 0.000179427 0.000882067 0.000116523 0.000140911 -0.000479139 0.00052064 0.000196464 0.000598713 0.000726621 7.77982e-05 0.000873629 8.4781e-06 9.40062e-05 -0.000927707 0.00016267 -0.000747155 0.000232706 0.000161435 0.000229026 -0.000154586 -0.000585526 -0.00013186 -0.000975624 -3.50571e-05 0.000205828 0.000885131 0.000726967 0.000141508
internal_weight=73923 3065 3006 247 2759 2712 223 114 2489 567 526 1922 154 1768 1620 148 1539 110 1429 1326 1250 458 299 232 105 146 113 472 415 209
internal_count=73923 3065 3006 247 2759 2712 223 114 2489 567 526 1922 154 1768 1620 148 1539 110 1429 1326 1250 458 299 232 105 146 113 472 415 209
is_linear=0
shrinkage=0.03


end of trees

feature_importances:
player_carries_career_prior=341
role_prior_offense_snap_pct=335
player_carries_season_to_date=267
player_carry_share_lag1=253
player_carry_share_ewm3=229
role_teammate_unavailable_snap_share_position=215
role_snap_share_change=193
role_depth_rank_pregame=179
player_carry_share_season_to_date=179
team_rush_attempts_season_to_date=172
role_snap_pct_roll5=170
player_carries_roll8_mean=153
history_history_games=140
player_carries_ewm5=130
player_carries_ewm3=119
player_carry_share_career_prior=112
player_carry_share_ewm5=111
role_snap_pct_ewm5=97
team_rush_attempts_ewm5=96
role_participation_roll3=90
role_games_with_current_team_before_game=90
player_carry_share_roll8_mean=90
player_carries_lag1=89
matchup_rush_rate_vs_opponent=85
role_snap_pct_roll3=82
role_participation_change=79
team_rush_attempts_lag1=77
role_prior_offense_participation=75
player_carries_roll5_mean=74
player_carry_share_roll3_mean=74
team_rush_attempts_roll5_mean=66
environment_temperature=66
team_rush_rate_roll3_mean=63
team_rush_rate_roll5_mean=62
matchup_expected_team_rush_attempts=62
player_carries_roll3_mean=58
role_participation_roll5=54
role_teammate_out_count_position=52
role_role_history_games=47
player_carry_share_roll5_mean=47
environment_opponent_miles_traveled=46
team_rush_attempts_roll3_mean=41
environment_wind=36
environment_team_miles_traveled=36
role_depth_rank_change=32
player_goal_line_carries_ewm5=31
environment_team_rest_days=29
player_red_zone_carries_lag1=27
role_starter_promotion_flag=25
role_injury_questionable_flag=24
player_red_zone_carries_roll5_mean=24
player_red_zone_carries_season_to_date=23
environment_divisional_game_flag=20
player_red_zone_carries_ewm5=19
player_goal_line_carries_season_to_date=17
team_red_zone_rush_attempts_roll3_mean=14
player_red_zone_carries_roll3_mean=13
environment_opponent_time_zones_crossed=12
player_goal_line_carries_roll5_mean=11
team_goal_line_rush_attempts_roll3_mean=10
player_goal_line_carries_roll3_mean=8
environment_team_time_zones_crossed=8
environment_opponent_rest_days=5
role_starter_demotion_flag=2
player_goal_line_carries_lag1=2
home_flag=1
history_no_nfl_history_flag=1

parameters:
[boosting: gbdt]
[objective: regression]
[metric: rmse]
[tree_learner: serial]
[device_type: cpu]
[data_sample_strategy: bagging]
[data: ]
[valid: ]
[num_iterations: 183]
[learning_rate: 0.03]
[num_leaves: 31]
[num_threads: 1]
[seed: 22022]
[deterministic: 1]
[force_col_wise: 1]
[force_row_wise: 0]
[histogram_pool_size: -1]
[max_depth: -1]
[min_data_in_leaf: 40]
[min_sum_hessian_in_leaf: 0.001]
[bagging_fraction: 1]
[pos_bagging_fraction: 1]
[neg_bagging_fraction: 1]
[bagging_freq: 0]
[bagging_seed: 22022]
[bagging_by_query: 0]
[feature_fraction: 1]
[feature_fraction_bynode: 1]
[feature_fraction_seed: 22022]
[extra_trees: 0]
[extra_seed: 11490]
[early_stopping_round: 0]
[early_stopping_min_delta: 0]
[first_metric_only: 0]
[max_delta_step: 0]
[lambda_l1: 0]
[lambda_l2: 0]
[linear_lambda: 0]
[min_gain_to_split: 0]
[drop_rate: 0.1]
[max_drop: 50]
[skip_drop: 0.5]
[xgboost_dart_mode: 0]
[uniform_drop: 0]
[drop_seed: 13414]
[top_rate: 0.2]
[other_rate: 0.1]
[min_data_per_group: 100]
[max_cat_threshold: 32]
[cat_l2: 10]
[cat_smooth: 10]
[max_cat_to_onehot: 4]
[top_k: 20]
[monotone_constraints: ]
[monotone_constraints_method: basic]
[monotone_penalty: 0]
[feature_contri: ]
[forcedsplits_filename: ]
[refit_decay_rate: 0.9]
[cegb_tradeoff: 1]
[cegb_penalty_split: 0]
[cegb_penalty_feature_lazy: ]
[cegb_penalty_feature_coupled: ]
[path_smooth: 0]
[interaction_constraints: ]
[verbosity: -1]
[saved_feature_importance_type: 0]
[use_quantized_grad: 0]
[num_grad_quant_bins: 4]
[quant_train_renew_leaf: 0]
[stochastic_rounding: 1]
[linear_tree: 0]
[max_bin: 255]
[max_bin_by_feature: ]
[min_data_in_bin: 3]
[bin_construct_sample_cnt: 200000]
[data_random_seed: 22022]
[is_enable_sparse: 1]
[enable_bundle: 1]
[use_missing: 1]
[zero_as_missing: 0]
[feature_pre_filter: 1]
[pre_partition: 0]
[two_round: 0]
[header: 0]
[label_column: ]
[weight_column: ]
[group_column: ]
[ignore_column: ]
[categorical_feature: ]
[forcedbins_filename: ]
[precise_float_parser: 0]
[parser_config_file: ]
[objective_seed: 8637]
[num_class: 1]
[is_unbalance: 0]
[scale_pos_weight: 1]
[sigmoid: 1]
[boost_from_average: 1]
[reg_sqrt: 0]
[alpha: 0.9]
[fair_c: 1]
[poisson_max_delta_step: 0.7]
[tweedie_variance_power: 1.5]
[lambdarank_truncation_level: 30]
[lambdarank_norm: 1]
[label_gain: ]
[lambdarank_position_bias_regularization: 0]
[eval_at: ]
[multi_error_top_k: 1]
[auc_mu_weights: ]
[num_machines: 1]
[local_listen_port: 12400]
[time_out: 120]
[machine_list_filename: ]
[machines: ]
[gpu_platform_id: -1]
[gpu_device_id: -1]
[gpu_use_dp: 0]
[num_gpu: 1]

end of parameters

pandas_categorical:[]
