league,market_type,bucket_dimension,bucket,bets,wins,losses,pushes,total,win_pct,units_flat,roi_flat,units_kelly,roi_kelly,avg_ev,avg_edge_vs_market_pp,avg_kelly_pct,avg_model_prob,avg_odds_american
wnba,moneyline,dow,FRI,22,8,14,0,22,0.3636,8.3901,0.3814,0.325146,0.7735,0.2658,6.7148,0.0774,0.3392,304.9
wnba,moneyline,dow,MON,7,3,4,0,7,0.4286,1.4881,0.2126,-0.020334,-0.274,0.1308,4.0408,0.0424,0.3379,269.7
wnba,moneyline,dow,SAT,15,10,5,0,15,0.6667,15.7656,1.051,0.184458,0.5467,0.1752,6.6752,0.0925,0.4524,119.9
wnba,moneyline,dow,SUN,35,9,26,0,35,0.2571,-9.3258,-0.2665,-0.039101,-0.0636,0.2134,6.308,0.0778,0.3669,257.9
wnba,moneyline,dow,THU,21,12,9,0,21,0.5714,23.4398,1.1162,0.386963,1.123,0.225,5.6154,0.0656,0.3605,285.1
wnba,moneyline,dow,TUE,29,15,14,0,29,0.5172,19.5363,0.6737,0.21351,0.46,0.1736,5.6589,0.0653,0.3608,255.3
wnba,moneyline,dow,WED,22,6,16,0,22,0.2727,-2.61,-0.1186,-0.097074,-0.2131,0.2223,6.8249,0.0847,0.3488,283.5
