league,market_type,bucket_dimension,bucket,bets,wins,losses,pushes,total,win_pct,units_flat,roi_flat,units_kelly,roi_kelly,avg_ev,avg_edge_vs_market_pp,avg_kelly_pct,avg_model_prob,avg_odds_american
wnba,moneyline,ev,0.00_to_0.0099,6,5,1,0,6,0.8333,3.4282,0.5714,0.00395,0.5995,0.0039,2.098,0.0044,0.4962,42.5
wnba,moneyline,ev,0.01_to_0.0199,7,6,1,0,7,0.8571,5.0842,0.7263,0.00947,0.1601,0.0154,3.2155,0.0338,0.6157,-133.6
wnba,moneyline,ev,0.02_to_0.0299,6,3,3,0,6,0.5,0.9489,0.1581,-0.001713,-0.0388,0.026,3.0975,0.0294,0.5103,-22.2
wnba,moneyline,ev,0.03_to_0.0399,7,4,3,0,7,0.5714,2.3577,0.3368,0.018859,0.2164,0.0342,3.2311,0.0527,0.4716,43.1
wnba,moneyline,ev,0.04_to_0.0499,2,1,1,0,2,0.5,1.0,0.5,0.006424,0.5736,0.0464,2.7451,0.0224,0.3405,207.5
wnba,moneyline,ev,0.05_to_0.0749,8,3,5,0,8,0.375,-2.1482,-0.2685,-0.030576,-0.1837,0.0612,5.0506,0.0832,0.5493,5.0
wnba,moneyline,ev,0.075_to_0.0999,8,6,2,0,8,0.75,5.9967,0.7496,0.102001,0.8021,0.0829,4.8982,0.0636,0.4556,117.4
wnba,moneyline,ev,0.10_plus,39,20,19,0,39,0.5128,39.05,1.0013,0.894804,0.7693,0.3248,9.4664,0.1229,0.3801,285.8
