league,market_type,bucket_dimension,bucket,bets,wins,losses,pushes,total,win_pct,units_flat,roi_flat,units_kelly,roi_kelly,avg_ev,avg_edge_vs_market_pp,avg_kelly_pct,avg_model_prob,avg_odds_american
wnba,moneyline,dow,FRI,15,10,5,0,15,0.6667,16.0801,1.072,0.380906,1.2332,0.1998,7.0034,0.0837,0.4401,171.7
wnba,moneyline,dow,MON,3,2,1,0,3,0.6667,-0.0952,-0.0317,0.017088,0.3491,0.0858,4.5479,0.0653,0.5397,30.3
wnba,moneyline,dow,SAT,9,7,2,0,9,0.7778,8.7656,0.974,0.223631,0.95,0.1806,7.217,0.107,0.5302,6.6
wnba,moneyline,dow,SUN,16,4,12,0,16,0.25,-5.1391,-0.3212,-0.042272,-0.1273,0.1875,6.5412,0.0879,0.451,151.3
wnba,moneyline,dow,THU,12,9,3,0,12,0.75,17.3698,1.4475,0.208355,1.0349,0.1623,5.3437,0.0671,0.4501,161.3
wnba,moneyline,dow,TUE,18,11,7,0,18,0.6111,13.5063,0.7504,0.211831,0.807,0.128,5.2069,0.0583,0.4114,166.2
wnba,moneyline,dow,WED,10,5,5,0,10,0.5,5.23,0.523,0.003681,0.0133,0.2307,8.4413,0.1144,0.4178,195.4
