league,market_type,bucket_dimension,bucket,bets,wins,losses,pushes,total,win_pct,units_flat,roi_flat,units_kelly,roi_kelly,avg_ev,avg_edge_vs_market_pp,avg_kelly_pct,avg_model_prob,avg_odds_american
wnba,moneyline,win_prob,0.20_to_0.30,12,7,5,0,12,0.5833,23.72,1.9767,0.495784,2.2704,0.3381,6.7866,0.0728,0.2721,394.4
wnba,moneyline,win_prob,0.30_to_0.40,22,10,12,0,22,0.4545,12.65,0.575,0.30296,0.7684,0.1846,6.278,0.0717,0.3527,236.5
wnba,moneyline,win_prob,0.40_to_0.50,21,13,8,0,21,0.619,11.1,0.5286,0.12571,0.2906,0.1513,6.6842,0.0834,0.4451,159.9
wnba,moneyline,win_prob,0.50_to_0.60,10,6,4,0,10,0.6,2.1352,0.2135,0.044141,0.2243,0.1123,6.8438,0.0888,0.5423,43.5
wnba,moneyline,win_prob,0.60_to_0.70,7,5,2,0,7,0.7143,1.1368,0.1624,0.01875,0.1101,0.0719,6.235,0.1001,0.6501,-157.4
wnba,moneyline,win_prob,0.70_to_0.80,5,3,2,0,5,0.6,-0.9649,-0.193,-0.011492,-0.0829,0.0405,5.7677,0.1109,0.7636,-277.0
wnba,moneyline,win_prob,0.80_to_0.90,3,3,0,0,3,1.0,0.6204,0.2068,0.014225,0.1882,0.0201,4.893,0.1076,0.846,-493.3
wnba,moneyline,win_prob,below_0.20,3,1,2,0,3,0.3333,5.32,1.7733,0.013143,0.3421,0.4183,5.0152,0.0512,0.1637,755.7
