league,market_type,bucket_dimension,bucket,bets,wins,losses,pushes,total,win_pct,units_flat,roi_flat,units_kelly,roi_kelly,avg_ev,avg_edge_vs_market_pp,avg_kelly_pct,avg_model_prob,avg_odds_american
wnba,moneyline,odds,minus_100_to_plus_100,1,1,0,0,1,1.0,1.0,1.0,0.001,1.0,0.004,2.3739,0.004,0.502,100.0
wnba,moneyline,odds,minus_124_to_minus_110,2,2,0,0,2,1.0,1.6667,0.8333,0.021575,0.8333,0.0431,4.7261,0.0518,0.569,-120.0
wnba,moneyline,odds,minus_149_to_minus_125,5,2,3,0,5,0.4,-1.4481,-0.2896,-0.028739,-0.2416,0.077,6.558,0.099,0.6114,-131.6
wnba,moneyline,odds,minus_199_to_minus_150,4,3,1,0,4,0.75,0.6701,0.1675,0.008329,0.2099,0.0231,3.4373,0.0397,0.6492,-174.2
wnba,moneyline,odds,minus_200_or_lower,7,6,1,0,7,0.8571,0.6554,0.0936,0.034295,0.1877,0.0301,5.306,0.1073,0.8019,-375.0
wnba,moneyline,odds,plus_101_to_plus_125,5,3,2,0,5,0.6,1.5,0.3,0.006941,0.1163,0.0543,4.3193,0.0477,0.491,115.0
wnba,moneyline,odds,plus_126_to_plus_150,8,5,3,0,8,0.625,3.95,0.4938,0.102239,0.4816,0.1999,9.7024,0.1435,0.5026,138.8
wnba,moneyline,odds,plus_151_to_plus_200,16,8,8,0,16,0.5,5.44,0.34,0.06251,0.1895,0.1404,6.4591,0.0839,0.4235,170.4
wnba,moneyline,odds,plus_201_or_higher,102,33,69,0,102,0.3235,44.25,0.4338,0.780394,0.4575,0.25,6.0605,0.0673,0.282,372.2
