league,market_type,bucket_dimension,bucket,bets,wins,losses,pushes,total,win_pct,units_flat,roi_flat,units_kelly,roi_kelly,avg_ev,avg_edge_vs_market_pp,avg_kelly_pct,avg_model_prob,avg_odds_american
wnba,moneyline,win_prob,0.20_to_0.30,58,18,40,0,58,0.3103,28.99,0.4998,0.566142,0.6255,0.2859,5.8629,0.0624,0.254,414.2
wnba,moneyline,win_prob,0.30_to_0.40,36,14,22,0,36,0.3889,12.03,0.3342,0.263445,0.4427,0.1679,5.8585,0.0661,0.3465,238.1
wnba,moneyline,win_prob,0.40_to_0.50,23,12,11,0,23,0.5217,7.25,0.3152,0.062895,0.1209,0.1664,7.1825,0.0921,0.4437,163.7
wnba,moneyline,win_prob,0.50_to_0.60,11,6,5,0,11,0.5455,0.9685,0.088,-0.017852,-0.0774,0.1216,7.249,0.0963,0.5541,9.1
wnba,moneyline,win_prob,0.60_to_0.70,7,5,2,0,7,0.7143,1.9201,0.2743,0.070829,0.3734,0.1399,8.6759,0.1376,0.6483,-115.3
wnba,moneyline,win_prob,0.70_to_0.80,4,3,1,0,4,0.75,0.0351,0.0088,0.02007,0.1874,0.0375,5.6158,0.1071,0.7687,-286.2
wnba,moneyline,win_prob,0.80_to_0.90,3,3,0,0,3,1.0,0.6204,0.2068,0.014225,0.1882,0.0201,4.893,0.1076,0.846,-493.3
wnba,moneyline,win_prob,below_0.20,9,2,7,0,9,0.2222,4.87,0.5411,-0.026186,-0.2989,0.2805,3.9262,0.0389,0.1674,668.9
