league,market_type,bucket_dimension,bucket,bets,wins,losses,pushes,total,win_pct,units_flat,roi_flat,units_kelly,roi_kelly,avg_ev,avg_edge_vs_market_pp,avg_kelly_pct,avg_model_prob,avg_odds_american
wnba,moneyline,ev,0.00_to_0.0099,5,3,2,0,5,0.6,0.2782,0.0556,0.00195,0.3495,0.0043,1.9287,0.0045,0.4616,55.4
wnba,moneyline,ev,0.01_to_0.0199,9,7,2,0,9,0.7778,7.0742,0.786,0.011942,0.1953,0.0148,2.7726,0.0272,0.5321,-31.8
wnba,moneyline,ev,0.02_to_0.0299,7,3,4,0,7,0.4286,-0.0511,-0.0073,-0.01083,-0.2033,0.0261,3.1894,0.0304,0.5217,-38.3
wnba,moneyline,ev,0.03_to_0.0399,8,5,3,0,8,0.625,6.9077,0.8635,0.026934,0.3029,0.034,2.9872,0.047,0.4359,94.6
wnba,moneyline,ev,0.04_to_0.0499,2,1,1,0,2,0.5,1.0,0.5,0.006424,0.5736,0.0464,2.7451,0.0224,0.3405,207.5
wnba,moneyline,ev,0.05_to_0.0749,12,7,5,0,12,0.5833,5.0051,0.4171,0.059806,0.3222,0.0655,4.3663,0.0619,0.458,103.2
wnba,moneyline,ev,0.075_to_0.0999,17,8,9,0,17,0.4706,7.04,0.4141,0.08935,0.4922,0.0858,3.9091,0.0427,0.3512,239.6
wnba,moneyline,ev,0.10_plus,91,29,62,0,91,0.3187,29.43,0.3234,0.767992,0.3616,0.3139,7.9554,0.0975,0.3162,360.9
