league,market_type,bucket_dimension,bucket,bets,wins,losses,pushes,total,win_pct,units_flat,roi_flat,units_kelly,roi_kelly,avg_ev,avg_edge_vs_market_pp,avg_kelly_pct,avg_model_prob,avg_odds_american
wnba,moneyline,odds,minus_100_to_plus_100,2,2,0,0,2,1.0,2.0,1.0,0.0325,1.0,0.065,5.4239,0.065,0.5325,100.0
wnba,moneyline,odds,minus_124_to_minus_110,1,1,0,0,1,1.0,0.8333,0.8333,0.005746,0.8333,0.023,3.6261,0.0276,0.558,-120.0
wnba,moneyline,odds,minus_149_to_minus_125,4,2,2,0,4,0.5,-0.4481,-0.112,-0.019621,-0.1787,0.0894,7.2623,0.1146,0.6168,-130.8
wnba,moneyline,odds,minus_199_to_minus_150,5,4,1,0,5,0.8,1.3368,0.2674,0.02875,0.4089,0.0349,4.1332,0.0562,0.6492,-169.4
wnba,moneyline,odds,minus_200_or_lower,8,6,2,0,8,0.75,-0.3446,-0.0431,0.002733,0.0128,0.0329,5.4397,0.1097,0.7945,-358.1
wnba,moneyline,odds,plus_101_to_plus_125,7,5,2,0,7,0.7143,3.65,0.5214,0.009654,0.161,0.0381,3.6697,0.0343,0.4914,111.4
wnba,moneyline,odds,plus_126_to_plus_150,5,3,2,0,5,0.6,2.2,0.44,0.064089,0.6392,0.1345,6.9299,0.0959,0.471,141.0
wnba,moneyline,odds,plus_151_to_plus_200,13,7,6,0,13,0.5385,5.58,0.4292,0.06962,0.2343,0.1545,7.0166,0.0932,0.433,167.6
wnba,moneyline,odds,plus_201_or_higher,38,18,20,0,38,0.4737,40.91,1.0766,0.809749,1.0464,0.2775,7.1397,0.082,0.3178,329.4
