game_id,season,game_type,week,gameday,weekday,gametime,away_team,home_team,away_score,home_score,location,away_rest,home_rest,away_moneyline,home_moneyline,spread_line,away_spread_odds,home_spread_odds,total_line,under_odds,over_odds,div_game,roof,surface,temp,wind,away_qb_id,home_qb_id,away_qb_name,home_qb_name,away_coach,home_coach,stadium_id,stadium,drat_away_prob,drat_home_prob,drat_away_moneyline,drat_home_moneyline,drat_away_spread,drat_home_spread,epred_matchupQuality,epred_home_prob,epred_away_prob,epred_tie_prob,epred_away_projected_pts,epred_home_projected_pts,epred_total_projected_pts,epred_home_PtDiff,epred_away_PtDiff,epred_home_rating,epred_away_rating
401326322,2021,REG,1,2021-09-09,Thursday,20:20,DAL,TB,29,31,Home,7,7,351,-425,10,-121,110,52.5,-108,-103,0,outdoors,grass ,82,9,00-0033077,00-0019596,Dak Prescott,Tom Brady,Mike McCarthy,Bruce Arians,TAM00,Raymond James Stadium,0.3000,0.7000,+375,-430,+9½-110,-9-110,84.938,0.6995,0.2980,0.0023,18.68,33.82,52.50,7.572,-7.572,8.245,5.383
401326308,2021,REG,1,2021-09-12,Sunday,13:00,PIT,BUF,23,16,Home,7,7,232,-267,6.5,-110,-100,48,-114,103,0,outdoors,a_turf,73,17,00-0022924,00-0034857,Ben Roethlisberger,Josh Allen,Mike Tomlin,Sean McDermott,BUF00,New Era Field,0.3280,0.6720,+240,-260,+6½-110,-6-110,59.88,0.6787,0.3187,0.0025,17.02,30.48,47.50,6.726,-6.726,8.594,-1.471
401326309,2021,REG,1,2021-09-12,Sunday,13:00,NYJ,CAR,14,19,Home,7,7,164,-184,3.5,-108,-102,44.5,-107,-104,0,outdoors,grass ,81,0,00-0037013,00-0034869,Zach Wilson,Sam Darnold,Robert Saleh,Matt Rhule,CAR00,Bank of America Stadium,0.3590,0.6410,+165,-174,+3½-110,-3½+100,17.62,0.6574,0.3398,0.0027,16.37,28.14,44.50,5.885,-5.885,-4.474,-8.791
401326310,2021,REG,1,2021-09-12,Sunday,13:00,JAX,HOU,21,37,Home,7,7,-172,154,-3.5,103,-113,45.5,-107,-104,1,closed,astroturf,,,00-0036971,00-0028118,Trevor Lawrence,Tyrod Taylor,Urban Meyer,David Culley,HOU00,NRG Stadium,0.5540,0.4460,-165,+152,-3-120,+3½-110,2.446,0.4770,0.5191,0.0038,23.51,21.99,45.50,-0.758,0.758,-9.988,-8.536
401326311,2021,REG,1,2021-09-12,Sunday,13:00,ARI,TEN,38,13,Home,7,7,131,-146,2.5,105,-116,54,-103,-108,0,outdoors,grass ,82,8,00-0035228,00-0029701,Kyler Murray,Ryan Tannehill,Kliff Kingsbury,Mike Vrabel,NAS00,Nissan Stadium,0.4020,0.5980,+130,-145,+3-120,-2½-110,69.642,0.6357,0.3613,0.0029,21.95,32.05,54.00,5.047,-5.047,1.585,3.688
401326312,2021,REG,1,2021-09-12,Sunday,13:00,LAC,WAS,20,16,Home,7,7,117,-129,2.5,-109,-101,45.5,-115,103,0,outdoors,grass ,81,4,00-0036355,00-0023682,Justin Herbert,Ryan Fitzpatrick,Brandon Staley,Ron Rivera,WAS00,FedExField,0.4100,0.5900,+120,-130,+2-110,-2-110,49.024,0.5930,0.4037,0.0032,19.31,26.19,45.50,3.444,-3.444,-2.037,1.79
401326315,2021,REG,1,2021-09-12,Sunday,13:00,PHI,ATL,32,6,Home,7,7,161,-180,3.5,-109,-101,49,-108,-103,0,open,fieldturf,,,00-0036389,00-0026143,Jalen Hurts,Matt Ryan,Nick Sirianni,Arthur Smith,ATL97,Mercedes-Benz Stadium,0.3580,0.6420,+160,-170,+3½-110,-3-120,28.52,0.6321,0.3649,0.0029,19.34,29.16,48.50,4.908,-4.908,-5.502,0.155
401326316,2021,REG,1,2021-09-12,Sunday,13:00,MIN,CIN,24,27,Home,7,7,-135,122,-3,109,-120,47,102,-114,0,outdoors,fieldturf,81,15,00-0029604,00-0036442,Kirk Cousins,Joe Burrow,Mike Zimmer,Zac Taylor,CIN00,Paul Brown Stadium,0.6180,0.3820,-145,+135,-3+100,+3-110,59.262,0.4685,0.5277,0.0037,24.57,22.43,47.00,-1.068,1.068,1.619,0.988
401326317,2021,REG,1,2021-09-12,Sunday,13:00,SF,DET,41,33,Home,7,7,-415,344,-9.5,-105,-105,46,-103,-108,0,dome,fieldturf,,,00-0031345,00-0033106,Jimmy Garoppolo,Jared Goff,Kyle Shanahan,Dan Campbell,DET00,Ford Field,0.7150,0.2850,-420,+370,-9-110,+9½-110,43.489,0.3817,0.6152,0.0030,27.27,18.73,46.00,-4.27,4.27,-6.039,4.407
401326318,2021,REG,1,2021-09-12,Sunday,13:00,SEA,IND,28,16,Home,7,7,-146,132,-3,106,-117,49,-105,-106,0,closed,fieldturf,,,00-0029263,00-0032950,Russell Wilson,Carson Wentz,Pete Carroll,Frank Reich,IND00,Lucas Oil Stadium,0.4840,0.5160,-144,+140,-2½-110,+3-110,65.342,0.5268,0.4694,0.0037,23.47,25.54,49.00,1.035,-1.035,2.217,2.373
401326313,2021,REG,1,2021-09-12,Sunday,16:25,MIA,NE,17,16,Home,7,7,155,-173,3.5,-113,102,43.5,-114,103,1,outdoors,fieldturf,81,15,00-0036212,00-0036972,Tua Tagovailoa,Mac Jones,Brian Flores,Bill Belichick,BOS00,Gillette Stadium,0.3650,0.6350,+170,-185,+3½-110,-3½+100,57.213,0.5992,0.3975,0.0031,17.82,25.18,43.00,3.676,-3.676,4.991,-1.285
401326314,2021,REG,1,2021-09-12,Sunday,16:25,CLE,KC,29,33,Home,7,7,211,-241,5.5,-101,-110,54.5,-107,-105,0,outdoors,grass ,88,8,00-0034855,00-0033873,Baker Mayfield,Patrick Mahomes,Kevin Stefanski,Andy Reid,KAN00,GEHA Field at Arrowhead Stadium,0.2560,0.7440,+205,-235,+5½-110,-5-110,64.669,0.6764,0.3209,0.0025,20.62,33.88,54.50,6.634,-6.634,6.216,0.372
401326319,2021,REG,1,2021-09-12,Sunday,16:25,GB,NO,3,38,Neutral,7,7,-181,162,-4,103,-114,49,-110,-102,0,outdoors,grass ,86,9,00-0023459,00-0031503,Aaron Rodgers,Jameis Winston,Matt LaFleur,Sean Payton,JAX00,TIAA Bank Stadium,0.6440,0.3560,-185,+175,-3½-110,+3½+100,79.759,0.4452,0.5511,0.0035,26.42,22.59,49.00,-1.915,1.915,2.593,5.281
401326320,2021,REG,1,2021-09-12,Sunday,16:25,DEN,NYG,27,13,Home,7,7,-139,125,-3,109,-120,41.5,-105,-106,0,outdoors,fieldturf,82,19,00-0031237,00-0035710,Teddy Bridgewater,Daniel Jones,Vic Fangio,Joe Judge,NYC01,MetLife Stadium,0.5440,0.4560,-142,+135,-2½-110,+3-115,29.629,0.5299,0.4663,0.0037,19.60,21.90,41.50,1.147,-1.147,-5.536,0.478
401326323,2021,REG,1,2021-09-12,Sunday,20:20,CHI,LA,14,34,Home,7,7,324,-387,9.5,-108,-102,46,-107,-104,0,dome,matrixturf,,,00-0027973,00-0026498,Andy Dalton,Matthew Stafford,Matt Nagy,Sean McVay,LAX01,SoFi Stadium,0.2520,0.7480,+358,-380,+9½-110,-8-110,51.645,0.7117,0.2859,0.0023,14.92,31.08,46.00,8.079,-8.079,5.989,-3.967
401326321,2021,REG,1,2021-09-13,Monday,20:15,BAL,LV,27,33,Home,7,7,-167,149,-3,-116,105,50.5,-111,-100,0,dome,grass,,,00-0034796,00-0031280,Lamar Jackson,Derek Carr,John Harbaugh,Jon Gruden,VEG00,Allegiant Stadium,0.6910,0.3090,-160,+147,-3-110,+3+100,44.407,0.4249,0.5716,0.0034,27.91,22.59,50.50,-2.659,2.659,-2.433,1.007
401326127,2021,REG,2,2021-09-16,Thursday,20:20,NYG,WAS,29,30,Home,4,4,176,-198,4,-103,-107,42,-112,100,1,outdoors,grass ,71,0,00-0035710,00-0031800,Daniel Jones,Taylor Heinicke,Joe Judge,Ron Rivera,WAS00,FedExField,0.3250,0.6750,+180,-200,+4-110,-4-110,24.496,0.5599,0.4366,0.0035,18.31,22.70,41.00,2.195,-2.195,-2.937,-5.536
401326128,2021,REG,2,2021-09-19,Sunday,13:00,NO,CAR,7,26,Home,7,7,-145,131,-3,102,-113,45,-106,-105,1,outdoors,grass ,83,4,00-0031503,00-0034869,Jameis Winston,Sam Darnold,Sean Payton,Matt Rhule,CAR00,Bank of America Stadium,0.6100,0.3900,-150,+132,-3+100,+3-110,42.257,0.3951,0.6016,0.0031,26.21,18.80,45.00,-3.705,3.705,-4.474,2.593
401326129,2021,REG,2,2021-09-19,Sunday,13:00,CIN,CHI,17,20,Home,7,7,114,-126,2,-105,-105,44.5,-107,-104,0,outdoors,grass ,80,0,00-0036442,00-0027973,Joe Burrow,Andy Dalton,Zac Taylor,Matt Nagy,CHI98,Soldier Field,0.4030,0.5970,+110,-125,+2-110,-1½-110,40.292,0.5426,0.4537,0.0036,20.67,23.83,44.50,1.579,-1.579,-3.967,1.619
401326130,2021,REG,2,2021-09-19,Sunday,13:00,HOU,CLE,21,31,Home,7,7,521,-675,13.5,-103,-107,48.5,103,-115,0,outdoors,grass ,75,12,00-0028118,00-0034855,Tyrod Taylor,Baker Mayfield,David Culley,Kevin Stefanski,CLE00,FirstEnergy Stadium,0.1970,0.8030,+600,-700,+14-110,-13-110,38.233,0.7971,0.2012,0.0016,12.44,36.06,48.50,11.807,-11.807,0.372,-9.988
401326131,2021,REG,2,2021-09-19,Sunday,13:00,LA,IND,27,24,Home,7,7,-205,182,-4,-110,-100,48,-115,103,0,closed,fieldturf,,,00-0026498,00-0032950,Matthew Stafford,Carson Wentz,Sean McVay,Frank Reich,IND00,Lucas Oil Stadium,0.5990,0.4010,-210,+190,-4-110,+4½-110,80.008,0.4403,0.5560,0.0035,25.81,21.69,47.50,-2.059,2.059,2.217,5.989
401326132,2021,REG,2,2021-09-19,Sunday,13:00,DEN,JAX,23,13,Home,7,7,-241,211,-6,104,-115,45,-107,-104,0,outdoors,grass ,80,7,00-0031237,00-0036971,Teddy Bridgewater,Trevor Lawrence,Vic Fangio,Urban Meyer,JAX00,TIAA Bank Stadium,0.6810,0.3190,-260,+230,-6-110,+6-110,19.899,0.3679,0.6291,0.0029,27.22,17.78,45.00,-4.717,4.717,-8.536,0.478
401326353,2021,REG,2,2021-09-19,Sunday,13:00,BUF,MIA,35,0,Home,7,7,-179,160,-3.5,103,-113,48,-103,-109,1,outdoors,grass ,89,7,00-0034857,00-0036212,Josh Allen,Tua Tagovailoa,Sean McDermott,Brian Flores,MIA00,Hard Rock Stadium,0.5820,0.4180,-182,+175,-3½-105,+4-110,76.794,0.4936,0.5023,0.0039,24.15,23.85,48.00,-0.153,0.153,-1.285,8.594
401326354,2021,REG,2,2021-09-19,Sunday,13:00,NE,NYJ,25,6,Home,7,7,-235,207,-5.5,-105,-105,43,102,-113,1,outdoors,fieldturf,72,13,00-0036972,00-0037013,Mac Jones,Zach Wilson,Bill Belichick,Robert Saleh,NYC01,MetLife Stadium,0.6700,0.3300,-233,+210,-5½-110,+6-110,38.93,0.3469,0.6502,0.0027,27.01,15.99,43.00,-5.514,5.514,-8.791,4.991
401326355,2021,REG,2,2021-09-19,Sunday,13:00,SF,PHI,17,11,Home,7,7,-144,130,-3,104,-115,49,-109,-102,0,outdoors,grass ,76,13,00-0031345,00-0036389,Jimmy Garoppolo,Jalen Hurts,Kyle Shanahan,Nick Sirianni,PHI00,Lincoln Financial Field,0.5980,0.4020,-140,+135,-2½-110,+3-115,67.633,0.4681,0.5281,0.0037,25.57,23.44,49.00,-1.065,1.065,0.155,4.407
401326356,2021,REG,2,2021-09-19,Sunday,13:00,LV,PIT,26,17,Home,6,7,201,-228,5.5,-109,-102,46.5,104,-116,0,outdoors,grass ,77,4,00-0031280,00-0022924,Derek Carr,Ben Roethlisberger,Jon Gruden,Mike Tomlin,PIT00,Heinz Field,0.3020,0.6980,+201,-220,+6-110,-5-110,38.38,0.6467,0.3504,0.0028,17.87,28.63,46.50,5.383,-5.383,-1.471,-2.433
401326357,2021,REG,2,2021-09-19,Sunday,16:05,MIN,ARI,33,34,Home,7,7,170,-191,4,-111,101,51,-111,-101,0,closed,grass ,,,00-0029604,00-0035228,Kirk Cousins,Kyler Murray,Mike Zimmer,Kliff Kingsbury,PHO00,State Farm Stadium,0.3600,0.6400,+176,-190,+3½-105,-3½-110,63.385,0.6129,0.3839,0.0030,21.38,29.62,51.00,4.119,-4.119,3.688,0.988
401326358,2021,REG,2,2021-09-19,Sunday,16:05,ATL,TB,25,48,Home,7,10,582,-772,13.5,-108,-102,52,-103,-108,1,outdoors,grass ,85,0,00-0026143,00-0019596,Matt Ryan,Tom Brady,Arthur Smith,Bruce Arians,TAM00,Raymond James Stadium,0.2000,0.8000,+600,-745,+13-110,-12½-110,50.789,0.7850,0.2132,0.0017,14.79,37.21,52.00,11.21,-11.21,8.245,-5.502
401326359,2021,REG,2,2021-09-19,Sunday,16:25,DAL,LAC,20,17,Home,10,7,135,-150,3,-109,-101,55,-101,-110,0,dome,matrixturf,,,00-0033077,00-0036355,Dak Prescott,Justin Herbert,Mike McCarthy,Brandon Staley,LAX01,SoFi Stadium,0.3930,0.6070,+145,-151,+3-110,-3-105,77.724,0.5013,0.4946,0.0039,27.38,27.62,55.00,0.119,-0.119,1.79,5.383
401326360,2021,REG,2,2021-09-19,Sunday,16:25,TEN,SEA,33,30,Home,7,7,247,-286,6.5,-100,-110,53.5,-102,-109,0,outdoors,fieldturf,62,14,00-0029701,00-0029263,Ryan Tannehill,Russell Wilson,Mike Vrabel,Pete Carroll,SEA00,Lumen Field,0.2670,0.7330,+260,-275,+6½-110,-6½-110,62.404,0.7075,0.2901,0.0023,19.22,34.78,54.00,7.776,-7.776,2.373,1.585
401326361,2021,REG,2,2021-09-19,Sunday,20:20,KC,BAL,35,36,Home,7,6,-171,153,-3.5,107,-118,53.5,-110,-101,0,outdoors,grass,82,8,00-0033873,00-0034796,Patrick Mahomes,Lamar Jackson,Andy Reid,John Harbaugh,BAL00,M&T Bank Stadium,0.5510,0.4490,-185,+178,-3½-110,+4-110,78.116,0.4381,0.5583,0.0035,28.89,24.61,53.50,-2.138,2.138,1.007,6.216
401326362,2021,REG,2,2021-09-20,Monday,20:15,DET,GB,17,35,Home,8,8,400,-494,11.5,-112,102,49.5,-101,-110,1,outdoors,grass ,73,12,00-0033106,00-0023459,Jared Goff,Aaron Rodgers,Dan Campbell,Matt LaFleur,GNB00,Lambeau Field,0.1350,0.8650,+460,-570,+12-110,-11½-110,49.312,0.6732,0.3241,0.0026,17.85,30.65,48.50,6.404,-6.404,5.281,-6.039
401326363,2021,REG,3,2021-09-23,Thursday,20:20,CAR,HOU,24,9,Home,4,4,-420,348,-8,-115,104,43,-101,-110,0,closed,astroturf,,,00-0034869,00-0036898,Sam Darnold,Davis Mills,Matt Rhule,David Culley,HOU00,NRG Stadium,0.7500,0.2500,-400,+348,-8-110,+8½-110,7.156,0.3730,0.6240,0.0030,25.97,17.03,43.00,-4.468,4.468,-8.598,-4.474
401326364,2021,REG,3,2021-09-26,Sunday,13:00,WAS,BUF,21,43,Home,10,7,281,-330,7.5,-114,103,45.5,-105,-106,0,outdoors,a_turf,67,21,00-0031800,00-0034857,Taylor Heinicke,Josh Allen,Ron Rivera,Sean McDermott,BUF00,New Era Field,0.1740,0.8260,+300,-323,+7+100,-7-110,56.997,0.7159,0.2817,0.0022,14.73,30.77,45.50,8.019,-8.019,8.594,-2.937
401326365,2021,REG,3,2021-09-26,Sunday,13:00,CHI,CLE,6,26,Home,7,7,315,-375,7.5,-102,-108,45,-106,-105,0,outdoors,grass ,70,22,00-0036945,00-0034855,Justin Fields,Baker Mayfield,Matt Nagy,Kevin Stefanski,CLE00,FirstEnergy Stadium,0.2610,0.7390,+314,-330,+7½-110,-7½-110,39.17,0.7165,0.2811,0.0022,14.46,30.54,45.00,8.044,-8.044,0.372,-4.483
401326366,2021,REG,3,2021-09-26,Sunday,13:00,BAL,DET,19,17,Home,7,6,-344,292,-7.5,-100,-110,51,-105,-106,0,dome,fieldturf,,,00-0034796,00-0033106,Lamar Jackson,Jared Goff,John Harbaugh,Dan Campbell,DET00,Ford Field,0.7800,0.2200,-360,+320,-7½-110,+8-110,30.123,0.2836,0.7140,0.0022,33.44,17.56,51.00,-7.941,7.941,-6.039,1.007
401326367,2021,REG,3,2021-09-26,Sunday,13:00,ARI,JAX,31,19,Home,7,7,-360,304,-8,-101,-110,51.5,-104,-107,0,outdoors,grass ,81,4,00-0035228,00-0036971,Kyler Murray,Trevor Lawrence,Kliff Kingsbury,Urban Meyer,JAX00,TIAA Bank Stadium,0.7550,0.2450,-370,+325,-7½-110,+8½-110,32.492,0.3389,0.6583,0.0027,31.50,20.00,51.50,-5.747,5.747,-8.536,3.688
401326368,2021,REG,3,2021-09-26,Sunday,13:00,LAC,KC,30,24,Home,7,7,237,-273,6.5,-100,-110,55,-108,-103,1,outdoors,grass ,81,19,00-0036355,00-0033873,Justin Herbert,Patrick Mahomes,Brandon Staley,Andy Reid,KAN00,GEHA Field at Arrowhead Stadium,0.2250,0.7750,+260,-294,+7-110,-7-105,68.95,0.7282,0.2695,0.0021,18.97,36.03,55.00,8.53,-8.53,6.216,1.79
401326369,2021,REG,3,2021-09-26,Sunday,13:00,NO,NE,28,13,Home,7,7,130,-144,3,-117,106,44,-114,102,0,outdoors,fieldturf,73,11,00-0031503,00-0036972,Jameis Winston,Mac Jones,Sean Payton,Bill Belichick,BOS00,Gillette Stadium,0.4250,0.5750,+130,-145,+3-110,-2½-120,71.386,0.5845,0.4121,0.0033,18.71,24.79,43.50,3.041,-3.041,4.991,2.593
401326370,2021,REG,3,2021-09-26,Sunday,13:00,ATL,NYG,17,14,Home,7,10,129,-143,3,-115,105,48,-110,-101,0,outdoors,fieldturf,69,13,00-0026143,00-0035710,Matt Ryan,Daniel Jones,Arthur Smith,Joe Judge,NYC01,MetLife Stadium,0.4920,0.5080,+130,-143,+3-120,-2½-110,17.022,0.6338,0.3632,0.0029,18.92,28.58,47.50,4.83,-4.83,-5.536,-5.502
401326371,2021,REG,3,2021-09-26,Sunday,13:00,CIN,PIT,24,10,Home,7,7,126,-140,2.5,103,-114,42.5,-112,101,1,outdoors,grass ,67,9,00-0036442,00-0022924,Joe Burrow,Ben Roethlisberger,Zac Taylor,Mike Tomlin,PIT00,Heinz Field,0.2730,0.7270,+130,-140,+3-120,-2½-110,50.606,0.6310,0.3660,0.0029,16.27,25.73,42.00,4.727,-4.727,-1.471,1.619
401326372,2021,REG,3,2021-09-26,Sunday,13:00,IND,TEN,16,25,Home,7,7,175,-196,4.5,-113,103,47,-104,-107,1,outdoors,grass ,72,4,00-0032950,00-0029701,Carson Wentz,Ryan Tannehill,Frank Reich,Mike Vrabel,NAS00,Nissan Stadium,0.4160,0.5840,+190,-210,+5-110,-4½-110,64.449,0.5568,0.4395,0.0035,21.44,25.56,47.00,2.061,-2.061,1.585,2.217
401326373,2021,REG,3,2021-09-26,Sunday,16:05,NYJ,DEN,0,26,Home,7,7,470,-597,10.5,-109,-101,42,-107,-104,0,outdoors,grass ,82,6,00-0037013,00-0031237,Zach Wilson,Teddy Bridgewater,Robert Saleh,Vic Fangio,DEN00,Empower Field at Mile High,0.2410,0.7590,+515,-600,+11-110,-10-110,39.739,0.7693,0.2287,0.0018,10.42,31.08,41.50,10.332,-10.332,0.478,-8.791
401326374,2021,REG,3,2021-09-26,Sunday,16:05,MIA,LV,28,31,Home,7,7,173,-194,4,-107,-103,45,-100,-111,0,dome,grass,,,00-0033119,00-0031280,Jacoby Brissett,Derek Carr,Brian Flores,Jon Gruden,VEG00,Allegiant Stadium,0.3080,0.6920,+170,-175,+4-110,-3½-110,34.7,0.6267,0.3703,0.0029,17.93,27.07,45.00,4.567,-4.567,-2.433,-2.249
401326375,2021,REG,3,2021-09-26,Sunday,16:25,TB,LA,24,34,Home,7,7,-106,-104,-1,100,-110,55,-102,-109,0,dome,matrixturf,,,00-0019596,00-0026498,Tom Brady,Matthew Stafford,Bruce Arians,Sean McVay,LAX01,SoFi Stadium,0.5020,0.4980,-105,-105,+1-110,+1-110,91.667,0.5540,0.4423,0.0035,25.54,29.46,55.00,1.961,-1.961,5.989,8.245
401326376,2021,REG,3,2021-09-26,Sunday,16:25,SEA,MIN,17,30,Home,7,7,-120,109,-2,-101,-109,53.5,-104,-107,0,dome,sportturf,,,00-0029263,00-0029604,Russell Wilson,Kirk Cousins,Pete Carroll,Mike Zimmer,MIN01,U.S. Bank Stadium,0.5810,0.4190,-123,+110,-2-110,+2-110,62.476,0.4951,0.5008,0.0039,27.10,26.90,54.00,-0.1,0.1,0.988,2.373
401326377,2021,REG,3,2021-09-26,Sunday,20:20,GB,SF,30,28,Home,6,7,160,-179,3.5,-113,103,50.5,-103,-108,0,outdoors,grass,69,15,00-0023459,00-0031345,Aaron Rodgers,Jimmy Garoppolo,Matt LaFleur,Kyle Shanahan,SFO01,Levi's Stadium,0.3940,0.6060,+163,-170,+3½-110,-3-119,80.097,0.6151,0.3817,0.0030,21.11,29.40,50.50,4.145,-4.145,4.407,5.281
401326378,2021,REG,3,2021-09-27,Monday,20:15,PHI,DAL,21,41,Home,8,8,168,-189,3.5,-103,-107,51.5,-110,-101,1,open,matrixturf,,,00-0036389,00-0033077,Jalen Hurts,Dak Prescott,Nick Sirianni,Mike McCarthy,DAL00,AT&T Stadium,0.3250,0.6750,+175,-185,+4-110,-3½-105,62.278,0.6733,0.3240,0.0026,19.43,32.07,51.50,6.322,-6.322,5.383,0.155
401326379,2021,REG,4,2021-09-30,Thursday,20:20,JAX,CIN,21,24,Home,4,4,313,-373,7.5,105,-116,46,101,-113,0,outdoors,fieldturf,65,0,00-0036971,00-0036442,Trevor Lawrence,Joe Burrow,Urban Meyer,Zac Taylor,CIN00,Paul Brown Stadium,0.2470,0.7530,+300,-320,+7½-110,-7-110,41.426,0.6916,0.3058,0.0024,16.04,29.96,46.00,6.963,-6.963,1.619,-8.536
401326380,2021,REG,4,2021-10-03,Sunday,13:00,WAS,ATL,34,30,Home,7,7,-117,106,-1,-111,100,47.5,-114,102,0,open,fieldturf,,,00-0031800,00-0026143,Taylor Heinicke,Matt Ryan,Ron Rivera,Arthur Smith,ATL97,Mercedes-Benz Stadium,0.5000,0.5000,-119,+115,-1½-110,+2-110,18.943,0.4792,0.5169,0.0038,24.15,22.85,47.00,-0.653,0.653,-5.502,-2.937
401326381,2021,REG,4,2021-10-03,Sunday,13:00,HOU,BUF,0,40,Home,10,7,988,-1500,19,-108,-102,47.5,-106,-105,0,outdoors,a_turf,67,12,00-0036898,00-0034857,Davis Mills,Josh Allen,David Culley,Sean McDermott,BUF00,New Era Field,0.0720,0.9280,+1200,-1780,+18½-110,-18-110,50,0.8621,0.1367,0.0011,8.66,38.84,47.50,15.09,-15.09,8.594,-8.598
401326382,2021,REG,4,2021-10-03,Sunday,13:00,DET,CHI,14,24,Home,7,7,134,-148,3,-109,-101,42,-110,-101,1,outdoors,grass ,72,4,00-0033106,00-0036945,Jared Goff,Justin Fields,Dan Campbell,Matt Nagy,CHI98,Soldier Field,0.3850,0.6150,+135,-145,+3-110,-3+100,17.772,0.5605,0.4359,0.0035,18.58,22.92,41.50,2.166,-2.166,-4.483,-6.039
401326383,2021,REG,4,2021-10-03,Sunday,13:00,CAR,DAL,28,36,Home,10,6,186,-210,4.5,-106,-104,51.5,-114,102,0,closed,matrixturf,,,00-0034869,00-0033077,Sam Darnold,Dak Prescott,Matt Rhule,Mike McCarthy,DAL00,AT&T Stadium,0.3610,0.6390,+190,-212,+4½-110,-4½-110,51.378,0.5777,0.4188,0.0033,22.98,28.52,51.50,2.769,-2.769,5.383,-4.474
401326384,2021,REG,4,2021-10-03,Sunday,13:00,IND,MIA,27,17,Home,7,7,130,-144,2.5,102,-113,41.5,-104,-107,0,outdoors,grass ,85,16,00-0032950,00-0033119,Carson Wentz,Jacoby Brissett,Frank Reich,Brian Flores,MIA00,Hard Rock Stadium,0.4440,0.5560,+130,-140,+2½-110,-2½-110,49.867,0.5370,0.4593,0.0036,19.65,22.35,42.00,1.347,-1.347,-2.249,2.217
401326385,2021,REG,4,2021-10-03,Sunday,13:00,CLE,MIN,14,7,Home,7,7,-105,-106,-1,102,-113,52,102,-114,0,dome,sportturf,,,00-0034855,00-0029604,Baker Mayfield,Kirk Cousins,Kevin Stefanski,Mike Zimmer,MIN01,U.S. Bank Stadium,0.5010,0.4990,-110,-105,+0-110,+1-110,54.876,0.5133,0.4827,0.0038,25.22,26.28,51.50,0.53,-0.53,0.988,0.372
401326386,2021,REG,4,2021-10-03,Sunday,13:00,NYG,NO,27,21,Home,7,7,286,-337,7.5,-118,107,43,103,-115,0,dome,sportturf,,,00-0035710,00-0031503,Daniel Jones,Jameis Winston,Joe Judge,Sean Payton,NOR00,Mercedes-Benz Superdome,0.2280,0.7720,+290,-332,+7-110,-7-110,45.724,0.7392,0.2586,0.0020,12.35,30.15,42.50,8.9,-8.9,2.593,-5.536
401326387,2021,REG,4,2021-10-03,Sunday,13:00,TEN,NYJ,24,27,Home,7,7,-234,206,-5.5,-104,-106,44.5,-106,-105,0,outdoors,fieldturf,78,9,00-0029701,00-0037013,Ryan Tannehill,Zach Wilson,Mike Vrabel,Robert Saleh,NYC01,MetLife Stadium,0.7140,0.2860,-237,+215,-5-110,+6-110,24.439,0.3440,0.6531,0.0027,27.74,16.76,44.50,-5.493,5.493,-8.791,1.585
401326388,2021,REG,4,2021-10-03,Sunday,13:00,KC,PHI,42,30,Home,7,6,-349,296,-7.5,101,-112,53.5,-105,-106,0,outdoors,grass ,73,8,00-0033873,00-0036389,Patrick Mahomes,Jalen Hurts,Andy Reid,Nick Sirianni,PHI00,Lincoln Financial Field,0.7490,0.2510,-330,+300,-7-110,+7-110,75.146,0.3261,0.6712,0.0026,33.17,20.83,54.00,-6.173,6.173,0.155,6.216
401326389,2021,REG,4,2021-10-03,Sunday,16:05,ARI,LA,37,20,Home,7,7,178,-200,3.5,100,-111,53.5,-101,-110,1,dome,matrixturf,,,00-0035228,00-0026498,Kyler Murray,Matthew Stafford,Kliff Kingsbury,Sean McVay,LAX01,SoFi Stadium,0.3670,0.6330,+182,-190,+4-110,-3½-110,78.879,0.6090,0.3878,0.0031,23.12,30.88,54.00,3.879,-3.879,5.989,3.688
401326390,2021,REG,4,2021-10-03,Sunday,16:05,SEA,SF,28,21,Home,7,7,120,-133,2.5,-103,-107,52,-108,-103,1,outdoors,grass,80,0,00-0029263,00-0031345,Russell Wilson,Jimmy Garoppolo,Pete Carroll,Kyle Shanahan,SFO01,Levi's Stadium,0.4170,0.5830,+120,-135,+2½-110,-2½-110,71.084,0.5631,0.4333,0.0034,23.74,28.26,52.00,2.258,-2.258,4.407,2.373
401326391,2021,REG,4,2021-10-03,Sunday,16:25,BAL,DEN,23,7,Home,7,7,107,-118,1,101,-111,44,-106,-105,0,outdoors,grass ,77,11,00-0034796,00-0031237,Lamar Jackson,Teddy Bridgewater,John Harbaugh,Vic Fangio,DEN00,Empower Field at Mile High,0.4930,0.5070,+102,-115,+1½-110,-1-110,55.338,0.5469,0.4494,0.0036,20.31,23.69,44.00,1.694,-1.694,0.478,1.007
401326392,2021,REG,4,2021-10-03,Sunday,16:25,PIT,GB,17,27,Home,7,7,239,-276,6.5,-104,-106,45,-103,-108,0,outdoors,grass ,67,4,00-0022924,00-0023459,Ben Roethlisberger,Aaron Rodgers,Mike Tomlin,Matt LaFleur,GNB00,Lambeau Field,0.3080,0.6920,+225,-245,+6-110,-5½-110,57.997,0.6127,0.3841,0.0030,18.49,26.51,45.00,4.014,-4.014,5.281,-1.471
401326393,2021,REG,4,2021-10-03,Sunday,20:20,TB,NE,19,17,Home,7,7,-255,223,-6,-105,-105,49.5,-110,-101,0,outdoors,fieldturf,62,4,00-0019596,00-0036972,Tom Brady,Mac Jones,Bruce Arians,Bill Belichick,BOS00,Gillette Stadium,0.6700,0.3300,-276,+260,-7+105,+7-115,92.34,0.4310,0.5655,0.0034,27.09,22.41,49.50,-2.339,2.339,4.991,8.245
401326394,2021,REG,4,2021-10-04,Monday,20:15,LV,LAC,14,28,Home,8,8,144,-161,3,-101,-109,52,-108,-103,1,dome,matrixturf,,,00-0031280,00-0036355,Derek Carr,Justin Herbert,Jon Gruden,Brandon Staley,LAX01,SoFi Stadium,0.3460,0.6540,+155,-165,+3+100,-3-110,48.166,0.5997,0.3970,0.0031,22.20,29.30,51.50,3.549,-3.549,1.79,-2.433
401326395,2021,REG,5,2021-10-07,Thursday,20:20,LA,SEA,26,17,Home,4,4,-135,122,-2.5,-116,105,53.5,-106,-105,1,outdoors,fieldturf,56,8,00-0026498,00-0029263,Matthew Stafford,Russell Wilson,Sean McVay,Pete Carroll,SEA00,Lumen Field,0.5250,0.4750,-138,+130,-2½-110,+3-120,81.158,0.4984,0.4975,0.0040,27.23,27.27,54.50,0.017,-0.017,2.373,5.989
401326324,2021,REG,5,2021-10-10,Sunday,09:30,NYJ,ATL,20,27,Neutral,7,7,138,-153,3,-107,-103,45.5,102,-113,0,outdoors,grass,63,8,00-0037013,00-0026143,Zach Wilson,Matt Ryan,Robert Saleh,Arthur Smith,LON02,Tottenham Stadium,0.3500,0.6500,+133,-145,+3-110,-3+100,5.568,0.5683,0.4281,0.0034,20.33,25.17,45.50,2.423,-2.423,-5.502,-8.791
401326396,2021,REG,5,2021-10-10,Sunday,13:00,PHI,CAR,21,18,Home,7,7,126,-139,2.5,104,-114,46,-106,-105,0,outdoors,grass ,76,13,00-0036389,00-0034869,Jalen Hurts,Sam Darnold,Nick Sirianni,Matt Rhule,CAR00,Bank of America Stadium,0.3670,0.6330,+125,-138,+2½-101,-2½-110,32.441,0.6470,0.3501,0.0028,17.77,28.23,46.00,5.228,-5.228,-4.474,0.155
401326397,2021,REG,5,2021-10-10,Sunday,13:00,GB,CIN,25,22,Home,7,10,-123,111,-2,-104,-106,50,-108,-104,0,outdoors,fieldturf,76,12,00-0023459,00-0036442,Aaron Rodgers,Joe Burrow,Matt LaFleur,Zac Taylor,CIN00,Paul Brown Stadium,0.6760,0.3240,-128,+115,-2-110,+2½-110,76.22,0.4607,0.5356,0.0037,26.29,23.71,50.00,-1.29,1.29,1.619,5.281
401326398,2021,REG,5,2021-10-10,Sunday,13:00,NE,HOU,25,22,Home,7,7,-339,288,-8,102,-112,39.5,-112,101,0,closed,astroturf,,,00-0036972,00-0036898,Mac Jones,Davis Mills,Bill Belichick,David Culley,HOU00,NRG Stadium,0.8280,0.1720,-360,+330,-7½-110,+8-110,37.826,0.3062,0.6912,0.0024,26.65,12.85,39.50,-6.9,6.9,-8.598,4.991
401326399,2021,REG,5,2021-10-10,Sunday,13:00,TEN,JAX,37,19,Home,7,10,-191,170,-4,-100,-110,49,-102,-109,1,outdoors,grass ,78,11,00-0029701,00-0036971,Ryan Tannehill,Trevor Lawrence,Mike Vrabel,Urban Meyer,JAX00,TIAA Bank Stadium,0.6790,0.3210,-192,+180,-4-110,+4½-110,24.213,0.3847,0.6121,0.0030,28.46,20.54,49.00,-3.963,3.963,-8.536,1.585
401326400,2021,REG,5,2021-10-10,Sunday,13:00,DET,MIN,17,19,Home,7,7,346,-418,10,-110,-100,49.5,102,-113,1,dome,sportturf,,,00-0033106,00-0029604,Jared Goff,Kirk Cousins,Dan Campbell,Mike Zimmer,MIN01,U.S. Bank Stadium,0.2250,0.7750,+380,-420,+10-110,-10-110,40.025,0.7365,0.2613,0.0021,16.03,33.48,49.50,8.725,-8.725,0.988,-6.039
401326401,2021,REG,5,2021-10-10,Sunday,13:00,DEN,PIT,19,27,Home,7,7,-124,113,-2,-106,-104,40,101,-113,0,outdoors,grass ,71,9,00-0031237,00-0022924,Teddy Bridgewater,Ben Roethlisberger,Vic Fangio,Mike Tomlin,PIT00,Heinz Field,0.4650,0.5350,-124,+115,-1½-110,+2-110,46.165,0.4879,0.5081,0.0039,20.35,19.65,40.00,-0.347,0.347,-1.471,0.478
401326402,2021,REG,5,2021-10-10,Sunday,13:00,MIA,TB,17,45,Home,7,7,448,-564,11,-100,-110,48,-104,-107,0,outdoors,grass ,84,7,00-0033119,00-0019596,Jacoby Brissett,Tom Brady,Brian Flores,Bruce Arians,TAM00,Raymond James Stadium,0.1280,0.8720,+500,-600,+11½-110,-11-110,57.636,0.7497,0.2482,0.0019,14.71,33.29,48.00,9.287,-9.287,8.245,-2.249
401326403,2021,REG,5,2021-10-10,Sunday,13:00,NO,WAS,33,22,Home,7,7,-130,117,-2.5,-106,-104,43.5,-101,-110,0,outdoors,grass ,70,12,00-0031503,00-0031800,Jameis Winston,Taylor Heinicke,Sean Payton,Ron Rivera,WAS00,FedExField,0.5740,0.4260,-135,+125,-2½-110,+2½-105,48.563,0.4273,0.5692,0.0034,24.20,19.30,43.50,-2.452,2.452,-2.937,2.593
401326404,2021,REG,5,2021-10-10,Sunday,16:05,CLE,LAC,42,47,Home,7,6,117,-129,2.5,-106,-104,46.5,102,-114,0,dome,matrixturf,,,00-0034855,00-0036355,Baker Mayfield,Justin Herbert,Kevin Stefanski,Brandon Staley,LAX01,SoFi Stadium,0.4650,0.5350,+125,-133,+2½-110,-2½-110,56.782,0.5479,0.4484,0.0036,21.78,25.22,47.00,1.716,-1.716,1.79,0.372
401326405,2021,REG,5,2021-10-10,Sunday,16:05,CHI,LV,20,9,Home,7,6,215,-245,5.5,-102,-108,46,-111,-101,0,dome,grass,,,00-0036945,00-0031280,Justin Fields,Derek Carr,Matt Nagy,Jon Gruden,VEG00,Allegiant Stadium,0.3500,0.6500,+220,-232,+6-110,-5½-110,29.285,0.6358,0.3612,0.0029,18.18,27.82,46.00,4.817,-4.817,-2.433,-4.483
401326406,2021,REG,5,2021-10-10,Sunday,16:25,SF,ARI,10,17,Home,7,7,231,-266,6,-110,-100,48.5,-105,-106,1,closed,grass ,,,00-0037012,00-0035228,Trey Lance,Kyler Murray,Kyle Shanahan,Kliff Kingsbury,PHO00,State Farm Stadium,0.2910,0.7090,+242,-270,+6-110,-6-110,69.86,0.6408,0.3563,0.0028,19.25,29.25,48.50,5,-5,3.688,2.347
401326407,2021,REG,5,2021-10-10,Sunday,16:25,NYG,DAL,20,44,Home,7,7,285,-335,7.5,-112,102,53,104,-116,1,closed,matrixturf,,,00-0035710,00-0033077,Daniel Jones,Dak Prescott,Joe Judge,Mike McCarthy,DAL00,AT&T Stadium,0.2680,0.7320,+320,-336,+7½-110,-7-120,49.894,0.7293,0.2685,0.0021,18.08,34.92,53.00,8.423,-8.423,5.383,-5.536
401326408,2021,REG,5,2021-10-10,Sunday,20:20,BUF,KC,38,20,Home,7,7,121,-134,2.5,-101,-109,57,103,-114,0,outdoors,grass ,76,0,00-0034857,00-0033873,Josh Allen,Patrick Mahomes,Sean McDermott,Andy Reid,KAN00,GEHA Field at Arrowhead Stadium,0.3900,0.6100,+130,-138,+3-119,-2½-110,94.424,0.4898,0.5062,0.0039,28.78,28.22,57.00,-0.282,0.282,6.216,8.594
401326409,2021,REG,5,2021-10-11,Monday,20:15,IND,BAL,25,31,Home,8,8,301,-356,7.5,-105,-105,46.5,-103,-108,0,outdoors,grass,69,6,00-0032950,00-0034796,Carson Wentz,Lamar Jackson,Frank Reich,John Harbaugh,BAL00,M&T Bank Stadium,0.2790,0.7210,+310,-345,+7½-110,-7½-110,62.429,0.6678,0.3295,0.0026,17.25,29.25,46.50,6.002,-6.002,1.007,2.217
401326410,2021,REG,6,2021-10-14,Thursday,20:20,TB,PHI,28,22,Home,4,4,-274,238,-7,103,-114,53,-107,-104,0,outdoors,grass ,74,8,00-0019596,00-0036389,Tom Brady,Jalen Hurts,Bruce Arians,Nick Sirianni,PHI00,Lincoln Financial Field,0.7750,0.2250,-290,+260,-6½-110,+7-119,81.255,0.2866,0.7110,0.0023,34.14,18.86,53.00,-7.642,7.642,0.155,8.245
401326325,2021,REG,6,2021-10-17,Sunday,09:30,MIA,JAX,20,23,Neutral,7,7,-122,110,-2.5,104,-115,47.5,-107,-105,0,outdoors,grass,63,11,00-0036212,00-0036971,Tua Tagovailoa,Trevor Lawrence,Brian Flores,Urban Meyer,LON02,Tottenham Stadium,0.7430,0.2570,-125,+115,-1½-110,+2½-110,20.289,0.3871,0.6097,0.0031,27.36,19.64,47.00,-3.859,3.859,-8.536,-1.285
401326411,2021,REG,6,2021-10-17,Sunday,13:00,LAC,BAL,6,34,Home,7,6,149,-166,3,106,-116,50.5,105,-117,0,outdoors,grass,63,15,00-0036355,00-0034796,Justin Herbert,Lamar Jackson,Brandon Staley,John Harbaugh,BAL00,M&T Bank Stadium,0.3530,0.6470,+141,-150,+3-105,-3-110,59.825,0.5871,0.4095,0.0032,22.44,28.57,51.00,3.065,-3.065,1.007,1.79
401326412,2021,REG,6,2021-10-17,Sunday,13:00,MIN,CAR,34,28,Home,7,7,-134,121,-2.5,-110,-100,45.5,-110,-101,0,outdoors,grass ,62,7,00-0029604,00-0034869,Kirk Cousins,Sam Darnold,Mike Zimmer,Matt Rhule,CAR00,Bank of America Stadium,0.4630,0.5370,-135,+125,-2-110,+2½-110,35.692,0.5435,0.4528,0.0036,21.20,24.30,45.50,1.554,-1.554,-4.474,0.988
401326413,2021,REG,6,2021-10-17,Sunday,13:00,GB,CHI,24,14,Home,7,7,-228,201,-5.5,-106,-104,44,-105,-106,1,outdoors,grass ,59,6,00-0023459,00-0036945,Aaron Rodgers,Justin Fields,Matt LaFleur,Matt Nagy,CHI98,Soldier Field,0.6990,0.3010,-232,+202,-5½-110,+5½-110,53.015,0.4070,0.5897,0.0032,25.15,18.85,44.00,-3.153,3.153,-4.483,5.281
401326414,2021,REG,6,2021-10-17,Sunday,13:00,CIN,DET,34,11,Home,7,7,-192,171,-3.5,-110,-100,46.5,-110,-101,0,dome,fieldturf,,,00-0036442,00-0033106,Joe Burrow,Jared Goff,Zac Taylor,Dan Campbell,DET00,Ford Field,0.6080,0.3920,-185,+180,-3½-110,+3½-110,32.535,0.4347,0.5617,0.0034,25.43,21.07,46.50,-2.182,2.182,-6.039,1.619
401326415,2021,REG,6,2021-10-17,Sunday,13:00,HOU,IND,3,31,Home,7,6,363,-442,10.5,-117,106,43.5,-111,-100,1,open,fieldturf,,,00-0036898,00-0032950,Davis Mills,Carson Wentz,David Culley,Frank Reich,IND00,Lucas Oil Stadium,0.1340,0.8660,+468,-550,+13-110,-11-110,42.768,0.7133,0.2843,0.0022,14.77,30.23,45.00,7.733,-7.733,2.217,-8.598
401326416,2021,REG,6,2021-10-17,Sunday,13:00,LA,NYG,38,11,Home,10,7,-328,280,-7.5,107,-118,49.5,-113,101,0,outdoors,fieldturf,61,13,00-0026498,00-0035710,Matthew Stafford,Daniel Jones,Sean McVay,Joe Judge,NYC01,MetLife Stadium,0.7610,0.2390,-345,+330,-7½+100,+7½-110,51.7,0.3397,0.6575,0.0027,30.09,18.91,49.00,-5.588,5.588,-5.536,5.989
401326417,2021,REG,6,2021-10-17,Sunday,13:00,KC,WAS,31,13,Home,7,7,-255,223,-6,-105,-105,54,-106,-105,0,outdoors,grass ,62,13,00-0033873,00-0031800,Patrick Mahomes,Taylor Heinicke,Andy Reid,Ron Rivera,WAS00,FedExField,0.6880,0.3120,-280,+270,-6½-110,+6½-101,62.957,0.3403,0.6569,0.0027,32.57,21.43,54.00,-5.567,5.567,-2.937,6.216
401326418,2021,REG,6,2021-10-17,Sunday,16:05,ARI,CLE,37,14,Home,7,7,129,-143,3,-117,106,48,102,-114,0,outdoors,grass ,58,23,00-0035228,00-0034855,Kyler Murray,Baker Mayfield,Kliff Kingsbury,Kevin Stefanski,CLE00,FirstEnergy Stadium,0.4930,0.5070,+130,-140,+3-119,-2½-110,65.772,0.5188,0.4773,0.0038,23.29,24.71,48.00,0.711,-0.711,0.372,3.688
401326419,2021,REG,6,2021-10-17,Sunday,16:25,LV,DEN,34,24,Home,7,7,182,-205,5,-111,101,45.5,-111,-100,1,outdoors,grass ,76,8,00-0031280,00-0031237,Derek Carr,Teddy Bridgewater,Rich Bisaccia,Vic Fangio,DEN00,Empower Field at Mile High,0.3870,0.6130,+190,-206,+5-110,-5-110,44.024,0.6274,0.3696,0.0029,18.01,26.99,45.00,4.489,-4.489,0.478,-2.433
401326420,2021,REG,6,2021-10-17,Sunday,16:25,DAL,NE,35,29,Home,7,7,-189,169,-3.5,-108,-102,50.5,-106,-105,0,outdoors,fieldturf,62,11,00-0033077,00-0036972,Dak Prescott,Mac Jones,Mike McCarthy,Bill Belichick,BOS00,Gillette Stadium,0.5110,0.4890,-190,+190,-3½-110,+3½-103,82.329,0.4379,0.5585,0.0035,27.32,23.18,50.50,-2.072,2.072,4.991,5.383
401326421,2021,REG,6,2021-10-17,Sunday,20:20,SEA,PIT,20,23,Home,10,7,189,-213,5.5,-104,-106,43,-104,-107,0,outdoors,grass ,49,6,00-0030565,00-0022924,Geno Smith,Ben Roethlisberger,Pete Carroll,Mike Tomlin,PIT00,Heinz Field,0.3450,0.6550,+210,-220,+5½-110,-5½-110,43.199,0.5933,0.4034,0.0032,18.22,24.78,43.00,3.28,-3.28,-1.471,-0.342
401326422,2021,REG,6,2021-10-18,Monday,20:15,BUF,TEN,31,34,Home,8,8,-239,210,-6,-102,-108,53.5,-113,101,0,outdoors,grass ,66,6,00-0034857,00-0029701,Josh Allen,Ryan Tannehill,Sean McDermott,Mike Vrabel,NAS00,Nissan Stadium,0.7020,0.2980,-250,+230,-6-110,+6½-110,86.655,0.2813,0.7163,0.0022,34.35,18.65,53.00,-7.854,7.854,1.585,8.594
401326423,2021,REG,7,2021-10-21,Thursday,20:20,DEN,CLE,14,17,Home,4,4,110,-121,2,-107,-103,40.5,-106,-105,0,outdoors,grass ,59,27,00-0031237,00-0028986,Teddy Bridgewater,Case Keenum,Vic Fangio,Kevin Stefanski,CLE00,FirstEnergy Stadium,0.4470,0.5530,+115,-125,+2-110,-1½-110,47.672,0.5526,0.4437,0.0035,18.14,21.86,40.00,1.861,-1.861,-1.087,0.478
401326424,2021,REG,7,2021-10-24,Sunday,13:00,CIN,BAL,41,17,Home,7,7,236,-272,6.5,-109,-101,45.5,-102,-109,1,outdoors,grass,61,6,00-0036442,00-0034796,Joe Burrow,Lamar Jackson,Zac Taylor,John Harbaugh,BAL00,M&T Bank Stadium,0.2040,0.7960,+250,-265,+6½-110,-6-110,59.971,0.6831,0.3143,0.0025,16.48,29.52,46.00,6.52,-6.52,1.007,1.619
401326425,2021,REG,7,2021-10-24,Sunday,13:00,WAS,GB,10,24,Home,7,7,331,-397,8.5,-105,-105,48,-117,105,0,outdoors,grass ,49,11,00-0031800,00-0023459,Taylor Heinicke,Aaron Rodgers,Ron Rivera,Matt LaFleur,GNB00,Lambeau Field,0.2410,0.7590,+360,-410,+9-110,-8½-110,53.704,0.7213,0.2764,0.0022,15.98,32.02,48.00,8.018,-8.018,5.281,-2.937
401326426,2021,REG,7,2021-10-24,Sunday,13:00,ATL,MIA,30,28,Home,14,7,-129,117,-1.5,-113,103,48.5,-113,101,0,outdoors,grass ,85,9,00-0026143,00-0036212,Matt Ryan,Tua Tagovailoa,Arthur Smith,Brian Flores,MIA00,Hard Rock Stadium,0.5280,0.4720,-123,+112,-1½-110,+2-110,27.687,0.5048,0.4912,0.0039,23.52,23.98,47.50,0.231,-0.231,-1.285,-5.502
401326427,2021,REG,7,2021-10-24,Sunday,13:00,NYJ,NE,13,54,Home,14,7,261,-303,7,-108,-102,43,-112,100,1,outdoors,fieldturf,52,0,00-0037013,00-0036972,Zach Wilson,Mac Jones,Robert Saleh,Bill Belichick,BOS00,Gillette Stadium,0.2640,0.7360,+280,-320,+7-105,-7-110,45.624,0.7095,0.2881,0.0023,13.71,28.79,42.50,7.543,-7.543,4.991,-8.791
401326428,2021,REG,7,2021-10-24,Sunday,13:00,CAR,NYG,3,25,Home,7,7,-154,139,-3,-103,-107,42.5,-105,-106,0,outdoors,fieldturf,57,0,00-0034869,00-0035710,Sam Darnold,Daniel Jones,Matt Rhule,Joe Judge,NYC01,MetLife Stadium,0.5490,0.4510,-145,+135,-3+100,+3-110,15.945,0.4303,0.5661,0.0034,23.82,19.18,43.00,-2.322,2.322,-5.536,-4.474
401326429,2021,REG,7,2021-10-24,Sunday,13:00,KC,TEN,3,27,Home,7,6,-209,185,-4,-110,-100,57.5,-111,-101,0,outdoors,grass ,74,14,00-0033873,00-0029701,Patrick Mahomes,Ryan Tannehill,Andy Reid,Mike Vrabel,NAS00,Nissan Stadium,0.6590,0.3410,-190,+175,-4-110,+4-110,80.012,0.4058,0.5908,0.0032,32.68,26.32,59.00,-3.178,3.178,1.585,6.216
401326430,2021,REG,7,2021-10-24,Sunday,16:05,DET,LA,19,28,Home,7,7,860,-1256,17,-116,105,51,-110,-101,0,dome,matrixturf,,,00-0033106,00-0026498,Jared Goff,Matthew Stafford,Dan Campbell,Sean McVay,LAX01,SoFi Stadium,0.0740,0.9260,+1000,-1410,+16½-110,-16½-110,49.982,0.8643,0.1345,0.0010,10.27,40.23,50.50,14.976,-14.976,5.989,-6.039
401326431,2021,REG,7,2021-10-24,Sunday,16:05,PHI,LV,22,33,Home,10,7,-102,-108,1,-109,-101,48,-106,-105,0,dome,grass,,,00-0036389,00-0031280,Jalen Hurts,Derek Carr,Nick Sirianni,Rich Bisaccia,VEG00,Allegiant Stadium,0.3710,0.6290,-105,-110,+1-110,+0-110,41.022,0.6010,0.3957,0.0031,20.46,27.54,48.00,3.536,-3.536,-2.433,0.155
401326432,2021,REG,7,2021-10-24,Sunday,16:25,HOU,ARI,5,31,Home,7,7,1119,-1766,20.5,-111,100,47,101,-112,0,closed,grass ,,,00-0036898,00-0035228,Davis Mills,Kyler Murray,David Culley,Kliff Kingsbury,PHO00,State Farm Stadium,0.0770,0.9230,+1300,-2075,+20-110,-20-110,46.82,0.8854,0.1136,0.0009,7.38,40.12,47.50,16.371,-16.371,3.688,-8.598
401326433,2021,REG,7,2021-10-24,Sunday,16:25,CHI,TB,3,38,Home,7,10,501,-644,12.5,-114,103,47,-110,-101,0,outdoors,grass ,83,7,00-0036945,00-0019596,Justin Fields,Tom Brady,Matt Nagy,Bruce Arians,TAM00,Raymond James Stadium,0.1170,0.8830,+562,-695,+12½-110,-12-110,51.342,0.8121,0.1863,0.0015,11.43,35.57,47.00,12.07,-12.07,8.245,-4.483
401326434,2021,REG,7,2021-10-24,Sunday,20:20,IND,SF,30,18,Home,7,14,152,-169,3.5,-117,106,41.5,-102,-110,0,outdoors,grass,64,16,00-0032950,00-0031345,Carson Wentz,Jimmy Garoppolo,Frank Reich,Kyle Shanahan,SFO01,Levi's Stadium,0.3210,0.6790,+155,-165,+3+100,-3-110,63.367,0.6528,0.3444,0.0027,15.36,26.14,41.50,5.389,-5.389,4.407,2.217
401326435,2021,REG,7,2021-10-25,Monday,20:15,NO,SEA,13,10,Home,15,8,-237,208,-6,-104,-106,42,-102,-109,0,outdoors,fieldturf,54,16,00-0031503,00-0030565,Jameis Winston,Geno Smith,Sean Payton,Pete Carroll,SEA00,Lumen Field,0.7420,0.2580,-230,+210,-5½-110,+6-110,59.282,0.4071,0.5896,0.0032,24.13,17.87,42.00,-3.134,3.134,-0.342,2.593
401326436,2021,REG,8,2021-10-28,Thursday,20:20,GB,ARI,24,21,Home,4,4,242,-279,6.5,-104,-106,51,-105,-106,0,open,grass ,,,00-0023459,00-0035228,Aaron Rodgers,Kyler Murray,Matt LaFleur,Kliff Kingsbury,PHO00,State Farm Stadium,0.3270,0.6730,+240,-260,+6½-110,-6½-110,80.636,0.6740,0.3233,0.0026,19.35,31.65,51.00,6.149,-6.149,3.688,5.281
401326437,2021,REG,8,2021-10-31,Sunday,13:00,CAR,ATL,19,13,Home,7,7,117,-129,2.5,-109,-101,47,-111,100,1,open,fieldturf,,,00-0034869,00-0026143,Sam Darnold,Matt Ryan,Matt Rhule,Arthur Smith,ATL97,Mercedes-Benz Stadium,0.4140,0.5860,+115,-122,+2½-110,-1½-110,15.663,0.4847,0.5113,0.0038,23.70,22.80,46.50,-0.452,0.452,-5.502,-4.474
401326438,2021,REG,8,2021-10-31,Sunday,13:00,MIA,BUF,11,26,Home,7,13,709,-983,15,-108,-102,48.5,-103,-108,1,outdoors,a_turf,54,9,00-0036212,00-0034857,Tua Tagovailoa,Josh Allen,Brian Flores,Sean McDermott,BUF00,New Era Field,0.0950,0.9050,+850,-1060,+15½-110,-14½-110,55.326,0.8786,0.1204,0.0009,8.42,40.08,48.50,15.826,-15.826,8.594,-1.285
401326439,2021,REG,8,2021-10-31,Sunday,13:00,SF,CHI,33,22,Home,7,7,-210,186,-4.5,-103,-107,40,102,-114,0,outdoors,grass ,53,12,00-0031345,00-0036945,Jimmy Garoppolo,Justin Fields,Kyle Shanahan,Matt Nagy,CHI98,Soldier Field,0.5970,0.4030,-200,+185,-4½-110,+4½-110,49.689,0.4054,0.5913,0.0032,23.18,16.82,40.00,-3.179,3.179,-4.483,4.407
401326440,2021,REG,8,2021-10-31,Sunday,13:00,PIT,CLE,15,10,Home,14,10,196,-222,5.5,-108,-102,43,-105,-106,1,outdoors,grass ,57,13,00-0022924,00-0034855,Ben Roethlisberger,Baker Mayfield,Mike Tomlin,Kevin Stefanski,CLE00,FirstEnergy Stadium,0.4210,0.5790,+210,-215,+5-110,-4½-110,45.852,0.5612,0.4353,0.0035,19.36,23.64,43.00,2.142,-2.142,0.372,-1.471
401326441,2021,REG,8,2021-10-31,Sunday,13:00,PHI,DET,44,6,Home,7,7,-168,151,-3,-116,105,48.5,-110,-101,0,dome,fieldturf,,,00-0036389,00-0033106,Jalen Hurts,Jared Goff,Nick Sirianni,Dan Campbell,DET00,Ford Field,0.6820,0.3180,-165,+150,-3-110,+3+100,26.638,0.4290,0.5675,0.0034,26.36,21.64,48.00,-2.358,2.358,-6.039,0.155
401326442,2021,REG,8,2021-10-31,Sunday,13:00,LA,HOU,38,22,Home,7,7,-1010,724,-17,107,-118,47,-108,-103,0,closed,astroturf,,,00-0026498,00-0036898,Matthew Stafford,Davis Mills,Sean McVay,David Culley,HOU00,NRG Stadium,0.9580,0.0420,-1400,+940,-16½-110,+16½-110,41.947,0.1580,0.8407,0.0012,37.02,9.98,47.00,-13.521,13.521,-8.598,5.989
401326443,2021,REG,8,2021-10-31,Sunday,13:00,TEN,IND,34,31,Home,7,7,144,-160,3,-102,-108,51,-112,101,1,open,fieldturf,,,00-0029701,00-0032950,Ryan Tannehill,Carson Wentz,Mike Vrabel,Frank Reich,IND00,Lucas Oil Stadium,0.5270,0.4730,+140,-150,+3-110,-3-110,63.759,0.5361,0.4601,0.0037,24.21,26.79,51.00,1.29,-1.29,2.217,1.585
401326444,2021,REG,8,2021-10-31,Sunday,13:00,CIN,NYJ,31,34,Home,7,7,-510,411,-11.5,-105,-105,43.5,-109,-102,0,outdoors,fieldturf,63,11,00-0036442,00-0034401,Joe Burrow,Mike White,Zac Taylor,Robert Saleh,NYC01,MetLife Stadium,0.7330,0.2670,-540,+475,-11½-110,+12-110,26.374,0.2332,0.7649,0.0018,31.31,11.70,43.00,-9.805,9.805,-8.065,1.619
401326445,2021,REG,8,2021-10-31,Sunday,16:05,NE,LAC,27,24,Home,7,14,163,-183,3.5,-101,-109,50.5,-106,-105,0,dome,matrixturf,,,00-0036972,00-0036355,Mac Jones,Justin Herbert,Bill Belichick,Brandon Staley,LAX01,SoFi Stadium,0.3460,0.6540,+172,-185,+4-110,-3½-110,70.805,0.6185,0.3784,0.0030,21.12,29.38,50.50,4.132,-4.132,1.79,4.991
401326446,2021,REG,8,2021-10-31,Sunday,16:05,JAX,SEA,7,31,Home,14,6,171,-192,4,-105,-105,44,-101,-111,0,outdoors,fieldturf,54,8,00-0036971,00-0030565,Trevor Lawrence,Geno Smith,Urban Meyer,Pete Carroll,SEA00,Lumen Field,0.2350,0.7650,+174,-185,+4-110,-3½-110,31.99,0.7053,0.2923,0.0023,14.91,29.59,44.50,7.344,-7.344,-0.342,-8.536
401326447,2021,REG,8,2021-10-31,Sunday,16:25,WAS,DEN,10,17,Home,7,10,170,-191,4,-108,-102,45,-116,104,0,outdoors,grass ,41,4,00-0031800,00-0031237,Taylor Heinicke,Teddy Bridgewater,Ron Rivera,Vic Fangio,DEN00,Empower Field at Mile High,0.2810,0.7190,+176,-189,+4-110,-3½-110,44.275,0.6899,0.3076,0.0024,15.50,29.00,44.50,6.748,-6.748,0.478,-2.937
401326448,2021,REG,8,2021-10-31,Sunday,16:25,TB,NO,27,36,Home,7,6,-188,168,-4,-101,-109,48.5,-109,-102,1,dome,sportturf,,,00-0019596,00-0031503,Tom Brady,Jameis Winston,Bruce Arians,Sean Payton,NOR00,Mercedes-Benz Superdome,0.5490,0.4510,-185,+180,-4-110,+4-110,88.475,0.3564,0.6406,0.0028,28.92,19.08,48.00,-4.921,4.921,2.593,8.245
401326449,2021,REG,8,2021-10-31,Sunday,20:20,DAL,MIN,20,16,Home,14,14,193,-219,4.5,-109,-101,49.5,-110,-101,0,dome,sportturf,,,00-0033662,00-0029604,Cooper Rush,Kirk Cousins,Mike McCarthy,Mike Zimmer,MIN01,U.S. Bank Stadium,0.3550,0.6450,+190,-205,+4½-110,-4-110,59.878,0.6027,0.3940,0.0036,22.87,26.13,49.00,1.63,-1.63,0.988,1.67
401326450,2021,REG,8,2021-11-01,Monday,20:15,NYG,KC,17,20,Home,8,8,425,-530,10.5,-107,-103,53,-101,-110,0,outdoors,grass ,39,4,00-0035710,00-0033873,Daniel Jones,Patrick Mahomes,Joe Judge,Andy Reid,KAN00,GEHA Field at Arrowhead Stadium,0.1550,0.8450,+435,-525,+11-110,-10½-110,50.406,0.7460,0.2519,0.0020,17.51,35.50,53.00,8.995,-8.995,6.216,-5.536
401326451,2021,REG,9,2021-11-04,Thursday,20:20,NYJ,IND,30,45,Home,4,4,410,-509,10.5,-108,-102,46,-111,-101,0,closed,fieldturf,,,00-0034401,00-0032950,Mike White,Carson Wentz,Robert Saleh,Frank Reich,IND00,Lucas Oil Stadium,0.2000,0.8000,+400,-470,+10½-110,-10-110,43.189,0.7874,0.2108,0.0016,11.98,33.52,45.50,10.772,-10.772,2.217,-8.065
401326452,2021,REG,9,2021-11-07,Sunday,13:00,MIN,BAL,31,34,Home,7,14,262,-305,7.5,-117,106,51,-109,-102,0,outdoors,grass,56,8,00-0029604,00-0034796,Kirk Cousins,Lamar Jackson,Mike Zimmer,John Harbaugh,BAL00,M&T Bank Stadium,0.2700,0.7300,+280,-324,+7+100,-7-110,55.781,0.6347,0.3623,0.0029,20.81,30.19,51.00,4.687,-4.687,1.007,0.988
401326453,2021,REG,9,2021-11-07,Sunday,13:00,NE,CAR,24,6,Home,7,7,-176,157,-3.5,-101,-109,41.5,100,-111,0,outdoors,grass ,61,16,00-0036972,00-0034869,Mac Jones,Sam Darnold,Bill Belichick,Matt Rhule,CAR00,Bank of America Stadium,0.4990,0.5010,-175,+165,-3½+100,+3½-110,52.029,0.4384,0.5580,0.0035,22.77,18.73,41.50,-2.024,2.024,-4.474,4.991
401326454,2021,REG,9,2021-11-07,Sunday,13:00,CLE,CIN,41,16,Home,7,7,117,-129,2.5,-105,-105,47.5,-106,-105,1,outdoors,fieldturf,56,0,00-0034855,00-0036442,Baker Mayfield,Joe Burrow,Kevin Stefanski,Zac Taylor,CIN00,Paul Brown Stadium,0.4860,0.5140,+110,-124,+2-110,-1½-110,57.044,0.5305,0.4657,0.0037,22.66,24.85,47.50,1.095,-1.095,1.619,0.372
401326455,2021,REG,9,2021-11-07,Sunday,13:00,DEN,DAL,30,16,Home,7,7,378,-462,10.5,-107,-103,50,-103,-108,0,closed,matrixturf,,,00-0031237,00-0033077,Teddy Bridgewater,Dak Prescott,Vic Fangio,Mike McCarthy,DAL00,AT&T Stadium,0.2800,0.7200,+407,-495,+10-105,-10-110,64.661,0.6973,0.3002,0.0024,18.00,32.00,50.00,7.002,-7.002,5.383,0.478
401326456,2021,REG,9,2021-11-07,Sunday,13:00,BUF,JAX,6,9,Home,7,7,-1101,776,-14.5,-120,109,48,-103,-108,0,outdoors,grass ,59,16,00-0034857,00-0036971,Josh Allen,Trevor Lawrence,Sean McDermott,Urban Meyer,JAX00,TIAA Bank Stadium,0.8900,0.1100,-1200,+875,-15½-110,+16½-105,50.129,0.1331,0.8657,0.0010,39.17,9.33,48.50,-14.924,14.924,-8.536,8.594
401326457,2021,REG,9,2021-11-07,Sunday,13:00,HOU,MIA,9,17,Home,7,7,166,-185,4,-112,101,45,-109,-102,0,outdoors,grass ,72,19,00-0028118,00-0033119,Tyrod Taylor,Jacoby Brissett,David Culley,Brian Flores,MIA00,Hard Rock Stadium,0.2970,0.7030,+170,-180,+4-110,-3½-110,27.834,0.7357,0.2621,0.0021,13.97,31.03,45.00,8.527,-8.527,-2.249,-9.988
401326458,2021,REG,9,2021-11-07,Sunday,13:00,ATL,NO,27,25,Home,7,7,240,-277,7,-117,106,43,-101,-110,1,dome,sportturf,,,00-0026143,00-0032156,Matt Ryan,Trevor Siemian,Arthur Smith,Sean Payton,NOR00,Mercedes-Benz Superdome,0.2120,0.7880,+260,-290,+7-110,-6½-110,41.099,0.6921,0.3054,0.0024,14.70,28.30,43.00,6.802,-6.802,1.264,-5.502
401326459,2021,REG,9,2021-11-07,Sunday,13:00,LV,NYG,16,23,Home,14,6,-152,137,-3,-102,-108,47,-108,-103,0,outdoors,fieldturf,54,4,00-0031280,00-0035710,Derek Carr,Daniel Jones,Rich Bisaccia,Joe Judge,NYC01,MetLife Stadium,0.6450,0.3550,-155,+141,-3-110,+3-110,19.521,0.4538,0.5425,0.0036,25.00,22.00,47.00,-1.499,1.499,-5.536,-2.433
401326460,2021,REG,9,2021-11-07,Sunday,16:05,LAC,PHI,27,24,Home,7,7,-106,-104,-1,-101,-110,49.5,-105,-106,0,outdoors,grass ,54,11,00-0036355,00-0036389,Justin Herbert,Jalen Hurts,Brandon Staley,Nick Sirianni,PHI00,Lincoln Financial Field,0.5490,0.4510,-114,+103,-1-110,+1½-110,56.94,0.5041,0.4919,0.0039,24.30,24.71,49.00,0.205,-0.205,0.155,1.79
401326461,2021,REG,9,2021-11-07,Sunday,16:25,GB,KC,7,13,Home,10,6,275,-322,7,-107,-104,48,-102,-109,0,outdoors,grass ,51,12,00-0036264,00-0033873,Jordan Love,Patrick Mahomes,Matt LaFleur,Andy Reid,KAN00,GEHA Field at Arrowhead Stadium,0.2480,0.7520,+304,-330,+7½-110,-7-110,73.986,0.5824,0.4142,0.0033,21.14,26.86,48.00,2.86,-2.86,6.216,1.868
401326462,2021,REG,9,2021-11-07,Sunday,16:25,ARI,SF,31,17,Home,10,7,207,-235,5.5,-105,-105,44.5,-109,-102,1,outdoors,grass,57,8,00-0027688,00-0031345,Colt McCoy,Jimmy Garoppolo,Kliff Kingsbury,Kyle Shanahan,SFO01,Levi's Stadium,0.4250,0.5750,+216,-240,+5½-110,-5½-110,64.142,0.5249,0.4713,0.0037,21.35,23.15,44.50,0.904,-0.904,4.407,0.302
401326463,2021,REG,9,2021-11-07,Sunday,20:20,TEN,LA,28,16,Home,7,7,296,-350,7,103,-114,53.5,-111,-100,0,dome,matrixturf,,,00-0029701,00-0026498,Ryan Tannehill,Matthew Stafford,Mike Vrabel,Sean McVay,LAX01,SoFi Stadium,0.2420,0.7580,+300,-320,+7-105,-7-110,66.986,0.7113,0.2863,0.0023,19.21,34.29,53.50,7.544,-7.544,5.989,1.585
401326464,2021,REG,9,2021-11-08,Monday,20:15,CHI,PIT,27,29,Home,8,8,263,-306,7,-109,-101,40,-103,-108,0,outdoors,grass ,55,7,00-0036945,00-0022924,Justin Fields,Ben Roethlisberger,Matt Nagy,Mike Tomlin,PIT00,Heinz Field,0.2250,0.7750,+270,-310,+7-110,-7-110,32.142,0.6803,0.3170,0.0025,13.64,26.36,40.00,6.356,-6.356,-1.471,-4.483
401326465,2021,REG,10,2021-11-11,Thursday,20:20,BAL,MIA,10,22,Home,4,4,-390,326,-8.5,-106,-104,46.5,-106,-105,0,outdoors,grass ,77,4,00-0034796,00-0033119,Lamar Jackson,Jacoby Brissett,John Harbaugh,Brian Flores,MIA00,Hard Rock Stadium,0.8430,0.1570,-410,+360,-8½-110,+8½-110,44.965,0.3623,0.6347,0.0029,28.17,18.83,47.00,-4.669,4.669,-2.249,1.007
401326466,2021,REG,10,2021-11-14,Sunday,13:00,ATL,DAL,3,43,Home,7,7,328,-392,8,-105,-105,55,-108,-103,0,closed,matrixturf,,,00-0026143,00-0033077,Matt Ryan,Dak Prescott,Arthur Smith,Mike McCarthy,DAL00,AT&T Stadium,0.1990,0.8010,+310,-350,+7½-110,-7½-110,49.896,0.7479,0.2500,0.0020,18.51,36.49,55.00,8.993,-8.993,5.383,-5.502
401326467,2021,REG,10,2021-11-14,Sunday,13:00,JAX,IND,17,23,Home,7,10,358,-434,10.5,-115,104,47.5,-108,-103,1,closed,fieldturf,,,00-0036971,00-0032950,Trevor Lawrence,Carson Wentz,Urban Meyer,Frank Reich,IND00,Lucas Oil Stadium,0.2010,0.7990,+415,-450,+10½-110,-10½-110,44.693,0.7807,0.2175,0.0017,13.58,34.42,48.00,10.419,-10.419,2.217,-8.536
401326468,2021,REG,10,2021-11-14,Sunday,13:00,CLE,NE,7,45,Home,7,7,119,-132,2.5,-104,-106,45.5,-108,-103,0,outdoors,fieldturf,48,6,00-0034855,00-0036972,Baker Mayfield,Mac Jones,Kevin Stefanski,Bill Belichick,BOS00,Gillette Stadium,0.5080,0.4920,+125,-135,+2½-105,-2½-110,63.934,0.5653,0.4312,0.0034,19.99,24.51,44.50,2.263,-2.263,4.991,0.372
401326469,2021,REG,10,2021-11-14,Sunday,13:00,BUF,NYJ,45,17,Home,7,10,-685,527,-13,101,-111,47,104,-116,1,outdoors,fieldturf,47,4,00-0034857,00-0034401,Josh Allen,Mike White,Sean McDermott,Robert Saleh,NYC01,MetLife Stadium,0.8640,0.1360,-745,+600,-13-110,+13½-110,51.332,0.1701,0.8284,0.0013,36.99,11.51,48.50,-12.742,12.742,-8.065,8.594
401326470,2021,REG,10,2021-11-14,Sunday,13:00,DET,PIT,16,16,Home,14,6,303,-359,9,-121,110,43,-114,102,0,outdoors,grass ,37,12,00-0033106,00-0034771,Jared Goff,Mason Rudolph,Dan Campbell,Mike Tomlin,PIT00,Heinz Field,0.1960,0.8040,+210,-240,+6-110,-5½-110,19.798,0.7010,0.2966,0.0023,13.14,27.36,40.50,7.112,-7.112,-2.686,-6.039
401326471,2021,REG,10,2021-11-14,Sunday,13:00,NO,TEN,21,23,Home,7,7,133,-147,3,-114,103,44,-109,-102,0,outdoors,grass ,53,12,00-0032156,00-0029701,Trevor Siemian,Ryan Tannehill,Sean Payton,Mike Vrabel,NAS00,Nissan Stadium,0.3210,0.6790,+135,-150,+3-110,-3+100,60.415,0.6018,0.3949,0.0031,17.74,24.76,42.50,3.514,-3.514,1.585,1.264
401326472,2021,REG,10,2021-11-14,Sunday,13:00,TB,WAS,19,29,Home,14,14,-435,359,-10,106,-117,51,-109,-102,0,outdoors,grass ,47,8,00-0019596,00-0031800,Tom Brady,Taylor Heinicke,Bruce Arians,Ron Rivera,WAS00,FedExField,0.8020,0.1980,-430,+400,-9½-110,+10-110,68.862,0.2194,0.7787,0.0017,35.83,15.17,51.00,-10.333,10.333,-2.937,8.245
401326473,2021,REG,10,2021-11-14,Sunday,16:05,CAR,ARI,34,10,Home,7,7,280,-329,7,-103,-107,42,-113,101,0,closed,grass ,,,00-0033275,00-0027688,Phillip Walker,Colt McCoy,Matt Rhule,Kliff Kingsbury,PHO00,State Farm Stadium,0.1730,0.8270,+290,-320,+7-105,-7-110,41.676,0.7634,0.2347,0.0018,11.10,30.40,41.50,9.653,-9.653,0.302,-3.815
401326474,2021,REG,10,2021-11-14,Sunday,16:05,MIN,LAC,27,20,Home,7,7,160,-179,3,111,-123,53.5,-104,-107,0,dome,matrixturf,,,00-0029604,00-0036355,Kirk Cousins,Justin Herbert,Mike Zimmer,Brandon Staley,LAX01,SoFi Stadium,0.4130,0.5870,+170,-175,+3½-110,-3½+100,59.151,0.5900,0.4066,0.0032,23.64,29.86,53.50,3.107,-3.107,1.79,0.988
401326475,2021,REG,10,2021-11-14,Sunday,16:25,PHI,DEN,30,13,Home,7,7,101,-111,1,-108,-102,44.5,-103,-108,0,outdoors,grass ,57,19,00-0036389,00-0031237,Jalen Hurts,Teddy Bridgewater,Nick Sirianni,Vic Fangio,DEN00,Empower Field at Mile High,0.3570,0.6430,+100,-110,+1-110,+0-110,52.148,0.6334,0.3635,0.0029,18.38,27.62,46.00,4.623,-4.623,0.478,0.155
401326476,2021,REG,10,2021-11-14,Sunday,16:25,SEA,GB,0,17,Home,14,7,151,-168,3,104,-115,49.5,-117,105,0,outdoors,grass ,35,11,00-0029263,00-0023459,Russell Wilson,Aaron Rodgers,Pete Carroll,Matt LaFleur,GNB00,Lambeau Field,0.3560,0.6440,+170,-165,+3½-110,-3-110,74.852,0.5489,0.4474,0.0035,22.79,26.21,49.00,1.71,-1.71,5.281,2.373
401326477,2021,REG,10,2021-11-14,Sunday,20:20,KC,LV,41,14,Home,7,7,-147,133,-2.5,-123,111,53.5,-108,-103,1,dome,grass,,,00-0033873,00-0031280,Patrick Mahomes,Derek Carr,Andy Reid,Rich Bisaccia,VEG00,Allegiant Stadium,0.6710,0.3290,-145,+130,-2½-110,+3-120,65.113,0.4720,0.5241,0.0037,27.63,25.87,53.50,-0.877,0.877,-2.433,6.216
401326478,2021,REG,10,2021-11-15,Monday,20:15,LA,SF,10,31,Home,8,8,-177,158,-3.5,-100,-110,50,-110,-102,1,outdoors,grass,59,0,00-0026498,00-0031345,Matthew Stafford,Jimmy Garoppolo,Sean McVay,Kyle Shanahan,SFO01,Levi's Stadium,0.6730,0.3270,-180,+175,-3½-110,+3½-105,85.764,0.3975,0.5992,0.0031,28.43,21.57,50.00,-3.426,3.426,4.407,5.989
401326479,2021,REG,11,2021-11-18,Thursday,20:20,NE,ATL,25,0,Home,4,4,-329,280,-7,-111,101,47.5,-108,-103,0,closed,fieldturf,,,00-0036972,00-0026143,Mac Jones,Matt Ryan,Bill Belichick,Arthur Smith,ATL97,Mercedes-Benz Stadium,0.6390,0.3610,-310,+270,-7-110,+7-110,48.049,0.3057,0.6918,0.0024,30.24,16.77,47.00,-6.735,6.735,-5.502,4.991
401326480,2021,REG,11,2021-11-21,Sunday,13:00,IND,BUF,41,15,Home,7,7,274,-320,7.5,-116,105,49.5,-111,100,0,outdoors,a_turf,49,12,00-0032950,00-0034857,Carson Wentz,Josh Allen,Frank Reich,Sean McDermott,BUF00,New Era Field,0.2480,0.7520,+280,-290,+7-110,-7+100,73.326,0.7633,0.2348,0.0018,15.14,34.36,49.50,9.613,-9.613,8.594,2.217
401326481,2021,REG,11,2021-11-21,Sunday,13:00,WAS,CAR,27,21,Home,7,7,154,-172,3.5,-114,103,43,-108,-103,0,outdoors,grass ,54,0,00-0031800,00-0027939,Taylor Heinicke,Cam Newton,Ron Rivera,Matt Rhule,CAR00,Bank of America Stadium,0.4900,0.5100,+155,-170,+3+105,-3-110,25.253,0.6268,0.3701,0.0029,17.13,25.87,43.00,4.372,-4.372,-3.815,-2.937
401326482,2021,REG,11,2021-11-21,Sunday,13:00,BAL,CHI,16,13,Home,10,13,-226,199,-5,-103,-107,43,-104,-107,0,outdoors,grass ,46,9,00-0035993,00-0036945,Tyler Huntley,Justin Fields,John Harbaugh,Matt Nagy,CHI98,Soldier Field,0.5270,0.4730,-120,+110,-1-110,+2-110,28.007,0.4818,0.5142,0.0038,22.54,21.46,44.00,-0.542,0.542,-4.483,-1.314
401326483,2021,REG,11,2021-11-21,Sunday,13:00,DET,CLE,10,13,Home,7,7,465,-590,13,-106,-104,42.5,-103,-108,0,outdoors,grass ,42,7,00-0034177,00-0034855,Tim Boyle,Baker Mayfield,Dan Campbell,Kevin Stefanski,CLE00,FirstEnergy Stadium,0.1070,0.8930,+550,-660,+13-110,-13-110,36.144,0.8168,0.1817,0.0014,9.15,33.35,42.50,12.096,-12.096,0.372,-8.675
401326484,2021,REG,11,2021-11-21,Sunday,13:00,SF,JAX,30,10,Home,6,7,-281,243,-6.5,-106,-104,45,-103,-108,0,outdoors,grass ,68,17,00-0031345,00-0036971,Jimmy Garoppolo,Trevor Lawrence,Kyle Shanahan,Urban Meyer,JAX00,TIAA Bank Stadium,0.7330,0.2670,-270,+250,-6½-110,+6½-101,34.667,0.3546,0.6425,0.0028,27.43,17.57,45.00,-4.927,4.927,-8.536,4.407
401326485,2021,REG,11,2021-11-21,Sunday,13:00,GB,MIN,31,34,Home,7,7,-111,101,-1,-105,-105,48,-113,102,1,dome,sportturf,,,00-0023459,00-0029604,Aaron Rodgers,Kirk Cousins,Matt LaFleur,Mike Zimmer,MIN01,U.S. Bank Stadium,0.4940,0.5060,-114,+100,-1-110,+1½-110,74.78,0.4536,0.5427,0.0036,25.24,22.26,47.50,-1.494,1.494,0.988,5.281
401326486,2021,REG,11,2021-11-21,Sunday,13:00,MIA,NYJ,24,17,Home,10,7,-181,162,-3.5,-103,-107,44.5,101,-112,1,outdoors,fieldturf,52,4,00-0036212,00-0026158,Tua Tagovailoa,Joe Flacco,Brian Flores,Robert Saleh,NYC01,MetLife Stadium,0.5180,0.4820,-180,+176,-4-110,+4-110,15.806,0.3940,0.6028,0.0031,25.78,18.72,44.50,-3.534,3.534,-8.065,-1.285
401326487,2021,REG,11,2021-11-21,Sunday,13:00,NO,PHI,29,40,Home,7,7,130,-144,2.5,106,-117,42.5,-111,-100,0,outdoors,grass ,51,4,00-0032156,00-0036389,Trevor Siemian,Jalen Hurts,Sean Payton,Nick Sirianni,PHI00,Lincoln Financial Field,0.4650,0.5350,+150,-145,+3-110,-3-105,55.368,0.4820,0.5141,0.0038,21.79,20.71,42.50,-0.537,0.537,0.155,1.264
401326488,2021,REG,11,2021-11-21,Sunday,13:00,HOU,TEN,22,13,Home,14,7,377,-462,10.5,-110,-100,44.5,-110,-101,1,outdoors,grass ,59,8,00-0028118,00-0029701,Tyrod Taylor,Ryan Tannehill,David Culley,Mike Vrabel,NAS00,Nissan Stadium,0.1260,0.8740,+400,-440,+10-110,-10-110,36.311,0.8295,0.1691,0.0013,9.50,35.00,44.50,12.748,-12.748,1.585,-9.988
401326489,2021,REG,11,2021-11-21,Sunday,16:05,CIN,LV,32,13,Home,14,7,-123,112,-1,-115,105,50.5,-110,-101,0,dome,grass,,,00-0036442,00-0031280,Joe Burrow,Derek Carr,Zac Taylor,Rich Bisaccia,VEG00,Allegiant Stadium,0.4960,0.5040,-130,+120,-2-110,+2½-105,46.609,0.4988,0.4971,0.0039,25.22,25.28,50.50,0.03,-0.03,-2.433,1.619
401326490,2021,REG,11,2021-11-21,Sunday,16:25,DAL,KC,9,19,Home,7,7,122,-134,2.5,-101,-110,56,-115,103,0,outdoors,grass ,57,17,00-0033077,00-0033873,Dak Prescott,Patrick Mahomes,Mike McCarthy,Andy Reid,KAN00,GEHA Field at Arrowhead Stadium,0.3730,0.6270,+130,-135,+2½+100,-2½-110,85.578,0.4915,0.5045,0.0039,28.22,27.78,56.00,-0.218,0.218,6.216,5.383
401326491,2021,REG,11,2021-11-21,Sunday,16:25,ARI,SEA,23,13,Home,7,7,135,-150,2.5,111,-122,46,-113,101,1,outdoors,fieldturf,46,0,00-0027688,00-0029263,Colt McCoy,Russell Wilson,Kliff Kingsbury,Pete Carroll,SEA00,Lumen Field,0.4650,0.5350,+200,-165,+5-110,-3-110,58.334,0.5615,0.4349,0.0034,21.62,25.88,47.50,2.126,-2.126,2.373,0.302
401326492,2021,REG,11,2021-11-21,Sunday,20:20,PIT,LAC,37,41,Home,7,7,220,-251,5.5,103,-114,47.5,-105,-106,0,dome,matrixturf,,,00-0022924,00-0036355,Ben Roethlisberger,Justin Herbert,Mike Tomlin,Brandon Staley,LAX01,SoFi Stadium,0.4010,0.5990,+245,-260,+6½-105,-6½-105,50.797,0.6438,0.3533,0.0028,18.78,28.72,47.50,4.974,-4.974,1.79,-1.471
401326493,2021,REG,11,2021-11-22,Monday,20:15,NYG,TB,10,30,Home,15,8,423,-527,11.5,-113,102,49.5,-102,-109,0,outdoors,grass ,68,6,00-0035710,00-0019596,Daniel Jones,Tom Brady,Joe Judge,Bruce Arians,TAM00,Raymond James Stadium,0.2110,0.7890,+450,-500,+11-110,-10½-110,52.322,0.7846,0.2136,0.0017,14.44,35.56,50.00,10.557,-10.557,8.245,-5.536
401326494,2021,REG,12,2021-11-25,Thursday,12:30,CHI,DET,16,14,Home,4,4,-129,115,-2,-107,-104,41.5,-103,-108,1,dome,fieldturf,,,00-0027973,00-0033106,Andy Dalton,Jared Goff,Matt Nagy,Dan Campbell,DET00,Ford Field,0.5760,0.4240,-130,+118,-2-110,+2½-110,14.655,0.4350,0.5614,0.0034,22.87,18.63,41.50,-2.117,2.117,-6.039,-3.967
401326495,2021,REG,12,2021-11-25,Thursday,16:30,LV,DAL,36,33,Home,4,4,269,-314,7,-106,-105,51,-103,-108,0,closed,matrixturf,,,00-0031280,00-0033077,Derek Carr,Dak Prescott,Rich Bisaccia,Mike McCarthy,DAL00,AT&T Stadium,0.2550,0.7450,+265,-310,+7+100,-7-110,54.65,0.7508,0.2472,0.0019,16.45,34.55,51.00,9.052,-9.052,5.383,-2.433
401326496,2021,REG,12,2021-11-25,Thursday,20:20,BUF,NO,31,6,Home,4,4,-270,235,-7,100,-112,45,-110,-101,0,dome,sportturf,,,00-0034857,00-0032156,Josh Allen,Trevor Siemian,Sean McDermott,Sean Payton,NOR00,Mercedes-Benz Superdome,0.6010,0.3990,-270,+245,-7-105,+7-110,85.851,0.3821,0.6148,0.0030,26.44,18.56,45.00,-3.938,3.938,1.264,8.594
401326497,2021,REG,12,2021-11-28,Sunday,13:00,PIT,CIN,10,41,Home,7,7,154,-172,3.5,-111,-100,43.5,-102,-110,1,outdoors,fieldturf,43,12,00-0022924,00-0036442,Ben Roethlisberger,Joe Burrow,Mike Tomlin,Zac Taylor,CIN00,Paul Brown Stadium,0.4120,0.5880,+160,-170,+3½-110,-3½-105,50.461,0.5438,0.4525,0.0036,20.23,23.28,43.50,1.525,-1.525,1.619,-1.471
401326498,2021,REG,12,2021-11-28,Sunday,13:00,NYJ,HOU,21,14,Home,7,7,125,-138,3,-124,111,44.5,-103,-108,0,closed,astroturf,,,00-0037013,00-0028118,Zach Wilson,Tyrod Taylor,Robert Saleh,David Culley,HOU00,NRG Stadium,0.4350,0.5650,+130,-143,+3-120,-2½-110,2.981,0.5590,0.4374,0.0035,20.21,24.29,44.50,2.036,-2.036,-9.988,-8.791
401326499,2021,REG,12,2021-11-28,Sunday,13:00,TB,IND,38,31,Home,6,7,-149,135,-3,101,-112,53,-109,-102,0,closed,fieldturf,,,00-0019596,00-0032950,Tom Brady,Carson Wentz,Bruce Arians,Frank Reich,IND00,Lucas Oil Stadium,0.6000,0.4000,-140,+135,-2½-110,+3-115,87.653,0.3953,0.6014,0.0031,29.98,23.02,53.00,-3.476,3.476,2.217,8.245
401326500,2021,REG,12,2021-11-28,Sunday,13:00,ATL,JAX,21,14,Home,10,7,-115,105,-1.5,-102,-108,46,-108,-103,0,outdoors,grass ,61,4,00-0026143,00-0036971,Matt Ryan,Trevor Lawrence,Arthur Smith,Urban Meyer,JAX00,TIAA Bank Stadium,0.5140,0.4860,-120,+110,-1½-110,+1½-110,5.268,0.4759,0.5202,0.0038,23.74,22.26,46.00,-0.738,0.738,-8.536,-5.502
401326501,2021,REG,12,2021-11-28,Sunday,13:00,CAR,MIA,10,33,Home,7,7,-119,108,-1,-110,-101,41,102,-113,0,outdoors,grass ,74,4,00-0027939,00-0036212,Cam Newton,Tua Tagovailoa,Matt Rhule,Brian Flores,MIA00,Hard Rock Stadium,0.4510,0.5490,-120,+106,-1½-110,+1½-110,34.326,0.5058,0.4902,0.0039,19.99,20.51,40.50,0.261,-0.261,-1.285,-3.815
401326502,2021,REG,12,2021-11-28,Sunday,13:00,TEN,NE,13,36,Home,7,10,262,-305,7.5,-118,106,43,-103,-108,0,outdoors,fieldturf,33,6,00-0029701,00-0036972,Ryan Tannehill,Mac Jones,Mike Vrabel,Bill Belichick,BOS00,Gillette Stadium,0.3710,0.6290,+280,-300,+7+100,-7-110,66.223,0.6729,0.3244,0.0026,15.49,27.51,43.00,6.012,-6.012,4.991,1.585
401326503,2021,REG,12,2021-11-28,Sunday,13:00,PHI,NYG,7,13,Home,7,6,-192,171,-4,100,-110,45.5,-107,-104,1,outdoors,fieldturf,39,4,00-0036389,00-0035710,Jalen Hurts,Daniel Jones,Nick Sirianni,Joe Judge,NYC01,MetLife Stadium,0.5500,0.4500,-190,+175,-4-105,+4-110,28.576,0.4365,0.5599,0.0035,24.82,20.69,45.50,-2.065,2.065,-5.536,0.155
401326504,2021,REG,12,2021-11-28,Sunday,16:05,LAC,DEN,13,28,Home,7,14,-141,127,-2.5,-114,103,47.5,-111,-100,1,outdoors,grass ,62,0,00-0036355,00-0031237,Justin Herbert,Teddy Bridgewater,Brandon Staley,Vic Fangio,DEN00,Empower Field at Mile High,0.4540,0.5460,-145,+130,-2½-110,+3-115,57.39,0.5438,0.4525,0.0036,21.98,25.03,47.00,1.525,-1.525,0.478,1.79
401326505,2021,REG,12,2021-11-28,Sunday,16:25,LA,GB,28,36,Home,13,7,-120,108,-2,-100,-110,47,-109,-102,0,outdoors,grass ,37,14,00-0026498,00-0023459,Matthew Stafford,Aaron Rodgers,Sean McVay,Matt LaFleur,GNB00,Lambeau Field,0.5870,0.4130,-118,+110,-1½-110,+2-110,87.717,0.5136,0.4824,0.0038,22.73,23.77,46.50,0.521,-0.521,5.281,5.989
401326506,2021,REG,12,2021-11-28,Sunday,16:25,MIN,SF,26,34,Home,7,7,164,-183,3.5,-108,-102,49,-101,-110,0,outdoors,grass,68,7,00-0029604,00-0031345,Kirk Cousins,Jimmy Garoppolo,Mike Zimmer,Kyle Shanahan,SFO01,Levi's Stadium,0.4070,0.5930,+176,-190,+4-110,-4-110,63.916,0.5946,0.4021,0.0032,21.26,27.74,49.00,3.242,-3.242,4.407,0.988
401326507,2021,REG,12,2021-11-28,Sunday,20:20,CLE,BAL,10,16,Home,7,7,140,-156,3,-110,-102,47,-101,-110,1,outdoors,grass,43,0,00-0034855,00-0034796,Baker Mayfield,Lamar Jackson,Kevin Stefanski,John Harbaugh,BAL00,M&T Bank Stadium,0.3750,0.6250,+141,-155,+3-110,-3+100,55.025,0.6159,0.3810,0.0030,19.77,27.73,47.50,3.976,-3.976,1.007,0.372
401326508,2021,REG,12,2021-11-29,Monday,20:15,SEA,WAS,15,17,Home,8,8,-128,116,-1,-121,108,47,-116,104,0,outdoors,grass ,41,9,00-0029263,00-0031800,Russell Wilson,Taylor Heinicke,Pete Carroll,Ron Rivera,WAS00,FedExField,0.5090,0.4910,-126,+115,-1½-110,+2-110,47.698,0.4916,0.5044,0.0039,23.46,23.04,46.50,-0.214,0.214,-2.937,2.373
401326509,2021,REG,13,2021-12-02,Thursday,20:20,DAL,NO,27,17,Home,7,7,-254,222,-6,-110,100,46,-106,-105,0,dome,sportturf,,,00-0033077,00-0033357,Dak Prescott,Taysom Hill,Mike McCarthy,Sean Payton,NOR00,Mercedes-Benz Superdome,0.5200,0.4800,-270,+250,-6½-110,+6½-101,76.038,0.4506,0.5457,0.0036,24.34,21.16,45.50,-1.586,1.586,1.264,5.383
401326510,2021,REG,13,2021-12-05,Sunday,13:00,TB,ATL,30,17,Home,7,7,-475,387,-11,-103,-108,51,-107,-104,1,closed,fieldturf,,,00-0019596,00-0026143,Tom Brady,Matt Ryan,Bruce Arians,Arthur Smith,ATL97,Mercedes-Benz Stadium,0.7450,0.2550,-515,+425,-10½-110,+11-110,58.234,0.2056,0.7927,0.0016,36.37,14.63,51.00,-10.869,10.869,-5.502,8.245
401326511,2021,REG,13,2021-12-05,Sunday,13:00,ARI,CHI,33,22,Home,14,10,-373,314,-7.5,-116,104,43.5,-101,-110,0,outdoors,grass ,34,8,00-0035228,00-0027973,Taysom Kyler Murray,Andy Dalton,Kliff Kingsbury,Matt Nagy,CHI98,Soldier Field,0.7310,0.2690,-350,+310,-7½-110,+8-110,48.872,0.2509,0.7470,0.0020,30.37,12.63,43.00,-8.872,8.872,-3.967,3.688
401326512,2021,REG,13,2021-12-05,Sunday,13:00,LAC,CIN,41,22,Home,7,7,127,-141,2.5,104,-116,49.5,-101,-111,0,outdoors,fieldturf,48,11,00-0036355,00-0036442,Justin Herbert,Joe Burrow,Brandon Staley,Zac Taylor,CIN00,Paul Brown Stadium,0.4340,0.5660,+130,-134,+3-119,-2½-110,61.468,0.5428,0.4535,0.0036,23.26,26.24,49.50,1.489,-1.489,1.619,1.79
401326513,2021,REG,13,2021-12-05,Sunday,13:00,MIN,DET,27,29,Home,7,10,-296,255,-7,-104,-107,47.5,-107,-104,1,dome,fieldturf,,,00-0029604,00-0033106,Kirk Cousins,Jared Goff,Mike Zimmer,Dan Campbell,DET00,Ford Field,0.7720,0.2280,-310,+270,-7-110,+7-105,29.63,0.3192,0.6782,0.0025,29.94,17.56,47.50,-6.19,6.19,-6.039,0.988
401326514,2021,REG,13,2021-12-05,Sunday,13:00,IND,HOU,31,0,Home,7,7,-408,339,-10,-105,-106,45.5,-107,-104,1,closed,astroturf,,,00-0032950,00-0028118,Carson Wentz,Tyrod Taylor,Frank Reich,David Culley,HOU00,NRG Stadium,0.7420,0.2580,-450,+400,-10-110,+10½-110,24.713,0.2407,0.7573,0.0019,32.05,13.45,45.50,-9.303,9.303,-9.988,2.217
401326516,2021,REG,13,2021-12-05,Sunday,13:00,NYG,MIA,9,20,Home,7,7,253,-293,6.5,108,-120,40,100,-111,0,outdoors,grass ,80,11,00-0030520,00-0036212,Mike Glennon,Tua Tagovailoa,Joe Judge,Brian Flores,MIA00,Hard Rock Stadium,0.2970,0.7030,+264,-300,+7-110,-7+100,32.151,0.6795,0.3178,0.0025,13.76,26.24,40.00,6.24,-6.24,-1.285,-7.894
401326517,2021,REG,13,2021-12-05,Sunday,13:00,PHI,NYJ,33,18,Home,7,7,-199,177,-5,102,-113,44,-102,-109,0,outdoors,fieldturf,45,0,00-0035289,00-0037013,Gardner Minshew,Zach Wilson,Nick Sirianni,Robert Saleh,NYC01,MetLife Stadium,0.6720,0.3280,-206,+195,-4½-110,+5½-110,17.164,0.3241,0.6732,0.0026,28.01,16.00,44.00,-6.005,6.005,-8.791,-0.477
401326518,2021,REG,13,2021-12-05,Sunday,16:05,WAS,LV,17,15,Home,6,10,116,-128,1,108,-121,47.5,-114,103,0,dome,grass,,,00-0031800,00-0031280,Taylor Heinicke,Derek Carr,Ron Rivera,Rich Bisaccia,VEG00,Allegiant Stadium,0.4060,0.5940,+115,-125,+2½-110,-1½-110,35.526,0.6176,0.3792,0.0030,19.72,27.78,47.50,4.027,-4.027,-2.433,-2.937
401326519,2021,REG,13,2021-12-05,Sunday,16:05,JAX,LA,7,37,Home,7,7,597,-796,14,-103,-108,48,-109,-102,0,dome,matrixturf,,,00-0036971,00-0026498,Trevor Lawrence,Matthew Stafford,Urban Meyer,Sean McVay,LAX01,SoFi Stadium,0.1130,0.8870,+610,-810,+14-110,-14-105,49.656,0.8557,0.1430,0.0011,9.88,38.12,48.00,14.124,-14.124,5.989,-8.536
401326520,2021,REG,13,2021-12-05,Sunday,16:25,BAL,PIT,19,20,Home,7,7,-195,174,-4,-104,-107,44,-109,-102,1,outdoors,grass ,50,7,00-0034796,00-0022924,Lamar Jackson,Ben Roethlisberger,John Harbaugh,Mike Tomlin,PIT00,Heinz Field,0.5860,0.4140,-190,+190,-4-110,+4½-110,48.115,0.4278,0.5687,0.0034,24.36,19.64,44.00,-2.356,2.356,-1.471,1.007
401326521,2021,REG,13,2021-12-05,Sunday,16:25,SF,SEA,23,30,Home,7,6,-138,125,-3,108,-120,44.5,-103,-108,1,outdoors,fieldturf,41,4,00-0031345,00-0029263,Jimmy Garoppolo,Russell Wilson,Kyle Shanahan,Pete Carroll,SEA00,Lumen Field,0.5140,0.4860,-130,+135,-2½-110,+3-115,75.679,0.4778,0.5183,0.0038,22.93,21.58,44.50,-0.675,0.675,2.373,4.407
401326515,2021,REG,13,2021-12-05,Sunday,20:20,DEN,KC,9,22,Home,7,14,323,-387,8.5,-106,-105,46.5,-108,-103,1,outdoors,grass ,58,22,00-0031237,00-0033873,Teddy Bridgewater,Patrick Mahomes,Vic Fangio,Andy Reid,KAN00,GEHA Field at Arrowhead Stadium,0.2450,0.7550,+340,-360,+9-110,-7½-110,60.418,0.6826,0.3148,0.0025,16.90,29.60,46.50,6.354,-6.354,6.216,0.478
401326522,2021,REG,13,2021-12-06,Monday,20:15,NE,BUF,14,10,Home,8,11,132,-146,3,-116,104,40,-102,-109,1,outdoors,a_turf,36,27,00-0036972,00-0034857,Mac Jones,Josh Allen,Bill Belichick,Sean McDermott,BUF00,New Era Field,0.3710,0.6290,+130,-144,+3-110,-2½-120,82.477,0.6427,0.3543,0.0028,15.09,24.91,40.00,4.907,-4.907,8.594,4.991
401326523,2021,REG,14,2021-12-09,Thursday,20:20,PIT,MIN,28,36,Home,4,4,157,-175,3.5,-117,105,45,-104,-107,0,dome,sportturf,,,00-0022924,00-0029604,Ben Roethlisberger,Kirk Cousins,Mike Tomlin,Mike Zimmer,MIN01,U.S. Bank Stadium,0.3920,0.6080,+165,-170,+3½-110,-3½+100,48.484,0.6229,0.3740,0.0030,18.30,26.70,45.00,4.203,-4.203,0.988,-1.471
401326524,2021,REG,14,2021-12-12,Sunday,13:00,ATL,CAR,29,21,Home,7,14,123,-136,2.5,-104,-107,41,105,-116,1,outdoors,grass ,48,9,00-0026143,00-0027939,Matt Ryan,Cam Newton,Arthur Smith,Matt Rhule,CAR00,Bank of America Stadium,0.3550,0.6450,+125,-140,+2½+100,-2½-110,26.164,0.6753,0.3220,0.0025,14.68,26.82,41.50,6.073,-6.073,-3.815,-5.502
401326526,2021,REG,14,2021-12-12,Sunday,13:00,BAL,CLE,22,24,Home,7,14,135,-150,3,-104,-107,44,-103,-108,1,outdoors,grass ,46,14,00-0034796,00-0034855,Lamar Jackson,Baker Mayfield,John Harbaugh,Kevin Stefanski,CLE00,FirstEnergy Stadium,0.4320,0.5680,+140,-150,+3-110,-3-105,54.551,0.5346,0.4616,0.0037,20.79,23.21,44.00,1.214,-1.214,0.372,1.007
401326527,2021,REG,14,2021-12-12,Sunday,13:00,SEA,HOU,33,13,Home,7,7,-401,334,-10,104,-116,40.5,105,-117,0,open,astroturf,,,00-0029263,00-0036898,Russell Wilson,Davis Mills,Pete Carroll,David Culley,HOU00,NRG Stadium,0.6780,0.3220,-420,+374,-9-110,+9½-110,26.791,0.2757,0.7220,0.0022,28.34,12.66,41.00,-7.844,7.844,-8.598,2.373
401326528,2021,REG,14,2021-12-12,Sunday,13:00,LV,KC,9,48,Home,7,7,365,-444,10,-108,-103,48,-103,-108,1,outdoors,grass ,47,19,00-0031280,00-0033873,Derek Carr,Patrick Mahomes,Rich Bisaccia,Andy Reid,KAN00,GEHA Field at Arrowhead Stadium,0.2100,0.7900,+400,-420,+10-110,-10-105,55.138,0.7190,0.2786,0.0022,16.27,31.73,48.00,7.729,-7.729,6.216,-2.433
401326529,2021,REG,14,2021-12-12,Sunday,13:00,NO,NYJ,30,9,Home,10,7,-194,173,-4.5,103,-114,42,-112,100,0,outdoors,fieldturf,46,13,00-0033357,00-0037013,Taysom Hill,Zach Wilson,Sean Payton,Robert Saleh,NYC01,MetLife Stadium,0.6750,0.3250,-200,+181,-4½-110,+4½-110,23.766,0.2903,0.7073,0.0023,28.27,13.73,42.00,-7.274,7.274,-8.791,1.264
401326530,2021,REG,14,2021-12-12,Sunday,13:00,JAX,TEN,0,20,Home,7,14,321,-384,8.5,-108,-103,44.5,-108,-103,1,outdoors,grass ,45,0,00-0036971,00-0029701,Trevor Lawrence,Ryan Tannehill,Urban Meyer,Mike Vrabel,NAS00,Nissan Stadium,0.1610,0.8390,+360,-400,+8½-110,-8½-110,45.132,0.8111,0.1873,0.0015,10.53,33.97,44.50,11.724,-11.724,1.585,-8.536
401326531,2021,REG,14,2021-12-12,Sunday,13:00,DAL,WAS,27,20,Home,10,7,-284,246,-6.5,-115,103,48,-108,-103,1,outdoors,grass ,48,17,00-0033077,00-0031800,Dak Prescott,Taylor Heinicke,Mike McCarthy,Ron Rivera,WAS00,FedExField,0.5930,0.4070,-275,+250,-6½-110,+6½-110,59.667,0.3684,0.6285,0.0029,28.40,19.60,48.00,-4.397,4.397,-2.937,5.383
401326532,2021,REG,14,2021-12-12,Sunday,16:05,DET,DEN,10,38,Home,7,7,495,-635,13,-109,-102,42,-106,-105,0,outdoors,grass ,63,8,00-0033106,00-0031237,Jared Goff,Teddy Bridgewater,Dan Campbell,Vic Fangio,DEN00,Empower Field at Mile High,0.1710,0.8290,+500,-600,+12½-110,-12-110,39.167,0.7607,0.2373,0.0019,11.57,30.43,42.00,9.431,-9.431,0.478,-6.039
401326533,2021,REG,14,2021-12-12,Sunday,16:05,NYG,LAC,21,37,Home,7,7,329,-395,9.5,-118,106,44,-108,-103,0,dome,matrixturf,,,00-0030520,00-0036355,Mike Glennon,Justin Herbert,Joe Judge,Brandon Staley,LAX01,SoFi Stadium,0.2000,0.8000,+340,-400,+9-110,-8½-110,44.826,0.7796,0.2185,0.0017,11.50,32.00,43.50,10.254,-10.254,1.79,-7.894
401326525,2021,REG,14,2021-12-12,Sunday,16:25,SF,CIN,26,23,Home,7,7,-130,117,-2.5,-103,-108,49,-103,-108,0,outdoors,fieldturf,48,9,00-0031345,00-0036442,Jimmy Garoppolo,Joe Burrow,Kyle Shanahan,Zac Taylor,CIN00,Paul Brown Stadium,0.4850,0.5150,-116,+105,-1-110,+1½-110,72.136,0.4805,0.5156,0.0038,25.33,24.17,49.50,-0.583,0.583,1.619,4.407
401326534,2021,REG,14,2021-12-12,Sunday,16:25,BUF,TB,27,33,Home,6,7,161,-181,3.5,-106,-105,52.5,-101,-110,0,outdoors,grass ,82,4,00-0034857,00-0019596,Josh Allen,Tom Brady,Sean McDermott,Bruce Arians,TAM00,Raymond James Stadium,0.3920,0.6080,+160,-165,+3½-110,-3-115,94.046,0.5751,0.4214,0.0033,23.93,29.07,53.00,2.568,-2.568,8.245,8.594
401326535,2021,REG,14,2021-12-12,Sunday,20:20,CHI,GB,30,45,Home,7,14,498,-639,11.5,-102,-109,43,103,-114,1,outdoors,grass ,36,8,00-0036945,00-0023459,Justin Fields,Aaron Rodgers,Matt Nagy,Matt LaFleur,GNB00,Lambeau Field,0.1750,0.8250,+550,-660,+12½-110,-11½-110,50.495,0.8102,0.1882,0.0015,9.82,33.18,43.00,11.681,-11.681,5.281,-4.483
401326536,2021,REG,14,2021-12-13,Monday,20:15,LA,ARI,30,23,Home,8,8,154,-172,3,104,-116,51,-106,-105,1,open,grass ,,,00-0026498,00-0035228,Matthew Stafford,Kyler Murray,Sean McVay,Kliff Kingsbury,PHO00,State Farm Stadium,0.4220,0.5780,+160,-160,+3½-110,-3-110,84.503,0.5926,0.4041,0.0032,22.34,28.66,51.00,3.159,-3.159,3.688,5.989
401326537,2021,REG,15,2021-12-16,Thursday,20:20,KC,LAC,34,28,Home,4,4,-173,155,-3,-117,105,54,-113,101,1,dome,matrixturf,,,00-0033873,00-0036355,Patrick Mahomes,Justin Herbert,Andy Reid,Brandon Staley,LAX01,SoFi Stadium,0.5600,0.4400,-165,+155,-3-110,+3+100,80.246,0.4827,0.5134,0.0038,26.51,25.49,52.00,-0.509,0.509,1.79,6.216
401326540,2021,REG,15,2021-12-18,Saturday,20:20,NE,IND,17,27,Home,13,14,-102,-109,-1,-101,-110,46,103,-115,0,closed,fieldturf,,,00-0036972,00-0032950,Mac Jones,Carson Wentz,Bill Belichick,Frank Reich,IND00,Lucas Oil Stadium,0.4980,0.5020,+105,-115,+1½-110,+0-110,76.775,0.4616,0.5346,0.0037,23.96,21.54,45.50,-1.21,1.21,2.217,4.991
401326538,2021,REG,15,2021-12-19,Sunday,13:00,CAR,BUF,14,31,Home,7,7,562,-739,14,102,-114,43,-107,-104,0,outdoors,a_turf,30,8,00-0027939,00-0034857,Cam Newton,Josh Allen,Matt Rhule,Sean McDermott,BUF00,New Era Field,0.2230,0.7770,+630,-850,+15-110,-14½-110,53.475,0.8038,0.1946,0.0015,10.90,33.60,44.50,11.35,-11.35,8.594,-3.815
401326541,2021,REG,15,2021-12-19,Sunday,13:00,NYJ,MIA,24,31,Home,7,14,366,-445,10.5,-114,102,42,-104,-107,1,outdoors,grass,82,9,00-0037013,00-0036212,Zach Wilson,Tua Tagovailoa,Robert Saleh,Brian Flores,MIA00,Hard Rock Stadium,0.2370,0.7630,+380,-450,+10-110,-10-110,37.796,0.8127,0.1857,0.0014,8.72,32.29,41.00,11.785,-11.785,-1.285,-8.791
401326544,2021,REG,15,2021-12-19,Sunday,13:00,ARI,DET,12,30,Home,6,7,-634,495,-13,-102,-109,48,-107,-104,0,dome,fieldturf,,,00-0035228,00-0033106,Kyler Murray,Jared Goff,Kliff Kingsbury,Dan Campbell,DET00,Ford Field,0.7960,0.2040,-690,+575,-12½-110,+13-110,40.49,0.1903,0.8081,0.0015,35.31,12.19,47.50,-11.558,11.558,-6.039,3.688
401326545,2021,REG,15,2021-12-19,Sunday,13:00,HOU,JAX,30,16,Home,7,7,224,-257,6,-111,-101,40,-105,-106,1,outdoors,grass,80,12,00-0036898,00-0036971,Davis Mills,Trevor Lawrence,David Culley,Darrell Bevell,JAX00,TIAA Bank Stadium,0.3730,0.6270,+230,-260,+6-110,-6-105,5.107,0.6226,0.3743,0.0030,15.56,23.94,39.50,4.186,-4.186,-8.536,-8.598
401326546,2021,REG,15,2021-12-19,Sunday,13:00,DAL,NYG,21,6,Home,7,7,-534,428,-11.5,-120,108,43,104,-116,1,outdoors,fieldturf,37,8,00-0033077,00-0030520,Dak Prescott,Mike Glennon,Mike McCarthy,Joe Judge,NYC01,MetLife Stadium,0.7520,0.2480,-550,+500,-11½-110,+12½-110,41.53,0.2985,0.6990,0.0024,29.20,15.31,44.50,-6.945,6.945,-7.894,5.383
401326547,2021,REG,15,2021-12-19,Sunday,13:00,TEN,PIT,13,19,Home,7,10,109,-121,1,102,-114,44,-105,-106,0,outdoors,grass,32,11,00-0029701,00-0022924,Ryan Tannehill,Ben Roethlisberger,Mike Vrabel,Mike Tomlin,PIT00,Heinz Field,0.5190,0.4810,+103,-116,+1-110,-1-110,50.455,0.4780,0.5180,0.0038,22.66,21.34,44.00,-0.664,0.664,-1.471,1.585
401326548,2021,REG,15,2021-12-19,Sunday,16:05,CIN,DEN,15,10,Home,7,7,140,-155,3,-110,-101,45,-123,110,0,outdoors,grass,61,19,00-0036442,00-0031237,Joe Burrow,Teddy Bridgewater,Zac Taylor,Vic Fangio,DEN00,Empower Field at Mile High,0.4190,0.5810,+140,-145,+3-115,-2½-110,57.892,0.6066,0.3902,0.0031,18.37,25.63,44.00,3.634,-3.634,0.478,1.619
401326549,2021,REG,15,2021-12-19,Sunday,16:05,ATL,SF,13,31,Home,7,7,319,-380,9.5,-114,102,48,-106,-105,0,outdoors,grass,46,0,00-0026143,00-0031345,Matt Ryan,Jimmy Garoppolo,Arthur Smith,Kyle Shanahan,SFO01,Levi's Stadium,0.2890,0.7110,+330,-380,+9-110,-8½-110,49.203,0.7664,0.2317,0.0018,13.59,32.91,46.50,9.656,-9.656,4.407,-5.502
401326543,2021,REG,15,2021-12-19,Sunday,16:25,GB,BAL,31,30,Home,7,7,-354,299,-9.5,104,-116,45.5,-109,-102,0,outdoors,grass,43,11,00-0023459,00-0035993,Aaron Rodgers,Tyler Huntley,Matt LaFleur,John Harbaugh,BAL00,M&T Bank Stadium,0.5080,0.4920,-360,+320,-8-110,+9½-110,66.157,0.3762,0.6207,0.0030,25.87,17.63,43.50,-4.119,4.119,-1.314,5.281
401326551,2021,REG,15,2021-12-19,Sunday,20:20,NO,TB,9,0,Home,7,7,417,-518,11.5,-101,-110,45.5,-101,-110,1,outdoors,grass,75,0,00-0033357,00-0019596,Taysom Hill,Tom Brady,Sean Payton,Bruce Arians,TAM00,Raymond James Stadium,0.2360,0.7640,+480,-550,+12-110,-11½-110,69.387,0.7565,0.2415,0.0019,13.51,31.99,45.50,9.236,-9.236,8.245,1.264
401326539,2021,REG,15,2021-12-20,Monday,17:00,LV,CLE,16,14,Home,7,7,-147,131,-3,-102,-109,41,-100,-111,0,outdoors,grass,40,8,00-0031280,00-0033319,Derek Carr,Nick Mullens,Rich Bisaccia,Kevin Stefanski,CLE00,FirstEnergy Stadium,0.5110,0.4890,-135,+130,-2½-110,+2½-105,39.247,0.6220,0.3749,0.0030,16.59,24.92,41.50,4.165,-4.165,-1.087,-2.433
401326552,2021,REG,15,2021-12-20,Monday,20:15,MIN,CHI,17,9,Home,11,8,-320,274,-7,-114,102,48,-114,103,1,outdoors,grass,37,8,00-0029604,00-0036945,Kirk Cousins,Justin Fields,Mike Zimmer,Matt Nagy,CHI98,Soldier Field,0.6700,0.3300,-300,+260,-7-110,+7-101,35.807,0.3614,0.6356,0.0029,28.39,19.11,47.50,-4.637,4.637,-4.483,0.988
401326542,2021,REG,15,2021-12-21,Tuesday,19:00,WAS,PHI,17,27,Home,7,14,380,-465,10,-101,-110,39.5,-110,-101,1,outdoors,grass,42,7,00-0031395,00-0036389,Garrett Gilbert,Jalen Hurts,Ron Rivera,Nick Sirianni,PHI00,Lincoln Financial Field,0.2650,0.7350,+385,-430,+10-110,-9½-110,43.408,0.7068,0.2908,0.0023,12.51,26.99,39.50,7.241,-7.241,0.155,-2.937
401326550,2021,REG,15,2021-12-21,Tuesday,19:00,SEA,LA,10,20,Home,7,6,298,-352,7.5,-120,108,47,-101,-110,1,dome,matrixturf,,,00-0029263,00-0026498,Russell Wilson,Matthew Stafford,Pete Carroll,Sean McVay,LAX01,SoFi Stadium,0.2990,0.7010,+320,-340,+7-110,-7-110,72.997,0.6788,0.3185,0.0025,17.31,29.69,47.00,6.191,-6.191,5.989,2.373
401326553,2021,REG,16,2021-12-23,Thursday,20:20,SF,TEN,17,20,Home,4,4,-171,154,-3.5,108,-120,45.5,-116,104,0,outdoors,grass,48,7,00-0031345,00-0029701,Jimmy Garoppolo,Ryan Tannehill,Kyle Shanahan,Mike Vrabel,NAS00,Nissan Stadium,0.4790,0.5210,-175,+160,-3-110,+3+100,72.136,0.4861,0.5099,0.0039,22.90,22.11,45.00,-0.395,0.395,1.585,4.407
401326554,2021,REG,16,2021-12-25,Saturday,16:30,CLE,GB,22,24,Home,6,6,343,-430,7.5,101,-112,46.5,-100,-111,0,outdoors,grass,35,11,00-0034855,00-0023459,Baker Mayfield,Aaron Rodgers,Kevin Stefanski,Matt LaFleur,GNB00,Lambeau Field,0.3000,0.7000,+345,-400,+8-110,-7½-110,63.884,0.6862,0.3112,0.0025,17.04,29.96,47.00,6.458,-6.458,5.281,0.372
401326555,2021,REG,16,2021-12-25,Saturday,20:15,IND,ARI,22,16,Home,6,6,143,-161,3,102,-114,48,-106,-105,0,closed,grass,,,00-0032950,00-0035228,Carson Wentz,Kyler Murray,Frank Reich,Kliff Kingsbury,PHO00,State Farm Stadium,0.4790,0.5210,+150,-160,+3+100,-3-110,68.355,0.6280,0.3689,0.0029,19.63,28.37,48.00,4.367,-4.367,3.688,2.217
401326556,2021,REG,16,2021-12-26,Sunday,13:00,DET,ATL,16,20,Home,7,7,309,-373,7.5,-106,-105,42.5,102,-113,0,open,fieldturf,,,00-0034177,00-0026143,Tim Boyle,Matt Ryan,Dan Campbell,Arthur Smith,ATL97,Mercedes-Benz Stadium,0.2620,0.7380,+320,-340,+7½-110,-7½-110,13.742,0.6767,0.3206,0.0025,15.39,27.61,43.00,6.106,-6.106,-5.502,-8.675
401326557,2021,REG,16,2021-12-26,Sunday,13:00,TB,CAR,32,6,Home,7,7,-503,399,-11.5,105,-117,44.5,-113,101,1,outdoors,grass,73,8,00-0019596,00-0034869,Tom Brady,Sam Darnold,Bruce Arians,Matt Rhule,CAR00,Bank of America Stadium,0.6960,0.3040,-450,+415,-10½-110,+10½-110,65.004,0.2599,0.7379,0.0020,30.71,13.79,44.50,-8.459,8.459,-3.815,8.245
401326558,2021,REG,16,2021-12-26,Sunday,13:00,BAL,CIN,21,41,Home,7,7,306,-369,7.5,-102,-109,43,102,-114,1,outdoors,fieldturf,52,0,00-0026300,00-0036442,Josh Johnson,Joe Burrow,John Harbaugh,Zac Taylor,CIN00,Paul Brown Stadium,0.3550,0.6450,+304,-340,+7½-110,-7½-110,50.955,0.6040,0.3928,0.0031,18.21,25.29,43.50,3.537,-3.537,1.619,-1.314
401326559,2021,REG,16,2021-12-26,Sunday,13:00,LAC,HOU,29,41,Home,10,7,-661,500,-13.5,102,-114,46,-108,-103,0,closed,astroturf,,,00-0036355,00-0036898,Justin Herbert,Davis Mills,Brandon Staley,David Culley,HOU00,NRG Stadium,0.7700,0.2300,-600,+550,-13-110,+13½-110,26.038,0.2019,0.7964,0.0016,33.74,11.76,45.50,-10.988,10.988,-8.598,1.79
401326560,2021,REG,16,2021-12-26,Sunday,13:00,LA,MIN,30,23,Home,7,6,-177,158,-3.5,-103,-108,48.5,-100,-111,0,dome,sportturf,,,00-0026498,00-0029604,Matthew Stafford,Kirk Cousins,Sean McVay,Mike Zimmer,MIN01,U.S. Bank Stadium,0.5180,0.4820,-170,+164,-3-110,+3½-110,76.872,0.4236,0.5729,0.0034,26.74,21.77,48.50,-2.485,2.485,0.988,5.989
401326561,2021,REG,16,2021-12-26,Sunday,13:00,BUF,NE,33,21,Home,7,7,102,-114,1,-106,-105,43.5,-105,-106,1,outdoors,fieldturf,38,13,00-0034857,00-0036972,Josh Allen,Mac Jones,Sean McDermott,Bill Belichick,BOS00,Gillette Stadium,0.4860,0.5140,-105,-110,+1-110,+0-110,93.637,0.4802,0.5158,0.0038,22.34,21.16,43.50,-0.589,0.589,4.991,8.594
401326562,2021,REG,16,2021-12-26,Sunday,13:00,JAX,NYJ,21,26,Home,7,7,114,-125,2.5,-111,100,42.5,106,-118,0,outdoors,fieldturf,47,0,00-0036971,00-0037013,Trevor Lawrence,Zach Wilson,Darrell Bevell,Robert Saleh,NYC01,MetLife Stadium,0.3920,0.6080,+120,-130,+2½-110,-2-110,4.574,0.5244,0.4718,0.0037,20.63,22.37,43.00,0.871,-0.871,-8.791,-8.536
401326563,2021,REG,16,2021-12-26,Sunday,13:00,NYG,PHI,10,34,Home,7,7,416,-529,11,-108,-103,41,-105,-106,1,outdoors,grass,53,9,00-0036197,00-0036389,Jake Fromm,Jalen Hurts,Joe Judge,Nick Sirianni,PHI00,Lincoln Financial Field,0.2050,0.7950,+460,-500,+11-110,-10½-110,33.688,0.6874,0.3100,0.0024,14.00,27.00,41.00,6.499,-6.499,0.155,-7.894
401326564,2021,REG,16,2021-12-26,Sunday,16:05,CHI,SEA,25,24,Home,6,7,268,-313,7,-103,-108,41,-109,-102,0,outdoors,fieldturf,25,11,00-0029567,00-0029263,Nick Foles,Russell Wilson,Matt Nagy,Pete Carroll,SEA00,Lumen Field,0.2350,0.7650,+260,-300,+7-110,-7-110,46.378,0.7259,0.2718,0.0021,12.52,28.48,41.00,7.977,-7.977,2.373,-4.483
401326565,2021,REG,16,2021-12-26,Sunday,16:25,PIT,KC,10,36,Home,7,10,328,-400,10.5,-114,102,44,-103,-109,0,outdoors,grass,60,22,00-0022924,00-0033873,Ben Roethlisberger,Patrick Mahomes,Mike Tomlin,Andy Reid,KAN00,GEHA Field at Arrowhead Stadium,0.2120,0.7880,+365,-420,+10-110,-10-110,56.755,0.7555,0.2424,0.0019,13.07,31.43,44.50,9.184,-9.184,6.216,-1.471
401326566,2021,REG,16,2021-12-26,Sunday,16:25,DEN,LV,13,17,Home,7,7,-109,-102,-1,-101,-110,42,-113,101,1,dome,grass,,,00-0035704,00-0031280,Drew Lock,Derek Carr,Vic Fangio,Rich Bisaccia,VEG00,Allegiant Stadium,0.4190,0.5810,-105,-110,+1-110,+0-110,38.5,0.4558,0.5404,0.0036,22.15,19.35,41.50,-1.404,1.404,-2.433,-0.455
401326567,2021,REG,16,2021-12-26,Sunday,20:20,WAS,DAL,14,56,Home,7,7,367,-457,10.5,-113,101,45.5,101,-112,1,closed,matrixturf,,,00-0031800,00-0033077,Taylor Heinicke,Dak Prescott,Ron Rivera,Mike McCarthy,DAL00,AT&T Stadium,0.2350,0.7650,+374,-430,+10-110,-10-110,52.773,0.7509,0.2471,0.0019,14.01,31.99,46.00,8.988,-8.988,5.383,-2.937
401326568,2021,REG,16,2021-12-27,Monday,20:15,MIA,NO,20,3,Home,8,8,-160,143,-3,-110,-101,37.5,-105,-106,0,dome,sportturf,,,00-0036212,00-0036929,Tua Tagovailoa,Ian Book,Brian Flores,Sean Payton,NOR00,Mercedes-Benz Superdome,0.4230,0.5770,-160,+155,-3-110,+3-105,49.932,0.6262,0.3708,0.0029,14.45,23.05,37.50,4.303,-4.303,1.264,-1.285
401326569,2021,REG,17,2022-01-02,Sunday,13:00,ATL,BUF,15,29,Home,7,7,625,-871,14,-101,-111,46.5,-103,-108,0,outdoors,a_turf,26,11,00-0026143,00-0034857,Matt Ryan,Josh Allen,Arthur Smith,Sean McDermott,BUF00,New Era Field,0.1850,0.8150,+750,-1000,+14-110,-14-110,51.1,0.8754,0.1235,0.0009,7.76,38.24,46.00,15.24,-15.24,8.594,-5.502
401326570,2021,REG,17,2022-01-02,Sunday,13:00,NYG,CHI,3,29,Home,7,7,245,-287,7,-115,104,36.5,-102,-109,0,outdoors,grass,25,13,00-0030520,00-0027973,Mike Glennon,Andy Dalton,Joe Judge,Matt Nagy,CHI98,Soldier Field,0.3850,0.6150,+240,-280,+6½-110,-6½-110,20.049,0.6171,0.3798,0.0030,14.27,22.23,36.50,3.983,-3.983,-3.967,-7.894
401326571,2021,REG,17,2022-01-02,Sunday,13:00,KC,CIN,31,34,Home,7,7,-178,157,-3.5,-103,-108,51,-102,-110,0,outdoors,fieldturf,33,13,00-0033873,00-0036442,Patrick Mahomes,Joe Burrow,Andy Reid,Zac Taylor,CIN00,Paul Brown Stadium,0.5780,0.4220,-180,+170,-3½-110,+4-110,80.045,0.3859,0.6109,0.0031,29.27,21.73,51.00,-3.771,3.771,1.619,6.216
401326573,2021,REG,17,2022-01-02,Sunday,13:00,LV,IND,23,20,Home,7,8,325,-397,8.5,100,-112,46.5,101,-113,0,closed,fieldturf,,,00-0031280,00-0032950,Derek Carr,Carson Wentz,Rich Bisaccia,Frank Reich,IND00,Lucas Oil Stadium,0.3210,0.6790,+330,-370,+8½-110,-8½-110,49.53,0.7357,0.2621,0.0021,14.89,31.61,46.50,8.36,-8.36,2.217,-2.433
401326574,2021,REG,17,2022-01-02,Sunday,13:00,JAX,NE,10,50,Home,7,7,727,-1056,17.5,-109,-102,42,-108,-103,0,outdoors,fieldturf,46,4,00-0036971,00-0036972,Trevor Lawrence,Mac Jones,Darrell Bevell,Bill Belichick,BOS00,Gillette Stadium,0.1380,0.8620,+980,-1400,+17½-115,-17-110,48.592,0.8788,0.1201,0.0009,5.54,36.46,42.00,15.46,-15.46,4.991,-8.536
401326576,2021,REG,17,2022-01-02,Sunday,13:00,TB,NYJ,28,24,Home,7,7,-868,623,-14.5,-101,-110,48,-104,-107,0,outdoors,fieldturf,57,9,00-0019596,00-0037013,Tom Brady,Zach Wilson,Bruce Arians,Robert Saleh,NYC01,MetLife Stadium,0.8040,0.1960,-850,+660,-14½-105,+14½-110,48.727,0.1148,0.8841,0.0009,39.56,7.94,47.50,-15.813,15.813,-8.791,8.245
401326577,2021,REG,17,2022-01-02,Sunday,13:00,MIA,TEN,3,34,Home,6,10,151,-170,3,106,-118,41,-104,-107,0,outdoors,grass,43,13,00-0036212,00-0029701,Tua Tagovailoa,Ryan Tannehill,Brian Flores,Mike Vrabel,NAS00,Nissan Stadium,0.3740,0.6260,+150,-160,+3+100,-3-110,50.772,0.6238,0.3731,0.0030,16.29,24.72,41.00,4.215,-4.215,1.585,-1.285
401326578,2021,REG,17,2022-01-02,Sunday,13:00,PHI,WAS,20,16,Home,7,7,-238,206,-6.5,103,-115,44.5,102,-113,1,outdoors,grass,62,4,00-0036389,00-0031800,Jalen Hurts,Taylor Heinicke,Nick Sirianni,Ron Rivera,WAS00,FedExField,0.5440,0.4560,-260,+225,-6-110,+6-110,38.624,0.4149,0.5817,0.0033,25.03,19.47,44.50,-2.779,2.779,-2.937,0.155
401326581,2021,REG,17,2022-01-02,Sunday,13:00,LA,BAL,20,19,Home,7,7,-313,264,-7,-110,-101,47,-108,-103,0,outdoors,grass,59,6,00-0026498,00-0035993,Matthew Stafford,Tyler Huntley,Sean McVay,John Harbaugh,BAL00,M&T Bank Stadium,0.6100,0.3900,-310,+290,-7-110,+7½-115,68.949,0.3818,0.6151,0.0030,27.42,19.59,47.00,-3.915,3.915,-1.314,5.989
401326579,2021,REG,17,2022-01-02,Sunday,16:05,DEN,LAC,13,34,Home,7,7,285,-340,8,-117,105,45.5,-108,-103,1,dome,matrixturf,,,00-0035704,00-0036355,Drew Lock,Justin Herbert,Vic Fangio,Brandon Staley,LAX01,SoFi Stadium,0.3540,0.6460,+312,-350,+8-110,-7½-110,54.211,0.5970,0.3997,0.0032,19.20,25.80,45.00,3.297,-3.297,1.79,-0.455
401326580,2021,REG,17,2022-01-02,Sunday,16:05,HOU,SF,7,23,Home,7,10,463,-602,14,-113,101,44,-102,-109,0,outdoors,grass,50,6,00-0036898,00-0037012,Davis Mills,Trey Lance,David Culley,Kyle Shanahan,SFO01,Levi's Stadium,0.2450,0.7550,+600,-600,+14-110,-13½-110,46.132,0.8369,0.1617,0.0013,9.01,34.99,44.00,12.992,-12.992,2.347,-8.598
401326572,2021,REG,17,2022-01-02,Sunday,16:25,ARI,DAL,25,22,Home,8,7,225,-262,6.5,-103,-108,53,-104,-107,0,closed,matrixturf,,,00-0035228,00-0033077,Kyler Murray,Dak Prescott,Kliff Kingsbury,Mike McCarthy,DAL00,AT&T Stadium,0.3530,0.6470,+235,-260,+6½-110,-6-110,77.913,0.5710,0.4255,0.0034,24.08,28.92,53.00,2.418,-2.418,5.383,3.688
401326575,2021,REG,17,2022-01-02,Sunday,16:25,CAR,NO,10,18,Home,7,6,238,-279,7,-110,-101,37,100,-112,1,dome,sportturf,,,00-0034869,00-0033357,Sam Darnold,Taysom Hill,Matt Rhule,Sean Payton,NOR00,Mercedes-Benz Superdome,0.4120,0.5880,+250,-280,+7-110,-6½-115,42.133,0.6684,0.3288,0.0026,12.70,24.30,37.00,5.796,-5.796,1.264,-4.474
401326582,2021,REG,17,2022-01-02,Sunday,16:25,DET,SEA,29,51,Home,7,7,327,-399,8.5,103,-114,41.5,-111,-101,0,outdoors,fieldturf,37,0,00-0034177,00-0029263,Tim Boyle,Russell Wilson,Dan Campbell,Pete Carroll,SEA00,Lumen Field,0.1680,0.8320,+340,-360,+9½-110,-8½-110,45.341,0.8312,0.1674,0.0013,7.81,33.19,41.00,12.688,-12.688,2.373,-8.675
401326583,2021,REG,17,2022-01-02,Sunday,20:20,MIN,GB,10,37,Home,7,8,525,-702,13,-116,105,42,-100,-111,1,outdoors,grass,11,9,00-0032245,00-0023459,Sean Mannion,Aaron Rodgers,Mike Zimmer,Matt LaFleur,GNB00,Lambeau Field,0.2090,0.7910,+540,-690,+12½-110,-12½-110,52.901,0.7767,0.2214,0.0017,11.42,31.58,43.00,10.082,-10.082,5.281,-3.356
401326584,2021,REG,17,2022-01-03,Monday,20:15,CLE,PIT,14,26,Home,9,8,-117,105,-1,-110,-101,43.5,-111,-100,1,outdoors,grass,25,12,00-0034855,00-0022924,Baker Mayfield,Ben Roethlisberger,Kevin Stefanski,Mike Tomlin,PIT00,Heinz Field,0.4600,0.5400,+100,+112,+1½-110,+2-110,45.537,0.4564,0.5399,0.0036,23.13,20.37,43.50,-1.383,1.383,-1.471,0.372
401326598,2021,REG,18,2022-01-08,Saturday,16:30,KC,DEN,28,24,Home,7,7,-600,435,-11.5,-110,-110,44.5,-110,-110,1,outdoors,grass,41,4,00-0033873,00-0035704,Patrick Mahomes,Drew Lock,Andy Reid,Vic Fangio,DEN00,Empower Field at Mile High,0.8160,0.1840,-600,+500,-11½-110,+12-110,72.838,0.3489,0.6483,0.0028,27.32,17.18,44.50,-5.068,5.068,-0.455,6.216
401326595,2021,REG,18,2022-01-08,Saturday,20:15,DAL,PHI,51,26,Home,7,7,-300,235,-6.5,-110,-110,46,-110,-110,1,outdoors,grass,31,8,00-0033077,00-0035289,Dak Prescott,Gardner Minshew,Mike McCarthy,Nick Sirianni,PHI00,Lincoln Financial Field,0.5530,0.4470,-260,+225,-6-110,+6½-110,72.082,0.4311,0.5654,0.0034,25.23,20.77,46.00,-2.229,2.229,0.155,5.383
401326586,2021,REG,18,2022-01-09,Sunday,13:00,PIT,BAL,16,13,Home,6,7,135,-155,3,-110,-110,41,-115,-105,1,outdoors,grass,36,0,00-0022924,00-0035993,Ben Roethlisberger,Tyler Huntley,Mike Tomlin,John Harbaugh,BAL00,M&T Bank Stadium,0.4920,0.5080,+145,-154,+3-110,-3-105,39.909,0.5681,0.4284,0.0034,17.93,22.57,40.50,2.321,-2.321,-1.314,-1.471
401326588,2021,REG,18,2022-01-09,Sunday,13:00,CIN,CLE,16,21,Home,7,6,215,-265,6.5,-110,-110,38,-110,-110,1,outdoors,grass,38,22,00-0032434,00-0028986,Brandon Allen,Case Keenum,Zac Taylor,Kevin Stefanski,CLE00,FirstEnergy Stadium,0.4190,0.5810,+240,-260,+6½-105,-6½-110,41.131,0.5454,0.4509,0.0036,17.43,20.57,38.00,1.566,-1.566,-1.087,-1.24
401326589,2021,REG,18,2022-01-09,Sunday,13:00,GB,DET,30,37,Home,7,7,-195,165,-4,-110,-110,45,-115,-105,1,dome,fieldturf,,,00-0023459,00-0033106,Aaron Rodgers,Jared Goff,Matt LaFleur,Dan Campbell,DET00,Ford Field,0.6770,0.3230,-190,+180,-4-110,+4-110,47.307,0.2010,0.7973,0.0016,33.51,11.49,45.00,-11.006,11.006,-6.039,5.281
401326590,2021,REG,18,2022-01-09,Sunday,13:00,TEN,HOU,28,25,Home,7,7,-575,410,-10.5,-105,-115,43,-110,-110,1,closed,astroturf,,,00-0029701,00-0036898,Ryan Tannehill,Davis Mills,Mike Vrabel,David Culley,HOU00,NRG Stadium,0.7210,0.2790,-510,+450,-11-105,+11-110,24.95,0.2536,0.7442,0.0020,30.20,12.80,43.00,-8.697,8.697,-8.598,1.585
401326591,2021,REG,18,2022-01-09,Sunday,13:00,IND,JAX,11,26,Home,7,7,-1000,650,-14,-110,-110,43,-110,-110,1,outdoors,grass,76,19,00-0032950,00-0036971,Carson Wentz,Trevor Lawrence,Frank Reich,Darrell Bevell,JAX00,TIAA Bank Stadium,0.7810,0.2190,-850,+700,-14-110,+14-110,27.601,0.2080,0.7902,0.0016,32.43,11.07,43.50,-10.679,10.679,-8.536,2.217
401326593,2021,REG,18,2022-01-09,Sunday,13:00,CHI,MIN,17,31,Home,7,7,160,-190,3.5,-110,-110,45.5,-110,-110,1,dome,sportturf,,,00-0027973,00-0029604,Andy Dalton,Kirk Cousins,Matt Nagy,Mike Zimmer,MIN01,U.S. Bank Stadium,0.2820,0.7180,+165,-175,+4-110,-3½-105,42.121,0.6581,0.3391,0.0027,17.08,27.92,45.00,5.42,-5.42,0.988,-3.967
401326594,2021,REG,18,2022-01-09,Sunday,13:00,WAS,NYG,22,7,Home,7,7,-238,206,-6,-102,-109,36,-100,-111,1,outdoors,fieldturf,38,0,00-0031800,00-0036197,Taylor Heinicke,Jake Fromm,Ron Rivera,Joe Judge,NYC01,MetLife Stadium,0.6410,0.3590,-240,+220,-5½-110,+6-110,11.426,0.4137,0.5829,0.0033,20.82,15.18,36.00,-2.816,2.816,-7.894,-2.937
401326585,2021,REG,18,2022-01-09,Sunday,16:25,NO,ATL,30,20,Home,7,7,-213,186,-4.5,-111,-100,40,102,-113,1,closed,fieldturf,,,00-0033357,00-0026143,Taysom Hill,Matt Ryan,Sean Payton,Arthur Smith,ATL97,Mercedes-Benz Stadium,0.7400,0.2600,-200,+200,-4-110,+4½-110,32.882,0.3745,0.6224,0.0030,24.17,15.84,40.00,-4.165,4.165,-5.502,1.264
401326587,2021,REG,18,2022-01-09,Sunday,16:25,NYJ,BUF,10,27,Home,7,7,750,-1250,16,-110,-110,43,-110,-110,1,outdoors,a_turf,36,19,00-0037013,00-0034857,Zach Wilson,Josh Allen,Robert Saleh,Sean McDermott,BUF00,New Era Field,0.1130,0.8870,+800,-1050,+16-110,-15½-110,49.985,0.9235,0.0758,0.0006,2.63,40.37,43.00,18.867,-18.867,8.594,-8.791
401326592,2021,REG,18,2022-01-09,Sunday,16:25,NE,MIA,24,33,Home,7,7,-250,200,-6,-110,-110,41,-110,-110,1,outdoors,grass,75,8,00-0036972,00-0036212,Mac Jones,Tua Tagovailoa,Bill Belichick,Brian Flores,MIA00,Hard Rock Stadium,0.6750,0.3250,-230,+220,-5½-110,+6-110,65.186,0.3304,0.6669,0.0026,26.23,14.77,41.00,-5.734,5.734,-1.285,4.991
401326596,2021,REG,18,2022-01-09,Sunday,16:25,CAR,TB,17,41,Home,7,7,375,-510,11,-110,-110,43,-105,-115,1,outdoors,grass,80,4,00-0034869,00-0019596,Sam Darnold,Tom Brady,Matt Rhule,Bruce Arians,TAM00,Raymond James Stadium,0.1590,0.8410,+450,-500,+11-110,-10½-110,52.309,0.8499,0.1488,0.0012,7.81,35.19,43.00,13.69,-13.69,8.245,-4.474
401326597,2021,REG,18,2022-01-09,Sunday,16:25,SEA,ARI,38,30,Home,7,7,190,-235,5.5,-110,-110,48,100,-120,1,open,grass,,,00-0029263,00-0035228,Russell Wilson,Kyler Murray,Pete Carroll,Kliff Kingsbury,PHO00,State Farm Stadium,0.3450,0.6550,+208,-230,+5½-105,-5-110,69.238,0.6491,0.3480,0.0028,19.15,29.35,48.50,5.099,-5.099,3.688,2.373
401326599,2021,REG,18,2022-01-09,Sunday,16:25,SF,LA,27,24,Home,7,7,150,-170,3,-105,-115,46.5,-115,-105,1,dome,matrixturf,,,00-0031345,00-0026498,Jimmy Garoppolo,Matthew Stafford,Kyle Shanahan,Sean McVay,LAX01,SoFi Stadium,0.3160,0.6840,+155,-165,+3+105,-3-110,81.655,0.6163,0.3806,0.0030,19.30,27.20,46.50,3.953,-3.953,5.989,4.407
401326600,2021,REG,18,2022-01-09,Sunday,20:20,LAC,LV,32,35,Home,7,7,-180,155,-3.5,-110,-110,48,-110,-110,1,dome,grass,,,00-0036355,00-0031280,Justin Herbert,Derek Carr,Brandon Staley,Rich Bisaccia,VEG00,Allegiant Stadium,0.5190,0.4810,-160,+150,-3-110,+3-110,47.325,0.4148,0.5818,0.0033,27.53,21.97,49.50,-2.78,2.78,-2.433,1.79
401326627,2021,WC,19,2022-01-15,Saturday,16:30,LV,CIN,19,26,Home,6,6,214,-248,6,-103,-109,48.5,-106,-105,0,outdoors,fieldturf,31,12,00-0031280,00-0036442,Derek Carr,Joe Burrow,Rich Bisaccia,Zac Taylor,CIN00,Paul Brown Stadium,0.3390,0.6610,+225,-240,+6-110,-6-110,48.059,0.6750,0.3249,0.0000,18.27,30.23,48.50,5.977,-5.977,1.619,-2.433
401326626,2021,WC,19,2022-01-15,Saturday,20:15,NE,BUF,17,47,Home,6,6,181,-207,4.5,-111,-100,43,-111,-101,1,outdoors,a_turf,7,8,00-0036972,00-0034857,Mac Jones,Josh Allen,Bill Belichick,Sean McDermott,BUF00,New Era Field,0.3460,0.6540,+205,-210,+5-110,-4-110,84.716,0.6169,0.3830,0.0000,17.58,25.42,43.00,3.918,-3.918,8.594,4.991
401326630,2021,WC,19,2022-01-16,Sunday,13:00,PHI,TB,15,31,Home,8,7,293,-352,7.5,-107,-104,45.5,100,-112,0,outdoors,grass,66,21,00-0036389,00-0019596,Jalen Hurts,Tom Brady,Nick Sirianni,Bruce Arians,TAM00,Raymond James Stadium,0.2710,0.7290,+300,-330,+7½-115,-7-110,64.576,0.7743,0.2256,0.0000,13.83,33.67,47.50,9.918,-9.918,8.245,0.155
401326629,2021,WC,19,2022-01-16,Sunday,16:30,SF,DAL,23,17,Home,7,8,144,-162,3,100,-112,51,-111,100,0,closed,matrixturf,,,00-0031345,00-0033077,Jimmy Garoppolo,Dak Prescott,Kyle Shanahan,Mike McCarthy,DAL00,AT&T Stadium,0.3390,0.6610,+165,-175,+3+110,-3½-110,78.398,0.6386,0.3614,0.0000,20.83,30.17,51.00,4.671,-4.671,5.383,4.407
401326628,2021,WC,19,2022-01-16,Sunday,20:15,PIT,KC,21,42,Home,7,8,522,-697,13,-124,111,46,-107,-104,0,outdoors,grass,30,8,00-0022924,00-0033873,Ben Roethlisberger,Patrick Mahomes,Mike Tomlin,Andy Reid,KAN00,GEHA Field at Arrowhead Stadium,0.2370,0.7630,+525,-630,+12½-110,-12-110,57.719,0.7580,0.2419,0.0000,14.03,32.47,46.50,9.218,-9.218,6.216,-1.471
401326625,2021,WC,19,2022-01-17,Monday,20:15,ARI,LA,11,34,Home,8,8,158,-179,4,-117,105,49.5,-103,-109,1,dome,matrixturf,,,00-0035228,00-0026498,Kyler Murray,Matthew Stafford,Kliff Kingsbury,Sean McVay,LAX01,SoFi Stadium,0.3910,0.6090,+160,-170,+3½-115,-3-110,78.775,0.5810,0.4189,0.0000,21.81,27.19,49.00,2.694,-2.694,5.989,3.688
401326632,2021,DIV,20,2022-01-22,Saturday,16:30,CIN,TEN,19,16,Home,7,13,170,-191,4,-109,-102,48.5,-102,-110,0,outdoors,grass,35,0,00-0036442,00-0029701,Joe Burrow,Ryan Tannehill,Zac Taylor,Mike Vrabel,NAS00,Nissan Stadium,0.4090,0.5910,+185,-200,+4-110,-4-110,60.309,0.5952,0.4047,0.0000,21.08,27.42,48.50,3.174,-3.174,1.585,1.619
401326631,2021,DIV,20,2022-01-22,Saturday,20:15,SF,GB,13,10,Home,6,13,228,-261,5.5,102,-114,47,-104,-107,0,outdoors,grass,15,12,00-0031345,00-0023459,Jimmy Garoppolo,Aaron Rodgers,Kyle Shanahan,Matt LaFleur,GNB00,Lambeau Field,0.4150,0.5850,+225,-240,+6-110,-6-110,72.31,0.6448,0.3551,0.0000,18.61,28.39,47.00,4.889,-4.889,5.281,4.407
401326634,2021,DIV,20,2022-01-23,Sunday,15:00,LA,TB,30,27,Home,6,7,131,-145,2.5,108,-121,48,-102,-109,0,outdoors,grass,50,11,00-0026498,00-0019596,Matthew Stafford,Tom Brady,Sean McVay,Bruce Arians,TAM00,Raymond James Stadium,0.3790,0.6210,+130,-142,+3-110,-3+105,83.332,0.6580,0.3419,0.0000,18.64,29.36,48.00,5.36,-5.36,8.245,5.989
401326633,2021,DIV,20,2022-01-23,Sunday,18:30,BUF,KC,36,42,Home,8,7,124,-138,2.5,-101,-110,54,-105,-106,0,outdoors,grass,35,6,00-0034857,00-0033873,Josh Allen,Patrick Mahomes,Sean McDermott,Andy Reid,KAN00,GEHA Field at Arrowhead Stadium,0.3970,0.6030,+120,-130,+2½-110,-2-110,94.774,0.4794,0.5205,0.0000,27.68,26.32,54.00,-0.679,0.679,6.216,8.594
401326635,2021,CON,21,2022-01-30,Sunday,15:00,CIN,KC,27,24,Home,8,7,250,-320,7,-105,-115,54.5,-110,-110,0,outdoors,grass,41,4,00-0036442,00-0033873,Joe Burrow,Patrick Mahomes,Zac Taylor,Andy Reid,KAN00,GEHA Field at Arrowhead Stadium,0.2740,0.7260,+280,-310,+7-105,-7-105,70.771,0.6961,0.3038,0.0000,20.49,34.01,54.50,6.756,-6.756,6.216,1.619
401326636,2021,CON,21,2022-01-30,Sunday,18:30,SF,LA,17,20,Home,8,7,155,-180,3.5,-110,-110,45.5,-105,-115,1,dome,matrixturf,,,00-0031345,00-0026498,Jimmy Garoppolo,Matthew Stafford,Kyle Shanahan,Sean McVay,LAX01,SoFi Stadium,0.3600,0.6400,+170,-173,+3½-110,-3½+100,82.279,0.5945,0.4054,0.0000,19.60,25.90,45.50,3.151,-3.151,5.989,4.407
401326638,2021,SB,22,2022-02-13,Sunday,18:30,LA,CIN,23,20,Neutral,14,14,-190,160,-4.5,-110,-110,48.5,-110,-110,0,dome,matrixturf,,,00-0026498,00-0036442,Matthew Stafford,Joe Burrow,Sean McVay,Zac Taylor,LAX01,SoFi Stadium,0.6430,0.3570,-195,+185,-4½-105,+4½-105,74.574,0.3366,0.6633,0.0000,29.80,18.70,48.50,-5.553,5.553,1.619,5.989
401437654,2022,REG,1,2022-09-08,Thursday,20:20,BUF,LA,31,10,Home,7,7,-117,106,-1,-112,101,51.5,-101,-111,0,dome,matrixturf,,,00-0034857,00-0026498,Josh Allen,Matthew Stafford,Sean McDermott,Sean McVay,LAX01,SoFi Stadium,0.4690,0.5310,-125,+115,-2-110,+2½-110,,0.5573,0.4370,0.0056,24.35,27.65,52.00,1.651,-1.651,2.793,5.845
401437630,2022,REG,1,2022-09-11,Sunday,13:00,NE,MIA,7,20,Home,7,7,140,-155,3,-104,-106,47,-109,-103,1,outdoors,grass,,,00-0036972,00-0036212,Mac Jones,Tua Tagovailoa,Bill Belichick,Mike McDaniel,MIA00,Hard Rock Stadium,0.4080,0.5920,+150,-160,+3+100,-3-110,,0.5130,0.4807,0.0062,22.88,23.62,46.50,0.374,-0.374,-0.873,0.2
401437632,2022,REG,1,2022-09-11,Sunday,13:00,BAL,NYJ,24,9,Home,7,7,-265,231,-6.5,-103,-107,44,-109,-103,0,outdoors,fieldturf,,,00-0034796,00-0026158,Lamar Jackson,Joe Flacco,John Harbaugh,Robert Saleh,NYC01,MetLife Stadium,0.6880,0.3120,-290,+270,-7-101,+7-119,,0.2584,0.7389,0.0026,29.49,14.51,44.00,-7.492,7.492,-5.947,4.551
401437634,2022,REG,1,2022-09-11,Sunday,13:00,PIT,CIN,23,20,Home,7,7,264,-308,7.5,-119,107,44.5,101,-113,1,outdoors,fieldturf,,,00-0033869,00-0036442,Mitch Trubisky,Joe Burrow,Mike Tomlin,Zac Taylor,CIN00,Paycor Stadium,0.2910,0.7090,+270,-300,+7-110,-7-110,,0.7751,0.2226,0.0022,13.44,31.07,44.50,8.815,-8.815,5.989,-1.622
401437637,2022,REG,1,2022-09-11,Sunday,13:00,IND,HOU,20,20,Home,7,7,-290,250,-7,-103,-107,46,-110,-102,1,closed,astroturf,,,00-0026143,00-0036898,Matt Ryan,Davis Mills,Frank Reich,Lovie Smith,HOU00,NRG Stadium,0.7580,0.2420,-305,+280,-7-110,+7-105,,0.2788,0.7182,0.0029,29.76,16.25,46.00,-6.755,6.755,-5.742,1.405
401437646,2022,REG,1,2022-09-11,Sunday,13:00,JAX,WAS,22,28,Home,7,7,143,-159,3,-101,-110,43.5,-110,-102,0,outdoors,grass,,,00-0036971,00-0032950,Trevor Lawrence,Carson Wentz,Doug Pederson,Ron Rivera,WAS00,FedExField,0.3650,0.6350,+140,-150,+3-110,-3-110,,0.6035,0.3915,0.0049,18.51,24.49,43.00,2.99,-2.99,-0.818,-1.841
401437647,2022,REG,1,2022-09-11,Sunday,13:00,SF,CHI,10,19,Home,7,7,-248,217,-6.5,100,-111,38,-103,-109,0,outdoors,grass,,,00-0037012,00-0036945,Trey Lance,Justin Fields,Kyle Shanahan,Matt Eberflus,CHI98,Soldier Field,0.6740,0.3260,-262,+245,-6½-110,+6½-110,,0.3168,0.6796,0.0035,24.71,13.79,38.50,-5.461,5.461,-7.193,-0.74
401437648,2022,REG,1,2022-09-11,Sunday,13:00,PHI,DET,38,35,Home,7,7,-240,211,-6,-110,-100,49,-117,104,0,dome,fieldturf,,,00-0036389,00-0033106,Jalen Hurts,Jared Goff,Nick Sirianni,Dan Campbell,DET00,Ford Field,0.5950,0.4050,-242,+210,-6-110,+6-110,,0.3407,0.6553,0.0039,28.94,19.56,48.50,-4.694,4.694,-4.734,2.247
401437650,2022,REG,1,2022-09-11,Sunday,13:00,NO,ATL,27,26,Home,7,7,-228,201,-6,-103,-107,43.5,-104,-108,1,closed,fieldturf,,,00-0031503,00-0032268,Jameis Winston,Marcus Mariota,Dennis Allen,Arthur Smith,ATL97,Mercedes-Benz Stadium,0.6660,0.3340,-230,+205,-5½-110,+5½-110,,0.2782,0.7188,0.0029,28.52,14.98,43.50,-6.768,6.768,-5.212,1.699
401437651,2022,REG,1,2022-09-11,Sunday,13:00,CLE,CAR,26,24,Home,7,7,114,-125,2.5,-112,102,42.5,-113,100,0,outdoors,grass,,,00-0033119,00-0034855,Jacoby Brissett,Baker Mayfield,Kevin Stefanski,Matt Rhule,CAR00,Bank of America Stadium,0.5150,0.4850,+110,-125,+2-110,-1½-110,,0.6273,0.3682,0.0044,17.30,24.70,42.00,3.703,-3.703,0.272,-1.571
401437640,2022,REG,1,2022-09-11,Sunday,16:25,NYG,TEN,21,20,Home,7,7,209,-239,5.5,-108,-102,43.5,-101,-111,0,outdoors,grass,,,00-0035710,00-0029701,Daniel Jones,Ryan Tannehill,Brian Daboll,Mike Vrabel,NAS00,Nissan Stadium,0.2770,0.7230,+210,-240,+5½-110,-5½-110,,0.7386,0.2587,0.0026,14.62,29.38,44.00,7.377,-7.377,-1.715,-5.751
401437643,2022,REG,1,2022-09-11,Sunday,16:25,LV,LAC,19,24,Home,7,7,161,-180,3.5,-106,-104,52.5,-103,-109,1,dome,matrixturf,,,00-0031280,00-0036355,Derek Carr,Justin Herbert,Josh McDaniels,Brandon Staley,LAX01,SoFi Stadium,0.3130,0.6870,+160,-170,+3½-110,-3½-110,,0.6072,0.3879,0.0047,23.14,29.36,52.50,3.111,-3.111,3.429,1.961
401437649,2022,REG,1,2022-09-11,Sunday,16:25,GB,MIN,7,23,Home,7,7,113,-125,2.5,-116,105,47,-114,101,1,dome,sportturf,,,00-0023459,00-0029604,Aaron Rodgers,Kirk Cousins,Matt LaFleur,Kevin O'Connell,MIN01,U.S. Bank Stadium,0.5410,0.4590,+120,-130,+2-110,-2-110,,0.3169,0.6795,0.0034,28.72,17.78,46.50,-5.468,5.468,-0.283,7.005
401437653,2022,REG,1,2022-09-11,Sunday,16:25,KC,ARI,44,21,Home,7,7,-252,221,-6,-107,-104,54,-110,-102,0,closed,grass,,,00-0033873,00-0035228,Patrick Mahomes,Kyler Murray,Andy Reid,Kliff Kingsbury,PHO00,State Farm Stadium,0.5850,0.4150,-250,+225,-6-110,+6½-110,,0.3879,0.6074,0.0046,30.26,23.75,54.00,-3.255,3.255,-1.812,3.984
401437644,2022,REG,1,2022-09-11,Sunday,20:20,TB,DAL,19,3,Home,7,7,-133,120,-2.5,-108,-102,49.5,-102,-110,0,closed,matrixturf,,,00-0019596,00-0033077,Tom Brady,Dak Prescott,Todd Bowles,Mike McCarthy,DAL00,AT&T Stadium,0.5710,0.4290,-130,+125,-2-110,+2½-110,,0.3843,0.6110,0.0046,28.11,21.39,49.50,-3.364,3.364,2.806,8.785
401437655,2022,REG,1,2022-09-12,Monday,20:15,DEN,SEA,16,17,Home,7,7,-253,221,-6,-107,-103,44,-115,102,0,outdoors,fieldturf,,,00-0029263,00-0030565,Russell Wilson,Geno Smith,Nathaniel Hackett,Pete Carroll,SEA00,Lumen Field,0.6940,0.3060,-250,+240,-6-110,+6½-110,,0.3392,0.6569,0.0038,26.49,17.01,43.50,-4.743,4.743,-7.099,1.009
401434030,2022,REG,2,2022-09-15,Thursday,20:15,LAC,KC,24,27,Home,4,4,167,-188,4,-113,102,52.5,-101,-111,1,outdoors,grass,,,00-0036355,00-0033873,Justin Herbert,Patrick Mahomes,Brandon Staley,Andy Reid,KAN00,GEHA Field at Arrowhead Stadium,0.3960,0.6040,+180,-200,+4-110,-4-110,,0.5418,0.4522,0.0059,25.06,27.44,52.50,1.186,-1.186,5.004,4.475
401437633,2022,REG,2,2022-09-18,Sunday,13:00,MIA,BAL,42,38,Home,7,7,148,-164,3,103,-114,44,-114,101,0,outdoors,grass,,,00-0036212,00-0034796,Tua Tagovailoa,Lamar Jackson,Mike McDaniel,John Harbaugh,BAL00,M&T Bank Stadium,0.3820,0.6180,+160,-175,+3½-110,-3½+100,,0.7338,0.2634,0.0027,14.54,28.96,43.50,7.209,-7.209,4.135,-0.548
401437635,2022,REG,2,2022-09-18,Sunday,13:00,NYJ,CLE,31,30,Home,7,7,207,-235,6.5,-111,100,38.5,-107,-105,0,outdoors,grass,,,00-0026158,00-0033119,Joe Flacco,Jacoby Brissett,Robert Saleh,Kevin Stefanski,CLE00,FirstEnergy Stadium,0.2650,0.7350,+226,-260,+6½-110,-6-110,,0.7676,0.2300,0.0023,10.77,27.73,38.50,8.476,-8.476,-0.664,-6.256
401437636,2022,REG,2,2022-09-18,Sunday,13:00,NE,PIT,17,14,Home,7,7,-150,135,-3,-102,-109,40,-101,-111,0,outdoors,grass,,,00-0036972,00-0033869,Mac Jones,Mitch Trubisky,Bill Belichick,Mike Tomlin,PIT00,Acrisure Stadium,0.5020,0.4980,-155,+140,-3-110,+3-110,,0.5217,0.4720,0.0062,19.38,20.62,40.00,0.62,-0.62,-2.238,-0.366
401437639,2022,REG,2,2022-09-18,Sunday,13:00,IND,JAX,0,24,Home,7,7,-157,142,-3,-107,-103,43.5,-104,-108,1,outdoors,grass,,,00-0026143,00-0036971,Matt Ryan,Trevor Lawrence,Frank Reich,Doug Pederson,JAX00,TIAA Bank Stadium,0.6110,0.3890,-150,+146,-3-110,+3-105,,0.4317,0.5626,0.0055,23.71,19.80,43.50,-1.955,1.955,-1.255,1.569
401437645,2022,REG,2,2022-09-18,Sunday,13:00,CAR,NYG,16,19,Home,7,7,-114,103,-1,-106,-104,44,-102,-110,0,outdoors,fieldturf,,,00-0034855,00-0035710,Baker Mayfield,Daniel Jones,Matt Rhule,Brian Daboll,NYC01,MetLife Stadium,0.4590,0.5410,-115,+100,-1-110,+1-110,,0.4187,0.5759,0.0053,24.08,19.42,43.50,-2.329,2.329,-4.292,0.884
401437652,2022,REG,2,2022-09-18,Sunday,13:00,TB,NO,20,10,Home,7,7,-138,124,-2.5,-109,-102,44,-117,104,1,dome,sportturf,,,00-0019596,00-0031503,Tom Brady,Jameis Winston,Todd Bowles,Dennis Allen,NOR00,Mercedes-Benz Superdome,0.6160,0.3840,-141,+130,-2½-110,+2½+100,,0.3098,0.6867,0.0033,27.45,16.05,43.50,-5.698,5.698,1.304,8.458
401437732,2022,REG,2,2022-09-18,Sunday,13:00,WAS,DET,27,36,Home,7,7,-114,103,-1,-107,-103,48.5,-114,101,0,dome,fieldturf,,,00-0032950,00-0033106,Carson Wentz,Jared Goff,Ron Rivera,Dan Campbell,DET00,Ford Field,0.5320,0.4680,-105,-110,+1-110,+0-110,,0.4492,0.5449,0.0058,25.70,22.80,48.50,-1.452,1.452,-4.007,0.052
401437605,2022,REG,2,2022-09-18,Sunday,16:05,SEA,SF,7,27,Home,6,7,318,-379,8.5,-113,102,40,-112,-100,1,outdoors,grass,,,00-0030565,00-0037012,Geno Smith,Trey Lance,Pete Carroll,Kyle Shanahan,SFO01,Levi's Stadium,0.2470,0.7530,+320,-370,+8½-110,-8½-110,,0.7349,0.2623,0.0027,12.51,26.99,39.50,7.24,-7.24,-1.425,-7.413
401437733,2022,REG,2,2022-09-18,Sunday,16:05,ATL,LA,27,31,Home,7,10,385,-473,10.5,-113,103,46.5,-116,103,0,dome,matrixturf,,,00-0032268,00-0026498,Marcus Mariota,Matthew Stafford,Arthur Smith,Sean McVay,LAX01,SoFi Stadium,0.1320,0.8680,+425,-470,+10-110,-10-110,,0.8177,0.1805,0.0017,12.33,33.67,46.00,10.674,-10.674,2.847,-4.755
401437641,2022,REG,2,2022-09-18,Sunday,16:25,HOU,DEN,9,16,Home,7,6,391,-481,10.5,-114,103,46,-110,-102,0,outdoors,grass,,,00-0036898,00-0029263,Davis Mills,Russell Wilson,Lovie Smith,Nathaniel Hackett,DEN00,Empower Field at Mile High,0.1370,0.8630,+425,-500,+10½-110,-10-110,,0.7495,0.2478,0.0025,14.95,30.55,45.50,7.798,-7.798,-0.177,-5.247
401437642,2022,REG,2,2022-09-18,Sunday,16:25,ARI,LV,29,23,Home,7,7,197,-223,5.5,-110,100,51.5,-105,-107,0,dome,grass,,,00-0035228,00-0031280,Kyler Murray,Derek Carr,Kliff Kingsbury,Josh McDaniels,VEG00,Allegiant Stadium,0.4290,0.5710,+213,-240,+5½-110,-5½-110,,0.6281,0.3674,0.0044,22.26,29.75,52.00,3.745,-3.745,1.641,-0.492
401437734,2022,REG,2,2022-09-18,Sunday,16:25,CIN,DAL,17,20,Home,7,7,-303,260,-7.5,110,-122,42,-104,-108,0,closed,matrixturf,,,00-0036442,00-0033662,Joe Burrow,Cooper Rush,Zac Taylor,Mike McCarthy,DAL00,AT&T Stadium,0.6350,0.3650,-320,+290,-7-110,+7-101,,0.1850,0.8132,0.0017,31.56,10.44,42.00,-10.558,10.558,-6.354,5.926
401437606,2022,REG,2,2022-09-18,Sunday,20:20,CHI,GB,10,27,Home,7,7,348,-420,10.5,-111,100,42,-104,-108,1,outdoors,grass,,,00-0036945,00-0023459,Justin Fields,Aaron Rodgers,Matt Eberflus,Matt LaFleur,GNB00,Lambeau Field,0.2210,0.7790,+400,-430,+10½-110,-10-110,,0.8730,0.1258,0.0011,7.29,34.71,42.00,13.706,-13.706,6.427,-6.236
401436831,2022,REG,2,2022-09-19,Monday,19:15,TEN,BUF,7,41,Home,8,11,329,-395,10,-115,104,47.5,-108,-104,0,outdoors,a_turf,,,00-0029701,00-0034857,Ryan Tannehill,Josh Allen,Mike Vrabel,Sean McDermott,BUF00,New Era Field,0.2080,0.7920,+390,-430,+10-110,-10-110,0.499,0.7886,0.2093,0.0020,14.38,33.12,47.50,9.368,-9.368,5.778,-1.26
401436832,2022,REG,2,2022-09-19,Monday,20:30,MIN,PHI,7,24,Home,8,8,127,-141,2.5,106,-117,49.5,-115,102,0,outdoors,grass,,,00-0029604,00-0036389,Kirk Cousins,Jalen Hurts,Kevin O'Connell,Nick Sirianni,PHI00,Lincoln Financial Field,0.4550,0.5450,+130,-145,+3-110,-3+100,0.491,0.6588,0.3372,0.0039,20.07,29.43,49.50,4.681,-4.681,2.933,1
401437735,2022,REG,3,2022-09-22,Thursday,20:15,PIT,CLE,17,29,Home,4,4,183,-206,4.5,-111,101,38,-107,-105,1,outdoors,grass,,,00-0033869,00-0033119,Mitch Trubisky,Jacoby Brissett,Mike Tomlin,Kevin Stefanski,CLE00,FirstEnergy Stadium,0.3850,0.6150,+195,-212,+4½-110,-4½-110,0.27,0.5789,0.4156,0.0053,16.74,21.26,38.00,2.262,-2.262,-0.697,-2.308
401437631,2022,REG,3,2022-09-25,Sunday,13:00,BAL,NE,37,26,Home,7,7,-143,129,-2.5,-114,104,45.5,-109,-103,0,outdoors,fieldturf,,,00-0034796,00-0036972,Lamar Jackson,Mac Jones,John Harbaugh,Bill Belichick,BOS00,Gillette Stadium,0.5260,0.4740,-139,+130,-2½-110,+2½-105,0.787,0.4333,0.5610,0.0055,24.41,20.59,45.00,-1.907,1.907,0.078,4.918
401437638,2022,REG,3,2022-09-25,Sunday,13:00,KC,IND,17,20,Home,10,7,-199,177,-4.5,103,-114,51,-105,-107,0,open,fieldturf,,,00-0033873,00-0026143,Patrick Mahomes,Matt Ryan,Andy Reid,Frank Reich,IND00,Lucas Oil Stadium,0.6830,0.3170,-210,+195,-4½-110,+5-110,0.737,0.4262,0.5683,0.0053,27.60,23.40,51.00,-2.099,2.099,0.678,5.051
401437736,2022,REG,3,2022-09-25,Sunday,13:00,NO,CAR,14,22,Home,7,7,-123,112,-2,-102,-109,41,-112,-100,1,outdoors,grass,,,00-0031503,00-0034855,Jameis Winston,Baker Mayfield,Dennis Allen,Matt Rhule,CAR00,Bank of America Stadium,0.5410,0.4590,-130,+115,-2-110,+2-110,0.592,0.5102,0.4835,0.0062,20.21,20.79,41.00,0.288,-0.288,0.632,1.159
401437737,2022,REG,3,2022-09-25,Sunday,13:00,HOU,CHI,20,23,Home,7,7,141,-156,3,-107,-103,40,-107,-105,0,outdoors,grass,,,00-0036898,00-0036945,Davis Mills,Justin Fields,Lovie Smith,Matt Eberflus,CHI98,Soldier Field,0.3670,0.6330,+150,-160,+3-110,-3-110,0.027,0.5091,0.4845,0.0062,19.49,20.01,39.50,0.259,-0.259,-7.411,-5.289
401437738,2022,REG,3,2022-09-25,Sunday,13:00,BUF,MIA,19,21,Home,6,7,-196,175,-4,-104,-106,54,-103,-109,1,outdoors,grass,,,00-0034857,00-0036212,Josh Allen,Tua Tagovailoa,Sean McDermott,Mike McDaniel,MIA00,Hard Rock Stadium,0.6260,0.3740,-200,+181,-4½-110,+4½-110,0.769,0.4494,0.5446,0.0058,28.69,25.81,54.50,-1.437,1.437,1.826,4.813
401437739,2022,REG,3,2022-09-25,Sunday,13:00,DET,MIN,24,28,Home,7,6,232,-266,6.5,-101,-110,52,-117,104,1,dome,sportturf,,,00-0033106,00-0029604,Jared Goff,Kirk Cousins,Dan Campbell,Kevin O'Connell,MIN01,U.S. Bank Stadium,0.2600,0.7400,+237,-260,+6½-110,-6½-110,0.284,0.6403,0.3554,0.0042,21.64,29.86,51.50,4.108,-4.108,-0.252,-3.349
401437740,2022,REG,3,2022-09-25,Sunday,13:00,CIN,NYJ,27,12,Home,7,7,-247,220,-6.5,104,-115,46,-106,-106,0,outdoors,fieldturf,,,00-0036442,00-0026158,Joe Burrow,Joe Flacco,Zac Taylor,Robert Saleh,NYC01,MetLife Stadium,0.6550,0.3450,-270,+240,-6½-110,+6½-110,0.525,0.2247,0.7730,0.0022,31.81,14.19,46.00,-8.813,8.813,-5.213,5.13
401437741,2022,REG,3,2022-09-25,Sunday,13:00,LV,TEN,22,24,Home,7,6,-130,117,-1.5,-113,103,45.5,-109,-103,0,outdoors,grass,,,00-0031280,00-0029701,Derek Carr,Ryan Tannehill,Josh McDaniels,Mike Vrabel,NAS00,Nissan Stadium,0.4700,0.5300,-129,+125,-2-110,+2½-110,0.549,0.4003,0.5947,0.0049,25.62,19.88,45.50,-2.872,2.872,-2.769,1.397
401437742,2022,REG,3,2022-09-25,Sunday,13:00,PHI,WAS,24,8,Home,6,7,-240,210,-6,102,-112,47,-101,-111,1,outdoors,grass,,,00-0036389,00-0032950,Jalen Hurts,Carson Wentz,Nick Sirianni,Ron Rivera,WAS00,FedExField,0.5990,0.4010,-220,+220,-5½-110,+6-110,0.6,0.3580,0.6377,0.0041,27.90,19.60,47.50,-4.147,4.147,-0.65,3.733
401437743,2022,REG,3,2022-09-25,Sunday,16:05,JAX,LAC,38,10,Home,7,10,220,-252,6.5,-106,-104,46,-112,-100,0,dome,matrixturf,,,00-0036971,00-0036355,Trevor Lawrence,Justin Herbery,Doug Pederson,Brandon Staley,LAX01,SoFi Stadium,0.2250,0.7750,+225,-200,+6½-110,-4-110,0.663,0.7708,0.2268,0.0022,14.11,31.39,45.50,8.638,-8.638,4.27,-0.807
401437607,2022,REG,3,2022-09-25,Sunday,16:25,GB,TB,14,12,Home,7,7,112,-123,1,105,-115,41.5,-103,-109,0,outdoors,grass,,,00-0023459,00-0019596,Aaron Rodgers,Tom Brady,Matt LaFleur,Todd Bowles,TAM00,Raymond James Stadium,0.4000,0.6000,+105,-120,+1½-110,-1-110,0.985,0.5798,0.4149,0.0052,18.70,23.30,42.00,2.296,-2.296,7.346,6.811
401437744,2022,REG,3,2022-09-25,Sunday,16:25,LA,ARI,20,12,Home,7,7,-171,153,-3.5,104,-115,49,-114,102,1,closed,grass,,,00-0026498,00-0035228,Matthew Stafford,Kyler Murray,Sean McVay,Kliff Kingsbury,PHO00,State Farm Stadium,0.5890,0.4110,-170,+160,-3½+100,+3½-110,0.73,0.4908,0.5028,0.0062,24.51,23.99,48.50,-0.263,0.263,1.008,2.59
401437745,2022,REG,3,2022-09-25,Sunday,16:25,ATL,SEA,27,23,Home,7,7,-104,-106,1,-112,102,43,103,-115,0,outdoors,fieldturf,,,00-0032268,00-0030565,Marcus Mariota,Geno Smith,Arthur Smith,Pete Carroll,SEA00,Lumen Field,0.3930,0.6070,+100,-110,+1-110,+0-110,0.036,0.4748,0.5189,0.0062,22.47,21.04,43.50,-0.715,0.715,-8.106,-4.296
401437746,2022,REG,3,2022-09-25,Sunday,20:20,SF,DEN,10,11,Home,7,7,-110,-101,-1,-102,-108,44,101,-114,0,outdoors,grass,,,00-0031345,00-0029263,Jimmy Garoppolo,Russell Wilson,Kyle Shanahan,Nathaniel Hackett,DEN00,Empower Field at Mile High,0.4740,0.5260,-120,+110,-1-110,+2-110,0.504,0.4775,0.5162,0.0061,23.15,21.86,45.00,-0.645,0.645,-0.583,1.32
401437747,2022,REG,3,2022-09-26,Monday,20:15,DAL,NYG,23,16,Home,8,8,109,-120,1,103,-113,38.5,-102,-110,1,outdoors,fieldturf,,,00-0033662,00-0035710,Cooper Rush,Daniel Jones,Mike McCarthy,Brian Daboll,NYC01,MetLife Stadium,0.4370,0.5630,+108,-115,+1½-110,-1-110,0.494,0.5587,0.4355,0.0057,17.58,20.92,38.50,1.674,-1.674,-4.844,-6.246
401437748,2022,REG,4,2022-09-29,Thursday,20:15,MIA,CIN,15,27,Home,4,4,169,-190,4,-107,-103,48.5,-103,-109,0,outdoors,fieldturf,,,00-0036212,00-0036442,Tua Tagovailoa,Joe Burrow,Mike McDaniel,Zac Taylor,CIN00,Paycor Stadium,0.4120,0.5880,+180,-200,+4-110,-4-110,0.786,0.7180,0.2790,0.0029,17.85,31.15,49.00,6.653,-6.653,4.533,1.36
401435639,2022,REG,4,2022-10-02,Sunday,09:30,MIN,NO,28,25,Neutral,7,7,-199,177,-4,-103,-107,42,-110,-102,0,outdoors,,,,00-0029604,00-0027973,Kirk Cousins,Andy Dalton,Kevin O'Connell,Dennis Allen,LON02,Tottenham Stadium,0.5230,0.4770,-185,+180,-3½-110,+4½-110,45.105,0.4295,0.5649,0.0055,23.02,18.98,42.00,-2.016,2.016,-0.903,0.034
401437749,2022,REG,4,2022-10-02,Sunday,13:00,CLE,ATL,20,23,Home,10,7,-107,-103,-1,-101,-109,48,-100,-112,0,open,fieldturf,,,00-0033119,00-0032268,Jacoby Brissett,Marcus Mariota,Kevin Stefanski,Arthur Smith,ATL97,Mercedes-Benz Stadium,0.5870,0.4130,-115,+100,-1-110,+1-110,24.038,0.4877,0.5059,0.0062,24.60,23.90,48.50,-0.348,0.348,-3.599,-0.603
401437750,2022,REG,4,2022-10-02,Sunday,13:00,BUF,BAL,23,20,Home,7,7,-172,154,-3,-117,106,50,-103,-109,0,outdoors,grass,,,00-0034857,00-0034796,Josh Allen,Lamar Jackson,Sean McDermott,John Harbaugh,BAL00,M&T Bank Stadium,0.5910,0.4090,-160,+155,-3-115,+3½-110,92.969,0.5411,0.4529,0.0059,24.07,26.43,50.50,1.181,-1.181,4.922,6.37
401437751,2022,REG,4,2022-10-02,Sunday,13:00,WAS,DAL,10,25,Home,7,6,140,-155,3,-110,-101,40.5,-101,-111,1,closed,matrixturf,,,00-0032950,00-0033662,Carson Wentz,Cooper Rush,Ron Rivera,Mike McCarthy,DAL00,AT&T Stadium,0.4250,0.5750,+145,-155,+3+100,-3-110,39.533,0.4541,0.5413,0.0044,21.80,19.20,41.00,-1.302,1.302,-2.597,0.278
401437752,2022,REG,4,2022-10-02,Sunday,13:00,SEA,DET,48,45,Home,7,7,151,-169,3,103,-113,48.5,-112,-101,0,dome,fieldturf,,,00-0030565,00-0033106,Geno Smith,Jared Goff,Pete Carroll,Dan Campbell,DET00,Ford Field,0.3410,0.6590,+165,-165,+3½-110,-3-110,7.124,0.6390,0.3567,0.0042,20.20,28.31,48.50,4.055,-4.055,-3.808,-6.967
401437753,2022,REG,4,2022-10-02,Sunday,13:00,LAC,HOU,34,24,Home,7,7,-234,205,-5.5,-106,-104,45,102,-115,0,closed,astroturf,,,00-0036355,00-0036898,Justin Herbert,Davis Mills,Brandon Staley,Lovie Smith,HOU00,NRG Stadium,0.7270,0.2730,-235,+220,-5½-110,+6-110,39.082,0.3200,0.6764,0.0035,28.11,17.40,45.50,-5.355,5.355,-5.119,1.468
401437754,2022,REG,4,2022-10-02,Sunday,13:00,TEN,IND,24,17,Home,7,7,182,-205,4.5,-105,-105,43,-102,-110,1,open,fieldturf,,,00-0029701,00-0026143,Ryan Tannehill,Matt Ryan,Mike Vrabel,Frank Reich,IND00,Lucas Oil Stadium,0.3860,0.6140,+176,-190,+4-110,-4-110,49.138,0.6256,0.3699,0.0044,17.85,25.15,43.00,3.65,-3.65,0.389,-2.395
401437755,2022,REG,4,2022-10-02,Sunday,13:00,CHI,NYG,12,20,Home,7,6,130,-144,3,-120,109,39,-103,-110,0,outdoors,fieldturf,,,00-0036945,00-0035710,Justin Fields,Daniel Jones,Matt Eberflus,Brian Daboll,NYC01,MetLife Stadium,0.3760,0.6240,+130,-148,+3-115,-2½-110,8.623,0.6786,0.3178,0.0035,14.19,24.81,39.00,5.307,-5.307,-4.544,-7.212
401437756,2022,REG,4,2022-10-02,Sunday,13:00,JAX,PHI,21,29,Home,7,7,223,-256,6.5,-109,-102,44,-102,-111,0,outdoors,grass,,,00-0036971,00-0036389,Trevor Lawrence,Jalen Hurts,Doug Pederson,Nick Sirianni,PHI00,Lincoln Financial Field,0.3210,0.6790,+240,-270,+6½-110,-6-110,65.415,0.6626,0.3335,0.0038,17.20,26.80,44.00,4.801,-4.801,4.265,1.306
401437757,2022,REG,4,2022-10-02,Sunday,13:00,NYJ,PIT,24,20,Home,7,10,145,-161,3,-102,-108,41,102,-115,0,outdoors,grass,,,00-0037013,00-0033869,Zach Wilson,Mitch Trubisky,Robert Saleh,Mike Tomlin,PIT00,Acrisure Stadium,0.3410,0.6590,+155,-160,+3-100,-3-110,20.761,0.6486,0.3472,0.0040,16.15,24.85,41.00,4.354,-4.354,-2.607,-4.047
401437758,2022,REG,4,2022-10-02,Sunday,16:05,ARI,CAR,26,16,Home,7,7,102,-113,1,-104,-106,44,-113,100,0,outdoors,grass,,,00-0035228,00-0034855,Kyler Murray,Baker Mayfield,Kliff Kingsbury,Matt Rhule,CAR00,Bank of America Stadium,0.4770,0.5230,+100,-113,+1-110,-1-110,49.31,0.5439,0.4501,0.0059,20.74,23.26,44.00,1.262,-1.262,0.538,-0.077
401437759,2022,REG,4,2022-10-02,Sunday,16:25,NE,GB,24,27,Home,7,7,358,-435,10,-120,109,40.5,-111,-101,0,outdoors,grass,,,00-0026625,00-0023459,Brian Hoyer,Aaron Rodgers,Bill Belichick,Matt LaFleur,GNB00,Lambeau Field,0.2310,0.7690,+415,-450,+9½-110,-9½-110,68.029,0.8950,0.1040,0.0009,4.77,35.23,40.00,15.229,-15.229,6.835,-5.414
401437760,2022,REG,4,2022-10-02,Sunday,16:25,DEN,LV,23,32,Home,7,7,124,-137,2.5,-101,-109,45.5,-110,-102,1,dome,grass,,,00-0029263,00-0031280,Russell Wilson,Derek Carr,Nathaniel Hackett,Josh McDaniels,VEG00,Allegiant Stadium,0.4810,0.5190,+135,-140,+3-110,-2½-110,71.106,0.5934,0.4015,0.0050,20.06,25.45,45.50,2.695,-2.695,1.661,0.035
401437470,2022,REG,4,2022-10-02,Sunday,20:20,KC,TB,41,31,Home,7,7,113,-125,1,107,-118,46.5,102,-115,0,outdoors,grass,,,00-0033873,00-0019596,Patrick Mahomes,Tom Brady,Andy Reid,Todd Bowles,TAM00,Raymond James Stadium,0.4900,0.5100,+115,-130,+2-110,-2-110,96.126,0.6460,0.3499,0.0040,19.44,28.06,47.50,4.311,-4.311,8.074,5.348
401437761,2022,REG,4,2022-10-03,Monday,20:15,LA,SF,9,24,Home,8,8,112,-124,1,106,-116,42,-109,-103,1,outdoors,grass,,,00-0026498,00-0031345,Matthew Stafford,Jimmy Garoppolo,Sean McVay,Kyle Shanahan,SFO01,Levi's Stadium,0.4670,0.5330,+115,-120,+2-110,-1½-110,49.522,0.3737,0.6218,0.0044,24.67,17.33,42.00,-3.674,3.674,-1.19,3.842
401437762,2022,REG,5,2022-10-06,Thursday,20:15,IND,DEN,12,9,Home,4,4,159,-178,3.5,-114,104,42,-106,-106,0,outdoors,grass,,,00-0026143,00-0029263,Matt Ryan,Russell Wilson,Frank Reich,Nathaniel Hackett,DEN00,Empower Field at Mile High,0.4150,0.5850,+160,-170,+3½-110,-3½-101,36.867,0.5990,0.3960,0.0049,18.15,23.85,42.00,2.851,-2.851,-1.345,-1.434
401435640,2022,REG,5,2022-10-09,Sunday,09:30,NYG,GB,27,22,Neutral,7,7,331,-397,8.5,104,-115,42,-110,-102,0,outdoors,,,,00-0035710,00-0023459,Daniel Jones,Aaron Rodgers,Brian Daboll,Matt LaFleur,LON02,Tottenham Stadium,0.2620,0.7380,+384,-400,+9½-110,-8½-110,67.352,0.8788,0.1201,0.0010,6.92,35.08,42.00,14.08,-14.08,7.316,-4.132
401437763,2022,REG,5,2022-10-09,Sunday,13:00,PIT,BUF,3,38,Home,7,7,568,-749,14,-108,-102,44,-103,-110,0,outdoors,a_turf,,,00-0038102,00-0034857,Kenny Pickett,Josh Allen,Mike Tomlin,Sean McDermott,BUF00,New Era Field,0.1410,0.8590,+630,-850,+14-110,-14-110,66.49,0.8411,0.1573,0.0014,10.40,34.10,44.50,11.852,-11.852,6.311,-2.972
401437764,2022,REG,5,2022-10-09,Sunday,13:00,LAC,CLE,30,28,Home,7,7,-114,103,-1,-106,-104,47,-114,102,0,outdoors,grass,,,00-0036355,00-0033119,Justin Herbert,Jacoby Brissett,Brandon Staley,Kevin Stefanski,CLE00,FirstEnergy Stadium,0.5340,0.4660,-118,+105,-1½-110,+1½-110,72.353,0.5189,0.4747,0.0062,22.95,24.05,47.00,0.546,-0.546,0.802,1.933
401437765,2022,REG,5,2022-10-09,Sunday,13:00,HOU,JAX,13,6,Home,7,7,261,-304,7,-113,102,44,-112,-101,1,outdoors,grass,,,00-0036898,00-0036971,Davis Mills,Trevor Lawrence,Lovie Smith,Doug Pederson,JAX00,TIAA Bank Stadium,0.2690,0.7310,+264,-310,+7-110,-7+100,20.841,0.7276,0.2695,0.0028,14.77,28.73,43.50,6.976,-6.976,0.672,-5.466
401437766,2022,REG,5,2022-10-09,Sunday,13:00,CHI,MIN,22,29,Home,7,7,322,-385,10,-116,105,44,-106,-106,1,dome,sportturf,,,00-0036945,00-0029604,Justin Fields,Kirk Cousins,Matt Eberflus,Kevin O'Connell,MIN01,U.S. Bank Stadium,0.2610,0.7390,+330,-365,+8½-110,-8-110,26.426,0.7503,0.2471,0.0025,14.19,29.81,44.00,7.813,-7.813,0.151,-6.272
401437767,2022,REG,5,2022-10-09,Sunday,13:00,DET,NE,0,29,Home,7,7,133,-148,3,-113,102,46.5,101,-114,0,outdoors,fieldturf,,,00-0033106,00-0038108,Jared Goff,Bailey Zappe,Dan Campbell,Bill Belichick,BOS00,Gillette Stadium,0.3910,0.6090,+135,-154,+3-110,-3+100,14.036,0.5400,0.4538,0.0060,22.35,24.65,47.00,1.146,-1.146,-4.08,-3.226
401437768,2022,REG,5,2022-10-09,Sunday,13:00,SEA,NO,32,39,Home,7,7,201,-229,5.5,-106,-104,45.5,-113,100,0,dome,sportturf,,,00-0030565,00-0027973,Geno Smith,Andy Dalton,Pete Carroll,Dennis Allen,NOR00,Mercedes-Benz Superdome,0.2850,0.7150,+197,-215,+5½-110,-5-110,18.44,0.7277,0.2694,0.0028,15.52,29.48,45.00,6.976,-6.976,0.118,-5.742
401437769,2022,REG,5,2022-10-09,Sunday,13:00,MIA,NYJ,17,40,Home,10,7,-162,146,-3,-110,100,46,-101,-111,1,outdoors,fieldturf,,,00-0031237,00-0037013,Teddy Bridgewater,Zach Wilson,Mike McDaniel,Robert Saleh,NYC01,MetLife Stadium,0.6490,0.3510,-162,+155,-3-110,+3+100,30.048,0.4285,0.5659,0.0055,25.04,20.96,46.00,-2.044,2.044,-3.924,0.372
401437770,2022,REG,5,2022-10-09,Sunday,13:00,ATL,TB,15,21,Home,7,7,355,-430,10.5,-113,102,46,101,-113,1,outdoors,grass,,,00-0032268,00-0019596,Marcus Mariota,Tom Brady,Arthur Smith,Todd Bowles,TAM00,Raymond James Stadium,0.1930,0.8070,+400,-460,+10-110,-10-110,72.433,0.8723,0.1264,0.0011,9.33,36.67,46.00,13.669,-13.669,8.461,-3.682
401437771,2022,REG,5,2022-10-09,Sunday,13:00,TEN,WAS,21,17,Home,7,7,-110,-100,-1,-102,-108,43,-106,-106,0,outdoors,grass,,,00-0029701,00-0032950,Ryan Tannehill,Carson Wentz,Mike Vrabel,Ron Rivera,WAS00,FedExField,0.5210,0.4790,-110,+100,+0-110,+1-110,34.956,0.6467,0.3491,0.0041,17.21,25.79,43.00,4.294,-4.294,-0.349,-3.112
401437772,2022,REG,5,2022-10-09,Sunday,16:05,SF,CAR,37,15,Home,6,7,-234,206,-6,-102,-109,40,-104,-108,0,outdoors,grass,,,00-0031345,00-0034855,Jimmy Garoppolo,Baker Mayfield,Kyle Shanahan,Matt Rhule,CAR00,Bank of America Stadium,0.6050,0.3950,-240,+220,-6-110,+6-110,41.112,0.4960,0.4976,0.0063,19.86,19.64,39.50,-0.11,0.11,-0.453,0.167
401437773,2022,REG,5,2022-10-09,Sunday,16:25,PHI,ARI,20,17,Home,7,7,-222,196,-5.5,101,-111,48.5,101,-113,0,closed,grass,,,00-0036389,00-0035228,Jalen Hurts,Kyler Murray,Nick Sirianni,Kliff Kingsbury,PHO00,State Farm Stadium,0.6100,0.3900,-215,+195,-5-110,+5½-110,59.618,0.4741,0.5196,0.0061,24.99,23.51,48.50,-0.743,0.743,0.415,3.66
401437774,2022,REG,5,2022-10-09,Sunday,16:25,DAL,LA,22,10,Home,7,6,195,-220,5.5,-112,102,42,-106,-106,0,dome,matrixturf,,,00-0033662,00-0026498,Cooper Rush,Matthew Stafford,Mike McCarthy,Sean McVay,LAX01,SoFi Stadium,0.2830,0.7170,+200,-220,+5½-110,-5-110,24.728,0.7768,0.2210,0.0021,11.89,29.61,41.50,8.858,-8.858,2.094,-4.493
401437775,2022,REG,5,2022-10-09,Sunday,20:20,CIN,BAL,17,19,Home,10,7,151,-168,3,103,-114,47.5,-104,-108,1,outdoors,grass,,,00-0036442,00-0034796,Joe Burrow,Lamar Jackson,Zac Taylor,John Harbaugh,BAL00,M&T Bank Stadium,0.4730,0.5270,+150,-165,+3+100,-3-110,91.828,0.5063,0.4874,0.0062,23.81,24.19,48.00,0.19,-0.19,4.329,5.189
401437776,2022,REG,5,2022-10-10,Monday,20:15,LV,KC,29,30,Home,8,8,275,-321,7.5,-125,113,51.5,-109,-103,1,outdoors,grass,,,00-0031280,00-0033873,Derek Carr,Patrick Mahomes,Josh McDaniels,Andy Reid,KAN00,GEHA Field at Arrowhead Stadium,0.2300,0.7700,+290,-320,+7-101,-7-110,49.575,0.7178,0.2792,0.0029,19.08,32.42,51.50,6.667,-6.667,8.164,1.203
401437777,2022,REG,6,2022-10-13,Thursday,20:15,WAS,CHI,12,7,Home,4,4,-120,109,-1,-112,102,38.5,-105,-107,0,outdoors,grass,,,00-0032950,00-0036945,Carson Wentz,Justin Fields,Ron Rivera,Matt Eberflus,CHI98,Soldier Field,0.4370,0.5630,-115,+105,-1-110,+1½-110,19.382,0.4797,0.5139,0.0062,19.83,18.67,38.50,-0.576,0.576,-6.478,-3.709
401437778,2022,REG,6,2022-10-16,Sunday,13:00,SF,ATL,14,28,Home,7,7,-185,166,-3.5,-100,-110,46,-109,-103,0,open,fieldturf,,,00-0031345,00-0032268,Jimmy Garoppolo,Marcus Mariota,Kyle Shanahan,Arthur Smith,ATL97,Mercedes-Benz Stadium,0.6550,0.3450,-180,+165,-3½-110,+3½-110,32.29,0.4798,0.5139,0.0062,23.32,22.18,45.50,-0.571,0.571,-0.747,1.095
401437779,2022,REG,6,2022-10-16,Sunday,13:00,NE,CLE,38,15,Home,7,7,127,-140,2.5,101,-111,43,-104,-108,0,outdoors,grass,,,00-0038108,00-0033119,Bailey Zappe,Jacoby Brissett,Bill Belichick,Kevin Stefanski,CLE00,FirstEnergy Stadium,0.4420,0.5580,+130,-145,+2½+100,-2½-110,38.949,0.7616,0.2359,0.0023,13.50,30.00,43.50,8.248,-8.248,2.687,-3.118
401437780,2022,REG,6,2022-10-16,Sunday,13:00,NYJ,GB,27,10,Home,7,7,305,-362,7.5,-101,-109,44.5,-101,-111,0,outdoors,grass,,,00-0037013,00-0023459,Zach Wilson,Aaron Rodgers,Robert Saleh,Matt LaFleur,GNB00,Lambeau Field,0.2220,0.7780,+320,-370,+8-110,-8-110,66.503,0.8252,0.1730,0.0016,11.22,33.28,44.50,11.034,-11.034,6.075,-1.68
401437781,2022,REG,6,2022-10-16,Sunday,13:00,JAX,IND,27,34,Home,7,10,110,-122,1,103,-114,41,100,-113,1,open,fieldturf,,,00-0036971,00-0026143,Trevor Lawrence,Matt Ryan,Doug Pederson,Frank Reich,IND00,Lucas Oil Stadium,0.3640,0.6360,+112,-120,+1½-110,-1-110,17.193,0.4001,0.5949,0.0049,23.62,17.88,41.50,-2.874,2.874,-2.794,1.474
401437782,2022,REG,6,2022-10-16,Sunday,13:00,MIN,MIA,24,16,Home,7,7,-175,157,-3,-120,109,45,-107,-105,0,outdoors,grass,,,00-0029604,00-0031237,Kirk Cousins,Teddy Bridgewater,Kevin O'Connell,Mike McDaniel,MIA00,Hard Rock Stadium,0.5480,0.4520,-170,+155,-3-110,+3+100,32.316,0.3585,0.6372,0.0041,26.63,18.37,45.00,-4.128,4.128,-5.831,0.293
401437783,2022,REG,6,2022-10-16,Sunday,13:00,CIN,NO,30,26,Home,7,7,-164,148,-3,-110,100,42.5,-104,-108,0,dome,sportturf,,,00-0036442,00-0027973,Joe Burrow,Andy Dalton,Zac Taylor,Dennis Allen,NOR00,Mercedes-Benz Superdome,0.5010,0.4990,-165,+160,-3-110,+3+100,78.947,0.3925,0.6027,0.0047,24.60,18.40,43.00,-3.101,3.101,-0.016,4.906
401437784,2022,REG,6,2022-10-16,Sunday,13:00,BAL,NYG,20,24,Home,7,7,-234,206,-5.5,-107,-103,46,-110,-102,0,outdoors,fieldturf,,,00-0034796,00-0035710,Lamar Jackson,Daniel Jones,John Harbaugh,Brian Daboll,NYC01,MetLife Stadium,0.6550,0.3450,-240,+215,-5½-110,+6-110,68.002,0.3664,0.6292,0.0043,26.64,18.86,45.50,-3.888,3.888,-1.781,5.397
401437785,2022,REG,6,2022-10-16,Sunday,13:00,TB,PIT,18,20,Home,7,7,-386,323,-10,103,-113,47,-117,104,0,outdoors,grass,,,00-0019596,00-0038102,Tom Brady,Kenny Pickett,Todd Bowles,Mike Tomlin,PIT00,Acrisure Stadium,0.7080,0.2920,-425,+380,-9½-110,+10-110,52.6,0.1717,0.8267,0.0016,34.44,12.07,46.50,-11.185,11.185,-5.747,7.378
401437786,2022,REG,6,2022-10-16,Sunday,16:05,CAR,LA,10,24,Home,7,7,343,-413,10,-112,102,41.5,-109,-103,0,dome,matrixturf,,,00-0033275,00-0026498,Phillip Walker,Matthew Stafford,Steve Wilks,Sean McVay,LAX01,SoFi Stadium,0.1480,0.8520,+375,-450,+9½-110,-9-110,14.487,0.7575,0.2400,0.0024,12.42,28.59,41.00,8.085,-8.085,-2.303,-6.546
401437787,2022,REG,6,2022-10-16,Sunday,16:05,ARI,SEA,9,19,Home,7,7,-136,123,-2.5,-106,-104,50,-102,-110,1,outdoors,fieldturf,,,00-0035228,00-0030565,Kyler Murray,Geno Smith,Kliff Kingsbury,Pete Carroll,SEA00,Lumen Field,0.5610,0.4390,-130,+120,-2-110,+2½-110,20.164,0.3513,0.6446,0.0040,29.60,20.90,50.50,-4.354,4.354,-4.589,1.089
401437788,2022,REG,6,2022-10-16,Sunday,16:25,BUF,KC,24,20,Home,7,6,-146,132,-2.5,-116,105,54,-105,-107,0,outdoors,grass,,,00-0034857,00-0033873,Josh Allen,Patrick Mahomes,Sean McDermott,Andy Reid,KAN00,GEHA Field at Arrowhead Stadium,0.4830,0.5170,-150,+140,-2½-110,+2½+100,97.201,0.5830,0.4117,0.0052,24.61,29.39,54.00,2.386,-2.386,9.601,9.914
401437789,2022,REG,6,2022-10-16,Sunday,20:20,DAL,PHI,17,26,Home,7,7,252,-292,6.5,109,-120,42.5,-104,-108,1,outdoors,grass,,,00-0033662,00-0036389,Cooper Rush,Jalen Hurts,Mike McCarthy,Nick Sirianni,PHI00,Lincoln Financial Field,0.2530,0.7470,+240,-270,+7-115,-6½-110,47.731,0.7548,0.2426,0.0025,13.15,29.35,42.50,8.104,-8.104,6.559,-0.828
401437790,2022,REG,6,2022-10-17,Monday,20:15,DEN,LAC,16,19,Home,11,8,166,-186,3.5,-103,-107,45.5,-115,102,1,dome,matrixturf,,,00-0029263,00-0036355,Russell Wilson,Justin Herbert,Nathaniel Hackett,Brandon Staley,LAX01,SoFi Stadium,0.3380,0.6620,+175,-185,+4-110,-3½-110,49.522,0.7587,0.2388,0.0024,14.59,30.91,45.50,8.156,-8.156,2.053,-4.711
401437791,2022,REG,7,2022-10-20,Thursday,20:15,NO,ARI,34,42,Home,4,4,126,-140,2.5,-101,-109,44,-114,101,0,open,grass,,,00-0027973,00-0035228,Andy Dalton,Kyler Murray,Dennis Allen,Kliff Kingsbury,PHO00,State Farm Stadium,0.4600,0.5400,+135,-145,+2½-101,-2½-110,40.926,0.6368,0.3588,0.0042,18.00,26.00,44.00,3.998,-3.998,-1.462,-2.397
401437792,2022,REG,7,2022-10-23,Sunday,13:00,CLE,BAL,20,23,Home,7,7,244,-282,6.5,100,-110,46,-100,-112,1,outdoors,grass,,,00-0033119,00-0034796,Jacoby Brissett,Lamar Jackson,Kevin Stefanski,John Harbaugh,BAL00,M&T Bank Stadium,0.2720,0.7280,+245,-270,+6½-110,-6½-110,82.131,0.6252,0.3703,0.0044,19.61,26.89,46.50,3.636,-3.636,3.379,0.762
401437793,2022,REG,7,2022-10-23,Sunday,13:00,TB,CAR,3,21,Home,7,7,-680,524,-13,-103,-107,39.5,-116,103,1,outdoors,grass,,,00-0019596,00-0033275,Tom Brady,Phillip Walker,Todd Bowles,Steve Wilks,CAR00,Bank of America Stadium,0.8120,0.1880,-675,+535,-13-110,+13-110,50.531,0.1157,0.8832,0.0010,33.69,4.81,38.50,-14.439,14.439,-8.785,6.753
401437794,2022,REG,7,2022-10-23,Sunday,13:00,ATL,CIN,17,35,Home,7,7,235,-271,6.5,-100,-110,47.5,100,-112,0,outdoors,fieldturf,,,00-0032268,00-0036442,Marcus Mariota,Joe Burrow,Arthur Smith,Zac Taylor,CIN00,Paycor Stadium,0.2450,0.7550,+240,-265,+6½-110,-6½-110,59.512,0.7547,0.2428,0.0024,15.75,31.75,47.50,8.001,-8.001,4.842,-1.293
401437795,2022,REG,7,2022-10-23,Sunday,13:00,DET,DAL,6,24,Home,14,7,241,-278,7,-112,102,49.5,-102,-110,0,closed,matrixturf,,,00-0033106,00-0033077,Jared Goff,Dak Prescott,Dan Campbell,Mike McCarthy,DAL00,AT&T Stadium,0.2100,0.7900,+260,-295,+7-105,-7-105,69.475,0.8244,0.1738,0.0017,13.46,36.04,49.50,11.29,-11.29,3.884,-5.289
401437796,2022,REG,7,2022-10-23,Sunday,13:00,NYG,JAX,23,17,Home,7,7,148,-165,3,102,-112,44,-105,-107,0,outdoors,grass,,,00-0035710,00-0036971,Daniel Jones,Trevor Lawrence,Brian Daboll,Doug Pederson,JAX00,TIAA Bank Stadium,0.3580,0.6420,+160,-163,+3½-110,-3-115,37.437,0.7279,0.2691,0.0028,15.01,28.99,44.00,6.986,-6.986,1.036,-2.2
401437797,2022,REG,7,2022-10-23,Sunday,13:00,IND,TEN,10,19,Home,7,14,129,-143,2.5,-102,-108,43,-104,-109,1,outdoors,grass,,,00-0026143,00-0029701,Matt Ryan,Ryan Tannehill,Frank Reich,Mike Vrabel,NAS00,Nissan Stadium,0.3990,0.6010,+125,-135,+2½-110,-2½-110,47.572,0.4994,0.4941,0.0063,21.51,21.49,43.00,-0.014,0.014,-2.137,-0.868
401437798,2022,REG,7,2022-10-23,Sunday,13:00,GB,WAS,21,23,Home,7,10,-195,173,-4,-102,-108,41.5,-105,-107,0,outdoors,grass,,,00-0023459,00-0031800,Aaron Rodgers,Taylor Heinicke,Matt LaFleur,Ron Rivera,WAS00,FedExField,0.6500,0.3500,-195,+180,-4-110,+4-110,85.659,0.3148,0.6817,0.0034,26.27,15.23,41.50,-5.517,5.517,-3.608,4.052
401437799,2022,REG,7,2022-10-23,Sunday,16:05,NYJ,DEN,16,9,Home,7,6,-127,115,-2,-106,-104,37,-114,101,0,outdoors,grass,,,00-0037013,00-0034955,Zach Wilson,Brett Rypien,Robert Saleh,Nathaniel Hackett,DEN00,Empower Field at Mile High,0.4500,0.5500,-125,+115,-1½-110,+2-110,2.083,0.2845,0.7124,0.0030,24.79,11.72,36.50,-6.535,6.535,-10.188,-0.076
401437800,2022,REG,7,2022-10-23,Sunday,16:05,HOU,LV,20,38,Home,14,13,278,-325,7,104,-115,46,-104,-108,0,dome,grass,,,00-0036898,00-0031280,Davis Mills,Derek Carr,Lovie Smith,Josh McDaniels,VEG00,Allegiant Stadium,0.2310,0.7690,+280,-300,+7-105,-7-110,29.902,0.8159,0.1823,0.0017,12.43,33.58,46.00,10.575,-10.575,2.677,-4.756
401437801,2022,REG,7,2022-10-23,Sunday,16:25,SEA,LAC,37,23,Home,7,6,193,-219,5.5,-111,101,51.5,-114,101,0,dome,matrixturf,,,00-0030565,00-0036355,Geno Smith,Justin Herbert,Pete Carroll,Brandon Staley,LAX01,SoFi Stadium,0.2500,0.7500,+200,-210,+5-110,-4½-110,37.41,0.7417,0.2556,0.0026,18.00,33.00,51.00,7.498,-7.498,1.469,-4.239
401437802,2022,REG,7,2022-10-23,Sunday,16:25,KC,SF,44,23,Home,7,7,-106,-104,-1,102,-112,49,-114,101,0,outdoors,,,,00-0033873,00-0031345,Patrick Mahomes,Jimmy Garoppolo,Andy Reid,Kyle Shanahan,SFO01,Levi's Stadium,0.5180,0.4820,-110,+105,+0-110,+1½-110,90.236,0.3495,0.6464,0.0039,28.91,20.09,49.00,-4.408,4.408,1.87,8.957
401437803,2022,REG,7,2022-10-23,Sunday,20:20,PIT,MIA,10,16,Home,7,7,255,-297,7.5,-119,108,44.5,-107,-105,0,outdoors,grass,,,00-0038102,00-0036212,Kenny Pickett,Tua Tagovailoa,Mike Tomlin,Mike McDaniel,MIA00,Hard Rock Stadium,0.3390,0.6610,+261,-300,+7+100,-7-110,41.669,0.7248,0.2723,0.0028,15.37,29.13,44.50,6.878,-6.878,0.321,-4.817
401437804,2022,REG,7,2022-10-24,Monday,20:15,CHI,NE,33,14,Home,11,8,327,-392,9.5,-110,-100,40,-106,-106,0,outdoors,fieldturf,,,00-0036945,00-0036972,Justin Fields,Mac Jones,Matt Eberflus,Bill Belichick,BOS00,Gillette Stadium,0.2460,0.7540,+335,-380,+9-110,-8-110,49.522,0.8208,0.1774,0.0016,9.21,30.79,40.00,10.786,-10.786,1.037,-7.519
401437805,2022,REG,8,2022-10-27,Thursday,20:15,BAL,TB,27,22,Home,4,4,116,-128,2,-104,-106,46,-102,-110,0,outdoors,grass,,,00-0034796,00-0019596,Lamar Jackson,Tom Brady,John Harbaugh,Todd Bowles,TAM00,Raymond James Stadium,0.4870,0.5130,+115,-130,+2½-110,-2-110,73.773,0.5462,0.4478,0.0059,21.93,24.57,46.50,1.316,-1.316,1.567,2.407
401435641,2022,REG,8,2022-10-30,Sunday,09:30,DEN,JAX,21,17,Neutral,7,7,-103,-107,1,-112,101,41,-103,-109,0,outdoors,,,,00-0029263,00-0036971,Russell Wilson,Trevor Lawrence,Nathaniel Hackett,Doug Pederson,LON00,Wembley Stadium,0.4110,0.5890,+100,-118,+1-110,-1-110,41.496,0.4919,0.5017,0.0063,20.73,20.27,41.00,-0.231,0.231,0.741,-2.632
401437806,2022,REG,8,2022-10-30,Sunday,13:00,CAR,ATL,34,37,Home,7,7,178,-201,4.5,-110,-100,41,-106,-106,1,closed,fieldturf,,,00-0033275,00-0032268,Phillip Walker,Marcus Mariota,Steve Wilks,Arthur Smith,ATL97,Mercedes-Benz Stadium,0.4330,0.5670,+181,-200,+4-110,-4-110,14.181,0.6828,0.3136,0.0035,15.06,25.94,41.00,5.437,-5.437,-2.262,-6.399
401437807,2022,REG,8,2022-10-30,Sunday,13:00,CHI,DAL,29,49,Home,6,7,355,-430,10.5,-121,109,43,-108,-104,0,open,matrixturf,,,00-0036945,00-0033077,Justin Fields,Dak Prescott,Matt Eberflus,Mike McCarthy,DAL00,AT&T Stadium,0.2470,0.7530,+380,-440,+10-110,-9½-110,38.883,0.8521,0.1464,0.0013,9.06,33.94,43.00,12.438,-12.438,4.493,-4.653
401437808,2022,REG,8,2022-10-30,Sunday,13:00,MIA,DET,31,27,Home,7,7,-190,169,-3.5,-112,102,52,-108,-104,0,dome,fieldturf,,,00-0036212,00-0033106,Tua Tagovailoa,Jared Goff,Mike McDaniel,Dan Campbell,DET00,Ford Field,0.6370,0.3630,-190,+175,-4-110,+3½-105,37.41,0.3273,0.6690,0.0036,31.12,20.88,52.00,-5.118,5.118,-6.847,0.885
401437809,2022,REG,8,2022-10-30,Sunday,13:00,ARI,MIN,26,34,Home,10,14,177,-199,4,-105,-105,48.5,-106,-106,0,dome,sportturf,,,00-0035228,00-0029604,Kyler Murray,Kirk Cousins,Kliff Kingsbury,Kevin O'Connell,MIN01,U.S. Bank Stadium,0.2030,0.7970,+181,-190,+4½-110,-4-110,58.026,0.5886,0.4062,0.0051,21.70,26.80,48.50,2.548,-2.548,0.691,0.027
401437810,2022,REG,8,2022-10-30,Sunday,13:00,LV,NO,0,24,Home,7,10,-119,108,-1,-111,101,48.5,-111,-101,0,dome,sportturf,,,00-0031280,00-0031503,Derek Carr,Jameis Winston,Josh McDaniels,Dennis Allen,NOR00,Mercedes-Benz Superdome,0.4450,0.5550,-115,+109,-1-110,+1½-110,78.482,0.3935,0.6017,0.0047,27.31,21.19,48.50,-3.063,3.063,-1.376,3.451
401437811,2022,REG,8,2022-10-30,Sunday,13:00,NE,NYJ,22,17,Home,6,7,-155,140,-3,-103,-107,40,-102,-110,1,outdoors,fieldturf,,,00-0036972,00-0037013,Mac Jones,Zach Wilson,Bill Belichick,Robert Saleh,NYC01,MetLife Stadium,0.4730,0.5270,-155,+141,-3-110,+3-105,38.512,0.5177,0.4759,0.0063,19.50,20.50,40.00,0.501,-0.501,0.288,0.697
401437812,2022,REG,8,2022-10-30,Sunday,13:00,PIT,PHI,13,35,Home,7,14,397,-490,11,102,-112,43,-110,-102,0,outdoors,grass,,,00-0038102,00-0036389,Kenny Pickett,Jalen Hurts,Mike Tomlin,Nick Sirianni,PHI00,Lincoln Financial Field,0.1020,0.8980,+435,-530,+11½-110,-11-110,75.192,0.8621,0.1366,0.0012,8.51,34.49,43.00,12.991,-12.991,6.655,-4.675
401437813,2022,REG,8,2022-10-30,Sunday,16:05,TEN,HOU,17,10,Home,7,7,-115,104,-1,-107,-103,39,-102,-110,1,closed,astroturf,,,00-0038128,00-0036898,Malik Willis,Davis Mills,Mike Vrabel,Lovie Smith,HOU00,NRG Stadium,0.7470,0.2530,-115,+105,-1-110,+1½-110,6.116,0.5861,0.4085,0.0052,17.28,22.22,39.50,2.471,-2.471,-5.36,-6.51
401437814,2022,REG,8,2022-10-30,Sunday,16:25,WAS,IND,17,16,Home,7,7,136,-151,3,-114,103,40.5,-110,-102,0,closed,fieldturf,,,00-0031800,00-0036879,Taylor Heinicke,Sam Ehlinger,Ron Rivera,Frank Reich,IND00,Lucas Oil Stadium,0.4330,0.5670,+131,-150,+3-110,-3+100,18.453,0.4848,0.5088,0.0063,20.43,19.57,40.00,-0.43,0.43,-6.292,-3.424
401437815,2022,REG,8,2022-10-30,Sunday,16:25,SF,LA,31,14,Home,7,14,-104,-106,-1,103,-114,42,-103,-109,1,dome,matrixturf,,,00-0031345,00-0026498,Jimmy Garoppolo,Matthew Stafford,Kyle Shanahan,Sean McVay,LAX01,SoFi Stadium,0.4100,0.5900,+100,-115,+1-110,-1-110,46.617,0.5266,0.4671,0.0062,20.24,21.76,42.00,0.757,-0.757,-0.548,-0.147
401437816,2022,REG,8,2022-10-30,Sunday,16:25,NYG,SEA,13,27,Home,7,7,147,-164,3,-100,-110,44.5,-110,-102,0,outdoors,fieldturf,,,00-0035710,00-0030565,Daniel Jones,Geno Smith,Brian Daboll,Pete Carroll,SEA00,Lumen Field,0.4720,0.5280,+155,-160,+3½-110,-3½-101,13.85,0.5904,0.4044,0.0051,19.66,24.84,44.50,2.593,-2.593,-2.871,-1.069
401437817,2022,REG,8,2022-10-30,Sunday,20:20,GB,BUF,17,27,Home,7,14,365,-445,10.5,-110,100,47,-104,-108,0,outdoors,a_turf,,,00-0023459,00-0034857,Aaron Rodgers,Josh Allen,Matt LaFleur,Sean McDermott,BUF00,New Era Field,0.2590,0.7410,+425,-484,+11-110,-10½-110,99.735,0.8303,0.1681,0.0015,12.18,34.82,47.00,11.317,-11.317,10.913,2.318
401437818,2022,REG,8,2022-10-31,Monday,20:15,CIN,CLE,13,32,Home,8,8,-163,147,-3,-112,102,45,-102,-110,1,outdoors,grass,66,9,00-0036442,00-0033119,Joe Burrow,Jacoby Brissett,Zac Taylor,Kevin Stefanski,CLE00,FirstEnergy Stadium,0.6730,0.3270,-165,+165,-3-110,+3+100,49.575,0.3005,0.6962,0.0031,28.50,16.50,45.00,-6.004,6.004,-1.16,5.896
401437819,2022,REG,9,2022-11-03,Thursday,20:15,PHI,HOU,29,17,Home,4,4,-702,539,-14,102,-113,45.5,-112,-101,0,closed,astroturf,,,00-0036389,00-0036898,Jalen Hurts,Davis Mills,Nick Sirianni,Lovie Smith,HOU00,NRG Stadium,0.9310,0.0690,-770,+600,-14-110,+14-110,26.89,0.1574,0.8411,0.0014,34.39,10.62,45.00,-11.885,11.885,-7.002,7.412
401437820,2022,REG,9,2022-11-06,Sunday,13:00,LAC,ATL,20,17,Home,14,7,-143,130,-2.5,-114,103,49.5,-105,-107,0,open,fieldturf,,,00-0036355,00-0032268,Justin Herbert,Marcus Mariota,Brandon Staley,Arthur Smith,ATL97,Mercedes-Benz Stadium,0.5040,0.4960,-136,+125,-2½-110,+2½-110,48.819,0.5683,0.4260,0.0055,22.79,26.71,49.50,1.962,-1.962,-0.708,-1.347
401437821,2022,REG,9,2022-11-06,Sunday,13:00,MIA,CHI,35,32,Home,7,7,-193,172,-4,-103,-107,46,-104,-108,0,outdoors,grass,58,17,00-0036212,00-0036945,Tua Tagovailoa,Justin Fields,Mike McDaniel,Matt Eberflus,CHI98,Soldier Field,0.6330,0.3670,-180,+173,-4-110,+4-110,40.82,0.3300,0.6662,0.0036,28.03,17.98,46.00,-5.025,5.025,-5.723,1.648
401437822,2022,REG,9,2022-11-06,Sunday,13:00,CAR,CIN,21,42,Home,7,6,282,-331,7,-100,-110,43,-114,101,0,outdoors,fieldturf,68,11,00-0033275,00-0036442,Phillip Walker,Joe Burrow,Steve Wilks,Zac Taylor,CIN00,Paycor Stadium,0.1940,0.8060,+280,-315,+7-101,-7-110,31.693,0.7974,0.2006,0.0019,11.49,31.01,42.50,9.756,-9.756,2.554,-4.809
401437823,2022,REG,9,2022-11-06,Sunday,13:00,GB,DET,9,15,Home,7,7,-191,170,-4,-107,-103,49.5,-107,-105,1,dome,fieldturf,,,00-0023459,00-0033106,Aaron Rodgers,Jared Goff,Matt LaFleur,Dan Campbell,DET00,Ford Field,0.6900,0.3100,-200,+181,-4-110,+4-110,58.371,0.2715,0.7256,0.0028,31.77,17.73,49.50,-7.016,7.016,-6.444,2.117
401437824,2022,REG,9,2022-11-06,Sunday,13:00,LV,JAX,20,27,Home,7,7,-129,116,-2.5,-102,-108,47.5,105,-118,0,outdoors,grass,81,14,00-0031280,00-0036971,Derek Carr,Trevor Lawrence,Josh McDaniels,Doug Pederson,JAX00,TIAA Bank Stadium,0.4200,0.5800,-135,+130,-2½-110,+2½-101,80.18,0.4928,0.5008,0.0063,24.20,23.80,48.00,-0.198,0.198,0.107,0.504
401437825,2022,REG,9,2022-11-06,Sunday,13:00,IND,NE,3,26,Home,7,7,188,-212,5,-115,104,40,-109,-103,0,outdoors,fieldturf,78,13,00-0036879,00-0036972,Sam Ehlinger,Mac Jones,Frank Reich,Bill Belichick,BOS00,Gillette Stadium,0.3350,0.6650,+192,-210,+5-110,-4½-110,23.68,0.7781,0.2196,0.0021,11.11,28.89,40.00,8.89,-8.89,0.407,-7.014
401437826,2022,REG,9,2022-11-06,Sunday,13:00,BUF,NYJ,17,20,Home,7,7,-494,400,-11,103,-114,46,-102,-110,1,outdoors,fieldturf,69,17,00-0034857,00-0037013,Josh Allen,Zach Wilson,Sean McDermott,Robert Saleh,NYC01,MetLife Stadium,0.7990,0.2010,-525,+450,-10½-110,+10½-110,69.09,0.1777,0.8206,0.0016,33.90,12.11,46.00,-10.895,10.895,-0.59,10.792
401437827,2022,REG,9,2022-11-06,Sunday,13:00,MIN,WAS,20,17,Home,7,7,-169,151,-3,-119,108,43.5,-106,-106,0,outdoors,grass,71,11,00-0029604,00-0031800,Kirk Cousins,Taylor Heinicke,Kevin O'Connell,Ron Rivera,WAS00,FedExField,0.6800,0.3200,-162,+150,-3-110,+3-100,31.812,0.4220,0.5725,0.0053,23.73,19.27,43.00,-2.228,2.228,-3.75,0.914
401437828,2022,REG,9,2022-11-06,Sunday,16:05,SEA,ARI,31,21,Home,7,7,116,-128,1.5,102,-113,49.5,-115,103,1,open,grass,,,00-0030565,00-0035228,Geno Smith,Kyler Murray,Pete Carroll,Kliff Kingsbury,PHO00,State Farm Stadium,0.3770,0.6230,+120,-130,+2-110,-2-110,9.008,0.6263,0.3691,0.0044,20.84,28.16,49.00,3.664,-3.664,-0.363,-3.174
401437829,2022,REG,9,2022-11-06,Sunday,16:25,LA,TB,13,16,Home,7,10,142,-158,3,-104,-106,43,-108,-104,0,outdoors,grass,88,2,00-0026498,00-0019596,Matthew Stafford,Tom Brady,Sean McVay,Todd Bowles,TAM00,Raymond James Stadium,0.4350,0.5650,+142,-155,+3-105,-3+100,77.859,0.6531,0.3429,0.0039,17.00,26.00,43.00,4.499,-4.499,2.113,-0.428
401437830,2022,REG,9,2022-11-06,Sunday,20:20,TEN,KC,17,20,Home,7,14,530,-689,14,-107,-103,45,-106,-106,0,outdoors,grass,54,7,00-0038128,00-0033873,Malik Willis,Patrick Mahomes,Mike Vrabel,Andy Reid,KAN00,GEHA Field at Arrowhead Stadium,0.2530,0.7470,+625,-825,+14-110,-14-110,71.213,0.9200,0.0792,0.0006,4.48,40.52,45.00,18.02,-18.02,10.679,-5.26
401437831,2022,REG,9,2022-11-07,Monday,20:15,BAL,NO,27,13,Home,11,8,-124,112,-1,-117,106,46,-108,-104,0,dome,sportturf,,,00-0034796,00-0027973,Lamar Jackson,Andy Dalton,John Harbaugh,Dennis Allen,NOR00,Mercedes-Benz Superdome,0.6600,0.3400,-122,+110,-1½-110,+2-110,49.575,0.4567,0.5372,0.0060,24.23,21.77,46.00,-1.228,1.228,0.073,4.455
401437832,2022,REG,10,2022-11-10,Thursday,20:15,ATL,CAR,15,25,Home,4,4,-132,119,-2.5,-103,-107,41.5,-106,-106,1,outdoors,grass,61,12,00-0032268,00-0033275,Marcus Mariota,Phillip Walker,Arthur Smith,Steve Wilks,CAR00,Bank of America Stadium,0.5300,0.4700,-135,+130,-2-110,+2½+100,6.222,0.3440,0.6520,0.0039,25.32,16.18,41.50,-4.574,4.574,-7.752,-1.766
401435638,2022,REG,10,2022-11-13,Sunday,09:30,SEA,TB,16,21,Neutral,7,7,124,-138,2.5,103,-114,45,-104,-108,0,outdoors,,,,00-0030565,00-0019596,Geno Smith,Tom Brady,Pete Carroll,Todd Bowles,GER00,Allianz Arena,0.2980,0.7020,+130,-145,+2½+100,-2½-110,60.467,0.6673,0.3289,0.0036,17.56,27.44,45.00,4.94,-4.94,3.609,-1.644
401437833,2022,REG,10,2022-11-13,Sunday,13:00,MIN,BUF,33,30,Home,7,7,230,-264,6.5,-104,-106,47,-105,-107,0,outdoors,a_turf,38,11,00-0029604,00-0034857,Kirk Cousins,Josh Allen,Kevin O'Connell,Sean McDermott,BUF00,New Era Field,0.3070,0.6930,+245,-260,+6½-105,-6½-110,70.788,0.5665,0.4282,0.0052,20.98,25.52,46.50,2.273,-2.273,1.879,1.28
401437834,2022,REG,10,2022-11-13,Sunday,13:00,DET,CHI,31,30,Home,7,7,143,-159,3,-105,-105,48.5,-114,101,1,outdoors,grass,34,13,00-0033106,00-0036945,Jared Goff,Justin Fields,Dan Campbell,Matt Eberflus,CHI98,Soldier Field,0.4510,0.5490,+136,-150,+3-110,-3-110,18.851,0.5941,0.4007,0.0050,21.29,26.71,48.00,2.71,-2.71,-4.16,-5.131
401437835,2022,REG,10,2022-11-13,Sunday,13:00,JAX,KC,17,27,Home,7,7,333,-399,10,-120,109,51.5,-110,-102,0,outdoors,grass,33,7,00-0036971,00-0033873,Trevor Lawrence,Patrick Mahomes,Doug Pederson,Andy Reid,KAN00,GEHA Field at Arrowhead Stadium,0.1870,0.8130,+380,-430,+9½-110,-9½-110,88.684,0.8413,0.1572,0.0014,13.85,37.66,51.50,11.905,-11.905,10.305,0.904
401437836,2022,REG,10,2022-11-13,Sunday,13:00,CLE,MIA,17,39,Home,13,7,158,-177,3,112,-123,49,-102,-110,0,outdoors,grass,85,7,00-0033119,00-0036212,Jacoby Brissett,Tua Tagovailoa,Kevin Stefanski,Mike McDaniel,MIA00,Hard Rock Stadium,0.2970,0.7030,+160,-170,+3½-110,-3-119,76.718,0.5752,0.4192,0.0054,22.60,26.90,49.50,2.154,-2.154,2.921,2.678
401437837,2022,REG,10,2022-11-13,Sunday,13:00,HOU,NYG,16,24,Home,10,14,195,-221,5.5,-112,102,41.5,-109,-103,0,outdoors,fieldturf,50,15,00-0036898,00-0035710,Davis Mills,Daniel Jones,Lovie Smith,Brian Daboll,NYC01,MetLife Stadium,0.2100,0.7900,+195,-213,+5-110,-4½-110,9.14,0.6788,0.3176,0.0035,15.45,26.05,41.50,5.301,-5.301,-2.52,-6.05
401437838,2022,REG,10,2022-11-13,Sunday,13:00,NO,PIT,10,20,Home,6,14,105,-116,1,-103,-107,39.5,-104,-109,0,outdoors,grass,37,15,00-0027973,00-0038102,Andy Dalton,Kenny Pickett,Dennis Allen,Mike Tomlin,PIT00,Acrisure Stadium,0.5250,0.4750,+110,-115,+1½-110,-1-110,20.523,0.3571,0.6386,0.0041,23.91,15.59,39.50,-4.162,4.162,-6.419,-0.259
401437839,2022,REG,10,2022-11-13,Sunday,13:00,DEN,TEN,10,17,Home,14,7,122,-135,2.5,-105,-105,40,-107,-105,0,outdoors,grass,36,9,00-0029263,00-0029701,Russell Wilson,Ryan Tannehill,Nathaniel Hackett,Mike Vrabel,NAS00,Nissan Stadium,0.3250,0.6750,+120,-130,+2½-110,-2-110,47.148,0.6043,0.3908,0.0048,16.74,22.76,39.50,3.008,-3.008,-0.663,-2.286
401437840,2022,REG,10,2022-11-13,Sunday,16:05,IND,LV,25,20,Home,7,7,177,-199,4.5,-112,101,41,101,-114,0,dome,grass,,,00-0026143,00-0031280,Matt Ryan,Derek Carr,Jeff Saturday,Josh McDaniels,VEG00,Allegiant Stadium,0.3480,0.6520,+190,-200,+4½-110,-4-110,27.196,0.8629,0.1358,0.0012,7.67,33.83,41.50,13.078,-13.078,0.887,-9.275
401437131,2022,REG,10,2022-11-13,Sunday,16:25,DAL,GB,28,31,Home,14,7,-199,177,-3.5,-113,102,44.5,-104,-108,0,outdoors,grass,33,8,00-0033077,00-0023459,Dak Prescott,Aaron Rodgers,Mike McCarthy,Matt LaFleur,GNB00,Lambeau Field,0.5700,0.4300,-180,+175,-3½-110,+4-110,48.448,0.3423,0.6537,0.0038,26.89,17.61,44.50,-4.642,4.642,-0.433,6.683
401437841,2022,REG,10,2022-11-13,Sunday,16:25,ARI,LA,27,17,Home,7,7,160,-183,3.5,-110,-102,38,-108,-104,1,dome,matrixturf,,,00-0027688,00-0034899,Colt McCoy,John Wolford,Kliff Kingsbury,Sean McVay,LAX01,SoFi Stadium,0.2030,0.7970,+155,-175,+3½-110,-3-125,19.196,0.5793,0.4164,0.0041,16.48,21.52,38.00,2.518,-2.518,-3.337,-4.101
401437842,2022,REG,10,2022-11-13,Sunday,20:20,LAC,SF,16,22,Home,7,14,302,-357,8.5,-105,-105,45.5,101,-113,0,outdoors,grass,57,6,00-0036355,00-0031345,Justin Herbert,Jimmy Garoppolo,Brandon Staley,Kyle Shanahan,SFO01,Levi's Stadium,0.2930,0.7070,+315,-355,+8-110,-8-110,78.748,0.7533,0.2442,0.0024,14.81,30.69,45.50,7.938,-7.938,3.967,-0.983
401437843,2022,REG,10,2022-11-14,Monday,20:15,WAS,PHI,32,21,Home,8,11,405,-501,11,-107,-103,43,-103,-109,1,outdoors,grass,43,6,00-0031800,00-0036389,Taylor Heinicke,Jalen Hurts,Ron Rivera,Nick Sirianni,PHI00,Lincoln Financial Field,0.1100,0.8900,+415,-500,+11-110,-11-110,49.39,0.8301,0.1683,0.0015,10.26,32.74,43.00,11.242,-11.242,7.079,-3.644
401437844,2022,REG,11,2022-11-17,Thursday,20:15,TEN,GB,27,17,Home,4,4,153,-171,3,106,-117,40.5,-109,-103,0,outdoors,grass,25,11,00-0029701,00-0023459,Ryan Tannehill,Aaron Rodgers,Mike Vrabel,Matt LaFleur,GNB00,Lambeau Field,0.2980,0.7020,+165,-175,+3½-110,-3½+100,23.627,0.6396,0.3561,0.0041,16.18,24.32,40.50,4.072,-4.072,-0.149,-2.198
401437845,2022,REG,11,2022-11-20,Sunday,13:00,CHI,ATL,24,27,Home,7,10,125,-138,3,-122,110,48.5,-108,-104,0,closed,fieldturf,,,00-0036945,00-0032268,Justin Fields,Marcus Mariota,Matt Eberflus,Arthur Smith,ATL97,Mercedes-Benz Stadium,0.3910,0.6090,+120,-130,+2½-101,-2-110,16.384,0.6724,0.3238,0.0036,18.90,29.10,48.00,5.101,-5.101,-1.921,-4.23
401437846,2022,REG,11,2022-11-20,Sunday,13:00,CAR,BAL,3,13,Home,10,13,503,-647,13,-117,106,42,-112,-100,0,outdoors,grass,36,2,00-0033275,00-0034796,Phillip Walker,Lamar Jackson,Steve Wilks,John Harbaugh,BAL00,M&T Bank Stadium,0.1160,0.8840,+560,-700,+12½-110,-12½-110,70.257,0.8479,0.1506,0.0013,8.57,32.93,41.50,12.177,-12.177,5.94,-4.472
401437847,2022,REG,11,2022-11-20,Sunday,13:00,CLE,BUF,23,31,Neutral,7,7,298,-353,7.5,-103,-108,50.5,-103,-109,0,dome,fieldturf,,,00-0033119,00-0034857,Jacoby Brissett,Josh Allen,Kevin Stefanski,Sean McDermott,DET00,Ford Field,0.1830,0.8170,+301,-350,+8-110,-7½-110,91.098,0.7838,0.2140,0.0021,16.09,34.41,50.50,9.156,-9.156,8.726,0.31
401437848,2022,REG,11,2022-11-20,Sunday,13:00,WAS,HOU,23,10,Home,6,7,-150,135,-3,-100,-110,41,-106,-106,0,closed,astroturf,,,00-0031800,00-0036898,Taylor Heinicke,Davis Mills,Ron Rivera,Lovie Smith,HOU00,NRG Stadium,0.7000,0.3000,-160,+145,-3-110,+3-105,10.268,0.4568,0.5370,0.0060,21.73,19.28,41.00,-1.225,1.225,-6.573,-2.386
401437849,2022,REG,11,2022-11-20,Sunday,13:00,PHI,IND,17,16,Home,6,7,-270,235,-6.5,-108,-102,45.5,-103,-109,0,closed,fieldturf,,,00-0036389,00-0036879,Jalen Hurts,Sam Ehlinger,Nick Sirianni,Jeff Saturday,IND00,Lucas Oil Stadium,0.8060,0.1940,-290,+250,-6½-110,+6½-110,51.247,0.3006,0.6960,0.0032,28.75,16.76,45.50,-5.995,5.995,-2.625,5.697
401437850,2022,REG,11,2022-11-20,Sunday,13:00,NYJ,NE,3,10,Home,14,14,163,-182,3.5,-109,-102,38.5,-103,-109,1,outdoors,fieldturf,42,2,00-0037013,00-0036972,Zach Wilson,Mac Jones,Robert Saleh,Bill Belichick,BOS00,Gillette Stadium,0.3640,0.6360,+155,-170,+3½-110,-3½+100,17.816,0.4544,0.5396,0.0059,20.30,17.71,38.00,-1.295,1.295,-1.383,0.805
401437851,2022,REG,11,2022-11-20,Sunday,13:00,LA,NO,20,27,Home,7,7,112,-124,2.5,-115,104,39.5,-106,-106,0,dome,sportturf,,,00-0026498,00-0027973,Matthew Stafford,Andy Dalton,Sean McVay,Dennis Allen,NOR00,Mercedes-Benz Superdome,0.4820,0.5180,+120,-135,+2½-110,-2-110,47.811,0.4946,0.4989,0.0064,19.65,19.35,39.00,-0.148,0.148,-3.573,-1.899
401437852,2022,REG,11,2022-11-20,Sunday,13:00,DET,NYG,31,18,Home,7,7,143,-159,3,-104,-107,44,103,-116,0,outdoors,fieldturf,35,21,00-0033106,00-0035710,Jared Goff,Daniel Jones,Dan Campbell,Brian Daboll,NYC01,MetLife Stadium,0.3790,0.6210,+150,-160,+3-101,-3-110,22.937,0.6563,0.3397,0.0039,17.66,26.84,44.50,4.589,-4.589,-2.892,-5.439
401437853,2022,REG,11,2022-11-20,Sunday,16:05,LV,DEN,22,16,Home,7,7,131,-145,2.5,106,-117,41.5,-113,100,1,outdoors,grass,49,11,00-0031280,00-0029263,Derek Carr,Russell Wilson,Josh McDaniels,Nathaniel Hackett,DEN00,Empower Field at Mile High,0.4440,0.5560,+131,-145,+2½-101,-2½-110,66.53,0.3661,0.6295,0.0042,24.65,16.85,41.50,-3.901,3.901,-4.284,-0.927
401437855,2022,REG,11,2022-11-20,Sunday,16:25,DAL,MIN,40,3,Home,7,7,-131,118,-1.5,-115,104,48.5,-109,-103,0,dome,sportturf,,,00-0033077,00-0029604,Dak Prescott,Kirk Cousins,Mike McCarthy,Kevin O'Connell,MIN01,U.S. Bank Stadium,0.4240,0.5760,-130,+125,-2-110,+2½-110,54.802,0.4508,0.5432,0.0058,25.64,22.86,48.50,-1.392,1.392,1.428,4.62
401437856,2022,REG,11,2022-11-20,Sunday,16:25,CIN,PIT,37,30,Home,14,7,-182,163,-3.5,101,-111,39,100,-112,1,outdoors,grass,27,12,00-0036442,00-0038102,Joe Burrow,Kenny Pickett,Zac Taylor,Mike Tomlin,PIT00,Acrisure Stadium,0.7010,0.2990,-175,+170,-3½+100,+3½-105,71.836,0.2000,0.7980,0.0018,29.61,9.89,39.50,-9.86,9.86,-5.279,5.338
401437854,2022,REG,11,2022-11-20,Sunday,20:20,KC,LAC,30,27,Home,7,7,-231,203,-5.5,-102,-108,52.5,-102,-110,1,dome,matrixturf,,,00-0033873,00-0036355,Patrick Mahomes,Justin Herbert,Andy Reid,Brandon Staley,LAX01,SoFi Stadium,0.7560,0.2440,-220,+200,-4½-110,+5-110,71.823,0.2077,0.7903,0.0019,36.04,16.96,53.00,-9.543,9.543,-2.035,10.09
401435642,2022,REG,11,2022-11-21,Monday,20:15,SF,ARI,38,10,Neutral,8,8,-422,350,-10,103,-113,43.5,-114,101,1,outdoors,,,,00-0031345,00-0027688,Jimmy Garoppolo,Colt McCoy,Kyle Shanahan,Kliff Kingsbury,MEX00,Azteca Stadium,0.8460,0.1540,-426,+390,-9½-110,+10-110,49.522,0.1715,0.8268,0.0015,32.66,10.34,43.00,-11.159,11.159,-5.732,3.864
401437857,2022,REG,12,2022-11-24,Thursday,12:30,BUF,DET,28,25,Home,4,4,-412,342,-10,105,-116,54,-102,-110,0,dome,fieldturf,,,00-0034857,00-0033106,Josh Allen,Jared Goff,Sean McDermott,Dan Campbell,DET00,Ford Field,0.8060,0.1940,-450,+375,-9½-110,+9½-110,43.831,0.1716,0.8267,0.0016,38.45,16.05,54.50,-11.201,11.201,-4.109,8.837
401437858,2022,REG,12,2022-11-24,Thursday,16:30,NYG,DAL,20,28,Home,4,4,363,-441,10.5,-114,104,45.5,-106,-106,1,closed,matrixturf,,,00-0035710,00-0033077,Daniel Jones,Dak Prescott,Brian Daboll,Mike McCarthy,DAL00,AT&T Stadium,0.1500,0.8500,+425,-500,+10-110,-10-110,51.738,0.8765,0.1223,0.0010,8.82,36.68,45.50,13.927,-13.927,7.888,-4.166
401437859,2022,REG,12,2022-11-24,Thursday,20:20,NE,MIN,26,33,Home,4,4,123,-136,2.5,-102,-108,42.5,-106,-106,0,dome,sportturf,,,00-0036972,00-0029604,Mac Jones,Kirk Cousins,Bill Belichick,Kevin O'Connell,MIN01,U.S. Bank Stadium,0.3640,0.6360,+130,-143,+2½+100,-2½-110,8.994,0.6270,0.3685,0.0044,17.32,24.68,42.00,3.679,-3.679,-0.429,-1.661
401437860,2022,REG,12,2022-11-27,Sunday,13:00,DEN,CAR,10,23,Home,7,7,-116,105,-1,-109,-101,36.5,-111,-101,0,outdoors,grass,66,15,00-0029263,00-0034869,Russell Wilson,Sam Darnold,Nathaniel Hackett,Steve Wilks,CAR00,Bank of America Stadium,0.5150,0.4850,-110,-105,+0-110,+1-110,11.794,0.5479,0.4460,0.0059,16.63,19.37,36.00,1.372,-1.372,-4.559,-5.044
401437861,2022,REG,12,2022-11-27,Sunday,13:00,TB,CLE,17,23,Home,14,7,-169,151,-3,-118,107,42,-103,-109,0,outdoors,grass,56,14,00-0019596,00-0033119,Tom Brady,Jacoby Brissett,Todd Bowles,Kevin Stefanski,CLE00,FirstEnergy Stadium,0.6170,0.3830,-165,+160,-3-120,+3½-110,90.541,0.4876,0.5059,0.0063,21.34,20.66,42.00,-0.34,0.34,1.054,3.327
401437862,2022,REG,12,2022-11-27,Sunday,13:00,BAL,JAX,27,28,Home,7,14,-164,147,-3.5,111,-123,43,-102,-111,0,outdoors,grass,77,19,00-0034796,00-0036971,Lamar Jackson,Trevor Lawrence,John Harbaugh,Doug Pederson,JAX00,TIAA Bank Stadium,0.7580,0.2420,-165,+155,-3-119,+3½-110,60.613,0.4397,0.5545,0.0057,23.22,19.78,43.00,-1.72,1.72,1.061,5.09
401437863,2022,REG,12,2022-11-27,Sunday,13:00,HOU,MIA,15,30,Home,7,14,613,-822,14,-101,-109,47,-103,-109,0,outdoors,grass,84,13,00-0034577,00-0036212,Kyle Allen,Tua Tagovailoa,Lovie Smith,Mike McDaniel,MIA00,Hard Rock Stadium,0.0890,0.9110,+645,-850,+14-110,-14-110,17.127,0.8751,0.1237,0.0011,9.95,37.55,47.50,13.801,-13.801,3.468,-8.074
401437864,2022,REG,12,2022-11-27,Sunday,13:00,CHI,NYJ,10,31,Home,7,7,315,-375,8.5,-107,-103,36.5,-103,-109,0,outdoors,fieldturf,50,9,00-0032156,00-0034401,Trevor Siemian,Mike White,Matt Eberflus,Robert Saleh,NYC01,MetLife Stadium,0.2600,0.7400,+304,-330,+8-110,-7½-110,0.624,0.7089,0.2879,0.0031,11.94,24.56,36.50,6.307,-6.307,-5.634,-9.093
401437865,2022,REG,12,2022-11-27,Sunday,13:00,CIN,TEN,20,16,Home,7,10,-105,-105,-1,102,-113,43,-118,105,0,outdoors,grass,56,14,00-0036442,00-0029701,Joe Burrow,Ryan Tannehill,Zac Taylor,Mike Vrabel,NAS00,Nissan Stadium,0.5650,0.4350,-105,-110,+1-110,+0-110,85.872,0.4077,0.5872,0.0050,24.14,18.86,43.00,-2.637,2.637,0.308,5.387
401437866,2022,REG,12,2022-11-27,Sunday,13:00,ATL,WAS,13,19,Home,7,7,163,-183,3.5,-110,-100,40.5,-114,101,0,outdoors,grass,46,9,00-0032268,00-0031800,Marcus Mariota,Taylor Heinicke,Arthur Smith,Ron Rivera,WAS00,FedExField,0.3350,0.6650,+178,-185,+4-110,-3½-110,18.506,0.5977,0.3972,0.0050,17.19,22.81,40.00,2.806,-2.806,-1.915,-2.05
401437867,2022,REG,12,2022-11-27,Sunday,16:05,LAC,ARI,25,24,Home,7,6,-136,123,-2.5,-108,-102,48.5,-100,-112,0,closed,grass,,,00-0036355,00-0035228,Justin Herbert,Kyler Murray,Brandon Staley,Kliff Kingsbury,PHO00,State Farm Stadium,0.5450,0.4550,-140,+130,-2½-110,+2½+100,41.695,0.6424,0.3533,0.0041,20.33,28.67,49.00,4.168,-4.168,0.126,-1.385
401437868,2022,REG,12,2022-11-27,Sunday,16:05,LV,SEA,40,34,Home,7,14,174,-196,4,-107,-103,47.5,-103,-109,0,outdoors,fieldturf,44,8,00-0031280,00-0030565,Derek Carr,Geno Smith,Josh McDaniels,Pete Carroll,SEA00,Lumen Field,0.3990,0.6010,+180,-185,+4-110,-4-110,75.046,0.4717,0.5220,0.0062,24.79,23.21,48.00,-0.793,0.793,-1.678,1.045
401437869,2022,REG,12,2022-11-27,Sunday,16:25,LA,KC,10,26,Home,7,7,768,-1088,16.5,-115,105,42,-108,-104,0,outdoors,grass,44,6,00-0035939,00-0033873,Bryce Perkins,Patrick Mahomes,Sean McVay,Andy Reid,KAN00,GEHA Field at Arrowhead Stadium,0.0760,0.9240,+880,-1300,+16-110,-15½-110,72.46,0.9591,0.0404,0.0003,-1.49,43.49,42.00,22.485,-22.485,10.125,-9.885
401437870,2022,REG,12,2022-11-27,Sunday,16:25,NO,SF,0,13,Home,7,6,327,-392,9.5,-113,103,44,-116,103,0,outdoors,grass,59,2,00-0027973,00-0031345,Andy Dalton,Jimmy Garoppolo,Dennis Allen,Kyle Shanahan,SFO01,Levi's Stadium,0.2410,0.7590,+353,-410,+9-110,-9-110,82.807,0.7638,0.2337,0.0023,13.43,30.07,43.50,8.321,-8.321,5.66,0.222
401437871,2022,REG,12,2022-11-27,Sunday,20:20,GB,PHI,33,40,Home,10,7,241,-278,6.5,-105,-105,46,-106,-106,0,outdoors,grass,62,24,00-0023459,00-0036389,Aaron Rodgers,Jalen Hurts,Matt LaFleur,Nick Sirianni,PHI00,Lincoln Financial Field,0.2090,0.7910,+250,-265,+6½-110,-6-110,96.71,0.7226,0.2744,0.0029,16.19,29.81,46.00,6.807,-6.807,5.534,0.705
401437872,2022,REG,12,2022-11-28,Monday,20:15,PIT,IND,24,17,Home,8,8,116,-128,2.5,-110,-100,40,-114,101,0,closed,fieldturf,,,00-0038102,00-0026143,Kenny Pickett,Matt Ryan,Mike Tomlin,Jeff Saturday,IND00,Lucas Oil Stadium,0.4110,0.5890,+125,-130,+2½-110,-1½-110,49.522,0.6446,0.3512,0.0041,15.53,23.97,39.50,4.22,-4.22,-3.054,-5.008
401437873,2022,REG,13,2022-12-01,Thursday,20:15,BUF,NE,24,10,Home,7,7,-185,165,-3.5,-105,-105,43.5,-103,-109,1,outdoors,fieldturf,35,2,00-0034857,00-0036972,Josh Allen,Mac Jones,Sean McDermott,Bill Belichick,BOS00,Gillette Stadium,0.6940,0.3060,-200,+180,-3½-110,+4-110,58.145,0.2635,0.7337,0.0026,29.29,14.71,44.00,-7.29,7.29,-1.687,6.087
401437874,2022,REG,13,2022-12-04,Sunday,13:00,PIT,ATL,19,16,Home,6,7,-113,103,-1,-105,-105,43,-108,-104,0,closed,fieldturf,,,00-0038102,00-0032268,Kenny Pickett,Marcus Mariota,Mike Tomlin,Arthur Smith,ATL97,Mercedes-Benz Stadium,0.4660,0.5340,-115,+110,-1-110,+1½-110,25.949,0.6678,0.3284,0.0037,16.56,26.44,43.00,4.943,-4.943,-1.598,-4.109
401437875,2022,REG,13,2022-12-04,Sunday,13:00,DEN,BAL,9,10,Home,7,7,294,-347,9.5,-124,112,40.5,100,-113,0,outdoors,grass,63,8,00-0029263,00-0034796,Russell Wilson,Lamar Jackson,Nathaniel Hackett,John Harbaugh,BAL00,M&T Bank Stadium,0.1570,0.8430,+340,-382,+9-110,-8½-110,75.988,0.8313,0.1671,0.0015,8.93,31.57,40.50,11.317,-11.317,4.974,-5.454
401437876,2022,REG,13,2022-12-04,Sunday,13:00,GB,CHI,28,19,Home,7,7,-182,163,-4,105,-116,45,-114,101,1,outdoors,grass,38,12,00-0023459,00-0036945,Aaron Rodgers,Justin Fields,Matt LaFleur,Matt Eberflus,CHI98,Soldier Field,0.6670,0.3330,-185,+175,-3½-110,+4-110,67.219,0.3626,0.6331,0.0042,26.51,18.49,45.00,-4.011,4.011,-5.852,-0.63
401437877,2022,REG,13,2022-12-04,Sunday,13:00,JAX,DET,14,40,Home,7,10,107,-118,1,-100,-110,51.5,-114,101,0,dome,fieldturf,,,00-0036971,00-0033106,Trevor Lawrence,Jared Goff,Doug Pederson,Dan Campbell,DET00,Ford Field,0.4200,0.5800,+110,-115,+1½-110,-1-110,23.932,0.4321,0.5622,0.0055,27.69,23.81,51.50,-1.939,1.939,-2.943,1.685
401437878,2022,REG,13,2022-12-04,Sunday,13:00,CLE,HOU,27,14,Home,7,7,-329,280,-7.5,-108,-102,47,-119,106,0,closed,astroturf,,,00-0033537,00-0034577,Deshaun Watson,Kyle Allen,Kevin Stefanski,Lovie Smith,HOU00,NRG Stadium,0.7340,0.2660,-320,+290,-7½-110,+8-110,21.491,0.1994,0.7987,0.0019,32.84,13.16,46.00,-9.836,9.836,-9.803,2.882
401437879,2022,REG,13,2022-12-04,Sunday,13:00,NYJ,MIN,22,27,Home,7,10,132,-146,3,-117,106,44,-108,-104,0,dome,sportturf,,,00-0034401,00-0029604,Mike White,Kirk Cousins,Robert Saleh,Kevin O'Connell,MIN01,U.S. Bank Stadium,0.3160,0.6840,+133,-150,+3-119,-2½-110,12.603,0.6975,0.2992,0.0032,16.09,27.92,44.00,5.915,-5.915,0.852,-2.612
401437880,2022,REG,13,2022-12-04,Sunday,13:00,WAS,NYG,20,20,Home,7,10,-124,113,-2.5,105,-116,40,-104,-108,1,outdoors,fieldturf,40,9,00-0031800,00-0035710,Taylor Heinicke,Daniel Jones,Ron Rivera,Brian Daboll,NYC01,MetLife Stadium,0.5150,0.4850,-130,+120,-2-110,+2½-110,22.937,0.5055,0.4880,0.0064,19.84,20.16,40.00,0.157,-0.157,-2.664,-1.073
401437881,2022,REG,13,2022-12-04,Sunday,13:00,TEN,PHI,10,35,Home,7,7,189,-213,5,-109,-101,44.5,101,-114,0,outdoors,grass,60,7,00-0029701,00-0036389,Ryan Tannehill,Jalen Hurts,Mike Vrabel,Nick Sirianni,PHI00,Lincoln Financial Field,0.1610,0.8390,+190,-200,+4½-110,-4-110,54.484,0.6964,0.3002,0.0032,16.36,28.14,44.50,5.886,-5.886,5.057,0.77
401437882,2022,REG,13,2022-12-04,Sunday,16:05,SEA,LA,27,23,Home,7,7,-292,252,-7,107,-118,41,101,-114,1,dome,matrixturf,,,00-0030565,00-0034899,Geno Smith,John Wolford,Pete Carroll,Sean McVay,LAX01,SoFi Stadium,0.7480,0.2520,-290,+280,-6½-110,+7-115,0.716,0.2681,0.7291,0.0027,27.60,13.40,41.00,-7.104,7.104,-9.199,-1.393
401437883,2022,REG,13,2022-12-04,Sunday,16:05,MIA,SF,17,33,Home,7,7,196,-222,4.5,101,-111,46,-110,-102,0,outdoors,grass,38,6,00-0036212,00-0031345,Tua Tagovailoa,Jimmy Garoppolo,Mike McDaniel,Kyle Shanahan,SFO01,Levi's Stadium,0.3910,0.6090,+228,-220,+5½-110,-5-110,93.208,0.6385,0.3572,0.0042,18.95,27.05,46.00,4.048,-4.048,4.848,3.422
401437884,2022,REG,13,2022-12-04,Sunday,16:25,KC,CIN,24,27,Home,7,7,-132,120,-2.5,-108,-102,53,-107,-105,0,outdoors,fieldturf,57,2,00-0033873,00-0036442,Patrick Mahomes,Joe Burrow,Andy Reid,Zac Taylor,CIN00,Paycor Stadium,0.5990,0.4010,-135,+128,-2-110,+2½-101,94.707,0.4372,0.5570,0.0056,28.55,24.95,53.50,-1.797,1.797,5.511,9.815
401437885,2022,REG,13,2022-12-04,Sunday,16:25,LAC,LV,20,27,Home,7,7,125,-139,2.5,-102,-109,49,102,-114,1,dome,grass,,,00-0036355,00-0031280,Justin Herbert,Derek Carr,Brandon Staley,Josh McDaniels,VEG00,Allegiant Stadium,0.5100,0.4900,+132,-140,+2½-105,-2½-110,62.298,0.6153,0.3800,0.0046,21.41,28.09,49.50,3.342,-3.342,1.307,-0.491
401437886,2022,REG,13,2022-12-04,Sunday,20:20,IND,DAL,19,54,Home,6,10,376,-460,11,-109,-101,44.5,-104,-108,0,closed,matrixturf,,,00-0026143,00-0033077,Matt Ryan,Dak Prescott,Jeff Saturday,Mike McCarthy,DAL00,AT&T Stadium,0.1330,0.8670,+470,-500,+11½-110,-10½-110,93.208,0.8994,0.0996,0.0008,6.67,37.83,44.50,15.578,-15.578,10.219,-3.447
401437887,2022,REG,13,2022-12-05,Monday,20:15,NO,TB,16,17,Home,8,8,169,-190,3.5,-105,-105,41,-107,-105,1,outdoors,grass,69,2,00-0027973,00-0019596,Andy Dalton,Tom Brady,Dennis Allen,Todd Bowles,TAM00,Raymond James Stadium,0.2500,0.7500,+175,-180,+3½-110,-3½+100,49.522,0.6018,0.3933,0.0048,17.33,23.17,40.50,2.921,-2.921,2.113,-0.061
401437888,2022,REG,14,2022-12-08,Thursday,20:15,LV,LA,16,17,Home,4,4,-283,245,-6.5,-112,101,42.5,-115,102,0,dome,matrixturf,,,00-0031280,00-0034855,Derek Carr,Baker Mayfield,Josh McDaniels,Sean McVay,LAX01,SoFi Stadium,0.7800,0.2200,-254,+245,-5½-110,+6½-110,30.512,0.2174,0.7804,0.0021,30.08,11.92,42.00,-9.08,9.08,-10.078,1.15
401437889,2022,REG,14,2022-12-11,Sunday,13:00,NYJ,BUF,12,20,Home,7,10,332,-398,10,-108,-102,43.5,-104,-108,1,outdoors,a_turf,36,11,00-0034401,00-0034857,Mike White,Josh Allen,Robert Saleh,Sean McDermott,BUF00,New Era Field,0.1550,0.8450,+390,-450,+10-110,-10-110,35.938,0.8250,0.1733,0.0016,10.75,32.75,43.50,11.002,-11.002,7.927,-2.406
401437890,2022,REG,14,2022-12-11,Sunday,13:00,CLE,CIN,10,23,Home,7,7,181,-204,4.5,-108,-102,47,-108,-105,1,outdoors,fieldturf,47,8,00-0033537,00-0036442,Deshaun Watson,Joe Burrow,Kevin Stefanski,Zac Taylor,CIN00,Paycor Stadium,0.2570,0.7430,+195,-200,+4½-110,-4-110,89.44,0.7066,0.2903,0.0030,17.26,29.74,47.00,6.239,-6.239,6.927,1.81
401437891,2022,REG,14,2022-12-11,Sunday,13:00,HOU,DAL,23,27,Home,7,7,918,-1365,17,104,-115,44.5,-108,-104,0,closed,matrixturf,,,00-0036898,00-0033077,Davis Mills,Dak Prescott,Lovie Smith,Mike McCarthy,DAL00,AT&T Stadium,0.0400,0.9600,+1225,-2000,+17-110,-17-110,70.231,0.9508,0.0487,0.0004,1.21,43.29,44.50,21.042,-21.042,11.453,-7.742
401437892,2022,REG,14,2022-12-11,Sunday,13:00,MIN,DET,23,34,Home,7,7,119,-132,2.5,-108,-102,51.5,-110,-102,1,dome,fieldturf,,,00-0029604,00-0033106,Kirk Cousins,Jared Goff,Kevin O'Connell,Dan Campbell,DET00,Ford Field,0.6310,0.3690,+122,-135,+2½-110,-2-110,36.893,0.3917,0.6034,0.0047,28.88,22.62,51.50,-3.127,3.127,-2.476,1.424
401437893,2022,REG,14,2022-12-11,Sunday,13:00,PHI,NYG,48,22,Home,7,7,-302,260,-7.5,104,-115,44.5,-109,-103,1,outdoors,fieldturf,37,6,00-0036389,00-0035710,Jalen Hurts,Daniel Jones,Nick Sirianni,Brian Daboll,NYC01,MetLife Stadium,0.8300,0.1700,-320,+272,-7-110,+7-105,47.838,0.2521,0.7452,0.0025,29.95,14.55,44.50,-7.697,7.697,-2.341,6.706
401437894,2022,REG,14,2022-12-11,Sunday,13:00,BAL,PIT,16,14,Home,7,7,112,-124,1.5,-101,-109,37,-114,101,1,outdoors,grass,42,12,00-0035993,00-0038102,Tyler Huntley,Kenny Pickett,John Harbaugh,Mike Tomlin,PIT00,Acrisure Stadium,0.5570,0.4430,+110,-125,+2-110,-1½-110,28.681,0.4851,0.5084,0.0064,18.67,17.83,36.50,-0.419,0.419,-0.992,0.39
401437895,2022,REG,14,2022-12-11,Sunday,13:00,JAX,TEN,36,22,Home,7,7,151,-169,3,106,-117,42,-112,-101,1,outdoors,grass,54,8,00-0036971,00-0029701,Trevor Lawrence,Ryan Tannehill,Doug Pederson,Mike Vrabel,NAS00,Nissan Stadium,0.3120,0.6880,+160,-170,+3½-110,-3-115,37.384,0.5196,0.4739,0.0063,20.19,21.31,41.50,0.563,-0.563,-0.697,-0.26
401437899,2022,REG,14,2022-12-11,Sunday,16:05,KC,DEN,34,28,Home,7,7,-394,329,-8.5,-108,-103,44.5,-112,-100,1,outdoors,grass,55,4,00-0033873,00-0029263,Patrick Mahomes,Russell Wilson,Andy Reid,Nathaniel Hackett,DEN00,Empower Field at Mile High,0.8170,0.1830,-370,+360,-9-110,+9-110,49.774,0.1279,0.8709,0.0011,35.70,8.30,44.00,-13.697,13.697,-5.154,9.81
401437897,2022,REG,14,2022-12-11,Sunday,16:25,TB,SF,7,35,Home,6,7,175,-196,3.5,-107,-103,38,104,-117,0,outdoors,grass,54,8,00-0019596,00-0037834,Tom Brady,Brock Purdy,Todd Bowles,Kyle Shanahan,SFO01,Levi's Stadium,0.4090,0.5910,+170,-180,+3½-110,-3-115,86.893,0.4941,0.4994,0.0064,19.40,19.10,38.50,-0.153,0.153,-0.836,2.158
401437898,2022,REG,14,2022-12-11,Sunday,16:25,CAR,SEA,30,24,Home,14,7,178,-200,3.5,106,-117,44.5,-109,-104,0,outdoors,fieldturf,45,4,00-0034869,00-0030565,Sam Darnold,Geno Smith,Steve Wilks,Pete Carroll,SEA00,Lumen Field,0.2970,0.7030,+175,-190,+3½-105,-3½-110,20.058,0.6858,0.3106,0.0034,16.48,27.53,44.00,5.525,-5.525,-1.423,-3.634
401437896,2022,REG,14,2022-12-11,Sunday,20:20,MIA,LAC,17,23,Home,7,7,-163,146,-3,-113,102,54.5,-102,-110,0,dome,matrixturf,,,00-0036212,00-0036355,Tua Tagovailoa,Justin Herbert,Mike McDaniel,Brandon Staley,LAX01,SoFi Stadium,0.5910,0.4090,-165,+155,-3-110,+3+100,72.207,0.5293,0.4643,0.0062,26.67,28.34,55.00,0.835,-0.835,-0.767,1.825
401437900,2022,REG,14,2022-12-12,Monday,20:15,NE,ARI,27,13,Home,11,15,-125,113,-2,-104,-106,44,-103,-110,0,closed,grass,,,00-0036972,00-0035228,Mac Jones,Kyler Murray,Bill Belichick,Kliff Kingsbury,PHO00,State Farm Stadium,0.6350,0.3650,-130,+120,-2-110,+2½-110,49.522,0.6454,0.3505,0.0040,17.76,26.24,44.00,4.241,-4.241,-0.284,-1.094
401437901,2022,REG,15,2022-12-15,Thursday,20:15,SF,SEA,21,13,Home,4,4,-169,152,-3,-115,104,43,-109,-103,1,outdoors,fieldturf,,,00-0037834,00-0030565,Brock Purdy,Geno Smith,Kyle Shanahan,Pete Carroll,SEA00,Lumen Field,0.6330,0.3670,-175,+160,-3-110,+3+100,15.163,0.4687,0.5250,0.0062,22.14,20.36,42.50,-0.886,0.886,-1.728,-0.054
401437904,2022,REG,15,2022-12-17,Saturday,13:00,IND,MIN,36,39,Home,13,6,168,-188,3.5,-103,-107,46.5,-107,-105,0,dome,sportturf,,,00-0026143,00-0029604,Matt Ryan,Kirk Cousins,Jeff Saturday,Kevin O'Connell,MIN01,U.S. Bank Stadium,0.2760,0.7240,+185,-190,+3½-105,-3½+100,70.363,0.7295,0.2676,0.0028,16.47,30.53,47.00,7.028,-7.028,0.815,-4.269
401437903,2022,REG,15,2022-12-17,Saturday,16:30,BAL,CLE,3,13,Home,6,6,139,-155,2.5,113,-125,39.5,-107,-105,1,outdoors,grass,34,12,00-0035993,00-0033537,Tyler Huntley,Deshaun Watson,John Harbaugh,Kevin Stefanski,CLE00,FirstEnergy Stadium,0.3790,0.6210,+140,-150,+3-110,-3+100,49.774,0.5366,0.4571,0.0061,18.46,20.54,39.00,1.04,-1.04,0.615,0.541
401437902,2022,REG,15,2022-12-17,Saturday,20:15,MIA,BUF,29,32,Home,6,6,273,-320,7,-104,-106,44,106,-119,1,outdoors,a_turf,29,4,00-0036212,00-0034857,Tua Tagovailoa,Josh Allen,Mike McDaniel,Sean McDermott,BUF00,New Era Field,0.2450,0.7550,+320,-350,+7-105,-7-105,98.063,0.7750,0.2227,0.0022,13.71,31.29,45.00,8.794,-8.794,9.173,1.451
401437905,2022,REG,15,2022-12-18,Sunday,13:00,ATL,NO,18,21,Home,14,13,203,-231,5,103,-113,43.5,-109,-103,1,dome,sportturf,,,00-0038122,00-0027973,Desmond Ridder,Andy Dalton,Arthur Smith,Dennis Allen,NOR00,Mercedes-Benz Superdome,0.3570,0.6430,+208,-220,+5½-110,-4½-110,39.44,0.6637,0.3324,0.0038,16.93,26.57,43.50,4.817,-4.817,-0.436,-4.27
401437907,2022,REG,15,2022-12-18,Sunday,13:00,PIT,CAR,24,16,Home,7,7,130,-145,2.5,-100,-110,36.5,101,-114,0,outdoors,grass,47,7,00-0038102,00-0034869,Kenny Pickett,Sam Darnold,Mike Tomlin,Steve Wilks,CAR00,Bank of America Stadium,0.5000,0.5000,+135,-145,+3-120,-2½-110,45.344,0.5432,0.4507,0.0060,17.27,19.73,37.00,1.226,-1.226,-2.026,-1.56
401437908,2022,REG,15,2022-12-18,Sunday,13:00,PHI,CHI,25,20,Home,7,14,-386,323,-8.5,-104,-106,48,-110,-103,0,outdoors,grass,17,17,00-0036389,00-0036945,Jalen Hurts,Justin Fields,Nick Sirianni,Matt Eberflus,CHI98,Soldier Field,0.8700,0.1300,-370,+335,-8½-110,+9-110,53.887,0.1570,0.8415,0.0014,35.67,11.83,47.50,-11.918,11.918,-4.962,9.084
401437909,2022,REG,15,2022-12-18,Sunday,13:00,KC,HOU,30,24,Home,7,7,-755,572,-14.5,109,-120,48.5,-109,-103,0,closed,astroturf,,,00-0033873,00-0036898,Patrick Mahomes,Davis Mills,Andy Reid,Lovie Smith,HOU00,NRG Stadium,0.9200,0.0800,-900,+750,-14-110,+14½-110,67.392,0.1513,0.8473,0.0013,36.52,11.98,48.50,-12.274,12.274,-6.347,8.871
401437910,2022,REG,15,2022-12-18,Sunday,13:00,DAL,JAX,34,40,Home,7,7,-188,168,-4,100,-110,48.5,-103,-110,0,outdoors,grass,54,9,00-0033077,00-0036971,Dak Prescott,Trevor Lawrence,Mike McCarthy,Doug Pederson,JAX00,TIAA Bank Stadium,0.7360,0.2640,-192,+180,-3½-110,+4-110,78.071,0.2236,0.7741,0.0021,32.84,15.16,48.00,-8.844,8.844,0.807,11.869
401437911,2022,REG,15,2022-12-18,Sunday,13:00,DET,NYJ,20,17,Home,7,7,120,-132,2,-100,-110,44,-109,-103,0,outdoors,fieldturf,38,13,00-0033106,00-0037013,Jared Goff,Zach Wilson,Dan Campbell,Robert Saleh,NYC01,MetLife Stadium,0.4790,0.5210,+125,-130,+2½-110,-2-110,46.75,0.6531,0.3428,0.0039,17.26,26.24,43.50,4.487,-4.487,0.992,-1.986
401437912,2022,REG,15,2022-12-18,Sunday,16:05,ARI,DEN,15,24,Home,6,7,110,-121,1.5,-104,-106,37.5,-110,-103,0,outdoors,grass,37,4,00-0027688,00-0034955,Colt McCoy,Brett Rypien,Kliff Kingsbury,Nathaniel Hackett,DEN00,Empower Field at Mile High,0.2890,0.7110,+115,-125,+2-110,-1½-110,1.831,0.4412,0.5529,0.0058,20.42,17.08,37.50,-1.67,1.67,-11.664,-7.908
401437915,2022,REG,15,2022-12-18,Sunday,16:05,NE,LV,24,30,Home,6,10,117,-129,1,111,-122,45,-105,-108,0,dome,grass,,,00-0036972,00-0031280,Mac Jones,Derek Carr,Bill Belichick,Josh McDaniels,VEG00,Allegiant Stadium,0.5630,0.4370,+125,-135,+2½-105,-2-110,42.027,0.6309,0.3647,0.0043,18.96,26.55,45.50,3.795,-3.795,1.221,0.981
401437913,2022,REG,15,2022-12-18,Sunday,16:25,TEN,LAC,14,17,Home,7,7,142,-158,3,-108,-102,46.5,-101,-112,0,dome,matrixturf,,,00-0029701,00-0036355,Ryan Tannehill,Justin Herbert,Mike Vrabel,Brandon Staley,LAX01,SoFi Stadium,0.4360,0.5640,+135,-150,+3-101,-3+100,45.33,0.6000,0.3951,0.0049,20.38,26.12,46.50,2.872,-2.872,-1.112,-0.509
401437914,2022,REG,15,2022-12-18,Sunday,16:25,CIN,TB,34,23,Home,7,7,-167,150,-3.5,108,-120,47,101,-114,0,outdoors,grass,66,6,00-0036442,00-0019596,Joe Burrow,Tom Brady,Zac Taylor,Todd Bowles,TAM00,Raymond James Stadium,0.5370,0.4630,-165,+160,-3-110,+3½-119,93.553,0.3264,0.6699,0.0035,28.90,18.60,47.50,-5.15,5.15,-0.968,6.254
401437906,2022,REG,15,2022-12-18,Sunday,20:20,NYG,WAS,20,12,Home,7,14,180,-203,4.5,-114,103,40.5,-104,-108,1,outdoors,grass,35,13,00-0035710,00-0031800,Daniel Jones,Taylor Heinicke,Brian Daboll,Ron Rivera,WAS00,FedExField,0.3020,0.6980,+190,-190,+4-110,-3½-110,39.865,0.6567,0.3393,0.0039,15.66,24.84,40.50,4.591,-4.591,-0.209,-2.349
401437916,2022,REG,15,2022-12-19,Monday,20:15,LA,GB,12,24,Home,11,15,301,-356,8,-111,101,39.5,-101,-111,0,outdoors,grass,15,4,00-0034855,00-0023459,Baker Mayfield,Aaron Rodgers,Sean McVay,Matt LaFleur,GNB00,Lambeau Field,0.1750,0.8250,+320,-350,+7½-110,-7½-110,49.522,0.7804,0.2173,0.0021,10.76,28.74,39.50,8.992,-8.992,0.977,-5.66
401437917,2022,REG,16,2022-12-22,Thursday,20:15,JAX,NYJ,19,3,Home,4,4,123,-136,2.5,-104,-106,36.5,-106,-106,0,outdoors,fieldturf,43,17,00-0036971,00-0037013,Trevor Lawrence,Zach Wilson,Doug Pederson,Robert Saleh,NYC01,MetLife Stadium,0.4210,0.5790,+135,-140,+2½+100,-2½-110,38.803,0.6206,0.3748,0.0045,14.75,21.75,36.50,3.496,-3.496,1.133,0.246
401437918,2022,REG,16,2022-12-24,Saturday,13:00,ATL,BAL,9,17,Home,6,7,238,-274,6.5,-108,-102,35,-105,-107,0,outdoors,grass,17,9,00-0038122,00-0035993,Desmond Ridder,Tyler Huntley,Arthur Smith,John Harbaugh,BAL00,M&T Bank Stadium,0.3640,0.6360,+245,-280,+6½-110,-6½-110,24.887,0.6722,0.3240,0.0036,12.66,22.84,35.50,5.092,-5.092,-0.906,-3.221
401437919,2022,REG,16,2022-12-24,Saturday,13:00,DET,CAR,23,37,Home,6,6,-129,117,-2.5,101,-111,43.5,-112,-100,0,outdoors,grass,20,12,00-0033106,00-0034869,Jared Goff,Sam Darnold,Dan Campbell,Steve Wilks,CAR00,Bank of America Stadium,0.5880,0.4120,-130,+115,-1½-110,+2½-110,18.679,0.5816,0.4130,0.0053,19.41,24.09,43.50,2.341,-2.341,-0.923,-1.04
401437920,2022,REG,16,2022-12-24,Saturday,13:00,BUF,CHI,35,13,Home,7,6,-360,304,-8,-110,-100,40,102,-115,0,outdoors,grass,7,17,00-0034857,00-0036945,Josh Allen,Justin Fields,Sean McDermott,Matt Eberflus,CHI98,Soldier Field,0.8280,0.1720,-380,+340,-8-110,+8½-110,46.803,0.1545,0.8440,0.0014,32.33,8.17,40.50,-12.077,12.077,-5.617,9.424
401437921,2022,REG,16,2022-12-24,Saturday,13:00,NO,CLE,17,10,Home,6,7,162,-181,3,111,-123,32,-108,-104,0,outdoors,grass,6,27,00-0027973,00-0033537,Andy Dalton,Deshaun Watson,Dennis Allen,Kevin Stefanski,CLE00,FirstEnergy Stadium,0.3360,0.6640,+160,-180,+3½-110,-3-115,60.905,0.6055,0.3896,0.0048,12.97,19.03,32.00,3.03,-3.03,0.505,-0.538
401437922,2022,REG,16,2022-12-24,Saturday,13:00,SEA,KC,10,24,Home,9,6,367,-447,10.5,-107,-103,50.5,-105,-107,0,outdoors,grass,12,9,00-0030565,00-0033873,Geno Smith,Patrick Mahomes,Pete Carroll,Andy Reid,KAN00,GEHA Field at Arrowhead Stadium,0.1460,0.8540,+429,-450,+10½-110,-10-110,50.531,0.8709,0.1278,0.0011,11.66,38.84,50.50,13.589,-13.589,9.259,-2.244
401437923,2022,REG,16,2022-12-24,Saturday,13:00,NYG,MIN,24,27,Home,6,7,191,-215,4.5,-102,-108,48,-109,-104,0,dome,sportturf,,,00-0035710,00-0029604,Daniel Jones,Kirk Cousins,Brian Daboll,Kevin O'Connell,MIN01,U.S. Bank Stadium,0.3180,0.6820,+200,-215,+4½-110,-4-110,27.978,0.6966,0.3000,0.0032,18.12,29.88,48.00,5.882,-5.882,1.332,-1.104
401437924,2022,REG,16,2022-12-24,Saturday,13:00,CIN,NE,22,18,Home,6,6,-151,136,-3,100,-110,42,-109,-103,0,outdoors,fieldturf,21,2,00-0036442,00-0036972,Joe Burrow,Mac Jones,Zac Taylor,Bill Belichick,BOS00,Gillette Stadium,0.6290,0.3710,-155,+141,-3-105,+3-110,90.541,0.3037,0.6930,0.0032,26.63,14.87,41.50,-5.879,5.879,0.417,7.754
401437925,2022,REG,16,2022-12-24,Saturday,14:00,HOU,TEN,19,14,Home,6,6,153,-170,3,103,-113,34,-111,-101,1,outdoors,grass,22,14,00-0036898,00-0038128,Davis Mills,Malik Willis,Lovie Smith,Mike Vrabel,NAS00,Nissan Stadium,0.1830,0.8170,+160,-170,+3+100,-3-110,3.874,0.5536,0.4404,0.0059,15.48,18.52,34.00,1.523,-1.523,-5.051,-5.137
401437926,2022,REG,16,2022-12-24,Saturday,16:05,WAS,SF,20,37,Home,6,9,241,-279,6.5,-107,-103,37.5,-114,102,0,outdoors,grass,54,2,00-0031800,00-0037834,Taylor Heinicke,Brock Purdy,Ron Rivera,Kyle Shanahan,SFO01,Levi's Stadium,0.2720,0.7280,+256,-300,+6½-101,-6-115,50.305,0.6902,0.3063,0.0033,12.83,24.17,37.00,5.667,-5.667,2.444,-0.314
401437927,2022,REG,16,2022-12-24,Saturday,16:25,PHI,DAL,34,40,Home,6,6,178,-200,4,-104,-106,48,-112,-101,1,closed,matrixturf,,,00-0035289,00-0033077,Gardner Minshew,Dak Prescott,Nick Sirianni,Mike McCarthy,DAL00,AT&T Stadium,0.4110,0.5890,+184,-200,+4-110,-4-110,87.915,0.7508,0.2466,0.0024,16.17,31.83,48.00,7.833,-7.833,10.33,3.906
401437928,2022,REG,16,2022-12-24,Saturday,20:15,LV,PIT,10,13,Home,6,6,127,-141,2.5,-108,-102,38.5,-110,-102,0,outdoors,grass,9,21,00-0031280,00-0038102,Derek Carr,Kenny Pickett,Josh McDaniels,Mike Tomlin,PIT00,Acrisure Stadium,0.4960,0.5040,+125,-130,+2½-110,-2-110,86.15,0.4484,0.5456,0.0058,20.21,17.29,37.50,-1.459,1.459,-0.189,1.573
401437929,2022,REG,16,2022-12-25,Sunday,13:00,GB,MIA,26,20,Home,6,8,163,-182,3.5,-107,-103,49,-103,-109,0,outdoors,grass,45,14,00-0023459,00-0036212,Aaron Rodgers,Tua Tagovailoa,Matt LaFleur,Mike McDaniel,MIA00,Hard Rock Stadium,0.3790,0.6210,+168,-175,+3½-110,-3½-101,95.078,0.5853,0.4094,0.0052,22.30,27.20,49.50,2.45,-2.45,1.944,1.398
401436983,2022,REG,16,2022-12-25,Sunday,16:30,DEN,LA,14,51,Home,7,6,-173,155,-3,-116,105,36.5,-109,-103,0,dome,matrixturf,,,00-0029263,00-0034855,Russell Wilson,Baker Mayfield,Nathaniel Hackett,Sean McVay,LAX01,SoFi Stadium,0.5950,0.4050,-170,+160,-3-110,+3+100,16.875,0.5150,0.4784,0.0064,17.57,18.43,36.00,0.432,-0.432,-6.146,-4.014
401437930,2022,REG,16,2022-12-25,Sunday,20:20,TB,ARI,19,16,Home,7,7,-320,273,-7.5,102,-113,41.5,-104,-108,0,open,grass,,,00-0019596,00-0035146,Tom Brady,Trace McSorley,Todd Bowles,Kliff Kingsbury,PHO00,State Farm Stadium,0.7170,0.2830,-350,+320,-7½-110,+8-110,44.985,0.2437,0.7537,0.0024,28.77,12.73,41.50,-8.024,8.024,-11.532,-0.856
401437931,2022,REG,16,2022-12-26,Monday,20:15,LAC,IND,20,3,Home,8,9,-185,165,-3.5,-102,-108,44.5,-103,-109,0,closed,fieldturf,,,00-0036355,00-0029567,Justin Herbert,Nick Foles,Brandon Staley,Jeff Saturday,IND00,Lucas Oil Stadium,0.6080,0.3920,-180,+170,-3½-105,+3½-110,49.522,0.2753,0.7218,0.0028,29.11,15.39,44.50,-6.864,6.864,-6.708,1.244
401437932,2022,REG,17,2022-12-29,Thursday,20:15,DAL,TEN,27,13,Home,5,5,-741,563,-14,-100,-110,41,-113,101,0,outdoors,grass,56,4,00-0033077,00-0033949,Dak Prescott,Joshua Dobbs,Mike McCarthy,Mike Vrabel,NAS00,Nissan Stadium,0.7310,0.2690,-850,+650,-13½-110,+14-110,8.902,0.0699,0.9294,0.0005,38.59,1.91,40.50,-18.344,18.344,-11.124,9.756
401437933,2022,REG,17,2023-01-01,Sunday,13:00,ARI,ATL,19,20,Home,7,8,241,-279,7,-119,108,41,-113,100,0,closed,fieldturf,,,00-0035040,00-0038122,David Blough,Desmond Ridder,Kliff Kingsbury,Arthur Smith,ATL97,Mercedes-Benz Stadium,0.2740,0.7260,+250,-290,+6½+100,-6½-110,3.821,0.8177,0.1805,0.0017,9.63,30.87,40.50,10.619,-10.619,-3.483,-11.918
401437935,2022,REG,17,2023-01-01,Sunday,13:00,CHI,DET,10,41,Home,8,8,194,-219,4.5,-105,-105,52.5,-111,-101,1,dome,fieldturf,,,00-0036945,00-0033106,Justin Fields,Jared Goff,Matt Eberflus,Dan Campbell,DET00,Ford Field,0.2940,0.7060,+192,-210,+4½-110,-4-110,17.604,0.6917,0.3049,0.0033,20.26,31.74,52.00,5.736,-5.736,-1.196,-5.577
401437936,2022,REG,17,2023-01-01,Sunday,13:00,JAX,HOU,31,3,Home,10,8,-187,167,-3.5,-104,-106,43,102,-115,1,closed,astroturf,,,00-0036971,00-0036898,Trevor Lawrence,Davis Mills,Doug Pederson,Lovie Smith,HOU00,NRG Stadium,0.6430,0.3570,-180,+170,-3½+100,+3½-110,20.005,0.3141,0.6823,0.0034,27.28,16.22,43.50,-5.529,5.529,-3.687,3.596
401437937,2022,REG,17,2023-01-01,Sunday,13:00,DEN,KC,24,27,Home,7,8,544,-711,13.5,-114,104,46,-104,-108,1,outdoors,grass,47,2,00-0029263,00-0033873,Russell Wilson,Patrick Mahomes,Jay Rosburg,Andy Reid,KAN00,GEHA Field at Arrowhead Stadium,0.1120,0.8880,+650,-800,+13-110,-12½-110,94.468,0.9069,0.0922,0.0008,6.75,39.25,46.00,16.246,-16.246,9.685,-6.696
401437938,2022,REG,17,2023-01-01,Sunday,13:00,MIA,NE,21,23,Home,7,8,144,-160,3,-106,-104,41.5,-107,-105,1,outdoors,fieldturf,53,2,00-0031237,00-0036972,Teddy Bridgewater,Mac Jones,Mike McDaniel,Bill Belichick,BOS00,Gillette Stadium,0.4470,0.5530,+145,-155,+3-110,-3-110,72.818,0.6739,0.3224,0.0036,15.61,25.90,41.50,5.145,-5.145,2.233,-1.625
401437939,2022,REG,17,2023-01-01,Sunday,13:00,IND,NYG,10,38,Home,6,8,202,-229,5.5,-105,-105,38.5,-103,-109,0,outdoors,fieldturf,52,14,00-0029567,00-0035710,Nick Foles,Daniel Jones,Jeff Saturday,Brian Daboll,NYC01,MetLife Stadium,0.3460,0.6540,+215,-240,+5½-110,-5-110,35.911,0.8015,0.1965,0.0018,9.39,29.12,38.50,9.865,-9.865,-0.401,-8.291
401437940,2022,REG,17,2023-01-01,Sunday,13:00,NO,PHI,20,10,Home,8,8,198,-225,5.5,-110,-100,41.5,101,-113,0,outdoors,grass,54,11,00-0027973,00-0035289,Andy Dalton,Gardner Minshew,Dennis Allen,Nick Sirianni,PHI00,Lincoln Financial Field,0.2550,0.7450,+200,-220,+5-110,-4½-110,80.645,0.6553,0.3407,0.0039,16.21,25.29,41.50,4.544,-4.544,3.788,1.266
401437941,2022,REG,17,2023-01-01,Sunday,13:00,CAR,TB,24,30,Home,8,7,164,-184,3.5,-110,-100,40.5,-103,-109,1,outdoors,grass,75,2,00-0034869,00-0019596,Sam Darnold,Tom Brady,Steve Wilks,Todd Bowles,TAM00,Raymond James Stadium,0.3250,0.6750,+175,-185,+3½-110,-3½+100,59.392,0.5192,0.4743,0.0063,19.71,20.79,40.50,0.537,-0.537,1.251,1.115
401437942,2022,REG,17,2023-01-01,Sunday,13:00,CLE,WAS,24,10,Home,8,8,106,-117,1,-101,-110,41.5,-109,-103,0,outdoors,grass,59,9,00-0033537,00-0032950,Deshaun Watson,Carson Wentz,Kevin Stefanski,Ron Rivera,WAS00,FedExField,0.4710,0.5290,+105,-118,+1½-110,-1-110,53.98,0.5141,0.4793,0.0065,20.10,20.90,41.00,0.4,-0.4,-1.435,0.018
401437943,2022,REG,17,2023-01-01,Sunday,16:05,SF,LV,37,34,Home,8,8,-453,371,-10,-103,-107,41.5,-107,-105,0,dome,grass,,,00-0037834,00-0035264,Brock Purdy,Jarrett Stidham,Kyle Shanahan,Josh McDaniels,VEG00,Allegiant Stadium,0.6740,0.3260,-465,+400,-9½-110,+10-110,3.449,0.1521,0.8464,0.0013,32.66,8.35,41.00,-12.155,12.155,-8.956,4.357
401437944,2022,REG,17,2023-01-01,Sunday,16:05,NYJ,SEA,6,23,Home,10,8,-113,102,-1,-105,-105,43,-103,-109,0,outdoors,fieldturf,45,2,00-0034401,00-0030565,Mike White,Geno Smith,Robert Saleh,Pete Carroll,SEA00,Lumen Field,0.4590,0.5410,-120,+105,-1-110,+1½-110,11.528,0.6282,0.3673,0.0044,17.79,25.21,43.00,3.71,-3.71,-0.883,-1.402
401437945,2022,REG,17,2023-01-01,Sunday,16:25,MIN,GB,17,41,Home,8,7,155,-173,3,106,-117,47.5,-103,-109,1,outdoors,grass,39,7,00-0029604,00-0023459,Kirk Cousins,Aaron Rodgers,Kevin O'Connell,Matt LaFleur,GNB00,Lambeau Field,0.4320,0.5680,+176,-175,+3½-110,-3-119,87.384,0.6004,0.3946,0.0049,20.86,26.64,47.50,2.886,-2.886,3.052,2.016
401437946,2022,REG,17,2023-01-01,Sunday,16:25,LA,LAC,10,31,Home,7,6,244,-283,6.5,-102,-108,41.5,-112,-100,0,dome,matrixturf,,,00-0034855,00-0036355,Baker Mayfield,Justin Herbert,Sean McVay,Brandon Staley,LAX01,SoFi Stadium,0.2100,0.7900,+240,-265,+6½-110,-6½-110,72.738,0.7648,0.2328,0.0023,12.14,28.86,41.00,8.36,-8.36,3.698,-2.7
401437934,2022,REG,17,2023-01-01,Sunday,20:20,PIT,BAL,16,13,Home,8,8,110,-121,1,102,-113,35.5,-105,-107,1,outdoors,grass,44,2,00-0038102,00-0035993,Kenny Pickett,Tyler Huntley,Mike Tomlin,John Harbaugh,BAL00,M&T Bank Stadium,0.4320,0.5680,+110,-110,+1½-110,+0-110,53.237,0.5004,0.4930,0.0065,17.74,17.76,35.50,0.012,-0.012,0.611,1.229
401437961,2022,REG,18,2023-01-07,Saturday,16:30,KC,LV,31,13,Home,6,6,-407,338,-9,-105,-105,51.5,-108,-104,1,dome,grass,,,00-0033873,00-0035264,Patrick Mahomes,Jarrett Stidham,Andy Reid,Josh McDaniels,VEG00,Allegiant Stadium,0.7730,0.2270,-400,+350,-8½-110,+8½-110,57.787,0.1011,0.8980,0.0008,41.55,10.45,52.00,-15.55,15.55,-7.474,9.532
401437954,2022,REG,18,2023-01-07,Saturday,20:15,TEN,JAX,16,20,Home,9,6,227,-260,6,-106,-104,39.5,-106,-106,1,outdoors,grass,56,4,00-0033949,00-0036971,Joshua Dobbs,Trevor Lawrence,Mike Vrabel,Doug Pederson,JAX00,TIAA Bank Stadium,0.3520,0.6480,+240,-250,+6½-110,-5½-110,35.261,0.8481,0.1505,0.0013,7.58,31.93,39.50,12.175,-12.175,5.278,-6.402
401437948,2022,REG,18,2023-01-08,Sunday,13:00,TB,ATL,17,30,Home,7,7,207,-235,6,-110,100,40.5,-106,-106,1,closed,fieldturf,,,00-0027948,00-0038122,Blaine Gabbert,Desmond Ridder,Todd Bowles,Arthur Smith,ATL97,Mercedes-Benz Stadium,0.3930,0.6070,+232,-240,+6-110,-5½-110,93.248,0.4703,0.5234,0.0062,21.08,19.42,40.50,-0.834,0.834,-2.292,-0.081
401437949,2022,REG,18,2023-01-08,Sunday,13:00,NE,BUF,23,35,Home,7,6,314,-373,8,104,-115,44,-104,-108,1,outdoors,a_turf,30,6,00-0036972,00-0034857,Mac Jones,Josh Allen,Bill Belichick,Sean McDermott,BUF00,New Era Field,0.2600,0.7400,+340,-400,+8-110,-7½-110,91.191,0.8097,0.1884,0.0018,11.99,32.51,44.50,10.264,-10.264,11.743,2.269
401437950,2022,REG,18,2023-01-08,Sunday,13:00,MIN,CHI,29,13,Home,7,7,-260,227,-6.5,-104,-106,42.5,-103,-109,1,outdoors,grass,32,2,00-0029604,00-0033958,Kirk Cousins,Nathan Peterman,Kevin O'Connell,Matt Eberflus,CHI98,Soldier Field,0.5980,0.4020,-260,+245,-6½-110,+6½-110,8.902,0.1546,0.8439,0.0014,33.25,9.25,42.50,-12.004,12.004,-14.422,-0.723
401437951,2022,REG,18,2023-01-08,Sunday,13:00,BAL,CIN,16,27,Home,7,6,474,-603,11,105,-116,39,-102,-110,1,outdoors,fieldturf,38,7,00-0037175,00-0036442,Anthony Brown,Joe Burrow,John Harbaugh,Zac Taylor,CIN00,Paycor Stadium,0.1770,0.8230,+585,-650,+11½-110,-11-110,93.831,0.7501,0.2473,0.0024,11.70,27.30,39.00,7.801,-7.801,8.741,2.479
401437953,2022,REG,18,2023-01-08,Sunday,13:00,HOU,IND,32,31,Home,7,7,128,-142,3,-119,108,38,-111,-101,1,closed,fieldturf,,,00-0036898,00-0036879,Davis Mills,Sam Ehlinger,Lovie Smith,Jeff Saturday,IND00,Lucas Oil Stadium,0.3460,0.6540,+130,-143,+3-110,-2½-115,0.597,0.2608,0.7364,0.0026,26.12,11.38,37.50,-7.37,7.37,-12.487,-4.635
401437955,2022,REG,18,2023-01-08,Sunday,13:00,NYJ,MIA,6,11,Home,7,7,178,-200,3.5,-103,-107,37.5,-110,-103,1,outdoors,grass,75,9,00-0026158,00-0037327,Joe Flacco,Skylar Thompson,Robert Saleh,Mike McDaniel,MIA00,Hard Rock Stadium,0.3990,0.6010,+200,-210,+4-110,-3½-110,4.816,0.3929,0.6022,0.0047,21.58,15.42,37.00,-3.076,3.076,-6.168,-1.53
401437956,2022,REG,18,2023-01-08,Sunday,13:00,CAR,NO,10,7,Home,7,7,160,-179,3.5,-114,103,41.5,-107,-105,1,dome,sportturf,,,00-0034869,00-0027973,Sam Darnold,Andy Dalton,Steve Wilks,Dennis Allen,NOR00,Mercedes-Benz Superdome,0.3690,0.6310,+170,-180,+4-110,-3½-105,76.532,0.6089,0.3862,0.0047,17.62,23.88,41.50,3.134,-3.134,3.184,1.487
401437958,2022,REG,18,2023-01-08,Sunday,13:00,CLE,PIT,14,28,Home,7,7,128,-142,2.5,-101,-109,40,-106,-106,1,outdoors,grass,36,8,00-0033537,00-0038102,Deshaun Watson,Kenny Pickett,Kevin Stefanski,Mike Tomlin,PIT00,Acrisure Stadium,0.4650,0.5350,+135,-150,+3-119,-2½-110,76.187,0.5767,0.4178,0.0054,17.81,22.19,40.00,2.187,-2.187,2.795,1.23
401437957,2022,REG,18,2023-01-08,Sunday,16:25,NYG,PHI,16,22,Home,7,7,858,-1252,16.5,-103,-107,42.5,-105,-107,1,outdoors,grass,43,12,00-0033550,00-0036389,Davis Webb,Jalen Hurts,Brian Daboll,Nick Sirianni,PHI00,Lincoln Financial Field,0.1880,0.8120,+1080,-1600,+17-110,-17-105,48.382,0.9266,0.0727,0.0006,3.56,39.44,43.00,17.942,-17.942,9.915,-5.828
401437959,2022,REG,18,2023-01-08,Sunday,16:25,DAL,WAS,6,26,Home,10,7,-320,274,-7.5,-100,-110,40.5,-104,-108,1,outdoors,grass,42,7,00-0033077,00-0037077,Dak Prescott,Sam Howell,Mike McCarthy,Ron Rivera,WAS00,FedExField,0.6550,0.3450,-320,+300,-7½-110,+7½-105,52.348,0.1053,0.8937,0.0009,35.67,5.33,41.00,-15.17,15.17,-4.161,11.972
401437960,2022,REG,18,2023-01-08,Sunday,16:25,LAC,DEN,28,31,Home,7,7,222,-254,6,-104,-106,38.5,-103,-110,1,outdoors,grass,43,4,00-0036355,00-0029263,Justin Herbert,Russell Wilson,Brandon Staley,Jay Rosburg,DEN00,Empower Field at Mile High,0.6150,0.3850,+240,-275,+6½-110,-6½-110,42.518,0.2369,0.7607,0.0023,27.81,11.19,39.00,-8.309,8.309,-5.165,4.259
401437962,2022,REG,18,2023-01-08,Sunday,16:25,ARI,SF,13,38,Home,7,7,753,-1061,14,100,-111,40,-107,-105,1,outdoors,grass,57,2,00-0035040,00-0037834,David Blough,Brock Purdy,Kliff Kingsbury,Kyle Shanahan,SFO01,Levi's Stadium,0.0840,0.9160,+930,-1100,+14½-110,-14-110,29.026,0.9100,0.0892,0.0007,3.65,36.35,40.00,16.351,-16.351,4.948,-10.324
401437963,2022,REG,18,2023-01-08,Sunday,16:25,LA,SEA,16,19,Home,7,7,198,-224,5.5,-112,102,41.5,-101,-111,1,outdoors,fieldturf,45,4,00-0034855,00-0030565,Baker Mayfield,Geno Smith,Sean McVay,Pete Carroll,SEA00,Lumen Field,0.3900,0.6100,+230,-240,+5-110,-4½-110,56.62,0.6627,0.3334,0.0038,16.72,26.28,43.00,4.783,-4.783,0.044,-4.143
401437952,2022,REG,18,2023-01-08,Sunday,20:20,DET,GB,20,16,Home,7,7,237,-273,5.5,-110,-100,49,-113,101,1,outdoors,grass,21,4,00-0033106,00-0023459,Jared Goff,Aaron Rodgers,Dan Campbell,Matt LaFleur,GNB00,Lambeau Field,0.3600,0.6400,+232,-250,+5-110,-4-110,68.148,0.6690,0.3273,0.0036,19.00,29.00,48.00,4.998,-4.998,4.788,1.009
401438000,2022,WC,19,2023-01-14,Saturday,16:30,SEA,SF,23,41,Home,6,6,367,-447,10,-123,112,42,-102,-110,1,outdoors,grass,57,11,00-0030565,00-0037834,Geno Smith,Brock Purdy,Pete Carroll,Kyle Shanahan,SFO01,Levi's Stadium,0.2030,0.7970,+415,-450,+9½-110,-9-110,14.938,0.7691,0.2308,0.0000,12.48,29.52,42.00,8.523,-8.523,7.247,-0.117
401437998,2022,WC,19,2023-01-14,Saturday,20:15,LAC,JAX,30,31,Home,6,7,-126,114,-2,-102,-108,46.5,-105,-107,0,outdoors,grass,37,4,00-0036355,00-0036971,Justin Herbert,Trevor Lawrence,Brandon Staley,Doug Pederson,JAX00,TIAA Bank Stadium,0.4750,0.5250,-135,+120,-2-110,+2½-110,82.515,0.6163,0.3837,0.0000,19.87,26.63,46.50,3.378,-3.378,6.876,5.296
401438002,2022,WC,19,2023-01-15,Sunday,13:00,MIA,BUF,31,34,Home,7,7,649,-882,14,-116,105,44,-105,-107,1,outdoors,a_turf,27,4,00-0037327,00-0034857,Skylar Thompson,Josh Allen,Mike McDaniel,Sean McDermott,BUF00,New Era Field,0.1890,0.8110,+800,-1100,+14-110,-13½-110,58.212,0.9593,0.0406,0.0000,-0.30,44.80,44.50,22.55,-22.55,13.768,-7.611
401438001,2022,WC,19,2023-01-15,Sunday,16:50,NYG,MIN,31,24,Home,7,7,129,-142,2.5,103,-113,48,-104,-108,0,dome,sportturf,,,00-0035710,00-0029604,Daniel Jones,Kirk Cousins,Brian Daboll,Kevin O'Connell,MIN01,U.S. Bank Stadium,0.3800,0.6200,+133,-145,+2½+100,-2½-110,9.989,0.5593,0.4406,0.0000,22.32,25.68,48.00,1.684,-1.684,1.369,2.806
401437999,2022,WC,19,2023-01-15,Sunday,20:15,BAL,CIN,17,24,Home,7,7,311,-370,7.5,-104,-106,40,-104,-108,1,outdoors,fieldturf,30,4,00-0035993,00-0036442,Tyler Huntley,Joe Burrow,John Harbaugh,Zac Taylor,CIN00,Paycor Stadium,0.1520,0.8480,+350,-410,+7½-110,-7-120,76.386,0.7866,0.2133,0.0000,10.43,29.57,40.00,9.573,-9.573,10.417,2.422
401438003,2022,WC,19,2023-01-16,Monday,20:15,DAL,TB,31,14,Home,8,8,-135,122,-2.5,-108,-103,45.5,-105,-107,0,outdoors,grass,58,2,00-0033077,00-0019596,Dak Prescott,Tom Brady,Mike McCarthy,Todd Bowles,TAM00,Raymond James Stadium,0.6520,0.3480,-140,+130,-2½-110,+2½+100,49.522,0.3259,0.6741,0.0000,27.93,17.57,45.50,-5.18,5.18,3.028,10.24
401438005,2022,DIV,20,2023-01-21,Saturday,16:30,JAX,KC,20,27,Home,7,14,377,-461,10,-119,108,52.5,-116,103,0,outdoors,grass,36,6,00-0036971,00-0033873,Trevor Lawrence,Patrick Mahomes,Doug Pederson,Andy Reid,KAN00,GEHA Field at Arrowhead Stadium,0.1650,0.8350,+435,-526,+9½-110,-9½-110,30.393,0.7944,0.2055,0.0000,16.35,35.66,52.00,9.655,-9.655,12.914,5.732
401438004,2022,DIV,20,2023-01-21,Saturday,20:15,NYG,PHI,7,38,Home,6,13,304,-360,8,101,-111,48,-113,101,1,outdoors,grass,40,6,00-0035710,00-0036389,Daniel Jones,Jalen Hurts,Brian Daboll,Nick Sirianni,PHI00,Lincoln Financial Field,0.2050,0.7950,+320,-380,+8-110,-8-105,16.795,0.8043,0.1956,0.0000,13.74,33.76,47.50,10.007,-10.007,11.008,3.167
401438007,2022,DIV,20,2023-01-22,Sunday,15:00,CIN,BUF,27,10,Home,7,7,226,-259,6,-107,-103,48.5,-107,-105,0,outdoors,a_turf,32,4,00-0036442,00-0034857,Joe Burrow,Josh Allen,Zac Taylor,Sean McDermott,BUF00,New Era Field,0.3210,0.6790,+232,-260,+6-110,-5½-110,74.489,0.6698,0.3301,0.0000,19.18,29.32,48.50,5.072,-5.072,12.602,9.097
401438006,2022,DIV,20,2023-01-22,Sunday,18:30,DAL,SF,12,19,Home,6,8,164,-183,3.5,-107,-103,46.5,-105,-107,0,outdoors,grass,55,19,00-0033077,00-0037834,Dak Prescott,Brock Purdy,Mike McCarthy,Kyle Shanahan,SFO01,Levi's Stadium,0.3670,0.6330,+170,-180,+3½-110,-3½-110,25.816,0.4876,0.5124,0.0000,23.59,22.91,46.50,-0.336,0.336,7.95,11.206
401438009,2022,CON,21,2023-01-29,Sunday,15:00,SF,PHI,7,31,Home,7,8,133,-147,2.5,105,-116,45,-114,101,0,outdoors,grass,52,14,00-0037834,00-0036389,Brock Purdy,Jalen Hurts,Kyle Shanahan,Nick Sirianni,PHI00,Lincoln Financial Field,0.4010,0.5990,+137,-142,+3-110,-3+100,23.11,0.6529,0.3470,0.0000,17.76,26.74,44.50,4.493,-4.493,12.367,8.021
401438008,2022,CON,21,2023-01-29,Sunday,18:30,CIN,KC,20,23,Home,7,8,119,-131,2,-103,-107,48.5,-106,-106,0,outdoors,grass,22,13,00-0036442,00-0033873,Joe Burrow,Patrick Mahomes,Zac Taylor,Andy Reid,KAN00,GEHA Field at Arrowhead Stadium,0.4400,0.5600,+117,-118,+2-110,-1½-110,77.05,0.6595,0.3404,0.0000,19.51,28.99,48.50,4.739,-4.739,12.837,10.889
401438030,2022,SB,22,2023-02-12,Sunday,18:30,KC,PHI,38,35,Neutral,14,14,104,-115,1,-103,-107,51,-104,-108,0,closed,grass,,,00-0033873,00-0036389,Patrick Mahomes,Jalen Hurts,Andy Reid,Nick Sirianni,PHO00,State Farm Stadium,0.4740,0.5260,+110,-114,+1½-110,-1-110,49.522,0.4672,0.5327,0.0000,26.64,24.86,51.50,-0.894,0.894,12.739,13.266
401547353,2023,REG,1,2023-09-07,Thursday,20:20,DET,KC,21,20,Home,7,7,164,-198,4,-110,-110,53,-110,-110,0,outdoors,,,,00-0033106,00-0033873,Jared Goff,Patrick Mahomes,Dan Campbell,Andy Reid,KAN00,GEHA Field at Arrowhead Stadium,0.2200,0.7800,+180,-195,+4-110,-4-110,78.507,0.6620,0.3353,0.0026,20.19,32.31,52.50,6.063,-6.063,7.609,3.614
401547396,2023,REG,1,2023-09-10,Sunday,13:00,HOU,BAL,9,25,Home,7,7,380,-500,9.5,-110,-110,43.5,-110,-110,0,outdoors,,,,00-0039163,00-0034796,C.J. Stroud,Lamar Jackson,DeMeco Ryans,John Harbaugh,BAL00,M&T Bank Stadium,0.1490,0.8510,+375,-445,+9½-110,-9½-110,59.817,0.7349,0.2629,0.0021,12.67,30.83,43.50,9.077,-9.077,9.874,-0.844
401547397,2023,REG,1,2023-09-10,Sunday,13:00,CIN,CLE,3,24,Home,7,7,-112,-108,-1,-105,-115,46.5,-110,-110,1,outdoors,,,,00-0036442,00-0033537,Joe Burrow,Deshaun Watson,Zac Taylor,Kevin Stefanski,CLE00,FirstEnergy Stadium,0.6100,0.3900,-110,-110,+0-110,+0-110,65.977,0.4048,0.5919,0.0032,27.15,20.35,47.50,-3.403,3.403,0.545,3.43
401547398,2023,REG,1,2023-09-10,Sunday,13:00,TB,MIN,20,17,Home,7,7,170,-205,4,-110,-110,45,-110,-110,0,dome,,,,00-0034855,00-0029604,Baker Mayfield,Kirk Cousins,Todd Bowles,Kevin O'Connell,MIN01,U.S. Bank Stadium,0.3590,0.6410,+175,-186,+4½-110,-3½-110,57.114,0.6710,0.3263,0.0026,16.08,28.92,45.00,6.421,-6.421,2.369,0.013
401547399,2023,REG,1,2023-09-10,Sunday,13:00,TEN,NO,15,16,Home,7,7,124,-148,3,-118,-102,41,-110,-110,0,dome,,,,00-0029701,00-0031280,Ryan Tannehill,Derek Carr,Mike Vrabel,Dennis Allen,NOR00,Mercedes-Benz Superdome,0.2920,0.7080,+136,-150,+3-110,-3+100,55.781,0.5337,0.4625,0.0037,19.46,22.04,41.50,1.287,-1.287,2.136,-0.34
401547403,2023,REG,1,2023-09-10,Sunday,13:00,CAR,ATL,10,24,Home,7,7,160,-192,3.5,-108,-112,40.5,-110,-110,1,closed,,,,00-0039150,00-0038122,Bryce Young,Desmond Ridder,Frank Reich,Arthur Smith,ATL97,Mercedes-Benz Stadium,0.3200,0.6800,+170,-185,+3½-110,-3½-110,20.837,0.5591,0.4373,0.0035,18.05,22.45,40.50,2.203,-2.203,-3.489,-8.905
401547404,2023,REG,1,2023-09-10,Sunday,13:00,JAX,IND,31,21,Home,7,7,-205,170,-4,-108,-112,45.5,-110,-110,1,closed,,,,00-0036971,00-0039164,Trevor Lawrence,Anthony Richardson,Doug Pederson,Shane Steichen,IND00,Lucas Oil Stadium,0.6710,0.3290,-180,+175,-3½-110,+4-110,45.872,0.3519,0.6452,0.0028,28.16,17.34,45.50,-5.411,5.411,-2.91,1.918
401547405,2023,REG,1,2023-09-10,Sunday,13:00,SF,PIT,30,7,Home,7,7,-120,100,-1.5,-108,-112,41.5,-110,-110,0,outdoors,,,,00-0037834,00-0038102,Brock Purdy,Kenny Pickett,Kyle Shanahan,Mike Tomlin,PIT00,Acrisure Stadium,0.5920,0.4080,-118,+100,-1-110,+1-110,73.374,0.4377,0.5587,0.0035,22.94,18.56,41.50,-2.19,2.19,-0.314,6.196
401547406,2023,REG,1,2023-09-10,Sunday,13:00,ARI,WAS,16,20,Home,7,7,270,-340,7,-108,-112,38,-110,-110,0,outdoors,,,,00-0033949,00-0037077,Joshua Dobbs,Sam Howell,Jonathan Gannon,Ron Rivera,WAS00,FedExField,0.1890,0.8110,+280,-315,+7-105,-7-110,19.991,0.7313,0.2665,0.0021,10.08,27.92,38.00,8.916,-8.916,-4.776,-9.156
401547400,2023,REG,1,2023-09-10,Sunday,16:25,LV,DEN,17,16,Home,7,7,136,-162,3,-105,-115,43,-110,-110,1,outdoors,,,,00-0031345,00-0029263,Jimmy Garoppolo,Russell Wilson,Josh McDaniels,Sean Payton,DEN00,Empower Field at Mile High,0.3450,0.6550,+141,-160,+3-105,-3-110,49.284,0.5905,0.4061,0.0032,18.15,24.85,43.00,3.353,-3.353,-1.579,1.404
401547401,2023,REG,1,2023-09-10,Sunday,16:25,MIA,LAC,36,34,Home,7,7,136,-162,3,-110,-110,50.5,-110,-110,0,dome,,,,00-0036212,00-0036355,Tua Tagovailoa,Justin Herbert,Mike McDaniel,Brandon Staley,LAX01,SoFi Stadium,0.4020,0.5980,+146,-155,+3-105,-3-110,77.128,0.5538,0.4426,0.0035,22.99,27.01,50.00,2.011,-2.011,1.744,5.625
401547402,2023,REG,1,2023-09-10,Sunday,16:25,PHI,NE,25,20,Home,7,7,-185,154,-3.5,-110,-110,44.5,-112,-108,0,outdoors,,,,00-0036389,00-0036972,Jalen Hurts,Mac Jones,Nick Sirianni,Bill Belichick,BOS00,Gillette Stadium,0.6980,0.3020,-185,+170,-3½-105,+3½-110,45.208,0.3782,0.6186,0.0030,26.40,17.60,44.00,-4.401,4.401,-3.146,1.996
401547407,2023,REG,1,2023-09-10,Sunday,16:25,GB,CHI,38,20,Home,7,7,-102,-118,1,-110,-110,41,-112,-108,1,outdoors,,,,00-0036264,00-0036945,Jordan Love,Justin Fields,Matt LaFleur,Matt Eberflus,CHI98,Soldier Field,0.4920,0.5080,+100,-115,+1-110,-1-110,52.969,0.5151,0.4809,0.0038,19.88,21.12,41.00,0.616,-0.616,-1.581,2.296
401547408,2023,REG,1,2023-09-10,Sunday,16:25,LA,SEA,30,13,Home,7,7,180,-218,4.5,-110,-110,45,-110,-110,1,outdoors,,,,00-0026498,00-0030565,Matthew Stafford,Geno Smith,Sean McVay,Pete Carroll,SEA00,Lumen Field,0.3260,0.6740,+185,-215,+4½-110,-4-110,67.116,0.6267,0.3702,0.0029,17.29,26.71,44.00,4.706,-4.706,0.856,3.524
401547409,2023,REG,1,2023-09-10,Sunday,20:20,DAL,NYG,40,0,Home,7,7,-170,142,-3.5,100,-120,44.5,-110,-110,1,outdoors,,,,00-0033077,00-0035710,Dak Prescott,Daniel Jones,Mike McCarthy,Brian Daboll,NYC01,MetLife Stadium,0.6340,0.3660,-170,+155,-3-110,+3½-115,68.958,0.4434,0.5530,0.0035,24.23,20.27,44.50,-1.982,1.982,-3.145,8.399
401547352,2023,REG,1,2023-09-11,Monday,20:15,BUF,NYJ,16,22,Home,7,7,-135,114,-2.5,-110,-110,44.5,-110,-110,1,outdoors,,,,00-0034857,00-0023459,Josh Allen,Aaron Rodgers,Sean McDermott,Robert Saleh,NYC01,MetLife Stadium,0.6260,0.3740,-140,+127,-2½-110,+2½-105,56.498,0.4204,0.5761,0.0033,25.07,19.43,44.50,-2.824,2.824,-6.342,8.856
401547410,2023,REG,2,2023-09-14,Thursday,20:15,MIN,PHI,28,34,Home,4,4,195,-238,6,-110,-110,49,-110,-110,0,outdoors,,,,00-0029604,00-0036389,Kirk Cousins,Jalen Hurts,Kevin O'Connell,Nick Sirianni,PHI00,Lincoln Financial Field,0.2250,0.7750,+215,-240,+6-110,-5½-110,65.733,0.6474,0.3497,0.0028,19.09,29.91,49.00,5.409,-5.409,1.996,2.369
401547411,2023,REG,2,2023-09-17,Sunday,13:00,LV,BUF,10,38,Home,7,6,280,-355,7.5,-110,-110,47,-110,-110,0,outdoors,,,,00-0031345,00-0034857,Jimmy Garoppolo,Josh Allen,Josh McDaniels,Sean McDermott,BUF00,New Era Field,0.1640,0.8360,+300,-340,+7½-110,-7½-110,67.205,0.7137,0.2839,0.0022,15.47,31.53,47.00,8.033,-8.033,8.856,1.404
401547412,2023,REG,2,2023-09-17,Sunday,13:00,BAL,CIN,27,24,Home,7,7,145,-175,3.5,-118,-102,45.5,-110,-110,1,outdoors,,,,00-0034796,00-0036442,Lamar Jackson,Joe Burrow,John Harbaugh,Zac Taylor,CIN00,Paycor Stadium,0.3640,0.6360,+158,-165,+3+100,-3-110,93.445,0.5145,0.4816,0.0038,22.17,23.33,45.50,0.583,-0.583,3.43,9.874
401547413,2023,REG,2,2023-09-17,Sunday,13:00,KC,JAX,17,9,Home,10,7,-170,142,-3.5,-102,-118,50.5,-110,-110,0,outdoors,,,,00-0033873,00-0036971,Patrick Mahomes,Trevor Lawrence,Andy Reid,Doug Pederson,JAX00,TIAA Bank Stadium,0.5820,0.4180,-162,+152,-3-110,+3+100,85.06,0.3843,0.6125,0.0030,29.35,21.15,50.50,-4.102,4.102,1.918,7.609
401547414,2023,REG,2,2023-09-17,Sunday,13:00,LAC,TEN,24,27,Home,7,7,-142,120,-2.5,-118,-102,45.5,-110,-110,0,outdoors,,,,00-0036355,00-0029701,Justin Herbert,Ryan Tannehill,Brandon Staley,Mike Vrabel,NAS00,Nissan Stadium,0.6190,0.3810,-144,+126,-2½-110,+2½+100,55.313,0.3690,0.6280,0.0029,27.43,18.07,45.50,-4.676,4.676,-0.34,1.744
401547417,2023,REG,2,2023-09-17,Sunday,13:00,GB,ATL,24,25,Home,7,7,124,-148,3,-115,-105,40.5,-110,-110,0,open,,,,00-0036264,00-0038122,Jordan Love,Desmond Ridder,Matt LaFleur,Arthur Smith,ATL97,Mercedes-Benz Stadium,0.4480,0.5520,+140,-150,+3-110,-2½-120,45.028,0.5148,0.4813,0.0038,19.66,20.85,40.50,0.595,-0.595,-3.489,2.296
401547418,2023,REG,2,2023-09-17,Sunday,13:00,SEA,DET,37,31,Home,7,10,180,-218,4.5,-110,-110,47.5,-108,-112,0,dome,,,,00-0030565,00-0033106,Geno Smith,Jared Goff,Pete Carroll,Dan Campbell,DET00,Ford Field,0.3510,0.6490,+195,-210,+5-110,-4½-110,60.409,0.6466,0.3505,0.0028,18.12,28.88,47.00,5.376,-5.376,3.614,0.856
401547419,2023,REG,2,2023-09-17,Sunday,13:00,IND,HOU,31,20,Home,7,7,-110,-110,-1,-105,-115,40,-110,-110,1,open,,,,00-0039164,00-0039163,Anthony Richardson,C.J. Stroud,Shane Steichen,DeMeco Ryans,HOU00,NRG Stadium,0.4840,0.5160,+100,-110,+1-110,+0-110,38.148,0.5300,0.4661,0.0037,18.87,21.14,40.00,1.135,-1.135,-0.844,-2.91
401547420,2023,REG,2,2023-09-17,Sunday,13:00,CHI,TB,17,27,Home,7,7,114,-135,2.5,-110,-110,41,-110,-110,0,outdoors,,,,00-0036945,00-0034855,Justin Fields,Baker Mayfield,Matt Eberflus,Todd Bowles,TAM00,Raymond James Stadium,0.3790,0.6210,+120,-130,+2½-110,-2½-110,44.889,0.5209,0.4752,0.0038,19.44,21.06,40.50,0.809,-0.809,0.013,-1.581
401547421,2023,REG,2,2023-09-17,Sunday,16:05,NYG,ARI,31,28,Home,7,7,-225,185,-5,-110,-110,40,-110,-110,0,closed,,,,00-0035710,00-0033949,Daniel Jones,Joshua Dobbs,Brian Daboll,Jonathan Gannon,PHO00,State Farm Stadium,0.7300,0.2700,-220,+197,-4½-110,+5-110,8.477,0.3505,0.6466,0.0028,25.38,14.62,40.00,-5.376,5.376,-9.156,-3.145
401547422,2023,REG,2,2023-09-17,Sunday,16:05,SF,LA,30,23,Home,7,7,-340,270,-7.5,-105,-115,45,-110,-110,1,dome,,,,00-0037834,00-0026498,Brock Purdy,Matthew Stafford,Kyle Shanahan,Sean McVay,LAX01,SoFi Stadium,0.6610,0.3390,-315,+290,-7-110,+7½-115,93.747,0.3418,0.6554,0.0027,28.21,16.79,45.00,-5.712,5.712,3.524,10.017
401547415,2023,REG,2,2023-09-17,Sunday,16:25,NYJ,DAL,10,30,Home,6,7,300,-380,8.5,-110,-110,38.5,-110,-110,0,open,,,,00-0037013,00-0033077,Zach Wilson,Dak Prescott,Robert Saleh,Mike McCarthy,DAL00,AT&T Stadium,0.2330,0.7670,+350,-365,+8½-110,-8-110,50.292,0.6800,0.3173,0.0025,12.58,25.92,38.50,6.671,-6.671,8.399,-6.342
401547416,2023,REG,2,2023-09-17,Sunday,16:25,WAS,DEN,35,33,Home,7,7,164,-198,4,-110,-110,38.5,-110,-110,0,outdoors,,,,00-0037077,00-0029263,Sam Howell,Russell Wilson,Ron Rivera,Sean Payton,DEN00,Empower Field at Mile High,0.3570,0.6430,+175,-185,+4-110,-4-110,32.042,0.6639,0.3333,0.0026,13.46,25.54,39.00,6.041,-6.041,-1.579,-6.722
401547423,2023,REG,2,2023-09-17,Sunday,20:20,MIA,NE,24,17,Home,7,7,-130,110,-2,-112,-108,46.5,-112,-108,1,outdoors,,,,00-0036212,00-0036972,Tua Tagovailoa,Mac Jones,Mike McDaniel,Bill Belichick,BOS00,Gillette Stadium,0.5400,0.4600,-118,+115,-1-110,+2-110,59.998,0.3807,0.6161,0.0030,27.24,18.76,46.00,-4.237,4.237,-3.146,5.625
401547425,2023,REG,2,2023-09-18,Monday,19:15,NO,CAR,20,17,Home,8,8,-175,145,-3,-118,-102,39.5,-108,-112,1,outdoors,,,,00-0031280,00-0039150,Derek Carr,Bryce Young,Dennis Allen,Frank Reich,CAR00,Bank of America Stadium,0.6300,0.3700,-165,+155,-3-110,+3+100,26.552,0.3799,0.6170,0.0030,24.02,15.48,39.50,-4.269,4.269,-8.905,2.136
401547424,2023,REG,2,2023-09-18,Monday,20:15,CLE,PIT,22,26,Home,8,8,-148,124,-2.5,-115,-105,39,-110,-110,1,outdoors,,,,00-0033537,00-0038102,Deshaun Watson,Kenny Pickett,Kevin Stefanski,Mike Tomlin,PIT00,Acrisure Stadium,0.5290,0.4710,-130,+122,-2-110,+2½-110,50.902,0.4076,0.5890,0.0032,22.50,16.01,38.50,-3.245,3.245,-0.314,0.545
401547426,2023,REG,3,2023-09-21,Thursday,20:15,NYG,SF,12,30,Home,4,4,400,-535,10.5,-105,-115,43.5,-108,-112,0,outdoors,grass,77,13,00-0035710,00-0037834,Daniel Jones,Brock Purdy,Brian Daboll,Kyle Shanahan,SFO01,Levi's Stadium,0.1900,0.8100,+480,-600,+10½-105,-10½-110,52.535,0.8045,0.1938,0.0015,9.73,33.77,43.50,12.023,-12.023,10.017,-3.145
401547427,2023,REG,3,2023-09-24,Sunday,13:00,IND,BAL,22,19,Home,7,7,300,-380,7.5,-110,-110,43.5,-110,-110,0,outdoors,grass,68,3,00-0035289,00-0034796,Gardner Minshew,Lamar Jackson,Shane Steichen,John Harbaugh,BAL00,M&T Bank Stadium,0.1740,0.8260,+320,-360,+7½-110,-7½-105,57.452,0.7726,0.2255,0.0018,11.52,32.48,44.00,10.482,-10.482,9.874,-2.092
401547428,2023,REG,3,2023-09-24,Sunday,13:00,TEN,CLE,3,27,Home,7,6,154,-185,3.5,-110,-110,38,-110,-110,0,outdoors,grass,68,5,00-0029701,00-0033537,Ryan Tannehill,Deshaun Watson,Mike Vrabel,Kevin Stefanski,CLE00,FirstEnergy Stadium,0.2520,0.7480,+163,-170,+3½-110,-3½-110,50.753,0.5709,0.4256,0.0034,16.44,21.56,38.00,2.559,-2.559,0.545,-0.34
401547429,2023,REG,3,2023-09-24,Sunday,13:00,DEN,MIA,20,70,Home,7,7,205,-250,6,-110,-110,47.5,-110,-110,0,outdoors,grass,86,5,00-0029263,00-0036212,Russell Wilson,Tua Tagovailoa,Sean Payton,Mike McDaniel,MIA00,Hard Rock Stadium,0.3410,0.6590,+235,-260,+6-110,-6-110,56.287,0.7005,0.2970,0.0023,16.36,31.14,47.50,7.393,-7.393,5.625,-1.579
401547430,2023,REG,3,2023-09-24,Sunday,13:00,NE,NYJ,15,10,Home,7,7,-142,120,-2.5,-112,-108,35.5,-110,-110,1,outdoors,fieldturf,64,14,00-0036972,00-0037013,Mac Jones,Zach Wilson,Bill Belichick,Robert Saleh,NYC01,MetLife Stadium,0.5140,0.4860,-135,+120,-2½-110,+2½+100,15.323,0.5470,0.4493,0.0036,16.04,19.46,35.50,1.714,-1.714,-6.342,-3.146
401547431,2023,REG,3,2023-09-24,Sunday,13:00,BUF,WAS,37,3,Home,7,7,-245,200,-5.5,-115,-105,44,-108,-112,0,outdoors,grass,65,1,00-0034857,00-0037077,Josh Allen,Sam Howell,Sean McDermott,Ron Rivera,WAS00,FedExField,0.7340,0.2660,-220,+200,-4½-110,+5½-110,55.266,0.2636,0.7342,0.0021,30.78,13.22,44.00,-8.783,8.783,-6.722,8.856
401547433,2023,REG,3,2023-09-24,Sunday,13:00,ATL,DET,6,20,Home,7,7,140,-166,3,100,-120,47.5,-108,-112,0,dome,fieldturf,,,00-0038122,00-0033106,Desmond Ridder,Jared Goff,Arthur Smith,Dan Campbell,DET00,Ford Field,0.3650,0.6350,+160,-170,+3½-115,-3-110,50.242,0.5510,0.4453,0.0035,21.90,25.61,47.50,1.855,-1.855,3.614,-3.489
401547434,2023,REG,3,2023-09-24,Sunday,13:00,NO,GB,17,18,Home,6,7,-125,105,-1.5,-110,-110,41.5,-110,-110,0,outdoors,grass,68,10,00-0031280,00-0036264,Derek Carr,Jordan Love,Dennis Allen,Matt LaFleur,GNB00,Lambeau Field,0.4620,0.5380,-120,+106,-1-110,+1½-110,65.012,0.5331,0.4630,0.0037,19.52,21.98,41.50,1.229,-1.229,2.296,2.136
401547435,2023,REG,3,2023-09-24,Sunday,13:00,HOU,JAX,37,17,Home,7,7,300,-380,7.5,-110,-110,43.5,-110,-110,1,outdoors,grass,84,6,00-0039163,00-0036971,C.J. Stroud,Trevor Lawrence,DeMeco Ryans,Doug Pederson,JAX00,TIAA Bank Stadium,0.1650,0.8350,+320,-365,+7½-110,-7½+100,53.277,0.7118,0.2858,0.0023,13.90,29.60,43.50,7.85,-7.85,1.918,-0.844
401547436,2023,REG,3,2023-09-24,Sunday,13:00,LAC,MIN,28,24,Home,7,10,-110,-110,1,-115,-105,54,-110,-110,0,dome,sportturf,,,00-0036355,00-0029604,Justin Herbert,Kirk Cousins,Brandon Staley,Kevin O'Connell,MIN01,U.S. Bank Stadium,0.4590,0.5410,-105,+100,+1-110,+1-110,62.426,0.4646,0.5316,0.0037,28.67,26.33,55.00,-1.174,1.174,2.369,1.744
401547432,2023,REG,3,2023-09-24,Sunday,16:05,CAR,SEA,27,37,Home,6,7,185,-225,5,-110,-110,42.5,-110,-110,0,outdoors,fieldturf,61,2,00-0027973,00-0030565,Andy Dalton,Geno Smith,Frank Reich,Pete Carroll,SEA00,Lumen Field,0.2860,0.7140,+190,-206,+4½-110,-4½-110,44.282,0.7249,0.2729,0.0021,13.11,29.89,43.00,8.389,-8.389,0.856,-3.978
401547437,2023,REG,3,2023-09-24,Sunday,16:25,DAL,ARI,16,28,Home,7,7,-650,470,-11.5,-110,-110,43.5,-110,-110,0,open,grass,,,00-0033077,00-0033949,Dak Prescott,Joshua Dobbs,Mike McCarthy,Jonathan Gannon,PHO00,State Farm Stadium,0.9020,0.0980,-625,+550,-11-110,+12-110,48.383,0.1180,0.8809,0.0009,38.26,5.24,43.50,-16.509,16.509,-9.156,8.399
401547438,2023,REG,3,2023-09-24,Sunday,16:25,CHI,KC,10,41,Home,7,7,525,-750,13,-110,-110,48,-110,-110,0,outdoors,grass,,,00-0036945,00-0033873,Justin Fields,Patrick Mahomes,Matt Eberflus,Andy Reid,KAN00,GEHA Field at Arrowhead Stadium,0.1280,0.8720,+575,-725,+12½-110,-12½-110,58.947,0.8190,0.1795,0.0014,11.48,37.02,48.50,12.77,-12.77,7.609,-1.581
401547439,2023,REG,3,2023-09-24,Sunday,20:20,PIT,LV,23,18,Home,6,7,124,-148,3,-110,-110,43.5,-110,-110,0,dome,grass,,,00-0038102,00-0031345,Kenny Pickett,Jimmy Garoppolo,Mike Tomlin,Josh McDaniels,VEG00,Allegiant Stadium,0.4790,0.5210,+142,-155,+3-110,-3-105,53.081,0.5064,0.4896,0.0039,21.71,22.29,44.00,0.294,-0.294,1.404,-0.314
401547440,2023,REG,3,2023-09-25,Monday,19:15,PHI,TB,25,11,Home,11,8,-258,210,-6,-110,-110,44,-108,-112,0,outdoors,grass,90,4,00-0036389,00-0034855,Jalen Hurts,Baker Mayfield,Nick Sirianni,Todd Bowles,TAM00,Raymond James Stadium,0.7390,0.2610,-245,+220,-5½-110,+6-110,58.11,0.2950,0.7026,0.0023,29.48,14.52,44.00,-7.476,7.476,0.013,1.996
401547441,2023,REG,3,2023-09-25,Monday,20:15,LA,CIN,16,19,Home,8,8,136,-162,3,100,-120,45.5,-108,-112,0,outdoors,fieldturf,74,7,00-0026498,00-0036442,Matthew Stafford,Joe Burrow,Sean McVay,Zac Taylor,CIN00,Paycor Stadium,0.2910,0.7090,+150,-165,+3+100,-3-110,72.293,0.6526,0.3446,0.0027,17.22,28.28,45.50,5.532,-5.532,3.43,3.524
401547442,2023,REG,4,2023-09-28,Thursday,20:15,DET,GB,34,20,Home,4,4,-142,120,-2.5,-118,-102,45,-110,-110,1,outdoors,grass,64,8,00-0033106,00-0036264,Jared Goff,Jordan Love,Dan Campbell,Matt LaFleur,GNB00,Lambeau Field,0.4970,0.5030,-140,+122,-2½-110,+2½-110,72.288,0.4589,0.5374,0.0036,23.86,21.14,45.00,-1.361,1.361,2.296,3.614
401547227,2023,REG,4,2023-10-01,Sunday,09:30,ATL,JAX,7,23,Neutral,7,7,154,-185,3.5,-110,-110,42.5,-112,-108,0,outdoors,,,,00-0038122,00-0036971,Desmond Ridder,Trevor Lawrence,Arthur Smith,Doug Pederson,LON00,Wembley Stadium,0.4600,0.5400,+155,-165,+3½-110,-3-110,44.184,0.5220,0.4741,0.0038,20.42,22.08,42.50,0.831,-0.831,1.918,-3.489
401547443,2023,REG,4,2023-10-01,Sunday,13:00,MIA,BUF,20,48,Home,7,7,120,-142,2.5,100,-120,53,-110,-110,1,outdoors,a_turf,70,2,00-0036212,00-0034857,Tua Tagovailoa,Josh Allen,Mike McDaniel,Sean McDermott,BUF00,New Era Field,0.3040,0.6960,+138,-145,+3-110,-3+100,85.345,0.4858,0.5102,0.0039,26.67,25.83,52.50,-0.422,0.422,8.856,5.625
401547444,2023,REG,4,2023-10-01,Sunday,13:00,DEN,CHI,31,28,Home,7,7,-162,136,-3,-112,-108,47,-110,-110,0,outdoors,grass,80,2,00-0029263,00-0036945,Russell Wilson,Justin Fields,Sean Payton,Matt Eberflus,CHI98,Soldier Field,0.5150,0.4850,-155,+145,-3-105,+3-105,38.635,0.4672,0.5290,0.0037,24.57,22.43,47.00,-1.07,1.07,-1.581,-1.579
401547445,2023,REG,4,2023-10-01,Sunday,13:00,BAL,CLE,28,3,Home,7,7,-135,114,-2,-110,-110,38.5,-110,-110,1,outdoors,grass,71,7,00-0034796,00-0038583,Lamar Jackson,Dorian Thompson-Robinson,John Harbaugh,Kevin Stefanski,CLE00,FirstEnergy Stadium,0.5350,0.4650,-115,+105,-1-110,+1½-110,79.454,0.4127,0.5839,0.0033,22.24,16.26,38.50,-2.988,2.988,-0.93,9.874
401547446,2023,REG,4,2023-10-01,Sunday,13:00,PIT,HOU,6,30,Home,7,7,-162,136,-3,-110,-110,41.5,-110,-110,0,open,astroturf,,,00-0038102,00-0039163,Kenny Pickett,C.J. Stroud,Mike Tomlin,DeMeco Ryans,HOU00,NRG Stadium,0.6520,0.3480,-150,+140,-2½-110,+3-119,45.776,0.4100,0.5867,0.0032,23.83,17.67,41.50,-3.084,3.084,-0.844,-0.314
401547448,2023,REG,4,2023-10-01,Sunday,13:00,MIN,CAR,21,13,Home,7,7,-225,185,-4.5,-112,-108,46.5,-110,-110,0,outdoors,grass,78,7,00-0029604,00-0039150,Kirk Cousins,Bryce Young,Kevin O'Connell,Frank Reich,CAR00,Bank of America Stadium,0.5750,0.4250,-195,+190,-4-110,+4½-110,27.197,0.3583,0.6387,0.0028,27.96,18.04,46.00,-4.959,4.959,-8.905,2.369
401547449,2023,REG,4,2023-10-01,Sunday,13:00,LA,IND,29,23,Home,6,7,-115,-105,-1,-110,-110,44.5,-110,-110,0,open,fieldturf,,,00-0026498,00-0039164,Matthew Stafford,Anthony Richardson,Sean McVay,Shane Steichen,IND00,Lucas Oil Stadium,0.5320,0.4680,-120,+105,-1-110,+1½-110,52.553,0.4378,0.5586,0.0035,24.35,20.15,44.50,-2.1,2.1,-2.91,3.524
401547450,2023,REG,4,2023-10-01,Sunday,13:00,TB,NO,26,9,Home,6,7,170,-205,4,-110,-110,41,-110,-110,1,dome,sportturf,,,00-0034855,00-0031280,Baker Mayfield,Derek Carr,Todd Bowles,Dennis Allen,NOR00,Mercedes-Benz Superdome,0.3470,0.6530,+196,-215,+5-110,-4½-110,56.8,0.5465,0.4498,0.0036,18.82,22.18,41.00,1.68,-1.68,2.136,0.013
401547451,2023,REG,4,2023-10-01,Sunday,13:00,WAS,PHI,31,34,Home,7,6,350,-455,9.5,-110,-110,43,-110,-110,1,outdoors,grass,,,00-0037077,00-0036389,Sam Howell,Jalen Hurts,Ron Rivera,Nick Sirianni,PHI00,Lincoln Financial Field,0.1660,0.8340,+365,-425,+9½-110,-8½-110,41.448,0.7650,0.2330,0.0018,11.48,31.52,43.00,10.023,-10.023,1.996,-6.722
401547452,2023,REG,4,2023-10-01,Sunday,13:00,CIN,TEN,3,27,Home,6,7,-162,136,-2.5,-120,100,41.5,-108,-112,0,outdoors,grass,82,4,00-0036442,00-0029701,Joe Burrow,Ryan Tannehill,Zac Taylor,Mike Vrabel,NAS00,Nissan Stadium,0.6280,0.3720,-135,+130,-2½-110,+2½-105,62.584,0.3886,0.6082,0.0031,24.60,16.90,41.50,-3.849,3.849,-0.34,3.43
401547447,2023,REG,4,2023-10-01,Sunday,16:05,LV,LAC,17,24,Home,7,7,250,-310,7,-115,-105,49,-110,-110,1,dome,matrixturf,,,00-0038579,00-0036355,Aidan O'Connell,Justin Herbert,Josh McDaniels,Brandon Staley,LAX01,SoFi Stadium,0.2970,0.7030,+240,-260,+6½-110,-6-110,47.59,0.8205,0.1779,0.0014,11.79,37.21,49.00,12.712,-12.712,1.744,-2.605
401547453,2023,REG,4,2023-10-01,Sunday,16:25,NE,DAL,3,38,Home,7,7,230,-285,6.5,-108,-112,43,-110,-110,0,closed,matrixturf,,,00-0036972,00-0033077,Mac Jones,Dak Prescott,Bill Belichick,Mike McCarthy,DAL00,AT&T Stadium,0.2940,0.7060,+230,-260,+6-110,-6-110,53.588,0.6858,0.3116,0.0025,14.76,28.24,43.00,6.737,-6.737,8.399,-3.146
401547454,2023,REG,4,2023-10-01,Sunday,16:25,ARI,SF,16,35,Home,7,10,700,-1100,15,-108,-112,44,-105,-115,1,outdoors,grass,75,9,00-0033949,00-0037834,Joshua Dobbs,Brock Purdy,Jonathan Gannon,Kyle Shanahan,SFO01,Levi's Stadium,0.1020,0.8980,+720,-1000,+15-110,-14½-110,50.005,0.8733,0.1256,0.0010,6.19,37.81,44.00,15.813,-15.813,10.017,-9.156
401547455,2023,REG,4,2023-10-01,Sunday,20:20,KC,NYJ,23,20,Home,7,7,-485,370,-9.5,-110,-110,41.5,-105,-115,0,outdoors,fieldturf,69,5,00-0033873,00-0037013,Patrick Mahomes,Zach Wilson,Andy Reid,Robert Saleh,NYC01,MetLife Stadium,0.7650,0.2350,-410,+375,-8-110,+8½-110,54.043,0.2557,0.7421,0.0020,29.77,11.73,41.50,-9.024,9.024,-6.342,7.609
401547456,2023,REG,4,2023-10-02,Monday,20:15,SEA,NYG,24,3,Home,8,11,-142,120,-2.5,-115,-105,46.5,-115,-105,0,outdoors,fieldturf,67,8,00-0030565,00-0035710,Geno Smith,Daniel Jones,Pete Carroll,Brian Daboll,NYC01,MetLife Stadium,0.5060,0.4940,-135,+120,-2-110,+2½-105,41.376,0.4336,0.5628,0.0034,25.25,20.75,46.00,-2.247,2.247,-3.145,0.856
401547457,2023,REG,5,2023-10-05,Thursday,20:15,CHI,WAS,40,20,Home,4,4,210,-258,6,-110,-110,45.5,-112,-108,0,outdoors,grass,70,1,00-0036945,00-0037077,Justin Fields,Sam Howell,Matt Eberflus,Ron Rivera,WAS00,FedExField,0.2580,0.7420,+225,-260,+6-110,-6-110,18.402,0.6076,0.3892,0.0031,18.70,26.30,45.00,3.802,-3.802,-6.722,-1.581
401547228,2023,REG,5,2023-10-08,Sunday,09:30,JAX,BUF,25,20,Neutral,7,7,205,-250,5.5,-110,-110,48.5,-108,-112,0,outdoors,,,,00-0036971,00-0034857,Trevor Lawrence,Josh Allen,Doug Pederson,Sean McDermott,LON02,Tottenham Stadium,0.2570,0.7430,+215,-240,+5½-110,-4½-110,80.765,0.7910,0.2072,0.0016,13.10,35.40,48.50,11.154,-11.154,8.856,1.918
401547458,2023,REG,5,2023-10-08,Sunday,13:00,TEN,IND,16,23,Home,7,7,-142,120,-2.5,-110,-110,43.5,-110,-110,1,open,fieldturf,,,00-0029701,00-0039164,Ryan Tannehill,Anthony Richardson,Mike Vrabel,Shane Steichen,IND00,Lucas Oil Stadium,0.5430,0.4570,-135,+127,-2½-110,+2½-105,36.927,0.4408,0.5556,0.0035,23.73,19.77,43.50,-1.981,1.981,-2.91,-0.34
401547459,2023,REG,5,2023-10-08,Sunday,13:00,NO,NE,34,0,Home,7,7,114,-135,2.5,-110,-110,38.5,-110,-110,0,outdoors,fieldturf,61,10,00-0031280,00-0036972,Derek Carr,Mac Jones,Dennis Allen,Bill Belichick,BOS00,Gillette Stadium,0.4250,0.5750,+115,-128,+2+100,-1½-110,45.808,0.5370,0.4592,0.0036,17.91,20.59,38.50,1.339,-1.339,-3.146,2.136
401547460,2023,REG,5,2023-10-08,Sunday,13:00,BAL,PIT,10,17,Home,7,7,-230,190,-4.5,-112,-108,38.5,-110,-110,1,outdoors,grass,53,13,00-0034796,00-0038102,Lamar Jackson,Kenny Pickett,John Harbaugh,Mike Tomlin,PIT00,Acrisure Stadium,0.5700,0.4300,-225,+197,-4½-110,+5-110,81.702,0.2796,0.7180,0.0022,27.21,11.29,38.50,-7.962,7.962,-0.314,9.874
401547463,2023,REG,5,2023-10-08,Sunday,13:00,HOU,ATL,19,21,Home,7,7,120,-142,2.5,-110,-110,42,-110,-110,0,open,fieldturf,,,00-0039163,00-0038122,C.J. Stroud,Desmond Ridder,DeMeco Ryans,Arthur Smith,ATL97,Mercedes-Benz Stadium,0.4030,0.5970,+125,-135,+2½-110,-2½-110,32.961,0.5258,0.4703,0.0037,20.05,21.95,42.00,0.954,-0.954,-3.489,-0.844
401547464,2023,REG,5,2023-10-08,Sunday,13:00,CAR,DET,24,42,Home,7,10,350,-455,9.5,-110,-110,43.5,-110,-110,0,dome,fieldturf,,,00-0039150,00-0033106,Bryce Young,Jared Goff,Frank Reich,Dan Campbell,DET00,Ford Field,0.2040,0.7960,+400,-475,+9½-110,-9½-110,47.17,0.7718,0.2263,0.0018,11.49,32.01,43.50,10.262,-10.262,3.614,-8.905
401547465,2023,REG,5,2023-10-08,Sunday,13:00,NYG,MIA,16,31,Home,6,7,525,-750,12.5,-110,-110,47.5,-108,-112,0,outdoors,grass,88,8,00-0035710,00-0036212,Daniel Jones,Tua Tagovailoa,Brian Daboll,Mike McDaniel,MIA00,Hard Rock Stadium,0.2700,0.7300,+575,-735,+12½-110,-12½-110,52.87,0.8698,0.1291,0.0010,8.52,39.48,48.00,15.477,-15.477,5.625,-3.145
401547466,2023,REG,5,2023-10-08,Sunday,16:05,CIN,ARI,34,20,Home,7,7,-170,142,-3,-120,100,45.5,-110,-110,0,closed,grass,,,00-0036442,00-0033949,Joe Burrow,Joshua Dobbs,Zac Taylor,Jonathan Gannon,PHO00,State Farm Stadium,0.7360,0.2640,-170,+160,-3-110,+3+105,30.277,0.3497,0.6474,0.0028,27.99,17.51,45.50,-5.242,5.242,-9.156,3.43
401547467,2023,REG,5,2023-10-08,Sunday,16:05,PHI,LA,23,14,Home,7,7,-192,160,-3.5,-110,-110,50.5,-110,-110,0,dome,matrixturf,,,00-0036389,00-0026498,Jalen Hurts,Matthew Stafford,Nick Sirianni,Sean McVay,LAX01,SoFi Stadium,0.7620,0.2380,-190,+175,-3½-110,+3½-110,65.411,0.4425,0.5538,0.0035,26.92,23.08,50.00,-1.92,1.92,3.524,1.996
401547461,2023,REG,5,2023-10-08,Sunday,16:25,NYJ,DEN,31,21,Home,7,7,114,-135,2.5,-110,-110,42.5,-110,-110,0,outdoors,grass,73,9,00-0037013,00-0029263,Zach Wilson,Russell Wilson,Robert Saleh,Sean Payton,DEN00,Empower Field at Mile High,0.3890,0.6110,+115,-130,+2½-110,-2-110,32.793,0.4508,0.5455,0.0036,22.88,19.62,42.50,-1.631,1.631,-1.579,-6.342
401547462,2023,REG,5,2023-10-08,Sunday,16:25,KC,MIN,27,20,Home,7,7,-180,150,-3.5,-105,-115,52.5,-110,-110,0,dome,sportturf,,,00-0033873,00-0029604,Patrick Mahomes,Kirk Cousins,Andy Reid,Kevin O'Connell,MIN01,U.S. Bank Stadium,0.6960,0.3040,-175,+165,-3½+100,+3½-110,86.425,0.3175,0.6798,0.0025,32.71,19.79,52.50,-6.461,6.461,2.369,7.609
401547354,2023,REG,5,2023-10-08,Sunday,20:20,DAL,SF,10,42,Home,7,7,150,-180,3.5,-115,-105,45,-105,-115,0,outdoors,grass,78,10,00-0033077,00-0037834,Dak Prescott,Brock Purdy,Mike McCarthy,Kyle Shanahan,SFO01,Levi's Stadium,0.3840,0.6160,+175,-175,+3½-110,-3½+100,93.697,0.5504,0.4460,0.0035,20.95,24.55,45.50,1.8,-1.8,10.017,8.399
401547468,2023,REG,5,2023-10-09,Monday,20:15,GB,LV,13,17,Home,11,8,-102,-118,1,-110,-110,45,-110,-110,0,dome,grass,,,00-0036264,00-0031345,Jordan Love,Jimmy Garoppolo,Matt LaFleur,Josh McDaniels,VEG00,Allegiant Stadium,0.4720,0.5280,+110,-125,+2-110,-1-110,64.003,0.4356,0.5608,0.0035,24.66,20.34,45.00,-2.163,2.163,1.404,2.296
401547469,2023,REG,6,2023-10-12,Thursday,20:15,DEN,KC,8,19,Home,4,4,470,-650,10.5,-108,-112,47.5,-112,-108,1,outdoors,grass,,,00-0029263,00-0033873,Russell Wilson,Patrick Mahomes,Sean Payton,Andy Reid,KAN00,GEHA Field at Arrowhead Stadium,0.1240,0.8760,+505,-635,+10½-110,-10½-110,58.683,0.8490,0.1497,0.0012,9.62,37.88,47.50,14.126,-14.126,7.609,-1.579
401547229,2023,REG,6,2023-10-15,Sunday,09:30,BAL,TEN,24,16,Neutral,7,7,-250,205,-5.5,-112,-108,42.5,-110,-110,0,outdoors,,,,00-0034796,00-0029701,Lamar Jackson,Ryan Tannehill,John Harbaugh,Mike Vrabel,LON02,Tottenham Stadium,0.6400,0.3600,-220,+215,-5-110,+5½-110,71.979,0.3103,0.6871,0.0024,27.96,14.55,42.50,-6.705,6.705,-0.34,9.874
401547470,2023,REG,6,2023-10-15,Sunday,13:00,WAS,ATL,24,16,Home,10,7,105,-125,1.5,-108,-112,42,-110,-110,0,closed,fieldturf,,,00-0037077,00-0038122,Sam Howell,Desmond Ridder,Ron Rivera,Arthur Smith,ATL97,Mercedes-Benz Stadium,0.4090,0.5910,+110,-122,+2-110,-1½-110,19.959,0.5786,0.4179,0.0033,18.23,23.77,42.00,2.768,-2.768,-3.489,-6.722
401547471,2023,REG,6,2023-10-15,Sunday,13:00,SEA,CIN,13,17,Home,13,7,130,-155,3,-112,-108,45.5,-108,-112,0,outdoors,fieldturf,57,15,00-0030565,00-0036442,Geno Smith,Joe Burrow,Pete Carroll,Zac Taylor,CIN00,Paycor Stadium,0.4530,0.5470,+140,-150,+3-110,-3-105,64.093,0.4613,0.5349,0.0037,24.01,21.49,45.50,-1.26,1.26,3.43,0.856
401547472,2023,REG,6,2023-10-15,Sunday,13:00,IND,JAX,20,37,Home,7,7,170,-205,4,-110,-110,44,-110,-110,1,outdoors,grass,,,00-0035289,00-0036971,Gardner Minshew,Trevor Lawrence,Shane Steichen,Doug Pederson,JAX00,TIAA Bank Stadium,0.2640,0.7360,+173,-190,+4-110,-4-110,49.521,0.6538,0.3434,0.0027,16.55,27.45,44.00,5.452,-5.452,1.918,-2.092
401547473,2023,REG,6,2023-10-15,Sunday,13:00,CAR,MIA,21,42,Home,7,7,700,-1100,14,-110,-110,47.5,-112,-108,0,outdoors,grass,87,12,00-0039150,00-0036212,Bryce Young,Tua Tagovailoa,Frank Reich,Mike McDaniel,MIA00,Hard Rock Stadium,0.2020,0.7980,+775,-1050,+14-110,-14-110,48.964,0.8769,0.1220,0.0009,7.64,39.36,47.00,15.862,-15.862,5.625,-8.905
401547475,2023,REG,6,2023-10-15,Sunday,13:00,MIN,CHI,19,13,Home,7,10,-166,140,-3,-115,-105,44.5,-112,-108,1,outdoors,grass,53,16,00-0029604,00-0036945,Kirk Cousins,Justin Fields,Kevin O'Connell,Matt Eberflus,CHI98,Soldier Field,0.6250,0.3750,-157,+145,-3-110,+3-105,53.213,0.4011,0.5955,0.0032,25.86,19.14,45.00,-3.359,3.359,-1.581,2.369
401547476,2023,REG,6,2023-10-15,Sunday,13:00,SF,CLE,17,19,Home,7,14,-470,360,-9.5,-115,-105,36,-110,-110,0,outdoors,grass,53,15,00-0037834,00-0033275,Brock Purdy,Phillip Walker,Kyle Shanahan,Kevin Stefanski,CLE00,FirstEnergy Stadium,0.7400,0.2600,-475,+425,-9½-110,+10-110,83.925,0.2614,0.7364,0.0021,26.68,9.33,36.00,-8.675,8.675,-0.93,10.017
401547477,2023,REG,6,2023-10-15,Sunday,13:00,NO,HOU,13,20,Home,7,7,-130,110,-2,-110,-110,42.5,-112,-108,0,closed,astroturf,,,00-0031280,00-0039163,Derek Carr,C.J. Stroud,Dennis Allen,DeMeco Ryans,HOU00,NRG Stadium,0.5570,0.4430,-126,+115,-2-110,+2-110,55.292,0.4533,0.5429,0.0036,22.54,19.47,42.00,-1.535,1.535,-0.844,2.136
401547474,2023,REG,6,2023-10-15,Sunday,16:05,NE,LV,17,21,Home,7,6,124,-148,3,-118,-102,41.5,-110,-110,0,dome,grass,,,00-0036972,00-0031345,Mac Jones,Jimmy Garoppolo,Bill Belichick,Josh McDaniels,VEG00,Allegiant Stadium,0.4040,0.5960,+135,-150,+3-105,-3+100,46.171,0.5567,0.4397,0.0035,18.74,22.76,41.50,2.009,-2.009,1.404,-3.146
401547478,2023,REG,6,2023-10-15,Sunday,16:25,DET,TB,20,6,Home,7,14,-162,136,-3,-115,-105,43.5,-112,-108,0,outdoors,grass,77,13,00-0033106,00-0034855,Jared Goff,Baker Mayfield,Dan Campbell,Todd Bowles,TAM00,Raymond James Stadium,0.5360,0.4640,-157,+140,-3-110,+3½-119,63.242,0.4460,0.5503,0.0035,23.54,19.96,43.50,-1.789,1.789,0.013,3.614
401547479,2023,REG,6,2023-10-15,Sunday,16:25,ARI,LA,9,26,Home,7,7,270,-340,7,-105,-115,48,-110,-110,1,dome,matrixturf,,,00-0033949,00-0026498,Joshua Dobbs,Matthew Stafford,Jonathan Gannon,Sean McVay,LAX01,SoFi Stadium,0.1840,0.8160,+285,-335,+7-105,-7-110,45.79,0.7265,0.2712,0.0021,15.48,32.02,47.50,8.266,-8.266,3.524,-9.156
401547480,2023,REG,6,2023-10-15,Sunday,16:25,PHI,NYJ,14,20,Home,7,7,-305,245,-6.5,-115,-105,43,-105,-115,0,outdoors,fieldturf,59,11,00-0036389,00-0037013,Jalen Hurts,Zach Wilson,Nick Sirianni,Robert Saleh,NYC01,MetLife Stadium,0.7130,0.2870,-290,+260,-6½-110,+6½-101,33.184,0.3445,0.6526,0.0027,27.16,16.34,43.50,-5.409,5.409,-6.342,1.996
401547481,2023,REG,6,2023-10-15,Sunday,20:20,NYG,BUF,9,14,Home,7,7,750,-1200,15.5,-110,-110,43.5,-110,-110,0,outdoors,a_turf,46,7,00-0028118,00-0034857,Tyrod Taylor,Josh Allen,Brian Daboll,Sean McDermott,BUF00,New Era Field,0.1040,0.8960,+940,-1100,+16-110,-15-110,50.014,0.9487,0.0508,0.0004,-0.56,44.06,43.50,22.307,-22.307,8.856,-8.646
401547482,2023,REG,6,2023-10-16,Monday,20:15,DAL,LAC,20,17,Home,8,15,-130,110,-1.5,-112,-108,49.5,-108,-112,0,dome,matrixturf,,,00-0033077,00-0036355,Dak Prescott,Justin Herbert,Mike McCarthy,Brandon Staley,LAX01,SoFi Stadium,0.5100,0.4900,-120,+106,-1-110,+1½-110,85.891,0.5560,0.4404,0.0035,22.77,26.74,49.50,1.985,-1.985,1.744,8.399
401547483,2023,REG,7,2023-10-19,Thursday,20:15,JAX,NO,31,24,Home,4,4,124,-148,2.5,-108,-112,41,-110,-110,0,dome,sportturf,,,00-0036971,00-0031280,Trevor Lawrence,Derek Carr,Doug Pederson,Dennis Allen,NOR00,Mercedes-Benz Superdome,0.5120,0.4880,+120,-138,+2½-110,-2-110,64.619,0.4267,0.5698,0.0034,23.20,18.30,41.50,-2.451,2.451,2.136,1.918
401547484,2023,REG,7,2023-10-22,Sunday,13:00,CLE,IND,39,38,Home,7,7,-180,150,-3.5,-108,-112,40,-110,-110,0,open,fieldturf,,,00-0033537,00-0035289,Deshaun Watson,Gardner Minshew,Kevin Stefanski,Shane Steichen,IND00,Lucas Oil Stadium,0.5870,0.4130,-175,+165,-3½-105,+3½-110,43.702,0.3981,0.5986,0.0032,23.45,16.55,40.00,-3.45,3.45,-2.092,0.545
401547485,2023,REG,7,2023-10-22,Sunday,13:00,BUF,NE,25,29,Home,7,7,-395,310,-7.5,-110,-110,41,-110,-110,1,outdoors,fieldturf,55,13,00-0034857,00-0036972,Josh Allen,Mac Jones,Sean McDermott,Bill Belichick,BOS00,Gillette Stadium,0.7890,0.2110,-370,+335,-7½-110,+8-110,68.875,0.1750,0.8235,0.0014,33.15,7.85,41.00,-12.654,12.654,-3.146,8.856
401547486,2023,REG,7,2023-10-22,Sunday,13:00,WAS,NYG,7,14,Home,7,7,-162,136,-3,-108,-112,37,-112,-108,1,outdoors,fieldturf,54,14,00-0037077,00-0028118,Sam Howell,Tyrod Taylor,Ron Rivera,Brian Daboll,NYC01,MetLife Stadium,0.5320,0.4680,-155,+135,-3-110,+3-105,4.458,0.3828,0.6140,0.0030,22.49,14.51,37.00,-3.992,3.992,-8.646,-6.722
401547489,2023,REG,7,2023-10-22,Sunday,13:00,DET,BAL,6,38,Home,7,7,136,-162,3,-105,-115,43.5,-108,-112,0,outdoors,grass,62,16,00-0033106,00-0034796,Jared Goff,Lamar Jackson,Dan Campbell,John Harbaugh,BAL00,M&T Bank Stadium,0.4230,0.5770,+140,-155,+3-105,-3-110,79.024,0.5391,0.4571,0.0036,20.35,23.15,43.50,1.398,-1.398,9.874,3.614
401547490,2023,REG,7,2023-10-22,Sunday,13:00,LV,CHI,12,30,Home,7,7,-142,120,-2.5,-110,-110,38.5,-110,-110,0,outdoors,grass,52,8,00-0026625,00-0038416,Brian Hoyer,Tyson Bagent,Josh McDaniels,Matt Eberflus,CHI98,Soldier Field,0.6460,0.3540,-130,+120,-2-110,+2½-110,33.673,0.6643,0.3329,0.0026,13.69,25.31,39.00,5.814,-5.814,-2.32,-2.605
401547491,2023,REG,7,2023-10-22,Sunday,13:00,ATL,TB,16,13,Home,7,7,124,-148,3,-115,-105,37.5,-115,-105,1,outdoors,grass,79,3,00-0038122,00-0034855,Desmond Ridder,Baker Mayfield,Arthur Smith,Todd Bowles,TAM00,Raymond James Stadium,0.3770,0.6230,+135,-145,+3-110,-2½-110,39.668,0.5251,0.4710,0.0037,17.83,19.67,37.50,0.922,-0.922,0.013,-3.489
401547492,2023,REG,7,2023-10-22,Sunday,16:05,PIT,LA,24,17,Home,14,7,145,-175,3.5,-118,-102,44,-112,-108,0,dome,matrixturf,,,00-0038102,00-0026498,Kenny Pickett,Matthew Stafford,Mike Tomlin,Sean McVay,LAX01,SoFi Stadium,0.5020,0.4980,+155,-170,+3½-110,-3½+100,60.009,0.5829,0.4137,0.0033,19.10,24.90,44.00,2.901,-2.901,3.524,-0.314
401547493,2023,REG,7,2023-10-22,Sunday,16:05,ARI,SEA,10,20,Home,7,7,350,-455,9.5,-112,-108,43.5,-110,-110,1,outdoors,fieldturf,56,5,00-0033949,00-0030565,Joshua Dobbs,Geno Smith,Jonathan Gannon,Pete Carroll,SEA00,Lumen Field,0.2190,0.7810,+375,-430,+9½-110,-9-110,40.032,0.7963,0.2019,0.0016,10.45,33.05,43.50,11.297,-11.297,0.856,-9.156
401547487,2023,REG,7,2023-10-22,Sunday,16:25,GB,DEN,17,19,Home,13,10,-102,-118,1.5,-112,-108,44,-110,-110,0,outdoors,grass,72,9,00-0036264,00-0029263,Jordan Love,Russell Wilson,Matt LaFleur,Sean Payton,DEN00,Empower Field at Mile High,0.5640,0.4360,+108,-115,+1½-110,-1-110,52.984,0.4289,0.5675,0.0034,24.37,19.63,44.00,-2.372,2.372,-1.579,2.296
401547488,2023,REG,7,2023-10-22,Sunday,16:25,LAC,KC,17,31,Home,6,10,215,-265,5.5,-105,-115,48.5,-108,-112,1,outdoors,grass,72,10,00-0036355,00-0033873,Justin Herbert,Patrick Mahomes,Brandon Staley,Andy Reid,KAN00,GEHA Field at Arrowhead Stadium,0.1730,0.8270,+240,-260,+6-110,-5½-110,65.621,0.6855,0.3119,0.0025,17.64,30.86,48.50,6.613,-6.613,7.609,1.744
401547494,2023,REG,7,2023-10-22,Sunday,20:20,MIA,PHI,17,31,Home,7,7,130,-155,3,-112,-108,52,-110,-110,0,outdoors,grass,55,17,00-0036212,00-0036389,Tua Tagovailoa,Jalen Hurts,Mike McDaniel,Nick Sirianni,PHI00,Lincoln Financial Field,0.3600,0.6400,+150,-155,+3-105,-3-110,78.875,0.4116,0.5850,0.0033,28.98,23.02,52.00,-2.976,2.976,1.996,5.625
401547495,2023,REG,7,2023-10-23,Monday,20:15,SF,MIN,17,22,Home,8,8,-325,260,-7,-105,-115,44.5,-110,-110,0,dome,sportturf,,,00-0037834,00-0029604,Brock Purdy,Kirk Cousins,Kyle Shanahan,Kevin O'Connell,MIN01,U.S. Bank Stadium,0.7250,0.2750,-320,+272,-6½-110,+7-110,91.833,0.2969,0.7006,0.0023,29.20,14.81,44.00,-7.195,7.195,2.369,10.017
401547496,2023,REG,8,2023-10-26,Thursday,20:15,TB,BUF,18,24,Home,4,4,370,-485,10,-112,-108,43,-110,-110,0,outdoors,a_turf,66,10,00-0034855,00-0034857,Baker Mayfield,Josh Allen,Todd Bowles,Sean McDermott,BUF00,New Era Field,0.1810,0.8190,+425,-475,+10-110,-9½-110,63.158,0.8266,0.1720,0.0013,8.74,34.26,43.00,12.756,-12.756,8.856,0.013
401547497,2023,REG,8,2023-10-29,Sunday,13:00,NE,MIA,17,31,Home,7,7,300,-380,7.5,-110,-110,46.5,-110,-110,1,outdoors,grass,83,17,00-0036972,00-0036212,Mac Jones,Tua Tagovailoa,Bill Belichick,Mike McDaniel,MIA00,Hard Rock Stadium,0.2130,0.7870,+330,-350,+8-110,-7½+100,53.202,0.8054,0.1930,0.0015,11.57,34.93,46.50,11.68,-11.68,5.625,-3.146
401547498,2023,REG,8,2023-10-29,Sunday,13:00,NYJ,NYG,13,10,Home,14,7,-162,136,-3,-115,-105,35,-112,-108,0,outdoors,fieldturf,52,6,00-0037013,00-0028118,Zach Wilson,Tyrod Taylor,Robert Saleh,Brian Daboll,NYC01,MetLife Stadium,0.6640,0.3360,-165,+150,-3-110,+3-105,3.924,0.2262,0.7719,0.0018,27.37,7.14,34.50,-10.115,10.115,-8.646,-6.342
401547499,2023,REG,8,2023-10-29,Sunday,13:00,JAX,PIT,20,10,Home,10,7,-135,114,-2.5,-110,-110,41,-110,-110,0,outdoors,grass,58,2,00-0036971,00-0038102,Trevor Lawrence,Kenny Pickett,Doug Pederson,Mike Tomlin,PIT00,Acrisure Stadium,0.5240,0.4760,-130,+120,-2-110,+2½-110,56.558,0.3909,0.6059,0.0031,24.19,16.81,41.00,-3.687,3.687,-0.314,1.918
401547500,2023,REG,8,2023-10-29,Sunday,13:00,ATL,TEN,23,28,Home,7,14,-130,110,-2.5,-110,-110,35,-110,-110,0,outdoors,grass,77,7,00-0038122,00-0039152,Desmond Ridder,Will Levis,Arthur Smith,Mike Vrabel,NAS00,Nissan Stadium,0.4090,0.5910,-130,+120,-2-110,+2½-110,23.777,0.5172,0.4788,0.0038,17.10,18.40,35.50,0.651,-0.651,-4.776,-3.489
401547504,2023,REG,8,2023-10-29,Sunday,13:00,HOU,CAR,13,15,Home,14,14,-162,136,-3,-118,-102,43,-110,-110,0,outdoors,grass,77,14,00-0039163,00-0039150,C.J. Stroud,Bryce Young,DeMeco Ryans,Frank Reich,CAR00,Bank of America Stadium,0.6180,0.3820,-175,+160,-3½+100,+3½-110,14.869,0.3690,0.6279,0.0029,25.97,17.03,43.00,-4.467,4.467,-8.905,-0.844
401547505,2023,REG,8,2023-10-29,Sunday,13:00,LA,DAL,20,43,Home,7,13,250,-310,6.5,-105,-115,44.5,-110,-110,0,closed,matrixturf,,,00-0026498,00-0033077,Matthew Stafford,Dak Prescott,Sean McVay,Mike McCarthy,DAL00,AT&T Stadium,0.2260,0.7740,+260,-295,+7-110,-6½-115,71.515,0.6869,0.3105,0.0024,15.62,28.89,44.50,6.635,-6.635,8.399,3.524
401547506,2023,REG,8,2023-10-29,Sunday,13:00,MIN,GB,24,10,Home,6,7,-112,-108,-1,-108,-112,41.5,-108,-112,1,outdoors,grass,39,8,00-0029604,00-0036264,Kirk Cousins,Jordan Love,Kevin O'Connell,Matt LaFleur,GNB00,Lambeau Field,0.4970,0.5030,-105,+100,+1-110,+1-110,66.777,0.4163,0.5803,0.0033,23.80,18.20,42.00,-2.8,2.8,2.296,2.369
401547507,2023,REG,8,2023-10-29,Sunday,13:00,NO,IND,38,27,Home,10,7,-130,110,-2,-110,-110,43.5,-110,-110,0,closed,fieldturf,,,00-0031280,00-0035289,Derek Carr,Gardner Minshew,Dennis Allen,Shane Steichen,IND00,Lucas Oil Stadium,0.5340,0.4660,-130,+125,-2-110,+2½-110,50.187,0.4504,0.5459,0.0036,23.62,20.38,44.00,-1.621,1.621,-2.092,2.136
401547508,2023,REG,8,2023-10-29,Sunday,13:00,PHI,WAS,38,31,Home,7,7,-305,245,-7,-110,-110,42.5,-110,-110,1,outdoors,grass,69,4,00-0036389,00-0037077,Jalen Hurts,Sam Howell,Nick Sirianni,Ron Rivera,WAS00,FedExField,0.6940,0.3060,-320,+300,-7-110,+7-110,31.907,0.2350,0.7630,0.0018,30.97,11.53,42.50,-9.724,9.724,-6.722,1.996
401547509,2023,REG,8,2023-10-29,Sunday,16:05,CLE,SEA,20,24,Home,7,7,164,-198,4,-110,-110,39.5,-112,-108,0,outdoors,fieldturf,47,3,00-0033275,00-0030565,Phillip Walker,Geno Smith,Kevin Stefanski,Pete Carroll,SEA00,Lumen Field,0.3410,0.6590,+175,-195,+4-110,-4-110,49.78,0.6575,0.3397,0.0027,13.96,25.04,39.00,5.536,-5.536,0.856,-0.93
401547501,2023,REG,8,2023-10-29,Sunday,16:25,BAL,ARI,31,24,Home,7,7,-500,380,-9.5,-110,-110,44.5,-110,-110,0,closed,grass,,,00-0034796,00-0033949,Lamar Jackson,Joshua Dobbs,John Harbaugh,Jonathan Gannon,PHO00,State Farm Stadium,0.8340,0.1660,-450,+395,-9½-110,+9½-110,51.502,0.1456,0.8531,0.0011,36.73,8.27,45.00,-14.23,14.23,-9.156,9.874
401547502,2023,REG,8,2023-10-29,Sunday,16:25,KC,DEN,9,24,Home,7,7,-340,270,-7,-102,-118,45.5,-110,-110,1,outdoors,grass,26,7,00-0033873,00-0029263,Patrick Mahomes,Russell Wilson,Andy Reid,Sean Payton,DEN00,Empower Field at Mile High,0.8030,0.1970,-320,+277,-7+100,+7-110,72.625,0.1722,0.8263,0.0013,35.49,10.01,45.50,-12.743,12.743,-1.579,7.609
401547503,2023,REG,8,2023-10-29,Sunday,16:25,CIN,SF,31,17,Home,14,6,170,-205,4,-105,-115,44,-110,-110,0,outdoors,grass,74,10,00-0036442,00-0037834,Joe Burrow,Brock Purdy,Zac Taylor,Kyle Shanahan,SFO01,Levi's Stadium,0.2810,0.7190,+175,-192,+4½-110,-4-110,81.78,0.6973,0.3002,0.0024,14.97,29.03,44.00,7.034,-7.034,10.017,3.43
401547510,2023,REG,8,2023-10-29,Sunday,20:20,CHI,LAC,13,30,Home,7,7,340,-440,9.5,-108,-112,46,-112,-108,0,dome,matrixturf,,,00-0038416,00-0036355,Tyson Bagent,Justin Herbert,Matt Eberflus,Brandon Staley,LAX01,SoFi Stadium,0.1830,0.8170,+400,-460,+9½-110,-9½-110,48.61,0.7565,0.2415,0.0019,13.56,32.44,46.00,9.442,-9.442,1.744,-2.32
401547511,2023,REG,8,2023-10-30,Monday,20:15,LV,DET,14,26,Home,8,8,270,-340,7,-110,-110,46,-110,-110,0,dome,fieldturf,,,00-0031345,00-0033106,Jimmy Garoppolo,Jared Goff,Josh McDaniels,Dan Campbell,DET00,Ford Field,0.2310,0.7690,+275,-310,+7-110,-7+100,64.196,0.7066,0.2910,0.0023,15.60,30.40,46.00,7.396,-7.396,3.614,1.404
401547512,2023,REG,9,2023-11-02,Thursday,20:15,TEN,PIT,16,20,Home,4,4,145,-175,3.5,-120,100,37,-108,-112,0,outdoors,grass,40,5,00-0039152,00-0038102,Will Levis,Kenny Pickett,Mike Vrabel,Mike Tomlin,PIT00,Acrisure Stadium,0.3650,0.6350,+160,-165,+3+105,-3-110,36.438,0.5825,0.4141,0.0033,15.64,21.36,37.00,2.862,-2.862,-0.314,-4.776
401547230,2023,REG,9,2023-11-05,Sunday,09:30,MIA,KC,14,21,Neutral,7,7,-105,-115,1,-112,-108,51,-108,-112,0,outdoors,grass,,,00-0036212,00-0033873,Tua Tagovailoa,Patrick Mahomes,Mike McDaniel,Andy Reid,FRA00,Deutsche Bank Park,0.4210,0.5790,-110,-103,+0-110,+1-110,92.956,0.5079,0.4881,0.0039,25.17,25.84,51.00,0.335,-0.335,7.609,5.625
401547513,2023,REG,9,2023-11-05,Sunday,13:00,SEA,BAL,3,37,Home,7,7,220,-270,6,-110,-110,44.5,-112,-108,0,outdoors,grass,70,6,00-0030565,00-0034796,Geno Smith,Lamar Jackson,Pete Carroll,John Harbaugh,BAL00,M&T Bank Stadium,0.2800,0.7200,+240,-280,+6-110,-6-110,63.378,0.6948,0.3027,0.0024,15.35,29.16,44.50,6.905,-6.905,9.874,0.856
401547514,2023,REG,9,2023-11-05,Sunday,13:00,ARI,CLE,0,27,Home,7,7,525,-750,13,-112,-108,38,-110,-110,0,outdoors,grass,56,7,00-0038582,00-0033537,Clayton Tune,Deshaun Watson,Jonathan Gannon,Kevin Stefanski,CLE00,FirstEnergy Stadium,0.1880,0.8120,+575,-725,+13-110,-12½-110,35.062,0.6926,0.3048,0.0024,12.18,25.82,38.00,6.823,-6.823,-0.93,-9.156
401547515,2023,REG,9,2023-11-05,Sunday,13:00,TB,HOU,37,39,Home,10,7,124,-148,2.5,100,-120,39.5,-110,-110,0,closed,astroturf,,,00-0034855,00-0039163,Baker Mayfield,C.J. Stroud,Todd Bowles,DeMeco Ryans,HOU00,NRG Stadium,0.4130,0.5870,+130,-140,+2½+100,-2½-110,46.71,0.5053,0.4906,0.0039,19.75,20.25,40.00,0.248,-0.248,-0.844,0.013
401547516,2023,REG,9,2023-11-05,Sunday,13:00,CHI,NO,17,24,Home,7,7,340,-440,9,-108,-112,42,-110,-110,0,dome,sportturf,,,00-0038416,00-0031280,Tyson Bagent,Derek Carr,Matt Eberflus,Dennis Allen,NOR00,Mercedes-Benz Superdome,0.1970,0.8030,+368,-440,+9-110,-9-110,49.529,0.6731,0.3242,0.0026,14.91,27.09,42.00,6.086,-6.086,2.136,-2.32
401547518,2023,REG,9,2023-11-05,Sunday,13:00,MIN,ATL,31,28,Home,7,7,160,-192,3.5,-108,-112,38.5,-112,-108,0,open,fieldturf,,,00-0038598,00-0031800,Jaren Hall,Taylor Heinicke,Kevin O'Connell,Arthur Smith,ATL97,Mercedes-Benz Stadium,0.3430,0.6570,+168,-185,+3½-110,-3½-110,31.816,0.5079,0.4881,0.0039,18.92,19.58,38.50,0.333,-0.333,-2.45,-2.843
401547519,2023,REG,9,2023-11-05,Sunday,13:00,LA,GB,3,20,Home,7,7,160,-198,3.5,-108,-112,38,-112,-108,0,outdoors,grass,51,8,00-0034955,00-0036264,Brett Rypien,Jordan Love,Sean McVay,Matt LaFleur,GNB00,Lambeau Field,0.3610,0.6390,+176,-190,+4-110,-3½-110,61.214,0.5506,0.4457,0.0035,16.98,20.52,37.50,1.774,-1.774,2.296,1.267
401547520,2023,REG,9,2023-11-05,Sunday,13:00,WAS,NE,20,17,Home,7,7,130,-155,2.5,100,-120,40.5,-110,-110,0,outdoors,fieldturf,62,6,00-0037077,00-0036972,Sam Howell,Mac Jones,Ron Rivera,Bill Belichick,BOS00,Gillette Stadium,0.4150,0.5850,+135,-145,+3-110,-3+100,23.061,0.5616,0.4348,0.0034,18.10,22.40,40.50,2.148,-2.148,-3.146,-6.722
401547517,2023,REG,9,2023-11-05,Sunday,16:05,IND,CAR,27,13,Home,7,7,-130,110,-1.5,-108,-112,45,-110,-110,0,outdoors,grass,75,2,00-0035289,00-0039150,Gardner Minshew,Bryce Young,Shane Steichen,Frank Reich,CAR00,Bank of America Stadium,0.5660,0.4340,-120,+106,-1-110,+1½-110,11.388,0.4023,0.5944,0.0032,25.77,19.23,45.00,-3.271,3.271,-8.905,-2.092
401547521,2023,REG,9,2023-11-05,Sunday,16:25,NYG,LV,6,30,Home,7,6,-102,-118,1,-110,-110,38.5,-112,-108,0,dome,grass,,,00-0035710,00-0038579,Daniel Jones,Aidan O'Connell,Brian Daboll,Antonio Pierce,VEG00,Allegiant Stadium,0.3700,0.6300,+110,-120,+1½-110,-1-110,31.717,0.4106,0.5860,0.0033,22.48,16.52,39.00,-2.984,2.984,-2.605,-3.145
401547522,2023,REG,9,2023-11-05,Sunday,16:25,DAL,PHI,23,28,Home,7,7,145,-175,3.5,-118,-102,46.5,-110,-110,1,outdoors,grass,64,6,00-0033077,00-0036389,Dak Prescott,Jalen Hurts,Mike McCarthy,Nick Sirianni,PHI00,Lincoln Financial Field,0.4280,0.5720,+150,-165,+3+100,-3-110,87.506,0.4987,0.4972,0.0039,23.23,23.27,46.50,0.024,-0.024,1.996,8.399
401547523,2023,REG,9,2023-11-05,Sunday,20:20,BUF,CIN,18,24,Home,10,7,105,-125,1.5,-108,-112,51,-110,-110,0,outdoors,fieldturf,51,5,00-0034857,00-0036442,Josh Allen,Joe Burrow,Sean McDermott,Zac Taylor,CIN00,Paycor Stadium,0.4500,0.5500,+110,-125,+2-110,-1½-110,91.465,0.3282,0.6691,0.0026,31.44,19.56,51.00,-5.936,5.936,3.43,8.856
401547524,2023,REG,9,2023-11-06,Monday,20:15,LAC,NYJ,27,6,Home,8,8,-170,142,-3,-118,-102,41,-110,-110,0,outdoors,fieldturf,48,4,00-0036355,00-0037013,Justin Herbert,Zach Wilson,Brandon Staley,Robert Saleh,NYC01,MetLife Stadium,0.4640,0.5360,-170,+157,-3-110,+3+100,31.34,0.3851,0.6117,0.0030,24.37,16.63,41.00,-3.874,3.874,-6.342,1.744
401547525,2023,REG,10,2023-11-09,Thursday,20:15,CAR,CHI,13,16,Home,4,4,150,-180,3,100,-120,38,-105,-115,0,outdoors,grass,51,8,00-0039150,00-0038416,Bryce Young,Tyson Bagent,Frank Reich,Matt Eberflus,CHI98,Soldier Field,0.4350,0.5650,+160,-170,+3½-110,-3-110,26.72,0.6104,0.3864,0.0031,15.19,22.81,38.00,3.813,-3.813,-2.32,-8.905
401547231,2023,REG,10,2023-11-12,Sunday,09:30,IND,NE,10,6,Neutral,7,7,-118,-102,-1,-110,-110,42,-110,-110,0,outdoors,grass,,,00-0035289,00-0036972,Gardner Minshew,Mac Jones,Shane Steichen,Bill Belichick,FRA00,Deutsche Bank Park,0.5540,0.4460,-120,+110,-1½-110,+2-110,28.916,0.4739,0.5222,0.0038,22.06,20.44,42.50,-0.811,0.811,-3.146,-2.092
401547526,2023,REG,10,2023-11-12,Sunday,13:00,HOU,CIN,30,27,Home,7,7,205,-250,5.5,-110,-110,46,-110,-110,0,outdoors,fieldturf,56,6,00-0039163,00-0036442,C.J. Stroud,Joe Burrow,DeMeco Ryans,Zac Taylor,CIN00,Paycor Stadium,0.2690,0.7310,+215,-235,+5½-110,-5½-110,56.863,0.6533,0.3438,0.0027,17.41,28.09,45.50,5.336,-5.336,3.43,-0.844
401547527,2023,REG,10,2023-11-12,Sunday,13:00,GB,PIT,19,23,Home,7,10,140,-166,3,100,-120,38.5,-112,-108,0,outdoors,grass,50,5,00-0036264,00-0038102,Jordan Love,Kenny Pickett,Matt LaFleur,Mike Tomlin,PIT00,Acrisure Stadium,0.3700,0.6300,+148,-165,+3+100,-3-110,57.749,0.5949,0.4017,0.0032,15.72,22.28,38.00,3.277,-3.277,-0.314,2.296
401547528,2023,REG,10,2023-11-12,Sunday,13:00,TEN,TB,6,20,Home,10,7,120,-142,2.5,-105,-115,39.5,-110,-110,0,outdoors,grass,85,6,00-0039152,00-0034855,Will Levis,Baker Mayfield,Mike Vrabel,Todd Bowles,TAM00,Raymond James Stadium,0.4470,0.5530,+130,-140,+2½+100,-2½-110,36.466,0.5463,0.4500,0.0036,18.13,21.37,39.50,1.62,-1.62,0.013,-4.776
401547531,2023,REG,10,2023-11-12,Sunday,13:00,CLE,BAL,33,31,Home,7,7,210,-258,6,-112,-108,38.5,-108,-112,1,outdoors,grass,49,4,00-0033537,00-0034796,Deshaun Watson,Lamar Jackson,Kevin Stefanski,John Harbaugh,BAL00,M&T Bank Stadium,0.2400,0.7600,+237,-260,+6-110,-6-110,66.886,0.6994,0.2981,0.0024,12.45,26.55,39.00,7.051,-7.051,9.874,0.545
401547532,2023,REG,10,2023-11-12,Sunday,13:00,SF,JAX,34,3,Home,14,14,-170,142,-3,-112,-108,44.5,-112,-108,0,outdoors,grass,59,11,00-0037834,00-0036971,Brock Purdy,Trevor Lawrence,Kyle Shanahan,Doug Pederson,JAX00,TIAA Bank Stadium,0.4940,0.5060,-160,+155,-3-110,+3+100,91.042,0.4345,0.5619,0.0034,24.40,20.10,44.50,-2.148,2.148,1.918,10.017
401547533,2023,REG,10,2023-11-12,Sunday,13:00,NO,MIN,19,27,Home,7,7,-155,130,-3,-105,-115,41,-112,-108,0,dome,sportturf,,,00-0031280,00-0033949,Derek Carr,Joshua Dobbs,Dennis Allen,Kevin O'Connell,MIN01,U.S. Bank Stadium,0.6030,0.3970,-150,+135,-3-105,+3-110,47.064,0.4989,0.4970,0.0039,20.22,20.28,40.50,0.031,-0.031,-2.843,2.136
401547529,2023,REG,10,2023-11-12,Sunday,16:05,ATL,ARI,23,25,Home,7,7,-130,110,-2,-110,-110,43.5,-108,-112,0,closed,grass,,,00-0031800,00-0035228,Taylor Heinicke,Kyler Murray,Arthur Smith,Jonathan Gannon,PHO00,State Farm Stadium,0.5630,0.4370,-130,+120,-2-110,+2½-110,25.825,0.4374,0.5590,0.0035,23.80,19.70,43.50,-2.05,2.05,-4.298,-2.45
401547530,2023,REG,10,2023-11-12,Sunday,16:05,DET,LAC,41,38,Home,13,6,-142,120,-2.5,-110,-110,48.5,-110,-110,0,dome,matrixturf,,,00-0033106,00-0036355,Jared Goff,Justin Herbert,Dan Campbell,Brandon Staley,LAX01,SoFi Stadium,0.4680,0.5320,-130,+120,-2-110,+2-110,71.129,0.5907,0.4060,0.0032,20.87,27.13,48.00,3.13,-3.13,1.744,3.614
401547534,2023,REG,10,2023-11-12,Sunday,16:25,NYG,DAL,17,49,Home,7,7,1100,-2100,17.5,-108,-112,38.5,-108,-112,1,closed,matrixturf,,,00-0038476,00-0033077,Tommy DeVito,Dak Prescott,Brian Daboll,Mike McCarthy,DAL00,AT&T Stadium,0.1030,0.8970,+1200,-2000,+18-110,-17½-110,49.99,0.8984,0.1007,0.0008,2.42,36.59,39.00,17.085,-17.085,8.399,-8.646
401547535,2023,REG,10,2023-11-12,Sunday,16:25,WAS,SEA,26,29,Home,7,7,220,-270,6,-110,-110,44,-112,-108,0,outdoors,fieldturf,52,4,00-0037077,00-0030565,Sam Howell,Geno Smith,Ron Rivera,Pete Carroll,SEA00,Lumen Field,0.2860,0.7140,+221,-250,+6-110,-6-110,43.135,0.6347,0.3623,0.0029,17.33,26.67,44.00,4.669,-4.669,0.856,-4.776
401547536,2023,REG,10,2023-11-12,Sunday,20:20,NYJ,LV,12,16,Home,6,7,-115,-105,-1,-108,-112,35.5,-112,-108,0,dome,grass,,,00-0037013,00-0038579,Zach Wilson,Aidan O'Connell,Robert Saleh,Antonio Pierce,VEG00,Allegiant Stadium,0.5340,0.4660,+100,-110,+1-110,+0-110,30.772,0.4406,0.5558,0.0035,19.69,15.81,35.50,-1.941,1.941,-2.605,-6.342
401547537,2023,REG,10,2023-11-13,Monday,20:15,DEN,BUF,24,22,Home,15,8,310,-395,7.5,-112,-108,47.5,-112,-108,0,outdoors,a_turf,49,10,00-0029263,00-0034857,Russell Wilson,Josh Allen,Sean Payton,Sean McDermott,BUF00,New Era Field,0.2360,0.7640,+320,-380,+7½-110,-7½-105,62.227,0.7868,0.2114,0.0017,13.05,34.45,47.50,10.699,-10.699,8.856,-1.579
401547538,2023,REG,11,2023-11-16,Thursday,20:15,CIN,BAL,20,34,Home,4,4,170,-205,4,-112,-108,46.5,-112,-108,1,outdoors,grass,56,1,00-0036442,00-0034796,Joe Burrow,Lamar Jackson,Zac Taylor,John Harbaugh,BAL00,M&T Bank Stadium,0.3190,0.6810,+180,-190,+4-110,-3½-110,78.454,0.6482,0.3489,0.0028,18.12,28.38,46.50,5.13,-5.13,9.874,3.43
401547539,2023,REG,11,2023-11-19,Sunday,13:00,PIT,CLE,10,13,Home,7,7,120,-142,2.5,-105,-115,34,-108,-112,1,outdoors,grass,48,11,00-0038102,00-0038583,Kenny Pickett,Dorian Thompson-Robinson,Mike Tomlin,Kevin Stefanski,CLE00,FirstEnergy Stadium,0.5180,0.4820,+120,-135,+2½-110,-2-110,45.171,0.5283,0.4679,0.0037,15.99,18.01,34.00,1.012,-1.012,-0.93,-0.314
401547540,2023,REG,11,2023-11-19,Sunday,13:00,ARI,HOU,16,21,Home,7,7,205,-250,5.5,-108,-112,48,-110,-110,0,closed,astroturf,,,00-0035228,00-0039163,Kyler Murray,C.J. Stroud,Jonathan Gannon,DeMeco Ryans,HOU00,NRG Stadium,0.2970,0.7030,+210,-235,+5½-110,-5½-110,35.961,0.6751,0.3222,0.0025,17.89,30.11,48.00,6.112,-6.112,-0.844,-4.298
401547541,2023,REG,11,2023-11-19,Sunday,13:00,TEN,JAX,14,34,Home,7,7,235,-290,6.5,-105,-115,40,-110,-110,1,outdoors,grass,75,3,00-0039152,00-0036971,Will Levis,Trevor Lawrence,Mike Vrabel,Doug Pederson,JAX00,TIAA Bank Stadium,0.2700,0.7300,+255,-290,+6½+100,-6½-110,44.061,0.6998,0.2977,0.0023,12.96,27.04,40.00,7.042,-7.042,1.918,-4.776
401547542,2023,REG,11,2023-11-19,Sunday,13:00,LV,MIA,13,20,Home,7,14,700,-1100,14,-110,-110,44.5,-110,-110,0,outdoors,grass,82,7,00-0038579,00-0036212,Aidan O'Connell,Tua Tagovailoa,Antonio Pierce,Mike McDaniel,MIA00,Hard Rock Stadium,0.2100,0.7900,+660,-900,+14-110,-13½-110,51.404,0.9049,0.0942,0.0007,4.73,39.77,44.50,17.523,-17.523,5.625,-2.605
401547545,2023,REG,11,2023-11-19,Sunday,13:00,DAL,CAR,33,10,Home,7,10,-650,470,-11,-110,-110,43,-108,-112,0,outdoors,grass,65,2,00-0033077,00-0039150,Dak Prescott,Bryce Young,Mike McCarthy,Frank Reich,CAR00,Bank of America Stadium,0.8370,0.1630,-575,+475,-11-110,+11-110,48.694,0.1555,0.8432,0.0012,35.24,8.26,43.50,-13.49,13.49,-8.905,8.399
401547546,2023,REG,11,2023-11-19,Sunday,13:00,CHI,DET,26,31,Home,10,7,340,-440,8,-110,-110,48,-110,-110,1,dome,fieldturf,,,00-0036945,00-0033106,Justin Fields,Jared Goff,Matt Eberflus,Dan Campbell,DET00,Ford Field,0.1430,0.8570,+353,-380,+8½-110,-8-110,55.937,0.6882,0.3092,0.0024,17.40,30.60,48.00,6.6,-6.6,3.614,-1.581
401547547,2023,REG,11,2023-11-19,Sunday,13:00,LAC,GB,20,23,Home,7,7,-162,136,-3,-110,-110,44,-108,-112,0,outdoors,grass,45,5,00-0036355,00-0036264,Justin Herbert,Jordan Love,Brandon Staley,Matt LaFleur,GNB00,Lambeau Field,0.5560,0.4440,-155,+150,-3-105,+3-105,63.043,0.3270,0.6703,0.0026,27.93,16.07,44.00,-5.934,5.934,2.296,1.744
401547548,2023,REG,11,2023-11-19,Sunday,13:00,NYG,WAS,31,19,Home,7,7,310,-395,7.5,-110,-110,39,-110,-110,1,outdoors,grass,56,7,00-0038476,00-0037077,Tommy DeVito,Sam Howell,Brian Daboll,Ron Rivera,WAS00,FedExField,0.2650,0.7350,+330,-365,+8-110,-7½-110,8.915,0.7102,0.2874,0.0023,12.06,26.94,39.00,7.441,-7.441,-6.722,-8.646
401547549,2023,REG,11,2023-11-19,Sunday,16:05,TB,SF,14,27,Home,7,7,625,-950,13.5,-110,-110,41.5,-108,-112,0,outdoors,grass,65,10,00-0034855,00-0037834,Baker Mayfield,Brock Purdy,Todd Bowles,Kyle Shanahan,SFO01,Levi's Stadium,0.1720,0.8280,+625,-800,+14-110,-13½-110,60.372,0.8117,0.1868,0.0015,8.91,32.59,41.50,11.841,-11.841,10.017,0.013
401547543,2023,REG,11,2023-11-19,Sunday,16:25,NYJ,BUF,6,32,Home,7,6,310,-395,8,-108,-112,39.5,-112,-108,1,outdoors,a_turf,40,9,00-0037013,00-0034857,Zach Wilson,Josh Allen,Robert Saleh,Sean McDermott,BUF00,New Era Field,0.2840,0.7160,+335,-370,+8½-110,-8½-110,50.8,0.7958,0.2025,0.0016,8.43,30.58,39.00,11.075,-11.075,8.856,-6.342
401547544,2023,REG,11,2023-11-19,Sunday,16:25,SEA,LA,16,17,Home,7,14,114,-135,2.5,-110,-110,45,-108,-112,1,dome,matrixturf,,,00-0030565,00-0026498,Geno Smith,Matthew Stafford,Pete Carroll,Sean McVay,LAX01,SoFi Stadium,0.5320,0.4680,+117,-130,+2-110,-2-110,58.086,0.5514,0.4449,0.0035,21.21,24.79,46.00,1.788,-1.788,2.396,0.856
401547550,2023,REG,11,2023-11-19,Sunday,20:20,MIN,DEN,20,21,Home,7,6,120,-142,2.5,-102,-118,43.5,-115,-105,0,outdoors,grass,53,3,00-0033949,00-0029263,Joshua Dobbs,Russell Wilson,Kevin O'Connell,Sean Payton,DEN00,Empower Field at Mile High,0.3820,0.6180,+135,-145,+2½+100,-2½-110,34.685,0.4220,0.5746,0.0033,24.07,18.93,43.00,-2.569,2.569,-1.579,-2.843
401547345,2023,REG,11,2023-11-20,Monday,20:15,PHI,KC,21,17,Home,15,15,124,-148,2.5,100,-120,46,-108,-112,0,outdoors,grass,45,12,00-0036389,00-0033873,Jalen Hurts,Patrick Mahomes,Nick Sirianni,Andy Reid,KAN00,GEHA Field at Arrowhead Stadium,0.3870,0.6130,+130,-140,+2½+100,-2½-110,70.579,0.6062,0.3906,0.0031,19.35,26.65,46.00,3.652,-3.652,7.609,1.996
401547552,2023,REG,12,2023-11-23,Thursday,12:30,GB,DET,29,22,Home,4,4,330,-425,8.5,-105,-115,47,-108,-112,1,dome,fieldturf,,,00-0036264,00-0033106,Jordan Love,Jared Goff,Matt LaFleur,Dan Campbell,DET00,Ford Field,0.2390,0.7610,+350,-405,+9-110,-8½-110,69.947,0.6397,0.3573,0.0028,18.69,28.31,47.00,4.814,-4.814,3.614,2.296
401547551,2023,REG,12,2023-11-23,Thursday,16:30,WAS,DAL,10,45,Home,4,4,550,-800,13,-110,-110,48,-112,-110,1,closed,matrixturf,,,00-0037077,00-0033077,Sam Howell,Dak Prescott,Ron Rivera,Mike McCarthy,DAL00,AT&T Stadium,0.1390,0.8610,+550,-670,+13-110,-13-110,50.26,0.8514,0.1474,0.0011,10.09,37.91,48.00,13.907,-13.907,8.399,-6.722
401547553,2023,REG,12,2023-11-23,Thursday,20:20,SF,SEA,31,13,Home,4,4,-355,280,-7,-112,-108,43.5,-115,-105,1,outdoors,fieldturf,39,4,00-0037834,00-0030565,Brock Purdy,Geno Smith,Kyle Shanahan,Pete Carroll,SEA00,Lumen Field,0.6720,0.3280,-305,+280,-7-110,+7½-119,86.849,0.2651,0.7327,0.0021,29.81,13.19,43.00,-8.31,8.31,0.856,10.017
401547242,2023,REG,12,2023-11-24,Friday,15:00,MIA,NYJ,34,13,Home,5,5,-500,380,-9.5,-120,100,40,-110,-110,1,outdoors,fieldturf,48,11,00-0036212,00-0034177,Tua Tagovailoa,Tim Boyle,Mike McDaniel,Robert Saleh,NYC01,MetLife Stadium,0.6310,0.3690,-400,+375,-9-110,+9½-110,47.428,0.1893,0.8091,0.0015,31.68,8.32,40.00,-11.678,11.678,-6.342,5.625
401547554,2023,REG,12,2023-11-26,Sunday,13:00,PIT,CIN,16,10,Home,7,10,-135,114,-2,-112,-108,36,-108,-112,1,outdoors,fieldturf,48,9,00-0038102,00-0035100,Kenny Pickett,Jake Browning,Mike Tomlin,Zac Taylor,CIN00,Paycor Stadium,0.5220,0.4780,-130,+118,-2-110,+2½-110,48.716,0.4813,0.5148,0.0038,18.56,17.44,36.00,-0.559,0.559,-0.051,-0.314
401547555,2023,REG,12,2023-11-26,Sunday,13:00,JAX,HOU,24,21,Home,7,7,-115,-105,-1,-110,-110,48,-108,-112,1,closed,astroturf,,,00-0036971,00-0039163,Trevor Lawrence,C.J. Stroud,Doug Pederson,DeMeco Ryans,HOU00,NRG Stadium,0.5620,0.4380,-114,+105,-1-110,+1½-110,54.326,0.4254,0.5711,0.0034,26.44,21.56,48.00,-2.444,2.444,-0.844,1.918
401547556,2023,REG,12,2023-11-26,Sunday,13:00,TB,IND,20,27,Home,7,14,130,-155,2.5,-105,-115,45,-112,-108,0,closed,fieldturf,,,00-0034855,00-0035289,Baker Mayfield,Gardner Minshew,Todd Bowles,Shane Steichen,IND00,Lucas Oil Stadium,0.4180,0.5820,+140,-145,+2½+100,-2½-110,42.881,0.5466,0.4497,0.0036,20.63,23.87,44.50,1.62,-1.62,-2.092,0.013
401547559,2023,REG,12,2023-11-26,Sunday,13:00,NO,ATL,15,24,Home,14,14,-130,110,-2,-110,-110,42,-110,-110,1,closed,fieldturf,,,00-0031280,00-0038122,Derek Carr,Desmond Ridder,Dennis Allen,Arthur Smith,ATL97,Mercedes-Benz Stadium,0.5240,0.4760,-130,+115,-2-110,+2-110,44.373,0.4262,0.5703,0.0034,23.42,18.58,42.00,-2.418,2.418,-3.489,2.136
401547560,2023,REG,12,2023-11-26,Sunday,13:00,NE,NYG,7,10,Home,14,7,-218,180,-4.5,-108,-112,36.5,-105,-115,0,outdoors,fieldturf,43,6,00-0036972,00-0038476,Mac Jones,Tommy DeVito,Bill Belichick,Brian Daboll,NYC01,MetLife Stadium,0.5880,0.4120,-210,+200,-4½-110,+4½-110,11.192,0.2681,0.7297,0.0021,26.19,9.81,36.00,-8.188,8.188,-8.646,-3.146
401547561,2023,REG,12,2023-11-26,Sunday,13:00,CAR,TEN,10,17,Home,7,7,145,-175,3.5,-112,-105,36,-112,-108,0,outdoors,grass,51,13,00-0039150,00-0039152,Bryce Young,Will Levis,Frank Reich,Mike Vrabel,NAS00,Nissan Stadium,0.2640,0.7360,+160,-170,+3½-110,-3½+100,15.966,0.6130,0.3839,0.0030,14.13,21.88,36.00,3.875,-3.875,-4.776,-8.905
401547562,2023,REG,12,2023-11-26,Sunday,16:05,LA,ARI,37,14,Home,7,7,-148,124,-3,-105,-115,45,-112,-108,1,closed,grass,,,00-0026498,00-0035228,Matthew Stafford,Kyler Murray,Sean McVay,Jonathan Gannon,PHO00,State Farm Stadium,0.5060,0.4940,-152,+140,-3-105,+3-110,46.861,0.3359,0.6613,0.0027,28.09,16.91,45.00,-5.587,5.587,-4.298,3.524
401547563,2023,REG,12,2023-11-26,Sunday,16:05,CLE,DEN,12,29,Home,7,7,105,-125,1.5,-110,-110,37.5,-110,-110,0,outdoors,grass,40,5,00-0038583,00-0029263,Dorian Thompson-Robinson,Russell Wilson,Kevin Stefanski,Sean Payton,DEN00,Empower Field at Mile High,0.4350,0.5650,+115,-128,+2-110,-2-110,40.783,0.4693,0.5268,0.0037,19.71,17.79,37.50,-0.96,0.96,-1.579,-0.93
401547557,2023,REG,12,2023-11-26,Sunday,16:25,KC,LV,31,17,Home,6,7,-500,380,-9,-110,-110,42.5,-112,-108,1,dome,grass,,,00-0033873,00-0038579,Patrick Mahomes,Aidan O'Connell,Andy Reid,Antonio Pierce,VEG00,Allegiant Stadium,0.7530,0.2470,-440,+380,-8½-110,+9½-110,69.208,0.1513,0.8474,0.0012,35.18,7.82,43.00,-13.68,13.68,-2.605,7.609
401547558,2023,REG,12,2023-11-26,Sunday,16:25,BUF,PHI,34,37,Home,7,6,124,-148,2.5,-105,-115,49,-108,-112,0,outdoors,grass,47,6,00-0034857,00-0036389,Josh Allen,Jalen Hurts,Sean McDermott,Nick Sirianni,PHI00,Lincoln Financial Field,0.3670,0.6330,+135,-142,+3-110,-2½-120,87.854,0.4558,0.5405,0.0036,25.67,22.83,48.50,-1.416,1.416,1.996,8.856
401547564,2023,REG,12,2023-11-26,Sunday,20:20,BAL,LAC,20,10,Home,10,7,-170,142,-3,-115,-105,49,-110,-110,0,dome,matrixturf,,,00-0034796,00-0036355,Lamar Jackson,Justin Herbert,John Harbaugh,Brandon Staley,LAX01,SoFi Stadium,0.6420,0.3580,-165,+150,-3-110,+3-101,89.944,0.4403,0.5561,0.0035,26.44,22.56,49.00,-1.938,1.938,1.744,9.874
401547565,2023,REG,12,2023-11-27,Monday,20:15,CHI,MIN,12,10,Home,8,8,140,-166,3,-105,-115,43.5,-110,-110,1,dome,sportturf,,,00-0036945,00-0033949,Justin Fields,Joshua Dobbs,Matt Eberflus,Kevin O'Connell,MIN01,U.S. Bank Stadium,0.3480,0.6520,+141,-155,+3-105,-3-105,32.975,0.6191,0.3777,0.0030,17.66,25.84,43.50,4.09,-4.09,-2.843,-1.581
401547566,2023,REG,13,2023-11-30,Thursday,20:15,SEA,DAL,35,41,Home,7,7,380,-500,9.5,-102,-118,47.5,-110,-110,0,closed,matrixturf,,,00-0030565,00-0033077,Geno Smith,Dak Prescott,Pete Carroll,Mike McCarthy,DAL00,AT&T Stadium,0.2170,0.7830,+400,-470,+9½-105,-9½-110,64.734,0.7947,0.2036,0.0016,12.79,34.71,47.50,10.961,-10.961,8.399,0.856
401547567,2023,REG,13,2023-12-03,Sunday,13:00,LAC,NE,6,0,Home,7,7,-225,185,-4.5,-110,-110,38.5,-108,-112,0,outdoors,fieldturf,44,8,00-0036355,00-0038108,Justin Herbert,Bailey Zappe,Brandon Staley,Bill Belichick,BOS00,Gillette Stadium,0.6510,0.3490,-210,+195,-4-110,+4½-110,37.197,0.3234,0.6739,0.0026,25.28,13.22,38.50,-6.033,6.033,-4.874,1.744
401547568,2023,REG,13,2023-12-03,Sunday,13:00,ARI,PIT,24,10,Home,7,7,230,-285,6,-105,-115,41,-112,-108,0,outdoors,grass,56,12,00-0035228,00-0038102,Kyler Murray,Kenny Pickett,Jonathan Gannon,Mike Tomlin,PIT00,Acrisure Stadium,0.2160,0.7840,+240,-270,+6½-110,-6-110,39.171,0.7171,0.2805,0.0022,12.83,28.17,41.00,7.67,-7.67,-0.314,-4.298
401547570,2023,REG,13,2023-12-03,Sunday,13:00,IND,TEN,31,28,Home,7,7,-122,102,-1.5,-110,-110,42,-108,-112,1,outdoors,grass,53,13,00-0035289,00-0039152,Gardner Minshew,Will Levis,Shane Steichen,Mike Vrabel,NAS00,Nissan Stadium,0.5060,0.4940,-120,+110,-1-110,+2-110,23.631,0.4231,0.5734,0.0034,23.52,18.49,42.00,-2.515,2.515,-4.776,-2.092
401547571,2023,REG,13,2023-12-03,Sunday,13:00,DEN,HOU,17,22,Home,7,7,142,-170,3.5,-122,102,47.5,-110,-110,0,closed,astroturf,,,00-0029263,00-0039163,Russell Wilson,C.J. Stroud,Sean Payton,DeMeco Ryans,HOU00,NRG Stadium,0.4270,0.5730,+160,-165,+3+100,-3-110,41.613,0.5445,0.4518,0.0036,21.95,25.05,47.00,1.546,-1.546,-0.844,-1.579
401547572,2023,REG,13,2023-12-03,Sunday,13:00,DET,NO,33,28,Home,10,7,-198,164,-4,-110,-110,47.5,-108,-112,0,dome,sportturf,,,00-0033106,00-0031280,Jared Goff,Derek Carr,Dan Campbell,Dennis Allen,NOR00,Mercedes-Benz Superdome,0.6220,0.3780,-185,+175,-4-110,+4-110,72.146,0.4341,0.5623,0.0034,26.14,21.86,48.00,-2.142,2.142,2.136,3.614
401547573,2023,REG,13,2023-12-03,Sunday,13:00,ATL,NYJ,13,8,Home,7,9,-125,105,-2,-108,-112,33,-110,-110,0,outdoors,fieldturf,50,8,00-0038122,00-0034177,Desmond Ridder,Tim Boyle,Arthur Smith,Robert Saleh,NYC01,MetLife Stadium,0.5150,0.4850,-130,+115,-2-110,+2-110,15.685,0.4281,0.5684,0.0034,18.85,14.16,33.00,-2.345,2.345,-6.342,-3.489
401547574,2023,REG,13,2023-12-03,Sunday,13:00,MIA,WAS,45,15,Home,9,10,-455,350,-8.5,-112,-108,50,-110,-110,0,outdoors,grass,53,2,00-0036212,00-0037077,Tua Tagovailoa,Sam Howell,Mike McDaniel,Ron Rivera,WAS00,FedExField,0.7660,0.2340,-380,+350,-8-110,+9-110,46.091,0.1948,0.8035,0.0015,36.13,13.37,49.50,-11.379,11.379,-6.722,5.625
401547569,2023,REG,13,2023-12-03,Sunday,16:05,CAR,TB,18,21,Home,7,7,164,-198,4,-110,-110,37,-110,-110,1,outdoors,grass,81,8,00-0039150,00-0034855,Bryce Young,Baker Mayfield,Chris Tabor,Todd Bowles,TAM00,Raymond James Stadium,0.2570,0.7430,+180,-190,+3½-105,-3½-110,35.743,0.7123,0.2854,0.0022,11.02,25.98,37.00,7.48,-7.48,0.013,-8.905
401547276,2023,REG,13,2023-12-03,Sunday,16:25,SF,PHI,42,19,Home,10,7,-148,124,-3,-105,-115,46.5,-108,-112,0,outdoors,grass,52,44,00-0037834,00-0036389,Brock Purdy,Jalen Hurts,Kyle Shanahan,Nick Sirianni,PHI00,Lincoln Financial Field,0.5370,0.4630,-150,+146,-3-110,+3-110,90.911,0.4417,0.5546,0.0035,25.13,21.37,46.50,-1.884,1.884,1.996,10.017
401547575,2023,REG,13,2023-12-03,Sunday,16:25,CLE,LA,19,36,Home,7,7,160,-192,3.5,-110,-110,39.5,-110,-110,0,dome,matrixturf,,,00-0026158,00-0026498,Joe Flacco,Matthew Stafford,Kevin Stefanski,Sean McVay,LAX01,SoFi Stadium,0.3390,0.6610,+170,-180,+3½-110,-3½-110,55.632,0.5936,0.4031,0.0032,16.55,22.95,39.50,3.201,-3.201,3.524,-0.93
401547576,2023,REG,13,2023-12-03,Sunday,20:20,KC,GB,19,27,Home,7,10,-265,215,-5.5,-118,-102,43.5,-105,-115,0,outdoors,grass,31,9,00-0033873,00-0036264,Patrick Mahomes,Jordan Love,Andy Reid,Matt LaFleur,GNB00,Lambeau Field,0.6930,0.3070,-250,+220,-5½-110,+6-110,85.979,0.2814,0.7163,0.0022,29.64,14.36,44.00,-7.637,7.637,2.296,7.609
401547577,2023,REG,13,2023-12-04,Monday,20:15,CIN,JAX,34,31,Home,8,8,410,-550,10,-105,-115,41,-105,-115,0,outdoors,grass,61,4,00-0035100,00-0036971,Jake Browning,Trevor Lawrence,Zac Taylor,Doug Pederson,JAX00,TIAA Bank Stadium,0.2380,0.7620,+450,-525,+10-110,-10-110,56.136,0.6636,0.3337,0.0026,14.84,26.16,41.00,5.656,-5.656,1.918,-0.051
401547578,2023,REG,14,2023-12-07,Thursday,20:15,NE,PIT,21,18,Home,4,4,220,-270,6,-118,-102,30,-105,-115,0,outdoors,grass,42,5,00-0038108,00-0033869,Bailey Zappe,Mitchell Trubisky,Bill Belichick,Mike Tomlin,PIT00,Acrisure Stadium,0.2690,0.7310,+230,-260,+5½-110,-5-110,28.156,0.6475,0.3496,0.0028,10.18,20.32,30.50,5.066,-5.066,-1.992,-6.602
401547579,2023,REG,14,2023-12-10,Sunday,13:00,TB,ATL,29,25,Home,7,7,105,-125,1.5,-108,-112,41.5,-110,-110,1,closed,fieldturf,,,00-0034855,00-0038122,Baker Mayfield,Desmond Ridder,Todd Bowles,Arthur Smith,ATL97,Mercedes-Benz Stadium,0.4080,0.5920,+110,-124,+2-110,-1½-110,35.887,0.4849,0.5111,0.0039,21.18,20.32,41.50,-0.434,0.434,-3.489,0.013
401547580,2023,REG,14,2023-12-10,Sunday,13:00,IND,CIN,14,34,Home,7,6,124,-148,3,-118,-102,45,-110,-110,0,outdoors,fieldturf,40,9,00-0035289,00-0035100,Gardner Minshew,Jake Browning,Shane Steichen,Zac Taylor,CIN00,Paycor Stadium,0.5130,0.4870,+145,-150,+3-110,-3+100,42.45,0.5335,0.4627,0.0037,21.32,23.68,45.00,1.177,-1.177,-0.051,-2.092
401547581,2023,REG,14,2023-12-10,Sunday,13:00,JAX,CLE,27,31,Home,6,7,120,-142,2.5,-108,-112,37.5,-110,-110,0,outdoors,grass,39,11,00-0036971,00-0026158,Trevor Lawrence,Joe Flacco,Doug Pederson,Kevin Stefanski,CLE00,FirstEnergy Stadium,0.5680,0.4320,+125,-135,+2½-105,-2-110,53.944,0.4335,0.5629,0.0034,20.91,16.59,37.50,-2.158,2.158,-0.93,1.918
401547582,2023,REG,14,2023-12-10,Sunday,13:00,HOU,NYJ,6,30,Home,7,7,-175,145,-3.5,-108,-112,33.5,-110,-110,0,outdoors,fieldturf,58,7,00-0039163,00-0037013,C.J. Stroud,Zach Wilson,DeMeco Ryans,Robert Saleh,NYC01,MetLife Stadium,0.6210,0.3790,-165,+155,-3-110,+3+100,22.092,0.4174,0.5792,0.0033,19.46,14.04,33.50,-2.706,2.706,-6.342,-0.844
401547585,2023,REG,14,2023-12-10,Sunday,13:00,LA,BAL,31,37,Home,7,14,285,-360,7.5,-115,-105,42,-110,-110,0,outdoors,grass,57,5,00-0026498,00-0034796,Matthew Stafford,Lamar Jackson,Sean McVay,John Harbaugh,BAL00,M&T Bank Stadium,0.2330,0.7670,+300,-350,+7½-110,-7½-105,67.897,0.7419,0.2559,0.0020,12.36,29.65,42.00,8.645,-8.645,9.874,3.524
401547586,2023,REG,14,2023-12-10,Sunday,13:00,DET,CHI,13,28,Home,7,13,-170,142,-3,-120,100,44.5,-110,-110,1,outdoors,grass,36,12,00-0033106,00-0036945,Jared Goff,Justin Fields,Dan Campbell,Matt Eberflus,CHI98,Soldier Field,0.7140,0.2860,-160,+150,-3-110,+3-100,58.275,0.3789,0.6180,0.0030,26.28,18.22,44.50,-4.032,4.032,-1.581,3.614
401547587,2023,REG,14,2023-12-10,Sunday,13:00,CAR,NO,6,28,Home,7,7,200,-245,5.5,-110,-110,39,-110,-110,1,dome,sportturf,,,00-0039150,00-0031280,Bryce Young,Derek Carr,Chris Tabor,Dennis Allen,NOR00,Mercedes-Benz Superdome,0.2230,0.7770,+216,-250,+5½-110,-5½-110,43.002,0.7414,0.2564,0.0020,10.88,28.13,39.00,8.625,-8.625,2.136,-8.905
401547588,2023,REG,14,2023-12-10,Sunday,16:05,MIN,LV,3,0,Home,13,14,-155,130,-3,-108,-112,40.5,-108,-112,0,dome,grass,,,00-0033949,00-0038579,Joshua Dobbs,Aidan O'Connell,Kevin O'Connell,Antonio Pierce,VEG00,Allegiant Stadium,0.5490,0.4510,-150,+135,-3+100,+3-110,32.19,0.3655,0.6315,0.0029,24.75,15.75,40.50,-4.501,4.501,-2.605,-2.843
401547589,2023,REG,14,2023-12-10,Sunday,16:05,SEA,SF,16,28,Home,10,7,650,-1000,14.5,-110,-110,44.5,-110,-110,1,outdoors,grass,63,5,00-0035704,00-0037834,Drew Lock,Brock Purdy,Pete Carroll,Kyle Shanahan,SFO01,Levi's Stadium,0.1640,0.8360,+700,-950,+15-110,-14½-110,63.337,0.8124,0.1860,0.0014,10.46,34.04,44.50,11.787,-11.787,10.017,-0.767
401547583,2023,REG,14,2023-12-10,Sunday,16:25,BUF,KC,20,17,Home,14,7,105,-125,2,-110,-110,49.5,-110,-110,0,outdoors,grass,45,5,00-0034857,00-0033873,Josh Allen,Patrick Mahomes,Sean McDermott,Andy Reid,KAN00,GEHA Field at Arrowhead Stadium,0.3670,0.6330,+110,-122,+2-110,-1½-110,97.452,0.4502,0.5461,0.0036,26.10,22.90,49.00,-1.596,1.596,7.609,8.856
401547584,2023,REG,14,2023-12-10,Sunday,16:25,DEN,LAC,24,7,Home,7,7,136,-162,3,-112,-108,45,-110,-110,1,dome,matrixturf,,,00-0029263,00-0036355,Russell Wilson,Justin Herbert,Sean Payton,Brandon Staley,LAX01,SoFi Stadium,0.3550,0.6450,+150,-160,+3+105,-3-110,50.479,0.6861,0.3113,0.0025,16.28,29.22,45.50,6.472,-6.472,1.744,-1.579
401547590,2023,REG,14,2023-12-10,Sunday,20:20,PHI,DAL,13,33,Home,7,10,145,-175,3.5,-118,-102,52.5,-110,-110,1,closed,matrixturf,,,00-0036389,00-0033077,Jalen Hurts,Dak Prescott,Nick Sirianni,Mike McCarthy,DAL00,AT&T Stadium,0.2900,0.7100,+165,-172,+3½-110,-3½-110,67.765,0.6523,0.3448,0.0027,21.01,31.49,52.50,5.238,-5.238,8.399,1.996
401547591,2023,REG,14,2023-12-11,Monday,20:15,GB,NYG,22,24,Home,8,15,-265,215,-6,-112,-108,37.5,-110,-110,0,outdoors,fieldturf,39,14,00-0036264,00-0038476,Jordan Love,Tommy DeVito,Matt LaFleur,Brian Daboll,NYC01,MetLife Stadium,0.6460,0.3540,-240,+213,-5½-110,+6-110,25.335,0.2735,0.7242,0.0022,26.43,10.57,37.00,-7.932,7.932,-8.646,2.296
401547592,2023,REG,14,2023-12-11,Monday,20:15,TEN,MIA,28,27,Home,8,8,625,-950,14,-110,-110,45,-110,-112,0,outdoors,grass,64,9,00-0039152,00-0036212,Will Levis,Tua Tagovailoa,Mike Vrabel,Mike McDaniel,MIA00,Hard Rock Stadium,0.1690,0.8310,+600,-775,+14-110,-13½-110,50.815,0.8565,0.1423,0.0011,8.11,36.39,44.50,14.139,-14.139,5.625,-4.776
401547593,2023,REG,15,2023-12-14,Thursday,20:15,LAC,LV,21,63,Home,4,4,136,-162,3,-110,-110,36,-110,-110,1,dome,grass,,,00-0035282,00-0038579,Easton Stick,Aidan O'Connell,Brandon Staley,Antonio Pierce,VEG00,Allegiant Stadium,0.4630,0.5370,+145,-155,+3-105,-3-105,28.291,0.4258,0.5707,0.0034,20.42,15.58,36.00,-2.416,2.416,-2.605,-3.815
401547604,2023,REG,15,2023-12-16,Saturday,13:00,MIN,CIN,24,27,Home,6,6,145,-175,3,-105,-115,41.5,-110,-110,0,outdoors,fieldturf,53,5,00-0033319,00-0035100,Nick Mullens,Jake Browning,Kevin O'Connell,Zac Taylor,CIN00,Paycor Stadium,0.4890,0.5110,+155,-165,+3-105,-3-110,41.11,0.5656,0.4308,0.0034,18.51,23.00,41.50,2.245,-2.245,-0.051,-2.843
401547607,2023,REG,15,2023-12-16,Saturday,16:30,PIT,IND,13,30,Home,9,6,102,-122,1.5,-110,-110,41.5,-110,-110,0,closed,fieldturf,,,00-0033869,00-0035289,Mitchell Trubisky,Gardner Minshew,Mike Tomlin,Shane Steichen,IND00,Lucas Oil Stadium,0.4670,0.5330,+102,-115,+1-110,-1-110,34.268,0.4356,0.5608,0.0035,22.83,18.67,41.50,-2.083,2.083,-2.092,-1.992
401547606,2023,REG,15,2023-12-16,Saturday,20:15,DEN,DET,17,42,Home,6,6,210,-258,5.5,-108,-112,49,-108,-112,0,dome,fieldturf,,,00-0029263,00-0033106,Russell Wilson,Jared Goff,Sean Payton,Dan Campbell,DET00,Ford Field,0.3420,0.6580,+210,-230,+5½-110,-5-110,54.598,0.5928,0.4038,0.0032,21.34,27.66,49.00,3.163,-3.163,3.614,-1.579
401547594,2023,REG,15,2023-12-17,Sunday,13:00,NYJ,MIA,0,30,Home,7,6,275,-345,7.5,-115,-105,36,-110,-110,1,outdoors,grass,76,15,00-0037013,00-0036212,Zach Wilson,Tua Tagovailoa,Robert Saleh,Mike McDaniel,MIA00,Hard Rock Stadium,0.1600,0.8400,+309,-340,+7+100,-7-110,49.525,0.8031,0.1952,0.0015,6.68,29.32,36.00,11.319,-11.319,5.625,-6.342
401547595,2023,REG,15,2023-12-17,Sunday,13:00,HOU,TEN,19,16,Home,7,6,142,-170,3,100,-120,38,-108,-112,1,outdoors,grass,48,9,00-0028986,00-0039152,Case Keenum,Will Levis,DeMeco Ryans,Mike Vrabel,NAS00,Nissan Stadium,0.5150,0.4850,+150,-157,+3+100,-3-110,20.966,0.4773,0.5187,0.0038,19.69,18.31,38.00,-0.687,0.687,-4.776,-3.104
401547598,2023,REG,15,2023-12-17,Sunday,13:00,TB,GB,34,20,Home,7,6,180,-218,4,-110,-110,41.5,-110,-110,0,outdoors,grass,42,8,00-0034855,00-0036264,Baker Mayfield,Jordan Love,Todd Bowles,Matt LaFleur,GNB00,Lambeau Field,0.3800,0.6200,+175,-190,+4-110,-3½-110,57.344,0.5615,0.4349,0.0034,18.39,22.61,41.00,2.106,-2.106,2.296,0.013
401547599,2023,REG,15,2023-12-17,Sunday,13:00,NYG,NO,6,24,Home,6,7,205,-250,6,-108,-112,39.5,-110,-110,0,dome,sportturf,,,00-0038476,00-0031280,Tommy DeVito,Derek Carr,Brian Daboll,Dennis Allen,NOR00,Mercedes-Benz Superdome,0.2500,0.7500,+232,-255,+6-105,-6-110,44.455,0.7947,0.2035,0.0016,8.83,30.68,39.50,10.925,-10.925,2.136,-8.646
401547603,2023,REG,15,2023-12-17,Sunday,13:00,ATL,CAR,7,9,Home,7,7,-155,130,-3,-102,-118,32,-110,-110,1,outdoors,grass,47,11,00-0038122,00-0039150,Desmond Ridder,Bryce Young,Arthur Smith,Chris Tabor,CAR00,Bank of America Stadium,0.6240,0.3760,-140,+130,-2½-110,+2½+100,8.024,0.3331,0.6641,0.0026,21.90,10.60,32.50,-5.654,5.654,-8.905,-3.489
401547605,2023,REG,15,2023-12-17,Sunday,13:00,CHI,CLE,17,20,Home,7,7,124,-148,3,-120,100,38,-110,-110,0,outdoors,grass,45,15,00-0036945,00-0026158,Justin Fields,Joe Flacco,Matt Eberflus,Kevin Stefanski,CLE00,FirstEnergy Stadium,0.2950,0.7050,+130,-135,+2½+100,-2½-110,40.908,0.5699,0.4266,0.0034,16.61,21.39,38.00,2.39,-2.39,-0.93,-1.581
401547608,2023,REG,15,2023-12-17,Sunday,13:00,KC,NE,27,17,Home,7,10,-485,370,-10,-112,-108,39.5,-110,-110,0,outdoors,fieldturf,53,7,00-0033873,00-0038108,Patrick Mahomes,Bailey Zappe,Andy Reid,Bill Belichick,BOS00,Gillette Stadium,0.7380,0.2620,-475,+425,-10-110,+10½-115,53.461,0.2164,0.7818,0.0017,30.08,9.42,39.50,-10.334,10.334,-6.602,7.609
401547596,2023,REG,15,2023-12-17,Sunday,16:05,SF,ARI,45,29,Home,7,14,-750,525,-12.5,-110,-110,48,-110,-110,1,open,grass,,,00-0037834,00-0035228,Brock Purdy,Kyler Murray,Kyle Shanahan,Jonathan Gannon,PHO00,State Farm Stadium,0.8160,0.1840,-700,+550,-11½-110,+12½-110,69.927,0.1478,0.8509,0.0011,37.80,10.21,48.00,-13.795,13.795,-4.298,10.017
401547597,2023,REG,15,2023-12-17,Sunday,16:05,WAS,LA,20,28,Home,14,7,240,-298,6.5,-108,-112,48.5,-110,-110,0,dome,matrixturf,,,00-0037077,00-0026498,Sam Howell,Matthew Stafford,Ron Rivera,Sean McVay,LAX01,SoFi Stadium,0.2750,0.7250,+260,-290,+7-110,-6½-110,45.75,0.7547,0.2433,0.0019,15.09,33.41,48.50,9.161,-9.161,3.524,-6.722
401547600,2023,REG,15,2023-12-17,Sunday,16:25,DAL,BUF,10,31,Home,7,7,114,-135,2,-108,-112,49.5,-110,-110,0,outdoors,a_turf,48,9,00-0033077,00-0034857,Dak Prescott,Josh Allen,Mike McCarthy,Sean McDermott,BUF00,New Era Field,0.5320,0.4680,+122,-135,+2½-110,-2-110,93.968,0.4963,0.4996,0.0039,24.55,24.45,49.00,-0.054,0.054,8.856,8.399
401547602,2023,REG,15,2023-12-17,Sunday,20:20,BAL,JAX,23,7,Home,7,7,-225,185,-4,-110,-110,42.5,-108,-112,0,outdoors,grass,58,13,00-0034796,00-0036971,Lamar Jackson,Trevor Lawrence,John Harbaugh,Doug Pederson,JAX00,TIAA Bank Stadium,0.6880,0.3120,-200,+184,-4-110,+4-110,89.913,0.3615,0.6355,0.0029,25.88,16.62,42.50,-4.634,4.634,1.918,9.874
401547601,2023,REG,15,2023-12-18,Monday,20:15,PHI,SEA,17,20,Home,8,8,-238,195,-5,-120,100,46,-112,-108,0,outdoors,fieldturf,46,2,00-0036389,00-0035704,Jalen Hurts,Drew Lock,Nick Sirianni,Pete Carroll,SEA00,Lumen Field,0.6110,0.3890,-240,+210,-5-110,+5½-110,59.852,0.4189,0.5776,0.0033,25.65,20.35,46.00,-2.648,2.648,0.856,1.996
401547609,2023,REG,16,2023-12-21,Thursday,20:15,NO,LA,22,30,Home,4,4,180,-218,4,100,-120,45.5,-112,-108,0,dome,matrixturf,,,00-0031280,00-0026498,Derek Carr,Matthew Stafford,Dennis Allen,Sean McVay,LAX01,SoFi Stadium,0.3900,0.6100,+190,-210,+4-110,-4-110,67.194,0.6015,0.3952,0.0031,19.30,26.20,45.50,3.454,-3.454,3.524,2.136
401547610,2023,REG,16,2023-12-23,Saturday,16:30,CIN,PIT,11,34,Home,7,7,-155,130,-3,-105,-115,39.5,-110,-110,1,outdoors,grass,49,5,00-0035100,00-0034771,Jake Browning,Mason Rudolph,Zac Taylor,Mike Tomlin,PIT00,Acrisure Stadium,0.4120,0.5880,-145,+135,-2½-110,+3-115,41.814,0.3856,0.6112,0.0031,23.54,15.96,39.50,-3.786,3.786,-1.992,-0.051
401547611,2023,REG,16,2023-12-23,Saturday,20:00,BUF,LAC,24,22,Home,6,9,-800,550,-13,-105,-115,44.5,-115,-105,0,dome,matrixturf,,,00-0034857,00-0035282,Josh Allen,Easton Stick,Sean McDermott,Giff Smith,LAX01,SoFi Stadium,0.7390,0.2610,-715,+600,-12-110,+13-110,69.051,0.1819,0.8165,0.0014,34.21,10.30,44.50,-11.955,11.955,-3.815,8.856
401547612,2023,REG,16,2023-12-24,Sunday,13:00,CLE,HOU,36,22,Home,7,7,-162,136,-3,-110,-110,40,-110,-110,0,closed,astroturf,,,00-0026158,00-0028986,Joe Flacco,Case Keenum,Kevin Stefanski,DeMeco Ryans,HOU00,NRG Stadium,0.4500,0.5500,-150,+140,-3-110,+3-110,34.484,0.4515,0.5448,0.0036,21.55,18.45,40.00,-1.549,1.549,-3.104,-0.93
401547613,2023,REG,16,2023-12-24,Sunday,13:00,WAS,NYJ,28,30,Home,7,7,140,-166,3,-108,-112,36.5,-110,-110,0,outdoors,fieldturf,45,2,00-0037077,00-0032156,Sam Howell,Trevor Siemian,Ron Rivera,Robert Saleh,NYC01,MetLife Stadium,0.4350,0.5650,+145,-140,+3+100,-3-110,10.66,0.5143,0.4817,0.0038,17.46,18.54,36.00,0.54,-0.54,-6.342,-6.722
401547614,2023,REG,16,2023-12-24,Sunday,13:00,SEA,TEN,20,17,Home,6,7,-166,140,-3,-110,-110,42,-108,-112,0,outdoors,grass,61,4,00-0030565,00-0029701,Geno Smith,Ryan Tannehill,Pete Carroll,Mike Vrabel,NAS00,Nissan Stadium,0.5360,0.4640,-160,+145,-3-105,+3-110,51.807,0.5179,0.4782,0.0038,20.59,21.91,42.50,0.658,-0.658,-0.34,0.856
401547616,2023,REG,16,2023-12-24,Sunday,13:00,IND,ATL,10,29,Home,8,7,130,-155,3,-115,-105,44,-105,-115,0,closed,fieldturf,,,00-0035289,00-0031800,Gardner Minshew,Taylor Heinicke,Shane Steichen,Arthur Smith,ATL97,Mercedes-Benz Stadium,0.4820,0.5180,+135,-144,+3-110,-2½-115,32.982,0.5077,0.4883,0.0039,21.68,22.32,44.00,0.322,-0.322,-2.45,-2.092
401547617,2023,REG,16,2023-12-24,Sunday,13:00,GB,CAR,33,30,Home,7,7,-198,164,-3.5,-112,-108,39.5,-110,-110,0,outdoors,grass,67,1,00-0036264,00-0039150,Jordan Love,Bryce Young,Matt LaFleur,Chris Tabor,CAR00,Bank of America Stadium,0.6290,0.3710,-180,+170,-3½-110,+4-110,27.083,0.3027,0.6948,0.0024,26.53,12.97,39.50,-6.776,6.776,-8.905,2.296
401547618,2023,REG,16,2023-12-24,Sunday,13:00,DET,MIN,30,24,Home,8,8,-148,124,-2.5,-125,105,47.5,-102,-118,1,dome,sportturf,,,00-0033106,00-0033319,Jared Goff,Nick Mullens,Dan Campbell,Kevin O'Connell,MIN01,U.S. Bank Stadium,0.5410,0.4590,-140,+130,-2½-110,+2½+100,53.207,0.3898,0.6070,0.0031,27.64,20.36,48.00,-3.643,3.643,-2.843,3.614
401547615,2023,REG,16,2023-12-24,Sunday,16:05,JAX,TB,12,30,Home,7,7,-125,105,-2,-110,-110,43,-108,-112,0,outdoors,grass,72,11,00-0036971,00-0034855,Trevor Lawrence,Baker Mayfield,Doug Pederson,Todd Bowles,TAM00,Raymond James Stadium,0.4060,0.5940,-130,+120,-1½-110,+2½-105,57.716,0.4214,0.5752,0.0033,24.06,18.94,43.00,-2.562,2.562,0.013,1.918
401547619,2023,REG,16,2023-12-24,Sunday,16:25,ARI,CHI,16,27,Home,7,7,180,-218,4.5,-110,-110,42,-105,-115,0,outdoors,grass,52,4,00-0035228,00-0036945,Kyler Murray,Justin Fields,Jonathan Gannon,Matt Eberflus,CHI98,Soldier Field,0.3410,0.6590,+180,-200,+4½-105,-4½-110,33.773,0.6184,0.3785,0.0030,16.97,25.03,42.00,4.034,-4.034,-1.581,-4.298
401547620,2023,REG,16,2023-12-24,Sunday,16:25,DAL,MIA,20,22,Home,7,7,102,-122,1.5,-110,-110,48.5,100,-120,0,outdoors,grass,75,15,00-0033077,00-0036212,Dak Prescott,Tua Tagovailoa,Mike McCarthy,Mike McDaniel,MIA00,Hard Rock Stadium,0.4810,0.5190,+105,-120,+1½-110,-1-110,93.294,0.4970,0.4989,0.0039,24.28,24.22,48.50,-0.031,0.031,5.625,8.399
401547621,2023,REG,16,2023-12-24,Sunday,20:15,NE,DEN,26,23,Home,7,8,270,-340,7,-110,-110,37.5,-110,-110,0,outdoors,grass,28,9,00-0038108,00-0029263,Bailey Zappe,Russell Wilson,Bill Belichick,Sean Payton,DEN00,Empower Field at Mile High,0.2830,0.7170,+310,-315,+7+100,-7-110,33.34,0.6546,0.3425,0.0027,13.44,24.06,37.50,5.306,-5.306,-1.579,-6.602
401547351,2023,REG,16,2023-12-25,Monday,13:00,LV,KC,20,14,Home,11,8,440,-600,11,-102,-118,40.5,-110,-110,1,outdoors,grass,38,11,00-0038579,00-0033873,Aidan O'Connell,Patrick Mahomes,Antonio Pierce,Andy Reid,KAN00,GEHA Field at Arrowhead Stadium,0.2070,0.7930,+500,-575,+11½-110,-10½-110,56.37,0.8248,0.1737,0.0014,7.88,32.62,40.50,12.374,-12.374,7.609,-2.605
401547241,2023,REG,16,2023-12-25,Monday,16:30,NYG,PHI,25,33,Home,8,7,600,-900,14,-112,-108,41,-108,-112,1,outdoors,grass,51,5,00-0038476,00-0036389,Tommy DeVito,Jalen Hurts,Brian Daboll,Nick Sirianni,PHI00,Lincoln Financial Field,0.1950,0.8050,+625,-750,+14-110,-14-110,40.75,0.8761,0.1229,0.0009,5.20,35.80,41.00,15.297,-15.297,1.996,-8.646
401547622,2023,REG,16,2023-12-25,Monday,20:15,BAL,SF,33,19,Home,8,8,275,-345,6.5,-105,-115,47.5,-112,-108,0,outdoors,grass,56,8,00-0034796,00-0037834,Lamar Jackson,Brock Purdy,John Harbaugh,Kyle Shanahan,SFO01,Levi's Stadium,0.3810,0.6190,+261,-267,+6½-110,-6½+100,95.603,0.6448,0.3523,0.0028,18.55,28.46,47.00,4.955,-4.955,10.017,9.874
401547623,2023,REG,17,2023-12-28,Thursday,20:15,NYJ,CLE,20,37,Home,4,4,270,-345,6.5,-105,-115,33.5,-110,-110,0,outdoors,grass,47,6,00-0032156,00-0026158,Trevor Siemian,Joe Flacco,Robert Saleh,Kevin Stefanski,CLE00,FirstEnergy Stadium,0.2580,0.7420,+288,-320,+7-110,-6½-110,32.473,0.7026,0.2949,0.0023,9.68,23.82,33.50,7.066,-7.066,-0.93,-6.342
401547624,2023,REG,17,2023-12-30,Saturday,20:15,DET,DAL,19,20,Home,6,6,195,-238,5.5,-110,-110,53,-110,-110,0,closed,matrixturf,,,00-0033106,00-0033077,Jared Goff,Dak Prescott,Dan Campbell,Mike McCarthy,DAL00,AT&T Stadium,0.3100,0.6900,+200,-215,+5-110,-4½-110,77.844,0.7003,0.2972,0.0023,19.77,33.73,53.50,6.978,-6.978,8.399,3.614
401547625,2023,REG,17,2023-12-31,Sunday,13:00,MIA,BAL,19,56,Home,7,6,150,-180,3,100,-120,47,-108,-112,0,outdoors,grass,50,7,00-0036212,00-0034796,Tua Tagovailoa,Lamar Jackson,Mike McDaniel,John Harbaugh,BAL00,M&T Bank Stadium,0.3540,0.6460,+150,-170,+3½-115,-3-110,86.787,0.5571,0.4393,0.0035,21.55,25.46,47.00,1.955,-1.955,9.874,5.625
401547626,2023,REG,17,2023-12-31,Sunday,13:00,NE,BUF,21,27,Home,7,8,750,-1200,15,-110,-110,40,-108,-112,1,outdoors,a_turf,35,4,00-0038108,00-0034857,Bailey Zappe,Josh Allen,Bill Belichick,Sean McDermott,BUF00,New Era Field,0.1530,0.8470,+800,-1100,+15½-110,-14½-110,50.412,0.8698,0.1291,0.0010,5.12,34.88,40.00,14.881,-14.881,8.856,-6.602
401547627,2023,REG,17,2023-12-31,Sunday,13:00,ATL,CHI,17,37,Home,7,7,130,-155,3,-115,-105,39,-110,-110,0,outdoors,grass,32,5,00-0031800,00-0036945,Taylor Heinicke,Justin Fields,Arthur Smith,Matt Eberflus,CHI98,Soldier Field,0.4780,0.5220,+135,-148,+2½+100,-2½-110,35.958,0.4857,0.5104,0.0039,19.91,19.09,39.00,-0.409,0.409,-1.581,-2.45
401547628,2023,REG,17,2023-12-31,Sunday,13:00,LV,IND,20,23,Home,6,7,150,-180,3.5,-110,-110,42.5,-105,-115,0,closed,fieldturf,,,00-0038579,00-0035289,Aidan O'Connell,Gardner Minshew,Antonio Pierce,Shane Steichen,IND00,Lucas Oil Stadium,0.4460,0.5540,+170,-180,+3½-110,-3½-110,35.072,0.6038,0.3930,0.0031,17.72,24.78,42.50,3.527,-3.527,-2.092,-2.605
401547629,2023,REG,17,2023-12-31,Sunday,13:00,CAR,JAX,0,26,Home,7,7,160,-192,3.5,-110,-110,38,-110,-110,0,outdoors,grass,56,8,00-0039150,00-0033936,Bryce Young,C.J. Beathard,Chris Tabor,Doug Pederson,JAX00,TIAA Bank Stadium,0.3860,0.6140,+176,-185,+4-110,-3½-110,24.067,0.6556,0.3416,0.0027,13.67,24.33,38.00,5.334,-5.334,-2.752,-8.905
401547631,2023,REG,17,2023-12-31,Sunday,13:00,TEN,HOU,3,26,Home,7,7,190,-230,5,-105,-115,44,-108,-112,1,closed,astroturf,,,00-0039152,00-0039163,Will Levis,C.J. Stroud,Mike Vrabel,DeMeco Ryans,HOU00,NRG Stadium,0.3590,0.6410,+200,-230,+5½-110,-5-110,34.705,0.5791,0.4175,0.0033,19.31,24.69,44.00,2.691,-2.691,-0.844,-4.776
401547632,2023,REG,17,2023-12-31,Sunday,13:00,LA,NYG,26,25,Home,10,6,-298,240,-6,-112,-108,43.5,-108,-112,0,outdoors,fieldturf,41,10,00-0026498,00-0028118,Matthew Stafford,Tyrod Taylor,Sean McVay,Brian Daboll,NYC01,MetLife Stadium,0.6470,0.3530,-270,+250,-6-110,+6½-110,32.335,0.1766,0.8219,0.0014,33.96,9.54,43.50,-12.211,12.211,-8.646,3.524
401547633,2023,REG,17,2023-12-31,Sunday,13:00,ARI,PHI,35,31,Home,7,6,525,-750,12,-110,-110,48,-110,-110,0,outdoors,grass,45,9,00-0035228,00-0036389,Kyler Murray,Jalen Hurts,Jonathan Gannon,Nick Sirianni,PHI00,Lincoln Financial Field,0.2140,0.7860,+550,-600,+12½-110,-11-110,45.947,0.8081,0.1903,0.0015,12.22,35.28,47.50,11.53,-11.53,1.996,-4.298
401547634,2023,REG,17,2023-12-31,Sunday,13:00,NO,TB,23,13,Home,10,7,124,-148,2.5,100,-120,42.5,-112,-108,1,outdoors,grass,66,5,00-0031280,00-0034855,Derek Carr,Baker Mayfield,Dennis Allen,Todd Bowles,TAM00,Raymond James Stadium,0.4010,0.5990,+127,-145,+2½+100,-2½-110,58.79,0.4774,0.5186,0.0038,21.93,20.57,42.50,-0.681,0.681,0.013,2.136
401547635,2023,REG,17,2023-12-31,Sunday,13:00,SF,WAS,27,10,Home,6,7,-1050,675,-14,-115,-105,49,-112,-108,0,outdoors,grass,48,7,00-0037834,00-0037077,Brock Purdy,Sam Howell,Kyle Shanahan,Ron Rivera,WAS00,FedExField,0.8310,0.1690,-1000,+750,-14-110,+14½-110,75.72,0.2217,0.7764,0.0017,34.32,14.18,48.50,-10.071,10.071,-2.829,10.017
401547636,2023,REG,17,2023-12-31,Sunday,16:05,PIT,SEA,30,23,Home,8,7,185,-225,4.5,-110,-110,40.5,-108,-112,0,outdoors,fieldturf,47,4,00-0034771,00-0030565,Mason Rudolph,Geno Smith,Mike Tomlin,Pete Carroll,SEA00,Lumen Field,0.3890,0.6110,+192,-210,+4½-110,-4-110,47.335,0.6710,0.3263,0.0026,14.36,26.14,40.50,5.89,-5.89,0.856,-1.824
401547235,2023,REG,17,2023-12-31,Sunday,16:25,CIN,KC,17,25,Home,8,6,275,-345,7.5,-115,-105,46,-112,-108,0,outdoors,grass,36,12,00-0035100,00-0033873,Jake Browning,Patrick Mahomes,Zac Taylor,Andy Reid,KAN00,GEHA Field at Arrowhead Stadium,0.3260,0.6740,+300,-340,+7+100,-7-110,65.333,0.7283,0.2694,0.0021,14.69,30.81,45.50,8.063,-8.063,7.609,-0.051
401547630,2023,REG,17,2023-12-31,Sunday,16:25,LAC,DEN,9,16,Home,8,7,164,-198,3.5,-108,-112,39.5,-110,-110,1,outdoors,grass,41,6,00-0035282,00-0035264,Easton Stick,Jarrett Stidham,Giff Smith,Sean Payton,DEN00,Empower Field at Mile High,0.2950,0.7050,+165,-185,+3½-110,-3½-110,20.337,0.5309,0.4653,0.0037,18.41,20.59,39.00,1.087,-1.087,-4.636,-3.815
401547637,2023,REG,17,2023-12-31,Sunday,20:20,GB,MIN,33,10,Home,7,7,-108,-112,1,-112,-108,42.5,-112,-108,1,dome,sportturf,,,00-0036264,00-0038598,Jordan Love,Jaren Hall,Matt LaFleur,Kevin O'Connell,MIN01,U.S. Bank Stadium,0.4160,0.5840,+100,-105,+0+100,+1-110,47.717,0.4861,0.5099,0.0039,21.89,21.11,43.00,-0.393,0.393,-2.843,2.296
401547639,2023,REG,18,2024-01-06,Saturday,16:30,PIT,BAL,17,10,Home,6,6,-155,130,-3,-105,-115,34,-110,-110,1,outdoors,grass,38,15,00-0034771,00-0035993,Mason Rudolph,Tyler Huntley,Mike Tomlin,John Harbaugh,BAL00,M&T Bank Stadium,0.6060,0.3940,-150,+140,-3+100,+3-110,58.206,0.7892,0.2091,0.0016,6.37,27.63,34.00,10.631,-10.631,9.874,-1.992
401547644,2023,REG,18,2024-01-06,Saturday,20:15,HOU,IND,23,19,Home,6,6,-125,105,-1.5,-110,-110,47.5,-108,-112,1,closed,fieldturf,,,00-0039163,00-0035289,C.J. Stroud,Gardner Minshew,DeMeco Ryans,Shane Steichen,IND00,Lucas Oil Stadium,0.4520,0.5480,-125,+110,-1½-110,+1½-110,38.838,0.5158,0.4803,0.0038,23.16,24.34,47.50,0.587,-0.587,-2.092,-0.844
401547640,2023,REG,18,2024-01-07,Sunday,13:00,TB,CAR,9,0,Home,7,7,-245,200,-5,-105,-115,36.5,-110,-110,1,outdoors,grass,54,19,00-0034855,00-0039150,Baker Mayfield,Bryce Young,Todd Bowles,Chris Tabor,CAR00,Bank of America Stadium,0.6270,0.3730,-240,+216,-4½-110,+4½-110,18.268,0.2780,0.7197,0.0022,25.97,10.54,36.50,-7.715,7.715,-8.905,0.013
401547641,2023,REG,18,2024-01-07,Sunday,13:00,CLE,CIN,14,31,Home,10,7,285,-360,7.5,-115,-105,37,-112,-108,1,outdoors,fieldturf,38,12,00-0032436,00-0035100,Jeff Driskel,Jake Browning,Kevin Stefanski,Zac Taylor,CIN00,Paycor Stadium,0.3280,0.6720,+288,-340,+7-105,-7-110,46.243,0.5411,0.4552,0.0036,17.08,19.92,37.00,1.423,-1.423,-0.051,-0.93
401547642,2023,REG,18,2024-01-07,Sunday,13:00,MIN,DET,20,30,Home,7,8,170,-205,3.5,-102,-118,47.5,-110,-110,1,dome,fieldturf,,,00-0033319,00-0033106,Nick Mullens,Jared Goff,Kevin O'Connell,Dan Campbell,DET00,Ford Field,0.2840,0.7160,+180,-185,+4-110,-3½-110,51.548,0.7066,0.2910,0.0023,16.54,30.96,47.50,7.21,-7.21,3.614,-2.843
401547648,2023,REG,18,2024-01-07,Sunday,13:00,NYJ,NE,17,3,Home,10,7,120,-142,2.5,-112,-108,28.5,-110,-110,1,outdoors,fieldturf,33,14,00-0032156,00-0038108,Trevor Siemian,Bailey Zappe,Robert Saleh,Bill Belichick,BOS00,Gillette Stadium,0.4590,0.5410,+130,-140,+2½-110,-2½-110,8.647,0.5424,0.4539,0.0036,12.79,15.71,28.50,1.464,-1.464,-6.602,-6.342
401547649,2023,REG,18,2024-01-07,Sunday,13:00,ATL,NO,17,48,Home,7,7,145,-175,3.5,-122,102,41.5,-108,-112,1,dome,sportturf,,,00-0038122,00-0031280,Desmond Ridder,Derek Carr,Arthur Smith,Dennis Allen,NOR00,Mercedes-Benz Superdome,0.3350,0.6650,+155,-165,+3½-110,-3-115,46.736,0.6206,0.3763,0.0030,16.65,24.85,41.50,4.1,-4.1,2.136,-3.489
401547652,2023,REG,18,2024-01-07,Sunday,13:00,JAX,TEN,20,28,Home,7,7,-185,154,-3.5,-102,-118,41.5,-112,-108,1,outdoors,grass,41,11,00-0036971,00-0029701,Trevor Lawrence,Ryan Tannehill,Doug Pederson,Mike Vrabel,NAS00,Nissan Stadium,0.6350,0.3650,-175,+160,-3-110,+3½-110,56.33,0.4254,0.5711,0.0034,23.17,18.33,41.50,-2.422,2.422,-0.34,1.918
401547638,2023,REG,18,2024-01-07,Sunday,16:25,SEA,ARI,21,20,Home,7,7,-155,130,-2.5,-122,102,48,-110,-110,1,closed,grass,,,00-0030565,00-0035228,Geno Smith,Kyler Murray,Pete Carroll,Jonathan Gannon,PHO00,State Farm Stadium,0.6190,0.3810,-140,+135,-3+100,+3-110,35.899,0.3659,0.6311,0.0029,28.47,19.54,48.00,-4.465,4.465,-4.298,0.856
401547643,2023,REG,18,2024-01-07,Sunday,16:25,CHI,GB,9,17,Home,7,7,124,-148,2.5,-102,-118,45.5,-108,-112,1,outdoors,grass,34,7,00-0036945,00-0036264,Justin Fields,Jordan Love,Matt Eberflus,Matt LaFleur,GNB00,Lambeau Field,0.3450,0.6550,+140,-145,+3-115,-2½-110,52.147,0.5738,0.4227,0.0034,20.49,25.51,46.00,2.512,-2.512,2.296,-1.581
401547645,2023,REG,18,2024-01-07,Sunday,16:25,KC,LAC,13,12,Home,7,7,154,-185,3.5,-115,-105,35,-108,-115,1,dome,matrixturf,,,00-0027948,00-0035282,Blaine Gabbert,Easton Stick,Andy Reid,Giff Smith,LAX01,SoFi Stadium,0.2810,0.7190,+160,-175,+3½-110,-3½-110,29.288,0.4871,0.5089,0.0039,17.86,17.14,35.00,-0.359,0.359,-3.815,-1.753
401547646,2023,REG,18,2024-01-07,Sunday,16:25,DEN,LV,14,27,Home,7,7,145,-175,3.5,-118,-102,37.5,-115,-105,1,dome,grass,,,00-0035264,00-0038579,Jarrett Stidham,Aidan O'Connell,Sean Payton,Antonio Pierce,VEG00,Allegiant Stadium,0.4750,0.5250,+160,-170,+3½-110,-3-120,27.656,0.5410,0.4553,0.0036,17.33,20.17,37.50,1.418,-1.418,-2.605,-4.636
401547650,2023,REG,18,2024-01-07,Sunday,16:25,PHI,NYG,10,27,Home,7,7,-238,190,-4.5,-112,-108,43,-105,-115,1,outdoors,fieldturf,36,12,00-0036389,00-0028118,Jalen Hurts,Tyrod Taylor,Nick Sirianni,Brian Daboll,NYC01,MetLife Stadium,0.7680,0.2320,-210,+205,-5-110,+5-110,27.239,0.1594,0.8393,0.0012,34.61,8.40,43.00,-13.105,13.105,-8.646,1.996
401547651,2023,REG,18,2024-01-07,Sunday,16:25,LA,SF,21,20,Home,7,7,200,-245,5.5,-108,-112,40,-108,-112,1,outdoors,grass,52,11,00-0032950,00-0034869,Carson Wentz,Sam Darnold,Sean McVay,Kyle Shanahan,SFO01,Levi's Stadium,0.2700,0.7300,+220,-240,+6-110,-5-110,69.762,0.6861,0.3113,0.0025,13.56,26.44,40.00,6.439,-6.439,10.017,1.267
401547653,2023,REG,18,2024-01-07,Sunday,16:25,DAL,WAS,38,10,Home,8,7,-850,575,-13,-115,-105,47.5,-110,-110,1,outdoors,grass,48,13,00-0033077,00-0037077,Dak Prescott,Sam Howell,Mike McCarthy,Ron Rivera,WAS00,FedExField,0.7690,0.2310,-825,+625,-13-110,+13-110,54.754,0.1531,0.8456,0.0012,37.20,10.30,47.50,-13.45,13.45,-6.722,8.399
401547647,2023,REG,18,2024-01-07,Sunday,20:20,BUF,MIA,21,14,Home,7,7,-155,130,-2.5,-125,105,47.5,-110,-110,1,outdoors,grass,63,6,00-0034857,00-0036212,Josh Allen,Tua Tagovailoa,Sean McDermott,Mike McDaniel,MIA00,Hard Rock Stadium,0.5130,0.4870,-145,+128,-2½-110,+2½+100,94.357,0.4527,0.5436,0.0036,25.51,22.49,48.00,-1.506,1.506,5.625,8.856
401547749,2023,WC,19,2024-01-13,Saturday,16:30,CLE,HOU,14,45,Home,6,7,-148,124,-2.5,-110,-110,45,-105,-115,0,closed,astroturf,,,00-0026158,00-0039163,Joe Flacco,C.J. Stroud,Kevin Stefanski,DeMeco Ryans,HOU00,NRG Stadium,0.5270,0.4730,-132,+120,-2-105,+2½-110,43.799,0.4953,0.5046,0.0000,22.67,22.33,45.00,-0.168,0.168,-0.844,-0.93
401547750,2023,WC,19,2024-01-13,Saturday,20:00,MIA,KC,7,26,Home,6,6,190,-230,4.5,-102,-118,43.5,-118,-102,0,outdoors,grass,-4,19,00-0036212,00-0033873,Tua Tagovailoa,Patrick Mahomes,Mike McDaniel,Andy Reid,KAN00,GEHA Field at Arrowhead Stadium,0.3970,0.6030,+205,-222,+5-105,-4½-110,84.993,0.5261,0.4738,0.0000,20.81,22.70,43.50,0.945,-0.945,7.609,5.625
401547752,2023,WC,19,2024-01-14,Sunday,16:30,GB,DAL,48,32,Home,7,7,275,-345,7,102,-122,52.5,-105,-115,0,closed,matrixturf,,,00-0036264,00-0033077,Jordan Love,Dak Prescott,Matt LaFleur,Mike McCarthy,DAL00,AT&T Stadium,0.2670,0.7330,+320,-330,+7½-110,-7-110,72.398,0.7345,0.2654,0.0000,16.99,35.01,52.00,9.011,-9.011,8.399,2.296
401547753,2023,WC,19,2024-01-14,Sunday,20:00,LA,DET,23,24,Home,7,7,136,-162,3.5,-122,102,52.5,-102,-118,0,dome,fieldturf,,,00-0026498,00-0033106,Matthew Stafford,Jared Goff,Sean McVay,Dan Campbell,DET00,Ford Field,0.3710,0.6290,+152,-165,+3+110,-3-110,72.405,0.5414,0.4585,0.0000,25.00,28.00,53.00,1.497,-1.497,3.614,3.524
401547751,2023,WC,19,2024-01-15,Monday,16:30,PIT,BUF,17,31,Home,9,8,370,-485,10,-108,-112,39.5,-115,-105,0,outdoors,a_turf,17,10,00-0034771,00-0034857,Mason Rudolph,Josh Allen,Mike Tomlin,Sean McDermott,BUF00,New Era Field,0.2050,0.7950,+415,-485,+10-110,-10+100,59.032,0.7649,0.2350,0.0000,9.11,29.89,39.00,10.388,-10.388,8.856,-1.992
401547754,2023,WC,19,2024-01-15,Monday,20:00,PHI,TB,9,32,Home,8,8,-162,136,-2.5,-125,105,43,-102,-118,0,outdoors,grass,65,2,00-0036389,00-0034855,Jalen Hurts,Baker Mayfield,Nick Sirianni,Todd Bowles,TAM00,Raymond James Stadium,0.5520,0.4480,-155,+140,-3+105,+3-110,57.848,0.4319,0.5680,0.0000,23.96,19.04,43.00,-2.464,2.464,0.013,1.996
401547755,2023,DIV,20,2024-01-20,Saturday,16:30,HOU,BAL,10,34,Home,7,14,330,-425,10,-115,-105,44,-105,-115,0,outdoors,grass,27,16,00-0039163,00-0034796,C.J. Stroud,Lamar Jackson,DeMeco Ryans,John Harbaugh,BAL00,M&T Bank Stadium,0.1960,0.8040,+400,-475,+10-108,-10+100,55.564,0.8346,0.1653,0.0000,9.20,34.80,44.00,12.802,-12.802,9.874,-0.844
401547756,2023,DIV,20,2024-01-20,Saturday,20:15,GB,SF,21,24,Home,6,13,360,-470,10.5,-112,-108,50.5,-105,-115,0,outdoors,grass,59,8,00-0036264,00-0037834,Jordan Love,Brock Purdy,Matt LaFleur,Kyle Shanahan,SFO01,Levi's Stadium,0.2250,0.7750,+412,-460,+10½-105,-10½-105,64.21,0.8027,0.1972,0.0000,14.04,36.46,50.50,11.206,-11.206,10.017,2.296
401547757,2023,DIV,20,2024-01-21,Sunday,15:00,TB,DET,23,31,Home,6,7,225,-278,6,-102,-118,49.5,-105,-115,0,dome,fieldturf,,,00-0034855,00-0033106,Baker Mayfield,Jared Goff,Todd Bowles,Dan Campbell,DET00,Ford Field,0.3060,0.6940,+245,-278,+6+100,-6+100,59.561,0.6355,0.3645,0.0000,20.19,29.31,49.50,4.56,-4.56,3.614,0.013
401547758,2023,DIV,20,2024-01-21,Sunday,18:30,KC,BUF,27,24,Home,8,6,120,-142,2.5,-110,-110,45.5,-108,-112,0,outdoors,a_turf,25,11,00-0033873,00-0034857,Patrick Mahomes,Josh Allen,Andy Reid,Sean McDermott,BUF00,New Era Field,0.3720,0.6280,+128,-145,+2½-105,-2½-105,93.58,0.5704,0.4295,0.0000,20.66,25.34,46.00,2.336,-2.336,8.856,7.609
401547379,2023,CON,21,2024-01-28,Sunday,15:00,KC,BAL,17,10,Home,7,8,180,-218,4.5,-110,-112,44,-105,-115,0,outdoors,grass,47,7,00-0033873,00-0034796,Patrick Mahomes,Lamar Jackson,Andy Reid,John Harbaugh,BAL00,M&T Bank Stadium,0.3640,0.6360,+200,-205,+5-110,-3½-110,91.696,0.6355,0.3644,0.0000,17.44,26.56,44.00,4.561,-4.561,9.874,7.609
401547380,2023,CON,21,2024-01-28,Sunday,18:30,DET,SF,31,34,Home,7,8,260,-325,7.5,-120,100,52.5,-110,-110,0,outdoors,grass,69,5,00-0033106,00-0037834,Jared Goff,Brock Purdy,Dan Campbell,Kyle Shanahan,SFO01,Levi's Stadium,0.3070,0.6930,+300,-340,+7½-110,-7-110,74.292,0.7410,0.2589,0.0000,18.24,35.26,53.50,8.51,-8.51,10.017,3.614
401547378,2023,SB,22,2024-02-11,Sunday,18:30,SF,KC,22,25,Neutral,14,14,-120,100,-1.5,-110,-110,47,-110,-110,0,dome,grass,,,00-0037834,00-0033873,Brock Purdy,Patrick Mahomes,Kyle Shanahan,Andy Reid,VEG00,Allegiant Stadium,0.5670,0.4330,-125,+115,-2-105,+2-105,97.498,0.4062,0.5938,0.0000,26.38,20.12,46.50,-3.127,3.127,7.609,10.017
401671789,2024,REG,1,2024-09-05,Thursday,20:20,BAL,KC,20,27,Home,7,7,124,-148,3,-118,-102,46,-110,-110,0,outdoors,grass,67,8,00-0034796,00-0033873,Lamar Jackson,Patrick Mahomes,John Harbaugh,Andy Reid,KAN00,GEHA Field at Arrowhead Stadium,0.4350,0.5650,+130,-142,+2½+105,-2½-110,78.582,0.5816,0.4150,0.0033,19.80,26.20,46.00,3.201,-3.201,4.574,3.639
401671805,2024,REG,1,2024-09-06,Friday,20:15,GB,PHI,29,34,Neutral,7,7,110,-130,2,-110,-110,49.5,-112,-108,0,outdoors,,,,00-0036264,00-0036389,Jordan Love,Jalen Hurts,Matt LaFleur,Nick Sirianni,SAO00,Arena Corinthians,0.4500,0.5500,+110,-115,+2-110,-1-110,72.259,0.5615,0.4349,0.0034,22.29,27.21,49.50,2.459,-2.459,3.606,2.629
401671617,2024,REG,1,2024-09-08,Sunday,13:00,ARI,BUF,28,34,Home,7,7,250,-310,6.5,-105,-115,46,-112,-108,0,outdoors,a_turf,61,20,00-0035228,00-0034857,Kyler Murray,Josh Allen,Jonathan Gannon,Sean McDermott,BUF00,New Era Field,0.2150,0.7850,+260,-290,+6½+100,-6½-110,55.684,0.6586,0.3386,0.0027,16.12,29.38,45.50,6.634,-6.634,3.204,-1.935
401671628,2024,REG,1,2024-09-08,Sunday,13:00,NE,CIN,16,10,Home,7,7,295,-375,8,-110,-110,40.5,-112,-108,0,outdoors,fieldturf,66,5,00-0033119,00-0036442,Jacoby Brissett,Joe Burrow,Jerod Mayo,Zac Taylor,CIN00,Paycor Stadium,0.2040,0.7960,+335,-354,+8-110,-7½-106,40.929,0.7416,0.2563,0.0020,10.90,30.10,41.00,9.598,-9.598,2.547,-5.57
401671712,2024,REG,1,2024-09-08,Sunday,13:00,MIN,NYG,28,6,Home,7,7,-115,-105,-1,-108,-112,42.5,-108,-112,0,outdoors,fieldturf,64,10,00-0034869,00-0035710,Sam Darnold,Daniel Jones,Kevin O'Connell,Brian Daboll,NYC01,MetLife Stadium,0.5420,0.4580,-102,+100,+1-110,+1-110,29.822,0.4980,0.4980,0.0040,21.45,20.55,42.00,-0.45,0.45,-4.153,-2.215
401671719,2024,REG,1,2024-09-08,Sunday,13:00,TEN,CHI,17,24,Home,7,7,164,-198,4,-108,-112,43,-110,-110,0,outdoors,grass,67,8,00-0039152,00-0039918,Will Levis,Caleb Williams,Brian Callahan,Matt Eberflus,CHI98,Soldier Field,0.3660,0.6340,+192,-200,+4½-108,-4-110,39.689,0.6278,0.3691,0.0029,16.42,26.58,43.00,5.083,-5.083,0.36,-3.249
401671734,2024,REG,1,2024-09-08,Sunday,13:00,CAR,NO,10,47,Home,7,7,160,-192,3.5,-108,-112,41.5,-112,-108,1,dome,sportturf,,,00-0039150,00-0031280,Bryce Young,Derek Carr,Dave Canales,Dennis Allen,NOR00,Mercedes-Benz Superdome,0.3110,0.6890,+170,-185,+3½-108,-3½-108,19.873,0.6318,0.3652,0.0029,15.73,25.77,41.50,5.018,-5.018,-2.555,-6.078
401671744,2024,REG,1,2024-09-08,Sunday,13:00,PIT,ATL,18,10,Home,7,7,160,-192,4,-110,-110,43,-115,-105,0,closed,fieldturf,,,00-0036945,00-0029604,Justin Fields,Kirk Cousins,Mike Tomlin,Raheem Morris,ATL97,Mercedes-Benz Stadium,0.3840,0.6160,+184,-190,+4-105,-4-108,49.542,0.5575,0.4389,0.0035,19.19,23.81,43.00,2.312,-2.312,0.47,-0.362
401671849,2024,REG,1,2024-09-08,Sunday,13:00,JAX,MIA,17,20,Home,7,7,150,-180,3.5,-110,-110,49.5,-112,-108,0,outdoors,grass,91,10,00-0036971,00-0036212,Trevor Lawrence,Tua Tagovailoa,Doug Pederson,Mike McDaniel,MIA00,Hard Rock Stadium,0.4060,0.5940,+173,-175,+3½-108,-3½-105,59.934,0.5977,0.3990,0.0032,20.65,28.85,49.50,4.1,-4.1,2.406,-0.213
401671861,2024,REG,1,2024-09-08,Sunday,13:00,HOU,IND,29,27,Home,7,7,-155,130,-3,-108,-112,49,-112,-108,1,closed,fieldturf,,,00-0039163,00-0039164,C.J. Stroud,Anthony Richardson,DeMeco Ryans,Shane Steichen,IND00,Lucas Oil Stadium,0.5720,0.4280,-160,+143,-3-105,+3-110,57.039,0.4442,0.5522,0.0035,26.48,21.53,48.00,-2.475,2.475,-1.025,2.941
401671659,2024,REG,1,2024-09-08,Sunday,16:05,LV,LAC,10,22,Home,7,7,130,-155,3,-118,-102,41,-108,-112,1,dome,matrixturf,,,00-0035289,00-0036355,Gardner Minshew,Justin Herbert,Antonio Pierce,Jim Harbaugh,LAX01,SoFi Stadium,0.3850,0.6150,+135,-140,+3-110,-3+100,36.1,0.6030,0.3937,0.0031,16.14,24.36,40.50,4.107,-4.107,-0.418,-3.049
401671664,2024,REG,1,2024-09-08,Sunday,16:05,DEN,SEA,20,26,Home,7,7,225,-278,6.5,-110,-110,42,-108,-112,0,outdoors,fieldturf,65,7,00-0039732,00-0030565,Bo Nix,Geno Smith,Sean Payton,Mike Macdonald,SEA00,Lumen Field,0.3020,0.6980,+255,-280,+6½+100,-6½-108,33.23,0.6579,0.3393,0.0027,15.28,27.22,42.50,5.967,-5.967,-0.233,-4.723
401671761,2024,REG,1,2024-09-08,Sunday,16:25,DAL,CLE,33,17,Home,7,7,110,-130,2.5,-112,-108,42,-108,-112,0,outdoors,grass,69,17,00-0033077,00-0033537,Dak Prescott,Deshaun Watson,Mike McCarthy,Kevin Stefanski,CLE00,FirstEnergy Stadium,0.4930,0.5070,+120,-130,+2-108,-2-108,58.571,0.4807,0.5154,0.0038,21.72,20.28,42.00,-0.72,0.72,0.297,2.521
401671770,2024,REG,1,2024-09-08,Sunday,16:25,WAS,TB,20,37,Home,7,7,164,-198,4,-112,-108,42,-110,-110,0,outdoors,grass,93,6,00-0039910,00-0034855,Jayden Daniels,Baker Mayfield,Dan Quinn,Todd Bowles,TAM00,Raymond James Stadium,0.3400,0.6600,+190,-195,+4-108,-4-108,30.738,0.6050,0.3917,0.0031,17.17,25.33,42.50,4.082,-4.082,-1.486,-4.08
401671792,2024,REG,1,2024-09-08,Sunday,20:20,LA,DET,20,26,Home,7,7,185,-225,5,-108,-112,54,-112,-108,0,dome,fieldturf,,,00-0026498,00-0033106,Matthew Stafford,Jared Goff,Sean McVay,Dan Campbell,DET00,Ford Field,0.3040,0.6960,+216,-245,+5½-108,-5½-108,68.577,0.6238,0.3731,0.0030,22.40,31.60,54.00,4.602,-4.602,4.24,1.121
401671696,2024,REG,1,2024-09-09,Monday,20:15,NYJ,SF,19,32,Home,7,7,150,-180,3.5,-115,-105,43,-108,-112,0,outdoors,grass,76,10,00-0023459,00-0037834,Aaron Rodgers,Brock Purdy,Robert Saleh,Kyle Shanahan,SFO01,Levi's Stadium,0.3470,0.6530,+184,-185,+4-108,-3½-110,74.517,0.6305,0.3665,0.0029,16.61,26.89,43.50,5.144,-5.144,5.393,1.643
401671807,2024,REG,2,2024-09-12,Thursday,20:15,BUF,MIA,31,10,Home,4,4,114,-135,2.5,-110,-110,48.5,-105,-115,1,outdoors,grass,86,3,00-0034857,00-0036212,Josh Allen,Tua Tagovailoa,Sean McDermott,Mike McDaniel,MIA00,Hard Rock Stadium,0.5310,0.4690,+125,-134,+2½+100,-2½-108,68.119,0.4800,0.5160,0.0038,24.93,24.07,49.00,-0.427,0.427,1.749,3.594
401671624,2024,REG,2,2024-09-15,Sunday,13:00,LV,BAL,26,23,Home,7,10,350,-455,9,-112,-108,41,-108,-112,0,outdoors,grass,76,10,00-0035289,00-0034796,Gardner Minshew,Lamar Jackson,Antonio Pierce,John Harbaugh,BAL00,M&T Bank Stadium,0.2100,0.7900,+375,-400,+9-110,-8-108,47.701,0.7101,0.2875,0.0023,12.06,29.94,42.00,8.939,-8.939,3.488,-4.036
401671635,2024,REG,2,2024-09-15,Sunday,13:00,CLE,JAX,18,13,Home,7,7,142,-170,3,100,-120,41.5,-108,-112,0,outdoors,grass,80,12,00-0033537,00-0036971,Deshaun Watson,Trevor Lawrence,Kevin Stefanski,Doug Pederson,JAX00,TIAA Bank Stadium,0.3770,0.6230,+150,-160,+3+100,-3-108,45.885,0.5555,0.4409,0.0035,18.07,22.93,41.00,2.434,-2.434,0.114,-0.953
401671636,2024,REG,2,2024-09-15,Sunday,13:00,NYJ,TEN,24,17,Home,6,7,-180,150,-3.5,-112,-108,41.5,-112,-108,0,outdoors,grass,80,13,00-0023459,00-0039152,Aaron Rodgers,Will Levis,Robert Saleh,Brian Callahan,NAS00,Nissan Stadium,0.6100,0.3900,-180,+175,-3½+102,+4-110,41.986,0.4269,0.5696,0.0034,23.49,17.52,41.00,-2.985,2.985,-3.232,1.167
401671645,2024,REG,2,2024-09-15,Sunday,13:00,SF,MIN,17,23,Home,6,7,-218,180,-4.5,-112,-108,46.5,-108,-112,0,dome,sportturf,,,00-0037834,00-0034869,Brock Purdy,Sam Darnold,Kyle Shanahan,Kevin O'Connell,MIN01,U.S. Bank Stadium,0.6240,0.3760,-200,+176,-4-108,+4½-110,67.461,0.3784,0.6184,0.0030,28.22,18.28,46.50,-4.972,4.972,-0.334,6.07
401671652,2024,REG,2,2024-09-15,Sunday,13:00,LAC,CAR,26,3,Home,7,7,-225,185,-5,-110,-110,39,-112,-108,0,outdoors,grass,78,13,00-0036355,00-0039150,Justin Herbert,Bryce Young,Jim Harbaugh,Dave Canales,CAR00,Bank of America Stadium,0.6850,0.3150,-200,+200,-4½-108,+5-110,24.767,0.3260,0.6713,0.0026,26.20,12.30,38.50,-6.952,6.952,-8.773,-0.402
401671702,2024,REG,2,2024-09-15,Sunday,13:00,SEA,NE,23,20,Home,7,7,-170,142,-3.5,-102,-118,39,-110,-110,0,outdoors,fieldturf,77,5,00-0030565,00-0033119,Geno Smith,Jacoby Brissett,Mike Macdonald,Jerod Mayo,BOS00,Gillette Stadium,0.6150,0.3850,-160,+145,-3-108,+3-105,33.255,0.4482,0.5482,0.0036,22.18,17.32,39.50,-2.433,2.433,-4.159,-0.48
401671709,2024,REG,2,2024-09-15,Sunday,13:00,NO,DAL,44,19,Home,7,7,235,-290,6.5,-112,-108,47,-108,-112,0,closed,matrixturf,,,00-0031280,00-0033077,Derek Carr,Dak Prescott,Dennis Allen,Mike McCarthy,DAL00,AT&T Stadium,0.3520,0.6480,+255,-270,+6½-105,-6½-108,61.799,0.6084,0.3884,0.0031,19.06,27.44,46.50,4.186,-4.186,2.852,0.069
401671716,2024,REG,2,2024-09-15,Sunday,13:00,NYG,WAS,18,21,Home,7,7,105,-125,1.5,-108,-112,42.5,-105,-115,1,outdoors,grass,82,11,00-0035710,00-0039910,Daniel Jones,Jayden Daniels,Brian Daboll,Dan Quinn,WAS00,FedExField,0.5220,0.4780,+110,-120,+1½-108,-1½-108,19.986,0.5943,0.4023,0.0032,17.45,26.05,43.50,4.3,-4.3,-3.146,-5.977
401671721,2024,REG,2,2024-09-15,Sunday,13:00,TB,DET,20,16,Home,7,7,295,-375,7.5,-108,-112,51.5,-112,-108,0,dome,fieldturf,,,00-0034855,00-0033106,Baker Mayfield,Jared Goff,Todd Bowles,Dan Campbell,DET00,Ford Field,0.3250,0.6750,+320,-350,+8-108,-7½-110,66.56,0.6499,0.3472,0.0027,19.81,31.69,51.50,5.939,-5.939,4.88,0.291
401671723,2024,REG,2,2024-09-15,Sunday,13:00,IND,GB,10,16,Home,7,9,-142,120,-3,-102,-118,41.5,-110,-110,0,outdoors,grass,85,7,00-0039164,00-0038128,Anthony Richardson,Malik Willis,Shane Steichen,Matt LaFleur,GNB00,Lambeau Field,0.6030,0.3970,-130,+120,-2-108,+2½-110,56.224,0.4468,0.5495,0.0035,22.08,18.42,40.50,-1.829,1.829,-3.954,-0.647
401671754,2024,REG,2,2024-09-15,Sunday,16:05,LA,ARI,10,41,Home,7,7,-112,-108,-1,-105,-115,47.5,-118,-102,1,closed,grass,,,00-0026498,00-0035228,Matthew Stafford,Kyler Murray,Sean McVay,Jonathan Gannon,PHO00,State Farm Stadium,0.4340,0.5660,-108,-108,+0-108,+0-108,52.804,0.4641,0.5321,0.0037,24.83,22.67,47.50,-1.077,1.077,-0.813,1.567
401671668,2024,REG,2,2024-09-15,Sunday,16:25,PIT,DEN,13,6,Home,7,7,-155,130,-3,-102,-118,36.5,-112,-108,0,outdoors,grass,83,4,00-0036945,00-0039732,Justin Fields,Bo Nix,Mike Tomlin,Sean Payton,DEN00,Empower Field at Mile High,0.5490,0.4510,-145,+135,-2½-118,+3-110,28.43,0.4203,0.5763,0.0033,21.19,15.31,36.50,-2.939,2.939,-5.754,-1.557
401671670,2024,REG,2,2024-09-15,Sunday,16:25,CIN,KC,25,26,Home,7,10,235,-290,6.5,-105,-115,47.5,-108,-112,0,outdoors,grass,89,8,00-0036442,00-0033873,Joe Burrow,Patrick Mahomes,Zac Taylor,Andy Reid,KAN00,GEHA Field at Arrowhead Stadium,0.2840,0.7160,+250,-265,+6½-105,-6½-108,71.955,0.6619,0.3353,0.0026,17.44,30.06,47.50,6.312,-6.312,5.589,0.719
401671786,2024,REG,2,2024-09-15,Sunday,20:20,CHI,HOU,13,19,Home,7,7,210,-258,6,-108,-112,45.5,-105,-115,0,closed,astroturf,,,00-0039918,00-0039163,Caleb Williams,C.J. Stroud,Matt Eberflus,DeMeco Ryans,HOU00,NRG Stadium,0.3640,0.6360,+255,-280,+6½-108,-6½-108,58.549,0.6552,0.3419,0.0027,16.85,28.65,45.50,5.904,-5.904,3.509,-0.914
401671691,2024,REG,2,2024-09-16,Monday,20:15,ATL,PHI,22,21,Home,8,10,215,-265,5.5,-105,-115,46.5,-110,-110,0,outdoors,grass,71,9,00-0029604,00-0036389,Kirk Cousins,Jalen Hurts,Raheem Morris,Nick Sirianni,PHI00,Lincoln Financial Field,0.3640,0.6360,+215,-235,+5½-108,-5-110,62.392,0.6305,0.3665,0.0029,17.84,28.66,46.50,5.411,-5.411,3.745,-0.392
401671808,2024,REG,3,2024-09-19,Thursday,20:15,NE,NYJ,3,24,Home,4,4,230,-285,6.5,-110,-110,39,-108,-112,1,outdoors,fieldturf,75,5,00-0033119,00-0023459,Jacoby Brissett,Aaron Rodgers,Jerod Mayo,Robert Saleh,NYC01,MetLife Stadium,0.2440,0.7560,+270,-280,+6½+104,-6½-110,40.764,0.6653,0.3320,0.0026,12.94,26.06,39.00,6.563,-6.563,1.778,-3.542
401671632,2024,REG,3,2024-09-22,Sunday,13:00,LAC,PIT,10,20,Home,7,7,124,-148,3,-118,-102,36,-115,-105,0,outdoors,grass,72,2,00-0036355,00-0036945,Justin Herbert,Justin Fields,Jim Harbaugh,Mike Tomlin,PIT00,Acrisure Stadium,0.5070,0.4930,+130,-138,+2½-108,-2½-108,52.656,0.4601,0.5361,0.0037,18.96,17.04,36.00,-0.961,0.961,-1.496,0.809
401671646,2024,REG,3,2024-09-22,Sunday,13:00,HOU,MIN,7,34,Home,7,7,-135,114,-2,-112,-108,46,-108,-112,0,dome,sportturf,,,00-0039163,00-0034869,C.J. Stroud,Sam Darnold,DeMeco Ryans,Kevin O'Connell,MIN01,U.S. Bank Stadium,0.5530,0.4470,-120,+110,-1½-108,+2-110,60.206,0.4555,0.5408,0.0036,24.80,21.70,46.50,-1.553,1.553,0.134,2.813
401671736,2024,REG,3,2024-09-22,Sunday,13:00,PHI,NO,15,12,Home,6,7,120,-142,2.5,-105,-115,49,-110,-110,0,dome,sportturf,,,00-0036389,00-0031280,Jalen Hurts,Derek Carr,Nick Sirianni,Dennis Allen,NOR00,Mercedes-Benz Superdome,0.5380,0.4620,+135,-138,+3-120,-2½-110,71.639,0.5234,0.4727,0.0038,23.64,25.36,49.00,0.864,-0.864,3.202,3.555
401671741,2024,REG,3,2024-09-22,Sunday,13:00,DEN,TB,26,7,Home,7,7,200,-245,6,-112,-108,40.5,-108,-112,0,outdoors,grass,85,6,00-0039732,00-0034855,Bo Nix,Baker Mayfield,Sean Payton,Todd Bowles,TAM00,Raymond James Stadium,0.3000,0.7000,+240,-250,+6+100,-5½-108,32.057,0.6927,0.3047,0.0024,12.15,28.35,40.50,8.099,-8.099,0.538,-6.128
401671823,2024,REG,3,2024-09-22,Sunday,13:00,GB,TEN,30,14,Home,7,7,136,-162,3,-112,-108,37,-108,-112,0,outdoors,grass,87,7,00-0038128,00-0039152,Malik Willis,Will Levis,Matt LaFleur,Brian Callahan,NAS00,Nissan Stadium,0.4850,0.5150,+150,-160,+3+100,-3-108,50.895,0.5060,0.4900,0.0039,18.07,18.93,37.00,0.43,-0.43,-3.143,-2.194
401671855,2024,REG,3,2024-09-22,Sunday,13:00,NYG,CLE,21,15,Home,7,7,220,-270,6.5,-112,-108,38,-108,-112,0,outdoors,grass,76,4,00-0035710,00-0033537,Daniel Jones,Deshaun Watson,Brian Daboll,Kevin Stefanski,CLE00,FirstEnergy Stadium,0.2930,0.7070,+255,-285,+6½-108,-6½-108,28.863,0.6552,0.3419,0.0027,13.08,24.92,38.00,5.916,-5.916,-0.702,-5.328
401671865,2024,REG,3,2024-09-22,Sunday,13:00,CHI,IND,16,21,Home,7,7,105,-125,1.5,-108,-112,43,-105,-115,0,closed,fieldturf,,,00-0039918,00-0039164,Caleb Williams,Anthony Richardson,Matt Eberflus,Shane Steichen,IND00,Lucas Oil Stadium,0.5000,0.5000,+120,-128,+2-108,-1½-110,39.778,0.5194,0.4767,0.0038,20.68,22.82,43.50,1.073,-1.073,-1.441,-1.294
401671658,2024,REG,3,2024-09-22,Sunday,16:05,CAR,LV,36,22,Home,7,7,200,-245,5.5,-110,-110,40,-108,-112,0,dome,grass,,,00-0027973,00-0035289,Andy Dalton,Gardner Minshew,Dave Canales,Antonio Pierce,VEG00,Allegiant Stadium,0.2980,0.7020,+215,-235,+6-110,-5½-108,12.299,0.6332,0.3638,0.0029,14.93,25.08,40.00,5.075,-5.075,-3.156,-7.1
401671662,2024,REG,3,2024-09-22,Sunday,16:05,MIA,SEA,3,24,Home,10,7,170,-205,4,-110,-110,41.5,-110,-110,0,outdoors,fieldturf,64,2,00-0037327,00-0030565,Skylar Thompson,Geno Smith,Mike McDaniel,Mike Macdonald,SEA00,Lumen Field,0.2750,0.7250,+180,-195,+4½-108,-4-110,47.979,0.6653,0.3320,0.0026,14.08,27.42,41.50,6.671,-6.671,-0.487,-5.805
401671763,2024,REG,3,2024-09-22,Sunday,16:25,BAL,DAL,28,25,Home,7,7,-120,100,-1.5,-110,-110,47.5,-112,-108,0,closed,matrixturf,,,00-0034796,00-0033077,Lamar Jackson,Dak Prescott,John Harbaugh,Mike McCarthy,DAL00,AT&T Stadium,0.5240,0.4760,-120,+110,-1½-108,+1½-108,61.646,0.4667,0.5294,0.0037,24.80,22.70,47.50,-1.051,1.051,0.423,2.74
401671771,2024,REG,3,2024-09-22,Sunday,16:25,DET,ARI,20,13,Home,7,7,-148,124,-3,-102,-118,51.5,-112,-108,0,closed,grass,,,00-0033106,00-0035228,Jared Goff,Kyler Murray,Dan Campbell,Jonathan Gannon,PHO00,State Farm Stadium,0.5830,0.4170,-145,+145,-3+100,+3-110,69.03,0.4840,0.5120,0.0038,25.95,25.55,51.50,-0.204,0.204,1.943,3.595
401671772,2024,REG,3,2024-09-22,Sunday,16:25,SF,LA,24,27,Home,7,7,-258,210,-6,-108,-112,44.5,-110,-110,1,dome,matrixturf,,,00-0037834,00-0026498,Brock Purdy,Matthew Stafford,Kyle Shanahan,Sean McVay,LAX01,SoFi Stadium,0.7440,0.2560,-260,+250,-6-108,+6-108,62.177,0.3678,0.6291,0.0029,27.62,16.88,44.50,-5.367,5.367,-1.105,5.382
401671793,2024,REG,3,2024-09-22,Sunday,20:20,KC,ATL,22,17,Home,7,6,-170,142,-3,-118,-102,46,-108,-112,0,closed,fieldturf,,,00-0033873,00-0029604,Patrick Mahomes,Kirk Cousins,Andy Reid,Raheem Morris,ATL97,Mercedes-Benz Stadium,0.6150,0.3850,-165,+155,-3-108,+3+100,67.858,0.4209,0.5756,0.0033,26.15,20.35,46.50,-2.898,2.898,0.463,4.598
401671682,2024,REG,3,2024-09-23,Monday,19:30,JAX,BUF,10,47,Home,8,11,180,-218,4,-108,-112,46.5,-110,-110,0,outdoors,a_turf,68,5,00-0036971,00-0034857,Trevor Lawrence,Josh Allen,Doug Pederson,Sean McDermott,BUF00,New Era Field,0.2880,0.7120,+197,-220,+5-110,-4½-108,64.613,0.6566,0.3406,0.0027,16.73,29.77,46.50,6.523,-6.523,5.016,-0.296
401671490,2024,REG,3,2024-09-23,Monday,20:15,WAS,CIN,38,33,Home,8,8,280,-355,7.5,-115,-105,46,-112,-108,0,outdoors,fieldturf,69,5,00-0039910,00-0036442,Jayden Daniels,Joe Burrow,Dan Quinn,Zac Taylor,CIN00,Paycor Stadium,0.2120,0.7880,+305,-325,+7½-116,-7-110,44.35,0.6305,0.3665,0.0029,17.69,27.81,45.50,5.061,-5.061,1.086,-2.823
401671812,2024,REG,4,2024-09-26,Thursday,20:15,DAL,NYG,20,15,Home,4,4,-250,205,-5.5,-115,-105,45,-112,-108,1,outdoors,fieldturf,74,3,00-0033077,00-0035710,Dak Prescott,Daniel Jones,Mike McCarthy,Brian Daboll,NYC01,MetLife Stadium,0.6840,0.3160,-240,+220,-5½-105,+5½-105,35.66,0.4276,0.5689,0.0034,25.62,19.38,45.00,-3.124,3.124,-4.438,0.037
401671622,2024,REG,4,2024-09-29,Sunday,13:00,DEN,NYJ,10,9,Home,7,10,330,-425,7.5,-108,-112,39.5,-112,-108,0,outdoors,fieldturf,67,8,00-0039732,00-0023459,Bo Nix,Aaron Rodgers,Sean Payton,Robert Saleh,NYC01,MetLife Stadium,0.2770,0.7230,+350,-400,+8½-108,-8-110,46.91,0.7068,0.2908,0.0023,11.26,28.24,39.50,8.492,-8.492,3.04,-4
401671643,2024,REG,4,2024-09-29,Sunday,13:00,MIN,GB,31,29,Home,7,7,114,-135,2.5,-102,-118,44,-112,-108,1,outdoors,grass,71,15,00-0034869,00-0036264,Sam Darnold,Jordan Love,Kevin O'Connell,Matt LaFleur,GNB00,Lambeau Field,0.4380,0.5620,+125,-135,+2½+100,-2½-108,71.778,0.5783,0.4183,0.0033,19.17,25.34,44.50,3.085,-3.085,3.946,2.057
401671727,2024,REG,4,2024-09-29,Sunday,13:00,NO,ATL,24,26,Home,7,7,120,-142,2.5,-105,-115,41.5,-112,-108,1,closed,fieldturf,,,00-0031280,00-0029604,Derek Carr,Kirk Cousins,Dennis Allen,Raheem Morris,ATL97,Mercedes-Benz Stadium,0.4260,0.5740,+126,-144,+2½+100,-2½-110,59.893,0.4827,0.5133,0.0038,21.69,20.81,42.50,-0.436,0.436,0.418,2.228
401671740,2024,REG,4,2024-09-29,Sunday,13:00,PHI,TB,16,33,Home,7,7,-115,-105,-1,-110,-110,42,-108,-112,0,outdoors,grass,88,9,00-0036389,00-0034855,Jalen Hurts,Baker Mayfield,Nick Sirianni,Todd Bowles,TAM00,Raymond James Stadium,0.5310,0.4690,-110,+100,+0-110,+1-108,56.611,0.3771,0.6198,0.0030,25.25,16.75,42.00,-4.248,4.248,-1.744,3.636
401671745,2024,REG,4,2024-09-29,Sunday,13:00,CIN,CAR,34,24,Home,6,7,-205,170,-4.5,-112,-108,47,-108,-112,0,outdoors,grass,78,6,00-0036442,00-0027973,Joe Burrow,Andy Dalton,Zac Taylor,Dave Canales,CAR00,Bank of America Stadium,0.6700,0.3300,-216,+200,-4½-108,+5½-110,33.262,0.3552,0.6419,0.0028,29.00,17.00,46.00,-6.003,6.003,-5.369,1.73
401671857,2024,REG,4,2024-09-29,Sunday,13:00,JAX,HOU,20,24,Home,6,7,195,-238,5.5,-108,-112,44.5,-108,-112,1,closed,astroturf,,,00-0036971,00-0039163,Trevor Lawrence,C.J. Stroud,Doug Pederson,DeMeco Ryans,HOU00,NRG Stadium,0.3270,0.6730,+220,-250,+6-110,-5½-108,45.259,0.6071,0.3897,0.0031,17.89,26.61,44.50,4.362,-4.362,0.873,-2.209
401671867,2024,REG,4,2024-09-29,Sunday,13:00,PIT,IND,24,27,Home,7,7,-130,110,-2.5,-108,-112,40,-110,-110,0,closed,fieldturf,,,00-0036945,00-0039164,Justin Fields,Anthony Richardson,Mike Tomlin,Shane Steichen,IND00,Lucas Oil Stadium,0.4530,0.5470,-135,+130,-2½-108,+2½-105,45.596,0.4628,0.5334,0.0037,21.77,19.23,41.00,-1.267,1.267,-1.96,0.392
401671871,2024,REG,4,2024-09-29,Sunday,13:00,LA,CHI,18,24,Home,7,7,136,-162,3,-112,-108,40,-105,-115,0,outdoors,grass,70,16,00-0026498,00-0039918,Matthew Stafford,Caleb Williams,Sean McVay,Matt Eberflus,CHI98,Soldier Field,0.3280,0.6720,+165,-165,+3+104,-3-110,44.265,0.4840,0.5120,0.0038,20.47,20.03,40.50,-0.221,0.221,-1.55,-0.077
401671755,2024,REG,4,2024-09-29,Sunday,16:05,WAS,ARI,42,14,Home,6,7,150,-180,3.5,-115,-105,49,-112,-108,0,closed,grass,,,00-0039910,00-0035228,Jayden Daniels,Kyler Murray,Dan Quinn,Jonathan Gannon,PHO00,State Farm Stadium,0.3120,0.6880,+165,-175,+3½-108,-3½+100,48.926,0.6037,0.3930,0.0031,20.15,28.35,48.50,4.096,-4.096,1.081,-1.604
401671758,2024,REG,4,2024-09-29,Sunday,16:05,NE,SF,13,30,Home,10,7,410,-550,10.5,-112,-108,41.5,-110,-110,0,outdoors,grass,71,5,00-0033119,00-0037834,Jacoby Brissett,Brock Purdy,Jerod Mayo,Kyle Shanahan,SFO01,Levi's Stadium,0.1920,0.8080,+475,-580,+11-110,-10½-108,52.108,0.7764,0.2217,0.0017,9.25,32.75,42.00,11.75,-11.75,5.415,-4.891
401671672,2024,REG,4,2024-09-29,Sunday,16:25,CLE,LV,16,20,Home,7,7,-135,114,-2.5,-115,-105,36.5,-108,-112,0,dome,grass,,,00-0033537,00-0035289,Deshaun Watson,Gardner Minshew,Kevin Stefanski,Antonio Pierce,VEG00,Allegiant Stadium,0.5110,0.4890,-145,+140,-3+100,+3-110,24.717,0.4681,0.5281,0.0037,18.82,18.19,37.00,-0.315,0.315,-4.136,-2.563
401671674,2024,REG,4,2024-09-29,Sunday,16:25,KC,LAC,17,10,Home,7,7,-345,275,-7.5,-108,-112,41.5,-108,-112,1,dome,matrixturf,,,00-0033873,00-0036355,Patrick Mahomes,Justin Herbert,Andy Reid,Jim Harbaugh,LAX01,SoFi Stadium,0.6740,0.3260,-320,+290,-7+105,+7-110,66.357,0.3930,0.6037,0.0031,25.16,16.84,42.00,-4.16,4.16,-0.143,5.178
401671783,2024,REG,4,2024-09-29,Sunday,20:20,BUF,BAL,10,35,Home,6,7,114,-135,2.5,-108,-112,46.5,-110,-110,0,outdoors,grass,68,8,00-0034857,00-0034796,Josh Allen,Lamar Jackson,Sean McDermott,John Harbaugh,BAL00,M&T Bank Stadium,0.4580,0.5420,+135,-135,+2½+102,-2½-110,83.778,0.4409,0.5555,0.0035,25.88,21.62,47.50,-2.133,2.133,3.61,6.971
401671683,2024,REG,4,2024-09-30,Monday,19:30,TEN,MIA,31,12,Home,8,8,114,-135,2.5,-108,-112,37,-110,-110,0,outdoors,grass,86,9,00-0039152,00-0035993,Will Levis,Tyler Huntley,Brian Callahan,Mike McDaniel,MIA00,Hard Rock Stadium,0.5060,0.4940,+135,-150,+3-110,-2½-118,30.224,0.5187,0.4774,0.0038,18.09,19.42,37.50,0.665,-0.665,-4.516,-3.988
401671491,2024,REG,4,2024-09-30,Monday,20:15,SEA,DET,29,42,Home,8,8,154,-185,3.5,-108,-112,46.5,-108,-112,0,dome,fieldturf,,,00-0030565,00-0033106,Geno Smith,Jared Goff,Mike Macdonald,Dan Campbell,DET00,Ford Field,0.3930,0.6070,+200,-215,+4½-110,-4-108,61.952,0.6084,0.3884,0.0031,18.82,28.18,47.00,4.68,-4.68,3.71,-0.02
401671815,2024,REG,5,2024-10-03,Thursday,20:15,TB,ATL,30,36,Home,4,4,120,-142,2.5,-102,-118,44,-110,-110,1,closed,fieldturf,,,00-0034855,00-0029604,Baker Mayfield,Kirk Cousins,Todd Bowles,Raheem Morris,ATL97,Mercedes-Benz Stadium,0.4480,0.5520,+130,-140,+2½-103,-2½-107,51.103,0.5395,0.4568,0.0036,21.01,22.99,44.00,0.993,-0.993,-0.104,0.112
401671804,2024,REG,5,2024-10-06,Sunday,09:30,NYJ,MIN,17,23,Neutral,7,7,120,-142,2.5,-105,-115,42,-112,-108,0,outdoors,grass,59,8,00-0023459,00-0034869,Aaron Rodgers,Sam Darnold,Robert Saleh,Kevin O'Connell,LON02,Tottenham Stadium,0.4390,0.5610,+125,-125,+2½-105,-1½-110,66.514,0.5348,0.4614,0.0037,19.39,22.61,42.00,1.611,-1.611,2.326,1.947
401671626,2024,REG,5,2024-10-06,Sunday,13:00,BAL,CIN,41,38,Home,7,7,-148,124,-2.5,-118,-102,48.5,-112,-108,1,outdoors,fieldturf,81,10,00-0034796,00-0036442,Lamar Jackson,Joe Burrow,John Harbaugh,Zac Taylor,CIN00,Paycor Stadium,0.6100,0.3900,-135,+125,-2½-108,+2½-108,75.168,0.4415,0.5548,0.0035,26.42,22.08,48.50,-2.173,2.173,1.75,5.262
401671633,2024,REG,5,2024-10-06,Sunday,13:00,IND,JAX,34,37,Home,7,7,154,-185,3.5,-110,-110,45,-110,-110,1,outdoors,grass,74,4,00-0026158,00-0036971,Joe Flacco,Trevor Lawrence,Shane Steichen,Doug Pederson,JAX00,TIAA Bank Stadium,0.4020,0.5980,+190,-200,+3½+100,-3½-108,35.05,0.4940,0.5020,0.0039,22.94,22.06,45.00,-0.436,0.436,-2.581,-0.864
401671700,2024,REG,5,2024-10-06,Sunday,13:00,MIA,NE,15,10,Home,6,7,-130,110,-2,-112,-108,37,-108,-112,1,outdoors,fieldturf,65,2,00-0035993,00-0033119,Tyler Huntley,Jacoby Brissett,Mike McDaniel,Jerod Mayo,BOS00,Gillette Stadium,0.4880,0.5120,-125,+112,-1½-110,+2-108,18.75,0.5843,0.4123,0.0033,15.21,21.79,37.00,3.286,-3.286,-5.956,-8.341
401671718,2024,REG,5,2024-10-06,Sunday,13:00,CLE,WAS,13,34,Home,7,7,130,-155,3,-112,-108,44,-112,-108,0,outdoors,grass,73,5,00-0033537,00-0039910,Deshaun Watson,Jayden Daniels,Kevin Stefanski,Dan Quinn,WAS00,FedExField,0.4420,0.5580,+135,-150,+3-110,-3+100,42.841,0.6365,0.3605,0.0029,16.57,26.93,43.50,5.178,-5.178,0.851,-3.014
401671859,2024,REG,5,2024-10-06,Sunday,13:00,BUF,HOU,20,23,Home,7,7,-102,-118,1,-108,-112,48,-110,-110,0,closed,astroturf,,,00-0034857,00-0039163,Josh Allen,C.J. Stroud,Sean McDermott,DeMeco Ryans,HOU00,NRG Stadium,0.5010,0.4990,+110,-120,+1½-108,-1-110,70.41,0.4322,0.5642,0.0034,26.26,21.74,48.00,-2.258,2.258,1.195,4.88
401671872,2024,REG,5,2024-10-06,Sunday,13:00,CAR,CHI,10,36,Home,7,7,164,-198,4,-108,-112,40,-108,-112,0,outdoors,grass,74,7,00-0027973,00-0039918,Andy Dalton,Caleb Williams,Dave Canales,Matt Eberflus,CHI98,Soldier Field,0.2660,0.7340,+180,-190,+4-108,-4-108,22.333,0.6318,0.3652,0.0029,14.94,25.06,40.00,5.057,-5.057,-1.104,-5.068
401671747,2024,REG,5,2024-10-06,Sunday,16:05,LV,DEN,18,34,Home,7,7,130,-155,3,-112,-108,36,-108,-112,1,outdoors,grass,73,7,00-0035289,00-0039732,Gardner Minshew,Bo Nix,Antonio Pierce,Sean Payton,DEN00,Empower Field at Mile High,0.4340,0.5660,+145,-155,+3+100,-3-108,22.891,0.5053,0.4907,0.0039,17.49,18.51,36.00,0.511,-0.511,-4.06,-3.464
401671756,2024,REG,5,2024-10-06,Sunday,16:05,ARI,SF,24,23,Home,7,7,260,-325,7,-105,-115,48.5,-108,-112,1,outdoors,grass,89,3,00-0035228,00-0037834,Kyler Murray,Brock Purdy,Jonathan Gannon,Kyle Shanahan,SFO01,Levi's Stadium,0.2240,0.7760,+300,-345,+7+100,-7-110,67.89,0.6967,0.3007,0.0024,16.58,32.42,49.00,7.92,-7.92,5.6,-0.873
401671679,2024,REG,5,2024-10-06,Sunday,16:25,GB,LA,24,19,Home,7,7,-155,130,-3,-112,-108,49.5,-112,-108,0,dome,matrixturf,,,00-0036264,00-0026498,Jordan Love,Matthew Stafford,Matt LaFleur,Sean McVay,LAX01,SoFi Stadium,0.6240,0.3760,-145,+145,-3-108,+3-105,60.899,0.4349,0.5615,0.0034,27.32,22.18,49.50,-2.574,2.574,-0.355,3.616
401671680,2024,REG,5,2024-10-06,Sunday,16:25,NYG,SEA,29,20,Home,10,6,250,-310,7,-112,-108,42.5,-110,-110,0,outdoors,fieldturf,61,3,00-0035710,00-0030565,Daniel Jones,Geno Smith,Brian Daboll,Mike Macdonald,SEA00,Lumen Field,0.3070,0.6930,+280,-300,+7-105,-7+100,34.564,0.6325,0.3645,0.0029,15.89,26.61,42.50,5.362,-5.362,-0.224,-4.417
401671784,2024,REG,5,2024-10-06,Sunday,20:20,DAL,PIT,20,17,Home,10,7,114,-135,2.5,-108,-112,43.5,-108,-112,0,outdoors,grass,67,6,00-0033077,00-0036945,Dak Prescott,Justin Fields,Mike McCarthy,Mike Tomlin,PIT00,Acrisure Stadium,0.5120,0.4880,+125,-130,+2½+100,-2½-110,56.964,0.5113,0.4847,0.0038,21.27,22.73,44.00,0.729,-0.729,0.014,0.584
401671687,2024,REG,5,2024-10-07,Monday,20:15,NO,KC,13,26,Home,8,8,190,-230,5.5,-112,-108,43,-110,-110,0,outdoors,grass,70,1,00-0031280,00-0033873,Derek Carr,Patrick Mahomes,Dennis Allen,Andy Reid,KAN00,GEHA Field at Arrowhead Stadium,0.3000,0.7000,+200,-224,+5½-110,-5-108,77.599,0.5977,0.3990,0.0032,17.36,25.64,43.00,4.14,-4.14,5.195,2.519
401671819,2024,REG,6,2024-10-10,Thursday,20:15,SF,SEA,36,24,Home,4,4,-198,164,-3.5,-118,-102,49,-110,-110,1,outdoors,fieldturf,59,10,00-0037834,00-0030565,Brock Purdy,Geno Smith,Kyle Shanahan,Mike Macdonald,SEA00,Lumen Field,0.5880,0.4120,-185,+175,-3½+100,+3½-110,64.521,0.3811,0.6158,0.0030,28.83,19.67,48.50,-4.578,4.578,-1.129,4.528
401671802,2024,REG,6,2024-10-13,Sunday,09:30,JAX,CHI,16,35,Neutral,7,7,-120,100,-1.5,-108,-112,44.5,-108,-112,0,outdoors,grass,54,3,00-0036971,00-0039918,Trevor Lawrence,Caleb Williams,Doug Pederson,Matt Eberflus,LON02,Tottenham Stadium,0.4750,0.5250,-125,+109,-1½-108,+2-110,43.776,0.6010,0.3957,0.0031,18.67,25.83,44.50,3.581,-3.581,0.083,-2.158
401671619,2024,REG,6,2024-10-13,Sunday,13:00,HOU,NE,41,21,Home,7,7,-265,215,-6.5,-108,-112,38.5,-112,-108,0,outdoors,fieldturf,53,5,00-0039163,00-0039851,C.J. Stroud,Drake Maye,DeMeco Ryans,Jerod Mayo,BOS00,Gillette Stadium,0.7490,0.2510,-280,+255,-6½-105,+7-120,35.949,0.2948,0.7028,0.0023,28.11,11.39,39.50,-8.358,8.358,-7.565,1.482
401671625,2024,REG,6,2024-10-13,Sunday,13:00,WAS,BAL,23,30,Home,7,7,230,-285,6.5,-108,-112,51.5,-110,-110,0,outdoors,grass,75,8,00-0039910,00-0034796,Jayden Daniels,Lamar Jackson,Dan Quinn,John Harbaugh,BAL00,M&T Bank Stadium,0.2430,0.7570,+270,-300,+7-108,-7-106,75.296,0.6512,0.3459,0.0027,19.36,31.14,50.50,5.886,-5.886,5.993,1.432
401671714,2024,REG,6,2024-10-13,Sunday,13:00,CLE,PHI,16,20,Home,7,14,330,-425,8,-108,-112,42,-110,-110,0,outdoors,grass,82,10,00-0033537,00-0036389,Deshaun Watson,Jalen Hurts,Kevin Stefanski,Nick Sirianni,PHI00,Lincoln Financial Field,0.2720,0.7280,+340,-392,+8½-110,-8-108,44.941,0.6947,0.3027,0.0024,13.08,28.92,42.00,7.917,-7.917,2.242,-3.888
401671722,2024,REG,6,2024-10-13,Sunday,13:00,ARI,GB,13,34,Home,7,7,195,-238,5.5,-110,-110,47,-110,-110,0,outdoors,grass,50,4,00-0035228,00-0036264,Kyler Murray,Jordan Love,Jonathan Gannon,Matt LaFleur,GNB00,Lambeau Field,0.2960,0.7040,+210,-240,+5½-108,-5½-108,63.104,0.6151,0.3818,0.0030,19.25,27.75,47.00,4.249,-4.249,3.481,0.213
401671735,2024,REG,6,2024-10-13,Sunday,13:00,TB,NO,51,27,Home,10,6,-175,145,-3.5,-108,-112,42.5,-110,-110,1,dome,sportturf,,,00-0034855,00-0039376,Baker Mayfield,Spencer Rattler,Todd Bowles,Dennis Allen,NOR00,Mercedes-Benz Superdome,0.6750,0.3250,-180,+165,-3½-105,+3½-110,59.592,0.4030,0.5937,0.0032,25.01,17.49,42.50,-3.763,3.763,-4.231,0.547
401671820,2024,REG,6,2024-10-13,Sunday,13:00,IND,TEN,20,17,Home,7,13,114,-135,2.5,-110,-110,42,-112,-108,1,outdoors,grass,80,12,00-0026158,00-0039152,Joe Flacco,Will Levis,Shane Steichen,Brian Callahan,NAS00,Nissan Stadium,0.4560,0.5440,+125,-132,+2½+100,-2½-108,35.997,0.4495,0.5468,0.0036,22.73,18.77,41.50,-1.977,1.977,-3.115,0.283
401671655,2024,REG,6,2024-10-13,Sunday,16:05,LAC,DEN,23,16,Home,14,7,-155,130,-3,-105,-115,37,-108,-112,1,outdoors,grass,65,7,00-0036355,00-0039732,Justin Herbert,Bo Nix,Jim Harbaugh,Sean Payton,DEN00,Empower Field at Mile High,0.5030,0.4970,-152,+145,-3+104,+3-110,35.559,0.4448,0.5515,0.0035,20.48,16.52,37.00,-1.98,1.98,-3.746,-0.978
401671657,2024,REG,6,2024-10-13,Sunday,16:05,PIT,LV,32,13,Home,7,7,-180,150,-3.5,-110,-110,36.5,-108,-112,0,dome,grass,,,00-0036945,00-0038579,Justin Fields,Aidan O'Connell,Mike Tomlin,Antonio Pierce,VEG00,Allegiant Stadium,0.6200,0.3800,-170,+180,-3-120,+3+115,40.712,0.4515,0.5448,0.0036,20.31,16.70,37.00,-1.805,1.805,-3.116,-0.165
401671764,2024,REG,6,2024-10-13,Sunday,16:25,DET,DAL,47,9,Home,13,7,-180,150,-3.5,-105,-115,52.5,-110,-110,0,closed,matrixturf,,,00-0033106,00-0033077,Jared Goff,Dak Prescott,Dan Campbell,Mike McCarthy,DAL00,AT&T Stadium,0.6390,0.3610,-200,+180,-3½-108,+3½-105,68.245,0.4296,0.5669,0.0034,29.52,23.98,53.50,-2.771,2.771,0.895,4.803
401671769,2024,REG,6,2024-10-13,Sunday,16:25,ATL,CAR,38,20,Home,10,7,-258,210,-6,-112,-108,45.5,-110,-110,1,outdoors,grass,79,9,00-0029604,00-0027973,Kirk Cousins,Andy Dalton,Raheem Morris,Dave Canales,CAR00,Bank of America Stadium,0.7160,0.2840,-240,+230,-6-108,+6-108,26.665,0.3718,0.6251,0.0029,28.13,17.87,46.00,-5.127,5.127,-6.173,0.165
401671791,2024,REG,6,2024-10-13,Sunday,20:20,CIN,NYG,17,7,Home,7,7,-230,190,-4.5,-112,-108,46,-102,-118,0,outdoors,fieldturf,63,2,00-0036442,00-0035710,Joe Burrow,Daniel Jones,Zac Taylor,Brian Daboll,NYC01,MetLife Stadium,0.6030,0.3970,-200,+195,-4-108,+4+100,45.517,0.3911,0.6057,0.0031,27.09,18.91,46.00,-4.094,4.094,-3.557,1.743
401671684,2024,REG,6,2024-10-14,Monday,20:15,BUF,NYJ,23,20,Home,8,8,-122,102,-1,-112,-108,42,-110,-110,1,outdoors,fieldturf,49,14,00-0034857,00-0023459,Josh Allen,Aaron Rodgers,Sean McDermott,Robert Saleh,NYC01,MetLife Stadium,0.6030,0.3970,-115,+105,-1-108,+1½-110,70.912,0.4428,0.5535,0.0035,22.97,19.03,42.00,-1.973,1.973,1.405,4.321
401671816,2024,REG,7,2024-10-17,Thursday,20:15,DEN,NO,33,10,Home,4,4,-148,124,-2.5,-118,-102,37,-110,-110,0,dome,sportturf,,,00-0039732,00-0039376,Bo Nix,Spencer Rattler,Sean Payton,Dennis Allen,NOR00,Mercedes-Benz Superdome,0.5270,0.4730,-147,+135,-2½-110,+3-110,39.986,0.4833,0.5127,0.0038,18.97,18.03,37.00,-0.473,0.473,-5.216,-3.757
401671801,2024,REG,7,2024-10-20,Sunday,09:30,NE,JAX,16,32,Neutral,7,7,240,-298,6.5,-105,-115,42,-108,-112,0,outdoors,grass,63,12,00-0039851,00-0036971,Drake Maye,Trevor Lawrence,Jerod Mayo,Doug Pederson,LON00,Wembley Stadium,0.3040,0.6960,+288,-320,+7-105,-6½-115,17.721,0.7014,0.2961,0.0023,13.41,29.09,42.50,7.84,-7.84,-3.046,-9.648
401671616,2024,REG,7,2024-10-20,Sunday,13:00,TEN,BUF,10,34,Home,7,6,400,-535,9.5,-110,-110,41,-108,-112,0,outdoors,a_turf,66,12,00-0034771,00-0034857,Mason Rudolph,Josh Allen,Brian Callahan,Sean McDermott,BUF00,New Era Field,0.1960,0.8040,+400,-450,+9½-110,-9-108,57.166,0.6278,0.3691,0.0029,15.61,25.39,41.00,4.894,-4.894,4.533,0.631
401671644,2024,REG,7,2024-10-20,Sunday,13:00,HOU,GB,22,24,Home,7,7,142,-170,3,100,-120,48,-108,-112,0,outdoors,grass,72,3,00-0039163,00-0036264,C.J. Stroud,Jordan Love,DeMeco Ryans,Matt LaFleur,GNB00,Lambeau Field,0.4680,0.5320,+160,-170,+3½-110,-3-115,73.377,0.5776,0.4189,0.0033,20.53,26.97,47.50,3.224,-3.224,4.617,2.004
401671710,2024,REG,7,2024-10-20,Sunday,13:00,PHI,NYG,28,3,Home,7,7,-166,140,-3,-120,100,42,-110,-110,1,outdoors,fieldturf,71,4,00-0036389,00-0035710,Jalen Hurts,Daniel Jones,Nick Sirianni,Brian Daboll,NYC01,MetLife Stadium,0.6360,0.3640,-159,+150,-3-110,+3+100,46.392,0.3685,0.6285,0.0029,26.23,15.77,42.00,-5.229,5.229,-3.835,2.363
401671724,2024,REG,7,2024-10-20,Sunday,13:00,DET,MIN,31,29,Home,7,14,-102,-118,1,-108,-112,50.5,-112,-108,1,dome,sportturf,,,00-0033106,00-0034869,Jared Goff,Sam Darnold,Dan Campbell,Kevin O'Connell,MIN01,U.S. Bank Stadium,0.5250,0.4750,+110,-120,+2-108,-1½-110,79.163,0.4355,0.5609,0.0035,27.69,22.31,50.00,-2.694,2.694,2.379,6.619
401671730,2024,REG,7,2024-10-20,Sunday,13:00,SEA,ATL,34,14,Home,10,7,136,-162,3,-115,-105,51.5,-110,-110,0,closed,fieldturf,,,00-0030565,00-0029604,Geno Smith,Kirk Cousins,Mike Macdonald,Raheem Morris,ATL97,Mercedes-Benz Stadium,0.4050,0.5950,+144,-155,+3-105,-3+100,50.366,0.5776,0.4189,0.0033,22.83,28.67,51.50,2.918,-2.918,0.893,-1.264
401671853,2024,REG,7,2024-10-20,Sunday,13:00,CIN,CLE,21,14,Home,7,7,-230,190,-5.5,-110,-110,42,-112,-108,1,outdoors,grass,62,8,00-0036442,00-0033537,Joe Burrow,Deshaun Watson,Zac Taylor,Kevin Stefanski,CLE00,FirstEnergy Stadium,0.6410,0.3590,-225,+210,-5-108,+6-110,39.297,0.3911,0.6057,0.0031,25.77,16.73,42.50,-4.521,4.521,-4.203,0.989
401671864,2024,REG,7,2024-10-20,Sunday,13:00,MIA,IND,10,16,Home,14,7,130,-155,3,-120,100,44,-108,-112,0,closed,fieldturf,,,00-0034177,00-0039164,Tim Boyle,Anthony Richardson,Mike McDaniel,Shane Steichen,IND00,Lucas Oil Stadium,0.4470,0.5530,+135,-145,+3-120,-2½-110,40.703,0.6901,0.3074,0.0024,14.47,29.53,44.00,7.534,-7.534,-0.681,-7.542
401671640,2024,REG,7,2024-10-20,Sunday,16:05,CAR,WAS,7,40,Home,7,7,400,-535,10,100,-120,51,-110,-110,0,outdoors,grass,76,2,00-0027973,00-0039910,Andy Dalton,Jayden Daniels,Dave Canales,Dan Quinn,WAS00,FedExField,0.2460,0.7540,+450,-500,+10+100,-10-110,32.133,0.7249,0.2729,0.0021,16.31,34.69,51.00,9.186,-9.186,1.455,-6.91
401671663,2024,REG,7,2024-10-20,Sunday,16:05,LV,LA,15,20,Home,7,14,280,-355,7,-105,-115,43,-105,-115,0,dome,matrixturf,,,00-0038579,00-0026498,Aidan O'Connell,Matthew Stafford,Antonio Pierce,Sean McVay,LAX01,SoFi Stadium,0.3150,0.6850,+296,-300,+7+104,-7-110,36.585,0.6305,0.3665,0.0029,16.43,27.07,43.50,5.322,-5.322,-0.138,-4.351
401671777,2024,REG,7,2024-10-20,Sunday,16:25,KC,SF,28,18,Home,13,10,120,-142,2.5,-105,-115,47.5,-110,-110,0,outdoors,grass,78,3,00-0033873,00-0037834,Patrick Mahomes,Brock Purdy,Andy Reid,Kyle Shanahan,SFO01,Levi's Stadium,0.4770,0.5230,+135,-145,+2½+104,-2½-110,86.472,0.5080,0.4880,0.0039,23.55,24.45,48.00,0.453,-0.453,4.849,5.637
401671785,2024,REG,7,2024-10-20,Sunday,20:20,NYJ,PIT,15,37,Home,6,7,-166,140,-3,-108,-112,40,-110,-110,0,outdoors,grass,60,4,00-0023459,00-0029263,Aaron Rodgers,Russell Wilson,Robert Saleh,Mike Tomlin,PIT00,Acrisure Stadium,0.4700,0.5300,-150,+140,-2½-110,+2½+100,61.914,0.5046,0.4913,0.0039,19.68,20.32,40.00,0.316,-0.316,0.797,1.636
401671695,2024,REG,7,2024-10-21,Monday,20:15,BAL,TB,41,31,Home,8,8,-225,185,-4.5,-110,-110,51,-110,-110,0,outdoors,grass,80,8,00-0034796,00-0034855,Lamar Jackson,Baker Mayfield,John Harbaugh,Todd Bowles,TAM00,Raymond James Stadium,0.5850,0.4150,-220,+197,-4-110,+4½-108,77.05,0.4103,0.5863,0.0033,28.76,22.24,51.00,-3.261,3.261,1.938,6.236
401671699,2024,REG,7,2024-10-21,Monday,21:00,LAC,ARI,15,17,Home,8,8,-122,102,-1,-115,-105,44,-108,-112,0,closed,grass,,,00-0036355,00-0035228,Justin Herbert,Kyler Murray,Jim Harbaugh,Jonathan Gannon,PHO00,State Farm Stadium,0.5720,0.4280,-114,+105,-1-108,+1½-110,47.705,0.5127,0.4833,0.0038,21.53,22.97,44.50,0.722,-0.722,-0.919,-0.487
401671817,2024,REG,8,2024-10-24,Thursday,20:15,MIN,LA,20,30,Home,4,4,-155,130,-3,-105,-115,47.5,-110,-110,0,dome,matrixturf,,,00-0034869,00-0026498,Sam Darnold,Matthew Stafford,Kevin O'Connell,Sean McVay,LAX01,SoFi Stadium,0.6400,0.3600,-144,+130,-2½-110,+2½+102,55.968,0.4594,0.5368,0.0036,25.33,21.67,47.00,-1.828,1.828,-0.641,2.096
401671618,2024,REG,8,2024-10-27,Sunday,13:00,NYJ,NE,22,25,Home,7,7,-305,245,-7,-110,-110,41,-110,-110,1,outdoors,fieldturf,53,8,00-0023459,00-0039851,Aaron Rodgers,Drake Maye,Robert Saleh,Jerod Mayo,BOS00,Gillette Stadium,0.7780,0.2220,-330,+312,-7-108,+7-108,32.001,0.2868,0.7108,0.0023,28.84,12.16,41.00,-8.338,8.338,-8.51,0.731
401671667,2024,REG,8,2024-10-27,Sunday,13:00,PHI,CIN,37,17,Home,7,7,124,-148,2.5,100,-120,47.5,-108,-112,0,outdoors,fieldturf,59,6,00-0036389,00-0036442,Jalen Hurts,Joe Burrow,Nick Sirianni,Zac Taylor,CIN00,Paycor Stadium,0.4440,0.5560,+135,-145,+3-110,-2½-115,63.937,0.4548,0.5415,0.0036,25.53,21.97,47.50,-1.776,1.776,0.451,3.25
401671707,2024,REG,8,2024-10-27,Sunday,13:00,GB,JAX,30,27,Home,7,7,-192,160,-3.5,-115,-105,49,-112,-108,0,outdoors,grass,84,4,00-0036264,00-0036971,Jordan Love,Trevor Lawrence,Matt LaFleur,Doug Pederson,JAX00,TIAA Bank Stadium,0.6590,0.3410,-170,+165,-3½+102,+3½-110,58.829,0.3346,0.6626,0.0026,30.61,18.39,49.00,-6.108,6.108,-2.375,4.896
401671720,2024,REG,8,2024-10-27,Sunday,13:00,TEN,DET,14,52,Home,7,7,550,-800,12.5,-105,-115,45,-108,-112,0,dome,fieldturf,,,00-0034771,00-0033106,Mason Rudolph,Jared Goff,Brian Callahan,Dan Campbell,DET00,Ford Field,0.1290,0.8710,+550,-700,+13-110,-12-110,58.418,0.7362,0.2616,0.0021,13.42,32.08,45.50,9.326,-9.326,7.148,-1.328
401671739,2024,REG,8,2024-10-27,Sunday,13:00,ATL,TB,31,26,Home,7,6,-122,102,-1.5,-110,-110,47,-108,-112,1,outdoors,grass,79,6,00-0029604,00-0034855,Kirk Cousins,Baker Mayfield,Raheem Morris,Todd Bowles,TAM00,Raymond James Stadium,0.5250,0.4750,-118,+110,-1-110,+2-108,58.341,0.5756,0.4209,0.0033,20.98,26.52,47.50,2.768,-2.768,2.027,0.26
401671850,2024,REG,8,2024-10-27,Sunday,13:00,ARI,MIA,28,27,Home,6,7,164,-198,4,-108,-112,46.5,-110,-110,0,outdoors,grass,82,14,00-0035228,00-0034177,Kyler Murray,Tim Boyle,Jonathan Gannon,Mike McDaniel,MIA00,Hard Rock Stadium,0.4260,0.5740,+195,-210,+5-108,-4½-110,42.089,0.4780,0.5180,0.0038,23.90,22.60,46.50,-0.653,0.653,-2.21,-0.535
401671852,2024,REG,8,2024-10-27,Sunday,13:00,BAL,CLE,24,29,Home,6,7,-380,300,-7.5,-110,-110,44.5,-105,-115,1,outdoors,grass,52,4,00-0034796,00-0031503,Lamar Jackson,Jameis Winston,John Harbaugh,Kevin Stefanski,CLE00,FirstEnergy Stadium,0.8670,0.1330,-330,+315,-7-110,+7½-110,56.772,0.3466,0.6506,0.0027,28.08,16.43,44.50,-5.825,5.825,-0.216,6.492
401671856,2024,REG,8,2024-10-27,Sunday,13:00,IND,HOU,20,23,Home,7,7,185,-225,5,-112,-108,45,-108,-112,1,closed,astroturf,,,00-0026158,00-0039163,Joe Flacco,C.J. Stroud,Shane Steichen,DeMeco Ryans,HOU00,NRG Stadium,0.3230,0.6770,+200,-230,+5-108,-4½-110,52.429,0.6010,0.3957,0.0031,18.42,26.58,45.00,4.083,-4.083,1.594,-1.24
401671750,2024,REG,8,2024-10-27,Sunday,16:05,NO,LAC,8,26,Home,10,6,250,-310,7,-110,-110,41.5,-108,-112,0,dome,matrixturf,,,00-0039376,00-0036355,Spencer Rattler,Justin Herbert,Dennis Allen,Jim Harbaugh,LAX01,SoFi Stadium,0.2630,0.7370,+309,-340,+7½-108,-7-110,48.898,0.6646,0.3326,0.0026,14.07,27.43,41.50,6.679,-6.679,-0.649,-6.12
401671760,2024,REG,8,2024-10-27,Sunday,16:05,BUF,SEA,31,10,Home,7,7,-170,142,-3,-120,100,45.5,-105,-115,0,outdoors,fieldturf,55,14,00-0034857,00-0030565,Josh Allen,Geno Smith,Sean McDermott,Mike Macdonald,SEA00,Lumen Field,0.5570,0.4430,-155,+140,-3-105,+3-108,68.012,0.3678,0.6291,0.0029,27.52,17.48,45.00,-5.022,5.022,-0.581,5.624
401671599,2024,REG,8,2024-10-27,Sunday,16:25,CHI,WAS,15,18,Home,14,7,102,-122,1.5,-110,-110,46.5,-108,-112,0,outdoors,grass,58,2,00-0039918,00-0039910,Caleb Williams,Jayden Daniels,Matt Eberflus,Dan Quinn,WAS00,FedExField,0.5170,0.4830,+105,-115,+1½-110,+0-110,63.607,0.5000,0.4960,0.0039,22.95,23.55,46.50,0.297,-0.297,0.601,1.108
401671600,2024,REG,8,2024-10-27,Sunday,16:25,CAR,DEN,14,28,Home,7,10,525,-750,13,-110,-110,40.5,-112,-108,0,outdoors,grass,76,4,00-0039150,00-0039732,Bryce Young,Bo Nix,Dave Canales,Sean Payton,DEN00,Empower Field at Mile High,0.2020,0.7980,+600,-700,+13-108,-12½-110,16.334,0.7543,0.2436,0.0019,10.15,30.35,40.50,10.103,-10.103,-2.738,-12.071
401671671,2024,REG,8,2024-10-27,Sunday,16:25,KC,LV,27,20,Home,7,7,-440,340,-9,-112,-108,42,-108,-112,1,dome,grass,,,00-0033873,00-0038579,Patrick Mahomes,Aidan O'Connell,Andy Reid,Antonio Pierce,VEG00,Allegiant Stadium,0.8490,0.1510,-390,+375,-8½-108,+9½-110,54.99,0.2529,0.7449,0.0020,31.30,11.70,43.00,-9.797,9.797,-4.752,6.207
401671795,2024,REG,8,2024-10-27,Sunday,20:20,DAL,SF,24,30,Home,14,7,195,-238,5.5,-105,-115,48,-110,-110,0,outdoors,grass,69,9,00-0033077,00-0037834,Dak Prescott,Brock Purdy,Mike McCarthy,Kyle Shanahan,SFO01,Levi's Stadium,0.2360,0.7640,+220,-230,+5½-105,-5-105,63.269,0.6727,0.3247,0.0026,17.05,30.45,47.50,6.701,-6.701,4.15,-1.167
401671685,2024,REG,8,2024-10-28,Monday,20:15,NYG,PIT,18,26,Home,8,8,220,-270,6,-105,-115,37.5,-110,-110,0,outdoors,grass,54,7,00-0035710,00-0029263,Daniel Jones,Russell Wilson,Brian Daboll,Mike Tomlin,PIT00,Acrisure Stadium,0.2950,0.7050,+240,-260,+6½-110,-6-108,40.945,0.6834,0.3140,0.0025,11.12,26.38,37.50,7.631,-7.631,1.758,-4.969
401671809,2024,REG,9,2024-10-31,Thursday,20:15,HOU,NYJ,13,21,Home,4,4,124,-148,2.5,100,-120,43.5,-105,-115,0,outdoors,fieldturf,71,8,00-0039163,00-0023459,C.J. Stroud,Aaron Rodgers,DeMeco Ryans,Robert Saleh,NYC01,MetLife Stadium,0.5170,0.4830,+145,-150,+2½+110,-2½-110,60.197,0.4986,0.4973,0.0039,21.83,21.67,43.50,-0.079,0.079,0.628,1.61
401671493,2024,REG,9,2024-11-03,Sunday,13:00,MIA,BUF,27,30,Home,7,7,230,-285,6.5,-110,-110,49,-108,-112,1,outdoors,a_turf,54,9,00-0036212,00-0034857,Tua Tagovailoa,Josh Allen,Mike McDaniel,Sean McDermott,BUF00,New Era Field,0.2270,0.7730,+232,-260,+6½+100,-6½-108,64.472,0.7336,0.2642,0.0021,15.30,33.70,49.00,9.202,-9.202,6.152,-1.892
401671623,2024,REG,9,2024-11-03,Sunday,13:00,DEN,BAL,10,41,Home,7,7,330,-440,9,-115,-105,46.5,-110,-110,0,outdoors,grass,57,3,00-0039732,00-0034796,Bo Nix,Lamar Jackson,Sean Payton,John Harbaugh,BAL00,M&T Bank Stadium,0.2250,0.7750,+368,-420,+9½-110,-9-108,61.223,0.7503,0.2476,0.0019,12.95,33.56,46.50,10.305,-10.305,6.285,-2.424
401671629,2024,REG,9,2024-11-03,Sunday,13:00,LAC,CLE,27,10,Home,7,7,-130,110,-2,-110,-110,42.5,-108,-112,0,outdoors,grass,57,10,00-0036355,00-0031503,Justin Herbert,Jameis Winston,Jim Harbaugh,Kevin Stefanski,CLE00,FirstEnergy Stadium,0.5900,0.4100,-125,+110,-1½-110,+2-108,40.251,0.5334,0.4628,0.0037,19.43,22.07,41.50,1.323,-1.323,0.359,-0.067
401671650,2024,REG,9,2024-11-03,Sunday,13:00,NO,CAR,22,23,Home,7,7,-345,275,-7,-118,-102,43.5,-108,-112,1,outdoors,grass,66,7,00-0031280,00-0039150,Derek Carr,Bryce Young,Dennis Allen,Dave Canales,CAR00,Bank of America Stadium,0.7860,0.2140,-335,+290,-7-108,+7+100,23.929,0.2483,0.7496,0.0019,31.91,11.09,43.00,-10.406,10.406,-12.262,-0.423
401671704,2024,REG,9,2024-11-03,Sunday,13:00,LV,CIN,24,41,Home,7,7,320,-410,8,-110,-110,45,-108,-112,0,outdoors,fieldturf,67,7,00-0035289,00-0036442,Gardner Minshew,Joe Burrow,Antonio Pierce,Zac Taylor,CIN00,Paycor Stadium,0.2100,0.7900,+310,-350,+7½-105,-7½-108,36.137,0.6399,0.3572,0.0028,16.49,27.51,44.00,5.512,-5.512,-0.17,-4.52
401671711,2024,REG,9,2024-11-03,Sunday,13:00,WAS,NYG,27,22,Home,7,6,-218,180,-4.5,-108,-112,44.5,-110,-110,1,outdoors,fieldturf,52,6,00-0032268,00-0035710,Marcus Mariota,Daniel Jones,Dan Quinn,Brian Daboll,NYC01,MetLife Stadium,0.5960,0.4040,-204,+185,-4-108,+4-105,45.43,0.3572,0.6399,0.0028,27.71,16.29,44.00,-5.706,5.706,-4.79,2.224
401671728,2024,REG,9,2024-11-03,Sunday,13:00,DAL,ATL,21,27,Home,7,7,140,-166,3,-105,-115,52,-112,-108,0,closed,fieldturf,,,00-0033077,00-0029604,Dak Prescott,Kirk Cousins,Mike McCarthy,Raheem Morris,ATL97,Mercedes-Benz Stadium,0.3680,0.6320,+155,-168,+3½-110,-3-118,50.639,0.5642,0.4322,0.0034,23.33,28.67,52.00,2.669,-2.669,0.539,-0.928
401671822,2024,REG,9,2024-11-03,Sunday,13:00,NE,TEN,17,20,Home,7,7,136,-162,3,-105,-115,38.5,-110,-110,0,outdoors,grass,75,10,00-0039851,00-0034771,Drake Maye,Mason Rudolph,Jerod Mayo,Brian Callahan,NAS00,Nissan Stadium,0.3280,0.6720,+165,-175,+3½-115,-3-110,12.967,0.6439,0.3532,0.0028,13.29,24.71,38.00,5.709,-5.709,-3.516,-7.639
401671661,2024,REG,9,2024-11-03,Sunday,16:05,CHI,ARI,9,29,Home,7,7,100,-120,1.5,-110,-110,44.5,-110,-110,0,closed,grass,,,00-0039918,00-0035228,Caleb Williams,Kyler Murray,Matt Eberflus,Jonathan Gannon,PHO00,State Farm Stadium,0.4800,0.5200,+115,-120,+2-108,-1½-110,54.387,0.4953,0.5006,0.0039,22.26,22.24,44.50,-0.014,0.014,-0.329,0.959
401671797,2024,REG,9,2024-11-03,Sunday,16:05,JAX,PHI,23,28,Home,7,7,270,-340,7.5,-112,-108,46,-110,-110,0,outdoors,grass,57,6,00-0036971,00-0036389,Trevor Lawrence,Jalen Hurts,Doug Pederson,Nick Sirianni,PHI00,Lincoln Financial Field,0.2880,0.7120,+290,-330,+7½-110,-7-116,60.582,0.6827,0.3147,0.0025,15.78,30.22,46.00,7.222,-7.222,3.986,-1.894
401671767,2024,REG,9,2024-11-03,Sunday,16:25,DET,GB,24,14,Home,7,7,-155,130,-2.5,-120,100,47.5,-108,-112,1,outdoors,grass,50,15,00-0033106,00-0036264,Jared Goff,Jordan Love,Dan Campbell,Matt LaFleur,GNB00,Lambeau Field,0.5580,0.4420,-135,+120,-2-110,+2½-108,86.851,0.4515,0.5448,0.0036,26.17,22.33,48.50,-1.916,1.916,4.416,7.615
401671776,2024,REG,9,2024-11-03,Sunday,16:25,LA,SEA,26,20,Home,10,7,-125,105,-1.5,-112,-108,48.5,-110,-110,1,outdoors,fieldturf,52,4,00-0026498,00-0030565,Matthew Stafford,Geno Smith,Sean McVay,Mike Macdonald,SEA00,Lumen Field,0.4720,0.5280,-125,+112,-1½-110,+2-108,48.449,0.4900,0.5060,0.0039,24.39,24.11,48.50,-0.143,0.143,-1.412,-0.065
401671647,2024,REG,9,2024-11-03,Sunday,20:20,IND,MIN,13,21,Home,7,10,240,-298,6.5,-110,-110,47,-110,-110,0,dome,sportturf,,,00-0026158,00-0034869,Joe Flacco,Sam Darnold,Shane Steichen,Kevin O'Connell,MIN01,U.S. Bank Stadium,0.3080,0.6920,+235,-265,+6-108,-6+100,52.671,0.5341,0.4621,0.0037,22.07,24.93,47.00,1.43,-1.43,1.861,1.791
401671688,2024,REG,9,2024-11-04,Monday,20:15,TB,KC,24,30,Home,8,8,330,-425,9,-110,-110,45.5,-108,-112,0,outdoors,grass,63,6,00-0034855,00-0033873,Baker Mayfield,Patrick Mahomes,Todd Bowles,Andy Reid,KAN00,GEHA Field at Arrowhead Stadium,0.2160,0.7840,+360,-380,+9-110,-8-110,75.971,0.6519,0.3452,0.0027,17.08,28.42,45.50,5.666,-5.666,6.035,1.655
401671810,2024,REG,10,2024-11-07,Thursday,20:15,CIN,BAL,34,35,Home,4,4,220,-270,6,-108,-112,53,-108,-112,1,outdoors,grass,69,6,00-0036442,00-0034796,Joe Burrow,Lamar Jackson,Zac Taylor,John Harbaugh,BAL00,M&T Bank Stadium,0.2830,0.7170,+245,-260,+6+100,-6-105,73.734,0.7101,0.2875,0.0023,18.36,34.64,53.00,8.138,-8.138,7.189,0.328
401671803,2024,REG,10,2024-11-10,Sunday,09:30,NYG,CAR,17,20,Neutral,7,7,-298,240,-6.5,-118,-102,40.5,-115,-105,0,outdoors,,,,00-0035710,00-0027973,Daniel Jones,Andy Dalton,Brian Daboll,Dave Canales,GER00,Allianz Arena,0.7060,0.2940,-275,+250,-6½-108,+6½-108,12.38,0.3333,0.6639,0.0026,26.37,14.13,40.50,-6.118,6.118,-11.553,-4.349
401671637,2024,REG,10,2024-11-10,Sunday,13:00,DEN,KC,14,16,Home,7,6,300,-380,7.5,-115,-105,42.5,-110,-110,1,outdoors,grass,57,12,00-0039732,00-0033873,Bo Nix,Patrick Mahomes,Sean Payton,Andy Reid,KAN00,GEHA Field at Arrowhead Stadium,0.1230,0.8770,+300,-330,+7+100,-7-110,58.692,0.7650,0.2330,0.0018,10.38,32.12,42.50,10.867,-10.867,5.945,-3.454
401671641,2024,REG,10,2024-11-10,Sunday,13:00,PIT,WAS,28,27,Home,13,7,102,-122,1.5,-110,-110,45,-108,-112,0,outdoors,grass,57,9,00-0029263,00-0032268,Russell Wilson,Marcus Mariota,Mike Tomlin,Dan Quinn,WAS00,FedExField,0.4870,0.5130,+110,-125,+2-108,-2-108,67.128,0.5301,0.4661,0.0037,21.24,24.26,45.50,1.511,-1.511,2.353,1.912
401671708,2024,REG,10,2024-11-10,Sunday,13:00,MIN,JAX,12,7,Home,7,7,-345,280,-7,-120,100,42.5,-108,-112,0,outdoors,grass,79,7,00-0034869,00-0036972,Sam Darnold,Mac Jones,Kevin O'Connell,Doug Pederson,JAX00,TIAA Bank Stadium,0.8330,0.1670,-320,+272,-7-108,+7-108,51.834,0.4010,0.5957,0.0032,24.46,18.04,42.50,-3.209,3.209,-2.037,2.212
401671733,2024,REG,10,2024-11-10,Sunday,13:00,ATL,NO,17,20,Home,7,7,-192,160,-3.5,-112,-108,46.5,-112,-108,1,dome,sportturf,,,00-0029604,00-0031280,Kirk Cousins,Derek Carr,Raheem Morris,Dennis Allen,NOR00,Mercedes-Benz Superdome,0.6360,0.3640,-185,+175,-3½-110,+4-108,48.814,0.4780,0.5180,0.0038,24.36,23.15,47.50,-0.605,0.605,-1.131,0.706
401671742,2024,REG,10,2024-11-10,Sunday,13:00,SF,TB,23,20,Home,14,6,-298,240,-6.5,-118,-102,50.5,-112,-108,0,outdoors,grass,85,9,00-0037834,00-0034855,Brock Purdy,Baker Mayfield,Kyle Shanahan,Todd Bowles,TAM00,Raymond James Stadium,0.7350,0.2650,-275,+260,-6½-108,+6½+100,74.185,0.4634,0.5328,0.0037,26.29,23.71,50.00,-1.289,1.289,2.046,3.919
401671863,2024,REG,10,2024-11-10,Sunday,13:00,BUF,IND,30,20,Home,7,7,-230,190,-4.5,-115,-105,46.5,-108,-112,0,closed,fieldturf,,,00-0034857,00-0026158,Josh Allen,Joe Flacco,Sean McDermott,Shane Steichen,IND00,Lucas Oil Stadium,0.6950,0.3050,-220,+200,-4½-108,+4+100,60.367,0.3499,0.6472,0.0028,29.23,17.77,47.00,-5.727,5.727,-0.944,5.987
401671873,2024,REG,10,2024-11-10,Sunday,13:00,NE,CHI,19,3,Home,7,7,260,-325,6.5,-110,-110,37.5,-112,-108,0,outdoors,grass,60,6,00-0039851,00-0039918,Drake Maye,Caleb Williams,Jerod Mayo,Matt Eberflus,CHI98,Soldier Field,0.2690,0.7310,+250,-270,+6½-108,-6-110,29.884,0.7269,0.2709,0.0021,9.30,28.20,37.50,9.451,-9.451,0.027,-7.82
401671751,2024,REG,10,2024-11-10,Sunday,16:05,TEN,LAC,17,27,Home,7,7,300,-380,8,-108,-112,40,-110,-110,0,dome,matrixturf,,,00-0034771,00-0036355,Mason Rudolph,Justin Herbert,Brian Callahan,Jim Harbaugh,LAX01,SoFi Stadium,0.2610,0.7390,+332,-400,+8½-108,-8½-108,37.309,0.6653,0.3320,0.0026,13.27,26.23,39.50,6.483,-6.483,0.267,-5.19
401671676,2024,REG,10,2024-11-10,Sunday,16:25,PHI,DAL,34,6,Home,7,7,-360,285,-7.5,-108,-112,44.5,-110,-110,1,closed,matrixturf,,,00-0036389,00-0033662,Jalen Hurts,Cooper Rush,Nick Sirianni,Mike McCarthy,DAL00,AT&T Stadium,0.7340,0.2660,-296,+290,-7+100,+7+100,59.948,0.3067,0.6907,0.0024,30.03,14.47,44.50,-7.778,7.778,-5.095,3.743
401671678,2024,REG,10,2024-11-10,Sunday,16:25,NYJ,ARI,6,31,Home,10,7,-130,110,-2,-110,-110,45.5,-108,-112,0,closed,grass,,,00-0023459,00-0035228,Aaron Rodgers,Kyler Murray,Robert Saleh,Jonathan Gannon,PHO00,State Farm Stadium,0.4920,0.5080,-130,+135,-1½-110,+2½-110,56.309,0.5087,0.4873,0.0039,22.70,23.30,46.00,0.299,-0.299,0.174,1.071
401671787,2024,REG,10,2024-11-10,Sunday,20:20,DET,HOU,26,23,Home,7,10,-230,190,-4.5,-110,-110,49,-110,-112,0,closed,astroturf,,,00-0033106,00-0039163,Jared Goff,C.J. Stroud,Dan Campbell,DeMeco Ryans,HOU00,NRG Stadium,0.6380,0.3620,-204,+195,-4-105,+4+100,77.722,0.3804,0.6164,0.0030,29.22,19.78,49.00,-4.72,4.72,1.172,7.688
401671693,2024,REG,10,2024-11-11,Monday,20:15,MIA,LA,23,15,Home,8,8,120,-142,2.5,-102,-118,49.5,-108,-112,0,dome,matrixturf,,,00-0036212,00-0026498,Tua Tagovailoa,Matthew Stafford,Mike McDaniel,Sean McVay,LAX01,SoFi Stadium,0.4290,0.5710,+120,-128,+2-108,-2½+100,50,0.5502,0.4462,0.0035,22.85,26.65,49.50,1.896,-1.896,0.083,-0.802
401671813,2024,REG,11,2024-11-14,Thursday,20:15,WAS,PHI,18,26,Home,4,4,190,-230,4.5,-110,-110,49.5,-110,-110,1,outdoors,grass,46,9,00-0032268,00-0036389,Marcus Mariota,Jalen Hurts,Dan Quinn,Nick Sirianni,PHI00,Lincoln Financial Field,0.2980,0.7020,+200,-225,+4½-102,-4-110,73.964,0.5843,0.4123,0.0033,21.07,27.93,49.00,3.426,-3.426,4.179,1.977
401671630,2024,REG,11,2024-11-17,Sunday,13:00,BAL,PIT,16,18,Home,10,7,-175,145,-3,-120,100,48,-108,-112,1,outdoors,grass,52,5,00-0034796,00-0029263,Lamar Jackson,Russell Wilson,John Harbaugh,Mike Tomlin,PIT00,Acrisure Stadium,0.6750,0.3250,-170,+160,-3-110,+3½-110,79.709,0.3784,0.6184,0.0030,28.67,19.83,48.50,-4.424,4.424,1.884,7.12
401671642,2024,REG,11,2024-11-17,Sunday,13:00,JAX,DET,6,52,Home,7,7,650,-1000,14,-105,-115,47.5,-110,-110,0,dome,fieldturf,,,00-0036972,00-0033106,Mac Jones,Jared Goff,Doug Pederson,Dan Campbell,DET00,Ford Field,0.0690,0.9310,+750,-900,+14-110,-13½-108,65.408,0.8520,0.1467,0.0011,7.72,39.78,47.50,16.031,-16.031,7.435,-7.745
401671701,2024,REG,11,2024-11-17,Sunday,13:00,LA,NE,28,22,Home,6,7,-198,164,-4,-108,-112,42.5,-112,-108,0,outdoors,fieldturf,59,9,00-0026498,00-0039851,Matthew Stafford,Drake Maye,Sean McVay,Jerod Mayo,BOS00,Gillette Stadium,0.6880,0.3120,-190,+184,-4-108,+4½-110,30.456,0.3559,0.6412,0.0028,26.40,15.60,42.00,-5.4,5.4,-6.522,-0.439
401671746,2024,REG,11,2024-11-17,Sunday,13:00,CLE,NO,14,35,Home,14,7,-115,-105,-1,-110,-110,44,-110,-110,0,dome,sportturf,,,00-0031503,00-0031280,Jameis Winston,Derek Carr,Kevin Stefanski,Dennis Allen,NOR00,Mercedes-Benz Superdome,0.4280,0.5720,-115,+105,-1-108,+1½-110,32.623,0.4926,0.5033,0.0039,22.03,21.97,44.00,-0.029,0.029,-1.231,-0.348
401671782,2024,REG,11,2024-11-17,Sunday,13:00,IND,NYJ,28,27,Home,7,7,170,-205,4,-110,-110,43,-110,-110,0,outdoors,fieldturf,62,4,00-0026158,00-0023459,Joe Flacco,Aaron Rodgers,Shane Steichen,Robert Saleh,NYC01,MetLife Stadium,0.3030,0.6970,+185,-200,+4-105,-4-110,41.772,0.5943,0.4023,0.0032,17.85,25.15,43.00,3.65,-3.65,0.058,-2.546
401671824,2024,REG,11,2024-11-17,Sunday,13:00,MIN,TEN,23,13,Home,7,7,-290,235,-6,-118,-102,40,-110,-110,0,outdoors,grass,66,7,00-0034869,00-0034771,Sam Darnold,Mason Rudolph,Kevin O'Connell,Brian Callahan,NAS00,Nissan Stadium,0.7670,0.2330,-260,+229,-6-108,+6-108,44.577,0.3432,0.6539,0.0027,26.25,13.75,40.00,-6.247,6.247,-5.051,2.312
401671851,2024,REG,11,2024-11-17,Sunday,13:00,LV,MIA,19,34,Home,14,6,330,-425,8,-105,-115,43.5,-112,-108,0,outdoors,grass,80,16,00-0035289,00-0036212,Gardner Minshew,Tua Tagovailoa,Antonio Pierce,Mike McDaniel,MIA00,Hard Rock Stadium,0.1610,0.8390,+350,-390,+8-108,-7½-110,32.191,0.6218,0.3751,0.0030,16.64,26.86,43.50,5.107,-5.107,-0.672,-4.95
401671869,2024,REG,11,2024-11-17,Sunday,13:00,GB,CHI,20,19,Home,14,7,-265,215,-6,-115,-105,41,-108,-112,1,outdoors,grass,54,5,00-0036264,00-0039918,Jordan Love,Caleb Williams,Matt LaFleur,Matt Eberflus,CHI98,Soldier Field,0.7440,0.2560,-265,+235,-6-108,+6-108,60.744,0.3711,0.6258,0.0029,25.49,15.51,41.00,-4.988,4.988,-1.457,4.535
401671748,2024,REG,11,2024-11-17,Sunday,16:05,ATL,DEN,6,38,Home,7,7,114,-135,2,-108,-112,44.5,-112,-108,0,outdoors,grass,55,9,00-0029604,00-0039732,Kirk Cousins,Bo Nix,Raheem Morris,Sean Payton,DEN00,Empower Field at Mile High,0.4950,0.5050,+115,-130,+2-108,-2-108,42.521,0.4183,0.5783,0.0033,25.00,19.50,44.50,-2.754,2.754,-2.913,0.794
401671757,2024,REG,11,2024-11-17,Sunday,16:05,SEA,SF,20,17,Home,14,7,215,-265,6,-110,-110,49,-112,-108,1,outdoors,grass,59,4,00-0030565,00-0037834,Geno Smith,Brock Purdy,Mike Macdonald,Kyle Shanahan,SFO01,Levi's Stadium,0.2330,0.7670,+245,-275,+6-108,-6-108,65.23,0.6720,0.3253,0.0026,17.41,31.09,48.50,6.843,-6.843,4.369,-1.338
401671665,2024,REG,11,2024-11-17,Sunday,16:25,KC,BUF,21,30,Home,7,7,120,-142,2.5,-108,-112,46.5,-108,-112,0,outdoors,a_turf,50,3,00-0033873,00-0034857,Patrick Mahomes,Josh Allen,Andy Reid,Sean McDermott,BUF00,New Era Field,0.5110,0.4890,+140,-150,+3-110,-2½-110,87.968,0.5301,0.4661,0.0037,21.90,25.10,47.00,1.604,-1.604,6.054,5.384
401671675,2024,REG,11,2024-11-17,Sunday,20:20,CIN,LAC,27,34,Home,10,7,-110,-110,1,-118,-102,48,-105,-115,0,dome,matrixturf,,,00-0036442,00-0036355,Joe Burrow,Justin Herbert,Zac Taylor,Jim Harbaugh,LAX01,SoFi Stadium,0.4550,0.5450,+104,-108,+1½-110,+0-108,56.963,0.5200,0.4760,0.0038,23.04,24.96,48.00,0.959,-0.959,0.691,0.667
401671694,2024,REG,11,2024-11-18,Monday,20:15,HOU,DAL,34,10,Home,8,8,-360,285,-7.5,100,-120,41.5,-105,-115,0,closed,matrixturf,,,00-0039163,00-0033662,C.J. Stroud,Cooper Rush,DeMeco Ryans,Mike McCarthy,DAL00,AT&T Stadium,0.7560,0.2440,-340,+315,-7-108,+7+100,50.447,0.2974,0.7001,0.0023,28.90,12.60,41.50,-8.152,8.152,-8.089,1.174
401671875,2024,REG,12,2024-11-21,Thursday,20:15,PIT,CLE,19,24,Home,4,4,-205,170,-3.5,-115,-105,36.5,-108,-112,1,outdoors,grass,36,13,00-0029263,00-0031503,Russell Wilson,Jameis Winston,Mike Tomlin,Kevin Stefanski,CLE00,FirstEnergy Stadium,0.5280,0.4720,-210,+190,-3½-108,+3½+100,42.06,0.4415,0.5548,0.0035,20.09,16.41,36.50,-1.841,1.841,-1.152,1.878
401671638,2024,REG,12,2024-11-24,Sunday,13:00,TB,NYG,30,7,Home,14,14,-298,240,-6.5,-108,-112,40.5,-110,-110,0,outdoors,fieldturf,50,13,00-0034855,00-0038476,Baker Mayfield,Tommy DeVito,Todd Bowles,Brian Daboll,NYC01,MetLife Stadium,0.6510,0.3490,-250,+240,-5½-115,+6-108,43.444,0.2981,0.6994,0.0023,27.65,12.36,40.00,-7.645,7.645,-7.603,1.488
401671651,2024,REG,12,2024-11-24,Sunday,13:00,KC,CAR,30,27,Home,7,14,-700,500,-11,-112,-108,43,-110,-110,0,outdoors,grass,61,5,00-0033873,00-0027973,Patrick Mahomes,Andy Dalton,Andy Reid,Dave Canales,CAR00,Bank of America Stadium,0.8940,0.1060,-650,+520,-10½-108,+11-110,43.135,0.2337,0.7643,0.0018,32.55,10.45,43.00,-11.048,11.048,-7.466,5.08
401671715,2024,REG,12,2024-11-24,Sunday,13:00,DAL,WAS,34,26,Home,6,10,455,-625,10.5,-112,-108,45,-110,-110,1,outdoors,grass,55,5,00-0033662,00-0032268,Cooper Rush,Marcus Mariota,Mike McCarthy,Dan Quinn,WAS00,FedExField,0.1900,0.8100,+475,-580,+11-108,-11-106,47.188,0.7717,0.2264,0.0018,10.86,33.64,44.50,11.389,-11.389,1.388,-8.706
401671847,2024,REG,12,2024-11-24,Sunday,13:00,NE,MIA,15,34,Home,7,7,285,-360,7.5,-115,-105,46,-108,-112,1,outdoors,grass,77,6,00-0039851,00-0036212,Drake Maye,Tua Tagovailoa,Jerod Mayo,Mike McDaniel,MIA00,Hard Rock Stadium,0.1810,0.8190,+330,-370,+7½-105,-7-120,31.289,0.6773,0.3200,0.0025,15.65,29.85,45.50,7.098,-7.098,-0.314,-5.739
401671858,2024,REG,12,2024-11-24,Sunday,13:00,TEN,HOU,32,27,Home,7,6,295,-375,8,-112,-108,40.5,-112,-108,1,closed,astroturf,,,00-0034771,00-0039163,Mason Rudolph,C.J. Stroud,Brian Callahan,DeMeco Ryans,HOU00,NRG Stadium,0.1860,0.8140,+340,-400,+8½-110,-8-108,42.444,0.7108,0.2868,0.0023,12.24,28.76,41.00,8.259,-8.259,1.861,-5.531
401671866,2024,REG,12,2024-11-24,Sunday,13:00,DET,IND,24,6,Home,7,7,-375,295,-7,-122,102,50.5,-110,-110,0,closed,fieldturf,,,00-0033106,00-0026158,Jared Goff,Joe Flacco,Dan Campbell,Shane Steichen,IND00,Lucas Oil Stadium,0.8120,0.1880,-320,+310,-7+100,+7+100,66.395,0.2616,0.7362,0.0021,34.65,15.85,50.50,-9.396,9.396,-2.128,8.691
401671870,2024,REG,12,2024-11-24,Sunday,13:00,MIN,CHI,30,27,Home,7,7,-175,145,-3,-120,100,39.5,-108,-112,1,outdoors,grass,47,5,00-0034869,00-0039918,Sam Darnold,Caleb Williams,Kevin O'Connell,Matt Eberflus,CHI98,Soldier Field,0.7200,0.2800,-152,+145,-3+100,+3-105,58.632,0.4203,0.5763,0.0033,22.81,16.69,39.50,-3.059,3.059,-1.364,2.768
401671656,2024,REG,12,2024-11-24,Sunday,16:05,DEN,LV,29,19,Home,7,7,-278,225,-6.5,-105,-115,41.5,-108,-112,1,dome,grass,,,00-0039732,00-0035289,Bo Nix,Gardner Minshew,Sean Payton,Antonio Pierce,VEG00,Allegiant Stadium,0.7140,0.2860,-250,+220,-5½-108,+5½-108,29.961,0.4382,0.5582,0.0035,22.84,18.66,41.50,-2.088,2.088,-4.922,-1.417
401671768,2024,REG,12,2024-11-24,Sunday,16:25,SF,GB,10,38,Home,7,7,235,-290,6.5,-112,-108,44.5,-108,-112,0,outdoors,grass,43,11,00-0032434,00-0036264,Brandon Allen,Jordan Love,Kyle Shanahan,Matt LaFleur,GNB00,Lambeau Field,0.3630,0.6370,+250,-260,+6½-110,-6-108,82.797,0.6927,0.3047,0.0024,14.75,29.75,44.50,7.5,-7.5,4.951,-1.937
401671775,2024,REG,12,2024-11-24,Sunday,16:25,ARI,SEA,6,16,Home,14,7,-115,-105,-1,-110,-110,46.5,-108,-112,1,outdoors,fieldturf,45,5,00-0035228,00-0030565,Kyler Murray,Geno Smith,Jonathan Gannon,Mike Macdonald,SEA00,Lumen Field,0.5100,0.4900,-115,+105,-1-108,+1½-110,54.219,0.4488,0.5475,0.0036,24.94,21.56,46.50,-1.692,1.692,-1.197,1.452
401671794,2024,REG,12,2024-11-24,Sunday,20:20,PHI,LA,37,20,Home,10,7,-170,142,-3,-112,-108,49,-108,-112,0,dome,matrixturf,,,00-0036389,00-0026498,Jalen Hurts,Matthew Stafford,Nick Sirianni,Sean McVay,LAX01,SoFi Stadium,0.6300,0.3700,-155,+140,-3-108,+3-105,68.169,0.4057,0.5910,0.0032,27.71,20.79,48.50,-3.459,3.459,-0.102,4.46
401671689,2024,REG,12,2024-11-25,Monday,20:15,BAL,LAC,30,23,Home,8,8,-166,140,-3,-110,-110,51,-112,-108,0,dome,matrixturf,,,00-0034796,00-0036355,Lamar Jackson,Justin Herbert,John Harbaugh,Jim Harbaugh,LAX01,SoFi Stadium,0.5980,0.4020,-155,+155,-3-105,+3-105,77.8,0.3917,0.6050,0.0031,29.46,21.04,50.50,-4.207,4.207,1.139,6.497
401671492,2024,REG,13,2024-11-28,Thursday,12:30,CHI,DET,20,23,Home,4,4,390,-520,9.5,-102,-118,47.5,100,-120,1,dome,fieldturf,,,00-0039918,00-0033106,Caleb Williams,Jared Goff,Matt Eberflus,Dan Campbell,DET00,Ford Field,0.1150,0.8850,+400,-430,+9½+100,-9½-110,70.17,0.7623,0.2357,0.0018,12.96,35.04,48.00,11.037,-11.037,8.99,-1.282
401671779,2024,REG,13,2024-11-28,Thursday,16:30,NYG,DAL,20,27,Home,4,4,185,-218,4.5,-110,-110,39,-110,-110,1,closed,matrixturf,,,00-0035704,00-0033662,Drew Lock,Cooper Rush,Brian Daboll,Mike McCarthy,DAL00,AT&T Stadium,0.3940,0.6060,+200,-225,+4-105,-4-105,27.778,0.4844,0.5116,0.0038,19.91,19.09,39.00,-0.407,0.407,-8.156,-6.921
401671798,2024,REG,13,2024-11-28,Thursday,20:20,MIA,GB,17,30,Home,4,4,145,-175,3.5,-115,-105,47.5,-110,-110,0,outdoors,grass,27,10,00-0036212,00-0036264,Tua Tagovailoa,Jordan Love,Mike McDaniel,Matt LaFleur,GNB00,Lambeau Field,0.3560,0.6440,+160,-175,+3½-110,-3½+105,69.634,0.6633,0.3339,0.0026,17.27,30.23,47.50,6.482,-6.482,5.703,0.011
401671806,2024,REG,13,2024-11-29,Friday,15:00,LV,KC,17,19,Home,5,5,550,-800,13.5,-108,-112,42,-108,-112,1,outdoors,grass,37,5,00-0035289,00-0033873,Gardner Minshew,Patrick Mahomes,Antonio Pierce,Andy Reid,KAN00,GEHA Field at Arrowhead Stadium,0.1080,0.8920,+630,-850,+14-110,-13½-110,50,0.7684,0.2297,0.0018,10.19,32.31,42.50,11.057,-11.057,4.565,-5.058
401671620,2024,REG,13,2024-12-01,Sunday,13:00,IND,NE,25,24,Home,7,7,-135,114,-2.5,-115,-105,41.5,-110,-110,0,outdoors,fieldturf,36,9,00-0026158,00-0039851,Joe Flacco,Drake Maye,Shane Steichen,Jerod Mayo,BOS00,Gillette Stadium,0.6320,0.3680,-125,+120,-1½-110,+2½-110,21.496,0.3804,0.6164,0.0030,24.65,16.35,41.00,-4.146,4.146,-7.407,-2.455
401671627,2024,REG,13,2024-12-01,Sunday,13:00,PIT,CIN,44,38,Home,10,14,130,-155,3,-110,-110,46,-108,-112,1,outdoors,fieldturf,32,9,00-0029263,00-0036442,Russell Wilson,Joe Burrow,Mike Tomlin,Zac Taylor,CIN00,Paycor Stadium,0.4320,0.5680,+145,-160,+3-108,-3-108,59.297,0.5060,0.4900,0.0039,22.82,23.18,46.00,0.177,-0.177,0.251,1.511
401671649,2024,REG,13,2024-12-01,Sunday,13:00,LAC,ATL,17,13,Home,6,14,-118,-102,-1,-108,-112,47,-110,-110,0,closed,fieldturf,,,00-0036355,00-0029604,Justin Herbert,Kirk Cousins,Jim Harbaugh,Raheem Morris,ATL97,Mercedes-Benz Stadium,0.4930,0.5070,-108,+100,+0-108,+1-110,55.212,0.4807,0.5154,0.0038,24.62,23.38,48.00,-0.622,0.622,-0.527,1.304
401671703,2024,REG,13,2024-12-01,Sunday,13:00,SEA,NYJ,26,21,Home,7,14,-105,-115,1,-110,-110,41.5,-110,-110,0,outdoors,fieldturf,37,12,00-0030565,00-0023459,Geno Smith,Aaron Rodgers,Mike Macdonald,Robert Saleh,NYC01,MetLife Stadium,0.4960,0.5040,+110,-120,+2-108,-1-110,47.528,0.5562,0.4402,0.0035,18.81,22.69,41.50,1.942,-1.942,-0.315,-1.1
401671705,2024,REG,13,2024-12-01,Sunday,13:00,HOU,JAX,23,20,Home,7,14,-192,160,-3.5,-110,-110,44.5,-108,-112,1,outdoors,grass,,,00-0039163,00-0036971,C.J. Stroud,Trevor Lawrence,DeMeco Ryans,Doug Pederson,JAX00,TIAA Bank Stadium,0.6920,0.3080,-165,+150,-3-110,+3+100,45.911,0.4316,0.5649,0.0034,25.31,19.69,45.00,-2.813,2.813,-2.989,1.126
401671726,2024,REG,13,2024-12-01,Sunday,13:00,ARI,MIN,22,23,Home,7,7,154,-185,3.5,-110,-110,45.5,-112,-108,0,dome,sportturf,,,00-0035228,00-0034869,Kyler Murray,Sam Darnold,Jonathan Gannon,Kevin O'Connell,MIN01,U.S. Bank Stadium,0.3390,0.6610,+170,-175,+3½-108,-3½+100,67.502,0.5856,0.4110,0.0033,19.54,25.97,45.50,3.215,-3.215,2.845,0.962
401671743,2024,REG,13,2024-12-01,Sunday,13:00,TEN,WAS,19,42,Home,7,7,205,-250,6,-112,-108,45,-108,-112,0,outdoors,grass,42,6,00-0034771,00-0032268,Mason Rudolph,Marcus Mariota,Brian Callahan,Dan Quinn,WAS00,FedExField,0.3130,0.6870,+220,-245,+6-108,-6-108,36.339,0.6639,0.3333,0.0026,16.16,28.84,45.00,6.341,-6.341,0.567,-4.983
401671752,2024,REG,13,2024-12-01,Sunday,16:05,TB,CAR,26,23,Home,7,7,-290,235,-6.5,-115,-105,46,-110,-110,1,outdoors,grass,51,7,00-0034855,00-0027973,Baker Mayfield,Andy Dalton,Todd Bowles,Dave Canales,CAR00,Bank of America Stadium,0.7290,0.2710,-290,+270,-6½-110,+6½+100,36.103,0.2251,0.7731,0.0018,34.52,11.48,46.00,-11.518,11.518,-10.539,2.233
401671753,2024,REG,13,2024-12-01,Sunday,16:05,LA,NO,21,14,Home,7,14,-142,120,-2.5,-115,-105,48.5,-108,-112,0,dome,sportturf,,,00-0026498,00-0031280,Matthew Stafford,Derek Carr,Sean McVay,Dennis Allen,NOR00,Mercedes-Benz Superdome,0.5540,0.4460,-140,+135,-2½-110,+3-110,51.47,0.5321,0.4641,0.0037,23.73,25.27,49.00,0.768,-0.768,-0.554,-0.185
401671666,2024,REG,13,2024-12-01,Sunday,16:25,PHI,BAL,24,19,Home,7,6,136,-162,3,-110,-110,50,-110,-110,0,outdoors,grass,41,7,00-0036389,00-0034796,Jalen Hurts,Lamar Jackson,Nick Sirianni,John Harbaugh,BAL00,M&T Bank Stadium,0.3810,0.6190,+145,-160,+3-105,-3-105,88.237,0.5736,0.4229,0.0034,22.17,27.83,50.00,2.833,-2.833,6.588,4.887
401671781,2024,REG,13,2024-12-01,Sunday,20:20,SF,BUF,10,35,Home,7,14,270,-340,6.5,-102,-118,45,-110,-110,0,outdoors,a_turf,28,11,00-0037834,00-0034857,Brock Purdy,Josh Allen,Kyle Shanahan,Sean McDermott,BUF00,New Era Field,0.2540,0.7460,+280,-300,+6½-108,-6½-108,82.689,0.6091,0.3877,0.0031,18.71,26.79,45.50,4.038,-4.038,6.136,2.96
401671686,2024,REG,13,2024-12-02,Monday,20:15,CLE,DEN,32,41,Home,11,8,235,-290,6.5,-108,-112,41.5,-110,-110,0,outdoors,grass,48,4,00-0031503,00-0039732,Jameis Winston,Bo Nix,Kevin Stefanski,Sean Payton,DEN00,Empower Field at Mile High,0.3060,0.6940,+260,-265,+6½-110,-6-108,31.791,0.5087,0.4873,0.0039,20.14,21.36,41.50,0.611,-0.611,-1.165,-0.859
401671814,2024,REG,14,2024-12-05,Thursday,20:15,GB,DET,31,34,Home,7,7,142,-170,3,100,-120,53,-110,-110,1,dome,fieldturf,,,00-0036264,00-0033106,Jordan Love,Jared Goff,Matt LaFleur,Dan Campbell,DET00,Ford Field,0.3230,0.6770,+160,-165,+3+100,-3-110,93.212,0.6037,0.3930,0.0031,22.40,30.10,52.50,3.849,-3.849,8.645,6.011
401671601,2024,REG,14,2024-12-08,Sunday,13:00,NO,NYG,14,11,Home,7,10,-245,200,-5.5,-115,-105,41,-110,-110,0,outdoors,fieldturf,54,13,00-0031280,00-0038476,Derek Carr,Tommy DeVito,Dennis Allen,Brian Daboll,NYC01,MetLife Stadium,0.6600,0.3400,-250,+230,-5½-108,+6-110,31.044,0.3579,0.6392,0.0028,26.00,15.00,41.00,-5.497,5.497,-8.157,-0.999
401671631,2024,REG,14,2024-12-08,Sunday,13:00,CLE,PIT,14,27,Home,6,7,210,-258,6,-112,-108,43,-110,-110,1,outdoors,grass,49,12,00-0031503,00-0029263,Jameis Winston,Russell Wilson,Kevin Stefanski,Mike Tomlin,PIT00,Acrisure Stadium,0.2670,0.7330,+245,-260,+6½-115,-6½+100,43.971,0.5870,0.4096,0.0032,17.59,24.91,42.50,3.661,-3.661,1.818,-0.633
401671648,2024,REG,14,2024-12-08,Sunday,13:00,ATL,MIN,21,42,Home,7,7,205,-250,6,-110,-110,46.5,-108,-112,0,dome,sportturf,,,00-0029604,00-0034869,Kirk Cousins,Sam Darnold,Raheem Morris,Kevin O'Connell,MIN01,U.S. Bank Stadium,0.2860,0.7140,+240,-260,+6-110,-5½-108,62.68,0.6124,0.3844,0.0030,18.60,27.90,46.50,4.649,-4.649,2.741,-0.444
401671654,2024,REG,14,2024-12-08,Sunday,13:00,LV,TB,13,28,Home,9,7,260,-325,7,-115,-105,47,-112,-108,0,outdoors,grass,71,4,00-0035289,00-0034855,Gardner Minshew,Baker Mayfield,Antonio Pierce,Todd Bowles,TAM00,Raymond James Stadium,0.2130,0.7870,+270,-300,+7-110,-7+100,43.039,0.6914,0.3061,0.0024,15.95,31.05,47.00,7.554,-7.554,1.628,-4.583
401671713,2024,REG,14,2024-12-08,Sunday,13:00,CAR,PHI,16,22,Home,7,7,625,-950,14,-112,-108,44.5,-112,-108,0,outdoors,grass,55,16,00-0027973,00-0036389,Andy Dalton,Jalen Hurts,Dave Canales,Nick Sirianni,PHI00,Lincoln Financial Field,0.0810,0.9190,+800,-1050,+14-108,-14-108,43.409,0.8514,0.1474,0.0011,6.37,38.63,45.00,16.128,-16.128,5.066,-10.044
401671821,2024,REG,14,2024-12-08,Sunday,13:00,JAX,TEN,10,6,Home,7,7,142,-170,3,-105,-115,40,-108,-112,1,outdoors,grass,53,9,00-0036972,00-0034771,Mac Jones,Mason Rudolph,Doug Pederson,Brian Callahan,NAS00,Nissan Stadium,0.3090,0.6910,+145,-160,+3+100,-3-108,23.348,0.5890,0.4077,0.0032,16.83,23.67,40.50,3.421,-3.421,-5.718,-7.516
401671848,2024,REG,14,2024-12-08,Sunday,13:00,NYJ,MIA,26,32,Home,7,10,240,-298,6.5,-108,-112,45,-112,-108,1,outdoors,grass,77,12,00-0023459,00-0036212,Aaron Rodgers,Tua Tagovailoa,Robert Saleh,Mike McDaniel,MIA00,Hard Rock Stadium,0.2740,0.7260,+255,-280,+6½-105,-6½-108,52.656,0.5602,0.4362,0.0035,20.05,24.95,45.00,2.449,-2.449,-0.008,-0.703
401671660,2024,REG,14,2024-12-08,Sunday,16:05,SEA,ARI,30,18,Home,7,7,145,-175,3,-105,-115,45.5,-110,-110,1,closed,grass,,,00-0030565,00-0035228,Geno Smith,Kyler Murray,Mike Macdonald,Jonathan Gannon,PHO00,State Farm Stadium,0.3930,0.6070,+160,-170,+3+105,-3-110,55.554,0.5696,0.4269,0.0034,20.11,25.39,45.50,2.641,-2.641,0.97,-0.784
401671773,2024,REG,14,2024-12-08,Sunday,16:25,BUF,LA,42,44,Home,7,7,-192,160,-3.5,-118,-102,49.5,-108,-112,0,dome,matrixturf,,,00-0034857,00-0026498,Josh Allen,Matthew Stafford,Sean McDermott,Sean McVay,LAX01,SoFi Stadium,0.7610,0.2390,-185,+175,-3½-108,+3½-105,75.428,0.3665,0.6305,0.0029,30.25,20.25,50.50,-5.002,5.002,0.212,6.64
401671774,2024,REG,14,2024-12-08,Sunday,16:25,CHI,SF,13,38,Home,10,7,136,-162,3,-110,-110,43.5,-108,-112,0,outdoors,grass,65,4,00-0039918,00-0037834,Caleb Williams,Brock Purdy,Matt Eberflus,Kyle Shanahan,SFO01,Levi's Stadium,0.3070,0.6930,+145,-155,+3+100,-3-110,59.23,0.6030,0.3937,0.0031,17.33,26.17,43.50,4.423,-4.423,2.246,-0.829
401671788,2024,REG,14,2024-12-08,Sunday,20:20,LAC,KC,17,19,Home,7,9,195,-238,5,-115,-105,43.5,-110,-110,1,outdoors,grass,50,10,00-0036355,00-0033873,Justin Herbert,Patrick Mahomes,Jim Harbaugh,Andy Reid,KAN00,GEHA Field at Arrowhead Stadium,0.3370,0.6630,+210,-235,+5-110,-4½-108,70.806,0.6091,0.3877,0.0031,17.20,25.80,43.00,4.299,-4.299,3.893,0.857
401671690,2024,REG,14,2024-12-09,Monday,20:15,CIN,DAL,27,20,Home,8,11,-230,190,-5,-110,-110,51,-112,-108,0,closed,matrixturf,,,00-0036442,00-0033662,Joe Burrow,Cooper Rush,Zac Taylor,Mike McCarthy,DAL00,AT&T Stadium,0.6110,0.3890,-220,+205,-4½-108,+5-110,46.818,0.3399,0.6573,0.0027,31.67,18.83,50.50,-6.417,6.417,-7.36,0.262
401671818,2024,REG,15,2024-12-12,Thursday,20:15,LA,SF,12,6,Home,4,4,130,-155,3,-118,-102,48.5,-110,-110,1,outdoors,grass,53,4,00-0026498,00-0037834,Matthew Stafford,Brock Purdy,Sean McVay,Kyle Shanahan,SFO01,Levi's Stadium,0.4570,0.5430,+150,-155,+3-110,-3+100,68.635,0.6077,0.3891,0.0031,20.23,28.27,48.50,4.02,-4.02,3.065,0.579
401671639,2024,REG,15,2024-12-15,Sunday,13:00,BAL,NYG,35,14,Home,14,7,-1800,1000,-16.5,-112,-108,43.5,-112,-108,0,outdoors,fieldturf,36,6,00-0034796,00-0038476,Lamar Jackson,Tommy DeVito,John Harbaugh,Brian Daboll,NYC01,MetLife Stadium,0.9230,0.0770,-1600,+1200,-16½-108,+17-110,55.771,0.1819,0.8166,0.0014,35.46,8.05,43.50,-13.705,13.705,-8.455,6.169
401671706,2024,REG,15,2024-12-15,Sunday,13:00,NYJ,JAX,32,25,Home,7,7,-175,145,-3.5,-102,-118,41.5,-112,-108,0,outdoors,grass,,,00-0023459,00-0036972,Aaron Rodgers,Mac Jones,Robert Saleh,Doug Pederson,JAX00,TIAA Bank Stadium,0.6370,0.3630,-175,+165,-3-110,+3½-110,38.164,0.3784,0.6184,0.0030,25.59,15.92,41.50,-4.835,4.835,-6.8,-0.691
401671731,2024,REG,15,2024-12-15,Sunday,13:00,DAL,CAR,30,14,Home,6,7,120,-142,2.5,100,-120,42,-112,-108,0,outdoors,grass,45,7,00-0033662,00-0039150,Cooper Rush,Bryce Young,Mike McCarthy,Dave Canales,CAR00,Bank of America Stadium,0.5690,0.4310,+130,-140,+2½+100,-2½-110,21.258,0.4767,0.5194,0.0038,22.13,19.87,42.00,-1.126,1.126,-9.611,-7.175
401671737,2024,REG,15,2024-12-15,Sunday,13:00,WAS,NO,20,19,Home,14,7,-375,295,-7.5,-112,-108,44.5,-108,-112,0,dome,sportturf,,,00-0039910,00-0038998,Jayden Daniels,Jake Haener,Dan Quinn,Dennis Allen,NOR00,Mercedes-Benz Superdome,0.7410,0.2590,-370,+320,-7½-108,+7½-108,52.674,0.3094,0.6880,0.0024,29.77,14.73,44.50,-7.52,7.52,-7.163,1.179
401671825,2024,REG,15,2024-12-15,Sunday,13:00,CIN,TEN,37,27,Home,6,7,-250,205,-6,-110,-110,46.5,-112,-108,0,outdoors,grass,52,12,00-0036442,00-0039152,Joe Burrow,Will Levis,Zac Taylor,Brian Callahan,NAS00,Nissan Stadium,0.6410,0.3590,-260,+235,-5½-115,+6-108,35.296,0.3837,0.6131,0.0030,27.53,18.47,46.00,-4.528,4.528,-6.094,-0.003
401671854,2024,REG,15,2024-12-15,Sunday,13:00,KC,CLE,21,7,Home,7,7,-230,190,-4.5,-110,-110,41.5,-112,-108,0,outdoors,grass,40,18,00-0033873,00-0031503,Patrick Mahomes,Jameis Winston,Andy Reid,Kevin Stefanski,CLE00,FirstEnergy Stadium,0.7240,0.2760,-220,+200,-4-105,+4½-110,50.294,0.3957,0.6010,0.0031,24.13,16.87,41.00,-3.627,3.627,-0.876,3.796
401671860,2024,REG,15,2024-12-15,Sunday,13:00,MIA,HOU,12,20,Home,7,14,130,-155,2.5,-105,-115,46.5,-112,-108,0,closed,astroturf,,,00-0036212,00-0039163,Tua Tagovailoa,C.J. Stroud,Mike McDaniel,DeMeco Ryans,HOU00,NRG Stadium,0.3900,0.6100,+140,-145,+2½+100,-2½-110,58.959,0.5408,0.4555,0.0036,21.43,25.08,46.50,1.825,-1.825,1.089,0.381
401671669,2024,REG,15,2024-12-15,Sunday,16:25,IND,DEN,13,31,Home,14,13,195,-238,4.5,-105,-115,43.5,-108,-112,0,outdoors,grass,55,15,00-0039164,00-0039732,Anthony Richardson,Bo Nix,Shane Steichen,Sean Payton,DEN00,Empower Field at Mile High,0.3390,0.6610,+210,-210,+5-110,-4½-108,38.039,0.5676,0.4289,0.0034,19.67,24.33,44.00,2.327,-2.327,-1.191,-2.642
401671677,2024,REG,15,2024-12-15,Sunday,16:25,NE,ARI,17,30,Home,14,7,210,-258,6,-108,-112,46.5,-110,-110,0,closed,grass,,,00-0039851,00-0035228,Drake Maye,Kyler Murray,Jerod Mayo,Jonathan Gannon,PHO00,State Farm Stadium,0.2600,0.7400,+250,-260,+6½-108,-6-110,33.905,0.7068,0.2908,0.0023,15.03,31.47,46.50,8.219,-8.219,0.571,-6.318
401671681,2024,REG,15,2024-12-15,Sunday,16:25,BUF,DET,48,42,Home,7,10,110,-130,2.5,-110,-110,55.5,-110,-110,0,dome,fieldturf,,,00-0034857,00-0033106,Josh Allen,Jared Goff,Sean McDermott,Dan Campbell,DET00,Ford Field,0.4450,0.5550,+125,-135,+2½-108,-2½-105,94.849,0.5723,0.4243,0.0034,25.09,30.41,55.50,2.662,-2.662,8.46,6.759
401671762,2024,REG,15,2024-12-15,Sunday,16:25,TB,LAC,40,17,Home,7,7,136,-162,3,-105,-115,46,-108,-112,0,dome,matrixturf,,,00-0034855,00-0036355,Baker Mayfield,Justin Herbert,Todd Bowles,Jim Harbaugh,LAX01,SoFi Stadium,0.3880,0.6120,+155,-155,+3+100,-3-110,63.963,0.5127,0.4833,0.0038,22.58,23.42,46.00,0.422,-0.422,0.907,1.752
401671766,2024,REG,15,2024-12-15,Sunday,16:25,PIT,PHI,13,27,Home,7,7,215,-265,5.5,-110,-110,43,-110,-110,0,outdoors,grass,37,5,00-0029263,00-0036389,Russell Wilson,Jalen Hurts,Mike Tomlin,Nick Sirianni,PHI00,Lincoln Financial Field,0.3480,0.6520,+224,-250,+5½-108,-5½-108,76.569,0.6151,0.3818,0.0030,17.30,25.70,43.00,4.201,-4.201,4.663,1.788
401671796,2024,REG,15,2024-12-15,Sunday,20:20,GB,SEA,30,13,Home,10,7,-162,136,-3,-110,-110,48,-110,-110,0,outdoors,fieldturf,43,3,00-0036264,00-0030565,Jordan Love,Geno Smith,Matt LaFleur,Mike Macdonald,SEA00,Lumen Field,0.5770,0.4230,-154,+145,-3+100,+3-110,70.993,0.3691,0.6278,0.0029,28.93,19.07,48.00,-4.932,4.932,-0.36,6.21
401671489,2024,REG,15,2024-12-16,Monday,20:00,CHI,MIN,12,30,Home,8,8,260,-325,7,-115,-105,43.5,-110,-110,1,dome,sportturf,,,00-0039918,00-0034869,Caleb Williams,Sam Darnold,Matt Eberflus,Kevin O'Connell,MIN01,U.S. Bank Stadium,0.2110,0.7890,+305,-330,+7-108,-6½-110,60.014,0.6539,0.3432,0.0027,15.90,27.60,43.50,5.847,-5.847,3.32,-1.486
401671697,2024,REG,15,2024-12-16,Monday,20:30,ATL,LV,15,9,Home,8,8,-345,275,-6.5,-110,-110,44.5,-110,-110,0,dome,grass,,,00-0029604,00-0038579,Kirk Cousins,Aidan O'Connell,Raheem Morris,Antonio Pierce,VEG00,Allegiant Stadium,0.7420,0.2580,-270,+260,-6-108,+7-120,32.403,0.4262,0.5702,0.0034,25.03,19.47,44.50,-2.78,2.78,-4.312,-0.636
401671749,2024,REG,16,2024-12-19,Thursday,20:15,DEN,LAC,27,34,Home,4,4,124,-148,3,-120,100,41.5,-110,-110,1,dome,matrixturf,,,00-0039732,00-0036355,Bo Nix,Justin Herbert,Sean Payton,Jim Harbaugh,LAX01,SoFi Stadium,0.4240,0.5760,+150,-155,+2½+112,-2½-120,49.179,0.5769,0.4196,0.0033,17.96,23.54,41.50,2.791,-2.791,-0.029,-1.234
401671780,2024,REG,16,2024-12-21,Saturday,13:00,HOU,KC,19,27,Home,6,6,150,-180,3.5,-120,100,42.5,-108,-112,0,outdoors,grass,30,5,00-0039163,00-0033873,C.J. Stroud,Patrick Mahomes,DeMeco Ryans,Andy Reid,KAN00,GEHA Field at Arrowhead Stadium,0.4650,0.5350,+170,-180,+3+100,-3-110,70.319,0.6104,0.3864,0.0031,17.06,25.44,42.50,4.186,-4.186,3.947,1.015
401671778,2024,REG,16,2024-12-21,Saturday,16:30,PIT,BAL,17,34,Home,6,6,275,-345,7,-115,-105,44.5,-112,-108,1,outdoors,grass,35,15,00-0029263,00-0034796,Russell Wilson,Lamar Jackson,Mike Tomlin,John Harbaugh,BAL00,M&T Bank Stadium,0.2410,0.7590,+300,-345,+7-108,-7-108,77.17,0.6660,0.3313,0.0026,15.42,28.58,44.00,6.581,-6.581,6.593,1.262
401671621,2024,REG,16,2024-12-22,Sunday,13:00,LA,NYJ,19,9,Home,10,7,-162,136,-3,-105,-115,47,-110,-110,0,outdoors,fieldturf,23,8,00-0026498,00-0023459,Matthew Stafford,Aaron Rodgers,Sean McVay,Robert Saleh,NYC01,MetLife Stadium,0.6410,0.3590,-155,+145,-3+100,+3-110,55.549,0.4907,0.5053,0.0039,24.13,22.87,47.00,-0.634,0.634,-0.396,0.878
401671717,2024,REG,16,2024-12-22,Sunday,13:00,PHI,WAS,33,36,Home,7,7,-218,180,-4,-115,-105,47,-110,-110,1,outdoors,grass,32,8,00-0036389,00-0039910,Jalen Hurts,Jayden Daniels,Nick Sirianni,Dan Quinn,WAS00,FedExField,0.6250,0.3750,-230,+200,-4-108,+4½-110,71.618,0.4057,0.5910,0.0032,26.71,20.29,47.00,-3.21,3.21,0.912,4.98
401671729,2024,REG,16,2024-12-22,Sunday,13:00,NYG,ATL,7,34,Home,7,6,410,-550,9.5,-110,-110,42.5,-110,-110,0,closed,fieldturf,,,00-0038476,00-0039917,Tommy DeVito,Michael Penix Jr.,Brian Daboll,Raheem Morris,ATL97,Mercedes-Benz Stadium,0.1330,0.8670,+375,-450,+9½-108,-9-110,33.786,0.6318,0.3652,0.0029,16.47,26.53,43.00,5.03,-5.03,-4.409,-8.8
401671732,2024,REG,16,2024-12-22,Sunday,13:00,ARI,CAR,30,36,Home,7,7,-245,200,-5.5,-110,-110,47,-110,-110,0,outdoors,grass,37,10,00-0035228,00-0039150,Kyler Murray,Bryce Young,Jonathan Gannon,Dave Canales,CAR00,Bank of America Stadium,0.7000,0.3000,-250,+230,-5½-110,+6-105,30.308,0.2602,0.7376,0.0020,33.07,13.93,47.00,-9.567,9.567,-10.107,0.639
401671811,2024,REG,16,2024-12-22,Sunday,13:00,CLE,CIN,6,24,Home,7,7,425,-575,10,-108,-112,46.5,-112,-108,1,outdoors,fieldturf,33,6,00-0031503,00-0036442,Jameis Winston,Joe Burrow,Kevin Stefanski,Zac Taylor,CIN00,Paycor Stadium,0.3100,0.6900,+450,-540,+10-108,-10-105,34.492,0.6840,0.3134,0.0025,15.79,30.21,46.00,7.208,-7.208,0.01,-6.194
401671862,2024,REG,16,2024-12-22,Sunday,13:00,TEN,IND,30,38,Home,7,7,164,-198,4,-112,-108,42.5,-108,-112,1,closed,fieldturf,,,00-0034771,00-0026158,Mason Rudolph,Joe Flacco,Brian Callahan,Shane Steichen,IND00,Lucas Oil Stadium,0.3360,0.6640,+192,-200,+4-108,-4-108,22.402,0.5013,0.4946,0.0039,21.29,21.21,42.50,-0.039,0.039,-3.02,-2.216
401671868,2024,REG,16,2024-12-22,Sunday,13:00,DET,CHI,34,17,Home,7,6,-340,270,-7,-110,-110,47.5,-110,-110,1,outdoors,grass,29,7,00-0033106,00-0039918,Jared Goff,Caleb Williams,Dan Campbell,Matt Eberflus,CHI98,Soldier Field,0.8090,0.1910,-320,+310,-6½-110,+7-110,68.457,0.2775,0.7202,0.0022,32.56,14.94,47.50,-8.814,8.814,-1.787,8.361
401671759,2024,REG,16,2024-12-22,Sunday,16:05,MIN,SEA,27,24,Home,6,7,-148,124,-2.5,-115,-105,43,-115,-105,0,outdoors,fieldturf,48,5,00-0034869,00-0030565,Sam Darnold,Geno Smith,Kevin O'Connell,Mike Macdonald,SEA00,Lumen Field,0.6080,0.3920,-135,+125,-2-110,+3-120,64.139,0.4189,0.5776,0.0033,24.74,18.26,43.00,-3.238,3.238,-0.924,3.495
401671494,2024,REG,16,2024-12-22,Sunday,16:25,NE,BUF,21,24,Home,7,7,700,-1100,14,-110,-110,48,-110,-110,1,outdoors,a_turf,14,2,00-0039851,00-0034857,Drake Maye,Josh Allen,Jerod Mayo,Sean McDermott,BUF00,New Era Field,0.0540,0.9460,+875,-950,+14½-110,-14-108,53.221,0.8239,0.1746,0.0014,9.91,38.10,48.00,14.095,-14.095,7.263,-5.441
401671673,2024,REG,16,2024-12-22,Sunday,16:25,JAX,LV,14,19,Home,7,6,110,-130,2.5,-110,-110,41.5,-112,-108,0,dome,grass,,,00-0036972,00-0038579,Mac Jones,Aidan O'Connell,Doug Pederson,Antonio Pierce,VEG00,Allegiant Stadium,0.4960,0.5040,+125,-136,+2½-105,-2½-108,24.358,0.5836,0.4130,0.0033,17.71,23.79,41.50,3.037,-3.037,-4.072,-6.224
401671874,2024,REG,16,2024-12-22,Sunday,16:25,SF,MIA,17,29,Home,10,7,-125,105,-2,-108,-112,44,-108,-112,0,outdoors,grass,73,12,00-0037834,00-0036212,Brock Purdy,Tua Tagovailoa,Kyle Shanahan,Mike McDaniel,MIA00,Hard Rock Stadium,0.5220,0.4780,-118,+110,-1-110,+2-110,65.442,0.4581,0.5381,0.0036,23.54,20.46,44.00,-1.541,1.541,0.344,2.696
401671790,2024,REG,16,2024-12-22,Sunday,20:20,TB,DAL,24,26,Home,7,7,-218,180,-4.5,-105,-115,47.5,-110,-110,0,closed,matrixturf,,,00-0034855,00-0033662,Baker Mayfield,Cooper Rush,Todd Bowles,Mike McCarthy,DAL00,AT&T Stadium,0.6770,0.3230,-220,+200,-4½-108,+4½-108,58.5,0.2981,0.6994,0.0023,31.38,16.12,47.50,-7.633,7.633,-5.959,2.698
401671692,2024,REG,16,2024-12-23,Monday,20:15,NO,GB,0,34,Home,8,8,625,-950,14,-105,-115,44,-110,-110,0,outdoors,grass,34,12,00-0038998,00-0036264,Jake Haener,Jordan Love,Dennis Allen,Matt LaFleur,GNB00,Lambeau Field,0.0950,0.9050,+900,-1300,+14-108,-14-108,68.49,0.8266,0.1719,0.0013,7.23,36.27,43.50,14.52,-14.52,6.631,-6.846
401671799,2024,REG,17,2024-12-25,Wednesday,13:00,KC,PIT,29,10,Home,4,4,-162,136,-3,-105,-115,43.5,-110,-110,0,outdoors,grass,39,2,00-0033873,00-0029263,Patrick Mahomes,Russell Wilson,Andy Reid,Mike Tomlin,PIT00,Acrisure Stadium,0.5670,0.4330,-125,+120,-1½-105,+2½-110,69.413,0.4428,0.5535,0.0035,25.25,20.76,46.00,-2.245,2.245,0.891,4.039
401671800,2024,REG,17,2024-12-25,Wednesday,16:30,BAL,HOU,31,2,Home,4,4,-245,200,-5.5,-108,-112,46.5,-112,-108,0,closed,astroturf,,,00-0034796,00-0039163,Lamar Jackson,C.J. Stroud,John Harbaugh,DeMeco Ryans,HOU00,NRG Stadium,0.6700,0.3300,-315,+280,-6½-110,+6½+100,77.49,0.3705,0.6265,0.0029,28.34,18.66,47.00,-4.838,4.838,1.051,6.913
401671876,2024,REG,17,2024-12-26,Thursday,20:15,SEA,CHI,6,3,Home,4,4,-192,160,-3.5,-118,-102,43.5,-112,-108,0,outdoors,grass,47,5,00-0030565,00-0039918,Geno Smith,Caleb Williams,Mike Macdonald,Matt Eberflus,CHI98,Soldier Field,0.6410,0.3590,-216,+195,-4-110,+4+100,46.431,0.4867,0.5093,0.0039,21.49,21.01,42.50,-0.236,0.236,-1.889,-0.801
401671832,2024,REG,17,2024-12-28,Saturday,13:00,LAC,NE,40,7,Home,9,6,-305,245,-6,-118,-102,42,-108,-112,0,outdoors,fieldturf,40,4,00-0036355,00-0039851,Justin Herbert,Drake Maye,Jim Harbaugh,Jerod Mayo,BOS00,Gillette Stadium,0.7300,0.2700,-300,+264,-6-108,+6-105,37.254,0.3911,0.6057,0.0031,24.82,16.68,41.50,-4.067,4.067,-4.072,0.354
401671835,2024,REG,17,2024-12-28,Saturday,16:30,DEN,CIN,24,30,Home,9,6,145,-175,3.5,-115,-105,50.5,-110,-110,0,outdoors,fieldturf,60,8,00-0039732,00-0036442,Bo Nix,Joe Burrow,Sean Payton,Zac Taylor,CIN00,Paycor Stadium,0.4340,0.5660,+160,-162,+3+100,-3-108,50.091,0.5656,0.4309,0.0034,22.45,28.05,50.50,2.803,-2.803,0.501,-1.107
401671829,2024,REG,17,2024-12-28,Saturday,20:15,ARI,LA,9,13,Home,6,6,270,-340,6.5,100,-120,48,-112,-108,1,dome,matrixturf,,,00-0035228,00-0026498,Kyler Murray,Matthew Stafford,Jonathan Gannon,Sean McVay,LAX01,SoFi Stadium,0.3250,0.6750,+290,-300,+6½+100,-6½-108,59.915,0.5589,0.4375,0.0035,22.05,25.95,48.00,1.951,-1.951,0.915,0.077
401671495,2024,REG,17,2024-12-29,Sunday,13:00,NYJ,BUF,14,40,Home,7,7,390,-520,10,-105,-115,44.5,-112,-108,1,outdoors,a_turf,54,15,00-0023459,00-0034857,Aaron Rodgers,Josh Allen,Robert Saleh,Sean McDermott,BUF00,New Era Field,0.1030,0.8970,+450,-500,+10-105,-10-108,69.533,0.7048,0.2928,0.0023,13.95,30.55,44.50,8.302,-8.302,6.405,-0.648
401671634,2024,REG,17,2024-12-29,Sunday,13:00,TEN,JAX,13,20,Home,7,7,-108,-112,-1,-105,-115,38,-110,-110,1,outdoors,grass,72,16,00-0034771,00-0036972,Mason Rudolph,Mac Jones,Brian Callahan,Doug Pederson,JAX00,TIAA Bank Stadium,0.5180,0.4820,-108,-108,+0-108,+0-108,21.176,0.4130,0.5836,0.0033,22.58,15.92,38.50,-3.329,3.329,-6.594,-2.597
401671653,2024,REG,17,2024-12-29,Sunday,13:00,CAR,TB,14,48,Home,7,7,380,-500,9.5,-105,-115,47.5,-108,-112,1,outdoors,grass,76,8,00-0039150,00-0034855,Bryce Young,Baker Mayfield,Dave Canales,Todd Bowles,TAM00,Raymond James Stadium,0.2240,0.7760,+475,-520,+10-108,-10-108,36.693,0.8012,0.1972,0.0015,11.24,36.76,48.00,12.761,-12.761,2.581,-9.229
401671738,2024,REG,17,2024-12-29,Sunday,13:00,LV,NO,25,10,Home,7,6,-125,105,-2,-110,-110,37.5,-112,-108,0,dome,sportturf,,,00-0038579,00-0038998,Aidan O'Connell,Jake Haener,Antonio Pierce,Dennis Allen,NOR00,Mercedes-Benz Superdome,0.5090,0.4910,-125,+115,-1½-108,+2-110,29.528,0.4189,0.5776,0.0033,21.68,15.82,37.50,-2.932,2.932,-7.185,-3.254
401671765,2024,REG,17,2024-12-29,Sunday,13:00,DAL,PHI,7,41,Home,7,7,260,-325,7.5,-112,-108,37.5,-108,-112,1,outdoors,grass,62,10,00-0033662,00-0036389,Cooper Rush,Jalen Hurts,Mike McCarthy,Nick Sirianni,PHI00,Lincoln Financial Field,0.1710,0.8290,+330,-350,+7½-105,-7½-108,65.36,0.6158,0.3811,0.0030,14.00,23.50,37.50,4.748,-4.748,-1.19,-4.64
401671846,2024,REG,17,2024-12-29,Sunday,13:00,IND,NYG,33,45,Home,7,7,-410,320,-7.5,-112,-108,40.5,-112,-108,0,outdoors,fieldturf,54,0,00-0026158,00-0038476,Joe Flacco,Tommy DeVito,Shane Steichen,Brian Daboll,NYC01,MetLife Stadium,0.7250,0.2750,-370,+330,-7½+105,+7½-110,22.805,0.2915,0.7061,0.0023,28.58,11.92,40.50,-8.329,8.329,-11.688,-2.173
401671877,2024,REG,17,2024-12-29,Sunday,16:05,MIA,CLE,20,3,Home,7,7,-170,142,-3,-115,-105,32.5,-112,-108,0,outdoors,grass,54,15,00-0035993,00-0031503,Tyler Huntley,Jameis Winston,Mike McDaniel,Kevin Stefanski,CLE00,FirstEnergy Stadium,0.5030,0.4970,-170,+170,-3-110,+3+100,37.778,0.4236,0.5729,0.0034,18.86,13.64,32.50,-2.61,2.61,-7.432,-4.01
401671725,2024,REG,17,2024-12-29,Sunday,16:25,GB,MIN,25,27,Home,6,7,-112,-108,-1,-105,-115,49,-110,-110,1,dome,sportturf,,,00-0036264,00-0034869,Jordan Love,Sam Darnold,Matt LaFleur,Kevin O'Connell,MIN01,U.S. Bank Stadium,0.4810,0.5190,+100,-105,+1-110,+1-110,84.363,0.4428,0.5535,0.0035,26.68,22.32,49.00,-2.179,2.179,3.418,7.12
401671842,2024,REG,17,2024-12-29,Sunday,20:20,ATL,WAS,24,30,Home,7,7,160,-192,3.5,-115,-105,46.5,-110,-110,0,outdoors,grass,58,10,00-0039917,00-0039910,Michael Penix Jr.,Jayden Daniels,Raheem Morris,Dan Quinn,WAS00,FedExField,0.3780,0.6220,+180,-185,+3½-110,-3½+105,54.937,0.5883,0.4083,0.0032,19.65,26.85,46.50,3.597,-3.597,1.114,-1.49
401671698,2024,REG,17,2024-12-30,Monday,20:15,DET,SF,40,34,Home,8,8,-230,190,-4,-112,-108,50.5,-110,-110,0,outdoors,grass,,,00-0033106,00-0037834,Jared Goff,Brock Purdy,Dan Campbell,Kyle Shanahan,SFO01,Levi's Stadium,0.7290,0.2710,-215,+210,-3½+100,+4-110,85.145,0.3884,0.6084,0.0031,29.45,20.55,50.00,-4.45,4.45,2.302,8.512
401671834,2024,REG,18,2025-01-04,Saturday,16:30,CLE,BAL,10,35,Home,6,10,1200,-2400,19.5,-105,-115,42.5,-108,-112,1,outdoors,grass,31,16,00-0038108,00-0034796,Bailey Zappe,Lamar Jackson,Kevin Stefanski,John Harbaugh,BAL00,M&T Bank Stadium,0.0670,0.9330,+1500,-2400,+20-108,-19½-110,55.079,0.8099,0.1885,0.0015,7.67,34.33,42.00,13.332,-13.332,7.968,-4.174
401671836,2024,REG,18,2025-01-04,Saturday,20:00,CIN,PIT,19,17,Home,7,10,-148,124,-2.5,-118,-102,48.5,-112,-108,1,outdoors,grass,19,10,00-0036442,00-0029263,Joe Burrow,Russell Wilson,Zac Taylor,Mike Tomlin,PIT00,Acrisure Stadium,0.4680,0.5320,-130,+120,-2-108,+2½-105,57.418,0.5318,0.4644,0.0037,23.21,25.29,48.50,1.044,-1.044,0.574,0.648
401671826,2024,REG,18,2025-01-05,Sunday,13:00,HOU,TEN,23,14,Home,11,7,120,-142,2.5,-108,-112,36.5,-108,-112,1,outdoors,grass,35,10,00-0036898,00-0034771,Davis Mills,Mason Rudolph,DeMeco Ryans,Brian Callahan,NAS00,Nissan Stadium,0.4960,0.5040,+135,-140,+2½-110,-2-108,32.616,0.4262,0.5702,0.0034,21.01,15.49,36.50,-2.761,2.761,-6.796,-2.543
401671827,2024,REG,18,2025-01-05,Sunday,13:00,CAR,ATL,44,38,Home,7,7,300,-380,7.5,-105,-115,48.5,-108,-112,1,closed,fieldturf,,,00-0039150,00-0039917,Bryce Young,Michael Penix Jr.,Dave Canales,Raheem Morris,ATL97,Mercedes-Benz Stadium,0.2360,0.7640,+330,-380,+8-108,-7½-110,26.791,0.7356,0.2622,0.0021,14.90,33.60,48.50,9.353,-9.353,-1.126,-9.694
401671828,2024,REG,18,2025-01-05,Sunday,13:00,NO,TB,19,27,Home,7,7,675,-1050,14.5,-102,-118,44.5,-112,-108,1,outdoors,grass,68,6,00-0039376,00-0034855,Spencer Rattler,Baker Mayfield,Dennis Allen,Todd Bowles,TAM00,Raymond James Stadium,0.1590,0.8410,+850,-1050,+15-108,-15-108,57.5,0.7858,0.2124,0.0017,9.98,34.52,44.50,12.274,-12.274,3.262,-7.716
401671831,2024,REG,18,2025-01-05,Sunday,13:00,BUF,NE,16,23,Home,7,8,-166,140,-3,-112,-108,36.5,-108,-112,1,outdoors,fieldturf,33,14,00-0033869,00-0039398,Mitchell Trubisky,Joe Milton III,Sean McDermott,Jerod Mayo,BOS00,Gillette Stadium,0.6750,0.3250,-165,+155,-3-108,+3+100,50.83,0.3463,0.6508,0.0027,24.06,12.44,36.50,-5.81,5.81,-5.789,0.779
401671837,2024,REG,18,2025-01-05,Sunday,13:00,JAX,IND,23,26,Home,7,7,150,-180,3.5,-110,-110,45.5,-105,-110,1,closed,fieldturf,,,00-0036972,00-0026158,Mac Jones,Joe Flacco,Doug Pederson,Shane Steichen,IND00,Lucas Oil Stadium,0.4090,0.5910,+165,-175,+3½-108,-3-120,32.614,0.6278,0.3691,0.0029,18.21,27.80,46.00,4.795,-4.795,-2.033,-5.568
401671840,2024,REG,18,2025-01-05,Sunday,13:00,WAS,DAL,23,19,Home,7,7,-310,250,-7,-108,-112,43.5,-118,-102,1,closed,matrixturf,,,00-0039910,00-0037012,Jayden Daniels,Trey Lance,Dan Quinn,Mike McCarthy,DAL00,AT&T Stadium,0.7340,0.2660,-310,+300,-7+100,+7+105,52.975,0.3386,0.6586,0.0027,27.63,15.87,43.50,-5.882,5.882,-5.904,1.255
401671841,2024,REG,18,2025-01-05,Sunday,13:00,NYG,PHI,13,20,Home,7,7,130,-155,3,-110,-110,36.5,-118,-102,1,outdoors,grass,31,19,00-0035704,00-0038400,Drew Lock,Tanner McKee,Brian Daboll,Nick Sirianni,PHI00,Lincoln Financial Field,0.4810,0.5190,+155,-155,+3+107,-3-110,52.375,0.7081,0.2895,0.0023,9.61,26.39,36.00,8.394,-8.394,-0.535,-7.781
401671844,2024,REG,18,2025-01-05,Sunday,13:00,CHI,GB,24,22,Home,10,7,320,-410,10,-115,-105,41.5,-108,-112,1,outdoors,grass,16,13,00-0039918,00-0036264,Caleb Williams,Jordan Love,Matt Eberflus,Matt LaFleur,GNB00,Lambeau Field,0.1500,0.8500,+400,-450,+10½-110,-10-105,63.962,0.7443,0.2536,0.0020,10.93,30.57,41.50,9.821,-9.821,6.868,-2.255
401671830,2024,REG,18,2025-01-05,Sunday,16:25,SEA,LA,30,25,Home,10,8,-360,285,-7.5,-110,-110,38.5,-112,-108,1,dome,matrixturf,,,00-0030565,00-0031345,Geno Smith,Jimmy Garoppolo,Mike Macdonald,Sean McVay,LAX01,SoFi Stadium,0.8330,0.1670,-340,+296,-7-110,+7+100,55.199,0.5180,0.4780,0.0038,18.69,19.81,38.50,0.558,-0.558,-1.136,-0.878
401671833,2024,REG,18,2025-01-05,Sunday,16:25,MIA,NYJ,20,32,Home,7,7,102,-122,1.5,-110,-110,39.5,-112,-108,1,outdoors,fieldturf,34,10,00-0036212,00-0023459,Tua Tagovailoa,Aaron Rodgers,Mike McDaniel,Robert Saleh,NYC01,MetLife Stadium,0.4570,0.5430,+115,-125,+2-108,-1½-110,51.8,0.6218,0.3751,0.0030,15.37,24.13,39.50,4.383,-4.383,-1.303,-5.085
401671838,2024,REG,18,2025-01-05,Sunday,16:25,KC,DEN,0,38,Home,11,8,370,-485,10.5,-115,-105,40.5,-115,-105,1,outdoors,grass,28,5,00-0032950,00-0039732,Carson Wentz,Bo Nix,Andy Reid,Sean Payton,DEN00,Empower Field at Mile High,0.1280,0.8720,+500,-550,+11-108,-10½-110,64.994,0.5164,0.4797,0.0038,19.44,21.06,40.50,0.811,-0.811,-1.053,-1.204
401671839,2024,REG,18,2025-01-05,Sunday,16:25,LAC,LV,34,20,Home,8,7,-345,275,-7,-118,-102,42.5,-112,-108,1,dome,grass,,,00-0036355,00-0038579,Justin Herbert,Aidan O'Connell,Jim Harbaugh,Antonio Pierce,VEG00,Allegiant Stadium,0.6920,0.3080,-330,+290,-6½-116,+7-105,43.039,0.4377,0.5587,0.0035,23.21,18.79,42.00,-2.214,2.214,-1.627,1.165
401671845,2024,REG,18,2025-01-05,Sunday,16:25,SF,ARI,24,47,Home,6,8,160,-192,4.5,-110,-110,42.5,-110,-110,1,closed,grass,,,00-0033949,00-0035228,Joshua Dobbs,Kyler Murray,Kyle Shanahan,Jonathan Gannon,PHO00,State Farm Stadium,0.4580,0.5420,+205,-220,+5½-110,-4½-110,64.699,0.6068,0.3900,0.0031,17.43,25.57,43.00,4.068,-4.068,-0.163,-3.365
401671843,2024,REG,18,2025-01-05,Sunday,20:20,MIN,DET,9,31,Home,7,6,124,-148,3,-118,-102,56.5,-102,-118,1,dome,fieldturf,,,00-0034869,00-0033106,Sam Darnold,Jared Goff,Kevin O'Connell,Dan Campbell,DET00,Ford Field,0.3690,0.6310,+145,-155,+3-110,-3+108,88.647,0.6445,0.3525,0.0028,22.67,33.83,56.50,5.584,-5.584,8.457,3.474
401671878,2024,WC,19,2025-01-11,Saturday,16:30,LAC,HOU,12,32,Home,6,6,-162,136,-3,-105,-115,41.5,-108,-112,0,closed,astroturf,,,00-0036355,00-0039163,Justin Herbert,C.J. Stroud,Jim Harbaugh,DeMeco Ryans,HOU00,NRG Stadium,0.5330,0.4670,-153,+145,-2½-110,+2½+105,61.618,0.4724,0.5276,0.0000,21.94,20.06,42.00,-0.943,0.943,-0.043,1.715
401671879,2024,WC,19,2025-01-11,Saturday,20:00,PIT,BAL,14,28,Home,7,7,390,-520,9.5,-112,-108,44.5,-108,-112,1,outdoors,grass,32,12,00-0029263,00-0034796,Russell Wilson,Lamar Jackson,Mike Tomlin,John Harbaugh,BAL00,M&T Bank Stadium,0.1940,0.8060,+418,-500,+8½-105,-8-105,74.994,0.7224,0.2775,0.0000,13.46,31.55,45.00,9.045,-9.045,7.926,0.274
401671881,2024,WC,19,2025-01-12,Sunday,13:00,DEN,BUF,7,31,Home,7,7,330,-425,7.5,100,-120,48.5,-102,-118,0,outdoors,a_turf,32,10,00-0039732,00-0034857,Bo Nix,Josh Allen,Sean Payton,Sean McDermott,BUF00,New Era Field,0.2120,0.7880,+385,-450,+7½-102,-7½-105,71.827,0.6853,0.3146,0.0000,17.30,31.70,49.00,7.196,-7.196,6.015,0.218
401671880,2024,WC,19,2025-01-12,Sunday,16:30,GB,PHI,10,22,Home,7,7,205,-250,5.5,-105,-115,45.5,-110,-110,0,outdoors,grass,40,6,00-0036264,00-0036389,Jordan Love,Jalen Hurts,Matt LaFleur,Nick Sirianni,PHI00,Lincoln Financial Field,0.3480,0.6520,+240,-260,+5½-105,-5-103,89.652,0.4986,0.5013,0.0000,22.67,23.33,46.00,0.331,-0.331,5.255,6.645
401671883,2024,WC,19,2025-01-12,Sunday,20:00,WAS,TB,23,20,Home,7,7,136,-162,3,-110,-110,51.5,-105,-115,0,outdoors,grass,58,2,00-0039910,00-0034855,Jayden Daniels,Baker Mayfield,Dan Quinn,Todd Bowles,TAM00,Raymond James Stadium,0.3820,0.6180,+150,-156,+3+100,-3-103,68.467,0.5880,0.4120,0.0000,22.42,29.08,51.50,3.329,-3.329,3.042,1.213
401671882,2024,WC,19,2025-01-13,Monday,20:00,MIN,LA,9,27,Neutral,8,8,-142,120,-2.5,-118,-102,47.5,-108,-112,0,closed,grass,,,00-0034869,00-0026498,Sam Darnold,Matthew Stafford,Kevin O'Connell,Sean McVay,PHO00,State Farm Stadium,0.6090,0.3910,-130,+125,-2-105,+2½-110,68.267,0.4333,0.5666,0.0000,26.14,21.36,47.50,-2.391,2.391,0.671,2.853
401671884,2024,DIV,20,2025-01-18,Saturday,16:30,HOU,KC,14,23,Home,7,13,410,-550,9.5,-110,-110,41.5,-112,-108,0,outdoors,grass,23,17,00-0039163,00-0033873,C.J. Stroud,Patrick Mahomes,DeMeco Ryans,Andy Reid,KAN00,GEHA Field at Arrowhead Stadium,0.2240,0.7760,+450,-530,+9½-105,-9½-105,67.468,0.6268,0.3731,0.0000,16.17,25.33,41.50,4.579,-4.579,3.252,0.385
401671885,2024,DIV,20,2025-01-18,Saturday,20:00,WAS,DET,45,31,Home,6,13,390,-520,8.5,-105,-115,55.5,-112,-108,0,dome,fieldturf,,,00-0039910,00-0033106,Jayden Daniels,Jared Goff,Dan Quinn,Dan Campbell,DET00,Ford Field,0.1910,0.8090,+400,-450,+8½-110,-7½-105,78.841,0.7297,0.2703,0.0000,18.78,36.72,55.50,8.971,-8.971,8.75,1.328
401671937,2024,DIV,20,2025-01-19,Sunday,15:00,LA,PHI,22,28,Home,6,7,260,-325,7,-112,-108,43.5,-110,-110,0,outdoors,grass,34,8,00-0026498,00-0036389,Matthew Stafford,Jalen Hurts,Sean McVay,Nick Sirianni,PHI00,Lincoln Financial Field,0.2480,0.7520,+332,-340,+7+100,-6½-120,76.312,0.6666,0.3333,0.0000,15.64,27.86,43.50,6.113,-6.113,5.598,0.938
401671886,2024,DIV,20,2025-01-19,Sunday,18:30,BAL,BUF,25,27,Home,8,7,-118,-102,-1.5,-102,-118,51.5,-105,-115,0,outdoors,a_turf,19,4,00-0034796,00-0034857,Lamar Jackson,Josh Allen,John Harbaugh,Sean McDermott,BUF00,New Era Field,0.4620,0.5380,-120,+110,-1-110,+1½-105,94.454,0.4853,0.5146,0.0000,26.42,25.58,52.00,-0.423,0.423,6.422,8.042
401671888,2024,CON,21,2025-01-26,Sunday,15:00,WAS,PHI,23,55,Home,8,7,205,-250,6,-110,-110,46.5,-105,-115,1,outdoors,grass,40,11,00-0039910,00-0036389,Jayden Daniels,Jalen Hurts,Dan Quinn,Nick Sirianni,PHI00,Lincoln Financial Field,0.2490,0.7510,+240,-275,+6+100,-6-108,77.865,0.6373,0.3626,0.0000,18.38,28.62,47.00,5.124,-5.124,5.395,1.933
401671887,2024,CON,21,2025-01-26,Sunday,18:30,BUF,KC,29,32,Home,7,8,-102,-118,1.5,-115,-105,49.5,-115,-105,0,outdoors,grass,31,8,00-0034857,00-0033873,Josh Allen,Patrick Mahomes,Sean McDermott,Andy Reid,KAN00,GEHA Field at Arrowhead Stadium,0.4280,0.5720,+100,-110,+1+100,+0-110,84.134,0.4543,0.5456,0.0000,26.07,22.93,49.00,-1.566,1.566,3.491,6.44
401671889,2024,SB,22,2025-02-09,Sunday,18:30,KC,PHI,22,40,Neutral,14,14,-120,100,-1.5,-105,-115,48.5,-105,-115,0,dome,sportturf,,,00-0033873,00-0036389,Patrick Mahomes,Jalen Hurts,Andy Reid,Nick Sirianni,NOR00,Mercedes-Benz Superdome,0.5890,0.4110,-110,+115,-1-103,+1+100,85.69,0.5606,0.4393,0.0000,22.04,26.46,48.50,2.212,-2.212,5.952,3.907
401772510,2025,REG,1,2025-09-04,Thursday,20:20,DAL,PHI,20,24,Home,7,7,330,-425,8.5,-110,-110,47.5,-110,-110,1,outdoors,grass,75,11,00-0033077,00-0036389,Dak Prescott,Jalen Hurts,Brian Schottenheimer,Nick Sirianni,PHI00,Lincoln Financial Field,0.2420,0.7580,+375,-450,+8-105,-8-105,64.041,0.6747,0.3227,0.0025,16.18,31.32,47.50,7.572,-7.572,5.429,-0.827
401772714,2025,REG,1,2025-09-05,Friday,20:00,KC,LAC,21,27,Neutral,7,7,-175,145,-3,-120,100,47.5,-110,-110,1,dome,,,,00-0033873,00-0036355,Patrick Mahomes,Justin Herbert,Andy Reid,Jim Harbaugh,LAX01,SoFi Stadium,0.6100,0.3900,-150,+150,-3-105,+3+100,75.987,0.4236,0.5729,0.0034,26.52,20.98,47.50,-2.771,2.771,2.348,5.127
401772718,2025,REG,1,2025-09-07,Sunday,13:00,ARI,NO,20,13,Home,7,7,-270,220,-6,-108,-112,44.5,-112,-108,0,dome,sportturf,,,00-0035228,00-0039376,Kyler Murray,Spencer Rattler,Jonathan Gannon,Kellen Moore,NOR00,Mercedes-Benz Superdome,0.7520,0.2480,-235,+240,-5-105,+6-110,30.07,0.4143,0.5823,0.0033,25.53,18.97,44.50,-3.281,3.281,-5.416,-0.789
401772719,2025,REG,1,2025-09-07,Sunday,13:00,MIA,IND,8,33,Home,7,7,-108,-112,1.5,-118,-102,47.5,-120,100,0,closed,fieldturf,,,00-0036212,00-0035710,Tua Tagovailoa,Daniel Jones,Mike McDaniel,Shane Steichen,IND00,Lucas Oil Stadium,0.4330,0.5670,-104,-110,+1-108,+0-110,36.923,0.5221,0.4741,0.0038,22.57,24.43,47.00,0.929,-0.929,-2.186,-1.768
401772720,2025,REG,1,2025-09-07,Sunday,13:00,LV,NE,20,13,Home,7,7,130,-155,2.5,100,-120,44.5,-115,-105,0,outdoors,fieldturf,62,4,00-0030565,00-0039851,Geno Smith,Drake Maye,Pete Carroll,Mike Vrabel,BOS00,Gillette Stadium,0.4010,0.5990,+125,-135,+2½+100,-2½-110,32.275,0.5133,0.4827,0.0038,21.50,23.00,44.50,0.748,-0.748,-2.911,-2.321
401772721,2025,REG,1,2025-09-07,Sunday,13:00,PIT,NYJ,34,32,Home,7,7,-155,130,-3,-110,-110,37.5,-108,-112,0,outdoors,fieldturf,67,3,00-0023459,00-0036945,Aaron Rodgers,Justin Fields,Mike Tomlin,Aaron Glenn,NYC01,MetLife Stadium,0.5730,0.4270,-160,+146,-3-108,+3-108,36.137,0.4143,0.5823,0.0033,22.53,15.47,38.00,-3.529,3.529,-4.55,0.327
401772827,2025,REG,1,2025-09-07,Sunday,13:00,NYG,WAS,6,21,Home,7,7,240,-298,6,-108,-112,45.5,-110,-110,1,outdoors,grass,68,5,00-0029263,00-0039910,Russell Wilson,Jayden Daniels,Brian Daboll,Dan Quinn,WAS00,FedExField,0.2530,0.7470,+245,-270,+6-108,-6-108,45.614,0.6753,0.3220,0.0025,15.51,29.99,45.50,7.241,-7.241,2.267,-3.625
401772828,2025,REG,1,2025-09-07,Sunday,13:00,CAR,JAX,10,26,Home,7,7,170,-205,4.5,-110,-110,45.5,-108,-112,0,outdoors,grass,85,3,00-0039150,00-0036971,Bryce Young,Trevor Lawrence,Dave Canales,Liam Coen,JAX00,TIAA Bank Stadium,0.3030,0.6970,+195,-220,+4½-108,-4-110,27.239,0.6097,0.3871,0.0031,18.40,26.60,45.00,4.099,-4.099,-1.773,-4.522
401772829,2025,REG,1,2025-09-07,Sunday,13:00,CIN,CLE,17,16,Home,7,7,-238,195,-5.5,-105,-115,47.5,100,-120,1,outdoors,grass,63,10,00-0036442,00-0026158,Joe Burrow,Joe Flacco,Zac Taylor,Kevin Stefanski,CLE00,FirstEnergy Stadium,0.7310,0.2690,-220,+210,-4½-110,+5-108,42.871,0.3572,0.6399,0.0028,29.88,18.12,48.00,-5.884,5.884,-4.847,2.387
401772830,2025,REG,1,2025-09-07,Sunday,13:00,TB,ATL,23,20,Home,7,7,-115,-105,-1.5,-102,-118,47.5,-105,-115,1,closed,fieldturf,,,00-0034855,00-0039917,Baker Mayfield,Michael Penix,Todd Bowles,Raheem Morris,ATL97,Mercedes-Benz Stadium,0.5400,0.4600,-108,-105,+0-108,+1-110,43.179,0.4402,0.5562,0.0035,25.57,21.43,47.00,-2.07,2.07,-2.768,0.651
401772831,2025,REG,1,2025-09-07,Sunday,16:05,SF,SEA,17,13,Home,7,7,-135,114,-2.5,-105,-115,43.5,-112,-108,1,outdoors,fieldturf,67,6,00-0037834,00-0034869,Brock Purdy,Sam Darnold,Kyle Shanahan,Mike Macdonald,SEA00,Lumen Field,0.6280,0.3720,-125,+125,-2-110,+2½-105,51.069,0.4462,0.5502,0.0035,23.45,20.05,43.50,-1.696,1.696,-1.227,1.789
401772832,2025,REG,1,2025-09-07,Sunday,16:05,TEN,DEN,12,20,Home,7,7,350,-455,8.5,-105,-115,42.5,-108,-112,0,outdoors,grass,84,6,00-0040676,00-0039732,Cam Ward,Bo Nix,Brian Callahan,Sean Payton,DEN00,Empower Field at Mile High,0.2600,0.7400,+425,-450,+9-108,-9-108,40.033,0.6760,0.3213,0.0025,13.57,28.93,42.50,7.676,-7.676,1.424,-4.91
401772722,2025,REG,1,2025-09-07,Sunday,16:25,DET,GB,13,27,Home,7,7,100,-120,1.5,-115,-105,48.5,-115,-105,1,outdoors,grass,60,5,00-0033106,00-0036264,Jared Goff,Jordan Love,Dan Campbell,Matt LaFleur,GNB00,Lambeau Field,0.4710,0.5290,+105,-115,+1½-110,+0-110,75.409,0.4993,0.4966,0.0039,24.07,23.94,48.00,-0.065,0.065,3.096,4.501
401772723,2025,REG,1,2025-09-07,Sunday,16:25,HOU,LA,9,14,Home,7,7,140,-166,3.5,-118,-102,43.5,-115,-105,0,dome,matrixturf,,,00-0039163,00-0026498,C.J. Stroud,Matthew Stafford,DeMeco Ryans,Sean McVay,LAX01,SoFi Stadium,0.4690,0.5310,+155,-170,+3+102,-3-110,58.957,0.5461,0.4501,0.0036,19.48,23.52,43.00,2.017,-2.017,1.496,0.837
401772918,2025,REG,1,2025-09-07,Sunday,20:20,BAL,BUF,40,41,Home,7,7,-130,110,-1.5,-118,-102,50.5,-105,-115,0,outdoors,a_turf,58,8,00-0034796,00-0034857,Lamar Jackson,Josh Allen,John Harbaugh,Sean McDermott,BUF00,New Era Field,0.4680,0.5320,-120,+110,-1½-105,+1½-105,84.198,0.5046,0.4913,0.0039,25.18,26.32,51.50,0.572,-0.572,4.569,5.332
401772810,2025,REG,1,2025-09-08,Monday,20:15,MIN,CHI,27,24,Home,7,7,-112,-108,-1.5,100,-120,43.5,-112,-108,1,outdoors,grass,68,6,00-0039923,00-0039918,J.J. McCarthy,Caleb Williams,Kevin O'Connell,Ben Johnson,CHI98,Soldier Field,0.5360,0.4640,+100,-105,+1-110,+1-110,54.86,0.5187,0.4774,0.0038,21.02,22.48,43.50,0.733,-0.733,0.047,0.808
401772936,2025,REG,2,2025-09-11,Thursday,20:15,WAS,GB,18,27,Home,4,4,154,-185,3.5,-118,-102,48.5,-105,-115,0,outdoors,grass,65,7,00-0039910,00-0036264,Jayden Daniels,Jordan Love,Dan Quinn,Matt LaFleur,GNB00,Lambeau Field,0.3350,0.6650,+160,-175,+3+105,-3-110,75.861,0.5836,0.4130,0.0033,20.41,27.59,48.00,3.586,-3.586,4.866,2.743
401772724,2025,REG,2,2025-09-14,Sunday,13:00,LA,TEN,33,19,Home,7,7,-250,205,-5.5,-108,-112,41.5,-112,-108,0,outdoors,grass,83,3,00-0026498,00-0040676,Matthew Stafford,Cam Ward,Sean McVay,Brian Callahan,NAS00,Nissan Stadium,0.6460,0.3540,-245,+220,-5½-108,+5½-108,36.469,0.3293,0.6680,0.0026,27.23,13.77,41.00,-6.726,6.726,-6.445,1.713
401772725,2025,REG,2,2025-09-14,Sunday,13:00,JAX,CIN,27,31,Home,7,7,160,-192,3.5,-115,-105,49.5,-115,-105,0,outdoors,fieldturf,85,3,00-0036971,00-0036442,Trevor Lawrence,Joe Burrow,Liam Coen,Zac Taylor,CIN00,Paycor Stadium,0.2920,0.7080,+175,-180,+3½-108,-3½-108,54.814,0.5990,0.3977,0.0031,20.76,28.74,49.50,3.99,-3.99,1.548,-0.854
401772726,2025,REG,2,2025-09-14,Sunday,13:00,CLE,BAL,17,41,Home,7,7,600,-900,12.5,-105,-115,46.5,-110,-110,1,outdoors,grass,82,3,00-0026158,00-0034796,Joe Flacco,Lamar Jackson,Kevin Stefanski,John Harbaugh,BAL00,M&T Bank Stadium,0.1120,0.8880,+725,-900,+12½-108,-12½-108,57.872,0.7965,0.2018,0.0016,10.34,36.16,46.50,12.908,-12.908,7.185,-4.278
401772728,2025,REG,2,2025-09-14,Sunday,13:00,NE,MIA,33,27,Home,7,7,105,-125,1.5,-110,-110,43.5,-115,-105,1,outdoors,grass,89,4,00-0039851,00-0036212,Drake Maye,Tua Tagovailoa,Mike Vrabel,Mike McDaniel,MIA00,Hard Rock Stadium,0.4530,0.5470,+120,-135,+2½-110,-2-108,26.388,0.5194,0.4767,0.0038,20.72,22.28,43.00,0.777,-0.777,-4.142,-3.239
401772833,2025,REG,2,2025-09-14,Sunday,13:00,SF,NO,26,21,Home,7,7,-166,140,-3,-110,-110,40.5,-105,-115,0,dome,sportturf,,,00-0036972,00-0039376,Mac Jones,Spencer Rattler,Kyle Shanahan,Kellen Moore,NOR00,Mercedes-Benz Superdome,0.6950,0.3050,-155,+140,-3+100,+3-110,45.685,0.4780,0.5180,0.0038,21.14,19.36,40.50,-0.89,0.89,-5.616,-3.201
401772834,2025,REG,2,2025-09-14,Sunday,13:00,NYG,DAL,37,40,Home,7,10,195,-238,4.5,100,-120,44.5,-110,-110,1,closed,matrixturf,,,00-0029263,00-0033077,Russell Wilson,Dak Prescott,Brian Daboll,Brian Schottenheimer,DAL00,AT&T Stadium,0.3050,0.6950,+225,-240,+5½-110,-4½-108,38.067,0.6586,0.3386,0.0027,15.70,28.80,44.50,6.553,-6.553,0.519,-4.425
401772835,2025,REG,2,2025-09-14,Sunday,13:00,CHI,DET,21,52,Home,6,7,220,-270,6,-110,-110,46.5,-112,-108,1,dome,fieldturf,,,00-0039918,00-0033106,Caleb Williams,Jared Goff,Ben Johnson,Dan Campbell,DET00,Ford Field,0.2550,0.7450,+260,-270,+6½-108,-6-110,60.467,0.6184,0.3784,0.0030,18.39,27.61,46.00,4.609,-4.609,2.826,-0.174
401772836,2025,REG,2,2025-09-14,Sunday,13:00,SEA,PIT,31,17,Home,7,7,160,-192,3.5,-110,-110,40.5,-108,-112,0,outdoors,grass,79,5,00-0034869,00-0023459,Sam Darnold,Aaron Rodgers,Mike Macdonald,Mike Tomlin,PIT00,Acrisure Stadium,0.4050,0.5950,+190,-210,+4-108,-4-108,45.809,0.6104,0.3864,0.0031,15.65,24.85,40.50,4.596,-4.596,0.754,-2.212
401772729,2025,REG,2,2025-09-14,Sunday,16:05,DEN,IND,28,29,Home,7,7,-130,110,-2.5,-105,-115,43.5,-112,-108,0,closed,fieldturf,,,00-0039732,00-0035710,Bo Nix,Daniel Jones,Sean Payton,Shane Steichen,IND00,Lucas Oil Stadium,0.6070,0.3930,-120,+105,+0-110,+1½-108,54.673,0.5120,0.4840,0.0038,21.10,22.40,43.50,0.653,-0.653,0.181,0.877
401772730,2025,REG,2,2025-09-14,Sunday,16:05,CAR,ARI,22,27,Home,7,7,250,-310,7,-110,-110,45.5,-110,-110,0,closed,grass,,,00-0039150,00-0035228,Bryce Young,Kyler Murray,Dave Canales,Jonathan Gannon,PHO00,State Farm Stadium,0.1720,0.8280,+300,-340,+7+100,-7-108,29.456,0.6566,0.3406,0.0027,16.51,28.99,45.50,6.239,-6.239,-0.737,-5.517
401772837,2025,REG,2,2025-09-14,Sunday,16:25,PHI,KC,20,17,Home,10,9,-122,102,-1.5,-110,-110,46.5,-102,-118,0,outdoors,grass,88,12,00-0036389,00-0033873,Jalen Hurts,Patrick Mahomes,Nick Sirianni,Andy Reid,KAN00,GEHA Field at Arrowhead Stadium,0.4830,0.5170,-115,+105,-1-105,+1½-110,83.087,0.5227,0.4734,0.0038,22.49,24.51,47.00,1.014,-1.014,4.612,5.11
401772919,2025,REG,2,2025-09-14,Sunday,20:20,ATL,MIN,22,6,Home,7,6,150,-180,3.5,-115,-105,44.5,-110,-110,0,dome,sportturf,,,00-0039917,00-0039923,Michael Penix,J.J. McCarthy,Raheem Morris,Kevin O'Connell,MIN01,U.S. Bank Stadium,0.3970,0.6030,+160,-160,+3+100,-3-110,46.994,0.6385,0.3585,0.0028,16.82,27.68,44.50,5.43,-5.43,1.367,-2.672
401772715,2025,REG,2,2025-09-15,Monday,19:00,TB,HOU,20,19,Home,8,8,114,-135,2.5,-110,-110,42.5,-110,-110,0,closed,astroturf,,,00-0034855,00-0039163,Baker Mayfield,C.J. Stroud,Todd Bowles,DeMeco Ryans,HOU00,NRG Stadium,0.4500,0.5500,+135,-150,+2½+105,-2½-110,55.554,0.4873,0.5087,0.0039,21.54,20.96,42.50,-0.287,0.287,-0.127,1.501
401772811,2025,REG,2,2025-09-15,Monday,22:00,LAC,LV,20,9,Home,10,8,-198,164,-3.5,-105,-115,46.5,-102,-118,1,dome,grass,,,00-0036355,00-0030565,Justin Herbert,Geno Smith,Jim Harbaugh,Pete Carroll,VEG00,Allegiant Stadium,0.7300,0.2700,-175,+175,-3-110,+3½-110,57.213,0.4057,0.5910,0.0032,27.33,19.17,46.50,-4.08,4.08,-1.707,3.62
401772937,2025,REG,3,2025-09-18,Thursday,20:15,MIA,BUF,21,31,Home,4,4,550,-800,12.5,-110,-110,50.5,-112,-108,1,outdoors,a_turf,68,7,00-0036212,00-0034857,Tua Tagovailoa,Josh Allen,Mike McDaniel,Sean McDermott,BUF00,New Era Field,0.1110,0.8890,+600,-710,+11-105,-11-105,54.093,0.7717,0.2264,0.0018,14.28,36.22,50.50,10.967,-10.967,5.346,-4.497
401772731,2025,REG,3,2025-09-21,Sunday,13:00,CIN,MIN,10,48,Home,7,7,136,-162,3,-110,-110,41.5,-105,-115,0,dome,sportturf,,,00-0035100,00-0032950,Jake Browning,Carson Wentz,Zac Taylor,Kevin O'Connell,MIN01,U.S. Bank Stadium,0.2670,0.7330,+160,-165,+3+104,-3-110,52.875,0.5555,0.4409,0.0035,19.01,23.49,42.50,2.237,-2.237,1.026,0.146
401772732,2025,REG,3,2025-09-21,Sunday,13:00,PIT,NE,21,14,Home,7,7,-120,100,-1.5,-105,-115,44.5,-112,-108,0,outdoors,fieldturf,66,5,00-0023459,00-0039851,Aaron Rodgers,Drake Maye,Mike Tomlin,Mike Vrabel,BOS00,Gillette Stadium,0.5600,0.4400,-115,+102,-1-108,+1½-110,42.375,0.4966,0.4993,0.0039,22.24,22.26,44.50,0.007,-0.007,-2.106,-1.027
401772733,2025,REG,3,2025-09-21,Sunday,13:00,IND,TEN,41,20,Home,7,7,-245,200,-6,-108,-112,43.5,-115,-105,1,outdoors,grass,84,8,00-0035710,00-0040676,Daniel Jones,Cam Ward,Shane Steichen,Brian Callahan,NAS00,Nissan Stadium,0.6360,0.3640,-260,+230,-5½-110,+6-108,30.712,0.3426,0.6546,0.0027,27.41,15.10,42.50,-6.155,6.155,-7.074,0.305
401772734,2025,REG,3,2025-09-21,Sunday,13:00,HOU,JAX,10,17,Home,6,7,105,-125,1.5,-108,-112,43.5,-115,-105,1,outdoors,grass,85,11,00-0039163,00-0036971,C.J. Stroud,Trevor Lawrence,DeMeco Ryans,Liam Coen,JAX00,TIAA Bank Stadium,0.5450,0.4550,+105,-120,+1½-110,+0-110,47.153,0.5341,0.4621,0.0037,20.30,22.70,43.00,1.197,-1.197,-0.696,-0.454
401772838,2025,REG,3,2025-09-21,Sunday,13:00,ATL,CAR,0,30,Home,7,7,-225,185,-5.5,-105,-115,44.5,-115,-105,1,outdoors,grass,83,5,00-0039917,00-0039150,Michael Penix,Bryce Young,Raheem Morris,Dave Canales,CAR00,Bank of America Stadium,0.7280,0.2720,-235,+200,-4½-108,+4½-108,32.812,0.4243,0.5723,0.0034,24.71,19.29,44.00,-2.714,2.714,-4.869,-0.94
401772839,2025,REG,3,2025-09-21,Sunday,13:00,LA,PHI,26,33,Home,7,7,164,-198,3.5,-108,-112,45.5,-108,-112,0,outdoors,grass,73,9,00-0026498,00-0036389,Matthew Stafford,Jalen Hurts,Sean McVay,Nick Sirianni,PHI00,Lincoln Financial Field,0.3280,0.6720,+195,-185,+4½-110,-3½-108,77.261,0.5743,0.4223,0.0033,19.66,25.84,45.50,3.089,-3.089,4.721,2.872
401772840,2025,REG,3,2025-09-21,Sunday,13:00,NYJ,TB,27,29,Home,7,6,275,-345,6.5,-105,-115,43.5,-115,-105,0,outdoors,grass,88,5,00-0028118,00-0034855,Tyrod Taylor,Baker Mayfield,Aaron Glenn,Todd Bowles,TAM00,Raymond James Stadium,0.3030,0.6970,+270,-290,+6½-110,-6-108,44.825,0.7068,0.2908,0.0023,13.05,29.95,43.00,8.447,-8.447,2.217,-5.065
401772841,2025,REG,3,2025-09-21,Sunday,13:00,LV,WAS,24,41,Home,6,10,130,-155,2.5,100,-120,43.5,-110,-110,0,outdoors,grass,72,6,00-0030565,00-0032268,Geno Smith,Marcus Mariota,Pete Carroll,Dan Quinn,WAS00,FedExField,0.3390,0.6610,+135,-140,+3-115,-2½-110,48.704,0.5843,0.4123,0.0033,18.63,25.38,44.00,3.375,-3.375,-0.571,-2.733
401772842,2025,REG,3,2025-09-21,Sunday,13:00,GB,CLE,10,13,Home,10,7,-470,360,-8.5,-102,-118,41.5,-115,-105,0,outdoors,grass,79,10,00-0036264,00-0026158,Jordan Love,Joe Flacco,Matt LaFleur,Kevin Stefanski,CLE00,FirstEnergy Stadium,0.7890,0.2110,-370,+360,-7-110,+7½-115,53.838,0.2928,0.7048,0.0023,28.78,11.72,40.50,-8.533,8.533,-4.563,5.203
401772735,2025,REG,3,2025-09-21,Sunday,16:05,DEN,LAC,20,23,Home,7,6,130,-155,2.5,100,-120,45.5,-110,-110,1,dome,matrixturf,,,00-0039732,00-0036355,Bo Nix,Justin Herbert,Sean Payton,Jim Harbaugh,LAX01,SoFi Stadium,0.4910,0.5090,+140,-145,+2½+110,-2½-110,73.097,0.5656,0.4309,0.0034,20.35,25.15,45.50,2.402,-2.402,3.363,2.131
401772736,2025,REG,3,2025-09-21,Sunday,16:05,NO,SEA,13,44,Home,7,7,295,-375,7.5,-115,-105,41.5,-108,-112,0,outdoors,fieldturf,63,3,00-0039376,00-0034869,Spencer Rattler,Sam Darnold,Kellen Moore,Mike Macdonald,SEA00,Lumen Field,0.2250,0.7750,+350,-340,+7+100,-7-105,32.366,0.6358,0.3612,0.0029,15.03,26.47,41.50,5.722,-5.722,-0.646,-5.361
401772843,2025,REG,3,2025-09-21,Sunday,16:25,ARI,SF,15,16,Home,7,7,105,-125,1.5,-112,-108,44.5,-112,-108,1,outdoors,grass,72,7,00-0035228,00-0036972,Kyler Murray,Mac Jones,Jonathan Gannon,Kyle Shanahan,SFO01,Levi's Stadium,0.5870,0.4130,+115,-115,+2-110,-1-108,59.911,0.4714,0.5247,0.0037,23.18,21.32,44.50,-0.926,0.926,-2.979,-0.792
401772844,2025,REG,3,2025-09-21,Sunday,16:25,DAL,CHI,14,31,Home,7,7,-125,105,-1.5,-115,-105,49.5,100,-120,0,outdoors,grass,82,4,00-0033077,00-0039918,Dak Prescott,Caleb Williams,Brian Schottenheimer,Ben Johnson,CHI98,Soldier Field,0.5040,0.4960,-115,+110,-1-108,+2-110,45.094,0.4369,0.5595,0.0035,26.65,23.35,50.00,-1.647,1.647,-2.405,0.481
401772920,2025,REG,3,2025-09-21,Sunday,20:20,KC,NYG,22,9,Home,7,7,-325,260,-6,-115,-105,44.5,-105,-115,0,outdoors,fieldturf,65,5,00-0033873,00-0029263,Patrick Mahomes,Russell Wilson,Andy Reid,Brian Daboll,NYC01,MetLife Stadium,0.7730,0.2270,-270,+260,-6-105,+6-105,54.471,0.3432,0.6539,0.0027,28.81,15.69,44.50,-6.564,6.564,-3.556,4.21
401772812,2025,REG,3,2025-09-22,Monday,20:15,DET,BAL,38,30,Home,8,8,200,-245,4.5,-105,-115,53.5,-105,-115,0,outdoors,grass,74,7,00-0033106,00-0034796,Jared Goff,Lamar Jackson,Dan Campbell,John Harbaugh,BAL00,M&T Bank Stadium,0.3150,0.6850,+215,-235,+5-110,-4½-105,91.247,0.5709,0.4256,0.0034,24.29,29.71,54.00,2.711,-2.711,7.006,5.565
401772938,2025,REG,4,2025-09-25,Thursday,20:15,SEA,ARI,23,20,Home,4,4,-125,105,-1.5,-110,-110,43.5,-108,-112,1,closed,grass,,,00-0034869,00-0035228,Sam Darnold,Kyler Murray,Mike Macdonald,Jonathan Gannon,PHO00,State Farm Stadium,0.4990,0.5010,-120,+110,-1-104,+1½-110,50.276,0.5187,0.4774,0.0038,21.06,22.44,43.50,0.687,-0.687,-0.64,0.323
401772632,2025,REG,4,2025-09-28,Sunday,09:30,MIN,PIT,21,24,Neutral,7,7,-148,124,-2.5,-125,105,41.5,-115,-105,0,outdoors,grass,61,5,00-0032950,00-0023459,Carson Wentz,Aaron Rodgers,Kevin O'Connell,Mike Tomlin,PIT00,Acrisure Stadium,0.6090,0.3910,-150,+130,-2½-110,+2½+102,49.908,0.3964,0.6004,0.0031,24.42,16.58,41.00,-3.918,3.918,-0.434,3.583
401772737,2025,REG,4,2025-09-28,Sunday,13:00,LAC,NYG,18,21,Home,7,7,-285,230,-6,-112,-108,43.5,-115,-105,0,outdoors,fieldturf,81,4,00-0036355,00-0040691,Justin Herbert,Jaxson Dart,Jim Harbaugh,Brian Daboll,NYC01,MetLife Stadium,0.7260,0.2740,-260,+260,-6+100,+6-110,50.701,0.2516,0.7463,0.0020,31.52,10.98,42.50,-10.273,10.273,-7.529,3.882
401772738,2025,REG,4,2025-09-28,Sunday,13:00,TEN,HOU,0,26,Home,7,7,340,-440,7.5,-115,-105,39.5,-105,-115,1,closed,astroturf,,,00-0040676,00-0039163,Cam Ward,C.J. Stroud,Brian Callahan,DeMeco Ryans,HOU00,NRG Stadium,0.2490,0.7510,+335,-375,+7+105,-7-115,22.496,0.6941,0.3034,0.0024,12.23,27.77,40.00,7.771,-7.771,-1.209,-7.791
401772739,2025,REG,4,2025-09-28,Sunday,13:00,WAS,ATL,27,34,Home,7,7,120,-142,2.5,-110,-110,43.5,-112,-108,0,closed,fieldturf,,,00-0039910,00-0039917,Jayden Daniels,Michael Penix,Dan Quinn,Raheem Morris,ATL97,Mercedes-Benz Stadium,0.4980,0.5020,+140,-145,+3-110,-2½-110,48.617,0.4442,0.5522,0.0035,24.17,19.33,43.50,-2.423,2.423,-3.144,0.839
401772740,2025,REG,4,2025-09-28,Sunday,13:00,NO,BUF,19,31,Home,7,10,800,-1350,15.5,-115,-105,48.5,-115,-105,0,outdoors,a_turf,73,7,00-0039376,00-0034857,Spencer Rattler,Josh Allen,Kellen Moore,Sean McDermott,BUF00,New Era Field,0.0590,0.9410,+950,-1100,+14½-110,-14-108,49.58,0.8012,0.1972,0.0015,11.29,37.21,48.50,12.957,-12.957,5.484,-6.184
401772845,2025,REG,4,2025-09-28,Sunday,13:00,PHI,TB,31,25,Home,7,7,-185,154,-3.5,-102,-118,44.5,-118,-102,0,outdoors,grass,88,6,00-0036389,00-0034855,Jalen Hurts,Baker Mayfield,Nick Sirianni,Todd Bowles,TAM00,Raymond James Stadium,0.6590,0.3410,-185,+180,-3½-108,+3½-108,74.694,0.4422,0.5542,0.0035,23.92,20.08,44.00,-1.921,1.921,1.225,4.443
401772846,2025,REG,4,2025-09-28,Sunday,13:00,CLE,DET,10,34,Home,7,6,410,-550,10,-108,-112,44.5,-115,-105,0,dome,fieldturf,,,00-0026158,00-0033106,Joe Flacco,Jared Goff,Kevin Stefanski,Dan Campbell,DET00,Ford Field,0.1710,0.8290,+475,-600,+10½-110,-10-108,58.07,0.7831,0.2151,0.0017,10.27,34.23,44.50,11.981,-11.981,6.703,-4.182
401772847,2025,REG,4,2025-09-28,Sunday,13:00,CAR,NE,13,42,Home,7,7,215,-265,5.5,-108,-112,42.5,-108,-112,0,outdoors,fieldturf,76,7,00-0039150,00-0039851,Bryce Young,Drake Maye,Dave Canales,Mike Vrabel,BOS00,Gillette Stadium,0.3500,0.6500,+215,-240,+5½-110,-5-108,30.91,0.5689,0.4276,0.0034,18.96,23.54,42.50,2.287,-2.287,-2.424,-3.516
401772848,2025,REG,4,2025-09-28,Sunday,16:05,JAX,SF,26,21,Home,7,7,150,-180,3.5,-120,100,45.5,-108,-112,0,outdoors,grass,72,7,00-0036971,00-0037834,Trevor Lawrence,Brock Purdy,Liam Coen,Kyle Shanahan,SFO01,Levi's Stadium,0.3310,0.6690,+145,-160,+3-108,-3-105,60.715,0.6225,0.3745,0.0030,18.21,27.79,46.00,4.794,-4.794,2.539,-0.891
401772849,2025,REG,4,2025-09-28,Sunday,16:05,IND,LA,20,27,Home,7,7,154,-185,3.5,-105,-115,49.5,-105,-115,0,dome,matrixturf,,,00-0035710,00-0026498,Daniel Jones,Matthew Stafford,Shane Steichen,Sean McVay,LAX01,SoFi Stadium,0.3290,0.6710,+170,-185,+3½-110,-3½+100,69.7,0.5622,0.4342,0.0034,22.27,27.23,49.50,2.479,-2.479,2.96,1.7
401772741,2025,REG,4,2025-09-28,Sunday,16:25,BAL,KC,20,37,Home,6,7,-148,124,-2.5,-120,100,48.5,100,-120,0,outdoors,grass,89,10,00-0034796,00-0033873,Lamar Jackson,Patrick Mahomes,John Harbaugh,Andy Reid,KAN00,GEHA Field at Arrowhead Stadium,0.6690,0.3310,-145,+130,-2½-110,+2½+100,86.937,0.4840,0.5120,0.0038,24.78,23.72,48.50,-0.532,0.532,4.657,6.677
401772742,2025,REG,4,2025-09-28,Sunday,16:25,CHI,LV,25,24,Home,7,7,105,-125,1.5,-110,-110,47.5,-105,-115,0,dome,grass,,,00-0039918,00-0030565,Caleb Williams,Geno Smith,Ben Johnson,Pete Carroll,VEG00,Allegiant Stadium,0.5110,0.4890,+125,-135,+2½-108,-1½-110,40.974,0.4701,0.5261,0.0037,24.38,23.12,47.50,-0.632,0.632,-2.793,-0.781
401772921,2025,REG,4,2025-09-28,Sunday,20:20,GB,DAL,40,40,Home,7,7,-345,275,-7,-105,-115,47.5,-115,-105,0,closed,matrixturf,,,00-0036264,00-0033077,Jordan Love,Dak Prescott,Matt LaFleur,Brian Schottenheimer,DAL00,AT&T Stadium,0.6990,0.3010,-320,+285,-6½-105,+6½-105,65.203,0.3997,0.5970,0.0032,26.95,19.55,46.50,-3.703,3.703,-0.607,4.46
401772813,2025,REG,4,2025-09-29,Monday,19:15,NYJ,MIA,21,27,Home,8,11,124,-148,2.5,-105,-115,44.5,-120,100,1,outdoors,grass,88,17,00-0036945,00-0036212,Justin Fields,Tua Tagovailoa,Aaron Glenn,Mike McDaniel,MIA00,Hard Rock Stadium,0.4150,0.5850,+145,-150,+3-110,-3+100,23.369,0.5548,0.4415,0.0035,19.66,24.34,44.00,2.344,-2.344,-3.845,-4.403
401772716,2025,REG,4,2025-09-29,Monday,20:15,CIN,DEN,3,28,Home,8,8,360,-470,7.5,-115,-105,44.5,-115,-105,0,outdoors,grass,66,12,00-0035100,00-0039732,Jake Browning,Bo Nix,Zac Taylor,Sean Payton,DEN00,Empower Field at Mile High,0.2050,0.7950,+375,-450,+7½-110,-7-110,56.457,0.7175,0.2802,0.0022,13.36,31.14,44.50,8.894,-8.894,1.302,-5.955
401772939,2025,REG,5,2025-10-02,Thursday,20:15,SF,LA,26,23,Home,4,4,340,-440,8.5,-110,-110,43.5,-108,-112,1,dome,matrixturf,,,00-0036972,00-0026498,Mac Jones,Matthew Stafford,Kyle Shanahan,Sean McVay,LAX01,SoFi Stadium,0.2560,0.7440,+360,-420,+8-105,-8-105,69.838,0.7081,0.2895,0.0023,13.32,30.18,43.50,8.43,-8.43,2.891,-4.147
401772633,2025,REG,5,2025-10-05,Sunday,09:30,MIN,CLE,21,17,Neutral,7,7,-198,164,-3.5,-110,-110,35.5,-112,-108,0,outdoors,grass,61,14,00-0032950,00-0040704,Carson Wentz,Dillon Gabriel,Kevin O'Connell,Kevin Stefanski,CLE00,FirstEnergy Stadium,0.6960,0.3040,-180,+165,-3½+105,+3½-110,32.758,0.3154,0.6820,0.0025,25.10,10.40,35.50,-7.352,7.352,-4.625,2.943
401772743,2025,REG,5,2025-10-05,Sunday,13:00,HOU,BAL,44,10,Home,7,7,-148,124,-2.5,-118,-102,41.5,-115,-105,0,outdoors,grass,78,2,00-0039163,00-0033662,C.J. Stroud,Cooper Rush,DeMeco Ryans,John Harbaugh,BAL00,M&T Bank Stadium,0.5290,0.4710,-135,+120,-2-110,+2½-108,65.69,0.5247,0.4714,0.0037,19.86,21.64,41.50,0.89,-0.89,-1.093,-0.231
401772744,2025,REG,5,2025-10-05,Sunday,13:00,NYG,NO,14,26,Home,7,7,100,-120,1.5,-115,-105,41.5,-105,-115,0,dome,sportturf,,,00-0040691,00-0039376,Jaxson Dart,Spencer Rattler,Brian Daboll,Kellen Moore,NOR00,Mercedes-Benz Superdome,0.5120,0.4880,+125,-135,+2½+100,-2-110,20.779,0.5468,0.4495,0.0036,19.45,22.56,42.00,1.555,-1.555,-6.164,-5.885
401772745,2025,REG,5,2025-10-05,Sunday,13:00,DEN,PHI,21,17,Home,6,7,180,-218,3.5,-105,-115,44.5,-115,-105,0,outdoors,grass,80,6,00-0039732,00-0036389,Bo Nix,Jalen Hurts,Sean Payton,Nick Sirianni,PHI00,Lincoln Financial Field,0.2720,0.7280,+195,-220,+4-108,-4-108,75.641,0.6017,0.3950,0.0031,17.94,26.06,44.00,4.056,-4.056,4.709,2.303
401772850,2025,REG,5,2025-10-05,Sunday,13:00,DAL,NYJ,37,22,Home,7,6,-105,-115,1.5,-120,100,48.5,-110,-110,0,outdoors,fieldturf,82,3,00-0033077,00-0036945,Dak Prescott,Justin Fields,Brian Schottenheimer,Aaron Glenn,NYC01,MetLife Stadium,0.5450,0.4550,+120,-120,+2-108,-1-110,38.824,0.4096,0.5870,0.0032,27.29,20.21,47.50,-3.54,3.54,-4.728,0.353
401772851,2025,REG,5,2025-10-05,Sunday,13:00,LV,IND,6,40,Home,7,7,285,-360,7,100,-120,46.5,-108,-112,0,closed,fieldturf,,,00-0030565,00-0035710,Geno Smith,Daniel Jones,Pete Carroll,Shane Steichen,IND00,Lucas Oil Stadium,0.2610,0.7390,+300,-350,+7½-110,-7-110,47.167,0.6298,0.3671,0.0029,18.13,28.37,46.50,5.119,-5.119,1.26,-2.557
401772852,2025,REG,5,2025-10-05,Sunday,13:00,MIA,CAR,24,27,Home,6,7,-120,100,-1.5,-105,-115,44.5,-105,-115,0,outdoors,grass,77,8,00-0036212,00-0039150,Tua Tagovailoa,Bryce Young,Mike McDaniel,Dave Canales,CAR00,Bank of America Stadium,0.5890,0.4110,-115,+100,-1-108,+1-108,23.288,0.5060,0.4900,0.0039,21.33,22.68,44.00,0.675,-0.675,-4.72,-3.642
401772746,2025,REG,5,2025-10-05,Sunday,16:05,TB,SEA,38,35,Home,7,10,150,-180,3.5,-115,-105,44.5,-110,-110,0,outdoors,fieldturf,61,8,00-0034855,00-0034869,Baker Mayfield,Sam Darnold,Todd Bowles,Mike Macdonald,SEA00,Lumen Field,0.4210,0.5790,+170,-190,+3½-105,-3½-108,58.415,0.5308,0.4654,0.0037,21.00,23.50,44.50,1.246,-1.246,0.732,0.746
401772747,2025,REG,5,2025-10-05,Sunday,16:05,TEN,ARI,22,21,Home,7,10,330,-425,7.5,-108,-112,41.5,-110,-110,0,closed,grass,,,00-0040676,00-0035228,Cam Ward,Kyler Murray,Brian Callahan,Jonathan Gannon,PHO00,State Farm Stadium,0.2380,0.7620,+355,-400,+7½-108,-7½-108,25.26,0.7295,0.2682,0.0021,11.19,30.31,41.50,9.56,-9.56,-1.005,-8.944
401772853,2025,REG,5,2025-10-05,Sunday,16:25,WAS,LAC,27,10,Home,7,7,130,-155,2.5,100,-120,47.5,-115,-105,0,dome,matrixturf,,,00-0039910,00-0036355,Jayden Daniels,Justin Herbert,Dan Quinn,Jim Harbaugh,LAX01,SoFi Stadium,0.3760,0.6240,+155,-170,+3½-120,-3-108,72.948,0.5850,0.4116,0.0033,21.20,27.31,48.50,3.055,-3.055,3.399,2.213
401772854,2025,REG,5,2025-10-05,Sunday,16:25,DET,CIN,37,24,Home,7,6,-575,425,-10.5,-102,-118,49.5,-112,-108,0,outdoors,fieldturf,84,7,00-0033106,00-0035100,Jared Goff,Jake Browning,Dan Campbell,Zac Taylor,CIN00,Paycor Stadium,0.8390,0.1610,-500,+450,-8½-110,+10-110,65.406,0.2317,0.7664,0.0018,35.42,13.58,49.00,-10.92,10.92,-6.689,5.659
401772922,2025,REG,5,2025-10-05,Sunday,20:20,NE,BUF,23,20,Home,7,7,310,-395,7.5,-105,-115,49.5,-108,-112,1,outdoors,a_turf,66,3,00-0039851,00-0034857,Drake Maye,Josh Allen,Mike Vrabel,Sean McDermott,BUF00,New Era Field,0.1890,0.8110,+375,-420,+7½-105,-7½-108,66.658,0.6787,0.3187,0.0025,17.35,31.65,49.00,7.15,-7.15,4.9,-0.592
401772814,2025,REG,5,2025-10-06,Monday,20:15,KC,JAX,28,31,Home,8,8,-198,164,-3.5,-110,-110,45.5,-108,-112,0,outdoors,grass,80,12,00-0033873,00-0036971,Patrick Mahomes,Trevor Lawrence,Andy Reid,Liam Coen,JAX00,TIAA Bank Stadium,0.6400,0.3600,-185,+170,-3½+105,+3½-110,69.012,0.3758,0.6211,0.0030,27.45,18.05,45.50,-4.696,4.696,-0.47,5.706
401772940,2025,REG,6,2025-10-09,Thursday,20:15,PHI,NYG,17,34,Home,4,4,-395,310,-7,-120,100,40.5,-105,-115,1,outdoors,fieldturf,53,3,00-0036389,00-0040691,Jalen Hurts,Jaxson Dart,Nick Sirianni,Brian Daboll,NYC01,MetLife Stadium,0.8240,0.1760,-405,+345,-7½+100,+8-110,53.965,0.2543,0.7436,0.0020,30.74,10.27,41.00,-10.235,10.235,-7.093,4.261
401772634,2025,REG,6,2025-10-12,Sunday,09:30,DEN,NYJ,13,11,Neutral,7,7,-395,310,-7.5,100,-120,43.5,-112,-108,0,outdoors,grass,59,6,00-0039732,00-0036945,Bo Nix,Justin Fields,Sean Payton,Aaron Glenn,NYC01,MetLife Stadium,0.7960,0.2040,-325,+315,-7+100,+7-110,42.67,0.2881,0.7095,0.0023,30.10,13.40,43.50,-8.354,8.354,-5.616,2.833
401772748,2025,REG,6,2025-10-12,Sunday,13:00,CLE,PIT,9,23,Home,7,14,225,-278,5.5,100,-120,37.5,100,-120,1,outdoors,grass,64,8,00-0040704,00-0023459,Dillon Gabriel,Aaron Rodgers,Kevin Stefanski,Mike Tomlin,PIT00,Acrisure Stadium,0.3100,0.6900,+250,-285,+6½-108,-6-110,38.466,0.6318,0.3652,0.0029,13.58,24.42,38.00,5.416,-5.416,0.125,-3.863
401772750,2025,REG,6,2025-10-12,Sunday,13:00,LAC,MIA,29,27,Home,7,7,-205,170,-3.5,-115,-105,45.5,-115,-105,0,outdoors,grass,85,4,00-0036355,00-0036212,Justin Herbert,Tua Tagovailoa,Jim Harbaugh,Mike McDaniel,MIA00,Hard Rock Stadium,0.6420,0.3580,-180,+175,-3½+100,+3½-105,46.981,0.3877,0.6091,0.0031,26.77,18.73,45.50,-4.023,4.023,-3.609,1.838
401772751,2025,REG,6,2025-10-12,Sunday,13:00,NE,NO,25,19,Home,7,7,-192,160,-3.5,-105,-115,46.5,-115,-105,0,dome,sportturf,,,00-0039851,00-0039376,Drake Maye,Spencer Rattler,Mike Vrabel,Kellen Moore,NOR00,Mercedes-Benz Superdome,0.6760,0.3240,-175,+160,-3-110,+3+100,33.324,0.3997,0.5970,0.0032,27.13,18.87,46.00,-4.133,4.133,-6.317,-0.237
401772855,2025,REG,6,2025-10-12,Sunday,13:00,LA,BAL,17,3,Home,10,7,-355,280,-7,-105,-115,43.5,-108,-112,0,outdoors,grass,64,15,00-0026498,00-0033662,Matthew Stafford,Cooper Rush,Sean McVay,John Harbaugh,BAL00,M&T Bank Stadium,0.8160,0.1840,-310,+290,-6½-108,+7-120,72.88,0.3751,0.6218,0.0030,26.37,17.13,43.50,-4.624,4.624,-3.143,2.947
401772856,2025,REG,6,2025-10-12,Sunday,13:00,ARI,IND,27,31,Home,7,7,360,-470,8.5,-110,-110,46.5,-122,102,0,closed,fieldturf,,,00-0033119,00-0035710,Jacoby Brissett,Daniel Jones,Jonathan Gannon,Shane Steichen,IND00,Lucas Oil Stadium,0.3970,0.6030,+370,-410,+9-110,-8-110,56.144,0.7309,0.2669,0.0021,13.99,32.51,46.50,9.263,-9.263,2.684,-5.216
401772857,2025,REG,6,2025-10-12,Sunday,13:00,SEA,JAX,20,12,Home,7,6,-115,-105,-1.5,100,-120,47.5,-115,-105,0,outdoors,grass,76,8,00-0034869,00-0036971,Sam Darnold,Trevor Lawrence,Mike Macdonald,Liam Coen,JAX00,TIAA Bank Stadium,0.4820,0.5180,-110,+100,+0-110,+1-108,56.197,0.4980,0.4980,0.0040,23.67,23.83,47.50,0.083,-0.083,-0.174,1.331
401772858,2025,REG,6,2025-10-12,Sunday,13:00,DAL,CAR,27,30,Home,7,7,-175,145,-3,-118,-102,47.5,-105,-115,0,outdoors,grass,68,15,00-0033077,00-0039150,Dak Prescott,Bryce Young,Brian Schottenheimer,Dave Canales,CAR00,Bank of America Stadium,0.5940,0.4060,-145,+140,-3+100,+3-110,44.316,0.3811,0.6158,0.0030,27.32,19.18,46.50,-4.069,4.069,-4.47,1.219
401772859,2025,REG,6,2025-10-12,Sunday,16:05,TEN,LV,10,20,Home,7,7,154,-185,3.5,-110,-110,41.5,-105,-115,0,dome,grass,,,00-0040676,00-0030565,Cam Ward,Geno Smith,Brian Callahan,Pete Carroll,VEG00,Allegiant Stadium,0.3870,0.6130,+185,-188,+3½+100,-3½-107,17.306,0.6439,0.3532,0.0028,15.02,26.48,41.50,5.73,-5.73,-3.983,-8.027
401772749,2025,REG,6,2025-10-12,Sunday,16:25,SF,TB,19,30,Home,10,7,160,-192,3.5,-105,-115,46.5,-105,-115,0,outdoors,grass,82,10,00-0036972,00-0034855,Mac Jones,Baker Mayfield,Kyle Shanahan,Todd Bowles,TAM00,Raymond James Stadium,0.2530,0.7470,+170,-185,+3½-108,-3-110,69.562,0.6486,0.3486,0.0028,17.78,29.22,47.00,5.724,-5.724,1.234,-3.074
401772752,2025,REG,6,2025-10-12,Sunday,16:25,CIN,GB,18,27,Home,7,14,650,-1000,14,-110,-110,44.5,-110,-110,0,outdoors,grass,64,14,00-0026158,00-0036264,Joe Flacco,Jordan Love,Zac Taylor,Matt LaFleur,GNB00,Lambeau Field,0.0910,0.9090,+800,-950,+14-108,-14-108,64.493,0.8038,0.1945,0.0015,9.06,35.44,44.50,13.188,-13.188,4.529,-6.972
401772923,2025,REG,6,2025-10-12,Sunday,20:20,DET,KC,17,30,Home,7,6,120,-142,2.5,-105,-115,51.5,-105,-115,0,outdoors,grass,85,13,00-0033106,00-0033873,Jared Goff,Patrick Mahomes,Dan Campbell,Andy Reid,KAN00,GEHA Field at Arrowhead Stadium,0.4810,0.5190,+135,-145,+2½+105,-2½-110,90.851,0.5548,0.4415,0.0035,23.74,27.76,51.50,2.008,-2.008,6.23,5.819
401772815,2025,REG,6,2025-10-13,Monday,19:15,BUF,ATL,14,24,Home,8,15,-205,170,-3.5,-120,100,49.5,-102,-118,0,closed,fieldturf,,,00-0034857,00-0039917,Josh Allen,Michael Penix,Sean McDermott,Raheem Morris,ATL97,Mercedes-Benz Stadium,0.6500,0.3500,-190,+175,-3½+100,+3½-105,59.916,0.3891,0.6077,0.0031,28.92,20.58,49.50,-4.167,4.167,-1.901,4.1
401772717,2025,REG,6,2025-10-13,Monday,20:15,CHI,WAS,25,24,Home,15,8,210,-258,5.5,-108,-112,49.5,-105,-115,0,outdoors,grass,59,12,00-0039918,00-0039910,Caleb Williams,Jayden Daniels,Ben Johnson,Dan Quinn,WAS00,FedExField,0.3180,0.6820,+230,-250,+5½-108,-5½-108,59.733,0.6559,0.3413,0.0027,18.38,30.63,49.00,6.125,-6.125,3.556,-1.54
401772941,2025,REG,7,2025-10-16,Thursday,20:15,PIT,CIN,31,33,Home,4,4,-245,200,-5.5,-105,-115,45.5,-115,-105,1,outdoors,fieldturf,60,5,00-0023459,00-0026158,Aaron Rodgers,Joe Flacco,Mike Tomlin,Zac Taylor,CIN00,Paycor Stadium,0.5970,0.4030,-235,+210,-5-105,+5½-105,53.475,0.3539,0.6432,0.0028,28.22,16.78,45.00,-5.722,5.722,-6.557,0.713
401772635,2025,REG,7,2025-10-19,Sunday,09:30,LA,JAX,35,7,Neutral,7,7,-166,140,-3,-115,-105,44.5,-105,-115,0,outdoors,grass,59,9,00-0026498,00-0036971,Matthew Stafford,Trevor Lawrence,Sean McVay,Liam Coen,JAX00,TIAA Bank Stadium,0.6210,0.3790,-160,+150,-3-105,+3+100,62.042,0.3950,0.6017,0.0031,25.39,18.61,44.00,-3.392,3.392,-0.337,3.077
401772753,2025,REG,7,2025-10-19,Sunday,13:00,LV,KC,0,31,Home,7,7,625,-950,13.5,-115,-105,44.5,-115,-105,1,outdoors,grass,57,9,00-0030565,00-0033873,Geno Smith,Patrick Mahomes,Pete Carroll,Andy Reid,KAN00,GEHA Field at Arrowhead Stadium,0.1970,0.8030,+650,-750,+13-108,-13-108,59.963,0.7824,0.2158,0.0017,10.25,34.25,44.50,12.004,-12.004,6.744,-3.857
401772754,2025,REG,7,2025-10-19,Sunday,13:00,MIA,CLE,6,31,Home,7,7,124,-148,2.5,-102,-118,34.5,-112,-108,0,outdoors,grass,65,17,00-0036212,00-0040704,Tua Tagovailoa,Dillon Gabriel,Mike McDaniel,Kevin Stefanski,CLE00,FirstEnergy Stadium,0.4500,0.5500,+125,-140,+2½+100,-2½-108,23.969,0.4296,0.5669,0.0034,19.75,14.75,34.50,-2.498,2.498,-7.757,-3.376
401772755,2025,REG,7,2025-10-19,Sunday,13:00,NE,TEN,31,13,Home,7,7,-290,235,-6.5,-108,-112,40.5,-108,-112,0,outdoors,grass,60,18,00-0039851,00-0040676,Drake Maye,Cam Ward,Mike Vrabel,Brian Callahan,NAS00,Nissan Stadium,0.7690,0.2310,-260,+255,-6-108,+6½-110,29.333,0.3426,0.6546,0.0027,26.93,14.07,41.00,-6.433,6.433,-8.474,-0.204
401772860,2025,REG,7,2025-10-19,Sunday,13:00,CAR,NYJ,13,6,Home,7,7,-108,-112,1.5,-125,105,39.5,-102,-118,0,outdoors,fieldturf,71,13,00-0039150,00-0036945,Bryce Young,Justin Fields,Dave Canales,Aaron Glenn,NYC01,MetLife Stadium,0.5760,0.4240,+105,-105,+1-110,+1-110,20.886,0.4800,0.5160,0.0038,21.17,19.83,41.00,-0.672,0.672,-5.911,-3.926
401772861,2025,REG,7,2025-10-19,Sunday,13:00,NO,CHI,14,26,Home,7,6,185,-225,4.5,-120,100,43.5,-110,-110,0,outdoors,grass,49,8,00-0039376,00-0039918,Spencer Rattler,Caleb Williams,Kellen Moore,Ben Johnson,CHI98,Soldier Field,0.3970,0.6030,+180,-185,+4-110,-3½-108,26.598,0.6459,0.3512,0.0028,15.78,27.72,43.50,5.973,-5.973,-1.756,-6.459
401772862,2025,REG,7,2025-10-19,Sunday,13:00,PHI,MIN,28,22,Home,10,14,-148,124,-2.5,-110,-110,43.5,-105,-115,0,dome,sportturf,,,00-0036389,00-0032950,Jalen Hurts,Carson Wentz,Nick Sirianni,Kevin O'Connell,MIN01,U.S. Bank Stadium,0.6310,0.3690,-138,+130,-2-110,+2½-105,62.488,0.5281,0.4681,0.0037,20.93,23.07,44.00,1.071,-1.071,2.88,3.483
401772756,2025,REG,7,2025-10-19,Sunday,16:05,IND,LAC,38,24,Home,7,7,114,-135,2.5,-108,-112,48.5,-110,-110,0,dome,matrixturf,,,00-0035710,00-0036355,Daniel Jones,Justin Herbert,Shane Steichen,Jim Harbaugh,LAX01,SoFi Stadium,0.4510,0.5490,+145,-145,+2½+110,-2½-108,71.075,0.5087,0.4873,0.0039,24.02,24.98,49.00,0.483,-0.483,1.692,3.016
401772757,2025,REG,7,2025-10-19,Sunday,16:05,NYG,DEN,32,33,Home,10,7,330,-425,7.5,-105,-115,39.5,-105,-115,0,outdoors,grass,72,3,00-0040691,00-0039732,Jaxson Dart,Bo Nix,Brian Daboll,Sean Payton,DEN00,Empower Field at Mile High,0.2160,0.7840,+350,-420,+8-105,-8-108,53.252,0.6613,0.3359,0.0027,14.40,26.60,41.00,6.099,-6.099,1.868,-2.423
401772863,2025,REG,7,2025-10-19,Sunday,16:25,GB,ARI,27,23,Home,7,7,-395,310,-7,-115,-105,44.5,-110,-110,0,closed,grass,,,00-0036264,00-0033119,Jordan Love,Jacoby Brissett,Matt LaFleur,Jonathan Gannon,PHO00,State Farm Stadium,0.7200,0.2800,-300,+285,-6½-108,+7-110,63.559,0.3306,0.6666,0.0026,29.22,15.28,44.50,-6.974,6.974,-4.061,4.453
401772864,2025,REG,7,2025-10-19,Sunday,16:25,WAS,DAL,22,44,Home,6,7,105,-125,1.5,-108,-112,54.5,-108,-112,1,closed,matrixturf,,,00-0039910,00-0033077,Jayden Daniels,Dak Prescott,Dan Quinn,Brian Schottenheimer,DAL00,AT&T Stadium,0.5360,0.4640,+110,-125,+1½+100,-1½-105,68.958,0.4794,0.5167,0.0038,28.32,27.18,55.50,-0.566,0.566,1.047,3.503
401772924,2025,REG,7,2025-10-19,Sunday,20:20,ATL,SF,10,20,Home,6,7,-105,-115,1.5,-120,100,46.5,-112,-108,0,outdoors,grass,74,5,00-0039917,00-0036972,Michael Penix,Mac Jones,Raheem Morris,Kyle Shanahan,SFO01,Levi's Stadium,0.5970,0.4030,-110,+105,+0-110,+1½-105,57.534,0.4747,0.5214,0.0038,24.62,22.38,47.00,-1.121,1.121,-3.662,-0.875
401772816,2025,REG,7,2025-10-20,Monday,19:00,TB,DET,9,24,Home,8,8,225,-278,6,-112,-108,54.5,-115,-105,0,dome,fieldturf,,,00-0034855,00-0033106,Baker Mayfield,Jared Goff,Todd Bowles,Dan Campbell,DET00,Ford Field,0.3430,0.6570,+240,-260,+6½-105,-6-110,78.756,0.6124,0.3844,0.0030,22.24,31.77,54.00,4.765,-4.765,5.41,1.915
401772826,2025,REG,7,2025-10-20,Monday,22:00,HOU,SEA,19,27,Home,15,8,140,-166,3,-110,-110,41.5,-110,-110,0,outdoors,fieldturf,56,5,00-0039163,00-0034869,C.J. Stroud,Sam Darnold,DeMeco Ryans,Mike Macdonald,SEA00,Lumen Field,0.4070,0.5930,+160,-165,+3+100,-3-105,65.156,0.5194,0.4767,0.0038,19.96,21.54,41.50,0.794,-0.794,1.21,1.88
401772942,2025,REG,8,2025-10-23,Thursday,20:15,MIN,LAC,10,37,Home,4,4,142,-170,3,100,-120,45.5,-110,-110,0,dome,matrixturf,,,00-0032950,00-0036355,Carson Wentz,Justin Herbert,Kevin O'Connell,Jim Harbaugh,LAX01,SoFi Stadium,0.3630,0.6370,+160,-170,+3+108,-3-118,53.624,0.5080,0.4880,0.0039,22.17,22.83,45.00,0.333,-0.333,1.068,2.643
401772758,2025,REG,8,2025-10-26,Sunday,13:00,NYJ,CIN,39,38,Home,7,10,210,-258,5.5,-112,-108,43.5,-102,-118,0,outdoors,fieldturf,57,8,00-0036945,00-0026158,Justin Fields,Joe Flacco,Aaron Glenn,Zac Taylor,CIN00,Paycor Stadium,0.1980,0.8020,+225,-250,+6-110,-5-108,31.938,0.5696,0.4269,0.0034,19.21,24.79,44.00,2.789,-2.789,-5.832,-6.748
401772759,2025,REG,8,2025-10-26,Sunday,13:00,CHI,BAL,16,30,Home,7,14,124,-148,2.5,-102,-118,45.5,-112,-108,0,outdoors,grass,60,2,00-0039918,00-0035993,Caleb Williams,Tyler Huntley,Ben Johnson,John Harbaugh,BAL00,M&T Bank Stadium,0.2920,0.7080,+130,-140,+3-115,-2½-110,57.107,0.4800,0.5160,0.0038,22.95,22.06,45.00,-0.445,0.445,-3.698,-1.23
401772760,2025,REG,8,2025-10-26,Sunday,13:00,MIA,ATL,34,10,Home,7,7,280,-355,7,-115,-105,44.5,-115,-105,0,closed,fieldturf,,,00-0036212,00-0029604,Tua Tagovailoa,Kirk Cousins,Mike McDaniel,Raheem Morris,ATL97,Mercedes-Benz Stadium,0.2040,0.7960,+320,-320,+7-110,-7+100,31.457,0.6552,0.3419,0.0027,15.93,28.07,44.00,6.068,-6.068,-0.478,-4.781
401772865,2025,REG,8,2025-10-26,Sunday,13:00,BUF,CAR,40,9,Home,13,7,-395,310,-7,-115,-105,47.5,-108,-112,0,outdoors,grass,63,9,00-0034857,00-0039150,Josh Allen,Bryce Young,Sean McDermott,Dave Canales,CAR00,Bank of America Stadium,0.7670,0.2330,-350,+315,-7-110,+7+100,52.698,0.4455,0.5508,0.0035,25.58,21.92,47.50,-1.833,1.833,-0.706,2.964
401772866,2025,REG,8,2025-10-26,Sunday,13:00,SF,HOU,15,26,Home,7,6,130,-155,2.5,100,-120,41.5,-112,-108,0,closed,astroturf,,,00-0036972,00-0039163,Mac Jones,C.J. Stroud,Kyle Shanahan,DeMeco Ryans,HOU00,NRG Stadium,0.5650,0.4350,+160,-155,+3+100,-3-110,66.584,0.6425,0.3545,0.0028,15.03,25.97,41.00,5.469,-5.469,0.823,-3.237
401772867,2025,REG,8,2025-10-26,Sunday,13:00,NYG,PHI,20,38,Home,7,7,300,-380,7,-102,-118,43.5,-108,-112,1,outdoors,grass,60,4,00-0040691,00-0036389,Jaxson Dart,Jalen Hurts,Brian Daboll,Nick Sirianni,PHI00,Lincoln Financial Field,0.2240,0.7760,+310,-340,+7+100,-7½+105,59.078,0.6479,0.3492,0.0028,15.79,27.21,43.00,5.714,-5.714,4.025,0.444
401772868,2025,REG,8,2025-10-26,Sunday,13:00,CLE,NE,13,32,Home,7,7,300,-380,7,-115,-105,40.5,-115,-105,0,outdoors,fieldturf,53,7,00-0040704,00-0039851,Dillon Gabriel,Drake Maye,Kevin Stefanski,Mike Vrabel,BOS00,Gillette Stadium,0.2550,0.7450,+300,-300,+7-110,-6½-110,39.776,0.6934,0.3041,0.0024,12.49,28.01,40.50,7.763,-7.763,0.185,-6.093
401772869,2025,REG,8,2025-10-26,Sunday,16:05,TB,NO,23,3,Home,6,7,-218,180,-4.5,-105,-115,46.5,-110,-110,1,dome,sportturf,,,00-0034855,00-0039376,Baker Mayfield,Spencer Rattler,Todd Bowles,Kellen Moore,NOR00,Mercedes-Benz Superdome,0.6930,0.3070,-190,+180,-3½-105,+3½+100,37.619,0.3432,0.6539,0.0027,28.72,17.28,46.00,-5.716,5.716,-6.684,0.968
401772761,2025,REG,8,2025-10-26,Sunday,16:25,TEN,IND,14,38,Home,7,7,950,-1650,15.5,-115,-105,47.5,-102,-118,1,closed,fieldturf,,,00-0040676,00-0035710,Cam Ward,Daniel Jones,Brian Callahan,Shane Steichen,IND00,Lucas Oil Stadium,0.1270,0.8730,+900,-1300,+15½-110,-15-108,42.889,0.8380,0.1606,0.0012,9.23,38.27,47.50,14.522,-14.522,4.292,-8.742
401772762,2025,REG,8,2025-10-26,Sunday,16:25,DAL,DEN,24,44,Home,7,7,160,-192,3.5,-110,-110,51.5,-110,-110,0,outdoors,grass,67,4,00-0033077,00-0039732,Dak Prescott,Bo Nix,Brian Schottenheimer,Sean Payton,DEN00,Empower Field at Mile High,0.3120,0.6880,+190,-190,+4-105,-4-105,67.996,0.5548,0.4415,0.0035,23.86,28.14,52.00,2.141,-2.141,2.048,1.787
401772925,2025,REG,8,2025-10-26,Sunday,20:20,GB,PIT,35,25,Home,7,10,-155,130,-3,100,-120,46.5,-115,-105,0,outdoors,grass,46,5,00-0036264,00-0023459,Jordan Love,Aaron Rodgers,Matt LaFleur,Mike Tomlin,PIT00,Acrisure Stadium,0.6540,0.3460,-140,+125,-2½-110,+2½+105,71.544,0.4335,0.5629,0.0034,24.97,21.04,46.00,-1.965,1.965,0.867,4.609
401772817,2025,REG,8,2025-10-27,Monday,20:15,WAS,KC,7,28,Home,8,8,500,-700,10.5,-105,-115,48.5,-115,-105,0,outdoors,grass,54,8,00-0039910,00-0033873,Jayden Daniels,Patrick Mahomes,Dan Quinn,Andy Reid,KAN00,GEHA Field at Arrowhead Stadium,0.1560,0.8440,+475,-500,+10½-110,-10+100,83.332,0.7443,0.2536,0.0020,13.94,34.06,48.00,10.062,-10.062,7.95,-0.087
401772943,2025,REG,9,2025-10-30,Thursday,20:15,BAL,MIA,28,6,Home,4,4,-455,350,-7.5,-120,100,51.5,-110,-110,0,outdoors,grass,73,5,00-0034796,00-0036212,Lamar Jackson,Tua Tagovailoa,John Harbaugh,Mike McDaniel,MIA00,Hard Rock Stadium,0.7280,0.2720,-380,+340,-7½-105,+7½+100,51.953,0.3771,0.6198,0.0030,,,,-4.852,4.852,-3.367,3.209
401772763,2025,REG,9,2025-11-02,Sunday,13:00,ATL,NE,23,24,Home,7,7,205,-250,5.5,-110,-110,45.5,-112,-108,0,outdoors,fieldturf,52,7,00-0039917,00-0039851,Michael Penix,Drake Maye,Raheem Morris,Mike Vrabel,BOS00,Gillette Stadium,0.2690,0.7310,+210,-240,+5½-110,-5-108,42.969,0.6425,0.3545,0.0028,16.99,28.51,45.50,5.756,-5.756,0.403,-3.684
401772764,2025,REG,9,2025-11-02,Sunday,13:00,LAC,TEN,27,20,Home,10,7,-650,470,-10,-112,-108,44.5,-110,-110,0,outdoors,grass,46,5,00-0036355,00-0040676,Justin Herbert,Cam Ward,Jim Harbaugh,Brian Callahan,NAS00,Nissan Stadium,0.8680,0.1320,-500,+425,-9½-110,+9½+100,38.813,0.2509,0.7469,0.0020,32.12,11.88,44.00,-10.123,10.123,-9.133,2.557
401772765,2025,REG,9,2025-11-02,Sunday,13:00,CHI,CIN,47,42,Home,7,7,-162,136,-3,-105,-115,51.5,-108,-112,0,outdoors,fieldturf,50,6,00-0039918,00-0026158,Caleb Williams,Joe Flacco,Ben Johnson,Zac Taylor,CIN00,Paycor Stadium,0.5330,0.4670,-152,+135,-3+100,+3-110,49.181,0.4694,0.5267,0.0037,26.54,24.46,51.00,-1.039,1.039,-4.583,-1.798
401772766,2025,REG,9,2025-11-02,Sunday,13:00,IND,PIT,20,27,Home,7,7,-185,154,-3.5,100,-120,51.5,-105,-115,0,outdoors,grass,56,2,00-0035710,00-0023459,Daniel Jones,Aaron Rodgers,Shane Steichen,Mike Tomlin,PIT00,Acrisure Stadium,0.5830,0.4170,-155,+150,-3-108,+3+100,68.573,0.4057,0.5910,0.0032,29.08,22.92,52.00,-3.078,3.078,-0.108,4.94
401772767,2025,REG,9,2025-11-02,Sunday,13:00,SF,NYG,34,24,Home,7,7,-148,124,-2.5,-120,100,47.5,-108,-112,0,outdoors,fieldturf,56,5,00-0036972,00-0040691,Mac Jones,Jaxson Dart,Kyle Shanahan,Brian Daboll,NYC01,MetLife Stadium,0.4930,0.5070,-132,+135,-2-110,+2½+100,53.992,0.6291,0.3678,0.0029,18.56,28.94,47.50,5.186,-5.186,0.617,-3.102
401772870,2025,REG,9,2025-11-02,Sunday,13:00,DEN,HOU,18,15,Home,7,7,105,-125,1.5,-110,-110,40.5,-105,-115,0,closed,astroturf,,,00-0039732,00-0039163,Bo Nix,C.J. Stroud,Sean Payton,DeMeco Ryans,HOU00,NRG Stadium,0.5270,0.4730,+120,-130,+2-108,-2-108,70.798,0.4913,0.5046,0.0039,20.67,20.33,41.00,-0.171,0.171,1.463,3.074
401772871,2025,REG,9,2025-11-02,Sunday,13:00,MIN,DET,27,24,Home,10,13,410,-550,9.5,-108,-112,47.5,-105,-115,1,dome,fieldturf,,,00-0039923,00-0033106,J.J. McCarthy,Jared Goff,Kevin O'Connell,Dan Campbell,DET00,Ford Field,0.1480,0.8520,+425,-475,+10-110,-9½-108,59.121,0.7550,0.2430,0.0019,13.49,34.02,47.50,10.265,-10.265,5.553,-3.087
401772872,2025,REG,9,2025-11-02,Sunday,13:00,CAR,GB,16,13,Home,7,7,650,-1000,12.5,-102,-118,43.5,-115,-105,0,outdoors,grass,47,15,00-0039150,00-0036264,Bryce Young,Jordan Love,Dave Canales,Matt LaFleur,GNB00,Lambeau Field,0.1430,0.8570,+650,-800,+13-108,-12½-110,54.157,0.7771,0.2211,0.0017,10.03,33.47,43.50,11.717,-11.717,5.261,-4.9
401772873,2025,REG,9,2025-11-02,Sunday,16:05,JAX,LV,30,29,Home,14,14,-130,110,-2.5,-105,-115,43.5,-105,-115,0,dome,grass,,,00-0036971,00-0030565,Trevor Lawrence,Geno Smith,Liam Coen,Pete Carroll,VEG00,Allegiant Stadium,0.5870,0.4130,-125,+110,-1½-108,+2-110,31.21,0.4342,0.5622,0.0034,24.52,19.48,44.00,-2.518,2.518,-5.5,-1.191
401772874,2025,REG,9,2025-11-02,Sunday,16:05,NO,LA,10,34,Home,7,14,750,-1200,14,-105,-115,44.5,-105,-115,0,dome,matrixturf,,,00-0040743,00-0026498,Tyler Shough,Matthew Stafford,Kellen Moore,Sean McVay,LAX01,SoFi Stadium,0.1240,0.8760,+800,-1250,+14½-108,-14-110,46.564,0.8560,0.1427,0.0011,6.16,38.34,44.50,16.089,-16.089,4.327,-10.321
401772768,2025,REG,9,2025-11-02,Sunday,16:25,KC,BUF,21,28,Home,6,7,-135,114,-2.5,-105,-115,53.5,-115,-105,0,outdoors,a_turf,54,6,00-0033873,00-0034857,Patrick Mahomes,Josh Allen,Andy Reid,Sean McDermott,BUF00,New Era Field,0.5130,0.4870,-130,+130,-1½-110,+2½-105,89.256,0.4176,0.5789,0.0033,29.30,23.70,53.00,-2.796,2.796,3.96,8.487
401772926,2025,REG,9,2025-11-02,Sunday,20:20,SEA,WAS,38,14,Home,13,6,-148,124,-2.5,-120,100,47.5,-115,-105,0,outdoors,grass,53,3,00-0034869,00-0039910,Sam Darnold,Jayden Daniels,Mike Macdonald,Dan Quinn,WAS00,FedExField,0.6860,0.3140,-140,+130,-2½-110,+3-110,63.535,0.5515,0.4448,0.0035,21.62,25.89,47.50,2.135,-2.135,1.942,1.327
401772818,2025,REG,9,2025-11-03,Monday,20:15,ARI,DAL,27,17,Home,15,8,145,-175,3.5,-115,-105,53.5,-105,-115,0,closed,matrixturf,,,00-0033119,00-0033077,Jacoby Brissett,Dak Prescott,Jonathan Gannon,Brian Schottenheimer,DAL00,AT&T Stadium,0.4300,0.5700,+165,-175,+3½-110,-3-115,53.647,0.6660,0.3313,0.0026,20.11,32.89,53.00,6.386,-6.386,1.075,-3.809
401772944,2025,REG,10,2025-11-06,Thursday,20:15,LV,DEN,7,10,Home,4,4,380,-500,9.5,-112,-108,42.5,-110,-110,1,outdoors,grass,60,10,00-0030565,00-0039732,Geno Smith,Bo Nix,Pete Carroll,Sean Payton,DEN00,Empower Field at Mile High,0.1750,0.8250,+390,-400,+8½-105,-8½-105,48.67,0.7382,0.2596,0.0020,11.69,30.81,42.50,9.559,-9.559,2.895,-4.97
401772636,2025,REG,10,2025-11-09,Sunday,09:30,ATL,IND,25,31,Neutral,7,7,250,-310,6.5,-112,-108,48.5,-112,-108,0,closed,grass,46,2,00-0039917,00-0035710,Michael Penix,Daniel Jones,Raheem Morris,Shane Steichen,IND00,Lucas Oil Stadium,0.3290,0.6710,+240,-260,+6-110,-6+100,57.574,0.6974,0.3001,0.0024,16.40,31.60,48.00,7.604,-7.604,4.847,-3.145
401772769,2025,REG,10,2025-11-09,Sunday,13:00,CLE,NYJ,20,27,Home,14,14,-130,110,-1.5,-115,-105,37.5,-115,-105,0,outdoors,fieldturf,62,12,00-0040704,00-0028118,Dillon Gabriel,Tyrod Taylor,Kevin Stefanski,Aaron Glenn,NYC01,MetLife Stadium,0.4940,0.5060,-130,+115,-2-108,+2-108,17.086,0.6599,0.3373,0.0027,12.76,24.74,37.50,5.99,-5.99,-6.242,-10.796
401772770,2025,REG,10,2025-11-09,Sunday,13:00,JAX,HOU,29,36,Home,7,7,-115,-105,-1.5,100,-120,37.5,-112,-108,1,closed,astroturf,,,00-0036971,00-0036898,Trevor Lawrence,Davis Mills,Liam Coen,DeMeco Ryans,HOU00,NRG Stadium,0.4440,0.5560,+105,-120,+1½-110,-1-108,54.08,0.4442,0.5522,0.0035,20.66,16.84,37.50,-1.913,1.913,-4.179,-1.063
401772771,2025,REG,10,2025-11-09,Sunday,13:00,BUF,MIA,13,30,Home,7,10,-455,350,-8.5,-105,-115,50.5,-115,-105,1,outdoors,grass,84,6,00-0034857,00-0036212,Josh Allen,Tua Tagovailoa,Sean McDermott,Mike McDaniel,MIA00,Hard Rock Stadium,0.8200,0.1800,-420,+350,-7½-108,+8-110,56.671,0.3147,0.6827,0.0025,32.46,17.54,50.00,-7.458,7.458,-4.025,4.777
401772772,2025,REG,10,2025-11-09,Sunday,13:00,NE,TB,28,23,Home,7,14,124,-148,2.5,100,-120,48.5,-105,-115,0,outdoors,grass,82,11,00-0039851,00-0034855,Drake Maye,Baker Mayfield,Mike Vrabel,Todd Bowles,TAM00,Raymond James Stadium,0.4180,0.5820,+145,-150,+3+100,-2½-120,58.628,0.5635,0.4329,0.0034,21.10,26.40,47.50,2.65,-2.65,0.842,0.13
401772875,2025,REG,10,2025-11-09,Sunday,13:00,NYG,CHI,20,24,Home,7,7,180,-218,4.5,-108,-112,45.5,-112,-108,0,outdoors,grass,33,10,00-0040691,00-0039918,Jaxson Dart,Caleb Williams,Brian Daboll,Ben Johnson,CHI98,Soldier Field,0.4160,0.5840,+190,-210,+4½-110,-4-108,38.639,0.5087,0.4873,0.0039,21.96,22.54,44.50,0.292,-0.292,-1.782,-0.325
401772876,2025,REG,10,2025-11-09,Sunday,13:00,BAL,MIN,27,19,Home,10,7,-230,190,-4.5,-105,-115,48.5,-105,-115,0,dome,sportturf,,,00-0034796,00-0039923,Lamar Jackson,J.J. McCarthy,John Harbaugh,Kevin O'Connell,MIN01,U.S. Bank Stadium,0.7010,0.2990,-220,+200,-5-108,+5-108,58.892,0.3738,0.6231,0.0030,29.29,19.71,49.00,-4.792,4.792,-2.366,3.879
401772877,2025,REG,10,2025-11-09,Sunday,13:00,NO,CAR,17,7,Home,7,7,200,-245,5.5,-112,-108,38.5,-105,-115,1,outdoors,grass,73,15,00-0040743,00-0039150,Tyler Shough,Bryce Young,Kellen Moore,Dave Canales,CAR00,Bank of America Stadium,0.3760,0.6240,+210,-240,+5½-110,-5-108,18.345,0.6546,0.3426,0.0027,12.92,25.08,38.00,6.083,-6.083,-3.946,-8.731
401772773,2025,REG,10,2025-11-09,Sunday,16:05,ARI,SEA,22,44,Home,6,7,270,-340,7,-115,-105,44.5,-102,-118,1,outdoors,fieldturf,59,5,00-0033119,00-0034869,Jacoby Brissett,Sam Darnold,Jonathan Gannon,Mike Macdonald,SEA00,Lumen Field,0.2240,0.7760,+300,-360,+7+100,-7-110,62.942,0.6479,0.3492,0.0028,16.37,28.63,45.00,6.13,-6.13,2.918,-1.983
401772878,2025,REG,10,2025-11-09,Sunday,16:25,DET,WAS,44,22,Home,7,7,-455,350,-8.5,-105,-115,49.5,-112,-108,0,outdoors,grass,64,9,00-0033106,00-0032268,Jared Goff,Marcus Mariota,Dan Campbell,Dan Quinn,WAS00,FedExField,0.7220,0.2780,-420,+350,-7½-108,+8-110,69.498,0.3426,0.6546,0.0027,30.50,18.50,49.00,-5.999,5.999,-2.794,4.612
401772879,2025,REG,10,2025-11-09,Sunday,16:25,LA,SF,42,26,Home,7,7,-258,210,-5.5,-115,-105,49.5,-110,-110,1,outdoors,grass,77,3,00-0026498,00-0036972,Matthew Stafford,Mac Jones,Sean McVay,Kyle Shanahan,SFO01,Levi's Stadium,0.7270,0.2730,-240,+240,-5½-115,+6½-110,81.197,0.3618,0.6352,0.0029,30.31,19.19,49.50,-5.562,5.562,-2.184,5.027
401772927,2025,REG,10,2025-11-09,Sunday,20:20,PIT,LAC,10,25,Home,7,7,136,-162,3,-118,-102,45.5,-115,-105,0,dome,matrixturf,,,00-0023459,00-0036355,Aaron Rodgers,Justin Herbert,Mike Tomlin,Jim Harbaugh,LAX01,SoFi Stadium,0.3370,0.6630,+170,-180,+3+110,-3-120,62.152,0.6158,0.3811,0.0030,18.05,27.46,45.50,4.705,-4.705,2.589,-0.267
401772630,2025,REG,10,2025-11-10,Monday,20:15,PHI,GB,10,7,Home,15,8,-110,-110,1.5,-122,102,45.5,-108,-112,0,outdoors,grass,33,9,00-0036389,00-0036264,Jalen Hurts,Jordan Love,Nick Sirianni,Matt LaFleur,GNB00,Lambeau Field,0.4070,0.5930,+100,-105,+1-110,+1-110,82.766,0.5200,0.4760,0.0038,21.65,23.35,45.00,0.848,-0.848,4.18,4.445
401772945,2025,REG,11,2025-11-13,Thursday,20:15,NYJ,NE,14,27,Home,4,4,625,-950,12.5,-105,-115,43.5,-115,-105,1,outdoors,fieldturf,39,9,00-0028118,00-0039851,Tyrod Taylor,Drake Maye,Aaron Glenn,Mike Vrabel,BOS00,Gillette Stadium,0.1980,0.8020,+550,-680,+12½-105,-12½-105,33.185,0.7121,0.2855,0.0022,13.07,30.43,43.50,8.682,-8.682,0.337,-6.821
401772631,2025,REG,11,2025-11-16,Sunday,09:30,WAS,MIA,13,16,Neutral,7,7,124,-148,2.5,100,-120,47.5,-110,-110,0,outdoors,grass,,,00-0032268,00-0036212,Marcus Mariota,Tua Tagovailoa,Dan Quinn,Mike McDaniel,MIA00,Hard Rock Stadium,0.4210,0.5790,+125,-135,+3-120,-2-108,42.941,0.4913,0.5046,0.0039,23.75,23.25,47.00,-0.253,0.253,-2.898,-2.456
401772774,2025,REG,11,2025-11-16,Sunday,13:00,CIN,PIT,12,34,Home,14,7,205,-250,5.5,-108,-112,48.5,-110,-110,1,outdoors,grass,46,17,00-0026158,00-0023459,Joe Flacco,Aaron Rodgers,Zac Taylor,Mike Tomlin,PIT00,Acrisure Stadium,0.3100,0.6900,+210,-240,+5½-108,-5½-108,50.821,0.5863,0.4103,0.0033,20.36,27.14,47.50,3.389,-3.389,-1.088,-3.23
401772775,2025,REG,11,2025-11-16,Sunday,13:00,LAC,JAX,6,35,Home,7,7,-155,130,-3,-105,-115,43.5,-110,-110,0,outdoors,grass,74,9,00-0036355,00-0036971,Justin Herbert,Trevor Lawrence,Jim Harbaugh,Liam Coen,JAX00,TIAA Bank Stadium,0.5780,0.4220,-150,+135,-2½-110,+2½+100,57.124,0.4163,0.5803,0.0033,24.58,18.42,43.00,-3.079,3.079,-1.586,2.74
401772776,2025,REG,11,2025-11-16,Sunday,13:00,TB,BUF,32,44,Home,7,7,230,-285,6,-108,-112,46.5,-112,-108,0,outdoors,a_turf,38,20,00-0034855,00-0034857,Baker Mayfield,Josh Allen,Todd Bowles,Sean McDermott,BUF00,New Era Field,0.3580,0.6420,+260,-295,+6+100,-6½-108,72.062,0.6144,0.3824,0.0030,18.61,26.89,45.50,4.14,-4.14,3.591,0.862
401772880,2025,REG,11,2025-11-16,Sunday,13:00,CHI,MIN,19,17,Home,7,7,124,-148,3,-115,-105,47.5,-102,-118,1,dome,sportturf,,,00-0039918,00-0039923,Caleb Williams,J.J. McCarthy,Ben Johnson,Kevin O'Connell,MIN01,U.S. Bank Stadium,0.4350,0.5650,+145,-150,+3-110,-3+100,40.242,0.5093,0.4867,0.0039,23.60,24.40,48.00,0.401,-0.401,-2.641,-1.575
401772881,2025,REG,11,2025-11-16,Sunday,13:00,HOU,TEN,16,13,Home,7,14,-265,215,-5.5,-108,-112,37.5,-118,-102,1,outdoors,grass,64,8,00-0036898,00-0040676,Davis Mills,Cam Ward,DeMeco Ryans,Brian Callahan,NAS00,Nissan Stadium,0.7090,0.2910,-240,+210,-4½-110,+5½-110,34.812,0.3831,0.6137,0.0030,23.01,13.99,37.00,-4.507,4.507,-9.223,-2.814
401772882,2025,REG,11,2025-11-16,Sunday,13:00,CAR,ATL,30,27,Home,7,7,180,-218,4.5,-118,-102,42.5,-110,-110,1,closed,fieldturf,,,00-0039150,00-0039917,Bryce Young,Michael Penix,Dave Canales,Raheem Morris,ATL97,Mercedes-Benz Stadium,0.3940,0.6060,+195,-215,+4+100,-4-110,27.015,0.5897,0.4070,0.0032,17.74,24.26,42.00,3.261,-3.261,-3.012,-4.815
401772883,2025,REG,11,2025-11-16,Sunday,13:00,GB,NYG,27,20,Home,6,7,-440,340,-7.5,-110,-110,41.5,-110,-110,0,outdoors,fieldturf,55,17,00-0036264,00-0031503,Jordan Love,Jameis Winston,Matt LaFleur,Brian Daboll,NYC01,MetLife Stadium,0.7300,0.2700,-380,+330,-7½-108,+7½-105,55.865,0.3592,0.6378,0.0028,26.28,15.72,42.00,-5.28,5.28,-2.902,3.775
401772884,2025,REG,11,2025-11-16,Sunday,16:05,SEA,LA,19,21,Home,7,7,145,-175,3,100,-120,49.5,-105,-115,1,dome,matrixturf,,,00-0034869,00-0026498,Sam Darnold,Matthew Stafford,Mike Macdonald,Sean McVay,LAX01,SoFi Stadium,0.3710,0.6290,+165,-175,+3½-110,-3-116,81.68,0.6111,0.3857,0.0031,20.19,28.81,49.00,4.314,-4.314,5.716,3.176
401772885,2025,REG,11,2025-11-16,Sunday,16:05,SF,ARI,41,22,Home,7,7,-192,160,-3.5,-105,-115,48.5,-112,-108,1,closed,grass,,,00-0037834,00-0033119,Brock Purdy,Jacoby Brissett,Kyle Shanahan,Jonathan Gannon,PHO00,State Farm Stadium,0.6460,0.3540,-180,+170,-3½+100,+3½-110,62.335,0.3638,0.6332,0.0029,29.47,19.03,48.50,-5.221,5.221,-3.592,3.071
401772777,2025,REG,11,2025-11-16,Sunday,16:25,BAL,CLE,23,16,Home,7,7,-440,340,-7.5,-105,-115,37.5,-105,-115,1,outdoors,grass,44,20,00-0034796,00-0040704,Lamar Jackson,Dillon Gabriel,John Harbaugh,Kevin Stefanski,CLE00,FirstEnergy Stadium,0.7250,0.2750,-420,+370,-7½+100,+7½-105,53.508,0.2111,0.7871,0.0017,31.22,6.78,38.00,-12.22,12.22,-9.821,4.228
401772778,2025,REG,11,2025-11-16,Sunday,16:25,KC,DEN,19,22,Home,14,10,-218,180,-3.5,-120,100,44.5,-110,-110,1,outdoors,grass,70,6,00-0033873,00-0039732,Patrick Mahomes,Bo Nix,Andy Reid,Sean Payton,DEN00,Empower Field at Mile High,0.5970,0.4030,-210,+195,-4-108,+4-108,83.862,0.3990,0.5977,0.0032,26.77,18.73,45.50,-4.017,4.017,2.201,7.67
401772928,2025,REG,11,2025-11-16,Sunday,20:20,DET,PHI,9,16,Home,7,6,130,-155,2.5,-102,-118,46.5,-108,-112,0,outdoors,grass,45,15,00-0033106,00-0036389,Jared Goff,Jalen Hurts,Dan Campbell,Nick Sirianni,PHI00,Lincoln Financial Field,0.4730,0.5270,+125,-130,+3-110,-2½+100,86.895,0.5060,0.4900,0.0039,22.15,23.35,45.50,0.596,-0.596,4.611,5.719
401772819,2025,REG,11,2025-11-17,Monday,20:15,DAL,LV,33,16,Home,14,11,-198,164,-3.5,-115,-105,48.5,-115,-105,0,dome,grass,,,00-0033077,00-0030565,Dak Prescott,Geno Smith,Brian Schottenheimer,Pete Carroll,VEG00,Allegiant Stadium,0.6370,0.3630,-200,+175,-3½-105,+3½-105,37.948,0.4063,0.5903,0.0032,27.59,20.91,48.50,-3.336,3.336,-4.937,-0.144
401772946,2025,REG,12,2025-11-20,Thursday,20:15,BUF,HOU,19,23,Home,4,4,-258,210,-5.5,-108,-112,43.5,-105,-115,0,closed,astroturf,,,00-0034857,00-0036898,Josh Allen,Davis Mills,Sean McDermott,DeMeco Ryans,HOU00,NRG Stadium,0.7550,0.2450,-235,+225,-4½-105,+5-110,75.69,0.3618,0.6352,0.0029,27.34,17.16,44.50,-5.091,5.091,-2.408,3.91
401772779,2025,REG,12,2025-11-23,Sunday,13:00,IND,KC,20,23,Home,14,7,180,-218,3.5,100,-120,50.5,-112,-108,0,outdoors,grass,,,00-0035710,00-0033873,Daniel Jones,Patrick Mahomes,Shane Steichen,Andy Reid,KAN00,GEHA Field at Arrowhead Stadium,0.3400,0.6600,+200,-225,+4+100,-4½-105,89.536,0.6171,0.3798,0.0030,20.23,29.27,49.50,4.522,-4.522,7.333,4.657
401772780,2025,REG,12,2025-11-23,Sunday,13:00,PIT,CHI,28,31,Home,7,7,130,-155,3,-115,-105,46.5,-108,-112,0,outdoors,grass,51,3,00-0034771,00-0039918,Mason Rudolph,Caleb Williams,Mike Tomlin,Ben Johnson,CHI98,Soldier Field,0.4540,0.5460,+135,-140,+3-115,-2½-110,44.132,0.5006,0.4953,0.0039,23.43,23.57,47.00,0.067,-0.067,-1.38,0.341
401772781,2025,REG,12,2025-11-23,Sunday,13:00,NE,CIN,26,20,Home,10,7,-395,310,-7.5,-108,-112,50.5,-102,-118,0,outdoors,fieldturf,54,7,00-0039851,00-0026158,Drake Maye,Joe Flacco,Mike Vrabel,Zac Taylor,CIN00,Paycor Stadium,0.8170,0.1830,-350,+320,-7-108,+7+100,54.587,0.4116,0.5850,0.0033,28.73,21.77,50.50,-3.48,3.48,-4.473,0.381
401772782,2025,REG,12,2025-11-23,Sunday,13:00,NYJ,BAL,10,23,Home,10,7,675,-1050,14,-110,-110,44.5,-102,-118,0,outdoors,grass,54,3,00-0028118,00-0034796,Tyrod Taylor,Lamar Jackson,Aaron Glenn,John Harbaugh,BAL00,M&T Bank Stadium,0.1720,0.8280,+800,-1100,+14½-110,-14-108,45.132,0.7985,0.1998,0.0016,9.02,35.48,44.50,13.232,-13.232,4.114,-7.582
401772886,2025,REG,12,2025-11-23,Sunday,13:00,SEA,TEN,30,24,Home,7,7,-950,625,-12.5,-115,-105,41.5,-110,-110,0,outdoors,grass,55,1,00-0034869,00-0040676,Sam Darnold,Cam Ward,Mike Macdonald,Brian Callahan,NAS00,Nissan Stadium,0.8970,0.1030,-850,+650,-12½-108,+12½-108,39.576,0.2377,0.7603,0.0019,31.36,10.14,41.50,-10.607,10.607,-9.058,3.648
401772887,2025,REG,12,2025-11-23,Sunday,13:00,MIN,GB,6,23,Home,7,7,235,-290,6.5,-112,-108,41.5,-112,-108,1,outdoors,grass,43,10,00-0039923,00-0036264,J.J. McCarthy,Jordan Love,Kevin O'Connell,Matt LaFleur,GNB00,Lambeau Field,0.2190,0.7810,+245,-275,+6½-110,-6-108,57.579,0.7155,0.2822,0.0022,12.16,29.34,41.50,8.59,-8.59,4.336,-2.813
401772888,2025,REG,12,2025-11-23,Sunday,13:00,NYG,DET,27,34,Home,7,7,675,-1050,14,-115,-105,50.5,100,-120,0,dome,fieldturf,,,00-0031503,00-0033106,Jameis Winston,Jared Goff,Brian Daboll,Dan Campbell,DET00,Ford Field,0.1950,0.8050,+750,-1100,+14½-110,-14-108,58.145,0.7215,0.2762,0.0022,15.94,34.56,50.50,9.314,-9.314,5.027,-2.751
401772783,2025,REG,12,2025-11-23,Sunday,16:05,JAX,ARI,27,24,Home,7,7,-135,114,-2.5,-108,-112,47.5,-115,-105,0,closed,grass,,,00-0036971,00-0033119,Trevor Lawrence,Jacoby Brissett,Liam Coen,Jonathan Gannon,PHO00,State Farm Stadium,0.6470,0.3530,-117,+110,-1½-108,+2-110,52.572,0.4621,0.5341,0.0037,25.13,21.87,47.00,-1.627,1.627,-3.414,-0.027
401772784,2025,REG,12,2025-11-23,Sunday,16:05,CLE,LV,24,10,Home,7,6,136,-162,3,-105,-115,35.5,-102,-118,0,dome,grass,,,00-0040668,00-0030565,Shedeur Sanders,Geno Smith,Kevin Stefanski,Pete Carroll,VEG00,Allegiant Stadium,0.3330,0.6670,+150,-157,+3+100,-3-108,20.536,0.6492,0.3479,0.0027,12.22,23.78,36.00,5.777,-5.777,-5.723,-10.075
401772889,2025,REG,12,2025-11-23,Sunday,16:25,ATL,NO,24,10,Home,7,14,102,-122,1.5,-112,-108,41.5,-118,-102,1,dome,sportturf,,,00-0029604,00-0040743,Kirk Cousins,Tyler Shough,Raheem Morris,Kellen Moore,NOR00,Mercedes-Benz Superdome,0.4840,0.5160,+105,-120,+1½-108,-1-110,23.58,0.4568,0.5395,0.0036,21.74,19.26,41.00,-1.243,1.243,-6.312,-2.973
401772890,2025,REG,12,2025-11-23,Sunday,16:25,PHI,DAL,21,24,Home,7,6,-162,136,-3,-105,-115,47.5,100,-120,1,closed,matrixturf,,,00-0036389,00-0033077,Jalen Hurts,Dak Prescott,Nick Sirianni,Brian Schottenheimer,DAL00,AT&T Stadium,0.6100,0.3900,-150,+140,-2½-110,+3-115,70.409,0.4223,0.5743,0.0033,26.63,21.37,48.00,-2.632,2.632,0.486,4.667
401772929,2025,REG,12,2025-11-23,Sunday,20:20,TB,LA,7,34,Home,7,7,295,-375,7,-110,-110,49.5,100,-120,0,dome,matrixturf,,,00-0034855,00-0026498,Baker Mayfield,Matthew Stafford,Todd Bowles,Sean McVay,LAX01,SoFi Stadium,0.2350,0.7650,+325,-340,+7+105,-7-110,73.885,0.6479,0.3492,0.0028,19.41,30.59,50.00,5.587,-5.587,5.206,0.87
401772820,2025,REG,12,2025-11-24,Monday,20:15,CAR,SF,9,20,Home,8,8,310,-395,7.5,-115,-105,48.5,-105,-115,0,outdoors,grass,58,3,00-0039150,00-0037834,Bryce Young,Brock Purdy,Dave Canales,Kyle Shanahan,SFO01,Levi's Stadium,0.1940,0.8060,+340,-370,+7+110,-7-120,50.077,0.7316,0.2662,0.0021,15.08,33.92,49.00,9.417,-9.417,3.555,-4.403
401772891,2025,REG,13,2025-11-27,Thursday,13:00,GB,DET,31,24,Home,4,4,130,-155,2.5,105,-125,48.5,-110,-110,1,dome,fieldturf,,,00-0036264,00-0033106,Jordan Love,Jared Goff,Matt LaFleur,Dan Campbell,DET00,Ford Field,0.4420,0.5580,+155,-165,+3-105,-3-105,85.153,0.5395,0.4568,0.0036,22.50,25.50,48.00,1.499,-1.499,4.889,4.893
401772694,2025,REG,13,2025-11-27,Thursday,16:30,KC,DAL,28,31,Home,4,4,-185,154,-3.5,-105,-115,53.5,-110,-110,0,closed,matrixturf,,,00-0033873,00-0033077,Patrick Mahomes,Dak Prescott,Andy Reid,Brian Schottenheimer,DAL00,AT&T Stadium,0.6770,0.3230,-180,+165,-3½+100,+3½-110,78.779,0.3705,0.6265,0.0029,31.65,21.35,53.00,-5.146,5.146,0.771,7.228
401772930,2025,REG,13,2025-11-27,Thursday,20:20,CIN,BAL,32,14,Home,4,4,295,-375,7,100,-120,52.5,-115,-105,1,outdoors,grass,38,11,00-0036442,00-0034796,Joe Burrow,Lamar Jackson,Zac Taylor,John Harbaugh,BAL00,M&T Bank Stadium,0.1260,0.8740,+335,-375,+8+102,-7½-110,67.26,0.6728,0.3245,0.0026,19.23,33.27,52.50,7.024,-7.024,4.084,-1.246
401772621,2025,REG,13,2025-11-28,Friday,15:00,CHI,PHI,24,15,Home,5,5,270,-340,7,-105,-115,43.5,-115,-105,0,outdoors,grass,42,18,00-0039918,00-0036389,Caleb Williams,Jalen Hurts,Ben Johnson,Nick Sirianni,PHI00,Lincoln Financial Field,0.2540,0.7460,+310,-360,+7+105,-7-110,63.672,0.6834,0.3140,0.0025,14.28,28.72,43.00,7.216,-7.216,4.446,-1.272
401772785,2025,REG,13,2025-11-30,Sunday,13:00,SF,CLE,26,8,Home,6,7,-250,205,-5.5,-108,-112,35.5,-112,-108,0,outdoors,grass,35,20,00-0037834,00-0040668,Brock Purdy,Shedeur Sanders,Kyle Shanahan,Kevin Stefanski,CLE00,FirstEnergy Stadium,0.7780,0.2220,-245,+210,-5-110,+5½-108,49.43,0.2337,0.7643,0.0018,28.26,6.74,35.00,-10.759,10.759,-9.497,2.981
401772786,2025,REG,13,2025-11-30,Sunday,13:00,JAX,TEN,25,3,Home,7,7,-270,220,-6,-108,-112,42.5,-105,-115,1,outdoors,grass,38,7,00-0036971,00-0040676,Trevor Lawrence,Cam Ward,Liam Coen,Brian Callahan,NAS00,Nissan Stadium,0.7830,0.2170,-260,+245,-6-108,+6-108,29.558,0.3193,0.6780,0.0025,28.28,14.22,42.50,-7.028,7.028,-8.745,0.017
401772787,2025,REG,13,2025-11-30,Sunday,13:00,HOU,IND,20,16,Home,10,7,142,-170,3,-105,-115,44.5,-112,-108,1,closed,fieldturf,,,00-0039163,00-0035710,C.J. Stroud,Daniel Jones,DeMeco Ryans,Shane Steichen,IND00,Lucas Oil Stadium,0.3450,0.6550,+150,-158,+3+100,-3+100,75.625,0.6476,0.3496,0.0028,16.53,27.97,44.50,5.719,-5.719,4.76,0.182
401772892,2025,REG,13,2025-11-30,Sunday,13:00,NO,MIA,17,21,Home,7,14,205,-250,5.5,-110,-110,41.5,-105,-115,0,outdoors,grass,76,10,00-0040743,00-0036212,Tyler Shough,Tua Tagovailoa,Kellen Moore,Mike McDaniel,MIA00,Hard Rock Stadium,0.3020,0.6980,+210,-245,+5½-108,-5½-108,19.496,0.6459,0.3512,0.0028,14.94,26.56,41.50,5.806,-5.806,-3.203,-7.842
401772893,2025,REG,13,2025-11-30,Sunday,13:00,ATL,NYJ,24,27,Home,7,7,-166,140,-3,-112,-108,38.5,-105,-115,0,outdoors,fieldturf,43,8,00-0029604,00-0028118,Kirk Cousins,Tyrod Taylor,Raheem Morris,Aaron Glenn,NYC01,MetLife Stadium,0.5730,0.4270,-160,+145,-3-108,+3-105,23.256,0.4249,0.5716,0.0034,22.17,16.33,38.50,-2.916,2.916,-7.275,-3.025
401772894,2025,REG,13,2025-11-30,Sunday,13:00,LA,CAR,28,31,Home,7,6,-575,425,-10,-110,-110,44.5,-105,-115,0,outdoors,grass,45,3,00-0026498,00-0039150,Matthew Stafford,Bryce Young,Sean McVay,Dave Canales,CAR00,Bank of America Stadium,0.8680,0.1320,-470,+400,-10-108,+10-108,55.285,0.2795,0.7182,0.0022,31.12,13.88,45.00,-8.623,8.623,-4.433,5.882
401772895,2025,REG,13,2025-11-30,Sunday,13:00,ARI,TB,17,20,Home,7,7,164,-198,4.5,-115,-105,44.5,-108,-112,0,outdoors,grass,80,8,00-0033119,00-0034855,Jacoby Brissett,Baker Mayfield,Jonathan Gannon,Todd Bowles,TAM00,Raymond James Stadium,0.3070,0.6930,+190,-208,+3½+100,-4-108,50.459,0.6378,0.3592,0.0028,17.47,28.03,45.50,5.276,-5.276,0.023,-3.584
401772896,2025,REG,13,2025-11-30,Sunday,16:05,MIN,SEA,0,26,Home,7,7,600,-900,12.5,-110,-110,42.5,-110,-110,0,outdoors,fieldturf,45,2,00-0040494,00-0034869,Max Brosmer,Sam Darnold,Kevin O'Connell,Mike Macdonald,SEA00,Lumen Field,0.1650,0.8350,+600,-800,+12½-110,-12-108,51.808,0.7034,0.2941,0.0023,12.92,29.08,42.00,8.076,-8.076,3.676,-3.476
401772788,2025,REG,13,2025-11-30,Sunday,16:25,LV,LAC,14,31,Home,7,14,440,-600,10,-115,-105,40.5,-108,-112,1,dome,matrixturf,,,00-0030565,00-0036355,Geno Smith,Justin Herbert,Pete Carroll,Jim Harbaugh,LAX01,SoFi Stadium,0.1740,0.8260,+425,-475,+10-110,-9½-108,38.359,0.7342,0.2636,0.0021,11.11,29.39,40.50,9.137,-9.137,1.087,-6.194
401772789,2025,REG,13,2025-11-30,Sunday,16:25,BUF,PIT,26,7,Home,10,7,-166,140,-3,-115,-105,44.5,-112,-108,0,outdoors,grass,34,16,00-0034857,00-0023459,Josh Allen,Aaron Rodgers,Sean McDermott,Mike Tomlin,PIT00,Acrisure Stadium,0.6570,0.3430,-160,+155,-3-110,+3+100,62.251,0.4337,0.5627,0.0034,24.78,19.72,44.50,-2.532,2.532,-0.503,3.339
401772931,2025,REG,13,2025-11-30,Sunday,20:20,DEN,WAS,27,26,Home,14,14,-310,250,-6.5,-105,-115,43.5,-112,-108,0,outdoors,grass,40,13,00-0039732,00-0032268,Bo Nix,Marcus Mariota,Sean Payton,Dan Quinn,WAS00,FedExField,0.7550,0.2450,-280,+245,-6+100,+6-105,61.23,0.4077,0.5890,0.0032,25.37,18.13,43.50,-3.619,3.619,-2.36,2.522
401772821,2025,REG,13,2025-12-01,Monday,20:15,NYG,NE,15,33,Home,8,8,295,-375,7,-105,-115,46.5,-105,-115,0,outdoors,fieldturf,30,5,00-0040691,00-0039851,Jaxson Dart,Drake Maye,Brian Daboll,Mike Vrabel,BOS00,Gillette Stadium,0.2310,0.7690,+300,-360,+7-105,-7-105,46.237,0.5488,0.4475,0.0035,21.30,25.20,46.50,1.954,-1.954,0.521,0.127
401772947,2025,REG,14,2025-12-04,Thursday,20:15,DAL,DET,30,44,Home,7,7,160,-192,3.5,-110,-110,55.5,-110,-110,0,dome,fieldturf,,,00-0033077,00-0033106,Dak Prescott,Jared Goff,Brian Schottenheimer,Dan Campbell,DET00,Ford Field,0.4100,0.5900,+165,-175,+3½-105,-3½-105,70.446,0.6131,0.3837,0.0030,23.09,32.41,55.50,4.664,-4.664,4.456,1.105
401772790,2025,REG,14,2025-12-07,Sunday,13:00,MIA,NYJ,34,10,Home,7,7,-148,124,-2.5,-115,-105,41.5,-112,-108,1,outdoors,fieldturf,41,6,00-0036212,00-0028118,Tua Tagovailoa,Tyrod Taylor,Mike McDaniel,Aaron Glenn,NYC01,MetLife Stadium,0.6230,0.3770,-140,+125,-2½-108,+2½-105,18.833,0.4515,0.5448,0.0036,22.65,18.85,41.50,-1.898,1.898,-6.712,-3.315
401772791,2025,REG,14,2025-12-07,Sunday,13:00,PIT,BAL,27,22,Home,7,10,220,-270,5.5,100,-120,43.5,-105,-115,1,outdoors,grass,44,6,00-0023459,00-0034796,Aaron Rodgers,Lamar Jackson,Mike Tomlin,John Harbaugh,BAL00,M&T Bank Stadium,0.3210,0.6790,+235,-250,+6-110,-5½-108,59.728,0.6599,0.3373,0.0027,15.76,28.24,44.00,6.244,-6.244,3.2,-1.366
401772792,2025,REG,14,2025-12-07,Sunday,13:00,NO,TB,24,20,Home,7,7,330,-425,7.5,-102,-118,41.5,-105,-115,1,outdoors,grass,73,6,00-0040743,00-0034855,Tyler Shough,Baker Mayfield,Kellen Moore,Todd Bowles,TAM00,Raymond James Stadium,0.2410,0.7590,+320,-360,+8-110,-7½-108,32.707,0.7403,0.2576,0.0020,11.24,30.26,41.50,9.51,-9.51,-0.192,-8.438
401772793,2025,REG,14,2025-12-07,Sunday,13:00,IND,JAX,19,36,Home,7,7,-135,114,-2.5,-112,-108,44.5,-105,-115,1,outdoors,grass,61,7,00-0035710,00-0036971,Daniel Jones,Trevor Lawrence,Shane Steichen,Liam Coen,JAX00,TIAA Bank Stadium,0.5140,0.4860,-140,+130,-2-110,+2½-108,68.861,0.4488,0.5475,0.0036,24.14,20.86,45.00,-1.643,1.643,0.67,4.093
401772898,2025,REG,14,2025-12-07,Sunday,13:00,TEN,CLE,31,29,Home,7,7,170,-205,4.5,-120,100,33.5,-105,-115,0,outdoors,grass,33,6,00-0040676,00-0040668,Cam Ward,Shedeur Sanders,Brian Callahan,Kevin Stefanski,CLE00,FirstEnergy Stadium,0.4700,0.5300,+170,-180,+4-110,-3½-108,14.697,0.5254,0.4707,0.0037,15.40,17.60,33.00,1.097,-1.097,-10.036,-9.458
401772899,2025,REG,14,2025-12-07,Sunday,13:00,WAS,MIN,0,31,Home,7,7,-115,-105,-1.5,-102,-118,43.5,-102,-118,0,dome,sportturf,,,00-0032268,00-0039923,Marcus Mariota,J.J. McCarthy,Dan Quinn,Kevin O'Connell,MIN01,U.S. Bank Stadium,0.4460,0.5540,+100,-105,+1-108,+1-110,39.253,0.4302,0.5662,0.0034,24.38,19.62,44.00,-2.381,2.381,-4.106,0.087
401772900,2025,REG,14,2025-12-07,Sunday,13:00,SEA,ATL,37,9,Home,7,7,-355,280,-7,100,-120,44.5,-108,-112,0,closed,fieldturf,,,00-0034869,00-0029604,Sam Darnold,Kirk Cousins,Mike Macdonald,Raheem Morris,ATL97,Mercedes-Benz Stadium,0.8050,0.1950,-310,+275,-6½-108,+7-120,56.999,0.3857,0.6111,0.0031,26.79,17.72,44.50,-4.535,4.535,-2.864,3.946
401772902,2025,REG,14,2025-12-07,Sunday,13:00,CIN,BUF,34,39,Home,10,7,230,-285,6,-108,-112,54.5,-108,-112,0,outdoors,a_turf,31,12,00-0036442,00-0034857,Joe Burrow,Josh Allen,Zac Taylor,Sean McDermott,BUF00,New Era Field,0.2830,0.7170,+235,-260,+6½-105,-6-110,69.866,0.6298,0.3671,0.0029,22.22,32.28,54.50,5.027,-5.027,3.951,0.598
401772794,2025,REG,14,2025-12-07,Sunday,16:05,DEN,LV,24,17,Home,7,7,-470,360,-8.5,-110,-110,40.5,-115,-105,1,dome,grass,,,00-0039732,00-0030565,Bo Nix,Geno Smith,Sean Payton,Pete Carroll,VEG00,Allegiant Stadium,0.7790,0.2210,-420,+350,-8-108,+8-108,42.007,0.3027,0.6947,0.0024,27.78,12.73,40.50,-7.525,7.525,-6.46,2.656
401772897,2025,REG,14,2025-12-07,Sunday,16:25,CHI,GB,21,28,Home,9,10,245,-305,6.5,-105,-115,44.5,-115,-105,1,outdoors,grass,16,9,00-0039918,00-0036264,Caleb Williams,Jordan Love,Ben Johnson,Matt LaFleur,GNB00,Lambeau Field,0.3150,0.6850,+260,-300,+6½+110,-6½-115,68.1,0.6954,0.3021,0.0024,14.37,29.13,43.50,7.378,-7.378,5.203,-0.693
401772901,2025,REG,14,2025-12-07,Sunday,16:25,LA,ARI,45,17,Home,7,7,-500,380,-9.5,-110,-110,49.5,-110,-110,1,closed,grass,,,00-0026498,00-0033119,Matthew Stafford,Jacoby Brissett,Sean McVay,Jonathan Gannon,PHO00,State Farm Stadium,0.7950,0.2050,-450,+400,-9½-108,+10-110,72.155,0.3061,0.6914,0.0024,31.82,17.18,49.00,-7.32,7.32,-3.09,6.105
401772932,2025,REG,14,2025-12-07,Sunday,20:20,HOU,KC,20,10,Home,7,10,180,-218,4.5,-115,-105,41.5,-110,-110,0,outdoors,grass,27,8,00-0039163,00-0033873,C.J. Stroud,Patrick Mahomes,DeMeco Ryans,Andy Reid,KAN00,GEHA Field at Arrowhead Stadium,0.3670,0.6330,+205,-215,+5-110,-4½-105,84.019,0.6526,0.3446,0.0027,14.78,26.72,41.50,5.972,-5.972,6.923,2.948
401772822,2025,REG,14,2025-12-08,Monday,20:15,PHI,LAC,19,22,Home,10,8,-120,100,-1.5,-105,-115,41.5,-105,-115,0,dome,matrixturf,,,00-0036389,00-0036355,Jalen Hurts,Justin Herbert,Nick Sirianni,Jim Harbaugh,LAX01,SoFi Stadium,0.5700,0.4300,-115,+120,+0-110,+2-115,72.916,0.4063,0.5903,0.0032,24.62,17.38,42.00,-3.62,3.62,-1.537,3.569
401772948,2025,REG,15,2025-12-11,Thursday,20:15,ATL,TB,29,28,Home,4,4,225,-278,6,-112,-108,43.5,-110,-110,1,outdoors,grass,56,5,00-0029604,00-0034855,Kirk Cousins,Baker Mayfield,Raheem Morris,Todd Bowles,TAM00,Raymond James Stadium,0.2790,0.7210,+250,-270,+6-102,-5½-110,41.1,0.6345,0.3625,0.0029,16.77,26.73,43.50,4.984,-4.984,-0.856,-4.578
401772795,2025,REG,15,2025-12-14,Sunday,13:00,BUF,NE,35,31,Home,7,13,-142,120,-2.5,-110,-110,49.5,-105,-115,1,outdoors,fieldturf,32,6,00-0034857,00-0039851,Josh Allen,Drake Maye,Sean McDermott,Mike Vrabel,BOS00,Gillette Stadium,0.5000,0.5000,-140,+135,-2½-105,+3-120,69.778,0.4555,0.5408,0.0036,26.22,23.28,49.50,-1.474,1.474,0.932,3.638
401772796,2025,REG,15,2025-12-14,Sunday,13:00,BAL,CIN,24,0,Home,7,7,-162,136,-2.5,-125,105,51.5,-110,-110,1,outdoors,fieldturf,10,7,00-0034796,00-0036442,Lamar Jackson,Joe Burrow,John Harbaugh,Zac Taylor,CIN00,Paycor Stadium,0.5420,0.4580,-160,+155,-3-110,+3+100,66.584,0.4847,0.5113,0.0038,26.34,25.16,51.50,-0.589,0.589,1.063,2.865
401772797,2025,REG,15,2025-12-14,Sunday,13:00,NYJ,JAX,20,48,Home,7,7,675,-1050,13.5,-105,-115,40.5,-115,-105,0,outdoors,grass,70,11,00-0040398,00-0036971,Brady Cook,Trevor Lawrence,Aaron Glenn,Liam Coen,JAX00,TIAA Bank Stadium,0.1100,0.8900,+700,-900,+14-110,-13½-108,33.442,0.8681,0.1308,0.0010,3.75,36.75,40.50,16.503,-16.503,1.297,-13.754
401772798,2025,REG,15,2025-12-14,Sunday,13:00,LAC,KC,16,13,Home,6,7,210,-258,5.5,100,-120,41.5,-108,-112,1,outdoors,grass,,,00-0036355,00-0033873,Justin Herbert,Patrick Mahomes,Jim Harbaugh,Andy Reid,KAN00,GEHA Field at Arrowhead Stadium,0.3570,0.6430,+245,-260,+6-108,-5½-110,78.467,0.6599,0.3373,0.0027,14.72,26.78,41.50,6.03,-6.03,5.972,1.298
401772903,2025,REG,15,2025-12-14,Sunday,13:00,ARI,HOU,20,40,Home,7,7,455,-625,10.5,-110,-110,42.5,-112,-108,0,closed,astroturf,,,00-0033119,00-0039163,Jacoby Brissett,C.J. Stroud,Jonathan Gannon,DeMeco Ryans,HOU00,NRG Stadium,0.2070,0.7930,+425,-550,+10-105,-10-108,63.709,0.7235,0.2742,0.0022,12.59,29.41,42.00,8.406,-8.406,3.371,-3.903
401772904,2025,REG,15,2025-12-14,Sunday,13:00,CLE,CHI,3,31,Home,7,7,295,-375,7.5,-112,-108,38.5,-115,-105,0,outdoors,grass,8,6,00-0040668,00-0039918,Shedeur Sanders,Caleb Williams,Kevin Stefanski,Ben Johnson,CHI98,Soldier Field,0.1710,0.8290,+320,-365,+7½-108,-7½-108,37.148,0.7168,0.2808,0.0022,9.88,28.12,38.00,9.122,-9.122,-0.492,-8.557
401772905,2025,REG,15,2025-12-14,Sunday,13:00,WAS,NYG,29,21,Home,7,13,124,-148,2.5,-105,-115,46.5,-115,-105,1,outdoors,fieldturf,27,13,00-0032268,00-0040691,Marcus Mariota,Jaxson Dart,Dan Quinn,Brian Daboll,NYC01,MetLife Stadium,0.4550,0.5450,+135,-150,+3-110,-2½-115,36.041,0.6044,0.3924,0.0031,18.94,26.56,45.50,3.807,-3.807,-1.518,-3.634
401772906,2025,REG,15,2025-12-14,Sunday,13:00,LV,PHI,0,31,Home,7,6,650,-1000,12.5,-108,-112,37.5,-118,-102,0,outdoors,grass,30,20,00-0038102,00-0036389,Kenny Pickett,Jalen Hurts,Pete Carroll,Nick Sirianni,PHI00,Lincoln Financial Field,0.1120,0.8880,+600,-850,+12½-108,-12-110,45.175,0.7824,0.2158,0.0017,7.01,29.99,37.00,11.487,-11.487,3.555,-6.72
401772799,2025,REG,15,2025-12-14,Sunday,16:25,IND,SEA,16,18,Home,7,7,650,-1000,13.5,-105,-115,41.5,-108,-112,0,outdoors,fieldturf,51,9,00-0022942,00-0034869,Philip Rivers,Sam Darnold,Shane Steichen,Mike Macdonald,SEA00,Lumen Field,0.1210,0.8790,+575,-650,+13½-110,-13-108,79.083,0.7115,0.2861,0.0023,12.08,29.42,41.50,8.673,-8.673,4.888,-2.507
401772800,2025,REG,15,2025-12-14,Sunday,16:25,GB,DEN,26,34,Home,7,7,-122,102,-1.5,-108,-112,42.5,-115,-105,0,outdoors,grass,65,3,00-0036264,00-0039732,Jordan Love,Bo Nix,Matt LaFleur,Sean Payton,DEN00,Empower Field at Mile High,0.4780,0.5220,-115,+120,-1-110,+2½+100,78.653,0.4648,0.5314,0.0037,22.46,20.04,42.50,-1.206,1.206,2.548,5.196
401772907,2025,REG,15,2025-12-14,Sunday,16:25,TEN,SF,24,37,Home,7,14,600,-900,12.5,-108,-112,44.5,-112,-108,0,outdoors,grass,54,4,00-0040676,00-0037834,Cam Ward,Brock Purdy,Brian Callahan,Kyle Shanahan,SFO01,Levi's Stadium,0.1870,0.8130,+650,-800,+13-110,-12½-108,40.957,0.8299,0.1686,0.0013,8.14,36.86,45.00,14.357,-14.357,3.706,-9.19
401772908,2025,REG,15,2025-12-14,Sunday,16:25,CAR,NO,17,20,Home,14,7,-148,124,-2.5,-118,-102,41.5,-108,-112,1,dome,sportturf,,,00-0039150,00-0040743,Bryce Young,Tyler Shough,Dave Canales,Kellen Moore,NOR00,Mercedes-Benz Superdome,0.5670,0.4330,-140,+130,-2½-108,+3-110,18.818,0.4721,0.5241,0.0037,21.67,19.83,41.50,-0.92,0.92,-6.626,-4.265
401772909,2025,REG,15,2025-12-14,Sunday,16:25,DET,LA,34,41,Home,10,7,200,-245,5.5,-105,-115,54.5,-105,-115,0,dome,matrixturf,,,00-0033106,00-0026498,Jared Goff,Matthew Stafford,Dan Campbell,Sean McVay,LAX01,SoFi Stadium,0.2410,0.7590,+225,-240,+6-105,-5-110,88.287,0.5917,0.4050,0.0032,23.93,30.57,54.50,3.317,-3.317,6.892,4.95
401772933,2025,REG,15,2025-12-14,Sunday,20:20,MIN,DAL,34,26,Home,7,10,215,-265,5.5,-110,-110,47.5,-102,-118,0,closed,matrixturf,,,00-0039923,00-0033077,J.J. McCarthy,Dak Prescott,Kevin O'Connell,Brian Schottenheimer,DAL00,AT&T Stadium,0.3150,0.6850,+200,-230,+5-105,-4½-110,46.883,0.6124,0.3844,0.0030,19.20,28.30,47.50,4.552,-4.552,0.431,-2.592
401772823,2025,REG,15,2025-12-15,Monday,20:15,MIA,PIT,15,28,Home,8,8,145,-175,3,-102,-118,42.5,-105,-115,0,outdoors,grass,17,7,00-0036212,00-0023459,Tua Tagovailoa,Aaron Rodgers,Mike McDaniel,Mike Tomlin,PIT00,Acrisure Stadium,0.3990,0.6010,+170,-175,+3½-110,-3-110,40.5,0.5856,0.4110,0.0033,18.27,24.73,43.00,3.228,-3.228,-0.89,-2.662
401772949,2025,REG,16,2025-12-18,Thursday,20:15,LA,SEA,37,38,Home,4,4,102,-122,1.5,-110,-110,42.5,-105,-115,1,outdoors,fieldturf,51,17,00-0026498,00-0034869,Matthew Stafford,Sam Darnold,Sean McVay,Mike Macdonald,SEA00,Lumen Field,0.4790,0.5210,+120,-125,+2½-110,-2-105,87.441,0.4681,0.5281,0.0037,22.43,19.57,42.00,-1.426,1.426,4.615,7.13
401772612,2025,REG,16,2025-12-20,Saturday,17:00,PHI,WAS,29,18,Home,6,6,-380,300,-7,-120,100,43.5,-110,-110,1,outdoors,grass,42,7,00-0036389,00-0032268,Jalen Hurts,Marcus Mariota,Nick Sirianni,Dan Quinn,WAS00,FedExField,0.7490,0.2510,-330,+315,-7-105,+7+100,62.479,0.3240,0.6733,0.0026,28.49,15.01,43.50,-6.74,6.74,-3.509,4.451
401772613,2025,REG,16,2025-12-20,Saturday,20:20,GB,CHI,16,22,Home,6,6,-102,-118,1.5,-115,-105,45.5,-115,-105,1,outdoors,grass,37,6,00-0036264,00-0039918,Jordan Love,Caleb Williams,Matt LaFleur,Ben Johnson,CHI98,Soldier Field,0.5170,0.4830,+105,-120,+1½-105,-1-110,70.08,0.4063,0.5903,0.0032,25.60,18.90,44.50,-3.348,3.348,0.05,4.721
401772801,2025,REG,16,2025-12-21,Sunday,13:00,NYJ,NO,6,29,Home,7,7,240,-298,6.5,-105,-115,39.5,-105,-115,0,dome,sportturf,,,00-0028118,00-0040743,Tyrod Taylor,Tyler Shough,Aaron Glenn,Kellen Moore,NOR00,Mercedes-Benz Superdome,0.3410,0.6590,+250,-280,+6½+105,-6½-108,10.626,0.7751,0.2231,0.0017,8.73,31.27,40.00,11.268,-11.268,-4.726,-14.011
401772802,2025,REG,16,2025-12-21,Sunday,13:00,BUF,CLE,23,20,Home,7,7,-575,425,-10.5,-110,-110,41.5,-118,-102,0,outdoors,grass,25,16,00-0034857,00-0040668,Josh Allen,Shedeur Sanders,Sean McDermott,Kevin Stefanski,CLE00,FirstEnergy Stadium,0.8690,0.1310,-550,+450,-10½-108,+10½-108,50.148,0.1899,0.8085,0.0015,33.69,7.31,41.00,-13.188,13.188,-11.277,3.662
401772803,2025,REG,16,2025-12-21,Sunday,13:00,KC,TEN,9,26,Home,7,7,-185,154,-3.5,100,-120,37.5,-110,-110,0,outdoors,grass,51,8,00-0035289,00-0040676,Gardner Minshew,Cam Ward,Andy Reid,Brian Callahan,NAS00,Nissan Stadium,0.5740,0.4260,-165,+155,-3-116,+3½-110,47.435,0.3167,0.6807,0.0025,25.74,11.76,37.50,-6.993,6.993,-8.628,-0.306
401772910,2025,REG,16,2025-12-21,Sunday,13:00,LAC,DAL,34,17,Home,7,7,102,-122,1.5,-115,-105,50.5,-102,-118,0,closed,matrixturf,,,00-0036355,00-0033077,Justin Herbert,Dak Prescott,Jim Harbaugh,Brian Schottenheimer,DAL00,AT&T Stadium,0.5770,0.4230,+100,-115,+1-108,-1-108,61.978,0.4860,0.5100,0.0039,25.96,25.04,51.00,-0.464,0.464,-0.074,1.588
401772911,2025,REG,16,2025-12-21,Sunday,13:00,MIN,NYG,16,13,Home,7,7,-148,124,-2.5,-118,-102,41.5,-115,-105,0,outdoors,fieldturf,46,20,00-0039923,00-0040691,J.J. McCarthy,Jaxson Dart,Kevin O'Connell,Brian Daboll,NYC01,MetLife Stadium,0.5710,0.4290,-145,+125,-2½-108,+2½+100,33.423,0.5455,0.4508,0.0036,18.64,22.86,41.50,2.108,-2.108,-1.424,-2.032
401772912,2025,REG,16,2025-12-21,Sunday,13:00,TB,CAR,20,23,Home,10,7,-155,130,-3,100,-120,44.5,-108,-112,1,outdoors,grass,61,8,00-0034855,00-0039150,Baker Mayfield,Bryce Young,Todd Bowles,Dave Canales,CAR00,Bank of America Stadium,0.6260,0.3740,-155,+135,-3+100,+3-110,36.856,0.4355,0.5609,0.0035,24.51,19.99,44.50,-2.264,2.264,-4.301,-0.848
401772934,2025,REG,16,2025-12-21,Sunday,13:00,CIN,MIA,45,21,Home,7,6,-205,170,-3.5,-120,100,48.5,-112,-108,0,outdoors,grass,81,7,00-0036442,00-0040234,Joe Burrow,Quinn Ewers,Zac Taylor,Mike McDaniel,MIA00,Hard Rock Stadium,0.4530,0.5470,-180,+170,-3½-108,+4-110,43.325,0.2895,0.7081,0.0023,32.10,16.40,48.50,-7.846,7.846,-8.963,0.279
401772913,2025,REG,16,2025-12-21,Sunday,16:05,JAX,DEN,34,20,Home,7,7,145,-175,3.5,-120,100,46.5,-108,-112,0,outdoors,grass,62,3,00-0036971,00-0039732,Trevor Lawrence,Bo Nix,Liam Coen,Sean Payton,DEN00,Empower Field at Mile High,0.3980,0.6020,+165,-180,+3½-110,-3½+100,69.588,0.5723,0.4243,0.0034,20.37,26.13,46.50,2.88,-2.88,2.986,1.711
401772914,2025,REG,16,2025-12-21,Sunday,16:05,ATL,ARI,26,19,Home,10,7,-148,124,-2.5,-115,-105,48.5,-105,-115,0,closed,grass,,,00-0029604,00-0033119,Kirk Cousins,Jacoby Brissett,Raheem Morris,Jonathan Gannon,PHO00,State Farm Stadium,0.5290,0.4710,-145,+130,-2½+100,+2½+100,40.531,0.5261,0.4701,0.0037,23.20,25.30,48.50,1.046,-1.046,-4.273,-4.004
401772805,2025,REG,16,2025-12-21,Sunday,16:25,LV,HOU,21,23,Home,7,7,900,-1600,14.5,-115,-105,39.5,-110,-110,0,closed,astroturf,,,00-0030565,00-0039163,Geno Smith,C.J. Stroud,Pete Carroll,DeMeco Ryans,HOU00,NRG Stadium,0.1330,0.8670,+900,-1200,+14+100,-14-108,44.237,0.8079,0.1905,0.0015,6.69,32.81,39.50,13.056,-13.056,3.845,-8.201
401772806,2025,REG,16,2025-12-21,Sunday,16:25,PIT,DET,29,24,Home,6,7,330,-425,7.5,-105,-115,52.5,-115,-105,0,dome,fieldturf,,,00-0023459,00-0033106,Aaron Rodgers,Jared Goff,Mike Tomlin,Dan Campbell,DET00,Ford Field,0.2970,0.7030,+350,-400,+7½+100,-7½-108,67.047,0.6680,0.3293,0.0026,19.35,32.65,52.00,6.653,-6.653,4.969,-0.433
401772804,2025,REG,16,2025-12-21,Sunday,20:20,NE,BAL,28,24,Home,7,7,154,-185,3.5,-115,-105,48.5,-112,-108,0,outdoors,grass,40,2,00-0039851,00-0034796,Drake Maye,Lamar Jackson,Mike Vrabel,John Harbaugh,BAL00,M&T Bank Stadium,0.4270,0.5730,+190,-200,+3½+105,-4-105,68.75,0.5984,0.3984,0.0032,20.09,27.91,48.00,3.913,-3.913,3.287,0.866
401772824,2025,REG,16,2025-12-22,Monday,20:15,SF,IND,48,27,Home,8,8,-225,185,-4.5,-105,-115,46.5,-118,-102,0,closed,fieldturf,,,00-0037834,00-0022942,Brock Purdy,Philip Rivers,Kyle Shanahan,Shane Steichen,IND00,Lucas Oil Stadium,0.6420,0.3580,-210,+190,-4-105,+4-105,77.893,0.3778,0.6191,0.0030,27.76,18.74,46.50,-4.511,4.511,-2.227,3.339
401772710,2025,REG,17,2025-12-25,Thursday,13:00,DAL,WAS,30,23,Home,4,5,-500,380,-8.5,-120,100,50.5,-108,-112,1,outdoors,grass,50,7,00-0033077,00-0026300,Dak Prescott,Josh Johnson,Brian Schottenheimer,Dan Quinn,WAS00,FedExField,0.7350,0.2650,-420,+370,-8½-105,+8½-105,46.168,0.4262,0.5702,0.0034,27.95,22.55,50.50,-2.701,2.701,-4.331,-0.564
401772711,2025,REG,17,2025-12-25,Thursday,16:30,DET,MIN,10,23,Home,4,4,-360,285,-7,-120,100,45.5,-115,-105,1,dome,sportturf,,,00-0033106,00-0040494,Jared Goff,Max Brosmer,Dan Campbell,Kevin O'Connell,MIN01,U.S. Bank Stadium,0.7330,0.2670,-360,+305,-7-110,+7½-110,62.354,0.2503,0.7476,0.0020,32.52,12.48,45.00,-10.023,10.023,-7.176,4.503
401772622,2025,REG,17,2025-12-25,Thursday,20:15,DEN,KC,20,13,Home,4,4,-1100,700,-13.5,-105,-115,37.5,100,-120,1,outdoors,grass,,,00-0039732,00-0037324,Bo Nix,Chris Oladokun,Sean Payton,Andy Reid,KAN00,GEHA Field at Arrowhead Stadium,0.8730,0.1270,-900,+675,-13-105,+13-105,77.995,0.4362,0.5602,0.0035,21.42,16.58,38.00,-2.417,2.417,-1.368,2.491
401772951,2025,REG,17,2025-12-27,Saturday,16:30,HOU,LAC,20,16,Home,6,6,-102,-118,1.5,-115,-105,40.5,-105,-115,0,dome,matrixturf,,,00-0039163,00-0036355,C.J. Stroud,Justin Herbert,DeMeco Ryans,Jim Harbaugh,LAX01,SoFi Stadium,0.5180,0.4820,+105,-115,+1½-110,-1-105,73.431,0.5241,0.4721,0.0037,19.69,21.31,41.00,0.811,-0.811,2.205,3.307
401772953,2025,REG,17,2025-12-27,Saturday,20:00,BAL,GB,41,24,Home,6,7,120,-142,2.5,-108,-112,38.5,-115,-105,0,outdoors,grass,36,10,00-0035993,00-0038128,Tyler Huntley,Malik Willis,John Harbaugh,Matt LaFleur,GNB00,Lambeau Field,0.4120,0.5880,+125,-130,+2½-110,-2-105,79.38,0.5803,0.4163,0.0033,16.01,21.49,37.50,2.743,-2.743,-1.529,-2.774
401772807,2025,REG,17,2025-12-28,Sunday,13:00,PIT,CLE,6,13,Home,7,7,-205,170,-4.5,-108,-112,35.5,-112,-108,1,outdoors,grass,45,14,00-0023459,00-0040668,Aaron Rodgers,Shedeur Sanders,Mike Tomlin,Kevin Stefanski,CLE00,FirstEnergy Stadium,0.7790,0.2210,-210,+190,-3½-108,+4-110,39.751,0.2841,0.7135,0.0022,26.19,8.31,34.50,-8.944,8.944,-10.545,0.142
401772808,2025,REG,17,2025-12-28,Sunday,13:00,NE,NYJ,42,10,Home,7,7,-950,625,-12.5,-120,100,42.5,-112,-108,1,outdoors,fieldturf,29,4,00-0039851,00-0028118,Drake Maye,Tyrod Taylor,Mike Vrabel,Aaron Glenn,NYC01,MetLife Stadium,0.8550,0.1450,-800,+650,-13-108,+13-108,34.244,0.1753,0.8233,0.0014,35.69,6.81,42.50,-14.443,14.443,-14.363,1.263
401772809,2025,REG,17,2025-12-28,Sunday,13:00,NO,TEN,34,26,Home,7,7,-120,100,-1.5,-110,-110,39.5,-118,-102,0,outdoors,grass,71,14,00-0040743,00-0040676,Tyler Shough,Cam Ward,Kellen Moore,Brian Callahan,NAS00,Nissan Stadium,0.5430,0.4570,-108,+100,+0-108,+1-110,11.532,0.4442,0.5522,0.0035,21.62,16.89,38.50,-2.365,2.365,-7.74,-4.367
401772915,2025,REG,17,2025-12-28,Sunday,13:00,JAX,IND,23,17,Home,7,6,-225,185,-3.5,-115,-105,48.5,-108,-112,1,closed,fieldturf,,,00-0036971,00-0022942,Trevor Lawrence,Philip Rivers,Liam Coen,Shane Steichen,IND00,Lucas Oil Stadium,0.6620,0.3380,-200,+185,-4-105,+4-105,72.2,0.4169,0.5796,0.0033,27.57,20.93,48.50,-3.318,3.318,-2.37,2.13
401772916,2025,REG,17,2025-12-28,Sunday,13:00,TB,MIA,17,20,Home,7,7,-250,205,-5.5,-108,-112,44.5,-118,-102,0,outdoors,grass,80,3,00-0034855,00-0040234,Baker Mayfield,Quinn Ewers,Todd Bowles,Mike McDaniel,MIA00,Hard Rock Stadium,0.6650,0.3350,-240,+210,-5½-108,+5½-108,36.713,0.3081,0.6894,0.0024,29.41,14.59,44.00,-7.408,7.408,-9.628,-1.258
401772952,2025,REG,17,2025-12-28,Sunday,13:00,SEA,CAR,27,10,Home,10,7,-305,245,-6.5,-118,-102,42.5,-110,-110,0,outdoors,grass,43,2,00-0034869,00-0039150,Sam Darnold,Bryce Young,Mike Macdonald,Dave Canales,CAR00,Bank of America Stadium,0.7760,0.2240,-300,+275,-6½-108,+7-120,53.888,0.3027,0.6947,0.0024,28.69,14.31,43.00,-7.192,7.192,-4.027,4.971
401772954,2025,REG,17,2025-12-28,Sunday,13:00,ARI,CIN,14,37,Home,7,7,275,-345,7,-110,-110,52.5,-105,-115,0,outdoors,fieldturf,65,9,00-0033119,00-0036442,Jacoby Brissett,Joe Burrow,Jonathan Gannon,Zac Taylor,CIN00,Paycor Stadium,0.3070,0.6930,+290,-325,+7-105,-7-108,54.841,0.6579,0.3393,0.0027,20.48,32.52,53.00,6.019,-6.019,1.094,-4.139
401772950,2025,REG,17,2025-12-28,Sunday,16:05,NYG,LV,34,10,Home,7,7,-162,136,-3,-102,-118,40.5,-112,-108,0,dome,grass,,,00-0040691,00-0030565,Jaxson Dart,Geno Smith,Brian Daboll,Pete Carroll,VEG00,Allegiant Stadium,0.5520,0.4480,-150,+145,-2½-110,+3-110,19.834,0.4468,0.5495,0.0035,22.05,18.45,40.50,-1.803,1.803,-6.487,-3.224
401772917,2025,REG,17,2025-12-28,Sunday,16:25,PHI,BUF,13,12,Home,8,7,142,-170,3,-108,-112,45.5,-115,-105,0,outdoors,a_turf,38,6,00-0036389,00-0034857,Jalen Hurts,Josh Allen,Nick Sirianni,Sean McDermott,BUF00,New Era Field,0.4500,0.5500,+165,-170,+3+105,-3-105,81.644,0.4893,0.5067,0.0039,22.47,22.53,45.00,0.03,-0.03,2.99,4.453
401772935,2025,REG,17,2025-12-28,Sunday,20:20,CHI,SF,38,42,Home,8,6,170,-205,3.5,-105,-115,51.5,-112,-108,0,outdoors,grass,53,5,00-0039918,00-0037834,Caleb Williams,Brock Purdy,Ben Johnson,Kyle Shanahan,SFO01,Levi's Stadium,0.4010,0.5990,+190,-210,+3½+100,-4-105,68.635,0.6111,0.3857,0.0031,21.38,30.12,51.50,4.372,-4.372,3.627,0.431
401772825,2025,REG,17,2025-12-29,Monday,20:15,LA,ATL,24,27,Home,11,8,-380,300,-7.5,-102,-118,48.5,-105,-115,0,closed,fieldturf,,,00-0026498,00-0029604,Matthew Stafford,Kirk Cousins,Sean McVay,Raheem Morris,ATL97,Mercedes-Benz Stadium,0.7820,0.2180,-330,+310,-7-105,+7½-120,63.119,0.2596,0.7382,0.0020,33.68,15.32,49.00,-9.177,9.177,-3.738,7.03
401772969,2025,REG,18,2026-01-03,Saturday,16:30,CAR,TB,14,16,Home,6,6,130,-155,3,-115,-105,43.5,-118,-102,1,outdoors,grass,69,11,00-0039150,00-0034855,Bryce Young,Baker Mayfield,Dave Canales,Todd Bowles,TAM00,Raymond James Stadium,0.4040,0.5960,+145,-155,+3-105,-3-105,35.045,0.6245,0.3725,0.0029,16.63,25.87,42.50,4.618,-4.618,-1.521,-4.576
401772961,2025,REG,18,2026-01-03,Saturday,20:00,SEA,SF,13,3,Home,6,6,-148,124,-2.5,-120,100,47.5,-105,-115,1,outdoors,grass,57,8,00-0034869,00-0037834,Sam Darnold,Brock Purdy,Mike Macdonald,Kyle Shanahan,SFO01,Levi's Stadium,0.5560,0.4440,-140,+135,-3+105,+3-110,82.065,0.4893,0.5067,0.0039,24.12,24.39,48.50,0.135,-0.135,3.805,5.284
401772962,2025,REG,18,2026-01-04,Sunday,13:00,IND,HOU,30,38,Home,7,8,400,-535,9.5,-110,-110,37.5,-108,-112,1,closed,astroturf,,,00-0040206,00-0039163,Riley Leonard,C.J. Stroud,Shane Steichen,DeMeco Ryans,HOU00,NRG Stadium,0.1780,0.8220,+425,-545,+10-110,-9½-108,75.771,0.6880,0.3094,0.0024,11.51,25.99,37.50,7.242,-7.242,3.234,-2.589
401772963,2025,REG,18,2026-01-04,Sunday,13:00,DAL,NYG,17,34,Home,10,7,-166,140,-3,-115,-105,50.5,-115,-105,1,outdoors,fieldturf,33,7,00-0033077,00-0040691,Dak Prescott,Jaxson Dart,Brian Schottenheimer,Brian Daboll,NYC01,MetLife Stadium,0.6880,0.3120,-160,+150,-3-110,+3+103,39.886,0.5087,0.4873,0.0039,24.50,25.50,50.00,0.502,-0.502,-1.372,-0.792
401772964,2025,REG,18,2026-01-04,Sunday,13:00,CLE,CIN,20,18,Home,7,7,350,-455,9.5,-112,-108,47.5,-118,-102,1,outdoors,fieldturf,37,0,00-0040668,00-0036442,Shedeur Sanders,Joe Burrow,Kevin Stefanski,Zac Taylor,CIN00,Paycor Stadium,0.1920,0.8080,+360,-420,+9½-108,-8-110,47.753,0.7998,0.1985,0.0015,11.12,35.88,47.00,12.384,-12.384,1.652,-9.962
401772966,2025,REG,18,2026-01-04,Sunday,13:00,NO,ATL,17,19,Home,7,6,170,-205,4.5,-115,-105,43.5,-112,-108,1,closed,fieldturf,,,00-0040743,00-0029604,Tyler Shough,Kirk Cousins,Kellen Moore,Raheem Morris,ATL97,Mercedes-Benz Stadium,0.3940,0.6060,+190,-200,+4½-108,-4-110,26.238,0.5308,0.4654,0.0037,20.17,23.33,43.50,1.582,-1.582,-2.977,-3.433
401772968,2025,REG,18,2026-01-04,Sunday,13:00,GB,MIN,3,16,Home,8,10,470,-650,12.5,-108,-112,37.5,-118,-102,1,dome,sportturf,,,00-0038582,00-0039923,Clayton Tune,J.J. McCarthy,Matt LaFleur,Kevin O'Connell,MIN01,U.S. Bank Stadium,0.3790,0.6210,+500,-560,+13½-108,-12½-110,63.208,0.3871,0.6097,0.0031,22.68,14.33,37.00,-4.175,4.175,-7.269,-1.736
401772970,2025,REG,18,2026-01-04,Sunday,13:00,TEN,JAX,7,41,Home,7,7,525,-750,12.5,-110,-110,46.5,-112,-108,1,outdoors,grass,55,8,00-0040676,00-0036971,Cam Ward,Trevor Lawrence,Brian Callahan,Liam Coen,JAX00,TIAA Bank Stadium,0.1460,0.8540,+675,-750,+13-108,-12½-110,37.241,0.7690,0.2290,0.0018,11.83,34.17,46.00,11.169,-11.169,2.122,-8.008
401772955,2025,REG,18,2026-01-04,Sunday,16:25,ARI,LA,20,37,Home,7,6,800,-1350,14.5,-115,-105,49.5,-108,-112,1,dome,matrixturf,,,00-0033119,00-0026498,Jacoby Brissett,Matthew Stafford,Jonathan Gannon,Sean McVay,LAX01,SoFi Stadium,0.1920,0.8080,+800,-1200,+14-105,-14-108,68.193,0.7831,0.2151,0.0017,12.53,36.47,49.00,11.974,-11.974,6.426,-4.737
401772956,2025,REG,18,2026-01-04,Sunday,16:25,LAC,DEN,3,19,Home,8,10,900,-1600,14.5,-108,-112,37.5,-105,-115,1,outdoors,grass,66,8,00-0037012,00-0039732,Trey Lance,Bo Nix,Jim Harbaugh,Sean Payton,DEN00,Empower Field at Mile High,0.1440,0.8560,+900,-1200,+15½-105,-14½-110,73.031,0.7001,0.2974,0.0023,11.10,26.40,37.50,7.653,-7.653,2.84,-3.759
401772957,2025,REG,18,2026-01-04,Sunday,16:25,KC,LV,12,14,Home,10,7,-225,185,-3.5,-112,-108,36.5,-118,-102,1,dome,grass,,,00-0037324,00-0038102,Chris Oladokun,Kenny Pickett,Andy Reid,Pete Carroll,VEG00,Allegiant Stadium,0.6700,0.3300,-185,+170,-3½+100,+3½-110,47.185,0.3791,0.6178,0.0030,22.12,13.38,35.50,-4.369,4.369,-7.154,-1.491
401772958,2025,REG,18,2026-01-04,Sunday,16:25,MIA,NE,10,38,Home,7,7,650,-1000,14,-112,-108,44.5,-112,-108,1,outdoors,fieldturf,29,6,00-0040234,00-0039851,Quinn Ewers,Drake Maye,Mike McDaniel,Mike Vrabel,BOS00,Gillette Stadium,0.1470,0.8530,+750,-1100,+14½-105,-14½-108,48.387,0.8005,0.1978,0.0015,9.45,34.55,44.00,12.547,-12.547,1.907,-9.311
401772959,2025,REG,18,2026-01-04,Sunday,16:25,WAS,PHI,24,17,Home,10,7,150,-180,3,-105,-115,38.5,-108,-112,1,outdoors,grass,35,9,00-0026300,00-0038400,Josh Johnson,Tanner McKee,Dan Quinn,Nick Sirianni,PHI00,Lincoln Financial Field,0.4000,0.6000,+160,-170,+3½-110,-3½+100,62.428,0.7262,0.2715,0.0021,10.17,28.83,39.00,9.327,-9.327,4.293,-3.668
401772965,2025,REG,18,2026-01-04,Sunday,16:25,DET,CHI,19,16,Home,10,7,150,-180,3.5,-110,-110,51.5,-115,-105,1,outdoors,grass,33,4,00-0033106,00-0039918,Jared Goff,Caleb Williams,Dan Campbell,Ben Johnson,CHI98,Soldier Field,0.4310,0.5690,+160,-165,+3½-120,-3-108,68.686,0.4415,0.5548,0.0035,27.39,23.61,51.00,-1.889,1.889,0.56,3.832
401772967,2025,REG,18,2026-01-04,Sunday,16:25,NYJ,BUF,8,35,Home,7,7,550,-800,12.5,-112,-108,39.5,-115,-105,1,outdoors,a_turf,27,13,00-0040398,00-0033869,Brady Cook,Mitchell Trubisky,Aaron Glenn,Sean McDermott,BUF00,New Era Field,0.1130,0.8870,+600,-700,+13½-110,-13-108,40.658,0.9076,0.0916,0.0007,0.04,39.46,39.50,19.71,-19.71,3.158,-14.825
401772960,2025,REG,18,2026-01-04,Sunday,20:20,BAL,PIT,24,26,Home,8,7,-225,185,-4.5,-105,-115,41.5,-110,-110,1,outdoors,grass,25,3,00-0034796,00-0023459,Lamar Jackson,Aaron Rodgers,John Harbaugh,Mike Tomlin,PIT00,Acrisure Stadium,0.6490,0.3510,-240,+215,-4½-105,+4½-105,65.938,0.4096,0.5870,0.0032,23.62,17.88,41.50,-2.871,2.871,-0.452,3.718
401772979,2025,WC,19,2026-01-10,Saturday,16:30,LA,CAR,34,31,Home,6,7,-550,410,-10,-108,-112,44.5,-108,-112,0,outdoors,grass,72,16,00-0026498,00-0039150,Matthew Stafford,Bryce Young,Sean McVay,Dave Canales,CAR00,Bank of America Stadium,0.7900,0.2100,-550,+435,-10-105,+10-105,57.274,0.2646,0.7353,0.0000,31.93,13.07,45.00,-9.429,9.429,-4.45,6.466
401772981,2025,WC,19,2026-01-10,Saturday,20:00,GB,CHI,27,31,Home,6,6,-135,114,-2.5,-108,-112,45.5,-115,-105,1,outdoors,grass,32,6,00-0036264,00-0039918,Jordan Love,Caleb Williams,Matt LaFleur,Ben Johnson,CHI98,Soldier Field,0.4590,0.5410,-130,+115,-2-105,+2-105,68.406,0.4566,0.5433,0.0000,24.97,21.53,46.50,-1.716,1.716,0.654,3.699
401772977,2025,WC,19,2026-01-11,Sunday,13:00,BUF,JAX,27,24,Home,7,7,102,-122,1.5,-110,-110,51.5,-112,-108,0,outdoors,grass,62,6,00-0034857,00-0036971,Josh Allen,Trevor Lawrence,Sean McDermott,Liam Coen,JAX00,TIAA Bank Stadium,0.4270,0.5730,+118,-125,+2½-110,-1½-110,75.325,0.5020,0.4980,0.0000,25.13,25.87,51.00,0.366,-0.366,2.67,3.223
401772980,2025,WC,19,2026-01-11,Sunday,16:30,SF,PHI,23,19,Home,8,7,215,-265,6,-115,-105,44.5,-115,-105,0,outdoors,grass,46,22,00-0037834,00-0036389,Brock Purdy,Jalen Hurts,Kyle Shanahan,Nick Sirianni,PHI00,Lincoln Financial Field,0.3920,0.6080,+210,-240,+6-110,-5½-105,77.701,0.5686,0.4313,0.0000,19.88,24.62,44.50,2.367,-2.367,3.841,2.986
401772978,2025,WC,19,2026-01-11,Sunday,20:00,LAC,NE,3,16,Home,7,7,164,-198,3.5,-105,-115,45.5,-108,-112,0,outdoors,fieldturf,35,10,00-0036355,00-0039851,Justin Herbert,Drake Maye,Jim Harbaugh,Mike Vrabel,BOS00,Gillette Stadium,0.3920,0.6080,+175,-190,+3½-105,-3½-105,71.89,0.5473,0.4526,0.0000,21.32,24.18,45.50,1.427,-1.427,2.417,2.055
401772976,2025,WC,19,2026-01-12,Monday,20:00,HOU,PIT,30,6,Home,8,8,-155,130,-3,-105,-115,38.5,-115,-105,0,outdoors,grass,32,9,00-0039163,00-0023459,C.J. Stroud,Aaron Rodgers,DeMeco Ryans,Mike Tomlin,PIT00,Acrisure Stadium,0.6120,0.3880,-150,+140,-3+102,+3-110,63.471,0.4460,0.5540,0.0000,20.96,17.54,38.50,-1.707,1.707,-0.19,3.127
401772982,2025,DIV,20,2026-01-17,Saturday,16:30,BUF,DEN,30,33,Home,6,13,100,-120,1.5,-112,-108,45.5,-112,-108,0,outdoors,grass,36,5,00-0034857,00-0039732,Josh Allen,Bo Nix,Sean McDermott,Sean Payton,DEN00,Empower Field at Mile High,0.4390,0.5610,+108,-115,+1½-105,-1-110,76.016,0.5133,0.4866,0.0000,22.25,23.25,45.50,0.504,-0.504,2.561,3.297
401772984,2025,DIV,20,2026-01-17,Saturday,20:00,SF,SEA,6,41,Home,6,14,245,-305,6.5,-102,-118,44.5,-118,-102,1,outdoors,fieldturf,46,5,00-0037834,00-0034869,Brock Purdy,Sam Darnold,Kyle Shanahan,Mike Macdonald,SEA00,Lumen Field,0.2110,0.7890,+260,-295,+6½+105,-7+100,82.741,0.5949,0.4050,0.0000,18.39,25.62,44.00,3.615,-3.615,5.833,3.339
401772983,2025,DIV,20,2026-01-18,Sunday,15:00,HOU,NE,16,28,Home,6,7,150,-180,3,102,-122,40.5,-105,-115,0,outdoors,fieldturf,35,2,00-0039163,00-0039851,C.J. Stroud,Drake Maye,DeMeco Ryans,Mike Vrabel,BOS00,Gillette Stadium,0.4140,0.5860,+165,-175,+3½-110,-3-115,76.183,0.5086,0.4913,0.0000,19.92,21.08,41.00,0.584,-0.584,2.727,3.739
401772985,2025,DIV,20,2026-01-18,Sunday,18:30,LA,CHI,20,17,Home,8,8,-205,170,-3.5,-118,-102,49.5,-110,-110,0,outdoors,grass,19,6,00-0026498,00-0039918,Matthew Stafford,Caleb Williams,Sean McVay,Ben Johnson,CHI98,Soldier Field,0.6540,0.3460,-200,+195,-3½-110,+5-110,74.622,0.3873,0.6126,0.0000,28.90,20.10,49.00,-4.399,4.399,0.498,6.206
401772986,2025,CON,21,2026-01-25,Sunday,15:00,NE,DEN,10,7,Home,7,8,-205,170,-3.5,-115,-105,43.5,-118,-102,0,outdoors,grass,26,10,00-0039851,00-0035264,Drake Maye,Jarrett Stidham,Mike Vrabel,Sean Payton,DEN00,Empower Field at Mile High,0.5790,0.4210,-195,+185,-3½+100,+3½-105,73.7,0.4120,0.5880,0.0000,24.94,18.07,43.00,-3.435,3.435,-2.101,2.887
401772987,2025,CON,21,2026-01-25,Sunday,18:30,LA,SEA,27,31,Home,7,8,120,-142,2.5,-115,-105,45.5,-105,-115,1,outdoors,fieldturf,41,2,00-0026498,00-0034869,Matthew Stafford,Sam Darnold,Sean McVay,Mike Macdonald,SEA00,Lumen Field,0.4350,0.5650,+120,-125,+2½-105,-2½+100,91.816,0.5454,0.4545,0.0000,21.47,24.53,46.00,1.528,-1.528,6.917,6.174
401772988,2025,SB,22,2026-02-08,Sunday,18:30,SEA,NE,29,13,Neutral,14,14,-238,195,-4.5,-115,-105,45.5,-115,-105,0,outdoors,grass,67,7,00-0034869,00-0039851,Sam Darnold,Drake Maye,Mike Macdonald,Mike Vrabel,SFO01,Levi's Stadium,0.6710,0.3290,-210,+200,-4½+100,+4½-105,83.451,0.4057,0.5942,0.0000,26.14,18.86,45.00,-3.643,3.643,2.644,7.021
