game_id,season,game_type,week,gameday,weekday,gametime,away_team,home_team,away_score,home_score,location,away_rest,home_rest,away_moneyline,home_moneyline,spread_line,away_spread_odds,home_spread_odds,total_line,under_odds,over_odds,div_game,roof,surface,temp,wind,away_qb_id,home_qb_id,away_qb_name,home_qb_name,away_coach,home_coach,stadium_id,stadium,drat_away_prob,drat_home_prob,drat_away_moneyline,drat_home_moneyline,drat_away_spread,drat_home_spread,epred_matchupQuality,epred_home_prob,epred_away_prob,epred_tie_prob,epred_away_projected_pts,epred_home_projected_pts,epred_total_projected_pts,epred_home_PtDiff,epred_away_PtDiff,epred_home_rating,epred_away_rating,hist_odds_total,hist_home_spread,hist_away_spread,hist_surface,hist_weather_icon,hist_temperature,hist_precip_probability,hist_precip_type,hist_wind_speed,hist_wind_bearing,margin,total_points,home_win,home_ats_margin,home_ats_result,total_result,home_off_epa_per_play,home_def_epa_per_play,home_off_success_rate,home_def_success_rate,home_yards_per_play,home_yards_per_play_allowed,home_points_per_drive,home_points_per_drive_allowed,home_red_zone_td_rate,home_red_zone_td_rate_allowed,home_early_down_epa,home_third_down_conversion_rate,away_off_epa_per_play,away_def_epa_per_play,away_off_success_rate,away_def_success_rate,away_yards_per_play,away_yards_per_play_allowed,away_points_per_drive,away_points_per_drive_allowed,away_red_zone_td_rate,away_red_zone_td_rate_allowed,away_early_down_epa,away_third_down_conversion_rate,off_epa_per_play_diff,def_epa_per_play_diff,off_success_rate_diff,def_success_rate_diff,yards_per_play_diff,yards_per_play_allowed_diff,points_per_drive_diff,points_per_drive_allowed_diff,red_zone_td_rate_diff,red_zone_td_rate_allowed_diff,early_down_epa_diff,third_down_conversion_rate_diff,home_qb_epa_per_play,home_qb_cpoe,home_qb_air_yards,home_qb_sack_rate,home_qb_interception_rate,home_qb_fumble_rate,away_qb_epa_per_play,away_qb_cpoe,away_qb_air_yards,away_qb_sack_rate,away_qb_interception_rate,away_qb_fumble_rate,qb_epa_per_play_diff,qb_cpoe_diff,qb_air_yards_diff,qb_sack_rate_diff,qb_interception_rate_diff,qb_fumble_rate_diff,rest_diff,miles_traveled,time_zones_crossed,east_to_west,west_to_east,international_flag,neutral_site_flag,home_inj_out_count,away_inj_out_count,inj_out_count_diff,home_inj_doubtful_count,away_inj_doubtful_count,inj_doubtful_count_diff,home_inj_questionable_count,away_inj_questionable_count,inj_questionable_count_diff,home_inj_starter_out_count,away_inj_starter_out_count,inj_starter_out_count_diff,home_inj_top2_depth_out_count,away_inj_top2_depth_out_count,inj_top2_depth_out_count_diff,home_inj_qb1_out,away_inj_qb1_out,inj_qb1_out_diff,home_inj_ol_starter_out_count,away_inj_ol_starter_out_count,inj_ol_starter_out_count_diff,home_inj_skill_starter_out_count,away_inj_skill_starter_out_count,inj_skill_starter_out_count_diff,home_inj_front7_starter_out_count,away_inj_front7_starter_out_count,inj_front7_starter_out_count_diff,home_inj_secondary_starter_out_count,away_inj_secondary_starter_out_count,inj_secondary_starter_out_count_diff,home_inj_offense_unavailable_snap_share,away_inj_offense_unavailable_snap_share,inj_offense_unavailable_snap_share_diff,home_inj_defense_unavailable_snap_share,away_inj_defense_unavailable_snap_share,inj_defense_unavailable_snap_share_diff,home_depth_starter_changes,away_depth_starter_changes,depth_starter_changes_diff
401326322,2021,REG,1,2021-09-09,Thursday,20:20,DAL,TB,29,31,Home,7,7,351,-425,10.0,-121,110,52.5,-108,-103,0,outdoors,grass ,82.0,9.0,00-0033077,00-0019596,Dak Prescott,Tom Brady,Mike McCarthy,Bruce Arians,TAM00,Raymond James Stadium,0.3,0.7,375,-430,+9½-110,-9-110,84.938,0.6995,0.298,0.0023,18.68,33.82,52.5,7.572,-7.572,8.245,5.383,52.5,-9.5,9.5,Grass,Partly Cloudy Night,80.67,,,5.6,252.0,2,60,1,-8.0,LOSS,OVER,,,,,,,,,,,,,,,,,,,,,,,,,,,,,,,,,,,,,,,,,,,,,,,,,,,,,,,0,929.2,1.0,0,1,0,0,1,0,1,0,0,0,0,0,0,1,0,1,1,0,1,0,0,0,0,0,0,0,0,0,0,0,0,1,0,1,0,0,0,0.49,0,0.49,0,0,0
401326308,2021,REG,1,2021-09-12,Sunday,13:00,PIT,BUF,23,16,Home,7,7,232,-267,6.5,-110,-100,48.0,-114,103,0,outdoors,a_turf,73.0,17.0,00-0022924,00-0034857,Ben Roethlisberger,Josh Allen,Mike Tomlin,Sean McDermott,BUF00,New Era Field,0.328,0.672,240,-260,+6½-110,-6-110,59.88,0.6787,0.3187,0.0025,17.02,30.48,47.5,6.726,-6.726,8.594,-1.471,47.5,-6.5,6.5,Turf,Cloudy,68.67,8%,Rain,15.93,233.0,-7,39,0,-13.5,LOSS,UNDER,,,,,,,,,,,,,,,,,,,,,,,,,,,,,,,,,,,,,,,,,,,,,,,,,,,,,,,0,172.9,0.0,0,1,0,0,1,0,1,0,0,0,1,1,0,1,0,1,1,0,1,0,0,0,0,0,0,0,0,0,1,0,1,0,0,0,0,0,0,0,0,0,0,0,0
401326309,2021,REG,1,2021-09-12,Sunday,13:00,NYJ,CAR,14,19,Home,7,7,164,-184,3.5,-108,-102,44.5,-107,-104,0,outdoors,grass ,81.0,0.0,00-0037013,00-0034869,Zach Wilson,Sam Darnold,Robert Saleh,Matt Rhule,CAR00,Bank of America Stadium,0.359,0.641,165,-174,+3½-110,-3½+100,17.62,0.6574,0.3398,0.0027,16.37,28.14,44.5,5.885,-5.885,-4.474,-8.791,44.5,-3.5,3.5,Grass,Clear Day,82.57,,,4.8,237.0,5,33,1,1.5,WIN,UNDER,,,,,,,,,,,,,,,,,,,,,,,,,,,,,,,,,,,,,,,,,,,,,,,,,,,,,,,0,533.7,0.0,1,0,0,0,1,1,0,0,0,0,0,2,-2,0,0,0,1,0,1,0,0,0,0,0,0,0,0,0,0,0,0,0,0,0,0,0,0,0,0.45,-0.45,0,0,0
401326310,2021,REG,1,2021-09-12,Sunday,13:00,JAX,HOU,21,37,Home,7,7,-172,154,-3.5,103,-113,45.5,-107,-104,1,closed,astroturf,,,00-0036971,00-0028118,Trevor Lawrence,Tyrod Taylor,Urban Meyer,David Culley,HOU00,NRG Stadium,0.554,0.446,-165,152,-3-120,+3½-110,2.446,0.477,0.5191,0.0038,23.51,21.99,45.5,-0.758,0.758,-9.988,-8.536,45.5,3.5,-3.5,Dome,,,,,,,16,58,1,19.5,WIN,OVER,,,,,,,,,,,,,,,,,,,,,,,,,,,,,,,,,,,,,,,,,,,,,,,,,,,,,,,0,824.8,1.0,1,0,0,0,2,1,1,0,0,0,2,2,0,0,0,0,1,1,0,0,0,0,0,0,0,0,0,0,0,0,0,0,0,0,1,0,1,1,1,0,0,0,0
401326311,2021,REG,1,2021-09-12,Sunday,13:00,ARI,TEN,38,13,Home,7,7,131,-146,2.5,105,-116,54.0,-103,-108,0,outdoors,grass ,82.0,8.0,00-0035228,00-0029701,Kyler Murray,Ryan Tannehill,Kliff Kingsbury,Mike Vrabel,NAS00,Nissan Stadium,0.402,0.598,130,-145,+3-120,-2½-110,69.642,0.6357,0.3613,0.0029,21.95,32.05,54.0,5.047,-5.047,1.585,3.688,54.0,-2.5,2.5,Grass,Clear Day,83.09,,,6.7,203.0,-25,51,0,-27.5,LOSS,UNDER,,,,,,,,,,,,,,,,,,,,,,,,,,,,,,,,,,,,,,,,,,,,,,,,,,,,,,,0,1452.7,2.0,0,1,0,0,1,2,-1,0,0,0,4,0,4,0,0,0,1,0,1,0,0,0,0,0,0,0,0,0,0,0,0,0,0,0,0,0,0,0.97,0.3,0.67,0,0,0
401326312,2021,REG,1,2021-09-12,Sunday,13:00,LAC,WAS,20,16,Home,7,7,117,-129,2.5,-109,-101,45.5,-115,103,0,outdoors,grass ,81.0,4.0,00-0036355,00-0023682,Justin Herbert,Ryan Fitzpatrick,Brandon Staley,Ron Rivera,WAS00,FedExField,0.41,0.59,120,-130,+2-110,-2-110,49.024,0.593,0.4037,0.0032,19.31,26.19,45.5,3.444,-3.444,-2.037,1.79,45.5,-2.0,2.0,Grass,Clear Day,80.67,,,7.93,174.0,-4,36,0,-6.5,LOSS,UNDER,,,,,,,,,,,,,,,,,,,,,,,,,,,,,,,,,,,,,,,,,,,,,,,,,,,,,,,0,2310.9,3.0,0,1,0,0,0,1,-1,0,0,0,0,1,-1,0,0,0,0,0,0,0,0,0,0,0,0,0,0,0,0,0,0,0,0,0,0,0,0,0,0.14,-0.14,0,0,0
401326315,2021,REG,1,2021-09-12,Sunday,13:00,PHI,ATL,32,6,Home,7,7,161,-180,3.5,-109,-101,49.0,-108,-103,0,open,fieldturf,,,00-0036389,00-0026143,Jalen Hurts,Matt Ryan,Nick Sirianni,Arthur Smith,ATL97,Mercedes-Benz Stadium,0.358,0.642,160,-170,+3½-110,-3-120,28.52,0.6321,0.3649,0.0029,19.34,29.16,48.5,4.908,-4.908,-5.502,0.155,48.5,-3.5,3.5,Dome,,,,,,,-26,38,0,-29.5,LOSS,UNDER,,,,,,,,,,,,,,,,,,,,,,,,,,,,,,,,,,,,,,,,,,,,,,,,,,,,,,,0,663.5,0.0,1,0,0,0,0,2,-2,0,0,0,0,1,-1,0,0,0,0,0,0,0,0,0,0,0,0,0,0,0,0,0,0,0,0,0,0,0,0,0,0.56,-0.56,0,0,0
401326316,2021,REG,1,2021-09-12,Sunday,13:00,MIN,CIN,24,27,Home,7,7,-135,122,-3.0,109,-120,47.0,102,-114,0,outdoors,fieldturf,81.0,15.0,00-0029604,00-0036442,Kirk Cousins,Joe Burrow,Mike Zimmer,Zac Taylor,CIN00,Paul Brown Stadium,0.618,0.382,-145,135,-3+100,+3-110,59.262,0.4685,0.5277,0.0037,24.57,22.43,47.0,-1.068,1.068,1.619,0.988,47.0,3.0,-3.0,Turf,Clear Day,82.26,,,11.76,226.0,3,51,1,6.0,WIN,OVER,,,,,,,,,,,,,,,,,,,,,,,,,,,,,,,,,,,,,,,,,,,,,,,,,,,,,,,0,604.5,1.0,0,1,0,0,1,2,-1,0,0,0,0,0,0,1,1,0,1,2,-1,0,0,0,0,0,0,0,0,0,0,1,-1,1,0,1,0,0,0,0,0.22,-0.22,0,0,0
401326317,2021,REG,1,2021-09-12,Sunday,13:00,SF,DET,41,33,Home,7,7,-415,344,-9.5,-105,-105,46.0,-103,-108,0,dome,fieldturf,,,00-0031345,00-0033106,Jimmy Garoppolo,Jared Goff,Kyle Shanahan,Dan Campbell,DET00,Ford Field,0.715,0.285,-420,370,-9-110,+9½-110,43.489,0.3817,0.6152,0.003,27.27,18.73,46.0,-4.27,4.27,-6.039,4.407,46.0,9.5,-9.5,Dome,,,,,,,-8,74,0,1.5,WIN,OVER,,,,,,,,,,,,,,,,,,,,,,,,,,,,,,,,,,,,,,,,,,,,,,,,,,,,,,,0,2073.6,3.0,0,1,0,0,1,1,0,0,2,-2,4,1,3,0,0,0,0,0,0,0,0,0,0,0,0,0,0,0,0,0,0,0,0,0,1,0,1,0,0,0,0,0,0
401326318,2021,REG,1,2021-09-12,Sunday,13:00,SEA,IND,28,16,Home,7,7,-146,132,-3.0,106,-117,49.0,-105,-106,0,closed,fieldturf,,,00-0029263,00-0032950,Russell Wilson,Carson Wentz,Pete Carroll,Frank Reich,IND00,Lucas Oil Stadium,0.484,0.516,-144,140,-2½-110,+3-110,65.342,0.5268,0.4694,0.0037,23.47,25.54,49.0,1.035,-1.035,2.217,2.373,49.0,3.0,-3.0,Dome,,,,,,,-12,44,0,-9.0,LOSS,UNDER,,,,,,,,,,,,,,,,,,,,,,,,,,,,,,,,,,,,,,,,,,,,,,,,,,,,,,,0,1867.6,3.0,0,1,0,0,3,0,3,0,0,0,2,0,2,0,0,0,2,0,2,0,0,0,0,0,0,0,0,0,0,0,0,0,0,0,0.74,0,0.74,1.08,0,1.08,0,0,0
401326313,2021,REG,1,2021-09-12,Sunday,16:25,MIA,NE,17,16,Home,7,7,155,-173,3.5,-113,102,43.5,-114,103,1,outdoors,fieldturf,81.0,15.0,00-0036212,00-0036972,Tua Tagovailoa,Mac Jones,Brian Flores,Bill Belichick,BOS00,Gillette Stadium,0.365,0.635,170,-185,+3½-110,-3½+100,57.213,0.5992,0.3975,0.0031,17.82,25.18,43.0,3.676,-3.676,4.991,-1.285,43.0,-3.5,3.5,Turf,Partly Cloudy Day,79.26,,,10.84,225.0,-1,33,0,-4.5,LOSS,UNDER,,,,,,,,,,,,,,,,,,,,,,,,,,,,,,,,,,,,,,,,,,,,,,,,,,,,,,,0,1225.7,0.0,0,1,0,0,1,0,1,0,0,0,4,2,2,0,0,0,0,0,0,0,0,0,0,0,0,0,0,0,0,0,0,0,0,0,0.02,0,0.02,0,0,0,0,0,0
401326314,2021,REG,1,2021-09-12,Sunday,16:25,CLE,KC,29,33,Home,7,7,211,-241,5.5,-101,-110,54.5,-107,-105,0,outdoors,grass ,88.0,8.0,00-0034855,00-0033873,Baker Mayfield,Patrick Mahomes,Kevin Stefanski,Andy Reid,KAN00,GEHA Field at Arrowhead Stadium,0.256,0.744,205,-235,+5½-110,-5-110,64.669,0.6764,0.3209,0.0025,20.62,33.88,54.5,6.634,-6.634,6.216,0.372,54.5,-5.5,5.5,Grass,Clear Day,89.78,,,5.26,142.0,4,62,1,-1.5,LOSS,OVER,,,,,,,,,,,,,,,,,,,,,,,,,,,,,,,,,,,,,,,,,,,,,,,,,,,,,,,0,694.2,1.0,1,0,0,0,1,2,-1,0,0,0,3,6,-3,0,0,0,1,2,-1,0,0,0,0,0,0,0,0,0,0,0,0,0,0,0,1,0.79,0.21,0,0,0,0,0,0
401326319,2021,REG,1,2021-09-12,Sunday,16:25,GB,NO,3,38,Neutral,7,7,-181,162,-4.0,103,-114,49.0,-110,-102,0,outdoors,grass ,86.0,9.0,00-0023459,00-0031503,Aaron Rodgers,Jameis Winston,Matt LaFleur,Sean Payton,JAX00,TIAA Bank Stadium,0.644,0.356,-185,175,-3½-110,+3½+100,79.759,0.4452,0.5511,0.0035,26.42,22.59,49.0,-1.915,1.915,2.593,5.281,49.0,3.5,-3.5,Grass,,,,,,,35,41,1,39.0,WIN,UNDER,,,,,,,,,,,,,,,,,,,,,,,,,,,,,,,,,,,,,,,,,,,,,,,,,,,,,,,0,1011.4,0.0,1,0,0,1,2,1,1,0,0,0,2,2,0,0,0,0,0,1,-1,0,0,0,0,0,0,0,0,0,0,0,0,0,0,0,0.52,0,0.52,0.02,0,0.02,0,0,0
401326320,2021,REG,1,2021-09-12,Sunday,16:25,DEN,NYG,27,13,Home,7,7,-139,125,-3.0,109,-120,41.5,-105,-106,0,outdoors,fieldturf,82.0,19.0,00-0031237,00-0035710,Teddy Bridgewater,Daniel Jones,Vic Fangio,Joe Judge,NYC01,MetLife Stadium,0.544,0.456,-142,135,-2½-110,+3-115,29.629,0.5299,0.4663,0.0037,19.6,21.9,41.5,1.147,-1.147,-5.536,0.478,41.5,2.5,-2.5,Turf,Partly Cloudy Day,83.99,,,13.14,246.0,-14,40,0,-11.0,LOSS,UNDER,,,,,,,,,,,,,,,,,,,,,,,,,,,,,,,,,,,,,,,,,,,,,,,,,,,,,,,0,1624.4,2.0,0,1,0,0,1,0,1,0,0,0,2,1,1,1,0,1,1,0,1,0,0,0,0,0,0,1,0,1,0,0,0,0,0,0,0.76,0,0.76,0,0,0,0,0,0
401326323,2021,REG,1,2021-09-12,Sunday,20:20,CHI,LA,14,34,Home,7,7,324,-387,9.5,-108,-102,46.0,-107,-104,0,dome,matrixturf,,,00-0027973,00-0026498,Andy Dalton,Matthew Stafford,Matt Nagy,Sean McVay,LAX01,SoFi Stadium,0.252,0.748,358,-380,+9½-110,-8-110,51.645,0.7117,0.2859,0.0023,14.92,31.08,46.0,8.079,-8.079,5.989,-3.967,46.0,-9.5,9.5,Grass,Clear Day,79.06,,,5.31,240.0,20,48,1,10.5,WIN,OVER,,,,,,,,,,,,,,,,,,,,,,,,,,,,,,,,,,,,,,,,,,,,,,,,,,,,,,,0,1750.8,2.0,1,0,0,0,0,0,0,1,1,0,0,8,-8,0,0,0,0,0,0,0,0,0,0,0,0,0,0,0,0,0,0,0,0,0,0,0,0,0,0,0,0,0,0
401326321,2021,REG,1,2021-09-13,Monday,20:15,BAL,LV,27,33,Home,7,7,-167,149,-3.0,-116,105,50.5,-111,-100,0,dome,grass,,,00-0034796,00-0031280,Lamar Jackson,Derek Carr,John Harbaugh,Jon Gruden,VEG00,Allegiant Stadium,0.691,0.309,-160,147,-3-110,+3+100,44.407,0.4249,0.5716,0.0034,27.91,22.59,50.5,-2.659,2.659,-2.433,1.007,50.5,3.0,-3.0,Turf,,,,,,,6,60,1,9.0,WIN,OVER,,,,,,,,,,,,,,,,,,,,,,,,,,,,,,,,,,,,,,,,,,,,,,,,,,,,,,,0,2104.0,3.0,1,0,0,0,1,1,0,1,0,1,0,2,-2,1,1,0,1,1,0,0,0,0,1,0,1,0,0,0,0,1,-1,0,0,0,0.14,0,0.14,0,0.54,-0.54,0,0,0
401326127,2021,REG,2,2021-09-16,Thursday,20:20,NYG,WAS,29,30,Home,4,4,176,-198,4.0,-103,-107,42.0,-112,100,1,outdoors,grass ,71.0,0.0,00-0035710,00-0031800,Daniel Jones,Taylor Heinicke,Joe Judge,Ron Rivera,WAS00,FedExField,0.325,0.675,180,-200,+4-110,-4-110,24.496,0.5599,0.4366,0.0035,18.31,22.7,41.0,2.195,-2.195,-2.937,-5.536,41.0,-3.0,3.0,Grass,Rain,73.41,59%,Rain,3.32,6.0,1,59,1,-3.0,LOSS,OVER,-0.0987543364632257,0.1115086189624342,0.4081632653061224,0.48,5.285714285714286,5.693333333333333,1.7777777777777777,2.2222222222222223,0.5,0.2857142857142857,-0.0870289783149761,0.3,-0.028854600484728,0.2814392715579317,0.4385964912280701,0.4545454545454545,5.526315789473684,6.363636363636363,1.4444444444444444,3.375,0.5,0.5,-0.0322121469597775,0.5,-0.0698997359784977,-0.1699306525954975,-0.030433225921947693,0.025454545454545507,-0.24060150375939848,-0.67030303030303,0.33333333333333326,-1.1527777777777777,0.0,-0.2142857142857143,-0.054816831355198596,-0.2,0.3218086472847584,17.98243075609207,7.4,0.0,0.0,0.0,-0.0365243376704472,-3.498949400252766,8.27027027027027,0.0526315789473684,0.0,0.0,0.3583329849552056,21.481380156344837,-0.8702702702702698,-0.0526315789473684,0.0,0.0,0,198.1,0.0,1,0,0,0,0,3,-3,0,0,0,0,1,-1,0,2,-2,0,2,-2,0,0,0,0,1,-1,0,1,-1,0,0,0,0,0,0,0,0.28,-0.28,0,0,0,0,0,0
401326128,2021,REG,2,2021-09-19,Sunday,13:00,NO,CAR,7,26,Home,7,7,-145,131,-3.0,102,-113,45.0,-106,-105,1,outdoors,grass ,83.0,4.0,00-0031503,00-0034869,Jameis Winston,Sam Darnold,Sean Payton,Matt Rhule,CAR00,Bank of America Stadium,0.61,0.39,-150,132,-3+100,+3-110,42.257,0.3951,0.6016,0.0031,26.21,18.8,45.0,-3.705,3.705,-4.474,2.593,45.0,3.0,-3.0,Grass,Partly Cloudy Day,85.1,2%,Rain,6.46,106.0,19,33,1,22.0,WIN,UNDER,-0.0152473674439521,-0.1851975193726905,0.4333333333333333,0.3548387096774194,6.45,4.096774193548387,1.5833333333333333,1.1666666666666667,0.4,1.0,0.2428438547434305,0.2857142857142857,0.3212549344942745,-0.3893905805078941,0.5344827586206896,0.3653846153846153,5.568965517241379,4.403846153846154,4.222222222222222,0.3333333333333333,1.0,0.0,0.2515607014280723,0.5,-0.3365023019382266,0.2041930611352036,-0.10114942528735632,-0.010545905707195935,0.8810344827586212,-0.3070719602977672,-2.6388888888888893,0.8333333333333335,-0.6,1.0,-0.008716846684641788,-0.2142857142857143,0.0797855067539807,10.441611752365574,7.8,0.0277777777777777,0.0,0.0,0.8248403203947682,10.628601673402285,7.6,0.0,0.0,0.0,-0.7450548136407875,-0.18698992103671053,0.20000000000000018,0.0277777777777777,0.0,0.0,0,648.7,1.0,0,1,0,0,0,5,-5,0,0,0,0,4,-4,0,3,-3,0,4,-4,0,0,0,0,1,-1,0,0,0,0,2,-2,0,0,0,0,0.08,-0.08,0,1.06,-1.06,0,0,0
401326129,2021,REG,2,2021-09-19,Sunday,13:00,CIN,CHI,17,20,Home,7,7,114,-126,2.0,-105,-105,44.5,-107,-104,0,outdoors,grass ,80.0,0.0,00-0036442,00-0027973,Joe Burrow,Andy Dalton,Zac Taylor,Matt Nagy,CHI98,Soldier Field,0.403,0.597,110,-125,+2-110,-1½-110,40.292,0.5426,0.4537,0.0036,20.67,23.83,44.5,1.579,-1.579,-3.967,1.619,44.5,-2.0,2.0,Grass,Clear Day,80.81,,,5.02,132.0,3,37,1,1.0,WIN,UNDER,-0.0957387164513499,0.4444812196123265,0.5362318840579711,0.5,4.666666666666667,8.521739130434783,1.75,3.7777777777777777,0.6666666666666666,0.6666666666666666,0.1525161281277649,0.4545454545454545,-0.0298622331736652,0.0474100547836388,0.3880597014925373,0.4189189189189189,5.462686567164179,5.445945945945946,2.076923076923077,1.8461538461538465,0.75,1.0,0.0733934769342886,0.2142857142857142,-0.06587648327768471,0.3970711648286877,0.14817218256543374,0.08108108108108109,-0.7960199004975124,3.0757931844888375,-0.3269230769230771,1.9316239316239312,-0.08333333333333337,-0.33333333333333337,0.0791226511934763,0.24025974025974028,-0.2663175263569872,-5.006917056284453,4.289473684210527,0.073170731707317,0.024390243902439,0.024390243902439,0.128411858467077,11.101111769676208,8.148148148148149,0.1612903225806451,0.0,0.0,-0.39472938482406417,-16.108028825960663,-3.8586744639376214,-0.0881195908733281,0.024390243902439,0.024390243902439,0,251.2,1.0,1,0,0,0,1,2,-1,1,0,1,6,2,4,0,1,-1,1,2,-1,0,0,0,0,0,0,0,0,0,0,0,0,0,1,-1,0.22,0,0.22,0,0.25,-0.25,0,0,0
401326130,2021,REG,2,2021-09-19,Sunday,13:00,HOU,CLE,21,31,Home,7,7,521,-675,13.5,-103,-107,48.5,103,-115,0,outdoors,grass ,75.0,12.0,00-0028118,00-0034855,Tyrod Taylor,Baker Mayfield,David Culley,Kevin Stefanski,CLE00,FirstEnergy Stadium,0.197,0.803,600,-700,+14-110,-13-110,38.233,0.7971,0.2012,0.0016,12.44,36.06,48.5,11.807,-11.807,0.372,-9.988,48.5,-13.5,13.5,Grass,Clear Day,75.44,,,9.58,19.0,10,52,1,-3.5,LOSS,OVER,0.2751701959935262,0.3390620606822681,0.5964912280701754,0.4833333333333333,8.052631578947368,6.65,3.2222222222222223,3.6666666666666665,1.0,0.6666666666666666,0.3028357766917907,0.2857142857142857,0.1566737995571809,-0.0424449214119831,0.4189189189189189,0.4626865671641791,6.081081081081081,5.925373134328358,2.642857142857143,1.5,0.6666666666666666,1.0,-0.0145869886986955,0.5714285714285714,0.11849639643634532,0.38150698209425116,0.1775723091512565,0.020646766169154174,1.9715504978662874,0.7246268656716426,0.5793650793650795,2.1666666666666665,0.33333333333333337,-0.33333333333333337,0.3174227653904862,-0.2857142857142857,0.3590004153704891,14.24678486806375,10.142857142857142,0.0666666666666666,0.0333333333333333,0.0,0.4133412401245637,1.7178318463265891,9.636363636363637,0.0294117647058823,0.0,0.0,-0.05434082475407459,12.528953021737161,0.5064935064935057,0.03725490196078429,0.0333333333333333,0.0,0,1119.9,1.0,0,1,0,0,2,1,1,0,0,0,5,2,3,1,0,1,2,0,2,0,0,0,0,0,0,1,0,1,0,0,0,0,0,0,0.66,0,0.66,0,0,0,0,0,0
401326131,2021,REG,2,2021-09-19,Sunday,13:00,LA,IND,27,24,Home,7,7,-205,182,-4.0,-110,-100,48.0,-115,103,0,closed,fieldturf,,,00-0026498,00-0032950,Matthew Stafford,Carson Wentz,Sean McVay,Frank Reich,IND00,Lucas Oil Stadium,0.599,0.401,-210,190,-4-110,+4½-110,80.008,0.4403,0.556,0.0035,25.81,21.69,47.5,-2.059,2.059,2.217,5.989,47.5,4.0,-4.0,Dome,,,,,,,-3,51,0,1.0,WIN,OVER,-0.0962315419971866,0.1977419437717576,0.4444444444444444,0.490566037735849,4.666666666666667,7.188679245283019,1.4545454545454546,2.8,0.5,1.0,0.10978210333322,0.3846153846153846,0.4444812196123265,-0.0957387164513499,0.5,0.5362318840579711,8.521739130434783,4.666666666666667,3.7777777777777777,1.75,0.6666666666666666,0.6666666666666666,0.2889954269389688,0.5454545454545454,-0.5407127616095131,0.2934806602231075,-0.05555555555555558,-0.04566584632212206,-3.855072463768116,2.5220125786163523,-2.323232323232323,1.0499999999999998,-0.16666666666666663,0.33333333333333337,-0.1792133236057488,-0.16083916083916083,0.0073985867556307,1.080686960901532,5.473684210526316,0.073170731707317,0.0,0.0,0.6980954292316306,8.26362818479538,8.76923076923077,0.037037037037037,0.0,0.0,-0.6906968424759999,-7.182941223893848,-3.295546558704454,0.03613369467028,0.0,0.0,0,1813.1,3.0,0,1,0,0,2,0,2,0,0,0,7,0,7,1,0,1,2,0,2,0,0,0,1,0,1,0,0,0,0,0,0,0,0,0,1,0,1,0,0,0,0,0,0
401326132,2021,REG,2,2021-09-19,Sunday,13:00,DEN,JAX,23,13,Home,7,7,-241,211,-6.0,104,-115,45.0,-107,-104,0,outdoors,grass ,80.0,7.0,00-0031237,00-0036971,Teddy Bridgewater,Trevor Lawrence,Vic Fangio,Urban Meyer,JAX00,TIAA Bank Stadium,0.681,0.319,-260,230,-6-110,+6-110,19.899,0.3679,0.6291,0.0029,27.22,17.78,45.0,-4.717,4.717,-8.536,0.478,45.0,6.0,-6.0,Grass,Rain,82.11,50%,Rain,7.36,70.0,-10,36,0,-4.0,LOSS,UNDER,-0.0424449214119831,0.1566737995571809,0.4626865671641791,0.4189189189189189,5.925373134328358,6.081081081081081,1.5,2.642857142857143,1.0,0.6666666666666666,-0.109392164512114,0.2727272727272727,0.2814392715579317,-0.028854600484728,0.4545454545454545,0.4385964912280701,6.363636363636363,5.526315789473684,3.375,1.4444444444444444,0.5,0.5,-0.035118764546496,0.4666666666666667,-0.3238841929699148,0.18552840004190888,0.008141112618724633,-0.01967757230915118,-0.43826322930800554,0.5547652916073966,-1.875,1.1984126984126984,0.5,0.16666666666666663,-0.074273399965618,-0.19393939393939397,-0.0738084567740566,-11.99381411075592,8.156862745098039,0.0192307692307692,0.0576923076923076,0.0,0.614416498183907,15.41972313608442,8.666666666666666,0.0526315789473684,0.0,0.0,-0.6882249549579635,-27.41353724684034,-0.5098039215686274,-0.0334008097165992,0.0576923076923076,0.0,0,1468.3,2.0,0,1,0,0,1,0,1,0,1,-1,2,2,0,0,0,0,1,0,1,0,0,0,0,0,0,0,0,0,0,0,0,0,0,0,0,0,0,0,0,0,0,0,0
401326353,2021,REG,2,2021-09-19,Sunday,13:00,BUF,MIA,35,0,Home,7,7,-179,160,-3.5,103,-113,48.0,-103,-109,1,outdoors,grass ,89.0,7.0,00-0034857,00-0036212,Josh Allen,Tua Tagovailoa,Sean McDermott,Brian Flores,MIA00,Hard Rock Stadium,0.582,0.418,-182,175,-3½-105,+4-110,76.794,0.4936,0.5023,0.0039,24.15,23.85,48.0,-0.153,0.153,-1.285,8.594,48.0,3.5,-3.5,Grass,Partly Cloudy Day,88.11,6%,Rain,7.36,102.0,-35,35,0,-31.5,LOSS,UNDER,0.0326297079446963,0.0263704498949295,0.4693877551020408,0.4857142857142857,5.326530612244898,5.614285714285714,1.8888888888888888,2.0,1.0,0.25,0.1662418869494173,0.3636363636363636,-0.0983272195270913,-0.0608869484527659,0.4050632911392405,0.3846153846153846,4.69620253164557,4.903846153846154,1.4545454545454546,1.4166666666666667,0.25,0.25,-0.0272265469067296,0.4444444444444444,0.1309569274717876,0.0872573983476954,0.06432446396280028,0.10109890109890113,0.6303280805993285,0.7104395604395597,0.43434343434343425,0.5833333333333333,0.75,0.0,0.1934684338561469,-0.08080808080808083,0.0462790959946185,-4.562319428832443,9.296296296296296,0.0689655172413793,0.0344827586206896,0.0,-0.1128110407357394,-3.389572414259116,9.549019607843135,0.0555555555555555,0.0,0.0185185185185185,0.1590901367303579,-1.1727470145733268,-0.25272331154683947,0.013409961685823799,0.0344827586206896,-0.0185185185185185,0,1164.8,0.0,1,0,0,0,1,0,1,0,0,0,1,3,-2,0,0,0,0,0,0,0,0,0,0,0,0,0,0,0,0,0,0,0,0,0,0,0,0,0,0,0,0,0,0
401326354,2021,REG,2,2021-09-19,Sunday,13:00,NE,NYJ,25,6,Home,7,7,-235,207,-5.5,-105,-105,43.0,102,-113,1,outdoors,fieldturf,72.0,13.0,00-0036972,00-0037013,Mac Jones,Zach Wilson,Bill Belichick,Robert Saleh,NYC01,MetLife Stadium,0.67,0.33,-233,210,-5½-110,+6-110,38.93,0.3469,0.6502,0.0027,27.01,15.99,43.0,-5.514,5.514,-8.791,4.991,43.0,5.5,-5.5,Turf,Clear Day,76.14,,,9.1,8.0,-19,31,0,-13.5,LOSS,UNDER,-0.1851975193726905,-0.0152473674439521,0.3548387096774194,0.4333333333333333,4.096774193548387,6.45,1.1666666666666667,1.5833333333333333,1.0,0.4,-0.1611027016252693,0.3076923076923077,0.0263704498949295,0.0326297079446963,0.4857142857142857,0.4693877551020408,5.614285714285714,5.326530612244898,2.0,1.8888888888888888,0.25,1.0,-0.1165607041373193,0.6875,-0.21156796926762,-0.0478770753886484,-0.13087557603686634,-0.03605442176870749,-1.5175115207373269,1.1234693877551019,-0.8333333333333333,-0.3055555555555556,0.75,-0.6,-0.04454199748795,-0.3798076923076923,-0.1749609262799547,-9.881454623407787,9.72972972972973,0.1363636363636363,0.0227272727272727,0.0227272727272727,0.3133237957230713,7.5724271567244275,6.128205128205129,0.025,0.0,0.025,-0.488284722003026,-17.453881780132214,3.601524601524601,0.1113636363636363,0.0227272727272727,-0.0022727272727273012,0,170.2,0.0,1,0,0,0,0,2,-2,1,0,1,4,4,0,0,1,-1,0,2,-2,0,0,0,0,0,0,0,0,0,0,1,-1,0,0,0,0,0,0,0,0.65,-0.65,0,0,0
401326355,2021,REG,2,2021-09-19,Sunday,13:00,SF,PHI,17,11,Home,7,7,-144,130,-3.0,104,-115,49.0,-109,-102,0,outdoors,grass ,76.0,13.0,00-0031345,00-0036389,Jimmy Garoppolo,Jalen Hurts,Kyle Shanahan,Nick Sirianni,PHI00,Lincoln Financial Field,0.598,0.402,-140,135,-2½-110,+3-115,67.633,0.4681,0.5281,0.0037,25.57,23.44,49.0,-1.065,1.065,0.155,4.407,49.0,3.0,-3.0,Grass,Clear Day,76.93,,,7.63,9.0,-6,28,0,-3.0,LOSS,UNDER,0.2204582127005394,-0.2793893203381408,0.5970149253731343,0.34375,6.507462686567164,4.0625,2.909090909090909,0.5,0.8,0.0,0.418137137780386,0.4615384615384615,0.2503684142332417,-0.0765135511785055,0.5094339622641509,0.4534883720930232,8.358490566037736,5.046511627906977,2.5,2.357142857142857,0.8,1.0,0.1757010121377375,0.3333333333333333,-0.029910201532702296,-0.2028757691596353,0.08758096310898333,-0.10973837209302317,-1.8510278794705712,-0.9840116279069768,0.40909090909090917,-1.8571428571428572,0.0,-1.0,0.24243612564264852,0.1282051282051282,0.3574471990719238,11.62283318117261,3.657142857142857,0.0285714285714285,0.0,0.0285714285714285,0.8130971297170744,6.228279254653237,6.48,0.04,0.0,0.0,-0.4556499306451506,5.3945539265193725,-2.8228571428571434,-0.0114285714285715,0.0,0.0285714285714285,0,2502.4,3.0,0,1,0,0,1,1,0,0,1,-1,1,3,-2,0,1,-1,0,1,-1,0,0,0,0,0,0,0,0,0,0,1,-1,0,0,0,0,0,0,0,0.4,-0.4,0,0,0
401326356,2021,REG,2,2021-09-19,Sunday,13:00,LV,PIT,26,17,Home,6,7,201,-228,5.5,-109,-102,46.5,104,-116,0,outdoors,grass ,77.0,4.0,00-0031280,00-0022924,Derek Carr,Ben Roethlisberger,Jon Gruden,Mike Tomlin,PIT00,Heinz Field,0.302,0.698,201,-220,+6-110,-5-110,38.38,0.6467,0.3504,0.0028,17.87,28.63,46.5,5.383,-5.383,-1.471,-2.433,46.5,-5.5,5.5,Grass,Clear Day,80.05,,,2.51,99.0,-9,43,0,-14.5,LOSS,UNDER,-0.0608869484527659,-0.0983272195270913,0.3846153846153846,0.4050632911392405,4.903846153846154,4.69620253164557,1.4166666666666667,1.4545454545454546,0.25,0.25,0.0173493774753296,0.3333333333333333,0.0170374342212003,-0.0479581872441393,0.4358974358974359,0.4090909090909091,6.294871794871795,6.166666666666667,2.357142857142857,2.076923076923077,0.5,1.0,0.0750141289475664,0.4666666666666667,-0.0779243826739662,-0.050369032282951996,-0.05128205128205132,-0.004027617951668616,-1.3910256410256405,-1.4704641350210972,-0.9404761904761905,-0.6223776223776225,-0.25,-0.75,-0.0576647514722368,-0.13333333333333336,-0.0243504549682024,-10.494156181812286,6.125,0.0588235294117647,0.0,0.0294117647058823,0.1651517654069566,-3.3904613783726325,9.821428571428571,0.0526315789473684,0.0175438596491228,0.0,-0.18950222037515901,-7.103694803439653,-3.696428571428571,0.006191950464396301,-0.0175438596491228,0.0294117647058823,1,1918.4,3.0,0,1,0,0,1,5,-4,0,0,0,3,3,0,0,2,-2,1,5,-4,0,0,0,0,1,-1,0,1,-1,0,0,0,0,0,0,0,0.53,-0.53,0.2,0.24,-0.04,0,0,0
401326357,2021,REG,2,2021-09-19,Sunday,16:05,MIN,ARI,33,34,Home,7,7,170,-191,4.0,-111,101,51.0,-111,-101,0,closed,grass ,,,00-0029604,00-0035228,Kirk Cousins,Kyler Murray,Mike Zimmer,Kliff Kingsbury,PHO00,State Farm Stadium,0.36,0.64,176,-190,+3½-105,-3½-110,63.385,0.6129,0.3839,0.003,21.38,29.62,51.0,4.119,-4.119,3.688,0.988,51.0,-3.5,3.5,Dome,,,,,,,1,67,1,-3.0,LOSS,OVER,0.1851003513442434,-0.3256597406822204,0.4029850746268656,0.421875,6.208955223880597,3.875,3.1666666666666665,1.0833333333333333,0.8333333333333334,1.0,0.1300638996348156,0.5384615384615384,0.0474100547836388,-0.0298622331736652,0.4189189189189189,0.3880597014925373,5.445945945945946,5.462686567164179,1.8461538461538465,2.076923076923077,1.0,0.75,-0.0930778052721247,0.375,0.1376902965606046,-0.2957975075085552,-0.0159338442920533,0.03381529850746268,0.7630092779346516,-1.5876865671641793,1.32051282051282,-0.9935897435897438,-0.16666666666666663,0.25,0.2231417049069403,0.16346153846153844,0.3474111208301825,5.081949103623629,8.1875,0.0588235294117647,0.0294117647058823,0.0,0.2039569639549453,6.755379036716793,6.183673469387755,0.0588235294117647,0.0,0.0,0.1434541568752372,-1.6734299330931641,2.003826530612245,0.0,0.0294117647058823,0.0,0,1282.7,2.0,1,0,0,0,1,4,-3,0,0,0,1,1,0,0,1,-1,1,3,-2,0,0,0,0,0,0,0,0,0,0,1,-1,0,0,0,0,0,0,0.2,0.41,-0.21,0,0,0
401326358,2021,REG,2,2021-09-19,Sunday,16:05,ATL,TB,25,48,Home,7,10,582,-772,13.5,-108,-102,52.0,-103,-108,1,outdoors,grass ,85.0,0.0,00-0026143,00-0019596,Matt Ryan,Tom Brady,Arthur Smith,Bruce Arians,TAM00,Raymond James Stadium,0.2,0.8,600,-745,+13-110,-12½-110,50.789,0.785,0.2132,0.0017,14.79,37.21,52.0,11.21,-11.21,8.245,-5.502,52.0,-13.0,13.0,Grass,Cloudy,87.02,22%,Rain,4.23,298.0,23,73,1,9.5,WIN,OVER,0.049588858447408,0.123021688516805,0.515625,0.5064935064935064,6.734375,5.857142857142857,2.3846153846153846,2.230769230769231,0.6666666666666666,0.5,0.0578560457852633,0.4545454545454545,-0.2793893203381408,0.2204582127005394,0.34375,0.5970149253731343,4.0625,6.507462686567164,0.5,2.909090909090909,0.0,0.8,-0.1792299898051498,0.2142857142857142,0.3289781787855488,-0.09743652418373439,0.171875,-0.09052141887962784,2.671875,-0.6503198294243075,1.8846153846153846,-0.6783216783216783,0.6666666666666666,-0.30000000000000004,0.23708603559041308,0.24025974025974028,0.2801397466252828,3.231738739543491,8.92,0.0,0.04,0.0,-0.4204023527628183,-9.304779587369977,5.114285714285714,0.0789473684210526,0.0,0.0,0.7005420993881011,12.536518326913468,3.805714285714286,-0.0789473684210526,0.04,0.0,3,414.9,0.0,0,1,0,0,0,1,-1,0,0,0,1,0,1,0,0,0,0,0,0,0,0,0,0,0,0,0,0,0,0,0,0,0,0,0,0,0,0,0,0,0,0,0,0
401326359,2021,REG,2,2021-09-19,Sunday,16:25,DAL,LAC,20,17,Home,10,7,135,-150,3.0,-109,-101,55.0,-101,-110,0,dome,matrixturf,,,00-0033077,00-0036355,Dak Prescott,Justin Herbert,Mike McCarthy,Brandon Staley,LAX01,SoFi Stadium,0.393,0.607,145,-151,+3-110,-3-105,77.724,0.5013,0.4946,0.0039,27.38,27.62,55.0,0.119,-0.119,1.79,5.383,55.0,-3.0,3.0,Grass,Clear Day,76.03,,,3.24,219.0,-3,37,0,-6.0,LOSS,UNDER,0.1115086189624342,-0.0987543364632257,0.48,0.4081632653061224,5.693333333333333,5.285714285714286,2.2222222222222223,1.7777777777777777,0.2857142857142857,0.5,-0.1989271561431355,0.7368421052631579,0.123021688516805,0.049588858447408,0.5064935064935064,0.515625,5.857142857142857,6.734375,2.230769230769231,2.3846153846153846,0.5,0.6666666666666666,0.0420346283358715,0.5294117647058824,-0.0115130695543708,-0.1483431949106337,-0.026493506493506458,-0.1074617346938776,-0.1638095238095234,-1.4486607142857144,-0.008547008547008517,-0.6068376068376069,-0.2142857142857143,-0.16666666666666663,-0.240961784479007,0.2074303405572755,0.2119237034143668,3.578228665434796,7.74468085106383,0.0408163265306122,0.0204081632653061,0.0204081632653061,0.2407826935290034,6.468299554105391,6.586206896551724,0.0169491525423728,0.0169491525423728,0.0169491525423728,-0.02885899011463658,-2.890070888670595,1.1584739545121057,0.0238671739882394,0.0034590107229332985,0.0034590107229332985,-3,1226.8,2.0,1,0,0,0,1,1,0,1,0,1,1,2,-1,1,0,1,1,1,0,0,0,0,0,0,0,0,0,0,0,0,0,1,0,1,0,0,0,0.98,0,0.98,0,0,0
401326360,2021,REG,2,2021-09-19,Sunday,16:25,TEN,SEA,33,30,Home,7,7,247,-286,6.5,-100,-110,53.5,-102,-109,0,outdoors,fieldturf,62.0,14.0,00-0029701,00-0029263,Ryan Tannehill,Russell Wilson,Mike Vrabel,Pete Carroll,SEA00,Lumen Field,0.267,0.733,260,-275,+6½-110,-6½-110,62.404,0.7075,0.2901,0.0023,19.22,34.78,54.0,7.776,-7.776,2.373,1.585,54.0,-6.5,6.5,Turf,Rain,60.94,38%,Rain,8.26,190.0,-3,63,0,-9.5,LOSS,OVER,0.1977419437717576,-0.0962315419971866,0.490566037735849,0.4444444444444444,7.188679245283019,4.666666666666667,2.8,1.4545454545454546,1.0,0.5,0.2481664020544319,0.4444444444444444,-0.3256597406822204,0.1851003513442434,0.421875,0.4029850746268656,3.875,6.208955223880597,1.0833333333333333,3.1666666666666665,1.0,0.8333333333333334,-0.232525539103935,0.3571428571428571,0.5234016844539781,-0.28133189334143,0.068691037735849,0.041459369817578806,3.3136792452830193,-1.5422885572139302,1.7166666666666666,-1.712121212121212,0.0,-0.33333333333333337,0.4806919411583669,0.08730158730158732,0.4659572855229131,19.510269732702348,10.043478260869565,0.1153846153846153,0.0,0.0,-0.4803850735665739,-6.562654205730984,7.714285714285714,0.1463414634146341,0.024390243902439,0.048780487804878,0.946342359089487,26.07292393843333,2.32919254658385,-0.030956848030018816,-0.024390243902439,-0.048780487804878,0,1970.6,2.0,1,0,0,0,0,1,-1,2,0,2,3,4,-1,0,0,0,0,0,0,0,0,0,0,0,0,0,0,0,0,0,0,0,0,0,0,0,0,0,0.12,-0.12,0,0,0
401326361,2021,REG,2,2021-09-19,Sunday,20:20,KC,BAL,35,36,Home,7,6,-171,153,-3.5,107,-118,53.5,-110,-101,0,outdoors,grass,82.0,8.0,00-0033873,00-0034796,Patrick Mahomes,Lamar Jackson,Andy Reid,John Harbaugh,BAL00,M&T Bank Stadium,0.551,0.449,-185,178,-3½-110,+4-110,78.116,0.4381,0.5583,0.0035,28.89,24.61,53.5,-2.138,2.138,1.007,6.216,53.5,3.5,-3.5,Grass,Clear Night,72.18,,,3.98,80.0,1,71,1,4.5,WIN,OVER,-0.0479581872441393,0.0170374342212003,0.4090909090909091,0.4358974358974359,6.166666666666667,6.294871794871795,2.076923076923077,2.357142857142857,1.0,0.5,0.0477433788910275,0.25,0.3390620606822681,0.2751701959935262,0.4833333333333333,0.5964912280701754,6.65,8.052631578947368,3.6666666666666665,3.2222222222222223,0.6666666666666666,1.0,0.2437098121154122,0.6923076923076923,-0.3870202479264074,-0.2581327617723259,-0.07424242424242417,-0.1605937921727395,-0.4833333333333334,-1.7577597840755734,-1.5897435897435894,-0.8650793650793651,0.33333333333333337,-0.5,-0.1959664332243847,-0.4423076923076923,0.0713515452118711,-4.228473429022165,7.9,0.0909090909090909,0.0,0.0303030303030303,0.4974238758048981,15.946578278261072,9.305555555555555,0.0512820512820512,0.0,0.0,-0.426072330593027,-20.175051707283238,-1.405555555555555,0.0396270396270397,0.0,0.0303030303030303,-1,955.4,1.0,0,1,0,0,1,0,1,0,0,0,6,0,6,1,0,1,1,0,1,0,0,0,0,0,0,0,0,0,1,0,1,0,0,0,0,0,0,0,0,0,0,0,0
401326362,2021,REG,2,2021-09-20,Monday,20:15,DET,GB,17,35,Home,8,8,400,-494,11.5,-112,102,49.5,-101,-110,1,outdoors,grass ,73.0,12.0,00-0033106,00-0023459,Jared Goff,Aaron Rodgers,Dan Campbell,Matt LaFleur,GNB00,Lambeau Field,0.135,0.865,460,-570,+12-110,-11½-110,49.312,0.6732,0.3241,0.0026,17.85,30.65,48.5,6.404,-6.404,5.281,-6.039,48.5,-11.5,11.5,Grass,Partly Cloudy Night,72.26,2%,Rain,12.53,164.0,18,52,1,6.5,WIN,OVER,-0.3893905805078941,0.3212549344942745,0.3653846153846153,0.5344827586206896,4.403846153846154,5.568965517241379,0.3333333333333333,4.222222222222222,0.0,1.0,-0.3156756624686695,0.1,-0.0765135511785055,0.2503684142332417,0.4534883720930232,0.5094339622641509,5.046511627906977,8.358490566037736,2.357142857142857,2.5,1.0,0.8,0.0972320469563783,0.2666666666666666,-0.3128770293293886,0.07088652026103281,-0.08810375670840787,0.025048796356538672,-0.6426654740608226,-2.7895250487963565,-2.0238095238095237,1.7222222222222223,-1.0,0.19999999999999996,-0.41290770942504784,-0.1666666666666666,-0.5499901632902529,-8.025815452520664,8.5,0.0344827586206896,0.0689655172413793,0.0,-0.1104654415134134,-3.690992615052632,6.157894736842105,0.0483870967741935,0.0161290322580645,0.0,-0.43952472177683943,-4.334822837468032,2.3421052631578947,-0.0139043381535039,0.052836484983314794,0.0,0,292.6,1.0,1,0,0,0,1,2,-1,1,0,1,2,4,-2,0,1,-1,1,2,-1,0,0,0,0,0,0,0,1,-1,0,0,0,0,0,0,0,0.42,-0.42,0,0.44,-0.44,0,0,0
401326363,2021,REG,3,2021-09-23,Thursday,20:20,CAR,HOU,24,9,Home,4,4,-420,348,-8.0,-115,104,43.0,-101,-110,0,closed,astroturf,,,00-0034869,00-0036898,Sam Darnold,Davis Mills,Matt Rhule,David Culley,HOU00,NRG Stadium,0.75,0.25,-400,348,-8-110,+8½-110,7.156,0.373,0.624,0.003,25.97,17.03,43.0,-4.468,4.468,-8.598,-4.474,43.0,8.0,-8.0,Dome,,,,,,,-15,33,0,-7.0,LOSS,UNDER,0.0962229117390788,0.1491408912063171,0.396551724137931,0.5740740740740741,5.206896551724138,6.62962962962963,1.5555555555555556,3.1,1.0,0.8,-0.0755096739581362,0.5714285714285714,0.0653473157031559,-0.5337016310492929,0.4520547945205479,0.2619047619047619,5.2465753424657535,3.071428571428572,2.1666666666666665,0.5833333333333334,0.75,1.0,0.0298285101262394,0.5333333333333333,0.03087559603592291,0.68284252225561,-0.055503070382616926,0.31216931216931215,-0.03967879074161562,3.5582010582010577,-0.6111111111111109,2.5166666666666666,0.25,-0.19999999999999996,-0.10533818408437559,0.03809523809523807,0.023643991942074,-16.88914193826563,12.11111111111111,0.0526315789473684,0.0526315789473684,0.0526315789473684,0.2729029653936198,2.8339953933443343,7.243243243243243,0.05,0.025,0.025,-0.2492589734515458,-19.723137331609966,4.867867867867868,0.0026315789473683945,0.027631578947368396,0.027631578947368396,0,929.8,1.0,1,0,0,0,3,1,2,0,0,0,2,0,2,1,0,1,2,1,1,0,0,0,0,0,0,0,0,0,0,0,0,1,0,1,0.2,0,0.2,0.67,0.2,0.47,3,3,0
401326364,2021,REG,3,2021-09-26,Sunday,13:00,WAS,BUF,21,43,Home,10,7,281,-330,7.5,-114,103,45.5,-105,-106,0,outdoors,a_turf,67.0,21.0,00-0031800,00-0034857,Taylor Heinicke,Josh Allen,Ron Rivera,Sean McDermott,BUF00,New Era Field,0.174,0.826,300,-323,+7+100,-7-110,56.997,0.7159,0.2817,0.0022,14.73,30.77,45.5,8.019,-8.019,8.594,-2.937,45.5,-7.0,7.0,Turf,Clear Day,65.51,2%,Rain,22.23,254.0,22,64,1,14.5,WIN,OVER,0.1610910705504813,-0.455033309228779,0.4354838709677419,0.3188405797101449,5.096774193548387,3.1449275362318843,2.6923076923076925,0.0,1.0,0.0,0.0468525267709385,0.5384615384615384,0.0991107390883824,0.0801377725951768,0.5,0.4285714285714285,5.985294117647059,6.222222222222222,2.727272727272727,2.636363636363636,0.75,0.5,0.1398042295180823,0.3076923076923077,0.0619803314620989,-0.5351710818239558,-0.06451612903225812,-0.10973084886128359,-0.8885199240986719,-3.077294685990338,-0.03496503496503456,-2.636363636363636,0.25,-0.5,-0.0929517027471438,0.23076923076923073,0.1126563328992867,-2.4845292855953347,9.515151515151516,0.0294117647058823,0.0294117647058823,0.0,0.0170152952402933,7.708903131159869,7.586956521739131,0.0217391304347826,0.0217391304347826,0.0,0.0956410376589934,-10.193432416755204,1.9281949934123848,0.007672634271099699,0.007672634271099699,0.0,-3,285.4,0.0,1,0,0,0,0,0,0,0,0,0,2,1,1,0,0,0,0,0,0,0,0,0,0,0,0,0,0,0,0,0,0,0,0,0,0,0,0,0,0,0,5,1,4
401326365,2021,REG,3,2021-09-26,Sunday,13:00,CHI,CLE,6,26,Home,7,7,315,-375,7.5,-102,-108,45.0,-106,-105,0,outdoors,grass ,70.0,22.0,00-0036945,00-0034855,Justin Fields,Baker Mayfield,Matt Nagy,Kevin Stefanski,CLE00,FirstEnergy Stadium,0.261,0.739,314,-330,+7½-110,-7½-110,39.17,0.7165,0.2811,0.0022,14.46,30.54,45.0,8.044,-8.044,0.372,-4.483,45.0,-7.5,7.5,Grass,Clear Day,71.23,,,15.15,260.0,20,32,1,12.5,WIN,UNDER,0.1491408912063171,0.0962229117390788,0.5740740740740741,0.396551724137931,6.62962962962963,5.206896551724138,3.1,1.5555555555555556,0.8,1.0,0.241084870716567,0.4444444444444444,-0.236391333730522,-0.3443167297384136,0.3620689655172414,0.4181818181818181,3.6206896551724137,4.509090909090909,1.2727272727272727,1.5454545454545454,0.25,1.0,-0.1563131520998404,0.4,0.38553222493683914,0.4405396414774924,0.2120051085568327,-0.021630094043887105,3.008939974457216,0.6978056426332291,1.8272727272727274,0.010101010101010166,0.55,0.0,0.3973980228164074,0.0444444444444444,0.3467483559355099,19.58218812942505,6.238095238095238,0.0869565217391304,0.0434782608695652,0.0,-0.6435089054240224,-8.255595885790312,10.76923076923077,0.1333333333333333,0.0666666666666666,0.0666666666666666,0.9902572613595323,27.837784015215362,-4.531135531135532,-0.0463768115942029,-0.023188405797101394,-0.0666666666666666,0,306.3,1.0,0,1,0,0,2,1,1,0,1,-1,2,7,-5,1,1,0,2,1,1,0,1,-1,0,0,0,0,0,0,1,0,1,0,0,0,0.66,0.35,0.31,0.26,0,0.26,3,1,2
401326366,2021,REG,3,2021-09-26,Sunday,13:00,BAL,DET,19,17,Home,7,6,-344,292,-7.5,-100,-110,51.0,-105,-106,0,dome,fieldturf,,,00-0034796,00-0033106,Lamar Jackson,Jared Goff,John Harbaugh,Dan Campbell,DET00,Ford Field,0.78,0.22,-360,320,-7½-110,+8-110,30.123,0.2836,0.714,0.0022,33.44,17.56,51.0,-7.941,7.941,-6.039,1.007,51.0,7.5,-7.5,Dome,,,,,,,-2,36,0,5.5,WIN,UNDER,-0.0083545963415458,0.2968477221168046,0.5535714285714286,0.5263157894736842,6.142857142857143,5.7368421052631575,1.8888888888888888,3.5,1.0,1.0,0.1101229964884825,0.4444444444444444,0.1766774067953528,0.291301350969327,0.6176470588235294,0.5714285714285714,7.088235294117647,8.26530612244898,3.272727272727273,2.636363636363636,1.0,0.8,0.3161658790274554,0.5454545454545454,-0.1850320031368986,0.00554637114747758,-0.06407563025210083,-0.045112781954887216,-0.9453781512605035,-2.528464017185822,-1.383838383838384,0.8636363636363642,0.0,0.19999999999999996,-0.2060428825389729,-0.101010101010101,-0.0153564781287859,8.651309524263654,6.5,0.027027027027027,0.027027027027027,0.027027027027027,-0.0413721797837082,4.488721251487732,9.5,0.0357142857142857,0.0714285714285714,0.0,0.0260157016549223,4.162588272775922,-3.0,-0.008687258687258698,-0.044401544401544396,0.027027027027027,-1,396.8,0.0,1,0,0,0,1,2,-1,0,0,0,7,8,-1,1,2,-1,1,2,-1,0,0,0,0,1,-1,0,0,0,1,1,0,0,0,0,0,1,-1,0.97,0,0.97,3,1,2
401326367,2021,REG,3,2021-09-26,Sunday,13:00,ARI,JAX,31,19,Home,7,7,-360,304,-8.0,-101,-110,51.5,-104,-107,0,outdoors,grass ,81.0,4.0,00-0035228,00-0036971,Kyler Murray,Trevor Lawrence,Kliff Kingsbury,Urban Meyer,JAX00,TIAA Bank Stadium,0.755,0.245,-370,325,-7½-110,+8½-110,32.492,0.3389,0.6583,0.0027,31.5,20.0,51.5,-5.747,5.747,-8.536,3.688,51.5,8.0,-8.0,Grass,Clear Day,82.46,,,5.73,25.0,-12,50,0,-4.0,LOSS,UNDER,-0.2524367130939683,0.1425675181301956,0.3529411764705882,0.4769230769230769,3.7058823529411766,6.153846153846154,1.3,2.090909090909091,1.0,0.5,-0.373735013365819,0.3636363636363636,0.1164816263877958,0.1926080379725706,0.5166666666666667,0.5166666666666667,7.9,6.983333333333333,2.6153846153846154,2.25,0.8,0.6,0.0762868388703379,0.3333333333333333,-0.3689183394817641,-0.05004051984237498,-0.16372549019607852,-0.039743589743589824,-4.194117647058824,-0.8294871794871792,-1.3153846153846154,-0.15909090909090917,0.19999999999999996,-0.09999999999999998,-0.45002185223615687,0.030303030303030276,-0.40510653006721,-18.21541226271427,12.272727272727272,0.0285714285714285,0.0571428571428571,0.0,0.117380008348344,14.5863859092488,8.222222222222221,0.0769230769230769,0.0512820512820512,0.0,-0.5224865384155539,-32.80179817196307,4.05050505050505,-0.0483516483516484,0.0058608058608059024,0.0,0,1803.0,3.0,0,1,0,0,0,2,-2,0,0,0,3,5,-2,0,0,0,0,2,-2,0,0,0,0,0,0,0,0,0,0,0,0,0,0,0,0,0.05,-0.05,0,0,0,2,1,1
401326368,2021,REG,3,2021-09-26,Sunday,13:00,LAC,KC,30,24,Home,7,7,237,-273,6.5,-100,-110,55.0,-108,-103,1,outdoors,grass ,81.0,19.0,00-0036355,00-0033873,Justin Herbert,Patrick Mahomes,Brandon Staley,Andy Reid,KAN00,GEHA Field at Arrowhead Stadium,0.225,0.775,260,-294,+7-110,-7-105,68.95,0.7282,0.2695,0.0021,18.97,36.03,55.0,8.53,-8.53,6.216,1.79,55.0,-7.0,7.0,Grass,Clear Day,83.81,,,8.45,175.0,-6,54,0,-12.5,LOSS,UNDER,0.291301350969327,0.1766774067953528,0.5714285714285714,0.6176470588235294,8.26530612244898,7.088235294117647,2.636363636363636,3.272727272727273,0.8,1.0,0.4067655653248779,0.1666666666666666,0.0943334669121867,0.1029037855675645,0.492063492063492,0.5833333333333334,6.507936507936508,6.983333333333333,2.125,2.5,0.25,0.6666666666666666,0.0245215025485721,0.4166666666666667,0.19696788405714033,0.07377362122778829,0.07936507936507942,0.03431372549019607,1.7573696145124718,0.10490196078431335,0.5113636363636358,0.7727272727272729,0.55,0.33333333333333337,0.3822440627763058,-0.2500000000000001,0.5547795218918773,10.413580238819122,7.903225806451613,0.0,0.032258064516129,0.0,0.0842380757708863,7.443461641669273,6.195121951219512,0.0465116279069767,0.0465116279069767,0.0,0.470541446120991,2.970118597149849,1.7081038552321006,-0.0465116279069767,-0.014253563390847705,0.0,0,1366.5,2.0,0,1,0,0,0,1,-1,1,1,0,2,1,1,0,1,-1,0,1,-1,0,0,0,0,0,0,0,0,0,0,0,0,0,1,-1,0,0,0,0,0.98,-0.98,3,2,1
401326369,2021,REG,3,2021-09-26,Sunday,13:00,NO,NE,28,13,Home,7,7,130,-144,3.0,-117,106,44.0,-114,102,0,outdoors,fieldturf,73.0,11.0,00-0031503,00-0036972,Jameis Winston,Mac Jones,Sean Payton,Bill Belichick,BOS00,Gillette Stadium,0.425,0.575,130,-145,+3-110,-2½-120,71.386,0.5845,0.4121,0.0033,18.71,24.79,43.5,3.041,-3.041,4.991,2.593,43.5,-3.0,3.0,Turf,Clear Day,72.87,,,9.37,286.0,-15,41,0,-18.0,LOSS,UNDER,-0.0541563854677434,-0.3204931748305177,0.4035087719298245,0.3880597014925373,4.56140350877193,5.029850746268656,2.272727272727273,0.5,0.5,0.0,0.0836450051910813,0.25,-0.5337016310492929,0.0653473157031559,0.2619047619047619,0.4520547945205479,3.071428571428572,5.2465753424657535,0.5833333333333334,2.1666666666666665,1.0,0.75,-0.3492428769662591,0.1818181818181818,0.47954524558154954,-0.3858404905336736,0.14160401002506257,-0.0639950930280106,1.4899749373433577,-0.21672459619709716,1.6893939393939394,-1.6666666666666665,-0.5,-0.75,0.4328878821573404,0.0681818181818182,-0.1326787289650682,5.422724676983697,4.666666666666667,0.0909090909090909,0.0,0.0303030303030303,-0.7171132294416356,-10.57049859137762,7.227272727272727,0.1538461538461538,0.0769230769230769,0.0,0.5844345004765674,15.993223268361316,-2.5606060606060597,-0.0629370629370629,-0.0769230769230769,0.0303030303030303,0,1339.8,1.0,0,1,0,0,0,1,-1,0,0,0,3,0,3,0,1,-1,0,1,-1,0,0,0,0,1,-1,0,0,0,0,0,0,0,0,0,0,0.08,-0.08,0,0,0,1,4,-3
401326370,2021,REG,3,2021-09-26,Sunday,13:00,ATL,NYG,17,14,Home,7,10,129,-143,3.0,-115,105,48.0,-110,-101,0,outdoors,fieldturf,69.0,13.0,00-0026143,00-0035710,Matt Ryan,Daniel Jones,Arthur Smith,Joe Judge,NYC01,MetLife Stadium,0.492,0.508,130,-143,+3-120,-2½-110,17.022,0.6338,0.3632,0.0029,18.92,28.58,47.5,4.83,-4.83,-5.536,-5.502,47.5,-2.5,2.5,Turf,Clear Day,71.75,,,11.99,298.0,-3,31,0,-6.0,LOSS,UNDER,0.0801377725951768,0.0991107390883824,0.4285714285714285,0.5,6.222222222222222,5.985294117647059,2.636363636363636,2.727272727272727,0.5,0.75,0.1297381625695647,0.3333333333333333,-0.2718796256022658,0.0639807860088216,0.4428571428571428,0.4912280701754385,5.0,6.035087719298246,1.7857142857142858,2.571428571428572,0.6,0.625,-0.1963163891826752,0.4,0.3520173981974426,0.03512995307956081,-0.01428571428571429,0.008771929824561486,1.2222222222222223,-0.04979360165118685,0.85064935064935,0.155844155844155,-0.09999999999999998,0.125,0.32605455175223985,-0.06666666666666671,0.0783490543940704,4.384123161435127,11.21875,0.1111111111111111,0.0,0.0,-0.1338174174488716,7.175707419713338,3.695652173913044,0.0212765957446808,0.0638297872340425,0.0,0.21216647184294202,-2.7915842582782107,7.523097826086956,0.0898345153664303,-0.0638297872340425,0.0,3,747.4,0.0,0,1,0,0,1,3,-2,0,0,0,3,0,3,0,2,-2,0,2,-2,0,0,0,0,0,0,0,1,-1,0,0,0,0,1,-1,0,0.53,-0.53,0,0.7,-0.7,1,0,1
401326371,2021,REG,3,2021-09-26,Sunday,13:00,CIN,PIT,24,10,Home,7,7,126,-140,2.5,103,-114,42.5,-112,101,1,outdoors,grass ,67.0,9.0,00-0036442,00-0022924,Joe Burrow,Ben Roethlisberger,Zac Taylor,Mike Tomlin,PIT00,Heinz Field,0.273,0.727,130,-140,+3-120,-2½-110,50.606,0.631,0.366,0.0029,16.27,25.73,42.0,4.727,-4.727,-1.471,1.619,42.0,-2.5,2.5,Grass,Clear Day,69.06,,,8.0,207.0,-14,34,0,-16.5,LOSS,UNDER,0.0016314301935342,0.2175930686317418,0.3214285714285714,0.515625,5.910714285714286,6.640625,1.5454545454545454,2.6,1.0,0.5,-0.013997813026816,0.4166666666666667,-0.3443167297384136,-0.236391333730522,0.4181818181818181,0.3620689655172414,4.509090909090909,3.6206896551724137,1.5454545454545454,1.2727272727272727,1.0,0.25,-0.4106757713718874,0.4615384615384615,0.3459481599319478,0.4539844023622638,-0.0967532467532467,0.15355603448275862,1.4016233766233768,3.0199353448275863,0.0,1.3272727272727274,0.0,0.25,0.39667795834507136,-0.04487179487179482,0.0644532836799511,4.301578179001809,9.7,0.0476190476190476,0.0238095238095238,0.0238095238095238,-0.2563289462959171,-0.0908339845723116,7.566666666666666,0.1428571428571428,0.0857142857142857,0.0,0.32078222997586825,4.392412163574121,2.133333333333333,-0.09523809523809519,-0.0619047619047619,0.0238095238095238,0,256.5,0.0,0,1,0,0,3,0,3,0,3,-3,1,0,1,2,0,2,3,0,3,0,0,0,0,0,0,1,0,1,1,0,1,0,0,0,0.88,0,0.88,0.87,0,0.87,0,4,-4
401326372,2021,REG,3,2021-09-26,Sunday,13:00,IND,TEN,16,25,Home,7,7,175,-196,4.5,-113,103,47.0,-104,-107,1,outdoors,grass ,72.0,4.0,00-0032950,00-0029701,Carson Wentz,Ryan Tannehill,Frank Reich,Mike Vrabel,NAS00,Nissan Stadium,0.416,0.584,190,-210,+5-110,-4½-110,64.449,0.5568,0.4395,0.0035,21.44,25.56,47.0,2.061,-2.061,1.585,2.217,47.0,-4.5,4.5,Grass,Clear Day,73.58,,,2.99,197.0,9,41,1,4.5,WIN,UNDER,0.1629477886342436,0.1545941364201049,0.5121951219512195,0.4038461538461538,6.5,7.634615384615385,2.5384615384615383,2.3076923076923075,0.4285714285714285,0.8,0.2074937205405475,0.4285714285714285,-0.0801195095701119,0.0760547264106089,0.4393939393939394,0.4666666666666667,5.393939393939394,6.183333333333334,1.6363636363636365,2.4,0.2,0.6,0.0140737026481606,0.4545454545454545,0.24306729820435552,0.07853941000949599,0.07280118255728013,-0.06282051282051287,1.1060606060606064,1.4512820512820515,0.9020979020979019,-0.09230769230769242,0.22857142857142848,0.20000000000000007,0.1934200178923869,-0.025974025974025983,0.1729345370340041,5.3749431402255325,10.05,0.0697674418604651,0.0,0.0232558139534883,-0.0363395373321173,0.1647513111432393,7.451612903225806,0.0857142857142857,0.0285714285714285,0.0,0.2092740743661214,5.2101918290822935,2.5983870967741947,-0.0159468438538206,-0.0285714285714285,0.0232558139534883,0,250.5,1.0,1,0,0,0,3,2,1,0,0,0,2,1,1,0,1,-1,2,1,1,0,0,0,0,1,-1,0,0,0,0,0,0,0,0,0,0.48,1,-0.52,0.4,0,0.4,3,3,0
401326373,2021,REG,3,2021-09-26,Sunday,16:05,NYJ,DEN,0,26,Home,7,7,470,-597,10.5,-109,-101,42.0,-107,-104,0,outdoors,grass ,82.0,6.0,00-0037013,00-0031237,Zach Wilson,Teddy Bridgewater,Robert Saleh,Vic Fangio,DEN00,Empower Field at Mile High,0.241,0.759,515,-600,+11-110,-10-110,39.739,0.7693,0.2287,0.0018,10.42,31.08,41.5,10.332,-10.332,0.478,-8.791,41.5,-10.5,10.5,Grass,Clear Day,88.75,,,5.75,69.0,26,26,1,15.5,WIN,UNDER,0.1425675181301956,-0.2524367130939683,0.4769230769230769,0.3529411764705882,6.153846153846154,3.7058823529411766,2.090909090909091,1.3,0.5,1.0,0.1987691350788316,0.1818181818181818,-0.3204931748305177,-0.0541563854677434,0.3880597014925373,0.4035087719298245,5.029850746268656,4.56140350877193,0.5,2.272727272727273,0.0,0.5,-0.2275046278350511,0.3846153846153846,0.4630606929607133,-0.1982803276262249,0.08886337543053957,-0.05056759545923628,1.1239954075774978,-0.8555211558307532,1.5909090909090908,-0.9727272727272729,0.5,0.5,0.4262737629138827,-0.20279720279720279,0.2419523231584165,14.666219756883734,11.441176470588236,0.081081081081081,0.0,0.0,-0.6406012027787252,-7.356933933315855,9.12121212121212,0.1081081081081081,0.1081081081081081,0.0,0.8825535259371418,22.02315369019959,2.319964349376116,-0.027027027027027098,-0.1081081081081081,0.0,0,1624.4,2.0,1,0,0,0,0,1,-1,0,1,-1,2,1,1,0,1,-1,0,1,-1,0,0,0,0,0,0,0,1,-1,0,0,0,0,0,0,0,0.1,-0.1,0,0,0,2,5,-3
401326374,2021,REG,3,2021-09-26,Sunday,16:05,MIA,LV,28,31,Home,7,7,173,-194,4.0,-107,-103,45.0,-100,-111,0,dome,grass,,,00-0033119,00-0031280,Jacoby Brissett,Derek Carr,Brian Flores,Jon Gruden,VEG00,Allegiant Stadium,0.308,0.692,170,-175,+4-110,-3½-110,34.7,0.6267,0.3703,0.0029,17.93,27.07,45.0,4.567,-4.567,-2.433,-2.249,45.0,-3.5,3.5,Turf,,,,,,,3,59,1,-1.0,LOSS,OVER,0.2175930686317418,0.0016314301935342,0.515625,0.3214285714285714,6.640625,5.910714285714286,2.6,1.5454545454545454,0.5,1.0,0.1239682589651783,0.3846153846153846,-0.455033309228779,0.1610910705504813,0.3188405797101449,0.4354838709677419,3.1449275362318843,5.096774193548387,0.0,2.6923076923076925,0.0,1.0,-0.3929116348240604,0.4444444444444444,0.6726263778605208,-0.1594596403569471,0.1967844202898551,-0.11405529953917048,3.4956974637681157,0.8139400921658986,2.6,-1.146853146853147,0.5,0.0,0.5168798937892387,-0.05982905982905984,0.5287876022336098,9.811868458180816,8.18918918918919,0.0512820512820512,0.0,0.0256410256410256,-0.3227275801618816,-9.042045703301063,5.45,0.0909090909090909,0.0227272727272727,0.0,0.8515151823954914,18.85391416148188,2.7391891891891893,-0.0396270396270397,-0.0227272727272727,0.0256410256410256,0,2170.6,3.0,1,0,0,0,3,1,2,1,0,1,0,0,0,1,1,0,2,1,1,0,1,-1,1,0,1,0,0,0,0,0,0,0,0,0,0,0.12,-0.12,0.25,0,0.25,3,5,-2
401326375,2021,REG,3,2021-09-26,Sunday,16:25,TB,LA,24,34,Home,7,7,-106,-104,-1.0,100,-110,55.0,-102,-109,0,dome,matrixturf,,,00-0019596,00-0026498,Tom Brady,Matthew Stafford,Bruce Arians,Sean McVay,LAX01,SoFi Stadium,0.502,0.498,-105,-105,+1-110,+1-110,91.667,0.554,0.4423,0.0035,25.54,29.46,55.0,1.961,-1.961,5.989,8.245,55.0,1.0,-1.0,Grass,Cloudy,69.0,,,4.8,240.0,10,58,1,11.0,WIN,OVER,0.0760547264106089,-0.0801195095701119,0.4666666666666667,0.4393939393939394,6.183333333333334,5.393939393939394,2.4,1.6363636363636365,0.6,0.2,0.2506947487778962,0.3333333333333333,0.0639807860088216,-0.2718796256022658,0.4912280701754385,0.4428571428571428,6.035087719298246,5.0,2.571428571428572,1.7857142857142858,0.625,0.6,0.2075863181982475,0.3333333333333333,0.012073940401787303,0.19176011603215393,-0.02456140350877184,-0.0034632034632033903,0.14824561403508785,0.3939393939393936,-0.17142857142857215,-0.14935064935064934,-0.025000000000000022,-0.39999999999999997,0.04310843057964872,0.0,0.3849547058222312,-4.286829664789397,7.266666666666667,0.032258064516129,0.032258064516129,0.0,0.0475478002059763,4.938580904688154,9.63888888888889,0.0769230769230769,0.0,0.0256410256410256,0.33740690561625486,-9.22541056947755,-2.3722222222222227,-0.0446650124069479,0.032258064516129,-0.0256410256410256,0,2151.7,3.0,1,0,0,0,0,2,-2,0,0,0,2,0,2,0,2,-2,0,2,-2,0,0,0,0,0,0,0,1,-1,0,1,-1,0,0,0,0,0,0,0,0.85,-0.85,0,4,-4
401326376,2021,REG,3,2021-09-26,Sunday,16:25,SEA,MIN,17,30,Home,7,7,-120,109,-2.0,-101,-109,53.5,-104,-107,0,dome,sportturf,,,00-0029263,00-0029604,Russell Wilson,Kirk Cousins,Pete Carroll,Mike Zimmer,MIN01,U.S. Bank Stadium,0.581,0.419,-123,110,-2-110,+2-110,62.476,0.4951,0.5008,0.0039,27.1,26.9,54.0,-0.1,0.1,0.988,2.373,54.0,2.0,-2.0,Dome,,,,,,,13,47,1,15.0,WIN,UNDER,0.1926080379725706,0.1164816263877958,0.5166666666666667,0.5166666666666667,6.983333333333333,7.9,2.25,2.6153846153846154,0.6,0.8,0.3330310935053699,0.2,0.1545941364201049,0.1629477886342436,0.4038461538461538,0.5121951219512195,7.634615384615385,6.5,2.3076923076923075,2.5384615384615383,0.8,0.4285714285714285,0.2308256755641196,0.3333333333333333,0.0380139015524657,-0.04646616224644781,0.11282051282051292,0.0044715447154471955,-0.6512820512820516,1.4000000000000004,-0.05769230769230749,0.0769230769230771,-0.20000000000000007,0.37142857142857155,0.10220541794125032,-0.1333333333333333,0.211509669720527,-1.52382655069232,6.34375,0.0303030303030303,0.0,0.0303030303030303,0.243528810614207,6.518148510686813,10.0,0.088235294117647,0.0,0.0,-0.03201914089367999,-8.041975061379134,-3.65625,-0.05793226381461669,0.0,0.0303030303030303,0,1391.7,2.0,0,1,0,0,3,3,0,0,0,0,1,1,0,1,1,0,2,3,-1,0,0,0,0,1,-1,0,0,0,1,0,1,0,0,0,0,1.26,-1.26,0,0,0,0,3,-3
401326377,2021,REG,3,2021-09-26,Sunday,20:20,GB,SF,30,28,Home,6,7,160,-179,3.5,-113,103,50.5,-103,-108,0,outdoors,grass,69.0,15.0,00-0023459,00-0031345,Aaron Rodgers,Jimmy Garoppolo,Matt LaFleur,Kyle Shanahan,SFO01,Levi's Stadium,0.394,0.606,163,-170,+3½-110,-3-119,80.097,0.6151,0.3817,0.003,21.11,29.4,50.5,4.145,-4.145,4.407,5.281,50.5,-3.0,3.0,Grass,Clear Day,66.24,,,7.12,319.0,-2,58,0,-5.5,LOSS,OVER,0.0971807614843288,-0.013943711205535,0.4307692307692308,0.4727272727272727,4.753846153846154,6.0181818181818185,1.8888888888888888,1.2222222222222223,1.0,0.5,0.1213751376159123,0.4285714285714285,0.2968477221168046,-0.0083545963415458,0.5263157894736842,0.5535714285714286,5.7368421052631575,6.142857142857143,3.5,1.8888888888888888,1.0,1.0,0.1577199984678038,0.5555555555555556,-0.1996669606324758,-0.0055891148639892006,-0.09554655870445339,-0.08084415584415588,-0.9829959514170037,-0.12467532467532472,-1.6111111111111112,-0.6666666666666665,0.0,-0.5,-0.036344860851891495,-0.1269841269841271,0.2164420614639917,0.0650886694590248,3.966666666666667,0.0,0.0,0.0,0.5856828209672433,15.81394738621182,9.555555555555555,0.1,0.0,0.0,-0.36924075950325164,-15.748858716752796,-5.588888888888889,-0.1,0.0,0.0,1,1821.7,2.0,1,0,0,0,2,0,2,1,1,0,3,1,2,0,0,0,2,0,2,0,0,0,0,0,0,0,0,0,0,0,0,0,0,0,0.36,0,0.36,0.09,0,0.09,3,3,0
401326378,2021,REG,3,2021-09-27,Monday,20:15,PHI,DAL,21,41,Home,8,8,168,-189,3.5,-103,-107,51.5,-110,-101,1,open,matrixturf,,,00-0036389,00-0033077,Jalen Hurts,Dak Prescott,Nick Sirianni,Mike McCarthy,DAL00,AT&T Stadium,0.325,0.675,175,-185,+4-110,-3½-105,62.278,0.6733,0.324,0.0026,19.43,32.07,51.5,6.322,-6.322,5.383,0.155,51.5,-3.5,3.5,Dome,,,,,,,20,62,1,16.5,WIN,OVER,0.1029037855675645,0.0943334669121867,0.5833333333333334,0.492063492063492,6.983333333333333,6.507936507936508,2.5,2.125,0.6666666666666666,0.25,0.158644222544849,0.6,-0.013943711205535,0.0971807614843288,0.4727272727272727,0.4307692307692308,6.0181818181818185,4.753846153846154,1.2222222222222223,1.8888888888888888,0.5,1.0,0.1183281350134099,0.4166666666666667,0.11684749677309951,-0.002847294572142098,0.11060606060606065,0.06129426129426119,0.9651515151515149,1.754090354090354,1.2777777777777777,0.23611111111111116,0.16666666666666663,-0.75,0.0403160875314391,0.1833333333333333,-0.0575019166379891,12.981340841010764,5.074074074074074,0.0689655172413793,0.0344827586206896,0.0344827586206896,0.0272724148634754,-5.628490577573362,14.565217391304348,0.08,0.0,0.04,-0.0847743315014645,18.609831418584125,-9.491143317230273,-0.011034482758620706,0.0344827586206896,-0.005517241379310402,0,1312.5,1.0,1,0,0,0,3,2,1,1,0,1,0,2,-2,3,2,1,3,2,1,0,0,0,1,1,0,0,0,0,2,0,2,0,1,-1,0,1,-1,1.12,0,1.12,5,1,4
401326379,2021,REG,4,2021-09-30,Thursday,20:20,JAX,CIN,21,24,Home,4,4,313,-373,7.5,105,-116,46.0,101,-113,0,outdoors,fieldturf,65.0,0.0,00-0036971,00-0036442,Trevor Lawrence,Joe Burrow,Urban Meyer,Zac Taylor,CIN00,Paul Brown Stadium,0.247,0.753,300,-320,+7½-110,-7-110,41.426,0.6916,0.3058,0.0024,16.04,29.96,46.0,6.963,-6.963,1.619,-8.536,46.0,-7.5,7.5,Turf,Partly Cloudy Night,67.48,,,3.89,71.0,3,45,1,-4.5,LOSS,UNDER,0.1416154883653634,-0.1670286771029904,0.4615384615384615,0.3376623376623376,6.974358974358975,4.441558441558442,2.0,0.9090909090909092,0.75,0.3333333333333333,0.0782020836195442,0.3333333333333333,-0.1572958153493416,0.2161027628250227,0.5384615384615384,0.53125,5.553846153846154,6.359375,0.9285714285714286,2.083333333333333,0.4,0.6,-0.0175763963889726,0.1818181818181818,0.298911303714705,-0.38313143992801313,-0.07692307692307693,-0.1935876623376624,1.4205128205128217,-1.917816558441558,1.0714285714285714,-1.1742424242424239,0.35,-0.26666666666666666,0.0957784800085168,0.15151515151515152,0.4613071179394593,12.103925810919868,8.88888888888889,0.0,0.0555555555555555,0.0,-0.3606185504759196,2.814815007150173,8.0,0.0833333333333333,0.0555555555555555,0.0555555555555555,0.8219256684153788,9.289110803769695,0.8888888888888893,-0.0833333333333333,0.0,-0.0555555555555555,0,627.6,0.0,1,0,0,0,2,2,0,2,0,2,0,0,0,2,2,0,2,2,0,0,0,0,0,0,0,1,0,1,0,1,-1,1,0,1,0.91,0,0.91,1,0.49,0.51,11,0,11
401326380,2021,REG,4,2021-10-03,Sunday,13:00,WAS,ATL,34,30,Home,7,7,-117,106,-1.0,-111,100,47.5,-114,102,0,open,fieldturf,,,00-0031800,00-0026143,Taylor Heinicke,Matt Ryan,Ron Rivera,Arthur Smith,ATL97,Mercedes-Benz Stadium,0.5,0.5,-119,115,-1½-110,+2-110,18.943,0.4792,0.5169,0.0038,24.15,22.85,47.0,-0.653,0.653,-5.502,-2.937,47.0,2.0,-2.0,Dome,,,,,,,-4,64,0,-3.0,LOSS,OVER,0.0330504170151006,0.0423780916428279,0.3728813559322034,0.46875,5.016949152542373,5.453125,1.7,1.2727272727272727,1.0,0.3333333333333333,0.0312010690338312,0.3846153846153846,-0.1920728000020608,0.2351776363474008,0.34,0.4933333333333333,5.8,6.453333333333333,1.75,3.3076923076923075,1.0,0.7142857142857143,-0.0734717050469732,0.1818181818181818,0.22512321701716143,-0.1927995447045729,0.03288135593220337,-0.02458333333333329,-0.783050847457627,-1.0002083333333331,-0.050000000000000044,-2.034965034965035,0.0,-0.380952380952381,0.1046727740808044,0.20279720279720279,0.1321128786284811,4.188301331467098,4.111111111111111,0.0769230769230769,0.0,0.0256410256410256,0.1940031866542995,-6.3279880831638975,6.875,0.04,0.08,0.0,-0.06189030802581841,10.516289414630997,-2.7638888888888893,0.0369230769230769,-0.08,0.0256410256410256,0,549.8,0.0,1,0,0,0,2,1,1,0,0,0,0,2,-2,1,0,1,2,1,1,0,0,0,0,0,0,1,0,1,0,0,0,0,0,0,0.53,0,0.53,0.21,0.77,-0.56,0,0,0
401326381,2021,REG,4,2021-10-03,Sunday,13:00,HOU,BUF,0,40,Home,10,7,988,-1500,19.0,-108,-102,47.5,-106,-105,0,outdoors,a_turf,67.0,12.0,00-0036898,00-0034857,Davis Mills,Josh Allen,David Culley,Sean McDermott,BUF00,New Era Field,0.072,0.928,1200,-1780,+18½-110,-18-110,50.0,0.8621,0.1367,0.0011,8.66,38.84,47.5,15.09,-15.09,8.594,-8.598,47.5,-18.5,18.5,Turf,Rain,66.03,47%,Rain,9.69,223.0,40,40,1,21.0,WIN,UNDER,0.2351776363474008,-0.1920728000020608,0.4933333333333333,0.34,6.453333333333333,5.8,3.3076923076923075,1.75,0.7142857142857143,1.0,0.1802367084053081,0.6,-0.2911758949215878,0.1936810438997364,0.3541666666666667,0.4626865671641791,4.020833333333333,6.119402985074627,1.0,2.4,1.0,0.6,-0.0323263412903638,0.1111111111111111,0.5263535312689887,-0.38575384390179723,0.1391666666666666,-0.12268656716417908,2.4325,-0.3194029850746274,2.3076923076923075,-0.6499999999999999,-0.2857142857142857,0.4,0.21256304969567189,0.4888888888888889,0.3939108750747193,13.86693978593463,9.44186046511628,0.0,0.0,0.0,-0.2332318440026672,6.143577337265015,6.785714285714286,0.1290322580645161,0.0,0.0,0.6271427190773865,7.723362448669615,2.6561461794019943,-0.1290322580645161,0.0,0.0,-3,1290.1,1.0,0,1,0,0,2,4,-2,0,0,0,2,2,0,2,0,2,2,2,0,0,0,0,1,0,1,0,0,0,0,0,0,1,0,1,1,0.2,0.8,0.93,0,0.93,1,5,-4
401326382,2021,REG,4,2021-10-03,Sunday,13:00,DET,CHI,14,24,Home,7,7,134,-148,3.0,-109,-101,42.0,-110,-101,1,outdoors,grass ,72.0,4.0,00-0033106,00-0036945,Jared Goff,Justin Fields,Dan Campbell,Matt Nagy,CHI98,Soldier Field,0.385,0.615,135,-145,+3-110,-3+100,17.772,0.5605,0.4359,0.0035,18.58,22.92,41.5,2.166,-2.166,-4.483,-6.039,41.5,-3.0,3.0,Grass,Rain,71.84,43%,Rain,4.38,224.0,10,38,1,7.0,WIN,UNDER,-0.6063796942159032,0.0425903417558522,0.238095238095238,0.4533333333333333,1.119047619047619,5.6,0.5454545454545454,2.363636363636364,0.0,0.3333333333333333,-0.4074423678229019,0.0909090909090909,-0.0417522312787427,0.0603679223095162,0.3833333333333333,0.4285714285714285,4.75,6.910714285714286,1.5454545454545454,1.9,0.6666666666666666,0.5,0.0797927400923799,0.3,-0.5646274629371605,-0.017777580553664005,-0.1452380952380953,0.024761904761904818,-3.630952380952381,-1.310714285714286,-1.0,0.4636363636363643,-0.6666666666666666,-0.16666666666666669,-0.4872351079152818,-0.2090909090909091,-0.7530783637308859,-38.76054361462593,5.7,0.3103448275862069,0.0,0.0,0.0981072583654167,4.892223647662571,4.8,0.0625,0.0,0.0,-0.8511856220963026,-43.6527672622885,0.9000000000000004,0.2478448275862069,0.0,0.0,0,236.6,1.0,1,0,0,0,1,1,0,1,0,1,4,3,1,0,1,-1,1,1,0,0,0,0,0,0,0,0,0,0,0,1,-1,0,0,0,0,0,0,0,0.65,-0.65,0,3,-3
401326383,2021,REG,4,2021-10-03,Sunday,13:00,CAR,DAL,28,36,Home,10,6,186,-210,4.5,-106,-104,51.5,-114,102,0,closed,matrixturf,,,00-0034869,00-0033077,Sam Darnold,Dak Prescott,Matt Rhule,Mike McCarthy,DAL00,AT&T Stadium,0.361,0.639,190,-212,+4½-110,-4½-110,51.378,0.5777,0.4188,0.0033,22.98,28.52,51.5,2.769,-2.769,5.383,-4.474,51.5,-4.5,4.5,Dome,,,,,,,8,64,1,3.5,WIN,OVER,0.0983287433037356,-0.2041740160455206,0.5882352941176471,0.3962264150943396,5.632352941176471,6.9245283018867925,2.5,1.1538461538461535,0.7142857142857143,0.6666666666666666,0.0470214186482028,0.5,0.1936810438997364,-0.2911758949215878,0.4626865671641791,0.3541666666666667,6.119402985074627,4.020833333333333,2.4,1.0,0.6,1.0,0.223535967376977,0.4545454545454545,-0.09535230059600079,0.0870018788760672,0.12554872695346797,0.042059748427672905,-0.4870500438981562,2.9036949685534594,0.10000000000000009,0.15384615384615352,0.11428571428571432,-0.33333333333333337,-0.1765145487287742,0.045454545454545525,0.3857206592151972,16.84191632270813,9.346153846153848,0.1333333333333333,0.0,0.0333333333333333,0.3242231600804736,-0.2808139179692124,7.911764705882353,0.081081081081081,0.0,0.054054054054054,0.06149749913472363,17.122730240677342,1.4343891402714952,0.0522522522522523,0.0,-0.020720720720720703,-4,945.0,1.0,1,0,0,0,4,1,3,0,1,-1,1,1,0,4,1,3,4,1,3,0,0,0,1,0,1,0,1,-1,2,0,2,1,0,1,0.01,0.3,-0.29,1.97,0,1.97,3,2,1
401326384,2021,REG,4,2021-10-03,Sunday,13:00,IND,MIA,27,17,Home,7,7,130,-144,2.5,102,-113,41.5,-104,-107,0,outdoors,grass ,85.0,16.0,00-0032950,00-0033119,Carson Wentz,Jacoby Brissett,Frank Reich,Brian Flores,MIA00,Hard Rock Stadium,0.444,0.556,130,-140,+2½-110,-2½-110,49.867,0.537,0.4593,0.0036,19.65,22.35,42.0,1.347,-1.347,-2.249,2.217,42.0,-2.5,2.5,Grass,Partly Cloudy Day,85.06,11%,Rain,11.97,95.0,-10,44,0,-12.5,LOSS,OVER,-0.0713711489681934,0.015241766698278,0.3717948717948718,0.4556962025316455,4.256410256410256,6.316455696202532,1.8333333333333333,2.230769230769231,0.6666666666666666,0.5,-0.2061121469253391,0.3333333333333333,-0.0452944596804292,0.0127750974099872,0.3859649122807017,0.4375,4.649122807017544,5.8125,1.7777777777777777,2.7777777777777777,0.3333333333333333,0.6,0.0185856781064695,0.25,-0.026076689287764195,0.0024666692882908004,-0.014170040485829871,0.0181962025316455,-0.39271255060728727,0.5039556962025324,0.05555555555555558,-0.5470085470085468,0.3333333333333333,-0.09999999999999998,-0.2246978250318086,0.08333333333333331,-0.0532684540150729,-3.732958879876644,7.979591836734694,0.0392156862745098,0.0,0.0196078431372549,-0.2194755337673785,-7.691875626059139,5.351351351351352,0.0512820512820512,0.0,0.0,0.1662070797523056,3.9589167461824952,2.6282404853833423,-0.012066365007541394,0.0,0.0196078431372549,0,1013.1,0.0,0,1,0,0,1,5,-4,0,0,0,0,4,-4,1,5,-4,1,5,-4,0,0,0,1,2,-1,0,0,0,0,1,-1,0,2,-2,1,1.21,-0.21,0,1.27,-1.27,1,3,-2
401326385,2021,REG,4,2021-10-03,Sunday,13:00,CLE,MIN,14,7,Home,7,7,-105,-106,-1.0,102,-113,52.0,102,-114,0,dome,sportturf,,,00-0034855,00-0029604,Baker Mayfield,Kirk Cousins,Kevin Stefanski,Mike Zimmer,MIN01,U.S. Bank Stadium,0.501,0.499,-110,-105,+0-110,+1-110,54.876,0.5133,0.4827,0.0038,25.22,26.28,51.5,0.53,-0.53,0.988,0.372,51.5,1.0,-1.0,Dome,,,,,,,-7,21,0,-6.0,LOSS,UNDER,0.2311405070655595,0.096254354732391,0.4794520547945205,0.5192307692307693,6.205479452054795,7.480769230769231,3.75,1.8888888888888888,0.5,1.0,0.1833012541933616,0.6428571428571429,0.0425903417558522,-0.6063796942159032,0.4533333333333333,0.238095238095238,5.6,1.119047619047619,2.363636363636364,0.5454545454545454,0.3333333333333333,0.0,0.0767673311934975,0.4705882352941176,0.1885501653097073,0.7026340489482942,0.02611872146118721,0.28113553113553125,0.6054794520547953,6.361721611721611,1.3863636363636358,1.3434343434343434,0.16666666666666669,1.0,0.1065339229998641,0.17226890756302532,0.492740543344588,6.371265492941204,4.973684210526316,0.0256410256410256,0.0,0.0256410256410256,-0.057085566617512,0.5530040839622765,9.870967741935484,0.1428571428571428,0.0,0.0,0.5498261099621,5.818261408978927,-4.897283531409168,-0.11721611721611719,0.0,0.0256410256410256,0,628.5,1.0,1,0,0,0,1,2,-1,0,0,0,4,3,1,1,1,0,1,2,-1,0,0,0,0,0,0,1,0,1,0,0,0,0,1,-1,0,0.66,-0.66,0,0.82,-0.82,3,2,1
401326386,2021,REG,4,2021-10-03,Sunday,13:00,NYG,NO,27,21,Home,7,7,286,-337,7.5,-118,107,43.0,103,-115,0,dome,sportturf,,,00-0035710,00-0031503,Daniel Jones,Jameis Winston,Joe Judge,Sean Payton,NOR00,Mercedes-Benz Superdome,0.228,0.772,290,-332,+7-110,-7-110,45.724,0.7392,0.2586,0.002,12.35,30.15,42.5,8.9,-8.9,2.593,-5.536,42.5,-7.0,7.0,Dome,,,,,,,-6,48,0,-13.5,LOSS,OVER,0.0656920487260945,-0.2669890192546764,0.5333333333333333,0.3714285714285714,4.233333333333333,4.285714285714286,1.6923076923076923,1.0833333333333333,0.6,0.5,-0.0616637685873664,0.4615384615384615,0.0423780916428279,0.0330504170151006,0.46875,0.3728813559322034,5.453125,5.016949152542373,1.2727272727272727,1.7,0.3333333333333333,1.0,-0.1053529875958813,0.5,0.023313957083266605,-0.30003943626977697,0.06458333333333333,-0.0014527845036320097,-1.2197916666666666,-0.7312348668280872,0.4195804195804196,-0.6166666666666667,0.26666666666666666,-0.5,0.0436892190085149,-0.03846153846153849,0.2194549640492672,2.980633378028869,9.666666666666666,0.125,0.0,0.0,0.2060633884142274,0.3017950057983394,6.8,0.054054054054054,0.0,0.027027027027027,0.013391575635039815,2.67883837223053,2.8666666666666663,0.070945945945946,0.0,-0.027027027027027,0,1169.8,1.0,1,0,0,0,2,3,-1,0,0,0,0,4,-4,2,2,0,2,3,-1,0,0,0,2,1,1,0,1,-1,0,0,0,0,0,0,0.21,1.47,-1.26,0,0,0,3,4,-1
401326387,2021,REG,4,2021-10-03,Sunday,13:00,TEN,NYJ,24,27,Home,7,7,-234,206,-5.5,-104,-106,44.5,-106,-105,0,outdoors,fieldturf,78.0,9.0,00-0029701,00-0037013,Ryan Tannehill,Zach Wilson,Mike Vrabel,Robert Saleh,NYC01,MetLife Stadium,0.714,0.286,-237,215,-5-110,+6-110,24.439,0.344,0.6531,0.0027,27.74,16.76,44.5,-5.493,5.493,-8.791,1.585,44.5,5.5,-5.5,Turf,Partly Cloudy Day,78.17,,,6.12,244.0,3,51,1,8.5,WIN,OVER,-0.5111708539858777,-0.0139238026850778,0.3396226415094339,0.4603174603174603,3.056603773584906,5.4603174603174605,0.0,2.363636363636364,0.0,0.4,-0.3453842862830865,0.3076923076923077,0.0127750974099872,-0.0452944596804292,0.4375,0.3859649122807017,5.8125,4.649122807017544,2.7777777777777777,1.7777777777777777,0.6,0.3333333333333333,0.0111396266182418,0.5,-0.5239459513958649,0.0313706569953514,-0.09787735849056611,0.07435254803675861,-2.755896226415094,0.8111946532999168,-2.7777777777777777,0.5858585858585865,-0.6,0.06666666666666671,-0.3565239129013283,-0.1923076923076923,-0.6026347862949478,-8.85535225723729,7.714285714285714,0.125,0.05,0.0,0.1176800972243656,1.1694467984713042,6.518518518518518,0.0357142857142857,0.0714285714285714,0.0,-0.7203148835193134,-10.024799055708593,1.1957671957671963,0.0892857142857143,-0.021428571428571394,0.0,0,757.0,1.0,0,1,0,0,3,6,-3,0,0,0,3,0,3,2,4,-2,3,5,-2,0,0,0,0,0,0,1,2,-1,0,1,-1,1,0,1,0.59,0.62,-0.03,1,1.1,-0.1,3,1,2
401326388,2021,REG,4,2021-10-03,Sunday,13:00,KC,PHI,42,30,Home,7,6,-349,296,-7.5,101,-112,53.5,-105,-106,0,outdoors,grass ,73.0,8.0,00-0033873,00-0036389,Patrick Mahomes,Jalen Hurts,Andy Reid,Nick Sirianni,PHI00,Lincoln Financial Field,0.749,0.251,-330,300,-7-110,+7-110,75.146,0.3261,0.6712,0.0026,33.17,20.83,54.0,-6.173,6.173,0.155,6.216,54.0,7.0,-7.0,Grass,Partly Cloudy Day,76.67,,,4.11,223.0,-12,72,0,-4.5,LOSS,OVER,-0.2041740160455206,0.0983287433037356,0.3962264150943396,0.5882352941176471,6.9245283018867925,5.632352941176471,1.1538461538461535,2.5,0.6666666666666666,0.7142857142857143,-0.1685855688186936,0.3333333333333333,0.0693017266716379,0.2338182503023298,0.5394736842105263,0.5409836065573771,5.75,5.819672131147541,2.4,3.0,0.75,0.8,-0.0287463257043396,0.6,-0.2734757427171585,-0.1354895069985942,-0.14324726911618674,0.047251687560269984,1.1745283018867925,-0.18731918997106956,-1.2461538461538464,-0.5,-0.08333333333333337,-0.08571428571428574,-0.139839243114354,-0.26666666666666666,-0.151911555332268,-3.8280412554740906,7.102564102564102,0.048780487804878,0.048780487804878,0.0,0.2413479260775707,1.1871366947889328,8.795454545454545,0.0434782608695652,0.0434782608695652,0.0,-0.3932594814098387,-5.015177950263023,-1.6928904428904428,0.0053022269353128,0.0053022269353128,0.0,-1,1029.9,1.0,0,1,0,0,1,1,0,0,0,0,0,2,-2,1,0,1,1,1,0,0,0,0,1,0,1,0,0,0,0,0,0,0,0,0,1,0,1,0,0.39,-0.39,2,0,2
401326389,2021,REG,4,2021-10-03,Sunday,16:05,ARI,LA,37,20,Home,7,7,178,-200,3.5,100,-111,53.5,-101,-110,1,dome,matrixturf,,,00-0035228,00-0026498,Kyler Murray,Matthew Stafford,Kliff Kingsbury,Sean McVay,LAX01,SoFi Stadium,0.367,0.633,182,-190,+4-110,-3½-110,78.879,0.609,0.3878,0.0031,23.12,30.88,54.0,3.879,-3.879,5.989,3.688,54.0,-3.5,3.5,Grass,Clear Day,94.89,,,3.41,227.0,-17,57,0,-20.5,LOSS,OVER,0.225831477390358,0.1831525623739068,0.4262295081967213,0.5211267605633803,6.704918032786885,6.28169014084507,3.4,2.4,0.8,0.75,-0.0296143916101478,0.6666666666666666,0.2161027628250227,-0.1572958153493416,0.53125,0.5384615384615384,6.359375,5.553846153846154,2.083333333333333,0.9285714285714286,0.6,0.4,0.2634197576876151,0.1111111111111111,0.009728714565335306,0.34044837772324843,-0.10502049180327871,-0.017334777898158182,0.34554303278688536,0.7278439869989164,1.3166666666666669,1.4714285714285713,0.20000000000000007,0.35,-0.2930341492977629,0.5555555555555556,0.4530451832448779,1.0004189453626935,9.447368421052632,0.0256410256410256,0.0,0.0,0.3489664452647482,14.001407693414126,7.705882352941177,0.0,0.0294117647058823,0.0,0.10407873798012973,-13.000988748051434,1.7414860681114552,0.0256410256410256,-0.0294117647058823,0.0,0,350.3,0.0,1,0,0,0,0,1,-1,0,0,0,2,3,-1,0,1,-1,0,1,-1,0,0,0,0,0,0,0,1,-1,0,0,0,0,0,0,0,0,0,0,0,0,1,3,-2
401326390,2021,REG,4,2021-10-03,Sunday,16:05,SEA,SF,28,21,Home,7,7,120,-133,2.5,-103,-107,52.0,-108,-103,1,outdoors,grass,80.0,0.0,00-0029263,00-0031345,Russell Wilson,Jimmy Garoppolo,Pete Carroll,Kyle Shanahan,SFO01,Levi's Stadium,0.417,0.583,120,-135,+2½-110,-2½-110,71.084,0.5631,0.4333,0.0034,23.74,28.26,52.0,2.258,-2.258,4.407,2.373,52.0,-2.5,2.5,Grass,Clear Day,87.42,,,5.2,314.0,-7,49,0,-9.5,LOSS,UNDER,0.0426442840848512,0.1212619866300442,0.4769230769230769,0.4736842105263157,4.584615384615384,6.192982456140351,2.5454545454545454,3.0,1.0,0.5,-0.0734825145309851,0.6363636363636364,0.096254354732391,0.2311405070655595,0.5192307692307693,0.4794520547945205,7.480769230769231,6.205479452054795,1.8888888888888888,3.75,1.0,0.5,0.1807335381400175,0.375,-0.053610070647539795,-0.1098785204355153,-0.04230769230769238,-0.005767844268204814,-2.8961538461538465,-0.012496995914443865,0.6565656565656566,-0.75,0.0,0.0,-0.2542160526710026,0.26136363636363635,0.0151891160626705,-2.11975927415647,6.525,0.0909090909090909,0.0227272727272727,0.0227272727272727,0.0209105369714124,13.776618561574391,8.8125,0.0588235294117647,0.0,0.0,-0.005721420908741899,-15.896377835730862,-2.2874999999999996,0.0320855614973262,0.0227272727272727,0.0227272727272727,0,704.5,0.0,0,1,0,0,1,2,-1,1,1,0,3,3,0,1,1,0,1,2,-1,0,0,0,0,1,-1,0,0,0,0,0,0,1,0,1,0,1.04,-1.04,0.1,0,0.1,0,3,-3
401326391,2021,REG,4,2021-10-03,Sunday,16:25,BAL,DEN,23,7,Home,7,7,107,-118,1.0,101,-111,44.0,-106,-105,0,outdoors,grass ,77.0,11.0,00-0034796,00-0031237,Lamar Jackson,Teddy Bridgewater,John Harbaugh,Vic Fangio,DEN00,Empower Field at Mile High,0.493,0.507,102,-115,+1½-110,-1-110,55.338,0.5469,0.4494,0.0036,20.31,23.69,44.0,1.694,-1.694,0.478,1.007,44.0,-1.0,1.0,Grass,Clear Day,77.48,,,4.35,102.0,-16,30,0,-17.0,LOSS,UNDER,-0.0139238026850778,-0.5111708539858777,0.4603174603174603,0.3396226415094339,5.4603174603174605,3.056603773584906,2.363636363636364,0.0,0.4,0.0,-0.0890522725687613,0.3636363636363636,0.0603679223095162,-0.0417522312787427,0.4285714285714285,0.3833333333333333,6.910714285714286,4.75,1.9,1.5454545454545454,0.5,0.6666666666666666,0.2450622844119544,0.1,-0.07429172499459401,-0.46941862270713497,0.0317460317460318,-0.04371069182389942,-1.4503968253968251,-1.6933962264150941,0.4636363636363643,-1.5454545454545454,-0.09999999999999998,-0.6666666666666666,-0.3341145569807157,0.26363636363636356,0.4420007383118976,12.745461612939836,8.0,0.074074074074074,0.0,0.0,0.2180010531943987,5.4869828400788485,17.633333333333333,0.1176470588235294,0.0294117647058823,0.0294117647058823,0.22399968511749893,7.258478772860988,-9.633333333333333,-0.043572984749455396,-0.0294117647058823,-0.0294117647058823,0,1507.7,2.0,1,0,0,0,1,2,-1,0,0,0,6,9,-3,1,2,-1,1,2,-1,0,0,0,1,1,0,0,0,0,0,1,-1,0,0,0,0.57,1,-0.43,0,0,0,3,5,-2
401326392,2021,REG,4,2021-10-03,Sunday,16:25,PIT,GB,17,27,Home,7,7,239,-276,6.5,-104,-106,45.0,-103,-108,0,outdoors,grass ,67.0,4.0,00-0022924,00-0023459,Ben Roethlisberger,Aaron Rodgers,Mike Tomlin,Matt LaFleur,GNB00,Lambeau Field,0.308,0.692,225,-245,+6-110,-5½-110,57.997,0.6127,0.3841,0.003,18.49,26.51,45.0,4.014,-4.014,5.281,-1.471,45.0,-6.0,6.0,Grass,Rain,66.65,42%,Rain,4.32,66.0,10,44,1,3.5,WIN,UNDER,0.1212619866300442,0.0426442840848512,0.4736842105263157,0.4769230769230769,6.192982456140351,4.584615384615384,3.0,2.5454545454545454,0.5,1.0,0.1345972231867361,0.4545454545454545,-0.1670286771029904,0.1416154883653634,0.3376623376623376,0.4615384615384615,4.441558441558442,6.974358974358975,0.9090909090909092,2.0,0.3333333333333333,0.75,-0.09130264650126,0.4736842105263157,0.2882906637330346,-0.09897120428051219,0.1360218728639781,0.015384615384615385,1.751424014581909,-2.389743589743591,2.090909090909091,0.5454545454545454,0.16666666666666669,0.25,0.22589986968799608,-0.019138755980861233,0.2258427126523724,15.732246060525217,10.727272727272728,0.03125,0.0,0.0,-0.1442481573675405,-5.367709465067962,5.413793103448276,0.064516129032258,0.032258064516129,0.0,0.3700908700199129,21.09995552559318,5.313479623824453,-0.03326612903225799,-0.032258064516129,0.0,0,496.2,1.0,1,0,0,0,1,3,-2,2,0,2,3,1,2,1,1,0,1,3,-2,0,0,0,0,1,-1,1,0,1,0,0,0,0,0,0,0.63,0.6,0.03,0,0.2,-0.2,1,3,-2
401326393,2021,REG,4,2021-10-03,Sunday,20:20,TB,NE,19,17,Home,7,7,-255,223,-6.0,-105,-105,49.5,-110,-101,0,outdoors,fieldturf,62.0,4.0,00-0019596,00-0036972,Tom Brady,Mac Jones,Bruce Arians,Bill Belichick,BOS00,Gillette Stadium,0.67,0.33,-276,260,-7+105,+7-115,92.34,0.431,0.5655,0.0034,27.09,22.41,49.5,-2.339,2.339,4.991,8.245,49.5,6.5,-6.5,Turf,Rain,60.52,36%,Rain,4.72,60.0,-2,36,0,4.0,WIN,UNDER,-0.2669890192546764,0.0656920487260945,0.3714285714285714,0.5333333333333333,4.285714285714286,4.233333333333333,1.0833333333333333,1.6923076923076923,0.5,0.6,-0.295564763143678,0.3684210526315789,0.1831525623739068,0.225831477390358,0.5211267605633803,0.4262295081967213,6.28169014084507,6.704918032786885,2.4,3.4,0.75,0.8,0.2338085077668399,0.4615384615384615,-0.4501415816285832,-0.1601394286642635,-0.14969818913480887,0.10710382513661204,-1.9959758551307845,-2.471584699453552,-1.3166666666666667,-1.7076923076923076,-0.25,-0.20000000000000007,-0.5293732709105179,-0.09311740890688258,-0.3185351775469156,-1.0197966998698662,12.411764705882351,0.0377358490566037,0.0566037735849056,0.0,0.2269534920675119,3.776960461227983,6.945454545454545,0.0517241379310344,0.0,0.0172413793103448,-0.5454886696144275,-4.796757161097849,5.466310160427806,-0.013988288874430696,0.0566037735849056,-0.0172413793103448,0,1161.9,0.0,0,1,0,0,1,2,-1,0,1,-1,8,2,6,1,1,0,1,1,0,0,0,0,0,0,0,1,0,1,0,0,0,0,1,-1,0.08,0.45,-0.37,0,0.18,-0.18,1,3,-2
401326394,2021,REG,4,2021-10-04,Monday,20:15,LV,LAC,14,28,Home,8,8,144,-161,3.0,-101,-109,52.0,-108,-103,1,dome,matrixturf,,,00-0031280,00-0036355,Derek Carr,Justin Herbert,Jon Gruden,Brandon Staley,LAX01,SoFi Stadium,0.346,0.654,155,-165,+3+100,-3-110,48.166,0.5997,0.397,0.0031,22.2,29.3,51.5,3.549,-3.549,1.79,-2.433,51.5,-3.0,3.0,Grass,Cloudy,77.39,9%,Rain,2.59,240.0,14,42,1,11.0,WIN,UNDER,0.2338182503023298,0.0693017266716379,0.5409836065573771,0.5394736842105263,5.819672131147541,5.75,3.0,2.4,0.8,0.75,0.2637168286795107,0.3636363636363636,0.015241766698278,-0.0713711489681934,0.4556962025316455,0.3717948717948718,6.316455696202532,4.256410256410256,2.230769230769231,1.8333333333333333,0.5,0.6666666666666666,-0.0877121436887324,0.5333333333333333,0.2185764836040518,0.1406728756398313,0.0852874040257316,0.16767881241565452,-0.4967835650549919,1.4935897435897436,0.7692307692307692,0.5666666666666667,0.30000000000000004,0.08333333333333337,0.3514289723682431,-0.16969696969696973,0.4055048825576864,7.954505937440055,6.131578947368421,0.025,0.0,0.0,0.1440225981246098,-1.7658206075429916,9.27906976744186,0.0652173913043478,0.0217391304347826,0.0,0.26148228443307664,9.720326544983045,-3.147490820073438,-0.040217391304347795,-0.0217391304347826,0.0,0,231.7,0.0,1,0,0,0,1,0,1,0,0,0,2,2,0,1,0,1,1,0,1,0,0,0,0,0,0,0,0,0,1,0,1,0,0,0,0,0,0,0.29,0,0.29,0,0,0
401326395,2021,REG,5,2021-10-07,Thursday,20:20,LA,SEA,26,17,Home,4,4,-135,122,-2.5,-116,105,53.5,-106,-105,1,outdoors,fieldturf,56.0,8.0,00-0026498,00-0029263,Matthew Stafford,Russell Wilson,Sean McVay,Pete Carroll,SEA00,Lumen Field,0.525,0.475,-138,130,-2½-110,+3-120,81.158,0.4984,0.4975,0.004,27.23,27.27,54.5,0.017,-0.017,2.373,5.989,54.5,2.5,-2.5,Turf,Clear Day,55.17,,,5.53,328.0,-9,43,0,-6.5,LOSS,UNDER,-0.0691620145640067,0.0816394066392127,0.3653846153846153,0.4931506849315068,4.538461538461538,6.287671232876712,2.0,1.6153846153846154,1.0,1.0,0.1317247051767827,0.2,0.0094203150722951,0.3059580654482863,0.5873015873015873,0.5616438356164384,6.380952380952381,6.397260273972603,2.0,3.7,0.5,0.6666666666666666,0.0367026582746036,0.5454545454545454,-0.0785823296363018,-0.2243186588090736,-0.22191697191697202,-0.06849315068493156,-1.842490842490843,-0.10958904109589085,0.0,-2.0846153846153848,0.5,0.33333333333333337,0.0950220469021791,-0.3454545454545454,-0.1756412698797738,4.3352463028647685,5.434782608695652,0.1153846153846153,0.0,0.0384615384615384,0.0581767097545513,-2.190810078527869,8.634146341463415,0.0,0.024390243902439,0.0,-0.2338179796343251,6.526056381392637,-3.199363732767763,0.1153846153846153,-0.024390243902439,0.0384615384615384,0,965.1,0.0,1,0,0,0,1,0,1,0,0,0,2,0,2,0,0,0,1,0,1,0,0,0,0,0,0,0,0,0,0,0,0,0,0,0,0.22,0,0.22,0,0,0,2,2,0
401326324,2021,REG,5,2021-10-10,Sunday,09:30,NYJ,ATL,20,27,Neutral,7,7,138,-153,3.0,-107,-103,45.5,102,-113,0,outdoors,grass,63.0,8.0,00-0037013,00-0026143,Zach Wilson,Matt Ryan,Robert Saleh,Arthur Smith,LON02,Tottenham Stadium,0.35,0.65,133,-145,+3-110,-3+100,5.568,0.5683,0.4281,0.0034,20.33,25.17,45.5,2.423,-2.423,-5.502,-8.791,45.5,-3.0,3.0,Turf,,,,,,,7,47,1,4.0,WIN,OVER,0.1058050601033049,0.243477157150944,0.4366197183098591,0.5079365079365079,5.267605633802817,6.555555555555555,3.0,3.4,0.8,0.8333333333333334,-0.0132917553979765,0.625,0.029418378650593,0.0218084483937542,0.4406779661016949,0.4574468085106383,6.033898305084746,4.595744680851064,1.9285714285714288,1.8461538461538465,0.6,0.3333333333333333,0.0178001394973964,0.4285714285714285,0.0763866814527119,0.2216687087571898,-0.004058247791835834,0.050489699425869616,-0.7662926712819287,1.9598108747044911,1.0714285714285712,1.5538461538461534,0.20000000000000007,0.5,-0.031091894895372903,0.1964285714285715,0.2885263853622256,-1.8137887120246887,10.476190476190476,0.0232558139534883,0.0,0.0,0.2597501772152434,-4.089557072695564,9.382352941176473,0.0285714285714285,0.0285714285714285,0.0285714285714285,0.028776208146982174,2.2757683606708756,1.0938375350140035,-0.005315614617940202,-0.0285714285714285,-0.0285714285714285,0,747.4,0.0,1,0,1,1,3,4,-1,2,0,2,0,2,-2,2,3,-1,3,3,0,0,0,0,0,0,0,2,1,1,0,0,0,0,2,-2,1.49,0.86,0.63,0.21,1.26,-1.05,1,0,1
401326396,2021,REG,5,2021-10-10,Sunday,13:00,PHI,CAR,21,18,Home,7,7,126,-139,2.5,104,-114,46.0,-106,-105,0,outdoors,grass ,76.0,13.0,00-0036389,00-0034869,Jalen Hurts,Sam Darnold,Nick Sirianni,Matt Rhule,CAR00,Bank of America Stadium,0.367,0.633,125,-138,+2½-101,-2½-110,32.441,0.647,0.3501,0.0028,17.77,28.23,46.0,5.228,-5.228,-4.474,0.155,46.0,-2.5,2.5,Grass,Partly Cloudy Day,75.04,,,9.36,25.0,-3,39,0,-5.5,LOSS,UNDER,0.0801505714651231,0.2589853363757345,0.4852941176470588,0.5535714285714286,5.573529411764706,7.75,2.5454545454545454,3.272727272727273,1.0,0.8333333333333334,0.1377469924465493,0.3076923076923077,0.2554008143152702,0.5315079557908429,0.5142857142857142,0.6451612903225806,6.585714285714285,7.612903225806452,3.75,5.25,0.5,1.0,0.2929928815335318,0.5,-0.17525024285014706,-0.27252261941510836,-0.028991596638655415,-0.09158986175115202,-1.0121848739495798,0.13709677419354804,-1.2045454545454546,-1.977272727272727,0.5,-0.16666666666666663,-0.1552458890869825,-0.1923076923076923,-0.0358440679940278,-0.2542535463968909,8.666666666666666,0.1136363636363636,0.0454545454545454,0.0,0.270989909906148,8.67996866052801,7.166666666666667,0.0588235294117647,0.0,0.0196078431372549,-0.3068339779001758,-8.9342222069249,1.4999999999999991,0.05481283422459891,0.0454545454545454,-0.0196078431372549,0,448.5,0.0,1,0,0,0,2,1,1,1,0,1,1,0,1,2,1,1,2,1,1,0,0,0,1,1,0,0,0,0,1,0,1,0,0,0,1,1,0,0.93,0,0.93,3,1,2
401326397,2021,REG,5,2021-10-10,Sunday,13:00,GB,CIN,25,22,Home,7,10,-123,111,-2.0,-104,-106,50.0,-108,-104,0,outdoors,fieldturf,76.0,12.0,00-0023459,00-0036442,Aaron Rodgers,Joe Burrow,Matt LaFleur,Zac Taylor,CIN00,Paul Brown Stadium,0.676,0.324,-128,115,-2-110,+2½-110,76.22,0.4607,0.5356,0.0037,26.29,23.71,50.0,-1.29,1.29,1.619,5.281,50.0,2.0,-2.0,Turf,Partly Cloudy Day,78.36,,,9.95,189.0,-3,47,0,-1.0,LOSS,UNDER,0.3271792658634729,0.1833308756795965,0.5454545454545454,0.5454545454545454,7.636363636363637,6.2,2.6666666666666665,2.625,0.75,0.75,0.2406530655806248,0.5555555555555556,0.0391811560970435,-0.1423064526134049,0.4857142857142857,0.3793103448275862,5.271428571428571,4.862068965517241,2.4545454545454546,1.5454545454545454,0.6,1.0,-0.0062304294778085,0.6,0.2879981097664294,0.3256373282930014,0.059740259740259705,0.16614420062695923,2.3649350649350653,1.337931034482759,0.21212121212121193,1.0795454545454546,0.15000000000000002,-0.25,0.2468834950584333,-0.0444444444444444,0.5330152362766195,10.651934472844005,7.34375,0.0303030303030303,0.0,0.0,0.0917616720637552,-6.735802718571255,9.555555555555555,0.0769230769230769,0.0,0.0,0.4412535642128643,17.38773719141526,-2.2118055555555554,-0.046620046620046596,0.0,0.0,3,415.7,1.0,0,1,0,0,1,2,-1,1,0,1,5,2,3,0,2,-2,0,2,-2,0,0,0,0,1,-1,0,0,0,0,0,0,0,1,-1,1,1,0,0,0.6,-0.6,0,3,-3
401326398,2021,REG,5,2021-10-10,Sunday,13:00,NE,HOU,25,22,Home,7,7,-339,288,-8.0,102,-112,39.5,-112,101,0,closed,astroturf,,,00-0036972,00-0036898,Mac Jones,Davis Mills,Bill Belichick,David Culley,HOU00,NRG Stadium,0.828,0.172,-360,330,-7½-110,+8-110,37.826,0.3062,0.6912,0.0024,26.65,12.85,39.5,-6.9,6.9,-8.598,4.991,39.5,8.0,-8.0,Dome,,,,,,,-3,47,0,5.0,WIN,OVER,-0.8317076259298206,0.1166577724165595,0.2142857142857142,0.6,2.595238095238096,6.457142857142857,0.0,3.333333333333333,0.0,0.5,-0.7437100681540135,0.1111111111111111,-0.0838258350421752,0.1005567731377996,0.4716981132075472,0.4366197183098591,5.566037735849057,5.408450704225352,1.5454545454545454,1.7272727272727273,0.6666666666666666,0.25,0.0230650996963959,0.2222222222222222,-0.7478817908876454,0.01610099927875991,-0.257412398921833,0.1633802816901409,-2.970799640610961,1.0486921529175053,-1.5454545454545454,1.6060606060606057,-0.6666666666666666,0.25,-0.7667751678504094,-0.1111111111111111,-0.9553806245336696,-15.85621252655983,8.571428571428571,0.125,0.1666666666666666,0.0416666666666666,0.0572353962647465,7.702410146594047,5.15,0.0909090909090909,0.0227272727272727,0.0,-1.012616020798416,-23.558622673153877,3.421428571428571,0.0340909090909091,0.1439393939393939,0.0416666666666666,0,1591.8,1.0,1,0,0,0,2,3,-1,0,0,0,3,9,-6,0,2,-2,1,2,-1,0,0,0,0,2,-2,0,0,0,0,0,0,0,0,0,0.06,1.09,-1.03,0,0,0,6,1,5
401326399,2021,REG,5,2021-10-10,Sunday,13:00,TEN,JAX,37,19,Home,7,10,-191,170,-4.0,-100,-110,49.0,-102,-109,1,outdoors,grass ,78.0,11.0,00-0029701,00-0036971,Ryan Tannehill,Trevor Lawrence,Mike Vrabel,Urban Meyer,JAX00,TIAA Bank Stadium,0.679,0.321,-192,180,-4-110,+4½-110,24.213,0.3847,0.6121,0.003,28.46,20.54,49.0,-3.963,3.963,-8.536,1.585,49.0,4.5,-4.5,Grass,Partly Cloudy Day,79.14,1%,Rain,8.35,20.0,-18,56,0,-14.0,LOSS,OVER,0.1833308756795965,0.3271792658634729,0.5454545454545454,0.5454545454545454,6.2,7.636363636363637,2.625,2.6666666666666665,0.75,0.75,0.2541728276041018,0.5,0.0218084483937542,0.029418378650593,0.4574468085106383,0.4406779661016949,4.595744680851064,6.033898305084746,1.8461538461538465,1.9285714285714288,0.3333333333333333,0.6,0.1096114413656989,0.2631578947368421,0.1615224272858423,0.2977608872128799,0.08800773694390712,0.10477657935285051,1.604255319148936,1.602465331278891,0.7788461538461535,0.7380952380952377,0.4166666666666667,0.15000000000000002,0.14456138623840292,0.2368421052631579,0.2562579353596084,11.046365174380217,9.0,0.04,0.0,0.0,0.0045281543267132,-2.3524247870153308,8.020408163265307,0.1228070175438596,0.0,0.0,0.2517297810328952,13.398789961395547,0.9795918367346932,-0.0828070175438596,0.0,0.0,3,500.8,1.0,0,1,0,0,1,6,-5,0,0,0,2,5,-3,1,3,-2,1,4,-3,0,0,0,0,0,0,0,1,-1,1,1,0,0,0,0,0,1.18,-1.18,0.49,0.31,0.18,1,2,-1
401326400,2021,REG,5,2021-10-10,Sunday,13:00,DET,MIN,17,19,Home,7,7,346,-418,10.0,-110,-100,49.5,102,-113,1,dome,sportturf,,,00-0033106,00-0029604,Jared Goff,Kirk Cousins,Dan Campbell,Mike Zimmer,MIN01,U.S. Bank Stadium,0.225,0.775,380,-420,+10-110,-10-110,40.025,0.7365,0.2613,0.0021,16.03,33.48,49.5,8.725,-8.725,0.988,-6.039,49.5,-10.0,10.0,Dome,,,,,,,2,36,1,-8.0,LOSS,UNDER,-0.261793651063213,-0.0698656103421862,0.3064516129032258,0.3866666666666666,4.129032258064516,4.386666666666667,0.5833333333333334,1.2727272727272727,1.0,0.5,-0.21133365643652,0.3125,-0.050385962710403,0.193241400079009,0.4776119402985074,0.4545454545454545,5.2388059701492535,6.818181818181818,1.5555555555555556,2.4,0.3333333333333333,0.75,0.0793199773563757,0.3636363636363636,-0.21140768835281,-0.2631070104211952,-0.1711603273952816,-0.06787878787878787,-1.1097737120847375,-2.4315151515151516,-0.9722222222222222,-1.1272727272727272,0.6666666666666667,-0.25,-0.2906536337928957,-0.05113636363636359,-0.2454842566803563,-11.322205927636888,8.421052631578947,0.05,0.025,0.0,0.1139041609560427,0.985149435094885,8.578947368421053,0.0952380952380952,0.0,0.0238095238095238,-0.359388417636399,-12.307355362731773,-0.1578947368421062,-0.0452380952380952,0.025,-0.0238095238095238,0,541.5,1.0,1,0,0,0,2,0,2,0,0,0,1,5,-4,2,0,2,2,0,2,0,0,0,0,0,0,1,0,1,1,0,1,0,0,0,0,0,0,0.27,0,0.27,5,3,2
401326401,2021,REG,5,2021-10-10,Sunday,13:00,DEN,PIT,19,27,Home,7,7,-124,113,-2.0,-106,-104,40.0,101,-113,0,outdoors,grass ,71.0,9.0,00-0031237,00-0022924,Teddy Bridgewater,Ben Roethlisberger,Vic Fangio,Mike Tomlin,PIT00,Heinz Field,0.465,0.535,-124,115,-1½-110,+2-110,46.165,0.4879,0.5081,0.0039,20.35,19.65,40.0,-0.347,0.347,-1.471,0.478,40.0,1.5,-1.5,Grass,Clear Day,73.83,,,2.98,151.0,8,46,1,10.0,WIN,OVER,-0.1423064526134049,0.0391811560970435,0.3793103448275862,0.4857142857142857,4.862068965517241,5.271428571428571,1.5454545454545454,2.4545454545454546,1.0,0.6,0.0645099819534354,0.3636363636363636,-0.2205266617016543,0.1018672774765532,0.3559322033898305,0.4857142857142857,4.305084745762712,5.8,0.5833333333333334,1.7692307692307692,0.5,0.5,-0.0142880536421823,0.2142857142857142,0.07822020908824939,-0.06268612137950971,0.023378141437755684,0.0,0.5569842197545292,-0.5285714285714285,0.962121212121212,0.6853146853146854,0.5,0.09999999999999998,0.0787980355956177,0.1493506493506494,-0.2503933365769538,1.441426422351446,7.35,0.0476190476190476,0.0238095238095238,0.0238095238095238,-0.3885648126435828,-17.704718932509422,9.875,0.1111111111111111,0.0,0.0,0.138171476066629,19.146145354860867,-2.5250000000000004,-0.0634920634920635,0.0238095238095238,0.0238095238095238,0,1318.1,2.0,0,1,0,0,4,1,3,0,0,0,0,5,-5,1,1,0,4,1,3,0,0,0,0,0,0,0,1,-1,0,0,0,1,0,1,0.82,0.26,0.56,1.09,0,1.09,0,4,-4
401326402,2021,REG,5,2021-10-10,Sunday,13:00,MIA,TB,17,45,Home,7,7,448,-564,11.0,-100,-110,48.0,-104,-107,0,outdoors,grass ,84.0,7.0,00-0033119,00-0019596,Jacoby Brissett,Tom Brady,Brian Flores,Bruce Arians,TAM00,Raymond James Stadium,0.128,0.872,500,-600,+11½-110,-11-110,57.636,0.7497,0.2482,0.0019,14.71,33.29,48.0,9.287,-9.287,8.245,-2.249,48.0,-11.0,11.0,Grass,Clear Day,84.47,1%,Rain,4.86,7.0,28,62,1,17.0,WIN,OVER,0.1005567731377996,-0.0838258350421752,0.4366197183098591,0.4716981132075472,5.408450704225352,5.566037735849057,1.7272727272727273,1.5454545454545454,0.25,0.6666666666666666,0.033523645305804,0.4736842105263157,-0.0973260367016226,0.1858521080015689,0.3673469387755102,0.421875,4.142857142857143,5.515625,1.7,2.7,0.6666666666666666,0.6,-0.0840596497138095,0.2727272727272727,0.1978828098394222,-0.2696779430437441,0.06927277953434885,0.049823113207547176,1.2655935613682088,0.05041273584905692,0.027272727272727337,-1.1545454545454548,-0.41666666666666663,0.06666666666666665,0.1175832950196135,0.200956937799043,0.051027446485389,-10.716984438341717,10.674418604651162,0.0227272727272727,0.0,0.0,-0.0169479001617219,1.05280727148056,7.666666666666667,0.0909090909090909,0.0,0.0606060606060606,0.0679753466471109,-11.769791709822277,3.0077519379844952,-0.0681818181818182,0.0,-0.0606060606060606,0,197.2,0.0,1,0,0,0,3,0,3,0,0,0,3,1,2,2,0,2,3,0,3,0,0,0,0,0,0,1,0,1,0,0,0,1,0,1,0.62,0,0.62,0.8,0,0.8,1,3,-2
401326403,2021,REG,5,2021-10-10,Sunday,13:00,NO,WAS,33,22,Home,7,7,-130,117,-2.5,-106,-104,43.5,-101,-110,0,outdoors,grass ,70.0,12.0,00-0031503,00-0031800,Jameis Winston,Taylor Heinicke,Sean Payton,Ron Rivera,WAS00,FedExField,0.574,0.426,-135,125,-2½-110,+2½-105,48.563,0.4273,0.5692,0.0034,24.2,19.3,43.5,-2.452,2.452,-2.937,2.593,43.5,2.5,-2.5,Grass,Cloudy,70.46,,,8.05,27.0,-11,55,0,-8.5,LOSS,OVER,0.243477157150944,0.1058050601033049,0.5079365079365079,0.4366197183098591,6.555555555555555,5.267605633802817,3.4,3.0,0.8333333333333334,0.8,0.2605214723572135,0.4444444444444444,0.1260401204786755,0.2366925292247355,0.5384615384615384,0.4426229508196721,6.230769230769231,7.983606557377049,1.9090909090909087,2.4545454545454546,1.0,0.6,0.1165003339159667,0.6153846153846154,0.11743703667226851,-0.1308874691214306,-0.030525030525030528,-0.00600323250981305,0.3247863247863245,-2.7160009235742324,1.4909090909090912,0.5454545454545454,-0.16666666666666663,0.20000000000000007,0.1440211384412468,-0.170940170940171,0.5165144468298615,3.524913029237227,8.93939393939394,0.0285714285714285,0.0,0.0,0.4759046684215427,-0.9378417678501296,6.3478260869565215,0.0,0.0,0.0,0.04060977840831875,4.4627547970873565,2.591567852437418,0.0285714285714285,0.0,0.0,0,973.0,1.0,0,1,0,0,3,2,1,0,0,0,4,0,4,2,2,0,3,2,1,0,0,0,1,2,-1,1,0,1,0,0,0,0,0,0,1.12,0.21,0.91,0,0,0,0,0,0
401326404,2021,REG,5,2021-10-10,Sunday,16:05,CLE,LAC,42,47,Home,7,6,117,-129,2.5,-106,-104,46.5,102,-114,0,dome,matrixturf,,,00-0034855,00-0036355,Baker Mayfield,Justin Herbert,Kevin Stefanski,Brandon Staley,LAX01,SoFi Stadium,0.465,0.535,125,-133,+2½-110,-2½-110,56.782,0.5479,0.4484,0.0036,21.78,25.22,47.0,1.716,-1.716,1.79,0.372,47.0,-2.5,2.5,Grass,Clear Day,79.43,,,2.89,213.0,5,89,1,2.5,WIN,OVER,0.0469610403524711,-0.2330633135807457,0.4520547945205479,0.3571428571428571,5.232876712328767,3.803571428571429,2.333333333333333,1.1666666666666667,0.8,1.0,0.1054448827512954,0.3076923076923077,-0.0698656103421862,-0.261793651063213,0.3866666666666666,0.3064516129032258,4.386666666666667,4.129032258064516,1.2727272727272727,0.5833333333333334,0.5,1.0,-0.0083710612713316,0.3888888888888889,0.11682665069465731,0.02873033748246731,0.06538812785388132,0.05069124423963128,0.8462100456621,-0.3254608294930872,1.0606060606060603,0.5833333333333334,0.30000000000000004,0.0,0.113815944022627,-0.08119658119658119,0.1263843828273821,0.120317130475431,7.921052631578948,0.05,0.0,0.0,-0.1638632646911771,-18.150971012730757,10.484848484848484,0.081081081081081,0.0,0.0,0.2902476475185592,18.27128814320619,-2.5637958532695366,-0.031081081081081,0.0,0.0,-1,2052.5,3.0,1,0,0,0,0,2,-2,1,0,1,1,10,-9,0,1,-1,0,2,-2,0,0,0,0,0,0,0,0,0,0,0,0,0,1,-1,0,0.66,-0.66,0,0.82,-0.82,2,3,-1
401326405,2021,REG,5,2021-10-10,Sunday,16:05,CHI,LV,20,9,Home,7,6,215,-245,5.5,-102,-108,46.0,-111,-101,0,dome,grass,,,00-0036945,00-0031280,Justin Fields,Derek Carr,Matt Nagy,Jon Gruden,VEG00,Allegiant Stadium,0.35,0.65,220,-232,+6-110,-5½-110,29.285,0.6358,0.3612,0.0029,18.18,27.82,46.0,4.817,-4.817,-2.433,-4.483,46.0,-5.5,5.5,Turf,,,,,,,-11,29,0,-16.5,LOSS,UNDER,-0.2330633135807457,0.0469610403524711,0.3571428571428571,0.4520547945205479,3.803571428571429,5.232876712328767,1.1666666666666667,2.333333333333333,1.0,0.8,-0.1143426926879328,0.3076923076923077,0.193241400079009,-0.050385962710403,0.4545454545454545,0.4776119402985074,6.818181818181818,5.2388059701492535,2.4,1.5555555555555556,0.75,0.3333333333333333,0.306961426880899,0.125,-0.4263047136597547,0.09734700306287411,-0.09740259740259738,-0.025557145777959478,-3.0146103896103895,-0.005929257820486811,-1.2333333333333332,0.7777777777777775,0.25,0.46666666666666673,-0.4213041195688318,0.1826923076923077,-0.1993423740216835,-2.357075177133084,8.647058823529411,0.1052631578947368,0.0263157894736842,0.0263157894736842,0.1786256344315382,9.237158123184653,13.647058823529411,0.0555555555555555,0.0555555555555555,0.0555555555555555,-0.3779680084532217,-11.594233300317736,-5.0,0.0497076023391813,-0.0292397660818713,-0.0292397660818713,-1,1526.1,2.0,1,0,0,0,3,4,-1,0,1,-1,1,4,-3,1,1,0,2,3,-1,0,0,0,0,0,0,0,1,-1,0,0,0,1,0,1,0.02,0.97,-0.95,0.37,0,0.37,1,1,0
401326406,2021,REG,5,2021-10-10,Sunday,16:25,SF,ARI,10,17,Home,7,7,231,-266,6.0,-110,-100,48.5,-105,-106,1,closed,grass ,,,00-0037012,00-0035228,Trey Lance,Kyler Murray,Kyle Shanahan,Kliff Kingsbury,PHO00,State Farm Stadium,0.291,0.709,242,-270,+6-110,-6-110,69.86,0.6408,0.3563,0.0028,19.25,29.25,48.5,5.0,-5.0,3.688,2.347,48.5,-6.0,6.0,Dome,,,,,,,7,27,1,1.0,WIN,UNDER,0.3059580654482863,0.0094203150722951,0.5616438356164384,0.5873015873015873,6.397260273972603,6.380952380952381,3.7,2.0,0.6666666666666666,0.5,0.1510852048328767,0.6153846153846154,0.0816394066392127,-0.0691620145640067,0.4931506849315068,0.3653846153846153,6.287671232876712,4.538461538461538,1.6153846153846154,2.0,1.0,1.0,0.2223374339109459,0.1428571428571428,0.2243186588090736,0.0785823296363018,0.06849315068493156,0.22191697191697202,0.10958904109589085,1.842490842490843,2.0846153846153848,0.0,-0.33333333333333337,-0.5,-0.07125222907806919,0.4725274725274726,0.3978770571653428,10.477124000417776,7.1875,0.0857142857142857,0.0,0.0,0.4145313927346203,-12.806630309890298,7.055555555555555,0.0526315789473684,0.0,0.0,-0.016654335569277534,23.283754310308076,0.13194444444444464,0.033082706766917304,0.0,0.0,0,607.9,0.0,0,1,0,0,2,2,0,0,1,-1,6,2,4,1,2,-1,2,2,0,0,1,-1,0,0,0,0,0,0,0,0,0,1,1,0,0.39,0.49,-0.1,0.71,0.1,0.61,2,1,1
401326407,2021,REG,5,2021-10-10,Sunday,16:25,NYG,DAL,20,44,Home,7,7,285,-335,7.5,-112,102,53.0,104,-116,1,closed,matrixturf,,,00-0035710,00-0033077,Daniel Jones,Dak Prescott,Joe Judge,Mike McCarthy,DAL00,AT&T Stadium,0.268,0.732,320,-336,+7½-110,-7-120,49.894,0.7293,0.2685,0.0021,18.08,34.92,53.0,8.423,-8.423,5.383,-5.536,53.0,-7.5,7.5,Dome,,,,,,,24,64,1,16.5,WIN,OVER,0.2589853363757345,0.0801505714651231,0.5535714285714286,0.4852941176470588,7.75,5.573529411764706,3.272727272727273,2.5454545454545454,0.8333333333333334,1.0,0.4600980432032057,0.3333333333333333,0.2366925292247355,0.1260401204786755,0.4426229508196721,0.5384615384615384,7.983606557377049,6.230769230769231,2.4545454545454546,1.9090909090909087,0.6,1.0,0.2975533986262197,0.3636363636363636,0.022292807150999017,-0.0458895490135524,0.11094847775175648,-0.053167420814479616,-0.23360655737704938,-0.6572398190045252,0.8181818181818183,0.6363636363636367,0.2333333333333334,0.0,0.16254464457698597,-0.030303030303030276,0.2758775576209494,-6.230046396905726,7.136363636363637,0.0,0.0,0.0,0.4094666596570454,8.72557188073794,9.375,0.0,0.025,0.0,-0.13358910203609597,-14.955618277643666,-2.2386363636363633,0.0,-0.025,0.0,0,1385.1,1.0,1,0,0,0,2,4,-2,0,0,0,5,1,4,1,3,-2,2,4,-2,0,0,0,0,1,-1,0,1,-1,0,0,0,1,1,0,0.01,1.47,-1.46,1.41,0.28,1.13,0,5,-5
401326408,2021,REG,5,2021-10-10,Sunday,20:20,BUF,KC,38,20,Home,7,7,121,-134,2.5,-101,-109,57.0,103,-114,0,outdoors,grass ,76.0,0.0,00-0034857,00-0033873,Josh Allen,Patrick Mahomes,Sean McDermott,Andy Reid,KAN00,GEHA Field at Arrowhead Stadium,0.39,0.61,130,-138,+3-119,-2½-110,94.424,0.4898,0.5062,0.0039,28.78,28.22,57.0,-0.282,0.282,6.216,8.594,57.0,-3.0,3.0,Grass,Cloudy,69.48,12%,Rain,5.61,33.0,-18,58,0,-20.5,LOSS,OVER,0.5315079557908429,0.2554008143152702,0.6451612903225806,0.5142857142857142,7.612903225806452,6.585714285714285,5.25,3.75,1.0,0.5,0.3875207569743417,0.9,0.1166577724165595,-0.8317076259298206,0.6,0.2142857142857142,6.457142857142857,2.595238095238096,3.333333333333333,0.0,0.5,0.0,0.168316673936975,0.4166666666666667,0.41485018337428337,1.0871084402450908,0.04516129032258065,0.30000000000000004,1.1557603686635947,3.9904761904761896,1.916666666666667,3.75,0.5,0.5,0.2192040830373667,0.48333333333333334,0.7333192152615201,17.037482857704163,7.3,0.032258064516129,0.032258064516129,0.0,0.0630862695704416,4.980937639872233,8.966666666666667,0.032258064516129,0.032258064516129,0.0,0.6702329456910785,12.056545217831928,-1.666666666666667,0.0,0.0,0.0,0,857.6,1.0,1,0,0,0,0,0,0,0,0,0,2,3,-1,0,0,0,0,0,0,0,0,0,0,0,0,0,0,0,0,0,0,0,0,0,0,0,0,0,0,0,0,3,-3
401326409,2021,REG,5,2021-10-11,Monday,20:15,IND,BAL,25,31,Home,8,8,301,-356,7.5,-105,-105,46.5,-103,-108,0,outdoors,grass,69.0,6.0,00-0032950,00-0034796,Carson Wentz,Lamar Jackson,Frank Reich,John Harbaugh,BAL00,M&T Bank Stadium,0.279,0.721,310,-345,+7½-110,-7½-110,62.429,0.6678,0.3295,0.0026,17.25,29.25,46.5,6.002,-6.002,1.007,2.217,46.5,-7.5,7.5,Grass,Partly Cloudy Night,67.38,,,4.49,35.0,6,56,1,-1.5,LOSS,OVER,0.1018672774765532,-0.2205266617016543,0.4857142857142857,0.3559322033898305,5.8,4.305084745762712,1.7692307692307692,0.5833333333333334,0.5,0.5,0.1465287003111542,0.4117647058823529,0.1858521080015689,-0.0973260367016226,0.421875,0.3673469387755102,5.515625,4.142857142857143,2.7,1.7,0.6,0.6666666666666666,0.0522405198307194,0.4,-0.0839848305250157,-0.1232006250000317,0.06383928571428571,-0.01141473538567972,0.2843749999999998,0.1622276029055687,-0.930769230769231,-1.1166666666666667,-0.09999999999999998,-0.16666666666666663,0.0942881804804348,0.0117647058823529,0.2604627103405351,0.7875307968684605,11.35135135135135,0.075,0.0,0.0,0.2916067627433324,13.50082354620099,8.8125,0.0588235294117647,0.0,0.0,-0.03114405240279733,-12.71329274933253,2.538851351351351,0.0161764705882353,0.0,0.0,0,509.4,0.0,0,1,0,0,1,5,-4,0,0,0,3,1,2,1,3,-2,1,3,-2,0,0,0,1,1,0,0,0,0,0,1,-1,0,1,-1,1,1.01,-0.01,0,0.76,-0.76,4,3,1
401326410,2021,REG,6,2021-10-14,Thursday,20:20,TB,PHI,28,22,Home,4,4,-274,238,-7.0,103,-114,53.0,-107,-104,0,outdoors,grass ,74.0,8.0,00-0019596,00-0036389,Tom Brady,Jalen Hurts,Bruce Arians,Nick Sirianni,PHI00,Lincoln Financial Field,0.775,0.225,-290,260,-6½-110,+7-119,81.255,0.2866,0.711,0.0023,34.14,18.86,53.0,-7.642,7.642,0.155,8.245,53.0,7.0,-7.0,Grass,Partly Cloudy Night,68.09,,,2.42,302.0,-6,50,0,1.0,WIN,UNDER,-0.255823759868133,-0.2988178640583671,0.35,0.4,4.616666666666666,3.8142857142857145,1.3333333333333333,1.1428571428571428,0.5,0.3333333333333333,-0.1495356000964597,0.3076923076923077,0.5237830395949029,-0.0272190380767484,0.6119402985074627,0.4509803921568627,8.343283582089553,5.901960784313726,4.5,1.8888888888888888,0.75,0.6666666666666666,0.3320054350734731,0.7272727272727273,-0.7796067994630359,-0.27159882598161866,-0.2619402985074627,-0.050980392156862675,-3.7266169154228868,-2.0876750700280113,-3.166666666666667,-0.746031746031746,-0.25,-0.3333333333333333,-0.48154103516993274,-0.4195804195804196,-0.2370143632020528,-4.92633721407722,7.864864864864865,0.05,0.025,0.0,0.6744178331331365,13.526475429534912,10.268292682926829,0.0476190476190476,0.0,0.0,-0.9114321963351893,-18.452812643612134,-2.4034278180619637,0.0023809523809524002,0.025,0.0,0,924.2,0.0,0,1,0,0,1,3,-2,0,0,0,0,3,-3,1,3,-2,1,3,-2,0,0,0,1,0,1,0,1,-1,0,1,-1,0,1,-1,1,0.62,0.38,0,1.3,-1.3,2,2,0
401326325,2021,REG,6,2021-10-17,Sunday,09:30,MIA,JAX,20,23,Neutral,7,7,-122,110,-2.5,104,-115,47.5,-107,-105,0,outdoors,grass,63.0,11.0,00-0036212,00-0036971,Tua Tagovailoa,Trevor Lawrence,Brian Flores,Urban Meyer,LON02,Tottenham Stadium,0.743,0.257,-125,115,-1½-110,+2½-110,20.289,0.3871,0.6097,0.0031,27.36,19.64,47.0,-3.859,3.859,-8.536,-1.285,47.0,1.5,-1.5,Turf,Clear Day,61.93,,,8.79,355.0,3,43,1,5.5,WIN,UNDER,-0.0635183347845799,0.2611688342595676,0.5522388059701493,0.4918032786885246,6.776119402985074,6.032786885245901,1.7272727272727273,3.1,0.6,0.6666666666666666,0.2235545208101064,0.3,-0.0272190380767484,0.5237830395949029,0.4509803921568627,0.6119402985074627,5.901960784313726,8.343283582089553,1.8888888888888888,4.5,0.6666666666666666,0.75,0.0640531254519539,0.2857142857142857,-0.0362992967078315,-0.2626142053353353,0.1012584138132866,-0.1201370198189381,0.8741586186713484,-2.3104966968436518,-0.16161616161616155,-1.4,-0.06666666666666665,-0.08333333333333337,0.1595013953581525,0.01428571428571429,-0.0435359353768228,4.986912463650559,7.606060606060606,0.0555555555555555,0.0277777777777777,0.0,-1.267231725427943,-38.06208769480387,-1.5,0.3333333333333333,0.0,0.0,1.2236957900511203,43.04900015845443,9.106060606060606,-0.2777777777777778,0.0277777777777777,0.0,0,313.4,0.0,1,0,1,1,2,2,0,0,0,0,2,4,-2,1,2,-1,1,2,-1,0,0,0,0,0,0,0,1,-1,1,0,1,0,1,-1,0,0.9,-0.9,0.53,0.84,-0.31,3,5,-2
401326411,2021,REG,6,2021-10-17,Sunday,13:00,LAC,BAL,6,34,Home,7,6,149,-166,3.0,106,-116,50.5,105,-117,0,outdoors,grass,63.0,15.0,00-0036355,00-0034796,Justin Herbert,Lamar Jackson,Brandon Staley,John Harbaugh,BAL00,M&T Bank Stadium,0.353,0.647,141,-150,+3-105,-3-110,59.825,0.5871,0.4095,0.0032,22.44,28.57,51.0,3.065,-3.065,1.007,1.79,51.0,-3.0,3.0,Grass,Partly Cloudy Day,62.93,,,13.01,302.0,28,40,1,25.0,WIN,UNDER,0.2906308066727429,0.3114101521987436,0.6164383561643836,0.484375,7.219178082191781,8.015625,3.1,2.5,0.6666666666666666,0.5,0.3399584564477048,0.375,0.3053580821669809,0.3032052962796783,0.4492753623188406,0.5,7.188405797101449,7.838235294117647,3.9166666666666665,3.5,1.0,0.625,0.1006403023527716,0.4615384615384615,-0.014727275494238024,0.00820485591906528,0.167162993845543,-0.015625,0.030772285090331586,0.17738970588235325,-0.8166666666666664,-1.0,-0.33333333333333337,-0.125,0.23931815409493318,-0.08653846153846151,0.6909422985901643,17.77243066665738,7.162790697674419,0.0425531914893617,0.0,0.0,0.3751728714519059,-6.022803982098897,9.534883720930232,0.0434782608695652,0.0,0.0,0.3157694271382584,23.795234648756278,-2.372093023255813,-0.0009250693802035012,0.0,0.0,-1,2321.9,3.0,0,1,0,0,2,1,1,0,0,0,3,2,1,2,1,1,2,1,1,0,0,0,1,0,1,1,0,1,0,1,-1,0,0,0,1.27,0,1.27,0,0.75,-0.75,3,1,2
401326412,2021,REG,6,2021-10-17,Sunday,13:00,MIN,CAR,34,28,Home,7,7,-134,121,-2.5,-110,-100,45.5,-110,-101,0,outdoors,grass ,62.0,7.0,00-0029604,00-0034869,Kirk Cousins,Sam Darnold,Mike Zimmer,Matt Rhule,CAR00,Bank of America Stadium,0.463,0.537,-135,125,-2-110,+2½-110,35.692,0.5435,0.4528,0.0036,21.2,24.3,45.5,1.554,-1.554,-4.474,0.988,45.5,2.5,-2.5,Grass,Clear Day,63.53,,,6.84,319.0,-6,62,0,-3.5,LOSS,OVER,-0.2988178640583671,-0.255823759868133,0.4,0.35,3.8142857142857145,4.616666666666666,1.1428571428571428,1.3333333333333333,0.3333333333333333,0.5,-0.2585144659980539,0.3333333333333333,-0.0618605316911345,-0.2033547346880383,0.3809523809523809,0.359375,6.095238095238095,4.53125,1.5833333333333333,1.5454545454545454,0.3333333333333333,1.0,-0.0787804037658497,0.3846153846153846,-0.23695733236723257,-0.05246902518009469,0.019047619047619146,-0.009375000000000022,-2.2809523809523804,0.08541666666666625,-0.44047619047619047,-0.21212121212121215,0.0,-0.5,-0.17973406223220417,-0.051282051282051266,-0.4487458165560207,-4.699736351475996,7.837837837837838,0.075,0.075,0.0,0.1460193944950224,6.463513258964785,7.470588235294118,0.0571428571428571,0.0285714285714285,0.0,-0.5947652110510431,-11.163249610440781,0.36724960254371997,0.017857142857142898,0.0464285714285715,0.0,0,937.8,1.0,0,1,0,0,3,2,1,0,0,0,2,0,2,2,1,1,2,1,1,0,0,0,0,0,0,1,0,1,1,1,0,0,0,0,0.3,0.21,0.09,0.93,0.27,0.66,0,2,-2
401326413,2021,REG,6,2021-10-17,Sunday,13:00,GB,CHI,24,14,Home,7,7,-228,201,-5.5,-106,-104,44.0,-105,-106,1,outdoors,grass ,59.0,6.0,00-0023459,00-0036945,Aaron Rodgers,Justin Fields,Matt LaFleur,Matt Nagy,CHI98,Soldier Field,0.699,0.301,-232,202,-5½-110,+5½-110,53.015,0.407,0.5897,0.0032,25.15,18.85,44.0,-3.153,3.153,-4.483,5.281,44.0,5.5,-5.5,Grass,Clear Day,60.95,,,8.41,257.0,-10,38,0,-4.5,LOSS,UNDER,0.0037998843196896,-0.1784115612968532,0.4576271186440678,0.3770491803278688,4.271186440677966,4.245901639344262,2.0,0.9,1.0,0.5,0.0136120506288969,0.4615384615384615,0.1375612683810355,0.0122067889313461,0.4516129032258064,0.4848484848484848,7.516129032258065,5.590909090909091,1.9230769230769231,1.6923076923076923,0.4,1.0,0.119752285687999,0.3636363636363636,-0.13376138406134588,-0.1906183502281993,0.006014215418261415,-0.10779930452061598,-3.2449425915800987,-1.345007451564829,0.07692307692307687,-0.7923076923076923,0.6,-0.5,-0.10614023505910211,0.09790209790209792,0.2265666246586036,-0.8923759585932683,9.75,0.0952380952380952,0.0,0.0,0.2171844392332062,15.069372568811689,9.18421052631579,0.05,0.025,0.0,0.009382185425397399,-15.961748527404957,0.5657894736842106,0.0452380952380952,-0.025,0.0,0,183.7,0.0,0,1,0,0,2,1,1,0,1,-1,10,2,8,0,1,-1,0,1,-1,0,0,0,0,0,0,0,0,0,0,0,0,0,1,-1,0.19,0,0.19,0,0.63,-0.63,2,1,1
401326414,2021,REG,6,2021-10-17,Sunday,13:00,CIN,DET,34,11,Home,7,7,-192,171,-3.5,-110,-100,46.5,-110,-101,0,dome,fieldturf,,,00-0036442,00-0033106,Joe Burrow,Jared Goff,Zac Taylor,Dan Campbell,DET00,Ford Field,0.608,0.392,-185,180,-3½-110,+3½-110,32.535,0.4347,0.5617,0.0034,25.43,21.07,46.5,-2.182,2.182,-6.039,1.619,46.5,3.5,-3.5,Dome,,,,,,,-23,45,0,-19.5,LOSS,UNDER,-0.2033547346880383,-0.0618605316911345,0.359375,0.3809523809523809,4.53125,6.095238095238095,1.5454545454545454,1.5833333333333333,1.0,0.3333333333333333,-0.1300495625576278,0.2727272727272727,0.0122067889313461,0.1375612683810355,0.4848484848484848,0.4516129032258064,5.590909090909091,7.516129032258065,1.6923076923076923,1.9230769230769231,1.0,0.4,-0.0128456083487491,0.3571428571428571,-0.2155615236193844,-0.19942180007217,-0.1254734848484848,-0.07066052227342551,-1.0596590909090908,-1.42089093701997,-0.14685314685314688,-0.33974358974358987,0.0,-0.06666666666666671,-0.11720395420887872,-0.08441558441558439,-0.3520506959616637,-1.6710618811268958,6.485714285714286,0.1,0.025,0.025,0.0571470477301627,2.5019346862225915,8.052631578947368,0.0714285714285714,0.0476190476190476,0.0,-0.40919774369182643,-4.172996567349488,-1.5669172932330824,0.02857142857142861,-0.0226190476190476,0.025,0,237.0,0.0,0,1,0,0,0,1,-1,0,0,0,4,3,1,0,0,0,0,1,-1,0,0,0,0,0,0,0,0,0,0,0,0,0,0,0,0,0,0,0,0,0,6,0,6
401326415,2021,REG,6,2021-10-17,Sunday,13:00,HOU,IND,3,31,Home,7,6,363,-442,10.5,-117,106,43.5,-111,-100,1,open,fieldturf,,,00-0036898,00-0032950,Davis Mills,Carson Wentz,David Culley,Frank Reich,IND00,Lucas Oil Stadium,0.134,0.866,468,-550,+13-110,-11-110,42.768,0.7133,0.2843,0.0022,14.77,30.23,45.0,7.733,-7.733,2.217,-8.598,45.0,-11.5,11.5,Dome,,,,,,,28,34,1,17.5,WIN,UNDER,0.3114101521987436,0.2906308066727429,0.484375,0.6164383561643836,8.015625,7.219178082191781,2.5,3.1,0.5,0.6666666666666666,0.2477220201101633,0.5,0.1921418144307753,0.015711005656976,0.3928571428571428,0.4833333333333333,6.428571428571429,5.866666666666666,2.0,2.7777777777777777,0.75,0.4,-0.1717617276918668,0.4285714285714285,0.11926833776796827,0.27491980101576685,0.0915178571428572,0.1331050228310503,1.5870535714285712,1.3525114155251146,0.5,0.3222222222222224,-0.25,0.2666666666666666,0.4194837478020301,0.07142857142857151,0.4347178082250156,4.16779710965998,5.828571428571428,0.0526315789473684,0.0,0.0263157894736842,0.5597514479869259,9.29164864398815,9.172413793103448,0.09375,0.0,0.0,-0.1250336397619103,-5.12385153432817,-3.34384236453202,-0.0411184210526316,0.0,0.0263157894736842,-1,870.9,1.0,0,1,0,0,5,2,3,0,0,0,1,4,-3,2,1,1,4,1,3,0,0,0,1,1,0,0,0,0,0,0,0,0,0,0,1.01,0.44,0.57,1.06,0,1.06,0,6,-6
401326416,2021,REG,6,2021-10-17,Sunday,13:00,LA,NYG,38,11,Home,10,7,-328,280,-7.5,107,-118,49.5,-113,101,0,outdoors,fieldturf,61.0,13.0,00-0026498,00-0035710,Matthew Stafford,Daniel Jones,Sean McVay,Joe Judge,NYC01,MetLife Stadium,0.761,0.239,-345,330,-7½+100,+7½-110,51.7,0.3397,0.6575,0.0027,30.09,18.91,49.0,-5.588,5.588,-5.536,5.989,49.0,7.5,-7.5,Turf,Partly Cloudy Day,62.45,,,11.27,289.0,-27,49,0,-19.5,LOSS,UNDER,-0.1296898572449231,0.1767300203575724,0.390625,0.4864864864864865,5.734375,6.95945945945946,1.6666666666666667,3.4545454545454546,0.6666666666666666,0.4444444444444444,-0.2001932381541943,0.3076923076923077,0.2150125348387122,-0.0836785249516522,0.5151515151515151,0.4166666666666667,7.227272727272727,5.9,2.1666666666666665,1.4166666666666667,0.6,0.5,0.2480946187131022,0.2,-0.3447023920836353,0.26040854530922464,-0.12452651515151514,0.06981981981981983,-1.4928977272727266,1.0594594594594593,-0.4999999999999998,2.037878787878788,0.06666666666666665,-0.05555555555555558,-0.4482878568672965,0.1076923076923077,0.0682647178876373,-17.905337306169365,14.76923076923077,0.0,0.0,0.0,0.369884966715625,9.665229746273583,12.675675675675675,0.0263157894736842,0.0263157894736842,0.0,-0.30162024882798766,-27.570567052442946,2.0935550935550946,-0.0263157894736842,-0.0263157894736842,0.0,-3,2449.4,3.0,0,1,0,0,3,0,3,0,0,0,4,0,4,2,0,2,3,0,3,0,0,0,0,0,0,2,0,2,0,0,0,0,0,0,0.44,0,0.44,0,0,0,0,1,-1
401326417,2021,REG,6,2021-10-17,Sunday,13:00,KC,WAS,31,13,Home,7,7,-255,223,-6.0,-105,-105,54.0,-106,-105,0,outdoors,grass ,62.0,13.0,00-0033873,00-0031800,Patrick Mahomes,Taylor Heinicke,Andy Reid,Ron Rivera,WAS00,FedExField,0.688,0.312,-280,270,-6½-110,+6½-101,62.957,0.3403,0.6569,0.0027,32.57,21.43,54.0,-5.567,5.567,-2.937,6.216,54.0,6.5,-6.5,Grass,Clear Day,64.08,,,11.33,303.0,-18,44,0,-12.0,LOSS,UNDER,-0.1450900928669636,0.1347032940280365,0.4545454545454545,0.3888888888888889,4.8441558441558445,6.851851851851852,1.8333333333333333,2.5384615384615383,0.4,1.0,-0.0097077622843228,0.3125,-0.157711290219852,0.3519229367740308,0.5063291139240507,0.4901960784313725,4.962025316455696,8.607843137254902,1.6666666666666667,2.6666666666666665,0.4,0.6666666666666666,-0.0627558850864068,0.4166666666666667,0.012621197352888414,-0.2172196427459943,-0.05178365937859619,-0.10130718954248358,-0.11786947229985145,-1.7559912854030495,0.16666666666666652,-0.1282051282051282,0.0,0.33333333333333337,0.053048122802084,-0.10416666666666669,-0.3024833455279126,-12.051729167379984,9.707317073170731,0.0454545454545454,0.0454545454545454,0.0,-0.1763385139690907,-3.647564113140106,6.722222222222222,0.0357142857142857,0.0357142857142857,0.0,-0.12614483155882192,-8.404165054239877,2.985094850948509,0.009740259740259702,0.009740259740259702,0.0,0,945.0,1.0,0,1,0,0,5,3,2,0,0,0,4,3,1,4,2,2,5,3,2,0,0,0,2,0,2,2,0,2,0,1,-1,0,1,-1,1.06,0.2,0.86,0,1.74,-1.74,3,0,3
401326418,2021,REG,6,2021-10-17,Sunday,16:05,ARI,CLE,37,14,Home,7,7,129,-143,3.0,-117,106,48.0,102,-114,0,outdoors,grass ,58.0,23.0,00-0035228,00-0034855,Kyler Murray,Baker Mayfield,Kliff Kingsbury,Kevin Stefanski,CLE00,FirstEnergy Stadium,0.493,0.507,130,-140,+3-119,-2½-110,65.772,0.5188,0.4773,0.0038,23.29,24.71,48.0,0.711,-0.711,0.372,3.688,48.0,-3.0,3.0,Grass,Partly Cloudy Day,58.9,4%,Rain,14.56,292.0,-23,51,0,-26.0,LOSS,OVER,0.3032052962796783,0.3053580821669809,0.5,0.4492753623188406,7.838235294117647,7.188405797101449,3.5,3.9166666666666665,0.625,1.0,0.4560784545856922,0.3333333333333333,-0.0120803203407126,-0.1737620814155603,0.4561403508771929,0.3898305084745763,5.456140350877193,5.728813559322034,1.7,1.1111111111111112,0.6666666666666666,0.5,-0.0317455941428003,0.3,0.3152856166203909,0.47912016358254117,0.0438596491228071,0.05944485384426429,2.382094943240454,1.4595922377794155,1.8,2.8055555555555554,-0.04166666666666663,0.5,0.4878240487284925,0.033333333333333326,0.3358082609337514,9.510231531899551,10.3125,0.0303030303030303,0.0,0.0303030303030303,0.1322313942826679,10.798075369426185,7.419354838709677,0.0606060606060606,0.0,0.0,0.2035768666510835,-1.2878438375266335,2.893145161290323,-0.0303030303030303,0.0,0.0303030303030303,0,1752.7,3.0,0,1,0,0,2,3,-1,0,0,0,10,5,5,2,1,1,2,2,0,0,0,0,0,1,-1,1,0,1,1,0,1,0,0,0,0.56,0.62,-0.06,0.04,0.09,-0.05,3,2,1
401326419,2021,REG,6,2021-10-17,Sunday,16:25,LV,DEN,34,24,Home,7,7,182,-205,5.0,-111,101,45.5,-111,-100,1,outdoors,grass ,76.0,8.0,00-0031280,00-0031237,Derek Carr,Teddy Bridgewater,Rich Bisaccia,Vic Fangio,DEN00,Empower Field at Mile High,0.387,0.613,190,-206,+5-110,-5-110,44.024,0.6274,0.3696,0.0029,18.01,26.99,45.0,4.489,-4.489,0.478,-2.433,45.0,-5.0,5.0,Grass,Clear Day,74.46,,,4.27,359.0,-10,58,0,-15.0,LOSS,OVER,0.1337669117245996,0.1375581203320579,0.4915254237288136,0.4666666666666667,6.338983050847458,6.533333333333333,1.7777777777777777,2.7,0.5,1.0,0.0606907462837019,0.1666666666666666,-0.1784115612968532,0.0037998843196896,0.3770491803278688,0.4576271186440678,4.245901639344262,4.271186440677966,0.9,2.0,0.5,1.0,-0.0871564834703539,0.3571428571428571,0.3121784730214528,0.13375823601236828,0.11447624340094475,0.009039548022598876,2.0930814115031957,2.262146892655367,0.8777777777777777,0.7000000000000002,0.0,0.0,0.1478472297540558,-0.1904761904761905,0.1773727371715168,6.298909868512835,8.842105263157896,0.048780487804878,0.024390243902439,0.0,-0.2383511834055241,-6.847838078226362,9.114285714285714,0.0769230769230769,0.0256410256410256,0.0,0.4157239205770409,13.146747946739197,-0.2721804511278183,-0.028142589118198898,-0.0012507817385865976,0.0,0,608.3,1.0,0,1,0,0,1,0,1,0,1,-1,3,1,2,0,0,0,0,0,0,0,0,0,0,0,0,0,0,0,0,0,0,0,0,0,0,0,0,0,0,0,1,1,0
401326420,2021,REG,6,2021-10-17,Sunday,16:25,DAL,NE,35,29,Home,7,7,-189,169,-3.5,-108,-102,50.5,-106,-105,0,outdoors,fieldturf,62.0,11.0,00-0033077,00-0036972,Dak Prescott,Mac Jones,Mike McCarthy,Bill Belichick,BOS00,Gillette Stadium,0.511,0.489,-190,190,-3½-110,+3½-103,82.329,0.4379,0.5585,0.0035,27.32,23.18,50.5,-2.072,2.072,4.991,5.383,50.5,3.5,-3.5,Turf,Clear Day,61.11,,,8.22,282.0,-6,64,0,-2.5,LOSS,OVER,0.015711005656976,0.1921418144307753,0.4833333333333333,0.3928571428571428,5.866666666666666,6.428571428571429,2.7777777777777777,2.0,0.4,0.75,-0.1230154276020083,0.5454545454545454,0.1767300203575724,-0.1296898572449231,0.4864864864864865,0.390625,6.95945945945946,5.734375,3.4545454545454546,1.6666666666666667,0.4444444444444444,0.6666666666666666,0.007271529180359,0.5714285714285714,-0.1610190147005964,0.32183167167569837,-0.003153153153153232,0.0022321428571427937,-1.0927927927927934,0.6941964285714288,-0.6767676767676769,0.33333333333333326,-0.0444444444444444,0.08333333333333337,-0.1302869567823673,-0.025974025974025983,0.2985952622467108,12.931793608835765,7.833333333333333,0.0333333333333333,0.0333333333333333,0.0,0.3042360998575897,3.6096760342198033,8.625,0.0588235294117647,0.0294117647058823,0.0,-0.005640837610878913,9.322117574615962,-0.791666666666667,-0.0254901960784314,0.003921568627450998,0.0,0,1549.5,1.0,0,1,0,0,2,1,1,0,0,0,7,6,1,1,0,1,1,1,0,0,0,0,1,0,1,0,0,0,0,0,0,0,0,0,1,0,1,0,0.56,-0.56,6,1,5
401326421,2021,REG,6,2021-10-17,Sunday,20:20,SEA,PIT,20,23,Home,10,7,189,-213,5.5,-104,-106,43.0,-104,-107,0,outdoors,grass ,49.0,6.0,00-0030565,00-0022924,Geno Smith,Ben Roethlisberger,Pete Carroll,Mike Tomlin,PIT00,Heinz Field,0.345,0.655,210,-220,+5½-110,-5½-110,43.199,0.5933,0.4034,0.0032,18.22,24.78,43.0,3.28,-3.28,-1.471,-0.342,43.0,-5.5,5.5,Grass,Clear Night,50.99,,,3.31,254.0,3,43,1,-2.5,LOSS,PUSH,0.1375581203320579,0.1337669117245996,0.4666666666666667,0.4915254237288136,6.533333333333333,6.338983050847458,2.7,1.7777777777777777,1.0,0.5,-0.047495925510096,0.5833333333333334,-0.0836785249516522,0.2150125348387122,0.4166666666666667,0.5151515151515151,5.9,7.227272727272727,1.4166666666666667,2.1666666666666665,0.5,0.6,0.0737574856666946,0.4,0.2212366452837101,-0.0812456231141126,0.04999999999999999,-0.023626091422701556,0.6333333333333329,-0.888289676425269,1.2833333333333334,-0.38888888888888884,0.5,-0.09999999999999998,-0.1212534111767906,0.18333333333333335,0.3595587429538601,-7.362532258033752,7.72,0.0384615384615384,0.0,0.0384615384615384,0.2576709879575891,0.6803512573242181,8.823529411764707,0.0,0.0588235294117647,0.0,0.10188775499627101,-8.042883515357971,-1.1035294117647068,0.0384615384615384,-0.0588235294117647,0.0384615384615384,-3,2131.6,3.0,0,1,0,0,2,3,-1,0,0,0,0,0,0,1,2,-1,2,3,-1,0,1,-1,0,0,0,1,1,0,0,0,0,0,0,0,0.38,1.93,-1.55,0.2,0,0.2,0,5,-5
401326422,2021,REG,6,2021-10-18,Monday,20:15,BUF,TEN,31,34,Home,8,8,-239,210,-6.0,-102,-108,53.5,-113,101,0,outdoors,grass ,66.0,6.0,00-0034857,00-0029701,Josh Allen,Ryan Tannehill,Sean McDermott,Mike Vrabel,NAS00,Nissan Stadium,0.702,0.298,-250,230,-6-110,+6½-110,86.655,0.2813,0.7163,0.0022,34.35,18.65,53.0,-7.854,7.854,1.585,8.594,53.0,6.0,-6.0,Grass,Clear Night,60.42,,,2.02,57.0,3,65,1,9.0,WIN,OVER,0.2611688342595676,-0.0635183347845799,0.4918032786885246,0.5522388059701493,6.032786885245901,6.776119402985074,3.1,1.7272727272727273,0.6666666666666666,0.6,0.1783130578649211,0.4545454545454545,0.3519229367740308,-0.157711290219852,0.4901960784313725,0.5063291139240507,8.607843137254902,4.962025316455696,2.6666666666666665,1.6666666666666667,0.6666666666666666,0.4,0.3780142504682128,0.4545454545454545,-0.0907541025144632,0.0941929554352721,0.0016072002571521082,0.04590969204609863,-2.5750562520090003,1.8140940865293782,0.43333333333333357,0.06060606060606055,0.0,0.19999999999999996,-0.1997011926032917,0.0,0.2631582034543298,0.2137574411573862,7.545454545454546,0.12,0.0,0.0,0.5551812121724643,3.4765582531690584,11.23076923076923,0.0,0.0,0.0,-0.2920230087181345,-3.262800812011672,-3.685314685314684,0.12,0.0,0.0,0,623.7,1.0,1,0,0,0,2,0,2,0,0,0,3,0,3,1,0,1,2,0,2,0,0,0,0,0,0,0,0,0,0,0,0,1,0,1,0,0,0,0.82,0,0.82,3,5,-2
401326423,2021,REG,7,2021-10-21,Thursday,20:20,DEN,CLE,14,17,Home,4,4,110,-121,2.0,-107,-103,40.5,-106,-105,0,outdoors,grass ,59.0,27.0,00-0031237,00-0028986,Teddy Bridgewater,Case Keenum,Vic Fangio,Kevin Stefanski,CLE00,FirstEnergy Stadium,0.447,0.553,115,-125,+2-110,-1½-110,47.672,0.5526,0.4437,0.0035,18.14,21.86,40.0,1.861,-1.861,-1.087,0.478,40.0,-1.5,1.5,Grass,Cloudy,57.25,,,16.17,265.0,3,31,1,1.0,WIN,UNDER,-0.2702495166650888,0.2237708940696204,0.3272727272727272,0.4393939393939394,5.2727272727272725,5.378787878787879,1.4,3.7,0.5,0.5,-0.006182716184767,0.3,-0.0015980333686405,0.3240670745443467,0.4545454545454545,0.4705882352941176,5.467532467532467,8.372549019607844,1.8461538461538465,2.6153846153846154,0.75,0.8,0.0329478689120151,0.3571428571428571,-0.2686514832964483,-0.1002961804747263,-0.12727272727272726,-0.031194295900178193,-0.19480519480519476,-2.9937611408199647,-0.44615384615384657,1.0846153846153848,-0.25,-0.30000000000000004,-0.0391305850967821,-0.057142857142857106,-1.308596089889761,-38.031065464019775,3.333333333333333,0.0,0.0,0.0,0.0715010256548345,10.12416835874319,10.020408163265309,0.0925925925925925,0.0555555555555555,0.0,-1.3800971155445956,-48.155233822762966,-6.6870748299319756,-0.0925925925925925,-0.0555555555555555,0.0,0,1225.3,2.0,0,1,0,0,3,2,1,0,0,0,8,3,5,2,0,2,2,1,1,1,0,1,0,0,0,1,0,1,0,0,0,0,0,0,1.49,0,1.49,0.92,0.06,0.86,1,0,1
401326424,2021,REG,7,2021-10-24,Sunday,13:00,CIN,BAL,41,17,Home,7,7,236,-272,6.5,-109,-101,45.5,-102,-109,1,outdoors,grass,61.0,6.0,00-0036442,00-0034796,Joe Burrow,Lamar Jackson,Zac Taylor,John Harbaugh,BAL00,M&T Bank Stadium,0.204,0.796,250,-265,+6½-110,-6-110,59.971,0.6831,0.3143,0.0025,16.48,29.52,46.0,6.52,-6.52,1.007,1.619,46.0,-6.5,6.5,Grass,Partly Cloudy Day,61.9,,,6.56,152.0,-24,58,0,-30.5,LOSS,OVER,0.0580679062612384,-0.3278701678665249,0.5606060606060606,0.3396226415094339,4.984848484848484,3.924528301886793,3.090909090909091,0.5454545454545454,0.8,0.5,0.0717856050289066,0.5454545454545454,0.2000213313857574,-0.1645131698245948,0.4461538461538462,0.360655737704918,6.1692307692307695,3.7704918032786887,3.090909090909091,1.1,0.8,0.5,0.0672163915056776,0.5333333333333333,-0.141953425124519,-0.1633569980419301,0.11445221445221437,-0.021033096195484102,-1.184382284382285,0.1540364986081042,0.0,-0.5545454545454547,0.0,0.0,0.004569213523229004,0.012121212121212088,-0.1128600984345109,5.374659873821117,6.62962962962963,0.1,0.0666666666666666,0.0,0.3380596989827607,-2.794221682207925,7.448275862068965,0.064516129032258,0.032258064516129,0.0,-0.4509197974172716,8.168881556029042,-0.8186462324393355,0.03548387096774201,0.0344086021505376,0.0,0,422.8,0.0,0,1,0,0,2,0,2,0,0,0,4,2,2,2,0,2,2,0,2,0,0,0,0,0,0,2,0,2,0,0,0,0,0,0,0.65,0,0.65,0,0,0,3,3,0
401326425,2021,REG,7,2021-10-24,Sunday,13:00,WAS,GB,10,24,Home,7,7,331,-397,8.5,-105,-105,48.0,-117,105,0,outdoors,grass ,49.0,11.0,00-0031800,00-0023459,Taylor Heinicke,Aaron Rodgers,Ron Rivera,Matt LaFleur,GNB00,Lambeau Field,0.241,0.759,360,-410,+9-110,-8½-110,53.704,0.7213,0.2764,0.0022,15.98,32.02,48.0,8.018,-8.018,5.281,-2.937,48.0,-8.5,8.5,Grass,Partly Cloudy Day,50.11,,,9.21,38.0,14,34,1,5.5,WIN,UNDER,0.2428252565638877,0.0199081088756333,0.5471698113207547,0.4561403508771929,6.188679245283019,4.859649122807017,2.6666666666666665,1.75,0.75,1.0,0.3020247404191953,0.25,-0.1682972307095291,0.1262349778587813,0.396551724137931,0.5,4.758620689655173,6.397435897435898,1.0833333333333333,2.8181818181818183,0.5,0.5714285714285714,-0.1720735031373227,0.5,0.4111224872734168,-0.106326868983148,0.1506180871828237,-0.0438596491228071,1.4300585556278467,-1.5377867746288807,1.5833333333333333,-1.0681818181818183,0.25,0.4285714285714286,0.474098243556518,-0.25,0.2612471421261702,12.779448429743448,8.478260869565217,0.1153846153846153,0.0,0.0,-0.1465655124971815,-6.753901869822771,7.051282051282051,0.0,0.0256410256410256,0.0,0.4078126546233517,19.53335029956622,1.4269788182831658,0.1153846153846153,-0.0256410256410256,0.0,0,694.0,1.0,1,0,0,0,2,4,-2,0,0,0,3,3,0,1,3,-2,2,4,-2,0,0,0,1,2,-1,0,1,-1,0,0,0,0,0,0,0.07,1.06,-0.99,0,0,0,2,1,1
401326426,2021,REG,7,2021-10-24,Sunday,13:00,ATL,MIA,30,28,Home,14,7,-129,117,-1.5,-113,103,48.5,-113,101,0,outdoors,grass ,85.0,9.0,00-0026143,00-0036212,Matt Ryan,Tua Tagovailoa,Arthur Smith,Brian Flores,MIA00,Hard Rock Stadium,0.528,0.472,-123,112,-1½-110,+2-110,27.687,0.5048,0.4912,0.0039,23.52,23.98,47.5,0.231,-0.231,-1.285,-5.502,47.5,1.5,-1.5,Grass,Partly Cloudy Day,84.15,6%,Rain,8.11,140.0,-2,58,0,-0.5,LOSS,OVER,0.1343176610800878,0.0885818098846593,0.4776119402985074,0.4516129032258064,6.432835820895522,6.387096774193548,1.818181818181818,2.090909090909091,0.5,0.6666666666666666,0.0380973753635771,0.5294117647058824,,,,,,,,,,,,,,,,,,,,,,,,,0.1903079538246772,5.544226001138273,7.829787234042553,0.0,0.0217391304347826,0.0,0.4735106453983274,6.355959309471978,7.466666666666667,0.0,0.0,0.0,-0.2832026915736502,-0.8117333083337055,0.36312056737588616,0.0,0.0217391304347826,0.0,-7,593.5,0.0,0,1,0,0,0,1,-1,0,1,-1,7,0,7,0,1,-1,0,1,-1,0,0,0,0,0,0,0,0,0,0,1,-1,0,0,0,0,0,0,0,0.45,-0.45,7,5,2
401326427,2021,REG,7,2021-10-24,Sunday,13:00,NYJ,NE,13,54,Home,14,7,261,-303,7.0,-108,-102,43.0,-112,100,1,outdoors,fieldturf,52.0,0.0,00-0037013,00-0036972,Zach Wilson,Mac Jones,Robert Saleh,Bill Belichick,BOS00,Gillette Stadium,0.264,0.736,280,-320,+7-105,-7-110,45.624,0.7095,0.2881,0.0023,13.71,28.79,42.5,7.543,-7.543,4.991,-8.791,42.5,-7.0,7.0,Turf,Clear Day,54.84,,,6.17,226.0,41,67,1,34.0,WIN,OVER,-0.0128136500612243,0.1614611183855448,0.4897959183673469,0.4939759036144578,6.959183673469388,6.831325301204819,2.071428571428572,2.4166666666666665,1.0,0.3333333333333333,0.0436227189260534,0.3333333333333333,,,,,,,,,,,,,,,,,,,,,,,,,-0.1352064735698707,6.942570493334816,8.19047619047619,0.0833333333333333,0.0416666666666666,0.0416666666666666,-0.1372117491203489,-4.121632970148517,8.625,0.0571428571428571,0.0285714285714285,0.0,0.0020052755504781916,11.064203463483333,-0.4345238095238102,0.0261904761904762,0.0130952380952381,0.0416666666666666,-7,170.2,0.0,0,1,0,0,2,1,1,0,1,-1,14,1,13,0,1,-1,1,1,0,0,0,0,0,0,0,0,1,-1,0,0,0,0,0,0,0,0.75,-0.75,0.49,0,0.49,2,3,-1
401326428,2021,REG,7,2021-10-24,Sunday,13:00,CAR,NYG,3,25,Home,7,7,-154,139,-3.0,-103,-107,42.5,-105,-106,0,outdoors,fieldturf,57.0,0.0,00-0034869,00-0035710,Sam Darnold,Daniel Jones,Matt Rhule,Joe Judge,NYC01,MetLife Stadium,0.549,0.451,-145,135,-3+100,+3-110,15.945,0.4303,0.5661,0.0034,23.82,19.18,43.0,-2.322,2.322,-5.536,-4.474,43.0,3.0,-3.0,Turf,Partly Cloudy Day,58.62,,,5.17,218.0,22,28,1,25.0,WIN,UNDER,-0.2637876593715491,0.1656781863644044,0.3783783783783784,0.4923076923076923,3.554054054054054,5.630769230769231,0.9166666666666666,2.923076923076923,0.5,0.8333333333333334,-0.3374707084607238,0.2666666666666666,-0.273969902256977,0.0771772322760545,0.3823529411764705,0.4235294117647059,4.544117647058823,6.7176470588235295,1.375,2.125,0.5,0.5,-0.3583101853904015,0.1666666666666666,0.010182242885427906,0.0885009540883499,-0.003974562798092107,0.0687782805429864,-0.9900635930047694,-1.0868778280542983,-0.45833333333333337,0.7980769230769229,0.0,0.33333333333333337,0.02083947692967769,0.1,-0.2625301151029174,-9.59306936711073,6.862745098039215,0.0714285714285714,0.0535714285714285,0.0357142857142857,-0.3492213624801761,-20.30991506882203,10.317073170731708,0.0869565217391304,0.0217391304347826,0.0217391304347826,0.0866912473772587,10.7168457017113,-3.454328072692493,-0.015527950310559008,0.0318322981366459,0.013975155279503097,0,533.7,0.0,0,1,0,0,3,3,0,1,0,1,5,2,3,2,1,1,3,2,1,0,0,0,0,0,0,2,0,2,0,1,-1,0,0,0,0.52,0.35,0.17,0,0.93,-0.93,0,6,-6
401326429,2021,REG,7,2021-10-24,Sunday,13:00,KC,TEN,3,27,Home,7,6,-209,185,-4.0,-110,-100,57.5,-111,-101,0,outdoors,grass ,74.0,14.0,00-0033873,00-0029701,Patrick Mahomes,Ryan Tannehill,Andy Reid,Mike Vrabel,NAS00,Nissan Stadium,0.659,0.341,-190,175,-4-110,+4-110,80.012,0.4058,0.5908,0.0032,32.68,26.32,59.0,-3.178,3.178,1.585,6.216,59.0,4.0,-4.0,Grass,Partly Cloudy Day,75.25,2%,Rain,10.47,196.0,24,30,1,28.0,WIN,UNDER,0.2521200041807778,0.1211674085503641,0.46,0.4729729729729729,7.26,5.662162162162162,3.090909090909091,3.1,0.8,0.5,0.2261156781400458,0.4,0.1262349778587813,-0.1682972307095291,0.5,0.396551724137931,6.397435897435898,4.758620689655173,2.8181818181818183,1.0833333333333333,0.5714285714285714,0.5,-0.0451671666124346,0.6470588235294118,0.1258850263219965,0.2894646392598932,-0.03999999999999998,0.07642124883504192,0.862564102564102,0.9035414725069897,0.2727272727272725,2.0166666666666666,0.22857142857142865,0.0,0.2712828447524804,-0.24705882352941178,0.2416593831475391,2.605725646018982,8.758620689655173,0.0,0.0344827586206896,0.0,0.2466881239560922,5.13447708553738,7.446808510638298,0.06,0.04,0.02,-0.005028740808553089,-2.5287514395183983,1.3118121790168749,-0.06,-0.005517241379310402,-0.02,-1,466.6,0.0,0,1,0,0,3,3,0,0,0,0,4,4,0,2,2,0,3,2,1,0,0,0,1,0,1,1,1,0,0,1,-1,0,0,0,0.68,0.19,0.49,0.17,0.19,-0.02,3,1,2
401326430,2021,REG,7,2021-10-24,Sunday,16:05,DET,LA,19,28,Home,7,7,860,-1256,17.0,-116,105,51.0,-110,-101,0,dome,matrixturf,,,00-0033106,00-0026498,Jared Goff,Matthew Stafford,Dan Campbell,Sean McVay,LAX01,SoFi Stadium,0.074,0.926,1000,-1410,+16½-110,-16½-110,49.982,0.8643,0.1345,0.001,10.27,40.23,50.5,14.976,-14.976,5.989,-6.039,50.5,-16.5,16.5,Grass,Cloudy,69.57,,,1.56,215.0,9,47,1,-8.0,LOSS,UNDER,0.1656781863644044,-0.2637876593715491,0.4923076923076923,0.3783783783783784,5.630769230769231,3.554054054054054,2.923076923076923,0.9166666666666666,0.8333333333333334,0.5,0.3454141583480613,0.1818181818181818,-0.1645131698245948,0.2000213313857574,0.360655737704918,0.4461538461538462,3.7704918032786887,6.1692307692307695,1.1,3.090909090909091,0.5,0.8,-0.1720009941425153,0.3571428571428571,0.3301913561889992,-0.46380899075730647,0.1316519546027743,-0.06777546777546778,1.8602774274905425,-2.6151767151767156,1.8230769230769228,-2.1742424242424243,0.33333333333333337,-0.30000000000000004,0.5174151524905766,-0.1753246753246753,0.6190725527771671,11.725276921476636,7.714285714285714,0.0666666666666666,0.0333333333333333,0.0333333333333333,-0.1508688008796275,-2.7894046826240344,6.380952380952381,0.0232558139534883,0.0232558139534883,0.0,0.7699413536567946,14.514681604100671,1.333333333333333,0.043410852713178294,0.010077519379845,0.0333333333333333,0,1987.4,3.0,1,0,0,0,0,0,0,0,0,0,1,4,-3,0,0,0,0,0,0,0,0,0,0,0,0,0,0,0,0,0,0,0,0,0,0,0,0,0,0,0,1,2,-1
401326431,2021,REG,7,2021-10-24,Sunday,16:05,PHI,LV,22,33,Home,10,7,-102,-108,1.0,-109,-101,48.0,-106,-105,0,dome,grass,,,00-0036389,00-0031280,Jalen Hurts,Derek Carr,Nick Sirianni,Rich Bisaccia,VEG00,Allegiant Stadium,0.371,0.629,-105,-110,+1-110,+0-110,41.022,0.601,0.3957,0.0031,20.46,27.54,48.0,3.536,-3.536,-2.433,0.155,48.0,-1.0,1.0,Turf,,,,,,,11,55,1,10.0,WIN,OVER,0.3240670745443467,-0.0015980333686405,0.4705882352941176,0.4545454545454545,8.372549019607844,5.467532467532467,2.6153846153846154,1.8461538461538465,0.8,0.75,0.274436855269596,0.3636363636363636,0.0209590113367558,0.2648134835043623,0.4166666666666667,0.5428571428571428,4.479166666666667,5.728571428571429,1.5,2.5454545454545454,1.0,0.8,-0.0359715681471344,0.3,0.30310806320759087,-0.2664115168730028,0.0539215686274509,-0.08831168831168834,3.8933823529411766,-0.2610389610389614,1.1153846153846154,-0.6993006993006989,-0.19999999999999996,-0.050000000000000044,0.31040842341673036,0.0636363636363636,0.5687696697426969,9.725380420684814,11.851851851851851,0.0689655172413793,0.0,0.0,-0.2267534272906043,-11.024804537494978,10.923076923076923,0.0689655172413793,0.0344827586206896,0.0,0.7955230970333013,20.750184958179794,0.9287749287749278,0.0,-0.0344827586206896,0.0,-3,2176.4,3.0,1,0,0,0,1,0,1,0,0,0,2,2,0,0,0,0,0,0,0,0,0,0,0,0,0,0,0,0,0,0,0,0,0,0,0.09,0,0.09,0,0,0,3,2,1
401326432,2021,REG,7,2021-10-24,Sunday,16:25,HOU,ARI,5,31,Home,7,7,1119,-1766,20.5,-111,100,47.0,101,-112,0,closed,grass ,,,00-0036898,00-0035228,Davis Mills,Kyler Murray,David Culley,Kliff Kingsbury,PHO00,State Farm Stadium,0.077,0.923,1300,-2075,+20-110,-20-110,46.82,0.8854,0.1136,0.0009,7.38,40.12,47.5,16.371,-16.371,3.688,-8.598,47.5,-20.0,20.0,Dome,,,,,,,26,36,1,5.5,WIN,UNDER,0.2237708940696204,-0.2702495166650888,0.4393939393939394,0.3272727272727272,5.378787878787879,5.2727272727272725,3.7,1.4,0.5,0.5,-0.0283259824466179,0.5333333333333333,-0.2236910534117768,0.2828231741774165,0.4054054054054054,0.4042553191489361,4.77027027027027,8.27659574468085,0.2727272727272727,2.8181818181818183,0.0,1.0,-0.3045193163466386,0.5294117647058824,0.4474619474813972,-0.5530726908425052,0.03398853398853402,-0.07698259187620887,0.6085176085176087,-3.003868471953578,3.4272727272727277,-1.4181818181818184,0.5,-0.5,0.2761933339000207,0.0039215686274509665,0.455528338077756,9.54547609601702,8.8,0.0625,0.0,0.0,-0.1999862421616573,-1.9808316514605568,6.488372093023256,0.0444444444444444,0.0444444444444444,0.0,0.6555145802394133,11.526307747477578,2.311627906976745,0.018055555555555602,-0.0444444444444444,0.0,0,1025.3,2.0,1,0,0,0,2,2,0,0,0,0,3,3,0,1,0,1,1,1,0,0,0,0,0,0,0,0,0,0,1,0,1,0,0,0,0.33,0,0.33,0.05,0.4,-0.35,4,3,1
401326433,2021,REG,7,2021-10-24,Sunday,16:25,CHI,TB,3,38,Home,7,10,501,-644,12.5,-114,103,47.0,-110,-101,0,outdoors,grass ,83.0,7.0,00-0036945,00-0019596,Justin Fields,Tom Brady,Matt Nagy,Bruce Arians,TAM00,Raymond James Stadium,0.117,0.883,562,-695,+12½-110,-12-110,51.342,0.8121,0.1863,0.0015,11.43,35.57,47.0,12.07,-12.07,8.245,-4.483,47.0,-12.0,12.0,Grass,Cloudy,83.08,15%,Rain,6.65,170.0,35,41,1,22.5,WIN,UNDER,0.2648134835043623,0.0209590113367558,0.5428571428571428,0.4166666666666667,5.728571428571429,4.479166666666667,2.5454545454545454,1.5,0.8,1.0,0.2432332137822206,0.5384615384615384,0.0199081088756333,0.2428252565638877,0.4561403508771929,0.5471698113207547,4.859649122807017,6.188679245283019,1.75,2.6666666666666665,1.0,0.75,0.1278768428435962,0.3636363636363636,0.244905374628729,-0.22186624522713191,0.08671679197994991,-0.13050314465408802,0.8689223057644115,-1.7095125786163523,0.7954545454545454,-1.1666666666666665,-0.19999999999999996,0.25,0.11535637093862439,0.17482517482517484,0.3213278674929392,12.943631197725024,6.738095238095238,0.0,0.0238095238095238,0.0,-0.1362829339040834,-0.3452732563018799,12.11111111111111,0.1290322580645161,0.032258064516129,0.0,0.4576108013970226,13.288904454026904,-5.373015873015873,-0.1290322580645161,-0.008448540706605195,0.0,3,1001.7,1.0,0,1,0,0,4,1,3,0,0,0,2,8,-6,3,1,2,4,1,3,0,0,0,0,0,0,1,0,1,1,0,1,1,1,0,1.11,0,1.11,0.64,0.68,-0.04,2,3,-1
401326434,2021,REG,7,2021-10-24,Sunday,20:20,IND,SF,30,18,Home,7,14,152,-169,3.5,-117,106,41.5,-102,-110,0,outdoors,grass,64.0,16.0,00-0032950,00-0031345,Carson Wentz,Jimmy Garoppolo,Frank Reich,Kyle Shanahan,SFO01,Levi's Stadium,0.321,0.679,155,-165,+3+100,-3-110,63.367,0.6528,0.3444,0.0027,15.36,26.14,41.5,5.389,-5.389,4.407,2.217,41.5,-3.5,3.5,Grass,Rain,62.45,90%,Rain,16.23,176.0,-12,48,0,-15.5,LOSS,OVER,,,,,,,,,,,,,0.2828231741774165,-0.2236910534117768,0.4042553191489361,0.4054054054054054,8.27659574468085,4.77027027027027,2.8181818181818183,0.2727272727272727,1.0,0.0,0.2518779594069605,0.3,,,,,,,,,,,,,-0.0514763772766914,-2.1421525966037405,9.782608695652174,0.0416666666666666,0.0416666666666666,0.0,0.302809182493281,-1.0693922638893127,12.2,0.0909090909090909,0.0,0.0,-0.3542855597699724,-1.0727603327144277,-2.4173913043478255,-0.049242424242424296,0.0416666666666666,0.0,7,1927.9,3.0,1,0,0,0,3,5,-2,1,0,1,1,1,0,1,3,-2,2,4,-2,0,0,0,0,1,-1,0,0,0,1,0,1,0,2,-2,1,1.01,-0.01,0.93,1.97,-1.04,6,4,2
401326435,2021,REG,7,2021-10-25,Monday,20:15,NO,SEA,13,10,Home,15,8,-237,208,-6.0,-104,-106,42.0,-102,-109,0,outdoors,fieldturf,54.0,16.0,00-0031503,00-0030565,Jameis Winston,Geno Smith,Sean Payton,Pete Carroll,SEA00,Lumen Field,0.742,0.258,-230,210,-5½-110,+6-110,59.282,0.4071,0.5896,0.0032,24.13,17.87,42.0,-3.134,3.134,-0.342,2.593,42.0,6.0,-6.0,Turf,Rain,52.22,47%,Rain,14.6,171.0,-3,23,0,3.0,WIN,UNDER,-0.0512944837622572,0.0006549642591046,0.4677419354838709,0.4142857142857143,5.0,4.928571428571429,1.4285714285714286,1.7692307692307692,0.6666666666666666,0.5,0.0648605096293613,0.25,,,,,,,,,,,,,,,,,,,,,,,,,-0.2340709988292595,0.5111885647619926,3.09375,0.1388888888888889,0.0,0.0277777777777777,0.2243235495734552,-4.662448433893068,12.166666666666666,0.0625,0.03125,0.03125,-0.4583945484027147,5.17363699865506,-9.072916666666666,0.0763888888888889,-0.03125,-0.0034722222222223,-7,2098.1,2.0,1,0,0,0,0,4,-4,0,0,0,4,0,4,0,1,-1,0,4,-4,0,0,0,0,0,0,0,1,-1,0,0,0,0,0,0,0,0.24,-0.24,0,0.43,-0.43,3,3,0
401326436,2021,REG,8,2021-10-28,Thursday,20:20,GB,ARI,24,21,Home,4,4,242,-279,6.5,-104,-106,51.0,-105,-106,0,open,grass ,,,00-0023459,00-0035228,Aaron Rodgers,Kyler Murray,Matt LaFleur,Kliff Kingsbury,PHO00,State Farm Stadium,0.327,0.673,240,-260,+6½-110,-6½-110,80.636,0.674,0.3233,0.0026,19.35,31.65,51.0,6.149,-6.149,3.688,5.281,51.0,-6.5,6.5,Dome,,,,,,,-3,45,0,-9.5,LOSS,UNDER,0.136943028358569,-0.459868938217872,0.4925373134328358,0.2857142857142857,5.940298507462686,3.26530612244898,2.583333333333333,0.25,0.8,0.0,-0.076789537038132,0.5,0.093419921122528,-0.1044238309550013,0.4339622641509434,0.5147058823529411,5.735849056603773,6.338235294117647,2.6666666666666665,1.0,0.6,0.2,-0.1501485618238803,0.5,0.043523107236041,-0.3554451072628707,0.05857504928189239,-0.22899159663865543,0.2044494508589132,-3.0729291716686666,-0.08333333333333348,-0.75,0.20000000000000007,-0.2,0.07335902478574831,0.0,0.2695890539602046,2.485248340027673,9.035714285714286,0.125,0.03125,0.0,0.2866482478833387,10.260813113521127,5.828571428571428,0.0789473684210526,0.0,0.0,-0.017059193923134097,-7.775564773493454,3.207142857142858,0.0460526315789474,0.03125,0.0,0,1495.8,2.0,1,0,0,0,1,0,1,0,1,-1,4,2,2,1,0,1,1,0,1,0,0,0,0,0,0,0,0,0,1,0,1,0,0,0,0,0,0,0.54,0,0.54,4,1,3
401326437,2021,REG,8,2021-10-31,Sunday,13:00,CAR,ATL,19,13,Home,7,7,117,-129,2.5,-109,-101,47.0,-111,100,1,open,fieldturf,,,00-0034869,00-0026143,Sam Darnold,Matt Ryan,Matt Rhule,Arthur Smith,ATL97,Mercedes-Benz Stadium,0.414,0.586,115,-122,+2½-110,-1½-110,15.663,0.4847,0.5113,0.0038,23.7,22.8,46.5,-0.452,0.452,-5.502,-4.474,46.5,-2.5,2.5,Dome,,,,,,,-6,32,0,-8.5,LOSS,UNDER,0.1162398771166515,0.1054897257409924,0.4426229508196721,0.5428571428571428,6.540983606557377,5.9,2.727272727272727,2.333333333333333,0.5,0.8,0.1485093620055913,0.4615384615384615,-0.3548834937074466,-0.1083526096489962,0.3548387096774194,0.375,2.790322580645161,4.765625,0.25,1.7692307692307692,0.0,0.5,-0.190527738985703,0.1333333333333333,0.4711233708240981,0.2138423353899886,0.08778424114225275,0.16785714285714282,3.7506610259122164,1.1343750000000004,2.477272727272727,0.5641025641025639,0.5,0.30000000000000004,0.3390371009912943,0.3282051282051282,0.2726140481501165,-3.2796098253665824,9.2,0.024390243902439,0.024390243902439,0.0,-0.376467006624441,-5.800210932890574,4.76,0.1071428571428571,0.0357142857142857,0.0,0.6490810547745575,2.520601107523992,4.4399999999999995,-0.08275261324041809,-0.011324041811846697,0.0,0,226.1,0.0,1,0,0,0,0,2,-2,0,0,0,0,2,-2,0,0,0,0,1,-1,0,0,0,0,0,0,0,0,0,0,0,0,0,0,0,0,0.31,-0.31,0,0.08,-0.08,0,1,-1
401326438,2021,REG,8,2021-10-31,Sunday,13:00,MIA,BUF,11,26,Home,7,13,709,-983,15.0,-108,-102,48.5,-103,-108,1,outdoors,a_turf,54.0,9.0,00-0036212,00-0034857,Tua Tagovailoa,Josh Allen,Brian Flores,Sean McDermott,BUF00,New Era Field,0.095,0.905,850,-1060,+15½-110,-14½-110,55.326,0.8786,0.1204,0.0009,8.42,40.08,48.5,15.826,-15.826,8.594,-1.285,48.5,-15.0,15.0,Turf,Cloudy,52.06,15%,Rain,10.33,245.0,15,37,1,0.0,PUSH,UNDER,,,,,,,,,,,,,0.1054897257409924,0.1162398771166515,0.5428571428571428,0.4426229508196721,5.9,6.540983606557377,2.333333333333333,2.727272727272727,0.8,0.5,-0.0389511561661493,0.6363636363636364,,,,,,,,,,,,,0.279140129987446,13.914751807848612,8.191489361702128,0.06,0.02,0.0,0.136643421427381,12.371470555663109,6.05,0.024390243902439,0.048780487804878,0.0,0.14249670856006497,1.543281252185503,2.1414893617021287,0.03560975609756099,-0.028780487804878,0.0,6,1164.8,0.0,0,1,0,0,1,2,-1,1,0,1,1,4,-3,1,0,1,1,1,0,0,0,0,0,0,0,1,0,1,0,0,0,0,0,0,0.79,0.41,0.38,0,0,0,1,2,-1
401326439,2021,REG,8,2021-10-31,Sunday,13:00,SF,CHI,33,22,Home,7,7,-210,186,-4.5,-103,-107,40.0,102,-114,0,outdoors,grass ,53.0,12.0,00-0031345,00-0036945,Jimmy Garoppolo,Justin Fields,Kyle Shanahan,Matt Nagy,CHI98,Soldier Field,0.597,0.403,-200,185,-4½-110,+4½-110,49.689,0.4054,0.5913,0.0032,23.18,16.82,40.0,-3.179,3.179,-4.483,4.407,40.0,4.5,-4.5,Grass,Partly Cloudy Day,53.8,,,14.35,315.0,-11,55,0,-6.5,LOSS,OVER,-0.4364551428567235,0.1402432883153515,0.4153846153846154,0.4857142857142857,4.7846153846153845,5.828571428571428,0.2307692307692307,3.1666666666666665,0.0,0.7142857142857143,-0.1534839457506094,0.1818181818181818,-0.2763505742367724,-0.0967769229465155,0.3396226415094339,0.3114754098360656,5.30188679245283,4.836065573770492,1.2857142857142858,2.3076923076923075,0.6666666666666666,0.6666666666666666,0.1013513371428763,0.0909090909090909,-0.1601045686199511,0.237020211261867,0.07576197387518152,0.17423887587822012,-0.5172714078374456,0.9925058548009362,-1.0549450549450552,0.858974358974359,-0.6666666666666666,0.04761904761904767,-0.25483528289348567,0.0909090909090909,-0.7080350843171944,2.3665262806800103,6.4375,0.1111111111111111,0.0833333333333333,0.0833333333333333,-0.3557992638156374,-5.680618352360195,8.777777777777779,0.0666666666666666,0.0666666666666666,0.0333333333333333,-0.352235820501557,8.047144633040205,-2.3402777777777786,0.04444444444444451,0.016666666666666705,0.05,0,1841.2,2.0,0,1,0,0,1,3,-2,0,2,-2,5,2,3,1,2,-1,1,2,-1,0,0,0,0,0,0,0,0,0,1,1,0,0,1,-1,0,0,0,0.71,1.52,-0.81,2,0,2
401326440,2021,REG,8,2021-10-31,Sunday,13:00,PIT,CLE,15,10,Home,14,10,196,-222,5.5,-108,-102,43.0,-105,-106,1,outdoors,grass ,57.0,13.0,00-0022924,00-0034855,Ben Roethlisberger,Baker Mayfield,Mike Tomlin,Kevin Stefanski,CLE00,FirstEnergy Stadium,0.421,0.579,210,-215,+5-110,-4½-110,45.852,0.5612,0.4353,0.0035,19.36,23.64,43.0,2.142,-2.142,0.372,-1.471,43.0,-5.0,5.0,Grass,Partly Cloudy Day,57.07,,,16.33,258.0,-5,25,0,-10.5,LOSS,UNDER,0.2330719000390299,0.1103138660213777,0.5909090909090909,0.4693877551020408,5.712121212121212,4.551020408163265,2.125,1.75,0.5,1.0,0.1929375496861757,0.6,,,,,,,,,,,,,,,,,,,,,,,,,-0.1834481131800479,0.707660721881049,8.25,0.1515151515151515,0.0303030303030303,0.0606060606060606,-0.0267345137489356,5.8404324146417474,6.825,0.024390243902439,0.0,0.024390243902439,-0.1567135994311123,-5.132771692760699,1.4249999999999998,0.1271249076127125,0.0303030303030303,0.0362158167036216,-4,114.3,0.0,1,0,0,0,3,1,2,0,1,-1,6,0,6,2,1,1,3,1,2,0,0,0,0,0,0,1,1,0,0,0,0,1,0,1,0.78,0.45,0.33,0.78,0,0.78,3,1,2
401326441,2021,REG,8,2021-10-31,Sunday,13:00,PHI,DET,44,6,Home,7,7,-168,151,-3.0,-116,105,48.5,-110,-101,0,dome,fieldturf,,,00-0036389,00-0033106,Jalen Hurts,Jared Goff,Nick Sirianni,Dan Campbell,DET00,Ford Field,0.682,0.318,-165,150,-3-110,+3+100,26.638,0.429,0.5675,0.0034,26.36,21.64,48.0,-2.358,2.358,-6.039,0.155,48.0,3.0,-3.0,Dome,,,,,,,-38,50,0,-35.0,LOSS,OVER,0.0740755678505197,0.1774766306455954,0.4769230769230769,0.45,6.384615384615385,6.3,2.111111111111111,2.8,0.1666666666666666,0.75,-0.0834966587952952,0.4,0.0285277989209793,0.2552581456644,0.5147058823529411,0.5806451612903226,5.3088235294117645,7.145161290322581,2.2,3.3,0.75,0.6666666666666666,0.0783479234943275,0.4615384615384615,0.045547768929540405,-0.07778151501880462,-0.03778280542986423,-0.1306451612903226,1.0757918552036205,-0.8451612903225811,-0.08888888888888902,-0.5,-0.5833333333333334,0.08333333333333337,-0.1618445822896227,-0.061538461538461486,-0.0304918987937496,-4.721251899196256,3.6666666666666665,0.0555555555555555,0.0555555555555555,0.0,0.1124585574171128,-7.157785181076296,11.911764705882351,0.054054054054054,0.0,0.0,-0.14295045621086241,2.43653328188004,-8.245098039215685,0.0015015015015014954,0.0555555555555555,0.0,0,443.1,0.0,1,0,0,0,0,2,-2,0,1,-1,5,1,4,0,1,-1,0,2,-2,0,0,0,0,0,0,0,1,-1,0,0,0,0,0,0,0,0.17,-0.17,0,0,0,4,1,3
401326442,2021,REG,8,2021-10-31,Sunday,13:00,LA,HOU,38,22,Home,7,7,-1010,724,-17.0,107,-118,47.0,-108,-103,0,closed,astroturf,,,00-0026498,00-0036898,Matthew Stafford,Davis Mills,Sean McVay,David Culley,HOU00,NRG Stadium,0.958,0.042,-1400,940,-16½-110,+16½-110,41.947,0.158,0.8407,0.0012,37.02,9.98,47.0,-13.521,13.521,-8.598,5.989,47.0,16.5,-16.5,Dome,,,,,,,-16,60,0,1.0,WIN,OVER,-0.459868938217872,0.136943028358569,0.2857142857142857,0.4925373134328358,3.26530612244898,5.940298507462686,0.25,2.583333333333333,0.0,0.8,-0.3171035423395498,0.1538461538461538,0.1774766306455954,0.0740755678505197,0.45,0.4769230769230769,6.3,6.384615384615385,2.8,2.111111111111111,0.75,0.1666666666666666,-0.0181482502453339,0.6923076923076923,-0.6373455688634674,0.0628674605080493,-0.1642857142857143,0.015614236509758905,-3.0346938775510197,-0.44431687715269863,-2.55,0.4722222222222219,-0.75,0.6333333333333334,-0.2989552920942159,-0.5384615384615385,-0.482234388141374,0.1179604761062129,4.78125,0.0588235294117647,0.0,0.0294117647058823,0.3509674006214008,0.6953697379042466,9.341463414634148,0.0232558139534883,0.0,0.0,-0.8332017887627747,-0.5774092617980338,-4.560213414634148,0.0355677154582764,0.0,0.0294117647058823,0,1375.0,2.0,0,1,0,0,1,3,-2,0,0,0,5,3,2,0,2,-2,1,3,-2,0,0,0,0,1,-1,0,0,0,0,1,-1,0,0,0,0,1.04,-1.04,0,0.78,-0.78,3,1,2
401326443,2021,REG,8,2021-10-31,Sunday,13:00,TEN,IND,34,31,Home,7,7,144,-160,3.0,-102,-108,51.0,-112,101,1,open,fieldturf,,,00-0029701,00-0032950,Ryan Tannehill,Carson Wentz,Mike Vrabel,Frank Reich,IND00,Lucas Oil Stadium,0.527,0.473,140,-150,+3-110,-3-110,63.759,0.5361,0.4601,0.0037,24.21,26.79,51.0,1.29,-1.29,2.217,1.585,51.0,-3.0,3.0,Dome,,,,,,,-3,65,0,-6.0,LOSS,OVER,-0.0967769229465155,-0.2763505742367724,0.3114754098360656,0.3396226415094339,4.836065573770492,5.30188679245283,2.3076923076923075,1.2857142857142858,0.6666666666666666,0.6666666666666666,-0.3636056530658,0.4285714285714285,0.1890125521159626,-0.1008768363479377,0.532258064516129,0.4925373134328358,5.967741935483871,5.0,3.0,0.3333333333333333,0.6,0.0,0.208602805318078,0.6666666666666666,-0.2857894750624781,-0.1754737378888347,-0.22078265468006342,-0.1529146719234019,-1.131676361713379,0.3018867924528301,-0.6923076923076925,0.9523809523809526,0.06666666666666665,0.6666666666666666,-0.572208458383878,-0.23809523809523814,-0.1490710760529582,-0.5118339107586787,7.346153846153846,0.0357142857142857,0.0,0.0357142857142857,0.5164685049744152,14.94948657659384,7.444444444444445,0.037037037037037,0.037037037037037,0.0,-0.6655395810273734,-15.461320487352518,-0.09829059829059883,-0.0013227513227513019,-0.037037037037037,0.0357142857142857,0,250.5,1.0,0,1,0,0,1,3,-2,0,0,0,3,4,-1,0,1,-1,1,1,0,0,0,0,0,0,0,0,1,-1,0,0,0,0,0,0,0,0.71,-0.71,0,0,0,3,4,-1
401326444,2021,REG,8,2021-10-31,Sunday,13:00,CIN,NYJ,31,34,Home,7,7,-510,411,-11.5,-105,-105,43.5,-109,-102,0,outdoors,fieldturf,63.0,11.0,00-0036442,00-0034401,Joe Burrow,Mike White,Zac Taylor,Robert Saleh,NYC01,MetLife Stadium,0.733,0.267,-540,475,-11½-110,+12-110,26.374,0.2332,0.7649,0.0018,31.31,11.7,43.0,-9.805,9.805,-8.065,1.619,43.0,11.5,-11.5,Turf,Partly Cloudy Day,62.54,4%,Rain,11.39,255.0,3,65,1,14.5,WIN,OVER,-0.1163832289593339,0.476062844663941,0.4677419354838709,0.5352112676056338,4.82258064516129,7.802816901408451,1.181818181818182,4.909090909090909,1.0,1.0,-0.103810105980222,0.5384615384615384,0.3021937490577692,-0.140453577972398,0.4354838709677419,0.352112676056338,8.387096774193548,5.535211267605634,3.1538461538461537,1.2142857142857142,0.7142857142857143,1.0,0.35152130058169,0.3076923076923077,-0.4185769780171031,0.616516422636339,0.032258064516129004,0.18309859154929575,-3.564516129032258,2.267605633802817,-1.9720279720279716,3.6948051948051948,0.2857142857142857,0.0,-0.455331406561912,0.23076923076923073,-0.0057491840473658,-6.507008336484432,6.84375,0.0303030303030303,0.0606060606060606,0.0,0.5182728938451556,3.7635995695988336,10.236842105263158,0.0263157894736842,0.0263157894736842,0.0,-0.5240220778925214,-10.270607906083265,-3.3930921052631575,0.003987240829346102,0.0342902711323764,0.0,0,565.3,0.0,0,1,0,0,4,1,3,1,0,1,4,1,3,3,0,3,4,1,3,1,0,1,0,0,0,1,0,1,1,0,1,0,0,0,0.62,0,0.62,0.58,0,0.58,0,3,-3
401326445,2021,REG,8,2021-10-31,Sunday,16:05,NE,LAC,27,24,Home,7,14,163,-183,3.5,-101,-109,50.5,-106,-105,0,dome,matrixturf,,,00-0036972,00-0036355,Mac Jones,Justin Herbert,Bill Belichick,Brandon Staley,LAX01,SoFi Stadium,0.346,0.654,172,-185,+4-110,-3½-110,70.805,0.6185,0.3784,0.003,21.12,29.38,50.5,4.132,-4.132,1.79,4.991,50.5,-3.5,3.5,Grass,Cloudy,65.01,,,1.71,178.0,-3,51,0,-6.5,LOSS,OVER,,,,,,,,,,,,,0.476062844663941,-0.1163832289593339,0.5352112676056338,0.4677419354838709,7.802816901408451,4.82258064516129,4.909090909090909,1.181818181818182,1.0,1.0,0.3669953213834945,0.5833333333333334,,,,,,,,,,,,,-0.3449512822113408,-12.39349100834284,6.512820512820513,0.048780487804878,0.024390243902439,0.0,0.4173708274484612,-0.6170901159445444,7.444444444444445,0.027027027027027,0.0,0.0,-0.7623221096598021,-11.776400892398296,-0.9316239316239319,0.021753460777851,0.024390243902439,0.0,7,2589.4,3.0,1,0,0,0,0,1,-1,0,0,0,2,14,-12,0,0,0,0,1,-1,0,0,0,0,0,0,0,0,0,0,0,0,0,0,0,0,0,0,0,0.03,-0.03,4,5,-1
401326446,2021,REG,8,2021-10-31,Sunday,16:05,JAX,SEA,7,31,Home,14,6,171,-192,4.0,-105,-105,44.0,-101,-111,0,outdoors,fieldturf,54.0,8.0,00-0036971,00-0030565,Trevor Lawrence,Geno Smith,Urban Meyer,Pete Carroll,SEA00,Lumen Field,0.235,0.765,174,-185,+4-110,-3½-110,31.99,0.7053,0.2923,0.0023,14.91,29.59,44.5,7.344,-7.344,-0.342,-8.536,44.5,-4.0,4.0,Turf,Clear Day,55.27,,,4.79,11.0,24,38,1,20.0,WIN,UNDER,-0.1221050691300996,-0.1487624654637012,0.3518518518518518,0.3787878787878788,4.074074074074074,4.651515151515151,0.9090909090909092,1.181818181818182,1.0,0.25,0.0568961487023909,0.25,,,,,,,,,,,,,,,,,,,,,,,,,-0.1459658893171654,-1.3869822025299072,9.954545454545457,0.1851851851851851,0.0,0.0,0.2182885345020455,-5.38277342915535,7.463414634146342,0.0465116279069767,0.0,0.0232558139534883,-0.3642544238192109,3.9957912266254425,2.491130820399115,0.1386735572782084,0.0,-0.0232558139534883,-8,2452.6,3.0,1,0,0,0,1,1,0,0,0,0,3,2,1,0,0,0,1,0,1,0,0,0,0,0,0,0,0,0,0,0,0,0,0,0,0,0,0,0.2,0.2,0,0,3,-3
401326447,2021,REG,8,2021-10-31,Sunday,16:25,WAS,DEN,10,17,Home,7,10,170,-191,4.0,-108,-102,45.0,-116,104,0,outdoors,grass ,41.0,4.0,00-0031800,00-0031237,Taylor Heinicke,Teddy Bridgewater,Ron Rivera,Vic Fangio,DEN00,Empower Field at Mile High,0.281,0.719,176,-189,+4-110,-3½-110,44.275,0.6899,0.3076,0.0024,15.5,29.0,44.5,6.748,-6.748,0.478,-2.937,44.5,-4.0,4.0,Grass,Cloudy,42.57,,,3.84,305.0,7,27,1,3.0,WIN,UNDER,0.1103138660213777,0.2330719000390299,0.4693877551020408,0.5909090909090909,4.551020408163265,5.712121212121212,1.75,2.125,1.0,0.5,0.0563294719590025,0.4545454545454545,-0.1044238309550013,0.093419921122528,0.5147058823529411,0.4339622641509434,6.338235294117647,5.735849056603773,1.0,2.6666666666666665,0.2,0.6,0.187181747447093,0.3636363636363636,0.214737696976379,0.13965197891650188,-0.04531812725090034,0.15694682675814753,-1.7872148859543815,-0.023727844482561267,0.75,-0.5416666666666665,0.8,-0.09999999999999998,-0.1308522754880905,0.09090909090909088,0.1807587029695111,4.98640164732933,5.2727272727272725,0.0571428571428571,0.0285714285714285,0.0,-0.2635615446312813,3.7890334096219807,7.138888888888889,0.1,0.025,0.025,0.44432024760079236,1.197368237707349,-1.8661616161616168,-0.042857142857142906,0.0035714285714284998,-0.025,3,1499.8,2.0,1,0,0,0,1,3,-2,0,0,0,2,4,-2,1,2,-1,1,3,-2,0,0,0,0,1,-1,0,1,-1,1,0,1,0,0,0,0,0.5,-0.5,0.58,0,0.58,6,4,2
401326448,2021,REG,8,2021-10-31,Sunday,16:25,TB,NO,27,36,Home,7,6,-188,168,-4.0,-101,-109,48.5,-109,-102,1,dome,sportturf,,,00-0019596,00-0031503,Tom Brady,Jameis Winston,Bruce Arians,Sean Payton,NOR00,Mercedes-Benz Superdome,0.549,0.451,-185,180,-4-110,+4-110,88.475,0.3564,0.6406,0.0028,28.92,19.08,48.0,-4.921,4.921,2.593,8.245,48.0,4.0,-4.0,Dome,,,,,,,9,63,1,13.0,WIN,OVER,-0.1487624654637012,-0.1221050691300996,0.3787878787878788,0.3518518518518518,4.651515151515151,4.074074074074074,1.181818181818182,0.9090909090909092,0.25,1.0,-0.022487868292385,0.1538461538461538,0.1402432883153515,-0.4364551428567235,0.4857142857142857,0.4153846153846154,5.828571428571428,4.7846153846153845,3.1666666666666665,0.2307692307692307,0.7142857142857143,0.0,0.2233992505805093,0.3333333333333333,-0.2890057537790527,0.3143500737266239,-0.10692640692640693,-0.0635327635327636,-1.177056277056277,-0.7105413105413101,-1.9848484848484844,0.6783216783216784,-0.4642857142857143,1.0,-0.2458871188728943,-0.17948717948717952,-0.0082660074007163,-6.902514351531863,8.485714285714286,0.054054054054054,0.0,0.027027027027027,0.2572941520943705,-8.540324949555927,7.805555555555555,0.0,0.0,0.0,-0.2655601594950868,1.637810598024064,0.6801587301587304,0.054054054054054,0.0,0.027027027027027,-1,477.9,1.0,1,0,0,0,4,1,3,0,0,0,2,5,-3,1,0,1,4,1,3,0,0,0,1,0,1,0,0,0,0,0,0,0,0,0,0.43,0.49,-0.06,0.43,0,0.43,0,2,-2
401326449,2021,REG,8,2021-10-31,Sunday,20:20,DAL,MIN,20,16,Home,14,14,193,-219,4.5,-109,-101,49.5,-110,-101,0,dome,sportturf,,,00-0033662,00-0029604,Cooper Rush,Kirk Cousins,Mike McCarthy,Mike Zimmer,MIN01,U.S. Bank Stadium,0.355,0.645,190,-205,+4½-110,-4-110,59.878,0.6027,0.394,0.0036,22.87,26.13,49.0,1.63,-1.63,0.988,1.67,49.0,-4.0,4.0,Dome,,,,,,,-4,36,0,-8.5,LOSS,UNDER,,,,,,,,,,,,,,,,,,,,,,,,,,,,,,,,,,,,,0.2823101414815524,9.551076789697012,7.936170212765957,0.0,0.0,0.0,,,,,,,,,,,,,0,869.4,0.0,0,1,0,0,1,0,1,1,0,1,1,3,-2,0,0,0,0,0,0,0,0,0,0,0,0,0,0,0,0,0,0,0,0,0,0,0,0,0.27,0,0.27,20,3,17
401326450,2021,REG,8,2021-11-01,Monday,20:15,NYG,KC,17,20,Home,8,8,425,-530,10.5,-107,-103,53.0,-101,-110,0,outdoors,grass ,39.0,4.0,00-0035710,00-0033873,Daniel Jones,Patrick Mahomes,Joe Judge,Andy Reid,KAN00,GEHA Field at Arrowhead Stadium,0.155,0.845,435,-525,+11-110,-10½-110,50.406,0.746,0.2519,0.002,17.51,35.5,53.0,8.995,-8.995,6.216,-5.536,53.0,-10.5,10.5,Grass,Cloudy,39.15,3%,Rain,2.75,89.0,3,37,1,-7.5,LOSS,UNDER,-0.1008768363479377,0.1890125521159626,0.4925373134328358,0.532258064516129,5.0,5.967741935483871,0.3333333333333333,3.0,0.0,0.6,-0.0903786344910567,0.3636363636363636,-0.1083526096489962,-0.3548834937074466,0.375,0.3548387096774194,4.765625,2.790322580645161,1.7692307692307692,0.25,0.5,0.0,-0.0295952477398268,0.4375,0.007475773301058503,0.5438960458234092,0.1175373134328358,0.17741935483870963,0.234375,3.17741935483871,-1.435897435897436,2.75,-0.5,0.6,-0.06078338675122989,-0.07386363636363641,-0.1739654039836832,-5.326317070108471,7.114285714285714,0.1025641025641025,0.0256410256410256,0.0256410256410256,-0.0571611412350613,1.1291484348475933,6.454545454545454,0.0571428571428571,0.0,0.0,-0.1168042627486219,-6.455465504956065,0.6597402597402597,0.045421245421245406,0.0256410256410256,0.0256410256410256,0,1085.7,1.0,1,0,0,0,2,5,-3,0,0,0,2,3,-1,1,3,-2,2,4,-2,0,0,0,0,0,0,0,2,-2,1,1,0,0,0,0,0,0.44,-0.44,0.53,0.5,0.03,3,3,0
401326451,2021,REG,9,2021-11-04,Thursday,20:20,NYJ,IND,30,45,Home,4,4,410,-509,10.5,-108,-102,46.0,-111,-101,0,closed,fieldturf,,,00-0034401,00-0032950,Mike White,Carson Wentz,Robert Saleh,Frank Reich,IND00,Lucas Oil Stadium,0.2,0.8,400,-470,+10½-110,-10-110,43.189,0.7874,0.2108,0.0016,11.98,33.52,45.5,10.772,-10.772,2.217,-8.065,45.5,-10.0,10.0,Dome,,,,,,,15,75,1,4.5,WIN,OVER,-0.1406148767885598,0.0987791931482729,0.4861111111111111,0.4328358208955223,4.263888888888889,5.08955223880597,2.3846153846153846,2.1538461538461537,0.8,0.75,-0.2319568152608622,0.4375,0.0510186138132395,0.0226861012154781,0.5714285714285714,0.4716981132075472,6.714285714285714,6.018867924528302,2.833333333333333,2.583333333333333,0.6666666666666666,0.6666666666666666,0.0386508984276308,0.5454545454545454,-0.1916334906017993,0.07609309193279479,-0.08531746031746029,-0.03886229231202487,-2.450396825396825,-0.9293156857223321,-0.44871794871794846,-0.4294871794871793,0.13333333333333341,0.08333333333333337,-0.270607713688493,-0.10795454545454541,-0.2501624927974962,-9.481089375913143,9.92156862745098,0.0192307692307692,0.0384615384615384,0.0,0.1675907647988109,9.537319474750095,3.6666666666666665,0.0416666666666666,0.0416666666666666,0.0,-0.4177532575963071,-19.01840885066324,6.254901960784315,-0.0224358974358974,-0.0032051282051282007,0.0,0,640.8,0.0,1,0,0,0,2,4,-2,0,1,-1,1,1,0,2,2,0,2,3,-1,0,1,-1,0,0,0,1,0,1,0,1,-1,1,0,1,0.44,0.37,0.07,0.22,0.58,-0.36,4,2,2
401326452,2021,REG,9,2021-11-07,Sunday,13:00,MIN,BAL,31,34,Home,7,14,262,-305,7.5,-117,106,51.0,-109,-102,0,outdoors,grass,56.0,8.0,00-0029604,00-0034796,Kirk Cousins,Lamar Jackson,Mike Zimmer,John Harbaugh,BAL00,M&T Bank Stadium,0.27,0.73,280,-324,+7+100,-7-110,55.781,0.6347,0.3623,0.0029,20.81,30.19,51.0,4.687,-4.687,1.007,0.988,51.0,-7.0,7.0,Grass,Partly Cloudy Day,55.82,,,6.03,16.0,3,65,1,-4.5,LOSS,OVER,,,,,,,,,,,,,-0.2303820476733471,0.0253864641984397,0.3,0.3970588235294117,4.65,6.161764705882353,1.3333333333333333,1.818181818181818,0.5,0.5,-0.13081303780588,0.0769230769230769,,,,,,,,,,,,,-0.259220688518655,-13.06473344564438,14.419354838709678,0.1388888888888889,0.0,0.0,-0.2757121652963127,-2.684988547116518,5.485714285714286,0.0277777777777777,0.0,0.0277777777777777,0.01649147677765772,-10.379744898527862,8.933640552995392,0.11111111111111119,0.0,-0.0277777777777777,7,936.6,1.0,0,1,0,0,0,1,-1,2,0,2,3,2,1,0,0,0,0,0,0,0,0,0,0,0,0,0,0,0,0,0,0,0,0,0,0,0,0,0,0.27,-0.27,6,0,6
401326453,2021,REG,9,2021-11-07,Sunday,13:00,NE,CAR,24,6,Home,7,7,-176,157,-3.5,-101,-109,41.5,100,-111,0,outdoors,grass ,61.0,16.0,00-0036972,00-0034869,Mac Jones,Sam Darnold,Bill Belichick,Matt Rhule,CAR00,Bank of America Stadium,0.499,0.501,-175,165,-3½+100,+3½-110,52.029,0.4384,0.558,0.0035,22.77,18.73,41.5,-2.024,2.024,-4.474,4.991,41.5,3.5,-3.5,Grass,Clear Day,61.79,,,11.67,5.0,-18,30,0,-14.5,LOSS,UNDER,0.0603860460912221,-0.225687020691749,0.4929577464788732,0.38,4.690140845070423,4.26,1.7272727272727273,1.3,0.3333333333333333,1.0,-0.0772993414001369,0.5882352941176471,-0.0292354831112085,-0.0289375161852008,0.4666666666666667,0.3684210526315789,4.733333333333333,6.491228070175438,1.5,2.0,0.2,1.0,0.0252107969146756,0.4736842105263157,0.0896215292024306,-0.1967495045065482,0.02629107981220652,0.011578947368421078,-0.043192488262910445,-2.2312280701754386,0.2272727272727273,-0.7,0.1333333333333333,0.0,-0.10251013831481251,0.11455108359133137,0.0551152068757796,-13.859468957652217,5.041666666666667,0.0,0.0,0.0,-0.0295526614560864,-10.950329812134012,9.542857142857144,0.027027027027027,0.0,0.0,0.084667868331866,-2.909139145518205,-4.5011904761904775,-0.027027027027027,0.0,0.0,0,701.0,0.0,1,0,0,0,0,0,0,0,0,0,3,13,-10,0,0,0,0,0,0,0,0,0,0,0,0,0,0,0,0,0,0,0,0,0,0,0,0,0,0,0,5,0,5
401326454,2021,REG,9,2021-11-07,Sunday,13:00,CLE,CIN,41,16,Home,7,7,117,-129,2.5,-105,-105,47.5,-106,-105,1,outdoors,fieldturf,56.0,0.0,00-0034855,00-0036442,Baker Mayfield,Joe Burrow,Kevin Stefanski,Zac Taylor,CIN00,Paul Brown Stadium,0.486,0.514,110,-124,+2-110,-1½-110,57.044,0.5305,0.4657,0.0037,22.66,24.85,47.5,1.095,-1.095,1.619,0.372,47.5,-2.0,2.0,Turf,Clear Day,59.3,,,2.79,250.0,-25,57,0,-27.5,LOSS,OVER,0.0226861012154781,0.0510186138132395,0.4716981132075472,0.5714285714285714,6.018867924528302,6.714285714285714,2.583333333333333,2.833333333333333,0.6666666666666666,0.6666666666666666,0.0626184694597863,0.4,-0.1020401815335875,0.0578525895084479,0.4137931034482758,0.3857142857142857,5.275862068965517,5.285714285714286,1.0,1.5,0.5,0.4,-0.0196930477408307,0.3,0.12472628274906561,-0.006833975695208397,0.057905009759271375,0.18571428571428572,0.7430058555627852,1.4285714285714288,1.583333333333333,1.333333333333333,0.16666666666666663,0.2666666666666666,0.082311517200617,0.10000000000000003,-0.0085607917282824,2.584379008322052,6.176470588235294,0.081081081081081,0.027027027027027,0.027027027027027,0.0833032486877112,-3.045808019176606,7.354838709677419,0.1142857142857142,0.0,0.0,-0.09186404041599361,5.630187027498659,-1.1783681214421247,-0.0332046332046332,0.027027027027027,0.027027027027027,0,223.1,0.0,1,0,0,0,0,2,-2,0,0,0,3,5,-2,0,2,-2,0,2,-2,0,0,0,0,1,-1,0,1,-1,0,0,0,0,0,0,0,1.09,-1.09,0,0,0,0,0,0
401326455,2021,REG,9,2021-11-07,Sunday,13:00,DEN,DAL,30,16,Home,7,7,378,-462,10.5,-107,-103,50.0,-103,-108,0,closed,matrixturf,,,00-0031237,00-0033077,Teddy Bridgewater,Dak Prescott,Vic Fangio,Mike McCarthy,DAL00,AT&T Stadium,0.28,0.72,407,-495,+10-105,-10-110,64.661,0.6973,0.3002,0.0024,18.0,32.0,50.0,7.002,-7.002,5.383,0.478,50.0,-10.0,10.0,Dome,,,,,,,-14,46,0,-24.5,LOSS,UNDER,0.0253864641984397,-0.2303820476733471,0.3970588235294117,0.3,6.161764705882353,4.65,1.818181818181818,1.3333333333333333,0.5,0.5,-0.1143676179430999,0.5,0.0788655275234174,-0.0168239396564226,0.4509803921568627,0.3970588235294117,5.352941176470588,5.029411764705882,1.8888888888888888,1.1111111111111112,1.0,0.25,0.0569114509776945,0.5384615384615384,-0.0534790633249777,-0.2135581080169245,-0.05392156862745101,-0.0970588235294117,0.8088235294117654,-0.3794117647058819,-0.07070707070707094,0.2222222222222221,-0.5,0.25,-0.1712790689207944,-0.038461538461538436,0.4326081463931978,10.073629873139518,8.980392156862745,0.0,0.0192307692307692,0.0,0.1202264217232055,5.233701944351196,7.115384615384615,0.1333333333333333,0.0,0.0,0.31238172466999226,4.839927928788322,1.8650075414781302,-0.1333333333333333,0.0192307692307692,0.0,0,654.2,1.0,0,1,0,0,2,1,1,0,0,0,2,5,-3,1,1,0,2,1,1,0,0,0,1,1,0,0,0,0,0,0,0,0,0,0,0.86,0.94,-0.08,0,0,0,0,0,0
401326456,2021,REG,9,2021-11-07,Sunday,13:00,BUF,JAX,6,9,Home,7,7,-1101,776,-14.5,-120,109,48.0,-103,-108,0,outdoors,grass ,59.0,16.0,00-0034857,00-0036971,Josh Allen,Trevor Lawrence,Sean McDermott,Urban Meyer,JAX00,TIAA Bank Stadium,0.89,0.11,-1200,875,-15½-110,+16½-105,50.129,0.1331,0.8657,0.001,39.17,9.33,48.5,-14.924,14.924,-8.536,8.594,48.5,14.5,-14.5,Grass,Partly Cloudy Day,59.82,2%,Rain,11.56,342.0,3,15,1,17.5,WIN,UNDER,-0.1496829164233569,0.0320798066965798,0.4383561643835616,0.4807692307692308,4.2465753424657535,4.403846153846154,0.0,2.4,0.5,0.8,-0.0160714780753055,0.3571428571428571,0.0447854782325662,-0.1186998811343607,0.4242424242424242,0.4,5.333333333333333,4.061538461538461,2.363636363636364,1.0,0.75,0.3333333333333333,-0.0007565219375286,0.4615384615384615,-0.1944683946559231,0.1507796878309405,0.01411374014113742,0.08076923076923076,-1.0867579908675795,0.34230769230769287,-2.363636363636364,1.4,-0.25,0.46666666666666673,-0.015314956137776902,-0.10439560439560441,-0.1399978498272089,-6.360381096601486,5.166666666666667,0.0181818181818181,0.0181818181818181,0.0,0.1334514196989686,1.8051715195178992,5.642857142857143,0.0,0.0,0.0,-0.2734492695261775,-8.165552616119385,-0.4761904761904763,0.0181818181818181,0.0181818181818181,0.0,0,874.5,0.0,1,0,0,0,0,3,-3,0,0,0,1,2,-1,0,2,-2,0,2,-2,0,0,0,0,2,-2,0,0,0,0,0,0,0,0,0,0,2.74,-2.74,0,0,0,0,0,0
401326457,2021,REG,9,2021-11-07,Sunday,13:00,HOU,MIA,9,17,Home,7,7,166,-185,4.0,-112,101,45.0,-109,-102,0,outdoors,grass ,72.0,19.0,00-0028118,00-0033119,Tyrod Taylor,Jacoby Brissett,David Culley,Brian Flores,MIA00,Hard Rock Stadium,0.297,0.703,170,-180,+4-110,-3½-110,27.834,0.7357,0.2621,0.0021,13.97,31.03,45.0,8.527,-8.527,-2.249,-9.988,45.0,-4.0,4.0,Grass,Clear Day,72.92,,,12.02,316.0,8,26,1,4.0,WIN,UNDER,-0.1186998811343607,0.0447854782325662,0.4,0.4242424242424242,4.061538461538461,5.333333333333333,1.0,2.363636363636364,0.3333333333333333,0.75,-0.1109520085809315,0.2857142857142857,-0.1172569843240566,0.2171880117411299,0.4406779661016949,0.5151515151515151,5.508474576271187,7.075757575757576,1.6923076923076923,3.1666666666666665,1.0,0.7142857142857143,0.0698893753078904,0.3333333333333333,-0.0014428968103041007,-0.1724025335085637,-0.040677966101694885,-0.09090909090909094,-1.4469361147327255,-1.742424242424243,-0.6923076923076923,-0.8030303030303023,-0.6666666666666667,0.0357142857142857,-0.1808413838888219,-0.047619047619047616,2.2277986847329885,52.59392559528351,23.0,0.0,0.0,0.0,0.809395058657339,19.012944264845416,4.909090909090909,0.0,0.0,0.0,1.4184036260756496,33.58098133043809,18.09090909090909,0.0,0.0,0.0,0,961.3,1.0,0,1,0,0,0,4,-4,0,0,0,2,0,2,0,2,-2,0,2,-2,0,0,0,0,0,0,0,1,-1,0,1,-1,0,0,0,0,0.52,-0.52,0,0.91,-0.91,2,5,-3
401326458,2021,REG,9,2021-11-07,Sunday,13:00,ATL,NO,27,25,Home,7,7,240,-277,7.0,-117,106,43.0,-101,-110,1,dome,sportturf,,,00-0026143,00-0032156,Matt Ryan,Trevor Siemian,Arthur Smith,Sean Payton,NOR00,Mercedes-Benz Superdome,0.212,0.788,260,-290,+7-110,-6½-110,41.099,0.6921,0.3054,0.0024,14.7,28.3,43.0,6.802,-6.802,1.264,-5.502,43.0,-6.5,6.5,Dome,,,,,,,-2,52,0,-9.0,LOSS,OVER,0.0462300946856524,-0.0306172755103384,0.380281690140845,0.4745762711864407,5.098591549295775,7.135593220338983,2.5,2.25,0.375,1.0,0.0464662796725019,0.3571428571428571,-0.225687020691749,0.0603860460912221,0.38,0.4929577464788732,4.26,4.690140845070423,1.3,1.7272727272727273,1.0,0.3333333333333333,-0.2249275179481348,0.3,0.27191711537740143,-0.0910033216015605,0.00028169014084500343,-0.018381475292432503,0.8385915492957752,2.4454523752685597,1.2,0.5227272727272727,-0.625,0.6666666666666667,0.2713937976206367,0.057142857142857106,-0.0250240846391448,-4.080817222595215,6.107142857142857,0.0333333333333333,0.0,0.0333333333333333,-0.2767072339417014,5.241757189785993,7.185185185185185,0.1,0.0666666666666666,0.0,0.2516831493025566,-9.322574412381208,-1.0780423280423284,-0.06666666666666671,-0.0666666666666666,0.0333333333333333,0,424.4,1.0,1,0,0,0,3,3,0,0,0,0,2,0,2,1,2,-1,2,3,-1,1,0,1,0,0,0,0,1,-1,0,1,-1,0,0,0,0.69,0.73,-0.04,0.26,0.45,-0.19,5,2,3
401326459,2021,REG,9,2021-11-07,Sunday,13:00,LV,NYG,16,23,Home,14,6,-152,137,-3.0,-102,-108,47.0,-108,-103,0,outdoors,fieldturf,54.0,4.0,00-0031280,00-0035710,Derek Carr,Daniel Jones,Rich Bisaccia,Joe Judge,NYC01,MetLife Stadium,0.645,0.355,-155,141,-3-110,+3-110,19.521,0.4538,0.5425,0.0036,25.0,22.0,47.0,-1.499,1.499,-5.536,-2.433,47.0,3.0,-3.0,Turf,Partly Cloudy Day,55.88,,,2.47,35.0,7,39,1,10.0,WIN,UNDER,-0.0565201461518869,0.0146026122607799,0.4,0.4868421052631579,5.472727272727273,4.855263157894737,1.5454545454545454,1.818181818181818,0.6666666666666666,0.3333333333333333,-0.0516980595002234,0.3333333333333333,,,,,,,,,,,,,,,,,,,,,,,,,-0.049817744752673,-1.7070804722607136,3.53125,0.0857142857142857,0.0285714285714285,0.0285714285714285,0.5394934874758386,17.77816642733181,5.676470588235294,0.0,0.0294117647058823,0.0,-0.5893112322285116,-19.485246899592525,-2.1452205882352944,0.0857142857142857,-0.0008403361344537993,0.0285714285714285,-8,2227.6,3.0,0,1,0,0,4,0,4,0,0,0,3,0,3,3,0,3,3,0,3,0,0,0,0,0,0,2,0,2,1,0,1,0,0,0,0.47,0,0.47,0.42,0,0.42,4,2,2
401326460,2021,REG,9,2021-11-07,Sunday,16:05,LAC,PHI,27,24,Home,7,7,-106,-104,-1.0,-101,-110,49.5,-105,-106,0,outdoors,grass ,54.0,11.0,00-0036355,00-0036389,Justin Herbert,Jalen Hurts,Brandon Staley,Nick Sirianni,PHI00,Lincoln Financial Field,0.549,0.451,-114,103,-1-110,+1½-110,56.94,0.5041,0.4919,0.0039,24.3,24.71,49.0,0.205,-0.205,0.155,1.79,49.0,1.5,-1.5,Grass,Partly Cloudy Day,54.32,,,3.84,357.0,-3,51,0,-2.0,LOSS,OVER,0.2334588880674069,-0.4051318638416026,0.5081967213114754,0.3559322033898305,5.754098360655738,3.864406779661017,3.8,0.6,0.6666666666666666,1.0,0.2247154558871817,0.5,-0.0289375161852008,-0.0292354831112085,0.3684210526315789,0.4666666666666667,6.491228070175438,4.733333333333333,2.0,1.5,1.0,0.2,0.0650205194159008,0.3333333333333333,0.2623964042526077,-0.3758963807303941,0.1397756686798965,-0.11073446327683617,-0.7371297095197002,-0.8689265536723165,1.7999999999999998,-0.9,-0.33333333333333337,0.8,0.1596949364712809,0.16666666666666669,0.1531792306683481,-1.6364915030343192,10.571428571428571,0.0,0.0,0.0,-0.2035447616555689,-15.137394912102645,9.257142857142858,0.0789473684210526,0.0526315789473684,0.0,0.356723992323917,13.500903409068325,1.3142857142857132,-0.0789473684210526,-0.0526315789473684,0.0,0,2396.0,3.0,0,1,0,0,1,3,-2,0,1,-1,0,1,-1,0,1,-1,1,3,-2,0,0,0,0,0,0,0,0,0,0,0,0,0,1,-1,0.06,0.12,-0.06,0,0.77,-0.77,4,0,4
401326461,2021,REG,9,2021-11-07,Sunday,16:25,GB,KC,7,13,Home,10,6,275,-322,7.0,-107,-104,48.0,-102,-109,0,outdoors,grass ,51.0,12.0,00-0036264,00-0033873,Jordan Love,Patrick Mahomes,Matt LaFleur,Andy Reid,KAN00,GEHA Field at Arrowhead Stadium,0.248,0.752,304,-330,+7½-110,-7-110,73.986,0.5824,0.4142,0.0033,21.14,26.86,48.0,2.86,-2.86,6.216,1.868,48.0,-7.0,7.0,Grass,Clear Day,72.64,,,8.07,157.0,6,20,1,-1.0,LOSS,UNDER,0.0146026122607799,-0.0565201461518869,0.4868421052631579,0.4,4.855263157894737,5.472727272727273,1.818181818181818,1.5454545454545454,0.3333333333333333,0.6666666666666666,0.032947782078736,0.4166666666666667,0.0847525590785838,0.0502868839835917,0.4647887323943662,0.509090909090909,4.732394366197183,6.072727272727272,2.4,2.625,0.6,0.75,0.1128378165029165,0.4285714285714285,-0.0701499468178039,-0.1068070301354786,0.02205337286879172,-0.10909090909090902,0.12286879169755416,-0.5999999999999996,-0.581818181818182,-1.0795454545454546,-0.26666666666666666,-0.08333333333333337,-0.0798900344241805,-0.011904761904761807,0.0538913643910205,-0.7589963286422023,6.916666666666667,0.04,0.02,0.02,-0.2387234983980306,15.528339573315211,13.0,0.125,0.0,0.125,0.2926148627890511,-16.287335901957412,-6.083333333333333,-0.08499999999999999,0.02,-0.105,-4,501.1,0.0,1,0,0,0,1,1,0,0,0,0,1,2,-1,1,1,0,1,1,0,0,0,0,1,0,1,0,0,0,0,1,-1,0,0,0,1,0,1,0,0.15,-0.15,0,2,-2
401326462,2021,REG,9,2021-11-07,Sunday,16:25,ARI,SF,31,17,Home,10,7,207,-235,5.5,-105,-105,44.5,-109,-102,1,outdoors,grass,57.0,8.0,00-0027688,00-0031345,Colt McCoy,Jimmy Garoppolo,Kliff Kingsbury,Kyle Shanahan,SFO01,Levi's Stadium,0.425,0.575,216,-240,+5½-110,-5½-110,64.142,0.5249,0.4713,0.0037,21.35,23.15,44.5,0.904,-0.904,4.407,0.302,44.5,-5.5,5.5,Grass,Clear Day,61.91,,,6.97,307.0,-14,48,0,-19.5,LOSS,OVER,0.469636717880402,0.090522611063933,0.5098039215686274,0.417910447761194,9.254901960784316,4.835820895522388,3.6666666666666665,2.75,0.6,0.5,0.2143909650558728,0.4,0.0502868839835917,0.0847525590785838,0.509090909090909,0.4647887323943662,6.072727272727272,4.732394366197183,2.625,2.4,0.75,0.6,0.0052285843195805,0.4,0.4193498338968103,0.005770051985349203,0.0007130124777183777,-0.046878284633172174,3.182174688057044,0.1034265293252048,1.0416666666666665,0.3500000000000001,-0.15000000000000002,-0.09999999999999998,0.20916238073629229,0.0,0.5639296781441764,-4.724467904479416,8.857142857142858,0.0,0.0,0.0,,,,,,,,,,,,,-3,607.9,0.0,1,0,0,0,2,4,-2,0,0,0,3,3,0,1,2,-1,1,2,-1,0,0,0,0,0,0,0,0,0,0,2,-2,1,0,1,0,0,0,1.25,0.59,0.66,7,2,5
401326463,2021,REG,9,2021-11-07,Sunday,20:20,TEN,LA,28,16,Home,7,7,296,-350,7.0,103,-114,53.5,-111,-100,0,dome,matrixturf,,,00-0029701,00-0026498,Ryan Tannehill,Matthew Stafford,Mike Vrabel,Sean McVay,LAX01,SoFi Stadium,0.242,0.758,300,-320,+7-105,-7-110,66.986,0.7113,0.2863,0.0023,19.21,34.29,53.5,7.544,-7.544,5.989,1.585,53.5,-7.0,7.0,Grass,Clear Night,59.45,,,2.91,257.0,-12,44,0,-19.0,LOSS,UNDER,0.2171880117411299,-0.1172569843240566,0.5151515151515151,0.4406779661016949,7.075757575757576,5.508474576271187,3.1666666666666665,1.6923076923076923,0.7142857142857143,1.0,0.3624867870002398,0.3636363636363636,0.0987791931482729,-0.1406148767885598,0.4328358208955223,0.4861111111111111,5.08955223880597,4.263888888888889,2.1538461538461537,2.3846153846153846,0.75,0.8,-0.189280562553904,0.4705882352941176,0.118408818592857,0.023357892464503205,0.08231569425599283,-0.0454331450094162,1.9862053369516062,1.2445856873822976,1.0128205128205128,-0.6923076923076923,-0.0357142857142857,0.19999999999999996,0.5517673495541437,-0.106951871657754,0.5059124355575734,-2.5064147077500816,6.8125,0.0,0.0,0.0,0.2176151183673395,2.530712448060513,6.696969696969697,0.0833333333333333,0.0555555555555555,0.0,0.2882973171902339,-5.037127155810595,0.11553030303030276,-0.0833333333333333,-0.0555555555555555,0.0,0,1784.1,2.0,1,0,0,0,1,4,-3,0,0,0,4,5,-1,1,2,-1,1,2,-1,0,0,0,0,1,-1,0,0,0,1,1,0,0,0,0,0,0.93,-0.93,0.78,1.44,-0.66,3,3,0
401326464,2021,REG,9,2021-11-08,Monday,20:15,CHI,PIT,27,29,Home,8,8,263,-306,7.0,-109,-101,40.0,-103,-108,0,outdoors,grass ,55.0,7.0,00-0036945,00-0022924,Justin Fields,Ben Roethlisberger,Matt Nagy,Mike Tomlin,PIT00,Heinz Field,0.225,0.775,270,-310,+7-110,-7-110,32.142,0.6803,0.317,0.0025,13.64,26.36,40.0,6.356,-6.356,-1.471,-4.483,40.0,-7.0,7.0,Grass,Clear Night,55.95,,,5.9,207.0,2,56,1,-5.0,LOSS,OVER,0.0578525895084479,-0.1020401815335875,0.3857142857142857,0.4137931034482758,5.285714285714286,5.275862068965517,1.5,1.0,0.4,0.5,0.0839119930101065,0.3076923076923077,0.090522611063933,0.469636717880402,0.417910447761194,0.5098039215686274,4.835820895522388,9.254901960784316,2.75,3.6666666666666665,0.5,0.6,-0.133059904498605,0.5333333333333333,-0.0326700215554851,-0.5716768994139895,-0.03219616204690834,-0.09601081812035162,0.4498933901918978,-3.9790398918187995,-1.25,-2.6666666666666665,-0.09999999999999998,-0.09999999999999998,0.2169718975087115,-0.22564102564102562,0.1488254634800634,-1.9268787959042728,6.235294117647059,0.0526315789473684,0.0,0.0,0.0875946917771215,4.782187221226869,10.22222222222222,0.1290322580645161,0.032258064516129,0.0,0.0612307717029419,-6.709066017131142,-3.986928104575161,-0.07640067911714771,-0.032258064516129,0.0,0,407.2,1.0,0,1,0,0,1,4,-3,0,1,-1,1,2,-1,1,2,-1,1,2,-1,0,0,0,0,0,0,1,1,0,0,1,-1,0,0,0,0.45,0.15,0.3,0,0.71,-0.71,0,3,-3
401326465,2021,REG,10,2021-11-11,Thursday,20:20,BAL,MIA,10,22,Home,4,4,-390,326,-8.5,-106,-104,46.5,-106,-105,0,outdoors,grass ,77.0,4.0,00-0034796,00-0033119,Lamar Jackson,Jacoby Brissett,John Harbaugh,Brian Flores,MIA00,Hard Rock Stadium,0.843,0.157,-410,360,-8½-110,+8½-110,44.965,0.3623,0.6347,0.0029,28.17,18.83,47.0,-4.669,4.669,-2.249,1.007,47.0,8.5,-8.5,Grass,Cloudy,77.06,7%,Rain,2.95,141.0,12,32,1,20.5,WIN,UNDER,-0.1919433206009655,-0.3059390794107405,0.375,0.3333333333333333,3.638888888888889,4.121212121212121,1.4166666666666667,0.6428571428571429,1.0,0.0,-0.3151275101710261,0.5625,0.1052774836435949,0.173612835074999,0.5168539325842697,0.3846153846153846,5.617977528089888,6.115384615384615,2.833333333333333,2.8181818181818183,0.6666666666666666,0.8,0.0003643527892479,0.4,-0.29722080424456043,-0.4795519144857395,-0.1418539325842697,-0.051282051282051266,-1.9790886392009992,-1.9941724941724939,-1.4166666666666663,-2.1753246753246755,0.33333333333333337,-0.8,-0.315491862960274,0.16249999999999998,-0.0682684931262995,1.056022346019745,9.209302325581396,0.0851063829787234,0.0425531914893617,0.0212765957446808,-0.0402043039511134,-0.2004382813849102,7.878048780487805,0.0681818181818181,0.0454545454545454,0.0,-0.028064189175186098,1.2564606274046553,1.331253545093591,0.01692456479690531,-0.002901353965183699,0.0212765957446808,0,943.9,0.0,1,0,0,0,0,0,0,0,2,-2,2,3,-1,0,0,0,0,0,0,0,0,0,0,0,0,0,0,0,0,0,0,0,0,0,0,0,0,0,0,0,2,0,2
401326466,2021,REG,10,2021-11-14,Sunday,13:00,ATL,DAL,3,43,Home,7,7,328,-392,8.0,-105,-105,55.0,-108,-103,0,closed,matrixturf,,,00-0026143,00-0033077,Matt Ryan,Dak Prescott,Arthur Smith,Mike McCarthy,DAL00,AT&T Stadium,0.199,0.801,310,-350,+7½-110,-7½-110,49.896,0.7479,0.25,0.002,18.51,36.49,55.0,8.993,-8.993,5.383,-5.502,55.0,-7.5,7.5,Dome,,,,,,,40,46,1,32.0,WIN,UNDER,-0.1608976283889042,0.1629944674416209,0.3898305084745763,0.4444444444444444,4.983050847457627,5.708333333333333,1.6,2.5,0.6666666666666666,0.75,0.0739644980902085,0.3846153846153846,0.0959635231942305,-0.0730732443557085,0.3818181818181818,0.4366197183098591,6.6909090909090905,5.295774647887324,2.4545454545454546,2.083333333333333,0.6,0.75,0.1269438193537228,0.3846153846153846,-0.2568611515831347,0.2360677117973294,0.008012326656394508,0.007824726134585347,-1.7078582434514633,0.41255868544600904,-0.8545454545454545,0.41666666666666696,0.06666666666666665,0.0,-0.05297932126351429,0.0,-0.2029850070092191,-13.952580400002308,12.025641025641026,0.048780487804878,0.024390243902439,0.0,0.5414447458209809,14.783300658067068,8.733333333333333,0.0625,0.0,0.0,-0.7444297528302,-28.735881058069374,3.292307692307693,-0.013719512195121998,0.024390243902439,0.0,0,736.3,1.0,1,0,0,0,1,1,0,0,3,-3,2,1,1,1,0,1,1,0,1,0,0,0,1,0,1,0,0,0,0,0,0,0,0,0,0.42,0,0.42,0,0,0,1,0,1
401326467,2021,REG,10,2021-11-14,Sunday,13:00,JAX,IND,17,23,Home,7,10,358,-434,10.5,-115,104,47.5,-108,-103,1,closed,fieldturf,,,00-0036971,00-0032950,Trevor Lawrence,Carson Wentz,Urban Meyer,Frank Reich,IND00,Lucas Oil Stadium,0.201,0.799,415,-450,+10½-110,-10½-110,44.693,0.7807,0.2175,0.0017,13.58,34.42,48.0,10.419,-10.419,2.217,-8.536,48.0,-10.5,10.5,Dome,,,,,,,6,40,1,-4.5,LOSS,UNDER,0.4405301507604306,0.2038876464794258,0.55,0.4666666666666667,8.883333333333333,6.493333333333333,4.090909090909091,2.727272727272727,0.8571428571428571,0.6666666666666666,0.5384960863084416,0.5,-0.208771313532132,-0.1661722834084578,0.3571428571428571,0.4,3.9107142857142856,4.630769230769231,0.9,0.6666666666666666,0.0,0.0,-0.2920128422173126,0.1538461538461538,0.6493014642925626,0.3700599298878836,0.19285714285714295,0.06666666666666665,4.972619047619047,1.862564102564102,3.190909090909091,2.0606060606060606,0.8571428571428571,0.6666666666666666,0.8305089285257542,0.3461538461538462,0.5132982418286955,7.5679909566353105,8.966666666666667,0.032258064516129,0.0,0.0,-0.1397647745342217,-7.177180051803589,6.846153846153846,0.0714285714285714,0.0,0.0,0.6530630163629172,14.745171008438898,2.120512820512821,-0.0391705069124424,0.0,0.0,3,700.2,0.0,1,0,0,0,1,0,1,0,0,0,1,1,0,1,0,1,1,0,1,0,0,0,0,0,0,0,0,0,0,0,0,1,0,1,0,0,0,0.55,0,0.55,2,0,2
401326468,2021,REG,10,2021-11-14,Sunday,13:00,CLE,NE,7,45,Home,7,7,119,-132,2.5,-104,-106,45.5,-108,-103,0,outdoors,fieldturf,48.0,6.0,00-0034855,00-0036972,Baker Mayfield,Mac Jones,Kevin Stefanski,Bill Belichick,BOS00,Gillette Stadium,0.508,0.492,125,-135,+2½-105,-2½-110,63.934,0.5653,0.4312,0.0034,19.99,24.51,44.5,2.263,-2.263,4.991,0.372,44.5,-2.5,2.5,Turf,Partly Cloudy Day,47.74,,,6.31,253.0,38,52,1,35.5,WIN,OVER,-0.0448649271231933,-0.4930742551992948,0.4464285714285714,0.2982456140350877,4.928571428571429,4.2105263157894735,1.6363636363636365,0.5454545454545454,0.5,0.0,-0.0931998219138698,0.4285714285714285,0.3118136729288931,-0.3179912624972321,0.391304347826087,0.4366197183098591,7.8478260869565215,4.901408450704225,2.9166666666666665,1.3333333333333333,0.5714285714285714,0.5,0.3627120163952428,0.3333333333333333,-0.3566786000520864,-0.17508299270206273,0.05512422360248442,-0.13837410427477137,-2.9192546583850927,-0.6908821349147516,-1.28030303030303,-0.7878787878787878,-0.0714285714285714,-0.5,-0.45591183830911264,0.09523809523809518,-0.1805418119878295,-1.2873550256093342,5.611111111111111,0.1,0.05,0.05,0.4539470266732258,14.438657854732714,10.238095238095235,0.0869565217391304,0.0,0.0,-0.6344888386610553,-15.726012880342049,-4.626984126984125,0.013043478260869601,0.05,0.05,0,538.7,0.0,0,1,0,0,0,1,-1,1,0,1,12,2,10,0,0,0,0,1,-1,0,0,0,0,0,0,0,0,0,0,0,0,0,0,0,0,0,0,0,0.16,-0.16,5,2,3
401326469,2021,REG,10,2021-11-14,Sunday,13:00,BUF,NYJ,45,17,Home,7,10,-685,527,-13.0,101,-111,47.0,104,-116,1,outdoors,fieldturf,47.0,4.0,00-0034857,00-0034401,Josh Allen,Mike White,Sean McDermott,Robert Saleh,NYC01,MetLife Stadium,0.864,0.136,-745,600,-13-110,+13½-110,51.332,0.1701,0.8284,0.0013,36.99,11.51,48.5,-12.742,12.742,-8.065,8.594,48.5,13.5,-13.5,Turf,Partly Cloudy Day,46.99,,,6.46,213.0,-28,62,0,-15.0,LOSS,OVER,0.2038876464794258,0.4405301507604306,0.4666666666666667,0.55,6.493333333333333,8.883333333333333,2.727272727272727,4.090909090909091,0.6666666666666666,0.8571428571428571,-0.0444859406314948,0.5714285714285714,-0.1661722834084578,-0.208771313532132,0.4,0.3571428571428571,4.630769230769231,3.9107142857142856,0.6666666666666666,0.9,0.0,0.0,-0.0409355328141531,0.4,0.3700599298878836,0.6493014642925626,0.06666666666666665,0.19285714285714295,1.862564102564102,4.972619047619047,2.0606060606060606,3.190909090909091,0.6666666666666666,0.8571428571428571,-0.0035504078173416997,0.17142857142857137,0.5764871635050937,-0.4737634550441395,9.181818181818182,0.0,0.0,0.0,-0.1705317194887098,-0.3704041242599484,6.1063829787234045,0.0784313725490196,0.0392156862745098,0.0,0.7470188829938035,-0.10335933078419113,3.075435203094777,-0.0784313725490196,-0.0392156862745098,0.0,3,277.9,0.0,0,1,0,0,0,1,-1,2,0,2,4,1,3,0,1,-1,0,1,-1,0,0,0,0,0,0,0,0,0,0,1,-1,0,0,0,0,0,0,0,1,-1,4,2,2
401326470,2021,REG,10,2021-11-14,Sunday,13:00,DET,PIT,16,16,Home,14,6,303,-359,9.0,-121,110,43.0,-114,102,0,outdoors,grass ,37.0,12.0,00-0033106,00-0034771,Jared Goff,Mason Rudolph,Dan Campbell,Mike Tomlin,PIT00,Heinz Field,0.196,0.804,210,-240,+6-110,-5½-110,19.798,0.701,0.2966,0.0023,13.14,27.36,40.5,7.112,-7.112,-2.686,-6.039,40.5,-6.0,6.0,Grass,Cloudy,39.4,11%,Rain,5.19,162.0,0,32,0,-9.0,LOSS,UNDER,0.0176149157191459,0.1195970688871132,0.375,0.4482758620689655,4.390625,7.137931034482759,2.230769230769231,2.25,1.0,0.6,-0.099257552357287,0.3529411764705882,,,,,,,,,,,,,,,,,,,,,,,,,,,,,,,-0.2882064337115461,7.860989775508642,5.852941176470588,0.125,0.0,0.025,,,,,,,-8,204.4,0.0,0,1,0,0,1,2,-1,0,0,0,0,2,-2,1,1,0,1,1,0,0,0,0,0,0,0,1,0,1,0,0,0,0,0,0,0.81,0.29,0.52,0,0,0,0,4,-4
401326471,2021,REG,10,2021-11-14,Sunday,13:00,NO,TEN,21,23,Home,7,7,133,-147,3.0,-114,103,44.0,-109,-102,0,outdoors,grass ,53.0,12.0,00-0032156,00-0029701,Trevor Siemian,Ryan Tannehill,Sean Payton,Mike Vrabel,NAS00,Nissan Stadium,0.321,0.679,135,-150,+3-110,-3+100,60.415,0.6018,0.3949,0.0031,17.74,24.76,42.5,3.514,-3.514,1.585,1.264,42.5,-3.0,3.0,Grass,Partly Cloudy Day,56.13,,,10.27,240.0,2,44,1,-1.0,LOSS,PUSH,-0.0774139069221828,-0.2424765473898114,0.4181818181818181,0.4054054054054054,3.5454545454545454,4.6891891891891895,1.8333333333333333,1.4545454545454546,0.75,0.3333333333333333,-0.1482415297310004,0.3333333333333333,-0.0730732443557085,0.0959635231942305,0.4366197183098591,0.3818181818181818,5.295774647887324,6.6909090909090905,2.083333333333333,2.4545454545454546,0.75,0.6,0.0336957948928666,0.3,-0.004340662566474307,-0.3384400705840419,-0.018437900128040974,0.023587223587223594,-1.7503201024327786,-2.001719901719901,-0.24999999999999978,-1.0,0.0,-0.26666666666666666,-0.18193732462386702,0.033333333333333326,-0.1412962481457119,0.4182046422591576,4.037037037037037,0.1,0.0333333333333333,0.0,-0.1379333104953718,-5.270437151193619,7.268292682926829,0.0232558139534883,0.0,0.0232558139534883,-0.0033629376503400976,5.688641793452776,-3.2312556458897914,0.0767441860465117,0.0333333333333333,-0.0232558139534883,0,470.2,0.0,0,1,0,0,3,3,0,0,0,0,3,2,1,1,2,-1,2,3,-1,0,0,0,0,1,-1,0,1,-1,1,0,1,0,0,0,0,1.68,-1.68,1.86,0.27,1.59,8,3,5
401326472,2021,REG,10,2021-11-14,Sunday,13:00,TB,WAS,19,29,Home,14,14,-435,359,-10.0,106,-117,51.0,-109,-102,0,outdoors,grass ,47.0,8.0,00-0019596,00-0031800,Tom Brady,Taylor Heinicke,Bruce Arians,Ron Rivera,WAS00,FedExField,0.802,0.198,-430,400,-9½-110,+10-110,68.862,0.2194,0.7787,0.0017,35.83,15.17,51.0,-10.333,10.333,-2.937,8.245,51.0,9.5,-9.5,Grass,Partly Cloudy Day,47.21,,,8.83,191.0,10,48,1,20.0,WIN,UNDER,,,,,,,,,,,,,,,,,,,,,,,,,,,,,,,,,,,,,-0.0598658184013777,-4.154521871257472,7.3076923076923075,0.1136363636363636,0.0454545454545454,0.0454545454545454,0.022388138325051,0.4075223952531811,8.5,0.0697674418604651,0.0465116279069767,0.0232558139534883,-0.0822539567264287,-4.562044266510654,-1.1923076923076925,0.0438689217758985,-0.0010570824524313016,0.0221987315010571,0,821.9,0.0,0,1,0,0,3,3,0,0,0,0,3,3,0,2,1,1,3,2,1,0,0,0,0,0,0,1,1,0,1,0,1,0,0,0,0.06,0.59,-0.53,1.54,0,1.54,6,4,2
401326473,2021,REG,10,2021-11-14,Sunday,16:05,CAR,ARI,34,10,Home,7,7,280,-329,7.0,-103,-107,42.0,-113,101,0,closed,grass ,,,00-0033275,00-0027688,Phillip Walker,Colt McCoy,Matt Rhule,Kliff Kingsbury,PHO00,State Farm Stadium,0.173,0.827,290,-320,+7-105,-7-110,41.676,0.7634,0.2347,0.0018,11.1,30.4,41.5,9.653,-9.653,0.302,-3.815,41.5,-7.0,7.0,Dome,,,,,,,-24,44,0,-31.0,LOSS,OVER,0.2449231024743905,-0.114385241685554,0.4477611940298507,0.4464285714285714,6.537313432835821,6.017857142857143,2.8181818181818183,1.5454545454545454,0.8,0.6666666666666666,0.2937531144369859,0.4666666666666667,-0.4930742551992948,-0.0448649271231933,0.2982456140350877,0.4464285714285714,4.2105263157894735,4.928571428571429,0.5454545454545454,1.6363636363636365,0.0,0.5,-0.437162464876504,0.2727272727272727,0.7379973576736854,-0.0695203145623607,0.149515579994763,0.0,2.326787117046347,1.0892857142857144,2.272727272727273,-0.09090909090909105,0.8,0.16666666666666663,0.7309155793134898,0.19393939393939397,0.4757768804057767,12.562940001487732,3.3461538461538463,0.0714285714285714,0.0,0.0,-0.2575570060289465,-62.39803433418274,1.0,0.0,0.0,0.0,0.7333338864347232,74.96097433567047,2.3461538461538463,0.0714285714285714,0.0,0.0,0,1787.6,2.0,1,0,0,0,4,2,2,0,0,0,6,2,4,2,0,2,2,1,1,0,0,0,1,0,1,1,0,1,0,0,0,0,0,0,0.14,0,0.14,0,0.29,-0.29,4,1,3
401326474,2021,REG,10,2021-11-14,Sunday,16:05,MIN,LAC,27,20,Home,7,7,160,-179,3.0,111,-123,53.5,-104,-107,0,dome,matrixturf,,,00-0029604,00-0036355,Kirk Cousins,Justin Herbert,Mike Zimmer,Brandon Staley,LAX01,SoFi Stadium,0.413,0.587,170,-175,+3½-110,-3½+100,59.151,0.59,0.4066,0.0032,23.64,29.86,53.5,3.107,-3.107,1.79,0.988,53.5,-3.5,3.5,Grass,Clear Day,90.3,,,4.57,244.0,-7,47,0,-10.0,LOSS,UNDER,0.2925569687949158,0.2231024952417842,0.5230769230769231,0.5087719298245614,6.876923076923077,5.807017543859649,3.375,3.0,0.5,0.75,0.3422628540953155,0.5,0.173612835074999,0.1052774836435949,0.3846153846153846,0.5168539325842697,6.115384615384615,5.617977528089888,2.8181818181818183,2.833333333333333,0.8,0.6666666666666666,-0.0763771371138217,0.3571428571428571,0.11894413371991677,0.11782501159818928,0.13846153846153852,-0.008082002759708273,0.7615384615384624,0.18904001576976093,0.5568181818181817,0.16666666666666696,-0.30000000000000004,0.08333333333333337,0.4186399912091372,0.1428571428571429,0.5905850144669194,16.776630604589307,5.8108108108108105,0.0,0.0,0.0,0.2738062447920181,-2.2124706634453366,8.142857142857142,0.0,0.0,0.0,0.31677876967490126,18.989101268034645,-2.332046332046332,0.0,0.0,0.0,0,1530.1,2.0,1,0,0,0,1,2,-1,2,0,2,4,1,3,0,2,-2,0,2,-2,0,0,0,0,0,0,0,0,0,0,2,-2,0,0,0,0,0,0,0.72,1.27,-0.55,3,18,-15
401326475,2021,REG,10,2021-11-14,Sunday,16:25,PHI,DEN,30,13,Home,7,7,101,-111,1.0,-108,-102,44.5,-103,-108,0,outdoors,grass ,57.0,19.0,00-0036389,00-0031237,Jalen Hurts,Teddy Bridgewater,Nick Sirianni,Vic Fangio,DEN00,Empower Field at Mile High,0.357,0.643,100,-110,+1-110,+0-110,52.148,0.6334,0.3635,0.0029,18.38,27.62,46.0,4.623,-4.623,0.478,0.155,46.0,-2.0,2.0,Grass,Clear Day,66.36,,,5.9,280.0,-17,43,0,-18.0,LOSS,UNDER,0.1629944674416209,-0.1608976283889042,0.4444444444444444,0.3898305084745763,5.708333333333333,4.983050847457627,2.5,1.6,0.75,0.6666666666666666,0.0378317368719893,0.5333333333333333,0.2231024952417842,0.2925569687949158,0.5087719298245614,0.5230769230769231,5.807017543859649,6.876923076923077,3.0,3.375,0.75,0.5,0.1203459626205989,0.6666666666666666,-0.06010802780016328,-0.45345459718382,-0.06432748538011701,-0.13324641460234682,-0.09868421052631593,-1.8938722294654502,-0.5,-1.775,0.0,0.16666666666666663,-0.08251422574860962,-0.1333333333333333,0.2744237216412392,7.361533120274544,8.035714285714286,0.1212121212121212,0.0,0.0,0.3118510347397683,9.566432796418663,12.117647058823527,0.0555555555555555,0.0,0.0,-0.03742731309852909,-2.2048996761441195,-4.081932773109241,0.0656565656565657,0.0,0.0,0,1576.8,2.0,1,0,0,0,2,0,2,0,0,0,10,2,8,2,0,2,2,0,2,0,0,0,2,0,2,0,0,0,0,0,0,0,0,0,1.29,0,1.29,0,0,0,4,0,4
401326476,2021,REG,10,2021-11-14,Sunday,16:25,SEA,GB,0,17,Home,14,7,151,-168,3.0,104,-115,49.5,-117,105,0,outdoors,grass ,35.0,11.0,00-0029263,00-0023459,Russell Wilson,Aaron Rodgers,Pete Carroll,Matt LaFleur,GNB00,Lambeau Field,0.356,0.644,170,-165,+3½-110,-3-110,74.852,0.5489,0.4474,0.0035,22.79,26.21,49.0,1.71,-1.71,5.281,2.373,49.0,-3.0,3.0,Grass,Partly Cloudy Day,36.67,9%,Snow,10.76,332.0,17,17,1,14.0,WIN,UNDER,-0.0055957031069127,-0.154863367651709,0.3833333333333333,0.3770491803278688,5.016666666666667,3.918032786885246,0.7,1.181818181818182,0.5,0.5,0.1110003089894437,0.1666666666666666,,,,,,,,,,,,,,,,,,,,,,,,,0.0376227529226705,-8.141895958355494,4.45945945945946,0.0263157894736842,0.0,0.0,-0.1207714610059374,7.978204172104597,11.9375,0.1111111111111111,0.0555555555555555,0.0,0.1583942139286079,-16.12010013046009,-7.47804054054054,-0.08479532163742691,-0.0555555555555555,0.0,-7,1643.6,2.0,0,1,0,0,0,3,-3,3,0,3,3,1,2,0,0,0,0,3,-3,0,0,0,0,0,0,0,0,0,0,0,0,0,0,0,0,0,0,0,0.2,-0.2,5,3,2
401326477,2021,REG,10,2021-11-14,Sunday,20:20,KC,LV,41,14,Home,7,7,-147,133,-2.5,-123,111,53.5,-108,-103,1,dome,grass,,,00-0033873,00-0031280,Patrick Mahomes,Derek Carr,Andy Reid,Rich Bisaccia,VEG00,Allegiant Stadium,0.671,0.329,-145,130,-2½-110,+3-120,65.113,0.472,0.5241,0.0037,27.63,25.87,53.5,-0.877,0.877,-2.433,6.216,53.5,2.5,-2.5,Turf,,,,,,,-27,55,0,-24.5,LOSS,OVER,-0.0474283458022831,-0.0481989266142266,0.5522388059701493,0.490566037735849,6.014925373134329,4.679245283018868,1.6,1.5454545454545454,0.1666666666666666,0.2,0.1021450113740111,0.3333333333333333,-0.154863367651709,-0.0055957031069127,0.3770491803278688,0.3833333333333333,3.918032786885246,5.016666666666667,1.181818181818182,0.7,0.5,0.5,-0.0913283543061743,0.3571428571428571,0.1074350218494259,-0.0426032235073139,0.17518962564228047,0.1072327044025157,2.0968925862490826,-0.33742138364779883,0.418181818181818,0.8454545454545455,-0.33333333333333337,-0.3,0.1934733656801854,-0.02380952380952378,-0.1561725621023533,-3.1629569504572,5.782608695652174,0.0212765957446808,0.0425531914893617,0.0212765957446808,-0.2355709302932304,-11.350725673966938,8.945945945945946,0.0263157894736842,0.0,0.0,0.07939836819087709,8.187768723509738,-3.1633372502937718,-0.0050391937290034,0.0425531914893617,0.0212765957446808,0,1149.2,2.0,1,0,0,0,2,2,0,2,0,2,0,1,-1,0,1,-1,2,2,0,0,0,0,0,1,-1,0,0,0,0,0,0,0,0,0,0,1.2,-1.2,0,0,0,0,0,0
401326478,2021,REG,10,2021-11-15,Monday,20:15,LA,SF,10,31,Home,8,8,-177,158,-3.5,-100,-110,50.0,-110,-102,1,outdoors,grass,59.0,0.0,00-0026498,00-0031345,Matthew Stafford,Jimmy Garoppolo,Sean McVay,Kyle Shanahan,SFO01,Levi's Stadium,0.673,0.327,-180,175,-3½-110,+3½-105,85.764,0.3975,0.5992,0.0031,28.43,21.57,50.0,-3.426,3.426,4.407,5.989,50.0,3.5,-3.5,Grass,Partly Cloudy Night,61.11,,,2.41,278.0,21,41,1,24.5,WIN,UNDER,-0.114385241685554,0.2449231024743905,0.4464285714285714,0.4477611940298507,6.017857142857143,6.537313432835821,1.5454545454545454,2.8181818181818183,0.6666666666666666,0.8,-0.0880051013702304,0.4,-0.2424765473898114,-0.0774139069221828,0.4054054054054054,0.4181818181818181,4.6891891891891895,3.5454545454545454,1.4545454545454546,1.8333333333333333,0.3333333333333333,0.75,-0.157009614430925,0.2666666666666666,0.1280913057042574,0.3223370093965733,0.041023166023166024,0.029579375848032607,1.3286679536679538,2.9918588873812753,0.09090909090909083,0.9848484848484851,0.3333333333333333,0.050000000000000044,0.0690045130606946,0.13333333333333341,0.1236833419510701,4.836726188659668,8.875,0.1111111111111111,0.0222222222222222,0.0,-0.377427756729814,-7.167803543679257,5.083333333333333,0.0943396226415094,0.0377358490566037,0.0,0.5011110986808841,12.004529732338925,3.791666666666667,0.016771488469601706,-0.015513626834381504,0.0,0,313.5,0.0,1,0,0,0,5,1,4,0,0,0,3,5,-2,1,1,0,4,1,3,0,0,0,0,0,0,0,1,-1,0,0,0,1,0,1,0.9,1,-0.1,1.84,0,1.84,1,4,-3
401326479,2021,REG,11,2021-11-18,Thursday,20:20,NE,ATL,25,0,Home,4,4,-329,280,-7.0,-111,101,47.5,-108,-103,0,closed,fieldturf,,,00-0036972,00-0026143,Mac Jones,Matt Ryan,Bill Belichick,Arthur Smith,ATL97,Mercedes-Benz Stadium,0.639,0.361,-310,270,-7-110,+7-110,48.049,0.3057,0.6918,0.0024,30.24,16.77,47.0,-6.735,6.735,-5.502,4.991,47.0,7.0,-7.0,Dome,,,,,,,-25,25,0,-18.0,LOSS,UNDER,-0.4606960720115013,0.1856115619466972,0.320754716981132,0.4142857142857143,4.037735849056604,6.271428571428571,0.25,3.083333333333333,0.0,0.8333333333333334,-0.0327658843976678,0.0909090909090909,0.4952313477191511,-0.1795779928095349,0.5666666666666667,0.396551724137931,7.566666666666666,3.7413793103448274,5.0,0.7777777777777778,0.8571428571428571,0.5,0.3294532031081069,0.7777777777777778,-0.9559274197306524,0.3651895547562321,-0.24591194968553465,0.01773399014778332,-3.528930817610062,2.530049261083744,-4.75,2.3055555555555554,-0.8571428571428571,0.33333333333333337,-0.3622190875057747,-0.6868686868686869,-0.6482741684410734,-23.54219683579036,7.952380952380952,0.0869565217391304,0.0869565217391304,0.0434782608695652,0.6473900321518583,18.757368082349952,6.217391304347826,0.08,0.0,0.0,-1.2956642005929317,-42.29956491814031,1.7349896480331255,0.006956521739130403,0.0869565217391304,0.0434782608695652,0,917.0,0.0,1,0,0,0,3,0,3,0,0,0,2,13,-11,1,0,1,2,0,2,0,0,0,0,0,0,1,0,1,0,0,0,0,0,0,0.43,0,0.43,0.1,0,0.1,1,2,-1
401326480,2021,REG,11,2021-11-21,Sunday,13:00,IND,BUF,41,15,Home,7,7,274,-320,7.5,-116,105,49.5,-111,100,0,outdoors,a_turf,49.0,12.0,00-0032950,00-0034857,Carson Wentz,Josh Allen,Frank Reich,Sean McDermott,BUF00,New Era Field,0.248,0.752,280,-290,+7-110,-7+100,73.326,0.7633,0.2348,0.0018,15.14,34.36,49.5,9.613,-9.613,8.594,2.217,49.5,-7.0,7.0,Turf,Cloudy,48.87,,,12.44,178.0,-26,56,0,-33.5,LOSS,OVER,0.461130498185441,-0.16757749900423,0.6078431372549019,0.3857142857142857,9.666666666666666,5.228571428571429,3.4615384615384617,1.4166666666666667,0.8571428571428571,1.0,0.400797945602707,0.5714285714285714,-0.0469674093682072,-0.0137677810785779,0.3898305084745763,0.4126984126984127,5.050847457627119,5.285714285714286,1.3076923076923077,1.3076923076923077,0.2,1.0,0.0170434738962083,0.2666666666666666,0.5080979075536483,-0.1538097179256521,0.21801262878032562,-0.026984126984127,4.615819209039547,-0.05714285714285694,2.153846153846154,0.10897435897435903,0.657142857142857,0.0,0.3837544717064987,0.3047619047619048,0.6318778884286874,16.767841364656174,12.928571428571429,0.0666666666666666,0.0333333333333333,0.0,-0.0904731910535623,-5.702848597006365,4.882352941176471,0.0285714285714285,0.0,0.0,0.7223510794822497,22.47068996166254,8.046218487394958,0.0380952380952381,0.0333333333333333,0.0,0,435.8,0.0,0,1,0,0,0,0,0,0,0,0,1,1,0,0,0,0,0,0,0,0,0,0,0,0,0,0,0,0,0,0,0,0,0,0,0,0,0,0,0,0,1,2,-1
401326481,2021,REG,11,2021-11-21,Sunday,13:00,WAS,CAR,27,21,Home,7,7,154,-172,3.5,-114,103,43.0,-108,-103,0,outdoors,grass ,54.0,0.0,00-0031800,00-0027939,Taylor Heinicke,Cam Newton,Ron Rivera,Matt Rhule,CAR00,Bank of America Stadium,0.49,0.51,155,-170,+3+105,-3-110,25.253,0.6268,0.3701,0.0029,17.13,25.87,43.0,4.372,-4.372,-3.815,-2.937,43.0,-3.5,3.5,Grass,Partly Cloudy Day,58.92,,,3.29,214.0,-6,48,0,-9.5,LOSS,OVER,0.0037369464010643,-0.5789253617088127,0.4857142857142857,0.2830188679245283,4.9,3.188679245283019,2.833333333333333,0.8333333333333334,0.75,0.5,0.0101445721382994,0.4666666666666667,0.0419765953491302,-0.0186150941468884,0.4305555555555556,0.4680851063829787,4.444444444444445,5.808510638297872,3.2222222222222223,1.9,0.6,0.5,-0.233196166716516,0.5789473684210527,-0.038239648948065905,-0.5603102675619243,0.05515873015873013,-0.18506623845845038,0.4555555555555557,-2.6198313930148536,-0.3888888888888893,-1.0666666666666664,0.15000000000000002,0.0,0.24334073885481539,-0.11228070175438598,-0.2256632313413806,-1.73473060131073,1.5,0.0,0.0,0.0,0.2340435177589244,12.284465134143831,7.21875,0.1351351351351351,0.0,0.0,-0.459706749100305,-14.019195735454561,-5.71875,-0.1351351351351351,0.0,0.0,0,336.2,0.0,1,0,0,0,0,2,-2,0,0,0,1,4,-3,0,1,-1,0,1,-1,0,0,0,0,0,0,0,1,-1,0,0,0,0,0,0,0,0.45,-0.45,0,0.19,-0.19,7,0,7
401326482,2021,REG,11,2021-11-21,Sunday,13:00,BAL,CHI,16,13,Home,10,13,-226,199,-5.0,-103,-107,43.0,-104,-107,0,outdoors,grass ,46.0,9.0,00-0035993,00-0036945,Tyler Huntley,Justin Fields,John Harbaugh,Matt Nagy,CHI98,Soldier Field,0.527,0.473,-120,110,-1-110,+2-110,28.007,0.4818,0.5142,0.0038,22.54,21.46,44.0,-0.542,0.542,-4.483,-1.314,44.0,5.0,-5.0,Grass,Partly Cloudy Day,50.19,5%,Rain,11.5,239.0,-3,29,0,2.0,WIN,UNDER,,,,,,,,,,,,,-0.2740263238150921,-0.0559527225579052,0.417910447761194,0.360655737704918,4.552238805970149,5.754098360655738,0.7142857142857143,1.1428571428571428,0.5,0.2,0.0549783201872828,0.1428571428571428,,,,,,,,,,,,,0.1403382190486547,6.150931119918823,15.241379310344827,0.09375,0.03125,0.0,-0.3835333153097467,-21.14767323840748,12.454545454545457,0.0,0.0,0.0,0.5238715343584014,27.298604358326305,2.7868338557993706,0.09375,0.03125,0.0,3,603.5,1.0,1,0,0,0,1,3,-2,2,0,2,2,11,-9,1,1,0,1,2,-1,0,0,0,0,0,0,0,0,0,1,1,0,0,0,0,0,0.15,-0.15,0.49,0.95,-0.46,3,3,0
401326483,2021,REG,11,2021-11-21,Sunday,13:00,DET,CLE,10,13,Home,7,7,465,-590,13.0,-106,-104,42.5,-103,-108,0,outdoors,grass ,42.0,7.0,00-0034177,00-0034855,Tim Boyle,Baker Mayfield,Dan Campbell,Kevin Stefanski,CLE00,FirstEnergy Stadium,0.107,0.893,550,-660,+13-110,-13-110,36.144,0.8168,0.1817,0.0014,9.15,33.35,42.5,12.096,-12.096,0.372,-8.675,42.5,-12.5,12.5,Grass,Rain,44.34,83%,Rain,7.57,152.0,3,23,1,-10.0,LOSS,UNDER,-0.1795779928095349,0.4952313477191511,0.396551724137931,0.5666666666666667,3.7413793103448274,7.566666666666666,0.7777777777777778,5.0,0.5,0.8571428571428571,0.0223824460354503,0.0909090909090909,-0.105563609119347,-0.1339475916344648,0.2794117647058823,0.4,4.5,4.85,1.0666666666666669,1.1428571428571428,0.6666666666666666,0.3333333333333333,-0.1162855072810392,0.2222222222222222,-0.07401438369018791,0.6291789393536159,0.11713995943204869,0.16666666666666663,-0.7586206896551726,2.716666666666667,-0.2888888888888891,3.857142857142857,-0.16666666666666663,0.5238095238095237,0.1386679533164895,-0.13131313131313133,-0.225151018705219,-10.988733917474748,7.523809523809524,0.0869565217391304,0.0434782608695652,0.0434782608695652,,,,,,,,,,,,,0,90.0,0.0,0,1,0,0,3,3,0,0,1,-1,2,4,-2,1,2,-1,2,3,-1,0,0,0,0,0,0,1,1,0,0,1,-1,0,0,0,0.15,0.29,-0.14,0.51,0.62,-0.11,4,0,4
401326484,2021,REG,11,2021-11-21,Sunday,13:00,SF,JAX,30,10,Home,6,7,-281,243,-6.5,-106,-104,45.0,-103,-108,0,outdoors,grass ,68.0,17.0,00-0031345,00-0036971,Jimmy Garoppolo,Trevor Lawrence,Kyle Shanahan,Urban Meyer,JAX00,TIAA Bank Stadium,0.733,0.267,-270,250,-6½-110,+6½-101,34.667,0.3546,0.6425,0.0028,27.43,17.57,45.0,-4.927,4.927,-8.536,4.407,45.0,6.5,-6.5,Grass,Partly Cloudy Day,69.84,,,9.95,40.0,-20,40,0,-13.5,LOSS,UNDER,-0.0137677810785779,-0.0469674093682072,0.4126984126984127,0.3898305084745763,5.285714285714286,5.050847457627119,1.3076923076923077,1.3076923076923077,1.0,0.2,-0.0226322277219956,0.3333333333333333,0.1574315639107529,-0.2158067051307536,0.4444444444444444,0.3703703703703703,5.333333333333333,5.148148148148148,2.5,1.0,0.75,0.25,-0.0556611562286444,0.5714285714285714,-0.1711993449893308,0.1688392957625464,-0.031746031746031744,0.019460138104205993,-0.04761904761904745,-0.09730069052102852,-1.1923076923076923,0.3076923076923077,0.25,-0.04999999999999999,0.0330289285066488,-0.23809523809523808,-0.1680844555513212,-18.286577463150024,9.571428571428571,0.0769230769230769,0.0,0.0512820512820512,0.7705063594997454,8.033540688062969,6.578947368421052,0.05,0.0,0.0,-0.9385908150510667,-26.320118151212995,2.992481203007519,0.026923076923076897,0.0,0.0512820512820512,1,2346.7,3.0,0,1,0,0,1,2,-1,0,1,-1,1,0,1,0,0,0,1,2,-1,0,0,0,0,0,0,0,0,0,0,0,0,0,0,0,0,0.34,-0.34,0,0.34,-0.34,0,4,-4
401326485,2021,REG,11,2021-11-21,Sunday,13:00,GB,MIN,31,34,Home,7,7,-111,101,-1.0,-105,-105,48.0,-113,102,1,dome,sportturf,,,00-0023459,00-0029604,Aaron Rodgers,Kirk Cousins,Matt LaFleur,Mike Zimmer,MIN01,U.S. Bank Stadium,0.494,0.506,-114,100,-1-110,+1½-110,74.78,0.4536,0.5427,0.0036,25.24,22.26,47.5,-1.494,1.494,0.988,5.281,47.5,1.0,-1.0,Dome,,,,,,,3,65,1,4.0,WIN,OVER,0.1347923620815821,-0.1243594457827127,0.4927536231884058,0.4363636363636363,5.6231884057971016,4.6,2.4545454545454546,2.0,0.75,0.6666666666666666,0.1136398727464472,0.3571428571428571,0.0642450734260211,-0.3032766637674501,0.4571428571428571,0.423728813559322,5.614285714285714,3.5254237288135597,1.7,0.0,0.4,0.0,0.1122283517547078,0.5,0.07054728865556101,0.17891721798473742,0.03561076604554875,0.012634822804314272,0.008902691511387673,1.07457627118644,0.7545454545454546,2.0,0.35,0.6666666666666666,0.0014115209917393984,-0.1428571428571429,0.1702949876212157,3.092934148652213,7.135135135135135,0.0512820512820512,0.0,0.0256410256410256,0.0448878160345242,-5.424084833690098,6.27027027027027,0.0263157894736842,0.0263157894736842,0.0,0.1254071715866915,8.51701898234231,0.8648648648648649,0.024966261808367,-0.0263157894736842,0.0256410256410256,0,257.1,0.0,1,0,0,0,1,3,-2,0,1,-1,1,2,-1,0,2,-2,1,2,-1,0,0,0,0,0,0,0,2,-2,0,0,0,0,0,0,0,0.47,-0.47,0,0,0,1,1,0
401326486,2021,REG,11,2021-11-21,Sunday,13:00,MIA,NYJ,24,17,Home,10,7,-181,162,-3.5,-103,-107,44.5,101,-112,1,outdoors,fieldturf,52.0,4.0,00-0036212,00-0026158,Tua Tagovailoa,Joe Flacco,Brian Flores,Robert Saleh,NYC01,MetLife Stadium,0.518,0.482,-180,176,-4-110,+4-110,15.806,0.394,0.6028,0.0031,25.78,18.72,44.5,-3.534,3.534,-8.065,-1.285,44.5,3.5,-3.5,Turf,Partly Cloudy Day,55.73,,,7.34,202.0,-7,41,0,-3.5,LOSS,UNDER,-0.16757749900423,0.461130498185441,0.3857142857142857,0.6078431372549019,5.228571428571429,9.666666666666666,1.4166666666666667,3.4615384615384617,1.0,0.8571428571428571,-0.0944830318574201,0.2307692307692307,-0.0559527225579052,-0.2740263238150921,0.360655737704918,0.417910447761194,5.754098360655738,4.552238805970149,1.1428571428571428,0.7142857142857143,0.2,0.5,0.1104304560405118,0.2307692307692307,-0.11162477644632479,0.7351568220005331,0.025058548009367687,0.1899326894937079,-0.5255269320843095,5.114427860696517,0.27380952380952395,2.7472527472527473,0.8,0.3571428571428571,-0.2049134878979319,0.0,1.7863096653988275,36.59483293692271,10.333333333333334,0.0,0.0,0.0,0.1507567113725661,4.837363041364229,8.692307692307692,0.0666666666666666,0.0,0.0666666666666666,1.6355529540262614,31.75746989555848,1.6410256410256423,-0.0666666666666666,0.0,-0.0666666666666666,-3,1085.5,0.0,0,1,0,0,0,0,0,1,0,1,2,2,0,0,0,0,0,0,0,0,0,0,0,0,0,0,0,0,0,0,0,0,0,0,0,0,0,0,0,0,8,5,3
401326487,2021,REG,11,2021-11-21,Sunday,13:00,NO,PHI,29,40,Home,7,7,130,-144,2.5,106,-117,42.5,-111,-100,0,outdoors,grass ,51.0,4.0,00-0032156,00-0036389,Trevor Siemian,Jalen Hurts,Sean Payton,Nick Sirianni,PHI00,Lincoln Financial Field,0.465,0.535,150,-145,+3-110,-3-105,55.368,0.482,0.5141,0.0038,21.79,20.71,42.5,-0.537,0.537,0.155,1.264,42.5,-2.5,2.5,Grass,Partly Cloudy Day,54.21,,,6.01,199.0,11,69,1,8.5,WIN,OVER,0.1343229604179754,-0.2609554527726676,0.4918032786885246,0.3818181818181818,6.377049180327869,5.6,2.1818181818181817,1.181818181818182,0.4,0.2,0.0968310736210028,0.4615384615384615,0.1118655722189256,-0.0664290598665027,0.4193548387096774,0.3928571428571428,6.016129032258065,4.75,1.9090909090909087,2.090909090909091,0.75,0.4,0.0425854478938961,0.4166666666666667,0.0224573881990498,-0.19452639290616486,0.0724484399788472,-0.011038961038961015,0.36092014806980366,0.8499999999999996,0.27272727272727293,-0.9090909090909087,-0.35,-0.2,0.05424562572710669,0.04487179487179482,0.2028617116534709,12.886255302212454,10.347826086956522,0.08,0.04,0.04,0.1473454834041062,-4.480229182676836,9.470588235294118,0.1025641025641025,0.0,0.0,0.055516228249364696,17.36648448488929,0.8772378516624038,-0.022564102564102503,0.04,0.04,0,1086.6,1.0,0,1,0,0,1,6,-5,0,0,0,2,1,1,0,3,-3,1,5,-4,0,0,0,0,2,-2,0,1,-1,0,0,0,0,0,0,0,2.77,-2.77,0,0.45,-0.45,1,3,-2
401326488,2021,REG,11,2021-11-21,Sunday,13:00,HOU,TEN,22,13,Home,14,7,377,-462,10.5,-110,-100,44.5,-110,-101,1,outdoors,grass ,59.0,8.0,00-0028118,00-0029701,Tyrod Taylor,Ryan Tannehill,David Culley,Mike Vrabel,NAS00,Nissan Stadium,0.126,0.874,400,-440,+10-110,-10-110,36.311,0.8295,0.1691,0.0013,9.5,35.0,44.5,12.748,-12.748,1.585,-9.988,44.5,-10.0,10.0,Grass,Rain,59.34,28%,Rain,8.74,203.0,-9,35,0,-19.5,LOSS,UNDER,-0.0664290598665027,0.1118655722189256,0.3928571428571428,0.4193548387096774,4.75,6.016129032258065,2.090909090909091,1.9090909090909087,0.4,0.75,0.0553575935892612,0.25,,,,,,,,,,,,,,,,,,,,,,,,,0.0840833512616494,2.648323001684966,4.962962962962963,0.0689655172413793,0.0,0.0,-0.3084327066382764,-3.3958118695479174,8.357142857142858,0.1063829787234042,0.0638297872340425,0.0,0.3925160578999258,6.044134871232883,-3.394179894179895,-0.037417461482024905,-0.0638297872340425,0.0,-7,671.5,0.0,0,1,0,0,7,2,5,0,0,0,1,2,-1,6,0,6,7,0,7,0,0,0,1,0,1,2,0,2,3,0,3,0,0,0,1.82,0,1.82,2.33,0,2.33,7,11,-4
401326489,2021,REG,11,2021-11-21,Sunday,16:05,CIN,LV,32,13,Home,14,7,-123,112,-1.0,-115,105,50.5,-110,-101,0,dome,grass,,,00-0036442,00-0031280,Joe Burrow,Derek Carr,Zac Taylor,Rich Bisaccia,VEG00,Allegiant Stadium,0.496,0.504,-130,120,-2-110,+2½-105,46.609,0.4988,0.4971,0.0039,25.22,25.28,50.5,0.03,-0.03,-2.433,1.619,50.5,1.0,-1.0,Turf,,,,,,,-19,45,0,-18.0,LOSS,UNDER,-0.1638469103970291,0.3900354776372418,0.3333333333333333,0.5405405405405406,5.862745098039215,7.0,1.4,4.1,0.6666666666666666,0.8333333333333334,0.0852051075620693,0.1111111111111111,,,,,,,,,,,,,,,,,,,,,,,,,-0.0005131119459464,1.3522879165761612,7.314285714285714,0.054054054054054,0.027027027027027,0.0,-0.3186981567131604,9.32396222383548,9.4,0.1111111111111111,0.0444444444444444,0.0,0.318185044767214,-7.971674307259319,-2.0857142857142863,-0.0570570570570571,-0.017417417417417397,0.0,-7,1683.7,3.0,1,0,0,0,3,0,3,0,0,0,2,2,0,1,0,1,2,0,2,0,0,0,0,0,0,1,0,1,0,0,0,0,0,0,0.04,0,0.04,0,0,0,0,1,-1
401326490,2021,REG,11,2021-11-21,Sunday,16:25,DAL,KC,9,19,Home,7,7,122,-134,2.5,-101,-110,56.0,-115,103,0,outdoors,grass ,57.0,17.0,00-0033077,00-0033873,Dak Prescott,Patrick Mahomes,Mike McCarthy,Andy Reid,KAN00,GEHA Field at Arrowhead Stadium,0.373,0.627,130,-135,+2½+100,-2½-110,85.578,0.4915,0.5045,0.0039,28.22,27.78,56.0,-0.218,0.218,6.216,5.383,56.0,-2.5,2.5,Grass,Clear Day,57.99,,,7.42,13.0,10,28,1,7.5,WIN,UNDER,0.3900354776372418,-0.1638469103970291,0.5405405405405406,0.3333333333333333,7.0,5.862745098039215,4.1,1.4,0.8333333333333334,0.6666666666666666,0.116261199784197,0.6,0.1856115619466972,-0.4606960720115013,0.4142857142857143,0.320754716981132,6.271428571428571,4.037735849056604,3.083333333333333,0.25,0.8333333333333334,0.0,-0.0037841018907646,0.4285714285714285,0.20442391569054458,0.2968491616144722,0.12625482625482626,0.01257861635220131,0.7285714285714286,1.825009248982611,1.0166666666666666,1.15,0.0,0.6666666666666666,0.1200453016749616,0.17142857142857149,0.4978575917631168,5.237518663102008,7.98,0.0,0.0,0.0,0.7309495318941998,10.656308305674584,5.774193548387097,0.0,0.0,0.0,-0.23309194013108298,-5.418789642572576,2.2058064516129035,0.0,0.0,0.0,0,459.2,0.0,0,1,0,0,1,0,1,0,0,0,3,3,0,0,0,0,1,0,1,0,0,0,0,0,0,0,0,0,0,0,0,0,0,0,0.2,0,0.2,0,0,0,1,3,-2
401326491,2021,REG,11,2021-11-21,Sunday,16:25,ARI,SEA,23,13,Home,7,7,135,-150,2.5,111,-122,46.0,-113,101,1,outdoors,fieldturf,46.0,0.0,00-0027688,00-0029263,Colt McCoy,Russell Wilson,Kliff Kingsbury,Pete Carroll,SEA00,Lumen Field,0.465,0.535,200,-165,+5-110,-3-110,58.334,0.5615,0.4349,0.0034,21.62,25.88,47.5,2.126,-2.126,2.373,0.302,47.5,1.0,-1.0,Turf,Partly Cloudy Day,47.34,,,1.55,257.0,-10,36,0,-12.5,LOSS,UNDER,-0.3032766637674501,0.0642450734260211,0.423728813559322,0.4571428571428571,3.5254237288135597,5.614285714285714,0.0,1.7,0.0,0.4,-0.2185596472686589,0.4666666666666667,-0.5789253617088127,0.0037369464010643,0.2830188679245283,0.4857142857142857,3.188679245283019,4.9,0.8333333333333334,2.833333333333333,0.5,0.75,-0.34115544645229,0.3076923076923077,0.2756486979413626,0.060508127024956795,0.14070994563479372,-0.028571428571428636,0.3367444835305409,0.7142857142857135,-0.8333333333333334,-1.133333333333333,-0.5,-0.35,0.12259579918363112,0.15897435897435896,-0.4759762500680788,-9.241379875885812,11.65,0.0697674418604651,0.0465116279069767,0.0,-0.7018116729377284,-12.646490186452866,9.25,0.0909090909090909,0.0454545454545454,0.0454545454545454,0.22583542286964958,3.4051103105670535,2.4000000000000004,-0.021141649048625796,0.0010570824524313016,-0.0454545454545454,0,1104.2,1.0,1,0,0,0,0,4,-4,0,0,0,5,6,-1,0,2,-2,0,4,-4,0,0,0,0,1,-1,0,1,-1,0,0,0,0,0,0,0,0.38,-0.38,0,0.35,-0.35,0,5,-5
401326492,2021,REG,11,2021-11-21,Sunday,20:20,PIT,LAC,37,41,Home,7,7,220,-251,5.5,103,-114,47.5,-105,-106,0,dome,matrixturf,,,00-0022924,00-0036355,Ben Roethlisberger,Justin Herbert,Mike Tomlin,Brandon Staley,LAX01,SoFi Stadium,0.401,0.599,245,-260,+6½-105,-6½-105,50.797,0.6438,0.3533,0.0028,18.78,28.72,47.5,4.974,-4.974,1.79,-1.471,47.5,-5.0,5.0,Grass,Clear Night,77.52,,,1.18,321.0,4,78,1,-1.5,LOSS,OVER,-0.1243594457827127,0.1347923620815821,0.4363636363636363,0.4927536231884058,4.6,5.6231884057971016,2.0,2.4545454545454546,0.6666666666666666,0.75,-0.1011329116692311,0.4166666666666667,-0.1339475916344648,-0.105563609119347,0.4,0.2794117647058823,4.85,4.5,1.1428571428571428,1.0666666666666669,0.3333333333333333,0.6666666666666666,-0.1261601095482344,0.4117647058823529,0.009588145851752092,0.2403559712009291,0.036363636363636265,0.21334185848252352,-0.25,1.1231884057971016,0.8571428571428572,1.3878787878787877,0.3333333333333333,0.08333333333333337,0.0250271978790033,0.004901960784313764,-0.1860681525250417,-10.624325907591617,5.588235294117647,0.0555555555555555,0.0277777777777777,0.0,0.1273864661609012,9.382173750135632,5.033333333333333,0.1212121212121212,0.0,0.0,-0.31345461868594293,-20.006499657727247,0.5549019607843135,-0.0656565656565657,0.0277777777777777,0.0,0,2138.9,3.0,1,0,0,0,0,4,-4,3,0,3,2,0,2,0,3,-3,0,4,-4,0,0,0,0,1,-1,0,0,0,0,1,-1,0,1,-1,0,0.38,-0.38,0,0.94,-0.94,1,1,0
401326493,2021,REG,11,2021-11-22,Monday,20:15,NYG,TB,10,30,Home,15,8,423,-527,11.5,-113,102,49.5,-102,-109,0,outdoors,grass ,68.0,6.0,00-0035710,00-0019596,Daniel Jones,Tom Brady,Joe Judge,Bruce Arians,TAM00,Raymond James Stadium,0.211,0.789,450,-500,+11-110,-10½-110,52.322,0.7846,0.2136,0.0017,14.44,35.56,50.0,10.557,-10.557,8.245,-5.536,50.0,-10.5,10.5,Grass,Partly Cloudy Night,67.48,,,6.86,309.0,20,40,1,8.5,WIN,UNDER,-0.0186150941468884,0.0419765953491302,0.4680851063829787,0.4305555555555556,5.808510638297872,4.444444444444445,1.9,3.2222222222222223,0.5,0.6,-0.1359686044078054,0.4,,,,,,,,,,,,,,,,,,,,,,,,,-0.0851098990220124,-1.1320946794567683,5.823529411764706,0.0,0.0588235294117647,0.0,-0.054312628178933,12.80276527007421,5.85,0.0909090909090909,0.0,0.0454545454545454,-0.030797270843079393,-13.934859949530978,-0.026470588235294024,-0.0909090909090909,0.0588235294117647,-0.0454545454545454,-7,1007.6,0.0,1,0,0,0,1,4,-3,1,0,1,3,4,-1,0,3,-3,1,3,-2,0,0,0,0,0,0,0,1,-1,0,1,-1,0,1,-1,0.49,0.38,0.11,0,1.42,-1.42,0,3,-3
401326494,2021,REG,12,2021-11-25,Thursday,12:30,CHI,DET,16,14,Home,4,4,-129,115,-2.0,-107,-104,41.5,-103,-108,1,dome,fieldturf,,,00-0027973,00-0033106,Andy Dalton,Jared Goff,Matt Nagy,Dan Campbell,DET00,Ford Field,0.576,0.424,-130,118,-2-110,+2½-110,14.655,0.435,0.5614,0.0034,22.87,18.63,41.5,-2.117,2.117,-6.039,-3.967,41.5,2.5,-2.5,Dome,,,,,,,-2,30,0,0.0,PUSH,UNDER,-0.2426188812510984,-0.0618981275647052,0.3043478260869565,0.390625,5.326086956521739,5.484375,0.9090909090909092,1.181818181818182,0.5,1.0,-0.1290079754860406,0.2727272727272727,-0.0373757508803115,-0.0875828614821171,0.3448275862068966,0.4078947368421052,6.086206896551724,3.934210526315789,1.0833333333333333,1.4545454545454546,0.6666666666666666,0.3333333333333333,0.007023505580227,0.1818181818181818,-0.2052431303707869,0.02568473391741189,-0.04047976011994009,-0.0172697368421052,-0.760119940029985,1.550164473684211,-0.1742424242424241,-0.2727272727272725,-0.16666666666666663,0.6666666666666667,-0.13603148106626758,0.09090909090909091,-0.4191998990833716,-13.728446637590729,5.36,0.1379310344827586,0.0,0.0,0.238948077621758,-15.272141863470493,11.347826086956522,0.04,0.0,0.0,-0.6581479767051296,1.5436952258797643,-5.987826086956521,0.09793103448275858,0.0,0.0,0,236.6,1.0,0,1,0,0,5,3,2,0,1,-1,3,4,-1,2,2,0,5,3,2,0,1,-1,1,0,1,0,0,0,1,1,0,0,0,0,1.24,0.57,0.67,1.09,0.49,0.6,2,0,2
401326495,2021,REG,12,2021-11-25,Thursday,16:30,LV,DAL,36,33,Home,4,4,269,-314,7.0,-106,-105,51.0,-103,-108,0,closed,matrixturf,,,00-0031280,00-0033077,Derek Carr,Dak Prescott,Rich Bisaccia,Mike McCarthy,DAL00,AT&T Stadium,0.255,0.745,265,-310,+7+100,-7-110,54.65,0.7508,0.2472,0.0019,16.45,34.55,51.0,9.052,-9.052,5.383,-2.433,51.0,-7.0,7.0,Dome,,,,,,,-3,69,0,-10.0,LOSS,OVER,-0.2606907522321421,-0.071967095753884,0.359375,0.46875,4.3125,5.8125,0.75,1.4615384615384617,0.0,0.6666666666666666,-0.1638472619162378,0.3333333333333333,-0.2752611445718812,0.0185994675398425,0.4680851063829787,0.4714285714285714,5.914893617021277,4.114285714285714,1.181818181818182,3.2,0.3333333333333333,1.0,-0.1273734938615234,0.1428571428571428,0.014570392339739113,-0.0905665632937265,-0.10871010638297868,-0.002678571428571419,-1.602393617021277,1.6982142857142861,-0.4318181818181821,-1.7384615384615385,-0.3333333333333333,-0.33333333333333337,-0.03647376805471439,0.19047619047619052,-0.3216121578151463,1.6221109600294203,7.558139534883721,0.1041666666666666,0.0416666666666666,0.0416666666666666,-0.3067385719214006,3.2595343589782715,8.592592592592593,0.0689655172413793,0.0344827586206896,0.0344827586206896,-0.014873585893745711,-1.6374233989488511,-1.0344530577088724,0.035201149425287306,0.007183908045977003,0.007183908045977003,0,1054.9,2.0,0,1,0,0,0,2,-2,0,0,0,1,1,0,0,0,0,0,1,-1,0,0,0,0,0,0,0,0,0,0,0,0,0,0,0,0,0,0,0,0,0,6,1,5
401326496,2021,REG,12,2021-11-25,Thursday,20:20,BUF,NO,31,6,Home,4,4,-270,235,-7.0,100,-112,45.0,-110,-101,0,dome,sportturf,,,00-0034857,00-0032156,Josh Allen,Trevor Siemian,Sean McDermott,Sean Payton,NOR00,Mercedes-Benz Superdome,0.601,0.399,-270,245,-7-105,+7-110,85.851,0.3821,0.6148,0.003,26.44,18.56,45.0,-3.938,3.938,1.264,8.594,45.0,7.0,-7.0,Dome,,,,,,,-25,37,0,-18.0,LOSS,UNDER,-0.1737877263940311,0.0061430482321949,0.3870967741935484,0.4133333333333333,5.225806451612903,5.093333333333334,1.9333333333333331,2.2666666666666666,0.8,0.5,-0.3462436370252059,0.4615384615384615,0.0124378874545427,0.2670958401296215,0.5454545454545454,0.5303030303030303,5.6909090909090905,5.606060606060606,1.5,4.555555555555555,1.0,0.7142857142857143,0.0383427037555851,0.5,-0.18622561384857378,-0.2609527918974266,-0.15835777126099704,-0.116969696969697,-0.46510263929618745,-0.5127272727272727,0.4333333333333331,-2.2888888888888888,-0.19999999999999996,-0.2142857142857143,-0.384586340780791,-0.03846153846153849,-0.2013439928819239,-4.547902858919567,6.825,0.0,0.048780487804878,0.0,-0.0353747090590934,-3.3733809695524326,7.228571428571429,0.0277777777777777,0.0555555555555555,0.0277777777777777,-0.1659692838228305,-1.1745218893671345,-0.40357142857142847,-0.0277777777777777,-0.006775067750677495,-0.0277777777777777,0,1084.0,1.0,1,0,0,0,4,0,4,0,0,0,2,0,2,3,0,3,4,0,4,0,0,0,1,0,1,1,0,1,1,0,1,0,0,0,1.68,0,1.68,0.85,0,0.85,3,3,0
401326497,2021,REG,12,2021-11-28,Sunday,13:00,PIT,CIN,10,41,Home,7,7,154,-172,3.5,-111,-100,43.5,-102,-110,1,outdoors,fieldturf,43.0,12.0,00-0022924,00-0036442,Ben Roethlisberger,Joe Burrow,Mike Tomlin,Zac Taylor,CIN00,Paul Brown Stadium,0.412,0.588,160,-170,+3½-110,-3½-105,50.461,0.5438,0.4525,0.0036,20.23,23.28,43.5,1.525,-1.525,1.619,-1.471,43.5,-3.5,3.5,Turf,Clear Day,44.23,,,10.67,273.0,31,51,1,27.5,WIN,OVER,0.0185994675398425,-0.2752611445718812,0.4714285714285714,0.4680851063829787,4.114285714285714,5.914893617021277,3.2,1.181818181818182,1.0,0.3333333333333333,0.0163387377149235,0.5,-0.0206889089241964,0.3389140213050378,0.4461538461538462,0.5454545454545454,4.615384615384615,8.121212121212121,3.363636363636364,3.727272727272727,0.5714285714285714,0.625,0.0438763328881274,0.5333333333333333,0.0392883764640389,-0.614175165876919,0.02527472527472524,-0.07736943907156674,-0.5010989010989011,-2.206318504190844,-0.16363636363636402,-2.545454545454545,0.4285714285714286,-0.2916666666666667,-0.0275375951732039,-0.033333333333333326,0.0871028750310918,1.92578456231526,7.586206896551724,0.09375,0.0,0.03125,0.0111539624593879,-4.192207144065336,7.386363636363637,0.0638297872340425,0.0,0.0212765957446808,0.07594891257170391,6.117991706380597,0.1998432601880875,0.029920212765957493,0.0,0.009973404255319201,0,256.5,0.0,1,0,0,0,0,2,-2,1,0,1,0,1,-1,0,1,-1,0,2,-2,0,0,0,0,0,0,0,1,-1,0,0,0,0,0,0,0,0.84,-0.84,0,0,0,0,3,-3
401326498,2021,REG,12,2021-11-28,Sunday,13:00,NYJ,HOU,21,14,Home,7,7,125,-138,3.0,-124,111,44.5,-103,-108,0,closed,astroturf,,,00-0037013,00-0028118,Zach Wilson,Tyrod Taylor,Robert Saleh,David Culley,HOU00,NRG Stadium,0.435,0.565,130,-143,+3-120,-2½-110,2.981,0.559,0.4374,0.0035,20.21,24.29,44.5,2.036,-2.036,-9.988,-8.791,44.5,-2.5,2.5,Dome,,,,,,,-7,35,0,-10.0,LOSS,UNDER,-0.0809185134200238,-0.1867097701823569,0.3225806451612903,0.4936708860759494,3.064516129032258,5.316455696202532,1.8333333333333333,1.0833333333333333,0.5,0.6666666666666666,-0.1519296378537546,0.3529411764705882,0.0696919556673726,0.181756733302026,0.5084745762711864,0.4696969696969697,6.440677966101695,5.893939393939394,1.7,2.1818181818181817,0.4,0.6,-0.0664765947022881,0.5,-0.1506104690873964,-0.3684665034843829,-0.1858939311098961,0.023973916378979665,-3.3761618370694366,-0.5774836977368611,0.1333333333333333,-1.0984848484848484,0.09999999999999998,0.06666666666666665,-0.0854530431514665,-0.1470588235294118,-0.0123599588439902,-8.934508847153705,4.041666666666667,0.0,0.0,0.0,0.026540438648872,-3.824913501739502,4.1,0.0909090909090909,0.0,0.0,-0.0389003974928622,-5.109595345414203,-0.05833333333333268,-0.0909090909090909,0.0,0.0,0,1422.5,1.0,1,0,0,0,2,1,1,0,0,0,4,6,-2,0,1,-1,1,1,0,0,0,0,0,0,0,0,1,-1,0,0,0,0,0,0,0,0.33,-0.33,0.06,0,0.06,0,3,-3
401326499,2021,REG,12,2021-11-28,Sunday,13:00,TB,IND,38,31,Home,6,7,-149,135,-3.0,101,-112,53.0,-109,-102,0,closed,fieldturf,,,00-0019596,00-0032950,Tom Brady,Carson Wentz,Bruce Arians,Frank Reich,IND00,Lucas Oil Stadium,0.6,0.4,-140,135,-2½-110,+3-115,87.653,0.3953,0.6014,0.0031,29.98,23.02,53.0,-3.476,3.476,2.217,8.245,53.0,3.0,-3.0,Dome,,,,,,,-7,69,0,-4.0,LOSS,OVER,0.2670958401296215,0.0124378874545427,0.5303030303030303,0.5454545454545454,5.606060606060606,5.6909090909090905,4.555555555555555,1.5,0.7142857142857143,1.0,0.2195901798572004,0.6666666666666666,0.1069112592834116,-0.3832695515337244,0.527027027027027,0.3333333333333333,5.45945945945946,3.9814814814814814,2.727272727272727,0.9090909090909092,0.6,0.5,0.0251768288221986,0.4615384615384615,0.1601845808462099,0.3957074389882671,0.003276003276003303,0.2121212121212121,0.14660114660114676,1.709427609427609,1.8282828282828283,0.5909090909090908,0.11428571428571432,0.5,0.1944133510350018,0.20512820512820512,0.2772553677808271,-14.311645179986954,5.85,0.0,0.0,0.0,0.1421647240844868,-1.0897271500693428,7.478260869565218,0.0,0.0217391304347826,0.0,0.1350906436963403,-13.22191802991761,-1.628260869565218,0.0,-0.0217391304347826,0.0,1,840.6,0.0,1,0,0,0,0,1,-1,0,1,-1,2,2,0,0,0,0,0,1,-1,0,0,0,0,0,0,0,0,0,0,0,0,0,0,0,0,0.49,-0.49,0,0,0,3,1,2
401326500,2021,REG,12,2021-11-28,Sunday,13:00,ATL,JAX,21,14,Home,10,7,-115,105,-1.5,-102,-108,46.0,-108,-103,0,outdoors,grass ,61.0,4.0,00-0026143,00-0036971,Matt Ryan,Trevor Lawrence,Arthur Smith,Urban Meyer,JAX00,TIAA Bank Stadium,0.514,0.486,-120,110,-1½-110,+1½-110,5.268,0.4759,0.5202,0.0038,23.74,22.26,46.0,-0.738,0.738,-8.536,-5.502,46.0,1.5,-1.5,Grass,Partly Cloudy Day,63.3,,,7.41,257.0,-7,35,0,-5.5,LOSS,UNDER,-0.0976010049475975,0.2012878941631064,0.4318181818181818,0.484375,4.545454545454546,5.25,1.4285714285714286,3.333333333333333,0.5,0.75,-0.2225837613550538,0.4545454545454545,-0.6108968453291499,-0.0586747793253034,0.3461538461538461,0.5087719298245614,3.173076923076923,5.473684210526316,0.0,1.5833333333333333,0.0,0.25,-0.4141495852023721,0.1818181818181818,0.5132958403815524,0.2599626734884098,0.08566433566433573,-0.02439692982456143,1.372377622377623,-0.22368421052631593,1.4285714285714286,1.7499999999999998,0.5,0.5,0.1915658238473183,0.2727272727272727,0.0652886142758819,-0.7881174484888712,7.64,0.1071428571428571,0.0,0.0,-0.3822813071892597,-2.850696657385145,5.964285714285714,0.125,0.0625,0.0,0.4475699214651416,2.062579208896274,1.6757142857142853,-0.017857142857142905,-0.0625,0.0,-3,287.0,0.0,0,1,0,0,1,2,-1,0,0,0,0,2,-2,1,1,0,1,1,0,0,0,0,0,0,0,0,0,0,0,1,-1,1,0,1,0,0,0,0.52,0.33,0.19,0,4,-4
401326501,2021,REG,12,2021-11-28,Sunday,13:00,CAR,MIA,10,33,Home,7,7,-119,108,-1.0,-110,-101,41.0,102,-113,0,outdoors,grass ,74.0,4.0,00-0027939,00-0036212,Cam Newton,Tua Tagovailoa,Matt Rhule,Brian Flores,MIA00,Hard Rock Stadium,0.451,0.549,-120,106,-1½-110,+1½-110,34.326,0.5058,0.4902,0.0039,19.99,20.51,40.5,0.261,-0.261,-1.285,-3.815,40.5,1.0,-1.0,Grass,Partly Cloudy Day,77.65,,,3.98,102.0,23,43,1,24.0,WIN,OVER,0.181756733302026,0.0696919556673726,0.4696969696969697,0.5084745762711864,5.893939393939394,6.440677966101695,2.1818181818181817,1.7,0.6,0.4,0.1995394342353269,0.5714285714285714,0.150187325412844,0.19879077988362,0.4791666666666667,0.4761904761904761,6.208333333333333,5.888888888888889,2.1,2.7,1.0,0.5,0.4148544132686866,0.2222222222222222,0.031569407889182,-0.1290988242162474,-0.009469696969696961,0.03228410008071031,-0.31439393939393945,0.5517890772128053,0.08181818181818157,-1.0000000000000002,-0.4,-0.09999999999999998,-0.2153149790333597,0.3492063492063492,0.500591779351797,12.412809151591675,5.303030303030303,0.0,0.0303030303030303,0.0,0.0944210566376568,8.549128196857593,5.555555555555555,0.0357142857142857,0.0,0.0,0.4061707227141402,3.8636809547340825,-0.2525252525252526,-0.0357142857142857,0.0303030303030303,0.0,0,641.4,0.0,0,1,0,0,3,0,3,0,1,-1,1,0,1,1,0,1,2,0,2,0,0,0,0,0,0,1,0,1,0,0,0,0,0,0,0.64,0,0.64,0,0,0,0,2,-2
401326502,2021,REG,12,2021-11-28,Sunday,13:00,TEN,NE,13,36,Home,7,10,262,-305,7.5,-118,106,43.0,-103,-108,0,outdoors,fieldturf,33.0,6.0,00-0029701,00-0036972,Ryan Tannehill,Mac Jones,Mike Vrabel,Bill Belichick,BOS00,Gillette Stadium,0.371,0.629,280,-300,+7+100,-7-110,66.223,0.6729,0.3244,0.0026,15.49,27.51,43.0,6.012,-6.012,4.991,1.585,43.0,-7.0,7.0,Turf,Partly Cloudy Day,36.57,,,5.57,235.0,23,49,1,15.5,WIN,OVER,-0.0586747793253034,-0.6108968453291499,0.5087719298245614,0.3461538461538461,5.473684210526316,3.173076923076923,1.5833333333333333,0.0,0.25,0.0,-0.0026717082028173,0.3333333333333333,-0.1867097701823569,-0.0809185134200238,0.4936708860759494,0.3225806451612903,5.316455696202532,3.064516129032258,1.0833333333333333,1.8333333333333333,0.6666666666666666,0.5,-0.0133712082058385,0.4,0.1280349908570535,-0.5299783319091261,0.015101043748612042,0.023573200992555776,0.15722851432378349,0.1085607940446649,0.5,-1.8333333333333333,-0.41666666666666663,-0.5,0.0106995000030212,-0.06666666666666671,-0.0913201306941548,12.21656845166133,6.230769230769231,0.1034482758620689,0.0344827586206896,0.0,-0.1849811501268522,3.7905019872328816,8.48076923076923,0.037037037037037,0.074074074074074,0.0185185185185185,0.0936610194326974,8.426066464428448,-2.249999999999999,0.06641123882503189,-0.0395913154533844,-0.0185185185185185,3,924.6,1.0,0,1,0,0,0,6,-6,0,0,0,11,5,6,0,5,-5,0,6,-6,0,0,0,0,1,-1,0,1,-1,0,3,-3,0,0,0,0,1.67,-1.67,0,2.16,-2.16,1,2,-1
401326503,2021,REG,12,2021-11-28,Sunday,13:00,PHI,NYG,7,13,Home,7,6,-192,171,-4.0,100,-110,45.5,-107,-104,1,outdoors,fieldturf,39.0,4.0,00-0036389,00-0035710,Jalen Hurts,Daniel Jones,Nick Sirianni,Joe Judge,NYC01,MetLife Stadium,0.55,0.45,-190,175,-4-105,+4-110,28.576,0.4365,0.5599,0.0035,24.82,20.69,45.5,-2.065,2.065,-5.536,0.155,45.5,4.0,-4.0,Turf,Partly Cloudy Day,38.6,,,2.91,45.0,6,20,1,10.0,WIN,UNDER,-0.3832695515337244,0.1069112592834116,0.3333333333333333,0.527027027027027,3.9814814814814814,5.45945945945946,0.9090909090909092,2.727272727272727,0.5,0.6,-0.2391798522855554,0.1111111111111111,0.0061430482321949,-0.1737877263940311,0.4133333333333333,0.3870967741935484,5.093333333333334,5.225806451612903,2.2666666666666666,1.9333333333333331,0.5,0.8,-0.1985689685421271,0.5714285714285714,-0.3894125997659193,0.28069898567744267,-0.07999999999999996,0.1399302528334786,-1.1118518518518523,0.23365300784655663,-1.3575757575757574,0.793939393939394,0.0,-0.20000000000000007,-0.040610883743428305,-0.4603174603174603,-0.5340457537651317,-1.6850244253873825,5.789473684210527,0.05,0.05,0.0,0.01958023221057,-5.518909900084786,8.416666666666666,0.1111111111111111,0.0,0.0,-0.5536259859757018,3.8338854746974036,-2.6271929824561386,-0.0611111111111111,0.05,0.0,-1,85.4,0.0,0,1,0,0,3,1,2,2,0,2,2,1,1,1,0,1,3,1,2,0,0,0,0,0,0,1,0,1,0,0,0,0,0,0,0.6,0.17,0.43,0,0,0,0,0,0
401326504,2021,REG,12,2021-11-28,Sunday,16:05,LAC,DEN,13,28,Home,7,14,-141,127,-2.5,-114,103,47.5,-111,-100,1,outdoors,grass ,62.0,0.0,00-0036355,00-0031237,Justin Herbert,Teddy Bridgewater,Brandon Staley,Vic Fangio,DEN00,Empower Field at Mile High,0.454,0.546,-145,130,-2½-110,+3-115,57.39,0.5438,0.4525,0.0036,21.98,25.03,47.0,1.525,-1.525,0.478,1.79,47.0,2.5,-2.5,Grass,Clear Day,67.33,,,2.76,297.0,15,41,1,17.5,WIN,UNDER,,,,,,,,,,,,,0.3389140213050378,-0.0206889089241964,0.5454545454545454,0.4461538461538462,8.121212121212121,4.615384615384615,3.727272727272727,3.363636363636364,0.625,0.5714285714285714,0.196126529976566,0.5833333333333334,,,,,,,,,,,,,-0.1422923303541587,-4.505766139310949,5.777777777777778,0.027027027027027,0.0,0.0,0.3515134156867049,-1.8667252325430148,5.341463414634147,0.0465116279069767,0.0232558139534883,0.0,-0.4938057460408636,-2.639040906767934,0.43631436314363103,-0.0194846008799497,-0.0232558139534883,0.0,7,836.8,1.0,0,1,0,0,0,2,-2,2,0,2,3,2,1,0,0,0,0,2,-2,0,0,0,0,0,0,0,0,0,0,0,0,0,0,0,0,0,0,0,1.31,-1.31,5,2,3
401326505,2021,REG,12,2021-11-28,Sunday,16:25,LA,GB,28,36,Home,13,7,-120,108,-2.0,-100,-110,47.0,-109,-102,0,outdoors,grass ,37.0,14.0,00-0026498,00-0023459,Matthew Stafford,Aaron Rodgers,Sean McVay,Matt LaFleur,GNB00,Lambeau Field,0.587,0.413,-118,110,-1½-110,+2-110,87.717,0.5136,0.4824,0.0038,22.73,23.77,46.5,0.521,-0.521,5.281,5.989,46.5,1.5,-1.5,Grass,Clear Day,35.01,,,11.1,313.0,8,64,1,10.0,WIN,OVER,0.4514588512850176,0.2848264785351416,0.490566037735849,0.5076923076923077,8.830188679245284,6.369230769230769,3.4444444444444446,3.7777777777777777,0.8,0.8,0.269760442714739,0.6363636363636364,,,,,,,,,,,,,,,,,,,,,,,,,0.6645819218078931,7.037921682480843,7.909090909090909,0.0571428571428571,0.0,0.0285714285714285,-0.2044122235600778,-2.1255910396575928,8.292682926829269,0.0465116279069767,0.0465116279069767,0.0,0.8689941453679709,9.163512722138435,-0.3835920177383594,0.010631229235880398,-0.0465116279069767,0.0285714285714285,-6,1763.6,2.0,0,1,0,0,2,0,2,1,0,1,3,2,1,1,0,1,1,0,1,0,0,0,0,0,0,1,0,1,0,0,0,0,0,0,0.01,0,0.01,0,0,0,3,4,-1
401326506,2021,REG,12,2021-11-28,Sunday,16:25,MIN,SF,26,34,Home,7,7,164,-183,3.5,-108,-102,49.0,-101,-110,0,outdoors,grass,68.0,7.0,00-0029604,00-0031345,Kirk Cousins,Jimmy Garoppolo,Mike Zimmer,Kyle Shanahan,SFO01,Levi's Stadium,0.407,0.593,176,-190,+4-110,-4-110,63.916,0.5946,0.4021,0.0032,21.26,27.74,49.0,3.242,-3.242,4.407,0.988,49.0,-4.0,4.0,Grass,Clear Day,67.94,,,4.67,330.0,8,60,1,4.5,WIN,OVER,0.2012878941631064,-0.0976010049475975,0.484375,0.4318181818181818,5.25,4.545454545454546,3.333333333333333,1.4285714285714286,0.75,0.5,0.1826660380113221,0.5,0.2848264785351416,0.4514588512850176,0.5076923076923077,0.490566037735849,6.369230769230769,8.830188679245284,3.7777777777777777,3.4444444444444446,0.8,0.8,0.1271095579460391,0.6923076923076923,-0.08353858437203518,-0.5490598562326151,-0.023317307692307665,-0.05874785591766718,-1.1192307692307688,-4.284734133790738,-0.44444444444444464,-2.015873015873016,-0.050000000000000044,-0.30000000000000004,0.05555648006528302,-0.1923076923076923,0.4182419261853851,16.25323846936226,6.409090909090909,0.0833333333333333,0.0,0.0,0.5592807892110598,5.005391818635604,11.6,0.054054054054054,0.0,0.027027027027027,-0.14103886302567475,11.247846650726654,-5.1909090909090905,0.0292792792792793,0.0,-0.027027027027027,0,1572.0,2.0,1,0,0,0,1,1,0,1,0,1,1,3,-2,0,1,-1,1,1,0,0,0,0,0,0,0,0,0,0,0,1,-1,0,0,0,0.34,0,0.34,0,0.73,-0.73,3,2,1
401326507,2021,REG,12,2021-11-28,Sunday,20:20,CLE,BAL,10,16,Home,7,7,140,-156,3.0,-110,-102,47.0,-101,-110,1,outdoors,grass,43.0,0.0,00-0034855,00-0034796,Baker Mayfield,Lamar Jackson,Kevin Stefanski,John Harbaugh,BAL00,M&T Bank Stadium,0.375,0.625,141,-155,+3-110,-3+100,55.025,0.6159,0.381,0.003,19.77,27.73,47.5,3.976,-3.976,1.007,0.372,47.5,-3.0,3.0,Grass,Cloudy,43.76,5%,Rain,4.54,352.0,6,26,1,3.0,WIN,UNDER,-0.0875828614821171,-0.0373757508803115,0.4078947368421052,0.3448275862068966,3.934210526315789,6.086206896551724,1.4545454545454546,1.0833333333333333,0.3333333333333333,0.6666666666666666,-0.158509516362546,0.4375,-0.0618981275647052,-0.2426188812510984,0.390625,0.3043478260869565,5.484375,5.326086956521739,1.181818181818182,0.9090909090909092,1.0,0.5,0.0309436362106626,0.3846153846153846,-0.02568473391741189,0.2052431303707869,0.0172697368421052,0.04047976011994009,-1.550164473684211,0.760119940029985,0.2727272727272725,0.1742424242424241,-0.6666666666666667,0.16666666666666663,-0.1894531525732086,0.05288461538461542,-0.1746989924638536,-3.917815336366979,7.209302325581396,0.0888888888888888,0.0222222222222222,0.0,-0.2380761088375692,-11.797905074698583,9.551724137931034,0.0333333333333333,0.0666666666666666,0.0,0.0633771163737156,7.880089738331604,-2.342421812349638,0.0555555555555555,-0.0444444444444444,0.0,0,308.3,0.0,0,1,0,0,3,1,2,0,0,0,10,4,6,0,1,-1,1,1,0,0,0,0,0,0,0,0,1,-1,0,0,0,0,0,0,0.15,0.15,0,0.08,0,0.08,0,1,-1
401326508,2021,REG,12,2021-11-29,Monday,20:15,SEA,WAS,15,17,Home,8,8,-128,116,-1.0,-121,108,47.0,-116,104,0,outdoors,grass ,41.0,9.0,00-0029263,00-0031800,Russell Wilson,Taylor Heinicke,Pete Carroll,Ron Rivera,WAS00,FedExField,0.509,0.491,-126,115,-1½-110,+2-110,47.698,0.4916,0.5044,0.0039,23.46,23.04,46.5,-0.214,0.214,-2.937,2.373,46.5,1.5,-1.5,Grass,Clear Night,38.27,,,2.22,262.0,2,32,1,3.0,WIN,UNDER,0.19879077988362,0.150187325412844,0.4761904761904761,0.4791666666666667,5.888888888888889,6.208333333333333,2.7,2.1,0.5,1.0,-0.0003879414822828,0.4615384615384615,-0.1160108322110408,0.1801329694026216,0.3673469387755102,0.5454545454545454,5.428571428571429,5.3896103896103895,1.3,2.3,0.3333333333333333,0.75,0.1487246549046463,0.2,0.31480161209466084,-0.029945643989777615,0.10884353741496589,-0.06628787878787873,0.46031746031746046,0.8187229437229435,1.4000000000000001,-0.19999999999999973,0.16666666666666669,0.25,-0.14911259638692909,0.2615384615384615,0.5414125117310323,23.248279690742493,10.954545454545457,0.12,0.0,0.0,-0.1622587186688326,-5.585222959518433,10.846153846153848,0.1333333333333333,0.0,0.0333333333333333,0.7036712303998649,28.833502650260925,0.10839160839160833,-0.013333333333333308,0.0,-0.0333333333333333,0,2329.6,3.0,0,1,0,0,2,5,-3,1,0,1,2,0,2,2,2,0,2,4,-2,0,0,0,2,1,1,0,0,0,0,0,0,0,1,-1,0.72,1.6,-0.88,0,0.28,-0.28,3,0,3
401326509,2021,REG,13,2021-12-02,Thursday,20:20,DAL,NO,27,17,Home,7,7,-254,222,-6.0,-110,100,46.0,-106,-105,0,dome,sportturf,,,00-0033077,00-0033357,Dak Prescott,Taysom Hill,Mike McCarthy,Sean Payton,NOR00,Mercedes-Benz Superdome,0.52,0.48,-270,250,-6½-110,+6½-101,76.038,0.4506,0.5457,0.0036,24.34,21.16,45.5,-1.586,1.586,1.264,5.383,45.5,6.5,-6.5,Dome,,,,,,,-10,44,0,-4.0,LOSS,UNDER,-0.3406373932531283,0.1481598281160975,0.2807017543859649,0.532258064516129,3.3508771929824563,5.82258064516129,0.5454545454545454,3.1,1.0,0.6666666666666666,-0.3071805781219154,0.3571428571428571,0.0841350178667291,0.0711480528287218,0.4428571428571428,0.3552631578947368,6.271428571428571,6.7105263157894735,2.2,2.4,0.8,0.5,0.2583929067615165,0.2307692307692307,-0.4247724111198574,0.07701177528737568,-0.16215538847117789,0.17699490662139222,-2.920551378446115,-0.8879456706281834,-1.6545454545454548,0.7000000000000002,0.19999999999999996,0.16666666666666663,-0.565573484883432,0.1263736263736264,0.2016741081606596,20.86942493915558,3.0,0.0,0.0,0.0,0.1652313031887237,-1.900732707470021,7.468085106382978,0.0204081632653061,0.0,0.0,0.03644280497193589,22.7701576466256,-4.468085106382978,-0.0204081632653061,0.0,0.0,0,456.6,0.0,0,1,0,0,3,1,2,0,0,0,3,2,1,2,0,2,3,1,2,0,0,0,0,0,0,0,0,0,2,0,2,0,0,0,0,0.73,-0.73,0.99,0,0.99,1,3,-2
401326510,2021,REG,13,2021-12-05,Sunday,13:00,TB,ATL,30,17,Home,7,7,-475,387,-11.0,-103,-108,51.0,-107,-104,1,closed,fieldturf,,,00-0019596,00-0026143,Tom Brady,Matt Ryan,Bruce Arians,Arthur Smith,ATL97,Mercedes-Benz Stadium,0.745,0.255,-515,425,-10½-110,+11-110,58.234,0.2056,0.7927,0.0016,36.37,14.63,51.0,-10.869,10.869,-5.502,8.245,51.0,11.0,-11.0,Dome,,,,,,,-13,47,0,-2.0,LOSS,UNDER,0.1084594754624719,-0.0135107394719959,0.4736842105263157,0.4861111111111111,5.859649122807017,4.986111111111111,2.1,1.4,1.0,0.3333333333333333,0.1332158124695221,0.4166666666666667,0.0948945691224821,-0.0172773737234836,0.6290322580645161,0.4626865671641791,5.806451612903226,5.850746268656716,2.923076923076923,2.583333333333333,0.8333333333333334,0.8,0.2587386757508351,0.25,0.013564906339989788,0.003766634251487702,-0.15534804753820042,0.023424543946931997,0.05319750990379113,-0.8646351575456057,-0.8230769230769228,-1.1833333333333331,0.16666666666666663,-0.46666666666666673,-0.12552286328131299,0.16666666666666669,0.1624590876958488,-2.0617247692176277,4.517241379310345,0.0333333333333333,0.0333333333333333,0.0,-0.0365427653460939,1.0039639823576982,5.647058823529412,0.0555555555555555,0.0277777777777777,0.0,0.1990018530419427,-3.065688751575326,-1.129817444219067,-0.0222222222222222,0.005555555555555598,0.0,0,414.9,0.0,1,0,0,0,1,2,-1,0,0,0,0,3,-3,1,2,-1,1,2,-1,0,0,0,0,0,0,0,1,-1,1,0,1,0,1,-1,0,0,0,0.33,0.99,-0.66,5,3,2
401326511,2021,REG,13,2021-12-05,Sunday,13:00,ARI,CHI,33,22,Home,14,10,-373,314,-7.5,-116,104,43.5,-101,-110,0,outdoors,grass ,34.0,8.0,00-0035228,00-0027973,Taysom Kyler Murray,Andy Dalton,Kliff Kingsbury,Matt Nagy,CHI98,Soldier Field,0.731,0.269,-350,310,-7½-110,+8-110,48.872,0.2509,0.747,0.002,30.37,12.63,43.0,-8.872,8.872,-3.967,3.688,43.0,8.0,-8.0,Grass,Rain,36.43,54%,Rain,14.87,154.0,-11,55,0,-3.5,LOSS,OVER,0.0486118839985906,-0.0332176200605721,0.3636363636363636,0.4,5.818181818181818,5.311111111111111,1.6,1.4,0.3333333333333333,1.0,0.0604990257018454,0.3846153846153846,,,,,,,,,,,,,,,,,,,,,,,,,0.2988611843456101,-2.300820560068697,8.871794871794872,0.025,0.025,0.0,0.0182288957643322,1.2751713875801332,9.212121212121213,0.0571428571428571,0.0571428571428571,0.0,0.2806322885812779,-3.57599194764883,-0.34032634032634057,-0.0321428571428571,-0.0321428571428571,0.0,-4,1458.7,1.0,0,1,0,0,4,1,3,2,0,2,1,4,-3,2,0,2,4,0,4,0,0,0,0,0,0,1,0,1,1,0,1,0,0,0,0.52,0,0.52,0.77,0,0.77,0,4,-4
401326512,2021,REG,13,2021-12-05,Sunday,13:00,LAC,CIN,41,22,Home,7,7,127,-141,2.5,104,-116,49.5,-101,-111,0,outdoors,fieldturf,48.0,11.0,00-0036355,00-0036442,Justin Herbert,Joe Burrow,Brandon Staley,Zac Taylor,CIN00,Paul Brown Stadium,0.434,0.566,130,-134,+3-119,-2½-110,61.468,0.5428,0.4535,0.0036,23.26,26.24,49.5,1.489,-1.489,1.619,1.79,49.5,-2.5,2.5,Turf,Cloudy,50.08,,,8.14,160.0,-19,63,0,-21.5,LOSS,OVER,0.1921673533163019,-0.3101300537199361,0.5538461538461539,0.3389830508474576,5.6923076923076925,5.101694915254237,3.1818181818181817,0.8333333333333334,0.6666666666666666,1.0,0.1619052249737268,0.4545454545454545,-0.006008898560294,0.123256997598474,0.5076923076923077,0.4035087719298245,5.492307692307692,5.315789473684211,1.4444444444444444,2.2,0.6666666666666666,0.75,-0.1111270511052377,0.5,0.19817625187659588,-0.43338705131841015,0.04615384615384621,-0.06452572108236687,0.20000000000000018,-0.2140945584299736,1.7373737373737372,-1.3666666666666667,0.0,0.25,0.2730322760789645,-0.045454545454545525,0.0878622696195926,20.28600346782933,7.333333333333333,0.0769230769230769,0.0384615384615384,0.0,-0.0408280873348309,-3.436387736688961,6.5227272727272725,0.0625,0.0416666666666666,0.0,0.1286903569544235,23.722391204518292,0.8106060606060606,0.0144230769230769,-0.0032051282051282007,0.0,0,1900.0,3.0,0,1,0,0,0,2,-2,4,0,4,2,0,2,0,0,0,0,2,-2,0,0,0,0,0,0,0,0,0,0,0,0,0,0,0,0,0,0,0,1.31,-1.31,1,1,0
401326513,2021,REG,13,2021-12-05,Sunday,13:00,MIN,DET,27,29,Home,7,10,-296,255,-7.0,-104,-107,47.5,-107,-104,1,dome,fieldturf,,,00-0029604,00-0033106,Kirk Cousins,Jared Goff,Mike Zimmer,Dan Campbell,DET00,Ford Field,0.772,0.228,-310,270,-7-110,+7-105,29.63,0.3192,0.6782,0.0025,29.94,17.56,47.5,-6.19,6.19,-6.039,0.988,47.5,7.0,-7.0,Dome,,,,,,,2,56,1,9.0,WIN,OVER,-0.0332176200605721,0.0486118839985906,0.4,0.3636363636363636,5.311111111111111,5.818181818181818,1.4,1.6,1.0,0.3333333333333333,-0.1280950058218357,0.4,-0.136396530841833,0.1218476510326955,0.3962264150943396,0.4615384615384615,6.09433962264151,6.538461538461538,2.1666666666666665,2.833333333333333,0.8,0.8,-0.0873494893007219,0.25,0.1031789107812609,-0.07323576703410489,0.003773584905660432,-0.09790209790209792,-0.7832285115303987,-0.72027972027972,-0.7666666666666666,-1.233333333333333,0.19999999999999996,-0.46666666666666673,-0.0407455165211138,0.15000000000000002,0.0369897254366571,11.182868838310242,6.48,0.0384615384615384,0.0,0.0384615384615384,-0.0404078828882193,-2.48629508479949,7.09375,0.0294117647058823,0.0294117647058823,0.0,0.07739760832487641,13.669163923109732,-0.6137499999999996,0.0090497737556561,-0.0294117647058823,0.0384615384615384,3,541.5,1.0,0,1,0,0,4,3,1,0,0,0,4,4,0,3,2,1,4,3,1,0,0,0,0,1,-1,1,1,0,2,0,2,0,0,0,0.2,1.22,-1.02,1.12,0.1,1.02,0,2,-2
401326514,2021,REG,13,2021-12-05,Sunday,13:00,IND,HOU,31,0,Home,7,7,-408,339,-10.0,-105,-106,45.5,-107,-104,1,closed,astroturf,,,00-0032950,00-0028118,Carson Wentz,Tyrod Taylor,Frank Reich,David Culley,HOU00,NRG Stadium,0.742,0.258,-450,400,-10-110,+10½-110,24.713,0.2407,0.7573,0.0019,32.05,13.45,45.5,-9.303,9.303,-9.988,2.217,45.5,10.0,-10.0,Dome,,,,,,,-31,31,0,-21.0,LOSS,UNDER,-0.2770485900015915,-0.0489565137484289,0.2727272727272727,0.4193548387096774,3.672727272727273,4.338709677419355,1.2727272727272727,1.9090909090909087,0.6666666666666666,0.5,-0.4548454564602042,0.4285714285714285,-0.0172773737234836,0.0948945691224821,0.4626865671641791,0.6290322580645161,5.850746268656716,5.806451612903226,2.583333333333333,2.923076923076923,0.8,0.8333333333333334,-0.1643901409983367,0.4545454545454545,-0.2597712162781079,-0.143851082870911,-0.1899592944369064,-0.20967741935483875,-2.1780189959294436,-1.467741935483871,-1.3106060606060603,-1.0139860139860142,-0.13333333333333341,-0.33333333333333337,-0.2904553154618675,-0.025974025974025983,-0.4154981723238214,-1.8919529823156505,8.423076923076923,0.1612903225806451,0.032258064516129,0.0,0.0210199961864317,-5.040932256121968,9.272727272727272,0.0638297872340425,0.0425531914893617,0.0212765957446808,-0.4365181685102531,3.1489792738063174,-0.8496503496503482,0.0974605353466026,-0.010295126973232704,-0.0212765957446808,0,870.9,1.0,1,0,0,0,5,0,5,0,0,0,6,3,3,1,0,1,4,0,4,0,0,0,1,0,1,0,0,0,0,0,0,0,0,0,1.04,0,1.04,1.23,0,1.23,4,2,2
401326516,2021,REG,13,2021-12-05,Sunday,13:00,NYG,MIA,9,20,Home,7,7,253,-293,6.5,108,-120,40.0,100,-111,0,outdoors,grass ,80.0,11.0,00-0030520,00-0036212,Mike Glennon,Tua Tagovailoa,Joe Judge,Brian Flores,MIA00,Hard Rock Stadium,0.297,0.703,264,-300,+7-110,-7+100,32.151,0.6795,0.3178,0.0025,13.76,26.24,40.0,6.24,-6.24,-1.285,-7.894,40.0,-7.0,7.0,Grass,Clear Day,80.87,1%,Rain,7.56,118.0,11,29,1,4.5,WIN,UNDER,0.0686758365228106,-0.3136231802097797,0.4428571428571428,0.3148148148148148,4.5285714285714285,3.6666666666666665,2.25,0.8333333333333334,0.6,0.5,0.0208873882577722,0.4285714285714285,-0.0546559733370818,-0.1896046379570179,0.4210526315789473,0.453125,4.649122807017544,5.1875,1.3,0.7,0.3333333333333333,0.3333333333333333,-0.040206303779004,0.25,0.1233318098598924,-0.1240185422527618,0.021804511278195493,-0.13831018518518517,-0.12055137844611519,-1.5208333333333335,0.95,0.13333333333333341,0.26666666666666666,0.16666666666666669,0.0610936920367762,0.1785714285714285,0.1939283539815212,13.822654658748258,3.741935483870968,0.0606060606060606,0.0,0.0606060606060606,-0.1143330901977605,4.601631605106851,8.24,0.0,0.08,0.0,0.3082614441792817,9.221023053641407,-4.498064516129032,0.0606060606060606,-0.08,0.0606060606060606,0,1085.5,0.0,1,0,0,0,0,4,-4,3,2,1,2,4,-2,0,2,-2,0,4,-4,0,1,-1,0,0,0,0,0,0,0,0,0,0,1,-1,0,1.18,-1.18,0,0.28,-0.28,0,2,-2
401326517,2021,REG,13,2021-12-05,Sunday,13:00,PHI,NYJ,33,18,Home,7,7,-199,177,-5.0,102,-113,44.0,-102,-109,0,outdoors,fieldturf,45.0,0.0,00-0035289,00-0037013,Gardner Minshew,Zach Wilson,Nick Sirianni,Robert Saleh,NYC01,MetLife Stadium,0.672,0.328,-206,195,-4½-110,+5½-110,17.164,0.3241,0.6732,0.0026,28.01,16.0,44.0,-6.005,6.005,-8.791,-0.477,44.0,4.5,-4.5,Turf,Partly Cloudy Day,48.16,,,2.58,145.0,-15,51,0,-10.0,LOSS,OVER,-0.0489565137484289,-0.2770485900015915,0.4193548387096774,0.2727272727272727,4.338709677419355,3.672727272727273,1.9090909090909087,1.2727272727272727,0.5,0.6666666666666666,-0.0411320118646076,0.1538461538461538,-0.1896046379570179,-0.0546559733370818,0.453125,0.4210526315789473,5.1875,4.649122807017544,0.7,1.3,0.3333333333333333,0.3333333333333333,0.0671626247976925,0.3636363636363636,0.140648124208589,-0.22239261666450968,-0.03377016129032262,-0.14832535885167458,-0.848790322580645,-0.9763955342902708,1.2090909090909088,-0.027272727272727337,0.16666666666666669,0.3333333333333333,-0.1082946366623001,-0.2097902097902098,-0.3349229355228891,-13.48236021788224,4.291666666666667,0.1428571428571428,0.0357142857142857,0.0357142857142857,-0.3365440192321982,12.793582677841188,-5.0,0.0,0.0,0.0,0.001621083709309079,-26.27594289572343,9.291666666666668,0.1428571428571428,0.0357142857142857,0.0357142857142857,0,85.4,0.0,0,1,0,0,0,1,-1,2,0,2,5,2,3,0,0,0,0,1,-1,0,0,0,0,0,0,0,0,0,0,0,0,0,0,0,0,0.17,-0.17,0,0,0,4,2,2
401326518,2021,REG,13,2021-12-05,Sunday,16:05,WAS,LV,17,15,Home,6,10,116,-128,1.0,108,-121,47.5,-114,103,0,dome,grass,,,00-0031800,00-0031280,Taylor Heinicke,Derek Carr,Ron Rivera,Rich Bisaccia,VEG00,Allegiant Stadium,0.406,0.594,115,-125,+2½-110,-1½-110,35.526,0.6176,0.3792,0.003,19.72,27.78,47.5,4.027,-4.027,-2.433,-2.937,47.5,-1.5,1.5,Turf,,,,,,,-2,32,0,-3.0,LOSS,UNDER,0.0711480528287218,0.0841350178667291,0.3552631578947368,0.4428571428571428,6.7105263157894735,6.271428571428571,2.4,2.2,0.5,0.8,0.1482112516269331,0.2307692307692307,0.0250146280070993,-0.0930383459531357,0.5384615384615384,0.3260869565217391,4.807692307692308,5.804347826086956,1.4166666666666667,1.181818181818182,0.5,1.0,0.1213759493933344,0.3846153846153846,0.0461334248216225,0.17717336381986482,-0.18319838056680166,0.1167701863354037,1.902834008097165,0.46708074534161526,0.9833333333333332,1.018181818181818,0.0,-0.19999999999999996,0.0268353022335987,-0.15384615384615388,0.1850127128804174,-2.2476026886387874,9.64102564102564,0.0714285714285714,0.0,0.0238095238095238,0.1746899365864977,7.29413628578186,5.4,0.0277777777777777,0.0277777777777777,0.0,0.0103227762939197,-9.541738974420648,4.24102564102564,0.0436507936507937,-0.0277777777777777,0.0238095238095238,4,2094.1,3.0,1,0,0,0,2,3,-1,1,0,1,4,4,0,0,1,-1,1,3,-2,0,0,0,0,0,0,0,0,0,0,0,0,0,1,-1,0,0.75,-0.75,0.11,0.85,-0.74,0,3,-3
401326519,2021,REG,13,2021-12-05,Sunday,16:05,JAX,LA,7,37,Home,7,7,597,-796,14.0,-103,-108,48.0,-109,-102,0,dome,matrixturf,,,00-0036971,00-0026498,Trevor Lawrence,Matthew Stafford,Urban Meyer,Sean McVay,LAX01,SoFi Stadium,0.113,0.887,610,-810,+14-110,-14-105,49.656,0.8557,0.143,0.0011,9.88,38.12,48.0,14.124,-14.124,5.989,-8.536,48.0,-14.0,14.0,Grass,Clear Day,62.41,,,3.45,168.0,30,44,1,16.0,WIN,UNDER,-0.1176241547141576,0.0743950596678031,0.4426229508196721,0.3974358974358974,5.836065573770492,5.128205128205129,2.0,2.142857142857143,0.75,0.5,0.0606229578982532,0.3076923076923077,-0.0135107394719959,0.1084594754624719,0.4861111111111111,0.4736842105263157,4.986111111111111,5.859649122807017,1.4,2.1,0.3333333333333333,1.0,-0.0457373629488876,0.5625,-0.10411341524216171,-0.03406441579466879,-0.04348816029143898,-0.0762483130904183,0.8499544626593813,-0.7314439946018885,0.6000000000000001,0.042857142857142705,0.4166666666666667,-0.5,0.1063603208471408,-0.2548076923076923,-0.0567154733352658,-8.51276014980517,10.736842105263158,0.048780487804878,0.024390243902439,0.024390243902439,-0.0463609237326728,-5.491491934148277,10.0,0.0227272727272727,0.0227272727272727,0.0227272727272727,-0.010354549602592994,-3.0212682156568924,0.7368421052631575,0.026053215077605302,0.0016629711751663008,0.0016629711751663008,0,2150.5,3.0,1,0,0,0,1,1,0,0,0,0,4,1,3,1,1,0,1,1,0,0,0,0,0,0,0,1,0,1,0,0,0,0,1,-1,0,0,0,0,0.52,-0.52,0,3,-3
401326520,2021,REG,13,2021-12-05,Sunday,16:25,BAL,PIT,19,20,Home,7,7,-195,174,-4.0,-104,-107,44.0,-109,-102,1,outdoors,grass ,50.0,7.0,00-0034796,00-0022924,Lamar Jackson,Ben Roethlisberger,John Harbaugh,Mike Tomlin,PIT00,Heinz Field,0.586,0.414,-190,190,-4-110,+4½-110,48.115,0.4278,0.5687,0.0034,24.36,19.64,44.0,-2.356,2.356,-1.471,1.007,44.0,4.0,-4.0,Grass,Cloudy,52.96,,,5.43,49.0,1,39,1,5.0,WIN,UNDER,-0.3101300537199361,0.1921673533163019,0.3389830508474576,0.5538461538461539,5.101694915254237,5.6923076923076925,0.8333333333333334,3.1818181818181817,1.0,0.6666666666666666,-0.5025336567727525,0.5384615384615384,-0.1308697594896128,-0.1993221026111892,0.4189189189189189,0.3333333333333333,4.121621621621622,4.596491228070176,1.2307692307692308,0.8333333333333334,0.5,1.0,-0.2737565222828536,0.4666666666666667,-0.17926029423032333,0.39148945592749107,-0.0799358680714613,0.22051282051282056,0.9800732936326151,1.095816464237516,-0.39743589743589747,2.348484848484848,0.5,-0.33333333333333337,-0.22877713448989895,0.07179487179487176,-0.3322243558758694,-5.366267569554158,7.219512195121951,0.0681818181818181,0.0454545454545454,0.0454545454545454,-0.3222155105267965,-5.181697849184275,8.6875,0.0588235294117647,0.1176470588235294,0.0,-0.010008845349072926,-0.1845697203698835,-1.4679878048780486,0.009358288770053395,-0.072192513368984,0.0454545454545454,0,197.2,0.0,1,0,0,0,2,1,1,0,1,-1,0,11,-11,2,0,2,2,0,2,0,0,0,0,0,0,0,0,0,1,0,1,1,0,1,0,0,0,0.5,0,0.5,3,3,0
401326521,2021,REG,13,2021-12-05,Sunday,16:25,SF,SEA,23,30,Home,7,6,-138,125,-3.0,108,-120,44.5,-103,-108,1,outdoors,fieldturf,41.0,4.0,00-0031345,00-0029263,Jimmy Garoppolo,Russell Wilson,Kyle Shanahan,Pete Carroll,SEA00,Lumen Field,0.514,0.486,-130,135,-2½-110,+3-115,75.679,0.4778,0.5183,0.0038,22.93,21.58,44.5,-0.675,0.675,2.373,4.407,44.5,3.0,-3.0,Turf,Partly Cloudy Day,40.57,,,3.52,15.0,7,53,1,10.0,WIN,OVER,-0.0930383459531357,0.0250146280070993,0.3260869565217391,0.5384615384615384,5.804347826086956,4.807692307692308,1.181818181818182,1.4166666666666667,1.0,0.5,-0.0476239055525652,0.3333333333333333,0.1218476510326955,-0.136396530841833,0.4615384615384615,0.3962264150943396,6.538461538461538,6.09433962264151,2.833333333333333,2.1666666666666665,0.8,0.8,0.1407383456721876,0.4166666666666667,-0.21488599698583122,0.1614111588489323,-0.13545150501672243,0.14223512336719885,-0.7341137123745822,-1.2866473149492013,-1.651515151515151,-0.7499999999999998,0.19999999999999996,-0.30000000000000004,-0.1883622512247528,-0.08333333333333337,0.1108211795812308,0.8915780052062003,9.0,0.0588235294117647,0.0,0.0,0.1163149862279271,-0.0870673702313349,8.73076923076923,0.0714285714285714,0.0357142857142857,0.0,-0.005493806646696298,0.9786453754375353,0.26923076923077005,-0.012605042016806699,-0.0357142857142857,0.0,-1,704.5,0.0,1,0,0,0,0,4,-4,1,1,0,3,1,2,0,1,-1,0,1,-1,0,0,0,0,0,0,0,1,-1,0,0,0,0,0,0,0,0.66,-0.66,0,0.58,-0.58,1,1,0
401326515,2021,REG,13,2021-12-05,Sunday,20:20,DEN,KC,9,22,Home,7,14,323,-387,8.5,-106,-105,46.5,-108,-103,1,outdoors,grass ,58.0,22.0,00-0031237,00-0033873,Teddy Bridgewater,Patrick Mahomes,Vic Fangio,Andy Reid,KAN00,GEHA Field at Arrowhead Stadium,0.245,0.755,340,-360,+9-110,-7½-110,60.418,0.6826,0.3148,0.0025,16.9,29.6,46.5,6.354,-6.354,6.216,0.478,46.5,-8.5,8.5,Grass,Partly Cloudy Night,51.43,,,7.44,4.0,13,31,1,4.5,WIN,UNDER,,,,,,,,,,,,,0.123256997598474,-0.006008898560294,0.4035087719298245,0.5076923076923077,5.315789473684211,5.492307692307692,2.2,1.4444444444444444,0.75,0.6666666666666666,-0.0719849955475302,0.7272727272727273,,,,,,,,,,,,,-0.1892726353619426,-1.86183922218554,5.351351351351352,0.075,0.025,0.025,0.4307674788320178,-4.31297894786386,6.722222222222222,0.0,0.0,0.0,-0.6200401141939604,2.4511397256783196,-1.3708708708708706,0.075,0.025,0.025,7,564.3,1.0,0,1,0,0,2,0,2,0,1,-1,1,7,-6,1,0,1,2,0,2,0,0,0,1,0,1,0,0,0,0,0,0,0,0,0,0.2,0,0.2,0.76,0,0.76,2,0,2
401326522,2021,REG,13,2021-12-06,Monday,20:15,NE,BUF,14,10,Home,8,11,132,-146,3.0,-116,104,40.0,-102,-109,1,outdoors,a_turf,36.0,27.0,00-0036972,00-0034857,Mac Jones,Josh Allen,Bill Belichick,Sean McDermott,BUF00,New Era Field,0.371,0.629,130,-144,+3-110,-2½-120,82.477,0.6427,0.3543,0.0028,15.09,24.91,40.0,4.907,-4.907,8.594,4.991,40.0,-3.0,3.0,Turf,Wind,36.21,4%,Rain,25.66,262.0,-4,24,0,-7.0,LOSS,UNDER,0.1481598281160975,-0.3406373932531283,0.532258064516129,0.2807017543859649,5.82258064516129,3.3508771929824563,3.1,0.5454545454545454,0.6666666666666666,1.0,-0.0485307680852808,0.6153846153846154,0.2345816114326381,-0.0893164294385665,0.4561403508771929,0.4590163934426229,6.9298245614035086,5.836065573770492,3.272727272727273,1.181818181818182,0.5,0.6666666666666666,0.2107723105439105,0.4,-0.0864217833165406,-0.2513209638145618,0.0761177136389361,-0.178314639056658,-1.1072439162422185,-2.4851883807880357,-0.17272727272727284,-0.6363636363636367,0.16666666666666663,0.33333333333333337,-0.2593030786291913,0.2153846153846154,0.3805369400637104,15.621771491490875,6.035714285714286,0.0666666666666666,0.0666666666666666,0.0,0.4218113154790064,8.334733173251152,7.4375,0.0588235294117647,0.0,0.0,-0.041274375415295994,7.287038318239723,-1.4017857142857144,0.007843137254901898,0.0666666666666666,0.0,3,386.4,0.0,1,0,0,0,0,0,0,0,0,0,3,8,-5,0,0,0,0,0,0,0,0,0,0,0,0,0,0,0,0,0,0,0,0,0,0,0,0,0,0,0,0,1,-1
401326523,2021,REG,14,2021-12-09,Thursday,20:20,PIT,MIN,28,36,Home,4,4,157,-175,3.5,-117,105,45.0,-104,-107,0,dome,sportturf,,,00-0022924,00-0029604,Ben Roethlisberger,Kirk Cousins,Mike Tomlin,Mike Zimmer,MIN01,U.S. Bank Stadium,0.392,0.608,165,-170,+3½-110,-3½+100,48.484,0.6229,0.374,0.003,18.3,26.7,45.0,4.203,-4.203,0.988,-1.471,45.0,-3.5,3.5,Dome,,,,,,,8,64,1,4.5,WIN,OVER,0.047232552147351,-0.0731005666639835,0.4794520547945205,0.463768115942029,5.849315068493151,5.391304347826087,2.25,2.4166666666666665,0.5,0.6,0.0828492989364479,0.4615384615384615,0.1130304173455517,0.054862288776417,0.4912280701754385,0.3857142857142857,5.684210526315789,4.6571428571428575,2.0,1.9,1.0,0.4,0.1286722938933631,0.4166666666666667,-0.06579786519820072,-0.1279628554404005,-0.011776015380917992,0.07805383022774331,0.16510454217736203,0.7341614906832294,0.25,0.5166666666666666,-0.5,0.19999999999999996,-0.045822994956915206,0.04487179487179482,0.1008979249707327,6.854623332619667,8.375,0.0681818181818181,0.0,0.0227272727272727,0.2813286550678908,4.361720780531566,8.387096774193548,0.0303030303030303,0.0,0.0,-0.1804307300971581,2.4929025520881014,-0.012096774193548043,0.03787878787878779,0.0,0.0227272727272727,0,740.3,1.0,1,0,0,0,2,4,-2,0,0,0,3,0,3,2,2,0,2,4,-2,0,0,0,1,0,1,1,0,1,0,1,-1,0,1,-1,0.77,0.05,0.72,0,0.62,-0.62,5,2,3
401326524,2021,REG,14,2021-12-12,Sunday,13:00,ATL,CAR,29,21,Home,7,14,123,-136,2.5,-104,-107,41.0,105,-116,1,outdoors,grass ,48.0,9.0,00-0026143,00-0027939,Matt Ryan,Cam Newton,Arthur Smith,Matt Rhule,CAR00,Bank of America Stadium,0.355,0.645,125,-140,+2½+100,-2½-110,26.164,0.6753,0.322,0.0025,14.68,26.82,41.5,6.073,-6.073,-3.815,-5.502,41.5,-2.5,2.5,Grass,Clear Day,50.6,,,7.92,17.0,-8,50,0,-10.5,LOSS,OVER,,,,,,,,,,,,,-0.05242073498658,0.2071224882741536,0.463768115942029,0.4626865671641791,5.507246376811594,6.358208955223881,1.1,3.0,0.25,0.8,-0.099438341307597,0.5294117647058824,,,,,,,,,,,,,-0.5936071878293826,-42.53791414556049,7.523809523809524,0.0454545454545454,0.0909090909090909,0.0,-0.0148566045337784,4.758420363068581,6.170731707317073,0.108695652173913,0.0,0.0,-0.5787505832956042,-47.29633450862907,1.3530778164924504,-0.0632411067193676,0.0909090909090909,0.0,7,226.1,0.0,0,1,0,0,2,0,2,0,0,0,0,2,-2,2,0,2,2,0,2,0,0,0,2,0,2,0,0,0,0,0,0,0,0,0,1.64,0,1.64,0,0,0,4,1,3
401326526,2021,REG,14,2021-12-12,Sunday,13:00,BAL,CLE,22,24,Home,7,14,135,-150,3.0,-104,-107,44.0,-103,-108,1,outdoors,grass ,46.0,14.0,00-0034796,00-0034855,Lamar Jackson,Baker Mayfield,John Harbaugh,Kevin Stefanski,CLE00,FirstEnergy Stadium,0.432,0.568,140,-150,+3-110,-3-105,54.551,0.5346,0.4616,0.0037,20.79,23.21,44.0,1.214,-1.214,0.372,1.007,44.0,-3.0,3.0,Grass,Clear Day,47.49,,,12.76,220.0,2,46,1,-1.0,LOSS,OVER,,,,,,,,,,,,,0.054862288776417,0.1130304173455517,0.3857142857142857,0.4912280701754385,4.6571428571428575,5.684210526315789,1.9,2.0,0.4,1.0,-0.0540862367450004,0.5,,,,,,,,,,,,,-0.057013618835008,-11.145477698129769,9.54054054054054,0.0512820512820512,0.0,0.0256410256410256,0.0578785447581671,-5.9131008547705575,6.621621621621622,0.1555555555555555,0.0222222222222222,0.0222222222222222,-0.11489216359317511,-5.232376843359211,2.9189189189189184,-0.1042735042735043,-0.0222222222222222,0.0034188034188033997,7,308.3,0.0,1,0,0,0,3,1,2,0,1,-1,4,6,-2,2,1,1,3,1,2,0,0,0,0,1,-1,1,0,1,0,0,0,1,0,1,0.42,0.54,-0.12,0.95,0,0.95,5,0,5
401326527,2021,REG,14,2021-12-12,Sunday,13:00,SEA,HOU,33,13,Home,7,7,-401,334,-10.0,104,-116,40.5,105,-117,0,open,astroturf,,,00-0029263,00-0036898,Russell Wilson,Davis Mills,Pete Carroll,David Culley,HOU00,NRG Stadium,0.678,0.322,-420,374,-9-110,+9½-110,26.791,0.2757,0.722,0.0022,28.34,12.66,41.0,-7.844,7.844,-8.598,2.373,41.0,9.5,-9.5,Dome,,,,,,,-20,46,0,-10.0,LOSS,OVER,-0.6233198415872176,0.167702922931,0.28,0.5652173913043478,2.82,5.666666666666667,0.0,2.583333333333333,,0.6666666666666666,-0.5231365087857869,0.25,-0.060245535429937,0.0008181276877192,0.3880597014925373,0.4727272727272727,4.895522388059701,6.654545454545454,2.1538461538461537,1.7692307692307692,0.5714285714285714,0.75,-0.1850920606526779,0.3333333333333333,-0.5630743061572806,0.16688479524328081,-0.1080597014925373,0.09249011857707506,-2.0755223880597016,-0.9878787878787874,-2.1538461538461537,0.8141025641025639,,-0.08333333333333337,-0.33804444813310897,-0.08333333333333331,-0.767154425069748,-25.431929643337543,5.428571428571429,0.125,0.0,0.0,-0.003092280131901,14.153592087127066,6.972972972972973,0.0975609756097561,0.024390243902439,0.024390243902439,-0.764062144937847,-39.585521730464606,-1.544401544401544,0.0274390243902439,-0.024390243902439,-0.024390243902439,0,1891.2,2.0,0,1,0,0,2,4,-2,0,0,0,6,1,5,0,2,-2,1,3,-2,0,0,0,0,1,-1,0,0,0,0,0,0,0,1,-1,0,1.24,-1.24,0.87,0.47,0.4,3,0,3
401326528,2021,REG,14,2021-12-12,Sunday,13:00,LV,KC,9,48,Home,7,7,365,-444,10.0,-108,-103,48.0,-103,-108,1,outdoors,grass ,47.0,19.0,00-0031280,00-0033873,Derek Carr,Patrick Mahomes,Rich Bisaccia,Andy Reid,KAN00,GEHA Field at Arrowhead Stadium,0.21,0.79,400,-420,+10-110,-10-105,55.138,0.719,0.2786,0.0022,16.27,31.73,48.0,7.729,-7.729,6.216,-2.433,48.0,-10.0,10.0,Grass,Clear Day,52.45,,,7.92,182.0,39,57,1,29.0,WIN,OVER,-0.0400953737979536,-0.1351888804432874,0.4423076923076923,0.4931506849315068,5.173076923076923,5.534246575342466,1.4545454545454546,0.9,0.3333333333333333,0.3333333333333333,-0.0381662633895757,0.4166666666666667,-0.0207441159938785,0.0208495163342169,0.4561403508771929,0.4333333333333333,5.43859649122807,4.983333333333333,1.6666666666666667,1.8888888888888888,0.3333333333333333,1.0,0.1638755199833255,0.25,-0.019351257804075102,-0.15603839677750428,-0.013832658569500611,0.05981735159817353,-0.26551956815114686,0.5509132420091323,-0.21212121212121215,-0.9888888888888888,0.0,-0.6666666666666667,-0.20204178337290118,0.16666666666666669,-0.0861730663107515,-16.95121846817158,5.206896551724138,0.0333333333333333,0.0333333333333333,0.0,-0.0147496563297487,6.1734668082661095,9.394736842105264,0.048780487804878,0.0,0.0,-0.0714234099810028,-23.12468527643769,-4.187840290381126,-0.015447154471544704,0.0333333333333333,0.0,0,1149.2,2.0,0,1,0,0,1,3,-2,0,1,-1,3,0,3,0,1,-1,1,2,-1,0,0,0,0,0,0,0,1,-1,0,0,0,0,0,0,0,0.24,-0.24,0,0.11,-0.11,0,1,-1
401326529,2021,REG,14,2021-12-12,Sunday,13:00,NO,NYJ,30,9,Home,10,7,-194,173,-4.5,103,-114,42.0,-112,100,0,outdoors,fieldturf,46.0,13.0,00-0033357,00-0037013,Taysom Hill,Zach Wilson,Sean Payton,Robert Saleh,NYC01,MetLife Stadium,0.675,0.325,-200,181,-4½-110,+4½-110,23.766,0.2903,0.7073,0.0023,28.27,13.73,42.0,-7.274,7.274,-8.791,1.264,42.0,4.5,-4.5,Turf,Clear Day,48.6,,,11.1,298.0,-21,39,0,-16.5,LOSS,UNDER,0.0069184961225172,0.2287099114972737,0.4285714285714285,0.4852941176470588,5.035714285714286,6.147058823529412,2.0,3.25,1.0,0.6,0.0816952411578101,0.3333333333333333,-0.2694366624256881,-0.1071633794648316,0.391304347826087,0.3064516129032258,5.869565217391305,6.129032258064516,1.2142857142857142,1.4,1.0,0.5,-0.2910775137263247,0.3571428571428571,0.2763551585482053,0.33587329096210533,0.03726708074534152,0.178842504743833,-0.8338509316770191,0.018026565464896116,0.7857142857142858,1.85,0.0,0.09999999999999998,0.37277275488413475,-0.02380952380952378,0.026291206405952,-3.4014044536484613,8.131578947368421,0.05,0.025,0.0,-0.5139353165752734,-23.64623132275372,7.121951219512195,0.0465116279069767,0.0930232558139534,0.0,0.5402265229812253,20.24482686910526,1.009627727856226,0.003488372093023301,-0.06802325581395341,0.0,-3,1169.8,1.0,0,1,0,0,3,3,0,0,0,0,6,1,5,3,2,1,3,3,0,0,0,0,0,1,-1,2,0,2,0,1,-1,1,0,1,0.7,1,-0.3,0.56,0.33,0.23,1,4,-3
401326530,2021,REG,14,2021-12-12,Sunday,13:00,JAX,TEN,0,20,Home,7,14,321,-384,8.5,-108,-103,44.5,-108,-103,1,outdoors,grass ,45.0,0.0,00-0036971,00-0029701,Trevor Lawrence,Ryan Tannehill,Urban Meyer,Mike Vrabel,NAS00,Nissan Stadium,0.161,0.839,360,-400,+8½-110,-8½-110,45.132,0.8111,0.1873,0.0015,10.53,33.97,44.5,11.724,-11.724,1.585,-8.536,44.5,-8.5,8.5,Grass,Clear Day,46.36,,,5.02,109.0,20,20,1,11.5,WIN,UNDER,,,,,,,,,,,,,-0.3818390201454432,0.2400214919358003,0.3090909090909091,0.5151515151515151,3.581818181818182,6.333333333333333,0.6363636363636364,3.7,1.0,0.8,-0.4965024112784815,0.4166666666666667,,,,,,,,,,,,,-0.4091785919253495,-13.22709619998932,6.095238095238095,0.0869565217391304,0.0434782608695652,0.0434782608695652,-0.097356663751998,-19.66786331364087,4.178571428571429,0.0666666666666666,0.0,0.0,-0.3118219281733515,6.440767113651548,1.916666666666666,0.020289855072463808,0.0434782608695652,0.0434782608695652,7,500.8,1.0,1,0,0,0,5,1,4,0,0,0,0,0,0,3,1,2,3,1,2,0,0,0,0,1,-1,0,0,0,2,0,2,1,0,1,0,0.44,-0.44,2.42,0,2.42,4,11,-7
401326531,2021,REG,14,2021-12-12,Sunday,13:00,DAL,WAS,27,20,Home,10,7,-284,246,-6.5,-115,103,48.0,-108,-103,1,outdoors,grass ,48.0,17.0,00-0033077,00-0031800,Dak Prescott,Taylor Heinicke,Mike McCarthy,Ron Rivera,WAS00,FedExField,0.593,0.407,-275,250,-6½-110,+6½-110,59.667,0.3684,0.6285,0.0029,28.4,19.6,48.0,-4.397,4.397,-2.937,5.383,48.0,6.5,-6.5,Grass,Clear Day,48.38,,,10.17,301.0,-7,47,0,-0.5,LOSS,UNDER,0.0208495163342169,-0.0207441159938785,0.4333333333333333,0.4561403508771929,4.983333333333333,5.43859649122807,1.8888888888888888,1.6666666666666667,1.0,0.3333333333333333,-0.0029381346787286,0.5384615384615384,-0.1071633794648316,-0.2694366624256881,0.3064516129032258,0.391304347826087,6.129032258064516,5.869565217391305,1.4,1.2142857142857142,0.5,1.0,0.1440066848932572,0.1538461538461538,0.1280128957990485,0.2486925464318096,0.12688172043010748,0.06483600305110593,-1.1456989247311826,-0.43096872616323445,0.48888888888888893,0.45238095238095255,0.5,-0.6666666666666667,-0.1469448195719858,0.38461538461538464,0.1783768667373806,7.500543693701426,6.733333333333333,0.032258064516129,0.032258064516129,0.0,-0.2038122751845341,-2.6221230626106253,8.425,0.024390243902439,0.024390243902439,0.0,0.38218914192191467,10.12266675631205,-1.6916666666666673,0.007867820613689996,0.007867820613689996,0.0,-3,1207.4,1.0,0,1,0,0,2,0,2,0,0,0,4,1,3,0,0,0,2,0,2,0,0,0,0,0,0,0,0,0,0,0,0,0,0,0,0.36,0,0.36,0.02,0,0.02,1,4,-3
401326532,2021,REG,14,2021-12-12,Sunday,16:05,DET,DEN,10,38,Home,7,7,495,-635,13.0,-109,-102,42.0,-106,-105,0,outdoors,grass ,63.0,8.0,00-0033106,00-0031237,Jared Goff,Teddy Bridgewater,Dan Campbell,Vic Fangio,DEN00,Empower Field at Mile High,0.171,0.829,500,-600,+12½-110,-12-110,39.167,0.7607,0.2373,0.0019,11.57,30.43,42.0,9.431,-9.431,0.478,-6.039,42.0,-12.5,12.5,Grass,Partly Cloudy Day,63.92,,,6.36,41.0,28,48,1,15.0,WIN,OVER,-0.1351888804432874,-0.0400953737979536,0.4931506849315068,0.4423076923076923,5.534246575342466,5.173076923076923,0.9,1.4545454545454546,0.3333333333333333,0.3333333333333333,-0.0169681479019345,0.2857142857142857,-0.0731005666639835,0.047232552147351,0.463768115942029,0.4794520547945205,5.391304347826087,5.849315068493151,2.4166666666666665,2.25,0.6,0.5,0.1899804826626761,0.1818181818181818,-0.06208831377930389,-0.0873279259453046,0.02938256898947783,-0.03714436248682823,0.14294222751637875,-0.6762381454162281,-1.5166666666666666,-0.7954545454545454,-0.26666666666666666,-0.16666666666666669,-0.20694863056461058,0.1038961038961039,-0.2602451944337585,-9.189270105626848,6.725,0.0238095238095238,0.0476190476190476,0.0,0.0965095082290263,-3.4241157142739547,8.461538461538462,0.0714285714285714,0.0238095238095238,0.0238095238095238,-0.3567547026627848,-5.765154391352894,-1.736538461538462,-0.047619047619047596,0.0238095238095238,-0.0238095238095238,0,1155.8,2.0,1,0,0,0,0,3,-3,0,1,-1,3,12,-9,0,3,-3,0,3,-3,0,0,0,0,0,0,0,1,-1,0,2,-2,0,0,0,0,0.2,-0.2,0,0.87,-0.87,2,3,-1
401326533,2021,REG,14,2021-12-12,Sunday,16:05,NYG,LAC,21,37,Home,7,7,329,-395,9.5,-118,106,44.0,-108,-103,0,dome,matrixturf,,,00-0030520,00-0036355,Mike Glennon,Justin Herbert,Joe Judge,Brandon Staley,LAX01,SoFi Stadium,0.2,0.8,340,-400,+9-110,-8½-110,44.826,0.7796,0.2185,0.0017,11.5,32.0,43.5,10.254,-10.254,1.79,-7.894,43.5,-9.0,9.0,Grass,Clear Day,66.55,,,2.5,237.0,16,58,1,6.5,WIN,OVER,0.0163834832335665,-0.2868915521021581,0.4677419354838709,0.3611111111111111,5.887096774193548,4.944444444444445,2.5,1.4666666666666666,0.8,0.75,0.084729769512357,0.3076923076923077,-0.1639706462052743,-0.0328236069940027,0.3225806451612903,0.4328358208955223,4.032258064516129,4.447761194029851,0.75,1.6666666666666667,0.0,1.0,-0.3377010483165375,0.375,0.1803541294388408,-0.2540679451081554,0.14516129032258057,-0.0717247097844112,1.854838709677419,0.49668325041459394,1.75,-0.20000000000000018,0.8,-0.25,0.4224308178288945,-0.06730769230769229,0.2849249889047429,13.98694327899388,10.542857142857144,0.1025641025641025,0.0256410256410256,0.0,-0.2758741867961344,-4.330275639107353,7.431818181818182,0.0666666666666666,0.0222222222222222,0.0,0.5607991757008772,18.317218918101233,3.111038961038963,0.03589743589743591,0.0034188034188033997,0.0,0,2449.4,3.0,1,0,0,0,3,3,0,0,0,0,1,3,-2,0,3,-3,3,3,0,0,1,-1,0,0,0,0,1,-1,0,0,0,0,1,-1,0,1.6,-1.6,1.98,0.28,1.7,0,2,-2
401326525,2021,REG,14,2021-12-12,Sunday,16:25,SF,CIN,26,23,Home,7,7,-130,117,-2.5,-103,-108,49.0,-103,-108,0,outdoors,fieldturf,48.0,9.0,00-0031345,00-0036442,Jimmy Garoppolo,Joe Burrow,Kyle Shanahan,Zac Taylor,CIN00,Paul Brown Stadium,0.485,0.515,-116,105,-1-110,+1½-110,72.136,0.4805,0.5156,0.0038,25.33,24.17,49.5,-0.583,0.583,1.619,4.407,49.5,1.0,-1.0,Turf,Clear Day,45.34,,,6.39,208.0,-3,49,0,-0.5,LOSS,PUSH,-0.2868915521021581,0.0163834832335665,0.3611111111111111,0.4677419354838709,4.944444444444445,5.887096774193548,1.4666666666666666,2.5,0.75,0.8,-0.412502585933343,0.5,0.0008181276877192,-0.060245535429937,0.4727272727272727,0.3880597014925373,6.654545454545454,4.895522388059701,1.7692307692307692,2.1538461538461537,0.75,0.5714285714285714,0.0584075829991529,0.3,-0.2877096797898773,0.0766290186635035,-0.11161616161616161,0.07968223399133356,-1.7101010101010097,0.9915743861338466,-0.3025641025641026,0.34615384615384626,0.0,0.22857142857142865,-0.4709101689324959,0.2,-0.1302533020924125,0.7497760810350117,9.85,0.1304347826086956,0.0434782608695652,0.0217391304347826,0.0563133413704295,-2.306108176708221,7.266666666666667,0.032258064516129,0.064516129032258,0.0,-0.18656664346284202,3.055884257743233,2.583333333333333,0.09817671809256659,-0.02103786816269279,0.0217391304347826,0,2021.3,3.0,0,1,0,0,2,5,-3,2,0,2,3,2,1,1,3,-2,2,3,-1,0,0,0,0,0,0,0,2,-2,1,0,1,0,1,-1,0.13,0.84,-0.71,0.28,0.71,-0.43,0,1,-1
401326534,2021,REG,14,2021-12-12,Sunday,16:25,BUF,TB,27,33,Home,6,7,161,-181,3.5,-106,-105,52.5,-101,-110,0,outdoors,grass ,82.0,4.0,00-0034857,00-0019596,Josh Allen,Tom Brady,Sean McDermott,Bruce Arians,TAM00,Raymond James Stadium,0.392,0.608,160,-165,+3½-110,-3-115,94.046,0.5751,0.4214,0.0033,23.93,29.07,53.0,2.568,-2.568,8.245,8.594,53.0,-3.0,3.0,Grass,Partly Cloudy Day,80.16,,,6.63,285.0,6,60,1,2.5,WIN,OVER,0.2071224882741536,-0.05242073498658,0.4626865671641791,0.463768115942029,6.358208955223881,5.507246376811594,3.0,1.1,0.8,0.25,0.0019662453604088,0.6153846153846154,-0.1916853662631658,0.0058084366101164,0.3508771929824561,0.3958333333333333,4.035087719298246,5.229166666666667,0.9090909090909092,1.4,0.25,0.5,-0.1523234834908075,0.3076923076923077,0.3988078545373194,-0.058229171596696404,0.11180937418172299,0.06793478260869568,2.323121235925635,0.27807971014492683,2.090909090909091,-0.2999999999999998,0.55,-0.25,0.15428972885121628,0.3076923076923077,0.3074296001520683,2.947494796678132,6.352941176470588,0.0,0.0196078431372549,0.0,-0.2205281312483458,-8.719914456208548,10.366666666666667,0.0625,0.0,0.0,0.5279577314004141,11.66740925288668,-4.013725490196079,-0.0625,0.0196078431372549,0.0,1,1043.4,0.0,1,0,0,0,1,2,-1,0,0,0,4,2,2,1,1,0,1,2,-1,0,0,0,0,0,0,0,0,0,0,1,-1,1,0,1,0,0.22,-0.22,0.99,0.53,0.46,4,5,-1
401326535,2021,REG,14,2021-12-12,Sunday,20:20,CHI,GB,30,45,Home,7,14,498,-639,11.5,-102,-109,43.0,103,-114,1,outdoors,grass ,36.0,8.0,00-0036945,00-0023459,Justin Fields,Aaron Rodgers,Matt Nagy,Matt LaFleur,GNB00,Lambeau Field,0.175,0.825,550,-660,+12½-110,-11½-110,50.495,0.8102,0.1882,0.0015,9.82,33.18,43.0,11.681,-11.681,5.281,-4.483,43.0,-12.0,12.0,Grass,Partly Cloudy Night,33.86,,,10.7,211.0,15,75,1,3.5,WIN,OVER,,,,,,,,,,,,,-0.1691907441630351,0.1212020462073975,0.4166666666666667,0.4615384615384615,4.597222222222222,4.9423076923076925,2.2,3.3,0.75,0.6666666666666666,-0.2242104784618633,0.4,,,,,,,,,,,,,0.1787810373027633,0.0487392598932439,9.466666666666669,0.0212765957446808,0.0,0.0,-0.377969503080329,-16.801239550113678,14.181818181818182,0.1538461538461538,0.0,0.0769230769230769,0.5567505403830924,16.84997881000692,-4.715151515151513,-0.132569558101473,0.0,-0.0769230769230769,7,183.7,0.0,1,0,0,0,2,1,1,0,2,-2,1,2,-1,0,0,0,1,1,0,0,0,0,0,0,0,0,0,0,0,0,0,0,0,0,0.23,0,0.23,0,0.34,-0.34,5,0,5
401326536,2021,REG,14,2021-12-13,Monday,20:15,LA,ARI,30,23,Home,8,8,154,-172,3.0,104,-116,51.0,-106,-105,1,open,grass ,,,00-0026498,00-0035228,Matthew Stafford,Kyler Murray,Sean McVay,Kliff Kingsbury,PHO00,State Farm Stadium,0.422,0.578,160,-160,+3½-110,-3-110,84.503,0.5926,0.4041,0.0032,22.34,28.66,51.0,3.159,-3.159,3.688,5.989,51.0,-3.0,3.0,Dome,,,,,,,-7,53,0,-10.0,LOSS,OVER,0.1212020462073975,-0.1691907441630351,0.4615384615384615,0.4166666666666667,4.9423076923076925,4.597222222222222,3.3,2.2,0.6666666666666666,0.75,0.0250532707409308,0.4545454545454545,0.2400214919358003,-0.3818390201454432,0.5151515151515151,0.3090909090909091,6.333333333333333,3.581818181818182,3.7,0.6363636363636364,0.8,1.0,0.2336991005071948,0.4166666666666667,-0.1188194457284028,0.2126482759824081,-0.05361305361305363,0.1075757575757576,-1.3910256410256405,1.0154040404040403,-0.40000000000000036,1.563636363636364,-0.13333333333333341,-0.25,-0.208645829766264,0.03787878787878779,0.4783797588461311,1.5958410501480107,3.8666666666666663,0.0625,0.0,0.0625,0.3342564161628907,1.927646511309856,9.289473684210526,0.0256410256410256,0.0,0.0,0.1441233426832404,-0.3318054611618453,-5.422807017543859,0.0368589743589744,0.0,0.0625,0,350.3,1.0,0,1,0,0,1,0,1,0,1,-1,1,2,-1,0,0,0,1,0,1,0,0,0,0,0,0,0,0,0,0,0,0,0,0,0,0,0,0,0.16,0,0.16,0,1,-1
401326537,2021,REG,15,2021-12-16,Thursday,20:20,KC,LAC,34,28,Home,4,4,-173,155,-3.0,-117,105,54.0,-113,101,1,dome,matrixturf,,,00-0033873,00-0036355,Patrick Mahomes,Justin Herbert,Andy Reid,Brandon Staley,LAX01,SoFi Stadium,0.56,0.44,-165,155,-3-110,+3+100,80.246,0.4827,0.5134,0.0038,26.51,25.49,52.0,-0.509,0.509,1.79,6.216,52.0,3.0,-3.0,Grass,Rain,54.82,36%,Rain,1.09,55.0,-6,62,0,-3.0,LOSS,OVER,0.221793907679622,-0.0714886913077771,0.5147058823529411,0.4696969696969697,6.25,4.818181818181818,3.083333333333333,1.75,0.5714285714285714,1.0,0.1035380634108812,0.5384615384615384,0.3498478394539959,-0.2980955987856198,0.5740740740740741,0.4098360655737705,6.925925925925926,4.754098360655738,4.2,0.9,0.7142857142857143,0.5,0.1214512859670711,0.6923076923076923,-0.12805393177437388,0.2266069074778427,-0.059368191721132946,0.05986090412319922,-0.6759259259259256,0.06408345752608025,-1.1166666666666671,0.85,-0.1428571428571429,0.5,-0.017913222556189892,-0.15384615384615385,0.4345282087497594,8.219281633694967,7.741935483870968,0.0606060606060606,0.0,0.0,0.5740337715980742,18.56900128451261,5.916666666666667,0.1111111111111111,0.0,0.0,-0.13950556284831483,-10.349719650817642,1.825268817204301,-0.050505050505050504,0.0,0.0,0,1366.5,2.0,1,0,0,0,0,2,-2,0,0,0,4,1,3,0,1,-1,0,2,-2,0,0,0,0,0,0,0,0,0,0,0,0,0,1,-1,0,0,0,0,1.52,-1.52,1,1,0
401326540,2021,REG,15,2021-12-18,Saturday,20:20,NE,IND,17,27,Home,13,14,-102,-109,-1.0,-101,-110,46.0,103,-115,0,closed,fieldturf,,,00-0036972,00-0032950,Mac Jones,Carson Wentz,Bill Belichick,Frank Reich,IND00,Lucas Oil Stadium,0.498,0.502,105,-115,+1½-110,+0-110,76.775,0.4616,0.5346,0.0037,23.96,21.54,45.5,-1.21,1.21,2.217,4.991,45.5,-2.5,2.5,Dome,,,,,,,10,44,1,11.0,WIN,UNDER,,,,,,,,,,,,,,,,,,,,,,,,,,,,,,,,,,,,,0.113419450357126,5.407805063507773,7.0,0.0434782608695652,0.0,0.0,0.011864912075301,-5.489613612492879,5.0,0.0,0.0,0.0,0.10155453828182501,10.897418676000651,2.0,0.0434782608695652,0.0,0.0,1,793.2,0.0,1,0,0,0,1,1,0,0,0,0,2,9,-7,0,0,0,1,1,0,0,0,0,0,0,0,0,0,0,0,0,0,0,0,0,0,0,0,0.19,0,0.19,3,2,1
401326538,2021,REG,15,2021-12-19,Sunday,13:00,CAR,BUF,14,31,Home,7,7,562,-739,14.0,102,-114,43.0,-107,-104,0,outdoors,a_turf,30.0,8.0,00-0027939,00-0034857,Cam Newton,Josh Allen,Matt Rhule,Sean McDermott,BUF00,New Era Field,0.223,0.777,630,-850,+15-110,-14½-110,53.475,0.8038,0.1946,0.0015,10.9,33.6,44.5,11.35,-11.35,8.594,-3.815,44.5,-12.0,12.0,Turf,Cloudy,28.69,3%,Snow,8.07,320.0,17,45,1,3.0,WIN,OVER,0.0756080256547657,0.1701894970660547,0.4868421052631579,0.48,6.131578947368421,6.533333333333333,2.076923076923077,2.357142857142857,0.6,0.6,0.1855081468854526,0.1538461538461538,-0.1751227579999625,0.0367203544987329,0.4838709677419355,0.365079365079365,5.387096774193548,5.079365079365079,2.1,2.090909090909091,1.0,0.4,0.0564492735902604,0.3636363636363636,0.2507307836547282,0.1334691425673218,0.002971137521222411,0.11492063492063498,0.7444821731748732,1.4539682539682541,-0.023076923076922995,0.2662337662337664,-0.4,0.19999999999999996,0.12905887329519222,-0.2097902097902098,-0.0596794374494289,3.281713233274572,5.018518518518518,0.0526315789473684,0.0175438596491228,0.0,-0.1472321246037609,-6.091542477193086,7.043478260869565,0.0416666666666666,0.0416666666666666,0.0,0.087552687154332,9.373255710467658,-2.0249597423510473,0.010964912280701795,-0.024122807017543803,0.0,0,533.1,0.0,0,1,0,0,0,1,-1,1,0,1,3,3,0,0,1,-1,0,1,-1,0,0,0,0,0,0,0,0,0,0,0,0,0,1,-1,0,0,0,0,0.25,-0.25,0,0,0
401326541,2021,REG,15,2021-12-19,Sunday,13:00,NYJ,MIA,24,31,Home,7,14,366,-445,10.5,-114,102,42.0,-104,-107,1,outdoors,grass,82.0,9.0,00-0037013,00-0036212,Zach Wilson,Tua Tagovailoa,Robert Saleh,Brian Flores,MIA00,Hard Rock Stadium,0.237,0.763,380,-450,+10-110,-10-110,37.796,0.8127,0.1857,0.0014,8.72,32.29,41.0,11.785,-11.785,-1.285,-8.791,41.0,-9.5,9.5,Grass,Partly Cloudy Day,80.49,15%,Rain,8.28,154.0,7,55,1,-3.5,LOSS,OVER,,,,,,,,,,,,,-0.3330136134107164,0.1486992368568992,0.2580645161290322,0.4705882352941176,4.129032258064516,5.0588235294117645,0.75,2.727272727272727,0.0,0.5,-0.2310517993868967,0.2142857142857142,,,,,,,,,,,,,0.0964178945458131,4.333198724723443,6.829268292682927,0.0465116279069767,0.0,0.0,-0.3423419621850801,-20.98248824477196,7.261904761904762,0.0666666666666666,0.0,0.0,0.43875985673089324,25.315686969495403,-0.4326364692218352,-0.020155038759689894,0.0,0.0,7,1085.5,0.0,1,0,0,0,0,0,0,0,1,-1,4,3,1,0,0,0,0,0,0,0,0,0,0,0,0,0,0,0,0,0,0,0,0,0,0,0,0,0,0,0,6,2,4
401326544,2021,REG,15,2021-12-19,Sunday,13:00,ARI,DET,12,30,Home,6,7,-634,495,-13.0,-102,-109,48.0,-107,-104,0,dome,fieldturf,,,00-0035228,00-0033106,Kyler Murray,Jared Goff,Kliff Kingsbury,Dan Campbell,DET00,Ford Field,0.796,0.204,-690,575,-12½-110,+13-110,40.49,0.1903,0.8081,0.0015,35.31,12.19,47.5,-11.558,11.558,-6.039,3.688,47.5,13.0,-13.0,Dome,,,,,,,18,42,1,31.0,WIN,UNDER,-0.1315349561989933,0.2547231132540709,0.4516129032258064,0.5384615384615384,5.096774193548387,5.507692307692308,1.1111111111111112,4.222222222222222,0.25,1.0,-0.215262231012254,0.3571428571428571,-0.0603799841007814,0.218224418538003,0.4533333333333333,0.4629629629629629,5.96,6.592592592592593,2.090909090909091,3.0,0.5,0.6,-0.2562367572546853,0.5333333333333333,-0.0711549720982119,0.03649869471606787,-0.0017204301075269268,0.07549857549857553,-0.863225806451613,-1.084900284900285,-0.9797979797979797,1.2222222222222223,-0.25,0.4,0.04097452624243131,-0.17619047619047623,-0.2085062810369691,-4.087698851761065,7.128205128205129,0.048780487804878,0.024390243902439,0.0,-0.0245704207846354,0.2255601846441932,10.306122448979592,0.0754716981132075,0.0377358490566037,0.0,-0.18393586025233372,-4.313259036405258,-3.177917320774463,-0.0266912103083295,-0.013345605154164702,0.0,1,1694.3,2.0,0,1,0,0,2,2,0,0,0,0,7,7,0,2,1,1,2,2,0,0,0,0,0,0,0,1,1,0,1,0,1,0,0,0,0.2,0.87,-0.67,0.37,0.6,-0.23,2,0,2
401326545,2021,REG,15,2021-12-19,Sunday,13:00,HOU,JAX,30,16,Home,7,7,224,-257,6.0,-111,-101,40.0,-105,-106,1,outdoors,grass,80.0,12.0,00-0036898,00-0036971,Davis Mills,Trevor Lawrence,David Culley,Darrell Bevell,JAX00,TIAA Bank Stadium,0.373,0.627,230,-260,+6-110,-6-105,5.107,0.6226,0.3743,0.003,15.56,23.94,39.5,4.186,-4.186,-8.536,-8.598,39.5,-5.0,5.0,Grass,Partly Cloudy Day,78.34,7%,Rain,9.03,238.0,-14,46,0,-20.0,LOSS,OVER,-0.4312912876541982,0.0372796651306239,0.2941176470588235,0.3939393939393939,3.764705882352941,4.03030303030303,0.0,1.818181818181818,,0.6666666666666666,-0.5606470409628754,0.3846153846153846,-0.1404754601747368,0.3437274036939551,0.4666666666666667,0.4655172413793103,5.066666666666666,7.844827586206897,1.181818181818182,3.3,0.3333333333333333,0.6666666666666666,0.0266160064794045,0.2307692307692307,-0.29081582747946144,-0.3064477385633312,-0.1725490196078432,-0.07157784743991635,-1.3019607843137253,-3.8145245559038665,-1.181818181818182,-1.481818181818182,,0.0,-0.58726304744228,0.15384615384615388,-0.3782740989551056,-1.7923768307711627,8.4,0.0697674418604651,0.0930232558139534,0.0,-0.0400968005150946,-3.5227648292978606,5.387755102040816,0.04,0.0,0.0,-0.338177298440011,1.730387998526698,3.0122448979591843,0.0297674418604651,0.0930232558139534,0.0,0,824.8,1.0,0,1,0,0,1,3,-2,0,0,0,0,3,-3,0,1,-1,1,1,0,0,0,0,0,0,0,0,0,0,0,0,0,0,1,-1,0.22,0,0.22,0,0.73,-0.73,10,6,4
401326546,2021,REG,15,2021-12-19,Sunday,13:00,DAL,NYG,21,6,Home,7,7,-534,428,-11.5,-120,108,43.0,104,-116,1,outdoors,fieldturf,37.0,8.0,00-0033077,00-0030520,Dak Prescott,Mike Glennon,Mike McCarthy,Joe Judge,NYC01,MetLife Stadium,0.752,0.248,-550,500,-11½-110,+12½-110,41.53,0.2985,0.699,0.0024,29.2,15.31,44.5,-6.945,6.945,-7.894,5.383,44.5,11.0,-11.0,Turf,Partly Cloudy Day,38.7,,,14.15,334.0,-15,27,0,-3.5,LOSS,UNDER,-0.0714886913077771,0.221793907679622,0.4696969696969697,0.5147058823529411,4.818181818181818,6.25,1.75,3.083333333333333,1.0,0.5714285714285714,0.0090817210142025,0.5,-0.1441459649457827,-0.4575655357325449,0.4078947368421052,0.3333333333333333,4.315789473684211,3.6031746031746033,1.4,0.9333333333333332,0.1428571428571428,0.6666666666666666,-0.2178502005508876,0.3888888888888889,0.07265727363800559,0.6793594434121669,0.061802232854864525,0.1813725490196078,0.5023923444976077,2.6468253968253967,0.3500000000000001,2.15,0.8571428571428572,-0.09523809523809523,0.2269319215650901,0.1111111111111111,-0.2911536970024891,-16.152022824142918,8.194444444444445,0.0526315789473684,0.0263157894736842,0.0263157894736842,-0.2620031322310242,-13.422094170863812,6.230769230769231,0.0930232558139534,0.0465116279069767,0.0,-0.029150564771464882,-2.7299286532791065,1.9636752136752138,-0.040391676866585007,-0.020195838433292503,0.0263157894736842,0,1385.1,1.0,0,1,0,0,1,1,0,1,0,1,3,1,2,1,1,0,1,1,0,1,0,1,0,1,-1,0,0,0,0,0,0,0,0,0,1,0.76,0.24,0,0,0,0,3,-3
401326547,2021,REG,15,2021-12-19,Sunday,13:00,TEN,PIT,13,19,Home,7,10,109,-121,1.0,102,-114,44.0,-105,-106,0,outdoors,grass,32.0,11.0,00-0029701,00-0022924,Ryan Tannehill,Ben Roethlisberger,Mike Vrabel,Mike Tomlin,PIT00,Heinz Field,0.519,0.481,103,-116,+1-110,-1-110,50.455,0.478,0.518,0.0038,22.66,21.34,44.0,-0.664,0.664,-1.471,1.585,44.0,-1.0,1.0,Grass,Cloudy,34.55,,,3.09,334.0,6,32,1,5.0,WIN,UNDER,-0.0808319648833533,0.0025212194304108,0.4428571428571428,0.4328358208955223,5.385714285714286,6.835820895522388,2.0,2.769230769230769,0.6666666666666666,0.5714285714285714,-0.0889077343294871,0.3076923076923077,0.0372796651306239,-0.4312912876541982,0.3939393939393939,0.2941176470588235,4.03030303030303,3.764705882352941,1.818181818181818,0.0,0.6666666666666666,,0.0002871745516761,0.4,-0.1181116300139772,0.433812507084609,0.04891774891774886,0.13871817383669882,1.3554112554112558,3.0711150131694467,0.1818181818181821,2.769230769230769,0.0,,-0.0891949088811632,-0.09230769230769231,-0.1700934514427619,2.5914306824023905,7.325,0.108695652173913,0.0217391304347826,0.0217391304347826,0.021615239214773,-3.0910738309224457,4.741935483870968,0.1142857142857142,0.0,0.0,-0.19170869065753487,5.682504513324837,2.583064516129032,-0.0055900621118012,0.0217391304347826,0.0217391304347826,3,470.5,1.0,0,1,0,0,0,6,-6,0,0,0,4,1,3,0,4,-4,0,5,-5,0,0,0,0,1,-1,0,0,0,0,2,-2,0,1,-1,0,0.71,-0.71,0,2.47,-2.47,4,0,4
401326548,2021,REG,15,2021-12-19,Sunday,16:05,CIN,DEN,15,10,Home,7,7,140,-155,3.0,-110,-101,45.0,-123,110,0,outdoors,grass,61.0,19.0,00-0036442,00-0031237,Joe Burrow,Teddy Bridgewater,Zac Taylor,Vic Fangio,DEN00,Empower Field at Mile High,0.419,0.581,140,-145,+3-115,-2½-110,57.892,0.6066,0.3902,0.0031,18.37,25.63,44.0,3.634,-3.634,0.478,1.619,44.0,-3.0,3.0,Grass,Clear Day,61.0,,,4.66,281.0,-5,25,0,-8.0,LOSS,UNDER,0.2547231132540709,-0.1315349561989933,0.5384615384615384,0.4516129032258064,5.507692307692308,5.096774193548387,4.222222222222222,1.1111111111111112,1.0,0.25,0.1302086452846057,0.6666666666666666,0.1146938140186029,0.1170057898881067,0.40625,0.4202898550724637,6.21875,5.144927536231884,1.9166666666666667,2.0,0.3333333333333333,0.6,0.1607907988002989,0.3076923076923077,0.14002929923546797,-0.2485407460871,0.13221153846153844,0.03132304815334269,-0.7110576923076923,-0.0481533426834968,2.3055555555555554,-0.8888888888888888,0.6666666666666667,-0.35,-0.030582153515693183,0.3589743589743589,0.3423694003677855,4.454859733581543,7.44,0.0384615384615384,0.0,0.0,0.2782549130921848,5.468755697502809,8.558823529411764,0.1282051282051282,0.0,0.0256410256410256,0.0641144872756007,-1.0138959639212661,-1.118823529411764,-0.08974358974358979,0.0,-0.0256410256410256,0,1093.0,2.0,1,0,0,0,0,2,-2,2,0,2,7,4,3,0,2,-2,0,2,-2,0,0,0,0,1,-1,0,0,0,0,1,-1,0,0,0,0,0.66,-0.66,0,0.28,-0.28,3,0,3
401326549,2021,REG,15,2021-12-19,Sunday,16:05,ATL,SF,13,31,Home,7,7,319,-380,9.5,-114,102,48.0,-106,-105,0,outdoors,grass,46.0,0.0,00-0026143,00-0031345,Matt Ryan,Jimmy Garoppolo,Arthur Smith,Kyle Shanahan,SFO01,Levi's Stadium,0.289,0.711,330,-380,+9-110,-8½-110,49.203,0.7664,0.2317,0.0018,13.59,32.91,46.5,9.656,-9.656,4.407,-5.502,46.5,-9.5,9.5,Grass,Partly Cloudy Day,48.37,,,4.32,215.0,18,44,1,8.5,WIN,UNDER,0.1170057898881067,0.1146938140186029,0.4202898550724637,0.40625,5.144927536231884,6.21875,2.0,1.9166666666666667,0.6,0.3333333333333333,0.1865507478467003,0.3333333333333333,0.0367203544987329,-0.1751227579999625,0.365079365079365,0.4838709677419355,5.079365079365079,5.387096774193548,2.090909090909091,2.1,0.4,1.0,-0.1292045789596159,0.5,0.0802854353893738,0.28981657201856537,0.05521048999309869,-0.0776209677419355,0.06556245686680473,0.831653225806452,-0.09090909090909083,-0.18333333333333335,0.19999999999999996,-0.6666666666666667,0.31575532680631624,-0.16666666666666669,0.1465789340427983,7.460293616797473,8.804878048780488,0.108695652173913,0.0,0.0217391304347826,0.1793532696234143,8.379148774676853,7.571428571428571,0.0,0.0,0.0,-0.032774335580616015,-0.9188551578793804,1.2334494773519165,0.108695652173913,0.0,0.0217391304347826,0,2112.2,3.0,1,0,0,0,3,1,2,1,0,1,3,1,2,1,1,0,1,1,0,0,0,0,0,0,0,1,0,1,0,0,0,0,1,-1,0.84,0,0.84,0.58,0.09,0.49,2,2,0
401326543,2021,REG,15,2021-12-19,Sunday,16:25,GB,BAL,31,30,Home,7,7,-354,299,-9.5,104,-116,45.5,-109,-102,0,outdoors,grass,43.0,11.0,00-0023459,00-0035993,Aaron Rodgers,Tyler Huntley,Matt LaFleur,John Harbaugh,BAL00,M&T Bank Stadium,0.508,0.492,-360,320,-8-110,+9½-110,66.157,0.3762,0.6207,0.003,25.87,17.63,43.5,-4.119,4.119,-1.314,5.281,43.5,7.0,-7.0,Grass,Clear Day,41.47,,,11.22,348.0,-1,61,0,8.5,WIN,OVER,-0.104784894680608,-0.0690366127584661,0.463768115942029,0.3898305084745763,5.63768115942029,4.9491525423728815,1.6923076923076923,1.2857142857142858,0.6666666666666666,0.6666666666666666,-0.0296245071455385,0.0833333333333333,0.3211549101465409,-0.1284481384253692,0.5806451612903226,0.3620689655172414,7.096774193548387,5.982758620689655,3.0,1.8461538461538465,0.7142857142857143,0.5,0.3309295836290545,0.4,-0.4259398048271489,0.059411525666903095,-0.11687704534829363,0.027761542957334906,-1.459093034128097,-1.0336060783167733,-1.3076923076923077,-0.5604395604395607,-0.04761904761904767,0.16666666666666663,-0.360554090774593,-0.3166666666666667,-0.1070046422461764,8.676986810233858,7.7894736842105265,0.073170731707317,0.0,0.048780487804878,0.3961309279515183,17.14767975466592,6.837837837837838,0.075,0.0,0.0,-0.5031355701976947,-8.470692944432061,0.9516358463726888,-0.0018292682926829978,0.0,0.048780487804878,0,689.3,1.0,0,1,0,0,1,3,-2,1,1,0,8,2,6,1,1,0,1,2,-1,0,0,0,1,1,0,0,0,0,0,0,0,0,0,0,1,0.46,0.54,0,0,0,1,0,1
401326551,2021,REG,15,2021-12-19,Sunday,20:20,NO,TB,9,0,Home,7,7,417,-518,11.5,-101,-110,45.5,-101,-110,1,outdoors,grass,75.0,0.0,00-0033357,00-0019596,Taysom Hill,Tom Brady,Sean Payton,Bruce Arians,TAM00,Raymond James Stadium,0.236,0.764,480,-550,+12-110,-11½-110,69.387,0.7565,0.2415,0.0019,13.51,31.99,45.5,9.236,-9.236,8.245,1.264,45.5,-11.5,11.5,Grass,Partly Cloudy Night,72.88,4%,Rain,3.96,292.0,-9,9,0,-20.5,LOSS,UNDER,0.1701894970660547,0.0756080256547657,0.48,0.4868421052631579,6.533333333333333,6.131578947368421,2.357142857142857,2.076923076923077,0.6,0.6,0.0984240975501899,0.5,0.1486992368568992,-0.3330136134107164,0.4705882352941176,0.2580645161290322,5.0588235294117645,4.129032258064516,2.727272727272727,0.75,0.5,0.0,0.0249767114347867,0.4,0.02149026020915551,0.4086216390654821,0.009411764705882397,0.22877758913412571,1.4745098039215687,2.0025466893039052,-0.37012987012986986,1.326923076923077,0.09999999999999998,0.6,0.07344738611540319,0.09999999999999998,0.2084154546408995,-2.182419533314912,7.543478260869565,0.0416666666666666,0.0,0.0,0.158085148958409,-1.3436023678098403,4.380952380952381,0.125,0.0,0.0416666666666666,0.0503303056824905,-0.8388171655050718,3.162525879917184,-0.0833333333333334,0.0,-0.0416666666666666,0,477.9,1.0,0,1,0,0,1,3,-2,1,0,1,3,2,1,1,3,-2,1,3,-2,0,0,0,0,2,-2,0,1,-1,0,0,0,1,0,1,0,2.26,-2.26,0.22,0,0.22,0,7,-7
401326539,2021,REG,15,2021-12-20,Monday,17:00,LV,CLE,16,14,Home,7,7,-147,131,-3.0,-102,-109,41.0,-100,-111,0,outdoors,grass,40.0,8.0,00-0031280,00-0033319,Derek Carr,Nick Mullens,Rich Bisaccia,Kevin Stefanski,CLE00,FirstEnergy Stadium,0.511,0.489,-135,130,-2½-110,+2½-105,39.247,0.622,0.3749,0.003,16.59,24.92,41.5,4.165,-4.165,-1.087,-2.433,41.5,2.5,-2.5,Grass,Clear Night,40.94,,,11.15,180.0,-2,30,0,1.0,WIN,UNDER,-0.0690366127584661,-0.104784894680608,0.3898305084745763,0.463768115942029,4.9491525423728815,5.63768115942029,1.2857142857142858,1.6923076923076923,0.6666666666666666,0.6666666666666666,-0.0991222835249371,0.4615384615384615,-0.2980955987856198,0.3498478394539959,0.4098360655737705,0.5740740740740741,4.754098360655738,6.925925925925926,0.9,4.2,0.5,0.7142857142857143,-0.3490782560705199,0.3636363636363636,0.2290589860271537,-0.4546327341346039,-0.020005557099194216,-0.11030595813204508,0.1950541817171434,-1.2882447665056356,0.3857142857142858,-2.5076923076923077,0.16666666666666663,-0.04761904761904767,0.2499559725455828,0.09790209790209792,,,,,,,-0.0613148483873584,5.153929563455804,4.288888888888889,0.0816326530612244,0.0204081632653061,0.0204081632653061,,,,,,,0,1829.5,3.0,0,1,0,0,3,3,0,0,0,0,2,1,1,2,2,0,3,2,1,0,0,0,0,0,0,1,1,0,0,1,-1,1,0,1,0.35,0.24,0.11,0.95,1.31,-0.36,0,4,-4
401326552,2021,REG,15,2021-12-20,Monday,20:15,MIN,CHI,17,9,Home,11,8,-320,274,-7.0,-114,102,48.0,-114,103,1,outdoors,grass,37.0,8.0,00-0029604,00-0036945,Kirk Cousins,Justin Fields,Mike Zimmer,Matt Nagy,CHI98,Soldier Field,0.67,0.33,-300,260,-7-110,+7-101,35.807,0.3614,0.6356,0.0029,28.39,19.11,47.5,-4.637,4.637,-4.483,0.988,47.5,7.0,-7.0,Grass,Partly Cloudy Night,35.43,,,7.47,268.0,-8,26,0,-1.0,LOSS,UNDER,-0.1284481384253692,0.3211549101465409,0.3620689655172414,0.5806451612903226,5.982758620689655,7.096774193548387,1.8461538461538465,3.0,0.5,0.7142857142857143,-0.0853611512518216,0.3846153846153846,0.0025212194304108,-0.0808319648833533,0.4328358208955223,0.4428571428571428,6.835820895522388,5.385714285714286,2.769230769230769,2.0,0.5714285714285714,0.6666666666666666,0.1032785079553902,0.3571428571428571,-0.13096935785578,0.4019868750298942,-0.07076685537828092,0.13778801843317984,-0.853062274832733,1.711059907834101,-0.9230769230769227,1.0,-0.0714285714285714,0.04761904761904767,-0.18863965920721182,0.027472527472527486,-0.3225200159714986,-7.297878013923764,7.787878787878788,0.0571428571428571,0.0571428571428571,0.0285714285714285,-0.3121762037346557,-18.47420267520412,11.193548387096774,0.0,0.064516129032258,0.0,-0.010343812236842886,11.176324661280354,-3.405669599217986,0.0571428571428571,-0.007373271889400894,0.0285714285714285,-3,355.4,0.0,0,1,0,0,3,0,3,2,0,2,2,2,0,1,0,1,3,0,3,0,0,0,1,0,1,0,0,0,0,0,0,0,0,0,0.21,0,0.21,0.71,0,0.71,0,7,-7
401326542,2021,REG,15,2021-12-21,Tuesday,19:00,WAS,PHI,17,27,Home,7,14,380,-465,10.0,-101,-110,39.5,-110,-101,1,outdoors,grass,42.0,7.0,00-0031395,00-0036389,Garrett Gilbert,Jalen Hurts,Ron Rivera,Nick Sirianni,PHI00,Lincoln Financial Field,0.265,0.735,385,-430,+10-110,-9½-110,43.408,0.7068,0.2908,0.0023,12.51,26.99,39.5,7.241,-7.241,0.155,-2.937,39.5,-10.0,10.0,Grass,Cloudy,40.04,2%,Rain,3.24,130.0,10,44,1,0.0,PUSH,OVER,,,,,,,,,,,,,-0.4575655357325449,-0.1441459649457827,0.3333333333333333,0.4078947368421052,3.6031746031746033,4.315789473684211,0.9333333333333332,1.4,0.6666666666666666,0.1428571428571428,-0.1969615351279369,0.2142857142857142,,,,,,,,,,,,,-0.5610766635753305,-14.27462563432496,9.64516129032258,0.032258064516129,0.0967741935483871,0.0,,,,,,,,,,,,,7,113.6,0.0,0,1,0,0,0,0,0,0,0,0,0,0,0,0,0,0,0,0,0,0,0,0,0,0,0,0,0,0,0,0,0,0,0,0,0,0,0,0,0,0,4,5,-1
401326550,2021,REG,15,2021-12-21,Tuesday,19:00,SEA,LA,10,20,Home,7,6,298,-352,7.5,-120,108,47.0,-101,-110,1,dome,matrixturf,,,00-0029263,00-0026498,Russell Wilson,Matthew Stafford,Pete Carroll,Sean McVay,LAX01,SoFi Stadium,0.299,0.701,320,-340,+7-110,-7-110,72.997,0.6788,0.3185,0.0025,17.31,29.69,47.0,6.191,-6.191,5.989,2.373,47.0,-7.0,7.0,Grass,Clear Day,65.91,,,2.18,236.0,10,30,1,2.5,WIN,UNDER,0.218224418538003,-0.0603799841007814,0.4629629629629629,0.4533333333333333,6.592592592592593,5.96,3.0,2.090909090909091,0.6,0.5,0.2140510019921098,0.5,0.3437274036939551,-0.1404754601747368,0.4655172413793103,0.4666666666666667,7.844827586206897,5.066666666666666,3.3,1.181818181818182,0.6666666666666666,0.3333333333333333,0.2530220863740066,0.5384615384615384,-0.1255029851559521,0.0800954760739554,-0.0025542784163473664,-0.013333333333333364,-1.2522349936143042,0.8933333333333335,-0.2999999999999998,0.9090909090909087,-0.06666666666666665,0.16666666666666669,-0.03897108438189678,-0.038461538461538436,0.4406076140105888,8.758894801139832,8.333333333333334,0.0909090909090909,0.0,0.0303030303030303,0.5467697769370379,-0.6723815841334204,12.821428571428571,0.0,0.0,0.0,-0.10616216292644909,9.431276385273252,-4.488095238095237,0.0909090909090909,0.0,0.0303030303030303,-1,965.1,0.0,0,1,0,0,0,0,0,0,0,0,0,0,0,0,0,0,0,0,0,0,0,0,0,0,0,0,0,0,0,0,0,0,0,0,0,0,0,0,0,0,6,2,4
401326553,2021,REG,16,2021-12-23,Thursday,20:20,SF,TEN,17,20,Home,4,4,-171,154,-3.5,108,-120,45.5,-116,104,0,outdoors,grass,48.0,7.0,00-0031345,00-0029701,Jimmy Garoppolo,Ryan Tannehill,Kyle Shanahan,Mike Vrabel,NAS00,Nissan Stadium,0.479,0.521,-175,160,-3-110,+3+100,72.136,0.4861,0.5099,0.0039,22.9,22.11,45.0,-0.395,0.395,1.585,4.407,45.0,3.5,-3.5,Grass,Clear Night,49.34,,,8.44,181.0,3,37,1,6.5,WIN,UNDER,-0.2035242872635514,-0.2421579089076804,0.4487179487179487,0.3636363636363636,4.076923076923077,3.840909090909091,1.181818181818182,1.5833333333333333,0.25,0.3333333333333333,-0.1205022326241054,0.4444444444444444,0.2881209036169948,-0.2326142914027645,0.5,0.3275862068965517,7.089285714285714,4.741379310344827,3.1,1.181818181818182,0.8,0.2,0.2655016685163395,0.5454545454545454,-0.49164519088054615,-0.009543617504915919,-0.05128205128205132,0.03605015673981188,-3.0123626373626378,-0.9004702194357366,-1.918181818181818,0.40151515151515116,-0.55,0.1333333333333333,-0.3860039011404449,-0.101010101010101,-0.2401896767679828,5.219791177660227,6.90625,0.1111111111111111,0.0277777777777777,0.0277777777777777,0.5248416919308978,11.751276384229245,5.739130434782608,0.0,0.0,0.0,-0.7650313686988806,-6.531485206569018,1.1671195652173916,0.1111111111111111,0.0277777777777777,0.0277777777777777,0,1938.3,2.0,0,1,0,0,4,4,0,0,0,0,0,1,-1,3,1,2,4,2,2,0,0,0,2,0,2,0,1,-1,1,0,1,0,0,0,1.56,0.84,0.72,0.93,0.7,0.23,5,4,1
401326554,2021,REG,16,2021-12-25,Saturday,16:30,CLE,GB,22,24,Home,6,6,343,-430,7.5,101,-112,46.5,-100,-111,0,outdoors,grass,35.0,11.0,00-0034855,00-0023459,Baker Mayfield,Aaron Rodgers,Kevin Stefanski,Matt LaFleur,GNB00,Lambeau Field,0.3,0.7,345,-400,+8-110,-7½-110,63.884,0.6862,0.3112,0.0025,17.04,29.96,47.0,6.458,-6.458,5.281,0.372,47.0,-7.5,7.5,Grass,Partly Cloudy Day,34.37,,,6.08,348.0,2,46,1,-5.5,LOSS,UNDER,0.3577284438081213,0.2085000150713221,0.5964912280701754,0.4925373134328358,6.105263157894737,5.298507462686567,3.4444444444444446,3.333333333333333,0.8,0.6666666666666666,0.3068600621154473,0.5555555555555556,-0.020026086310765,-0.0089786628347879,0.3396226415094339,0.515625,4.452830188679245,5.125,1.2727272727272727,1.6,1.0,0.5,-0.1518925634592385,0.4285714285714285,0.3777545301188863,0.21747867790611,0.2568685865607415,-0.0230876865671642,1.652432969215492,0.17350746268656714,2.171717171717172,1.733333333333333,-0.19999999999999996,0.16666666666666663,0.45875262557468577,0.1269841269841271,0.5639465352451986,13.844950833628255,9.225806451612904,0.088235294117647,0.0,0.0,-0.0584191365682598,2.9665846978464434,6.34375,0.0,0.03125,0.0,0.6223656718134584,10.878366135781812,2.882056451612904,0.088235294117647,-0.03125,0.0,0,382.2,1.0,1,0,0,0,4,1,3,0,0,0,1,2,-1,2,1,1,3,1,2,0,0,0,1,0,1,1,0,1,0,0,0,0,1,-1,0.37,0,0.37,0,0.84,-0.84,2,15,-13
401326555,2021,REG,16,2021-12-25,Saturday,20:15,IND,ARI,22,16,Home,6,6,143,-161,3.0,102,-114,48.0,-106,-105,0,closed,grass,,,00-0032950,00-0035228,Carson Wentz,Kyler Murray,Frank Reich,Kliff Kingsbury,PHO00,State Farm Stadium,0.479,0.521,150,-160,+3+100,-3-110,68.355,0.628,0.3689,0.0029,19.63,28.37,48.0,4.367,-4.367,3.688,2.217,48.0,-3.0,3.0,Dome,,,,,,,-6,38,0,-9.0,LOSS,UNDER,-0.208128337424053,0.049539305403464,0.410958904109589,0.4516129032258064,5.465753424657534,5.451612903225806,1.0909090909090908,3.0,0.2,0.75,-0.0764854492973191,0.4666666666666667,0.0027400946988546,-0.0816336323721205,0.42,0.4307692307692308,5.54,5.615384615384615,1.9090909090909087,1.7,0.4,0.5,0.1229854636602229,0.2,-0.21086843212290762,0.1311729377755845,-0.009041095890410966,0.02084367245657559,-0.0742465753424657,-0.16377171215880892,-0.8181818181818179,1.3,-0.2,0.25,-0.199470912957542,0.26666666666666666,-0.3271609694245733,-11.049367907719734,7.219512195121951,0.0454545454545454,0.0227272727272727,0.0,-0.6053091435328214,-25.48204908768336,9.333333333333334,0.0769230769230769,0.0769230769230769,0.0,0.2781481741082481,14.432681179963627,-2.1138211382113825,-0.0314685314685315,-0.0541958041958042,0.0,0,1503.4,2.0,1,0,0,0,1,2,-1,0,0,0,3,0,3,1,0,1,1,2,-1,0,0,0,0,0,0,0,0,0,1,0,1,0,0,0,0,1,-1,0.43,0.96,-0.53,3,0,3
401326556,2021,REG,16,2021-12-26,Sunday,13:00,DET,ATL,16,20,Home,7,7,309,-373,7.5,-106,-105,42.5,102,-113,0,open,fieldturf,,,00-0034177,00-0026143,Tim Boyle,Matt Ryan,Dan Campbell,Arthur Smith,ATL97,Mercedes-Benz Stadium,0.262,0.738,320,-340,+7½-110,-7½-110,13.742,0.6767,0.3206,0.0025,15.39,27.61,43.0,6.106,-6.106,-5.502,-8.675,43.0,-7.5,7.5,Dome,,,,,,,4,36,1,-3.5,LOSS,UNDER,-0.2326142914027645,0.2881209036169948,0.3275862068965517,0.5,4.741379310344827,7.089285714285714,1.181818181818182,3.1,0.2,0.8,0.0778039418108251,0.3846153846153846,0.049539305403464,-0.208128337424053,0.4516129032258064,0.410958904109589,5.451612903225806,5.465753424657534,3.0,1.0909090909090908,0.75,0.2,-0.0742290802639521,0.4615384615384615,-0.2821535968062285,0.4962492410410478,-0.12402669632925467,0.08904109589041098,-0.7102335928809786,1.62353228962818,-1.818181818181818,2.0090909090909093,-0.55,0.6000000000000001,0.1520330220747772,-0.07692307692307693,-0.1977340676022565,3.531962384780248,7.9375,0.0857142857142857,0.0,0.0285714285714285,-0.5312590023487523,-7.246493515761002,4.608695652173913,0.0,0.0869565217391304,0.0,0.3335249347464958,10.77845590054125,3.328804347826087,0.0857142857142857,-0.0869565217391304,0.0285714285714285,0,597.7,0.0,1,0,0,0,0,2,-2,1,0,1,0,7,-7,0,1,-1,0,2,-2,0,0,0,0,0,0,0,0,0,0,0,0,0,1,-1,0,0,0,0,1.03,-1.03,3,5,-2
401326557,2021,REG,16,2021-12-26,Sunday,13:00,TB,CAR,32,6,Home,7,7,-503,399,-11.5,105,-117,44.5,-113,101,1,outdoors,grass,73.0,8.0,00-0019596,00-0034869,Tom Brady,Sam Darnold,Bruce Arians,Matt Rhule,CAR00,Bank of America Stadium,0.696,0.304,-450,415,-10½-110,+10½-110,65.004,0.2599,0.7379,0.002,30.71,13.79,44.5,-8.459,8.459,-3.815,8.245,44.5,11.0,-11.0,Grass,Clear Day,73.3,,,3.82,311.0,-26,38,0,-14.5,LOSS,UNDER,-0.1940942128306089,0.1139322338911831,0.3835616438356164,0.4603174603174603,3.7945205479452055,4.984126984126984,1.2727272727272727,2.583333333333333,0.6666666666666666,0.8,-0.1405483843611401,0.4117647058823529,-0.3013255428070786,-0.2879887882100035,0.3561643835616438,0.3333333333333333,4.136986301369863,3.533333333333333,0.0,0.6923076923076923,,0.0,-0.0850506224702463,0.3157894736842105,0.10723132997646967,0.40192102210118663,0.0273972602739726,0.12698412698412698,-0.3424657534246571,1.450793650793651,1.2727272727272727,1.8910256410256407,,0.8,-0.05549776189089378,0.09597523219814241,-0.7206713519277583,-14.503077494687048,5.545454545454546,0.0294117647058823,0.088235294117647,0.0294117647058823,-0.3152157603206807,-14.404374671479069,8.3125,0.0769230769230769,0.0192307692307692,0.0,-0.4054555916070776,-0.0987028232079794,-2.767045454545454,-0.047511312217194596,0.06900452488687779,0.0294117647058823,0,510.2,0.0,0,1,0,0,0,2,-2,0,1,-1,3,2,1,0,2,-2,0,2,-2,0,0,0,0,0,0,0,1,-1,0,0,0,0,1,-1,0,0.23,-0.23,0,1,-1,4,3,1
401326558,2021,REG,16,2021-12-26,Sunday,13:00,BAL,CIN,21,41,Home,7,7,306,-369,7.5,-102,-109,43.0,102,-114,1,outdoors,fieldturf,52.0,0.0,00-0026300,00-0036442,Josh Johnson,Joe Burrow,John Harbaugh,Zac Taylor,CIN00,Paul Brown Stadium,0.355,0.645,304,-340,+7½-110,-7½-110,50.955,0.604,0.3928,0.0031,18.21,25.29,43.5,3.537,-3.537,1.619,-1.314,43.5,-7.5,7.5,Turf,Partly Cloudy Day,52.51,,,2.1,80.0,20,62,1,12.5,WIN,OVER,-0.0342938683867648,-0.1588979265556866,0.3529411764705882,0.4225352112676056,4.901960784313726,4.112676056338028,1.25,0.9090909090909092,0.3333333333333333,0.5,0.0022657155753597,0.3076923076923077,0.2085000150713221,0.3577284438081213,0.4925373134328358,0.5964912280701754,5.298507462686567,6.105263157894737,3.333333333333333,3.4444444444444446,0.6666666666666666,0.8,0.1980088146525787,0.5384615384615384,-0.2427938834580869,-0.5166263703638079,-0.1395961369622476,-0.17395601680256978,-0.3965466783728413,-1.9925871015567092,-2.083333333333333,-2.5353535353535355,-0.3333333333333333,-0.30000000000000004,-0.19574309907721898,-0.23076923076923073,-0.2201540913096902,1.6485990512938726,7.318181818181818,0.1153846153846153,0.0,0.0,0.3355742375018647,-2.972134729711021,8.121951219512194,0.0465116279069767,0.0232558139534883,0.0,-0.5557283288115549,4.620733781004894,-0.803769401330376,0.06887298747763859,-0.0232558139534883,0.0,0,422.8,0.0,1,0,0,0,1,1,0,0,2,-2,3,7,-4,1,1,0,1,1,0,0,0,0,0,1,-1,0,0,0,1,0,1,0,0,0,0,1,-1,0.28,0,0.28,4,7,-3
401326559,2021,REG,16,2021-12-26,Sunday,13:00,LAC,HOU,29,41,Home,10,7,-661,500,-13.5,102,-114,46.0,-108,-103,0,closed,astroturf,,,00-0036355,00-0036898,Justin Herbert,Davis Mills,Brandon Staley,David Culley,HOU00,NRG Stadium,0.77,0.23,-600,550,-13-110,+13½-110,26.038,0.2019,0.7964,0.0016,33.74,11.76,45.5,-10.988,10.988,-8.598,1.79,45.5,13.0,-13.0,Dome,,,,,,,12,70,1,25.5,WIN,OVER,-0.0179844205257079,-0.0760217419014704,0.3508771929824561,0.3846153846153846,4.9298245614035086,4.553846153846154,2.727272727272727,1.4545454545454546,0.75,0.25,-0.267112191143775,0.5555555555555556,-0.0164075397113218,0.1672044048292239,0.4743589743589743,0.4776119402985074,5.487179487179487,7.417910447761194,2.5454545454545454,3.090909090909091,0.5714285714285714,0.5,0.0790612816471063,0.4615384615384615,-0.0015768808143860995,-0.24322614673069431,-0.12348178137651816,-0.09299655568312282,-0.5573549257759787,-2.8640642939150407,0.18181818181818166,-1.6363636363636362,0.1785714285714286,-0.25,-0.3461734727908813,0.09401709401709407,0.1130151752676234,-2.1661172310511265,7.033333333333333,0.032258064516129,0.032258064516129,0.0,-0.0979106163699486,-5.835494647423428,8.605263157894736,0.0,0.0263157894736842,0.0,0.21092579163757202,3.669377416372302,-1.571929824561403,0.032258064516129,0.005942275042444798,0.0,-3,1375.0,2.0,0,1,0,0,1,1,0,0,0,0,1,1,0,0,0,0,0,1,-1,0,0,0,0,0,0,0,0,0,0,0,0,0,0,0,0,0.03,-0.03,0,0,0,10,4,6
401326560,2021,REG,16,2021-12-26,Sunday,13:00,LA,MIN,30,23,Home,7,6,-177,158,-3.5,-103,-108,48.5,-100,-111,0,dome,sportturf,,,00-0026498,00-0029604,Matthew Stafford,Kirk Cousins,Sean McVay,Mike Zimmer,MIN01,U.S. Bank Stadium,0.518,0.482,-170,164,-3-110,+3½-110,76.872,0.4236,0.5729,0.0034,26.74,21.77,48.5,-2.485,2.485,0.988,5.989,48.5,3.0,-3.0,Dome,,,,,,,-7,53,0,-3.5,LOSS,OVER,-0.0952188161564681,-0.1624980265958286,0.35,0.4492753623188406,3.216666666666667,5.36231884057971,1.4166666666666667,0.8181818181818182,0.6666666666666666,0.2,-0.1820415589394369,0.2941176470588235,-0.0830067677504273,-0.2265942292893519,0.3728813559322034,0.3962264150943396,5.677966101694915,4.037735849056604,1.818181818181818,1.0,0.6666666666666666,0.5,-0.1427033256268655,0.5,-0.012212048406040801,0.06409620269352331,-0.022881355932203418,0.053048947224500986,-2.4612994350282484,1.3245829915231058,-0.40151515151515116,-0.18181818181818177,0.0,-0.3,-0.03933823331257141,-0.20588235294117652,-0.2459414680604997,-3.923179480162534,11.791666666666666,0.1481481481481481,0.037037037037037,0.037037037037037,-0.0740384636094059,-0.2498104654509445,7.931034482758621,0.1212121212121212,0.0303030303030303,0.0,-0.1719030044510938,-3.6733690147115894,3.860632183908045,0.02693602693602691,0.0067340067340067,0.037037037037037,-1,1530.1,2.0,0,1,0,0,0,0,0,0,0,0,2,1,1,0,0,0,0,0,0,0,0,0,0,0,0,0,0,0,0,0,0,0,0,0,0,0,0,0,0,0,5,5,0
401326561,2021,REG,16,2021-12-26,Sunday,13:00,BUF,NE,33,21,Home,7,7,102,-114,1.0,-106,-105,43.5,-105,-106,1,outdoors,fieldturf,38.0,13.0,00-0034857,00-0036972,Josh Allen,Mac Jones,Sean McDermott,Bill Belichick,BOS00,Gillette Stadium,0.486,0.514,-105,-110,+1-110,+0-110,93.637,0.4802,0.5158,0.0038,22.34,21.16,43.5,-0.589,0.589,4.991,8.594,43.5,-1.0,1.0,Turf,Partly Cloudy Day,38.04,8%,Rain,10.22,318.0,-12,54,0,-13.0,LOSS,OVER,-0.0816336323721205,0.0027400946988546,0.4307692307692308,0.42,5.615384615384615,5.54,1.7,1.9090909090909087,0.5,0.4,0.0784747880955345,0.4,0.1139322338911831,-0.1940942128306089,0.4603174603174603,0.3835616438356164,4.984126984126984,3.7945205479452055,2.583333333333333,1.2727272727272727,0.8,0.6666666666666666,-0.0767975931430555,0.4285714285714285,-0.19556586626330358,0.19683430752946351,-0.0295482295482295,0.03643835616438357,0.6312576312576308,1.7454794520547945,-0.8833333333333331,0.636363636363636,-0.30000000000000004,-0.2666666666666666,0.15527238123859,-0.02857142857142847,-0.0164548245082811,-4.482229799032211,10.622222222222222,0.0217391304347826,0.0434782608695652,0.0,0.1813356707889061,-3.6301913761323497,8.794117647058824,0.1052631578947368,0.0263157894736842,0.0263157894736842,-0.1977904952971872,-0.8520384228998616,1.8281045751633975,-0.08352402745995419,0.017162471395881004,-0.0263157894736842,0,386.4,0.0,0,1,0,0,3,0,3,0,0,0,8,1,7,1,0,1,2,0,2,0,0,0,0,0,0,1,0,1,0,0,0,0,0,0,0.93,0,0.93,0,0,0,0,5,-5
401326562,2021,REG,16,2021-12-26,Sunday,13:00,JAX,NYJ,21,26,Home,7,7,114,-125,2.5,-111,100,42.5,106,-118,0,outdoors,fieldturf,47.0,0.0,00-0036971,00-0037013,Trevor Lawrence,Zach Wilson,Darrell Bevell,Robert Saleh,NYC01,MetLife Stadium,0.392,0.608,120,-130,+2½-110,-2-110,4.574,0.5244,0.4718,0.0037,20.63,22.37,43.0,0.871,-0.871,-8.791,-8.536,43.0,-2.0,2.0,Turf,Clear Day,48.97,,,11.42,324.0,5,47,1,2.5,WIN,OVER,-0.1726038058369747,-0.0258974008801227,0.3888888888888889,0.4776119402985074,4.222222222222222,5.701492537313433,1.5,2.3846153846153846,0.5,0.8,-0.1337850170218319,0.2727272727272727,-0.0760217419014704,-0.0179844205257079,0.3846153846153846,0.3508771929824561,4.553846153846154,4.9298245614035086,1.4545454545454546,2.727272727272727,0.25,0.75,0.0372845571813134,0.2142857142857142,-0.09658206393550431,-0.007912980354414803,0.004273504273504314,0.12673474731605128,-0.33162393162393133,0.7716679759099243,0.045454545454545414,-0.3426573426573425,0.25,0.050000000000000044,-0.1710695742031453,0.05844155844155852,-0.401378903186228,-12.857785111381894,5.521739130434782,0.2068965517241379,0.0,0.0344827586206896,-0.1270939332058956,-7.78416461414761,7.081081081081081,0.075,0.0,0.0,-0.27428496998033236,-5.073620497234284,-1.5593419506462984,0.1318965517241379,0.0,0.0344827586206896,0,839.4,0.0,0,1,0,0,1,0,1,1,0,1,5,2,3,1,0,1,1,0,1,0,0,0,0,0,0,0,0,0,0,0,0,1,0,1,0,0,0,0.45,0,0.45,2,4,-2
401326563,2021,REG,16,2021-12-26,Sunday,13:00,NYG,PHI,10,34,Home,7,7,416,-529,11.0,-108,-103,41.0,-105,-106,1,outdoors,grass,53.0,9.0,00-0036197,00-0036389,Jake Fromm,Jalen Hurts,Joe Judge,Nick Sirianni,PHI00,Lincoln Financial Field,0.205,0.795,460,-500,+11-110,-10½-110,33.688,0.6874,0.31,0.0024,14.0,27.0,41.0,6.499,-6.499,0.155,-7.894,41.0,-11.0,11.0,Grass,Clear Day,53.26,,,8.76,305.0,24,44,1,13.0,WIN,OVER,0.1227421768401603,-0.1297892265868725,0.5142857142857142,0.3703703703703703,7.414285714285715,4.388888888888889,2.7,1.5454545454545454,0.5,0.6666666666666666,0.1386965162930374,0.5384615384615384,-0.3137662558333157,0.0295891926416896,0.360655737704918,0.4705882352941176,4.950819672131147,4.838235294117647,0.6,1.9090909090909087,0.0,0.4,-0.3162048895279771,0.4285714285714285,0.436508432673476,-0.1593784192285621,0.15362997658079625,-0.10021786492374729,2.4634660421545673,-0.44934640522875746,2.1,-0.3636363636363633,0.5,0.2666666666666666,0.45490140582101446,0.10989010989010994,0.2073402631968341,11.264994855110462,9.038461538461538,0.1034482758620689,0.0344827586206896,0.0344827586206896,-0.0480463912423986,-5.2840399245421095,10.25,0.0769230769230769,0.0,0.0,0.2553866544392327,16.549034779652573,-1.2115384615384617,0.026525198938991995,0.0344827586206896,0.0344827586206896,0,85.4,0.0,1,0,0,0,0,3,-3,0,0,0,0,4,-4,0,0,0,0,2,-2,0,0,0,0,0,0,0,0,0,0,0,0,0,0,0,0,0.25,-0.25,0,0,0,0,3,-3
401326564,2021,REG,16,2021-12-26,Sunday,16:05,CHI,SEA,25,24,Home,6,7,268,-313,7.0,-103,-108,41.0,-109,-102,0,outdoors,fieldturf,25.0,11.0,00-0029567,00-0029263,Nick Foles,Russell Wilson,Matt Nagy,Pete Carroll,SEA00,Lumen Field,0.235,0.765,260,-300,+7-110,-7-110,46.378,0.7259,0.2718,0.0021,12.52,28.48,41.0,7.977,-7.977,2.373,-4.483,41.0,-7.0,7.0,Turf,Cloudy,23.6,17%,Snow,10.86,341.0,-1,49,0,-8.0,LOSS,OVER,-0.2265942292893519,-0.0830067677504273,0.3962264150943396,0.3728813559322034,4.037735849056604,5.677966101694915,1.0,1.818181818181818,0.5,0.6666666666666666,-0.0401340967240152,0.2727272727272727,-0.1624980265958286,-0.0952188161564681,0.4492753623188406,0.35,5.36231884057971,3.216666666666667,0.8181818181818182,1.4166666666666667,0.2,0.6666666666666666,-0.0674327734523103,0.1666666666666666,-0.06409620269352331,0.012212048406040801,-0.053048947224500986,0.022881355932203418,-1.3245829915231058,2.4612994350282484,0.18181818181818177,0.40151515151515116,0.3,0.0,0.0272986767282951,0.1060606060606061,-0.3415512358446884,-3.261537104845047,13.193548387096774,0.088235294117647,0.0294117647058823,0.0,,,,,,,,,,,,,1,1734.0,2.0,1,0,0,0,1,4,-3,0,0,0,1,3,-2,0,3,-3,0,4,-4,0,0,0,0,1,-1,0,1,-1,0,0,0,0,1,-1,0,1.35,-1.35,0,0.31,-0.31,4,5,-1
401326565,2021,REG,16,2021-12-26,Sunday,16:25,PIT,KC,10,36,Home,7,10,328,-400,10.5,-114,102,44.0,-103,-109,0,outdoors,grass,60.0,22.0,00-0022924,00-0033873,Ben Roethlisberger,Patrick Mahomes,Mike Tomlin,Andy Reid,KAN00,GEHA Field at Arrowhead Stadium,0.212,0.788,365,-420,+10-110,-10-110,56.755,0.7555,0.2424,0.0019,13.07,31.43,44.5,9.184,-9.184,6.216,-1.471,44.5,-10.0,10.0,Grass,Partly Cloudy Day,61.15,,,7.44,128.0,26,46,1,15.5,WIN,OVER,0.1672044048292239,-0.0164075397113218,0.4776119402985074,0.4743589743589743,7.417910447761194,5.487179487179487,3.090909090909091,2.5454545454545454,0.5,0.5714285714285714,0.1602315465548869,0.5833333333333334,-0.2421579089076804,-0.2035242872635514,0.3636363636363636,0.4487179487179487,3.840909090909091,4.076923076923077,1.5833333333333333,1.181818181818182,0.3333333333333333,0.25,-0.0967321164149811,0.1818181818181818,0.40936231373690435,0.1871167475522296,0.11397557666214381,0.025641025641025605,3.5770013568521035,1.4102564102564106,1.5075757575757576,1.3636363636363633,0.16666666666666669,0.3214285714285714,0.256963662969868,0.4015151515151516,0.1944345843124043,-0.9988990094926622,6.361702127659575,0.0208333333333333,0.0208333333333333,0.0208333333333333,-0.2732104833647718,-7.275545835494995,4.72,0.1071428571428571,0.0,0.0,0.46764506767717606,6.276646826002333,1.641702127659575,-0.0863095238095238,0.0208333333333333,0.0208333333333333,3,773.8,1.0,1,0,0,0,0,4,-4,0,0,0,3,0,3,0,3,-3,0,4,-4,0,0,0,0,0,0,0,1,-1,0,1,-1,0,0,0,0,0.45,-0.45,0,0.79,-0.79,1,2,-1
401326566,2021,REG,16,2021-12-26,Sunday,16:25,DEN,LV,13,17,Home,7,7,-109,-102,-1.0,-101,-110,42.0,-113,101,1,dome,grass,,,00-0035704,00-0031280,Drew Lock,Derek Carr,Vic Fangio,Rich Bisaccia,VEG00,Allegiant Stadium,0.419,0.581,-105,-110,+1-110,+0-110,38.5,0.4558,0.5404,0.0036,22.15,19.35,41.5,-1.404,1.404,-2.433,-0.455,41.5,1.0,-1.0,Turf,,,,,,,4,30,1,5.0,WIN,UNDER,-0.0089786628347879,-0.020026086310765,0.515625,0.3396226415094339,5.125,4.452830188679245,1.6,1.2727272727272727,0.5,1.0,-0.0992480058316141,0.4615384615384615,-0.1588979265556866,-0.0342938683867648,0.4225352112676056,0.3529411764705882,4.112676056338028,4.901960784313726,0.9090909090909092,1.25,0.5,0.3333333333333333,-0.1274714955016625,0.4375,0.1499192637208987,0.0142677820759998,0.09308978873239437,-0.013318534961154316,1.012323943661972,-0.44913059563448066,0.6909090909090909,0.022727272727272707,0.0,0.6666666666666667,0.02822348967004841,0.02403846153846151,-0.0263368544809732,2.298285315434138,8.710526315789474,0.0512820512820512,0.0256410256410256,0.0256410256410256,0.2008954414318745,-6.342565019925435,14.0,0.0769230769230769,0.0,0.0,-0.2272322959128477,8.640850335359573,-5.289473684210526,-0.025641025641025703,0.0256410256410256,0.0256410256410256,0,608.3,1.0,1,0,0,0,1,2,-1,1,0,1,3,7,-4,1,2,-1,1,2,-1,0,1,-1,0,0,0,0,0,0,0,1,-1,1,0,1,0,0.57,-0.57,0.8,0.49,0.31,0,1,-1
401326567,2021,REG,16,2021-12-26,Sunday,20:20,WAS,DAL,14,56,Home,7,7,367,-457,10.5,-113,101,45.5,101,-112,1,closed,matrixturf,,,00-0031800,00-0033077,Taylor Heinicke,Dak Prescott,Ron Rivera,Mike McCarthy,DAL00,AT&T Stadium,0.235,0.765,374,-430,+10-110,-10-110,52.773,0.7509,0.2471,0.0019,14.01,31.99,46.0,8.988,-8.988,5.383,-2.937,46.0,-10.0,10.0,Dome,,,,,,,42,70,1,31.5,WIN,OVER,0.0295891926416896,-0.3137662558333157,0.4705882352941176,0.360655737704918,4.838235294117647,4.950819672131147,1.9090909090909087,0.6,0.4,0.0,0.0066989903073826,0.5714285714285714,-0.1297892265868725,0.1227421768401603,0.3703703703703703,0.5142857142857142,4.388888888888889,7.414285714285715,1.5454545454545454,2.7,0.6666666666666666,0.5,-0.0891480250014865,0.4615384615384615,0.1593784192285621,-0.436508432673476,0.10021786492374729,-0.15362997658079625,0.44934640522875746,-2.4634660421545673,0.3636363636363633,-2.1,-0.2666666666666666,-0.5,0.0958470153088691,0.10989010989010989,0.008860218174136,7.003465697572038,6.135135135135135,0.075,0.0,0.025,-0.825597426516871,-17.627422332763672,11.0,0.1379310344827586,0.0344827586206896,0.0344827586206896,0.8344576446910069,24.63088803033571,-4.864864864864865,-0.0629310344827586,-0.0344827586206896,-0.009482758620689598,0,1207.4,1.0,1,0,0,0,1,4,-3,0,0,0,1,2,-1,1,2,-1,1,4,-3,0,0,0,1,0,1,0,0,0,0,0,0,0,2,-2,0.76,0,0.76,0,1.2,-1.2,2,7,-5
401326568,2021,REG,16,2021-12-27,Monday,20:15,MIA,NO,20,3,Home,8,8,-160,143,-3.0,-110,-101,37.5,-105,-106,0,dome,sportturf,,,00-0036212,00-0036929,Tua Tagovailoa,Ian Book,Brian Flores,Sean Payton,NOR00,Mercedes-Benz Superdome,0.423,0.577,-160,155,-3-110,+3-105,49.932,0.6262,0.3708,0.0029,14.45,23.05,37.5,4.303,-4.303,1.264,-1.285,37.5,3.0,-3.0,Dome,,,,,,,-17,23,0,-14.0,LOSS,UNDER,-0.2879887882100035,-0.3013255428070786,0.3333333333333333,0.3561643835616438,3.533333333333333,4.136986301369863,0.6923076923076923,0.0,0.0,,-0.1978037423197582,0.1875,-0.0258974008801227,-0.1726038058369747,0.4776119402985074,0.3888888888888889,5.701492537313433,4.222222222222222,2.3846153846153846,1.5,0.8,0.5,-0.0703300867557677,0.4166666666666667,-0.2620913873298808,-0.12872173697010386,-0.14427860696517408,-0.03272450532724508,-2.1681592039800996,-0.08523592085235965,-1.6923076923076923,-1.5,-0.8,,-0.12747365556399048,-0.22916666666666669,,,,,,,-0.0628261356112482,1.638786380107586,9.37037037037037,0.0357142857142857,0.0714285714285714,0.0,,,,,,,0,660.7,1.0,1,0,0,0,0,0,0,0,0,0,3,0,3,0,0,0,0,0,0,0,0,0,0,0,0,0,0,0,0,0,0,0,0,0,0,0,0,0,0,0,0,0,0
401326569,2021,REG,17,2022-01-02,Sunday,13:00,ATL,BUF,15,29,Home,7,7,625,-871,14.0,-101,-111,46.5,-103,-108,0,outdoors,a_turf,26.0,11.0,00-0026143,00-0034857,Matt Ryan,Josh Allen,Arthur Smith,Sean McDermott,BUF00,New Era Field,0.185,0.815,750,-1000,+14-110,-14-110,51.1,0.8754,0.1235,0.0009,7.76,38.24,46.0,15.24,-15.24,8.594,-5.502,46.0,-14.0,14.0,Turf,Cloudy,24.99,8%,Snow,14.51,344.0,14,44,1,0.0,PUSH,UNDER,0.3098488740729307,0.0926754345118145,0.5405405405405406,0.45,5.797297297297297,4.8,3.6666666666666665,2.625,0.5714285714285714,1.0,0.2328978121079496,0.5,0.0835839246910538,0.0852605573008881,0.4318181818181818,0.4264705882352941,5.795454545454546,4.970588235294118,2.5,2.0,1.0,0.2,0.1985186396033636,0.25,0.2262649493818769,0.007414877210926388,0.10872235872235875,0.02352941176470591,0.001842751842751511,-0.17058823529411793,1.1666666666666665,0.625,-0.4285714285714286,0.8,0.034379172504586,0.25,0.4297089903858133,4.663865580115208,6.617021276595745,0.0,0.0,0.0,0.3138291124539358,9.006221456961198,7.458333333333333,0.1111111111111111,0.0,0.0,0.11587987793187748,-4.34235587684599,-0.8413120567375882,-0.1111111111111111,0.0,0.0,0,693.1,0.0,0,1,0,0,0,0,0,0,1,-1,2,0,2,0,0,0,0,0,0,0,0,0,0,0,0,0,0,0,0,0,0,0,0,0,0,0,0,0,0,0,3,3,0
401326570,2021,REG,17,2022-01-02,Sunday,13:00,NYG,CHI,3,29,Home,7,7,245,-287,7.0,-115,104,36.5,-102,-109,0,outdoors,grass,25.0,13.0,00-0030520,00-0027973,Mike Glennon,Andy Dalton,Joe Judge,Matt Nagy,CHI98,Soldier Field,0.385,0.615,240,-280,+6½-110,-6½-110,20.049,0.6171,0.3798,0.003,14.27,22.23,36.5,3.983,-3.983,-3.967,-7.894,36.5,-6.5,6.5,Grass,Cloudy,25.54,9%,Snow,13.71,343.0,26,32,1,19.0,WIN,UNDER,0.073711431019396,0.1544014191042675,0.4492753623188406,0.3962264150943396,4.63768115942029,6.245283018867925,2.272727272727273,2.4,0.6,0.6,0.0384901205680388,0.5,-0.3596878216998941,0.0224415599897877,0.3287671232876712,0.4,2.6301369863013697,5.4,0.7692307692307693,2.1538461538461537,1.0,0.4285714285714285,-0.5888186003522052,0.4,0.43339925271929014,0.1319598591144798,0.12050823903116936,-0.003773584905660432,2.0075441731189203,0.8452830188679243,1.5034965034965038,0.24615384615384617,-0.4,0.17142857142857149,0.627308720920244,0.09999999999999998,-0.3400358410781715,-5.638889595866203,5.7073170731707314,0.0666666666666666,0.0888888888888888,0.0,-0.1797779766838411,-0.2568522691726682,5.296296296296297,0.0,0.037037037037037,0.0,-0.16025786439433037,-5.382037326693535,0.4110207768744347,0.0666666666666666,0.051851851851851795,0.0,0,705.5,1.0,1,0,0,0,0,3,-3,1,1,0,5,4,1,0,1,-1,0,2,-2,0,0,0,0,0,0,0,1,-1,0,0,0,0,0,0,0,0.78,-0.78,0,0,0,6,6,0
401326571,2021,REG,17,2022-01-02,Sunday,13:00,KC,CIN,31,34,Home,7,7,-178,157,-3.5,-103,-108,51.0,-102,-110,0,outdoors,fieldturf,33.0,13.0,00-0033873,00-0036442,Patrick Mahomes,Joe Burrow,Andy Reid,Zac Taylor,CIN00,Paul Brown Stadium,0.578,0.422,-180,170,-3½-110,+4-110,80.045,0.3859,0.6109,0.0031,29.27,21.73,51.0,-3.771,3.771,1.619,6.216,51.0,3.5,-3.5,Turf,Cloudy,31.4,,,8.93,341.0,3,65,1,6.5,WIN,OVER,0.499135580170028,0.0986007893802148,0.4927536231884058,0.4736842105263157,8.347826086956522,5.859649122807017,4.555555555555555,2.333333333333333,0.625,1.0,0.2942327856757114,0.5,0.2263228236552978,-0.2797606140157428,0.4925373134328358,0.4202898550724637,5.686567164179104,4.391304347826087,3.6,0.9090909090909092,0.5714285714285714,0.25,0.2322645489925476,0.3636363636363636,0.27281275651473025,0.3783614033959576,0.00021630975557002108,0.053394355453852016,2.6612589227774173,1.4683447749809302,0.9555555555555553,1.4242424242424239,0.0535714285714286,0.75,0.061968236683163785,0.1363636363636364,0.6624967143445271,14.204991835614909,8.326086956521738,0.0612244897959183,0.0,0.0,0.4966558590638859,15.115441227781362,8.466666666666667,0.0625,0.0,0.03125,0.1658408552806412,-0.9104493921664538,-0.14057971014492843,-0.0012755102040817035,0.0,-0.03125,0,534.4,1.0,0,1,0,0,2,0,2,0,0,0,1,1,0,0,0,0,2,0,2,0,0,0,0,0,0,0,0,0,0,0,0,0,0,0,0,0,0,0,0,0,3,4,-1
401326573,2021,REG,17,2022-01-02,Sunday,13:00,LV,IND,23,20,Home,7,8,325,-397,8.5,100,-112,46.5,101,-113,0,closed,fieldturf,,,00-0031280,00-0032950,Derek Carr,Carson Wentz,Rich Bisaccia,Frank Reich,IND00,Lucas Oil Stadium,0.321,0.679,330,-370,+8½-110,-8½-110,49.53,0.7357,0.2621,0.0021,14.89,31.61,46.5,8.36,-8.36,2.217,-2.433,46.5,-8.5,8.5,Dome,,,,,,,-3,43,0,-11.5,LOSS,UNDER,0.0716628938393742,0.0593725781194811,0.3548387096774194,0.46875,5.596774193548387,5.90625,2.0,1.6,0.5,0.6666666666666666,-0.0151540712585024,0.5333333333333333,-0.0920965958653603,-0.2537008655337381,0.492063492063492,0.275,5.492063492063492,3.95,1.7,1.4444444444444444,0.6666666666666666,1.0,-0.0760852361392394,0.5,0.1637594897047345,0.3130734436532192,-0.1372247823860726,0.19374999999999998,0.10471070148489492,1.9562499999999998,0.30000000000000004,0.15555555555555567,-0.16666666666666663,-0.33333333333333337,0.060931164880737,0.033333333333333326,0.2986922596687109,-2.7662033481257304,6.785714285714286,0.0666666666666666,0.0,0.0,-0.1928879044723477,5.258914828300476,5.64,0.074074074074074,0.037037037037037,0.037037037037037,0.49158016414105854,-8.025118176426206,1.145714285714286,-0.007407407407407404,-0.037037037037037,-0.037037037037037,1,1594.6,3.0,0,1,0,0,1,0,1,0,0,0,3,2,1,1,0,1,1,0,1,0,0,0,0,0,0,0,0,0,0,0,0,1,0,1,0,0,0,0.96,0,0.96,13,4,9
401326574,2021,REG,17,2022-01-02,Sunday,13:00,JAX,NE,10,50,Home,7,7,727,-1056,17.5,-109,-102,42.0,-108,-103,0,outdoors,fieldturf,46.0,4.0,00-0036971,00-0036972,Trevor Lawrence,Mac Jones,Darrell Bevell,Bill Belichick,BOS00,Gillette Stadium,0.138,0.862,980,-1400,+17½-115,-17-110,48.592,0.8788,0.1201,0.0009,5.54,36.46,42.0,15.46,-15.46,4.991,-8.536,42.0,-17.0,17.0,Turf,Rain,47.46,25%,Rain,4.11,254.0,40,60,1,22.5,WIN,OVER,0.0926754345118145,0.3098488740729307,0.45,0.5405405405405406,4.8,5.797297297297297,2.625,3.6666666666666665,1.0,0.5714285714285714,0.0134849832221251,0.1,0.0914614820660375,0.1450694326012526,0.5211267605633803,0.4915254237288136,5.422535211267606,6.322033898305085,2.333333333333333,2.888888888888889,0.5,0.5,0.0294019000607982,0.4615384615384615,0.001213952445776989,0.1647794414716781,-0.07112676056338024,0.04901511681172699,-0.6225352112676061,-0.5247366010077874,0.29166666666666696,0.7777777777777777,0.5,0.0714285714285714,-0.0159169168386731,-0.3615384615384615,-0.0938473706976792,-18.90870231774545,9.8125,0.0303030303030303,0.0606060606060606,0.0,0.1027155927307093,11.122535296848842,9.615384615384617,0.025,0.0,0.025,-0.1965629634283885,-30.031237614594293,0.19711538461538325,0.005303030303030299,0.0606060606060606,-0.025,0,996.0,0.0,0,1,0,0,1,2,-1,0,0,0,8,1,7,1,0,1,1,2,-1,0,0,0,0,0,0,1,0,1,0,0,0,0,0,0,0.47,0.58,-0.11,0,0.24,-0.24,2,5,-3
401326576,2021,REG,17,2022-01-02,Sunday,13:00,TB,NYJ,28,24,Home,7,7,-868,623,-14.5,-101,-110,48.0,-104,-107,0,outdoors,fieldturf,57.0,9.0,00-0019596,00-0037013,Tom Brady,Zach Wilson,Bruce Arians,Robert Saleh,NYC01,MetLife Stadium,0.804,0.196,-850,660,-14½-105,+14½-110,48.727,0.1148,0.8841,0.0009,39.56,7.94,47.5,-15.813,15.813,-8.791,8.245,47.5,14.5,-14.5,Turf,Cloudy,57.36,7%,Rain,9.63,262.0,-4,52,0,10.5,WIN,OVER,0.1450694326012526,0.0914614820660375,0.4915254237288136,0.5211267605633803,6.322033898305085,5.422535211267606,2.888888888888889,2.333333333333333,0.5,0.5,0.0855917254735859,0.3333333333333333,0.1830768346083702,-0.3320208205226668,0.4126984126984127,0.2835820895522388,6.206349206349207,4.074626865671642,2.909090909090909,0.5454545454545454,0.6,0.0,0.1412269416856967,0.5,-0.03800740200711761,0.4234823025887043,0.0788270110304009,0.23754467101114146,0.11568469195587738,1.3479083455959637,-0.020202020202020332,1.7878787878787876,-0.09999999999999998,0.5,-0.05563521621211079,-0.16666666666666669,-0.0330831005614804,-2.9957136937550137,4.590909090909091,0.0434782608695652,0.0,0.0,0.3232965041085921,2.839824770178114,8.466666666666667,0.0,0.0,0.0,-0.3563796046700725,-5.835538463933128,-3.875757575757576,0.0434782608695652,0.0,0.0,0,1007.6,0.0,0,1,0,0,0,2,-2,1,1,0,0,6,-6,0,2,-2,0,2,-2,0,0,0,0,0,0,0,0,0,0,2,-2,0,0,0,0,0,0,0,1.05,-1.05,7,6,1
401326577,2021,REG,17,2022-01-02,Sunday,13:00,MIA,TEN,3,34,Home,6,10,151,-170,3.0,106,-118,41.0,-104,-107,0,outdoors,grass,43.0,13.0,00-0036212,00-0029701,Tua Tagovailoa,Ryan Tannehill,Brian Flores,Mike Vrabel,NAS00,Nissan Stadium,0.374,0.626,150,-160,+3+100,-3-110,50.772,0.6238,0.3731,0.003,16.29,24.72,41.0,4.215,-4.215,1.585,-1.285,41.0,-3.0,3.0,Grass,Cloudy,38.19,20%,Rain,10.24,322.0,31,37,1,28.0,WIN,UNDER,0.0573588287577441,0.077042499566837,0.3793103448275862,0.4482758620689655,4.793103448275862,6.706896551724138,2.2222222222222223,1.7,0.6666666666666666,0.5,-0.2369274923458717,0.5625,-0.1077547186492294,-0.6781994238548328,0.3728813559322034,0.2352941176470588,4.389830508474576,3.215686274509804,1.1666666666666667,0.25,0.25,0.0,-0.0197854718386555,0.3333333333333333,0.1651135474069735,0.7552419234216697,0.006428988895382792,0.21298174442190673,0.403272939801286,3.491210277214334,1.0555555555555556,1.45,0.41666666666666663,0.5,-0.2171420205072162,0.22916666666666669,0.2350518051641291,11.918925827947158,7.931034482758621,0.1212121212121212,0.0,0.0,0.175481431637731,2.9962813624968896,7.576923076923077,0.0714285714285714,0.0357142857142857,0.0357142857142857,0.0595703735263981,8.922644465450269,0.35411140583554435,0.049783549783549805,-0.0357142857142857,-0.0357142857142857,4,803.8,1.0,1,0,0,0,0,0,0,0,0,0,2,2,0,0,0,0,0,0,0,0,0,0,0,0,0,0,0,0,0,0,0,0,0,0,0,0,0,0,0,0,6,5,1
401326578,2021,REG,17,2022-01-02,Sunday,13:00,PHI,WAS,20,16,Home,7,7,-238,206,-6.5,103,-115,44.5,102,-113,1,outdoors,grass,62.0,4.0,00-0036389,00-0031800,Jalen Hurts,Taylor Heinicke,Nick Sirianni,Ron Rivera,WAS00,FedExField,0.544,0.456,-260,225,-6-110,+6-110,38.624,0.4149,0.5817,0.0033,25.03,19.47,44.5,-2.779,2.779,-2.937,0.155,44.5,6.0,-6.0,Grass,Cloudy,59.57,3%,Rain,5.42,187.0,-4,36,0,2.5,WIN,UNDER,-0.3386947727974205,0.3429091975590886,0.3035714285714285,0.5,4.607142857142857,6.930555555555555,1.0769230769230769,3.3846153846153846,1.0,0.75,-0.106363458837178,0.2307692307692307,0.0224415599897877,-0.3596878216998941,0.4,0.3287671232876712,5.4,2.6301369863013697,2.1538461538461537,0.7692307692307693,0.4285714285714285,1.0,0.0532655216950882,0.3846153846153846,-0.3611363327872082,0.7025970192589828,-0.09642857142857153,0.17123287671232879,-0.7928571428571436,4.300418569254186,-1.0769230769230769,2.6153846153846154,0.5714285714285715,-0.25,-0.1596289805322662,-0.15384615384615388,-0.881952289921733,-30.884976983070374,8.227272727272727,0.1538461538461538,0.0769230769230769,0.0,0.0434949692900917,-3.9427203791482106,7.793103448275862,0.0333333333333333,0.0,0.0333333333333333,-0.9254472592118247,-26.942256603922164,0.4341692789968645,0.1205128205128205,0.0769230769230769,-0.0333333333333333,0,113.6,0.0,1,0,0,0,1,2,-1,0,0,0,3,1,2,1,1,0,1,2,-1,0,0,0,0,0,0,0,1,-1,0,0,0,1,0,1,0,0.3,-0.3,0.44,0,0.44,10,3,7
401326581,2021,REG,17,2022-01-02,Sunday,13:00,LA,BAL,20,19,Home,7,7,-313,264,-7.0,-110,-101,47.0,-108,-103,0,outdoors,grass,59.0,6.0,00-0026498,00-0035993,Matthew Stafford,Tyler Huntley,Sean McVay,John Harbaugh,BAL00,M&T Bank Stadium,0.61,0.39,-310,290,-7-110,+7½-115,68.949,0.3818,0.6151,0.003,27.42,19.59,47.0,-3.915,3.915,-1.314,5.989,47.0,7.0,-7.0,Grass,Cloudy,62.18,9%,Rain,6.52,263.0,-1,39,0,6.0,WIN,UNDER,0.0986007893802148,0.499135580170028,0.4736842105263157,0.4927536231884058,5.859649122807017,8.347826086956522,2.333333333333333,4.555555555555555,1.0,0.625,0.1148443975557004,0.5454545454545454,-0.042179876199331,-0.0611670108586879,0.463768115942029,0.3870967741935484,5.173913043478261,5.82258064516129,2.0,1.9166666666666667,0.3333333333333333,0.4,-0.1308596107550396,0.5,0.1407806655795458,0.5603025910287159,0.009916094584286717,0.10565684899485744,0.6857360793287564,2.5252454417952315,0.33333333333333304,2.6388888888888884,0.6666666666666667,0.22499999999999998,0.24570400831074002,0.045454545454545414,0.0916211282424906,3.361676060236418,6.075,0.0238095238095238,0.0,0.0,-0.2641011166289462,-10.124524904263987,8.027027027027026,0.0,0.081081081081081,0.0,0.3557222448714368,13.486200964500405,-1.9520270270270261,0.0238095238095238,-0.081081081081081,0.0,0,2321.9,3.0,0,1,0,0,2,0,2,1,0,1,5,4,1,2,0,2,2,0,2,0,0,0,1,0,1,0,0,0,0,0,0,1,0,1,1,0,1,0.14,0,0.14,7,4,3
401326579,2021,REG,17,2022-01-02,Sunday,16:05,DEN,LAC,13,34,Home,7,7,285,-340,8.0,-117,105,45.5,-108,-103,1,dome,matrixturf,,,00-0035704,00-0036355,Drew Lock,Justin Herbert,Vic Fangio,Brandon Staley,LAX01,SoFi Stadium,0.354,0.646,312,-350,+8-110,-7½-110,54.211,0.597,0.3997,0.0032,19.2,25.8,45.0,3.297,-3.297,1.79,-0.455,45.0,-8.5,8.5,Grass,Clear Day,64.08,,,3.17,100.0,21,47,1,13.0,WIN,OVER,0.0497531271365408,0.3143076137216352,0.5833333333333334,0.4444444444444444,6.983333333333333,6.9523809523809526,2.9,3.5,0.75,0.6666666666666666,-0.0766856382942932,0.6666666666666666,-0.2537008655337381,-0.0920965958653603,0.275,0.492063492063492,3.95,5.492063492063492,1.4444444444444444,1.7,1.0,0.6666666666666666,-0.1671828046152047,0.1,0.3034539926702789,0.40640420958699547,0.30833333333333335,-0.04761904761904756,3.033333333333333,1.4603174603174605,1.4555555555555555,1.8,-0.25,0.0,0.09049716632091151,0.5666666666666667,0.2386704605103888,8.031348358182345,7.285714285714286,0.0263157894736842,0.0526315789473684,0.0,-0.0944521169451953,2.000985768708316,11.181818181818182,0.0833333333333333,0.0,0.0,0.3331225774555841,6.030362589474029,-3.896103896103896,-0.057017543859649106,0.0526315789473684,0.0,0,836.8,1.0,1,0,0,0,0,1,-1,1,0,1,0,9,-9,0,1,-1,0,1,-1,0,1,-1,0,0,0,0,0,0,0,0,0,0,0,0,0,0.57,-0.57,0,0,0,8,2,6
401326580,2021,REG,17,2022-01-02,Sunday,16:05,HOU,SF,7,23,Home,7,10,463,-602,14.0,-113,101,44.0,-102,-109,0,outdoors,grass,50.0,6.0,00-0036898,00-0037012,Davis Mills,Trey Lance,David Culley,Kyle Shanahan,SFO01,Levi's Stadium,0.245,0.755,600,-600,+14-110,-13½-110,46.132,0.8369,0.1617,0.0013,9.01,34.99,44.0,12.992,-12.992,2.347,-8.598,44.0,-13.5,13.5,Grass,Clear Day,56.46,,,5.48,197.0,16,30,1,2.0,WIN,UNDER,0.077042499566837,0.0573588287577441,0.4482758620689655,0.3793103448275862,6.706896551724138,4.793103448275862,1.7,2.2222222222222223,0.5,0.6666666666666666,0.0783688195054613,0.375,0.3143076137216352,0.0497531271365408,0.4444444444444444,0.5833333333333334,6.9523809523809526,6.983333333333333,3.5,2.9,0.6666666666666666,0.75,0.2180191122216638,0.6923076923076923,-0.23726511415479817,0.007605701621203297,0.003831417624521105,-0.20402298850574718,-0.24548440065681465,-2.1902298850574713,-1.8,-0.6777777777777776,-0.16666666666666663,-0.08333333333333337,-0.1396502927162025,-0.3173076923076923,-0.219420741756601,-10.71907441530909,9.0,0.064516129032258,0.032258064516129,0.0,0.5723365152686944,7.640280215828507,7.74074074074074,0.0357142857142857,0.0,0.0,-0.7917572570252954,-18.359354631137595,1.2592592592592604,0.028801843317972295,0.032258064516129,0.0,3,1613.2,2.0,1,0,0,0,3,1,2,2,0,2,1,3,-2,2,0,2,2,0,2,0,0,0,0,0,0,0,0,0,2,0,2,0,0,0,0,0,0,1.39,0,1.39,1,11,-10
401326572,2021,REG,17,2022-01-02,Sunday,16:25,ARI,DAL,25,22,Home,8,7,225,-262,6.5,-103,-108,53.0,-104,-107,0,closed,matrixturf,,,00-0035228,00-0033077,Kyler Murray,Dak Prescott,Kliff Kingsbury,Mike McCarthy,DAL00,AT&T Stadium,0.353,0.647,235,-260,+6½-110,-6-110,77.913,0.571,0.4255,0.0034,24.08,28.92,53.0,2.418,-2.418,5.383,3.688,53.0,-6.5,6.5,Dome,,,,,,,-3,47,0,-9.5,LOSS,UNDER,0.3429091975590886,-0.3386947727974205,0.5,0.3035714285714285,6.930555555555555,4.607142857142857,3.3846153846153846,1.0769230769230769,0.75,1.0,0.1712589032426227,0.6666666666666666,0.0593725781194811,0.0716628938393742,0.46875,0.3548387096774194,5.90625,5.596774193548387,1.6,2.0,0.6666666666666666,0.5,0.1531225152779602,0.4615384615384615,0.2835366194396075,-0.4103576666367947,0.03125,-0.05126728110599088,1.0243055555555554,-0.9896313364055302,1.7846153846153845,-0.9230769230769231,0.08333333333333337,0.5,0.018136387964662493,0.20512820512820512,0.4476928917096562,7.479229647862284,11.051282051282053,0.0714285714285714,0.0,0.0,-0.0876140548506377,-1.445793341367673,6.325581395348837,0.0,0.0,0.0465116279069767,0.5353069465602939,8.925022989229957,4.725700655933216,0.0714285714285714,0.0,-0.0465116279069767,-1,878.4,1.0,0,1,0,0,0,2,-2,0,0,0,0,6,-6,0,2,-2,0,2,-2,0,0,0,0,0,0,0,0,0,0,1,-1,0,1,-1,0,0,0,0,0.82,-0.82,3,5,-2
401326575,2021,REG,17,2022-01-02,Sunday,16:25,CAR,NO,10,18,Home,7,6,238,-279,7.0,-110,-101,37.0,100,-112,1,dome,sportturf,,,00-0034869,00-0033357,Sam Darnold,Taysom Hill,Matt Rhule,Sean Payton,NOR00,Mercedes-Benz Superdome,0.412,0.588,250,-280,+7-110,-6½-115,42.133,0.6684,0.3288,0.0026,12.7,24.3,37.0,5.796,-5.796,1.264,-4.474,37.0,-7.0,7.0,Dome,,,,,,,8,28,1,1.0,WIN,UNDER,-0.6781994238548328,-0.1077547186492294,0.2352941176470588,0.3728813559322034,3.215686274509804,4.389830508474576,0.25,1.1666666666666667,0.0,0.25,-0.240092446705805,0.0,-0.3320208205226668,0.1830768346083702,0.2835820895522388,0.4126984126984127,4.074626865671642,6.206349206349207,0.5454545454545454,2.909090909090909,0.0,0.6,-0.2143803535244784,0.3888888888888889,-0.346178603332166,-0.29083155325759963,-0.04828797190518,-0.03981705676620928,-0.8589405911618382,-1.8165186978746313,-0.2954545454545454,-1.7424242424242424,0.0,-0.35,-0.025712093181326612,-0.3888888888888889,-0.1276245560820323,-12.97401773929596,8.962962962962964,0.0689655172413793,0.0,0.0,-0.3196398512723704,-14.364170829455055,8.75,0.1111111111111111,0.0,0.0277777777777777,0.19201529519033808,1.390153090159096,0.2129629629629637,-0.04214559386973181,0.0,-0.0277777777777777,-1,648.7,1.0,1,0,0,0,1,1,0,0,2,-2,6,3,3,1,1,0,1,1,0,0,0,0,0,0,0,1,0,1,0,0,0,0,1,-1,0.27,0,0.27,0,0.63,-0.63,7,4,3
401326582,2021,REG,17,2022-01-02,Sunday,16:25,DET,SEA,29,51,Home,7,7,327,-399,8.5,103,-114,41.5,-111,-101,0,outdoors,fieldturf,37.0,0.0,00-0034177,00-0029263,Tim Boyle,Russell Wilson,Dan Campbell,Pete Carroll,SEA00,Lumen Field,0.168,0.832,340,-360,+9½-110,-8½-110,45.341,0.8312,0.1674,0.0013,7.81,33.19,41.0,12.688,-12.688,2.373,-8.675,41.0,-9.0,9.0,Turf,Rain,38.33,65%,Rain,8.22,167.0,22,80,1,13.5,WIN,OVER,0.1544014191042675,0.073711431019396,0.3962264150943396,0.4492753623188406,6.245283018867925,4.63768115942029,2.4,2.272727272727273,0.6,0.6,0.2603702317477048,0.3,0.0852605573008881,0.0835839246910538,0.4264705882352941,0.4318181818181818,4.970588235294118,5.795454545454546,2.0,2.5,0.2,1.0,-0.0906641429101,0.4375,0.06914086180337939,-0.009872493671657795,-0.03024417314095451,0.017457180500658753,1.274694783573807,-1.1577733860342558,0.3999999999999999,-0.22727272727272707,0.39999999999999997,-0.4,0.3510343746578048,-0.1375,0.0632794434422866,-3.624098058100099,8.444444444444445,0.0689655172413793,0.0,0.0,0.0287145530179774,1.155687605633455,6.882352941176471,0.0,0.0294117647058823,0.0,0.0345648904243092,-4.779785663733554,1.5620915032679736,0.0689655172413793,-0.0294117647058823,0.0,0,1933.0,3.0,1,0,0,0,1,2,-1,1,1,0,1,1,0,0,0,0,0,1,-1,0,0,0,0,0,0,0,0,0,0,0,0,0,0,0,0,0.1,-0.1,0,0.15,-0.15,3,5,-2
401326583,2021,REG,17,2022-01-02,Sunday,20:20,MIN,GB,10,37,Home,7,8,525,-702,13.0,-116,105,42.0,-100,-111,1,outdoors,grass,11.0,9.0,00-0032245,00-0023459,Sean Mannion,Aaron Rodgers,Mike Zimmer,Matt LaFleur,GNB00,Lambeau Field,0.209,0.791,540,-690,+12½-110,-12½-110,52.901,0.7767,0.2214,0.0017,11.42,31.58,43.0,10.082,-10.082,5.281,-3.356,43.0,-12.5,12.5,Grass,Clear Night,10.19,,,5.28,249.0,27,47,1,14.0,WIN,OVER,0.1626565833538071,0.1524790933409323,0.4912280701754385,0.5454545454545454,5.473684210526316,6.196969696969697,2.4,2.2,0.75,0.6,0.1677913050250778,0.3,-0.0611670108586879,-0.042179876199331,0.3870967741935484,0.463768115942029,5.82258064516129,5.173913043478261,1.9166666666666667,2.0,0.4,0.3333333333333333,0.0712262831096138,0.1666666666666666,0.22382359421249498,0.1946589695402633,0.10413129598189014,0.08168642951251642,-0.3488964346349741,1.0230566534914365,0.48333333333333317,0.20000000000000018,0.35,0.26666666666666666,0.096565021915464,0.1333333333333334,0.1682316219363668,3.7608586690005135,5.205882352941177,0.0,0.0,0.0,,,,,,,,,,,,,1,257.1,0.0,0,1,0,0,3,0,3,0,1,-1,1,3,-2,1,0,1,1,0,1,0,0,0,1,0,1,0,0,0,0,0,0,0,0,0,0.35,0,0.35,0.6,0,0.6,3,5,-2
401326584,2021,REG,17,2022-01-03,Monday,20:15,CLE,PIT,14,26,Home,9,8,-117,105,-1.0,-110,-101,43.5,-111,-100,1,outdoors,grass,25.0,12.0,00-0034855,00-0022924,Baker Mayfield,Ben Roethlisberger,Kevin Stefanski,Mike Tomlin,PIT00,Heinz Field,0.46,0.54,100,112,+1½-110,+2-110,45.537,0.4564,0.5399,0.0036,23.13,20.37,43.5,-1.383,1.383,-1.471,0.372,43.5,1.0,-1.0,Grass,Clear Night,27.13,,,1.93,211.0,12,40,1,13.0,WIN,UNDER,-0.2797606140157428,0.2263228236552978,0.4202898550724637,0.4925373134328358,4.391304347826087,5.686567164179104,0.9090909090909092,3.6,0.25,0.5714285714285714,-0.3347382142471,0.3846153846153846,0.1524790933409323,0.1626565833538071,0.5454545454545454,0.4912280701754385,6.196969696969697,5.473684210526316,2.2,2.4,0.6,0.75,0.1160879697339483,0.5833333333333334,-0.4322397073566751,0.0636662403014907,-0.12516469038208172,0.0013092432573972856,-1.8056653491436103,0.2128829536527883,-1.290909090909091,1.2000000000000002,-0.35,-0.1785714285714286,-0.4508261839810483,-0.1987179487179488,-0.2872979951100431,-3.753937312534877,5.428571428571429,0.054054054054054,0.027027027027027,0.027027027027027,-0.0440665928342282,-6.900944312413533,9.27777777777778,0.119047619047619,0.0952380952380952,0.0,-0.2432314022758149,3.147006999878656,-3.8492063492063515,-0.064993564993565,-0.0682110682110682,0.027027027027027,-1,114.3,0.0,0,1,0,0,1,3,-2,0,0,0,2,2,0,0,1,-1,0,1,-1,0,0,0,0,0,0,0,0,0,0,0,0,0,1,-1,0,0,0,0.09,2.6,-2.51,3,16,-13
401326598,2021,REG,18,2022-01-08,Saturday,16:30,KC,DEN,28,24,Home,7,7,-600,435,-11.5,-110,-110,44.5,-110,-110,1,outdoors,grass,41.0,4.0,00-0033873,00-0035704,Patrick Mahomes,Drew Lock,Andy Reid,Vic Fangio,DEN00,Empower Field at Mile High,0.816,0.184,-600,500,-11½-110,+12-110,72.838,0.3489,0.6483,0.0028,27.32,17.18,44.5,-5.068,5.068,-0.455,6.216,44.5,11.5,-11.5,Grass,Cloudy,44.09,5%,Rain,4.79,168.0,-4,52,0,7.5,WIN,OVER,-0.1361620506536419,0.1447495387158366,0.4642857142857143,0.5,5.696428571428571,5.359375,1.4444444444444444,3.4,0.3333333333333333,0.6666666666666666,0.1741378261797647,0.2727272727272727,0.3655948178282335,0.3529612923505953,0.5862068965517241,0.4754098360655737,7.137931034482759,7.786885245901639,3.4444444444444446,3.7777777777777777,0.8,0.8,0.2897245303174713,0.5454545454545454,-0.5017568684818754,-0.20821175363475872,-0.12192118226600979,0.024590163934426312,-1.4415024630541877,-2.4275102459016393,-2.0,-0.37777777777777777,-0.46666666666666673,-0.13333333333333341,-0.11558670413770661,-0.2727272727272727,0.0863147394868966,2.747014880180359,8.52,0.0384615384615384,0.0,0.0,0.3240795701974456,12.122092834290337,8.485714285714286,0.0,0.0,0.0,-0.237764830710549,-9.375077954109978,0.03428571428571381,0.0384615384615384,0.0,0.0,0,564.3,1.0,1,0,0,0,2,2,0,0,0,0,2,0,2,2,2,0,2,2,0,0,0,0,0,1,-1,0,1,-1,0,0,0,2,0,2,0,0.4,-0.4,1.81,0,1.81,5,3,2
401326595,2021,REG,18,2022-01-08,Saturday,20:15,DAL,PHI,51,26,Home,7,7,-300,235,-6.5,-110,-110,46.0,-110,-110,1,outdoors,grass,31.0,8.0,00-0033077,00-0035289,Dak Prescott,Gardner Minshew,Mike McCarthy,Nick Sirianni,PHI00,Lincoln Financial Field,0.553,0.447,-260,225,-6-110,+6½-110,72.082,0.4311,0.5654,0.0034,25.23,20.77,46.0,-2.229,2.229,0.155,5.383,46.0,6.0,-6.0,Grass,Clear Night,24.82,,,4.09,190.0,-25,77,0,-18.5,LOSS,OVER,0.1610737781380833,-0.0253433079944378,0.4833333333333333,0.5,5.516666666666667,5.2,2.2222222222222223,2.0,1.0,0.25,0.1051319162334865,0.3333333333333333,0.086354043255455,0.1625361893801919,0.5,0.4571428571428571,5.224137931034483,5.742857142857143,2.4444444444444446,2.5,0.75,0.3333333333333333,-0.0394075354425843,0.2727272727272727,0.0747197348826283,-0.1878794973746297,-0.01666666666666672,0.04285714285714293,0.2925287356321835,-0.5428571428571427,-0.22222222222222232,-0.5,0.25,-0.08333333333333331,0.1445394516760708,0.06060606060606061,0.525965315401518,21.18088575926694,5.4,0.074074074074074,0.0,0.037037037037037,0.3246820452739707,-8.260506874806172,4.894736842105263,0.025,0.0,0.025,0.20128327012754732,29.44139263407311,0.5052631578947375,0.049074074074074,0.0,0.012037037037036999,0,1312.5,1.0,0,1,0,0,1,0,1,0,0,0,2,4,-2,1,0,1,1,0,1,0,0,0,0,0,0,1,0,1,0,0,0,0,0,0,0.3,0,0.3,0,0,0,1,3,-2
401326586,2021,REG,18,2022-01-09,Sunday,13:00,PIT,BAL,16,13,Home,6,7,135,-155,3.0,-110,-110,41.0,-115,-105,1,outdoors,grass,36.0,0.0,00-0022924,00-0035993,Ben Roethlisberger,Tyler Huntley,Mike Tomlin,John Harbaugh,BAL00,M&T Bank Stadium,0.492,0.508,145,-154,+3-110,-3-105,39.909,0.5681,0.4284,0.0034,17.93,22.57,40.5,2.321,-2.321,-1.314,-1.471,40.5,-3.0,3.0,Grass,Rain,35.41,57%,Rain,4.1,203.0,-3,29,0,-6.0,LOSS,UNDER,-0.034701436560453,0.0907914261424324,0.4477611940298507,0.5178571428571429,4.880597014925373,6.678571428571429,1.181818181818182,2.0,0.0,0.75,-0.0206175491771506,0.2857142857142857,-0.0916888607606972,-0.2435750050961957,0.3205128205128205,0.2835820895522388,3.8461538461538463,3.462686567164179,1.8571428571428568,1.0769230769230769,0.5,1.0,-0.1152451176337841,0.2777777777777778,0.0569874242002442,0.3343664312386281,0.12724837351703022,0.2342750533049041,1.0344431687715265,3.21588486140725,-0.6753246753246747,0.9230769230769231,-0.5,-0.25,0.0946275684566335,0.007936507936507908,-0.1112875708255213,0.6735737981467409,9.03225806451613,0.1428571428571428,0.0285714285714285,0.0,-0.3638154136120088,-15.945428868998652,6.152173913043479,0.0416666666666666,0.0208333333333333,0.0208333333333333,0.2525278427864875,16.619002667145395,2.8800841514726505,0.10119047619047619,0.0077380952380952,-0.0208333333333333,1,197.2,0.0,0,1,0,0,2,2,0,1,1,0,3,0,3,2,0,2,2,2,0,1,0,1,0,0,0,0,0,0,0,0,0,1,0,1,0.14,0,0.14,0.14,0.46,-0.32,5,5,0
401326588,2021,REG,18,2022-01-09,Sunday,13:00,CIN,CLE,16,21,Home,7,6,215,-265,6.5,-110,-110,38.0,-110,-110,1,outdoors,grass,38.0,22.0,00-0032434,00-0028986,Brandon Allen,Case Keenum,Zac Taylor,Kevin Stefanski,CLE00,FirstEnergy Stadium,0.419,0.581,240,-260,+6½-105,-6½-110,41.131,0.5454,0.4509,0.0036,17.43,20.57,38.0,1.566,-1.566,-1.087,-1.24,38.0,-6.5,6.5,Grass,Cloudy,37.29,,,18.15,270.0,5,37,1,-1.5,LOSS,UNDER,-0.2435750050961957,-0.0916888607606972,0.2835820895522388,0.3205128205128205,3.462686567164179,3.8461538461538463,1.0769230769230769,1.8571428571428568,1.0,0.5,-0.1641106698711581,0.2941176470588235,0.3529612923505953,0.3655948178282335,0.4754098360655737,0.5862068965517241,7.786885245901639,7.137931034482759,3.7777777777777777,3.4444444444444446,0.8,0.8,0.248771645569941,0.4,-0.596536297446791,-0.4572836785889307,-0.1918277465133349,-0.2656940760389036,-4.32419867873746,-3.2917771883289126,-2.700854700854701,-1.5873015873015879,0.19999999999999996,-0.30000000000000004,-0.4128823154410991,-0.10588235294117654,-0.2889165457726145,4.092207009142095,6.333333333333333,0.2,0.0,0.0,-1.0887799442280084,-68.45366358757019,6.0,0.0,0.0,0.0,0.7998633984553939,72.54587059671229,0.33333333333333304,0.2,0.0,0.0,-1,223.1,0.0,0,1,0,0,0,2,-2,0,0,0,7,5,2,0,0,0,0,2,-2,0,0,0,0,0,0,0,0,0,0,0,0,0,0,0,0,0,0,0,0,0,7,2,5
401326589,2021,REG,18,2022-01-09,Sunday,13:00,GB,DET,30,37,Home,7,7,-195,165,-4.0,-110,-110,45.0,-115,-105,1,dome,fieldturf,,,00-0023459,00-0033106,Aaron Rodgers,Jared Goff,Matt LaFleur,Dan Campbell,DET00,Ford Field,0.677,0.323,-190,180,-4-110,+4-110,47.307,0.201,0.7973,0.0016,33.51,11.49,45.0,-11.006,11.006,-6.039,5.281,45.0,4.0,-4.0,Dome,,,,,,,7,67,1,11.0,WIN,OVER,0.0322959183161371,0.4108112379447307,0.4333333333333333,0.5797101449275363,5.983333333333333,7.217391304347826,2.4166666666666665,4.25,1.0,0.75,-0.1230833941952316,0.5,0.2320320090021864,-0.2802216227448042,0.5753424657534246,0.3076923076923077,6.602739726027397,3.9615384615384617,3.363636363636364,0.9090909090909092,0.5,1.0,0.3185010909771752,0.5384615384615384,-0.1997360906860493,0.6910328606895348,-0.14200913242009133,0.27201783723522854,-0.6194063926940636,3.2558528428093645,-0.9469696969696977,3.340909090909091,0.5,-0.25,-0.4415844851724068,-0.038461538461538436,0.4834854790212343,6.934120104863093,5.846153846153846,0.0714285714285714,0.0,0.0,0.2633858021835115,8.07353885550248,6.157894736842105,0.0,0.0,0.0,0.2200996768377228,-1.1394187506393871,-0.3117408906882595,0.0714285714285714,0.0,0.0,0,292.6,1.0,0,1,0,0,1,2,-1,0,0,0,8,3,5,1,1,0,1,1,0,0,0,0,0,0,0,1,0,1,0,1,-1,0,0,0,0.1,0,0.1,0,1.24,-1.24,10,5,5
401326590,2021,REG,18,2022-01-09,Sunday,13:00,TEN,HOU,28,25,Home,7,7,-575,410,-10.5,-105,-115,43.0,-110,-110,1,closed,astroturf,,,00-0029701,00-0036898,Ryan Tannehill,Davis Mills,Mike Vrabel,David Culley,HOU00,NRG Stadium,0.721,0.279,-510,450,-11-105,+11-110,24.95,0.2536,0.7442,0.002,30.2,12.8,43.0,-8.697,8.697,-8.598,1.585,43.0,11.0,-11.0,Dome,,,,,,,-3,53,0,7.5,WIN,OVER,-0.3045577075797475,0.0315899628314393,0.3870967741935484,0.4262295081967213,3.5806451612903225,6.819672131147541,0.5833333333333334,1.9166666666666667,0.5,0.4,-0.1360832899517845,0.3333333333333333,0.0623980271098989,-0.3575548287802443,0.3559322033898305,0.2711864406779661,5.220338983050848,4.338983050847458,3.090909090909091,0.2727272727272727,0.8,,-0.0294704791591611,0.4666666666666667,-0.3669557346896464,0.3891447916116836,0.031164570803717873,0.15504306751875518,-1.6396938217605252,2.480689080300083,-2.5075757575757573,1.643939393939394,-0.30000000000000004,,-0.10661281079262341,-0.13333333333333336,-0.4581908042082583,1.2184575200080872,6.0625,0.0857142857142857,0.0285714285714285,0.0285714285714285,0.079387609166865,6.76713420285119,7.444444444444445,0.0526315789473684,0.0,0.0,-0.5375784133751234,-5.5486766828431024,-1.3819444444444446,0.033082706766917304,0.0285714285714285,0.0285714285714285,0,671.5,0.0,1,0,0,0,1,2,-1,0,0,0,3,0,3,0,2,-2,0,2,-2,0,0,0,0,0,0,0,0,0,0,2,-2,0,0,0,0,0,0,0,0.83,-0.83,9,6,3
401326591,2021,REG,18,2022-01-09,Sunday,13:00,IND,JAX,11,26,Home,7,7,-1000,650,-14.0,-110,-110,43.0,-110,-110,1,outdoors,grass,76.0,19.0,00-0032950,00-0036971,Carson Wentz,Trevor Lawrence,Frank Reich,Darrell Bevell,JAX00,TIAA Bank Stadium,0.781,0.219,-850,700,-14-110,+14-110,27.601,0.208,0.7902,0.0016,32.43,11.07,43.5,-10.679,10.679,-8.536,2.217,43.5,14.0,-14.0,Grass,Clear Day,77.59,,,8.71,166.0,15,37,1,29.0,WIN,UNDER,-0.2498370874716309,0.4204975056627502,0.391304347826087,0.6571428571428571,5.5,6.742857142857143,1.0,5.0,0.5,1.0,-0.163360040718249,0.3333333333333333,-0.0179488496017459,0.0758476381293209,0.4074074074074074,0.4754098360655737,4.851851851851852,5.344262295081967,2.0,2.3,1.0,0.5,0.0735380184030093,0.2727272727272727,-0.231888237869885,0.3446498675334293,-0.01610305958132041,0.18173302107728345,0.6481481481481479,1.3985948477751755,-1.0,2.7,-0.5,0.5,-0.2368980591212583,0.06060606060606061,-0.4163847094217309,-4.292667943697709,7.185185185185185,0.0689655172413793,0.1034482758620689,0.0,-0.1929550003961141,-1.967954138914744,5.851851851851852,0.0357142857142857,0.0,0.0,-0.2234297090256168,-2.324713804782965,1.333333333333333,0.0332512315270936,0.1034482758620689,0.0,0,700.2,0.0,0,1,0,0,1,1,0,0,0,0,1,1,0,0,1,-1,1,1,0,0,0,0,0,0,0,0,0,0,0,0,0,0,1,-1,0.58,0,0.58,0,0.52,-0.52,14,9,5
401326593,2021,REG,18,2022-01-09,Sunday,13:00,CHI,MIN,17,31,Home,7,7,160,-190,3.5,-110,-110,45.5,-110,-110,1,dome,sportturf,,,00-0027973,00-0029604,Andy Dalton,Kirk Cousins,Matt Nagy,Mike Zimmer,MIN01,U.S. Bank Stadium,0.282,0.718,165,-175,+4-110,-3½-105,42.121,0.6581,0.3391,0.0027,17.08,27.92,45.0,5.42,-5.42,0.988,-3.967,45.0,-3.5,3.5,Dome,,,,,,,14,48,1,10.5,WIN,OVER,-0.2802216227448042,0.2320320090021864,0.3076923076923077,0.5753424657534246,3.9615384615384617,6.602739726027397,0.9090909090909092,3.363636363636364,1.0,0.5,-0.1381630270670165,0.1666666666666666,-0.1673462852686971,-0.6801020399759587,0.34375,0.3636363636363636,3.890625,2.8181818181818183,2.25,0.25,0.5,0.0,-0.2076497458676939,0.375,-0.11287533747610712,0.9121340489781451,-0.03605769230769229,0.21170610211706103,0.07091346153846168,3.7845579078455787,-1.3409090909090908,3.113636363636364,0.5,0.5,0.06948671880067742,-0.2083333333333334,0.0778867387248158,6.911881651197161,9.31578947368421,0.075,0.025,0.05,-0.1383182740449362,-9.395472519099712,7.628571428571429,0.0555555555555555,0.0277777777777777,0.0,0.21620501276975201,16.307354170296875,1.6872180451127816,0.0194444444444445,-0.0027777777777776985,0.05,0,355.4,0.0,1,0,0,0,0,1,-1,1,0,1,3,3,0,0,0,0,0,0,0,0,0,0,0,0,0,0,0,0,0,0,0,0,0,0,0,0,0,0,0.63,-0.63,8,5,3
401326594,2021,REG,18,2022-01-09,Sunday,13:00,WAS,NYG,22,7,Home,7,7,-238,206,-6.0,-102,-109,36.0,-100,-111,1,outdoors,fieldturf,38.0,0.0,00-0031800,00-0036197,Taylor Heinicke,Jake Fromm,Ron Rivera,Joe Judge,NYC01,MetLife Stadium,0.641,0.359,-240,220,-5½-110,+6-110,11.426,0.4137,0.5829,0.0033,20.82,15.18,36.0,-2.816,2.816,-7.894,-2.937,36.0,6.0,-6.0,Turf,Cloudy,36.56,8%,Rain,12.49,226.0,-15,29,0,-9.0,LOSS,UNDER,-0.6801020399759587,-0.1673462852686971,0.3636363636363636,0.34375,2.8181818181818183,3.890625,0.25,2.25,0.0,0.5,-0.236962275326436,0.0909090909090909,-0.0253433079944378,0.1610737781380833,0.5,0.4833333333333333,5.2,5.516666666666667,2.0,2.2222222222222223,0.25,1.0,0.0125302540228321,0.6,-0.6547587319815209,-0.3284200634067804,-0.1363636363636364,-0.13958333333333328,-2.381818181818182,-1.6260416666666666,-1.75,0.02777777777777768,-0.25,-0.5,-0.24949252934926808,-0.509090909090909,-0.8026438313536346,-32.491267658770084,5.647058823529412,0.1052631578947368,0.0526315789473684,0.0526315789473684,-0.1175893511712842,7.001299279577592,5.171428571428572,0.0789473684210526,0.0263157894736842,0.0,-0.6850544801823504,-39.49256693834768,0.4756302521008404,0.026315789473684195,0.0263157894736842,0.0526315789473684,0,198.1,0.0,0,1,0,0,3,4,-1,0,0,0,3,1,2,2,4,-2,2,4,-2,1,0,1,0,1,-1,1,2,-1,0,1,-1,0,0,0,1.67,1.31,0.36,0,0.52,-0.52,3,10,-7
401326585,2021,REG,18,2022-01-09,Sunday,16:25,NO,ATL,30,20,Home,7,7,-213,186,-4.5,-111,-100,40.0,102,-113,1,closed,fieldturf,,,00-0033357,00-0026143,Taysom Hill,Matt Ryan,Sean Payton,Arthur Smith,ATL97,Mercedes-Benz Stadium,0.74,0.26,-200,200,-4-110,+4½-110,32.882,0.3745,0.6224,0.003,24.17,15.84,40.0,-4.165,4.165,-5.502,1.264,40.0,4.5,-4.5,Dome,,,,,,,-10,50,0,-5.5,LOSS,OVER,-0.2146391161440744,0.0869321130337193,0.44,0.4927536231884058,5.3,5.159420289855072,1.6666666666666667,3.625,0.2,0.8,-0.0288480487358172,0.1428571428571428,-0.133743735323201,-0.3029486185719013,0.3518518518518518,0.3389830508474576,5.2407407407407405,3.016949152542373,1.6363636363636365,1.0,0.3333333333333333,0.5,-0.0963002112069417,0.3846153846153846,-0.08089538082087341,0.3898807316056206,0.0881481481481482,0.1537705723409482,0.059259259259259345,2.1424711373126994,0.030303030303030276,2.625,-0.1333333333333333,0.30000000000000004,0.0674521624711245,-0.2417582417582418,-0.3468553127339048,-0.3589223325252529,8.73913043478261,0.1785714285714285,0.0,0.0357142857142857,0.037715282782334,5.67818037841631,6.7407407407407405,0.0714285714285714,0.0,0.0,-0.3845705955162388,-6.037102710941563,1.9983896940418688,0.1071428571428571,0.0,0.0357142857142857,0,424.4,1.0,0,1,0,0,0,3,-3,0,0,0,4,3,1,0,1,-1,0,3,-3,0,0,0,0,1,-1,0,0,0,0,0,0,0,0,0,0,1,-1,0,0.83,-0.83,3,1,2
401326587,2021,REG,18,2022-01-09,Sunday,16:25,NYJ,BUF,10,27,Home,7,7,750,-1250,16.0,-110,-110,43.0,-110,-110,1,outdoors,a_turf,36.0,19.0,00-0037013,00-0034857,Zach Wilson,Josh Allen,Robert Saleh,Sean McDermott,BUF00,New Era Field,0.113,0.887,800,-1050,+16-110,-15½-110,49.985,0.9235,0.0758,0.0006,2.63,40.37,43.0,18.867,-18.867,8.594,-8.791,43.0,-16.0,16.0,Turf,Cloudy,34.42,16%,Snow,21.4,261.0,17,37,1,1.0,WIN,UNDER,0.0869321130337193,-0.2146391161440744,0.4927536231884058,0.44,5.159420289855072,5.3,3.625,1.6666666666666667,0.8,0.2,0.056232432573909,0.5833333333333334,0.1332556705579857,0.250625828015674,0.4333333333333333,0.5138888888888888,6.233333333333333,6.513888888888889,2.1818181818181817,2.8,0.75,0.6,0.1869034812198075,0.5454545454545454,-0.04632355752426641,-0.4652649441597484,0.05942028985507253,-0.07388888888888884,-1.073913043478261,-1.2138888888888895,1.4431818181818183,-1.133333333333333,0.050000000000000044,-0.39999999999999997,-0.13067104864589849,0.037878787878787956,-0.2517255064734878,-14.019111295541128,9.038461538461538,0.0,0.1111111111111111,0.0,0.247128138671745,-4.6225788195927935,7.181818181818182,0.0294117647058823,0.0,0.0,-0.4988536451452328,-9.396532475948334,1.8566433566433567,-0.0294117647058823,0.1111111111111111,0.0,0,277.9,0.0,1,0,0,0,1,0,1,1,1,0,0,0,0,0,0,0,1,0,1,0,0,0,0,0,0,0,0,0,0,0,0,0,0,0,0,0,0,0.21,0,0.21,3,9,-6
401326592,2021,REG,18,2022-01-09,Sunday,16:25,NE,MIA,24,33,Home,7,7,-250,200,-6.0,-110,-110,41.0,-110,-110,1,outdoors,grass,75.0,8.0,00-0036972,00-0036212,Mac Jones,Tua Tagovailoa,Bill Belichick,Brian Flores,MIA00,Hard Rock Stadium,0.675,0.325,-230,220,-5½-110,+6-110,65.186,0.3304,0.6669,0.0026,26.23,14.77,41.0,-5.734,5.734,-1.285,4.991,41.0,6.0,-6.0,Grass,Partly Cloudy Day,76.65,13%,Rain,11.46,87.0,9,57,1,15.0,WIN,OVER,-0.3575548287802443,0.0623980271098989,0.2711864406779661,0.3559322033898305,4.338983050847458,5.220338983050848,0.2727272727272727,3.090909090909091,,0.8,-0.2392051721769596,0.25,0.4204975056627502,-0.2498370874716309,0.6571428571428571,0.391304347826087,6.742857142857143,5.5,5.0,1.0,1.0,0.5,0.398657296891265,0.8,-0.7780523344429945,0.3122351145815298,-0.38595641646489104,-0.03537214443625647,-2.4038740920096853,-0.27966101694915224,-4.7272727272727275,2.090909090909091,,0.30000000000000004,-0.6378624690682246,-0.55,-0.3593666915636765,-18.28488022894473,9.236842105263158,0.0952380952380952,0.0238095238095238,0.0476190476190476,0.5737229148229667,9.9804418868032,7.9,0.0,0.0,0.0,-0.9330896063866432,-28.265322115747928,1.3368421052631572,0.0952380952380952,0.0238095238095238,0.0476190476190476,0,1225.7,0.0,1,0,0,0,0,1,-1,0,0,0,0,9,-9,0,1,-1,0,1,-1,0,0,0,0,0,0,0,0,0,0,0,0,0,1,-1,0,0,0,0,0.51,-0.51,2,0,2
401326596,2021,REG,18,2022-01-09,Sunday,16:25,CAR,TB,17,41,Home,7,7,375,-510,11.0,-110,-110,43.0,-105,-115,1,outdoors,grass,80.0,4.0,00-0034869,00-0019596,Sam Darnold,Tom Brady,Matt Rhule,Bruce Arians,TAM00,Raymond James Stadium,0.159,0.841,450,-500,+11-110,-10½-110,52.309,0.8499,0.1488,0.0012,7.81,35.19,43.0,13.69,-13.69,8.245,-4.474,43.0,-10.5,10.5,Grass,Partly Cloudy Day,81.49,1%,Rain,5.11,141.0,24,58,1,13.0,WIN,OVER,0.250625828015674,0.1332556705579857,0.5138888888888888,0.4333333333333333,6.513888888888889,6.233333333333333,2.8,2.1818181818181817,0.6,0.75,0.0948719564036847,0.6,-0.3029486185719013,-0.133743735323201,0.3389830508474576,0.3518518518518518,3.016949152542373,5.2407407407407405,1.0,1.6363636363636365,0.5,0.3333333333333333,-0.2130018680291767,0.4285714285714285,0.5535744465875754,0.2669994058811867,0.17490583804143123,0.08148148148148149,3.4969397363465164,0.9925925925925929,1.7999999999999998,0.5454545454545452,0.09999999999999998,0.4166666666666667,0.3078738244328614,0.17142857142857149,0.4435724391345835,10.025564991697973,10.14,0.02,0.02,0.0,-0.4915050508055593,-4.741552968819936,3.769230769230769,0.2121212121212121,0.0303030303030303,0.0303030303030303,0.9350774899401428,14.767117960517908,6.370769230769231,-0.1921212121212121,-0.0103030303030303,-0.0303030303030303,0,510.2,0.0,1,0,0,0,5,0,5,1,1,0,1,2,-1,3,0,3,3,0,3,0,0,0,0,0,0,1,0,1,2,0,2,0,0,0,0.27,0,0.27,1.05,0,1.05,7,3,4
401326597,2021,REG,18,2022-01-09,Sunday,16:25,SEA,ARI,38,30,Home,7,7,190,-235,5.5,-110,-110,48.0,100,-120,1,open,grass,,,00-0029263,00-0035228,Russell Wilson,Kyler Murray,Pete Carroll,Kliff Kingsbury,PHO00,State Farm Stadium,0.345,0.655,208,-230,+5½-105,-5-110,69.238,0.6491,0.348,0.0028,19.15,29.35,48.5,5.099,-5.099,3.688,2.373,48.5,-5.5,5.5,Dome,,,,,,,-8,68,0,-13.5,LOSS,OVER,0.1625361893801919,0.086354043255455,0.4571428571428571,0.5,5.742857142857143,5.224137931034483,2.5,2.4444444444444446,0.3333333333333333,0.75,0.0236295547149005,0.4375,0.4108112379447307,0.0322959183161371,0.5797101449275363,0.4333333333333333,7.217391304347826,5.983333333333333,4.25,2.4166666666666665,0.75,1.0,0.3035969840763885,0.5833333333333334,-0.24827504856453878,0.05405812493931789,-0.12256728778467918,0.06666666666666671,-1.4745341614906833,-0.7591954022988503,-1.75,0.027777777777778123,-0.4166666666666667,-0.25,-0.279967429361488,-0.14583333333333337,0.2355366141727838,6.963635732730229,8.921052631578947,0.025,0.0,0.0,0.5078848733796086,5.382387233631952,7.482758620689655,0.0333333333333333,0.0,0.0,-0.2723482592068248,1.5812484990982778,1.438294010889292,-0.008333333333333297,0.0,0.0,0,1104.2,1.0,0,1,0,0,4,3,1,0,0,0,4,3,1,3,3,0,4,3,1,0,0,0,0,1,-1,1,0,1,1,1,0,1,1,0,1.08,0.8,0.28,0.82,0.62,0.2,6,4,2
401326599,2021,REG,18,2022-01-09,Sunday,16:25,SF,LA,27,24,Home,7,7,150,-170,3.0,-105,-115,46.5,-115,-105,1,dome,matrixturf,,,00-0031345,00-0026498,Jimmy Garoppolo,Matthew Stafford,Kyle Shanahan,Sean McVay,LAX01,SoFi Stadium,0.316,0.684,155,-165,+3+105,-3-110,81.655,0.6163,0.3806,0.003,19.3,27.2,46.5,3.953,-3.953,5.989,4.407,46.5,-3.5,3.5,Grass,Clear Day,75.85,,,1.53,133.0,-3,51,0,-6.0,LOSS,OVER,0.0907914261424324,-0.034701436560453,0.5178571428571429,0.4477611940298507,6.678571428571429,4.880597014925373,2.0,1.181818181818182,0.75,0.0,0.1805027925616337,0.3333333333333333,0.0315899628314393,-0.3045577075797475,0.4262295081967213,0.3870967741935484,6.819672131147541,3.5806451612903225,1.9166666666666667,0.5833333333333334,0.4,0.5,0.0602364530282065,0.3846153846153846,0.059201463310993095,0.2698562710192945,0.09162763466042162,0.06066441983630233,-0.14110070257611174,1.2999518536350503,0.08333333333333326,0.5984848484848487,0.35,-0.5,0.1202663395334272,-0.051282051282051266,0.1631079920078692,3.866031680788313,7.114285714285714,0.027027027027027,0.054054054054054,0.027027027027027,0.0911837416904981,3.1378369671957835,6.457142857142857,0.054054054054054,0.054054054054054,0.0,0.07192425031737111,0.7281947135925293,0.6571428571428566,-0.027027027027027,0.0,0.027027027027027,0,313.5,0.0,0,1,0,0,0,0,0,0,0,0,0,7,-7,0,0,0,0,0,0,0,0,0,0,0,0,0,0,0,0,0,0,0,0,0,0,0,0,0,0,0,3,0,3
401326600,2021,REG,18,2022-01-09,Sunday,20:20,LAC,LV,32,35,Home,7,7,-180,155,-3.5,-110,-110,48.0,-110,-110,1,dome,grass,,,00-0036355,00-0031280,Justin Herbert,Derek Carr,Brandon Staley,Rich Bisaccia,VEG00,Allegiant Stadium,0.519,0.481,-160,150,-3-110,+3-110,47.325,0.4148,0.5818,0.0033,27.53,21.97,49.5,-2.78,2.78,-2.433,1.79,49.5,3.0,-3.0,Turf,,,,,,,3,67,1,6.5,WIN,OVER,0.0758476381293209,-0.0179488496017459,0.4754098360655737,0.4074074074074074,5.344262295081967,4.851851851851852,2.3,2.0,0.5,1.0,-0.0404595167712412,0.4285714285714285,0.1447495387158366,-0.1361620506536419,0.5,0.4642857142857143,5.359375,5.696428571428571,3.4,1.4444444444444444,0.6666666666666666,0.3333333333333333,0.0070758739493612,0.6,-0.0689019005865157,0.118213201051896,-0.024590163934426312,-0.05687830687830692,-0.015112704918032627,-0.8445767195767191,-1.1,0.5555555555555556,-0.16666666666666663,0.6666666666666667,-0.047535390720602394,-0.17142857142857149,0.1714378797728203,9.978124980003605,8.838709677419354,0.0606060606060606,0.0606060606060606,0.0,0.4800500289519637,2.4935305118560795,6.032258064516129,0.0,0.0,0.0,-0.30861214917914337,7.484594468147526,2.806451612903225,0.0606060606060606,0.0606060606060606,0.0,0,231.7,0.0,0,1,0,0,0,1,-1,0,0,0,4,1,3,0,0,0,0,0,0,0,0,0,0,0,0,0,0,0,0,0,0,0,0,0,0,0,0,0,0.22,-0.22,5,2,3
401326627,2021,WC,19,2022-01-15,Saturday,16:30,LV,CIN,19,26,Home,6,6,214,-248,6.0,-103,-109,48.5,-106,-105,0,outdoors,fieldturf,31.0,12.0,00-0031280,00-0036442,Derek Carr,Joe Burrow,Rich Bisaccia,Zac Taylor,CIN00,Paul Brown Stadium,0.339,0.661,225,-240,+6-110,-6-110,48.059,0.675,0.3249,0.0,18.27,30.23,48.5,5.977,-5.977,1.619,-2.433,48.5,-6.0,6.0,Turf,Partly Cloudy Day,30.75,,,9.17,52.0,7,45,1,1.0,WIN,UNDER,-0.1825793668779042,-0.0079748748734485,0.2884615384615384,0.5230769230769231,3.5,5.8,1.0,1.9090909090909087,0.3333333333333333,0.6,-0.335636680690287,0.3571428571428571,-0.0696309800187243,0.1218839160315582,0.3783783783783784,0.4157303370786517,4.6891891891891895,4.966292134831461,2.6923076923076925,2.909090909090909,0.6,1.0,-0.1869288388824895,0.4705882352941176,-0.11294838685917989,-0.12985879090500668,-0.08991683991684002,0.1073465859982714,-1.1891891891891895,0.833707865168539,-1.6923076923076925,-1.0000000000000004,-0.26666666666666666,-0.4,-0.1487078418077975,-0.11344537815126049,0.5560286491033503,12.98804322355672,6.743589743589744,0.0930232558139534,0.0,0.0,-0.1302169425367335,-5.99841121584177,7.777777777777778,0.075,0.0,0.025,0.6862455916400838,18.98645443939849,-1.034188034188034,0.018023255813953407,0.0,-0.025,0,1683.7,3.0,0,1,0,0,0,0,0,1,0,1,2,1,1,0,0,0,0,0,0,0,0,0,0,0,0,0,0,0,0,0,0,0,0,0,0,0,0,0,0,0,6,1,5
401326626,2021,WC,19,2022-01-15,Saturday,20:15,NE,BUF,17,47,Home,6,6,181,-207,4.5,-111,-100,43.0,-111,-101,1,outdoors,a_turf,7.0,8.0,00-0036972,00-0034857,Mac Jones,Josh Allen,Bill Belichick,Sean McDermott,BUF00,New Era Field,0.346,0.654,205,-210,+5-110,-4-110,84.716,0.6169,0.383,0.0,17.58,25.42,43.0,3.918,-3.918,8.594,4.991,43.0,-4.5,4.5,Turf,Clear Night,6.67,,,8.0,65.0,30,64,1,25.5,WIN,OVER,0.0283722338090857,-0.5187687924215768,0.4078947368421052,0.1521739130434782,5.618421052631579,1.1521739130434785,1.9285714285714288,0.7692307692307693,0.75,1.0,-0.0458714325013088,0.4444444444444444,-0.0618644826315864,0.0129818001129201,0.576271186440678,0.4090909090909091,6.423728813559322,4.515151515151516,2.4,1.9090909090909087,0.75,0.5,-0.0333798723069628,0.5,0.0902367164406721,-0.5317505925344969,-0.16837644959857279,-0.2569169960474309,-0.805307760927743,-3.362977602108037,-0.4714285714285711,-1.1398601398601396,0.0,0.5,-0.012491560194345996,-0.05555555555555558,-0.037633326273716,-8.923220160332592,9.044444444444444,0.0,0.0,0.0,0.0462510550595775,-1.838013430436452,8.1,0.0625,0.03125,0.0,-0.08388438133329351,-7.08520672989614,0.9444444444444446,-0.0625,-0.03125,0.0,0,386.4,0.0,1,0,0,0,0,0,0,0,0,0,0,12,-12,0,0,0,0,0,0,0,0,0,0,0,0,0,0,0,0,0,0,0,0,0,0,0,0,0,0,0,6,3,3
401326630,2021,WC,19,2022-01-16,Sunday,13:00,PHI,TB,15,31,Home,8,7,293,-352,7.5,-107,-104,45.5,100,-112,0,outdoors,grass,66.0,21.0,00-0036389,00-0019596,Jalen Hurts,Tom Brady,Nick Sirianni,Bruce Arians,TAM00,Raymond James Stadium,0.271,0.729,300,-330,+7½-115,-7-110,64.576,0.7743,0.2256,0.0,13.83,33.67,47.5,9.918,-9.918,8.245,0.155,47.5,-7.0,7.0,Grass,Partly Cloudy Day,65.91,2%,Rain,17.06,260.0,16,46,1,8.5,WIN,OVER,0.2962910350184059,-0.1962790671641018,0.4745762711864407,0.4,6.9491525423728815,4.542857142857143,3.4166666666666665,1.4166666666666667,0.8333333333333334,0.5,0.3633374072576655,0.3636363636363636,0.0988450064442208,0.6452812925838055,0.4142857142857143,0.603448275862069,4.514285714285714,8.258620689655173,2.6,5.1,0.75,1.0,-0.2217624605121576,0.5555555555555556,0.19744602857418514,-0.8415603597479073,0.06029055690072638,-0.20344827586206893,2.4348668280871673,-3.71576354679803,0.8166666666666664,-3.6833333333333327,0.08333333333333337,-0.5,0.5850998677698231,-0.191919191919192,0.4695191406566085,13.118918819559944,7.567567567567567,0.0263157894736842,0.0,0.0,0.2796089421114683,6.680278778076172,10.153846153846152,0.037037037037037,0.0,0.0,0.18991019854514019,6.438640041483772,-2.586278586278585,-0.010721247563352802,0.0,0.0,-1,924.2,0.0,1,0,0,0,2,0,2,0,0,0,5,2,3,1,0,1,1,0,1,0,0,0,0,0,0,1,0,1,0,0,0,0,0,0,0.37,0,0.37,0,0,0,7,7,0
401326629,2021,WC,19,2022-01-16,Sunday,16:30,SF,DAL,23,17,Home,7,8,144,-162,3.0,100,-112,51.0,-111,100,0,closed,matrixturf,,,00-0031345,00-0033077,Jimmy Garoppolo,Dak Prescott,Kyle Shanahan,Mike McCarthy,DAL00,AT&T Stadium,0.339,0.661,165,-175,+3+110,-3½-110,78.398,0.6386,0.3614,0.0,20.83,30.17,51.0,4.671,-4.671,5.383,4.407,51.0,-3.5,3.5,Dome,,,,,,,-6,40,0,-9.0,LOSS,UNDER,0.6452812925838055,0.0988450064442208,0.603448275862069,0.4142857142857143,8.258620689655173,4.514285714285714,5.1,2.6,1.0,0.75,0.3531614686375674,0.6153846153846154,0.1110890805513634,0.0408405834814049,0.5151515151515151,0.375,6.803030303030303,4.140625,2.4545454545454546,2.1818181818181817,0.6,0.75,-0.0121851900615953,0.6428571428571429,0.534192212032442,0.058004422962815896,0.08829676071055381,0.03928571428571431,1.4555903866248698,0.37366071428571423,2.645454545454545,0.41818181818181843,0.4,0.0,0.3653466586991627,-0.027472527472527486,0.9015767917286224,14.606709502361438,8.444444444444445,0.0357142857142857,0.0,0.0,0.0996316661073075,4.381721923428197,8.40625,0.088235294117647,0.0588235294117647,0.0294117647058823,0.8019451256213148,10.224987578933241,0.03819444444444464,-0.0525210084033613,-0.0588235294117647,-0.0294117647058823,1,1438.4,2.0,0,1,0,0,1,0,1,0,0,0,0,4,-4,0,0,0,0,0,0,0,0,0,0,0,0,0,0,0,0,0,0,0,0,0,0,0,0,0.61,0,0.61,4,2,2
401326628,2021,WC,19,2022-01-16,Sunday,20:15,PIT,KC,21,42,Home,7,8,522,-697,13.0,-124,111,46.0,-107,-104,0,outdoors,grass,30.0,8.0,00-0022924,00-0033873,Ben Roethlisberger,Patrick Mahomes,Mike Tomlin,Andy Reid,KAN00,GEHA Field at Arrowhead Stadium,0.237,0.763,525,-630,+12½-110,-12-110,57.719,0.758,0.2419,0.0,14.03,32.47,46.5,9.218,-9.218,6.216,-1.471,46.5,-11.5,11.5,Grass,Partly Cloudy Night,33.53,,,3.88,120.0,21,63,1,8.0,WIN,OVER,0.2380739227901435,0.038340950342965,0.5138888888888888,0.4814814814814814,5.5,6.7407407407407405,2.4444444444444446,3.0,0.4,0.6,0.0591476667016793,0.5714285714285714,-0.0630210687531434,-0.2404428988117443,0.375,0.380281690140845,4.416666666666667,5.366197183098592,1.0666666666666669,0.8666666666666667,0.3333333333333333,0.3333333333333333,-0.1297682631411589,0.3529411764705882,0.3010949915432869,0.27878384915470933,0.13888888888888884,0.10119979134063639,1.083333333333333,1.3745435576421485,1.3777777777777778,2.1333333333333333,0.06666666666666671,0.26666666666666666,0.18891592984283823,0.2184873949579832,0.2696189884102949,-3.055672347545624,6.318181818181818,0.0222222222222222,0.0,0.0,0.0641172855309883,-0.6906401704658165,6.431818181818182,0.0222222222222222,0.0222222222222222,0.0,0.2055017028793066,-2.365032177079807,-0.11363636363636331,0.0,-0.0222222222222222,0.0,1,773.8,1.0,1,0,0,0,1,0,1,0,0,0,1,1,0,1,0,1,1,0,1,0,0,0,0,0,0,1,0,1,0,0,0,0,0,0,0.3,0,0.3,0,0,0,1,4,-3
401326625,2021,WC,19,2022-01-17,Monday,20:15,ARI,LA,11,34,Home,8,8,158,-179,4.0,-117,105,49.5,-103,-109,1,dome,matrixturf,,,00-0035228,00-0026498,Kyler Murray,Matthew Stafford,Kliff Kingsbury,Sean McVay,LAX01,SoFi Stadium,0.391,0.609,160,-170,+3½-115,-3-110,78.775,0.581,0.4189,0.0,21.81,27.19,49.0,2.694,-2.694,5.989,3.688,49.0,-3.0,3.0,Grass,Cloudy,63.36,8%,Rain,1.09,67.0,23,45,1,19.0,WIN,UNDER,0.0408405834814049,0.1110890805513634,0.375,0.5151515151515151,4.140625,6.803030303030303,2.1818181818181817,2.4545454545454546,0.75,0.6,-0.3119465438623751,0.5882352941176471,-0.0228590826301633,0.1817625670947458,0.4722222222222222,0.4464285714285714,4.236111111111111,7.714285714285714,2.1818181818181817,3.4545454545454546,0.4,0.8333333333333334,-0.0461746279929334,0.5,0.0636996661115682,-0.0706734865433824,-0.09722222222222221,0.06872294372294374,-0.09548611111111072,-0.9112554112554117,0.0,-1.0,0.35,-0.2333333333333334,-0.2657719158694417,0.08823529411764708,0.3398199039337722,-1.976138912141323,8.6875,0.1351351351351351,0.054054054054054,0.0,-0.0808187915032306,0.6918743634835269,6.461538461538462,0.1136363636363636,0.0,0.0,0.42063869543700283,-2.6680132756248502,2.2259615384615383,0.021498771498771482,0.054054054054054,0.0,0,350.3,1.0,1,0,0,0,1,0,1,1,0,1,1,6,-5,1,0,1,1,0,1,0,0,0,0,0,0,0,0,0,0,0,0,1,0,1,0,0,0,0.83,0,0.83,4,3,1
401326632,2021,DIV,20,2022-01-22,Saturday,16:30,CIN,TEN,19,16,Home,7,13,170,-191,4.0,-109,-102,48.5,-102,-110,0,outdoors,grass,35.0,0.0,00-0036442,00-0029701,Joe Burrow,Ryan Tannehill,Zac Taylor,Mike Vrabel,NAS00,Nissan Stadium,0.409,0.591,185,-200,+4-110,-4-110,60.309,0.5952,0.4047,0.0,21.08,27.42,48.5,3.174,-3.174,1.585,1.619,48.5,-4.0,4.0,Grass,Clear Day,34.12,,,3.97,251.0,-3,35,0,-7.0,LOSS,UNDER,,,,,,,,,,,,,0.1187688421923441,0.0488659251303715,0.4067796610169492,0.4142857142857143,5.254237288135593,5.5,2.6,2.111111111111111,0.4,0.2,0.0969196344452464,0.4166666666666667,,,,,,,,,,,,,0.5677438004641117,7.87210101261735,10.21875,0.0303030303030303,0.0,0.0,0.2781603386542663,11.20355436578393,8.558823529411764,0.0555555555555555,0.0,0.0,0.28958346180984534,-3.33145335316658,1.6599264705882355,-0.025252525252525197,0.0,0.0,6,237.0,1.0,1,0,0,0,0,0,0,0,0,0,1,1,0,0,0,0,0,0,0,0,0,0,0,0,0,0,0,0,0,0,0,0,0,0,0,0,0,0,0,0,7,0,7
401326631,2021,DIV,20,2022-01-22,Saturday,20:15,SF,GB,13,10,Home,6,13,228,-261,5.5,102,-114,47.0,-104,-107,0,outdoors,grass,15.0,12.0,00-0031345,00-0023459,Jimmy Garoppolo,Aaron Rodgers,Kyle Shanahan,Matt LaFleur,GNB00,Lambeau Field,0.415,0.585,225,-240,+6-110,-6-110,72.31,0.6448,0.3551,0.0,18.61,28.39,47.0,4.889,-4.889,5.281,4.407,47.0,-6.0,6.0,Grass,Partly Cloudy Night,13.36,,,8.43,271.0,-3,23,0,-8.5,LOSS,UNDER,,,,,,,,,,,,,-0.0494548035541762,-0.1360539075991963,0.4285714285714285,0.4057971014492754,5.412698412698413,4.449275362318841,2.090909090909091,1.5454545454545454,1.0,1.0,-0.1362421147839632,0.4615384615384615,,,,,,,,,,,,,0.17731399746013,6.637712154123518,6.0,0.1428571428571428,0.0,0.0,0.0063712246920074,-5.260265469551086,6.16,0.0,0.04,0.0,0.1709427727681226,11.897977623674604,-0.16000000000000014,0.1428571428571428,-0.04,0.0,7,1821.7,2.0,0,1,0,0,0,0,0,1,0,1,2,3,-1,0,0,0,0,0,0,0,0,0,0,0,0,0,0,0,0,0,0,0,0,0,0,0,0,0,0,0,6,0,6
401326634,2021,DIV,20,2022-01-23,Sunday,15:00,LA,TB,30,27,Home,6,7,131,-145,2.5,108,-121,48.0,-102,-109,0,outdoors,grass,50.0,11.0,00-0026498,00-0019596,Matthew Stafford,Tom Brady,Sean McVay,Bruce Arians,TAM00,Raymond James Stadium,0.379,0.621,130,-142,+3-110,-3+105,83.332,0.658,0.3419,0.0,18.64,29.36,48.0,5.36,-5.36,8.245,5.989,48.0,-2.5,2.5,Grass,Partly Cloudy Day,53.44,,,10.18,304.0,-3,57,0,-5.5,LOSS,OVER,0.0557226710736418,-0.0928372566475947,0.4861111111111111,0.3968253968253968,4.847222222222222,5.412698412698413,2.3846153846153846,1.1538461538461535,0.6666666666666666,1.0,0.1736980454433219,0.3076923076923077,0.0984224191610457,-0.3963380665615356,0.3859649122807017,0.3518518518518518,6.578947368421052,3.388888888888889,2.5454545454545454,0.9166666666666666,0.6,1.0,0.108349852806317,0.4615384615384615,-0.0426997480874039,0.3035008099139409,0.10014619883040943,0.044973544973545,-1.73172514619883,2.023809523809524,-0.16083916083916083,0.2371794871794869,0.06666666666666665,0.0,0.0653481926370049,-0.1538461538461538,0.2006474381937855,8.176805989609825,4.513513513513513,0.0975609756097561,0.0,0.0,0.6951041249590667,11.122940393055186,10.470588235294118,0.0555555555555555,0.0,0.0,-0.4944566867652812,-2.9461344034453614,-5.957074721780605,0.042005420054200604,0.0,0.0,1,2151.7,3.0,0,1,0,0,2,2,0,0,1,-1,5,0,5,2,2,0,2,2,0,0,0,0,0,1,-1,2,0,2,0,0,0,0,1,-1,0.76,0.5,0.26,0,0.83,-0.83,0,4,-4
401326633,2021,DIV,20,2022-01-23,Sunday,18:30,BUF,KC,36,42,Home,8,7,124,-138,2.5,-101,-110,54.0,-105,-106,0,outdoors,grass,35.0,6.0,00-0034857,00-0033873,Josh Allen,Patrick Mahomes,Sean McDermott,Andy Reid,KAN00,GEHA Field at Arrowhead Stadium,0.397,0.603,120,-130,+2½-110,-2-110,94.774,0.4794,0.5205,0.0,27.68,26.32,54.0,-0.679,0.679,6.216,8.594,54.0,-2.5,2.5,Grass,Partly Cloudy Night,37.57,,,4.23,131.0,6,78,1,3.5,WIN,OVER,0.2132446690928191,-0.1136056186505951,0.5384615384615384,0.4,7.3538461538461535,3.969230769230769,3.5,1.1538461538461535,1.0,0.5,0.0058956202498487,0.6666666666666666,0.7679822236326906,0.0700159966237454,0.6862745098039216,0.3833333333333333,9.490196078431373,5.083333333333333,5.222222222222222,2.125,1.0,1.0,0.7494088991946127,0.8571428571428571,-0.5547375545398715,-0.1836216152743405,-0.14781297134238314,0.01666666666666672,-2.136349924585219,-1.1141025641025641,-1.7222222222222223,-0.9711538461538465,0.0,-0.5,-0.743513278944764,-0.19047619047619047,0.4529875434153447,10.632974312112138,4.974358974358975,0.0714285714285714,0.0238095238095238,0.0,0.9187689049949403,17.967855095863342,9.2,0.0,0.0,0.0,-0.46578136157959565,-7.3348807837512044,-4.225641025641024,0.0714285714285714,0.0238095238095238,0.0,-1,857.6,1.0,1,0,0,0,0,0,0,0,0,0,2,0,2,0,0,0,0,0,0,0,0,0,0,0,0,0,0,0,0,0,0,0,0,0,0,0,0,0,0,0,0,2,-2
401326635,2021,CON,21,2022-01-30,Sunday,15:00,CIN,KC,27,24,Home,8,7,250,-320,7.0,-105,-115,54.5,-110,-110,0,outdoors,grass,41.0,4.0,00-0036442,00-0033873,Joe Burrow,Patrick Mahomes,Zac Taylor,Andy Reid,KAN00,GEHA Field at Arrowhead Stadium,0.274,0.726,280,-310,+7-105,-7-105,70.771,0.6961,0.3038,0.0,20.49,34.01,54.5,6.756,-6.756,6.216,1.619,54.5,-7.0,7.0,Grass,Clear Day,42.98,,,3.8,68.0,-3,51,0,-10.0,LOSS,UNDER,0.3785362510977108,0.3955854915936943,0.5342465753424658,0.5,7.561643835616438,6.625,3.8181818181818175,4.0,0.7142857142857143,1.0,0.2912100710911524,0.6153846153846154,-0.0824005076008038,-0.1619461627813032,0.3968253968253968,0.4339622641509434,5.476190476190476,6.660377358490566,1.5833333333333333,1.3333333333333333,0.3333333333333333,0.5,-0.0788768380763224,0.4666666666666667,0.4609367586985146,0.5575316543749975,0.13742117851706898,0.06603773584905659,2.085453359425962,-0.03537735849056567,2.2348484848484844,2.666666666666667,0.380952380952381,0.5,0.3700869091674748,0.14871794871794874,0.4640974117389199,7.47558091367994,5.136363636363637,0.0434782608695652,0.0,0.0,-0.1108190832997342,6.379155601773944,4.351351351351352,0.2,0.0222222222222222,0.0,0.574916495038654,1.0964253119059952,0.7850122850122849,-0.15652173913043482,-0.0222222222222222,0.0,-1,534.4,1.0,1,0,0,0,0,0,0,0,2,-2,2,1,1,0,0,0,0,0,0,0,0,0,0,0,0,0,0,0,0,0,0,0,0,0,0,0,0,0,0,0,0,9,-9
401326636,2021,CON,21,2022-01-30,Sunday,18:30,SF,LA,17,20,Home,8,7,155,-180,3.5,-110,-110,45.5,-105,-115,1,dome,matrixturf,,,00-0031345,00-0026498,Jimmy Garoppolo,Matthew Stafford,Kyle Shanahan,Sean McVay,LAX01,SoFi Stadium,0.36,0.64,170,-173,+3½-110,-3½+100,82.279,0.5945,0.4054,0.0,19.6,25.9,45.5,3.151,-3.151,5.989,4.407,45.5,-3.5,3.5,Grass,Clear Day,67.6,,,6.04,243.0,3,37,1,-0.5,LOSS,UNDER,-0.1286131966821663,-0.1509901409025514,0.463768115942029,0.3571428571428571,6.202898550724638,5.128571428571429,2.0,1.6875,0.5,0.75,-0.2338352692132848,0.3636363636363636,-0.2577399787938213,-0.1227926123382479,0.4038461538461538,0.3584905660377358,4.076923076923077,4.962264150943396,0.7,0.9090909090909092,0.0,0.3333333333333333,-0.1646962101269838,0.3636363636363636,0.12912678211165501,-0.028197528564303492,0.05992196209587519,-0.0013477088948787297,2.125975473801561,0.1663072776280332,1.3,0.7784090909090908,0.5,0.4166666666666667,-0.069139059086301,0.0,0.4320691933430844,13.222994117273224,7.815789473684211,0.0512820512820512,0.0,0.0,-0.3264214126754655,-9.271073341369627,5.7368421052631575,0.1739130434782608,0.0434782608695652,0.0,0.7584906060185499,22.494067458642853,2.078947368421053,-0.12263099219620961,-0.0434782608695652,0.0,-1,313.5,0.0,0,1,0,0,0,0,0,1,0,1,2,2,0,0,0,0,0,0,0,0,0,0,0,0,0,0,0,0,0,0,0,0,0,0,0,0,0,0,0,0,1,5,-4
401326638,2021,SB,22,2022-02-13,Sunday,18:30,LA,CIN,23,20,Neutral,14,14,-190,160,-4.5,-110,-110,48.5,-110,-110,0,dome,matrixturf,,,00-0026498,00-0036442,Matthew Stafford,Joe Burrow,Sean McVay,Zac Taylor,LAX01,SoFi Stadium,0.643,0.357,-195,185,-4½-105,+4½-105,74.574,0.3366,0.6633,0.0,29.8,18.7,48.5,-5.553,5.553,1.619,5.989,48.5,4.5,-4.5,Grass,Cloudy,24.62,2%,Snow,8.4,319.0,-3,43,0,1.5,WIN,UNDER,0.0790981286832599,-0.0303554643275531,0.4477611940298507,0.5522388059701493,5.388059701492537,5.597014925373134,2.7,2.0,0.4,0.6,-0.0050386308821955,0.5714285714285714,0.07036479781325,-0.0587615977057729,0.4520547945205479,0.3265306122448979,5.506849315068493,5.755102040816326,2.2222222222222223,1.8888888888888888,0.3333333333333333,0.6666666666666666,-0.0098351189443333,0.6111111111111112,0.008733330870009895,0.028406133378219796,-0.004293600490697214,0.22570819372525142,-0.11878961357595585,-0.15808711544319198,0.47777777777777786,0.11111111111111116,0.06666666666666671,-0.06666666666666665,0.004796488062137799,-0.039682539682539764,0.097838194867616,-1.8473353650834825,5.605263157894737,0.025,0.025,0.0,0.2788112031636323,6.444983681042989,8.8,0.0425531914893617,0.0212765957446808,0.0,-0.18097300829601629,-8.29231904612647,-3.1947368421052635,-0.0175531914893617,0.003723404255319203,0.0,0,1900.0,3.0,0,1,0,1,0,0,0,0,0,0,1,0,1,0,0,0,0,0,0,0,0,0,0,0,0,0,0,0,0,0,0,0,0,0,0,0,0,0,0,0,1,3,-2
