game_id,season,game_type,week,gameday,weekday,gametime,away_team,home_team,away_score,home_score,location,away_rest,home_rest,away_moneyline,home_moneyline,spread_line,away_spread_odds,home_spread_odds,total_line,under_odds,over_odds,div_game,roof,surface,temp,wind,away_qb_id,home_qb_id,away_qb_name,home_qb_name,away_coach,home_coach,stadium_id,stadium,drat_away_prob,drat_home_prob,drat_away_moneyline,drat_home_moneyline,drat_away_spread,drat_home_spread,epred_matchupQuality,epred_home_prob,epred_away_prob,epred_tie_prob,epred_away_projected_pts,epred_home_projected_pts,epred_total_projected_pts,epred_home_PtDiff,epred_away_PtDiff,epred_home_rating,epred_away_rating,hist_odds_total,hist_home_spread,hist_away_spread,hist_surface,hist_weather_icon,hist_temperature,hist_precip_probability,hist_precip_type,hist_wind_speed,hist_wind_bearing,margin,total_points,home_win,home_ats_margin,home_ats_result,total_result,home_off_epa_per_play,home_def_epa_per_play,home_off_success_rate,home_def_success_rate,home_yards_per_play,home_yards_per_play_allowed,home_points_per_drive,home_points_per_drive_allowed,home_red_zone_td_rate,home_red_zone_td_rate_allowed,home_early_down_epa,home_third_down_conversion_rate,away_off_epa_per_play,away_def_epa_per_play,away_off_success_rate,away_def_success_rate,away_yards_per_play,away_yards_per_play_allowed,away_points_per_drive,away_points_per_drive_allowed,away_red_zone_td_rate,away_red_zone_td_rate_allowed,away_early_down_epa,away_third_down_conversion_rate,off_epa_per_play_diff,def_epa_per_play_diff,off_success_rate_diff,def_success_rate_diff,yards_per_play_diff,yards_per_play_allowed_diff,points_per_drive_diff,points_per_drive_allowed_diff,red_zone_td_rate_diff,red_zone_td_rate_allowed_diff,early_down_epa_diff,third_down_conversion_rate_diff,home_qb_epa_per_play,home_qb_cpoe,home_qb_air_yards,home_qb_sack_rate,home_qb_interception_rate,home_qb_fumble_rate,away_qb_epa_per_play,away_qb_cpoe,away_qb_air_yards,away_qb_sack_rate,away_qb_interception_rate,away_qb_fumble_rate,qb_epa_per_play_diff,qb_cpoe_diff,qb_air_yards_diff,qb_sack_rate_diff,qb_interception_rate_diff,qb_fumble_rate_diff,rest_diff,miles_traveled,time_zones_crossed,east_to_west,west_to_east,international_flag,neutral_site_flag,home_inj_out_count,away_inj_out_count,inj_out_count_diff,home_inj_doubtful_count,away_inj_doubtful_count,inj_doubtful_count_diff,home_inj_questionable_count,away_inj_questionable_count,inj_questionable_count_diff,home_inj_starter_out_count,away_inj_starter_out_count,inj_starter_out_count_diff,home_inj_top2_depth_out_count,away_inj_top2_depth_out_count,inj_top2_depth_out_count_diff,home_inj_qb1_out,away_inj_qb1_out,inj_qb1_out_diff,home_inj_ol_starter_out_count,away_inj_ol_starter_out_count,inj_ol_starter_out_count_diff,home_inj_skill_starter_out_count,away_inj_skill_starter_out_count,inj_skill_starter_out_count_diff,home_inj_front7_starter_out_count,away_inj_front7_starter_out_count,inj_front7_starter_out_count_diff,home_inj_secondary_starter_out_count,away_inj_secondary_starter_out_count,inj_secondary_starter_out_count_diff,home_inj_offense_unavailable_snap_share,away_inj_offense_unavailable_snap_share,inj_offense_unavailable_snap_share_diff,home_inj_defense_unavailable_snap_share,away_inj_defense_unavailable_snap_share,inj_defense_unavailable_snap_share_diff,home_depth_starter_changes,away_depth_starter_changes,depth_starter_changes_diff
401772510,2025,REG,1,2025-09-04,Thursday,20:20,DAL,PHI,20,24,Home,7,7,330,-425,8.5,-110,-110,47.5,-110,-110,1,outdoors,grass,75.0,11.0,00-0033077,00-0036389,Dak Prescott,Jalen Hurts,Brian Schottenheimer,Nick Sirianni,PHI00,Lincoln Financial Field,0.242,0.758,375,-450,+8-105,-8-105,64.041,0.6747,0.3227,0.0025,16.18,31.32,47.5,7.572,-7.572,5.429,-0.827,47.5,-8.0,8.0,Grass,Rain,73.8,100%,Rain,10.6,170.0,4,44,1,-4.5,LOSS,UNDER,0.018602979939594685,-0.3414511512982038,0.3582089552238806,0.4117647058823529,5.208955223880597,5.431372549019608,2.4285714285714284,1.6923076923076923,0.6,1.0,0.1254269803980027,0.25,-0.04375298736429034,0.08709049513575882,0.41333333333333333,0.48148148148148145,5.04,5.0,1.7272727272727273,2.3,0.16666666666666666,1.0,-0.019264059915648057,0.4117647058823529,0.062355967303885027,-0.42854164643396264,-0.055124378109452754,-0.06971677559912853,0.16895522388059714,0.4313725490196081,0.7012987012987011,-0.6076923076923075,0.43333333333333335,0.0,0.14469104031365077,-0.16176470588235292,0.5865466332155241,9.409254653887315,8.681818181818182,0.08333333333333333,0.041666666666666664,0.0,-0.13231960235198897,6.632674959572879,3.75,0.11538461538461539,0.0,0.0,0.7188662355675131,2.776579694314436,4.931818181818182,-0.03205128205128206,0.041666666666666664,0.0,0,1312.5,1.0,0,1,0,0,1,1,0,0,0,0,0,0,0,0,0,0,1,0,1,0,0,0,0,0,0,0,0,0,0,0,0,0,0,0,1,0,1,0,0,0,0,0,0
401772714,2025,REG,1,2025-09-05,Friday,20:00,KC,LAC,21,27,Neutral,7,7,-175,145,-3.0,-120,100,47.5,-110,-110,1,dome,,,,00-0033873,00-0036355,Patrick Mahomes,Justin Herbert,Andy Reid,Jim Harbaugh,LAX01,SoFi Stadium,0.61,0.39,-150,150,-3-105,+3+100,75.987,0.4236,0.5729,0.0034,26.52,20.98,47.5,-2.771,2.771,2.348,5.127,47.5,3.0,-3.0,Turf,,,,,,,6,48,1,9.0,WIN,OVER,-0.5168468905505953,-0.1067488155038469,0.3333333333333333,0.39705882352941174,4.833333333333333,6.338235294117647,0.8571428571428571,1.7142857142857142,0.5,0.4,-0.6203276836119281,0.2727272727272727,-0.3414511512982038,0.018602979939594685,0.4117647058823529,0.3582089552238806,5.431372549019608,5.208955223880597,1.6923076923076923,2.4285714285714284,1.0,0.6,-0.16450864434984788,0.2727272727272727,-0.1753957392523915,-0.1253517954434416,-0.0784313725490196,0.038849868305531166,-0.598039215686275,1.1292800702370496,-0.8351648351648352,-0.7142857142857142,-0.5,-0.19999999999999996,-0.45581903926208023,0.0,-0.6404616925856779,-20.68233210593462,12.65625,0.1111111111111111,0.1111111111111111,0.0,-0.382362143421045,-3.069744724780321,7.6875,0.15,0.05,0.025,-0.25809954916463285,-17.6125873811543,4.96875,-0.03888888888888889,0.0611111111111111,-0.025,0,1366.5,2.0,1,0,1,1,0,1,-1,0,0,0,1,1,0,0,0,0,0,0,0,0,0,0,0,0,0,0,0,0,0,0,0,0,0,0,0,0,0,0,0,0,0,0,0
401772718,2025,REG,1,2025-09-07,Sunday,13:00,ARI,NO,20,13,Home,7,7,-270,220,-6.0,-108,-112,44.5,-112,-108,0,dome,sportturf,,,00-0035228,00-0039376,Kyler Murray,Spencer Rattler,Jonathan Gannon,Kellen Moore,NOR00,Mercedes-Benz Superdome,0.752,0.248,-235,240,-5-105,+6-110,30.07,0.4143,0.5823,0.0033,25.53,18.97,44.5,-3.281,3.281,-5.416,-0.789,44.5,5.5,-5.5,Dome,,,,,,,-7,33,0,-1.0,LOSS,UNDER,0.0020943582978157817,0.22456962449190762,0.4126984126984127,0.47619047619047616,4.634920634920635,6.285714285714286,2.111111111111111,2.7,0.5,0.75,0.05798425298355065,0.23076923076923078,0.2485928819962988,0.00923250367416129,0.5079365079365079,0.4788732394366197,6.238095238095238,6.154929577464789,3.9166666666666665,2.0,1.0,0.75,0.2802734877615519,0.36363636363636365,-0.24649852369848302,0.21533712081774634,-0.09523809523809523,-0.002682763246143527,-1.6031746031746028,0.13078470824949662,-1.8055555555555554,0.7000000000000002,-0.5,0.0,-0.22228923477800128,-0.13286713286713286,-0.024374757585681004,1.9112509412643237,8.80952380952381,0.045454545454545456,0.0,0.0,0.22888136289281732,8.872442040592432,6.371428571428571,0.0,0.0,0.0,-0.2532561204784983,-6.961191099328108,2.438095238095239,0.045454545454545456,0.0,0.0,0,1323.9,2.0,0,1,0,0,2,1,1,0,0,0,1,2,-1,2,0,2,2,1,1,0,0,0,1,0,1,0,0,0,1,0,1,0,0,0,1,0.71,0.29,0.61,0,0.61,0,0,0
401772719,2025,REG,1,2025-09-07,Sunday,13:00,MIA,IND,8,33,Home,7,7,-108,-112,1.5,-118,-102,47.5,-120,100,0,closed,fieldturf,,,00-0036212,00-0035710,Tua Tagovailoa,Daniel Jones,Mike McDaniel,Shane Steichen,IND00,Lucas Oil Stadium,0.433,0.567,-104,-110,+1-108,+0-110,36.923,0.5221,0.4741,0.0038,22.57,24.43,47.0,0.929,-0.929,-2.186,-1.768,47.0,-1.0,1.0,Dome,,,,,,,25,41,1,23.5,WIN,UNDER,0.011510927859925238,0.030341789432417866,0.4805194805194805,0.42424242424242425,5.571428571428571,4.863636363636363,2.0,1.7692307692307692,0.5,0.6666666666666666,0.12225572529514167,0.3333333333333333,-0.12810101581761324,0.06014006904525755,0.4264705882352941,0.42857142857142855,4.911764705882353,5.984126984126984,1.6666666666666667,2.6666666666666665,0.4,0.8,-0.13760705402599788,0.25,0.13961194367753849,-0.029798279612839686,0.05404889228418641,-0.0043290043290042934,0.6596638655462179,-1.1204906204906209,0.33333333333333326,-0.8974358974358974,0.09999999999999998,-0.13333333333333341,0.25986277932113955,0.08333333333333331,-0.2728436604077873,0.6589838303625586,7.351351351351352,0.05263157894736842,0.05263157894736842,0.0,0.16624582384276126,0.8361081442525314,5.794117647058823,0.0,0.0,0.0,-0.43908948425054856,-0.17712431388997285,1.5572337042925284,0.05263157894736842,0.05263157894736842,0.0,0,1013.1,0.0,1,0,0,0,0,3,-3,0,0,0,1,2,-1,0,1,-1,0,3,-3,0,0,0,0,0,0,0,1,-1,0,0,0,0,0,0,0,0.13,-0.13,0,0,0,0,0,0
401772720,2025,REG,1,2025-09-07,Sunday,13:00,LV,NE,20,13,Home,7,7,130,-155,2.5,100,-120,44.5,-115,-105,0,outdoors,fieldturf,62.0,4.0,00-0030565,00-0039851,Geno Smith,Drake Maye,Pete Carroll,Mike Vrabel,BOS00,Gillette Stadium,0.401,0.599,125,-135,+2½+100,-2½-110,32.275,0.5133,0.4827,0.0038,21.5,23.0,44.5,0.748,-0.748,-2.911,-2.321,44.5,-2.5,2.5,Turf,Rain,62.1,100%,Rain,1.3,353.0,-7,33,0,-9.5,LOSS,UNDER,0.033465403571571295,-0.06714681854610155,0.43103448275862066,0.4153846153846154,5.379310344827586,3.9846153846153847,2.3,1.6,0.5,1.0,-0.07183277722050779,0.3333333333333333,-0.1024311879410159,0.28720594113842624,0.425531914893617,0.5492957746478874,5.638297872340425,6.704225352112676,2.0,3.4,0.6666666666666666,0.5,-0.052249352612610295,0.2222222222222222,0.1358965915125872,-0.3543527596845278,0.005502567865003638,-0.13391115926327196,-0.25898752751283904,-2.7196099674972913,0.2999999999999998,-1.7999999999999998,-0.16666666666666663,0.5,-0.0195834246078975,0.1111111111111111,-1.3567682425491512,-78.4735381603241,3.0,0.5,0.0,0.0,0.3279620413039448,6.426791681183709,7.962962962962963,0.06666666666666667,0.0,0.0,-1.684730283853096,-84.90032984150781,-4.962962962962963,0.43333333333333335,0.0,0.0,0,2364.9,3.0,0,1,0,0,2,0,2,0,0,0,1,0,1,1,0,1,2,0,2,0,0,0,0,0,0,0,0,0,0,0,0,1,0,1,0,0,0,0.3,0,0.3,0,0,0
401772721,2025,REG,1,2025-09-07,Sunday,13:00,PIT,NYJ,34,32,Home,7,7,-155,130,-3.0,-110,-110,37.5,-108,-112,0,outdoors,fieldturf,67.0,3.0,00-0023459,00-0036945,Aaron Rodgers,Justin Fields,Mike Tomlin,Aaron Glenn,NYC01,MetLife Stadium,0.573,0.427,-160,146,-3-108,+3-108,36.137,0.4143,0.5823,0.0033,22.53,15.47,38.0,-3.529,3.529,-4.55,0.327,38.0,3.0,-3.0,Turf,Rain,64.2,100%,Rain,,,-2,66,0,1.0,WIN,OVER,0.06014006904525755,-0.12810101581761324,0.42857142857142855,0.4264705882352941,5.984126984126984,4.911764705882353,2.6666666666666665,1.6666666666666667,0.8,0.4,0.0016322210018794674,0.4166666666666667,0.11646198438723912,0.2994862820254639,0.38636363636363635,0.5142857142857142,6.386363636363637,6.642857142857143,1.5555555555555556,3.111111111111111,1.0,0.8,0.02940218593721511,0.45454545454545453,-0.05632191534198157,-0.42758729784307714,0.042207792207792194,-0.08781512605042013,-0.4022366522366525,-1.73109243697479,1.111111111111111,-1.4444444444444444,-0.19999999999999996,-0.4,-0.02776996493533564,-0.037878787878787845,-0.4703446136554703,-52.32738256454468,5.0,0.0,0.0,0.0,0.052000497046699734,-2.958623681749616,6.027777777777778,0.07692307692307693,0.02564102564102564,0.0,-0.52234511070217,-49.36875888279506,-1.0277777777777777,-0.07692307692307693,-0.02564102564102564,0.0,0,312.5,0.0,0,1,0,0,2,1,1,0,0,0,1,2,-1,0,1,-1,0,1,-1,0,0,0,0,0,0,0,0,0,0,1,-1,0,0,0,1,0,1,0,0,0,0,0,0
401772827,2025,REG,1,2025-09-07,Sunday,13:00,NYG,WAS,6,21,Home,7,7,240,-298,6.0,-108,-112,45.5,-110,-110,1,outdoors,grass,68.0,5.0,00-0029263,00-0039910,Russell Wilson,Jayden Daniels,Brian Daboll,Dan Quinn,WAS00,FedExField,0.253,0.747,245,-270,+6-108,-6-108,45.614,0.6753,0.322,0.0025,15.51,29.99,45.5,7.241,-7.241,2.267,-3.625,45.5,-6.0,6.0,Grass,Cloudy,69.6,,,4.1,357.0,15,27,1,9.0,WIN,UNDER,-0.08883798131256454,0.39857213176651024,0.3924050632911392,0.5846153846153846,4.455696202531645,7.107692307692307,1.9166666666666667,4.230769230769231,0.6666666666666666,1.0,-0.2767647084824151,0.4117647058823529,-0.11874411212082439,-0.04040916824392347,0.3888888888888889,0.40298507462686567,4.407407407407407,4.537313432835821,1.4444444444444444,2.0,0.5,0.5,-0.11053728650666823,0.2857142857142857,0.02990613080825985,0.43898130001043373,0.003516174402250327,0.18163030998851898,0.04828879512423789,2.5703788748564866,0.4722222222222223,2.230769230769231,0.16666666666666663,0.5,-0.16622742197574686,0.12605042016806722,0.000166679041566533,-6.051469432271046,7.25,0.05660377358490566,0.018867924528301886,0.0,0.24589163579300724,12.842574954032898,8.413793103448276,0.12121212121212122,0.0,0.0,-0.2457249567514407,-18.894044386303943,-1.1637931034482758,-0.06460834762721555,0.018867924528301886,0.0,0,198.1,0.0,1,0,0,0,0,0,0,0,1,-1,0,0,0,0,0,0,0,0,0,0,0,0,0,0,0,0,0,0,0,0,0,0,0,0,0,0,0,0,0,0,0,0,0
401772828,2025,REG,1,2025-09-07,Sunday,13:00,CAR,JAX,10,26,Home,7,7,170,-205,4.5,-110,-110,45.5,-108,-112,0,outdoors,grass,85.0,3.0,00-0039150,00-0036971,Bryce Young,Trevor Lawrence,Dave Canales,Liam Coen,JAX00,TIAA Bank Stadium,0.303,0.697,195,-220,+4½-108,-4-110,27.239,0.6097,0.3871,0.0031,18.4,26.6,45.0,4.099,-4.099,-1.773,-4.522,45.0,-4.5,4.5,Grass,Partly Cloudy Day,85.3,,,5.9,104.0,16,36,1,11.5,WIN,UNDER,0.030341789432417866,0.011510927859925238,0.42424242424242425,0.4805194805194805,4.863636363636363,5.571428571428571,1.7692307692307692,2.0,0.6666666666666666,0.5,0.06713798068185317,0.35714285714285715,0.41231425398478677,0.29230843032309944,0.5,0.6233766233766234,6.65625,6.974025974025974,4.0,3.4545454545454546,0.8571428571428571,0.8333333333333334,0.2688719769100905,0.5833333333333334,-0.3819724645523689,-0.2807975024631742,-0.07575757575757575,-0.14285714285714285,-1.7926136363636367,-1.4025974025974026,-2.230769230769231,-1.4545454545454546,-0.19047619047619047,-0.33333333333333337,-0.20173399622823734,-0.22619047619047622,-0.5041943465359509,-17.17317372560501,17.0,0.0,0.1,0.0,0.589385256213273,6.066769273842082,8.647058823529411,0.0,0.0,0.0,-1.093579602749224,-23.239942999447095,8.352941176470589,0.0,0.1,0.0,0,341.7,0.0,1,0,0,0,2,1,1,0,1,-1,1,0,1,0,0,0,2,0,2,0,0,0,0,0,0,0,0,0,0,0,0,0,0,0,0,0,0,0.28,0,0.28,0,0,0
401772829,2025,REG,1,2025-09-07,Sunday,13:00,CIN,CLE,17,16,Home,7,7,-238,195,-5.5,-105,-115,47.5,100,-120,1,outdoors,grass,63.0,10.0,00-0036442,00-0026158,Joe Burrow,Joe Flacco,Zac Taylor,Kevin Stefanski,CLE00,FirstEnergy Stadium,0.731,0.269,-220,210,-4½-110,+5-108,42.871,0.3572,0.6399,0.0028,29.88,18.12,48.0,-5.884,5.884,-4.847,2.387,48.0,4.5,-4.5,Grass,Partly Cloudy Day,63.1,,,7.0,310.0,-1,33,0,4.5,WIN,UNDER,-0.4532905818637893,0.15761476364842206,0.25925925925925924,0.4393939393939394,4.277777777777778,6.621212121212121,0.8333333333333334,2.4166666666666665,0.3333333333333333,0.6666666666666666,-0.4367266768036643,0.3333333333333333,-0.028872098026185216,-0.1747617132745999,0.4857142857142857,0.3448275862068966,4.5,3.3275862068965516,1.7272727272727273,1.5454545454545454,0.25,1.0,0.10269829599253302,0.38461538461538464,-0.42441848383760405,0.33237647692302197,-0.22645502645502646,0.09456635318704282,-0.22222222222222232,3.2936259143155695,-0.8939393939393939,0.8712121212121211,0.08333333333333331,-0.33333333333333337,-0.5394249727961973,-0.05128205128205132,-0.0859302332945095,-7.871816937740032,9.575,0.06976744186046512,0.0,0.0,-0.028524899947252193,8.202476281186808,4.108695652173913,0.08,0.02,0.02,-0.0574053333472573,-16.07429321892684,5.466304347826086,-0.010232558139534886,-0.02,-0.02,0,223.1,0.0,0,1,0,0,1,0,1,0,0,0,0,0,0,0,0,0,1,0,1,0,0,0,0,0,0,0,0,0,0,0,0,0,0,0,0,0,0,0.41,0,0.41,0,0,0
401772830,2025,REG,1,2025-09-07,Sunday,13:00,TB,ATL,23,20,Home,7,7,-115,-105,-1.5,-102,-118,47.5,-105,-115,1,closed,fieldturf,,,00-0034855,00-0039917,Baker Mayfield,Michael Penix,Todd Bowles,Raheem Morris,ATL97,Mercedes-Benz Stadium,0.54,0.46,-108,-105,+0-108,+1-110,43.179,0.4402,0.5562,0.0035,25.57,21.43,47.0,-2.07,2.07,-2.768,0.651,47.0,-1.0,1.0,Dome,,,,,,,-3,43,0,-1.5,LOSS,UNDER,0.29230843032309944,0.41231425398478677,0.6233766233766234,0.5,6.974025974025974,6.65625,3.4545454545454546,4.0,0.8333333333333334,0.8571428571428571,0.21005215236994748,0.6428571428571429,0.10660879265439384,0.11329059497378559,0.5227272727272727,0.43283582089552236,6.454545454545454,5.298507462686567,2.5,2.5,0.6666666666666666,0.3333333333333333,0.012671053843639252,0.5555555555555556,0.18569963766870562,0.2990236590110012,0.10064935064935066,0.06716417910447764,0.5194805194805197,1.3577425373134329,0.9545454545454546,1.5,0.16666666666666674,0.5238095238095237,0.19738109852630822,0.08730158730158732,0.14017638675078153,-6.810510480726087,11.236842105263158,0.02564102564102564,0.02564102564102564,0.0,0.7104797586641255,20.169017244787778,7.666666666666667,0.05263157894736842,0.0,0.0,-0.5703033719133439,-26.979527725513865,3.5701754385964906,-0.026990553306342778,0.02564102564102564,0.0,0,414.9,0.0,1,0,0,0,2,4,-2,0,0,0,1,1,0,0,1,-1,2,4,-2,0,0,0,0,1,-1,0,0,0,0,0,0,0,0,0,0,1.85,-1.85,0,0.93,-0.93,0,0,0
401772831,2025,REG,1,2025-09-07,Sunday,16:05,SF,SEA,17,13,Home,7,7,-135,114,-2.5,-105,-115,43.5,-112,-108,1,outdoors,fieldturf,67.0,6.0,00-0037834,00-0034869,Brock Purdy,Sam Darnold,Kyle Shanahan,Mike Macdonald,SEA00,Lumen Field,0.628,0.372,-125,125,-2-110,+2½-105,51.069,0.4462,0.5502,0.0035,23.45,20.05,43.5,-1.696,1.696,-1.227,1.789,43.5,2.0,-2.0,Turf,Cloudy,67.9,,,6.6,174.0,-4,30,0,-1.5,LOSS,UNDER,0.24005317011635172,0.02409587900480262,0.5283018867924528,0.4393939393939394,6.3584905660377355,6.106060606060606,3.0,2.5,1.0,0.4,0.17405760961317843,0.5454545454545454,0.00923250367416129,0.2485928819962988,0.4788732394366197,0.5079365079365079,6.154929577464789,6.238095238095238,2.0,3.9166666666666665,0.75,1.0,0.05535355299122914,0.38461538461538464,0.23082066644219043,-0.2244970029914962,0.04942864735583313,-0.06854256854256852,0.20356098857294658,-0.13203463203463173,1.0,-1.4166666666666665,0.25,-0.6,0.11870405662194929,0.16083916083916078,-0.5979747406703638,-4.985727109014988,10.5,0.18,0.02,0.02,0.3721569359250081,17.516821902245283,9.285714285714286,0.05555555555555555,0.05555555555555555,0.0,-0.9701316765953719,-22.50254901126027,1.2142857142857135,0.12444444444444444,-0.03555555555555555,0.02,0,704.5,0.0,1,0,0,0,3,0,3,0,2,-2,0,1,-1,0,0,0,3,0,3,0,0,0,0,0,0,0,0,0,0,0,0,0,0,0,0.33,0,0.33,0.58,0,0.58,0,0,0
401772832,2025,REG,1,2025-09-07,Sunday,16:05,TEN,DEN,12,20,Home,7,7,350,-455,8.5,-105,-115,42.5,-108,-112,0,outdoors,grass,84.0,6.0,00-0040676,00-0039732,Cam Ward,Bo Nix,Brian Callahan,Sean Payton,DEN00,Empower Field at Mile High,0.26,0.74,425,-450,+9-108,-9-108,40.033,0.676,0.3213,0.0025,13.57,28.93,42.5,7.676,-7.676,1.424,-4.91,42.5,-8.5,8.5,Grass,Partly Cloudy Day,79.2,,,1.2,38.0,8,32,1,-0.5,LOSS,UNDER,-0.12542957607891328,0.3278140308272996,0.42857142857142855,0.5714285714285714,5.333333333333333,6.8,0.875,3.875,0.5,0.42857142857142855,0.07719371400251047,0.2222222222222222,-0.18464127046662468,0.0626337290576773,0.36065573770491804,0.49122807017543857,5.180327868852459,6.578947368421052,1.4,1.5454545454545454,0.3333333333333333,0.4,-0.3663448850455184,0.3333333333333333,0.0592116943877114,0.26518030176962226,0.0679156908665105,0.08020050125313283,0.1530054644808736,0.2210526315789476,-0.5249999999999999,2.3295454545454546,0.16666666666666669,0.028571428571428525,0.44353859904802884,-0.1111111111111111,-0.30989562323834213,-4.506913640282371,11.818181818181818,0.08333333333333333,0.0,0.0,,,,,,,,,,,,,0,1022.5,1.0,1,0,0,0,3,0,3,0,1,-1,0,2,-2,1,0,1,2,0,2,0,0,0,0,0,0,0,0,0,1,0,1,0,0,0,0.21,0,0.21,0.52,0,0.52,0,0,0
401772722,2025,REG,1,2025-09-07,Sunday,16:25,DET,GB,13,27,Home,7,7,100,-120,1.5,-115,-105,48.5,-115,-105,1,outdoors,grass,60.0,5.0,00-0033106,00-0036264,Jared Goff,Jordan Love,Dan Campbell,Matt LaFleur,GNB00,Lambeau Field,0.471,0.529,105,-115,+1½-110,+0-110,75.409,0.4993,0.4966,0.0039,24.07,23.94,48.0,-0.065,0.065,3.096,4.501,48.0,-1.0,1.0,Grass,Cloudy,63.0,,,5.8,291.0,14,40,1,12.5,WIN,UNDER,-0.07451870522695668,0.04521132381326131,0.4576271186440678,0.35714285714285715,5.135593220338983,5.196428571428571,0.9090909090909091,2.0,0.3333333333333333,0.4,-0.18574511479131284,0.5384615384615384,0.07537729913764235,0.2877231585197768,0.5692307692307692,0.5070422535211268,8.015384615384615,6.802816901408451,2.8181818181818183,3.25,0.5714285714285714,0.8333333333333334,0.12414391618976542,0.3333333333333333,-0.14989600436459904,-0.2425118347065155,-0.11160365058670141,-0.1498993963782696,-2.8797913950456326,-1.6063883299798798,-1.9090909090909092,-1.25,-0.23809523809523808,-0.43333333333333335,-0.30988903098107823,0.20512820512820512,-0.15740215511435476,-5.420789574131821,8.393939393939394,0.05714285714285714,0.08571428571428572,0.0,-0.08467607801326385,-5.362836768229801,8.275,0.05128205128205128,0.07692307692307693,0.02564102564102564,-0.07272607710109091,-0.05795280590202001,0.11893939393939412,0.005860805860805861,0.008791208791208788,-0.02564102564102564,0,292.6,1.0,1,0,0,0,0,3,-3,0,0,0,7,0,7,0,0,0,0,1,-1,0,0,0,0,0,0,0,0,0,0,0,0,0,0,0,0,0.04,-0.04,0,0.23,-0.23,0,0,0
401772723,2025,REG,1,2025-09-07,Sunday,16:25,HOU,LA,9,14,Home,7,7,140,-166,3.5,-118,-102,43.5,-115,-105,0,dome,matrixturf,,,00-0039163,00-0026498,C.J. Stroud,Matthew Stafford,DeMeco Ryans,Sean McVay,LAX01,SoFi Stadium,0.469,0.531,155,-170,+3+102,-3-110,58.957,0.5461,0.4501,0.0036,19.48,23.52,43.0,2.017,-2.017,1.496,0.837,43.0,-3.0,3.0,Dome,,,,,,,5,23,1,1.5,WIN,UNDER,-0.06754598288626705,0.08272434354673676,0.42857142857142855,0.4166666666666667,5.742857142857143,5.85,1.6666666666666667,2.1538461538461537,0.3333333333333333,0.6,-0.020216531885895304,0.375,0.10316362409303242,0.04066761698757571,0.5,0.3829787234042553,5.265625,4.723404255319149,1.3333333333333333,2.5555555555555554,0.2,0.4,0.03045606163315193,0.5882352941176471,-0.1707096069792995,0.042056726559161046,-0.07142857142857145,0.03368794326241137,0.4772321428571429,1.1265957446808503,0.3333333333333335,-0.4017094017094016,0.1333333333333333,0.19999999999999996,-0.05067259351904724,-0.21323529411764708,0.07648096756618109,-5.1446580751375715,10.068181818181818,0.10204081632653061,0.0,0.02040816326530612,0.026970847236363518,7.0815419512135644,9.642857142857142,0.2222222222222222,0.0,0.027777777777777776,0.04951012032981757,-12.226200026351137,0.425324675324676,-0.1201814058956916,0.0,-0.007369614512471655,0,1375.0,2.0,1,0,0,0,0,2,-2,0,0,0,0,1,-1,0,1,-1,0,2,-2,0,0,0,0,0,0,0,1,-1,0,0,0,0,0,0,0,0.72,-0.72,0,0,0,0,0,0
401772918,2025,REG,1,2025-09-07,Sunday,20:20,BAL,BUF,40,41,Home,7,7,-130,110,-1.5,-118,-102,50.5,-105,-115,0,outdoors,a_turf,58.0,8.0,00-0034796,00-0034857,Lamar Jackson,Josh Allen,John Harbaugh,Sean McDermott,BUF00,New Era Field,0.468,0.532,-120,110,-1½-105,+1½-105,84.198,0.5046,0.4913,0.0039,25.18,26.32,51.5,0.572,-0.572,4.569,5.332,51.5,1.0,-1.0,Turf,Partly Cloudy Night,59.8,,,11.8,245.0,1,81,1,2.5,WIN,OVER,0.15695903849865547,0.269067650937761,0.44285714285714284,0.5409836065573771,5.3428571428571425,6.114754098360656,3.2222222222222223,3.2,1.0,0.6666666666666666,0.1453509245705694,0.35714285714285715,0.13992552086835042,0.07768964190875292,0.5172413793103449,0.49122807017543857,7.189655172413793,4.824561403508772,2.7777777777777777,3.0,0.75,0.75,-0.02699428976306487,0.7,0.017033517630305056,0.1913780090290081,-0.07438423645320202,0.049755536381938525,-1.8467980295566502,1.2901926948518838,0.44444444444444464,0.20000000000000018,0.25,-0.08333333333333337,0.17234521433363426,-0.3428571428571428,0.1967923317632859,5.189911059794888,8.794117647058824,0.05405405405405406,0.0,0.02702702702702703,0.15738579386627793,8.898711681365967,10.4,0.06896551724137931,0.034482758620689655,0.034482758620689655,0.03940653789700796,-3.708800621571079,-1.605882352941176,-0.014911463187325252,-0.034482758620689655,-0.007455731593662626,0,266.6,0.0,1,0,0,0,1,2,-1,1,0,1,0,0,0,1,1,0,1,2,-1,0,0,0,0,0,0,0,1,-1,0,0,0,0,0,0,0,1.22,-1.22,0,0,0,0,0,0
401772810,2025,REG,1,2025-09-08,Monday,20:15,MIN,CHI,27,24,Home,7,7,-112,-108,-1.5,100,-120,43.5,-112,-108,1,outdoors,grass,68.0,6.0,00-0039923,00-0039918,J.J. McCarthy,Caleb Williams,Kevin O'Connell,Ben Johnson,CHI98,Soldier Field,0.536,0.464,100,-105,+1-110,+1-110,54.86,0.5187,0.4774,0.0038,21.02,22.48,43.5,0.733,-0.733,0.047,0.808,43.5,1.5,-1.5,Grass,Partly Cloudy Day,69.0,,,7.5,203.0,-3,51,0,-1.5,LOSS,OVER,-0.17034980808239197,-0.10587411005574261,0.375,0.43548387096774194,4.0,5.919354838709677,1.5,1.6923076923076923,0.6666666666666666,0.5,-0.3647588712330794,0.5,-0.39005737776535093,0.04008577934741504,0.39436619718309857,0.4489795918367347,3.8028169014084505,5.979591836734694,0.8181818181818182,1.9090909090909092,0.5,0.3333333333333333,-0.1100014339353205,0.35294117647058826,0.21970756968295896,-0.14595988940315766,-0.019366197183098566,-0.013495720868992755,0.19718309859154948,-0.06023699802501703,0.6818181818181818,-0.21678321678321688,0.16666666666666663,0.16666666666666669,-0.2547574372977589,0.14705882352941174,0.1359193589024503,14.183932283650273,4.0,0.034482758620689655,0.0,0.034482758620689655,,,,,,,,,,,,,0,355.4,0.0,0,1,0,0,0,3,-3,1,0,1,4,1,3,0,1,-1,0,1,-1,0,0,0,0,0,0,0,0,0,0,0,0,0,1,-1,0,0,0,0,1,-1,0,0,0
401772936,2025,REG,2,2025-09-11,Thursday,20:15,WAS,GB,18,27,Home,4,4,154,-185,3.5,-118,-102,48.5,-105,-115,0,outdoors,grass,65.0,7.0,00-0039910,00-0036264,Jayden Daniels,Jordan Love,Dan Quinn,Matt LaFleur,GNB00,Lambeau Field,0.335,0.665,160,-175,+3+105,-3-110,75.861,0.5836,0.413,0.0033,20.41,27.59,48.0,3.586,-3.586,4.866,2.743,48.0,-3.0,3.0,Grass,Cloudy,64.1,,,6.8,20.0,9,45,1,5.5,WIN,UNDER,0.1996278730745921,-0.0622777864609656,0.4347826086956521,0.421875,5.804347826086956,3.859375,3.0,1.4444444444444444,0.6,0.25,0.149400945949102,0.4,0.1856554871614676,-0.241124205174367,0.532258064516129,0.3387096774193548,7.016129032258065,3.725806451612903,2.1,0.6666666666666666,0.75,0.0,0.2885676396421891,0.3636363636363636,0.013972385913124497,0.1788464187134014,-0.0974754558204769,0.08316532258064518,-1.2117812061711088,0.13356854838709697,0.8999999999999999,0.7777777777777778,-0.15000000000000002,0.25,-0.13916669369308712,0.03636363636363643,0.4575133750923031,13.074940307573838,11.5,0.0,0.0,0.0,0.0413562907929052,-1.2890843481853091,9.3,0.0909090909090909,0.0,0.0,0.4161570842993979,14.364024655759147,2.1999999999999993,-0.0909090909090909,0.0,0.0,0,694.0,1.0,1,0,0,0,2,0,2,0,0,0,5,2,3,0,0,0,1,0,1,0,0,0,0,0,0,0,0,0,0,0,0,0,0,0,0,0,0,0.12,0,0.12,1,0,1
401772724,2025,REG,2,2025-09-14,Sunday,13:00,LA,TEN,33,19,Home,7,7,-250,205,-5.5,-108,-112,41.5,-112,-108,0,outdoors,grass,83.0,3.0,00-0026498,00-0040676,Matthew Stafford,Cam Ward,Sean McVay,Brian Callahan,NAS00,Nissan Stadium,0.646,0.354,-245,220,-5½-108,+5½-108,36.469,0.3293,0.668,0.0026,27.23,13.77,41.0,-6.726,6.726,-6.445,1.713,41.0,5.5,-5.5,Grass,Partly Cloudy Day,84.5,,,,,-14,52,0,-8.5,LOSS,OVER,-0.4102946305332314,-0.1479046385714678,0.2363636363636363,0.391304347826087,2.418181818181818,4.6231884057971016,0.8571428571428571,1.4285714285714286,0.0,0.5,-0.3823367672928725,0.1428571428571428,-0.0383915475813079,-0.1323919035548428,0.4181818181818181,0.3684210526315789,5.418181818181818,4.649122807017544,1.5555555555555556,1.0,0.6666666666666666,0.0,-0.1134884554946727,0.5384615384615384,-0.3719030829519235,-0.015512735016625007,-0.1818181818181818,0.022883295194508046,-3.0,-0.025934401220442105,-0.6984126984126985,0.4285714285714286,-0.6666666666666666,0.5,-0.26884831179819985,-0.39560439560439564,-0.3938076005525824,-12.597031831741331,10.5,0.1764705882352941,0.0,0.0294117647058823,0.1903159017801954,5.381516899381365,7.793103448275862,0.09375,0.0,0.0,-0.5841235023327778,-17.978548731122697,2.706896551724138,0.0827205882352941,0.0,0.0294117647058823,0,1784.1,2.0,0,1,0,0,2,0,2,2,2,0,0,0,0,2,0,2,2,0,2,0,0,0,1,0,1,0,0,0,1,0,1,0,0,0,0.79,0,0.79,0.38,0,0.38,0,0,0
401772725,2025,REG,2,2025-09-14,Sunday,13:00,JAX,CIN,27,31,Home,7,7,160,-192,3.5,-115,-105,49.5,-115,-105,0,outdoors,fieldturf,85.0,3.0,00-0036971,00-0036442,Trevor Lawrence,Joe Burrow,Liam Coen,Zac Taylor,CIN00,Paycor Stadium,0.292,0.708,175,-180,+3½-108,-3½-108,54.814,0.599,0.3977,0.0031,20.76,28.74,49.5,3.99,-3.99,1.548,-0.854,49.5,-3.5,3.5,Turf,Clear Day,83.6,,,4.6,38.0,4,58,1,0.5,WIN,OVER,-0.1088681477091733,-0.0512021365084247,0.4081632653061224,0.3943661971830985,2.877551020408163,4.605633802816901,1.7,1.6,0.6666666666666666,0.6666666666666666,-0.1771613452084628,0.5,0.1524579965232106,-0.2563797084211179,0.4833333333333333,0.35,6.333333333333333,4.266666666666667,2.6,1.0,0.4,0.5,0.0704933126074422,0.4166666666666667,-0.2613261442323839,0.2051775719126932,-0.07517006802721088,0.04436619718309853,-3.45578231292517,0.33896713615023444,-0.9000000000000001,0.6000000000000001,0.2666666666666666,0.16666666666666663,-0.247654657815905,0.08333333333333331,-0.0127535668164835,-1.9334077835083008,7.3478260869565215,0.1153846153846153,0.0,0.0,0.0485257340340538,-4.054062428145573,7.193548387096774,0.0,0.0333333333333333,0.0,-0.0612793008505373,2.1206546446372725,0.15427769985974749,0.1153846153846153,-0.0333333333333333,0.0,0,627.6,0.0,1,0,0,0,0,1,-1,0,1,-1,0,0,0,0,0,0,0,1,-1,0,0,0,0,0,0,0,0,0,0,0,0,0,0,0,0,0,0,0,0,0,2,1,1
401772726,2025,REG,2,2025-09-14,Sunday,13:00,CLE,BAL,17,41,Home,7,7,600,-900,12.5,-105,-115,46.5,-110,-110,1,outdoors,grass,82.0,3.0,00-0026158,00-0034796,Joe Flacco,Lamar Jackson,Kevin Stefanski,John Harbaugh,BAL00,M&T Bank Stadium,0.112,0.888,725,-900,+12½-108,-12½-108,57.872,0.7965,0.2018,0.0016,10.34,36.16,46.5,12.908,-12.908,7.185,-4.278,46.5,-12.5,12.5,Grass,Clear Day,80.8,,,5.2,97.0,24,58,1,11.5,WIN,OVER,0.3856986985481338,0.2349865763823882,0.5,0.4935064935064935,8.64,6.51948051948052,3.636363636363636,3.4166666666666665,0.7142857142857143,0.7142857142857143,0.2657084326477697,0.5454545454545454,-0.0512021365084247,-0.1088681477091733,0.3943661971830985,0.4081632653061224,4.605633802816901,2.877551020408163,1.6,1.7,0.6666666666666666,0.6666666666666666,-0.1875552568330581,0.5625,0.4369008350565585,0.3438547240915615,0.10563380281690149,0.0853432282003711,4.0343661971830995,3.6419294990723565,2.0363636363636357,1.7166666666666666,0.04761904761904767,0.04761904761904767,0.45326368948082785,-0.017045454545454586,0.4189724084660335,8.720899255652176,9.105263157894736,0.0952380952380952,0.0,0.0,-0.0391942024729802,2.374263036818731,6.066666666666666,0.0425531914893617,0.0425531914893617,0.0,0.45816661093901373,6.346636218833445,3.03859649122807,0.052684903748733504,-0.0425531914893617,0.0,0,308.3,0.0,0,1,0,0,2,1,1,0,0,0,0,2,-2,1,0,1,2,1,1,0,0,0,0,0,0,1,0,1,0,0,0,0,0,0,0,0,0,0,0,0,2,4,-2
401772728,2025,REG,2,2025-09-14,Sunday,13:00,NE,MIA,33,27,Home,7,7,105,-125,1.5,-110,-110,43.5,-115,-105,1,outdoors,grass,89.0,4.0,00-0039851,00-0036212,Drake Maye,Tua Tagovailoa,Mike Vrabel,Mike McDaniel,MIA00,Hard Rock Stadium,0.453,0.547,120,-135,+2½-110,-2-108,26.388,0.5194,0.4767,0.0038,20.72,22.28,43.0,0.777,-0.777,-4.142,-3.239,43.0,-2.5,2.5,Grass,Partly Cloudy Day,90.4,,,3.6,270.0,-6,60,0,-7.5,LOSS,OVER,-0.2568240679328013,0.2645682559748231,0.425531914893617,0.5285714285714286,4.531914893617022,5.971428571428572,1.1428571428571428,4.714285714285714,1.0,0.5,-0.2846884081903708,0.5,-0.0660757663609487,0.114666814621136,0.4117647058823529,0.4333333333333333,4.941176470588236,6.5,1.181818181818182,1.6666666666666667,0.3333333333333333,1.0,-0.0564430943912752,0.2857142857142857,-0.19074830157185263,0.1499014413536871,0.013767209011264103,0.09523809523809529,-0.4092615769712147,-0.5285714285714276,-0.03896103896103931,3.0476190476190474,0.6666666666666667,-0.5,-0.22824531379909557,0.2142857142857143,-0.532317630007225,-7.551020383834839,7.217391304347826,0.1111111111111111,0.074074074074074,0.037037037037037,-0.0065126488582789,2.388444874021742,7.673913043478261,0.08,0.02,0.02,-0.5258049811489461,-9.93946525785658,-0.4565217391304346,0.031111111111111103,0.054074074074074,0.017037037037037,0,1225.7,0.0,1,0,0,0,4,2,2,2,0,2,1,2,-1,4,2,2,4,2,2,0,0,0,1,0,1,1,0,1,1,1,0,1,1,0,0.79,0,0.79,0.67,0.46,0.21,3,3,0
401772833,2025,REG,2,2025-09-14,Sunday,13:00,SF,NO,26,21,Home,7,7,-166,140,-3.0,-110,-110,40.5,-105,-115,0,dome,sportturf,,,00-0036972,00-0039376,Mac Jones,Spencer Rattler,Kyle Shanahan,Kellen Moore,NOR00,Mercedes-Benz Superdome,0.695,0.305,-155,140,-3+100,+3-110,45.685,0.478,0.518,0.0038,21.14,19.36,40.5,-0.89,0.89,-5.616,-3.201,40.5,3.0,-3.0,Dome,,,,,,,-5,47,0,-2.0,LOSS,OVER,-0.0416539869771526,0.0439891660435279,0.4328358208955223,0.4098360655737705,4.701492537313433,4.524590163934426,1.3,2.2222222222222223,0.2,0.6666666666666666,0.057462064808408,0.3571428571428571,0.1124434784286857,-0.265391186094444,0.5,0.4693877551020408,5.514285714285714,4.6938775510204085,1.5454545454545454,1.3,0.4,0.3333333333333333,-0.0456345531953653,0.5,-0.1540974654058383,0.3093803521379719,-0.0671641791044777,-0.05955168952827028,-0.8127931769722814,-0.16928738708598257,-0.24545454545454537,0.9222222222222223,-0.2,0.3333333333333333,0.1030966180037733,-0.1428571428571429,-0.0798485933685157,-4.958502839251263,7.304347826086956,0.0222222222222222,0.0,0.0,,,,,,,,,,,,,0,1894.4,2.0,0,1,0,0,3,1,2,0,0,0,1,2,-1,3,1,2,3,1,2,0,1,-1,1,0,1,0,0,0,1,0,1,1,0,1,0,1,-1,1,0,1,1,2,-1
401772834,2025,REG,2,2025-09-14,Sunday,13:00,NYG,DAL,37,40,Home,7,10,195,-238,4.5,100,-120,44.5,-110,-110,1,closed,matrixturf,,,00-0029263,00-0033077,Russell Wilson,Dak Prescott,Brian Daboll,Brian Schottenheimer,DAL00,AT&T Stadium,0.305,0.695,225,-240,+5½-110,-4½-108,38.067,0.6586,0.3386,0.0027,15.7,28.8,44.5,6.553,-6.553,0.519,-4.425,44.5,-4.5,4.5,Dome,,,,,,,3,77,1,-1.5,LOSS,OVER,0.035278117869239,0.1604501459603092,0.4545454545454545,0.5084745762711864,5.581818181818182,5.169491525423729,2.5,3.0,0.6666666666666666,1.0,-0.0401844619326618,0.6363636363636364,-0.241124205174367,0.1856554871614676,0.3387096774193548,0.532258064516129,3.725806451612903,7.016129032258065,0.6666666666666666,2.1,0.0,0.75,-0.147043615962585,0.25,0.276402323043606,-0.025205341201158388,0.11583577712609966,-0.023783488244942586,1.856011730205279,-1.8466375068343357,1.8333333333333335,0.8999999999999999,0.6666666666666666,0.25,0.1068591540299232,0.38636363636363635,0.0358610408303357,0.172881827209935,9.676470588235292,0.0,0.0,0.0,-0.2921496548917946,-13.457901123911142,6.108108108108108,0.0512820512820512,0.0,0.0,0.3280106957221303,13.630782951121077,3.568362480127184,-0.0512820512820512,0.0,0.0,3,1385.1,1.0,1,0,0,0,1,1,0,0,2,-2,0,1,-1,1,0,1,1,1,0,0,0,0,0,0,0,0,0,0,0,0,0,1,0,1,0,0,0,1,0,1,0,5,-5
401772835,2025,REG,2,2025-09-14,Sunday,13:00,CHI,DET,21,52,Home,6,7,220,-270,6.0,-110,-110,46.5,-112,-108,1,dome,fieldturf,,,00-0039918,00-0033106,Caleb Williams,Jared Goff,Ben Johnson,Dan Campbell,DET00,Ford Field,0.255,0.745,260,-270,+6½-108,-6-110,60.467,0.6184,0.3784,0.003,18.39,27.61,46.0,4.609,-4.609,2.826,-0.174,46.0,-6.0,6.0,Dome,,,,,,,31,73,1,25.0,WIN,OVER,-0.0622777864609656,0.1996278730745921,0.421875,0.4347826086956521,3.859375,5.804347826086956,1.4444444444444444,3.0,0.25,0.6,-0.0407657445136768,0.3333333333333333,-0.0713912130212326,-0.1768863151331753,0.3809523809523809,0.4117647058823529,5.031746031746032,5.019607843137255,1.2,2.076923076923077,0.6666666666666666,0.75,0.0186764842935372,0.25,0.009113426560266993,0.3765141882077674,0.040922619047619124,0.023017902813299185,-1.1723710317460316,0.7847399829497013,0.24444444444444446,0.9230769230769229,-0.41666666666666663,-0.15000000000000002,-0.059442228807214004,0.08333333333333331,0.0319622757649936,11.339418903777474,4.17948717948718,0.0930232558139534,0.0232558139534883,0.0,-0.18887156235513,-6.66688496575636,7.514285714285714,0.054054054054054,0.0,0.0,0.2208338381201236,18.006303869533834,-3.3347985347985345,0.0389692017598994,0.0232558139534883,0.0,1,236.6,1.0,0,1,0,0,1,1,0,1,1,0,2,1,1,0,1,-1,0,1,-1,0,0,0,0,0,0,0,0,0,0,0,0,0,1,-1,0,0,0,0,0,0,0,2,-2
401772836,2025,REG,2,2025-09-14,Sunday,13:00,SEA,PIT,31,17,Home,7,7,160,-192,3.5,-110,-110,40.5,-108,-112,0,outdoors,grass,79.0,5.0,00-0034869,00-0023459,Sam Darnold,Aaron Rodgers,Mike Macdonald,Mike Tomlin,PIT00,Acrisure Stadium,0.405,0.595,190,-210,+4-108,-4-108,45.809,0.6104,0.3864,0.0031,15.65,24.85,40.5,4.596,-4.596,0.754,-2.212,40.5,-3.5,3.5,Grass,Clear Day,79.0,,,3.4,8.0,-14,48,0,-17.5,LOSS,OVER,0.1703356245816413,0.2119751128738687,0.4150943396226415,0.5,5.132075471698113,6.15625,3.090909090909091,2.909090909090909,1.0,0.8,0.2251784743708666,0.4,-0.265391186094444,0.1124434784286857,0.4693877551020408,0.5,4.6938775510204085,5.514285714285714,1.3,1.5454545454545454,0.3333333333333333,0.4,-0.1531475172181412,0.3,0.4357268106760853,0.099531634445183,-0.05429341547939931,0.0,0.43819792067770447,0.6419642857142858,1.7909090909090908,1.3636363636363638,0.6666666666666667,0.4,0.3783259915890078,0.10000000000000003,0.3001398602833355,6.350380901632638,4.633333333333334,0.1176470588235294,0.0,0.0,-0.2932012070541011,7.339647954160517,8.565217391304348,0.0434782608695652,0.0,0.0434782608695652,0.5933410673374366,-0.9892670525278788,-3.931884057971014,0.0741687979539642,0.0,-0.0434782608695652,0,2131.6,3.0,0,1,0,0,3,1,2,0,1,-1,0,0,0,3,0,3,3,1,2,0,0,0,0,0,0,0,0,0,1,0,1,2,0,2,0,0,0,1.1,0.05,1.05,1,0,1
401772729,2025,REG,2,2025-09-14,Sunday,16:05,DEN,IND,28,29,Home,7,7,-130,110,-2.5,-105,-115,43.5,-112,-108,0,closed,fieldturf,,,00-0039732,00-0035710,Bo Nix,Daniel Jones,Sean Payton,Shane Steichen,IND00,Lucas Oil Stadium,0.607,0.393,-120,105,+0-110,+1½-108,54.673,0.512,0.484,0.0038,21.1,22.4,43.5,0.653,-0.653,0.181,0.877,43.5,1.0,-1.0,Dome,,,,,,,1,57,1,3.5,WIN,OVER,0.2645682559748231,-0.2568240679328013,0.5285714285714286,0.425531914893617,5.971428571428572,4.531914893617022,4.714285714285714,1.1428571428571428,0.5,1.0,0.2266523941126741,0.4666666666666667,-0.1479046385714678,-0.4102946305332314,0.391304347826087,0.2363636363636363,4.6231884057971016,2.418181818181818,1.4285714285714286,0.8571428571428571,0.5,0.0,-0.1961204949184321,0.4,0.4124728945462909,0.15347056260043007,0.1372670807453416,0.18916827852998072,1.3482401656314709,2.1137330754352037,3.2857142857142856,0.2857142857142857,0.0,1.0,0.4227728890311062,0.06666666666666665,0.4332571117027661,5.388343025898111,6.758620689655173,0.0333333333333333,0.0,0.0,-0.186726018072547,-1.6720025120554745,5.325,0.024390243902439,0.048780487804878,0.024390243902439,0.6199831297753131,7.0603455379535855,1.4336206896551724,0.008943089430894297,-0.048780487804878,-0.024390243902439,0,999.8,2.0,0,1,0,0,2,2,0,0,0,0,2,0,2,1,1,0,2,1,1,0,0,0,0,0,0,0,0,0,0,1,-1,1,0,1,0.024096,0,0.024096,1.011429,0,1.011429,0,0,0
401772730,2025,REG,2,2025-09-14,Sunday,16:05,CAR,ARI,22,27,Home,7,7,250,-310,7.0,-110,-110,45.5,-110,-110,0,closed,grass,,,00-0039150,00-0035228,Bryce Young,Kyler Murray,Dave Canales,Jonathan Gannon,PHO00,State Farm Stadium,0.172,0.828,300,-340,+7+100,-7-108,29.456,0.6566,0.3406,0.0027,16.51,28.99,45.5,6.239,-6.239,-0.737,-5.517,45.5,-7.0,7.0,Dome,,,,,,,5,49,1,-2.0,LOSS,OVER,0.0439891660435279,-0.0416539869771526,0.4098360655737705,0.4328358208955223,4.524590163934426,4.701492537313433,2.2222222222222223,1.3,0.6666666666666666,0.2,0.0225173253262861,0.4615384615384615,-0.2563797084211179,0.1524579965232106,0.35,0.4833333333333333,4.266666666666667,6.333333333333333,1.0,2.6,0.5,0.4,-0.1836093422174345,0.5333333333333333,0.3003688744646458,-0.19411198350036318,0.059836065573770525,-0.050497512437810976,0.2579234972677593,-1.6318407960199002,1.2222222222222223,-1.3,0.16666666666666663,-0.2,0.2061266675437206,-0.07179487179487182,0.0448470389958864,-1.733811045515126,5.724137931034483,0.1470588235294117,0.0,0.0,-0.4278524880928261,-12.371582757024203,7.685714285714286,0.0277777777777777,0.0555555555555555,0.0,0.4726995270887125,10.637771711509078,-1.9615763546798028,0.11928104575163398,-0.0555555555555555,0.0,0,1787.6,3.0,1,0,0,0,2,1,1,0,0,0,2,1,1,0,0,0,2,1,1,0,0,0,0,0,0,0,0,0,0,0,0,0,0,0,0.52,0,0.52,0,0.3,-0.3,0,0,0
401772837,2025,REG,2,2025-09-14,Sunday,16:25,PHI,KC,20,17,Home,10,9,-122,102,-1.5,-110,-110,46.5,-102,-118,0,outdoors,grass,88.0,12.0,00-0036389,00-0033873,Jalen Hurts,Patrick Mahomes,Nick Sirianni,Andy Reid,KAN00,GEHA Field at Arrowhead Stadium,0.483,0.517,-115,105,-1-105,+1½-110,83.087,0.5227,0.4734,0.0038,22.49,24.51,47.0,1.014,-1.014,4.612,5.11,47.0,1.0,-1.0,Grass,Clear Day,88.9,,,11.0,178.0,-3,37,0,-1.5,LOSS,UNDER,0.2152383075185204,0.3200720840759058,0.4655172413793103,0.576271186440678,5.982758620689655,6.745762711864407,2.625,3.375,0.5,0.6,0.1208184949238784,0.3571428571428571,0.1604501459603092,0.035278117869239,0.5084745762711864,0.4545454545454545,5.169491525423729,5.581818181818182,3.0,2.5,1.0,0.6666666666666666,0.0562317010691449,0.6153846153846154,0.0547881615582112,0.2847939662066668,-0.04295733489187614,0.12172573189522351,0.8132670952659256,1.1639445300462246,-0.375,0.875,-0.5,-0.06666666666666665,0.06458679385473351,-0.2582417582417583,0.0872531926286617,-5.99277631232613,6.948717948717949,0.048780487804878,0.0,0.0,0.0662813348340502,21.806308776140213,4.869565217391305,0.0416666666666666,0.0,0.0,0.020971857794611498,-27.79908508846634,2.0791527313266442,0.0071138211382114,0.0,0.0,-1,1029.9,1.0,1,0,0,0,2,3,-1,0,0,0,0,1,-1,1,2,-1,1,3,-2,0,0,0,0,0,0,1,2,-1,0,0,0,0,0,0,0.05,0.91,-0.86,0,0,0,3,5,-2
401772919,2025,REG,2,2025-09-14,Sunday,20:20,ATL,MIN,22,6,Home,7,6,150,-180,3.5,-115,-105,44.5,-110,-110,0,dome,sportturf,,,00-0039917,00-0039923,Michael Penix,J.J. McCarthy,Raheem Morris,Kevin O'Connell,MIN01,U.S. Bank Stadium,0.397,0.603,160,-160,+3+100,-3-110,46.994,0.6385,0.3585,0.0028,16.82,27.68,44.5,5.43,-5.43,1.367,-2.672,44.5,-3.0,3.0,Dome,,,,,,,-16,28,0,-19.5,LOSS,UNDER,-0.1768863151331753,-0.0713912130212326,0.4117647058823529,0.3809523809523809,5.019607843137255,5.031746031746032,2.076923076923077,1.2,0.75,0.6666666666666666,0.067574537330775,0.25,0.0551085821851324,0.1140406173389817,0.4428571428571428,0.3636363636363636,5.128571428571429,4.745454545454545,2.0,2.3,0.6666666666666666,1.0,0.0258781965576622,0.4,-0.2319948973183077,-0.1854318303602143,-0.03109243697478986,0.017316017316017285,-0.10896358543417417,0.2862914862914865,0.0769230769230771,-1.0999999999999999,0.08333333333333337,-0.33333333333333337,0.041696340773112794,-0.15000000000000002,-0.39265163595978,-3.2609406113624573,5.85,0.12,0.04,0.0,0.2238161676118511,-5.938342639378139,6.857142857142857,0.0232558139534883,0.0,0.0,-0.6164678035716311,2.677402028015682,-1.0071428571428571,0.0967441860465117,0.04,0.0,-1,906.8,1.0,1,0,0,0,3,5,-2,0,0,0,2,3,-1,2,2,0,3,4,-1,0,0,0,1,0,1,0,1,-1,1,0,1,0,0,0,0,0.95,-0.95,1.15,0.02,1.13,1,0,1
401772715,2025,REG,2,2025-09-15,Monday,19:00,TB,HOU,20,19,Home,8,8,114,-135,2.5,-110,-110,42.5,-110,-110,0,closed,astroturf,,,00-0034855,00-0039163,Baker Mayfield,C.J. Stroud,Todd Bowles,DeMeco Ryans,HOU00,NRG Stadium,0.45,0.55,135,-150,+2½+105,-2½-110,55.554,0.4873,0.5087,0.0039,21.54,20.96,42.5,-0.287,0.287,-0.127,1.501,42.5,-2.5,2.5,Dome,,,,,,,-1,39,0,-3.5,LOSS,UNDER,-0.1323919035548428,-0.0383915475813079,0.3684210526315789,0.4181818181818181,4.649122807017544,5.418181818181818,1.0,1.5555555555555556,0.0,0.6666666666666666,-0.1631612405457211,0.2222222222222222,0.1140406173389817,0.0551085821851324,0.3636363636363636,0.4428571428571428,4.745454545454545,5.128571428571429,2.3,2.0,1.0,0.6666666666666666,-0.0111046560952672,0.5,-0.2464325208938245,-0.0935001297664403,0.004784688995215336,-0.024675324675324684,-0.09633173843700149,0.289610389610389,-1.2999999999999998,-0.4444444444444444,-1.0,0.0,-0.1520565844504539,-0.2777777777777778,-0.1355011114986254,-0.9746561447779336,6.37037037037037,0.1,0.0333333333333333,0.0,0.1747343758665232,-10.401313503583271,10.4375,0.0303030303030303,0.0,0.0,-0.3102354873651486,9.426657358805338,-4.06712962962963,0.0696969696969697,0.0333333333333333,0.0,0,789.7,1.0,1,0,0,0,3,2,1,0,0,0,0,3,-3,2,1,1,3,2,1,0,0,0,1,1,0,1,0,1,0,0,0,0,0,0,0.71,0,0.71,0,0,0,1,0,1
401772811,2025,REG,2,2025-09-15,Monday,22:00,LAC,LV,20,9,Home,10,8,-198,164,-3.5,-105,-115,46.5,-102,-118,1,dome,grass,,,00-0036355,00-0030565,Justin Herbert,Geno Smith,Jim Harbaugh,Pete Carroll,VEG00,Allegiant Stadium,0.73,0.27,-175,175,-3-110,+3½-110,57.213,0.4057,0.591,0.0032,27.33,19.17,46.5,-4.08,4.08,-1.707,3.62,46.5,3.5,-3.5,Dome,,,,,,,-11,29,0,-7.5,LOSS,UNDER,0.114666814621136,-0.0660757663609487,0.4333333333333333,0.4117647058823529,6.5,4.941176470588236,1.6666666666666667,1.181818181818182,1.0,0.3333333333333333,0.0150338446154542,0.3846153846153846,0.3200720840759058,0.2152383075185204,0.576271186440678,0.4655172413793103,6.745762711864407,5.982758620689655,3.375,2.625,0.6,0.5,0.147351880488239,0.5384615384615384,-0.20540526945476983,-0.2813140738794691,-0.1429378531073447,-0.053752535496957354,-0.24576271186440657,-1.0415821501014184,-1.7083333333333333,-1.443181818181818,0.4,-0.16666666666666669,-0.1323180358727848,-0.15384615384615385,0.3850758529911168,9.620190027988318,10.294117647058824,0.1081081081081081,0.027027027027027,0.0,0.4747908692014763,5.788767951376298,10.058823529411764,0.081081081081081,0.0,0.0,-0.08971501621035949,3.8314220766120206,0.23529411764705976,0.027027027027027098,0.027027027027027,0.0,-2,231.7,0.0,0,1,0,0,1,2,-1,0,0,0,1,2,-1,1,1,0,1,2,-1,0,0,0,1,0,1,0,0,0,0,1,-1,0,0,0,1,0,1,0,1.03,-1.03,8,1,7
401772937,2025,REG,3,2025-09-18,Thursday,20:15,MIA,BUF,21,31,Home,4,4,550,-800,12.5,-110,-110,50.5,-112,-108,1,outdoors,a_turf,68.0,7.0,00-0036212,00-0034857,Tua Tagovailoa,Josh Allen,Mike McDaniel,Sean McDermott,BUF00,New Era Field,0.111,0.889,600,-710,+11-105,-11-105,54.093,0.7717,0.2264,0.0018,14.28,36.22,50.5,10.967,-10.967,5.346,-4.497,50.5,-11.0,11.0,Turf,Partly Cloudy Night,70.1,,,9.0,224.0,10,52,1,-2.5,LOSS,OVER,0.1977823571975362,-0.2953253710950093,0.4626865671641791,0.3404255319148936,6.074626865671642,3.276595744680851,2.727272727272727,1.0,0.6,1.0,0.0296342866114663,0.3571428571428571,0.1698827184007806,0.3439231203229157,0.4807692307692308,0.5094339622641509,6.884615384615385,6.377358490566038,2.333333333333333,3.3,0.5,0.8,0.2744104482699185,0.4,0.02789963879675561,-0.6392484914179251,-0.018082663605051674,-0.16900843034925733,-0.8099885189437428,-3.1007627458851865,0.39393939393939403,-2.3,0.09999999999999998,0.19999999999999996,-0.2447761616584522,-0.04285714285714293,-0.0864413496018498,-9.384852129480112,4.84,0.0384615384615384,0.0,0.0,0.2684359325053244,13.74564841389656,7.84375,0.1351351351351351,0.027027027027027,0.0,-0.3548772821071742,-23.130500543376673,-3.00375,-0.09667359667359668,-0.027027027027027,0.0,0,1164.8,0.0,0,1,0,0,2,3,-1,0,0,0,3,3,0,2,3,-1,2,3,-1,0,0,0,0,0,0,0,1,-1,2,0,2,0,2,-2,0,0,0,1.18,0.98,0.2,5,0,5
401772731,2025,REG,3,2025-09-21,Sunday,13:00,CIN,MIN,10,48,Home,7,7,136,-162,3.0,-110,-110,41.5,-105,-115,0,dome,sportturf,,,00-0035100,00-0032950,Jake Browning,Carson Wentz,Zac Taylor,Kevin O'Connell,MIN01,U.S. Bank Stadium,0.267,0.733,160,-165,+3+104,-3-110,52.875,0.5555,0.4409,0.0035,19.01,23.49,42.5,2.237,-2.237,1.026,0.146,42.5,-3.0,3.0,Dome,,,,,,,38,58,1,35.0,WIN,OVER,-0.4502246870122162,-0.028611528649057,0.4130434782608695,0.4354838709677419,4.304347826086956,5.274193548387097,0.6,2.0,0.0,0.2,-0.4434335527134985,0.3636363636363636,-0.007165992519611,0.0929380775855067,0.4307692307692308,0.5,5.384615384615385,5.714285714285714,2.8181818181818183,2.25,0.8,0.5,-0.0840542305016424,0.4285714285714285,-0.4430586944926052,-0.1215496062345637,-0.01772575250836128,-0.06451612903225812,-1.080267558528429,-0.44009216589861744,-2.2181818181818183,-0.25,-0.8,-0.3,-0.3593793222118561,-0.0649350649350649,,,,,,,-0.0612515676650724,3.616569022978506,8.8125,0.0303030303030303,0.0909090909090909,0.0,,,,,,,0,604.5,1.0,1,0,0,0,3,1,2,0,1,-1,4,1,3,2,0,2,3,1,2,1,0,1,1,0,1,0,0,0,0,0,0,0,0,0,2.23,0,2.23,0,0.41,-0.41,1,2,-1
401772732,2025,REG,3,2025-09-21,Sunday,13:00,PIT,NE,21,14,Home,7,7,-120,100,-1.5,-105,-115,44.5,-112,-108,0,outdoors,fieldturf,66.0,5.0,00-0023459,00-0039851,Aaron Rodgers,Drake Maye,Mike Tomlin,Mike Vrabel,BOS00,Gillette Stadium,0.56,0.44,-115,102,-1-108,+1½-110,42.375,0.4966,0.4993,0.0039,22.24,22.26,44.5,0.007,-0.007,-2.106,-1.027,44.5,1.0,-1.0,Turf,Partly Cloudy Day,67.1,,,7.0,86.0,-7,35,0,-5.5,LOSS,UNDER,0.3439231203229157,0.1698827184007806,0.5094339622641509,0.4807692307692308,6.377358490566038,6.884615384615385,3.3,2.333333333333333,0.8,0.5,0.0674317455089364,0.5833333333333334,-0.1987885857685239,0.0742562844147421,0.3333333333333333,0.4375,4.483333333333333,6.171875,1.3076923076923077,2.083333333333333,0.5,0.6,-0.0958033138525761,0.3333333333333333,0.5427117060914396,0.0956264339860385,0.17610062893081763,0.04326923076923078,1.8940251572327043,0.712740384615385,1.9923076923076921,0.25,0.30000000000000004,-0.09999999999999998,0.1632350593615125,0.25000000000000006,0.5765576980054108,13.996700229852095,5.826086956521739,0.1153846153846153,0.0,0.0,-0.2077459307462612,-6.433451278456326,5.727272727272728,0.081081081081081,0.054054054054054,0.0,0.784303628751672,20.43015150830842,0.09881422924901084,0.03430353430353429,-0.054054054054054,0.0,0,468.2,0.0,0,1,0,0,1,4,-3,0,0,0,2,1,1,1,3,-2,1,4,-3,0,0,0,0,0,0,0,0,0,0,1,-1,1,2,-1,0,0,0,0,1.25,-1.25,0,0,0
401772733,2025,REG,3,2025-09-21,Sunday,13:00,IND,TEN,41,20,Home,7,7,-245,200,-6.0,-108,-112,43.5,-115,-105,1,outdoors,grass,84.0,8.0,00-0035710,00-0040676,Daniel Jones,Cam Ward,Shane Steichen,Brian Callahan,NAS00,Nissan Stadium,0.636,0.364,-260,230,-5½-110,+6-108,30.712,0.3426,0.6546,0.0027,27.41,15.1,42.5,-6.155,6.155,-7.074,0.305,42.5,6.0,-6.0,Grass,Partly Cloudy Day,83.6,,,2.2,360.0,-21,61,0,-15.0,LOSS,OVER,-0.1237108281297823,0.3434016010603085,0.390625,0.4912280701754385,3.9375,7.807017543859649,1.7272727272727273,3.0,0.3333333333333333,0.5714285714285714,-0.249320995252848,0.4,0.1501247065006962,0.1918209873637272,0.4925373134328358,0.4629629629629629,7.059701492537314,6.0,2.9,3.111111111111111,0.3333333333333333,1.0,0.325881199802657,0.4615384615384615,-0.2738355346304785,0.15158061369658127,-0.1019123134328358,0.028265107212475604,-3.1222014925373136,1.807017543859649,-1.1727272727272726,-0.11111111111111116,0.0,-0.4285714285714286,-0.5752021950555051,-0.061538461538461486,-0.1772098467423015,-4.793273537389694,6.515151515151516,0.131578947368421,0.0,0.0263157894736842,0.31295389315991,4.973926056515087,9.676470588235292,0.0285714285714285,0.0,0.0,-0.4901637399022115,-9.767199593904781,-3.161319073083776,0.10300751879699249,0.0,0.0263157894736842,0,250.5,1.0,1,0,0,0,2,0,2,1,0,1,5,2,3,2,0,2,2,0,2,0,0,0,1,0,1,0,0,0,1,0,1,0,0,0,0.79,0,0.79,0.38,0,0.38,0,0,0
401772734,2025,REG,3,2025-09-21,Sunday,13:00,HOU,JAX,10,17,Home,6,7,105,-125,1.5,-108,-112,43.5,-115,-105,1,outdoors,grass,85.0,11.0,00-0039163,00-0036971,C.J. Stroud,Trevor Lawrence,DeMeco Ryans,Liam Coen,JAX00,TIAA Bank Stadium,0.545,0.455,105,-120,+1½-110,+0-110,47.153,0.5341,0.4621,0.0037,20.3,22.7,43.0,1.197,-1.197,-0.696,-0.454,43.0,-1.0,1.0,Grass,Partly Cloudy Day,84.6,,,11.1,47.0,7,27,1,5.5,WIN,UNDER,0.0929380775855067,-0.007165992519611,0.5,0.4307692307692308,5.714285714285714,5.384615384615385,2.25,2.8181818181818183,0.5,0.8,0.2228530143552884,0.4615384615384615,-0.0653916886307705,0.1346357622311079,0.391304347826087,0.5205479452054794,5.782608695652174,4.931506849315069,1.7272727272727273,2.0,0.5,0.75,0.3142637584624546,0.2222222222222222,0.1583297662162772,-0.1418017547507189,0.10869565217391303,-0.08977871443624863,-0.06832298136645942,0.45310853530031636,0.5227272727272727,0.8181818181818183,0.0,0.050000000000000044,-0.09141074410716618,0.2393162393162393,0.1164067105129581,-4.982346514376198,7.333333333333333,0.0232558139534883,0.0465116279069767,0.0,-0.1600529505902104,-9.786830648131993,8.125,0.1071428571428571,0.0,0.0,0.2764596611031685,4.804484133755794,-0.791666666666667,-0.08388704318936879,0.0465116279069767,0.0,1,824.8,1.0,0,1,0,0,1,1,0,0,0,0,1,0,1,0,0,0,1,1,0,0,0,0,0,0,0,0,0,0,0,0,0,0,0,0,0,0,0,0,0.2,-0.2,0,2,-2
401772838,2025,REG,3,2025-09-21,Sunday,13:00,ATL,CAR,0,30,Home,7,7,-225,185,-5.5,-105,-115,44.5,-115,-105,1,outdoors,grass,83.0,5.0,00-0039917,00-0039150,Michael Penix,Bryce Young,Raheem Morris,Dave Canales,CAR00,Bank of America Stadium,0.728,0.272,-235,200,-4½-108,+4½-108,32.812,0.4243,0.5723,0.0034,24.71,19.29,44.0,-2.714,2.714,-4.869,-0.94,44.0,4.5,-4.5,Grass,Partly Cloudy Day,82.0,,,4.8,91.0,30,30,1,35.5,WIN,UNDER,-0.0182612116515712,0.1270113196995739,0.4615384615384615,0.4468085106382978,4.5256410256410255,6.276595744680851,2.2,2.1,0.75,0.4,0.0366422310731937,0.3333333333333333,-0.028611528649057,-0.4502246870122162,0.4354838709677419,0.4130434782608695,5.274193548387097,4.304347826086956,2.0,0.6,0.2,0.0,-0.0564019904494226,0.4,0.0103503169974858,0.5772360067117901,0.026054590570719627,0.03376503237742828,-0.7485525227460714,1.9722479185938946,0.20000000000000018,1.5,0.55,0.4,0.0930442215226163,-0.06666666666666671,0.0557626363667782,-2.349366500692548,6.818181818181818,0.0517241379310344,0.0172413793103448,0.0172413793103448,-0.1351738162661381,-7.450161519504729,6.285714285714286,0.125,0.0,0.0,0.1909364526329163,5.10079501881218,0.5324675324675328,-0.07327586206896561,0.0172413793103448,0.0172413793103448,0,226.1,0.0,0,1,0,0,2,3,-1,0,0,0,1,1,0,1,2,-1,2,2,0,0,0,0,0,0,0,0,1,-1,1,0,1,0,1,-1,0,0.95,-0.95,1.19,0.57,0.62,2,1,1
401772839,2025,REG,3,2025-09-21,Sunday,13:00,LA,PHI,26,33,Home,7,7,164,-198,3.5,-108,-112,45.5,-108,-112,0,outdoors,grass,73.0,9.0,00-0026498,00-0036389,Matthew Stafford,Jalen Hurts,Sean McVay,Nick Sirianni,PHI00,Lincoln Financial Field,0.328,0.672,195,-185,+4½-110,-3½-108,77.261,0.5743,0.4223,0.0033,19.66,25.84,45.5,3.089,-3.089,4.721,2.872,45.5,-3.5,3.5,Grass,Partly Cloudy Day,74.5,,,9.3,116.0,7,59,1,3.5,WIN,OVER,-0.0041399643064387,-0.135294011336303,0.4285714285714285,0.4035087719298245,3.892857142857143,5.157894736842105,2.0,1.8888888888888888,1.0,0.6666666666666666,-0.0484596963648161,0.3571428571428571,0.3434016010603085,-0.1237108281297823,0.4912280701754385,0.390625,7.807017543859649,3.9375,3.0,1.7272727272727273,0.5714285714285714,0.3333333333333333,0.2145721643089523,0.4166666666666667,-0.3475415653667472,-0.0115831832065207,-0.06265664160401002,0.012883771929824483,-3.914160401002506,1.2203947368421053,-1.0,0.16161616161616155,0.4285714285714286,0.3333333333333333,-0.2630318606737684,-0.05952380952380959,-0.2024994190064867,4.396389211927142,7.590909090909091,0.0833333333333333,0.0,0.0416666666666666,0.2876461938125577,10.765356570482254,7.9393939393939394,0.0294117647058823,0.0294117647058823,0.0294117647058823,-0.49014561281904434,-6.368967358555112,-0.3484848484848486,0.053921568627451,-0.0294117647058823,0.012254901960784301,0,2396.0,3.0,0,1,0,0,1,0,1,0,1,-1,1,2,-1,1,0,1,1,0,1,0,0,0,0,0,0,1,0,1,0,0,0,0,0,0,0.08,0,0.08,0,0,0,0,4,-4
401772840,2025,REG,3,2025-09-21,Sunday,13:00,NYJ,TB,27,29,Home,7,6,275,-345,6.5,-105,-115,43.5,-115,-105,0,outdoors,grass,88.0,5.0,00-0028118,00-0034855,Tyrod Taylor,Baker Mayfield,Aaron Glenn,Todd Bowles,TAM00,Raymond James Stadium,0.303,0.697,270,-290,+6½-110,-6-108,44.825,0.7068,0.2908,0.0023,13.05,29.95,43.0,8.447,-8.447,2.217,-5.065,43.0,-6.5,6.5,Grass,Partly Cloudy Day,89.9,,,5.8,51.0,2,56,1,-4.5,LOSS,OVER,0.1346357622311079,-0.0653916886307705,0.5205479452054794,0.391304347826087,4.931506849315069,5.782608695652174,2.0,1.7272727272727273,0.75,0.5,0.1581986362284065,0.4285714285714285,-0.2953253710950093,0.1977823571975362,0.3404255319148936,0.4626865671641791,3.276595744680851,6.074626865671642,1.0,2.727272727272727,1.0,0.6,-0.3313263065911914,0.0,0.4299611333261172,-0.2631740458283067,0.18012241329058581,-0.07138221933809213,1.6549111046342175,-0.2920181700194684,1.0,-0.9999999999999998,-0.25,-0.09999999999999998,0.4895249428195979,0.4285714285714285,-0.0149624459077887,1.9042374359236816,8.0,0.0930232558139534,0.0,0.0232558139534883,0.4151728881003622,1.5594455328854666,7.181818181818182,0.1538461538461538,0.0,0.0,-0.4301353340081509,0.34479190303821494,0.8181818181818183,-0.060822898032200395,0.0,0.0232558139534883,-1,1007.6,0.0,1,0,0,0,2,5,-3,0,0,0,1,3,-2,1,3,-2,2,5,-3,0,1,-1,1,0,1,0,1,-1,0,1,-1,0,0,0,0,1.59,-1.59,0,0.73,-0.73,5,2,3
401772841,2025,REG,3,2025-09-21,Sunday,13:00,LV,WAS,24,41,Home,6,10,130,-155,2.5,100,-120,43.5,-110,-110,0,outdoors,grass,72.0,6.0,00-0030565,00-0032268,Geno Smith,Marcus Mariota,Pete Carroll,Dan Quinn,WAS00,FedExField,0.339,0.661,135,-140,+3-115,-2½-110,48.704,0.5843,0.4123,0.0033,18.63,25.38,44.0,3.375,-3.375,-0.571,-2.733,44.0,-3.0,3.0,Grass,Cloudy,72.4,,,5.3,92.0,17,65,1,14.5,WIN,OVER,-0.1812928357066522,0.1610240071247664,0.359375,0.5081967213114754,3.59375,6.655737704918033,1.6363636363636365,2.25,1.0,0.75,-0.0337035567260399,0.3125,-0.3918832617330055,-0.0202558944868628,0.3076923076923077,0.4339622641509434,3.353846153846154,6.018867924528302,0.9,1.818181818181818,0.0,0.4,-0.3759916957299639,0.5,0.21059042602635328,0.18127990161162919,0.05168269230769229,0.07423445716053201,0.23990384615384608,0.6368697803897305,0.7363636363636364,0.4318181818181821,1.0,0.35,0.34228813900392396,-0.1875,,,,,,,-0.5014766986995558,-15.258365453675736,6.767441860465116,0.0652173913043478,0.0652173913043478,0.0,,,,,,,4,2094.1,3.0,0,1,0,0,3,0,3,0,0,0,0,1,-1,1,0,1,2,0,2,1,0,1,0,0,0,0,0,0,0,0,0,0,0,0,1.52,0,1.52,0,0,0,3,0,3
401772842,2025,REG,3,2025-09-21,Sunday,13:00,GB,CLE,10,13,Home,10,7,-470,360,-8.5,-102,-118,41.5,-115,-105,0,outdoors,grass,79.0,10.0,00-0036264,00-0026158,Jordan Love,Joe Flacco,Matt LaFleur,Kevin Stefanski,CLE00,FirstEnergy Stadium,0.789,0.211,-370,360,-7-110,+7½-115,53.838,0.2928,0.7048,0.0023,28.78,11.72,40.5,-8.533,8.533,-4.563,5.203,40.5,7.5,-7.5,Grass,Clear Day,83.9,,,12.6,151.0,3,23,1,11.5,WIN,UNDER,-0.262947041339877,0.1249088551197402,0.375,0.4,4.472222222222222,4.92,1.4166666666666667,2.6923076923076925,0.6666666666666666,0.6666666666666666,-0.0521024852390766,0.3888888888888889,0.1610240071247664,-0.1812928357066522,0.5081967213114754,0.359375,6.655737704918033,3.59375,2.25,1.6363636363636365,0.75,1.0,0.2402951540268967,0.4166666666666667,-0.4239710484646434,0.30620169082639237,-0.13319672131147542,0.04062500000000002,-2.1835154826958103,1.32625,-0.8333333333333333,1.055944055944056,-0.08333333333333337,-0.33333333333333337,-0.2923976392659733,-0.02777777777777779,-0.5689085085262044,-3.0992530678447934,6.822222222222222,0.0425531914893617,0.0212765957446808,0.0212765957446808,0.2018903093924161,10.36571275304865,13.161290322580646,0.0606060606060606,0.0,0.0,-0.7707988179186205,-13.464965820893443,-6.339068100358424,-0.0180528691166989,0.0212765957446808,0.0212765957446808,-3,382.2,1.0,0,1,0,0,1,1,0,0,0,0,2,2,0,0,1,-1,1,1,0,0,0,0,0,0,0,0,1,-1,0,0,0,0,0,0,0,0.07,-0.07,0,0,0,1,4,-3
401772735,2025,REG,3,2025-09-21,Sunday,16:05,DEN,LAC,20,23,Home,7,6,130,-155,2.5,100,-120,45.5,-110,-110,1,dome,matrixturf,,,00-0039732,00-0036355,Bo Nix,Justin Herbert,Sean Payton,Jim Harbaugh,LAX01,SoFi Stadium,0.491,0.509,140,-145,+2½+110,-2½-110,73.097,0.5656,0.4309,0.0034,20.35,25.15,45.5,2.402,-2.402,3.363,2.131,45.5,-2.5,2.5,Dome,,,,,,,3,43,1,0.5,WIN,UNDER,-0.0202558944868628,-0.3918832617330055,0.4339622641509434,0.3076923076923077,6.018867924528302,3.353846153846154,1.818181818181818,0.9,0.4,0.0,0.049241051433637,0.3636363636363636,0.1918209873637272,0.1501247065006962,0.4629629629629629,0.4925373134328358,6.0,7.059701492537314,3.111111111111111,2.9,1.0,0.3333333333333333,0.2357399800753531,0.4444444444444444,-0.21207688185059,-0.5420079682337017,-0.0290006988120195,-0.1848450057405281,0.018867924528302105,-3.7058553386911597,-1.2929292929292933,-2.0,-0.6,-0.3333333333333333,-0.1864989286417161,-0.08080808080808083,0.3506250142169619,0.3317459865852638,9.037037037037036,0.0689655172413793,0.0,0.0,0.2781781163306164,0.991099774837494,4.9,0.0,0.0333333333333333,0.0,0.07244689788634551,-0.6593537882522302,4.137037037037036,0.0689655172413793,-0.0333333333333333,0.0,-1,836.8,1.0,1,0,0,0,2,2,0,0,0,0,2,0,2,1,2,-1,2,2,0,0,0,0,0,0,0,1,1,0,0,1,-1,0,0,0,0.4,0.43,-0.03,0.9,0,0.9,3,0,3
401772736,2025,REG,3,2025-09-21,Sunday,16:05,NO,SEA,13,44,Home,7,7,295,-375,7.5,-115,-105,41.5,-108,-112,0,outdoors,fieldturf,63.0,3.0,00-0039376,00-0034869,Spencer Rattler,Sam Darnold,Kellen Moore,Mike Macdonald,SEA00,Lumen Field,0.225,0.775,350,-340,+7+100,-7-105,32.366,0.6358,0.3612,0.0029,15.03,26.47,41.5,5.722,-5.722,-0.646,-5.361,41.5,-7.0,7.0,Turf,Partly Cloudy Day,61.9,,,7.8,38.0,31,57,1,23.5,WIN,OVER,0.0742562844147421,-0.1987885857685239,0.4375,0.3333333333333333,6.171875,4.483333333333333,2.083333333333333,1.3076923076923077,0.6,0.5,-0.0185804447949825,0.4285714285714285,-0.0778749071487189,0.0478010003347299,0.4328358208955223,0.484375,4.582089552238806,5.421875,1.9090909090909087,2.363636363636364,1.0,1.0,-0.0609315925383405,0.3636363636363636,0.152131191563461,-0.2465895861032538,0.004664179104477695,-0.15104166666666669,1.5897854477611943,-0.9385416666666666,0.1742424242424243,-1.0559440559440565,-0.4,-0.5,0.04235114774335799,0.0649350649350649,0.0815446313261899,7.034775614738464,8.030303030303031,0.0571428571428571,0.0571428571428571,0.0,-0.0763065311878175,3.784003240220687,7.352941176470588,0.081081081081081,0.0,0.027027027027027,0.15785116251400738,3.2507723745177772,0.6773618538324433,-0.023938223938223903,0.0571428571428571,-0.027027027027027,0,2098.1,2.0,1,0,0,0,0,2,-2,4,0,4,1,4,-3,0,1,-1,0,2,-2,0,0,0,0,0,0,0,0,0,0,1,-1,0,0,0,0,1,-1,0,0,0,0,0,0
401772843,2025,REG,3,2025-09-21,Sunday,16:25,ARI,SF,15,16,Home,7,7,105,-125,1.5,-112,-108,44.5,-112,-108,1,outdoors,grass,72.0,7.0,00-0035228,00-0036972,Kyler Murray,Mac Jones,Jonathan Gannon,Kyle Shanahan,SFO01,Levi's Stadium,0.587,0.413,115,-115,+2-110,-1-108,59.911,0.4714,0.5247,0.0037,23.18,21.32,44.5,-0.926,0.926,-2.979,-0.792,44.5,-1.5,1.5,Grass,Clear Day,73.1,,,2.6,348.0,1,31,1,-0.5,LOSS,UNDER,0.0478010003347299,-0.0778749071487189,0.484375,0.4328358208955223,5.421875,4.582089552238806,2.363636363636364,1.9090909090909087,1.0,1.0,-0.1874481843330431,0.5333333333333333,0.1270113196995739,-0.0182612116515712,0.4468085106382978,0.4615384615384615,6.276595744680851,4.5256410256410255,2.1,2.2,0.4,0.75,0.2216230284381734,0.3333333333333333,-0.07921031936484402,-0.059613695497147706,0.037566489361702204,-0.028702640642939203,-0.8547207446808507,0.0564485265977801,0.2636363636363641,-0.29090909090909145,0.6,0.25,-0.4090712127712165,0.2,0.0700662609751382,-3.62963025507174,6.512820512820513,0.073170731707317,0.0,0.024390243902439,0.236144913792867,0.763731837272644,6.4,0.0384615384615384,0.0384615384615384,0.0,-0.16607865281772882,-4.393362092344384,0.11282051282051242,0.0347091932457786,-0.0384615384615384,0.024390243902439,0,607.9,0.0,1,0,0,0,2,0,2,0,1,-1,3,4,-1,0,0,0,2,0,2,0,0,0,0,0,0,0,0,0,0,0,0,0,0,0,0,0,0,0,0,0,4,1,3
401772844,2025,REG,3,2025-09-21,Sunday,16:25,DAL,CHI,14,31,Home,7,7,-125,105,-1.5,-115,-105,49.5,100,-120,0,outdoors,grass,82.0,4.0,00-0033077,00-0039918,Dak Prescott,Caleb Williams,Brian Schottenheimer,Ben Johnson,CHI98,Soldier Field,0.504,0.496,-115,110,-1-108,+2-110,45.094,0.4369,0.5595,0.0035,26.65,23.35,50.0,-1.647,1.647,-2.405,0.481,50.0,1.5,-1.5,Grass,Partly Cloudy Day,82.4,,,12.1,220.0,17,45,1,18.5,WIN,UNDER,-0.16596288634355,0.4094902379067139,0.359375,0.5517241379310345,5.296875,8.810344827586206,1.6153846153846154,4.333333333333333,1.0,0.875,-0.2123808157006611,0.5384615384615384,0.1336964227637165,0.221682736722675,0.4578313253012048,0.4615384615384615,5.759036144578313,7.784615384615384,2.857142857142857,3.083333333333333,1.0,0.5,0.0997160446468071,0.4285714285714285,-0.29965930910726646,0.1878075011840389,-0.0984563253012048,0.09018567639257297,-0.4621611445783129,1.0257294429708228,-1.2417582417582418,1.25,0.0,0.375,-0.3120968603474682,0.10989010989010994,-0.0283964535860029,-5.639583170413971,10.066666666666666,0.1176470588235294,0.0294117647058823,0.0,0.183608866592401,2.1017412153574138,6.730769230769231,0.0545454545454545,0.0181818181818181,0.0,-0.2120053201784039,-7.741324385771385,3.3358974358974356,0.0631016042780749,0.0112299465240642,0.0,0,816.2,0.0,0,1,0,0,5,1,4,0,0,0,2,0,2,3,1,2,5,1,4,0,0,0,0,0,0,0,0,0,1,0,1,2,1,1,0,0,0,0.85,1,-0.15,0,1,-1
401772920,2025,REG,3,2025-09-21,Sunday,20:20,KC,NYG,22,9,Home,7,7,-325,260,-6.0,-115,-105,44.5,-105,-115,0,outdoors,fieldturf,65.0,5.0,00-0033873,00-0029263,Patrick Mahomes,Russell Wilson,Andy Reid,Brian Daboll,NYC01,MetLife Stadium,0.773,0.227,-270,260,-6-105,+6-105,54.471,0.3432,0.6539,0.0027,28.81,15.69,44.5,-6.564,6.564,-3.556,4.21,44.5,6.0,-6.0,Turf,Clear Night,64.6,,,4.7,154.0,-13,31,0,-7.0,LOSS,UNDER,0.221682736722675,0.1336964227637165,0.4615384615384615,0.4578313253012048,7.784615384615384,5.759036144578313,3.083333333333333,2.857142857142857,0.5,1.0,0.1864245471803528,0.4285714285714285,-0.135294011336303,-0.0041399643064387,0.4035087719298245,0.4285714285714285,5.157894736842105,3.892857142857143,1.8888888888888888,2.0,0.6666666666666666,1.0,-0.0292366660017121,0.3333333333333333,0.356976748058978,0.1378363870701552,0.058029689608637025,0.029259896729776302,2.6267206477732783,1.8661790017211701,1.1944444444444442,0.8571428571428572,-0.16666666666666663,0.0,0.2156612131820649,0.09523809523809518,0.3880327639556721,13.41648392379284,12.731707317073171,0.0681818181818181,0.0227272727272727,0.0227272727272727,-0.2307601745587904,-5.841067638890497,10.655172413793103,0.064516129032258,0.032258064516129,0.0,0.6187929385144625,19.25755156268334,2.076534903280068,0.0036656891495601,-0.009530791788856297,0.0227272727272727,0,1085.7,1.0,0,1,0,0,1,2,-1,2,0,2,3,2,1,1,1,0,1,2,-1,0,0,0,0,0,0,0,0,0,1,1,0,0,0,0,0,0,0,0.26,0.08,0.18,1,0,1
401772812,2025,REG,3,2025-09-22,Monday,20:15,DET,BAL,38,30,Home,8,8,200,-245,4.5,-105,-115,53.5,-105,-115,0,outdoors,grass,74.0,7.0,00-0033106,00-0034796,Jared Goff,Lamar Jackson,Dan Campbell,John Harbaugh,BAL00,M&T Bank Stadium,0.315,0.685,215,-235,+5-110,-4½-105,91.247,0.5709,0.4256,0.0034,24.29,29.71,54.0,2.711,-2.711,7.006,5.565,54.0,-4.5,4.5,Grass,Clear Night,70.9,,,6.8,171.0,-8,68,0,-12.5,LOSS,OVER,0.1249088551197402,-0.262947041339877,0.4,0.375,4.92,4.472222222222222,2.6923076923076925,1.4166666666666667,0.6666666666666666,0.6666666666666666,0.1606987706740926,0.25,0.4094902379067139,-0.16596288634355,0.5517241379310345,0.359375,8.810344827586206,5.296875,4.333333333333333,1.6153846153846154,0.875,1.0,0.3902197827206072,0.4,-0.2845813827869737,-0.09698415499632701,-0.15172413793103445,0.015625,-3.8903448275862065,-0.8246527777777777,-1.6410256410256405,-0.19871794871794868,-0.20833333333333337,-0.33333333333333337,-0.2295210120465146,-0.15000000000000002,0.2919594726954843,6.713613335575376,9.413793103448276,0.09375,0.0,0.0,0.8608364394316423,14.942416335855212,9.785714285714286,0.0,0.0,0.0,-0.5688769667361581,-8.228803000279836,-0.3719211822660107,0.09375,0.0,0.0,0,396.8,0.0,0,1,0,0,4,1,3,0,0,0,0,4,-4,3,1,2,4,1,3,0,0,0,0,0,0,1,0,1,2,1,1,0,0,0,0,0,0,0.75,0.34,0.41,1,0,1
401772938,2025,REG,4,2025-09-25,Thursday,20:15,SEA,ARI,23,20,Home,4,4,-125,105,-1.5,-110,-110,43.5,-108,-112,1,closed,grass,,,00-0034869,00-0035228,Sam Darnold,Kyler Murray,Mike Macdonald,Jonathan Gannon,PHO00,State Farm Stadium,0.499,0.501,-120,110,-1-104,+1½-110,50.276,0.5187,0.4774,0.0038,21.06,22.44,43.5,0.687,-0.687,-0.64,0.323,43.5,1.0,-1.0,Dome,,,,,,,-3,43,0,-1.5,LOSS,UNDER,-0.0110402685165596,-0.0552802222796805,0.390625,0.5166666666666667,4.0625,5.933333333333334,1.3,1.6,0.25,0.25,-0.0064717276254668,0.3333333333333333,0.1411826581750243,-0.1191503346763992,0.4528301886792453,0.4285714285714285,6.056603773584905,4.057142857142857,3.1666666666666665,1.0833333333333333,0.6666666666666666,0.3333333333333333,0.2262526314575966,0.3333333333333333,-0.15222292669158388,0.06387011239671869,-0.062205188679245293,0.08809523809523823,-1.9941037735849054,1.8761904761904766,-1.8666666666666665,0.5166666666666668,-0.41666666666666663,-0.08333333333333331,-0.2327243590830634,0.0,-0.0171836988612819,-2.625567948116976,5.057142857142857,0.0277777777777777,0.0,0.0,0.9425963948995087,25.01523407066569,8.777777777777779,0.0,0.0,0.0,-0.9597800937607907,-27.64080201878267,-3.7206349206349216,0.0277777777777777,0.0,0.0,0,1104.2,0.0,0,1,0,0,1,1,0,1,1,0,6,3,3,0,0,0,0,1,-1,0,0,0,0,0,0,0,0,0,0,0,0,0,0,0,0.5,0.33,0.17,0,0,0,1,0,1
401772632,2025,REG,4,2025-09-28,Sunday,09:30,MIN,PIT,21,24,Neutral,7,7,-148,124,-2.5,-125,105,41.5,-115,-105,0,outdoors,grass,61.0,5.0,00-0032950,00-0023459,Carson Wentz,Aaron Rodgers,Kevin O'Connell,Mike Tomlin,PIT00,Acrisure Stadium,0.609,0.391,-150,130,-2½-110,+2½+102,49.908,0.3964,0.6004,0.0031,24.42,16.58,41.0,-3.918,3.918,-0.434,3.583,41.0,2.5,-2.5,Grass,Partly Cloudy Day,57.1,,,6.1,260.0,3,45,1,5.5,WIN,OVER,-0.0520942735608474,-0.1574635204886132,0.5,0.4647887323943662,4.456521739130435,5.197183098591549,2.1,1.5555555555555556,1.0,0.5,-0.0186041965176087,0.4444444444444444,0.1210588149935082,-0.7874375241005505,0.5172413793103449,0.2884615384615384,6.068965517241379,3.2884615384615383,2.571428571428572,0.7692307692307693,0.5714285714285714,1.0,0.2435366950980905,0.3333333333333333,-0.1731530885543556,0.6299740036119372,-0.017241379310344862,0.1763271939328278,-1.6124437781109444,1.9087215601300107,-0.471428571428572,0.7863247863247863,0.4285714285714286,-0.5,-0.2621408916156992,0.1111111111111111,0.008408910840365,4.534721103581514,4.956521739130435,0.0,0.0434782608695652,0.0,0.4105891226643927,3.836065530776976,9.05,0.1304347826086956,0.0,0.0,-0.4021802118240277,0.698655572804538,-4.093478260869566,-0.1304347826086956,0.0434782608695652,0.0,0,740.3,1.0,0,1,1,1,1,4,-3,0,0,0,3,0,3,1,3,-2,1,3,-2,0,1,-1,0,1,-1,0,0,0,1,1,0,0,0,0,0,2.15,-2.15,0.15,0.14,0.01,2,0,2
401772737,2025,REG,4,2025-09-28,Sunday,13:00,LAC,NYG,18,21,Home,7,7,-285,230,-6.0,-112,-108,43.5,-115,-105,0,outdoors,fieldturf,81.0,4.0,00-0036355,00-0040691,Justin Herbert,Jaxson Dart,Jim Harbaugh,Brian Daboll,NYC01,MetLife Stadium,0.726,0.274,-260,260,-6+100,+6-110,50.701,0.2516,0.7463,0.002,31.52,10.98,42.5,-10.273,10.273,-7.529,3.882,42.5,6.0,-6.0,Turf,Clear Day,80.3,,,0.9,,3,39,1,9.0,WIN,UNDER,-0.2498529500867098,0.1513525659311651,0.3770491803278688,0.5,4.60655737704918,4.828125,1.0,2.2,0.3333333333333333,0.5,-0.0382421645955083,0.1,-0.0386448791674857,-0.0461946154999729,0.4,0.2765957446808511,4.7,5.659574468085107,1.9166666666666667,1.6666666666666667,0.5,0.6666666666666666,-0.0393845666632322,0.4705882352941176,-0.2112080709192241,0.197547181431138,-0.022950819672131195,0.22340425531914893,-0.09344262295082029,-0.8314494680851068,-0.9166666666666667,0.5333333333333334,-0.16666666666666669,-0.16666666666666663,0.0011424020677239036,-0.37058823529411755,,,,,,,-0.0460573556841229,-4.159013960096571,9.127659574468083,0.0961538461538461,0.0192307692307692,0.0,,,,,,,0,2449.4,3.0,0,1,0,0,3,3,0,1,0,1,0,2,-2,1,3,-2,3,3,0,0,0,0,0,1,-1,0,2,-2,0,0,0,0,0,0,0.17,0.84,-0.67,0.24,0,0.24,1,0,1
401772738,2025,REG,4,2025-09-28,Sunday,13:00,TEN,HOU,0,26,Home,7,7,340,-440,7.5,-115,-105,39.5,-105,-115,1,closed,astroturf,,,00-0040676,00-0039163,Cam Ward,C.J. Stroud,Brian Callahan,DeMeco Ryans,HOU00,NRG Stadium,0.249,0.751,335,-375,+7+105,-7-115,22.496,0.6941,0.3034,0.0024,12.23,27.77,40.0,7.771,-7.771,-1.209,-7.791,40.0,-7.0,7.0,Dome,,,,,,,26,26,1,18.5,WIN,UNDER,-0.206887427361842,-0.1632641412461338,0.3157894736842105,0.3692307692307692,4.771929824561403,4.492307692307692,0.7692307692307693,1.3076923076923077,0.5,0.6666666666666666,-0.1862326380967094,0.2666666666666666,-0.1724556131271189,0.3936531533492063,0.4461538461538462,0.56,4.338461538461538,7.36,2.2222222222222223,3.5,1.0,0.5714285714285714,-0.0234722955454121,0.3571428571428571,-0.03443181423472311,-0.5569172945953401,-0.13036437246963567,-0.19076923076923086,0.4334682860998651,-2.867692307692308,-1.4529914529914532,-2.1923076923076925,-0.5,0.09523809523809523,-0.1627603425512973,-0.09047619047619049,-0.1005726714692721,1.464213016960356,7.578947368421052,0.0512820512820512,0.0512820512820512,0.0,-0.2982002591959248,-1.3854862135999344,4.868421052631579,0.0952380952380952,0.0238095238095238,0.0,0.1976275877266527,2.84969923056029,2.7105263157894735,-0.04395604395604401,0.027472527472527396,0.0,0,671.5,0.0,1,0,0,0,0,2,-2,0,1,-1,1,2,-1,0,1,-1,0,2,-2,0,0,0,0,1,-1,0,0,0,0,0,0,0,0,0,0,0.91,-0.91,0,0,0,2,2,0
401772739,2025,REG,4,2025-09-28,Sunday,13:00,WAS,ATL,27,34,Home,7,7,120,-142,2.5,-110,-110,43.5,-112,-108,0,closed,fieldturf,,,00-0039910,00-0039917,Jayden Daniels,Michael Penix,Dan Quinn,Raheem Morris,ATL97,Mercedes-Benz Stadium,0.498,0.502,140,-145,+3-110,-2½-110,48.617,0.4442,0.5522,0.0035,24.17,19.33,43.5,-2.423,2.423,-3.144,0.839,43.5,-2.5,2.5,Dome,,,,,,,7,61,1,4.5,WIN,OVER,-0.3391001895957404,-0.0089565473447965,0.3636363636363636,0.4814814814814814,5.03030303030303,4.166666666666667,0.0,2.4,,0.6666666666666666,-0.196727986189071,0.3846153846153846,0.2802268965676274,0.0449941284564411,0.490566037735849,0.359375,7.547169811320755,5.5625,2.9166666666666665,2.0,0.6666666666666666,0.75,0.2000205520262312,0.5,-0.6193270861633677,-0.0539506758012376,-0.1269296740994854,0.1221064814814814,-2.5168667810177245,-1.395833333333333,-2.9166666666666665,0.3999999999999999,,-0.08333333333333337,-0.3967485382153022,-0.11538461538461542,-0.5223516305763228,-12.546850390294018,8.222222222222221,0.0,0.0555555555555555,0.0,-0.1997118631454756,-7.198357805609703,6.642857142857143,0.0888888888888888,0.0,0.0,-0.3226397674308472,-5.348492584684315,1.5793650793650782,-0.0888888888888888,0.0555555555555555,0.0,0,549.8,0.0,1,0,0,0,3,5,-2,0,0,0,0,1,-1,1,3,-2,1,4,-3,0,1,-1,0,0,0,0,1,-1,0,0,0,1,1,0,0.169241,2.12,-1.950759,0.57,0.02,0.55,0,2,-2
401772740,2025,REG,4,2025-09-28,Sunday,13:00,NO,BUF,19,31,Home,7,10,800,-1350,15.5,-115,-105,48.5,-115,-105,0,outdoors,a_turf,73.0,7.0,00-0039376,00-0034857,Spencer Rattler,Josh Allen,Kellen Moore,Sean McDermott,BUF00,New Era Field,0.059,0.941,950,-1100,+14½-110,-14-108,49.58,0.8012,0.1972,0.0015,11.29,37.21,48.5,12.957,-12.957,5.484,-6.184,48.5,-14.5,14.5,Turf,Partly Cloudy Day,75.2,,,5.9,342.0,12,50,1,-3.5,LOSS,OVER,0.2772775162637864,0.0535421152017079,0.543859649122807,0.4067796610169492,6.315789473684211,4.677966101694915,3.4444444444444446,2.333333333333333,0.8,1.0,0.2897965507758984,0.5454545454545454,-0.1191503346763992,0.1411826581750243,0.4285714285714285,0.4528301886792453,4.057142857142857,6.056603773584905,1.0833333333333333,3.1666666666666665,0.3333333333333333,0.6666666666666666,0.0582354299225207,0.3333333333333333,0.39642785094018557,-0.08764054297331639,0.11528822055137855,-0.046050527662296115,2.2586466165413537,-1.3786376718899902,2.3611111111111116,-0.8333333333333335,0.46666666666666673,0.33333333333333337,0.23156112085337768,0.2121212121212121,0.354984071982871,7.680893937746684,3.9642857142857135,0.0666666666666666,0.0,0.0,0.0351907186730828,7.230155055339519,8.051282051282051,0.048780487804878,0.024390243902439,0.0,0.3197933533097882,0.4507388824071654,-4.086996336996338,0.017886178861788594,-0.024390243902439,0.0,3,1084.0,1.0,0,1,0,0,2,2,0,0,0,0,2,1,1,2,1,1,2,2,0,0,0,0,0,0,0,0,0,0,2,1,1,0,0,0,0,1,-1,1.18,0,1.18,0,0,0
401772845,2025,REG,4,2025-09-28,Sunday,13:00,PHI,TB,31,25,Home,7,7,-185,154,-3.5,-102,-118,44.5,-118,-102,0,outdoors,grass,88.0,6.0,00-0036389,00-0034855,Jalen Hurts,Baker Mayfield,Nick Sirianni,Todd Bowles,TAM00,Raymond James Stadium,0.659,0.341,-185,180,-3½-108,+3½-108,74.694,0.4422,0.5542,0.0035,23.92,20.08,44.0,-1.921,1.921,1.225,4.443,44.0,3.5,-3.5,Grass,Partly Cloudy Day,91.9,,,6.9,12.0,-6,56,0,-2.5,LOSS,OVER,0.0176246207307316,-0.1851099196315638,0.3333333333333333,0.4426229508196721,5.523809523809524,4.39344262295082,1.9166666666666667,1.75,0.1428571428571428,0.5,0.0460304442310007,0.3076923076923077,0.0166391114884957,-0.0348326090480732,0.4126984126984127,0.4923076923076923,4.587301587301587,5.476923076923077,2.25,2.363636363636364,1.0,0.4,-0.1961953943895804,0.3571428571428571,0.0009855092422359005,-0.15027731058349061,-0.07936507936507936,-0.04968474148802016,0.9365079365079367,-1.083480453972257,-0.33333333333333326,-0.6136363636363642,-0.8571428571428572,0.09999999999999998,0.24222583862058109,-0.049450549450549386,0.2756340785645021,1.171681901504254,8.0,0.0333333333333333,0.0,0.0333333333333333,-0.0057188799872969,5.956184168656668,8.5625,0.1081081081081081,0.0,0.027027027027027,0.28135295855179904,-4.784502267152414,-0.5625,-0.0747747747747748,0.0,0.006306306306306297,0,924.2,0.0,1,0,0,0,2,0,2,0,1,-1,4,0,4,1,0,1,2,0,2,0,0,0,0,0,0,1,0,1,0,0,0,0,0,0,0.72,0,0.72,0,0,0,3,1,2
401772846,2025,REG,4,2025-09-28,Sunday,13:00,CLE,DET,10,34,Home,7,6,410,-550,10.0,-108,-112,44.5,-115,-105,0,dome,fieldturf,,,00-0026158,00-0033106,Joe Flacco,Jared Goff,Kevin Stefanski,Dan Campbell,DET00,Ford Field,0.171,0.829,475,-600,+10½-110,-10-108,58.07,0.7831,0.2151,0.0017,10.27,34.23,44.5,11.981,-11.981,6.703,-4.182,44.5,-10.0,10.0,Dome,,,,,,,24,44,1,14.0,WIN,UNDER,0.3917997568316628,0.0682274865596524,0.5846153846153846,0.4727272727272727,6.569230769230769,5.781818181818182,3.4545454545454546,3.0,0.8333333333333334,0.6666666666666666,0.2702791371872687,0.5,-0.1516207070162316,-0.0790359836583422,0.2857142857142857,0.3666666666666666,3.946428571428572,3.85,1.3,1.0,0.5,0.5,-0.0425774670555965,0.3076923076923077,0.5434204638478943,0.1472634702179946,0.29890109890109895,0.10606060606060613,2.622802197802197,1.931818181818182,2.1545454545454543,2.0,0.33333333333333337,0.16666666666666663,0.3128566042428652,0.1923076923076923,0.508923798444892,12.977435611761534,7.535714285714286,0.0,0.0,0.0,-0.247962234313221,-3.435839441689578,7.055555555555555,0.054054054054054,0.027027027027027,0.0,0.7568860327581131,16.413275053451112,0.48015873015873023,-0.054054054054054,-0.027027027027027,0.0,-1,90.0,0.0,1,0,0,0,3,1,2,0,0,0,2,1,1,0,0,0,3,1,2,0,0,0,0,0,0,0,0,0,0,0,0,0,0,0,0,0,0,0.04,0,0.04,2,1,1
401772847,2025,REG,4,2025-09-28,Sunday,13:00,CAR,NE,13,42,Home,7,7,215,-265,5.5,-108,-112,42.5,-108,-112,0,outdoors,fieldturf,76.0,7.0,00-0039150,00-0039851,Bryce Young,Drake Maye,Dave Canales,Mike Vrabel,BOS00,Gillette Stadium,0.35,0.65,215,-240,+5½-110,-5-108,30.91,0.5689,0.4276,0.0034,18.96,23.54,42.5,2.287,-2.287,-2.424,-3.516,42.5,-5.5,5.5,Turf,Clear Day,78.2,,,9.1,237.0,29,55,1,23.5,WIN,OVER,-0.1574635204886132,-0.0520942735608474,0.4647887323943662,0.5,5.197183098591549,4.456521739130435,1.5555555555555556,2.1,0.5,1.0,-0.3823889852342204,0.4615384615384615,-0.0089565473447965,-0.3391001895957404,0.4814814814814814,0.3636363636363636,4.166666666666667,5.03030303030303,2.4,0.0,0.6666666666666666,,0.0105331838684633,0.2727272727272727,-0.1485069731438167,0.287005916034893,-0.01669274908711521,0.1363636363636364,1.030516431924882,-0.5737812911725957,-0.8444444444444443,2.1,-0.16666666666666663,,-0.3929221691026837,0.1888111888111888,0.0336409284049988,7.905837976270252,5.594594594594595,0.119047619047619,0.0238095238095238,0.0238095238095238,-0.0993517979446123,-1.299610361456871,5.541666666666667,0.04,0.0,0.0,0.1329927263496111,9.205448337727123,0.052927927927927776,0.079047619047619,0.0238095238095238,0.0238095238095238,0,701.0,0.0,0,1,0,0,1,4,-3,0,0,0,3,3,0,1,3,-2,1,4,-3,0,0,0,1,0,1,0,1,-1,0,2,-2,0,0,0,1,1.39,-0.39,0,1.62,-1.62,0,0,0
401772848,2025,REG,4,2025-09-28,Sunday,16:05,JAX,SF,26,21,Home,7,7,150,-180,3.5,-120,100,45.5,-108,-112,0,outdoors,grass,72.0,7.0,00-0036971,00-0037834,Trevor Lawrence,Brock Purdy,Liam Coen,Kyle Shanahan,SFO01,Levi's Stadium,0.331,0.669,145,-160,+3-108,-3-105,60.715,0.6225,0.3745,0.003,18.21,27.79,46.0,4.794,-4.794,2.539,-0.891,46.0,-3.0,3.0,Grass,Cloudy,71.7,,,12.7,180.0,-5,47,0,-8.5,LOSS,OVER,-0.0552802222796805,-0.0110402685165596,0.5166666666666667,0.390625,5.933333333333334,4.0625,1.6,1.3,0.25,0.25,0.1083569110172296,0.2,-0.1632641412461338,-0.206887427361842,0.3692307692307692,0.3157894736842105,4.492307692307692,4.771929824561403,1.3076923076923077,0.7692307692307693,0.6666666666666666,0.5,-0.0613258045774941,0.2666666666666666,0.10798391896645332,0.19584715884528242,0.14743589743589752,0.07483552631578949,1.4410256410256412,-0.7094298245614032,0.2923076923076924,0.5307692307692308,-0.41666666666666663,-0.25,0.1696827155947237,-0.0666666666666666,0.3702745599243923,15.341458162840675,7.428571428571429,0.0277777777777777,0.0555555555555555,0.0,-0.2272953759231853,-17.02903438555567,7.875,0.0476190476190476,0.0238095238095238,0.0,0.5975699358475776,32.37049254839634,-0.4464285714285712,-0.019841269841269903,0.031746031746031696,0.0,0,2346.7,3.0,1,0,0,0,2,2,0,0,0,0,5,1,4,0,0,0,2,2,0,0,0,0,0,0,0,0,0,0,0,0,0,0,0,0,0,0,0,0.21,0,0.21,1,0,1
401772849,2025,REG,4,2025-09-28,Sunday,16:05,IND,LA,20,27,Home,7,7,154,-185,3.5,-105,-115,49.5,-105,-115,0,dome,matrixturf,,,00-0035710,00-0026498,Daniel Jones,Matthew Stafford,Shane Steichen,Sean McVay,LAX01,SoFi Stadium,0.329,0.671,170,-185,+3½-110,-3½+100,69.7,0.5622,0.4342,0.0034,22.27,27.23,49.5,2.479,-2.479,2.96,1.7,49.5,-3.5,3.5,Dome,,,,,,,7,47,1,3.5,WIN,UNDER,-0.0348326090480732,0.0166391114884957,0.4923076923076923,0.4126984126984127,5.476923076923077,4.587301587301587,2.363636363636364,2.25,0.4,1.0,0.1649819782143403,0.3,0.3936531533492063,-0.1724556131271189,0.56,0.4461538461538462,7.36,4.338461538461538,3.5,2.2222222222222223,0.5714285714285714,1.0,0.3869680336343197,0.25,-0.42848576239727953,0.1890947246156146,-0.06769230769230777,-0.0334554334554335,-1.8830769230769233,0.24884004884004884,-1.1363636363636358,0.02777777777777768,-0.17142857142857137,0.0,-0.2219860554199794,0.04999999999999999,-0.072914485470786,-4.678381327539682,5.090909090909091,0.0294117647058823,0.0294117647058823,0.0,0.4327456058894469,1.6586910486221311,7.0,0.0,0.0,0.0,-0.5056600913602329,-6.337072376161814,-1.9090909090909092,0.0294117647058823,0.0294117647058823,0.0,0,1813.1,3.0,1,0,0,0,0,3,-3,0,0,0,4,1,3,0,2,-2,0,3,-3,0,0,0,0,1,-1,0,0,0,0,0,0,0,1,-1,0,1.54,-1.54,0,0.71,-0.71,0,0,0
401772741,2025,REG,4,2025-09-28,Sunday,16:25,BAL,KC,20,37,Home,6,7,-148,124,-2.5,-120,100,48.5,100,-120,0,outdoors,grass,89.0,10.0,00-0034796,00-0033873,Lamar Jackson,Patrick Mahomes,John Harbaugh,Andy Reid,KAN00,GEHA Field at Arrowhead Stadium,0.669,0.331,-145,130,-2½-110,+2½+100,86.937,0.484,0.512,0.0038,24.78,23.72,48.5,-0.532,0.532,4.657,6.677,48.5,2.5,-2.5,Grass,Clear Day,88.4,,,9.5,220.0,17,57,1,19.5,WIN,OVER,0.1513525659311651,-0.2498529500867098,0.5,0.3770491803278688,4.828125,4.60655737704918,2.2,1.0,0.5,0.3333333333333333,0.0040084980743734,0.5333333333333333,0.0682274865596524,0.3917997568316628,0.4727272727272727,0.5846153846153846,5.781818181818182,6.569230769230769,3.0,3.4545454545454546,0.6666666666666666,0.8333333333333334,0.0313836191018622,0.5454545454545454,0.08312507937151271,-0.6416527069183726,0.027272727272727282,-0.20756620428751582,-0.9536931818181822,-1.962673392181589,-0.7999999999999998,-2.4545454545454546,-0.16666666666666663,-0.5,-0.0273751210274888,-0.012121212121212088,0.211046336171775,-1.493738889694214,8.621621621621621,0.0512820512820512,0.0,0.0512820512820512,0.3149394523229935,13.372031185362074,10.148148148148149,0.2,0.0,0.0285714285714285,-0.10389311615121846,-14.865770075056288,-1.5265265265265278,-0.1487179487179488,0.0,0.022710622710622696,1,955.4,1.0,1,0,0,0,0,3,-3,1,0,1,2,4,-2,0,3,-3,0,3,-3,0,0,0,0,0,0,0,1,-1,0,2,-2,0,0,0,0,0,0,0,1.21,-1.21,0,0,0
401772742,2025,REG,4,2025-09-28,Sunday,16:25,CHI,LV,25,24,Home,7,7,105,-125,1.5,-110,-110,47.5,-105,-115,0,dome,grass,,,00-0039918,00-0030565,Caleb Williams,Geno Smith,Ben Johnson,Pete Carroll,VEG00,Allegiant Stadium,0.511,0.489,125,-135,+2½-108,-1½-110,40.974,0.4701,0.5261,0.0037,24.38,23.12,47.5,-0.632,0.632,-2.793,-0.781,47.5,-2.0,2.0,Dome,,,,,,,-1,49,0,-2.5,LOSS,OVER,0.0449941284564411,0.2802268965676274,0.359375,0.490566037735849,5.5625,7.547169811320755,2.0,2.9166666666666665,0.75,0.6666666666666666,0.1583996085178417,0.2142857142857142,0.3017187412359374,-0.0395221512504255,0.4909090909090909,0.4852941176470588,7.036363636363636,5.852941176470588,3.1,1.4,0.8,0.25,0.0806234667586977,0.5714285714285714,-0.2567246127794963,0.3197490478180529,-0.1315340909090909,0.005271920088790183,-1.4738636363636362,1.694228634850167,-1.1,1.5166666666666666,-0.050000000000000044,0.41666666666666663,0.077776141759144,-0.3571428571428572,0.3497345047583005,11.681264307763842,10.517241379310343,0.1428571428571428,0.0,0.0,0.642127668879403,3.6546007863112857,8.928571428571429,0.0,0.0,0.0,-0.2923931641211025,8.026663521452555,1.5886699507389146,0.1428571428571428,0.0,0.0,0,1526.1,2.0,1,0,0,0,1,3,-2,0,0,0,1,3,-2,0,3,-3,1,3,-2,0,0,0,0,1,-1,0,0,0,0,2,-2,0,0,0,0.08,0.81,-0.73,0,1.09,-1.09,3,1,2
401772921,2025,REG,4,2025-09-28,Sunday,20:20,GB,DAL,40,40,Home,7,7,-345,275,-7.0,-105,-115,47.5,-115,-105,0,closed,matrixturf,,,00-0036264,00-0033077,Jordan Love,Dak Prescott,Matt LaFleur,Brian Schottenheimer,DAL00,AT&T Stadium,0.699,0.301,-320,285,-6½-105,+6½-105,65.203,0.3997,0.597,0.0032,26.95,19.55,46.5,-3.703,3.703,-0.607,4.46,46.5,6.5,-6.5,Dome,,,,,,,0,80,0,7.0,WIN,OVER,-0.0395221512504255,0.3017187412359374,0.4852941176470588,0.4909090909090909,5.852941176470588,7.036363636363636,1.4,3.1,0.25,0.8,0.0381829269386318,0.2727272727272727,-0.0790359836583422,-0.1516207070162316,0.3666666666666666,0.2857142857142857,3.85,3.946428571428572,1.0,1.3,0.5,0.5,-0.1915609251179664,0.5555555555555556,0.039513832407916706,0.453339448252169,0.11862745098039224,0.2051948051948052,2.002941176470588,3.089935064935064,0.3999999999999999,1.8,-0.25,0.30000000000000004,0.2297438520565982,-0.2828282828282829,-0.0441042989015587,10.85533713683104,5.025,0.0465116279069767,0.0465116279069767,0.0,-0.0314095740326481,-2.6773711442947388,1.92,0.1666666666666666,0.0333333333333333,0.0,-0.0126947248689106,13.532708281125778,3.1050000000000004,-0.1201550387596899,0.013178294573643404,0.0,0,945.9,0.0,1,0,0,0,2,2,0,0,1,-1,0,1,-1,2,1,1,2,2,0,0,0,0,1,1,0,1,0,1,0,0,0,0,0,0,1.09,0.56,0.53,0,0,0,0,0,0
401772813,2025,REG,4,2025-09-29,Monday,19:15,NYJ,MIA,21,27,Home,8,11,124,-148,2.5,-105,-115,44.5,-120,100,1,outdoors,grass,88.0,17.0,00-0036945,00-0036212,Justin Fields,Tua Tagovailoa,Aaron Glenn,Mike McDaniel,MIA00,Hard Rock Stadium,0.415,0.585,145,-150,+3-110,-3+100,23.369,0.5548,0.4415,0.0035,19.66,24.34,44.0,2.344,-2.344,-3.845,-4.403,44.0,-2.5,2.5,Grass,Clear Day,87.3,,,14.3,303.0,6,48,1,3.5,WIN,OVER,0.0535421152017079,0.2772775162637864,0.4067796610169492,0.543859649122807,4.677966101694915,6.315789473684211,2.333333333333333,3.4444444444444446,1.0,0.8,-0.23783412648549,0.6666666666666666,-0.1851099196315638,0.0176246207307316,0.4426229508196721,0.3333333333333333,4.39344262295082,5.523809523809524,1.75,1.9166666666666667,0.5,0.1428571428571428,-0.0865373594124127,0.2727272727272727,0.23865203483327171,0.25965289553305476,-0.035843289802722944,0.21052631578947373,0.2845234787440951,0.7919799498746869,0.583333333333333,1.527777777777778,0.5,0.6571428571428573,-0.1512967670730773,0.3939393939393939,0.0043364952314946,-1.6873112230589895,6.0,0.0,0.0294117647058823,0.0,-0.7326811546540389,-37.60964214801788,8.454545454545455,0.1538461538461538,0.0,0.0769230769230769,0.7370176498855335,35.92233092495889,-2.454545454545455,-0.1538461538461538,0.0294117647058823,-0.0769230769230769,3,1085.5,0.0,1,0,0,0,2,3,-1,0,0,0,1,0,1,2,2,0,2,3,-1,0,0,0,0,0,0,0,1,-1,0,1,-1,2,0,2,0,0,0,0.5,0.43,0.07,2,2,0
401772716,2025,REG,4,2025-09-29,Monday,20:15,CIN,DEN,3,28,Home,8,8,360,-470,7.5,-115,-105,44.5,-115,-105,0,outdoors,grass,66.0,12.0,00-0035100,00-0039732,Jake Browning,Bo Nix,Zac Taylor,Sean Payton,DEN00,Empower Field at Mile High,0.205,0.795,375,-450,+7½-110,-7-110,56.457,0.7175,0.2802,0.0022,13.36,31.14,44.5,8.894,-8.894,1.302,-5.955,44.5,-7.5,7.5,Grass,Rain,61.1,100%,Rain,8.8,148.0,25,31,1,17.5,WIN,UNDER,-0.0461946154999729,-0.0386448791674857,0.2765957446808511,0.4,5.659574468085107,4.7,1.6666666666666667,1.9166666666666667,0.6666666666666666,0.5,-0.2031688137103628,0.1538461538461538,-0.7874375241005505,0.1210588149935082,0.2884615384615384,0.5172413793103449,3.2884615384615383,6.068965517241379,0.7692307692307693,2.571428571428572,1.0,0.5714285714285714,-0.89651508006926,0.2727272727272727,0.7412429086005775,-0.1597036941609939,-0.011865793780687306,-0.11724137931034484,2.3711129296235685,-1.3689655172413788,0.8974358974358975,-0.6547619047619053,-0.33333333333333337,-0.0714285714285714,0.6933462663588972,-0.11888111888111891,-0.0565011953625698,-8.01634334999582,10.76,0.074074074074074,0.0,0.0,-0.6023889160817021,0.3612574476462151,4.777777777777778,0.1,0.0666666666666666,0.0,0.5458877207191323,-8.377600797642035,5.982222222222222,-0.025925925925926005,-0.0666666666666666,0.0,0,1093.0,2.0,1,0,0,0,0,2,-2,0,0,0,1,0,1,0,1,-1,0,2,-2,0,0,0,0,0,0,0,1,-1,0,0,0,0,0,0,0,0.32,-0.32,0,0.41,-0.41,2,1,1
401772939,2025,REG,5,2025-10-02,Thursday,20:15,SF,LA,26,23,Home,4,4,340,-440,8.5,-110,-110,43.5,-108,-112,1,dome,matrixturf,,,00-0036972,00-0026498,Mac Jones,Matthew Stafford,Kyle Shanahan,Sean McVay,LAX01,SoFi Stadium,0.256,0.744,360,-420,+8-105,-8-105,69.838,0.7081,0.2895,0.0023,13.32,30.18,43.5,8.43,-8.43,2.891,-4.147,43.5,-8.0,8.0,Dome,,,,,,,-3,49,0,-11.5,LOSS,OVER,0.0815642264949096,-0.0927676938804662,0.5373134328358209,0.4545454545454545,6.925373134328358,6.072727272727272,2.25,1.6666666666666667,0.75,0.6666666666666666,0.0819216118905833,0.3333333333333333,-0.0694931249937171,0.0778948432052894,0.4375,0.4666666666666667,6.109375,5.5,1.9090909090909087,1.6666666666666667,0.5,0.5,-0.213237525652904,0.6153846153846154,0.1510573514886267,-0.1706625370857556,0.09981343283582089,-0.0121212121212122,0.8159981343283578,0.5727272727272723,0.3409090909090913,0.0,0.25,0.16666666666666663,0.2951591375434873,-0.2820512820512821,0.3360535830933413,5.447497591376305,8.341463414634147,0.0697674418604651,0.0,0.0,0.0387039780976778,3.255560602012434,7.536585365853658,0.024390243902439,0.024390243902439,0.0,0.29734960499566354,2.1919369893638705,0.8048780487804885,0.0453771979580261,-0.024390243902439,0.0,0,313.5,0.0,0,1,0,0,0,5,-5,2,0,2,0,1,-1,0,2,-2,0,4,-4,0,1,-1,0,0,0,0,1,-1,0,0,0,0,0,0,0,2.29,-2.29,0,0.18,-0.18,0,2,-2
401772633,2025,REG,5,2025-10-05,Sunday,09:30,MIN,CLE,21,17,Neutral,7,7,-198,164,-3.5,-110,-110,35.5,-112,-108,0,outdoors,grass,61.0,14.0,00-0032950,00-0040704,Carson Wentz,Dillon Gabriel,Kevin O'Connell,Kevin Stefanski,CLE00,FirstEnergy Stadium,0.696,0.304,-180,165,-3½+105,+3½-110,32.758,0.3154,0.682,0.0025,25.1,10.4,35.5,-7.352,7.352,-4.625,2.943,35.5,3.5,-3.5,Turf,Partly Cloudy Day,61.1,,,18.8,286.0,-4,38,0,-0.5,LOSS,OVER,-0.3630427129297361,-0.1278011735194635,0.28125,0.3888888888888889,3.90625,5.166666666666667,0.7142857142857143,2.0,0.5,0.75,-0.3683592359866823,0.2142857142857142,0.0443465149409025,0.1987203925612027,0.4444444444444444,0.5882352941176471,5.194444444444445,6.176470588235294,2.1,2.1818181818181817,0.5,0.5,0.1301502461629835,0.2857142857142857,-0.4073892278706386,-0.3265215660806662,-0.16319444444444442,-0.19934640522875818,-1.2881944444444446,-1.0098039215686274,-1.3857142857142857,-0.18181818181818166,0.0,0.25,-0.49850948214966584,-0.07142857142857151,-1.213066232507117,-57.09201097488403,14.0,0.0,0.0,0.0,0.0625458668352943,5.204265883990696,7.282608695652174,0.1153846153846153,0.0384615384615384,0.0192307692307692,-1.2756120993424114,-62.29627685887473,6.717391304347826,-0.1153846153846153,-0.0384615384615384,-0.0192307692307692,0,628.5,1.0,0,1,1,1,1,6,-5,0,0,0,2,3,-1,0,5,-5,1,6,-5,0,1,-1,0,3,-3,0,0,0,0,1,-1,0,0,0,0,3.07,-3.07,0,0.14,-0.14,4,0,4
401772743,2025,REG,5,2025-10-05,Sunday,13:00,HOU,BAL,44,10,Home,7,7,-148,124,-2.5,-118,-102,41.5,-115,-105,0,outdoors,grass,78.0,2.0,00-0039163,00-0033662,C.J. Stroud,Cooper Rush,DeMeco Ryans,John Harbaugh,BAL00,M&T Bank Stadium,0.529,0.471,-135,120,-2-110,+2½-108,65.69,0.5247,0.4714,0.0037,19.86,21.64,41.5,0.89,-0.89,-1.093,-0.231,41.5,2.5,-2.5,Grass,Partly Cloudy Day,77.6,,,1.2,12.0,-34,54,0,-31.5,LOSS,OVER,-0.0625212266413756,0.2306042405934028,0.4528301886792453,0.4411764705882353,6.79245283018868,5.661764705882353,2.0,3.7,0.6666666666666666,0.5714285714285714,0.2599516407741855,0.3,0.149970437206351,-0.3398414129623069,0.4090909090909091,0.3333333333333333,5.348484848484849,3.888888888888889,2.888888888888889,0.0,1.0,,0.0861503905040816,0.4,-0.2124916638477266,0.5704456535557096,0.04373927958833618,0.10784313725490197,1.4439679817038318,1.7728758169934644,-0.8888888888888888,3.7,-0.33333333333333337,,0.17380125027010387,-0.10000000000000003,-0.449906651978381,7.09460328022639,3.076923076923077,0.0,0.0,0.0,0.2648854978223828,8.142503244536263,6.5,0.064516129032258,0.0,0.0,-0.7147921498007638,-1.047899964309873,-3.423076923076923,-0.064516129032258,0.0,0.0,0,1254.8,1.0,0,1,0,0,6,4,2,0,0,0,4,0,4,5,0,5,6,1,5,1,0,1,0,0,0,1,0,1,1,0,1,2,0,2,0.69,0,0.69,1.69,0.22,1.47,2,1,1
401772744,2025,REG,5,2025-10-05,Sunday,13:00,NYG,NO,14,26,Home,7,7,100,-120,1.5,-115,-105,41.5,-105,-115,0,dome,sportturf,,,00-0040691,00-0039376,Jaxson Dart,Spencer Rattler,Brian Daboll,Kellen Moore,NOR00,Mercedes-Benz Superdome,0.512,0.488,125,-135,+2½+100,-2-110,20.779,0.5468,0.4495,0.0036,19.45,22.56,42.0,1.555,-1.555,-6.164,-5.885,42.0,-2.5,2.5,Dome,,,,,,,12,40,1,10.5,WIN,UNDER,-0.0936041365829164,0.1963707230801219,0.4242424242424242,0.4814814814814814,4.515151515151516,6.648148148148148,1.9,2.8181818181818183,0.5,0.8,0.1087528398074209,0.3846153846153846,-0.1453065433353784,-0.1670163777256041,0.4142857142857143,0.4035087719298245,3.6,5.964912280701754,1.9090909090909087,1.6363636363636365,0.4,0.6666666666666666,-0.1507930251970702,0.4666666666666667,0.051702406752462,0.363387100805726,0.009956709956709886,0.07797270955165692,0.9151515151515155,0.6832358674463936,-0.009090909090908816,1.1818181818181819,0.09999999999999998,0.13333333333333341,0.25954586500449106,-0.08205128205128209,-0.2803313403594493,7.095380624135335,4.444444444444445,0.1,0.0,0.0333333333333333,-0.1814776733790523,-0.2881464205290143,6.35,0.2,0.0,0.0,-0.09885366698039699,7.3835270446643495,-1.905555555555555,-0.1,0.0,0.0333333333333333,0,1169.8,1.0,1,0,0,0,5,1,4,0,1,-1,5,2,3,3,0,3,3,1,2,0,0,0,1,0,1,0,0,0,1,0,1,1,0,1,0.42,0,0.42,0.2,0.24,-0.04,0,1,-1
401772745,2025,REG,5,2025-10-05,Sunday,13:00,DEN,PHI,21,17,Home,6,7,180,-218,3.5,-105,-115,44.5,-115,-105,0,outdoors,grass,80.0,6.0,00-0039732,00-0036389,Bo Nix,Jalen Hurts,Sean Payton,Nick Sirianni,PHI00,Lincoln Financial Field,0.272,0.728,195,-220,+4-108,-4-108,75.641,0.6017,0.395,0.0031,17.94,26.06,44.0,4.056,-4.056,4.709,2.303,44.0,-4.0,4.0,Grass,Clear Day,80.2,,,7.7,228.0,-4,38,0,-7.5,LOSS,UNDER,-0.0738866117840693,-0.1461122903381366,0.4137931034482758,0.373134328358209,3.4482758620689653,5.611940298507463,1.9230769230769231,1.6428571428571428,0.6,0.5,-0.0051949704918728,0.3571428571428571,0.2237486113830433,-0.2563648635905042,0.5064935064935064,0.3571428571428571,6.688311688311688,3.809523809523809,2.8,0.3,0.8,0.0,0.138263225916215,0.5714285714285714,-0.2976352231671126,0.11025257325236759,-0.09270040304523064,0.015991471215351882,-3.240035826242723,1.802416488983654,-0.8769230769230767,1.3428571428571427,-0.20000000000000007,0.5,-0.14345819640808782,-0.2142857142857143,-0.0497255403270873,-4.997034619251887,6.958333333333333,0.0769230769230769,0.0,0.0,0.3161856237635393,-2.154946114335741,6.666666666666667,0.0,0.0238095238095238,0.0,-0.36591116409062663,-2.842088504916146,0.2916666666666661,0.0769230769230769,-0.0238095238095238,0.0,1,1576.8,2.0,0,1,0,0,1,1,0,0,0,0,0,0,0,0,0,0,0,1,-1,0,0,0,0,0,0,0,0,0,0,0,0,0,0,0,0,0.42,-0.42,0,0,0,1,0,1
401772850,2025,REG,5,2025-10-05,Sunday,13:00,DAL,NYJ,37,22,Home,7,6,-105,-115,1.5,-120,100,48.5,-110,-110,0,outdoors,fieldturf,82.0,3.0,00-0033077,00-0036945,Dak Prescott,Justin Fields,Brian Schottenheimer,Aaron Glenn,NYC01,MetLife Stadium,0.545,0.455,120,-120,+2-108,-1-110,38.824,0.4096,0.587,0.0032,27.29,20.21,47.5,-3.54,3.54,-4.728,0.353,47.5,-1.5,1.5,Turf,Clear Day,82.1,,,3.7,264.0,-15,59,0,-16.5,LOSS,OVER,0.1588386564310765,0.1296868522222619,0.6206896551724138,0.3928571428571428,6.706896551724138,5.357142857142857,2.1,3.0,0.5,0.75,0.1278474193970283,0.4444444444444444,0.3580656074350035,0.3413296651202159,0.5522388059701493,0.5512820512820513,6.507462686567164,6.282051282051282,3.4545454545454546,3.636363636363636,0.8333333333333334,0.8333333333333334,0.3404444085412912,0.3636363636363636,-0.19922695100392698,-0.211642812897954,0.06845084920226452,-0.15842490842490853,0.1994338651569736,-0.9249084249084252,-1.3545454545454545,-0.6363636363636358,-0.33333333333333337,-0.08333333333333337,-0.21259698914426292,0.08080808080808083,0.1934044371741302,5.086048664870085,7.592592592592593,0.0689655172413793,0.0,0.0344827586206896,0.5470947168474021,13.1012120529225,8.175,0.024390243902439,0.0,0.0,-0.3536902796732719,-8.015163388052414,-0.5824074074074082,0.04457527333894029,0.0,0.0344827586206896,-1,1385.1,1.0,0,1,0,0,2,5,-3,0,0,0,1,6,-5,2,5,-3,2,5,-3,0,0,0,0,2,-2,1,2,-1,0,0,0,1,1,0,0,2.51,-2.51,0.31,0.36,-0.05,1,0,1
401772851,2025,REG,5,2025-10-05,Sunday,13:00,LV,IND,6,40,Home,7,7,285,-360,7.0,100,-120,46.5,-108,-112,0,closed,fieldturf,,,00-0030565,00-0035710,Geno Smith,Daniel Jones,Pete Carroll,Shane Steichen,IND00,Lucas Oil Stadium,0.261,0.739,300,-350,+7½-110,-7-110,47.167,0.6298,0.3671,0.0029,18.13,28.37,46.5,5.119,-5.119,1.26,-2.557,46.5,-7.0,7.0,Dome,,,,,,,34,46,1,27.0,WIN,UNDER,-0.0927676938804662,0.0815642264949096,0.4545454545454545,0.5373134328358209,6.072727272727272,6.925373134328358,1.6666666666666667,2.25,0.6666666666666666,0.75,-0.1950932778709102,0.3333333333333333,-0.1957607227575903,-0.120571333187331,0.5294117647058824,0.421875,7.0,4.25,2.1818181818181817,2.272727272727273,0.75,0.4,0.1832728250246006,0.25,0.1029930288771241,0.20213555968224062,-0.07486631016042788,0.11543843283582089,-0.9272727272727277,2.6753731343283578,-0.5151515151515149,-0.02272727272727293,-0.08333333333333337,0.35,-0.37836610289551076,0.08333333333333331,0.1183790908474798,7.550807576626539,9.484848484848484,0.0571428571428571,0.0571428571428571,0.0285714285714285,-0.4801091761875893,-3.5831913352012634,4.619047619047619,0.0,0.15,0.0,0.5984882670350691,11.133998911827803,4.865800865800866,0.0571428571428571,-0.09285714285714289,0.0285714285714285,0,1594.6,3.0,0,1,0,0,4,0,4,0,0,0,1,3,-2,1,0,1,3,0,3,0,0,0,0,0,0,0,0,0,0,0,0,1,0,1,0.61,0,0.61,0.71,0,0.71,2,1,1
401772852,2025,REG,5,2025-10-05,Sunday,13:00,MIA,CAR,24,27,Home,6,7,-120,100,-1.5,-105,-115,44.5,-105,-115,0,outdoors,grass,77.0,8.0,00-0036212,00-0039150,Tua Tagovailoa,Bryce Young,Mike McDaniel,Dave Canales,CAR00,Bank of America Stadium,0.589,0.411,-115,100,-1-108,+1-108,23.288,0.506,0.49,0.0039,21.33,22.68,44.0,0.675,-0.675,-4.72,-3.642,44.0,1.0,-1.0,Grass,Partly Cloudy Day,76.6,,,7.8,99.0,3,51,1,4.5,WIN,OVER,-0.0243401050376954,0.3920487745199352,0.4923076923076923,0.4222222222222222,5.015384615384615,6.866666666666666,1.181818181818182,3.272727272727273,1.0,0.8333333333333334,0.1317724343510538,0.3571428571428571,0.1296868522222619,0.1588386564310765,0.3928571428571428,0.6206896551724138,5.357142857142857,6.706896551724138,3.0,2.1,0.75,0.5,0.0043135777963217,0.3333333333333333,-0.1540269572599573,0.2332101180888587,0.09945054945054949,-0.1984674329501916,-0.34175824175824143,0.15977011494252835,-1.818181818181818,1.1727272727272728,0.25,0.33333333333333337,0.1274588565547321,0.02380952380952378,-0.288272372989051,-0.4115720207874582,5.1,0.032258064516129,0.0,0.0,0.4151177559333394,-1.6991593837738037,5.48,0.0,0.0,0.0,-0.7033901289223904,1.2875873629863455,-0.3800000000000008,0.032258064516129,0.0,0.0,1,641.4,0.0,1,0,0,0,4,2,2,0,0,0,3,0,3,3,1,2,4,1,3,0,0,0,0,0,0,2,0,2,0,0,0,1,1,0,1.1,0,1.1,1.12,0.4,0.72,1,3,-2
401772746,2025,REG,5,2025-10-05,Sunday,16:05,TB,SEA,38,35,Home,7,10,150,-180,3.5,-115,-105,44.5,-110,-110,0,outdoors,fieldturf,61.0,8.0,00-0034855,00-0034869,Baker Mayfield,Sam Darnold,Todd Bowles,Mike Macdonald,SEA00,Lumen Field,0.421,0.579,170,-190,+3½-105,-3½-108,58.415,0.5308,0.4654,0.0037,21.0,23.5,44.5,1.246,-1.246,0.732,0.746,44.5,-3.5,3.5,Turf,Partly Cloudy Day,61.1,,,8.3,325.0,-3,73,0,-6.5,LOSS,OVER,0.0552767519344954,-0.0813037103404926,0.421875,0.375,6.0,3.953125,2.3,1.6666666666666667,0.6666666666666666,0.6666666666666666,0.0240408056930407,0.4615384615384615,-0.1461122903381366,-0.0738866117840693,0.373134328358209,0.4137931034482758,5.611940298507463,3.4482758620689653,1.6428571428571428,1.9230769230769231,0.5,0.6,0.029154150517356,0.2307692307692307,0.201389042272632,-0.007417098556423293,0.04874067164179102,-0.0387931034482758,0.3880597014925371,0.5048491379310347,0.657142857142857,-0.2564102564102564,0.16666666666666663,0.06666666666666665,-0.005113344824315299,0.2307692307692308,0.3421160452102158,6.929043804605802,9.115384615384617,0.1034482758620689,0.0,0.0344827586206896,-0.1288779270640943,-10.171916622381945,7.975,0.048780487804878,0.024390243902439,0.024390243902439,0.4709939722743101,17.100960426987747,1.140384615384617,0.05466778805719089,-0.024390243902439,0.010092514718250598,3,2522.6,3.0,1,0,0,0,4,5,-1,0,0,0,0,0,0,3,3,0,4,5,-1,0,0,0,0,0,0,0,2,-2,1,0,1,2,1,1,0.33,1.33,-1,2.15,0.93,1.22,4,1,3
401772747,2025,REG,5,2025-10-05,Sunday,16:05,TEN,ARI,22,21,Home,7,10,330,-425,7.5,-108,-112,41.5,-110,-110,0,closed,grass,,,00-0040676,00-0035228,Cam Ward,Kyler Murray,Brian Callahan,Jonathan Gannon,PHO00,State Farm Stadium,0.238,0.762,355,-400,+7½-108,-7½-108,25.26,0.7295,0.2682,0.0021,11.19,30.31,41.5,9.56,-9.56,-1.005,-8.944,41.5,-7.5,7.5,Dome,,,,,,,-1,43,0,-8.5,LOSS,OVER,-0.0813037103404926,0.0552767519344954,0.375,0.421875,3.953125,6.0,1.6666666666666667,2.3,0.6666666666666666,0.6666666666666666,-0.0685481825366878,0.4,-0.3398414129623069,0.149970437206351,0.3333333333333333,0.4090909090909091,3.888888888888889,5.348484848484849,0.0,2.888888888888889,,1.0,-0.2342595641102613,0.1818181818181818,0.2585377026218143,-0.09469368527185561,0.041666666666666685,0.012784090909090884,0.06423611111111116,0.6515151515151514,1.6666666666666667,-0.588888888888889,,-0.33333333333333337,0.1657113815735735,0.21818181818181823,-0.0703063783878652,-4.957857504487038,5.804878048780488,0.1276595744680851,0.0425531914893617,0.0,-0.6093183999126696,-24.49821518815082,7.3076923076923075,0.074074074074074,0.037037037037037,0.0,0.5390120215248043,19.540357683663782,-1.5028142589118199,0.053585500394011096,0.005516154452324701,0.0,3,1452.7,2.0,1,0,0,0,1,4,-3,1,0,1,6,4,2,1,1,0,1,3,-2,0,0,0,0,1,-1,0,0,0,1,0,1,0,0,0,0,0.95,-0.95,0.45,0,0.45,1,1,0
401772853,2025,REG,5,2025-10-05,Sunday,16:25,WAS,LAC,27,10,Home,7,7,130,-155,2.5,100,-120,47.5,-115,-105,0,dome,matrixturf,,,00-0039910,00-0036355,Jayden Daniels,Justin Herbert,Dan Quinn,Jim Harbaugh,LAX01,SoFi Stadium,0.376,0.624,155,-170,+3½-120,-3-108,72.948,0.585,0.4116,0.0033,21.2,27.31,48.5,3.055,-3.055,3.399,2.213,48.5,-3.0,3.0,Dome,,,,,,,-17,37,0,-19.5,LOSS,UNDER,-0.1670163777256041,-0.1453065433353784,0.4035087719298245,0.4142857142857143,5.964912280701754,3.6,1.6363636363636365,1.9090909090909087,0.6666666666666666,0.4,-0.0514602953454331,0.3333333333333333,0.1313126924813322,0.2673250416999427,0.4901960784313725,0.5081967213114754,5.803921568627451,7.180327868852459,3.0,3.4,1.0,0.6666666666666666,0.0536362378683407,0.125,-0.29832907020693633,-0.4126315850353211,-0.08668730650154799,-0.0939110070257611,0.1609907120743035,-3.5803278688524593,-1.3636363636363635,-1.4909090909090912,-0.33333333333333337,-0.2666666666666666,-0.1050965332137738,0.20833333333333331,-0.4912045703138268,-5.677072468556855,6.463414634146342,0.0465116279069767,0.0465116279069767,0.0,-0.1997118631454756,-7.198357805609703,6.642857142857143,0.0888888888888888,0.0,0.0,-0.2914927071683512,1.5212853370528476,-0.17944250871080136,-0.04237726098191209,0.0465116279069767,0.0,0,2310.9,3.0,1,0,0,0,2,3,-1,0,0,0,3,0,3,2,1,1,2,1,1,0,0,0,1,0,1,1,1,0,0,0,0,0,0,0,0.24,0.99,-0.75,0,0,0,0,2,-2
401772854,2025,REG,5,2025-10-05,Sunday,16:25,DET,CIN,37,24,Home,7,6,-575,425,-10.5,-102,-118,49.5,-112,-108,0,outdoors,fieldturf,84.0,7.0,00-0033106,00-0035100,Jared Goff,Jake Browning,Dan Campbell,Zac Taylor,CIN00,Paycor Stadium,0.839,0.161,-500,450,-8½-110,+10-110,65.406,0.2317,0.7664,0.0018,35.42,13.58,49.0,-10.92,10.92,-6.689,5.659,49.0,10.0,-10.0,Turf,Partly Cloudy Day,81.1,,,1.7,315.0,-13,61,0,-2.5,LOSS,OVER,-0.2563648635905042,0.2237486113830433,0.3571428571428571,0.5064935064935064,3.809523809523809,6.688311688311688,0.3,2.8,0.0,0.8,-0.1034693724678588,0.1818181818181818,-0.1278011735194635,-0.3630427129297361,0.3888888888888889,0.28125,5.166666666666667,3.90625,2.0,0.7142857142857143,0.75,0.5,-0.1949483732616779,0.4285714285714285,-0.1285636900710407,0.5867913243127794,-0.0317460317460318,0.22524350649350644,-1.357142857142858,2.782061688311688,-1.7,2.0857142857142854,-0.75,0.30000000000000004,0.09147900079381911,-0.2467532467532467,-0.3698099142785991,-4.895710132338784,8.0,0.1071428571428571,0.0,0.0,-0.0378559017237183,-0.4912027120590206,11.592592592592592,0.0,0.037037037037037,0.0,-0.33195401255488083,-4.404507420279763,-3.5925925925925917,0.1071428571428571,-0.037037037037037,0.0,-1,237.0,0.0,1,0,0,0,1,4,-3,0,1,-1,1,1,0,0,0,0,1,3,-2,0,0,0,0,0,0,0,0,0,0,0,0,0,0,0,0,0,0,0.41,0.14,0.27,0,1,-1
401772922,2025,REG,5,2025-10-05,Sunday,20:20,NE,BUF,23,20,Home,7,7,310,-395,7.5,-105,-115,49.5,-108,-112,1,outdoors,a_turf,66.0,3.0,00-0039851,00-0034857,Drake Maye,Josh Allen,Mike Vrabel,Sean McDermott,BUF00,New Era Field,0.189,0.811,375,-420,+7½-105,-7½-108,66.658,0.6787,0.3187,0.0025,17.35,31.65,49.0,7.15,-7.15,4.9,-0.592,49.0,-7.5,7.5,Turf,Clear Night,68.5,,,4.6,256.0,-3,43,0,-10.5,LOSS,UNDER,0.1963707230801219,-0.0936041365829164,0.4814814814814814,0.4242424242424242,6.648148148148148,4.515151515151516,2.8181818181818183,1.9,0.8,0.5,0.3214211870574879,0.3,0.3920487745199352,-0.0243401050376954,0.4222222222222222,0.4923076923076923,6.866666666666666,5.015384615384615,3.272727272727273,1.181818181818182,0.8333333333333334,1.0,0.2707294596960612,0.3333333333333333,-0.1956780514398133,-0.069264031545221,0.05925925925925918,-0.06806526806526808,-0.21851851851851833,-0.5002331002330997,-0.4545454545454546,0.7181818181818178,-0.033333333333333326,-0.5,0.050691727361426686,-0.033333333333333326,0.1966873918416332,9.253221276131542,10.181818181818182,0.12,0.04,0.0,1.0708685504004178,20.40544915944338,7.823529411764706,0.0555555555555555,0.0,0.0,-0.8741811585587846,-11.152227883311836,2.358288770053476,0.0644444444444445,0.04,0.0,0,386.4,0.0,1,0,0,0,2,1,1,0,0,0,4,3,1,1,1,0,2,1,1,0,0,0,0,0,0,0,0,0,1,1,0,0,0,0,0,0,0,1.06,0.49,0.57,2,0,2
401772814,2025,REG,5,2025-10-06,Monday,20:15,KC,JAX,28,31,Home,8,8,-198,164,-3.5,-110,-110,45.5,-108,-112,0,outdoors,grass,80.0,12.0,00-0033873,00-0036971,Patrick Mahomes,Trevor Lawrence,Andy Reid,Liam Coen,JAX00,TIAA Bank Stadium,0.64,0.36,-185,170,-3½+105,+3½-110,69.012,0.3758,0.6211,0.003,27.45,18.05,45.5,-4.696,4.696,-0.47,5.706,45.5,3.5,-3.5,Grass,Partly Cloudy Night,77.9,,,8.2,87.0,3,59,1,6.5,WIN,OVER,0.0778948432052894,-0.0694931249937171,0.4666666666666667,0.4375,5.5,6.109375,1.6666666666666667,1.9090909090909087,0.5,0.5,0.1011468023200944,0.2857142857142857,0.2306042405934028,-0.0625212266413756,0.4411764705882353,0.4528301886792453,5.661764705882353,6.79245283018868,3.7,2.0,0.5714285714285714,0.6666666666666666,0.1673445992951747,0.3333333333333333,-0.1527093973881134,-0.0069718983523414935,0.025490196078431393,-0.015330188679245293,-0.16176470588235325,-0.6830778301886804,-2.033333333333333,-0.09090909090909127,-0.0714285714285714,-0.16666666666666663,-0.0661977969750803,-0.047619047619047616,0.1725420626434344,0.93662162621816,6.32258064516129,0.0,0.0,0.0,0.4260252202398137,5.857575876372201,7.0,0.0263157894736842,0.0,0.0,-0.2534831575963793,-4.9209542501540415,-0.67741935483871,-0.0263157894736842,0.0,0.0,0,944.9,1.0,0,1,0,0,1,0,1,0,0,0,2,2,0,0,0,0,1,0,1,0,0,0,0,0,0,0,0,0,0,0,0,0,0,0,0,0,0,0,0,0,0,0,0
401772940,2025,REG,6,2025-10-09,Thursday,20:15,PHI,NYG,17,34,Home,4,4,-395,310,-7.0,-120,100,40.5,-105,-115,1,outdoors,fieldturf,53.0,3.0,00-0036389,00-0040691,Jalen Hurts,Jaxson Dart,Nick Sirianni,Brian Daboll,NYC01,MetLife Stadium,0.824,0.176,-405,345,-7½+100,+8-110,53.965,0.2543,0.7436,0.002,30.74,10.27,41.0,-10.235,10.235,-7.093,4.261,41.0,7.5,-7.5,Turf,Clear Night,53.4,,,4.4,22.0,17,51,1,24.0,WIN,OVER,-0.2907236500295635,0.0484076955191885,0.463768115942029,0.4590163934426229,4.855072463768116,5.459016393442623,1.4,1.818181818181818,0.5,0.2,-0.4395674218701768,0.3,0.0031612224057886,0.0715268067741425,0.3888888888888889,0.4929577464788732,5.611111111111111,5.070422535211268,1.4166666666666667,1.9090909090909087,0.6666666666666666,0.6666666666666666,0.0970268265769253,0.1818181818181818,-0.2938848724353521,-0.023119111254954,0.0748792270531401,-0.03394135303625029,-0.7560386473429945,0.3885938582313546,-0.01666666666666683,-0.09090909090909083,-0.16666666666666663,-0.4666666666666666,-0.536594248447102,0.1181818181818182,-0.3066129325627116,-1.743929317364326,8.2,0.025,0.05,0.025,0.0114767620533408,-2.262644268370964,10.947368421052632,0.1363636363636363,0.0,0.0,-0.3180896946160524,0.518714951006638,-2.7473684210526326,-0.1113636363636363,0.05,0.025,0,85.4,0.0,0,1,0,0,3,2,1,0,0,0,1,2,-1,0,1,-1,3,2,1,0,0,0,0,1,-1,0,0,0,0,0,0,0,0,0,0.75,0.31,0.44,0.24,0,0.24,0,1,-1
401772634,2025,REG,6,2025-10-12,Sunday,09:30,DEN,NYJ,13,11,Neutral,7,7,-395,310,-7.5,100,-120,43.5,-112,-108,0,outdoors,grass,59.0,6.0,00-0039732,00-0036945,Bo Nix,Justin Fields,Sean Payton,Aaron Glenn,NYC01,MetLife Stadium,0.796,0.204,-325,315,-7+100,+7-110,42.67,0.2881,0.7095,0.0023,30.1,13.4,43.5,-8.354,8.354,-5.616,2.833,43.5,7.0,-7.0,Turf,Partly Cloudy Day,57.3,,,5.2,87.0,-2,24,0,5.5,WIN,UNDER,0.0119193813572028,0.3599104924790044,0.4931506849315068,0.4821428571428571,5.2465753424657535,7.446428571428571,1.8333333333333333,3.083333333333333,0.6666666666666666,0.8333333333333334,-0.0120098155591851,0.4375,0.0715268067741425,0.0031612224057886,0.4929577464788732,0.3888888888888889,5.070422535211268,5.611111111111111,1.9090909090909087,1.4166666666666667,0.6666666666666666,0.6666666666666666,0.0779410015346473,0.3125,-0.0596074254169397,0.35674927007321583,0.00019293845263362863,0.0932539682539682,0.17615280725448557,1.8353174603174605,-0.07575757575757547,1.6666666666666663,0.0,0.16666666666666674,-0.08995081709383239,0.125,0.0839382107082812,5.117593841119246,6.695652173913044,0.0961538461538461,0.0,0.0,0.1010015957776201,0.7757284988959623,8.153846153846153,0.0476190476190476,0.0,0.0,-0.01706338506933891,4.341865342223283,-1.4581939799331094,0.0485347985347985,0.0,0.0,0,1624.4,2.0,0,1,1,1,3,2,1,0,0,0,1,1,0,1,1,0,2,2,0,0,0,0,0,1,-1,0,0,0,0,0,0,1,0,1,0.33,1,-0.67,0.31,0.31,0,2,0,2
401772748,2025,REG,6,2025-10-12,Sunday,13:00,CLE,PIT,9,23,Home,7,14,225,-278,5.5,100,-120,37.5,100,-120,1,outdoors,grass,64.0,8.0,00-0040704,00-0023459,Dillon Gabriel,Aaron Rodgers,Kevin Stefanski,Mike Tomlin,PIT00,Acrisure Stadium,0.31,0.69,250,-285,+6½-108,-6-110,38.466,0.6318,0.3652,0.0029,13.58,24.42,38.0,5.416,-5.416,0.125,-3.863,38.0,-6.5,6.5,Grass,Cloudy,64.0,,,8.5,98.0,14,32,1,8.5,WIN,UNDER,,,,,,,,,,,,,-0.0114139686003495,0.0364795507219882,0.3939393939393939,0.4833333333333333,4.878787878787879,5.833333333333333,1.4166666666666667,1.75,0.6666666666666666,1.0,0.0197902144269998,0.2,,,,,,,,,,,,,0.158322198326457,9.590836953033104,3.3181818181818183,0.0833333333333333,0.0,0.0,-0.0652290300349757,-6.815527845174074,6.303030303030303,0.0588235294117647,0.0,0.0,0.2235512283614327,16.40636479820718,-2.9848484848484844,0.024509803921568603,0.0,0.0,7,114.3,0.0,0,1,0,0,0,1,-1,0,0,0,0,0,0,0,0,0,0,1,-1,0,0,0,0,0,0,0,0,0,0,0,0,0,0,0,0,0,0,0,0,0,3,3,0
401772750,2025,REG,6,2025-10-12,Sunday,13:00,LAC,MIA,29,27,Home,7,7,-205,170,-3.5,-115,-105,45.5,-115,-105,0,outdoors,grass,85.0,4.0,00-0036355,00-0036212,Justin Herbert,Tua Tagovailoa,Jim Harbaugh,Mike McDaniel,MIA00,Hard Rock Stadium,0.642,0.358,-180,175,-3½+100,+3½-105,46.981,0.3877,0.6091,0.0031,26.77,18.73,45.5,-4.023,4.023,-3.609,1.838,45.5,3.5,-3.5,Grass,Partly Cloudy Day,86.0,,,3.7,303.0,-2,56,0,1.5,WIN,OVER,0.095273431587789,0.1592676239304297,0.3584905660377358,0.4677419354838709,4.679245283018868,6.790322580645161,2.4,2.4545454545454546,0.75,0.6,-0.0489281961166013,0.3846153846153846,-0.1404446765816019,0.2549900184067638,0.3968253968253968,0.5740740740740741,5.349206349206349,7.203703703703703,1.1111111111111112,3.375,0.5,0.6,-0.2618339668480783,0.5625,0.2357181081693909,-0.09572239447633407,-0.03833483078766098,-0.10633213859020318,-0.6699610661874811,-0.41338112305854224,1.2888888888888888,-0.9204545454545454,0.25,0.0,0.212905770731477,-0.17788461538461542,0.2944920844234508,14.81027743395637,7.972222222222222,0.0769230769230769,0.0,0.0,-0.1855891231370728,3.938473709698381,3.793103448275862,0.1212121212121212,0.0303030303030303,0.0,0.48008120756052364,10.87180372425799,4.17911877394636,-0.0442890442890443,-0.0303030303030303,0.0,0,2332.6,3.0,0,1,0,0,2,4,-2,0,0,0,2,5,-3,1,4,-3,2,4,-2,0,0,0,0,2,-2,0,1,-1,1,1,0,0,0,0,0,0.61,-0.61,0.65,0.07,0.58,0,4,-4
401772751,2025,REG,6,2025-10-12,Sunday,13:00,NE,NO,25,19,Home,7,7,-192,160,-3.5,-105,-115,46.5,-115,-105,0,dome,sportturf,,,00-0039851,00-0039376,Drake Maye,Spencer Rattler,Mike Vrabel,Kellen Moore,NOR00,Mercedes-Benz Superdome,0.676,0.324,-175,160,-3-110,+3+100,33.324,0.3997,0.597,0.0032,27.13,18.87,46.0,-4.133,4.133,-6.317,-0.237,46.0,3.0,-3.0,Dome,,,,,,,-6,44,0,-2.5,LOSS,UNDER,0.0484076955191885,-0.2907236500295635,0.4590163934426229,0.463768115942029,5.459016393442623,4.855072463768116,1.818181818181818,1.4,0.2,0.5,-0.0313222503275659,0.4666666666666667,0.061872875329927,0.0389274543606473,0.4642857142857143,0.5081967213114754,6.035714285714286,5.950819672131147,2.3,2.0,0.5,0.5,0.1079329706978178,0.3333333333333333,-0.013465179810738505,-0.32965110439021084,-0.005269320843091396,-0.04442860536944643,-0.576697892271663,-1.095747208363031,-0.4818181818181819,-0.6000000000000001,-0.3,0.0,-0.1392552210253837,0.13333333333333336,0.2412748730502679,-3.1505967179934187,7.129032258064516,0.0,0.0,0.0,0.2862305758215214,13.75612137573106,7.1,0.1176470588235294,0.0,0.0,-0.04495570277125349,-16.90671809372448,0.02903225806451637,-0.1176470588235294,0.0,0.0,0,1339.8,1.0,1,0,0,0,2,4,-2,0,0,0,1,4,-3,1,2,-1,1,4,-3,0,0,0,0,0,0,0,1,-1,0,0,0,1,1,0,0,0.15,-0.15,0.2,1.66,-1.46,1,1,0
401772855,2025,REG,6,2025-10-12,Sunday,13:00,LA,BAL,17,3,Home,10,7,-355,280,-7.0,-105,-115,43.5,-108,-112,0,outdoors,grass,64.0,15.0,00-0026498,00-0033662,Matthew Stafford,Cooper Rush,Sean McVay,John Harbaugh,BAL00,M&T Bank Stadium,0.816,0.184,-310,290,-6½-108,+7-120,72.88,0.3751,0.6218,0.003,26.37,17.13,43.5,-4.624,4.624,-3.143,2.947,43.5,7.0,-7.0,Grass,Cloudy,65.2,,,17.1,44.0,-14,20,0,-7.0,LOSS,UNDER,-0.3357428038588944,0.3914223138318197,0.375,0.609375,5.175,6.546875,1.0,4.4,0.5,0.7142857142857143,-0.3886840597397167,0.375,0.0749436258799289,0.1249895175595978,0.5555555555555556,0.5121951219512195,7.238095238095238,4.963414634146342,2.3,2.363636363636364,0.6,0.4,0.1181995979134409,0.4,-0.4106864297388233,0.2664327962722219,-0.18055555555555558,0.09717987804878048,-2.0630952380952383,1.5834603658536581,-1.2999999999999998,2.036363636363636,-0.09999999999999998,0.3142857142857143,-0.5068836576531576,-0.025000000000000022,-0.375950309139186,-0.3177122771739959,8.15,0.0476190476190476,0.1428571428571428,0.0,0.3272505818537808,-3.2675007763116257,11.23404255319149,0.0212765957446808,0.0,0.0,-0.7032008909929668,2.9497884991376297,-3.0840425531914892,0.026342451874366804,0.1428571428571428,0.0,-3,2321.9,3.0,0,1,0,0,6,0,6,0,2,-2,1,2,-1,4,0,4,5,0,5,1,0,1,0,0,0,1,0,1,1,0,1,1,0,1,0.69,0,0.69,1.32,0,1.32,5,0,5
401772856,2025,REG,6,2025-10-12,Sunday,13:00,ARI,IND,27,31,Home,7,7,360,-470,8.5,-110,-110,46.5,-122,102,0,closed,fieldturf,,,00-0033119,00-0035710,Jacoby Brissett,Daniel Jones,Jonathan Gannon,Shane Steichen,IND00,Lucas Oil Stadium,0.397,0.603,370,-410,+9-110,-8-110,56.144,0.7309,0.2669,0.0021,13.99,32.51,46.5,9.263,-9.263,2.684,-5.216,46.5,-8.5,8.5,Dome,,,,,,,4,58,1,-4.5,LOSS,OVER,0.2768333146737995,-0.2128089911632001,0.5081967213114754,0.4923076923076923,5.229508196721311,4.553846153846154,5.0,0.6666666666666666,1.0,0.0,0.1710355082474787,0.8,-0.0742653538809463,-0.04018438898961,0.375,0.4426229508196721,5.625,5.491803278688525,1.6153846153846154,1.6923076923076923,0.75,0.6666666666666666,-0.0032308047836219,0.4375,0.3510986685547458,-0.1726246021735901,0.13319672131147542,0.04968474148802016,-0.3954918032786887,-0.937957124842371,3.3846153846153846,-1.0256410256410255,0.25,-0.6666666666666666,0.1742663130311006,0.36250000000000004,0.3862357418925167,-1.1634295356684718,7.758620689655173,0.0,0.0,0.0,-0.7791321533732116,-67.0459508895874,9.0,0.0,0.0,0.0,1.1653678952657283,65.88252135391893,-1.2413793103448274,0.0,0.0,0.0,0,1503.4,3.0,0,1,0,0,2,2,0,0,0,0,0,6,-6,1,2,-1,1,2,-1,0,0,0,0,0,0,0,0,0,0,1,-1,1,0,1,0.07,0,0.07,0.71,0.45,0.26,2,3,-1
401772857,2025,REG,6,2025-10-12,Sunday,13:00,SEA,JAX,20,12,Home,7,6,-115,-105,-1.5,100,-120,47.5,-115,-105,0,outdoors,grass,76.0,8.0,00-0034869,00-0036971,Sam Darnold,Trevor Lawrence,Mike Macdonald,Liam Coen,JAX00,TIAA Bank Stadium,0.482,0.518,-110,100,+0-110,+1-108,56.197,0.498,0.498,0.004,23.67,23.83,47.5,0.083,-0.083,-0.174,1.331,47.5,1.0,-1.0,Grass,Partly Cloudy Day,76.6,,,8.5,333.0,-8,32,0,-6.5,LOSS,UNDER,0.0282941349496006,0.1889954635324622,0.4814814814814814,0.6507936507936508,5.907407407407407,7.555555555555555,2.5,2.8,0.6,0.8,0.0127825028460144,0.5555555555555556,0.4056425970595924,0.3966835299692939,0.6111111111111112,0.5172413793103449,8.574074074074074,7.396551724137931,3.5,3.8,1.0,0.5714285714285714,0.2544550704200942,0.6666666666666666,-0.3773484621099918,-0.20768806643683171,-0.12962962962962976,0.13355227148330595,-2.666666666666667,0.15900383141762475,-1.0,-1.0,-0.4,0.22857142857142865,-0.2416725675740798,-0.11111111111111105,-0.0265683713444671,8.061216115951538,8.36,0.1071428571428571,0.0357142857142857,0.0,0.6886211766530251,16.30231229697957,8.088235294117647,0.0,0.0294117647058823,0.0,-0.7151895479974922,-8.24109618102803,0.2717647058823527,0.1071428571428571,0.006302521008403398,0.0,-1,2452.6,3.0,0,1,0,0,0,3,-3,1,2,-1,1,0,1,0,1,-1,0,3,-3,0,0,0,0,0,0,0,0,0,0,0,0,0,1,-1,0,0.33,-0.33,0,0.74,-0.74,2,1,1
401772858,2025,REG,6,2025-10-12,Sunday,13:00,DAL,CAR,27,30,Home,7,7,-175,145,-3.0,-118,-102,47.5,-105,-115,0,outdoors,grass,68.0,15.0,00-0033077,00-0039150,Dak Prescott,Bryce Young,Brian Schottenheimer,Dave Canales,CAR00,Bank of America Stadium,0.594,0.406,-145,140,-3+100,+3-110,44.316,0.3811,0.6158,0.003,27.32,19.18,46.5,-4.069,4.069,-4.47,1.219,46.5,3.0,-3.0,Grass,Cloudy,71.6,,,13.9,17.0,3,57,1,6.0,WIN,OVER,0.1592676239304297,0.095273431587789,0.4677419354838709,0.3584905660377358,6.790322580645161,4.679245283018868,2.4545454545454546,2.4,0.6,0.75,0.0731343209794229,0.4545454545454545,0.3599104924790044,0.0119193813572028,0.4821428571428571,0.4931506849315068,7.446428571428571,5.2465753424657535,3.083333333333333,1.8333333333333333,0.8333333333333334,0.6666666666666666,0.3871171803640953,0.4615384615384615,-0.20064286854857472,0.0833540502305862,-0.01440092165898621,-0.134660118893771,-0.6561059907834101,-0.5673300594468857,-0.6287878787878785,0.5666666666666667,-0.2333333333333334,0.08333333333333337,-0.3139828593846724,-0.006993006993007034,-0.0331008030652446,8.688226231822261,8.133333333333333,0.09375,0.03125,0.03125,0.3949576595407084,-0.6138832441398075,8.0,0.0333333333333333,0.0,0.0,-0.428058462605953,9.30210947596207,0.13333333333333286,0.0604166666666667,0.03125,0.03125,0,945.0,1.0,0,1,0,0,4,5,-1,0,0,0,4,7,-3,2,4,-2,4,5,-1,0,0,0,1,1,0,1,2,-1,0,1,-1,0,0,0,1.51,1.8,-0.29,0.63,0.2,0.43,0,4,-4
401772859,2025,REG,6,2025-10-12,Sunday,16:05,TEN,LV,10,20,Home,7,7,154,-185,3.5,-110,-110,41.5,-105,-115,0,dome,grass,,,00-0040676,00-0030565,Cam Ward,Geno Smith,Brian Callahan,Pete Carroll,VEG00,Allegiant Stadium,0.387,0.613,185,-188,+3½+100,-3½-107,17.306,0.6439,0.3532,0.0028,15.02,26.48,41.5,5.73,-5.73,-3.983,-8.027,41.5,-3.5,3.5,Dome,,,,,,,10,30,1,6.5,WIN,UNDER,-0.2128089911632001,0.2768333146737995,0.4923076923076923,0.5081967213114754,4.553846153846154,5.229508196721311,0.6666666666666666,5.0,0.0,1.0,-0.378048953013091,0.5714285714285714,-0.04018438898961,-0.0742653538809463,0.4426229508196721,0.375,5.491803278688525,5.625,1.6923076923076923,1.6153846153846154,0.6666666666666666,0.75,-0.0098501631620583,0.3333333333333333,-0.1726246021735901,0.3510986685547458,0.04968474148802016,0.13319672131147542,-0.937957124842371,-0.3954918032786887,-1.0256410256410255,3.3846153846153846,-0.6666666666666666,0.25,-0.3681987898510327,0.23809523809523808,-0.2725861696913217,-0.3144454624917773,6.777777777777778,0.1,0.05,0.0,0.0389687464426136,-9.621611318072755,10.794871794871796,0.048780487804878,0.024390243902439,0.0,-0.3115549161339353,9.307165855580978,-4.017094017094018,0.051219512195122004,0.025609756097561002,0.0,0,1579.8,2.0,1,0,0,0,1,5,-4,0,0,0,1,2,-1,1,2,-1,1,5,-4,0,0,0,0,0,0,1,0,1,0,1,-1,0,0,0,0.77,0.16,0.61,0,0.51,-0.51,1,1,0
401772749,2025,REG,6,2025-10-12,Sunday,16:25,SF,TB,19,30,Home,10,7,160,-192,3.5,-105,-115,46.5,-105,-115,0,outdoors,grass,82.0,10.0,00-0036972,00-0034855,Mac Jones,Baker Mayfield,Kyle Shanahan,Todd Bowles,TAM00,Raymond James Stadium,0.253,0.747,170,-185,+3½-108,-3-110,69.562,0.6486,0.3486,0.0028,17.78,29.22,47.0,5.724,-5.724,1.234,-3.074,47.0,-3.5,3.5,Grass,Partly Cloudy Day,83.7,,,8.2,311.0,11,49,1,7.5,WIN,OVER,0.3966835299692939,0.4056425970595924,0.5172413793103449,0.6111111111111112,7.396551724137931,8.574074074074074,3.8,3.5,0.5714285714285714,1.0,0.196680154132596,0.6363636363636364,0.1249895175595978,0.0749436258799289,0.5121951219512195,0.5555555555555556,4.963414634146342,7.238095238095238,2.363636363636364,2.3,0.4,0.6,0.1347606554369778,0.3888888888888889,0.2716940124096961,0.3306989711796635,0.005046257359125339,0.05555555555555558,2.4331370899915887,1.3359788359788363,1.4363636363636356,1.2000000000000002,0.17142857142857137,0.4,0.06191949869561822,0.24747474747474746,0.7423054357730114,20.44649673625827,7.787878787878788,0.0285714285714285,0.0,0.0,0.2857910573703416,-0.9093616157770154,5.918367346938775,0.0204081632653061,0.0,0.0,0.45651437840266984,21.355858352035284,1.8695114409400126,0.008163265306122401,0.0,0.0,-3,2366.9,3.0,0,1,0,0,6,5,1,0,0,0,1,6,-5,3,1,2,6,4,2,0,1,-1,0,0,0,2,0,2,0,0,0,1,0,1,2.13,1.56,0.57,1.68,0.16,1.52,0,0,0
401772752,2025,REG,6,2025-10-12,Sunday,16:25,CIN,GB,18,27,Home,7,14,650,-1000,14.0,-110,-110,44.5,-110,-110,0,outdoors,grass,64.0,14.0,00-0026158,00-0036264,Joe Flacco,Jordan Love,Zac Taylor,Matt LaFleur,GNB00,Lambeau Field,0.091,0.909,800,-950,+14-108,-14-108,64.493,0.8038,0.1945,0.0015,9.06,35.44,44.5,13.188,-13.188,4.529,-6.972,44.5,-14.0,14.0,Grass,Partly Cloudy Day,65.8,,,13.8,150.0,9,45,1,-5.0,LOSS,OVER,,,,,,,,,,,,,-0.1200700493598614,0.226807719230715,0.4137931034482758,0.5254237288135594,5.551724137931035,6.220338983050848,2.0,2.9166666666666665,1.0,0.8333333333333334,-0.2557219698259785,0.3636363636363636,,,,,,,,,,,,,0.4875221430701565,15.024238659275902,5.930232558139535,0.0227272727272727,0.0,0.0227272727272727,-0.5391145327178642,-15.155589219295615,9.794117647058824,0.081081081081081,0.054054054054054,0.027027027027027,1.0266366757880208,30.179827878571515,-3.8638850889192895,-0.0583538083538083,-0.054054054054054,-0.004299754299754301,7,415.7,1.0,1,0,0,0,3,1,2,0,1,-1,6,3,3,1,0,1,2,1,1,0,0,0,0,0,0,0,0,0,1,0,1,0,0,0,0.54,0.31,0.23,0.19,0,0.19,0,2,-2
401772923,2025,REG,6,2025-10-12,Sunday,20:20,DET,KC,17,30,Home,7,6,120,-142,2.5,-105,-115,51.5,-105,-115,0,outdoors,grass,85.0,13.0,00-0033106,00-0033873,Jared Goff,Patrick Mahomes,Dan Campbell,Andy Reid,KAN00,GEHA Field at Arrowhead Stadium,0.481,0.519,135,-145,+2½+105,-2½-110,90.851,0.5548,0.4415,0.0035,23.74,27.76,51.5,2.008,-2.008,6.23,5.819,51.5,-2.5,2.5,Grass,Cloudy,82.7,,,10.5,175.0,13,47,1,10.5,WIN,UNDER,0.1889954635324622,0.0282941349496006,0.6507936507936508,0.4814814814814814,7.555555555555555,5.907407407407407,2.8,2.5,0.8,0.6,0.1446562084068622,0.5555555555555556,0.226807719230715,-0.1200700493598614,0.5254237288135594,0.4137931034482758,6.220338983050848,5.551724137931035,2.9166666666666665,2.0,0.8333333333333334,1.0,0.3045228764564784,0.25,-0.037812255698252806,0.148364184309462,0.12536992198009145,0.0676883780332056,1.3352165725047076,0.35568326947637274,-0.1166666666666667,0.5,-0.033333333333333326,-0.4,-0.15986666804961622,0.3055555555555556,0.0649833461985264,6.204959228634834,9.78048780487805,0.0,0.024390243902439,0.0,0.4311052385170047,15.93622402711348,4.478260869565218,0.1481481481481481,0.0,0.037037037037037,-0.3661218923184783,-9.731264798478646,5.302226935312832,-0.1481481481481481,0.024390243902439,-0.037037037037037,-1,640.3,1.0,1,0,0,0,0,7,-7,0,0,0,1,3,-2,0,2,-2,0,6,-6,0,0,0,0,1,-1,0,0,0,0,0,0,0,1,-1,0,1.93,-1.93,0,0.96,-0.96,0,0,0
401772815,2025,REG,6,2025-10-13,Monday,19:15,BUF,ATL,14,24,Home,8,15,-205,170,-3.5,-120,100,49.5,-102,-118,0,closed,fieldturf,,,00-0034857,00-0039917,Josh Allen,Michael Penix,Sean McDermott,Raheem Morris,ATL97,Mercedes-Benz Stadium,0.65,0.35,-190,175,-3½+100,+3½-105,59.916,0.3891,0.6077,0.0031,28.92,20.58,49.5,-4.167,4.167,-1.901,4.1,49.5,3.5,-3.5,Dome,,,,,,,10,38,1,13.5,WIN,UNDER,,,,,,,,,,,,,0.0389274543606473,0.061872875329927,0.5081967213114754,0.4642857142857143,5.950819672131147,6.035714285714286,2.0,2.3,0.5,0.5,0.0041877304907897,0.5555555555555556,,,,,,,,,,,,,0.6773213444159644,11.439650104596064,10.538461538461538,0.037037037037037,0.037037037037037,0.0,0.3326843201748581,5.940981755654017,7.935483870967742,0.03125,0.03125,0.0,0.34463702424110626,5.498668348942046,2.6029776674937963,0.005787037037037,0.005787037037037,0.0,7,693.1,0.0,1,0,0,0,4,3,1,0,0,0,2,2,0,0,1,-1,3,3,0,0,0,0,0,0,0,0,0,0,0,1,-1,0,0,0,0.45,0,0.45,0.25,1.07,-0.82,0,1,-1
401772717,2025,REG,6,2025-10-13,Monday,20:15,CHI,WAS,25,24,Home,15,8,210,-258,5.5,-108,-112,49.5,-105,-115,0,outdoors,grass,59.0,12.0,00-0039918,00-0039910,Caleb Williams,Jayden Daniels,Ben Johnson,Dan Quinn,WAS00,FedExField,0.318,0.682,230,-250,+5½-108,-5½-108,59.733,0.6559,0.3413,0.0027,18.38,30.63,49.0,6.125,-6.125,3.556,-1.54,49.0,-5.5,5.5,Grass,Rain,56.9,100%,Rain,15.7,348.0,-1,49,0,-6.5,LOSS,UNDER,0.2549900184067638,-0.1404446765816019,0.5740740740740741,0.3968253968253968,7.203703703703703,5.349206349206349,3.375,1.1111111111111112,0.6,0.5,0.2231073939448991,0.2857142857142857,,,,,,,,,,,,,,,,,,,,,,,,,0.5295791422708997,-0.7532947737237682,9.192307692307692,0.0384615384615384,0.0,0.0,-0.0287425132641524,-11.36607618795501,6.648648648648648,0.0256410256410256,0.0256410256410256,0.0,0.5583216555350522,10.612781414231241,2.5436590436590434,0.012820512820512803,-0.0256410256410256,0.0,-7,601.1,1.0,0,1,0,0,3,1,2,0,0,0,3,4,-1,1,1,0,1,1,0,0,0,0,0,0,0,1,0,1,0,1,-1,0,0,0,0.99,0,0.99,0,0.58,-0.58,0,1,-1
401772941,2025,REG,7,2025-10-16,Thursday,20:15,PIT,CIN,31,33,Home,4,4,-245,200,-5.5,-105,-115,45.5,-115,-105,1,outdoors,fieldturf,60.0,5.0,00-0023459,00-0026158,Aaron Rodgers,Joe Flacco,Mike Tomlin,Zac Taylor,CIN00,Paycor Stadium,0.597,0.403,-235,210,-5-105,+5½-105,53.475,0.3539,0.6432,0.0028,28.22,16.78,45.0,-5.722,5.722,-6.557,0.713,45.0,5.5,-5.5,Turf,Clear Night,56.6,,,1.7,19.0,2,64,1,7.5,WIN,OVER,0.0929051832784651,0.2080298966806623,0.4918032786885246,0.576271186440678,4.426229508196721,6.932203389830509,2.0,3.0,1.0,0.75,-0.0233660978258492,0.4,0.1301541118708453,-0.1853620344085705,0.4181818181818181,0.36,6.090909090909091,3.306666666666666,2.555555555555556,1.0,1.0,0.0,0.1495521438516524,0.3846153846153846,-0.0372489285923802,0.39339193108923276,0.07362146050670648,0.216271186440678,-1.6646795827123695,3.6255367231638425,-0.5555555555555558,2.0,0.0,0.75,-0.1729182416775016,0.015384615384615441,0.1445704803266745,4.669453985989094,5.977777777777778,0.0222222222222222,0.0,0.0,0.3199733245624314,8.184740769452063,7.433333333333334,0.0,0.0,0.0,-0.1754028442357569,-3.515286783462969,-1.4555555555555557,0.0222222222222222,0.0,0.0,0,256.5,0.0,1,0,0,0,2,2,0,0,0,0,3,2,1,1,1,0,1,1,0,0,0,0,0,0,0,1,1,0,0,0,0,0,0,0,0.28,0.51,-0.23,0,0,0,1,2,-1
401772635,2025,REG,7,2025-10-19,Sunday,09:30,LA,JAX,35,7,Neutral,7,7,-166,140,-3.0,-115,-105,44.5,-105,-115,0,outdoors,grass,59.0,9.0,00-0026498,00-0036971,Matthew Stafford,Trevor Lawrence,Sean McVay,Liam Coen,JAX00,TIAA Bank Stadium,0.621,0.379,-160,150,-3-105,+3+100,62.042,0.395,0.6017,0.0031,25.39,18.61,44.0,-3.392,3.392,-0.337,3.077,44.0,3.0,-3.0,Grass,Rain,58.8,100%,Rain,9.3,141.0,-28,42,0,-25.0,LOSS,UNDER,-0.0218466539962813,0.0516271352394074,0.3823529411764705,0.392156862745098,4.029411764705882,6.862745098039215,1.0,1.6666666666666667,1.0,0.5,-0.1081557983513145,0.25,-0.0331867793169627,-0.332073272895249,0.4693877551020408,0.3918918918918919,4.959183673469388,4.0,1.7,0.3333333333333333,0.4,0.0,-0.0776770097027356,0.4,0.011340125320681398,0.38370040813465645,-0.08703481392557028,0.00026497085320609237,-0.9297719087635059,2.8627450980392153,-0.7,1.3333333333333335,0.6,0.5,-0.030478788648578906,-0.15000000000000002,-0.007894826990846,-2.139047710668473,7.619047619047619,0.1428571428571428,0.0,0.0,0.0342658990663952,0.7012727168890152,8.807692307692308,0.0714285714285714,0.0,0.0357142857142857,-0.042160726057241193,-2.8403204275574883,-1.1886446886446898,0.0714285714285714,0.0,-0.0357142857142857,0,2150.5,3.0,0,1,1,1,2,2,0,0,0,0,0,0,0,1,2,-1,1,2,-1,0,0,0,0,1,-1,0,1,-1,1,0,1,0,0,0,0.04,1.51,-1.47,0.27,0,0.27,1,0,1
401772753,2025,REG,7,2025-10-19,Sunday,13:00,LV,KC,0,31,Home,7,7,625,-950,13.5,-115,-105,44.5,-115,-105,1,outdoors,grass,57.0,9.0,00-0030565,00-0033873,Geno Smith,Patrick Mahomes,Pete Carroll,Andy Reid,KAN00,GEHA Field at Arrowhead Stadium,0.197,0.803,650,-750,+13-108,-13-108,59.963,0.7824,0.2158,0.0017,10.25,34.25,44.5,12.004,-12.004,6.744,-3.857,44.5,-13.0,13.0,Grass,Clear Day,60.2,,,10.3,294.0,31,31,1,17.5,WIN,UNDER,0.2675266565339692,0.1123251602007515,0.5517241379310345,0.5283018867924528,6.172413793103448,5.60377358490566,3.333333333333333,2.125,0.6666666666666666,0.6666666666666666,0.1744166842804786,0.4,-0.1798414612984253,-0.3076686547388546,0.4074074074074074,0.3793103448275862,4.2407407407407405,3.8793103448275854,1.818181818181818,1.0,0.5,0.5,-0.3528428107063519,0.4615384615384615,0.4473681178323945,0.4199938149396061,0.1443167305236271,0.14899154196486664,1.931673052362708,1.7244632400780748,1.5151515151515151,1.125,0.16666666666666663,0.16666666666666663,0.5272594949868304,-0.061538461538461486,0.4718964814184043,7.661985499518258,5.133333333333334,0.0909090909090909,0.0,0.0303030303030303,0.0227730551175773,2.7602197035499247,2.5217391304347827,0.08,0.04,0.0,0.44912342630082697,4.901765795968334,2.611594202898551,0.010909090909090896,-0.04,0.0303030303030303,0,1149.2,2.0,0,1,0,0,1,0,1,0,1,-1,0,2,-2,1,0,1,1,0,1,0,0,0,1,0,1,0,0,0,0,0,0,0,0,0,1,0,1,0,0,0,1,0,1
401772754,2025,REG,7,2025-10-19,Sunday,13:00,MIA,CLE,6,31,Home,7,7,124,-148,2.5,-102,-118,34.5,-112,-108,0,outdoors,grass,65.0,17.0,00-0036212,00-0040704,Tua Tagovailoa,Dillon Gabriel,Mike McDaniel,Kevin Stefanski,CLE00,FirstEnergy Stadium,0.45,0.55,125,-140,+2½+100,-2½-108,23.969,0.4296,0.5669,0.0034,19.75,14.75,34.5,-2.498,2.498,-7.757,-3.376,34.5,-2.5,2.5,Grass,Rain,65.0,100%,Rain,18.2,182.0,25,37,1,22.5,WIN,OVER,-0.1853620344085705,0.1301541118708453,0.36,0.4181818181818181,3.306666666666666,6.090909090909091,1.0,2.555555555555556,0.0,1.0,-0.2425970343590561,0.3529411764705882,0.0910085833688626,0.1039910372487068,0.4464285714285714,0.453125,6.089285714285714,6.296875,2.4545454545454546,2.9,0.75,0.2857142857142857,0.0561636622380724,0.4545454545454545,-0.2763706177774331,0.026163074622138502,-0.08642857142857141,-0.0349431818181819,-2.782619047619048,-0.20596590909090917,-1.4545454545454546,-0.3444444444444441,-0.75,0.7142857142857143,-0.2987606965971285,-0.10160427807486627,-0.2392692450390325,-10.223544111438828,6.038461538461538,0.1034482758620689,0.0,0.0,-0.000982018080867,2.047500836438146,6.6875,0.0588235294117647,0.088235294117647,0.0,-0.23828722695816548,-12.271044947876975,-0.6490384615384617,0.0446247464503042,-0.088235294117647,0.0,0,1077.5,0.0,1,0,0,0,1,1,0,0,0,0,5,2,3,1,0,1,1,1,0,0,0,0,0,0,0,1,0,1,0,0,0,0,0,0,0.44,0,0.44,0,0.01,-0.01,4,0,4
401772755,2025,REG,7,2025-10-19,Sunday,13:00,NE,TEN,31,13,Home,7,7,-290,235,-6.5,-108,-112,40.5,-108,-112,0,outdoors,grass,60.0,18.0,00-0039851,00-0040676,Drake Maye,Cam Ward,Mike Vrabel,Brian Callahan,NAS00,Nissan Stadium,0.769,0.231,-260,255,-6-108,+6½-110,29.333,0.3426,0.6546,0.0027,26.93,14.07,41.0,-6.433,6.433,-8.474,-0.204,41.0,6.5,-6.5,Grass,Cloudy,59.4,,,19.1,295.0,-18,44,0,-11.5,LOSS,OVER,-0.3076686547388546,-0.1798414612984253,0.3793103448275862,0.4074074074074074,3.8793103448275854,4.2407407407407405,1.0,1.818181818181818,0.5,0.5,-0.1952969012484171,0.2307692307692307,0.1576491451476753,-0.0411474344253871,0.5,0.4509803921568627,6.053571428571429,5.803921568627451,2.7777777777777777,2.111111111111111,0.75,0.3333333333333333,0.1698030356939587,0.4615384615384615,-0.4653177998865299,-0.1386940268730382,-0.12068965517241381,-0.04357298474945531,-2.1742610837438434,-1.5631808278867103,-1.7777777777777777,-0.29292929292929326,-0.25,0.16666666666666669,-0.36509993694237575,-0.2307692307692308,-0.340426689227718,5.549942921189701,6.657894736842105,0.1395348837209302,0.0232558139534883,0.0465116279069767,0.6446902683953553,10.796038433909416,10.923076923076923,0.037037037037037,0.0,0.0,-0.9851169576230733,-5.246095512719715,-4.265182186234818,0.1024978466838932,0.0232558139534883,0.0465116279069767,0,924.6,1.0,1,0,0,0,4,0,4,0,0,0,3,4,-1,2,0,2,4,0,4,0,0,0,0,0,0,1,0,1,1,0,1,0,0,0,0.26,0,0.26,0.51,0,0.51,0,1,-1
401772860,2025,REG,7,2025-10-19,Sunday,13:00,CAR,NYJ,13,6,Home,7,7,-108,-112,1.5,-125,105,39.5,-102,-118,0,outdoors,fieldturf,71.0,13.0,00-0039150,00-0036945,Bryce Young,Justin Fields,Dave Canales,Aaron Glenn,NYC01,MetLife Stadium,0.576,0.424,105,-105,+1-110,+1-110,20.886,0.48,0.516,0.0038,21.17,19.83,41.0,-0.672,0.672,-5.911,-3.926,41.0,1.0,-1.0,Turf,Clear Day,70.8,,,13.6,168.0,-7,19,0,-8.5,LOSS,UNDER,-0.4206614677973194,-0.0856510583049511,0.2456140350877192,0.3454545454545454,1.4385964912280702,4.509090909090909,0.75,1.0833333333333333,0.0,0.5,-0.2332818056718679,0.1333333333333333,0.1593848109816331,0.1796118042865805,0.5806451612903226,0.4038461538461538,6.661290322580645,5.634615384615385,3.333333333333333,3.0,0.6,0.6,0.1230186481003535,0.375,-0.5800462787789524,-0.2652628625915316,-0.33503112620260345,-0.058391608391608396,-5.222693831352575,-1.1255244755244762,-2.583333333333333,-1.9166666666666667,-0.6,-0.09999999999999998,-0.3563004537722214,-0.2416666666666667,-0.7969791557923614,-14.768174476921558,5.529411764705882,0.3461538461538461,0.0,0.0,0.0846683226979379,13.688871406373524,6.16,0.0384615384615384,0.0384615384615384,0.0,-0.8816474784902993,-28.45704588329508,-0.6305882352941179,0.3076923076923077,-0.0384615384615384,0.0,0,533.7,0.0,0,1,0,0,1,1,0,3,0,3,1,5,-4,1,1,0,1,1,0,0,0,0,0,0,0,0,0,0,0,1,-1,1,0,1,0,0,0,0.31,0.6,-0.29,1,3,-2
401772861,2025,REG,7,2025-10-19,Sunday,13:00,NO,CHI,14,26,Home,7,6,185,-225,4.5,-120,100,43.5,-110,-110,0,outdoors,grass,49.0,8.0,00-0039376,00-0039918,Spencer Rattler,Caleb Williams,Kellen Moore,Ben Johnson,CHI98,Soldier Field,0.397,0.603,180,-185,+4-110,-3½-108,26.598,0.6459,0.3512,0.0028,15.78,27.72,43.5,5.973,-5.973,-1.756,-6.459,43.5,-3.5,3.5,Grass,Rain,50.0,100%,Rain,12.8,291.0,12,40,1,7.5,WIN,UNDER,0.1655272606745156,-0.0636969037116483,0.5254237288135594,0.4406779661016949,6.491525423728813,5.593220338983051,2.5,2.1818181818181817,0.5,1.0,0.2283371706936567,0.3,-0.0411474344253871,0.1576491451476753,0.4509803921568627,0.5,5.803921568627451,6.053571428571429,2.111111111111111,2.7777777777777777,0.3333333333333333,0.75,0.0397840134003975,0.3333333333333333,0.2066746950999027,-0.2213460488593236,0.07444333665669667,-0.05932203389830509,0.6876038551013623,-0.4603510895883778,0.38888888888888884,-0.595959595959596,0.16666666666666669,0.25,0.1885531572932592,-0.033333333333333326,0.0992670944965919,-8.219391313092462,8.482758620689655,0.0909090909090909,0.0,0.0,0.1394579554617899,6.551737166368044,8.5,0.0714285714285714,0.0,0.0,-0.040190860965198,-14.771128479460506,-0.017241379310345195,0.0194805194805195,0.0,0.0,-1,834.4,0.0,0,1,0,0,2,1,1,0,0,0,5,1,4,2,0,2,2,0,2,0,0,0,0,0,0,0,0,0,1,0,1,0,0,0,0,0,0,0.11,0,0.11,1,0,1
401772862,2025,REG,7,2025-10-19,Sunday,13:00,PHI,MIN,28,22,Home,10,14,-148,124,-2.5,-110,-110,43.5,-105,-115,0,dome,sportturf,,,00-0036389,00-0032950,Jalen Hurts,Carson Wentz,Nick Sirianni,Kevin O'Connell,MIN01,U.S. Bank Stadium,0.631,0.369,-138,130,-2-110,+2½-105,62.488,0.5281,0.4681,0.0037,20.93,23.07,44.0,1.071,-1.071,2.88,3.483,44.0,2.5,-2.5,Dome,,,,,,,-6,50,0,-3.5,LOSS,OVER,,,,,,,,,,,,,-0.0966733384220342,0.2523463633615392,0.4464285714285714,0.484375,6.053571428571429,5.75,1.7,3.4,0.6666666666666666,1.0,-0.0771626444126013,0.1111111111111111,,,,,,,,,,,,,0.2351273086964881,6.860750371759588,6.970588235294118,0.081081081081081,0.0,0.0,0.0600439515771931,9.212653245776892,9.575757575757576,0.0833333333333333,0.0277777777777777,0.0,0.175083357119295,-2.351902874017304,-2.6051693404634584,-0.0022522522522522986,-0.0277777777777777,0.0,4,984.2,1.0,1,0,0,0,1,1,0,0,0,0,6,2,4,1,0,1,1,1,0,0,0,0,0,0,0,0,0,0,1,0,1,0,0,0,0,0.11,-0.11,0.14,0,0.14,2,2,0
401772756,2025,REG,7,2025-10-19,Sunday,16:05,IND,LAC,38,24,Home,7,7,114,-135,2.5,-108,-112,48.5,-110,-110,0,dome,matrixturf,,,00-0035710,00-0036355,Daniel Jones,Justin Herbert,Shane Steichen,Jim Harbaugh,LAX01,SoFi Stadium,0.451,0.549,145,-145,+2½+110,-2½-108,71.075,0.5087,0.4873,0.0039,24.02,24.98,49.0,0.483,-0.483,1.692,3.016,49.0,-2.5,2.5,Dome,,,,,,,-14,62,0,-16.5,LOSS,OVER,0.1039910372487068,0.0910085833688626,0.453125,0.4464285714285714,6.296875,6.089285714285714,2.9,2.4545454545454546,0.2857142857142857,0.75,0.0946026345979286,0.4,0.1493235398947451,0.0898730761354086,0.5357142857142857,0.4714285714285714,6.375,5.714285714285714,3.1,2.7,1.0,0.5,0.1380627303909326,0.5,-0.04533250264603829,0.001135507233454,-0.0825892857142857,-0.025000000000000022,-0.078125,0.375,-0.20000000000000018,-0.2454545454545456,-0.7142857142857143,0.25,-0.043460095793003986,-0.09999999999999998,0.324151024497817,8.790127697743868,5.789473684210527,0.0256410256410256,0.0,0.0,0.0918781621572739,3.748948772748312,6.8,0.032258064516129,0.032258064516129,0.0,0.23227286234054312,5.041178924995556,-1.0105263157894724,-0.006617038875103398,-0.032258064516129,0.0,0,1813.1,3.0,1,0,0,0,1,4,-3,2,0,2,6,1,5,1,1,0,1,3,-2,0,0,0,1,0,1,0,0,0,0,0,0,0,1,-1,0.37,0.6,-0.23,0,0.82,-0.82,4,1,3
401772757,2025,REG,7,2025-10-19,Sunday,16:05,NYG,DEN,32,33,Home,10,7,330,-425,7.5,-105,-115,39.5,-105,-115,0,outdoors,grass,72.0,3.0,00-0040691,00-0039732,Jaxson Dart,Bo Nix,Brian Daboll,Sean Payton,DEN00,Empower Field at Mile High,0.216,0.784,350,-420,+8-105,-8-108,53.252,0.6613,0.3359,0.0027,14.4,26.6,41.0,6.099,-6.099,1.868,-2.423,41.0,-8.0,8.0,Grass,Partly Cloudy Day,74.4,,,3.2,87.0,1,65,1,-6.5,LOSS,OVER,-0.0856510583049511,-0.4206614677973194,0.3454545454545454,0.2456140350877192,4.509090909090909,1.4385964912280702,1.0833333333333333,0.75,0.5,0.0,-0.1371718359937987,0.3333333333333333,0.2523463633615392,-0.0966733384220342,0.484375,0.4464285714285714,5.75,6.053571428571429,3.4,1.7,1.0,0.6666666666666666,0.0824836967322899,0.6875,-0.33799742166649027,-0.3239881293752852,-0.1389204545454546,-0.2008145363408522,-1.2409090909090912,-4.614974937343359,-2.3166666666666664,-0.95,-0.5,-0.6666666666666666,-0.21965553272608862,-0.3541666666666667,0.1647473233559267,3.521407567537748,5.1,0.032258064516129,0.0,0.0,0.2792067531910208,4.429148316383363,9.16,0.074074074074074,0.0,0.0,-0.11445942983509408,-0.9077407488456148,-4.0600000000000005,-0.041816009557945004,0.0,0.0,-3,1624.4,2.0,1,0,0,0,1,5,-4,0,0,0,1,2,-1,0,1,-1,1,5,-4,0,0,0,0,1,-1,0,0,0,0,0,0,0,0,0,0,1.29,-1.29,0.31,0.4,-0.09,1,1,0
401772863,2025,REG,7,2025-10-19,Sunday,16:25,GB,ARI,27,23,Home,7,7,-395,310,-7.0,-115,-105,44.5,-110,-110,0,closed,grass,,,00-0036264,00-0033119,Jordan Love,Jacoby Brissett,Matt LaFleur,Jonathan Gannon,PHO00,State Farm Stadium,0.72,0.28,-300,285,-6½-108,+7-110,63.559,0.3306,0.6666,0.0026,29.22,15.28,44.5,-6.974,6.974,-4.061,4.453,44.5,7.0,-7.0,Dome,,,,,,,-4,50,0,3.0,WIN,OVER,0.0898730761354086,0.1493235398947451,0.4714285714285714,0.5357142857142857,5.714285714285714,6.375,2.7,3.1,0.5,1.0,0.041299391957529,0.6428571428571429,0.2080298966806623,0.0929051832784651,0.576271186440678,0.4918032786885246,6.932203389830509,4.426229508196721,3.0,2.0,0.75,1.0,0.2654472476241744,0.4545454545454545,-0.1181568205452537,0.05641835661627999,-0.10484261501210657,0.04391100702576112,-1.2179176755447942,1.9487704918032787,-0.2999999999999998,1.1,-0.25,0.0,-0.22414785566664538,0.18831168831168843,0.1360455284750528,4.625235918240668,8.886363636363637,0.0434782608695652,0.0217391304347826,0.0,0.2724485979072256,6.610824282352741,9.461538461538462,0.037037037037037,0.037037037037037,0.0,-0.13640306943217279,-1.9855883641120728,-0.575174825174825,0.006441223832528202,-0.0152979066022544,0.0,0,1495.8,2.0,1,0,0,0,2,3,-1,0,0,0,5,8,-3,0,1,-1,2,2,0,0,0,0,0,0,0,0,0,0,0,1,-1,0,0,0,0.04,0,0.04,0,0.53,-0.53,2,1,1
401772864,2025,REG,7,2025-10-19,Sunday,16:25,WAS,DAL,22,44,Home,6,7,105,-125,1.5,-108,-112,54.5,-108,-112,1,closed,matrixturf,,,00-0039910,00-0033077,Jayden Daniels,Dak Prescott,Dan Quinn,Brian Schottenheimer,DAL00,AT&T Stadium,0.536,0.464,110,-125,+1½+100,-1½-105,68.958,0.4794,0.5167,0.0038,28.32,27.18,55.5,-0.566,0.566,1.047,3.503,55.5,-1.5,1.5,Dome,,,,,,,22,66,1,20.5,WIN,OVER,0.1796118042865805,0.1593848109816331,0.4038461538461538,0.5806451612903226,5.634615384615385,6.661290322580645,3.0,3.333333333333333,0.6,0.6,-0.052952820144128,0.4166666666666667,-0.0636969037116483,0.1655272606745156,0.4406779661016949,0.5254237288135594,5.593220338983051,6.491525423728813,2.1818181818181817,2.5,1.0,0.5,-0.0367866364005021,0.375,0.2433087079982288,-0.006142449692882496,-0.03683181225554111,0.055221432476763255,0.04139504563233398,0.16976489885183188,0.8181818181818183,0.833333333333333,-0.4,0.09999999999999998,-0.016166183743625898,0.041666666666666685,0.5219220168028713,7.128864263786989,5.5588235294117645,0.0,0.0,0.0,0.2219088805836894,11.14691657324632,8.153846153846153,0.1034482758620689,0.0344827586206896,0.0344827586206896,0.3000131362191819,-4.018052309459332,-2.595022624434389,-0.1034482758620689,-0.0344827586206896,-0.0344827586206896,1,1207.4,1.0,1,0,0,0,2,2,0,0,0,0,6,4,2,1,2,-1,1,2,-1,0,0,0,0,0,0,0,2,-2,0,0,0,1,0,1,0,1.32,-1.32,1,0,1,1,0,1
401772924,2025,REG,7,2025-10-19,Sunday,20:20,ATL,SF,10,20,Home,6,7,-105,-115,1.5,-120,100,46.5,-112,-108,0,outdoors,grass,74.0,5.0,00-0039917,00-0036972,Michael Penix,Mac Jones,Raheem Morris,Kyle Shanahan,SFO01,Levi's Stadium,0.597,0.403,-110,105,+0-110,+1½-105,57.534,0.4747,0.5214,0.0038,24.62,22.38,47.0,-1.121,1.121,-3.662,-0.875,47.0,1.0,-1.0,Grass,Clear Day,73.7,,,8.0,326.0,10,30,1,8.5,WIN,UNDER,-0.0853205609035313,0.2943644298495219,0.4477611940298507,0.54,5.417910447761194,7.06,1.9,2.727272727272727,0.5,1.0,0.1318254569756327,0.4375,0.066795942719186,-0.118884553370191,0.4769230769230769,0.4629629629629629,6.830769230769231,5.388888888888889,2.0,1.2727272727272727,0.6,0.6666666666666666,0.1169390890455151,0.4166666666666667,-0.15211650362271728,0.4132489832197129,-0.029161882893226188,0.07703703703703713,-1.412858783008037,1.6711111111111103,-0.10000000000000009,1.4545454545454544,-0.09999999999999998,0.33333333333333337,0.014886367930117592,0.020833333333333315,-0.0983789430968562,7.158802489976625,9.692307692307692,0.1333333333333333,0.0444444444444444,0.0222222222222222,-0.0123314656132825,-6.361269758593652,7.25,0.0588235294117647,0.0,0.0,-0.0860474774835737,13.520072248570276,2.4423076923076916,0.07450980392156861,0.0444444444444444,0.0222222222222222,1,2112.2,3.0,1,0,0,0,4,5,-1,0,0,0,3,4,-1,2,1,1,4,5,-1,1,0,1,0,0,0,0,0,0,1,0,1,0,1,-1,1.56,0.35,1.21,0.31,1.42,-1.11,3,0,3
401772816,2025,REG,7,2025-10-20,Monday,19:00,TB,DET,9,24,Home,8,8,225,-278,6.0,-112,-108,54.5,-115,-105,0,dome,fieldturf,,,00-0034855,00-0033106,Baker Mayfield,Jared Goff,Todd Bowles,Dan Campbell,DET00,Ford Field,0.343,0.657,240,-260,+6½-105,-6-110,78.756,0.6124,0.3844,0.003,22.24,31.77,54.0,4.765,-4.765,5.41,1.915,54.0,-6.0,6.0,Dome,,,,,,,15,33,1,9.0,WIN,UNDER,0.1123251602007515,0.2675266565339692,0.5283018867924528,0.5517241379310345,5.60377358490566,6.172413793103448,2.125,3.333333333333333,0.6666666666666666,0.6666666666666666,0.2048620538669638,0.4545454545454545,0.2943644298495219,-0.0853205609035313,0.54,0.4477611940298507,7.06,5.417910447761194,2.727272727272727,1.9,1.0,0.5,0.3630017964375239,0.375,-0.18203926964877037,0.35284721743750047,-0.011698113207547212,0.10396294390118377,-1.4562264150943394,0.754503345342254,-0.6022727272727271,1.4333333333333331,-0.33333333333333337,0.16666666666666663,-0.1581397425705601,0.07954545454545447,0.2237717127039408,14.184024267726477,3.7586206896551726,0.0333333333333333,0.0,0.0,0.5028120674047982,7.469806982123333,10.391304347826088,0.0416666666666666,0.0,0.0,-0.2790403547008574,6.7142172856031435,-6.632683658170915,-0.008333333333333304,0.0,0.0,0,992.9,0.0,1,0,0,0,4,4,0,0,0,0,3,4,-1,2,2,0,4,4,0,0,0,0,0,1,-1,0,1,-1,0,0,0,2,0,2,0,2.18,-2.18,1.75,0,1.75,0,0,0
401772826,2025,REG,7,2025-10-20,Monday,22:00,HOU,SEA,19,27,Home,15,8,140,-166,3.0,-110,-110,41.5,-110,-110,0,outdoors,fieldturf,56.0,5.0,00-0039163,00-0034869,C.J. Stroud,Sam Darnold,DeMeco Ryans,Mike Macdonald,SEA00,Lumen Field,0.407,0.593,160,-165,+3+100,-3-105,65.156,0.5194,0.4767,0.0038,19.96,21.54,41.5,0.794,-0.794,1.21,1.88,41.5,-3.0,3.0,Turf,Partly Cloudy Night,56.5,,,3.5,85.0,8,46,1,5.0,WIN,OVER,0.0516271352394074,-0.0218466539962813,0.392156862745098,0.3823529411764705,6.862745098039215,4.029411764705882,1.6666666666666667,1.0,0.5,1.0,0.2169182328114403,0.0833333333333333,,,,,,,,,,,,,,,,,,,,,,,,,0.3758749902533529,7.398529102404912,13.37037037037037,0.0357142857142857,0.0,0.0,0.6292390579298852,19.440503473635072,7.62962962962963,0.0689655172413793,0.0,0.0,-0.2533640676765323,-12.041974371230161,5.7407407407407405,-0.0332512315270936,0.0,0.0,-7,1891.2,2.0,1,0,0,0,1,2,-1,0,0,0,3,2,1,0,0,0,1,2,-1,0,0,0,0,0,0,0,0,0,0,0,0,0,0,0,0,0.49,-0.49,0.13,0,0.13,0,2,-2
401772942,2025,REG,8,2025-10-23,Thursday,20:15,MIN,LAC,10,37,Home,4,4,142,-170,3.0,100,-120,45.5,-110,-110,0,dome,matrixturf,,,00-0032950,00-0036355,Carson Wentz,Justin Herbert,Kevin O'Connell,Jim Harbaugh,LAX01,SoFi Stadium,0.363,0.637,160,-170,+3+108,-3-118,53.624,0.508,0.488,0.0039,22.17,22.83,45.0,0.333,-0.333,1.068,2.643,45.0,-3.0,3.0,Dome,,,,,,,27,47,1,24.0,WIN,OVER,0.0874523114120229,0.4347788017547435,0.4729729729729729,0.5272727272727272,6.013513513513513,7.381818181818182,3.0,4.222222222222222,0.6,0.8333333333333334,0.1175263794613312,0.5,-0.0889231577974393,0.2828728955843862,0.5074626865671642,0.3958333333333333,5.776119402985074,7.625,2.2,2.2,0.1666666666666666,0.6,-0.0020884457751926,0.4666666666666667,0.1763754692094622,0.15190590617035726,-0.034489713594191285,0.1314393939393939,0.23739411052843895,-0.24318181818181817,0.7999999999999998,2.022222222222222,0.43333333333333335,0.2333333333333334,0.1196148252365238,0.033333333333333326,0.1003297724220909,2.804653180970086,8.2,0.0517241379310344,0.0344827586206896,0.0,-0.0517493735361057,-0.5390525609254835,10.023809523809524,0.0454545454545454,0.0454545454545454,0.0,0.1520791459581966,3.34370574189557,-1.8238095238095244,0.0062695924764889985,-0.010971786833855801,0.0,0,1530.1,2.0,1,0,0,0,1,2,-1,0,0,0,7,5,2,0,2,-2,1,2,-1,0,0,0,0,0,0,0,1,-1,0,1,-1,0,0,0,0.33,0.17,0.16,0,0.14,-0.14,4,2,2
401772758,2025,REG,8,2025-10-26,Sunday,13:00,NYJ,CIN,39,38,Home,7,10,210,-258,5.5,-112,-108,43.5,-102,-118,0,outdoors,fieldturf,57.0,8.0,00-0036945,00-0026158,Justin Fields,Joe Flacco,Aaron Glenn,Zac Taylor,CIN00,Paycor Stadium,0.198,0.802,225,-250,+6-110,-5-108,31.938,0.5696,0.4269,0.0034,19.21,24.79,44.0,2.789,-2.789,-5.832,-6.748,44.0,-5.5,5.5,Turf,Partly Cloudy Day,59.2,,,8.9,80.0,-1,77,0,-6.5,LOSS,OVER,0.3294447648811547,0.3648868149763007,0.5072463768115942,0.5,6.971014492753623,7.333333333333333,3.3,3.1,0.5,0.8,0.1862337645735335,0.5,-0.2557660351614594,-0.0608214259744424,0.3,0.3970588235294117,3.6666666666666665,4.470588235294118,0.5454545454545454,1.181818181818182,0.0,0.3333333333333333,-0.3797524240415607,0.4666666666666667,0.5852108000426142,0.4257082409507431,0.20724637681159425,0.10294117647058831,3.3043478260869565,2.8627450980392153,2.7545454545454544,1.918181818181818,0.5,0.46666666666666673,0.5659861886150942,0.033333333333333326,0.309062419556418,1.6087773773405287,7.170212765957447,0.0408163265306122,0.0,0.0,-0.6156275920763922,-15.384784069928257,7.25,0.2,0.0,0.0,0.9246900116328102,16.993561447268785,-0.07978723404255295,-0.1591836734693878,0.0,0.0,3,565.3,0.0,1,0,0,0,1,8,-7,3,0,3,1,3,-2,0,4,-4,0,7,-7,0,0,0,0,0,0,0,2,-2,0,1,-1,0,1,-1,0,2.35,-2.35,0,0.79,-0.79,4,2,2
401772759,2025,REG,8,2025-10-26,Sunday,13:00,CHI,BAL,16,30,Home,7,14,124,-148,2.5,-102,-118,45.5,-112,-108,0,outdoors,grass,60.0,2.0,00-0039918,00-0035993,Caleb Williams,Tyler Huntley,Ben Johnson,John Harbaugh,BAL00,M&T Bank Stadium,0.292,0.708,130,-140,+3-115,-2½-110,57.107,0.48,0.516,0.0038,22.95,22.06,45.0,-0.445,0.445,-3.698,-1.23,45.0,-2.5,2.5,Grass,Partly Cloudy Day,59.4,,,4.3,45.0,14,46,1,11.5,WIN,OVER,,,,,,,,,,,,,0.0937991252886867,-0.296817397176723,0.4461538461538462,0.3962264150943396,5.969230769230769,4.773584905660377,2.1666666666666665,1.2727272727272727,0.3333333333333333,1.0,0.1569959447420282,0.25,,,,,,,,,,,,,-0.3978357909363694,11.392816786582651,5.733333333333333,0.2222222222222222,0.0,0.0,0.0796227710215886,-3.2287707328796387,8.461538461538462,0.037037037037037,0.037037037037037,0.0,-0.477458561957958,14.62158751946229,-2.7282051282051283,0.1851851851851852,-0.037037037037037,0.0,7,603.5,1.0,0,1,0,0,1,5,-4,0,0,0,0,4,-4,1,3,-2,1,4,-3,1,0,1,0,0,0,0,1,-1,0,0,0,0,2,-2,0.69,0.42,0.27,0,1.32,-1.32,1,0,1
401772760,2025,REG,8,2025-10-26,Sunday,13:00,MIA,ATL,34,10,Home,7,7,280,-355,7.0,-115,-105,44.5,-115,-105,0,closed,fieldturf,,,00-0036212,00-0029604,Tua Tagovailoa,Kirk Cousins,Mike McDaniel,Raheem Morris,ATL97,Mercedes-Benz Stadium,0.204,0.796,320,-320,+7-110,-7+100,31.457,0.6552,0.3419,0.0027,15.93,28.07,44.0,6.068,-6.068,-0.478,-4.781,44.0,-7.0,7.0,Dome,,,,,,,-24,44,0,-31.0,LOSS,UNDER,-0.1141426722186011,0.0344636594629932,0.4333333333333333,0.5,4.866666666666666,5.09375,1.1111111111111112,2.2222222222222223,0.5,1.0,0.0052108967062482,0.4545454545454545,-0.558327655649518,-0.0790437820964866,0.2280701754385964,0.2692307692307692,3.842105263157895,3.980769230769231,0.5,2.083333333333333,0.0,0.6,-0.4072338209531153,0.0769230769230769,0.44418498343091695,0.11350744155947981,0.2052631578947369,0.23076923076923078,1.0245614035087711,1.1129807692307692,0.6111111111111112,0.13888888888888928,0.5,0.4,0.41244471765936347,0.3776223776223776,-0.4347821690607815,-8.271948780332293,1.4285714285714286,0.0,0.0,0.0,-0.9395687571592676,-12.486346607858485,6.869565217391305,0.08,0.12,0.04,0.5047865880984861,4.2143978275261915,-5.440993788819876,-0.08,-0.12,-0.04,0,593.5,0.0,1,0,0,0,4,2,2,0,0,0,5,0,5,2,1,1,3,2,1,0,0,0,0,0,0,0,1,-1,1,0,1,1,0,1,0,0.6,-0.6,1.53,0.1,1.43,0,1,-1
401772865,2025,REG,8,2025-10-26,Sunday,13:00,BUF,CAR,40,9,Home,13,7,-395,310,-7.0,-115,-105,47.5,-108,-112,0,outdoors,grass,63.0,9.0,00-0034857,00-0039150,Josh Allen,Bryce Young,Sean McDermott,Dave Canales,CAR00,Bank of America Stadium,0.767,0.233,-350,315,-7-110,+7+100,52.698,0.4455,0.5508,0.0035,25.58,21.92,47.5,-1.833,1.833,-0.706,2.964,47.5,7.0,-7.0,Grass,Partly Cloudy Day,63.0,,,10.2,55.0,-31,49,0,-24.0,LOSS,OVER,-0.0608214259744424,-0.2557660351614594,0.3970588235294117,0.3,4.470588235294118,3.6666666666666665,1.181818181818182,0.5454545454545454,0.3333333333333333,0.0,-0.0378935276902221,0.2941176470588235,,,,,,,,,,,,,,,,,,,,,,,,,0.0041704336895047,-3.197963784138361,5.04,0.0384615384615384,0.0,0.0384615384615384,-0.238928412553893,-7.8905483851066,11.038461538461538,0.1333333333333333,0.0666666666666666,0.0,0.2430988462433977,4.692584600968239,-5.998461538461538,-0.0948717948717949,-0.0666666666666666,0.0384615384615384,-6,533.1,0.0,1,0,0,0,0,3,-3,1,0,1,0,4,-4,0,2,-2,0,2,-2,0,0,0,0,0,0,0,0,0,0,1,-1,0,1,-1,0,0.11,-0.11,0,1.69,-1.69,4,1,3
401772866,2025,REG,8,2025-10-26,Sunday,13:00,SF,HOU,15,26,Home,7,6,130,-155,2.5,100,-120,41.5,-112,-108,0,closed,astroturf,,,00-0036972,00-0039163,Mac Jones,C.J. Stroud,Kyle Shanahan,DeMeco Ryans,HOU00,NRG Stadium,0.565,0.435,160,-155,+3+100,-3-110,66.584,0.6425,0.3545,0.0028,15.03,25.97,41.0,5.469,-5.469,0.823,-3.237,41.0,-3.0,3.0,Dome,,,,,,,11,41,1,8.5,WIN,UNDER,-0.3100492554955554,-0.2483187254177334,0.3571428571428571,0.3538461538461538,3.628571428571429,4.892307692307693,0.8666666666666667,1.8,0.25,0.75,-0.1347045638327969,0.1333333333333333,0.0344636594629932,-0.1141426722186011,0.5,0.4333333333333333,5.09375,4.866666666666666,2.2222222222222223,1.1111111111111112,1.0,0.5,-0.097749893554137,0.6,-0.3445129149585486,-0.13417605319913228,-0.1428571428571429,-0.07948717948717948,-1.465178571428571,0.025641025641026438,-1.3555555555555556,0.6888888888888889,-0.75,0.25,-0.03695467027865988,-0.4666666666666667,-0.2551774283915166,-14.157423377037048,8.653061224489797,0.0566037735849056,0.0188679245283018,0.0,0.0728972731864679,1.1549784491459534,5.076923076923077,0.037037037037037,0.037037037037037,0.0,-0.32807470157798446,-15.312401826183002,3.57613814756672,0.0195667365478686,-0.0181691125087352,0.0,-1,1613.2,2.0,0,1,0,0,3,5,-2,0,0,0,2,3,-1,1,3,-2,3,5,-2,0,1,-1,0,1,-1,1,0,1,0,1,-1,0,0,0,1,1.86,-0.86,0,0.85,-0.85,1,2,-1
401772867,2025,REG,8,2025-10-26,Sunday,13:00,NYG,PHI,20,38,Home,7,7,300,-380,7.0,-102,-118,43.5,-108,-112,1,outdoors,grass,60.0,4.0,00-0040691,00-0036389,Jaxson Dart,Jalen Hurts,Brian Daboll,Nick Sirianni,PHI00,Lincoln Financial Field,0.224,0.776,310,-340,+7+100,-7½+105,59.078,0.6479,0.3492,0.0028,15.79,27.21,43.0,5.714,-5.714,4.025,0.444,43.0,-7.5,7.5,Grass,Partly Cloudy Day,61.1,,,3.6,306.0,18,58,1,11.0,WIN,OVER,0.2828728955843862,-0.0889231577974393,0.3958333333333333,0.5074626865671642,7.625,5.776119402985074,2.2,2.2,0.6,0.1666666666666666,0.0127464354057641,0.3,0.1227326483006323,0.0835249880929779,0.3428571428571428,0.4025974025974026,5.5285714285714285,5.337662337662338,2.6666666666666665,2.5384615384615383,1.0,0.8,0.0246583810277605,0.4,0.16014024728375392,-0.17244814589041718,0.05297619047619051,0.10486528396976158,2.0964285714285715,0.4384570653227362,-0.46666666666666634,-0.33846153846153815,-0.4,-0.6333333333333334,-0.011911945621996399,-0.10000000000000003,0.7271797762995658,17.924261611440908,12.347826086956522,0.1153846153846153,0.0,0.0,0.2204495836551007,-16.977408076777603,10.363636363636363,0.1052631578947368,0.0263157894736842,0.0,0.5067301926444651,34.90166968821851,1.9841897233201582,0.0101214574898785,-0.0263157894736842,0.0,0,85.4,0.0,1,0,0,0,6,2,4,0,1,-1,1,3,-2,4,1,3,5,2,3,0,0,0,1,0,1,1,0,1,1,0,1,1,1,0,1.22,0,1.22,0.57,0.68,-0.11,0,1,-1
401772868,2025,REG,8,2025-10-26,Sunday,13:00,CLE,NE,13,32,Home,7,7,300,-380,7.0,-115,-105,40.5,-115,-105,0,outdoors,fieldturf,53.0,7.0,00-0040704,00-0039851,Dillon Gabriel,Drake Maye,Kevin Stefanski,Mike Vrabel,BOS00,Gillette Stadium,0.255,0.745,300,-300,+7-110,-6½-110,39.776,0.6934,0.3041,0.0024,12.49,28.01,40.5,7.763,-7.763,0.185,-6.093,40.5,-7.0,7.0,Turf,Clear Day,55.1,,,10.2,310.0,19,45,1,12.0,WIN,OVER,0.2674770223241578,-0.2841867021735105,0.4838709677419355,0.4117647058823529,6.274193548387097,5.0,2.5,1.3,0.6,1.0,0.217324800259424,0.4166666666666667,-0.0790437820964866,-0.558327655649518,0.2692307692307692,0.2280701754385964,3.980769230769231,3.842105263157895,2.083333333333333,0.5,0.6,0.0,-0.0498809123357826,0.3636363636363636,0.3465208044206444,0.27414095347600753,0.21464019851116628,0.18369453044375653,2.293424317617866,1.1578947368421049,0.41666666666666696,0.8,0.0,1.0,0.2672057125952066,0.053030303030303094,0.3610346625593579,24.75561434807985,8.043478260869565,0.1481481481481481,0.0,0.0,0.0424900543329872,0.2349817090564304,4.777777777777778,0.1,0.0,0.0,0.3185446082263707,24.520632639023418,3.265700483091787,0.04814814814814811,0.0,0.0,0,538.7,0.0,0,1,0,0,0,0,0,0,0,0,1,3,-2,0,0,0,0,0,0,0,0,0,0,0,0,0,0,0,0,0,0,0,0,0,0,0,0,0,0,0,0,1,-1
401772869,2025,REG,8,2025-10-26,Sunday,16:05,TB,NO,23,3,Home,6,7,-218,180,-4.5,-105,-115,46.5,-110,-110,1,dome,sportturf,,,00-0034855,00-0039376,Baker Mayfield,Spencer Rattler,Todd Bowles,Kellen Moore,NOR00,Mercedes-Benz Superdome,0.693,0.307,-190,180,-3½-105,+3½+100,37.619,0.3432,0.6539,0.0027,28.72,17.28,46.0,-5.716,5.716,-6.684,0.968,46.0,3.5,-3.5,Dome,,,,,,,-20,26,0,-15.5,LOSS,UNDER,-0.296817397176723,0.0937991252886867,0.3962264150943396,0.4461538461538462,4.773584905660377,5.969230769230769,1.2727272727272727,2.1666666666666665,1.0,0.3333333333333333,-0.0573833990038554,0.3,-0.4194793221907248,-0.1203118823050658,0.3181818181818182,0.3538461538461538,3.8181818181818175,5.830769230769231,0.6428571428571429,1.8461538461538465,0.5,0.75,-0.3364584536404216,0.25,0.1226619250140018,0.2141110075937525,0.07804459691252141,0.09230769230769237,0.95540308747856,0.13846153846153797,0.6298701298701298,0.32051282051282004,0.5,-0.4166666666666667,0.2790750546365662,0.04999999999999999,-0.339970723908026,0.3953042530244396,12.0625,0.1111111111111111,0.0833333333333333,0.0277777777777777,-0.4554234678852333,-9.447585046291351,9.56,0.0727272727272727,0.0181818181818181,0.0181818181818181,0.11545274397720728,9.842889299315791,2.5024999999999995,0.03838383838383841,0.0651515151515152,0.009595959595959599,1,477.9,1.0,1,0,0,0,0,4,-4,0,0,0,0,1,-1,0,3,-3,0,4,-4,0,0,0,0,1,-1,0,1,-1,0,1,-1,0,0,0,0,2.15,-2.15,0,0.65,-0.65,2,1,1
401772761,2025,REG,8,2025-10-26,Sunday,16:25,TEN,IND,14,38,Home,7,7,950,-1650,15.5,-115,-105,47.5,-102,-118,1,closed,fieldturf,,,00-0040676,00-0035710,Cam Ward,Daniel Jones,Brian Callahan,Shane Steichen,IND00,Lucas Oil Stadium,0.127,0.873,900,-1300,+15½-110,-15-108,42.889,0.838,0.1606,0.0012,9.23,38.27,47.5,14.522,-14.522,4.292,-8.742,47.5,-14.5,14.5,Dome,,,,,,,24,52,1,8.5,WIN,OVER,0.4347788017547435,0.0874523114120229,0.5272727272727272,0.4729729729729729,7.381818181818182,6.013513513513513,4.222222222222222,3.0,0.8333333333333334,0.6,0.1859676717346102,0.4545454545454545,-0.2841867021735105,0.2674770223241578,0.4117647058823529,0.4838709677419355,5.0,6.274193548387097,1.3,2.5,1.0,0.6,-0.1447180932229504,0.3,0.718965503928254,-0.1800247109121349,0.1155080213903743,-0.010897994768962582,2.381818181818182,-0.2606800348735838,2.9222222222222225,0.5,-0.16666666666666663,0.0,0.33068576495756064,0.15454545454545449,0.4099594356704237,5.181318800896406,9.823529411764708,0.0285714285714285,0.0,0.0,-0.3010944811347234,6.665890011936426,6.647058823529412,0.1282051282051282,0.0256410256410256,0.0256410256410256,0.7110539168051471,-1.48457121104002,3.176470588235296,-0.0996336996336997,-0.0256410256410256,-0.0256410256410256,0,250.5,1.0,0,1,0,0,3,4,-1,0,0,0,0,2,-2,0,2,-2,3,4,-1,0,0,0,0,0,0,0,1,-1,0,1,-1,0,0,0,0.024096,0.26,-0.235904,0.361429,0.18,0.181429,1,2,-1
401772762,2025,REG,8,2025-10-26,Sunday,16:25,DAL,DEN,24,44,Home,7,7,160,-192,3.5,-110,-110,51.5,-110,-110,0,outdoors,grass,67.0,4.0,00-0033077,00-0039732,Dak Prescott,Bo Nix,Brian Schottenheimer,Sean Payton,DEN00,Empower Field at Mile High,0.312,0.688,190,-190,+4-105,-4-105,67.996,0.5548,0.4415,0.0035,23.86,28.14,52.0,2.141,-2.141,2.048,1.787,52.0,-4.0,4.0,Grass,Partly Cloudy Day,67.8,,,7.6,55.0,20,68,1,16.5,WIN,OVER,0.0835249880929779,0.1227326483006323,0.4025974025974026,0.3428571428571428,5.337662337662338,5.5285714285714285,2.5384615384615383,2.6666666666666665,0.8,1.0,0.1139429098620894,0.3076923076923077,0.0981709250624201,-0.2213115266088134,0.4,0.4375,6.833333333333333,5.34375,2.923076923076923,1.5384615384615383,0.6666666666666666,1.0,0.1346823827589105,0.5,-0.014645936969442205,0.3440441749094457,0.0025974025974025983,-0.0946428571428572,-1.495670995670995,0.18482142857142847,-0.3846153846153846,1.1282051282051282,0.13333333333333341,0.0,-0.020739472896821112,-0.1923076923076923,-0.0372904993616712,-10.86830369063786,7.86,0.0377358490566037,0.0,0.0,0.2320372486554227,0.4078780611356106,7.066666666666666,0.032258064516129,0.0,0.0,-0.2693277480170939,-11.276181751773471,0.7933333333333339,0.005477784540474706,0.0,0.0,0,654.2,1.0,1,0,0,0,0,4,-4,0,0,0,0,5,-5,0,2,-2,0,3,-3,0,0,0,0,0,0,0,0,0,0,0,0,0,2,-2,0,0,0,0,1.97,-1.97,1,2,-1
401772925,2025,REG,8,2025-10-26,Sunday,20:20,GB,PIT,35,25,Home,7,10,-155,130,-3.0,100,-120,46.5,-115,-105,0,outdoors,grass,46.0,5.0,00-0036264,00-0023459,Jordan Love,Aaron Rodgers,Matt LaFleur,Mike Tomlin,PIT00,Acrisure Stadium,0.654,0.346,-140,125,-2½-110,+2½+105,71.544,0.4335,0.5629,0.0034,24.97,21.04,46.0,-1.965,1.965,0.867,4.609,46.0,2.5,-2.5,Grass,Clear Night,47.5,,,4.0,26.0,-10,60,0,-7.0,LOSS,OVER,0.3648868149763007,0.3294447648811547,0.5,0.5072463768115942,7.333333333333333,6.971014492753623,3.1,3.3,0.8,0.5,0.1589924341268752,0.7,0.1176253663744178,-0.0522111322400124,0.5,0.4142857142857143,5.057692307692308,4.714285714285714,2.7,2.555555555555556,0.75,0.5,0.2428558735303604,0.3,0.24726144860188293,0.3816558971211671,0.0,0.09296066252587992,2.2756410256410247,2.2567287784679086,0.3999999999999999,0.744444444444444,0.050000000000000044,0.0,-0.0838634394034852,0.39999999999999997,0.3915268207150374,4.880153861912814,9.088235294117649,0.0,0.0588235294117647,0.0,0.2021187172653419,-3.0207430677754536,6.551724137931035,0.0333333333333333,0.0,0.0333333333333333,0.18940810344969553,7.900896929688267,2.536511156186614,-0.0333333333333333,0.0588235294117647,-0.0333333333333333,3,496.2,1.0,0,1,0,0,1,2,-1,0,0,0,3,5,-2,0,0,0,0,1,-1,0,0,0,0,0,0,0,0,0,0,0,0,0,0,0,0.14,0.27,-0.13,0,0.34,-0.34,2,1,1
401772817,2025,REG,8,2025-10-27,Monday,20:15,WAS,KC,7,28,Home,8,8,500,-700,10.5,-105,-115,48.5,-115,-105,0,outdoors,grass,54.0,8.0,00-0039910,00-0033873,Jayden Daniels,Patrick Mahomes,Dan Quinn,Andy Reid,KAN00,GEHA Field at Arrowhead Stadium,0.156,0.844,475,-500,+10½-110,-10+100,83.332,0.7443,0.2536,0.002,13.94,34.06,48.0,10.062,-10.062,7.95,-0.087,48.0,-10.5,10.5,Grass,Cloudy,53.9,,,6.0,77.0,21,35,1,10.5,WIN,UNDER,0.2247423508362797,-0.6687030068550182,0.5135135135135135,0.1333333333333333,5.905405405405405,3.1666666666666665,3.4444444444444446,0.0,0.6666666666666666,,0.1853130849450626,0.6,-0.2213115266088134,0.0981709250624201,0.4375,0.4,5.34375,6.833333333333333,1.5384615384615383,2.923076923076923,1.0,0.6666666666666666,-0.134862773227764,0.4375,0.44605387744509306,-0.7668739319174382,0.07601351351351349,-0.2666666666666667,0.5616554054054053,-3.6666666666666665,1.9059829059829063,-2.923076923076923,-0.33333333333333337,,0.32017585817282657,0.16249999999999998,0.5371993790870928,6.071546761428609,5.914285714285715,0.0277777777777777,0.0,0.0,-0.245135180518749,-9.57804989247095,8.863636363636363,0.0833333333333333,0.0,0.0416666666666666,0.7823345596058418,15.64959665389956,-2.9493506493506487,-0.0555555555555556,0.0,-0.0416666666666666,0,945.0,1.0,1,0,0,0,1,3,-2,1,0,1,0,1,-1,1,2,-1,1,2,-1,0,1,-1,1,0,1,0,0,0,0,0,0,0,0,0,1,0.75,0.25,0,0,0,1,2,-1
401772943,2025,REG,9,2025-10-30,Thursday,20:15,BAL,MIA,28,6,Home,4,4,-455,350,-7.5,-120,100,51.5,-110,-110,0,outdoors,grass,73.0,5.0,00-0034796,00-0036212,Lamar Jackson,Tua Tagovailoa,John Harbaugh,Mike McDaniel,MIA00,Hard Rock Stadium,0.728,0.272,-380,340,-7½-105,+7½+100,51.953,0.3771,0.6198,0.003,,,,-4.852,4.852,-3.367,3.209,51.5,2.5,-2.5,Grass,,,,,,,-22,34,0,-14.5,LOSS,UNDER,0.1426552188603241,-0.3410417367071541,0.4769230769230769,0.3958333333333333,5.2,4.458333333333333,3.4,0.9090909090909092,0.6666666666666666,0.5,0.2458172042935621,0.4615384615384615,0.2150173336134696,0.0244000107122183,0.4915254237288136,0.4354838709677419,6.016949152542373,6.0,3.333333333333333,1.7777777777777777,0.5,0.3333333333333333,0.2728398253627044,0.4,-0.07236211475314552,-0.3654417474193724,-0.014602346805736688,-0.03965053763440857,-0.8169491525423727,-1.541666666666667,0.06666666666666687,-0.8686868686868685,0.16666666666666663,0.16666666666666669,-0.0270226210691423,0.061538461538461486,0.3559226432096584,1.8620650355632489,4.0,0.037037037037037,0.0,0.0,-0.2269642405719816,6.717090474234689,5.9,0.1304347826086956,0.0434782608695652,0.0434782608695652,0.58288688378164,-4.85502543867144,-1.9000000000000004,-0.09339774557165859,-0.0434782608695652,-0.0434782608695652,0,943.9,0.0,1,0,0,0,1,0,1,1,0,1,4,0,4,1,0,1,1,0,1,0,0,0,0,0,0,1,0,1,0,0,0,0,0,0,0.6,0,0.6,0,0,0,3,0,3
401772763,2025,REG,9,2025-11-02,Sunday,13:00,ATL,NE,23,24,Home,7,7,205,-250,5.5,-110,-110,45.5,-112,-108,0,outdoors,fieldturf,52.0,7.0,00-0039917,00-0039851,Michael Penix,Drake Maye,Raheem Morris,Mike Vrabel,BOS00,Gillette Stadium,0.269,0.731,210,-240,+5½-110,-5-108,42.969,0.6425,0.3545,0.0028,16.99,28.51,45.5,5.756,-5.756,0.403,-3.684,45.5,-5.0,5.0,Turf,Clear Day,52.3,,,12.7,303.0,1,47,1,-4.5,LOSS,OVER,0.0732997381371431,-0.3489714522845772,0.4838709677419355,0.2830188679245283,6.854838709677419,4.018867924528302,2.3076923076923075,1.0833333333333333,0.375,0.6666666666666666,0.1658324096161567,0.2727272727272727,-0.3410417367071541,0.1426552188603241,0.3958333333333333,0.4769230769230769,4.458333333333333,5.2,0.9090909090909092,3.4,0.5,0.6666666666666666,-0.1716217019958562,0.1818181818181818,0.4143414748442972,-0.49162667114490133,0.08803763440860218,-0.1939042089985486,2.396505376344086,-1.181132075471698,1.3986013986013983,-2.3166666666666664,-0.125,0.0,0.3374541116120129,0.09090909090909091,0.214039424630056,18.714007476101752,11.541666666666666,0.2,0.0333333333333333,0.0333333333333333,-0.1684339285110261,-5.806361552741793,9.394736842105264,0.05,0.0,0.025,0.3824733531410821,24.520369028843547,2.1469298245614024,0.15000000000000002,0.0333333333333333,0.008333333333333297,0,917.0,0.0,0,1,0,0,1,4,-3,0,0,0,0,3,-3,1,2,-1,1,2,-1,0,0,0,0,0,0,1,0,1,0,1,-1,0,1,-1,0.74,0.08,0.66,0,1.46,-1.46,1,2,-1
401772764,2025,REG,9,2025-11-02,Sunday,13:00,LAC,TEN,27,20,Home,10,7,-650,470,-10.0,-112,-108,44.5,-110,-110,0,outdoors,grass,46.0,5.0,00-0036355,00-0040676,Justin Herbert,Cam Ward,Jim Harbaugh,Brian Callahan,NAS00,Nissan Stadium,0.868,0.132,-500,425,-9½-110,+9½+100,38.813,0.2509,0.7469,0.002,32.12,11.88,44.0,-10.123,10.123,-9.133,2.557,44.0,9.5,-9.5,Grass,Cloudy,48.4,,,3.3,4.0,-7,47,0,3.0,WIN,OVER,-0.0874674789392332,0.3815471290843497,0.4090909090909091,0.4423076923076923,5.166666666666667,8.076923076923077,1.2727272727272727,3.4545454545454546,0.6666666666666666,0.8333333333333334,-0.0280117810386097,0.4,0.2036828129756474,-0.4242375427816471,0.5142857142857142,0.2765957446808511,5.985714285714286,3.48936170212766,4.111111111111111,1.0,0.8,1.0,0.0540859578718562,0.6923076923076923,-0.2911502919148806,0.8057846718659968,-0.10519480519480512,0.16571194762684122,-0.8190476190476188,4.587561374795417,-2.8383838383838382,2.4545454545454546,-0.13333333333333341,-0.16666666666666663,-0.0820977389104659,-0.29230769230769227,-0.2041022934916815,-7.154050952679402,8.631578947368421,0.0975609756097561,0.024390243902439,0.0,0.4299085756931819,9.111668666203816,8.24,0.074074074074074,0.037037037037037,0.0,-0.6340108691848634,-16.265719618883217,0.391578947368421,0.0234869015356821,-0.012646793134598,0.0,-3,1784.1,2.0,0,1,0,0,4,3,1,0,0,0,1,4,-3,4,1,3,4,3,1,0,0,0,0,0,0,1,0,1,2,0,2,1,1,0,0.1,0.33,-0.23,1.16,0.89,0.27,1,1,0
401772765,2025,REG,9,2025-11-02,Sunday,13:00,CHI,CIN,47,42,Home,7,7,-162,136,-3.0,-105,-115,51.5,-108,-112,0,outdoors,fieldturf,50.0,6.0,00-0039918,00-0026158,Caleb Williams,Joe Flacco,Ben Johnson,Zac Taylor,CIN00,Paycor Stadium,0.533,0.467,-152,135,-3+100,+3-110,49.181,0.4694,0.5267,0.0037,26.54,24.46,51.0,-1.039,1.039,-4.583,-1.798,51.0,3.0,-3.0,Turf,Cloudy,49.5,,,0.8,26.0,-5,89,0,-2.0,LOSS,OVER,0.2645132378994239,0.3412436376629537,0.5862068965517241,0.6,6.862068965517241,7.242857142857143,3.8,3.5454545454545454,0.8333333333333334,0.6666666666666666,0.3508283470528113,0.4444444444444444,0.0244000107122183,0.2150173336134696,0.4354838709677419,0.4915254237288136,6.0,6.016949152542373,1.7777777777777777,3.333333333333333,0.3333333333333333,0.5,-0.006594924345336,0.4615384615384615,0.24011322718720557,0.12622630404948407,0.1507230255839822,0.1084745762711864,0.8620689655172411,1.22590799031477,2.022222222222222,0.21212121212121238,0.5,0.16666666666666663,0.3574232713981473,-0.01709401709401709,0.0910257259979273,-8.001695799105095,6.352941176470588,0.0285714285714285,0.0,0.0,0.0282034234979518,7.888272830418178,8.157894736842104,0.0256410256410256,0.0256410256410256,0.0,0.0628223024999755,-15.889968629523274,-1.8049535603715166,0.0029304029304029026,-0.0256410256410256,0.0,0,251.2,1.0,0,1,0,0,0,4,-4,3,0,3,3,1,2,0,1,-1,0,2,-2,0,0,0,0,0,0,0,1,-1,0,0,0,0,0,0,0,0.67,-0.67,0,0,0,3,1,2
401772766,2025,REG,9,2025-11-02,Sunday,13:00,IND,PIT,20,27,Home,7,7,-185,154,-3.5,100,-120,51.5,-105,-115,0,outdoors,grass,56.0,2.0,00-0035710,00-0023459,Daniel Jones,Aaron Rodgers,Shane Steichen,Mike Tomlin,PIT00,Acrisure Stadium,0.583,0.417,-155,150,-3-108,+3+100,68.573,0.4057,0.591,0.0032,29.08,22.92,52.0,-3.078,3.078,-0.108,4.94,52.0,3.0,-3.0,Grass,Cloudy,55.2,,,3.3,81.0,7,47,1,10.5,WIN,UNDER,-0.1569967658371151,0.3294949461505507,0.396551724137931,0.492063492063492,5.086206896551724,7.253968253968254,2.272727272727273,2.9166666666666665,1.0,0.6666666666666666,-0.1054485397629753,0.1,0.3815471290843497,-0.0874674789392332,0.4423076923076923,0.4090909090909091,8.076923076923077,5.166666666666667,3.4545454545454546,1.2727272727272727,0.8333333333333334,0.6666666666666666,0.3798577632114757,0.3333333333333333,-0.5385438949214648,0.4169624250897839,-0.045755968169761296,0.08297258297258286,-2.9907161803713525,2.087301587301587,-1.1818181818181817,1.6439393939393938,0.16666666666666663,0.0,-0.485306302974451,-0.2333333333333333,-0.1013088232768898,4.962281417101622,6.666666666666667,0.075,0.0,0.0,0.4325880355870944,13.392132406051342,8.89655172413793,0.09375,0.0,0.0,-0.5338968588639842,-8.42985098894972,-2.2298850574712636,-0.018750000000000003,0.0,0.0,0,328.3,0.0,0,1,0,0,3,3,0,0,0,0,4,1,3,0,1,-1,1,3,-2,0,0,0,0,0,0,0,1,-1,0,0,0,0,0,0,0.14,0.06,0.08,0.2,0.29,-0.09,2,1,1
401772767,2025,REG,9,2025-11-02,Sunday,13:00,SF,NYG,34,24,Home,7,7,-148,124,-2.5,-120,100,47.5,-108,-112,0,outdoors,fieldturf,56.0,5.0,00-0036972,00-0040691,Mac Jones,Jaxson Dart,Kyle Shanahan,Brian Daboll,NYC01,MetLife Stadium,0.493,0.507,-132,135,-2-110,+2½+100,53.992,0.6291,0.3678,0.0029,18.56,28.94,47.5,5.186,-5.186,0.617,-3.102,47.5,2.5,-2.5,Turf,Clear Day,58.8,,,5.8,240.0,-10,58,0,-7.5,LOSS,OVER,0.0901425569319638,0.4562564310064932,0.4081632653061224,0.5925925925925926,5.040816326530612,7.944444444444445,2.2222222222222223,4.222222222222222,0.6666666666666666,1.0,-0.0516316769046372,0.4166666666666667,-0.0400545963943108,0.2350256770204433,0.3777777777777777,0.4864864864864865,5.0,6.418918918918919,1.6666666666666667,2.6,1.0,0.3333333333333333,-0.1221026068935102,0.3333333333333333,0.1301971533262746,0.2212307539860499,0.03038548752834469,0.10610610610610605,0.040816326530611846,1.5255255255255253,0.5555555555555556,1.6222222222222222,-0.33333333333333337,0.6666666666666667,0.070470929988873,0.08333333333333337,0.1162796768799772,1.8181299621408635,9.791666666666666,0.1724137931034483,0.0,0.0,-0.0797591279763861,-2.346623809106888,9.96875,0.0571428571428571,0.0285714285714285,0.0,0.1960388048563633,4.164753771247751,-0.17708333333333393,0.11527093596059118,-0.0285714285714285,0.0,0,2546.7,3.0,0,1,0,0,4,4,0,2,0,2,2,6,-4,2,2,0,4,4,0,0,0,0,0,1,-1,0,0,0,0,1,-1,2,0,2,0,0.86,-0.86,1.17,0.85,0.32,1,1,0
401772870,2025,REG,9,2025-11-02,Sunday,13:00,DEN,HOU,18,15,Home,7,7,105,-125,1.5,-110,-110,40.5,-105,-115,0,closed,astroturf,,,00-0039732,00-0039163,Bo Nix,C.J. Stroud,Sean Payton,DeMeco Ryans,HOU00,NRG Stadium,0.527,0.473,120,-130,+2-108,-2-108,70.798,0.4913,0.5046,0.0039,20.67,20.33,41.0,-0.171,0.171,1.463,3.074,41.0,-2.0,2.0,Dome,,,,,,,-3,33,0,-4.5,LOSS,UNDER,0.2350256770204433,-0.0400545963943108,0.4864864864864865,0.3777777777777777,6.418918918918919,5.0,2.6,1.6666666666666667,0.3333333333333333,1.0,0.0962787118971168,0.5625,0.3662318562324347,0.0566907431494479,0.5535714285714286,0.5,7.642857142857143,4.985294117647059,3.6666666666666665,2.1818181818181817,0.8571428571428571,0.6,0.2846123718234284,0.625,-0.1312061792119914,-0.09674533954375869,-0.06708494208494209,-0.12222222222222229,-1.223938223938224,0.014705882352941124,-1.0666666666666664,-0.5151515151515149,-0.5238095238095237,0.4,-0.18833365992631163,-0.0625,0.4920008234125965,8.515917784289309,8.666666666666666,0.0,0.0256410256410256,0.0,0.4697609378740047,8.968410944497144,10.310344827586206,0.0,0.0333333333333333,0.0,0.022239885538591797,-0.45249316020783503,-1.6436781609195403,0.0,-0.0076923076923077,0.0,0,882.5,1.0,0,1,0,0,2,4,-2,0,0,0,3,0,3,1,2,-1,2,4,-2,0,0,0,0,0,0,1,1,0,0,0,0,0,1,-1,0.21,0.55,-0.34,0,0.49,-0.49,2,0,2
401772871,2025,REG,9,2025-11-02,Sunday,13:00,MIN,DET,27,24,Home,10,13,410,-550,9.5,-108,-112,47.5,-105,-115,1,dome,fieldturf,,,00-0039923,00-0033106,J.J. McCarthy,Jared Goff,Kevin O'Connell,Dan Campbell,DET00,Ford Field,0.148,0.852,425,-475,+10-110,-9½-108,59.121,0.755,0.243,0.0019,13.49,34.02,47.5,10.265,-10.265,5.553,-3.087,47.5,-9.5,9.5,Dome,,,,,,,-3,51,0,-12.5,LOSS,OVER,,,,,,,,,,,,,-0.4242375427816471,0.2036828129756474,0.2765957446808511,0.5142857142857142,3.48936170212766,5.985714285714286,1.0,4.111111111111111,1.0,0.8,-0.3841965618077665,0.2727272727272727,,,,,,,,,,,,,-0.2616679077871328,-1.297557353973389,5.413793103448276,0.1212121212121212,0.0303030303030303,0.0303030303030303,-0.6654280477944005,-11.110292020298186,12.0,0.2222222222222222,0.074074074074074,0.074074074074074,0.4037601400072677,9.812734666324797,-6.586206896551724,-0.10101010101010101,-0.0437710437710437,-0.0437710437710437,3,541.5,1.0,0,1,0,0,4,3,1,0,0,0,3,4,-1,1,1,0,1,3,-2,0,0,0,0,0,0,0,1,-1,0,0,0,1,0,1,0,0.25,-0.25,0.83,0.15,0.68,3,0,3
401772872,2025,REG,9,2025-11-02,Sunday,13:00,CAR,GB,16,13,Home,7,7,650,-1000,12.5,-102,-118,43.5,-115,-105,0,outdoors,grass,47.0,15.0,00-0039150,00-0036264,Bryce Young,Jordan Love,Dave Canales,Matt LaFleur,GNB00,Lambeau Field,0.143,0.857,650,-800,+13-108,-12½-110,54.157,0.7771,0.2211,0.0017,10.03,33.47,43.5,11.717,-11.717,5.261,-4.9,43.5,-13.0,13.0,Grass,Clear Day,48.0,,,14.9,210.0,-3,29,0,-15.5,LOSS,UNDER,0.3294949461505507,-0.1569967658371151,0.492063492063492,0.396551724137931,7.253968253968254,5.086206896551724,2.9166666666666665,2.272727272727273,0.6666666666666666,1.0,0.2369836139482161,0.4166666666666667,-0.3448128232429677,0.3438355488205429,0.3728813559322034,0.4833333333333333,4.135593220338983,6.833333333333333,0.8181818181818182,4.0,0.3333333333333333,0.8333333333333334,-0.4853619920904748,0.3636363636363636,0.6743077693935184,-0.500832314657658,0.11918213613128859,-0.08678160919540229,3.1183750336292713,-1.7471264367816088,2.098484848484848,-1.727272727272727,0.3333333333333333,0.16666666666666663,0.7223456060386909,0.053030303030303094,0.5882107241384066,13.540970938546318,5.243243243243243,0.0,0.0,0.0,0.0041704336895047,-3.197963784138361,5.04,0.0384615384615384,0.0,0.0384615384615384,0.5840402904489019,16.73893472268468,0.20324324324324294,-0.0384615384615384,0.0,-0.0384615384615384,0,745.6,1.0,1,0,0,0,3,2,1,0,0,0,2,6,-4,0,1,-1,2,2,0,0,0,0,0,1,-1,0,0,0,0,0,0,0,0,0,0.27,0.44,-0.17,0.34,0.24,0.1,2,2,0
401772873,2025,REG,9,2025-11-02,Sunday,16:05,JAX,LV,30,29,Home,14,14,-130,110,-2.5,-105,-115,43.5,-105,-115,0,dome,grass,,,00-0036971,00-0030565,Trevor Lawrence,Geno Smith,Liam Coen,Pete Carroll,VEG00,Allegiant Stadium,0.587,0.413,-125,110,-1½-108,+2-110,31.21,0.4342,0.5622,0.0034,24.52,19.48,44.0,-2.518,2.518,-5.5,-1.191,44.0,1.5,-1.5,Dome,,,,,,,-1,59,0,1.5,WIN,OVER,,,,,,,,,,,,,,,,,,,,,,,,,,,,,,,,,,,,,-0.5711603037026876,-7.9665344953537,3.125,0.0588235294117647,0.0,0.0,-0.2533481455632865,-12.520551681518556,10.875,0.1272727272727272,0.0,0.0,-0.31781215813940106,4.554017186164857,-7.75,-0.06844919786096251,0.0,0.0,0,1969.6,3.0,1,0,0,0,2,4,-2,0,0,0,0,1,-1,0,1,-1,0,2,-2,0,0,0,0,0,0,0,0,0,0,0,0,0,1,-1,0,1.1,-1.1,0,0.7,-0.7,1,1,0
401772874,2025,REG,9,2025-11-02,Sunday,16:05,NO,LA,10,34,Home,7,14,750,-1200,14.0,-105,-115,44.5,-105,-115,0,dome,matrixturf,,,00-0040743,00-0026498,Tyler Shough,Matthew Stafford,Kellen Moore,Sean McVay,LAX01,SoFi Stadium,0.124,0.876,800,-1250,+14½-108,-14-110,46.564,0.856,0.1427,0.0011,6.16,38.34,44.5,16.089,-16.089,4.327,-10.321,44.5,-14.0,14.0,Dome,,,,,,,24,44,1,10.0,WIN,UNDER,,,,,,,,,,,,,-0.4726712227326961,-0.1479499593880985,0.3857142857142857,0.3392857142857143,3.928571428571429,3.7857142857142856,0.2727272727272727,1.5454545454545454,0.0,0.3333333333333333,-0.5933778765835255,0.5,,,,,,,,,,,,,0.266149124433992,4.221847292148706,11.0,0.0,0.0,0.0,-0.4705580708359775,-13.857510487238564,8.033333333333333,0.0625,0.03125,0.0,0.7367071952699695,18.07935777938727,2.966666666666667,-0.0625,-0.03125,0.0,7,1674.1,2.0,1,0,0,0,0,0,0,1,0,1,0,4,-4,0,0,0,0,0,0,0,0,0,0,0,0,0,0,0,0,0,0,0,0,0,0,0,0,0,0,0,2,1,1
401772768,2025,REG,9,2025-11-02,Sunday,16:25,KC,BUF,21,28,Home,6,7,-135,114,-2.5,-105,-115,53.5,-115,-105,0,outdoors,a_turf,54.0,6.0,00-0033873,00-0034857,Patrick Mahomes,Josh Allen,Andy Reid,Sean McDermott,BUF00,New Era Field,0.513,0.487,-130,130,-1½-110,+2½-105,89.256,0.4176,0.5789,0.0033,29.3,23.7,53.0,-2.796,2.796,3.96,8.487,53.0,2.0,-2.0,Turf,Partly Cloudy Day,54.8,,,8.0,233.0,7,49,1,9.5,WIN,UNDER,0.3438355488205429,-0.3448128232429677,0.4833333333333333,0.3728813559322034,6.833333333333333,4.135593220338983,4.0,0.8181818181818182,0.8333333333333334,0.3333333333333333,0.3079942262914604,0.5833333333333334,0.2507716672817795,-0.1810548251982814,0.5151515151515151,0.4038461538461538,6.5606060606060606,5.0,3.111111111111111,0.875,1.0,0.5,0.3002842212757699,0.4,0.09306388153876338,-0.1637579980446863,-0.03181818181818186,-0.030964797913950404,0.2727272727272725,-0.8644067796610173,0.8888888888888888,-0.05681818181818177,-0.16666666666666663,-0.16666666666666669,0.007710005015690469,0.18333333333333335,0.3663494775045305,-7.160081361469469,6.105263157894737,0.0952380952380952,0.0,0.0,0.371046044947139,10.903219971805813,6.441176470588236,0.081081081081081,0.054054054054054,0.0,-0.00469656744260849,-18.063301333275284,-0.3359133126934992,0.014157014157014203,-0.054054054054054,0.0,1,857.6,1.0,0,1,0,0,3,2,1,0,0,0,1,2,-1,1,2,-1,2,2,0,0,0,0,0,1,-1,0,1,-1,1,0,1,0,0,0,0.11,1.58,-1.47,1.62,0,1.62,3,0,3
401772926,2025,REG,9,2025-11-02,Sunday,20:20,SEA,WAS,38,14,Home,13,6,-148,124,-2.5,-120,100,47.5,-115,-105,0,outdoors,grass,53.0,3.0,00-0034869,00-0039910,Sam Darnold,Jayden Daniels,Mike Macdonald,Dan Quinn,WAS00,FedExField,0.686,0.314,-140,130,-2½-110,+3-110,63.535,0.5515,0.4448,0.0035,21.62,25.89,47.5,2.135,-2.135,1.942,1.327,47.5,2.5,-2.5,Grass,Partly Cloudy Night,53.1,,,3.4,57.0,-24,52,0,-21.5,LOSS,OVER,-0.1810548251982814,0.2507716672817795,0.4038461538461538,0.5151515151515151,5.0,6.5606060606060606,0.875,3.111111111111111,0.5,1.0,-0.2356052228286372,0.5833333333333334,,,,,,,,,,,,,,,,,,,,,,,,,-0.245135180518749,-9.57804989247095,8.863636363636363,0.0833333333333333,0.0,0.0416666666666666,-0.1701139836308246,-2.2683278790542056,8.741935483870968,0.0606060606060606,0.0303030303030303,0.0303030303030303,-0.07502119688792439,-7.309722013416745,0.12170087976539534,0.0227272727272727,-0.0303030303030303,0.011363636363636302,-7,2329.6,3.0,0,1,0,0,2,5,-3,0,0,0,3,2,1,1,2,-1,1,4,-3,0,0,0,0,0,0,1,1,0,0,0,0,0,1,-1,0.53,0.54,-0.01,0,1,-1,1,0,1
401772818,2025,REG,9,2025-11-03,Monday,20:15,ARI,DAL,27,17,Home,15,8,145,-175,3.5,-115,-105,53.5,-105,-115,0,closed,matrixturf,,,00-0033119,00-0033077,Jacoby Brissett,Dak Prescott,Jonathan Gannon,Brian Schottenheimer,DAL00,AT&T Stadium,0.43,0.57,165,-175,+3½-110,-3-115,53.647,0.666,0.3313,0.0026,20.11,32.89,53.0,6.386,-6.386,1.075,-3.809,53.0,-3.0,3.0,Dome,,,,,,,-10,44,0,-13.5,LOSS,UNDER,0.0566907431494479,0.3662318562324347,0.5,0.5535714285714286,4.985294117647059,7.642857142857143,2.1818181818181817,3.6666666666666665,0.6,0.8571428571428571,0.0599098484921601,0.3636363636363636,,,,,,,,,,,,,,,,,,,,,,,,,-0.1328604343278713,-3.0328272811828123,6.903225806451613,0.0606060606060606,0.0606060606060606,0.0,0.0246626966826432,4.730957395890179,8.666666666666666,0.1428571428571428,0.0,0.0238095238095238,-0.15752313101051452,-7.763784677072992,-1.763440860215053,-0.08225108225108219,0.0606060606060606,-0.0238095238095238,-7,878.4,1.0,0,1,0,0,6,1,5,0,0,0,3,6,-3,1,0,1,4,0,4,0,0,0,0,0,0,0,0,0,0,0,0,1,0,1,0,0,0,1.49,0,1.49,2,2,0
401772944,2025,REG,10,2025-11-06,Thursday,20:15,LV,DEN,7,10,Home,4,4,380,-500,9.5,-112,-108,42.5,-110,-110,1,outdoors,grass,60.0,10.0,00-0030565,00-0039732,Geno Smith,Bo Nix,Pete Carroll,Sean Payton,DEN00,Empower Field at Mile High,0.175,0.825,390,-400,+8½-105,-8½-105,48.67,0.7382,0.2596,0.002,11.69,30.81,42.5,9.559,-9.559,2.895,-4.97,42.5,-9.0,9.0,Grass,Partly Cloudy Night,50.3,,,8.7,5.0,3,17,1,-6.5,LOSS,UNDER,-0.090001143243883,-0.1495009441895421,0.3225806451612903,0.2916666666666667,4.403225806451613,3.7222222222222223,1.3846153846153846,1.0,0.6666666666666666,0.0,-0.1614396177202213,0.4,0.1389007410609467,0.1570682479807688,0.5245901639344263,0.5131578947368421,5.426229508196721,4.828947368421052,3.2222222222222223,3.333333333333333,0.8,0.6,0.1885662338808084,0.7,-0.2289018843048297,-0.30656919217031087,-0.20200951877313594,-0.22149122807017546,-1.0230037017451084,-1.10672514619883,-1.8376068376068377,-2.333333333333333,-0.13333333333333341,-0.6,-0.3500058516010297,-0.29999999999999993,-0.0897476838777417,-10.228743447976951,11.91891891891892,0.0256410256410256,0.0256410256410256,0.0,0.2713426796839326,1.529959706883681,4.153846153846154,0.0476190476190476,0.0238095238095238,0.0,-0.3610903635616743,-11.758703154860632,7.765072765072765,-0.021978021978022004,0.0018315018315017972,0.0,0,608.3,1.0,0,1,0,0,3,1,2,0,0,0,1,3,-2,2,0,2,3,0,3,0,0,0,0,0,0,1,0,1,0,0,0,1,0,1,0.55,0,0.55,0.49,0,0.49,0,1,-1
401772636,2025,REG,10,2025-11-09,Sunday,09:30,ATL,IND,25,31,Neutral,7,7,250,-310,6.5,-112,-108,48.5,-112,-108,0,closed,grass,46.0,2.0,00-0039917,00-0035710,Michael Penix,Daniel Jones,Raheem Morris,Shane Steichen,IND00,Lucas Oil Stadium,0.329,0.671,240,-260,+6-110,-6+100,57.574,0.6974,0.3001,0.0024,16.4,31.6,48.0,7.604,-7.604,4.847,-3.145,48.0,-6.0,6.0,Grass,Cloudy,46.3,,,2.2,233.5,6,56,1,-0.5,LOSS,OVER,-0.1228191185905746,-0.1134796960845264,0.5068493150684932,0.4,5.041095890410959,3.7666666666666666,1.818181818181818,2.076923076923077,1.0,0.5,-0.4027989090321137,0.4285714285714285,0.0697214122658421,0.0134193950303018,0.4074074074074074,0.4461538461538462,5.333333333333333,5.138461538461539,2.3,2.1818181818181817,0.75,0.75,0.1866774432738766,0.1,-0.1925405308564167,-0.1268990911148282,0.0994419076610858,-0.046153846153846156,-0.2922374429223744,-1.3717948717948723,-0.4818181818181819,-0.10489510489510456,0.25,-0.25,-0.5894763523059903,0.3285714285714285,-0.3018586410721103,-1.6291015471021335,8.64,0.0925925925925925,0.0555555555555555,0.037037037037037,0.0984850450320068,4.721757944892435,8.216216216216216,0.0263157894736842,0.0,0.0263157894736842,-0.4003436861041171,-6.3508594919945685,0.4237837837837848,0.06627680311890831,0.0555555555555555,0.010721247563352802,0,426.2,0.0,1,0,1,1,4,3,1,0,0,0,0,3,-3,2,2,0,4,2,2,0,0,0,0,1,-1,1,0,1,1,1,0,0,0,0,0.06,0.05,0.01,1.08,0.24,0.84,2,2,0
401772769,2025,REG,10,2025-11-09,Sunday,13:00,CLE,NYJ,20,27,Home,14,14,-130,110,-1.5,-115,-105,37.5,-115,-105,0,outdoors,fieldturf,62.0,12.0,00-0040704,00-0028118,Dillon Gabriel,Tyrod Taylor,Kevin Stefanski,Aaron Glenn,NYC01,MetLife Stadium,0.494,0.506,-130,115,-2-108,+2-108,17.086,0.6599,0.3373,0.0027,12.76,24.74,37.5,5.99,-5.99,-6.242,-10.796,37.5,2.0,-2.0,Turf,Cloudy,61.2,,,9.9,145.0,7,47,1,8.5,WIN,OVER,,,,,,,,,,,,,,,,,,,,,,,,,,,,,,,,,,,,,-0.170598080045637,-8.843950182199478,12.727272727272728,0.12,0.08,0.0,-0.5363730522828745,-5.337651480327953,5.571428571428571,0.027027027027027,0.054054054054054,0.0,0.36577497223723743,-3.5062987018715255,7.155844155844157,0.092972972972973,0.025945945945946,0.0,0,399.4,0.0,0,1,0,0,0,2,-2,0,0,0,4,2,2,0,0,0,0,2,-2,0,0,0,0,0,0,0,0,0,0,0,0,0,0,0,0,1.01,-1.01,0,0,0,5,1,4
401772770,2025,REG,10,2025-11-09,Sunday,13:00,JAX,HOU,29,36,Home,7,7,-115,-105,-1.5,100,-120,37.5,-112,-108,1,closed,astroturf,,,00-0036971,00-0036898,Trevor Lawrence,Davis Mills,Liam Coen,DeMeco Ryans,HOU00,NRG Stadium,0.444,0.556,105,-120,+1½-110,-1-108,54.08,0.4442,0.5522,0.0035,20.66,16.84,37.5,-1.913,1.913,-4.179,-1.063,37.5,0.0,0.0,Dome,,,,,,,7,65,1,8.5,WIN,OVER,-0.1495009441895421,-0.090001143243883,0.2916666666666667,0.3225806451612903,3.7222222222222223,4.403225806451613,1.0,1.3846153846153846,0.0,0.6666666666666666,-0.0285604667923004,0.1764705882352941,0.1570682479807688,0.1389007410609467,0.5131578947368421,0.5245901639344263,4.828947368421052,5.426229508196721,3.333333333333333,3.2222222222222223,0.6,0.8,-0.0202288905448656,0.5625,-0.30656919217031087,-0.2289018843048297,-0.22149122807017546,-0.20200951877313594,-1.10672514619883,-1.0230037017451084,-2.333333333333333,-1.8376068376068377,-0.6,-0.13333333333333341,-0.008331576247434799,-0.3860294117647059,-0.1774532854950997,-13.140104248605926,8.166666666666666,0.0625,0.0,0.0,-0.0265527454531766,-0.0047951033621123,8.5,0.0294117647058823,0.0294117647058823,0.0,-0.1509005400419231,-13.135309145243815,-0.3333333333333339,0.033088235294117696,-0.0294117647058823,0.0,0,824.8,1.0,1,0,0,0,7,4,3,0,0,0,1,0,1,6,4,2,7,4,3,1,0,1,2,1,1,1,2,-1,0,0,0,1,1,0,2.01,2.19,-0.18,1,0.02,0.98,1,1,0
401772771,2025,REG,10,2025-11-09,Sunday,13:00,BUF,MIA,13,30,Home,7,10,-455,350,-8.5,-105,-115,50.5,-115,-105,1,outdoors,grass,84.0,6.0,00-0034857,00-0036212,Josh Allen,Tua Tagovailoa,Sean McDermott,Mike McDaniel,MIA00,Hard Rock Stadium,0.82,0.18,-420,350,-7½-108,+8-110,56.671,0.3147,0.6827,0.0025,32.46,17.54,50.0,-7.458,7.458,-4.025,4.777,50.0,8.0,-8.0,Grass,Partly Cloudy Day,86.2,,,6.9,339.0,17,43,1,25.5,WIN,UNDER,-0.2000481348872468,0.2123500463494565,0.3934426229508196,0.5,5.442622950819672,6.296296296296297,0.5454545454545454,2.5454545454545454,0.0,1.0,-0.191469410712117,0.1666666666666666,0.2313738702105796,0.0353795701121709,0.5555555555555556,0.4137931034482758,6.428571428571429,5.293103448275862,2.8,2.1,1.0,0.6666666666666666,0.2807364176714327,0.5833333333333334,-0.43142200509782636,0.17697047623728562,-0.16211293260473597,0.0862068965517242,-0.9859484777517569,1.0031928480204346,-2.2545454545454544,0.4454545454545453,-1.0,0.33333333333333337,-0.47220582838354974,-0.41666666666666674,0.0852657706508946,-2.951435382301743,6.775,0.048780487804878,0.024390243902439,0.0,0.3311513115918857,18.4424661397934,5.115384615384615,0.1034482758620689,0.0,0.0,-0.2458855409409911,-21.393901522095142,1.6596153846153854,-0.05466778805719089,0.024390243902439,0.0,3,1164.8,0.0,1,0,0,0,2,2,0,1,0,1,4,4,0,1,0,1,2,2,0,0,0,0,0,0,0,0,0,0,1,0,1,0,0,0,0.12,0,0.12,0.09,1.27,-1.18,1,1,0
401772772,2025,REG,10,2025-11-09,Sunday,13:00,NE,TB,28,23,Home,7,14,124,-148,2.5,100,-120,48.5,-105,-115,0,outdoors,grass,82.0,11.0,00-0039851,00-0034855,Drake Maye,Baker Mayfield,Mike Vrabel,Todd Bowles,TAM00,Raymond James Stadium,0.418,0.582,145,-150,+3+100,-2½-120,58.628,0.5635,0.4329,0.0034,21.1,26.4,47.5,2.65,-2.65,0.842,0.13,47.5,-2.5,2.5,Grass,Partly Cloudy Day,82.2,,,10.5,181.0,-5,51,0,-7.5,LOSS,OVER,,,,,,,,,,,,,0.0134193950303018,0.0697214122658421,0.4461538461538462,0.4074074074074074,5.138461538461539,5.333333333333333,2.1818181818181817,2.3,0.75,0.75,-0.1476090287554675,0.6666666666666666,,,,,,,,,,,,,-0.0655689801463158,-9.644939750432968,6.75,0.1111111111111111,0.0,0.037037037037037,0.0121064813835635,5.3275637328624725,10.689655172413794,0.1714285714285714,0.0285714285714285,0.0571428571428571,-0.07767546152987931,-14.97250348329544,-3.9396551724137936,-0.0603174603174603,-0.0285714285714285,-0.0201058201058201,7,1161.9,0.0,1,0,0,0,4,0,4,0,0,0,2,3,-1,2,0,2,3,0,3,0,0,0,0,0,0,1,0,1,1,0,1,0,0,0,1.38,0,1.38,0.86,0,0.86,0,0,0
401772875,2025,REG,10,2025-11-09,Sunday,13:00,NYG,CHI,20,24,Home,7,7,180,-218,4.5,-108,-112,45.5,-112,-108,0,outdoors,grass,33.0,10.0,00-0040691,00-0039918,Jaxson Dart,Caleb Williams,Brian Daboll,Ben Johnson,CHI98,Soldier Field,0.416,0.584,190,-210,+4½-110,-4-108,38.639,0.5087,0.4873,0.0039,21.96,22.54,44.5,0.292,-0.292,-1.782,-0.325,44.5,-4.5,4.5,Grass,Cloudy,31.9,,,20.1,331.0,4,44,1,-0.5,LOSS,UNDER,0.4531389842597489,0.2308691931862506,0.5584415584415584,0.4923076923076923,7.48051948051948,7.661538461538462,3.9166666666666665,3.230769230769231,0.75,0.7142857142857143,0.4132918180982677,0.5333333333333333,0.1701477025289471,0.3299612511886194,0.5,0.5238095238095238,5.285714285714286,6.063492063492063,2.4,3.090909090909091,0.75,0.8,0.1835356453137303,0.4166666666666667,0.2829912817308018,-0.09909205800236881,0.058441558441558406,-0.031501831501831556,2.1948051948051948,1.5980463980463986,1.5166666666666666,0.13986013986014,0.0,-0.08571428571428574,0.22975617278453742,0.11666666666666664,0.3793008299748814,-0.8982624738447128,8.382352941176471,0.054054054054054,0.0,0.0,0.0488648902669842,3.7361456081271176,6.575757575757576,0.0571428571428571,0.0,0.0,0.3304359397078972,-4.634408081971831,1.8065953654188949,-0.003088803088803098,0.0,0.0,0,705.5,1.0,1,0,0,0,4,7,-3,0,0,0,2,2,0,2,4,-2,3,5,-2,0,0,0,0,1,-1,0,0,0,2,1,1,0,1,-1,0.04,0.57,-0.53,0.76,0.89,-0.13,2,1,1
401772876,2025,REG,10,2025-11-09,Sunday,13:00,BAL,MIN,27,19,Home,10,7,-230,190,-4.5,-105,-115,48.5,-105,-115,0,dome,sportturf,,,00-0034796,00-0039923,Lamar Jackson,J.J. McCarthy,John Harbaugh,Kevin O'Connell,MIN01,U.S. Bank Stadium,0.701,0.299,-220,200,-5-108,+5-108,58.892,0.3738,0.6231,0.003,29.29,19.71,49.0,-4.792,4.792,-2.366,3.879,49.0,4.5,-4.5,Dome,,,,,,,-8,46,0,-3.5,LOSS,UNDER,-0.021526931048336,-0.0070774566328569,0.4181818181818181,0.3548387096774194,4.781818181818182,4.919354838709677,2.25,2.1818181818181817,0.6,0.6,0.1032902867750222,0.3333333333333333,0.2123500463494565,-0.2000481348872468,0.5,0.3934426229508196,6.296296296296297,5.442622950819672,2.5454545454545454,0.5454545454545454,1.0,0.0,0.2371202636760001,0.3846153846153846,-0.2338769773977925,0.1929706782543899,-0.0818181818181819,-0.03860391327340024,-1.5144781144781145,-0.5232681121099949,-0.2954545454545454,1.6363636363636362,-0.4,0.6,-0.1338299769009779,-0.051282051282051266,-0.2472781539116347,-0.1228889693384585,10.32,0.1666666666666666,0.0333333333333333,0.0,0.4160683396365494,18.104419889657397,9.0,0.08,0.0,0.0,-0.6633464935481841,-18.227308858995855,1.3200000000000003,0.0866666666666666,0.0333333333333333,0.0,-3,936.6,1.0,1,0,0,0,2,0,2,0,0,0,2,0,2,0,0,0,2,0,2,0,0,0,0,0,0,0,0,0,0,0,0,0,0,0,0.08,0,0.08,0.15,0,0.15,0,1,-1
401772877,2025,REG,10,2025-11-09,Sunday,13:00,NO,CAR,17,7,Home,7,7,200,-245,5.5,-112,-108,38.5,-105,-115,1,outdoors,grass,73.0,15.0,00-0040743,00-0039150,Tyler Shough,Bryce Young,Kellen Moore,Dave Canales,CAR00,Bank of America Stadium,0.376,0.624,210,-240,+5½-110,-5-108,18.345,0.6546,0.3426,0.0027,12.92,25.08,38.0,6.083,-6.083,-3.946,-8.731,38.0,-5.0,5.0,Grass,Partly Cloudy Day,74.9,,,11.8,228.0,-10,24,0,-15.5,LOSS,UNDER,0.0946353531891469,0.0425245281032415,0.5,0.5079365079365079,4.907407407407407,5.857142857142857,2.2857142857142856,1.625,0.6666666666666666,0.2,0.0948297332083149,0.4,-0.3207671691377002,0.2658077054185299,0.3076923076923077,0.5616438356164384,5.743589743589744,6.054794520547945,1.1111111111111112,3.4,0.3333333333333333,0.8333333333333334,-0.0322539280002404,0.2222222222222222,0.4154025223268471,-0.22328317731528838,0.1923076923076923,-0.05370732767993047,-0.8361823361823362,-0.19765166340508866,1.1746031746031744,-1.775,0.3333333333333333,-0.6333333333333333,0.1270836612085553,0.1777777777777778,-0.1574039458161375,-11.497365173540617,6.25,0.0476190476190476,0.0476190476190476,0.0476190476190476,0.003909567152732,-2.8694724259169204,9.125,0.0416666666666666,0.0416666666666666,0.0,-0.1613135129688695,-8.627892747623697,-2.875,0.005952380952381001,0.005952380952381001,0.0476190476190476,0,648.7,1.0,0,1,0,0,1,2,-1,0,0,0,2,4,-2,1,1,0,1,2,-1,0,0,0,1,1,0,0,0,0,0,0,0,0,0,0,0.19,0.95,-0.76,0,0,0,2,2,0
401772773,2025,REG,10,2025-11-09,Sunday,16:05,ARI,SEA,22,44,Home,6,7,270,-340,7.0,-115,-105,44.5,-102,-118,1,outdoors,fieldturf,59.0,5.0,00-0033119,00-0034869,Jacoby Brissett,Sam Darnold,Jonathan Gannon,Mike Macdonald,SEA00,Lumen Field,0.224,0.776,300,-360,+7+100,-7-110,62.942,0.6479,0.3492,0.0028,16.37,28.63,45.0,6.13,-6.13,2.918,-1.983,45.0,-7.0,7.0,Turf,Partly Cloudy Day,64.2,,,4.7,190.0,22,66,1,15.0,WIN,OVER,0.4484156475213809,-0.0196660992073556,0.6041666666666666,0.5,8.708333333333334,4.67741935483871,3.8,1.4,1.0,1.0,0.4127452606883487,0.6363636363636364,0.1133213088130992,-0.1111333077029062,0.4761904761904761,0.4375,5.412698412698413,5.203125,2.7,1.1,0.75,0.25,0.0887384831594132,0.5384615384615384,0.3350943387082817,0.09146720849555061,0.12797619047619052,0.0625,3.295634920634921,-0.52570564516129,1.0999999999999996,0.2999999999999998,0.25,0.75,0.32400677752893553,0.09790209790209792,0.9353306285868334,23.53871576488018,8.625,0.0,0.0416666666666666,0.0,0.194732458284818,7.376096371946664,8.0,0.1388888888888889,0.0,0.0,0.7405981703020154,16.162619392933514,0.625,-0.1388888888888889,0.0416666666666666,0.0,1,1104.2,1.0,1,0,0,0,5,4,1,2,0,2,2,3,-1,3,3,0,5,3,2,0,0,0,0,0,0,1,0,1,1,1,0,1,2,-1,0.23,0,0.23,0.49,2.13,-1.64,2,2,0
401772878,2025,REG,10,2025-11-09,Sunday,16:25,DET,WAS,44,22,Home,7,7,-455,350,-8.5,-105,-115,49.5,-112,-108,0,outdoors,grass,64.0,9.0,00-0033106,00-0032268,Jared Goff,Marcus Mariota,Dan Campbell,Dan Quinn,WAS00,FedExField,0.722,0.278,-420,350,-7½-108,+8-110,69.498,0.3426,0.6546,0.0027,30.5,18.5,49.0,-5.999,5.999,-2.794,4.612,49.0,8.0,-8.0,Grass,Partly Cloudy Day,63.7,,,6.1,163.0,-22,66,0,-13.5,LOSS,OVER,-0.0196660992073556,0.4484156475213809,0.5,0.6041666666666666,4.67741935483871,8.708333333333334,1.4,3.8,1.0,1.0,-0.0135849882914199,0.4615384615384615,-0.0070774566328569,-0.021526931048336,0.3548387096774194,0.4181818181818181,4.919354838709677,4.781818181818182,2.1818181818181817,2.25,0.6,0.6,-0.1846282125458986,0.2941176470588235,-0.012588642574498701,0.4699425785697169,0.14516129032258063,0.18598484848484853,-0.24193548387096708,3.9265151515151517,-0.7818181818181817,1.5499999999999998,0.4,0.4,0.17104322425447868,0.16742081447963802,-0.231380292079848,1.1250343918800354,5.4,0.0625,0.0625,0.0,0.098304990628176,-2.515587459007899,6.72972972972973,0.119047619047619,0.0,0.0,-0.329685282708024,3.640621850887934,-1.3297297297297295,-0.056547619047619,0.0625,0.0,0,401.5,0.0,0,1,0,0,2,6,-4,0,0,0,3,5,-2,2,2,0,2,3,-1,1,0,1,0,0,0,1,1,0,0,0,0,0,1,-1,1.35,0,1.35,0,0.88,-0.88,3,1,2
401772879,2025,REG,10,2025-11-09,Sunday,16:25,LA,SF,42,26,Home,7,7,-258,210,-5.5,-115,-105,49.5,-110,-110,1,outdoors,grass,77.0,3.0,00-0026498,00-0036972,Matthew Stafford,Mac Jones,Sean McVay,Kyle Shanahan,SFO01,Levi's Stadium,0.727,0.273,-240,240,-5½-115,+6½-110,81.197,0.3618,0.6352,0.0029,30.31,19.19,49.5,-5.562,5.562,-2.184,5.027,49.5,6.0,-6.0,Grass,Clear Day,75.1,,,2.6,349.0,-16,68,0,-10.5,LOSS,OVER,0.3299612511886194,0.1701477025289471,0.5238095238095238,0.5,6.063492063492063,5.285714285714286,3.090909090909091,2.4,0.8,0.75,0.2249291400498181,0.5454545454545454,0.2658077054185299,-0.3207671691377002,0.5616438356164384,0.3076923076923077,6.054794520547945,5.743589743589744,3.4,1.1111111111111112,0.8333333333333334,0.3333333333333333,0.1860943276109976,0.5,0.06415354577008953,0.49091487166664727,-0.037834311806914545,0.1923076923076923,0.008697542944117842,-0.457875457875458,-0.3090909090909091,1.2888888888888888,-0.033333333333333326,0.4166666666666667,0.038834812438820504,0.045454545454545414,0.518873113584067,12.027716636657717,6.666666666666667,0.0769230769230769,0.0,0.0384615384615384,0.3481982655474624,12.67982307941683,9.96875,0.0588235294117647,0.0,0.0,0.17067484803660454,-0.6521064427591128,-3.302083333333333,0.0180995475113122,0.0,0.0384615384615384,0,313.5,0.0,1,0,0,0,2,0,2,0,0,0,7,1,6,1,0,1,2,0,2,0,0,0,0,0,0,0,0,0,1,0,1,0,0,0,0.56,0,0.56,0.51,0,0.51,3,0,3
401772927,2025,REG,10,2025-11-09,Sunday,20:20,PIT,LAC,10,25,Home,7,7,136,-162,3.0,-118,-102,45.5,-115,-105,0,dome,matrixturf,,,00-0023459,00-0036355,Aaron Rodgers,Justin Herbert,Mike Tomlin,Jim Harbaugh,LAX01,SoFi Stadium,0.337,0.663,170,-180,+3+110,-3-120,62.152,0.6158,0.3811,0.003,18.05,27.46,45.5,4.705,-4.705,2.589,-0.267,45.5,-3.0,3.0,Dome,,,,,,,15,35,1,12.0,WIN,UNDER,0.084300298294093,-0.1772392417559914,0.578125,0.3636363636363636,5.375,4.681818181818182,2.4545454545454546,0.7272727272727273,0.75,0.0,0.0531511475570618,0.5384615384615384,-0.1134796960845264,-0.1228191185905746,0.4,0.5068493150684932,3.7666666666666666,5.041095890410959,2.076923076923077,1.818181818181818,0.5,1.0,-0.0691679536764187,0.3333333333333333,0.1977799943786194,-0.054420123165416806,0.17812499999999998,-0.1432129514321296,1.6083333333333334,-0.35927770859277697,0.3776223776223775,-1.0909090909090906,0.25,-1.0,0.1223191012334805,0.20512820512820512,0.0523890604503529,6.475198268890381,10.724137931034482,0.1714285714285714,0.0285714285714285,0.0,0.0002882676117366,-2.64782224382673,2.942857142857143,0.0789473684210526,0.0,0.0,0.0521007928386163,9.123020512717112,7.781280788177339,0.0924812030075188,0.0285714285714285,0.0,0,2138.9,3.0,1,0,0,0,1,4,-3,1,0,1,5,2,3,1,2,-1,1,2,-1,0,0,0,1,1,0,0,0,0,0,1,-1,0,0,0,0.17,0.91,-0.74,0,0.53,-0.53,2,2,0
401772630,2025,REG,10,2025-11-10,Monday,20:15,PHI,GB,10,7,Home,15,8,-110,-110,1.5,-122,102,45.5,-108,-112,0,outdoors,grass,33.0,9.0,00-0036389,00-0036264,Jalen Hurts,Jordan Love,Nick Sirianni,Matt LaFleur,GNB00,Lambeau Field,0.407,0.593,100,-105,+1-110,+1-110,82.766,0.52,0.476,0.0038,21.65,23.35,45.0,0.848,-0.848,4.18,4.445,45.0,-1.0,1.0,Grass,Cloudy,33.1,,,10.1,291.0,-3,17,0,-4.5,LOSS,UNDER,0.0425245281032415,0.0946353531891469,0.5079365079365079,0.5,5.857142857142857,4.907407407407407,1.625,2.2857142857142856,0.2,0.6666666666666666,-0.160367543479066,0.5384615384615384,,,,,,,,,,,,,,,,,,,,,,,,,0.1552631176842358,9.10083600452968,8.783783783783784,0.0263157894736842,0.0263157894736842,0.0,0.3344381120155712,9.823632687330246,7.35,0.1666666666666666,0.0,0.0,-0.1791749943313354,-0.7227966828005652,1.4337837837837846,-0.1403508771929824,0.0263157894736842,0.0,-7,731.4,1.0,1,0,0,0,2,2,0,0,0,0,4,3,1,0,1,-1,2,2,0,0,0,0,0,1,-1,0,0,0,0,0,0,0,0,0,0,0.3,-0.3,0.67,0,0.67,1,2,-1
401772945,2025,REG,11,2025-11-13,Thursday,20:15,NYJ,NE,14,27,Home,4,4,625,-950,12.5,-105,-115,43.5,-115,-105,1,outdoors,fieldturf,39.0,9.0,00-0028118,00-0039851,Tyrod Taylor,Drake Maye,Aaron Glenn,Mike Vrabel,BOS00,Gillette Stadium,0.198,0.802,550,-680,+12½-105,-12½-105,33.185,0.7121,0.2855,0.0022,13.07,30.43,43.5,8.682,-8.682,0.337,-6.821,43.5,-12.5,12.5,Turf,Partly Cloudy Night,40.1,,,6.9,289.0,13,41,1,0.5,WIN,UNDER,0.1778947345928513,0.0443376693368846,0.3620689655172414,0.4925373134328358,7.517241379310345,5.537313432835821,2.333333333333333,2.090909090909091,0.8,0.75,0.1881029154933569,0.3571428571428571,-0.2945570166919674,-0.0823937505071805,0.2222222222222222,0.3428571428571428,3.8,3.971428571428572,1.75,1.6666666666666667,0.4,0.6666666666666666,-0.3482367158422301,0.2727272727272727,0.47245175128481864,0.1267314198440651,0.13984674329501917,0.149680170575693,3.7172413793103454,1.5658848614072487,0.583333333333333,0.4242424242424241,0.4,0.08333333333333337,0.536339631335587,0.08441558441558439,0.1958390143536235,-5.857704477063541,11.290322580645162,0.03125,0.03125,0.0,-0.170598080045637,-8.843950182199478,12.727272727272728,0.12,0.08,0.0,0.36643709439926053,2.9862457051359375,-1.4369501466275665,-0.08875,-0.04875,0.0,0,170.2,0.0,0,1,0,0,4,2,2,0,0,0,2,5,-3,2,2,0,4,2,2,0,0,0,0,0,0,1,1,0,1,0,1,0,1,-1,1.56,0.39,1.17,0.32,0.34,-0.02,1,0,1
401772631,2025,REG,11,2025-11-16,Sunday,09:30,WAS,MIA,13,16,Neutral,7,7,124,-148,2.5,100,-120,47.5,-110,-110,0,outdoors,grass,,,00-0032268,00-0036212,Marcus Mariota,Tua Tagovailoa,Dan Quinn,Mike McDaniel,MIA00,Hard Rock Stadium,0.421,0.579,125,-135,+3-120,-2-108,42.941,0.4913,0.5046,0.0039,23.75,23.25,47.0,-0.253,0.253,-2.898,-2.456,47.0,-2.5,2.5,Grass,Partly Cloudy Day,56.3,,,15.5,230.0,3,29,1,0.5,WIN,UNDER,0.3123163272150317,-0.0736375961853544,0.4313725490196078,0.4242424242424242,7.274509803921568,5.696969696969697,2.727272727272727,1.181818181818182,1.0,0.6666666666666666,0.3082805729257719,0.3333333333333333,0.1731735361537983,0.4821581306170442,0.4615384615384615,0.582089552238806,5.557692307692308,8.164179104477611,2.4444444444444446,4.888888888888889,1.0,0.7142857142857143,0.17586140185862,0.2,0.13914279106123342,-0.5557957268023986,-0.0301659125188537,-0.1578471279963818,1.7168174962292593,-2.467209407507914,0.28282828282828243,-3.707070707070707,0.0,-0.04761904761904767,0.13241917106715187,0.1333333333333333,0.4289271493464531,5.901699690591721,8.952380952380953,0.0,0.0952380952380952,0.0,0.4369492894909376,14.25039998509667,13.090909090909092,0.08,0.0,0.0,-0.00802214014448449,-8.34870029450495,-4.138528138528139,-0.08,0.0952380952380952,0.0,0,915.9,0.0,1,0,1,1,1,7,-6,0,0,0,3,1,2,0,2,-2,1,3,-2,0,1,-1,0,0,0,0,1,-1,0,0,0,0,0,0,0.79,2.13,-1.34,0,0.35,-0.35,0,2,-2
401772774,2025,REG,11,2025-11-16,Sunday,13:00,CIN,PIT,12,34,Home,14,7,205,-250,5.5,-108,-112,48.5,-110,-110,1,outdoors,grass,46.0,17.0,00-0026158,00-0023459,Joe Flacco,Aaron Rodgers,Zac Taylor,Mike Tomlin,PIT00,Acrisure Stadium,0.31,0.69,210,-240,+5½-108,-5½-108,50.821,0.5863,0.4103,0.0033,20.36,27.14,47.5,3.389,-3.389,-1.088,-3.23,47.5,-5.5,5.5,Grass,Cloudy,45.3,,,18.7,297.0,22,46,1,16.5,WIN,UNDER,-0.3766053134213111,-0.0825231484588902,0.38,0.3970588235294117,4.42,4.632352941176471,0.8333333333333334,1.7692307692307692,0.3333333333333333,0.5,-0.2311990289063511,0.1818181818181818,,,,,,,,,,,,,,,,,,,,,,,,,-0.5320600154927306,-10.830245379890714,8.096774193548388,0.088235294117647,0.0588235294117647,0.0294117647058823,0.3280734376430613,2.815685404671563,9.085106382978724,0.0588235294117647,0.0392156862745098,0.0196078431372549,-0.8601334531357919,-13.645930784562278,-0.9883321894303361,0.029411764705882297,0.019607843137254895,0.009803921568627399,-7,256.5,0.0,0,1,0,0,3,5,-2,0,0,0,2,1,1,3,1,2,3,4,-1,0,0,0,0,0,0,0,0,0,2,1,1,1,0,1,0,0.31,-0.31,1.28,0.93,0.35,0,1,-1
401772775,2025,REG,11,2025-11-16,Sunday,13:00,LAC,JAX,6,35,Home,7,7,-155,130,-3.0,-105,-115,43.5,-110,-110,0,outdoors,grass,74.0,9.0,00-0036355,00-0036971,Justin Herbert,Trevor Lawrence,Jim Harbaugh,Liam Coen,JAX00,TIAA Bank Stadium,0.578,0.422,-150,135,-2½-110,+2½+100,57.124,0.4163,0.5803,0.0033,24.58,18.42,43.0,-3.079,3.079,-1.586,2.74,43.0,3.0,-3.0,Grass,Partly Cloudy Day,77.3,,,16.1,257.0,29,41,1,32.0,WIN,UNDER,-0.2355685361521062,0.0736069438781778,0.375,0.5,3.803571428571429,5.75,2.090909090909091,2.5,0.4,0.8,-0.274646548449792,0.3636363636363636,-0.0825231484588902,-0.3766053134213111,0.3970588235294117,0.38,4.632352941176471,4.42,1.7692307692307692,0.8333333333333334,0.5,0.3333333333333333,-0.0476358283543959,0.3529411764705882,-0.15304538769321602,0.4502122572994889,-0.022058823529411686,0.12,-0.8287815126050422,1.33,0.32167832167832167,1.6666666666666665,-0.09999999999999998,0.46666666666666673,-0.22701072009539613,0.010695187165775388,-0.2514508753183816,-14.426665979882944,6.3478260869565215,0.1724137931034483,0.0344827586206896,0.0689655172413793,-0.1752912458686198,-14.103084441387292,4.727272727272728,0.131578947368421,0.0,0.0,-0.07615962944976182,-0.3235815384956524,1.620553359683793,0.0408348457350273,0.0344827586206896,0.0689655172413793,0,2150.5,3.0,0,1,0,0,4,0,4,0,0,0,1,5,-4,3,0,3,3,0,3,0,0,0,1,0,1,1,0,1,0,0,0,1,0,1,1.98,0,1.98,0.02,0,0.02,0,3,-3
401772776,2025,REG,11,2025-11-16,Sunday,13:00,TB,BUF,32,44,Home,7,7,230,-285,6.0,-108,-112,46.5,-112,-108,0,outdoors,a_turf,38.0,20.0,00-0034855,00-0034857,Baker Mayfield,Josh Allen,Todd Bowles,Sean McDermott,BUF00,New Era Field,0.358,0.642,260,-295,+6+100,-6½-108,72.062,0.6144,0.3824,0.003,18.61,26.89,45.5,4.14,-4.14,3.591,0.862,45.5,-6.5,6.5,Turf,Cloudy,38.7,,,23.4,305.0,12,76,1,6.0,WIN,OVER,-0.0736375961853544,0.3123163272150317,0.4242424242424242,0.4313725490196078,5.696969696969697,7.274509803921568,1.181818181818182,2.727272727272727,0.6666666666666666,1.0,0.0634550454451527,0.3333333333333333,0.0443376693368846,0.1778947345928513,0.4925373134328358,0.3620689655172414,5.537313432835821,7.517241379310345,2.090909090909091,2.333333333333333,0.75,0.8,0.2146574663269208,0.3846153846153846,-0.117975265522239,0.13442159262218042,-0.0682948891904116,0.06930358350236643,0.15965626413387657,-0.24273157538877754,-0.9090909090909087,0.39393939393939403,-0.08333333333333337,0.19999999999999996,-0.1512024208817681,-0.051282051282051266,0.0951438952850558,7.705256801385146,10.1,0.0681818181818181,0.0227272727272727,0.0,0.0215160186506413,-2.538804813872936,6.558139534883721,0.0444444444444444,0.0,0.0,0.0736278766344145,10.244061615258083,3.5418604651162786,0.023737373737373696,0.0227272727272727,0.0,0,1043.4,0.0,0,1,0,0,2,5,-3,0,0,0,4,0,4,1,3,-2,1,4,-3,0,0,0,0,1,-1,1,1,0,0,1,-1,0,0,0,0.26,1.47,-1.21,0.4,0.86,-0.46,2,1,1
401772880,2025,REG,11,2025-11-16,Sunday,13:00,CHI,MIN,19,17,Home,7,7,124,-148,3.0,-115,-105,47.5,-102,-118,1,dome,sportturf,,,00-0039918,00-0039923,Caleb Williams,J.J. McCarthy,Ben Johnson,Kevin O'Connell,MIN01,U.S. Bank Stadium,0.435,0.565,145,-150,+3-110,-3+100,40.242,0.5093,0.4867,0.0039,23.6,24.4,48.0,0.401,-0.401,-2.641,-1.575,48.0,-3.0,3.0,Dome,,,,,,,-2,36,0,-5.0,LOSS,UNDER,-0.1605775658064946,-0.0040036433951885,0.3709677419354839,0.4696969696969697,5.887096774193548,4.909090909090909,1.4615384615384617,2.076923076923077,0.5,0.4,-0.0673485834198626,0.2142857142857142,0.0263026522466601,0.0047921175323133,0.4677419354838709,0.3857142857142857,6.338709677419355,6.1571428571428575,2.0,1.818181818181818,0.75,0.4,0.2758639790749356,0.2727272727272727,-0.1868802180531547,-0.0087957609275018,-0.09677419354838701,0.08398268398268405,-0.45161290322580694,-1.2480519480519483,-0.5384615384615383,0.2587412587412592,-0.25,0.0,-0.3432125624947982,-0.05844155844155852,-0.2248208693230319,-11.627759984353691,10.904761904761903,0.0227272727272727,0.0454545454545454,0.0,-0.1683712987279809,-8.151408698823717,9.583333333333334,0.0,0.0,0.0,-0.05644957059505101,-3.476351285529974,1.3214285714285694,0.0227272727272727,0.0454545454545454,0.0,0,355.4,0.0,1,0,0,0,2,2,0,0,0,0,0,2,-2,1,1,0,1,1,0,0,0,0,0,0,0,0,0,0,1,1,0,0,0,0,0.45,0.04,0.41,0.51,0.76,-0.25,1,1,0
401772881,2025,REG,11,2025-11-16,Sunday,13:00,HOU,TEN,16,13,Home,7,14,-265,215,-5.5,-108,-112,37.5,-118,-102,1,outdoors,grass,64.0,8.0,00-0036898,00-0040676,Davis Mills,Cam Ward,DeMeco Ryans,Brian Callahan,NAS00,Nissan Stadium,0.709,0.291,-240,210,-4½-110,+5½-110,34.812,0.3831,0.6137,0.003,23.01,13.99,37.0,-4.507,4.507,-9.223,-2.814,37.0,5.0,-5.0,Grass,Clear Day,66.3,,,11.7,10.0,-3,29,0,2.5,WIN,UNDER,,,,,,,,,,,,,0.0736069438781778,-0.2355685361521062,0.5,0.375,5.75,3.803571428571429,2.5,2.090909090909091,0.8,0.4,-0.0879577670309047,0.6666666666666666,,,,,,,,,,,,,-0.0677076275402214,-11.784661525771732,8.714285714285714,0.16,0.0,0.04,0.0153960749148783,-3.2593265853144904,9.488888888888887,0.0408163265306122,0.0204081632653061,0.0,-0.08310370245509971,-8.525334940457242,-0.7746031746031736,0.1191836734693878,-0.0204081632653061,0.04,7,671.5,0.0,0,1,0,0,3,5,-2,0,0,0,4,3,1,1,3,-2,2,5,-3,0,1,-1,0,0,0,0,0,0,0,0,0,1,1,0,0.12,0.55,-0.43,0.47,1,-0.53,3,2,1
401772882,2025,REG,11,2025-11-16,Sunday,13:00,CAR,ATL,30,27,Home,7,7,180,-218,4.5,-118,-102,42.5,-110,-110,1,closed,fieldturf,,,00-0039150,00-0039917,Bryce Young,Michael Penix,Dave Canales,Raheem Morris,ATL97,Mercedes-Benz Stadium,0.394,0.606,195,-215,+4+100,-4-110,27.015,0.5897,0.407,0.0032,17.74,24.26,42.0,3.261,-3.261,-3.012,-4.815,42.0,-4.5,4.5,Dome,,,,,,,-3,57,0,-7.5,LOSS,OVER,-0.0667531039573812,0.1509893408926087,0.45,0.5466666666666666,4.883333333333334,6.92,1.9230769230769231,2.583333333333333,1.0,0.5714285714285714,0.2293945032459519,0.0,-0.4194234092241466,0.1617636877947146,0.36,0.40625,3.5,6.15625,0.7,1.8888888888888888,0.5,0.5,-0.3238011376306531,0.3333333333333333,0.3526703052667654,-0.01077434690210588,0.09000000000000002,0.14041666666666663,1.3833333333333337,0.7637499999999999,1.2230769230769232,0.6944444444444442,0.5,0.0714285714285714,0.553195640876605,-0.3333333333333333,-0.2515644874253226,-16.349718928337097,10.285714285714286,0.09375,0.0,0.03125,-0.4258472565214592,2.757819061693938,6.48,0.074074074074074,0.037037037037037,0.0,0.1742827690961366,-19.107537990031034,3.805714285714286,0.019675925925926,-0.037037037037037,0.03125,0,226.1,0.0,1,0,0,0,6,2,4,0,0,0,7,0,7,2,1,1,4,2,2,0,0,0,1,0,1,0,0,0,1,1,0,0,0,0,0.05,0,0.05,0.62,0.89,-0.27,0,1,-1
401772883,2025,REG,11,2025-11-16,Sunday,13:00,GB,NYG,27,20,Home,6,7,-440,340,-7.5,-110,-110,41.5,-110,-110,0,outdoors,fieldturf,55.0,17.0,00-0036264,00-0031503,Jordan Love,Jameis Winston,Matt LaFleur,Brian Daboll,NYC01,MetLife Stadium,0.73,0.27,-380,330,-7½-108,+7½-105,55.865,0.3592,0.6378,0.0028,26.28,15.72,42.0,-5.28,5.28,-2.902,3.775,42.0,7.5,-7.5,Turf,Partly Cloudy Day,53.9,,,23.3,309.0,-7,47,0,0.5,WIN,OVER,0.0047921175323133,0.0263026522466601,0.3857142857142857,0.4677419354838709,6.1571428571428575,6.338709677419355,1.818181818181818,2.0,0.4,0.75,0.0345906305877838,0.3571428571428571,-0.1731619742465758,-0.0782126109071839,0.3846153846153846,0.3333333333333333,4.015384615384615,4.9,0.7,1.0,1.0,0.5,-0.1556476608752151,0.3846153846153846,0.1779540917788891,0.104515263153844,0.001098901098901095,0.13440860215053757,2.141758241758242,1.4387096774193546,1.118181818181818,1.0,-0.6,0.25,0.1902382914629989,-0.027472527472527486,,,,,,,-0.2122797290487547,-6.459089797554594,8.444444444444445,0.0789473684210526,0.0,0.0263157894736842,,,,,,,1,753.9,1.0,0,1,0,0,5,1,4,2,1,1,2,3,-1,2,0,2,4,1,3,1,0,1,0,0,0,0,0,0,1,0,1,0,0,0,1.33,0,1.33,0.78,0.33,0.45,1,1,0
401772884,2025,REG,11,2025-11-16,Sunday,16:05,SEA,LA,19,21,Home,7,7,145,-175,3.0,100,-120,49.5,-105,-115,1,dome,matrixturf,,,00-0034869,00-0026498,Sam Darnold,Matthew Stafford,Mike Macdonald,Sean McVay,LAX01,SoFi Stadium,0.371,0.629,165,-175,+3½-110,-3-116,81.68,0.6111,0.3857,0.0031,20.19,28.81,49.0,4.314,-4.314,5.716,3.176,49.0,-3.0,3.0,Dome,,,,,,,2,40,1,-1.0,LOSS,UNDER,0.4108707699297156,0.1266335708317728,0.625,0.5737704918032787,6.3125,6.442622950819672,4.2,2.888888888888889,0.8571428571428571,0.8,0.3659488226231015,0.5555555555555556,0.0737041313480598,-0.2109027924120325,0.5370370370370371,0.4189189189189189,7.0,4.554054054054054,2.4615384615384617,1.8333333333333333,0.4285714285714285,0.5,-0.0561236478388309,0.6,0.3371666385816558,0.3375363632438053,0.08796296296296291,0.15485157288435974,-0.6875,1.8885688967656176,1.7384615384615385,1.0555555555555556,0.4285714285714286,0.30000000000000004,0.4220724704619324,-0.0444444444444444,0.6116259063057589,10.5948607711231,9.22222222222222,0.027027027027027,0.0,0.0,0.3150107503768644,18.889621645212173,10.666666666666666,0.0769230769230769,0.0769230769230769,0.0769230769230769,0.2966151559288945,-8.294760874089073,-1.4444444444444464,-0.0498960498960499,-0.0769230769230769,-0.0769230769230769,0,965.1,0.0,0,1,0,0,0,2,-2,0,0,0,2,0,2,0,1,-1,0,2,-2,0,0,0,0,1,-1,0,0,0,0,0,0,0,0,0,0,1.1,-1.1,0,0,0,1,4,-3
401772885,2025,REG,11,2025-11-16,Sunday,16:05,SF,ARI,41,22,Home,7,7,-192,160,-3.5,-105,-115,48.5,-112,-108,1,closed,grass,,,00-0037834,00-0033119,Brock Purdy,Jacoby Brissett,Kyle Shanahan,Jonathan Gannon,PHO00,State Farm Stadium,0.646,0.354,-180,170,-3½+100,+3½-110,62.335,0.3638,0.6332,0.0029,29.47,19.03,48.5,-5.221,5.221,-3.592,3.071,48.5,3.5,-3.5,Dome,,,,,,,-19,63,0,-15.5,LOSS,OVER,-0.2109027924120325,0.0737041313480598,0.4189189189189189,0.5370370370370371,4.554054054054054,7.0,1.8333333333333333,2.4615384615384617,0.5,0.4285714285714285,-0.1552312538697151,0.375,0.1266335708317728,0.4108707699297156,0.5737704918032787,0.625,6.442622950819672,6.3125,2.888888888888889,4.2,0.8,0.8571428571428571,0.2595064709181612,0.375,-0.3375363632438053,-0.3371666385816558,-0.15485157288435974,-0.08796296296296291,-1.8885688967656176,0.6875,-1.0555555555555556,-1.7384615384615385,-0.30000000000000004,-0.4285714285714286,-0.4147377247878763,0.0,-0.2374391830418584,-9.89091832970464,7.363636363636363,0.1,0.0,0.04,0.0842991908952783,-8.329106665946341,8.052631578947368,0.025,0.05,0.025,-0.3217383739371367,-1.5618116637582986,-0.6889952153110048,0.07500000000000001,-0.05,0.015,0,607.9,1.0,0,1,0,0,7,0,7,0,0,0,6,1,5,4,0,4,7,0,7,0,0,0,1,0,1,1,0,1,1,0,1,1,0,1,1.62,0,1.62,2.32,0,2.32,0,1,-1
401772777,2025,REG,11,2025-11-16,Sunday,16:25,BAL,CLE,23,16,Home,7,7,-440,340,-7.5,-105,-115,37.5,-105,-115,1,outdoors,grass,44.0,20.0,00-0034796,00-0040704,Lamar Jackson,Dillon Gabriel,John Harbaugh,Kevin Stefanski,CLE00,FirstEnergy Stadium,0.725,0.275,-420,370,-7½+100,+7½-105,53.508,0.2111,0.7871,0.0017,31.22,6.78,38.0,-12.22,12.22,-9.821,4.228,38.0,7.5,-7.5,Grass,Partly Cloudy Day,43.0,,,23.9,290.0,-7,39,0,0.5,WIN,OVER,-0.0823937505071805,-0.2945570166919674,0.3428571428571428,0.2222222222222222,3.971428571428572,3.8,1.6666666666666667,1.75,0.6666666666666666,0.4,-0.0614930294983458,0.375,-0.0040036433951885,-0.1605775658064946,0.4696969696969697,0.3709677419354839,4.909090909090909,5.887096774193548,2.076923076923077,1.4615384615384617,0.4,0.5,0.0669976521271746,0.4,-0.078390107111992,-0.13397945088547278,-0.12683982683982692,-0.14874551971326166,-0.9376623376623372,-2.087096774193548,-0.41025641025641035,0.2884615384615383,0.2666666666666666,-0.09999999999999998,-0.1284906816255204,-0.025000000000000022,-0.19446130015188,-16.412143409252167,6.25,0.1578947368421052,0.0,0.0,-0.044832146798654,-13.4963293160711,4.103448275862069,0.032258064516129,0.0,0.0,-0.14962915335322602,-2.9158140931810674,2.1465517241379306,0.1256366723259762,0.0,0.0,0,308.3,0.0,1,0,0,0,1,4,-3,0,0,0,1,1,0,0,1,-1,1,4,-3,0,0,0,0,0,0,0,0,0,0,0,0,0,1,-1,0,0.88,-0.88,0.39,0.69,-0.3,1,1,0
401772778,2025,REG,11,2025-11-16,Sunday,16:25,KC,DEN,19,22,Home,14,10,-218,180,-3.5,-120,100,44.5,-110,-110,1,outdoors,grass,70.0,6.0,00-0033873,00-0039732,Patrick Mahomes,Bo Nix,Andy Reid,Sean Payton,DEN00,Empower Field at Mile High,0.597,0.403,-210,195,-4-108,+4-108,83.862,0.399,0.5977,0.0032,26.77,18.73,45.5,-4.017,4.017,2.201,7.67,45.5,4.0,-4.0,Grass,Clear Day,70.2,,,8.4,88.0,3,41,1,6.5,WIN,UNDER,-0.2522768672431431,-0.3900550544295579,0.4,0.3275862068965517,4.036363636363636,3.2413793103448274,0.7692307692307693,0.5384615384615384,0.3333333333333333,1.0,-0.0262170399000751,0.3333333333333333,,,,,,,,,,,,,,,,,,,,,,,,,-0.2256553967879638,-7.191638206994092,8.821428571428571,0.0344827586206896,0.0689655172413793,0.0,-0.0442821273108884,-4.389766269716724,14.5,0.0789473684210526,0.0263157894736842,0.0,-0.1813732694770754,-2.801871937277368,-5.678571428571429,-0.044464609800363,0.0426497277676951,0.0,-4,564.3,1.0,1,0,0,0,5,1,4,0,0,0,1,0,1,3,1,2,5,1,4,0,0,0,0,0,0,1,1,0,1,0,1,1,0,1,0.77,0.58,0.19,1.76,0,1.76,1,2,-1
401772928,2025,REG,11,2025-11-16,Sunday,20:20,DET,PHI,9,16,Home,7,6,130,-155,2.5,-102,-118,46.5,-108,-112,0,outdoors,grass,45.0,15.0,00-0033106,00-0036389,Jared Goff,Jalen Hurts,Dan Campbell,Nick Sirianni,PHI00,Lincoln Financial Field,0.473,0.527,125,-130,+3-110,-2½+100,86.895,0.506,0.49,0.0039,22.15,23.35,45.5,0.596,-0.596,4.611,5.719,45.5,-2.5,2.5,Grass,Partly Cloudy Night,46.4,,,20.1,298.0,7,25,1,4.5,WIN,UNDER,-0.0782126109071839,-0.1731619742465758,0.3333333333333333,0.3846153846153846,4.9,4.015384615384615,1.0,0.7,0.5,1.0,-0.1386561453857991,0.4375,0.4821581306170442,0.1731735361537983,0.582089552238806,0.4615384615384615,8.164179104477611,5.557692307692308,4.888888888888889,2.4444444444444446,0.7142857142857143,1.0,0.4065677220647393,0.5,-0.560370741524228,-0.34633551040037414,-0.24875621890547267,-0.07692307692307693,-3.264179104477611,-1.542307692307693,-3.8888888888888893,-1.7444444444444447,-0.2142857142857143,0.0,-0.5452238674505384,-0.0625,0.3266932979044773,-0.7928240558375484,8.807692307692308,0.0,0.0,0.0,0.7679886980801437,14.49127366145452,4.9393939393939394,0.0,0.0,0.0,-0.4412954001756664,-15.284097717292068,3.868298368298369,0.0,0.0,0.0,-1,443.1,0.0,0,1,0,0,0,8,-8,0,0,0,1,7,-6,0,3,-3,0,4,-4,0,0,0,0,0,0,0,1,-1,0,0,0,0,2,-2,0,0.76,-0.76,0,2.39,-2.39,1,0,1
401772819,2025,REG,11,2025-11-17,Monday,20:15,DAL,LV,33,16,Home,14,11,-198,164,-3.5,-115,-105,48.5,-115,-105,0,dome,grass,,,00-0033077,00-0030565,Dak Prescott,Geno Smith,Brian Schottenheimer,Pete Carroll,VEG00,Allegiant Stadium,0.637,0.363,-200,175,-3½-105,+3½-105,37.948,0.4063,0.5903,0.0032,27.59,20.91,48.5,-3.336,3.336,-4.937,-0.144,48.5,3.5,-3.5,Dome,,,,,,,-17,49,0,-13.5,LOSS,OVER,-0.3900550544295579,-0.2522768672431431,0.3275862068965517,0.4,3.2413793103448274,4.036363636363636,0.5384615384615384,0.7692307692307693,1.0,0.3333333333333333,-0.3488867075079941,0.2666666666666666,,,,,,,,,,,,,,,,,,,,,,,,,-0.5099858345441184,-6.650788336992264,2.1923076923076925,0.1875,0.03125,0.0,-0.1221478644760541,-0.4851244390010834,10.256410256410255,0.1162790697674418,0.0232558139534883,0.0,-0.3878379700680643,-6.16566389799118,-8.064102564102562,0.0712209302325582,0.007994186046511701,0.0,-3,1054.9,2.0,1,0,0,0,1,1,0,0,0,0,0,4,-4,0,0,0,0,1,-1,0,0,0,0,0,0,0,0,0,0,0,0,0,0,0,0,0,0,0,0.39,-0.39,1,5,-4
401772946,2025,REG,12,2025-11-20,Thursday,20:15,BUF,HOU,19,23,Home,4,4,-258,210,-5.5,-108,-112,43.5,-105,-115,0,closed,astroturf,,,00-0034857,00-0036898,Josh Allen,Davis Mills,Sean McDermott,DeMeco Ryans,HOU00,NRG Stadium,0.755,0.245,-235,225,-4½-105,+5-110,75.69,0.3618,0.6352,0.0029,27.34,17.16,44.5,-5.091,5.091,-2.408,3.91,44.5,4.5,-4.5,Dome,,,,,,,4,42,1,9.5,WIN,UNDER,-0.0664527829472975,-0.1197704268651241,0.4117647058823529,0.3684210526315789,4.632352941176471,4.017543859649122,1.4545454545454546,1.181818181818182,0.3333333333333333,1.0,0.0516321126057629,0.3076923076923077,0.2434394903518991,0.0539037444374042,0.4629629629629629,0.4347826086956521,7.666666666666667,5.333333333333333,4.0,2.4615384615384617,0.8571428571428571,0.6666666666666666,0.033916948508704,0.5454545454545454,-0.3098922732991966,-0.1736741713025283,-0.05119825708060999,-0.06636155606407318,-3.034313725490196,-1.3157894736842106,-2.5454545454545454,-1.2797202797202796,-0.5238095238095237,0.33333333333333337,0.0177151640970589,-0.2377622377622377,-0.0035110788464962,-0.0250671803951263,8.536585365853659,0.0888888888888888,0.0,0.0,0.4013181551166642,-0.8126414815584815,11.533333333333331,0.0,0.064516129032258,0.0,-0.4048292339631604,0.7875743011633551,-2.9967479674796724,0.0888888888888888,-0.064516129032258,0.0,0,1290.1,1.0,1,0,0,0,3,3,0,0,0,0,0,1,-1,2,2,0,2,3,-1,1,0,1,0,0,0,0,2,-2,0,0,0,1,0,1,0.32,0.83,-0.51,1,0,1,1,1,0
401772779,2025,REG,12,2025-11-23,Sunday,13:00,IND,KC,20,23,Home,14,7,180,-218,3.5,100,-120,50.5,-112,-108,0,outdoors,grass,,,00-0035710,00-0033873,Daniel Jones,Patrick Mahomes,Shane Steichen,Andy Reid,KAN00,GEHA Field at Arrowhead Stadium,0.34,0.66,200,-225,+4+100,-4½-105,89.536,0.6171,0.3798,0.003,20.23,29.27,49.5,4.522,-4.522,7.333,4.657,49.5,-4.5,4.5,Grass,Partly Cloudy Day,49.8,,,4.9,202.0,3,43,1,-0.5,LOSS,UNDER,0.0453564209627247,0.0327460057346415,0.4354838709677419,0.45,5.016129032258065,5.716666666666667,1.9,2.2,0.4,0.2,0.0099978248399565,0.3846153846153846,,,,,,,,,,,,,,,,,,,,,,,,,0.0239842054521806,-2.789257778677829,7.2,0.0625,0.0208333333333333,0.0,-0.0621570145456309,3.072657034947322,8.038461538461538,0.2058823529411764,0.0294117647058823,0.088235294117647,0.08614121999781149,-5.861914813625151,-0.8384615384615381,-0.1433823529411764,-0.008578431372549,-0.088235294117647,-7,446.7,1.0,1,0,0,0,1,1,0,0,0,0,2,0,2,1,0,1,1,0,1,0,0,0,0,0,0,1,0,1,0,0,0,0,0,0,0.58,0,0.58,0,0,0,1,0,1
401772780,2025,REG,12,2025-11-23,Sunday,13:00,PIT,CHI,28,31,Home,7,7,130,-155,3.0,-115,-105,46.5,-108,-112,0,outdoors,grass,51.0,3.0,00-0034771,00-0039918,Mason Rudolph,Caleb Williams,Mike Tomlin,Ben Johnson,CHI98,Soldier Field,0.454,0.546,135,-140,+3-115,-2½-110,44.132,0.5006,0.4953,0.0039,23.43,23.57,47.0,0.067,-0.067,-1.38,0.341,47.0,-2.5,2.5,Grass,Partly Cloudy Day,51.4,,,2.3,,3,59,1,0.0,PUSH,OVER,-0.0475844152494686,-0.1925306380841452,0.4520547945205479,0.4259259259259259,4.383561643835616,4.907407407407407,1.5833333333333333,1.3076923076923077,0.3333333333333333,0.6666666666666666,-0.0630900058593728,0.3888888888888889,0.1992746811569684,-0.236713407700129,0.4406779661016949,0.3333333333333333,5.830508474576271,4.73015873015873,2.2,1.2,0.3333333333333333,0.3333333333333333,0.1080520314339082,0.5384615384615384,-0.246859096406437,0.0441827696159838,0.011376828418853013,0.09259259259259256,-1.4469468307406546,0.1772486772486772,-0.6166666666666669,0.10769230769230775,0.0,0.3333333333333333,-0.17114203729328098,-0.14957264957264954,-0.0278962293702146,-9.485139059168953,12.03125,0.0588235294117647,0.0,0.0,0.6701058717606669,12.152201788766044,3.1875,0.0,0.0,0.0,-0.6980021011308816,-21.637340847934997,8.84375,0.0588235294117647,0.0,0.0,0,407.2,1.0,1,0,0,0,5,0,5,0,1,-1,4,3,1,3,0,3,3,0,3,0,0,0,0,0,0,0,0,0,3,0,3,0,0,0,0.01,0,0.01,2.72,0,2.72,0,1,-1
401772781,2025,REG,12,2025-11-23,Sunday,13:00,NE,CIN,26,20,Home,10,7,-395,310,-7.5,-108,-112,50.5,-102,-118,0,outdoors,fieldturf,54.0,7.0,00-0039851,00-0026158,Drake Maye,Joe Flacco,Mike Vrabel,Zac Taylor,CIN00,Paycor Stadium,0.817,0.183,-350,320,-7-108,+7+100,54.587,0.4116,0.585,0.0033,28.73,21.77,50.5,-3.48,3.48,-4.473,0.381,50.5,7.0,-7.0,Turf,Clear Day,54.9,,,2.8,337.0,-6,46,0,1.5,WIN,UNDER,-0.236713407700129,0.1992746811569684,0.3333333333333333,0.4406779661016949,4.73015873015873,5.830508474576271,1.2,2.2,0.3333333333333333,0.3333333333333333,-0.2057424025577189,0.4666666666666667,0.1668583017939271,-0.0850973869776026,0.4833333333333333,0.4736842105263157,5.65,4.298245614035087,2.7,1.5555555555555556,0.6,0.6666666666666666,0.1260697593663721,0.5,-0.4035717094940561,0.284372068134571,-0.14999999999999997,-0.0330062444246208,-0.9198412698412701,1.5322628605411834,-1.5000000000000002,0.6444444444444446,-0.26666666666666666,-0.3333333333333333,-0.331812161924091,-0.033333333333333326,-0.2275460624896104,-9.606239810968058,7.125,0.024390243902439,0.024390243902439,0.0,0.3498868039615085,13.539707118814642,11.735294117647058,0.0285714285714285,0.0,0.0,-0.5774328664511189,-23.1459469297827,-4.610294117647058,-0.0041811846689895,0.024390243902439,0.0,-3,724.5,0.0,1,0,0,0,5,1,4,1,0,1,0,2,-2,2,0,2,2,0,2,0,0,0,0,0,0,0,0,0,1,0,1,1,0,1,0.3,0,0.3,0.61,0.37,0.24,1,1,0
401772782,2025,REG,12,2025-11-23,Sunday,13:00,NYJ,BAL,10,23,Home,10,7,675,-1050,14.0,-110,-110,44.5,-102,-118,0,outdoors,grass,54.0,3.0,00-0028118,00-0034796,Tyrod Taylor,Lamar Jackson,Aaron Glenn,John Harbaugh,BAL00,M&T Bank Stadium,0.172,0.828,800,-1100,+14½-110,-14-108,45.132,0.7985,0.1998,0.0016,9.02,35.48,44.5,13.232,-13.232,4.114,-7.582,44.5,-14.0,14.0,Grass,Partly Cloudy Day,57.0,,,6.4,233.0,13,33,1,-1.0,LOSS,UNDER,-0.0883295588667407,-0.4091096535774217,0.4310344827586206,0.2962962962962963,6.086206896551724,3.462962962962963,1.9166666666666667,0.7692307692307693,0.4,0.0,-0.222318537535929,0.3846153846153846,-0.0850973869776026,0.1668583017939271,0.4736842105263157,0.4833333333333333,4.298245614035087,5.65,1.5555555555555556,2.7,0.6666666666666666,0.6,-0.2076299934886351,0.5714285714285714,-0.0032321718891381024,-0.5759679553713488,-0.0426497277676951,-0.187037037037037,1.7879612825166369,-2.1870370370370376,0.36111111111111116,-1.930769230769231,-0.2666666666666666,-0.6,-0.014688544047293917,-0.18681318681318682,-0.4282684914929558,-8.797862887382506,7.96,0.1666666666666666,0.0666666666666666,0.0,-0.170598080045637,-8.843950182199478,12.727272727272728,0.12,0.08,0.0,-0.25767041144731884,0.0460872948169726,-4.767272727272728,0.046666666666666606,-0.013333333333333405,0.0,-3,171.5,0.0,1,0,0,0,2,0,2,0,0,0,0,4,-4,0,0,0,2,0,2,0,0,0,0,0,0,0,0,0,0,0,0,0,0,0,0.61,0,0.61,0.33,0,0.33,0,2,-2
401772886,2025,REG,12,2025-11-23,Sunday,13:00,SEA,TEN,30,24,Home,7,7,-950,625,-12.5,-115,-105,41.5,-110,-110,0,outdoors,grass,55.0,1.0,00-0034869,00-0040676,Sam Darnold,Cam Ward,Mike Macdonald,Brian Callahan,NAS00,Nissan Stadium,0.897,0.103,-850,650,-12½-108,+12½-108,39.576,0.2377,0.7603,0.0019,31.36,10.14,41.5,-10.607,10.607,-9.058,3.648,41.5,12.5,-12.5,Grass,Clear Day,60.0,,,1.8,15.0,-6,54,0,6.5,WIN,OVER,-0.1197704268651241,-0.0664527829472975,0.3684210526315789,0.4117647058823529,4.017543859649122,4.632352941176471,1.181818181818182,1.4545454545454546,1.0,0.3333333333333333,-0.1221536046817034,0.4,-0.1996551647972019,-0.1738819580816198,0.4556962025316455,0.38,5.2405063291139244,4.98,1.5833333333333333,1.75,0.25,0.75,-0.1247023078270928,0.4375,0.07988473793207782,0.10742917513432229,-0.08727514990006657,0.03176470588235292,-1.222962469464802,-0.3476470588235294,-0.40151515151515116,-0.2954545454545454,0.75,-0.4166666666666667,0.0025487031453893944,-0.03749999999999998,-0.067954211509933,-1.9957180238432355,7.243243243243243,0.075,0.0,0.025,-0.298557576536134,0.0185575513612656,7.772727272727272,0.0,0.0909090909090909,0.0,0.23060336502620102,-2.014275575204501,-0.5294840294840286,0.075,-0.0909090909090909,0.025,0,1970.6,2.0,0,1,0,0,3,2,1,0,0,0,3,4,-1,2,0,2,2,2,0,0,0,0,0,0,0,1,0,1,0,0,0,1,0,1,0.85,0.73,0.12,0.47,0,0.47,1,2,-1
401772887,2025,REG,12,2025-11-23,Sunday,13:00,MIN,GB,6,23,Home,7,7,235,-290,6.5,-112,-108,41.5,-112,-108,1,outdoors,grass,43.0,10.0,00-0039923,00-0036264,J.J. McCarthy,Jordan Love,Kevin O'Connell,Matt LaFleur,GNB00,Lambeau Field,0.219,0.781,245,-275,+6½-110,-6-108,57.579,0.7155,0.2822,0.0022,12.16,29.34,41.5,8.59,-8.59,4.336,-2.813,41.5,-6.5,6.5,Grass,Clear Day,42.2,,,8.1,260.0,17,29,1,10.5,WIN,UNDER,0.3496134796438989,0.1518439626340884,0.4807692307692308,0.4705882352941176,5.730769230769231,4.955882352941177,3.375,2.0,1.0,0.6,0.2085328283530543,0.6363636363636364,-0.1925306380841452,-0.0475844152494686,0.4259259259259259,0.4520547945205479,4.907407407407407,4.383561643835616,1.3076923076923077,1.5833333333333333,0.6666666666666666,0.3333333333333333,-0.1117348280469221,0.2727272727272727,0.542144117728044,0.199428377883557,0.05484330484330491,0.018533440773569665,0.8233618233618234,0.5723207091055604,2.0673076923076925,0.41666666666666674,0.33333333333333337,0.26666666666666666,0.3202676563999764,0.36363636363636365,0.3855101049385137,-1.8089668258376743,12.083333333333334,0.074074074074074,0.0,0.0,-0.4081848782092017,-15.244286600500343,9.65625,0.0,0.0625,0.0,0.7936949831477154,13.43531977466267,2.427083333333334,0.074074074074074,-0.0625,0.0,0,257.1,0.0,0,1,0,0,2,0,2,1,0,1,6,2,4,0,0,0,1,0,1,0,0,0,0,0,0,0,0,0,0,0,0,0,0,0,0.07,0,0.07,0.33,0,0.33,3,0,3
401772888,2025,REG,12,2025-11-23,Sunday,13:00,NYG,DET,27,34,Home,7,7,675,-1050,14.0,-115,-105,50.5,100,-120,0,dome,fieldturf,,,00-0031503,00-0033106,Jameis Winston,Jared Goff,Brian Daboll,Dan Campbell,DET00,Ford Field,0.195,0.805,750,-1100,+14½-110,-14-108,58.145,0.7215,0.2762,0.0022,15.94,34.56,50.5,9.314,-9.314,5.027,-2.751,50.5,-14.0,14.0,Dome,,,,,,,7,61,1,-7.0,LOSS,OVER,-0.400764525954852,-0.2294467512284282,0.3389830508474576,0.3676470588235294,5.389830508474576,4.014705882352941,0.6923076923076923,1.2307692307692308,0.0,0.3333333333333333,-0.0584197389174866,0.2307692307692307,0.1518439626340884,0.3496134796438989,0.4705882352941176,0.4807692307692308,4.955882352941177,5.730769230769231,2.0,3.375,0.6,1.0,0.0504267464485019,0.5,-0.5526084885889404,-0.579060230872327,-0.13160518444665997,-0.1131221719457014,0.4339481555333995,-1.7160633484162897,-1.3076923076923077,-2.144230769230769,-0.6,-0.6666666666666667,-0.1088464853659885,-0.2692307692307693,-0.3657237643507866,-30.07149224479993,6.648648648648648,0.0512820512820512,0.0256410256410256,0.0,0.2064452518562546,0.5008329605234083,7.551724137931035,0.064516129032258,0.032258064516129,0.032258064516129,-0.5721690162070412,-30.572325205323338,-0.9030754892823865,-0.013234077750206796,-0.006617038875103398,-0.032258064516129,0,475.3,0.0,1,0,0,0,5,4,1,0,0,0,8,3,5,2,3,-1,3,3,0,0,1,-1,0,0,0,0,0,0,0,1,-1,2,1,1,0,0.71,-0.71,1.61,1.14,0.47,1,1,0
401772783,2025,REG,12,2025-11-23,Sunday,16:05,JAX,ARI,27,24,Home,7,7,-135,114,-2.5,-108,-112,47.5,-115,-105,0,closed,grass,,,00-0036971,00-0033119,Trevor Lawrence,Jacoby Brissett,Liam Coen,Jonathan Gannon,PHO00,State Farm Stadium,0.647,0.353,-117,110,-1½-108,+2-110,52.572,0.4621,0.5341,0.0037,25.13,21.87,47.0,-1.627,1.627,-3.414,-0.027,47.0,2.5,-2.5,Dome,,,,,,,-3,51,0,-0.5,LOSS,OVER,0.06146275520746,0.1911891561635355,0.5068493150684932,0.54,6.684931506849315,5.68,2.0,3.4166666666666665,0.6,0.8333333333333334,0.0946402956778592,0.4285714285714285,0.0795925608047358,-0.5113474807938482,0.5217391304347826,0.3111111111111111,5.0,3.0,3.5,0.6666666666666666,0.8333333333333334,0.0,0.1017836430002245,0.5,-0.018129805597275797,0.7025366369573837,-0.014889815366289416,0.22888888888888892,1.6849315068493151,2.6799999999999997,-1.5,2.75,-0.2333333333333334,0.8333333333333334,-0.0071433473223652955,-0.07142857142857151,0.1588437223533718,12.436020800045558,6.807017543859649,0.0,0.0344827586206896,0.0,0.1085340450504604,-1.569854535839774,8.818181818181818,0.0,0.0454545454545454,0.0,0.0503096773029114,14.005875335885332,-2.0111642743221694,0.0,-0.010971786833855801,0.0,0,1803.0,2.0,1,0,0,0,6,5,1,0,0,0,5,3,2,1,4,-3,5,5,0,0,0,0,0,1,-1,1,2,-1,0,1,-1,0,0,0,1.64,2.25,-0.61,0.58,0.65,-0.07,5,0,5
401772784,2025,REG,12,2025-11-23,Sunday,16:05,CLE,LV,24,10,Home,7,6,136,-162,3.0,-105,-115,35.5,-102,-118,0,dome,grass,,,00-0040668,00-0030565,Shedeur Sanders,Geno Smith,Kevin Stefanski,Pete Carroll,VEG00,Allegiant Stadium,0.333,0.667,150,-157,+3+100,-3-108,20.536,0.6492,0.3479,0.0027,12.22,23.78,36.0,5.777,-5.777,-5.723,-10.075,36.0,-3.0,3.0,Dome,,,,,,,-14,34,0,-17.0,LOSS,UNDER,-0.2175259724933823,0.133676514525338,0.4210526315789473,0.5573770491803278,4.157894736842105,6.311475409836065,1.4545454545454546,3.1,0.25,0.6,-0.1783119606843684,0.25,-0.4091096535774217,-0.0883295588667407,0.2962962962962963,0.4310344827586206,3.462962962962963,6.086206896551724,0.7692307692307693,1.9166666666666667,0.0,0.4,-0.0766252720435985,0.1428571428571428,0.1915836810840394,0.22200607339207867,0.12475633528265101,0.12634256642170721,0.6949317738791425,0.22526851328434105,0.6853146853146853,1.1833333333333333,0.25,0.19999999999999996,-0.10168668864076989,0.1071428571428572,-0.3093915774659626,-3.2263241517238126,5.238095238095238,0.0869565217391304,0.0217391304347826,0.0,-0.8004659601526024,-34.8081511259079,6.875,0.1111111111111111,0.0555555555555555,0.0555555555555555,0.49107438268663983,31.581826974184086,-1.6369047619047619,-0.0241545893719807,-0.033816425120772896,-0.0555555555555555,-1,1829.5,3.0,1,0,0,0,0,3,-3,0,0,0,0,1,-1,0,1,-1,0,2,-2,0,1,-1,0,0,0,0,0,0,0,0,0,0,0,0,0,0.79,-0.79,0,0.39,-0.39,2,1,1
401772889,2025,REG,12,2025-11-23,Sunday,16:25,ATL,NO,24,10,Home,7,14,102,-122,1.5,-112,-108,41.5,-118,-102,1,dome,sportturf,,,00-0029604,00-0040743,Kirk Cousins,Tyler Shough,Raheem Morris,Kellen Moore,NOR00,Mercedes-Benz Superdome,0.484,0.516,105,-120,+1½-108,-1-110,23.58,0.4568,0.5395,0.0036,21.74,19.26,41.0,-1.243,1.243,-6.312,-2.973,41.0,-1.5,1.5,Dome,,,,,,,-14,34,0,-15.5,LOSS,UNDER,,,,,,,,,,,,,0.1268176983032879,0.127489491936762,0.5172413793103449,0.4078947368421052,6.0,6.434210526315789,2.076923076923077,2.5,1.0,0.4285714285714285,0.2427646150001934,0.3636363636363636,,,,,,,,,,,,,0.4061040481785621,10.37093412417632,9.592592592592592,0.0689655172413793,0.0,0.0,-0.271084169004441,-27.47061061007636,9.0,0.0,0.0,0.0,0.677188217183003,37.84154473425268,0.5925925925925917,0.0689655172413793,0.0,0.0,7,424.4,1.0,1,0,0,0,2,5,-3,0,0,0,2,3,-1,0,3,-3,1,4,-3,0,0,0,0,0,0,0,1,-1,0,1,-1,0,1,-1,0.5,0.92,-0.42,0,1.58,-1.58,0,1,-1
401772890,2025,REG,12,2025-11-23,Sunday,16:25,PHI,DAL,21,24,Home,7,6,-162,136,-3.0,-105,-115,47.5,100,-120,1,closed,matrixturf,,,00-0036389,00-0033077,Jalen Hurts,Dak Prescott,Nick Sirianni,Brian Schottenheimer,DAL00,AT&T Stadium,0.61,0.39,-150,140,-2½-110,+3-115,70.409,0.4223,0.5743,0.0033,26.63,21.37,48.0,-2.632,2.632,0.486,4.667,48.0,3.0,-3.0,Dome,,,,,,,3,45,1,6.0,WIN,UNDER,0.133676514525338,-0.2175259724933823,0.5573770491803278,0.4210526315789473,6.311475409836065,4.157894736842105,3.1,1.4545454545454546,0.6,0.25,0.1757342885888647,0.4,-0.2294467512284282,-0.400764525954852,0.3676470588235294,0.3389830508474576,4.014705882352941,5.389830508474576,1.2307692307692308,0.6923076923076923,0.3333333333333333,0.0,-0.0961253061899557,0.2666666666666666,0.3631232657537662,0.18323855346146972,0.18972999035679844,0.08206958073148968,2.296769527483124,-1.2319357716324708,1.8692307692307693,0.7622377622377623,0.26666666666666666,0.25,0.2718595947788204,0.13333333333333341,0.2518439072140119,8.717983216047287,7.03030303030303,0.0294117647058823,0.0,0.0294117647058823,-0.2892861380799338,-9.799184732966951,12.928571428571429,0.0344827586206896,0.0,0.0,0.5411300452939457,18.517167949014237,-5.8982683982683985,-0.005070993914807299,0.0,0.0294117647058823,-1,1312.5,1.0,1,0,0,0,0,1,-1,0,0,0,2,3,-1,0,1,-1,0,1,-1,0,0,0,0,1,-1,0,0,0,0,0,0,0,0,0,0,0.19,-0.19,0,0,0,3,2,1
401772929,2025,REG,12,2025-11-23,Sunday,20:20,TB,LA,7,34,Home,7,7,295,-375,7.0,-110,-110,49.5,100,-120,0,dome,matrixturf,,,00-0034855,00-0026498,Baker Mayfield,Matthew Stafford,Todd Bowles,Sean McVay,LAX01,SoFi Stadium,0.235,0.765,325,-340,+7+105,-7-110,73.885,0.6479,0.3492,0.0028,19.41,30.59,50.0,5.587,-5.587,5.206,0.87,50.0,-7.0,7.0,Dome,,,,,,,27,41,1,20.0,WIN,UNDER,-0.1738819580816198,-0.1996551647972019,0.38,0.4556962025316455,4.98,5.2405063291139244,1.75,1.5833333333333333,0.75,0.25,-0.1219481389109407,0.1818181818181818,0.0539037444374042,0.2434394903518991,0.4347826086956521,0.4629629629629629,5.333333333333333,7.666666666666667,2.4615384615384617,4.0,0.6666666666666666,0.8571428571428571,-0.0354787364741787,0.5625,-0.227785702519024,-0.443094655149101,-0.0547826086956521,-0.0072667604313174095,-0.3533333333333326,-2.4261603375527425,-0.7115384615384617,-2.416666666666667,0.08333333333333337,-0.6071428571428571,-0.08646940243676199,-0.38068181818181823,-0.1446402200360483,-16.569474449864142,5.214285714285714,0.0,0.0,0.0,-0.2889947114549808,-8.347461952103508,7.0,0.032258064516129,0.032258064516129,0.032258064516129,0.1443544914189325,-8.222012497760634,-1.7857142857142856,-0.032258064516129,-0.032258064516129,-0.032258064516129,0,2151.7,3.0,1,0,0,0,0,4,-4,0,0,0,1,3,-2,0,4,-4,0,4,-4,0,0,0,0,1,-1,0,1,-1,0,1,-1,0,1,-1,0,0.7,-0.7,0,0.69,-0.69,4,0,4
401772820,2025,REG,12,2025-11-24,Monday,20:15,CAR,SF,9,20,Home,8,8,310,-395,7.5,-115,-105,48.5,-105,-115,0,outdoors,grass,58.0,3.0,00-0039150,00-0037834,Bryce Young,Brock Purdy,Dave Canales,Kyle Shanahan,SFO01,Levi's Stadium,0.194,0.806,340,-370,+7+110,-7-120,50.077,0.7316,0.2662,0.0021,15.08,33.92,49.0,9.417,-9.417,3.555,-4.403,49.0,-7.5,7.5,Grass,Clear Night,58.9,,,2.5,6.0,11,29,1,3.5,WIN,UNDER,0.1911891561635355,0.06146275520746,0.54,0.5068493150684932,5.68,6.684931506849315,3.4166666666666665,2.0,0.8333333333333334,0.6,0.2500482636770779,0.3333333333333333,0.127489491936762,0.1268176983032879,0.4078947368421052,0.5172413793103449,6.434210526315789,6.0,2.5,2.076923076923077,0.4285714285714285,1.0,0.1942990798382267,0.3529411764705882,0.06369966422677348,-0.0653549430958279,0.13210526315789484,-0.010392064241851684,-0.7542105263157897,0.6849315068493151,0.9166666666666665,-0.0769230769230771,0.4047619047619049,-0.4,0.05574918383885119,-0.019607843137254888,0.3086676985454571,10.061668038368223,7.230769230769231,0.0357142857142857,0.0,0.0,0.2738850574741784,2.1731023761359127,6.177777777777778,0.0961538461538461,0.0,0.0,0.03478264107127871,7.888565662232311,1.0529914529914528,-0.060439560439560405,0.0,0.0,0,2276.0,3.0,1,0,0,0,2,3,-1,1,0,1,1,0,1,2,3,-1,2,3,-1,0,0,0,0,1,-1,0,0,0,1,2,-1,0,0,0,0,1,-1,0.3,1.42,-1.12,0,0,0
401772891,2025,REG,13,2025-11-27,Thursday,13:00,GB,DET,31,24,Home,4,4,130,-155,2.5,105,-125,48.5,-110,-110,1,dome,fieldturf,,,00-0036264,00-0033106,Jordan Love,Jared Goff,Matt LaFleur,Dan Campbell,DET00,Ford Field,0.442,0.558,155,-165,+3-105,-3-105,85.153,0.5395,0.4568,0.0036,22.5,25.5,48.0,1.499,-1.499,4.889,4.893,48.0,-3.0,3.0,Dome,,,,,,,-7,55,0,-9.5,LOSS,OVER,0.1483890134340575,0.1166723676851344,0.5079365079365079,0.3684210526315789,7.841269841269841,6.815789473684211,2.6153846153846154,2.25,0.6666666666666666,0.6,0.2774397618535706,0.4166666666666667,0.0244950877624683,-0.4293800763333902,0.4761904761904761,0.3863636363636363,4.603174603174603,3.2954545454545454,2.090909090909091,0.6666666666666666,0.5,0.0,0.0906640870629676,0.5,0.1238939256715892,0.5460524440185246,0.0317460317460318,-0.01794258373205737,3.238095238095238,3.520334928229665,0.5244755244755246,1.5833333333333335,0.16666666666666663,0.6,0.18677567479060303,-0.08333333333333331,-0.1442839978989492,-2.8875761910488733,5.261904761904762,0.0697674418604651,0.0232558139534883,0.0,0.2495799367813587,4.44863498210907,8.380952380952381,0.0454545454545454,0.0,0.0,-0.3938639346803079,-7.336211173157944,-3.1190476190476195,0.0243128964059197,0.0232558139534883,0.0,0,292.6,1.0,0,1,0,0,5,4,1,0,0,0,8,4,4,4,1,3,4,3,1,0,0,0,1,0,1,2,1,1,0,0,0,1,0,1,2.28,0.19,2.09,0.83,0.23,0.6,2,1,1
401772694,2025,REG,13,2025-11-27,Thursday,16:30,KC,DAL,28,31,Home,4,4,-185,154,-3.5,-105,-115,53.5,-110,-110,0,closed,matrixturf,,,00-0033873,00-0033077,Patrick Mahomes,Dak Prescott,Andy Reid,Brian Schottenheimer,DAL00,AT&T Stadium,0.677,0.323,-180,165,-3½+100,+3½-110,78.779,0.3705,0.6265,0.0029,31.65,21.35,53.0,-5.146,5.146,0.771,7.228,53.0,3.5,-3.5,Dome,,,,,,,3,59,1,6.5,WIN,OVER,-0.0215565849243756,0.0619523712625865,0.4307692307692308,0.4137931034482758,7.3076923076923075,5.844827586206897,2.0,1.9090909090909087,0.6,1.0,0.0794081784210552,0.4166666666666667,0.0139626672282768,-0.0042522686329733,0.4456521739130434,0.3877551020408163,5.391304347826087,5.224489795918367,2.090909090909091,1.818181818181818,0.1666666666666666,0.5,-0.0505430159151025,0.4375,-0.0355192521526524,0.0662046398955598,-0.01488294314381261,0.026038001407459488,1.9163879598662206,0.6203377902885299,-0.09090909090909083,0.09090909090909083,0.43333333333333335,0.5,0.1299511943361577,-0.020833333333333315,0.117235732320524,1.4702287742069788,10.166666666666666,0.0277777777777777,0.0277777777777777,0.0,0.166679429265181,1.154380967450696,7.630434782608695,0.0784313725490196,0.0196078431372549,0.0,-0.049443696944657,0.3158478067562829,2.5362318840579707,-0.05065359477124191,0.008169934640522798,0.0,0,459.2,0.0,1,0,0,0,1,3,-2,0,0,0,1,0,1,1,2,-1,1,3,-2,0,0,0,1,1,0,0,0,0,0,0,0,0,1,-1,0.58,0.73,-0.15,0,0.43,-0.43,2,0,2
401772930,2025,REG,13,2025-11-27,Thursday,20:20,CIN,BAL,32,14,Home,4,4,295,-375,7.0,100,-120,52.5,-115,-105,1,outdoors,grass,38.0,11.0,00-0036442,00-0034796,Joe Burrow,Lamar Jackson,Zac Taylor,John Harbaugh,BAL00,M&T Bank Stadium,0.126,0.874,335,-375,+8+102,-7½-110,67.26,0.6728,0.3245,0.0026,19.23,33.27,52.5,7.024,-7.024,4.084,-1.246,52.5,-8.0,8.0,Grass,Partly Cloudy Night,36.0,,,9.2,270.0,-18,46,0,-25.0,LOSS,UNDER,-0.0495388237723009,-0.1701555269350037,0.3214285714285714,0.3508771929824561,4.339285714285714,4.947368421052632,2.090909090909091,1.0,0.4,0.5,-0.0077883403715785,0.1818181818181818,-0.1933742815397273,0.0035673089002694,0.4590163934426229,0.4696969696969697,5.032786885245901,5.954545454545454,1.2727272727272727,1.818181818181818,0.5,0.25,-0.0722163618051651,0.2307692307692307,0.1438354577674264,-0.1737228358352731,-0.1375878220140515,-0.1188197767145136,-0.6935011709601868,-1.0071770334928223,0.8181818181818181,-0.8181818181818179,-0.09999999999999998,0.25,0.0644280214335866,-0.0489510489510489,-0.0029593553843159,1.1591093242168429,9.73913043478261,0.0416666666666666,0.0,0.0,0.0128722563191937,-0.8030536274115244,6.0,0.1333333333333333,0.0,0.0,-0.0158316117035096,1.9621629516283674,3.7391304347826093,-0.0916666666666667,0.0,0.0,0,422.8,0.0,0,1,0,0,2,4,-2,0,0,0,0,1,-1,0,1,-1,2,3,-1,0,0,0,0,0,0,0,0,0,0,1,-1,0,0,0,0.25,0.91,-0.66,0.34,0.32,0.02,0,2,-2
401772621,2025,REG,13,2025-11-28,Friday,15:00,CHI,PHI,24,15,Home,5,5,270,-340,7.0,-105,-115,43.5,-115,-105,0,outdoors,grass,42.0,18.0,00-0039918,00-0036389,Caleb Williams,Jalen Hurts,Ben Johnson,Nick Sirianni,PHI00,Lincoln Financial Field,0.254,0.746,310,-360,+7+105,-7-110,63.672,0.6834,0.314,0.0025,14.28,28.72,43.0,7.216,-7.216,4.446,-1.272,43.0,-7.0,7.0,Grass,Partly Cloudy Day,42.5,,,20.6,282.0,-9,39,0,-16.0,LOSS,UNDER,0.0619523712625865,-0.0215565849243756,0.4137931034482758,0.4307692307692308,5.844827586206897,7.3076923076923075,1.9090909090909087,2.0,1.0,0.6,-0.0287427433725932,0.4166666666666667,0.0137850618496194,0.0010508614814961,0.423728813559322,0.5217391304347826,5.576271186440678,5.0,2.583333333333333,2.0,1.0,0.75,-0.1278063207943421,0.5384615384615384,0.048167309412967096,-0.0226074464058717,-0.009935710111046214,-0.0909698996655518,0.2685563997662186,2.3076923076923075,-0.6742424242424243,0.0,0.0,-0.15000000000000002,0.0990635774217489,-0.12179487179487175,0.2047522968815328,6.52964860200882,7.512820512820513,0.025,0.0,0.0,0.0157912503045165,-3.924371600151062,9.371428571428572,0.0285714285714285,0.0,0.0285714285714285,0.1889610465770163,10.454020202159882,-1.858608058608059,-0.0035714285714284998,0.0,-0.0285714285714285,0,663.7,1.0,0,1,0,0,3,6,-3,0,0,0,0,2,-2,2,5,-3,2,6,-4,0,0,0,1,0,1,1,0,1,0,4,-4,0,1,-1,0.24,0.34,-0.1,0,2.24,-2.24,1,2,-1
401772785,2025,REG,13,2025-11-30,Sunday,13:00,SF,CLE,26,8,Home,6,7,-250,205,-5.5,-108,-112,35.5,-112,-108,0,outdoors,grass,35.0,20.0,00-0037834,00-0040668,Brock Purdy,Shedeur Sanders,Kyle Shanahan,Kevin Stefanski,CLE00,FirstEnergy Stadium,0.778,0.222,-245,210,-5-110,+5½-108,49.43,0.2337,0.7643,0.0018,28.26,6.74,35.0,-10.759,10.759,-9.497,2.981,35.0,5.0,-5.0,Grass,Cloudy,34.0,,,29.8,230.0,-18,34,0,-12.5,LOSS,UNDER,-0.2182791154299415,-0.3811776929274506,0.2553191489361702,0.3066666666666666,5.76595744680851,3.5733333333333333,1.6,0.6666666666666666,0.75,1.0,-0.4915764464348156,0.25,-0.0013478750223231,-0.2006502383043819,0.4558823529411764,0.4090909090909091,5.029411764705882,5.227272727272728,2.0,1.0,0.6666666666666666,0.3333333333333333,-0.0925452868236703,0.5384615384615384,-0.2169312404076184,-0.18052745462306868,-0.2005632040050062,-0.10242424242424253,0.7365456821026282,-1.6539393939393952,-0.3999999999999999,-0.33333333333333337,0.08333333333333337,0.6666666666666667,-0.39903115961114527,-0.28846153846153844,0.0943845343891778,-6.131654812230005,9.75,0.0476190476190476,0.0476190476190476,0.0,-0.0990163432164777,1.4753536321222782,6.09375,0.0,0.09375,0.0,0.1934008776056555,-7.607008444352283,3.65625,0.0476190476190476,-0.0461309523809524,0.0,1,2147.5,3.0,0,1,0,0,3,3,0,0,0,0,1,0,1,1,3,-2,1,3,-2,0,0,0,0,0,0,0,0,0,1,2,-1,0,0,0,0.41,0,0.41,0.45,0.63,-0.18,2,0,2
401772786,2025,REG,13,2025-11-30,Sunday,13:00,JAX,TEN,25,3,Home,7,7,-270,220,-6.0,-108,-112,42.5,-105,-115,1,outdoors,grass,38.0,7.0,00-0036971,00-0040676,Trevor Lawrence,Cam Ward,Liam Coen,Brian Callahan,NAS00,Nissan Stadium,0.783,0.217,-260,245,-6-108,+6-108,29.558,0.3193,0.678,0.0025,28.28,14.22,42.5,-7.028,7.028,-8.745,0.017,42.5,6.0,-6.0,Grass,Partly Cloudy Day,40.8,,,9.0,315.0,-22,28,0,-16.0,LOSS,UNDER,-0.0052869024993849,0.2904392241428071,0.3529411764705882,0.5,4.352941176470588,7.695652173913044,2.0,3.0,0.5,0.6,-0.100327370610268,0.3529411764705882,-0.1880863879612301,-0.1469523248096587,0.4166666666666667,0.4078947368421052,6.2,4.289473684210527,1.9285714285714288,1.3846153846153846,0.6,0.4,0.1210354123334885,0.2727272727272727,0.18279948546184518,0.4373915489524658,-0.06372549019607848,0.0921052631578948,-1.8470588235294123,3.4061784897025165,0.07142857142857117,1.6153846153846154,-0.09999999999999998,0.19999999999999996,-0.2213627829437565,0.0802139037433155,0.0460808462947914,4.87278456750669,4.642857142857143,0.0869565217391304,0.0,0.0,-0.272901763606669,-2.96487808227539,9.033333333333331,0.0909090909090909,0.0909090909090909,0.0303030303030303,0.31898260990146043,7.8376626497820805,-4.390476190476188,-0.003952569169960493,-0.0909090909090909,-0.0303030303030303,0,500.8,1.0,1,0,0,0,4,4,0,0,0,0,5,1,4,2,2,0,3,4,-1,0,0,0,1,1,0,0,0,0,0,1,-1,1,0,1,0.88,1.05,-0.17,0.58,1.15,-0.57,1,1,0
401772787,2025,REG,13,2025-11-30,Sunday,13:00,HOU,IND,20,16,Home,10,7,142,-170,3.0,-105,-115,44.5,-112,-108,1,closed,fieldturf,,,00-0039163,00-0035710,C.J. Stroud,Daniel Jones,DeMeco Ryans,Shane Steichen,IND00,Lucas Oil Stadium,0.345,0.655,150,-158,+3+100,-3+100,75.625,0.6476,0.3496,0.0028,16.53,27.97,44.5,5.719,-5.719,4.76,0.182,44.5,-3.0,3.0,Dome,,,,,,,-4,36,0,-7.0,LOSS,UNDER,-0.0042522686329733,0.0139626672282768,0.3877551020408163,0.4456521739130434,5.224489795918367,5.391304347826087,1.818181818181818,2.090909090909091,0.5,0.1666666666666666,0.0028753073064662,0.3846153846153846,-0.0642635200256155,-0.16421365248833,0.4181818181818181,0.3692307692307692,4.763636363636364,5.030769230769231,1.9166666666666667,1.5833333333333333,0.5,0.4,0.0926096853176464,0.1666666666666666,0.0600112513926422,0.1781763197166068,-0.030426716141001786,0.07642140468227421,0.46085343228200326,0.36053511705685626,-0.09848484848484884,0.5075757575757576,0.0,-0.23333333333333342,-0.0897343780111802,0.21794871794871798,0.0461185979457172,-5.146127554678148,4.483870967741935,0.0,0.0,0.0,0.2571941685653252,-8.056571185588837,8.6,0.1666666666666666,0.0,0.0,-0.21107557061960797,2.910443630910689,-4.116129032258065,-0.1666666666666666,0.0,0.0,-3,870.9,1.0,0,1,0,0,1,2,-1,0,0,0,1,0,1,0,0,0,0,2,-2,0,0,0,0,0,0,0,0,0,0,0,0,0,0,0,0,0,0,0,0,0,1,1,0
401772892,2025,REG,13,2025-11-30,Sunday,13:00,NO,MIA,17,21,Home,7,14,205,-250,5.5,-110,-110,41.5,-105,-115,0,outdoors,grass,76.0,10.0,00-0040743,00-0036212,Tyler Shough,Tua Tagovailoa,Kellen Moore,Mike McDaniel,MIA00,Hard Rock Stadium,0.302,0.698,210,-245,+5½-108,-5½-108,19.496,0.6459,0.3512,0.0028,14.94,26.56,41.5,5.806,-5.806,-3.203,-7.842,41.5,-5.5,5.5,Grass,Rain,76.1,100%,Rain,8.9,56.0,4,38,1,-1.5,LOSS,UNDER,,,,,,,,,,,,,-0.2748235859631686,-0.1122128257256264,0.4102564102564102,0.4444444444444444,3.756410256410256,5.648148148148148,0.3636363636363636,2.0,0.0,0.6666666666666666,-0.1307873788214157,0.3125,,,,,,,,,,,,,0.0852811875604554,2.0625826716423035,6.75,0.1304347826086956,0.0,0.0,-0.2144164045246769,0.0282588459196544,7.302325581395348,0.1041666666666666,0.0208333333333333,0.0,0.2996975920851323,2.034323825722649,-0.5523255813953476,0.02626811594202899,-0.0208333333333333,0.0,7,660.7,1.0,0,1,0,0,0,1,-1,0,0,0,4,1,3,0,1,-1,0,1,-1,0,0,0,0,0,0,0,1,-1,0,0,0,0,0,0,0,0.14,-0.14,0,0,0,3,1,2
401772893,2025,REG,13,2025-11-30,Sunday,13:00,ATL,NYJ,24,27,Home,7,7,-166,140,-3.0,-112,-108,38.5,-105,-115,0,outdoors,fieldturf,43.0,8.0,00-0029604,00-0028118,Kirk Cousins,Tyrod Taylor,Raheem Morris,Aaron Glenn,NYC01,MetLife Stadium,0.573,0.427,-160,145,-3-108,+3-105,23.256,0.4249,0.5716,0.0034,22.17,16.33,38.5,-2.916,2.916,-7.275,-3.025,38.5,3.0,-3.0,Turf,Rain,40.2,100%,Rain,7.3,242.0,3,51,1,6.0,WIN,OVER,-0.1701555269350037,-0.0495388237723009,0.3508771929824561,0.3214285714285714,4.947368421052632,4.339285714285714,1.0,2.090909090909091,0.5,0.4,-0.0270026935190385,0.3636363636363636,-0.1122128257256264,-0.2748235859631686,0.4444444444444444,0.4102564102564102,5.648148148148148,3.756410256410256,2.0,0.3636363636363636,0.6666666666666666,0.0,-0.0155191708841678,0.25,-0.05794270120937729,0.22528476219086768,-0.0935672514619883,-0.08882783882783879,-0.7007797270955161,0.5828754578754585,-1.0,1.7272727272727273,-0.16666666666666663,0.4,-0.0114835226348707,0.11363636363636359,0.0248296675748399,-1.4548066589567397,10.285714285714286,0.0967741935483871,0.032258064516129,0.0,-0.1586098655437762,7.183567732572556,7.3478260869565215,0.12,0.04,0.04,0.1834395331186161,-8.638374391529297,2.937888198757765,-0.0232258064516129,-0.007741935483871004,-0.04,0,747.4,0.0,0,1,0,0,0,3,-3,1,0,1,2,1,1,0,1,-1,0,2,-2,0,0,0,0,0,0,0,1,-1,0,0,0,0,0,0,0,0.92,-0.92,0,0.17,-0.17,1,4,-3
401772894,2025,REG,13,2025-11-30,Sunday,13:00,LA,CAR,28,31,Home,7,6,-575,425,-10.0,-110,-110,44.5,-105,-115,0,outdoors,grass,45.0,3.0,00-0026498,00-0039150,Matthew Stafford,Bryce Young,Sean McVay,Dave Canales,CAR00,Bank of America Stadium,0.868,0.132,-470,400,-10-108,+10-108,55.285,0.2795,0.7182,0.0022,31.12,13.88,45.0,-8.623,8.623,-4.433,5.882,45.0,10.0,-10.0,Grass,Cloudy,45.2,,,3.0,99.0,3,59,1,13.0,WIN,OVER,-0.2006502383043819,-0.0013478750223231,0.4090909090909091,0.4558823529411764,5.227272727272728,5.029411764705882,1.0,2.0,0.3333333333333333,0.6666666666666666,-0.1042721452977275,0.1428571428571428,0.0956111658742291,-0.4299177406598994,0.5454545454545454,0.3134328358208955,6.054545454545455,2.880597014925373,2.8,0.6363636363636364,0.75,0.3333333333333333,0.1647062190234216,0.4,-0.296261404178611,0.4285698656375763,-0.1363636363636363,0.14244951712028092,-0.8272727272727263,2.1488147497805095,-1.7999999999999998,1.3636363636363638,-0.4166666666666667,0.3333333333333333,-0.26897836432114913,-0.25714285714285723,-0.3223459258546751,-2.5994314087761774,5.896551724137931,0.032258064516129,0.064516129032258,0.0,0.2283174979443784,4.716209366041071,7.114285714285714,0.0277777777777777,0.0,0.0,-0.5506634237990535,-7.315640774817249,-1.2177339901477833,0.004480286738351297,0.064516129032258,0.0,-1,2121.4,3.0,0,1,0,0,5,0,5,0,0,0,0,3,-3,4,0,4,5,0,5,0,0,0,2,0,2,0,0,0,1,0,1,1,0,1,1.46,0,1.46,1.76,0,1.76,0,1,-1
401772895,2025,REG,13,2025-11-30,Sunday,13:00,ARI,TB,17,20,Home,7,7,164,-198,4.5,-115,-105,44.5,-108,-112,0,outdoors,grass,80.0,8.0,00-0033119,00-0034855,Jacoby Brissett,Baker Mayfield,Jonathan Gannon,Todd Bowles,TAM00,Raymond James Stadium,0.307,0.693,190,-208,+3½+100,-4-108,50.459,0.6378,0.3592,0.0028,17.47,28.03,45.5,5.276,-5.276,0.023,-3.584,45.5,-4.0,4.0,Grass,Partly Cloudy Day,82.0,,,11.3,110.0,3,37,1,-1.5,LOSS,UNDER,-0.4299177406598994,0.0956111658742291,0.3134328358208955,0.5454545454545454,2.880597014925373,6.054545454545455,0.6363636363636364,2.8,0.3333333333333333,0.75,-0.3919586385457983,0.4117647058823529,-0.1469523248096587,-0.1880863879612301,0.4078947368421052,0.4166666666666667,4.289473684210527,6.2,1.3846153846153846,1.9285714285714288,0.4,0.6,-0.0548988834094849,0.3125,-0.2829654158502407,0.2836975538354592,-0.09446190102120972,0.12878787878787873,-1.4088766692851546,-0.1454545454545455,-0.7482517482517482,0.871428571428571,-0.06666666666666671,0.15000000000000002,-0.3370597551363134,0.09926470588235292,-0.8684025436883703,-20.4684878096861,8.052631578947368,0.0952380952380952,0.0952380952380952,0.0,-0.1549470353893921,3.1136570374170938,7.816326530612245,0.109090909090909,0.0,0.0,-0.7134555082989782,-23.582144847103194,0.23630504833512322,-0.013852813852813797,0.0952380952380952,0.0,0,1801.7,2.0,0,1,0,0,2,6,-4,0,0,0,6,5,1,0,2,-2,1,4,-3,0,0,0,0,1,-1,0,0,0,0,1,-1,0,0,0,0,1.11,-1.11,0.96,0.15,0.81,0,1,-1
401772896,2025,REG,13,2025-11-30,Sunday,16:05,MIN,SEA,0,26,Home,7,7,600,-900,12.5,-110,-110,42.5,-110,-110,0,outdoors,fieldturf,45.0,2.0,00-0040494,00-0034869,Max Brosmer,Sam Darnold,Kevin O'Connell,Mike Macdonald,SEA00,Lumen Field,0.165,0.835,600,-800,+12½-110,-12-108,51.808,0.7034,0.2941,0.0023,12.92,29.08,42.0,8.076,-8.076,3.676,-3.476,42.0,-12.0,12.0,Turf,Partly Cloudy Day,44.9,,,2.0,358.0,26,26,1,13.5,WIN,UNDER,0.2904392241428071,-0.0052869024993849,0.5,0.3529411764705882,7.695652173913044,4.352941176470588,3.0,2.0,0.6,0.5,0.3689912320973549,0.2857142857142857,-0.4293800763333902,0.0244950877624683,0.3863636363636363,0.4761904761904761,3.2954545454545454,4.603174603174603,0.6666666666666666,2.090909090909091,0.0,0.5,-0.2541376481993425,0.2222222222222222,0.7198193004761972,-0.0297819902618532,0.1136363636363637,-0.1232492997198879,4.400197628458498,-0.25023342670401494,2.3333333333333335,-0.09090909090909083,0.6,0.0,0.6231288802966974,0.06349206349206349,0.3490447133611166,2.109574556350708,9.423076923076923,0.037037037037037,0.0,0.0,-0.0026934396737487,-8.130230009555817,-1.5,0.0,0.0,0.0,0.3517381530348653,10.239804565906525,10.923076923076923,0.037037037037037,0.0,0.0,0,1391.7,2.0,1,0,0,0,2,2,0,0,0,0,1,5,-4,1,2,-1,2,2,0,0,1,-1,0,1,-1,1,0,1,0,0,0,0,0,0,0,1.8,-1.8,0,0,0,0,1,-1
401772788,2025,REG,13,2025-11-30,Sunday,16:25,LV,LAC,14,31,Home,7,14,440,-600,10.0,-115,-105,40.5,-108,-112,1,dome,matrixturf,,,00-0030565,00-0036355,Geno Smith,Justin Herbert,Pete Carroll,Jim Harbaugh,LAX01,SoFi Stadium,0.174,0.826,425,-475,+10-110,-9½-108,38.359,0.7342,0.2636,0.0021,11.11,29.39,40.5,9.137,-9.137,1.087,-6.194,40.5,-9.5,9.5,Dome,,,,,,,17,45,1,7.0,WIN,OVER,,,,,,,,,,,,,-0.3811776929274506,-0.2182791154299415,0.3066666666666666,0.2553191489361702,3.5733333333333333,5.76595744680851,0.6666666666666666,1.6,1.0,0.75,-0.4143305268815972,0.2352941176470588,,,,,,,,,,,,,-0.7122181655672668,-8.171386271715164,3.7777777777777777,0.1,0.05,0.0,-0.3751655835555254,0.5469675574983877,8.204545454545455,0.1851851851851851,0.0,0.037037037037037,-0.33705258201174143,-8.718353829213552,-4.426767676767677,-0.08518518518518509,0.05,-0.037037037037037,7,231.7,0.0,1,0,0,0,1,1,0,0,0,0,1,4,-3,0,0,0,1,1,0,0,0,0,0,0,0,0,0,0,0,0,0,0,0,0,0.58,0.16,0.42,0,0,0,2,0,2
401772789,2025,REG,13,2025-11-30,Sunday,16:25,BUF,PIT,26,7,Home,10,7,-166,140,-3.0,-115,-105,44.5,-112,-108,0,outdoors,grass,34.0,16.0,00-0034857,00-0023459,Josh Allen,Aaron Rodgers,Sean McDermott,Mike Tomlin,PIT00,Acrisure Stadium,0.657,0.343,-160,155,-3-110,+3+100,62.251,0.4337,0.5627,0.0034,24.78,19.72,44.5,-2.532,2.532,-0.503,3.339,44.5,3.0,-3.0,Grass,Partly Cloudy Day,34.6,,,19.9,255.0,-19,33,0,-16.0,LOSS,UNDER,0.0010508614814961,0.0137850618496194,0.5217391304347826,0.423728813559322,5.0,5.576271186440678,2.0,2.583333333333333,0.75,1.0,-0.1353108347208875,0.5714285714285714,-0.16421365248833,-0.0642635200256155,0.3692307692307692,0.4181818181818181,5.030769230769231,4.763636363636364,1.5833333333333333,1.9166666666666667,0.4,0.5,-0.2712271229961929,0.3125,0.1652645139698261,0.0780485818752349,0.1525083612040134,0.005546995377503916,-0.03076923076923066,0.8126348228043145,0.41666666666666674,0.6666666666666663,0.35,0.5,0.13591628827530539,0.2589285714285714,0.0774177535938542,-10.313428243001304,5.466666666666667,0.0625,0.0,0.0,-0.1732800885905557,0.7711865939199924,4.735294117647059,0.1904761904761904,0.0476190476190476,0.0,0.2506978421844099,-11.084614836921297,0.7313725490196079,-0.1279761904761904,-0.0476190476190476,0.0,-3,172.9,0.0,1,0,0,0,2,4,-2,0,0,0,0,3,-3,2,3,-1,2,4,-2,0,0,0,1,2,-1,0,0,0,1,1,0,0,0,0,0.68,2.24,-1.56,0.48,0.66,-0.18,0,1,-1
401772931,2025,REG,13,2025-11-30,Sunday,20:20,DEN,WAS,27,26,Home,14,14,-310,250,-6.5,-105,-115,43.5,-112,-108,0,outdoors,grass,40.0,13.0,00-0039732,00-0032268,Bo Nix,Marcus Mariota,Sean Payton,Dan Quinn,WAS00,FedExField,0.755,0.245,-280,245,-6+100,+6-105,61.23,0.4077,0.589,0.0032,25.37,18.13,43.5,-3.619,3.619,-2.36,2.522,43.5,6.0,-6.0,Grass,Cloudy,41.5,,,6.4,273.0,-1,53,0,5.5,WIN,OVER,,,,,,,,,,,,,,,,,,,,,,,,,,,,,,,,,,,,,0.1307641342789693,2.292767886457772,7.366666666666666,0.032258064516129,0.032258064516129,0.0,0.1295646221427392,3.6520092827933177,8.567567567567568,0.0512820512820512,0.0,0.0,0.0011995121362300964,-1.3592413963355456,-1.2009009009009022,-0.0190239867659222,0.032258064516129,0.0,0,1499.8,2.0,0,1,0,0,4,2,2,0,0,0,2,0,2,2,0,2,3,2,1,1,0,1,0,0,0,0,0,0,0,0,0,0,0,0,1.27,0.25,1.02,0,0.27,-0.27,2,2,0
401772821,2025,REG,13,2025-12-01,Monday,20:15,NYG,NE,15,33,Home,8,8,295,-375,7.0,-105,-115,46.5,-105,-115,0,outdoors,fieldturf,30.0,5.0,00-0040691,00-0039851,Jaxson Dart,Drake Maye,Brian Daboll,Mike Vrabel,BOS00,Gillette Stadium,0.231,0.769,300,-360,+7-105,-7-105,46.237,0.5488,0.4475,0.0035,21.3,25.2,46.5,1.954,-1.954,0.521,0.127,46.5,-7.0,7.0,Turf,Clear Night,23.8,,,0.9,1.0,18,48,1,11.0,WIN,OVER,0.0035673089002694,-0.1933742815397273,0.4696969696969697,0.4590163934426229,5.954545454545454,5.032786885245901,1.818181818181818,1.2727272727272727,0.25,0.5,0.1000263838045961,0.3846153846153846,0.1166723676851344,0.1483890134340575,0.3684210526315789,0.5079365079365079,6.815789473684211,7.841269841269841,2.25,2.6153846153846154,0.6,0.6666666666666666,0.0248640384336141,0.5,-0.113105058784865,-0.34176329497378477,0.1012759170653908,-0.048920114493885,-0.8612440191387565,-2.8084829560239397,-0.4318181818181821,-1.3426573426573427,-0.35,-0.16666666666666663,0.07516234537098199,-0.11538461538461542,0.1881750011260957,-0.4191146655516191,8.485714285714286,0.0277777777777777,0.0277777777777777,0.0,0.1109743980629412,8.720799618297153,9.310344827586206,0.064516129032258,0.0,0.0,0.0772006030631545,-9.139914283848773,-0.8246305418719206,-0.03673835125448029,0.0277777777777777,0.0,0,170.2,0.0,0,1,0,0,2,1,1,0,0,0,3,4,-1,1,1,0,2,1,1,0,0,0,1,0,1,0,0,0,0,1,-1,0,0,0,0.04,0,0.04,0,0.62,-0.62,2,1,1
401772947,2025,REG,14,2025-12-04,Thursday,20:15,DAL,DET,30,44,Home,7,7,160,-192,3.5,-110,-110,55.5,-110,-110,0,dome,fieldturf,,,00-0033077,00-0033106,Dak Prescott,Jared Goff,Brian Schottenheimer,Dan Campbell,DET00,Ford Field,0.41,0.59,165,-175,+3½-105,-3½-105,70.446,0.6131,0.3837,0.003,23.09,32.41,55.5,4.664,-4.664,4.456,1.105,55.5,-3.5,3.5,Dome,,,,,,,14,74,1,10.5,WIN,OVER,0.0387400389829096,0.2887752895080807,0.4166666666666667,0.4912280701754385,5.866666666666666,6.350877192982456,3.0,3.4444444444444446,0.75,1.0,0.0375565930036828,0.6153846153846154,0.2183424126135341,0.2499536963461044,0.4516129032258064,0.45,7.403225806451613,6.033333333333333,3.1,3.111111111111111,0.6,1.0,0.0266809860173531,0.5625,-0.1796023736306245,0.03882159316197628,-0.0349462365591397,0.0412280701754385,-1.5365591397849467,0.31754385964912313,-0.10000000000000009,0.3333333333333335,0.15000000000000002,0.0,0.010875606986329705,0.05288461538461542,0.3273967168895377,4.296960395116073,6.384615384615385,0.1034482758620689,0.0,0.0,0.3731782864916649,4.838724313555537,6.589743589743589,0.0,0.0256410256410256,0.0,-0.0457815696021272,-0.5417639184394645,-0.2051282051282044,0.1034482758620689,-0.0256410256410256,0.0,0,1013.3,1.0,0,1,0,0,5,2,3,0,0,0,6,2,4,4,1,3,4,1,3,0,0,0,1,1,0,2,0,2,0,0,0,1,0,1,2.28,0.58,1.7,0.83,1,-0.17,1,0,1
401772790,2025,REG,14,2025-12-07,Sunday,13:00,MIA,NYJ,34,10,Home,7,7,-148,124,-2.5,-115,-105,41.5,-112,-108,1,outdoors,fieldturf,41.0,6.0,00-0036212,00-0028118,Tua Tagovailoa,Tyrod Taylor,Mike McDaniel,Aaron Glenn,NYC01,MetLife Stadium,0.623,0.377,-140,125,-2½-108,+2½-105,18.833,0.4515,0.5448,0.0036,22.65,18.85,41.5,-1.898,1.898,-6.712,-3.315,41.5,2.5,-2.5,Turf,Cloudy,42.9,,,6.1,232.0,-24,44,0,-21.5,LOSS,OVER,0.0092490430647625,0.1742265443347075,0.4516129032258064,0.5223880597014925,4.354838709677419,5.8059701492537314,2.076923076923077,2.1818181818181817,0.75,1.0,0.0204084083829494,0.4375,-0.1349042811055462,-0.1647591194084621,0.4107142857142857,0.4507042253521127,5.357142857142857,4.169014084507042,1.4615384615384617,1.4166666666666667,0.3333333333333333,1.0,0.0140605906733896,0.3333333333333333,0.14415332417030868,0.33898566374316963,0.040898617511520685,0.0716838343493798,-1.0023041474654377,1.6369560647466894,0.6153846153846154,0.7651515151515149,0.4166666666666667,0.0,0.0063478177095598,0.10416666666666669,-0.0276772447152466,-1.6333287762057405,9.666666666666666,0.0571428571428571,0.0,0.0,-0.3207601909486994,-1.271800696849823,10.08695652173913,0.1538461538461538,0.0384615384615384,0.0384615384615384,0.29308294623345277,-0.36152807935591746,-0.42028985507246475,-0.09670329670329669,-0.0384615384615384,-0.0384615384615384,0,1085.5,0.0,0,1,0,0,4,0,4,1,0,1,1,4,-3,1,0,1,3,0,3,0,0,0,0,0,0,0,0,0,0,0,0,1,0,1,1,0,1,0.79,0,0.79,0,2,-2
401772791,2025,REG,14,2025-12-07,Sunday,13:00,PIT,BAL,27,22,Home,7,10,220,-270,5.5,100,-120,43.5,-105,-115,1,outdoors,grass,44.0,6.0,00-0023459,00-0034796,Aaron Rodgers,Lamar Jackson,Mike Tomlin,John Harbaugh,BAL00,M&T Bank Stadium,0.321,0.679,235,-250,+6-110,-5½-108,59.728,0.6599,0.3373,0.0027,15.76,28.24,44.0,6.244,-6.244,3.2,-1.366,44.0,-5.5,5.5,Grass,Partly Cloudy Day,42.0,,,7.0,237.0,-5,49,0,-10.5,LOSS,OVER,-0.3401036924156609,-0.0023466067733836,0.3928571428571428,0.3875,6.196428571428571,4.775,1.0769230769230769,2.6666666666666665,0.6666666666666666,0.2857142857142857,-0.1255104823887285,0.3,-0.4242491542746118,0.1000649411578915,0.3255813953488372,0.4594594594594595,3.86046511627907,5.027027027027027,0.7,2.2222222222222223,0.5,0.4,-0.4010055964216449,0.3333333333333333,0.08414546185895089,-0.10241154793127509,0.06727574750830562,-0.07195945945945947,2.335963455149501,-0.25202702702702684,0.3769230769230769,0.4444444444444442,0.16666666666666663,-0.11428571428571432,0.2754951140329164,-0.033333333333333326,-0.3374856275406533,-6.798954904079437,11.90625,0.0857142857142857,0.0285714285714285,0.0571428571428571,-0.4353870246427091,-20.151339392913016,4.428571428571429,0.0454545454545454,0.0,0.0454545454545454,0.09790139710205581,13.352384488833579,7.477678571428571,0.0402597402597403,0.0285714285714285,0.0116883116883117,3,197.2,0.0,0,1,0,0,2,3,-1,0,0,0,0,0,0,0,2,-2,0,3,-3,0,0,0,0,0,0,0,0,0,0,1,-1,0,1,-1,0,0,0,0.32,1.47,-1.15,0,3,-3
401772792,2025,REG,14,2025-12-07,Sunday,13:00,NO,TB,24,20,Home,7,7,330,-425,7.5,-102,-118,41.5,-105,-115,1,outdoors,grass,73.0,6.0,00-0040743,00-0034855,Tyler Shough,Baker Mayfield,Kellen Moore,Todd Bowles,TAM00,Raymond James Stadium,0.241,0.759,320,-360,+8-110,-7½-108,32.707,0.7403,0.2576,0.002,11.24,30.26,41.5,9.51,-9.51,-0.192,-8.438,41.5,-7.5,7.5,Grass,Partly Cloudy Day,75.8,,,5.8,129.0,-4,44,0,-11.5,LOSS,OVER,0.0620323979618814,-0.0263044622938842,0.4444444444444444,0.6,5.2407407407407405,6.433333333333334,2.0,1.7,0.5,0.6666666666666666,-0.0603895474456581,0.4375,-0.1647591194084621,-0.1349042811055462,0.4507042253521127,0.4107142857142857,4.169014084507042,5.357142857142857,1.4166666666666667,1.4615384615384617,1.0,0.3333333333333333,-0.0575109491931341,0.3333333333333333,0.2267915173703435,0.108599818811662,-0.0062597809076682664,0.18928571428571428,1.0717266562336984,1.0761904761904768,0.5833333333333333,0.23846153846153828,-0.5,0.3333333333333333,-0.0028785982525240048,0.10416666666666669,0.0583353738627772,-0.5803908293063824,7.428571428571429,0.0666666666666666,0.0,0.0333333333333333,-0.2598545932135846,9.799112642512602,7.078947368421052,0.0930232558139534,0.0232558139534883,0.0232558139534883,0.3181899670763618,-10.379503471818985,0.3496240601503766,-0.026356589147286807,-0.0232558139534883,0.010077519379845,0,477.9,1.0,0,1,0,0,3,3,0,0,0,0,2,1,1,0,3,-3,0,3,-3,0,0,0,0,1,-1,0,1,-1,0,0,0,0,1,-1,0.2,1.14,-0.94,0,0.03,-0.03,1,0,1
401772793,2025,REG,14,2025-12-07,Sunday,13:00,IND,JAX,19,36,Home,7,7,-135,114,-2.5,-112,-108,44.5,-105,-115,1,outdoors,grass,61.0,7.0,00-0035710,00-0036971,Daniel Jones,Trevor Lawrence,Shane Steichen,Liam Coen,JAX00,TIAA Bank Stadium,0.514,0.486,-140,130,-2-110,+2½-108,68.861,0.4488,0.5475,0.0036,24.14,20.86,45.0,-1.643,1.643,0.67,4.093,45.0,2.5,-2.5,Grass,Rain,60.6,100%,Rain,7.4,28.0,17,55,1,19.5,WIN,OVER,-0.0062680898063936,-0.4241798394368505,0.3888888888888889,0.2545454545454545,5.092592592592593,3.418181818181818,2.083333333333333,0.2727272727272727,1.0,0.0,-0.0565490264760716,0.2307692307692307,-0.1163291045783705,0.0110938588531632,0.3725490196078431,0.4225352112676056,5.509803921568627,5.126760563380282,1.7777777777777777,2.0,0.5,0.4,0.1038353192808034,0.3,0.11006101477197691,-0.4352736982900137,0.016339869281045805,-0.1679897567221511,-0.41721132897603486,-1.708578745198464,0.30555555555555536,-1.7272727272727273,0.5,-0.4,-0.160384345756875,-0.06923076923076929,0.162124555936316,4.199545741081238,10.0,0.1,0.0,0.0,0.022179498323985,-8.84944748878479,7.333333333333333,0.0357142857142857,0.0,0.0,0.139945057612331,13.048993229866028,2.666666666666667,0.06428571428571431,0.0,0.0,0,700.2,0.0,0,1,0,0,2,2,0,0,0,0,4,0,4,2,1,1,2,2,0,0,0,0,1,0,1,0,0,0,0,0,0,1,1,0,0.44,0,0.44,0.86,0.31,0.55,0,1,-1
401772898,2025,REG,14,2025-12-07,Sunday,13:00,TEN,CLE,31,29,Home,7,7,170,-205,4.5,-120,100,33.5,-105,-115,0,outdoors,grass,33.0,6.0,00-0040676,00-0040668,Cam Ward,Shedeur Sanders,Brian Callahan,Kevin Stefanski,CLE00,FirstEnergy Stadium,0.47,0.53,170,-180,+4-110,-3½-108,14.697,0.5254,0.4707,0.0037,15.4,17.6,33.0,1.097,-1.097,-10.036,-9.458,33.0,-3.5,3.5,Grass,Cloudy,33.1,,,7.9,251.0,-2,60,0,-6.5,LOSS,OVER,-0.1953979475391707,0.0089214188545609,0.4262295081967213,0.34375,4.180327868852459,3.953125,0.8888888888888888,2.363636363636364,0.5,0.6,0.0987919794912967,0.2727272727272727,-0.4241798394368505,-0.0062680898063936,0.2545454545454545,0.3888888888888889,3.418181818181818,5.092592592592593,0.2727272727272727,2.083333333333333,0.0,1.0,-0.3036908986590181,0.1666666666666666,0.2287818918976798,0.0151895086609545,0.17168405365126677,-0.045138888888888895,0.7621460506706415,-1.1394675925925926,0.6161616161616161,0.28030303030303116,0.5,-0.4,0.4024828781503148,0.1060606060606061,-0.140867946767165,0.3105070103298534,6.92,0.1071428571428571,0.0,0.0,-0.4975436452288341,-1.6733853306089128,6.526315789473684,0.073170731707317,0.0,0.024390243902439,0.35667569846166913,1.983892340938766,0.39368421052631586,0.033972125435540096,0.0,-0.024390243902439,0,458.7,1.0,0,1,0,0,5,3,2,0,0,0,5,1,4,2,2,0,2,3,-1,0,0,0,2,1,1,0,0,0,0,0,0,0,1,-1,1.34,0.88,0.46,0.06,0.58,-0.52,1,1,0
401772899,2025,REG,14,2025-12-07,Sunday,13:00,WAS,MIN,0,31,Home,7,7,-115,-105,-1.5,-102,-118,43.5,-102,-118,0,dome,sportturf,,,00-0032268,00-0039923,Marcus Mariota,J.J. McCarthy,Dan Quinn,Kevin O'Connell,MIN01,U.S. Bank Stadium,0.446,0.554,100,-105,+1-108,+1-110,39.253,0.4302,0.5662,0.0034,24.38,19.62,44.0,-2.381,2.381,-4.106,0.087,44.0,-1.0,1.0,Dome,,,,,,,31,31,1,32.5,WIN,UNDER,-0.7026966656261238,-0.1778850900669003,0.2244897959183673,0.3709677419354839,3.326530612244898,3.532258064516129,0.0,1.818181818181818,0.0,0.3333333333333333,-0.369699103460408,0.2,0.0727224452299512,0.1828667050081609,0.4117647058823529,0.4492753623188406,4.941176470588236,5.826086956521739,2.363636363636364,2.7,0.5,0.6,-0.1128589841700532,0.4705882352941176,-0.775419110856075,-0.36075179507506117,-0.18727490996398563,-0.0783076203833567,-1.6146458583433385,-2.2938288920056102,-2.363636363636364,-0.8818181818181823,-0.5,-0.26666666666666666,-0.25684011929035483,-0.2705882352941176,-0.6859931292988221,-4.204098052448696,5.2631578947368425,0.2083333333333333,0.0833333333333333,0.0,-0.0064016090355105,3.2220691442489624,11.96,0.0377358490566037,0.0188679245283018,0.0188679245283018,-0.6795915202633116,-7.426167196697659,-6.696842105263158,0.17059748427672958,0.0644654088050315,-0.0188679245283018,0,938.7,1.0,1,0,0,0,2,2,0,0,0,0,3,2,1,1,0,1,2,2,0,0,0,0,0,0,0,0,0,0,0,0,0,1,0,1,0,0,0,1.18,0,1.18,0,1,-1
401772900,2025,REG,14,2025-12-07,Sunday,13:00,SEA,ATL,37,9,Home,7,7,-355,280,-7.0,100,-120,44.5,-108,-112,0,closed,fieldturf,,,00-0034869,00-0029604,Sam Darnold,Kirk Cousins,Mike Macdonald,Raheem Morris,ATL97,Mercedes-Benz Stadium,0.805,0.195,-310,275,-6½-108,+7-120,56.999,0.3857,0.6111,0.0031,26.79,17.72,44.5,-4.535,4.535,-2.864,3.946,44.5,6.5,-6.5,Dome,,,,,,,-28,46,0,-21.0,LOSS,OVER,0.1742265443347075,0.0092490430647625,0.5223880597014925,0.4516129032258064,5.8059701492537314,4.354838709677419,2.1818181818181817,2.076923076923077,1.0,0.75,0.2755441879260946,0.3333333333333333,-0.1778850900669003,-0.7026966656261238,0.3709677419354839,0.2244897959183673,3.532258064516129,3.326530612244898,1.818181818181818,0.0,0.3333333333333333,0.0,-0.1776083147927673,0.4,0.35211163440160775,0.7119457086908862,0.15142031776600862,0.2271231073074391,2.2737120847376024,1.0283080974325212,0.36363636363636376,2.076923076923077,0.6666666666666667,0.75,0.45315250271886187,-0.06666666666666671,0.1672530945746256,-0.8298612890704986,4.666666666666667,0.0571428571428571,0.0,0.0,-0.2838325437202411,-15.94495345716891,3.576923076923077,0.1333333333333333,0.0,0.0666666666666666,0.4510856382948667,15.115092168098412,1.0897435897435899,-0.0761904761904762,0.0,-0.0666666666666666,0,2177.3,3.0,0,1,0,0,3,2,1,0,0,0,2,0,2,1,0,1,3,2,1,0,0,0,0,0,0,1,0,1,0,0,0,0,0,0,0.92,0.01,0.91,0.56,0,0.56,0,1,-1
401772902,2025,REG,14,2025-12-07,Sunday,13:00,CIN,BUF,34,39,Home,10,7,230,-285,6.0,-108,-112,54.5,-108,-112,0,outdoors,a_turf,31.0,12.0,00-0036442,00-0034857,Joe Burrow,Josh Allen,Zac Taylor,Sean McDermott,BUF00,New Era Field,0.283,0.717,235,-260,+6½-105,-6-110,69.866,0.6298,0.3671,0.0029,22.22,32.28,54.5,5.027,-5.027,3.951,0.598,54.5,-6.0,6.0,Turf,Snow,30.0,100%,Snow,14.1,266.0,5,73,1,-1.0,LOSS,OVER,0.1000649411578915,-0.4242491542746118,0.4594594594594595,0.3255813953488372,5.027027027027027,3.86046511627907,2.2222222222222223,0.7,0.4,0.5,0.0341590658594086,0.5333333333333333,-0.0023466067733836,-0.3401036924156609,0.3875,0.3928571428571428,4.775,6.196428571428571,2.6666666666666665,1.0769230769230769,0.2857142857142857,0.6666666666666666,-0.0827474714734323,0.4210526315789473,0.10241154793127509,-0.08414546185895089,0.07195945945945947,-0.06727574750830562,0.25202702702702684,-2.335963455149501,-0.4444444444444442,-0.3769230769230769,0.11428571428571432,-0.16666666666666663,0.1169065373328409,0.11228070175438604,0.2347273257226966,-8.480159743972447,1.6956521739130437,0.0,0.0434782608695652,0.0,0.1306955163779027,-5.978283557024869,8.26086956521739,0.0212765957446808,0.0,0.0,0.10403180934479392,-2.5018761869475776,-6.565217391304347,-0.0212765957446808,0.0434782608695652,0.0,-3,392.3,0.0,0,1,0,0,2,3,-1,1,0,1,2,0,2,2,1,1,2,3,-1,0,0,0,0,0,0,0,0,0,2,1,1,0,0,0,0,0,0,1.22,0.32,0.9,0,3,-3
401772794,2025,REG,14,2025-12-07,Sunday,16:05,DEN,LV,24,17,Home,7,7,-470,360,-8.5,-110,-110,40.5,-115,-105,1,dome,grass,,,00-0039732,00-0030565,Bo Nix,Geno Smith,Sean Payton,Pete Carroll,VEG00,Allegiant Stadium,0.779,0.221,-420,350,-8-108,+8-108,42.007,0.3027,0.6947,0.0024,27.78,12.73,40.5,-7.525,7.525,-6.46,2.656,40.5,8.5,-8.5,Dome,,,,,,,-7,41,0,1.5,WIN,OVER,-0.3315882598463859,0.1381939108897021,0.4222222222222222,0.4153846153846154,3.488888888888889,5.276923076923077,1.4,3.1,1.0,0.6666666666666666,-0.0201556119652065,0.25,0.1828667050081609,0.0727224452299512,0.4492753623188406,0.4117647058823529,5.826086956521739,4.941176470588236,2.7,2.363636363636364,0.6,0.5,0.1167923778038524,0.4666666666666667,-0.5144549648545468,0.0654714656597509,-0.027053140096618356,0.003619909502262486,-2.3371980676328503,0.33574660633484044,-1.3000000000000003,0.7363636363636359,0.4,0.16666666666666663,-0.1369479897690589,-0.21666666666666667,-0.0762719761166538,12.157199599526145,3.260869565217391,0.1785714285714285,0.0357142857142857,0.0357142857142857,0.2147884861552248,-4.023081618686055,4.2,0.0217391304347826,0.0217391304347826,0.0217391304347826,-0.2910604622718786,16.1802812182122,-0.939130434782609,0.1568322981366459,0.013975155279503097,0.013975155279503097,0,608.3,1.0,1,0,0,0,3,2,1,0,0,0,5,0,5,0,1,-1,1,2,-1,0,0,0,0,0,0,0,0,0,0,1,-1,0,0,0,0.45,0.25,0.2,0,0.21,-0.21,0,1,-1
401772897,2025,REG,14,2025-12-07,Sunday,16:25,CHI,GB,21,28,Home,9,10,245,-305,6.5,-105,-115,44.5,-115,-105,1,outdoors,grass,16.0,9.0,00-0039918,00-0036264,Caleb Williams,Jordan Love,Ben Johnson,Matt LaFleur,GNB00,Lambeau Field,0.315,0.685,260,-300,+6½+110,-6½-115,68.1,0.6954,0.3021,0.0024,14.37,29.13,43.5,7.378,-7.378,5.203,-0.693,43.5,-6.5,6.5,Grass,Clear Day,14.1,,,6.9,273.0,7,49,1,0.5,WIN,OVER,0.2887752895080807,0.0387400389829096,0.4912280701754385,0.4166666666666667,6.350877192982456,5.866666666666666,3.4444444444444446,3.0,1.0,0.75,0.0890650540954777,0.5,0.0419452247646825,-0.0364987255272994,0.4404761904761904,0.44,5.071428571428571,6.34,2.0,1.3636363636363635,0.75,0.6666666666666666,0.0559025197262599,0.5882352941176471,0.2468300647433982,0.075238764510209,0.050751879699248104,-0.023333333333333317,1.2794486215538852,-0.4733333333333336,1.4444444444444446,1.6363636363636365,0.25,0.08333333333333337,0.0331625343692178,-0.08823529411764708,0.5450136255245338,0.8530517076623854,11.433333333333334,0.0,0.0,0.0333333333333333,-0.158645099559767,-12.467103637754915,7.0,0.0526315789473684,0.0263157894736842,0.0,0.7036587250843008,13.320155345417302,4.433333333333334,-0.0526315789473684,-0.0263157894736842,0.0333333333333333,1,183.7,0.0,1,0,0,0,5,3,2,0,0,0,5,0,5,2,3,-1,3,3,0,0,0,0,0,0,0,1,1,0,1,1,0,0,1,-1,0.12,0.8,-0.68,0.85,0.35,0.5,3,3,0
401772901,2025,REG,14,2025-12-07,Sunday,16:25,LA,ARI,45,17,Home,7,7,-500,380,-9.5,-110,-110,49.5,-110,-110,1,closed,grass,,,00-0026498,00-0033119,Matthew Stafford,Jacoby Brissett,Sean McVay,Jonathan Gannon,PHO00,State Farm Stadium,0.795,0.205,-450,400,-9½-108,+10-110,72.155,0.3061,0.6914,0.0024,31.82,17.18,49.0,-7.32,7.32,-3.09,6.105,49.0,9.5,-9.5,Dome,,,,,,,-28,62,0,-18.5,LOSS,OVER,-0.0263044622938842,0.0620323979618814,0.6,0.4444444444444444,6.433333333333334,5.2407407407407405,1.7,2.0,0.6666666666666666,0.5,0.1399512889573816,0.375,0.1398201744444668,0.2375984378085488,0.6,0.4067796610169492,7.6,6.135593220338983,3.111111111111111,2.7777777777777777,0.6666666666666666,0.6,0.2875180073638653,0.4,-0.16612463673835098,-0.1755660398466674,0.0,0.03766478342749524,-1.166666666666666,-0.8948524795982422,-1.4111111111111112,-0.7777777777777777,0.0,-0.09999999999999998,-0.1475667184064837,-0.025000000000000022,0.1325834592261085,11.05167479128451,7.225,0.048780487804878,0.024390243902439,0.0,-0.1170689917576965,3.445204650914228,7.892857142857143,0.0666666666666666,0.0666666666666666,0.0333333333333333,0.249652450983805,7.606470140370282,-0.6678571428571436,-0.017886178861788594,-0.04227642276422759,-0.0333333333333333,0,350.3,1.0,0,1,0,0,10,0,10,0,1,-1,2,2,0,5,0,5,7,0,7,0,0,0,1,0,1,2,0,2,1,0,1,1,0,1,2.67,0,2.67,0.45,0,0.45,1,2,-1
401772932,2025,REG,14,2025-12-07,Sunday,20:20,HOU,KC,20,10,Home,7,10,180,-218,4.5,-115,-105,41.5,-110,-110,0,outdoors,grass,27.0,8.0,00-0039163,00-0033873,C.J. Stroud,Patrick Mahomes,DeMeco Ryans,Andy Reid,KAN00,GEHA Field at Arrowhead Stadium,0.367,0.633,205,-215,+5-110,-4½-105,84.019,0.6526,0.3446,0.0027,14.78,26.72,41.5,5.972,-5.972,6.923,2.948,41.5,-4.5,4.5,Grass,Clear Night,26.6,,,7.0,355.0,-10,30,0,-14.5,LOSS,UNDER,0.2499536963461044,0.2183424126135341,0.45,0.4516129032258064,6.033333333333333,7.403225806451613,3.111111111111111,3.1,1.0,0.6,0.1325149785486494,0.3846153846153846,0.0110938588531632,-0.1163291045783705,0.4225352112676056,0.3725490196078431,5.126760563380282,5.509803921568627,2.0,1.7777777777777777,0.4,0.5,0.0127808988233612,0.4615384615384615,0.2388598374929412,0.3346715171919046,0.027464788732394385,0.0790638836179633,0.9065727699530512,1.8934218848829856,1.1111111111111112,1.3222222222222224,0.6,0.09999999999999998,0.11973407972528821,-0.07692307692307693,0.3826389277725153,4.746995307505131,7.0588235294117645,0.081081081081081,0.0,0.0,0.2052888637854774,6.048811133950949,11.2,0.054054054054054,0.027027027027027,0.0,0.1773500639870379,-1.301815826445818,-4.141176470588235,0.027027027027027,-0.027027027027027,0.0,3,649.2,0.0,0,1,0,0,2,2,0,2,0,2,0,1,-1,2,1,1,2,2,0,0,0,0,0,0,0,1,0,1,0,0,0,1,1,0,0,0,0,0.43,0.31,0.12,2,2,0
401772822,2025,REG,14,2025-12-08,Monday,20:15,PHI,LAC,19,22,Home,10,8,-120,100,-1.5,-105,-115,41.5,-105,-115,0,dome,matrixturf,,,00-0036389,00-0036355,Jalen Hurts,Justin Herbert,Nick Sirianni,Jim Harbaugh,LAX01,SoFi Stadium,0.57,0.43,-115,120,+0-110,+2-115,72.916,0.4063,0.5903,0.0032,24.62,17.38,42.0,-3.62,3.62,-1.537,3.569,42.0,1.0,-1.0,Dome,,,,,,,3,41,1,4.5,WIN,UNDER,0.1381939108897021,-0.3315882598463859,0.4153846153846154,0.4222222222222222,5.276923076923077,3.488888888888889,3.1,1.4,0.6666666666666666,1.0,-0.0343204596974054,0.7058823529411765,-0.0364987255272994,0.0419452247646825,0.44,0.4404761904761904,6.34,5.071428571428571,1.3636363636363635,2.0,0.6666666666666666,0.75,0.0438619244132975,0.3333333333333333,0.1746926364170015,-0.3735334846110684,-0.024615384615384595,-0.01825396825396819,-1.063076923076923,-1.5825396825396822,1.7363636363636366,-0.6000000000000001,0.0,0.25,-0.0781823841107029,0.3725490196078432,0.3181668141679089,10.827508568763731,9.6,0.1304347826086956,0.0434782608695652,0.0,0.0761371436818377,0.5673018097877505,9.823529411764708,0.0,0.0303030303030303,0.0,0.24202967048607116,10.260206758975981,-0.22352941176470864,0.1304347826086956,0.013175230566534902,0.0,-2,2396.0,3.0,1,0,0,0,1,2,-1,0,0,0,4,2,2,0,2,-2,1,2,-1,0,0,0,0,1,-1,0,0,0,0,1,-1,0,0,0,0.39,0.19,0.2,0,0.7,-0.7,0,0,0
401772948,2025,REG,15,2025-12-11,Thursday,20:15,ATL,TB,29,28,Home,4,4,225,-278,6.0,-112,-108,43.5,-110,-110,1,outdoors,grass,56.0,5.0,00-0029604,00-0034855,Kirk Cousins,Baker Mayfield,Raheem Morris,Todd Bowles,TAM00,Raymond James Stadium,0.279,0.721,250,-270,+6-102,-5½-110,41.1,0.6345,0.3625,0.0029,16.77,26.73,43.5,4.984,-4.984,-0.856,-4.578,43.5,-6.0,6.0,Grass,Clear Night,57.7,,,4.7,340.0,-1,57,0,-7.0,LOSS,OVER,-0.1783482840616037,0.018192071700584,0.391304347826087,0.3962264150943396,4.36231884057971,4.962264150943396,1.818181818181818,2.1818181818181817,0.6666666666666666,0.75,-0.008712017965712,0.2307692307692307,-0.3560154553699082,0.151813877437845,0.3548387096774194,0.4827586206896552,4.419354838709677,6.293103448275862,0.8181818181818182,3.363636363636364,0.0,0.6666666666666666,-0.0035631903657749,0.0769230769230769,0.1776671713083045,-0.13362180573726098,0.0364656381486676,-0.0865322055953156,-0.05703599812996707,-1.3308392973324663,0.9999999999999997,-1.1818181818181825,0.6666666666666666,0.08333333333333337,-0.005148827599937101,0.1538461538461538,-0.3272002143581173,-16.479784463133132,7.666666666666667,0.0,0.0333333333333333,0.0,-0.4959143760492185,-12.767703937632698,6.8,0.032258064516129,0.064516129032258,0.0,0.1687141616911012,-3.7120805255004345,0.8666666666666671,-0.032258064516129,-0.031182795698924695,0.0,0,414.9,0.0,0,1,0,0,2,1,1,2,0,2,2,4,-2,1,1,0,1,1,0,0,0,0,0,0,0,0,1,-1,1,0,1,0,0,0,0,0.92,-0.92,0.71,0,0.71,2,0,2
401772795,2025,REG,15,2025-12-14,Sunday,13:00,BUF,NE,35,31,Home,7,13,-142,120,-2.5,-110,-110,49.5,-105,-115,1,outdoors,fieldturf,32.0,6.0,00-0034857,00-0039851,Josh Allen,Drake Maye,Sean McDermott,Mike Vrabel,BOS00,Gillette Stadium,0.5,0.5,-140,135,-2½-105,+3-120,69.778,0.4555,0.5408,0.0036,26.22,23.28,49.5,-1.474,1.474,0.932,3.638,49.5,2.5,-2.5,Turf,Snow,31.6,100%,Snow,6.9,331.0,-4,66,0,-1.5,LOSS,OVER,,,,,,,,,,,,,0.2549044671400213,0.1188889532990819,0.5689655172413793,0.4912280701754385,7.258620689655173,5.9298245614035086,3.3,3.7777777777777777,0.5714285714285714,1.0,0.0280289513341683,0.5454545454545454,,,,,,,,,,,,,0.3393872265856511,15.77816883722941,7.903225806451613,0.088235294117647,0.0,0.0,0.5219144324032677,12.483755416340298,4.607142857142857,0.09375,0.0,0.0,-0.1825272058176166,3.2944134208891125,3.2960829493087562,-0.005514705882353005,0.0,0.0,6,386.4,0.0,0,1,0,0,1,0,1,0,0,0,1,3,-2,0,0,0,1,0,1,0,0,0,0,0,0,0,0,0,0,0,0,0,0,0,0,0,0,0,0,0,1,0,1
401772796,2025,REG,15,2025-12-14,Sunday,13:00,BAL,CIN,24,0,Home,7,7,-162,136,-2.5,-125,105,51.5,-110,-110,1,outdoors,fieldturf,10.0,7.0,00-0034796,00-0036442,Lamar Jackson,Joe Burrow,John Harbaugh,Zac Taylor,CIN00,Paycor Stadium,0.542,0.458,-160,155,-3-110,+3+100,66.584,0.4847,0.5113,0.0038,26.34,25.16,51.5,-0.589,0.589,1.063,2.865,51.5,3.0,-3.0,Turf,Clear Day,9.4,,,8.3,299.0,-24,24,0,-21.5,LOSS,UNDER,0.1188889532990819,0.2549044671400213,0.4912280701754385,0.5689655172413793,5.9298245614035086,7.258620689655173,3.7777777777777777,3.3,1.0,0.5714285714285714,-0.2273001549514116,0.8333333333333334,0.0130689317918157,0.268834183345926,0.44,0.42,5.6,6.38,2.2,2.7,0.3333333333333333,0.6,-0.0257207681672023,0.3888888888888889,0.1058200215072662,-0.013929716205904719,0.05122807017543851,0.14896551724137935,0.3298245614035089,0.8786206896551727,1.5777777777777775,0.5999999999999996,0.6666666666666667,-0.02857142857142858,-0.20157938678420928,0.4444444444444445,0.2151532101664741,7.009764760732651,9.13888888888889,0.0263157894736842,0.0526315789473684,0.0,-0.137199906778071,-5.037570270625028,7.3428571428571425,0.0571428571428571,0.0285714285714285,0.0,0.3523531169445451,12.04733503135768,1.7960317460317468,-0.0308270676691729,0.024060150375939896,0.0,0,422.8,0.0,1,0,0,0,2,0,2,1,0,1,0,3,-3,0,0,0,1,0,1,0,0,0,0,0,0,0,0,0,0,0,0,0,0,0,0.73,0,0.73,0.61,0,0.61,1,0,1
401772797,2025,REG,15,2025-12-14,Sunday,13:00,NYJ,JAX,20,48,Home,7,7,675,-1050,13.5,-105,-115,40.5,-115,-105,0,outdoors,grass,70.0,11.0,00-0040398,00-0036971,Brady Cook,Trevor Lawrence,Aaron Glenn,Liam Coen,JAX00,TIAA Bank Stadium,0.11,0.89,700,-900,+14-110,-13½-108,33.442,0.8681,0.1308,0.001,3.75,36.75,40.5,16.503,-16.503,1.297,-13.754,40.5,-13.5,13.5,Grass,Clear Day,76.0,,,12.1,296.0,28,68,1,14.5,WIN,OVER,0.0914108012442892,-0.1885208287525534,0.4166666666666667,0.365079365079365,5.85,4.53968253968254,2.833333333333333,1.5833333333333333,0.5714285714285714,0.5,-0.0667327590113431,0.4666666666666667,-0.4528394273183572,0.206755224467313,0.3333333333333333,0.5409836065573771,3.631578947368421,5.901639344262295,0.3076923076923077,2.6153846153846154,0.0,1.0,-0.1467230826735409,0.0833333333333333,0.5442502285626464,-0.3952760532198664,0.08333333333333337,-0.1759042414780121,2.218421052631579,-1.361956804579755,2.5256410256410255,-1.0320512820512822,0.5714285714285714,-0.5,0.0799903236621978,0.38333333333333336,0.3815605838109746,-4.104318122069041,11.166666666666666,0.0,0.0,0.0,-0.4942477373861453,-18.191554320269617,9.033333333333331,0.1666666666666666,0.0555555555555555,0.0277777777777777,0.8758083211971199,14.087236198200575,2.1333333333333346,-0.1666666666666666,-0.0555555555555555,-0.0277777777777777,0,839.4,0.0,1,0,0,0,0,5,-5,0,0,0,2,1,1,0,4,-4,0,5,-5,0,1,-1,0,0,0,0,1,-1,0,1,-1,0,1,-1,0,1.76,-1.76,0,1.16,-1.16,2,1,1
401772798,2025,REG,15,2025-12-14,Sunday,13:00,LAC,KC,16,13,Home,6,7,210,-258,5.5,100,-120,41.5,-108,-112,1,outdoors,grass,,,00-0036355,00-0033873,Justin Herbert,Patrick Mahomes,Jim Harbaugh,Andy Reid,KAN00,GEHA Field at Arrowhead Stadium,0.357,0.643,245,-260,+6-108,-5½-110,78.467,0.6599,0.3373,0.0027,14.72,26.78,41.5,6.03,-6.03,5.972,1.298,41.5,-6.0,6.0,Grass,Clear Day,17.4,,,4.6,55.0,-3,29,0,-8.5,LOSS,UNDER,-0.2928953694636975,-0.0754014764213427,0.365079365079365,0.3230769230769231,4.349206349206349,4.123076923076923,0.7692307692307693,1.5384615384615383,0.5,0.5,-0.1545158122671241,0.2857142857142857,-0.2722896922987969,-0.2629917956446108,0.3098591549295774,0.3538461538461538,3.8732394366197194,5.630769230769231,1.5714285714285714,1.3571428571428572,0.3333333333333333,0.3333333333333333,-0.3265031754501531,0.3684210526315789,-0.020605677164900582,0.18759031922326808,0.05522021014978762,-0.030769230769230715,0.4759669125866295,-1.5076923076923086,-0.8021978021978021,0.18131868131868112,0.16666666666666669,0.16666666666666669,0.171987363183029,-0.08270676691729323,-0.656344702960542,-14.852203171828698,8.757575757575758,0.0588235294117647,0.088235294117647,0.0,-0.472038020790948,-15.622795794321144,10.384615384615383,0.2121212121212121,0.0303030303030303,0.0606060606060606,-0.18430668216959406,0.7705926224924458,-1.6270396270396255,-0.1532976827094474,0.05793226381461669,-0.0606060606060606,1,1366.5,2.0,0,1,0,0,4,1,3,0,2,-2,1,2,-1,2,1,1,3,1,2,0,0,0,2,0,2,0,1,-1,0,0,0,0,0,0,1.25,0,1.25,0,0,0,1,1,0
401772903,2025,REG,15,2025-12-14,Sunday,13:00,ARI,HOU,20,40,Home,7,7,455,-625,10.5,-110,-110,42.5,-112,-108,0,closed,astroturf,,,00-0033119,00-0039163,Jacoby Brissett,C.J. Stroud,Jonathan Gannon,DeMeco Ryans,HOU00,NRG Stadium,0.207,0.793,425,-550,+10-105,-10-108,63.709,0.7235,0.2742,0.0022,12.59,29.41,42.0,8.406,-8.406,3.371,-3.903,42.0,-10.0,10.0,Dome,,,,,,,20,60,1,9.5,WIN,OVER,-0.0754014764213427,-0.2928953694636975,0.3230769230769231,0.365079365079365,4.123076923076923,4.349206349206349,1.5384615384615383,0.7692307692307693,0.5,0.5,-0.14001835937156,0.4444444444444444,-0.0618625542034183,0.4385575391242012,0.3770491803278688,0.640625,5.147540983606557,8.34375,1.5454545454545454,4.090909090909091,0.5,0.8571428571428571,0.0875237862029934,0.3333333333333333,-0.013538922217924403,-0.7314529085878987,-0.05397225725094573,-0.275545634920635,-1.0244640605296347,-3.994543650793651,-0.006993006993007089,-3.3216783216783217,0.0,-0.3571428571428571,-0.22754214557455338,0.1111111111111111,0.0055545316700933,-6.10207838040811,9.838709677419354,0.088235294117647,0.0,0.0,-0.0699691518782687,-8.447311479936946,8.0,0.0638297872340425,0.0212765957446808,0.0,0.075523683548362,2.345233099528836,1.838709677419354,0.02440550688360449,-0.0212765957446808,0.0,0,1025.3,1.0,0,1,0,0,0,8,-8,0,0,0,4,5,-1,0,6,-6,0,8,-8,0,0,0,0,2,-2,0,2,-2,0,0,0,0,2,-2,0,2.66,-2.66,0,1.22,-1.22,4,3,1
401772904,2025,REG,15,2025-12-14,Sunday,13:00,CLE,CHI,3,31,Home,7,7,295,-375,7.5,-112,-108,38.5,-115,-105,0,outdoors,grass,8.0,6.0,00-0040668,00-0039918,Shedeur Sanders,Caleb Williams,Kevin Stefanski,Ben Johnson,CHI98,Soldier Field,0.171,0.829,320,-365,+7½-108,-7½-108,37.148,0.7168,0.2808,0.0022,9.88,28.12,38.0,9.122,-9.122,-0.492,-8.557,38.0,-7.5,7.5,Grass,Partly Cloudy Day,6.9,,,10.4,287.0,28,34,1,20.5,WIN,UNDER,0.1080802120255933,0.2398433382029407,0.5217391304347826,0.5294117647058824,4.594202898550725,6.627450980392157,2.333333333333333,3.111111111111111,0.5,1.0,0.1062855081557063,0.5,-0.0569276697629518,-0.0927131519657079,0.4242424242424242,0.359375,6.242424242424242,4.5625,1.9333333333333331,2.066666666666667,0.8,1.0,-0.0163653455208986,0.4285714285714285,0.16500788178854509,0.33255649016864863,0.0974967061923584,0.17003676470588236,-1.6482213438735176,2.0649509803921573,0.3999999999999999,1.0444444444444443,-0.30000000000000004,0.0,0.12265085367660489,0.07142857142857151,-0.0049687160308745,1.8537400024277828,8.514285714285714,0.0277777777777777,0.0277777777777777,0.0,0.1565183154816402,-4.73575862614732,7.261904761904762,0.0454545454545454,0.0227272727272727,0.0,-0.1614870315125147,6.589498628575103,1.2523809523809524,-0.0176767676767677,0.005050505050505,0.0,0,306.3,1.0,1,0,0,0,2,8,-6,0,0,0,1,4,-3,1,4,-3,1,5,-4,0,0,0,0,2,-2,0,1,-1,0,0,0,1,1,0,0,1.49,-1.49,0.67,0.73,-0.06,1,3,-2
401772905,2025,REG,15,2025-12-14,Sunday,13:00,WAS,NYG,29,21,Home,7,13,124,-148,2.5,-105,-115,46.5,-115,-105,1,outdoors,fieldturf,27.0,13.0,00-0032268,00-0040691,Marcus Mariota,Jaxson Dart,Dan Quinn,Brian Daboll,NYC01,MetLife Stadium,0.455,0.545,135,-150,+3-110,-2½-115,36.041,0.6044,0.3924,0.0031,18.94,26.56,45.5,3.807,-3.807,-1.518,-3.634,45.5,-2.5,2.5,Turf,Cloudy,27.2,,,14.1,318.0,-8,50,0,-10.5,LOSS,OVER,,,,,,,,,,,,,-0.4321306956342745,0.3093801282268058,0.3469387755102041,0.543859649122807,4.204081632653061,5.56140350877193,0.0,3.875,0.0,1.0,-0.1869638643741685,0.3,,,,,,,,,,,,,-0.1783397009976691,3.5155829042196274,7.666666666666667,0.074074074074074,0.0,0.0,-1.1719887550454586,-16.685374081134796,13.5,0.2,0.2,0.0,0.9936490540477896,20.200956985354424,-5.833333333333333,-0.125925925925926,-0.2,0.0,6,198.1,0.0,0,1,0,0,5,3,2,1,0,1,7,2,5,2,2,0,3,3,0,0,1,-1,0,0,0,0,0,0,2,0,2,0,1,-1,0.04,0.75,-0.71,0.88,0.8,0.08,1,1,0
401772906,2025,REG,15,2025-12-14,Sunday,13:00,LV,PHI,0,31,Home,7,6,650,-1000,12.5,-108,-112,37.5,-118,-102,0,outdoors,grass,30.0,20.0,00-0038102,00-0036389,Kenny Pickett,Jalen Hurts,Pete Carroll,Nick Sirianni,PHI00,Lincoln Financial Field,0.112,0.888,600,-850,+12½-108,-12-110,45.175,0.7824,0.2158,0.0017,7.01,29.99,37.0,11.487,-11.487,3.555,-6.72,37.0,-12.5,12.5,Grass,Snow,28.6,100%,Snow,16.4,319.0,31,31,1,18.5,WIN,UNDER,-0.2629917956446108,-0.2722896922987969,0.3538461538461538,0.3098591549295774,5.630769230769231,3.8732394366197194,1.3571428571428572,1.5714285714285714,0.3333333333333333,0.3333333333333333,-0.2735762944508145,0.3076923076923077,-0.0538481539459923,0.1552751960808554,0.3617021276595745,0.5694444444444444,4.872340425531915,4.944444444444445,2.125,2.25,0.6666666666666666,0.5,0.116817605247944,0.3333333333333333,-0.2091436416986185,-0.42756488837965234,-0.00785597381342068,-0.25958528951486703,0.7584288052373163,-1.0712050078247253,-0.7678571428571428,-0.6785714285714286,-0.3333333333333333,-0.16666666666666669,-0.3903938996987585,-0.025641025641025605,-0.396000834897545,-10.747973934600228,10.2,0.024390243902439,0.0975609756097561,0.0,0.1865919719734549,13.152427673339844,8.454545454545455,0.0909090909090909,0.0,0.0,-0.5825928068709999,-23.900401607940072,1.7454545454545443,-0.0665188470066519,0.0975609756097561,0.0,-1,2176.4,3.0,0,1,0,0,2,3,-1,0,0,0,1,3,-2,2,1,1,2,1,1,0,1,-1,1,0,1,0,0,0,1,0,1,0,0,0,0.19,1.72,-1.53,0.7,0,0.7,4,2,2
401772799,2025,REG,15,2025-12-14,Sunday,16:25,IND,SEA,16,18,Home,7,7,650,-1000,13.5,-105,-115,41.5,-108,-112,0,outdoors,fieldturf,51.0,9.0,00-0022942,00-0034869,Philip Rivers,Sam Darnold,Shane Steichen,Mike Macdonald,SEA00,Lumen Field,0.121,0.879,575,-650,+13½-110,-13-108,79.083,0.7115,0.2861,0.0023,12.08,29.42,41.5,8.673,-8.673,4.888,-2.507,41.5,-13.0,13.0,Turf,Cloudy,53.6,,,7.9,142.0,2,34,1,-11.5,LOSS,UNDER,0.151813877437845,-0.3560154553699082,0.4827586206896552,0.3548387096774194,6.293103448275862,4.419354838709677,3.363636363636364,0.8181818181818182,0.6666666666666666,0.0,0.1636604388908863,0.4615384615384615,-0.1885208287525534,0.0914108012442892,0.365079365079365,0.4166666666666667,4.53968253968254,5.85,1.5833333333333333,2.833333333333333,0.5,0.5714285714285714,-0.2742438774247421,0.5454545454545454,0.3403347061903984,-0.4474262566141974,0.11767925561029019,-0.06182795698924731,1.7534209085933217,-1.4306451612903226,1.780303030303031,-2.0151515151515147,0.16666666666666663,-0.5714285714285714,0.43790431631562843,-0.0839160839160839,0.3137929635731476,-0.2642472585042317,8.5,0.0625,0.03125,0.0,,,,,,,,,,,,,0,1867.6,3.0,1,0,0,0,2,4,-2,0,0,0,3,0,3,0,3,-3,2,4,-2,0,0,0,0,1,-1,0,1,-1,0,0,0,0,1,-1,0.12,0.56,-0.44,0,0.82,-0.82,2,3,-1
401772800,2025,REG,15,2025-12-14,Sunday,16:25,GB,DEN,26,34,Home,7,7,-122,102,-1.5,-108,-112,42.5,-115,-105,0,outdoors,grass,65.0,3.0,00-0036264,00-0039732,Jordan Love,Bo Nix,Matt LaFleur,Sean Payton,DEN00,Empower Field at Mile High,0.478,0.522,-115,120,-1-110,+2½+100,78.653,0.4648,0.5314,0.0037,22.46,20.04,42.5,-1.206,1.206,2.548,5.196,42.5,1.5,-1.5,Grass,Partly Cloudy Day,66.6,,,3.6,280.0,8,60,1,9.5,WIN,OVER,0.1552751960808554,-0.0538481539459923,0.5694444444444444,0.3617021276595745,4.944444444444445,4.872340425531915,2.25,2.125,0.5,0.6666666666666666,0.1353917813189981,0.5833333333333334,0.2398433382029407,0.1080802120255933,0.5294117647058824,0.5217391304347826,6.627450980392157,4.594202898550725,3.111111111111111,2.333333333333333,1.0,0.5,0.0937102154324141,0.6666666666666666,-0.0845681421220853,-0.1619283659715856,0.04003267973856206,-0.1600370027752081,-1.6830065359477127,0.2781375269811903,-0.8611111111111112,-0.20833333333333304,-0.5,0.16666666666666663,0.04168156588658399,-0.08333333333333326,0.1438030435672622,10.979730553097196,5.684210526315789,0.073170731707317,0.0,0.0,0.3087432060654884,12.038747901501862,12.44,0.0384615384615384,0.0384615384615384,0.0,-0.16494016249822618,-1.0590173484046659,-6.75578947368421,0.0347091932457786,-0.0384615384615384,0.0,0,927.0,1.0,1,0,0,0,2,3,-1,0,0,0,1,5,-4,0,0,0,0,0,0,0,0,0,0,0,0,0,0,0,0,0,0,0,0,0,1.47,0,1.47,0,0.12,-0.12,0,0,0
401772907,2025,REG,15,2025-12-14,Sunday,16:25,TEN,SF,24,37,Home,7,14,600,-900,12.5,-108,-112,44.5,-112,-108,0,outdoors,grass,54.0,4.0,00-0040676,00-0037834,Cam Ward,Brock Purdy,Brian Callahan,Kyle Shanahan,SFO01,Levi's Stadium,0.187,0.813,650,-800,+13-110,-12½-108,40.957,0.8299,0.1686,0.0013,8.14,36.86,45.0,14.357,-14.357,3.706,-9.19,45.0,-13.0,13.0,Grass,Cloudy,48.5,,,3.9,357.0,13,61,1,0.5,WIN,OVER,,,,,,,,,,,,,-0.0927131519657079,-0.0569276697629518,0.359375,0.4242424242424242,4.5625,6.242424242424242,2.066666666666667,1.9333333333333331,1.0,0.8,0.0271840202436346,0.3529411764705882,,,,,,,,,,,,,0.1101577165083121,9.48565926240838,8.689655172413794,0.032258064516129,0.0,0.0,-0.3028911127616523,-10.56651532649994,6.214285714285714,0.0344827586206896,0.0344827586206896,0.0,0.41304882926996445,20.052174588908322,2.475369458128079,-0.0022246941045606025,-0.0344827586206896,0.0,7,1938.3,2.0,1,0,0,0,5,1,4,0,0,0,0,5,-5,2,1,1,3,1,2,0,0,0,0,0,0,0,0,0,2,0,2,0,1,-1,0,0,0,0.81,0.54,0.27,1,0,1
401772908,2025,REG,15,2025-12-14,Sunday,16:25,CAR,NO,17,20,Home,14,7,-148,124,-2.5,-118,-102,41.5,-108,-112,1,dome,sportturf,,,00-0039150,00-0040743,Bryce Young,Tyler Shough,Dave Canales,Kellen Moore,NOR00,Mercedes-Benz Superdome,0.567,0.433,-140,130,-2½-108,+3-110,18.818,0.4721,0.5241,0.0037,21.67,19.83,41.5,-0.92,0.92,-6.626,-4.265,41.5,2.5,-2.5,Dome,,,,,,,3,37,1,5.5,WIN,UNDER,0.018192071700584,-0.1783482840616037,0.3962264150943396,0.391304347826087,4.962264150943396,4.36231884057971,2.1818181818181817,1.818181818181818,0.75,0.6666666666666666,-0.000826335019466,0.4545454545454545,,,,,,,,,,,,,,,,,,,,,,,,,0.0775312989897161,-2.251250296831131,7.9,0.1304347826086956,0.0434782608695652,0.0,0.6480780077849473,8.80542203783989,7.75,0.0909090909090909,0.0,0.0,-0.5705467087952312,-11.05667233467102,0.15000000000000036,0.039525691699604695,0.0434782608695652,0.0,-7,648.7,1.0,1,0,0,0,2,0,2,0,0,0,1,1,0,1,0,1,2,0,2,0,0,0,0,0,0,1,0,1,0,0,0,0,0,0,0.83,0,0.83,0,0,0,0,2,-2
401772909,2025,REG,15,2025-12-14,Sunday,16:25,DET,LA,34,41,Home,10,7,200,-245,5.5,-105,-115,54.5,-105,-115,0,dome,matrixturf,,,00-0033106,00-0026498,Jared Goff,Matthew Stafford,Dan Campbell,Sean McVay,LAX01,SoFi Stadium,0.241,0.759,225,-240,+6-105,-5-110,88.287,0.5917,0.405,0.0032,23.93,30.57,54.5,3.317,-3.317,6.892,4.95,54.5,-6.0,6.0,Dome,,,,,,,7,75,1,1.5,WIN,OVER,0.4385575391242012,-0.0618625542034183,0.640625,0.3770491803278688,8.34375,5.147540983606557,4.090909090909091,1.5454545454545454,0.8571428571428571,0.5,0.5475121578181228,0.375,0.3332461341799719,-0.0134620497607081,0.4909090909090909,0.4285714285714285,7.454545454545454,5.441558441558442,3.6666666666666665,2.727272727272727,0.8333333333333334,0.5,0.3797642583012389,0.375,0.1053114049442293,-0.048400504442710206,0.1497159090909091,-0.051522248243559665,0.8892045454545459,-0.2940174579518846,0.4242424242424243,-1.1818181818181817,0.023809523809523725,0.0,0.1677478995168839,0.0,0.497086309864267,4.055153458349166,7.193548387096774,0.0,0.0,0.0,0.348514564088728,9.59008643704076,6.735294117647059,0.0285714285714285,0.0,0.0,0.148571745775539,-5.534932978691594,0.45825426944971515,-0.0285714285714285,0.0,0.0,-3,1987.4,3.0,1,0,0,0,0,4,-4,0,0,0,1,5,-4,0,2,-2,0,3,-3,0,0,0,0,0,0,0,0,0,0,0,0,0,2,-2,0,0.89,-0.89,0,1.75,-1.75,0,3,-3
401772933,2025,REG,15,2025-12-14,Sunday,20:20,MIN,DAL,34,26,Home,7,10,215,-265,5.5,-110,-110,47.5,-102,-118,0,closed,matrixturf,,,00-0039923,00-0033077,J.J. McCarthy,Dak Prescott,Kevin O'Connell,Brian Schottenheimer,DAL00,AT&T Stadium,0.315,0.685,200,-230,+5-105,-4½-110,46.883,0.6124,0.3844,0.003,19.2,28.3,47.5,4.552,-4.552,0.431,-2.592,47.5,-5.0,5.0,Dome,,,,,,,-8,60,0,-13.5,LOSS,OVER,-0.0134620497607081,0.3332461341799719,0.4285714285714285,0.4909090909090909,5.441558441558442,7.454545454545454,2.727272727272727,3.6666666666666665,0.5,0.8333333333333334,9.985681193075696e-05,0.4,0.3093801282268058,-0.4321306956342745,0.543859649122807,0.3469387755102041,5.56140350877193,4.204081632653061,3.875,0.0,1.0,0.0,0.1352912409657923,0.5454545454545454,-0.32284217798751386,0.7653768298142464,-0.11528822055137855,0.14397031539888683,-0.11984506721348787,3.250463821892393,-1.147727272727273,3.6666666666666665,-0.5,0.8333333333333334,-0.13519138415386153,-0.1454545454545454,0.0188814898110644,1.232050010498534,10.574468085106384,0.0943396226415094,0.0377358490566037,0.0188679245283018,0.3430038043119823,0.1439519550489342,6.652173913043479,0.1481481481481481,0.0,0.0,-0.3241223145009179,1.0880980554495996,3.9222941720629043,-0.05380852550663871,0.0377358490566037,0.0188679245283018,3,869.4,0.0,1,0,0,0,1,0,1,0,0,0,3,2,1,1,0,1,1,0,1,0,0,0,1,0,1,0,0,0,0,0,0,0,0,0,0.58,0,0.58,0,0,0,0,0,0
401772823,2025,REG,15,2025-12-15,Monday,20:15,MIA,PIT,15,28,Home,8,8,145,-175,3.0,-102,-118,42.5,-105,-115,0,outdoors,grass,17.0,7.0,00-0036212,00-0023459,Tua Tagovailoa,Aaron Rodgers,Mike McDaniel,Mike Tomlin,PIT00,Acrisure Stadium,0.399,0.601,170,-175,+3½-110,-3-110,40.5,0.5856,0.411,0.0033,18.27,24.73,43.0,3.228,-3.228,-0.89,-2.662,43.0,-3.0,3.0,Grass,Cloudy,15.4,,,6.8,175.0,13,43,1,10.0,WIN,OVER,0.268834183345926,0.0130689317918157,0.42,0.44,6.38,5.6,2.7,2.2,0.6,0.3333333333333333,0.1436061655254369,0.4285714285714285,0.206755224467313,-0.4528394273183572,0.5409836065573771,0.3333333333333333,5.901639344262295,3.631578947368421,2.6153846153846154,0.3076923076923077,1.0,0.0,0.3612853601436797,0.2,0.062078958878613005,0.46590835911017286,-0.12098360655737711,0.10666666666666669,0.4783606557377045,1.9684210526315788,0.08461538461538476,1.8923076923076925,-0.4,0.3333333333333333,-0.21767919461824278,0.22857142857142848,0.3107812369186226,4.322721018935695,6.235294117647059,0.0,0.0,0.0,0.0756086740941761,-9.189208632423764,4.523809523809524,0.0454545454545454,0.0,0.0,0.23517256282444648,13.51192965135946,1.7114845938375352,-0.0454545454545454,0.0,0.0,0,1001.2,0.0,0,1,0,0,3,1,2,0,1,-1,2,1,1,3,0,3,3,0,3,0,0,0,1,0,1,0,0,0,1,0,1,1,0,1,0.75,0,0.75,1.74,0,1.74,0,0,0
401772949,2025,REG,16,2025-12-18,Thursday,20:15,LA,SEA,37,38,Home,4,4,102,-122,1.5,-110,-110,42.5,-105,-115,1,outdoors,fieldturf,51.0,17.0,00-0026498,00-0034869,Matthew Stafford,Sam Darnold,Sean McVay,Mike Macdonald,SEA00,Lumen Field,0.479,0.521,120,-125,+2½-110,-2-105,87.441,0.4681,0.5281,0.0037,22.43,19.57,42.0,-1.426,1.426,4.615,7.13,42.0,-1.5,1.5,Turf,Rain,51.8,100%,Rain,15.4,206.0,1,75,1,-0.5,LOSS,OVER,-0.0414401715750024,-0.0979945179833689,0.4642857142857143,0.3620689655172414,5.625,3.793103448275862,1.6363636363636365,1.6,0.0,1.0,0.1051671042629561,0.1538461538461538,0.1972362266317536,0.1559829393661674,0.5942028985507246,0.3548387096774194,7.521739130434782,6.387096774193548,3.727272727272727,3.090909090909091,0.625,0.8,0.200034915406587,0.2222222222222222,-0.238676398206756,-0.2539774573495363,-0.1299171842650103,0.0072302558398220085,-1.8967391304347823,-2.593993325917686,-2.090909090909091,-1.4909090909090907,-0.625,0.19999999999999996,-0.0948678111436309,-0.06837606837606841,0.132494400095583,0.5525342442772603,6.694444444444445,0.0285714285714285,0.0,0.0,0.2059116293584112,-0.5515403653445997,12.394736842105264,0.05,0.025,0.025,-0.0734172292628282,1.1040746096218599,-5.700292397660819,-0.0214285714285715,-0.025,-0.025,0,965.1,0.0,1,0,0,0,1,0,1,0,1,-1,0,1,-1,1,0,1,1,0,1,0,0,0,1,0,1,0,0,0,0,0,0,0,0,0,0.98,0,0.98,0,0,0,1,0,1
401772612,2025,REG,16,2025-12-20,Saturday,17:00,PHI,WAS,29,18,Home,6,6,-380,300,-7.0,-120,100,43.5,-110,-110,1,outdoors,grass,42.0,7.0,00-0036389,00-0032268,Jalen Hurts,Marcus Mariota,Nick Sirianni,Dan Quinn,WAS00,FedExField,0.749,0.251,-330,315,-7-105,+7+100,62.479,0.324,0.6733,0.0026,28.49,15.01,43.5,-6.74,6.74,-3.509,4.451,43.5,7.0,-7.0,Grass,Clear Night,40.7,,,9.7,178.0,-11,47,0,-4.0,LOSS,OVER,0.0025248458819554,0.0202733479705652,0.4909090909090909,0.4328358208955223,6.236363636363636,5.731343283582089,1.7692307692307692,1.75,0.6666666666666666,0.75,0.1709888327006598,0.2727272727272727,0.2460414260931721,-0.4101996706948349,0.5606060606060606,0.2619047619047619,5.863636363636363,1.7857142857142858,3.875,0.0,0.6666666666666666,,0.1066495993878701,0.7692307692307693,-0.2435165802112167,0.43047301866540005,-0.06969696969696965,0.1709310589907604,0.372727272727273,3.9456289978678036,-2.105769230769231,1.75,0.0,,0.06433923331278969,-0.49650349650349657,0.0716807666572164,4.152094386518001,13.63157894736842,0.0952380952380952,0.0,0.0952380952380952,0.7971131171990532,14.580761194229126,6.933333333333334,0.0625,0.0,0.0,-0.7254323505418367,-10.428666807711124,6.698245614035086,0.032738095238095205,0.0,0.0952380952380952,0,113.6,0.0,1,0,0,0,4,2,2,0,0,0,2,2,0,2,2,0,3,2,1,1,0,1,1,1,0,0,0,0,0,1,-1,0,0,0,1.36,0.19,1.17,0.24,0.7,-0.46,4,0,4
401772613,2025,REG,16,2025-12-20,Saturday,20:20,GB,CHI,16,22,Home,6,6,-102,-118,1.5,-115,-105,45.5,-115,-105,1,outdoors,grass,37.0,6.0,00-0036264,00-0039918,Jordan Love,Caleb Williams,Matt LaFleur,Ben Johnson,CHI98,Soldier Field,0.517,0.483,105,-120,+1½-105,-1-110,70.08,0.4063,0.5903,0.0032,25.6,18.9,44.5,-3.348,3.348,0.05,4.721,44.5,-1.0,1.0,Grass,Partly Cloudy Night,36.0,,,13.0,261.0,6,38,1,4.5,WIN,UNDER,0.0520793417266534,-0.466044770482573,0.4444444444444444,0.2321428571428571,5.746031746031746,3.4285714285714284,2.3846153846153846,0.25,0.8,0.0,0.1837238671529728,0.3846153846153846,0.022322196112852,0.1645561502371056,0.4126984126984127,0.484375,5.746031746031746,6.140625,2.363636363636364,2.833333333333333,0.4,1.0,-0.0534269737970333,0.4615384615384615,0.029757145613801397,-0.6306009207196785,0.031746031746031744,-0.2522321428571429,0.0,-2.7120535714285716,0.02097902097902038,-2.583333333333333,0.4,-1.0,0.2371508409500061,-0.07692307692307693,0.106030163059106,1.4367245965533786,9.821428571428571,0.0967741935483871,0.0,0.0,-0.0123420232735249,6.805002358224657,11.3,0.0697674418604651,0.0465116279069767,0.0,0.1183721863326309,-5.368277761671278,-1.4785714285714295,0.027006751687921993,-0.0465116279069767,0.0,0,183.7,0.0,0,1,0,0,3,4,-1,0,0,0,4,9,-5,1,0,1,2,0,2,0,0,0,0,0,0,1,0,1,0,0,0,0,0,0,1.19,0.03,1.16,0,0,0,3,1,2
401772801,2025,REG,16,2025-12-21,Sunday,13:00,NYJ,NO,6,29,Home,7,7,240,-298,6.5,-105,-115,39.5,-105,-115,0,dome,sportturf,,,00-0028118,00-0040743,Tyrod Taylor,Tyler Shough,Aaron Glenn,Kellen Moore,NOR00,Mercedes-Benz Superdome,0.341,0.659,250,-280,+6½+105,-6½-108,10.626,0.7751,0.2231,0.0017,8.73,31.27,40.0,11.268,-11.268,-4.726,-14.011,40.0,-6.5,6.5,Dome,,,,,,,23,35,1,16.5,WIN,UNDER,0.1064388300179921,0.1101301450838167,0.5081967213114754,0.375,5.540983606557377,5.017857142857143,2.2222222222222223,2.125,0.6666666666666666,1.0,0.0566959789183092,0.5454545454545454,-0.1568451311088428,0.3273718464182312,0.4264705882352941,0.5357142857142857,4.176470588235294,7.857142857142857,1.6666666666666667,4.0,0.6666666666666666,0.75,-0.2238615831913193,0.5333333333333333,0.2632839611268349,-0.2172417013344145,0.08172613307618132,-0.1607142857142857,1.364513018322083,-2.8392857142857135,0.5555555555555556,-1.875,0.0,0.25,0.2805575621096285,0.012121212121212088,0.2420532691986368,4.05088807305982,8.28125,0.1388888888888889,0.0,0.0,-1.5903302205260843,-41.25109910964966,4.5,0.0,0.25,0.0,1.832383489724721,45.30198718270948,3.78125,0.1388888888888889,-0.25,0.0,0,1169.8,1.0,1,0,0,0,3,3,0,0,0,0,3,2,1,2,2,0,3,2,1,0,0,0,1,0,1,1,1,0,0,1,-1,0,0,0,1.47,0.66,0.81,0,0.43,-0.43,1,4,-3
401772802,2025,REG,16,2025-12-21,Sunday,13:00,BUF,CLE,23,20,Home,7,7,-575,425,-10.5,-110,-110,41.5,-118,-102,0,outdoors,grass,25.0,16.0,00-0034857,00-0040668,Josh Allen,Shedeur Sanders,Sean McDermott,Kevin Stefanski,CLE00,FirstEnergy Stadium,0.869,0.131,-550,450,-10½-108,+10½-108,50.148,0.1899,0.8085,0.0015,33.69,7.31,41.0,-13.188,13.188,-11.277,3.662,41.0,10.5,-10.5,Grass,Partly Cloudy Day,28.2,,,19.6,261.0,-3,43,0,7.5,WIN,OVER,-0.466044770482573,0.0520793417266534,0.2321428571428571,0.4444444444444444,3.4285714285714284,5.746031746031746,0.25,2.3846153846153846,0.0,0.8,-0.4053298209328204,0.2857142857142857,0.2610677966958974,0.2442978493720022,0.46875,0.5490196078431373,5.5,7.549019607843137,3.5,3.1,0.8333333333333334,0.8,0.0996989565144758,0.5714285714285714,-0.7271125671784704,-0.19221850764534879,-0.2366071428571429,-0.10457516339869288,-2.0714285714285716,-1.802987861811391,-3.25,-0.7153846153846155,-0.8333333333333334,0.0,-0.5050287774472961,-0.2857142857142857,-0.5736813353018994,-4.563810315824324,8.657142857142857,0.125,0.075,0.0,0.3151481558811308,10.389750966658958,9.642857142857142,0.0666666666666666,0.0,0.0,-0.8888294911830301,-14.953561282483282,-0.9857142857142858,0.058333333333333404,0.075,0.0,0,173.0,0.0,1,0,0,0,6,3,3,0,0,0,3,2,1,3,1,2,4,2,2,0,0,0,1,0,1,1,0,1,0,0,0,1,0,1,0.91,0,0.91,0.67,0.17,0.5,0,0,0
401772803,2025,REG,16,2025-12-21,Sunday,13:00,KC,TEN,9,26,Home,7,7,-185,154,-3.5,100,-120,37.5,-110,-110,0,outdoors,grass,51.0,8.0,00-0035289,00-0040676,Gardner Minshew,Cam Ward,Andy Reid,Brian Callahan,NAS00,Nissan Stadium,0.574,0.426,-165,155,-3-116,+3½-110,47.435,0.3167,0.6807,0.0025,25.74,11.76,37.5,-6.993,6.993,-8.628,-0.306,37.5,3.0,-3.0,Grass,Partly Cloudy Day,53.9,,,9.9,43.0,17,35,1,20.5,WIN,UNDER,0.2322175936233828,0.2478554111191685,0.5102040816326531,0.5285714285714286,6.244897959183674,6.142857142857143,2.6666666666666665,4.625,0.75,0.6666666666666666,0.3247098456236557,0.3333333333333333,-0.1057082122376026,-0.0451614684327917,0.423728813559322,0.4754098360655737,4.050847457627119,4.852459016393443,1.3,1.6,0.3333333333333333,0.5,-0.1184325639313707,0.4615384615384615,0.3379258058609854,0.2930168795519602,0.08647526807333106,0.05316159250585489,2.1940505015565543,1.2903981264637006,1.3666666666666665,3.025,0.4166666666666667,0.16666666666666663,0.4431424095550264,-0.1282051282051282,0.0601099512784205,-2.7442482886491,5.896551724137931,0.0,0.0,0.0,-0.2148424702580086,7.048767060041428,7.2,0.0,0.2,0.0,0.27495242153642907,-9.793015348690528,-1.3034482758620696,0.0,-0.2,0.0,0,466.6,0.0,0,1,0,0,4,9,-5,0,0,0,5,0,5,1,6,-5,1,7,-6,0,0,0,0,2,-2,0,1,-1,1,2,-1,0,1,-1,0.12,2.27,-2.15,1.28,1.11,0.17,2,3,-1
401772910,2025,REG,16,2025-12-21,Sunday,13:00,LAC,DAL,34,17,Home,7,7,102,-122,1.5,-115,-105,50.5,-102,-118,0,closed,matrixturf,,,00-0036355,00-0033077,Justin Herbert,Dak Prescott,Jim Harbaugh,Brian Schottenheimer,DAL00,AT&T Stadium,0.577,0.423,100,-115,+1-108,-1-108,61.978,0.486,0.51,0.0039,25.96,25.04,51.0,-0.464,0.464,-0.074,1.588,51.0,-1.0,1.0,Dome,,,,,,,-17,51,0,-18.5,LOSS,OVER,0.1113029115772439,0.2262007339456977,0.463768115942029,0.4705882352941176,6.130434782608695,6.431372549019608,2.6,3.090909090909091,0.4,0.8,0.2121227837723218,0.1666666666666666,-0.0451614684327917,-0.1057082122376026,0.4754098360655737,0.423728813559322,4.852459016393443,4.050847457627119,1.6,1.3,0.5,0.3333333333333333,0.0917288307323457,0.3571428571428571,0.1564643800100356,0.3319089461833003,-0.011641720123544697,0.04685942173479557,1.2779757662152527,2.3805250913924887,1.0,1.7909090909090908,-0.09999999999999998,0.46666666666666673,0.1203939530399761,-0.1904761904761905,0.023973324658408,-4.063695073127747,7.263157894736842,0.05,0.0,0.0,0.0131387640389888,5.869502746141874,6.827586206896552,0.1212121212121212,0.0303030303030303,0.0,0.010834560619419198,-9.93319781926962,0.43557168784029,-0.0712121212121212,-0.0303030303030303,0.0,0,1226.8,2.0,0,1,0,0,2,2,0,0,0,0,7,5,2,2,2,0,2,2,0,0,0,0,1,0,1,0,1,-1,0,0,0,1,1,0,0.58,0,0.58,0.98,0.21,0.77,0,2,-2
401772911,2025,REG,16,2025-12-21,Sunday,13:00,MIN,NYG,16,13,Home,7,7,-148,124,-2.5,-118,-102,41.5,-115,-105,0,outdoors,fieldturf,46.0,20.0,00-0039923,00-0040691,J.J. McCarthy,Jaxson Dart,Kevin O'Connell,Brian Daboll,NYC01,MetLife Stadium,0.571,0.429,-145,125,-2½-108,+2½+100,33.423,0.5455,0.4508,0.0036,18.64,22.86,41.5,2.108,-2.108,-1.424,-2.032,41.5,2.5,-2.5,Turf,Clear Day,46.0,,,17.7,297.0,-3,29,0,-0.5,LOSS,UNDER,0.0202733479705652,0.0025248458819554,0.4328358208955223,0.4909090909090909,5.731343283582089,6.236363636363636,1.75,1.7692307692307692,0.75,0.6666666666666666,0.0909948468758432,0.1666666666666666,0.2262007339456977,0.1113029115772439,0.4705882352941176,0.463768115942029,6.431372549019608,6.130434782608695,3.090909090909091,2.6,0.8,0.4,0.0849374084672234,0.2222222222222222,-0.2059273859751325,-0.1087780656952885,-0.03775241439859528,0.027140974967061915,-0.7000292654375189,0.10592885375494099,-1.3409090909090908,-0.8307692307692309,-0.050000000000000044,0.2666666666666666,0.006057438408619789,-0.05555555555555561,0.034554405620365,-3.797667154244014,11.833333333333334,0.027027027027027,0.027027027027027,0.0,0.5007569648579251,1.6888683040936785,10.375,0.0,0.0416666666666666,0.0,-0.4662025592375601,-5.486535458337693,1.458333333333334,0.027027027027027,-0.014639639639639601,0.0,0,1010.0,1.0,0,1,0,0,4,4,0,0,0,0,4,1,3,2,2,0,2,2,0,0,0,0,0,1,-1,0,0,0,2,1,1,0,0,0,0.04,0.8,-0.76,0.88,0.36,0.52,2,3,-1
401772912,2025,REG,16,2025-12-21,Sunday,13:00,TB,CAR,20,23,Home,10,7,-155,130,-3.0,100,-120,44.5,-108,-112,1,outdoors,grass,61.0,8.0,00-0034855,00-0039150,Baker Mayfield,Bryce Young,Todd Bowles,Dave Canales,CAR00,Bank of America Stadium,0.626,0.374,-155,135,-3+100,+3-110,36.856,0.4355,0.5609,0.0035,24.51,19.99,44.5,-2.264,2.264,-4.301,-0.848,44.5,3.0,-3.0,Grass,Partly Cloudy Day,57.7,,,7.9,354.0,3,43,1,6.0,WIN,UNDER,0.1101301450838167,0.1064388300179921,0.375,0.5081967213114754,5.017857142857143,5.540983606557377,2.125,2.2222222222222223,1.0,0.6666666666666666,-0.0997854236995455,0.5,0.0551073006132012,0.2173615541685331,0.4677419354838709,0.4925373134328358,5.483870967741935,7.104477611940299,2.5454545454545454,2.9,1.0,1.0,0.0225805637742999,0.4444444444444444,0.0550228444706155,-0.11092272415054098,-0.09274193548387089,0.01565940787863962,-0.4660138248847918,-1.5634940053829212,-0.4204545454545454,-0.6777777777777776,0.0,-0.33333333333333337,-0.1223659874738454,0.05555555555555558,0.3078955081554015,7.088887244462967,8.541666666666666,0.04,0.0,0.0,0.1104232393167491,-1.120820548385382,10.558823529411764,0.125,0.025,0.0,0.1974722688386524,8.209707792848349,-2.0171568627450984,-0.08499999999999999,-0.025,0.0,-3,510.2,0.0,0,1,0,0,2,0,2,0,0,0,2,0,2,2,0,2,2,0,2,0,0,0,0,0,0,0,0,0,2,0,2,0,0,0,0,0,0,1.77,0,1.77,0,2,-2
401772934,2025,REG,16,2025-12-21,Sunday,13:00,CIN,MIA,45,21,Home,7,6,-205,170,-3.5,-120,100,48.5,-112,-108,0,outdoors,grass,81.0,7.0,00-0036442,00-0040234,Joe Burrow,Quinn Ewers,Zac Taylor,Mike McDaniel,MIA00,Hard Rock Stadium,0.453,0.547,-180,170,-3½-108,+4-110,43.325,0.2895,0.7081,0.0023,32.1,16.4,48.5,-7.846,7.846,-8.963,0.279,48.5,3.5,-3.5,Grass,Partly Cloudy Day,80.0,,,8.3,99.0,-24,66,0,-20.5,LOSS,OVER,-0.0402787194011357,0.223225180653014,0.42,0.532258064516129,5.7,5.419354838709677,1.5,3.111111111111111,1.0,1.0,0.1870315913566185,0.25,-0.3091005075363848,0.2074522312475908,0.380281690140845,0.4594594594594595,4.197183098591549,8.64864864864865,0.0,2.0,0.0,0.5,0.0450383051819003,0.2,0.2688217881352491,0.015772949405423203,0.03971830985915498,0.07279860505666952,1.5028169014084511,-3.229293809938972,1.5,1.1111111111111112,1.0,0.5,0.1419932861747182,0.04999999999999999,-0.3039908782113343,-5.593042075634001,9.0,0.2,0.0,0.1,-0.327363012321127,2.632432803511619,7.282051282051282,0.0714285714285714,0.0476190476190476,0.0,0.02337213410979272,-8.22547487914562,1.717948717948718,0.12857142857142861,-0.0476190476190476,0.1,-1,941.0,0.0,0,1,0,0,3,3,0,0,0,0,3,4,-1,1,2,-1,2,3,-1,0,0,0,0,0,0,0,1,-1,0,1,-1,1,0,1,0,0.24,-0.24,0.89,0.63,0.26,2,0,2
401772913,2025,REG,16,2025-12-21,Sunday,16:05,JAX,DEN,34,20,Home,7,7,145,-175,3.5,-120,100,46.5,-108,-112,0,outdoors,grass,62.0,3.0,00-0036971,00-0039732,Trevor Lawrence,Bo Nix,Liam Coen,Sean Payton,DEN00,Empower Field at Mile High,0.398,0.602,165,-180,+3½-110,-3½+100,69.588,0.5723,0.4243,0.0034,20.37,26.13,46.5,2.88,-2.88,2.986,1.711,46.5,-3.5,3.5,Grass,Partly Cloudy Day,66.7,,,8.8,124.0,-14,54,0,-17.5,LOSS,OVER,0.1645561502371056,0.022322196112852,0.484375,0.4126984126984127,6.140625,5.746031746031746,2.833333333333333,2.363636363636364,1.0,0.4,0.2568974056108951,0.3636363636363636,0.3273718464182312,-0.1568451311088428,0.5357142857142857,0.4264705882352941,7.857142857142857,4.176470588235294,4.0,1.6666666666666667,0.75,0.6666666666666666,0.2693724678101716,0.4444444444444444,-0.1628156961811256,0.1791673272216948,-0.0513392857142857,-0.013772175536881426,-1.7165178571428568,1.5695611577964517,-1.166666666666667,0.6969696969696975,0.25,-0.2666666666666666,-0.012475062199276521,-0.08080808080808083,0.605534584249493,8.582598064094782,9.5,0.0,0.0,0.0,0.7426830055127103,12.163385429552624,10.8125,0.0,0.0,0.0,-0.13714842126321725,-3.5807873654578426,-1.3125,0.0,0.0,0.0,0,1468.3,2.0,1,0,0,0,2,3,-1,0,0,0,1,0,1,0,1,-1,2,2,0,0,0,0,0,0,0,0,1,-1,0,0,0,0,0,0,0,0.18,-0.18,0,0,0,1,1,0
401772914,2025,REG,16,2025-12-21,Sunday,16:05,ATL,ARI,26,19,Home,10,7,-148,124,-2.5,-115,-105,48.5,-105,-115,0,closed,grass,,,00-0029604,00-0033119,Kirk Cousins,Jacoby Brissett,Raheem Morris,Jonathan Gannon,PHO00,State Farm Stadium,0.529,0.471,-145,130,-2½+100,+2½+100,40.531,0.5261,0.4701,0.0037,23.2,25.3,48.5,1.046,-1.046,-4.273,-4.004,48.5,2.5,-2.5,Dome,,,,,,,-7,45,0,-4.5,LOSS,UNDER,0.0120794463380225,0.2483001298040295,0.46875,0.4833333333333333,4.796875,6.65,2.0,3.636363636363636,0.75,0.5714285714285714,0.0657521942666789,0.4166666666666667,0.2173615541685331,0.0551073006132012,0.4925373134328358,0.4677419354838709,7.104477611940299,5.483870967741935,2.9,2.5454545454545454,1.0,1.0,0.1735089827660594,0.4545454545454545,-0.2052821078305106,0.19319282919082828,-0.0237873134328358,0.015591397849462396,-2.3076026119402986,1.1661290322580653,-0.8999999999999999,1.0909090909090904,-0.25,-0.4285714285714286,-0.10775678849938049,-0.03787878787878779,-0.0416561333685247,1.1547101171393144,6.4,0.0465116279069767,0.0232558139534883,0.0,0.3663213073722715,7.697924971580505,7.659090909090909,0.0217391304347826,0.0,0.0217391304347826,-0.40797744074079617,-6.5432148544411906,-1.2590909090909088,0.0247724974721941,0.0232558139534883,-0.0217391304347826,-3,1597.8,2.0,1,0,0,0,5,3,2,0,0,0,5,3,2,4,1,3,4,1,3,0,0,0,2,0,2,0,0,0,0,0,0,2,1,1,1.56,0,1.56,1.7,0.13,1.57,2,0,2
401772805,2025,REG,16,2025-12-21,Sunday,16:25,LV,HOU,21,23,Home,7,7,900,-1600,14.5,-115,-105,39.5,-110,-110,0,closed,astroturf,,,00-0030565,00-0039163,Geno Smith,C.J. Stroud,Pete Carroll,DeMeco Ryans,HOU00,NRG Stadium,0.133,0.867,900,-1200,+14+100,-14-108,44.237,0.8079,0.1905,0.0015,6.69,32.81,39.5,13.056,-13.056,3.845,-8.201,39.5,-14.0,14.0,Dome,,,,,,,2,44,1,-12.5,LOSS,OVER,0.2483001298040295,0.0120794463380225,0.4833333333333333,0.46875,6.65,4.796875,3.636363636363636,2.0,0.5714285714285714,0.75,0.1780761547470319,0.5384615384615384,-0.4101996706948349,0.2460414260931721,0.2619047619047619,0.5606060606060606,1.7857142857142858,5.863636363636363,0.0,3.875,,0.6666666666666666,-0.2669083712389692,0.25,0.6584998004988644,-0.2339619797551496,0.22142857142857136,-0.09185606060606055,4.864285714285715,-1.0667613636363633,3.636363636363636,-1.875,,0.08333333333333337,0.44498452598600113,0.28846153846153844,0.5150988194163456,11.928566144062923,4.0344827586206895,0.0344827586206896,0.0,0.0,-0.111890937257461,5.479704671435886,7.190476190476191,0.125,0.0,0.0,0.6269897566738066,6.448861472627037,-3.155993431855501,-0.0905172413793104,0.0,0.0,0,1226.8,2.0,0,1,0,0,0,1,-1,0,0,0,7,1,6,0,0,0,0,0,0,0,0,0,0,0,0,0,0,0,0,0,0,0,0,0,0,0.98,-0.98,0,0,0,1,0,1
401772806,2025,REG,16,2025-12-21,Sunday,16:25,PIT,DET,29,24,Home,6,7,330,-425,7.5,-105,-115,52.5,-115,-105,0,dome,fieldturf,,,00-0023459,00-0033106,Aaron Rodgers,Jared Goff,Mike Tomlin,Dan Campbell,DET00,Ford Field,0.297,0.703,350,-400,+7½+100,-7½-108,67.047,0.668,0.3293,0.0026,19.35,32.65,52.0,6.653,-6.653,4.969,-0.433,52.0,-7.5,7.5,Dome,,,,,,,-5,53,0,-12.5,LOSS,OVER,0.1559829393661674,0.1972362266317536,0.3548387096774194,0.5942028985507246,6.387096774193548,7.521739130434782,3.090909090909091,3.727272727272727,0.8,0.625,0.0501294214456878,0.3571428571428571,0.223225180653014,-0.0402787194011357,0.532258064516129,0.42,5.419354838709677,5.7,3.111111111111111,1.5,1.0,1.0,0.1492558323446681,0.3076923076923077,-0.06724224128684661,0.2375149460328893,-0.17741935483870963,0.17420289855072463,0.967741935483871,1.821739130434782,-0.020202020202020332,2.227272727272727,-0.19999999999999996,-0.375,-0.0991264108989803,0.049450549450549386,0.3047999929404496,-0.5944612779115378,8.463414634146341,0.0238095238095238,0.0,0.0,0.370904482070667,10.425291017249778,3.4074074074074074,0.1,0.0,0.0,-0.06610448913021738,-11.019752295161316,5.0560072267389335,-0.0761904761904762,0.0,0.0,1,204.4,0.0,1,0,0,0,2,3,-1,0,1,-1,5,1,4,1,3,-2,1,3,-2,0,0,0,0,1,-1,0,0,0,0,1,-1,1,1,0,1,0.8,0.2,0.83,1.74,-0.91,1,0,1
401772804,2025,REG,16,2025-12-21,Sunday,20:20,NE,BAL,28,24,Home,7,7,154,-185,3.5,-115,-105,48.5,-112,-108,0,outdoors,grass,40.0,2.0,00-0039851,00-0034796,Drake Maye,Lamar Jackson,Mike Vrabel,John Harbaugh,BAL00,M&T Bank Stadium,0.427,0.573,190,-200,+3½+105,-4-105,68.75,0.5984,0.3984,0.0032,20.09,27.91,48.0,3.913,-3.913,3.287,0.866,48.0,-3.5,3.5,Grass,Clear Night,36.7,,,7.1,320.0,-4,52,0,-7.5,LOSS,OVER,0.2074522312475908,-0.3091005075363848,0.4594594594594595,0.380281690140845,8.64864864864865,4.197183098591549,2.0,0.0,0.5,0.0,0.2700774225917074,0.2857142857142857,0.2442978493720022,0.2610677966958974,0.5490196078431373,0.46875,7.549019607843137,5.5,3.1,3.5,0.8,0.8333333333333334,0.3559311423360782,0.5,-0.036845618124411395,-0.5701683042322823,-0.08956014838367782,-0.08846830985915499,1.099629040805512,-1.302816901408451,-1.1,-3.5,-0.30000000000000004,-0.8333333333333334,-0.08585371974437078,-0.2142857142857143,0.0044135312972266,6.799069543679555,10.75,0.25,0.0625,0.0625,-0.1309656904229016,-0.5315368825739074,10.608695652173912,0.1153846153846153,0.0384615384615384,0.0,0.1353792217201282,7.330606426253462,0.1413043478260878,0.1346153846153847,0.0240384615384616,0.0625,0,341.4,0.0,1,0,0,0,2,1,1,1,0,1,3,4,-1,1,1,0,1,1,0,0,0,0,0,0,0,0,0,0,1,1,0,0,0,0,0,0,0,0.16,0.69,-0.53,1,1,0
401772824,2025,REG,16,2025-12-22,Monday,20:15,SF,IND,48,27,Home,8,8,-225,185,-4.5,-105,-115,46.5,-118,-102,0,closed,fieldturf,,,00-0037834,00-0022942,Brock Purdy,Philip Rivers,Kyle Shanahan,Shane Steichen,IND00,Lucas Oil Stadium,0.642,0.358,-210,190,-4-105,+4-105,77.893,0.3778,0.6191,0.003,27.76,18.74,46.5,-4.511,4.511,-2.227,3.339,46.5,4.0,-4.0,Dome,,,,,,,-21,75,0,-16.5,LOSS,OVER,-0.0979945179833689,-0.0414401715750024,0.3620689655172414,0.4642857142857143,3.793103448275862,5.625,1.6,1.6363636363636365,1.0,0.0,-0.107542961604324,0.3846153846153846,0.2478554111191685,0.2322175936233828,0.5285714285714286,0.5102040816326531,6.142857142857143,6.244897959183674,4.625,2.6666666666666665,0.6666666666666666,0.75,0.0936267870759669,0.6,-0.3458499291025374,-0.2736577651983852,-0.1665024630541872,-0.04591836734693877,-2.349753694581281,-0.6198979591836737,-3.025,-1.03030303030303,0.33333333333333337,-0.75,-0.20116974868029092,-0.2153846153846154,-0.0904752534100249,-0.4007951571391187,5.25925925925926,0.0357142857142857,0.0357142857142857,0.0,0.5577307406028804,20.512004515954427,8.366666666666667,0.0625,0.0,0.03125,-0.6482059940129054,-20.912799673093545,-3.1074074074074067,-0.0267857142857143,0.0357142857142857,-0.03125,0,1927.9,3.0,0,1,0,0,5,3,2,0,0,0,0,1,-1,3,1,2,3,2,1,0,0,0,1,0,1,1,0,1,0,0,0,1,1,0,0.74,0.58,0.16,0.03,0.98,-0.95,3,0,3
401772710,2025,REG,17,2025-12-25,Thursday,13:00,DAL,WAS,30,23,Home,4,5,-500,380,-8.5,-120,100,50.5,-108,-112,1,outdoors,grass,50.0,7.0,00-0033077,00-0026300,Dak Prescott,Josh Johnson,Brian Schottenheimer,Dan Quinn,WAS00,FedExField,0.735,0.265,-420,370,-8½-105,+8½-105,46.168,0.4262,0.5702,0.0034,27.95,22.55,50.5,-2.701,2.701,-4.331,-0.564,50.5,8.5,-8.5,Grass,Partly Cloudy Day,52.4,,,7.7,277.0,-7,53,0,1.5,WIN,OVER,-0.125044544099102,0.2896811006046502,0.4117647058823529,0.5230769230769231,4.372549019607843,5.984615384615385,1.8,2.9,0.6666666666666666,1.0,0.0255999713457034,0.2,0.0342270016826607,0.4464467190914071,0.4821428571428571,0.5737704918032787,6.071428571428571,7.442622950819672,1.8888888888888888,4.25,0.5,0.6666666666666666,0.0669270253711147,0.4444444444444444,-0.15927154578176272,-0.1567656184867569,-0.07037815126050417,-0.05069356872635555,-1.6988795518207285,-1.4580075662042873,-0.0888888888888888,-1.35,0.16666666666666663,0.33333333333333337,-0.0413270540254113,-0.2444444444444444,-0.4519196375156752,-15.38250371813774,2.555555555555556,0.1,0.1,0.0,0.4120434557126117,3.985550800959269,10.133333333333333,0.032258064516129,0.0,0.0,-0.8639630932282869,-19.368054519097008,-7.5777777777777775,0.067741935483871,0.1,0.0,1,1207.4,1.0,0,1,0,0,5,5,0,0,0,0,1,4,-3,3,2,1,3,2,1,1,0,1,1,1,0,0,0,0,1,1,0,0,0,0,1.82,0.58,1.24,0.53,0.09,0.44,3,1,2
401772711,2025,REG,17,2025-12-25,Thursday,16:30,DET,MIN,10,23,Home,4,4,-360,285,-7.0,-120,100,45.5,-115,-105,1,dome,sportturf,,,00-0033106,00-0040494,Jared Goff,Max Brosmer,Dan Campbell,Kevin O'Connell,MIN01,U.S. Bank Stadium,0.733,0.267,-360,305,-7-110,+7½-110,62.354,0.2503,0.7476,0.002,32.52,12.48,45.0,-10.023,10.023,-7.176,4.503,45.0,7.5,-7.5,Dome,,,,,,,13,33,1,20.0,WIN,UNDER,-0.0567128755605469,-0.3790469533118428,0.4909090909090909,0.2916666666666667,4.418181818181818,2.9375,1.7777777777777777,0.875,0.3333333333333333,0.0,-0.3648995211814985,0.5833333333333334,0.1013121423704874,0.2117451658375279,0.4264705882352941,0.4142857142857143,5.323529411764706,6.871428571428571,2.1818181818181817,2.7,0.5,0.5,0.0054696082844006,0.4,-0.1580250179310343,-0.5907921191493707,0.0644385026737968,-0.12261904761904763,-0.9053475935828876,-3.933928571428571,-0.404040404040404,-1.8250000000000002,-0.16666666666666669,-0.5,-0.37036912946589906,0.18333333333333335,-0.0543318698122754,10.70216198762258,6.0,0.1,0.0,0.0,0.1903824823705817,-7.189259334252431,5.833333333333333,0.0526315789473684,0.0,0.0,-0.2447143521828571,17.89142132187501,0.16666666666666696,0.04736842105263161,0.0,0.0,0,541.5,1.0,1,0,0,0,5,2,3,0,0,0,1,11,-10,3,1,2,4,1,3,1,0,1,1,0,1,1,0,1,0,0,0,0,1,-1,1.68,1,0.68,0,0.93,-0.93,0,3,-3
401772622,2025,REG,17,2025-12-25,Thursday,20:15,DEN,KC,20,13,Home,4,4,-1100,700,-13.5,-105,-115,37.5,100,-120,1,outdoors,grass,,,00-0039732,00-0037324,Bo Nix,Chris Oladokun,Sean Payton,Andy Reid,KAN00,GEHA Field at Arrowhead Stadium,0.873,0.127,-900,675,-13-105,+13-105,77.995,0.4362,0.5602,0.0035,21.42,16.58,38.0,-2.417,2.417,-1.368,2.491,38.0,13.5,-13.5,Grass,Clear Night,57.8,,,5.8,82.0,-7,33,0,6.5,WIN,UNDER,-0.312503959352608,0.0446609744053351,0.3488372093023256,0.4411764705882353,3.0930232558139537,5.5588235294117645,0.9,2.1818181818181817,0.0,0.6,-0.0735105387085738,0.1111111111111111,-0.033010765424292,0.0876605460587635,0.4461538461538462,0.3676470588235294,6.846153846153846,5.088235294117647,1.6666666666666667,2.833333333333333,0.6666666666666666,0.8,0.109737915280372,0.3571428571428571,-0.279493193928316,-0.0429995716534284,-0.09731663685152059,0.0735294117647059,-3.753130590339892,0.47058823529411775,-0.7666666666666667,-0.6515151515151514,-0.6666666666666666,-0.20000000000000007,-0.1832484539889458,-0.246031746031746,-0.2895512917511921,-1.6638477643330891,5.0,0.2,0.0,0.05,0.0060372722107489,-3.132745720770048,9.5531914893617,0.0208333333333333,0.0208333333333333,0.0,-0.295588563961941,1.4688979564369589,-4.5531914893617,0.1791666666666667,-0.0208333333333333,0.05,0,564.3,1.0,0,1,0,0,1,5,-4,0,0,0,5,0,5,0,2,-2,0,3,-3,0,0,0,0,1,-1,0,0,0,0,1,-1,0,0,0,0,1.75,-1.75,0,0.71,-0.71,3,1,2
401772951,2025,REG,17,2025-12-27,Saturday,16:30,HOU,LAC,20,16,Home,6,6,-102,-118,1.5,-115,-105,40.5,-105,-115,0,dome,matrixturf,,,00-0039163,00-0036355,C.J. Stroud,Justin Herbert,DeMeco Ryans,Jim Harbaugh,LAX01,SoFi Stadium,0.518,0.482,105,-115,+1½-110,-1-105,73.431,0.5241,0.4721,0.0037,19.69,21.31,41.0,0.811,-0.811,2.205,3.307,41.0,-1.0,1.0,Dome,,,,,,,-4,36,0,-5.5,LOSS,UNDER,0.4464467190914071,0.0342270016826607,0.5737704918032787,0.4821428571428571,7.442622950819672,6.071428571428571,4.25,1.8888888888888888,0.6666666666666666,0.5,0.3595935872412519,0.6363636363636364,-0.1585879642628525,-0.0424777665087636,0.3728813559322034,0.3773584905660377,4.610169491525424,5.943396226415095,1.4166666666666667,1.9090909090909087,0.3333333333333333,1.0,-0.211603015400628,0.4666666666666667,0.6050346833542596,0.0767047681914243,0.20088913587107526,0.10478436657681939,2.832453459294248,0.1280323450134766,2.833333333333333,-0.020202020202019888,0.3333333333333333,-0.5,0.5711966026418799,0.16969696969696968,0.8188386754691265,18.78742820450238,9.275862068965518,0.0,0.0,0.0,0.0824541317639958,-1.5157653128399573,8.714285714285714,0.0,0.0,0.0,0.7363845437051306,20.303193517342336,0.5615763546798043,0.0,0.0,0.0,0,1375.0,2.0,1,0,0,0,4,5,-1,0,0,0,3,1,2,2,1,1,4,2,2,0,0,0,1,1,0,1,0,1,0,0,0,0,0,0,0.08,1.36,-1.28,0.71,0.03,0.68,1,0,1
401772953,2025,REG,17,2025-12-27,Saturday,20:00,BAL,GB,41,24,Home,6,7,120,-142,2.5,-108,-112,38.5,-115,-105,0,outdoors,grass,36.0,10.0,00-0035993,00-0038128,Tyler Huntley,Malik Willis,John Harbaugh,Matt LaFleur,GNB00,Lambeau Field,0.412,0.588,125,-130,+2½-110,-2-105,79.38,0.5803,0.4163,0.0033,16.01,21.49,37.5,2.743,-2.743,-1.529,-2.774,37.5,-2.5,2.5,Grass,Cloudy,36.1,,,10.2,150.0,-17,65,0,-19.5,LOSS,OVER,0.0608847816638271,0.1006365612826786,0.5,0.4666666666666667,5.676470588235294,6.666666666666667,1.6,2.4444444444444446,0.0,0.5,0.1028655543297371,0.5,0.1051973278112412,0.2109218988017103,0.5094339622641509,0.5294117647058824,6.245283018867925,6.75,2.4,2.8,0.75,0.6,-0.0122473751779623,0.6363636363636364,-0.0443125461474141,-0.1102853375190317,-0.009433962264150941,-0.06274509803921569,-0.5688124306326303,-0.08333333333333304,-0.7999999999999998,-0.3555555555555552,-0.75,-0.09999999999999998,0.1151129295076994,-0.13636363636363635,0.5803958993001241,20.27661746198481,8.181818181818182,0.1538461538461538,0.0,0.0,0.1036755731968808,24.7714826464653,5.4,0.0909090909090909,0.0,0.0,0.47672032610324333,-4.494865184480492,2.7818181818181813,0.0629370629370629,0.0,0.0,1,689.3,1.0,1,0,0,0,3,1,2,0,1,-1,8,1,7,1,0,1,2,0,2,1,0,1,0,0,0,0,0,0,0,0,0,0,0,0,0.36,0,0.36,0,0.34,-0.34,0,1,-1
401772807,2025,REG,17,2025-12-28,Sunday,13:00,PIT,CLE,6,13,Home,7,7,-205,170,-4.5,-108,-112,35.5,-112,-108,1,outdoors,grass,45.0,14.0,00-0023459,00-0040668,Aaron Rodgers,Shedeur Sanders,Mike Tomlin,Kevin Stefanski,CLE00,FirstEnergy Stadium,0.779,0.221,-210,190,-3½-108,+4-110,39.751,0.2841,0.7135,0.0022,26.19,8.31,34.5,-8.944,8.944,-10.545,0.142,34.5,4.0,-4.0,Grass,Cloudy,48.0,,,19.5,151.0,7,19,1,11.5,WIN,UNDER,-0.0958797609217426,0.0607829014360692,0.46875,0.5416666666666666,4.59375,5.4375,2.0,2.3,0.5,0.75,-0.2080437330723911,0.5714285714285714,0.2117451658375279,0.1013121423704874,0.4142857142857143,0.4264705882352941,6.871428571428571,5.323529411764706,2.7,2.1818181818181817,0.5,0.5,0.0662695507042092,0.5,-0.3076249267592705,-0.0405292409344182,0.05446428571428569,0.11519607843137253,-2.277678571428571,0.11397058823529438,-0.7000000000000002,0.11818181818181817,0.0,0.25,-0.2743132837766003,0.0714285714285714,-0.3763837636882496,1.3728872493461333,1.862068965517241,0.064516129032258,0.064516129032258,0.0,0.2563683093329432,-1.3820029403034009,8.170731707317072,0.0465116279069767,0.0,0.0,-0.6327520730211929,2.754890189649534,-6.308662741799831,0.01800450112528129,0.064516129032258,0.0,0,114.3,0.0,1,0,0,0,2,4,-2,0,0,0,6,2,4,0,4,-4,1,4,-3,0,0,0,0,0,0,0,1,-1,0,1,-1,0,2,-2,0.09,0.16,-0.07,0,1.94,-1.94,2,1,1
401772808,2025,REG,17,2025-12-28,Sunday,13:00,NE,NYJ,42,10,Home,7,7,-950,625,-12.5,-120,100,42.5,-112,-108,1,outdoors,fieldturf,29.0,4.0,00-0039851,00-0028118,Drake Maye,Tyrod Taylor,Mike Vrabel,Aaron Glenn,NYC01,MetLife Stadium,0.855,0.145,-800,650,-13-108,+13-108,34.244,0.1753,0.8233,0.0014,35.69,6.81,42.5,-14.443,14.443,-14.363,1.263,42.5,13.0,-13.0,Turf,Partly Cloudy Day,30.7,,,7.7,249.0,-32,52,0,-19.5,LOSS,OVER,-0.3565103556337593,-0.0057961870075921,0.3015873015873015,0.4025974025974026,3.095238095238096,5.35064935064935,0.5454545454545454,2.636363636363636,0.0,0.4,-0.0877905721784124,0.1333333333333333,0.2109218988017103,0.1051973278112412,0.5294117647058824,0.5094339622641509,6.75,6.245283018867925,2.8,2.4,0.6,0.75,0.2862469374470167,0.3333333333333333,-0.5674322544354696,-0.11099351481883331,-0.22782446311858084,-0.10683655966674832,-3.654761904761904,-0.8946336682185745,-2.2545454545454544,0.2363636363636359,-0.6,-0.35,-0.3740375096254291,-0.2,-1.5903302205260843,-41.25109910964966,4.5,0.0,0.25,0.0,0.313796399709722,12.496597922983623,10.772727272727272,0.0638297872340425,0.0212765957446808,0.0212765957446808,-1.9041266202358063,-53.74769703263328,-6.272727272727272,-0.0638297872340425,0.2287234042553192,-0.0212765957446808,0,170.2,0.0,1,0,0,0,4,7,-3,0,0,0,1,3,-2,4,4,0,4,6,-2,0,0,0,0,1,-1,1,0,1,3,3,0,0,0,0,0.66,2.28,-1.62,1.12,1.69,-0.57,4,0,4
401772809,2025,REG,17,2025-12-28,Sunday,13:00,NO,TEN,34,26,Home,7,7,-120,100,-1.5,-110,-110,39.5,-118,-102,0,outdoors,grass,71.0,14.0,00-0040743,00-0040676,Tyler Shough,Cam Ward,Kellen Moore,Brian Callahan,NAS00,Nissan Stadium,0.543,0.457,-108,100,+0-108,+1-110,11.532,0.4442,0.5522,0.0035,21.62,16.89,38.5,-2.365,2.365,-7.74,-4.367,38.5,1.0,-1.0,Grass,Cloudy,71.8,,,19.9,210.0,-8,60,0,-6.5,LOSS,OVER,0.0446609744053351,-0.312503959352608,0.4411764705882353,0.3488372093023256,5.5588235294117645,3.0930232558139537,2.1818181818181817,0.9,0.6,0.0,0.0715733148192521,0.5294117647058824,-0.0057961870075921,-0.3565103556337593,0.4025974025974026,0.3015873015873015,5.35064935064935,3.095238095238096,2.636363636363636,0.5454545454545454,0.4,0.0,-0.0922496940595386,0.4705882352941176,0.0504571614129272,0.04400639628115133,0.03857906799083266,0.047249907715024075,0.20817417876241429,-0.0022148394241421343,-0.45454545454545414,0.3545454545454546,0.19999999999999996,0.0,0.1638230088787907,0.058823529411764774,0.2256373318765933,10.43735632189998,5.821428571428571,0.0666666666666666,0.0,0.0,0.0541078013166559,-1.516262992568638,7.897959183673469,0.0588235294117647,0.0,0.0,0.1715295305599374,11.953619314468618,-2.0765306122448974,0.007843137254901898,0.0,0.0,0,470.2,0.0,0,1,0,0,3,4,-1,0,0,0,2,3,-1,1,3,-2,1,3,-2,0,0,0,0,1,-1,0,1,-1,0,1,-1,1,0,1,0.12,0.87,-0.75,0.74,0.44,0.3,0,0,0
401772915,2025,REG,17,2025-12-28,Sunday,13:00,JAX,IND,23,17,Home,7,6,-225,185,-3.5,-115,-105,48.5,-108,-112,1,closed,fieldturf,,,00-0036971,00-0022942,Trevor Lawrence,Philip Rivers,Liam Coen,Shane Steichen,IND00,Lucas Oil Stadium,0.662,0.338,-200,185,-4-105,+4-105,72.2,0.4169,0.5796,0.0033,27.57,20.93,48.5,-3.318,3.318,-2.37,2.13,48.5,4.0,-4.0,Dome,,,,,,,-6,40,0,-2.5,LOSS,UNDER,-0.0367805462052329,0.4026968567348456,0.5,0.5238095238095238,5.379310344827586,7.031746031746032,2.7,3.8181818181818175,1.0,0.625,-0.1159011165604015,0.5,0.0876605460587635,-0.033010765424292,0.3676470588235294,0.4461538461538462,5.088235294117647,6.846153846153846,2.833333333333333,1.6666666666666667,0.8,0.6666666666666666,-0.0655781887845975,0.5333333333333333,-0.1244410922639964,0.4357076221591376,0.13235294117647062,0.07765567765567766,0.29107505070993955,0.18559218559218582,-0.13333333333333286,2.1515151515151505,0.19999999999999996,-0.04166666666666663,-0.05032292777580401,-0.033333333333333326,0.0779699650629691,-1.1699027674538742,9.571428571428571,0.054054054054054,0.027027027027027,0.027027027027027,0.2238776722101687,5.511070106710706,7.805555555555555,0.1219512195121951,0.0,0.0,-0.14590770714719958,-6.68097287416458,1.7658730158730158,-0.0678971654581411,0.027027027027027,0.027027027027027,-1,700.2,0.0,1,0,0,0,8,4,4,0,0,0,2,2,0,3,2,1,4,3,1,0,0,0,2,1,1,1,0,1,0,0,0,0,1,-1,1.28,0.27,1.01,0.67,0.68,-0.01,3,2,1
401772916,2025,REG,17,2025-12-28,Sunday,13:00,TB,MIA,17,20,Home,7,7,-250,205,-5.5,-108,-112,44.5,-118,-102,0,outdoors,grass,80.0,3.0,00-0034855,00-0040234,Baker Mayfield,Quinn Ewers,Todd Bowles,Mike McDaniel,MIA00,Hard Rock Stadium,0.665,0.335,-240,210,-5½-108,+5½-108,36.713,0.3081,0.6894,0.0024,29.41,14.59,44.0,-7.408,7.408,-9.628,-1.258,44.0,5.5,-5.5,Grass,Clear Day,79.8,,,5.0,66.0,3,37,1,8.5,WIN,UNDER,-0.0574369477499517,0.3721539016830053,0.3448275862068966,0.5573770491803278,6.706896551724138,6.672131147540983,1.75,3.75,1.0,1.0,0.2142119134052494,0.2,0.1068543509019221,0.1005906834623622,0.4333333333333333,0.4339622641509434,4.95,5.2075471698113205,2.2222222222222223,2.555555555555556,0.6666666666666666,0.6666666666666666,0.0645792972101607,0.5714285714285714,-0.1642912986518738,0.27156321822064305,-0.08850574712643672,0.12341478502938441,1.7568965517241377,1.4645839777296628,-0.4722222222222223,1.1944444444444442,0.33333333333333337,0.33333333333333337,0.1496326161950887,-0.3714285714285714,0.1556512709610009,1.5516849427387642,8.7,0.0,0.0666666666666666,0.0,0.1014532706196907,1.3597065210342407,5.807692307692308,0.0714285714285714,0.0357142857142857,0.0,0.0541980003413102,0.1919784217045235,2.892307692307691,-0.0714285714285714,0.030952380952380898,0.0,0,197.2,0.0,0,1,0,0,4,3,1,1,0,1,3,0,3,2,1,1,4,3,1,0,0,0,0,1,-1,0,0,0,1,0,1,1,0,1,0,1,-1,1.15,0.37,0.78,0,2,-2
401772952,2025,REG,17,2025-12-28,Sunday,13:00,SEA,CAR,27,10,Home,10,7,-305,245,-6.5,-118,-102,42.5,-110,-110,0,outdoors,grass,43.0,2.0,00-0034869,00-0039150,Sam Darnold,Bryce Young,Mike Macdonald,Dave Canales,CAR00,Bank of America Stadium,0.776,0.224,-300,275,-6½-108,+7-120,53.888,0.3027,0.6947,0.0024,28.69,14.31,43.0,-7.192,7.192,-4.027,4.971,43.0,6.5,-6.5,Grass,Cloudy,44.0,,,4.7,65.0,-17,37,0,-10.5,LOSS,UNDER,0.1005906834623622,0.1068543509019221,0.4339622641509434,0.4333333333333333,5.2075471698113205,4.95,2.555555555555556,2.2222222222222223,0.6666666666666666,0.6666666666666666,0.0515401845176068,0.5,0.0318754419574764,0.2438170624604446,0.4923076923076923,0.4431818181818182,6.476923076923077,6.602272727272728,2.2857142857142856,2.642857142857143,0.6666666666666666,0.5714285714285714,0.2392797680581947,0.3636363636363636,0.06871524150488581,-0.13696271155852252,-0.05834542815674887,-0.009848484848484884,-1.2693759071117565,-1.6522727272727282,0.2698412698412702,-0.4206349206349205,0.0,0.09523809523809523,-0.1877395835405879,0.1363636363636364,0.1138088411407435,6.729625982622947,8.0,0.0588235294117647,0.0,0.0,-0.0691348350209793,1.3444929353652462,5.941176470588236,0.1025641025641025,0.0512820512820512,0.0,0.1829436761617228,5.385133047257701,2.0588235294117636,-0.04374057315233781,-0.0512820512820512,0.0,-3,2280.4,3.0,0,1,0,0,2,2,0,0,0,0,3,0,3,2,2,0,2,2,0,0,0,0,0,1,-1,0,0,0,2,0,2,0,1,-1,0,0.98,-0.98,1.77,0.61,1.16,2,0,2
401772954,2025,REG,17,2025-12-28,Sunday,13:00,ARI,CIN,14,37,Home,7,7,275,-345,7.0,-110,-110,52.5,-105,-115,0,outdoors,fieldturf,65.0,9.0,00-0033119,00-0036442,Jacoby Brissett,Joe Burrow,Jonathan Gannon,Zac Taylor,CIN00,Paycor Stadium,0.307,0.693,290,-325,+7-105,-7-108,54.841,0.6579,0.3393,0.0027,20.48,32.52,53.0,6.019,-6.019,1.094,-4.139,53.0,-7.0,7.0,Turf,Cloudy,68.5,,,17.6,201.0,23,51,1,16.0,WIN,UNDER,0.3721539016830053,-0.0574369477499517,0.5573770491803278,0.3448275862068966,6.672131147540983,6.706896551724138,3.75,1.75,1.0,1.0,0.2516760423811017,0.5,-0.0042395067688546,0.0530328343044178,0.375,0.4084507042253521,5.714285714285714,4.901408450704225,2.111111111111111,2.888888888888889,0.3333333333333333,1.0,-0.1700495482650823,0.5384615384615384,0.37639340845185987,-0.1104697820543695,0.18237704918032782,-0.06362311801845555,0.9578454332552688,1.8054881010199129,1.6388888888888888,-1.1388888888888888,0.6666666666666667,0.0,0.421725590646184,-0.038461538461538436,0.6052245975605276,15.812070270379383,5.6875,0.0588235294117647,0.0,0.0,-0.0725964096579466,-13.592558379830985,7.354838709677419,0.0606060606060606,0.0303030303030303,0.0,0.6778210072184742,29.40462865021037,-1.667338709677419,-0.0017825311942959027,-0.0303030303030303,0.0,0,1585.3,2.0,0,1,0,0,4,4,0,0,0,0,3,6,-3,2,4,-2,2,4,-2,0,0,0,0,2,-2,1,0,1,1,0,1,0,2,-2,0.08,1.56,-1.48,0.63,0.88,-0.25,0,3,-3
401772950,2025,REG,17,2025-12-28,Sunday,16:05,NYG,LV,34,10,Home,7,7,-162,136,-3.0,-102,-118,40.5,-112,-108,0,dome,grass,,,00-0040691,00-0030565,Jaxson Dart,Geno Smith,Brian Daboll,Pete Carroll,VEG00,Allegiant Stadium,0.552,0.448,-150,145,-2½-110,+3-110,19.834,0.4468,0.5495,0.0035,22.05,18.45,40.5,-1.803,1.803,-6.487,-3.224,40.5,3.0,-3.0,Dome,,,,,,,-24,44,0,-21.0,LOSS,OVER,-0.0424777665087636,-0.1585879642628525,0.3773584905660377,0.3728813559322034,5.943396226415095,4.610169491525424,1.9090909090909087,1.4166666666666667,1.0,0.3333333333333333,-0.0295612728641105,0.4285714285714285,-0.3790469533118428,-0.0567128755605469,0.2916666666666667,0.4909090909090909,2.9375,4.418181818181818,0.875,1.7777777777777777,0.0,0.3333333333333333,-0.1937590029439889,0.2,0.3365691868030792,-0.10187508870230558,0.08569182389937102,-0.11802773497688751,3.0058962264150946,0.1919876733436059,1.0340909090909087,-0.36111111111111094,1.0,0.0,0.1641977300798784,0.22857142857142848,0.0638613603749455,4.943414438854564,8.26086956521739,0.1153846153846153,0.0384615384615384,0.0,-0.9476775168718636,-17.342952352303726,6.461538461538462,0.2777777777777778,0.0555555555555555,0.0,1.0115388772468092,22.28636679115829,1.799331103678929,-0.16239316239316248,-0.017094017094017096,0.0,0,2227.6,3.0,1,0,0,0,2,6,-4,0,1,-1,2,3,-1,1,2,-1,1,4,-3,0,0,0,0,1,-1,0,1,-1,1,0,1,0,0,0,0.98,1.36,-0.38,1,0.92,0.08,3,1,2
401772917,2025,REG,17,2025-12-28,Sunday,16:25,PHI,BUF,13,12,Home,8,7,142,-170,3.0,-108,-112,45.5,-115,-105,0,outdoors,a_turf,38.0,6.0,00-0036389,00-0034857,Jalen Hurts,Josh Allen,Nick Sirianni,Sean McDermott,BUF00,New Era Field,0.45,0.55,165,-170,+3+105,-3-105,81.644,0.4893,0.5067,0.0039,22.47,22.53,45.0,0.03,-0.03,2.99,4.453,45.0,-3.0,3.0,Turf,Rain,32.9,100%,Snow,5.8,72.0,-1,25,0,-4.0,LOSS,UNDER,0.0607829014360692,-0.0958797609217426,0.5416666666666666,0.46875,5.4375,4.59375,2.3,2.0,0.75,0.5,0.3580922487446131,0.25,0.2896811006046502,-0.125044544099102,0.5230769230769231,0.4117647058823529,5.984615384615385,4.372549019607843,2.9,1.8,1.0,0.6666666666666666,0.278431258713558,0.4444444444444444,-0.22889819916858098,0.02916478317735942,0.018589743589743524,0.05698529411764708,-0.5471153846153847,0.2212009803921573,-0.6000000000000001,0.19999999999999996,-0.25,-0.16666666666666663,0.07966099003105509,-0.19444444444444442,-0.4034106989879246,-0.8783014284239875,6.368421052631579,0.0952380952380952,0.0,0.0,0.2337859114204096,7.547666697666563,6.7,0.0625,0.0,0.03125,-0.6371966104083342,-8.42596812609055,-0.3315789473684214,0.032738095238095205,0.0,-0.03125,-1,273.2,0.0,1,0,0,0,4,2,2,0,0,0,2,1,1,3,2,1,4,2,2,0,0,0,0,1,-1,0,0,0,1,1,0,1,0,1,0,0.19,-0.19,1.66,0.24,1.42,1,0,1
401772935,2025,REG,17,2025-12-28,Sunday,20:20,CHI,SF,38,42,Home,8,6,170,-205,3.5,-105,-115,51.5,-112,-108,0,outdoors,grass,53.0,5.0,00-0039918,00-0037834,Caleb Williams,Brock Purdy,Ben Johnson,Kyle Shanahan,SFO01,Levi's Stadium,0.401,0.599,190,-210,+3½+100,-4-105,68.635,0.6111,0.3857,0.0031,21.38,30.12,51.5,4.372,-4.372,3.627,0.431,51.5,-4.0,4.0,Grass,Clear Night,53.7,,,6.4,289.0,4,80,1,0.5,WIN,OVER,0.4026968567348456,-0.0367805462052329,0.5238095238095238,0.5,7.031746031746032,5.379310344827586,3.8181818181818175,2.7,0.625,1.0,0.1857081367377026,0.6363636363636364,0.1006365612826786,0.0608847816638271,0.4666666666666667,0.5,6.666666666666667,5.676470588235294,2.4444444444444446,1.6,0.5,0.0,0.2304215278424596,0.1818181818181818,0.302060295452167,-0.09766532786906,0.05714285714285716,0.0,0.36507936507936467,-0.2971602434077081,1.3737373737373728,1.1,0.125,1.0,-0.044713391104757,0.4545454545454546,0.5865539642721018,12.416314265944742,9.529411764705882,0.0285714285714285,0.0285714285714285,0.0285714285714285,0.1685337426415525,0.6091309004816521,9.735294117647058,0.0,0.0,0.0,0.4180202216305493,11.80718336546309,-0.20588235294117574,0.0285714285714285,0.0285714285714285,0.0285714285714285,-2,1841.2,2.0,1,0,0,0,2,2,0,0,0,0,2,8,-6,1,1,0,1,2,-1,0,0,0,0,0,0,0,1,-1,0,0,0,1,0,1,0,0.8,-0.8,0.98,0.22,0.76,0,1,-1
401772825,2025,REG,17,2025-12-29,Monday,20:15,LA,ATL,24,27,Home,11,8,-380,300,-7.5,-102,-118,48.5,-105,-115,0,closed,fieldturf,,,00-0026498,00-0029604,Matthew Stafford,Kirk Cousins,Sean McVay,Raheem Morris,ATL97,Mercedes-Benz Stadium,0.782,0.218,-330,310,-7-105,+7½-120,63.119,0.2596,0.7382,0.002,33.68,15.32,49.0,-9.177,9.177,-3.738,7.03,49.0,7.0,-7.0,Dome,,,,,,,3,51,1,10.5,WIN,OVER,0.0530328343044178,-0.0042395067688546,0.4084507042253521,0.375,4.901408450704225,5.714285714285714,2.888888888888889,2.111111111111111,1.0,0.3333333333333333,0.1143428839311057,0.5,0.2438170624604446,0.0318754419574764,0.4431818181818182,0.4923076923076923,6.602272727272728,6.476923076923077,2.642857142857143,2.2857142857142856,0.5714285714285714,0.6666666666666666,0.1492994750146933,0.4,-0.1907842281560268,-0.036114948726331,-0.03473111395646605,-0.11730769230769228,-1.7008642765685034,-0.7626373626373626,0.24603174603174605,-0.17460317460317443,0.4285714285714286,-0.3333333333333333,-0.03495659108358759,0.09999999999999998,0.2248373205402811,-6.863564077545616,5.628571428571429,0.0277777777777777,0.0277777777777777,0.0,0.5334650420795094,-2.744625757137934,9.73469387755102,0.0,0.0,0.0,-0.3086277215392283,-4.118938320407683,-4.106122448979591,0.0277777777777777,0.0277777777777777,0.0,-3,1938.4,3.0,0,1,0,0,4,2,2,0,1,-1,1,2,-1,1,1,0,1,2,-1,0,0,0,0,1,-1,0,0,0,0,0,0,1,0,1,0,0.23,-0.23,0.18,0.46,-0.28,2,0,2
401772969,2025,REG,18,2026-01-03,Saturday,16:30,CAR,TB,14,16,Home,6,6,130,-155,3.0,-115,-105,43.5,-118,-102,1,outdoors,grass,69.0,11.0,00-0039150,00-0034855,Bryce Young,Baker Mayfield,Dave Canales,Todd Bowles,TAM00,Raymond James Stadium,0.404,0.596,145,-155,+3-105,-3-105,35.045,0.6245,0.3725,0.0029,16.63,25.87,42.5,4.618,-4.618,-1.521,-4.576,42.5,-3.0,3.0,Grass,Rain,66.9,100%,Rain,8.0,279.0,2,30,1,-1.0,LOSS,UNDER,0.0350676979048031,0.1076283444776981,0.492063492063492,0.4230769230769231,6.031746031746032,5.769230769230769,1.7,1.818181818181818,0.6666666666666666,0.5,-0.134525710407009,0.4615384615384615,-0.5107222867168542,-0.053588903147409,0.3673469387755102,0.4153846153846154,2.897959183673469,4.446153846153846,0.9090909090909092,2.4545454545454546,0.5,0.5,-0.2423950348897571,0.0909090909090909,0.5457899846216573,0.1612172476251071,0.12471655328798176,0.007692307692307665,3.1337868480725626,1.3230769230769228,0.7909090909090908,-0.6363636363636367,0.16666666666666663,0.0,0.10786932448274811,0.3706293706293706,0.0371325285598479,9.299012476747686,8.181818181818182,0.0638297872340425,0.0425531914893617,0.0425531914893617,-0.8109070935729855,-7.111440669922602,1.7916666666666667,0.0769230769230769,0.0384615384615384,0.0,0.8480396221328335,16.41045314667029,6.390151515151515,-0.013093289689034393,0.0040916530278233,0.0425531914893617,0,510.2,0.0,1,0,0,0,2,2,0,0,0,0,1,4,-3,1,1,0,2,2,0,0,0,0,0,0,0,0,0,0,0,1,-1,1,0,1,0,0,0,0.66,0.56,0.1,0,2,-2
401772961,2025,REG,18,2026-01-03,Saturday,20:00,SEA,SF,13,3,Home,6,6,-148,124,-2.5,-120,100,47.5,-105,-115,1,outdoors,grass,57.0,8.0,00-0034869,00-0037834,Sam Darnold,Brock Purdy,Mike Macdonald,Kyle Shanahan,SFO01,Levi's Stadium,0.556,0.444,-140,135,-3+105,+3-110,82.065,0.4893,0.5067,0.0039,24.12,24.39,48.5,0.135,-0.135,3.805,5.284,48.5,2.5,-2.5,Grass,Partly Cloudy Day,57.8,,,8.9,162.0,-10,16,0,-7.5,LOSS,UNDER,0.2849528109380865,0.3625783731220248,0.5147058823529411,0.492063492063492,7.294117647058823,6.984126984126984,4.2,3.2,1.0,0.5714285714285714,0.1721654637392994,0.7,-0.053588903147409,-0.5107222867168542,0.4153846153846154,0.3673469387755102,4.446153846153846,2.897959183673469,2.4545454545454546,0.9090909090909092,0.5,0.5,-0.2845686202745128,0.5625,0.3385417140854955,0.873300659838879,0.09932126696832572,0.12471655328798176,2.847963800904977,4.086167800453515,1.7454545454545456,2.290909090909091,0.5,0.0714285714285714,0.4567340840138122,0.13749999999999996,0.3741566353744608,5.033049168008747,7.666666666666667,0.0294117647058823,0.0294117647058823,0.0,-0.2538098802889477,0.7474059095749488,5.222222222222222,0.1,0.0333333333333333,0.0333333333333333,0.6279665156634084,4.285643258433797,2.4444444444444446,-0.0705882352941177,-0.003921568627450998,-0.0333333333333333,0,704.5,0.0,0,1,0,0,0,1,-1,0,1,-1,5,1,4,0,1,-1,0,1,-1,0,0,0,0,1,-1,0,0,0,0,0,0,0,0,0,0,0.98,-0.98,0,0,0,0,0,0
401772962,2025,REG,18,2026-01-04,Sunday,13:00,IND,HOU,30,38,Home,7,8,400,-535,9.5,-110,-110,37.5,-108,-112,1,closed,astroturf,,,00-0040206,00-0039163,Riley Leonard,C.J. Stroud,Shane Steichen,DeMeco Ryans,HOU00,NRG Stadium,0.178,0.822,425,-545,+10-110,-9½-108,75.771,0.688,0.3094,0.0024,11.51,25.99,37.5,7.242,-7.242,3.234,-2.589,37.5,-9.5,9.5,Dome,,,,,,,8,68,1,-1.5,LOSS,OVER,-0.1514305319207047,-0.2153056603435169,0.3898305084745763,0.3220338983050847,6.169491525423729,4.661016949152542,1.5384615384615383,1.3333333333333333,0.6666666666666666,0.4,-0.1160471716624063,0.2727272727272727,-0.2055823975114701,0.0058535786668483,0.3518518518518518,0.4411764705882353,3.796296296296296,5.441176470588236,1.5454545454545454,2.3,0.6666666666666666,0.4,-0.0179812058617937,0.3636363636363636,0.0541518655907654,-0.2211592390103652,0.03797865662272448,-0.11914257228315056,2.3731952291274334,-0.780159521435694,-0.006993006993007089,-0.9666666666666666,0.0,0.0,-0.09806596580061261,-0.09090909090909088,-0.1688106925967093,-7.463044501267946,9.142857142857142,0.0,0.0714285714285714,0.0,-0.4736942559829913,,48.0,0.0,1.0,0.0,0.304883563386282,,-38.85714285714286,0.0,-0.9285714285714286,0.0,1,870.9,1.0,1,0,0,0,2,4,-2,0,0,0,3,0,3,1,1,0,2,1,1,0,0,0,0,0,0,0,0,0,0,0,0,1,1,0,0,0.3,-0.3,0.89,0.51,0.38,0,5,-5
401772963,2025,REG,18,2026-01-04,Sunday,13:00,DAL,NYG,17,34,Home,10,7,-166,140,-3.0,-115,-105,50.5,-115,-105,1,outdoors,fieldturf,33.0,7.0,00-0033077,00-0040691,Dak Prescott,Jaxson Dart,Brian Schottenheimer,Brian Daboll,NYC01,MetLife Stadium,0.688,0.312,-160,150,-3-110,+3+103,39.886,0.5087,0.4873,0.0039,24.5,25.5,50.0,0.502,-0.502,-1.372,-0.792,50.0,3.0,-3.0,Turf,Partly Cloudy Day,32.5,,,8.6,331.0,17,51,1,20.0,WIN,OVER,0.239223566833746,-0.214687085314992,0.5,0.3333333333333333,5.75,4.277777777777778,3.7777777777777777,1.25,0.6,0.5,0.1519631703490728,0.4615384615384615,0.21278323486448,0.1965327442703973,0.4827586206896552,0.425,5.517241379310345,8.2,3.333333333333333,2.555555555555556,0.75,0.5,-0.0369963535941663,0.4,0.026440331969265984,-0.4112198295853893,0.017241379310344807,-0.09166666666666667,0.2327586206896548,-3.9222222222222216,0.44444444444444464,-1.3055555555555558,-0.15000000000000002,0.0,0.18895952394323912,0.061538461538461486,0.093232918319733,4.899843191278392,5.233333333333333,0.0625,0.0,0.0,0.2729816094560671,-10.96162216530906,10.324324324324325,0.1395348837209302,0.0,0.0,-0.17974869113633407,15.861465356587452,-5.090990990990991,-0.0770348837209302,0.0,0.0,-3,1385.1,1.0,0,1,0,0,6,5,1,0,0,0,1,3,-2,5,4,1,5,5,0,0,0,0,0,1,-1,2,1,1,1,1,0,2,1,1,1.71,1.77,-0.06,1.22,1.04,0.18,3,4,-1
401772964,2025,REG,18,2026-01-04,Sunday,13:00,CLE,CIN,20,18,Home,7,7,350,-455,9.5,-112,-108,47.5,-118,-102,1,outdoors,fieldturf,37.0,0.0,00-0040668,00-0036442,Shedeur Sanders,Joe Burrow,Kevin Stefanski,Zac Taylor,CIN00,Paycor Stadium,0.192,0.808,360,-420,+9½-108,-8-110,47.753,0.7998,0.1985,0.0015,11.12,35.88,47.0,12.384,-12.384,1.652,-9.962,47.0,-9.5,9.5,Turf,Partly Cloudy Day,36.0,,,0.8,10.0,-2,38,0,-11.5,LOSS,UNDER,0.3402397610588282,-0.0454142856965686,0.5142857142857142,0.3518518518518518,6.185714285714286,4.314814814814815,3.7,1.5555555555555556,1.0,0.6666666666666666,0.116734749775655,0.6666666666666666,-0.2336614750163306,-0.2044288532304102,0.3469387755102041,0.4126984126984127,5.36734693877551,4.619047619047619,1.181818181818182,0.5454545454545454,0.5,0.0,-0.287877748144564,0.3636363636363636,0.5739012360751587,0.1590145675338416,0.16734693877551016,-0.06084656084656087,0.8183673469387758,-0.30423280423280374,2.518181818181818,1.0101010101010102,0.5,0.6666666666666666,0.404612497920219,0.30303030303030304,0.5600245457968216,13.484671609155065,8.161290322580646,0.088235294117647,0.0,0.0,-0.220158095146629,7.93348447136257,8.217391304347826,0.08,0.08,0.0,0.7801826409434506,5.551187137792494,-0.05610098176718026,0.008235294117646993,-0.08,0.0,0,223.1,0.0,1,0,0,0,4,4,0,0,0,0,2,2,0,2,2,0,3,3,0,0,0,0,0,0,0,1,1,0,1,1,0,0,0,0,0,0.32,-0.32,1.17,1,0.17,0,2,-2
401772966,2025,REG,18,2026-01-04,Sunday,13:00,NO,ATL,17,19,Home,7,6,170,-205,4.5,-115,-105,43.5,-112,-108,1,closed,fieldturf,,,00-0040743,00-0029604,Tyler Shough,Kirk Cousins,Kellen Moore,Raheem Morris,ATL97,Mercedes-Benz Stadium,0.394,0.606,190,-200,+4½-108,-4-110,26.238,0.5308,0.4654,0.0037,20.17,23.33,43.5,1.582,-1.582,-2.977,-3.433,43.5,-4.5,4.5,Dome,,,,,,,2,36,1,-2.5,LOSS,UNDER,0.1156438092734968,-0.1036172556130167,0.4339622641509434,0.4262295081967213,6.509433962264151,5.950819672131147,1.75,1.5,0.5,0.4,0.2248973937777919,0.3846153846153846,0.2454476363160453,-0.1807852830450724,0.4509803921568627,0.3333333333333333,8.313725490196079,4.666666666666667,2.333333333333333,2.1666666666666665,0.75,0.5,0.3049324861756758,0.4545454545454545,-0.1298038270425485,0.07716802743205571,-0.017018128005919286,0.09289617486338797,-1.8042915279319285,1.2841530054644803,-0.583333333333333,-0.6666666666666665,-0.25,-0.09999999999999998,-0.08003509239788392,-0.0699300699300699,0.2461747934659826,0.4969857633113861,8.35,0.0,0.0,0.0,0.6264873553380864,19.823629436669528,10.444444444444445,0.0689655172413793,0.0,0.0344827586206896,-0.3803125618721038,-19.32664367335814,-2.094444444444445,-0.0689655172413793,0.0,-0.0344827586206896,-1,424.4,1.0,0,1,0,0,5,4,1,0,0,0,6,3,3,0,3,-3,3,4,-1,0,0,0,0,0,0,0,2,-2,0,1,-1,0,0,0,0,1.05,-1.05,0.81,1.08,-0.27,1,0,1
401772968,2025,REG,18,2026-01-04,Sunday,13:00,GB,MIN,3,16,Home,8,10,470,-650,12.5,-108,-112,37.5,-118,-102,1,dome,sportturf,,,00-0038582,00-0039923,Clayton Tune,J.J. McCarthy,Matt LaFleur,Kevin O'Connell,MIN01,U.S. Bank Stadium,0.379,0.621,500,-560,+13½-108,-12½-110,63.208,0.3871,0.6097,0.0031,22.68,14.33,37.0,-4.175,4.175,-7.269,-1.736,37.0,-13.0,13.0,Dome,,,,,,,13,19,1,0.5,WIN,UNDER,-0.2773751509675688,-0.4637179825861598,0.2941176470588235,0.3125,3.156862745098039,3.609375,1.9166666666666667,0.7692307692307693,1.0,1.0,-0.1350298965852217,0.2307692307692307,0.1105612672297498,0.3670992137249119,0.5116279069767442,0.5753424657534246,8.465116279069768,5.684931506849315,2.6666666666666665,4.555555555555555,0.75,0.7142857142857143,0.1255983109685725,0.5,-0.3879364181973186,-0.8308171963110718,-0.21751025991792072,-0.2628424657534246,-5.30825353397173,-2.075556506849315,-0.7499999999999998,-3.786324786324786,0.25,0.2857142857142857,-0.2606282075537942,-0.2692307692307693,-0.4906750433467319,-3.5681720290865218,5.071428571428571,0.1764705882352941,0.0588235294117647,0.0588235294117647,-1.3454658557195216,-34.66281443834305,7.75,0.2,0.2,0.0,0.8547908123727896,31.094642409256526,-2.678571428571429,-0.02352941176470591,-0.14117647058823532,0.0588235294117647,2,257.1,0.0,1,0,0,0,4,4,0,0,1,-1,1,2,-1,3,1,2,3,3,0,0,0,0,0,0,0,3,1,2,0,0,0,0,0,0,1.4,0.17,1.23,0,0,0,2,0,2
401772970,2025,REG,18,2026-01-04,Sunday,13:00,TEN,JAX,7,41,Home,7,7,525,-750,12.5,-110,-110,46.5,-112,-108,1,outdoors,grass,55.0,8.0,00-0040676,00-0036971,Cam Ward,Trevor Lawrence,Brian Callahan,Liam Coen,JAX00,TIAA Bank Stadium,0.146,0.854,675,-750,+13-108,-12½-110,37.241,0.769,0.229,0.0018,11.83,34.17,46.0,11.169,-11.169,2.122,-8.008,46.0,-12.5,12.5,Grass,Cloudy,55.9,,,8.9,17.0,34,48,1,21.5,WIN,OVER,0.0058535786668483,-0.2055823975114701,0.4411764705882353,0.3518518518518518,5.441176470588236,3.796296296296296,2.3,1.5454545454545454,0.4,0.6666666666666666,-0.1331855217789639,0.5,-0.1807852830450724,0.2454476363160453,0.3333333333333333,0.4509803921568627,4.666666666666667,8.313725490196079,2.1666666666666665,2.333333333333333,0.5,0.75,-0.1755839628183924,0.3333333333333333,0.1866388617119207,-0.4510300338275154,0.10784313725490197,-0.09912854030501089,0.7745098039215694,-4.517429193899783,0.1333333333333333,-0.7878787878787876,-0.09999999999999998,-0.08333333333333337,0.0423984410394285,0.16666666666666669,0.1642947195660953,-0.2252337900367943,9.783783783783784,0.0512820512820512,0.0256410256410256,0.0,-0.1951543258370611,-0.2921864390373231,9.325,0.0909090909090909,0.0,0.0454545454545454,0.35944904540315636,0.0669526490005288,0.4587837837837849,-0.0396270396270397,0.0256410256410256,-0.0454545454545454,0,500.8,1.0,0,1,0,0,2,5,-3,0,1,-1,0,2,-2,1,3,-2,1,3,-2,0,0,0,1,0,1,0,1,-1,0,1,-1,0,1,-1,0.27,0.89,-0.62,0,0.74,-0.74,0,3,-3
401772955,2025,REG,18,2026-01-04,Sunday,16:25,ARI,LA,20,37,Home,7,6,800,-1350,14.5,-115,-105,49.5,-108,-112,1,dome,matrixturf,,,00-0033119,00-0026498,Jacoby Brissett,Matthew Stafford,Jonathan Gannon,Sean McVay,LAX01,SoFi Stadium,0.192,0.808,800,-1200,+14-105,-14-108,68.193,0.7831,0.2151,0.0017,12.53,36.47,49.0,11.974,-11.974,6.426,-4.737,49.0,-14.0,14.0,Dome,,,,,,,17,57,1,2.5,WIN,OVER,-0.1036172556130167,0.1156438092734968,0.4262295081967213,0.4339622641509434,5.950819672131147,6.509433962264151,1.5,1.75,0.4,0.5,0.0284658153508313,0.3846153846153846,-0.0454142856965686,0.3402397610588282,0.3518518518518518,0.5142857142857142,4.314814814814815,6.185714285714286,1.5555555555555556,3.7,0.6666666666666666,1.0,-0.1599589289524718,0.2307692307692307,-0.0582029699164481,-0.2245959517853314,0.07437765634486948,-0.08032345013477082,1.6360048573163324,0.32371967654986467,-0.05555555555555558,-1.9500000000000002,-0.2666666666666666,-0.5,0.18842474430330308,0.15384615384615388,-0.0670367268851682,-3.0521249605549707,13.5,0.073170731707317,0.073170731707317,0.0,-0.0186956104916156,-5.669009770665849,7.702702702702703,0.0975609756097561,0.0,0.0,-0.0483411163935526,2.6168848101108786,5.797297297297297,-0.0243902439024391,0.073170731707317,0.0,-1,350.3,1.0,1,0,0,0,3,1,2,1,0,1,6,1,5,1,1,0,2,1,1,0,0,0,1,1,0,0,0,0,0,0,0,0,0,0,0.23,1,-0.77,0.84,0,0.84,0,4,-4
401772956,2025,REG,18,2026-01-04,Sunday,16:25,LAC,DEN,3,19,Home,8,10,900,-1600,14.5,-108,-112,37.5,-105,-115,1,outdoors,grass,66.0,8.0,00-0037012,00-0039732,Trey Lance,Bo Nix,Jim Harbaugh,Sean Payton,DEN00,Empower Field at Mile High,0.144,0.856,900,-1200,+15½-105,-14½-110,73.031,0.7001,0.2974,0.0023,11.1,26.4,37.5,7.653,-7.653,2.84,-3.759,37.5,-15.5,15.5,Grass,Partly Cloudy Day,67.7,,,11.0,285.0,16,22,1,1.5,WIN,UNDER,0.0965345055469601,-0.1994587992753669,0.5142857142857142,0.2926829268292683,4.342857142857143,3.3902439024390243,2.5,1.625,0.5,1.0,0.0001787185194153,0.6111111111111112,-0.2153056603435169,-0.1514305319207047,0.3220338983050847,0.3898305084745763,4.661016949152542,6.169491525423729,1.3333333333333333,1.5384615384615383,0.4,0.6666666666666666,-0.3888807243241569,0.4,0.311840165890477,-0.0480282673546622,0.19225181598062951,-0.09714758164530801,-0.318159806295399,-2.779247622984705,1.1666666666666667,0.08653846153846168,0.09999999999999998,0.33333333333333337,0.3890594428435722,0.21111111111111114,0.0751691072524375,3.6181969417108073,5.421052631578948,0.0256410256410256,0.0256410256410256,0.0,0.9016240304335952,24.02882575988769,7.0,0.0,0.0,0.0,-0.8264549231811577,-20.410628818176885,-1.5789473684210522,0.0256410256410256,0.0256410256410256,0.0,2,836.8,1.0,0,1,0,0,2,2,0,0,2,-2,1,5,-4,1,1,0,2,2,0,0,0,0,0,0,0,0,1,-1,1,0,1,0,0,0,0,0.81,-0.81,0.71,0.06,0.65,1,1,0
401772957,2025,REG,18,2026-01-04,Sunday,16:25,KC,LV,12,14,Home,10,7,-225,185,-3.5,-112,-108,36.5,-118,-102,1,dome,grass,,,00-0037324,00-0038102,Chris Oladokun,Kenny Pickett,Andy Reid,Pete Carroll,VEG00,Allegiant Stadium,0.67,0.33,-185,170,-3½+100,+3½-110,47.185,0.3791,0.6178,0.003,22.12,13.38,35.5,-4.369,4.369,-7.154,-1.491,35.5,3.5,-3.5,Dome,,,,,,,2,26,1,5.5,WIN,UNDER,-0.214687085314992,0.239223566833746,0.3333333333333333,0.5,4.277777777777778,5.75,1.25,3.7777777777777777,0.5,0.6,-0.5238695962099074,0.2307692307692307,-0.1994587992753669,0.0965345055469601,0.2926829268292683,0.5142857142857142,3.3902439024390243,4.342857142857143,1.625,2.5,1.0,0.5,-0.2202658548901256,0.3636363636363636,-0.015228286039625116,0.14268906128678588,0.04065040650406504,-0.014285714285714235,0.8875338753387534,1.4071428571428566,-0.375,1.2777777777777777,-0.5,0.09999999999999998,-0.30360374131978174,-0.1328671328671329,-0.4465586687050139,31.46503865718842,8.0,0.3333333333333333,0.0,0.0,-0.3806083874067598,-1.7960478365421295,5.090909090909091,0.0454545454545454,0.0,0.0454545454545454,-0.06595028129825409,33.261086493730545,2.909090909090909,0.2878787878787879,0.0,-0.0454545454545454,-3,1149.2,2.0,1,0,0,0,3,2,1,0,1,-1,1,4,-3,3,1,2,3,1,2,1,0,1,1,1,0,0,0,0,1,0,1,0,0,0,1.9,1,0.9,0.25,0,0.25,1,5,-4
401772958,2025,REG,18,2026-01-04,Sunday,16:25,MIA,NE,10,38,Home,7,7,650,-1000,14.0,-112,-108,44.5,-112,-108,1,outdoors,fieldturf,29.0,6.0,00-0040234,00-0039851,Quinn Ewers,Drake Maye,Mike McDaniel,Mike Vrabel,BOS00,Gillette Stadium,0.147,0.853,750,-1100,+14½-105,-14½-108,48.387,0.8005,0.1978,0.0015,9.45,34.55,44.0,12.547,-12.547,1.907,-9.311,44.0,-14.5,14.5,Turf,Cloudy,29.0,,,5.0,305.0,28,48,1,14.0,WIN,OVER,0.4876440283378958,-0.1983081967741453,0.5666666666666667,0.3492063492063492,7.35,4.873015873015873,4.2,1.0,1.0,0.25,0.4586759590702987,0.4444444444444444,0.1076283444776981,0.0350676979048031,0.4230769230769231,0.492063492063492,5.769230769230769,6.031746031746032,1.818181818181818,1.7,0.5,0.6666666666666666,-0.0230224591519799,0.3333333333333333,0.3800156838601977,-0.2333758946789484,0.14358974358974358,-0.1428571428571428,1.5807692307692305,-1.158730158730159,2.3818181818181823,-0.7,0.5,-0.41666666666666663,0.4816984182222786,0.1111111111111111,1.3274116818687285,29.301114593233383,8.619047619047619,0.0454545454545454,0.0,0.0,0.1982024648952234,0.3921714696017178,8.909090909090908,0.0833333333333333,0.0,0.0,1.129209216973505,28.908943123631666,-0.29004329004328966,-0.0378787878787879,0.0,0.0,0,1225.7,0.0,0,1,0,0,4,2,2,0,1,-1,2,6,-4,4,1,3,4,2,2,0,0,0,1,0,1,0,0,0,3,0,3,0,1,-1,1.04,0,1.04,1.55,0.89,0.66,1,2,-1
401772959,2025,REG,18,2026-01-04,Sunday,16:25,WAS,PHI,24,17,Home,10,7,150,-180,3.0,-105,-115,38.5,-108,-112,1,outdoors,grass,35.0,9.0,00-0026300,00-0038400,Josh Johnson,Tanner McKee,Dan Quinn,Nick Sirianni,PHI00,Lincoln Financial Field,0.4,0.6,160,-170,+3½-110,-3½+100,62.428,0.7262,0.2715,0.0021,10.17,28.83,39.0,9.327,-9.327,4.293,-3.668,39.0,-3.5,3.5,Grass,Partly Cloudy Day,35.4,,,13.2,335.0,-7,41,0,-10.0,LOSS,OVER,-0.1195927837300554,-0.1207131619945117,0.3018867924528302,0.3835616438356164,3.60377358490566,4.5479452054794525,1.181818181818182,1.0909090909090908,0.5,0.6666666666666666,-0.1476228850398911,0.2307692307692307,0.1965327442703973,0.21278323486448,0.425,0.4827586206896552,8.2,5.517241379310345,2.555555555555556,3.333333333333333,0.5,0.75,0.4220744746699518,0.1666666666666666,-0.3161255280004527,-0.3334963968589917,-0.12311320754716981,-0.09919697685403878,-4.596226415094339,-0.9692961738308927,-1.3737373737373737,-2.242424242424242,0.0,-0.08333333333333337,-0.5696973597098429,0.0641025641025641,1.2315972191863696,32.53127336502075,9.333333333333334,0.0,0.0,0.0,0.2132850103801998,4.837956740742638,7.260869565217392,0.0434782608695652,0.0,0.0,1.0183122088061698,27.693316624278115,2.0724637681159424,-0.0434782608695652,0.0,0.0,-3,113.6,0.0,0,1,0,0,6,3,3,0,0,0,0,2,-2,6,2,4,6,2,4,0,1,-1,1,1,0,1,0,1,3,0,3,1,0,1,0.99,1.82,-0.83,2.87,0,2.87,1,2,-1
401772965,2025,REG,18,2026-01-04,Sunday,16:25,DET,CHI,19,16,Home,10,7,150,-180,3.5,-110,-110,51.5,-115,-105,1,outdoors,grass,33.0,4.0,00-0033106,00-0039918,Jared Goff,Caleb Williams,Dan Campbell,Ben Johnson,CHI98,Soldier Field,0.431,0.569,160,-165,+3½-120,-3-108,68.686,0.4415,0.5548,0.0035,27.39,23.61,51.0,-1.889,1.889,0.56,3.832,51.0,-3.0,3.0,Grass,Partly Cloudy Day,30.9,,,11.3,185.0,-3,35,0,-6.5,LOSS,UNDER,0.3625783731220248,0.2849528109380865,0.492063492063492,0.5147058823529411,6.984126984126984,7.294117647058823,3.2,4.2,0.5714285714285714,1.0,0.2421450289156364,0.5,-0.4637179825861598,-0.2773751509675688,0.3125,0.2941176470588235,3.609375,3.156862745098039,0.7692307692307693,1.9166666666666667,1.0,1.0,-0.6122012823780096,0.3571428571428571,0.8262963557081846,0.5623279619056554,0.17956349206349198,0.22058823529411764,3.374751984126984,4.137254901960784,2.430769230769231,2.283333333333333,-0.4285714285714286,0.0,0.854346311293646,0.1428571428571429,0.4416590199158235,-2.684404987555284,7.214285714285714,0.0,0.0,0.0,-0.233603494016384,-9.006532923928622,6.862068965517241,0.1470588235294117,0.0588235294117647,0.0294117647058823,0.6752625139322075,6.322127936373338,0.3522167487684733,-0.1470588235294117,-0.0588235294117647,-0.0294117647058823,-3,236.6,1.0,1,0,0,0,1,6,-5,0,0,0,4,4,0,0,4,-4,1,4,-3,0,0,0,0,1,-1,0,0,0,0,2,-2,0,1,-1,0,2.71,-2.71,0.22,1.09,-0.87,0,0,0
401772967,2025,REG,18,2026-01-04,Sunday,16:25,NYJ,BUF,8,35,Home,7,7,550,-800,12.5,-112,-108,39.5,-115,-105,1,outdoors,a_turf,27.0,13.0,00-0040398,00-0033869,Brady Cook,Mitchell Trubisky,Aaron Glenn,Sean McDermott,BUF00,New Era Field,0.113,0.887,600,-700,+13½-110,-13-108,40.658,0.9076,0.0916,0.0007,0.04,39.46,39.5,19.71,-19.71,3.158,-14.825,39.5,-13.0,13.0,Turf,Cloudy,27.0,,,13.3,260.0,27,43,1,14.5,WIN,OVER,-0.1207131619945117,-0.1195927837300554,0.3835616438356164,0.3018867924528302,4.5479452054794525,3.60377358490566,1.0909090909090908,1.181818181818182,0.6666666666666666,0.5,-0.1246377853983883,0.4,-0.1983081967741453,0.4876440283378958,0.3492063492063492,0.5666666666666667,4.873015873015873,7.35,1.0,4.2,0.25,1.0,-0.0197665682147688,0.3125,0.0775950347796336,-0.6072368120679512,0.03435529462926723,-0.2647798742138365,-0.3250706675364201,-3.74622641509434,0.09090909090909083,-3.018181818181818,0.41666666666666663,-0.5,-0.1048712171836195,0.08750000000000002,0.1824373491981532,-19.72758322954178,7.75,0.0,0.0,0.0,-0.4457616049309608,-6.989774204069568,4.454545454545454,0.0294117647058823,0.0294117647058823,0.0,0.628198954129114,-12.73780902547221,3.295454545454546,-0.0294117647058823,-0.0294117647058823,0.0,0,277.9,0.0,1,0,0,0,3,8,-5,0,0,0,4,2,2,3,4,-1,3,7,-4,0,0,0,0,0,0,0,2,-2,2,0,2,1,2,-1,0,1.96,-1.96,1.99,2.21,-0.22,0,0,0
401772960,2025,REG,18,2026-01-04,Sunday,20:20,BAL,PIT,24,26,Home,8,7,-225,185,-4.5,-105,-115,41.5,-110,-110,1,outdoors,grass,25.0,3.0,00-0034796,00-0023459,Lamar Jackson,Aaron Rodgers,John Harbaugh,Mike Tomlin,PIT00,Acrisure Stadium,0.649,0.351,-240,215,-4½-105,+4½-105,65.938,0.4096,0.587,0.0032,23.62,17.88,41.5,-2.871,2.871,-0.452,3.718,41.5,4.5,-4.5,Grass,Partly Cloudy Night,23.2,,,0.1,2.0,2,50,1,6.5,WIN,OVER,-0.2044288532304102,-0.2336614750163306,0.4126984126984127,0.3469387755102041,4.619047619047619,5.36734693877551,0.5454545454545454,1.181818181818182,0.0,0.5,0.0163881926248153,0.2,0.3670992137249119,0.1105612672297498,0.5753424657534246,0.5116279069767442,5.684931506849315,8.465116279069768,4.555555555555555,2.6666666666666665,0.7142857142857143,0.75,0.254164362692282,0.7142857142857143,-0.5715280669553221,-0.3442227422460804,-0.16264405305501195,-0.16468913146654013,-1.0658838878016965,-3.097769340294258,-4.01010101010101,-1.4848484848484844,-0.7142857142857143,-0.25,-0.23777617006746668,-0.5142857142857142,-0.3183951853392642,-9.123148950370584,5.846153846153846,0.0512820512820512,0.0,0.0256410256410256,0.6291407344979234,7.744627892971039,11.7,0.0,0.0,0.0,-0.9475359198371875,-16.867776843341623,-5.8538461538461535,0.0512820512820512,0.0,0.0256410256410256,-1,197.2,0.0,1,0,0,0,0,0,0,0,0,0,0,3,-3,0,0,0,0,0,0,0,0,0,0,0,0,0,0,0,0,0,0,0,0,0,0,0,0,0,0,0,2,0,2
401772979,2025,WC,19,2026-01-10,Saturday,16:30,LA,CAR,34,31,Home,6,7,-550,410,-10.0,-108,-112,44.5,-108,-112,0,outdoors,grass,72.0,16.0,00-0026498,00-0039150,Matthew Stafford,Bryce Young,Sean McVay,Dave Canales,CAR00,Bank of America Stadium,0.79,0.21,-550,435,-10-105,+10-105,57.274,0.2646,0.7353,0.0,31.93,13.07,45.0,-9.429,9.429,-4.45,6.466,45.0,10.0,-10.0,Grass,Partly Cloudy Day,73.8,,,18.9,199.0,-3,65,0,7.0,WIN,OVER,-0.0214262745089183,0.0060400954889942,0.425531914893617,0.4393939393939394,6.085106382978723,5.121212121212121,1.4,1.6,0.6666666666666666,0.25,-0.0069109331014113,0.125,0.2361273805102796,0.0361876089629002,0.5441176470588235,0.4339622641509434,5.852941176470588,5.981132075471698,3.7,2.2222222222222223,0.6666666666666666,0.5,0.2456797186443089,0.5625,-0.2575536550191979,-0.030147513473906,-0.11858573216520646,0.005431675242995981,0.2321652065081352,-0.8599199542595768,-2.3000000000000003,-0.6222222222222222,0.0,-0.25,-0.2525906517457202,-0.4375,0.1888189556250145,11.256302694479624,7.228571428571429,0.0,0.0294117647058823,0.0,0.3945640371566246,-1.8891859698939968,8.975,0.025,0.0,0.0,-0.20574508153161009,13.145488664373621,-1.746428571428571,-0.025,0.0294117647058823,0.0,1,2121.4,3.0,0,1,0,0,0,2,-2,0,0,0,2,2,0,0,2,-2,0,2,-2,0,0,0,0,1,-1,0,1,-1,0,0,0,0,0,0,0,0.23,-0.23,0,0,0,0,2,-2
401772981,2025,WC,19,2026-01-10,Saturday,20:00,GB,CHI,27,31,Home,6,6,-135,114,-2.5,-108,-112,45.5,-115,-105,1,outdoors,grass,32.0,6.0,00-0036264,00-0039918,Jordan Love,Caleb Williams,Matt LaFleur,Ben Johnson,CHI98,Soldier Field,0.459,0.541,-130,115,-2-105,+2-105,68.406,0.4566,0.5433,0.0,24.97,21.53,46.5,-1.716,1.716,0.654,3.699,46.5,1.5,-1.5,Grass,Cloudy,31.0,,,13.3,283.0,4,58,1,6.5,WIN,OVER,-0.0193599308867835,0.1443469026710086,0.4444444444444444,0.5416666666666666,5.074074074074074,6.013888888888889,1.7777777777777777,2.111111111111111,1.0,0.25,-0.0389891543928593,0.3636363636363636,-0.3289639359184488,-0.0427276370525063,0.3673469387755102,0.46875,2.489795918367347,5.671875,0.3,1.6,0.0,0.25,-0.1434504145636802,0.25,0.3096040050316653,0.1870745397235149,0.0770975056689342,0.07291666666666663,2.5842781557067274,0.3420138888888893,1.4777777777777776,0.5111111111111111,1.0,0.0,0.10446126017082091,0.11363636363636359,-0.0412328981307933,0.0598820119068542,7.878787878787879,0.0285714285714285,0.0285714285714285,0.0285714285714285,0.0072600655943859,-2.1543021385486303,5.846153846153846,0.0,0.0,0.0,-0.048492963725179195,2.2141841504554844,2.032634032634033,0.0285714285714285,0.0285714285714285,0.0285714285714285,0,183.7,0.0,0,1,0,0,3,1,2,0,0,0,2,5,-3,1,0,1,3,0,3,0,0,0,0,0,0,0,0,0,0,0,0,1,0,1,0,0.06,-0.06,1.01,0,1.01,0,2,-2
401772977,2025,WC,19,2026-01-11,Sunday,13:00,BUF,JAX,27,24,Home,7,7,102,-122,1.5,-110,-110,51.5,-112,-108,0,outdoors,grass,62.0,6.0,00-0034857,00-0036971,Josh Allen,Trevor Lawrence,Sean McDermott,Liam Coen,JAX00,TIAA Bank Stadium,0.427,0.573,118,-125,+2½-110,-1½-110,75.325,0.502,0.498,0.0,25.13,25.87,51.0,0.366,-0.366,2.67,3.223,51.0,-1.5,1.5,Grass,Cloudy,63.0,,,13.7,316.0,-3,51,0,-4.5,LOSS,UNDER,0.2188593359601108,-0.3485363452037037,0.4727272727272727,0.3018867924528302,5.836363636363636,3.660377358490566,3.1818181818181817,0.7,0.8,1.0,0.2331450556799957,0.4444444444444444,0.3545830135412514,-0.2558080334221904,0.6142857142857143,0.3404255319148936,6.8,2.6382978723404253,3.888888888888889,1.0,0.8333333333333334,1.0,0.3360149486038341,0.4615384615384615,-0.13572367758114057,-0.0927283117815133,-0.1415584415584416,-0.03853873946206343,-0.9636363636363638,1.0220794861501408,-0.7070707070707072,-0.30000000000000004,-0.033333333333333326,0.0,-0.10286989292383839,-0.01709401709401709,0.3179543974320943,11.807300304544382,9.633333333333333,0.0625,0.0,0.0,-0.2300883788518187,-0.3932288198760061,7.171428571428572,0.1219512195121951,0.0,0.024390243902439,0.5480427762839131,12.200529124420388,2.461904761904761,-0.059451219512195105,0.0,-0.024390243902439,0,874.5,0.0,1,0,0,0,0,4,-4,0,0,0,1,3,-2,0,1,-1,0,2,-2,0,0,0,0,0,0,0,0,0,0,1,-1,0,0,0,0,0.84,-0.84,0,1.4,-1.4,0,0,0
401772980,2025,WC,19,2026-01-11,Sunday,16:30,SF,PHI,23,19,Home,8,7,215,-265,6.0,-115,-105,44.5,-115,-105,0,outdoors,grass,46.0,22.0,00-0037834,00-0036389,Brock Purdy,Jalen Hurts,Kyle Shanahan,Nick Sirianni,PHI00,Lincoln Financial Field,0.392,0.608,210,-240,+6-110,-5½-105,77.701,0.5686,0.4313,0.0,19.88,24.62,44.5,2.367,-2.367,3.841,2.986,44.5,-5.5,5.5,Grass,Rain,42.1,100%,Rain,21.2,274.0,-4,42,0,-10.0,LOSS,UNDER,-0.1029298458349928,-0.0251663279705556,0.4354838709677419,0.4590163934426229,4.951612903225806,4.508196721311475,1.7,2.1818181818181817,0.5,0.75,0.0386985715122945,0.4285714285714285,-0.358990701150869,0.0686717502108051,0.3571428571428571,0.484375,4.119047619047619,5.671875,0.375,1.4444444444444444,0.0,0.25,-0.2464318613788383,0.2222222222222222,0.2560608553158762,-0.0938380781813607,0.07834101382488479,-0.025358606557377095,0.8325652841781874,-1.1636782786885247,1.325,0.7373737373737372,0.5,0.5,0.2851304328911328,0.20634920634920628,-0.1787084400901972,-2.0993914116512644,9.555555555555555,0.0357142857142857,0.0,0.0,-0.4519690838639769,3.1715297036700787,4.777777777777778,0.1,0.0333333333333333,0.0,0.2732606437737797,-5.270921115321343,4.777777777777778,-0.06428571428571431,-0.0333333333333333,0.0,-1,2502.4,3.0,0,1,0,0,0,0,0,0,0,0,3,7,-4,0,0,0,0,0,0,0,0,0,0,0,0,0,0,0,0,0,0,0,0,0,0,0,0,0,0,0,0,1,-1
401772978,2025,WC,19,2026-01-11,Sunday,20:00,LAC,NE,3,16,Home,7,7,164,-198,3.5,-105,-115,45.5,-108,-112,0,outdoors,fieldturf,35.0,10.0,00-0036355,00-0039851,Justin Herbert,Drake Maye,Jim Harbaugh,Mike Vrabel,BOS00,Gillette Stadium,0.392,0.608,175,-190,+3½-105,-3½-105,71.89,0.5473,0.4526,0.0,21.32,24.18,45.5,1.427,-1.427,2.417,2.055,45.5,-3.5,3.5,Turf,Partly Cloudy Night,36.1,,,12.2,288.0,13,19,1,9.5,WIN,UNDER,0.3599087329984602,-0.3440928692242946,0.6296296296296297,0.4259259259259259,8.5,3.333333333333333,3.1666666666666665,0.9090909090909092,0.8333333333333334,0.3333333333333333,0.3839206405007411,0.5,-0.41350366559252,-0.1847461578270724,0.2878787878787879,0.3571428571428571,3.287878787878788,4.321428571428571,0.25,1.0,0.0,0.0,-0.4116025019306462,0.35,0.7734123985909802,-0.1593467113972222,0.34175084175084175,0.06878306878306878,5.212121212121212,-0.9880952380952381,2.9166666666666665,-0.09090909090909083,0.8333333333333334,0.3333333333333333,0.7955231424313873,0.15000000000000002,0.4835592705963629,24.37955606728792,11.5,0.0,0.0,0.0,-0.2404532862526784,1.1519169615161031,8.75,0.1351351351351351,0.027027027027027,0.027027027027027,0.7240125568490413,23.227639105771814,2.75,-0.1351351351351351,-0.027027027027027,-0.027027027027027,0,2589.4,3.0,0,1,0,0,2,2,0,0,0,0,3,6,-3,1,0,1,2,2,0,0,0,0,0,0,0,0,0,0,1,0,1,0,0,0,0.04,0.32,-0.28,0.31,0.24,0.07,2,1,1
401772976,2025,WC,19,2026-01-12,Monday,20:00,HOU,PIT,30,6,Home,8,8,-155,130,-3.0,-105,-115,38.5,-115,-105,0,outdoors,grass,32.0,9.0,00-0039163,00-0023459,C.J. Stroud,Aaron Rodgers,DeMeco Ryans,Mike Tomlin,PIT00,Acrisure Stadium,0.612,0.388,-150,140,-3+102,+3-110,63.471,0.446,0.554,0.0,20.96,17.54,38.5,-1.707,1.707,-0.19,3.127,38.5,3.0,-3.0,Grass,Clear Night,30.6,,,8.8,194.0,-24,36,0,-21.0,LOSS,UNDER,0.0584958708247177,0.1387455209383749,0.4520547945205479,0.3404255319148936,5.342465753424658,7.680851063829787,2.363636363636364,2.4,0.6,1.0,-0.0749724864605179,0.5625,-0.0189003396043078,-0.0729424217667263,0.4444444444444444,0.375,5.380952380952381,5.53125,2.6666666666666665,2.727272727272727,0.6666666666666666,0.6,0.0425501930783502,0.3076923076923077,0.0773962104290255,0.2116879427051012,0.0076103500761035,-0.03457446808510639,-0.038486627527723805,2.1496010638297873,-0.3030303030303023,-0.32727272727272716,-0.06666666666666665,0.4,-0.11752267953886811,0.2548076923076923,0.1520587503557437,1.2173842977393756,6.914893617021277,0.0408163265306122,0.0,0.0,0.1946711669319102,-4.5679327987489255,6.043478260869565,0.0,0.0,0.0,-0.04261241657616649,5.785317096488301,0.8714153561517115,0.0408163265306122,0.0,0.0,0,1141.9,1.0,0,1,0,0,0,2,-2,0,0,0,1,2,-1,0,0,0,0,1,-1,0,0,0,0,0,0,0,0,0,0,0,0,0,0,0,0,0.15,-0.15,0,0,0,0,0,0
401772982,2025,DIV,20,2026-01-17,Saturday,16:30,BUF,DEN,30,33,Home,6,13,100,-120,1.5,-112,-108,45.5,-112,-108,0,outdoors,grass,36.0,5.0,00-0034857,00-0039732,Josh Allen,Bo Nix,Sean McDermott,Sean Payton,DEN00,Empower Field at Mile High,0.439,0.561,108,-115,+1½-105,-1-110,76.016,0.5133,0.4866,0.0,22.25,23.25,45.5,0.504,-0.504,2.561,3.297,45.5,-1.5,1.5,Grass,Partly Cloudy Day,32.7,,,7.6,1.0,3,63,1,1.5,WIN,OVER,,,,,,,,,,,,,0.2435130421516502,0.0274605293840013,0.4833333333333333,0.5185185185185185,5.7,6.648148148148148,2.7,2.4,1.0,0.75,0.1493050538100016,0.5,,,,,,,,,,,,,-0.2129965069650639,-12.681854030360348,1.1304347826086956,0.1481481481481481,0.0,0.0,0.2720406576373332,11.296945469720024,7.914285714285715,0.0277777777777777,0.0,0.0,-0.4850371646023971,-23.97879950008037,-6.783850931677019,0.1203703703703704,0.0,0.0,7,1372.9,2.0,1,0,0,0,2,3,-1,0,0,0,0,5,-5,0,1,-1,0,2,-2,0,0,0,0,0,0,0,0,0,0,0,0,0,1,-1,0.42,0.54,-0.12,0,1.31,-1.31,0,0,0
401772984,2025,DIV,20,2026-01-17,Saturday,20:00,SF,SEA,6,41,Home,6,14,245,-305,6.5,-102,-118,44.5,-118,-102,1,outdoors,fieldturf,46.0,5.0,00-0037834,00-0034869,Brock Purdy,Sam Darnold,Kyle Shanahan,Mike Macdonald,SEA00,Lumen Field,0.211,0.789,260,-295,+6½+105,-7+100,82.741,0.5949,0.405,0.0,18.39,25.62,44.0,3.615,-3.615,5.833,3.339,44.0,-7.0,7.0,Turf,Clear Night,48.7,,,5.9,318.0,35,47,1,28.5,WIN,OVER,,,,,,,,,,,,,0.1042094695183147,-0.0410214582133882,0.509090909090909,0.4305555555555556,6.618181818181818,4.263888888888889,2.090909090909091,1.9,0.75,0.5,0.1242163328440963,0.5454545454545454,,,,,,,,,,,,,0.1707013505854187,6.9315295953017015,4.846153846153846,0.0714285714285714,0.0,0.0,0.1481594554243201,-2.894905723374465,7.709677419354839,0.03125,0.0625,0.0,0.022541895161098585,9.826435318676166,-2.863523573200993,0.0401785714285714,-0.0625,0.0,8,704.5,0.0,1,0,0,0,3,2,1,0,0,0,1,4,-3,0,1,-1,1,2,-1,0,0,0,0,0,0,0,0,0,0,0,0,0,1,-1,1.1,0,1.1,0,0.57,-0.57,0,1,-1
401772983,2025,DIV,20,2026-01-18,Sunday,15:00,HOU,NE,16,28,Home,6,7,150,-180,3.0,102,-122,40.5,-105,-115,0,outdoors,fieldturf,35.0,2.0,00-0039163,00-0039851,C.J. Stroud,Drake Maye,DeMeco Ryans,Mike Vrabel,BOS00,Gillette Stadium,0.414,0.586,165,-175,+3½-110,-3-115,76.183,0.5086,0.4913,0.0,19.92,21.08,41.0,0.584,-0.584,2.727,3.739,41.0,-3.5,3.5,Turf,Snow,35.1,100%,Snow,1.1,9.0,12,44,1,9.0,WIN,OVER,-0.0159432101966967,-0.2542955205961963,0.4426229508196721,0.423728813559322,6.295081967213115,3.5084745762711864,1.6,0.3,0.25,0.0,-0.0012500550113411,0.3636363636363636,0.0882901095829462,-0.544037545822413,0.5,0.2857142857142857,6.181818181818182,3.125,1.6363636363636365,0.5454545454545454,0.4,0.0,-0.0728549039745748,0.6666666666666666,-0.1042333197796429,0.2897420252262167,-0.05737704918032788,0.13801452784503632,0.11326378539493298,0.3834745762711864,-0.036363636363636376,-0.24545454545454543,-0.15000000000000002,0.0,0.0716048489632337,-0.30303030303030304,-0.005356513995568,-3.3446136575478773,8.724137931034482,0.1470588235294117,0.0294117647058823,0.0588235294117647,0.0124679148801182,-0.2728414721786976,9.03125,0.0857142857142857,0.0285714285714285,0.0857142857142857,-0.0178244288756862,-3.0717721853691797,-0.3071120689655178,0.061344537815125985,0.0008403361344537993,-0.026890756302521003,1,1591.8,1.0,0,1,0,0,0,2,-2,0,0,0,2,1,1,0,1,-1,0,1,-1,0,0,0,0,0,0,0,1,-1,0,0,0,0,0,0,0,0.56,-0.56,0,0,0,2,4,-2
401772985,2025,DIV,20,2026-01-18,Sunday,18:30,LA,CHI,20,17,Home,8,8,-205,170,-3.5,-118,-102,49.5,-110,-110,0,outdoors,grass,19.0,6.0,00-0026498,00-0039918,Matthew Stafford,Caleb Williams,Sean McVay,Ben Johnson,CHI98,Soldier Field,0.654,0.346,-200,195,-3½-110,+5-110,74.622,0.3873,0.6126,0.0,28.9,20.1,49.0,-4.399,4.399,0.498,6.206,49.0,3.5,-3.5,Grass,Cloudy,17.7,,,8.4,228.0,-3,37,0,0.5,WIN,UNDER,0.1051110844098804,0.217744487005199,0.3846153846153846,0.4428571428571428,5.730769230769231,6.014285714285714,3.1,2.4545454545454546,0.5,1.0,-0.0012840324046779,0.5263157894736842,0.1145646534370223,-0.073892023669972,0.4929577464788732,0.4285714285714285,5.816901408450704,5.301587301587301,2.4285714285714284,2.3846153846153846,0.8,1.0,0.3005333287520833,0.2307692307692307,-0.009453569027141895,0.291636510675171,-0.10834236186348861,0.01428571428571429,-0.08613217768147319,0.7126984126984128,0.6714285714285717,0.06993006993007,-0.30000000000000004,0.0,-0.30181736115676117,0.29554655870445345,0.2422582110635819,-6.0063376050928365,11.625,0.02,0.04,0.02,0.1162230544225991,-4.305510506743476,11.857142857142858,0.0232558139534883,0.0232558139534883,0.0,0.1260351566409828,-1.700827098349361,-0.23214285714285765,-0.0032558139534882985,0.016744186046511702,0.02,0,1750.8,2.0,0,1,0,0,1,0,1,0,0,0,2,2,0,0,0,0,1,0,1,0,0,0,0,0,0,0,0,0,0,0,0,0,0,0,0,0,0,0.28,0,0.28,3,0,3
401772986,2025,CON,21,2026-01-25,Sunday,15:00,NE,DEN,10,7,Home,7,8,-205,170,-3.5,-115,-105,43.5,-118,-102,0,outdoors,grass,26.0,10.0,00-0039851,00-0035264,Drake Maye,Jarrett Stidham,Mike Vrabel,Sean Payton,DEN00,Empower Field at Mile High,0.579,0.421,-195,185,-3½+100,+3½-105,73.7,0.412,0.588,0.0,24.94,18.07,43.0,-3.435,3.435,-2.101,2.887,43.0,3.5,-3.5,Grass,Partly Cloudy Day,26.4,,,6.6,4.0,-3,17,0,0.5,WIN,UNDER,0.0339653066989,0.0838689810569761,0.4242424242424242,0.5,5.348484848484849,5.756410256410256,2.5384615384615383,2.727272727272727,0.5,0.6,0.0683232274450532,0.5,-0.278398556965253,-0.4067314588650456,0.3225806451612903,0.3194444444444444,4.032258064516129,3.3472222222222223,1.375,1.0666666666666669,0.75,0.25,-0.3153546020722664,0.2142857142857142,0.31236386366415303,0.4906004399220217,0.10166177908113389,0.18055555555555558,1.3162267839687196,2.409188034188034,1.1634615384615383,1.6606060606060602,-0.25,0.35,0.3836778295173196,0.2857142857142858,,,,,,,-0.2487176882677886,-5.408977774473337,9.88888888888889,0.15625,0.03125,0.09375,,,,,,,1,1758.4,2.0,1,0,0,0,4,4,0,0,0,0,4,2,2,1,1,0,1,3,-2,1,0,1,0,0,0,0,0,0,0,1,-1,0,0,0,1.94,0,1.94,0,0.45,-0.45,1,0,1
401772987,2025,CON,21,2026-01-25,Sunday,18:30,LA,SEA,27,31,Home,7,8,120,-142,2.5,-115,-105,45.5,-105,-115,1,outdoors,fieldturf,41.0,2.0,00-0026498,00-0034869,Matthew Stafford,Sam Darnold,Sean McVay,Mike Macdonald,SEA00,Lumen Field,0.435,0.565,120,-125,+2½-105,-2½+100,91.816,0.5454,0.4545,0.0,21.47,24.53,46.0,1.528,-1.528,6.917,6.174,46.0,-2.5,2.5,Turf,Partly Cloudy Day,44.5,,,0.7,354.0,4,58,1,1.5,WIN,OVER,0.2121732109529638,-0.456009572554016,0.5384615384615384,0.3333333333333333,5.403846153846154,3.933333333333333,4.1,0.5454545454545454,0.7142857142857143,,0.2157650855688622,0.4,0.0382343341938043,-0.0357802958216164,0.3684210526315789,0.4691358024691358,4.4868421052631575,5.148148148148148,1.5384615384615383,1.4166666666666667,0.6666666666666666,0.6666666666666666,0.0729911890920741,0.3125,0.17393887675915948,-0.42022927673239957,0.1700404858299595,-0.13580246913580246,0.9170040485829967,-1.2148148148148148,2.5615384615384613,-0.8712121212121213,0.04761904761904767,,0.14277389647678812,0.08750000000000002,0.2770879188773735,11.525374464690689,9.058823529411764,0.1052631578947368,0.0,0.0,0.0323932998489802,-11.0736945271492,10.0,0.0869565217391304,0.0,0.0434782608695652,0.2446946190283933,22.59906899183989,-0.9411764705882355,0.01830663615560639,0.0,-0.0434782608695652,1,965.1,0.0,1,0,0,0,1,1,0,1,0,1,2,1,1,0,0,0,0,1,-1,0,0,0,0,0,0,0,0,0,0,0,0,0,0,0,0,1,-1,0,0,0,24,0,24
401772988,2025,SB,22,2026-02-08,Sunday,18:30,SEA,NE,29,13,Neutral,14,14,-238,195,-4.5,-115,-105,45.5,-115,-105,0,outdoors,grass,67.0,7.0,00-0034869,00-0039851,Sam Darnold,Drake Maye,Mike Macdonald,Mike Vrabel,SFO01,Levi's Stadium,0.671,0.329,-210,200,-4½+100,+4½-105,83.451,0.4057,0.5942,0.0,26.14,18.86,45.0,-3.643,3.643,2.644,7.021,45.0,4.5,-4.5,Grass,Partly Cloudy Day,67.0,,,9.9,336.0,-16,42,0,-11.5,LOSS,UNDER,-0.1380705371196717,-0.3127733739535021,0.3114754098360656,0.293103448275862,3.4262295081967213,3.1206896551724137,0.7692307692307693,0.5833333333333334,0.5,0.5,-0.1895951930572939,0.3333333333333333,0.1981120449129334,0.3187261536557923,0.4769230769230769,0.5087719298245614,6.092307692307692,8.403508771929825,3.1,2.7,0.8,0.75,0.0827185100368716,0.5384615384615384,-0.3361825820326051,-0.6314995276092944,-0.1654476670870113,-0.21566848154869944,-2.6660781841109706,-5.282819116757412,-2.330769230769231,-2.1166666666666667,-0.30000000000000004,-0.25,-0.27231370309416547,-0.20512820512820512,-0.4195731604110685,-12.973887547850609,12.0,0.1923076923076923,0.0,0.0,0.4620868085806401,8.660472315900465,8.222222222222221,0.0769230769230769,0.0,0.0,-0.8816599689917086,-21.634359863751072,3.7777777777777786,0.11538461538461539,0.0,0.0,0,2484.6,3.0,0,1,0,1,1,0,1,0,0,0,2,1,1,0,0,0,1,0,1,0,0,0,0,0,0,0,0,0,0,0,0,0,0,0,0,0,0,0.13,0,0.13,1,2,-1
