side_group,bets,wins,losses,pushes,units,avg_edge,median_edge,avg_odds,win_rate,roi
AWAY,4,4,0,0,2.2915134781645663,0.024274751046950475,0.025237848977369852,-176.5,1.0,0.5728783695411416
HOME,20,16,4,0,7.172205109260405,0.016976167685182043,0.01678571428571425,-133.95,0.8,0.3586102554630203
