side_group,bets,wins,losses,pushes,units,avg_edge,median_edge,avg_odds,win_rate,roi
OVER,27,21,6,0,11.301111990316105,0.052056868665825005,0.0332966814928656,-124.74074074074075,0.7777777777777778,0.41855970334504095
UNDER,117,86,31,0,42.70546793877806,0.05475047970022842,0.0436532374229019,-117.71794871794872,0.7350427350427351,0.3650039994767355
