edge_bucket,bets,wins,losses,pushes,units,avg_edge,median_edge,avg_odds,win_rate,roi
0.00_to_0.0099,15,10,5,0,3.4233609669004648,0.005382065686029187,0.0051814611707263,-118.33333333333333,0.6666666666666666,0.228224064460031
0.01_to_0.0199,14,11,3,0,6.259199057463068,0.01490371961539115,0.0154942813575632,-119.07142857142857,0.7857142857142857,0.4470856469616477
0.02_to_0.0299,18,14,4,0,7.7077745209044775,0.025387455634731222,0.025611997914207,-121.88888888888889,0.7777777777777778,0.4282096956058043
0.03_to_0.0399,21,13,8,0,2.8081775224326897,0.0338882068726445,0.033234616692475,-123.71428571428571,0.6190476190476191,0.13372273916346142
0.04_to_0.0499,23,17,6,0,8.9004977479337,0.045474177252964716,0.0458432246559676,-114.17391304347827,0.7391304347826086,0.3869781629536391
0.05_to_0.0749,8,5,3,0,1.0435778550532648,0.07329552986129592,0.0738387285981988,-125.625,0.625,0.1304472318816581
0.075_to_0.0999,23,18,5,0,10.67724306374192,0.0863882659391852,0.0867711791683749,-116.08695652173913,0.782608695652174,0.46422795929312693
0.10_plus,22,19,3,0,13.186749194664579,0.1242787064062534,0.1196284792971649,-118.45454545454545,0.8636363636363636,0.5993976906665718
