edge_bucket,bets,wins,losses,pushes,units,avg_edge,median_edge,avg_odds,win_rate,roi
0.00_to_0.0099,3,3,0,0,1.5359477124183005,0.008575163398692933,0.0088627450980394,-196.0,1.0,0.5119825708061002
0.01_to_0.0199,13,9,4,0,2.5259264487525357,0.015094492262970409,0.0155,-135.30769230769232,0.6923076923076923,0.19430203451942582
0.02_to_0.0299,6,6,0,0,4.315237152995774,0.02438832097490137,0.02471814814814805,-111.0,1.0,0.7192061921659624
0.03_to_0.0399,2,2,0,0,1.0866072732583612,0.03416927121367025,0.03416927121367025,-186.0,1.0,0.5433036366291806
