odds_bucket,bets,wins,losses,pushes,units,avg_edge,median_edge,avg_odds,win_rate,roi
minus_109_to_plus_100,1,1,0,0,1.0,0.012,0.012,100.0,1.0,1.0
minus_124_to_minus_110,1,1,0,0,0.8695652173913043,0.0189130434782607,0.0189130434782607,-115.0,1.0,0.8695652173913043
minus_149_to_minus_125,6,6,0,0,4.384723067481688,0.019806300978714685,0.01998951048951035,-137.16666666666666,1.0,0.7307871779136147
minus_199_to_minus_150,11,8,3,0,1.7212332676404531,0.017635802111169455,0.0176493506493504,-166.9090909090909,0.7272727272727273,0.15647575160367755
minus_200_or_lower,4,3,1,0,0.46819703491152553,0.0171844213295075,0.0121813725490197,-203.25,0.75,0.11704925872788138
plus_101_to_plus_125,1,1,0,0,1.02,0.02414,0.02414,102.0,1.0,1.02
