kelly_bucket,bets,wins,losses,pushes,units,avg_edge,median_edge,avg_odds,win_rate,roi
0.00_to_0.0099,1,1,0,0,1.42,0.0103713184506022,0.0103713184506022,142.0,1.0,1.42
0.01_to_0.0199,1,1,0,0,1.0,0.0190495205630218,0.0190495205630218,100.0,1.0,1.0
0.02_to_0.0499,18,14,4,0,3.701015045785213,0.018125854115929128,0.01668536135137305,-163.94444444444446,0.7777777777777778,0.2056119469880674
0.05_to_0.0999,32,24,8,0,3.4941050741704585,0.03532704248691005,0.0328142420326823,-208.0,0.75,0.10919078356782683
0.10_to_0.1999,25,22,3,0,6.694882609512999,0.06100165768445751,0.059994618266999,-229.4,0.88,0.26779530438051996
0.20_to_0.4999,4,3,1,0,0.21242793501048218,0.09526284008933963,0.0963220824451376,-249.0,0.75,0.053106983752620546
