side_group,bets,wins,losses,pushes,units,avg_edge,median_edge,avg_odds,win_rate,roi
AWAY,61,50,11,0,14.18165329841788,0.04034498649211525,0.0369119638565531,-194.9672131147541,0.819672131147541,0.23248611964619476
HOME,20,15,5,0,2.340777366061272,0.046560009956561794,0.040931097333852196,-210.15,0.75,0.1170388683030636
