odds_bucket,bets,wins,losses,pushes,units,avg_edge,median_edge,avg_odds,win_rate,roi
minus_109_to_plus_100,5,3,2,0,1.0,0.03270152918897708,0.0241679838429278,100.0,0.6,0.2
minus_199_to_minus_150,12,12,0,0,6.748116278700692,0.03791837829084903,0.0360446257226817,-179.41666666666666,1.0,0.5623430232250577
minus_200_or_lower,62,48,14,0,6.30431438577846,0.0433919419987076,0.03753437292624255,-236.93548387096774,0.7741935483870968,0.10168249009320096
plus_101_to_plus_125,1,1,0,0,1.05,0.0730444673447192,0.0730444673447192,105.0,1.0,1.05
plus_126_to_plus_150,1,1,0,0,1.42,0.0103713184506022,0.0103713184506022,142.0,1.0,1.42
