kelly_bucket,bets,wins,losses,pushes,units,avg_edge,median_edge,avg_odds,win_rate,roi
0.01_to_0.0199,7,5,2,0,1.2766884531590414,0.010170156951669543,0.0104285714285714,-135.42857142857142,0.7142857142857143,0.1823840647370059
0.02_to_0.0499,15,13,2,0,7.100422861007568,0.019806181120161033,0.0189130434782607,-137.66666666666666,0.8666666666666667,0.47336152406717125
0.05_to_0.0999,2,2,0,0,1.0866072732583612,0.03416927121367025,0.03416927121367025,-186.0,1.0,0.5433036366291806
