odds_bucket,bets,wins,losses,pushes,units,avg_edge,median_edge,avg_odds,win_rate,roi
minus_109_to_plus_100,23,17,6,0,10.196700902583254,0.058904754166351665,0.0458432246559676,-105.1304347826087,0.7391304347826086,0.44333482185144585
minus_124_to_minus_110,77,60,17,0,35.18845466882361,0.05463976457951973,0.0436532374229019,-115.0909090909091,0.7792207792207793,0.45699291777693
minus_149_to_minus_125,42,29,13,0,8.980398716661655,0.052324365673398106,0.0386414289704466,-132.11904761904762,0.6904761904761905,0.21381901706337275
minus_199_to_minus_150,2,1,1,0,-0.3589743589743589,0.0258235010860862,0.0258235010860862,-156.0,0.5,-0.17948717948717946
