tree
version=v4
num_class=1
num_tree_per_iteration=1
label_index=0
max_feature_idx=15
objective=regression
feature_names=player_yards_per_attempt_lag1 player_yards_per_attempt_roll3_mean player_yards_per_attempt_roll5_mean player_yards_per_attempt_ewm5 player_yards_per_attempt_season_to_date player_yards_per_attempt_career_prior player_pass_attempts_career_prior history_no_nfl_history_flag history_history_games eff_player_prior_rate eff_position_prior_rate eff_league_prior_rate eff_shrunk_rate eff_player_prior_exposure eff_prior_weight eff_rookie_position_prior_flag
feature_infos=[-3:69] [-3:24.666666030883789] [-3:24.5] [-3:25.623743057250977] [-3:38] [-3:24.5] [0:54] [0:1] [0:211] [-3:22] [0:18] [7.0642575086753618:8.5245901639344268] [0:18] [0:6998] none [0:1]
tree_sizes=2663 2846 2837 2845 2841 2851 2845 2843 2835 2852 2851 2837 2831 2851 2841 2855 2851 2844 2834 2842 2858 2831 2846 2850 2843 2842 2857 2845 2839 2863 2846 2835 2846 2845 2850 2842 2852 2844 2828

Tree=0
num_leaves=31
num_cat=0
split_feature=12 6 4 10 9 2 13 12 11 10 13 9 5 6 4 2 11 6 9 10 11 5 10 1 12 6 12 13 10 9
split_gain=1016.44 358.265 205.525 207.573 199.635 186.05 160.329 146.947 122.851 113.279 111.222 91.5654 86.329 115.543 106.543 72.2058 67.8283 70.7586 65.681 78.7709 92.5439 62.1092 96.9495 83.897 61.519 88.6212 59.1858 55.5491 54.9543 53.2112
threshold=7.1662125602618696 31.28828048706055 2.5042892694473271 7.1475986888757488 10.033333333333335 7.2113468647003183 1826.5000000000002 8.528645746786486 7.1852485563342414 7.099203107341622 262.50000000000006 6.9095561622628106 6.3717892169952401 28.391550064086918 8.3253636360168475 8.6503210067749041 7.1659412628095822 30.193297386169437 4.3988304093567256 7.1067661805587639 7.1226239976705719 6.3717892169952401 7.1921033244703017 5.5527250766754159 7.4346381942087314 29.035556793212894 6.6120546272100178 226.50000000000003 7.1217775314655016 3.977272727272728
decision_type=8 10 10 10 10 8 2 10 10 10 2 8 10 10 8 10 8 10 10 10 10 10 10 10 10 8 10 2 10 10
left_child=1 2 9 18 5 12 8 10 -5 -1 16 -3 -2 14 -14 -12 24 -18 28 20 -20 23 -23 29 25 -7 27 -21 -4 -11
right_child=4 11 3 6 -6 7 -8 -9 -10 21 15 -13 13 -15 -16 -17 17 -19 19 26 -22 22 -24 -25 -26 -27 -28 -29 -30 -31
leaf_value=7.1058206535967718 7.1430353246657559 7.0912732456879342 7.0263234798101522 7.0869364038305376 7.0501819387649567 7.1557818544295726 7.1458657233445155 7.1632394826085024 7.1327419882634127 7.0264853248166572 7.1132661184129145 7.1052072489083331 7.0900098628843322 7.1033820367185818 7.0395101012757442 7.1265094669737969 7.0698927480679652 7.1045578262893683 7.0786823008961699 7.07421087614666 7.1308918748743979 7.0841234789762266 7.0354040763925081 7.0127815108465681 7.0979336273798612 7.1006573088875342 7.0782382502405623 7.0417951113671586 7.0710285172673597 7.0677978198948352
leaf_weight=42 41 999 49 698 51 52 50 54 57 40 1779 738 188 959 47 468 105 107 100 87 44 107 56 60 148 53 272 105 50 94
leaf_count=42 41 999 49 698 51 52 50 54 57 40 1779 738 188 959 47 468 105 107 100 87 44 107 56 60 148 53 272 105 50 94
internal_value=7.09882 7.08733 7.07837 7.08342 7.10916 7.10991 7.09384 7.11424 7.09039 7.05922 7.11326 7.09719 7.10023 7.09876 7.07991 7.11602 7.09991 7.08739 7.07156 7.07525 7.09464 7.05373 7.06739 7.04226 7.11039 7.12796 7.06924 7.05648 7.0489 7.05547
internal_weight=7700 3648 1911 1512 4052 4001 805 2766 755 399 2712 1737 1235 1194 235 2247 465 212 707 608 144 357 163 194 253 105 464 192 99 134
internal_count=7700 3648 1911 1512 4052 4001 805 2766 755 399 2712 1737 1235 1194 235 2247 465 212 707 608 144 357 163 194 253 105 464 192 99 134
is_linear=0
shrinkage=1


Tree=1
num_leaves=31
num_cat=0
split_feature=12 6 4 10 9 2 13 12 11 10 13 5 5 6 4 2 11 11 6 9 10 12 5 10 1 12 6 11 6 11
split_gain=956.369 337.092 193.379 195.305 187.837 175.055 150.854 138.262 115.59 106.584 104.649 86.5454 81.227 108.715 100.246 67.9384 65.8112 64.1041 74.9942 61.7992 74.1155 91.1993 58.4385 91.2198 78.9387 57.4544 97.5143 56.6488 57.3945 84.7386
threshold=7.1662125602618696 31.28828048706055 2.5042892694473271 7.1475986888757488 10.033333333333335 7.2113468647003183 1826.5000000000002 8.528645746786486 7.1852485563342414 7.099203107341622 262.50000000000006 6.9971013069152841 6.3717892169952401 28.391550064086918 8.3253636360168475 8.6503210067749041 7.1831628497141642 7.1691654195439805 30.193297386169437 4.3988304093567256 7.1067661805587639 6.6120546272100178 6.3717892169952401 7.1921033244703017 5.5527250766754159 7.4346381942087314 23.016948699951175 7.1339807573669374 25.1589469909668 7.1743589577555582
decision_type=8 10 10 10 10 8 2 10 10 10 2 10 10 10 8 10 10 8 10 10 10 10 10 10 10 10 8 10 10 10
left_child=1 2 9 19 5 12 8 10 -5 -1 17 -3 -2 14 -14 -12 -13 25 -19 -4 21 -21 24 -24 -11 26 -7 -22 29 -29
right_child=4 11 3 6 -6 7 -8 -9 -10 22 15 16 13 -15 -16 -17 -18 18 -20 20 27 -23 23 -25 -26 -27 -28 28 -30 -31
leaf_value=0.00679089631752244 0.042889126386584306 -0.0075113575184905142 -0.048420409781939462 -0.01152682607492464 -0.047178656870827958 0.063579586270015406 0.045634614041447634 0.062487159565918965 0.032904591183913381 -0.042053378103995939 0.014012996825878097 0.0036246599630400506 -0.0085455700943736917 0.0044254377527798289 -0.057530340660125655 0.026859045358828434 0.038901352759669806 -0.033088328315508224 0.0048604934366003978 0.033782021466950689 0.0029025991374383802 -0.019121886259577808 -0.014255363232342996 -0.061513183886729945 -0.083457073765806855 -0.0012973590084114429 0.0059034050558064433 -0.053314484593797132 -0.020787583491422564 -0.0083852800544427369
leaf_weight=42 41 973 99 698 51 41 50 54 57 134 1779 713 188 959 47 468 51 86 103 41 46 103 107 56 60 161 74 165 204 49
leaf_count=42 41 973 99 698 51 41 50 54 57 134 1779 713 188 959 47 468 51 86 103 41 46 103 107 56 60 161 74 165 204 49
internal_value=-1.24998e-10 -0.0111428 -0.0198372 -0.0149348 0.0100319 0.0107611 -0.00483035 0.0149542 -0.0081724 -0.0384146 0.0140077 -0.00157755 0.00137 -5.56938e-05 -0.0183425 0.0166885 0.00597952 0.00105328 -0.0124072 -0.0264399 -0.0228609 -0.00405897 -0.0437329 -0.0304912 -0.0548586 0.0102708 0.0264662 -0.0286959 -0.0321733 -0.043027
internal_weight=7700 3648 1911 1512 4052 4001 805 2766 755 399 2712 1737 1235 1194 235 2247 764 465 189 707 608 144 357 163 194 276 115 464 418 214
internal_count=7700 3648 1911 1512 4052 4001 805 2766 755 399 2712 1737 1235 1194 235 2247 764 465 189 707 608 144 357 163 194 276 115 464 418 214
is_linear=0
shrinkage=0.03


Tree=2
num_leaves=31
num_cat=0
split_feature=5 4 2 13 6 10 3 3 6 10 6 0 1 3 4 10 12 4 2 9 2 3 1 5 10 8 11 12 8 4
split_gain=903.195 288.156 161.158 193.202 145.99 198.496 132.786 122.298 114.023 105.796 97.8093 87.8764 79.1337 73.2083 71.3294 68.0897 73.4656 65.0954 74.7096 108.103 62.5223 58.3081 78.1342 61.525 56.4258 73.2704 56.4001 55.0504 58.5962 53.7008
threshold=7.2847917079925546 7.1999475955963144 6.8757255077362069 262.50000000000006 31.28828048706055 7.1850886479861442 8.5790729522705096 5.2211978435516366 18.404544830322269 7.1067661805587639 7.0294117927551278 3.9538706541061406 7.4314091205596933 8.7372550964355487 4.007575750350953 7.2631599735539334 6.5549152672120812 3.0284091234207158 5.5866634845733651 6.1137975959526809 8.3479213714599627 4.040947914123536 4.5326387882232675 6.6224358081817636 7.1367653678409519 42.500000000000007 7.1645738074109859 6.6120546272100178 14.500000000000002 8.5686020851135272
decision_type=8 10 8 2 10 10 10 10 8 8 10 10 10 10 10 10 10 10 10 8 10 10 10 10 10 2 10 10 2 8
left_child=1 4 24 6 5 9 8 11 -4 27 -8 -7 17 -5 26 16 -3 21 -19 -20 -15 -11 -23 -24 25 -2 -9 -1 -29 -26
right_child=2 15 3 13 -6 7 10 14 -10 12 -12 -13 -14 20 -16 -17 -18 18 19 -21 -22 22 23 -25 29 -27 -28 28 -30 -31
leaf_value=0.016001553684473035 0.039264911072135998 -0.026510724353651375 0.046353475486061398 0.014290667560669195 -0.0070405971292637612 -0.0085311444320024972 -0.060926832134018137 -0.063425189923833711 -0.00032854836150953499 -0.027335948552191257 -0.010746748990715161 0.040351879690629491 -0.0042044069748875257 0.062115762248028838 -0.009796159830491204 -0.019407904337847899 0.0080922604802474082 -0.047306066669023976 0.023008025837380711 -0.028856252035435521 0.024008654443188081 -0.0957612180369906 -0.065346792040294713 -0.02368915491212498 -0.0043069733440554789 0.00018611600790613677 -0.014204878105083481 -0.039745130907921561 0.0022345200068268336 -0.034704411436993064
leaf_weight=57 58 59 56 2169 1136 62 49 44 296 75 122 71 74 43 436 107 862 164 41 307 392 40 76 55 461 169 40 63 57 59
leaf_count=57 58 59 56 2169 1136 62 49 44 296 75 122 71 74 43 436 107 862 164 41 307 392 40 76 55 461 169 40 63 57 59
internal_value=-1.04564e-11 -0.0103389 0.0102108 0.0132014 -0.0153293 -0.0209947 -0.00343781 -0.00810716 0.00709814 -0.0293352 -0.0251258 0.0175643 -0.0338158 0.0165433 -0.0146731 0.00324392 0.00587557 -0.0367066 -0.0306128 -0.0227458 0.0277756 -0.0493899 -0.0590626 -0.0478569 -0.00230824 0.010171 -0.0399869 -0.00827394 -0.0198048 -0.00775591
internal_weight=7700 3826 3874 3127 2798 1662 523 653 352 1009 171 133 832 2604 520 1028 921 758 512 348 435 246 171 131 747 227 84 177 120 520
internal_count=7700 3826 3874 3127 2798 1662 523 653 352 1009 171 133 832 2604 520 1028 921 758 512 348 435 246 171 131 747 227 84 177 120 520
is_linear=0
shrinkage=0.03


Tree=3
num_leaves=31
num_cat=0
split_feature=9 2 11 9 3 1 12 4 6 12 0 13 4 13 4 3 9 9 6 13 5 13 3 11 10 13 5 12 13 6
split_gain=853.861 308.097 178.278 163.762 146.873 201.614 241.709 167.232 157.42 143.263 134.291 119.432 146.806 95.9763 110.49 94.2084 108.831 86.5235 162.809 85.4828 81.6742 103.429 75.6897 64.8904 62.8753 56.3308 51.9596 62.4034 49.3312 62.3484
threshold=6.9095561622628106 6.8757255077362069 7.2414251070970064 10.033333333333335 3.6199640035629277 2.9888888597488408 7.1915884433326669 8.7809801101684588 28.072299957275394 8.528645746786486 3.9538706541061406 283.50000000000006 6.8541417121887216 262.50000000000006 8.4738245010375994 7.7160053253173837 6.6234844603367549 4.7557903291344994 9.4499998092651385 157.50000000000003 7.3054625988006601 320.50000000000006 6.9990539550781259 7.153566619444871 7.1405307551312012 2102.5000000000005 7.7533657550811776 7.5556700334019959 752.00000000000011 32.209428787231452
decision_type=10 10 8 10 8 10 10 8 10 10 10 2 10 2 10 10 8 10 10 2 10 2 10 10 10 2 10 10 2 10
left_child=2 11 4 9 23 6 -6 17 15 10 -3 12 19 -12 20 16 24 -7 -19 -2 25 -22 -20 -1 -9 -15 -16 -28 -24 -30
right_child=1 3 -4 -5 5 7 -8 8 -10 -11 13 -13 -14 14 26 -17 -18 18 22 -21 21 -23 28 -25 -26 -27 27 -29 29 -31
leaf_value=-0.028359972698275338 -0.023376659715237714 -0.040353307844450077 0.028253031938748303 -0.043890468880999831 0.084683247431181372 -0.035824639323626215 -0.013004774556688543 -0.084477843438484232 -0.013834095957989088 0.05949986540446324 -0.00062754673224427258 -0.0022409803661931718 0.0076317128587153641 -0.004183621334953213 0.034444666315042942 -0.093473532050848004 -0.0049191416456225391 0.04309826826562687 -0.015739101438965505 -0.076513502004471698 0.056796884306520218 0.013091910994766417 -0.012992757873838407 -0.080181534178555003 -0.036418466379447859 0.013329074695394747 -0.015539339125642308 0.022529554644119699 0.036147582910277629 -0.00057291489372258639
leaf_weight=44 54 45 86 48 40 134 53 49 167 56 488 1080 62 445 291 42 47 49 1348 55 50 1923 171 43 49 263 46 246 55 171
leaf_count=44 54 45 86 48 40 134 53 49 167 56 488 1080 62 445 291 42 47 49 1348 55 50 1923 171 43 49 263 46 246 55 171
internal_value=-2.83605e-11 0.00702557 -0.0142055 0.0111801 -0.0156887 -0.0142862 0.0290116 -0.0160508 -0.0350037 0.0118661 0.0111636 -0.0059294 -0.0292247 0.0117815 0.0136367 -0.0539091 -0.0424491 -0.0125709 -0.010834 -0.0501888 0.0110628 0.0141995 -0.0123484 -0.0539729 -0.0604482 0.0023218 0.0254732 0.0165324 -0.000835297 0.00836349
internal_weight=7700 5152 2548 3901 2462 2375 93 2282 354 3853 3797 1251 171 3752 3264 187 145 1928 1794 109 2681 1973 1745 87 98 708 583 292 397 226
internal_count=7700 5152 2548 3901 2462 2375 93 2282 354 3853 3797 1251 171 3752 3264 187 145 1928 1794 109 2681 1973 1745 87 98 708 583 292 397 226
is_linear=0
shrinkage=0.03


Tree=4
num_leaves=31
num_cat=0
split_feature=9 2 11 9 3 1 12 4 6 12 0 13 4 13 4 3 9 9 6 13 9 3 11 10 6 5 6 9 6 10
split_gain=803.398 289.888 167.742 154.084 138.193 189.699 227.424 157.349 148.117 134.796 126.354 112.374 138.13 90.3041 103.96 88.6407 102.399 81.41 153.187 80.4308 77.1169 71.2164 61.0554 59.1593 56.2935 49.0516 48.9678 52.3322 47.9953 46.8955
threshold=6.9095561622628106 6.8757255077362069 7.2414251070970064 10.033333333333335 3.6199640035629277 2.9888888597488408 7.1915884433326669 8.7809801101684588 28.072299957275394 8.528645746786486 3.9538706541061406 283.50000000000006 6.8541417121887216 262.50000000000006 8.4738245010375994 7.7160053253173837 6.6234844603367549 4.7557903291344994 9.4499998092651385 157.50000000000003 7.3563383068914687 6.9990539550781259 7.153566619444871 7.1405307551312012 21.389757156372074 7.6666595935821542 34.003845214843757 6.9895462451168777 29.52506256103516 7.1885482348800585
decision_type=10 10 8 10 8 10 10 8 10 10 10 2 10 2 10 10 8 10 10 2 10 10 10 10 10 10 10 10 10 10
left_child=2 11 4 9 22 6 -6 17 15 10 -3 12 19 -12 20 16 23 28 -19 -2 26 29 -1 -9 -22 -16 -15 -28 -7 -20
right_child=1 3 -4 -5 5 7 -8 8 -10 -11 13 -13 -14 14 25 -17 -18 18 21 -21 24 -23 -24 -25 -26 -27 27 -29 -30 -31
leaf_value=-0.027509174117903139 -0.02267535935725189 -0.039142708684007321 0.027405440689519396 -0.042573754035111051 0.082142749995924538 -0.048601929377764461 -0.012614631716794562 -0.081943508918416133 -0.013419073639384575 0.057714870244796788 -0.00060872024463367517 -0.0021737505069468169 0.0074027630491482633 -0.00043295463290909968 0.035645859752579764 -0.090669326729008126 -0.0047715676086459392 0.041805320248311878 -0.019919450467445397 -0.074218097391453658 0.042779963500797748 -0.00081023831626573942 -0.07777608730245468 -0.035325912695606143 0.013836896746338064 0.017785347158112759 0.044318009713398561 0.009090964383076933 -0.011478492021560668 -0.0085372374232557564
leaf_weight=44 54 45 86 48 40 84 53 49 167 56 488 1080 62 670 226 42 47 49 797 55 63 397 43 49 1512 357 42 394 50 551
leaf_count=44 54 45 86 48 40 84 53 49 167 56 488 1080 62 670 226 42 47 49 797 55 63 397 43 49 1512 357 42 394 50 551
internal_value=1.26736e-10 0.0068148 -0.0137794 0.0108447 -0.015218 -0.0138577 0.0281412 -0.0155693 -0.0339536 0.0115101 0.0108287 -0.00575151 -0.0283479 0.011428 0.0132276 -0.0522919 -0.0411756 -0.0121937 -0.0105089 -0.0486832 0.0107309 -0.0119779 -0.0523537 -0.0586347 0.0149946 0.024709 0.00465924 0.0124844 -0.0347499 -0.0152669
internal_weight=7700 5152 2548 3901 2462 2375 93 2282 354 3853 3797 1251 171 3752 3264 187 145 1928 1794 109 2681 1745 87 98 1575 583 1106 436 134 1348
internal_count=7700 5152 2548 3901 2462 2375 93 2282 354 3853 3797 1251 171 3752 3264 187 145 1928 1794 109 2681 1745 87 98 1575 583 1106 436 134 1348
is_linear=0
shrinkage=0.03


Tree=5
num_leaves=31
num_cat=0
split_feature=5 4 2 13 6 11 4 1 3 6 11 6 4 1 10 10 3 10 12 11 9 6 4 2 10 13 9 10 8 11
split_gain=759.298 244.638 133.803 160.369 127.591 184.807 191.086 145.113 118.76 108.745 86.5862 85.4068 76.1848 95.1699 79.7811 70.2154 64.0553 63.287 63.9787 58.3999 72.0087 54.4598 54.3884 53.3882 58.8175 56.8562 115.036 53.3201 70.2152 51.0377
threshold=7.2847917079925546 7.1999475955963144 6.8757255077362069 262.50000000000006 22.804439544677738 7.1617190113655296 3.4434143304824834 5.0337209701538095 8.5790729522705096 18.763889312744144 7.1694992054971385 7.0294117927551278 3.0284091234207158 5.4481735229492196 7.2013131049056387 7.1596399138142504 8.7987451553344744 7.2631599735539334 6.5549152672120812 7.1845675556251534 6.8686302382149789 33.58452224731446 7.191042661666871 3.8774212598800664 7.1858608822797221 103.50000000000001 5.702962962962963 7.1367653678409519 42.500000000000007 7.1444574571281025
decision_type=8 10 8 2 10 10 10 10 10 8 10 10 8 10 10 10 10 10 10 10 8 10 8 10 10 2 10 10 2 10
left_child=1 4 27 8 5 23 10 -8 9 -4 -7 -10 -6 14 -14 -9 -5 18 -3 21 -21 22 -15 -1 25 26 -25 28 -2 -24
right_child=2 17 3 16 12 6 7 15 11 -11 -12 -13 13 19 -16 -17 -18 -19 -20 20 -22 -23 29 24 -26 -27 -28 -29 -30 -31
leaf_value=-0.012735015646554529 0.038566776188090443 -0.024650204604712581 0.044433213584125039 0.013139248069441552 0.029006737955780914 -0.0029181778170168401 0.054779320509120259 -0.031893709766864779 -0.057037252722954263 -0.00051461646247807208 -0.05885482583787631 -0.010146467424079882 -0.036069911032589566 -0.011210530386152492 -0.0034254552470520138 0.016427702032092768 0.026242286535068132 -0.018802740320249974 0.0076413734305860416 -0.0065106164222877277 0.041045659302693348 -0.002673444043738777 -0.00786202660901472 -0.064087231673173983 -0.025067290440201759 -0.066405031604363632 -0.0011776307970285415 -0.0073406774352949402 0.00031141924758623603 -0.042546768129936283
leaf_weight=60 58 59 58 2208 43 40 53 50 49 294 66 122 226 908 96 59 396 107 862 76 46 579 60 59 106 119 47 520 169 105
leaf_count=60 58 59 58 2208 43 40 53 50 49 294 66 122 226 908 96 59 396 107 862 76 46 579 60 59 106 119 47 520 169 105
internal_value=4.30251e-11 -0.00947958 0.00936213 0.0120872 -0.0140777 -0.0256195 -0.0064302 0.0140608 -0.0030724 0.00689156 -0.0377467 -0.023583 -0.0105219 -0.0113328 -0.0263374 -0.00573808 0.0151319 0.00303561 0.00557275 -0.00860931 0.0114204 -0.0100885 -0.0140897 -0.0387722 -0.0434919 -0.052172 -0.0361934 -0.00204505 0.0100859 -0.0299341
internal_weight=7700 3826 3874 3127 2798 659 268 162 523 352 106 171 2139 2096 322 109 2604 1028 921 1774 122 1652 1073 391 331 225 106 747 227 165
internal_count=7700 3826 3874 3127 2798 659 268 162 523 352 106 171 2139 2096 322 109 2604 1028 921 1774 122 1652 1073 391 331 225 106 747 227 165
is_linear=0
shrinkage=0.03


Tree=6
num_leaves=31
num_cat=0
split_feature=9 2 11 9 3 1 12 4 6 12 0 13 4 3 9 13 4 9 6 9 6 4 13 11 10 1 6 2 13 5
split_gain=717.999 256.999 153.531 138.475 128.689 176.136 216.093 142.883 136.565 125.431 118.274 103.967 127.37 84.0021 96.0637 79.9594 94.6406 75.4096 143.888 68.9149 65.0302 84.1663 58.5455 57.635 55.4215 54.7239 53.1817 47.8835 56.0513 47.162
threshold=6.9095561622628106 6.8757255077362069 7.2414251070970064 10.033333333333335 3.6199640035629277 2.9888888597488408 7.1915884433326669 8.7809801101684588 28.072299957275394 8.528645746786486 3.9538706541061406 283.50000000000006 6.7447359561920175 7.7160053253173837 6.6234844603367549 262.50000000000006 8.4738245010375994 4.7557903291344994 9.4499998092651385 7.3563383068914687 21.127314567565922 8.181467533111574 138.50000000000003 7.153566619444871 7.1405307551312012 5.5157451629638681 21.389757156372074 5.281003713607789 857.50000000000011 7.7533657550811776
decision_type=10 10 8 10 8 10 10 8 10 10 10 2 10 10 8 2 10 10 10 10 10 10 2 10 10 10 10 10 2 10
left_child=2 11 4 9 23 6 -6 17 13 10 -3 12 22 14 24 -12 19 -7 -19 -17 -20 25 -2 -1 -9 27 -21 -22 -29 -18
right_child=1 3 -4 -5 5 7 -8 8 -10 -11 15 -13 -14 -15 -16 16 29 18 20 26 21 -23 -24 -25 -26 -27 -28 28 -30 -31
leaf_value=-0.026100274663079868 -0.023620461627494455 -0.038136798153320946 0.026375254238414209 -0.0404036099743098 0.080018676051869977 -0.033231718560208137 -0.012347965121690957 -0.078516142604758546 -0.012540692225304951 0.055438431269888365 -0.00053617045140183972 -0.0019482483737924162 0.0025190671002240598 -0.087226650289126795 -0.0037854548179088749 0.0043616722285285759 0.031985522333686192 0.040800363211607446 -0.027466979400083965 0.041138441007406934 -0.0079293767629867104 0.031650142960927698 -0.070536648221313961 -0.074938899444979293 -0.033395268471189295 -0.0077826200872381608 0.013006716095486129 -0.020153235641279906 -0.057925709058191964 0.014920222351888883
leaf_weight=44 43 45 86 48 40 134 53 49 167 56 488 1080 74 42 47 1106 291 49 199 63 113 44 54 43 49 1235 1512 99 55 292
leaf_count=44 43 45 86 48 40 134 53 49 167 56 488 1080 74 42 47 1106 291 49 199 63 113 44 54 43 49 1235 1512 99 55 292
internal_value=4.22867e-11 0.00644243 -0.0130264 0.0102368 -0.0144028 -0.0130901 0.0273796 -0.0147393 -0.0322582 0.0108677 0.0102103 -0.00538957 -0.0271243 -0.0498668 -0.0390453 0.0107902 0.0124836 -0.0115227 -0.0099012 0.0101014 -0.0113249 -0.00924711 -0.0497388 -0.0502389 -0.0559557 -0.0104452 0.014132 -0.0227607 -0.0336434 0.0234382
internal_weight=7700 5152 2548 3901 2462 2375 93 2282 354 3853 3797 1251 171 187 145 3752 3264 1928 1794 2681 1745 1546 97 87 98 1502 1575 267 154 583
internal_count=7700 5152 2548 3901 2462 2375 93 2282 354 3853 3797 1251 171 187 145 3752 3264 1928 1794 2681 1745 1546 97 87 98 1502 1575 267 154 583
is_linear=0
shrinkage=0.03


Tree=7
num_leaves=31
num_cat=0
split_feature=5 4 6 11 4 13 2 13 3 6 8 4 1 11 6 6 10 12 5 10 4 3 6 11 2 2 3 10 12 6
split_gain=676.397 219.42 129.121 158.286 155.44 181.022 118.558 141.646 109.035 103.378 81.7178 105.053 89.4479 81.5214 77.4545 75.8869 70.3472 63.0711 83.0747 60.0669 58.5715 57.8679 51.0587 50.8082 48.2225 46.9285 47.0347 59.2568 75.1499 45.0611
threshold=7.2847917079925546 7.4816741943359384 22.804439544677738 7.1617190113655296 3.4434143304824834 47.500000000000007 6.8757255077362069 262.50000000000006 8.5790729522705096 18.763889312744144 73.500000000000014 4.007575750350953 4.7496392726898202 7.1694992054971385 7.0294117927551278 28.072299957275394 7.2631599735539334 6.5406804123318585 6.6338877677917489 7.1596399138142504 6.7571558952331552 8.7987451553344744 23.480885505676273 7.1205276745005106 8.0261955261230487 3.8774212598800664 7.1101844310760507 7.1858608822797221 6.9272958939590419 32.116514205932624
decision_type=8 10 10 10 10 2 8 2 10 8 2 10 10 10 10 10 10 10 10 10 10 10 10 10 10 10 10 10 10 10
left_child=1 2 3 25 13 -6 23 8 9 -8 12 -12 15 -5 -10 -4 17 -3 -19 -7 -13 -9 -14 -2 -11 -1 27 -27 -29 -24
right_child=6 16 10 4 5 19 7 21 14 24 11 20 22 -15 -16 -17 -18 18 -20 -21 -22 -23 29 -25 -26 26 -28 28 -30 -31
leaf_value=-0.011540777403861285 0.023024165012131777 -0.026765620650767232 -0.057255788318374579 -0.0018020803928375244 0.059383339248740175 -0.027750320582486252 0.043305049176359994 0.012368896321421862 -0.054357417827966256 -0.0084607047249463576 0.042653631197754296 -0.016505254257422195 0.022208106462759052 -0.056078093082390049 -0.0097029694136934446 -0.01402478886308455 -0.022206603021246111 0.04200756171398929 0.0073188519865277791 0.013077877029596317 0.010020953843910848 0.024823033833844502 -0.014780581365760263 -0.0043573011911597435 0.018069757408335465 -0.053464467937976698 -0.0101489651262215 -0.0024934927323400709 -0.056332492925226685 -0.0053945628879056426
leaf_weight=60 67 42 68 40 49 68 58 2208 49 206 54 145 44 66 122 79 73 70 553 62 155 396 1007 680 88 206 41 56 40 848
leaf_count=60 67 42 68 40 49 68 58 2208 49 206 54 145 44 66 122 79 73 70 553 62 155 396 1007 680 88 206 41 56 40 848
internal_value=8.69078e-11 -0.00894714 -0.0124593 -0.0239169 -0.00680578 0.0102435 0.00883628 0.0114014 -0.00284579 0.0067015 -0.00917481 0.00413357 -0.0114774 -0.0355966 -0.0224987 -0.0340228 0.0057488 0.00881759 0.0112165 -0.00827841 -0.00280005 0.0142628 -0.00973222 -0.0019014 -0.000519614 -0.0360178 -0.0402995 -0.0443928 -0.0249264 -0.0104898
internal_weight=7700 3826 3088 688 285 179 3874 3127 523 352 2400 354 2046 106 171 147 738 665 623 130 300 2604 1899 747 294 403 343 302 96 1855
internal_count=7700 3826 3088 688 285 179 3874 3127 523 352 2400 354 2046 106 171 147 738 665 623 130 300 2604 1899 747 294 403 343 302 96 1855
is_linear=0
shrinkage=0.03


Tree=8
num_leaves=31
num_cat=0
split_feature=9 2 11 9 3 1 12 4 6 12 0 4 13 3 9 13 4 12 6 4 0 13 9 1 9 9 6 11 10 3
split_gain=641.399 226.781 143.557 124.235 119.015 165.968 205.844 133.332 123.842 116.793 110.539 96.4043 135.575 79.8851 90.5452 70.778 86.365 70.503 136.373 76.5845 70.2345 67.9489 63.3242 60.275 60.1971 57.1766 54.9045 53.4851 51.2747 47.1225
threshold=6.9095561622628106 6.8757255077362069 7.2414251070970064 10.033333333333335 3.6199640035629277 2.9888888597488408 7.1915884433326669 8.7809801101684588 28.072299957275394 8.528645746786486 3.9538706541061406 5.0799036026000985 262.50000000000006 7.7160053253173837 6.6234844603367549 262.50000000000006 8.4738245010375994 7.0517748738663517 8.4641575813293475 8.181467533111574 6.6074929237365732 307.50000000000006 7.3563383068914687 6.1199257373809823 6.4081919342655551 6.4741504390988931 29.52506256103516 7.153566619444871 7.1370429095926324 5.2727012634277353
decision_type=10 10 8 10 8 10 10 8 10 10 10 10 2 10 8 2 10 10 10 10 10 2 10 10 10 10 10 10 10 10
left_child=2 11 4 9 27 6 -6 17 13 10 -3 12 -2 14 28 -12 21 18 -7 24 23 -17 -23 29 -20 -26 -19 -1 -9 -14
right_child=1 3 -4 -5 5 7 -8 8 -10 -11 15 -13 20 -15 -16 16 -18 26 19 -21 -22 22 -24 -25 25 -27 -28 -29 -30 -31
leaf_value=-0.024852259866893291 -0.060953041460365051 -0.037122770947714649 0.025788324135247356 -0.038312610774300988 0.078279337171465152 0.042018854806820549 -0.011870211489006596 -0.075684947553090756 -0.012128092857066564 0.053259748678454857 -0.00047902515709121542 -0.00083246260155125896 0.011416269441985566 -0.084105803860085343 -0.0028878968193175943 0.043454032896373132 0.022235185962678955 -0.055943793231207462 -0.019285562363784842 0.027781121085087457 -0.037275651109061746 0.0032819886744830987 0.012735339385311685 0.033335301870480179 0.018778941067664517 -0.0094172311210106666 -0.010209791455417871 -0.071899780317447912 -0.032275912103801964 -0.030657064970210191
leaf_weight=44 60 45 86 48 40 45 53 48 167 56 488 998 46 42 47 52 583 54 628 45 57 1088 1541 40 69 1045 42 43 50 50
leaf_count=44 60 45 86 48 40 45 53 48 167 56 488 998 46 42 47 52 583 54 628 45 57 1088 1541 40 69 1045 42 43 50 50
internal_value=1.63619e-11 0.00608908 -0.012312 0.00965341 -0.0136429 -0.0123804 0.0269038 -0.0139814 -0.0309046 0.010251 0.00961664 -0.00502557 -0.021566 -0.047673 -0.03712 0.0101772 0.0117704 -0.0108742 -0.00956091 -0.0108598 -0.00932127 0.0094948 0.00882311 0.00239491 -0.011858 -0.00767079 -0.0359352 -0.0481056 -0.0535375 -0.0104969
internal_weight=7700 5152 2548 3901 2462 2375 93 2282 354 3853 3797 1251 253 187 145 3752 3264 1928 1832 1787 193 2681 2629 136 1742 1114 96 87 98 96
internal_count=7700 5152 2548 3901 2462 2375 93 2282 354 3853 3797 1251 253 187 145 3752 3264 1928 1832 1787 193 2681 2629 136 1742 1114 96 87 98 96
is_linear=0
shrinkage=0.03


Tree=9
num_leaves=31
num_cat=0
split_feature=9 2 11 13 3 6 9 13 4 5 9 12 13 13 2 13 10 11 3 13 2 3 6 5 12 3 5 10 4 3
split_gain=603.492 213.378 135.073 117.373 114.345 146.169 124.777 90.7192 111.649 84.958 80.3382 70.8449 68.2287 67.796 64.2467 59.5073 58.0669 75.9998 58.1892 53.6539 64.0001 59.7062 53.5635 53.3161 49.9019 49.6228 44.1609 43.1941 42.4919 73.4986
threshold=6.9095561622628106 6.8757255077362069 7.2414251070970064 10.500000000000002 8.7987451553344744 1.5227272510528567 6.4081919342655551 283.50000000000006 6.8541417121887216 7.292403221130372 7.0308282798086781 8.769617573393468 157.50000000000003 314.50000000000006 8.6503210067749041 2102.5000000000005 7.1826175497874996 7.1317288949563329 5.5689368247985849 69.500000000000014 4.5962445735931405 6.8369793891906747 22.523809432983402 5.3601372241973886 6.603516108641017 6.8134176731109628 7.1588299274444589 7.1618525729556808 8.5686020851135272 8.2646932601928729
decision_type=10 10 8 2 10 8 10 2 10 10 10 10 2 2 10 2 10 10 10 2 10 10 10 8 10 10 10 10 10 10
left_child=2 7 4 -3 5 -1 16 8 12 15 -11 13 -2 27 -15 25 17 24 -19 -8 -21 22 -22 -18 -7 -5 -17 -12 29 -29
right_child=1 3 -4 9 -6 6 19 -9 -10 10 11 -13 -14 14 -16 26 23 18 -20 20 21 -23 -24 -25 -26 -27 -28 28 -30 -31
leaf_value=0.038925352914838535 -0.019506092121203741 -0.035406479249493431 0.025014674677838418 -0.027199411728035878 -0.061161408939144825 0.0057809774180253345 -0.041267213992229317 -0.0016601899255721136 0.0069639755454995933 0.054704745238646858 -0.013787524905865607 0.051048189083159695 -0.066978327759372236 0.01096087948496037 0.023826212162886839 0.030483249586315889 0.011226151295163682 -0.045397734045294721 -0.024211070537638171 0.029153251241553914 -0.040943291357865459 0.00029357438534840613 -0.010707291853190823 -0.017535080293557763 -0.032358081606315807 -0.00010624794441736125 0.0052314359209840256 0.0029178112598334549 -0.011106311128345094 0.04610551835456863
leaf_weight=49 54 52 86 68 44 90 41 1080 62 40 138 41 55 2029 422 93 71 193 295 44 57 510 704 317 47 578 189 122 79 50
leaf_count=49 54 52 86 68 44 90 41 1080 62 40 138 41 55 2029 422 93 71 193 295 44 57 510 704 317 47 578 189 122 79 50
internal_value=7.62335e-11 0.00590641 -0.0119426 0.0093638 -0.0132336 -0.0123614 -0.0134223 -0.0048748 -0.0251776 0.00996865 0.0124809 0.0118946 -0.04346 0.0113294 0.013176 0.00206111 -0.0213881 -0.0270473 -0.0325902 -0.00747138 -0.00641767 -0.00764908 -0.012972 -0.0122721 -0.00730323 -0.00295816 0.0135592 -0.000305471 0.00710697 0.0154724
internal_weight=7700 5152 2548 3901 2462 2418 2369 1251 171 3849 2921 2881 109 2840 2451 928 1013 625 488 1356 1315 1271 761 388 137 646 282 389 251 172
internal_count=7700 5152 2548 3901 2462 2418 2369 1251 171 3849 2921 2881 109 2840 2451 928 1013 625 488 1356 1315 1271 761 388 137 646 282 389 251 172
is_linear=0
shrinkage=0.03


Tree=10
num_leaves=31
num_cat=0
split_feature=12 6 4 10 1 9 6 2 10 2 11 4 4 10 6 4 5 6 10 4 9 3 9 6 11 13 6 6 11 12
split_gain=569.517 230.409 125.272 153.432 143.217 121.947 150.083 123.681 89.1416 61.7642 55.2987 53.5467 52.8681 66.4535 85.0377 54.6716 52.6637 101.732 63.7753 97.9952 50.5577 50.4207 55.7894 50.2069 47.0307 94.0481 88.9044 57.4382 52.1781 45.4555
threshold=7.1662125602618696 31.28828048706055 2.5042892694473271 7.1483049726812524 4.3604805469512948 9.3205361746004503 4.2365870475769052 7.2113468647003183 7.099203107341622 6.3603138923645028 7.1859146024351874 8.4226512908935565 7.4816741943359384 7.1462746176808851 32.851696014404304 8.050016403198244 6.433380365371705 28.391550064086918 7.2216225762081576 8.181467533111574 3.977272727272728 6.9814398288726816 6.6528516548463363 20.013157844543461 7.1381353993747529 26.500000000000004 10.612500190734865 25.1589469909668 7.1750575220895287 7.3681095090495203
decision_type=8 10 10 10 10 10 8 10 10 10 10 10 8 10 10 10 8 10 10 8 10 10 10 10 10 2 10 10 10 10
left_child=1 2 8 24 -5 6 -2 16 -1 -3 21 29 -11 14 -14 -16 -8 18 19 -18 -10 -6 -23 -13 25 -4 -26 28 -28 -9
right_child=5 9 3 4 10 -7 7 11 20 12 -12 23 13 -15 15 -17 17 -19 -20 -21 -22 22 -24 -25 26 -27 27 -29 -30 -31
leaf_value=0.010602217484099258 0.062979092815890897 -0.0096388155828495761 -0.050702353313478617 0.042158422300876193 -0.014690704057497681 -0.027813039245563286 0.034066016267985104 0.0013012019808961461 -0.063907487462369766 -0.0016792932814100076 0.023737417882417931 -0.013682599151507019 0.062644304007110074 0.00068554593354929231 0.026289985720156079 -0.011766316021978855 -0.012404078676323371 0.0037100337246187662 0.0053653341059193569 -0.058977822326123711 -0.03109979839932004 -0.023805443029850722 0.010034631579134026 0.02097994910507938 0.015000879549216932 -0.0014481267620985571 -0.051139276097528635 -0.021551894710025929 -0.012733101391699165 0.011742040161895648
leaf_weight=42 45 496 43 59 443 85 40 503 49 804 51 40 41 240 106 50 136 957 81 58 308 57 190 629 41 185 156 247 40 1478
leaf_count=42 45 496 43 59 443 85 40 503 49 804 51 40 41 240 106 50 136 957 81 58 308 57 190 629 41 185 156 247 40 1478
internal_value=1.2646e-10 -0.00859878 -0.0157869 -0.0118411 -0.00282545 0.00774145 0.00850326 0.00787822 -0.0307391 -0.000690636 -0.00640716 0.0115692 0.00288575 0.0112846 0.0241972 0.0140925 0.000188732 -0.00091118 -0.016993 -0.0263282 -0.0356028 -0.00863524 0.00222538 0.0189074 -0.0219711 -0.0107373 -0.0272631 -0.0311746 -0.0433013 0.00909098
internal_weight=7700 3648 1911 1512 800 4052 3967 3922 399 1737 741 2650 1241 437 197 156 1272 1232 275 194 357 690 247 669 712 228 484 443 196 1981
internal_count=7700 3648 1911 1512 800 4052 3967 3922 399 1737 741 2650 1241 437 197 156 1272 1232 275 194 357 690 247 669 712 228 484 443 196 1981
is_linear=0
shrinkage=0.03


Tree=11
num_leaves=31
num_cat=0
split_feature=5 4 0 6 11 4 13 2 13 1 6 11 4 1 10 6 10 3 11 0 10 12 5 8 6 2 2 3 10 12
split_gain=538.114 181.003 106.02 106 144.759 135.334 167.12 99.2273 106.352 103.345 105.564 78.278 72.962 85.7509 74.0134 68.0984 65.3943 64.1599 56.8217 55.7646 53.6227 53.3362 79.5757 52.0485 56.1647 44.6991 44.5865 41.6101 51.1267 71.3369
threshold=7.2847917079925546 7.4816741943359384 3.3570262193679814 22.804439544677738 7.1617190113655296 3.4434143304824834 47.500000000000007 6.8757255077362069 262.50000000000006 9.0058407783508319 18.404544830322269 7.1694992054971385 3.0284091234207158 5.0337209701538095 7.1921033244703017 30.765111923217777 7.2631599735539334 9.6950016021728533 7.1205276745005106 12.411538124084474 7.1596399138142504 6.5406804123318585 6.6338877677917489 13.500000000000002 25.1589469909668 3.8774212598800664 8.0103535652160662 7.1101844310760507 7.1858608822797221 6.7256196853907211
decision_type=8 10 8 10 10 10 2 8 2 10 8 10 8 10 10 10 10 10 10 10 10 10 10 2 10 10 10 10 10 10
left_child=1 3 -2 4 25 11 -7 18 9 10 -9 -6 -5 14 15 -14 21 -10 -4 -11 -8 -3 -23 24 -15 -1 -25 28 -27 -30
right_child=2 16 7 12 5 6 20 8 17 19 -12 -13 13 23 -16 -17 -18 -19 -20 -21 -22 22 -24 26 -26 27 -28 -29 29 -31
leaf_value=-0.0092351998612284648 -0.034257796223995822 -0.024396059837724478 0.024993625366636976 0.030532317355621688 0.0010633454695343971 0.057935893176282678 -0.025473604930551064 0.043670231525240272 0.012357004513208741 -0.011520476206061767 -0.00042658997875367918 -0.052122026438062838 -0.059297772118037467 0.013341030299426555 0.00078716078087828062 -0.013941245507638976 -0.021586091966457562 0.038001434679378519 -0.0042070451848204649 -0.053251815614540399 0.013102393060351812 0.040667682734983307 0.0067173685643747852 -0.0036444370221278945 -0.018331369487434499 -0.049578942476310631 -0.032146987393361463 -0.0089438762370974006 0.0062526466537799153 -0.045877914561165703
leaf_weight=60 53 42 66 43 40 49 68 58 2501 97 310 66 76 56 53 49 73 91 657 41 62 70 553 1569 503 206 51 41 42 54
leaf_count=60 53 42 66 43 40 49 68 58 2501 97 310 66 76 56 53 49 73 91 657 41 62 70 553 1569 503 206 51 41 42 54
internal_value=7.15831e-11 -0.00798032 0.00788144 -0.0111702 -0.0215514 -0.00518778 0.0107207 0.00846594 0.0108014 -0.00177901 0.00652345 -0.0320521 -0.00819431 -0.00890082 -0.0289215 -0.041518 0.00536724 0.0132573 -0.00154142 -0.0239189 -0.00707582 0.00832603 0.010532 -0.00726535 -0.0151585 -0.0331237 -0.00454174 -0.0373025 -0.0411525 -0.0230708
internal_weight=7700 3826 3874 3088 688 285 179 3821 3098 506 368 106 2400 2357 178 125 738 2592 723 138 130 665 623 2179 559 403 1620 343 302 96
internal_count=7700 3826 3874 3088 688 285 179 3821 3098 506 368 106 2400 2357 178 125 738 2592 723 138 130 665 623 2179 559 403 1620 343 302 96
is_linear=0
shrinkage=0.03


Tree=12
num_leaves=31
num_cat=0
split_feature=9 2 11 3 2 11 4 6 6 13 13 4 5 12 3 9 6 0 6 4 13 5 9 6 13 2 4 3 5 11
split_gain=509.781 179.471 122.867 108.703 159.108 252.348 139.496 136.665 120.182 103.538 82.6696 99.2195 73.4391 72.3103 72.0126 66.9805 84.4827 66.7677 62.1128 65.1673 62.0473 60.031 83.0711 59.5383 58.259 52.7338 63.6074 51.5201 51.1775 50.0456
threshold=6.9095561622628106 6.8757255077362069 7.2414251070970064 3.6199640035629277 4.236283779144288 7.1450459291900552 8.7809801101684588 8.4641575813293475 20.013157844543461 10.500000000000002 283.50000000000006 6.894026756286622 6.252284288406373 8.769617573393468 7.7160053253173837 4.7557903291344994 9.4499998092651385 3.9538706541061406 13.418749809265138 8.181467533111574 157.50000000000003 7.292403221130372 7.0378030250616357 29.52506256103516 262.50000000000006 8.6503210067749041 10.002222061157228 9.5723547935485858 8.3710565567016619 7.153566619444871
decision_type=10 10 8 8 10 10 8 10 8 2 2 10 10 10 10 10 10 10 10 10 2 10 10 10 2 10 8 10 10 10
left_child=2 10 3 29 5 -5 15 -8 -7 -3 11 20 -9 17 -14 23 -17 -11 -18 -20 -2 -19 -23 -6 -24 28 27 -27 -26 -1
right_child=1 9 -4 4 6 8 7 12 -10 13 -12 -13 14 -15 -16 16 18 21 19 -21 -22 22 24 -25 25 26 -28 -29 -30 -31
leaf_value=-0.022650284821336918 -0.01832619809596376 -0.033449635645374655 0.024271663365625713 0.072356601199851572 -0.049608179645045943 0.029715049803256989 -0.080552203485438997 -0.047247677134915386 -0.038627680866386398 -0.02843027053530826 -0.001390388987221134 0.0068467057937733273 -0.005017099307986962 0.048795551170663136 -0.046295703321087109 0.031803097974347029 -0.045875370017729879 0.0024748502497885304 -0.0094834643183461416 0.027112457295258838 -0.063388794678178706 0.05370455409150298 -0.001315781257421889 -0.0061003659546258861 0.0093762731753543049 0.022044692704561962 -0.0062345470924906072 0.055024285289858067 0.036841000714117569 -0.068159919220867546
leaf_weight=44 55 52 86 52 69 40 43 84 55 43 1080 61 170 41 49 46 41 914 1633 45 55 41 322 48 1985 328 63 49 63 43
leaf_count=44 55 52 86 52 69 40 43 84 55 43 1080 61 170 41 49 46 41 914 1633 45 55 41 322 48 1985 328 63 49 63 43
internal_value=1.29017e-11 0.0054285 -0.0109763 -0.0122075 -0.011001 0.0192287 -0.0129956 -0.0305027 -0.00985179 0.00859931 -0.00445907 -0.0238402 -0.0234 0.00916739 -0.014253 -0.00977692 -0.00831976 0.00874072 -0.00939344 -0.00850205 -0.0408575 0.00916525 0.0113101 -0.0317588 0.0106916 0.0122456 0.0216683 0.0263312 0.0102211 -0.0451436
internal_weight=7700 5152 2548 2462 2375 147 2228 346 95 3901 1251 171 303 3849 219 1882 1765 3808 1719 1678 110 3765 2851 117 2810 2488 440 377 2048 87
internal_count=7700 5152 2548 2462 2375 147 2228 346 95 3901 1251 171 303 3849 219 1882 1765 3808 1719 1678 110 3765 2851 117 2810 2488 440 377 2048 87
is_linear=0
shrinkage=0.03


Tree=13
num_leaves=31
num_cat=0
split_feature=9 2 11 3 6 9 9 12 0 4 13 0 1 13 4 13 9 13 2 1 6 6 12 1 2 5 2 3 11 4
split_gain=479.653 168.864 115.606 104.66 135.755 104.335 99.4243 100.584 94.1886 79.8391 111.567 66.3501 55.0962 55.078 70.1741 63.5617 50.2418 49.1098 61.364 52.8095 51.0433 48.0692 49.6979 48.0692 60.4711 47.8994 47.2263 44.8619 44.7152 58.6768
threshold=6.9095561622628106 6.8757255077362069 7.2414251070970064 8.7987451553344744 1.5227272510528567 6.4081919342655551 10.033333333333335 8.528645746786486 3.9538706541061406 5.0799036026000985 262.50000000000006 6.6074929237365732 6.1199257373809823 262.50000000000006 8.4738245010375994 307.50000000000006 7.3563383068914687 69.500000000000014 4.5962445735931405 5.5157451629638681 28.236648559570316 4.2365870475769052 5.8607417441106424 3.8990103006362919 4.988239288330079 7.6666595935821542 5.4917180538177499 5.2727012634277353 7.1336587480011273 7.1571640968322763
decision_type=10 10 8 10 8 10 10 10 10 10 2 10 10 2 10 2 10 2 10 10 10 8 10 8 8 10 10 10 10 10
left_child=2 9 3 4 -1 21 7 8 -3 10 -2 12 27 -10 15 -15 -17 -7 -19 20 -20 -6 -23 -24 -25 -16 -11 -12 29 -21
right_child=1 6 -4 -5 5 17 -8 -9 13 26 11 -13 -14 14 25 16 -18 18 19 28 -22 22 23 24 -26 -27 -28 -29 -30 -31
leaf_value=0.038419034386775928 -0.055107618410140273 -0.034857231566061575 0.023543513895467272 -0.057694512723775751 -0.050735493044235878 -0.038920663377588115 -0.034568665979895739 0.048788689168702278 -0.0005956471236450092 0.029522862272957959 0.012173184632607128 -0.03544030026777794 0.032699007064104078 0.041003514638242242 0.030450793897353966 0.0025735770645448665 0.010993990345554646 0.029251123880120841 -0.046272900670766823 -0.00010243598691886291 -0.010711833631410915 -0.036028288943169173 0.0095970905479771315 -0.044053400716079126 -0.014840551054394496 0.012801292448562858 -0.0019275127484019482 -0.028878563376143571 -0.006993423754252358 0.041524466525763269
leaf_weight=49 60 45 86 44 42 41 48 56 488 45 46 57 40 52 226 1088 1541 44 55 128 107 120 64 70 717 357 953 50 941 40
leaf_count=49 60 45 86 44 42 41 48 56 488 45 46 57 40 52 226 1088 1541 44 55 128 107 120 64 70 717 357 953 50 941 40
internal_value=9.10728e-11 0.00526564 -0.010647 -0.0118413 -0.0110069 -0.0120293 0.00834133 0.0088759 0.00828724 -0.0043253 -0.0193777 -0.00826994 0.00311764 0.0088047 0.0102101 0.00815889 0.00750924 -0.00658762 -0.00557952 -0.0067853 -0.022785 -0.0193134 -0.0179543 -0.0154056 -0.0174389 0.0196431 -0.00050941 -0.00920793 -0.0044481 0.00980873
internal_weight=7700 5152 2548 2462 2418 2369 3901 3853 3797 1251 253 193 136 3752 3264 2681 2629 1356 1315 1271 162 1013 971 851 787 583 998 96 1109 168
internal_count=7700 5152 2548 2462 2418 2369 3901 3853 3797 1251 253 193 136 3752 3264 2681 2629 1356 1315 1271 162 1013 971 851 787 583 998 96 1109 168
is_linear=0
shrinkage=0.03


Tree=14
num_leaves=31
num_cat=0
split_feature=12 6 10 4 1 9 6 2 10 5 12 10 1 3 2 12 11 10 9 2 6 13 5 4 10 6 4 6 4 4
split_gain=452.375 197.974 109.987 135.332 171.711 101.402 141.407 99.7848 91.1325 112.324 75.0495 72.3728 60.5167 81.2068 53.1838 52.5516 51.7942 53.0311 46.507 73.202 56.691 49.4895 46.0811 45.9383 59.8173 78.2036 53.0095 42.7231 42.5819 46.4102
threshold=7.1662125602618696 31.28828048706055 7.1850886479861442 1.9339538812637331 4.3604805469512948 9.3205361746004503 4.2365870475769052 7.4002542495727548 7.0604974392276132 7.0425901412963876 7.576020668358086 7.1483049726812524 4.5326387882232675 5.7818365097045907 6.3603138923645028 5.9370177511524931 7.129207978551781 7.1228779221224139 6.0781641604010028 5.7423486709594735 11.694444656372072 21.500000000000004 6.6474535465240487 7.4816741943359384 7.1462746176808851 32.851696014404304 8.050016403198244 37.508207321166999 9.116025924682619 9.5787844657897967
decision_type=8 10 10 10 10 10 8 10 8 10 8 10 10 10 10 10 10 10 8 10 10 2 10 8 10 10 10 8 10 10
left_child=1 2 8 22 -5 6 -2 10 -1 15 12 16 -8 -14 -3 -10 -11 -18 19 21 -20 -17 -4 -16 25 -25 -27 -12 -9 -30
right_child=5 14 3 4 -6 -7 7 28 9 11 27 -13 13 -15 23 18 17 -19 20 -21 -22 -23 -24 24 -26 26 -28 -29 29 -31
leaf_value=0.022202299564060838 0.060471961612502741 -0.0086365816736173242 -0.020224537095498471 0.053734696851092938 -0.004676554829255563 -0.025521835074705235 -0.025772315780680202 0.0095101895087160836 -0.050989860114936204 0.014778707181103527 0.0083344405921774774 0.02436522773067866 0.038428763541024327 -0.0028055448997345135 -0.0012698469791787678 -0.046323196625259397 -0.047825763745907135 -0.01157952897559153 -0.059023429345062772 0.01651481611537747 -0.026371169205760662 -0.0075974613402716136 -0.060235403515398502 0.059935307015733019 0.00075866481801494955 0.025385950804108152 -0.012087392462790012 0.039731145438759823 0.0357293599126179 0.009668410997667418
leaf_weight=44 45 496 63 49 599 85 97 2111 79 48 420 56 45 960 804 54 47 160 53 56 493 66 44 41 240 106 50 43 123 123
leaf_count=44 45 496 63 49 599 85 97 2111 79 48 420 56 45 960 804 54 47 160 53 56 493 66 44 41 240 106 50 43 123 123
internal_value=-1.40024e-12 -0.00766359 -0.0143266 -0.00542087 -0.000259655 0.0068995 0.00759419 0.00698748 -0.020143 -0.0218185 0.00111499 -0.00651674 -0.00314332 -0.000959233 -0.00033318 -0.0277597 -0.0132987 -0.0198094 -0.0252178 -0.0118071 -0.0295407 -0.025024 -0.0366776 0.0029855 0.0108146 0.0230654 0.0133753 0.0112503 0.0108867 0.0226989
internal_weight=7700 3648 1911 755 648 4052 3967 3922 1156 1112 1565 311 1102 1005 1737 801 255 207 722 176 546 120 107 1241 437 197 156 463 2357 246
internal_count=7700 3648 1911 755 648 4052 3967 3922 1156 1112 1565 311 1102 1005 1737 801 255 207 722 176 546 120 107 1241 437 197 156 463 2357 246
is_linear=0
shrinkage=0.03


Tree=15
num_leaves=31
num_cat=0
split_feature=5 4 10 13 10 0 11 2 13 1 6 1 10 6 4 1 4 3 11 0 10 12 5 2 5 13 10 13 2 6
split_gain=428.686 150.696 98.3305 105.011 129.026 93.1087 81.7989 80.1707 85.0736 93.2632 97.9229 74.3977 60.7946 59.0437 89.9636 65.5517 58.0748 56.7207 53.312 49.4378 48.4501 45.4707 75.8976 44.9545 78.7273 69.9515 48.3052 56.5459 43.761 42.8785
threshold=7.2847917079925546 7.4816741943359384 7.0604974392276132 396.50000000000006 7.1984916930509621 3.3570262193679814 7.1845675556251534 6.8757255077362069 262.50000000000006 9.0058407783508319 18.404544830322269 4.6385731697082528 7.2631599735539334 24.011628150939945 4.4023809432983407 5.4481735229492196 7.4720079898834237 9.6950016021728533 7.1205276745005106 12.411538124084474 7.19398874486712 6.5406804123318585 6.6338877677917489 5.5866634845733651 6.2067224979400644 103.50000000000001 7.1596399138142504 226.50000000000003 8.0103535652160662 29.52506256103516
decision_type=8 10 8 2 10 8 10 8 2 10 8 10 10 10 8 10 8 10 10 10 10 10 10 10 10 2 10 2 10 10
left_child=1 2 -1 4 16 -2 13 18 9 10 -9 -6 21 -5 -15 20 23 -10 -7 -11 -16 -3 -23 26 25 -25 27 -4 -17 -26
right_child=5 12 3 6 11 7 -8 8 17 19 -12 -13 -14 14 15 28 -18 -19 -20 -21 -22 22 -24 24 29 -27 -28 -29 -30 -31
leaf_value=0.032569787898100909 -0.032455425984314022 -0.02230417496391705 -0.028105232959564824 -0.025479250509054103 0.035508554640204408 0.024289612135934557 0.034538339643993159 0.042094138073253219 0.011031605859051738 -0.01092845263670093 -0.00037685533005353663 -0.0066423219054570935 -0.020932015983056124 0.031788333262267862 -0.036283791289429802 -0.0034862379312152994 -0.03775212979318953 0.035143536093163785 -0.00399487946186742 -0.050221221579647646 0.00053279682184043141 0.039376760806356152 0.0062203410120589778 0.033734842428595438 -0.030565643520810856 -0.010165447553201597 -0.0042389601223030184 -0.067375590535146843 -0.034251576131209729 -0.010414952809603086
leaf_weight=48 53 42 154 141 43 66 44 58 2501 97 310 305 73 57 107 1288 187 91 657 41 46 70 553 49 208 98 53 42 43 175
leaf_count=48 53 42 154 141 43 66 44 58 2501 97 310 305 73 57 107 1288 187 91 657 41 46 70 553 49 208 98 53 42 43 175
internal_value=1.2089e-11 -0.00712283 -0.0100335 -0.0107062 -0.0170965 0.00703458 -0.00584119 0.00758233 0.00968161 -0.00157015 0.00631694 -0.00143402 0.00505611 -0.0068975 -0.00519728 -0.00661789 -0.0227389 0.0118781 -0.00141289 -0.0226024 -0.0252148 0.00790894 0.00994578 -0.0191349 -0.0141952 0.00446798 -0.0296492 -0.0365203 -0.00448016 -0.0213584
internal_weight=7700 3826 3088 3040 1314 3874 1726 3821 3098 506 368 348 738 1682 1541 1484 966 2592 723 138 153 665 623 779 530 147 249 196 1331 383
internal_count=7700 3826 3088 3040 1314 3874 1726 3821 3098 506 368 348 738 1682 1541 1484 966 2592 723 138 153 665 623 779 530 147 249 196 1331 383
is_linear=0
shrinkage=0.03


Tree=16
num_leaves=31
num_cat=0
split_feature=9 2 11 3 6 9 13 13 4 12 13 0 4 13 0 12 6 6 4 12 10 9 6 10 11 11 11 4 8 6
split_gain=406.765 143.379 105.578 99.3621 127.099 91.5546 87.2504 71.5741 84.5851 64.5739 56.5028 56.2403 48.9234 64.8688 53.9778 46.9011 57.1801 91.9587 53.8618 49.2563 45.8202 71.5685 44.6937 47.0323 59.5273 61.9383 44.3724 43.5007 47.2513 41.7578
threshold=6.9095561622628106 6.8757255077362069 7.2414251070970064 8.7987451553344744 1.5227272510528567 6.4081919342655551 10.500000000000002 283.50000000000006 6.894026756286622 8.769617573393468 157.50000000000003 3.9538706541061406 8.4226512908935565 314.50000000000006 12.411538124084474 6.5854686018865074 23.016948699951175 25.472463607788089 6.6782634258270273 6.7651330851632308 7.1399917201624463 6.4741504390988931 4.2365870475769052 7.2529517733840594 7.1727194204061933 7.1760115835261056 7.1339807573669374 9.5787844657897967 94.500000000000014 14.934848308563234
decision_type=10 10 8 10 8 10 2 2 10 10 2 10 10 2 10 10 10 10 10 10 10 10 8 10 10 10 10 10 2 10
left_child=2 7 3 4 -1 22 -3 8 10 11 -2 -8 29 -14 27 20 19 -18 26 -17 -7 -22 -6 24 -24 -26 -19 -15 -29 -13
right_child=1 6 -4 -5 5 15 9 -9 -10 -11 -12 12 13 14 -16 16 17 18 -20 -21 21 -23 23 -25 25 -27 -28 28 -30 -31
leaf_value=0.037691238010872381 -0.016233414388515732 -0.030916986901742907 0.02286926498008502 -0.055623633827675469 -0.048244454786181445 0.032583805480599401 -0.026313482639596385 -0.0011332138281852369 0.0063113567381944567 0.045652992918905691 -0.05923555565015836 0.036540018526791798 -0.0032145168010953005 0.020413754390869347 0.052042484980608733 -0.05393612200984868 0.029314577957349163 0.0068013215884566306 -0.0011398203139332866 -0.014715557374905064 0.025103936450047926 -0.019582887878602309 -0.01494437796055203 0.0063522466085851187 -0.063655150886625045 -0.022868563123047352 -0.019051783054156283 -0.021371262707911867 0.02188459961152658 0.0060553619782950565
leaf_weight=49 55 52 86 44 42 50 43 1080 61 41 55 41 143 483 42 41 63 70 494 97 55 78 738 74 48 111 408 51 41 2964
leaf_count=49 55 52 86 44 42 50 43 1080 61 41 55 41 143 483 42 41 63 70 494 97 55 78 738 74 48 111 408 51 41 2964
internal_value=-6.72052e-11 0.00484908 -0.00980473 -0.0109461 -0.0101331 -0.0111223 0.00768319 -0.00398855 -0.0220222 0.00820468 -0.0377345 0.00780148 0.00819111 0.0149912 0.0192106 -0.00602481 -0.00822854 -0.00580994 -0.00808653 -0.026368 0.00810077 -0.00110337 -0.0179457 -0.0166352 -0.0185316 -0.0351815 -0.0152658 0.0168125 -0.00209419 0.00647129
internal_weight=7700 5152 2548 2462 2418 2369 3901 1251 171 3849 110 3808 3765 760 617 1356 1173 1035 972 138 183 133 1013 971 897 159 478 575 92 3005
internal_count=7700 5152 2548 2462 2418 2369 3901 1251 171 3849 110 3808 3765 760 617 1356 1173 1035 972 138 183 133 1013 971 897 159 478 575 92 3005
is_linear=0
shrinkage=0.03


Tree=17
num_leaves=31
num_cat=0
split_feature=5 4 10 13 2 10 0 1 13 2 13 1 6 8 3 10 4 2 2 3 11 8 6 0 2 5 13 4 9 2
split_gain=384.022 135.754 91.8853 97.8565 169.037 127.199 85.0044 77.4082 76.6191 71.9319 76.8453 85.8923 91.9297 58.3983 92.9643 57.0671 53.8814 70.6662 115.05 51.8638 50.2042 48.5538 48.6273 45.7676 44.5238 78.1045 70.2738 41.6086 48.2583 41.5759
threshold=7.2847917079925546 7.4816741943359384 7.0604974392276132 1068.5000000000002 4.988239288330079 7.1885482348800585 3.3570262193679814 5.5157451629638681 62.500000000000007 6.8757255077362069 262.50000000000006 9.0058407783508319 18.404544830322269 1.5000000000000002 5.8466699123382577 7.2631599735539334 2.5042892694473271 4.236283779144288 5.061223268508912 9.6950016021728533 7.1205276745005106 8.5000000000000018 28.072299957275394 12.411538124084474 5.5866634845733651 6.2067224979400644 103.50000000000001 8.7809801101684588 7.0240143156217139 7.4186275005340585
decision_type=8 10 8 2 10 10 8 10 2 8 2 10 8 2 10 10 10 10 10 10 10 2 10 10 10 10 2 10 10 10
left_child=1 2 -1 5 -5 16 -2 -6 13 20 11 12 -11 -7 -15 27 17 -4 -19 -12 -8 -20 -23 -13 -18 26 -26 -3 -29 -9
right_child=6 15 3 4 7 8 9 29 -10 10 19 23 -14 14 -16 -17 24 18 21 -21 -22 22 -24 -25 25 -27 -28 28 -30 -31
leaf_value=0.031679216886404904 -0.031074215595803732 0.010940805349493944 -0.0027561594056549356 0.056748788865349654 -0.028647475723280674 -0.011698725290064301 0.023603014492916623 0.0016994512196871422 -0.0082446212993669884 0.040710188972538912 0.010448029629253291 -0.01047564769759006 -0.00044060060871584756 0.064818759268149728 0.0019619042823712032 -0.020360997811419097 -0.027360985702304521 -0.083402105820615108 -0.057747608996564288 0.033504530096140045 -0.0038446853815292999 -0.03329486097063903 0.0003342967182397842 -0.048281764036907648 0.040275922849774361 -0.017516236805908719 -0.0052371806795993101 -0.032265592903453613 0.0077685021676006721 -0.016241680586736806
leaf_weight=48 53 554 67 42 108 42 66 641 647 58 2501 97 310 40 45 73 237 41 41 91 657 109 60 41 40 609 129 47 64 142
leaf_count=48 53 554 67 42 108 42 66 641 647 58 2501 97 310 40 45 73 237 41 41 91 657 109 60 41 40 609 129 47 64 142
internal_value=-1.1103e-11 -0.00674157 -0.00950415 -0.0101544 -0.00206586 -0.0137361 0.00665804 -0.00483827 -0.00406277 0.00718142 0.0091699 -0.00152388 0.00604512 0.0172417 0.0315416 0.00481782 -0.0193529 -0.0301286 -0.0374351 0.0112575 -0.00133909 -0.0284606 -0.0213555 -0.0217079 -0.0159768 -0.0125089 0.00553515 0.00758182 -0.00918287 -0.00155424
internal_weight=7700 3826 3088 3040 933 2107 3874 891 774 3821 3098 506 368 127 85 738 1333 318 251 2592 723 210 169 138 1015 778 169 665 111 783
internal_count=7700 3826 3088 3040 933 2107 3874 891 774 3821 3098 506 368 127 85 738 1333 318 251 2592 723 210 169 138 1015 778 169 665 111 783
is_linear=0
shrinkage=0.03


Tree=18
num_leaves=31
num_cat=0
split_feature=9 2 3 6 2 6 11 13 13 10 4 8 0 6 4 12 13 3 6 0 5 4 6 2 6 0 11 6 6 0
split_gain=363.4 127.53 101.256 165.904 165.297 142.413 93.8774 84.8876 78.5091 75.1177 72.118 91.6048 96.4207 64.7433 61.1888 60.5218 57.5739 57.1208 52.0421 51.4546 48.1321 45.6292 60.7037 45.4629 43.3538 43.2443 43.0885 40.4606 47.282 43.101
threshold=6.9095561622628106 6.8652455806732187 3.6199640035629277 1.5227272510528567 4.236283779144288 13.418749809265138 7.1852485563342414 30.500000000000004 10.500000000000002 7.1376869106531871 5.0799036026000985 33.500000000000007 6.6074929237365732 30.00364971160889 7.5625436305999765 8.769617573393468 1477.5000000000002 7.4897024631500253 27.506410598754886 3.9538706541061406 6.988551378250123 8.4226512908935565 20.013157844543461 5.4917180538177499 25.69615459442139 8.7013511657714862 7.153566619444871 34.509410858154304 14.934848308563234 5.457738161087037
decision_type=10 10 8 8 8 8 8 2 2 10 10 2 10 10 10 10 2 10 10 10 8 10 10 10 10 10 10 10 10 10
left_child=2 10 26 -4 -5 7 13 -6 -3 -9 11 -2 16 -7 25 19 -13 -16 -8 -10 -20 27 -23 -12 -25 -15 -1 28 -21 -29
right_child=1 8 3 4 5 6 18 9 15 -11 23 12 -14 14 17 -17 -18 -19 20 21 -22 22 -24 24 -26 -27 -28 29 -30 -31
leaf_value=-0.019894722012633627 -0.044679462188825708 -0.029385870458701481 0.051706011173565214 0.034392174411761137 -0.068801906617979205 -0.016218367040861957 0.041911848069168624 -0.053779256593901661 -0.025297420929554244 -0.0005250338982727568 0.029291483891506986 0.033373224390860719 -0.042376877353229418 -0.0096565408523114661 0.03988798465408689 0.043978430840709223 -0.0084402483820915225 -0.0036082668120010954 -0.0074349985010356192 0.035057466060104889 0.029839234723794187 -0.014171472518712341 0.016803589793381046 -0.017374852687231639 0.0010580767162844706 0.015350915867446073 -0.061879400915720244 0.033314759734532108 0.002469424763853019 0.008900914742813704
leaf_weight=44 80 52 41 76 54 947 40 40 43 59 45 49 47 875 49 41 75 61 107 41 44 62 698 134 803 67 44 69 1767 1146
leaf_count=44 80 52 41 76 54 947 40 40 43 59 45 49 47 875 49 41 75 61 107 41 44 62 698 134 803 67 44 69 1767 1146
internal_value=4.33775e-11 0.00458332 -0.00926737 -0.00813626 -0.00915053 -0.0105629 -0.00860799 -0.0385454 0.00723081 -0.0220419 -0.00383153 -0.0181825 -0.00578622 -0.0105279 -0.00540547 0.0077232 0.00808282 0.0157673 0.0114862 0.00733468 0.00342637 0.0077056 0.0142767 -0.000163419 -0.00157801 -0.00787788 -0.0408871 0.00605359 0.00320842 0.0102874
internal_weight=7700 5152 2548 2460 2419 2343 2190 153 3919 99 1233 251 171 1999 1052 3867 124 110 191 3826 151 3783 760 982 937 942 88 3023 1808 1215
internal_count=7700 5152 2548 2460 2419 2343 2190 153 3919 99 1233 251 171 1999 1052 3867 124 110 191 3826 151 3783 760 982 937 942 88 3023 1808 1215
is_linear=0
shrinkage=0.03


Tree=19
num_leaves=31
num_cat=0
split_feature=12 5 9 13 6 4 1 13 2 6 11 11 13 6 1 6 5 6 3 6 10 0 8 9 0 1 13 10 11 13
split_gain=345.406 163.011 99.0332 99.4324 117.387 92.2841 86.4539 90.3119 80.6726 106.023 96.4024 90.9176 79.1989 63.6718 59.5849 56.4177 54.3699 56.9811 54.7598 127.433 59.9492 52.7703 52.7938 52.2805 50.206 91.4419 46.661 43.9463 40.7294 63.0508
threshold=7.2727200638028426 6.3717892169952401 9.3205361746004503 47.500000000000007 23.867916107177738 7.6375467777252206 6.8297307491302499 283.50000000000006 4.236283779144288 31.689904212951664 7.1869373108193164 7.162313589070032 15.500000000000002 29.52506256103516 5.7678747177124032 31.812812805175785 6.2067224979400644 26.532563209533695 3.8480532169342045 8.4641575813293475 7.2533538811151113 6.2952067852020273 58.500000000000007 5.4531369125205975 7.2754311561584482 5.745023488998414 128.50000000000003 7.1394074197092925 7.1705214457558162 88.500000000000014
decision_type=8 8 10 2 10 8 10 2 10 10 10 10 2 10 10 10 10 10 10 10 10 10 2 10 10 10 2 10 10 2
left_child=1 5 3 4 -2 16 7 -5 11 10 12 -3 13 -10 21 -11 18 -18 -1 -20 23 22 -14 -21 25 27 -8 -7 29 -25
right_child=2 8 -4 6 -6 24 26 -9 9 15 -12 -13 14 -15 -16 -17 17 -19 19 20 -22 -23 -24 28 -26 -27 -28 -29 -30 -31
leaf_value=-0.029659662340478649 0.0748990151970539 0.059332603253424168 -0.025203676537935992 -0.033690199353923533 0.0066498168697580696 -0.045930591340669812 -0.0076878548035298581 0.0015101028346619244 -0.053100583178867747 0.03287513616768753 0.028093578232452274 -0.0035050508743801781 -0.004200846244033319 -0.0057678393619816481 -0.0057475077464025663 0.00085482577360316853 -0.05172027021240104 -0.015122114333900667 0.044321211372812586 -0.032423640679696504 0.02679609651491046 -0.047145314306904704 -0.043916358956135805 0.031199484909574186 -0.0101606158601741 -0.07834513323084312 0.010705661149399311 -0.0047562218401147873 -0.026113895388614191 -0.0074229145772391697
leaf_weight=87 43 40 83 73 48 51 131 647 68 51 60 43 122 41 1073 1710 55 126 45 87 40 59 40 45 54 47 2366 43 76 246
leaf_count=87 43 40 83 73 48 51 131 647 68 51 60 43 122 41 1073 1710 55 126 45 87 40 59 40 45 54 47 2366 43 76 246
internal_value=-8.91938e-12 -0.00563659 0.00716251 0.0079746 0.0388994 -0.0162371 0.00709983 -0.00205882 -0.00242472 -0.00317653 -0.00914526 0.0267782 -0.0107378 -0.0352965 -0.00866909 0.00178216 -0.0117617 -0.0262431 -0.00757455 -0.00400979 -0.00841241 -0.022854 -0.0140071 -0.0115145 -0.0347583 -0.0441787 0.00974068 -0.0270955 -0.00655781 -0.00145038
internal_weight=7700 4309 3391 3308 91 1002 3217 720 3307 3224 1463 83 1403 109 1294 1761 807 181 626 539 494 221 162 454 195 141 2497 94 367 291
internal_count=7700 4309 3391 3308 91 1002 3217 720 3307 3224 1463 83 1403 109 1294 1761 807 181 626 539 494 221 162 454 195 141 2497 94 367 291
is_linear=0
shrinkage=0.03


Tree=20
num_leaves=31
num_cat=0
split_feature=9 2 3 1 12 10 6 10 3 4 9 12 0 2 4 13 0 4 11 1 3 10 2 4 3 13 4 13 6 6
split_gain=325.549 115.915 91.1235 156.074 194.466 92.6003 80.3586 97.805 83.1959 91.0305 71.9066 86.233 74.9014 68.7449 61.6243 87.8839 58.6267 55.1491 53.5117 50.0765 48.0623 44.6728 43.5326 42.8464 41.9545 41.4669 54.9929 57.6256 43.1736 43.0706
threshold=6.9095561622628106 6.8757255077362069 3.6199640035629277 2.9888888597488408 7.1915884433326669 7.0604974392276132 31.28828048706055 7.1864338392715643 5.3330466747283944 9.5787844657897967 10.033333333333335 8.528645746786486 3.9538706541061406 5.5866634845733651 5.0799036026000985 262.50000000000006 6.6074929237365732 5.5419161319732675 7.1705214457558162 6.1199257373809823 5.6100482940673837 7.1261682517040219 5.4917180538177499 8.4945812225341815 5.2727012634277353 262.50000000000006 7.7220664024353036 307.50000000000006 32.935417175292976 27.017241477966312
decision_type=10 10 8 10 10 8 10 10 10 8 10 10 10 10 10 2 10 8 10 10 10 8 10 8 10 2 8 2 10 10
left_child=2 14 -1 4 -4 -5 7 13 18 -10 11 12 -3 -7 15 -2 19 -15 -9 24 -8 -19 -16 -23 -17 -14 28 -28 -27 -29
right_child=1 10 3 5 -6 6 20 8 9 -11 -12 -13 25 17 22 16 -18 21 -20 -21 -22 23 -24 -25 -26 26 27 29 -30 -31
leaf_value=-0.038767429327338253 -0.04854415485262871 -0.031678436713914071 0.079263362179442146 0.033410632468760013 -0.0073961266502737995 -0.035416220122300057 -0.023193282110561781 0.00054981648288667201 -0.0042371347663524963 -0.042895917850331616 -0.029605598049238326 0.044296913353194078 -0.00089921396470926391 0.015956825620184339 0.028578192566831907 0.012656336049346819 -0.032514049324550126 -0.0065076920881131607 0.046786784555126977 0.031931978635489938 -0.0014717999642054913 -0.018952556628553167 -0.0016172410464764485 -0.043397482895395058 -0.027042912541609256 -0.0018729971511310714 0.047196349566120926 0.022952060429379344 0.008504430762883276 0.0093079784783052805
leaf_weight=88 60 45 41 45 54 227 102 50 350 65 48 56 488 45 45 46 57 181 41 40 906 268 953 85 50 614 41 242 875 1492
leaf_count=88 60 45 41 45 54 227 102 50 350 65 48 56 488 45 45 46 57 181 41 40 906 268 953 85 50 614 41 242 875 1492
internal_value=-3.71573e-11 0.00433806 -0.00877146 -0.00769844 0.0300043 -0.00921292 -0.0100397 -0.0149336 -0.00459582 -0.0102921 0.00688632 0.00734093 0.00679588 -0.0214236 -0.00360818 -0.0168325 -0.00697397 -0.0159377 0.0213819 0.00373033 -0.00366981 -0.0186254 -0.000255723 -0.0248387 -0.00802036 0.00725733 0.00847681 0.0120434 0.00422522 0.0112122
internal_weight=7700 5152 2548 2460 95 2365 2320 1312 506 415 3901 3853 3797 806 1251 253 193 579 91 136 1008 534 998 353 96 3752 3264 1775 1489 1734
internal_count=7700 5152 2548 2460 95 2365 2320 1312 506 415 3901 3853 3797 806 1251 253 193 579 91 136 1008 534 998 353 96 3752 3264 1775 1489 1734
is_linear=0
shrinkage=0.03


Tree=21
num_leaves=31
num_cat=0
split_feature=12 6 10 10 9 13 6 13 6 0 11 4 1 3 9 0 6 1 4 13 4 8 2 4 4 8 12 5 1 4
split_gain=309.514 146.823 101.868 136.744 89.5968 94.8994 109.636 78.8515 86.8129 70.9134 87.989 71.5799 59.5813 59.1312 63.1559 58.336 90.7415 81.1774 61.9595 57.6163 73.8908 49.0142 48.2103 44.6079 42.653 73.1198 42.1441 43.2447 42.1638 42.0273
threshold=7.2727200638028426 31.28828048706055 7.1850886479861442 7.1866302362728112 9.3205361746004503 47.500000000000007 23.867916107177738 170.50000000000003 22.306019783020023 4.779132843017579 7.1831628497141642 7.9117963314056405 6.8297307491302499 5.0172600746154794 6.776880984952121 6.2110323905944833 15.508064746856691 8.6579098701477069 3.4434143304824834 177.50000000000003 7.5908529758453378 22.500000000000004 6.5790336132049569 6.5812585353851327 8.3388848304748553 35.500000000000007 6.4099864327939011 6.5014135837554941 4.1008598804473886 5.5419161319732675
decision_type=8 10 10 10 10 2 10 2 10 8 10 8 10 10 10 8 8 8 10 2 10 2 10 10 8 2 10 10 10 10
left_child=1 2 9 -4 5 6 -2 8 -7 11 13 26 -9 -11 -15 18 -17 19 -5 -18 29 -20 -3 -23 -24 -26 -1 28 -28 -21
right_child=4 22 3 15 -6 7 -8 12 -10 10 -12 -13 -14 14 -16 16 17 -19 21 20 -22 23 24 -25 25 -27 27 -29 -30 -31
leaf_value=-0.035921470573438065 0.072554965899434193 -0.005830825709231548 0.039321522405662106 -0.039966078264358107 -0.024005404914538543 -0.031203355953097343 0.0065976439265068619 0.0001946030751806849 0.0055047881692577069 0.014941576238721608 0.031565135301556441 -0.049271832109987736 0.010324177817689517 -0.023381870103315938 -0.0072360439519773634 0.043422571382508046 0.03715437059802934 -0.029151209392424285 -0.018491603559503952 -0.032529224552670308 0.033755208184213736 0.023265372721500515 0.0014681856880465185 -0.01664875978071775 0.052748936478048555 0.0073718358906653689 -0.016453935824538347 -0.026988182205446611 0.026838487439516296 -0.0015585830775412298
leaf_weight=84 43 745 64 73 83 100 48 676 138 60 40 100 2303 467 409 41 40 87 180 49 46 63 1169 42 40 159 40 68 41 202
leaf_count=84 43 745 64 73 83 100 48 676 138 60 40 100 2303 467 409 41 40 87 180 49 46 63 1169 42 40 159 40 68 41 202
internal_value=6.67876e-12 -0.00533571 -0.0107678 -0.00291843 0.00678017 0.0075526 0.0377643 0.006698 -0.0099188 -0.0160866 -0.012008 -0.0280407 0.00802556 -0.0138701 -0.0158435 -0.00620319 0.000804987 -0.00331605 -0.015306 0.00335356 -0.00119874 -0.00898954 0.000309713 0.00729972 0.00365379 0.0164929 -0.0189287 -0.00934883 0.00545951 -0.00760464
internal_weight=7700 4309 2196 887 3391 3308 91 3217 238 1309 976 333 2979 936 876 823 465 424 358 337 297 285 2113 105 1368 199 233 149 81 251
internal_count=7700 4309 2196 887 3391 3308 91 3217 238 1309 976 333 2979 936 876 823 465 424 358 337 297 285 2113 105 1368 199 233 149 81 251
is_linear=0
shrinkage=0.03


Tree=22
num_leaves=31
num_cat=0
split_feature=5 4 10 13 2 10 0 2 13 2 13 3 6 6 10 8 3 11 3 4 8 9 0 0 9 5 9 2 0 8
split_gain=292.504 107.917 83.4797 79.0244 162.121 104.405 72.1293 69.5795 67.7329 55.8796 60.6389 76.1991 148.781 57.5729 54.0123 52.1198 86.7482 47.7155 46.8969 42.9695 59.8389 42.2822 58.0382 68.1697 48.7174 41.9038 54.1868 41.0289 41.6778 40.605
threshold=7.2847917079925546 7.4816741943359384 7.0604974392276132 1068.5000000000002 4.988239288330079 7.1885482348800585 3.3570262193679814 5.8628594875335702 62.500000000000007 6.8757255077362069 262.50000000000006 7.3237102031707773 38.512571334838874 7.0294117927551278 7.2631599735539334 1.5000000000000002 5.8466699123382577 7.1205276745005106 9.6950016021728533 7.4720079898834237 7.5000000000000009 5.5459231490159331 1.3452380895614626 3.6614583730697636 7.19459945436508 7.0526926517486581 6.9197862767154108 7.4186275005340585 6.4405882358551034 174.50000000000003
decision_type=8 10 8 2 10 10 8 10 2 8 2 10 8 10 10 2 10 10 10 8 2 10 10 10 10 10 10 10 10 2
left_child=1 2 -1 5 -5 19 -2 -6 15 17 11 12 -11 -13 -3 -7 -17 -8 29 21 -21 -4 -23 -24 25 26 -25 -9 -29 -12
right_child=6 14 3 4 7 8 9 27 -10 10 18 13 -14 -15 -16 16 -18 -19 -20 20 -22 22 23 24 -26 -27 -28 28 -30 -31
leaf_value=0.030907703523989763 -0.02894666918746705 0.0071116265006839555 -0.026181403102008581 0.055900999493980114 -0.026190338489801988 -0.010730916957337674 0.023099076885052701 0.0020789544608543864 -0.0073532761680394111 0.055037557367218791 0.0099224483699612825 -0.037830742952227589 -0.013231597949387663 -0.0033595209850320628 -0.020073009689517116 0.062264271905645721 0.0015452688367416461 -0.0036596616361658069 0.031054903985216067 -0.054297770423677241 -0.020168137055924112 0.021941271394660525 -0.050653226966304442 -0.012792068803782529 0.015802945364266633 0.0075550853934040979 -0.039784962366286078 -0.041715309098042781 -0.0055836602497626748 -0.0093139850610451224
leaf_weight=48 53 665 227 42 115 42 66 634 647 56 2398 50 59 341 73 40 45 657 91 61 191 44 42 561 55 76 76 40 102 103
leaf_count=48 53 665 227 42 115 42 66 634 647 56 2398 50 59 341 73 40 45 657 91 61 191 44 42 561 55 76 76 40 102 103
internal_value=5.83495e-11 -0.00588368 -0.00834678 -0.00896659 -0.00169789 -0.0121852 0.00581078 -0.00441299 -0.0034214 0.00629289 0.00804551 -0.00145394 0.0200125 -0.00776761 0.00442263 0.0166095 0.0301189 -0.00121696 0.00989996 -0.0172739 -0.0284297 -0.0146733 -0.0116144 -0.0134372 -0.0114019 -0.0135005 -0.0160126 -0.00118568 -0.0157616 0.00913022
internal_weight=7700 3826 3088 3040 933 2107 3874 891 774 3821 3098 506 115 391 738 127 85 723 2592 1333 252 1081 854 810 768 713 637 776 142 2501
internal_count=7700 3826 3088 3040 933 2107 3874 891 774 3821 3098 506 115 391 738 127 85 723 2592 1333 252 1081 854 810 768 713 637 776 142 2501
is_linear=0
shrinkage=0.03


Tree=23
num_leaves=31
num_cat=0
split_feature=12 6 10 10 1 6 0 11 4 1 11 3 5 8 8 4 11 6 0 6 1 13 4 11 4 4 8 2 4 4
split_gain=276.598 134.347 91.4966 114.941 76.3638 118.053 65.1537 82.5425 66.2684 55.5324 58.2844 55.5246 59.2394 79.2679 72.4837 102.745 54.6471 52.6298 51.4926 84.5072 79.6138 53.2911 67.4735 50.5681 49.3821 48.9786 46.5668 44.4656 42.224 40.5085
threshold=7.278674751129854 31.28828048706055 7.1850886479861442 7.1866302362728112 4.6385731697082528 3.4510357379913335 4.779132843017579 7.1831628497141642 7.9117963314056405 6.8297307491302499 7.1814883165840682 5.0172600746154794 6.6224358081817636 11.500000000000002 23.500000000000004 10.206406593322756 7.1493403818603749 29.52506256103516 6.2110323905944833 15.508064746856691 8.6579098701477069 177.50000000000003 7.5908529758453378 7.1644869794738932 3.4434143304824834 4.5087912082672128 22.500000000000004 6.5790336132049569 6.5812585353851327 5.5419161319732675
decision_type=8 10 10 10 10 10 8 10 8 10 8 10 10 2 2 8 10 10 8 8 8 2 10 10 10 10 2 10 10 10
left_child=1 2 6 -4 -2 -6 8 11 -1 -7 -11 -8 13 -13 16 -16 -14 23 24 -20 21 -21 29 -18 -5 -15 -26 -3 -28 -23
right_child=4 27 3 18 5 9 7 -9 -10 10 -12 12 14 25 15 -17 17 -19 19 20 -22 22 -24 -25 26 -27 28 -29 -30 -31
leaf_value=-0.017934210554760573 0.046182762970064961 -0.0055290986609647687 0.035610194266415561 -0.036218944742671538 -0.042867276563563129 -0.00088377833287842762 0.014783602066338062 0.030866995412099637 -0.047129904523864383 0.010384913236683739 -0.0030494462196090579 -0.0074274304725060409 -0.0051166550292575785 -0.065033666938543316 -0.0065628633080251301 0.042193483692472396 -0.071197579398751251 -0.006002191911141078 0.041841120590887418 0.035986084016505625 -0.027991161016018493 -0.031402057353787274 0.032589120608956912 -0.027651009727269412 -0.017975529679097234 -0.029206615587600088 0.022696830413880799 0.0035583184566935918 -0.016136163290190908 -0.0010679443045586779
leaf_weight=233 43 746 65 74 44 701 60 40 100 2239 334 132 113 45 252 46 40 45 41 40 92 49 46 60 180 145 63 1383 42 207
leaf_count=233 43 746 65 74 44 701 60 40 100 2239 334 132 113 45 252 46 40 45 41 40 92 49 46 60 180 145 63 1383 42 207
internal_value=-3.14176e-11 -0.00500426 -0.0101855 -0.0028141 0.00646042 0.00594563 -0.0152403 -0.0113378 -0.0267017 0.00660164 0.008641 -0.0131376 -0.0150457 -0.0252854 -0.00911544 0.000963284 -0.0207568 -0.0329453 -0.0058088 0.000671741 -0.00321753 0.00344672 -0.000863132 -0.0450696 -0.0143833 -0.037692 -0.00871373 0.000374094 0.00716363 -0.00687408
internal_weight=7700 4339 2210 899 3361 3318 1311 978 333 3274 2573 938 878 322 556 298 258 145 834 475 434 342 302 100 359 190 285 2129 105 256
internal_count=7700 4339 2210 899 3361 3318 1311 978 333 3274 2573 938 878 322 556 298 258 145 834 475 434 342 302 100 359 190 285 2129 105 256
is_linear=0
shrinkage=0.03


Tree=24
num_leaves=31
num_cat=0
split_feature=5 4 10 6 11 4 3 1 1 11 6 12 0 13 1 6 4 6 2 13 4 10 11 2 6 5 13 11 3 2
split_gain=262.081 99.2139 73.8061 73.7837 117.326 80.1441 77.2645 187.274 71.0018 61.0918 59.8454 54.7278 97.0521 55.1138 120.644 52.9915 50.3857 79.9257 52.1279 50.1393 48.1184 39.6976 39.4618 38.3235 38.8846 53.4139 42.6597 52.0917 40.6924 36.1
threshold=7.2997682094573983 7.4816741943359384 7.0604974392276132 22.804439544677738 7.1625405975744334 3.0284091234207158 3.8480532169342045 4.6385731697082528 4.7496392726898202 7.1691654195439805 28.072299957275394 7.8763347287383558 3.3570262193679814 1747.0000000000002 7.1472826004028329 23.480885505676273 10.206406593322756 8.4641575813293475 6.8334772586822519 210.50000000000003 5.0799036026000985 7.2631599735539334 7.1205276745005106 3.8774212598800664 18.017241477966312 5.9719738960266122 187.50000000000003 7.1473280839620985 6.2050268650054941 7.4790565967559823
decision_type=8 10 8 10 10 8 10 10 10 10 10 8 8 2 10 10 10 8 10 2 10 10 10 10 10 10 2 10 10 10
left_child=1 2 -1 4 23 -5 -6 -8 10 -9 -7 12 -2 14 -13 -10 17 -14 22 -16 -11 29 -19 -4 25 -25 -26 -28 -27 -3
right_child=11 21 3 5 6 8 7 9 15 20 -12 13 16 -15 19 -17 -18 18 -20 -21 -22 -23 -24 24 26 28 27 -29 -30 -31
leaf_value=0.028686375288406805 -0.041780533910524553 -0.0022400414655634831 -0.0041989861723374239 0.034629512678745179 -0.040557019321946428 -0.054882025083061302 0.061124191350888368 0.013397958481760874 0.027534081791771227 -0.045918299682438365 -0.012608513302273219 0.063241517143696538 0.045400406638668338 -0.0024776761618661965 -0.0052059995398709641 -0.0060952321199701197 -0.019629624348878858 0.020952179476233391 0.0067391312223374937 0.01993829424995994 -0.006477095721901892 -0.015873029049061523 -0.0049338525048025494 -0.026035178307857777 0.00014362367027896946 -0.079342070883367116 -0.0073804145519222528 -0.052111012966565361 -0.038025034872194136 0.01201139742011899
leaf_weight=49 41 258 55 43 40 48 43 73 43 45 81 50 44 136 95 2187 75 58 2413 287 73 79 615 108 59 41 42 53 45 421
leaf_count=49 41 258 55 43 40 48 43 73 43 45 81 50 44 136 95 2187 75 58 2413 287 73 79 615 108 59 41 42 53 45 421
internal_value=-1.97136e-11 -0.00548319 -0.00784289 -0.00842422 -0.0171718 -0.00595873 -0.0020257 0.00456085 -0.00669857 -0.0081733 -0.0283382 0.0055867 0.00408343 0.0141775 0.0194208 -0.00544677 0.00467015 0.00525241 0.00467998 0.0136851 -0.0215182 0.00425448 -0.00270296 -0.0274697 -0.0311475 -0.0400822 -0.0198921 -0.0323354 -0.0577227 0.00659627
internal_weight=7700 3886 3128 3079 677 2402 274 234 2359 191 129 3814 3246 568 432 2230 3205 3130 3086 382 118 758 673 403 348 194 154 95 86 679
internal_count=7700 3886 3128 3079 677 2402 274 234 2359 191 129 3814 3246 568 432 2230 3205 3130 3086 382 118 758 673 403 348 194 154 95 86 679
is_linear=0
shrinkage=0.03


Tree=25
num_leaves=31
num_cat=0
split_feature=12 6 10 10 1 6 0 11 4 3 9 1 11 0 6 0 1 0 4 2 12 5 1 10 4 8 6 13 12 8
split_gain=247.499 123.258 85.9368 108.045 73.7732 110.239 59.9851 77.8034 61.198 52.1166 54.1022 50.4315 53.939 46.8496 79.2626 142.184 59.0573 48.3391 43.8452 40.489 39.3218 40.5572 39.7252 37.5053 37.0996 71.1928 33.4471 34.2053 32.8656 32.0964
threshold=7.278674751129854 31.28828048706055 7.1850886479861442 7.1866302362728112 4.6385731697082528 3.4510357379913335 4.779132843017579 7.1831628497141642 7.9117963314056405 5.0172600746154794 6.776880984952121 6.8297307491302499 7.1814883165840682 6.2110323905944833 22.051839828491214 7.9893617630004892 5.2360892295837411 5.953463315963746 3.4434143304824834 6.5790336132049569 6.4099864327939011 6.5014135837554941 4.1008598804473886 7.1502902410165703 8.3388848304748553 35.500000000000007 27.918060302734379 283.50000000000006 6.7482490194966118 174.50000000000003
decision_type=8 10 10 10 10 10 8 10 8 10 10 10 8 8 8 10 10 10 10 10 10 10 10 8 8 2 10 2 10 2
left_child=1 2 6 -4 -2 -6 8 9 20 -8 23 -7 29 17 15 -15 -16 18 -5 -3 -1 22 -22 26 -21 -26 27 -11 -10 -13
right_child=4 19 3 13 5 11 7 -9 28 10 -12 12 -14 14 16 -17 -18 -19 -20 24 21 -23 -24 -25 25 -27 -28 -29 -30 -31
leaf_value=-0.03358129281816738 0.045153898125471069 -0.0052151683065135169 0.03470110282602791 -0.031054122249470715 -0.041564595919441089 -0.00089425058076198025 0.01445259041339159 0.030124506862834095 -0.028025316862855105 -0.019405057690958728 -0.0065086089766645512 0.010556070834005381 -0.0030636734165417948 0.052914507795245411 -0.03183037406664628 -0.017139984349409741 -0.00031634046456380059 -0.043089417065917089 -0.0037030644828055593 0.0014184007974601966 -0.014843271209858358 -0.024996265879941772 0.027178528343395486 -0.045450714029228456 0.051166509367525578 0.0065019168579048174 -0.0087397606239926831 -0.046125986625097294 -0.062422409485280508 -0.0086796399264561907
leaf_weight=84 43 746 65 67 44 701 60 40 50 177 411 2158 334 62 65 45 303 44 248 1180 40 68 41 52 40 163 181 57 50 81
leaf_count=84 43 746 65 67 44 701 60 40 50 177 411 2158 334 62 65 45 303 44 248 1180 40 68 41 52 40 163 181 57 50 81
internal_value=-1.37164e-11 -0.00473371 -0.0096965 -0.00255259 0.00611115 0.00560518 -0.0145953 -0.0108508 -0.0255927 -0.0125982 -0.0144468 0.0062391 0.00818254 -0.00545605 0.00072542 0.0234523 -0.00588268 -0.0136349 -0.00952059 0.000417882 -0.0171673 -0.00791381 0.00642702 -0.021433 0.00345639 0.0153028 -0.0184235 -0.025914 -0.0452239 0.00986018
internal_weight=7700 4339 2210 899 3361 3318 1311 978 333 938 878 3274 2573 834 475 107 368 359 315 2129 233 149 81 467 1383 203 415 234 100 2239
internal_count=7700 4339 2210 899 3361 3318 1311 978 333 938 878 3274 2573 834 475 107 368 359 315 2129 233 149 81 467 1383 203 415 234 100 2239
is_linear=0
shrinkage=0.03


Tree=26
num_leaves=31
num_cat=0
split_feature=5 13 10 2 4 6 10 2 0 13 4 12 9 12 2 13 3 6 6 3 11 11 11 2 13 3 10 2 8 8
split_gain=235.484 92.5151 92.5807 87.5111 84.2925 78.2296 71.1511 70.7869 60.0555 56.5372 68.454 55.8824 52.2249 46.2678 45.9308 51.3481 75.173 131.803 50.9111 44.3453 43.1054 58.5911 42.8292 39.062 42.2272 42.2542 37.1591 36.6434 53.5518 36.3615
threshold=7.2847917079925546 676.50000000000011 7.0604974392276132 4.920863389968873 6.7571558952331552 32.503011703491218 7.1984916930509621 8.2571806907653826 3.3570262193679814 834.00000000000011 -1.0000000180025095e-35 7.4729851453499183 7.3432594417077182 5.8607417441106424 6.8757255077362069 262.50000000000006 7.3237102031707773 38.512571334838874 10.612500190734865 9.6950016021728533 7.1727598676861311 7.1700284447353839 7.1641136919773141 7.0402178764343271 47.500000000000007 6.8369793891906747 7.2441350639042286 6.4375174045562753 43.500000000000007 11.500000000000002
decision_type=8 2 8 10 10 10 10 10 8 2 10 10 10 10 8 2 10 8 10 10 10 8 10 10 2 10 10 10 2 2
left_child=1 2 -1 -3 5 9 7 11 -2 -5 -11 12 13 -4 20 16 17 -16 -18 29 21 22 27 24 26 -26 -8 28 -10 -17
right_child=8 3 6 4 -6 -7 23 -9 14 10 -12 -13 -14 -15 15 19 18 -19 -20 -21 -22 -23 -24 -25 25 -27 -28 -29 -30 -31
leaf_value=0.028974027776469787 -0.02650152735552698 0.034603387007730142 -0.034904097830428957 0.0053258516810213525 0.0036966222792534946 0.0012665476517954462 0.041900002039968964 0.022849938033825973 0.044409971163585416 -0.049168491763994099 -0.016381586866775228 0.017023206324627001 -0.047045825810730454 -0.013984238565647442 0.052788582837342148 0.03657395941461436 -0.031575197521875153 -0.011467202103744118 -0.0028471639504897652 0.029520489119893901 -0.013877691901909808 0.038008069681003689 -0.01999680597476567 -0.016785547925010323 -0.0077631138548988126 0.018582672684946479 0.0040413391573487648 -0.0035860193508084524 0.0054568166731599164 0.0077394242442906658
leaf_weight=54 53 62 104 72 1064 324 40 44 41 75 243 45 50 1118 56 40 67 59 324 91 180 40 79 125 282 68 56 242 141 2461
leaf_count=54 53 62 104 72 1064 324 40 44 41 75 243 45 50 1118 56 40 67 59 324 91 180 40 79 125 282 68 56 242 141 2461
internal_value=-4.07509e-11 -0.00527915 -0.00976944 -0.000432567 -0.00165429 -0.00962821 -0.0108523 -0.0145814 0.00521374 -0.0186792 -0.0241143 -0.0158319 -0.0169943 -0.0157647 0.00565366 0.00724262 -0.00149886 0.0198226 -0.00776987 0.00894909 -0.00115492 0.00306258 0.00028361 -0.00196402 0.00219 -0.0026445 0.0198158 0.00406227 0.014232 0.00820059
internal_weight=7700 3826 1986 1840 1778 714 1932 1361 3874 390 318 1317 1272 1222 3821 3098 506 115 391 2592 723 543 503 571 446 350 96 424 182 2501
internal_count=7700 3826 1986 1840 1778 714 1932 1361 3874 390 318 1317 1272 1222 3821 3098 506 115 391 2592 723 543 503 571 446 350 96 424 182 2501
is_linear=0
shrinkage=0.03


Tree=27
num_leaves=31
num_cat=0
split_feature=9 13 2 6 6 11 11 1 4 3 13 0 3 10 6 8 8 12 4 9 3 0 0 4 1 2 9 13 13 11
split_gain=221.889 86.1257 85.1911 84.9466 91.5909 72.3623 76.8871 217.131 116.65 77.2122 63.7073 127.394 55.0039 54.7018 73.8012 72.2708 58.857 53.0647 56.5457 49.8239 48.4489 46.1173 66.5716 78.6482 43.5009 80.6392 42.6875 67.9111 41.4972 52.9529
threshold=6.9095561622628106 7.5000000000000009 8.7729196548461932 1.5227272510528567 4.2365870475769052 7.1905394640606728 7.1440801786704258 3.486111164093018 7.5625436305999765 8.7671837806701678 535.50000000000011 5.0096154212951669 3.6199640035629277 7.1994814703497898 34.958896636962898 54.500000000000007 20.500000000000004 8.528645746786486 9.5787844657897967 7.6988859342598612 6.0751092433929452 5.7282195091247567 6.4021277427673349 7.4535434246063241 3.8990103006362919 4.920863389968873 7.9494992864558087 1747.0000000000002 1729.5000000000002 7.1627772023561276
decision_type=10 2 10 8 8 8 10 10 10 8 2 10 10 10 10 2 2 10 8 10 10 10 10 10 10 10 10 2 2 10
left_child=3 -2 10 -1 -5 6 7 -6 -9 12 11 -3 -8 14 15 24 -16 18 19 -4 -7 -13 23 -23 -14 -26 -12 -28 29 -15
right_child=1 2 17 4 5 20 9 8 -10 -11 26 21 13 28 16 -17 -18 -19 -20 -21 -22 22 -24 -25 25 -27 27 -29 -30 -31
leaf_value=0.02998440368307961 -0.039202981639121261 -0.032723262956502235 0.02952276698306102 -0.04824191613234579 0.068094038341194388 0.040712196305394174 -0.043954845795971018 -0.0083893304012632106 0.037879018413109915 -0.042238537995144723 0.0035831767065992773 0.022550423680930524 0.013664428949719521 0.018984240325439751 -0.029125081922696985 -0.052369016214377347 0.0091021862772309708 0.047857267549942906 -0.0040386739196053342 0.0077345669386338998 0.0021412833991518109 -0.044657138435339382 0.0013268740571284511 0.0061218485351097075 -0.055158871538480932 -0.015007531807362017 0.028893157948553561 -0.0050602297143011194 -0.018566279119652942 -0.0042041976657614492
leaf_weight=54 42 123 185 50 40 42 43 534 54 72 3330 74 41 113 46 54 171 41 138 193 97 66 681 47 49 554 150 82 123 411
leaf_count=54 42 123 185 50 40 42 43 534 54 72 3330 74 41 113 46 54 171 41 138 193 97 66 681 47 49 554 150 82 123 411
internal_value=1.23735e-11 0.00358143 0.00393308 -0.00724157 -0.00804758 -0.00722527 -0.00849292 0.00046071 -0.0041402 -0.0118459 0.00257824 -0.00414962 -0.0104825 -0.009561 -0.0142819 -0.0190324 0.00099871 0.0150077 0.0123976 0.0183981 0.0137958 -0.000100589 -0.00221164 -0.0235367 -0.0162371 -0.0182702 0.00445003 0.0168924 -0.00288463 0.000796362
internal_weight=7700 5152 5110 2548 2494 2444 2305 628 588 1677 4553 991 1605 1562 915 698 217 557 516 378 139 868 794 113 644 603 3562 232 647 524
internal_count=7700 5152 5110 2548 2494 2444 2305 628 588 1677 4553 991 1605 1562 915 698 217 557 516 378 139 868 794 113 644 603 3562 232 647 524
is_linear=0
shrinkage=0.03


Tree=28
num_leaves=31
num_cat=0
split_feature=5 8 3 1 10 10 2 12 6 1 9 8 1 2 1 2 4 6 5 12 6 4 11 10 10 12 4 10 1 12
split_gain=211.516 82.3386 85.7413 100.758 72.1051 83.2601 82.2138 73.3911 70.0307 88.4877 75.5534 65.5044 64.5908 61.0922 72.459 55.8641 47.7018 182.986 78.1475 124.349 54.4868 48.2944 46.3313 50.1358 45.1637 39.8551 38.6279 37.5197 37.1239 36.7082
threshold=7.2997682094573983 62.500000000000007 5.2211978435516366 5.6436009407043466 7.2017724873546003 7.0604974392276132 8.2208604812622088 7.4729851453499183 22.804439544677738 5.5527250766754159 3.977272727272728 29.500000000000004 4.8441040515899667 4.0428724288940439 4.2329592704772958 5.5866634845733651 9.8207139968872088 4.2365870475769052 7.7533657550811776 7.75567314424194 13.418749809265138 8.0627679824829119 7.160485978758711 7.1373762015930593 7.1306778168196585 7.1222702552923485 4.7764642238616952 7.1916660180568179 4.6385731697082528 6.9931350681532685
decision_type=8 2 10 10 10 8 10 10 10 10 10 2 10 10 10 10 10 8 10 10 10 10 10 10 10 10 8 10 10 10
left_child=1 4 -3 -4 5 -1 7 8 9 10 -7 -8 26 -12 -15 -16 17 -2 -18 -20 -19 -22 -14 -24 -11 -26 -10 -5 -6 -29
right_child=16 2 3 27 28 6 11 -9 12 24 13 -13 22 14 15 -17 18 20 19 -21 21 -23 23 -25 25 -27 -28 29 -30 -31
leaf_value=0.024998392356591747 0.067974540870636702 0.046173915817402301 -0.035899402656760372 0.0091310894359943277 0.023413630745627662 -0.042850495824017197 0.045427506152540445 0.02602712133769379 -0.015156217805552676 -0.053068362685396921 0.026102861100259948 -0.0082149676872151235 -0.0041980691958714384 -0.040634582302031604 -0.015722756458324244 0.028925584578496769 0.020819405261427164 -0.017187761910951015 -0.05471267077018175 0.009250284648664734 0.0034644329123861045 0.011379182650399179 -0.048154039739108666 -0.012984988069642909 -0.018300762949934737 -0.051269814725965257 -0.049994661182992985 -0.018044066072215099 -0.0019595698608343651 0.004526092162011012
leaf_weight=58 42 40 61 488 55 52 40 43 61 86 51 42 864 52 61 43 48 97 59 51 2566 951 41 331 132 44 54 111 920 156
leaf_count=58 42 40 61 488 55 52 40 43 61 86 51 42 864 52 61 43 48 97 59 51 2566 951 41 331 132 44 54 111 920 156
internal_value=2.03684e-11 -0.00492591 0.00329 0.00118785 -0.00724698 -0.0104347 -0.0114638 -0.0127234 -0.0136135 -0.0229572 -0.0105223 0.0179521 -0.0100102 -0.00240116 -0.0117198 0.00273762 0.00501891 0.00571637 -0.0111199 -0.0250571 0.00499284 0.00560459 -0.00800929 -0.0168611 -0.0352498 -0.026543 -0.0315151 0.00418431 -0.000528261 -0.00485701
internal_weight=7700 3886 856 816 3030 2055 1997 1915 1872 521 259 82 1351 207 156 104 3814 3656 158 110 3614 3517 1236 372 262 176 115 755 975 267
internal_count=7700 3886 856 816 3030 2055 1997 1915 1872 521 259 82 1351 207 156 104 3814 3656 158 110 3614 3517 1236 372 262 176 115 755 975 267
is_linear=0
shrinkage=0.03


Tree=29
num_leaves=31
num_cat=0
split_feature=5 4 10 13 11 10 1 4 1 2 12 0 13 1 6 13 4 6 6 11 2 10 9 4 4 13 11 10 12 0
split_gain=199.016 78.7286 61.4255 60.0485 73.9542 70.7525 66.3802 61.6068 58.5938 50.5838 46.39 84.6558 48.9358 113.84 44.6131 42.9124 41.553 74.6105 42.5573 49.9763 55.7215 41.3925 39.5035 41.413 37.0675 39.6955 44.6409 36.1885 34.0128 32.892
threshold=7.2997682094573983 7.4816741943359384 7.0604974392276132 396.50000000000006 7.1845675556251534 7.1984916930509621 4.6385731697082528 4.4023809432983407 5.6436009407043466 7.3822624683380136 7.8763347287383558 3.3570262193679814 1747.0000000000002 7.1472826004028329 32.373773574829109 210.50000000000003 10.206406593322756 8.4641575813293475 31.869791984558109 7.1777525805276481 6.1039464473724374 7.1871049884847293 6.9965246325349968 8.8531026840209979 7.4720079898834237 34.500000000000007 7.1528750319174437 7.2631599735539334 7.6753835379816753 6.3647451400756845
decision_type=8 10 8 2 10 10 10 8 10 10 8 8 2 10 10 2 10 8 10 10 8 10 8 10 8 2 10 10 10 10
left_child=1 2 -1 5 7 24 -7 -5 14 -10 11 -2 13 -12 21 -15 17 -13 19 20 -19 -9 -20 -24 -4 -26 -27 -3 -25 -11
right_child=10 27 3 4 -6 6 -8 8 9 29 12 16 -14 15 -16 -17 -18 18 22 -21 -22 -23 23 28 25 26 -28 -29 -30 -31
leaf_value=0.026444767716967934 -0.039350553147676513 0.0061320607527364894 -0.0135421448294787 0.022801684808119067 0.03462909173389727 0.034208620065866516 -0.0055744563226895498 -0.039709313317149317 -0.00073309489387230484 -0.034694987838907586 0.060285434869676829 0.043351129168136555 -0.0029162459889673356 -0.0053299008960786612 -0.0041957157626088745 0.017931804572798325 -0.018035061237215995 0.033767550064528244 0.036238919137045737 -0.016634324931582768 0.00031160628678261596 -0.0074398095315943158 0.0048991299218626508 0.032518743140479693 -0.0091882884548977022 -0.059460788631381899 -0.022982816928900623 -0.015321168487278533 -0.0006727876709774136 -0.0093587727214520175
leaf_weight=49 41 679 783 70 44 43 309 106 1127 62 50 44 136 95 113 287 75 47 40 151 959 54 1758 91 64 52 72 79 40 180
leaf_count=49 41 679 783 70 44 43 309 106 1127 62 50 44 136 95 113 287 75 47 40 151 959 54 1758 91 64 52 72 79 40 180
internal_value=-7.28541e-12 -0.00477814 -0.00688016 -0.0074105 -0.00377399 -0.0122372 -0.000714592 -0.00476098 -0.005936 -0.00340531 0.00486834 0.00348432 0.0127777 0.0177184 -0.0186266 0.0121468 0.00403228 0.00456105 0.00400799 -0.000540949 0.00187466 -0.0288184 0.0067364 0.00611168 -0.0164143 -0.0283765 -0.03828 0.00389617 0.0223839 -0.0158499
internal_weight=7700 3886 3128 3079 1756 1323 352 1712 1642 1369 3814 3246 568 432 273 382 3205 3130 3086 1157 1006 160 1929 1889 971 188 124 758 131 242
internal_count=7700 3886 3128 3079 1756 1323 352 1712 1642 1369 3814 3246 568 432 273 382 3205 3130 3086 1157 1006 160 1929 1889 971 188 124 758 131 242
is_linear=0
shrinkage=0.03


Tree=30
num_leaves=31
num_cat=0
split_feature=12 5 2 11 1 6 11 13 6 4 10 5 4 6 11 6 3 6 10 1 0 4 5 9 1 11 0 8 4 11
split_gain=189.529 103.492 79.3924 81.3214 73.9907 110.141 73.5108 100.448 85.5417 66.9039 64.3316 54.7995 54.1066 72.7493 49.4726 49.2124 44.6121 112.698 48.0736 44.6091 50.2815 44.2371 43.4307 43.1113 42.9494 42.8574 42.2107 41.537 49.1481 39.1949
threshold=7.2727200638028426 6.3717892169952401 4.236283779144288 7.162313589070032 4.6385731697082528 3.4510357379913335 7.1869373108193164 53.500000000000007 20.618503570556644 7.6375467777252206 7.173084272440307 6.2067224979400644 6.7571558952331552 38.363300323486335 7.2414251070970064 26.532563209533695 3.8480532169342045 8.4641575813293475 7.2533538811151113 5.8285505771636972 4.9895832538604745 7.1057450771331796 6.5394816398620614 5.4531369125205975 6.8297307491302499 7.1814883165840682 9.5917506217956561 64.500000000000014 9.328376770019533 7.1705214457558162
decision_type=8 8 10 10 8 8 10 2 10 8 10 10 10 10 10 10 10 10 10 10 10 8 10 10 8 8 10 2 10 10
left_child=1 9 3 -3 -2 -6 7 8 -4 11 -8 16 13 26 -12 -13 -1 -18 23 20 -11 -10 -14 -19 -7 -26 -9 28 -24 -25
right_child=4 2 6 -5 5 24 10 12 21 19 14 15 22 -15 -16 -17 17 18 -20 -21 -22 -23 27 29 25 -27 -28 -29 -30 -31
leaf_value=-0.024541454060838141 0.045362460898553454 0.058142639826983214 -0.051988549804424536 -0.001286372888919919 -0.041802517995238299 -0.0011115462411684445 0.0492877521498927 -0.0072735513083357854 -0.027139244758907485 -0.033516348148272798 -0.0085083809590555341 -0.047026407795196228 0.026204753457034217 0.031356627599791041 0.03146408144638619 -0.013014481267559209 0.044060908501346904 -0.027295257761946013 0.025998780545778571 -0.045595297646708784 0.0065984125298504922 0.013670041317741076 -0.0020394214697484494 0.0012033615641466333 0.0087195283030987326 -0.0027481649590218133 -0.037906424307397428 0.0064165411305148147 -0.035982745203771628 -0.02299107527556388
leaf_weight=87 41 40 68 43 45 706 42 1122 51 66 76 55 61 43 44 126 45 87 40 80 49 45 955 291 2262 337 42 635 40 76
leaf_count=87 41 40 68 43 45 706 42 1122 51 66 76 55 61 43 44 126 45 87 40 80 49 45 955 291 2262 337 42 635 40 76
internal_value=4.1499e-12 -0.00417532 -0.00161613 0.0273541 0.00530564 0.0048154 -0.00236195 -0.00340392 -0.0262449 -0.0126217 0.0173325 -0.00881106 -0.00211133 -0.00696326 0.00614819 -0.0233496 -0.00460742 -0.00138987 -0.00553012 -0.0283917 -0.016424 -0.00800989 0.00135188 -0.008308 0.00545013 0.00723257 -0.00837886 0.000421808 -0.00340398 -0.00380693
internal_weight=7700 4309 3307 83 3391 3350 3224 3062 164 1002 162 807 2898 1207 120 181 626 539 494 195 115 96 1691 454 3305 2599 1164 1630 995 367
internal_count=7700 4309 3307 83 3391 3350 3224 3062 164 1002 162 807 2898 1207 120 181 626 539 494 195 115 96 1691 454 3305 2599 1164 1630 995 367
is_linear=0
shrinkage=0.03


Tree=31
num_leaves=31
num_cat=0
split_feature=12 5 1 6 2 11 11 13 6 10 4 5 4 5 4 11 1 10 6 6 12 10 10 2 6 4 1 11 0 2
split_gain=178.405 94.3678 69.548 91.0011 64.6129 161.388 68.7645 101.596 86.5122 60.8008 57.5322 51.5609 50.4765 80.5147 58.262 46.5109 46.315 46.5106 46.304 44.6079 50.0725 43.8706 44.8021 55.3423 53.4896 41.6227 41.2974 45.8251 37.5011 36.0652
threshold=7.278674751129854 6.3717892169952401 4.6385731697082528 3.4510357379913335 4.236283779144288 7.1659412628095822 7.1869373108193164 53.500000000000007 20.618503570556644 7.173084272440307 7.6375467777252206 6.2067224979400644 7.4913146495819101 6.6338877677917489 9.7142453193664569 7.2414251070970064 5.8285505771636972 7.1394074197092925 26.532563209533695 37.671079635620124 7.0228643957693437 7.0878489205920632 7.2540734203603678 5.5866634845733651 16.964285850524906 7.1057450771331796 6.8297307491302499 7.1814883165840682 7.1751918792724618 7.4318351745605478
decision_type=8 8 10 10 10 10 10 2 10 10 8 10 10 10 10 10 10 10 10 10 10 8 10 10 10 8 10 8 10 10
left_child=1 10 -2 -4 5 -3 7 8 -6 -8 11 21 19 -14 -15 -11 17 -12 -13 29 -21 -1 23 -23 -25 -10 -5 -28 -18 -9
right_child=2 4 3 26 6 -7 9 12 25 15 16 18 13 14 -16 -17 28 -19 -20 20 -22 22 -24 24 -26 -27 27 -29 -30 -31
leaf_value=0.024773724311312962 0.043096677468613134 0.060859140588436271 -0.038159571991683065 -0.0011819586110435501 -0.05180903543110775 -0.020732787262648343 0.047809119768706818 -0.0038138812879832387 -0.026325067436213 -0.0081449651134551156 -0.03355244609944779 -0.045615614998747001 0.045249636704102161 0.0050234138236397718 -0.027753709297855648 0.030520158289847044 -0.064767331764567643 0.0044401019946511446 -0.012624046933515707 0.039725017569959158 0.0016042701049667337 -0.017638635109015741 0.02145862351151857 0.03339520530961454 -0.0046722504308914087 0.013259939725200336 0.0085781406575060285 -0.0033340724055030703 -0.023687546194531024 -0.0150200266650197
leaf_weight=43 43 48 44 701 69 40 42 1726 51 77 58 55 42 617 53 44 40 58 126 40 138 300 47 40 196 45 2239 334 40 304
leaf_count=43 43 48 44 701 69 40 42 1726 51 77 58 55 42 617 53 44 40 58 126 40 138 300 47 40 196 45 2239 334 40 304
internal_value=-5.90568e-11 -0.004019 0.00518847 0.0046972 -0.00159309 0.0237719 -0.00228032 -0.00328369 -0.0261861 0.0167099 -0.0120877 -0.00854672 -0.00198955 0.00495644 0.0024306 0.00591508 -0.0266669 -0.0145562 -0.0226491 -0.00422937 0.0101707 -0.0044692 -0.00662605 -0.0090887 0.00177986 -0.0077696 0.00527316 0.00703182 -0.0442274 -0.00549204
internal_weight=7700 4339 3361 3318 3336 88 3248 3085 165 163 1003 807 2920 712 670 121 196 116 181 2208 178 626 583 536 236 96 3274 2573 80 2030
internal_count=7700 4339 3361 3318 3336 88 3248 3085 165 163 1003 807 2920 712 670 121 196 116 181 2208 178 626 583 536 236 96 3274 2573 80 2030
is_linear=0
shrinkage=0.03


Tree=32
num_leaves=31
num_cat=0
split_feature=2 13 1 0 3 2 12 6 11 1 4 13 12 4 4 3 12 10 11 5 4 5 4 12 6 8 4 6 10 13
split_gain=170.386 91.4912 131.957 104.588 50.4934 174.175 244.461 71.6982 101.407 129.738 84.923 60.8977 84.6758 53.2875 46.7885 63.3941 43.5054 43.3298 41.7573 39.4156 48.6967 38.6609 53.2588 61.7204 41.237 44.1171 38.2267 68.2022 35.6267 47.2043
threshold=6.8757255077362069 570.50000000000011 6.1753883361816415 5.3371212482452401 3.6199640035629277 4.236283779144288 6.4453476879825322 27.918060302734379 7.1859146024351874 4.2329592704772958 7.9117963314056405 88.500000000000014 6.6187788254485875 4.5087912082672128 8.3388848304748553 7.550384759902955 6.9469102801014317 7.1380912967195469 7.1613399245349969 7.7602655887603769 7.9898092746734628 6.8070168495178232 9.5787844657897967 7.8241473161168473 7.0294117927551278 1.5000000000000002 7.1571640968322763 31.976637840271 7.1842420857545681 74.500000000000014
decision_type=8 2 8 8 10 10 10 10 10 10 8 2 10 10 10 10 10 10 10 10 10 8 10 10 8 2 8 10 10 2
left_child=4 2 -2 -4 18 6 -6 8 9 -7 11 12 -11 -13 19 -16 -14 26 -1 20 -3 -5 24 -24 -23 -26 -9 -28 29 -12
right_child=1 14 3 21 5 7 -8 17 -10 10 28 13 16 -15 15 -17 -18 -19 -20 -21 -22 22 23 -25 25 -27 27 -29 -30 -31
leaf_value=-0.01006804216396192 0.037037352394627437 0.0036455210680778724 -0.032156963824166045 -0.016062933621546312 -0.022646277254181245 -0.053924238187074661 0.071093076780370829 -0.00056850945019201998 0.024071734890341756 0.046971386216762584 -0.016125031807671556 -0.042311955397116373 -0.026673317799604562 -0.0084649926779290785 0.049923136631492525 0.011000637175837604 0.016794483014848084 -0.0060170926001006366 -0.049345990648227075 0.010000008796322846 -0.012796949487489958 0.031289297651226927 -0.044234219005002698 0.0031624130904674527 -0.01373258049096565 0.0035392780338588635 0.042723522695075525 -1.6114324694726525e-06 -0.010415421535863594 -0.055671302361387599
leaf_weight=58 71 1631 116 161 42 75 62 432 60 41 44 47 43 383 40 644 40 1356 42 802 180 41 51 48 161 768 57 82 51 71
leaf_count=58 71 1631 116 161 42 75 62 432 60 41 44 47 43 383 40 644 40 1356 42 802 180 41 51 48 161 768 57 82 51 71
internal_value=-2.84545e-12 0.00355176 -0.0028234 -0.00492601 -0.00560716 -0.00488098 0.0332368 -0.00630594 -0.0135362 -0.0163746 -0.0124631 -0.00682329 0.0116988 -0.0121645 0.0062917 0.0132768 -0.00572498 -0.00309791 -0.0265648 0.00446322 0.00201126 -0.00235789 -0.000293796 -0.021254 0.00184544 0.000545985 0.00383452 0.0175188 -0.0312852 -0.0405406
internal_weight=7700 4714 1417 1346 2986 2886 104 2782 855 795 720 554 124 430 3297 684 83 1927 100 2613 1811 1230 1069 99 970 929 571 139 166 115
internal_count=7700 4714 1417 1346 2986 2886 104 2782 855 795 720 554 124 430 3297 684 83 1927 100 2613 1811 1230 1069 99 970 929 571 139 166 115
is_linear=0
shrinkage=0.03


Tree=33
num_leaves=31
num_cat=0
split_feature=9 6 6 4 1 2 13 3 4 1 11 11 4 9 11 6 10 3 1 9 8 9 10 6 10 3 8 11 5 0
split_gain=161.936 77.6385 83.7247 75.1616 75.1722 62.9785 95.3616 88.8584 65.4614 62.2353 65.0294 58.234 65.9751 54.8255 50.5769 50.2457 60.5437 46.2926 43.359 41.5619 57.4711 70.8722 39.2758 75.7304 47.9692 39.9013 36.7913 42.1726 35.1043 34.1949
threshold=6.9095561622628106 1.5227272510528567 4.2365870475769052 5.0799036026000985 4.6385731697082528 8.7729196548461932 26.500000000000004 8.140632629394533 11.456199645996096 2.9888888597488408 7.1905394640606728 7.1339807573669374 7.4133818149566659 7.6875105112680808 7.1631606930250777 33.449701309204109 7.1984916930509621 6.0751092433929452 8.0157728195190447 7.8536972246105341 62.500000000000007 6.9841677801113908 7.2362500394567233 16.964285850524906 7.2562120186317243 6.6690776348114023 54.500000000000007 7.1794748143440641 6.872115135192872 6.2714989185333261
decision_type=10 8 8 8 10 10 2 10 8 8 8 10 10 10 10 10 10 10 8 10 2 10 8 10 10 10 2 10 10 10
left_child=1 -1 -3 4 -2 6 -5 -7 13 -4 11 12 -11 -9 -10 16 18 -12 26 20 22 -22 23 -8 25 -24 27 -13 -19 -17
right_child=3 2 9 5 -6 7 19 8 14 10 17 15 -14 -15 -16 29 -18 28 -20 -21 21 -23 24 -25 -26 -27 -28 -29 -30 -31
leaf_value=0.029402280272915957 0.0075009275861084466 -0.045386496528983113 0.025380459081042896 -0.03962551380041987 -0.038419954285098167 0.05607586825825274 -0.041345688408734843 0.026358031314202422 0.010405652518384158 -0.0016240947944005436 0.039327186127858502 -0.012470911746019159 0.039220390129834415 0.0053181364087793153 -0.035719489396104344 -0.011620171567226978 -0.0049885618947228061 -0.019028124069528918 -0.04169607656923207 0.01060309822216249 0.041013777925043689 0.0044733901536224089 0.042307450600513594 -0.0033445069519721263 -0.0024403454473870523 0.0095143487259435142 -0.038912553872913126 -0.04159555541817099 0.017395366261628541 0.0032798609543955447
leaf_weight=54 55 50 55 48 77 40 49 194 40 323 42 660 40 262 46 235 480 42 66 550 49 1906 41 1283 332 180 60 48 55 338
leaf_count=54 55 50 55 48 77 40 49 194 40 323 42 660 40 262 46 235 480 42 66 550 49 1906 41 1283 332 180 60 48 55 338
internal_value=-3.14217e-11 -0.00618637 -0.00695694 0.00305956 -0.0192863 0.00364714 0.0024303 0.0129261 0.00974159 -0.00617073 -0.00689711 -0.00812734 0.00287667 0.0142693 -0.0142659 -0.0102442 -0.0134769 0.0130166 -0.0183622 0.00289014 0.00178542 0.00538924 -0.00195223 -0.00474245 0.00476852 0.0155981 -0.016357 -0.0144455 0.00162437 -0.00283097
internal_weight=7700 2548 2494 5152 132 5020 4438 582 542 2444 2389 2250 363 456 86 1887 1314 139 834 4390 3840 1955 1885 1332 553 221 768 708 97 573
internal_count=7700 2548 2494 5152 132 5020 4438 582 542 2444 2389 2250 363 456 86 1887 1314 139 834 4390 3840 1955 1885 1332 553 221 768 708 97 573
is_linear=0
shrinkage=0.03


Tree=34
num_leaves=31
num_cat=0
split_feature=2 13 1 0 3 2 12 13 6 1 4 10 4 3 0 10 4 0 6 5 4 4 6 2 5 0 1 6 9 5
split_gain=153.294 82.8659 125.02 96.8657 48.2683 207.75 149.277 63.0428 86.8376 87.1267 56.9125 55.1817 42.4605 59.8645 42.2623 41.8504 39.8656 38.1627 37.8927 36.4258 46.426 36.2804 73.7508 35.9944 35.4702 50.1379 42.4824 46.1897 43.2992 40.9152
threshold=6.8757255077362069 570.50000000000011 6.1753883361816415 5.3371212482452401 3.8480532169342045 4.236283779144288 6.6292779952986178 4.5000000000000009 27.918060302734379 4.2329592704772958 7.9117963314056405 7.1399917201624463 8.3388848304748553 7.550384759902955 5.6769449710845956 7.1380912967195469 1.9339538812637331 3.8060035705566411 27.18347263336182 7.7602655887603769 7.9898092746734628 7.1571640968322763 31.976637840271 6.0641956329345712 6.8070168495178232 12.679487228393556 8.0329709053039569 10.612500190734865 9.3205361746004503 6.9794607162475595
decision_type=8 2 8 8 10 10 10 2 10 10 8 10 10 10 10 10 10 10 10 10 10 8 10 10 8 10 8 8 8 10
left_child=4 2 -2 -4 -1 6 -6 -7 9 -9 18 -12 19 -14 -13 21 23 -18 -11 20 -3 -10 -23 -17 -5 26 29 -28 -29 -26
right_child=1 12 3 24 5 7 -8 8 15 10 11 14 13 -15 -16 16 17 -19 -20 -21 -22 22 -24 -25 25 -27 27 28 -30 -31
leaf_value=-0.02312483098784476 0.036100593923892775 0.0034732039609083427 -0.030951297474414882 -0.015400740066138298 0.002515388482383319 0.02532231593455531 0.082986602314361696 -0.047335601419570807 -0.00049124637786816382 -0.0051139807085470758 -0.050707986940771846 0.0092846132006223613 0.048242242086678745 0.010418799709959277 -0.030233044587075712 -0.0012375119375064969 0.022221190217644609 -0.0053488399206169969 -0.03322874732791109 0.0095572879612143904 -0.012581333140376955 0.044068451804373493 -0.0010594534417614342 -0.034022132538224538 0.02291851110259692 -0.026480220835055072 0.038727492425590752 0.0099805962322362229 -0.013225699305210423 -0.0069696406540299656
leaf_weight=131 71 1631 116 161 42 57 41 68 432 526 59 41 40 644 60 48 47 1171 47 802 180 55 80 81 45 62 40 339 92 491
leaf_count=131 71 1631 116 161 42 57 41 68 432 526 59 41 40 644 60 48 47 1171 47 802 180 55 80 81 45 62 40 339 92 491
internal_value=-2.2861e-11 0.0033689 -0.00269831 -0.00474491 -0.00531848 -0.00450145 0.0422662 -0.00590178 -0.00655731 -0.0148509 -0.0118374 -0.0276568 0.00597649 0.0126307 -0.0141912 -0.00308647 -0.00596458 -0.00428497 -0.00742008 0.00423463 0.0018775 0.00375095 0.017326 -0.0218232 -0.00227341 -0.00029633 0.00131579 0.00788908 0.00502705 -0.00446037
internal_weight=7700 4714 1417 1346 2986 2855 83 2772 2715 801 733 160 3297 684 101 1914 1347 1218 573 2613 1811 567 135 129 1230 1069 1007 471 431 536
internal_count=7700 4714 1417 1346 2986 2855 83 2772 2715 801 733 160 3297 684 101 1914 1347 1218 573 2613 1811 567 135 129 1230 1069 1007 471 431 536
is_linear=0
shrinkage=0.03


Tree=35
num_leaves=31
num_cat=0
split_feature=5 8 10 10 2 8 12 9 11 1 1 10 0 8 6 8 5 5 2 3 13 6 4 1 2 2 6 11 8 10
split_gain=146.67 63.4737 57.5724 63.9608 63.6308 64.9882 62.4624 59.7526 54.0638 75.3974 67.9616 42.7452 48.697 36.661 37.0457 34.5244 42.6367 43.2952 41.0666 41.408 37.4786 32.9797 48.6583 32.1356 31.4238 30.5703 46.4807 42.6377 65.5474 34.248
threshold=7.2997682094573983 64.500000000000014 7.0604974392276132 7.2017724873546003 8.2208604812622088 29.500000000000004 7.4729851453499183 7.3432594417077182 7.1442863012408129 5.8285505771636972 6.509946584701539 7.402039098823173 3.3570262193679814 23.500000000000004 33.954015731811531 29.500000000000004 6.8070168495178232 6.224802017211915 6.2251551151275644 6.6411366462707528 764.50000000000011 37.671079635620124 8.9503068923950213 4.6385731697082528 6.417769432067872 8.2208604812622088 20.405881881713871 7.1659412628095822 2.5000000000000004 7.2353715155603187
decision_type=8 2 8 10 10 2 10 10 10 10 10 10 8 2 10 2 10 10 10 10 2 10 8 10 10 8 10 10 2 8
left_child=1 2 -1 4 6 -6 7 13 10 -10 -3 12 -2 -4 15 24 17 -17 -18 -20 -19 25 -23 -5 -15 29 27 28 -27 -14
right_child=11 8 3 23 5 -7 -8 -9 9 -11 -12 -13 21 14 -16 16 18 20 19 -21 -22 22 -24 -25 -26 26 -28 -29 -30 -31
leaf_value=0.023541554712915212 -0.029149791788309811 0.052790692212491677 -0.014286716939345322 0.021916663828221234 0.043575294915586704 -0.0095514446639910679 0.024988210544336673 -0.038778364073485137 -0.025398520186148667 0.0038555796044466542 0.0069268190568778669 0.029090777377246833 -0.00059760812833306142 -0.0081713014458747284 0.0045251126428204483 0.0012787423613998623 0.020520106115727684 -0.012715805013085136 -0.036327432625558834 -0.0021270906250560428 -0.040278474431031858 0.0088387442551515101 0.043732443893464597 -0.0016818079180653752 0.022269836080753627 0.030558021747890639 0.01047840378681773 -0.022088374036801865 -0.019117599149545032 0.008079634358106309
leaf_weight=58 40 41 1031 55 40 43 43 70 92 574 100 61 1822 76 227 54 48 74 43 123 111 293 41 932 51 51 850 83 45 528
leaf_count=58 40 41 1031 55 40 43 43 70 92 574 100 61 1822 76 227 54 48 74 43 123 111 293 41 932 51 51 850 83 45 528
internal_value=-4.25622e-11 -0.00410191 -0.00606481 -0.00663322 -0.00967401 0.0160518 -0.0107684 -0.0115743 0.00338729 -0.000185527 0.0202631 0.00417934 0.00377444 -0.0105382 -0.00574923 -0.0097704 -0.0136459 -0.0223549 -0.00391938 -0.0109862 -0.0292534 0.00412913 0.0131221 -0.000366797 0.00405309 0.00324021 0.00755245 -0.00634172 0.00727257 0.001352
internal_weight=7700 3886 3079 3021 2034 83 1951 1908 807 666 141 3814 3753 1838 807 580 453 239 214 166 185 3713 334 987 127 3379 1029 179 96 2350
internal_count=7700 3886 3079 3021 2034 83 1951 1908 807 666 141 3814 3753 1838 807 580 453 239 214 166 185 3713 334 987 127 3379 1029 179 96 2350
is_linear=0
shrinkage=0.03


Tree=36
num_leaves=31
num_cat=0
split_feature=12 5 3 1 6 11 13 6 10 4 5 11 6 4 5 4 4 1 0 10 12 2 3 0 6 0 12 12 13 2
split_gain=138.464 79.9458 72.0845 69.5447 91.4683 63.6667 79.5448 74.5379 58.3822 55.641 48.2956 44.0437 43.4287 41.8574 76.9442 54.8086 38.2491 38.2001 47.6286 38.0307 40.6168 37.4221 37.7274 69.4836 56.2516 53.3249 40.2769 108.5 39.8714 70.8686
threshold=7.2727200638028426 6.3717892169952401 4.040947914123536 4.6385731697082528 3.4510357379913335 7.1869373108193164 53.500000000000007 20.618503570556644 7.2631599735539334 7.6375467777252206 6.2067224979400644 7.2011806169702934 32.806346893310554 7.4913146495819101 6.6338877677917489 9.7142453193664569 7.1057450771331796 5.8285505771636972 4.8823077678680429 7.0878489205920632 5.8607417441106424 7.4318351745605478 6.8369793891906747 5.6988370418548593 29.286925315856937 5.5763401985168466 7.0042906415570432 7.0642690115608771 882.50000000000011 6.6758427619934091
decision_type=8 8 10 8 8 10 2 10 10 8 10 10 10 10 10 10 8 10 10 8 10 10 10 8 10 10 10 10 2 10
left_child=1 9 -3 -2 -5 6 7 -4 11 10 19 -7 -12 21 -15 -16 -9 18 -11 -1 -21 22 23 25 -25 26 28 -28 29 -8
right_child=3 2 5 4 -6 8 13 16 -10 17 12 -13 -14 14 15 -17 -18 -19 -20 20 -22 -23 -24 24 -26 -27 27 -29 -30 -31
leaf_value=0.023656115033772102 0.043369602055129838 0.027756221640855071 -0.046994242817163467 -0.038423221429189046 0.0046380522443882641 0.054297045313003583 0.017602921581793839 -0.023728985628113149 -0.006838498970066182 -0.031533774344134145 -0.031256776555191448 0.01395514371432364 0.00023393084198750297 0.043923157666410716 0.0045895721571629538 -0.027211575472270544 0.014046494409441949 -0.041293757349718359 0.0073285686619141525 -0.022774565499275923 -0.0019327312239444294 -0.012952903456301713 0.0040056579620801709 -0.027017840811381151 -0.0067789492985720328 0.03296781345270574 0.051092272091899878 -0.0024109773617237806 -0.016245194295679645 -0.025966159040108322
leaf_weight=43 41 75 69 45 3305 41 112 52 61 64 123 60 58 42 612 53 45 80 51 102 481 343 602 161 532 48 46 132 173 48
leaf_count=43 41 75 69 45 3305 41 112 52 61 64 123 60 58 42 612 53 45 80 51 102 481 343 602 161 532 48 46 132 173 48
internal_value=-2.81369e-11 -0.00356878 -0.00131948 0.00453491 0.00405962 -0.00199419 -0.00296142 -0.0231591 0.0163354 -0.0109924 -0.00751729 0.0303316 -0.0211658 -0.00180687 0.00454226 0.00205504 -0.00620428 -0.0253739 -0.0142992 -0.00357098 -0.00557916 -0.00385004 -0.00216596 -0.00513346 -0.0114809 0.00273557 -0.00010425 0.0114157 -0.00626206 0.0045322
internal_weight=7700 4309 3307 3391 3350 3232 3070 166 162 1002 807 101 181 2904 707 665 97 195 115 626 583 2197 1854 1252 693 559 511 178 333 160
internal_count=7700 4309 3307 3391 3350 3232 3070 166 162 1002 807 101 181 2904 707 665 97 195 115 626 583 2197 1854 1252 693 559 511 178 333 160
is_linear=0
shrinkage=0.03


Tree=37
num_leaves=31
num_cat=0
split_feature=2 13 1 0 3 3 13 4 6 1 11 11 4 3 9 9 1 6 13 11 0 1 9 6 10 11 4 6 0 11
split_gain=132.264 74.3573 118.253 87.9282 45.328 160.779 73.3763 75.2862 47.5806 42.0425 62.5657 40.2577 38.2561 56.4787 36.0345 34.3083 44.7286 55.7967 58.0956 41.1827 34.0207 62.1495 33.5476 48.0061 33.5076 56.6245 60.8433 63.8962 98.0605 56.293
threshold=6.8757255077362069 570.50000000000011 6.1753883361816415 5.3371212482452401 3.6199640035629277 4.040947914123536 4.5000000000000009 5.2622158527374276 28.623975753784183 4.6385731697082528 7.1742190703972266 7.1613399245349969 8.3388848304748553 7.550384759902955 7.916236564745545 5.2479537644486109 4.2329592704772958 26.363315582275394 444.50000000000006 7.1522522270826459 6.6074929237365732 6.2537856101989755 7.8016052119837003 29.52506256103516 7.1400567921060452 7.1639644400981295 7.3847835063934335 24.011628150939945 8.7320513725280779 7.1321847056957317
decision_type=8 2 8 8 10 10 2 10 10 10 10 10 10 10 10 10 10 10 2 10 10 10 10 10 10 10 8 8 10 8
left_child=4 2 -2 -4 11 -6 -7 8 15 -10 20 -1 22 -14 -9 -8 -17 18 19 -18 21 -11 -3 -24 29 26 -26 28 -28 -5
right_child=1 12 3 24 5 6 7 14 9 10 -12 -13 13 -15 -16 16 17 -19 -20 -21 -22 -23 23 -25 25 -27 27 -29 -30 -31
leaf_value=-0.0085991367845442788 0.035116246026095407 0.0027011616467643761 -0.029576578587373909 0.0026775921300185969 0.04353640936795742 0.027520268365740775 -0.00058372733642398896 -0.0038394386929729183 0.019804673882082423 -0.0086234639260424854 -0.043182737688223519 -0.047165369838476176 0.046505384497228075 0.0097671209129263342 0.023596618164288385 -0.050454207690138565 -0.046426563189954174 -0.048596981185324052 0.010511760330728946 -0.010871677870721849 -0.02172350497697206 0.034737266323396139 0.029475106278534488 0.0046219785561287165 -0.013418436930195926 -0.0053561192450030546 0.072258357638266019 0.0067955885634741232 0.0093802284327696769 -0.019217281406255143
leaf_weight=58 71 2304 116 197 62 60 54 2070 47 102 45 42 40 644 44 57 49 51 62 73 68 42 107 202 73 471 41 171 49 228
leaf_count=58 71 2304 116 197 62 60 54 2070 47 102 45 42 40 644 44 57 49 51 62 73 68 42 107 202 73 471 41 171 49 228
internal_value=4.14341e-12 0.0031293 -0.00261799 -0.00460843 -0.00494022 -0.00425218 -0.00530137 -0.00601385 -0.0149429 -0.00628365 -0.0110547 -0.024797 0.00559939 0.0119156 -0.00326839 -0.022551 -0.0266135 -0.0208309 -0.0131348 -0.0251519 -0.00423503 0.00402342 0.00394602 0.0132281 -0.00225371 0.00134409 0.0107926 0.0175643 0.0380247 -0.00906836
internal_weight=7700 4714 1417 1346 2986 2886 2824 2764 650 304 257 100 3297 684 2114 346 292 235 184 122 212 144 2613 309 1230 805 334 261 90 425
internal_count=7700 4714 1417 1346 2986 2886 2824 2764 650 304 257 100 3297 684 2114 346 292 235 184 122 212 144 2613 309 1230 805 334 261 90 425
is_linear=0
shrinkage=0.03


Tree=38
num_leaves=31
num_cat=0
split_feature=12 6 10 10 1 13 6 0 0 1 2 2 4 0 4 13 6 11 12 10 10 11 4 1 0 1 6 8 6 4
split_gain=125.14 83.4271 78.8763 114.759 57.4547 63.1795 54.4415 53.7192 65.1381 64.0202 53.7842 63.4867 90.2864 61.5701 44.5383 43.5098 43.119 47.5717 42.5255 85.5147 54.2334 41.022 39.5522 59.4428 59.1832 61.9669 66.41 189.833 42.2937 43.0322
threshold=7.372565371019399 31.28828048706055 7.1850886479861442 7.1866302362728112 5.0337209701538095 170.50000000000003 32.116514205932624 4.9635276794433603 5.168238878250123 9.7092781066894549 6.6036381721496591 5.6304037570953378 6.1073369979858407 2.0499999523162846 15.449999809265138 53.500000000000007 11.694444656372072 7.160485978758711 7.0852959049778201 7.1329248013508968 7.1325894525896265 7.1321847056957317 3.734464287757874 4.6385731697082528 6.2110323905944833 8.6840949058532733 31.144155502319339 5.5000000000000009 18.017241477966312 6.9947431087493905
decision_type=8 10 10 10 10 2 10 8 8 10 10 10 8 10 8 2 8 10 10 10 10 10 8 8 8 10 8 2 10 8
left_child=1 2 7 -4 -2 6 14 10 -9 16 11 13 -13 -1 15 -6 -10 18 20 21 -18 -20 -5 -24 28 26 27 -26 -25 -30
right_child=4 -3 3 22 5 -7 -8 8 9 -11 -12 12 -14 -15 -16 -17 17 -19 19 -21 -22 -23 23 24 25 -27 -28 -29 29 -31
leaf_value=-0.0048108599374869039 0.040206102560751321 0.0009746247736588232 0.036971336972454319 -0.032333977784961457 0.0090163419773251416 0.006068051252317525 0.013910316198657537 0.027755524397573689 -0.032315175256019908 0.027199852379356942 -0.047017447351798664 0.038612797139212486 -0.022130641593426769 -0.037618179621553061 -0.041318057943945344 -0.019325477300068505 -0.0032142676171664705 -0.016940880167511836 0.017119723808552537 0.037933166816830635 -0.033471828801140406 -0.020284035419389394 0.027512776828531562 -0.038837487906204393 0.069752196766609362 -0.028696593166543886 -0.024394916470505689 0.0029895492008934718 0.00013150589018585577 -0.026075052019124002
leaf_weight=84 41 2419 69 40 78 2507 79 44 79 41 61 40 49 133 46 130 261 398 42 60 67 71 58 53 43 52 57 353 157 88
leaf_count=84 41 2419 69 40 78 2507 79 44 79 41 61 40 49 133 46 130 261 398 42 60 67 71 58 53 43 52 57 353 157 88
internal_value=-2.45542e-11 -0.00295711 -0.00691997 -0.000316514 0.0049463 0.00443727 -0.0078401 -0.0113992 -0.00798271 -0.00952587 -0.0212951 -0.0161674 0.00516978 -0.0249186 -0.014605 -0.0086973 -0.0110655 -0.00919817 -0.00304727 0.00898758 -0.00939493 -0.00638175 -0.00317208 -0.00181728 -0.00393577 0.00232064 0.00588111 0.010239 -0.0145381 -0.00928146
internal_weight=7700 4819 2400 970 2881 2840 333 1430 1063 1019 367 306 89 217 254 208 978 899 501 173 328 113 901 861 803 505 453 396 298 245
internal_count=7700 4819 2400 970 2881 2840 333 1430 1063 1019 367 306 89 217 254 208 978 899 501 173 328 113 901 861 803 505 453 396 298 245
is_linear=0
shrinkage=0.03


end of trees

feature_importances:
player_pass_attempts_career_prior=158
player_yards_per_attempt_season_to_date=140
eff_position_prior_rate=106
eff_player_prior_exposure=106
eff_league_prior_rate=99
player_yards_per_attempt_roll5_mean=93
player_yards_per_attempt_roll3_mean=81
eff_player_prior_rate=76
player_yards_per_attempt_ewm5=74
eff_shrunk_rate=74
player_yards_per_attempt_lag1=64
player_yards_per_attempt_career_prior=63
history_history_games=36

parameters:
[boosting: gbdt]
[objective: regression]
[metric: rmse]
[tree_learner: serial]
[device_type: cpu]
[data_sample_strategy: bagging]
[data: ]
[valid: ]
[num_iterations: 39]
[learning_rate: 0.03]
[num_leaves: 31]
[num_threads: 1]
[seed: 24024]
[deterministic: 1]
[force_col_wise: 1]
[force_row_wise: 0]
[histogram_pool_size: -1]
[max_depth: -1]
[min_data_in_leaf: 40]
[min_sum_hessian_in_leaf: 0.001]
[bagging_fraction: 1]
[pos_bagging_fraction: 1]
[neg_bagging_fraction: 1]
[bagging_freq: 0]
[bagging_seed: 24024]
[bagging_by_query: 0]
[feature_fraction: 1]
[feature_fraction_bynode: 1]
[feature_fraction_seed: 24024]
[extra_trees: 0]
[extra_seed: 8483]
[early_stopping_round: 0]
[early_stopping_min_delta: 0]
[first_metric_only: 0]
[max_delta_step: 0]
[lambda_l1: 0]
[lambda_l2: 0]
[linear_lambda: 0]
[min_gain_to_split: 0]
[drop_rate: 0.1]
[max_drop: 50]
[skip_drop: 0.5]
[xgboost_dart_mode: 0]
[uniform_drop: 0]
[drop_seed: 27597]
[top_rate: 0.2]
[other_rate: 0.1]
[min_data_per_group: 100]
[max_cat_threshold: 32]
[cat_l2: 10]
[cat_smooth: 10]
[max_cat_to_onehot: 4]
[top_k: 20]
[monotone_constraints: ]
[monotone_constraints_method: basic]
[monotone_penalty: 0]
[feature_contri: ]
[forcedsplits_filename: ]
[refit_decay_rate: 0.9]
[cegb_tradeoff: 1]
[cegb_penalty_split: 0]
[cegb_penalty_feature_lazy: ]
[cegb_penalty_feature_coupled: ]
[path_smooth: 0]
[interaction_constraints: ]
[verbosity: -1]
[saved_feature_importance_type: 0]
[use_quantized_grad: 0]
[num_grad_quant_bins: 4]
[quant_train_renew_leaf: 0]
[stochastic_rounding: 1]
[linear_tree: 0]
[max_bin: 255]
[max_bin_by_feature: ]
[min_data_in_bin: 3]
[bin_construct_sample_cnt: 200000]
[data_random_seed: 24024]
[is_enable_sparse: 1]
[enable_bundle: 1]
[use_missing: 1]
[zero_as_missing: 0]
[feature_pre_filter: 1]
[pre_partition: 0]
[two_round: 0]
[header: 0]
[label_column: ]
[weight_column: ]
[group_column: ]
[ignore_column: ]
[categorical_feature: ]
[forcedbins_filename: ]
[precise_float_parser: 0]
[parser_config_file: ]
[objective_seed: 14575]
[num_class: 1]
[is_unbalance: 0]
[scale_pos_weight: 1]
[sigmoid: 1]
[boost_from_average: 1]
[reg_sqrt: 0]
[alpha: 0.9]
[fair_c: 1]
[poisson_max_delta_step: 0.7]
[tweedie_variance_power: 1.5]
[lambdarank_truncation_level: 30]
[lambdarank_norm: 1]
[label_gain: ]
[lambdarank_position_bias_regularization: 0]
[eval_at: ]
[multi_error_top_k: 1]
[auc_mu_weights: ]
[num_machines: 1]
[local_listen_port: 12400]
[time_out: 120]
[machine_list_filename: ]
[machines: ]
[gpu_platform_id: -1]
[gpu_device_id: -1]
[gpu_use_dp: 0]
[num_gpu: 1]

end of parameters

pandas_categorical:[]
