bets,wins,losses,pushes,win_rate,units,roi,avg_edge,median_edge,avg_odds
272,171,101,0,0.6286764705882353,30.711865915063566,0.11291127174655723,0.028462204733969355,0.05551999999999985,-109.30147058823529
