market_type,side_group,bets,wins,losses,pushes,units,avg_edge,median_edge,avg_odds,win_rate,roi
moneyline,AWAY,4,4,0,0,2.2915134781645663,0.024274751046950475,0.025237848977369852,-176.5,1.0,0.5728783695411416
moneyline,HOME,20,16,4,0,7.172205109260405,0.016976167685182043,0.01678571428571425,-133.95,0.8,0.3586102554630203
puck_line,AWAY,61,50,11,0,14.18165329841788,0.04034498649211525,0.0369119638565531,-194.9672131147541,0.819672131147541,0.23248611964619476
puck_line,HOME,20,15,5,0,2.340777366061272,0.046560009956561794,0.040931097333852196,-210.15,0.75,0.1170388683030636
total,OVER,27,21,6,0,11.301111990316105,0.052056868665825005,0.0332966814928656,-124.74074074074075,0.7777777777777778,0.41855970334504095
total,UNDER,117,86,31,0,42.70546793877806,0.05475047970022842,0.0436532374229019,-117.71794871794872,0.7350427350427351,0.3650039994767355
