bets,wins,losses,pushes,win_rate,units,roi,avg_edge,median_edge,avg_odds
249,192,57,0,0.7710843373493976,79.99272918099828,0.32125594048593686,0.0467478245459667,0.0358463756265292,-147.07630522088354
