rule_id,active,pipeline_supported,unsupported_reason,family,family_eligibility_code,family_selected_side_code,family_selected_probability_code,totals_direction,test,source_condition,condition_count,condition_1_test_feature,condition_1_feature_code,condition_1_formula_code,condition_1_source_paths,condition_1_source_columns,condition_1_match_type,condition_1_min_inclusive,condition_1_max_exclusive,condition_1_equals_value,condition_1_null_required,condition_1_source_bucket_label,condition_2_test_feature,condition_2_feature_code,condition_2_formula_code,condition_2_source_paths,condition_2_source_columns,condition_2_match_type,condition_2_min_inclusive,condition_2_max_exclusive,condition_2_equals_value,condition_2_null_required,condition_2_source_bucket_label,games,hits,totals_losses,historical_hit_rate_pct,wilson95_low_pct,wilson95_high_pct,family_baseline_hit_pct,lift_vs_family_pct_points,eligible_seasons,season_consistency_pct,forward_checks,forward_successes,forward_success_pct,action_direction,action_strength_abs_lift_pp,source_file
HTE0001,1,1,,ALL3_CONSENSUS,DRAT_PICK_EQUALS_EPRED_PICK_EQUALS_MARKET_PICK,DRAT_EPRED_MARKET_SHARED_SIDE,MEAN_DRAT_EPRED_MARKET_SELECTED_PROB,Over,WeekBucket + ProbBucket,WeekBucket=Weeks 1-3 | ProbBucket=60-64.9%,2,WeekBucket,WEEK,RAW_WEEK,SCHEDULE,SCHEDULE.week,NUMERIC_RANGE,1,4,,0,Weeks 1-3,ProbBucket,FAMILY_SELECTED_PROB,USE_FAMILY_SELECTED_PROB,FAMILY_DEPENDENT,DRAT.home_prob|DRAT.away_prob|EPRED.home_prob|EPRED.away_prob|DRAT.moneyline_home|DRAT.moneyline_away|SCHEDULE.home_spread|SCHEDULE.away_spread,NUMERIC_RANGE,0.6,0.65,,0,60-64.9%,62,21,41,33.87,23.34,46.28,49.44,-15.57,5,80.0,3,2,66.67,NEGATIVE,15.57,totals_actionable_findings.csv
HTE0002,1,1,,ALL3_CONSENSUS,DRAT_PICK_EQUALS_EPRED_PICK_EQUALS_MARKET_PICK,DRAT_EPRED_MARKET_SHARED_SIDE,MEAN_DRAT_EPRED_MARKET_SELECTED_PROB,Under,WeekBucket + ProbBucket,WeekBucket=Weeks 1-3 | ProbBucket=60-64.9%,2,WeekBucket,WEEK,RAW_WEEK,SCHEDULE,SCHEDULE.week,NUMERIC_RANGE,1,4,,0,Weeks 1-3,ProbBucket,FAMILY_SELECTED_PROB,USE_FAMILY_SELECTED_PROB,FAMILY_DEPENDENT,DRAT.home_prob|DRAT.away_prob|EPRED.home_prob|EPRED.away_prob|DRAT.moneyline_home|DRAT.moneyline_away|SCHEDULE.home_spread|SCHEDULE.away_spread,NUMERIC_RANGE,0.6,0.65,,0,60-64.9%,62,41,21,66.13,53.72,76.66,50.56,15.57,5,80.0,3,2,66.67,POSITIVE,15.57,totals_actionable_findings.csv
HTE0003,1,1,,DRAT,DRAT_AVAILABLE,DRAT_MAX_PROB_SIDE,DRAT_MAX_PROB,Over,RatingGapBucket + SpreadBucket,RatingGapBucket=6 to 9.9 | SpreadBucket=Fav -7 to -9.5,2,RatingGapBucket,SELECTED_EPRED_RATING_GAP,EPRED_RATING_SELECTED_MINUS_OPPONENT,EPRED,EPRED.home_rating|EPRED.away_rating,NUMERIC_RANGE,6,10,,0,6 to 9.9,SpreadBucket,SELECTED_SPREAD,SPREAD_FOR_FAMILY_SELECTED_SIDE,SCHEDULE,SCHEDULE.home_spread|SCHEDULE.away_spread,NUMERIC_RANGE,-10,-7,,0,Fav -7 to -9.5,64,41,23,64.06,51.82,74.71,48.52,15.54,5,100.0,3,3,100.0,POSITIVE,15.54,totals_actionable_findings.csv
HTE0004,1,1,,DRAT,DRAT_AVAILABLE,DRAT_MAX_PROB_SIDE,DRAT_MAX_PROB,Under,RatingGapBucket + SpreadBucket,RatingGapBucket=6 to 9.9 | SpreadBucket=Fav -7 to -9.5,2,RatingGapBucket,SELECTED_EPRED_RATING_GAP,EPRED_RATING_SELECTED_MINUS_OPPONENT,EPRED,EPRED.home_rating|EPRED.away_rating,NUMERIC_RANGE,6,10,,0,6 to 9.9,SpreadBucket,SELECTED_SPREAD,SPREAD_FOR_FAMILY_SELECTED_SIDE,SCHEDULE,SCHEDULE.home_spread|SCHEDULE.away_spread,NUMERIC_RANGE,-10,-7,,0,Fav -7 to -9.5,64,23,41,35.94,25.29,48.18,51.48,-15.54,5,100.0,3,3,100.0,NEGATIVE,15.54,totals_actionable_findings.csv
HTE0005,1,1,,EPRED,EPRED_AVAILABLE,EPRED_NORMALIZED_MAX_PROB_SIDE,EPRED_NORMALIZED_MAX_PROB,Over,RatingGapBucket + SpreadBucket,RatingGapBucket=6 to 9.9 | SpreadBucket=Fav -7 to -9.5,2,RatingGapBucket,SELECTED_EPRED_RATING_GAP,EPRED_RATING_SELECTED_MINUS_OPPONENT,EPRED,EPRED.home_rating|EPRED.away_rating,NUMERIC_RANGE,6,10,,0,6 to 9.9,SpreadBucket,SELECTED_SPREAD,SPREAD_FOR_FAMILY_SELECTED_SIDE,SCHEDULE,SCHEDULE.home_spread|SCHEDULE.away_spread,NUMERIC_RANGE,-10,-7,,0,Fav -7 to -9.5,64,41,23,64.06,51.82,74.71,48.52,15.54,5,100.0,3,3,100.0,POSITIVE,15.54,totals_actionable_findings.csv
HTE0006,1,1,,EPRED,EPRED_AVAILABLE,EPRED_NORMALIZED_MAX_PROB_SIDE,EPRED_NORMALIZED_MAX_PROB,Under,RatingGapBucket + SpreadBucket,RatingGapBucket=6 to 9.9 | SpreadBucket=Fav -7 to -9.5,2,RatingGapBucket,SELECTED_EPRED_RATING_GAP,EPRED_RATING_SELECTED_MINUS_OPPONENT,EPRED,EPRED.home_rating|EPRED.away_rating,NUMERIC_RANGE,6,10,,0,6 to 9.9,SpreadBucket,SELECTED_SPREAD,SPREAD_FOR_FAMILY_SELECTED_SIDE,SCHEDULE,SCHEDULE.home_spread|SCHEDULE.away_spread,NUMERIC_RANGE,-10,-7,,0,Fav -7 to -9.5,64,23,41,35.94,25.29,48.18,51.48,-15.54,5,100.0,3,3,100.0,NEGATIVE,15.54,totals_actionable_findings.csv
HTE0007,1,1,,MARKET,MARKET_AVAILABLE,MARKET_NOVIG_SIDE_ELSE_SPREAD_SIDE,MARKET_NOVIG_SELECTED_PROB,Over,RatingGapBucket + SpreadBucket,RatingGapBucket=6 to 9.9 | SpreadBucket=Fav -7 to -9.5,2,RatingGapBucket,SELECTED_EPRED_RATING_GAP,EPRED_RATING_SELECTED_MINUS_OPPONENT,EPRED,EPRED.home_rating|EPRED.away_rating,NUMERIC_RANGE,6,10,,0,6 to 9.9,SpreadBucket,SELECTED_SPREAD,SPREAD_FOR_FAMILY_SELECTED_SIDE,SCHEDULE,SCHEDULE.home_spread|SCHEDULE.away_spread,NUMERIC_RANGE,-10,-7,,0,Fav -7 to -9.5,64,41,23,64.06,51.82,74.71,48.52,15.54,5,100.0,3,3,100.0,POSITIVE,15.54,totals_actionable_findings.csv
HTE0008,1,1,,MARKET,MARKET_AVAILABLE,MARKET_NOVIG_SIDE_ELSE_SPREAD_SIDE,MARKET_NOVIG_SELECTED_PROB,Under,RatingGapBucket + SpreadBucket,RatingGapBucket=6 to 9.9 | SpreadBucket=Fav -7 to -9.5,2,RatingGapBucket,SELECTED_EPRED_RATING_GAP,EPRED_RATING_SELECTED_MINUS_OPPONENT,EPRED,EPRED.home_rating|EPRED.away_rating,NUMERIC_RANGE,6,10,,0,6 to 9.9,SpreadBucket,SELECTED_SPREAD,SPREAD_FOR_FAMILY_SELECTED_SIDE,SCHEDULE,SCHEDULE.home_spread|SCHEDULE.away_spread,NUMERIC_RANGE,-10,-7,,0,Fav -7 to -9.5,64,23,41,35.94,25.29,48.18,51.48,-15.54,5,100.0,3,3,100.0,NEGATIVE,15.54,totals_actionable_findings.csv
HTE0009,1,1,,DRAT_EPRED_CONSENSUS,DRAT_PICK_EQUALS_EPRED_PICK,DRAT_EPRED_SHARED_SIDE,MEAN_DRAT_EPRED_SELECTED_PROB,Over,RatingGapBucket + SpreadBucket,RatingGapBucket=6 to 9.9 | SpreadBucket=Fav -7 to -9.5,2,RatingGapBucket,SELECTED_EPRED_RATING_GAP,EPRED_RATING_SELECTED_MINUS_OPPONENT,EPRED,EPRED.home_rating|EPRED.away_rating,NUMERIC_RANGE,6,10,,0,6 to 9.9,SpreadBucket,SELECTED_SPREAD,SPREAD_FOR_FAMILY_SELECTED_SIDE,SCHEDULE,SCHEDULE.home_spread|SCHEDULE.away_spread,NUMERIC_RANGE,-10,-7,,0,Fav -7 to -9.5,64,41,23,64.06,51.82,74.71,48.81,15.25,5,100.0,3,3,100.0,POSITIVE,15.25,totals_actionable_findings.csv
HTE0010,1,1,,DRAT_EPRED_CONSENSUS,DRAT_PICK_EQUALS_EPRED_PICK,DRAT_EPRED_SHARED_SIDE,MEAN_DRAT_EPRED_SELECTED_PROB,Under,RatingGapBucket + SpreadBucket,RatingGapBucket=6 to 9.9 | SpreadBucket=Fav -7 to -9.5,2,RatingGapBucket,SELECTED_EPRED_RATING_GAP,EPRED_RATING_SELECTED_MINUS_OPPONENT,EPRED,EPRED.home_rating|EPRED.away_rating,NUMERIC_RANGE,6,10,,0,6 to 9.9,SpreadBucket,SELECTED_SPREAD,SPREAD_FOR_FAMILY_SELECTED_SIDE,SCHEDULE,SCHEDULE.home_spread|SCHEDULE.away_spread,NUMERIC_RANGE,-10,-7,,0,Fav -7 to -9.5,64,23,41,35.94,25.29,48.18,51.19,-15.25,5,100.0,3,3,100.0,NEGATIVE,15.25,totals_actionable_findings.csv
HTE0011,1,1,,DRAT_EPRED_CONSENSUS,DRAT_PICK_EQUALS_EPRED_PICK,DRAT_EPRED_SHARED_SIDE,MEAN_DRAT_EPRED_SELECTED_PROB,Over,ProbBucket + SpreadBucket,ProbBucket=75-79.9% | SpreadBucket=Fav -7 to -9.5,2,ProbBucket,FAMILY_SELECTED_PROB,USE_FAMILY_SELECTED_PROB,FAMILY_DEPENDENT,DRAT.home_prob|DRAT.away_prob|EPRED.home_prob|EPRED.away_prob|DRAT.moneyline_home|DRAT.moneyline_away|SCHEDULE.home_spread|SCHEDULE.away_spread,NUMERIC_RANGE,0.75,0.8,,0,75-79.9%,SpreadBucket,SELECTED_SPREAD,SPREAD_FOR_FAMILY_SELECTED_SIDE,SCHEDULE,SCHEDULE.home_spread|SCHEDULE.away_spread,NUMERIC_RANGE,-10,-7,,0,Fav -7 to -9.5,61,39,22,63.93,51.39,74.83,48.81,15.12,5,100.0,2,2,100.0,POSITIVE,15.12,totals_actionable_findings.csv
HTE0012,1,1,,DRAT_EPRED_CONSENSUS,DRAT_PICK_EQUALS_EPRED_PICK,DRAT_EPRED_SHARED_SIDE,MEAN_DRAT_EPRED_SELECTED_PROB,Under,ProbBucket + SpreadBucket,ProbBucket=75-79.9% | SpreadBucket=Fav -7 to -9.5,2,ProbBucket,FAMILY_SELECTED_PROB,USE_FAMILY_SELECTED_PROB,FAMILY_DEPENDENT,DRAT.home_prob|DRAT.away_prob|EPRED.home_prob|EPRED.away_prob|DRAT.moneyline_home|DRAT.moneyline_away|SCHEDULE.home_spread|SCHEDULE.away_spread,NUMERIC_RANGE,0.75,0.8,,0,75-79.9%,SpreadBucket,SELECTED_SPREAD,SPREAD_FOR_FAMILY_SELECTED_SIDE,SCHEDULE,SCHEDULE.home_spread|SCHEDULE.away_spread,NUMERIC_RANGE,-10,-7,,0,Fav -7 to -9.5,61,22,39,36.07,25.17,48.61,51.19,-15.12,5,100.0,2,2,100.0,NEGATIVE,15.12,totals_actionable_findings.csv
HTE0013,1,1,,DRAT,DRAT_AVAILABLE,DRAT_MAX_PROB_SIDE,DRAT_MAX_PROB,Over,ProbBucket + SpreadBucket,ProbBucket=75-79.9% | SpreadBucket=Fav -7 to -9.5,2,ProbBucket,FAMILY_SELECTED_PROB,USE_FAMILY_SELECTED_PROB,FAMILY_DEPENDENT,DRAT.home_prob|DRAT.away_prob|EPRED.home_prob|EPRED.away_prob|DRAT.moneyline_home|DRAT.moneyline_away|SCHEDULE.home_spread|SCHEDULE.away_spread,NUMERIC_RANGE,0.75,0.8,,0,75-79.9%,SpreadBucket,SELECTED_SPREAD,SPREAD_FOR_FAMILY_SELECTED_SIDE,SCHEDULE,SCHEDULE.home_spread|SCHEDULE.away_spread,NUMERIC_RANGE,-10,-7,,0,Fav -7 to -9.5,55,35,20,63.64,50.42,75.07,48.52,15.12,5,80.0,3,2,66.67,POSITIVE,15.12,totals_actionable_findings.csv
HTE0014,1,1,,DRAT,DRAT_AVAILABLE,DRAT_MAX_PROB_SIDE,DRAT_MAX_PROB,Under,ProbBucket + SpreadBucket,ProbBucket=75-79.9% | SpreadBucket=Fav -7 to -9.5,2,ProbBucket,FAMILY_SELECTED_PROB,USE_FAMILY_SELECTED_PROB,FAMILY_DEPENDENT,DRAT.home_prob|DRAT.away_prob|EPRED.home_prob|EPRED.away_prob|DRAT.moneyline_home|DRAT.moneyline_away|SCHEDULE.home_spread|SCHEDULE.away_spread,NUMERIC_RANGE,0.75,0.8,,0,75-79.9%,SpreadBucket,SELECTED_SPREAD,SPREAD_FOR_FAMILY_SELECTED_SIDE,SCHEDULE,SCHEDULE.home_spread|SCHEDULE.away_spread,NUMERIC_RANGE,-10,-7,,0,Fav -7 to -9.5,55,20,35,36.36,24.93,49.58,51.48,-15.12,5,80.0,3,2,66.67,NEGATIVE,15.12,totals_actionable_findings.csv
HTE0015,1,1,,ALL3_CONSENSUS,DRAT_PICK_EQUALS_EPRED_PICK_EQUALS_MARKET_PICK,DRAT_EPRED_MARKET_SHARED_SIDE,MEAN_DRAT_EPRED_MARKET_SELECTED_PROB,Over,RatingGapBucket + SpreadBucket,RatingGapBucket=6 to 9.9 | SpreadBucket=Fav -7 to -9.5,2,RatingGapBucket,SELECTED_EPRED_RATING_GAP,EPRED_RATING_SELECTED_MINUS_OPPONENT,EPRED,EPRED.home_rating|EPRED.away_rating,NUMERIC_RANGE,6,10,,0,6 to 9.9,SpreadBucket,SELECTED_SPREAD,SPREAD_FOR_FAMILY_SELECTED_SIDE,SCHEDULE,SCHEDULE.home_spread|SCHEDULE.away_spread,NUMERIC_RANGE,-10,-7,,0,Fav -7 to -9.5,64,41,23,64.06,51.82,74.71,49.44,14.62,5,100.0,3,3,100.0,POSITIVE,14.62,totals_actionable_findings.csv
HTE0016,1,1,,ALL3_CONSENSUS,DRAT_PICK_EQUALS_EPRED_PICK_EQUALS_MARKET_PICK,DRAT_EPRED_MARKET_SHARED_SIDE,MEAN_DRAT_EPRED_MARKET_SELECTED_PROB,Under,RatingGapBucket + SpreadBucket,RatingGapBucket=6 to 9.9 | SpreadBucket=Fav -7 to -9.5,2,RatingGapBucket,SELECTED_EPRED_RATING_GAP,EPRED_RATING_SELECTED_MINUS_OPPONENT,EPRED,EPRED.home_rating|EPRED.away_rating,NUMERIC_RANGE,6,10,,0,6 to 9.9,SpreadBucket,SELECTED_SPREAD,SPREAD_FOR_FAMILY_SELECTED_SIDE,SCHEDULE,SCHEDULE.home_spread|SCHEDULE.away_spread,NUMERIC_RANGE,-10,-7,,0,Fav -7 to -9.5,64,23,41,35.94,25.29,48.18,50.56,-14.62,5,100.0,3,3,100.0,NEGATIVE,14.62,totals_actionable_findings.csv
HTE0017,1,1,,ALL3_CONSENSUS,DRAT_PICK_EQUALS_EPRED_PICK_EQUALS_MARKET_PICK,DRAT_EPRED_MARKET_SHARED_SIDE,MEAN_DRAT_EPRED_MARKET_SELECTED_PROB,Over,ProbBucket + SpreadBucket,ProbBucket=60-64.9% | SpreadBucket=Fav -0.5 to -2.5,2,ProbBucket,FAMILY_SELECTED_PROB,USE_FAMILY_SELECTED_PROB,FAMILY_DEPENDENT,DRAT.home_prob|DRAT.away_prob|EPRED.home_prob|EPRED.away_prob|DRAT.moneyline_home|DRAT.moneyline_away|SCHEDULE.home_spread|SCHEDULE.away_spread,NUMERIC_RANGE,0.6,0.65,,0,60-64.9%,SpreadBucket,SELECTED_SPREAD,SPREAD_FOR_FAMILY_SELECTED_SIDE,SCHEDULE,SCHEDULE.home_spread|SCHEDULE.away_spread,NUMERIC_RANGE,-3,0,,0,Fav -0.5 to -2.5,106,38,68,35.85,27.36,45.33,49.44,-13.59,5,80.0,3,2,66.67,NEGATIVE,13.59,totals_actionable_findings.csv
HTE0018,1,1,,ALL3_CONSENSUS,DRAT_PICK_EQUALS_EPRED_PICK_EQUALS_MARKET_PICK,DRAT_EPRED_MARKET_SHARED_SIDE,MEAN_DRAT_EPRED_MARKET_SELECTED_PROB,Under,ProbBucket + SpreadBucket,ProbBucket=60-64.9% | SpreadBucket=Fav -0.5 to -2.5,2,ProbBucket,FAMILY_SELECTED_PROB,USE_FAMILY_SELECTED_PROB,FAMILY_DEPENDENT,DRAT.home_prob|DRAT.away_prob|EPRED.home_prob|EPRED.away_prob|DRAT.moneyline_home|DRAT.moneyline_away|SCHEDULE.home_spread|SCHEDULE.away_spread,NUMERIC_RANGE,0.6,0.65,,0,60-64.9%,SpreadBucket,SELECTED_SPREAD,SPREAD_FOR_FAMILY_SELECTED_SIDE,SCHEDULE,SCHEDULE.home_spread|SCHEDULE.away_spread,NUMERIC_RANGE,-3,0,,0,Fav -0.5 to -2.5,106,68,38,64.15,54.67,72.64,50.56,13.59,5,80.0,3,2,66.67,POSITIVE,13.59,totals_actionable_findings.csv
HTE0019,1,1,,DRAT_EPRED_CONSENSUS,DRAT_PICK_EQUALS_EPRED_PICK,DRAT_EPRED_SHARED_SIDE,MEAN_DRAT_EPRED_SELECTED_PROB,Over,SelectedVsMarket,SelectedVsMarket=Disagree,1,SelectedVsMarket,FAMILY_VS_MARKET_AGREEMENT,COMPARE_FAMILY_PICK_TO_MARKET_PICK,DRAT|EPRED|SCHEDULE,DRAT.home_prob|DRAT.away_prob|EPRED.home_prob|EPRED.away_prob|DRAT.moneyline_home|DRAT.moneyline_away|SCHEDULE.home_spread|SCHEDULE.away_spread,TEXT_EQUALS,,,Disagree,0,Disagree,,,,,,,,,,,,56,20,36,35.71,24.46,48.81,48.81,-13.1,5,100.0,3,3,100.0,NEGATIVE,13.10,totals_actionable_findings.csv
HTE0020,1,1,,DRAT_EPRED_CONSENSUS,DRAT_PICK_EQUALS_EPRED_PICK,DRAT_EPRED_SHARED_SIDE,MEAN_DRAT_EPRED_SELECTED_PROB,Under,SelectedVsMarket,SelectedVsMarket=Disagree,1,SelectedVsMarket,FAMILY_VS_MARKET_AGREEMENT,COMPARE_FAMILY_PICK_TO_MARKET_PICK,DRAT|EPRED|SCHEDULE,DRAT.home_prob|DRAT.away_prob|EPRED.home_prob|EPRED.away_prob|DRAT.moneyline_home|DRAT.moneyline_away|SCHEDULE.home_spread|SCHEDULE.away_spread,TEXT_EQUALS,,,Disagree,0,Disagree,,,,,,,,,,,,56,36,20,64.29,51.19,75.54,51.19,13.1,5,100.0,3,3,100.0,POSITIVE,13.10,totals_actionable_findings.csv
HTE0021,1,1,,DRAT_EPRED_CONSENSUS,DRAT_PICK_EQUALS_EPRED_PICK,DRAT_EPRED_SHARED_SIDE,MEAN_DRAT_EPRED_SELECTED_PROB,Over,WeekBucket + ProbBucket,WeekBucket=Weeks 1-3 | ProbBucket=55-59.9%,2,WeekBucket,WEEK,RAW_WEEK,SCHEDULE,SCHEDULE.week,NUMERIC_RANGE,1,4,,0,Weeks 1-3,ProbBucket,FAMILY_SELECTED_PROB,USE_FAMILY_SELECTED_PROB,FAMILY_DEPENDENT,DRAT.home_prob|DRAT.away_prob|EPRED.home_prob|EPRED.away_prob|DRAT.moneyline_home|DRAT.moneyline_away|SCHEDULE.home_spread|SCHEDULE.away_spread,NUMERIC_RANGE,0.55,0.6,,0,55-59.9%,58,21,37,36.21,25.05,49.07,48.81,-12.61,5,80.0,3,3,100.0,NEGATIVE,12.61,totals_actionable_findings.csv
HTE0022,1,1,,DRAT_EPRED_CONSENSUS,DRAT_PICK_EQUALS_EPRED_PICK,DRAT_EPRED_SHARED_SIDE,MEAN_DRAT_EPRED_SELECTED_PROB,Under,WeekBucket + ProbBucket,WeekBucket=Weeks 1-3 | ProbBucket=55-59.9%,2,WeekBucket,WEEK,RAW_WEEK,SCHEDULE,SCHEDULE.week,NUMERIC_RANGE,1,4,,0,Weeks 1-3,ProbBucket,FAMILY_SELECTED_PROB,USE_FAMILY_SELECTED_PROB,FAMILY_DEPENDENT,DRAT.home_prob|DRAT.away_prob|EPRED.home_prob|EPRED.away_prob|DRAT.moneyline_home|DRAT.moneyline_away|SCHEDULE.home_spread|SCHEDULE.away_spread,NUMERIC_RANGE,0.55,0.6,,0,55-59.9%,58,37,21,63.79,50.93,74.95,51.19,12.61,5,80.0,3,3,100.0,POSITIVE,12.61,totals_actionable_findings.csv
HTE0023,1,1,,MARKET,MARKET_AVAILABLE,MARKET_NOVIG_SIDE_ELSE_SPREAD_SIDE,MARKET_NOVIG_SELECTED_PROB,Over,WeekBucket + ProbBucket,WeekBucket=Weeks 14+ | ProbBucket=60-64.9%,2,WeekBucket,WEEK,RAW_WEEK,SCHEDULE,SCHEDULE.week,NUMERIC_RANGE,14,,,0,Weeks 14+,ProbBucket,FAMILY_SELECTED_PROB,USE_FAMILY_SELECTED_PROB,FAMILY_DEPENDENT,DRAT.home_prob|DRAT.away_prob|EPRED.home_prob|EPRED.away_prob|DRAT.moneyline_home|DRAT.moneyline_away|SCHEDULE.home_spread|SCHEDULE.away_spread,NUMERIC_RANGE,0.6,0.65,,0,60-64.9%,74,45,29,60.81,49.42,71.14,48.52,12.29,5,100.0,3,3,100.0,POSITIVE,12.29,totals_actionable_findings.csv
HTE0024,1,1,,MARKET,MARKET_AVAILABLE,MARKET_NOVIG_SIDE_ELSE_SPREAD_SIDE,MARKET_NOVIG_SELECTED_PROB,Under,WeekBucket + ProbBucket,WeekBucket=Weeks 14+ | ProbBucket=60-64.9%,2,WeekBucket,WEEK,RAW_WEEK,SCHEDULE,SCHEDULE.week,NUMERIC_RANGE,14,,,0,Weeks 14+,ProbBucket,FAMILY_SELECTED_PROB,USE_FAMILY_SELECTED_PROB,FAMILY_DEPENDENT,DRAT.home_prob|DRAT.away_prob|EPRED.home_prob|EPRED.away_prob|DRAT.moneyline_home|DRAT.moneyline_away|SCHEDULE.home_spread|SCHEDULE.away_spread,NUMERIC_RANGE,0.6,0.65,,0,60-64.9%,74,29,45,39.19,28.86,50.58,51.48,-12.29,5,100.0,3,3,100.0,NEGATIVE,12.29,totals_actionable_findings.csv
HTE0025,1,1,,DRAT,DRAT_AVAILABLE,DRAT_MAX_PROB_SIDE,DRAT_MAX_PROB,Over,WeekBucket + ProbBucket,WeekBucket=Weeks 1-3 | ProbBucket=60-64.9%,2,WeekBucket,WEEK,RAW_WEEK,SCHEDULE,SCHEDULE.week,NUMERIC_RANGE,1,4,,0,Weeks 1-3,ProbBucket,FAMILY_SELECTED_PROB,USE_FAMILY_SELECTED_PROB,FAMILY_DEPENDENT,DRAT.home_prob|DRAT.away_prob|EPRED.home_prob|EPRED.away_prob|DRAT.moneyline_home|DRAT.moneyline_away|SCHEDULE.home_spread|SCHEDULE.away_spread,NUMERIC_RANGE,0.6,0.65,,0,60-64.9%,63,23,40,36.51,25.72,48.85,48.52,-12.01,5,80.0,3,3,100.0,NEGATIVE,12.01,totals_actionable_findings.csv
HTE0026,1,1,,DRAT,DRAT_AVAILABLE,DRAT_MAX_PROB_SIDE,DRAT_MAX_PROB,Under,WeekBucket + ProbBucket,WeekBucket=Weeks 1-3 | ProbBucket=60-64.9%,2,WeekBucket,WEEK,RAW_WEEK,SCHEDULE,SCHEDULE.week,NUMERIC_RANGE,1,4,,0,Weeks 1-3,ProbBucket,FAMILY_SELECTED_PROB,USE_FAMILY_SELECTED_PROB,FAMILY_DEPENDENT,DRAT.home_prob|DRAT.away_prob|EPRED.home_prob|EPRED.away_prob|DRAT.moneyline_home|DRAT.moneyline_away|SCHEDULE.home_spread|SCHEDULE.away_spread,NUMERIC_RANGE,0.6,0.65,,0,60-64.9%,63,40,23,63.49,51.15,74.28,51.48,12.01,5,80.0,3,3,100.0,POSITIVE,12.01,totals_actionable_findings.csv
HTE0027,1,1,,EPRED,EPRED_AVAILABLE,EPRED_NORMALIZED_MAX_PROB_SIDE,EPRED_NORMALIZED_MAX_PROB,Over,WeekBucket + ProbBucket,WeekBucket=Weeks 1-3 | ProbBucket=55-59.9%,2,WeekBucket,WEEK,RAW_WEEK,SCHEDULE,SCHEDULE.week,NUMERIC_RANGE,1,4,,0,Weeks 1-3,ProbBucket,FAMILY_SELECTED_PROB,USE_FAMILY_SELECTED_PROB,FAMILY_DEPENDENT,DRAT.home_prob|DRAT.away_prob|EPRED.home_prob|EPRED.away_prob|DRAT.moneyline_home|DRAT.moneyline_away|SCHEDULE.home_spread|SCHEDULE.away_spread,NUMERIC_RANGE,0.55,0.6,,0,55-59.9%,63,23,40,36.51,25.72,48.85,48.52,-12.01,5,80.0,3,3,100.0,NEGATIVE,12.01,totals_actionable_findings.csv
HTE0028,1,1,,EPRED,EPRED_AVAILABLE,EPRED_NORMALIZED_MAX_PROB_SIDE,EPRED_NORMALIZED_MAX_PROB,Under,WeekBucket + ProbBucket,WeekBucket=Weeks 1-3 | ProbBucket=55-59.9%,2,WeekBucket,WEEK,RAW_WEEK,SCHEDULE,SCHEDULE.week,NUMERIC_RANGE,1,4,,0,Weeks 1-3,ProbBucket,FAMILY_SELECTED_PROB,USE_FAMILY_SELECTED_PROB,FAMILY_DEPENDENT,DRAT.home_prob|DRAT.away_prob|EPRED.home_prob|EPRED.away_prob|DRAT.moneyline_home|DRAT.moneyline_away|SCHEDULE.home_spread|SCHEDULE.away_spread,NUMERIC_RANGE,0.55,0.6,,0,55-59.9%,63,40,23,63.49,51.15,74.28,51.48,12.01,5,80.0,3,3,100.0,POSITIVE,12.01,totals_actionable_findings.csv
HTE0029,1,1,,DRAT_EPRED_CONSENSUS,DRAT_PICK_EQUALS_EPRED_PICK,DRAT_EPRED_SHARED_SIDE,MEAN_DRAT_EPRED_SELECTED_PROB,Over,WeekBucket + ProbBucket,WeekBucket=Weeks 14+ | ProbBucket=55-59.9%,2,WeekBucket,WEEK,RAW_WEEK,SCHEDULE,SCHEDULE.week,NUMERIC_RANGE,14,,,0,Weeks 14+,ProbBucket,FAMILY_SELECTED_PROB,USE_FAMILY_SELECTED_PROB,FAMILY_DEPENDENT,DRAT.home_prob|DRAT.away_prob|EPRED.home_prob|EPRED.away_prob|DRAT.moneyline_home|DRAT.moneyline_away|SCHEDULE.home_spread|SCHEDULE.away_spread,NUMERIC_RANGE,0.55,0.6,,0,55-59.9%,51,31,20,60.78,47.08,72.97,48.81,11.97,5,80.0,2,2,100.0,POSITIVE,11.97,totals_actionable_findings.csv
HTE0030,1,1,,DRAT_EPRED_CONSENSUS,DRAT_PICK_EQUALS_EPRED_PICK,DRAT_EPRED_SHARED_SIDE,MEAN_DRAT_EPRED_SELECTED_PROB,Under,WeekBucket + ProbBucket,WeekBucket=Weeks 14+ | ProbBucket=55-59.9%,2,WeekBucket,WEEK,RAW_WEEK,SCHEDULE,SCHEDULE.week,NUMERIC_RANGE,14,,,0,Weeks 14+,ProbBucket,FAMILY_SELECTED_PROB,USE_FAMILY_SELECTED_PROB,FAMILY_DEPENDENT,DRAT.home_prob|DRAT.away_prob|EPRED.home_prob|EPRED.away_prob|DRAT.moneyline_home|DRAT.moneyline_away|SCHEDULE.home_spread|SCHEDULE.away_spread,NUMERIC_RANGE,0.55,0.6,,0,55-59.9%,51,20,31,39.22,27.03,52.92,51.19,-11.97,5,80.0,2,2,100.0,NEGATIVE,11.97,totals_actionable_findings.csv
HTE0031,1,1,,DRAT_EPRED_CONSENSUS,DRAT_PICK_EQUALS_EPRED_PICK,DRAT_EPRED_SHARED_SIDE,MEAN_DRAT_EPRED_SELECTED_PROB,Over,ProbBucket + RatingGapBucket,ProbBucket=75-79.9% | RatingGapBucket=6 to 9.9,2,ProbBucket,FAMILY_SELECTED_PROB,USE_FAMILY_SELECTED_PROB,FAMILY_DEPENDENT,DRAT.home_prob|DRAT.away_prob|EPRED.home_prob|EPRED.away_prob|DRAT.moneyline_home|DRAT.moneyline_away|SCHEDULE.home_spread|SCHEDULE.away_spread,NUMERIC_RANGE,0.75,0.8,,0,75-79.9%,RatingGapBucket,SELECTED_EPRED_RATING_GAP,EPRED_RATING_SELECTED_MINUS_OPPONENT,EPRED,EPRED.home_rating|EPRED.away_rating,NUMERIC_RANGE,6,10,,0,6 to 9.9,61,37,24,60.66,48.12,71.93,48.81,11.84,5,80.0,3,2,66.67,POSITIVE,11.84,totals_actionable_findings.csv
HTE0032,1,1,,DRAT_EPRED_CONSENSUS,DRAT_PICK_EQUALS_EPRED_PICK,DRAT_EPRED_SHARED_SIDE,MEAN_DRAT_EPRED_SELECTED_PROB,Under,ProbBucket + RatingGapBucket,ProbBucket=75-79.9% | RatingGapBucket=6 to 9.9,2,ProbBucket,FAMILY_SELECTED_PROB,USE_FAMILY_SELECTED_PROB,FAMILY_DEPENDENT,DRAT.home_prob|DRAT.away_prob|EPRED.home_prob|EPRED.away_prob|DRAT.moneyline_home|DRAT.moneyline_away|SCHEDULE.home_spread|SCHEDULE.away_spread,NUMERIC_RANGE,0.75,0.8,,0,75-79.9%,RatingGapBucket,SELECTED_EPRED_RATING_GAP,EPRED_RATING_SELECTED_MINUS_OPPONENT,EPRED,EPRED.home_rating|EPRED.away_rating,NUMERIC_RANGE,6,10,,0,6 to 9.9,61,24,37,39.34,28.07,51.88,51.19,-11.84,5,80.0,3,2,66.67,NEGATIVE,11.84,totals_actionable_findings.csv
HTE0033,1,1,,DRAT_EPRED_CONSENSUS,DRAT_PICK_EQUALS_EPRED_PICK,DRAT_EPRED_SHARED_SIDE,MEAN_DRAT_EPRED_SELECTED_PROB,Over,MarketRole,MarketRole=Market Underdog,1,MarketRole,SELECTED_MARKET_ROLE,MARKET_ROLE_FOR_FAMILY_SELECTED_SIDE,DRAT|SCHEDULE,DRAT.moneyline_home|DRAT.moneyline_away|SCHEDULE.home_spread|SCHEDULE.away_spread,TEXT_EQUALS,,,Market Underdog,0,Market Underdog,,,,,,,,,,,,54,20,34,37.04,25.42,50.37,48.81,-11.78,5,100.0,3,3,100.0,NEGATIVE,11.78,totals_actionable_findings.csv
HTE0034,1,1,,DRAT_EPRED_CONSENSUS,DRAT_PICK_EQUALS_EPRED_PICK,DRAT_EPRED_SHARED_SIDE,MEAN_DRAT_EPRED_SELECTED_PROB,Over,DratEpredAgreement + MarketRole,DratEpredAgreement=Agree | MarketRole=Market Underdog,2,DratEpredAgreement,DRAT_EPRED_AGREEMENT,COMPARE_DRAT_PICK_TO_EPRED_PICK,DRAT|EPRED,DRAT.home_prob|DRAT.away_prob|EPRED.home_prob|EPRED.away_prob,TEXT_EQUALS,,,Agree,0,Agree,MarketRole,SELECTED_MARKET_ROLE,MARKET_ROLE_FOR_FAMILY_SELECTED_SIDE,DRAT|SCHEDULE,DRAT.moneyline_home|DRAT.moneyline_away|SCHEDULE.home_spread|SCHEDULE.away_spread,TEXT_EQUALS,,,Market Underdog,0,Market Underdog,54,20,34,37.04,25.42,50.37,48.81,-11.78,5,100.0,3,3,100.0,NEGATIVE,11.78,totals_actionable_findings.csv
HTE0035,1,1,,DRAT_EPRED_CONSENSUS,DRAT_PICK_EQUALS_EPRED_PICK,DRAT_EPRED_SHARED_SIDE,MEAN_DRAT_EPRED_SELECTED_PROB,Under,MarketRole,MarketRole=Market Underdog,1,MarketRole,SELECTED_MARKET_ROLE,MARKET_ROLE_FOR_FAMILY_SELECTED_SIDE,DRAT|SCHEDULE,DRAT.moneyline_home|DRAT.moneyline_away|SCHEDULE.home_spread|SCHEDULE.away_spread,TEXT_EQUALS,,,Market Underdog,0,Market Underdog,,,,,,,,,,,,54,34,20,62.96,49.63,74.58,51.19,11.78,5,100.0,3,3,100.0,POSITIVE,11.78,totals_actionable_findings.csv
HTE0036,1,1,,DRAT_EPRED_CONSENSUS,DRAT_PICK_EQUALS_EPRED_PICK,DRAT_EPRED_SHARED_SIDE,MEAN_DRAT_EPRED_SELECTED_PROB,Under,DratEpredAgreement + MarketRole,DratEpredAgreement=Agree | MarketRole=Market Underdog,2,DratEpredAgreement,DRAT_EPRED_AGREEMENT,COMPARE_DRAT_PICK_TO_EPRED_PICK,DRAT|EPRED,DRAT.home_prob|DRAT.away_prob|EPRED.home_prob|EPRED.away_prob,TEXT_EQUALS,,,Agree,0,Agree,MarketRole,SELECTED_MARKET_ROLE,MARKET_ROLE_FOR_FAMILY_SELECTED_SIDE,DRAT|SCHEDULE,DRAT.moneyline_home|DRAT.moneyline_away|SCHEDULE.home_spread|SCHEDULE.away_spread,TEXT_EQUALS,,,Market Underdog,0,Market Underdog,54,34,20,62.96,49.63,74.58,51.19,11.78,5,100.0,3,3,100.0,POSITIVE,11.78,totals_actionable_findings.csv
HTE0037,1,1,,DRAT,DRAT_AVAILABLE,DRAT_MAX_PROB_SIDE,DRAT_MAX_PROB,Over,DratEpredAgreement + MarketRole,DratEpredAgreement=Agree | MarketRole=Market Underdog,2,DratEpredAgreement,DRAT_EPRED_AGREEMENT,COMPARE_DRAT_PICK_TO_EPRED_PICK,DRAT|EPRED,DRAT.home_prob|DRAT.away_prob|EPRED.home_prob|EPRED.away_prob,TEXT_EQUALS,,,Agree,0,Agree,MarketRole,SELECTED_MARKET_ROLE,MARKET_ROLE_FOR_FAMILY_SELECTED_SIDE,DRAT|SCHEDULE,DRAT.moneyline_home|DRAT.moneyline_away|SCHEDULE.home_spread|SCHEDULE.away_spread,TEXT_EQUALS,,,Market Underdog,0,Market Underdog,54,20,34,37.04,25.42,50.37,48.52,-11.48,5,100.0,3,3,100.0,NEGATIVE,11.48,totals_actionable_findings.csv
HTE0038,1,1,,DRAT,DRAT_AVAILABLE,DRAT_MAX_PROB_SIDE,DRAT_MAX_PROB,Under,DratEpredAgreement + MarketRole,DratEpredAgreement=Agree | MarketRole=Market Underdog,2,DratEpredAgreement,DRAT_EPRED_AGREEMENT,COMPARE_DRAT_PICK_TO_EPRED_PICK,DRAT|EPRED,DRAT.home_prob|DRAT.away_prob|EPRED.home_prob|EPRED.away_prob,TEXT_EQUALS,,,Agree,0,Agree,MarketRole,SELECTED_MARKET_ROLE,MARKET_ROLE_FOR_FAMILY_SELECTED_SIDE,DRAT|SCHEDULE,DRAT.moneyline_home|DRAT.moneyline_away|SCHEDULE.home_spread|SCHEDULE.away_spread,TEXT_EQUALS,,,Market Underdog,0,Market Underdog,54,34,20,62.96,49.63,74.58,51.48,11.48,5,100.0,3,3,100.0,POSITIVE,11.48,totals_actionable_findings.csv
HTE0039,1,1,,EPRED,EPRED_AVAILABLE,EPRED_NORMALIZED_MAX_PROB_SIDE,EPRED_NORMALIZED_MAX_PROB,Over,DratEpredAgreement + MarketRole,DratEpredAgreement=Agree | MarketRole=Market Underdog,2,DratEpredAgreement,DRAT_EPRED_AGREEMENT,COMPARE_DRAT_PICK_TO_EPRED_PICK,DRAT|EPRED,DRAT.home_prob|DRAT.away_prob|EPRED.home_prob|EPRED.away_prob,TEXT_EQUALS,,,Agree,0,Agree,MarketRole,SELECTED_MARKET_ROLE,MARKET_ROLE_FOR_FAMILY_SELECTED_SIDE,DRAT|SCHEDULE,DRAT.moneyline_home|DRAT.moneyline_away|SCHEDULE.home_spread|SCHEDULE.away_spread,TEXT_EQUALS,,,Market Underdog,0,Market Underdog,54,20,34,37.04,25.42,50.37,48.52,-11.48,5,100.0,3,3,100.0,NEGATIVE,11.48,totals_actionable_findings.csv
HTE0040,1,1,,EPRED,EPRED_AVAILABLE,EPRED_NORMALIZED_MAX_PROB_SIDE,EPRED_NORMALIZED_MAX_PROB,Under,DratEpredAgreement + MarketRole,DratEpredAgreement=Agree | MarketRole=Market Underdog,2,DratEpredAgreement,DRAT_EPRED_AGREEMENT,COMPARE_DRAT_PICK_TO_EPRED_PICK,DRAT|EPRED,DRAT.home_prob|DRAT.away_prob|EPRED.home_prob|EPRED.away_prob,TEXT_EQUALS,,,Agree,0,Agree,MarketRole,SELECTED_MARKET_ROLE,MARKET_ROLE_FOR_FAMILY_SELECTED_SIDE,DRAT|SCHEDULE,DRAT.moneyline_home|DRAT.moneyline_away|SCHEDULE.home_spread|SCHEDULE.away_spread,TEXT_EQUALS,,,Market Underdog,0,Market Underdog,54,34,20,62.96,49.63,74.58,51.48,11.48,5,100.0,3,3,100.0,POSITIVE,11.48,totals_actionable_findings.csv
HTE0041,1,1,,EPRED,EPRED_AVAILABLE,EPRED_NORMALIZED_MAX_PROB_SIDE,EPRED_NORMALIZED_MAX_PROB,Over,ProbBucket + SpreadBucket,ProbBucket=60-64.9% | SpreadBucket=Fav -3 to -3.5,2,ProbBucket,FAMILY_SELECTED_PROB,USE_FAMILY_SELECTED_PROB,FAMILY_DEPENDENT,DRAT.home_prob|DRAT.away_prob|EPRED.home_prob|EPRED.away_prob|DRAT.moneyline_home|DRAT.moneyline_away|SCHEDULE.home_spread|SCHEDULE.away_spread,NUMERIC_RANGE,0.6,0.65,,0,60-64.9%,SpreadBucket,SELECTED_SPREAD,SPREAD_FOR_FAMILY_SELECTED_SIDE,SCHEDULE,SCHEDULE.home_spread|SCHEDULE.away_spread,NUMERIC_RANGE,-4,-3,,0,Fav -3 to -3.5,62,37,25,59.68,47.25,70.98,48.52,11.16,5,80.0,3,3,100.0,POSITIVE,11.16,totals_actionable_findings.csv
HTE0042,1,1,,EPRED,EPRED_AVAILABLE,EPRED_NORMALIZED_MAX_PROB_SIDE,EPRED_NORMALIZED_MAX_PROB,Under,ProbBucket + SpreadBucket,ProbBucket=60-64.9% | SpreadBucket=Fav -3 to -3.5,2,ProbBucket,FAMILY_SELECTED_PROB,USE_FAMILY_SELECTED_PROB,FAMILY_DEPENDENT,DRAT.home_prob|DRAT.away_prob|EPRED.home_prob|EPRED.away_prob|DRAT.moneyline_home|DRAT.moneyline_away|SCHEDULE.home_spread|SCHEDULE.away_spread,NUMERIC_RANGE,0.6,0.65,,0,60-64.9%,SpreadBucket,SELECTED_SPREAD,SPREAD_FOR_FAMILY_SELECTED_SIDE,SCHEDULE,SCHEDULE.home_spread|SCHEDULE.away_spread,NUMERIC_RANGE,-4,-3,,0,Fav -3 to -3.5,62,25,37,40.32,29.02,52.75,51.48,-11.16,5,80.0,3,3,100.0,NEGATIVE,11.16,totals_actionable_findings.csv
HTE0043,1,1,,DRAT,DRAT_AVAILABLE,DRAT_MAX_PROB_SIDE,DRAT_MAX_PROB,Over,ProbBucket + RatingGapBucket,ProbBucket=60-64.9% | RatingGapBucket=3 to 5.9,2,ProbBucket,FAMILY_SELECTED_PROB,USE_FAMILY_SELECTED_PROB,FAMILY_DEPENDENT,DRAT.home_prob|DRAT.away_prob|EPRED.home_prob|EPRED.away_prob|DRAT.moneyline_home|DRAT.moneyline_away|SCHEDULE.home_spread|SCHEDULE.away_spread,NUMERIC_RANGE,0.6,0.65,,0,60-64.9%,RatingGapBucket,SELECTED_EPRED_RATING_GAP,EPRED_RATING_SELECTED_MINUS_OPPONENT,EPRED,EPRED.home_rating|EPRED.away_rating,NUMERIC_RANGE,3,6,,0,3 to 5.9,64,24,40,37.5,26.67,49.75,48.52,-11.02,5,100.0,2,2,100.0,NEGATIVE,11.02,totals_actionable_findings.csv
HTE0044,1,1,,DRAT,DRAT_AVAILABLE,DRAT_MAX_PROB_SIDE,DRAT_MAX_PROB,Under,ProbBucket + RatingGapBucket,ProbBucket=60-64.9% | RatingGapBucket=3 to 5.9,2,ProbBucket,FAMILY_SELECTED_PROB,USE_FAMILY_SELECTED_PROB,FAMILY_DEPENDENT,DRAT.home_prob|DRAT.away_prob|EPRED.home_prob|EPRED.away_prob|DRAT.moneyline_home|DRAT.moneyline_away|SCHEDULE.home_spread|SCHEDULE.away_spread,NUMERIC_RANGE,0.6,0.65,,0,60-64.9%,RatingGapBucket,SELECTED_EPRED_RATING_GAP,EPRED_RATING_SELECTED_MINUS_OPPONENT,EPRED,EPRED.home_rating|EPRED.away_rating,NUMERIC_RANGE,3,6,,0,3 to 5.9,64,40,24,62.5,50.25,73.33,51.48,11.02,5,100.0,2,2,100.0,POSITIVE,11.02,totals_actionable_findings.csv
HTE0045,1,1,,EPRED,EPRED_AVAILABLE,EPRED_NORMALIZED_MAX_PROB_SIDE,EPRED_NORMALIZED_MAX_PROB,Over,ProbBucket + RatingGapBucket,ProbBucket=70-74.9% | RatingGapBucket=6 to 9.9,2,ProbBucket,FAMILY_SELECTED_PROB,USE_FAMILY_SELECTED_PROB,FAMILY_DEPENDENT,DRAT.home_prob|DRAT.away_prob|EPRED.home_prob|EPRED.away_prob|DRAT.moneyline_home|DRAT.moneyline_away|SCHEDULE.home_spread|SCHEDULE.away_spread,NUMERIC_RANGE,0.7,0.75,,0,70-74.9%,RatingGapBucket,SELECTED_EPRED_RATING_GAP,EPRED_RATING_SELECTED_MINUS_OPPONENT,EPRED,EPRED.home_rating|EPRED.away_rating,NUMERIC_RANGE,6,10,,0,6 to 9.9,79,47,32,59.49,48.47,69.63,48.52,10.97,5,80.0,3,2,66.67,POSITIVE,10.97,totals_actionable_findings.csv
HTE0046,1,1,,EPRED,EPRED_AVAILABLE,EPRED_NORMALIZED_MAX_PROB_SIDE,EPRED_NORMALIZED_MAX_PROB,Under,ProbBucket + RatingGapBucket,ProbBucket=70-74.9% | RatingGapBucket=6 to 9.9,2,ProbBucket,FAMILY_SELECTED_PROB,USE_FAMILY_SELECTED_PROB,FAMILY_DEPENDENT,DRAT.home_prob|DRAT.away_prob|EPRED.home_prob|EPRED.away_prob|DRAT.moneyline_home|DRAT.moneyline_away|SCHEDULE.home_spread|SCHEDULE.away_spread,NUMERIC_RANGE,0.7,0.75,,0,70-74.9%,RatingGapBucket,SELECTED_EPRED_RATING_GAP,EPRED_RATING_SELECTED_MINUS_OPPONENT,EPRED,EPRED.home_rating|EPRED.away_rating,NUMERIC_RANGE,6,10,,0,6 to 9.9,79,32,47,40.51,30.37,51.53,51.48,-10.97,5,80.0,3,2,66.67,NEGATIVE,10.97,totals_actionable_findings.csv
HTE0047,1,1,,DRAT,DRAT_AVAILABLE,DRAT_MAX_PROB_SIDE,DRAT_MAX_PROB,Over,ProbBucket + MarketRole,ProbBucket=<55% | MarketRole=Market Underdog,2,ProbBucket,FAMILY_SELECTED_PROB,USE_FAMILY_SELECTED_PROB,FAMILY_DEPENDENT,DRAT.home_prob|DRAT.away_prob|EPRED.home_prob|EPRED.away_prob|DRAT.moneyline_home|DRAT.moneyline_away|SCHEDULE.home_spread|SCHEDULE.away_spread,NUMERIC_RANGE,,0.55,,0,<55%,MarketRole,SELECTED_MARKET_ROLE,MARKET_ROLE_FOR_FAMILY_SELECTED_SIDE,DRAT|SCHEDULE,DRAT.moneyline_home|DRAT.moneyline_away|SCHEDULE.home_spread|SCHEDULE.away_spread,TEXT_EQUALS,,,Market Underdog,0,Market Underdog,82,31,51,37.8,28.08,48.62,48.52,-10.71,5,80.0,3,2,66.67,NEGATIVE,10.71,totals_actionable_findings.csv
HTE0048,1,1,,DRAT,DRAT_AVAILABLE,DRAT_MAX_PROB_SIDE,DRAT_MAX_PROB,Under,ProbBucket + MarketRole,ProbBucket=<55% | MarketRole=Market Underdog,2,ProbBucket,FAMILY_SELECTED_PROB,USE_FAMILY_SELECTED_PROB,FAMILY_DEPENDENT,DRAT.home_prob|DRAT.away_prob|EPRED.home_prob|EPRED.away_prob|DRAT.moneyline_home|DRAT.moneyline_away|SCHEDULE.home_spread|SCHEDULE.away_spread,NUMERIC_RANGE,,0.55,,0,<55%,MarketRole,SELECTED_MARKET_ROLE,MARKET_ROLE_FOR_FAMILY_SELECTED_SIDE,DRAT|SCHEDULE,DRAT.moneyline_home|DRAT.moneyline_away|SCHEDULE.home_spread|SCHEDULE.away_spread,TEXT_EQUALS,,,Market Underdog,0,Market Underdog,82,51,31,62.2,51.38,71.92,51.48,10.71,5,80.0,3,2,66.67,POSITIVE,10.71,totals_actionable_findings.csv
HTE0049,1,1,,DRAT_EPRED_CONSENSUS,DRAT_PICK_EQUALS_EPRED_PICK,DRAT_EPRED_SHARED_SIDE,MEAN_DRAT_EPRED_SELECTED_PROB,Over,ProbBucket + SpreadBucket,ProbBucket=60-64.9% | SpreadBucket=Fav -0.5 to -2.5,2,ProbBucket,FAMILY_SELECTED_PROB,USE_FAMILY_SELECTED_PROB,FAMILY_DEPENDENT,DRAT.home_prob|DRAT.away_prob|EPRED.home_prob|EPRED.away_prob|DRAT.moneyline_home|DRAT.moneyline_away|SCHEDULE.home_spread|SCHEDULE.away_spread,NUMERIC_RANGE,0.6,0.65,,0,60-64.9%,SpreadBucket,SELECTED_SPREAD,SPREAD_FOR_FAMILY_SELECTED_SIDE,SCHEDULE,SCHEDULE.home_spread|SCHEDULE.away_spread,NUMERIC_RANGE,-3,0,,0,Fav -0.5 to -2.5,97,37,60,38.14,29.1,48.09,48.81,-10.67,5,80.0,3,2,66.67,NEGATIVE,10.67,totals_actionable_findings.csv
HTE0050,1,1,,DRAT_EPRED_CONSENSUS,DRAT_PICK_EQUALS_EPRED_PICK,DRAT_EPRED_SHARED_SIDE,MEAN_DRAT_EPRED_SELECTED_PROB,Under,ProbBucket + SpreadBucket,ProbBucket=60-64.9% | SpreadBucket=Fav -0.5 to -2.5,2,ProbBucket,FAMILY_SELECTED_PROB,USE_FAMILY_SELECTED_PROB,FAMILY_DEPENDENT,DRAT.home_prob|DRAT.away_prob|EPRED.home_prob|EPRED.away_prob|DRAT.moneyline_home|DRAT.moneyline_away|SCHEDULE.home_spread|SCHEDULE.away_spread,NUMERIC_RANGE,0.6,0.65,,0,60-64.9%,SpreadBucket,SELECTED_SPREAD,SPREAD_FOR_FAMILY_SELECTED_SIDE,SCHEDULE,SCHEDULE.home_spread|SCHEDULE.away_spread,NUMERIC_RANGE,-3,0,,0,Fav -0.5 to -2.5,97,60,37,61.86,51.91,70.9,51.19,10.67,5,80.0,3,2,66.67,POSITIVE,10.67,totals_actionable_findings.csv
HTE0051,1,1,,DRAT_EPRED_CONSENSUS,DRAT_PICK_EQUALS_EPRED_PICK,DRAT_EPRED_SHARED_SIDE,MEAN_DRAT_EPRED_SELECTED_PROB,Over,ProbBucket + SpreadBucket,ProbBucket=65-69.9% | SpreadBucket=Fav -3 to -3.5,2,ProbBucket,FAMILY_SELECTED_PROB,USE_FAMILY_SELECTED_PROB,FAMILY_DEPENDENT,DRAT.home_prob|DRAT.away_prob|EPRED.home_prob|EPRED.away_prob|DRAT.moneyline_home|DRAT.moneyline_away|SCHEDULE.home_spread|SCHEDULE.away_spread,NUMERIC_RANGE,0.65,0.7,,0,65-69.9%,SpreadBucket,SELECTED_SPREAD,SPREAD_FOR_FAMILY_SELECTED_SIDE,SCHEDULE,SCHEDULE.home_spread|SCHEDULE.away_spread,NUMERIC_RANGE,-4,-3,,0,Fav -3 to -3.5,54,32,22,59.26,45.97,71.32,48.81,10.45,5,80.0,3,2,66.67,POSITIVE,10.45,totals_actionable_findings.csv
HTE0052,1,1,,DRAT_EPRED_CONSENSUS,DRAT_PICK_EQUALS_EPRED_PICK,DRAT_EPRED_SHARED_SIDE,MEAN_DRAT_EPRED_SELECTED_PROB,Under,ProbBucket + SpreadBucket,ProbBucket=65-69.9% | SpreadBucket=Fav -3 to -3.5,2,ProbBucket,FAMILY_SELECTED_PROB,USE_FAMILY_SELECTED_PROB,FAMILY_DEPENDENT,DRAT.home_prob|DRAT.away_prob|EPRED.home_prob|EPRED.away_prob|DRAT.moneyline_home|DRAT.moneyline_away|SCHEDULE.home_spread|SCHEDULE.away_spread,NUMERIC_RANGE,0.65,0.7,,0,65-69.9%,SpreadBucket,SELECTED_SPREAD,SPREAD_FOR_FAMILY_SELECTED_SIDE,SCHEDULE,SCHEDULE.home_spread|SCHEDULE.away_spread,NUMERIC_RANGE,-4,-3,,0,Fav -3 to -3.5,54,22,32,40.74,28.68,54.03,51.19,-10.45,5,80.0,3,2,66.67,NEGATIVE,10.45,totals_actionable_findings.csv
HTE0053,1,1,,ALL3_CONSENSUS,DRAT_PICK_EQUALS_EPRED_PICK_EQUALS_MARKET_PICK,DRAT_EPRED_MARKET_SHARED_SIDE,MEAN_DRAT_EPRED_MARKET_SELECTED_PROB,Over,WeekBucket + ProbBucket,WeekBucket=Weeks 9-13 | ProbBucket=70-74.9%,2,WeekBucket,WEEK,RAW_WEEK,SCHEDULE,SCHEDULE.week,NUMERIC_RANGE,9,14,,0,Weeks 9-13,ProbBucket,FAMILY_SELECTED_PROB,USE_FAMILY_SELECTED_PROB,FAMILY_DEPENDENT,DRAT.home_prob|DRAT.away_prob|EPRED.home_prob|EPRED.away_prob|DRAT.moneyline_home|DRAT.moneyline_away|SCHEDULE.home_spread|SCHEDULE.away_spread,NUMERIC_RANGE,0.7,0.75,,0,70-74.9%,57,34,23,59.65,46.7,71.38,49.44,10.21,5,80.0,3,2,66.67,POSITIVE,10.21,totals_actionable_findings.csv
HTE0054,1,1,,ALL3_CONSENSUS,DRAT_PICK_EQUALS_EPRED_PICK_EQUALS_MARKET_PICK,DRAT_EPRED_MARKET_SHARED_SIDE,MEAN_DRAT_EPRED_MARKET_SELECTED_PROB,Under,WeekBucket + ProbBucket,WeekBucket=Weeks 9-13 | ProbBucket=70-74.9%,2,WeekBucket,WEEK,RAW_WEEK,SCHEDULE,SCHEDULE.week,NUMERIC_RANGE,9,14,,0,Weeks 9-13,ProbBucket,FAMILY_SELECTED_PROB,USE_FAMILY_SELECTED_PROB,FAMILY_DEPENDENT,DRAT.home_prob|DRAT.away_prob|EPRED.home_prob|EPRED.away_prob|DRAT.moneyline_home|DRAT.moneyline_away|SCHEDULE.home_spread|SCHEDULE.away_spread,NUMERIC_RANGE,0.7,0.75,,0,70-74.9%,57,23,34,40.35,28.62,53.3,50.56,-10.21,5,80.0,3,2,66.67,NEGATIVE,10.21,totals_actionable_findings.csv
HTE0055,1,1,,DRAT,DRAT_AVAILABLE,DRAT_MAX_PROB_SIDE,DRAT_MAX_PROB,Over,SelectedVsMarket,SelectedVsMarket=Disagree,1,SelectedVsMarket,FAMILY_VS_MARKET_AGREEMENT,COMPARE_FAMILY_PICK_TO_MARKET_PICK,DRAT|EPRED|SCHEDULE,DRAT.home_prob|DRAT.away_prob|EPRED.home_prob|EPRED.away_prob|DRAT.moneyline_home|DRAT.moneyline_away|SCHEDULE.home_spread|SCHEDULE.away_spread,TEXT_EQUALS,,,Disagree,0,Disagree,,,,,,,,,,,,107,41,66,38.32,29.66,47.78,48.52,-10.2,5,100.0,3,3,100.0,NEGATIVE,10.20,totals_actionable_findings.csv
HTE0056,1,1,,DRAT,DRAT_AVAILABLE,DRAT_MAX_PROB_SIDE,DRAT_MAX_PROB,Under,SelectedVsMarket,SelectedVsMarket=Disagree,1,SelectedVsMarket,FAMILY_VS_MARKET_AGREEMENT,COMPARE_FAMILY_PICK_TO_MARKET_PICK,DRAT|EPRED|SCHEDULE,DRAT.home_prob|DRAT.away_prob|EPRED.home_prob|EPRED.away_prob|DRAT.moneyline_home|DRAT.moneyline_away|SCHEDULE.home_spread|SCHEDULE.away_spread,TEXT_EQUALS,,,Disagree,0,Disagree,,,,,,,,,,,,107,66,41,61.68,52.22,70.34,51.48,10.2,5,100.0,3,3,100.0,POSITIVE,10.20,totals_actionable_findings.csv
HTE0057,1,1,,MARKET,MARKET_AVAILABLE,MARKET_NOVIG_SIDE_ELSE_SPREAD_SIDE,MARKET_NOVIG_SELECTED_PROB,Over,WeekBucket + ProbBucket,WeekBucket=Weeks 1-3 | ProbBucket=55-59.9%,2,WeekBucket,WEEK,RAW_WEEK,SCHEDULE,SCHEDULE.week,NUMERIC_RANGE,1,4,,0,Weeks 1-3,ProbBucket,FAMILY_SELECTED_PROB,USE_FAMILY_SELECTED_PROB,FAMILY_DEPENDENT,DRAT.home_prob|DRAT.away_prob|EPRED.home_prob|EPRED.away_prob|DRAT.moneyline_home|DRAT.moneyline_away|SCHEDULE.home_spread|SCHEDULE.away_spread,NUMERIC_RANGE,0.55,0.6,,0,55-59.9%,60,23,37,38.33,27.09,50.98,48.52,-10.19,5,80.0,3,2,66.67,NEGATIVE,10.19,totals_actionable_findings.csv
HTE0058,1,1,,MARKET,MARKET_AVAILABLE,MARKET_NOVIG_SIDE_ELSE_SPREAD_SIDE,MARKET_NOVIG_SELECTED_PROB,Under,WeekBucket + ProbBucket,WeekBucket=Weeks 1-3 | ProbBucket=55-59.9%,2,WeekBucket,WEEK,RAW_WEEK,SCHEDULE,SCHEDULE.week,NUMERIC_RANGE,1,4,,0,Weeks 1-3,ProbBucket,FAMILY_SELECTED_PROB,USE_FAMILY_SELECTED_PROB,FAMILY_DEPENDENT,DRAT.home_prob|DRAT.away_prob|EPRED.home_prob|EPRED.away_prob|DRAT.moneyline_home|DRAT.moneyline_away|SCHEDULE.home_spread|SCHEDULE.away_spread,NUMERIC_RANGE,0.55,0.6,,0,55-59.9%,60,37,23,61.67,49.02,72.91,51.48,10.19,5,80.0,3,2,66.67,POSITIVE,10.19,totals_actionable_findings.csv
HTE0059,1,1,,DRAT,DRAT_AVAILABLE,DRAT_MAX_PROB_SIDE,DRAT_MAX_PROB,Over,MarketRole,MarketRole=Market Underdog,1,MarketRole,SELECTED_MARKET_ROLE,MARKET_ROLE_FOR_FAMILY_SELECTED_SIDE,DRAT|SCHEDULE,DRAT.moneyline_home|DRAT.moneyline_away|SCHEDULE.home_spread|SCHEDULE.away_spread,TEXT_EQUALS,,,Market Underdog,0,Market Underdog,,,,,,,,,,,,104,40,64,38.46,29.68,48.06,48.52,-10.06,5,100.0,3,3,100.0,NEGATIVE,10.06,totals_actionable_findings.csv
HTE0060,1,1,,DRAT,DRAT_AVAILABLE,DRAT_MAX_PROB_SIDE,DRAT_MAX_PROB,Under,MarketRole,MarketRole=Market Underdog,1,MarketRole,SELECTED_MARKET_ROLE,MARKET_ROLE_FOR_FAMILY_SELECTED_SIDE,DRAT|SCHEDULE,DRAT.moneyline_home|DRAT.moneyline_away|SCHEDULE.home_spread|SCHEDULE.away_spread,TEXT_EQUALS,,,Market Underdog,0,Market Underdog,,,,,,,,,,,,104,64,40,61.54,51.94,70.32,51.48,10.06,5,100.0,3,3,100.0,POSITIVE,10.06,totals_actionable_findings.csv
HTE0061,1,1,,DRAT,DRAT_AVAILABLE,DRAT_MAX_PROB_SIDE,DRAT_MAX_PROB,Over,ProbBucket + SpreadBucket,ProbBucket=<55% | SpreadBucket=Dog +0.5 to +2.5,2,ProbBucket,FAMILY_SELECTED_PROB,USE_FAMILY_SELECTED_PROB,FAMILY_DEPENDENT,DRAT.home_prob|DRAT.away_prob|EPRED.home_prob|EPRED.away_prob|DRAT.moneyline_home|DRAT.moneyline_away|SCHEDULE.home_spread|SCHEDULE.away_spread,NUMERIC_RANGE,,0.55,,0,<55%,SpreadBucket,SELECTED_SPREAD,SPREAD_FOR_FAMILY_SELECTED_SIDE,SCHEDULE,SCHEDULE.home_spread|SCHEDULE.away_spread,NUMERIC_RANGE,1e-06,3,,0,Dog +0.5 to +2.5,70,27,43,38.57,28.05,50.28,48.52,-9.95,5,100.0,3,3,100.0,NEGATIVE,9.95,totals_actionable_findings.csv
HTE0062,1,1,,DRAT,DRAT_AVAILABLE,DRAT_MAX_PROB_SIDE,DRAT_MAX_PROB,Under,ProbBucket + SpreadBucket,ProbBucket=<55% | SpreadBucket=Dog +0.5 to +2.5,2,ProbBucket,FAMILY_SELECTED_PROB,USE_FAMILY_SELECTED_PROB,FAMILY_DEPENDENT,DRAT.home_prob|DRAT.away_prob|EPRED.home_prob|EPRED.away_prob|DRAT.moneyline_home|DRAT.moneyline_away|SCHEDULE.home_spread|SCHEDULE.away_spread,NUMERIC_RANGE,,0.55,,0,<55%,SpreadBucket,SELECTED_SPREAD,SPREAD_FOR_FAMILY_SELECTED_SIDE,SCHEDULE,SCHEDULE.home_spread|SCHEDULE.away_spread,NUMERIC_RANGE,1e-06,3,,0,Dog +0.5 to +2.5,70,43,27,61.43,49.72,71.95,51.48,9.95,5,100.0,3,3,100.0,POSITIVE,9.95,totals_actionable_findings.csv
HTE0063,1,1,,DRAT_EPRED_CONSENSUS,DRAT_PICK_EQUALS_EPRED_PICK,DRAT_EPRED_SHARED_SIDE,MEAN_DRAT_EPRED_SELECTED_PROB,Over,RatingGapBucket + SpreadBucket,RatingGapBucket=3 to 5.9 | SpreadBucket=Fav -0.5 to -2.5,2,RatingGapBucket,SELECTED_EPRED_RATING_GAP,EPRED_RATING_SELECTED_MINUS_OPPONENT,EPRED,EPRED.home_rating|EPRED.away_rating,NUMERIC_RANGE,3,6,,0,3 to 5.9,SpreadBucket,SELECTED_SPREAD,SPREAD_FOR_FAMILY_SELECTED_SIDE,SCHEDULE,SCHEDULE.home_spread|SCHEDULE.away_spread,NUMERIC_RANGE,-3,0,,0,Fav -0.5 to -2.5,105,41,64,39.05,30.26,48.61,48.81,-9.76,5,80.0,3,3,100.0,NEGATIVE,9.76,totals_actionable_findings.csv
HTE0064,1,1,,DRAT_EPRED_CONSENSUS,DRAT_PICK_EQUALS_EPRED_PICK,DRAT_EPRED_SHARED_SIDE,MEAN_DRAT_EPRED_SELECTED_PROB,Under,RatingGapBucket + SpreadBucket,RatingGapBucket=3 to 5.9 | SpreadBucket=Fav -0.5 to -2.5,2,RatingGapBucket,SELECTED_EPRED_RATING_GAP,EPRED_RATING_SELECTED_MINUS_OPPONENT,EPRED,EPRED.home_rating|EPRED.away_rating,NUMERIC_RANGE,3,6,,0,3 to 5.9,SpreadBucket,SELECTED_SPREAD,SPREAD_FOR_FAMILY_SELECTED_SIDE,SCHEDULE,SCHEDULE.home_spread|SCHEDULE.away_spread,NUMERIC_RANGE,-3,0,,0,Fav -0.5 to -2.5,105,64,41,60.95,51.39,69.74,51.19,9.76,5,80.0,3,3,100.0,POSITIVE,9.76,totals_actionable_findings.csv
HTE0065,1,1,,MARKET,MARKET_AVAILABLE,MARKET_NOVIG_SIDE_ELSE_SPREAD_SIDE,MARKET_NOVIG_SELECTED_PROB,Over,ProbBucket + SpreadBucket,ProbBucket=60-64.9% | SpreadBucket=Fav -3 to -3.5,2,ProbBucket,FAMILY_SELECTED_PROB,USE_FAMILY_SELECTED_PROB,FAMILY_DEPENDENT,DRAT.home_prob|DRAT.away_prob|EPRED.home_prob|EPRED.away_prob|DRAT.moneyline_home|DRAT.moneyline_away|SCHEDULE.home_spread|SCHEDULE.away_spread,NUMERIC_RANGE,0.6,0.65,,0,60-64.9%,SpreadBucket,SELECTED_SPREAD,SPREAD_FOR_FAMILY_SELECTED_SIDE,SCHEDULE,SCHEDULE.home_spread|SCHEDULE.away_spread,NUMERIC_RANGE,-4,-3,,0,Fav -3 to -3.5,134,78,56,58.21,49.74,66.22,48.52,9.69,5,100.0,4,4,100.0,POSITIVE,9.69,totals_actionable_findings.csv
HTE0066,1,1,,MARKET,MARKET_AVAILABLE,MARKET_NOVIG_SIDE_ELSE_SPREAD_SIDE,MARKET_NOVIG_SELECTED_PROB,Under,ProbBucket + SpreadBucket,ProbBucket=60-64.9% | SpreadBucket=Fav -3 to -3.5,2,ProbBucket,FAMILY_SELECTED_PROB,USE_FAMILY_SELECTED_PROB,FAMILY_DEPENDENT,DRAT.home_prob|DRAT.away_prob|EPRED.home_prob|EPRED.away_prob|DRAT.moneyline_home|DRAT.moneyline_away|SCHEDULE.home_spread|SCHEDULE.away_spread,NUMERIC_RANGE,0.6,0.65,,0,60-64.9%,SpreadBucket,SELECTED_SPREAD,SPREAD_FOR_FAMILY_SELECTED_SIDE,SCHEDULE,SCHEDULE.home_spread|SCHEDULE.away_spread,NUMERIC_RANGE,-4,-3,,0,Fav -3 to -3.5,134,56,78,41.79,33.78,50.26,51.48,-9.69,5,100.0,4,4,100.0,NEGATIVE,9.69,totals_actionable_findings.csv
HTE0067,1,1,,ALL3_CONSENSUS,DRAT_PICK_EQUALS_EPRED_PICK_EQUALS_MARKET_PICK,DRAT_EPRED_MARKET_SHARED_SIDE,MEAN_DRAT_EPRED_MARKET_SELECTED_PROB,Over,ProbBucket + RatingGapBucket,ProbBucket=75-79.9% | RatingGapBucket=6 to 9.9,2,ProbBucket,FAMILY_SELECTED_PROB,USE_FAMILY_SELECTED_PROB,FAMILY_DEPENDENT,DRAT.home_prob|DRAT.away_prob|EPRED.home_prob|EPRED.away_prob|DRAT.moneyline_home|DRAT.moneyline_away|SCHEDULE.home_spread|SCHEDULE.away_spread,NUMERIC_RANGE,0.75,0.8,,0,75-79.9%,RatingGapBucket,SELECTED_EPRED_RATING_GAP,EPRED_RATING_SELECTED_MINUS_OPPONENT,EPRED,EPRED.home_rating|EPRED.away_rating,NUMERIC_RANGE,6,10,,0,6 to 9.9,66,39,27,59.09,47.05,70.13,49.44,9.65,5,80.0,3,2,66.67,POSITIVE,9.65,totals_actionable_findings.csv
HTE0068,1,1,,ALL3_CONSENSUS,DRAT_PICK_EQUALS_EPRED_PICK_EQUALS_MARKET_PICK,DRAT_EPRED_MARKET_SHARED_SIDE,MEAN_DRAT_EPRED_MARKET_SELECTED_PROB,Under,ProbBucket + RatingGapBucket,ProbBucket=75-79.9% | RatingGapBucket=6 to 9.9,2,ProbBucket,FAMILY_SELECTED_PROB,USE_FAMILY_SELECTED_PROB,FAMILY_DEPENDENT,DRAT.home_prob|DRAT.away_prob|EPRED.home_prob|EPRED.away_prob|DRAT.moneyline_home|DRAT.moneyline_away|SCHEDULE.home_spread|SCHEDULE.away_spread,NUMERIC_RANGE,0.75,0.8,,0,75-79.9%,RatingGapBucket,SELECTED_EPRED_RATING_GAP,EPRED_RATING_SELECTED_MINUS_OPPONENT,EPRED,EPRED.home_rating|EPRED.away_rating,NUMERIC_RANGE,6,10,,0,6 to 9.9,66,27,39,40.91,29.87,52.95,50.56,-9.65,5,80.0,3,2,66.67,NEGATIVE,9.65,totals_actionable_findings.csv
HTE0069,1,1,,ALL3_CONSENSUS,DRAT_PICK_EQUALS_EPRED_PICK_EQUALS_MARKET_PICK,DRAT_EPRED_MARKET_SHARED_SIDE,MEAN_DRAT_EPRED_MARKET_SELECTED_PROB,Over,RatingGapBucket + SpreadBucket,RatingGapBucket=3 to 5.9 | SpreadBucket=Fav -0.5 to -2.5,2,RatingGapBucket,SELECTED_EPRED_RATING_GAP,EPRED_RATING_SELECTED_MINUS_OPPONENT,EPRED,EPRED.home_rating|EPRED.away_rating,NUMERIC_RANGE,3,6,,0,3 to 5.9,SpreadBucket,SELECTED_SPREAD,SPREAD_FOR_FAMILY_SELECTED_SIDE,SCHEDULE,SCHEDULE.home_spread|SCHEDULE.away_spread,NUMERIC_RANGE,-3,0,,0,Fav -0.5 to -2.5,103,41,62,39.81,30.88,49.46,49.44,-9.64,5,100.0,3,3,100.0,NEGATIVE,9.64,totals_actionable_findings.csv
HTE0070,1,1,,ALL3_CONSENSUS,DRAT_PICK_EQUALS_EPRED_PICK_EQUALS_MARKET_PICK,DRAT_EPRED_MARKET_SHARED_SIDE,MEAN_DRAT_EPRED_MARKET_SELECTED_PROB,Under,RatingGapBucket + SpreadBucket,RatingGapBucket=3 to 5.9 | SpreadBucket=Fav -0.5 to -2.5,2,RatingGapBucket,SELECTED_EPRED_RATING_GAP,EPRED_RATING_SELECTED_MINUS_OPPONENT,EPRED,EPRED.home_rating|EPRED.away_rating,NUMERIC_RANGE,3,6,,0,3 to 5.9,SpreadBucket,SELECTED_SPREAD,SPREAD_FOR_FAMILY_SELECTED_SIDE,SCHEDULE,SCHEDULE.home_spread|SCHEDULE.away_spread,NUMERIC_RANGE,-3,0,,0,Fav -0.5 to -2.5,103,62,41,60.19,50.54,69.12,50.56,9.64,5,100.0,3,3,100.0,POSITIVE,9.64,totals_actionable_findings.csv
HTE0071,1,1,,DRAT,DRAT_AVAILABLE,DRAT_MAX_PROB_SIDE,DRAT_MAX_PROB,Over,ProbBucket + RatingGapBucket,ProbBucket=<55% | RatingGapBucket=-3 to 0,2,ProbBucket,FAMILY_SELECTED_PROB,USE_FAMILY_SELECTED_PROB,FAMILY_DEPENDENT,DRAT.home_prob|DRAT.away_prob|EPRED.home_prob|EPRED.away_prob|DRAT.moneyline_home|DRAT.moneyline_away|SCHEDULE.home_spread|SCHEDULE.away_spread,NUMERIC_RANGE,,0.55,,0,<55%,RatingGapBucket,SELECTED_EPRED_RATING_GAP,EPRED_RATING_SELECTED_MINUS_OPPONENT,EPRED,EPRED.home_rating|EPRED.away_rating,NUMERIC_RANGE,-3,0,,0,-3 to 0,72,28,44,38.89,28.47,50.44,48.52,-9.63,5,80.0,3,2,66.67,NEGATIVE,9.63,totals_actionable_findings.csv
HTE0072,1,1,,DRAT,DRAT_AVAILABLE,DRAT_MAX_PROB_SIDE,DRAT_MAX_PROB,Under,ProbBucket + RatingGapBucket,ProbBucket=<55% | RatingGapBucket=-3 to 0,2,ProbBucket,FAMILY_SELECTED_PROB,USE_FAMILY_SELECTED_PROB,FAMILY_DEPENDENT,DRAT.home_prob|DRAT.away_prob|EPRED.home_prob|EPRED.away_prob|DRAT.moneyline_home|DRAT.moneyline_away|SCHEDULE.home_spread|SCHEDULE.away_spread,NUMERIC_RANGE,,0.55,,0,<55%,RatingGapBucket,SELECTED_EPRED_RATING_GAP,EPRED_RATING_SELECTED_MINUS_OPPONENT,EPRED,EPRED.home_rating|EPRED.away_rating,NUMERIC_RANGE,-3,0,,0,-3 to 0,72,44,28,61.11,49.56,71.53,51.48,9.63,5,80.0,3,2,66.67,POSITIVE,9.63,totals_actionable_findings.csv
HTE0073,1,1,,MARKET,MARKET_AVAILABLE,MARKET_NOVIG_SIDE_ELSE_SPREAD_SIDE,MARKET_NOVIG_SELECTED_PROB,Over,ProbBucket + RatingGapBucket,ProbBucket=55-59.9% | RatingGapBucket=3 to 5.9,2,ProbBucket,FAMILY_SELECTED_PROB,USE_FAMILY_SELECTED_PROB,FAMILY_DEPENDENT,DRAT.home_prob|DRAT.away_prob|EPRED.home_prob|EPRED.away_prob|DRAT.moneyline_home|DRAT.moneyline_away|SCHEDULE.home_spread|SCHEDULE.away_spread,NUMERIC_RANGE,0.55,0.6,,0,55-59.9%,RatingGapBucket,SELECTED_EPRED_RATING_GAP,EPRED_RATING_SELECTED_MINUS_OPPONENT,EPRED,EPRED.home_rating|EPRED.away_rating,NUMERIC_RANGE,3,6,,0,3 to 5.9,64,25,39,39.06,28.06,51.31,48.52,-9.46,5,80.0,3,2,66.67,NEGATIVE,9.46,totals_actionable_findings.csv
HTE0074,1,1,,MARKET,MARKET_AVAILABLE,MARKET_NOVIG_SIDE_ELSE_SPREAD_SIDE,MARKET_NOVIG_SELECTED_PROB,Under,ProbBucket + RatingGapBucket,ProbBucket=55-59.9% | RatingGapBucket=3 to 5.9,2,ProbBucket,FAMILY_SELECTED_PROB,USE_FAMILY_SELECTED_PROB,FAMILY_DEPENDENT,DRAT.home_prob|DRAT.away_prob|EPRED.home_prob|EPRED.away_prob|DRAT.moneyline_home|DRAT.moneyline_away|SCHEDULE.home_spread|SCHEDULE.away_spread,NUMERIC_RANGE,0.55,0.6,,0,55-59.9%,RatingGapBucket,SELECTED_EPRED_RATING_GAP,EPRED_RATING_SELECTED_MINUS_OPPONENT,EPRED,EPRED.home_rating|EPRED.away_rating,NUMERIC_RANGE,3,6,,0,3 to 5.9,64,39,25,60.94,48.69,71.94,51.48,9.46,5,80.0,3,2,66.67,POSITIVE,9.46,totals_actionable_findings.csv
HTE0075,1,1,,DRAT,DRAT_AVAILABLE,DRAT_MAX_PROB_SIDE,DRAT_MAX_PROB,Over,SpreadBucket,SpreadBucket=Dog +0.5 to +2.5,1,SpreadBucket,SELECTED_SPREAD,SPREAD_FOR_FAMILY_SELECTED_SIDE,SCHEDULE,SCHEDULE.home_spread|SCHEDULE.away_spread,NUMERIC_RANGE,1e-06,3,,0,Dog +0.5 to +2.5,,,,,,,,,,,,87,34,53,39.08,29.5,49.59,48.52,-9.44,5,100.0,3,3,100.0,NEGATIVE,9.44,totals_actionable_findings.csv
HTE0076,1,1,,DRAT,DRAT_AVAILABLE,DRAT_MAX_PROB_SIDE,DRAT_MAX_PROB,Under,SpreadBucket,SpreadBucket=Dog +0.5 to +2.5,1,SpreadBucket,SELECTED_SPREAD,SPREAD_FOR_FAMILY_SELECTED_SIDE,SCHEDULE,SCHEDULE.home_spread|SCHEDULE.away_spread,NUMERIC_RANGE,1e-06,3,,0,Dog +0.5 to +2.5,,,,,,,,,,,,87,53,34,60.92,50.41,70.5,51.48,9.44,5,100.0,3,3,100.0,POSITIVE,9.44,totals_actionable_findings.csv
HTE0077,1,1,,MARKET,MARKET_AVAILABLE,MARKET_NOVIG_SIDE_ELSE_SPREAD_SIDE,MARKET_NOVIG_SELECTED_PROB,Over,ProbBucket + MarketRole,ProbBucket=<55% | MarketRole=Market Favorite,2,ProbBucket,FAMILY_SELECTED_PROB,USE_FAMILY_SELECTED_PROB,FAMILY_DEPENDENT,DRAT.home_prob|DRAT.away_prob|EPRED.home_prob|EPRED.away_prob|DRAT.moneyline_home|DRAT.moneyline_away|SCHEDULE.home_spread|SCHEDULE.away_spread,NUMERIC_RANGE,,0.55,,0,<55%,MarketRole,SELECTED_MARKET_ROLE,MARKET_ROLE_FOR_FAMILY_SELECTED_SIDE,DRAT|SCHEDULE,DRAT.moneyline_home|DRAT.moneyline_away|SCHEDULE.home_spread|SCHEDULE.away_spread,TEXT_EQUALS,,,Market Favorite,0,Market Favorite,158,62,96,39.24,31.97,47.02,48.52,-9.28,5,100.0,4,4,100.0,NEGATIVE,9.28,totals_actionable_findings.csv
HTE0078,1,1,,MARKET,MARKET_AVAILABLE,MARKET_NOVIG_SIDE_ELSE_SPREAD_SIDE,MARKET_NOVIG_SELECTED_PROB,Under,ProbBucket + MarketRole,ProbBucket=<55% | MarketRole=Market Favorite,2,ProbBucket,FAMILY_SELECTED_PROB,USE_FAMILY_SELECTED_PROB,FAMILY_DEPENDENT,DRAT.home_prob|DRAT.away_prob|EPRED.home_prob|EPRED.away_prob|DRAT.moneyline_home|DRAT.moneyline_away|SCHEDULE.home_spread|SCHEDULE.away_spread,NUMERIC_RANGE,,0.55,,0,<55%,MarketRole,SELECTED_MARKET_ROLE,MARKET_ROLE_FOR_FAMILY_SELECTED_SIDE,DRAT|SCHEDULE,DRAT.moneyline_home|DRAT.moneyline_away|SCHEDULE.home_spread|SCHEDULE.away_spread,TEXT_EQUALS,,,Market Favorite,0,Market Favorite,158,96,62,60.76,52.98,68.03,51.48,9.28,5,100.0,4,4,100.0,POSITIVE,9.28,totals_actionable_findings.csv
HTE0079,1,1,,DRAT,DRAT_AVAILABLE,DRAT_MAX_PROB_SIDE,DRAT_MAX_PROB,Over,ProbBucket + RatingGapBucket,ProbBucket=75-79.9% | RatingGapBucket=6 to 9.9,2,ProbBucket,FAMILY_SELECTED_PROB,USE_FAMILY_SELECTED_PROB,FAMILY_DEPENDENT,DRAT.home_prob|DRAT.away_prob|EPRED.home_prob|EPRED.away_prob|DRAT.moneyline_home|DRAT.moneyline_away|SCHEDULE.home_spread|SCHEDULE.away_spread,NUMERIC_RANGE,0.75,0.8,,0,75-79.9%,RatingGapBucket,SELECTED_EPRED_RATING_GAP,EPRED_RATING_SELECTED_MINUS_OPPONENT,EPRED,EPRED.home_rating|EPRED.away_rating,NUMERIC_RANGE,6,10,,0,6 to 9.9,66,38,28,57.58,45.56,68.76,48.52,9.06,5,80.0,3,2,66.67,POSITIVE,9.06,totals_actionable_findings.csv
HTE0080,1,1,,DRAT,DRAT_AVAILABLE,DRAT_MAX_PROB_SIDE,DRAT_MAX_PROB,Under,ProbBucket + RatingGapBucket,ProbBucket=75-79.9% | RatingGapBucket=6 to 9.9,2,ProbBucket,FAMILY_SELECTED_PROB,USE_FAMILY_SELECTED_PROB,FAMILY_DEPENDENT,DRAT.home_prob|DRAT.away_prob|EPRED.home_prob|EPRED.away_prob|DRAT.moneyline_home|DRAT.moneyline_away|SCHEDULE.home_spread|SCHEDULE.away_spread,NUMERIC_RANGE,0.75,0.8,,0,75-79.9%,RatingGapBucket,SELECTED_EPRED_RATING_GAP,EPRED_RATING_SELECTED_MINUS_OPPONENT,EPRED,EPRED.home_rating|EPRED.away_rating,NUMERIC_RANGE,6,10,,0,6 to 9.9,66,28,38,42.42,31.24,54.44,51.48,-9.06,5,80.0,3,2,66.67,NEGATIVE,9.06,totals_actionable_findings.csv
HTE0081,1,1,,ALL3_CONSENSUS,DRAT_PICK_EQUALS_EPRED_PICK_EQUALS_MARKET_PICK,DRAT_EPRED_MARKET_SHARED_SIDE,MEAN_DRAT_EPRED_MARKET_SELECTED_PROB,Over,WeekBucket + ProbBucket,WeekBucket=Weeks 1-3 | ProbBucket=55-59.9%,2,WeekBucket,WEEK,RAW_WEEK,SCHEDULE,SCHEDULE.week,NUMERIC_RANGE,1,4,,0,Weeks 1-3,ProbBucket,FAMILY_SELECTED_PROB,USE_FAMILY_SELECTED_PROB,FAMILY_DEPENDENT,DRAT.home_prob|DRAT.away_prob|EPRED.home_prob|EPRED.away_prob|DRAT.moneyline_home|DRAT.moneyline_away|SCHEDULE.home_spread|SCHEDULE.away_spread,NUMERIC_RANGE,0.55,0.6,,0,55-59.9%,52,21,31,40.38,28.16,53.93,49.44,-9.06,5,80.0,3,2,66.67,NEGATIVE,9.06,totals_actionable_findings.csv
HTE0082,1,1,,ALL3_CONSENSUS,DRAT_PICK_EQUALS_EPRED_PICK_EQUALS_MARKET_PICK,DRAT_EPRED_MARKET_SHARED_SIDE,MEAN_DRAT_EPRED_MARKET_SELECTED_PROB,Under,WeekBucket + ProbBucket,WeekBucket=Weeks 1-3 | ProbBucket=55-59.9%,2,WeekBucket,WEEK,RAW_WEEK,SCHEDULE,SCHEDULE.week,NUMERIC_RANGE,1,4,,0,Weeks 1-3,ProbBucket,FAMILY_SELECTED_PROB,USE_FAMILY_SELECTED_PROB,FAMILY_DEPENDENT,DRAT.home_prob|DRAT.away_prob|EPRED.home_prob|EPRED.away_prob|DRAT.moneyline_home|DRAT.moneyline_away|SCHEDULE.home_spread|SCHEDULE.away_spread,NUMERIC_RANGE,0.55,0.6,,0,55-59.9%,52,31,21,59.62,46.07,71.84,50.56,9.06,5,80.0,3,2,66.67,POSITIVE,9.06,totals_actionable_findings.csv
HTE0083,1,1,,MARKET,MARKET_AVAILABLE,MARKET_NOVIG_SIDE_ELSE_SPREAD_SIDE,MARKET_NOVIG_SELECTED_PROB,Over,ProbBucket,ProbBucket=<55%,1,ProbBucket,FAMILY_SELECTED_PROB,USE_FAMILY_SELECTED_PROB,FAMILY_DEPENDENT,DRAT.home_prob|DRAT.away_prob|EPRED.home_prob|EPRED.away_prob|DRAT.moneyline_home|DRAT.moneyline_away|SCHEDULE.home_spread|SCHEDULE.away_spread,NUMERIC_RANGE,,0.55,,0,<55%,,,,,,,,,,,,162,64,98,39.51,32.3,47.19,48.52,-9.01,5,100.0,4,4,100.0,NEGATIVE,9.01,totals_actionable_findings.csv
HTE0084,1,1,,MARKET,MARKET_AVAILABLE,MARKET_NOVIG_SIDE_ELSE_SPREAD_SIDE,MARKET_NOVIG_SELECTED_PROB,Over,SelectedVsMarket + ProbBucket,SelectedVsMarket=Agree | ProbBucket=<55%,2,SelectedVsMarket,FAMILY_VS_MARKET_AGREEMENT,COMPARE_FAMILY_PICK_TO_MARKET_PICK,DRAT|EPRED|SCHEDULE,DRAT.home_prob|DRAT.away_prob|EPRED.home_prob|EPRED.away_prob|DRAT.moneyline_home|DRAT.moneyline_away|SCHEDULE.home_spread|SCHEDULE.away_spread,TEXT_EQUALS,,,Agree,0,Agree,ProbBucket,FAMILY_SELECTED_PROB,USE_FAMILY_SELECTED_PROB,FAMILY_DEPENDENT,DRAT.home_prob|DRAT.away_prob|EPRED.home_prob|EPRED.away_prob|DRAT.moneyline_home|DRAT.moneyline_away|SCHEDULE.home_spread|SCHEDULE.away_spread,NUMERIC_RANGE,,0.55,,0,<55%,162,64,98,39.51,32.3,47.19,48.52,-9.01,5,100.0,4,4,100.0,NEGATIVE,9.01,totals_actionable_findings.csv
HTE0085,1,1,,MARKET,MARKET_AVAILABLE,MARKET_NOVIG_SIDE_ELSE_SPREAD_SIDE,MARKET_NOVIG_SELECTED_PROB,Under,ProbBucket,ProbBucket=<55%,1,ProbBucket,FAMILY_SELECTED_PROB,USE_FAMILY_SELECTED_PROB,FAMILY_DEPENDENT,DRAT.home_prob|DRAT.away_prob|EPRED.home_prob|EPRED.away_prob|DRAT.moneyline_home|DRAT.moneyline_away|SCHEDULE.home_spread|SCHEDULE.away_spread,NUMERIC_RANGE,,0.55,,0,<55%,,,,,,,,,,,,162,98,64,60.49,52.81,67.7,51.48,9.01,5,100.0,4,4,100.0,POSITIVE,9.01,totals_actionable_findings.csv
HTE0086,1,1,,MARKET,MARKET_AVAILABLE,MARKET_NOVIG_SIDE_ELSE_SPREAD_SIDE,MARKET_NOVIG_SELECTED_PROB,Under,SelectedVsMarket + ProbBucket,SelectedVsMarket=Agree | ProbBucket=<55%,2,SelectedVsMarket,FAMILY_VS_MARKET_AGREEMENT,COMPARE_FAMILY_PICK_TO_MARKET_PICK,DRAT|EPRED|SCHEDULE,DRAT.home_prob|DRAT.away_prob|EPRED.home_prob|EPRED.away_prob|DRAT.moneyline_home|DRAT.moneyline_away|SCHEDULE.home_spread|SCHEDULE.away_spread,TEXT_EQUALS,,,Agree,0,Agree,ProbBucket,FAMILY_SELECTED_PROB,USE_FAMILY_SELECTED_PROB,FAMILY_DEPENDENT,DRAT.home_prob|DRAT.away_prob|EPRED.home_prob|EPRED.away_prob|DRAT.moneyline_home|DRAT.moneyline_away|SCHEDULE.home_spread|SCHEDULE.away_spread,NUMERIC_RANGE,,0.55,,0,<55%,162,98,64,60.49,52.81,67.7,51.48,9.01,5,100.0,4,4,100.0,POSITIVE,9.01,totals_actionable_findings.csv
HTE0087,1,1,,DRAT,DRAT_AVAILABLE,DRAT_MAX_PROB_SIDE,DRAT_MAX_PROB,Over,RatingGapBucket + SpreadBucket,RatingGapBucket=3 to 5.9 | SpreadBucket=Fav -0.5 to -2.5,2,RatingGapBucket,SELECTED_EPRED_RATING_GAP,EPRED_RATING_SELECTED_MINUS_OPPONENT,EPRED,EPRED.home_rating|EPRED.away_rating,NUMERIC_RANGE,3,6,,0,3 to 5.9,SpreadBucket,SELECTED_SPREAD,SPREAD_FOR_FAMILY_SELECTED_SIDE,SCHEDULE,SCHEDULE.home_spread|SCHEDULE.away_spread,NUMERIC_RANGE,-3,0,,0,Fav -0.5 to -2.5,111,44,67,39.64,31.03,48.94,48.52,-8.88,5,100.0,3,3,100.0,NEGATIVE,8.88,totals_actionable_findings.csv
HTE0088,1,1,,DRAT,DRAT_AVAILABLE,DRAT_MAX_PROB_SIDE,DRAT_MAX_PROB,Under,RatingGapBucket + SpreadBucket,RatingGapBucket=3 to 5.9 | SpreadBucket=Fav -0.5 to -2.5,2,RatingGapBucket,SELECTED_EPRED_RATING_GAP,EPRED_RATING_SELECTED_MINUS_OPPONENT,EPRED,EPRED.home_rating|EPRED.away_rating,NUMERIC_RANGE,3,6,,0,3 to 5.9,SpreadBucket,SELECTED_SPREAD,SPREAD_FOR_FAMILY_SELECTED_SIDE,SCHEDULE,SCHEDULE.home_spread|SCHEDULE.away_spread,NUMERIC_RANGE,-3,0,,0,Fav -0.5 to -2.5,111,67,44,60.36,51.06,68.97,51.48,8.88,5,100.0,3,3,100.0,POSITIVE,8.88,totals_actionable_findings.csv
HTE0089,1,1,,DRAT_EPRED_CONSENSUS,DRAT_PICK_EQUALS_EPRED_PICK,DRAT_EPRED_SHARED_SIDE,MEAN_DRAT_EPRED_SELECTED_PROB,Over,ModelMarketEdgeBucket,ModelMarketEdgeBucket=+5 to +10 pts,1,ModelMarketEdgeBucket,FAMILY_MARKET_EDGE_PP,FAMILY_SELECTED_PROB_MINUS_MARKET_SELECTED_PROB_X100,DRAT|EPRED|SCHEDULE,DRAT.home_prob|DRAT.away_prob|EPRED.home_prob|EPRED.away_prob|DRAT.moneyline_home|DRAT.moneyline_away|SCHEDULE.home_spread|SCHEDULE.away_spread,NUMERIC_RANGE,5,10,,0,+5 to +10 pts,,,,,,,,,,,,125,50,75,40.0,31.83,48.76,48.81,-8.81,5,80.0,3,2,66.67,NEGATIVE,8.81,totals_actionable_findings.csv
HTE0090,1,1,,DRAT_EPRED_CONSENSUS,DRAT_PICK_EQUALS_EPRED_PICK,DRAT_EPRED_SHARED_SIDE,MEAN_DRAT_EPRED_SELECTED_PROB,Under,ModelMarketEdgeBucket,ModelMarketEdgeBucket=+5 to +10 pts,1,ModelMarketEdgeBucket,FAMILY_MARKET_EDGE_PP,FAMILY_SELECTED_PROB_MINUS_MARKET_SELECTED_PROB_X100,DRAT|EPRED|SCHEDULE,DRAT.home_prob|DRAT.away_prob|EPRED.home_prob|EPRED.away_prob|DRAT.moneyline_home|DRAT.moneyline_away|SCHEDULE.home_spread|SCHEDULE.away_spread,NUMERIC_RANGE,5,10,,0,+5 to +10 pts,,,,,,,,,,,,125,75,50,60.0,51.24,68.17,51.19,8.81,5,80.0,3,2,66.67,POSITIVE,8.81,totals_actionable_findings.csv
HTE0091,1,1,,DRAT,DRAT_AVAILABLE,DRAT_MAX_PROB_SIDE,DRAT_MAX_PROB,Over,SpreadBucket,SpreadBucket=Fav -7 to -9.5,1,SpreadBucket,SELECTED_SPREAD,SPREAD_FOR_FAMILY_SELECTED_SIDE,SCHEDULE,SCHEDULE.home_spread|SCHEDULE.away_spread,NUMERIC_RANGE,-10,-7,,0,Fav -7 to -9.5,,,,,,,,,,,,166,95,71,57.23,49.62,64.51,48.52,8.71,5,100.0,4,4,100.0,POSITIVE,8.71,totals_actionable_findings.csv
HTE0092,1,1,,DRAT,DRAT_AVAILABLE,DRAT_MAX_PROB_SIDE,DRAT_MAX_PROB,Under,SpreadBucket,SpreadBucket=Fav -7 to -9.5,1,SpreadBucket,SELECTED_SPREAD,SPREAD_FOR_FAMILY_SELECTED_SIDE,SCHEDULE,SCHEDULE.home_spread|SCHEDULE.away_spread,NUMERIC_RANGE,-10,-7,,0,Fav -7 to -9.5,,,,,,,,,,,,166,71,95,42.77,35.49,50.38,51.48,-8.71,5,100.0,4,4,100.0,NEGATIVE,8.71,totals_actionable_findings.csv
HTE0093,1,1,,EPRED,EPRED_AVAILABLE,EPRED_NORMALIZED_MAX_PROB_SIDE,EPRED_NORMALIZED_MAX_PROB,Over,SpreadBucket,SpreadBucket=Fav -7 to -9.5,1,SpreadBucket,SELECTED_SPREAD,SPREAD_FOR_FAMILY_SELECTED_SIDE,SCHEDULE,SCHEDULE.home_spread|SCHEDULE.away_spread,NUMERIC_RANGE,-10,-7,,0,Fav -7 to -9.5,,,,,,,,,,,,166,95,71,57.23,49.62,64.51,48.52,8.71,5,100.0,4,4,100.0,POSITIVE,8.71,totals_actionable_findings.csv
HTE0094,1,1,,EPRED,EPRED_AVAILABLE,EPRED_NORMALIZED_MAX_PROB_SIDE,EPRED_NORMALIZED_MAX_PROB,Under,SpreadBucket,SpreadBucket=Fav -7 to -9.5,1,SpreadBucket,SELECTED_SPREAD,SPREAD_FOR_FAMILY_SELECTED_SIDE,SCHEDULE,SCHEDULE.home_spread|SCHEDULE.away_spread,NUMERIC_RANGE,-10,-7,,0,Fav -7 to -9.5,,,,,,,,,,,,166,71,95,42.77,35.49,50.38,51.48,-8.71,5,100.0,4,4,100.0,NEGATIVE,8.71,totals_actionable_findings.csv
HTE0095,1,1,,MARKET,MARKET_AVAILABLE,MARKET_NOVIG_SIDE_ELSE_SPREAD_SIDE,MARKET_NOVIG_SELECTED_PROB,Over,SpreadBucket,SpreadBucket=Fav -7 to -9.5,1,SpreadBucket,SELECTED_SPREAD,SPREAD_FOR_FAMILY_SELECTED_SIDE,SCHEDULE,SCHEDULE.home_spread|SCHEDULE.away_spread,NUMERIC_RANGE,-10,-7,,0,Fav -7 to -9.5,,,,,,,,,,,,166,95,71,57.23,49.62,64.51,48.52,8.71,5,100.0,4,4,100.0,POSITIVE,8.71,totals_actionable_findings.csv
HTE0096,1,1,,MARKET,MARKET_AVAILABLE,MARKET_NOVIG_SIDE_ELSE_SPREAD_SIDE,MARKET_NOVIG_SELECTED_PROB,Under,SpreadBucket,SpreadBucket=Fav -7 to -9.5,1,SpreadBucket,SELECTED_SPREAD,SPREAD_FOR_FAMILY_SELECTED_SIDE,SCHEDULE,SCHEDULE.home_spread|SCHEDULE.away_spread,NUMERIC_RANGE,-10,-7,,0,Fav -7 to -9.5,,,,,,,,,,,,166,71,95,42.77,35.49,50.38,51.48,-8.71,5,100.0,4,4,100.0,NEGATIVE,8.71,totals_actionable_findings.csv
HTE0097,1,1,,DRAT,DRAT_AVAILABLE,DRAT_MAX_PROB_SIDE,DRAT_MAX_PROB,Over,ProbBucket + SpreadBucket,ProbBucket=55-59.9% | SpreadBucket=Fav -0.5 to -2.5,2,ProbBucket,FAMILY_SELECTED_PROB,USE_FAMILY_SELECTED_PROB,FAMILY_DEPENDENT,DRAT.home_prob|DRAT.away_prob|EPRED.home_prob|EPRED.away_prob|DRAT.moneyline_home|DRAT.moneyline_away|SCHEDULE.home_spread|SCHEDULE.away_spread,NUMERIC_RANGE,0.55,0.6,,0,55-59.9%,SpreadBucket,SELECTED_SPREAD,SPREAD_FOR_FAMILY_SELECTED_SIDE,SCHEDULE,SCHEDULE.home_spread|SCHEDULE.away_spread,NUMERIC_RANGE,-3,0,,0,Fav -0.5 to -2.5,138,55,83,39.86,32.07,48.19,48.52,-8.66,5,80.0,3,2,66.67,NEGATIVE,8.66,totals_actionable_findings.csv
HTE0098,1,1,,DRAT,DRAT_AVAILABLE,DRAT_MAX_PROB_SIDE,DRAT_MAX_PROB,Under,ProbBucket + SpreadBucket,ProbBucket=55-59.9% | SpreadBucket=Fav -0.5 to -2.5,2,ProbBucket,FAMILY_SELECTED_PROB,USE_FAMILY_SELECTED_PROB,FAMILY_DEPENDENT,DRAT.home_prob|DRAT.away_prob|EPRED.home_prob|EPRED.away_prob|DRAT.moneyline_home|DRAT.moneyline_away|SCHEDULE.home_spread|SCHEDULE.away_spread,NUMERIC_RANGE,0.55,0.6,,0,55-59.9%,SpreadBucket,SELECTED_SPREAD,SPREAD_FOR_FAMILY_SELECTED_SIDE,SCHEDULE,SCHEDULE.home_spread|SCHEDULE.away_spread,NUMERIC_RANGE,-3,0,,0,Fav -0.5 to -2.5,138,83,55,60.14,51.81,67.93,51.48,8.66,5,80.0,3,2,66.67,POSITIVE,8.66,totals_actionable_findings.csv
HTE0099,1,1,,ALL3_CONSENSUS,DRAT_PICK_EQUALS_EPRED_PICK_EQUALS_MARKET_PICK,DRAT_EPRED_MARKET_SHARED_SIDE,MEAN_DRAT_EPRED_MARKET_SELECTED_PROB,Over,ProbBucket + SpreadBucket,ProbBucket=75-79.9% | SpreadBucket=Fav -7 to -9.5,2,ProbBucket,FAMILY_SELECTED_PROB,USE_FAMILY_SELECTED_PROB,FAMILY_DEPENDENT,DRAT.home_prob|DRAT.away_prob|EPRED.home_prob|EPRED.away_prob|DRAT.moneyline_home|DRAT.moneyline_away|SCHEDULE.home_spread|SCHEDULE.away_spread,NUMERIC_RANGE,0.75,0.8,,0,75-79.9%,SpreadBucket,SELECTED_SPREAD,SPREAD_FOR_FAMILY_SELECTED_SIDE,SCHEDULE,SCHEDULE.home_spread|SCHEDULE.away_spread,NUMERIC_RANGE,-10,-7,,0,Fav -7 to -9.5,81,47,34,58.02,47.15,68.17,49.44,8.58,5,100.0,3,3,100.0,POSITIVE,8.58,totals_actionable_findings.csv
HTE0100,1,1,,ALL3_CONSENSUS,DRAT_PICK_EQUALS_EPRED_PICK_EQUALS_MARKET_PICK,DRAT_EPRED_MARKET_SHARED_SIDE,MEAN_DRAT_EPRED_MARKET_SELECTED_PROB,Under,ProbBucket + SpreadBucket,ProbBucket=75-79.9% | SpreadBucket=Fav -7 to -9.5,2,ProbBucket,FAMILY_SELECTED_PROB,USE_FAMILY_SELECTED_PROB,FAMILY_DEPENDENT,DRAT.home_prob|DRAT.away_prob|EPRED.home_prob|EPRED.away_prob|DRAT.moneyline_home|DRAT.moneyline_away|SCHEDULE.home_spread|SCHEDULE.away_spread,NUMERIC_RANGE,0.75,0.8,,0,75-79.9%,SpreadBucket,SELECTED_SPREAD,SPREAD_FOR_FAMILY_SELECTED_SIDE,SCHEDULE,SCHEDULE.home_spread|SCHEDULE.away_spread,NUMERIC_RANGE,-10,-7,,0,Fav -7 to -9.5,81,34,47,41.98,31.83,52.85,50.56,-8.58,5,100.0,3,3,100.0,NEGATIVE,8.58,totals_actionable_findings.csv
HTE0101,1,1,,DRAT,DRAT_AVAILABLE,DRAT_MAX_PROB_SIDE,DRAT_MAX_PROB,Over,WeekBucket + ProbBucket,WeekBucket=Weeks 9-13 | ProbBucket=<55%,2,WeekBucket,WEEK,RAW_WEEK,SCHEDULE,SCHEDULE.week,NUMERIC_RANGE,9,14,,0,Weeks 9-13,ProbBucket,FAMILY_SELECTED_PROB,USE_FAMILY_SELECTED_PROB,FAMILY_DEPENDENT,DRAT.home_prob|DRAT.away_prob|EPRED.home_prob|EPRED.away_prob|DRAT.moneyline_home|DRAT.moneyline_away|SCHEDULE.home_spread|SCHEDULE.away_spread,NUMERIC_RANGE,,0.55,,0,<55%,55,22,33,40.0,28.12,53.19,48.52,-8.52,5,80.0,3,3,100.0,NEGATIVE,8.52,totals_actionable_findings.csv
HTE0102,1,1,,DRAT,DRAT_AVAILABLE,DRAT_MAX_PROB_SIDE,DRAT_MAX_PROB,Under,WeekBucket + ProbBucket,WeekBucket=Weeks 9-13 | ProbBucket=<55%,2,WeekBucket,WEEK,RAW_WEEK,SCHEDULE,SCHEDULE.week,NUMERIC_RANGE,9,14,,0,Weeks 9-13,ProbBucket,FAMILY_SELECTED_PROB,USE_FAMILY_SELECTED_PROB,FAMILY_DEPENDENT,DRAT.home_prob|DRAT.away_prob|EPRED.home_prob|EPRED.away_prob|DRAT.moneyline_home|DRAT.moneyline_away|SCHEDULE.home_spread|SCHEDULE.away_spread,NUMERIC_RANGE,,0.55,,0,<55%,55,33,22,60.0,46.81,71.88,51.48,8.52,5,80.0,3,3,100.0,POSITIVE,8.52,totals_actionable_findings.csv
HTE0103,1,1,,MARKET,MARKET_AVAILABLE,MARKET_NOVIG_SIDE_ELSE_SPREAD_SIDE,MARKET_NOVIG_SELECTED_PROB,Over,WeekBucket + ProbBucket,WeekBucket=Weeks 1-3 | ProbBucket=60-64.9%,2,WeekBucket,WEEK,RAW_WEEK,SCHEDULE,SCHEDULE.week,NUMERIC_RANGE,1,4,,0,Weeks 1-3,ProbBucket,FAMILY_SELECTED_PROB,USE_FAMILY_SELECTED_PROB,FAMILY_DEPENDENT,DRAT.home_prob|DRAT.away_prob|EPRED.home_prob|EPRED.away_prob|DRAT.moneyline_home|DRAT.moneyline_away|SCHEDULE.home_spread|SCHEDULE.away_spread,NUMERIC_RANGE,0.6,0.65,,0,60-64.9%,55,22,33,40.0,28.12,53.19,48.52,-8.52,5,80.0,3,3,100.0,NEGATIVE,8.52,totals_actionable_findings.csv
HTE0104,1,1,,MARKET,MARKET_AVAILABLE,MARKET_NOVIG_SIDE_ELSE_SPREAD_SIDE,MARKET_NOVIG_SELECTED_PROB,Under,WeekBucket + ProbBucket,WeekBucket=Weeks 1-3 | ProbBucket=60-64.9%,2,WeekBucket,WEEK,RAW_WEEK,SCHEDULE,SCHEDULE.week,NUMERIC_RANGE,1,4,,0,Weeks 1-3,ProbBucket,FAMILY_SELECTED_PROB,USE_FAMILY_SELECTED_PROB,FAMILY_DEPENDENT,DRAT.home_prob|DRAT.away_prob|EPRED.home_prob|EPRED.away_prob|DRAT.moneyline_home|DRAT.moneyline_away|SCHEDULE.home_spread|SCHEDULE.away_spread,NUMERIC_RANGE,0.6,0.65,,0,60-64.9%,55,33,22,60.0,46.81,71.88,51.48,8.52,5,80.0,3,3,100.0,POSITIVE,8.52,totals_actionable_findings.csv
HTE0105,1,1,,DRAT,DRAT_AVAILABLE,DRAT_MAX_PROB_SIDE,DRAT_MAX_PROB,Over,RatingGapBucket + SpreadBucket,RatingGapBucket=10+ | SpreadBucket=Fav -10+,2,RatingGapBucket,SELECTED_EPRED_RATING_GAP,EPRED_RATING_SELECTED_MINUS_OPPONENT,EPRED,EPRED.home_rating|EPRED.away_rating,NUMERIC_RANGE,10,,,0,10+,SpreadBucket,SELECTED_SPREAD,SPREAD_FOR_FAMILY_SELECTED_SIDE,SCHEDULE,SCHEDULE.home_spread|SCHEDULE.away_spread,NUMERIC_RANGE,,-10,,0,Fav -10+,93,53,40,56.99,46.85,66.58,48.52,8.47,5,80.0,4,3,75.0,POSITIVE,8.47,totals_actionable_findings.csv
HTE0106,1,1,,DRAT,DRAT_AVAILABLE,DRAT_MAX_PROB_SIDE,DRAT_MAX_PROB,Under,RatingGapBucket + SpreadBucket,RatingGapBucket=10+ | SpreadBucket=Fav -10+,2,RatingGapBucket,SELECTED_EPRED_RATING_GAP,EPRED_RATING_SELECTED_MINUS_OPPONENT,EPRED,EPRED.home_rating|EPRED.away_rating,NUMERIC_RANGE,10,,,0,10+,SpreadBucket,SELECTED_SPREAD,SPREAD_FOR_FAMILY_SELECTED_SIDE,SCHEDULE,SCHEDULE.home_spread|SCHEDULE.away_spread,NUMERIC_RANGE,,-10,,0,Fav -10+,93,40,53,43.01,33.42,53.15,51.48,-8.47,5,80.0,4,3,75.0,NEGATIVE,8.47,totals_actionable_findings.csv
HTE0107,1,1,,EPRED,EPRED_AVAILABLE,EPRED_NORMALIZED_MAX_PROB_SIDE,EPRED_NORMALIZED_MAX_PROB,Over,RatingGapBucket + SpreadBucket,RatingGapBucket=10+ | SpreadBucket=Fav -10+,2,RatingGapBucket,SELECTED_EPRED_RATING_GAP,EPRED_RATING_SELECTED_MINUS_OPPONENT,EPRED,EPRED.home_rating|EPRED.away_rating,NUMERIC_RANGE,10,,,0,10+,SpreadBucket,SELECTED_SPREAD,SPREAD_FOR_FAMILY_SELECTED_SIDE,SCHEDULE,SCHEDULE.home_spread|SCHEDULE.away_spread,NUMERIC_RANGE,,-10,,0,Fav -10+,93,53,40,56.99,46.85,66.58,48.52,8.47,5,80.0,4,3,75.0,POSITIVE,8.47,totals_actionable_findings.csv
HTE0108,1,1,,EPRED,EPRED_AVAILABLE,EPRED_NORMALIZED_MAX_PROB_SIDE,EPRED_NORMALIZED_MAX_PROB,Under,RatingGapBucket + SpreadBucket,RatingGapBucket=10+ | SpreadBucket=Fav -10+,2,RatingGapBucket,SELECTED_EPRED_RATING_GAP,EPRED_RATING_SELECTED_MINUS_OPPONENT,EPRED,EPRED.home_rating|EPRED.away_rating,NUMERIC_RANGE,10,,,0,10+,SpreadBucket,SELECTED_SPREAD,SPREAD_FOR_FAMILY_SELECTED_SIDE,SCHEDULE,SCHEDULE.home_spread|SCHEDULE.away_spread,NUMERIC_RANGE,,-10,,0,Fav -10+,93,40,53,43.01,33.42,53.15,51.48,-8.47,5,80.0,4,3,75.0,NEGATIVE,8.47,totals_actionable_findings.csv
HTE0109,1,1,,MARKET,MARKET_AVAILABLE,MARKET_NOVIG_SIDE_ELSE_SPREAD_SIDE,MARKET_NOVIG_SELECTED_PROB,Over,RatingGapBucket + SpreadBucket,RatingGapBucket=10+ | SpreadBucket=Fav -10+,2,RatingGapBucket,SELECTED_EPRED_RATING_GAP,EPRED_RATING_SELECTED_MINUS_OPPONENT,EPRED,EPRED.home_rating|EPRED.away_rating,NUMERIC_RANGE,10,,,0,10+,SpreadBucket,SELECTED_SPREAD,SPREAD_FOR_FAMILY_SELECTED_SIDE,SCHEDULE,SCHEDULE.home_spread|SCHEDULE.away_spread,NUMERIC_RANGE,,-10,,0,Fav -10+,93,53,40,56.99,46.85,66.58,48.52,8.47,5,80.0,4,3,75.0,POSITIVE,8.47,totals_actionable_findings.csv
HTE0110,1,1,,MARKET,MARKET_AVAILABLE,MARKET_NOVIG_SIDE_ELSE_SPREAD_SIDE,MARKET_NOVIG_SELECTED_PROB,Under,RatingGapBucket + SpreadBucket,RatingGapBucket=10+ | SpreadBucket=Fav -10+,2,RatingGapBucket,SELECTED_EPRED_RATING_GAP,EPRED_RATING_SELECTED_MINUS_OPPONENT,EPRED,EPRED.home_rating|EPRED.away_rating,NUMERIC_RANGE,10,,,0,10+,SpreadBucket,SELECTED_SPREAD,SPREAD_FOR_FAMILY_SELECTED_SIDE,SCHEDULE,SCHEDULE.home_spread|SCHEDULE.away_spread,NUMERIC_RANGE,,-10,,0,Fav -10+,93,40,53,43.01,33.42,53.15,51.48,-8.47,5,80.0,4,3,75.0,NEGATIVE,8.47,totals_actionable_findings.csv
HTE0111,1,1,,DRAT_EPRED_CONSENSUS,DRAT_PICK_EQUALS_EPRED_PICK,DRAT_EPRED_SHARED_SIDE,MEAN_DRAT_EPRED_SELECTED_PROB,Over,SpreadBucket,SpreadBucket=Fav -7 to -9.5,1,SpreadBucket,SELECTED_SPREAD,SPREAD_FOR_FAMILY_SELECTED_SIDE,SCHEDULE,SCHEDULE.home_spread|SCHEDULE.away_spread,NUMERIC_RANGE,-10,-7,,0,Fav -7 to -9.5,,,,,,,,,,,,166,95,71,57.23,49.62,64.51,48.81,8.42,5,80.0,4,3,75.0,POSITIVE,8.42,totals_actionable_findings.csv
HTE0112,1,1,,DRAT_EPRED_CONSENSUS,DRAT_PICK_EQUALS_EPRED_PICK,DRAT_EPRED_SHARED_SIDE,MEAN_DRAT_EPRED_SELECTED_PROB,Under,SpreadBucket,SpreadBucket=Fav -7 to -9.5,1,SpreadBucket,SELECTED_SPREAD,SPREAD_FOR_FAMILY_SELECTED_SIDE,SCHEDULE,SCHEDULE.home_spread|SCHEDULE.away_spread,NUMERIC_RANGE,-10,-7,,0,Fav -7 to -9.5,,,,,,,,,,,,166,71,95,42.77,35.49,50.38,51.19,-8.42,5,80.0,4,3,75.0,NEGATIVE,8.42,totals_actionable_findings.csv
HTE0113,1,1,,ALL3_CONSENSUS,DRAT_PICK_EQUALS_EPRED_PICK_EQUALS_MARKET_PICK,DRAT_EPRED_MARKET_SHARED_SIDE,MEAN_DRAT_EPRED_MARKET_SELECTED_PROB,Over,MatchupBucket,MatchupBucket=<25,1,MatchupBucket,EPRED_MATCHUP_QUALITY,RAW_EPRED_MATCHUP_QUALITY,EPRED,EPRED.matchupQuality,NUMERIC_RANGE,,25,,0,<25,,,,,,,,,,,,134,55,79,41.04,33.08,49.51,49.44,-8.4,5,80.0,4,3,75.0,NEGATIVE,8.40,totals_actionable_findings.csv
HTE0114,1,1,,ALL3_CONSENSUS,DRAT_PICK_EQUALS_EPRED_PICK_EQUALS_MARKET_PICK,DRAT_EPRED_MARKET_SHARED_SIDE,MEAN_DRAT_EPRED_MARKET_SELECTED_PROB,Under,MatchupBucket,MatchupBucket=<25,1,MatchupBucket,EPRED_MATCHUP_QUALITY,RAW_EPRED_MATCHUP_QUALITY,EPRED,EPRED.matchupQuality,NUMERIC_RANGE,,25,,0,<25,,,,,,,,,,,,134,79,55,58.96,50.49,66.92,50.56,8.4,5,80.0,4,3,75.0,POSITIVE,8.40,totals_actionable_findings.csv
HTE0115,1,1,,EPRED,EPRED_AVAILABLE,EPRED_NORMALIZED_MAX_PROB_SIDE,EPRED_NORMALIZED_MAX_PROB,Over,RatingGapBucket + SpreadBucket,RatingGapBucket=3 to 5.9 | SpreadBucket=Fav -0.5 to -2.5,2,RatingGapBucket,SELECTED_EPRED_RATING_GAP,EPRED_RATING_SELECTED_MINUS_OPPONENT,EPRED,EPRED.home_rating|EPRED.away_rating,NUMERIC_RANGE,3,6,,0,3 to 5.9,SpreadBucket,SELECTED_SPREAD,SPREAD_FOR_FAMILY_SELECTED_SIDE,SCHEDULE,SCHEDULE.home_spread|SCHEDULE.away_spread,NUMERIC_RANGE,-3,0,,0,Fav -0.5 to -2.5,112,45,67,40.18,31.57,49.44,48.52,-8.34,5,80.0,3,3,100.0,NEGATIVE,8.34,totals_actionable_findings.csv
HTE0116,1,1,,EPRED,EPRED_AVAILABLE,EPRED_NORMALIZED_MAX_PROB_SIDE,EPRED_NORMALIZED_MAX_PROB,Under,RatingGapBucket + SpreadBucket,RatingGapBucket=3 to 5.9 | SpreadBucket=Fav -0.5 to -2.5,2,RatingGapBucket,SELECTED_EPRED_RATING_GAP,EPRED_RATING_SELECTED_MINUS_OPPONENT,EPRED,EPRED.home_rating|EPRED.away_rating,NUMERIC_RANGE,3,6,,0,3 to 5.9,SpreadBucket,SELECTED_SPREAD,SPREAD_FOR_FAMILY_SELECTED_SIDE,SCHEDULE,SCHEDULE.home_spread|SCHEDULE.away_spread,NUMERIC_RANGE,-3,0,,0,Fav -0.5 to -2.5,112,67,45,59.82,50.56,68.43,51.48,8.34,5,80.0,3,3,100.0,POSITIVE,8.34,totals_actionable_findings.csv
HTE0117,1,1,,DRAT_EPRED_CONSENSUS,DRAT_PICK_EQUALS_EPRED_PICK,DRAT_EPRED_SHARED_SIDE,MEAN_DRAT_EPRED_SELECTED_PROB,Over,MatchupBucket,MatchupBucket=<25,1,MatchupBucket,EPRED_MATCHUP_QUALITY,RAW_EPRED_MATCHUP_QUALITY,EPRED,EPRED.matchupQuality,NUMERIC_RANGE,,25,,0,<25,,,,,,,,,,,,143,58,85,40.56,32.86,48.75,48.81,-8.25,5,80.0,4,3,75.0,NEGATIVE,8.25,totals_actionable_findings.csv
HTE0118,1,1,,DRAT_EPRED_CONSENSUS,DRAT_PICK_EQUALS_EPRED_PICK,DRAT_EPRED_SHARED_SIDE,MEAN_DRAT_EPRED_SELECTED_PROB,Under,MatchupBucket,MatchupBucket=<25,1,MatchupBucket,EPRED_MATCHUP_QUALITY,RAW_EPRED_MATCHUP_QUALITY,EPRED,EPRED.matchupQuality,NUMERIC_RANGE,,25,,0,<25,,,,,,,,,,,,143,85,58,59.44,51.25,67.14,51.19,8.25,5,80.0,4,3,75.0,POSITIVE,8.25,totals_actionable_findings.csv
HTE0119,1,1,,EPRED,EPRED_AVAILABLE,EPRED_NORMALIZED_MAX_PROB_SIDE,EPRED_NORMALIZED_MAX_PROB,Over,WeekBucket + ProbBucket,WeekBucket=Weeks 1-3 | ProbBucket=<55%,2,WeekBucket,WEEK,RAW_WEEK,SCHEDULE,SCHEDULE.week,NUMERIC_RANGE,1,4,,0,Weeks 1-3,ProbBucket,FAMILY_SELECTED_PROB,USE_FAMILY_SELECTED_PROB,FAMILY_DEPENDENT,DRAT.home_prob|DRAT.away_prob|EPRED.home_prob|EPRED.away_prob|DRAT.moneyline_home|DRAT.moneyline_away|SCHEDULE.home_spread|SCHEDULE.away_spread,NUMERIC_RANGE,,0.55,,0,<55%,67,27,40,40.3,29.39,52.26,48.52,-8.22,5,80.0,3,2,66.67,NEGATIVE,8.22,totals_actionable_findings.csv
HTE0120,1,1,,EPRED,EPRED_AVAILABLE,EPRED_NORMALIZED_MAX_PROB_SIDE,EPRED_NORMALIZED_MAX_PROB,Under,WeekBucket + ProbBucket,WeekBucket=Weeks 1-3 | ProbBucket=<55%,2,WeekBucket,WEEK,RAW_WEEK,SCHEDULE,SCHEDULE.week,NUMERIC_RANGE,1,4,,0,Weeks 1-3,ProbBucket,FAMILY_SELECTED_PROB,USE_FAMILY_SELECTED_PROB,FAMILY_DEPENDENT,DRAT.home_prob|DRAT.away_prob|EPRED.home_prob|EPRED.away_prob|DRAT.moneyline_home|DRAT.moneyline_away|SCHEDULE.home_spread|SCHEDULE.away_spread,NUMERIC_RANGE,,0.55,,0,<55%,67,40,27,59.7,47.74,70.61,51.48,8.22,5,80.0,3,2,66.67,POSITIVE,8.22,totals_actionable_findings.csv
HTE0121,1,1,,DRAT_EPRED_CONSENSUS,DRAT_PICK_EQUALS_EPRED_PICK,DRAT_EPRED_SHARED_SIDE,MEAN_DRAT_EPRED_SELECTED_PROB,Over,RatingGapBucket + SpreadBucket,RatingGapBucket=10+ | SpreadBucket=Fav -10+,2,RatingGapBucket,SELECTED_EPRED_RATING_GAP,EPRED_RATING_SELECTED_MINUS_OPPONENT,EPRED,EPRED.home_rating|EPRED.away_rating,NUMERIC_RANGE,10,,,0,10+,SpreadBucket,SELECTED_SPREAD,SPREAD_FOR_FAMILY_SELECTED_SIDE,SCHEDULE,SCHEDULE.home_spread|SCHEDULE.away_spread,NUMERIC_RANGE,,-10,,0,Fav -10+,93,53,40,56.99,46.85,66.58,48.81,8.18,5,80.0,4,3,75.0,POSITIVE,8.18,totals_actionable_findings.csv
HTE0122,1,1,,DRAT_EPRED_CONSENSUS,DRAT_PICK_EQUALS_EPRED_PICK,DRAT_EPRED_SHARED_SIDE,MEAN_DRAT_EPRED_SELECTED_PROB,Under,RatingGapBucket + SpreadBucket,RatingGapBucket=10+ | SpreadBucket=Fav -10+,2,RatingGapBucket,SELECTED_EPRED_RATING_GAP,EPRED_RATING_SELECTED_MINUS_OPPONENT,EPRED,EPRED.home_rating|EPRED.away_rating,NUMERIC_RANGE,10,,,0,10+,SpreadBucket,SELECTED_SPREAD,SPREAD_FOR_FAMILY_SELECTED_SIDE,SCHEDULE,SCHEDULE.home_spread|SCHEDULE.away_spread,NUMERIC_RANGE,,-10,,0,Fav -10+,93,40,53,43.01,33.42,53.15,51.19,-8.18,5,80.0,4,3,75.0,NEGATIVE,8.18,totals_actionable_findings.csv
HTE0123,1,1,,DRAT,DRAT_AVAILABLE,DRAT_MAX_PROB_SIDE,DRAT_MAX_PROB,Over,WeekBucket + ProbBucket,WeekBucket=Weeks 9-13 | ProbBucket=55-59.9%,2,WeekBucket,WEEK,RAW_WEEK,SCHEDULE,SCHEDULE.week,NUMERIC_RANGE,9,14,,0,Weeks 9-13,ProbBucket,FAMILY_SELECTED_PROB,USE_FAMILY_SELECTED_PROB,FAMILY_DEPENDENT,DRAT.home_prob|DRAT.away_prob|EPRED.home_prob|EPRED.away_prob|DRAT.moneyline_home|DRAT.moneyline_away|SCHEDULE.home_spread|SCHEDULE.away_spread,NUMERIC_RANGE,0.55,0.6,,0,55-59.9%,57,23,34,40.35,28.62,53.3,48.52,-8.17,5,80.0,3,3,100.0,NEGATIVE,8.17,totals_actionable_findings.csv
HTE0124,1,1,,DRAT,DRAT_AVAILABLE,DRAT_MAX_PROB_SIDE,DRAT_MAX_PROB,Under,WeekBucket + ProbBucket,WeekBucket=Weeks 9-13 | ProbBucket=55-59.9%,2,WeekBucket,WEEK,RAW_WEEK,SCHEDULE,SCHEDULE.week,NUMERIC_RANGE,9,14,,0,Weeks 9-13,ProbBucket,FAMILY_SELECTED_PROB,USE_FAMILY_SELECTED_PROB,FAMILY_DEPENDENT,DRAT.home_prob|DRAT.away_prob|EPRED.home_prob|EPRED.away_prob|DRAT.moneyline_home|DRAT.moneyline_away|SCHEDULE.home_spread|SCHEDULE.away_spread,NUMERIC_RANGE,0.55,0.6,,0,55-59.9%,57,34,23,59.65,46.7,71.38,51.48,8.17,5,80.0,3,3,100.0,POSITIVE,8.17,totals_actionable_findings.csv
HTE0125,1,1,,MARKET,MARKET_AVAILABLE,MARKET_NOVIG_SIDE_ELSE_SPREAD_SIDE,MARKET_NOVIG_SELECTED_PROB,Over,ProbBucket + SpreadBucket,ProbBucket=<55% | SpreadBucket=Fav -0.5 to -2.5,2,ProbBucket,FAMILY_SELECTED_PROB,USE_FAMILY_SELECTED_PROB,FAMILY_DEPENDENT,DRAT.home_prob|DRAT.away_prob|EPRED.home_prob|EPRED.away_prob|DRAT.moneyline_home|DRAT.moneyline_away|SCHEDULE.home_spread|SCHEDULE.away_spread,NUMERIC_RANGE,,0.55,,0,<55%,SpreadBucket,SELECTED_SPREAD,SPREAD_FOR_FAMILY_SELECTED_SIDE,SCHEDULE,SCHEDULE.home_spread|SCHEDULE.away_spread,NUMERIC_RANGE,-3,0,,0,Fav -0.5 to -2.5,148,60,88,40.54,32.97,48.59,48.52,-7.98,5,100.0,4,4,100.0,NEGATIVE,7.98,totals_actionable_findings.csv
HTE0126,1,1,,MARKET,MARKET_AVAILABLE,MARKET_NOVIG_SIDE_ELSE_SPREAD_SIDE,MARKET_NOVIG_SELECTED_PROB,Under,ProbBucket + SpreadBucket,ProbBucket=<55% | SpreadBucket=Fav -0.5 to -2.5,2,ProbBucket,FAMILY_SELECTED_PROB,USE_FAMILY_SELECTED_PROB,FAMILY_DEPENDENT,DRAT.home_prob|DRAT.away_prob|EPRED.home_prob|EPRED.away_prob|DRAT.moneyline_home|DRAT.moneyline_away|SCHEDULE.home_spread|SCHEDULE.away_spread,NUMERIC_RANGE,,0.55,,0,<55%,SpreadBucket,SELECTED_SPREAD,SPREAD_FOR_FAMILY_SELECTED_SIDE,SCHEDULE,SCHEDULE.home_spread|SCHEDULE.away_spread,NUMERIC_RANGE,-3,0,,0,Fav -0.5 to -2.5,148,88,60,59.46,51.41,67.03,51.48,7.98,5,100.0,4,4,100.0,POSITIVE,7.98,totals_actionable_findings.csv
HTE0127,1,1,,EPRED,EPRED_AVAILABLE,EPRED_NORMALIZED_MAX_PROB_SIDE,EPRED_NORMALIZED_MAX_PROB,Over,WeekBucket + ProbBucket,WeekBucket=Weeks 14+ | ProbBucket=60-64.9%,2,WeekBucket,WEEK,RAW_WEEK,SCHEDULE,SCHEDULE.week,NUMERIC_RANGE,14,,,0,Weeks 14+,ProbBucket,FAMILY_SELECTED_PROB,USE_FAMILY_SELECTED_PROB,FAMILY_DEPENDENT,DRAT.home_prob|DRAT.away_prob|EPRED.home_prob|EPRED.away_prob|DRAT.moneyline_home|DRAT.moneyline_away|SCHEDULE.home_spread|SCHEDULE.away_spread,NUMERIC_RANGE,0.6,0.65,,0,60-64.9%,71,40,31,56.34,44.77,67.25,48.52,7.82,5,80.0,3,2,66.67,POSITIVE,7.82,totals_actionable_findings.csv
HTE0128,1,1,,EPRED,EPRED_AVAILABLE,EPRED_NORMALIZED_MAX_PROB_SIDE,EPRED_NORMALIZED_MAX_PROB,Under,WeekBucket + ProbBucket,WeekBucket=Weeks 14+ | ProbBucket=60-64.9%,2,WeekBucket,WEEK,RAW_WEEK,SCHEDULE,SCHEDULE.week,NUMERIC_RANGE,14,,,0,Weeks 14+,ProbBucket,FAMILY_SELECTED_PROB,USE_FAMILY_SELECTED_PROB,FAMILY_DEPENDENT,DRAT.home_prob|DRAT.away_prob|EPRED.home_prob|EPRED.away_prob|DRAT.moneyline_home|DRAT.moneyline_away|SCHEDULE.home_spread|SCHEDULE.away_spread,NUMERIC_RANGE,0.6,0.65,,0,60-64.9%,71,31,40,43.66,32.75,55.23,51.48,-7.82,5,80.0,3,2,66.67,NEGATIVE,7.82,totals_actionable_findings.csv
HTE0129,1,1,,EPRED,EPRED_AVAILABLE,EPRED_NORMALIZED_MAX_PROB_SIDE,EPRED_NORMALIZED_MAX_PROB,Over,ProbBucket + SpreadBucket,ProbBucket=55-59.9% | SpreadBucket=Fav -0.5 to -2.5,2,ProbBucket,FAMILY_SELECTED_PROB,USE_FAMILY_SELECTED_PROB,FAMILY_DEPENDENT,DRAT.home_prob|DRAT.away_prob|EPRED.home_prob|EPRED.away_prob|DRAT.moneyline_home|DRAT.moneyline_away|SCHEDULE.home_spread|SCHEDULE.away_spread,NUMERIC_RANGE,0.55,0.6,,0,55-59.9%,SpreadBucket,SELECTED_SPREAD,SPREAD_FOR_FAMILY_SELECTED_SIDE,SCHEDULE,SCHEDULE.home_spread|SCHEDULE.away_spread,NUMERIC_RANGE,-3,0,,0,Fav -0.5 to -2.5,140,57,83,40.71,32.93,49.0,48.52,-7.81,5,80.0,3,2,66.67,NEGATIVE,7.81,totals_actionable_findings.csv
HTE0130,1,1,,EPRED,EPRED_AVAILABLE,EPRED_NORMALIZED_MAX_PROB_SIDE,EPRED_NORMALIZED_MAX_PROB,Under,ProbBucket + SpreadBucket,ProbBucket=55-59.9% | SpreadBucket=Fav -0.5 to -2.5,2,ProbBucket,FAMILY_SELECTED_PROB,USE_FAMILY_SELECTED_PROB,FAMILY_DEPENDENT,DRAT.home_prob|DRAT.away_prob|EPRED.home_prob|EPRED.away_prob|DRAT.moneyline_home|DRAT.moneyline_away|SCHEDULE.home_spread|SCHEDULE.away_spread,NUMERIC_RANGE,0.55,0.6,,0,55-59.9%,SpreadBucket,SELECTED_SPREAD,SPREAD_FOR_FAMILY_SELECTED_SIDE,SCHEDULE,SCHEDULE.home_spread|SCHEDULE.away_spread,NUMERIC_RANGE,-3,0,,0,Fav -0.5 to -2.5,140,83,57,59.29,51.0,67.07,51.48,7.81,5,80.0,3,2,66.67,POSITIVE,7.81,totals_actionable_findings.csv
HTE0131,1,1,,DRAT,DRAT_AVAILABLE,DRAT_MAX_PROB_SIDE,DRAT_MAX_PROB,Over,MatchupBucket,MatchupBucket=<25,1,MatchupBucket,EPRED_MATCHUP_QUALITY,RAW_EPRED_MATCHUP_QUALITY,EPRED,EPRED.matchupQuality,NUMERIC_RANGE,,25,,0,<25,,,,,,,,,,,,167,68,99,40.72,33.56,48.3,48.52,-7.8,5,80.0,4,3,75.0,NEGATIVE,7.80,totals_actionable_findings.csv
HTE0132,1,1,,DRAT,DRAT_AVAILABLE,DRAT_MAX_PROB_SIDE,DRAT_MAX_PROB,Under,MatchupBucket,MatchupBucket=<25,1,MatchupBucket,EPRED_MATCHUP_QUALITY,RAW_EPRED_MATCHUP_QUALITY,EPRED,EPRED.matchupQuality,NUMERIC_RANGE,,25,,0,<25,,,,,,,,,,,,167,99,68,59.28,51.7,66.44,51.48,7.8,5,80.0,4,3,75.0,POSITIVE,7.80,totals_actionable_findings.csv
HTE0133,1,1,,EPRED,EPRED_AVAILABLE,EPRED_NORMALIZED_MAX_PROB_SIDE,EPRED_NORMALIZED_MAX_PROB,Over,MatchupBucket,MatchupBucket=<25,1,MatchupBucket,EPRED_MATCHUP_QUALITY,RAW_EPRED_MATCHUP_QUALITY,EPRED,EPRED.matchupQuality,NUMERIC_RANGE,,25,,0,<25,,,,,,,,,,,,167,68,99,40.72,33.56,48.3,48.52,-7.8,5,80.0,4,3,75.0,NEGATIVE,7.80,totals_actionable_findings.csv
HTE0134,1,1,,EPRED,EPRED_AVAILABLE,EPRED_NORMALIZED_MAX_PROB_SIDE,EPRED_NORMALIZED_MAX_PROB,Under,MatchupBucket,MatchupBucket=<25,1,MatchupBucket,EPRED_MATCHUP_QUALITY,RAW_EPRED_MATCHUP_QUALITY,EPRED,EPRED.matchupQuality,NUMERIC_RANGE,,25,,0,<25,,,,,,,,,,,,167,99,68,59.28,51.7,66.44,51.48,7.8,5,80.0,4,3,75.0,POSITIVE,7.80,totals_actionable_findings.csv
HTE0135,1,1,,MARKET,MARKET_AVAILABLE,MARKET_NOVIG_SIDE_ELSE_SPREAD_SIDE,MARKET_NOVIG_SELECTED_PROB,Over,MatchupBucket,MatchupBucket=<25,1,MatchupBucket,EPRED_MATCHUP_QUALITY,RAW_EPRED_MATCHUP_QUALITY,EPRED,EPRED.matchupQuality,NUMERIC_RANGE,,25,,0,<25,,,,,,,,,,,,167,68,99,40.72,33.56,48.3,48.52,-7.8,5,80.0,4,3,75.0,NEGATIVE,7.80,totals_actionable_findings.csv
HTE0136,1,1,,MARKET,MARKET_AVAILABLE,MARKET_NOVIG_SIDE_ELSE_SPREAD_SIDE,MARKET_NOVIG_SELECTED_PROB,Under,MatchupBucket,MatchupBucket=<25,1,MatchupBucket,EPRED_MATCHUP_QUALITY,RAW_EPRED_MATCHUP_QUALITY,EPRED,EPRED.matchupQuality,NUMERIC_RANGE,,25,,0,<25,,,,,,,,,,,,167,99,68,59.28,51.7,66.44,51.48,7.8,5,80.0,4,3,75.0,POSITIVE,7.80,totals_actionable_findings.csv
HTE0137,1,1,,ALL3_CONSENSUS,DRAT_PICK_EQUALS_EPRED_PICK_EQUALS_MARKET_PICK,DRAT_EPRED_MARKET_SHARED_SIDE,MEAN_DRAT_EPRED_MARKET_SELECTED_PROB,Over,SpreadBucket,SpreadBucket=Fav -7 to -9.5,1,SpreadBucket,SELECTED_SPREAD,SPREAD_FOR_FAMILY_SELECTED_SIDE,SCHEDULE,SCHEDULE.home_spread|SCHEDULE.away_spread,NUMERIC_RANGE,-10,-7,,0,Fav -7 to -9.5,,,,,,,,,,,,166,95,71,57.23,49.62,64.51,49.44,7.79,5,80.0,4,3,75.0,POSITIVE,7.79,totals_actionable_findings.csv
HTE0138,1,1,,ALL3_CONSENSUS,DRAT_PICK_EQUALS_EPRED_PICK_EQUALS_MARKET_PICK,DRAT_EPRED_MARKET_SHARED_SIDE,MEAN_DRAT_EPRED_MARKET_SELECTED_PROB,Under,SpreadBucket,SpreadBucket=Fav -7 to -9.5,1,SpreadBucket,SELECTED_SPREAD,SPREAD_FOR_FAMILY_SELECTED_SIDE,SCHEDULE,SCHEDULE.home_spread|SCHEDULE.away_spread,NUMERIC_RANGE,-10,-7,,0,Fav -7 to -9.5,,,,,,,,,,,,166,71,95,42.77,35.49,50.38,50.56,-7.79,5,80.0,4,3,75.0,NEGATIVE,7.79,totals_actionable_findings.csv
HTE0139,1,1,,EPRED,EPRED_AVAILABLE,EPRED_NORMALIZED_MAX_PROB_SIDE,EPRED_NORMALIZED_MAX_PROB,Over,SelectedVsMarket + ModelMarketEdgeBucket,SelectedVsMarket=Agree | ModelMarketEdgeBucket=+5 to +10 pts,2,SelectedVsMarket,FAMILY_VS_MARKET_AGREEMENT,COMPARE_FAMILY_PICK_TO_MARKET_PICK,DRAT|EPRED|SCHEDULE,DRAT.home_prob|DRAT.away_prob|EPRED.home_prob|EPRED.away_prob|DRAT.moneyline_home|DRAT.moneyline_away|SCHEDULE.home_spread|SCHEDULE.away_spread,TEXT_EQUALS,,,Agree,0,Agree,ModelMarketEdgeBucket,FAMILY_MARKET_EDGE_PP,FAMILY_SELECTED_PROB_MINUS_MARKET_SELECTED_PROB_X100,DRAT|EPRED|SCHEDULE,DRAT.home_prob|DRAT.away_prob|EPRED.home_prob|EPRED.away_prob|DRAT.moneyline_home|DRAT.moneyline_away|SCHEDULE.home_spread|SCHEDULE.away_spread,NUMERIC_RANGE,5,10,,0,+5 to +10 pts,108,44,64,40.74,31.95,50.17,48.52,-7.78,4,100.0,2,2,100.0,NEGATIVE,7.78,totals_actionable_findings.csv
HTE0140,1,1,,EPRED,EPRED_AVAILABLE,EPRED_NORMALIZED_MAX_PROB_SIDE,EPRED_NORMALIZED_MAX_PROB,Under,SelectedVsMarket + ModelMarketEdgeBucket,SelectedVsMarket=Agree | ModelMarketEdgeBucket=+5 to +10 pts,2,SelectedVsMarket,FAMILY_VS_MARKET_AGREEMENT,COMPARE_FAMILY_PICK_TO_MARKET_PICK,DRAT|EPRED|SCHEDULE,DRAT.home_prob|DRAT.away_prob|EPRED.home_prob|EPRED.away_prob|DRAT.moneyline_home|DRAT.moneyline_away|SCHEDULE.home_spread|SCHEDULE.away_spread,TEXT_EQUALS,,,Agree,0,Agree,ModelMarketEdgeBucket,FAMILY_MARKET_EDGE_PP,FAMILY_SELECTED_PROB_MINUS_MARKET_SELECTED_PROB_X100,DRAT|EPRED|SCHEDULE,DRAT.home_prob|DRAT.away_prob|EPRED.home_prob|EPRED.away_prob|DRAT.moneyline_home|DRAT.moneyline_away|SCHEDULE.home_spread|SCHEDULE.away_spread,NUMERIC_RANGE,5,10,,0,+5 to +10 pts,108,64,44,59.26,49.83,68.05,51.48,7.78,4,100.0,2,2,100.0,POSITIVE,7.78,totals_actionable_findings.csv
HTE0141,1,1,,EPRED,EPRED_AVAILABLE,EPRED_NORMALIZED_MAX_PROB_SIDE,EPRED_NORMALIZED_MAX_PROB,Over,ProbBucket + MarketRole,ProbBucket=75-79.9% | MarketRole=Market Favorite,2,ProbBucket,FAMILY_SELECTED_PROB,USE_FAMILY_SELECTED_PROB,FAMILY_DEPENDENT,DRAT.home_prob|DRAT.away_prob|EPRED.home_prob|EPRED.away_prob|DRAT.moneyline_home|DRAT.moneyline_away|SCHEDULE.home_spread|SCHEDULE.away_spread,NUMERIC_RANGE,0.75,0.8,,0,75-79.9%,MarketRole,SELECTED_MARKET_ROLE,MARKET_ROLE_FOR_FAMILY_SELECTED_SIDE,DRAT|SCHEDULE,DRAT.moneyline_home|DRAT.moneyline_away|SCHEDULE.home_spread|SCHEDULE.away_spread,TEXT_EQUALS,,,Market Favorite,0,Market Favorite,96,54,42,56.25,46.28,65.74,48.52,7.73,5,80.0,4,3,75.0,POSITIVE,7.73,totals_actionable_findings.csv
HTE0142,1,1,,EPRED,EPRED_AVAILABLE,EPRED_NORMALIZED_MAX_PROB_SIDE,EPRED_NORMALIZED_MAX_PROB,Over,SelectedVsMarket + ProbBucket,SelectedVsMarket=Agree | ProbBucket=75-79.9%,2,SelectedVsMarket,FAMILY_VS_MARKET_AGREEMENT,COMPARE_FAMILY_PICK_TO_MARKET_PICK,DRAT|EPRED|SCHEDULE,DRAT.home_prob|DRAT.away_prob|EPRED.home_prob|EPRED.away_prob|DRAT.moneyline_home|DRAT.moneyline_away|SCHEDULE.home_spread|SCHEDULE.away_spread,TEXT_EQUALS,,,Agree,0,Agree,ProbBucket,FAMILY_SELECTED_PROB,USE_FAMILY_SELECTED_PROB,FAMILY_DEPENDENT,DRAT.home_prob|DRAT.away_prob|EPRED.home_prob|EPRED.away_prob|DRAT.moneyline_home|DRAT.moneyline_away|SCHEDULE.home_spread|SCHEDULE.away_spread,NUMERIC_RANGE,0.75,0.8,,0,75-79.9%,96,54,42,56.25,46.28,65.74,48.52,7.73,5,80.0,4,3,75.0,POSITIVE,7.73,totals_actionable_findings.csv
HTE0143,1,1,,EPRED,EPRED_AVAILABLE,EPRED_NORMALIZED_MAX_PROB_SIDE,EPRED_NORMALIZED_MAX_PROB,Under,ProbBucket + MarketRole,ProbBucket=75-79.9% | MarketRole=Market Favorite,2,ProbBucket,FAMILY_SELECTED_PROB,USE_FAMILY_SELECTED_PROB,FAMILY_DEPENDENT,DRAT.home_prob|DRAT.away_prob|EPRED.home_prob|EPRED.away_prob|DRAT.moneyline_home|DRAT.moneyline_away|SCHEDULE.home_spread|SCHEDULE.away_spread,NUMERIC_RANGE,0.75,0.8,,0,75-79.9%,MarketRole,SELECTED_MARKET_ROLE,MARKET_ROLE_FOR_FAMILY_SELECTED_SIDE,DRAT|SCHEDULE,DRAT.moneyline_home|DRAT.moneyline_away|SCHEDULE.home_spread|SCHEDULE.away_spread,TEXT_EQUALS,,,Market Favorite,0,Market Favorite,96,42,54,43.75,34.26,53.72,51.48,-7.73,5,80.0,4,3,75.0,NEGATIVE,7.73,totals_actionable_findings.csv
HTE0144,1,1,,EPRED,EPRED_AVAILABLE,EPRED_NORMALIZED_MAX_PROB_SIDE,EPRED_NORMALIZED_MAX_PROB,Under,SelectedVsMarket + ProbBucket,SelectedVsMarket=Agree | ProbBucket=75-79.9%,2,SelectedVsMarket,FAMILY_VS_MARKET_AGREEMENT,COMPARE_FAMILY_PICK_TO_MARKET_PICK,DRAT|EPRED|SCHEDULE,DRAT.home_prob|DRAT.away_prob|EPRED.home_prob|EPRED.away_prob|DRAT.moneyline_home|DRAT.moneyline_away|SCHEDULE.home_spread|SCHEDULE.away_spread,TEXT_EQUALS,,,Agree,0,Agree,ProbBucket,FAMILY_SELECTED_PROB,USE_FAMILY_SELECTED_PROB,FAMILY_DEPENDENT,DRAT.home_prob|DRAT.away_prob|EPRED.home_prob|EPRED.away_prob|DRAT.moneyline_home|DRAT.moneyline_away|SCHEDULE.home_spread|SCHEDULE.away_spread,NUMERIC_RANGE,0.75,0.8,,0,75-79.9%,96,42,54,43.75,34.26,53.72,51.48,-7.73,5,80.0,4,3,75.0,NEGATIVE,7.73,totals_actionable_findings.csv
HTE0145,1,1,,EPRED,EPRED_AVAILABLE,EPRED_NORMALIZED_MAX_PROB_SIDE,EPRED_NORMALIZED_MAX_PROB,Over,ProbBucket,ProbBucket=75-79.9%,1,ProbBucket,FAMILY_SELECTED_PROB,USE_FAMILY_SELECTED_PROB,FAMILY_DEPENDENT,DRAT.home_prob|DRAT.away_prob|EPRED.home_prob|EPRED.away_prob|DRAT.moneyline_home|DRAT.moneyline_away|SCHEDULE.home_spread|SCHEDULE.away_spread,NUMERIC_RANGE,0.75,0.8,,0,75-79.9%,,,,,,,,,,,,98,55,43,56.12,46.25,65.53,48.52,7.6,5,80.0,4,3,75.0,POSITIVE,7.60,totals_actionable_findings.csv
HTE0146,1,1,,EPRED,EPRED_AVAILABLE,EPRED_NORMALIZED_MAX_PROB_SIDE,EPRED_NORMALIZED_MAX_PROB,Under,ProbBucket,ProbBucket=75-79.9%,1,ProbBucket,FAMILY_SELECTED_PROB,USE_FAMILY_SELECTED_PROB,FAMILY_DEPENDENT,DRAT.home_prob|DRAT.away_prob|EPRED.home_prob|EPRED.away_prob|DRAT.moneyline_home|DRAT.moneyline_away|SCHEDULE.home_spread|SCHEDULE.away_spread,NUMERIC_RANGE,0.75,0.8,,0,75-79.9%,,,,,,,,,,,,98,43,55,43.88,34.47,53.75,51.48,-7.6,5,80.0,4,3,75.0,NEGATIVE,7.60,totals_actionable_findings.csv
HTE0147,1,1,,MARKET,MARKET_AVAILABLE,MARKET_NOVIG_SIDE_ELSE_SPREAD_SIDE,MARKET_NOVIG_SELECTED_PROB,Over,ProbBucket + SpreadBucket,ProbBucket=60-64.9% | SpreadBucket=Fav -0.5 to -2.5,2,ProbBucket,FAMILY_SELECTED_PROB,USE_FAMILY_SELECTED_PROB,FAMILY_DEPENDENT,DRAT.home_prob|DRAT.away_prob|EPRED.home_prob|EPRED.away_prob|DRAT.moneyline_home|DRAT.moneyline_away|SCHEDULE.home_spread|SCHEDULE.away_spread,NUMERIC_RANGE,0.6,0.65,,0,60-64.9%,SpreadBucket,SELECTED_SPREAD,SPREAD_FOR_FAMILY_SELECTED_SIDE,SCHEDULE,SCHEDULE.home_spread|SCHEDULE.away_spread,NUMERIC_RANGE,-3,0,,0,Fav -0.5 to -2.5,122,50,72,40.98,32.66,49.86,48.52,-7.54,5,80.0,3,2,66.67,NEGATIVE,7.54,totals_actionable_findings.csv
HTE0148,1,1,,MARKET,MARKET_AVAILABLE,MARKET_NOVIG_SIDE_ELSE_SPREAD_SIDE,MARKET_NOVIG_SELECTED_PROB,Under,ProbBucket + SpreadBucket,ProbBucket=60-64.9% | SpreadBucket=Fav -0.5 to -2.5,2,ProbBucket,FAMILY_SELECTED_PROB,USE_FAMILY_SELECTED_PROB,FAMILY_DEPENDENT,DRAT.home_prob|DRAT.away_prob|EPRED.home_prob|EPRED.away_prob|DRAT.moneyline_home|DRAT.moneyline_away|SCHEDULE.home_spread|SCHEDULE.away_spread,NUMERIC_RANGE,0.6,0.65,,0,60-64.9%,SpreadBucket,SELECTED_SPREAD,SPREAD_FOR_FAMILY_SELECTED_SIDE,SCHEDULE,SCHEDULE.home_spread|SCHEDULE.away_spread,NUMERIC_RANGE,-3,0,,0,Fav -0.5 to -2.5,122,72,50,59.02,50.14,67.34,51.48,7.54,5,80.0,3,2,66.67,POSITIVE,7.54,totals_actionable_findings.csv
HTE0149,1,1,,ALL3_CONSENSUS,DRAT_PICK_EQUALS_EPRED_PICK_EQUALS_MARKET_PICK,DRAT_EPRED_MARKET_SHARED_SIDE,MEAN_DRAT_EPRED_MARKET_SELECTED_PROB,Over,WeekBucket + ProbBucket,WeekBucket=Weeks 14+ | ProbBucket=60-64.9%,2,WeekBucket,WEEK,RAW_WEEK,SCHEDULE,SCHEDULE.week,NUMERIC_RANGE,14,,,0,Weeks 14+,ProbBucket,FAMILY_SELECTED_PROB,USE_FAMILY_SELECTED_PROB,FAMILY_DEPENDENT,DRAT.home_prob|DRAT.away_prob|EPRED.home_prob|EPRED.away_prob|DRAT.moneyline_home|DRAT.moneyline_away|SCHEDULE.home_spread|SCHEDULE.away_spread,NUMERIC_RANGE,0.6,0.65,,0,60-64.9%,65,37,28,56.92,44.83,68.24,49.44,7.48,5,80.0,3,2,66.67,POSITIVE,7.48,totals_actionable_findings.csv
HTE0150,1,1,,ALL3_CONSENSUS,DRAT_PICK_EQUALS_EPRED_PICK_EQUALS_MARKET_PICK,DRAT_EPRED_MARKET_SHARED_SIDE,MEAN_DRAT_EPRED_MARKET_SELECTED_PROB,Under,WeekBucket + ProbBucket,WeekBucket=Weeks 14+ | ProbBucket=60-64.9%,2,WeekBucket,WEEK,RAW_WEEK,SCHEDULE,SCHEDULE.week,NUMERIC_RANGE,14,,,0,Weeks 14+,ProbBucket,FAMILY_SELECTED_PROB,USE_FAMILY_SELECTED_PROB,FAMILY_DEPENDENT,DRAT.home_prob|DRAT.away_prob|EPRED.home_prob|EPRED.away_prob|DRAT.moneyline_home|DRAT.moneyline_away|SCHEDULE.home_spread|SCHEDULE.away_spread,NUMERIC_RANGE,0.6,0.65,,0,60-64.9%,65,28,37,43.08,31.76,55.17,50.56,-7.48,5,80.0,3,2,66.67,NEGATIVE,7.48,totals_actionable_findings.csv
HTE0151,1,1,,DRAT,DRAT_AVAILABLE,DRAT_MAX_PROB_SIDE,DRAT_MAX_PROB,Over,WeekBucket + ProbBucket,WeekBucket=Weeks 14+ | ProbBucket=70-74.9%,2,WeekBucket,WEEK,RAW_WEEK,SCHEDULE,SCHEDULE.week,NUMERIC_RANGE,14,,,0,Weeks 14+,ProbBucket,FAMILY_SELECTED_PROB,USE_FAMILY_SELECTED_PROB,FAMILY_DEPENDENT,DRAT.home_prob|DRAT.away_prob|EPRED.home_prob|EPRED.away_prob|DRAT.moneyline_home|DRAT.moneyline_away|SCHEDULE.home_spread|SCHEDULE.away_spread,NUMERIC_RANGE,0.7,0.75,,0,70-74.9%,50,28,22,56.0,42.31,68.84,48.52,7.48,5,80.0,2,2,100.0,POSITIVE,7.48,totals_actionable_findings.csv
HTE0152,1,1,,DRAT,DRAT_AVAILABLE,DRAT_MAX_PROB_SIDE,DRAT_MAX_PROB,Under,WeekBucket + ProbBucket,WeekBucket=Weeks 14+ | ProbBucket=70-74.9%,2,WeekBucket,WEEK,RAW_WEEK,SCHEDULE,SCHEDULE.week,NUMERIC_RANGE,14,,,0,Weeks 14+,ProbBucket,FAMILY_SELECTED_PROB,USE_FAMILY_SELECTED_PROB,FAMILY_DEPENDENT,DRAT.home_prob|DRAT.away_prob|EPRED.home_prob|EPRED.away_prob|DRAT.moneyline_home|DRAT.moneyline_away|SCHEDULE.home_spread|SCHEDULE.away_spread,NUMERIC_RANGE,0.7,0.75,,0,70-74.9%,50,22,28,44.0,31.16,57.69,51.48,-7.48,5,80.0,2,2,100.0,NEGATIVE,7.48,totals_actionable_findings.csv
HTE0153,1,1,,DRAT,DRAT_AVAILABLE,DRAT_MAX_PROB_SIDE,DRAT_MAX_PROB,Over,SpreadBucket,SpreadBucket=Fav -3 to -3.5,1,SpreadBucket,SELECTED_SPREAD,SPREAD_FOR_FAMILY_SELECTED_SIDE,SCHEDULE,SCHEDULE.home_spread|SCHEDULE.away_spread,NUMERIC_RANGE,-4,-3,,0,Fav -3 to -3.5,,,,,,,,,,,,184,103,81,55.98,48.76,62.96,48.52,7.46,5,100.0,4,4,100.0,POSITIVE,7.46,totals_actionable_findings.csv
HTE0154,1,1,,DRAT,DRAT_AVAILABLE,DRAT_MAX_PROB_SIDE,DRAT_MAX_PROB,Under,SpreadBucket,SpreadBucket=Fav -3 to -3.5,1,SpreadBucket,SELECTED_SPREAD,SPREAD_FOR_FAMILY_SELECTED_SIDE,SCHEDULE,SCHEDULE.home_spread|SCHEDULE.away_spread,NUMERIC_RANGE,-4,-3,,0,Fav -3 to -3.5,,,,,,,,,,,,184,81,103,44.02,37.04,51.24,51.48,-7.46,5,100.0,4,4,100.0,NEGATIVE,7.46,totals_actionable_findings.csv
HTE0155,1,1,,DRAT_EPRED_CONSENSUS,DRAT_PICK_EQUALS_EPRED_PICK,DRAT_EPRED_SHARED_SIDE,MEAN_DRAT_EPRED_SELECTED_PROB,Over,SpreadBucket,SpreadBucket=Fav -3 to -3.5,1,SpreadBucket,SELECTED_SPREAD,SPREAD_FOR_FAMILY_SELECTED_SIDE,SCHEDULE,SCHEDULE.home_spread|SCHEDULE.away_spread,NUMERIC_RANGE,-4,-3,,0,Fav -3 to -3.5,,,,,,,,,,,,176,99,77,56.25,48.86,63.37,48.81,7.44,5,100.0,4,4,100.0,POSITIVE,7.44,totals_actionable_findings.csv
HTE0156,1,1,,DRAT_EPRED_CONSENSUS,DRAT_PICK_EQUALS_EPRED_PICK,DRAT_EPRED_SHARED_SIDE,MEAN_DRAT_EPRED_SELECTED_PROB,Under,SpreadBucket,SpreadBucket=Fav -3 to -3.5,1,SpreadBucket,SELECTED_SPREAD,SPREAD_FOR_FAMILY_SELECTED_SIDE,SCHEDULE,SCHEDULE.home_spread|SCHEDULE.away_spread,NUMERIC_RANGE,-4,-3,,0,Fav -3 to -3.5,,,,,,,,,,,,176,77,99,43.75,36.63,51.14,51.19,-7.44,5,100.0,4,4,100.0,NEGATIVE,7.44,totals_actionable_findings.csv
HTE0157,1,1,,DRAT,DRAT_AVAILABLE,DRAT_MAX_PROB_SIDE,DRAT_MAX_PROB,Over,ProbBucket,ProbBucket=75-79.9%,1,ProbBucket,FAMILY_SELECTED_PROB,USE_FAMILY_SELECTED_PROB,FAMILY_DEPENDENT,DRAT.home_prob|DRAT.away_prob|EPRED.home_prob|EPRED.away_prob|DRAT.moneyline_home|DRAT.moneyline_away|SCHEDULE.home_spread|SCHEDULE.away_spread,NUMERIC_RANGE,0.75,0.8,,0,75-79.9%,,,,,,,,,,,,152,85,67,55.92,47.98,63.57,48.52,7.4,5,80.0,4,3,75.0,POSITIVE,7.40,totals_actionable_findings.csv
HTE0158,1,1,,DRAT,DRAT_AVAILABLE,DRAT_MAX_PROB_SIDE,DRAT_MAX_PROB,Over,ProbBucket + MarketRole,ProbBucket=75-79.9% | MarketRole=Market Favorite,2,ProbBucket,FAMILY_SELECTED_PROB,USE_FAMILY_SELECTED_PROB,FAMILY_DEPENDENT,DRAT.home_prob|DRAT.away_prob|EPRED.home_prob|EPRED.away_prob|DRAT.moneyline_home|DRAT.moneyline_away|SCHEDULE.home_spread|SCHEDULE.away_spread,NUMERIC_RANGE,0.75,0.8,,0,75-79.9%,MarketRole,SELECTED_MARKET_ROLE,MARKET_ROLE_FOR_FAMILY_SELECTED_SIDE,DRAT|SCHEDULE,DRAT.moneyline_home|DRAT.moneyline_away|SCHEDULE.home_spread|SCHEDULE.away_spread,TEXT_EQUALS,,,Market Favorite,0,Market Favorite,152,85,67,55.92,47.98,63.57,48.52,7.4,5,80.0,4,3,75.0,POSITIVE,7.40,totals_actionable_findings.csv
HTE0159,1,1,,DRAT,DRAT_AVAILABLE,DRAT_MAX_PROB_SIDE,DRAT_MAX_PROB,Over,SelectedVsMarket + ProbBucket,SelectedVsMarket=Agree | ProbBucket=75-79.9%,2,SelectedVsMarket,FAMILY_VS_MARKET_AGREEMENT,COMPARE_FAMILY_PICK_TO_MARKET_PICK,DRAT|EPRED|SCHEDULE,DRAT.home_prob|DRAT.away_prob|EPRED.home_prob|EPRED.away_prob|DRAT.moneyline_home|DRAT.moneyline_away|SCHEDULE.home_spread|SCHEDULE.away_spread,TEXT_EQUALS,,,Agree,0,Agree,ProbBucket,FAMILY_SELECTED_PROB,USE_FAMILY_SELECTED_PROB,FAMILY_DEPENDENT,DRAT.home_prob|DRAT.away_prob|EPRED.home_prob|EPRED.away_prob|DRAT.moneyline_home|DRAT.moneyline_away|SCHEDULE.home_spread|SCHEDULE.away_spread,NUMERIC_RANGE,0.75,0.8,,0,75-79.9%,152,85,67,55.92,47.98,63.57,48.52,7.4,5,80.0,4,3,75.0,POSITIVE,7.40,totals_actionable_findings.csv
HTE0160,1,1,,DRAT,DRAT_AVAILABLE,DRAT_MAX_PROB_SIDE,DRAT_MAX_PROB,Under,ProbBucket,ProbBucket=75-79.9%,1,ProbBucket,FAMILY_SELECTED_PROB,USE_FAMILY_SELECTED_PROB,FAMILY_DEPENDENT,DRAT.home_prob|DRAT.away_prob|EPRED.home_prob|EPRED.away_prob|DRAT.moneyline_home|DRAT.moneyline_away|SCHEDULE.home_spread|SCHEDULE.away_spread,NUMERIC_RANGE,0.75,0.8,,0,75-79.9%,,,,,,,,,,,,152,67,85,44.08,36.43,52.02,51.48,-7.4,5,80.0,4,3,75.0,NEGATIVE,7.40,totals_actionable_findings.csv
HTE0161,1,1,,DRAT,DRAT_AVAILABLE,DRAT_MAX_PROB_SIDE,DRAT_MAX_PROB,Under,ProbBucket + MarketRole,ProbBucket=75-79.9% | MarketRole=Market Favorite,2,ProbBucket,FAMILY_SELECTED_PROB,USE_FAMILY_SELECTED_PROB,FAMILY_DEPENDENT,DRAT.home_prob|DRAT.away_prob|EPRED.home_prob|EPRED.away_prob|DRAT.moneyline_home|DRAT.moneyline_away|SCHEDULE.home_spread|SCHEDULE.away_spread,NUMERIC_RANGE,0.75,0.8,,0,75-79.9%,MarketRole,SELECTED_MARKET_ROLE,MARKET_ROLE_FOR_FAMILY_SELECTED_SIDE,DRAT|SCHEDULE,DRAT.moneyline_home|DRAT.moneyline_away|SCHEDULE.home_spread|SCHEDULE.away_spread,TEXT_EQUALS,,,Market Favorite,0,Market Favorite,152,67,85,44.08,36.43,52.02,51.48,-7.4,5,80.0,4,3,75.0,NEGATIVE,7.40,totals_actionable_findings.csv
HTE0162,1,1,,DRAT,DRAT_AVAILABLE,DRAT_MAX_PROB_SIDE,DRAT_MAX_PROB,Under,SelectedVsMarket + ProbBucket,SelectedVsMarket=Agree | ProbBucket=75-79.9%,2,SelectedVsMarket,FAMILY_VS_MARKET_AGREEMENT,COMPARE_FAMILY_PICK_TO_MARKET_PICK,DRAT|EPRED|SCHEDULE,DRAT.home_prob|DRAT.away_prob|EPRED.home_prob|EPRED.away_prob|DRAT.moneyline_home|DRAT.moneyline_away|SCHEDULE.home_spread|SCHEDULE.away_spread,TEXT_EQUALS,,,Agree,0,Agree,ProbBucket,FAMILY_SELECTED_PROB,USE_FAMILY_SELECTED_PROB,FAMILY_DEPENDENT,DRAT.home_prob|DRAT.away_prob|EPRED.home_prob|EPRED.away_prob|DRAT.moneyline_home|DRAT.moneyline_away|SCHEDULE.home_spread|SCHEDULE.away_spread,NUMERIC_RANGE,0.75,0.8,,0,75-79.9%,152,67,85,44.08,36.43,52.02,51.48,-7.4,5,80.0,4,3,75.0,NEGATIVE,7.40,totals_actionable_findings.csv
HTE0163,1,1,,MARKET,MARKET_AVAILABLE,MARKET_NOVIG_SIDE_ELSE_SPREAD_SIDE,MARKET_NOVIG_SELECTED_PROB,Over,RatingGapBucket + SpreadBucket,RatingGapBucket=3 to 5.9 | SpreadBucket=Fav -0.5 to -2.5,2,RatingGapBucket,SELECTED_EPRED_RATING_GAP,EPRED_RATING_SELECTED_MINUS_OPPONENT,EPRED,EPRED.home_rating|EPRED.away_rating,NUMERIC_RANGE,3,6,,0,3 to 5.9,SpreadBucket,SELECTED_SPREAD,SPREAD_FOR_FAMILY_SELECTED_SIDE,SCHEDULE,SCHEDULE.home_spread|SCHEDULE.away_spread,NUMERIC_RANGE,-3,0,,0,Fav -0.5 to -2.5,119,49,70,41.18,32.74,50.16,48.52,-7.34,5,80.0,3,3,100.0,NEGATIVE,7.34,totals_actionable_findings.csv
HTE0164,1,1,,MARKET,MARKET_AVAILABLE,MARKET_NOVIG_SIDE_ELSE_SPREAD_SIDE,MARKET_NOVIG_SELECTED_PROB,Under,RatingGapBucket + SpreadBucket,RatingGapBucket=3 to 5.9 | SpreadBucket=Fav -0.5 to -2.5,2,RatingGapBucket,SELECTED_EPRED_RATING_GAP,EPRED_RATING_SELECTED_MINUS_OPPONENT,EPRED,EPRED.home_rating|EPRED.away_rating,NUMERIC_RANGE,3,6,,0,3 to 5.9,SpreadBucket,SELECTED_SPREAD,SPREAD_FOR_FAMILY_SELECTED_SIDE,SCHEDULE,SCHEDULE.home_spread|SCHEDULE.away_spread,NUMERIC_RANGE,-3,0,,0,Fav -0.5 to -2.5,119,70,49,58.82,49.84,67.26,51.48,7.34,5,80.0,3,3,100.0,POSITIVE,7.34,totals_actionable_findings.csv
HTE0165,1,1,,MARKET,MARKET_AVAILABLE,MARKET_NOVIG_SIDE_ELSE_SPREAD_SIDE,MARKET_NOVIG_SELECTED_PROB,Over,ProbBucket,ProbBucket=80-84.9%,1,ProbBucket,FAMILY_SELECTED_PROB,USE_FAMILY_SELECTED_PROB,FAMILY_DEPENDENT,DRAT.home_prob|DRAT.away_prob|EPRED.home_prob|EPRED.away_prob|DRAT.moneyline_home|DRAT.moneyline_away|SCHEDULE.home_spread|SCHEDULE.away_spread,NUMERIC_RANGE,0.8,0.85,,0,80-84.9%,,,,,,,,,,,,88,49,39,55.68,45.28,65.61,48.52,7.16,5,100.0,4,4,100.0,POSITIVE,7.16,totals_actionable_findings.csv
HTE0166,1,1,,MARKET,MARKET_AVAILABLE,MARKET_NOVIG_SIDE_ELSE_SPREAD_SIDE,MARKET_NOVIG_SELECTED_PROB,Over,ProbBucket + MarketRole,ProbBucket=80-84.9% | MarketRole=Market Favorite,2,ProbBucket,FAMILY_SELECTED_PROB,USE_FAMILY_SELECTED_PROB,FAMILY_DEPENDENT,DRAT.home_prob|DRAT.away_prob|EPRED.home_prob|EPRED.away_prob|DRAT.moneyline_home|DRAT.moneyline_away|SCHEDULE.home_spread|SCHEDULE.away_spread,NUMERIC_RANGE,0.8,0.85,,0,80-84.9%,MarketRole,SELECTED_MARKET_ROLE,MARKET_ROLE_FOR_FAMILY_SELECTED_SIDE,DRAT|SCHEDULE,DRAT.moneyline_home|DRAT.moneyline_away|SCHEDULE.home_spread|SCHEDULE.away_spread,TEXT_EQUALS,,,Market Favorite,0,Market Favorite,88,49,39,55.68,45.28,65.61,48.52,7.16,5,100.0,4,4,100.0,POSITIVE,7.16,totals_actionable_findings.csv
HTE0167,1,1,,MARKET,MARKET_AVAILABLE,MARKET_NOVIG_SIDE_ELSE_SPREAD_SIDE,MARKET_NOVIG_SELECTED_PROB,Over,SelectedVsMarket + ProbBucket,SelectedVsMarket=Agree | ProbBucket=80-84.9%,2,SelectedVsMarket,FAMILY_VS_MARKET_AGREEMENT,COMPARE_FAMILY_PICK_TO_MARKET_PICK,DRAT|EPRED|SCHEDULE,DRAT.home_prob|DRAT.away_prob|EPRED.home_prob|EPRED.away_prob|DRAT.moneyline_home|DRAT.moneyline_away|SCHEDULE.home_spread|SCHEDULE.away_spread,TEXT_EQUALS,,,Agree,0,Agree,ProbBucket,FAMILY_SELECTED_PROB,USE_FAMILY_SELECTED_PROB,FAMILY_DEPENDENT,DRAT.home_prob|DRAT.away_prob|EPRED.home_prob|EPRED.away_prob|DRAT.moneyline_home|DRAT.moneyline_away|SCHEDULE.home_spread|SCHEDULE.away_spread,NUMERIC_RANGE,0.8,0.85,,0,80-84.9%,88,49,39,55.68,45.28,65.61,48.52,7.16,5,100.0,4,4,100.0,POSITIVE,7.16,totals_actionable_findings.csv
HTE0168,1,1,,MARKET,MARKET_AVAILABLE,MARKET_NOVIG_SIDE_ELSE_SPREAD_SIDE,MARKET_NOVIG_SELECTED_PROB,Under,ProbBucket,ProbBucket=80-84.9%,1,ProbBucket,FAMILY_SELECTED_PROB,USE_FAMILY_SELECTED_PROB,FAMILY_DEPENDENT,DRAT.home_prob|DRAT.away_prob|EPRED.home_prob|EPRED.away_prob|DRAT.moneyline_home|DRAT.moneyline_away|SCHEDULE.home_spread|SCHEDULE.away_spread,NUMERIC_RANGE,0.8,0.85,,0,80-84.9%,,,,,,,,,,,,88,39,49,44.32,34.39,54.72,51.48,-7.16,5,100.0,4,4,100.0,NEGATIVE,7.16,totals_actionable_findings.csv
HTE0169,1,1,,MARKET,MARKET_AVAILABLE,MARKET_NOVIG_SIDE_ELSE_SPREAD_SIDE,MARKET_NOVIG_SELECTED_PROB,Under,ProbBucket + MarketRole,ProbBucket=80-84.9% | MarketRole=Market Favorite,2,ProbBucket,FAMILY_SELECTED_PROB,USE_FAMILY_SELECTED_PROB,FAMILY_DEPENDENT,DRAT.home_prob|DRAT.away_prob|EPRED.home_prob|EPRED.away_prob|DRAT.moneyline_home|DRAT.moneyline_away|SCHEDULE.home_spread|SCHEDULE.away_spread,NUMERIC_RANGE,0.8,0.85,,0,80-84.9%,MarketRole,SELECTED_MARKET_ROLE,MARKET_ROLE_FOR_FAMILY_SELECTED_SIDE,DRAT|SCHEDULE,DRAT.moneyline_home|DRAT.moneyline_away|SCHEDULE.home_spread|SCHEDULE.away_spread,TEXT_EQUALS,,,Market Favorite,0,Market Favorite,88,39,49,44.32,34.39,54.72,51.48,-7.16,5,100.0,4,4,100.0,NEGATIVE,7.16,totals_actionable_findings.csv
HTE0170,1,1,,MARKET,MARKET_AVAILABLE,MARKET_NOVIG_SIDE_ELSE_SPREAD_SIDE,MARKET_NOVIG_SELECTED_PROB,Under,SelectedVsMarket + ProbBucket,SelectedVsMarket=Agree | ProbBucket=80-84.9%,2,SelectedVsMarket,FAMILY_VS_MARKET_AGREEMENT,COMPARE_FAMILY_PICK_TO_MARKET_PICK,DRAT|EPRED|SCHEDULE,DRAT.home_prob|DRAT.away_prob|EPRED.home_prob|EPRED.away_prob|DRAT.moneyline_home|DRAT.moneyline_away|SCHEDULE.home_spread|SCHEDULE.away_spread,TEXT_EQUALS,,,Agree,0,Agree,ProbBucket,FAMILY_SELECTED_PROB,USE_FAMILY_SELECTED_PROB,FAMILY_DEPENDENT,DRAT.home_prob|DRAT.away_prob|EPRED.home_prob|EPRED.away_prob|DRAT.moneyline_home|DRAT.moneyline_away|SCHEDULE.home_spread|SCHEDULE.away_spread,NUMERIC_RANGE,0.8,0.85,,0,80-84.9%,88,39,49,44.32,34.39,54.72,51.48,-7.16,5,100.0,4,4,100.0,NEGATIVE,7.16,totals_actionable_findings.csv
HTE0171,1,1,,EPRED,EPRED_AVAILABLE,EPRED_NORMALIZED_MAX_PROB_SIDE,EPRED_NORMALIZED_MAX_PROB,Over,SelectedVsMarket + ModelMarketEdgeBucket,SelectedVsMarket=Disagree | ModelMarketEdgeBucket=+10 pts+,2,SelectedVsMarket,FAMILY_VS_MARKET_AGREEMENT,COMPARE_FAMILY_PICK_TO_MARKET_PICK,DRAT|EPRED|SCHEDULE,DRAT.home_prob|DRAT.away_prob|EPRED.home_prob|EPRED.away_prob|DRAT.moneyline_home|DRAT.moneyline_away|SCHEDULE.home_spread|SCHEDULE.away_spread,TEXT_EQUALS,,,Disagree,0,Disagree,ModelMarketEdgeBucket,FAMILY_MARKET_EDGE_PP,FAMILY_SELECTED_PROB_MINUS_MARKET_SELECTED_PROB_X100,DRAT|EPRED|SCHEDULE,DRAT.home_prob|DRAT.away_prob|EPRED.home_prob|EPRED.away_prob|DRAT.moneyline_home|DRAT.moneyline_away|SCHEDULE.home_spread|SCHEDULE.away_spread,NUMERIC_RANGE,10,,,0,+10 pts+,87,36,51,41.38,31.61,51.88,48.52,-7.14,5,80.0,3,2,66.67,NEGATIVE,7.14,totals_actionable_findings.csv
HTE0172,1,1,,EPRED,EPRED_AVAILABLE,EPRED_NORMALIZED_MAX_PROB_SIDE,EPRED_NORMALIZED_MAX_PROB,Under,SelectedVsMarket + ModelMarketEdgeBucket,SelectedVsMarket=Disagree | ModelMarketEdgeBucket=+10 pts+,2,SelectedVsMarket,FAMILY_VS_MARKET_AGREEMENT,COMPARE_FAMILY_PICK_TO_MARKET_PICK,DRAT|EPRED|SCHEDULE,DRAT.home_prob|DRAT.away_prob|EPRED.home_prob|EPRED.away_prob|DRAT.moneyline_home|DRAT.moneyline_away|SCHEDULE.home_spread|SCHEDULE.away_spread,TEXT_EQUALS,,,Disagree,0,Disagree,ModelMarketEdgeBucket,FAMILY_MARKET_EDGE_PP,FAMILY_SELECTED_PROB_MINUS_MARKET_SELECTED_PROB_X100,DRAT|EPRED|SCHEDULE,DRAT.home_prob|DRAT.away_prob|EPRED.home_prob|EPRED.away_prob|DRAT.moneyline_home|DRAT.moneyline_away|SCHEDULE.home_spread|SCHEDULE.away_spread,NUMERIC_RANGE,10,,,0,+10 pts+,87,51,36,58.62,48.12,68.39,51.48,7.14,5,80.0,3,2,66.67,POSITIVE,7.14,totals_actionable_findings.csv
HTE0173,1,1,,EPRED,EPRED_AVAILABLE,EPRED_NORMALIZED_MAX_PROB_SIDE,EPRED_NORMALIZED_MAX_PROB,Over,SpreadBucket,SpreadBucket=Fav -3 to -3.5,1,SpreadBucket,SELECTED_SPREAD,SPREAD_FOR_FAMILY_SELECTED_SIDE,SCHEDULE,SCHEDULE.home_spread|SCHEDULE.away_spread,NUMERIC_RANGE,-4,-3,,0,Fav -3 to -3.5,,,,,,,,,,,,180,100,80,55.56,48.26,62.62,48.52,7.04,5,100.0,4,4,100.0,POSITIVE,7.04,totals_actionable_findings.csv
HTE0174,1,1,,EPRED,EPRED_AVAILABLE,EPRED_NORMALIZED_MAX_PROB_SIDE,EPRED_NORMALIZED_MAX_PROB,Under,SpreadBucket,SpreadBucket=Fav -3 to -3.5,1,SpreadBucket,SELECTED_SPREAD,SPREAD_FOR_FAMILY_SELECTED_SIDE,SCHEDULE,SCHEDULE.home_spread|SCHEDULE.away_spread,NUMERIC_RANGE,-4,-3,,0,Fav -3 to -3.5,,,,,,,,,,,,180,80,100,44.44,37.38,51.74,51.48,-7.04,5,100.0,4,4,100.0,NEGATIVE,7.04,totals_actionable_findings.csv
HTE0175,1,1,,MARKET,MARKET_AVAILABLE,MARKET_NOVIG_SIDE_ELSE_SPREAD_SIDE,MARKET_NOVIG_SELECTED_PROB,Over,WeekBucket + ProbBucket,WeekBucket=Weeks 4-8 | ProbBucket=<55%,2,WeekBucket,WEEK,RAW_WEEK,SCHEDULE,SCHEDULE.week,NUMERIC_RANGE,4,9,,0,Weeks 4-8,ProbBucket,FAMILY_SELECTED_PROB,USE_FAMILY_SELECTED_PROB,FAMILY_DEPENDENT,DRAT.home_prob|DRAT.away_prob|EPRED.home_prob|EPRED.away_prob|DRAT.moneyline_home|DRAT.moneyline_away|SCHEDULE.home_spread|SCHEDULE.away_spread,NUMERIC_RANGE,,0.55,,0,<55%,53,22,31,41.51,29.26,54.91,48.52,-7.01,5,80.0,3,2,66.67,NEGATIVE,7.01,totals_actionable_findings.csv
HTE0176,1,1,,MARKET,MARKET_AVAILABLE,MARKET_NOVIG_SIDE_ELSE_SPREAD_SIDE,MARKET_NOVIG_SELECTED_PROB,Under,WeekBucket + ProbBucket,WeekBucket=Weeks 4-8 | ProbBucket=<55%,2,WeekBucket,WEEK,RAW_WEEK,SCHEDULE,SCHEDULE.week,NUMERIC_RANGE,4,9,,0,Weeks 4-8,ProbBucket,FAMILY_SELECTED_PROB,USE_FAMILY_SELECTED_PROB,FAMILY_DEPENDENT,DRAT.home_prob|DRAT.away_prob|EPRED.home_prob|EPRED.away_prob|DRAT.moneyline_home|DRAT.moneyline_away|SCHEDULE.home_spread|SCHEDULE.away_spread,NUMERIC_RANGE,,0.55,,0,<55%,53,31,22,58.49,45.09,70.74,51.48,7.01,5,80.0,3,2,66.67,POSITIVE,7.01,totals_actionable_findings.csv
HTE0177,1,1,,EPRED,EPRED_AVAILABLE,EPRED_NORMALIZED_MAX_PROB_SIDE,EPRED_NORMALIZED_MAX_PROB,Over,ModelMarketEdgeBucket,ModelMarketEdgeBucket=+10 pts+,1,ModelMarketEdgeBucket,FAMILY_MARKET_EDGE_PP,FAMILY_SELECTED_PROB_MINUS_MARKET_SELECTED_PROB_X100,DRAT|EPRED|SCHEDULE,DRAT.home_prob|DRAT.away_prob|EPRED.home_prob|EPRED.away_prob|DRAT.moneyline_home|DRAT.moneyline_away|SCHEDULE.home_spread|SCHEDULE.away_spread,NUMERIC_RANGE,10,,,0,+10 pts+,,,,,,,,,,,,125,52,73,41.6,33.34,50.37,48.52,-6.92,5,80.0,3,2,66.67,NEGATIVE,6.92,totals_actionable_findings.csv
HTE0178,1,1,,EPRED,EPRED_AVAILABLE,EPRED_NORMALIZED_MAX_PROB_SIDE,EPRED_NORMALIZED_MAX_PROB,Under,ModelMarketEdgeBucket,ModelMarketEdgeBucket=+10 pts+,1,ModelMarketEdgeBucket,FAMILY_MARKET_EDGE_PP,FAMILY_SELECTED_PROB_MINUS_MARKET_SELECTED_PROB_X100,DRAT|EPRED|SCHEDULE,DRAT.home_prob|DRAT.away_prob|EPRED.home_prob|EPRED.away_prob|DRAT.moneyline_home|DRAT.moneyline_away|SCHEDULE.home_spread|SCHEDULE.away_spread,NUMERIC_RANGE,10,,,0,+10 pts+,,,,,,,,,,,,125,73,52,58.4,49.63,66.66,51.48,6.92,5,80.0,3,2,66.67,POSITIVE,6.92,totals_actionable_findings.csv
HTE0179,1,1,,MARKET,MARKET_AVAILABLE,MARKET_NOVIG_SIDE_ELSE_SPREAD_SIDE,MARKET_NOVIG_SELECTED_PROB,Over,WeekBucket + ProbBucket,WeekBucket=Weeks 4-8 | ProbBucket=60-64.9%,2,WeekBucket,WEEK,RAW_WEEK,SCHEDULE,SCHEDULE.week,NUMERIC_RANGE,4,9,,0,Weeks 4-8,ProbBucket,FAMILY_SELECTED_PROB,USE_FAMILY_SELECTED_PROB,FAMILY_DEPENDENT,DRAT.home_prob|DRAT.away_prob|EPRED.home_prob|EPRED.away_prob|DRAT.moneyline_home|DRAT.moneyline_away|SCHEDULE.home_spread|SCHEDULE.away_spread,NUMERIC_RANGE,0.6,0.65,,0,60-64.9%,65,36,29,55.38,43.34,66.83,48.52,6.86,5,100.0,3,3,100.0,POSITIVE,6.86,totals_actionable_findings.csv
HTE0180,1,1,,MARKET,MARKET_AVAILABLE,MARKET_NOVIG_SIDE_ELSE_SPREAD_SIDE,MARKET_NOVIG_SELECTED_PROB,Under,WeekBucket + ProbBucket,WeekBucket=Weeks 4-8 | ProbBucket=60-64.9%,2,WeekBucket,WEEK,RAW_WEEK,SCHEDULE,SCHEDULE.week,NUMERIC_RANGE,4,9,,0,Weeks 4-8,ProbBucket,FAMILY_SELECTED_PROB,USE_FAMILY_SELECTED_PROB,FAMILY_DEPENDENT,DRAT.home_prob|DRAT.away_prob|EPRED.home_prob|EPRED.away_prob|DRAT.moneyline_home|DRAT.moneyline_away|SCHEDULE.home_spread|SCHEDULE.away_spread,NUMERIC_RANGE,0.6,0.65,,0,60-64.9%,65,29,36,44.62,33.17,56.66,51.48,-6.86,5,100.0,3,3,100.0,NEGATIVE,6.86,totals_actionable_findings.csv
HTE0181,1,1,,MARKET,MARKET_AVAILABLE,MARKET_NOVIG_SIDE_ELSE_SPREAD_SIDE,MARKET_NOVIG_SELECTED_PROB,Over,ProbBucket + SpreadBucket,ProbBucket=75-79.9% | SpreadBucket=Fav -7 to -9.5,2,ProbBucket,FAMILY_SELECTED_PROB,USE_FAMILY_SELECTED_PROB,FAMILY_DEPENDENT,DRAT.home_prob|DRAT.away_prob|EPRED.home_prob|EPRED.away_prob|DRAT.moneyline_home|DRAT.moneyline_away|SCHEDULE.home_spread|SCHEDULE.away_spread,NUMERIC_RANGE,0.75,0.8,,0,75-79.9%,SpreadBucket,SELECTED_SPREAD,SPREAD_FOR_FAMILY_SELECTED_SIDE,SCHEDULE,SCHEDULE.home_spread|SCHEDULE.away_spread,NUMERIC_RANGE,-10,-7,,0,Fav -7 to -9.5,121,67,54,55.37,46.48,63.93,48.52,6.85,5,80.0,3,3,100.0,POSITIVE,6.85,totals_actionable_findings.csv
HTE0182,1,1,,MARKET,MARKET_AVAILABLE,MARKET_NOVIG_SIDE_ELSE_SPREAD_SIDE,MARKET_NOVIG_SELECTED_PROB,Under,ProbBucket + SpreadBucket,ProbBucket=75-79.9% | SpreadBucket=Fav -7 to -9.5,2,ProbBucket,FAMILY_SELECTED_PROB,USE_FAMILY_SELECTED_PROB,FAMILY_DEPENDENT,DRAT.home_prob|DRAT.away_prob|EPRED.home_prob|EPRED.away_prob|DRAT.moneyline_home|DRAT.moneyline_away|SCHEDULE.home_spread|SCHEDULE.away_spread,NUMERIC_RANGE,0.75,0.8,,0,75-79.9%,SpreadBucket,SELECTED_SPREAD,SPREAD_FOR_FAMILY_SELECTED_SIDE,SCHEDULE,SCHEDULE.home_spread|SCHEDULE.away_spread,NUMERIC_RANGE,-10,-7,,0,Fav -7 to -9.5,121,54,67,44.63,36.07,53.52,51.48,-6.85,5,80.0,3,3,100.0,NEGATIVE,6.85,totals_actionable_findings.csv
HTE0183,1,1,,ALL3_CONSENSUS,DRAT_PICK_EQUALS_EPRED_PICK_EQUALS_MARKET_PICK,DRAT_EPRED_MARKET_SHARED_SIDE,MEAN_DRAT_EPRED_MARKET_SELECTED_PROB,Over,SpreadBucket,SpreadBucket=Fav -3 to -3.5,1,SpreadBucket,SELECTED_SPREAD,SPREAD_FOR_FAMILY_SELECTED_SIDE,SCHEDULE,SCHEDULE.home_spread|SCHEDULE.away_spread,NUMERIC_RANGE,-4,-3,,0,Fav -3 to -3.5,,,,,,,,,,,,176,99,77,56.25,48.86,63.37,49.44,6.81,5,100.0,4,4,100.0,POSITIVE,6.81,totals_actionable_findings.csv
HTE0184,1,1,,ALL3_CONSENSUS,DRAT_PICK_EQUALS_EPRED_PICK_EQUALS_MARKET_PICK,DRAT_EPRED_MARKET_SHARED_SIDE,MEAN_DRAT_EPRED_MARKET_SELECTED_PROB,Under,SpreadBucket,SpreadBucket=Fav -3 to -3.5,1,SpreadBucket,SELECTED_SPREAD,SPREAD_FOR_FAMILY_SELECTED_SIDE,SCHEDULE,SCHEDULE.home_spread|SCHEDULE.away_spread,NUMERIC_RANGE,-4,-3,,0,Fav -3 to -3.5,,,,,,,,,,,,176,77,99,43.75,36.63,51.14,50.56,-6.81,5,100.0,4,4,100.0,NEGATIVE,6.81,totals_actionable_findings.csv
HTE0185,1,1,,MARKET,MARKET_AVAILABLE,MARKET_NOVIG_SIDE_ELSE_SPREAD_SIDE,MARKET_NOVIG_SELECTED_PROB,Over,SpreadBucket,SpreadBucket=Fav -3 to -3.5,1,SpreadBucket,SELECTED_SPREAD,SPREAD_FOR_FAMILY_SELECTED_SIDE,SCHEDULE,SCHEDULE.home_spread|SCHEDULE.away_spread,NUMERIC_RANGE,-4,-3,,0,Fav -3 to -3.5,,,,,,,,,,,,188,104,84,55.32,48.18,62.25,48.52,6.8,5,100.0,4,4,100.0,POSITIVE,6.80,totals_actionable_findings.csv
HTE0186,1,1,,MARKET,MARKET_AVAILABLE,MARKET_NOVIG_SIDE_ELSE_SPREAD_SIDE,MARKET_NOVIG_SELECTED_PROB,Under,SpreadBucket,SpreadBucket=Fav -3 to -3.5,1,SpreadBucket,SELECTED_SPREAD,SPREAD_FOR_FAMILY_SELECTED_SIDE,SCHEDULE,SCHEDULE.home_spread|SCHEDULE.away_spread,NUMERIC_RANGE,-4,-3,,0,Fav -3 to -3.5,,,,,,,,,,,,188,84,104,44.68,37.75,51.82,51.48,-6.8,5,100.0,4,4,100.0,NEGATIVE,6.80,totals_actionable_findings.csv
HTE0187,1,1,,DRAT,DRAT_AVAILABLE,DRAT_MAX_PROB_SIDE,DRAT_MAX_PROB,Over,ProbBucket + SpreadBucket,ProbBucket=60-64.9% | SpreadBucket=Fav -0.5 to -2.5,2,ProbBucket,FAMILY_SELECTED_PROB,USE_FAMILY_SELECTED_PROB,FAMILY_DEPENDENT,DRAT.home_prob|DRAT.away_prob|EPRED.home_prob|EPRED.away_prob|DRAT.moneyline_home|DRAT.moneyline_away|SCHEDULE.home_spread|SCHEDULE.away_spread,NUMERIC_RANGE,0.6,0.65,,0,60-64.9%,SpreadBucket,SELECTED_SPREAD,SPREAD_FOR_FAMILY_SELECTED_SIDE,SCHEDULE,SCHEDULE.home_spread|SCHEDULE.away_spread,NUMERIC_RANGE,-3,0,,0,Fav -0.5 to -2.5,115,48,67,41.74,33.14,50.88,48.52,-6.78,5,80.0,4,3,75.0,NEGATIVE,6.78,totals_actionable_findings.csv
HTE0188,1,1,,DRAT,DRAT_AVAILABLE,DRAT_MAX_PROB_SIDE,DRAT_MAX_PROB,Under,ProbBucket + SpreadBucket,ProbBucket=60-64.9% | SpreadBucket=Fav -0.5 to -2.5,2,ProbBucket,FAMILY_SELECTED_PROB,USE_FAMILY_SELECTED_PROB,FAMILY_DEPENDENT,DRAT.home_prob|DRAT.away_prob|EPRED.home_prob|EPRED.away_prob|DRAT.moneyline_home|DRAT.moneyline_away|SCHEDULE.home_spread|SCHEDULE.away_spread,NUMERIC_RANGE,0.6,0.65,,0,60-64.9%,SpreadBucket,SELECTED_SPREAD,SPREAD_FOR_FAMILY_SELECTED_SIDE,SCHEDULE,SCHEDULE.home_spread|SCHEDULE.away_spread,NUMERIC_RANGE,-3,0,,0,Fav -0.5 to -2.5,115,67,48,58.26,49.12,66.86,51.48,6.78,5,80.0,4,3,75.0,POSITIVE,6.78,totals_actionable_findings.csv
HTE0189,1,1,,MARKET,MARKET_AVAILABLE,MARKET_NOVIG_SIDE_ELSE_SPREAD_SIDE,MARKET_NOVIG_SELECTED_PROB,Over,ProbBucket,ProbBucket=75-79.9%,1,ProbBucket,FAMILY_SELECTED_PROB,USE_FAMILY_SELECTED_PROB,FAMILY_DEPENDENT,DRAT.home_prob|DRAT.away_prob|EPRED.home_prob|EPRED.away_prob|DRAT.moneyline_home|DRAT.moneyline_away|SCHEDULE.home_spread|SCHEDULE.away_spread,NUMERIC_RANGE,0.75,0.8,,0,75-79.9%,,,,,,,,,,,,161,89,72,55.28,47.57,62.75,48.52,6.76,5,100.0,4,4,100.0,POSITIVE,6.76,totals_actionable_findings.csv
HTE0190,1,1,,MARKET,MARKET_AVAILABLE,MARKET_NOVIG_SIDE_ELSE_SPREAD_SIDE,MARKET_NOVIG_SELECTED_PROB,Over,ProbBucket + MarketRole,ProbBucket=75-79.9% | MarketRole=Market Favorite,2,ProbBucket,FAMILY_SELECTED_PROB,USE_FAMILY_SELECTED_PROB,FAMILY_DEPENDENT,DRAT.home_prob|DRAT.away_prob|EPRED.home_prob|EPRED.away_prob|DRAT.moneyline_home|DRAT.moneyline_away|SCHEDULE.home_spread|SCHEDULE.away_spread,NUMERIC_RANGE,0.75,0.8,,0,75-79.9%,MarketRole,SELECTED_MARKET_ROLE,MARKET_ROLE_FOR_FAMILY_SELECTED_SIDE,DRAT|SCHEDULE,DRAT.moneyline_home|DRAT.moneyline_away|SCHEDULE.home_spread|SCHEDULE.away_spread,TEXT_EQUALS,,,Market Favorite,0,Market Favorite,161,89,72,55.28,47.57,62.75,48.52,6.76,5,100.0,4,4,100.0,POSITIVE,6.76,totals_actionable_findings.csv
HTE0191,1,1,,MARKET,MARKET_AVAILABLE,MARKET_NOVIG_SIDE_ELSE_SPREAD_SIDE,MARKET_NOVIG_SELECTED_PROB,Over,SelectedVsMarket + ProbBucket,SelectedVsMarket=Agree | ProbBucket=75-79.9%,2,SelectedVsMarket,FAMILY_VS_MARKET_AGREEMENT,COMPARE_FAMILY_PICK_TO_MARKET_PICK,DRAT|EPRED|SCHEDULE,DRAT.home_prob|DRAT.away_prob|EPRED.home_prob|EPRED.away_prob|DRAT.moneyline_home|DRAT.moneyline_away|SCHEDULE.home_spread|SCHEDULE.away_spread,TEXT_EQUALS,,,Agree,0,Agree,ProbBucket,FAMILY_SELECTED_PROB,USE_FAMILY_SELECTED_PROB,FAMILY_DEPENDENT,DRAT.home_prob|DRAT.away_prob|EPRED.home_prob|EPRED.away_prob|DRAT.moneyline_home|DRAT.moneyline_away|SCHEDULE.home_spread|SCHEDULE.away_spread,NUMERIC_RANGE,0.75,0.8,,0,75-79.9%,161,89,72,55.28,47.57,62.75,48.52,6.76,5,100.0,4,4,100.0,POSITIVE,6.76,totals_actionable_findings.csv
HTE0192,1,1,,MARKET,MARKET_AVAILABLE,MARKET_NOVIG_SIDE_ELSE_SPREAD_SIDE,MARKET_NOVIG_SELECTED_PROB,Under,ProbBucket,ProbBucket=75-79.9%,1,ProbBucket,FAMILY_SELECTED_PROB,USE_FAMILY_SELECTED_PROB,FAMILY_DEPENDENT,DRAT.home_prob|DRAT.away_prob|EPRED.home_prob|EPRED.away_prob|DRAT.moneyline_home|DRAT.moneyline_away|SCHEDULE.home_spread|SCHEDULE.away_spread,NUMERIC_RANGE,0.75,0.8,,0,75-79.9%,,,,,,,,,,,,161,72,89,44.72,37.25,52.43,51.48,-6.76,5,100.0,4,4,100.0,NEGATIVE,6.76,totals_actionable_findings.csv
HTE0193,1,1,,MARKET,MARKET_AVAILABLE,MARKET_NOVIG_SIDE_ELSE_SPREAD_SIDE,MARKET_NOVIG_SELECTED_PROB,Under,ProbBucket + MarketRole,ProbBucket=75-79.9% | MarketRole=Market Favorite,2,ProbBucket,FAMILY_SELECTED_PROB,USE_FAMILY_SELECTED_PROB,FAMILY_DEPENDENT,DRAT.home_prob|DRAT.away_prob|EPRED.home_prob|EPRED.away_prob|DRAT.moneyline_home|DRAT.moneyline_away|SCHEDULE.home_spread|SCHEDULE.away_spread,NUMERIC_RANGE,0.75,0.8,,0,75-79.9%,MarketRole,SELECTED_MARKET_ROLE,MARKET_ROLE_FOR_FAMILY_SELECTED_SIDE,DRAT|SCHEDULE,DRAT.moneyline_home|DRAT.moneyline_away|SCHEDULE.home_spread|SCHEDULE.away_spread,TEXT_EQUALS,,,Market Favorite,0,Market Favorite,161,72,89,44.72,37.25,52.43,51.48,-6.76,5,100.0,4,4,100.0,NEGATIVE,6.76,totals_actionable_findings.csv
HTE0194,1,1,,MARKET,MARKET_AVAILABLE,MARKET_NOVIG_SIDE_ELSE_SPREAD_SIDE,MARKET_NOVIG_SELECTED_PROB,Under,SelectedVsMarket + ProbBucket,SelectedVsMarket=Agree | ProbBucket=75-79.9%,2,SelectedVsMarket,FAMILY_VS_MARKET_AGREEMENT,COMPARE_FAMILY_PICK_TO_MARKET_PICK,DRAT|EPRED|SCHEDULE,DRAT.home_prob|DRAT.away_prob|EPRED.home_prob|EPRED.away_prob|DRAT.moneyline_home|DRAT.moneyline_away|SCHEDULE.home_spread|SCHEDULE.away_spread,TEXT_EQUALS,,,Agree,0,Agree,ProbBucket,FAMILY_SELECTED_PROB,USE_FAMILY_SELECTED_PROB,FAMILY_DEPENDENT,DRAT.home_prob|DRAT.away_prob|EPRED.home_prob|EPRED.away_prob|DRAT.moneyline_home|DRAT.moneyline_away|SCHEDULE.home_spread|SCHEDULE.away_spread,NUMERIC_RANGE,0.75,0.8,,0,75-79.9%,161,72,89,44.72,37.25,52.43,51.48,-6.76,5,100.0,4,4,100.0,NEGATIVE,6.76,totals_actionable_findings.csv
HTE0195,1,1,,DRAT,DRAT_AVAILABLE,DRAT_MAX_PROB_SIDE,DRAT_MAX_PROB,Over,DratEpredAgreement + ModelDiffBucket,DratEpredAgreement=Agree | ModelDiffBucket=15+ pts,2,DratEpredAgreement,DRAT_EPRED_AGREEMENT,COMPARE_DRAT_PICK_TO_EPRED_PICK,DRAT|EPRED,DRAT.home_prob|DRAT.away_prob|EPRED.home_prob|EPRED.away_prob,TEXT_EQUALS,,,Agree,0,Agree,ModelDiffBucket,DRAT_EPRED_HOME_PROB_ABS_DIFF_PP,ABS_DRAT_HOME_PROB_MINUS_EPRED_NORMALIZED_HOME_PROB_X100,DRAT|EPRED,DRAT.home_prob|EPRED.home_prob|EPRED.away_prob,NUMERIC_RANGE,15,,,0,15+ pts,69,38,31,55.07,43.38,66.23,48.52,6.55,5,80.0,3,3,100.0,POSITIVE,6.55,totals_actionable_findings.csv
HTE0196,1,1,,DRAT,DRAT_AVAILABLE,DRAT_MAX_PROB_SIDE,DRAT_MAX_PROB,Under,DratEpredAgreement + ModelDiffBucket,DratEpredAgreement=Agree | ModelDiffBucket=15+ pts,2,DratEpredAgreement,DRAT_EPRED_AGREEMENT,COMPARE_DRAT_PICK_TO_EPRED_PICK,DRAT|EPRED,DRAT.home_prob|DRAT.away_prob|EPRED.home_prob|EPRED.away_prob,TEXT_EQUALS,,,Agree,0,Agree,ModelDiffBucket,DRAT_EPRED_HOME_PROB_ABS_DIFF_PP,ABS_DRAT_HOME_PROB_MINUS_EPRED_NORMALIZED_HOME_PROB_X100,DRAT|EPRED,DRAT.home_prob|EPRED.home_prob|EPRED.away_prob,NUMERIC_RANGE,15,,,0,15+ pts,69,31,38,44.93,33.77,56.62,51.48,-6.55,5,80.0,3,3,100.0,NEGATIVE,6.55,totals_actionable_findings.csv
HTE0197,1,1,,EPRED,EPRED_AVAILABLE,EPRED_NORMALIZED_MAX_PROB_SIDE,EPRED_NORMALIZED_MAX_PROB,Over,DratEpredAgreement + ModelDiffBucket,DratEpredAgreement=Agree | ModelDiffBucket=15+ pts,2,DratEpredAgreement,DRAT_EPRED_AGREEMENT,COMPARE_DRAT_PICK_TO_EPRED_PICK,DRAT|EPRED,DRAT.home_prob|DRAT.away_prob|EPRED.home_prob|EPRED.away_prob,TEXT_EQUALS,,,Agree,0,Agree,ModelDiffBucket,DRAT_EPRED_HOME_PROB_ABS_DIFF_PP,ABS_DRAT_HOME_PROB_MINUS_EPRED_NORMALIZED_HOME_PROB_X100,DRAT|EPRED,DRAT.home_prob|EPRED.home_prob|EPRED.away_prob,NUMERIC_RANGE,15,,,0,15+ pts,69,38,31,55.07,43.38,66.23,48.52,6.55,5,80.0,3,3,100.0,POSITIVE,6.55,totals_actionable_findings.csv
HTE0198,1,1,,EPRED,EPRED_AVAILABLE,EPRED_NORMALIZED_MAX_PROB_SIDE,EPRED_NORMALIZED_MAX_PROB,Under,DratEpredAgreement + ModelDiffBucket,DratEpredAgreement=Agree | ModelDiffBucket=15+ pts,2,DratEpredAgreement,DRAT_EPRED_AGREEMENT,COMPARE_DRAT_PICK_TO_EPRED_PICK,DRAT|EPRED,DRAT.home_prob|DRAT.away_prob|EPRED.home_prob|EPRED.away_prob,TEXT_EQUALS,,,Agree,0,Agree,ModelDiffBucket,DRAT_EPRED_HOME_PROB_ABS_DIFF_PP,ABS_DRAT_HOME_PROB_MINUS_EPRED_NORMALIZED_HOME_PROB_X100,DRAT|EPRED,DRAT.home_prob|EPRED.home_prob|EPRED.away_prob,NUMERIC_RANGE,15,,,0,15+ pts,69,31,38,44.93,33.77,56.62,51.48,-6.55,5,80.0,3,3,100.0,NEGATIVE,6.55,totals_actionable_findings.csv
HTE0199,1,1,,MARKET,MARKET_AVAILABLE,MARKET_NOVIG_SIDE_ELSE_SPREAD_SIDE,MARKET_NOVIG_SELECTED_PROB,Over,DratEpredAgreement + ModelDiffBucket,DratEpredAgreement=Agree | ModelDiffBucket=15+ pts,2,DratEpredAgreement,DRAT_EPRED_AGREEMENT,COMPARE_DRAT_PICK_TO_EPRED_PICK,DRAT|EPRED,DRAT.home_prob|DRAT.away_prob|EPRED.home_prob|EPRED.away_prob,TEXT_EQUALS,,,Agree,0,Agree,ModelDiffBucket,DRAT_EPRED_HOME_PROB_ABS_DIFF_PP,ABS_DRAT_HOME_PROB_MINUS_EPRED_NORMALIZED_HOME_PROB_X100,DRAT|EPRED,DRAT.home_prob|EPRED.home_prob|EPRED.away_prob,NUMERIC_RANGE,15,,,0,15+ pts,69,38,31,55.07,43.38,66.23,48.52,6.55,5,80.0,3,3,100.0,POSITIVE,6.55,totals_actionable_findings.csv
HTE0200,1,1,,MARKET,MARKET_AVAILABLE,MARKET_NOVIG_SIDE_ELSE_SPREAD_SIDE,MARKET_NOVIG_SELECTED_PROB,Under,DratEpredAgreement + ModelDiffBucket,DratEpredAgreement=Agree | ModelDiffBucket=15+ pts,2,DratEpredAgreement,DRAT_EPRED_AGREEMENT,COMPARE_DRAT_PICK_TO_EPRED_PICK,DRAT|EPRED,DRAT.home_prob|DRAT.away_prob|EPRED.home_prob|EPRED.away_prob,TEXT_EQUALS,,,Agree,0,Agree,ModelDiffBucket,DRAT_EPRED_HOME_PROB_ABS_DIFF_PP,ABS_DRAT_HOME_PROB_MINUS_EPRED_NORMALIZED_HOME_PROB_X100,DRAT|EPRED,DRAT.home_prob|EPRED.home_prob|EPRED.away_prob,NUMERIC_RANGE,15,,,0,15+ pts,69,31,38,44.93,33.77,56.62,51.48,-6.55,5,80.0,3,3,100.0,NEGATIVE,6.55,totals_actionable_findings.csv
HTE0201,1,1,,DRAT_EPRED_CONSENSUS,DRAT_PICK_EQUALS_EPRED_PICK,DRAT_EPRED_SHARED_SIDE,MEAN_DRAT_EPRED_SELECTED_PROB,Over,SpreadBucket,SpreadBucket=Fav -0.5 to -2.5,1,SpreadBucket,SELECTED_SPREAD,SPREAD_FOR_FAMILY_SELECTED_SIDE,SCHEDULE,SCHEDULE.home_spread|SCHEDULE.away_spread,NUMERIC_RANGE,-3,0,,0,Fav -0.5 to -2.5,,,,,,,,,,,,361,153,208,42.38,37.39,47.53,48.81,-6.43,5,100.0,4,4,100.0,NEGATIVE,6.43,totals_actionable_findings.csv
HTE0202,1,1,,DRAT_EPRED_CONSENSUS,DRAT_PICK_EQUALS_EPRED_PICK,DRAT_EPRED_SHARED_SIDE,MEAN_DRAT_EPRED_SELECTED_PROB,Under,SpreadBucket,SpreadBucket=Fav -0.5 to -2.5,1,SpreadBucket,SELECTED_SPREAD,SPREAD_FOR_FAMILY_SELECTED_SIDE,SCHEDULE,SCHEDULE.home_spread|SCHEDULE.away_spread,NUMERIC_RANGE,-3,0,,0,Fav -0.5 to -2.5,,,,,,,,,,,,361,208,153,57.62,52.47,62.61,51.19,6.43,5,100.0,4,4,100.0,POSITIVE,6.43,totals_actionable_findings.csv
HTE0203,1,1,,ALL3_CONSENSUS,DRAT_PICK_EQUALS_EPRED_PICK_EQUALS_MARKET_PICK,DRAT_EPRED_MARKET_SHARED_SIDE,MEAN_DRAT_EPRED_MARKET_SELECTED_PROB,Over,SpreadBucket,SpreadBucket=Fav -0.5 to -2.5,1,SpreadBucket,SELECTED_SPREAD,SPREAD_FOR_FAMILY_SELECTED_SIDE,SCHEDULE,SCHEDULE.home_spread|SCHEDULE.away_spread,NUMERIC_RANGE,-3,0,,0,Fav -0.5 to -2.5,,,,,,,,,,,,355,153,202,43.1,38.05,48.3,49.44,-6.34,5,100.0,4,4,100.0,NEGATIVE,6.34,totals_actionable_findings.csv
HTE0204,1,1,,ALL3_CONSENSUS,DRAT_PICK_EQUALS_EPRED_PICK_EQUALS_MARKET_PICK,DRAT_EPRED_MARKET_SHARED_SIDE,MEAN_DRAT_EPRED_MARKET_SELECTED_PROB,Under,SpreadBucket,SpreadBucket=Fav -0.5 to -2.5,1,SpreadBucket,SELECTED_SPREAD,SPREAD_FOR_FAMILY_SELECTED_SIDE,SCHEDULE,SCHEDULE.home_spread|SCHEDULE.away_spread,NUMERIC_RANGE,-3,0,,0,Fav -0.5 to -2.5,,,,,,,,,,,,355,202,153,56.9,51.7,61.95,50.56,6.34,5,100.0,4,4,100.0,POSITIVE,6.34,totals_actionable_findings.csv
HTE0205,1,1,,EPRED,EPRED_AVAILABLE,EPRED_NORMALIZED_MAX_PROB_SIDE,EPRED_NORMALIZED_MAX_PROB,Over,SpreadBucket,SpreadBucket=Fav -0.5 to -2.5,1,SpreadBucket,SELECTED_SPREAD,SPREAD_FOR_FAMILY_SELECTED_SIDE,SCHEDULE,SCHEDULE.home_spread|SCHEDULE.away_spread,NUMERIC_RANGE,-3,0,,0,Fav -0.5 to -2.5,,,,,,,,,,,,407,172,235,42.26,37.56,47.11,48.52,-6.26,5,100.0,4,4,100.0,NEGATIVE,6.26,totals_actionable_findings.csv
HTE0206,1,1,,EPRED,EPRED_AVAILABLE,EPRED_NORMALIZED_MAX_PROB_SIDE,EPRED_NORMALIZED_MAX_PROB,Under,SpreadBucket,SpreadBucket=Fav -0.5 to -2.5,1,SpreadBucket,SELECTED_SPREAD,SPREAD_FOR_FAMILY_SELECTED_SIDE,SCHEDULE,SCHEDULE.home_spread|SCHEDULE.away_spread,NUMERIC_RANGE,-3,0,,0,Fav -0.5 to -2.5,,,,,,,,,,,,407,235,172,57.74,52.89,62.44,51.48,6.26,5,100.0,4,4,100.0,POSITIVE,6.26,totals_actionable_findings.csv
HTE0207,1,1,,DRAT_EPRED_CONSENSUS,DRAT_PICK_EQUALS_EPRED_PICK,DRAT_EPRED_SHARED_SIDE,MEAN_DRAT_EPRED_SELECTED_PROB,Over,ModelDiffBucket,ModelDiffBucket=15+ pts,1,ModelDiffBucket,DRAT_EPRED_HOME_PROB_ABS_DIFF_PP,ABS_DRAT_HOME_PROB_MINUS_EPRED_NORMALIZED_HOME_PROB_X100,DRAT|EPRED,DRAT.home_prob|EPRED.home_prob|EPRED.away_prob,NUMERIC_RANGE,15,,,0,15+ pts,,,,,,,,,,,,69,38,31,55.07,43.38,66.23,48.81,6.26,5,80.0,3,3,100.0,POSITIVE,6.26,totals_actionable_findings.csv
HTE0208,1,1,,DRAT_EPRED_CONSENSUS,DRAT_PICK_EQUALS_EPRED_PICK,DRAT_EPRED_SHARED_SIDE,MEAN_DRAT_EPRED_SELECTED_PROB,Over,DratEpredAgreement + ModelDiffBucket,DratEpredAgreement=Agree | ModelDiffBucket=15+ pts,2,DratEpredAgreement,DRAT_EPRED_AGREEMENT,COMPARE_DRAT_PICK_TO_EPRED_PICK,DRAT|EPRED,DRAT.home_prob|DRAT.away_prob|EPRED.home_prob|EPRED.away_prob,TEXT_EQUALS,,,Agree,0,Agree,ModelDiffBucket,DRAT_EPRED_HOME_PROB_ABS_DIFF_PP,ABS_DRAT_HOME_PROB_MINUS_EPRED_NORMALIZED_HOME_PROB_X100,DRAT|EPRED,DRAT.home_prob|EPRED.home_prob|EPRED.away_prob,NUMERIC_RANGE,15,,,0,15+ pts,69,38,31,55.07,43.38,66.23,48.81,6.26,5,80.0,3,3,100.0,POSITIVE,6.26,totals_actionable_findings.csv
HTE0209,1,1,,DRAT_EPRED_CONSENSUS,DRAT_PICK_EQUALS_EPRED_PICK,DRAT_EPRED_SHARED_SIDE,MEAN_DRAT_EPRED_SELECTED_PROB,Under,ModelDiffBucket,ModelDiffBucket=15+ pts,1,ModelDiffBucket,DRAT_EPRED_HOME_PROB_ABS_DIFF_PP,ABS_DRAT_HOME_PROB_MINUS_EPRED_NORMALIZED_HOME_PROB_X100,DRAT|EPRED,DRAT.home_prob|EPRED.home_prob|EPRED.away_prob,NUMERIC_RANGE,15,,,0,15+ pts,,,,,,,,,,,,69,31,38,44.93,33.77,56.62,51.19,-6.26,5,80.0,3,3,100.0,NEGATIVE,6.26,totals_actionable_findings.csv
HTE0210,1,1,,DRAT_EPRED_CONSENSUS,DRAT_PICK_EQUALS_EPRED_PICK,DRAT_EPRED_SHARED_SIDE,MEAN_DRAT_EPRED_SELECTED_PROB,Under,DratEpredAgreement + ModelDiffBucket,DratEpredAgreement=Agree | ModelDiffBucket=15+ pts,2,DratEpredAgreement,DRAT_EPRED_AGREEMENT,COMPARE_DRAT_PICK_TO_EPRED_PICK,DRAT|EPRED,DRAT.home_prob|DRAT.away_prob|EPRED.home_prob|EPRED.away_prob,TEXT_EQUALS,,,Agree,0,Agree,ModelDiffBucket,DRAT_EPRED_HOME_PROB_ABS_DIFF_PP,ABS_DRAT_HOME_PROB_MINUS_EPRED_NORMALIZED_HOME_PROB_X100,DRAT|EPRED,DRAT.home_prob|EPRED.home_prob|EPRED.away_prob,NUMERIC_RANGE,15,,,0,15+ pts,69,31,38,44.93,33.77,56.62,51.19,-6.26,5,80.0,3,3,100.0,NEGATIVE,6.26,totals_actionable_findings.csv
HTE0211,1,1,,DRAT_EPRED_CONSENSUS,DRAT_PICK_EQUALS_EPRED_PICK,DRAT_EPRED_SHARED_SIDE,MEAN_DRAT_EPRED_SELECTED_PROB,Over,ProbBucket + SpreadBucket,ProbBucket=55-59.9% | SpreadBucket=Fav -0.5 to -2.5,2,ProbBucket,FAMILY_SELECTED_PROB,USE_FAMILY_SELECTED_PROB,FAMILY_DEPENDENT,DRAT.home_prob|DRAT.away_prob|EPRED.home_prob|EPRED.away_prob|DRAT.moneyline_home|DRAT.moneyline_away|SCHEDULE.home_spread|SCHEDULE.away_spread,NUMERIC_RANGE,0.55,0.6,,0,55-59.9%,SpreadBucket,SELECTED_SPREAD,SPREAD_FOR_FAMILY_SELECTED_SIDE,SCHEDULE,SCHEDULE.home_spread|SCHEDULE.away_spread,NUMERIC_RANGE,-3,0,,0,Fav -0.5 to -2.5,148,63,85,42.57,34.89,50.62,48.81,-6.24,5,80.0,4,3,75.0,NEGATIVE,6.24,totals_actionable_findings.csv
HTE0212,1,1,,DRAT_EPRED_CONSENSUS,DRAT_PICK_EQUALS_EPRED_PICK,DRAT_EPRED_SHARED_SIDE,MEAN_DRAT_EPRED_SELECTED_PROB,Under,ProbBucket + SpreadBucket,ProbBucket=55-59.9% | SpreadBucket=Fav -0.5 to -2.5,2,ProbBucket,FAMILY_SELECTED_PROB,USE_FAMILY_SELECTED_PROB,FAMILY_DEPENDENT,DRAT.home_prob|DRAT.away_prob|EPRED.home_prob|EPRED.away_prob|DRAT.moneyline_home|DRAT.moneyline_away|SCHEDULE.home_spread|SCHEDULE.away_spread,NUMERIC_RANGE,0.55,0.6,,0,55-59.9%,SpreadBucket,SELECTED_SPREAD,SPREAD_FOR_FAMILY_SELECTED_SIDE,SCHEDULE,SCHEDULE.home_spread|SCHEDULE.away_spread,NUMERIC_RANGE,-3,0,,0,Fav -0.5 to -2.5,148,85,63,57.43,49.38,65.11,51.19,6.24,5,80.0,4,3,75.0,POSITIVE,6.24,totals_actionable_findings.csv
HTE0213,1,1,,DRAT,DRAT_AVAILABLE,DRAT_MAX_PROB_SIDE,DRAT_MAX_PROB,Over,ProbBucket + SpreadBucket,ProbBucket=65-69.9% | SpreadBucket=Fav -4 to -6.5,2,ProbBucket,FAMILY_SELECTED_PROB,USE_FAMILY_SELECTED_PROB,FAMILY_DEPENDENT,DRAT.home_prob|DRAT.away_prob|EPRED.home_prob|EPRED.away_prob|DRAT.moneyline_home|DRAT.moneyline_away|SCHEDULE.home_spread|SCHEDULE.away_spread,NUMERIC_RANGE,0.65,0.7,,0,65-69.9%,SpreadBucket,SELECTED_SPREAD,SPREAD_FOR_FAMILY_SELECTED_SIDE,SCHEDULE,SCHEDULE.home_spread|SCHEDULE.away_spread,NUMERIC_RANGE,-7,-4,,0,Fav -4 to -6.5,87,37,50,42.53,32.67,53.02,48.52,-5.99,5,80.0,3,2,66.67,NEGATIVE,5.99,totals_actionable_findings.csv
HTE0214,1,1,,DRAT,DRAT_AVAILABLE,DRAT_MAX_PROB_SIDE,DRAT_MAX_PROB,Under,ProbBucket + SpreadBucket,ProbBucket=65-69.9% | SpreadBucket=Fav -4 to -6.5,2,ProbBucket,FAMILY_SELECTED_PROB,USE_FAMILY_SELECTED_PROB,FAMILY_DEPENDENT,DRAT.home_prob|DRAT.away_prob|EPRED.home_prob|EPRED.away_prob|DRAT.moneyline_home|DRAT.moneyline_away|SCHEDULE.home_spread|SCHEDULE.away_spread,NUMERIC_RANGE,0.65,0.7,,0,65-69.9%,SpreadBucket,SELECTED_SPREAD,SPREAD_FOR_FAMILY_SELECTED_SIDE,SCHEDULE,SCHEDULE.home_spread|SCHEDULE.away_spread,NUMERIC_RANGE,-7,-4,,0,Fav -4 to -6.5,87,50,37,57.47,46.98,67.33,51.48,5.99,5,80.0,3,2,66.67,POSITIVE,5.99,totals_actionable_findings.csv
HTE0215,1,1,,MARKET,MARKET_AVAILABLE,MARKET_NOVIG_SIDE_ELSE_SPREAD_SIDE,MARKET_NOVIG_SELECTED_PROB,Over,ProbBucket + RatingGapBucket,ProbBucket=<55% | RatingGapBucket=0 to 2.9,2,ProbBucket,FAMILY_SELECTED_PROB,USE_FAMILY_SELECTED_PROB,FAMILY_DEPENDENT,DRAT.home_prob|DRAT.away_prob|EPRED.home_prob|EPRED.away_prob|DRAT.moneyline_home|DRAT.moneyline_away|SCHEDULE.home_spread|SCHEDULE.away_spread,NUMERIC_RANGE,,0.55,,0,<55%,RatingGapBucket,SELECTED_EPRED_RATING_GAP,EPRED_RATING_SELECTED_MINUS_OPPONENT,EPRED,EPRED.home_rating|EPRED.away_rating,NUMERIC_RANGE,0,3,,0,0 to 2.9,54,23,31,42.59,30.33,55.84,48.52,-5.93,5,80.0,2,2,100.0,NEGATIVE,5.93,totals_actionable_findings.csv
HTE0216,1,1,,MARKET,MARKET_AVAILABLE,MARKET_NOVIG_SIDE_ELSE_SPREAD_SIDE,MARKET_NOVIG_SELECTED_PROB,Under,ProbBucket + RatingGapBucket,ProbBucket=<55% | RatingGapBucket=0 to 2.9,2,ProbBucket,FAMILY_SELECTED_PROB,USE_FAMILY_SELECTED_PROB,FAMILY_DEPENDENT,DRAT.home_prob|DRAT.away_prob|EPRED.home_prob|EPRED.away_prob|DRAT.moneyline_home|DRAT.moneyline_away|SCHEDULE.home_spread|SCHEDULE.away_spread,NUMERIC_RANGE,,0.55,,0,<55%,RatingGapBucket,SELECTED_EPRED_RATING_GAP,EPRED_RATING_SELECTED_MINUS_OPPONENT,EPRED,EPRED.home_rating|EPRED.away_rating,NUMERIC_RANGE,0,3,,0,0 to 2.9,54,31,23,57.41,44.16,69.67,51.48,5.93,5,80.0,2,2,100.0,POSITIVE,5.93,totals_actionable_findings.csv
HTE0217,1,1,,EPRED,EPRED_AVAILABLE,EPRED_NORMALIZED_MAX_PROB_SIDE,EPRED_NORMALIZED_MAX_PROB,Over,WeekBucket + ProbBucket,WeekBucket=Weeks 14+ | ProbBucket=<55%,2,WeekBucket,WEEK,RAW_WEEK,SCHEDULE,SCHEDULE.week,NUMERIC_RANGE,14,,,0,Weeks 14+,ProbBucket,FAMILY_SELECTED_PROB,USE_FAMILY_SELECTED_PROB,FAMILY_DEPENDENT,DRAT.home_prob|DRAT.away_prob|EPRED.home_prob|EPRED.away_prob|DRAT.moneyline_home|DRAT.moneyline_away|SCHEDULE.home_spread|SCHEDULE.away_spread,NUMERIC_RANGE,,0.55,,0,<55%,68,29,39,42.65,31.6,54.48,48.52,-5.87,5,80.0,3,3,100.0,NEGATIVE,5.87,totals_actionable_findings.csv
HTE0218,1,1,,EPRED,EPRED_AVAILABLE,EPRED_NORMALIZED_MAX_PROB_SIDE,EPRED_NORMALIZED_MAX_PROB,Under,WeekBucket + ProbBucket,WeekBucket=Weeks 14+ | ProbBucket=<55%,2,WeekBucket,WEEK,RAW_WEEK,SCHEDULE,SCHEDULE.week,NUMERIC_RANGE,14,,,0,Weeks 14+,ProbBucket,FAMILY_SELECTED_PROB,USE_FAMILY_SELECTED_PROB,FAMILY_DEPENDENT,DRAT.home_prob|DRAT.away_prob|EPRED.home_prob|EPRED.away_prob|DRAT.moneyline_home|DRAT.moneyline_away|SCHEDULE.home_spread|SCHEDULE.away_spread,NUMERIC_RANGE,,0.55,,0,<55%,68,39,29,57.35,45.52,68.4,51.48,5.87,5,80.0,3,3,100.0,POSITIVE,5.87,totals_actionable_findings.csv
HTE0219,1,1,,ALL3_CONSENSUS,DRAT_PICK_EQUALS_EPRED_PICK_EQUALS_MARKET_PICK,DRAT_EPRED_MARKET_SHARED_SIDE,MEAN_DRAT_EPRED_MARKET_SELECTED_PROB,Over,WeekBucket,WeekBucket=Weeks 14+,1,WeekBucket,WEEK,RAW_WEEK,SCHEDULE,SCHEDULE.week,NUMERIC_RANGE,14,,,0,Weeks 14+,,,,,,,,,,,,317,175,142,55.21,49.7,60.58,49.44,5.76,5,80.0,4,3,75.0,POSITIVE,5.76,totals_actionable_findings.csv
HTE0220,1,1,,ALL3_CONSENSUS,DRAT_PICK_EQUALS_EPRED_PICK_EQUALS_MARKET_PICK,DRAT_EPRED_MARKET_SHARED_SIDE,MEAN_DRAT_EPRED_MARKET_SELECTED_PROB,Under,WeekBucket,WeekBucket=Weeks 14+,1,WeekBucket,WEEK,RAW_WEEK,SCHEDULE,SCHEDULE.week,NUMERIC_RANGE,14,,,0,Weeks 14+,,,,,,,,,,,,317,142,175,44.79,39.42,50.3,50.56,-5.76,5,80.0,4,3,75.0,NEGATIVE,5.76,totals_actionable_findings.csv
HTE0221,1,1,,DRAT_EPRED_CONSENSUS,DRAT_PICK_EQUALS_EPRED_PICK,DRAT_EPRED_SHARED_SIDE,MEAN_DRAT_EPRED_SELECTED_PROB,Over,WeekBucket,WeekBucket=Weeks 1-3,1,WeekBucket,WEEK,RAW_WEEK,SCHEDULE,SCHEDULE.week,NUMERIC_RANGE,1,4,,0,Weeks 1-3,,,,,,,,,,,,266,115,151,43.23,37.42,49.24,48.81,-5.58,5,80.0,4,3,75.0,NEGATIVE,5.58,totals_actionable_findings.csv
HTE0222,1,1,,DRAT_EPRED_CONSENSUS,DRAT_PICK_EQUALS_EPRED_PICK,DRAT_EPRED_SHARED_SIDE,MEAN_DRAT_EPRED_SELECTED_PROB,Under,WeekBucket,WeekBucket=Weeks 1-3,1,WeekBucket,WEEK,RAW_WEEK,SCHEDULE,SCHEDULE.week,NUMERIC_RANGE,1,4,,0,Weeks 1-3,,,,,,,,,,,,266,151,115,56.77,50.76,62.58,51.19,5.58,5,80.0,4,3,75.0,POSITIVE,5.58,totals_actionable_findings.csv
HTE0223,1,1,,ALL3_CONSENSUS,DRAT_PICK_EQUALS_EPRED_PICK_EQUALS_MARKET_PICK,DRAT_EPRED_MARKET_SHARED_SIDE,MEAN_DRAT_EPRED_MARKET_SELECTED_PROB,Over,ProbBucket + SpreadBucket,ProbBucket=80-84.9% | SpreadBucket=Fav -10+,2,ProbBucket,FAMILY_SELECTED_PROB,USE_FAMILY_SELECTED_PROB,FAMILY_DEPENDENT,DRAT.home_prob|DRAT.away_prob|EPRED.home_prob|EPRED.away_prob|DRAT.moneyline_home|DRAT.moneyline_away|SCHEDULE.home_spread|SCHEDULE.away_spread,NUMERIC_RANGE,0.8,0.85,,0,80-84.9%,SpreadBucket,SELECTED_SPREAD,SPREAD_FOR_FAMILY_SELECTED_SIDE,SCHEDULE,SCHEDULE.home_spread|SCHEDULE.away_spread,NUMERIC_RANGE,,-10,,0,Fav -10+,60,33,27,55.0,42.49,66.91,49.44,5.56,5,80.0,3,3,100.0,POSITIVE,5.56,totals_actionable_findings.csv
HTE0224,1,1,,ALL3_CONSENSUS,DRAT_PICK_EQUALS_EPRED_PICK_EQUALS_MARKET_PICK,DRAT_EPRED_MARKET_SHARED_SIDE,MEAN_DRAT_EPRED_MARKET_SELECTED_PROB,Under,ProbBucket + SpreadBucket,ProbBucket=80-84.9% | SpreadBucket=Fav -10+,2,ProbBucket,FAMILY_SELECTED_PROB,USE_FAMILY_SELECTED_PROB,FAMILY_DEPENDENT,DRAT.home_prob|DRAT.away_prob|EPRED.home_prob|EPRED.away_prob|DRAT.moneyline_home|DRAT.moneyline_away|SCHEDULE.home_spread|SCHEDULE.away_spread,NUMERIC_RANGE,0.8,0.85,,0,80-84.9%,SpreadBucket,SELECTED_SPREAD,SPREAD_FOR_FAMILY_SELECTED_SIDE,SCHEDULE,SCHEDULE.home_spread|SCHEDULE.away_spread,NUMERIC_RANGE,,-10,,0,Fav -10+,60,27,33,45.0,33.09,57.51,50.56,-5.56,5,80.0,3,3,100.0,NEGATIVE,5.56,totals_actionable_findings.csv
HTE0225,1,1,,DRAT_EPRED_CONSENSUS,DRAT_PICK_EQUALS_EPRED_PICK,DRAT_EPRED_SHARED_SIDE,MEAN_DRAT_EPRED_SELECTED_PROB,Over,ProbBucket + RatingGapBucket,ProbBucket=60-64.9% | RatingGapBucket=3 to 5.9,2,ProbBucket,FAMILY_SELECTED_PROB,USE_FAMILY_SELECTED_PROB,FAMILY_DEPENDENT,DRAT.home_prob|DRAT.away_prob|EPRED.home_prob|EPRED.away_prob|DRAT.moneyline_home|DRAT.moneyline_away|SCHEDULE.home_spread|SCHEDULE.away_spread,NUMERIC_RANGE,0.6,0.65,,0,60-64.9%,RatingGapBucket,SELECTED_EPRED_RATING_GAP,EPRED_RATING_SELECTED_MINUS_OPPONENT,EPRED,EPRED.home_rating|EPRED.away_rating,NUMERIC_RANGE,3,6,,0,3 to 5.9,90,39,51,43.33,33.58,53.64,48.81,-5.48,5,100.0,3,3,100.0,NEGATIVE,5.48,totals_actionable_findings.csv
HTE0226,1,1,,DRAT_EPRED_CONSENSUS,DRAT_PICK_EQUALS_EPRED_PICK,DRAT_EPRED_SHARED_SIDE,MEAN_DRAT_EPRED_SELECTED_PROB,Under,ProbBucket + RatingGapBucket,ProbBucket=60-64.9% | RatingGapBucket=3 to 5.9,2,ProbBucket,FAMILY_SELECTED_PROB,USE_FAMILY_SELECTED_PROB,FAMILY_DEPENDENT,DRAT.home_prob|DRAT.away_prob|EPRED.home_prob|EPRED.away_prob|DRAT.moneyline_home|DRAT.moneyline_away|SCHEDULE.home_spread|SCHEDULE.away_spread,NUMERIC_RANGE,0.6,0.65,,0,60-64.9%,RatingGapBucket,SELECTED_EPRED_RATING_GAP,EPRED_RATING_SELECTED_MINUS_OPPONENT,EPRED,EPRED.home_rating|EPRED.away_rating,NUMERIC_RANGE,3,6,,0,3 to 5.9,90,51,39,56.67,46.36,66.42,51.19,5.48,5,100.0,3,3,100.0,POSITIVE,5.48,totals_actionable_findings.csv
HTE0227,1,1,,DRAT_EPRED_CONSENSUS,DRAT_PICK_EQUALS_EPRED_PICK,DRAT_EPRED_SHARED_SIDE,MEAN_DRAT_EPRED_SELECTED_PROB,Over,RatingGapBucket + SpreadBucket,RatingGapBucket=0 to 2.9 | SpreadBucket=Fav -0.5 to -2.5,2,RatingGapBucket,SELECTED_EPRED_RATING_GAP,EPRED_RATING_SELECTED_MINUS_OPPONENT,EPRED,EPRED.home_rating|EPRED.away_rating,NUMERIC_RANGE,0,3,,0,0 to 2.9,SpreadBucket,SELECTED_SPREAD,SPREAD_FOR_FAMILY_SELECTED_SIDE,SCHEDULE,SCHEDULE.home_spread|SCHEDULE.away_spread,NUMERIC_RANGE,-3,0,,0,Fav -0.5 to -2.5,143,62,81,43.36,35.51,51.55,48.81,-5.46,5,100.0,3,3,100.0,NEGATIVE,5.46,totals_actionable_findings.csv
HTE0228,1,1,,DRAT_EPRED_CONSENSUS,DRAT_PICK_EQUALS_EPRED_PICK,DRAT_EPRED_SHARED_SIDE,MEAN_DRAT_EPRED_SELECTED_PROB,Under,RatingGapBucket + SpreadBucket,RatingGapBucket=0 to 2.9 | SpreadBucket=Fav -0.5 to -2.5,2,RatingGapBucket,SELECTED_EPRED_RATING_GAP,EPRED_RATING_SELECTED_MINUS_OPPONENT,EPRED,EPRED.home_rating|EPRED.away_rating,NUMERIC_RANGE,0,3,,0,0 to 2.9,SpreadBucket,SELECTED_SPREAD,SPREAD_FOR_FAMILY_SELECTED_SIDE,SCHEDULE,SCHEDULE.home_spread|SCHEDULE.away_spread,NUMERIC_RANGE,-3,0,,0,Fav -0.5 to -2.5,143,81,62,56.64,48.45,64.49,51.19,5.46,5,100.0,3,3,100.0,POSITIVE,5.46,totals_actionable_findings.csv
HTE0229,1,1,,DRAT,DRAT_AVAILABLE,DRAT_MAX_PROB_SIDE,DRAT_MAX_PROB,Over,ProbBucket + RatingGapBucket,ProbBucket=70-74.9% | RatingGapBucket=6 to 9.9,2,ProbBucket,FAMILY_SELECTED_PROB,USE_FAMILY_SELECTED_PROB,FAMILY_DEPENDENT,DRAT.home_prob|DRAT.away_prob|EPRED.home_prob|EPRED.away_prob|DRAT.moneyline_home|DRAT.moneyline_away|SCHEDULE.home_spread|SCHEDULE.away_spread,NUMERIC_RANGE,0.7,0.75,,0,70-74.9%,RatingGapBucket,SELECTED_EPRED_RATING_GAP,EPRED_RATING_SELECTED_MINUS_OPPONENT,EPRED,EPRED.home_rating|EPRED.away_rating,NUMERIC_RANGE,6,10,,0,6 to 9.9,63,34,29,53.97,41.79,65.69,48.52,5.45,5,80.0,3,2,66.67,POSITIVE,5.45,totals_actionable_findings.csv
HTE0230,1,1,,DRAT,DRAT_AVAILABLE,DRAT_MAX_PROB_SIDE,DRAT_MAX_PROB,Under,ProbBucket + RatingGapBucket,ProbBucket=70-74.9% | RatingGapBucket=6 to 9.9,2,ProbBucket,FAMILY_SELECTED_PROB,USE_FAMILY_SELECTED_PROB,FAMILY_DEPENDENT,DRAT.home_prob|DRAT.away_prob|EPRED.home_prob|EPRED.away_prob|DRAT.moneyline_home|DRAT.moneyline_away|SCHEDULE.home_spread|SCHEDULE.away_spread,NUMERIC_RANGE,0.7,0.75,,0,70-74.9%,RatingGapBucket,SELECTED_EPRED_RATING_GAP,EPRED_RATING_SELECTED_MINUS_OPPONENT,EPRED,EPRED.home_rating|EPRED.away_rating,NUMERIC_RANGE,6,10,,0,6 to 9.9,63,29,34,46.03,34.31,58.21,51.48,-5.45,5,80.0,3,2,66.67,NEGATIVE,5.45,totals_actionable_findings.csv
HTE0231,1,1,,EPRED,EPRED_AVAILABLE,EPRED_NORMALIZED_MAX_PROB_SIDE,EPRED_NORMALIZED_MAX_PROB,Over,ModelMarketEdgeBucket,ModelMarketEdgeBucket=+5 to +10 pts,1,ModelMarketEdgeBucket,FAMILY_MARKET_EDGE_PP,FAMILY_SELECTED_PROB_MINUS_MARKET_SELECTED_PROB_X100,DRAT|EPRED|SCHEDULE,DRAT.home_prob|DRAT.away_prob|EPRED.home_prob|EPRED.away_prob|DRAT.moneyline_home|DRAT.moneyline_away|SCHEDULE.home_spread|SCHEDULE.away_spread,NUMERIC_RANGE,5,10,,0,+5 to +10 pts,,,,,,,,,,,,167,72,95,43.11,35.84,50.7,48.52,-5.41,5,80.0,3,2,66.67,NEGATIVE,5.41,totals_actionable_findings.csv
HTE0232,1,1,,EPRED,EPRED_AVAILABLE,EPRED_NORMALIZED_MAX_PROB_SIDE,EPRED_NORMALIZED_MAX_PROB,Under,ModelMarketEdgeBucket,ModelMarketEdgeBucket=+5 to +10 pts,1,ModelMarketEdgeBucket,FAMILY_MARKET_EDGE_PP,FAMILY_SELECTED_PROB_MINUS_MARKET_SELECTED_PROB_X100,DRAT|EPRED|SCHEDULE,DRAT.home_prob|DRAT.away_prob|EPRED.home_prob|EPRED.away_prob|DRAT.moneyline_home|DRAT.moneyline_away|SCHEDULE.home_spread|SCHEDULE.away_spread,NUMERIC_RANGE,5,10,,0,+5 to +10 pts,,,,,,,,,,,,167,95,72,56.89,49.3,64.16,51.48,5.41,5,80.0,3,2,66.67,POSITIVE,5.41,totals_actionable_findings.csv
HTE0233,1,1,,DRAT,DRAT_AVAILABLE,DRAT_MAX_PROB_SIDE,DRAT_MAX_PROB,Over,RatingGapBucket + SpreadBucket,RatingGapBucket=6 to 9.9 | SpreadBucket=Fav -4 to -6.5,2,RatingGapBucket,SELECTED_EPRED_RATING_GAP,EPRED_RATING_SELECTED_MINUS_OPPONENT,EPRED,EPRED.home_rating|EPRED.away_rating,NUMERIC_RANGE,6,10,,0,6 to 9.9,SpreadBucket,SELECTED_SPREAD,SPREAD_FOR_FAMILY_SELECTED_SIDE,SCHEDULE,SCHEDULE.home_spread|SCHEDULE.away_spread,NUMERIC_RANGE,-7,-4,,0,Fav -4 to -6.5,115,62,53,53.91,44.82,62.75,48.52,5.39,5,80.0,4,3,75.0,POSITIVE,5.39,totals_actionable_findings.csv
HTE0234,1,1,,DRAT,DRAT_AVAILABLE,DRAT_MAX_PROB_SIDE,DRAT_MAX_PROB,Under,RatingGapBucket + SpreadBucket,RatingGapBucket=6 to 9.9 | SpreadBucket=Fav -4 to -6.5,2,RatingGapBucket,SELECTED_EPRED_RATING_GAP,EPRED_RATING_SELECTED_MINUS_OPPONENT,EPRED,EPRED.home_rating|EPRED.away_rating,NUMERIC_RANGE,6,10,,0,6 to 9.9,SpreadBucket,SELECTED_SPREAD,SPREAD_FOR_FAMILY_SELECTED_SIDE,SCHEDULE,SCHEDULE.home_spread|SCHEDULE.away_spread,NUMERIC_RANGE,-7,-4,,0,Fav -4 to -6.5,115,53,62,46.09,37.25,55.18,51.48,-5.39,5,80.0,4,3,75.0,NEGATIVE,5.39,totals_actionable_findings.csv
HTE0235,1,1,,EPRED,EPRED_AVAILABLE,EPRED_NORMALIZED_MAX_PROB_SIDE,EPRED_NORMALIZED_MAX_PROB,Over,RatingGapBucket + SpreadBucket,RatingGapBucket=6 to 9.9 | SpreadBucket=Fav -4 to -6.5,2,RatingGapBucket,SELECTED_EPRED_RATING_GAP,EPRED_RATING_SELECTED_MINUS_OPPONENT,EPRED,EPRED.home_rating|EPRED.away_rating,NUMERIC_RANGE,6,10,,0,6 to 9.9,SpreadBucket,SELECTED_SPREAD,SPREAD_FOR_FAMILY_SELECTED_SIDE,SCHEDULE,SCHEDULE.home_spread|SCHEDULE.away_spread,NUMERIC_RANGE,-7,-4,,0,Fav -4 to -6.5,115,62,53,53.91,44.82,62.75,48.52,5.39,5,80.0,4,3,75.0,POSITIVE,5.39,totals_actionable_findings.csv
HTE0236,1,1,,EPRED,EPRED_AVAILABLE,EPRED_NORMALIZED_MAX_PROB_SIDE,EPRED_NORMALIZED_MAX_PROB,Under,RatingGapBucket + SpreadBucket,RatingGapBucket=6 to 9.9 | SpreadBucket=Fav -4 to -6.5,2,RatingGapBucket,SELECTED_EPRED_RATING_GAP,EPRED_RATING_SELECTED_MINUS_OPPONENT,EPRED,EPRED.home_rating|EPRED.away_rating,NUMERIC_RANGE,6,10,,0,6 to 9.9,SpreadBucket,SELECTED_SPREAD,SPREAD_FOR_FAMILY_SELECTED_SIDE,SCHEDULE,SCHEDULE.home_spread|SCHEDULE.away_spread,NUMERIC_RANGE,-7,-4,,0,Fav -4 to -6.5,115,53,62,46.09,37.25,55.18,51.48,-5.39,5,80.0,4,3,75.0,NEGATIVE,5.39,totals_actionable_findings.csv
HTE0237,1,1,,MARKET,MARKET_AVAILABLE,MARKET_NOVIG_SIDE_ELSE_SPREAD_SIDE,MARKET_NOVIG_SELECTED_PROB,Over,RatingGapBucket + SpreadBucket,RatingGapBucket=6 to 9.9 | SpreadBucket=Fav -4 to -6.5,2,RatingGapBucket,SELECTED_EPRED_RATING_GAP,EPRED_RATING_SELECTED_MINUS_OPPONENT,EPRED,EPRED.home_rating|EPRED.away_rating,NUMERIC_RANGE,6,10,,0,6 to 9.9,SpreadBucket,SELECTED_SPREAD,SPREAD_FOR_FAMILY_SELECTED_SIDE,SCHEDULE,SCHEDULE.home_spread|SCHEDULE.away_spread,NUMERIC_RANGE,-7,-4,,0,Fav -4 to -6.5,115,62,53,53.91,44.82,62.75,48.52,5.39,5,80.0,4,3,75.0,POSITIVE,5.39,totals_actionable_findings.csv
HTE0238,1,1,,MARKET,MARKET_AVAILABLE,MARKET_NOVIG_SIDE_ELSE_SPREAD_SIDE,MARKET_NOVIG_SELECTED_PROB,Under,RatingGapBucket + SpreadBucket,RatingGapBucket=6 to 9.9 | SpreadBucket=Fav -4 to -6.5,2,RatingGapBucket,SELECTED_EPRED_RATING_GAP,EPRED_RATING_SELECTED_MINUS_OPPONENT,EPRED,EPRED.home_rating|EPRED.away_rating,NUMERIC_RANGE,6,10,,0,6 to 9.9,SpreadBucket,SELECTED_SPREAD,SPREAD_FOR_FAMILY_SELECTED_SIDE,SCHEDULE,SCHEDULE.home_spread|SCHEDULE.away_spread,NUMERIC_RANGE,-7,-4,,0,Fav -4 to -6.5,115,53,62,46.09,37.25,55.18,51.48,-5.39,5,80.0,4,3,75.0,NEGATIVE,5.39,totals_actionable_findings.csv
HTE0239,1,1,,ALL3_CONSENSUS,DRAT_PICK_EQUALS_EPRED_PICK_EQUALS_MARKET_PICK,DRAT_EPRED_MARKET_SHARED_SIDE,MEAN_DRAT_EPRED_MARKET_SELECTED_PROB,Over,WeekBucket,WeekBucket=Weeks 1-3,1,WeekBucket,WEEK,RAW_WEEK,SCHEDULE,SCHEDULE.week,NUMERIC_RANGE,1,4,,0,Weeks 1-3,,,,,,,,,,,,254,112,142,44.09,38.12,50.24,49.44,-5.35,5,80.0,4,3,75.0,NEGATIVE,5.35,totals_actionable_findings.csv
HTE0240,1,1,,ALL3_CONSENSUS,DRAT_PICK_EQUALS_EPRED_PICK_EQUALS_MARKET_PICK,DRAT_EPRED_MARKET_SHARED_SIDE,MEAN_DRAT_EPRED_MARKET_SELECTED_PROB,Under,WeekBucket,WeekBucket=Weeks 1-3,1,WeekBucket,WEEK,RAW_WEEK,SCHEDULE,SCHEDULE.week,NUMERIC_RANGE,1,4,,0,Weeks 1-3,,,,,,,,,,,,254,142,112,55.91,49.76,61.88,50.56,5.35,5,80.0,4,3,75.0,POSITIVE,5.35,totals_actionable_findings.csv
HTE0241,1,1,,DRAT_EPRED_CONSENSUS,DRAT_PICK_EQUALS_EPRED_PICK,DRAT_EPRED_SHARED_SIDE,MEAN_DRAT_EPRED_SELECTED_PROB,Over,ModelMarketEdgeBucket,ModelMarketEdgeBucket=-10 to -5 pts,1,ModelMarketEdgeBucket,FAMILY_MARKET_EDGE_PP,FAMILY_SELECTED_PROB_MINUS_MARKET_SELECTED_PROB_X100,DRAT|EPRED|SCHEDULE,DRAT.home_prob|DRAT.away_prob|EPRED.home_prob|EPRED.away_prob|DRAT.moneyline_home|DRAT.moneyline_away|SCHEDULE.home_spread|SCHEDULE.away_spread,NUMERIC_RANGE,-10,-5,,0,-10 to -5 pts,,,,,,,,,,,,229,124,105,54.15,47.68,60.48,48.81,5.34,5,80.0,4,3,75.0,POSITIVE,5.34,totals_actionable_findings.csv
HTE0242,1,1,,DRAT_EPRED_CONSENSUS,DRAT_PICK_EQUALS_EPRED_PICK,DRAT_EPRED_SHARED_SIDE,MEAN_DRAT_EPRED_SELECTED_PROB,Over,SelectedVsMarket + ModelMarketEdgeBucket,SelectedVsMarket=Agree | ModelMarketEdgeBucket=-10 to -5 pts,2,SelectedVsMarket,FAMILY_VS_MARKET_AGREEMENT,COMPARE_FAMILY_PICK_TO_MARKET_PICK,DRAT|EPRED|SCHEDULE,DRAT.home_prob|DRAT.away_prob|EPRED.home_prob|EPRED.away_prob|DRAT.moneyline_home|DRAT.moneyline_away|SCHEDULE.home_spread|SCHEDULE.away_spread,TEXT_EQUALS,,,Agree,0,Agree,ModelMarketEdgeBucket,FAMILY_MARKET_EDGE_PP,FAMILY_SELECTED_PROB_MINUS_MARKET_SELECTED_PROB_X100,DRAT|EPRED|SCHEDULE,DRAT.home_prob|DRAT.away_prob|EPRED.home_prob|EPRED.away_prob|DRAT.moneyline_home|DRAT.moneyline_away|SCHEDULE.home_spread|SCHEDULE.away_spread,NUMERIC_RANGE,-10,-5,,0,-10 to -5 pts,229,124,105,54.15,47.68,60.48,48.81,5.34,5,80.0,4,3,75.0,POSITIVE,5.34,totals_actionable_findings.csv
HTE0243,1,1,,DRAT_EPRED_CONSENSUS,DRAT_PICK_EQUALS_EPRED_PICK,DRAT_EPRED_SHARED_SIDE,MEAN_DRAT_EPRED_SELECTED_PROB,Under,ModelMarketEdgeBucket,ModelMarketEdgeBucket=-10 to -5 pts,1,ModelMarketEdgeBucket,FAMILY_MARKET_EDGE_PP,FAMILY_SELECTED_PROB_MINUS_MARKET_SELECTED_PROB_X100,DRAT|EPRED|SCHEDULE,DRAT.home_prob|DRAT.away_prob|EPRED.home_prob|EPRED.away_prob|DRAT.moneyline_home|DRAT.moneyline_away|SCHEDULE.home_spread|SCHEDULE.away_spread,NUMERIC_RANGE,-10,-5,,0,-10 to -5 pts,,,,,,,,,,,,229,105,124,45.85,39.52,52.32,51.19,-5.34,5,80.0,4,3,75.0,NEGATIVE,5.34,totals_actionable_findings.csv
HTE0244,1,1,,DRAT_EPRED_CONSENSUS,DRAT_PICK_EQUALS_EPRED_PICK,DRAT_EPRED_SHARED_SIDE,MEAN_DRAT_EPRED_SELECTED_PROB,Under,SelectedVsMarket + ModelMarketEdgeBucket,SelectedVsMarket=Agree | ModelMarketEdgeBucket=-10 to -5 pts,2,SelectedVsMarket,FAMILY_VS_MARKET_AGREEMENT,COMPARE_FAMILY_PICK_TO_MARKET_PICK,DRAT|EPRED|SCHEDULE,DRAT.home_prob|DRAT.away_prob|EPRED.home_prob|EPRED.away_prob|DRAT.moneyline_home|DRAT.moneyline_away|SCHEDULE.home_spread|SCHEDULE.away_spread,TEXT_EQUALS,,,Agree,0,Agree,ModelMarketEdgeBucket,FAMILY_MARKET_EDGE_PP,FAMILY_SELECTED_PROB_MINUS_MARKET_SELECTED_PROB_X100,DRAT|EPRED|SCHEDULE,DRAT.home_prob|DRAT.away_prob|EPRED.home_prob|EPRED.away_prob|DRAT.moneyline_home|DRAT.moneyline_away|SCHEDULE.home_spread|SCHEDULE.away_spread,NUMERIC_RANGE,-10,-5,,0,-10 to -5 pts,229,105,124,45.85,39.52,52.32,51.19,-5.34,5,80.0,4,3,75.0,NEGATIVE,5.34,totals_actionable_findings.csv
HTE0245,1,1,,DRAT,DRAT_AVAILABLE,DRAT_MAX_PROB_SIDE,DRAT_MAX_PROB,Over,WeekBucket + ProbBucket,WeekBucket=Weeks 14+ | ProbBucket=55-59.9%,2,WeekBucket,WEEK,RAW_WEEK,SCHEDULE,SCHEDULE.week,NUMERIC_RANGE,14,,,0,Weeks 14+,ProbBucket,FAMILY_SELECTED_PROB,USE_FAMILY_SELECTED_PROB,FAMILY_DEPENDENT,DRAT.home_prob|DRAT.away_prob|EPRED.home_prob|EPRED.away_prob|DRAT.moneyline_home|DRAT.moneyline_away|SCHEDULE.home_spread|SCHEDULE.away_spread,NUMERIC_RANGE,0.55,0.6,,0,55-59.9%,52,28,24,53.85,40.5,66.66,48.52,5.33,5,80.0,3,2,66.67,POSITIVE,5.33,totals_actionable_findings.csv
HTE0246,1,1,,DRAT,DRAT_AVAILABLE,DRAT_MAX_PROB_SIDE,DRAT_MAX_PROB,Under,WeekBucket + ProbBucket,WeekBucket=Weeks 14+ | ProbBucket=55-59.9%,2,WeekBucket,WEEK,RAW_WEEK,SCHEDULE,SCHEDULE.week,NUMERIC_RANGE,14,,,0,Weeks 14+,ProbBucket,FAMILY_SELECTED_PROB,USE_FAMILY_SELECTED_PROB,FAMILY_DEPENDENT,DRAT.home_prob|DRAT.away_prob|EPRED.home_prob|EPRED.away_prob|DRAT.moneyline_home|DRAT.moneyline_away|SCHEDULE.home_spread|SCHEDULE.away_spread,NUMERIC_RANGE,0.55,0.6,,0,55-59.9%,52,24,28,46.15,33.34,59.5,51.48,-5.33,5,80.0,3,2,66.67,NEGATIVE,5.33,totals_actionable_findings.csv
HTE0247,1,1,,DRAT_EPRED_CONSENSUS,DRAT_PICK_EQUALS_EPRED_PICK,DRAT_EPRED_SHARED_SIDE,MEAN_DRAT_EPRED_SELECTED_PROB,Over,WeekBucket,WeekBucket=Weeks 14+,1,WeekBucket,WEEK,RAW_WEEK,SCHEDULE,SCHEDULE.week,NUMERIC_RANGE,14,,,0,Weeks 14+,,,,,,,,,,,,331,179,152,54.08,48.69,59.37,48.81,5.27,5,80.0,4,3,75.0,POSITIVE,5.27,totals_actionable_findings.csv
HTE0248,1,1,,DRAT_EPRED_CONSENSUS,DRAT_PICK_EQUALS_EPRED_PICK,DRAT_EPRED_SHARED_SIDE,MEAN_DRAT_EPRED_SELECTED_PROB,Under,WeekBucket,WeekBucket=Weeks 14+,1,WeekBucket,WEEK,RAW_WEEK,SCHEDULE,SCHEDULE.week,NUMERIC_RANGE,14,,,0,Weeks 14+,,,,,,,,,,,,331,152,179,45.92,40.63,51.31,51.19,-5.27,5,80.0,4,3,75.0,NEGATIVE,5.27,totals_actionable_findings.csv
HTE0249,1,1,,MARKET,MARKET_AVAILABLE,MARKET_NOVIG_SIDE_ELSE_SPREAD_SIDE,MARKET_NOVIG_SELECTED_PROB,Over,SpreadBucket,SpreadBucket=Fav -0.5 to -2.5,1,SpreadBucket,SELECTED_SPREAD,SPREAD_FOR_FAMILY_SELECTED_SIDE,SCHEDULE,SCHEDULE.home_spread|SCHEDULE.away_spread,NUMERIC_RANGE,-3,0,,0,Fav -0.5 to -2.5,,,,,,,,,,,,545,236,309,43.3,39.2,47.5,48.52,-5.22,5,100.0,4,4,100.0,NEGATIVE,5.22,totals_actionable_findings.csv
HTE0250,1,1,,MARKET,MARKET_AVAILABLE,MARKET_NOVIG_SIDE_ELSE_SPREAD_SIDE,MARKET_NOVIG_SELECTED_PROB,Under,SpreadBucket,SpreadBucket=Fav -0.5 to -2.5,1,SpreadBucket,SELECTED_SPREAD,SPREAD_FOR_FAMILY_SELECTED_SIDE,SCHEDULE,SCHEDULE.home_spread|SCHEDULE.away_spread,NUMERIC_RANGE,-3,0,,0,Fav -0.5 to -2.5,,,,,,,,,,,,545,309,236,56.7,52.5,60.8,51.48,5.22,5,100.0,4,4,100.0,POSITIVE,5.22,totals_actionable_findings.csv
HTE0251,1,1,,DRAT,DRAT_AVAILABLE,DRAT_MAX_PROB_SIDE,DRAT_MAX_PROB,Over,WeekBucket,WeekBucket=Weeks 1-3,1,WeekBucket,WEEK,RAW_WEEK,SCHEDULE,SCHEDULE.week,NUMERIC_RANGE,1,4,,0,Weeks 1-3,,,,,,,,,,,,291,126,165,43.3,37.73,49.04,48.52,-5.22,5,80.0,4,3,75.0,NEGATIVE,5.22,totals_actionable_findings.csv
HTE0252,1,1,,DRAT,DRAT_AVAILABLE,DRAT_MAX_PROB_SIDE,DRAT_MAX_PROB,Under,WeekBucket,WeekBucket=Weeks 1-3,1,WeekBucket,WEEK,RAW_WEEK,SCHEDULE,SCHEDULE.week,NUMERIC_RANGE,1,4,,0,Weeks 1-3,,,,,,,,,,,,291,165,126,56.7,50.96,62.27,51.48,5.22,5,80.0,4,3,75.0,POSITIVE,5.22,totals_actionable_findings.csv
HTE0253,1,1,,EPRED,EPRED_AVAILABLE,EPRED_NORMALIZED_MAX_PROB_SIDE,EPRED_NORMALIZED_MAX_PROB,Over,WeekBucket,WeekBucket=Weeks 1-3,1,WeekBucket,WEEK,RAW_WEEK,SCHEDULE,SCHEDULE.week,NUMERIC_RANGE,1,4,,0,Weeks 1-3,,,,,,,,,,,,291,126,165,43.3,37.73,49.04,48.52,-5.22,5,80.0,4,3,75.0,NEGATIVE,5.22,totals_actionable_findings.csv
HTE0254,1,1,,EPRED,EPRED_AVAILABLE,EPRED_NORMALIZED_MAX_PROB_SIDE,EPRED_NORMALIZED_MAX_PROB,Under,WeekBucket,WeekBucket=Weeks 1-3,1,WeekBucket,WEEK,RAW_WEEK,SCHEDULE,SCHEDULE.week,NUMERIC_RANGE,1,4,,0,Weeks 1-3,,,,,,,,,,,,291,165,126,56.7,50.96,62.27,51.48,5.22,5,80.0,4,3,75.0,POSITIVE,5.22,totals_actionable_findings.csv
HTE0255,1,1,,MARKET,MARKET_AVAILABLE,MARKET_NOVIG_SIDE_ELSE_SPREAD_SIDE,MARKET_NOVIG_SELECTED_PROB,Over,WeekBucket,WeekBucket=Weeks 1-3,1,WeekBucket,WEEK,RAW_WEEK,SCHEDULE,SCHEDULE.week,NUMERIC_RANGE,1,4,,0,Weeks 1-3,,,,,,,,,,,,291,126,165,43.3,37.73,49.04,48.52,-5.22,5,80.0,4,3,75.0,NEGATIVE,5.22,totals_actionable_findings.csv
HTE0256,1,1,,MARKET,MARKET_AVAILABLE,MARKET_NOVIG_SIDE_ELSE_SPREAD_SIDE,MARKET_NOVIG_SELECTED_PROB,Under,WeekBucket,WeekBucket=Weeks 1-3,1,WeekBucket,WEEK,RAW_WEEK,SCHEDULE,SCHEDULE.week,NUMERIC_RANGE,1,4,,0,Weeks 1-3,,,,,,,,,,,,291,165,126,56.7,50.96,62.27,51.48,5.22,5,80.0,4,3,75.0,POSITIVE,5.22,totals_actionable_findings.csv
HTE0257,1,1,,ALL3_CONSENSUS,DRAT_PICK_EQUALS_EPRED_PICK_EQUALS_MARKET_PICK,DRAT_EPRED_MARKET_SHARED_SIDE,MEAN_DRAT_EPRED_MARKET_SELECTED_PROB,Over,RatingGapBucket + SpreadBucket,RatingGapBucket=0 to 2.9 | SpreadBucket=Fav -0.5 to -2.5,2,RatingGapBucket,SELECTED_EPRED_RATING_GAP,EPRED_RATING_SELECTED_MINUS_OPPONENT,EPRED,EPRED.home_rating|EPRED.away_rating,NUMERIC_RANGE,0,3,,0,0 to 2.9,SpreadBucket,SELECTED_SPREAD,SPREAD_FOR_FAMILY_SELECTED_SIDE,SCHEDULE,SCHEDULE.home_spread|SCHEDULE.away_spread,NUMERIC_RANGE,-3,0,,0,Fav -0.5 to -2.5,140,62,78,44.29,36.32,52.56,49.44,-5.16,5,100.0,3,3,100.0,NEGATIVE,5.16,totals_actionable_findings.csv
HTE0258,1,1,,ALL3_CONSENSUS,DRAT_PICK_EQUALS_EPRED_PICK_EQUALS_MARKET_PICK,DRAT_EPRED_MARKET_SHARED_SIDE,MEAN_DRAT_EPRED_MARKET_SELECTED_PROB,Under,RatingGapBucket + SpreadBucket,RatingGapBucket=0 to 2.9 | SpreadBucket=Fav -0.5 to -2.5,2,RatingGapBucket,SELECTED_EPRED_RATING_GAP,EPRED_RATING_SELECTED_MINUS_OPPONENT,EPRED,EPRED.home_rating|EPRED.away_rating,NUMERIC_RANGE,0,3,,0,0 to 2.9,SpreadBucket,SELECTED_SPREAD,SPREAD_FOR_FAMILY_SELECTED_SIDE,SCHEDULE,SCHEDULE.home_spread|SCHEDULE.away_spread,NUMERIC_RANGE,-3,0,,0,Fav -0.5 to -2.5,140,78,62,55.71,47.44,63.68,50.56,5.16,5,100.0,3,3,100.0,POSITIVE,5.16,totals_actionable_findings.csv
HTE0259,1,1,,DRAT_EPRED_CONSENSUS,DRAT_PICK_EQUALS_EPRED_PICK,DRAT_EPRED_SHARED_SIDE,MEAN_DRAT_EPRED_SELECTED_PROB,Over,RatingGapBucket + SpreadBucket,RatingGapBucket=6 to 9.9 | SpreadBucket=Fav -4 to -6.5,2,RatingGapBucket,SELECTED_EPRED_RATING_GAP,EPRED_RATING_SELECTED_MINUS_OPPONENT,EPRED,EPRED.home_rating|EPRED.away_rating,NUMERIC_RANGE,6,10,,0,6 to 9.9,SpreadBucket,SELECTED_SPREAD,SPREAD_FOR_FAMILY_SELECTED_SIDE,SCHEDULE,SCHEDULE.home_spread|SCHEDULE.away_spread,NUMERIC_RANGE,-7,-4,,0,Fav -4 to -6.5,115,62,53,53.91,44.82,62.75,48.81,5.1,5,80.0,4,3,75.0,POSITIVE,5.10,totals_actionable_findings.csv
HTE0260,1,1,,DRAT_EPRED_CONSENSUS,DRAT_PICK_EQUALS_EPRED_PICK,DRAT_EPRED_SHARED_SIDE,MEAN_DRAT_EPRED_SELECTED_PROB,Under,RatingGapBucket + SpreadBucket,RatingGapBucket=6 to 9.9 | SpreadBucket=Fav -4 to -6.5,2,RatingGapBucket,SELECTED_EPRED_RATING_GAP,EPRED_RATING_SELECTED_MINUS_OPPONENT,EPRED,EPRED.home_rating|EPRED.away_rating,NUMERIC_RANGE,6,10,,0,6 to 9.9,SpreadBucket,SELECTED_SPREAD,SPREAD_FOR_FAMILY_SELECTED_SIDE,SCHEDULE,SCHEDULE.home_spread|SCHEDULE.away_spread,NUMERIC_RANGE,-7,-4,,0,Fav -4 to -6.5,115,53,62,46.09,37.25,55.18,51.19,-5.1,5,80.0,4,3,75.0,NEGATIVE,5.10,totals_actionable_findings.csv
HTE0261,1,1,,ALL3_CONSENSUS,DRAT_PICK_EQUALS_EPRED_PICK_EQUALS_MARKET_PICK,DRAT_EPRED_MARKET_SHARED_SIDE,MEAN_DRAT_EPRED_MARKET_SELECTED_PROB,Over,ModelDiffBucket,ModelDiffBucket=15+ pts,1,ModelDiffBucket,DRAT_EPRED_HOME_PROB_ABS_DIFF_PP,ABS_DRAT_HOME_PROB_MINUS_EPRED_NORMALIZED_HOME_PROB_X100,DRAT|EPRED,DRAT.home_prob|EPRED.home_prob|EPRED.away_prob,NUMERIC_RANGE,15,,,0,15+ pts,,,,,,,,,,,,68,37,31,54.41,42.66,65.7,49.44,4.97,5,80.0,3,3,100.0,POSITIVE,4.97,totals_actionable_findings.csv
HTE0262,1,1,,ALL3_CONSENSUS,DRAT_PICK_EQUALS_EPRED_PICK_EQUALS_MARKET_PICK,DRAT_EPRED_MARKET_SHARED_SIDE,MEAN_DRAT_EPRED_MARKET_SELECTED_PROB,Over,DratEpredAgreement + ModelDiffBucket,DratEpredAgreement=Agree | ModelDiffBucket=15+ pts,2,DratEpredAgreement,DRAT_EPRED_AGREEMENT,COMPARE_DRAT_PICK_TO_EPRED_PICK,DRAT|EPRED,DRAT.home_prob|DRAT.away_prob|EPRED.home_prob|EPRED.away_prob,TEXT_EQUALS,,,Agree,0,Agree,ModelDiffBucket,DRAT_EPRED_HOME_PROB_ABS_DIFF_PP,ABS_DRAT_HOME_PROB_MINUS_EPRED_NORMALIZED_HOME_PROB_X100,DRAT|EPRED,DRAT.home_prob|EPRED.home_prob|EPRED.away_prob,NUMERIC_RANGE,15,,,0,15+ pts,68,37,31,54.41,42.66,65.7,49.44,4.97,5,80.0,3,3,100.0,POSITIVE,4.97,totals_actionable_findings.csv
HTE0263,1,1,,ALL3_CONSENSUS,DRAT_PICK_EQUALS_EPRED_PICK_EQUALS_MARKET_PICK,DRAT_EPRED_MARKET_SHARED_SIDE,MEAN_DRAT_EPRED_MARKET_SELECTED_PROB,Under,ModelDiffBucket,ModelDiffBucket=15+ pts,1,ModelDiffBucket,DRAT_EPRED_HOME_PROB_ABS_DIFF_PP,ABS_DRAT_HOME_PROB_MINUS_EPRED_NORMALIZED_HOME_PROB_X100,DRAT|EPRED,DRAT.home_prob|EPRED.home_prob|EPRED.away_prob,NUMERIC_RANGE,15,,,0,15+ pts,,,,,,,,,,,,68,31,37,45.59,34.3,57.34,50.56,-4.97,5,80.0,3,3,100.0,NEGATIVE,4.97,totals_actionable_findings.csv
HTE0264,1,1,,ALL3_CONSENSUS,DRAT_PICK_EQUALS_EPRED_PICK_EQUALS_MARKET_PICK,DRAT_EPRED_MARKET_SHARED_SIDE,MEAN_DRAT_EPRED_MARKET_SELECTED_PROB,Under,DratEpredAgreement + ModelDiffBucket,DratEpredAgreement=Agree | ModelDiffBucket=15+ pts,2,DratEpredAgreement,DRAT_EPRED_AGREEMENT,COMPARE_DRAT_PICK_TO_EPRED_PICK,DRAT|EPRED,DRAT.home_prob|DRAT.away_prob|EPRED.home_prob|EPRED.away_prob,TEXT_EQUALS,,,Agree,0,Agree,ModelDiffBucket,DRAT_EPRED_HOME_PROB_ABS_DIFF_PP,ABS_DRAT_HOME_PROB_MINUS_EPRED_NORMALIZED_HOME_PROB_X100,DRAT|EPRED,DRAT.home_prob|EPRED.home_prob|EPRED.away_prob,NUMERIC_RANGE,15,,,0,15+ pts,68,31,37,45.59,34.3,57.34,50.56,-4.97,5,80.0,3,3,100.0,NEGATIVE,4.97,totals_actionable_findings.csv
HTE0265,1,1,,DRAT,DRAT_AVAILABLE,DRAT_MAX_PROB_SIDE,DRAT_MAX_PROB,Over,SpreadBucket,SpreadBucket=Fav -0.5 to -2.5,1,SpreadBucket,SELECTED_SPREAD,SPREAD_FOR_FAMILY_SELECTED_SIDE,SCHEDULE,SCHEDULE.home_spread|SCHEDULE.away_spread,NUMERIC_RANGE,-3,0,,0,Fav -0.5 to -2.5,,,,,,,,,,,,461,201,260,43.6,39.15,48.16,48.52,-4.92,5,100.0,4,4,100.0,NEGATIVE,4.92,totals_actionable_findings.csv
HTE0266,1,1,,DRAT,DRAT_AVAILABLE,DRAT_MAX_PROB_SIDE,DRAT_MAX_PROB,Under,SpreadBucket,SpreadBucket=Fav -0.5 to -2.5,1,SpreadBucket,SELECTED_SPREAD,SPREAD_FOR_FAMILY_SELECTED_SIDE,SCHEDULE,SCHEDULE.home_spread|SCHEDULE.away_spread,NUMERIC_RANGE,-3,0,,0,Fav -0.5 to -2.5,,,,,,,,,,,,461,260,201,56.4,51.84,60.85,51.48,4.92,5,100.0,4,4,100.0,POSITIVE,4.92,totals_actionable_findings.csv
HTE0267,1,1,,DRAT,DRAT_AVAILABLE,DRAT_MAX_PROB_SIDE,DRAT_MAX_PROB,Over,WeekBucket,WeekBucket=Weeks 14+,1,WeekBucket,WEEK,RAW_WEEK,SCHEDULE,SCHEDULE.week,NUMERIC_RANGE,14,,,0,Weeks 14+,,,,,,,,,,,,378,202,176,53.44,48.4,58.41,48.52,4.92,5,100.0,4,4,100.0,POSITIVE,4.92,totals_actionable_findings.csv
HTE0268,1,1,,DRAT,DRAT_AVAILABLE,DRAT_MAX_PROB_SIDE,DRAT_MAX_PROB,Under,WeekBucket,WeekBucket=Weeks 14+,1,WeekBucket,WEEK,RAW_WEEK,SCHEDULE,SCHEDULE.week,NUMERIC_RANGE,14,,,0,Weeks 14+,,,,,,,,,,,,378,176,202,46.56,41.59,51.6,51.48,-4.92,5,100.0,4,4,100.0,NEGATIVE,4.92,totals_actionable_findings.csv
HTE0269,1,1,,EPRED,EPRED_AVAILABLE,EPRED_NORMALIZED_MAX_PROB_SIDE,EPRED_NORMALIZED_MAX_PROB,Over,WeekBucket,WeekBucket=Weeks 14+,1,WeekBucket,WEEK,RAW_WEEK,SCHEDULE,SCHEDULE.week,NUMERIC_RANGE,14,,,0,Weeks 14+,,,,,,,,,,,,378,202,176,53.44,48.4,58.41,48.52,4.92,5,100.0,4,4,100.0,POSITIVE,4.92,totals_actionable_findings.csv
HTE0270,1,1,,EPRED,EPRED_AVAILABLE,EPRED_NORMALIZED_MAX_PROB_SIDE,EPRED_NORMALIZED_MAX_PROB,Under,WeekBucket,WeekBucket=Weeks 14+,1,WeekBucket,WEEK,RAW_WEEK,SCHEDULE,SCHEDULE.week,NUMERIC_RANGE,14,,,0,Weeks 14+,,,,,,,,,,,,378,176,202,46.56,41.59,51.6,51.48,-4.92,5,100.0,4,4,100.0,NEGATIVE,4.92,totals_actionable_findings.csv
HTE0271,1,1,,MARKET,MARKET_AVAILABLE,MARKET_NOVIG_SIDE_ELSE_SPREAD_SIDE,MARKET_NOVIG_SELECTED_PROB,Over,WeekBucket,WeekBucket=Weeks 14+,1,WeekBucket,WEEK,RAW_WEEK,SCHEDULE,SCHEDULE.week,NUMERIC_RANGE,14,,,0,Weeks 14+,,,,,,,,,,,,378,202,176,53.44,48.4,58.41,48.52,4.92,5,100.0,4,4,100.0,POSITIVE,4.92,totals_actionable_findings.csv
HTE0272,1,1,,MARKET,MARKET_AVAILABLE,MARKET_NOVIG_SIDE_ELSE_SPREAD_SIDE,MARKET_NOVIG_SELECTED_PROB,Under,WeekBucket,WeekBucket=Weeks 14+,1,WeekBucket,WEEK,RAW_WEEK,SCHEDULE,SCHEDULE.week,NUMERIC_RANGE,14,,,0,Weeks 14+,,,,,,,,,,,,378,176,202,46.56,41.59,51.6,51.48,-4.92,5,100.0,4,4,100.0,NEGATIVE,4.92,totals_actionable_findings.csv
HTE0273,1,1,,EPRED,EPRED_AVAILABLE,EPRED_NORMALIZED_MAX_PROB_SIDE,EPRED_NORMALIZED_MAX_PROB,Over,RatingGapBucket + SpreadBucket,RatingGapBucket=-3 to 0 | SpreadBucket=Fav -0.5 to -2.5,2,RatingGapBucket,SELECTED_EPRED_RATING_GAP,EPRED_RATING_SELECTED_MINUS_OPPONENT,EPRED,EPRED.home_rating|EPRED.away_rating,NUMERIC_RANGE,-3,0,,0,-3 to 0,SpreadBucket,SELECTED_SPREAD,SPREAD_FOR_FAMILY_SELECTED_SIDE,SCHEDULE,SCHEDULE.home_spread|SCHEDULE.away_spread,NUMERIC_RANGE,-3,0,,0,Fav -0.5 to -2.5,71,31,40,43.66,32.75,55.23,48.52,-4.86,5,80.0,3,2,66.67,NEGATIVE,4.86,totals_actionable_findings.csv
HTE0274,1,1,,EPRED,EPRED_AVAILABLE,EPRED_NORMALIZED_MAX_PROB_SIDE,EPRED_NORMALIZED_MAX_PROB,Under,RatingGapBucket + SpreadBucket,RatingGapBucket=-3 to 0 | SpreadBucket=Fav -0.5 to -2.5,2,RatingGapBucket,SELECTED_EPRED_RATING_GAP,EPRED_RATING_SELECTED_MINUS_OPPONENT,EPRED,EPRED.home_rating|EPRED.away_rating,NUMERIC_RANGE,-3,0,,0,-3 to 0,SpreadBucket,SELECTED_SPREAD,SPREAD_FOR_FAMILY_SELECTED_SIDE,SCHEDULE,SCHEDULE.home_spread|SCHEDULE.away_spread,NUMERIC_RANGE,-3,0,,0,Fav -0.5 to -2.5,71,40,31,56.34,44.77,67.25,51.48,4.86,5,80.0,3,2,66.67,POSITIVE,4.86,totals_actionable_findings.csv
HTE0275,1,1,,DRAT_EPRED_CONSENSUS,DRAT_PICK_EQUALS_EPRED_PICK,DRAT_EPRED_SHARED_SIDE,MEAN_DRAT_EPRED_SELECTED_PROB,Over,ProbBucket,ProbBucket=60-64.9%,1,ProbBucket,FAMILY_SELECTED_PROB,USE_FAMILY_SELECTED_PROB,FAMILY_DEPENDENT,DRAT.home_prob|DRAT.away_prob|EPRED.home_prob|EPRED.away_prob|DRAT.moneyline_home|DRAT.moneyline_away|SCHEDULE.home_spread|SCHEDULE.away_spread,NUMERIC_RANGE,0.6,0.65,,0,60-64.9%,,,,,,,,,,,,231,102,129,44.16,37.9,50.6,48.81,-4.66,5,80.0,3,3,100.0,NEGATIVE,4.66,totals_actionable_findings.csv
HTE0276,1,1,,DRAT_EPRED_CONSENSUS,DRAT_PICK_EQUALS_EPRED_PICK,DRAT_EPRED_SHARED_SIDE,MEAN_DRAT_EPRED_SELECTED_PROB,Under,ProbBucket,ProbBucket=60-64.9%,1,ProbBucket,FAMILY_SELECTED_PROB,USE_FAMILY_SELECTED_PROB,FAMILY_DEPENDENT,DRAT.home_prob|DRAT.away_prob|EPRED.home_prob|EPRED.away_prob|DRAT.moneyline_home|DRAT.moneyline_away|SCHEDULE.home_spread|SCHEDULE.away_spread,NUMERIC_RANGE,0.6,0.65,,0,60-64.9%,,,,,,,,,,,,231,129,102,55.84,49.4,62.1,51.19,4.66,5,80.0,3,3,100.0,POSITIVE,4.66,totals_actionable_findings.csv
HTE0277,1,1,,ALL3_CONSENSUS,DRAT_PICK_EQUALS_EPRED_PICK_EQUALS_MARKET_PICK,DRAT_EPRED_MARKET_SHARED_SIDE,MEAN_DRAT_EPRED_MARKET_SELECTED_PROB,Over,ProbBucket,ProbBucket=70-74.9%,1,ProbBucket,FAMILY_SELECTED_PROB,USE_FAMILY_SELECTED_PROB,FAMILY_DEPENDENT,DRAT.home_prob|DRAT.away_prob|EPRED.home_prob|EPRED.away_prob|DRAT.moneyline_home|DRAT.moneyline_away|SCHEDULE.home_spread|SCHEDULE.away_spread,NUMERIC_RANGE,0.7,0.75,,0,70-74.9%,,,,,,,,,,,,185,100,85,54.05,46.86,61.08,49.44,4.61,5,80.0,4,3,75.0,POSITIVE,4.61,totals_actionable_findings.csv
HTE0278,1,1,,ALL3_CONSENSUS,DRAT_PICK_EQUALS_EPRED_PICK_EQUALS_MARKET_PICK,DRAT_EPRED_MARKET_SHARED_SIDE,MEAN_DRAT_EPRED_MARKET_SELECTED_PROB,Over,ProbBucket + MarketRole,ProbBucket=70-74.9% | MarketRole=Market Favorite,2,ProbBucket,FAMILY_SELECTED_PROB,USE_FAMILY_SELECTED_PROB,FAMILY_DEPENDENT,DRAT.home_prob|DRAT.away_prob|EPRED.home_prob|EPRED.away_prob|DRAT.moneyline_home|DRAT.moneyline_away|SCHEDULE.home_spread|SCHEDULE.away_spread,NUMERIC_RANGE,0.7,0.75,,0,70-74.9%,MarketRole,SELECTED_MARKET_ROLE,MARKET_ROLE_FOR_FAMILY_SELECTED_SIDE,DRAT|SCHEDULE,DRAT.moneyline_home|DRAT.moneyline_away|SCHEDULE.home_spread|SCHEDULE.away_spread,TEXT_EQUALS,,,Market Favorite,0,Market Favorite,185,100,85,54.05,46.86,61.08,49.44,4.61,5,80.0,4,3,75.0,POSITIVE,4.61,totals_actionable_findings.csv
HTE0279,1,1,,ALL3_CONSENSUS,DRAT_PICK_EQUALS_EPRED_PICK_EQUALS_MARKET_PICK,DRAT_EPRED_MARKET_SHARED_SIDE,MEAN_DRAT_EPRED_MARKET_SELECTED_PROB,Over,SelectedVsMarket + ProbBucket,SelectedVsMarket=Agree | ProbBucket=70-74.9%,2,SelectedVsMarket,FAMILY_VS_MARKET_AGREEMENT,COMPARE_FAMILY_PICK_TO_MARKET_PICK,DRAT|EPRED|SCHEDULE,DRAT.home_prob|DRAT.away_prob|EPRED.home_prob|EPRED.away_prob|DRAT.moneyline_home|DRAT.moneyline_away|SCHEDULE.home_spread|SCHEDULE.away_spread,TEXT_EQUALS,,,Agree,0,Agree,ProbBucket,FAMILY_SELECTED_PROB,USE_FAMILY_SELECTED_PROB,FAMILY_DEPENDENT,DRAT.home_prob|DRAT.away_prob|EPRED.home_prob|EPRED.away_prob|DRAT.moneyline_home|DRAT.moneyline_away|SCHEDULE.home_spread|SCHEDULE.away_spread,NUMERIC_RANGE,0.7,0.75,,0,70-74.9%,185,100,85,54.05,46.86,61.08,49.44,4.61,5,80.0,4,3,75.0,POSITIVE,4.61,totals_actionable_findings.csv
HTE0280,1,1,,ALL3_CONSENSUS,DRAT_PICK_EQUALS_EPRED_PICK_EQUALS_MARKET_PICK,DRAT_EPRED_MARKET_SHARED_SIDE,MEAN_DRAT_EPRED_MARKET_SELECTED_PROB,Under,ProbBucket,ProbBucket=70-74.9%,1,ProbBucket,FAMILY_SELECTED_PROB,USE_FAMILY_SELECTED_PROB,FAMILY_DEPENDENT,DRAT.home_prob|DRAT.away_prob|EPRED.home_prob|EPRED.away_prob|DRAT.moneyline_home|DRAT.moneyline_away|SCHEDULE.home_spread|SCHEDULE.away_spread,NUMERIC_RANGE,0.7,0.75,,0,70-74.9%,,,,,,,,,,,,185,85,100,45.95,38.92,53.14,50.56,-4.61,5,80.0,4,3,75.0,NEGATIVE,4.61,totals_actionable_findings.csv
HTE0281,1,1,,ALL3_CONSENSUS,DRAT_PICK_EQUALS_EPRED_PICK_EQUALS_MARKET_PICK,DRAT_EPRED_MARKET_SHARED_SIDE,MEAN_DRAT_EPRED_MARKET_SELECTED_PROB,Under,ProbBucket + MarketRole,ProbBucket=70-74.9% | MarketRole=Market Favorite,2,ProbBucket,FAMILY_SELECTED_PROB,USE_FAMILY_SELECTED_PROB,FAMILY_DEPENDENT,DRAT.home_prob|DRAT.away_prob|EPRED.home_prob|EPRED.away_prob|DRAT.moneyline_home|DRAT.moneyline_away|SCHEDULE.home_spread|SCHEDULE.away_spread,NUMERIC_RANGE,0.7,0.75,,0,70-74.9%,MarketRole,SELECTED_MARKET_ROLE,MARKET_ROLE_FOR_FAMILY_SELECTED_SIDE,DRAT|SCHEDULE,DRAT.moneyline_home|DRAT.moneyline_away|SCHEDULE.home_spread|SCHEDULE.away_spread,TEXT_EQUALS,,,Market Favorite,0,Market Favorite,185,85,100,45.95,38.92,53.14,50.56,-4.61,5,80.0,4,3,75.0,NEGATIVE,4.61,totals_actionable_findings.csv
HTE0282,1,1,,ALL3_CONSENSUS,DRAT_PICK_EQUALS_EPRED_PICK_EQUALS_MARKET_PICK,DRAT_EPRED_MARKET_SHARED_SIDE,MEAN_DRAT_EPRED_MARKET_SELECTED_PROB,Under,SelectedVsMarket + ProbBucket,SelectedVsMarket=Agree | ProbBucket=70-74.9%,2,SelectedVsMarket,FAMILY_VS_MARKET_AGREEMENT,COMPARE_FAMILY_PICK_TO_MARKET_PICK,DRAT|EPRED|SCHEDULE,DRAT.home_prob|DRAT.away_prob|EPRED.home_prob|EPRED.away_prob|DRAT.moneyline_home|DRAT.moneyline_away|SCHEDULE.home_spread|SCHEDULE.away_spread,TEXT_EQUALS,,,Agree,0,Agree,ProbBucket,FAMILY_SELECTED_PROB,USE_FAMILY_SELECTED_PROB,FAMILY_DEPENDENT,DRAT.home_prob|DRAT.away_prob|EPRED.home_prob|EPRED.away_prob|DRAT.moneyline_home|DRAT.moneyline_away|SCHEDULE.home_spread|SCHEDULE.away_spread,NUMERIC_RANGE,0.7,0.75,,0,70-74.9%,185,85,100,45.95,38.92,53.14,50.56,-4.61,5,80.0,4,3,75.0,NEGATIVE,4.61,totals_actionable_findings.csv
HTE0283,1,1,,DRAT,DRAT_AVAILABLE,DRAT_MAX_PROB_SIDE,DRAT_MAX_PROB,Over,ProbBucket + SpreadBucket,ProbBucket=70-74.9% | SpreadBucket=Fav -4 to -6.5,2,ProbBucket,FAMILY_SELECTED_PROB,USE_FAMILY_SELECTED_PROB,FAMILY_DEPENDENT,DRAT.home_prob|DRAT.away_prob|EPRED.home_prob|EPRED.away_prob|DRAT.moneyline_home|DRAT.moneyline_away|SCHEDULE.home_spread|SCHEDULE.away_spread,NUMERIC_RANGE,0.7,0.75,,0,70-74.9%,SpreadBucket,SELECTED_SPREAD,SPREAD_FOR_FAMILY_SELECTED_SIDE,SCHEDULE,SCHEDULE.home_spread|SCHEDULE.away_spread,NUMERIC_RANGE,-7,-4,,0,Fav -4 to -6.5,96,51,45,53.12,43.22,62.79,48.52,4.61,5,80.0,3,2,66.67,POSITIVE,4.61,totals_actionable_findings.csv
HTE0284,1,1,,DRAT,DRAT_AVAILABLE,DRAT_MAX_PROB_SIDE,DRAT_MAX_PROB,Under,ProbBucket + SpreadBucket,ProbBucket=70-74.9% | SpreadBucket=Fav -4 to -6.5,2,ProbBucket,FAMILY_SELECTED_PROB,USE_FAMILY_SELECTED_PROB,FAMILY_DEPENDENT,DRAT.home_prob|DRAT.away_prob|EPRED.home_prob|EPRED.away_prob|DRAT.moneyline_home|DRAT.moneyline_away|SCHEDULE.home_spread|SCHEDULE.away_spread,NUMERIC_RANGE,0.7,0.75,,0,70-74.9%,SpreadBucket,SELECTED_SPREAD,SPREAD_FOR_FAMILY_SELECTED_SIDE,SCHEDULE,SCHEDULE.home_spread|SCHEDULE.away_spread,NUMERIC_RANGE,-7,-4,,0,Fav -4 to -6.5,96,45,51,46.88,37.21,56.78,51.48,-4.61,5,80.0,3,2,66.67,NEGATIVE,4.61,totals_actionable_findings.csv
HTE0285,1,1,,MARKET,MARKET_AVAILABLE,MARKET_NOVIG_SIDE_ELSE_SPREAD_SIDE,MARKET_NOVIG_SELECTED_PROB,Over,ProbBucket + RatingGapBucket,ProbBucket=70-74.9% | RatingGapBucket=6 to 9.9,2,ProbBucket,FAMILY_SELECTED_PROB,USE_FAMILY_SELECTED_PROB,FAMILY_DEPENDENT,DRAT.home_prob|DRAT.away_prob|EPRED.home_prob|EPRED.away_prob|DRAT.moneyline_home|DRAT.moneyline_away|SCHEDULE.home_spread|SCHEDULE.away_spread,NUMERIC_RANGE,0.7,0.75,,0,70-74.9%,RatingGapBucket,SELECTED_EPRED_RATING_GAP,EPRED_RATING_SELECTED_MINUS_OPPONENT,EPRED,EPRED.home_rating|EPRED.away_rating,NUMERIC_RANGE,6,10,,0,6 to 9.9,66,35,31,53.03,41.16,64.57,48.52,4.51,5,80.0,3,2,66.67,POSITIVE,4.51,totals_actionable_findings.csv
HTE0286,1,1,,MARKET,MARKET_AVAILABLE,MARKET_NOVIG_SIDE_ELSE_SPREAD_SIDE,MARKET_NOVIG_SELECTED_PROB,Under,ProbBucket + RatingGapBucket,ProbBucket=70-74.9% | RatingGapBucket=6 to 9.9,2,ProbBucket,FAMILY_SELECTED_PROB,USE_FAMILY_SELECTED_PROB,FAMILY_DEPENDENT,DRAT.home_prob|DRAT.away_prob|EPRED.home_prob|EPRED.away_prob|DRAT.moneyline_home|DRAT.moneyline_away|SCHEDULE.home_spread|SCHEDULE.away_spread,NUMERIC_RANGE,0.7,0.75,,0,70-74.9%,RatingGapBucket,SELECTED_EPRED_RATING_GAP,EPRED_RATING_SELECTED_MINUS_OPPONENT,EPRED,EPRED.home_rating|EPRED.away_rating,NUMERIC_RANGE,6,10,,0,6 to 9.9,66,31,35,46.97,35.43,58.84,51.48,-4.51,5,80.0,3,2,66.67,NEGATIVE,4.51,totals_actionable_findings.csv
HTE0287,1,1,,EPRED,EPRED_AVAILABLE,EPRED_NORMALIZED_MAX_PROB_SIDE,EPRED_NORMALIZED_MAX_PROB,Over,ProbBucket + RatingGapBucket,ProbBucket=<55% | RatingGapBucket=0 to 2.9,2,ProbBucket,FAMILY_SELECTED_PROB,USE_FAMILY_SELECTED_PROB,FAMILY_DEPENDENT,DRAT.home_prob|DRAT.away_prob|EPRED.home_prob|EPRED.away_prob|DRAT.moneyline_home|DRAT.moneyline_away|SCHEDULE.home_spread|SCHEDULE.away_spread,NUMERIC_RANGE,,0.55,,0,<55%,RatingGapBucket,SELECTED_EPRED_RATING_GAP,EPRED_RATING_SELECTED_MINUS_OPPONENT,EPRED,EPRED.home_rating|EPRED.away_rating,NUMERIC_RANGE,0,3,,0,0 to 2.9,134,59,75,44.03,35.91,52.49,48.52,-4.49,5,80.0,3,3,100.0,NEGATIVE,4.49,totals_actionable_findings.csv
HTE0288,1,1,,EPRED,EPRED_AVAILABLE,EPRED_NORMALIZED_MAX_PROB_SIDE,EPRED_NORMALIZED_MAX_PROB,Under,ProbBucket + RatingGapBucket,ProbBucket=<55% | RatingGapBucket=0 to 2.9,2,ProbBucket,FAMILY_SELECTED_PROB,USE_FAMILY_SELECTED_PROB,FAMILY_DEPENDENT,DRAT.home_prob|DRAT.away_prob|EPRED.home_prob|EPRED.away_prob|DRAT.moneyline_home|DRAT.moneyline_away|SCHEDULE.home_spread|SCHEDULE.away_spread,NUMERIC_RANGE,,0.55,,0,<55%,RatingGapBucket,SELECTED_EPRED_RATING_GAP,EPRED_RATING_SELECTED_MINUS_OPPONENT,EPRED,EPRED.home_rating|EPRED.away_rating,NUMERIC_RANGE,0,3,,0,0 to 2.9,134,75,59,55.97,47.51,64.09,51.48,4.49,5,80.0,3,3,100.0,POSITIVE,4.49,totals_actionable_findings.csv
HTE0289,1,1,,ALL3_CONSENSUS,DRAT_PICK_EQUALS_EPRED_PICK_EQUALS_MARKET_PICK,DRAT_EPRED_MARKET_SHARED_SIDE,MEAN_DRAT_EPRED_MARKET_SELECTED_PROB,Over,RatingGapBucket + SpreadBucket,RatingGapBucket=6 to 9.9 | SpreadBucket=Fav -4 to -6.5,2,RatingGapBucket,SELECTED_EPRED_RATING_GAP,EPRED_RATING_SELECTED_MINUS_OPPONENT,EPRED,EPRED.home_rating|EPRED.away_rating,NUMERIC_RANGE,6,10,,0,6 to 9.9,SpreadBucket,SELECTED_SPREAD,SPREAD_FOR_FAMILY_SELECTED_SIDE,SCHEDULE,SCHEDULE.home_spread|SCHEDULE.away_spread,NUMERIC_RANGE,-7,-4,,0,Fav -4 to -6.5,115,62,53,53.91,44.82,62.75,49.44,4.47,5,80.0,4,3,75.0,POSITIVE,4.47,totals_actionable_findings.csv
HTE0290,1,1,,ALL3_CONSENSUS,DRAT_PICK_EQUALS_EPRED_PICK_EQUALS_MARKET_PICK,DRAT_EPRED_MARKET_SHARED_SIDE,MEAN_DRAT_EPRED_MARKET_SELECTED_PROB,Under,RatingGapBucket + SpreadBucket,RatingGapBucket=6 to 9.9 | SpreadBucket=Fav -4 to -6.5,2,RatingGapBucket,SELECTED_EPRED_RATING_GAP,EPRED_RATING_SELECTED_MINUS_OPPONENT,EPRED,EPRED.home_rating|EPRED.away_rating,NUMERIC_RANGE,6,10,,0,6 to 9.9,SpreadBucket,SELECTED_SPREAD,SPREAD_FOR_FAMILY_SELECTED_SIDE,SCHEDULE,SCHEDULE.home_spread|SCHEDULE.away_spread,NUMERIC_RANGE,-7,-4,,0,Fav -4 to -6.5,115,53,62,46.09,37.25,55.18,50.56,-4.47,5,80.0,4,3,75.0,NEGATIVE,4.47,totals_actionable_findings.csv
HTE0291,1,1,,EPRED,EPRED_AVAILABLE,EPRED_NORMALIZED_MAX_PROB_SIDE,EPRED_NORMALIZED_MAX_PROB,Over,ProbBucket + RatingGapBucket,ProbBucket=65-69.9% | RatingGapBucket=3 to 5.9,2,ProbBucket,FAMILY_SELECTED_PROB,USE_FAMILY_SELECTED_PROB,FAMILY_DEPENDENT,DRAT.home_prob|DRAT.away_prob|EPRED.home_prob|EPRED.away_prob|DRAT.moneyline_home|DRAT.moneyline_away|SCHEDULE.home_spread|SCHEDULE.away_spread,NUMERIC_RANGE,0.65,0.7,,0,65-69.9%,RatingGapBucket,SELECTED_EPRED_RATING_GAP,EPRED_RATING_SELECTED_MINUS_OPPONENT,EPRED,EPRED.home_rating|EPRED.away_rating,NUMERIC_RANGE,3,6,,0,3 to 5.9,84,37,47,44.05,33.92,54.69,48.52,-4.47,5,80.0,3,2,66.67,NEGATIVE,4.47,totals_actionable_findings.csv
HTE0292,1,1,,EPRED,EPRED_AVAILABLE,EPRED_NORMALIZED_MAX_PROB_SIDE,EPRED_NORMALIZED_MAX_PROB,Under,ProbBucket + RatingGapBucket,ProbBucket=65-69.9% | RatingGapBucket=3 to 5.9,2,ProbBucket,FAMILY_SELECTED_PROB,USE_FAMILY_SELECTED_PROB,FAMILY_DEPENDENT,DRAT.home_prob|DRAT.away_prob|EPRED.home_prob|EPRED.away_prob|DRAT.moneyline_home|DRAT.moneyline_away|SCHEDULE.home_spread|SCHEDULE.away_spread,NUMERIC_RANGE,0.65,0.7,,0,65-69.9%,RatingGapBucket,SELECTED_EPRED_RATING_GAP,EPRED_RATING_SELECTED_MINUS_OPPONENT,EPRED,EPRED.home_rating|EPRED.away_rating,NUMERIC_RANGE,3,6,,0,3 to 5.9,84,47,37,55.95,45.31,66.08,51.48,4.47,5,80.0,3,2,66.67,POSITIVE,4.47,totals_actionable_findings.csv
HTE0293,1,1,,DRAT,DRAT_AVAILABLE,DRAT_MAX_PROB_SIDE,DRAT_MAX_PROB,Over,RatingGapBucket + SpreadBucket,RatingGapBucket=0 to 2.9 | SpreadBucket=Fav -0.5 to -2.5,2,RatingGapBucket,SELECTED_EPRED_RATING_GAP,EPRED_RATING_SELECTED_MINUS_OPPONENT,EPRED,EPRED.home_rating|EPRED.away_rating,NUMERIC_RANGE,0,3,,0,0 to 2.9,SpreadBucket,SELECTED_SPREAD,SPREAD_FOR_FAMILY_SELECTED_SIDE,SCHEDULE,SCHEDULE.home_spread|SCHEDULE.away_spread,NUMERIC_RANGE,-3,0,,0,Fav -0.5 to -2.5,170,75,95,44.12,36.87,51.63,48.52,-4.4,5,80.0,4,3,75.0,NEGATIVE,4.40,totals_actionable_findings.csv
HTE0294,1,1,,DRAT,DRAT_AVAILABLE,DRAT_MAX_PROB_SIDE,DRAT_MAX_PROB,Under,RatingGapBucket + SpreadBucket,RatingGapBucket=0 to 2.9 | SpreadBucket=Fav -0.5 to -2.5,2,RatingGapBucket,SELECTED_EPRED_RATING_GAP,EPRED_RATING_SELECTED_MINUS_OPPONENT,EPRED,EPRED.home_rating|EPRED.away_rating,NUMERIC_RANGE,0,3,,0,0 to 2.9,SpreadBucket,SELECTED_SPREAD,SPREAD_FOR_FAMILY_SELECTED_SIDE,SCHEDULE,SCHEDULE.home_spread|SCHEDULE.away_spread,NUMERIC_RANGE,-3,0,,0,Fav -0.5 to -2.5,170,95,75,55.88,48.37,63.13,51.48,4.4,5,80.0,4,3,75.0,POSITIVE,4.40,totals_actionable_findings.csv
HTE0295,1,1,,MARKET,MARKET_AVAILABLE,MARKET_NOVIG_SIDE_ELSE_SPREAD_SIDE,MARKET_NOVIG_SELECTED_PROB,Over,ProbBucket + RatingGapBucket,ProbBucket=55-59.9% | RatingGapBucket=-3 to 0,2,ProbBucket,FAMILY_SELECTED_PROB,USE_FAMILY_SELECTED_PROB,FAMILY_DEPENDENT,DRAT.home_prob|DRAT.away_prob|EPRED.home_prob|EPRED.away_prob|DRAT.moneyline_home|DRAT.moneyline_away|SCHEDULE.home_spread|SCHEDULE.away_spread,NUMERIC_RANGE,0.55,0.6,,0,55-59.9%,RatingGapBucket,SELECTED_EPRED_RATING_GAP,EPRED_RATING_SELECTED_MINUS_OPPONENT,EPRED,EPRED.home_rating|EPRED.away_rating,NUMERIC_RANGE,-3,0,,0,-3 to 0,68,30,38,44.12,32.95,55.92,48.52,-4.4,5,80.0,3,3,100.0,NEGATIVE,4.40,totals_actionable_findings.csv
HTE0296,1,1,,MARKET,MARKET_AVAILABLE,MARKET_NOVIG_SIDE_ELSE_SPREAD_SIDE,MARKET_NOVIG_SELECTED_PROB,Under,ProbBucket + RatingGapBucket,ProbBucket=55-59.9% | RatingGapBucket=-3 to 0,2,ProbBucket,FAMILY_SELECTED_PROB,USE_FAMILY_SELECTED_PROB,FAMILY_DEPENDENT,DRAT.home_prob|DRAT.away_prob|EPRED.home_prob|EPRED.away_prob|DRAT.moneyline_home|DRAT.moneyline_away|SCHEDULE.home_spread|SCHEDULE.away_spread,NUMERIC_RANGE,0.55,0.6,,0,55-59.9%,RatingGapBucket,SELECTED_EPRED_RATING_GAP,EPRED_RATING_SELECTED_MINUS_OPPONENT,EPRED,EPRED.home_rating|EPRED.away_rating,NUMERIC_RANGE,-3,0,,0,-3 to 0,68,38,30,55.88,44.08,67.05,51.48,4.4,5,80.0,3,3,100.0,POSITIVE,4.40,totals_actionable_findings.csv
HTE0297,1,1,,DRAT,DRAT_AVAILABLE,DRAT_MAX_PROB_SIDE,DRAT_MAX_PROB,Over,ModelDiffBucket,ModelDiffBucket=6-9.9 pts,1,ModelDiffBucket,DRAT_EPRED_HOME_PROB_ABS_DIFF_PP,ABS_DRAT_HOME_PROB_MINUS_EPRED_NORMALIZED_HOME_PROB_X100,DRAT|EPRED,DRAT.home_prob|EPRED.home_prob|EPRED.away_prob,NUMERIC_RANGE,6,10,,0,6-9.9 pts,,,,,,,,,,,,321,142,179,44.24,38.9,49.71,48.52,-4.28,5,80.0,4,3,75.0,NEGATIVE,4.28,totals_actionable_findings.csv
HTE0298,1,1,,DRAT,DRAT_AVAILABLE,DRAT_MAX_PROB_SIDE,DRAT_MAX_PROB,Under,ModelDiffBucket,ModelDiffBucket=6-9.9 pts,1,ModelDiffBucket,DRAT_EPRED_HOME_PROB_ABS_DIFF_PP,ABS_DRAT_HOME_PROB_MINUS_EPRED_NORMALIZED_HOME_PROB_X100,DRAT|EPRED,DRAT.home_prob|EPRED.home_prob|EPRED.away_prob,NUMERIC_RANGE,6,10,,0,6-9.9 pts,,,,,,,,,,,,321,179,142,55.76,50.29,61.1,51.48,4.28,5,80.0,4,3,75.0,POSITIVE,4.28,totals_actionable_findings.csv
HTE0299,1,1,,EPRED,EPRED_AVAILABLE,EPRED_NORMALIZED_MAX_PROB_SIDE,EPRED_NORMALIZED_MAX_PROB,Over,ModelDiffBucket,ModelDiffBucket=6-9.9 pts,1,ModelDiffBucket,DRAT_EPRED_HOME_PROB_ABS_DIFF_PP,ABS_DRAT_HOME_PROB_MINUS_EPRED_NORMALIZED_HOME_PROB_X100,DRAT|EPRED,DRAT.home_prob|EPRED.home_prob|EPRED.away_prob,NUMERIC_RANGE,6,10,,0,6-9.9 pts,,,,,,,,,,,,321,142,179,44.24,38.9,49.71,48.52,-4.28,5,80.0,4,3,75.0,NEGATIVE,4.28,totals_actionable_findings.csv
HTE0300,1,1,,EPRED,EPRED_AVAILABLE,EPRED_NORMALIZED_MAX_PROB_SIDE,EPRED_NORMALIZED_MAX_PROB,Under,ModelDiffBucket,ModelDiffBucket=6-9.9 pts,1,ModelDiffBucket,DRAT_EPRED_HOME_PROB_ABS_DIFF_PP,ABS_DRAT_HOME_PROB_MINUS_EPRED_NORMALIZED_HOME_PROB_X100,DRAT|EPRED,DRAT.home_prob|EPRED.home_prob|EPRED.away_prob,NUMERIC_RANGE,6,10,,0,6-9.9 pts,,,,,,,,,,,,321,179,142,55.76,50.29,61.1,51.48,4.28,5,80.0,4,3,75.0,POSITIVE,4.28,totals_actionable_findings.csv
HTE0301,1,1,,MARKET,MARKET_AVAILABLE,MARKET_NOVIG_SIDE_ELSE_SPREAD_SIDE,MARKET_NOVIG_SELECTED_PROB,Over,ModelDiffBucket,ModelDiffBucket=6-9.9 pts,1,ModelDiffBucket,DRAT_EPRED_HOME_PROB_ABS_DIFF_PP,ABS_DRAT_HOME_PROB_MINUS_EPRED_NORMALIZED_HOME_PROB_X100,DRAT|EPRED,DRAT.home_prob|EPRED.home_prob|EPRED.away_prob,NUMERIC_RANGE,6,10,,0,6-9.9 pts,,,,,,,,,,,,321,142,179,44.24,38.9,49.71,48.52,-4.28,5,80.0,4,3,75.0,NEGATIVE,4.28,totals_actionable_findings.csv
HTE0302,1,1,,MARKET,MARKET_AVAILABLE,MARKET_NOVIG_SIDE_ELSE_SPREAD_SIDE,MARKET_NOVIG_SELECTED_PROB,Under,ModelDiffBucket,ModelDiffBucket=6-9.9 pts,1,ModelDiffBucket,DRAT_EPRED_HOME_PROB_ABS_DIFF_PP,ABS_DRAT_HOME_PROB_MINUS_EPRED_NORMALIZED_HOME_PROB_X100,DRAT|EPRED,DRAT.home_prob|EPRED.home_prob|EPRED.away_prob,NUMERIC_RANGE,6,10,,0,6-9.9 pts,,,,,,,,,,,,321,179,142,55.76,50.29,61.1,51.48,4.28,5,80.0,4,3,75.0,POSITIVE,4.28,totals_actionable_findings.csv
HTE0303,1,1,,EPRED,EPRED_AVAILABLE,EPRED_NORMALIZED_MAX_PROB_SIDE,EPRED_NORMALIZED_MAX_PROB,Over,SelectedVsMarket,SelectedVsMarket=Disagree,1,SelectedVsMarket,FAMILY_VS_MARKET_AGREEMENT,COMPARE_FAMILY_PICK_TO_MARKET_PICK,DRAT|EPRED|SCHEDULE,DRAT.home_prob|DRAT.away_prob|EPRED.home_prob|EPRED.away_prob|DRAT.moneyline_home|DRAT.moneyline_away|SCHEDULE.home_spread|SCHEDULE.away_spread,TEXT_EQUALS,,,Disagree,0,Disagree,,,,,,,,,,,,169,75,94,44.38,37.1,51.91,48.52,-4.14,5,100.0,4,4,100.0,NEGATIVE,4.14,totals_actionable_findings.csv
HTE0304,1,1,,EPRED,EPRED_AVAILABLE,EPRED_NORMALIZED_MAX_PROB_SIDE,EPRED_NORMALIZED_MAX_PROB,Under,SelectedVsMarket,SelectedVsMarket=Disagree,1,SelectedVsMarket,FAMILY_VS_MARKET_AGREEMENT,COMPARE_FAMILY_PICK_TO_MARKET_PICK,DRAT|EPRED|SCHEDULE,DRAT.home_prob|DRAT.away_prob|EPRED.home_prob|EPRED.away_prob|DRAT.moneyline_home|DRAT.moneyline_away|SCHEDULE.home_spread|SCHEDULE.away_spread,TEXT_EQUALS,,,Disagree,0,Disagree,,,,,,,,,,,,169,94,75,55.62,48.09,62.9,51.48,4.14,5,100.0,4,4,100.0,POSITIVE,4.14,totals_actionable_findings.csv
HTE0305,1,1,,DRAT_EPRED_CONSENSUS,DRAT_PICK_EQUALS_EPRED_PICK,DRAT_EPRED_SHARED_SIDE,MEAN_DRAT_EPRED_SELECTED_PROB,Over,ProbBucket + MarketRole,ProbBucket=60-64.9% | MarketRole=Market Favorite,2,ProbBucket,FAMILY_SELECTED_PROB,USE_FAMILY_SELECTED_PROB,FAMILY_DEPENDENT,DRAT.home_prob|DRAT.away_prob|EPRED.home_prob|EPRED.away_prob|DRAT.moneyline_home|DRAT.moneyline_away|SCHEDULE.home_spread|SCHEDULE.away_spread,NUMERIC_RANGE,0.6,0.65,,0,60-64.9%,MarketRole,SELECTED_MARKET_ROLE,MARKET_ROLE_FOR_FAMILY_SELECTED_SIDE,DRAT|SCHEDULE,DRAT.moneyline_home|DRAT.moneyline_away|SCHEDULE.home_spread|SCHEDULE.away_spread,TEXT_EQUALS,,,Market Favorite,0,Market Favorite,226,101,125,44.69,38.35,51.21,48.81,-4.12,5,80.0,3,3,100.0,NEGATIVE,4.12,totals_actionable_findings.csv
HTE0306,1,1,,DRAT_EPRED_CONSENSUS,DRAT_PICK_EQUALS_EPRED_PICK,DRAT_EPRED_SHARED_SIDE,MEAN_DRAT_EPRED_SELECTED_PROB,Over,SelectedVsMarket + ProbBucket,SelectedVsMarket=Agree | ProbBucket=60-64.9%,2,SelectedVsMarket,FAMILY_VS_MARKET_AGREEMENT,COMPARE_FAMILY_PICK_TO_MARKET_PICK,DRAT|EPRED|SCHEDULE,DRAT.home_prob|DRAT.away_prob|EPRED.home_prob|EPRED.away_prob|DRAT.moneyline_home|DRAT.moneyline_away|SCHEDULE.home_spread|SCHEDULE.away_spread,TEXT_EQUALS,,,Agree,0,Agree,ProbBucket,FAMILY_SELECTED_PROB,USE_FAMILY_SELECTED_PROB,FAMILY_DEPENDENT,DRAT.home_prob|DRAT.away_prob|EPRED.home_prob|EPRED.away_prob|DRAT.moneyline_home|DRAT.moneyline_away|SCHEDULE.home_spread|SCHEDULE.away_spread,NUMERIC_RANGE,0.6,0.65,,0,60-64.9%,226,101,125,44.69,38.35,51.21,48.81,-4.12,5,80.0,3,3,100.0,NEGATIVE,4.12,totals_actionable_findings.csv
HTE0307,1,1,,DRAT_EPRED_CONSENSUS,DRAT_PICK_EQUALS_EPRED_PICK,DRAT_EPRED_SHARED_SIDE,MEAN_DRAT_EPRED_SELECTED_PROB,Under,ProbBucket + MarketRole,ProbBucket=60-64.9% | MarketRole=Market Favorite,2,ProbBucket,FAMILY_SELECTED_PROB,USE_FAMILY_SELECTED_PROB,FAMILY_DEPENDENT,DRAT.home_prob|DRAT.away_prob|EPRED.home_prob|EPRED.away_prob|DRAT.moneyline_home|DRAT.moneyline_away|SCHEDULE.home_spread|SCHEDULE.away_spread,NUMERIC_RANGE,0.6,0.65,,0,60-64.9%,MarketRole,SELECTED_MARKET_ROLE,MARKET_ROLE_FOR_FAMILY_SELECTED_SIDE,DRAT|SCHEDULE,DRAT.moneyline_home|DRAT.moneyline_away|SCHEDULE.home_spread|SCHEDULE.away_spread,TEXT_EQUALS,,,Market Favorite,0,Market Favorite,226,125,101,55.31,48.79,61.65,51.19,4.12,5,80.0,3,3,100.0,POSITIVE,4.12,totals_actionable_findings.csv
HTE0308,1,1,,DRAT_EPRED_CONSENSUS,DRAT_PICK_EQUALS_EPRED_PICK,DRAT_EPRED_SHARED_SIDE,MEAN_DRAT_EPRED_SELECTED_PROB,Under,SelectedVsMarket + ProbBucket,SelectedVsMarket=Agree | ProbBucket=60-64.9%,2,SelectedVsMarket,FAMILY_VS_MARKET_AGREEMENT,COMPARE_FAMILY_PICK_TO_MARKET_PICK,DRAT|EPRED|SCHEDULE,DRAT.home_prob|DRAT.away_prob|EPRED.home_prob|EPRED.away_prob|DRAT.moneyline_home|DRAT.moneyline_away|SCHEDULE.home_spread|SCHEDULE.away_spread,TEXT_EQUALS,,,Agree,0,Agree,ProbBucket,FAMILY_SELECTED_PROB,USE_FAMILY_SELECTED_PROB,FAMILY_DEPENDENT,DRAT.home_prob|DRAT.away_prob|EPRED.home_prob|EPRED.away_prob|DRAT.moneyline_home|DRAT.moneyline_away|SCHEDULE.home_spread|SCHEDULE.away_spread,NUMERIC_RANGE,0.6,0.65,,0,60-64.9%,226,125,101,55.31,48.79,61.65,51.19,4.12,5,80.0,3,3,100.0,POSITIVE,4.12,totals_actionable_findings.csv
HTE0309,1,1,,DRAT,DRAT_AVAILABLE,DRAT_MAX_PROB_SIDE,DRAT_MAX_PROB,Over,ProbBucket + MarketRole,ProbBucket=60-64.9% | MarketRole=Market Favorite,2,ProbBucket,FAMILY_SELECTED_PROB,USE_FAMILY_SELECTED_PROB,FAMILY_DEPENDENT,DRAT.home_prob|DRAT.away_prob|EPRED.home_prob|EPRED.away_prob|DRAT.moneyline_home|DRAT.moneyline_away|SCHEDULE.home_spread|SCHEDULE.away_spread,NUMERIC_RANGE,0.6,0.65,,0,60-64.9%,MarketRole,SELECTED_MARKET_ROLE,MARKET_ROLE_FOR_FAMILY_SELECTED_SIDE,DRAT|SCHEDULE,DRAT.moneyline_home|DRAT.moneyline_away|SCHEDULE.home_spread|SCHEDULE.away_spread,TEXT_EQUALS,,,Market Favorite,0,Market Favorite,225,100,125,44.44,38.1,50.98,48.52,-4.08,5,80.0,4,3,75.0,NEGATIVE,4.08,totals_actionable_findings.csv
HTE0310,1,1,,DRAT,DRAT_AVAILABLE,DRAT_MAX_PROB_SIDE,DRAT_MAX_PROB,Over,SelectedVsMarket + ProbBucket,SelectedVsMarket=Agree | ProbBucket=60-64.9%,2,SelectedVsMarket,FAMILY_VS_MARKET_AGREEMENT,COMPARE_FAMILY_PICK_TO_MARKET_PICK,DRAT|EPRED|SCHEDULE,DRAT.home_prob|DRAT.away_prob|EPRED.home_prob|EPRED.away_prob|DRAT.moneyline_home|DRAT.moneyline_away|SCHEDULE.home_spread|SCHEDULE.away_spread,TEXT_EQUALS,,,Agree,0,Agree,ProbBucket,FAMILY_SELECTED_PROB,USE_FAMILY_SELECTED_PROB,FAMILY_DEPENDENT,DRAT.home_prob|DRAT.away_prob|EPRED.home_prob|EPRED.away_prob|DRAT.moneyline_home|DRAT.moneyline_away|SCHEDULE.home_spread|SCHEDULE.away_spread,NUMERIC_RANGE,0.6,0.65,,0,60-64.9%,225,100,125,44.44,38.1,50.98,48.52,-4.08,5,80.0,4,3,75.0,NEGATIVE,4.08,totals_actionable_findings.csv
HTE0311,1,1,,DRAT,DRAT_AVAILABLE,DRAT_MAX_PROB_SIDE,DRAT_MAX_PROB,Under,ProbBucket + MarketRole,ProbBucket=60-64.9% | MarketRole=Market Favorite,2,ProbBucket,FAMILY_SELECTED_PROB,USE_FAMILY_SELECTED_PROB,FAMILY_DEPENDENT,DRAT.home_prob|DRAT.away_prob|EPRED.home_prob|EPRED.away_prob|DRAT.moneyline_home|DRAT.moneyline_away|SCHEDULE.home_spread|SCHEDULE.away_spread,NUMERIC_RANGE,0.6,0.65,,0,60-64.9%,MarketRole,SELECTED_MARKET_ROLE,MARKET_ROLE_FOR_FAMILY_SELECTED_SIDE,DRAT|SCHEDULE,DRAT.moneyline_home|DRAT.moneyline_away|SCHEDULE.home_spread|SCHEDULE.away_spread,TEXT_EQUALS,,,Market Favorite,0,Market Favorite,225,125,100,55.56,49.02,61.9,51.48,4.08,5,80.0,4,3,75.0,POSITIVE,4.08,totals_actionable_findings.csv
HTE0312,1,1,,DRAT,DRAT_AVAILABLE,DRAT_MAX_PROB_SIDE,DRAT_MAX_PROB,Under,SelectedVsMarket + ProbBucket,SelectedVsMarket=Agree | ProbBucket=60-64.9%,2,SelectedVsMarket,FAMILY_VS_MARKET_AGREEMENT,COMPARE_FAMILY_PICK_TO_MARKET_PICK,DRAT|EPRED|SCHEDULE,DRAT.home_prob|DRAT.away_prob|EPRED.home_prob|EPRED.away_prob|DRAT.moneyline_home|DRAT.moneyline_away|SCHEDULE.home_spread|SCHEDULE.away_spread,TEXT_EQUALS,,,Agree,0,Agree,ProbBucket,FAMILY_SELECTED_PROB,USE_FAMILY_SELECTED_PROB,FAMILY_DEPENDENT,DRAT.home_prob|DRAT.away_prob|EPRED.home_prob|EPRED.away_prob|DRAT.moneyline_home|DRAT.moneyline_away|SCHEDULE.home_spread|SCHEDULE.away_spread,NUMERIC_RANGE,0.6,0.65,,0,60-64.9%,225,125,100,55.56,49.02,61.9,51.48,4.08,5,80.0,4,3,75.0,POSITIVE,4.08,totals_actionable_findings.csv
HTE0313,1,1,,DRAT_EPRED_CONSENSUS,DRAT_PICK_EQUALS_EPRED_PICK,DRAT_EPRED_SHARED_SIDE,MEAN_DRAT_EPRED_SELECTED_PROB,Over,ProbBucket,ProbBucket=<55%,1,ProbBucket,FAMILY_SELECTED_PROB,USE_FAMILY_SELECTED_PROB,FAMILY_DEPENDENT,DRAT.home_prob|DRAT.away_prob|EPRED.home_prob|EPRED.away_prob|DRAT.moneyline_home|DRAT.moneyline_away|SCHEDULE.home_spread|SCHEDULE.away_spread,NUMERIC_RANGE,,0.55,,0,<55%,,,,,,,,,,,,134,60,74,44.78,36.62,53.22,48.81,-4.04,5,80.0,4,3,75.0,NEGATIVE,4.04,totals_actionable_findings.csv
HTE0314,1,1,,DRAT_EPRED_CONSENSUS,DRAT_PICK_EQUALS_EPRED_PICK,DRAT_EPRED_SHARED_SIDE,MEAN_DRAT_EPRED_SELECTED_PROB,Under,ProbBucket,ProbBucket=<55%,1,ProbBucket,FAMILY_SELECTED_PROB,USE_FAMILY_SELECTED_PROB,FAMILY_DEPENDENT,DRAT.home_prob|DRAT.away_prob|EPRED.home_prob|EPRED.away_prob|DRAT.moneyline_home|DRAT.moneyline_away|SCHEDULE.home_spread|SCHEDULE.away_spread,NUMERIC_RANGE,,0.55,,0,<55%,,,,,,,,,,,,134,74,60,55.22,46.78,63.38,51.19,4.04,5,80.0,4,3,75.0,POSITIVE,4.04,totals_actionable_findings.csv
HTE0315,1,1,,DRAT,DRAT_AVAILABLE,DRAT_MAX_PROB_SIDE,DRAT_MAX_PROB,Over,ProbBucket + RatingGapBucket,ProbBucket=70-74.9% | RatingGapBucket=3 to 5.9,2,ProbBucket,FAMILY_SELECTED_PROB,USE_FAMILY_SELECTED_PROB,FAMILY_DEPENDENT,DRAT.home_prob|DRAT.away_prob|EPRED.home_prob|EPRED.away_prob|DRAT.moneyline_home|DRAT.moneyline_away|SCHEDULE.home_spread|SCHEDULE.away_spread,NUMERIC_RANGE,0.7,0.75,,0,70-74.9%,RatingGapBucket,SELECTED_EPRED_RATING_GAP,EPRED_RATING_SELECTED_MINUS_OPPONENT,EPRED,EPRED.home_rating|EPRED.away_rating,NUMERIC_RANGE,3,6,,0,3 to 5.9,59,31,28,52.54,40.04,64.73,48.52,4.02,5,80.0,2,2,100.0,POSITIVE,4.02,totals_actionable_findings.csv
HTE0316,1,1,,DRAT,DRAT_AVAILABLE,DRAT_MAX_PROB_SIDE,DRAT_MAX_PROB,Under,ProbBucket + RatingGapBucket,ProbBucket=70-74.9% | RatingGapBucket=3 to 5.9,2,ProbBucket,FAMILY_SELECTED_PROB,USE_FAMILY_SELECTED_PROB,FAMILY_DEPENDENT,DRAT.home_prob|DRAT.away_prob|EPRED.home_prob|EPRED.away_prob|DRAT.moneyline_home|DRAT.moneyline_away|SCHEDULE.home_spread|SCHEDULE.away_spread,NUMERIC_RANGE,0.7,0.75,,0,70-74.9%,RatingGapBucket,SELECTED_EPRED_RATING_GAP,EPRED_RATING_SELECTED_MINUS_OPPONENT,EPRED,EPRED.home_rating|EPRED.away_rating,NUMERIC_RANGE,3,6,,0,3 to 5.9,59,28,31,47.46,35.27,59.96,51.48,-4.02,5,80.0,2,2,100.0,NEGATIVE,4.02,totals_actionable_findings.csv
HTE0317,1,1,,EPRED,EPRED_AVAILABLE,EPRED_NORMALIZED_MAX_PROB_SIDE,EPRED_NORMALIZED_MAX_PROB,Over,MarketRole,MarketRole=Market Underdog,1,MarketRole,SELECTED_MARKET_ROLE,MARKET_ROLE_FOR_FAMILY_SELECTED_SIDE,DRAT|SCHEDULE,DRAT.moneyline_home|DRAT.moneyline_away|SCHEDULE.home_spread|SCHEDULE.away_spread,TEXT_EQUALS,,,Market Underdog,0,Market Underdog,,,,,,,,,,,,166,74,92,44.58,37.22,52.18,48.52,-3.94,5,100.0,4,4,100.0,NEGATIVE,3.94,totals_actionable_findings.csv
HTE0318,1,1,,EPRED,EPRED_AVAILABLE,EPRED_NORMALIZED_MAX_PROB_SIDE,EPRED_NORMALIZED_MAX_PROB,Under,MarketRole,MarketRole=Market Underdog,1,MarketRole,SELECTED_MARKET_ROLE,MARKET_ROLE_FOR_FAMILY_SELECTED_SIDE,DRAT|SCHEDULE,DRAT.moneyline_home|DRAT.moneyline_away|SCHEDULE.home_spread|SCHEDULE.away_spread,TEXT_EQUALS,,,Market Underdog,0,Market Underdog,,,,,,,,,,,,166,92,74,55.42,47.82,62.78,51.48,3.94,5,100.0,4,4,100.0,POSITIVE,3.94,totals_actionable_findings.csv
HTE0319,1,1,,EPRED,EPRED_AVAILABLE,EPRED_NORMALIZED_MAX_PROB_SIDE,EPRED_NORMALIZED_MAX_PROB,Over,RatingGapBucket,RatingGapBucket=6 to 9.9,1,RatingGapBucket,SELECTED_EPRED_RATING_GAP,EPRED_RATING_SELECTED_MINUS_OPPONENT,EPRED,EPRED.home_rating|EPRED.away_rating,NUMERIC_RANGE,6,10,,0,6 to 9.9,,,,,,,,,,,,290,152,138,52.41,46.67,58.09,48.52,3.89,5,80.0,4,3,75.0,POSITIVE,3.89,totals_actionable_findings.csv
HTE0320,1,1,,EPRED,EPRED_AVAILABLE,EPRED_NORMALIZED_MAX_PROB_SIDE,EPRED_NORMALIZED_MAX_PROB,Under,RatingGapBucket,RatingGapBucket=6 to 9.9,1,RatingGapBucket,SELECTED_EPRED_RATING_GAP,EPRED_RATING_SELECTED_MINUS_OPPONENT,EPRED,EPRED.home_rating|EPRED.away_rating,NUMERIC_RANGE,6,10,,0,6 to 9.9,,,,,,,,,,,,290,138,152,47.59,41.91,53.33,51.48,-3.89,5,80.0,4,3,75.0,NEGATIVE,3.89,totals_actionable_findings.csv
HTE0321,1,1,,DRAT_EPRED_CONSENSUS,DRAT_PICK_EQUALS_EPRED_PICK,DRAT_EPRED_SHARED_SIDE,MEAN_DRAT_EPRED_SELECTED_PROB,Over,RatingGapBucket + MarketRole,RatingGapBucket=6 to 9.9 | MarketRole=Market Favorite,2,RatingGapBucket,SELECTED_EPRED_RATING_GAP,EPRED_RATING_SELECTED_MINUS_OPPONENT,EPRED,EPRED.home_rating|EPRED.away_rating,NUMERIC_RANGE,6,10,,0,6 to 9.9,MarketRole,SELECTED_MARKET_ROLE,MARKET_ROLE_FOR_FAMILY_SELECTED_SIDE,DRAT|SCHEDULE,DRAT.moneyline_home|DRAT.moneyline_away|SCHEDULE.home_spread|SCHEDULE.away_spread,TEXT_EQUALS,,,Market Favorite,0,Market Favorite,281,148,133,52.67,46.83,58.43,48.81,3.86,5,80.0,4,3,75.0,POSITIVE,3.86,totals_actionable_findings.csv
HTE0322,1,1,,DRAT_EPRED_CONSENSUS,DRAT_PICK_EQUALS_EPRED_PICK,DRAT_EPRED_SHARED_SIDE,MEAN_DRAT_EPRED_SELECTED_PROB,Over,SelectedVsMarket + RatingGapBucket,SelectedVsMarket=Agree | RatingGapBucket=6 to 9.9,2,SelectedVsMarket,FAMILY_VS_MARKET_AGREEMENT,COMPARE_FAMILY_PICK_TO_MARKET_PICK,DRAT|EPRED|SCHEDULE,DRAT.home_prob|DRAT.away_prob|EPRED.home_prob|EPRED.away_prob|DRAT.moneyline_home|DRAT.moneyline_away|SCHEDULE.home_spread|SCHEDULE.away_spread,TEXT_EQUALS,,,Agree,0,Agree,RatingGapBucket,SELECTED_EPRED_RATING_GAP,EPRED_RATING_SELECTED_MINUS_OPPONENT,EPRED,EPRED.home_rating|EPRED.away_rating,NUMERIC_RANGE,6,10,,0,6 to 9.9,281,148,133,52.67,46.83,58.43,48.81,3.86,5,80.0,4,3,75.0,POSITIVE,3.86,totals_actionable_findings.csv
HTE0323,1,1,,DRAT_EPRED_CONSENSUS,DRAT_PICK_EQUALS_EPRED_PICK,DRAT_EPRED_SHARED_SIDE,MEAN_DRAT_EPRED_SELECTED_PROB,Under,RatingGapBucket + MarketRole,RatingGapBucket=6 to 9.9 | MarketRole=Market Favorite,2,RatingGapBucket,SELECTED_EPRED_RATING_GAP,EPRED_RATING_SELECTED_MINUS_OPPONENT,EPRED,EPRED.home_rating|EPRED.away_rating,NUMERIC_RANGE,6,10,,0,6 to 9.9,MarketRole,SELECTED_MARKET_ROLE,MARKET_ROLE_FOR_FAMILY_SELECTED_SIDE,DRAT|SCHEDULE,DRAT.moneyline_home|DRAT.moneyline_away|SCHEDULE.home_spread|SCHEDULE.away_spread,TEXT_EQUALS,,,Market Favorite,0,Market Favorite,281,133,148,47.33,41.57,53.17,51.19,-3.86,5,80.0,4,3,75.0,NEGATIVE,3.86,totals_actionable_findings.csv
HTE0324,1,1,,DRAT_EPRED_CONSENSUS,DRAT_PICK_EQUALS_EPRED_PICK,DRAT_EPRED_SHARED_SIDE,MEAN_DRAT_EPRED_SELECTED_PROB,Under,SelectedVsMarket + RatingGapBucket,SelectedVsMarket=Agree | RatingGapBucket=6 to 9.9,2,SelectedVsMarket,FAMILY_VS_MARKET_AGREEMENT,COMPARE_FAMILY_PICK_TO_MARKET_PICK,DRAT|EPRED|SCHEDULE,DRAT.home_prob|DRAT.away_prob|EPRED.home_prob|EPRED.away_prob|DRAT.moneyline_home|DRAT.moneyline_away|SCHEDULE.home_spread|SCHEDULE.away_spread,TEXT_EQUALS,,,Agree,0,Agree,RatingGapBucket,SELECTED_EPRED_RATING_GAP,EPRED_RATING_SELECTED_MINUS_OPPONENT,EPRED,EPRED.home_rating|EPRED.away_rating,NUMERIC_RANGE,6,10,,0,6 to 9.9,281,133,148,47.33,41.57,53.17,51.19,-3.86,5,80.0,4,3,75.0,NEGATIVE,3.86,totals_actionable_findings.csv
HTE0325,1,1,,EPRED,EPRED_AVAILABLE,EPRED_NORMALIZED_MAX_PROB_SIDE,EPRED_NORMALIZED_MAX_PROB,Over,RatingGapBucket + SpreadBucket,RatingGapBucket=0 to 2.9 | SpreadBucket=Fav -0.5 to -2.5,2,RatingGapBucket,SELECTED_EPRED_RATING_GAP,EPRED_RATING_SELECTED_MINUS_OPPONENT,EPRED,EPRED.home_rating|EPRED.away_rating,NUMERIC_RANGE,0,3,,0,0 to 2.9,SpreadBucket,SELECTED_SPREAD,SPREAD_FOR_FAMILY_SELECTED_SIDE,SCHEDULE,SCHEDULE.home_spread|SCHEDULE.away_spread,NUMERIC_RANGE,-3,0,,0,Fav -0.5 to -2.5,170,76,94,44.71,37.43,52.21,48.52,-3.81,5,100.0,4,4,100.0,NEGATIVE,3.81,totals_actionable_findings.csv
HTE0326,1,1,,EPRED,EPRED_AVAILABLE,EPRED_NORMALIZED_MAX_PROB_SIDE,EPRED_NORMALIZED_MAX_PROB,Under,RatingGapBucket + SpreadBucket,RatingGapBucket=0 to 2.9 | SpreadBucket=Fav -0.5 to -2.5,2,RatingGapBucket,SELECTED_EPRED_RATING_GAP,EPRED_RATING_SELECTED_MINUS_OPPONENT,EPRED,EPRED.home_rating|EPRED.away_rating,NUMERIC_RANGE,0,3,,0,0 to 2.9,SpreadBucket,SELECTED_SPREAD,SPREAD_FOR_FAMILY_SELECTED_SIDE,SCHEDULE,SCHEDULE.home_spread|SCHEDULE.away_spread,NUMERIC_RANGE,-3,0,,0,Fav -0.5 to -2.5,170,94,76,55.29,47.79,62.57,51.48,3.81,5,100.0,4,4,100.0,POSITIVE,3.81,totals_actionable_findings.csv
HTE0327,1,1,,DRAT,DRAT_AVAILABLE,DRAT_MAX_PROB_SIDE,DRAT_MAX_PROB,Over,RatingGapBucket + MarketRole,RatingGapBucket=6 to 9.9 | MarketRole=Market Favorite,2,RatingGapBucket,SELECTED_EPRED_RATING_GAP,EPRED_RATING_SELECTED_MINUS_OPPONENT,EPRED,EPRED.home_rating|EPRED.away_rating,NUMERIC_RANGE,6,10,,0,6 to 9.9,MarketRole,SELECTED_MARKET_ROLE,MARKET_ROLE_FOR_FAMILY_SELECTED_SIDE,DRAT|SCHEDULE,DRAT.moneyline_home|DRAT.moneyline_away|SCHEDULE.home_spread|SCHEDULE.away_spread,TEXT_EQUALS,,,Market Favorite,0,Market Favorite,283,148,135,52.3,46.49,58.05,48.52,3.78,5,80.0,4,3,75.0,POSITIVE,3.78,totals_actionable_findings.csv
HTE0328,1,1,,DRAT,DRAT_AVAILABLE,DRAT_MAX_PROB_SIDE,DRAT_MAX_PROB,Over,SelectedVsMarket + RatingGapBucket,SelectedVsMarket=Agree | RatingGapBucket=6 to 9.9,2,SelectedVsMarket,FAMILY_VS_MARKET_AGREEMENT,COMPARE_FAMILY_PICK_TO_MARKET_PICK,DRAT|EPRED|SCHEDULE,DRAT.home_prob|DRAT.away_prob|EPRED.home_prob|EPRED.away_prob|DRAT.moneyline_home|DRAT.moneyline_away|SCHEDULE.home_spread|SCHEDULE.away_spread,TEXT_EQUALS,,,Agree,0,Agree,RatingGapBucket,SELECTED_EPRED_RATING_GAP,EPRED_RATING_SELECTED_MINUS_OPPONENT,EPRED,EPRED.home_rating|EPRED.away_rating,NUMERIC_RANGE,6,10,,0,6 to 9.9,283,148,135,52.3,46.49,58.05,48.52,3.78,5,80.0,4,3,75.0,POSITIVE,3.78,totals_actionable_findings.csv
HTE0329,1,1,,DRAT,DRAT_AVAILABLE,DRAT_MAX_PROB_SIDE,DRAT_MAX_PROB,Under,RatingGapBucket + MarketRole,RatingGapBucket=6 to 9.9 | MarketRole=Market Favorite,2,RatingGapBucket,SELECTED_EPRED_RATING_GAP,EPRED_RATING_SELECTED_MINUS_OPPONENT,EPRED,EPRED.home_rating|EPRED.away_rating,NUMERIC_RANGE,6,10,,0,6 to 9.9,MarketRole,SELECTED_MARKET_ROLE,MARKET_ROLE_FOR_FAMILY_SELECTED_SIDE,DRAT|SCHEDULE,DRAT.moneyline_home|DRAT.moneyline_away|SCHEDULE.home_spread|SCHEDULE.away_spread,TEXT_EQUALS,,,Market Favorite,0,Market Favorite,283,135,148,47.7,41.95,53.51,51.48,-3.78,5,80.0,4,3,75.0,NEGATIVE,3.78,totals_actionable_findings.csv
HTE0330,1,1,,DRAT,DRAT_AVAILABLE,DRAT_MAX_PROB_SIDE,DRAT_MAX_PROB,Under,SelectedVsMarket + RatingGapBucket,SelectedVsMarket=Agree | RatingGapBucket=6 to 9.9,2,SelectedVsMarket,FAMILY_VS_MARKET_AGREEMENT,COMPARE_FAMILY_PICK_TO_MARKET_PICK,DRAT|EPRED|SCHEDULE,DRAT.home_prob|DRAT.away_prob|EPRED.home_prob|EPRED.away_prob|DRAT.moneyline_home|DRAT.moneyline_away|SCHEDULE.home_spread|SCHEDULE.away_spread,TEXT_EQUALS,,,Agree,0,Agree,RatingGapBucket,SELECTED_EPRED_RATING_GAP,EPRED_RATING_SELECTED_MINUS_OPPONENT,EPRED,EPRED.home_rating|EPRED.away_rating,NUMERIC_RANGE,6,10,,0,6 to 9.9,283,135,148,47.7,41.95,53.51,51.48,-3.78,5,80.0,4,3,75.0,NEGATIVE,3.78,totals_actionable_findings.csv
HTE0331,1,1,,DRAT,DRAT_AVAILABLE,DRAT_MAX_PROB_SIDE,DRAT_MAX_PROB,Over,ProbBucket,ProbBucket=60-64.9%,1,ProbBucket,FAMILY_SELECTED_PROB,USE_FAMILY_SELECTED_PROB,FAMILY_DEPENDENT,DRAT.home_prob|DRAT.away_prob|EPRED.home_prob|EPRED.away_prob|DRAT.moneyline_home|DRAT.moneyline_away|SCHEDULE.home_spread|SCHEDULE.away_spread,NUMERIC_RANGE,0.6,0.65,,0,60-64.9%,,,,,,,,,,,,228,102,126,44.74,38.42,51.23,48.52,-3.78,5,80.0,4,3,75.0,NEGATIVE,3.78,totals_actionable_findings.csv
HTE0332,1,1,,DRAT,DRAT_AVAILABLE,DRAT_MAX_PROB_SIDE,DRAT_MAX_PROB,Under,ProbBucket,ProbBucket=60-64.9%,1,ProbBucket,FAMILY_SELECTED_PROB,USE_FAMILY_SELECTED_PROB,FAMILY_DEPENDENT,DRAT.home_prob|DRAT.away_prob|EPRED.home_prob|EPRED.away_prob|DRAT.moneyline_home|DRAT.moneyline_away|SCHEDULE.home_spread|SCHEDULE.away_spread,NUMERIC_RANGE,0.6,0.65,,0,60-64.9%,,,,,,,,,,,,228,126,102,55.26,48.77,61.58,51.48,3.78,5,80.0,4,3,75.0,POSITIVE,3.78,totals_actionable_findings.csv
HTE0333,1,1,,EPRED,EPRED_AVAILABLE,EPRED_NORMALIZED_MAX_PROB_SIDE,EPRED_NORMALIZED_MAX_PROB,Over,RatingGapBucket + MarketRole,RatingGapBucket=6 to 9.9 | MarketRole=Market Favorite,2,RatingGapBucket,SELECTED_EPRED_RATING_GAP,EPRED_RATING_SELECTED_MINUS_OPPONENT,EPRED,EPRED.home_rating|EPRED.away_rating,NUMERIC_RANGE,6,10,,0,6 to 9.9,MarketRole,SELECTED_MARKET_ROLE,MARKET_ROLE_FOR_FAMILY_SELECTED_SIDE,DRAT|SCHEDULE,DRAT.moneyline_home|DRAT.moneyline_away|SCHEDULE.home_spread|SCHEDULE.away_spread,TEXT_EQUALS,,,Market Favorite,0,Market Favorite,285,149,136,52.28,46.49,58.01,48.52,3.76,5,80.0,4,3,75.0,POSITIVE,3.76,totals_actionable_findings.csv
HTE0334,1,1,,EPRED,EPRED_AVAILABLE,EPRED_NORMALIZED_MAX_PROB_SIDE,EPRED_NORMALIZED_MAX_PROB,Over,SelectedVsMarket + RatingGapBucket,SelectedVsMarket=Agree | RatingGapBucket=6 to 9.9,2,SelectedVsMarket,FAMILY_VS_MARKET_AGREEMENT,COMPARE_FAMILY_PICK_TO_MARKET_PICK,DRAT|EPRED|SCHEDULE,DRAT.home_prob|DRAT.away_prob|EPRED.home_prob|EPRED.away_prob|DRAT.moneyline_home|DRAT.moneyline_away|SCHEDULE.home_spread|SCHEDULE.away_spread,TEXT_EQUALS,,,Agree,0,Agree,RatingGapBucket,SELECTED_EPRED_RATING_GAP,EPRED_RATING_SELECTED_MINUS_OPPONENT,EPRED,EPRED.home_rating|EPRED.away_rating,NUMERIC_RANGE,6,10,,0,6 to 9.9,285,149,136,52.28,46.49,58.01,48.52,3.76,5,80.0,4,3,75.0,POSITIVE,3.76,totals_actionable_findings.csv
HTE0335,1,1,,EPRED,EPRED_AVAILABLE,EPRED_NORMALIZED_MAX_PROB_SIDE,EPRED_NORMALIZED_MAX_PROB,Under,RatingGapBucket + MarketRole,RatingGapBucket=6 to 9.9 | MarketRole=Market Favorite,2,RatingGapBucket,SELECTED_EPRED_RATING_GAP,EPRED_RATING_SELECTED_MINUS_OPPONENT,EPRED,EPRED.home_rating|EPRED.away_rating,NUMERIC_RANGE,6,10,,0,6 to 9.9,MarketRole,SELECTED_MARKET_ROLE,MARKET_ROLE_FOR_FAMILY_SELECTED_SIDE,DRAT|SCHEDULE,DRAT.moneyline_home|DRAT.moneyline_away|SCHEDULE.home_spread|SCHEDULE.away_spread,TEXT_EQUALS,,,Market Favorite,0,Market Favorite,285,136,149,47.72,41.99,53.51,51.48,-3.76,5,80.0,4,3,75.0,NEGATIVE,3.76,totals_actionable_findings.csv
HTE0336,1,1,,EPRED,EPRED_AVAILABLE,EPRED_NORMALIZED_MAX_PROB_SIDE,EPRED_NORMALIZED_MAX_PROB,Under,SelectedVsMarket + RatingGapBucket,SelectedVsMarket=Agree | RatingGapBucket=6 to 9.9,2,SelectedVsMarket,FAMILY_VS_MARKET_AGREEMENT,COMPARE_FAMILY_PICK_TO_MARKET_PICK,DRAT|EPRED|SCHEDULE,DRAT.home_prob|DRAT.away_prob|EPRED.home_prob|EPRED.away_prob|DRAT.moneyline_home|DRAT.moneyline_away|SCHEDULE.home_spread|SCHEDULE.away_spread,TEXT_EQUALS,,,Agree,0,Agree,RatingGapBucket,SELECTED_EPRED_RATING_GAP,EPRED_RATING_SELECTED_MINUS_OPPONENT,EPRED,EPRED.home_rating|EPRED.away_rating,NUMERIC_RANGE,6,10,,0,6 to 9.9,285,136,149,47.72,41.99,53.51,51.48,-3.76,5,80.0,4,3,75.0,NEGATIVE,3.76,totals_actionable_findings.csv
HTE0337,1,1,,EPRED,EPRED_AVAILABLE,EPRED_NORMALIZED_MAX_PROB_SIDE,EPRED_NORMALIZED_MAX_PROB,Over,ProbBucket + MarketRole,ProbBucket=<55% | MarketRole=Market Underdog,2,ProbBucket,FAMILY_SELECTED_PROB,USE_FAMILY_SELECTED_PROB,FAMILY_DEPENDENT,DRAT.home_prob|DRAT.away_prob|EPRED.home_prob|EPRED.away_prob|DRAT.moneyline_home|DRAT.moneyline_away|SCHEDULE.home_spread|SCHEDULE.away_spread,NUMERIC_RANGE,,0.55,,0,<55%,MarketRole,SELECTED_MARKET_ROLE,MARKET_ROLE_FOR_FAMILY_SELECTED_SIDE,DRAT|SCHEDULE,DRAT.moneyline_home|DRAT.moneyline_away|SCHEDULE.home_spread|SCHEDULE.away_spread,TEXT_EQUALS,,,Market Underdog,0,Market Underdog,105,47,58,44.76,35.6,54.29,48.52,-3.76,5,100.0,4,4,100.0,NEGATIVE,3.76,totals_actionable_findings.csv
HTE0338,1,1,,EPRED,EPRED_AVAILABLE,EPRED_NORMALIZED_MAX_PROB_SIDE,EPRED_NORMALIZED_MAX_PROB,Under,ProbBucket + MarketRole,ProbBucket=<55% | MarketRole=Market Underdog,2,ProbBucket,FAMILY_SELECTED_PROB,USE_FAMILY_SELECTED_PROB,FAMILY_DEPENDENT,DRAT.home_prob|DRAT.away_prob|EPRED.home_prob|EPRED.away_prob|DRAT.moneyline_home|DRAT.moneyline_away|SCHEDULE.home_spread|SCHEDULE.away_spread,NUMERIC_RANGE,,0.55,,0,<55%,MarketRole,SELECTED_MARKET_ROLE,MARKET_ROLE_FOR_FAMILY_SELECTED_SIDE,DRAT|SCHEDULE,DRAT.moneyline_home|DRAT.moneyline_away|SCHEDULE.home_spread|SCHEDULE.away_spread,TEXT_EQUALS,,,Market Underdog,0,Market Underdog,105,58,47,55.24,45.71,64.4,51.48,3.76,5,100.0,4,4,100.0,POSITIVE,3.76,totals_actionable_findings.csv
HTE0339,1,1,,MARKET,MARKET_AVAILABLE,MARKET_NOVIG_SIDE_ELSE_SPREAD_SIDE,MARKET_NOVIG_SELECTED_PROB,Over,ProbBucket,ProbBucket=85-89.9%,1,ProbBucket,FAMILY_SELECTED_PROB,USE_FAMILY_SELECTED_PROB,FAMILY_DEPENDENT,DRAT.home_prob|DRAT.away_prob|EPRED.home_prob|EPRED.away_prob|DRAT.moneyline_home|DRAT.moneyline_away|SCHEDULE.home_spread|SCHEDULE.away_spread,NUMERIC_RANGE,0.85,0.9,,0,85-89.9%,,,,,,,,,,,,67,35,32,52.24,40.48,63.75,48.52,3.72,5,80.0,3,2,66.67,POSITIVE,3.72,totals_actionable_findings.csv
HTE0340,1,1,,MARKET,MARKET_AVAILABLE,MARKET_NOVIG_SIDE_ELSE_SPREAD_SIDE,MARKET_NOVIG_SELECTED_PROB,Over,ProbBucket + MarketRole,ProbBucket=85-89.9% | MarketRole=Market Favorite,2,ProbBucket,FAMILY_SELECTED_PROB,USE_FAMILY_SELECTED_PROB,FAMILY_DEPENDENT,DRAT.home_prob|DRAT.away_prob|EPRED.home_prob|EPRED.away_prob|DRAT.moneyline_home|DRAT.moneyline_away|SCHEDULE.home_spread|SCHEDULE.away_spread,NUMERIC_RANGE,0.85,0.9,,0,85-89.9%,MarketRole,SELECTED_MARKET_ROLE,MARKET_ROLE_FOR_FAMILY_SELECTED_SIDE,DRAT|SCHEDULE,DRAT.moneyline_home|DRAT.moneyline_away|SCHEDULE.home_spread|SCHEDULE.away_spread,TEXT_EQUALS,,,Market Favorite,0,Market Favorite,67,35,32,52.24,40.48,63.75,48.52,3.72,5,80.0,3,2,66.67,POSITIVE,3.72,totals_actionable_findings.csv
HTE0341,1,1,,MARKET,MARKET_AVAILABLE,MARKET_NOVIG_SIDE_ELSE_SPREAD_SIDE,MARKET_NOVIG_SELECTED_PROB,Over,ProbBucket + SpreadBucket,ProbBucket=85-89.9% | SpreadBucket=Fav -10+,2,ProbBucket,FAMILY_SELECTED_PROB,USE_FAMILY_SELECTED_PROB,FAMILY_DEPENDENT,DRAT.home_prob|DRAT.away_prob|EPRED.home_prob|EPRED.away_prob|DRAT.moneyline_home|DRAT.moneyline_away|SCHEDULE.home_spread|SCHEDULE.away_spread,NUMERIC_RANGE,0.85,0.9,,0,85-89.9%,SpreadBucket,SELECTED_SPREAD,SPREAD_FOR_FAMILY_SELECTED_SIDE,SCHEDULE,SCHEDULE.home_spread|SCHEDULE.away_spread,NUMERIC_RANGE,,-10,,0,Fav -10+,67,35,32,52.24,40.48,63.75,48.52,3.72,5,80.0,3,2,66.67,POSITIVE,3.72,totals_actionable_findings.csv
HTE0342,1,1,,MARKET,MARKET_AVAILABLE,MARKET_NOVIG_SIDE_ELSE_SPREAD_SIDE,MARKET_NOVIG_SELECTED_PROB,Over,SelectedVsMarket + ProbBucket,SelectedVsMarket=Agree | ProbBucket=85-89.9%,2,SelectedVsMarket,FAMILY_VS_MARKET_AGREEMENT,COMPARE_FAMILY_PICK_TO_MARKET_PICK,DRAT|EPRED|SCHEDULE,DRAT.home_prob|DRAT.away_prob|EPRED.home_prob|EPRED.away_prob|DRAT.moneyline_home|DRAT.moneyline_away|SCHEDULE.home_spread|SCHEDULE.away_spread,TEXT_EQUALS,,,Agree,0,Agree,ProbBucket,FAMILY_SELECTED_PROB,USE_FAMILY_SELECTED_PROB,FAMILY_DEPENDENT,DRAT.home_prob|DRAT.away_prob|EPRED.home_prob|EPRED.away_prob|DRAT.moneyline_home|DRAT.moneyline_away|SCHEDULE.home_spread|SCHEDULE.away_spread,NUMERIC_RANGE,0.85,0.9,,0,85-89.9%,67,35,32,52.24,40.48,63.75,48.52,3.72,5,80.0,3,2,66.67,POSITIVE,3.72,totals_actionable_findings.csv
HTE0343,1,1,,MARKET,MARKET_AVAILABLE,MARKET_NOVIG_SIDE_ELSE_SPREAD_SIDE,MARKET_NOVIG_SELECTED_PROB,Under,ProbBucket,ProbBucket=85-89.9%,1,ProbBucket,FAMILY_SELECTED_PROB,USE_FAMILY_SELECTED_PROB,FAMILY_DEPENDENT,DRAT.home_prob|DRAT.away_prob|EPRED.home_prob|EPRED.away_prob|DRAT.moneyline_home|DRAT.moneyline_away|SCHEDULE.home_spread|SCHEDULE.away_spread,NUMERIC_RANGE,0.85,0.9,,0,85-89.9%,,,,,,,,,,,,67,32,35,47.76,36.25,59.52,51.48,-3.72,5,80.0,3,2,66.67,NEGATIVE,3.72,totals_actionable_findings.csv
HTE0344,1,1,,MARKET,MARKET_AVAILABLE,MARKET_NOVIG_SIDE_ELSE_SPREAD_SIDE,MARKET_NOVIG_SELECTED_PROB,Under,ProbBucket + MarketRole,ProbBucket=85-89.9% | MarketRole=Market Favorite,2,ProbBucket,FAMILY_SELECTED_PROB,USE_FAMILY_SELECTED_PROB,FAMILY_DEPENDENT,DRAT.home_prob|DRAT.away_prob|EPRED.home_prob|EPRED.away_prob|DRAT.moneyline_home|DRAT.moneyline_away|SCHEDULE.home_spread|SCHEDULE.away_spread,NUMERIC_RANGE,0.85,0.9,,0,85-89.9%,MarketRole,SELECTED_MARKET_ROLE,MARKET_ROLE_FOR_FAMILY_SELECTED_SIDE,DRAT|SCHEDULE,DRAT.moneyline_home|DRAT.moneyline_away|SCHEDULE.home_spread|SCHEDULE.away_spread,TEXT_EQUALS,,,Market Favorite,0,Market Favorite,67,32,35,47.76,36.25,59.52,51.48,-3.72,5,80.0,3,2,66.67,NEGATIVE,3.72,totals_actionable_findings.csv
HTE0345,1,1,,MARKET,MARKET_AVAILABLE,MARKET_NOVIG_SIDE_ELSE_SPREAD_SIDE,MARKET_NOVIG_SELECTED_PROB,Under,ProbBucket + SpreadBucket,ProbBucket=85-89.9% | SpreadBucket=Fav -10+,2,ProbBucket,FAMILY_SELECTED_PROB,USE_FAMILY_SELECTED_PROB,FAMILY_DEPENDENT,DRAT.home_prob|DRAT.away_prob|EPRED.home_prob|EPRED.away_prob|DRAT.moneyline_home|DRAT.moneyline_away|SCHEDULE.home_spread|SCHEDULE.away_spread,NUMERIC_RANGE,0.85,0.9,,0,85-89.9%,SpreadBucket,SELECTED_SPREAD,SPREAD_FOR_FAMILY_SELECTED_SIDE,SCHEDULE,SCHEDULE.home_spread|SCHEDULE.away_spread,NUMERIC_RANGE,,-10,,0,Fav -10+,67,32,35,47.76,36.25,59.52,51.48,-3.72,5,80.0,3,2,66.67,NEGATIVE,3.72,totals_actionable_findings.csv
HTE0346,1,1,,MARKET,MARKET_AVAILABLE,MARKET_NOVIG_SIDE_ELSE_SPREAD_SIDE,MARKET_NOVIG_SELECTED_PROB,Under,SelectedVsMarket + ProbBucket,SelectedVsMarket=Agree | ProbBucket=85-89.9%,2,SelectedVsMarket,FAMILY_VS_MARKET_AGREEMENT,COMPARE_FAMILY_PICK_TO_MARKET_PICK,DRAT|EPRED|SCHEDULE,DRAT.home_prob|DRAT.away_prob|EPRED.home_prob|EPRED.away_prob|DRAT.moneyline_home|DRAT.moneyline_away|SCHEDULE.home_spread|SCHEDULE.away_spread,TEXT_EQUALS,,,Agree,0,Agree,ProbBucket,FAMILY_SELECTED_PROB,USE_FAMILY_SELECTED_PROB,FAMILY_DEPENDENT,DRAT.home_prob|DRAT.away_prob|EPRED.home_prob|EPRED.away_prob|DRAT.moneyline_home|DRAT.moneyline_away|SCHEDULE.home_spread|SCHEDULE.away_spread,NUMERIC_RANGE,0.85,0.9,,0,85-89.9%,67,32,35,47.76,36.25,59.52,51.48,-3.72,5,80.0,3,2,66.67,NEGATIVE,3.72,totals_actionable_findings.csv
HTE0347,1,1,,DRAT_EPRED_CONSENSUS,DRAT_PICK_EQUALS_EPRED_PICK,DRAT_EPRED_SHARED_SIDE,MEAN_DRAT_EPRED_SELECTED_PROB,Over,RatingGapBucket,RatingGapBucket=6 to 9.9,1,RatingGapBucket,SELECTED_EPRED_RATING_GAP,EPRED_RATING_SELECTED_MINUS_OPPONENT,EPRED,EPRED.home_rating|EPRED.away_rating,NUMERIC_RANGE,6,10,,0,6 to 9.9,,,,,,,,,,,,284,149,135,52.46,46.66,58.2,48.81,3.65,5,80.0,4,3,75.0,POSITIVE,3.65,totals_actionable_findings.csv
HTE0348,1,1,,DRAT_EPRED_CONSENSUS,DRAT_PICK_EQUALS_EPRED_PICK,DRAT_EPRED_SHARED_SIDE,MEAN_DRAT_EPRED_SELECTED_PROB,Under,RatingGapBucket,RatingGapBucket=6 to 9.9,1,RatingGapBucket,SELECTED_EPRED_RATING_GAP,EPRED_RATING_SELECTED_MINUS_OPPONENT,EPRED,EPRED.home_rating|EPRED.away_rating,NUMERIC_RANGE,6,10,,0,6 to 9.9,,,,,,,,,,,,284,135,149,47.54,41.8,53.34,51.19,-3.65,5,80.0,4,3,75.0,NEGATIVE,3.65,totals_actionable_findings.csv
HTE0349,1,1,,DRAT,DRAT_AVAILABLE,DRAT_MAX_PROB_SIDE,DRAT_MAX_PROB,Over,RatingGapBucket,RatingGapBucket=6 to 9.9,1,RatingGapBucket,SELECTED_EPRED_RATING_GAP,EPRED_RATING_SELECTED_MINUS_OPPONENT,EPRED,EPRED.home_rating|EPRED.away_rating,NUMERIC_RANGE,6,10,,0,6 to 9.9,,,,,,,,,,,,286,149,137,52.1,46.32,57.82,48.52,3.58,5,80.0,4,3,75.0,POSITIVE,3.58,totals_actionable_findings.csv
HTE0350,1,1,,DRAT,DRAT_AVAILABLE,DRAT_MAX_PROB_SIDE,DRAT_MAX_PROB,Under,RatingGapBucket,RatingGapBucket=6 to 9.9,1,RatingGapBucket,SELECTED_EPRED_RATING_GAP,EPRED_RATING_SELECTED_MINUS_OPPONENT,EPRED,EPRED.home_rating|EPRED.away_rating,NUMERIC_RANGE,6,10,,0,6 to 9.9,,,,,,,,,,,,286,137,149,47.9,42.18,53.68,51.48,-3.58,5,80.0,4,3,75.0,NEGATIVE,3.58,totals_actionable_findings.csv
HTE0351,1,1,,ALL3_CONSENSUS,DRAT_PICK_EQUALS_EPRED_PICK_EQUALS_MARKET_PICK,DRAT_EPRED_MARKET_SHARED_SIDE,MEAN_DRAT_EPRED_MARKET_SELECTED_PROB,Over,RatingGapBucket,RatingGapBucket=3 to 5.9,1,RatingGapBucket,SELECTED_EPRED_RATING_GAP,EPRED_RATING_SELECTED_MINUS_OPPONENT,EPRED,EPRED.home_rating|EPRED.away_rating,NUMERIC_RANGE,3,6,,0,3 to 5.9,,,,,,,,,,,,324,149,175,45.99,40.64,51.43,49.44,-3.45,5,80.0,4,3,75.0,NEGATIVE,3.45,totals_actionable_findings.csv
HTE0352,1,1,,ALL3_CONSENSUS,DRAT_PICK_EQUALS_EPRED_PICK_EQUALS_MARKET_PICK,DRAT_EPRED_MARKET_SHARED_SIDE,MEAN_DRAT_EPRED_MARKET_SELECTED_PROB,Over,RatingGapBucket + MarketRole,RatingGapBucket=3 to 5.9 | MarketRole=Market Favorite,2,RatingGapBucket,SELECTED_EPRED_RATING_GAP,EPRED_RATING_SELECTED_MINUS_OPPONENT,EPRED,EPRED.home_rating|EPRED.away_rating,NUMERIC_RANGE,3,6,,0,3 to 5.9,MarketRole,SELECTED_MARKET_ROLE,MARKET_ROLE_FOR_FAMILY_SELECTED_SIDE,DRAT|SCHEDULE,DRAT.moneyline_home|DRAT.moneyline_away|SCHEDULE.home_spread|SCHEDULE.away_spread,TEXT_EQUALS,,,Market Favorite,0,Market Favorite,324,149,175,45.99,40.64,51.43,49.44,-3.45,5,80.0,4,3,75.0,NEGATIVE,3.45,totals_actionable_findings.csv
HTE0353,1,1,,ALL3_CONSENSUS,DRAT_PICK_EQUALS_EPRED_PICK_EQUALS_MARKET_PICK,DRAT_EPRED_MARKET_SHARED_SIDE,MEAN_DRAT_EPRED_MARKET_SELECTED_PROB,Over,SelectedVsMarket + RatingGapBucket,SelectedVsMarket=Agree | RatingGapBucket=3 to 5.9,2,SelectedVsMarket,FAMILY_VS_MARKET_AGREEMENT,COMPARE_FAMILY_PICK_TO_MARKET_PICK,DRAT|EPRED|SCHEDULE,DRAT.home_prob|DRAT.away_prob|EPRED.home_prob|EPRED.away_prob|DRAT.moneyline_home|DRAT.moneyline_away|SCHEDULE.home_spread|SCHEDULE.away_spread,TEXT_EQUALS,,,Agree,0,Agree,RatingGapBucket,SELECTED_EPRED_RATING_GAP,EPRED_RATING_SELECTED_MINUS_OPPONENT,EPRED,EPRED.home_rating|EPRED.away_rating,NUMERIC_RANGE,3,6,,0,3 to 5.9,324,149,175,45.99,40.64,51.43,49.44,-3.45,5,80.0,4,3,75.0,NEGATIVE,3.45,totals_actionable_findings.csv
HTE0354,1,1,,ALL3_CONSENSUS,DRAT_PICK_EQUALS_EPRED_PICK_EQUALS_MARKET_PICK,DRAT_EPRED_MARKET_SHARED_SIDE,MEAN_DRAT_EPRED_MARKET_SELECTED_PROB,Under,RatingGapBucket,RatingGapBucket=3 to 5.9,1,RatingGapBucket,SELECTED_EPRED_RATING_GAP,EPRED_RATING_SELECTED_MINUS_OPPONENT,EPRED,EPRED.home_rating|EPRED.away_rating,NUMERIC_RANGE,3,6,,0,3 to 5.9,,,,,,,,,,,,324,175,149,54.01,48.57,59.36,50.56,3.45,5,80.0,4,3,75.0,POSITIVE,3.45,totals_actionable_findings.csv
HTE0355,1,1,,ALL3_CONSENSUS,DRAT_PICK_EQUALS_EPRED_PICK_EQUALS_MARKET_PICK,DRAT_EPRED_MARKET_SHARED_SIDE,MEAN_DRAT_EPRED_MARKET_SELECTED_PROB,Under,RatingGapBucket + MarketRole,RatingGapBucket=3 to 5.9 | MarketRole=Market Favorite,2,RatingGapBucket,SELECTED_EPRED_RATING_GAP,EPRED_RATING_SELECTED_MINUS_OPPONENT,EPRED,EPRED.home_rating|EPRED.away_rating,NUMERIC_RANGE,3,6,,0,3 to 5.9,MarketRole,SELECTED_MARKET_ROLE,MARKET_ROLE_FOR_FAMILY_SELECTED_SIDE,DRAT|SCHEDULE,DRAT.moneyline_home|DRAT.moneyline_away|SCHEDULE.home_spread|SCHEDULE.away_spread,TEXT_EQUALS,,,Market Favorite,0,Market Favorite,324,175,149,54.01,48.57,59.36,50.56,3.45,5,80.0,4,3,75.0,POSITIVE,3.45,totals_actionable_findings.csv
HTE0356,1,1,,ALL3_CONSENSUS,DRAT_PICK_EQUALS_EPRED_PICK_EQUALS_MARKET_PICK,DRAT_EPRED_MARKET_SHARED_SIDE,MEAN_DRAT_EPRED_MARKET_SELECTED_PROB,Under,SelectedVsMarket + RatingGapBucket,SelectedVsMarket=Agree | RatingGapBucket=3 to 5.9,2,SelectedVsMarket,FAMILY_VS_MARKET_AGREEMENT,COMPARE_FAMILY_PICK_TO_MARKET_PICK,DRAT|EPRED|SCHEDULE,DRAT.home_prob|DRAT.away_prob|EPRED.home_prob|EPRED.away_prob|DRAT.moneyline_home|DRAT.moneyline_away|SCHEDULE.home_spread|SCHEDULE.away_spread,TEXT_EQUALS,,,Agree,0,Agree,RatingGapBucket,SELECTED_EPRED_RATING_GAP,EPRED_RATING_SELECTED_MINUS_OPPONENT,EPRED,EPRED.home_rating|EPRED.away_rating,NUMERIC_RANGE,3,6,,0,3 to 5.9,324,175,149,54.01,48.57,59.36,50.56,3.45,5,80.0,4,3,75.0,POSITIVE,3.45,totals_actionable_findings.csv
HTE0357,1,1,,EPRED,EPRED_AVAILABLE,EPRED_NORMALIZED_MAX_PROB_SIDE,EPRED_NORMALIZED_MAX_PROB,Over,RatingGapBucket + MarketRole,RatingGapBucket=0 to 2.9 | MarketRole=Market Underdog,2,RatingGapBucket,SELECTED_EPRED_RATING_GAP,EPRED_RATING_SELECTED_MINUS_OPPONENT,EPRED,EPRED.home_rating|EPRED.away_rating,NUMERIC_RANGE,0,3,,0,0 to 2.9,MarketRole,SELECTED_MARKET_ROLE,MARKET_ROLE_FOR_FAMILY_SELECTED_SIDE,DRAT|SCHEDULE,DRAT.moneyline_home|DRAT.moneyline_away|SCHEDULE.home_spread|SCHEDULE.away_spread,TEXT_EQUALS,,,Market Underdog,0,Market Underdog,71,32,39,45.07,34.05,56.6,48.52,-3.45,5,80.0,3,2,66.67,NEGATIVE,3.45,totals_actionable_findings.csv
HTE0358,1,1,,EPRED,EPRED_AVAILABLE,EPRED_NORMALIZED_MAX_PROB_SIDE,EPRED_NORMALIZED_MAX_PROB,Under,RatingGapBucket + MarketRole,RatingGapBucket=0 to 2.9 | MarketRole=Market Underdog,2,RatingGapBucket,SELECTED_EPRED_RATING_GAP,EPRED_RATING_SELECTED_MINUS_OPPONENT,EPRED,EPRED.home_rating|EPRED.away_rating,NUMERIC_RANGE,0,3,,0,0 to 2.9,MarketRole,SELECTED_MARKET_ROLE,MARKET_ROLE_FOR_FAMILY_SELECTED_SIDE,DRAT|SCHEDULE,DRAT.moneyline_home|DRAT.moneyline_away|SCHEDULE.home_spread|SCHEDULE.away_spread,TEXT_EQUALS,,,Market Underdog,0,Market Underdog,71,39,32,54.93,43.4,65.95,51.48,3.45,5,80.0,3,2,66.67,POSITIVE,3.45,totals_actionable_findings.csv
HTE0359,1,1,,EPRED,EPRED_AVAILABLE,EPRED_NORMALIZED_MAX_PROB_SIDE,EPRED_NORMALIZED_MAX_PROB,Over,SpreadBucket,SpreadBucket=Fav -10+,1,SpreadBucket,SELECTED_SPREAD,SPREAD_FOR_FAMILY_SELECTED_SIDE,SCHEDULE,SCHEDULE.home_spread|SCHEDULE.away_spread,NUMERIC_RANGE,,-10,,0,Fav -10+,,,,,,,,,,,,129,67,62,51.94,43.39,60.38,48.52,3.42,5,100.0,4,4,100.0,POSITIVE,3.42,totals_actionable_findings.csv
HTE0360,1,1,,EPRED,EPRED_AVAILABLE,EPRED_NORMALIZED_MAX_PROB_SIDE,EPRED_NORMALIZED_MAX_PROB,Under,SpreadBucket,SpreadBucket=Fav -10+,1,SpreadBucket,SELECTED_SPREAD,SPREAD_FOR_FAMILY_SELECTED_SIDE,SCHEDULE,SCHEDULE.home_spread|SCHEDULE.away_spread,NUMERIC_RANGE,,-10,,0,Fav -10+,,,,,,,,,,,,129,62,67,48.06,39.62,56.61,51.48,-3.42,5,100.0,4,4,100.0,NEGATIVE,3.42,totals_actionable_findings.csv
HTE0361,1,1,,MARKET,MARKET_AVAILABLE,MARKET_NOVIG_SIDE_ELSE_SPREAD_SIDE,MARKET_NOVIG_SELECTED_PROB,Over,RatingGapBucket,RatingGapBucket=6 to 9.9,1,RatingGapBucket,SELECTED_EPRED_RATING_GAP,EPRED_RATING_SELECTED_MINUS_OPPONENT,EPRED,EPRED.home_rating|EPRED.away_rating,NUMERIC_RANGE,6,10,,0,6 to 9.9,,,,,,,,,,,,287,149,138,51.92,46.15,57.63,48.52,3.4,5,80.0,4,3,75.0,POSITIVE,3.40,totals_actionable_findings.csv
HTE0362,1,1,,MARKET,MARKET_AVAILABLE,MARKET_NOVIG_SIDE_ELSE_SPREAD_SIDE,MARKET_NOVIG_SELECTED_PROB,Over,RatingGapBucket + MarketRole,RatingGapBucket=6 to 9.9 | MarketRole=Market Favorite,2,RatingGapBucket,SELECTED_EPRED_RATING_GAP,EPRED_RATING_SELECTED_MINUS_OPPONENT,EPRED,EPRED.home_rating|EPRED.away_rating,NUMERIC_RANGE,6,10,,0,6 to 9.9,MarketRole,SELECTED_MARKET_ROLE,MARKET_ROLE_FOR_FAMILY_SELECTED_SIDE,DRAT|SCHEDULE,DRAT.moneyline_home|DRAT.moneyline_away|SCHEDULE.home_spread|SCHEDULE.away_spread,TEXT_EQUALS,,,Market Favorite,0,Market Favorite,287,149,138,51.92,46.15,57.63,48.52,3.4,5,80.0,4,3,75.0,POSITIVE,3.40,totals_actionable_findings.csv
HTE0363,1,1,,MARKET,MARKET_AVAILABLE,MARKET_NOVIG_SIDE_ELSE_SPREAD_SIDE,MARKET_NOVIG_SELECTED_PROB,Over,SelectedVsMarket + RatingGapBucket,SelectedVsMarket=Agree | RatingGapBucket=6 to 9.9,2,SelectedVsMarket,FAMILY_VS_MARKET_AGREEMENT,COMPARE_FAMILY_PICK_TO_MARKET_PICK,DRAT|EPRED|SCHEDULE,DRAT.home_prob|DRAT.away_prob|EPRED.home_prob|EPRED.away_prob|DRAT.moneyline_home|DRAT.moneyline_away|SCHEDULE.home_spread|SCHEDULE.away_spread,TEXT_EQUALS,,,Agree,0,Agree,RatingGapBucket,SELECTED_EPRED_RATING_GAP,EPRED_RATING_SELECTED_MINUS_OPPONENT,EPRED,EPRED.home_rating|EPRED.away_rating,NUMERIC_RANGE,6,10,,0,6 to 9.9,287,149,138,51.92,46.15,57.63,48.52,3.4,5,80.0,4,3,75.0,POSITIVE,3.40,totals_actionable_findings.csv
HTE0364,1,1,,MARKET,MARKET_AVAILABLE,MARKET_NOVIG_SIDE_ELSE_SPREAD_SIDE,MARKET_NOVIG_SELECTED_PROB,Under,RatingGapBucket,RatingGapBucket=6 to 9.9,1,RatingGapBucket,SELECTED_EPRED_RATING_GAP,EPRED_RATING_SELECTED_MINUS_OPPONENT,EPRED,EPRED.home_rating|EPRED.away_rating,NUMERIC_RANGE,6,10,,0,6 to 9.9,,,,,,,,,,,,287,138,149,48.08,42.37,53.85,51.48,-3.4,5,80.0,4,3,75.0,NEGATIVE,3.40,totals_actionable_findings.csv
HTE0365,1,1,,MARKET,MARKET_AVAILABLE,MARKET_NOVIG_SIDE_ELSE_SPREAD_SIDE,MARKET_NOVIG_SELECTED_PROB,Under,RatingGapBucket + MarketRole,RatingGapBucket=6 to 9.9 | MarketRole=Market Favorite,2,RatingGapBucket,SELECTED_EPRED_RATING_GAP,EPRED_RATING_SELECTED_MINUS_OPPONENT,EPRED,EPRED.home_rating|EPRED.away_rating,NUMERIC_RANGE,6,10,,0,6 to 9.9,MarketRole,SELECTED_MARKET_ROLE,MARKET_ROLE_FOR_FAMILY_SELECTED_SIDE,DRAT|SCHEDULE,DRAT.moneyline_home|DRAT.moneyline_away|SCHEDULE.home_spread|SCHEDULE.away_spread,TEXT_EQUALS,,,Market Favorite,0,Market Favorite,287,138,149,48.08,42.37,53.85,51.48,-3.4,5,80.0,4,3,75.0,NEGATIVE,3.40,totals_actionable_findings.csv
HTE0366,1,1,,MARKET,MARKET_AVAILABLE,MARKET_NOVIG_SIDE_ELSE_SPREAD_SIDE,MARKET_NOVIG_SELECTED_PROB,Under,SelectedVsMarket + RatingGapBucket,SelectedVsMarket=Agree | RatingGapBucket=6 to 9.9,2,SelectedVsMarket,FAMILY_VS_MARKET_AGREEMENT,COMPARE_FAMILY_PICK_TO_MARKET_PICK,DRAT|EPRED|SCHEDULE,DRAT.home_prob|DRAT.away_prob|EPRED.home_prob|EPRED.away_prob|DRAT.moneyline_home|DRAT.moneyline_away|SCHEDULE.home_spread|SCHEDULE.away_spread,TEXT_EQUALS,,,Agree,0,Agree,RatingGapBucket,SELECTED_EPRED_RATING_GAP,EPRED_RATING_SELECTED_MINUS_OPPONENT,EPRED,EPRED.home_rating|EPRED.away_rating,NUMERIC_RANGE,6,10,,0,6 to 9.9,287,138,149,48.08,42.37,53.85,51.48,-3.4,5,80.0,4,3,75.0,NEGATIVE,3.40,totals_actionable_findings.csv
HTE0367,1,1,,EPRED,EPRED_AVAILABLE,EPRED_NORMALIZED_MAX_PROB_SIDE,EPRED_NORMALIZED_MAX_PROB,Over,SelectedVsMarket + RatingGapBucket,SelectedVsMarket=Disagree | RatingGapBucket=0 to 2.9,2,SelectedVsMarket,FAMILY_VS_MARKET_AGREEMENT,COMPARE_FAMILY_PICK_TO_MARKET_PICK,DRAT|EPRED|SCHEDULE,DRAT.home_prob|DRAT.away_prob|EPRED.home_prob|EPRED.away_prob|DRAT.moneyline_home|DRAT.moneyline_away|SCHEDULE.home_spread|SCHEDULE.away_spread,TEXT_EQUALS,,,Disagree,0,Disagree,RatingGapBucket,SELECTED_EPRED_RATING_GAP,EPRED_RATING_SELECTED_MINUS_OPPONENT,EPRED,EPRED.home_rating|EPRED.away_rating,NUMERIC_RANGE,0,3,,0,0 to 2.9,73,33,40,45.21,34.31,56.58,48.52,-3.31,5,80.0,3,2,66.67,NEGATIVE,3.31,totals_actionable_findings.csv
HTE0368,1,1,,EPRED,EPRED_AVAILABLE,EPRED_NORMALIZED_MAX_PROB_SIDE,EPRED_NORMALIZED_MAX_PROB,Under,SelectedVsMarket + RatingGapBucket,SelectedVsMarket=Disagree | RatingGapBucket=0 to 2.9,2,SelectedVsMarket,FAMILY_VS_MARKET_AGREEMENT,COMPARE_FAMILY_PICK_TO_MARKET_PICK,DRAT|EPRED|SCHEDULE,DRAT.home_prob|DRAT.away_prob|EPRED.home_prob|EPRED.away_prob|DRAT.moneyline_home|DRAT.moneyline_away|SCHEDULE.home_spread|SCHEDULE.away_spread,TEXT_EQUALS,,,Disagree,0,Disagree,RatingGapBucket,SELECTED_EPRED_RATING_GAP,EPRED_RATING_SELECTED_MINUS_OPPONENT,EPRED,EPRED.home_rating|EPRED.away_rating,NUMERIC_RANGE,0,3,,0,0 to 2.9,73,40,33,54.79,43.42,65.69,51.48,3.31,5,80.0,3,2,66.67,POSITIVE,3.31,totals_actionable_findings.csv
HTE0369,1,1,,EPRED,EPRED_AVAILABLE,EPRED_NORMALIZED_MAX_PROB_SIDE,EPRED_NORMALIZED_MAX_PROB,Over,SelectedVsMarket + ProbBucket,SelectedVsMarket=Disagree | ProbBucket=<55%,2,SelectedVsMarket,FAMILY_VS_MARKET_AGREEMENT,COMPARE_FAMILY_PICK_TO_MARKET_PICK,DRAT|EPRED|SCHEDULE,DRAT.home_prob|DRAT.away_prob|EPRED.home_prob|EPRED.away_prob|DRAT.moneyline_home|DRAT.moneyline_away|SCHEDULE.home_spread|SCHEDULE.away_spread,TEXT_EQUALS,,,Disagree,0,Disagree,ProbBucket,FAMILY_SELECTED_PROB,USE_FAMILY_SELECTED_PROB,FAMILY_DEPENDENT,DRAT.home_prob|DRAT.away_prob|EPRED.home_prob|EPRED.away_prob|DRAT.moneyline_home|DRAT.moneyline_away|SCHEDULE.home_spread|SCHEDULE.away_spread,NUMERIC_RANGE,,0.55,,0,<55%,106,48,58,45.28,36.14,54.76,48.52,-3.24,5,100.0,4,4,100.0,NEGATIVE,3.24,totals_actionable_findings.csv
HTE0370,1,1,,EPRED,EPRED_AVAILABLE,EPRED_NORMALIZED_MAX_PROB_SIDE,EPRED_NORMALIZED_MAX_PROB,Under,SelectedVsMarket + ProbBucket,SelectedVsMarket=Disagree | ProbBucket=<55%,2,SelectedVsMarket,FAMILY_VS_MARKET_AGREEMENT,COMPARE_FAMILY_PICK_TO_MARKET_PICK,DRAT|EPRED|SCHEDULE,DRAT.home_prob|DRAT.away_prob|EPRED.home_prob|EPRED.away_prob|DRAT.moneyline_home|DRAT.moneyline_away|SCHEDULE.home_spread|SCHEDULE.away_spread,TEXT_EQUALS,,,Disagree,0,Disagree,ProbBucket,FAMILY_SELECTED_PROB,USE_FAMILY_SELECTED_PROB,FAMILY_DEPENDENT,DRAT.home_prob|DRAT.away_prob|EPRED.home_prob|EPRED.away_prob|DRAT.moneyline_home|DRAT.moneyline_away|SCHEDULE.home_spread|SCHEDULE.away_spread,NUMERIC_RANGE,,0.55,,0,<55%,106,58,48,54.72,45.24,63.86,51.48,3.24,5,100.0,4,4,100.0,POSITIVE,3.24,totals_actionable_findings.csv
HTE0371,1,1,,EPRED,EPRED_AVAILABLE,EPRED_NORMALIZED_MAX_PROB_SIDE,EPRED_NORMALIZED_MAX_PROB,Over,RatingGapBucket + SpreadBucket,RatingGapBucket=0 to 2.9 | SpreadBucket=Dog +0.5 to +2.5,2,RatingGapBucket,SELECTED_EPRED_RATING_GAP,EPRED_RATING_SELECTED_MINUS_OPPONENT,EPRED,EPRED.home_rating|EPRED.away_rating,NUMERIC_RANGE,0,3,,0,0 to 2.9,SpreadBucket,SELECTED_SPREAD,SPREAD_FOR_FAMILY_SELECTED_SIDE,SCHEDULE,SCHEDULE.home_spread|SCHEDULE.away_spread,NUMERIC_RANGE,1e-06,3,,0,Dog +0.5 to +2.5,53,24,29,45.28,32.66,58.55,48.52,-3.24,5,80.0,3,2,66.67,NEGATIVE,3.24,totals_actionable_findings.csv
HTE0372,1,1,,EPRED,EPRED_AVAILABLE,EPRED_NORMALIZED_MAX_PROB_SIDE,EPRED_NORMALIZED_MAX_PROB,Under,RatingGapBucket + SpreadBucket,RatingGapBucket=0 to 2.9 | SpreadBucket=Dog +0.5 to +2.5,2,RatingGapBucket,SELECTED_EPRED_RATING_GAP,EPRED_RATING_SELECTED_MINUS_OPPONENT,EPRED,EPRED.home_rating|EPRED.away_rating,NUMERIC_RANGE,0,3,,0,0 to 2.9,SpreadBucket,SELECTED_SPREAD,SPREAD_FOR_FAMILY_SELECTED_SIDE,SCHEDULE,SCHEDULE.home_spread|SCHEDULE.away_spread,NUMERIC_RANGE,1e-06,3,,0,Dog +0.5 to +2.5,53,29,24,54.72,41.45,67.34,51.48,3.24,5,80.0,3,2,66.67,POSITIVE,3.24,totals_actionable_findings.csv
HTE0373,1,1,,ALL3_CONSENSUS,DRAT_PICK_EQUALS_EPRED_PICK_EQUALS_MARKET_PICK,DRAT_EPRED_MARKET_SHARED_SIDE,MEAN_DRAT_EPRED_MARKET_SELECTED_PROB,Over,RatingGapBucket,RatingGapBucket=6 to 9.9,1,RatingGapBucket,SELECTED_EPRED_RATING_GAP,EPRED_RATING_SELECTED_MINUS_OPPONENT,EPRED,EPRED.home_rating|EPRED.away_rating,NUMERIC_RANGE,6,10,,0,6 to 9.9,,,,,,,,,,,,281,148,133,52.67,46.83,58.43,49.44,3.23,5,80.0,4,3,75.0,POSITIVE,3.23,totals_actionable_findings.csv
HTE0374,1,1,,ALL3_CONSENSUS,DRAT_PICK_EQUALS_EPRED_PICK_EQUALS_MARKET_PICK,DRAT_EPRED_MARKET_SHARED_SIDE,MEAN_DRAT_EPRED_MARKET_SELECTED_PROB,Over,RatingGapBucket + MarketRole,RatingGapBucket=6 to 9.9 | MarketRole=Market Favorite,2,RatingGapBucket,SELECTED_EPRED_RATING_GAP,EPRED_RATING_SELECTED_MINUS_OPPONENT,EPRED,EPRED.home_rating|EPRED.away_rating,NUMERIC_RANGE,6,10,,0,6 to 9.9,MarketRole,SELECTED_MARKET_ROLE,MARKET_ROLE_FOR_FAMILY_SELECTED_SIDE,DRAT|SCHEDULE,DRAT.moneyline_home|DRAT.moneyline_away|SCHEDULE.home_spread|SCHEDULE.away_spread,TEXT_EQUALS,,,Market Favorite,0,Market Favorite,281,148,133,52.67,46.83,58.43,49.44,3.23,5,80.0,4,3,75.0,POSITIVE,3.23,totals_actionable_findings.csv
HTE0375,1,1,,ALL3_CONSENSUS,DRAT_PICK_EQUALS_EPRED_PICK_EQUALS_MARKET_PICK,DRAT_EPRED_MARKET_SHARED_SIDE,MEAN_DRAT_EPRED_MARKET_SELECTED_PROB,Over,SelectedVsMarket + RatingGapBucket,SelectedVsMarket=Agree | RatingGapBucket=6 to 9.9,2,SelectedVsMarket,FAMILY_VS_MARKET_AGREEMENT,COMPARE_FAMILY_PICK_TO_MARKET_PICK,DRAT|EPRED|SCHEDULE,DRAT.home_prob|DRAT.away_prob|EPRED.home_prob|EPRED.away_prob|DRAT.moneyline_home|DRAT.moneyline_away|SCHEDULE.home_spread|SCHEDULE.away_spread,TEXT_EQUALS,,,Agree,0,Agree,RatingGapBucket,SELECTED_EPRED_RATING_GAP,EPRED_RATING_SELECTED_MINUS_OPPONENT,EPRED,EPRED.home_rating|EPRED.away_rating,NUMERIC_RANGE,6,10,,0,6 to 9.9,281,148,133,52.67,46.83,58.43,49.44,3.23,5,80.0,4,3,75.0,POSITIVE,3.23,totals_actionable_findings.csv
HTE0376,1,1,,ALL3_CONSENSUS,DRAT_PICK_EQUALS_EPRED_PICK_EQUALS_MARKET_PICK,DRAT_EPRED_MARKET_SHARED_SIDE,MEAN_DRAT_EPRED_MARKET_SELECTED_PROB,Under,RatingGapBucket,RatingGapBucket=6 to 9.9,1,RatingGapBucket,SELECTED_EPRED_RATING_GAP,EPRED_RATING_SELECTED_MINUS_OPPONENT,EPRED,EPRED.home_rating|EPRED.away_rating,NUMERIC_RANGE,6,10,,0,6 to 9.9,,,,,,,,,,,,281,133,148,47.33,41.57,53.17,50.56,-3.23,5,80.0,4,3,75.0,NEGATIVE,3.23,totals_actionable_findings.csv
HTE0377,1,1,,ALL3_CONSENSUS,DRAT_PICK_EQUALS_EPRED_PICK_EQUALS_MARKET_PICK,DRAT_EPRED_MARKET_SHARED_SIDE,MEAN_DRAT_EPRED_MARKET_SELECTED_PROB,Under,RatingGapBucket + MarketRole,RatingGapBucket=6 to 9.9 | MarketRole=Market Favorite,2,RatingGapBucket,SELECTED_EPRED_RATING_GAP,EPRED_RATING_SELECTED_MINUS_OPPONENT,EPRED,EPRED.home_rating|EPRED.away_rating,NUMERIC_RANGE,6,10,,0,6 to 9.9,MarketRole,SELECTED_MARKET_ROLE,MARKET_ROLE_FOR_FAMILY_SELECTED_SIDE,DRAT|SCHEDULE,DRAT.moneyline_home|DRAT.moneyline_away|SCHEDULE.home_spread|SCHEDULE.away_spread,TEXT_EQUALS,,,Market Favorite,0,Market Favorite,281,133,148,47.33,41.57,53.17,50.56,-3.23,5,80.0,4,3,75.0,NEGATIVE,3.23,totals_actionable_findings.csv
HTE0378,1,1,,ALL3_CONSENSUS,DRAT_PICK_EQUALS_EPRED_PICK_EQUALS_MARKET_PICK,DRAT_EPRED_MARKET_SHARED_SIDE,MEAN_DRAT_EPRED_MARKET_SELECTED_PROB,Under,SelectedVsMarket + RatingGapBucket,SelectedVsMarket=Agree | RatingGapBucket=6 to 9.9,2,SelectedVsMarket,FAMILY_VS_MARKET_AGREEMENT,COMPARE_FAMILY_PICK_TO_MARKET_PICK,DRAT|EPRED|SCHEDULE,DRAT.home_prob|DRAT.away_prob|EPRED.home_prob|EPRED.away_prob|DRAT.moneyline_home|DRAT.moneyline_away|SCHEDULE.home_spread|SCHEDULE.away_spread,TEXT_EQUALS,,,Agree,0,Agree,RatingGapBucket,SELECTED_EPRED_RATING_GAP,EPRED_RATING_SELECTED_MINUS_OPPONENT,EPRED,EPRED.home_rating|EPRED.away_rating,NUMERIC_RANGE,6,10,,0,6 to 9.9,281,133,148,47.33,41.57,53.17,50.56,-3.23,5,80.0,4,3,75.0,NEGATIVE,3.23,totals_actionable_findings.csv
HTE0379,1,1,,DRAT_EPRED_CONSENSUS,DRAT_PICK_EQUALS_EPRED_PICK,DRAT_EPRED_SHARED_SIDE,MEAN_DRAT_EPRED_SELECTED_PROB,Over,SpreadBucket,SpreadBucket=Fav -10+,1,SpreadBucket,SELECTED_SPREAD,SPREAD_FOR_FAMILY_SELECTED_SIDE,SCHEDULE,SCHEDULE.home_spread|SCHEDULE.away_spread,NUMERIC_RANGE,,-10,,0,Fav -10+,,,,,,,,,,,,129,67,62,51.94,43.39,60.38,48.81,3.13,5,100.0,4,4,100.0,POSITIVE,3.13,totals_actionable_findings.csv
HTE0380,1,1,,DRAT_EPRED_CONSENSUS,DRAT_PICK_EQUALS_EPRED_PICK,DRAT_EPRED_SHARED_SIDE,MEAN_DRAT_EPRED_SELECTED_PROB,Under,SpreadBucket,SpreadBucket=Fav -10+,1,SpreadBucket,SELECTED_SPREAD,SPREAD_FOR_FAMILY_SELECTED_SIDE,SCHEDULE,SCHEDULE.home_spread|SCHEDULE.away_spread,NUMERIC_RANGE,,-10,,0,Fav -10+,,,,,,,,,,,,129,62,67,48.06,39.62,56.61,51.19,-3.13,5,100.0,4,4,100.0,NEGATIVE,3.13,totals_actionable_findings.csv
HTE0381,1,1,,ALL3_CONSENSUS,DRAT_PICK_EQUALS_EPRED_PICK_EQUALS_MARKET_PICK,DRAT_EPRED_MARKET_SHARED_SIDE,MEAN_DRAT_EPRED_MARKET_SELECTED_PROB,Over,MatchupBucket,MatchupBucket=75+,1,MatchupBucket,EPRED_MATCHUP_QUALITY,RAW_EPRED_MATCHUP_QUALITY,EPRED,EPRED.matchupQuality,NUMERIC_RANGE,75,,,0,75+,,,,,,,,,,,,160,84,76,52.5,44.79,60.09,49.44,3.06,5,80.0,4,3,75.0,POSITIVE,3.06,totals_actionable_findings.csv
HTE0382,1,1,,ALL3_CONSENSUS,DRAT_PICK_EQUALS_EPRED_PICK_EQUALS_MARKET_PICK,DRAT_EPRED_MARKET_SHARED_SIDE,MEAN_DRAT_EPRED_MARKET_SELECTED_PROB,Under,MatchupBucket,MatchupBucket=75+,1,MatchupBucket,EPRED_MATCHUP_QUALITY,RAW_EPRED_MATCHUP_QUALITY,EPRED,EPRED.matchupQuality,NUMERIC_RANGE,75,,,0,75+,,,,,,,,,,,,160,76,84,47.5,39.91,55.21,50.56,-3.06,5,80.0,4,3,75.0,NEGATIVE,3.06,totals_actionable_findings.csv
HTE0383,1,1,,ALL3_CONSENSUS,DRAT_PICK_EQUALS_EPRED_PICK_EQUALS_MARKET_PICK,DRAT_EPRED_MARKET_SHARED_SIDE,MEAN_DRAT_EPRED_MARKET_SELECTED_PROB,Over,ModelDiffBucket,ModelDiffBucket=<3 pts,1,ModelDiffBucket,DRAT_EPRED_HOME_PROB_ABS_DIFF_PP,ABS_DRAT_HOME_PROB_MINUS_EPRED_NORMALIZED_HOME_PROB_X100,DRAT|EPRED,DRAT.home_prob|EPRED.home_prob|EPRED.away_prob,NUMERIC_RANGE,,3,,0,<3 pts,,,,,,,,,,,,362,190,172,52.49,47.34,57.58,49.44,3.04,5,100.0,4,4,100.0,POSITIVE,3.04,totals_actionable_findings.csv
HTE0384,1,1,,ALL3_CONSENSUS,DRAT_PICK_EQUALS_EPRED_PICK_EQUALS_MARKET_PICK,DRAT_EPRED_MARKET_SHARED_SIDE,MEAN_DRAT_EPRED_MARKET_SELECTED_PROB,Over,DratEpredAgreement + ModelDiffBucket,DratEpredAgreement=Agree | ModelDiffBucket=<3 pts,2,DratEpredAgreement,DRAT_EPRED_AGREEMENT,COMPARE_DRAT_PICK_TO_EPRED_PICK,DRAT|EPRED,DRAT.home_prob|DRAT.away_prob|EPRED.home_prob|EPRED.away_prob,TEXT_EQUALS,,,Agree,0,Agree,ModelDiffBucket,DRAT_EPRED_HOME_PROB_ABS_DIFF_PP,ABS_DRAT_HOME_PROB_MINUS_EPRED_NORMALIZED_HOME_PROB_X100,DRAT|EPRED,DRAT.home_prob|EPRED.home_prob|EPRED.away_prob,NUMERIC_RANGE,,3,,0,<3 pts,362,190,172,52.49,47.34,57.58,49.44,3.04,5,100.0,4,4,100.0,POSITIVE,3.04,totals_actionable_findings.csv
HTE0385,1,1,,ALL3_CONSENSUS,DRAT_PICK_EQUALS_EPRED_PICK_EQUALS_MARKET_PICK,DRAT_EPRED_MARKET_SHARED_SIDE,MEAN_DRAT_EPRED_MARKET_SELECTED_PROB,Under,ModelDiffBucket,ModelDiffBucket=<3 pts,1,ModelDiffBucket,DRAT_EPRED_HOME_PROB_ABS_DIFF_PP,ABS_DRAT_HOME_PROB_MINUS_EPRED_NORMALIZED_HOME_PROB_X100,DRAT|EPRED,DRAT.home_prob|EPRED.home_prob|EPRED.away_prob,NUMERIC_RANGE,,3,,0,<3 pts,,,,,,,,,,,,362,172,190,47.51,42.42,52.66,50.56,-3.04,5,100.0,4,4,100.0,NEGATIVE,3.04,totals_actionable_findings.csv
HTE0386,1,1,,ALL3_CONSENSUS,DRAT_PICK_EQUALS_EPRED_PICK_EQUALS_MARKET_PICK,DRAT_EPRED_MARKET_SHARED_SIDE,MEAN_DRAT_EPRED_MARKET_SELECTED_PROB,Under,DratEpredAgreement + ModelDiffBucket,DratEpredAgreement=Agree | ModelDiffBucket=<3 pts,2,DratEpredAgreement,DRAT_EPRED_AGREEMENT,COMPARE_DRAT_PICK_TO_EPRED_PICK,DRAT|EPRED,DRAT.home_prob|DRAT.away_prob|EPRED.home_prob|EPRED.away_prob,TEXT_EQUALS,,,Agree,0,Agree,ModelDiffBucket,DRAT_EPRED_HOME_PROB_ABS_DIFF_PP,ABS_DRAT_HOME_PROB_MINUS_EPRED_NORMALIZED_HOME_PROB_X100,DRAT|EPRED,DRAT.home_prob|EPRED.home_prob|EPRED.away_prob,NUMERIC_RANGE,,3,,0,<3 pts,362,172,190,47.51,42.42,52.66,50.56,-3.04,5,100.0,4,4,100.0,NEGATIVE,3.04,totals_actionable_findings.csv
HTE0387,1,1,,DRAT_EPRED_CONSENSUS,DRAT_PICK_EQUALS_EPRED_PICK,DRAT_EPRED_SHARED_SIDE,MEAN_DRAT_EPRED_SELECTED_PROB,Over,ProbBucket + MarketRole,ProbBucket=55-59.9% | MarketRole=Market Favorite,2,ProbBucket,FAMILY_SELECTED_PROB,USE_FAMILY_SELECTED_PROB,FAMILY_DEPENDENT,DRAT.home_prob|DRAT.away_prob|EPRED.home_prob|EPRED.away_prob|DRAT.moneyline_home|DRAT.moneyline_away|SCHEDULE.home_spread|SCHEDULE.away_spread,NUMERIC_RANGE,0.55,0.6,,0,55-59.9%,MarketRole,SELECTED_MARKET_ROLE,MARKET_ROLE_FOR_FAMILY_SELECTED_SIDE,DRAT|SCHEDULE,DRAT.moneyline_home|DRAT.moneyline_away|SCHEDULE.home_spread|SCHEDULE.away_spread,TEXT_EQUALS,,,Market Favorite,0,Market Favorite,201,92,109,45.77,39.03,52.67,48.81,-3.04,5,80.0,4,3,75.0,NEGATIVE,3.04,totals_actionable_findings.csv
HTE0388,1,1,,DRAT_EPRED_CONSENSUS,DRAT_PICK_EQUALS_EPRED_PICK,DRAT_EPRED_SHARED_SIDE,MEAN_DRAT_EPRED_SELECTED_PROB,Over,SelectedVsMarket + ProbBucket,SelectedVsMarket=Agree | ProbBucket=55-59.9%,2,SelectedVsMarket,FAMILY_VS_MARKET_AGREEMENT,COMPARE_FAMILY_PICK_TO_MARKET_PICK,DRAT|EPRED|SCHEDULE,DRAT.home_prob|DRAT.away_prob|EPRED.home_prob|EPRED.away_prob|DRAT.moneyline_home|DRAT.moneyline_away|SCHEDULE.home_spread|SCHEDULE.away_spread,TEXT_EQUALS,,,Agree,0,Agree,ProbBucket,FAMILY_SELECTED_PROB,USE_FAMILY_SELECTED_PROB,FAMILY_DEPENDENT,DRAT.home_prob|DRAT.away_prob|EPRED.home_prob|EPRED.away_prob|DRAT.moneyline_home|DRAT.moneyline_away|SCHEDULE.home_spread|SCHEDULE.away_spread,NUMERIC_RANGE,0.55,0.6,,0,55-59.9%,201,92,109,45.77,39.03,52.67,48.81,-3.04,5,80.0,4,3,75.0,NEGATIVE,3.04,totals_actionable_findings.csv
HTE0389,1,1,,DRAT_EPRED_CONSENSUS,DRAT_PICK_EQUALS_EPRED_PICK,DRAT_EPRED_SHARED_SIDE,MEAN_DRAT_EPRED_SELECTED_PROB,Under,ProbBucket + MarketRole,ProbBucket=55-59.9% | MarketRole=Market Favorite,2,ProbBucket,FAMILY_SELECTED_PROB,USE_FAMILY_SELECTED_PROB,FAMILY_DEPENDENT,DRAT.home_prob|DRAT.away_prob|EPRED.home_prob|EPRED.away_prob|DRAT.moneyline_home|DRAT.moneyline_away|SCHEDULE.home_spread|SCHEDULE.away_spread,NUMERIC_RANGE,0.55,0.6,,0,55-59.9%,MarketRole,SELECTED_MARKET_ROLE,MARKET_ROLE_FOR_FAMILY_SELECTED_SIDE,DRAT|SCHEDULE,DRAT.moneyline_home|DRAT.moneyline_away|SCHEDULE.home_spread|SCHEDULE.away_spread,TEXT_EQUALS,,,Market Favorite,0,Market Favorite,201,109,92,54.23,47.33,60.97,51.19,3.04,5,80.0,4,3,75.0,POSITIVE,3.04,totals_actionable_findings.csv
HTE0390,1,1,,DRAT_EPRED_CONSENSUS,DRAT_PICK_EQUALS_EPRED_PICK,DRAT_EPRED_SHARED_SIDE,MEAN_DRAT_EPRED_SELECTED_PROB,Under,SelectedVsMarket + ProbBucket,SelectedVsMarket=Agree | ProbBucket=55-59.9%,2,SelectedVsMarket,FAMILY_VS_MARKET_AGREEMENT,COMPARE_FAMILY_PICK_TO_MARKET_PICK,DRAT|EPRED|SCHEDULE,DRAT.home_prob|DRAT.away_prob|EPRED.home_prob|EPRED.away_prob|DRAT.moneyline_home|DRAT.moneyline_away|SCHEDULE.home_spread|SCHEDULE.away_spread,TEXT_EQUALS,,,Agree,0,Agree,ProbBucket,FAMILY_SELECTED_PROB,USE_FAMILY_SELECTED_PROB,FAMILY_DEPENDENT,DRAT.home_prob|DRAT.away_prob|EPRED.home_prob|EPRED.away_prob|DRAT.moneyline_home|DRAT.moneyline_away|SCHEDULE.home_spread|SCHEDULE.away_spread,NUMERIC_RANGE,0.55,0.6,,0,55-59.9%,201,109,92,54.23,47.33,60.97,51.19,3.04,5,80.0,4,3,75.0,POSITIVE,3.04,totals_actionable_findings.csv
HTE0391,1,1,,ALL3_CONSENSUS,DRAT_PICK_EQUALS_EPRED_PICK_EQUALS_MARKET_PICK,DRAT_EPRED_MARKET_SHARED_SIDE,MEAN_DRAT_EPRED_MARKET_SELECTED_PROB,Over,ModelDiffBucket,ModelDiffBucket=6-9.9 pts,1,ModelDiffBucket,DRAT_EPRED_HOME_PROB_ABS_DIFF_PP,ABS_DRAT_HOME_PROB_MINUS_EPRED_NORMALIZED_HOME_PROB_X100,DRAT|EPRED,DRAT.home_prob|EPRED.home_prob|EPRED.away_prob,NUMERIC_RANGE,6,10,,0,6-9.9 pts,,,,,,,,,,,,265,123,142,46.42,40.5,52.43,49.44,-3.03,5,80.0,4,3,75.0,NEGATIVE,3.03,totals_actionable_findings.csv
HTE0392,1,1,,ALL3_CONSENSUS,DRAT_PICK_EQUALS_EPRED_PICK_EQUALS_MARKET_PICK,DRAT_EPRED_MARKET_SHARED_SIDE,MEAN_DRAT_EPRED_MARKET_SELECTED_PROB,Over,DratEpredAgreement + ModelDiffBucket,DratEpredAgreement=Agree | ModelDiffBucket=6-9.9 pts,2,DratEpredAgreement,DRAT_EPRED_AGREEMENT,COMPARE_DRAT_PICK_TO_EPRED_PICK,DRAT|EPRED,DRAT.home_prob|DRAT.away_prob|EPRED.home_prob|EPRED.away_prob,TEXT_EQUALS,,,Agree,0,Agree,ModelDiffBucket,DRAT_EPRED_HOME_PROB_ABS_DIFF_PP,ABS_DRAT_HOME_PROB_MINUS_EPRED_NORMALIZED_HOME_PROB_X100,DRAT|EPRED,DRAT.home_prob|EPRED.home_prob|EPRED.away_prob,NUMERIC_RANGE,6,10,,0,6-9.9 pts,265,123,142,46.42,40.5,52.43,49.44,-3.03,5,80.0,4,3,75.0,NEGATIVE,3.03,totals_actionable_findings.csv
HTE0393,1,1,,ALL3_CONSENSUS,DRAT_PICK_EQUALS_EPRED_PICK_EQUALS_MARKET_PICK,DRAT_EPRED_MARKET_SHARED_SIDE,MEAN_DRAT_EPRED_MARKET_SELECTED_PROB,Under,ModelDiffBucket,ModelDiffBucket=6-9.9 pts,1,ModelDiffBucket,DRAT_EPRED_HOME_PROB_ABS_DIFF_PP,ABS_DRAT_HOME_PROB_MINUS_EPRED_NORMALIZED_HOME_PROB_X100,DRAT|EPRED,DRAT.home_prob|EPRED.home_prob|EPRED.away_prob,NUMERIC_RANGE,6,10,,0,6-9.9 pts,,,,,,,,,,,,265,142,123,53.58,47.57,59.5,50.56,3.03,5,80.0,4,3,75.0,POSITIVE,3.03,totals_actionable_findings.csv
HTE0394,1,1,,ALL3_CONSENSUS,DRAT_PICK_EQUALS_EPRED_PICK_EQUALS_MARKET_PICK,DRAT_EPRED_MARKET_SHARED_SIDE,MEAN_DRAT_EPRED_MARKET_SELECTED_PROB,Under,DratEpredAgreement + ModelDiffBucket,DratEpredAgreement=Agree | ModelDiffBucket=6-9.9 pts,2,DratEpredAgreement,DRAT_EPRED_AGREEMENT,COMPARE_DRAT_PICK_TO_EPRED_PICK,DRAT|EPRED,DRAT.home_prob|DRAT.away_prob|EPRED.home_prob|EPRED.away_prob,TEXT_EQUALS,,,Agree,0,Agree,ModelDiffBucket,DRAT_EPRED_HOME_PROB_ABS_DIFF_PP,ABS_DRAT_HOME_PROB_MINUS_EPRED_NORMALIZED_HOME_PROB_X100,DRAT|EPRED,DRAT.home_prob|EPRED.home_prob|EPRED.away_prob,NUMERIC_RANGE,6,10,,0,6-9.9 pts,265,142,123,53.58,47.57,59.5,50.56,3.03,5,80.0,4,3,75.0,POSITIVE,3.03,totals_actionable_findings.csv
HTE0395,1,1,,DRAT,DRAT_AVAILABLE,DRAT_MAX_PROB_SIDE,DRAT_MAX_PROB,Over,ProbBucket,ProbBucket=55-59.9%,1,ProbBucket,FAMILY_SELECTED_PROB,USE_FAMILY_SELECTED_PROB,FAMILY_DEPENDENT,DRAT.home_prob|DRAT.away_prob|EPRED.home_prob|EPRED.away_prob|DRAT.moneyline_home|DRAT.moneyline_away|SCHEDULE.home_spread|SCHEDULE.away_spread,NUMERIC_RANGE,0.55,0.6,,0,55-59.9%,,,,,,,,,,,,211,96,115,45.5,38.92,52.24,48.52,-3.02,5,80.0,4,3,75.0,NEGATIVE,3.02,totals_actionable_findings.csv
HTE0396,1,1,,DRAT,DRAT_AVAILABLE,DRAT_MAX_PROB_SIDE,DRAT_MAX_PROB,Under,ProbBucket,ProbBucket=55-59.9%,1,ProbBucket,FAMILY_SELECTED_PROB,USE_FAMILY_SELECTED_PROB,FAMILY_DEPENDENT,DRAT.home_prob|DRAT.away_prob|EPRED.home_prob|EPRED.away_prob|DRAT.moneyline_home|DRAT.moneyline_away|SCHEDULE.home_spread|SCHEDULE.away_spread,NUMERIC_RANGE,0.55,0.6,,0,55-59.9%,,,,,,,,,,,,211,115,96,54.5,47.76,61.08,51.48,3.02,5,80.0,4,3,75.0,POSITIVE,3.02,totals_actionable_findings.csv
HTE0397,1,1,,DRAT,DRAT_AVAILABLE,DRAT_MAX_PROB_SIDE,DRAT_MAX_PROB,Over,SpreadBucket,SpreadBucket=Fav -10+,1,SpreadBucket,SELECTED_SPREAD,SPREAD_FOR_FAMILY_SELECTED_SIDE,SCHEDULE,SCHEDULE.home_spread|SCHEDULE.away_spread,NUMERIC_RANGE,,-10,,0,Fav -10+,,,,,,,,,,,,130,67,63,51.54,43.03,59.96,48.52,3.02,5,100.0,4,4,100.0,POSITIVE,3.02,totals_actionable_findings.csv
HTE0398,1,1,,DRAT,DRAT_AVAILABLE,DRAT_MAX_PROB_SIDE,DRAT_MAX_PROB,Under,SpreadBucket,SpreadBucket=Fav -10+,1,SpreadBucket,SELECTED_SPREAD,SPREAD_FOR_FAMILY_SELECTED_SIDE,SCHEDULE,SCHEDULE.home_spread|SCHEDULE.away_spread,NUMERIC_RANGE,,-10,,0,Fav -10+,,,,,,,,,,,,130,63,67,48.46,40.04,56.97,51.48,-3.02,5,100.0,4,4,100.0,NEGATIVE,3.02,totals_actionable_findings.csv
HTE0399,1,1,,MARKET,MARKET_AVAILABLE,MARKET_NOVIG_SIDE_ELSE_SPREAD_SIDE,MARKET_NOVIG_SELECTED_PROB,Over,SpreadBucket,SpreadBucket=Fav -10+,1,SpreadBucket,SELECTED_SPREAD,SPREAD_FOR_FAMILY_SELECTED_SIDE,SCHEDULE,SCHEDULE.home_spread|SCHEDULE.away_spread,NUMERIC_RANGE,,-10,,0,Fav -10+,,,,,,,,,,,,130,67,63,51.54,43.03,59.96,48.52,3.02,5,100.0,4,4,100.0,POSITIVE,3.02,totals_actionable_findings.csv
HTE0400,1,1,,MARKET,MARKET_AVAILABLE,MARKET_NOVIG_SIDE_ELSE_SPREAD_SIDE,MARKET_NOVIG_SELECTED_PROB,Under,SpreadBucket,SpreadBucket=Fav -10+,1,SpreadBucket,SELECTED_SPREAD,SPREAD_FOR_FAMILY_SELECTED_SIDE,SCHEDULE,SCHEDULE.home_spread|SCHEDULE.away_spread,NUMERIC_RANGE,,-10,,0,Fav -10+,,,,,,,,,,,,130,63,67,48.46,40.04,56.97,51.48,-3.02,5,100.0,4,4,100.0,NEGATIVE,3.02,totals_actionable_findings.csv
HTE0401,1,1,,ALL3_CONSENSUS,DRAT_PICK_EQUALS_EPRED_PICK_EQUALS_MARKET_PICK,DRAT_EPRED_MARKET_SHARED_SIDE,MEAN_DRAT_EPRED_MARKET_SELECTED_PROB,Over,ProbBucket,ProbBucket=75-79.9%,1,ProbBucket,FAMILY_SELECTED_PROB,USE_FAMILY_SELECTED_PROB,FAMILY_DEPENDENT,DRAT.home_prob|DRAT.away_prob|EPRED.home_prob|EPRED.away_prob|DRAT.moneyline_home|DRAT.moneyline_away|SCHEDULE.home_spread|SCHEDULE.away_spread,NUMERIC_RANGE,0.75,0.8,,0,75-79.9%,,,,,,,,,,,,122,64,58,52.46,43.66,61.11,49.44,3.02,5,80.0,4,3,75.0,POSITIVE,3.02,totals_actionable_findings.csv
HTE0402,1,1,,ALL3_CONSENSUS,DRAT_PICK_EQUALS_EPRED_PICK_EQUALS_MARKET_PICK,DRAT_EPRED_MARKET_SHARED_SIDE,MEAN_DRAT_EPRED_MARKET_SELECTED_PROB,Over,ProbBucket + MarketRole,ProbBucket=75-79.9% | MarketRole=Market Favorite,2,ProbBucket,FAMILY_SELECTED_PROB,USE_FAMILY_SELECTED_PROB,FAMILY_DEPENDENT,DRAT.home_prob|DRAT.away_prob|EPRED.home_prob|EPRED.away_prob|DRAT.moneyline_home|DRAT.moneyline_away|SCHEDULE.home_spread|SCHEDULE.away_spread,NUMERIC_RANGE,0.75,0.8,,0,75-79.9%,MarketRole,SELECTED_MARKET_ROLE,MARKET_ROLE_FOR_FAMILY_SELECTED_SIDE,DRAT|SCHEDULE,DRAT.moneyline_home|DRAT.moneyline_away|SCHEDULE.home_spread|SCHEDULE.away_spread,TEXT_EQUALS,,,Market Favorite,0,Market Favorite,122,64,58,52.46,43.66,61.11,49.44,3.02,5,80.0,4,3,75.0,POSITIVE,3.02,totals_actionable_findings.csv
HTE0403,1,1,,ALL3_CONSENSUS,DRAT_PICK_EQUALS_EPRED_PICK_EQUALS_MARKET_PICK,DRAT_EPRED_MARKET_SHARED_SIDE,MEAN_DRAT_EPRED_MARKET_SELECTED_PROB,Over,SelectedVsMarket + ProbBucket,SelectedVsMarket=Agree | ProbBucket=75-79.9%,2,SelectedVsMarket,FAMILY_VS_MARKET_AGREEMENT,COMPARE_FAMILY_PICK_TO_MARKET_PICK,DRAT|EPRED|SCHEDULE,DRAT.home_prob|DRAT.away_prob|EPRED.home_prob|EPRED.away_prob|DRAT.moneyline_home|DRAT.moneyline_away|SCHEDULE.home_spread|SCHEDULE.away_spread,TEXT_EQUALS,,,Agree,0,Agree,ProbBucket,FAMILY_SELECTED_PROB,USE_FAMILY_SELECTED_PROB,FAMILY_DEPENDENT,DRAT.home_prob|DRAT.away_prob|EPRED.home_prob|EPRED.away_prob|DRAT.moneyline_home|DRAT.moneyline_away|SCHEDULE.home_spread|SCHEDULE.away_spread,NUMERIC_RANGE,0.75,0.8,,0,75-79.9%,122,64,58,52.46,43.66,61.11,49.44,3.02,5,80.0,4,3,75.0,POSITIVE,3.02,totals_actionable_findings.csv
HTE0404,1,1,,ALL3_CONSENSUS,DRAT_PICK_EQUALS_EPRED_PICK_EQUALS_MARKET_PICK,DRAT_EPRED_MARKET_SHARED_SIDE,MEAN_DRAT_EPRED_MARKET_SELECTED_PROB,Under,ProbBucket,ProbBucket=75-79.9%,1,ProbBucket,FAMILY_SELECTED_PROB,USE_FAMILY_SELECTED_PROB,FAMILY_DEPENDENT,DRAT.home_prob|DRAT.away_prob|EPRED.home_prob|EPRED.away_prob|DRAT.moneyline_home|DRAT.moneyline_away|SCHEDULE.home_spread|SCHEDULE.away_spread,NUMERIC_RANGE,0.75,0.8,,0,75-79.9%,,,,,,,,,,,,122,58,64,47.54,38.89,56.34,50.56,-3.02,5,80.0,4,3,75.0,NEGATIVE,3.02,totals_actionable_findings.csv
HTE0405,1,1,,ALL3_CONSENSUS,DRAT_PICK_EQUALS_EPRED_PICK_EQUALS_MARKET_PICK,DRAT_EPRED_MARKET_SHARED_SIDE,MEAN_DRAT_EPRED_MARKET_SELECTED_PROB,Under,ProbBucket + MarketRole,ProbBucket=75-79.9% | MarketRole=Market Favorite,2,ProbBucket,FAMILY_SELECTED_PROB,USE_FAMILY_SELECTED_PROB,FAMILY_DEPENDENT,DRAT.home_prob|DRAT.away_prob|EPRED.home_prob|EPRED.away_prob|DRAT.moneyline_home|DRAT.moneyline_away|SCHEDULE.home_spread|SCHEDULE.away_spread,NUMERIC_RANGE,0.75,0.8,,0,75-79.9%,MarketRole,SELECTED_MARKET_ROLE,MARKET_ROLE_FOR_FAMILY_SELECTED_SIDE,DRAT|SCHEDULE,DRAT.moneyline_home|DRAT.moneyline_away|SCHEDULE.home_spread|SCHEDULE.away_spread,TEXT_EQUALS,,,Market Favorite,0,Market Favorite,122,58,64,47.54,38.89,56.34,50.56,-3.02,5,80.0,4,3,75.0,NEGATIVE,3.02,totals_actionable_findings.csv
HTE0406,1,1,,ALL3_CONSENSUS,DRAT_PICK_EQUALS_EPRED_PICK_EQUALS_MARKET_PICK,DRAT_EPRED_MARKET_SHARED_SIDE,MEAN_DRAT_EPRED_MARKET_SELECTED_PROB,Under,SelectedVsMarket + ProbBucket,SelectedVsMarket=Agree | ProbBucket=75-79.9%,2,SelectedVsMarket,FAMILY_VS_MARKET_AGREEMENT,COMPARE_FAMILY_PICK_TO_MARKET_PICK,DRAT|EPRED|SCHEDULE,DRAT.home_prob|DRAT.away_prob|EPRED.home_prob|EPRED.away_prob|DRAT.moneyline_home|DRAT.moneyline_away|SCHEDULE.home_spread|SCHEDULE.away_spread,TEXT_EQUALS,,,Agree,0,Agree,ProbBucket,FAMILY_SELECTED_PROB,USE_FAMILY_SELECTED_PROB,FAMILY_DEPENDENT,DRAT.home_prob|DRAT.away_prob|EPRED.home_prob|EPRED.away_prob|DRAT.moneyline_home|DRAT.moneyline_away|SCHEDULE.home_spread|SCHEDULE.away_spread,NUMERIC_RANGE,0.75,0.8,,0,75-79.9%,122,58,64,47.54,38.89,56.34,50.56,-3.02,5,80.0,4,3,75.0,NEGATIVE,3.02,totals_actionable_findings.csv
